tree
version=v4
num_class=1
num_tree_per_iteration=1
label_index=0
max_feature_idx=18
objective=binary sigmoid:1
feature_names=rain_last rain_previous rain_two_before rain_six_before rain_thirteen_before mean3 mean7 mean14 latitude longitude season_sin season_cos neighbor_last neighbor_mean3 neighbor_mean7 neighbor_event_fraction trend1 trend3_7 max3
feature_infos=[0:363.2586669921875] [0:363.2586669921875] [0:363.2586669921875] [0:348.82827758789062] [0:348.82827758789062] [0:287.05026245117188] [0:194.56399536132812] [0:137.42317199707031] [15.75:21.75] [72.75:80.75] [-0.99999940395355225:0.50279074907302856] [-0.99997919797897339:0.50928199291229248] [0:227.39340209960938] [0:162.36042785644531] [0:108.07750701904297] [0:1] [-360.31976318359375:347.25961303710938] [-94.853195190429688:129.329345703125] [0:363.2586669921875]
tree_sizes=3426 3515 3525 3517 3524 3539 3538 3526 3536 3543 3531 3543 3541 3549 3535 3545 3531 3550 3562 3557 3546 3542 3541 3544 3554 3556 3558 3542 3563 3553 3530 3568 3565 3556 3566 3564 3556 3572 3557 3574 3549 3564 3546 3558 3535 3568 3562 3549 3568 3552 3535 3562 3584 3572 3578 3586 3562 3578 3553 3558 3563 3566 3576 3578 3565 3578 3566 3536 3567 3587 3546 3569 3572 3554 3580 3578 3565 3589 3572 3564 3565 3570 3545 3553 3565 3541 3554 3552 3591 3570 3579 3557 3549 3553 3559 3544 3556 3524 3542 3557 3551 3535 3574 3558 3532 3542 3526 3541 3569 3553 3561 3527 3557 3563 3546 3552 3530 3536 3527 3525 3545 3537 3536 3546 3548 3572 3529 3532 3559 3530 3555 3492 3508 3535 3524 3551 3561 3548 3523 3529 3544 3516 3526 3563 3535 3536 3506 3525 3512 3503 3530 3512 3542 3527 3504 3509 3513 3531 3520 3516 3505 3542 3519 3548 3510 3498 3511 3524 3566 3495 3532 3537 3511 3518 3491 3512 3517 3516 3531 3517 3522 3521 3498 3526 3530 3509 3509 3482 3502 3523 3519 3511 3515 3510 3511 3495 3525 3509 3513 3503 3499 3547 3510 3522 3550 3513 3521 3509 3503 3519 3523 3483 3504 3520 3506 3507 3527 3499 3557 3523

Tree=0
num_leaves=31
num_cat=0
split_feature=6 9 13 10 9 10 9 11 11 11 5 18 11 11 8 7 10 9 5 9 10 10 9 12 9 10 10 9 10 11
split_gain=29210.6 11932.3 6673.6 4301.85 3654.68 2155.76 1786.43 1428.9 1319.63 1071.23 795.217 670.58 644.219 637.665 763.328 524.65 462.282 395.786 383.453 351.159 377.223 337.352 335.38 321.151 308.732 308.117 503.06 311.141 358.269 262.485
threshold=17.812252044677738 74.125000000000014 2.7692365646362309 -0.55028682947158802 73.625000000000014 -0.56456753611564625 77.875000000000014 -0.37645272910594935 0.078402601182460799 -0.31186713278293604 9.3796730041503924 49.731218338012702 -0.14463099837303159 -0.19547851383686063 16.625000000000004 4.4663636684417733 1.0000000180025095e-35 73.625000000000014 10.933651447296144 78.625000000000014 0.30675521492958074 -0.98930078744888295 76.875000000000014 1.9274193048477175 73.875000000000014 1.0000000180025095e-35 -0.59262362122535694 78.125000000000014 -0.56456753611564625 -0.99818569421768177
decision_type=2 2 2 2 2 2 2 2 2 2 2 2 2 2 2 2 2 2 2 2 2 2 2 2 2 2 2 2 2 2
left_child=2 3 8 9 5 12 13 23 17 11 -5 -2 -4 14 18 -7 -12 -1 -6 -19 21 -21 24 -8 -16 26 -3 -28 -29 -17
right_child=1 25 4 10 6 15 7 -9 -10 -11 16 -13 -14 -15 22 29 -18 19 -20 20 -22 -23 -24 -25 -26 -27 27 28 -30 -31
leaf_value=-2.1205655004482007 -2.0549540317562336 -2.1176122160857518 -2.0762452062569943 -2.0582182873811519 -2.1113450178239739 -2.0684818546553938 -2.1204954871709027 -2.1493958798511175 -2.1725715360193627 -2.110281424720152 -1.911036160292539 -1.9785392303121963 -2.1387558759837844 -2.1568697858461046 -2.1146960769382424 -2.0753593308340736 -1.9774888871345659 -2.1550451891377587 -2.0383001785530031 -2.1607608277430317 -2.1665867983614162 -2.1217633192466372 -2.1236384187763844 -2.0932106848048697 -2.143824818544688 -2.1467210164611052 -2.1090069065645651 -1.9466793788307204 -2.0716229033600566 -1.9643798598305016
leaf_weight=626.19232787191868 440.69243821501732 1189.4150658398867 627.80207678675652 93.933583736419678 403.10006649792194 170.15992940962315 911.40195913612843 1193.6761659085751 6535.2965209037066 279.62285561859608 992.931007117033 369.29533928632736 447.03674276173115 2582.3213327378035 627.2339301109314 53.216405302286148 346.75885447859764 15403.687366083264 156.14564473927021 450.35093170404434 601.477947473526 1540.5297114998102 2207.91267336905 3000.098521694541 6834.0469812750816 242.31455723941326 379.23790611326694 32.573742747306824 617.00728994607925 322.99138520658016
leaf_count=6613 4654 12561 6630 992 4257 1797 9625 12606 69017 2953 10486 3900 4721 27271 6624 562 3662 162673 1649 4756 6352 16269 23317 31683 72172 2559 4005 344 6516 3411
internal_value=-2.13324 -2.04149 -2.14349 -1.98054 -2.12595 -2.06863 -2.13117 -2.11119 -2.15711 -2.04174 -1.93498 -2.01865 -2.10206 -2.13915 -2.13466 -2.00463 -1.92696 -2.15167 -2.08964 -2.15275 -2.13911 -2.13068 -2.1373 -2.09952 -2.14135 -2.10436 -2.09969 -2.07932 -2.06262 -1.97817
internal_weight=49678.5 4983.78 44694.7 2523.23 19537.1 1621.21 17915.9 5105.18 25157.5 1089.61 1433.62 809.988 1074.84 12810.8 10228.4 546.368 1339.69 18622.2 559.246 17996 2592.36 1990.88 9669.19 3911.5 7461.28 2460.55 2218.23 1028.82 649.581 376.208
internal_count=524637 52632 472005 26647 206325 17121 189204 53914 265680 11507 15140 8554 11351 135290 108019 5770 14148 196663 5906 190050 27377 21025 102113 41308 78796 25985 23426 10865 6860 3973
is_linear=0
shrinkage=1


Tree=1
num_leaves=31
num_cat=0
split_feature=6 9 13 10 9 9 11 11 11 11 8 11 8 5 9 11 18 7 11 9 10 13 12 12 11 10 10 4 2 8
split_gain=25321.6 9909.94 5657.56 3096.54 2663.67 1537.67 1494.72 1249.39 1247.07 895.242 859.558 539.619 587.695 498.211 434.086 548.357 409.865 359.83 351.5 336.726 330.478 304.205 270.924 264.964 257.079 425.812 255.103 250.764 247.842 233.427
threshold=16.100142478942875 73.875000000000014 2.6639473438262944 -0.55028682947158802 73.625000000000014 77.625000000000014 -0.48501108586788172 0.078402601182460799 -0.37645272910594935 -0.31186713278293604 16.625000000000004 -0.16162966936826703 16.625000000000004 8.9595470428466815 78.125000000000014 -0.36046156287193293 49.731218338012702 3.0930610895156865 -0.91939276456832875 73.875000000000014 1.0000000180025095e-35 8.2957720756530779 0.020312227308750156 1.7968481779098513 -0.91249075531959523 -0.083760455250740037 -0.36747109889984125 21.046273231506351 0.10777135193347932 19.125000000000004
decision_type=2 2 2 2 2 2 2 2 2 2 2 2 2 2 2 2 2 2 2 2 2 2 2 2 2 2 2 2 2 2
left_child=2 3 7 9 6 11 18 17 23 16 -3 12 19 -5 -12 20 -2 22 28 -6 26 29 -1 -7 25 27 -16 -25 -4 -14
right_child=1 10 4 13 5 8 -8 -9 -10 -11 14 -13 21 -15 15 -17 -18 -19 -20 -21 -22 -23 -24 24 -26 -27 -28 -29 -30 -31
leaf_value=-0.029296972603252244 0.07428354565396865 0.10033943633636527 0.036142149564725161 0.068046805650108844 0.099481079629914593 0.010327463629957916 0.0091781036405742759 -0.03900647958284293 -0.01600953895287795 0.022208080919083818 0.0071601378550670922 -0.025091330958040114 -0.01973894922267155 0.17296823721058663 0.040192007420342499 -0.014577935235843343 0.13216122111008191 -0.010858943621119799 0.060274940203049104 0.020766983280581831 -0.011753124597940975 0.0032374513876537283 -0.016840735212961897 0.05701078918203268 0.022428760768748907 0.026537581835561763 0.078991538852046225 0.12763029421039543 0.12471580043050841 -0.0033044066411996665
leaf_weight=5234.6542733088136 490.29475101083517 243.85375680029392 69.29415949434042 94.365442268550396 99.990128986537457 985.73719309270382 666.52940828353167 6284.1451596021652 1296.8612433299422 312.88770295679569 1424.546634145081 2179.1834395825863 2750.7393150776625 1512.2560608461499 917.6335908100009 273.60846084356308 402.95542304962873 6647.218427374959 447.22459387034178 457.84093586355448 137.09244457632303 3757.8316334038973 6121.2095173299313 659.21086320281029 1609.3105742484331 933.99808242917061 410.70393948256969 93.212464332580566 397.35286063700914 2780.1173344627023
leaf_count=56175 4883 2371 679 938 1016 10312 6955 68464 13869 3251 14860 23451 29209 13691 9392 2866 3781 71090 4477 4701 1456 39824 65647 6766 16517 9588 4149 956 3804 29499
internal_value=-2.59973e-05 0.0753925 -0.0108322 0.130835 0.00540298 0.000923666 0.0549784 -0.0236533 0.0182625 0.0813321 0.0293774 -0.00712776 -0.00313072 0.167265 0.0236086 0.0369645 0.101567 -0.0182754 0.0879217 0.0363798 0.0466215 -0.00554009 -0.0226033 0.0286567 0.034091 0.0450222 0.0526889 0.0673186 0.112597 -0.0114989
internal_weight=49691.9 6220.2 43471.7 2812.76 19184.4 17604 1580.4 24287.2 5578.33 1206.14 3407.44 12025.7 9846.52 1606.62 3163.59 1739.04 893.25 18003.1 913.872 557.831 1465.43 9288.69 11355.9 4281.47 3295.73 1686.42 1328.34 752.423 466.647 5530.86
internal_count=524637 61638 462999 26544 201623 185708 15915 261376 58008 11915 35094 127700 104249 14629 32723 17863 8664 192912 8960 5717 14997 98532 121822 44139 33827 17310 13541 7722 4483 58708
is_linear=0
shrinkage=0.04


Tree=2
num_leaves=31
num_cat=0
split_feature=6 9 13 10 9 9 11 11 11 11 0 8 18 11 7 11 9 11 9 8 13 12 10 11 12 10 10 10 10 7
split_gain=22212.7 7874.17 5227.87 2297.09 2260.08 1434.74 1292.19 1253.75 1165.51 703.135 497.081 462.897 413.937 379.682 322.09 315.876 448.034 311.257 303.708 294.574 292.666 291.539 286.305 255.121 242.328 216.461 205.007 371.38 254.023 202.096
threshold=15.78536891937256 74.125000000000014 2.4091372489929204 -0.55028682947158802 73.625000000000014 77.125000000000014 -0.37645272910594935 -0.48501108586788172 0.078402601182460799 -0.31186713278293604 10.152050018310549 16.625000000000004 49.731218338012702 -0.91249075531959523 3.0930610895156865 -0.36046156287193293 78.125000000000014 -0.12758953124284741 78.875000000000014 16.125000000000004 8.2957720756530779 9.6962618827819842 1.0000000180025095e-35 -0.91939276456832875 0.020312227308750156 -0.99940761923789967 -0.59262362122535694 -0.56456753611564625 -0.81984052062034596 4.5802865028381357
decision_type=2 2 2 2 2 2 2 2 2 2 2 2 2 2 2 2 2 2 2 2 2 2 2 2 2 2 2 2 2 2
left_child=2 3 8 9 7 11 18 23 14 12 -5 13 -2 -6 24 16 19 20 -7 -3 -13 -20 26 29 -1 -16 28 -28 -18 -4
right_child=1 15 4 10 5 6 -8 -9 -10 -11 -12 17 -14 -15 25 -17 22 -19 21 -21 -22 -23 -24 -25 -26 -27 27 -29 -30 -31
leaf_value=-0.028820824489534658 0.062217515496797202 0.087116406190340306 0.05662114835109712 0.090265404977714195 0.061264212000936194 0.014433192320530839 -0.016731437094562075 0.0075681014424392084 -0.038785800648999218 0.020286761461914701 0.14719986139778013 -0.01366306431012752 0.11470423486122494 0.001408818489093238 -0.036008361285054621 -0.0020654277523793419 0.063586460670315537 -0.026708587890570859 0.02275458711472254 0.0049170510695653495 0.001444286970580351 0.050359376748678901 -0.010720064456350906 0.054571960754163838 -0.016766763281924814 -0.0087308033375702431 0.16454385164155011 0.053285134763680811 0.0081386506730270133 0.11633995788420927
leaf_weight=5076.8883026018739 596.23521360009909 64.687159560620785 166.65177335590124 361.43311727792025 244.29640058428049 2833.2514269575477 1645.6907725036144 693.77347209304571 6002.8610651940107 351.90965382009745 1644.7601338848472 5339.3668118715286 467.45172352343798 510.35151132196188 498.65284227579832 627.30011810362339 202.60326881706715 1668.9106857031584 1640.4816640540957 1082.9408771619201 3325.3529795482755 1000.293737500906 139.86843119561672 466.35971797257662 5758.0330284833908 5705.2505056485534 44.274059273302555 822.87176291644573 358.86877413094044 337.64986571669579
leaf_count=55766 5623 622 1552 3086 2436 29122 17823 7203 67470 3593 13238 57372 3987 5283 5399 6606 2045 18332 16651 11273 35241 9964 1497 4467 62585 61529 399 7935 3620 2918
internal_value=-4.60188e-05 0.0672633 -0.0106702 0.109836 0.00436256 0.000272718 0.0142739 0.0488343 -0.0236316 0.0700241 0.137441 -0.00872212 0.086137 0.0213332 -0.0182731 0.023495 0.0293843 -0.0109355 0.0236087 0.0102628 -0.00787017 0.0333615 0.0432214 0.0779512 -0.0224363 -0.0109777 0.0485403 0.0607768 0.0289092 0.0980899
internal_weight=49679.3 6765.2 42914.1 3421.79 19872.4 18208 7119.72 1664.43 23041.7 1415.6 2006.19 11088.3 1063.69 754.648 17038.8 3343.41 2716.11 10333.6 5474.03 1147.63 8664.72 2640.78 1568.49 970.661 10834.9 6203.9 1428.62 867.146 561.472 504.302
internal_count=524637 63524 461113 29527 208364 192224 73560 16140 252749 13203 16324 118664 9610 7719 185279 33997 27391 110945 55737 11895 92613 26615 15496 8937 118351 66928 13999 8334 5665 4470
is_linear=0
shrinkage=0.04


Tree=3
num_leaves=31
num_cat=0
split_feature=6 9 13 10 9 9 11 11 11 11 8 9 11 9 6 9 9 10 10 11 11 13 0 10 10 9 8 10 5 10
split_gain=19677.7 6993.05 4610.99 1778.29 1699.69 1276.5 1134.43 1117.49 958.642 667.379 643.082 441.842 517.87 379.136 328.714 319.363 293.689 331.183 305.378 287.341 275.795 278.392 269.498 255.668 253.585 238.73 215.544 207.496 199.862 198.362
threshold=14.650836467742922 73.875000000000014 2.4091372489929204 -0.55028682947158802 73.625000000000014 77.125000000000014 0.078402601182460799 -0.37645272910594935 -0.16162966936826703 -0.31186713278293604 16.625000000000004 78.125000000000014 -0.36046156287193293 73.875000000000014 44.700838088989265 73.625000000000014 78.875000000000014 0.30675521492958074 -0.98930078744888295 -0.91939276456832875 -0.12758953124284741 8.2957720756530779 29.591605186462406 1.0000000180025095e-35 -0.56456753611564625 79.125000000000014 17.125000000000004 -0.36747109889984125 8.9595470428466815 0.088045001029968276
decision_type=2 2 2 2 2 2 2 2 2 2 2 2 2 2 2 2 2 2 2 2 2 2 2 2 2 2 2 2 2 2
left_child=2 3 6 9 8 13 15 25 19 22 -3 -12 23 24 28 -1 -17 18 -18 -4 21 -15 -2 27 -6 -7 -26 -13 -5 -27
right_child=1 10 4 14 5 7 -8 -9 -10 -11 11 12 -14 20 -16 16 17 -19 -20 -21 -22 -23 -24 -25 26 29 -28 -29 -30 -31
leaf_value=0.011559996094367626 0.063299750838414243 0.078312907959232167 0.084664640995740947 0.052192845808964161 -0.0021114080283388859 0.014661280128350714 -0.038449882594129382 -0.016304430778826654 -0.0064721721457352147 0.01835657134332187 0.0047628222976180976 0.034105155847088217 -0.015363417661355898 -0.013842057981387539 0.1463343417710618 -0.021028357625506824 -0.027273716251969997 -0.032836051689829227 0.013771360688691647 0.043201613524278593 -0.026381139243679467 0.0013125784696976612 0.10650973791367002 -0.0082640914910103117 0.092112068921370902 0.037895514179037498 0.022147789930388392 0.065194823152492878 0.11414937944155407 0.0082334531441789777
leaf_weight=561.80633660405874 674.56595076620579 308.66483321040869 503.1038726568222 116.00282104313374 525.55176495760679 3113.5779520720243 5812.160132355988 1579.7044147104025 455.81747841835022 373.28177281469107 1847.1699116230011 1108.5993683114648 314.92096275091171 5155.4498802050948 765.98989315330982 14082.725168198347 370.04845722019672 504.17624996602535 1216.1494854912162 654.04239650070667 1577.5291436165571 3102.9382886067033 423.93908431380987 158.271558560431 88.199443958699703 1777.9914298802614 285.99676816910505 529.20544143021107 1196.3468124121428 460.06597781181335
leaf_count=6050 5902 2627 4171 1019 5607 31540 67401 17338 4776 3772 19164 10672 3357 55893 5523 155775 4115 5693 13013 6181 17674 32703 3448 1692 862 17429 3005 4874 8801 4560
internal_value=-6.09182e-05 0.0581507 -0.0109513 0.0995531 0.00341074 -0.0001879 -0.0232283 0.0131824 0.0425854 0.065183 0.0235506 0.0190935 0.0315516 -0.00882449 0.123464 -0.0179219 -0.0189525 -0.00493393 0.00408497 0.0617998 -0.0111006 -0.00815328 0.0807859 0.0398171 0.0159058 0.0219006 0.0406069 0.0444855 0.109109 0.0318618
internal_weight=49644 7816.96 41827 3550.13 19280 17667 22547.1 6931.34 1612.96 1471.79 4266.83 3958.17 2111 10735.7 2078.34 16734.9 16173.1 2090.37 1586.2 1157.15 9835.92 8258.39 1098.51 1796.08 899.748 5351.64 374.196 1637.8 1312.35 2238.06
internal_count=524637 70851 453786 28465 201739 186611 252047 70867 15128 13122 42386 39759 20595 115744 15343 184646 178596 22821 17128 10352 106270 88596 9350 17238 9474 53529 3867 15546 9820 21989
is_linear=0
shrinkage=0.04


Tree=4
num_leaves=31
num_cat=0
split_feature=6 9 13 10 11 9 9 11 11 11 8 9 8 0 11 18 10 9 13 9 10 10 11 10 10 13 10 8 10 10
split_gain=17770.4 7608.73 3204.55 1943.34 1189.6 1182.77 1169.35 1005.38 690.606 619.656 636.563 802.797 303.662 296.459 281.145 262.896 253.345 241.17 223.337 220.128 287.446 266.7 191.809 187.854 369.809 212.917 251.985 175.763 173.26 161.797
threshold=11.052155494689943 73.875000000000014 2.1207989454269414 -0.55028682947158802 -0.14463099837303159 73.625000000000014 76.875000000000014 0.078402601182460799 -0.31186713278293604 -0.36046156287193293 16.125000000000004 78.375000000000014 16.125000000000004 6.110098361968995 -0.90892156958580006 49.731218338012702 -0.35141934454441065 73.625000000000014 8.2957720756530779 78.625000000000014 0.30675521492958074 -0.99166062474250782 0.14675828069448474 -0.01505099539645016 -0.36747109889984125 6.520644187927247 -0.91246706247329701 18.625000000000004 -0.94423642754554737 0.12225609645247461
decision_type=2 2 2 2 2 2 2 2 2 2 2 2 2 2 2 2 2 2 2 2 2 2 2 2 2 2 2 2 2 2
left_child=2 3 7 8 5 -4 12 17 15 10 -3 -12 -7 -5 16 -2 -8 -1 -14 -19 21 -21 -10 24 25 -13 -27 29 -23 -15
right_child=1 9 4 13 -6 6 14 -9 22 -11 11 23 18 27 -16 -17 -18 19 -20 20 -22 28 -24 -25 -26 26 -28 -29 -30 -31
leaf_value=0.0082311205377679723 0.054328831918097446 0.086727933541955848 0.048213640410363801 0.068167390759982488 -0.023473543043706059 0.039252367652663711 0.062252625360990105 -0.038338266703674628 0.02828910715612238 -0.0059934679940297324 0.0065676209096545016 -0.001504282549956342 -0.014923129414723721 0.13015083347448958 0.0063560089244959726 0.092154586635899247 0.020049413448217264 -0.021311379782293839 -8.9113779341866919e-05 -0.028345322858969641 -0.032663626136919206 0.045483129588568282 -0.027432193835186955 0.004415200673855083 0.065288815227828451 0.11220950454493429 0.032206722081707849 0.093727934278072703 0.0037552514412321205 0.087735382882105736
leaf_weight=520.90210212767124 839.45549867302179 236.76583144068718 909.9218640178442 313.73644142597914 2959.2284438088536 194.27988826483488 243.55928704887629 5496.2898252010345 424.21968733519316 1394.8720674663782 2889.3362938165665 281.47760938853025 5108.589185513556 1195.103312663734 3044.7127583250403 522.76701179891825 2559.6231524422765 12740.28921931237 2378.6916978955269 365.77408069372177 526.71826492249966 178.1836816817522 119.29857484251261 244.70893304795027 706.10699525475502 59.125107511878014 1116.6493464782834 701.33002178370953 1049.1881996095181 270.27190002053976
leaf_count=5563 7348 1938 7891 2447 33289 1917 2395 65761 4262 15101 29703 2722 56056 8080 31123 3864 25537 143434 25015 4158 6103 1902 1248 2519 6326 567 10509 4795 11147 1917
internal_value=-7.34986e-05 0.0439429 -0.0130938 0.0851098 -0.000413896 0.00432496 0.0013398 -0.0236557 0.0542785 0.0177986 0.0237953 0.0208245 -0.00891624 0.108485 0.0148039 0.0694106 0.0239246 -0.0183874 -0.0102168 -0.0193254 -0.00734596 0.00117598 0.015784 0.0378327 0.041575 0.0297179 0.0371421 0.113983 0.0101317 0.122975
internal_weight=49591.2 11315.2 38276 4386.18 17398.6 14439.4 13529.5 20877.3 1905.74 6929.04 5534.17 5297.4 7681.56 2480.44 5847.9 1362.22 2803.18 15381.1 7487.28 14860.2 2119.86 1593.15 543.518 2408.07 2163.36 1457.25 1175.77 2166.71 1227.37 1465.38
internal_count=524637 103346 421291 33961 183223 149934 142043 238068 16722 69385 54284 52346 82988 17239 59055 11212 27932 172307 81071 166744 23310 17207 5510 22643 20124 13798 11076 14792 13049 9997
is_linear=0
shrinkage=0.04


Tree=5
num_leaves=31
num_cat=0
split_feature=6 9 12 11 11 11 9 9 5 11 8 9 11 7 8 11 10 11 10 9 11 14 10 10 13 10 5 10 9 9
split_gain=16057.6 6638.17 2856.13 1655.32 1004.8 895.024 1033.74 1205.09 633.997 631.242 552.769 785.613 348.426 342.336 300.832 291.498 275.206 230.535 210.75 228.34 203.743 191.254 175.811 307.614 175.563 200.924 170.733 168.331 191.434 174.623
threshold=10.444446086883547 73.875000000000014 0.77810564637184154 -0.39233249425888056 0.078402601182460799 -0.14463099837303159 73.625000000000014 76.875000000000014 33.617050170898445 -0.36046156287193293 16.125000000000004 78.375000000000014 -0.92272481322288502 2.4736077785491948 16.125000000000004 -0.91249075531959523 -0.35141934454441065 0.12972188368439677 -0.74512827396392811 73.875000000000014 -0.9852197766304015 2.5444051027297978 1.0000000180025095e-35 -0.36747109889984125 6.520644187927247 -0.91246706247329701 9.1020140647888201 -0.99940761923789967 75.875000000000014 73.625000000000014
decision_type=2 2 2 2 2 2 2 2 2 2 2 2 2 2 2 2 2 2 2 2 2 2 2 2 2 2 2 2 2 2
left_child=2 3 4 8 13 6 -4 14 12 10 -3 -12 20 -1 -8 16 -9 -5 26 -20 -2 -18 23 24 -13 -26 -16 -15 29 -29
right_child=1 9 5 17 -6 -7 7 15 -10 -11 11 22 -14 27 18 -17 21 -19 19 -21 -22 -23 -24 -25 25 -27 -28 28 -30 -31
leaf_value=-0.023908286202287115 0.068819492922611969 0.078284586226290975 0.043407453203634934 0.031781486772853772 -0.038846577136676323 -0.021800375916837932 0.037773184175747369 0.063502201297575639 0.10538575133961314 -0.0066518257970512723 0.00603693991161652 0.0011058010300626776 0.056968478412492481 -0.034147312839660805 -0.0066799018059443358 0.0051612004100067832 -0.00011230994035359347 -0.023892696313518539 0.014341606709557893 -0.017590385042180797 0.10779478388013193 0.025571272039086507 0.0029925389432455375 0.058989512010754704 0.098741529012049301 0.030501826224532118 0.019837725623851696 0.01705198433226637 -0.0036283193246182434 -0.021977458032066192
leaf_weight=7768.3158739134669 513.35980290174484 258.01731710135937 907.62736915796995 595.41568532586098 5236.2374215200543 2949.6300770044327 195.21430296450853 239.01364631205797 1713.8971775174141 1537.1568804308772 3198.037447206676 307.45090986043215 1247.8230284005404 468.85122357308865 1915.5526677891612 3019.2302144020796 619.82326064258814 140.29275159537792 376.62774064391851 5356.7569267526269 534.54893037676811 1832.9782687798142 242.39403626322746 804.43708095699549 66.134649135172367 1197.6686952114105 476.70441158860922 194.05979365855455 3559.5340037792921 2049.3195507824421
leaf_count=88976 3588 1999 7799 5550 64291 34217 1895 2281 10925 16786 32805 2983 9787 5394 21292 31153 6552 1498 3917 59270 3649 17989 2502 6916 585 11019 5077 1953 38916 23073
internal_value=-8.25364e-05 0.039401 -0.0132169 0.0764819 -0.023895 -0.00170396 0.00227576 -0.000413784 0.0865869 0.0162125 0.0220001 0.0193731 0.0721563 -0.0182951 -0.0101207 0.013722 0.0232693 0.0209869 -0.0113164 -0.0154714 0.0895322 0.0191069 0.0355785 0.0388768 0.0282717 0.0348199 -0.00133516 -0.0113156 -0.00941531 -0.0185406
internal_weight=49522.1 12356.6 37165.5 4745.34 19276.3 17889.2 14939.5 14031.9 4009.63 7611.3 6074.14 5816.12 2295.73 14040.1 8320.86 5711.05 2691.82 735.708 8125.64 5733.38 1047.91 2452.8 2618.09 2375.69 1571.25 1263.8 2392.26 6271.76 5802.91 2243.38
internal_count=524637 110592 414045 34997 222603 191442 157225 149426 27949 75595 58809 56810 17024 158312 91451 57975 26822 7048 89556 63187 7237 24541 24005 21503 14587 11604 26369 69336 63942 25026
is_linear=0
shrinkage=0.04


Tree=6
num_leaves=31
num_cat=0
split_feature=6 9 13 10 11 11 9 9 11 11 8 9 5 13 0 9 11 9 10 10 9 10 10 10 10 8 8 11 17 7
split_gain=14553.4 5629.68 2727.33 1369.53 1012.35 962.195 859.516 920.185 568.798 499.032 478.434 769.139 262.502 258.674 236.908 220.723 217.801 212.145 338.412 275.254 235.066 188.924 164.966 262.23 164.311 161.952 149.24 194.702 210.691 138.454
threshold=10.444446086883547 73.875000000000014 2.1207989454269414 -0.55028682947158802 -0.16162966936826703 0.078402601182460799 73.625000000000014 76.875000000000014 -0.36046156287193293 -0.09339838474988936 16.625000000000004 78.125000000000014 36.70848464965821 11.296924591064455 6.110098361968995 73.875000000000014 -0.90892156958580006 75.875000000000014 0.3393120169639588 -0.99866804480552662 78.875000000000014 -0.35141934454441065 -0.01505099539645016 -0.36747109889984125 -0.8978554606437682 17.375000000000004 19.375000000000004 0.078402601182460799 -15.185159683227537 28.550133705139164
decision_type=2 2 2 2 2 2 2 2 2 2 2 2 2 2 2 2 2 2 2 2 2 2 2 2 2 2 2 2 2 2
left_child=2 3 5 9 6 15 -4 13 10 12 -3 -12 29 -8 -5 -1 21 -17 19 -19 -21 -9 23 24 -13 -15 27 28 -10 -2
right_child=1 8 4 14 -6 -7 7 16 26 -11 11 22 -14 25 -16 17 -18 18 -20 20 -22 -23 -24 -25 -26 -27 -28 -29 -30 -31
leaf_value=0.0033071845375294523 0.052195721706804969 0.062409548574952643 0.041258680946939824 0.055237573785367804 -0.022311061890804017 -0.037674043082859113 -0.011893876877606038 0.053397213282249008 0.10005089890869377 -0.0018446710830128019 0.0030684513785724427 0.061606024210944306 0.078003935600563179 0.033397846736073718 0.092688643724191583 -0.02410724639572507 0.0052996992474038116 -0.035560189941290558 -0.032508391690165735 -0.011869275846311263 0.0076502971767684535 0.017567715614591681 0.0041316964338931703 0.053455393971729777 0.021744900637639196 -4.7962587144623095e-05 -0.017060318474749845 -0.026661865094730369 0.012207942547548728 0.023553211594533007
leaf_weight=763.24759656190872 890.71303174644709 404.02289751917124 896.76825131475925 364.17556331306696 2908.9426908791065 5154.9577686414123 6007.1923963651061 253.69859594851732 39.205514803528786 306.70249778032303 2869.685142070055 180.53758592158556 504.07489563524723 295.23357924818993 2487.3176017850637 6432.2804313153028 2871.1420995295048 615.78377445042133 1329.8450781479478 4488.585518322885 1257.0919226631522 2529.4944852888584 301.89660686999559 868.32961028814316 1547.2936256676912 960.71646745502949 880.93490744382143 177.40692780911922 431.49078572541475 423.42436657100916
leaf_count=8350 7409 3102 7301 2583 33905 65625 66615 2285 410 3155 29680 1610 3419 2948 15019 75001 29109 7266 15801 51612 13475 24576 3069 7187 14161 10176 9708 1996 4672 3412
internal_value=-9.10202e-05 0.0368491 -0.0128352 0.069966 -0.000906566 -0.0227832 0.00361358 0.000970252 0.0153853 0.0453121 0.0207896 0.0177713 0.0532333 -0.00844479 0.0881154 -0.017605 0.0130577 -0.0187367 -0.0142197 -0.0103515 -0.00759273 0.0210132 0.0322695 0.0355131 0.0262404 0.00801579 -0.00642187 0.00807796 0.0214538 0.0432145
internal_weight=49442.2 12677.2 36765 4976.41 16723.2 20041.8 13814.2 12917.5 7700.8 2124.91 6171.77 5767.74 1818.21 7263.14 2851.49 14886.8 5654.34 14123.6 7691.31 6361.46 5745.68 2783.19 2898.06 2596.16 1727.83 1255.95 1529.04 648.103 470.696 1314.14
internal_count=524637 110592 414045 34997 176915 237130 143010 135709 75595 17395 58809 55707 14240 79739 17602 171505 55970 163155 88154 72353 65087 26861 26027 22958 15771 13124 16786 7078 5082 10821
is_linear=0
shrinkage=0.04


Tree=7
num_leaves=31
num_cat=0
split_feature=6 9 12 11 11 11 9 9 11 5 8 9 7 13 11 11 10 11 8 11 10 0 14 8 14 10 9 10 10 10
split_gain=13220.2 4823.3 2627.93 1175.87 860.305 827.996 866.915 1095.9 512.759 448.762 420.051 612.916 296.221 276.683 264.048 250.868 199.92 194.908 190.69 178.382 164.937 160.299 160.273 146.232 144.672 144.383 146.089 139.94 205.916 403.85
threshold=10.444446086883547 73.875000000000014 0.44090898334980017 -0.39233249425888056 0.078402601182460799 -0.14463099837303159 73.625000000000014 77.125000000000014 -0.37645272910594935 38.43982124328614 16.125000000000004 78.375000000000014 2.564893484115601 8.2957720756530779 -0.91249075531959523 -0.92602273821830738 -0.35141934454441065 0.14675828069448474 19.875000000000004 -0.98212954401969899 0.036545658484101302 3.8627892732620244 2.5944690704345708 19.125000000000004 52.571302413940437 -0.99866804480552662 75.875000000000014 -0.91246706247329701 -0.59262362122535694 -0.56456753611564625
decision_type=2 2 2 2 2 2 2 2 2 2 2 2 2 2 2 2 2 2 2 2 2 2 2 2 2 2 2 2 2 2
left_child=2 3 4 9 12 6 -4 13 10 15 -3 -12 -1 18 16 19 -9 -5 -8 21 23 -2 -18 -11 -22 -14 -27 -13 -29 -30
right_child=1 8 5 17 -6 -7 7 14 -10 20 11 27 25 -15 -16 -17 22 -19 -20 -21 24 -23 -24 -25 -26 26 -28 28 29 -31
leaf_value=-0.023856867598899358 0.018997994340600618 0.066810198820063948 0.036747292775232906 0.027157412181668936 -0.038624228365133129 -0.021140795467094017 -0.016994913273505108 0.055918501721087685 -0.0056477756780850923 0.10177453159352312 0.0055439440694192901 0.084876610521193371 -0.029352061261943275 0.0025677566657953711 0.0044787918807219105 0.049982718752678401 0.001195028718127831 -0.026050708212388952 -0.0025088484334219443 0.091588842647832555 0.068315585243303181 0.068933405732920131 0.024334980119113388 0.063346717999784932 -0.01166803568668616 -0.017844570464503481 -0.0029663929493494688 0.014176428037985035 0.12985984526413857 0.033482056723138809
leaf_weight=6841.3569032028317 137.53417395800352 281.17117054760456 1010.4543972536922 639.01941792666912 4714.3572040349245 3208.7056328579783 5490.8938833028078 240.98479393869638 1586.8473206609488 1122.9264659881592 3195.0875297412276 68.944161780178547 601.26856039464474 2347.6656709387898 3004.2286826148629 1475.7283828929067 654.47865924984217 124.36014391481876 1981.5586391687393 611.67917589843273 224.30442349612713 550.48643376678228 1786.2434720098972 261.70304010808468 39.645502150058746 1687.5635638311505 2807.0427676960826 921.65743106603622 64.239411734044552 1667.1083438843489
leaf_count=81257 968 1981 8269 5686 61645 38775 62784 2107 17408 6343 32434 568 7178 24605 30821 10596 6895 1362 22525 3683 1294 3344 16917 1497 224 19413 30854 8419 498 14287
internal_value=-9.81048e-05 0.0345552 -0.012462 0.0643989 -0.0241584 -0.00258099 0.00103528 -0.00131408 0.0146125 0.0723004 0.0198002 0.0174574 -0.0184179 -0.00940272 0.0126477 0.0619792 0.0217484 0.0182647 -0.013162 0.0751149 0.089198 0.0593666 0.0181602 0.0950177 0.0563146 -0.0110835 -0.00857983 0.0313702 0.0296662 0.0377832
internal_weight=49349.2 12972.4 36376.8 5187.39 16651.6 19725.2 16516.5 15506.1 7785.06 4424.01 6198.21 5917.04 11937.2 9820.12 5685.94 2775.43 2681.71 763.38 7472.45 1299.7 1648.58 688.021 2440.72 1384.63 263.95 5095.87 4494.61 2721.95 2653.01 1731.35
internal_count=524637 110592 414045 34997 200347 213698 174923 166654 75595 27949 58187 56206 138702 109914 56740 18591 25919 7048 85309 7995 9358 4312 23812 7840 1518 57445 50267 23772 23204 14785
is_linear=0
shrinkage=0.04


Tree=8
num_leaves=31
num_cat=0
split_feature=6 9 11 13 10 11 9 9 9 8 11 10 10 7 0 9 10 10 3 11 9 13 8 9 18 12 9 10 4 11
split_gain=12082 4588.02 2276.62 1320.25 1131.85 563.973 547.319 677.633 449.262 648.204 419.756 387.634 361.894 238.784 226.144 223.281 211.88 209.399 206.282 178.823 177.111 174.535 166.488 165.691 160.429 153.289 205.519 148.979 147.161 138.805
threshold=9.2255635261535662 73.875000000000014 -0.12758953124284741 2.4091372489929204 -0.55028682947158802 -0.36046156287193293 73.625000000000014 76.875000000000014 78.625000000000014 16.625000000000004 -0.09339838474988936 -0.9599599540233611 -0.97113886475563038 5.1371481418609628 28.867023468017582 73.875000000000014 -0.01505099539645016 -0.9769422411918639 1.0000000180025095e-35 -0.90892156958580006 76.625000000000014 0.0092320116236805933 16.125000000000004 73.875000000000014 13.062551975250246 0.047660268843173988 75.875000000000014 -0.35141934454441065 37.906009674072273 0.16375125199556353
decision_type=2 2 2 2 2 2 2 2 2 2 2 2 2 2 2 2 2 2 2 2 2 2 2 2 2 2 2 2 2 2
left_child=2 4 3 11 10 8 -5 22 9 -3 14 17 15 23 28 -4 24 -1 21 27 -11 -19 -8 -13 -6 -25 -27 -9 -2 -7
right_child=1 5 12 6 16 29 7 19 -10 20 -12 13 -14 -15 -16 -17 -18 18 -20 -21 -22 -23 -24 25 -26 26 -28 -29 -30 -31
leaf_value=-0.010931050401371966 0.042321928152233144 0.054094220883779916 0.0018400066367298762 0.034096670287412749 0.034190261300983231 -0.0026410132056713166 0.029325336978962391 0.048667271774618034 0.02985144812700459 -0.0045272451286011732 -0.0026669164569734518 0.003645049907951229 -0.038895511645024416 -0.0052419894452382177 0.063619426636809695 -0.025765065178888186 0.057923027707481894 -0.0043912149653662974 0.0015594749166237866 0.0037063675173147656 0.012319670540225069 0.071130263550090958 -0.009496072656000186 -0.026791026602825507 0.084278374654278634 -0.024025435277300274 -0.0081159860063219156 0.015502815330515467 0.01197687434436851 -0.034307889915836956
leaf_weight=471.14949807524681 1034.6513521447778 458.94590716809034 525.54784163087606 807.96918184310198 127.26975054293871 1606.146201364696 172.4033540636301 233.55184252560139 2901.5945966765285 1885.6547690704465 353.18764343857765 442.24208752065897 4242.1046878919005 2055.5157954096794 671.81743580847979 4236.2311157807708 1036.5552799776196 64.655264504253864 275.21873100847006 2538.9162974581122 2102.5435650199652 178.33664198219776 6224.6966222599149 4455.3412609547377 2045.9139424711466 2791.5024012327194 2450.746153973043 2256.4515109434724 351.80808925628662 247.29607744514942
leaf_count=5428 8009 3333 6182 6264 904 17831 1624 1951 24972 19767 3694 4907 56520 23109 4448 53269 6211 778 3150 25669 20910 2079 69618 54214 11178 33389 28219 21331 2736 2943
internal_value=-0.000101613 0.0300785 -0.013103 -0.00697497 0.0585195 0.0126605 0.00248861 0.000225648 0.0176289 0.00960503 0.0375612 -0.0157514 -0.0303761 -0.0177044 0.0444437 -0.0227209 0.0740998 0.00825921 0.0255834 0.0112001 0.0043629 0.0516562 -0.00840569 -0.0202231 0.0815151 -0.0213142 -0.0166174 0.0187957 0.0347629 -0.00702761
internal_weight=49246 14823.4 34422.6 25418.7 5621.2 9202.18 12234 11426 7348.74 4447.14 2411.46 13184.7 9003.88 12195.3 2058.28 4761.78 3209.74 989.36 518.211 5028.92 3988.2 242.992 6397.1 10139.8 2173.18 9697.59 5242.25 2490 1386.46 1853.44
internal_count=524637 126936 397701 281730 37180 89756 126457 120193 68982 44010 18887 155273 115971 143838 15193 59451 18293 11435 6007 48951 40677 2857 71242 120729 12082 115822 61608 23282 10745 20774
is_linear=0
shrinkage=0.04


Tree=9
num_leaves=31
num_cat=0
split_feature=6 9 11 12 11 11 9 9 9 8 5 7 11 11 10 12 9 9 10 10 11 9 7 10 12 11 8 17 0 10
split_gain=11034.4 4004.73 2192.07 1344.26 988.885 511.61 420.005 654.122 395.4 566.445 370.905 301.95 221.606 199.369 195.884 194.788 189.259 289.05 241.504 189.143 187.519 180.268 156.606 143.672 141.407 136.95 147.439 220.199 135.043 131.946
threshold=9.2255635261535662 73.875000000000014 0.078402601182460799 2.2135218381881718 -0.39233249425888056 -0.37645272910594935 77.625000000000014 73.875000000000014 78.875000000000014 16.625000000000004 33.617050170898445 2.4736077785491948 -0.91249075531959523 -0.92272481322288502 -0.21966676414012906 0.020312227308750156 75.875000000000014 73.625000000000014 -0.99866804480552662 -0.56456753611564625 0.14675828069448474 76.625000000000014 2.6506395339965825 -0.15207348018884656 0.39225773513317114 0.16375125199556353 19.375000000000004 -15.185159683227537 10.327897548675539 1.0000000180025095e-35
decision_type=2 2 2 2 2 2 2 2 2 2 2 2 2 2 2 2 2 2 2 2 2 2 2 2 2 2 2 2 2 2
left_child=2 4 3 11 10 8 7 19 9 28 13 15 14 23 -8 -1 17 -13 -18 -5 -6 -11 -21 -2 -4 26 27 -7 -3 -10
right_child=1 5 24 6 20 25 12 -9 29 21 -12 16 -14 -15 -16 -17 18 -19 -20 22 -22 -23 -24 -25 -26 -27 -28 -29 -30 -31
leaf_value=-0.026130253090500516 0.082352334681709258 0.017132920856100672 -0.038303142631045846 0.0084617733060578897 0.023131870767301763 0.089468528847650108 0.05263399016880236 -0.0072875011146725536 0.031719757051755351 -0.0043385213592605403 0.074430958367878483 0.017625011390117067 0.0051022089429702631 0.041127050370243667 0.018191378337464443 -0.014238934729250495 -0.032261583730498533 -0.021218658704057626 -0.0016320668007894729 0.011567044882215292 -0.025483515666901244 0.012375946745223186 0.05305520352651219 0.052561239922917134 -0.024550027798531431 -0.033907733356270162 -0.011784073096665166 0.0054541994056332274 0.064802412068421994 0.0016918808361699724
leaf_weight=4370.1152232736349 447.97354563325644 145.27321980893612 4357.9235239252448 678.12901625782251 723.33900659531355 44.413609847426414 341.09446976333857 6475.0775703713298 2472.1471640318632 1858.9572973400354 2074.2339642196894 336.26830684393644 1658.7697756141424 1523.3264139592648 1158.8962109088898 4543.5085166841745 443.89165364205837 2812.5815011188388 4464.0354057401419 230.74151258915663 144.86767256259918 2300.8629280775785 418.55724855512381 889.85814252495766 1758.0696235150099 240.46270338445902 1011.3926830887794 625.87784842401743 325.99490157514811 259.80448481440544
leaf_count=54346 2455 1098 60638 6465 6268 432 2898 72489 20475 19551 10925 3279 16906 10531 10724 53864 5604 33477 48938 2033 1643 22392 3442 5358 22598 2943 11293 6861 2203 2508
internal_value=-0.000106808 0.0283562 -0.0127253 -0.00796953 0.0543936 0.0120408 0.00294792 -0.00203716 0.0168335 0.00967966 0.0613107 -0.0150187 0.0152292 0.0515729 0.0263203 -0.0200917 -0.00938833 -0.0170278 -0.00446228 0.0234365 0.0148222 0.00491403 0.0387106 0.0630738 -0.0343963 -0.00631022 -0.00218697 0.0122543 0.0507691 0.0288807
internal_weight=49136.4 15088.8 34047.7 27931.7 5803.6 9285.19 10961.3 7802.51 7363.04 4631.09 4935.39 16970.4 3158.76 2861.16 1499.99 8913.62 8056.78 3148.85 4907.93 1327.43 868.207 4159.82 649.299 1337.83 6115.99 1922.15 1681.68 670.291 471.268 2731.95
internal_count=524637 126936 397701 314465 37180 89756 114957 84429 68227 45244 29269 199508 30528 18344 13622 108210 91298 36756 54542 11940 7911 41943 5475 7813 83236 21529 18586 7293 3301 22983
is_linear=0
shrinkage=0.04


Tree=10
num_leaves=31
num_cat=0
split_feature=6 9 11 12 10 11 9 8 9 9 11 7 0 11 12 8 9 9 9 9 10 10 10 11 10 12 8 17 0 14
split_gain=10121.6 3750.48 2012.92 1148.6 932.704 541.278 388.493 529.015 379.651 520.101 362.608 263.238 222.995 210.892 186.09 178.302 178.838 177.699 172.843 244.237 217.814 169.306 155.319 143.971 141.669 136.394 133.497 209.531 128.184 120.099
threshold=8.522764205932619 73.875000000000014 0.078402601182460799 2.165768146514893 -0.55028682947158802 -0.37645272910594935 78.625000000000014 16.625000000000004 77.375000000000014 73.875000000000014 0.12972188368439677 2.4736077785491948 22.789206504821781 -0.91249075531959523 0.020312227308750156 18.375000000000004 73.625000000000014 76.625000000000014 75.875000000000014 73.625000000000014 -0.99940761923789967 -0.21966676414012906 -0.083760455250740037 0.16375125199556353 -0.56456753611564625 0.39225773513317114 19.375000000000004 -11.836387634277342 10.327897548675539 14.913237094879152
decision_type=2 2 2 2 2 2 2 2 2 2 2 2 2 2 2 2 2 2 2 2 2 2 2 2 2 2 2 2 2 2
left_child=2 4 3 11 10 6 7 28 9 24 12 14 -2 21 -1 -6 22 -9 19 -13 -20 -10 -17 26 -5 -4 27 29 -3 -7
right_child=1 5 25 8 15 23 -8 17 13 -11 -12 18 -14 -15 -16 16 -18 -19 20 -21 -22 -23 -24 -25 -26 -27 -28 -29 -30 -31
leaf_value=-0.025644364630552738 0.026173558228865607 0.015568382216215216 -0.038082344162976844 0.00653551732882399 0.071677967816417776 0.00056970720079659487 0.026330066667204815 -0.0045186853909031065 0.046956157888669414 -0.0081993944949400668 -0.022591117733945561 0.015570329659813937 0.051241378327102793 0.0034570796174529309 -0.013900183213236836 0.066920432982376113 0.0056276032600029568 0.011498945344304371 -0.038249305534112849 -0.020969191781630564 -0.0024291596421282106 0.016184441597471441 0.036727530030575058 -0.03367882360588114 0.033597503589675642 -0.024237796517769597 -0.011810788745399496 0.0018056962501765664 0.060258647503592618 0.095654207949891143
leaf_weight=4276.8943788930774 1505.7461071759462 156.76159337162971 4194.3564475700259 620.05400063097477 2063.036600343883 31.632297545671463 3175.0333018824458 2097.1958050206304 371.55214852839708 5833.5330435335636 174.54043094813824 321.42814735323191 951.6876113191247 1738.506101578474 4453.7495888248086 839.25758761167526 123.64447627216578 2330.0913921818137 279.72582256048918 2661.1290070414543 4378.2278041765094 1232.427752032876 471.45171309262514 274.44302786141634 620.15636487305164 1668.2227472737432 1116.4370832890272 658.08270624279976 345.19730787724257 55.540956385433674
leaf_count=54346 11657 1194 60299 5914 10937 335 26390 22305 3101 66212 2015 3106 6205 17778 53432 4315 816 22776 3676 32259 48357 11369 2651 3484 5134 21913 12635 7245 2257 524
internal_value=-0.0001104 0.0255501 -0.0129797 -0.00832653 0.0502723 0.010718 0.0154356 0.00837916 0.00205682 -0.00319379 0.0320903 -0.0149302 0.0360499 0.0131452 -0.0196761 0.0638248 0.0521114 0.00391835 -0.00948858 -0.0169925 -0.00465761 0.0235593 0.0564206 -0.00716845 0.0202281 -0.0341908 -0.00310135 0.00992954 0.0468786 0.0647605
internal_weight=49019.7 16369.8 32650 26787.4 6129.36 10240.4 8104.28 4929.25 10416.2 7073.74 2631.97 16371.2 2457.43 3342.49 8730.64 3497.39 1434.35 4427.29 7640.51 2982.56 4657.95 1603.98 1310.71 2136.14 1240.21 5862.58 1861.69 745.256 501.959 87.1733
internal_count=524637 137741 386896 304684 38596 99145 74922 48532 109508 77260 19877 195176 17862 32248 107778 18719 7782 45081 87398 35365 52033 14470 6966 24223 11048 82212 20739 8104 3451 859
is_linear=0
shrinkage=0.04


Tree=11
num_leaves=31
num_cat=0
split_feature=6 9 11 13 10 11 9 9 9 8 11 8 0 9 9 10 10 6 9 13 10 11 10 10 10 12 3 11 12 10
split_gain=9277.8 3311.16 1946.98 1079.85 813.567 492.057 395.732 528.878 344.898 471.437 325.446 238.473 195.015 183.191 190.55 238.242 188.708 169.795 162.44 158.837 152.367 142.879 158.474 385.436 207.246 153.525 139.702 138.13 137.062 133.562
threshold=8.522764205932619 73.875000000000014 0.078402601182460799 2.1207989454269414 -0.55028682947158802 -0.37645272910594935 78.125000000000014 73.875000000000014 78.625000000000014 16.625000000000004 0.12972188368439677 19.375000000000004 16.781741142272953 73.875000000000014 78.875000000000014 0.30675521492958074 -0.98930078744888295 44.700838088989265 76.625000000000014 11.477682113647463 -0.94423642754554737 0.026874557137489322 -0.99166062474250782 -0.9599599540233611 -0.9769422411918639 0.020312227308750156 1.0000000180025095e-35 0.16375125199556353 0.39225773513317114 -0.56456753611564625
decision_type=2 2 2 2 2 2 2 2 2 2 2 2 2 2 2 2 2 2 2 2 2 2 2 2 2 2 2 2 2 2
left_child=2 4 3 13 10 8 7 29 9 -3 12 19 -2 -1 21 16 -16 -6 -11 -9 -18 22 -15 24 -24 -23 -26 -7 -4 -5
right_child=1 5 28 6 17 27 -8 11 -10 18 -12 -13 -14 14 15 -17 20 -19 -20 -21 -22 25 23 -25 26 -27 -28 -29 -30 -31
leaf_value=0.0034902446265055644 0.022663995903350595 0.043797871561804057 -0.0377907662593229 0.0064365705879122241 0.052982748550458057 -0.0029730960892465387 0.012717574036280987 -0.016482463676180888 0.024801954407118913 -0.0043545431844989662 -0.022123011797154545 -0.00016685946897567556 0.045266619510790466 -0.036126141459208408 -0.024120067515043489 -0.030410365575283364 0.048698439263247351 0.072700600285066225 0.01094259896986728 0.0059626212730188831 0.0054520624342889439 -0.012957699480619603 -0.01370462405603667 -0.020548342109345651 0.050348492660929153 0.037170641266210731 0.0033999766458016225 -0.0332814998151564 -0.023756990246050932 0.030839818093789627
leaf_weight=734.73992219567299 1286.9055369496346 516.38096611201763 4060.437466815114 726.42839884757996 2449.325342014432 1856.2095445767045 3080.4044025540352 4007.1255919337273 3235.1703684404492 2089.7302282601595 171.38050599396229 3844.2975786849856 1226.8153839111328 874.5206198990345 289.23469649255276 420.66119208931923 143.94843430817127 1152.7584393769503 2350.6920109689236 571.75831391662359 873.80359604209661 282.01600560545921 330.86461420357227 9170.0601701587439 209.27456694096327 137.07815603166819 191.54201235622168 266.88355845212936 1634.7919944375753 712.28893391042948
leaf_count=8187 9884 3451 60299 6943 13196 20739 29381 46370 26390 22305 2015 42118 7978 11255 3702 5581 1484 5523 22776 6030 9382 3591 4029 114377 2468 1707 2306 3484 21913 5773
internal_value=-0.000113527 0.024179 -0.0126054 -0.0080541 0.0470372 0.0102146 0.000226317 -0.00368431 0.0146586 0.00800175 0.0301906 -0.00751631 0.0338308 -0.0158952 -0.0169992 -0.00460308 0.00387099 0.0594768 0.00374992 -0.0136729 0.011983 -0.0189063 -0.019797 -0.0183198 0.00951077 0.00392253 0.0285416 -0.00692118 -0.0338111 0.0186478
internal_weight=48897.5 16602.3 32295.3 26600 6287.19 10315.1 12942.3 9861.9 8191.97 4956.8 2685.1 8423.18 2513.72 13657.7 12923 1727.65 1306.99 3602.08 4440.42 4578.88 1017.75 11195.4 10776.3 9901.74 731.681 419.094 400.817 2123.09 5695.23 1438.72
internal_count=524637 137741 386896 304684 38596 99145 136615 107234 74922 48532 19877 94518 17862 168069 159882 20149 14568 18719 45081 52400 10866 139733 134435 123180 8803 5298 4774 24223 82212 12716
is_linear=0
shrinkage=0.04


Tree=12
num_leaves=31
num_cat=0
split_feature=6 9 11 12 11 11 9 9 5 9 8 7 8 11 12 9 9 10 11 10 12 11 8 17 14 10 10 10 10 10
split_gain=8510.27 2936.56 1881.99 1033.09 730.313 448.246 326.418 437.436 313.962 312.331 443.324 245.247 228.777 187.941 181.272 160.672 221.03 204.901 151.45 146.868 137.668 128.876 161.473 193.157 130.734 118.309 155.295 123.854 118.844 368.578
threshold=8.522764205932619 73.875000000000014 0.078402601182460799 2.165768146514893 -0.39233249425888056 -0.36046156287193293 77.375000000000014 73.875000000000014 12.416104793548586 78.125000000000014 16.625000000000004 2.4736077785491948 18.625000000000004 -0.91249075531959523 0.020312227308750156 75.875000000000014 73.625000000000014 -0.99940761923789967 0.14675828069448474 -0.21966676414012906 0.39225773513317114 0.16375125199556353 19.375000000000004 -10.16448402404785 15.204169273376467 -0.7097363770008086 -0.13505011796951291 -0.7785360813140868 -0.96463498473167408 -0.9769422411918639
decision_type=2 2 2 2 2 2 2 2 2 2 2 2 2 2 2 2 2 2 2 2 2 2 2 2 2 2 2 2 2 2
left_child=2 4 3 11 8 9 7 -5 -2 10 -3 14 -10 19 -1 16 -13 -17 -6 -8 -4 22 23 24 -7 27 -27 28 29 -16
right_child=1 5 20 6 18 21 13 -9 12 -11 -12 15 -14 -15 25 17 -18 -19 -20 -21 -22 -23 -24 -25 -26 26 -28 -29 -30 -31
leaf_value=-0.024842970884830944 0.029524472793525259 0.040477693939605812 -0.037499337102958961 0.018215024547072758 0.018674479032530337 0.0077723728180316099 0.043224929933427574 -0.0076074322312023506 0.060908172896870491 0.022160020335512631 0.0019888802389389907 0.014406232306109653 0.040837860986895916 0.003044906898708915 -0.012405182315211658 -0.037736031427483822 -0.020152750919146863 -0.0021109571538151352 -0.023890831272873527 0.015020446117716626 -0.023278314186709524 -0.032884152147511767 -0.013184952601240281 0.0017862615712411643 0.090934901640871632 -0.029196510988826169 -0.010068867701026923 0.018209379470720828 -0.02016455305740485 0.070375687556120989
leaf_weight=4128.6223640441895 1040.0466215461493 534.75258435308933 3931.0116672590375 1273.6829020231962 809.95274034887552 55.001712523400784 385.80104217678308 5750.8206083327532 2979.161874756217 3859.3589650392532 3966.5009896308184 327.06055305153131 1452.678253903985 1751.5237531736493 398.43741135299206 264.75085192918777 2584.4698291569948 4348.1585876867175 150.90177715569735 1253.3738343566656 1602.537936322391 259.57338298857212 1043.37975487113 605.28998047858477 63.210642643272877 1148.8342273533344 1682.5142133980989 308.37103578448296 713.96703104674816 99.091171115636826
leaf_count=54346 6826 3485 60299 11048 6669 596 3101 66212 15539 31394 40875 3106 7735 17778 5005 3676 32259 48357 1827 11369 21913 3484 12048 6693 570 14261 20383 3857 8817 1109
internal_value=-0.000117185 0.0229046 -0.012239 -0.00778955 0.0441221 0.00973471 0.00201491 -0.00290607 0.0497637 0.0138227 0.00664097 -0.0141673 0.0544362 0.0121883 -0.0188321 -0.00889221 -0.0162346 -0.00423281 0.0118124 0.0218806 -0.0334303 -0.00711617 -0.00316682 0.0112633 0.0558653 -0.0130849 -0.0179054 -0.00404644 -0.00981407 0.0051438
internal_weight=48772.8 16819.8 31953 26419.5 6432.74 10387.1 10415.2 7024.5 5471.89 8360.61 4501.25 16004.3 4431.84 3390.7 8479.84 7524.44 2911.53 4612.91 960.855 1639.17 5533.55 2026.46 1766.88 723.502 118.212 4351.22 2831.35 1519.87 1211.5 497.529
internal_count=524637 137741 386896 304684 38596 99145 109508 77260 30100 75754 44360 195176 23274 32248 107778 87398 35365 52033 8496 14470 82212 23391 19907 7859 1166 53432 34644 18788 14931 6114
is_linear=0
shrinkage=0.04


Tree=13
num_leaves=31
num_cat=0
split_feature=14 9 11 12 0 9 9 10 10 10 10 7 8 9 11 10 10 10 9 9 10 7 12 12 14 10 10 7 10 10
split_gain=7815.06 2305.72 1894.78 1046.73 609.415 386.842 660.175 364.061 360.591 264.957 254.431 253.612 231.778 318.181 217.543 193.532 169.792 150.76 162.92 170.326 148.701 208.966 147.898 137.007 130.418 128.971 418.931 186.556 128.562 127.585
threshold=9.1728730201721209 73.875000000000014 0.078402601182460799 1.4776897430419924 10.701874256134035 73.875000000000014 76.875000000000014 -0.59262362122535694 -0.01505099539645016 -0.64659911394119252 -0.55028682947158802 2.42930018901825 16.625000000000004 76.625000000000014 -0.36046156287193293 -0.92599865794181813 -0.53584328293800343 -0.99940761923789967 75.875000000000014 73.875000000000014 -0.56456753611564625 4.5802865028381357 0.39225773513317114 0.020312227308750156 4.2064404487609872 -0.47652685642242426 -0.38341410458087916 14.069712162017824 0.24059136956930163 0.036545658484101302
decision_type=2 2 2 2 2 2 2 2 2 2 2 2 2 2 2 2 2 2 2 2 2 2 2 2 2 2 2 2 2 2
left_child=2 4 3 11 16 20 -7 9 12 14 -6 23 -9 -14 -3 -8 -2 -13 19 -19 -5 -22 -4 -1 -17 27 -27 -15 -26 -12
right_child=1 7 22 5 10 6 15 8 -10 -11 29 17 13 25 -16 24 -18 18 -20 -21 21 -23 -24 -25 28 26 -28 -29 -30 -31
leaf_value=-0.024431144388602003 0.011461414733573627 0.012712366448331108 -0.037199011519183249 0.0085054437361928806 0.036030610972968245 -0.010114674757651891 -0.0080882599247947135 0.055876908439465453 -0.0017584846136575322 -0.027318090562870007 0.061033052117380499 -0.031363838592108541 -0.0023991867177297231 0.018018151750632913 -0.0054634119443691459 0.0045195080671846253 0.034995764764275017 0.0095884972575657774 -0.0023123649145350474 -0.019553503859879154 0.014940185785308674 0.060183921577769361 -0.02256630754855839 -0.013654423587546908 0.01637136465706121 -0.0081632269030112344 0.032070216521580958 0.063794173370964588 0.050992395329202779 0.039641855955311729
leaf_weight=4014.8880733624101 1087.6148405969143 2543.6782206371427 3858.0081112682819 713.92857999354601 1646.0224850177765 5808.9530482217669 804.55551397055387 317.95033288747072 1174.9633829966187 431.1893425732851 2213.7595033869147 434.27312465012074 762.63125948607922 271.03519745916128 1786.0206547454 1646.5405061766505 906.34117826074362 370.76793375611305 4087.5013808980584 2146.1218137294054 385.59125873446465 285.54190323501825 1637.944097161293 3659.9009878635406 2292.1010127514601 546.61258257180452 1653.8292424082756 317.63659308850765 178.97193021327257 660.35064508765936
leaf_count=53966 8780 23535 61017 6460 10701 68690 9105 2137 11220 3915 10437 5923 8099 2485 20575 16287 5365 3600 45566 27164 3151 1880 22732 45655 20912 4611 13171 2555 1620 3323
internal_value=-0.000119928 0.0224365 -0.011511 -0.00712156 0.0408659 0.00158506 -0.000990003 0.0101641 0.0176408 0.00222148 0.0489973 -0.0142875 0.0235204 0.0204751 0.00521946 0.00977726 0.0222801 -0.00878433 -0.00725443 -0.0152396 0.0214001 0.0347907 -0.032887 -0.0193165 0.0132792 0.0267158 0.0220841 0.0433711 0.0190743 0.0562727
internal_weight=48645.2 16319.6 32325.6 26829.6 6514.09 12116.2 10731.1 9805.55 5044.66 4760.89 4520.13 14713.5 3869.7 3551.74 4329.7 4922.17 1993.96 7038.66 6604.39 2516.89 1385.06 671.133 5495.95 7674.79 4117.61 2789.11 2200.44 588.672 2471.07 2874.11
internal_count=524637 130909 393728 309979 38606 128105 116614 92303 44278 48025 24461 181874 33058 30921 44110 47924 14145 82253 76330 30764 11491 5031 83749 99621 38819 22822 17782 5040 22532 13760
is_linear=0
shrinkage=0.04


Tree=14
num_leaves=31
num_cat=0
split_feature=6 9 11 12 10 11 9 9 9 8 11 7 18 10 10 9 11 8 8 10 10 9 10 9 12 11 5 8 8 17
split_gain=7210.7 2359.4 1744.52 903.885 596.498 390.7 329.358 401.651 266.572 346.319 243.249 219.145 154.473 152.496 182.434 149.188 147.921 143.234 145.907 142.215 141.388 133.79 181.534 166.255 132.661 128.983 115.623 115.093 113.167 169.806
threshold=8.4205102920532244 73.875000000000014 0.078402601182460799 1.4776897430419924 -0.55028682947158802 -0.37645272910594935 77.625000000000014 73.625000000000014 78.875000000000014 16.625000000000004 0.12972188368439677 2.42930018901825 23.251743316650394 -0.15207348018884656 -0.35141934454441065 76.625000000000014 -0.91249075531959523 16.125000000000004 19.625000000000004 -0.21966676414012906 -0.97113886475563038 75.875000000000014 -0.99866804480552662 73.625000000000014 0.020312227308750156 0.16375125199556353 77.71350479125978 18.125000000000004 19.375000000000004 -10.16448402404785
decision_type=2 2 2 2 2 2 2 2 2 2 2 2 2 2 2 2 2 2 2 2 2 2 2 2 2 2 2 2 2 2
left_child=2 4 3 11 10 8 7 -5 9 -3 12 24 -2 14 26 -11 19 -9 -19 -8 -4 23 -23 -13 -1 28 -6 -15 29 -7
right_child=1 5 20 6 13 25 16 17 -10 15 -12 21 -14 27 -16 -17 -18 18 -20 -21 -22 22 -24 -25 -26 -27 -28 -29 -30 -31
leaf_value=-0.023936669650306781 0.014597605282771261 0.036802261103793366 -0.023032784666885388 0.022516595319595552 0.03922032511496077 0.049404770615755204 0.04081026223404307 0.028607919009548316 0.021806685507591208 -0.0042365150366789886 -0.020450006935546276 0.012209562835223571 0.035002900703920384 0.049574827573111498 0.070365469048691787 0.0099365838052065236 0.003147999382431555 -0.01126814903755817 0.00065410774878236838 0.013147112031654123 -0.037358793335145954 -0.030903580771534146 -0.0016948408187338435 -0.019806881378049507 -0.013254701089693052 -0.032581950251623908 0.076553817661430226 0.028494274707929802 -0.010919130093019359 0.00028626844949455481
leaf_weight=3934.5547944009304 928.92047005146742 554.5656755939126 1708.2486881911755 845.49337617307901 958.36599826067686 126.92958740144968 386.27601452916861 172.80296852439642 3171.1807120740414 2123.2277577295899 169.64698475971818 286.94790671765804 1750.6566323190928 994.05911129713058 937.84196437895298 2676.034048974514 1755.3695774376392 4884.203137896955 2470.3510370627046 1267.3463851138949 3507.1495352052152 364.83230978250504 3728.0821455642581 2218.1641494855285 3623.3038012906909 256.00076055154204 163.7552472949028 808.08326002210379 1106.4048309251666 634.76053611189127
leaf_count=53980 7008 3473 26008 6436 4601 1208 2997 1680 24728 22751 2055 2737 10967 4935 4343 25004 17749 57008 28091 11320 56016 5120 41633 28703 45701 3580 719 4191 12860 7035
internal_value=-0.000120986 0.0205301 -0.0116319 -0.00738081 0.039088 0.00880875 0.000804721 -0.00346347 0.0126304 0.00716463 0.0250628 -0.0141893 0.0280096 0.0493435 0.0569945 0.00367053 0.0112673 -0.00640763 -0.00726808 0.0198155 -0.0327195 -0.00884175 -0.00436741 -0.0161056 -0.0188399 -0.00651679 0.0452966 0.0403317 -0.00279039 0.00900562
internal_weight=48513.6 17360.4 31153.1 25937.7 6711.33 10649.1 11781.8 8372.85 8525.01 5353.83 2849.22 14155.9 2679.58 3862.11 2059.96 4799.26 3408.99 7527.36 7354.55 1653.62 5215.4 6598.03 4092.91 2505.11 7557.86 2124.1 1122.12 1802.14 1868.09 761.69
internal_count=524637 139458 385179 303155 38819 100639 125281 93215 75956 51228 20030 177874 17975 18789 9663 47755 32066 86779 85099 14317 82024 78193 46753 31440 99681 24683 5320 9126 21103 8243
is_linear=0
shrinkage=0.04


Tree=15
num_leaves=31
num_cat=0
split_feature=13 9 11 6 11 10 9 8 12 8 9 11 9 10 11 9 10 10 10 10 11 10 10 9 14 9 0 10 10 10
split_gain=6661.38 2416.7 1598.4 710.306 584.608 518.781 434.95 366.128 339.96 292.751 207.934 184.821 181.643 236.46 174.348 172.299 170.197 154.923 234.618 163.94 149.92 256.943 141.078 139.745 147.972 162.483 134.477 132.511 184.301 130.923
threshold=7.1504902839660653 73.875000000000014 0.18069575726985934 4.4192986488342294 -0.12758953124284741 -0.55028682947158802 78.875000000000014 16.125000000000004 0.47525392472743994 19.375000000000004 73.625000000000014 0.16375125199556353 76.625000000000014 -0.99054482579231251 0.12972188368439677 73.875000000000014 0.12225609645247461 -0.60639065504074086 -0.11798679083585738 -0.64659911394119252 -0.91939276456832875 -0.35141934454441065 -0.86546283960342396 73.875000000000014 0.018465646542608741 78.625000000000014 31.836854934692386 -0.2696967720985412 -0.16905184835195539 -0.56456753611564625
decision_type=2 2 2 2 2 2 2 2 2 2 2 2 2 2 2 2 2 2 2 2 2 2 2 2 2 2 2 2 2 2
left_child=2 5 3 8 6 14 7 -3 23 11 22 15 -12 -14 26 -10 -7 19 29 -8 21 -11 -5 -1 -25 -26 -2 -15 -29 -19
right_child=1 4 -4 10 -6 16 17 -9 9 20 12 -13 13 27 -16 -17 -18 18 -20 -21 -22 -23 -24 24 25 -27 -28 28 -30 -31
leaf_value=0.0022348509199265187 0.02048399080297144 0.039363565088088304 -0.035844999310101995 0.0002171760115841322 -0.020214353731985876 0.050755256713075923 0.015998241129338495 0.0025752211747606521 0.0057986172231403992 0.066751495478548514 -0.0080068549750986224 0.087477097567313158 -0.025249493875359189 0.002984722762676275 -0.016063633808535392 -0.017745803084815551 0.029913633368014766 0.076241122293572341 0.0088471820693736252 -0.028525485014754284 -0.0056845452311493749 0.0055860048074961553 0.033826275026179291 -0.031413235547232084 -0.019302856762173796 -0.0027062175364630774 0.040480903046105889 0.055089980984754282 0.012161973685156589 0.03344458654365922
leaf_weight=518.17666526138783 1894.4077714905143 451.57294022291899 3900.8125262819231 328.75383271276951 1091.6776175200939 3201.9280341416597 1259.4626608639956 6989.7983276546001 567.18853936344385 108.19872236251831 2900.902834083885 18.71202190965414 359.53231491148472 2371.2833420969546 157.65224806964397 3796.2822835594416 847.04843162000179 124.09058625251055 669.38712189346552 138.52968870103359 2365.0220827311277 1605.9323031753302 500.08845143765211 1331.4714157357812 6514.178475163877 1107.6247197389603 774.18145896494389 184.89220203459263 952.51218327134848 1345.2857984006405
leaf_count=6162 13585 2930 64033 2978 14073 15437 11149 70862 5574 1075 34049 274 4552 23239 1934 47512 4630 903 5503 1160 27415 16962 3273 19315 87431 13592 4382 1700 9180 9773
internal_value=-0.000120984 0.018374 -0.0120283 -0.00837682 0.00757948 0.0372858 0.0103592 0.00485752 -0.0127177 -0.00687865 0.00187178 -0.0140447 -0.00045545 0.00521363 0.0239969 -0.0146791 0.0464796 0.0218885 0.0286494 0.011415 0.000835289 0.00981164 0.020657 -0.0179212 -0.019089 -0.0168977 0.0264147 0.00839805 0.0195595 0.0375497
internal_weight=48376.6 18945 29431.6 25530.8 12069.8 6875.22 10978.1 7441.37 17932.8 8461.34 7597.97 4382.18 6769.12 3868.22 2826.24 4363.47 4048.98 3536.76 2138.76 1397.99 4079.15 1714.13 828.842 9471.45 8953.27 7621.8 2668.59 3508.69 1137.4 1469.38
internal_count=524637 156321 368316 304283 116353 39968 102280 73792 225312 98812 78971 53360 72720 38671 19901 53086 20067 28488 16179 12309 45452 18037 6251 126500 120338 101023 17967 34119 10880 10676
is_linear=0
shrinkage=0.04


Tree=16
num_leaves=31
num_cat=0
split_feature=6 9 11 12 11 11 9 9 5 9 8 7 11 12 8 0 8 11 8 17 10 10 13 9 10 9 12 9 11 10
split_gain=6145.03 1999.82 1545.21 745.311 540.599 387.633 286.583 326.171 253.283 239.275 314.747 182.559 154.2 140.56 137.422 133.089 132.697 129.666 139.649 166.762 129.376 246.552 156.745 128.227 158.639 135.706 126.931 125.12 122.963 138.343
threshold=7.80342721939087 73.875000000000014 0.078402601182460799 1.4776897430419924 -0.39233249425888056 -0.36046156287193293 77.625000000000014 73.875000000000014 48.469726562500007 78.125000000000014 16.875000000000004 2.42930018901825 -0.92272481322288502 0.39225773513317114 19.375000000000004 10.327897548675539 18.125000000000004 0.16375125199556353 19.375000000000004 -10.16448402404785 -0.7996615171432494 -0.85671821236610401 13.468425750732424 75.875000000000014 -0.99940761923789967 73.875000000000014 0.020312227308750156 73.625000000000014 -0.91249075531959523 -0.21966676414012906
decision_type=2 2 2 2 2 2 2 2 2 2 2 2 2 2 2 2 2 2 2 2 2 2 2 2 2 2 2 2 2 2
left_child=2 4 3 11 8 9 7 -5 12 10 15 26 16 -4 -9 -3 -2 18 19 -7 21 22 -14 25 -25 -13 -1 -18 29 -8
right_child=1 5 13 6 -6 17 28 14 -10 -11 -12 23 20 -15 -16 -17 27 -19 -20 -21 -22 -23 -24 24 -26 -27 -28 -29 -30 -31
leaf_value=-0.023062815773340462 0.051912171560735292 0.0051300061957515134 -0.036450079777576555 0.014282479887235962 0.0081198850987153175 0.049445384523289282 0.039305568185227291 -0.012244348397510697 0.05338663983775159 0.018078047296459784 0.0013834430041922557 0.0059351516334196401 -0.0136445769901355 -0.021183434992331916 -0.00047029273837188217 0.043221122141471016 0.03614976615101323 -0.032077334251147012 -0.012613887851969985 0.00096305555313692037 0.020830274717464067 0.071595495613666987 0.039649965420965459 -0.036688052024097161 -0.0021456511936612443 -0.020115373023090213 -0.012464277802452657 -0.0072241120779057005 0.0025877183789513093 0.011513617607676874
leaf_weight=3792.3769570216537 1098.9841573536396 221.86441661417484 3449.0784325301647 1317.0574136525393 1057.4520005732775 126.16495843976736 371.88003779947758 3893.9396316707134 1534.5299543440342 4318.0138857364655 4421.2240172550082 376.20731210708618 133.34914905577898 1414.4244985952973 2672.7806546017528 441.40555110573769 957.07837020605803 285.05239607766271 1133.4508162848651 684.93363196402788 1681.5836302489042 258.84742637723684 229.68581534922123 215.94098155945539 3670.3336812332273 1989.7989601418376 3542.8532943949103 116.17818264663219 1623.1540065184236 1210.3554159626365
leaf_count=53980 5311 1676 59827 11119 9105 1166 2779 46928 6845 33671 45556 3822 914 21076 30534 2684 4647 4225 13510 7756 9562 1627 1346 3312 41544 26609 45701 705 16415 10685
internal_value=-0.000120561 0.0178175 -0.011478 -0.00740967 0.034584 0.00760912 0.000286296 -0.0038143 0.0392189 0.011163 0.00526648 -0.0136862 0.0342532 -0.0320627 -0.00746008 0.0307451 0.0419834 -0.00736107 -0.00359232 0.00901474 0.0268135 0.0424064 0.0202329 -0.00864231 -0.00415424 -0.0159657 -0.0179678 0.0314313 0.0103524 0.0182515
internal_weight=48240 18699.8 29540.2 24676.7 7067.69 11632.1 11089.2 7883.78 6010.24 9402.51 5084.49 13587.5 4475.71 4863.5 6566.72 663.27 2172.24 2229.6 1944.55 811.099 2303.47 621.882 363.035 6252.28 3886.27 2366.01 7335.23 1073.26 3205.39 1582.24
internal_count=524637 150306 374331 293428 40062 110244 118460 88581 30957 83587 49916 174968 24112 80903 77462 4360 10663 26657 22432 8922 13449 3887 2260 75287 44856 30431 99681 5352 29879 13464
is_linear=0
shrinkage=0.04


Tree=17
num_leaves=31
num_cat=0
split_feature=13 9 11 6 11 10 9 8 12 8 9 9 10 11 10 6 10 10 9 9 14 9 10 10 10 13 10 7 10 11
split_gain=5712.03 1953.79 1506.97 622.372 514.095 432.6 361.657 306.711 286.276 264.042 203.431 190.181 220.394 160.748 157.572 148.54 136.377 145.683 136.092 133.352 140.953 131.807 131.025 280.648 143.435 122.583 120.904 120.625 117.208 116.449
threshold=7.1504902839660653 73.875000000000014 0.19758678972721103 3.9328478574752812 -0.12758953124284741 -0.55028682947158802 78.875000000000014 16.125000000000004 0.39225773513317114 19.375000000000004 73.625000000000014 76.625000000000014 -0.99054482579231251 0.16375125199556353 -0.01505099539645016 28.183121681213382 -0.2696967720985412 -0.16905184835195539 73.875000000000014 73.875000000000014 0.018465646542608741 78.625000000000014 -0.59262362122535694 -0.56456753611564625 -0.11798679083585738 52.445932388305671 -0.86546283960342396 10.392376422882082 -0.60639065504074086 -0.91939276456832875
decision_type=2 2 2 2 2 2 2 2 2 2 2 2 2 2 2 2 2 2 2 2 2 2 2 2 2 2 2 2 2 2
left_child=2 5 3 8 6 15 7 28 19 13 26 -12 -13 18 -7 -2 -14 -18 -10 -1 -21 -22 -8 -24 25 -25 -5 -26 -3 -11
right_child=1 4 -4 10 -6 14 22 -9 9 29 11 12 16 -15 -16 -17 17 -19 -20 20 21 -23 23 24 27 -27 -28 -29 -30 -31
leaf_value=0.002802658260006966 0.014843437855982071 0.005937920296066314 -0.035994771653763594 0.00069293733672099085 -0.019446118519555123 0.047347957846541687 0.010595170907070557 0.0024150700268426111 0.0038487918216741968 0.0084843106648152585 -0.0085079062632863554 -0.024355527401288133 0.0018111595902188229 0.058249538379572717 0.030405775829938194 0.034041514097732144 0.047453854499093326 0.011531234175173542 -0.017494357010485823 -0.030848575050852981 -0.018665352678110696 -0.0030082444550660354 0.093838968125574032 0.032926262638113893 0.018241700491217625 -0.021141095366796505 0.030492187699512001 -0.018464222695226514 0.049013050809550825 -0.0054055852069531786
leaf_weight=486.94839694350958 1913.8826256021857 150.69369140267372 3486.3771233893931 360.96227215975523 1061.7444684691727 2764.7530557438731 1467.0829446017742 7007.9061888307333 545.34057633578777 1650.5809295922518 3289.1242107562721 382.0540566444397 2609.9840434193611 39.205891016870737 1408.8884401023388 988.42444594204426 209.45831280946732 1092.3084058687091 3684.1400343701243 1288.8969133533537 5886.7244391366839 1012.2167596518993 84.927715241909027 1327.8436787948012 488.79788212478161 64.101630225777626 541.26458195596933 191.83137350529432 316.96106464415789 2298.0237128697336
leaf_count=5882 14397 1048 60932 3320 14073 12777 12677 70862 5351 17368 39484 4992 25723 575 7290 5504 1856 10461 47433 19648 81955 12742 535 9336 3961 437 3441 1542 1882 27153
internal_value=-0.000120371 0.0167586 -0.0113723 -0.00797672 0.00702444 0.0334558 0.00957161 0.0045325 -0.0124142 -0.00705096 0.000861588 -0.00128369 0.00425708 -0.0139349 0.0417152 0.0214761 0.0071066 0.017629 -0.0147398 -0.0174807 -0.0186889 -0.0163758 0.0199235 0.0261886 0.0229792 0.0303033 0.0187084 0.00777879 0.0355477 0.000407382
internal_weight=48101.4 19237.8 28863.6 25377.2 12161.9 7075.95 11100.1 7475.56 16892.1 8217.29 8485.16 7582.93 4293.8 4268.69 4173.64 2902.31 3911.75 1301.77 4229.48 8674.79 8187.84 6898.94 3624.59 2157.5 2072.57 1391.95 902.227 680.629 467.655 3948.6
internal_count=524637 156321 368316 307384 116353 39968 102280 73792 218107 97880 89277 82516 43032 53359 20067 19901 38040 12317 52784 120227 114345 94697 28488 15811 15276 9773 6761 5503 2930 44521
is_linear=0
shrinkage=0.04


Tree=18
num_leaves=31
num_cat=0
split_feature=14 9 11 8 12 10 9 11 10 9 8 11 14 0 12 12 10 7 11 10 10 10 10 10 7 4 11 10 11 4
split_gain=5296.21 1761.04 1190.72 620.193 455.629 438.886 412.072 292.132 291.988 279.561 499.212 235.793 201.321 147.424 136.981 136.438 135.857 135.58 130.475 238.63 127.23 180.241 164.988 209.079 243.504 207.773 125.851 120.795 120.201 182.771
threshold=6.213581085205079 73.625000000000014 0.078402601182460799 16.625000000000004 0.47525392472743994 -0.55028682947158802 78.625000000000014 -0.37645272910594935 -0.60639065504074086 73.875000000000014 18.875000000000004 0.16375125199556353 10.469696044921877 1.7792996764183047 0.099493544548749938 0.39225773513317114 -0.10088855028152464 3.1846334934234624 -0.91939276456832875 -0.35141934454441065 0.25725142657756811 -0.01505099539645016 -0.52124115824699391 -0.47652685642242426 9.8429808616638201 0.11472212523221971 -0.09339838474988936 -0.91246706247329701 0.0096758542931638675 21.922431945800785
decision_type=2 2 2 2 2 2 2 2 2 2 2 2 2 2 2 2 2 2 2 2 2 2 2 2 2 2 2 2 2 2
left_child=2 5 4 8 17 12 11 14 -3 -6 -11 20 -2 -10 -8 -4 -7 -1 19 -12 21 22 25 24 -24 -5 -14 -16 -27 -30
right_child=1 3 15 6 9 16 7 -9 13 10 18 -13 26 -15 27 -17 -18 -19 -20 -21 -22 -23 23 -25 -26 28 -28 -29 29 -31
leaf_value=-0.018565703647386529 -0.0018869603932852468 0.0092167837698941945 -0.036063354635611375 0.0093101973874809944 0.016788793713865643 0.049448552168930404 -0.0085565532163883063 -0.0089530970017133223 -0.0059204239843282944 -0.01763809014760203 0.047795338056393577 -0.032558086410463649 0.029099958935689042 0.048244029962207211 0.061657632260594203 -0.019946030687071896 0.032491846671608052 -0.0083510239894449348 -0.0039644663121817083 0.0040668495220187199 0.024541145311189585 -0.013608292752982689 0.0046958885830886352 0.0059358164638229211 0.070340281601017962 -0.0097775628206669182 -0.003133409605010763 0.018488026935713942 -0.0021817314505257123 0.075493778112443788
leaf_weight=6375.6903931684792 526.84245845675468 649.89937226474285 3183.6648692302406 1725.5847430154681 997.63282807171345 1884.8607655540109 289.32534239441156 759.54063671082258 85.676509276032448 3459.2161696366966 205.09745744615793 333.91182412579656 1854.2159318327904 929.7248315140605 98.621696084737778 1202.7368122637272 1429.0765043646097 3121.761776201427 3758.6693555749953 2827.2182679399848 348.1385650858283 1285.2056174054742 179.06015831232071 2668.6960196569562 175.84251807630062 3134.5006505511701 214.23899672180414 4030.7284179925919 170.29400703310966 57.456408720463514
leaf_count=90117 4449 5323 58718 18914 8573 8280 2500 9208 726 44244 1920 5207 11058 5083 735 18699 6912 38400 43196 29587 3598 12748 1894 25064 1506 32424 2068 30676 2184 626
internal_value=-0.000119548 0.0138228 -0.0127862 0.00724904 -0.00877382 0.0326038 0.00470891 0.0138683 0.0303538 -0.00332168 -0.00529346 -6.04431e-06 0.0201639 0.0436606 0.0178024 -0.0316995 0.042256 -0.0152205 0.00101139 0.0071719 0.00114161 0.000249505 0.00245924 0.00984318 0.0382568 -0.00193959 0.0257624 0.0196655 -0.00772373 0.0197652
internal_weight=47963.1 22831.4 25131.7 16922.2 20745.3 5909.23 15256.9 5178.22 1665.3 11247.8 10250.2 10078.7 2595.3 1015.4 4418.68 4386.4 3313.94 9497.45 6790.99 3032.32 9744.78 9396.64 8111.43 3023.6 354.903 5087.84 2068.45 4129.35 3362.25 227.75
internal_count=524637 191183 333454 158416 256037 32767 147284 43119 11132 127520 118947 104165 17575 5809 33911 77417 15192 128517 74703 31507 98958 95360 82612 28464 3400 54148 13126 31411 35234 2810
is_linear=0
shrinkage=0.04


Tree=19
num_leaves=31
num_cat=0
split_feature=14 9 11 8 12 9 11 10 0 9 8 14 10 9 14 9 11 8 8 11 9 10 11 10 10 9 11 10 11 11
split_gain=4894.73 1593.07 1159.93 567.601 520.079 417.545 409.172 397.805 321.875 278.322 432.184 181.144 176.319 163.833 155.883 179.718 143.518 129.046 118.885 116.818 116.534 133.546 130.716 267.395 157.538 115.624 113.962 153.309 113.787 108.005
threshold=6.213581085205079 73.625000000000014 0.21441935747861865 16.875000000000004 0.47525392472743994 76.875000000000014 -0.36046156287193293 -0.55028682947158802 10.152050018310549 73.875000000000014 18.875000000000004 10.469696044921877 -0.98930078744888295 73.875000000000014 0.018465646542608741 78.875000000000014 0.12972188368439677 18.875000000000004 16.875000000000004 0.12972188368439677 76.125000000000014 -0.74512827396392811 -0.91939276456832875 -0.35141934454441065 -0.98664820194244374 79.625000000000014 -0.12758953124284741 0.10516610741615297 -0.92921787500381459 0.16375125199556353
decision_type=2 2 2 2 2 2 2 2 2 2 2 2 2 2 2 2 2 2 2 2 2 2 2 2 2 2 2 2 2 2
left_child=2 7 4 8 13 16 25 11 28 18 29 -2 -12 -1 -15 -16 -5 -9 -6 -13 21 -14 23 -22 -24 -7 27 -17 -3 -11
right_child=1 3 -4 5 9 6 -8 17 -10 10 12 19 20 14 15 26 -18 -19 -20 -21 22 -23 24 -25 -26 -27 -28 -29 -30 -31
leaf_value=0.0046634495895555858 -0.0018152787901061795 0.0263514744336143 -0.035477558495257355 -0.0023876762894298248 0.048923450945616599 0.0096471560307141001 -0.010755612923283293 0.045745424755897546 0.039343422279758941 -0.017565349407289373 -0.021172739334671488 0.026294079191360949 0.010499795291244321 -0.030260421927547472 -0.017446383691274523 0.018263358294673841 -0.030131292348159696 0.02859096809660288 0.010392978954025179 -0.020797944213585145 0.062945595034864354 -0.012666771637423356 0.063028230708566446 0.0087688296452937652 -0.0025036930174674012 0.020019913007930108 -0.023580443499320702 -0.015555334002489931 -0.0050150742058655854 0.038512624468139446
leaf_weight=584.61994268000126 526.14978216961026 282.06176275759935 3051.6936272196472 5789.5937475524843 140.18092968314886 4874.6770026311278 1315.8402553349733 2223.1885534524918 1241.8998727314174 3522.6621229462326 551.0892447642982 2016.5708808004856 549.85382673889399 1247.7084022350609 7102.7315655201674 586.24527820944786 304.72063675522804 1132.9027668833733 945.69105494767427 80.849473398178816 147.47054509818554 1376.4036775380373 50.214999590069056 2053.7945869415998 2317.492314029485 2683.0226923301816 255.84709289297462 325.75809749215841 498.19611670821905 46.735481701791286
leaf_count=7017 4449 2191 56807 60645 1214 42446 16379 9911 7075 46005 7563 12167 6896 19930 100293 6319 4708 5281 8403 959 1172 17047 640 19965 25297 20185 3925 4260 4787 701
internal_value=-0.000118465 0.0131902 -0.0124174 0.00693224 -0.00917521 0.00423603 0.0097683 0.0309298 0.0267704 -0.00343021 -0.00540698 0.0191467 0.000342155 -0.0158193 -0.017081 -0.0150586 -0.00382197 0.0400568 0.0157681 0.0243887 0.00219733 -0.00603376 0.00567312 0.0126666 -0.000854639 0.0133511 -0.000511254 0.00614598 0.00651384 -0.0167256
internal_weight=47825.9 22969.7 24856.2 16990 21804.5 14967.9 8873.54 5979.66 2022.16 11701.6 10615.7 2623.57 7046.32 10102.9 9518.29 8270.58 6094.31 3356.09 1085.87 2097.42 6495.23 1926.26 4568.97 2201.27 2367.71 7557.7 1167.85 912.003 780.258 3569.4
internal_count=524637 191183 333454 158416 276647 144363 79010 32767 14053 134903 125286 17575 78580 141744 134727 114797 65353 15192 9617 13126 71017 23943 47074 21137 25937 62631 14504 10579 6978 46706
is_linear=0
shrinkage=0.04


Tree=20
num_leaves=31
num_cat=0
split_feature=13 9 11 6 10 11 9 12 8 5 10 7 10 9 9 10 10 10 10 10 10 10 10 12 7 10 10 10 8 9
split_gain=4554.38 1473.27 1374.17 510.222 441.873 402.397 352.599 243.644 274.879 178.361 175.158 167.978 156.822 156.418 160.784 193.862 142.954 161.397 134.419 123.646 123.886 120.482 331.253 155.076 167.57 149.029 137.128 267.737 116.014 185.23
threshold=7.1504902839660653 74.125000000000014 0.19758678972721103 3.9328478574752812 -0.55028682947158802 -0.12758953124284741 78.875000000000014 0.042480610311031348 19.375000000000004 18.583501815795902 -0.15207348018884656 3.2722177505493169 -0.38341410458087916 73.625000000000014 76.625000000000014 -0.99054482579231251 -0.74512827396392811 0.30675521492958074 -0.7785360813140868 -0.2696967720985412 -0.16905184835195539 -0.74512827396392811 -0.87395131587982167 26.09754848480225 5.6850242614746103 -0.52124115824699391 -0.76762619614601124 -0.85671821236610401 17.625000000000004 73.625000000000014
decision_type=2 2 2 2 2 2 2 2 2 2 2 2 2 2 2 2 2 2 2 2 2 2 2 2 2 2 2 2 2 2
left_child=2 4 3 7 9 6 21 11 16 -2 12 -1 -6 -5 -15 -16 18 -18 -9 -17 -21 22 -3 24 -24 -23 27 -25 -12 -30
right_child=1 5 -4 13 10 -7 -8 8 -10 -11 28 -13 -14 14 15 19 17 -19 -20 20 -22 25 23 26 -26 -27 -28 -29 29 -31
leaf_value=-0.021585845587983189 0.0070870789945261725 -0.0023201363658512646 -0.035130653609357444 0.016076265591833106 0.031237024000854107 -0.019588139434229469 0.017393576949429931 -0.0083974220066816967 -0.0010134009634802017 0.025419420565296856 0.036864879863750526 -0.0055534932756532316 0.051764709218477326 -0.0079451149953730284 -0.023533112214555764 0.0013868462777194032 -0.022964090209358214 -0.00043941683368703183 0.030086955878708199 0.043210262309922989 0.010686962282925596 -0.016683109759840345 0.045572381464252097 0.11866904236743178 0.0045160585837627602 0.0018306489020145395 0.12915381280930299 0.0029879987411901179 0.025153645878114 -0.016622994556560373
leaf_weight=4537.3309678733349 1683.3100015074015 1406.7618682533503 3187.9483334757388 929.97123454511166 1163.7138212919235 942.10165978595614 3741.9672911316156 1847.7713743411005 5066.1125888936222 1725.7863658554852 1047.158533602953 1368.8864782340825 1389.1782196983695 3241.750846453011 368.73757319152355 2628.391865670681 2813.322217412293 621.39545233547688 147.75992885231972 218.81875226646662 1106.4339882731438 853.88273561745882 246.99451500177383 37.151163563132286 424.01061297953129 3565.0493059754372 31.122591376304626 101.3745096847415 1049.7427663430572 194.98625066131353
leaf_count=69616 13909 15022 60932 6761 5620 12936 28488 24622 59431 10091 5442 17858 6607 39484 4992 25723 37013 7630 1937 1856 10461 8379 2636 366 4177 34743 308 1003 4971 1623
internal_value=-0.000118019 0.0146731 -0.0104444 -0.00727057 0.0275217 0.00531378 0.0075844 -0.0113892 -0.00772014 0.0164147 0.0352874 -0.0178857 0.0425657 0.000686782 -0.001224 0.00382348 -0.0139638 -0.0189021 -0.00541202 0.00642783 0.0163404 0.00206048 0.00957914 0.0292848 0.020076 -0.00177641 0.0625629 0.0399134 0.0270304 0.018529
internal_weight=47688.9 19604.3 28084.6 24896.7 8253.88 11350.4 10408.3 16402.6 10496.4 3409.1 4844.78 5906.22 2552.89 8494.1 7564.13 4322.38 5430.25 3434.72 1995.53 3953.64 1325.25 6666.35 2247.42 840.653 671.005 4418.93 169.648 138.526 2291.89 1244.73
internal_count=524637 156321 368316 307384 48263 108058 95122 218107 130633 24000 24263 87474 12227 89277 82516 43032 71202 44643 26559 38040 12317 66634 23512 8490 6813 43122 1677 1369 12036 6594
is_linear=0
shrinkage=0.04


Tree=21
num_leaves=31
num_cat=0
split_feature=14 9 11 8 12 9 11 10 10 9 8 10 14 9 1 14 9 11 10 5 14 18 11 10 3 11 4 8 11 9
split_gain=4204.48 1323.18 1092.25 483.997 471.204 367.568 350.94 332.922 272.719 249.596 391.864 162.687 157.107 155.277 154.271 150.682 168.374 131.45 117.544 110.29 106.525 106.203 106.039 141.218 104.523 108.287 149.009 103.741 103.307 103.298
threshold=6.213581085205079 73.625000000000014 0.21441935747861865 16.875000000000004 0.47525392472743994 76.875000000000014 -0.36046156287193293 -0.55028682947158802 -0.60639065504074086 73.875000000000014 18.875000000000004 -0.98930078744888295 10.469696044921877 73.875000000000014 0.8809296488761903 0.018465646542608741 78.875000000000014 0.12972188368439677 -0.10088855028152464 23.216427803039554 17.182626724243168 63.507022857666023 -0.12758953124284741 -0.94423642754554737 1.6041122674942019 0.0096758542931638675 16.45009803771973 16.875000000000004 0.12972188368439677 76.125000000000014
decision_type=2 2 2 2 2 2 2 2 2 2 2 2 2 2 2 2 2 2 2 2 2 2 2 2 2 2 2 2 2 2
left_child=2 7 4 8 13 17 -7 12 19 27 -11 -12 -2 -1 -10 -15 -17 24 20 -3 -9 -22 23 -18 -5 -26 -27 -6 -14 -13
right_child=1 3 -4 5 9 6 -8 18 14 10 11 29 28 15 -16 16 22 -19 -20 -21 21 -23 -24 -25 25 26 -28 -29 -30 -31
leaf_value=0.004926603167796694 -0.0021275724757575222 -0.0029837584382183834 -0.034870665225230579 0.0047049840993791054 0.045294960190508285 0.01224633631228951 -0.010196078374930728 0.06473484910472399 -0.016688484648571613 -0.015999179043506034 -0.02054814879933279 -0.0056558641705240099 0.023906688842117104 -0.029560270694299264 0.039611796812655642 -0.016672066198275201 0.045098941168854698 -0.029460161518923087 0.027455154127789864 0.029895564354625637 0.027162510758758997 0.048321665108999094 -0.022873073578909758 -0.00014754194801782028 -0.0076034379483334545 -0.0096563529079614092 0.084444619726802797 0.0098417385380030545 -0.0205236434851181 0.0053936048077451093
leaf_weight=581.57520031929016 528.9182444177568 585.33192503079772 2867.9408512637019 2104.8684626817703 145.40037558972836 7676.243857242167 1296.1726711429656 313.56255474686623 77.983196549117565 3487.6578714102507 538.07426802441478 1909.0688985772431 2065.2048571407795 1194.3960001990199 1181.6795437783003 6921.4319931641221 118.18976633250713 292.17366345599294 1480.9163314774632 215.55146618932486 789.02829968929291 841.10442073643208 247.87615683674812 793.36964202299714 3583.3897289298475 55.381514359265566 39.269083119928837 952.96079223975539 79.945611480623484 4589.477648049593
leaf_count=7017 4449 5472 56807 22981 1214 62631 16379 1466 716 46706 7563 23943 12167 19930 6610 100293 1237 4708 6912 1255 3364 3450 3925 9342 36572 708 384 8403 959 47074
internal_value=-0.000115534 0.0120644 -0.0117251 0.00635404 -0.00861987 0.00385628 0.00899652 0.0280467 0.0244877 -0.00315936 -0.00505662 0.000382007 0.0173687 -0.0150489 0.0360224 -0.0163053 -0.0143121 -0.00373777 0.0363096 0.006125 0.0428809 0.0383081 -0.000201574 0.00614468 -0.00238956 -0.00645138 0.0337233 0.0149013 0.0221633 0.00214392
internal_weight=47554.1 23206.7 24347.4 17108 21479.5 15047.5 8972.42 6098.68 2060.55 11622.6 10524.3 7036.62 2674.07 9856.84 1259.66 9275.26 8080.87 6075.08 3424.61 800.883 1943.7 1630.13 1159.44 911.559 5782.91 3678.04 94.6506 1098.36 2145.15 6498.55
internal_count=524637 191183 333454 158416 276647 144363 79010 32767 14053 134903 125286 78580 17575 141744 7326 134727 114797 65353 15192 6727 8280 6814 14504 10579 60645 37664 1092 9617 13126 71017
is_linear=0
shrinkage=0.04


Tree=22
num_leaves=31
num_cat=0
split_feature=13 11 9 14 11 6 9 11 12 9 9 10 8 7 8 9 10 10 8 11 10 10 3 10 11 9 6 10 10 10
split_gain=3914.82 1285.71 1235.87 449.584 378.109 280.458 242.595 195.001 187.879 187.758 275.517 248.903 182.764 142.378 124.747 132.313 117.074 526.919 141.197 135.121 169.332 173.58 120.045 118.773 116.765 135.281 117.698 114.66 96.9727 95.2014
threshold=7.1504902839660653 0.19758678972721103 73.875000000000014 2.5444051027297978 -0.12758953124284741 33.899541854858406 79.625000000000014 -0.91939276456832875 0.020312227308750156 77.625000000000014 73.625000000000014 -0.99054482579231251 16.125000000000004 3.5033377408981328 17.875000000000004 73.625000000000014 -0.96463498473167408 -0.9769422411918639 18.875000000000004 0.026874557137489322 -0.99630266427993763 -0.98803845047950734 0.37422093749046331 0.30675521492958074 -0.99966478347778309 74.875000000000014 9.882423400878908 -0.86546283960342396 -0.7996615171432494 0.41886392235755926
decision_type=2 2 2 2 2 2 2 2 2 2 2 2 2 2 2 2 2 2 2 2 2 2 2 2 2 2 2 2 2 2
left_child=1 3 5 8 6 7 12 14 13 10 27 -11 -4 -1 -2 -16 17 19 23 -10 -21 -22 -19 -18 25 -12 -26 -5 -29 -20
right_child=2 -3 4 9 -6 -7 -8 -9 16 11 24 -13 -14 -15 15 -17 18 22 29 20 21 -23 -24 -25 26 -27 -28 28 -30 -31
leaf_value=-0.02169092936234247 0.042022059504002354 -0.034527094916755915 0.027941058714577173 -0.0018427178753458472 -0.017761110976104062 0.036446058087274358 0.018882357329975178 0.01318039089455317 -0.01900809127071448 -0.027423241906513431 -0.028867370983141329 0.0084178552207356556 0.003288883851889191 -0.0036623189799601607 0.02708643112428586 -0.0088080048870017007 -0.021809572755676524 0.087482160167773826 -0.0039015619889978164 0.038500358230127589 -0.032218615226431588 0.026009006819885272 0.011729907744075816 0.0021533271159459083 -0.011097235911630038 0.042827946918588877 0.0026323975364300461 0.061562201729803194 0.017256324354776073 -0.030593809657124039
leaf_weight=3917.017603751272 799.71849361807108 3000.5454853251576 500.6887764185667 478.35666093975306 1000.4697907716036 2765.7588951438665 2456.8705297708511 2688.5569197013974 662.14146040380001 327.81782504543662 51.252763964235783 3792.3569715693593 8424.9036955609918 858.69603729993105 985.51104262471199 191.78265484422445 2069.1112611889839 117.13072794675827 3416.2267038822174 178.32074611634016 194.15139549225569 127.46368858590722 50.115837797522545 391.57848228886724 5740.3430435359478 134.94228395819664 1204.9659948013723 84.805325105786324 588.90171394497156 218.51778649166226
leaf_count=62607 3867 60932 2930 4422 14073 12292 18227 17962 8964 4620 632 35335 81123 11537 4573 1274 29024 1332 41341 2342 3269 2075 601 4930 73231 1638 12440 577 3585 2882
internal_value=-0.000114203 -0.00985008 0.0134477 -0.00682785 0.00570033 0.0263323 0.00777628 0.0202717 -0.0122765 -0.00146292 -0.004932 0.0055067 0.00470149 -0.0184637 0.0298003 0.0212142 -0.0082773 0.00246313 -0.0106198 -0.00727588 0.00833092 -0.00905321 0.0667253 -0.018003 -0.00786603 0.0226274 -0.00871487 0.0131416 0.0236523 -0.00558581
internal_weight=47419 27604.8 19814.3 24604.2 12382.9 7431.33 11382.5 4665.57 12200.5 12403.7 8283.57 4120.17 8925.59 4775.71 1977.01 1177.29 7424.76 1329.32 6095.43 1162.08 499.936 321.615 167.247 2460.69 7131.5 186.195 6945.31 1152.06 673.707 3634.74
internal_count=524637 368316 156321 307384 116353 39968 102280 27676 170904 136480 96525 39955 84053 74144 9714 5847 96760 18583 78177 16650 7686 5344 1933 33954 87941 2270 85671 8584 4162 44223
is_linear=0
shrinkage=0.04


Tree=23
num_leaves=31
num_cat=0
split_feature=13 11 9 14 10 9 11 11 12 9 9 10 10 18 10 7 10 10 2 10 10 13 10 10 10 8 11 10 10 10
split_gain=3612.05 1242.29 1126.35 421.906 350.073 330.762 193.275 190.98 179.3 174.791 307.178 236.971 156.685 143.414 137.698 136.426 128.571 294.73 144.476 138.965 234.389 161.492 133.165 109.675 465.994 134.063 126.62 152.056 162.898 113.111
threshold=7.1504902839660653 0.19758678972721103 74.125000000000014 2.5444051027297978 -0.55028682947158802 78.625000000000014 -0.11051030829548834 -0.32816398143768305 0.020312227308750156 76.625000000000014 73.625000000000014 -0.99054482579231251 -0.15207348018884656 49.731218338012702 -0.35141934454441065 3.5033377408981328 -0.74512827396392811 -0.87395131587982167 4.8900020122528085 -0.76762619614601124 -0.81984052062034596 15.782788753509523 -0.52124115824699391 -0.96463498473167408 -0.9769422411918639 18.875000000000004 0.026874557137489322 -0.99630266427993763 -0.98803845047950734 0.30675521492958074
decision_type=2 2 2 2 2 2 2 2 2 2 2 2 2 2 2 2 2 2 2 2 2 2 2 2 2 2 2 2 2 2
left_child=1 3 4 8 13 6 16 -7 15 10 -5 -11 14 -2 -6 -1 17 -4 19 20 -19 -21 -18 24 26 29 -10 -28 -29 -25
right_child=2 -3 5 9 12 7 -8 -9 23 11 -12 -13 -14 -15 -16 -17 22 18 -20 21 -22 -23 -24 25 -26 -27 27 28 -30 -31
leaf_value=-0.021227227431409625 0.008677166847661821 -0.034211368065314281 -0.0020419866283026191 0.012547818719797099 0.02870569147791327 0.016240359820916636 -0.021532922256555755 -0.010421563316351934 -0.018553664280832275 -0.023086347573402551 -0.010123176508802751 0.0058748780624349062 0.023054780673631318 0.026250969028504007 0.04763795773498667 -0.003528351924268874 -0.017270070842155642 0.068506845493164478 0.013785566739689198 0.0184279525412544 -0.0023979861503278664 0.16736229608497452 0.00075598786801197931 -0.021336969996525696 0.061122986537504975 -0.0053914363713056003 0.035916096149212477 -0.031851050882374408 0.024516442240165946 0.0020657344939277724
leaf_weight=3844.1908524148166 2420.595722079277 2909.0545306503773 1405.8245617821813 1160.3439605981112 1417.9370358511806 3886.6125931441784 636.06626823544502 476.30331049114466 651.68428390100598 482.61119466647506 5238.1318146139383 5500.9146015904844 2354.6178234964609 1073.5254586786032 1195.931949287653 856.08156509324908 800.84750477969646 149.11698931455612 497.41272905468941 22.862540647387505 139.19429337978363 21.604147538542747 3423.1539838984609 2031.3389343805611 176.16050411760807 3618.4445869959891 184.10146290063858 188.76113187521696 130.36224211752415 392.26485107094049
leaf_count=62607 18331 60932 15154 8584 6685 28044 9261 5938 8964 6880 67184 53832 12036 5669 5542 11537 7988 1490 4910 226 1402 195 33450 29024 1933 44223 2342 3269 2075 4930
internal_value=-0.000113179 -0.00954457 0.0128401 -0.00659758 0.0238991 0.0046592 -0.000672384 0.0133125 -0.011915 -0.00140729 -0.0059987 0.00350434 0.0307229 0.014136 0.0375164 -0.018018 0.00141169 0.00914582 0.0278898 0.0479546 0.0353417 0.10823 -0.00269437 -0.00800525 0.00237409 -0.010292 -0.00703477 0.00795324 -0.00877959 -0.0175563
internal_weight=47286.1 27364.4 19921.6 24455.4 8462.61 11459 7096.08 4362.92 12073.4 12382 6398.48 5983.53 4968.49 3494.12 2613.87 4700.27 6460.02 2236.02 830.191 332.778 288.311 44.4667 4224 7373.12 1331.07 6042.05 1154.91 503.225 319.123 2423.6
internal_count=524637 368316 156321 307384 48263 108058 74076 33982 170904 136480 75768 60712 24263 24000 12227 74144 64815 23377 8223 3313 2892 421 41438 96760 18583 78177 16650 7686 5344 33954
is_linear=0
shrinkage=0.04


Tree=24
num_leaves=31
num_cat=0
split_feature=6 9 11 11 12 11 9 6 8 9 8 10 8 9 11 10 9 14 9 17 9 10 3 11 11 10 8 11 11 11
split_gain=3370.61 1202.13 950.929 357.36 347.762 339.73 218.403 189.993 173.126 189.022 162.675 153.801 144.308 140.498 140.199 173.167 128.961 130.348 121.015 110.703 106.867 112.182 100.852 91.0241 106.294 90.9019 116.287 88.9315 87.9557 87.5172
threshold=5.3772497177124032 73.875000000000014 0.21441935747861865 -0.39233249425888056 0.44090898334980017 0.16375125199556353 79.375000000000014 54.614330291748054 19.375000000000004 73.875000000000014 18.125000000000004 -0.99054482579231251 16.125000000000004 73.625000000000014 -0.91249075531959523 -0.35141934454441065 73.625000000000014 0.0044701735023409137 78.875000000000014 1.2275160551071169 76.875000000000014 -0.93235439062118519 14.15839719772339 -0.95242238044738758 -0.97507822513580311 -0.69751432538032521 16.125000000000004 0.12972188368439677 -0.9852197766304015 -0.12758953124284741
decision_type=2 2 2 2 2 2 2 2 2 2 2 2 2 2 2 2 2 2 2 2 2 2 2 2 2 2 2 2 2 2
left_child=2 3 4 7 16 6 12 10 9 -6 19 -8 -3 22 15 -10 -1 -18 -19 -2 28 27 -12 24 -17 -11 -27 -22 -14 -20
right_child=1 5 -4 -5 8 -7 11 -9 14 25 13 -13 20 -15 -16 23 17 18 29 -21 21 -23 -24 -25 -26 26 -28 -29 -30 -31
leaf_value=0.0086073044897069292 0.022258214812109198 0.022314124267888497 -0.034203415257416284 0.0036677465570455854 0.0069559343892893104 -0.030616803842890037 -0.021743056615709119 0.04128188071413702 0.040782177678617054 -0.0050371232117941778 0.027415043316661964 0.014809950437346333 -0.015328313732788047 -0.0083844765043672963 -0.0043885419700608278 0.0022566534979604649 -0.029422474308227531 -0.015447522523484414 0.0047405863270246268 0.038429060891564212 -0.011908421954702725 0.0074122453062576976 0.011587175397587683 -0.010046425956791732 0.022500918854741103 0.034730832941143965 -0.017849696747270972 0.051416076054626024 -0.00074314094804592116 -0.022019964445854443
leaf_weight=376.91647851094604 1468.318072527647 530.11041520163417 2531.4162998646498 1331.5954042449594 1018.9986434020102 434.27330337464809 185.12488621100783 1142.8655636608601 226.80577903240919 1814.0716704167426 1318.203575566411 3727.3097500726581 754.59249868243933 315.85834581404924 3133.2236572727561 1261.9423877596855 907.82574741914868 6599.0001996830106 873.91026090085506 1363.5109101459384 738.64462382718921 4731.5262700170279 1299.6634618863463 505.5261635184288 610.21321968734264 60.050163008272648 2707.2299689278007 27.469573840498924 4917.6616435833275 241.10855705663562
leaf_count=4472 7702 3180 55070 11537 9161 7819 2571 4777 1986 24818 6660 28058 8437 2027 36539 12666 16181 99855 10466 6400 9172 41127 6249 5247 6029 551 36063 384 55414 4019
internal_value=-0.000110948 0.0102643 -0.0111294 0.0226735 -0.00824186 0.00388196 0.00486055 0.0263262 -0.00357678 -0.00857331 0.0232953 0.0130293 0.00212015 0.0165966 0.00130657 0.00814843 -0.0141092 -0.0151111 -0.0133909 0.0301522 0.00114266 0.0051123 0.0196312 0.00487775 0.00893959 -0.012035 -0.0165878 -0.00900465 -0.002707 -0.00119033
internal_weight=47155 24286.7 22868.2 8240.02 20336.8 16046.7 15612.4 6908.42 11338.1 5600.35 5765.55 3912.43 11700 2933.73 5737.71 2604.49 8998.76 8621.84 7714.02 2831.83 11169.9 5497.64 2617.87 2377.68 1872.16 4581.35 2767.28 766.114 5672.25 1115.02
internal_count=524637 201514 323123 45352 268053 156162 148343 33815 133060 70593 29038 30629 117714 14936 62467 25928 134993 130521 114340 14102 114534 50683 12909 23942 18695 61432 36614 9556 63851 14485
is_linear=0
shrinkage=0.04


Tree=25
num_leaves=31
num_cat=0
split_feature=6 9 11 12 11 11 9 8 18 10 14 9 8 9 9 11 9 9 10 11 9 11 10 8 10 7 17 10 12 10
split_gain=3118.51 1096.96 921.343 329.88 324.922 319.989 198.451 177.088 166.171 141.726 132.866 171.181 131.49 113.43 99.6098 144.043 104.206 99.298 105.268 128.36 87.4722 87.0553 155.035 86.9217 84.6237 140.185 129.542 100.791 194.27 90.9765
threshold=5.3772497177124032 73.875000000000014 0.21441935747861865 1.4776897430419924 -0.39233249425888056 0.16375125199556353 79.375000000000014 18.625000000000004 20.720837593078617 -0.99054482579231251 0.018465646542608741 78.625000000000014 16.125000000000004 73.625000000000014 77.375000000000014 0.14675828069448474 74.125000000000014 76.625000000000014 -0.93235439062118519 0.14675828069448474 73.875000000000014 -0.11051030829548834 -0.94423642754554737 18.875000000000004 -0.75648915767669667 10.805946826934816 -16.28720664978027 -0.87395131587982167 7.1565620899200448 -0.52124115824699391
decision_type=2 2 2 2 2 2 2 2 2 2 2 2 2 2 2 2 2 2 2 2 2 2 2 2 2 2 2 2 2 2
left_child=2 4 3 10 7 6 12 8 -2 -8 20 13 -3 -12 15 16 -5 24 19 -19 -1 22 -13 -18 25 27 -27 -14 -29 -26
right_child=1 5 -4 14 -6 -7 9 -9 -10 -11 11 21 17 -15 -16 -17 23 18 -20 -21 -22 -23 -24 -25 29 26 -28 28 -30 -31
leaf_value=0.0083239233223103542 0.015382997903763173 0.021200686247493383 -0.033889419472304998 0.0035521576817059827 0.0035130915402652135 -0.030222412313382151 -0.021292403248860156 0.016307158043147169 0.033951209828378799 0.014077072602932922 0.0074047819705115913 0.039453694190106602 0.0029919791399650605 -0.013897515883789376 0.0046588769625916697 0.041212267737262727 -0.01517996452479661 -0.01092552594053621 0.0066722265939455575 0.077839792148251596 -0.028179181217920679 -0.018634061005883357 6.3383849454816938e-05 -0.0035569035217781785 -0.021292847745868954 0.043208170605010005 -0.017576874784997629 -0.0050760917337269807 0.048324778772775814 -0.0038522961634285704
leaf_weight=111.62315894663334 1021.4568757116795 536.03362673521042 2454.3316698670387 1450.3383392058313 1334.9765908494592 422.70850747823715 181.76183237507939 2447.3421942591667 3493.0039607509971 3764.2496529743075 413.2932669557631 175.62564394623041 1122.779113329947 8672.5081436820328 2585.9502351917326 97.004799816757441 1893.0550715699792 849.00242450833321 5232.5687555000186 16.973234962671995 1098.9249201193452 280.39280228316784 1152.5014389045537 2260.3759954497218 600.17102524638176 52.048989519476891 622.00081305578351 187.48036984354258 244.74008090794086 2249.6218834742904
leaf_count=1482 6097 3180 55070 14223 11537 7819 2571 12086 15632 28058 4492 1856 13725 128482 24779 1440 25808 10618 46125 230 19930 4674 13408 27479 6746 483 6916 2137 2514 25040
internal_value=-0.000109705 0.00981627 -0.0107949 -0.00797231 0.0216203 0.00371689 0.00465175 0.0250825 0.0297932 0.0123982 -0.0122352 -0.0107942 0.00203379 -0.0129214 -0.00184077 -0.00479209 -0.00566045 0.00109647 0.00453367 -0.00831697 -0.0247727 0.00122711 0.0055281 -0.00887821 -0.00303163 0.00280007 -0.0123201 0.00939111 0.0255706 -0.00758692
internal_weight=47024.8 24378.9 22645.9 20191.6 8296.78 16082.1 15659.4 6961.8 4514.46 3946.01 11904.9 10694.3 11713.4 9085.8 8286.72 5700.77 5603.77 11177.4 6098.54 865.976 1210.55 1608.52 1328.13 4153.43 5078.84 2229.05 674.05 1555 432.22 2849.79
internal_count=524637 201514 323123 268053 45352 156162 148343 33815 21729 30629 174324 152912 117714 132974 93729 68950 67510 114534 56973 10848 21412 19938 15264 53287 57561 25775 7399 18376 4651 31786
is_linear=0
shrinkage=0.04


Tree=26
num_leaves=31
num_cat=0
split_feature=13 11 9 8 12 9 7 11 10 10 11 9 9 11 10 10 10 10 2 11 10 10 10 13 11 10 8 10 7 9
split_gain=2897.1 1108.27 892.28 425.01 348.561 317.105 230.289 178.453 168.373 155.877 152.85 141.532 259.066 167.397 174.538 132.675 264.472 160.41 143.207 127.941 122.98 121.112 225.462 125.671 120.497 152.164 116.595 115.463 112.788 112.264
threshold=6.9273691177368173 0.19758678972721103 73.625000000000014 16.875000000000004 0.47525392472743994 78.625000000000014 5.4367742538452157 -0.11051030829548834 -0.53584328293800343 -0.60639065504074086 -0.32816398143768305 76.125000000000014 73.875000000000014 -0.91939276456832875 -0.35141934454441065 -0.74512827396392811 -0.87395131587982167 -0.52124115824699391 4.7243406772613534 -0.95242238044738758 -0.74512827396392811 -0.76762619614601124 -0.81984052062034596 16.398611068725589 -0.96904978156089772 -0.01505099539645016 19.875000000000004 0.12225609645247461 10.254914760589601 73.875000000000014
decision_type=2 2 2 2 2 2 2 2 2 2 2 2 2 2 2 2 2 2 2 2 2 2 2 2 2 2 2 2 2 2
left_child=1 4 8 9 6 7 29 15 -2 -4 -7 12 -6 14 26 16 -5 -17 21 -16 -14 22 -18 -23 25 -19 -13 -10 -28 -1
right_child=2 -3 3 5 11 10 -8 -9 27 -11 -12 13 20 -15 19 17 18 24 -20 -21 -22 23 -24 -25 -26 -27 28 -29 -30 -31
leaf_value=0.0050534166047961271 0.016430129220176816 -0.033353769602489917 0.0080760253749523475 -0.0021950377588639352 0.0077244323490347983 0.014208351405142206 -0.0015962131626329527 -0.020722873788667641 0.034212720833577064 0.031610034130340199 -0.0095171507734711034 0.0058555985164258717 -0.0023680313625147522 -0.0029224344424269438 0.011075157389740313 -0.018089475482319824 0.062264864542981496 0.0040634311900703581 0.011247869339621238 -0.012228014909763106 -0.015727619904482314 0.020892859179290575 -0.0029675199773562051 0.14739183565639977 0.0067704588743946375 -0.018172279962419047 0.090307515335242464 0.015744065382528052 0.010227933507945269 -0.016122345900415797
leaf_weight=418.89789769053459 2494.5131308659911 2651.6143832914531 713.20940857380629 1582.639421440661 1622.2454321905971 4060.5186567232013 2781.8078814148903 694.87622909620404 2613.1978630274534 1253.4953016936779 479.41359455883503 84.479919046163559 1759.1021226719022 3999.6779400669038 2064.8457400947809 956.32838731259108 174.55145434290171 980.73065656423569 555.65538397431374 451.9476260393858 2961.8134202621877 25.832477048039436 155.19317305833101 24.503748424351215 2069.2528151571751 972.95564220100641 86.559348523616791 715.71692653000355 43.678642839193344 7449.0405323170125
leaf_count=5312 15055 60717 5595 16863 13040 28625 32891 10329 10933 6905 6094 789 23884 44754 20175 9336 1657 9098 5361 4550 40421 253 1557 192 19389 9475 674 3293 337 117083
internal_value=-0.000108142 -0.00887628 0.0111595 0.00590191 -0.00612756 0.00322013 -0.0114962 -0.00148066 0.0243977 0.0231596 0.0116875 -0.0017491 -0.00603175 0.00228963 0.00990433 0.000327923 0.00779219 -0.00345535 0.0245285 0.00685871 -0.0107651 0.0431579 0.0323798 0.096695 5.96876e-05 -0.00704633 0.0437094 0.030301 0.0660952 -0.0149899
internal_weight=46898.3 26375.7 20522.6 14699.2 23724.1 12732.5 10649.7 8192.52 5823.43 1966.7 4539.93 13074.4 6343.16 6731.19 2731.51 7497.64 2518.38 4979.27 935.736 2516.79 4720.92 380.081 329.745 50.3362 4022.94 1953.69 214.718 3328.91 130.238 7867.94
internal_count=524637 364627 160010 130729 303910 118229 155286 83510 29281 12500 34719 148624 77345 71279 26525 73181 25883 47298 9020 24725 64305 3659 3214 445 37962 18573 1800 14226 1011 122395
is_linear=0
shrinkage=0.04


Tree=27
num_leaves=31
num_cat=0
split_feature=6 9 11 12 11 10 9 8 9 11 10 11 10 7 6 2 0 3 8 11 10 12 11 11 11 11 11 10 9 9
split_gain=2696.93 918.183 861.844 291.08 288.799 281.9 168.463 150.321 158.389 129.63 125.517 122.609 156.964 115.45 114.29 102.095 95.8336 86.4183 85.7393 85.6112 82.7587 76.373 83.1966 71.3322 94.1085 75.4599 86.6306 68.7252 74.8362 86.1966
threshold=5.3772497177124032 73.875000000000014 0.21441935747861865 0.44090898334980017 0.16375125199556353 -0.55028682947158802 79.375000000000014 19.375000000000004 73.875000000000014 0.12972188368439677 -0.99054482579231251 -0.91939276456832875 -0.35141934454441065 1.847068786621094 26.103278160095218 51.777612686157234 14.064188003540041 13.663959026336672 17.625000000000004 0.16375125199556353 0.019350802991539243 0.020312227308750156 -0.88620507717132557 -0.95242238044738758 -0.97507822513580311 -0.99375280737876881 -0.9970029592514037 -0.99940761923789967 75.875000000000014 73.625000000000014
decision_type=2 2 2 2 2 2 2 2 2 2 2 2 2 2 2 2 2 2 2 2 2 2 2 2 2 2 2 2 2 2
left_child=2 5 3 13 6 9 14 8 18 16 -8 12 -9 21 -3 17 -2 -7 -5 -10 -17 22 -1 24 25 26 -14 -15 29 -29
right_child=1 4 -4 7 -6 15 10 11 19 -11 -12 -13 23 27 -16 20 -18 -19 -20 -21 -22 -23 -24 -25 -26 -27 -28 28 -30 -31
leaf_value=-0.013725051921189075 0.0065705089840899311 0.00084020599023388026 -0.033262864144531015 0.024616765445525914 -0.029541765103630581 0.02994185220644208 -0.020692524969610701 0.04234053827178548 -0.011879734511028125 -0.016993869235121483 0.012939939129041357 -0.0038704868754924461 0.00077250269698777782 -0.027057432930729299 0.016620372487412494 0.04260713991557985 0.019912596596686455 0.017194348605149394 -0.00098090724370572058 0.032986704645283547 0.015438745078200831 -0.0098223547360074322 -0.026921860500615277 -0.0094079699291439289 0.020948949510883628 -0.0082562476270099366 0.030787287236174979 0.015013555863394527 -0.0019827298886756044 -0.016773267819369869
leaf_weight=1470.6719261854887 1700.6661217957735 10950.785126950592 2310.5614382922649 279.6377791762352 403.67406206950545 1559.5817584916949 177.43081526458263 185.48820708692074 4416.1333534233272 231.54456070810556 3821.5444306135178 3221.2591835670173 445.6620597243309 272.1993956156075 777.25602968037128 880.00264170765877 1766.3192685693502 2008.0508621931076 752.82113358750939 59.751640185713768 244.11446712911129 1526.9891663901508 1679.7762227654457 438.1658993139863 622.90911044925451 595.10408227145672 225.41342990100384 144.36116024106741 2281.5488631427288 1319.3218497596681
leaf_count=24976 11767 112074 55070 2481 7819 7491 2571 1508 60537 3201 28058 37698 4473 4484 5640 3550 9591 8724 6680 895 1028 23130 30249 4566 6029 5937 2256 1500 29927 20727
internal_value=-0.000105181 0.00904244 -0.010187 -0.00749737 0.00345553 0.0197666 0.00432073 -0.00324216 -0.00795505 0.0114618 0.0113998 0.00129123 0.00789751 -0.0129893 0.00189928 0.0262751 0.0134056 0.022835 0.00612177 -0.0112086 0.0368954 -0.0172613 -0.0208243 0.0049829 0.00835276 0.00204035 0.0111584 -0.00798491 -0.00653038 -0.0135576
internal_weight=46768.7 24521 22247.8 19937.2 16130.7 8390.28 15727 11242.3 5508.34 3698.53 3998.98 5734 2512.74 8694.87 11728 4691.75 3466.99 3567.63 1032.46 4475.88 1124.12 4677.44 3150.45 2327.25 1889.09 1266.18 671.075 4017.43 3745.23 1463.68
internal_count=524637 201514 323123 268053 156162 45352 148343 133060 70593 24559 30629 62467 24769 134993 117714 20793 21358 16215 9161 61432 4578 78355 55225 23261 18695 12666 6729 56638 52154 22227
is_linear=0
shrinkage=0.04


Tree=28
num_leaves=31
num_cat=0
split_feature=14 11 6 11 10 9 12 8 10 8 10 12 4 11 10 9 7 10 8 5 9 8 11 10 11 9 10 11 10 10
split_gain=2500.17 864.939 774.27 375.761 435.119 343.576 288.623 374.928 269.475 261.12 259.197 222.317 208.71 171.781 153.833 131.831 130.865 119.094 117.448 112.028 100.594 151.22 98.2068 96.3622 96.1047 95.6142 115.759 117.863 186.528 107.053
threshold=6.1376304626464853 0.23118848353624347 28.183121681213382 -0.48501108586788172 -0.82956761121749867 73.875000000000014 0.047660268843173988 18.875000000000004 -0.59262362122535694 19.125000000000004 -0.64659911394119252 6.0829098224639901 7.8374173641204843 0.16375125199556353 -0.98930078744888295 73.625000000000014 1.847068786621094 0.41886392235755926 16.625000000000004 12.416104793548586 77.125000000000014 16.875000000000004 -0.9852197766304015 -0.68508586287498463 0.16375125199556353 76.125000000000014 -0.98664820194244374 -0.91249075531959523 -0.35141934454441065 -0.74512827396392811
decision_type=2 2 2 2 2 2 2 2 2 2 2 2 2 2 2 2 2 2 2 2 2 2 2 2 2 2 2 2 2 2
left_child=1 5 3 4 11 18 16 24 10 -4 19 -2 15 -5 -9 -10 -7 25 -1 23 21 -17 -23 -6 -8 29 -27 28 -28 -16
right_child=2 -3 9 13 8 6 7 14 12 -11 -12 -13 -14 -15 17 20 -18 -19 -20 -21 -22 22 -24 -25 -26 26 27 -29 -30 -31
leaf_value=0.039824080519703993 0.0068159400127839019 -0.03340462661101698 0.029637369626962271 -0.0015664301787589353 -0.0097999129324563769 -0.021573235671885543 -0.015745714308628794 -0.018349163178574046 0.020663202572900847 0.0090949365267759368 -0.026112355988009286 0.046505663282750229 0.01895633367221871 -0.026392125287132001 0.0077977727648982252 0.020168470100274886 -0.0094189545614895287 -0.0295689409595839 0.0063614940734241874 0.011584427497393928 0.0091259171309753945 -0.017526261323282843 -1.6974788970016831e-05 0.01531868079288095 0.027082709162134493 0.052736566353804339 0.043542752375940637 -0.0019586199905934037 0.006599348973396986 -0.010558411332309017
leaf_weight=179.56818854808807 339.10775028914213 2199.6145558804274 3277.4619957506657 4611.4613388925791 1225.2357827089727 3137.6155429147184 4242.0699214302003 700.48326677083969 872.27642603963614 1433.4106248281896 626.19990845397115 689.78088568150997 2932.3800202608109 483.89746560156345 728.81655567511916 439.58583373203874 2626.7196768335998 187.95441417768598 1524.6748874746263 1161.1556426286697 3086.9863580465317 707.70756687223911 1792.9660237319767 295.20361281186342 76.777085360139608 69.369103189557791 230.47671338170767 2649.9504416808486 2490.9812046810985 1626.7374812290072
leaf_count=1671 3109 54039 14808 48258 10519 56809 61751 10685 4004 8777 5497 5379 20245 8553 9773 3080 38269 2612 15048 8405 23813 7448 18673 2563 1297 868 1802 30122 24872 21888
internal_value=-0.000103681 -0.0096244 0.00889986 0.00533892 0.00868748 -0.0070543 -0.00861647 -0.00530677 0.00671141 0.0234193 -0.00315734 0.033616 0.0100314 -0.00397116 -0.000512792 0.00621629 -0.0160606 0.00107304 0.010099 0.00228017 0.00409474 -0.00120053 -0.00502229 -0.00485474 -0.0149235 0.00184869 0.0047611 0.00404467 0.009876 -0.00486999
internal_weight=46646.6 22671.8 23974.8 19263.9 14168.6 20472.2 18768 13003.6 13139.7 4710.87 3307.79 1028.89 9831.9 5095.36 8684.77 6899.52 5764.34 7984.29 1704.24 2681.6 6027.25 2940.26 2500.67 1520.44 4318.85 7796.33 5440.78 5371.41 2721.46 2355.55
internal_count=524637 331506 193131 169546 112735 277467 260748 165670 104247 23585 26984 8488 77263 56811 102622 57018 95078 91937 16719 21487 53014 29201 26121 13082 63048 89325 57664 56796 26674 31661
is_linear=0
shrinkage=0.04


Tree=29
num_leaves=31
num_cat=0
split_feature=13 11 9 8 9 11 12 8 7 10 9 9 10 10 10 11 11 18 10 13 10 10 10 14 9 10 10 10 9 10
split_gain=2327.06 856.736 829.7 344.83 370.879 285.854 208.667 180.33 166.968 147.394 147.108 186.815 133.331 123.036 242.349 122.04 110.681 101.342 100.661 151.236 107.697 255.231 125.122 188.239 110.693 124.803 97.0066 90.1588 87.3121 84.0041
threshold=4.2025263309478769 0.19758678972721103 73.625000000000014 16.625000000000004 76.875000000000014 -0.36046156287193293 0.047660268843173988 18.625000000000004 3.1398928165435795 -0.60639065504074086 75.875000000000014 73.875000000000014 -0.74512827396392811 -0.81984052062034596 -0.76762619614601124 -0.95242238044738758 -0.09339838474988936 24.676052093505863 -0.75648915767669667 12.037590980529787 -0.60639065504074086 -0.64659911394119252 -0.01505099539645016 13.255380153656008 78.375000000000014 -0.56456753611564625 -0.99940761923789967 -0.59262362122535694 73.875000000000014 -0.083760455250740037
decision_type=2 2 2 2 2 2 2 2 2 2 2 2 2 2 2 2 2 2 2 2 2 2 2 2 2 2 2 2 2 2
left_child=1 6 7 9 -5 13 8 17 -1 28 11 -8 -13 -6 -15 29 -9 -2 19 -16 21 -20 24 -24 -22 27 -10 -26 -4 -12
right_child=2 -3 3 4 5 -7 10 16 26 -11 15 12 -14 14 18 -17 -18 -19 20 -21 22 -23 23 -25 25 -27 -28 -29 -30 -31
leaf_value=-0.018124556478133613 0.015203152244447449 -0.033308528950403586 0.021242243789806582 -0.0046779245500525833 0.021394942640993755 -0.010145928499255656 0.0060410429938635877 0.01428392111887369 -0.029808104376168838 0.02881391456533362 0.02051140397208755 -0.0037335265904973754 -0.018201148774919868 -0.020135821166888942 -0.0042151121540039199 -0.0035469729447226324 -0.020223133719587016 0.030003354723834808 0.0093563585984647434 0.10492873060953141 0.0058423332392506582 -0.03492649785621884 0.0082991008163183326 -0.02614945193190351 0.010086077807720832 0.01716156241059727 -0.0024002248950611631 0.069048159311549007 -0.0067629752958165094 0.0025582671055053539
leaf_weight=3968.7535609789193 1065.7700073681772 2260.5787683837116 306.90229808539152 7595.5429509021342 1232.8729989007115 1328.5459773354232 1055.8746077045798 2618.0630373805761 217.52239451557398 1152.0245725810528 614.66110793501139 1656.4940819293261 2665.3394629918039 457.87515216320753 36.806120902299881 4643.893242303282 149.08079200983047 2708.0696890428662 748.92177093029022 33.380925446748734 1423.4055557176471 277.07875563204288 1357.5489978194237 301.67793066799641 65.53386277705431 2517.9717877581716 2277.2367479465902 124.86713904887438 398.75617806240916 1264.8338582441211
leaf_count=69966 6576 57226 2012 85146 10080 17471 9370 12909 3463 6151 6522 23952 39533 3798 307 56315 1626 12624 6149 240 12520 2379 11544 2625 497 16535 28935 745 3595 13826
internal_value=-0.000102616 -0.0101247 0.00787897 0.00371309 0.00196846 0.00706398 -0.00725433 0.0201845 -0.0130354 0.0200515 -0.00410628 -0.00899773 -0.0126773 0.00973814 0.00775512 -6.63043e-05 0.0123587 0.0258749 0.00963587 0.0543057 0.00909709 -0.00282424 0.0112104 0.00191659 0.014929 0.0196655 -0.00489943 0.05027 0.00554358 0.00850706
internal_weight=46525.9 20625.2 25900.7 19359.7 17502 9906.49 18364.6 6540.98 6463.51 1857.68 11901.1 5377.71 4321.83 8577.94 7345.07 6523.39 2767.14 3773.84 6887.19 70.187 6817.01 1026 5791.01 1659.23 4131.78 2708.37 2494.76 190.401 705.658 1879.49
internal_count=524637 309108 215529 181794 170036 84890 251882 33735 102364 11758 149518 72855 63485 67419 57339 76663 14535 19200 53541 547 52994 8528 44466 14169 30297 17777 32398 1242 5607 20348
is_linear=0
shrinkage=0.04


Tree=30
num_leaves=31
num_cat=0
split_feature=6 11 9 11 10 12 9 14 9 10 11 8 10 10 14 10 10 5 10 9 6 7 10 9 8 9 10 11 10 9
split_gain=2167 754.005 740.819 261.602 243.58 234.26 154.178 117.942 154.709 108.976 105.77 102.495 96.0609 115.725 96.4051 95.5763 268.663 87.9839 94.4397 84.3987 83.4562 122.694 187.188 81.4041 81.0306 109.282 77.6732 102.617 111.326 77.208
threshold=5.0890009403228769 0.21441935747861865 73.875000000000014 0.16375125199556353 -0.55028682947158802 1.4776897430419924 79.375000000000014 0.018465646542608741 78.625000000000014 -0.99054482579231251 -0.16162966936826703 15.875000000000002 -0.15207348018884656 -0.35141934454441065 52.571302413940437 -0.7996615171432494 -0.85671821236610401 77.71350479125978 -0.47652685642242426 75.125000000000014 41.267499923706062 10.392376422882082 -0.9769422411918639 73.625000000000014 16.875000000000004 73.625000000000014 0.37146723270416265 -0.11051030829548834 -0.94423642754554737 76.625000000000014
decision_type=2 2 2 2 2 2 2 2 2 2 2 2 2 2 2 2 2 2 2 2 2 2 2 2 2 2 2 2 2 2
left_child=1 5 4 6 10 7 11 19 23 -8 15 -4 13 17 24 16 20 18 -6 -1 21 22 -2 -9 -14 -26 27 28 -10 -13
right_child=2 -3 3 -5 12 -7 9 8 26 -11 -12 29 14 -15 -16 -17 -18 -19 -20 -21 -22 -23 -24 -25 25 -27 -28 -29 -30 -31
leaf_value=-0.0054585612991688336 0.092430787715652885 -0.03230404027246904 0.023786097113409874 -0.028632782973730897 0.030458518546279068 -0.0017360396538080745 -0.019406183841224178 0.0058975284739002124 0.039145685544968938 0.011702610684953166 -0.0038107764796828226 -0.0026568369243108419 0.033008669917915887 0.038507269647272524 -0.011005877589752943 0.0055031494856812267 0.04877974333177057 0.046086203495925633 0.0067352387289892728 -0.029962459522426151 0.030499713749345736 -0.002624207119453742 0.0090310436938875784 -0.012356499381113764 0.019266250140442597 -0.010083472505666583 -0.024490813740929235 -0.016975423556576014 0.0049865423549359314 0.0037989332601155905
leaf_weight=318.86836132407188 48.66068572551012 2094.0202918089926 308.73476274311543 401.28116266429424 439.88463982194662 7803.4200691580772 179.90013219788671 405.00841368734837 172.80273726582527 3977.5486019589007 738.32308671623468 5526.3496609032154 547.50304241478443 1112.5434901714325 170.29688833653927 1452.630421154201 377.45467241853476 179.40988539159298 685.0530676022172 797.42418258264661 253.24414487183094 763.27699092030525 171.85422495752573 8113.56249826774 1411.0836565196514 230.40166013687849 145.72053375467658 258.786845497787 951.32121027261019 6370.2488017976284
leaf_count=5508 359 54585 1761 8296 1927 89487 2688 4383 1806 28799 7546 62051 2365 4668 697 7950 2099 719 2906 15904 1215 4650 1233 126572 6290 1448 2348 4577 10716 59084
internal_value=-0.000101062 -0.0095809 0.00777686 0.00288027 0.0173278 -0.00705648 0.00367011 -0.0107706 -0.00938215 0.0103131 0.00973972 0.00140073 0.0233406 0.0289834 0.0174622 0.0130034 0.0196763 0.0206288 0.0161984 -0.0230735 0.0104761 0.0050666 0.0306461 -0.0114827 0.0197169 0.0151106 0.00232227 0.00530317 0.0105364 0.000800309
internal_weight=46406.6 21060.9 25345.7 16764.1 8581.62 18966.9 16362.8 11163.5 10047.2 4157.45 3805.44 12205.3 4776.18 2416.89 2359.29 3067.12 1614.49 1304.35 1124.94 1116.29 1237.04 983.792 220.515 8518.57 2188.99 1641.49 1528.63 1382.91 1124.12 11896.6
internal_count=524637 315886 208751 162679 46072 261301 154383 171814 150402 31487 25052 122896 21020 10220 10800 17506 9556 5552 4833 21412 7457 6242 1592 130955 10103 7738 19447 17099 12522 121135
is_linear=0
shrinkage=0.04


Tree=31
num_leaves=31
num_cat=0
split_feature=12 11 9 8 9 6 11 9 14 9 10 9 8 10 10 10 10 17 10 10 8 9 11 11 11 10 7 10 1 8
split_gain=2025.62 920.071 665.176 313.512 317.128 278.324 232.948 165.187 143.182 170.3 195.006 187.765 136.693 132.316 108.873 104.035 110.193 123.162 99.4003 98.7758 98.4234 91.0045 88.835 194.657 90.6414 133.129 224.787 189.758 106.178 98.7549
threshold=3.8013771772384648 0.19758678972721103 73.625000000000014 16.875000000000004 77.375000000000014 7.1127724647521982 -0.36046156287193293 74.125000000000014 0.018465646542608741 75.875000000000014 -0.99940761923789967 73.875000000000014 18.625000000000004 0.43442112207412725 0.30675521492958074 -0.74512827396392811 -0.76762619614601124 -0.038192864507436745 -0.60639065504074086 -0.99963879585266102 19.625000000000004 79.625000000000014 -0.96904978156089772 -0.96234029531478871 -0.19547851383686063 -0.74512827396392811 10.666147232055666 -0.55028682947158802 5.993955373764039 21.125000000000004
decision_type=2 2 2 2 2 2 2 2 2 2 2 2 2 2 2 2 2 2 2 2 2 2 2 2 2 2 2 2 2 2
left_child=1 5 12 7 22 8 -6 18 -1 11 -11 -10 -2 21 15 16 -13 -18 -4 -8 -17 -12 -5 -24 25 26 28 -27 -25 -29
right_child=2 -3 3 4 6 -7 19 -9 9 10 13 14 -14 -15 -16 20 17 -19 -20 -21 -22 -23 23 24 -26 27 -28 29 -30 -31
leaf_value=-0.02247789331984211 0.024551926265969259 -0.032917405853294182 0.011579276925862261 -0.011875855876862665 0.010787416413183891 0.0020186591511400839 0.048102806688353851 -0.00023020956718336084 0.0033337558398859298 -0.036177138178801964 -0.003222000462024149 -0.012262982469891054 0.012422153153741599 -0.030383364824052364 0.0028989249029100651 -0.025813684583208717 -0.01097098468856589 0.067902488522148294 0.032553607042453733 -0.013801895984695355 -0.0083660959698794914 0.0089763639378953909 0.036760989305805826 0.0058513899642281446 -0.013159342065872161 -0.024181162055511133 -0.017819060258302013 -0.0027005328959535582 0.027582873723340753 0.027482848335375371
leaf_weight=1082.9551493749022 3620.2515238672495 2203.7505005002022 586.01581932976842 1653.2086874172091 6275.7575245425105 5407.1644948385656 33.63705525174737 563.20096553117037 1049.7772491201758 272.22867326065898 6352.9467518553138 2096.1853111200035 2582.3530217185616 249.86613365262747 489.83464603871107 2231.0705627538264 62.025587890297174 50.073042497038841 1005.5180024206638 858.99680550768971 688.94046817347407 1146.5487146042287 196.53167524933815 858.43237593024969 1074.7897759266198 678.05309603363276 419.08750165253878 1698.5667807906866 618.17374800145626 183.03396558761597
leaf_count=21130 18089 58431 4387 17680 47029 51252 468 4917 10878 4957 84236 33632 13328 4162 7832 36106 957 752 5020 11137 10223 12754 2033 9909 15767 7451 4075 17817 6285 1943
internal_value=-9.78365e-05 -0.00837773 0.00835473 0.00419562 0.00208082 -0.00581004 0.00806759 0.0183987 -0.00849347 -0.00744791 -0.00351433 -0.0121677 0.01953 -0.00232177 -0.015065 -0.0167832 -0.0101606 0.0269366 0.0249512 -0.0109621 -0.0217397 -0.0013476 -0.00373744 -0.00137139 -0.00279046 -0.000265243 0.00774649 -0.00620583 0.0150735 0.000365343
internal_weight=46289 23383.4 22905.6 16703 14548.3 21179.6 7168.39 2154.73 15772.5 14689.5 8021.59 6667.91 6202.6 7749.36 5618.13 5128.29 2208.28 112.099 1591.53 892.634 2920.01 7499.5 7379.88 5726.67 5530.14 4455.35 1895.69 2559.65 1476.61 1881.6
internal_count=524637 337302 187335 155918 141594 278871 58634 14324 227619 206489 106109 100380 31417 101152 89502 81670 35341 1709 9407 11605 46329 96990 82960 65280 63247 47480 20269 27211 16194 19760
is_linear=0
shrinkage=0.04


Tree=32
num_leaves=31
num_cat=0
split_feature=5 11 9 14 11 11 11 10 5 14 9 10 7 9 9 0 10 10 10 10 9 10 8 10 8 10 10 10 11 10
split_gain=1885.79 930.437 578.822 282.163 187.444 184.949 183.353 199.135 157.819 134.344 159.73 132.227 135.221 122.688 110.417 108.995 101.071 99.5525 290.036 97.2403 95.1484 92.0919 108.664 90.0691 89.629 84.3319 130.994 101.997 83.9108 90.2039
threshold=7.721095323562623 0.18069575726985934 74.125000000000014 4.2064404487609872 -0.12758953124284741 -0.90892156958580006 -0.92602273821830738 -0.25309335440397257 77.71350479125978 0.018465646542608741 78.625000000000014 1.0000000180025095e-35 11.938575744628908 73.875000000000014 79.625000000000014 1.7792996764183047 0.30675521492958074 -0.80987083911895741 -0.84828248620033253 0.1563224866986275 76.375000000000014 -0.99940761923789967 17.875000000000004 0.30675521492958074 17.375000000000004 -0.60639065504074086 -0.47652685642242426 -0.36747109889984125 -0.14463099837303159 -0.94423642754554737
decision_type=2 2 2 2 2 2 2 2 2 2 2 2 2 2 2 2 2 2 2 2 2 2 2 2 2 2 2 2 2 2
left_child=1 3 6 9 11 15 7 -2 -8 -1 13 14 19 -11 -4 20 28 18 -7 -13 -5 24 23 -23 -15 -16 -27 -28 29 -12
right_child=2 -3 4 5 -6 17 8 -9 -10 10 16 12 -14 21 25 -17 -18 -19 -20 -21 -22 22 -24 -25 -26 26 27 -29 -30 -31
leaf_value=-0.021775694154158889 0.041795247016483295 -0.030308732163265836 0.0042133679094821849 -0.0079048076702309105 -0.015507238660321521 -0.003601031159005248 0.01036489865097239 0.019201296945533155 0.039214187792719415 0.0048232564238366981 0.034384256822346637 -0.014768411306805972 -0.032059420722306553 0.029537246974881658 0.0057465467186502599 0.01396076885376297 -0.016955688876935635 -0.0096157588261249344 0.03162005147526855 0.0075939328630843482 0.0084937714893636405 -0.021333672091698525 -0.0074441665703837605 0.0065538337855966548 -0.03776078385044037 0.048398573264648324 -0.0057124503796915048 0.02293161273779554 -0.01199340647098583 0.0066183169381529685
leaf_weight=1048.0060151405632 818.98938138410449 2434.6174358464777 5947.9761084206402 1025.8313953727484 762.07371056824923 3133.747097980231 4348.9684099443257 2720.053021159023 318.22680944949389 960.32368988543749 210.92635793238878 475.49349856376648 248.46861942484975 28.038813415914774 947.50517698004842 1944.8653709404171 329.41276555880904 2674.5212005227804 414.60966876894236 856.2766229249537 1238.6442738138139 1626.8755889609456 8373.786520447582 204.35915380343795 287.86244907230139 229.48965405672789 269.9946291744709 710.55473583191633 305.31662778183818 1283.2840386778116
leaf_count=20797 3570 64371 55083 11633 11926 36246 25864 12332 1359 9810 2116 4550 2224 482 7262 16900 4543 26367 3902 8341 11353 26516 123396 3179 5167 1410 1696 4228 5045 12969
internal_value=-9.72605e-05 -0.00675075 0.00971865 -0.00445366 0.0034682 0.000574669 0.0176626 0.0245329 0.0124116 -0.00803027 -0.00695664 0.00497564 -0.00558273 -0.00882148 0.00703842 0.00704116 0.00309455 -0.00380374 0.000591691 -0.000440851 0.00106295 -0.0100703 -0.00939068 -0.0182028 -0.0310645 0.0147712 0.0217329 0.0150664 0.00683827 0.0107404
internal_weight=46179.1 27525 18654.1 25090.4 10447.8 10432.2 8206.24 3539.04 4667.2 14658.2 13610.2 9685.76 1580.24 11481.2 8105.52 4209.34 2128.94 6222.88 3548.36 1331.77 2264.48 10520.9 10205 1831.23 315.901 2157.54 1210.04 980.549 1799.53 1494.21
internal_count=524637 384792 139845 320421 96720 106401 43125 15902 27223 214020 193223 84794 15115 168550 69679 39886 24673 66515 40148 12891 22986 158740 153091 29695 5649 14596 7334 5924 20130 15085
is_linear=0
shrinkage=0.04


Tree=33
num_leaves=31
num_cat=0
split_feature=12 11 6 11 10 6 11 4 8 11 5 14 9 10 9 10 11 9 9 10 10 10 17 8 9 9 11 10 10 11
split_gain=1751.36 850.743 581.751 307.687 404.98 244.656 200.847 186.483 152.122 149.923 133.7 128.266 153.714 180.37 169.491 123.18 122.967 115.443 116.682 99.5218 101.322 103.241 107.852 92.8227 85.2565 82.0917 78.4565 77.85 77.7408 98.286
threshold=3.6564996242523198 0.19758678972721103 28.183121681213382 -0.48501108586788172 -0.80987083911895741 7.1127724647521982 -0.91939276456832875 11.376863956451418 19.125000000000004 -0.97696766257286061 11.107601165771486 0.018465646542608741 75.875000000000014 -0.99940761923789967 73.875000000000014 0.43442112207412725 -0.9970029592514037 78.375000000000014 74.125000000000014 0.30675521492958074 -0.74512827396392811 -0.76762619614601124 -0.038192864507436745 19.625000000000004 75.125000000000014 79.625000000000014 -0.99966478347778309 -0.75648915767669667 -0.35141934454441065 -0.96234029531478871
decision_type=2 2 2 2 2 2 2 2 2 2 2 2 2 2 2 2 2 2 2 2 2 2 2 2 2 2 2 2 2 2
left_child=1 5 3 4 -2 11 7 9 -4 17 -8 24 14 -14 -13 25 -9 18 -6 20 21 -16 -23 -22 -1 -15 -20 -24 -11 -30
right_child=2 -3 8 -5 6 -7 10 16 -10 28 -12 12 13 15 19 -17 -18 -19 26 -21 23 22 27 -25 -26 -27 -28 -29 29 -31
leaf_value=-0.0036112668457288404 0.028155329550244908 -0.032358120731544933 0.02525173579751281 -0.0044633677347099016 0.0072659670639383511 0.0018809714785559238 -0.0067867125516037794 0.0017577629195363587 0.0085354522594265382 0.027650991880319324 0.0060088210237604989 0.003167489039992282 -0.035663866871159959 -0.0030591656994737372 -0.011638011355755656 -0.029794444131985145 0.028929315436398612 0.01172634585070036 0.0167385507169566 0.0028032045778002847 -0.025213770007669018 -0.010217350891645622 0.10585777937359449 -0.0080344049753501949 -0.028859740209812416 0.0085639560100945495 -0.014903468732578052 0.011566624823188223 0.019254097631180425 0.0036033192984338109
leaf_weight=304.36116287484765 1356.6601864695549 2071.7706231102347 3196.3124467134476 4578.7154273763299 797.03585538640618 5302.552596244961 2782.803483620286 354.09930592402816 1214.8757778815925 456.68682698532939 2445.3649466559291 1035.2110659964383 256.66048629581928 6242.3930930830538 2036.9532409124076 240.19334527477622 1083.9396904334426 952.50415981560946 130.79376630112529 483.93376766145229 2138.5094249397516 60.498878687620163 22.930306229740381 673.11548098921776 736.640476282686 1141.4224140197039 1262.4081359803677 29.227838523685932 1061.3305242285132 1616.8803693577647
leaf_count=5483 11104 58233 14008 52547 4694 50274 26924 2368 6924 3489 17322 10713 4935 83471 33395 4147 7071 6709 1321 7749 35788 952 327 10132 15647 12603 13575 420 8627 13685
internal_value=-9.56973e-05 -0.00798072 0.00761541 0.00455405 0.00744233 -0.00552699 0.00525132 0.00934868 0.0206777 0.00635182 -0.000801827 -0.00807694 -0.00708363 -0.00332429 -0.0116431 -0.0021903 0.022297 0.00017253 -0.00488252 -0.0144595 -0.0161456 -0.0095402 0.0262468 -0.021144 -0.0215824 -0.00125326 -0.0118348 0.0633813 0.0125263 0.00985402
internal_weight=46066.8 22776.4 23290.4 18879.2 14300.5 20704.6 12943.8 7715.68 4411.19 6277.64 5228.17 15402.1 14361 7880.67 6480.38 7624.01 1438.04 3142.74 2190.24 5445.17 4961.24 2149.61 112.657 2811.62 1041 7383.82 1393.2 52.1581 3134.9 2678.21
internal_count=524637 334269 190368 169436 116889 276036 105785 61539 20932 52100 44246 225762 204632 105156 99476 100221 9439 26299 19590 88763 81014 35094 1699 45920 21130 96074 14896 747 25801 22312
is_linear=0
shrinkage=0.04


Tree=34
num_leaves=31
num_cat=0
split_feature=13 11 9 8 9 11 12 8 7 9 9 10 10 10 11 14 8 11 10 10 10 7 10 8 11 10 10 10 10 14
split_gain=1626.03 712.542 582.192 256.081 299.693 221.114 163.237 146.475 138.104 130.774 143.016 128.548 116.172 113.825 113.782 91.3164 91.1364 86.5786 85.8598 87.1571 85.0748 143.868 84.8933 115.256 83.5529 81.2516 78.0555 118.641 199.814 151.052
threshold=3.9097638130187993 0.19758678972721103 73.625000000000014 16.625000000000004 76.875000000000014 -0.36046156287193293 0.014921665191650392 18.625000000000004 3.1398928165435795 75.875000000000014 73.625000000000014 -0.9193688929080962 -0.8978554606437682 -0.60639065504074086 -0.95242238044738758 9.0571208000183123 19.125000000000004 -0.09339838474988936 -0.99866804480552662 -0.99815973639488209 -0.98523971438407887 2.1849058866500859 0.30675521492958074 18.625000000000004 -0.91939276456832875 0.30675521492958074 -0.99940761923789967 -0.96463498473167408 -0.9769422411918639 5.6048715114593515
decision_type=2 2 2 2 2 2 2 2 2 2 2 2 2 2 2 2 2 2 2 2 2 2 2 2 2 2 2 2 2 2
left_child=1 6 7 13 -5 12 8 24 16 10 -8 15 -6 -4 -11 20 25 -9 -10 -20 -12 -22 23 -13 -2 -1 -16 28 -28 -30
right_child=2 -3 3 4 5 -7 9 17 18 14 11 22 -14 -15 26 -17 -18 -19 19 -21 21 -23 -24 -25 -26 -27 27 -29 29 -31
leaf_value=-0.014946568807184136 0.028128183803221064 -0.031937057714489549 0.0041840200892288709 -0.004524832044971859 0.02786257626225129 -0.0092030255702786681 0.0082548206288115648 0.011171658908642228 -0.02410205721379554 0.0083974970354694298 -0.013578270294163917 -0.024485151193771985 0.0070578144248649114 0.024341188338477374 -0.031272770809265063 0.037657138144804148 -0.022224181328939122 -0.018979119554798959 0.044092508656630711 -0.0025210399791418671 0.032876504246248557 -0.010178884308991892 0.0033606227885392128 -0.0089399190451055141 0.016143433423093937 0.0071042720761553459 0.00067702910591885615 -0.0056830044699162485 0.066326629576788088 -0.010308710396203465
leaf_weight=914.30773774161935 1713.7066879197955 1935.7083855085075 725.40951638668776 7820.4718305431306 443.82026179134846 1349.1080589257181 706.87453220412135 2693.1292845755816 285.18861976638436 1866.730839509517 532.02844867482781 1576.1777870506048 8542.1688646450639 1183.922305367887 144.18928091600537 88.521380104124546 2094.1355161778629 152.59533538669348 56.554920062422752 1791.1381071805954 216.61270714178681 266.97918231040239 365.36254113167524 1505.2627210617065 2171.0456264019012 369.16844865679741 743.66022473573685 3515.3738492503762 138.6892026886344 53.536683104932308
leaf_count=17316 7183 56762 5738 89037 3478 18195 5754 13086 4586 20397 8450 25459 65990 6208 2578 980 40029 1702 779 23038 3156 3829 5243 22073 12296 6548 10835 41824 1477 611
internal_value=-9.43749e-05 -0.00898763 0.00626777 0.00284949 0.00137979 0.00584782 -0.00639242 0.016439 -0.012065 -0.00371725 -0.0083951 -0.0109937 0.0081152 0.0167446 9.58754e-05 0.000880605 -0.017087 0.0094941 -0.00406967 -0.000864603 -0.00266075 0.00938203 -0.014789 -0.0169449 0.021489 -0.00859816 -0.00328726 -0.00231266 0.0102732 0.0455287
internal_weight=45961.6 19166.2 26795.4 20064.9 18155.6 10335.1 17230.5 6730.48 5510.49 11720 5257.82 4550.94 8985.99 1909.33 6462.18 1104.14 3377.61 2845.72 2132.88 1847.69 1015.62 483.592 3446.8 3081.44 3884.75 1283.48 4595.45 4451.26 935.886 192.226
internal_count=524637 301724 222913 188646 176700 87663 244962 34267 92296 152666 74944 69190 69468 11946 77722 16415 63893 14788 28403 23817 15435 6985 52775 47532 19479 23864 57325 54747 12923 2088
is_linear=0
shrinkage=0.04


Tree=35
num_leaves=31
num_cat=0
split_feature=12 11 6 11 10 6 11 4 11 8 14 14 9 10 9 10 11 1 9 9 10 10 10 17 8 9 10 10 10 11
split_gain=1516.09 794.297 498.082 273.836 364.512 214.323 148.677 162.995 134.625 131.395 121.382 120.671 139.401 170.306 152.56 117.271 111.872 105.415 103.076 103.405 92.0237 96.8937 98.4785 98.667 91.2689 82.3336 78.5328 77.3639 113.293 73.8741
threshold=3.8013771772384648 0.19758678972721103 28.183121681213382 -0.48501108586788172 -0.82956761121749867 7.1127724647521982 -0.91939276456832875 11.376863956451418 -0.97696766257286061 19.125000000000004 4.9706835746765146 0.018465646542608741 75.875000000000014 -0.99940761923789967 73.875000000000014 0.43442112207412725 -0.9970029592514037 12.797817707061769 78.375000000000014 74.125000000000014 0.30675521492958074 -0.74512827396392811 -0.76762619614601124 -0.038192864507436745 19.625000000000004 75.125000000000014 -0.80987083911895741 0.12225609645247461 0.22386012226343158 -0.99966478347778309
decision_type=2 2 2 2 2 2 2 2 2 2 2 2 2 2 2 2 2 2 2 2 2 2 2 2 2 2 2 2 2 2
left_child=1 5 3 4 10 11 7 8 18 27 -2 25 14 -14 -13 -15 -9 26 19 -6 21 22 -16 -24 -23 -1 -8 -4 -29 -21
right_child=2 -3 9 -5 6 -7 17 16 -10 -11 -12 12 13 15 20 -17 -18 -19 -20 29 -22 24 23 -25 -26 -27 -28 28 -30 -31
leaf_value=-0.0031835241794161057 -0.0040247894990970944 -0.031666914294164683 0.025365082416005272 -0.0043448803371193305 0.0065949486683107277 0.0017166474474283845 0.0195881255750999 0.001185605536225372 0.011795767766187199 0.007885405183652926 0.035236211672848794 0.0029218463837139079 -0.03521460647932155 -0.0010574105915188918 -0.010942842056456027 -0.029307056937397366 0.02713416726368335 0.0079273501759114916 0.010912431433069161 0.016357515926610965 0.0027817313718695286 -0.02440472319356184 -0.0097025117431111287 0.060388943348662079 -0.0073033155785095991 -0.028222231991681262 -0.0052483737412525704 -0.015451243163806036 0.03468825259407976 -0.014531086350604568
leaf_weight=301.14988393709064 144.31851799041033 1964.3587422259152 2919.6682942509651 4486.1112319305539 795.09644427150488 5428.189126111567 206.74591837078333 351.87602395936847 3123.2914731614292 1213.3297085464001 887.88997553288937 1056.9318299256265 244.49923932552338 7448.4594218768179 2016.8095566630363 232.82125373929739 1089.2340159416199 1839.9363840706646 955.43207538127899 129.36332031339407 490.98676485195756 2083.8716445602477 59.534020386636257 54.261510081589222 670.06651813536882 707.01662145927548 3439.4306931011379 182.10454794019461 105.55049431324005 1227.5105293877423
leaf_count=5483 1551 58431 12774 51577 4646 51252 1771 2334 25381 6873 6653 10878 4957 96990 33632 4162 6972 13021 6640 1280 7832 36106 957 752 10223 15647 31329 761 444 13328
internal_value=-9.29424e-05 -0.0074183 0.00712533 0.0042623 0.00698455 -0.00511354 0.00517654 0.00876844 0.00594511 0.019184 0.029761 -0.00752585 -0.0065766 -0.00301988 -0.0109475 -0.00195065 0.0208501 0.000146802 4.55656e-05 -0.00480727 -0.0136749 -0.0153314 -0.00886339 0.0258978 -0.0202852 -0.0208476 -0.00379037 0.0234205 0.00349395 -0.0114881
internal_weight=45855.8 22759 23096.9 18676.2 14190.1 20794.6 13157.9 7671.8 6230.69 4420.65 1032.21 15366.4 14358.2 7925.78 6432.46 7681.28 1441.11 5486.11 3107.4 2151.97 5375.53 4884.54 2130.61 113.796 2753.94 1008.17 3646.18 3207.32 287.655 1356.87
internal_count=524637 337302 187335 166483 114906 278871 106702 60581 51275 20852 8204 227619 206489 106109 100380 101152 9306 46121 25894 19254 89502 81670 35341 1709 46329 21130 33100 13979 1205 14608
is_linear=0
shrinkage=0.04


Tree=36
num_leaves=31
num_cat=0
split_feature=6 11 9 8 9 11 12 10 10 8 11 17 9 10 7 12 11 10 14 8 10 14 10 3 10 10 11 10 11 2
split_gain=1412.09 607.636 481.18 235.43 220.086 191.513 173.473 150.986 133.642 124.196 109.895 107.776 101.744 100.241 99.5301 98.4779 95.6234 130.597 90.84 90.8134 85.1185 100.727 84.8549 115.622 107.774 83.3556 82.3908 80.0299 75.8972 75.0583
threshold=5.0890009403228769 0.23118848353624347 73.625000000000014 16.875000000000004 76.625000000000014 -0.37645272910594935 0.29059888422489172 -0.52124115824699391 -0.9193688929080962 19.375000000000004 0.16375125199556353 3.4042372703552251 74.125000000000014 -0.69751432538032521 1.847068786621094 1.0000000180025095e-35 -0.91249075531959523 -0.35141934454441065 11.897447109222414 17.125000000000004 -0.10088855028152464 17.182626724243168 -0.9769422411918639 0.12342590466141702 -0.96463498473167408 -0.53584328293800343 -0.92272481322288502 0.30675521492958074 -0.88620507717132557 37.613874435424812
decision_type=2 2 2 2 2 2 2 2 2 2 2 2 2 2 2 2 2 2 2 2 2 2 2 2 2 2 2 2 2 2
left_child=1 6 7 11 -5 8 14 -2 18 10 12 26 19 22 28 -10 17 -11 -6 -8 21 -9 -14 24 -24 -18 -4 -15 -1 -23
right_child=2 -3 3 4 5 -7 9 20 15 16 -12 -13 13 27 -16 -17 25 -19 -20 -21 -22 29 23 -25 -26 -27 -28 -29 -30 -31
leaf_value=-0.008948808070680948 0.0089623113506529534 -0.0309537340771334 0.021045872579436672 -0.0049131210198096647 0.014218782778477801 -0.0081154071181036274 0.019177749553799025 0.046910260784757622 -0.0099690786984755492 0.034376796378723651 0.032518469806383385 0.027056593502597152 -0.016427074220309038 -0.019897564725794785 -0.0056087141883225458 0.0073606804818783581 -0.00091263351186052276 0.0039986176239352016 0.087378706721256902 -0.0043116370014640113 0.014202079690197066 0.013453782562616574 0.073285157627930336 -0.0099302379395820994 0.010846950745737301 -0.02030753267970117 0.00037688316008071583 2.9774815297347744e-05 -0.020181402802008024 0.03121990989089956
leaf_weight=1810.8818728551269 3193.8747224397957 1682.9584004841745 490.2016039006412 5927.2428949773312 63.634938463568687 1592.6909309793264 325.65451666712761 327.98200040310621 550.1346375644207 240.38484814018011 100.04009390994906 790.86608250811696 501.41085153073072 1935.2627269551158 3326.2113224714994 8615.9314900040627 2723.0462376102805 2413.3395354859531 44.50306212157011 1212.6628203168511 1646.2887210175395 796.92318306863308 39.974077947437763 488.77802606672049 441.54091216623783 397.81805865094066 806.44366488233209 386.49646020308137 2113.7091559618711 768.23772521317005
leaf_count=32858 19413 52152 2611 67344 560 21689 3387 1415 5083 1993 1658 4340 8072 28920 50248 66559 33341 24415 295 12914 7133 3242 448 6940 6374 5002 5964 5447 41717 3103
internal_value=-9.18388e-05 -0.00801443 0.00613813 0.00286078 0.0012819 0.00466232 -0.00590716 0.0153106 0.00686307 -0.00278367 -0.00711971 0.0154963 -0.00792293 -0.0114338 -0.0107242 0.00631084 0.00130025 0.00686912 0.0491747 0.000752701 0.0209978 0.0268017 -0.00323531 0.00367973 0.0174159 -0.00344188 0.00829214 -0.0165944 -0.0150344 0.0223169
internal_weight=45755.1 20140.2 25615 18881.6 16794.1 10866.9 18457.2 6733.31 9274.2 11206.4 5431.82 2087.51 5331.78 3793.46 7250.8 9166.07 5774.59 2653.72 108.138 1538.32 3539.43 1893.14 1471.7 970.293 481.515 3120.86 1296.65 2321.76 3924.59 1565.16
internal_count=524637 315886 208751 174445 161530 94186 263734 34306 72497 138911 74160 12915 72502 56201 124823 71642 64751 26408 855 16301 14893 7760 21834 13762 6822 38343 8575 34367 74575 6345
is_linear=0
shrinkage=0.04


Tree=37
num_leaves=31
num_cat=0
split_feature=12 11 6 11 10 6 10 4 10 8 14 9 10 9 10 9 9 8 10 10 10 17 8 9 11 10 10 12 9 2
split_gain=1314.41 735.294 433.657 239.571 331.926 186.778 176.656 174.218 146.327 120.135 111.016 126.844 161.051 140.374 108.538 96.7213 215.25 87.3021 85.4625 92.5569 91.8549 86.1414 84.6713 80.6869 75.4827 134.446 75.4436 187.341 73.8333 73.6274
threshold=3.6564996242523198 0.19758678972721103 28.183121681213382 -0.48501108586788172 -0.80987083911895741 7.1127724647521982 -0.59262362122535694 7.970442771911622 -0.64659911394119252 19.125000000000004 0.018465646542608741 75.875000000000014 -0.99940761923789967 73.875000000000014 0.43442112207412725 74.125000000000014 77.125000000000014 17.625000000000004 0.30675521492958074 -0.74512827396392811 -0.76762619614601124 -0.038192864507436745 19.625000000000004 75.125000000000014 0.026874557137489322 -0.99549928307533253 -0.7785360813140868 38.97157287597657 79.625000000000014 1.0000000180025095e-35
decision_type=2 2 2 2 2 2 2 2 2 2 2 2 2 2 2 2 2 2 2 2 2 2 2 2 2 2 2 2 2 2
left_child=1 5 3 4 -2 10 8 15 26 -4 23 13 -13 -12 28 17 -17 -8 19 20 29 -22 -21 -1 25 -7 -6 -28 -14 -15
right_child=2 -3 9 -5 6 24 7 -9 -10 -11 11 12 14 18 -16 16 -18 -19 -20 22 21 -23 -24 -25 -26 -27 27 -29 -30 -31
leaf_value=-0.0025821220530214133 0.0247677104615514 -0.031112640130053926 0.021784411041843615 -0.0041339883839407194 -0.012409408545811873 -0.024236766561898614 0.022623927449455478 0.015345374921792228 -0.022740358647907501 0.0070181456046935374 0.0029536996040267546 -0.034810855059251425 -0.0026448275103967173 -0.0034733931028341275 -0.028643652377963673 -0.0079218236518246981 0.0078147606900597719 0.0047791947888497733 0.0028446284384894978 -0.023789040816648354 -0.0090303050349082332 0.05630428256935139 -0.0071068507506952061 -0.02761412720497532 0.02358933804774542 0.0022446837213876574 0.00083203027073601595 0.055163417111635582 0.0083737499009287047 -0.0190368116833083
leaf_weight=296.78417069092393 1408.9602873250842 1853.796679649502 3224.558806233108 4539.9135344848037 564.34337987005711 317.75900055468082 694.37800309434533 2774.484362129122 555.60331747680902 1229.1844575181603 1038.1331690140069 233.73108062520623 6182.042788028717 1094.0086971931159 223.07212795689702 2442.5822157859802 3202.3895393759012 1182.1161460839212 483.4513012804091 1998.3229873552918 58.241454735398293 56.37906214222312 656.9848800227046 680.63363634422421 228.16182757169008 4776.664383597672 1535.8304133489728 98.758352912962437 1144.5228904671967 873.73158445581794
leaf_count=5483 11104 58233 14008 52547 4865 4107 4162 18657 5051 6924 10713 4935 83471 19004 4147 28731 23815 7317 7749 35788 952 747 10132 15647 3004 43163 12500 687 12603 14391
internal_value=-8.81979e-05 -0.00706352 0.00651357 0.00387539 0.00639126 -0.00485775 0.00438985 0.00679581 -0.00459521 0.0177339 -0.00713815 -0.00622114 -0.0028062 -0.0104564 -0.00177062 0.00362589 0.00100356 0.0114674 -0.0131233 -0.0147553 -0.0083814 0.0250455 -0.0197036 -0.0201165 0.00157875 0.000548687 7.17081e-05 0.00443008 -0.000914488 -0.0104453
internal_weight=45649.5 22196.4 23453.1 18999.4 14459.4 20342.6 13050.5 10296 2754.54 4453.74 15020 14042.6 7783.37 6259.25 7549.64 7521.47 5644.97 1876.49 5221.12 4737.67 2082.36 114.621 2655.31 977.418 5322.59 5094.42 2198.93 1634.59 7326.57 1967.74
internal_count=524637 334269 190368 169436 116889 276036 105785 82682 23103 20932 225762 204632 105156 99476 100221 64025 52546 11479 88763 81014 35094 1699 45920 21130 50274 47270 18052 13187 96074 33395
is_linear=0
shrinkage=0.04


Tree=38
num_leaves=31
num_cat=0
split_feature=5 11 9 12 9 9 11 5 11 11 7 10 10 11 10 10 11 9 8 10 3 8 14 10 17 10 7 10 10 10
split_gain=1224.62 710.7 387.29 206.352 159.117 171.817 155.005 149.544 144.235 137.72 132.111 117.275 126.43 109.632 95.9058 94.8394 115.907 93.9851 93.8906 104.602 93.7788 90.667 84.3084 83.2118 81.07 90.9368 171.462 79.4491 113.895 90.9387
threshold=6.9403185844421396 0.21441935747861865 74.125000000000014 0.014921665191650392 76.125000000000014 73.625000000000014 -0.12758953124284741 48.469726562500007 -0.91939276456832875 -0.92602273821830738 3.8390418291091923 0.019350802991539243 0.1563224866986275 -0.96904978156089772 0.036545658484101302 -0.35141934454441065 -0.95242238044738758 79.375000000000014 16.125000000000004 -0.9193688929080962 2.6773806810379033 18.875000000000004 15.204169273376467 -0.99866804480552662 -10.16448402404785 -0.98523971438407887 1.7383764982223513 -0.60639065504074086 -0.47652685642242426 -0.36747109889984125
decision_type=2 2 2 2 2 2 2 2 2 2 2 2 2 2 2 2 2 2 2 2 2 2 2 2 2 2 2 2 2 2
left_child=1 3 7 10 5 -5 11 9 15 13 21 17 -13 -2 -9 20 -17 -4 -7 24 -6 -1 -14 -12 -20 -26 -27 -19 -29 -30
right_child=2 -3 6 4 8 18 -8 14 -10 -11 23 12 22 -15 -16 16 -18 27 19 -21 -22 -23 -24 -25 25 26 -28 28 29 -31
leaf_value=-0.0058868698480971475 0.012069739915912106 -0.030142078518958039 0.0028375475675828203 0.0066077344661400056 0.048897658201880891 0.014974636788449177 -0.014256039127761038 0.02746113355403958 -0.0023855569590624389 0.0062012746991320488 -0.023299910079680172 -0.02041565400230418 0.0069352673507187528 0.02925870335766264 0.0019431427217843516 0.0091905644706812301 -0.010346936109088694 0.0039081860555647985 0.035848870422519864 -0.011837618572419962 0.0041078236250749727 -0.01942040945171333 -0.024426723106590852 0.00079322783063256954 -0.011985228321864881 0.034091493983835028 -0.00571295602703555 0.039533440503024778 -0.0052852873535085701 0.018612819936605209
leaf_weight=1168.8468998335302 1791.2928131483495 1788.043602719903 6158.3288306966424 1478.7855724133551 160.61948819085956 258.64431148022413 811.32889283820987 1597.5438365712762 5526.7460089884698 4022.2997545152903 254.09808501973748 601.95442662015557 923.11750950291753 899.82804982364178 277.99551551043987 2833.8319565989077 577.24912690371275 1204.1366421058774 83.562517270445824 5443.1713749505579 136.71641416475177 2524.0268593393266 150.85273494571447 1739.3560662046075 786.38682120665908 245.99250521510839 528.16687472164631 297.27200991660357 343.4953680112958 936.26328530162573
leaf_count=22232 8190 57634 57893 10617 1275 2380 13295 6693 65407 24823 4229 5754 8999 4293 1129 27692 6118 9188 837 79282 1101 49278 1367 22087 12521 3582 7381 1779 2126 5455
internal_value=-8.77006e-05 -0.00589358 0.00731816 -0.00405579 -0.00196088 -0.00579876 0.0024902 0.0137309 0.00170874 0.0109121 -0.0106941 0.00378231 -0.00590248 0.0179042 0.0237092 0.00780057 0.0058637 0.00560253 -0.00830186 -0.00917122 0.0291068 -0.0151643 0.00234537 -0.0023788 -0.000325326 -0.00247827 0.00720854 0.0116929 0.0175748 0.0122072
internal_weight=45550 25534.2 20015.7 23746.2 18059.9 8824.71 11426.7 8588.96 9235.16 6713.42 5686.33 10615.4 1675.92 2691.12 1875.54 3708.42 3411.08 8939.5 7345.92 7087.28 297.336 3692.87 1073.97 1993.45 1644.11 1560.55 774.159 2781.17 1577.03 1279.76
internal_count=524637 373653 150984 316019 218193 116600 105856 45128 101593 37306 97826 92561 16120 12483 7822 36186 33810 76441 105983 103603 2376 71510 10366 26316 24321 23484 10963 18548 9360 7581
is_linear=0
shrinkage=0.04


Tree=39
num_leaves=31
num_cat=0
split_feature=12 11 9 8 9 6 11 9 8 14 9 10 9 10 10 11 10 10 10 10 10 8 7 11 11 8 4 7 10 10
split_gain=1137.74 681.943 379.187 197.894 215.34 160.819 147.828 113.228 104.279 99.1079 117.785 156.214 131.252 119.511 91.1929 86.0337 123.977 84.6364 92.8997 87.8447 82.8326 82.2566 81.8845 80.2348 161.667 91.2232 80.1958 79.4715 138.368 118.382
threshold=3.6564996242523198 0.18069575726985934 73.625000000000014 16.875000000000004 77.375000000000014 7.1127724647521982 -0.36046156287193293 74.125000000000014 18.125000000000004 0.0044701735023409137 75.875000000000014 -0.99940761923789967 73.875000000000014 0.43442112207412725 -0.99963879585266102 0.026874557137489322 -0.99549928307533253 0.30675521492958074 -0.74512827396392811 -0.76762619614601124 -0.91246706247329701 19.625000000000004 1.7748731970787051 -0.96904978156089772 -0.96234029531478871 21.375000000000004 16.731261253356937 10.666147232055666 -0.52124115824699391 -0.74512827396392811
decision_type=2 2 2 2 2 2 2 2 2 2 2 2 2 2 2 2 2 2 2 2 2 2 2 2 2 2 2 2 2 2
left_child=1 5 8 7 23 9 20 -4 -2 -1 12 -12 -11 -13 -8 16 -7 18 19 -14 -6 -20 -21 -5 -25 27 -17 29 -29 -26
right_child=2 -3 3 4 6 15 14 -9 -10 10 11 13 17 -15 -16 26 -18 -19 21 22 -22 -23 -24 24 25 -27 -28 28 -30 -31
leaf_value=-0.020808377915267504 0.020519039698400996 -0.029590220603039046 0.019322244973691442 -0.011282729839925657 0.035517416009676721 -0.023649239832317877 0.047034232592619678 -0.0012710086575972207 0.010059065513252559 0.0029338092526774054 -0.034522409383257929 -0.00063290582010734858 -0.0098822781894083809 -0.028545215310246928 -0.01208810547678958 0.0062605304786762716 0.002068667440935504 0.0030089199361973012 -0.023317836869644077 0.048448491876320943 0.0073720091171919546 -0.0068001593969297591 -0.016205422081055985 0.032450689067160546 0.0049467915615253183 0.022687211226548782 0.057073685596024867 -0.021181409255965029 0.0078121693900436049 -0.008642832038422886
leaf_weight=738.77959248423576 2598.244184486568 1882.6965854223818 1650.2968349643052 1655.0143157765269 162.65000186115503 309.9081980548799 34.158949587494135 573.59366682544351 3772.4748232848942 1047.0667438171804 227.43468282371759 7326.8138775415719 1933.9665554389358 243.96343141421676 843.32618508860469 130.25843394547701 4788.2640017047524 500.4798769056797 1962.3770769201219 72.343589745461941 6419.4143390581012 652.45145261287689 44.191805858165026 208.36466374993324 2338.3532262854278 208.98604593798518 73.320811949670315 866.68175848945975 370.23610459268093 1811.068810839206
leaf_count=16661 12649 60891 9501 18050 1203 4107 479 4988 19003 10798 5018 96632 33311 4790 11363 1745 43163 8163 36277 1082 46517 10253 633 2050 29673 2323 745 8577 2633 21359
internal_value=-8.57122e-05 -0.00663683 0.00602582 0.00292545 0.00126195 -0.00446801 0.00606351 0.0140288 0.0143506 -0.00661452 -0.00585179 -0.0025729 -0.0099566 -0.00156883 -0.00928254 0.00150495 0.000462088 -0.01257 -0.0142441 -0.00781343 0.00812034 -0.019238 0.0245878 -0.00354183 -0.00131878 -0.00263198 0.0263767 -0.00365456 -0.01251 -0.000991094
internal_weight=45447.2 21934.3 23512.9 17142.1 14918.3 20051.6 7459.55 2223.89 6370.72 14749.9 14011.1 7798.21 6212.88 7570.78 877.485 5301.75 5098.17 5165.81 4665.33 2050.5 6582.06 2614.83 116.535 7458.7 5803.69 5595.33 203.579 5386.34 1236.92 4149.42
internal_count=524637 334269 190368 158716 144227 273378 59562 14489 31652 223618 206957 106440 100517 101422 11842 49760 47270 89719 81556 35026 47720 46530 1715 84665 66615 64565 2490 62242 11210 51032
is_linear=0
shrinkage=0.04


Tree=40
num_leaves=31
num_cat=0
split_feature=6 11 9 11 8 9 11 10 10 14 11 10 10 12 10 10 10 8 10 7 10 10 11 10 13 8 17 13 8 8
split_gain=1060.94 503.888 379.497 200.863 180.668 186.011 150.832 218.256 205.935 339.777 144.532 166.916 143.397 130.652 127.05 133.907 144.737 122.327 116.273 117.21 106.276 123.66 102.662 96.2773 115.956 93.9775 93.9097 93.8211 112.95 92.2787
threshold=4.6073942184448251 0.078402601182460799 73.625000000000014 0.16375125199556353 16.875000000000004 76.625000000000014 0.026874557137489322 -0.99166062474250782 -0.9599599540233611 0.58279448747634899 -0.90161547064781178 -0.69751432538032521 -0.99054482579231251 0.39225773513317114 -0.85671821236610401 -0.7996615171432494 -0.68508586287498463 17.375000000000004 -0.9769422411918639 3.9922972917556767 -0.87395131587982167 -0.9193688929080962 0.12972188368439677 -0.9769422411918639 0.0092320116236805933 18.875000000000004 3.4042372703552251 0.053141165524721153 18.875000000000004 18.875000000000004
decision_type=2 2 2 2 2 2 2 2 2 2 2 2 2 2 2 2 2 2 2 2 2 2 2 2 2 2 2 2 2 2
left_child=1 6 14 4 26 -6 7 17 9 23 -10 20 -7 -3 -2 -16 -17 -1 -11 25 21 -12 -14 -9 -25 -20 -4 28 -8 -18
right_child=2 13 3 -5 5 12 27 8 10 18 11 -13 22 -15 15 16 29 -19 19 -21 -22 -23 -24 24 -26 -27 -28 -29 -30 -31
leaf_value=0.014064923904744247 0.0032839512172343683 -0.03035772099853367 0.0071486488772526859 -0.024454541617508041 -0.0041737335149397981 -0.015485532054315394 0.047716934570083275 0.019645128636774662 -0.001831760688571061 -0.012880928895701233 -0.0031643121993207481 -0.017534771777949324 0.0052064972969123038 -0.010026431553224843 0.040214758673001207 -0.0046345952997942285 0.021002607650999622 -0.0290188647828356 -0.0065380017650885037 -0.010880983952840147 0.0013327855597709312 -0.026791705260088675 0.057017179159260342 0.012892159715863129 0.090238233415083399 0.046351124504293656 0.024553897859601572 0.029861322642321296 -0.019086576901492739 0.0086270169704111208
leaf_weight=114.02929381653666 1622.8414454441518 1711.35325939022 1312.2225945740938 432.30958865024149 6083.7924635484815 537.53383260592818 42.275411993265152 115.59600063413382 7073.7236047051847 512.58769883215427 888.67268007993698 2754.9724313281476 10707.299497347325 734.99513164162636 337.66217940300703 563.29057882726192 2881.9011335670948 855.14871551096439 71.464159868657589 162.46379813924432 2107.3191109783947 583.01536284014583 51.657224234193563 46.748207438737154 110.87834137678146 182.41121967509389 799.93104743584991 308.4883866161108 170.47746795788407 1478.0406258255243
leaf_count=1766 11620 56411 8327 10109 68245 8229 686 1770 95687 6718 12380 44754 86569 16109 1679 3020 12283 15055 975 1907 29070 8120 731 869 1398 2026 4229 4421 3007 6467
internal_value=-8.43076e-05 -0.00743728 0.0050035 0.00220344 0.0028069 0.00146072 -0.00485931 -0.0055709 -0.0043423 0.0114546 -0.00576615 -0.0101502 0.0044962 -0.024315 0.0130932 0.0161071 0.0143755 -0.0238579 -0.000236576 0.0152679 -0.00443288 -0.012642 0.00550797 0.0498082 0.0694368 0.0317796 0.0138251 0.0161136 -0.00426605 0.0168366
internal_weight=45355.1 18546.6 26808.5 19924.7 19492.4 17380.3 16100.3 15579 14609.9 1202.15 13407.7 6333.98 11296.5 2446.35 6883.74 5260.89 4923.23 969.178 928.927 416.339 3579.01 1471.69 10759 273.223 157.627 253.875 2112.15 521.241 212.753 4359.94
internal_count=524637 303129 221508 186439 176330 163774 230609 222495 205674 15663 190011 94324 95529 72520 35069 23449 21770 16821 11626 4908 49570 20500 87300 4037 2267 3001 12556 8114 3693 18750
is_linear=0
shrinkage=0.04


Tree=41
num_leaves=31
num_cat=0
split_feature=13 11 6 11 10 11 11 10 10 8 10 7 10 9 9 13 10 10 8 8 8 8 18 10 11 7 9 10 10 10
split_gain=993.593 555.661 357.755 200.531 355.291 149.5 186.656 136.305 132.78 179.22 130.207 147.794 124.508 112.583 171.065 205.126 149.68 124.259 112.234 106.43 100.768 100.456 92.0961 89.3346 92.447 115.784 99.1179 101.44 83.002 81.4351
threshold=3.9097638130187993 0.19758678972721103 27.090001106262211 -0.48501108586788172 -0.81984052062034596 -0.92602273821830738 -0.93845868110656727 -0.99940761923789967 -0.99904707074165333 19.125000000000004 -0.01505099539645016 3.9922972917556767 0.46514528989791876 73.625000000000014 75.625000000000014 1.0000000180025095e-35 0.30675521492958074 -0.9193688929080962 19.125000000000004 16.875000000000004 18.625000000000004 18.375000000000004 20.155065536499027 -0.90163370966911305 -0.16162966936826703 8.6083817481994647 77.875000000000014 -0.92599865794181813 -0.96463498473167408 -0.98523971438407887
decision_type=2 2 2 2 2 2 2 2 2 2 2 2 2 2 2 2 2 2 2 2 2 2 2 2 2 2 2 2 2 2
left_child=1 7 3 4 -2 6 10 19 9 -9 11 -6 13 -10 16 -16 17 29 -4 -1 -19 -18 -7 24 25 28 -27 -28 -5 -15
right_child=2 -3 18 23 5 22 -8 8 12 -11 -12 -13 -14 14 15 -17 21 20 -20 -21 -22 -23 -24 -25 -26 26 27 -29 -30 -31
leaf_value=0.045150446509916724 0.024136610931523333 -0.02970700856168532 0.018374134261654181 0.022964908978640466 -0.0089364206678241419 -0.0062394761289692778 0.025123799282305532 0.07306421954066733 0.0097429506207378433 -0.0042933796482468884 -0.00082149240635804276 0.012561063537392369 -0.024718255804234958 -0.013463803394476321 -0.018680042877303717 0.00013618818744760304 0.029773292166673404 -0.024113936243299917 0.005383877357853401 -0.028948880309861869 -0.010049135730731795 -0.0068699011081589283 0.0032698007917742072 -0.016669171352074658 -0.007962856215655234 -0.013157245189876139 -0.0058274269837822034 0.033617822883807255 0.0022804522255420933 0.0068309517959599733
leaf_weight=24.231107074767351 1379.7642554342747 1602.7951587177813 3485.7917428947985 570.38824424147606 590.47225523740053 3314.5486222282052 769.45823936909437 72.740725383162498 864.17053432762623 111.4002490490675 3736.9687507897615 3541.1275463812053 479.22112966328859 573.76875832676888 1029.6928772702813 8550.2720226794481 216.00941889733076 1686.0181351490319 1545.3716472499073 509.58443879336119 1615.8136802390218 248.12664376944304 3187.2173730842769 762.57079851813614 2189.4284560792148 837.56695009022951 246.83666970580816 167.64287710934877 672.56495876610279 681.27735717594624
leaf_count=355 10644 56762 15338 6249 6451 30585 6186 1030 7609 1777 31186 25246 9304 9941 20074 109526 3335 30374 9067 9938 26602 4297 24096 7387 31874 7558 2768 1088 7190 10800
internal_value=-8.1932e-05 -0.00728488 0.00479206 0.00258533 0.0047793 0.00300041 0.00644595 -0.0051115 -0.00444433 0.0284544 0.00458989 0.00947457 -0.00484187 -0.00421038 -0.00504233 -0.00190363 -0.0110152 -0.0132198 0.0144026 -0.0248169 -0.0172822 0.0104521 -0.00158009 -0.00406507 -0.00198213 0.00327694 -0.00529012 0.010543 0.01188 -0.00248028
internal_weight=45262.8 18265.1 26997.7 21966.6 16519.6 15139.8 8638.03 16662.3 16128.5 184.141 7868.57 4131.6 15944.4 15465.1 14601 9579.96 5021.01 4556.88 5031.16 533.816 3301.83 464.136 6501.77 5447 4684.43 2495 1252.05 414.48 1242.95 1255.05
internal_count=524637 301724 222913 198508 134394 123750 69069 244962 234669 2807 62883 31697 231862 222558 214949 129600 85349 77717 24405 10293 56976 7632 54681 64114 56727 24853 11414 3856 13439 20741
is_linear=0
shrinkage=0.04


Tree=42
num_leaves=31
num_cat=0
split_feature=11 5 9 11 10 10 10 14 13 7 9 11 8 14 8 9 9 11 9 4 12 13 8 9 8 11 9 10 10 10
split_gain=935.446 667.399 261.899 193.464 220.981 237.893 219.295 209.038 178.789 151.956 148.315 119.238 118.009 111.588 149.477 188.38 105.941 112.049 131.329 115.251 114.582 102.434 101.684 99.2481 95.9889 95.0583 78.6584 84.9582 124.995 116.502
threshold=0.078402601182460799 9.2376923561096209 74.125000000000014 0.026874557137489322 -0.98930078744888295 -0.96463498473167408 -0.9769422411918639 1.7269966006278994 0.029722134582698349 4.5802865028381357 77.125000000000014 -0.91595870256423939 18.125000000000004 14.913237094879152 19.625000000000004 74.875000000000014 73.625000000000014 -0.99966478347778309 74.875000000000014 0.14967540651559832 1.0000000180025095e-35 0.053141165524721153 18.875000000000004 73.625000000000014 17.375000000000004 -0.99273797869682301 78.625000000000014 -0.60639065504074086 -0.47652685642242426 -0.64659911394119252
decision_type=2 2 2 2 2 2 2 2 2 2 2 2 2 2 2 2 2 2 2 2 2 2 2 2 2 2 2 2 2 2
left_child=1 3 12 4 13 6 -6 -7 -2 -8 16 -12 -3 24 15 -15 -9 18 -18 -20 -21 22 -5 -14 -1 -4 -27 29 -29 -28
right_child=8 2 25 21 5 7 9 10 -10 -11 11 -13 23 14 -16 -17 17 -19 19 20 -22 -23 -24 -25 -26 26 27 28 -30 -31
leaf_value=0.0071700109917928979 -0.033382071335956741 0.017748585542714326 -0.0091428861820812488 0.043780374968197679 -0.0016185840322598302 -0.0092621879426073098 0.045438483949155603 0.0059755996164038159 -0.01369453758024647 0.0083742241814228364 0.009518504155805534 -0.0013402248178083376 0.010153210294652508 -0.0061923629861082505 -0.03400334762579587 0.12206549979210626 -0.019152116199611841 -0.0068185822327065573 0.0038321420156626029 -0.0064225362837331225 0.099665435803387686 0.030007449695087045 -0.018026684214080491 -0.010918376426537818 -0.023064257624483189 0.001102959481837552 0.0056008891271369446 0.035752402475544731 0.0096300757644771379 -0.03197799610355171
leaf_weight=185.73464941233397 1141.2564850654453 4154.5886145085096 902.66963526234031 45.875393956899643 761.11771665513515 6314.03737212345 394.51241042092443 1418.4516484960914 2133.5487826373428 324.33541721478105 3164.1309651918709 3295.8742597252131 3119.9157003760338 35.363585919141769 38.732762452214956 26.089421570301056 76.844248302280903 7110.8472328744829 68.745618097484112 20.142027646303177 55.488872922956944 429.11512432619929 169.65037425234914 395.50338855758309 1419.7769974581897 4626.8079087883234 1333.7814739868045 357.2665009945631 1522.2767911851406 136.40826275199652
leaf_count=2644 41248 19965 7599 695 9408 105255 4688 8216 48668 3632 26473 30784 14237 312 506 255 985 92725 887 296 722 5659 3059 2873 23929 45708 10840 2084 9256 1029
internal_value=-8.06915e-05 0.00153027 0.0077762 -0.00254793 -0.00311536 -0.00208157 0.0133776 -0.00315021 -0.0206363 0.0290599 -0.000608649 0.00398491 0.0131858 -0.0169646 0.0223921 0.0577214 -0.00400048 -0.00593595 0.0215028 0.0429803 0.0739615 0.018918 -0.00351292 0.0077583 -0.0195439 0.00309374 0.00448822 0.0091469 0.0147584 0.00192173
internal_weight=45178.9 41904.1 16549.2 25354.9 24710.2 23004.5 1479.97 21524.6 3274.81 718.848 15210.5 6460.01 7670.01 1705.7 100.186 61.453 8750.52 7332.07 221.221 144.377 75.6309 644.641 215.526 3515.42 1605.51 8879.21 7976.54 3349.73 1879.54 1470.19
internal_count=524637 434721 113591 321130 311717 284071 17728 266343 89916 8320 161088 57257 37075 27646 1073 567 103831 95615 2890 1905 1018 9413 3754 17110 26573 76516 68917 23209 11340 11869
is_linear=0
shrinkage=0.04


Tree=43
num_leaves=31
num_cat=0
split_feature=11 9 14 8 12 8 9 10 11 10 11 10 14 11 10 10 7 7 17 8 10 10 10 3 4 10 10 3 8 10
split_gain=878.987 667.186 345.043 159.815 157.476 237.955 116.079 103.261 98.2359 96.111 309.999 145.957 140.884 110.001 131.527 114.448 100.569 92.8229 88.1374 86.3709 83.5191 203.261 170.522 148.309 146.677 108.899 240.656 106.991 79.1719 75.8577
threshold=0.23118848353624347 73.875000000000014 6.1376304626464853 18.125000000000004 0.042480610311031348 18.875000000000004 73.375000000000014 -0.98930078744888295 0.16375125199556353 -0.96463498473167408 -0.21231865882873532 -0.98370367288589466 0.78203183412551891 -0.90531876683235157 -0.53584328293800343 -0.35141934454441065 4.8594818115234384 1.847068786621094 -0.10642454028129576 19.875000000000004 -0.01505099539645016 -0.21966676414012906 0.25725142657756811 38.766456604003913 15.558197498321535 0.088045001029968276 0.12225609645247461 12.740418910980226 19.125000000000004 -0.86546283960342396
decision_type=2 2 2 2 2 2 2 2 2 2 2 2 2 2 2 2 2 2 2 2 2 2 2 2 2 2 2 2 2 2
left_child=1 3 4 18 17 8 28 -7 -6 10 16 12 -12 15 -15 19 -9 -3 29 -11 21 27 23 -22 -23 -25 -27 -4 -5 -1
right_child=-2 2 20 6 5 7 -8 9 -10 13 11 -13 -14 14 -16 -17 -18 -19 -20 -21 22 24 -24 25 -26 26 -28 -29 -30 -31
leaf_value=-0.0028714211642243055 -0.028258954812633831 -0.016930014281407776 0.0045527032108976986 0.015120425857803488 -0.012289725170971448 -0.014956229210071599 -0.0033543569495732839 0.065366192266943055 0.032496645650053731 -0.0020937706313078602 0.069988376689545412 -0.022017023117817655 0.00075051273445847055 -0.0016387452314447267 -0.023912933712103856 0.0025285996204701495 0.0013184094776088891 -0.0059177429809939034 0.020105129177987641 0.037514881293405557 -0.013214429456001302 0.01150776266134536 0.017330938986591986 -0.01424998642253647 0.044068022615767991 0.13019206986710674 0.0015459774206804942 -0.0035794002106039318 0.0033949641523935916 0.013552784103770235
leaf_weight=600.36712605692446 1694.0146785285324 2572.4711569417268 7766.9031209237874 1796.4241680465639 3831.572815053165 627.85772732272744 1752.8344745784998 184.40950479358435 70.665752213448286 127.57553286105394 56.686350978910923 270.6522753033787 160.20345577970147 2718.358042396605 492.98038861900568 3538.3098096139729 49.663941901177168 2360.2577236425132 2609.5884895194322 267.43942441418767 1700.4187765643001 1475.4073302745819 450.03345124796033 55.841990597546101 253.66650958731771 29.265639312565327 57.698516421020031 3871.2242295760661 1895.8558333534747 1749.6023574769497
leaf_count=4982 59055 56256 74640 9776 62175 10751 12220 1811 1305 1426 867 4039 2079 33437 6933 38971 577 37805 14363 2316 15900 11714 4199 471 1800 263 513 34234 10998 8761
internal_value=-7.8218e-05 0.00102815 -0.00175781 0.00985466 -0.00564519 -0.003235 0.00510916 0.000523968 -0.0113977 0.00177696 0.0155852 -0.00278191 0.0211336 0.000362489 -0.00512173 0.00484168 0.0523878 -0.0116834 0.015044 0.0249869 0.00254463 0.00375463 -0.00449403 -0.00988748 0.0165105 0.0279994 0.0538007 0.00184695 0.00912525 0.00936236
internal_weight=45088.3 43394.2 32989.6 10404.7 17329.1 12396.4 5445.11 8494.14 3902.24 7866.28 721.616 487.542 216.89 7144.66 3211.34 3933.32 234.073 4932.73 4959.56 395.015 15660.5 13367.2 2293.26 1843.22 1729.07 142.806 86.9642 11638.1 3692.28 2349.97
internal_count=524637 465582 404482 61100 260748 166687 32994 103207 63480 92456 9373 6985 2946 83083 40370 42713 2388 94061 28106 3742 143734 122388 21346 17147 13514 1247 776 108874 20774 13743
is_linear=0
shrinkage=0.04


Tree=44
num_leaves=31
num_cat=0
split_feature=11 5 9 11 10 13 10 10 11 14 10 10 10 10 7 7 7 8 14 8 9 8 3 10 9 9 11 12 8 13
split_gain=836.99 574.376 223.718 181.228 204.942 174.76 172.854 221.993 193.092 147.164 138.79 171.7 209.425 176.795 180.661 128.849 120.571 111.498 103.578 131.011 165.933 100.054 92.361 97.1456 88.3609 88.0225 86.9513 86.8327 86.7142 82.2853
threshold=0.078402601182460799 9.2376923561096209 74.125000000000014 0.026874557137489322 -0.99166062474250782 0.029722134582698349 -0.96463498473167408 -0.9769422411918639 -0.90892156958580006 4.0208926200866708 -0.74512827396392811 -0.84828248620033253 -0.81984052062034596 -0.76762619614601124 2.9998877048492436 0.93007928133010875 4.5802865028381357 17.375000000000004 14.913237094879152 19.625000000000004 74.875000000000014 18.125000000000004 1.9766763448715212 -0.99763298034667958 73.625000000000014 77.125000000000014 -0.99273797869682301 13.646110534667971 20.625000000000004 0.16504216194152835
decision_type=2 2 2 2 2 2 2 2 2 2 2 2 2 2 2 2 2 2 2 2 2 2 2 2 2 2 2 2 2 2
left_child=1 3 21 4 17 -2 7 -6 9 -8 11 27 15 -14 29 -13 -9 -1 -19 20 -20 -3 -5 28 -23 -16 -4 -10 -24 -15
right_child=5 2 26 22 6 -7 8 16 10 -11 -12 12 13 14 25 -17 -18 18 19 -21 -22 24 23 -25 -26 -27 -28 -29 -30 -31
leaf_value=0.012001683989927516 -0.032884191475153 0.016376546773259275 -0.008866044934085231 0.0083469827064987148 -0.0027492261624633657 -0.013002620932327047 -0.0037215439698154778 0.04055287339397691 -0.0097900206829179687 0.0057482282598610617 -0.011186283544720262 -0.021792246828729506 -0.01122934728276616 -0.0081836237096298437 -0.023788545882684413 0.030595203974816191 0.0079530660285257095 -0.024103788082658142 -0.017716450929327283 -0.03411744073956631 0.11073804603285117 0.0094404091898110717 0.073230562519005504 -0.0026398332557324984 -0.010496852285800821 0.020241309097927297 0.0042045628487907471 0.013953765237102239 -0.0077105929221220277 0.060441840687696584
leaf_weight=178.26797126978636 1080.7808480076492 4177.8498102799058 896.98653491213918 463.19339491799474 921.15926452726126 2085.3595391307026 5349.5404806360602 415.92747179046273 3047.232109028846 5137.8193544894457 5454.8800835311413 78.126095980405807 1017.9575276337564 31.302163116633892 138.02447865530849 617.42185046896338 326.7062772102654 1242.5619868002832 24.491622649133205 35.542927585542202 26.520880497992039 3130.4547961652279 107.07717995718122 56.319791033864021 392.74996469542384 132.76046380773187 8008.6252506896853 259.34518893808126 23.670553896576166 147.61727352440357
leaf_count=2490 41248 19965 7599 7045 11752 48668 77173 4688 38174 47445 75946 1292 12325 535 1468 6307 3632 21882 220 475 235 14237 1275 724 2873 1271 68917 2361 369 2046
internal_value=-7.5123e-05 0.0014273 0.00720214 -0.00237458 -0.00292891 -0.0198715 -0.00199164 0.0103899 -0.00295813 0.00091881 -0.00667732 -0.00216844 0.00657525 -0.00202092 0.0186142 0.0244854 0.0265075 -0.0171694 -0.0211424 0.0194642 0.0562701 0.0121906 0.0183089 0.0413002 0.00719448 -0.00224951 0.0028796 -0.00789126 0.0590703 0.0486381
internal_weight=45006.3 41840.1 16606.7 25233.5 24583.2 3166.14 23075.8 1663.79 21412 10487.4 10924.7 5469.79 2163.21 1467.66 449.704 695.548 742.634 1507.39 1329.12 86.5554 51.0125 7701.05 650.261 187.068 3523.2 270.785 8905.61 3306.58 130.748 178.919
internal_count=524637 434721 113591 321130 311717 89916 286415 20072 266343 124618 141725 65779 25244 17645 5320 7599 8320 25302 22812 930 455 37075 9413 2368 17110 2739 76516 40535 1644 2581
is_linear=0
shrinkage=0.04


Tree=45
num_leaves=31
num_cat=0
split_feature=11 9 12 9 8 9 10 8 10 10 17 10 7 17 11 10 7 8 10 8 9 10 11 10 13 10 10 10 12 14
split_gain=796.107 576.582 304.436 242.681 136.883 196.874 135.68 205.734 172.621 144.201 183.344 120.403 116.297 112.409 108.567 193.727 96.3272 95.7414 86.1029 80.5477 91.7808 80.1295 79.2131 85.8282 106.138 95.7252 79.0973 160.09 127.129 99.0247
threshold=0.23118848353624347 73.875000000000014 0.014921665191650392 76.625000000000014 16.875000000000004 73.625000000000014 -0.74512827396392811 16.125000000000004 -0.50648479163646687 -0.7785360813140868 -0.21906854212284085 -0.75648915767669667 1.847068786621094 -11.836387634277342 -0.92602273821830738 -0.35141934454441065 11.288825035095217 18.625000000000004 -0.99940761923789967 19.875000000000004 74.125000000000014 -0.76762619614601124 -0.94978386163711537 -0.083760455250740037 19.019130706787113 0.20706263184547427 -0.98523971438407887 -0.9599599540233611 3.1725020408630376 0.5595005750656129
decision_type=2 2 2 2 2 2 2 2 2 2 2 2 2 2 2 2 2 2 2 2 2 2 2 2 2 2 2 2 2 2
left_child=1 4 12 6 -1 17 9 -8 -9 13 -11 21 -3 -4 15 -5 26 -6 -14 20 -10 -12 23 -17 25 -25 -15 29 -29 -28
right_child=-2 2 3 14 5 -7 7 8 19 10 11 -13 18 16 -16 22 -18 -19 -20 -21 -22 -23 -24 24 -26 -27 27 28 -30 -31
leaf_value=0.018320655790390012 -0.02756124442456924 -0.017036738745248099 0.035546640129498749 0.033468036438417358 0.014390539961160803 -0.006315694009350249 0.016565607569236106 -0.021586148154448984 0.0052858809949140415 -0.0099758828668498958 0.028266312724312032 0.0080217952387988088 -0.032340933496784456 -0.0083871548560586397 0.00060395123050658087 0.012954049597914382 -0.017625906997108677 0.0049320509689050624 -0.0035714080278433464 0.0019078111601313604 -0.011955659762604176 0.10514870305060217 -0.0068959645518209545 0.0007522154882154007 -0.018451179604697596 0.018452806113692103 0.057559483238443912 -0.012374396805773248 0.0080032764038237437 0.014118286838362739
leaf_weight=2076.1637832075357 1614.8683402314782 2322.1276280675083 122.15705719217658 415.92756324261427 3454.15025495179 1487.3632414173335 508.88073334470391 1484.0951794497669 580.93845054507256 118.54591486603022 45.272698596119881 64.191042475402355 166.70814376324415 1142.5894440282136 9291.7831089030951 2308.4412349164486 534.98514498956501 3417.2069960981607 2955.9469883609563 1438.0793180242181 3110.6871923357248 61.023099958896637 715.26979075372219 1869.8478213697672 329.04750092327595 652.32546965405345 90.169347837567329 928.97567415982485 1014.404426869005 605.55002533644438
leaf_count=10998 59055 52473 1160 2738 18330 12220 2752 22586 6464 1630 613 783 3881 18487 93860 17101 6010 19552 42243 18163 46629 656 6216 16527 2674 5905 1169 14245 11220 8297
internal_value=-7.33732e-05 0.000957605 -0.00164288 7.31831e-05 0.00914487 0.0068466 -0.00423894 -0.00772217 -0.00961311 0.00101388 0.0279004 0.0533307 -0.0102734 -0.000795607 0.00335315 0.0074064 -0.00190383 0.00970072 -0.00520565 -0.00611389 -0.00923547 0.0776498 0.00550758 0.00723707 0.00257931 0.00538502 0.000360946 0.00416577 -0.00175115 0.0204844
internal_weight=44927.7 43312.9 32878 27433.2 10434.9 8358.72 11850.5 7122.68 6613.8 4727.86 289.033 170.487 5444.78 4438.83 15582.6 6290.86 4316.67 6871.36 3122.66 5129.7 3691.63 106.296 5874.93 5159.66 2851.22 2522.17 3781.69 2639.1 1943.38 695.719
internal_count=524637 465582 404482 305885 61100 50102 160864 96594 93842 64270 3682 2052 98597 60588 145021 51161 59428 37882 46124 71256 53093 1269 48423 42207 25106 22432 53418 34931 25465 9466
is_linear=0
shrinkage=0.04


Tree=46
num_leaves=31
num_cat=0
split_feature=11 9 14 14 9 11 5 8 9 10 14 11 10 10 10 10 10 9 11 10 12 10 10 14 10 10 10 3 4 3
split_gain=753.383 530.453 289.242 142.669 161.34 142.178 134.812 113.507 121.03 111.455 203.36 126.159 136.929 120.549 136.207 91.968 94.7788 86.2413 85.8545 158.883 97.4796 84.9422 80.9748 85.2911 76.0623 177.803 154.234 136.827 127.566 98.3512
threshold=0.23118848353624347 73.875000000000014 6.1376304626464853 0.0044701735023409137 76.125000000000014 -0.12758953124284741 48.469726562500007 17.625000000000004 73.625000000000014 -0.9550008475780486 0.31180852651596075 -0.90892156958580006 -0.35141934454441065 -0.53584328293800343 -0.56456753611564625 -0.9769422411918639 -0.98370367288589466 77.875000000000014 0.026874557137489322 -0.99630266427993763 1.0000000180025095e-35 -0.38341410458087916 0.036545658484101302 47.035240173339851 -0.01505099539645016 -0.21966676414012906 0.25725142657756811 38.766456604003913 15.558197498321535 12.740418910980226
decision_type=2 2 2 2 2 2 2 2 2 2 2 2 2 2 2 2 2 2 2 2 2 2 2 2 2 2 2 2 2 2
left_child=1 6 3 -3 -5 9 7 21 -9 10 -6 12 -11 14 -13 16 17 -12 -7 20 -20 -1 -8 -24 25 29 27 -26 -27 -4
right_child=-2 2 24 4 5 18 22 8 -10 11 15 13 -14 -15 -16 -17 -18 -19 19 -21 -22 -23 23 -25 26 28 -28 -29 -30 -31
leaf_value=0.0071260118646568043 -0.027169562638808181 -0.023942758646613108 0.0042810813130148562 -0.0089744212222390863 0.066041471241078467 -0.027677360346559047 0.022242285365547138 0.0059330259673930717 -0.0096927632608951285 0.029524180111276107 -0.014359240059276301 -0.0049352556074639875 0.0018580162923077126 -0.02222591947701566 0.03514589392432417 0.020081611417643114 -0.029814151450699912 0.038526895725847214 0.00032023272000376933 -0.020338637515079964 0.050555353811727502 0.020664504138165479 0.012612816911862406 -0.034985998288933486 -0.012837869346285637 0.010649838653332242 0.016160915838048732 0.026447017360695015 0.04059524305209293 -0.0035175373819482593
leaf_weight=1775.6145093739033 1573.6072767600417 615.01677284389734 7796.5535979252309 7161.5740217939019 97.649318739771843 448.87296925112605 1529.91617166996 4650.5648175794631 946.37975758872926 299.7036509886384 94.06502840295434 2548.9459900557995 3802.3787927851081 624.23482262343168 133.30520843714476 386.19786596670747 158.30762893334031 85.447991907596588 162.90123886987567 406.66072030551732 89.714469112455845 1284.5734172351658 194.53113280236721 75.392822682857513 1683.7753576152027 1492.3932684771717 457.18499183654785 145.52511812746525 261.87565544620156 3861.1743754465133
leaf_count=11313 59055 16188 74640 123604 1244 9003 6396 27340 8416 2414 1290 31856 43179 10061 1683 4111 1922 972 2700 9350 1171 6546 785 304 15900 11714 4199 1247 1800 34234
internal_value=-7.13504e-05 0.000920175 -0.00158043 -0.00517575 -0.00446215 -0.000995815 0.00876096 0.00667549 0.00327831 0.000821454 0.0147062 -0.000736221 0.00394623 -0.00653973 -0.00282012 0.00697716 -0.00815055 0.0115191 -0.0143793 -0.00504701 0.0194066 0.0128579 0.0186997 -0.00145697 0.0023401 0.00348984 -0.00438982 -0.00958587 0.0153248 0.00169729
internal_weight=44844 43270.4 32813.5 17115 16500 9338.39 10457 8657.13 5596.94 8230.24 821.668 7408.57 4102.08 3306.49 2682.25 724.019 337.821 179.513 1108.15 659.276 252.616 3060.19 1799.84 269.924 15698.5 13412 2286.49 1829.3 1754.27 11657.7
internal_count=524637 465582 404482 260748 244560 120956 61100 53615 35756 98732 9539 89193 45593 43600 33539 8295 4184 2262 22224 13221 3871 17859 7485 1089 143734 122388 21346 17147 13514 108874
is_linear=0
shrinkage=0.04


Tree=47
num_leaves=31
num_cat=0
split_feature=11 5 9 12 9 9 10 7 11 11 10 5 14 8 10 10 17 9 8 10 8 10 10 4 8 10 11 7 10 10
split_gain=712.743 494.019 193.508 142.34 121.287 116.984 116.095 107.822 102.54 101.238 174.423 103.848 93.7784 84.3078 82.3482 100.081 83.621 79.5667 76.9051 74.7782 74.1016 73.0973 205.059 104.695 102.436 102.52 87.9479 82.4392 69.7005 103.465
threshold=0.23118848353624347 7.721095323562623 74.125000000000014 0.014921665191650392 75.875000000000014 74.125000000000014 -0.74512827396392811 5.3712821006774911 -0.95242238044738758 -0.92602273821830738 -0.15207348018884656 77.71350479125978 52.571302413940437 19.125000000000004 -0.44600489735603327 -0.52124115824699391 0.49728342890739446 78.625000000000014 16.875000000000004 0.1393099054694176 19.625000000000004 -0.083760455250740037 -0.10088855028152464 0.97041675448417675 19.375000000000004 0.20706263184547427 -0.99966478347778309 7.3154003620147714 -0.9193688929080962 -0.93235439062118519
decision_type=2 2 2 2 2 2 2 2 2 2 2 2 2 2 2 2 2 2 2 2 2 2 2 2 2 2 2 2 2 2
left_child=1 3 9 7 5 18 -7 13 21 10 -3 14 -12 19 15 -11 -16 -4 -5 28 -8 22 23 -6 26 -26 -23 -24 29 -1
right_child=-2 2 17 4 8 6 20 -9 -10 11 12 -13 -14 -15 16 -17 -18 -19 -20 -21 -22 24 27 -25 25 -27 -28 -29 -30 -31
leaf_value=-0.0035700365853000805 -0.02677468135771845 0.026636241982549741 -0.00076331661405949248 0.013921322363162621 -0.0017561500745946687 -0.0011345618734100243 -0.017694144465138416 0.00087244715614812117 -0.0010529518520805759 0.0043386025521605504 0.010797864287807225 0.028014336364318684 -0.019282444640244839 -0.016418684004297371 -0.02903885889288009 0.02373092386991003 0.0039407904855912283 0.0062945511379185384 -0.0018869532736839423 0.0088574582421502897 -0.0038588160362952079 0.025351171070905978 0.093664275119493226 0.022848000000444745 0.0014266212166612452 0.023661279218916299 -0.020454350790620631 0.0099188480687032385 -0.019644032894341565 0.074275709182883995
leaf_weight=456.15033596195281 1533.8992780782282 1352.5250275842845 6245.7951161935925 587.14221410825849 565.00560104474425 1948.4195084571838 2126.7549871839583 1422.2391381505877 7233.5047697704285 3498.209022924304 2065.2602346763015 322.47406134754419 171.1516849398613 2506.1321225836873 209.3567064255476 476.17998643964529 275.37354196980596 4313.4446318559349 2797.7953903395683 461.97306820750237 881.64580518752337 71.196463238447905 60.896239671856165 529.83555705845356 1175.1565559394658 453.10853243619204 403.97019634395838 29.118674796074629 568.29876213148236 19.019972205162048
leaf_count=9476 59055 5888 63801 5237 5572 29952 37013 18480 85485 20327 9320 1359 694 51515 892 2092 1402 30309 26827 8756 12626 912 607 4568 10922 4283 5153 215 11519 380
internal_value=-6.93432e-05 0.000884259 0.00572731 -0.0028897 -0.00124463 -0.00484399 -0.00875222 -0.0085878 0.00161086 0.010266 0.0153401 0.00643356 0.00842024 -0.0119356 0.00481369 0.00671577 -0.0106023 0.00212305 0.000888037 -0.00441345 -0.0136658 0.00745607 0.0153599 0.0102498 0.00295228 0.00772067 -0.01321 0.0702741 -0.0103172 0.00101264
internal_weight=44761 43227.1 18929.8 24297.4 18863.6 8341.76 4956.82 5433.81 10521.8 8370.53 3588.94 4781.59 2236.41 4011.57 4459.12 3974.39 484.73 10559.2 3384.94 1505.44 3008.4 3288.29 1184.86 1094.84 2103.43 1628.27 475.167 90.0149 1043.47 475.17
internal_count=524637 465582 136084 329498 229372 111655 79591 100126 117717 41974 15902 26072 10014 81646 24713 22419 2294 94110 32064 30131 49639 32232 10962 10140 21270 15205 6065 822 21375 9856
is_linear=0
shrinkage=0.04


Tree=48
num_leaves=31
num_cat=0
split_feature=11 9 13 8 9 10 8 14 10 10 10 11 14 9 10 10 10 10 10 8 17 10 12 12 9 10 11 11 8 10
split_gain=674.137 458.612 272.621 133.577 221.055 125.908 111.836 109.273 107.576 160.47 99.712 267.385 174.91 98.7442 97.2085 93.611 246.44 85.8246 135.236 129.011 117.934 89.3873 101.855 80.836 81.2829 75.1428 144.718 74.0843 70.7327 70.7282
threshold=0.23118848353624347 73.625000000000014 1.9429379701614382 16.625000000000004 76.625000000000014 -0.99940761923789967 18.625000000000004 0.0044701735023409137 -0.92599865794181813 -0.91246706247329701 -0.9599599540233611 -0.21231865882873532 0.51236614584922802 79.625000000000014 -0.94423642754554737 -0.13505011796951291 -0.083760455250740037 -0.74512827396392811 -0.76762619614601124 17.875000000000004 -0.21906854212284085 -0.55028682947158802 1.0000000180025095e-35 1.0000000180025095e-35 74.875000000000014 -0.99815973639488209 0.026874557137489322 -0.91939276456832875 16.875000000000004 -0.2696967720985412
decision_type=2 2 2 2 2 2 2 2 2 2 2 2 2 2 2 2 2 2 2 2 2 2 2 2 2 2 2 2 2 2
left_child=1 6 5 27 17 28 -1 -7 -6 -10 11 12 -9 15 -15 -12 23 18 -5 -20 -21 22 -19 -17 -25 26 -13 29 -3 -4
right_child=-2 2 3 4 8 7 -8 10 9 -11 13 25 -14 14 -16 16 -18 21 19 20 -22 -23 -24 24 -26 -27 -28 -29 -30 -31
leaf_value=0.013767393778172727 -0.026376751951738293 0.037535971241858229 0.041597266183602079 -0.0012318506530544216 -0.0054483998032430906 -0.021901362096793556 0.004138556023142336 0.062640103575056061 0.037485277617429327 0.0043090311774368366 -0.011771002380363101 -0.032839725746606215 0.011782247507088782 0.074744826198003059 0.0043363089827930176 0.0021584693844804302 -0.0057220390153282907 0.044912886114113537 -0.024374338305904998 -0.0067789802773130228 0.089154481600067573 -0.0054781054921993685 -0.02247202529716506 -0.0061944722144925239 0.069554807536011079 -0.0091811784611309684 0.02487767318297467 0.004137131718765466 -0.033003205674128518 0.013614612788870932
leaf_weight=4435.6172754056752 1495.6882467642426 16.147382911294699 176.93838385120034 3449.0862111430615 1818.3975329492241 605.92120964080095 3431.653731064871 154.44565293937922 228.35435493290424 11445.954549636692 4256.6328657865524 82.094139352440834 334.73113766685128 23.025884598493576 668.34313761815429 66.538794238120317 2585.8226589746773 28.461654495447874 31.142703052610159 26.646994765847921 63.018747258931398 4528.5892214328051 807.10826421529055 26.016212083399296 110.35201694443822 1279.9436435550451 279.65042316913605 1137.3643882274628 353.60162172466516 731.65691320598125
leaf_count=23218 59055 250 855 43696 23798 16308 19552 1874 1741 91132 68493 1464 3893 213 7613 1243 42891 424 351 344 626 53804 10307 503 1543 25140 4209 7920 8281 3896
internal_value=-6.64522e-05 0.000850723 -0.00109558 0.00124404 0.000349297 -0.00637227 0.00957794 -0.00554598 0.0035798 0.0049895 -0.00452052 0.00312999 0.0287726 -0.00662896 0.00771351 -0.00804534 -0.00233686 -0.00452814 0.000278672 0.0402015 0.0628252 -0.00772168 -0.0196727 0.039046 0.0556675 -0.00463872 0.0112483 0.0110023 -0.0290154 0.0194574
internal_weight=44678.9 43183.3 35316 24472.7 22426.8 10843.3 7867.27 10473.5 13492.7 11674.3 9867.6 2130.86 489.177 7736.73 691.369 7045.36 2788.73 8934.05 3569.89 120.808 89.6657 5364.16 835.57 202.907 136.368 1641.69 361.745 2045.96 369.749 908.595
internal_count=524637 465582 422812 238894 226223 183918 42770 175387 116671 92873 159079 36580 5767 122499 7826 114673 46180 109552 45017 1321 970 64535 10731 3289 2046 30813 5673 12671 8531 4751
is_linear=0
shrinkage=0.04


Tree=49
num_leaves=31
num_cat=0
split_feature=11 12 6 10 10 10 10 4 13 9 9 9 10 10 14 10 10 8 3 10 3 7 10 10 17 4 7 11 11 9
split_gain=637.44 431.092 192.246 124.578 251.217 119.653 169.177 129.995 107.344 146.312 124.977 97.5144 93.6485 89.4606 84.1621 82.0145 80.8712 100.189 79.9473 89.3438 94.5773 75.234 73.3064 71.8077 110.321 82.9167 69.6878 69.2937 115.704 90.2208
threshold=0.23118848353624347 3.8013771772384648 41.267499923706062 -0.87395131587982167 -0.82956761121749867 -0.60639065504074086 -0.64659911394119252 3.1585476398468022 0.034987861290574081 75.875000000000014 73.875000000000014 73.625000000000014 -0.99940761923789967 0.43442112207412725 4.3877878189086923 -0.9193688929080962 0.30675521492958074 19.375000000000004 13.663959026336672 -0.28622037172317499 0.86311084032058727 13.132728099823 -0.31900864839553827 -0.92599865794181813 -0.93430307507514943 0.11472212523221971 5.3712821006774911 -0.97696766257286061 -0.96234029531478871 78.375000000000014
decision_type=2 2 2 2 2 2 2 2 2 2 2 2 2 2 2 2 2 2 2 2 2 2 2 2 2 2 2 2 2 2
left_child=1 8 3 -3 14 6 -6 27 10 11 -1 -10 21 -14 -5 23 17 -17 19 20 -9 -11 -22 25 -25 -13 -16 29 -29 -7
right_child=-2 2 -4 4 5 7 -8 18 9 12 -12 15 13 -15 26 16 -18 -19 -20 -21 22 -23 -24 24 -26 -27 -28 28 -30 -31
leaf_value=0.016405406965138539 -0.025975939990468752 -0.0026036618786190562 0.015245498411518852 -0.0081458858859764279 0.00055125343043838852 -0.0084453205093105149 -0.025061282218354859 0.036706919452112179 0.0029334570573662602 -0.032839973755519981 -0.013934083314407927 0.0090854715639003252 0.0016806963706624948 -0.028921805083394272 0.048574119084897199 -0.018577754304750355 0.0029673787795271734 -0.0043734325257406897 0.0040475543575940942 0.0073543971021218955 0.01091249463841552 0.051826553825131134 0.04476297633634968 0.078505322519552903 -0.023438036674411907 -0.010011032332532541 0.021198673652766207 0.016589922770511675 0.0011779511780251935 0.0072293267718293863
leaf_weight=231.21492537669837 1458.9202146716416 4485.8679700680077 2394.1917414590716 121.4017434604466 2758.6847570873797 1770.055027410388 475.11472202464938 438.7388544715941 1340.0781622324139 182.49498715251684 2318.9802139159292 564.80238689854741 10009.612110516056 145.2240914516151 183.44434993714094 2486.440235581249 505.81534174084663 1176.4913323074579 2011.873155284673 1502.737786129117 982.71244398877025 9.5056987926363927 106.42409088090062 32.554876919835806 22.158924348652363 982.84985843673348 853.42221441864967 1025.4398617893457 3158.7815184481442 867.9681710600853
leaf_count=3160 59055 47568 10364 1310 21546 15927 4100 3767 10019 4446 50405 9937 116932 3030 1561 43991 7709 18002 10533 10714 6872 133 660 460 353 15581 5597 7882 27243 5780
internal_value=-6.32714e-05 0.000818763 0.00453604 0.00329317 0.00492093 0.00353564 -0.00327744 0.00539378 -0.0034799 -0.00235667 -0.01113 -0.00676942 0.000679739 0.00121503 0.0227939 -0.00902365 -0.0119741 -0.0140398 0.0102574 0.0143529 0.0211436 -0.0262901 0.0145973 -0.00132108 0.0399767 -0.00302834 0.0264597 0.00178924 0.00498556 -0.00328019
internal_weight=44604 43145.1 23136.9 20742.7 16256.8 15098.5 3233.8 11864.7 20008.2 17458 2550.2 7111.19 10346.8 10154.8 1158.27 5771.11 4168.75 3662.93 5042.49 3030.61 1527.88 192.001 1089.14 1602.37 54.7138 1547.65 1036.87 6822.24 4184.22 2638.02
internal_count=524637 465582 181424 171060 123492 115024 25646 89378 284158 230593 53565 106052 124541 119962 8468 96033 69702 61993 32546 22013 11299 4579 7532 26331 813 25518 7158 56832 35125 21707
is_linear=0
shrinkage=0.04


Tree=50
num_leaves=31
num_cat=0
split_feature=11 12 11 10 13 6 10 14 4 14 8 14 8 8 9 10 13 8 10 9 10 14 9 8 9 9 9 3 7 10
split_gain=604.71 380.601 171.338 216.364 166.154 162.178 153.375 178.958 151.419 162.632 125.201 121.019 120.895 118.503 98.6688 108.524 87.6944 88.7991 83.8679 79.3016 78.8431 80.9169 80.5091 96.5333 74.1666 70.6359 125.234 117.321 80.7694 89.8812
threshold=0.078402601182460799 5.6614718437194833 0.026874557137489322 -0.99549928307533253 0.029722134582698349 54.614330291748054 -0.9599599540233611 0.47058363258838659 1.0000000180025095e-35 14.913237094879152 17.375000000000004 1.4276161789894106 17.125000000000004 19.375000000000004 76.375000000000014 0.32308141887187963 0.053141165524721153 18.875000000000004 -0.98930078744888295 74.125000000000014 -0.9769422411918639 6.213581085205079 77.125000000000014 18.875000000000004 73.625000000000014 79.125000000000014 73.625000000000014 19.451147079467777 10.666147232055666 -0.55028682947158802
decision_type=2 2 2 2 2 2 2 2 2 2 2 2 2 2 2 2 2 2 2 2 2 2 2 2 2 2 2 2 2 2
left_child=1 2 3 10 -2 12 7 18 9 20 -1 -8 19 -11 15 24 17 -4 -5 -3 21 -9 23 -22 -13 26 27 -14 -28 -30
right_child=4 5 16 6 -6 -7 11 8 -10 13 -12 14 25 -15 -16 -17 -18 -19 -20 -21 22 -23 -24 -25 -26 -27 28 -29 29 -31
leaf_value=0.015171906028390523 -0.031493306521713012 0.015118434184837121 0.040115576676145771 -0.014645656136413812 -0.010979887642280224 0.01907910367387794 -0.0085175974422034458 -0.017020715304714818 -0.0043882803990507929 0.11398719894301389 -0.025792479748838294 0.0025903173127628494 0.012615444339802889 -7.1108518443262127e-05 0.0018118556866405264 0.014863403066556214 0.028690896211077149 -0.017035534460254562 0.044863205488970631 -0.0015053899801695237 -0.0035532886666198057 0.023431130364025665 0.0010483626414113593 0.08562234356315282 -0.009017011881505093 0.0078268354150405946 0.0010500224418743557 -0.001471332961838881 -0.016102531067009696 -0.00024266821468562185
leaf_weight=130.17819142341614 937.66484823822975 2286.5604106411338 48.135479975491762 39.340853948146105 1953.7294743079692 1252.0789777562022 5101.0872037373483 173.55511513352394 1214.3890956230462 37.500845529139042 924.31456452980638 1102.2752842009068 2447.9117948338389 21.00799061357975 7354.6780225038528 393.88200689852238 409.2536056227982 163.13641371205449 253.76998067647219 571.7273961044848 26.53941984847188 129.06242906674743 64.646502774208784 55.338461339473724 4298.4158672057092 3532.7031917348504 5799.2438243106008 1534.6919163987041 1084.6391134522855 1197.4833436757326
leaf_count=1787 41248 11904 695 687 48668 5288 92176 2594 14765 339 17536 6113 11918 263 70663 4677 5162 3059 3392 4953 336 1604 621 593 62671 24290 60543 6876 10365 8851
internal_value=-6.12208e-05 0.00116856 -0.00245498 -0.0030614 -0.0177179 0.00520197 -0.00213697 0.00830914 0.00330034 0.0214223 -0.0206404 -0.00329431 0.00425065 0.0790012 -0.00126307 -0.00516228 0.0180983 -0.00278993 0.0366564 0.0117996 0.0123644 0.00042912 0.0354121 0.0594767 -0.00664756 0.00286053 0.00140097 0.00719703 -0.00146077 -0.00781785
internal_weight=44538.9 41647.5 21940.5 21320 2891.39 19707 20265.5 2015.15 1722.04 507.651 1054.49 18250.3 18455 58.5088 13149.3 5794.57 620.525 211.272 293.111 2858.29 449.142 302.618 146.524 81.8779 5400.69 15596.7 12064 3982.6 8081.37 2282.12
internal_count=524637 434721 289733 280817 89916 144988 261494 25194 21115 6350 19323 236300 139700 602 144124 73461 8916 3754 4079 16857 5748 4198 1550 929 68784 122843 98553 18794 79759 19216
is_linear=0
shrinkage=0.04


Tree=51
num_leaves=31
num_cat=0
split_feature=11 5 8 10 11 10 10 10 10 10 10 7 6 10 10 10 17 12 14 9 9 10 10 11 14 14 8 9 11 10
split_gain=575.463 376.084 140.735 120.803 119.964 105.57 104.448 134.147 115.859 187.016 158.108 162.999 112.156 101.07 100.291 175.326 119.845 116.724 96.5713 87.4231 87.0894 85.4136 131.543 149.785 151.128 117.124 141.018 154.936 115.361 225.259
threshold=0.23118848353624347 9.2376923561096209 18.125000000000004 0.46514528989791876 -0.12758953124284741 -0.01505099539645016 -0.41495507955551142 -0.74512827396392811 -0.84828248620033253 -0.81984052062034596 -0.76762619614601124 3.2293739318847661 0.33283431828022009 0.24059136956930163 -0.9193688929080962 -0.92599865794181813 -1.7096902728080747 7.1565620899200448 4.0208926200866708 75.875000000000014 77.375000000000014 -0.98930078744888295 -0.9599599540233611 -0.21231865882873532 0.51236614584922802 13.682033538818361 19.625000000000004 74.875000000000014 0.026874557137489322 -0.99763298034667958
decision_type=2 2 2 2 2 2 2 2 2 2 2 2 2 2 2 2 2 2 2 2 2 2 2 2 2 2 2 2 2 2
left_child=1 3 -3 6 5 -4 7 8 14 12 -11 -12 -10 -7 15 21 -17 -16 -8 -9 -13 25 23 24 -23 28 27 -27 -1 -30
right_child=-2 2 4 -5 -6 13 18 19 9 10 11 20 -14 -15 17 16 -18 -19 -20 -21 -22 22 -24 -25 -26 26 -28 -29 29 -31
leaf_value=-0.0177000906671964 -0.02524504463225645 0.010914767721469468 0.0055819262829160856 -0.022653868056802598 -0.014898851242163939 -0.010703959139308184 -0.0025063160967240066 -0.017062841853285559 -0.02211542715773061 -0.010536091330231574 0.0445041206004375 -0.023697260389777822 0.028688421987675614 0.010002509043878125 -0.018509087964718542 0.056847454795705819 -0.00045773064701781871 0.005867070766227867 0.0050120689377352598 -0.0053838608414504404 0.020860314136972074 0.050518706626472516 -0.0098539929870960358 -0.0019065259728394714 0.010732016095937781 -0.00088431423810109481 -0.030094260060559097 0.082504157755922555 0.022211133601931596 -0.0146326170171194
leaf_weight=1455.745884064585 1395.5805643871427 5127.017384480685 9522.9745808728039 446.77227606996894 561.4483621455729 1323.1845235452056 5759.1875894926488 1701.962646830827 70.579495757818222 997.18292594701052 193.61199159547687 141.02084989845753 633.39753541722894 517.03123920038342 1262.0619544498622 125.454854413867 102.35748318582773 412.07875611260533 5185.6085509136319 2593.8479350060225 121.28292465955019 180.31332585215569 1136.6413441337645 1386.5701909735799 821.09263489022851 67.517381399869919 51.874798748642206 65.038009487092495 419.32909977436066 685.82280573435128
leaf_count=26218 59055 29145 67359 9460 7682 10086 87125 26602 1250 12325 2690 1511 6349 3990 16304 1269 1425 3648 47558 29819 1119 2143 15166 24575 8900 595 729 527 6010 14003
internal_value=-5.85069e-05 0.000763311 0.00537867 -0.0022626 0.00299127 0.00388753 -0.00189759 -0.00410808 -0.00163373 0.00659212 -0.00163378 0.0176457 0.0233565 -0.0048636 -0.00381045 -0.00155329 0.0321633 -0.0125098 0.00105719 -0.0100399 -0.00308544 -0.00282761 0.00129352 0.00661853 0.0183247 -0.00810406 0.0219118 0.0429475 -0.0103426 -0.000579134
internal_weight=44463.6 43068 17051.7 26016.4 11924.6 11363.2 25569.6 14624.8 10329 2157.08 1453.1 455.916 703.977 1840.22 8171.9 6497.76 227.812 1674.14 10944.8 4295.81 262.304 6269.95 3524.62 2387.98 1001.41 2745.33 184.43 132.555 2560.9 1105.15
internal_count=524637 465582 118262 347320 89117 81435 337860 203177 146756 25244 17645 5320 7599 14076 121512 101560 2694 19952 134683 56421 2630 98866 50784 35618 11043 48082 1851 1122 46231 20013
is_linear=0
shrinkage=0.04


Tree=52
num_leaves=31
num_cat=0
split_feature=11 9 12 9 8 8 10 10 10 10 10 17 14 11 8 14 7 9 3 10 10 4 10 10 10 10 10 3 10 10
split_gain=543.545 364.548 224.314 138.168 167.492 132.087 119.383 138.987 115.012 134.061 122.302 115.315 96.3791 107.644 95.722 95.0785 94.9793 79.8075 76.0052 88.9754 177.291 73.2036 225.508 94.3305 87.7257 75.0747 122.625 82.7359 146.234 146.18
threshold=0.23118848353624347 73.625000000000014 0.047660268843173988 79.625000000000014 16.625000000000004 19.125000000000004 -0.98930078744888295 -0.98664820194244374 -0.74512827396392811 -0.7785360813140868 -0.56456753611564625 -11.836387634277342 8.2867665290832537 -0.9852197766304015 18.125000000000004 0.83648550510406505 5.3712821006774911 74.375000000000014 0.26046662032604223 -0.97876849770545948 -0.93235439062118519 1.4954823255538943 -0.55028682947158802 -0.74512827396392811 -0.64659911394119252 -0.01505099539645016 -0.049434980377554887 2.0646985769271855 -0.20285348594188687 -0.35141934454441065
decision_type=2 2 2 2 2 2 2 2 2 2 2 2 2 2 2 2 2 2 2 2 2 2 2 2 2 2 2 2 2 2
left_child=1 14 16 4 -4 8 -7 15 9 11 -10 -6 -12 -14 -1 -8 -3 -11 19 -13 -21 24 23 -23 -9 26 27 29 -29 -24
right_child=-2 2 3 -5 5 6 7 21 10 17 12 18 13 -15 -16 -17 -18 -19 -20 20 -22 22 25 -25 -26 -27 -28 28 -30 -31
leaf_value=0.013977420183924451 -0.02483700733750939 -0.011320339667471232 0.0099360946057417722 0.0067284886364250701 0.03644210627706565 -0.014237906704992465 0.098827578414151115 0.009441408286228279 -0.024018972937715852 -0.0070979408712596725 -0.011385929426126108 -0.0084558856245932189 -0.016780178519190867 0.0078154119624148973 0.0049445031092315295 0.020642128918561542 -0.00029613518815770155 0.045713494979751954 -0.0091090267231875976 0.035435216723142891 -0.0040455372358948298 -0.0048241706321176508 0.032753176214305041 -0.020163467144475075 0.00041384115914436026 -0.0081153316925161208 0.049189341640714923 -0.0065792200859678494 0.027984660508376495 0.0014032909947103867
leaf_weight=3090.6699701491743 1362.6048023048788 4213.3691581264138 2125.3050178289413 4676.7834242749959 109.14959055185318 811.55363923683763 23.969845395535231 2649.9370582327247 789.98946518078446 61.534284260123968 2674.7982710376382 542.81214778497815 375.60066809877753 1078.5612735748291 4803.5845314376056 125.83444390073419 1777.1159672774374 145.00722433254123 1734.8066140692681 306.3050586450845 424.31118875741959 1701.8852148354053 415.34245697036386 1028.1749950312078 4888.5713830254972 531.03228392452002 102.66013375297189 1062.3741741552949 229.61206472292542 542.37757422029972
leaf_count=15886 59055 87981 13630 36193 894 13587 345 29700 12062 760 42067 8785 3041 8637 26884 1636 22719 1802 22456 3842 5927 18466 3940 11152 50761 5536 961 9075 1940 4917
internal_value=-5.76712e-05 0.00073235 -0.00101284 0.000436397 -0.000767859 -0.00178942 0.000560815 0.00147372 -0.00580927 -5.89252e-05 -0.009687 -0.00216623 -0.00689347 0.00139131 0.00849418 0.0385538 -0.00805588 0.0303784 -0.00368318 0.00372191 0.0127614 0.00102239 -0.00243339 -0.0106536 0.00359552 0.00535963 0.008423 0.00635328 -0.000268761 0.015197
internal_weight=44405.6 43043 35148.8 29158.3 24481.5 22356.2 14113.3 13301.8 8242.88 3323.93 4918.95 3117.38 4128.96 1454.16 7894.25 149.804 5990.49 206.542 3008.24 1273.43 730.616 13152 5613.46 2730.06 7538.51 2883.4 2352.37 2249.71 1291.99 957.72
internal_count=524637 465582 422812 312112 275919 262289 152016 138429 110273 44466 65807 41904 53745 11678 42770 1981 110700 2562 41010 18554 9769 136448 55987 29618 80461 26369 20833 19872 11015 8857
is_linear=0
shrinkage=0.04


Tree=53
num_leaves=31
num_cat=0
split_feature=11 9 13 9 6 3 8 9 8 10 10 17 10 9 8 17 7 5 2 10 7 11 10 10 11 10 10 10 14 10
split_gain=513.285 337.821 206.216 193.576 100.025 113.962 99.7659 99.1455 97.2666 117.665 113.83 133.735 99.9891 98.4445 112.044 78.0764 114.92 99.5835 95.923 75.5843 127.46 112.903 138.715 79.3933 154.158 111.131 91.3609 125.937 81.1187 74.1951
threshold=0.23118848353624347 73.875000000000014 0.053141165524721153 76.375000000000014 54.614330291748054 19.844645500183109 17.625000000000004 73.625000000000014 15.875000000000002 -0.74512827396392811 -0.7785360813140868 -0.21906854212284085 -0.59262362122535694 74.125000000000014 19.875000000000004 -11.216940402984617 10.116318225860597 9.9849166870117205 1.0000000180025095e-35 -0.99054482579231251 13.132728099823 0.0096758542931638675 -0.99630266427993763 -0.98523971438407887 -0.21231865882873532 -0.96463498473167408 -0.92599865794181813 -0.9193688929080962 11.897447109222414 -0.75648915767669667
decision_type=2 2 2 2 2 2 2 2 2 2 2 2 2 2 2 2 2 2 2 2 2 2 2 2 2 2 2 2 2 2
left_child=1 4 -3 8 5 6 -1 -8 -4 10 15 -12 -11 -14 -15 -10 17 18 -17 20 21 -5 -23 -21 25 -25 -27 28 -28 -13
right_child=-2 2 3 19 -6 -7 7 -9 9 12 11 29 13 14 -16 16 -18 -19 -20 23 -22 22 -24 24 -26 26 27 -29 -30 -31
leaf_value=0.015736327678716334 -0.024426842082780519 -0.012353257505880804 0.015227834269231737 -0.022806446151439737 0.017652176497026988 -0.00092044651191445744 0.0080001428337913814 -0.0074827922462610084 0.025173238134118248 -0.020634029635324104 -0.009870823441417537 0.063131178452977291 0.0060286877059364209 -0.012630632452609782 0.00063849517742623776 0.0046409567099224384 -0.018567167834854424 0.012930323400528441 -0.0099407764200170109 0.020782207661868963 0.032822289144941112 0.025184547316652938 -0.02765165745881009 0.023985706654749174 -0.021736512447412697 -0.010404170551297469 0.01535318448593026 0.002799094998332286 0.074209779499359863 0.0095016194729076204
leaf_weight=2069.3337441794574 1330.8811119347811 2488.4083571080118 381.15290150791407 616.23979560658336 1222.6206285506487 2990.4928303211927 3411.3406721688807 812.028015749529 154.66546026989818 926.02698099240661 114.76243818551302 110.54291623085737 847.23438885435462 3417.2814962752163 1447.1753110773861 1288.5859430003911 627.38398893363774 731.94660247117281 1618.0195288229734 374.84623691439629 99.225086882710457 208.69846447743475 115.23339094221592 384.4532499499619 403.09136408567429 824.19301171600819 114.11722740903497 15087.892003957182 51.624736584722996 68.945403452962637
leaf_count=12824 59055 54890 2365 11037 5141 14622 20910 7603 1527 15704 1699 1300 8902 54658 19346 21638 7697 8160 25569 5090 1306 3211 2390 3865 6584 9638 1115 135624 315 852
internal_value=-5.55466e-05 0.000704133 -0.00131177 -0.000392505 0.00693602 0.00550719 0.00855843 0.00501259 -0.00439997 -0.00507178 -0.000237917 0.0234301 -0.00849981 -0.00649989 -0.00868986 -0.00186267 -0.00289946 -0.000154441 -0.00348251 0.0021809 -0.00824509 -0.0128791 0.00612374 0.00281389 0.00240245 0.00300634 0.00249009 0.00319316 0.0368651 0.0441195
internal_weight=44338.4 43007.6 32501.7 30013.3 10505.8 9283.2 6292.7 4223.37 11733.7 11352.6 4714.85 294.251 6637.72 5711.69 4864.46 4420.6 4265.94 3638.55 2906.61 18279.6 1039.4 940.172 323.932 17240.2 16865.4 16462.3 16077.8 15253.6 165.742 179.488
internal_count=524637 465582 404482 349592 61100 55959 41337 28513 169417 167052 68442 3851 98610 82906 74004 64591 63064 55367 47207 180175 17944 16638 5601 162231 157141 150557 146692 137054 1430 2152
is_linear=0
shrinkage=0.04


Tree=54
num_leaves=31
num_cat=0
split_feature=11 9 12 9 10 11 10 10 14 10 8 10 17 10 10 14 10 14 8 11 10 10 10 14 2 14 10 10 14 4
split_gain=484.531 310.963 195.057 151.544 99.8894 95.5686 154.137 123.62 113.462 95.5523 151.788 118.119 106.675 92.466 78.8666 76.4359 75.2802 88.8771 86.0103 72.1227 206.375 85.733 91.6524 123.504 74.9223 77.672 73.5797 158.392 323.949 108.946
threshold=0.23118848353624347 73.875000000000014 0.014921665191650392 76.125000000000014 -0.56456753611564625 -0.11051030829548834 -0.9193688929080962 -0.92599865794181813 1.609184265136719 -0.75648915767669667 16.125000000000004 -0.7785360813140868 -0.25561319291591639 -0.50648479163646687 -0.87395131587982167 0.25813326239585882 -0.15207348018884656 52.571302413940437 17.125000000000004 -0.92602273821830738 -0.35141934454441065 -0.31900864839553827 -0.01505099539645016 13.255380153656008 33.471334457397468 4.3255131244659433 -0.47652685642242426 -0.52124115824699391 10.066494941711428 0.27657578885555273
decision_type=2 2 2 2 2 2 2 2 2 2 2 2 2 2 2 2 2 2 2 2 2 2 2 2 2 2 2 2 2 2
left_child=1 4 5 9 -1 6 7 -3 -9 11 -11 -4 -13 -12 -8 -16 -6 18 -18 20 24 -22 -23 -24 25 -5 27 29 -29 -21
right_child=-2 2 3 19 16 -7 14 8 -10 10 13 12 -14 -15 15 -17 17 -19 -20 26 21 22 23 -25 -26 -27 -28 28 -30 -31
leaf_value=0.0023057297633911449 -0.024014776329333513 0.0063383222514242291 -0.00060279650184514666 0.055589743152917113 0.015162855205959048 -0.018980722678359187 -0.034138871328773544 -0.014079016500205051 0.10843143475554014 0.013156254197502076 -0.019011477395156861 -0.0065751011864501096 0.056754141373256475 -0.0063502719103300312 -0.017514609666832454 -0.0037436030614690155 0.018950420354691175 -0.021260538016034673 0.0035893756577840374 0.0065075526268281551 -0.014155665891465196 0.0094074444573310229 0.0026412580561945361 -0.022377787484311497 0.074740981547738547 0.014542028871036547 -0.0078744935236223709 -0.015908308695377446 0.048022364083906643 -0.0030162165993860507
leaf_weight=4702.8640637118369 1300.3635242432356 695.89027731865644 3651.6105508282781 88.958942178636789 2623.4744545966387 1070.1705968547612 182.47974629327655 14.893465999513863 26.950473021715879 523.22767212986946 1193.9225368313491 65.838779669255018 101.28904337435961 4043.7133252471685 895.27221675217152 2270.0451190583408 781.24528693780303 171.31109298765659 2244.0328174270689 2912.8347983248532 401.68183849751949 3209.2747355364263 2714.017073020339 347.07231127470732 46.908533930778503 339.79782434552908 1539.5798789598048 203.30442283675075 310.54731850326061 5601.587055850774
leaf_count=31500 59055 10692 50859 676 11700 26415 2843 300 295 2788 19867 928 1087 59202 22468 35584 3832 697 13371 33397 3078 24988 26008 3088 303 2244 14843 2174 2232 58123
internal_value=-5.38268e-05 0.000676637 -0.00126132 8.75605e-05 0.00664847 -0.00838884 -0.00557482 0.0108732 0.0705216 -0.00396315 -0.00721127 0.000942937 0.0328433 -0.00926713 -0.00922096 -0.00768146 0.0101476 0.0059971 0.00760556 0.00227896 0.00537925 0.00354111 0.00469551 -0.000259079 0.0305586 0.0241315 0.000178931 0.00155946 0.0229075 0.000245734
internal_weight=44274.2 42973.8 32450.9 27295.2 10522.9 5155.7 4085.53 737.734 41.8439 9579.6 5760.86 3818.74 167.128 5237.64 3347.8 3165.32 5820.06 3196.59 3025.28 17715.6 7147.71 6672.05 6270.36 3061.09 475.665 428.757 10567.9 9028.27 513.852 8514.42
internal_count=524637 465582 404482 305885 61100 98597 72182 11287 595 134731 81857 52874 2015 79069 60895 58052 29600 17900 17203 171154 60385 57162 54084 29096 3223 2920 110769 95926 4406 91520
is_linear=0
shrinkage=0.04


Tree=55
num_leaves=31
num_cat=0
split_feature=11 9 12 9 8 8 10 10 10 10 2 17 18 8 11 10 10 14 14 11 10 14 10 17 10 7 0 4 10 10
split_gain=457.251 291.26 184.093 124.729 142.316 126.038 108.455 181.422 106.774 117.198 100.801 113.102 91.9934 87.1071 84.8011 146.313 101.472 98.6492 83.5178 102.838 79.2192 79.2023 78.8893 88.7186 75.0069 71.5633 68.9558 63.8278 208.789 90.9906
threshold=0.23118848353624347 73.625000000000014 0.014921665191650392 79.625000000000014 16.625000000000004 19.125000000000004 -0.69751432538032521 -0.56456753611564625 -0.98930078744888295 -0.98664820194244374 1.0000000180025095e-35 -13.295051097869871 16.062578201293949 18.625000000000004 -0.12758953124284741 -0.9193688929080962 -0.92599865794181813 1.7269966006278994 8.2867665290832537 -0.9852197766304015 -0.87395131587982167 0.83648550510406505 -0.7785360813140868 -1.0000000180025095e-35 0.30675521492958074 11.288825035095217 0.70866072177886974 1.4954823255538943 -0.55028682947158802 -0.74512827396392811
decision_type=2 2 2 2 2 2 2 2 2 2 2 2 2 2 2 2 2 2 2 2 2 2 2 2 2 2 2 2 2 2
left_child=1 13 14 4 -4 6 10 -8 -7 21 22 -12 -13 -1 15 16 -3 -18 24 -20 -17 -10 -6 -24 -9 -14 -2 -11 29 -29
right_child=26 2 3 -5 5 8 7 18 9 27 11 12 25 -15 -16 20 17 -19 19 -21 -22 -23 23 -25 -26 -27 -28 28 -30 -31
leaf_value=0.011247159893256484 -0.028581380919432513 0.0068346424517709229 0.0089983319112487987 0.006211930405946307 0.0050141220602939931 -0.01331555455461033 -0.030881964644707417 -0.014133305647965182 0.086467297467458307 0.003308848919089607 0.040919328884802583 -0.013342501264776499 0.0091543846475547613 0.0027868181940801716 -0.017478161295217901 -0.033835217429189421 -0.013436029992248771 0.09772655189915036 -0.016779643972977924 0.0072199055816545288 -0.0070923996351751123 0.018277392256811246 0.0036181813881144293 0.064120061386827035 0.0023913488741287969 -0.013902143442083117 -0.0060371881542700834 -0.0045211894390531707 0.0051439936926560917 -0.019525479401605192
leaf_weight=4473.388841452077 985.33666458167136 665.25909850746393 2142.5164932403713 4777.4620516337454 1038.2243886869401 832.15081037580967 556.75329173728824 2194.6197918653488 27.42808048799634 7740.2737969532609 72.934064321219921 1375.443018399179 728.7405563890934 3457.0586475543678 1133.7852729242295 178.76803248748183 15.699999198317526 29.300749152898788 376.29456581920385 1086.9344472959638 3192.957062009722 132.68772187829018 75.565250754356384 72.504731353372335 545.64005198329687 294.25627559795976 285.67102078720927 1744.6540933735669 2946.7797049283981 1025.5359341800213
leaf_count=23218 50011 10083 13734 36999 16148 14268 8804 36282 367 83177 541 20059 8042 19552 27760 2865 314 295 3091 8694 58786 1690 1263 1093 7970 2890 9044 19185 26955 11457
internal_value=-5.17202e-05 0.000650768 -0.000917972 0.000296778 -0.00083518 -0.00176004 -0.0056476 -0.00962098 0.000507088 0.00136093 -0.00046434 -0.00506122 -0.00662353 0.00756726 -0.00784274 -0.00513029 0.0112606 0.0635522 -0.00673835 0.000976004 -0.00860616 0.0343546 0.00907446 0.0354261 -0.0108462 0.00245199 -0.023601 0.000943154 -0.00225997 -0.0101261
internal_weight=44204.6 42933.6 35003.2 29787.4 25009.9 22867.4 8417.91 4760.24 14449.5 13617.4 3657.67 2471.37 2398.44 7930.45 5215.77 4081.98 710.26 45.0007 4203.49 1463.23 3371.73 160.116 1186.29 148.07 2740.26 1023 1271.01 13457.2 5716.97 2770.19
internal_count=524637 465582 422812 322709 285710 271976 114877 64841 157099 142831 50036 31532 30991 42770 100103 72343 10692 609 56037 11785 61651 2057 18504 2356 44252 10932 59055 140774 57597 30642
is_linear=0
shrinkage=0.04


Tree=56
num_leaves=31
num_cat=0
split_feature=11 15 13 11 10 10 4 10 14 8 2 14 14 10 8 10 9 13 10 10 10 14 10 1 14 9 9 11 6 10
split_gain=433.297 259.643 154.693 138.932 196.06 122.3 158.696 136.794 150.799 115.429 110.2 101.535 96.7814 104.284 93.292 85.0449 92.193 87.3487 74.8083 98.4982 130.219 150.034 122.2 87.7087 73.9529 72.3774 71.8723 71.3857 69.7069 67.099
threshold=0.078402601182460799 1.0000000180025095e-35 0.029722134582698349 0.026874557137489322 -0.99549928307533253 -0.9599599540233611 1.0000000180025095e-35 -0.9769422411918639 0.47058363258838659 17.375000000000004 51.777612686157234 1.2903282046318056 15.204169273376467 -0.98930078744888295 19.375000000000004 0.27383534610271459 79.625000000000014 0.58107420802116405 -0.93235439062118519 -0.80987083911895741 -0.87395131587982167 23.485479354858402 -0.60639065504074086 0.75370812416076671 17.957306861877445 77.875000000000014 75.375000000000014 -0.88620507717132557 0.036913555115461356 -0.64659911394119252
decision_type=2 2 2 2 2 2 2 2 2 2 2 2 2 2 2 2 2 2 2 2 2 2 2 2 2 2 2 2 2 2
left_child=1 3 -2 4 9 6 12 -8 -9 -1 18 27 13 -6 26 16 -13 -18 -3 20 21 -20 29 -24 -22 -10 -14 -7 -5 -21
right_child=2 10 -4 28 5 11 7 8 25 -11 -12 15 14 -15 -16 -17 17 -19 19 22 24 -23 23 -25 -26 -27 -28 -29 -30 -31
leaf_value=0.013928801773599966 -0.030023642916623461 -0.0039603148692980992 -0.0091440549202673731 -0.008601611561422336 -0.010320695049385939 -0.0028730874519237838 -0.011234376469517637 0.054761962997544995 -0.0038596166272522915 -0.024018999287251465 0.014329619207488296 -0.0028644341947243472 0.026801726314735274 0.026195427968861987 -0.0029659605798236085 0.0096799444919724795 0.032054150226236686 0.0034319286298238141 -0.0065769963830416738 -0.0025726740808065846 0.027681240784044273 0.029961699202235563 -0.0036221963230271053 0.0070248283690550074 0.00049001575668767151 0.02474138114481339 0.12982759660392554 -0.012782603291665218 0.023313359433616614 -0.022676099423156036
leaf_weight=142.2227546647191 819.55744754336774 1754.9943482019007 1846.2371879294515 133.13733461499214 160.03160447999835 2543.1301134824753 799.95635604858398 104.19577492028475 460.13372056931257 913.86901085823774 1765.741804022342 13143.091270316392 25.490073129534721 497.15028255432844 23.196239341050386 1150.1396810077131 175.130710542202 2227.4637242257595 735.38044944405556 1470.2749654948711 850.81391163542867 227.03439345955849 1483.5388098992407 7307.2322970107198 197.03095205873251 193.14035656675696 24.202772714197636 2145.3782876171172 508.75216630473733 315.15589617192745
leaf_count=1918 41248 18321 48668 2446 2540 46776 10688 1113 4988 18198 8273 144513 217 5789 291 13434 1770 16308 6163 10632 6042 1105 13131 46694 1044 1983 198 40972 6699 2475
internal_value=-5.03251e-05 0.000955911 -0.0156514 -0.00156574 -0.00204548 -0.0012892 0.00748164 0.000233292 0.0123328 -0.0188259 0.00492617 -0.00223049 0.0227321 0.0172819 0.0638588 -0.000768178 -0.0015469 0.00564248 0.00375923 0.00483789 0.0129337 0.00226199 0.00328833 0.00522595 0.0226213 0.00484179 0.0903234 -0.00742506 0.0166633 -0.00622777
internal_weight=44142.8 41477 2665.79 25369.8 24727.9 23671.8 2287.5 1557.43 757.47 1056.09 16107.2 21384.3 730.071 657.182 72.8891 16695.8 15545.7 2402.59 14341.5 12586.5 2010.26 962.415 10576.2 8790.77 1047.84 653.274 49.6928 4688.51 641.89 1785.43
internal_count=524637 434721 89916 320841 311696 291580 27807 18772 8084 20116 113880 263773 9035 8329 706 176025 162591 18078 105607 87286 14354 7268 72932 59825 7086 6971 415 87748 9145 13107
is_linear=0
shrinkage=0.04


Tree=57
num_leaves=31
num_cat=0
split_feature=11 9 12 9 8 8 14 11 7 3 10 17 4 10 10 10 10 10 3 10 10 10 10 7 10 8 7 2 10 10
split_gain=411.384 259.463 164.978 110.459 140.53 91.4487 82.8692 94.6807 81.3928 80.5248 101.223 114.328 79.95 160.325 116.816 95.0688 94.4486 153.785 137.519 131.419 94.4148 93.2212 92.0436 91.2346 118.188 79.3681 67.9799 67.0442 92.9628 75.9522
threshold=0.23118848353624347 73.625000000000014 0.014921665191650392 78.625000000000014 16.625000000000004 18.875000000000004 8.0821595191955584 0.16375125199556353 1.847068786621094 2.2115420103073125 -0.99372696876525868 -1.8769199252128599 0.62471947073936474 -0.52124115824699391 0.019350802991539243 -0.75648915767669667 -0.20285348594188687 -0.35141934454441065 0.99828690290451061 -0.3992436677217483 -0.76762619614601124 -0.99866804480552662 -0.64659911394119252 13.355569362640383 -0.49157854914665217 19.125000000000004 10.254914760589601 1.0000000180025095e-35 -0.69751432538032521 -0.13505011796951291
decision_type=2 2 2 2 2 2 2 2 2 2 2 2 2 2 2 2 2 2 2 2 2 2 2 2 2 2 2 2 2 2
left_child=1 25 8 4 -4 6 7 27 -3 -8 11 -11 21 15 16 20 17 18 19 26 -14 -7 -23 -20 -25 -1 -15 28 -6 -30
right_child=-2 2 3 -5 5 12 9 -9 -10 10 -12 -13 13 14 -16 -17 -18 -19 23 -21 -22 22 -24 24 -26 -27 -28 -29 29 -31
leaf_value=0.0095523958130905324 -0.022852828657505441 -0.013432187590927959 0.0084501218584909672 0.0042293304585346875 0.0056622114121163657 -0.02977962993396854 0.0098708571458584714 0.031495940502290029 -0.0032331725813956238 0.056166057334553647 -0.0075431747388750216 -0.022537911981660604 -0.0061878768012430356 0.00026438616321045792 -0.01427212465126821 -0.019245082852828978 0.019713222824110858 -0.013566857441766989 -0.0084456276623097008 0.071279051411038172 0.040935804117258529 0.0095248084002543809 -0.00034172721380357809 0.079455423418027429 0.0041317686640181079 0.00053130364491199772 0.04822336424015141 -0.014226264072389668 -0.024768056400631514 -0.0033425015302163221
leaf_weight=5802.7780574075878 1220.3196726515889 2136.1254973839968 2150.3393930904567 8163.0221444834024 840.08633264712989 127.06951525434852 845.07777881063521 80.481592163443565 3025.9128462895751 75.407682441174984 1687.4433969780803 38.347476534545422 2029.2459308933467 154.05344681814313 468.40706416964531 1078.8544857762754 687.05105924233794 604.76014087349176 434.73039245977998 91.92865364253521 60.477769818156958 2497.50655766204 3811.9339951500297 37.797112286090851 114.09534071758389 2134.7404660619795 58.305894017219543 2530.3581493813545 433.13314217329025 666.81069549545646
leaf_count=30550 59055 53280 13734 64794 13692 2449 8446 1537 46823 739 14304 496 25805 1839 5408 13590 6973 5702 4482 773 635 31132 44075 301 916 12220 520 40401 8524 11442
internal_value=-4.77572e-05 0.000606637 -0.000877395 0.000268252 -0.00122972 -0.0023035 -0.005879 -0.00914615 -0.00747148 -0.000247113 -0.0050225 0.0299572 -0.000200799 -0.00359514 0.00365635 -0.00965483 0.0075513 0.00187078 0.0123843 0.0337356 -0.00463563 0.00286908 0.0035727 0.000929307 0.0266255 0.00712996 0.0150086 -0.00994651 -0.00432015 -0.0119265
internal_weight=44086.6 42866.3 34928.8 29766.7 21603.7 19453.4 7197.15 4550.87 5162.04 2646.28 1801.2 113.755 12256.2 5819.71 2651.13 3168.58 2182.72 1495.67 890.911 304.288 2089.72 6436.51 6309.44 586.623 151.892 7937.52 212.359 4470.39 1940.03 1099.94
internal_count=524637 465582 422812 322709 257915 244181 99581 75596 100103 23985 15539 1235 144600 66944 26914 40030 21506 14533 8831 3132 26440 77656 75207 5699 1217 42770 2359 74059 33658 19966
is_linear=0
shrinkage=0.04


Tree=58
num_leaves=31
num_cat=0
split_feature=11 9 13 9 11 8 9 8 10 10 17 10 9 8 7 10 10 17 7 5 2 11 7 9 10 11 10 7 10 6
split_gain=391.127 257.542 176.79 146.823 103.669 87.7878 106.929 75.044 94.0635 100.185 105.171 91.4949 86.1456 96.1698 68.1454 118.422 100.271 66.8116 103.38 84.4305 80.3129 65.7797 81.2603 88.9077 64.4487 93.8973 148.427 103.094 64.2722 63.3578
threshold=0.29753153026103979 73.875000000000014 0.034987861290574081 76.375000000000014 0.18069575726985934 16.875000000000004 73.625000000000014 15.875000000000002 -0.74512827396392811 -0.7785360813140868 -0.21906854212284085 -0.59262362122535694 74.125000000000014 19.875000000000004 0.2800325751304627 -0.69751432538032521 -0.72174841165542591 -11.216940402984617 10.805946826934816 9.9849166870117205 1.0000000180025095e-35 -0.99966478347778309 2.7791368961334233 74.875000000000014 -0.99166062474250782 0.0096758542931638675 -0.99630266427993763 11.762240409851076 0.30675521492958074 54.614330291748054
decision_type=2 2 2 2 2 2 2 2 2 2 2 2 2 2 2 2 2 2 2 2 2 2 2 2 2 2 2 2 2 2
left_child=1 5 -3 7 24 -1 29 -4 9 17 -11 14 -13 21 15 16 -10 -9 19 20 -19 22 -14 -24 25 27 -27 -5 -23 -7
right_child=-2 2 3 4 -6 6 -8 8 11 10 -12 12 13 -15 -16 -17 -18 18 -20 -21 -22 28 23 -25 -26 26 -28 -29 -30 -31
leaf_value=0.013170405429194437 -0.026222752771864602 -0.012075026496087049 0.013099533386847865 -0.024856343892996981 -0.027091698188611436 0.0046526428587912198 -0.0057072174918652305 0.022786047931818418 -0.012046668696970802 -0.0083543628385415302 0.038939534316599862 0.0059263306085393175 -0.019810123535299186 0.00075910168393800203 -0.02236565125634821 -0.026139492136785441 0.12871342537547256 0.0035247110192407876 -0.019450687479047265 0.010873730837453518 -0.0094821303274334207 -0.015316725916282754 -0.01592081771189946 0.064239597046456737 0.0026168955878624989 0.025751848331661244 -0.026676439032944005 0.02318520874010797 -0.00045860027399960966 0.015953674089087096
leaf_weight=2120.9591531381011 884.73024236410856 2244.0356746111065 389.688167758286 491.49709310941398 187.21608472988009 6106.3810084722936 1468.7032210994512 159.96256604604423 10.642515089362862 115.31971126794815 191.22826012596488 848.93711065873504 58.55796842649579 1453.5912247337401 835.8216286636889 31.861787289381027 10.959018200635908 1385.8205557502806 513.93194210901856 811.39795519597828 1659.9290090613067 2659.6939652040601 28.571066204458475 54.702464401721954 17397.478106455877 238.24409307911992 123.00884786248207 75.26893144287169 565.03456848114729 906.00682763755322
leaf_count=11322 45339 55530 2441 9646 5903 35172 12580 1553 225 1751 2198 8970 1188 19583 14707 767 228 24338 6487 9251 27617 44081 440 839 162489 3504 2606 1111 8945 3826
internal_value=-4.5957e-05 0.000496783 -0.00126746 -0.000463285 0.00175821 0.00590813 0.0040786 -0.0039513 -0.00454533 -0.00031196 0.0214463 -0.00766273 -0.00577013 -0.00783815 -0.0195295 0.0213476 0.0774973 -0.001828 -0.00277872 -0.000512771 -0.00357183 -0.0115415 0.0143859 0.0379784 0.00206756 -0.00814894 0.007662 -0.0181849 -0.0127228 0.00613339
internal_weight=44029.2 43144.5 32542.4 30298.4 18512.7 10602.1 8481.09 11785.7 11396 4837.59 306.548 6558.37 5669.09 4820.15 889.285 53.4633 21.6015 4531.04 4371.08 3857.15 3045.75 3366.56 141.831 83.2735 18325.5 928.019 361.253 566.766 3224.73 7012.39
internal_count=524637 479298 416398 360868 185259 62900 51578 175609 173168 73195 3949 99973 84046 75076 15927 1220 453 69246 67693 61206 51955 55493 2467 1279 179356 16867 6110 10757 53026 38998
is_linear=0
shrinkage=0.04


Tree=59
num_leaves=31
num_cat=0
split_feature=11 12 6 10 10 10 10 4 3 10 10 10 8 10 10 10 11 11 11 10 14 9 14 7 3 10 8 3 9 10
split_gain=370.072 237.865 118.145 89.3272 191.43 112.794 125.345 110.316 89.7811 89.4313 81.5627 80.1317 92.6347 77.0076 75.9208 75.0707 71.8766 98.5957 79.448 77.2133 83.2654 70.2477 67.8867 83.113 62.1351 59.7321 80.5932 68.1855 67.3975 171.961
threshold=0.29753153026103979 3.8013771772384648 54.614330291748054 -0.87395131587982167 -0.82956761121749867 -0.60639065504074086 -0.64659911394119252 6.3816606998443612 13.663959026336672 -0.35141934454441065 0.48030318319797521 -0.99940761923789967 18.875000000000004 0.12225609645247461 -0.28622037172317499 -0.31900864839553827 -0.97696766257286061 -0.96234029531478871 -0.96904978156089772 1.0000000180025095e-35 12.620501995086672 73.875000000000014 5.389094591140748 5.3126401901245126 1.9365148544311526 -0.99904707074165333 19.625000000000004 0.15946413576602939 75.875000000000014 0.30675521492958074
decision_type=2 2 2 2 2 2 2 2 2 2 2 2 2 2 2 2 2 2 2 2 2 2 2 2 2 2 2 2 2 2
left_child=1 10 3 -3 22 6 -6 16 14 -10 11 12 -1 -11 15 24 19 18 -18 20 -7 -8 -5 -24 -9 26 27 -13 29 -27
right_child=-2 2 -4 4 5 7 21 8 9 13 -12 25 -14 -15 -16 -17 17 -19 -20 -21 -22 -23 23 -25 -26 28 -28 -29 -30 -31
leaf_value=0.0033842573886962539 -0.025831426746921557 -0.0023233559443354684 0.015082440202955518 -0.0037316684751676822 -0.00055707052356247409 -0.004908599743843594 -0.00093200672613498838 0.02995079743390135 -0.0044944830499692567 0.014864526907751582 -0.025030953317599299 0.0037897400188547114 -0.032158352582857562 -0.022016049338244033 0.0072256395144939837 0.048012210392556216 0.0052545594773945161 0.0014675869221750174 0.026332025397165428 -0.0097822270084751053 0.012912197364534521 -0.032553320054371331 0.048566364344439318 0.017698896847676063 0.010260191116982748 -0.0073739515265196101 -0.0091779188166830686 0.063791616256077224 -0.00032293392861578363 0.011545399482108294
leaf_weight=188.96672822907567 862.80625224672258 4760.1848853062838 1258.5315586701035 174.99608204513788 2845.0443853437901 974.38119420036674 168.63206259161234 405.19836622104049 1118.6138729825616 987.20468652620912 249.60723848082125 53.054511267691851 292.07687038742006 90.820174463093281 1194.2637311331928 142.6162205003202 643.79621154814959 3796.6971405595541 514.39472509175539 1471.0197361670434 721.72594871371984 330.78600369021297 163.59718238562346 872.54783229529858 717.25855936855078 6684.391426647082 90.8514534085989 65.072968412190676 11269.666646437719 859.33953593298793
leaf_count=3567 45339 50850 5372 1764 21858 8867 904 3259 5580 4659 5803 753 7482 466 8016 910 4916 31657 3677 12165 4142 3408 1287 5473 4567 112323 1447 699 150371 13056
internal_value=-4.4942e-05 0.000477078 0.00320927 0.00252642 0.00385885 0.00270049 -0.00383092 0.00441165 0.00931362 0.00341278 -0.00275295 -0.00245515 -0.0184117 0.0115837 0.014549 0.0213515 0.00159358 0.00459838 0.0147611 -0.00310703 0.00270572 -0.022104 0.0191303 0.0229902 0.0175701 -0.00204218 0.0187341 0.0392421 -0.00228279 -0.00520633
internal_weight=43968.1 43105.3 23352.3 22093.8 17333.6 16122.5 3344.46 12778 4655.98 2196.64 19753 19503.4 481.044 1078.02 2459.34 1265.07 8122.01 4954.89 1158.19 3167.13 1696.11 499.418 1211.14 1036.15 1122.46 19022.4 208.979 118.127 18813.4 7543.73
internal_count=524637 479298 183797 178425 127575 119051 26170 92881 27457 10705 295501 289698 11049 5125 16752 8736 65424 40250 8593 25174 13009 4312 8524 6760 7826 278649 2899 1452 275750 125379
is_linear=0
shrinkage=0.04


Tree=60
num_leaves=31
num_cat=0
split_feature=11 9 13 9 11 8 14 10 10 10 15 8 11 4 10 8 2 14 10 9 17 8 7 10 8 10 4 10 10 10
split_gain=350.054 228.621 161.936 132.89 93.9542 83.0416 73.8205 78.1393 112.09 150.809 115.389 103.575 103.252 145.516 89.6265 117.352 89.3041 89.1197 86.3285 71.541 67.4012 64.563 62.6534 58.7268 65.2207 58.5634 93.6531 87.7216 88.8624 84.251
threshold=0.29753153026103979 73.875000000000014 0.029722134582698349 76.625000000000014 0.18069575726985934 18.125000000000004 19.283683776855472 -0.74512827396392811 -0.87395131587982167 -0.9193688929080962 0.56250000000000011 19.125000000000004 -0.19547851383686063 1.8622922897338869 -0.96463498473167408 18.875000000000004 1.0000000180025095e-35 0.47058363258838659 -0.50648479163646687 73.375000000000014 -0.10642454028129576 18.875000000000004 4.9136681556701669 -0.94423642754554737 19.875000000000004 -0.99054482579231251 31.235168457031254 -0.98523971438407887 -0.9769422411918639 -0.96463498473167408
decision_type=2 2 2 2 2 2 2 2 2 2 2 2 2 2 2 2 2 2 2 2 2 2 2 2 2 2 2 2 2 2
left_child=1 5 21 6 25 20 7 8 9 12 -10 -12 13 14 15 -4 23 -15 -9 -7 -1 -3 -17 -16 -25 26 -5 -27 -29 -30
right_child=-2 2 3 4 -6 19 -8 18 10 -11 11 -13 -14 17 16 22 -18 -19 -20 -21 -22 -23 -24 24 -26 27 -28 28 29 -31
leaf_value=0.0043605903237971342 -0.025437157835076513 0.00017450313519782088 0.011495410239618045 -0.011273463533128936 -0.027074281631310461 0.0052561341130894666 0.0072992442297606574 -0.015956211075632529 0.0050019397930110036 -0.022602073384457837 0.0068926321083191957 0.076807650800875552 -0.0066438688433682024 0.037579079972206449 1.8599696368945515e-05 0.081037043983542306 -0.0082071915450294113 -0.012146724176194649 -0.0048647691206884875 -0.0044982955556402407 0.013612175014575449 -0.015822193930231196 0.016592655260551786 0.063507486511204997 -0.010347085916575691 0.022030470828830025 0.034303353764356136 -0.020201251076590262 0.021117835933426306 0.0021581609139424067
leaf_weight=2403.7146764881909 841.71740220859647 538.32662179321051 142.9872705116868 864.45340313576162 168.29058855213225 3774.9793784171343 924.5461189635098 1416.8195141218603 1327.805288054049 597.239984665066 68.306476108729839 61.853908352553844 1898.7946183066815 55.121337383985519 66.170723989605904 90.739227246493101 225.62562330439687 507.79087254032493 5353.4033543132246 1754.5868587549776 2669.896029336378 1601.4390305392444 39.818574234843254 76.27973734587431 21.325878404080868 356.3066522013396 68.947277633473277 267.84682678245008 374.58235635608435 15357.356080273166
leaf_count=14178 45339 13170 1613 15803 5467 21386 6225 25330 17617 8550 543 480 35627 695 941 930 3117 6919 81234 12580 14756 40878 445 1224 316 4717 1035 3616 3633 136273
internal_value=-4.32969e-05 0.000458703 -0.00120675 -0.000454709 0.00181859 0.00555547 -0.00353629 -0.00438001 -0.000679572 -0.00436164 0.00868569 0.0432267 -0.000814218 0.00819631 0.020762 0.0379089 0.00806924 -0.00670655 -0.00720601 0.00215842 0.00924627 -0.0118156 0.0639611 0.0296743 0.047909 0.00211531 -0.00757892 0.00267283 0.00222826 0.00262272
internal_weight=43917.1 43075.4 32472.2 30332.4 17457.8 10603.2 12874.6 11950.1 5179.86 3721.89 1457.97 130.16 3124.65 1225.86 662.947 273.545 389.402 562.912 6770.22 5529.57 5073.61 2139.77 130.558 163.776 97.6056 17289.5 933.401 16356.1 15999.8 15731.9
internal_count=524637 479298 416398 362350 170544 62900 191806 185581 79017 60377 18640 1023 51827 16200 8586 2988 5598 7614 106564 33966 28934 54048 1375 2481 1540 165077 16838 148239 143522 139906
is_linear=0
shrinkage=0.04


Tree=61
num_leaves=31
num_cat=0
split_feature=11 9 12 9 8 8 10 10 3 10 17 10 10 10 10 9 11 10 10 14 10 10 8 12 11 10 10 7 10 9
split_gain=331.022 210.771 144.818 93.105 105.183 93.0587 117.33 195.95 103.848 135.084 102.097 96.742 113.606 87.9893 109.538 93.1852 85.6656 129.613 93.0784 78.097 78.0714 76.8805 70.937 69.5249 67.1561 77.5825 74.8341 160.093 118.196 71.4707
threshold=0.29753153026103979 73.625000000000014 0.014921665191650392 79.625000000000014 16.625000000000004 19.375000000000004 -0.69751432538032521 -0.56456753611564625 0.12342590466141702 -0.97876849770545948 -11.836387634277342 -0.98930078744888295 -0.98664820194244374 -0.93235439062118519 -0.83904919028282154 74.875000000000014 -0.12758953124284741 -0.9193688929080962 -0.92599865794181813 1.8833360671997073 -0.87395131587982167 -0.97876849770545948 19.125000000000004 14.151300430297853 -0.19547851383686063 -0.98370367288589466 -0.96463498473167408 4.9136681556701669 -0.93235439062118519 77.125000000000014
decision_type=2 2 2 2 2 2 2 2 2 2 2 2 2 2 2 2 2 2 2 2 2 2 2 2 2 2 2 2 2 2
left_child=1 22 16 4 -4 6 8 -8 9 -6 21 -7 23 -11 -15 -16 17 18 -3 -20 -19 -10 -1 -13 26 -26 27 29 -28 -14
right_child=-2 2 3 -5 5 11 7 -9 10 13 -12 12 24 14 15 -17 -18 20 19 -21 -22 -23 -24 -25 25 -27 28 -29 -30 -31
leaf_value=0.0085721547870917809 -0.025040143319909926 0.0068648739578745293 0.0075917195543704396 0.0052446491594000909 -0.0069678998006638924 -0.013773437417359058 -0.029882429640634936 -0.0057902727395891442 0.054755684119015553 0.031826061015294067 -0.0066060041644079494 0.047894358289114598 0.059210502576175009 -0.011638888185008585 -0.0073411354304276045 0.033496063709086372 -0.01639289942140619 -0.033228237057778248 -0.0090848403184212029 0.090348256479473629 -0.0060725537155650869 -0.003033598640294774 7.9997283946566224e-05 -0.015354130311742365 0.0069369101765362198 -0.029705651547056743 -0.018169547690136147 -0.011846309354726983 0.0017171044303792194 0.014033557608781441
leaf_weight=5854.308884061873 821.4327004160732 664.39245888590813 2167.9031525086612 4845.7286479044706 596.44962625391781 703.79729057662189 601.34337362274528 4722.9812476038933 68.575418330729008 381.6815699711442 2420.7718628514558 119.08972205780447 120.89211558178067 270.07379829138517 125.5785071849823 275.72430558875203 1198.8457880113274 169.98971541970968 15.933380931615828 30.393934071063995 3108.1957269031554 67.461981046944857 2151.392744589597 30.239083271473646 146.26895763352513 227.20119259320199 489.528588604182 161.5558516420424 11193.606605131179 112.08606767654419
leaf_count=31450 45339 10083 14068 37519 9863 12652 9981 63571 473 5601 33082 1493 1176 3964 1952 3665 34826 2865 324 285 58786 580 12580 350 2003 5127 6219 1891 111872 997
internal_value=-4.12408e-05 0.000441555 -0.000896895 0.000176038 -0.000808 -0.00160843 -0.0046232 -0.00856222 0.000371264 0.00816844 -0.00467126 0.000553086 0.00136358 0.0167265 0.00780125 0.0208492 -0.00705865 -0.00421931 0.0111604 0.0606086 -0.00757748 0.0278522 0.00629298 0.0349267 0.000933345 -0.015548 0.00145543 0.0183697 0.000869019 0.0389479
internal_weight=43863.4 43042 35036.3 29848.5 25002.8 22834.9 9530.64 5324.32 4206.32 1649.51 2556.81 13304.3 12600.5 1053.06 671.377 401.303 5187.75 3988.91 710.72 46.3273 3278.19 136.037 8005.7 149.329 12451.1 373.47 12077.7 394.534 11683.1 232.978
internal_count=524637 479298 435268 328099 290580 276512 132732 73552 59180 25045 34135 143780 131128 15182 9581 5617 107169 72343 10692 609 61651 1053 44030 1843 129285 7130 122155 4064 118091 2173
is_linear=0
shrinkage=0.04


Tree=62
num_leaves=31
num_cat=0
split_feature=11 0 9 10 10 14 10 14 10 17 10 9 11 11 11 8 4 10 7 10 10 10 4 10 4 9 13 10 10 10
split_gain=312.892 198.11 105.86 117.336 95.9961 89.2034 116.466 84.9354 83.1868 82.8505 133.227 75.7537 63.4902 100.296 77.2642 76.9269 65.3018 69.1569 63.4022 109.672 119.325 81.2385 71.7126 65.8309 59.7097 59.6932 164.43 159.572 127.592 79.3933
threshold=0.29753153026103979 2.7576782703399663 74.125000000000014 -0.56456753611564625 -0.15207348018884656 15.816734790802004 -0.35141934454441065 52.571302413940437 0.46514528989791876 5.3812713623046884 -0.44600489735603327 77.625000000000014 -0.99966478347778309 -0.96904978156089772 -0.96234029531478871 21.125000000000004 0.14967540651559832 1.0000000180025095e-35 9.7231225967407244 -0.69751432538032521 -0.98046803474426258 -0.52124115824699391 0.83899125456810009 -0.50648479163646687 31.980548858642582 75.625000000000014 1.0000000180025095e-35 0.30675521492958074 -0.9193688929080962 -0.99940761923789967
decision_type=2 2 2 2 2 2 2 2 2 2 2 2 2 2 2 2 2 2 2 2 2 2 2 2 2 2 2 2 2 2
left_child=1 8 3 24 5 -5 9 -6 25 10 -7 12 16 -14 -15 18 -4 -18 19 20 -16 -20 -22 -21 -3 27 -27 28 -1 -28
right_child=-2 2 11 4 7 6 -8 -9 -10 -11 -12 -13 13 14 15 -17 17 -19 21 23 22 -23 -24 -25 -26 26 29 -29 -30 -31
leaf_value=0.00042609427276006336 -0.024640596676349893 0.0037343864370719109 -0.0050833379655763457 0.030277637832200006 0.0064400447862130363 0.0094669631293326419 0.022514007475036464 -0.022190598880948445 -0.020695024441874196 0.017527365649336671 -0.021906573977942042 0.0036459383816771968 -0.01265474020475337 0.023913516708497833 -0.010237719523486476 0.01332862810002686 0.084015708720626581 -0.00032499600810996417 -0.017842484702862815 -0.025605321274498948 0.018418786191731384 0.0061766845968770235 -0.00038004281488839985 -0.0042698183778305402 -0.0077935093439159215 -0.015709696950448902 -0.024249672385160674 0.012216555147681635 -0.011085045609017789 0.0014204392865661412
leaf_weight=2413.0628279224038 801.9222761914134 3091.2089183740318 55.136685531586409 507.7017220556736 2393.9027570001781 535.19988807290792 939.06753048300743 168.3472702652216 382.30506508424878 473.70180752128363 349.52996007353067 6817.2490723449737 1329.1869174353778 191.65568213909864 530.54924508556724 502.30397694185376 32.126882065087557 24.540024306625128 807.36569326929748 287.95984084159136 918.66038955561817 305.20307873934507 498.60195607319474 1061.8268689848483 925.9737369325012 1019.286686943844 186.14848035387695 769.33325578272343 4247.9042816180736 11244.981184743345
leaf_count=40470 45339 20163 619 3174 11806 2333 4058 686 9016 2049 1524 51552 15464 1899 8297 5668 330 253 8880 4360 10468 2522 5934 12859 4975 26940 5187 10764 68097 138951
internal_value=-4.03345e-05 0.000423959 0.00298557 0.00623927 0.0101031 0.0152051 0.0117576 0.00447997 -0.00245173 0.00421164 -0.00303408 0.000697482 -0.00237444 -0.00291181 -0.000354834 -0.0013483 0.026247 0.0529212 -0.00304633 -0.000250438 0.00581134 -0.0112571 0.0118489 -0.00897631 0.00106441 -0.00209068 -0.000396399 -0.00492532 -0.00692053 0.000981588
internal_weight=43811.9 43010 22747 9384.63 5367.45 2805.2 2297.5 2562.25 20263 1358.43 884.73 13362.4 6545.12 6433.31 5104.13 4912.47 111.804 56.6669 4410.17 3297.6 1947.81 1112.57 1417.26 1349.79 4017.18 19880.7 12450.4 7430.3 6660.97 11431.1
internal_count=524637 479298 179873 50768 25630 13138 9964 12492 299425 5906 3857 129105 77553 76351 60887 58988 1202 583 53320 41918 24699 11402 16402 17219 25138 290409 171078 119331 108567 144138
is_linear=0
shrinkage=0.04


Tree=63
num_leaves=31
num_cat=0
split_feature=11 15 13 11 10 8 10 4 10 14 14 10 10 10 6 2 10 16 8 10 10 17 7 10 10 7 10 8 10 10
split_gain=299.264 166.373 138.9 129.414 165.815 103.494 102.044 137.639 120.488 127.842 88.9133 85.6113 89.823 248.076 92.208 84.0946 82.7847 79.2911 79.2892 76.4858 224.917 105.578 108.323 93.1789 215.229 89.2814 122.497 116.415 88.5064 119.2
threshold=0.078402601182460799 1.0000000180025095e-35 0.029722134582698349 0.026874557137489322 -0.99549928307533253 17.375000000000004 -0.9599599540233611 1.0000000180025095e-35 -0.9769422411918639 0.5595005750656129 15.204169273376467 0.48030318319797521 -0.84828248620033253 -0.81984052062034596 0.33283431828022009 51.777612686157234 -0.98930078744888295 -36.600576400756829 19.375000000000004 -0.59262362122535694 -0.64659911394119252 0.019377971068024639 2.2673724889755253 -0.69751432538032521 -0.72174841165542591 3.5502542257308964 -0.13505011796951291 19.875000000000004 -0.67245468497276295 -0.65962448716163624
decision_type=2 2 2 2 2 2 2 2 2 2 2 2 2 2 2 2 2 2 2 2 2 2 2 2 2 2 2 2 2 2
left_child=1 3 -2 4 5 -1 7 10 -9 -10 16 12 17 14 -14 -3 -6 -8 -12 20 21 -15 23 24 -23 26 27 -21 -24 -30
right_child=2 15 -4 -5 6 -7 11 8 9 -11 18 -13 13 19 -16 -17 -18 -19 -20 25 -22 22 28 -25 -26 -27 -28 -29 29 -31
leaf_value=0.013116058709139929 -0.028319598483102972 0.0029211464478075223 -0.0074144700809624323 0.016301169217748573 -0.0093766299163042452 -0.02279193509248589 0.026919432081304696 -0.010788560885002166 0.047051820575667133 0.0039035514455563148 0.08296067590710457 -0.024529875116534053 -0.021506242354785054 -0.0075855138332274761 0.025796171803254397 0.012165244189140063 0.023353545486820775 -0.0089461070276840599 -0.002717850883725051 -0.021344778349792499 -0.026670703118846398 0.017273593472226227 -0.0057430913675153225 -0.013318997082651544 0.10233003642379275 0.0027220884629513128 -0.00030515951717231669 0.002898218426009961 0.061531008174886125 -0.014017829795236969
leaf_weight=143.92395631596446 712.75926709361374 14404.551208548248 1754.1874548178166 643.59608288295567 155.58101062104106 860.51297353021801 92.381825931370258 789.03796035796404 122.95987627282739 645.77391600981355 52.656263403594494 254.67200385034084 65.151958085596561 1993.6931700762361 703.10365296527743 1759.9280231967568 515.77299585565925 3081.2312369421124 23.009145934134722 1008.8049722984433 707.62751801684499 239.89268188923597 748.37425814941525 74.587054423987865 51.346007604151964 7642.0234261490405 3935.7141220234334 456.86287876218557 67.955490902066231 53.078294564038515
leaf_count=1918 41248 105607 48668 9145 2540 18198 768 10688 1247 6837 415 6013 1231 25082 6727 8273 5789 38027 291 19724 9809 3591 7362 1341 909 71927 63976 6056 692 538
internal_value=-3.97834e-05 0.000770085 -0.0135444 -0.00126619 -0.00173441 -0.0175682 -0.00104991 0.00692492 0.000124624 0.0113208 0.0209167 -0.00192073 -0.00163393 -0.000523855 0.0215599 0.00393451 0.0157423 -0.00782081 0.0596307 -0.00153513 -0.00641424 -0.00190635 0.00724725 0.0251911 0.0351684 -5.8811e-05 -0.00399106 -0.0138196 -0.000503695 0.0298584
internal_weight=43760.8 41293.8 2466.95 25129.3 24485.7 1004.44 23481.3 2304.79 1557.77 768.734 747.019 21176.5 20921.8 17748.2 768.256 16164.5 671.354 3173.61 75.6654 16980 3936.55 3228.93 1235.23 365.826 291.239 13043.4 5401.38 1465.67 869.408 121.034
internal_count=524637 434721 89916 320841 311696 20116 291580 27807 18772 8084 9035 263773 257760 218965 7958 113880 8329 38795 706 211007 49324 39515 14433 5841 4500 161683 89756 25780 8592 1230
is_linear=0
shrinkage=0.04


Tree=64
num_leaves=31
num_cat=0
split_feature=11 9 13 9 11 11 11 5 8 10 2 10 9 8 10 10 10 6 7 10 10 10 13 12 11 10 8 2 10 4
split_gain=283.149 180.976 131.07 111.195 95.0174 74.4098 132.952 79.5289 65.1487 75.3583 72.8976 70.8365 79.5713 78.1224 63.2338 62.7089 95.132 88.5178 62.6957 97.2655 90.2609 61.6425 82.8167 82.5989 63.8583 61.4338 61.1391 59.1148 57.0033 55.7469
threshold=0.29753153026103979 73.875000000000014 0.029722134582698349 76.125000000000014 0.18069575726985934 -0.92602273821830738 -0.96904978156089772 93.946643829345717 15.875000000000002 -0.74512827396392811 1.0000000180025095e-35 -0.59262362122535694 74.125000000000014 19.875000000000004 0.46514528989791876 -0.85671821236610401 -0.95754238963127125 4.3569936752319345 0.35542333126068121 -0.69751432538032521 -0.72174841165542591 -0.98046803474426258 5.8484160900115976 12.023805618286135 -0.09339838474988936 -0.7785360813140868 18.875000000000004 19.909256935119632 -0.16905184835195539 54.812696456909187
decision_type=2 2 2 2 2 2 2 2 2 2 2 2 2 2 2 2 2 2 2 2 2 2 2 2 2 2 2 2 2 2
left_child=1 5 26 8 14 6 -1 29 -4 10 25 18 28 -14 -5 16 17 -12 19 20 -11 23 -23 24 -19 -10 -3 -8 -13 -7
right_child=-2 2 3 4 -6 7 27 -9 9 11 15 12 13 -15 -16 -17 -18 21 -20 -21 -22 22 -24 -25 -26 -27 -28 -29 -30 -31
leaf_value=0.0038503302088260844 -0.023933657315298791 0.00093242902623944229 0.012055984343105399 0.0017772156023296319 -0.025862669706208565 0.0029225237739314135 0.011333778619128937 0.028408419673105298 0.0042945359416238253 -0.012379801155124418 -0.014078328714768653 0.016010829184160243 -0.011463531252569463 0.00049728094834958897 -0.032517658659960799 0.0063798545181600816 -0.017965426429887913 0.028623306907899382 -0.022143921222646825 -0.026858132914635444 0.1077954379708085 -0.017389656421135217 0.035233334673958908 -0.022617143906782156 -0.0037647965425581841 0.035011158567293962 -0.014795857539553077 0.027765626847179863 -0.0044791425288149903 -0.0082498111983281483
leaf_weight=2731.6568513847888 769.29059194773436 528.86517207697034 392.25022070854902 19480.430976131931 193.29943657107651 5448.2082952354103 800.8668965138495 170.35154810547829 1448.1223363317549 13.604767024517061 484.50770595856011 410.80624828860164 2920.4486469961703 1243.74286454916 76.426294049248099 668.53336945548654 841.32727914489806 159.53690149635077 693.41238063015044 31.636056972667575 14.922647677361963 55.604142362251878 195.89084248617291 170.10479625314474 224.21169670671225 102.71783102303743 1544.1080334288999 648.32252483814955 442.07771200686693 812.45414773188531
leaf_count=13050 45339 13170 2444 193945 6488 37632 4415 728 24866 300 9542 3877 50354 17110 1799 8067 11606 1984 13018 846 282 916 2445 2319 3679 1354 40878 2785 5109 4290
internal_value=-3.82714e-05 0.000395213 -0.00109247 -0.00042432 0.00134465 0.00492525 0.0090734 0.00221862 -0.00374555 -0.00436924 -0.000391724 -0.00736207 -0.00562102 -0.00789849 0.00162664 -0.00424117 -0.00758712 -0.000731591 -0.018728 0.0181869 0.062146 0.00737216 0.0233786 -0.0001818 0.010085 0.00654029 -0.010798 0.0188248 0.00546138 0.00146183
internal_weight=43717.7 42948.4 32336.6 30263.6 19750.2 10611.9 4180.85 6431.01 10513.5 10121.2 4350.56 5770.65 5017.08 4164.19 19556.9 2799.72 2131.18 1289.86 753.576 60.1635 28.5274 805.348 251.495 553.853 383.749 1550.84 2072.97 1449.19 852.884 6260.66
internal_count=524637 479298 416398 362350 202232 62900 20250 42650 160118 157674 66778 90896 76450 67464 195744 40558 32491 20885 14446 1428 582 11343 3361 7982 5663 26220 54048 7200 8986 41922
is_linear=0
shrinkage=0.04


Tree=65
num_leaves=31
num_cat=0
split_feature=11 9 12 9 8 8 10 10 10 17 11 10 10 10 3 10 10 10 10 8 14 17 10 2 11 10 7 10 10 9
split_gain=267.389 168.595 115.51 79.745 89.837 80.309 86.367 96.3947 92.7951 78.3692 77.7452 116.341 88.7312 75.5268 74.8671 72.5483 94.7258 69.6496 154.479 65.9454 65.7379 63.2353 87.7366 102.267 63.0731 86.0525 144.804 112.936 77.4748 65.9042
threshold=0.29753153026103979 73.625000000000014 0.014921665191650392 79.625000000000014 16.625000000000004 19.125000000000004 -0.74512827396392811 -0.56456753611564625 -0.7785360813140868 -11.836387634277342 -0.12758953124284741 -0.9193688929080962 -0.93235439062118519 -0.87395131587982167 0.26046662032604223 -0.98930078744888295 -0.98664820194244374 -0.97876849770545948 -0.93235439062118519 18.125000000000004 0.83648550510406505 -1.0000000180025095e-35 -0.69751432538032521 0.56338033080101024 -0.19547851383686063 -0.96463498473167408 4.9136681556701669 -0.93235439062118519 -0.98370367288589466 77.125000000000014
decision_type=2 2 2 2 2 2 2 2 2 2 2 2 2 2 2 2 2 2 2 2 2 2 2 2 2 2 2 2 2 2
left_child=1 19 10 4 -4 6 8 21 9 -6 11 12 -3 -13 17 -7 20 -11 -19 -1 -17 -8 23 -23 25 26 29 -27 -26 -18
right_child=-2 2 3 -5 5 15 7 -9 -10 14 -12 13 -14 -15 -16 16 24 18 -20 -21 -22 22 -24 -25 28 27 -28 -29 -30 -31
leaf_value=0.010124544312456222 -0.02352825020917523 0.0053376360228684213 0.006969868392515898 0.0048033729651257434 0.028203836591864137 -0.011476665236389549 -0.032972794452471484 -0.0057140843933918993 0.024304356996027371 -0.006803007384525721 -0.015453708549453984 -0.032677393928882699 0.047206197085944805 -0.0054497632176272997 -0.0083268756020716626 0.074901081393248095 0.053096523666121893 0.030030906555204781 -0.0046999804704855328 0.0026880091655569894 0.015402818624548058 0.051067382331289317 -0.024410136890687432 -0.014124735569696604 0.0064642397003345474 -0.017443899698805665 -0.0096275129128370902 0.001232897196010831 -0.028434873339086227 0.012512583411873352
leaf_weight=3136.9156889207661 751.77412424422801 630.86061120405793 2171.3389246165752 4875.050635125488 125.21662980690598 785.42860796488822 366.64941440336406 4081.0320193823427 227.06724437326193 547.09619391337037 1157.2932878201827 162.87076040916145 83.56721443682909 3058.0506308171898 1759.18484281376 30.893421802669764 149.31120536476374 374.17443291842937 434.1692788861692 4872.8291702307761 138.97576413303614 58.861515659838915 220.82779788784683 79.949426364153624 163.5375188048929 531.08405307680368 177.95357891172171 12147.464090745896 246.50445382390171 120.23204144090414
leaf_count=16354 45339 9497 14068 37519 952 14268 6534 56037 2665 9191 34826 2865 1195 58786 24152 367 1379 5371 6209 27676 1690 1029 3831 1217 2223 6831 2070 123708 5741 1047
internal_value=-3.74138e-05 0.000379484 -0.00082192 0.000129885 -0.000785318 -0.00152773 -0.00466923 -0.00813402 0.000144727 -0.0016181 -0.00638306 -0.00368319 0.0108191 -0.00692345 -0.00290345 0.000267976 0.000948887 0.00414488 0.0115471 0.00560943 0.0297861 -0.0214694 -0.00916698 0.0150934 0.000565277 0.00105277 0.018096 0.000437425 -0.0146935 0.0360889
internal_weight=43666.2 42914.4 34904.6 29812 24937 22765.6 8274.23 4807.32 3466.91 3239.84 5092.64 3935.35 714.428 3220.92 3114.62 14491.4 13706 1355.44 808.344 8009.74 169.869 726.288 359.639 138.811 13536.1 13126 447.497 12678.5 410.042 269.543
internal_count=524637 479298 435268 328099 290580 276512 117188 68648 48540 45875 107169 72343 10692 61651 44923 159324 145056 20771 11580 44030 2057 12611 6077 2246 142999 135035 4496 130539 7964 2426
is_linear=0
shrinkage=0.04


Tree=66
num_leaves=31
num_cat=0
split_feature=11 9 13 9 11 8 9 10 17 10 8 10 2 10 9 8 7 10 10 10 6 8 7 3 6 6 11 11 10 10
split_gain=252.423 156.616 117.331 99.3184 86.3736 71.4283 80.7484 58.5245 58.3881 80.5129 56.7876 70.1528 69.5423 65.1667 72.8177 71.5253 61.4341 84.0527 57.5233 118.411 82.3831 56.5809 55.4102 55.0252 82.5903 55.1263 54.0322 52.8826 52.8294 52.3524
threshold=0.29753153026103979 73.875000000000014 0.034987861290574081 76.125000000000014 0.18069575726985934 17.125000000000004 73.625000000000014 0.46514528989791876 0.10298394784331323 -0.92274349927902211 15.875000000000002 -0.74512827396392811 1.0000000180025095e-35 -0.59262362122535694 74.125000000000014 19.875000000000004 0.2800325751304627 -0.69751432538032521 -0.87395131587982167 -0.95754238963127125 4.3569936752319345 18.875000000000004 10.254914760589601 19.451147079467777 54.614330291748054 12.233331203460695 -0.11051030829548834 -0.09339838474988936 -0.16905184835195539 -0.7785360813140868
decision_type=2 2 2 2 2 2 2 2 2 2 2 2 2 2 2 2 2 2 2 2 2 2 2 2 2 2 2 2 2 2
left_child=1 5 21 10 7 -1 23 -5 -2 -10 -4 12 29 16 28 -16 17 -13 19 20 -14 -3 -22 25 -25 -7 -23 -27 -15 -12
right_child=8 2 3 4 -6 6 -8 -9 9 -11 11 13 18 14 15 -17 -18 -19 -20 -21 22 26 -24 24 -26 27 -28 -29 -30 -31
leaf_value=0.01040445766071189 -0.029151354916528698 0.00090699816378176561 0.011161741119369786 0.0016918990659215978 -0.025179913678506007 0.0028050100434429126 -0.0064481681178811898 -0.032037732295688875 0.026683517692362848 -0.025988197680520013 0.0043838956927998171 0.0651981032283315 -0.013661827632879075 0.015297483995588819 -0.011035751144668296 0.00044636618699400114 -0.021208225031644275 -0.025076749772619946 0.0047220599199875556 -0.02130161978090004 0.01336384719118127 -0.0091620693893901071 -0.0099507469671025594 -0.0042670683989106187 0.011763114627297842 0.013471817617380493 -0.025708797479025131 -0.01590767068551116 -0.0044175010563790211 0.03242117647694702
leaf_weight=2546.2211393546313 567.55598890874535 550.55657862033695 394.87889414839447 19467.953170396388 185.37639960460365 2127.6917901262641 1281.6682579703629 72.677183996886015 75.099933724850416 92.272440171800554 1437.4417610391974 23.279383394867182 477.55640861392021 414.0386318154633 2870.7980365026742 1241.3003222309053 685.93255617655814 24.846489680930972 830.69708727672696 669.24164397083223 593.10544765181839 1120.0781814344227 215.28704013302922 1948.7347603868693 687.32373099029064 1935.2063905820251 441.96211726218462 95.079167671501637 439.34684329852462 105.6480505168438
leaf_count=13838 37609 13712 2441 193339 6444 16002 11322 1757 3269 4461 24549 435 9531 3877 50084 17037 13251 690 9828 9837 8516 25350 2824 9469 2936 8535 16468 798 5093 1335
internal_value=-3.62869e-05 0.000364632 -0.0010226 -0.000382523 0.0012863 0.00457509 0.00272653 0.00155013 -0.0231212 -0.00218248 -0.00353893 -0.00412832 -0.000287423 -0.00703998 -0.00537264 -0.00757702 -0.0180948 0.022295 -0.00405667 -0.00779152 -0.000650394 -0.0101125 0.0071091 0.00446423 -5.87123e-05 0.00732493 -0.0139775 0.0120247 0.00521405 0.00649987
internal_weight=43618.9 42883.9 32262 30149.4 19726 10621.9 8075.7 19540.6 734.928 167.372 10423.4 10028.5 4328.98 5699.54 4965.48 4112.1 734.058 48.1259 2785.89 1955.19 1285.95 2112.6 808.392 6794.04 2636.06 4157.98 1562.04 2030.29 853.385 1543.09
internal_count=524637 479298 416398 360868 201540 62900 49062 195096 45339 7730 159328 156887 66420 90467 76091 67121 14376 1125 40536 30708 20871 55530 11340 37740 12405 25335 41818 9333 8970 25884
is_linear=0
shrinkage=0.04


Tree=67
num_leaves=31
num_cat=0
split_feature=11 9 13 9 11 12 11 11 5 10 17 10 10 10 12 3 14 8 2 4 3 10 4 11 1 11 11 11 10 7
split_gain=238.335 144.423 109.471 93.5373 77.2132 73.3998 67.7683 123.3 72.1924 60.5689 56.7898 74.9984 55.4662 81.1683 70.8464 63.4029 57.5535 54.484 54.4661 52.7549 76.8951 64.4919 52.5781 51.8965 48.5354 47.76 60.4452 120.121 133.334 54.6901
threshold=0.29753153026103979 73.875000000000014 0.029722134582698349 75.875000000000014 0.18069575726985934 2.6888399124145512 -0.92602273821830738 -0.96904978156089772 93.946643829345717 0.46514528989791876 0.10298394784331323 -0.92274349927902211 0.12225609645247461 0.20706263184547427 2.4132952690124516 0.78789409995079052 3.7250903844833378 18.875000000000004 19.909256935119632 12.388100147247316 10.599748611450197 0.088045001029968276 31.980548858642582 -0.11051030829548834 42.960096359252937 0.14675828069448474 0.078402601182460799 0.0096758542931638675 -0.99697706103324879 10.392376422882082
decision_type=2 2 2 2 2 2 2 2 2 2 2 2 2 2 2 2 2 2 2 2 2 2 2 2 2 2 2 2 2 2
left_child=1 6 17 5 9 24 7 12 22 25 -2 -12 14 -14 15 -1 -16 -3 -9 20 -18 -21 -8 -19 -4 26 27 28 29 -5
right_child=10 2 3 4 -6 -7 8 18 -10 -11 11 -13 13 -15 16 -17 19 23 -20 21 -22 -23 -24 -25 -26 -27 -28 -29 -30 -31
leaf_value=0.018408916803024877 -0.028809290596460532 0.0010765328692456044 -0.0078508958857952931 -0.030508889713764413 -0.022968953381044287 -0.00031885741402299999 0.003170891179453586 0.010599332094821319 0.026830251409339718 -0.031706455610855215 0.025162880059369716 -0.025628461360275367 -0.015476833547870593 0.015529044210568341 -0.030475693813122175 -0.027705874208927193 0.015054787844707583 -0.0090117232903973964 0.026382445469024386 0.014148334839324546 -0.0076016257154146814 0.058138180516955025 -0.0053423510994701964 -0.025573066384023492 0.034598999818784962 0.023248093242663911 -0.01954842657944424 0.026595629178731074 0.001595859823839637 0.010013112861833618
leaf_weight=58.934988953173161 551.76280737482011 527.09028402715921 4383.6547018028796 280.7799730990082 201.14630927424878 4833.9672867953777 4753.5871908329427 803.35159033536911 169.47255857288837 78.362683376297355 77.016650658100843 90.011329839937389 469.64707723259926 178.97525104507804 47.868157252669334 155.77228147536516 461.78618232905865 1070.9894314259291 643.63220692425966 830.16212891787291 478.20700147002935 48.666633039712906 1524.9900105465204 424.02247390244156 33.835021426901221 150.11688731238246 209.8821870777756 291.5978920981288 19679.419646840543 60.124739248305559
leaf_count=490 37609 13170 84719 6722 7105 57617 33662 4415 728 1954 3269 4461 2250 900 319 967 2269 24630 2785 3584 2066 205 8260 16248 385 2723 4476 4234 191380 1035
internal_value=-3.66723e-05 0.000349029 -0.0009846 -0.000379834 0.00109945 -0.00372749 0.00439095 0.00835402 0.00181474 0.00134372 -0.0227192 -0.0021101 0.00332585 -0.00681546 0.00650365 -0.0147919 0.00901884 -0.00997128 0.0177527 0.0102192 0.00357 0.017211 0.00109792 -0.0138476 -0.00744835 0.00148427 0.00131382 0.00153891 0.00116086 -0.0232804
internal_weight=43568.8 42850 32225 30202.9 20951.4 9251.46 10625.1 4177 6448.05 20750.3 718.791 167.028 2730.02 648.622 2081.4 214.707 1866.69 2022.1 1446.98 1818.82 939.993 878.829 6278.58 1495.01 4417.49 20671.9 20521.8 20311.9 20020.3 340.905
internal_count=524637 479298 416398 362350 219629 142721 62900 20250 42650 212524 45339 7730 13050 3150 9900 1457 8443 54048 7200 8124 4335 3789 41922 40878 85104 210570 207847 203371 199137 7757
is_linear=0
shrinkage=0.04


Tree=68
num_leaves=31
num_cat=0
split_feature=11 0 10 10 6 10 10 3 8 9 4 3 17 10 10 13 11 9 9 11 10 8 10 8 9 10 14 8 10 11
split_gain=224.99 134.338 78.2745 90.0862 80.6726 73.1087 70.7763 102.266 73.6631 61.9906 55.5943 55.4551 55.1872 69.923 52.4662 64.4971 50.1935 66.2111 54.1379 79.1894 49.895 101.967 69.5438 88.2655 60.0488 136.989 101.172 85.4057 80.9727 66.9887
threshold=0.29753153026103979 4.2368347644805917 -0.98046803474426258 -0.97509795427322377 54.614330291748054 0.48030318319797521 -0.93235439062118519 0.71318268775939953 17.125000000000004 76.625000000000014 4.8538231849670419 13.425928115844728 0.10298394784331323 -0.92274349927902211 0.036545658484101302 48.299516677856452 -0.97696766257286061 73.625000000000014 77.625000000000014 -0.99966478347778309 -0.99940761923789967 18.875000000000004 -0.99904707074165333 18.875000000000004 75.875000000000014 0.30675521492958074 1.0000000180025095e-35 18.375000000000004 -0.74512827396392811 0.18069575726985934
decision_type=2 2 2 2 2 2 2 2 2 2 2 2 2 2 2 2 2 2 2 2 2 2 2 2 2 2 2 2 2 2
left_child=1 5 -3 10 6 20 7 9 -8 -5 -4 16 -2 -14 -6 -16 17 -10 19 -19 21 -1 23 -22 25 28 -26 -27 -24 -28
right_child=12 2 3 4 14 -7 8 -9 11 -11 -12 -13 13 -15 15 -17 -18 18 -20 -21 22 -23 24 -25 26 27 29 -29 -30 -31
leaf_value=0.0068940304908952097 -0.028462703880958673 -0.0059455512452747418 0.038091896553067349 0.018328934114150607 0.015928138624495734 -0.023733138000215256 0.0093756265066507541 -0.018488942463279378 0.011498824338944415 -0.014386007966010373 -0.0012489386810994091 -0.0020441479006423676 0.023756437230511473 -0.02526730731447013 0.020072913229079972 -0.032424429916674199 0.0051891662965299068 0.023294173984614801 0.0013671734416839016 -0.015452165902367171 0.049490620605613149 -0.029840312392965012 -0.0016121559555907436 -0.00076613970879166359 -0.0242826712603669 0.021863044402032464 0.0011473185069803744 -0.0017067654523646853 -0.0097378137273591396 -0.02198956902247879
leaf_weight=205.97221219353378 536.57296228222549 1542.7992510404438 180.48451434075832 267.97132958285511 1077.4278495311737 230.51530275680125 2447.8238291218877 586.99351395107806 504.80832845717669 130.19212307035923 81.418469673022628 4096.0090868845582 78.866177897900343 87.833266223780811 57.292037099599838 76.184510074555874 7248.8993868604302 84.85008804127574 1120.1229479163885 836.66075209155679 87.52875891327858 272.33863866142929 3820.2669308017939 130.3403732702136 253.33682004734874 480.73297507315874 12277.765123918653 490.49024676531553 4034.6474517583847 193.54981145914644
leaf_count=3828 37609 19052 1972 3206 4662 5852 13128 5970 2135 1741 816 24799 3269 4461 234 311 58956 865 7607 9748 996 7616 60181 1997 9910 6160 145249 7914 65722 8671
internal_value=-3.59621e-05 0.00033512 0.00268975 0.00340129 0.00306422 -0.00179584 0.00236235 -0.0079984 0.00299156 0.00754137 0.0262658 0.00186067 -0.0223166 -0.00204211 0.0130043 -0.0100625 0.00349392 -0.00133331 -0.00454672 -0.0116727 -0.00155797 -0.0142044 -0.00127371 0.0207103 -0.00150546 -0.00403868 0.000253441 0.0100637 -0.00579294 0.000770913
internal_weight=43520.7 42817.4 20339.9 18797.1 18535.2 22477.5 17324.3 985.157 16339.2 398.163 261.903 13891.4 703.272 166.699 1210.9 133.477 9795.34 2546.44 2041.63 921.511 22247 478.311 21768.7 217.869 21550.8 8826.14 12724.7 971.223 7854.91 12471.3
internal_count=524637 479298 155202 136150 133362 324096 128155 10917 117238 4947 2788 104110 45339 7730 5207 545 79311 20355 18220 10613 318244 11444 306800 2993 303807 139977 163830 14074 125903 153920
is_linear=0
shrinkage=0.04


Tree=69
num_leaves=31
num_cat=0
split_feature=11 9 12 9 8 8 10 14 11 10 10 10 8 10 3 10 10 10 4 14 4 10 10 10 10 10 10 10 10 17
split_gain=212.318 130.099 91.5416 69.0336 72.3499 70.5615 71.1315 75.6853 67.4591 106.433 78.9448 73.8354 59.4881 58.3251 61.0849 58.8616 57.5337 77.8265 70.0241 64.199 58.3492 192.519 80.2403 75.2211 118.151 72.1953 86.2004 77.0684 187.809 81.645
threshold=0.29753153026103979 73.625000000000014 0.014921665191650392 79.625000000000014 16.625000000000004 18.875000000000004 -0.9550008475780486 20.346137046813968 -0.12758953124284741 -0.9193688929080962 -0.93235439062118519 -0.87395131587982167 19.125000000000004 -0.98523971438407887 0.52028533816337597 -0.99054482579231251 -0.98930078744888295 -0.98664820194244374 25.834330558776859 0.83648550510406505 2.1715292930603032 -0.55028682947158802 -0.74512827396392811 -0.01505099539645016 -0.049434980377554887 -0.64659911394119252 -0.60639065504074086 -0.76762619614601124 -0.75648915767669667 0.63292863965034496
decision_type=2 2 2 2 2 2 2 2 2 2 2 2 2 2 2 2 2 2 2 2 2 2 2 2 2 2 2 2 2 2
left_child=1 12 8 4 -4 6 7 13 9 10 -3 -11 -1 15 -15 -6 18 19 -7 -18 25 22 -22 24 -23 27 -27 -19 29 -29
right_child=-2 2 3 -5 5 16 -8 -9 -10 11 -12 -13 -14 14 -16 -17 17 20 -20 -21 21 23 -24 -25 -26 26 -28 28 -30 -31
leaf_value=0.0069965325351810928 -0.021913560583845044 0.0053428043312504538 0.0061974493041278738 0.0044386204985191495 0.0002304551570147161 -0.013216828536834729 -0.0067919909035142247 0.04264355233730853 -0.014378821286959656 -0.03225021299723297 0.044345294542030081 -0.0049281565119362663 -0.0007715006725700095 0.021386573917545254 -0.0044764717329185124 -0.024560247981311904 0.06834441655051629 0.0038005226072344773 0.026960252616693357 0.012469472282213734 -0.0053613171730266633 0.0051429264113225246 -0.019850581752115466 -0.0092579930573734089 0.045663615389677191 -0.034854704877288659 0.00028472981036209048 0.025233080390706566 0.010220297959619833 0.10529346711620452
leaf_weight=5863.3703443612903 688.34950623195618 630.66585206240416 2176.9661330748349 4899.6151721496135 620.8392762504518 802.27640481293201 5589.0367704592645 63.573738235980272 1112.9486238844693 157.59019180573523 86.359253654256463 3017.2033071294427 2153.9681881926954 337.20529200322926 247.20759605616331 193.38118904642761 34.232020623981953 2613.7915909271687 66.60645498521626 155.0623157992959 1677.4221173888072 2272.9836405217648 962.5575858745724 534.73555960692465 111.59999378025532 103.96590354666114 5602.9236264638603 47.242065947502851 614.06592749804258 42.118113867938519
leaf_count=31450 45339 9497 14068 37519 10364 14870 78930 545 34826 2865 1195 58786 12580 4931 3864 2978 388 30644 1027 1877 18889 19882 11326 5766 1016 1473 59571 537 7365 269
internal_value=-3.58218e-05 0.000321144 -0.000738217 0.000103955 -0.000751461 -0.00142052 -0.00473949 0.00309867 -0.00573785 -0.00323627 0.0105856 -0.00638137 0.00491118 0.00101122 0.0105552 -0.005884 7.77497e-05 0.000668842 -0.00986524 0.0254962 0.00032933 -0.00289119 -0.0106992 0.00418212 0.0072221 0.00231433 -0.000415275 0.00699744 0.0186568 0.0697673
internal_weight=43479.9 42791.5 34774.2 29769.4 24869.8 22692.8 7051.24 1462.21 5004.77 3891.82 717.025 3174.79 8017.34 1398.63 584.413 814.22 15641.6 14772.7 868.883 189.294 14583.4 5559.3 2639.98 2919.32 2384.58 9024.11 5706.89 3317.22 703.426 89.3602
internal_count=524637 479298 435268 328099 290580 276512 101612 22682 107169 72343 10692 61651 44030 22137 8795 13342 174900 159003 15897 2265 156738 56879 30215 26664 20898 99859 61044 38815 8171 806
is_linear=0
shrinkage=0.04


Tree=70
num_leaves=31
num_cat=0
split_feature=11 6 6 3 9 10 10 10 10 10 11 10 12 10 10 5 2 17 10 10 10 7 10 10 10 10 13 12 8 10
split_gain=200.173 120.801 73.13 89.6955 86.358 83.9735 195.004 73.0432 100.172 133.525 91.476 116.44 74.2157 210.948 71.9094 68.8542 59.1632 54.8021 66.4678 54.6733 96.9549 129.541 53.0028 109.389 92.7374 131.936 192.819 75.9213 80.8861 75.8645
threshold=0.29753153026103979 4.2958347797393808 54.614330291748054 14.15839719772339 74.125000000000014 0.019350802991539243 0.24059136956930163 -0.36747109889984125 -0.47652685642242426 -0.52124115824699391 -0.99628248810768116 0.1393099054694176 0.15680967271327975 -0.10088855028152464 0.46514528989791876 25.770649909973148 15.139853954315187 0.10298394784331323 -0.92274349927902211 -0.98370367288589466 -0.97876849770545948 13.572195529937746 -0.87395131587982167 -0.81984052062034596 -0.76762619614601124 -0.75648915767669667 16.398611068725589 19.983977317810062 19.125000000000004 -0.60639065504074086
decision_type=2 2 2 2 2 2 2 2 2 2 2 2 2 2 2 2 2 2 2 2 2 2 2 2 2 2 2 2 2 2
left_child=1 14 3 4 19 22 -7 8 9 -5 15 12 13 -12 -1 -9 -11 -2 -19 -3 21 -21 -6 27 -25 26 -26 -24 -29 -27
right_child=17 2 -4 7 5 6 -8 10 -10 16 11 -13 -14 -15 -16 -17 -18 18 -20 20 -22 -23 23 24 25 29 -28 28 -30 -31
leaf_value=-0.0021040625076437962 -0.027835472138842219 -0.0045744235944527433 0.011224617285397641 -0.0044130392724442812 -0.0016783058868676444 -0.015748286891133133 0.010449501589601352 -0.015879524698428814 -0.017494255212714197 0.0070193902112573037 -0.0048875043980798538 -0.0091611179270483963 0.0092635882358667373 0.10240153838452365 -0.019406056171538715 0.013341019933110002 0.038208088346067405 0.023654471820552549 -0.024585421693642608 0.075099657744125692 0.0081669255787301491 -0.020054229538383303 0.011513970793712289 -0.01268783580447159 0.0043262128774377729 -0.0063639652184747106 0.096038525196382465 -0.0044664665272704917 0.055730728044127285 0.0053599882348889117
leaf_weight=14793.887961054221 510.97956478781998 516.28707617148757 1269.8593100309372 4436.6185804009438 3073.9761679600924 1242.6675975769758 704.96709095314145 568.31321670487523 811.21323635429144 259.302081245929 65.264161888509989 568.89334307983518 1810.2777788341045 41.996683776378632 384.8119632396847 157.78589867055416 151.61441196128726 79.003259739838541 83.954365670681 65.362005723640323 4201.1479760929942 27.782274894416332 670.89023501053452 555.54440516978502 94.368570595979691 1063.3061348125339 51.061162315309048 45.963968694210052 130.82556884735823 4998.4623863659799
leaf_count=244373 37609 4714 5526 37275 39959 12649 7052 4129 4967 1741 586 4181 10792 432 9453 728 715 3269 4461 560 24067 210 5645 4958 857 10318 275 344 851 41941
internal_value=-3.35206e-05 0.000309778 0.00188666 0.00143193 0.00309682 0.00135745 -0.00626078 -0.00184135 -0.0045732 -0.00237935 0.00296996 0.00661571 0.0113196 0.0422706 -0.00255519 -0.00943474 0.0191613 -0.0215024 -0.00118285 0.00765191 0.00912905 0.0475253 0.00275072 0.00453953 0.00282825 0.00423512 0.0406341 0.0179998 0.0406787 0.00329637
internal_weight=43436.4 42762.5 27583.8 26313.9 17442.6 12632 1947.63 8871.28 5658.75 4847.54 3212.53 2486.43 1917.54 107.261 15178.7 726.099 410.916 673.937 162.958 4810.58 4294.29 93.1443 10684.4 7610.42 6762.74 6207.2 145.43 847.68 176.79 6061.77
internal_count=524637 479298 225472 219946 154400 124849 19701 65546 44698 39731 20848 15991 11810 1018 253826 4857 2456 45339 7730 29551 24837 770 105148 65189 58349 53391 1132 6840 1195 52259
is_linear=0
shrinkage=0.04


Tree=71
num_leaves=31
num_cat=0
split_feature=11 13 11 10 1 10 10 11 10 10 10 10 14 14 8 9 8 4 10 14 10 10 7 15 7 6 12 4 17 10
split_gain=189.398 113.983 105.281 157.692 103.154 103.508 107.344 102.877 175.775 118.923 184.441 181.396 162.127 121.574 107.269 105.781 98.5006 96.5429 88.7122 80.1555 78.5161 80.9596 127.826 112.939 74.384 77.801 76.1006 68.6669 113.739 152.498
threshold=0.078402601182460799 0.029722134582698349 0.026874557137489322 -0.99166062474250782 23.698267936706547 1.0000000180025095e-35 0.20706263184547427 -0.92602273821830738 -0.35141934454441065 -0.7996615171432494 -0.87395131587982167 -0.9599599540233611 0.58279448747634899 1.8436678647994997 19.875000000000004 79.625000000000014 17.375000000000004 7.3300845623016366 0.1732888147234917 6.1376304626464853 -0.7785360813140868 -0.74512827396392811 2.9998877048492436 0.93750000000000011 7.8299453258514413 4.6073942184448251 0.15680967271327975 0.10700470209121705 -3.7825168371200557 -0.99697706103324879
decision_type=2 2 2 2 2 2 2 2 2 2 2 2 2 2 2 2 2 2 2 2 2 2 2 2 2 2 2 2 2 2
left_child=2 -2 3 16 7 -6 -7 8 14 10 11 12 -9 15 -5 -12 -1 -10 -19 -18 -11 22 -22 -24 25 -14 -26 28 29 -21
right_child=1 -3 -4 4 5 6 -8 9 17 20 13 -13 24 -15 -16 -17 19 18 -20 27 21 -23 23 -25 26 -27 -28 -29 -30 -31
leaf_value=0.010227817601375023 -0.02599715764782759 -0.0057894376760302914 0.015325910955788476 0.0055506763178445016 0.0075076531061759504 -0.014892608262021694 0.0096183207393162242 0.03102770306724174 -0.00039120674484486499 -0.019239228587860695 -0.016567815906290993 -0.0085058355692514704 -0.00045468575402169548 0.013899528848749326 0.037363586248290635 0.059764387932540262 -0.024827591174985036 0.0097066785828789307 -0.0221293941048708 -0.012936118795234985 0.028642995340956968 -0.0053287924832682854 -0.0073535440578588376 0.055224402647538508 0.019949992040790971 0.018858982402788136 -0.012495333473908301 -0.016227421934371593 -0.013090471449201276 0.069417464022075506
leaf_weight=275.00597885251045 603.35291673894972 1675.1685061724856 751.6211181730032 328.33343702554703 5710.2044346891344 729.02969848737121 457.52650227770209 336.36694030836225 9661.2264082618058 572.46755579486489 349.12711614556611 3384.9470951128751 822.28133319318295 2210.9046313948929 349.99611902609468 21.827519536018372 732.78439851477742 2646.6066590100527 138.5473018437624 58.095547461882234 288.84785847552121 8542.7320893798023 623.02006363868713 39.796357333660126 127.61578941345215 551.13376705348492 736.61229828372598 425.60644962824881 169.27881320752203 74.228350520133972
leaf_count=3240 41248 48668 10287 3314 33821 4489 2928 4037 108207 6417 6195 39434 10020 18176 2437 232 17129 21200 1440 1210 3906 107448 5446 225 1448 5698 7055 5932 2501 849
internal_value=-3.08557e-05 -0.0112307 0.000592386 0.000314305 0.000845411 0.00527542 -0.00544 -0.000118772 0.00259198 -0.00203113 0.00143987 -0.00243085 0.00556005 0.0103485 0.0222695 -0.0106254 -0.0114477 0.00150253 0.00804949 -0.0155723 -0.00497447 -0.00409503 0.00692022 -0.00283133 0.00161069 0.00737594 -0.00753091 -0.00603572 0.00840552 0.0348924
internal_weight=43394.3 2278.52 41115.8 40364.2 38629.2 6896.76 1186.56 31732.4 13124.7 18607.7 8540.82 5958.96 2574.01 2581.86 678.33 370.955 1735 12446.4 2785.15 1459.99 10066.9 9494.4 951.664 662.816 2237.64 1373.42 864.228 727.209 301.603 132.324
internal_count=524637 89916 434721 424434 393573 41238 7417 352335 136598 215737 92295 67692 28258 24603 5751 6427 30861 130847 22640 27621 123442 117025 9577 5671 24221 15718 8503 10492 4560 2059
is_linear=0
shrinkage=0.04


Tree=72
num_leaves=31
num_cat=0
split_feature=11 12 6 14 8 3 10 10 8 10 9 10 10 11 10 8 3 8 10 10 8 9 9 11 3 6 10 7 2 10
split_gain=181.364 114.847 65.5763 64.6799 67.5711 57.0799 69.6218 50.6108 83.1664 53.5853 58.3474 127.1 77.4659 72.4822 65.4291 57.1571 54.3807 53.1642 52.2387 108.352 50.8622 69.3302 48.5573 54.99 61.8475 61.0672 73.0886 76.7493 53.2372 53.0177
threshold=0.3624663800001145 3.6564996242523198 54.614330291748054 1.0000000180025095e-35 19.125000000000004 23.699583053588871 -0.98803845047950734 -0.99940761923789967 19.125000000000004 -0.99904707074165333 75.625000000000014 0.30675521492958074 0.43442112207412725 0.18069575726985934 -0.75648915767669667 19.625000000000004 0.15946413576602939 19.125000000000004 -0.99866804480552662 -0.99815973639488209 19.375000000000004 73.375000000000014 73.625000000000014 -0.97507822513580311 0.81178921461105358 5.6646504402160653 -0.55028682947158802 5.6246790885925302 1.1397720575332644 0.019350802991539243
decision_type=2 2 2 2 2 2 2 2 2 2 2 2 2 2 2 2 2 2 2 2 2 2 2 2 2 2 2 2 2 2
left_child=1 3 5 4 -1 6 -3 8 -5 15 11 14 13 18 -11 16 -9 -13 -12 -20 21 -16 -8 29 25 -25 27 -27 -29 -24
right_child=-2 2 -4 7 -6 -7 22 9 -10 10 12 17 -14 -15 20 -17 -18 -19 19 -21 -22 -23 23 24 -26 26 -28 28 -30 -31
leaf_value=0.0066655695062362505 -0.025426401689024786 -0.0067962811320975208 0.011016837545507014 0.003081104610203569 -0.02342367424160292 -0.0026875219587457417 0.0074474967069347768 0.0027957840091011516 -0.031900836865742362 -0.0023794164886746178 -0.030643705139880663 0.016991958806547525 -0.02356256204609751 -0.020128956411888436 0.0089128854953620124 -0.0067302926501456532 0.055456713505807366 -0.0073051088458570002 0.038503159689885873 0.00088724752723754201 -0.0027470792893592422 -0.016839025743957896 0.0018074682478628626 0.0023268120916412997 0.00088248551654813078 0.020764890802974945 0.019793035134482006 0.015266699513589865 -0.0062480321103418543 -0.0085443479456218264
leaf_weight=160.34423301089555 435.28023674245924 1184.9855748899281 1238.9419536814094 205.93084804527462 418.60306499619037 4064.508966460824 3425.2240675054491 53.259811386466026 216.63663428835571 2860.6797838890925 72.481259675696492 554.86021179705858 206.65592467039824 254.0947334356606 178.19642780721188 83.994808999821544 70.445527870208025 186.9956757184118 113.92335951887071 10916.592640060931 850.40870222635567 1793.9375951420516 1942.0568175762892 2220.1286347731948 6036.1075227092952 360.82956306263804 988.24818325787783 237.92467318288982 704.07764759473503 1323.1143104694784
leaf_count=4557 31623 15873 5381 4170 16951 24453 16779 734 6706 49965 1611 7408 5496 13797 976 1354 695 3040 1570 136084 13340 36274 15743 25906 51919 3590 7424 2161 6391 12666
internal_value=-2.96505e-05 0.000233752 0.00209452 -0.00206579 -0.0151185 0.00159826 0.00254476 -0.00165203 -0.0151759 -0.00132981 -0.0015677 -0.00462066 0.000131123 0.000582607 -0.00665587 0.0183991 0.034689 0.0108518 0.00107428 0.00131027 -0.0109664 -0.0144789 0.00319046 0.00213018 0.00353373 0.00707136 0.0116389 0.00535 -0.000710701 -0.00240058
internal_weight=43359.5 42924.2 23726.1 19198 578.947 22487.2 18422.7 18619.1 422.567 18196.5 17988.8 6425.08 11563.7 11357.1 5683.22 207.7 123.705 741.856 11103 11030.5 2822.54 1972.13 17237.7 13812.5 10547.3 4511.21 2291.08 1302.83 942.002 3265.17
internal_count=524637 493014 188286 304728 21508 182905 158452 283220 10876 272344 269561 111003 158558 153062 100555 2783 1429 10448 139265 137654 50590 37250 142579 125800 97391 45472 19566 12142 8552 28409
is_linear=0
shrinkage=0.04


Tree=73
num_leaves=31
num_cat=0
split_feature=11 11 10 4 10 1 10 10 8 10 10 14 3 10 10 13 4 3 9 3 14 12 13 9 10 2 10 7 10 9
split_gain=171.667 107.133 154.584 125.439 123.713 113.953 82.6179 92.8257 74.2501 70.7509 104.154 118.928 72.4228 65.4996 110.453 97.6978 91.7583 91.2177 109.203 64.9006 64.2785 63.7054 63.3983 83.7375 63.3709 62.5106 60.3774 59.9307 59.8186 63.0806
threshold=0.3624663800001145 -0.92602273821830738 -0.35141934454441065 11.376863956451418 0.1732888147234917 22.325851440429691 -0.43054369091987604 -0.55028682947158802 19.875000000000004 -0.49157854914665217 -0.50648479163646687 8.0821595191955584 3.605454802513123 0.20706263184547427 0.019350802991539243 27.37036228179932 0.13171698898077014 47.514066696166999 75.875000000000014 19.844645500183109 0.098650418221950545 2.0240544080734257 1.0000000180025095e-35 75.125000000000014 0.46514528989791876 19.909256935119632 -0.98664820194244374 12.912572383880617 -0.46133413910865778 78.375000000000014
decision_type=2 2 2 2 2 2 2 2 2 2 2 2 2 2 2 2 2 2 2 2 2 2 2 2 2 2 2 2 2 2
left_child=1 2 8 13 21 9 7 19 25 10 22 -12 24 14 20 17 -15 -16 -19 -7 -4 27 23 26 -11 -1 -3 -5 -9 -30
right_child=-2 5 3 4 -6 6 -8 28 -10 12 11 -13 -14 16 15 -17 -18 18 -20 -21 -22 -23 -24 -25 -26 -27 -28 -29 29 -31
leaf_value=-0.0031172284333009573 -0.025040591817116452 0.030304918704986604 -0.026583265907219499 0.0081149914166125988 -0.027026997804015511 0.0071124175529033509 -0.012647589761305117 0.02669170533057097 0.03111265210412676 -0.0010274508851329375 -0.013648748187389448 0.036850124956011858 -0.016100548342635971 0.0073272680639660968 -0.006946451789162908 -0.028191345824280015 -0.013921286945556912 -0.0074732700101147612 0.069890512439716834 -0.0050128744346176826 0.0019762796697648821 0.013700440738140364 -0.001373291490976414 -0.01936017291064672 -0.018705612380105839 0.025634635622286881 -0.0085550964939525541 -0.017469686125720821 0.014597544858488085 -0.026714083744257294
leaf_weight=308.03005876019597 424.67757316026837 98.811915826052427 118.85898928530514 422.00336761772633 136.54950563237071 2199.5484811188653 397.77820390462875 501.19338945671916 411.52070225775242 2076.8361954372376 104.26731474325061 219.09745655581355 1108.6097004413605 2834.6219205614179 2554.6273852176964 331.17680472135544 357.81247869879007 57.905565302819014 45.539037108421326 1029.6772465147078 5909.345872040838 2358.7519089281559 17444.89412799757 670.52676705364138 374.81124578788877 187.28506145998836 147.43083533551544 211.66270355135202 209.19128641858697 71.124537080526352
leaf_count=3152 31623 1895 2950 5400 1137 17673 2159 2703 2736 30623 1633 1467 9133 30230 29633 1829 3566 312 399 5806 56990 13378 224604 24580 9441 970 5322 1623 1238 432
internal_value=-2.96232e-05 0.000223747 0.00278319 0.00182828 0.0089601 -0.00133671 0.00453165 0.00626268 0.018739 -0.0025012 -0.00151444 0.020646 -0.00766121 -5.19188e-06 -0.0017487 -0.00802171 0.00490967 -0.00541248 0.0297429 0.00324258 0.00137007 0.0106868 -0.00191573 -0.0121113 -0.00379512 0.00804638 0.0076127 -0.000569665 0.0185432 0.00355643
internal_weight=43324.2 42899.5 16245.7 15338.9 3128.97 26653.8 4408.51 4010.73 906.836 22245.3 18685 323.365 3560.26 12209.9 9017.45 2989.25 3192.43 2658.07 103.445 3229.23 6028.2 2992.42 18361.7 916.77 2451.65 495.315 246.243 633.666 781.509 280.316
internal_count=524637 493014 154305 147447 21538 338709 30011 27852 6858 308698 259501 3100 49197 125909 92113 32173 33796 30344 711 23479 59940 20401 256401 31797 40064 4122 7217 7023 4373 1670
is_linear=0
shrinkage=0.04


Tree=74
num_leaves=31
num_cat=0
split_feature=11 12 11 2 7 11 10 14 11 10 10 10 14 17 9 10 10 9 10 10 13 10 10 7 9 10 7 10 10 6
split_gain=162.787 113.111 91.5614 70.2432 63.0095 87.3955 126.211 65.2601 61.9868 122.102 93.3913 171.432 191.234 92.0597 87.6788 123.118 112.112 87.5277 83.6708 164.262 202.578 127.369 196.146 119.736 119.436 118.592 94.0817 88.0087 80.7106 74.9423
threshold=0.4256857186555863 0.29059888422489172 0.14675828069448474 72.389984130859389 5.499530792236329 0.0096758542931638675 -0.99549928307533253 0.087435517460107817 -0.92602273821830738 -0.35141934454441065 -0.47652685642242426 -0.50648479163646687 10.066494941711428 -4.8612890243530265 74.125000000000014 -0.2696967720985412 -0.31900864839553827 76.125000000000014 -0.74512827396392811 -0.76762619614601124 19.475504875183109 -0.7996615171432494 -0.87395131587982167 3.2293739318847661 79.125000000000014 -0.60639065504074086 5.8841369152069101 -0.89015004038810719 0.3393120169639588 14.174170494079592
decision_type=2 2 2 2 2 2 2 2 2 2 2 2 2 2 2 2 2 2 2 2 2 2 2 2 2 2 2 2 2 2
left_child=1 2 4 8 -1 6 -6 -7 9 -3 11 18 -13 -12 15 -11 -16 -18 19 21 23 22 27 -21 29 26 -26 -10 -17 -20
right_child=-2 3 -4 -5 5 7 -8 -9 10 14 13 12 -14 -15 16 28 17 -19 24 20 -22 -23 -24 -25 25 -27 -28 -29 -30 -31
leaf_value=-0.0052031966730207999 -0.032877363449892755 0.018076311029182276 -0.017810515911215186 0.01027616367887056 -0.028867870607699894 -0.018652223102099581 0.0029741154174256095 0.037719716374139775 -0.00033401630595306163 0.025409064454981006 -0.02269832635145173 -0.010923609008054736 0.034530959127045666 -0.0038992590665861667 -0.01874283555741036 0.002838060830925148 -0.0064793405502736748 0.0032919112975056219 -0.012807246171887797 0.040844334009517445 0.073327033008642142 -0.015085414257911186 0.011051630413692226 -0.00097793172797220403 0.0261419786826852 0.023864640623086589 -0.011360508378855154 -0.015992550688343161 0.032053473736491672 -0.0012335691620115263
leaf_weight=5361.6796914655715 230.05629534553736 794.43599676713347 687.52090376056731 1299.1620901729912 207.98947666957974 34.203300874680281 2296.6463004611433 160.68176380544901 7199.076213106513 490.50650953501463 500.09403651952744 210.91522559151053 457.7288710474968 2314.3333543017507 489.7264854721725 3337.0285470932722 1957.448595713824 5754.9864741675556 2194.81296248734 144.53312193229795 91.570265047252178 777.9144944883883 2615.726990621537 374.55943769216537 125.14994241297245 403.64911492168903 506.55224040150642 614.13832765445113 148.68149694800377 1510.944143652916
leaf_count=109604 17907 5627 40188 6594 4193 766 25855 2262 92176 2587 3056 2786 2723 23303 4449 18207 29196 47283 29532 1516 480 7294 21250 2996 1117 2653 3657 5702 919 8759
internal_value=-2.95131e-05 0.000153565 -0.00390379 0.00118888 -0.00269712 0.00228118 0.000225615 0.0273987 0.000828277 0.00298146 -0.000566252 0.000538783 0.0202432 -0.00730819 0.00198275 0.00684929 -0.000381901 0.000806747 -0.000268627 0.00153258 0.0215634 0.000422849 0.00159298 0.0112187 -0.00475203 0.00720942 -0.00363909 -0.00158369 0.00417236 -0.00810434
internal_weight=43292.5 43062.4 8748.72 34313.7 8061.2 2699.52 2504.64 194.885 33014.5 12972.8 20041.7 17227.3 668.644 2814.43 12178.4 3976.22 8202.16 7712.44 16558.6 11817.5 610.663 11206.9 10428.9 519.093 4741.11 1035.35 631.702 7813.21 3485.71 3705.76
internal_count=524637 506730 182868 323862 142680 33076 30048 3028 317268 108268 209000 182641 5509 26359 102641 21713 80928 76479 177132 131414 4992 126422 119128 4512 45718 7427 4774 97878 19126 38291
is_linear=0
shrinkage=0.04


Tree=75
num_leaves=31
num_cat=0
split_feature=11 14 9 9 8 9 10 7 10 10 10 8 9 11 11 13 4 8 14 12 10 10 10 11 8 4 10 10 10 10
split_gain=155.404 105.637 84.6284 79.2772 77.5712 60.8867 58.1335 85.4785 130.681 57.8602 112.62 74.2146 62.4606 65.1248 106.745 76.9126 77.1012 89.5833 121.431 74.9484 66.2974 65.614 108.861 86.8588 75.9495 72.6859 116.616 105.195 105.89 93.9493
threshold=0.4256857186555863 1.0000000180025095e-35 73.625000000000014 79.625000000000014 16.625000000000004 74.875000000000014 0.088045001029968276 5.2555959224700937 -0.92599865794181813 -0.99940761923789967 -0.99904707074165333 18.875000000000004 74.875000000000014 -0.99966478347778309 -0.99761277437210072 10.13669538497925 0.10700470209121705 20.125000000000004 1.4996229410171511 1.0000000180025095e-35 1.0000000180025095e-35 -0.99866804480552662 -0.99815973639488209 -0.09339838474988936 19.125000000000004 1.5350117683410647 -0.52124115824699391 -0.64659911394119252 -0.60639065504074086 -0.76762619614601124
decision_type=2 2 2 2 2 2 2 2 2 2 2 2 2 2 2 2 2 2 2 2 2 2 2 2 2 2 2 2 2 2
left_child=1 5 -3 4 -4 -1 7 8 -5 -6 11 -11 -12 15 -15 16 -14 18 -18 -20 -21 -16 24 25 -23 27 -27 29 -29 -24
right_child=-2 2 3 6 9 -7 -8 -9 -10 10 12 -13 13 14 21 -17 17 -19 19 20 -22 22 23 -25 -26 26 -28 28 -30 -31
leaf_value=0.003919456227494825 -0.03262082388372152 0.0040961004360653818 0.0058281124228499901 -0.0035691683387929335 -0.01671245092857946 -0.023769500715606431 -0.0063272394012574987 0.0031000809436718536 0.029293146492286055 0.055157972819888774 -0.005740277724034089 0.0052586096182966205 -0.0005973236570503181 -0.015394073951109862 -0.03253367010358648 -0.015397266591375738 -0.0019886933281499453 0.0078661327868605312 0.0038226010033931739 0.1200813402633287 0.028737042917114524 -0.0046159691446492884 0.0038428070655129936 -0.011029031219200547 0.054865258839353483 -0.0076739737320760584 0.0026343032908962742 -0.036154443768338734 -0.00047533385217958068 0.018488566321358601
leaf_weight=172.48092250339687 222.81623752042651 7985.7505280710757 2240.794747072272 302.88584988377988 405.74737207964063 446.91895390301943 750.2315475102514 3875.2551441732794 517.10155599936843 80.448162443935871 5363.00840333011 105.87115322612226 169.27052208408713 811.38746669888496 92.869081834331155 114.76813349127769 41.489284045994282 121.20063181221485 18.58511396497488 47.560121338814497 26.467898715287447 51.310658944770694 3478.1372367888689 1224.2464510137215 85.690544290468097 4028.8638193123043 3099.5030772611499 125.93862804584205 6369.4008215405047 870.36684174463153
leaf_count=4851 17907 45270 15760 6052 10535 21891 7550 28641 4729 927 81479 1645 2177 10280 2070 927 709 1193 277 510 294 637 41222 39160 1242 50377 31344 2279 81274 11428
internal_value=-2.86702e-05 0.000147664 0.000389021 -0.000472035 -0.00130455 -0.0161193 0.00395166 0.00560403 0.0172578 -0.00190439 -0.00166991 0.0285161 -0.00189589 -0.000901281 -0.00126956 0.012689 0.0204608 0.0339189 0.0552853 0.0786366 0.0947288 -0.000671995 -0.000502206 -0.000764403 0.0337894 -5.94439e-05 -0.00319439 0.00200241 -0.00122163 0.0068099
internal_weight=43246.4 43023.6 42404.2 34418.4 28972.9 619.4 5445.47 4695.24 819.987 26732.1 26326.4 186.319 26140.1 20777.1 20237.7 539.342 424.574 255.303 134.102 92.6131 74.028 19426.3 19333.5 19196.5 137.001 17972.2 7128.37 10843.8 6495.34 4348.5
internal_count=524637 506730 479988 434718 387746 26742 46972 39422 10781 371986 361451 2572 358879 277400 271313 6087 5160 2983 1790 1081 804 261033 258963 257084 1879 217924 81721 136203 83553 52650
is_linear=0
shrinkage=0.04


Tree=76
num_leaves=31
num_cat=0
split_feature=11 12 11 2 10 7 11 10 14 11 10 10 10 14 10 10 13 10 10 9 10 7 7 17 8 10 10 8 3 4
split_gain=148.334 99.6226 83.8987 63.306 57.9198 57.7483 76.7578 117.916 57.7213 56.491 111.109 87.0045 158.791 262.651 100.531 146.472 179.055 119.183 177.29 117.825 118.262 106.747 95.4063 86.5682 84.2051 83.1762 76.8637 76.3307 69.4478 90.3924
threshold=0.4256857186555863 0.29059888422489172 0.14675828069448474 72.389984130859389 0.019350802991539243 5.499530792236329 0.0096758542931638675 -0.99549928307533253 0.087435517460107817 -0.92602273821830738 -0.35141934454441065 -0.47652685642242426 -0.52124115824699391 10.066494941711428 -0.74512827396392811 -0.76762619614601124 19.475504875183109 -0.7996615171432494 -0.87395131587982167 79.125000000000014 -0.59262362122535694 3.8390418291091923 6.7559280395507821 -4.8612890243530265 16.875000000000004 -0.89015004038810719 -0.2696967720985412 17.875000000000004 2.6773806810379033 16.45009803771973
decision_type=2 2 2 2 2 2 2 2 2 2 2 2 2 2 2 2 2 2 2 2 2 2 2 2 2 2 2 2 2 2
left_child=1 2 5 9 -5 -1 7 -7 -8 10 28 12 14 -14 15 17 21 18 25 -16 22 27 -21 -13 26 -11 -12 -17 -3 -30
right_child=-2 3 -4 4 -6 6 8 -9 -10 11 24 23 13 -15 19 16 -18 -19 -20 20 -22 -23 -24 -25 -26 -27 -28 -29 29 -31
leaf_value=-0.0049460674502687478 -0.032359659422536345 0.030763812333642046 -0.017177125049605228 0.013053496294600788 -0.011256304612559285 -0.028334242248300449 -0.018284056089789717 0.0028894657313978372 0.034822687318012989 -0.0002834330912778924 0.038105711984248579 -0.022068460264132252 -0.014395666976881693 0.029582989092778296 -0.0091028174885794278 -0.012344181476401692 0.068034571804624674 -0.014669492098741568 0.010489365107041834 0.023327921227971476 0.027683877465595495 -0.0023695076347944521 -0.010744674019657108 -0.0037795505286472094 0.00073757545635041554 -0.015574659767245003 0.0078783283939199387 0.048486751414029888 0.01902724043094017 -0.017613684136440429
leaf_weight=5326.408532211557 215.85177922714502 335.89261202514172 669.59827461466193 1125.6759334225208 174.08175627142191 201.21679635904729 33.572477845475078 2299.8066967688501 166.34474169649184 7188.7543898439035 144.99220012128353 496.35707942768931 308.60190049186349 686.2162907384336 3421.9557367227972 38.135901670902967 94.915307827293873 770.06944682449102 2634.4751064814627 164.09358778595924 287.24388308078051 351.37458112463355 528.13692237436771 2308.4921954236925 10926.438656292856 608.13607480376959 1104.8588070757687 135.63912914693356 312.66553906723857 152.49996761232615
leaf_count=109604 17907 2681 40188 5787 807 4193 766 25855 2262 92176 801 3056 4097 4059 36036 420 480 7294 21250 1403 1854 2740 3778 23303 95561 5702 6279 1352 2091 855
internal_value=-2.77518e-05 0.000142047 -0.00367916 0.00111173 0.0097365 -0.00253326 0.00222563 0.000274565 0.0254582 0.000769185 0.00282382 -0.000563242 0.00050234 0.0159329 -0.000453122 0.0014687 0.0202344 0.000412794 0.00153919 -0.00560645 0.00657723 0.0104851 -0.00245057 -0.00708293 0.00186732 -0.00149453 0.0116596 0.0351918 0.0171605 0.00689699
internal_weight=43212.5 42996.7 8696.95 34299.7 1299.76 8027.35 2700.94 2501.02 199.917 32999.9 12977.3 20022.6 17217.7 994.818 16222.9 11821.5 620.065 11201.4 10431.4 4401.43 979.474 525.15 692.231 2804.85 12176.3 7796.89 1249.85 173.775 801.058 465.166
internal_count=524637 506730 182868 323862 6594 142680 33076 30048 3028 317268 108268 209000 182641 8156 174485 131414 4992 126422 119128 43071 7035 4512 5181 26359 102641 97878 7080 1772 5627 2946
is_linear=0
shrinkage=0.04


Tree=77
num_leaves=31
num_cat=0
split_feature=11 14 9 9 8 10 10 4 10 10 10 10 2 14 10 7 9 8 8 14 11 11 13 10 11 10 10 9 10 10
split_gain=141.564 95.7149 77.5103 71.4232 73.7156 64.4002 109.261 64.2912 140.765 128.879 92.4801 67.5166 90.2733 73.3515 64.4587 167.087 61.8014 60.6591 58.4199 56.7933 56.1639 94.2288 82.1355 81.2266 56.5665 71.5259 130.704 56.97 68.0238 154.538
threshold=0.4256857186555863 1.0000000180025095e-35 73.625000000000014 79.125000000000014 16.875000000000004 -0.99940761923789967 -0.99904707074165333 3.2838157415390019 -0.52124115824699391 1.0000000180025095e-35 -0.75648915767669667 -0.049434980377554887 15.689125537872316 1.7662307024002077 -0.49157854914665217 9.8429808616638201 74.125000000000014 19.875000000000004 19.125000000000004 0.78203183412551891 -0.99628248810768116 -0.99552518129348744 0.98511207103729259 0.019350802991539243 0.078402601182460799 -0.64659911394119252 -0.60639065504074086 74.375000000000014 -0.76762619614601124 -0.75648915767669667
decision_type=2 2 2 2 2 2 2 2 2 2 2 2 2 2 2 2 2 2 2 2 2 2 2 2 2 2 2 2 2 2
left_child=1 18 -3 4 16 -6 17 20 10 11 19 14 13 -13 15 -10 -4 -7 -1 -9 23 22 -22 -8 25 27 -27 -23 -29 -30
right_child=-2 2 3 -5 5 6 7 8 9 -11 -12 12 -14 -15 -16 -17 -18 -19 -20 -21 21 24 -24 -25 -26 26 -28 28 29 -31
leaf_value=0.004005272169259516 -0.032093849635878448 0.0039111192987314339 0.0084621791540858519 0.0029636749082933519 -0.018507005590364778 0.043386128050025397 -0.00048608286524898833 0.0090633944185273888 -0.016700932573579869 -0.014064063818917213 -0.01918001325271675 -0.0050607833177609531 -0.024255162485234263 0.051798243795575093 0.0010851962783057585 0.058154948348909365 -0.0046880688546478023 -0.0053194948155431895 -0.02322654663619737 -0.0082800288180975186 0.075371994612299625 -0.0072758374792673986 0.0098629126332000147 -0.021908962256609495 -0.010182350335304862 -0.034390309374581186 -0.0014785067193590366 0.0026718453860912227 0.049891694846459764 0.0072495150852939548
leaf_weight=172.51913702581078 209.15253804158419 7987.0497788703069 1993.2838041624054 7583.7631861567497 368.99484569579363 121.64446061849594 701.70170740038157 337.80559134390205 79.187610547989607 709.86817318573594 1269.2628636285663 46.409061081707478 39.768506444990635 133.05670946836472 2158.293424718082 97.851439822465181 792.73155856411904 56.452068876475096 432.79013477358967 2361.714753405191 37.476807672530413 698.0285058747977 96.822104375809431 465.31479691527784 875.95187846664339 188.13674472086132 7609.97315146029 4539.9328585136682 152.65995929017663 860.99094627797604
leaf_count=6000 17907 45270 13128 66636 9785 1461 9731 6999 1089 9444 17505 766 326 1353 21029 709 9177 930 20742 33744 646 9590 1089 6821 32794 3727 103038 58750 1464 12987
internal_value=-2.68168e-05 0.000136699 0.000364107 -0.000460891 -0.00143095 -0.00214608 -0.00188297 -0.00212555 -0.00525913 0.000894444 -0.0103101 0.00508978 0.0258141 0.0376037 0.00304247 0.0255699 0.00471703 0.0284857 -0.0155263 -0.00608431 -0.000726365 -6.86384e-05 0.0321 -0.00914142 -0.000379385 0.000238603 -0.00231556 0.00342322 0.00477864 0.0140963
internal_weight=43178.6 42969.4 42364.1 34377.1 26793.3 24007.3 23638.3 23460.2 7233.22 3264.43 3968.78 2554.57 219.234 179.466 2335.33 177.039 2786.02 178.097 605.309 2699.52 16227 15060 134.299 1167.02 14925.7 14049.7 7798.11 6251.61 5553.58 1013.65
internal_count=524637 506730 479988 434718 368082 345777 335992 333601 92964 34716 58248 25272 2445 2119 22827 1798 22305 2391 26742 40743 240637 224085 1735 16552 222350 189556 106765 82791 73201 14451
is_linear=0
shrinkage=0.04


Tree=78
num_leaves=31
num_cat=0
split_feature=11 14 11 11 4 10 1 7 10 10 4 3 10 10 6 4 3 9 12 7 14 10 11 12 10 14 11 10 4 17
split_gain=135.077 89.6796 76.0577 118.065 110.883 113.464 88.1262 78.9459 73.8313 79.6487 73.1446 62.3601 61.3447 204.469 91.6746 61.3686 57.9568 57.7498 56.3039 55.5694 53.4342 53.2841 158.438 90.5841 133.123 84.9939 71.3326 137.643 85.5234 85.1893
threshold=0.4256857186555863 1.0000000180025095e-35 -0.92602273821830738 -0.93845868110656727 11.376863956451418 0.1732888147234917 22.325851440429691 1.9536182284355166 -0.43054369091987604 -0.55028682947158802 16.155911445617679 19.844645500183109 -0.80987083911895741 -0.84828248620033253 0.33283431828022009 12.83483409881592 1.3763592243194582 75.125000000000014 2.0240544080734257 12.912572383880617 2.5944690704345708 -0.96235975623130787 -0.19547851383686063 12.454922676086428 -0.87395131587982167 0.5595005750656129 0.0096758542931638675 -0.99763298034667958 0.10700470209121705 -6.9981558322906485
decision_type=2 2 2 2 2 2 2 2 2 2 2 2 2 2 2 2 2 2 2 2 2 2 2 2 2 2 2 2 2 2
left_child=1 17 3 4 -3 18 12 -5 9 11 -9 -8 13 21 -15 -16 -12 -1 19 -6 -20 22 25 -23 -25 -4 28 -28 29 -24
right_child=-2 2 6 7 5 -7 8 10 -10 -11 16 -13 -14 14 15 -17 -18 -19 20 -21 -22 23 26 24 -26 -27 27 -29 -30 -31
leaf_value=0.0025730272117357894 -0.031823390600409042 -0.00040100872905375509 0.033644531188965987 -0.0026540570013433057 0.0074551671651977205 -0.026681845573734396 0.0067720490090352296 0.023787954788269047 -0.012123502432651121 0.017146033220155701 0.036286737087454946 -0.0051080878722625737 -0.0043738238627136043 -0.023367494205338329 0.012966638110899483 0.035916778276818689 -0.010475825779015957 -0.023684102895451836 -0.014060581540444006 -0.01721451403981589 0.013867753125211347 -0.008294191032225378 0.030906255193535716 -0.0052056337322379763 0.023727360773261937 0.0075032073868458718 0.017060349366599999 -0.0048840827566139803 -0.014357068812632687 -0.0035783111005442255
leaf_weight=196.37028327398002 202.70850585587323 11547.800622148439 226.99823263287544 374.83018955774605 424.27231953293085 134.13410742580891 2210.5504482751712 876.45853883400559 395.80033846944571 784.07445195317268 43.246030580252409 1028.4887681920081 9797.9793832171708 86.557629328221083 1025.1676629967988 225.87096555158496 198.403489690274 400.16656813025475 107.40385917574167 210.1813281737268 2255.2249981574714 3538.963940682821 123.22614776901901 732.22067683935165 377.78829503059387 1310.751187633723 657.53154757246375 1443.1575518855825 1393.7664183825254 811.31240173242986
leaf_count=5853 17907 117186 2333 4965 5367 1133 17773 6638 2159 4373 298 5807 116926 1665 9254 1422 1151 20889 1175 1623 12203 62696 1596 6899 2382 13321 9562 34421 21718 13942
internal_value=-2.6404e-05 0.000131081 0.000349762 0.00250551 0.00141123 0.00807468 -0.00098284 0.0131839 0.00416095 0.00578913 0.0184698 0.00299565 -0.00202927 -0.000105412 0.0145727 0.0173622 -0.000997713 -0.0151408 0.00971376 -0.000857691 0.0125442 -0.00196685 0.000535272 -0.00517245 0.00476555 0.0115546 -0.00330804 0.00203298 -0.00811501 0.00124782
internal_weight=43141.4 42938.7 42342.2 16172 14679 3131.22 26170.2 1492.94 4418.91 4023.11 1118.11 3239.04 21751.3 11953.3 1337.6 1251.04 241.65 596.537 2997.08 634.454 2362.63 10615.7 5966.74 4648.97 1110.01 1537.75 4428.99 2100.69 2328.3 934.539
internal_count=524637 506730 479988 151739 138687 21501 328249 13052 30112 27953 8087 23580 298137 181211 12341 10676 1449 26742 20368 6990 13378 168870 96893 71977 9281 15654 81239 43983 37256 15538
is_linear=0
shrinkage=0.04


Tree=79
num_leaves=31
num_cat=0
split_feature=11 14 11 10 4 10 1 10 10 8 10 10 13 4 3 9 2 3 10 10 6 9 4 10 9 9 10 14 12 12
split_gain=128.867 84.0228 70.0467 108.115 93.8465 104.362 81.2002 68.1241 73.1667 60.7348 60.1844 103.968 92.8049 86.0836 83.7042 98.5435 58.1726 57.3409 56.8193 187.163 84.6893 55.3661 55.27 54.4245 101.296 53.4565 54.2753 52.9961 52.8083 51.8186
threshold=0.4256857186555863 1.0000000180025095e-35 -0.92602273821830738 -0.35141934454441065 11.376863956451418 0.1732888147234917 22.325851440429691 -0.43054369091987604 -0.55028682947158802 19.875000000000004 0.20706263184547427 0.019350802991539243 27.37036228179932 0.13171698898077014 47.514066696166999 75.875000000000014 19.909256935119632 19.844645500183109 -0.80987083911895741 -0.84828248620033253 0.33283431828022009 74.875000000000014 12.83483409881592 -0.2696967720985412 74.125000000000014 75.625000000000014 -0.25309335440397257 30.915943145751957 17.219190597534183 2.0240544080734257
decision_type=2 2 2 2 2 2 2 2 2 2 2 2 2 2 2 2 2 2 2 2 2 2 2 2 2 2 2 2 2 2
left_child=1 21 3 9 10 29 18 8 17 16 11 23 14 -12 -13 -16 -3 27 19 -4 -21 -1 -22 24 -5 26 -25 -8 -11 -6
right_child=-2 2 6 4 5 -7 7 -9 -10 28 13 12 -14 -15 15 -17 -18 -19 -20 20 22 -23 -24 25 -26 -27 -28 -29 -30 -31
leaf_value=0.0042196349935753703 -0.031548280183164454 -0.0046129296995004862 -0.0018910564254910717 0.016047882174023375 -0.00083084880720448091 -0.025729893963592709 0.003915720253965296 -0.011673645995908246 0.016410631877917171 0.034277527518294014 0.0070803211440196032 -0.0067525214791480069 -0.027539428747869625 -0.013631007350601415 -0.0075759480135363412 0.065167407690335494 0.022929776746512212 -0.0049144299705713304 -0.0042123792131424269 -0.022955277877712437 0.012341860332437405 -0.022482161394560874 0.033958116895104765 0.023635843745580296 -0.010966003983386444 0.0066832210907375698 -0.0041623546460616539 0.021474843428311123 0.0018870200766486519 0.012021662028482956
leaf_weight=171.32289224304259 196.51001927256584 315.72504421696067 10594.734577237628 267.91429337486625 634.72289904206991 132.96749773621559 1905.9455686118454 395.01249276101589 786.83269215375185 323.0287933126092 2805.3446839489043 2518.7731844689697 328.68327207118273 353.08488056249917 57.802636809647083 47.691924139857292 188.00719606503844 1026.6881478894502 9767.5739619098604 84.802900178357959 1034.2963474802673 416.73499980568886 229.83579174429178 110.95270359516144 1106.5092676151544 2927.9839660301805 1588.2780075576156 312.95649967342615 107.82035506516695 2366.5848988629878
leaf_count=4851 17907 3151 168870 1594 6990 1136 16269 2159 4373 2172 28981 29448 1829 3534 312 399 970 5807 116926 1665 9254 21891 1422 1166 11466 26776 17873 1504 564 13378
internal_value=-2.59669e-05 0.000125714 0.000336029 0.00240349 0.00158885 0.00774623 -0.00094432 0.00398689 0.00554607 0.0155365 -9.46438e-06 -0.0016843 -0.00781544 0.00472926 -0.0052499 0.0281049 0.00591303 0.00286984 -0.00195128 -0.000100174 0.0138761 -0.0147625 0.0165077 0.00134035 -0.00562235 0.00341615 -0.00221958 0.00647752 0.0263984 0.00930985
internal_weight=43105.1 42908.6 42320.6 16181.9 15247.3 3134.28 26138.7 4427.44 4032.42 934.581 12113 8954.59 2952.95 3158.43 2624.27 105.495 503.732 3245.59 21711.2 11943.7 1348.94 588.058 1264.13 6001.64 1374.42 4627.21 1699.23 2218.9 430.849 3001.31
internal_count=524637 506730 479988 151739 144882 21504 328249 30112 27953 6857 123378 90863 31988 32515 30159 711 4121 23580 298137 181211 12341 26742 10676 58875 13060 45815 19039 17773 2736 20368
is_linear=0
shrinkage=0.04


Tree=80
num_leaves=31
num_cat=0
split_feature=11 12 11 11 6 3 6 11 11 14 9 4 7 10 11 11 4 10 10 10 9 14 10 10 10 10 10 7 12 7
split_gain=122.926 79.9982 72.3654 57.7886 55.531 70.8169 62.571 57.0854 89.4732 77.309 58.7361 51.0508 48.3039 49.2094 56.1608 48.7197 59.032 65.5834 44.36 81.6918 63.8831 51.3894 49.4564 124.834 83.9249 141.41 97.7454 83.9223 82.7813 74.5013
threshold=0.4256857186555863 0.23887918144464496 0.14675828069448474 0.12972188368439677 54.614330291748054 23.699583053588871 9.106809616088869 0.14675828069448474 0.095538988709449782 2.7487607002258305 79.625000000000014 0.94218367338180553 13.572195529937746 -0.56456753611564625 -0.99552518129348744 -0.99966478347778309 0.10700470209121705 -0.01505099539645016 1.0000000180025095e-35 0.22386012226343158 73.625000000000014 15.515099525451662 -0.60639065504074086 -0.64659911394119252 -0.47652685642242426 -0.50648479163646687 -0.38341410458087916 7.8299453258514413 34.596899032592781 10.527909278869631
decision_type=2 2 2 2 2 2 2 2 2 2 2 2 2 2 2 2 2 2 2 2 2 2 2 2 2 2 2 2 2 2
left_child=1 2 3 -1 5 6 7 8 10 -9 12 -5 15 -14 -15 16 -3 -18 22 20 -20 -22 23 27 25 -24 28 -8 -26 -27
right_child=-2 4 -4 11 -6 -7 18 9 -10 -11 -12 -13 13 14 -16 -17 17 -19 19 -21 21 -23 24 -25 26 29 -28 -29 -30 -31
leaf_value=-0.0026229642001064091 -0.031268532939014215 -0.0042405567691173127 -0.016329904107043852 -0.0094573209187189082 0.0092036609662559006 -0.0036751700075411571 0.015151659944154744 0.029438031037966123 -0.024791794139743844 -0.0015715768608882096 0.0064774910978269507 0.067117557616456422 -0.021217896161696774 -0.027661458669695296 0.010637754784474372 -0.00091932366186312127 0.055967221379341237 0.0094603264310553631 0.0038035505124562464 0.0095169662110043546 -0.0059125768781586934 -0.028019890861733249 0.0080281345772598694 -0.024384911656020233 -0.015400623591223316 0.0081224752381192679 0.0082838895231413905 0.0010740939493326148 0.013106657073170321 0.052432213201241529
leaf_weight=7557.024697009474 190.5477712508291 163.45458517968655 631.06713447161019 19.252414431422949 1250.9346525669098 5114.0390779990703 809.13546868786216 232.48568856995553 229.39710777439177 271.93118051998317 1876.291906286031 25.686792904511094 362.03877639770508 73.058031868189573 223.45046072080731 13289.411391951144 71.008755747228861 133.96022826805711 401.88538794219494 597.20150787010789 372.2896607555449 307.72776862978935 745.61100558564067 261.5298955142498 575.95846618339419 88.765881132334471 2834.4510024003685 3930.7577876606956 217.108124807477 215.46558556705713
leaf_count=135853 17907 1973 39693 698 5506 34227 8182 7378 4612 7436 15516 738 3375 554 1718 164497 742 1434 1659 3556 3542 2317 5051 2261 3985 733 16686 30329 1243 1236
internal_value=-2.50749e-05 0.000121013 -0.00342083 -0.00232916 0.000963335 0.000652032 0.00143545 -0.000106024 -0.000516728 0.0130152 -0.000157741 0.0385619 -0.00103126 -0.0115295 0.000606451 -0.000516999 0.013636 0.027426 0.00373075 -0.00226017 -0.00878868 -0.0161779 0.00477133 0.00199999 0.0077241 0.0176347 0.00481527 0.00350408 -0.00753051 0.0401738
internal_weight=43072.9 42882.4 8233.03 7601.96 34649.3 33398.4 28284.4 16926.5 16422.1 504.417 16192.7 44.9392 14316.4 658.547 296.508 13657.8 368.424 204.969 11357.9 1679.1 1081.9 680.017 9678.78 5001.42 4677.36 1049.84 3627.52 4739.89 793.067 304.231
internal_count=524637 506730 176982 137289 329748 324242 290015 209235 194421 14814 189809 1436 174293 5647 2272 168646 4149 2176 80780 11074 7518 5859 69706 40772 28934 7020 21914 38511 5228 1969
is_linear=0
shrinkage=0.04


Tree=81
num_leaves=31
num_cat=0
split_feature=11 9 14 9 8 10 10 4 10 10 10 10 2 14 10 7 11 11 10 13 3 9 10 3 10 10 2 8 8 14
split_gain=117.238 77.5116 95.1507 62.0419 67.533 61.5897 94.5239 68.1697 124.557 119.645 87.3391 65.0361 78.3526 70.8412 58.5778 148.955 56.3025 84.1122 77.2639 77.1214 55.807 55.6045 53.9327 53.6489 122.46 102.696 61.168 60.1462 53.0525 51.0332
threshold=0.4256857186555863 73.625000000000014 0.0044701735023409137 78.875000000000014 16.875000000000004 -0.99940761923789967 -0.99904707074165333 3.2838157415390019 -0.52124115824699391 1.0000000180025095e-35 -0.75648915767669667 -0.049434980377554887 15.689125537872316 1.7662307024002077 -0.49157854914665217 9.8429808616638201 -0.99628248810768116 -0.99552518129348744 0.019350802991539243 0.98511207103729259 14.15839719772339 74.125000000000014 0.3393120169639588 1.8065767884254458 -0.20285348594188687 -0.35141934454441065 2.7337145805358891 19.375000000000004 19.875000000000004 0.78203183412551891
decision_type=2 2 2 2 2 2 2 2 2 2 2 2 2 2 2 2 2 2 2 2 2 2 2 2 2 2 2 2 2 2
left_child=1 20 -3 4 21 -6 28 16 10 11 29 14 13 -13 15 -10 18 19 -8 -18 -1 -4 -5 25 -25 26 27 -16 -7 -9
right_child=-2 2 3 22 5 6 7 8 9 -11 -12 12 -14 -15 23 -17 17 -19 -20 -21 -22 -23 -24 24 -26 -27 -28 -29 -30 -31
leaf_value=0.0068130979574223104 -0.030984171304672327 -0.017005933919434491 0.0079970173344364737 0.0030604245137341368 -0.01850155961884874 0.039541425112470857 -0.00073603081420791673 0.008307139884261237 -0.01600251770538141 -0.014352648707771205 -0.019423489356782789 -0.0063818792281893598 -0.023398507611754972 0.049802595334551301 0.0052575005667712341 0.056343455780167535 0.071749757617429535 -0.00027966320433043163 -0.02229339380618969 0.0082268649496353326 0.00014445314000960637 -0.0045007577204398356 -0.015237191417903383 -0.012123467046725477 0.018803697980450524 -0.0026337155609004619 0.0072400971928805362 0.056976839092123067 -0.0065099076728017758 -0.0083704035624759011
leaf_weight=4227.1292651537806 184.81279952544719 553.42315051145852 1994.2223084326833 8367.6262723691761 352.26617288589478 126.18502960726619 669.18943139538169 329.86285791452974 75.935488231480122 668.76007272489369 1162.0544888842851 45.222151879221201 36.650354646146297 132.33248738199472 53.902438450604677 91.929772149771452 38.567899562418461 14296.882835264318 432.31246668845415 90.952970068901777 3817.1396473469213 788.20956532098353 256.12060641497374 887.58271786384284 255.87763915583491 557.25234534963965 166.55409717187285 113.23850048333406 53.096670683473349 2221.3758669011295
leaf_count=28020 17907 27208 13116 72015 9472 1448 9456 6736 1073 9161 16800 749 307 1303 913 647 631 215583 6618 1049 18530 9166 4135 7935 2285 6439 1580 1027 865 32463
internal_value=-2.41917e-05 0.000116498 -0.00070135 -0.000433119 -0.00142021 -0.0021368 -0.00187255 -0.00211027 -0.00544751 0.000494342 -0.0103724 0.00464546 0.0251759 0.0359154 0.00254379 0.0245573 -0.000646573 2.17612e-05 -0.00932122 0.0309291 0.00365282 0.0044532 0.00249998 0.000616151 -0.00509973 0.00792721 0.0251269 0.0415359 0.0262793 -0.00619006
internal_weight=43046.7 42861.9 34817.6 34264.2 25640.4 22858 22505.7 22326.4 6798.53 3085.24 3713.29 2416.48 214.205 177.555 2202.27 167.865 15527.9 14426.4 1101.5 129.521 8044.27 2782.43 8623.75 2034.41 1143.46 890.947 333.695 167.141 179.282 2551.24
internal_count=524637 506730 460180 432972 356822 334540 325068 322755 89418 33419 55999 24258 2359 2052 21899 1720 233337 217263 16074 1680 46550 22282 76150 20179 10220 9959 3520 1940 2313 39199
is_linear=0
shrinkage=0.04


Tree=82
num_leaves=31
num_cat=0
split_feature=11 7 11 10 9 10 10 6 4 10 10 12 7 10 10 10 13 10 10 7 10 17 10 9 13 12 7 4 14 14
split_gain=111.794 74.0303 65.3157 107.421 67.6833 61.1414 207.57 88.0215 75.4958 91.5911 88.4177 140.776 107.79 74.4005 104.097 106.773 161.693 123.185 146.269 90.0519 86.5415 82.3016 86.9213 71.9687 71.694 112.285 70.4736 87.4129 69.0487 67.6671
threshold=0.4256857186555863 0.2800325751304627 -0.96234029531478871 0.20706263184547427 75.875000000000014 -0.59262362122535694 -0.64659911394119252 29.330535888671879 6.6003484725952157 0.1732888147234917 -0.53584328293800343 0.071535371243953719 3.5502542257308964 -0.67245468497276295 -0.74512827396392811 -0.76762619614601124 19.475504875183109 -0.7996615171432494 -0.87395131587982167 2.9540903568267827 -0.89015004038810719 0.46690607070922857 -0.68508586287498463 77.125000000000014 2.4583122730255131 5.9743037223815927 1.88210666179657 27.031860351562504 0.36835254728794103 0.72936099767684948
decision_type=2 2 2 2 2 2 2 2 2 2 2 2 2 2 2 2 2 2 2 2 2 2 2 2 2 2 2 2 2 2
left_child=1 2 3 -1 -4 6 13 -8 10 -10 11 12 -7 14 15 17 19 18 20 24 -3 22 -16 -21 -17 -26 -23 -28 -20 -19
right_child=-2 5 4 -5 -6 8 7 -9 9 -11 -12 -13 -14 -15 21 16 -18 29 28 23 -22 26 -24 -25 25 -27 27 -29 -30 -31
leaf_value=-0.0069892578186705788 -0.030695225040087364 -0.00058933232140482715 -0.0019639219664929824 0.046791198222259127 -0.017210555475603476 0.010826986348440851 -0.02357088982608541 0.0028699222138552287 0.006113111760905017 -0.01947421195297629 -0.00037764268811862195 0.0068904723528937931 0.10008656079480378 0.013566215516724451 -0.022625646562992791 0.010692559784717401 0.059511725127457719 0.024000717767532639 -0.02976182780414768 -0.017505299819607984 -0.015344812934605356 0.03567994959953015 0.0054664534951169522 0.014343259308114642 0.095595619406670412 -0.0071075317921658297 -0.011647881707690875 0.022436883010901364 0.0093144929429920496 -0.017215896482887419
leaf_weight=165.20736736431718 179.29645736608654 10196.289210054092 916.43131773173809 80.994192702695727 943.66558843571693 42.587927125394344 883.0690981503576 257.51521524041891 6956.7901627253741 221.71980251930654 13849.627559680492 520.68172436393797 40.609909065067768 605.33148797415197 835.47007979080081 133.87143119610846 102.27232424169779 60.113923653960228 64.626234451308846 237.58176969736814 668.3523479681462 71.872880475595593 218.32611665688455 199.94354415684938 39.288337677717209 24.034659117460251 501.30172366648912 147.65493696555495 2983.7093177437782 867.30112717300653
leaf_count=3823 17907 162108 21298 1165 29875 998 11808 1271 48667 2161 141351 6402 566 6437 10335 1768 505 1144 1302 2065 6593 1166 2552 1696 369 204 4650 971 24788 8692
internal_value=-2.33223e-05 0.000112193 -0.00718207 0.011839 -0.00974952 0.000491077 -0.00115801 -0.0176282 0.00194684 0.00529681 0.000280527 0.0151355 0.06046 -0.000102658 -0.000587041 0.000461017 0.015217 -0.000281538 0.000663636 0.00726747 -0.00151031 -0.00973776 -0.0168088 -0.00295563 0.0289979 0.060961 0.000688154 -0.00366989 0.00839145 -0.0143168
internal_weight=43015.5 42836.2 2106.3 246.202 1860.1 40729.9 19097.9 1140.58 21632 7178.51 14453.5 603.88 83.1978 17957.3 17352 15577.4 736.992 14840.4 13913 634.72 10864.6 1774.63 1053.8 437.525 197.194 63.323 720.83 648.957 3048.34 927.415
internal_count=524637 506730 56161 4988 51173 450569 250424 13079 200145 50828 149317 7966 1564 237345 230908 211234 6607 204627 194791 6102 168701 19674 12887 3761 2341 573 6787 5621 26090 9836
is_linear=0
shrinkage=0.04


Tree=83
num_leaves=31
num_cat=0
split_feature=11 10 9 11 11 10 17 8 8 14 13 3 9 8 10 4 10 10 10 10 10 17 14 2 12 10 8 4 10 3
split_gain=106.59 71.0545 71.9322 67.6332 82.4608 83.1666 86.9732 139.11 86.1435 73.7747 60.9031 59.2981 56.1704 73.8714 73.7949 93.0941 93.8806 85.9014 63.2069 67.2411 83.6477 62.7514 60.9992 59.567 59.9156 57.2335 54.6878 53.6557 87.7472 55.907
threshold=0.4256857186555863 0.46514528989791876 73.625000000000014 0.078402601182460799 0.026874557137489322 -0.99166062474250782 -8.3145270347595197 19.625000000000004 17.375000000000004 13.463419914245607 0.029722134582698349 14.15839719772339 76.375000000000014 16.625000000000004 -0.9193688929080962 1.8622922897338869 -0.98046803474426258 -0.97312742471694935 -0.87395131587982167 -0.74512827396392811 -0.59262362122535694 2.8947719335556035 18.809224128723148 16.576229095458988 7.8238656520843515 -0.86546283960342396 20.875000000000004 0.30420644581317907 -0.93545487523078907 0.15946413576602939
decision_type=2 2 2 2 2 2 2 2 2 2 2 2 2 2 2 2 2 2 2 2 2 2 2 2 2 2 2 2 2 2
left_child=1 2 11 4 5 6 7 9 -8 -4 -5 -1 13 25 15 16 23 -18 22 21 -21 -20 -16 -15 -25 -7 -6 -12 -29 -30
right_child=-2 -3 3 10 26 12 8 -9 -10 -11 27 -13 -14 14 18 -17 17 -19 19 20 -22 -23 -24 24 -26 -27 -28 28 29 -31
leaf_value=0.0069730439311384389 -0.030401740529540821 -0.017367714595783831 0.00076511424299592807 -0.022500657307909355 0.018582720693461764 -0.010294677953122505 0.011035083511629551 -0.024216248639321616 -0.01884495982811946 0.068714294557263009 -0.011497388212196057 7.4256804049005614e-05 0.0014365872259572928 -0.015806620619023423 -0.021686231175165039 -0.0070400968298456957 0.044036568520592977 0.011631748968663707 -0.00094108406564123227 -0.017174540480078621 -0.0039012174305146571 0.017800372771546207 0.02149394367166305 0.058062819106162095 -0.012747984537650043 0.0079354604351533492 -0.013018452762867448 0.00057856540858609677 0.085685509583400904 -0.012194972409802558
leaf_weight=4166.7974557541311 173.9904226269573 359.00955526158214 40.338221162557602 372.09482709970325 558.1303021479398 319.8151642754674 176.27405535429716 74.771715754643083 973.7473226916045 60.902264196425676 686.23027140088379 3814.0989562096074 18018.42899419181 242.58500770293176 518.35008249431849 700.87228769622743 163.99704785458744 580.11094790510833 1145.721571970731 858.23130968399346 6177.527063889429 370.47528862580657 50.114189378917217 30.447854917496443 30.660841602832079 1692.555458355695 96.237764744088054 504.52753032837063 22.939386420883238 9.9001026628538948
leaf_count=27145 17907 9525 600 28148 7641 2484 2533 1493 22926 474 22525 18530 171360 3340 8482 9858 1819 7917 16056 17712 95940 3132 374 327 355 9612 1701 12757 1307 657
internal_value=-2.15513e-05 0.000108974 0.00026081 -0.000531612 -0.000140114 -0.000427559 -0.0101984 0.0153628 -0.0142093 0.0441432 -0.00854758 0.00368031 -5.0886e-06 -0.00202124 -0.0033249 0.00418457 0.0116883 0.0192628 -0.00476771 -0.00389694 -0.00554239 0.00372493 -0.0175738 -0.00689317 0.0257377 0.00500167 0.0138091 -0.00415646 0.00525687 0.0602189
internal_weight=42989.9 42815.9 42456.9 34476 32880.3 32225.9 1326.03 176.012 1150.02 101.24 1595.69 7980.9 30899.9 12881.5 10869.1 1748.67 1047.8 744.108 9120.42 8551.96 7035.76 1516.2 568.464 303.694 61.1087 2012.37 654.368 1223.6 537.367 32.8395
internal_count=524637 506730 497205 451530 386136 376794 28026 2567 25459 1074 65394 45675 348768 177408 165312 23616 13758 9736 141696 132840 113652 19188 8856 4022 682 12096 9342 37246 14721 1964
is_linear=0
shrinkage=0.04


Tree=84
num_leaves=31
num_cat=0
split_feature=11 10 9 14 9 8 8 10 10 9 10 10 8 11 7 4 8 7 2 4 10 10 10 10 10 17 10 10 14 10
split_gain=101.604 67.6237 66.6026 70.758 56.1479 54.2511 53.6256 54.2254 73.225 63.5271 59.7315 90.7176 65.5067 64.9525 57.9569 56.779 54.4642 55.3318 54.2102 53.5439 126.474 87.594 156.155 92.3167 143.975 96.8676 79.7238 66.7601 109.57 64.5915
threshold=0.4256857186555863 0.48030318319797521 73.625000000000014 1.0000000180025095e-35 79.625000000000014 19.125000000000004 16.875000000000004 -0.99940761923789967 -0.99904707074165333 74.875000000000014 -0.99866804480552662 -0.99815973639488209 19.125000000000004 -0.09339838474988936 3.1846334934234624 39.037832260131843 18.875000000000004 5.0262191295623788 1.0000000180025095e-35 5.3934197425842294 -0.52124115824699391 -0.64659911394119252 -0.60639065504074086 -0.76762619614601124 -0.75648915767669667 -0.016116216778755185 -0.7996615171432494 -0.49157854914665217 10.338606834411623 -0.68508586287498463
decision_type=2 2 2 2 2 2 2 2 2 2 2 2 2 2 2 2 2 2 2 2 2 2 2 2 2 2 2 2 2 2
left_child=1 2 5 -4 6 -1 -5 15 16 -10 -11 12 -12 19 -14 -8 18 -18 -9 21 -21 23 -23 26 25 -25 -13 28 -22 -26
right_child=-2 -3 3 4 -6 -7 7 8 9 10 11 13 14 -15 -16 -17 17 -19 -20 20 27 22 -24 24 29 -27 -28 -29 -30 -31
leaf_value=0.0054982911461058971 -0.030103769554111013 -0.021539426802821737 -0.016432247033758521 0.0042319536648053125 0.0033723477069009943 -0.0019113790989604901 -0.019870105593014501 0.070867509609847723 -0.0057547409471180493 -0.031876439508703822 -0.0053102607446387316 0.004006028552440994 0.0051845773792951119 -0.0097788321086763139 0.070606866486329078 0.049961246522800797 -0.021538292108258479 0.030593370449327428 0.0083579195838678587 -0.010050433173528375 -0.0082411777857926936 -0.03699682861719323 -0.00059757345910101285 0.010274382721516704 0.0021745840370594825 0.073077996125738648 -0.015441442309347572 0.0010274664719316334 0.05940836438205345 0.0245456687211968
leaf_weight=5859.1445108447224 168.8866619002074 219.718361383304 432.56022491585463 2773.4525235006586 5477.4266217695549 2158.0797125929967 357.60433824919164 44.195806406438351 4733.2178343972191 87.357686504721642 52.222622970119119 4077.9437625762075 34.504865469411016 1177.6034090779722 57.04904792457819 10.240185024216769 60.2781593631953 50.81818613409996 42.723150163888931 2492.5089083071798 67.245136333629489 182.89475845359266 8446.8963729795069 68.846758916974068 676.89683431200683 94.808756697922945 357.78316660970449 2333.279262021184 72.862413201481104 288.58449497446418
leaf_count=32850 17907 6096 23077 22114 46614 13140 10183 494 74620 2070 637 48256 572 39160 670 178 1026 619 391 31668 843 3475 105321 833 9085 647 4593 22759 479 4260
internal_value=-2.08453e-05 0.000104898 0.000221646 -0.000540734 -0.000334508 0.00350386 -0.00104433 -0.00161144 -0.00138799 -0.0015817 -0.000619102 -0.000470296 0.0301375 -0.000701376 0.0488889 -0.0166553 0.02225 0.00286517 0.0441748 -0.000138668 -0.00370939 0.00111225 -0.00141093 0.00502063 0.0151799 0.0487708 0.0024062 0.00269542 0.0285537 0.00904443
internal_weight=42957.6 42788.7 42569 34551.8 34119.2 8017.22 28641.8 25868.4 25500.5 25302.5 20569.3 20481.9 143.777 20338.2 91.5539 367.845 198.015 111.096 86.919 19160.6 4965.9 14194.7 8629.79 5564.86 1129.14 163.656 4435.73 2473.39 140.108 965.481
internal_count=524637 506730 500634 454644 431567 45990 384953 362839 352478 349948 275328 273258 1879 271379 1242 10361 2530 1645 885 232219 55749 176470 108796 67674 14825 1480 52849 24081 1322 13345
is_linear=0
shrinkage=0.04


Tree=85
num_leaves=31
num_cat=0
split_feature=11 11 10 4 14 1 10 10 4 3 3 10 14 7 10 9 10 11 11 13 5 7 6 14 9 11 14 10 3 11
split_gain=96.8372 64.9369 97.5284 81.4544 73.1336 71.4739 63.723 63.5788 56.9492 53.6187 52.1567 51.5093 46.9402 46.947 46.6414 57.4211 46.3031 43.9088 93.1703 109.18 76.9159 65.6809 84.1194 63.9457 59.9106 95.1259 118.078 88.3717 111.195 186.537
threshold=0.4256857186555863 -0.92602273821830738 -0.35141934454441065 39.037832260131843 3.544202566146851 22.325851440429691 -0.43054369091987604 -0.55028682947158802 16.155911445617679 0.53944706916809093 19.844645500183109 0.48030318319797521 30.915943145751957 5.7505216598510751 -0.46133413910865778 78.375000000000014 -0.13505011796951291 -0.99628248810768116 -0.99552518129348744 7.8299038410186776 36.70848464965821 10.116318225860597 23.512270927429203 1.3569552898406985 74.125000000000014 -0.96904978156089772 16.812372207641605 -0.31900864839553827 47.514066696166999 -0.98667386174201954
decision_type=2 2 2 2 2 2 2 2 2 2 2 2 2 2 2 2 2 2 2 2 2 2 2 2 2 2 2 2 2 2
left_child=1 2 8 17 -5 11 7 10 -1 -10 12 -3 13 -7 -9 -16 -6 21 19 -19 -21 23 -23 -4 25 26 -20 -26 -29 -30
right_child=-2 5 3 4 16 6 -8 14 9 -11 -12 -13 -14 -15 15 -17 -18 18 24 20 -22 22 -24 -25 27 -27 -28 28 29 -31
leaf_value=0.020267607440882945 -0.029801376421479456 -0.0018538862351655707 -0.014279413890320629 -0.019987782635147715 0.025416115664721545 0.019777475937878687 -0.011667617666647801 0.022231859283098371 0.038550842659984749 -0.010041651506229599 -0.0049190198167550136 -0.021140470171755004 0.020018517753328774 0.0011232790913488701 0.012487559156627947 -0.026851137504983549 0.0063777137024675998 0.042888684306264829 0.011143053455893328 -0.013040814606831583 0.046881199631402443 -0.021633156965535229 0.0013538184787165891 0.0037402621329462801 -0.016074722166270122 0.013935192967368693 -0.0098372805184891773 -0.00036833846420359913 0.081754140063299133 -0.001980630753158985
leaf_weight=697.31900873593986 163.9774568984285 21853.351846029051 375.19117896072567 89.482130736112595 434.37662015110254 238.08870278857648 393.41775960847735 508.71386368200183 33.552737660706043 209.81375251337886 1024.4634644892067 213.94544802047312 314.7738670296967 1673.1599904969335 209.99192948639393 71.354406401515007 394.85593216866255 177.82060857117176 772.82823103293777 151.82362357154489 33.48421335965395 586.71831379458308 442.46780294179916 1721.612024076283 550.60901991464198 1306.4125031344593 940.15272483229637 7173.489548465237 61.237332817167044 104.62780769169331
leaf_count=5409 17907 316246 7492 1059 2173 2778 2159 2703 220 1229 5807 6067 1504 13491 1238 432 2117 2134 5557 974 184 4107 2103 18724 5532 7712 4137 82244 428 770
internal_value=-1.94335e-05 0.000101719 0.00209118 0.00131868 0.0128004 -0.00111909 0.00350991 0.00501287 0.0145236 -0.00208512 0.00251808 -0.00205036 0.00594749 0.00353792 0.0151172 0.00193139 0.0165346 0.000577692 0.00174107 0.0213965 -0.000367214 -0.00360969 -0.0118327 0.000463441 0.00106782 0.00584957 -0.00036206 -0.000767178 0.000401526 0.031825
internal_weight=42923.1 42759.1 16257.9 15317.2 918.715 26501.3 4433.96 4040.55 940.685 243.366 3250.49 22067.3 2226.02 1911.25 790.06 281.346 829.233 14398.5 11272.5 363.128 185.308 3125.99 1029.19 2096.8 10909.4 3019.39 1712.98 7889.96 7339.35 165.865
internal_count=524637 506730 154305 147447 5349 352425 30112 27953 6858 1449 23580 322313 17773 16269 4373 1670 4290 142098 109672 3292 1158 32426 6210 26216 106380 17406 9694 88974 83442 1198
is_linear=0
shrinkage=0.04


Tree=86
num_leaves=31
num_cat=0
split_feature=11 8 14 9 3 10 10 6 10 9 10 10 10 10 4 10 17 4 8 16 8 7 10 7 11 9 9 6 10 14
split_gain=92.2781 61.1719 72.0169 57.4308 52.0541 59.1587 107.974 46.0305 49.0577 47.5163 50.4101 75.5189 56.9724 78.2437 56.459 53.8996 79.4296 145.632 57.5247 53.3243 49.8638 65.0269 49.7192 86.8928 101.009 83.963 72.4634 61.1753 67.6516 68.113
threshold=0.4256857186555863 16.875000000000004 1.0000000180025095e-35 74.125000000000014 1.3402327895164492 -0.86546283960342396 -0.80987083911895741 75.043735504150405 -0.01505099539645016 79.625000000000014 -0.99940761923789967 -0.99904707074165333 -0.99866804480552662 -0.99815973639488209 8.8231210708618182 -0.99166062474250782 -6.5750346183776847 0.16868442296981814 17.875000000000004 -2.1505635976791377 19.125000000000004 3.1846334934234624 -0.96235975623130787 8.408907890319826 -0.21231865882873532 73.625000000000014 74.375000000000014 8.7493748664855975 -0.98370367288589466 0.95048254728317272
decision_type=2 2 2 2 2 2 2 2 2 2 2 2 2 2 2 2 2 2 2 2 2 2 2 2 2 2 2 2 2 2
left_child=1 3 -3 4 -1 -6 -7 9 -9 10 19 14 -13 20 -12 16 17 -15 -18 -4 -14 -22 23 24 26 -26 -17 28 29 -27
right_child=-2 2 7 -5 5 6 -8 8 -10 -11 11 12 13 15 -16 22 18 -19 -20 -21 21 -23 -24 -25 25 27 -28 -29 -30 -31
leaf_value=0.018671178178770693 -0.029494636295486331 -0.014813783832231548 0.011979035224493555 -0.0045846579394237513 -0.0064473813674568404 0.042009321107411457 0.005596170705434016 0.020174544318422787 -0.021098604250661523 0.0031365483088307083 0.0043124241060646827 -0.025329547694681164 0.0023774420509242418 0.054556382103878573 0.043091324484091434 -0.0057274597085672629 0.0062377534208629508 -0.014530602221404502 -0.017831477717036401 -0.020420200666726684 -0.00038562042760776933 0.060867532402187514 -0.0011279036116673339 -0.0066459080382065437 0.029326941916450116 0.02557680574788038 0.024547542942662513 0.019158534760934202 -0.015739087042934866 -0.0045121640776494701
leaf_weight=535.47552970051765 159.25536006316543 534.86052130814642 95.806946026161313 792.63912437018007 554.10535447020084 131.16981696709991 1772.8346783220768 296.90950550884008 45.821841046214104 5492.2383874952793 141.52104393392801 141.53383147530258 107.7152275685221 73.600071262568235 97.707947997376323 150.11948574334383 189.6667147539556 109.81442314572632 847.29211849719286 375.85478848963976 42.010941136628389 70.868947103619576 27178.622780657373 849.43626925256103 146.92448283918202 158.45419017784297 694.09331703931093 182.03874490689486 512.34398150071502 414.01576292514801
leaf_count=4871 17907 26364 1740 9310 4535 662 8552 1327 186 46946 1828 2888 1228 761 979 1389 3003 1455 16376 9715 675 777 316020 9458 1942 3252 7089 2658 13609 7135
internal_value=-1.78687e-05 9.88519e-05 -0.000373463 0.00494579 0.00747612 0.00497162 0.00831111 -0.000168602 0.0142148 -0.000301783 -0.000882201 -0.000689297 -0.000860559 -0.000743457 0.0212443 -0.000913086 -0.0091203 0.0145798 -0.0134115 -0.013727 0.0224727 0.0398945 -0.000579476 0.00420549 0.008299 0.00172455 0.01916 -0.00168128 -0.00532138 0.0041123
internal_weight=42894.8 42735.5 38949.3 3786.22 2993.59 2458.11 1904 38414.4 342.731 38071.7 32579.4 32107.8 31868.6 31727 239.229 31506.4 1220.37 183.414 1036.96 471.662 220.595 112.88 30286 3107.43 2257.99 1413.78 844.213 1266.85 1084.81 572.47
internal_count=524637 506730 478800 27930 18620 13749 9214 452436 1513 450923 403977 392522 389715 386827 2807 384147 21595 2216 19379 11455 2680 1452 362552 46532 37074 28596 8478 26654 23996 10387
is_linear=0
shrinkage=0.04


Tree=87
num_leaves=31
num_cat=0
split_feature=11 11 10 4 10 1 10 10 10 3 8 2 10 10 13 4 3 9 14 10 3 10 14 14 9 18 4 8 10 9
split_gain=87.9161 60.0208 89.1961 76.0539 89.9301 64.8449 59.2972 59.1215 68.3932 52.264 52.1268 52.6997 51.8371 79.898 88.7945 77.961 71.0591 81.7544 52.9179 50.0773 76.9999 73.081 92.0446 66.5194 56.6743 66.0423 50.5301 48.9564 47.7153 84.7828
threshold=0.4256857186555863 -0.92602273821830738 -0.35141934454441065 11.376863956451418 0.1732888147234917 22.325851440429691 -0.43054369091987604 -0.52124115824699391 -0.47652685642242426 0.14148211479187014 19.875000000000004 19.909256935119632 0.20706263184547427 0.019350802991539243 27.37036228179932 0.13171698898077014 47.514066696166999 75.875000000000014 0.098650418221950545 -0.49157854914665217 3.605454802513123 -0.50648479163646687 4.7739677429199228 0.0044701735023409137 78.625000000000014 4.1440134048461923 0.5012667477130891 19.375000000000004 -0.2696967720985412 74.125000000000014
decision_type=2 2 2 2 2 2 2 2 2 2 2 2 2 2 2 2 2 2 2 2 2 2 2 2 2 2 2 2 2 2
left_child=1 2 10 12 -5 19 7 -7 -9 -10 11 -1 13 18 16 -14 -15 -18 -4 21 26 23 -23 -3 25 -24 27 -21 29 -20
right_child=-2 5 3 4 -6 6 -8 8 9 -11 -12 -13 15 14 -16 -17 17 -19 28 20 -22 22 24 -25 -26 -27 -28 -29 -30 -31
leaf_value=-0.0050414911155190244 -0.029183636895029758 -0.022316988580579681 -0.025379391284120645 0.0082418798205279448 -0.02463883664847491 0.0026747145786894327 -0.011331530351441597 0.031847908291762698 0.042984320900990081 -0.00057617682752696489 0.023732197421800817 0.021151931619088744 0.0063832603212289956 -0.0060431652150312667 -0.026557872906089207 -0.013375002784585168 -0.0073642392972880508 0.057890884242629684 0.014609420710546842 0.00057880022801428115 -0.015158540901074448 -0.026787284812382971 0.087998478493442292 -0.0012066191661299541 -0.0018232398213389245 0.025304502557525137 0.0072602310961673569 -0.012847668693736054 0.0033811943914810183 -0.010155830974917535
leaf_weight=317.42994160577655 154.71320812404156 232.08201820217073 110.15550886280835 3008.0106915291399 129.6966868750751 3414.4990775929764 392.52116493135691 248.33871323615313 40.565170507878065 341.10032288730145 442.24922585114837 187.62861776351929 2856.3939247839153 2495.9054927323014 324.31331789493561 350.17568964138627 57.634705703705549 51.25064642727375 268.19478795304894 905.82874769903719 1084.9454540461302 54.837512677535415 26.40703783929348 18009.081132522784 80.300458215177059 170.79093630239367 634.96170550026 823.65381016209722 4579.3804996721447 1079.4888699911535
leaf_count=3152 17907 16673 2950 20401 1137 24425 2159 1308 303 1917 2736 970 30230 29633 1829 3566 312 399 1594 15442 9133 1094 299 253343 506 1201 7545 17077 44270 11126
internal_value=-1.64566e-05 9.5985e-05 0.00200808 0.00126659 0.0068088 -0.00107919 0.00332742 0.00477452 0.0159355 0.0050329 0.0138538 0.00491108 -0.000166395 -0.00172752 -0.00713635 0.00419067 -0.00462592 0.0256363 0.00090417 -0.00196811 -0.00638715 -0.00114443 0.0171677 -0.00148729 0.0264834 0.0375418 -0.00231543 -0.00585256 0.00143458 -0.00515613
internal_weight=42872.5 42717.8 16257.9 15310.6 3137.71 26459.9 4437.02 4044.5 630.004 381.665 947.308 505.059 12172.9 8966.32 2929.1 3206.57 2604.79 108.885 6037.22 22022.9 3449.39 18573.5 332.336 18241.2 277.498 197.198 2364.44 1729.48 5927.06 1347.68
internal_count=524637 506730 154305 147447 21538 352425 30112 27953 3528 2220 6858 4122 125909 92113 32173 33796 30344 711 59940 322313 49197 273116 3100 270016 2006 1500 40064 32519 56990 12720
is_linear=0
shrinkage=0.04


Tree=88
num_leaves=31
num_cat=0
split_feature=11 10 9 14 3 9 8 4 10 11 10 10 11 13 11 10 11 8 2 10 10 10 8 10 13 14 9 12 10 10
split_gain=83.7406 58.7191 56.8063 58.4182 54.4182 50.2252 51.0641 56.6459 75.0606 110.185 106.361 62.6025 62.5186 77.1463 86.8004 105.653 76.9659 64.9082 60.6826 60.6356 64.6136 57.4471 56.8796 54.8762 71.1988 79.5264 53.7802 62.4537 53.5428 58.4779
threshold=0.4256857186555863 0.48030318319797521 73.625000000000014 1.0000000180025095e-35 14.15839719772339 78.625000000000014 16.875000000000004 1.3461835384368899 -0.52124115824699391 0.026874557137489322 0.019350802991539243 -0.99763298034667958 -0.97315269708633412 0.44227236509323126 -0.99761277437210072 -0.13505011796951291 -0.09339838474988936 18.875000000000004 0.15186896920204165 -0.65962448716163624 -0.59262362122535694 -0.083760455250740037 18.875000000000004 -0.049434980377554887 11.296924591064455 1.5715525150299074 74.375000000000014 0.092233318835496916 -0.9769422411918639 -0.9599599540233611
decision_type=2 2 2 2 2 2 2 2 2 2 2 2 2 2 2 2 2 2 2 2 2 2 2 2 2 2 2 2 2 2
left_child=1 2 4 -4 -1 6 -5 12 9 19 23 -11 13 14 -8 -16 -14 18 -18 28 -21 -17 -15 -10 25 -25 -27 -28 -9 -30
right_child=-2 -3 3 5 -6 -7 7 8 10 11 -12 -13 16 22 15 21 17 -19 -20 20 -22 -23 -24 24 -26 26 27 -29 29 -31
leaf_value=0.0063619612569841425 -0.028868469916946617 -0.020529199147249315 -0.015273589611059585 0.0038317520155309328 -0.00023590605433934466 0.002169938419084803 -0.014154411393752522 -0.017986831448789497 0.0012596317887666594 0.024262760766307841 -0.013290751139501905 -0.0016737868043376783 0.0024829517056257915 -0.018206180834384009 -0.02201505714373413 0.06766748460378666 0.014988484748567867 -0.015447180125438208 -0.010737089395816222 -0.031148592591368991 -0.0088317835324172277 0.021003991993572425 -0.0044435458026470471 -0.0092968351163153339 -0.021846274023119752 -0.0128759316816596 0.0046712710730604954 0.058311550204464713 0.0085971592499812944 -0.0075429281788166082
leaf_weight=4205.1707138130441 150.34409304708242 209.78880639560521 413.33582021296024 2777.9785384060815 3804.8687780182809 9368.7543848315254 156.59157328493893 633.63549283333123 2732.4167640600353 226.02438080310822 780.94231381639838 400.17177423089743 9068.6430508289486 679.81193990260363 61.96251424588263 52.834872702136636 288.63741561863571 752.41135593969375 278.70032408460975 394.76783384755254 449.19743148423731 180.97473670728505 1616.1162892915308 71.644322050735354 51.694447934627533 24.808266665786505 47.955589082092047 136.36618753895164 412.90222295001149 2419.0227373149246
leaf_count=27460 17907 6096 23077 22114 18530 83234 3336 12307 28474 2645 11280 12421 123905 11129 1333 966 8934 25415 7213 6607 6195 3660 18739 1248 424 316 624 1238 4689 33121
internal_value=-1.56875e-05 9.26416e-05 0.00019927 -0.000505915 0.00323151 -0.000322298 -0.00126825 -0.00191609 -0.00440125 -0.00766047 -0.000209354 0.00792218 -0.000252738 -0.00560627 0.00934512 0.0218426 0.00116759 -0.00782161 0.00238391 -0.00993781 -0.0195131 0.0338916 -0.00857987 0.00315621 0.0182514 0.0261314 0.0381389 0.0453144 -0.00755652 -0.00516769
internal_weight=42848.5 42698.1 42488.3 34478.3 8010.04 34065 24696.2 21918.2 8781.55 4935.72 3845.83 626.196 13136.7 2748.29 452.364 295.772 10388.4 1319.75 567.338 4309.53 843.965 233.81 2295.93 3064.89 332.469 280.774 209.13 184.322 3465.56 2831.92
internal_count=524637 506730 500634 454644 45990 431567 348333 326219 121589 77985 43604 15066 204630 39163 9295 5959 165467 41562 16147 62919 12802 4626 29868 32324 3850 3426 2178 1862 50117 37810
is_linear=0
shrinkage=0.04


Tree=89
num_leaves=31
num_cat=0
split_feature=11 10 9 3 14 8 6 9 12 4 10 10 10 10 14 3 10 10 4 10 13 10 8 16 4 11 11 10 10 11
split_gain=79.7375 55.3099 52.4023 63.3616 61.9111 55.7266 55.5659 52.2308 42.4318 44.0076 55.4423 120.527 95.6527 63.8318 92.6646 52.407 50.3773 55.4663 47.8744 44.0614 89.2947 96.285 53.7612 43.071 41.9655 75.0893 59.292 87.4181 79.27 63.8489
threshold=0.4256857186555863 0.48030318319797521 73.875000000000014 14.15839719772339 1.0000000180025095e-35 17.625000000000004 54.614330291748054 78.625000000000014 53.471553802490241 0.54153063893318187 -0.60639065504074086 -0.53584328293800343 -0.81984052062034596 -0.84828248620033253 4.0813932418823251 0.47980041801929479 -0.78921556472778309 -0.64659911394119252 80.624240875244155 -0.41495507955551142 8.5460519790649432 -0.46133413910865778 19.875000000000004 5.2957189083099374 0.73650261759758007 -0.99966478347778309 0.0096758542931638675 -0.56456753611564625 -0.65962448716163624 -0.99761277437210072
decision_type=2 2 2 2 2 2 2 2 2 2 2 2 2 2 2 2 2 2 2 2 2 2 2 2 2 2 2 2 2 2
left_child=1 2 3 5 -4 -1 -5 24 9 -9 12 -12 13 15 -15 -11 -14 -18 -17 20 -13 22 -22 -23 -6 -26 27 28 -27 -29
right_child=-2 -3 4 6 7 -7 -8 8 -10 10 11 19 16 14 -16 18 17 -19 -20 -21 21 23 -24 -25 25 26 -28 29 -30 -31
leaf_value=0.011100292163058037 -0.028549244135656984 -0.020105543593003802 -0.016128684055271698 -0.002984928653478556 0.00011382152702389551 0.0027134159902762194 0.0075402813118352558 -0.00067877842524934756 -0.011006119174931895 -0.0063631327740039031 0.031290225271641645 -0.023795005626862476 -0.027859895207858549 0.081546598130206358 0.012995966652360164 0.0075255302553439074 0.00077495928587915409 -0.024862868655730903 0.052335059905406656 0.0087341768965929194 -0.0057726899953814727 -0.027559901559628019 0.040758903925864953 0.015098645266949911 0.016150889075613978 -0.0065747975311548244 0.0067178452772552501 -0.01580129599387934 -0.02159261198394876 0.00070436636458420679
leaf_weight=1872.7943299142644 146.14137601433322 205.93073386326432 396.57823423016816 3796.9534375248477 12039.700023017824 3909.1437175991014 1007.0014612078667 3752.0771699855104 370.75328220054507 508.37795578781515 329.25308666005731 213.07465656101704 175.22832619398832 31.586521562188864 153.81069978326559 854.9805719871074 639.5962173268199 160.95446681603789 30.409480978734791 1825.5682253912091 52.413121491670609 106.05107638239861 129.33843959867954 48.50250106304884 295.66783883981407 3978.3895628023893 754.44036027882248 403.8395340833813 649.23735766112804 3986.3392016161233
leaf_count=12719 17907 6096 22792 19643 188941 28889 4449 36986 2337 7041 2364 1674 1393 299 989 9665 5038 1482 310 11715 274 667 697 303 3338 56690 18550 5327 10428 45634
internal_value=-1.67721e-05 8.75961e-05 0.000190215 0.00262732 -0.000619451 0.00544444 -0.000767562 -0.000419071 0.00208024 0.00263026 0.00498787 0.00896889 0.00075574 0.00682489 0.0282507 0.0037939 -0.00903595 -0.00462279 0.00963186 0.00575612 -0.00411906 0.00867427 0.027739 -0.0140687 -0.00148018 -0.00338459 -0.00399156 -0.00489397 -0.00872375 -0.000846401
internal_weight=42824.1 42678 42472.1 10585.9 31886.2 5781.94 4803.95 31489.6 9381.98 9011.22 5259.15 2704.2 2554.94 1579.17 185.397 1393.77 975.779 800.551 885.39 2374.95 549.38 336.305 181.752 154.554 22107.6 10067.9 9772.25 9017.81 4627.63 4390.18
internal_count=524637 506730 500634 65700 434934 41608 24092 412142 83234 80897 43911 17694 26217 18304 1288 17016 7913 6520 9975 15330 3615 1941 971 970 328908 139967 136629 118079 67118 50961
is_linear=0
shrinkage=0.04


Tree=90
num_leaves=31
num_cat=0
split_feature=11 10 11 8 13 11 10 10 10 7 8 10 10 10 10 14 10 9 10 7 2 12 17 17 10 10 2 8 17 10
split_gain=75.918 52.2782 50.87 119.188 63.6154 71.7971 66.4994 67.1943 52.1682 107.06 67.8556 67.4645 146.167 114.986 184.056 111.604 116.764 93.3891 87.7587 140.996 124.497 173.874 104.67 91.4632 71.2957 154.747 70.1549 120.505 81.058 70.1383
threshold=0.4256857186555863 0.46514528989791876 -0.12758953124284741 19.125000000000004 0.053141165524721153 0.0096758542931638675 -0.99763298034667958 -0.99866804480552662 -0.96463498473167408 6.3782410621643075 18.375000000000004 -0.87395131587982167 -0.81984052062034596 -0.60639065504074086 -0.64659911394119252 22.750996589660648 -0.94975915551185597 73.875000000000014 -0.68508586287498463 2.73962414264679 1.5736942291259768 1.0000000180025095e-35 0.17159254848957065 2.7094774246215825 -0.72174841165542591 -0.69751432538032521 1.0000000180025095e-35 19.875000000000004 -1.5555551648139951 -0.733546882867813
decision_type=2 2 2 2 2 2 2 2 2 2 2 2 2 2 2 2 2 2 2 2 2 2 2 2 2 2 2 2 2 2
left_child=1 2 8 -4 -5 -6 7 -7 9 10 -1 15 -13 14 18 26 -17 -16 19 22 -20 -22 -14 29 -24 -26 -10 -28 -29 -21
right_child=-2 -3 3 4 5 6 -8 -9 11 -11 -12 12 13 -15 17 16 -18 -19 20 23 21 -23 24 -25 25 -27 27 28 -30 -31
leaf_value=-0.0019068621711096382 -0.028226074931247704 -0.015445337322215074 0.0025413270925443189 -0.023185437556751162 -0.017088963919969495 7.4783037611557239e-05 -0.0059149499082953591 0.042227771831009182 0.001257411765188915 -0.0027917190426242251 0.018558099460122709 0.010383161111595981 -0.0024061318741372857 0.001392862561823743 -0.00207084851460408 -0.024474385564500753 0.016989626229923799 -0.031467838037543501 -0.013004129259813021 -0.0081602558393108256 0.095387780214123377 0.012826138344263684 0.015177549253350051 0.0011343501271361453 0.087518446707229899 -0.024956553901611282 -0.018375950820911643 0.014803316903632836 -0.0082151610173274766 -0.02393667940027322
leaf_weight=340.06925901025534 142.09865916380659 334.04599790461361 2217.4828665787354 493.0176196442917 635.04505755566061 141.53098926320672 715.97697240486741 95.734382312744856 1092.0632397923619 1160.1671414412558 1057.4142244122922 2405.5234109926969 485.45932937599719 23028.428111527115 250.55473946034908 122.61612498015165 608.94770658761263 558.77915670722723 278.37535927258432 1370.6223341338336 34.259810768067837 610.51067722216249 280.41748913750052 1029.5586098581553 58.015608238056302 22.267480490729213 1451.0738523863256 349.80491096712649 755.74895577505231 675.62777887098491
leaf_count=4206 17907 9525 47817 27715 13373 2304 20934 1014 15798 11483 11743 20574 9099 226314 1350 953 3167 8937 4919 12683 506 4862 3726 7407 896 383 16452 3636 8000 6954
internal_value=-1.64733e-05 8.40867e-05 0.00021027 -0.00390897 -0.0107606 -0.00678289 0.000189092 0.0181031 0.000676847 0.00618264 0.0135999 0.000278192 0.000933399 0.000137541 -0.00496834 -0.0043636 0.0098036 -0.0225034 -0.00199895 -0.00461236 0.00903453 0.0186029 0.00976806 -0.00858727 0.025776 0.0570133 -0.00722316 -0.0108364 -0.000864544 -0.0134604
internal_weight=42801.2 42659.1 42325.1 4298.79 2081.31 1588.29 953.242 237.265 38026.3 2557.65 1397.48 35468.7 31088.4 28682.9 5654.45 4380.25 731.564 809.334 4845.11 3921.97 923.146 644.77 846.16 3075.81 360.701 80.2831 3648.69 2556.63 1105.55 2046.25
internal_count=524637 506730 497205 113157 65340 37625 24252 3318 384048 27432 15949 356616 308610 288036 61722 48006 4120 10287 51435 41148 10287 5368 14104 27044 5005 1279 43886 28088 11636 19637
is_linear=0
shrinkage=0.04


Tree=91
num_leaves=31
num_cat=0
split_feature=11 8 7 11 10 9 9 3 10 10 14 6 10 9 9 10 10 10 10 3 8 2 16 4 12 4 11 10 10 7
split_gain=72.264 51.4166 57.7032 67.1592 88.7642 50.5037 45.7792 45.7326 54.292 96.7198 44.2236 38.8102 44.1914 37.9579 36.498 44.1333 73.0008 49.6683 58.9033 48.1101 54.0508 63.9058 46.1974 42.5359 41.7978 38.9754 85.1145 79.378 115.018 166.823
threshold=0.4256857186555863 16.875000000000004 0.2800325751304627 -0.96234029531478871 0.20706263184547427 74.125000000000014 75.875000000000014 1.3402327895164492 -0.86546283960342396 -0.80987083911895741 0.25813326239585882 75.043735504150405 -0.01505099539645016 73.125000000000014 79.125000000000014 -0.99940761923789967 -0.99904707074165333 -0.99866804480552662 -0.99815973639488209 1.0000000180025095e-35 19.375000000000004 0.14242950826883319 -2.1505635976791377 14.75887441635132 57.522825241088874 1.0000000180025095e-35 -0.9852197766304015 -0.52124115824699391 -0.49157854914665217 9.0431575775146502
decision_type=2 2 2 2 2 2 2 2 2 2 2 2 2 2 2 2 2 2 2 2 2 2 2 2 2 2 2 2 2 2
left_child=1 5 3 4 -3 7 -5 -1 -9 -10 -6 14 13 -13 15 22 19 -18 -19 -17 21 -21 23 -4 -16 26 -20 -27 29 -29
right_child=-2 2 11 6 10 -7 -8 8 9 -11 -12 12 -14 -15 24 16 17 18 25 20 -22 -23 -24 -25 -26 27 -28 28 -30 -31
leaf_value=0.017302274098266342 -0.027899090793872074 -0.0056149632168034725 -0.004332176047658504 -0.0029720128259460733 0.077507535004192635 -0.0044342124839128558 -0.015970836864589392 -0.0064226108267785558 0.039362464850311793 0.0051359093750359139 0.017250165159489402 -0.0032319478231675122 -0.020234392479281604 0.027806955186118115 0.0029620356710507324 -0.00099774582703949046 -0.024601246413229666 0.019576936330246271 -0.0067586835047975091 0.084783093061425355 0.0023466689745264228 0.015481662771200538 -0.019821023936192183 0.052675871184423143 -0.012668089752855455 -0.0043410334790093662 0.0028317602322640713 -0.012501027614673104 -0.00012361121554286885 0.038958437567540728
leaf_weight=542.31606903579086 138.20978126348928 158.64946970902383 74.975814122706652 839.50181850790977 27.637976819649339 790.03990819957107 898.82292171940207 552.98194939270616 133.27888081595302 1770.6467298939824 57.007761172950268 85.854702368378639 45.795268461108208 208.74376900494099 7188.8847513943911 94.796584201976657 129.07863790914416 218.78539617359638 1783.6643615681678 40.298794906586409 52.896707870066166 46.499417319893837 346.2391187492758 18.380046010017395 274.81569309905171 9814.4017994729802 8478.6632472248748 149.51587365008891 7544.8754034247249 276.19236459955573
leaf_count=4871 17907 3751 1466 20413 462 9310 29875 4535 662 8552 701 374 186 953 61949 1227 2696 2623 22139 354 732 354 9076 221 1729 125815 116761 2284 71036 1623
internal_value=-1.6755e-05 8.01311e-05 -0.000354048 -0.00698589 0.012342 0.00452141 -0.00974613 0.00688734 0.00452763 0.00772499 0.0430354 4.15223e-06 0.0132531 0.0189522 -0.000122887 -0.000763635 -0.000568154 -0.000755284 -0.000637728 0.021196 0.0353171 0.0530918 -0.013199 0.0109023 0.00237035 -0.000802336 0.00115992 -0.00193461 0.0010302 0.0210129
internal_weight=42782.5 42644.2 38855 1981.62 243.295 3789.26 1738.32 2999.22 2456.91 1903.93 84.6457 36873.4 340.394 294.598 36533 29069.3 28629.7 28395.2 28266.1 234.492 139.695 86.7982 439.595 93.3559 7463.7 28047.3 10262.3 17785 7970.58 425.708
internal_count=524637 506730 478800 55202 4914 27930 50288 18620 13749 9214 1163 423598 1513 1327 422085 358407 347644 344977 342281 2667 1440 708 10763 1687 63678 339658 138900 200758 74943 3907
is_linear=0
shrinkage=0.04


Tree=92
num_leaves=31
num_cat=0
split_feature=11 10 9 11 11 10 3 17 8 4 4 8 3 10 14 10 10 17 9 10 12 9 8 8 10 13 10 14 0 9
split_gain=68.7837 49.0474 48.4749 48.5165 59.4817 70.9702 65.1854 62.8212 94.6533 94.4184 52.9439 52.9033 47.5836 46.8971 149.559 74.7626 87.6771 108.481 95.5181 64.882 75.8466 58.0368 111.598 59.4382 77.4148 98.4913 70.1611 87.8988 68.7507 56.7487
threshold=0.4256857186555863 0.48030318319797521 73.625000000000014 0.078402601182460799 0.0096758542931638675 -0.99166062474250782 4.0282421112060556 -8.0237441062927228 19.625000000000004 0.62471947073936474 0.30420644581317907 17.375000000000004 14.15839719772339 -0.9599599540233611 0.58279448747634899 -0.93235439062118519 -0.9193688929080962 -1.7675440311431883 79.375000000000014 -0.92599865794181813 2.468706607818604 76.125000000000014 16.875000000000004 19.625000000000004 0.30675521492958074 1.3223326802253725 0.35544221103191381 3.3779484033584599 3.644976139068604 75.375000000000014
decision_type=2 2 2 2 2 2 2 2 2 2 2 2 2 2 2 2 2 2 2 2 2 2 2 2 2 2 2 2 2 2
left_child=1 2 12 4 5 7 -6 8 9 -4 -5 -9 -1 14 -7 -15 17 18 19 -17 -21 22 -18 24 28 26 27 -26 29 -24
right_child=-2 -3 3 10 6 13 -8 11 -10 -11 -12 -13 -14 15 -16 16 21 -19 -20 20 -22 -23 23 -25 25 -27 -28 -29 -30 -31
leaf_value=0.0058935530588932793 -0.027568424546210744 -0.019271819357831312 0.06818614293769984 -0.013675367166821826 0.0032894374346002938 0.029487704545987547 0.02847853197196001 0.0071316597427578746 -0.021529109193635178 -0.0071558862012929183 0.0012758813835542521 -0.017971841120926767 -0.0002761327798379903 -0.010569728975634374 0.001214631083259924 0.018077085881599609 0.0050229759693113107 0.00018926775363712977 -0.0064512519777971591 0.091602504748720504 0.012480970133203617 0.001012728671293214 -0.016593311624466062 0.00020792135281113463 0.091690998513294611 -0.0065575490038564058 0.013103989929220846 -0.016947871477643053 -0.003224638454113572 -0.0041716438326379179
leaf_weight=4216.2298534335569 134.4688216089271 198.55559686012566 52.033725563436747 890.38896013982594 574.77135286107659 339.35892474092543 222.03462700359523 154.38494256511331 69.970670700073242 43.577547257766128 651.61578315403312 826.72485999204218 3795.4860912114382 1125.9701413698494 2098.3735273368657 72.24680707976222 2237.6268302798271 316.70873242802918 61.099710434675217 67.598208229988813 30.550762705504894 16803.008837714791 2044.9780653528869 2355.3950172513723 34.557125532999635 387.27104260586202 186.22538585215807 12.507143672555683 1916.9093296248466 836.22825068794191
leaf_count=27460 17907 6096 435 41568 9588 3959 2868 2228 1484 603 23826 20162 18530 15570 24067 902 14841 3893 416 734 283 161505 42392 35793 625 5403 3980 189 20486 16844
internal_value=-1.46589e-05 7.87162e-05 0.000173803 -0.000478808 -0.00015245 -0.000422156 0.0105745 -0.01015 0.0121012 0.0364208 -0.0073898 -0.0139895 0.00297401 -5.83047e-05 0.00525494 -0.000514632 -9.71597e-05 0.0155933 0.035787 0.0504507 0.0704057 -0.000423631 -0.00283293 -0.00509766 -0.00740003 0.00582061 0.0257938 0.06491 -0.00911847 -0.013015
internal_weight=42756.9 42622.4 42423.8 34412.1 32870.1 32073.3 796.806 1146.69 165.582 95.6113 1542 981.11 8011.72 30926.6 2437.73 28488.9 27362.9 548.204 231.495 170.396 98.149 26814.7 10011.7 7774.07 5418.68 620.561 233.29 47.0643 4798.12 2881.21
internal_count=524637 506730 500634 454644 389250 376794 12456 24912 2522 1038 65394 22390 45990 351882 28026 323856 308286 6228 2335 1919 1017 302058 140553 125712 89919 10197 4794 814 79722 59236
is_linear=0
shrinkage=0.04


Tree=93
num_leaves=31
num_cat=0
split_feature=11 1 11 10 11 10 14 7 6 4 7 10 4 8 1 10 10 17 9 16 4 12 11 10 10 16 9 7 11 11
split_gain=65.454 47.3358 48.3319 103.908 99.8469 93.0907 164.637 78.3715 75.6193 74.5696 71.494 70.9089 90.134 88.5677 69.1167 68.5757 65.2535 55.1814 54.3273 52.9076 48.6237 47.1279 46.0634 53.2589 52.7194 48.2019 45.5359 50.7646 44.3563 51.1581
threshold=0.4256857186555863 0.75370812416076671 -0.92602273821830738 -0.46133413910865778 -0.93845868110656727 -0.52124115824699391 8.2867665290832537 5.0262191295623788 10.301295280456545 41.700304031372077 8.9365272521972674 -0.98664820194244374 2.4745641946792607 18.125000000000004 14.245813846588137 -0.99763298034667958 -0.47652685642242426 -4.8612890243530265 78.875000000000014 -10.740778446197508 9.1259517669677752 1.5166036486625674 -0.31186713278293604 -0.96463498473167408 -0.81984052062034596 -13.274116516113279 79.625000000000014 8.0214323997497576 0.19758678972721103 0.14675828069448474
decision_type=2 2 2 2 2 2 2 2 2 2 2 2 2 2 2 2 2 2 2 2 2 2 2 2 2 2 2 2 2 2
left_child=1 28 4 5 9 7 -7 11 18 19 -10 13 14 15 -13 -4 -8 -5 -9 -3 26 -11 24 -24 25 -12 27 -6 29 -1
right_child=-2 2 3 17 20 6 16 8 10 21 22 12 -14 -15 -16 -17 -18 -19 -20 -21 -22 -23 23 -25 -26 -27 -28 -29 -30 -31
leaf_value=-0.0016219916454752953 -0.02723422380303419 -0.0042795851599458559 0.044910054201772097 -0.022584462331342432 0.016057558630158848 -0.01776582137424124 0.024423468302279396 -0.00943244437750149 0.011324597140441244 -0.022789135324120923 0.015925034445955062 0.0097508616330553282 -0.0048101115439225422 -0.019381181901654717 0.031616945445907728 -0.0053799526187357505 0.00067979799950281525 -0.0055685440247187183 0.0022724165794006592 0.0027126378833747865 0.0006627966167723669 0.017034074474366525 -0.0038108031659023385 -0.025666281261800462 -0.002488063972482349 0.0019957836767124201 -0.0047238156144047026 0.040859634905423152 -0.013026116720203169 0.015514508543494532
leaf_weight=14498.312095690519 130.87006988376379 2312.3902783170342 64.074360875412822 366.61908768862486 438.07374569028616 240.65144164115191 743.18584952503443 2570.9526276439428 875.1671725846827 42.644501633942127 544.95680932328105 1470.932812561281 581.77961195167154 334.43983830697834 269.27968921139836 100.23352652415633 246.35138867422938 1667.0536499582231 836.78193309996277 6797.1702840402722 273.82741439715028 663.27583967894316 947.1806531380862 211.26648939214647 2996.6465220712125 1413.571338173002 96.812745437026024 196.72405863180757 524.43161839153618 274.25308607332408
leaf_count=220694 17907 16349 949 2152 3964 3274 4308 30426 8605 362 3383 22200 8263 6597 3128 1777 1543 15166 7984 55411 1467 3215 9039 2191 18217 9139 543 1067 38352 6965
internal_value=-1.33522e-05 7.66461e-05 0.00107461 -0.000289303 0.0031503 0.000904278 0.0113827 -7.8859e-05 -0.00168403 0.00191293 0.000699487 0.00582243 0.0087581 -0.00774847 0.0132957 0.0156828 0.0185783 -0.00873158 -0.00656003 0.000934971 0.0150922 0.0143436 -0.00083751 -0.00798215 0.000845513 0.00593278 0.0204111 0.0242582 -0.00170405 -0.00129357
internal_weight=42729.9 42599 27302 16481.1 10820.9 14447.5 1230.19 13217.3 10396.5 9815.48 6988.79 2820.74 2321.99 498.748 1740.21 164.308 989.537 2033.67 3407.73 9109.56 1005.44 705.92 6113.62 1158.45 4955.17 1958.53 731.611 634.798 15297 14772.6
internal_count=524637 506730 240719 158341 82378 141023 9125 131898 88984 75337 50574 42914 33591 9323 25328 2726 5851 17318 38410 71760 7041 3577 41969 11230 30739 12522 5574 5031 266011 227659
is_linear=0
shrinkage=0.04


Tree=94
num_leaves=31
num_cat=0
split_feature=11 10 9 8 14 10 9 10 7 10 3 4 12 8 9 10 8 10 13 7 6 11 4 11 14 7 8 8 11 14
split_gain=62.2674 45.8559 44.3162 47.5121 47.0241 43.3505 40.8906 44.7426 72.8786 98.1708 50.084 37.1696 46.0749 35.2908 38.2909 60.911 59.2157 59.1175 64.3776 56.0821 68.3639 68.3764 84.6189 45.8358 51.7048 48.4575 47.4816 42.3658 41.0987 147.56
threshold=0.4256857186555863 0.48030318319797521 73.625000000000014 18.625000000000004 1.0000000180025095e-35 -0.99630266427993763 79.625000000000014 0.10516610741615297 4.9678874015808114 -0.92599865794181813 73.417064666748061 21.046273231506351 62.348731994628913 16.625000000000004 75.875000000000014 -0.92274349927902211 21.125000000000004 0.24059136956930163 0.053141165524721153 11.288825035095217 12.046644210815431 -0.19547851383686063 3.9088380336761479 -0.024725049734115597 6.7748374938964853 4.5802865028381357 20.375000000000004 19.625000000000004 -0.21231865882873532 21.488637924194339
decision_type=2 2 2 2 2 2 2 2 2 2 2 2 2 2 2 2 2 2 2 2 2 2 2 2 2 2 2 2 2 2
left_child=1 2 3 -1 -4 -5 13 8 9 -8 11 -10 -13 -6 15 19 17 -17 -19 20 21 22 -15 24 -23 26 -25 -26 -16 -30
right_child=-2 -3 4 5 6 -7 7 -9 10 -11 -12 12 -14 14 28 16 -18 18 -20 -21 -22 23 -24 25 27 -27 -28 -29 29 -31
leaf_value=0.005550170161607396 -0.026896645316205121 -0.0188108471872954 -0.014024665239073666 -0.020787249272415872 0.0038941076471407307 0.00032509223449566271 -0.0034393808884577467 -0.0065427233669511442 0.0008743059365302014 0.025841399065732948 -0.021254106752616349 0.012769546563916632 -0.02661603066455269 0.018442130822345772 0.00060918219881853422 -0.0080937332551069292 0.0050845667631937101 0.033597393228732307 -0.00076993252682981488 -0.014406234165469038 0.026453030180744849 -0.021166504550734204 -0.0083657220628752058 0.012879008073601763 -0.0054461604430114871 -0.012225712273613689 -0.018569139085543022 0.041778666906421347 -0.0075600476262139707 0.053280220825882366
leaf_weight=4511.893378842622 127.40803807461634 194.74769819900393 394.09825517982244 153.18669369071722 2244.2624468626454 3346.5691589657217 283.08129463344812 698.81478090584278 3089.4111918332055 498.40935043431818 132.59119632467628 768.78517486993223 41.40277112275362 617.77004127949476 14379.992770850658 5439.5426700403914 788.20935116801411 86.928559195250273 865.77184776961803 293.0888537093997 186.73885093443096 360.16445564106107 262.24715200811625 502.25546723697335 112.75703046657145 258.48082422744483 81.308110345155001 30.734349530190229 1901.1301841810346 56.074339773505926
leaf_count=24966 17907 6096 23077 1440 15624 19584 5772 6850 22670 4447 884 5745 246 8364 154613 89275 11594 1895 12678 3978 2243 7476 3935 14665 1540 6444 3242 460 46440 487
internal_value=-1.32107e-05 7.35255e-05 0.000164709 0.00284184 -0.000459902 -0.000655603 -0.000298499 0.00285164 0.00422619 0.0153255 0.0020424 0.00288685 0.0104569 -0.000909286 -0.0013217 -0.00328525 -0.00521057 -0.00648599 0.00268231 0.00182486 0.0038481 0.0018417 0.0104491 -0.00382264 -0.013242 0.00190068 0.00825831 0.00673179 -0.000132234 -0.00555498
internal_weight=42707.9 42580.4 42385.7 8011.65 34374.1 3499.76 33980 5512.5 4813.68 781.491 4032.19 3899.6 810.188 28467.5 26223.2 9886 7180.45 6392.24 952.7 2705.55 2412.46 2225.72 880.017 1345.7 503.656 842.044 583.564 143.491 16337.2 1957.2
internal_count=524637 506730 500634 45990 454644 21024 431567 46614 39764 10219 29545 28661 5991 384953 369329 167789 115442 103848 14573 52347 48369 46126 12299 33827 9476 24351 17907 2000 201540 46927
is_linear=0
shrinkage=0.04


Tree=95
num_leaves=31
num_cat=0
split_feature=11 10 5 11 10 4 14 3 16 4 3 10 10 13 10 10 10 9 11 11 13 7 6 13 14 9 8 7 7 10
split_gain=59.2215 43.3317 41.3612 40.3038 71.5713 61.8598 65.8224 56.9072 58.1114 54.753 53.0944 47.799 88.2947 63.9482 45.7813 43.9649 42.7209 44.4834 39.1487 80.0187 99.076 69.6292 72.9284 60.6275 54.8502 48.4657 70.6663 53.2126 47.1932 66.1285
threshold=0.4256857186555863 0.46514528989791876 93.946643829345717 -0.92602273821830738 -0.35141934454441065 39.037832260131843 3.544202566146851 42.648490905761726 -8.490315914154051 16.155911445617679 0.53944706916809093 -0.46133413910865778 -0.50648479163646687 11.660715579986574 -0.43054369091987604 -0.13505011796951291 -0.72174841165542591 80.125000000000014 -0.99628248810768116 -0.99552518129348744 7.8299038410186776 10.116318225860597 23.512270927429203 30.638908386230472 1.3569552898406985 74.875000000000014 20.625000000000004 7.8299453258514413 6.4565565586090097 0.1732888147234917
decision_type=2 2 2 2 2 2 2 2 2 2 2 2 2 2 2 2 2 2 2 2 2 2 2 2 2 2 2 2 2 2
left_child=1 2 3 4 9 18 -7 8 11 -1 -11 12 16 -14 -9 -8 -5 -18 21 20 25 24 -23 -22 -6 -20 27 -27 29 -21
right_child=-2 -3 -4 7 5 6 15 14 -10 10 -12 -13 13 -15 -16 -17 17 -19 19 28 23 22 -24 -25 -26 26 -28 -29 -30 -31
leaf_value=0.017836677813506969 -0.026555852996382936 -0.014344298074004336 0.013557306855625407 0.0065340423715571439 -0.013401991583588971 -0.019902208120835162 0.023950527446912308 -0.0056521706564882099 -0.0012755057397744627 0.035798137522362099 -0.012423566398333512 -0.0073188827152614313 -0.0070391592726981519 0.042912388095478773 -0.027932633754125642 0.0050540824830779671 -0.0074683711432694056 0.022268592928647545 -0.0013234446935040179 -0.0059342458393324858 -0.014009024907148743 -0.021313648271416245 0.00065983413931493143 0.03712784524521455 0.0034832602199286258 0.078907852404942871 0.0064960508870992428 0.0025750367647750638 0.003642701446088682 0.0025794414718238448
leaf_weight=702.16398857347667 124.07744082575664 321.08982609212399 356.76331230252981 2541.1541267400607 364.14784923568368 88.923424832522869 404.82805504277349 1723.0199055662379 19876.354850828648 34.267774287611246 201.54432993009686 513.50042878463864 51.447650875896215 152.45696307718754 152.67518239095807 388.01856183633208 697.68889985606074 81.057923153042793 37.207631137222052 2889.4416420925409 142.1971291154623 581.53943533077836 407.60635602474213 39.067590668797493 1726.3296794611961 82.363322298973799 46.947429466992617 18.17730712518096 5004.7966724745929 2931.288472449407
leaf_count=5360 17907 9525 1633 25127 7492 1059 2043 11698 293063 219 1187 3932 473 855 821 2084 5605 503 548 38322 920 4107 1961 222 18724 1024 424 138 33147 34514
internal_value=-1.35317e-05 7.00724e-05 0.000183021 6.58811e-05 0.00163625 0.000968534 0.0111892 -0.000914178 -0.000386476 0.0122991 -0.00424483 0.00398271 0.00564566 0.0305691 -0.00760424 0.0148808 0.00402769 -0.00413003 0.000329637 0.00142893 0.0195708 -0.00365693 -0.0123429 -0.00162267 0.000492156 0.0393856 0.0490874 0.0665886 0.000798142 -0.00164973
internal_weight=42682.1 42558.1 42237 41880.2 16090.9 15152.9 881.77 25789.4 23913.7 937.976 235.812 4037.31 3523.81 203.905 1875.7 792.847 3319.9 778.747 14271.1 11191.5 365.96 3079.62 989.146 181.265 2090.48 184.696 147.488 100.541 10825.5 5820.73
internal_count=524637 506730 497205 495572 153495 146729 5186 342077 329558 6766 1406 36495 32563 1328 12519 4127 31235 6108 141543 109259 3276 32284 6068 1142 26216 2134 1586 1162 105983 72836
is_linear=0
shrinkage=0.04


Tree=96
num_leaves=31
num_cat=0
split_feature=11 10 9 8 11 3 10 10 17 10 4 17 9 10 10 10 10 17 10 0 7 0 8 11 10 13 6 11 10 7
split_gain=56.3184 41.1451 40.5567 73.4886 68.7407 65.2155 60.7408 71.6043 64.6581 86.4092 76.4669 63.992 59.4583 59.2001 74.3604 60.8621 60.2719 82.457 72.4106 53.4656 53.657 50.688 57.657 46.0365 50.1506 61.7473 45.8949 42.3835 59.7015 118.08
threshold=0.4256857186555863 0.48030318319797521 74.125000000000014 17.875000000000004 0.078402601182460799 13.663959026336672 -0.99054482579231251 -0.98214942216873158 0.10298394784331323 -0.93545487523078907 0.22557676583528521 -2.2383847236633296 76.875000000000014 -0.60639065504074086 -0.25309335440397257 -0.7996615171432494 -0.85671821236610401 -0.48989383876323694 -0.82956761121749867 0.94051226973533641 6.2368831634521493 34.605630874633796 19.125000000000004 -0.076258823275566087 0.40318277478218084 9.9765858650207537 10.015676498413088 0.044065307825803764 -0.99166062474250782 5.6246790885925302
decision_type=2 2 2 2 2 2 2 2 2 2 2 2 2 2 2 2 2 2 2 2 2 2 2 2 2 2 2 2 2 2
left_child=1 2 5 23 27 13 -6 11 -9 -10 -11 12 -8 15 19 16 -1 18 -18 -15 -21 -7 -23 24 25 -4 -17 28 29 -5
right_child=-2 -3 3 4 6 21 7 8 9 10 -12 -13 -14 14 -16 26 17 -19 -20 20 -22 22 -24 -25 -26 -27 -28 -29 -30 -31
leaf_value=0.00070071813464687278 -0.026212015962058976 -0.018079746778366119 -0.014229992941773245 -0.022559466649256538 -0.027253167069746034 -0.003991000265191713 -0.006110390910661157 -0.022007985226021209 -0.0079363730070335856 0.0048114735769431991 0.1113050898744638 0.0020096282678883763 0.076668661869277732 -0.015194666447984831 0.0047024079564366005 -0.020922892531709182 0.066259328895764885 0.0040890173678540861 0.010151677570207532 0.041942749972410202 0.015502704870467635 0.0073025237662578436 -0.012874364337446856 0.0060937146800823403 0.018911200282178395 7.7873614414009204e-05 0.0002397653870091464 0.014517656193168454 0.00063335372674953264 0.0035537558940930904
leaf_weight=2237.3819519542158 120.87320723151788 188.95525550656021 1630.5735375620425 517.44165708124638 236.39470777381212 3569.0116723198444 19.326339291408658 390.57498925365508 146.74662210885435 24.378047334961593 10.819326337426899 260.42053813207895 29.317392153665423 66.63426312059164 2750.2483486495912 313.62120939046144 72.048900675028563 293.20634011551738 74.504109535366297 145.00800604373217 744.73129800520837 1499.0392598286271 257.26466782391071 374.62154216784984 90.994570944458246 683.57869186624885 331.89051472023129 326.35421907715499 24677.538057306781 578.74168689362705
leaf_count=26463 17907 6096 32086 13631 7452 20320 415 30127 5267 1334 532 6552 485 895 19223 3558 449 1876 470 1373 3905 6642 1107 10260 1710 5876 1757 4968 280692 11209
internal_value=-1.2515e-05 6.80685e-05 0.000153284 -0.000641123 -7.38415e-06 0.00208112 -0.00967529 -0.00470902 -0.0130075 0.00645348 0.0549303 0.0105893 0.0483465 0.00460801 0.00807648 0.000726101 0.00338983 0.0167516 0.040206 0.0176302 0.0202301 -0.0012567 0.00429084 -0.00682409 -0.00885305 -0.0100214 -0.0102044 0.000410281 0.000226088 -0.00886522
internal_weight=42662.2 42541.4 42352.4 29997.8 27218.1 12354.6 1117.98 881.583 572.519 181.944 35.1974 309.064 48.6437 7029.27 3706.62 3322.65 2677.14 439.759 146.553 956.374 889.739 5325.32 1756.3 2779.77 2405.15 2314.15 645.512 26100.1 25773.7 1096.18
internal_count=524637 506730 500634 412596 362664 88038 52164 44712 37260 7133 1866 7452 900 59969 25396 34573 29258 2795 919 6173 5278 28069 7749 49932 39672 37962 5315 310500 305532 24840
is_linear=0
shrinkage=0.04


Tree=97
num_leaves=31
num_cat=0
split_feature=11 8 7 11 10 9 9 3 10 10 14 13 10 13 6 10 7 6 10 9 9 10 7 10 3 4 3 10 12 9
split_gain=53.5481 40.34 46.679 63.5026 77.4643 43.7402 42.7046 41.5573 47.9686 87.332 38.4024 33.7424 38.224 33.6881 33.2352 41.5267 38.6431 47.0362 37.7878 35.0003 32.9984 42.9065 63.2177 99.1516 45.1192 43.3374 35.6472 36.404 35.3091 33.2286
threshold=0.4256857186555863 16.875000000000004 0.2800325751304627 -0.96234029531478871 0.20706263184547427 74.125000000000014 75.875000000000014 1.3402327895164492 -0.86546283960342396 -0.80987083911895741 0.25813326239585882 0.98511207103729259 0.38738232851028448 14.687447547912599 75.043735504150405 -0.01505099539645016 44.047140121459968 41.267499923706062 -0.55028682947158802 73.125000000000014 79.625000000000014 0.10516610741615297 5.2555959224700937 -0.92599865794181813 73.417064666748061 21.046273231506351 31.845785140991214 0.1393099054694176 62.348731994628913 73.375000000000014
decision_type=2 2 2 2 2 2 2 2 2 2 2 2 2 2 2 2 2 2 2 2 2 2 2 2 2 2 2 2 2 2
left_child=1 5 3 4 -3 7 -5 11 -9 13 -6 -1 -13 -10 16 19 17 20 -18 -16 29 22 23 -22 25 -24 27 -23 -27 -4
right_child=-2 2 14 6 10 -7 -8 8 9 -11 -12 12 -14 -15 15 -17 18 -19 -20 -21 21 26 24 -25 -26 28 -28 -29 -30 -31
leaf_value=0.039040811249717478 -0.025865317388110487 -0.0048063702363989732 0.0031176725793071063 -0.0025246539688949863 0.071627629420419212 -0.0043512033909735475 -0.015197793948812268 -0.0063663775582229951 0.053085953144803924 0.0044645566179846528 0.016352792100357543 0.016102832424978005 -0.015093656709582815 0.011475880951789877 -0.0033805528194954448 -0.020078661958230101 -0.017996137911569909 0.0093682251097657303 -0.0016966258316492731 0.026484431555559091 -0.0049794702457902022 -0.033959174663764656 0.00038403099240543061 0.023433430223211611 -0.0228092789888878 0.012762714302471811 0.032145922054736591 -0.0053009564703812529 -0.027207405113136844 -0.0011337087493889357
leaf_weight=78.224835548549891 117.79044020688161 155.11890417709947 3305.9060440612957 829.80601472128183 29.48700563237071 787.33518071752042 873.396132836584 551.64366360008717 75.594294048845768 1767.3641580753028 57.89110092073679 403.9086927017197 65.94743650406599 59.765186965465546 85.578585863113403 45.801493138074875 362.73134743794799 844.67519507557154 590.42829746007919 206.04152348637581 293.49295218940824 74.115118242800236 2956.0781064536422 566.64824011642486 105.33190544322133 742.38183700758964 25.067725762724876 490.86038459464908 27.927616365253925 26061.599525686353
leaf_count=1330 17907 3751 20335 20413 462 9310 29875 4535 407 8552 701 3108 433 255 374 186 1734 3980 2567 953 6056 595 21656 4994 726 5555 172 4312 176 349227
internal_value=-1.10983e-05 6.65886e-05 -0.000319195 -0.00634093 0.0124554 0.00399964 -0.00907417 0.00619666 0.00393772 0.00694278 0.0404462 0.0160607 0.0115009 0.0367673 9.56903e-07 0.0123142 -0.000116383 9.81134e-05 -0.00802196 0.0178988 -0.000130509 0.00277713 0.00405809 0.0137927 0.00184265 0.00259866 -0.00730653 -0.00958566 0.0109835 -0.000654232
internal_weight=42637.9 42520.1 38730.4 1945.7 242.497 3789.78 1703.2 3002.45 2454.37 1902.72 87.3781 548.081 469.856 135.359 36784.7 337.422 36447.2 35494.1 953.16 291.62 34649.4 5281.9 4691.86 860.141 3831.72 3726.39 590.043 564.976 770.309 29367.5
internal_count=524637 506730 478800 55202 4914 27930 50288 18620 13749 9214 1163 4871 3541 662 423598 1513 422085 417784 4301 1327 413804 44242 39163 11050 28113 27387 5079 4907 5731 369562
is_linear=0
shrinkage=0.04


Tree=98
num_leaves=31
num_cat=0
split_feature=11 10 8 11 8 11 10 3 17 4 10 10 7 8 10 3 14 10 14 6 7 8 9 14 10 10 12 2 10 10
split_gain=50.9014 38.168 36.1332 43.2342 90.2751 72.2275 94.7981 79.4345 61.8583 134.073 59.6184 57.9989 98.8289 55.6375 48.9676 76.1453 58.1252 77.9413 49.9855 42.9514 45.9295 50.2295 40.4737 42.2028 39.6133 45.4279 47.9988 37.1727 40.3481 36.4318
threshold=0.4256857186555863 0.48030318319797521 16.875000000000004 -0.12758953124284741 20.875000000000004 0.0096758542931638675 -0.99630266427993763 1.8934368491172793 -5.9752297401428214 0.17846398800611499 -0.99697706103324879 -0.96463498473167408 6.3782410621643075 18.375000000000004 -0.9769422411918639 1.7244555950164797 0.60601887106895458 -0.98664820194244374 7.5832517147064218 12.422910690307619 18.458920478820804 19.375000000000004 74.125000000000014 0.65464341640472423 -0.9769422411918639 -0.98046803474426258 7.1565620899200448 87.03363418579103 0.05372969992458821 -0.87395131587982167
decision_type=2 2 2 2 2 2 2 2 2 2 2 2 2 2 2 2 2 2 2 2 2 2 2 2 2 2 2 2 2 2
left_child=1 2 22 11 5 8 7 -7 9 10 -5 12 13 -4 15 16 17 -15 -18 -14 21 24 23 -1 25 26 -21 29 -29 -13
right_child=-2 -3 3 4 -6 6 -8 -9 -10 -11 -12 27 19 14 -16 -17 18 -19 -20 20 -22 -23 -24 -25 -26 -27 -28 28 -30 -31
leaf_value=0.037586991245798222 -0.025515944759612066 -0.017585381928441234 -0.0027327572916934586 -0.0056580255579646082 -0.019590030387879692 0.0036446114138083412 -0.0036853299956361332 0.030136560746463096 -0.015086279629142652 -0.017254044285721328 0.059391375877687648 -0.0040406126486722945 -0.010330088647605899 0.068931732814292643 0.026208689659740322 0.032396259582600326 -0.015992679863646411 -0.0029467975789470168 0.021454000483989846 0.05237993626280301 -0.013148617587608293 -0.0053506297358183906 -0.0041938440173975985 0.005256608242104061 -0.0010620973521469125 0.077117714582884189 0.0021597262896250044 0.012113362962964131 -0.016879410150550295 8.3507614133147641e-05
leaf_weight=56.406961744651198 114.82444128766656 185.13192207738757 271.99569416791201 29.254998868331313 519.40861043613404 485.08115922100842 1431.9402397600934 282.10799669474363 858.79789705667645 138.95124883390963 69.092559263110161 3900.7167753390968 568.94428231194615 31.02648163959384 516.20017819479108 149.45882825925946 257.72141987085342 56.749004133045673 63.225550431758165 40.807589091360569 137.39518265798688 134.81895197555423 780.82724142540246 2936.016226480715 63.594403155148029 25.901079103350639 78.271378941833973 635.38981444016099 78.33115465939045 27715.621615804732
leaf_count=822 17907 6096 3485 639 18711 7390 56133 3302 17977 2122 646 44789 6373 356 4599 1803 3455 869 661 338 1051 1537 9198 17574 489 200 704 3310 381 291720
internal_value=-1.01795e-05 6.47183e-05 0.000146078 -0.000220044 -0.00425643 -0.00178752 0.00239619 0.0136486 -0.0101272 0.00770444 0.0413051 0.000224446 0.00621581 0.0133495 0.0174086 0.00895242 -0.000189317 0.026912 -0.00819044 -0.00297346 0.00576515 0.0134907 0.00387642 0.00598919 0.025357 0.0362663 0.0220945 -0.000221383 0.00874213 -0.000426429
internal_weight=42614 42499.2 42314.1 38540.8 3814.63 3295.23 2199.13 767.189 1096.1 237.299 98.3476 34726.2 2396.11 1346.38 1074.38 558.181 408.722 87.7755 320.947 1049.73 480.789 343.393 3773.25 2992.42 208.574 144.98 119.079 32330.1 713.721 31616.3
internal_count=524637 506730 500634 473040 106920 88209 66825 10692 21384 3407 1285 366120 25920 15228 11743 7144 5341 1225 4116 10692 4319 3268 27594 18396 1731 1242 1042 340200 3691 336509
is_linear=0
shrinkage=0.04


Tree=99
num_leaves=31
num_cat=0
split_feature=11 10 9 8 10 11 11 10 3 9 4 12 8 10 9 8 7 10 6 10 7 10 3 10 10 9 10 12 8 10
split_gain=48.3789 36.3387 35.317 43.1834 38.1678 36.3905 51.6826 56.7487 53.8499 51.179 48.8585 42.0755 41.2163 39.9935 39.2339 45.4609 57.5047 76.981 61.334 100.481 94.2028 69.4715 61.1708 56.9375 50.4162 55.0356 54.4904 45.5791 37.955 40.3742
threshold=0.4256857186555863 0.46514528989791876 73.625000000000014 19.125000000000004 -0.99630266427993763 0.078402601182460799 0.0096758542931638675 -0.99815973639488209 4.0282421112060556 74.875000000000014 0.30420644581317907 19.537824630737308 20.625000000000004 -0.99763298034667958 76.125000000000014 16.625000000000004 11.438522815704347 -0.9193688929080962 6.3975250720977792 -0.98046803474426258 3.4566953182220463 -0.93235439062118519 6.6170246601104745 -0.87395131587982167 -0.74512827396392811 74.875000000000014 -0.44600489735603327 24.115417480468754 17.375000000000004 -0.96463498473167408
decision_type=2 2 2 2 2 2 2 2 2 2 2 2 2 2 2 2 2 2 2 2 2 2 2 2 2 2 2 2 2 2
left_child=1 2 3 -1 -5 6 7 9 -8 -4 -7 -11 13 -10 15 -9 17 18 19 -17 28 -22 -23 -19 25 -25 -26 -27 -21 -30
right_child=-2 -3 5 4 -6 10 8 14 12 11 -12 -13 -14 -15 -16 16 -18 23 -20 20 21 22 -24 24 26 27 -28 -29 29 -31
leaf_value=0.0043449843689326289 -0.025164093916173171 -0.013358533748539599 0.0049448413313296514 -0.026212368572973203 -0.0010922519701965661 -0.012647637718399621 0.0031457461713415174 0.0034303924977809779 0.041839290114969174 -0.028010788979702019 0.001874451274746019 0.021155468751539147 -0.012532565050021052 -0.00063210741149837132 0.00094453519745091839 -0.017531038488501679 -0.010833330725487214 -0.018604541254209964 0.016739800659669062 -0.0061749610741943404 -0.018078170220307041 -0.0074973465359227586 0.081027378367391892 -0.00520074065429868 -0.012008327720627928 0.0079183327272757294 -0.0023463478355432357 0.039958000944895856 0.03673258890667043 0.011507227728636575
leaf_weight=5829.5400174167007 111.9706876645796 310.28939463570714 144.52681012637913 91.623834472149611 2055.9882256872952 858.85415546875447 576.14108444750309 2060.9217328261584 151.27794712409377 276.30405828263611 642.50746756233275 23.608925692737103 33.053685681894422 45.09989396110177 19458.320095652714 336.69047767668962 1318.5402862690389 379.57353931851685 541.46743472665548 80.049262743443251 243.33799893781543 23.471003659069538 13.447878260165451 535.5720443893224 1200.0348761677742 628.72078554704785 4125.4046029206365 71.603021323680878 185.99141956120729 239.34945134446025
leaf_count=32625 17907 9525 2808 900 12150 41568 9588 12528 1682 9238 23826 410 651 535 193140 6663 11933 6640 6100 1181 3654 373 208 7294 26332 8552 69964 502 2076 4084
internal_value=-8.30645e-06 6.39048e-05 0.000165809 0.00256065 -0.00228048 -0.000393474 -0.000112911 -0.00036711 0.00983015 -0.0144012 -0.00646163 -0.0235827 0.0257834 0.0325274 -0.000164222 -0.00196376 -0.00308638 -0.00188808 0.00581623 0.000444909 0.00827205 -0.0100976 0.0351453 -0.00374059 -0.00285371 0.00439918 -0.00454201 0.0117106 0.018457 0.0231281
internal_weight=42593.3 42481.3 42171 7977.15 2147.61 34193.9 32692.5 31886.9 805.573 444.44 1501.36 299.913 229.432 196.378 31442.5 11984.2 9923.25 8604.71 1663.8 1122.34 785.647 280.257 36.9189 6940.91 6561.34 1235.9 5325.44 700.324 505.39 425.341
internal_count=524637 506730 497205 45675 13050 451530 386136 373680 12456 12456 65394 9648 2868 2217 361224 168084 155556 143623 24339 18239 11576 4235 581 119284 112644 16348 96296 9054 7341 6160
is_linear=0
shrinkage=0.04


Tree=100
num_leaves=31
num_cat=0
split_feature=11 11 10 14 7 3 13 10 17 10 10 7 9 18 9 6 10 10 8 10 9 14 10 10 2 16 10 10 13 7
split_gain=45.9649 35.0492 69.1565 68.026 65.9656 57.9822 90.9922 53.5796 84.4075 83.2426 170.5 120.474 108.078 99.3942 78.8287 75.8024 71.2016 65.3169 63.629 62.9242 140.231 95.9579 70.6007 55.1783 66.9305 82.5568 62.9026 127.391 121.338 111.163
threshold=0.4256857186555863 -0.92602273821830738 -0.01505099539645016 47.035240173339851 3.5502542257308964 0.13173130154609683 0.74344807863235485 -0.47652685642242426 -4.8612890243530265 -0.59262362122535694 -0.64659911394119252 6.4565565586090097 74.125000000000014 2.2428873777389531 78.375000000000014 29.330535888671879 -0.53584328293800343 -0.53584328293800343 19.625000000000004 -0.52124115824699391 79.625000000000014 8.2867665290832537 -0.55028682947158802 -0.67245468497276295 2.5219334363937382 -6.5477430820465079 -0.74512827396392811 -0.76762619614601124 20.432928085327152 2.9540903568267827
decision_type=2 2 2 2 2 2 2 2 2 2 2 2 2 2 2 2 2 2 2 2 2 2 2 2 2 2 2 2 2 2
left_child=1 2 4 -4 5 -1 -7 9 -9 10 23 12 -11 14 -13 -12 -16 18 -14 20 -15 -21 -22 26 -25 -26 27 -3 29 -29
right_child=-2 7 3 -5 -6 6 -8 8 -10 11 15 13 17 19 16 -17 -18 -19 -20 21 22 -23 -24 24 25 -27 -28 28 -30 -31
leaf_value=-0.0099964716569626074 -0.024809964667027382 -0.000532206677267913 -0.00070348945750294337 -0.026689816793165583 0.0056128250135262757 0.028724316212161649 -0.0035099248031368706 -0.019520959915281223 -0.0027449262667187595 0.051661527395430458 -0.021995238359789258 0.065781567974910221 -0.017452015343740194 -0.003919418753603081 0.042312728827492915 0.0027613140054609459 -0.027509115559976035 -0.02632577732284402 0.017698159864406628 -0.018643503541029713 0.049630814151491828 0.021241497665956021 0.0016676429680458041 -0.0064020704679229367 -0.0029961570484177357 0.033927921097128944 -0.0076351312271088923 0.032008808113941176 0.055644235285742902 -0.0021125898353291793
leaf_weight=903.79410675168037 109.22482560481876 15202.071161113214 7435.2295545171946 154.76897813379765 7076.7110594883561 182.66265876218677 507.36000368371606 552.18429021164775 3312.3169793151319 34.2956926189363 842.56251736357808 80.417430821806192 158.16117774881423 1005.5297013688833 37.583072878420353 255.01338456571102 36.464422211050987 294.78847767040133 151.5668937060982 102.41633986309171 123.07704843580723 765.18118944391608 78.95102796703577 215.08052287809551 148.37420325353742 261.18596451543272 1779.7077189721167 222.19978975318372 97.477932274341583 443.27276868373156
leaf_count=15260 17907 226314 78230 637 49712 3557 6909 3620 47053 540 12445 1024 3652 7278 377 1271 338 5403 2296 1047 657 4330 490 3665 985 2208 20574 2592 460 3806
internal_value=-8.27797e-06 6.13484e-05 0.0015196 -0.0012678 0.00395828 -0.00337726 0.00531155 -0.000843925 -0.00518619 -9.06354e-05 -0.00102893 0.00625868 -0.00895594 0.0106384 0.0406347 -0.0162702 0.00874713 -0.0131796 -0.000235559 0.00822143 0.00227732 0.0163744 0.0318498 -0.000109903 0.0114794 0.0207986 -0.000524099 0.00027289 0.0161141 0.00958567
internal_weight=42569.6 42460.4 16260.5 7590 8670.53 1593.82 690.023 26199.9 3864.5 22335.4 19466.9 2868.43 638.812 2229.62 154.465 1097.58 74.0475 604.517 309.728 2075.16 1207.56 867.598 202.028 18369.4 624.641 409.56 17744.7 15965 762.95 665.473
internal_count=524637 506730 154305 78867 75438 25726 10466 352425 50673 301752 274320 27432 11891 15541 1739 13716 715 11351 5948 13802 8425 5377 1147 260604 6858 3193 253746 233172 6858 6398
is_linear=0
shrinkage=0.04


Tree=101
num_leaves=31
num_cat=0
split_feature=14 8 5 10 11 11 11 4 10 10 14 4 17 10 14 18 7 1 10 4 3 14 9 10 10 9 15 3 12 7
split_gain=43.8427 50.2283 34.4795 35.0734 34.0788 32.7142 67.9946 56.8121 79.0098 55.4155 93.3149 81.973 74.8349 71.3725 145.572 56.9477 54.7007 47.5284 49.5191 46.8499 49.5075 49.0344 57.1331 89.8773 45.9249 41.7654 41.7478 38.6851 37.9255 52.3601
threshold=1.0000000180025095e-35 19.125000000000004 93.946643829345717 0.05372969992458821 0.31390938162803655 -0.92602273821830738 -0.93845868110656727 11.376863956451418 0.1732888147234917 -0.47652685642242426 8.9462265968322772 8.2497897148132342 1.5441477894783022 -0.50648479163646687 8.0821595191955584 19.303935050964359 0.2800325751304627 16.467902183532718 -0.49157854914665217 16.155911445617679 0.53944706916809093 9.2932071685791033 78.625000000000014 -0.36747109889984125 -0.44600489735603327 73.375000000000014 1.0000000180025095e-35 1.8501778244972231 2.0240544080734257 12.912572383880617
decision_type=2 2 2 2 2 2 2 2 2 2 2 2 2 2 2 2 2 2 2 2 2 2 2 2 2 2 2 2 2 2
left_child=1 4 5 -4 -1 6 7 -2 28 13 11 24 -12 -7 -15 -13 -8 18 -16 21 -21 25 27 -24 -11 -18 -14 -23 29 -9
right_child=2 -3 3 -5 -6 9 16 8 -10 10 12 15 26 14 17 -17 19 -19 -20 20 -22 22 23 -25 -26 -27 -28 -29 -30 -31
leaf_value=0.015507931855547195 -0.00069412278301266234 -0.019226828789329818 0.017481395127610225 -0.016459622288487911 -0.027448959593336972 -0.00054540387183722532 -0.01608249842567306 0.0061743584651549974 -0.025095213453644905 -0.022741417068375826 -0.021136339088744217 0.009700064486214131 -0.021302332246698384 -0.017284131652814679 0.024899055057077738 0.053943363622022192 0.043751309802123627 0.036648542550505987 -0.0037349991117077482 0.03387619666435749 -0.012407562491601578 0.056630148393804036 -0.029536149380520481 0.02995270465702296 -0.00090948969672233291 0.0061228817329570919 0.0022427887079814364 0.022970893764147463 0.0091575580157059796 -0.017661686286580623
leaf_weight=134.21247090958059 11440.751940606162 372.09260063385591 303.92225697636604 49.491836979985237 27.563185407780111 21284.561441443861 115.07076333649457 432.60383105650544 120.36652586422861 159.90588393807411 817.31097224354744 190.17299387417734 145.75857587531209 199.35150786675513 214.0827925093472 54.488577499985695 41.068604484200478 207.6891608312726 165.84903325885534 34.964864701032639 201.00271875783801 95.169295966625214 59.892289027571678 87.521770402789116 1675.0309373736382 718.58107594773173 525.49340568482876 168.21615730971098 2297.7439388409257 211.24324402958155
leaf_count=4024 116838 26419 1426 207 3884 288935 1838 5367 1104 2659 5221 2176 1060 3309 1330 430 218 1058 1133 220 1187 551 291 406 27362 7280 3075 969 13037 1623
internal_value=-7.27632e-06 -0.0112915 0.000138752 0.0124062 0.0070171 3.17414e-05 0.00144903 0.000602145 0.00543204 -0.000854252 -0.0054719 1.14868e-05 -0.0130814 -0.000105606 0.0116468 0.0212848 0.00946486 0.0215867 0.0126244 0.0116539 -0.00445096 0.0149109 0.0259179 0.00544228 -0.00292499 0.0086992 -0.00310755 0.0367596 0.00676197 -0.00179665
internal_weight=42551.2 533.868 42017.3 353.414 161.776 41663.9 16024.2 14502.7 3061.96 25639.7 3568.16 2079.6 1488.56 22071.5 786.972 244.662 1521.49 587.621 379.932 1406.42 235.968 1170.45 410.8 147.414 1834.94 759.65 671.252 263.385 2941.59 643.847
internal_count=524637 34327 490310 1633 7908 488677 150929 137969 21131 337748 41983 32627 9356 295765 6830 2606 12960 3521 2463 11122 1407 9715 2217 697 30021 7498 4135 1520 20027 6990
is_linear=0
shrinkage=0.04


Tree=102
num_leaves=31
num_cat=0
split_feature=11 10 6 10 3 10 11 18 13 11 10 9 8 12 11 11 10 4 10 11 11 11 11 3 11 8 3 10 10 13
split_gain=42.9218 33.6471 32.5948 50.3401 32.6339 56.7927 61.4249 73.3769 68.8579 121.698 63.3948 54.2617 60.0546 60.8453 95.8573 89.3717 96.7076 85.3529 74.8046 62.2477 62.0347 107.501 92.9163 64.5084 50.4502 47.72 47.1846 69.942 47.1416 59.8567
threshold=0.4256857186555863 0.48030318319797521 75.043735504150405 -0.15207348018884656 23.699583053588871 -0.36747109889984125 -0.99761277437210072 30.073235511779789 0.58107420802116405 -0.98212954401969899 0.1393099054694176 74.125000000000014 17.875000000000004 0.014921665191650392 0.34638161957263952 -0.12758953124284741 -0.9193688929080962 0.22557676583528521 -0.87395131587982167 0.21441935747861865 0.14675828069448474 0.078402601182460799 0.0096758542931638675 5.6696629524230966 -0.076258823275566087 17.625000000000004 1.4858958125114443 -0.86546283960342396 0.30675521492958074 8.9497299194335955
decision_type=2 2 2 2 2 2 2 2 2 2 2 2 2 2 2 2 2 2 2 2 2 2 2 2 2 2 2 2 2 2
left_child=1 2 4 -4 11 -6 7 -7 9 -8 -10 25 24 15 19 16 -14 -16 -18 20 21 22 -15 -24 28 26 -1 -28 29 -13
right_child=-2 -3 3 -5 5 6 8 -9 10 -11 -12 12 13 14 17 -17 18 -19 -20 -21 -22 -23 23 -25 -26 -27 27 -29 -30 -31
leaf_value=0.014286278536090709 -0.024334428186427212 -0.016770751255831082 0.018811143967313381 -0.013381995143054784 -0.0056132364776541712 -0.025209714535575946 0.072514829759486046 0.0091307653385369423 0.0070901975881960443 -0.017007183747915787 -0.011762267933569357 -0.01510522217587352 0.013582765985435952 0.00087167653419582759 0.0054434590747915821 -0.015334624008088093 -0.033921828977187013 0.10785219512313188 -0.0028465049103279529 -0.025193515784076942 0.021479305879062806 -0.026654656748063423 0.012057080119331721 0.056810220607801637 0.0076917489020144475 0.00091223745100813079 -0.007584466444668864 0.0080828369298722048 0.0082923660074705023 -4.6815798008590745e-05
leaf_weight=992.03431542031467 105.71816986380145 179.20140781067312 314.34290055185556 94.274329543113708 3872.3930689673871 242.32395094633102 51.361032266169786 157.59417710453272 1489.6244245991111 34.968468677252531 342.99395322427154 1361.1623760666698 574.74490862712264 19721.176713131368 29.12737934011966 901.30541348084807 121.30804000608623 15.334991372190414 2269.3993289582431 134.79377825185657 226.87084409501404 214.23510324768722 206.79726397059858 62.506557907909155 351.85106195975095 5328.8554349401966 616.28729787003249 1673.8980210348964 232.88352894410491 610.44734124466777
leaf_count=9576 17907 6096 1464 400 29836 1884 507 720 8368 430 2211 28761 8481 214311 1710 44373 2398 780 45939 6413 4547 5232 2773 710 9780 44586 5760 9334 3718 5632
internal_value=-6.40026e-06 5.9944e-05 0.000135291 0.0112414 2.41564e-05 -0.002654 0.00229067 -0.0117847 0.00526993 0.038252 0.00351707 0.000489944 -0.000391115 0.000219136 0.00108341 -0.00437856 -0.00100828 0.0540818 -0.00455804 0.000942601 0.00112727 0.000888232 0.00119658 0.0241066 -0.0062125 0.00325322 0.00703962 0.00385213 -0.00845642 -0.0104666
internal_weight=42529.8 42424.1 42244.9 408.617 41836.3 6191.26 2318.87 399.918 1918.95 86.3295 1832.62 35645 27033.9 24477.6 20610.8 3866.76 2965.45 44.4624 2390.71 20566.4 20431.6 20204.7 19990.5 269.304 2556.34 8611.08 3282.22 2290.19 2204.49 1971.61
internal_count=524637 506730 500634 1864 498770 43956 14120 2604 11516 937 10579 454814 385558 337667 236476 101191 56818 2490 48337 233986 227573 223026 217794 3483 47891 69256 24670 15094 38111 34393
is_linear=0
shrinkage=0.04


Tree=103
num_leaves=31
num_cat=0
split_feature=11 8 14 8 17 10 13 9 10 7 10 10 10 13 10 14 3 6 7 10 10 4 10 10 8 7 16 4 6 7
split_gain=41.0139 32.0659 39.7138 34.1621 34.0971 32.9182 32.027 28.045 40.9773 72.2681 88.9466 45.7564 51.7988 41.1653 39.8293 51.3294 39.0217 38.256 35.9566 35.7413 53.699 45.7251 43.7645 50.3386 44.9165 52.8775 43.3783 40.1369 38.708 48.498
threshold=0.44118724763393408 16.875000000000004 1.0000000180025095e-35 19.375000000000004 -0.38816043734550471 0.32308141887187963 1.0000000180025095e-35 79.625000000000014 0.088045001029968276 5.2555959224700937 -0.98930078744888295 -0.11798679083585738 -0.36747109889984125 44.902389526367195 -0.18598018586635587 0.95048254728317272 73.417064666748061 3.5368528366088872 8.9365272521972674 -0.99940761923789967 -0.99904707074165333 8.8231210708618182 -0.99866804480552662 -0.99815973639488209 19.125000000000004 3.1846334934234624 -2.1505635976791377 17.702487945556644 41.267499923706062 32.125337600708015
decision_type=2 2 2 2 2 2 2 2 2 2 2 2 2 2 2 2 2 2 2 2 2 2 2 2 2 2 2 2 2 2
left_child=1 4 3 -3 5 -1 -6 19 9 10 -9 12 16 -14 15 -12 -11 -17 -13 26 21 -21 -22 24 -24 -26 27 -4 29 -25
right_child=-2 2 7 -5 6 -7 -8 8 -10 11 14 18 13 -15 -16 17 -18 -19 -20 20 22 -23 23 28 25 -27 -28 -29 -30 -31
leaf_value=-0.0017713422767082483 -0.02650041445969023 0.0030128249752521307 -0.0032242977884643659 -0.019207185521997714 0.041262958524131109 0.027818196286724522 0.0061925085654300485 -0.02131681501672673 -0.0061889501357641269 0.0013203082626653876 0.04109475967476197 0.0028404174248812986 0.013865991638842085 -0.023588859388059023 0.033458345597197729 -0.0043710549905450332 -0.023486930796052043 0.017968239984546903 -0.020071694898948153 0.0025999099931591557 -0.02304728177227585 0.036535807377294893 -0.00076259363886900381 -0.00067276999674921358 -0.0020554919040851787 0.051256535620199835 -0.018279398288312265 0.051840529651387267 0.005334883139794128 -0.010110596789929593
leaf_weight=1630.4518986856565 83.279529671184719 164.79361100355163 79.579729542136192 312.81488382816315 32.916789707262069 52.451910000294447 2077.0897839935496 91.384812334552407 745.30131185799837 2583.3274717233144 77.281664360780269 184.70388902723789 786.32522384822369 40.991242781281471 208.64137789607048 226.77654200792313 95.586740102618933 249.21791213331744 251.77004346251488 145.95727131329477 128.1842872146517 104.81158775649965 114.3499866258353 29023.719694904983 43.793744072318077 78.240564029663801 346.28444020170718 18.360993951559067 1641.2420099452138 888.22065966948867
leaf_count=12082 14478 7365 1558 20369 781 414 14842 2113 7550 20866 2036 1240 4031 194 1623 2764 702 2374 1611 1829 2898 980 1228 375745 675 777 9720 199 7302 4291
internal_value=-5.91546e-06 5.2326e-05 -0.000292592 -0.0116359 0.00355693 -0.000690236 0.00693167 -0.000147587 0.00248071 0.00383805 0.0143214 0.00153869 0.00306666 0.0117507 0.0188167 0.0127993 0.000351102 0.00745425 -0.0105295 -0.00059479 -0.000437324 0.0176409 -0.000584841 -0.000487047 0.0175235 0.0334181 -0.011737 0.0109451 -0.000627484 -0.000956307
internal_weight=42507.9 42424.6 38631.7 477.608 3792.91 1682.9 2110.01 38154.1 5541.31 4796.01 853.302 3942.7 3506.23 827.316 761.917 553.276 2678.91 475.994 436.474 32612.7 32168.5 250.769 31917.8 31789.6 236.384 122.034 444.225 97.9407 31553.2 29911.9
internal_count=524637 510159 482040 27734 28119 12496 15623 454306 47104 39554 10910 28644 25793 4225 8797 7174 21568 5138 2851 407202 395725 2809 392916 390018 2680 1452 11477 1757 387338 380036
is_linear=0
shrinkage=0.04


Tree=104
num_leaves=31
num_cat=0
split_feature=11 10 9 3 9 8 6 10 10 7 13 13 6 13 10 14 10 10 8 13 9 13 10 10 10 8 10 13 10 10
split_gain=39.0753 31.4393 30.718 41.4036 37.4894 34.3433 34.2626 33.0154 39.2279 77.7689 53.6695 37.3294 33.7894 33.5182 32.493 32.4819 47.3193 59.9866 35.967 32.4185 31.7395 38.02 37.9441 48.9713 35.5451 33.0192 31.7756 32.1206 58.9281 73.2962
threshold=0.44118724763393408 0.46514528989791876 73.625000000000014 14.15839719772339 73.125000000000014 19.625000000000004 75.043735504150405 -0.98664820194244374 -0.97312742471694935 18.458920478820804 2.0750923156738286 1.0000000180025095e-35 11.356173038482668 22.689596176147464 -0.15207348018884656 0.0044701735023409137 0.088045001029968276 0.30675521492958074 18.125000000000004 0.10647656768560411 78.625000000000014 39.423118591308601 -0.89015004038810719 -0.94423642754554737 0.40318277478218084 20.125000000000004 0.3393120169639588 0.74344807863235485 -0.98930078744888295 -0.94705909490585316
decision_type=2 2 2 2 2 2 2 2 2 2 2 2 2 2 2 2 2 2 2 2 2 2 2 2 2 2 2 2 2 2
left_child=1 2 3 5 -5 7 -6 11 9 10 -9 -1 19 -13 -8 16 -4 -18 -19 -10 24 26 23 -23 -17 -26 27 28 -22 -30
right_child=-2 -3 15 4 6 -7 14 8 12 -11 -12 13 -14 -15 -16 20 17 18 -20 -21 21 22 -24 -25 25 -27 -28 -29 29 -31
leaf_value=0.033459212818504343 -0.026169982262523359 -0.012593993470274121 -0.022792057426301766 -0.0072024820406290501 0.00033324627641300364 -0.0044409307784393287 0.023147373851066407 -0.0084108884700395334 0.021917766029323965 -0.025190449847013546 0.048871343065188005 -0.011735042165927261 0.010769996042937702 0.016280728451889329 -0.010207942350370043 -0.0012066808484351816 0.061947767687436581 0.03594601021455622 -0.013404063740579246 0.00047099560955408558 -0.013718099894158991 -0.019530519318062062 -0.014859472829234863 0.037817548842719047 0.016184295911272767 -0.010956084627014827 -0.011698393919113566 0.0018624701802547293 0.036411555872517799 0.007241576154737848
leaf_weight=30.501255225390196 81.127836290746927 302.27506635617465 232.60959234228358 1013.4501607106067 2507.9347978141159 520.70896939514205 192.26369208097458 29.56962163746357 113.332014427986 32.024746369570494 117.830351812765 361.47180429846048 1595.1586939068511 74.566333137452602 54.413322016596794 23951.712937704287 15.316112795844672 18.985802194103599 120.42109394073486 1322.4438092312776 137.62588541395962 33.133209004998207 369.57679148763418 46.109748587012291 326.70724093541503 83.522199695929885 242.35266971029341 7779.4414380234666 170.36464273463935 617.12376128183678
leaf_count=278 14478 9525 18943 5008 12399 3635 916 414 2326 222 940 3317 7108 429 231 339649 538 454 4879 8767 3698 353 2151 336 5629 1733 3616 61034 3229 8402
internal_value=-5.04135e-06 5.11642e-05 0.000144901 0.00237999 -0.000663817 0.0051074 0.00175918 0.00646798 0.00791033 0.0256345 0.0375758 -0.00341482 0.00678025 -0.0066865 0.0156786 -0.000377066 -0.0117472 0.0052332 -0.00472702 0.00230377 -0.000243166 0.00173068 -0.00950437 0.0143375 -0.00100482 0.0105293 0.00230426 0.0027071 0.00971387 0.0139296
internal_weight=42494.1 42412.9 42110.7 7965.67 3768.06 4197.61 2754.61 3676.9 3210.36 179.425 147.4 466.539 3030.93 436.038 246.677 34145 387.333 154.723 139.407 1435.78 33757.7 9395.73 448.82 79.243 24361.9 410.229 8946.91 8704.56 925.114 787.488
internal_count=524637 510159 500634 45990 18554 27436 13546 23801 19777 1576 1354 4024 18201 3746 1147 454644 24814 5871 5333 11093 429830 82819 2840 689 347011 7362 79979 76363 15329 11631
is_linear=0
shrinkage=0.04


Tree=105
num_leaves=31
num_cat=0
split_feature=11 10 5 10 11 11 4 14 7 4 3 16 3 17 10 10 8 13 10 10 14 14 2 16 11 11 13 3 6 7
split_gain=37.2231 29.9237 28.9124 31.575 27.382 61.1114 53.0937 59.9314 52.7572 57.8537 50.2119 52.2753 46.3214 41.6051 124.359 96.8111 89.0718 99.7398 39.66 38.496 37.0941 36.6876 34.5317 32.096 38.9455 74.0949 82.4469 61.0861 57.7331 44.1135
threshold=0.44118724763393408 0.48030318319797521 93.946643829345717 0.05372969992458821 -0.92602273821830738 -0.93845868110656727 39.037832260131843 3.544202566146851 1.9536182284355166 16.155911445617679 42.648490905761726 -23.749702453613278 0.53944706916809093 -8.0237441062927228 -0.47652685642242426 -0.59262362122535694 20.375000000000004 4.804288625717164 -0.43054369091987604 -0.13505011796951291 15.816734790802004 22.750996589660648 1.4135611653327944 -11.12526750564575 -0.99628248810768116 -0.99552518129348744 6.3239638805389413 19.451147079467777 16.410433769226078 6.4565565586090097
decision_type=2 2 2 2 2 2 2 2 2 2 2 2 2 2 2 2 2 2 2 2 2 2 2 2 2 2 2 2 2 2
left_child=1 2 4 -4 5 6 23 -8 -7 -10 11 -6 -11 14 15 -13 17 -17 -12 20 -9 -21 -18 -1 27 26 -26 -25 -28 -27
right_child=-2 -3 3 -5 10 8 7 19 9 12 18 13 -14 -15 -16 16 22 -19 -20 21 -22 -23 -24 24 25 29 28 -29 -30 -31
leaf_value=-0.0045539817132652875 -0.025837169730374723 -0.016039826161224048 0.016270682712008908 -0.015942920209048778 0.0067612764476562559 -0.0036381102735105904 -0.019752223796001341 0.039263321879528121 0.017716320101468008 0.032508856954929402 -0.0052832701991672908 0.0040880474685650522 -0.012083691357453819 -0.001319448459356177 -0.024233142662205855 0.092007724727067114 -0.024258078622985735 0.024898860306922069 -0.026194225728680604 -0.0064026481188945907 0.012965471656071963 0.01782157712167913 0.02003025100289451 -0.00072487639877565622 0.039894404959287887 -0.0012644900071908541 -0.017081269465326381 -0.016731288124647241 0.028615588519558505 0.0045305708838776796
leaf_weight=2169.9244253858924 79.056885194033384 174.13327369000763 300.71626450866461 49.451922506093979 1561.2733934964053 397.08347517251968 88.267411712557077 127.33856442943215 910.44017859920859 35.432933937758207 1707.3866655929014 1467.580433849711 200.3228606171906 20424.046054958832 201.39177977666259 44.281751770526171 46.465499110519886 138.21840656548738 149.88360843807459 218.54847332090139 274.98552969098091 168.88582230359316 46.310537494719028 2201.8651044983417 161.11087892204523 4773.8827013801783 105.85179989412427 451.68598296493292 61.560660474002361 3740.1818679831922
leaf_count=15532 14478 6096 1426 207 12509 5629 1059 731 6589 219 11704 14123 1187 306610 1339 402 365 712 821 1325 1312 759 350 25921 1911 61584 773 3313 321 25330
internal_value=-4.04144e-06 5.02085e-05 0.000120346 0.011405 2.32786e-05 0.00131783 0.000512042 0.00998963 0.00885951 0.0131832 -0.000784538 -0.000291448 -0.00433155 -0.000786519 0.00478993 0.00826274 0.0295958 0.0451159 -0.00710205 0.0135191 0.0220393 0.00433962 -0.00235298 -0.00010374 0.000739482 0.00201484 0.0203685 -0.00350207 0.000388105 0.00128358
internal_weight=42477.6 42398.5 42224.4 350.168 41874.2 16087.4 14544.1 878.026 1543.28 1146.2 25786.8 23929.6 235.756 22368.3 1944.25 1742.86 275.276 182.5 1857.27 789.758 402.324 387.434 92.776 13666.1 11496.1 8842.59 328.523 2653.55 167.412 8514.06
internal_count=524637 510159 504063 1633 502430 153495 139871 5186 13624 7995 348935 336410 1406 323901 17291 15952 1829 1114 12525 4127 2043 2084 715 134685 119153 89919 3005 29234 1094 86914
is_linear=0
shrinkage=0.04


Tree=106
num_leaves=31
num_cat=0
split_feature=11 8 7 11 10 8 9 14 17 10 10 11 10 0 3 13 10 13 10 10 11 11 13 13 9 8 7 6 9 11
split_gain=35.4531 29.2634 34.3592 58.4111 94.5333 35.9341 32.8963 32.8171 25.7023 25.4119 81.5265 36.2274 46.3358 32.8918 30.981 30.7441 30.1903 29.4196 43.864 26.223 24.7712 74.5394 74.5367 71.7943 60.4317 71.4053 54.851 79.7639 49.2561 128.172
threshold=0.44118724763393408 16.875000000000004 0.2800325751304627 -0.96687281131744374 0.22386012226343158 19.375000000000004 74.125000000000014 0.78203183412551891 8.3741865158081072 -0.86546283960342396 -0.80987083911895741 -0.91939276456832875 -0.2696967720985412 29.591605186462406 1.5271966457366946 14.687447547912599 0.3393120169639588 48.299516677856452 -0.96463498473167408 -0.98523971438407887 -0.99628248810768116 -0.99552518129348744 9.0880498886108416 29.419718742370609 75.375000000000014 20.375000000000004 10.116318225860597 25.187973022460941 77.375000000000014 -0.99966478347778309
decision_type=2 2 2 2 2 2 2 2 2 2 2 2 2 2 2 2 2 2 2 2 2 2 2 2 2 2 2 2 2 2
left_child=1 6 3 4 -3 -5 7 -1 -8 14 15 12 -12 -13 19 -11 -14 18 -16 -9 26 22 24 -24 -22 -26 28 -28 29 -4
right_child=-2 2 20 5 -6 -7 8 9 -10 10 11 13 16 -15 17 -17 -18 -19 -20 -21 21 -23 23 -25 25 -27 27 -29 -30 -31
leaf_value=0.029732115551566386 -0.025502157590793845 -0.0011962018896840025 0.013998398492574319 -0.0009525713659269523 0.059803354988335 -0.012763111325040512 -0.0064309648470502398 -0.0035982890344050168 0.015948228789564471 0.047921126688233215 0.02555667077561833 -0.0072771468590939123 0.0031935118811623857 0.0094306878209251335 0.0022424449860568838 0.010037569391181613 0.029279561882746493 0.026702954290534733 -0.020956142368582727 0.025048935062477972 -0.0034966555790995365 0.00010664055102734636 -0.018357513997450538 0.041843173380903896 0.066602362377687005 0.011399338807704279 -0.019297816395892273 0.0037643458315336255 0.0071947759150028968 -0.014709782341266549
leaf_weight=75.741492744535208 77.063534235116094 159.39720228873193 361.87222671881318 698.46266453154385 44.391566598787904 1001.7168097812682 698.77280156454071 93.204013587906957 83.249907042831182 89.968183614313602 210.04788287356496 570.15569454431534 939.47917157039046 269.54732605069876 260.9703693408519 62.060638926923275 67.182274702936411 29.622415438294411 247.23202524799854 97.608923567924649 53.361451465636492 33280.436968936585 116.57386062294245 32.340794175863266 89.047145877033472 68.197587363421917 651.08304364420474 372.20983832329512 915.49457451328635 745.10496276430786
leaf_count=1134 14478 3759 5178 17765 583 34376 8887 845 486 490 1008 3200 4482 1168 2345 266 352 126 1957 1373 708 391358 757 194 877 547 4650 1776 7580 11932
internal_value=-3.13084e-06 4.9236e-05 -0.000280684 -0.0055055 0.0142672 -0.00794508 0.0033961 0.00529061 -0.00387732 0.00456156 0.00669122 0.00451516 0.00889838 -0.00186601 -0.00189645 0.0340304 0.00520531 -0.00679947 -0.0092299 0.0115736 -8.09231e-06 0.000305047 0.0181714 -0.00347299 0.0329393 0.0447738 -0.00345635 -0.010954 0.00037241 -0.00528374
internal_weight=42461.6 42384.5 38589.7 1903.97 203.789 1700.18 3794.84 3012.82 782.023 2937.08 2208.44 2056.41 1216.71 839.703 728.638 152.029 1006.66 537.825 508.202 190.813 36685.7 33640 359.521 148.915 210.606 157.245 3045.76 1023.29 2022.47 1106.98
internal_count=524637 510159 482040 56483 4342 52141 28119 18746 9373 17612 10966 10210 5842 4368 6646 756 4834 4428 4302 2218 425557 394441 3083 951 2132 1424 31116 6426 24690 17110
is_linear=0
shrinkage=0.04


Tree=107
num_leaves=31
num_cat=0
split_feature=11 8 10 9 3 9 6 8 10 9 6 10 8 11 12 8 11 8 3 9 9 12 11 7 11 2 10 8 10 7
split_gain=34.0633 38.7553 27.9278 28.6477 38.7648 32.9549 35.3628 28.75 37.049 31.8657 29.3843 31.1145 27.7677 26.3452 87.7088 77.0648 38.2914 61.0126 75.714 32.1601 28.6164 37.7917 36.6011 75.4647 36.4477 42.2551 35.3473 33.3015 61.0125 61.6793
threshold=0.3624663800001145 16.875000000000004 0.48030318319797521 73.625000000000014 19.844645500183109 73.125000000000014 75.043735504150405 18.125000000000004 -0.99630266427993763 73.375000000000014 1.3745272755622866 0.38738232851028448 19.625000000000004 0.34638161957263952 0.1959948614239693 18.125000000000004 0.18069575726985934 18.875000000000004 0.53944706916809093 76.375000000000014 76.625000000000014 53.471553802490241 0.14675828069448474 4.9678874015808114 0.061243016272783286 3.1589748859405522 0.40318277478218084 16.625000000000004 -0.74512827396392811 10.116318225860597
decision_type=2 2 2 2 2 2 2 2 2 2 2 2 2 2 2 2 2 2 2 2 2 2 2 2 2 2 2 2 2 2
left_child=2 -2 3 4 7 -6 -7 10 -9 12 -1 -12 -10 16 -15 -16 20 18 19 -18 26 22 24 -24 -22 -26 27 -5 29 -29
right_child=1 -3 -4 13 5 6 -8 8 9 -11 11 -13 -14 14 15 -17 17 -19 -20 -21 21 -23 23 -25 25 -27 -28 28 -30 -31
leaf_value=0.027464234187948341 0.030110155553279696 -0.019290288338880454 -0.015586863318562807 0.002777938694116442 -0.0080182230002284246 -0.0004235177201431453 0.015698485413125483 -0.015632406178608289 0.0081264945942840453 -0.0040458235268535101 0.0082028982599071116 -0.021354790003172249 -0.0020986239231253184 -0.023890007700030979 -0.01757081504016423 0.11151624538178831 0.030857379550844603 -0.021554955080331215 -0.019498986459016699 -0.01831071156011034 0.0012320419335748465 -0.0099203666827055257 -0.00051566713203455899 0.061793889491140237 -0.022042508554178816 0.015804232739530865 0.0097777575083246131 0.0024305609646716711 -0.0050098256108651856 -0.0090335531475407814
leaf_weight=114.82625112589449 19.443091122899204 230.4860301380977 171.08354403078556 2152.0720372442156 818.60925466567278 2036.793956165202 233.67264860868454 165.51400355249643 1705.9767071213573 713.5355968978256 1563.1290850266814 49.753116972744465 560.08918341528624 21.706188871990889 7.4399746814742711 12.613791177049277 119.04340210184455 329.03429131070152 108.89156209491193 18.59858029242605 17265.686803244054 495.94688698276877 85.927483499981463 38.595001952722669 199.41435947548598 53.081404173746705 423.24708301201463 4628.07944626268 7219.5416156500578 885.98079299274832
leaf_count=1166 1743 29880 6096 13608 3984 9894 1098 1592 10300 4355 8542 253 3546 2263 308 543 5047 20610 4425 1058 170644 3472 2224 584 6071 929 8550 73837 116946 11069
internal_value=-8.06876e-07 -0.0144367 8.80937e-05 0.000155596 0.00231418 -0.00118924 0.0012973 0.00453302 0.00224317 0.00328511 0.00866455 0.00716516 0.0056011 -0.000349454 0.0281667 0.0737136 -0.000392721 -0.0105331 0.00444393 0.0234234 -0.000215128 0.000859542 0.00116802 0.0219547 0.00100782 -0.0137871 -0.00148817 -0.00181485 -0.00259263 0.000575527
internal_weight=42447.8 249.929 42197.9 42026.8 7961.9 3089.08 2270.47 4872.82 3145.12 2979.6 1727.71 1612.88 2266.07 34064.9 41.76 20.0538 34023.1 575.568 246.534 137.642 33447.6 18138.7 17642.7 124.522 17518.2 252.496 15308.9 14885.7 12733.6 5514.06
internal_count=524637 31623 493014 486918 44730 14976 10992 29754 19793 18201 9961 8795 13846 442188 3114 851 439074 31140 10530 6105 407934 183924 180452 2808 177644 7000 224010 215460 201852 84906
is_linear=0
shrinkage=0.04


Tree=108
num_leaves=31
num_cat=0
split_feature=11 12 11 11 4 11 14 8 8 14 3 6 17 10 10 7 10 10 1 10 14 10 10 10 4 14 10 10 7 10
split_gain=32.746 26.9 46.4046 60.8784 41.1725 37.0618 70.2002 47.2107 34.5743 51.1299 32.673 43.8795 41.5955 48.0361 88.6939 96.3127 85.5857 122.384 71.4403 62.053 71.2722 58.2046 98.5271 92.9087 88.682 69.9619 52.1565 132.075 63.8045 68.0953
threshold=0.44118724763393408 0.23887918144464496 0.14675828069448474 0.12972188368439677 0.94218367338180553 0.34638161957263952 2.6432433128356938 18.375000000000004 16.875000000000004 1.4996229410171511 23.699583053588871 41.267499923706062 -6.7819166183471671 -0.98930078744888295 -0.96463498473167408 8.5113677978515643 -0.87395131587982167 -0.80987083911895741 38.733175277709968 -0.99697706103324879 11.528531551361086 -0.7785360813140868 -0.75648915767669667 -0.76762619614601124 6.3816606998443612 9.8086099624633807 -0.60639065504074086 -0.64659911394119252 1.3163743615150454 -0.69751432538032521
decision_type=2 2 2 2 2 2 2 2 2 2 2 2 2 2 2 2 2 2 2 2 2 2 2 2 2 2 2 2 2 2
left_child=1 2 3 -1 -5 10 7 -7 9 -4 12 -12 -3 19 15 -15 18 -18 -16 -14 -21 25 23 -23 -25 -19 27 28 29 -24
right_child=-2 5 8 4 -6 6 -8 -9 -10 -11 11 -13 13 14 16 -17 17 21 -20 20 -22 22 26 24 -26 -27 -28 -29 -30 -31
leaf_value=-0.0015006474567457468 -0.024953646306556464 0.0063323085850096232 0.071115706514838839 -0.0065016187278701832 0.065805520561625613 -0.0037601250911909927 -0.0092818325598813863 0.082849051414337543 -0.015473303525773512 -0.013948075115469241 -0.0043195298184201701 0.0033722380901539872 0.0024259466441583768 0.014087630026976324 -0.0086042237063907595 -0.0066001114308860192 0.010735007971138369 -0.001409385172736721 0.012361108704786204 -0.019684886457287283 0.0055281258409035083 -0.0029779338141012767 0.037297334231682647 0.04790209339708075 0.00033772566640281654 -0.027975210389400613 0.001000322192200912 -0.025818420947553964 -0.0035398183307866473 -0.0098675494790336268
leaf_weight=7331.4487102832645 73.978583594784141 2175.889849931933 9.3844526200555283 16.819826371967793 26.058460064232349 12.869048146996645 42.977698279544711 25.638259257655591 533.57205502036959 20.934240103233606 4340.4147572610527 1623.3467741832137 762.68038659356534 1497.6197572099045 2404.809833643958 466.41375755798072 1944.7524233534932 429.52732480689883 282.58916803635657 662.94148758426309 239.50637086853385 191.44155182689428 122.50237366557121 187.55809177458286 92.099030558019876 242.53401828184724 14602.836422527209 408.79860514588654 1586.5484480410814 72.18507007881999
leaf_count=135853 14478 16835 700 698 738 737 1942 1421 40881 882 30942 7361 11885 19249 29909 5060 15687 5093 1872 12437 2455 1902 1955 1387 723 1675 136324 5869 16240 1447
internal_value=-5.14056e-07 4.89478e-05 -0.00204854 -0.00119421 0.0415761 0.000533163 0.0259592 0.0590964 -0.0130056 0.0234895 0.000465284 -0.00222368 0.00103106 0.000588503 0.00103561 0.00916621 0.000324282 0.00123085 -0.00636199 -0.00596551 -0.0130062 0.000194932 0.000647356 0.0184953 0.0327902 -0.0112661 0.00013595 -0.00560591 -0.000848839 0.0201821
internal_weight=42430.7 42356.7 7938.22 7374.33 42.8783 34418.5 81.485 38.5073 563.891 30.3187 34337 5963.76 28373.2 26197.3 24532.2 1964.03 22568.2 19880.8 2687.4 1665.13 902.448 17936 17264 471.099 279.657 672.061 16792.9 2190.03 1781.24 194.687
internal_count=524637 510159 179752 137289 1436 330407 4100 2158 42463 1582 326307 38303 288004 271169 244392 24309 220083 188302 31781 26777 14892 172615 165847 4012 2110 6768 161835 25511 19642 3402
is_linear=0
shrinkage=0.04


Tree=109
num_leaves=31
num_cat=0
split_feature=11 10 9 9 3 9 8 10 13 10 7 13 17 13 6 10 13 10 10 8 7 9 0 11 4 10 8 10 9 10
split_gain=31.1762 26.3853 28.2953 25.8482 35.2692 31.9104 29.4872 28.5674 34.4907 34.2573 69.9197 47.4882 30.764 30.1723 28.3986 30.3064 27.8368 107.227 49.1941 35.683 54.4145 33.1252 47.4049 55.1969 56.5862 55.8011 41.4799 62.0823 45.1059 43.9361
threshold=0.44118724763393408 0.46514528989791876 75.875000000000014 73.625000000000014 14.15839719772339 73.125000000000014 19.625000000000004 -0.98664820194244374 1.0000000180025095e-35 -0.97312742471694935 18.458920478820804 2.0750923156738286 -11.216940402984617 22.689596176147464 75.043735504150405 -0.15207348018884656 0.029722134582698349 0.088045001029968276 0.19020386785268786 18.875000000000004 1.2137636542320254 75.875000000000014 3.2355918884277348 -0.39233249425888056 1.8622922897338869 -0.87395131587982167 19.875000000000004 0.30675521492958074 75.125000000000014 -0.81984052062034596
decision_type=2 2 2 2 2 2 2 2 2 2 2 2 2 2 2 2 2 2 2 2 2 2 2 2 2 2 2 2 2 2
left_child=1 3 -3 4 6 -6 7 8 -1 10 11 -9 -11 -10 -7 -16 17 -5 -19 20 -20 22 23 25 -25 -18 27 28 29 -27
right_child=-2 2 -4 16 5 14 -8 9 13 12 -12 -13 -14 -15 15 -17 21 18 19 -21 -22 -23 -24 24 -26 26 -28 -29 -30 -31
leaf_value=0.031836699245933998 -0.024613738423426637 -0.0016738984060880745 -0.026724564762677122 -0.010664842338827576 -0.0066766947504356853 0.0003130930118655994 -0.00417252494763516 -0.0085280360339183812 -0.011309703477260126 0.024794864004774864 -0.024828545723126233 0.044969560999548616 0.0053309836040218387 0.015183056352014732 0.021688194434710786 -0.010548286134885922 -0.025639229108071301 0.041843759794428802 0.040387896347944069 -0.0019514252641745526 -0.018127778098157247 0.00087130005760804353 0.00078251056086718065 0.0077921192974413789 -0.0067321668505262488 0.005245047271340262 0.0020458328070583477 0.0064012124603262353 -0.002069497746578137 -0.01589920906813715
leaf_weight=31.21711302921176 72.175013398751616 182.62101783044636 110.84243916906416 1374.5552112483419 1009.6365804499947 2503.8950499817729 518.35411307215691 29.633228503167629 357.66181473061442 127.1014228798449 31.627824127674103 122.3790904674679 2907.5535707115196 75.490650355815887 189.07528126239777 54.248924493789673 231.47245804220438 63.08644950017333 77.994758348912001 276.81645000167191 28.993831757456064 20894.497422789223 5665.4855681504123 991.45322569226846 741.40955147147179 169.66846524551511 842.71312108263373 404.77745008096099 744.62431883998215 1586.7951683215797
leaf_count=278 14478 4500 5025 54514 5008 12399 3635 414 3317 580 222 940 17621 429 916 231 4543 1276 1780 8809 616 222790 55891 21664 13560 2468 13728 5704 16292 31009
internal_value=1.72373e-07 4.79262e-05 -0.0117045 0.000132704 0.00218389 -0.000632053 0.00469763 0.00595407 -0.00326311 0.00729001 0.0236598 0.0346581 0.00622496 -0.00645407 0.00160559 0.0143684 -0.000346558 -0.00514375 0.0116999 0.00580833 0.0243361 -7.43006e-05 -0.00180998 -0.00437781 0.0015749 -0.006967 -0.00574885 -0.00800861 -0.0103569 -0.0138386
internal_weight=42417.9 42345.7 293.463 42052.2 7957.87 3756.86 4201.02 3682.66 464.37 3218.3 183.64 152.012 3034.65 433.152 2747.22 243.324 34094.3 1821.45 446.891 383.805 106.989 32272.9 11378.4 5712.91 1732.86 3980.05 3748.58 2905.87 2501.09 1756.46
internal_count=524637 510159 9525 500634 45990 18554 27436 23801 4024 19777 1576 1354 18201 3746 13546 1147 454644 66995 12481 11205 2396 387649 164859 108968 35224 73744 69201 55473 49769 33477
is_linear=0
shrinkage=0.04


Tree=110
num_leaves=31
num_cat=0
split_feature=11 14 3 10 12 10 4 11 10 3 17 4 8 8 9 8 9 10 7 8 10 10 14 17 0 10 14 10 9 10
split_gain=29.7823 47.4463 51.8972 65.0469 72.3616 47.201 59.0859 44.0171 72.4084 57.7856 53.1997 74.6534 85.5353 47.8736 42.0909 41.4696 41.0664 40.4315 81.1966 54.5586 50.1885 117.796 99.0332 80.9902 97.9121 57.6133 204.015 123.281 87.3804 81.2608
threshold=0.078402601182460799 0.031798735260963447 1.6041122674942019 -0.98803845047950734 0.31813213229179388 -0.98214942216873158 5.4917194843292245 0.0096758542931638675 -0.99166062474250782 1.0259720683097842 -5.9752297401428214 0.17846398800611499 19.875000000000004 17.625000000000004 73.875000000000014 17.375000000000004 74.875000000000014 -0.96463498473167408 6.3782410621643075 18.375000000000004 -0.92599865794181813 -0.9193688929080962 0.1763095632195473 -1.7096902728080747 2.6522836685180669 -0.87395131587982167 18.389338493347172 -0.81984052062034596 75.625000000000014 -0.76762619614601124
decision_type=2 2 2 2 2 2 2 2 2 2 2 2 2 2 2 2 2 2 2 2 2 2 2 2 2 2 2 2 2 2
left_child=7 -2 3 14 -5 6 -4 8 10 -9 11 12 16 -12 -3 -13 -1 18 19 -10 22 23 -19 24 -22 26 28 -27 -23 -29
right_child=1 2 5 4 -6 -7 -8 9 17 -11 13 15 -14 -15 -16 -17 -18 20 -20 -21 21 25 -24 -25 -26 27 -28 29 -30 -31
leaf_value=0.0056237862086207704 -0.022650422378720069 0.011121658309676728 -0.013999530939780624 -0.0059425264901868538 0.018486260411734384 -0.023578323248565864 0.024738357309245066 0.00026275767486317768 -0.0024307255685210218 0.01986469348655151 0.0024585433966328139 0.024767212731501131 -0.015556341348613141 -0.017480978787500955 -0.019777767009201714 -0.020182379380884928 0.067861506084319054 0.037760095377803393 -0.0027317015643280877 0.015770515358721444 0.062986279397308761 -0.027556316834103291 -0.0079208052265722206 0.0030698434633463505 0.0033484604848435929 0.0091548326398638736 0.015458884860838079 -0.0088011016475109949 -0.0069248243262526252 0.00032451478629683513
leaf_weight=25.605820558965206 204.0387696926482 87.929976008832455 164.97333917021751 320.70530495466664 466.57079718448222 285.84007828263566 88.442861467599869 567.67393718659878 342.45930163562298 408.0140547528863 245.97341171652079 32.915356110781431 41.460150035098195 842.564023909159 261.66050329431891 140.28047068230808 54.739320233464241 69.23080194927752 1156.0115413442254 1098.6437105555087 109.99152620509267 492.76664714515209 1924.6807900816202 175.0823035556823 71.450724605470896 2435.3041222970933 495.99841715395451 1646.4289984051138 976.32705023698509 27167.179253191687
leaf_count=234 26131 1069 3045 22085 14747 14425 1296 8884 4206 4832 3360 275 954 19639 7118 2423 547 1324 11483 11743 1028 7141 22679 1936 465 20574 2679 17145 10754 280416
internal_value=1.52251e-08 -0.00490784 -0.00262647 0.00223312 0.00858522 -0.0127256 -5.4021e-05 0.000228894 2.0775e-05 0.00857828 -0.00893512 0.00597667 0.0287774 -0.0129939 -0.0119127 -0.0107542 0.0508444 0.000347725 0.00515587 0.0114583 -4.74385e-06 0.000362225 -0.0061542 0.0229145 0.040903 0.000113321 -0.00651229 0.000531923 -0.0139846 -0.000199802
internal_weight=42400.9 1880.16 1676.12 1136.87 787.276 539.256 253.416 40520.8 39545.1 975.688 1383.54 295.001 121.805 1088.54 349.59 173.196 80.3451 38161.6 2597.11 1441.1 35564.4 33570.5 1993.91 356.525 181.442 33214 1965.09 31248.9 1469.09 28813.6
internal_count=524637 89916 63785 45019 36832 18766 4341 434721 421005 13716 27432 4433 1735 22999 8187 2698 781 393573 27432 15949 366141 342138 24003 3429 1493 338709 20574 318135 17895 297561
is_linear=0
shrinkage=0.04


Tree=111
num_leaves=31
num_cat=0
split_feature=11 8 10 10 10 9 17 11 11 8 11 10 3 14 4 13 10 7 10 3 8 10 4 3 10 9 13 7 9 13
split_gain=29.0837 25.3077 30.6315 29.9882 40.3013 42.1824 38.2038 29.0463 29.0169 81.7386 58.2096 70.698 57.5973 56.1533 89.5228 108.725 42.6822 79.04 60.5529 72.7841 66.8461 59.271 37.4432 34.932 34.655 60.0242 34.4034 32.8202 50.603 38.4013
threshold=0.44118724763393408 16.875000000000004 0.46514528989791876 -0.60639065504074086 -0.99940761923789967 73.875000000000014 8.3741865158081072 0.19758678972721103 -0.12758953124284741 20.875000000000004 0.0096758542931638675 -0.99630266427993763 7.070176601409913 4.9706835746765146 0.10700470209121705 15.782788753509523 -0.96463498473167408 4.6389529705047616 -0.9769422411918639 1.9766763448715212 20.375000000000004 -0.98370367288589466 0.86417174339294445 32.684078216552741 -0.99697706103324879 75.125000000000014 1.0000000180025095e-35 17.993142127990726 73.625000000000014 1.4268429875373843
decision_type=2 2 2 2 2 2 2 2 2 2 2 2 2 2 2 2 2 2 2 2 2 2 2 2 2 2 2 2 2 2
left_child=1 3 8 4 -1 -6 7 -7 16 10 13 12 -12 -10 15 24 17 18 19 20 26 22 -22 -14 -15 -26 -3 28 -19 -29
right_child=-2 2 -4 -5 5 6 -8 -9 9 -11 11 -13 23 14 -16 -17 -18 27 -20 -21 21 -23 -24 -25 25 -27 -28 29 -30 -31
leaf_value=0.025732241286044791 -0.024133318948028566 0.030040737378820914 -0.013767395854195279 0.006234152442320613 0.0031400245606807986 -0.0151916638683841 0.021765360035698508 0.019148023510835561 -0.020031020380149957 -0.01848092767427633 0.0055818808417710461 -0.0028246663866903061 0.040002167034979011 0.0089025809742245363 -0.013886850907971544 -0.022998125145271664 -0.00019220237153643989 0.020880936934567745 0.022409589285252315 0.031922451173665933 0.053266618050802669 -0.012182741656337173 -0.0064149032426506413 0.0021486895740804764 -0.0045194431743837337 0.059615787590292763 -0.019546709744273034 0.025762491247750322 -0.0019311194964192065 -0.020589322345394959
leaf_weight=75.960941791534424 69.747146340087056 15.609724363312123 256.83013504743576 2163.5847302414477 908.9998819436878 563.02030497789383 46.330489272251725 33.940935404039919 419.14510822575539 494.9460260476917 586.52604050375521 1406.5632146233693 143.24022236652672 76.399045486934483 369.03974151331931 74.136821836233139 32099.297399487346 175.10501329600811 556.7280952334404 101.53621241822839 56.782666634768248 56.281011873856187 19.831594597548246 53.909006530418992 28.991715956479311 86.932416284456849 255.56039324402809 24.38454032689333 967.79682780429721 200.70795601978898
leaf_count=756 14478 301 9000 12999 6156 6300 313 1595 11415 19278 8693 58806 1564 1805 5846 894 336960 1068 4845 1284 640 736 272 435 323 1101 3675 238 11206 1655
internal_value=8.05631e-08 4.55484e-05 -0.000261635 0.00315911 -0.000940054 -0.00240161 -0.0101604 -0.0129559 -0.000167423 -0.00350933 -0.00117594 0.00254322 0.0120918 -0.00885104 -0.00128118 0.0160481 0.000195443 0.0052952 0.0134265 0.00329217 -0.00449944 0.0179043 0.038861 0.0302548 0.0314925 0.0444909 -0.0157253 -0.00107082 0.00171474 -0.0146857
internal_weight=42387.9 42318.1 38526.3 3791.84 1628.25 1552.29 643.292 596.961 38269.5 3739.83 3244.88 2190.24 783.675 1054.64 635.5 266.46 34529.6 2430.32 1062.33 505.602 404.065 132.895 76.6143 197.149 192.323 115.924 271.17 1367.99 1142.9 225.092
internal_count=524637 510159 482040 28119 15120 14364 8208 7895 473040 110160 90882 69498 10692 21384 9969 4123 362880 25920 11753 6908 5624 1648 912 1999 3229 1424 3976 14167 12274 1893
is_linear=0
shrinkage=0.04


Tree=112
num_leaves=31
num_cat=0
split_feature=11 2 10 13 11 10 3 9 8 11 10 10 12 11 11 4 10 10 11 11 11 11 8 13 8 9 3 10 14 3
split_gain=27.68 24.7395 33.6642 26.204 23.4611 23.2147 22.4876 45.3642 50.6139 50.1214 50.0421 68.1604 46.031 77.0281 75.7303 84.0646 73.2552 66.3405 54.479 50.0404 93.3808 72.4862 52.7415 51.5495 50.6007 49.613 45.5862 39.8625 49.2972 45.6691
threshold=0.44118724763393408 87.03363418579103 0.05372969992458821 63.934797286987312 -0.31186713278293604 0.48030318319797521 19.451147079467777 74.125000000000014 17.875000000000004 -0.076258823275566087 -0.56456753611564625 -0.25309335440397257 1.0000000180025095e-35 -0.11051030829548834 0.34638161957263952 0.22557676583528521 -0.9193688929080962 -0.87395131587982167 0.21441935747861865 0.14675828069448474 0.078402601182460799 0.044065307825803764 20.875000000000004 4.5788781642913827 19.125000000000004 77.875000000000014 2.6225813627243046 0.40318277478218084 7.4014821052551278 0.32832483947277075
decision_type=2 2 2 2 2 2 2 2 2 2 2 2 2 2 2 2 2 2 2 2 2 2 2 2 2 2 2 2 2 2
left_child=1 5 4 -4 -3 6 7 10 9 27 -1 26 13 16 18 -16 -10 -18 19 20 21 -14 23 24 -23 -21 -12 28 -9 -30
right_child=-2 2 3 -5 -6 -7 -8 8 12 -11 11 -13 14 -15 15 -17 17 -19 -20 25 -22 22 -24 -25 -26 -27 -28 -29 29 -31
leaf_value=-0.00015816223609323136 -0.023790099933824273 0.011444242930139466 0.0033049986054189424 -0.033835791567312944 -0.013891854530291804 -0.014636534074522268 -0.0020308014453920505 -0.01359792462601259 0.011604594820719363 0.0080864319476270392 0.030887325644106782 0.0031756041433913481 0.00081378639341764389 -0.014726538359105357 0.0010153931232645074 0.094201174305725832 -0.033171372087520364 -0.0024887096451708651 -0.024311829961731774 0.0314895867372494 -0.025919153842148927 0.011757841902280053 -0.022752379949200284 -0.014356472037017625 0.071994373503061898 -0.0066543571638834403 0.010392103571290867 0.016168013813735446 0.017057782575011695 -0.0065359982187452393
leaf_weight=3868.5911362664774 68.10104582644999 729.1394589394331 65.110856909304857 44.504303053021431 55.145819209516048 164.98530941829085 7408.5103735569865 1378.3821710366756 590.14489096961915 347.19400782883167 223.1961992867291 2948.4867144133896 19145.910862036981 812.40626201359555 33.269555871374905 19.347621702589095 109.13102449290454 2158.5162787977606 127.37387055112049 154.6745961131528 197.97376850713044 40.569883540272713 19.88830665871501 19.610571596771479 56.167664371430874 77.068836914375424 763.03421809896827 94.115128939971328 168.86583101563156 483.25351061299443
leaf_count=39163 14478 3720 322 192 458 6096 54957 29480 8788 9942 1895 20235 210243 44969 2071 914 2283 44627 6321 3011 5190 486 243 246 578 1492 4167 1695 1701 4674
internal_value=9.8671e-07 4.48983e-05 0.00659137 -0.0133424 0.00951031 -9.79726e-05 -3.62837e-05 0.000400879 -0.000401215 -0.00583453 0.00307396 0.00624411 0.000171009 -0.00393873 0.000930884 0.0448522 -0.000831339 -0.00410448 0.00079186 0.000966319 0.000741477 0.0010285 0.0290841 0.0390444 0.0502006 0.0190539 0.0152939 -0.00813665 -0.0093369 -0.000261055
internal_weight=42372.7 42304.6 893.9 109.615 784.285 41410.7 41245.7 33837.2 26033.9 2471.81 7803.31 3934.72 23562.1 3670.2 19891.9 52.6172 2857.79 2267.65 19839.2 19711.9 19480.1 19282.1 136.236 116.348 96.7375 231.743 986.23 2124.62 2030.5 652.119
internal_count=524637 510159 4692 514 4178 505467 499371 444414 378954 47492 65460 26297 331462 100667 230795 2985 55698 46910 227810 221489 216986 211796 1553 1310 1064 4503 6062 37550 35855 6375
is_linear=0
shrinkage=0.04


Tree=113
num_leaves=31
num_cat=0
split_feature=11 5 10 11 11 7 4 10 10 14 4 17 10 14 18 16 10 14 4 3 14 9 10 10 4 13 9 10 10 10
split_gain=26.3379 23.5908 27.537 25.6605 54.7899 48.3251 48.2107 72.8694 47.5654 90.0467 76.0019 65.1197 64.5581 130.695 49.6111 44.2196 43.1814 41.0292 39.6607 43.1967 41.7676 51.3359 81.9457 39.6173 39.2484 62.7998 59.1443 108.352 122.766 64.2103
threshold=0.44118724763393408 93.946643829345717 0.05372969992458821 -0.92602273821830738 -0.93845868110656727 0.2800325751304627 11.376863956451418 0.1732888147234917 -0.47652685642242426 8.9462265968322772 8.2497897148132342 1.5441477894783022 -0.50648479163646687 8.0821595191955584 19.303935050964359 -14.247051715850828 -0.44600489735603327 0.0044701735023409137 16.155911445617679 0.53944706916809093 9.2932071685791033 78.625000000000014 -0.36747109889984125 -0.49157854914665217 0.10700470209121705 0.23831857740879062 78.375000000000014 -0.60639065504074086 -0.81984052062034596 -0.78921556472778309
decision_type=2 2 2 2 2 2 2 2 2 2 2 2 2 2 2 2 2 2 2 2 2 2 2 2 2 2 2 2 2 2
left_child=1 3 -3 4 6 -6 -1 -8 12 10 16 -11 17 -14 -12 -15 -10 -5 20 -20 -7 -22 -23 -17 25 -19 -26 28 -28 -30
right_child=-2 2 -4 8 5 18 7 -9 9 11 14 -13 13 15 -16 23 -18 24 19 -21 21 22 -24 -25 26 -27 27 -29 29 -31
leaf_value=-0.00074509578636927133 -0.023445862152809131 0.014897480802161698 -0.015204248024745456 -0.018505743391055453 -0.014290162344668587 0.0077506435689927771 0.0061721722492028832 -0.024607977058651986 -0.022150419763728686 -0.020229391133513519 0.0095662168374553973 -0.0033399521516028802 -0.016717412738587772 0.042831633153611409 0.050402466413533922 0.024739842574421664 -0.00085208587406470141 -0.008486849186284626 0.030967898769169978 -0.011911005597510861 0.033725630871974215 -0.029269698351737733 0.027375499175666 0.0018836376484279388 -0.0028596478994235962 0.0039248699970844125 0.0061499948250224694 0.018787093008778795 -0.029072884728812844 -0.0055077041075831624
leaf_weight=11464.535263611004 66.515999826602638 296.72113994508982 49.398943364620209 191.28673908207566 129.458087394014 767.6696466486901 2938.2220335267484 118.69766925089061 155.73222872242332 806.29730560258031 191.86142420768738 669.50952642038465 195.29957021586597 106.38950615376234 56.486052334308624 266.26221768185496 1892.8525941614062 735.37807725649327 35.968152698129416 199.30001759156585 267.23575697094202 59.601948514580727 89.275221437215805 219.53132561966777 11463.522164760623 5234.2056508390233 1944.3864159388468 572.84266409650445 222.05565098300576 949.33494094572961
leaf_count=118706 14478 1426 207 18113 2490 7510 20060 1105 2659 5221 2202 4135 3309 558 430 1574 35773 24571 220 1187 1520 291 406 1389 142601 75759 22915 4038 1802 7982
internal_value=8.51063e-07 4.3264e-05 0.010295 -4.37682e-05 0.00121119 0.00833846 0.000445951 0.00490066 -0.000823394 -0.00496811 -4.47394e-06 -0.0126414 -0.00011393 0.0110599 0.0204458 0.0203463 -0.00257091 -0.00053178 0.0104884 -0.00436027 0.0134513 0.0235394 0.00428306 0.0146574 -0.000360321 0.00238427 -0.00144248 0.00295762 -3.45317e-06 -0.0101831
internal_weight=42355.8 42289.3 346.12 41943.2 16070 1548.51 14521.5 3056.92 25873.2 3772.74 2296.93 1475.81 22100.5 787.483 248.347 592.183 2048.58 21313 1419.05 235.268 1183.78 416.113 148.877 485.794 21121.7 5969.58 15152.1 3688.62 3115.78 1171.39
internal_count=524637 510159 1633 508526 153495 13624 139871 21165 355031 50420 41064 9356 304611 6830 2632 3521 38432 297781 11134 1407 9727 2217 697 2963 279668 100330 179338 36737 32699 9784
is_linear=0
shrinkage=0.04


Tree=114
num_leaves=31
num_cat=0
split_feature=11 8 3 10 10 13 10 11 10 12 0 10 12 10 17 10 11 8 11 10 14 4 13 3 10 14 3 7 3 10
split_gain=25.0567 23.8152 28.8119 42.4633 76.1456 41.013 46.0092 40.46 35.2745 34.7439 30.0644 27.8289 60.9544 27.4885 26.6718 34.7578 24.7167 75.6839 54.9358 62.8515 53.1157 81.5769 99.4349 53.0882 38.9035 74.9815 55.5081 44.4287 53.1005 63.3485
threshold=0.44118724763393408 16.875000000000004 0.71318268775939953 -0.86546283960342396 -0.80987083911895741 48.299516677856452 -0.96463498473167408 0.19758678972721103 -0.68508586287498463 16.546585083007816 1.9062181115150454 0.1393099054694176 9.8725452423095721 0.46514528989791876 11.273038387298586 0.07089784182608129 -0.12758953124284741 20.875000000000004 0.0096758542931638675 -0.99630266427993763 4.9706835746765146 0.10700470209121705 15.782788753509523 1.8934368491172793 -0.96463498473167408 0.58279448747634899 1.0000000180025095e-35 17.993142127990726 0.10727479308843614 -0.96902456879615773
decision_type=2 2 2 2 2 2 2 2 2 2 2 2 2 2 2 2 2 2 2 2 2 2 2 2 2 2 2 2 2 2
left_child=1 2 7 5 -5 6 -4 -1 9 -6 -10 14 -13 16 15 -12 24 18 20 23 -18 22 -22 -20 25 26 -3 28 29 -27
right_child=-2 13 3 4 8 -7 -8 -9 10 -11 11 12 -14 -15 -16 -17 17 -19 19 -21 21 -23 -24 -25 -26 27 -28 -29 -30 -31
leaf_value=0.0074926929952678755 -0.023100807045181981 0.030155668843086184 0.00024391289304196532 0.028969430399473268 -0.021239441166517162 0.030571539763338446 -0.02071985901279157 0.045367853958850984 -0.012541862680250513 0.0079848458761278308 0.0027701974727418577 0.02956712222786409 -0.015797181106412244 -0.013178994526176839 0.018202605631401688 0.028908438410593745 -0.019553049259035359 -0.017866586115979369 0.0032057117718280971 -0.0025341324814077077 0.029569874380828389 -0.013405005069523076 -0.022591655422359393 0.02440641158206407 -0.00020519635935360654 -0.0088936480868666654 -0.013655871098103052 -0.014228329959275927 0.0096623415752922388 0.022233122731024652
leaf_weight=711.4911699667573 64.989633839111775 263.07113909721375 354.74093687906861 169.05305645242333 179.94278495013714 33.549016982316971 306.96650553215295 38.926011043600738 156.17575546167791 92.457253769040108 1113.260225834325 50.313804488629103 215.50151519849896 251.5926038371399 285.93886538594961 78.133347682654858 410.78837690409273 482.79626860562712 488.29157517664135 1395.9879690515809 196.89913588296622 364.13475346565247 73.099735984578729 302.07248824462295 32083.877714931034 640.11800008267164 49.629061073064804 222.82671538740396 1149.9488418139517 114.89910849183798
leaf_count=7039 14478 2824 3575 912 1352 144 2937 1549 1578 450 5624 282 1002 9000 1310 365 11415 19278 7390 58806 3229 5846 894 3302 336960 7315 563 1893 12402 923
internal_value=5.08622e-07 4.14757e-05 0.00306404 0.00131544 0.00389406 -0.0072983 -0.00964488 0.0100282 0.00181829 -0.0113887 0.00376216 0.00528611 -0.00644991 -0.000256587 0.00742693 0.00471074 -0.00016814 -0.00326416 -0.00103397 0.0025729 -0.00853367 -0.00120263 0.0151451 0.0115122 0.000165773 0.00502365 0.0229946 0.00228744 0.00428352 -0.00392805
internal_weight=42341.5 42276.5 3786.45 3036.03 2340.78 695.256 661.707 750.417 2171.72 272.4 1899.32 1743.15 265.815 38490 1477.33 1191.39 38238.4 3714.07 3231.27 2186.35 1044.92 634.134 269.999 790.364 34524.4 2440.49 312.7 2127.79 1904.97 755.017
internal_count=524637 510159 28119 19531 12875 6656 6512 8588 11963 1802 10161 8583 1284 482040 7299 5989 473040 110160 90882 69498 21384 9969 4123 10692 362880 25920 3387 22533 20640 8238
is_linear=0
shrinkage=0.04


Tree=115
num_leaves=31
num_cat=0
split_feature=1 11 10 10 10 9 7 11 10 3 8 15 3 18 16 15 10 8 4 3 10 8 9 8 10 14 10 10 10 10
split_gain=24.4205 42.5727 33.9681 46.001 105.101 72.3328 71.0622 57.7635 50.7264 87.6068 54.8616 70.0788 45.3874 48.7705 40.3168 37.6465 48.4067 53.1454 49.021 37.9049 33.9023 38.2012 42.9759 39.5321 33.5438 43.8188 38.2674 33.3462 33.7304 118.841
threshold=0.65836161375045787 0.31390938162803655 -0.99963879585266102 -0.98046803474426258 -0.97312742471694935 76.875000000000014 18.458920478820804 -0.21231865882873532 -0.93545487523078907 0.42638872563838964 19.875000000000004 1.0000000180025095e-35 0.88971778750419628 52.410787582397468 -58.940587997436516 1.0000000180025095e-35 -0.92274349927902211 18.625000000000004 0.12344276905059816 12.51370143890381 0.37146723270416265 17.625000000000004 74.125000000000014 16.125000000000004 -0.90529522299766529 18.389338493347172 -0.9193688929080962 -0.99985146522521962 -0.9193688929080962 -0.88218119740486134
decision_type=2 2 2 2 2 2 2 2 2 2 2 2 2 2 2 2 2 2 2 2 2 2 2 2 2 2 2 2 2 2
left_child=1 27 12 -4 5 6 -5 -7 9 10 11 -6 -2 -14 -11 16 17 -10 -19 20 21 22 -17 -24 25 -21 -27 -1 -29 -30
right_child=2 -3 3 4 8 7 -8 -9 15 14 -12 -13 13 -15 -16 19 -18 18 -20 24 -22 -23 23 -25 -26 26 -28 28 29 -31
leaf_value=-0.019648405628335818 -0.0061226673236235638 -0.016605725242884662 -0.0050932501756201917 0.037787492989707044 0.027965152696557142 0.024649939204157909 -0.016876516737069101 -0.024380720518993707 -0.012119147294071609 0.022838208299121504 -0.011786699372640923 -0.0060228705452854423 0.043558486799327528 -0.021047741684812701 -0.015804960195848365 0.014620618830241267 -0.00092463444585129753 -0.0023203247107313834 0.043078500186579875 -0.016410998985321876 -0.015764808653932511 0.0034350094131662618 0.016796924079728201 -0.011676039875928728 -0.00068528307782041587 0.0028165355250937408 0.041798972825726026 0.002270026122100421 -0.023150163868983911 -0.0011542954652255051
leaf_weight=141.98316208925098 75.677666089497507 275.61984657403082 2097.2880745185539 268.39932908955961 228.59437848068774 56.86931836605072 38.216968663036823 80.758105354383588 64.776075854897499 36.841192327439785 183.33352599106729 158.55885051563382 92.413433384150267 16.533970832824707 880.56710688676685 1073.5792628373019 10800.285912210587 54.202947064302862 110.41485124826431 45.742347462102771 120.07592906057835 5796.0078773437999 109.21542154531926 216.1428487226367 4804.5051056612283 72.291301570832729 85.630846530199051 4063.9640627745539 399.3645649664104 9881.081438165158
leaf_count=4678 1581 36569 28480 2993 3595 519 277 1351 1084 308 2648 1783 1366 122 10639 5697 110744 838 1231 404 990 41766 607 2426 25156 348 420 81348 6448 148221
internal_value=7.9135e-07 -0.00131162 0.000703804 0.000585231 0.00105807 0.0201254 0.0306563 -0.0038233 0.000709109 -0.00642719 0.00581987 0.0142442 0.017356 0.0328086 -0.0140236 0.00116634 -0.000531126 0.0172607 0.0288534 0.00268484 0.00451844 0.00487836 0.0107915 -0.00190244 2.98137e-06 0.0155115 0.0251846 -0.00100938 -0.000811324 -0.00203044
internal_weight=42328.9 14762 27566.9 27382.3 25285 444.244 306.616 137.627 24840.8 1487.9 570.487 387.153 184.625 108.947 917.408 23352.9 11029.7 229.394 164.618 12323.2 7315.02 7194.95 1398.94 325.358 5008.17 203.664 157.922 14486.4 14344.4 10280.4
internal_count=524637 277264 247373 244304 215824 5140 3270 1870 210684 18973 8026 5378 3069 1488 10947 191711 113897 3153 2069 77814 51486 50496 8730 3033 26328 1172 768 240695 236017 154669
is_linear=0
shrinkage=0.04


Tree=116
num_leaves=31
num_cat=0
split_feature=11 6 3 11 11 12 7 10 13 4 5 17 10 10 10 8 10 13 10 9 12 11 14 11 3 2 11 9 10 10
split_gain=23.111 21.9261 31.8096 35.8327 104.644 188.556 36.8808 33.5453 42.8641 51.6651 32.63 31.6522 55.8621 63.1955 46.8067 66.5307 100.044 52.7949 38.4377 30.9771 29.9168 34.9494 102.647 47.1875 32.6087 30.445 29.8032 29.6094 60.4981 29.173
threshold=0.44118724763393408 41.267499923706062 23.699583053588871 -0.99761277437210072 -0.98932650685310353 0.23887918144464496 10.957198619842531 -0.11798679083585738 3.8457665443420415 12.388100147247316 25.770649909973148 -8.0237441062927228 1.0000000180025095e-35 -0.049434980377554887 -0.47652685642242426 20.125000000000004 -0.50648479163646687 4.1274633407592782 -0.36747109889984125 74.625000000000014 0.96211433410644542 0.14675828069448474 2.3109126091003422 0.12972188368439677 0.10727479308843614 1.0000000180025095e-35 -0.09339838474988936 77.625000000000014 -0.98214942216873158 -0.98664820194244374
decision_type=2 2 2 2 2 2 2 2 2 2 2 2 2 2 2 2 2 2 2 2 2 2 2 2 2 2 2 2 2 2
left_child=1 2 11 10 5 6 -5 -7 -9 -10 -4 12 13 14 15 16 29 -17 -16 -14 -13 23 25 -22 -24 27 -3 28 -23 -1
right_child=-2 26 3 4 -6 7 -8 8 9 -11 -12 20 19 -15 18 17 -18 -19 -20 -21 21 22 24 -25 -26 -27 -28 -29 -30 -31
leaf_value=0.028214316259779819 -0.022542243557907727 0.0044379392399238968 -0.021810842324934111 0.023243448784248059 -0.0042423077956316776 0.028452823127047278 0.099837949301664508 0.026996225666081095 -0.02180536201347321 0.016431212298682902 0.012321773043731126 -0.001870330483148092 0.0028916527285291148 0.044580264635416943 -0.022445995546216953 -0.013753228714673969 0.068732614701104144 0.013070285881972794 0.0025739055720080924 -0.023593030844184532 0.00062343422179925699 0.10190683422087743 0.011166040971256593 -0.026983210949936175 -0.012128506863799489 0.0050721531739761185 -0.0246825430908863 0.0065437744837639989 0.028078716787936237 0.0086116973339467901
leaf_weight=151.79232973791659 62.640268486225978 2339.6319106370211 256.67561174184084 22.76980335265398 4134.3157042255625 66.222341239452362 35.304201006889343 57.25737551599741 156.83453680202365 76.770732920616865 47.08708631247282 10121.71046736557 127.04362190514803 61.68175532668829 127.17745099961758 253.28303687088192 46.942616559565067 202.03711336478591 340.22685115784407 143.86523465439677 22273.906659688801 24.780718524008989 178.73488959483802 89.510544829070568 186.03742078039795 37.974764845333993 47.784843683242798 25.553536340594292 60.801767620723695 557.58001417573541
leaf_count=1544 14478 10669 2011 244 33374 336 268 447 928 358 211 217222 697 395 927 3065 304 1701 2308 1506 210970 302 4356 1684 4837 1105 286 747 2297 5060
internal_value=5.51143e-07 3.92984e-05 -0.000184092 -0.00321543 -0.00230825 0.0165986 0.0776326 0.00482803 -0.00131769 -0.00908083 -0.0162958 0.000236916 0.00509539 0.00773102 0.00612139 0.010246 0.0174426 -0.00182585 -0.0045614 -0.0115121 -6.07115e-05 0.000740394 0.0109532 0.000500926 -0.000721024 0.0377624 0.00375456 0.0475917 0.0578811 0.0131402
internal_weight=42313.9 42251.3 39863.9 4853.24 4549.47 415.159 58.074 357.085 290.863 233.605 303.763 35010.6 2011.63 1740.72 1679.04 1211.64 756.315 455.32 467.404 270.909 32999 22877.3 513.883 22363.4 364.772 149.111 2387.42 111.136 85.5825 709.372
internal_count=524637 510159 499204 38177 35955 2581 512 2069 1733 1286 2222 461027 17507 15304 14909 11674 6908 4766 3235 2203 443520 226298 13644 212654 9193 4451 10955 3346 2599 6604
is_linear=0
shrinkage=0.04


Tree=117
num_leaves=31
num_cat=0
split_feature=7 11 10 8 9 9 10 10 10 10 9 10 10 10 10 13 10 10 10 8 14 7 14 4 9 13 12 18 7 10
split_gain=22.3296 47.3055 86.0496 45.3821 40.9195 26.0342 20.4368 43.422 20.4245 151.97 69.7889 68.1488 63.488 79.5501 82.0456 115.415 97.7166 93.0918 80.4317 123.32 73.2482 72.1762 68.5738 63.4127 63.3445 61.972 123.382 59.3815 58.476 70.0931
threshold=0.2800325751304627 -0.96687281131744374 0.20706263184547427 19.375000000000004 76.125000000000014 75.875000000000014 -0.13505011796951291 -0.049434980377554887 -0.59262362122535694 -0.64659911394119252 74.125000000000014 -0.60639065504074086 -0.67245468497276295 -0.74512827396392811 -0.76762619614601124 19.475504875183109 -0.7996615171432494 -0.84828248620033253 -0.81984052062034596 19.875000000000004 25.151764869689945 3.3687882423400883 0.72936099767684948 7.8374173641204843 77.125000000000014 2.6166774034500127 8.1117463111877459 2.711960077285767 1.282295882701874 -0.68508586287498463
decision_type=2 2 2 2 2 2 2 2 2 2 2 2 2 2 2 2 2 2 2 2 2 2 2 2 2 2 2 2 2 2
left_child=1 2 6 5 -4 -3 -1 -8 9 12 -11 -12 13 14 16 21 17 -2 -19 -20 27 25 -18 -14 -23 -16 -27 -15 -29 -30
right_child=8 3 4 -5 -6 -7 7 -9 -10 10 11 -13 23 20 15 -17 22 18 19 -21 -22 24 -24 -25 -26 26 -28 28 29 -31
leaf_value=-0.023976428745744398 -0.00057136673331490144 0.0049895070919447051 0.00070439209874245592 -0.011923989288270341 0.069725109330798063 -0.01242357968543803 0.034570562083829845 -0.013656097426274523 0.0010457860713804913 -0.001650726638503325 -0.031169475650004483 -0.0031623910884140002 0.0238905595379875 -0.020471689184013243 0.0081903799465508891 0.049739643531994268 0.026264756011190205 0.015136192900523435 0.011618996997283016 -0.022178854522259421 -0.036130753189015222 -0.01778156008677861 -0.015834693948719395 -0.0018989872378250181 0.01286755271061174 0.081755325278813074 -0.018514300611225162 0.036378334174298151 -0.0079377456141081822 0.018326643740942197
leaf_weight=42.525633407756686 11857.363702522591 592.75127768330276 19.304556302726269 987.92430555657484 39.539529588073492 167.98797694779932 40.145170914009213 64.818526264280081 21558.726501063444 379.51817151159048 475.04830794222653 198.27142427489161 341.14198884926736 342.37436762079597 151.46134333871305 108.33359842002392 57.879121087491512 1208.3055879920721 424.54563882388175 276.77585741877556 131.10817579552531 219.33161555975676 833.78671072795987 267.2962397839874 194.18636461347342 51.760911960154772 24.149275057017803 50.993608612567186 1009.4810712374747 183.71312732249498
leaf_count=1201 187789 14685 290 39185 460 6500 868 1594 200145 2412 7969 2698 4278 6953 1944 505 1144 9775 3830 2682 720 1910 8692 2159 1614 446 188 815 9491 1695
internal_value=3.12296e-06 -0.00416073 0.0135311 -0.00631335 0.0504733 0.00103301 -0.0034768 0.00619167 0.000205869 -0.000758017 -0.0154495 -0.0230892 0.000122408 -0.000332081 0.000580176 0.0134016 -8.38359e-05 0.000751145 0.00892316 -0.00184358 -0.00847122 0.0065894 -0.012841 0.0127133 -0.00342487 0.0241792 0.0514145 -0.00597354 -0.00185253 -0.00377518
internal_weight=42300.5 1955 206.333 1748.66 58.8441 760.739 147.489 104.964 40345.6 18786.8 1052.84 673.32 17734 17125.6 15407.9 749.223 14658.7 13767 1909.63 701.321 1717.67 640.89 891.666 608.438 413.518 227.372 75.9102 1586.56 1244.19 1193.19
internal_count=524637 64783 4413 60370 750 21185 3663 2462 459854 259709 13079 10667 246630 240193 220519 6607 213912 204076 16287 6512 19674 6102 9836 6437 3524 2578 634 18954 12001 11186
is_linear=0
shrinkage=0.04


Tree=118
num_leaves=31
num_cat=0
split_feature=11 9 8 10 7 9 14 8 9 10 7 10 10 10 13 3 3 7 4 11 10 10 18 13 18 12 10 11 10 10
split_gain=21.7859 21.162 32.4267 32.9471 28.3878 29.1349 27.4184 30.83 26.6332 36.533 64.3043 77.4118 41.9393 43.3323 37.4312 35.2298 32.1733 32.1245 31.7927 31.4364 31.0743 72.2313 32.488 30.1991 33.0541 34.1018 32.1322 40.7657 28.5059 50.8904
threshold=0.44118724763393408 73.625000000000014 18.625000000000004 -0.99630266427993763 44.047140121459968 73.375000000000014 1.0000000180025095e-35 18.875000000000004 79.625000000000014 0.088045001029968276 5.2555959224700937 -0.92599865794181813 -0.11798679083585738 -0.36747109889984125 44.902389526367195 73.417064666748061 31.845785140991214 8.9365272521972674 9.7584524154663104 -0.99938741326332081 -0.52124115824699391 -0.59262362122535694 136.36372375488284 0.58107420802116405 22.952035903930668 62.348731994628913 -0.82956761121749867 -0.27900144457817072 -0.81984052062034596 -0.76762619614601124
decision_type=2 2 2 2 2 2 2 2 2 2 2 2 2 2 2 2 2 2 2 2 2 2 2 2 2 2 2 2 2 2
left_child=1 2 -1 -4 5 -5 7 -3 -8 10 11 -10 13 15 -15 18 -11 19 20 -14 21 22 28 26 -25 -26 27 -20 -12 -30
right_child=-2 6 3 4 -6 -7 8 -9 9 16 12 -13 17 14 -16 -17 -18 -19 23 -21 -22 -23 -24 24 25 -27 -28 -29 29 -31
leaf_value=0.0041297346866381304 -0.022133495742814816 0.0087680913205781842 -0.019068301837317756 0.0033282022290998894 -0.009349955180435016 -0.0066047350635504796 -0.00076545438903522032 -0.016836210043674655 -0.0031596711429819936 -0.0077762392792317904 0.0011347499862993796 0.021904861030819706 -0.017595436226523847 0.012705399174576776 -0.023086558148326972 -0.022612482458927014 0.029963628359032792 -0.019378950159386212 0.077863358745733441 0.014542090887249408 -0.014377987827975787 0.028837708251638294 0.036555638972728982 -0.0019139696735734283 0.016351677027107436 -0.017335888913053522 -0.010155160658204397 0.0021822792996520376 -0.035280308433530728 -0.0039664051648808877
leaf_weight=4506.645541948732 61.011803969740868 92.277136232703924 144.39287173002958 2304.0203642537817 454.28049588948488 583.96456111874431 28294.75668299431 301.01540093263611 296.1185771045275 712.18280433863401 678.50071578240022 566.6531522963196 69.127580940723419 794.86783224344254 40.631980061531067 93.076140716671944 28.31850203871727 247.76717359572649 20.498841293156147 116.97981525957584 274.42902236431837 117.38570702821016 22.5342623218894 540.71278892923146 406.59289029426873 46.114100255072117 16.51334760338068 19.119850144721568 101.60570359230042 336.89176025241613
leaf_count=25441 14478 4398 1440 14376 2019 3589 389394 22398 6052 7363 6897 4858 461 4031 194 702 187 1611 184 779 1674 707 152 4552 2760 297 163 390 740 2350
internal_value=3.45646e-06 4.0673e-05 0.00189248 -0.0010028 -0.000167783 0.00130385 -0.000392124 -0.0107603 -0.000268485 0.0022635 0.00353918 0.0133646 0.00136108 0.00281912 0.0107123 0.000322126 -0.00595296 -0.0102303 0.00123331 0.00231642 -0.00243866 0.000261029 -0.00290797 0.00656334 0.00476885 0.0126197 0.0327987 0.0491406 -0.00402141 -0.0118471
internal_weight=42289 42228 7993.3 3486.66 3342.27 2887.98 34234.7 393.293 33841.4 5546.62 4806.12 862.772 3943.35 3509.47 835.5 2673.98 740.501 433.875 2580.9 186.107 1531.35 1256.92 1139.53 1049.55 993.42 452.707 56.132 39.6187 1117 438.497
internal_count=524637 510159 46865 21424 19984 17965 463294 26796 436498 47104 39554 10910 28644 25793 4225 21568 7550 2851 20866 1240 12520 10846 10139 8346 7609 3057 737 574 9987 3090
is_linear=0
shrinkage=0.04


Tree=119
num_leaves=31
num_cat=0
split_feature=2 10 13 11 11 10 8 7 10 11 10 15 11 14 9 10 0 4 7 6 10 10 4 10 13 6 11 11 7 13
split_gain=20.9053 30.9299 24.2154 20.5672 20.247 19.9587 19.1909 30.3548 27.7678 34.6589 58.1774 33.5605 30.0484 48.1352 27.6299 26.4391 25.8223 24.9579 23.7046 33.5078 24.9773 42.0426 28.477 35.5032 27.8799 28.4083 23.4204 76.5549 68.8449 67.7978
threshold=87.03363418579103 0.05372969992458821 63.934797286987312 0.45655821263790136 -0.31186713278293604 0.48030318319797521 16.875000000000004 0.064235184341669097 -0.99940761923789967 -0.91939276456832875 -0.2696967720985412 0.81250000000000011 0.19758678972721103 6.6921525001525888 73.875000000000014 0.3393120169639588 0.85958686470985424 14.75887441635132 44.047140121459968 49.162492752075202 -0.53584328293800343 -0.44600489735603327 33.727977752685554 -0.35141934454441065 9.8187203407287615 75.043735504150405 -0.99628248810768116 -0.99552518129348744 10.116318225860597 9.0880498886108416
decision_type=2 2 2 2 2 2 2 2 2 2 2 2 2 2 2 2 2 2 2 2 2 2 2 2 2 2 2 2 2 2
left_child=3 4 -3 5 -2 6 7 -1 -9 10 -10 12 14 -14 -11 16 -12 -13 19 26 24 -22 -23 -24 -20 -26 28 29 -8 -28
right_child=1 2 -4 -5 -6 -7 18 8 9 11 15 17 13 -15 -16 -17 -18 -19 20 -21 21 22 23 -25 25 -27 27 -29 -30 -31
leaf_value=0.037663685809002798 0.010631952209942442 0.002967486580695507 -0.032789034834899373 -0.024388828313636497 -0.013071475999242899 -0.013781018479740823 0.00018899734394359918 0.024667761648413156 0.023687848669840451 9.1451142148860583e-06 -0.016264343300054055 0.024428703424497444 0.040736626735845313 -0.018914875897515903 -0.010082337388559294 0.023028351487250558 0.0031325321657817433 -0.00039437618250082098 0.011358719676052014 0.012883631514917065 0.01761856473178932 -0.016771785818364419 -0.018859243905839464 0.01386327279309235 -0.023496416424611748 0.007037670021359999 0.031290386081245611 -0.00015822219207911478 -0.013494426788456033 -0.0042605278988442213
leaf_weight=29.431123142596334 726.62824757397175 65.0152179710567 44.415285959839821 45.834967181319371 54.175256716087461 159.79992817528546 2062.2744462043047 77.095237158238888 249.72287679836154 962.21011958643794 113.30485693737864 118.9346316754818 48.603327519958839 26.860776758752763 780.8967194519937 84.944741562008858 995.87514701113105 129.66897914558649 51.846583485603333 303.22517523914576 134.88337449729443 226.17251515388489 69.580767929553986 149.92399442195892 277.61979997903109 53.933868557214737 222.4699773080647 33063.904171407223 812.96421260759234 132.63221772760153
leaf_count=398 3720 322 192 11049 458 6096 25967 752 1384 5437 1391 580 2319 682 8141 520 5116 560 312 1395 588 995 296 681 1305 229 2279 435047 5545 881
internal_value=2.93479e-06 0.00603322 -0.0130755 -0.00012821 0.00884282 -9.54192e-05 -3.89777e-05 0.00273938 0.00234904 0.0017903 0.00652349 -0.00153116 -0.0034317 0.0197754 -0.00454347 0.00276706 0.00102348 0.0119667 -0.00030722 -0.000143275 -0.00646612 -0.00117204 -0.00712082 0.00312079 -0.0142491 -0.0184688 -0.000255629 4.28778e-05 -0.00371331 0.018259
internal_weight=42274.8 890.234 109.431 41384.6 780.804 41338.8 41179 3617.55 3588.12 3511.02 1443.85 2067.17 1818.57 75.4641 1743.11 1194.12 1109.18 248.604 37561.4 36597.5 963.961 580.561 445.677 219.505 383.4 331.554 36294.2 33419 2875.24 355.102
internal_count=524637 4692 514 519945 4178 508896 502800 27280 26882 26130 8411 17719 16579 3001 13578 7027 6507 1140 475520 471114 4406 2560 1972 977 1846 1534 469719 438207 31512 3160
is_linear=0
shrinkage=0.04


Tree=120
num_leaves=31
num_cat=0
split_feature=1 11 11 12 8 6 9 14 10 10 10 10 9 7 10 10 3 8 15 3 18 16 11 15 10 8 4 3 10 8
split_gain=20.4656 38.5836 47.7386 50.6109 37.9722 37.9145 36.243 31.9535 30.8284 30.6293 40.9922 95.9634 64.1862 63.9251 46.7234 45.8902 81.1136 50.1298 63.2032 40.4274 43.4353 38.2516 44.4155 33.1393 44.1202 48.3956 43.2862 34.3775 31.6517 35.3687
threshold=0.65836161375045787 0.19758678972721103 0.14675828069448474 0.42454682290554052 16.875000000000004 2.9695839881896977 77.875000000000014 3.3200552463531499 -0.99985146522521962 -0.99963879585266102 -0.98046803474426258 -0.97312742471694935 76.875000000000014 18.458920478820804 -0.97876849770545948 -0.93545487523078907 0.42638872563838964 19.875000000000004 1.0000000180025095e-35 0.88971778750419628 52.410787582397468 -36.600576400756829 -0.31186713278293604 1.0000000180025095e-35 -0.92274349927902211 18.625000000000004 0.12344276905059816 11.52401924133301 0.37146723270416265 17.625000000000004
decision_type=2 2 2 2 2 2 2 2 2 2 2 2 2 2 2 2 2 2 2 2 2 2 2 2 2 2 2 2 2 2
left_child=1 2 8 5 -3 -4 7 -5 -1 19 -11 12 13 -12 -14 16 17 18 -13 -2 -21 22 -18 24 25 -17 -27 28 29 -25
right_child=9 4 3 6 -6 -7 -8 -9 -10 10 11 15 14 -15 -16 23 21 -19 -20 20 -22 -23 -24 27 -26 26 -28 -29 -30 -31
leaf_value=-0.019213283481611151 -0.005975848229547491 0.021669424050028283 -0.016662124375140173 0.059142073794950657 -0.014935504116692196 0.024302935601058749 -0.0040132945764898608 0.011510796468417232 -0.00093427185155465294 -0.0048433588722941795 0.035368884825741492 0.026303114831423419 -0.028467707631475873 -0.016523360650462886 0.015640353623769962 -0.011847875403907708 0.03598752422571716 -0.011411724648786512 -0.0058625533716665703 0.040406535139031766 -0.02054984956915178 -0.016094686996607894 -0.018228882047831765 0.010508616447124024 -0.00089526811088330791 -0.0022293115572606572 0.040267940476096373 3.7989816114942327e-05 -0.01537218937457532 0.0032736980395925326
leaf_weight=139.26352373231202 75.333079202100635 41.131185156991705 89.457442256622016 61.405329961329699 485.70406232075766 46.839335614815354 32.707905743271112 41.456088088452816 13781.151850820519 2085.4810541113839 275.75758856907487 233.71515577565879 57.745980650186539 37.825773812830448 79.124124451540411 64.279775597155094 42.773983299732208 181.50777280237526 158.03546099364758 95.835805091075599 16.251546517014503 827.67633303441107 36.115112353116274 1332.9835821017623 10787.399923300138 54.087992939166725 113.8548970259726 5225.3500157408416 118.88706149533391 5645.6205427125096
leaf_count=4678 1581 2496 3732 829 51568 1167 543 633 211618 28480 2993 3595 652 277 1218 1084 306 2648 1783 1366 122 10270 371 8386 110744 838 1231 27657 988 40783
internal_value=3.29979e-06 -0.00120034 -0.000801588 0.0154973 -0.0117273 -0.00188527 0.0319021 0.0426661 -0.0011308 0.000646673 0.000533189 0.000978596 0.0190726 0.0287922 -0.00364022 0.000642693 -0.00616425 0.00555486 0.0135043 0.0163461 0.0306092 -0.0135545 0.011909 0.00107668 -0.000516982 0.016367 0.0272251 0.00250107 0.00431185 0.0046687
internal_weight=42264.8 14719.1 14192.3 271.866 526.835 136.297 135.569 102.861 13920.4 27545.6 27358.2 25272.7 450.453 313.583 136.87 24822.3 1479.82 573.258 391.751 187.42 112.087 906.565 78.8891 23342.5 11019.6 232.223 167.943 12322.8 7097.49 6978.6
internal_count=524637 277264 223200 6904 54064 4899 2005 1462 216296 247373 244304 215824 5140 3270 1870 210684 18973 8026 5378 3069 1488 10947 677 191711 113897 3153 2069 77814 50157 49169
is_linear=0
shrinkage=0.04


Tree=121
num_leaves=31
num_cat=0
split_feature=6 10 9 12 11 10 3 1 8 12 17 7 9 17 10 10 8 13 4 10 10 4 10 13 3 9 10 9 0 9
split_gain=20.2724 40.2137 23.5516 21.6492 22.7529 58.4408 46.7094 50.7004 42.6139 46.4461 46.3817 77.8591 57.1436 37.284 99.3099 79.6481 77.9142 79.6153 36.9055 61.1653 37.557 68.1316 51.0665 69.9921 60.5018 67.1232 47.9333 70.3764 41.8111 41.6446
threshold=75.043735504150405 -0.15207348018884656 73.125000000000014 104.26538467407228 -0.92602273821830738 -0.35141934454441065 42.648490905761726 28.100768089294437 19.875000000000004 14.433386325836183 -3.9992388486862178 8.5113677978515643 73.875000000000014 -8.0237441062927228 -0.47652685642242426 -0.59262362122535694 20.375000000000004 4.804288625717164 11.376863956451418 0.1732888147234917 0.20706263184547427 0.13171698898077014 0.019350802991539243 27.37036228179932 47.514066696166999 75.875000000000014 -0.2696967720985412 74.375000000000014 1.9890931844711306 75.625000000000014
decision_type=2 2 2 2 2 2 2 2 2 2 2 2 2 2 2 2 2 2 2 2 2 2 2 2 2 2 2 2 2 2
left_child=3 2 -2 4 5 8 7 13 10 -10 -1 -12 -13 14 15 -6 17 -17 20 -20 22 -22 26 24 -24 -26 27 28 -7 -28
right_child=1 -3 -4 -5 6 18 -8 -9 9 -11 11 12 -14 -15 -16 16 -18 -19 19 -21 21 -23 23 -25 25 -27 29 -29 -30 -31
leaf_value=-0.019801199028015595 -0.0040122645351728294 -0.01306799832426821 0.021738096718058181 -0.011756739396886953 0.0036202319705338562 -0.020045182129624736 -0.00709340695125918 0.0049537409565774274 0.0275076073605184 -0.00026339357310641492 -0.0084678351183397338 0.0045436339392106364 0.048737426980795473 -0.0014583279294950202 -0.022721546871520254 0.081338456299451162 -0.0027038066994058926 0.022211172510386862 0.0056894363119410129 -0.022764665066760094 0.005292737844462052 -0.013334939735869453 -0.0054502800325521329 -0.025261069409771988 -0.0072092692776975758 0.051483945729140411 -0.0028767476169725536 -0.011217644668252402 0.017106648584488428 0.0050530452792624048
leaf_weight=106.21111330762506 70.465748086571693 93.650500267744064 233.73717640340328 242.64297823235393 1434.9049165782053 50.637883091345429 1721.7210611472838 2616.4878118289635 320.83975282683969 135.68906573951244 193.72514754720032 94.753849290311337 87.135294329375029 19430.190446882974 184.42024270817637 48.417798642069101 93.070076256990433 129.51012828201056 2893.8658493235707 116.39830732159317 2867.7704400606453 343.04555670358241 2449.8190250378102 268.33535672724247 56.142496164888144 54.543499357998371 1630.0365836583078 1041.2267052493989 251.76858733966947 2990.636923680082
leaf_count=698 315 400 1149 1299 14032 712 12038 18500 2036 676 2341 429 509 320879 1291 402 714 665 19831 1103 30182 3559 29631 1610 310 399 19335 10937 1476 27179
internal_value=3.52895e-06 0.00887826 0.0158354 -8.29327e-05 -1.20523e-05 0.00117377 -0.000749475 -0.000290402 0.0108041 0.0194248 0.00240707 0.00903747 0.0271515 -0.000935992 0.0044124 0.00746109 0.0269454 0.0417729 0.000565109 0.00451747 -0.000428969 0.00326732 -0.00178085 -0.00619677 -0.00410837 0.0235828 0.000320469 -0.00630141 0.0104431 0.00225548
internal_weight=42251.8 397.853 304.203 41853.9 41611.3 15952.6 25658.7 23937 938.354 456.529 481.825 375.614 181.889 21320.5 1890.32 1705.9 270.998 177.928 15014.2 3010.26 12004 3210.82 8793.15 2828.84 2560.51 110.686 5964.31 1343.63 302.406 4620.67
internal_count=524637 1864 1464 522773 521474 152953 368521 356483 6689 2712 3977 3279 938 337983 17104 15813 1781 1067 146264 20934 125330 33741 91589 31950 30340 709 59639 13125 2188 46514
is_linear=0
shrinkage=0.04


Tree=122
num_leaves=31
num_cat=0
split_feature=9 8 10 7 14 10 10 8 17 10 9 13 10 10 10 13 10 10 10 10 10 10 10 9 10 7 8 12 10 7
split_gain=19.8387 30.6007 31.2504 31.8757 28.6653 32.6521 62.646 27.0627 25.4614 28.385 25.0865 34.6456 37.3783 34.0784 43.3346 31.0059 48.2022 65.2599 84.6995 59.9641 71.0892 50.2105 105.887 48.7174 38.7219 33.1352 32.5221 37.479 49.9549 79.6569
threshold=73.625000000000014 19.125000000000004 -0.99630266427993763 37.219501495361335 0.0044701735023409137 0.088045001029968276 0.30675521492958074 18.875000000000004 -9.7365612983703596 -0.46133413910865778 78.625000000000014 39.423118591308601 0.3393120169639588 -0.89015004038810719 -0.94423642754554737 0.74344807863235485 -0.98930078744888295 -0.94705909490585316 -0.96235975623130787 -0.90893998742103566 -0.81984052062034596 0.036545658484101302 0.1393099054694176 79.625000000000014 -0.98370367288589466 9.8429808616638201 21.125000000000004 0.21715617924928668 -0.99630266427993763 8.2158055305480975
decision_type=2 2 2 2 2 2 2 2 2 2 2 2 2 2 2 2 2 2 2 2 2 2 2 2 2 2 2 2 2 2
left_child=1 -1 -3 8 5 -2 -7 -8 9 -4 -6 12 15 14 -13 16 -12 18 24 -19 23 -22 -23 -21 -18 -26 27 -17 29 -29
right_child=4 2 3 -5 10 6 7 -9 -10 -11 11 13 -14 -15 -16 26 17 19 -20 20 21 22 -24 -25 25 -27 -28 28 -30 -31
leaf_value=0.0032948973006449883 -0.020703304711565437 -0.024647933066249076 0.028428353407627498 -0.011651354397855645 -0.00095784850320241308 0.059332960574359384 0.014963772364191052 -0.015409741643928918 -0.00072293934775072332 -0.00081174698490984857 -0.01243136675484996 -0.019128832019131892 -0.012651170254704832 -0.014441354590188239 0.034668446598937405 -0.0064716665616277791 0.051291186583973775 -0.025118804508430608 0.083741839801161483 0.0099976051085034542 -0.004166319739791785 0.06154188172807213 -8.8514007851857727e-05 0.080823945470071282 -0.0062922771504536233 0.041656490778468801 -0.0034536690462110158 -0.002837362148046555 0.0034250291909586651 0.064654016144362739
leaf_weight=5846.216318808496 226.19296464300714 85.558330819010735 98.192843521013856 373.30623675137758 24381.283708855975 15.963963704183696 58.058366933837533 145.813999931328 1483.4012426133268 103.29352770745754 131.3808476999402 32.560276217758656 259.93922170437872 365.3411109149456 47.705452308058739 601.25413589458913 30.329645250923932 73.347239516209811 32.969277317635715 32.337505251169205 305.18180619366467 59.003525551408529 126.05964251048863 27.086335415951908 91.657815572805703 19.994350381195545 1589.0671677272767 55.180644862353802 5495.9479764578864 45.135304678231478
leaf_count=34425 24880 900 549 1663 357136 538 1751 7358 10209 449 3698 353 4554 2151 336 6852 473 2221 807 742 3238 610 1567 728 1755 194 12499 998 40289 714
internal_value=3.81402e-06 0.00179731 -0.00228309 -0.00123871 -0.000414997 -0.0103767 0.000686903 -0.00646481 0.00112346 0.0141086 -0.000280521 0.00147145 0.00201561 -0.00929311 0.0131437 0.00246702 0.00933381 0.0130268 0.033937 0.00671163 0.011332 0.00583997 0.0217087 0.0492732 0.0176229 0.00501265 0.00163653 0.00294513 0.0039666 0.0306373
internal_weight=42238.8 7989.97 2143.75 2058.19 34248.8 446.029 219.836 203.872 1684.89 201.486 33802.8 9421.48 8975.87 445.607 80.2657 8715.93 929.348 797.967 174.951 623.016 549.669 490.245 185.063 59.4238 141.982 111.652 7786.59 6197.52 5596.26 100.316
internal_count=524637 48195 13770 12870 476442 34527 9647 9109 11207 998 441915 84779 81939 2840 689 77385 16033 12335 3229 9106 6885 5415 2177 1470 2422 1949 61352 48853 42001 1712
is_linear=0
shrinkage=0.04


Tree=123
num_leaves=31
num_cat=0
split_feature=5 10 12 11 10 4 12 8 12 10 14 4 17 10 10 17 8 4 8 6 10 2 1 10 4 8 17 10 10 4
split_gain=19.5137 23.9325 19.996 20.8937 50.7089 42.0732 51.3733 41.1304 41.3613 40.9716 92.327 67.6349 56.1158 54.8472 148.494 95.9053 128.081 87.4827 59.3875 58.8272 48.5588 59.6794 68.014 56.1978 64.1327 52.5729 75.8949 49.5855 90.0823 91.4524
threshold=93.946643829345717 0.05372969992458821 104.26538467407228 -0.92602273821830738 -0.35141934454441065 41.700304031372077 6.7723407745361337 19.875000000000004 14.433386325836183 -0.47652685642242426 8.9462265968322772 8.2497897148132342 1.5441477894783022 -0.59262362122535694 -0.64659911394119252 -3.9992388486862178 20.375000000000004 54.812696456909187 16.875000000000004 29.330535888671879 -0.67245468497276295 1.6512274146080019 20.645688056945804 -0.65962448716163624 8.6656336784362811 20.375000000000004 -0.4131436944007873 -0.74512827396392811 -0.76762619614601124 6.2743234634399423
decision_type=2 2 2 2 2 2 2 2 2 2 2 2 2 2 2 2 2 2 2 2 2 2 2 2 2 2 2 2 2 2
left_child=2 -2 3 4 7 -6 -7 -1 -9 13 11 -11 -12 14 20 17 18 -15 -17 -16 27 -22 23 24 25 26 -23 28 -5 -30
right_child=1 -3 -4 9 5 6 -8 8 -10 10 12 -13 -14 15 19 16 -18 -19 -20 -21 21 22 -24 -25 -26 -27 -28 -29 29 -31
leaf_value=0.0018340223660378077 0.013719922098159226 -0.014382220137498944 -0.012269558232258738 -0.00035419110603997531 5.6475206530645908e-05 -0.0044665472234418704 0.016801064329053199 0.026015950422117792 -0.00013494381575549804 -0.002031368205870708 -0.019567593149642567 0.019599896017661867 -0.0036714574971498932 0.021038450330324376 -0.020625061507017112 0.016808066236753846 0.015673588393157533 -0.015307849627670489 -0.0095415336697759149 0.0022496319512972339 -0.0082882016905043328 0.026262798873268621 -0.0054562343242305199 0.0095209612379160754 0.0099114281117375341 0.018166295007325622 0.11846729589551372 -0.0067535680076533646 0.023628581613294557 -0.0050521288964777379
leaf_weight=484.31257065199316 293.00622744858265 49.267111919820309 203.95472450554371 15016.218026828719 14247.352584483102 272.23966352827847 516.11703879758716 325.44590344280005 135.8607517182827 2022.7115443265066 791.44307910650969 250.97089487873018 648.36949462071061 755.35528899729252 797.49817817658186 145.0493500623852 583.25784985348582 115.60030481219292 1203.3103617224842 229.06891579180956 179.5970693808049 32.638299390673637 130.60503266006708 149.49703165516257 64.074950221925974 38.505343299359083 32.269909748807549 1745.6825446151197 497.2249662950635 269.27641781792045
leaf_count=3991 1426 207 1119 243650 141751 2134 2499 2037 677 38432 5205 2632 4012 5434 12356 911 5576 584 14606 1157 3257 301 772 1316 489 362 351 20571 4649 2173
internal_value=6.42388e-06 0.00938143 -7.24101e-05 -9.79578e-06 0.00112547 0.000557227 0.00949286 0.0100603 0.0184747 -0.000715962 -0.00459613 0.000431679 -0.012484 -5.87608e-05 -0.00082322 0.00515789 0.000168786 0.0160953 -0.00660411 -0.0155483 1.74791e-05 0.0108645 0.0185628 0.0283233 0.043624 0.0617965 0.0817988 -0.000376614 0.000332553 0.0136176
internal_weight=42225.8 342.273 41883.5 41679.6 15981.3 15035.7 788.357 945.619 461.307 25698.2 3713.5 2273.68 1439.81 21984.7 19182.2 2802.57 1931.62 870.956 1348.36 1026.57 18155.6 627.188 447.591 316.986 167.489 103.414 64.9082 17528.4 15782.7 766.501
internal_count=524637 1633 523004 521885 153089 146384 4633 6705 2714 368796 50281 41064 9217 318515 291404 27111 21093 6018 15517 13513 277891 6848 3591 2819 1503 1014 652 271043 250472 6822
is_linear=0
shrinkage=0.04


Tree=124
num_leaves=31
num_cat=0
split_feature=11 6 7 11 10 14 11 12 8 8 10 10 3 10 13 14 13 10 10 10 13 14 10 10 8 9 7 10 10 10
split_gain=19.2172 18.6006 40.9391 93.8495 100.903 49.5755 41.0173 42.4286 40.3644 32.9983 37.1604 65.1794 48.2234 43.2812 39.0754 38.2401 37.3574 34.342 31.1606 35.958 36.3008 31.3846 31.7727 55.3297 69.8546 58.1661 45.2492 34.8663 44.4256 31.247
threshold=0.45655821263790136 27.090001106262211 13.572195529937746 -0.9970029592514037 -0.59262362122535694 21.488637924194339 0.0096758542931638675 3.2372843027114873 16.125000000000004 19.125000000000004 0.12225609645247461 0.22386012226343158 18.715872764587406 -0.53584328293800343 8.9497299194335955 39.451059341430671 13.937328815460207 -0.47652685642242426 -0.63338240981101979 -0.98046803474426258 0.71991616487503063 10.066494941711428 -0.92599865794181813 -0.90529522299766529 19.125000000000004 73.625000000000014 21.266276359558109 -0.85671821236610401 -0.82956761121749867 -0.93843427300453175
decision_type=2 2 2 2 2 2 2 2 2 2 2 2 2 2 2 2 2 2 2 2 2 2 2 2 2 2 2 2 2 2
left_child=1 2 8 -4 6 -6 18 -8 -1 10 12 -12 15 16 -15 -3 -14 -16 19 -5 29 -22 -23 24 -24 26 27 -25 -29 -21
right_child=-2 9 3 4 5 -7 7 -9 -10 -11 11 -13 13 14 17 -17 -18 -19 -20 20 21 22 23 25 -26 -27 -28 28 -30 -31
leaf_value=0.011016926827848425 -0.023842612810991152 0.020007913822735212 -0.020596968679164256 -0.018469219541049586 0.0071550759052201995 -0.0040392490153750849 0.027236738558215116 -0.0076472521117147522 0.00014937474217922221 -0.0022599005343556899 -0.021597801847904215 0.014306891731187956 0.014606779112470722 -0.023288326561219132 0.025353864358265255 0.0021746599134794911 -0.0075955830741581002 0.0061446368697931492 -0.023009132332466126 0.048596806708464384 -0.014021424328376598 -0.01436467044025223 -0.014958811002939202 -0.0090937778948698561 0.041771259863133653 -0.010209531450419329 -0.0063005394831426396 0.049856533557737455 0.012053514524217029 -0.0013314876343852547
leaf_weight=547.02739928942174 43.985239337896928 559.90706791169941 447.63499337434769 353.45203241985291 1984.3040320053697 919.52723807841539 103.60243144491687 102.88105849735439 29901.896495817928 1684.5569927822798 203.03590280562639 121.71506150811911 134.94654084648937 54.312551952898502 164.45454651117325 294.45749731361866 744.40448840707541 1112.6470062360168 192.2979040145874 26.990774102509022 563.32690960727632 332.46610276773572 46.971048854291439 69.84564995765686 89.332963075488806 820.45292659662664 269.03870867937803 58.321357950568199 222.80181483924389 42.678920736536384
leaf_count=4933 11049 2678 2749 3802 12448 4862 1284 1162 436408 9818 868 532 742 259 742 1329 3393 5059 1841 248 4784 3203 306 320 627 5986 1362 244 1071 528
internal_value=7.46585e-06 3.79898e-05 -0.000272925 -0.00311477 -0.00182107 0.00360858 -0.00660337 0.0103053 0.000348168 0.00230689 0.00457626 -0.00811551 0.00594298 0.00279664 0.00732333 0.0139579 -0.00406245 0.00879601 -0.00776361 -0.00667548 -0.00496982 -0.00580515 -0.00332047 -0.000915913 0.0225356 -0.00327509 0.00591763 0.0151987 0.0213392 0.0216832
internal_weight=42213.3 42169.3 37094.9 6645.93 6198.29 2903.83 3294.46 206.483 30448.9 5074.44 3389.88 324.751 3065.13 2210.77 1331.41 854.365 879.351 1277.1 3087.98 2895.68 2542.23 2472.56 1909.23 1576.76 136.304 1440.46 620.008 350.969 281.123 69.6697
internal_count=524637 513588 488168 46827 44078 17310 26768 2446 441341 25420 15602 1400 14202 10195 6060 4007 4135 5801 24322 22481 18679 17903 13119 9916 933 8983 2997 1635 1315 776
is_linear=0
shrinkage=0.04


Tree=125
num_leaves=31
num_cat=0
split_feature=10 9 8 10 7 12 11 3 8 1 9 11 7 10 12 17 10 8 8 2 11 12 10 17 10 8 13 10 6 7
split_gain=18.4554 19.5762 27.0192 30.1338 30.3127 27.8654 25.3198 73.8959 69.4969 27.1038 23.9702 34.9201 64.109 32.6562 32.08 29.7334 29.3973 63.4186 60.8593 54.7722 57.2597 66.9465 54.6782 62.3321 56.2313 57.0593 54.6431 51.1047 57.5727 59.2146
threshold=0.48030318319797521 73.625000000000014 19.125000000000004 -0.99630266427993763 37.219501495361335 1.0000000180025095e-35 0.18069575726985934 0.66666135191917431 19.125000000000004 0.93262529373168956 76.625000000000014 0.14675828069448474 4.9678874015808114 0.40318277478218084 53.471553802490241 -1.4027475118637083 -0.74512827396392811 16.875000000000004 19.875000000000004 1.0000000180025095e-35 0.16375125199556353 1.0196118354797366 -0.9769422411918639 6.3249692916870126 -0.99630266427993763 19.625000000000004 1.3223326802253725 -0.85671821236610401 6.3975250720977792 7.8299453258514413
decision_type=2 2 2 2 2 2 2 2 2 2 2 2 2 2 2 2 2 2 2 2 2 2 2 2 2 2 2 2 2 2
left_child=1 2 5 -4 -5 -1 10 8 9 -8 13 14 -13 16 -12 -16 19 -18 -19 20 22 -22 24 -24 25 26 -3 28 -21 -30
right_child=-2 6 3 4 -6 -7 7 -9 -10 -11 11 12 -14 -15 15 -17 17 18 -20 27 21 -23 23 -25 -26 -27 -28 -29 29 -31
leaf_value=0.016464632502068841 -0.013268925271751653 0.0020059711352598529 -0.024157611915841832 0.0013331562995316738 -0.011139796809288654 0.0026724542703538247 0.0056186700671654001 -0.02539491414373115 -0.011943047416724096 0.032821320935696639 0.00092626201617416332 -0.00026519729754955807 0.056392409712668623 0.0094393631534785832 0.021709211250788313 -0.012260485866378941 0.0035640590419403328 -0.0073836736022107712 0.00087099442708325325 -0.011897120084185892 -0.0073171483226100792 0.087022226737185696 0.0074229177281761177 0.044552247710495083 -0.013984056439764848 -0.016671281120427289 0.033844371261584738 0.0049924056720424131 0.0098572661219576401 -0.0058056619043574753
leaf_weight=235.24545924505219 156.866709953174 231.98889379017055 83.895829021930695 1676.9343394916505 372.51484876126051 5578.960219047498 159.45753546897322 240.47666915669106 300.15700199292041 87.793971969746053 17494.893311847933 85.056814735755324 41.091993670910597 425.49478469416499 36.159817412495613 452.58352633565664 1761.4397772494704 4799.9272232502699 2030.3170867487788 1184.7673724424094 18.145299564115703 18.954288750886917 1229.4884242750704 67.588936176151037 404.46748907770962 122.55529400426894 128.59237390197814 1080.6463983710855 578.40113420411944 1113.8239086307585
leaf_count=4229 6096 4719 900 11047 1663 29796 13895 14749 31049 3279 177644 2224 584 8550 221 3251 11169 83439 30222 21424 502 228 19285 536 8963 3220 1822 11414 6712 11805
internal_value=7.36604e-06 6.00462e-05 0.0018465 -0.00199711 -0.000977053 0.0032578 -0.000356805 -0.00739856 0.000821002 0.0161781 -0.000188057 0.00079475 0.020977 -0.00135902 0.0006416 -0.00936234 -0.00167625 -0.00318825 -0.00493225 0.000427736 0.00544018 0.0491241 0.0044779 0.00968373 -0.00315262 0.00601482 0.0139672 -0.00239282 -0.00517452 -0.000425628
internal_weight=42198.7 42041.8 7947.55 2133.35 2049.45 5814.21 34094.3 787.885 547.409 247.252 33306.4 18109.8 126.149 15196.6 17983.6 488.743 14771.1 8591.68 6830.24 6179.42 2221.78 37.0996 2184.68 1297.08 887.604 483.137 360.581 3957.64 2876.99 1692.23
internal_count=524637 518541 47635 13610 12710 34025 470906 62972 48223 17174 407934 183924 2808 224010 181116 3472 215460 124830 113661 90630 39275 730 38545 19821 18724 9761 6541 51355 39941 18517
is_linear=0
shrinkage=0.04


Tree=126
num_leaves=31
num_cat=0
split_feature=11 5 10 12 1 11 11 7 10 14 4 17 10 14 1 18 3 7 10 4 12 6 9 4 15 14 9 3 9 4
split_gain=18.2308 17.6574 22.1697 18.2388 18.8395 18.4943 46.5997 41.9654 40.119 86.2047 61.72 52.6665 49.3653 111.468 43.7899 43.613 43.2436 90.0983 41.9033 39.9776 46.7006 37.3272 36.9981 43.3592 36.8026 34.8407 34.7864 34.5628 34.1784 32.92
threshold=0.45655821263790136 93.946643829345717 0.05372969992458821 104.26538467407228 14.781302928924562 -0.92602273821830738 -0.93845868110656727 0.2800325751304627 -0.47652685642242426 8.9462265968322772 8.2497897148132342 1.3290308713912966 -0.50648479163646687 8.0821595191955584 16.467902183532718 19.303935050964359 9.0945172309875506 12.126556873321535 -0.44600489735603327 41.700304031372077 6.7723407745361337 20.468494415283207 77.875000000000014 31.980548858642582 1.0000000180025095e-35 0.0044701735023409137 79.375000000000014 4.4168167114257821 77.875000000000014 0.10700470209121705
decision_type=2 2 2 2 2 2 2 2 2 2 2 2 2 2 2 2 2 2 2 2 2 2 2 2 2 2 2 2 2 2
left_child=1 3 -3 5 -5 6 19 -8 12 10 18 -11 25 -14 16 27 17 -15 -10 -1 26 -19 23 -18 -13 -7 -21 -12 -20 -27
right_child=-2 2 -4 4 -6 8 7 -9 9 11 15 24 13 14 -16 -17 22 21 28 20 -22 -23 -24 -25 -26 29 -28 -29 -30 -31
leaf_value=-0.0001278958845894236 -0.023477793805985723 0.013173498585008448 -0.013894335803050047 0.0078401494365474052 -0.018613681737104523 -0.017286348139030867 -0.013657386544240997 0.0096491170719634894 -0.021541208368522319 -0.01915916256547295 0.018905028135840933 -0.02065595530023643 -0.016207202879374182 -0.0014001555033893479 0.03260637304444923 0.045993191085272229 0.022926260873414837 0.072431657959064491 0.0023746804914710888 -0.010694699999151833 0.016080061223406161 0.015097860933000128 -0.028568907540014985 -0.020354530395074146 0.0014275883797676709 0.0023087233756234299 0.0249087693163326 -0.015825299955621212 -0.01107973385376698 -0.0012045656117621113
leaf_weight=13637.344167355448 42.816333265975118 291.33478388935328 49.20633577555418 52.470150269567966 150.25540098547935 182.82618674263358 126.5968188662082 1419.9191951714456 151.71457558497787 772.67352870851755 137.88885415904224 147.54479812830687 191.75205645337701 111.684695571661 208.93492955714464 59.09435024112463 92.207045987248421 46.944117158651352 1501.8626456903294 227.31019999459386 514.08314283564687 36.261984765529633 54.826074622571468 48.793535865843296 512.11937423795462 5953.7039570577908 44.082100354135036 57.623291295021772 367.53960848785937 14991.902033448219
leaf_count=134893 11049 1426 207 340 779 19595 2490 11073 2659 5113 1577 1096 3309 883 1057 430 556 275 27878 1835 2499 200 337 211 3008 101393 299 625 7895 179650
internal_value=8.06182e-06 3.74887e-05 0.00897755 -3.74752e-05 -0.0117201 2.22637e-05 0.00109034 0.00766578 -0.000643445 -0.00448542 0.000361889 -0.012136 8.22993e-06 0.00975285 0.0181838 0.0185315 0.00985017 0.0227079 -0.00200696 0.000380453 0.00909701 0.0517457 -0.00342764 0.00759276 -0.00374646 -0.000361214 -0.00423197 0.00839699 -0.000315445 -0.000205302
internal_weight=42183.3 42140.5 340.541 41800 202.726 41597.2 15969.3 1546.52 25627.9 3708.06 2275.72 1432.34 21919.8 791.404 599.652 254.606 390.717 194.891 2021.12 14422.8 785.475 83.2061 195.827 141.001 659.664 21128.4 271.392 195.512 1869.4 20945.6
internal_count=524637 513588 1633 511955 1119 510836 153089 13563 357747 50281 41064 9217 307466 6828 3519 2632 2462 1358 38432 139526 4633 475 1104 767 4104 300638 2134 2202 35773 281043
is_linear=0
shrinkage=0.04


Tree=127
num_leaves=31
num_cat=0
split_feature=11 10 9 3 10 10 10 10 0 10 7 18 1 8 17 11 6 13 8 14 13 10 10 7 10 10 10 12 10 10
split_gain=17.4047 17.4011 17.5681 26.7404 29.0581 41.618 50.8529 35.8613 31.0012 29.6846 34.4989 33.5044 28.746 27.982 27.9094 33.5972 26.5111 30.1272 24.786 24.5296 37.9839 35.7855 52.5668 44.0565 34.4135 27.5693 75.3459 39.2663 26.776 27.6841
threshold=0.45655821263790136 0.48030318319797521 73.625000000000014 14.15839719772339 -0.01505099539645016 -0.35141934454441065 -0.2696967720985412 -0.43054369091987604 34.605630874633796 -0.52124115824699391 48.711574554443366 15.380453109741213 63.806539535522468 17.375000000000004 -11.216940402984617 -0.34436371922492975 75.043735504150405 13.704757213592531 19.625000000000004 11.046978473663332 0.11582691594958307 -0.98664820194244374 -0.97312742471694935 9.7231225967407244 -0.99549928307533253 0.036545658484101302 0.12225609645247461 2.98474133014679 -0.10088855028152464 -0.16905184835195539
decision_type=2 2 2 2 2 2 2 2 2 2 2 2 2 2 2 2 2 2 2 2 2 2 2 2 2 2 2 2 2 2
left_child=1 2 3 18 5 7 -7 9 13 10 14 -11 -9 -6 15 -5 17 -12 19 20 -1 24 23 -23 -22 28 -27 -28 29 -24
right_child=-2 -3 -4 4 8 6 -8 12 -10 11 16 -13 -14 -15 -16 -17 -18 -19 -20 -21 21 22 25 -25 -26 26 27 -29 -30 -31
leaf_value=0.01854684890380158 -0.023157253843738745 -0.012928984119542167 -0.00030836654067374798 0.019055816975878211 0.0022721032152620718 0.024459659915904503 0.0022446627982982015 -0.024420107783037867 0.0033522095619322417 -0.018280333742763284 0.0077611444908833958 0.015199513091500945 0.0037854597118445739 -0.022664724848593748 -0.0024953295320455809 -0.0084380082310511594 0.0040424864229759308 -0.025987731249827072 -0.0041897016893433095 0.0084406615657240287 -0.00075632906160755069 0.040625006951641958 -0.004765110729881338 -0.011814070288668323 -0.029017175774985055 0.046281253721708299 0.015498403452466591 -0.0070080927627706058 -0.027810128805938882 0.022173425794048126
leaf_weight=187.34163967054337 41.83110604993999 154.98308346793056 34031.897389100399 223.07993417978287 96.10609957575798 221.74312120676041 579.60835094004869 175.13474988937378 202.76374867558479 47.671609804034233 47.487829059362411 304.9222601801157 80.551840931177139 258.03637187182903 1076.6296379193664 95.472741447389126 100.09072132408619 210.86941757053137 516.91303548356518 1796.9075615890324 159.59723504260182 85.969883643090725 646.90712682483718 29.808521468192339 112.11286267638206 58.297983430325985 189.09317366406322 319.27227000892162 62.866699509322643 57.377360992133617
leaf_count=3317 11049 6096 460872 1101 406 1052 2576 743 838 209 262 1342 388 1149 6366 763 433 948 3707 8485 1503 796 5145 241 1159 278 1325 1499 320 269
internal_value=7.65939e-06 3.61501e-05 8.70895e-05 0.00177976 -0.000692538 0.000799611 0.00861751 -0.001878 -0.00903264 -0.000130527 -0.00227294 0.0102936 -0.0157262 -0.0160209 0.000597823 0.0108097 -0.0131598 -0.0197264 0.00395445 0.00509875 0.0019249 1.91337e-05 0.00253822 0.0272581 -0.0130334 0.000205602 0.00683063 0.00150098 -0.00471296 -0.00229075
internal_weight=42171.3 42129.5 41974.5 7942.63 3720.17 3163.26 801.351 2361.91 556.906 2106.22 1753.63 352.594 255.687 354.142 1395.18 318.553 358.448 258.357 4222.47 3705.55 1908.64 1721.3 1449.59 115.778 271.71 1333.81 566.663 508.365 767.151 704.284
internal_count=524637 513588 507492 46620 18576 16183 3628 12555 2393 11424 9873 1551 1131 1555 8230 1864 1643 1210 28044 24337 15852 12535 9873 1037 2662 8836 3102 2824 5734 5414
is_linear=0
shrinkage=0.04


Tree=128
num_leaves=31
num_cat=0
split_feature=11 11 10 8 14 4 13 10 11 9 7 10 7 6 8 10 10 14 17 12 10 14 10 9 13 10 10 13 9 7
split_gain=16.9006 37.3557 42.5589 56.7301 61.4898 49.2165 82.4078 57.6466 51.4882 75.0011 45.3853 34.1779 63.6722 46.7937 46.7633 40.2309 101.478 89.9902 72.071 84.9156 50.9659 172.727 102.826 82.9192 71.8636 64.5026 112.88 122.093 82.1128 61.9416
threshold=0.078402601182460799 0.026874557137489322 -0.99166062474250782 17.625000000000004 6.1376304626464853 0.10700470209121705 13.704757213592531 -0.99697706103324879 1.0000000180025095e-35 75.625000000000014 10.666147232055666 -0.96463498473167408 6.3782410621643075 12.422910690307619 18.375000000000004 -0.92599865794181813 -0.9193688929080962 0.2244323864579201 -1.7096902728080747 3.5875108242034917 -0.87395131587982167 18.389338493347172 -0.81984052062034596 75.625000000000014 0.95709520578384411 -0.76762619614601124 -0.75648915767669667 19.475504875183109 77.375000000000014 2.42930018901825
decision_type=2 2 2 2 2 2 2 2 2 2 2 2 2 2 2 2 2 2 2 2 2 2 2 2 2 2 2 2 2 2
left_child=1 2 3 -1 10 6 7 -6 -7 -10 -5 12 14 -14 -4 17 18 -13 19 -17 21 23 -22 -18 -25 28 27 29 -24 -27
right_child=-2 -3 11 4 5 8 -8 -9 9 -11 -12 15 13 -15 -16 16 20 -19 -20 -21 22 -23 25 24 -26 26 -28 -29 -30 -31
leaf_value=0.0076872949535917168 -0.0037532396464020736 0.0085327954304329941 -0.0027096144218582284 -0.023985269308249051 -0.002223718503269626 -0.018862603917951512 -0.019265297768917011 0.042475735408045695 -0.027587944585510286 0.052657640293596375 0.016432734014209034 0.03208343811231075 -0.0098896922417482311 0.0061698600108502453 0.01407145040304812 0.058526237785113643 -0.026765338488022327 -0.0074999943154589344 0.0022866563103302313 0.0041871145972050341 0.0082517928307793351 0.013830245648277553 -0.0014517786666905245 -0.032805140513767921 -0.0018989174643333309 0.034694294625832581 -0.00011239316041524988 0.064977449875119456 -0.020372213999033134 -0.0015026060801834335
leaf_weight=336.86012049019337 1819.2623800416477 828.41588396579027 343.17734535411 493.78488394245505 73.601423092186451 289.86884821671993 92.053805261850357 109.66913036257029 24.159124184399843 33.735296460799873 41.834313158877194 86.800125554203987 610.22846784815192 536.49133755639195 1124.5436047576368 110.66887094825506 475.48578659817576 1884.1353828720748 176.9566214364022 77.029062651097775 2460.3473306130618 499.56144337356091 1065.238306010142 131.01776467822492 832.5292641390115 100.31664350815117 26640.44145007059 71.143377870321274 551.2753271497786 238.18401852063835
leaf_count=4293 89916 10287 4206 15398 1802 4931 1341 1301 290 517 988 1587 6800 4683 11743 995 7141 22416 1936 498 20574 2679 11970 2384 8370 1077 276987 306 5175 2046
internal_value=7.25906e-06 0.000177741 4.48743e-07 -0.00659544 -0.010778 -0.00215556 0.0102726 0.0253382 -0.0120071 0.0200402 -0.0205851 0.000261603 0.00466599 -0.00238787 0.010156 -6.48946e-05 0.000263226 -0.00560358 0.0209638 0.0375659 2.86656e-05 -0.00624698 0.000421395 -0.0132642 -0.00639517 -0.000253302 0.00021181 0.020796 -0.00798974 0.00991228
internal_weight=42158.8 40339.6 39511.1 1495.57 1158.71 623.088 275.324 183.271 347.763 57.8944 535.619 38015.6 2614.44 1146.72 1467.72 35401.1 33430.2 1970.94 364.655 187.698 33065.5 1938.59 31126.9 1439.03 963.547 28666.6 27050.1 409.644 1616.51 338.501
internal_count=524637 434721 424434 30861 26568 10182 4444 3103 5738 807 16386 393573 27432 11483 15949 366141 342138 24003 3429 1493 338709 20574 318135 17895 10754 297561 280416 3429 17145 3123
is_linear=0
shrinkage=0.04


Tree=129
num_leaves=31
num_cat=0
split_feature=7 11 10 9 10 10 10 10 10 10 10 8 10 11 8 10 12 11 11 13 9 7 12 4 11 10 2 15 11 9
split_gain=16.7151 42.995 75.7969 38.7889 22.5235 32.1907 22.3555 19.4383 31.9775 76.4625 29.5476 30.487 26.3879 32.8272 25.3432 24.7967 21.7257 16.9244 60.6164 88.5605 81.5423 88.9672 38.5011 35.7166 35.2983 67.976 62.3761 71.86 46.8847 44.5222
threshold=0.2800325751304627 -0.96687281131744374 0.22386012226343158 75.625000000000014 -0.13505011796951291 -0.049434980377554887 0.12225609645247461 0.41886392235755926 -0.69751432538032521 -0.76762619614601124 0.25725142657756811 17.875000000000004 -0.92923668026924122 -0.32816398143768305 18.125000000000004 0.49531894922256475 1.3698877692222597 -0.99628248810768116 -0.99465739727020253 4.7292420864105233 75.375000000000014 10.527909278869631 0.020312227308750156 1.0000000180025095e-35 -0.99907308816909779 -0.01505099539645016 1.8560785055160525 0.68750000000000011 -0.99864786863327015 77.625000000000014
decision_type=2 2 2 2 2 2 2 2 2 2 2 2 2 2 2 2 2 2 2 2 2 2 2 2 2 2 2 2 2 2
left_child=1 2 4 7 -1 -6 -7 8 9 12 -10 -12 13 -3 -11 16 -9 24 19 20 -19 22 -22 -21 25 -2 29 28 -28 -26
right_child=17 3 -4 -5 5 6 -8 15 10 14 11 -13 -14 -15 -16 -17 -18 18 -20 23 21 -23 -24 -25 26 -27 27 -29 -30 -31
leaf_value=-0.023451338280223499 0.010765650473036079 0.052807048286976972 0.052152089149091516 -0.011350199870895942 0.032592666301272687 -0.024629895015758043 0.014336022021340758 0.01744565741111825 -0.033142091083859744 0.0043685029936045734 0.023801762325203372 -0.012447180138136288 -0.017981494958791557 -0.00018050621991485286 0.070102815278036829 -0.022947089356554057 -0.016913340934101954 -0.0072703912273423743 0.000197326110132314 -0.013922291858161958 -0.0023482589137082681 0.10339413873547715 0.038834015874974447 0.0089614630672140878 -0.023027493575893777 -0.005239690607109976 -0.015737838304036134 -0.02394720293815869 0.010205675410116737 -0.0026179876289693276
leaf_weight=41.137160338461399 717.43841839581728 12.093902863562105 48.399673610925674 907.21131538436748 41.402203330770135 42.314098376780748 34.004241950809956 218.69634240400046 74.233692195266485 14.84430645033717 38.171613000333309 154.62355743534863 102.01576566626318 121.59613325912505 24.354245634749532 25.05545968003571 25.711916260421276 70.007701070979238 36150.236603625584 159.80170860886574 47.083597209304571 23.312455892562866 134.24079785868526 295.50006711110473 449.17190626449883 1010.1817243285477 126.61942129954696 150.12183256819844 608.79426288045943 277.0199644677341
leaf_count=1201 6618 233 584 38355 868 1183 577 4690 2487 237 537 2456 5977 3828 393 848 329 1172 420265 1313 694 187 1310 1934 7077 9921 1212 833 4821 2497
internal_value=7.5191e-06 -0.00362302 0.0131831 -0.00571431 -0.00107514 0.0079681 -0.00761883 0.000648565 -0.00371168 0.00577601 -0.0133351 -0.00445045 -0.00354591 0.00795434 0.0511572 0.00923672 0.0133083 0.000182221 0.000429358 0.0117626 0.0292647 0.04152 0.0285766 0.000803132 -0.00254033 0.00143064 -0.0067794 0.000369219 0.00558766 -0.0153832
internal_weight=42145.4 1925.87 207.257 1718.61 158.858 117.721 76.3183 811.397 541.933 274.904 267.029 192.795 235.706 133.69 39.1986 269.464 244.408 40219.5 36880.2 729.946 274.645 204.637 181.324 455.302 3339.35 1727.62 1611.73 885.536 735.414 726.192
internal_count=524637 64783 4413 60370 3829 2628 1760 22015 16148 10668 5480 2993 10038 4061 630 5867 5019 459854 426875 6610 3363 2191 2004 3247 32979 16539 16440 6866 6033 9574
is_linear=0
shrinkage=0.04


Tree=130
num_leaves=31
num_cat=0
split_feature=6 7 10 2 15 18 11 9 14 8 9 10 7 10 4 11 16 11 8 11 11 3 10 10 10 12 4 13 11 10
split_gain=16.6858 29.5108 32.0408 41.5034 27.4859 28.5898 26.8583 23.4629 25.2399 23.3494 20.8823 32.6614 46.2347 73.2118 39.4098 25.8595 27.3962 29.0587 25.7669 40.1305 26.5204 48.9409 38.734 33.8606 36.279 37.7132 31.0024 38.5274 29.8101 29.8815
threshold=41.267499923706062 32.125337600708015 -0.69751432538032521 1.9838662147521975 0.93750000000000011 13.454995155334474 -0.09339838474988936 73.375000000000014 47.035240173339851 19.625000000000004 79.625000000000014 0.10516610741615297 4.9678874015808114 -0.92599865794181813 21.046273231506351 -0.99938741326332081 -3.8121169805526729 -0.99907308816909779 16.875000000000004 0.37844388186931616 -0.49998149275779719 0.34298983216285711 -0.97312742471694935 -0.80987083911895741 -0.68508586287498463 16.546585083007816 4.2778480052948007 14.687447547912599 -0.19547851383686063 -0.99467751383781422
decision_type=2 2 2 2 2 2 2 2 2 2 2 2 2 2 2 2 2 2 2 2 2 2 2 2 2 2 2 2 2 2
left_child=1 7 3 -3 5 -4 -2 9 10 -1 18 12 13 -12 15 -14 -17 -18 20 -20 23 -22 28 26 25 -25 -9 -28 -23 -30
right_child=6 2 4 -5 -6 -7 -8 8 -10 -11 11 -13 14 -15 -16 16 17 -19 19 -21 21 22 -24 24 -26 -27 27 -29 29 -31
leaf_value=0.0050822268632178978 0.0039145919118860539 0.019831478320105837 -0.01813431159893697 -0.022059872631759483 -0.020395939379947985 0.0024943597568695412 -0.023961558312061204 -0.0045830054501815676 -0.022663082834283498 -0.0035798612067000639 -0.0043004152988930242 -0.0058587727207159357 -0.018199992345284625 0.020343829559661138 0.0094051858801443566 -0.0050939650342859818 0.036694106512135477 0.0022382058974026314 -0.00089935077067379555 -0.022354178436695484 0.012182035092467038 0.031591869404530619 -0.018897462040508343 -0.020785734476632695 0.006190479801135176 0.012189726188672357 0.045285469959770612 0.00039627194078896899 0.0085699752833515979 -0.016197344248996312
leaf_weight=2478.3787064000499 2318.9777694121003 35.589866615831852 113.47321521863341 281.14931282773614 111.59940471500158 820.73079156130552 46.789346043020487 50.192827273160219 70.374250076711178 614.797639970202 291.8562296894379 711.23531623184681 118.48587886244059 541.85677825659513 776.26014563883655 1029.9044818738475 30.070344135165215 1874.9860454644077 26977.663525519427 130.23751255706884 242.36909008934163 34.085114356130362 295.71957515366375 162.46854862943292 1482.1297241672873 73.911523636430502 87.416182320564985 44.855785503983498 150.3444438315928 142.44355644285679
leaf_count=17008 10669 263 595 1631 511 3689 286 407 327 4477 7449 8447 813 6717 5787 7005 195 14600 387626 22274 4224 279 3578 1464 10290 374 486 191 1394 1581
internal_value=8.3387e-06 -0.000186121 -0.00594932 -0.0168899 -0.00250718 -0.000176827 0.00326473 1.98048e-05 -0.000273116 0.00335457 -0.000221999 0.00207103 0.00329038 0.011768 0.00141901 -0.000635345 0.000133141 0.00297084 -0.000635097 -0.00101063 0.00303578 -0.00274898 -0.00866217 0.00566851 0.00386169 -0.0103987 0.0216009 0.0311606 0.000883711 -0.0036165
internal_weight=42140.4 39774.6 1362.54 316.739 1045.8 934.204 2365.77 38412 35318.9 3093.18 35248.5 5374.66 4663.42 833.713 3829.71 3053.45 2934.96 1905.06 29873.8 27107.9 2765.94 864.962 622.593 1900.97 1718.51 236.38 182.465 132.272 326.873 292.788
internal_count=524637 513682 6689 1894 4795 4284 10955 506993 485508 21485 485181 51013 42566 14166 28400 22613 21800 14795 434168 409900 24268 11056 6832 13212 12128 1838 1084 677 3254 2975
is_linear=0
shrinkage=0.04


Tree=131
num_leaves=31
num_cat=0
split_feature=10 9 11 11 13 9 7 12 7 6 10 14 2 9 14 4 10 2 7 10 9 12 9 0 8 4 9 2 10 10
split_gain=16.4322 25.6545 15.9441 56.2628 77.137 69.5815 81.6555 37.204 34.0709 91.8687 52.3621 56.181 51.4846 50.7768 45.5777 38.0959 48.4433 40.1576 34.2055 40.885 90.7345 45.5741 39.2236 35.1499 33.3399 33.18 29.3484 37.8301 29.1791 29.0324
threshold=0.46514528989791876 75.875000000000014 -0.99628248810768116 -0.99465739727020253 4.7292420864105233 75.375000000000014 10.527909278869631 0.020312227308750156 10.116318225860597 19.987445831298832 1.0000000180025095e-35 42.696996688842781 14.113254070281984 74.875000000000014 1.3569552898406985 0.12344276905059816 -0.049434980377554887 1.8560785055160525 3.5952343940734868 -0.01505099539645016 77.875000000000014 1.9274193048477175 76.125000000000014 6.9034831523895273 19.125000000000004 1.0000000180025095e-35 74.375000000000014 7.9119441509246835 -0.066607572138309465 1.0000000180025095e-35
decision_type=2 2 2 2 2 2 2 2 2 2 2 2 2 2 2 2 2 2 2 2 2 2 2 2 2 2 2 2 2 2
left_child=2 -2 8 4 5 24 7 -7 14 -10 12 13 -11 -12 -1 -16 17 -17 22 20 26 -22 29 -21 -4 -6 -20 -28 -19 -18
right_child=1 -3 3 -5 25 6 -8 -9 9 10 11 -13 -14 -15 15 16 18 28 19 23 21 -23 -24 -25 -26 -27 27 -29 -30 -31
leaf_value=-0.012292934810848286 -0.00014850556627545654 -0.024925366246074124 -0.024097110868588248 8.7277057374180478e-05 -0.013584454706071891 -0.003618043932021725 0.09564562109354538 0.035787934850201111 -0.018983398140564309 -0.011105164943861238 0.010027236581938872 -0.037337011822990145 0.022739092995133502 -0.031065726601574181 -0.0033137264799736128 -0.022188162863407856 0.030476351026493608 0.029275785345495322 0.0048890666921541396 -0.0071751411823591099 0.025623824114382684 -0.030871884505926751 0.043500341560175723 0.016668901760078958 0.023887143323977213 0.0084983702917749288 0.072475428492407901 0.0095091091406399094 -0.012161766759679112 -0.016818099809529991
leaf_weight=356.80733385495842 175.78215221781284 98.030771259218454 48.166747238487005 37725.014734778088 158.81839723140001 48.95572274364531 24.96733245998621 142.06957595795393 597.03409564867616 93.169336557388306 198.88519944995642 73.068286865949631 244.74101034551859 52.512431394308805 788.87674044072628 123.3583676815033 26.183294989168644 50.801072482019663 24.135948065668344 269.02751665562391 28.617308676242828 47.348681956529617 99.395172148942947 143.3204457052052 28.824988512322307 296.61360347270966 56.476813014596701 24.186848323792219 41.442832451313734 39.04186549782753
leaf_count=7604 4500 5025 902 473964 1317 733 187 1356 4358 474 859 305 1105 519 8881 1358 452 392 221 3157 225 274 985 1234 427 1936 565 196 374 752
internal_value=7.53012e-06 -0.00958482 7.25621e-05 0.000304157 0.011091 0.0267314 0.0379367 0.0260114 -0.00255795 -0.00774035 0.00252521 -0.00881697 0.0133565 0.000583583 0.000544033 0.00319792 0.00845556 -0.00799909 0.0131807 0.00842726 0.0237411 -0.00908428 0.0288436 0.00131082 -0.00545147 0.000671226 0.0462538 0.0567264 0.0112903 0.00369483
internal_weight=42125.7 273.813 41851.9 38473.4 748.416 292.984 215.993 191.025 3378.43 1259.41 662.376 324.466 337.91 251.398 2119.02 1762.21 973.336 215.602 757.734 593.114 180.766 75.966 164.62 412.348 76.9917 455.432 104.8 80.6637 92.2439 65.2252
internal_count=524637 9525 515112 480822 6858 3605 2276 2089 34290 7620 3262 1683 1579 1378 26670 19066 10185 2124 8061 5872 1481 499 2189 4391 1329 3253 982 761 766 1204
is_linear=0
shrinkage=0.04


Tree=132
num_leaves=31
num_cat=0
split_feature=2 10 13 0 3 17 10 10 8 10 10 13 10 11 11 12 7 14 18 7 10 9 12 14 8 13 13 10 16 12
split_gain=16.0697 25.9133 21.1686 18.6062 16.754 31.2695 59.0987 69.1286 31.9719 38.1011 100.352 43.3828 39.4142 29.8806 65.4955 115.083 57.9255 49.4535 48.4761 34.2672 31.4522 29.7966 35.8146 29.6288 30.9616 27.2513 37.1763 33.9138 27.2358 36.1544
threshold=87.03363418579103 0.05372969992458821 63.934797286987312 112.08073806762697 19.451147079467777 -6.5750346183776847 1.0000000180025095e-35 -0.049434980377554887 20.375000000000004 -0.44600489735603327 -0.59262362122535694 4.5788781642913827 -0.82956761121749867 -0.99761277437210072 -0.98667386174201954 0.23887918144464496 9.4830942153930682 11.897447109222414 30.073235511779789 7.6525530815124521 -0.01505099539645016 73.875000000000014 1.4056534767150881 10.898408412933351 17.875000000000004 4.1274633407592782 8.1787018775939959 -0.20285348594188687 -4.2093927860260001 1.7968481779098513
decision_type=2 2 2 2 2 2 2 2 2 2 2 2 2 2 2 2 2 2 2 2 2 2 2 2 2 2 2 2 2 2
left_child=4 3 -3 -2 5 6 7 8 9 10 12 -12 23 18 15 16 -15 19 -6 -17 -20 22 -8 -1 -25 27 -27 -10 29 -26
right_child=1 2 -4 -5 13 -7 21 -9 25 -11 11 -13 -14 14 -16 17 -18 -19 20 -21 -22 -23 -24 24 28 26 -28 -29 -30 -31
leaf_value=-0.0012059691341708592 0.0058291844112325353 0.0028165529289108115 -0.030715275749988249 0.027143581001898811 -0.021622752835720717 -7.9384209376113978e-05 0.032073504817394335 0.040870220118842449 -0.013787022829832818 -0.0024421799343495084 0.067559180037468386 0.022776705438700137 -0.0063658223180809471 0.0060204673576627812 -0.0025497589805196686 -0.0014020612431076907 0.074170532476757561 -0.0017836592341620842 0.023160613201799601 0.037494966547994245 -0.0090622957553396118 -0.019303766467294554 -0.0092676522025162186 -0.0029832149267285447 0.066073665119025057 0.018354210451646254 -0.0070684248086045169 0.028061980712165594 0.015715283782103909 0.012356330152416058
leaf_weight=191.9684238366317 709.15225137583911 64.647664450109005 44.038773320615292 63.748438253998756 282.87061366252601 31334.586428205017 39.28130192309618 82.327761944383383 302.72240950795822 360.6156600676477 53.464790940284729 115.44131080433726 248.33994400314987 32.339777510613203 6115.1177488253452 55.172474008053541 51.543934840708971 531.86669899895787 73.09265660494566 91.83093199878931 107.38725108653307 218.36717420443892 95.813362844288349 94.619150043465197 38.255384877324104 177.54853825177997 172.79006102494895 25.054890982806683 302.80147265456617 44.083898259326816
leaf_count=3115 3853 322 192 325 2401 441726 199 527 3711 2570 478 649 2098 374 47223 491 380 2768 331 623 514 2406 434 773 286 1473 1195 197 2681 322
internal_value=8.2088e-06 0.00532119 -0.0122134 0.00791143 -0.000106631 0.000268703 0.00450728 0.00694035 0.00544245 0.00877774 0.0124816 0.0399359 0.0070664 -0.00183774 -0.00116693 0.00980897 0.0513364 0.00400695 -0.0115601 0.0237369 0.00451848 -0.010478 0.00413511 0.0120529 0.0172745 -0.00171124 0.00596735 -0.00985206 0.0222008 0.0417665
internal_weight=42120.9 881.587 108.686 772.901 41239.3 33898.1 2563.5 2210.03 2127.71 1449.59 1088.97 168.906 920.068 7341.22 6877.87 762.754 83.8837 678.87 463.351 147.003 180.48 353.462 135.095 671.728 479.76 678.116 350.339 327.777 385.141 82.3393
internal_count=524637 4692 514 4178 519945 464840 23114 20075 19548 12972 10402 1127 9275 55105 51859 4636 754 3882 3246 1114 845 3039 633 7177 4062 6576 2668 3908 3289 608
is_linear=0
shrinkage=0.04


Tree=133
num_leaves=31
num_cat=0
split_feature=1 11 10 10 10 10 6 9 3 9 9 10 13 11 11 11 14 9 11 14 4 8 1 10 13 11 10 12 7 17
split_gain=15.8604 30.4866 28.6283 32.3749 107.038 92.4965 53.3152 39.2965 39.6681 36.1433 31.7012 59.3891 51.8997 49.8741 61.8944 59.2988 45.9547 60.7139 70.6395 79.7009 57.3839 53.4503 40.7747 52.0903 89.8588 38.8899 36.7274 98.9614 54.4971 41.0517
threshold=0.65836161375045787 0.31390938162803655 -0.99985146522521962 -0.9193688929080962 -0.88218119740486134 -0.92599865794181813 0.87812548875808727 79.625000000000014 8.1315212249755877 75.875000000000014 75.125000000000014 -0.94423642754554737 1.0000000180025095e-35 0.18069575726985934 0.14675828069448474 0.078402601182460799 0.42978578805923467 78.125000000000014 0.044065307825803764 14.913237094879152 2.9715651273727421 19.125000000000004 0.11572014912962915 -0.94423642754554737 0.16504216194152835 0.0096758542931638675 -0.97312742471694935 0.66603896021842968 6.3079056739807138 -0.89514616131782521
decision_type=2 2 2 2 2 2 2 2 2 2 2 2 2 2 2 2 2 2 2 2 2 2 2 2 2 2 2 2 2 2
left_child=1 2 -1 5 -5 10 -7 8 9 -8 22 12 -12 14 15 16 -14 18 19 -18 -20 -21 23 25 -25 -4 29 28 -28 -19
right_child=-2 -3 3 4 -6 6 7 -9 -10 -11 11 -13 13 -15 -16 -17 17 26 20 21 -22 -23 -24 24 -26 -27 27 -29 -30 -31
leaf_value=-0.018497173063775671 0.00057758950539743765 -0.014548304777971775 -0.00087223668899408496 -0.022256577262211391 -0.0010028444621941943 -0.01567644586999847 -0.01144694470808294 -0.0054395012041901511 0.074704468020384857 0.044509067500434915 -0.012560296259037755 -0.020157049955589885 0.01967067379391187 -0.020076991148426683 0.031918539575404491 -0.024284376835930207 -0.012344847140993128 -0.0098163844206041739 0.055950054684289423 0.065373024305113811 -0.00084238529929332262 -0.0073095383586250012 -0.0080249253385540759 0.079863714269738317 0.0019067521948797686 0.015060056839162304 0.018615074977081817 -0.0040324905729648584 0.082652581413763124 0.01980624357191452
leaf_weight=134.87095492146909 27468.075694665546 253.01353196660057 510.06574163772166 384.40553999692202 9828.753192814067 26.674805181100965 25.42357562109828 22.114387229084969 49.29120933637023 35.580414526164532 392.72662676637992 235.47335279546678 269.26051830127835 127.31726149003953 116.69282053690404 109.64460616186261 712.39270789083093 150.82083914428949 42.18170179054141 27.342344760894775 61.993299048393965 25.374563369899988 252.59297676105052 34.030017159879208 52.218652661889791 460.11196223786101 48.186917204409838 85.45213470607996 42.986069887876511 130.68834653962404
leaf_count=4678 247373 36569 7464 6448 148221 504 327 145 478 351 17270 3559 3399 6589 2279 3476 11839 2558 530 138 582 330 3741 545 809 10873 443 829 397 1893
internal_value=1.07912e-05 -0.00105177 -0.000804604 -0.000624421 -0.00182379 0.00239965 0.0313627 0.0412745 0.0503143 0.0228614 0.00113701 -0.00143807 0.000520823 0.00320552 0.0049322 0.00291143 0.0049185 0.00180139 -0.00440846 -0.00868937 0.0250398 0.034801 0.0061819 0.00962216 0.0377671 0.0067603 0.0134267 0.0272079 0.0539926 0.00414336
internal_weight=42115.8 14647.7 14394.7 14259.8 10213.2 4046.64 159.084 132.41 110.295 61.004 3887.55 2578.53 2343.06 1950.33 1823.02 1706.32 1596.68 1327.42 869.285 765.11 104.175 52.7169 1309.02 1056.43 86.2487 970.178 458.134 176.625 91.173 281.509
internal_count=524637 277264 240695 236017 154669 81348 1805 1301 1156 678 79543 56111 52552 35282 28693 26414 22938 19539 13419 12307 1112 468 23432 19691 1354 18337 6120 1669 840 4451
is_linear=0
shrinkage=0.04


Tree=134
num_leaves=31
num_cat=0
split_feature=11 10 9 6 10 9 3 10 11 9 11 7 18 10 10 10 11 2 11 9 13 10 4 9 8 7 9 13 2 7
split_gain=15.4194 15.4021 24.5943 15.0615 34.8726 21.2468 20.0241 34.563 54.2972 61.3346 122.778 81.0958 56.2253 54.0879 47.1098 47.0811 44.5524 57.4003 56.4914 50.9846 42.1216 96.2191 36.9755 33.9541 29.9008 29.4121 27.2115 32.7608 27.1141 26.6793
threshold=0.45655821263790136 0.46514528989791876 75.875000000000014 75.043735504150405 -0.15207348018884656 73.125000000000014 19.451147079467777 -0.36747109889984125 -0.99628248810768116 78.125000000000014 -0.98049351572990406 10.116318225860597 30.073235511779789 -0.35141934454441065 -0.47652685642242426 -0.52124115824699391 -0.96234029531478871 36.539545059204109 -0.99273797869682301 75.375000000000014 5.6560783386230478 -0.13505011796951291 52.355894088745124 73.875000000000014 17.625000000000004 0.58343175053596508 78.125000000000014 8.8091320991516131 39.978902816772468 48.711574554443366
decision_type=2 2 2 2 2 2 2 2 2 2 2 2 2 2 2 2 2 2 2 2 2 2 2 2 2 2 2 2 2 2
left_child=1 3 -3 6 5 -5 23 14 12 16 11 -11 -9 -12 15 29 18 -18 19 -10 -13 -22 26 24 25 -1 -17 -28 -16 -8
right_child=-2 2 -4 4 -6 -7 7 8 9 10 13 20 -14 -15 28 22 17 -19 -20 -21 21 -23 -24 -25 -26 -27 27 -29 -30 -31
leaf_value=0.033911351287995876 -0.022318695408347456 -0.00011055144584472436 -0.02454159368943018 -0.0044214880678383516 -0.012639546821261644 0.020103650352192245 -0.0026213304583243154 -0.018280173276577123 0.0018434770722048693 0.0043028880338183322 0.037660769359718044 0.081026662253165488 0.0060491558161253805 -0.0058873120216264719 -0.018090975251377192 0.024616450623573184 0.0018154189880660286 0.032263749317883728 -0.0083546520204826318 0.043497637523464701 0.064398731175615079 -0.010309273596330897 -0.013240959924180163 -0.00017949842527231294 0.0011048662554616171 0.006010134347294434 -0.021186653743305396 0.022480478872814597 -0.00073208871265014787 -0.015255473300833334
leaf_weight=52.842063886346295 39.415026730624959 175.62518016062677 95.638944723643363 69.939882814884186 92.937400251626968 228.22896695137024 3241.3271494829096 373.8479281514883 165.82563626766205 81.520058080554008 43.328486815094948 54.279543966054916 245.07294727489352 306.28535951673985 516.75138198025525 212.91198167949915 342.82954946905375 130.07586077600718 889.65919682197273 56.153460212051868 53.312356129288673 44.616103857755661 72.886701181530952 27469.222040299093 4350.4014677696396 2128.6870709680952 49.853626511991024 40.863260626792908 199.31387594342232 282.39402021467686
leaf_count=529 11049 4500 5025 315 400 1149 29962 3077 831 539 203 320 1187 1743 3401 1184 2432 637 5741 474 260 254 345 400411 31848 13998 345 200 949 1329
internal_value=1.23923e-05 3.86151e-05 -0.00929045 0.000101371 0.00781523 0.0143941 2.66364e-05 -0.0018571 0.00165691 0.00464114 0.015611 0.0374037 -0.00870353 0.000406884 -0.00397747 -0.0022296 0.000530068 0.0106851 -0.00384677 0.0138015 0.0537738 0.0325603 0.0110348 0.000437211 0.00302701 0.00683763 0.0170987 -0.0012378 -0.0133358 -0.00367415
internal_weight=42106 42066.6 271.264 41795.4 391.106 298.169 41404.3 7403.11 2786.81 2167.89 583.342 233.728 618.921 349.614 4616.3 3900.24 1584.54 472.905 1111.64 221.979 152.208 97.9285 376.516 34001.2 6531.93 2181.53 303.629 90.7169 716.065 3523.72
internal_count=524637 513588 9525 504063 1864 1464 502199 55413 17698 13434 3319 1373 4264 1946 37715 33365 10115 3069 7046 1305 834 514 2074 446786 46375 14527 1729 545 4350 31291
is_linear=0
shrinkage=0.04


Tree=135
num_leaves=31
num_cat=0
split_feature=9 10 7 10 10 10 13 10 3 14 3 6 7 11 10 10 8 14 4 6 6 11 6 4 10 8 11 15 10 11
split_gain=15.1112 31.3835 47.188 71.5869 36.9993 35.9654 33.0806 32.1541 31.9156 29.995 35.348 28.9005 50.2987 57.9202 77.224 117.798 121.171 66.0602 45.2143 38.8112 36.9186 36.8388 47.1863 38.1215 34.6647 82.7703 64.0512 72.6757 34.1591 32.956
threshold=79.625000000000014 0.088045001029968276 5.2555959224700937 -0.98930078744888295 -0.11798679083585738 -0.36747109889984125 44.902389526367195 -0.18598018586635587 73.417064666748061 0.95048254728317272 1.0000000180025095e-35 26.103278160095218 13.572195529937746 -0.9970029592514037 -0.52124115824699391 -0.47652685642242426 17.875000000000004 16.138819694519047 35.709152221679695 20.977808952331547 11.208018302917482 -0.024725049734115597 15.494266510009767 6.3816606998443612 -0.97876849770545948 19.375000000000004 -0.041917072609066956 0.31250000000000006 -0.92599865794181813 -0.99966478347778309
decision_type=2 2 2 2 2 2 2 2 2 2 2 2 2 2 2 2 2 2 2 2 2 2 2 2 2 2 2 2 2 2
left_child=11 2 3 -2 5 8 -7 9 -4 -5 -11 12 20 -14 21 16 -16 -17 19 -18 29 22 -15 -23 25 26 27 -22 -24 -1
right_child=1 -3 4 7 -6 6 -8 -9 -10 10 -12 -13 13 14 15 17 18 -19 -20 -21 24 23 28 -25 -26 -27 -28 -29 -30 -31
leaf_value=0.0086318444409395241 -0.020883314892266532 -0.0055886204874300753 0.0011673917093652426 0.028986727841916041 -0.0097238369801994681 0.011593590561284626 -0.022223844966145136 0.027871514029450557 -0.021778919179421079 -0.0067885911372995034 0.0145924796563237 0.0026326651937900519 -0.019406548807607452 -0.014063592355024109 -0.01666527184372505 0.0085772381092255861 0.069545043807265769 -0.0082400097376745217 0.0087390965349771112 0.016327405276164272 0.049953817892595211 -0.015223278583947453 -0.015476298888542786 0.018860418123965796 0.0019514164133330009 -0.0083382222830329627 -0.00060540960430276213 0.0039257041175206281 -0.00028678576544857352 -0.00094000265066416675
leaf_weight=581.18990439921618 90.131937960162759 755.01887676585466 2578.1511468337849 98.951296187238768 428.84435401111841 802.66710165143013 40.001116663217545 222.0781930796802 90.760886514559388 206.85414106142707 281.70075367065147 4723.4628988122568 370.27457133680582 1253.5904172901064 63.31087626516819 665.45157844945788 93.445767067372799 826.71561935916543 46.054287426173687 37.351573847234249 160.27910409495234 68.263849467039108 288.76011884585023 154.79049149667844 3844.5456654948648 192.74065579660237 118.65546021796763 83.676129747182131 1145.7134085036814 21780.400963899214
leaf_count=7249 2518 8816 20969 5271 2851 4031 194 1623 702 2410 2941 23372 2249 11197 299 4401 519 4677 236 200 1382 1046 2669 1624 31397 2986 1274 767 7109 367658
internal_value=1.3514e-05 0.00194726 0.00313189 0.0113441 0.00123283 0.0025947 0.00974648 0.0151431 0.000308679 0.00994575 0.00558515 -0.000283377 -0.000717546 -0.0043901 -0.00315354 0.00352078 0.0289227 -0.000732965 0.0452612 0.0565868 -2.81158e-05 -0.0071237 -0.00842299 0.00822377 0.00331692 0.0125682 0.0236063 0.0349425 -0.00343041 -0.000687478
internal_weight=42093.8 5595.16 4840.14 899.716 3940.42 3511.58 842.668 809.584 2668.91 587.506 488.555 36498.7 31775.2 5013.72 4643.45 1732.33 240.163 1492.17 176.852 130.797 26761.5 2911.12 2688.06 223.054 4399.9 555.351 362.611 243.955 1434.47 22361.6
internal_count=524637 52326 43510 14763 28747 25896 4225 12245 21671 10622 5351 472311 448939 36226 33977 10332 1254 9078 955 719 412713 23645 20975 2670 37806 6409 3423 2149 9778 374907
is_linear=0
shrinkage=0.04


Tree=136
num_leaves=31
num_cat=0
split_feature=11 10 7 9 8 10 10 10 14 9 17 4 16 10 14 10 9 13 10 9 10 8 13 10 10 10 10 7 10 2
split_gain=15.0365 72.3902 36.8272 38.6482 64.4273 37.3866 35.4675 87.7439 80.1226 61.9941 70.7046 58.1361 48.245 44.8462 156.876 93.7591 79.2787 67.6605 59.6288 57.4045 61.2977 78.6786 59.9509 51.9508 79.8174 122.935 106.204 128.784 112.206 96.6509
threshold=-0.19547851383686063 -0.96463498473167408 4.6389529705047616 77.125000000000014 18.375000000000004 -0.9769422411918639 -0.92599865794181813 -0.9193688929080962 0.1763095632195473 73.875000000000014 -1.7096902728080747 0.12344276905059816 -46.678493499755852 -0.87395131587982167 18.389338493347172 -0.81984052062034596 75.625000000000014 0.95709520578384411 -0.7785360813140868 78.875000000000014 -0.7996615171432494 20.125000000000004 1.8581500649452212 -0.74512827396392811 -0.60639065504074086 -0.64659911394119252 -0.68508586287498463 0.78448802232742321 -0.72174841165542591 1.5736942291259768
decision_type=2 2 2 2 2 2 2 2 2 2 2 2 2 2 2 2 2 2 2 2 2 2 2 2 2 2 2 2 2 2
left_child=1 2 3 4 -1 -5 8 9 -3 -8 11 -11 -10 14 16 -15 -9 -18 19 20 21 22 -17 -20 25 26 27 28 -25 -28
right_child=-2 6 -4 5 -6 -7 7 13 12 10 -12 -13 -14 15 -16 18 17 -19 23 -21 -22 -23 -24 24 -26 -27 29 -29 -30 -31
leaf_value=0.0014869841588998937 -0.0019802307139081478 0.033032654390817165 0.0025935427843976088 -0.028275654893957006 0.032151777894797881 0.0095595724210169892 -0.0117313549536205 -0.026106002250131904 0.024192283081517458 0.0071354271348775932 0.0073993521685174956 0.062429604141744595 -0.0082268641666772141 0.0078493806218647884 0.013160202476918877 -0.020056858954103345 -0.03222785552435397 -0.0016761385497613859 0.0086528953342341983 -0.024757952073206059 -0.014904462506677549 -0.020586699153187591 0.019322148417325043 -0.018243620952601552 0.00059576127793831634 -0.020338347451984647 -0.011338995354088643 -0.01175472126671516 0.0649681815203942 0.01694345982531386
leaf_weight=166.90280049294233 5283.0865323760081 73.921422880142927 731.38054101169109 41.918716916814446 315.15058730915189 205.06354140490294 76.086859323084354 462.32388779520988 67.020148184150457 46.16025310754776 151.36521052755415 98.834442913532257 1816.3469165414572 2472.0654588229954 501.14875025302172 65.623969074338675 125.10298539604992 828.69281292706728 1091.8974302113056 267.60538922250271 460.31709636189044 139.85390473529696 364.60727155953646 36.043300922960043 23130.369029148482 739.9523780234158 264.04453326761723 1344.0680224597454 58.237100875005126 657.54884919896722
leaf_count=1794 144780 1324 6984 495 2886 1557 450 7141 533 370 1777 832 22146 20574 2679 1270 2384 8370 10287 2232 5742 1602 2870 825 235839 10287 4919 15128 1192 5368
internal_value=1.32218e-05 0.000299869 0.00899603 0.0152971 0.0217806 0.00228763 -6.19484e-05 0.000245563 -0.00528121 0.019295 0.0273835 0.0464224 -0.00695154 2.48501e-05 -0.00589618 0.000391742 -0.012685 -0.00597621 -0.000254928 -0.00859806 -0.00420355 0.00454492 0.0129964 0.000144434 -0.000212914 -0.00622949 -0.00173855 -0.00850862 0.0344575 0.00880556
internal_weight=42082.7 36799.7 1460.42 729.036 482.053 246.982 35339.2 33381.9 1957.29 372.447 296.36 144.995 1883.37 33009.5 1917.27 31092.2 1416.12 953.796 28620.2 1298.01 1030.4 570.085 430.231 27322.2 26230.3 3099.89 2359.94 1438.35 94.2804 921.593
internal_count=524637 379857 13716 6732 4680 2052 366141 342138 24003 3429 2979 1202 22679 338709 20574 318135 17895 10754 297561 13716 11484 5742 4140 283845 273558 37719 27432 17145 2017 10287
is_linear=0
shrinkage=0.04


Tree=137
num_leaves=31
num_cat=0
split_feature=11 10 8 9 8 9 9 7 6 8 10 3 10 9 10 7 10 10 10 10 1 10 3 7 12 10 10 18 10 13
split_gain=14.6978 14.4257 16.7095 14.6208 23.9705 32.9947 41.4668 32.353 27.9627 25.0796 22.2576 21.688 78.5618 24.8318 35.6078 31.8821 79.3404 39.4678 34.3586 28.8958 35.2997 28.4023 93.0062 48.0237 82.9661 27.9434 62.0827 79.0719 67.1228 81.023
threshold=0.45655821263790136 0.48030318319797521 19.625000000000004 73.625000000000014 18.125000000000004 73.375000000000014 73.125000000000014 44.047140121459968 1.3745272755622866 16.125000000000004 -0.99630266427993763 68.487224578857436 0.088045001029968276 79.125000000000014 0.10516610741615297 5.2555959224700937 -0.98930078744888295 -0.98523971438407887 -0.92599865794181813 -0.11798679083585738 2.6909476518630986 -0.20285348594188687 6.1617779731750497 14.854859828948976 11.590206623077394 0.22386012226343158 0.019350802991539243 35.830081939697273 0.088045001029968276 0.16504216194152835
decision_type=2 2 2 2 2 2 2 2 2 2 2 2 2 2 2 2 2 2 2 2 2 2 2 2 2 2 2 2 2 2
left_child=1 3 -3 4 8 6 7 10 -1 -10 -6 13 -13 25 15 16 -15 -18 -19 21 -21 -17 -23 24 -24 26 -5 28 -28 -30
right_child=-2 2 -4 11 5 -7 -8 -9 9 -11 -12 12 -14 14 -16 19 17 18 -20 20 -22 22 23 -25 -26 -27 27 -29 29 -31
leaf_value=0.022227616814844559 -0.021989038691763562 -0.0021387213344982651 -0.029405128120523271 -0.00050370144557726937 -0.017832634801084171 -0.006250165531265308 0.0072317903625843871 -0.012080863746822797 -0.008798484055470953 0.0046269918952138453 0.0014730118374092862 -0.012326568791554091 0.039594898309024996 -0.019889102247658535 -0.0052004344798032452 0.0016819610449942388 0.044416745409892759 -0.0024835433312194659 0.013553170339103028 0.0047296128747962634 -0.014738093637759466 -0.0060876082651992259 -0.014913874075747359 0.063134517738717991 0.052461168375716155 0.0030133375122375124 -0.015091601775756851 -0.025120278958556987 0.026866730937875817 -0.0029009411384683732
leaf_weight=124.586839588359 38.526418679393828 102.9533323077485 46.748598175123334 20770.434328397969 90.52548548951745 1083.1170688897837 1347.7422795204911 378.70918077975512 233.06037549022585 2740.4128089912701 1923.4175991492812 528.78435312770307 41.320514194667339 134.25262949895114 978.92112579382956 4229.3850216008723 46.598366026766598 273.94756434857845 919.9126878187526 248.12479734420776 349.19560775160789 177.3599221482873 57.234477862715721 53.552199006080627 43.452205911278725 2828.2873625308275 615.93869513086975 334.5072852037847 156.97518376074731 1171.8652546219528
leaf_count=1477 11049 3296 2800 312928 946 6660 7992 1716 1216 14623 11990 3866 234 3894 11130 32569 652 6981 9510 1788 2253 960 333 246 206 42015 9599 2949 3240 15519
internal_value=1.2166e-05 3.75581e-05 -0.0119615 8.32928e-05 0.00162959 -0.000135282 0.00164737 -0.00151525 0.004369 0.00354874 0.000521414 -0.000277773 -0.00794569 -0.00014451 0.00187861 0.00294567 0.00833598 0.0115254 0.00988326 0.00149578 -0.00670656 0.00258231 0.0136804 0.0353983 0.0162751 -0.000732285 -0.00119299 -0.00744467 -0.00429146 0.000789904
internal_weight=42069.8 42031.3 149.702 41881.6 7921.57 4823.51 3740.39 2392.65 3098.06 2973.47 2013.94 33960 570.105 33389.9 7511.94 6533.02 1374.71 1240.46 1193.86 5158.3 597.32 4560.98 331.599 154.239 100.687 25878 23049.7 2279.29 1944.78 1328.84
internal_count=524637 513588 6096 507492 46620 29304 22644 14652 17316 15839 12936 460872 4100 456772 70522 59392 21037 17143 16491 38355 4041 34314 1745 785 539 386250 344235 31307 28358 18759
is_linear=0
shrinkage=0.04


Tree=138
num_leaves=31
num_cat=0
split_feature=1 11 10 13 8 10 10 10 9 7 10 7 16 9 14 9 3 12 7 9 11 13 8 17 4 15 10 8 14 4
split_gain=14.2795 27.9781 27.8795 53.81 42.7905 36.1136 31.0782 83.323 54.3033 53.7529 35.4238 73.5659 52.6102 46.2302 33.5907 53.7493 45.2009 41.9264 33.9546 41.5539 36.4267 32.5615 30.3198 29.0544 35.514 36.3969 28.2391 82.9158 126.037 60.9789
threshold=0.65836161375045787 0.31390938162803655 -0.99985146522521962 19.019130706787113 18.625000000000004 -0.99993467330932606 -0.98046803474426258 -0.97312742471694935 76.875000000000014 20.64811992645264 -0.93545487523078907 4.7471337318420419 -46.678493499755852 76.875000000000014 9.1728730201721209 78.125000000000014 3.2054357528686528 10.974666595458986 9.4830942153930682 78.125000000000014 -0.041917072609066956 15.494451045989992 20.625000000000004 0.17159254848957065 1.5738367438316347 1.0000000180025095e-35 -0.8978554606437682 19.875000000000004 22.113524436950687 0.10700470209121705
decision_type=2 2 2 2 2 2 2 2 2 2 2 2 2 2 2 2 2 2 2 2 2 2 2 2 2 2 2 2 2 2
left_child=1 -1 3 4 5 -2 14 8 9 -8 11 13 -13 23 15 -4 -17 18 19 20 -16 -22 -18 -9 25 -25 27 28 -12 -29
right_child=2 -3 6 -5 -6 -7 7 10 -10 -11 26 12 -14 -15 17 16 22 -19 -20 -21 21 -23 -24 24 -26 -27 -28 29 -30 -31
leaf_value=-0.00076261429052495154 0.012129956793140939 -0.014051361640943815 -0.013183358473129562 -0.021127621090934464 0.00011633885038661303 0.080483599026556857 0.031757488346099969 -0.0053442787640388834 -0.0034834614118681899 -0.017732674065391755 -0.014972405853199307 0.020604051412739927 -0.013398570641404602 -0.011123605112212991 0.042343819166964822 -0.0035381967258204449 0.05028708431694958 -0.0072788735911166746 0.00065953735815937181 -0.012915142249878843 -0.016779256209440537 0.038958291476401806 -0.0027085185788147913 0.047375652621863884 -0.00044364428821230844 0.0051141192959833683 0.00059823829232054598 -0.0018726589214327792 0.018968128966233351 0.030015953616751495
leaf_weight=14369.685531044379 25.051910663023591 248.10244968254119 907.80869741830975 31.75625347904861 37.03855618648231 26.375482996925712 289.51607842836529 63.890582820400596 136.15182949695736 33.324566226452589 430.541931822896 69.736516028642654 988.47738710418344 120.36071272660047 108.73930416628718 164.48115310166031 43.110351564362645 478.52694777399302 318.42618698440492 39.750084146857262 39.468625020235777 15.409121844917534 24.146938246674836 100.8048025611788 64.815243286080658 49.950068728998303 22114.086327396799 136.10983073851094 280.54058533906937 306.29867551522329
leaf_count=240695 340 36569 14935 360 1091 389 3026 1195 1870 244 6214 635 12147 1840 1228 2687 659 4920 3179 646 540 184 391 1635 859 662 179610 1736 1330 2821
internal_value=1.18425e-05 -0.000997611 0.000549672 0.0190142 0.034106 0.0545816 0.000461506 0.000855263 0.0175579 0.0262697 0.000538232 -0.00548856 -0.0109859 0.00897434 -0.00415514 -0.00881988 0.00811178 0.00119356 0.00895424 0.0213022 0.0298803 0.00246385 0.0333726 0.0177156 0.024484 0.0345622 0.00091809 0.00699226 -0.00150463 0.0203807
internal_weight=42062.5 14617.8 27444.7 120.222 88.4659 51.4274 27324.5 25184.6 458.992 322.841 24725.6 1458.04 1058.21 399.821 2139.87 1139.55 231.738 1000.32 521.793 203.367 163.617 54.8777 67.2573 279.461 215.57 150.755 23267.6 1153.49 711.083 442.409
internal_count=524637 277264 247373 2180 1820 729 245193 215824 5140 3270 210684 18973 12782 6191 29369 18672 3737 10697 5777 2598 1952 724 1050 4351 3156 2297 191711 12101 7544 4557
is_linear=0
shrinkage=0.04


Tree=139
num_leaves=31
num_cat=0
split_feature=6 10 9 12 1 7 17 6 8 10 11 4 10 10 9 10 7 10 4 7 6 10 10 14 6 10 10 10 10 10
split_gain=13.8346 32.5181 18.9111 18.539 15.9743 15.9562 33.199 30.3041 21.964 28.0212 20.5122 30.6284 27.7579 17.8471 16.8609 26.6679 39.1478 61.9581 35.2124 29.5285 76.8284 33.2064 27.5458 27.1871 32.2314 26.8386 36.5241 110.424 66.9506 44.6778
threshold=75.043735504150405 -0.15207348018884656 73.125000000000014 104.26538467407228 14.781302928924562 44.047140121459968 21.386577606201175 41.267499923706062 18.125000000000004 -0.53584328293800343 -0.97315269708633412 22.82406044006348 -0.9550008475780486 -0.44600489735603327 79.625000000000014 0.088045001029968276 5.2555959224700937 -0.98930078744888295 21.046273231506351 6.5302135944366464 11.688170909881594 0.1393099054694176 -0.18598018586635587 0.95048254728317272 3.5368528366088872 -0.11798679083585738 -0.60639065504074086 -0.53584328293800343 -0.36747109889984125 -0.81984052062034596
decision_type=2 2 2 2 2 2 2 2 2 2 2 2 2 2 2 2 2 2 2 2 2 2 2 2 2 2 2 2 2 2
left_child=3 2 -2 5 -5 7 8 14 -7 -10 -9 12 -12 -11 -1 16 17 -16 25 21 -21 -17 23 -19 -25 26 29 -28 -29 -18
right_child=1 -3 -4 4 -6 6 -8 10 9 13 11 -13 -14 -15 15 19 18 22 -20 20 -22 -23 -24 24 -26 -27 27 28 -30 -31
leaf_value=-0.00036656122110673123 -0.0039264813133187007 -0.012293390668173866 0.019251964533211617 0.0075208850114840053 -0.016215010496311466 -0.0016396692202118458 0.014004295560829294 -0.0016266810617802444 -0.023776464906420994 0.011585105492815667 -0.012169856514498111 -0.0038066155863653922 0.017988888883353531 -0.010237004839739532 -0.020035020315912446 -0.031153442562874226 0.0018807270485298206 0.027052778252866422 0.008718916920398152 0.046146021651456232 -0.012856534481101847 -0.0047308886344566313 0.025592818027154178 -0.005703587542240973 0.01443846031659881 -0.010609710790973019 0.035538425805386853 -0.012046213657775598 0.0086100053612014268 -0.012830354685121323
leaf_weight=33703.72202905966 70.026081211864948 93.036242753267288 226.03117668628693 52.412766747176647 187.12782252952456 625.98280226439238 130.17775319516659 313.35367488116026 206.66204164922237 72.553979903459549 47.124206993728876 175.29319833964109 495.37737584114075 214.79557844996452 86.682917180471122 79.851715598255396 877.14176491089165 101.63508802861907 804.24453140702099 50.065312318503857 77.940467894077301 535.49412959162146 227.98509199172258 232.04039743449539 260.42510643298738 369.19862085580826 161.95023022592068 388.93452205508947 667.44462485611439 517.78901701420546
leaf_count=459543 315 400 1149 340 959 2875 603 1397 1054 313 289 834 2308 934 2518 651 8924 5271 5900 368 587 7154 1623 2907 2443 2443 969 2415 3355 3796
internal_value=1.27564e-05 0.00742477 0.0138204 -5.82292e-05 -0.0109282 7.25058e-06 -0.0044248 0.000146239 -0.0066718 -0.0128892 0.00688149 0.0105671 0.0151963 -0.00452275 -3.29027e-05 0.00203162 0.0031471 0.0105551 0.00134614 -0.00496275 0.011892 -0.00860302 0.0139827 0.00917738 0.00502328 -0.000664485 0.000775654 0.00581114 0.000963214 -0.00363238
internal_weight=42052.5 389.094 296.057 41663.4 239.541 41423.9 1250.17 40173.7 1119.99 494.012 1031.15 717.795 542.502 287.35 39142.5 5438.82 4695.47 908.769 3786.7 743.352 128.006 615.346 822.086 594.101 492.466 2982.46 2613.26 1218.33 1056.38 1394.93
internal_count=524637 1864 1464 522773 1299 521474 5779 515695 5176 2301 4828 3431 2597 1247 510867 51324 42564 14762 27802 8760 955 7805 12244 10621 5350 21902 19459 6739 5770 12720
is_linear=0
shrinkage=0.04


Tree=140
num_leaves=31
num_cat=0
split_feature=11 10 9 9 3 4 11 3 10 9 10 8 13 10 10 8 11 11 10 7 10 10 10 11 14 2 17 4 12 12
split_gain=13.7382 13.7783 23.0961 13.7504 22.9871 26.0896 23.4814 20.4104 73.413 22.2652 29.6094 40.8553 28.6348 77.5259 65.5847 50.9809 57.1742 49.0421 28.2104 27.6786 69.8019 35.1349 29.9988 27.1663 25.8931 28.4413 27.4348 25.56 37.6932 38.4606
threshold=0.45655821263790136 0.46514528989791876 75.875000000000014 73.625000000000014 19.844645500183109 4.3587820529937753 -0.98212954401969899 68.487224578857436 0.088045001029968276 79.125000000000014 0.40318277478218084 20.125000000000004 0.0092320116236805933 0.12225609645247461 0.35544221103191381 19.125000000000004 -0.39233249425888056 -0.32816398143768305 0.10516610741615297 5.2555959224700937 -0.98930078744888295 -0.98523971438407887 -0.92599865794181813 0.14675828069448474 5.903369903564454 2.908180952072144 1.278343737125397 27.031860351562504 62.348731994628913 19.126298904418949
decision_type=2 2 2 2 2 2 2 2 2 2 2 2 2 2 2 2 2 2 2 2 2 2 2 2 2 2 2 2 2 2
left_child=1 3 -3 4 -1 6 -6 9 -9 10 12 24 13 15 -15 16 -5 -18 19 20 -11 23 -23 -22 25 26 -12 -21 29 -29
right_child=-2 2 -4 7 5 -7 -8 8 -10 18 11 -13 -14 14 -16 -17 17 -19 -20 27 21 22 -24 -25 -26 -27 -28 28 -30 -31
leaf_value=0.0033016792421017753 -0.021526100368436385 -3.3070459392249271e-05 -0.023961624320113662 -0.020351405000722397 -0.019619236994050503 0.00071434950177168852 -0.0028757549565564477 -0.011985600673294926 0.037996125326763913 -0.01917699281571256 0.017900381397052825 -0.010507453214577321 -0.00059312179625219846 0.030484071565622457 -0.021709391663184793 -0.019608056258070029 0.062812259861379532 0.0050315996140153267 -0.0045716056868765594 0.00014746921520959042 0.057917647463792798 -0.0024753287017497093 0.01247999890756289 -0.001937521223599435 -0.024947655463571281 0.04752522002946661 -0.011547767362463785 0.0050301010786988898 -0.027472933598497354 0.026475085378192272
leaf_weight=4857.5120004478376 37.32951796380803 175.24732996337116 92.189983505755663 131.56052802689373 194.0693344026804 2435.5966849776451 402.98893368733115 525.85450250934809 41.822356253862381 130.20687966607511 279.71281814575195 125.11219470947981 24184.040907874703 129.22032771632075 45.092843664810061 541.38772420352325 16.802476689219475 210.76114716683514 962.9389864243567 4344.7909760139883 32.459735900163651 273.98335726652294 933.22114573069848 16.103266218677163 15.941890284419058 35.911127842962742 54.106860093772411 619.24794491566718 36.459066584706306 163.27675733715296
leaf_count=31210 11049 4500 5025 3828 851 11927 2317 3866 234 3894 5737 3420 326382 3140 1439 27102 315 10904 10644 32208 265 6981 9510 387 108 510 737 4870 233 1044
internal_value=1.23385e-05 3.65969e-05 -0.008848 9.56278e-05 0.00159827 -0.00113201 -0.00855163 -0.000254996 -0.00770931 -0.000125574 -0.000684245 0.00875744 -0.000878565 -0.00723649 0.0165369 -0.0119694 -0.000234744 0.0117623 0.00178911 0.0027298 0.00772815 0.0106473 0.00909333 0.0411282 0.0151146 0.0174535 0.0129303 0.00137589 0.00781237 0.00978228
internal_weight=42044.9 42007.6 267.437 41740.2 7890.17 3032.65 597.058 33850 567.677 33282.3 25769.7 510.785 25258.9 1074.83 174.313 900.512 359.124 227.564 7512.69 6549.75 1385.97 1255.77 1207.2 48.563 385.673 369.731 333.82 5163.77 818.984 782.525
internal_count=524637 513588 9525 504063 46305 15095 3168 457758 4100 453658 383622 10512 373110 46728 4579 42149 15047 11219 70036 59392 21037 17143 16491 652 7092 6984 6474 38355 6147 5914
is_linear=0
shrinkage=0.04


Tree=141
num_leaves=31
num_cat=0
split_feature=8 11 11 12 9 9 14 8 13 0 11 10 9 17 11 10 9 11 11 13 13 7 7 6 14 14 8 9 13 10
split_gain=13.6671 25.3339 23.7091 67.9889 65.8437 23.5643 22.9656 22.1364 27.1015 23.5482 21.1909 21.1097 20.7303 19.5734 17.4454 17.1486 17.5334 16.5879 56.1075 52.1147 70.9444 48.8921 41.8946 62.1375 39.1128 37.7355 36.1333 62.9856 30.6475 32.6539
threshold=16.875000000000004 0.3624663800001145 0.34638161957263952 0.1959948614239693 75.875000000000014 74.125000000000014 0.78203183412551891 16.375000000000004 5.0454072952270517 3.4313752651214604 -0.98372924327850331 -0.91597726941108693 79.875000000000014 8.3741865158081072 0.33019435405731207 0.46514528989791876 75.875000000000014 -0.99628248810768116 -0.99552518129348744 9.0880498886108416 30.638908386230472 11.593487262725832 10.116318225860597 23.512270927429203 52.571302413940437 1.2903282046318056 20.625000000000004 74.875000000000014 14.184340953826906 0.05372969992458821
decision_type=2 2 2 2 2 2 2 2 2 2 2 2 2 2 2 2 2 2 2 2 2 2 2 2 2 2 2 2 2 2
left_child=5 2 14 -4 -5 6 -1 8 10 -9 -8 -12 -3 -7 15 17 -17 22 19 21 -21 26 25 -24 28 -2 27 -19 -25 -30
right_child=1 12 3 4 -6 13 7 9 -10 -11 11 -13 -14 -15 -16 16 -18 18 -20 20 -22 -23 23 24 -26 -27 -28 -29 29 -31
leaf_value=0.023465373745227645 -0.011781772715425859 -0.018841540472878136 -0.023715021987845454 -0.00054898140238512916 0.11152431079309917 -0.0061347386495036694 -0.019691153777409636 -0.0046593596292275139 -0.0014567966433544684 0.01003088376412554 0.0046830651365940001 0.031906548027382624 0.02022403387633891 0.013245974507680206 -0.024826310854505592 -0.0015868765816918942 -0.023589566488658193 -0.0085386559203183016 -3.7290499399823797e-06 -0.017980776400326463 0.042496128409292462 -0.023412410680202039 -0.017655454357228789 -0.010846892369947217 -0.022020567761880758 0.0027566567961866879 0.0051701185316231635 0.053885091959394123 0.022964484479998812 -0.013466339426218749
leaf_weight=83.39846869930625 332.15801106765866 169.99631160241552 19.034954420756549 14.893733090721073 8.91672226320952 691.51892842678353 18.621267758309841 205.8026257448364 1530.314959182404 979.00780769111589 97.471011755988002 82.895329258637503 16.438575136475265 85.130524624139071 35.888741136994213 141.34686140250415 90.098620210774243 28.987336404621601 34344.659772956744 116.56841901317239 31.168217815458775 21.172139327973127 596.28212676569819 84.897938955575228 72.203859448432922 1719.8543733842671 61.023465823382139 123.41024697944522 191.82471442222595 41.853641577064991
leaf_count=1418 7237 27390 2347 598 295 9141 123 2341 7939 5272 1362 823 2490 498 3240 3975 5025 430 414720 766 185 133 4481 469 302 18737 523 1203 908 266
internal_value=1.1941e-05 -0.000214798 -0.000140843 0.0266332 0.0619929 0.00230512 0.00391237 0.00327445 0.00037932 0.00746154 0.013894 0.0182136 -0.0145428 -0.00386899 -0.000177997 -0.000148191 -0.0107745 -8.02336e-05 0.000168089 0.0152091 -0.00333663 0.0265474 -0.00290901 -0.00963549 0.00273716 0.000357605 0.0323296 0.0422169 0.00884779 0.0161546
internal_weight=42036.8 38262.7 38076.2 42.8454 23.8105 3774.16 2997.51 2914.11 1729.3 1184.81 198.988 180.366 186.435 776.649 38033.4 37997.5 231.445 37766.1 34727 382.33 147.737 234.593 3039.07 987.062 390.78 2052.01 213.421 152.398 318.576 233.678
internal_count=524637 495720 465840 3240 893 28917 19278 17860 10247 7613 2308 2185 29880 9639 462600 459360 9000 450360 417960 3240 951 2289 32400 6426 1945 25974 2156 1633 1643 1174
is_linear=0
shrinkage=0.04


Tree=142
num_leaves=31
num_cat=0
split_feature=5 10 12 1 8 11 11 7 6 4 3 14 9 10 4 10 10 14 4 17 10 10 17 8 4 9 10 8 10 14
split_gain=12.9871 17.9182 16.565 16.7269 15.7261 15.571 43.0472 38.5726 47.7689 43.3209 45.6705 41.8553 57.5067 85.1641 35.6811 60.6852 35.529 81.3885 55.8329 47.1707 40.4499 129.088 79.879 114.49 75.5306 57.0743 66.5504 53.02 47.965 46.3026
threshold=93.946643829345717 0.05372969992458821 104.26538467407228 14.781302928924562 19.375000000000004 -0.92602273821830738 -0.93845868110656727 1.9536182284355166 1.7077105641365053 9.2803416252136248 0.53944706916809093 9.2932071685791033 78.625000000000014 -0.36747109889984125 11.376863956451418 0.1732888147234917 -0.47652685642242426 8.9462265968322772 8.2497897148132342 1.5441477894783022 -0.59262362122535694 -0.64659911394119252 -3.9992388486862178 20.375000000000004 54.812696456909187 73.875000000000014 -0.60639065504074086 16.875000000000004 -0.57868120074272145 3.1110924482345585
decision_type=2 2 2 2 2 2 2 2 2 2 2 2 2 2 2 2 2 2 2 2 2 2 2 2 2 2 2 2 2 2
left_child=2 4 5 -4 -2 6 14 -8 -9 11 -11 -10 -13 -14 -1 -16 20 18 -18 -19 21 -7 24 27 28 -23 -27 -24 -22 -25
right_child=1 -3 3 -5 -6 16 7 8 9 10 -12 12 13 -15 15 -17 17 19 -20 -21 22 25 23 29 -26 26 -28 -29 -30 -31
leaf_value=-0.00072568398325013439 0.016404293376089493 -0.012821113053187647 0.0071943195944320281 -0.017761673081319238 -0.0054086711884374075 0.00012288655921428442 -0.0034576863034133194 0.048516856485270779 0.0057167502899044377 0.030024145456533577 -0.0093602786521685428 0.035982590336860187 -0.034615892141034575 0.027887314274550625 0.0053156571023410849 -0.023207502730082853 -0.0017976615688928919 -0.01829168689471487 0.017654306346986903 -0.0036234947020974198 0.049943978316424456 -0.0002928026783491428 0.015515488179936905 0.038397845549798693 -0.014935011398122391 -0.029013320365227805 -0.0020039757224637636 -0.0093725719751120602 0.015404358021000311 0.0090391374268849935
leaf_weight=11371.593535127118 222.92049815505743 48.934583351016045 52.581790003925562 148.93297023326159 63.044945664703846 18058.092093284242 393.29485380277038 42.307454537600279 439.0058332644403 46.297731921076775 280.85750235617161 224.12926042079926 49.649128511548042 74.056463643908501 2904.5175355784595 114.67201629467309 2008.4608888709918 775.56328684091568 257.37372313253582 644.7454449236393 64.321519926190376 310.40081525593996 145.44309879094362 97.043250717222691 114.48760235309601 478.65945779904723 210.36199498549104 1192.294189715758 701.19584466889501 494.9575149603188
leaf_count=118486 1129 207 340 779 297 277891 5629 476 3692 277 1653 1266 244 326 19940 1100 38432 5205 2632 4012 504 1717 911 1318 584 8817 2979 14606 4930 4258
internal_value=1.1953e-05 0.00774199 -5.19768e-05 -0.0112176 0.0115751 4.93872e-06 0.00098566 0.00729793 0.0109545 0.00910903 -0.00306155 0.0141443 0.0243237 0.00208893 0.000301359 0.00415928 -0.000606988 -0.00423413 0.000479731 -0.011705 6.09214e-06 -0.000655184 0.00447771 -9.39316e-05 0.0143912 -0.0145757 -0.0209139 -0.00657162 0.0189131 0.0144096
internal_weight=42030.2 334.9 41695.3 201.515 285.965 41493.8 15940.4 1549.6 1156.3 1114 327.155 786.841 347.835 123.706 14390.8 3019.19 25553.4 3686.14 2265.83 1420.31 21867.3 19057.5 2809.74 1929.74 880.005 999.422 689.021 1337.74 765.517 592.001
internal_count=524637 1633 523004 1119 1426 521885 153089 13563 7934 7458 1930 5528 1836 570 139526 21040 368796 50281 41064 9217 318515 291404 27111 21093 6018 13513 11796 15517 5434 5576
is_linear=0
shrinkage=0.04


Tree=143
num_leaves=31
num_cat=0
split_feature=8 10 18 10 9 9 9 13 10 10 14 11 4 17 8 10 7 4 11 0 11 7 10 13 10 10 10 7 11 10
split_gain=12.9034 23.1007 17.5939 14.7608 18.2487 14.3657 25.4567 43.3501 31.7969 57.6899 58.2486 30.8193 45.4227 44.8074 40.5246 44.4091 37.6735 37.0015 52.1924 69.0409 33.9879 44.1244 38.4029 42.6532 36.5014 32.9629 46.1039 35.5115 35.2897 31.9751
threshold=15.875000000000002 -0.3992436677217483 28.235746383666996 0.46514528989791876 75.875000000000014 73.625000000000014 75.875000000000014 1.0000000180025095e-35 0.1393099054694176 0.30675521492958074 2.4973345994949345 -0.96904978156089772 7.3300845623016366 3.5127635002136235 17.625000000000004 0.29033823311328893 10.805946826934816 3.8395496606826787 0.026874557137489322 2.8168561458587651 -0.98049351572990406 9.8429808616638201 0.10516610741615297 0.18867770582437518 0.019350802991539243 -0.75648915767669667 -0.98046803474426258 5.3126401901245126 -0.95752304792404164 0.1393099054694176
decision_type=2 2 2 2 2 2 2 2 2 2 2 2 2 2 2 2 2 2 2 2 2 2 2 2 2 2 2 2 2 2
left_child=1 -1 -3 5 -5 -2 11 8 -8 10 -10 12 20 17 15 -15 25 -13 19 -19 21 22 24 29 -7 26 -16 -28 -27 -24
right_child=3 2 -4 4 -6 6 7 -9 9 -11 -12 13 -14 14 16 -17 -18 18 -20 -21 -22 -23 23 -25 -26 28 27 -29 -30 -31
leaf_value=-0.0014174629618922175 0.0015184774710634381 0.025017266787016691 0.0050820517938103575 -0.0014255576667235592 -0.023190727937744966 -0.0015449083155830916 -0.012998528361931317 0.00076938068850205957 0.060003582680222517 -0.0098550682383945175 -0.01130171991103191 -0.00035879428358543888 0.0036733940628908726 0.014998859535514542 -0.0090151353762317286 -0.01351352306179982 -0.014769739696953782 -0.01671540048035778 0.0095442243820869719 -0.0014889872866140866 -0.018716803977343346 -0.020622910703902774 -0.0083569007611882171 0.0037391516628127609 -0.020042567123819025 0.020090001469339529 0.028519660100387267 0.0041054129654243595 -0.011189524590192255 0.066720004965896654
leaf_weight=344.40334140649065 7893.8279743299354 117.93972313404083 173.6644321680069 170.12288615480065 87.944636326283216 682.56778323464096 616.71708516334184 21076.814730939455 38.016893548890948 132.22355019301176 25.224857863038778 4860.152886942029 590.75158484652638 690.96543571539223 144.92944111861289 91.963577941060066 219.6859783846885 928.10543254390359 270.81403099908493 972.60424755141139 432.53352747112513 254.47243323177099 9.6846006289124471 200.23240679316223 218.47070242837071 60.867779690772295 193.40942299342714 186.76949022943154 310.32517587766051 23.331404566764832
leaf_count=2652 47320 724 755 4425 5025 12692 34272 230989 893 5279 319 101165 6573 5365 2307 709 2264 17844 8036 8713 6806 1855 247 3637 4675 610 2251 1786 3872 577
internal_value=1.22377e-05 0.00562182 0.013707 -7.53112e-05 -0.00943114 -1.43237e-05 -0.000378772 0.000418231 -0.00859291 0.00526347 0.0339026 -0.00191584 -0.00591807 -0.000829476 0.00460739 0.0115216 -0.000302558 -0.00230217 -0.00663011 -0.00897253 -0.00903222 -0.00590368 -0.00245011 0.0116978 -0.00620072 0.00336723 0.0097406 0.0169384 -0.00566787 0.0478745
internal_weight=42019.5 636.007 291.604 41383.5 258.068 41125.5 33231.6 21889 812.182 195.465 63.2418 11342.6 2412.04 8930.59 1898.92 782.929 1115.99 7031.68 2171.52 1900.71 1821.29 1388.76 1134.29 233.248 901.038 896.301 525.108 380.179 371.193 33.016
internal_count=524637 4131 1479 520506 9450 511056 463736 271752 40763 6491 1212 191984 37062 154922 19164 6074 13090 135758 34593 26557 30489 23683 21828 4461 17367 10826 6344 4037 4482 824
is_linear=0
shrinkage=0.04


Tree=144
num_leaves=31
num_cat=0
split_feature=11 8 12 12 11 11 2 10 3 4 15 1 13 10 10 7 9 18 9 10 9 10 10 8 4 9 0 10 9 10
split_gain=12.6579 12.4158 13.4144 25.383 12.7032 39.7526 35.7588 35.6599 63.5389 94.927 45.5849 45.0695 42.5759 41.8647 127.267 78.1558 103.722 80.2899 67.5789 68.2245 61.6877 61.8524 59.8809 51.1872 54.718 61.4119 66.5758 41.7968 116.352 101.055
threshold=0.45655821263790136 21.625000000000004 1.4411577582359316 11.375940322875978 -0.92602273821830738 -0.93845868110656727 31.785283088684086 -0.47652685642242426 1.6825788617134096 1.080802917480469 0.18750000000000003 63.806539535522468 16.09366607666016 -0.59262362122535694 -0.64659911394119252 6.4565565586090097 74.125000000000014 2.2428873777389531 73.875000000000014 -0.60639065504074086 78.375000000000014 -0.53584328293800343 -0.53584328293800343 19.375000000000004 3.9771817922592168 77.875000000000014 0.20073662698268893 -0.52124115824699391 78.125000000000014 -0.56456753611564625
decision_type=2 2 2 2 2 2 2 2 2 2 2 2 2 2 2 2 2 2 2 2 2 2 2 2 2 2 2 2 2 2
left_child=1 4 -3 -4 5 -1 -7 13 9 12 -11 -10 -9 14 -6 16 -15 20 -16 -20 -17 -22 23 -18 25 26 -25 28 -19 -30
right_child=-2 2 3 -5 7 6 -8 8 11 10 -12 -13 -14 15 18 17 22 27 19 -21 21 -23 -24 24 -26 -27 -28 -29 29 -31
leaf_value=0.00020739386579097981 -0.020968245368541347 -0.0019622749969450447 0.029059718901341056 -0.0064019616721482106 0.00014470544476773804 0.0045113236870593446 0.022392642945005922 -0.0024836738090016578 -0.012462140442118352 0.0072454634521091502 0.033971585633802988 0.0084239598201106356 -0.02948203051585261 0.051612647121794857 0.00052175072591146882 0.055019192740976372 -0.018357507489564981 -0.0077937234195696583 -0.029715486513928083 -0.0022371692898988595 0.036327407389219184 -0.027638240121363258 -0.025438146350813564 0.078094712960421225 -0.013132905167469552 -0.010368345207654743 0.0027193571820312381 0.012383088583150889 0.041277387723688816 0.0011117297992816317
leaf_weight=14531.544678611681 35.961988648399711 97.96353174909018 83.940584394149482 44.497854674234986 18042.406819125172 1374.334710566327 197.44701482728124 1547.6700901286677 1440.7882788926363 318.74232931155711 145.78279635682702 179.53494049608707 89.6850426197052 33.815852409228683 329.78966665640473 88.532537903636694 128.5808670129627 808.34364038147032 473.55858819186687 208.686847506091 40.69370249658823 36.581872217357159 275.99293860979378 40.627308147028089 68.262160466983914 36.15594869852066 30.959359787404537 874.36391529068351 165.42797342687845 235.12136223912239
leaf_count=139482 11049 2420 1125 499 265356 12582 1026 31642 12065 4015 1050 930 572 523 1800 1006 3249 5890 8856 2952 377 338 5379 792 955 416 512 5324 902 1553
internal_value=1.16449e-05 3.46121e-05 0.00917564 0.0171989 -1.71514e-05 0.000863031 0.00688494 -0.000570073 -0.00418436 0.000410259 0.0161721 -0.0101104 -0.00413248 4.53509e-05 -0.000633056 0.00454619 -0.00800606 0.00799545 -0.0143646 -0.0214641 0.0339877 0.0063492 -0.0122937 4.68508e-05 0.0137563 0.0304609 0.0498256 0.00577422 0.000931807 0.0183016
internal_weight=42005.8 41969.8 226.402 128.438 41743.4 16103.3 1571.78 25640.1 3722.2 2101.88 464.525 1620.32 1637.36 21917.9 19054.4 2863.46 614.394 2249.07 1012.04 682.245 165.808 77.2756 580.579 304.586 176.005 107.743 71.5867 2083.26 1208.89 400.549
internal_count=524637 513588 4044 1624 509544 153090 13608 356454 50274 37279 5065 12995 32214 306180 278964 27216 11826 15390 13608 11808 1721 715 11303 5924 2675 1720 1304 13669 8345 2455
is_linear=0
shrinkage=0.04


Tree=145
num_leaves=31
num_cat=0
split_feature=8 10 18 10 9 9 9 13 8 11 11 10 6 10 2 11 8 0 10 8 13 10 14 8 9 11 11 4 4 8
split_gain=12.0864 21.1054 16.0712 13.6233 17.5213 13.2633 23.292 39.912 30.2229 32.6865 63.7224 41.683 45.7322 29.3115 48.1109 100.159 55.6797 41.86 67.6927 68.5794 53.6541 51.4865 65.6533 83.6331 36.9964 36.9373 39.2862 38.1097 37.4856 36.3053
threshold=15.875000000000002 -0.3992436677217483 28.235746383666996 0.46514528989791876 75.875000000000014 73.625000000000014 75.875000000000014 1.0000000180025095e-35 18.625000000000004 -0.94978386163711537 -0.99052476882934559 -0.16905184835195539 5.4508428573608407 -0.92274349927902211 1.0000000180025095e-35 -0.32816398143768305 20.375000000000004 3.2355918884277348 0.30675521492958074 19.625000000000004 1.3223326802253725 0.35544221103191381 3.3779484033584599 18.875000000000004 75.375000000000014 -0.96904978156089772 -0.96234029531478871 5.2943031787872323 5.2943031787872323 21.125000000000004
decision_type=2 2 2 2 2 2 2 2 2 2 2 2 2 2 2 2 2 2 2 2 2 2 2 2 2 2 2 2 2 2
left_child=1 -1 -3 5 -5 -2 13 8 -8 10 -10 -12 -13 14 15 16 -7 18 19 24 21 22 23 -20 -15 28 27 -27 -19 -28
right_child=3 2 -4 4 -6 6 7 -9 9 -11 11 12 -14 17 -16 -17 -18 25 20 -21 -22 -23 -24 -25 -26 26 29 -29 -30 -31
leaf_value=-0.0013020375083443369 0.0014582188441079108 0.02389425042674875 0.004879274834250112 -0.0013016883025625534 -0.022782221978580357 0.046568257262591901 0.015191033436823554 0.00073247832213948951 -0.020271086398876741 -0.015468080144712586 -0.022226668703942111 0.051047009110158206 -0.014912506817775603 -0.013440083184985342 -0.0028785755744571424 0.0032270989866533305 -0.019340017687202542 -0.011798897829746843 0.10838855106284202 0.0010689203781505841 -0.005825837277102318 0.0083702030320217721 -0.018204878697708232 0.011637675063102313 -0.0014089112954940534 0.030067182226151658 -0.00036953445782489451 -0.016858321143012413 0.003374712549663204 0.015444295903928604
leaf_weight=344.01177202840336 7894.7941095039714 118.97916166856885 173.52311520278454 169.61307241767645 85.827345112338662 126.73257017321885 70.91805575042963 21084.15320198331 83.917607543990016 554.43486644537188 17.243836667388678 61.646036490797997 16.988377626985312 2165.6306213326752 1702.3738810699433 1158.1517050405964 18.446965724229813 709.24214005470276 23.453408159315586 1004.8924698636401 280.8516187556088 237.35342719778419 15.247816182672976 29.714913642033935 506.69755173893645 127.39003810286522 2537.8159501852933 27.742530692368746 402.67190345190465 245.63938783947378
leaf_count=2652 47320 724 755 4425 5025 2043 3150 230989 1509 34137 513 1266 188 51509 27946 28483 316 7955 360 19966 3723 4857 240 631 12902 1090 24161 175 2826 2801
internal_value=1.20817e-05 0.00543899 0.0131481 -7.27316e-05 -0.00910547 -1.43969e-05 -0.000364813 0.000397045 -0.00828805 -0.0107295 0.0039279 0.0250222 0.0367222 -0.00183705 0.00154451 0.00729974 0.0374871 -0.0030599 -0.0058213 -0.00783349 0.00671191 0.0180477 0.0462726 0.0647184 -0.0111726 -0.000145868 0.00220489 0.0211627 -0.00632278 0.00107632
internal_weight=41996.1 636.514 292.502 41359.6 255.44 41104.1 33209.4 21889.3 805.149 734.231 179.796 95.8783 78.6344 11320 3005.71 1303.33 145.18 8314.34 4263.84 3677.22 586.621 305.77 68.4161 53.1683 2672.33 4050.5 2938.59 155.133 1111.91 2783.46
internal_count=524637 4131 1479 520506 9450 511056 463736 271752 40763 37613 3476 1967 1454 191984 58788 30842 2359 133196 94188 84377 9811 6088 1231 991 64411 39008 28227 1265 10781 26962
is_linear=0
shrinkage=0.04


Tree=146
num_leaves=31
num_cat=0
split_feature=3 10 11 10 10 13 4 1 9 13 10 10 10 1 10 13 4 4 2 12 17 10 10 10 8 10 13 10 8 9
split_gain=12.1745 29.584 46.4224 55.421 65.096 146.036 59.0884 47.0763 46.8332 43.5786 37.5753 34.4235 46.7202 39.345 30.2476 29.9567 29.4661 28.6206 32.8267 36.908 28.456 44.0827 65.4082 34.7993 58.9239 71.7634 34.5817 29.5275 32.4966 26.4781
threshold=19.066512107849125 -0.36747109889984125 -0.99628248810768116 0.1393099054694176 0.088045001029968276 2.8264905214309697 7.1868534088134775 6.9790396690368661 77.625000000000014 2.9948449134826665 -0.01505099539645016 -0.47652685642242426 -0.52124115824699391 68.288406372070327 -0.049434980377554887 3.4700344800949101 52.355894088745124 5.5890665054321298 9.3494195938110369 6.7723407745361337 -8.0237441062927228 1.0000000180025095e-35 -0.049434980377554887 -0.44600489735603327 20.125000000000004 -0.59262362122535694 4.1274633407592782 -0.82956761121749867 17.875000000000004 73.875000000000014
decision_type=2 2 2 2 2 2 2 2 2 2 2 2 2 2 2 2 2 2 2 2 2 2 2 2 2 2 2 2 2 2
left_child=20 11 7 4 9 8 -7 -3 -6 -4 14 12 -2 -13 -9 -5 17 -14 19 -19 21 22 23 24 25 27 -26 28 -1 -23
right_child=1 2 3 15 5 6 -8 10 -10 -11 -12 13 16 -15 -16 -17 -18 18 -20 -21 -22 29 -24 -25 26 -27 -28 -29 -30 -31
leaf_value=-0.0052596922084878518 -0.0032575247300627437 -0.018376831149068885 -0.014693698555472257 0.010735973902076033 0.026571737702834747 -0.013966617029925457 0.031804465150488237 0.0029752514943826793 0.10137855726059813 0.0068150847913719384 -0.0086026872227583095 -0.014702107779064119 -0.00071462245250323078 0.0097224180683062253 0.039434792712968056 -0.012754515929263155 -0.010413263467698584 0.02460402954510986 0.036080030014957687 -0.023095922870341946 5.5695997109649718e-05 0.0042970729985817094 0.043632812824126697 -0.0042255676036993383 -0.012850412398995013 0.043858728207664725 0.0091804257607974622 -0.0043896043328209627 0.020274498537969417 -0.021029729359942892
leaf_weight=95.618382700253278 3689.2486832765862 318.23027101531625 158.74318943917751 103.67466781660914 33.19397908449173 98.363871365785599 67.725253224372864 94.127716738730669 33.624972261488438 1441.7590678930283 193.08552721142769 665.44995398260653 108.48912733793259 117.86236479878426 51.29528446868062 377.30668668448925 76.287816181778908 49.577064014971256 131.15644895285368 36.205162115395069 32212.016398956301 111.23445872217417 66.378915842622519 416.32709097117186 232.10195633070543 113.66322464868426 205.90726691577584 160.50281936861575 381.9908387020696 142.84531193971634
leaf_count=939 32556 2780 1520 1148 333 619 345 445 198 7723 1020 4187 710 599 260 2366 365 336 620 183 449935 509 393 2833 2861 674 1685 1295 3640 1560
internal_value=1.22183e-05 -0.00140763 0.00173487 0.00439849 0.00756387 0.0268781 0.00544346 -0.00757709 0.072513 0.00460378 0.00281167 -0.00332278 -0.00183908 -0.0109508 0.0175455 -0.00757565 0.0109503 0.0161195 0.0241987 0.00416241 0.000338832 0.0050481 0.00741124 0.00565351 0.00911679 0.0158409 -0.00252001 0.0102505 0.0151595 -0.010199
internal_weight=41984 7845.41 2971.13 2314.39 1833.41 232.908 166.089 656.739 66.819 1600.5 338.509 4874.28 4090.96 783.312 145.423 480.981 401.716 325.428 216.939 85.7822 34138.6 1926.57 1672.49 1606.11 1189.78 751.775 438.009 638.112 477.609 254.08
internal_count=524637 58313 18757 14252 10738 1495 964 4505 531 9243 1725 39556 34770 4786 705 3514 2214 1849 1139 519 466324 16389 14320 13927 11094 6548 4546 5874 4579 2069
is_linear=0
shrinkage=0.04


Tree=147
num_leaves=31
num_cat=0
split_feature=8 11 11 12 9 9 14 8 12 9 8 11 10 11 4 11 7 1 12 4 10 17 10 14 10 14 10 10 12 10
split_gain=12.2392 22.6125 22.7349 62.6178 58.9542 21.2724 21.372 33.0561 26.7882 20.05 18.1599 24.6868 20.203 16.6433 16.5204 24.2713 19.8972 19.8711 18.0704 16.221 15.6982 16.0044 14.9671 50.4275 38.7855 57.6826 118.75 91.309 268.725 87.5623
threshold=16.875000000000004 0.3624663800001145 0.34638161957263952 0.1959948614239693 75.125000000000014 74.125000000000014 5.8266127109527597 16.375000000000004 4.9815034866333017 79.875000000000014 16.125000000000004 -0.11051030829548834 -0.60639065504074086 0.33019435405731207 1.0000000180025095e-35 0.16375125199556353 6.6822276115417489 8.6850957870483416 12.91937828063965 0.3193181455135346 0.1393099054694176 6.3249692916870126 -0.01505099539645016 14.385774135589601 -0.20285348594188687 4.5827009677886972 -0.13505011796951291 -0.16905184835195539 0.90622028708457958 -0.083760455250740037
decision_type=2 2 2 2 2 2 2 2 2 2 2 2 2 2 2 2 2 2 2 2 2 2 2 2 2 2 2 2 2 2
left_child=5 2 13 -4 -5 6 14 -8 -9 -3 12 -12 -7 22 17 -16 -17 18 -1 -11 21 -10 24 -24 -2 26 -26 28 -27 -28
right_child=1 9 3 4 -6 10 7 8 20 19 11 -13 -14 -15 15 16 -18 -19 -20 -21 -22 -23 23 -25 25 27 29 -29 -30 -31
leaf_value=0.032804614495911419 -0.00027495720508706765 -0.018253225689078258 -0.023378048149879857 -0.009993743991283572 0.094209456036053102 -0.0089827282069102846 -0.001431828572602411 -0.0084768984384919407 0.0081815083476204278 -0.011533455274274169 -0.013212157079579042 0.012377347506056227 0.010331787880916139 -0.024490165517915857 0.0005851150404821158 0.002163249303074375 0.062445498227140572 -0.0071083430847892898 -0.0063469818932307851 0.044922513464756668 -0.0032713285832628638 0.020660610458572874 -0.00037199755674914906 -0.0093923097719192869 -0.022423023538121201 0.098096751905558832 0.018454997225406156 0.003398290703261162 0.011444384226873687 -0.0071881758769343374
leaf_weight=118.43324404372834 26141.59023573529 165.2601149471011 18.469168253708631 10.88390752580017 13.979602952487765 130.64322088169865 1530.558468548581 133.28967742295936 542.96378999855369 9.5690422328189033 360.40476472489536 63.850110771600157 217.34250965155661 34.963666430674493 237.00427841581404 16.88685112842359 10.050169440917669 28.237202896270901 18.685436444822699 6.8975194802042088 115.53129805624485 243.81955461017787 6890.6685020243749 1148.4927650019526 350.4714186117053 55.186749968677759 395.00962025113404 2019.3408473972231 505.53438338637352 441.2094419375062
leaf_count=1524 320760 27390 2347 433 460 1516 8118 1093 2989 1775 5210 1675 1238 3240 2272 915 332 190 112 715 533 1200 95795 7165 5618 547 5242 13734 3378 7121
internal_value=1.37041e-05 -0.000200993 -0.000131869 0.0259661 0.0588121 0.00218567 0.00371028 0.0023046 0.00778769 -0.0139036 -0.00369999 -0.00916461 0.00303223 -0.00016847 0.0118691 0.00531038 0.0354713 0.0214383 0.0274006 0.020153 0.0102569 0.0122595 -0.000139615 -0.00167073 0.000272359 0.00406145 -0.00321869 0.00740943 0.0215422 0.00499998
internal_weight=41975.2 38207.5 38025.8 43.3327 24.8635 3767.7 2995.46 2566.16 1035.6 181.727 772.241 424.255 347.986 37982.5 429.297 263.941 26.937 165.356 137.119 16.4666 902.315 786.783 37947.5 8039.16 29908.3 3766.75 1186.69 2580.06 560.721 836.219
internal_count=524637 495720 465840 3240 893 28917 19278 13933 5815 29880 9639 6885 2754 462600 5345 3519 1247 1826 1636 2490 4722 4189 459360 102960 356400 35640 17981 17659 3925 12363
is_linear=0
shrinkage=0.04


Tree=148
num_leaves=31
num_cat=0
split_feature=11 3 10 11 13 10 10 10 13 4 13 9 10 10 1 13 4 9 13 13 2 17 10 10 10 8 10 13 10 8
split_gain=11.5406 11.6586 27.3778 42.5441 45.8159 53.249 45.3649 66.5499 130.592 54.8802 45.0286 40.5655 32.1332 43.1861 36.3452 27.5295 27.4228 27.3862 29.5455 27.0468 30.4265 26.1017 40.0044 59.6548 32.5572 53.9312 65.0646 32.1478 26.9923 29.5136
threshold=0.45655821263790136 19.066512107849125 -0.36747109889984125 -0.99761277437210072 20.956626892089847 -0.01505099539645016 0.1393099054694176 0.088045001029968276 2.8264905214309697 7.1868534088134775 2.9948449134826665 77.625000000000014 -0.47652685642242426 -0.52124115824699391 68.288406372070327 3.4700344800949101 54.812696456909187 78.125000000000014 6.2277700901031503 6.4255034923553476 9.1889815330505389 -8.0237441062927228 1.0000000180025095e-35 -0.049434980377554887 -0.44600489735603327 20.125000000000004 -0.59262362122535694 4.1274633407592782 -0.82956761121749867 17.875000000000004
decision_type=2 2 2 2 2 2 2 2 2 2 2 2 2 2 2 2 2 2 2 2 2 2 2 2 2 2 2 2 2 2
left_child=1 21 12 4 -4 -6 7 10 11 -10 -5 -9 13 -3 -14 -8 17 19 -19 -15 -21 22 23 24 25 26 28 -27 29 -1
right_child=-2 2 3 6 5 -7 15 8 9 -11 -12 -13 14 16 -16 -17 -18 18 -20 20 -22 -23 -24 -25 -26 27 -28 -29 -30 -31
leaf_value=-0.0050592528330513902 -0.02034096026451945 -0.0031323754204773393 -0.017857575516221542 -0.014652853640297253 0.032573767217756879 -0.010531831087022445 0.010330926652238556 0.025492114119097999 -0.013373047636464028 0.030782976833046882 0.0058949829089681985 0.094600241324984971 -0.014203805693690926 0.049976976671856188 0.0093151395770564999 -0.012143411536074337 -0.010862965696431389 -0.026593330157791785 0.014762907055639181 -0.011204956067310928 0.023354756156178619 8.4541976738580549e-05 -0.0097496685597287334 0.041423823748667744 -0.004153577792358875 -0.012467986902569521 0.041590989045442499 0.0087913423003002956 -0.0042266759012506965 0.019278850555010479
leaf_weight=95.258310533128679 34.51507918140851 3681.7819772223011 315.92036269418895 181.49174794740975 67.695359274744987 103.54111210256815 104.36064530909061 33.764482334256172 97.613534461706877 67.875169198960066 1584.7363083101809 35.329582165926695 662.22488064691424 38.037544548511505 117.44294890016317 375.4899147041142 71.187043905258179 37.616669919341803 56.117462262511253 47.837161220610142 150.71300606429577 32174.053902952 251.40021084994078 67.522402033209801 415.93113202601671 229.76716561522335 115.58878869563341 207.09552357904613 160.05074513331056 386.5828046114184
leaf_count=936 11049 32470 2670 1772 310 467 1148 333 619 345 8529 198 4187 313 599 2366 340 276 282 277 726 439012 2069 393 2833 2858 674 1685 1295 3606
internal_value=1.4936e-05 3.65361e-05 -0.00135432 0.00166973 -0.00902152 0.00736626 0.0037971 0.00644366 0.0260114 0.00545966 0.00371295 0.0683217 -0.00319951 -0.00176632 -0.010588 -0.00714445 0.0105319 0.0153264 -0.00279754 0.0223293 0.0148902 0.000356207 0.00486308 0.00709743 0.00541128 0.00874908 0.0151375 -0.00241876 0.00980896 0.0144623
internal_weight=41968.5 41934 7830.78 2967.82 487.157 171.236 2480.66 2000.81 234.583 165.489 1766.23 69.0941 4862.96 4083.29 779.668 479.851 401.509 330.322 93.7341 236.588 198.55 34103.3 1929.2 1677.8 1610.27 1194.34 757.481 436.863 641.892 481.841
internal_count=524637 513588 58227 18757 3447 777 15310 11796 1495 964 10301 531 39470 34684 4786 3514 2214 1874 558 1316 1003 455361 16349 14280 13887 11054 6511 4543 5837 4542
is_linear=0
shrinkage=0.04


Tree=149
num_leaves=31
num_cat=0
split_feature=8 10 11 10 10 13 3 11 4 13 0 9 14 14 13 10 11 11 13 10 13 10 9 13 3 10 10 10 10 12
split_gain=11.5626 21.0105 27.2258 44.4234 37.6089 34.7433 37.2543 34.1085 32.7654 31.9517 27.3306 26.0166 28.2969 24.9159 23.6631 23.2012 22.7932 35.7704 37.4208 24.992 23.3313 31.8717 26.8371 26.2551 25.294 23.3477 21.5359 21.3422 37.8581 24.1366
threshold=16.875000000000004 -0.99940761923789967 -0.49998149275779719 -0.80987083911895741 -0.60639065504074086 48.299516677856452 1.3763592243194582 0.19758678972721103 4.2778480052948007 14.687447547912599 30.272852897644047 73.875000000000014 25.151764869689945 11.897447109222414 13.249744415283205 -0.96463498473167408 -0.98212954401969899 -0.99273797869682301 5.3826284408569345 0.07089784182608129 4.5788781642913827 0.38738232851028448 73.875000000000014 14.42482900619507 6.0510852336883554 0.27383534610271459 -0.68508586287498463 -0.49157854914665217 -0.3992436677217483 68.453704833984389
decision_type=2 2 2 2 2 2 2 2 2 2 2 2 2 2 2 2 2 2 2 2 2 2 2 2 2 2 2 2 2 2
left_child=1 14 3 8 10 6 7 13 -3 -10 11 12 26 -4 -1 -8 17 18 -6 -20 22 23 -18 -22 25 -25 -5 -26 -29 -30
right_child=-2 2 5 4 16 -7 15 -9 9 -11 -12 -13 -14 -15 -16 -17 20 -19 19 -21 21 -23 -24 24 27 -27 -28 28 29 -31
leaf_value=0.032753035113758336 -0.00019260479306680792 -0.0053538184039279881 -0.0078406192610236975 -0.0038024131759860093 -0.025022357097147827 0.028843132372435465 -0.0037144169274878438 0.031986422048304174 0.043625980856753961 0.0042340675290892336 0.010359254918517672 -0.0250999686240253 -0.025733252238609967 0.022550018944712123 -0.011143968641783636 -0.020073038154428666 0.034530798707175799 -0.013041696902143978 0.0039700336793274307 0.02773362832395233 -0.0026223908902255504 -0.021814981040335194 0.0041360515970428743 0.030037586203029366 0.018086245546807274 -0.00023346194327058194 0.027540255017194627 -0.01361076156758736 0.014271350575437021 -0.013525463539575235
leaf_weight=59.482857398688793 38195.006024514325 51.023477235808969 194.44035283476114 112.77970376610756 47.500690227374434 37.866383507847786 274.56414508167654 50.950706135947257 92.80192094668746 51.919710971415043 92.851030237972736 152.98728699050844 54.928430661559105 44.752108778804541 21.623108014464378 282.33748860075139 90.751298554241657 259.65056101605296 312.13441193476319 83.361138053238392 345.66287733614445 56.782175723463297 92.028682285919785 149.89717914164066 170.69950097054243 54.511987075209618 39.684973202645779 158.29864180833101 277.30078882724047 52.213072031736374
leaf_count=600 495720 412 2319 625 645 164 2824 2315 502 220 400 1731 251 307 156 2886 649 1512 1582 419 2180 365 1542 776 778 251 206 732 1309 259
internal_value=1.60913e-05 0.00212772 0.00165385 0.00358521 0.00216269 -0.00442855 -0.00623512 0.00526854 0.0214843 0.030681 -0.00819214 -0.0131225 -0.00353894 -0.00147789 0.0211113 -0.0122157 0.00437255 -0.00152583 0.00536279 0.00953926 0.00722531 0.00520206 0.0202356 0.00663999 0.0103378 0.0223305 0.00554876 0.00633678 0.00194458 0.00959816
internal_weight=41960.8 3765.79 3684.68 2799.77 2604.02 884.911 847.045 290.143 195.745 144.722 453.231 360.38 207.393 239.192 81.106 556.902 2150.79 702.647 442.996 395.496 1448.15 1265.37 182.78 1208.58 862.921 204.409 152.465 658.512 487.813 329.514
internal_count=524637 28917 28161 17346 16212 10815 10651 4941 1134 722 3213 2813 1082 2626 756 5710 12999 4158 2646 2001 8841 6650 2191 6285 4105 1027 831 3078 2300 1568
is_linear=0
shrinkage=0.04


Tree=150
num_leaves=31
num_cat=0
split_feature=11 10 7 12 8 10 10 7 4 14 6 10 10 13 7 14 10 11 3 14 12 14 14 10 9 3 10 12 4 11
split_gain=11.5077 66.5694 32.9963 33.7558 32.2469 72.4705 117.674 74.1764 70.8733 64.9825 53.4885 48.7758 42.1095 51.2375 42.5628 57.8968 76.7579 71.2942 55.3692 42.0372 40.8079 58.1693 53.8214 72.1343 38.4211 37.3498 36.3322 34.8766 32.9305 34.6358
threshold=-0.19547851383686063 -0.96463498473167408 4.6389529705047616 0.028463600203394893 19.125000000000004 -0.98370367288589466 -0.98930078744888295 3.1846334934234624 10.792943477630617 2.1820317506790166 0.036913555115461356 -0.99940761923789967 -0.99904707074165333 14.945389270782472 19.448796272277836 11.528531551361086 -0.98523971438407887 0.12972188368439677 2.9035142660140996 12.081392765045168 15.289914131164553 3.7848492860794072 0.78203183412551891 -0.98803845047950734 74.875000000000014 0.31235495209693914 -0.99697706103324879 5.6614718437194833 25.293042182922367 -0.041917072609066956
decision_type=2 2 2 2 2 2 2 2 2 2 2 2 2 2 2 2 2 2 2 2 2 2 2 2 2 2 2 2 2 2
left_child=1 2 3 -1 12 6 7 -6 20 10 -9 -12 13 19 15 16 26 18 -17 24 21 22 23 -8 -2 -18 -14 -27 -11 -30
right_child=4 -3 -4 -5 5 -7 8 9 -10 28 11 -13 14 -15 -16 17 25 -19 -20 -21 -22 -23 -24 -25 -26 27 -28 -29 29 -31
leaf_value=-0.0011108386286563553 0.019823354790916417 -8.15880340945774e-05 0.0025078448437094482 0.019117281621421636 -0.021792729021764417 -0.017299127756273475 0.078021844607538762 -0.015842921690487524 -0.017477610989000782 -0.010792702851286463 -0.020975921777068276 0.031267986577904118 0.0011597629422490678 -0.021031349368048999 -0.01950946197956676 0.043770292797710837 0.016375997184790454 -0.016836829295873879 0.0099639373107817484 0.045337879412578747 -0.0067922351578452913 0.042056407747401305 -0.0091790382850974704 0.0080961002596881201 -0.006576941113559602 -0.013246493012095011 -0.015072379599405262 0.018608142938859717 -0.01340102454387828 0.032343632045825341
leaf_weight=169.78850346617401 247.39405817911029 35236.792918276042 731.58122761547565 566.83504679054022 396.07400764338672 576.55703475768678 24.718265190720558 62.927990088239312 85.876754634082317 660.08164171036333 26.322454581968486 185.56619822140783 325.29727720841765 58.189913101494312 173.66346811456606 108.16795644536614 353.21133704157546 93.072534983512014 250.55367151275277 59.523270688951015 69.59285843372345 175.36883780546486 106.00051602162421 82.50211610738188 128.05085791647434 172.79853502102196 666.93022133037448 68.934152815956622 38.106389474123716 53.187305676750839
leaf_count=2194 3282 366141 6984 4538 13166 42020 184 1851 1164 12952 1217 3071 4906 564 1377 918 19921 1710 2190 397 745 2113 1573 2141 3002 8994 12547 1372 642 761
internal_value=1.65893e-05 0.000267244 0.0085831 0.0145024 -0.00173346 -0.00495876 -0.00127114 -0.00732039 0.0143893 -0.00157817 0.0147382 0.024125 0.00130475 0.0117505 -0.00106584 0.000592599 -0.00301706 0.0130642 0.0210684 0.0165102 0.0206079 0.0255623 0.0107199 0.0294973 0.0108821 0.0082575 -0.00979227 -0.00378426 -0.00766108 0.0138116
internal_weight=41953.7 36705 1468.2 736.624 5248.67 2542.88 1966.33 1422.27 544.059 1026.19 274.817 211.889 2705.79 493.158 2212.63 2038.97 1587.17 451.794 358.722 434.968 458.183 388.59 213.221 107.22 375.445 594.944 992.227 241.733 751.375 91.2937
internal_count=524637 379857 13716 6732 144780 83600 41580 33660 7920 20494 6139 4288 61180 7245 53935 52558 47740 4818 3108 6681 6756 6011 3898 2325 6284 30287 17453 10366 14355 1403
is_linear=0
shrinkage=0.04


Tree=151
num_leaves=31
num_cat=0
split_feature=2 10 13 0 7 6 11 10 11 10 4 9 9 11 9 10 10 10 11 10 10 10 9 10 10 14 13 8 14 3
split_gain=11.2872 21.3312 18.8472 16.817 15.3123 33.8507 92.5418 104.162 61.2228 52.732 56.7933 63.4615 43.8119 43.3044 45.4276 52.426 48.2343 40.298 43.2123 38.0414 37.083 59.4537 33.4743 32.7686 48.0605 31.9489 30.2992 30.1161 25.2404 26.4227
threshold=87.03363418579103 0.05372969992458821 63.934797286987312 112.08073806762697 13.572195529937746 19.091968536376957 -0.99552518129348744 -0.52124115824699391 -0.99273797869682301 -0.47652685642242426 35.709152221679695 79.375000000000014 78.625000000000014 0.0096758542931638675 74.125000000000014 -0.85671821236610401 -0.82956761121749867 -0.98930078744888295 -0.09339838474988936 0.088045001029968276 -0.59262362122535694 -0.55028682947158802 74.875000000000014 0.1393099054694176 0.20706263184547427 24.253847122192386 0.87455338239669811 16.125000000000004 15.816734790802004 14.682184696197512
decision_type=2 2 2 2 2 2 2 2 2 2 2 2 2 2 2 2 2 2 2 2 2 2 2 2 2 2 2 2 2 2
left_child=4 3 -3 -2 27 6 -6 12 19 10 11 22 13 14 15 -8 -17 18 -14 -9 26 -22 -10 28 -25 -26 -19 -1 -7 -30
right_child=1 2 -4 -5 5 23 7 8 9 -11 -12 -13 17 -15 -16 16 -18 20 -20 -21 21 -23 -24 24 25 -27 -28 -29 29 -31
leaf_value=0.0095332061520573171 0.0049020960909070543 0.0027425679776753678 -0.029009801449457071 0.025424499573960663 -0.023736738553071703 0.010421946516938596 -0.020073660005565 0.00092831873245729569 0.023678542532591221 0.00031509381594399316 -0.010491552579300897 -0.0039173662654559196 -0.0047345734603379784 0.0096772889859385054 -0.023042581783668796 0.028868798352016393 -0.0050175362001383698 0.029349368437655558 0.07365061053002038 0.053497602751882471 0.041000735784563952 -0.012539318570328192 0.075166989033898596 -0.023440543566807869 -0.014714505261215143 0.016966350586285234 -0.0077362664227106108 0.00020718856443496366 0.004085725108387386 -0.0015293455753980466
leaf_weight=554.55139033263549 703.4670978076756 64.218529034405947 43.565532736480236 61.503021001815796 346.75417934730649 418.89358383510262 362.21820600517094 32.831672616302967 54.051814712584019 959.47067917138338 55.695916876196861 45.141569793224335 18.860950712114573 142.40201055677608 473.53054265026003 65.494554601609707 603.62824928574264 27.766543515957892 14.293517200276254 59.206148661673069 65.708691500127316 52.525632463395596 44.465416736900806 208.54171017184854 77.83147070556879 112.04563984274864 573.4201442040503 29741.821369652869 2018.5633404925466 3945.6933804517612
leaf_count=5132 3853 322 192 325 2341 2502 2801 198 249 5903 308 286 278 1753 6068 281 3684 252 302 369 376 349 268 1158 414 508 4697 446897 11663 20908
internal_value=1.64317e-05 0.00449167 -0.0114648 0.00685886 -7.97264e-05 -0.00137379 -0.00428844 -0.0023814 0.00694206 0.0042871 0.0224757 0.0351079 -0.00724967 -0.0108843 -0.012881 -0.00803891 -0.00132445 0.000744322 0.0382947 0.0366739 -0.00148746 0.0180925 0.0517029 0.000348074 -0.0106373 0.00389375 -0.00557124 0.000380983 0.00104932 0.000374696
internal_weight=41948.2 872.754 107.784 764.97 41075.4 10779 3997.47 3650.71 1250.86 1158.83 199.355 143.659 2399.85 1647.27 1504.87 1031.34 669.123 752.575 33.1545 92.0378 719.421 118.234 98.5172 6781.57 398.419 189.877 601.187 30296.4 6383.15 5964.26
internal_count=524637 4692 514 4178 519945 67916 30763 28422 7581 7014 1111 803 20841 14587 12834 6766 3965 6254 580 567 5674 725 517 37153 2080 922 4949 452029 35073 32571
is_linear=0
shrinkage=0.04


Tree=152
num_leaves=31
num_cat=0
split_feature=12 10 6 6 7 11 10 14 11 12 8 8 3 10 0 10 13 9 10 10 10 9 10 16 10 14 13 10 11 4
split_gain=11.3708 21.9996 19.7787 16.5991 35.1041 69.0289 72.2719 35.0062 31.4235 35.6955 28.1293 26.9224 33.0816 35.707 32.2111 26.7204 33.7099 29.2897 41.1926 52.3026 31.8885 76.403 39.9073 28.6941 27.2734 25.3566 25.0386 30.7917 38.4042 43.7479
threshold=104.26538467407228 -0.36747109889984125 62.618331909179695 27.090001106262211 13.572195529937746 -0.9970029592514037 -0.59262362122535694 21.488637924194339 0.0096758542931638675 3.2372843027114873 16.125000000000004 19.125000000000004 18.715872764587406 1.0000000180025095e-35 60.41596984863282 -0.98046803474426258 0.71991616487503063 73.625000000000014 -0.85671821236610401 -0.82956761121749867 -0.8978554606437682 78.125000000000014 -0.92599865794181813 -1.5958453416824339 -0.93843427300453175 3.0067917108535771 15.494451045989992 -0.53584328293800343 -0.97874867916107167 37.906009674072273
decision_type=2 2 2 2 2 2 2 2 2 2 2 2 2 2 2 2 2 2 2 2 2 2 2 2 2 2 2 2 2 2
left_child=3 2 -2 4 10 -6 8 -8 15 -10 -1 12 13 -5 26 25 24 18 -18 -20 21 -19 -23 -24 -17 -7 -14 -28 29 -29
right_child=1 -3 -4 11 5 6 7 -9 9 -11 -12 -13 14 -15 -16 16 17 20 19 -21 -22 22 23 -25 -26 -27 27 28 -30 -31
leaf_value=0.0091780821782037302 -0.0063547100348414253 -0.020451795365467568 0.022827902536210296 0.014985521450678413 -0.018222093618947551 0.020026418128066052 0.0057452832078818553 -0.0037062653412740995 0.02392311633720751 -0.007781397725161481 0.00019098478520999143 -0.0020123020327219997 0.0086525632350934727 -0.0031379979558249158 0.010178231785486958 0.044305157399974066 -0.013150102364022283 -0.018148846353342081 0.030558239532825927 -0.00013122686797377688 -0.013144022703187328 0.0014034341121263048 0.052774694348033058 0.0071529156829390475 -0.0016330278863788497 -0.020144920370265055 -0.010639213684775673 -0.017812360673922899 0.0080850540217370179 0.014087699941672013
leaf_weight=557.88082212978043 129.36476490646601 116.16504999995232 40.716979667544365 713.63081998564303 427.36160130240023 19.344252020120621 2000.5914701074362 902.96411610394716 107.43234525597654 102.85838294122368 29768.911617912352 1561.2892824998125 340.75141000654548 224.93669793754816 541.35580405592918 28.552682057023048 299.09695721417665 201.1791995447129 93.938493624329567 611.53760053962469 1153.5619437862188 148.78065517172217 47.301100216805935 41.722700141370296 43.130905371159315 321.17608779948205 543.83090013638139 239.15564779564738 526.49047911167145 86.553892329335213
leaf_count=5134 776 558 195 3412 2743 321 12447 4796 1294 1166 447138 9200 1693 990 2550 248 1781 2358 391 3181 9651 1702 255 260 562 3476 2533 1044 2386 396
internal_value=1.75716e-05 -0.00779135 0.0015112 7.309e-05 -0.000214536 -0.00286761 -0.00176799 0.00280335 -0.0058865 0.00876638 0.000359279 0.00228884 0.00437625 0.0106548 0.00175432 -0.00693608 -0.00554666 -0.00632105 -0.000956108 0.00432525 -0.00967816 -0.000480651 0.0145956 0.0342748 0.0198488 -0.0173566 -0.000914653 -0.00329481 0.00146106 -0.00916813
internal_weight=41941.6 286.247 170.082 41655.3 36877.3 6550.53 6123.17 2903.56 3219.61 210.291 30326.8 4777.99 3216.71 938.568 2278.14 3009.32 2668.8 2597.12 1004.57 705.476 1592.55 438.984 237.804 89.0238 71.6836 340.52 1736.78 1396.03 852.2 325.71
internal_count=524637 1529 971 523108 498904 46632 43889 17243 26646 2460 452272 24204 15004 4402 10602 24186 20389 19579 5353 3572 14226 4575 2217 515 810 3797 8052 6359 3826 1440
is_linear=0
shrinkage=0.04


Tree=153
num_leaves=31
num_cat=0
split_feature=10 8 9 8 11 10 10 17 11 14 9 8 10 7 17 12 14 0 10 4 3 14 9 6 7 10 10 13 11 14
split_gain=11.2941 15.2406 11.5004 11.4202 12.6877 15.9156 19.4313 21.0338 12.5754 16.1284 12.0055 21.3147 26.6145 26.9857 23.9436 21.7827 19.804 26.927 33.0323 19.554 21.1716 20.0719 19.065 31.3699 50.3695 48.2774 90.6275 83.502 38.8631 35.7944
threshold=0.48030318319797521 19.625000000000004 74.125000000000014 21.625000000000004 -0.11051030829548834 -0.31900864839553827 -0.72174841165542591 -0.82418140769004811 -0.98372924327850331 6.8661825656890878 73.625000000000014 19.125000000000004 -0.99630266427993763 37.219501495361335 3.7386188507080083 1.0000000180025095e-35 47.035240173339851 31.836854934692386 -0.30265928804874415 17.041981697082523 8.9492893218994158 18.389338493347172 78.625000000000014 25.187973022460941 12.711038112640383 -0.52124115824699391 -0.47652685642242426 6.3239638805389413 0.0096758542931638675 8.8297691345214862
decision_type=2 2 2 2 2 2 2 2 2 2 2 2 2 2 2 2 2 2 2 2 2 2 2 2 2 2 2 2 2 2
left_child=3 2 -2 10 5 6 -5 -8 9 -7 11 15 -13 14 -14 -1 22 -18 -19 21 -21 -16 23 24 -12 28 27 -27 -26 -28
right_child=1 -3 -4 4 -6 8 7 -9 -10 -11 16 12 13 -15 19 -17 17 18 -20 20 -22 -23 -24 -25 25 26 29 -29 -30 -31
leaf_value=0.014143910697906239 -0.014100415967668561 -0.028365528121099267 0.010551282453598211 0.0048779236352660465 -0.016157079322823949 0.031025626281279989 0.0031329164046552623 0.051970408687289388 -0.014874395815918713 -0.014044916731153169 -0.00051159468465955451 -0.023225016000623558 0.0044331537472512266 -0.010717181076880982 -0.0096132316861136137 0.0021378458155402492 -0.02536193171230534 0.011668974468976417 -0.026000576733044227 -0.0027115855317216288 -0.033696688141954034 0.0076600914540648872 0.001288777546161142 0.005384137944575893 -0.013841755540978289 0.066399972793494522 0.010261166477918089 0.0031600603629316167 0.0099529488560012366 -0.0083157414690881153
leaf_weight=243.34232913632877 49.156664423644543 42.25669764727354 52.188215791247785 71.546717114746571 20.489518453134224 20.731033092364669 22.816658029332757 33.793206723406911 44.367882119491696 13.978257466107605 20275.505542546976 80.644788566976786 1125.92709209444 368.15424773097038 210.70765034062788 5537.56382677285 108.81866884231567 110.0609433427453 43.99703985452652 72.740679241716862 62.209200456738472 200.28094983100891 9427.5481965814251 1221.9056317703798 1207.5168566070497 48.05659706145525 198.39884630776942 81.18631300330162 113.63582048402168 819.88276635110378
leaf_count=4229 976 2800 2320 1026 1005 393 322 434 729 174 342911 900 8407 1663 1140 29796 534 527 204 364 270 866 92262 7302 13168 301 1949 420 1474 5771
internal_value=1.77316e-05 -0.0108089 -0.00159835 5.75156e-05 0.00879976 0.0118975 0.0200971 0.0357119 -0.00215557 0.013793 7.50582e-06 0.00140962 -0.00201381 -0.0010661 0.00111021 0.00266678 -0.000321992 -0.0110542 -1.80796e-05 -0.00569939 -0.0183344 -0.00121367 -0.000234223 -0.000833614 -0.00116988 -0.00655252 -0.00053525 0.0297546 -0.0117357 -0.00463168
internal_weight=41929.4 143.602 101.345 41785.8 227.723 207.234 128.157 56.6099 79.0772 34.7093 41558.1 7901.57 2120.66 2040.02 1671.87 5780.91 33656.5 262.877 154.058 545.938 134.95 410.989 33393.6 23966.1 22744.2 2468.68 1147.52 129.243 1321.15 1018.28
internal_count=524637 6096 3296 518541 4083 3078 1782 756 1296 567 514458 47635 13610 12710 11047 34025 466823 1265 731 2640 634 2006 465558 373296 365994 23083 8441 721 14642 7720
is_linear=0
shrinkage=0.04


Tree=154
num_leaves=31
num_cat=0
split_feature=1 10 10 13 8 10 10 10 9 10 7 10 3 8 15 13 12 14 9 3 12 7 9 11 13 7 4 12 8 14
split_gain=11.1233 26.1874 26.0796 47.6534 35.9323 31.0513 27.8206 73.727 49.6056 51.9534 49.4804 31.9438 66.5534 44.193 59.6719 38.7386 30.2213 29.5151 49.742 41.7861 38.0353 30.7924 37.4859 31.597 31.8037 28.3486 27.4585 26.6066 26.1969 26.0226
threshold=0.65836161375045787 -0.99985146522521962 -0.99985146522521962 19.019130706787113 18.625000000000004 -0.99993467330932606 -0.98046803474426258 -0.97312742471694935 76.375000000000014 -0.97876849770545948 20.64811992645264 -0.93545487523078907 2.2115420103073125 20.125000000000004 1.0000000180025095e-35 31.991870880126957 2.920514822006226 9.1728730201721209 78.125000000000014 3.2054357528686528 10.974666595458986 9.4830942153930682 78.125000000000014 -0.041917072609066956 15.782788753509523 4.4663636684417733 0.78665006160736095 14.151300430297853 20.625000000000004 3.7848492860794072
decision_type=2 2 2 2 2 2 2 2 2 2 2 2 2 2 2 2 2 2 2 2 2 2 2 2 2 2 2 2 2 2
left_child=1 -1 3 4 5 -2 17 8 10 -10 -8 12 13 14 16 -14 -9 18 -4 -20 21 22 23 -19 -25 -18 -17 -6 -21 -15
right_child=2 -3 6 -5 27 -7 7 11 9 -11 -12 -13 15 29 -16 26 25 20 19 28 -22 -23 -24 24 -26 -27 -28 -29 -30 -31
leaf_value=-0.017995294096740319 0.011074394536969446 -0.00070785143876798994 -0.012652818541603788 -0.020293530478828366 -0.017372518522746867 0.073195776345969799 0.030990491897429664 0.0074518563361252047 -0.02723520849069375 0.01648544844632454 -0.017045374809348542 0.00083783007696325751 -0.018251399231207464 0.0034175323838986794 -0.0075216193268206411 0.029550334856461517 0.047059785503124667 0.039264026822799482 -0.0034668986358761234 0.047019822366818065 -0.0070938607985605948 0.00043719863377203537 -0.012685751592112516 -0.016742520358436892 0.038211829193744926 0.011498198240400737 -0.006797736862932573 0.042744594642408769 -0.0022927171509793025 -0.024939967676131651
leaf_weight=131.60218028444797 25.626232836395502 14422.909744584933 893.49675131868571 30.709253892302513 30.055551900528371 28.47556446865201 274.48635488562286 176.9838936580345 64.330117993056774 94.889345603995025 32.591458898037672 23202.722369937925 582.38435099739581 88.342065745033324 207.48926877696067 39.443965710699558 80.632381779141724 112.53218398801982 163.98776277434081 44.907446437515318 475.81673829630017 318.71951450407505 39.379993084818125 39.405538726598024 15.606429528445004 73.37907250225544 93.430551698431373 6.6866099536418906 23.81919499207288 108.16349829919636
leaf_count=4678 340 272586 14935 360 975 389 2756 3167 727 1413 244 191711 7650 1169 2383 326 970 1228 2687 659 4920 3179 646 543 181 895 614 116 391 1799
internal_value=1.66974e-05 -0.000876413 0.000491798 0.0182591 0.0320117 0.0500889 0.000405866 0.000778377 0.0163661 -0.00174477 0.0255155 0.000477027 -0.00526171 0.00318185 0.00908203 -0.0138624 0.0194056 -0.00397507 -0.00838821 0.00783226 0.00102167 0.0083632 0.0199885 0.0279502 0.00232719 0.0318505 0.0053053 0.000372181 0.0318088 -0.0126433
internal_weight=41923 14554.5 27368.5 121.553 90.844 54.1018 27246.9 25119.3 466.297 159.219 307.078 24653 1450.25 734.99 538.485 715.259 330.995 2127.67 1126.21 232.714 1001.46 525.644 206.924 167.544 55.012 154.011 132.875 36.7422 68.7266 196.506
internal_count=524637 277264 247373 2180 1820 729 245193 215824 5140 2140 3000 210684 18973 10383 7415 8590 5032 29369 18672 3737 10697 5777 2598 1952 724 1865 940 1091 1050 2968
is_linear=0
shrinkage=0.04


Tree=155
num_leaves=31
num_cat=0
split_feature=11 12 10 6 6 7 11 10 10 10 13 4 10 4 10 4 12 14 3 4 10 10 9 10 8 9 13 10 10 13
split_gain=11.0017 10.7008 20.4496 18.6437 14.2623 31.9242 64.8532 64.5128 33.1329 52.1103 90.8957 41.8626 30.1047 33.1822 28.8387 73.3907 42.0857 39.0793 44.7983 39.1989 34.7235 34.2599 62.0805 90.8038 48.5828 78.687 47.7623 27.3275 40.8245 49.603
threshold=0.45655821263790136 104.26538467407228 -0.36747109889984125 62.618331909179695 27.090001106262211 13.572195529937746 -0.9970029592514037 -0.59262362122535694 0.1393099054694176 0.088045001029968276 5.0454072952270517 4.9347860813140878 -0.63338240981101979 64.31799697875978 -0.47652685642242426 52.355894088745124 9.5290436744689959 19.283683776855472 2.0174576044082646 27.753421783447269 -0.43054369091987604 -0.52124115824699391 79.375000000000014 -0.55028682947158802 17.875000000000004 78.875000000000014 9.3718576431274432 -0.15207348018884656 -0.2696967720985412 12.425123214721681
decision_type=2 2 2 2 2 2 2 2 2 2 2 2 2 2 2 2 2 2 2 2 2 2 2 2 2 2 2 2 2 2
left_child=1 4 3 -3 5 -1 -7 12 9 14 -11 -12 13 -8 15 21 20 19 -19 -18 -16 22 -9 -24 -23 -26 -27 28 -22 -30
right_child=-2 2 -4 -5 -6 6 7 8 -10 10 11 -13 -14 -15 16 -17 17 18 -20 -21 27 24 23 -25 25 26 -28 -29 29 -31
leaf_value=0.00037214415860622698 -0.020018400029141872 -0.0061859414731239024 -0.019746837921298104 0.022206380676879144 0.0021469338906376641 -0.017642198592516138 -0.0060084587915355371 -0.004000582855745693 -0.013628663215557483 0.063850361166910383 -0.021817176266600544 0.028448755008183058 -0.021089056087966823 0.007529297389283607 -0.027393245038705719 -0.017523177661685829 0.0045180110950476613 0.026202723885640499 -0.0064303814685135827 0.029203769753429764 -0.0073387187763996158 -0.0095381086192670682 0.05320035190055096 -0.013818881958519619 0.049832676421677748 -0.025010902819320259 0.026348421879320971 -0.020776278757921048 0.028714830557714163 -0.019156644189539485
leaf_weight=30294.584713659948 33.804569479543716 129.19295541197062 116.10946176201105 40.449285298585892 4773.0813396740705 424.54549254663289 2701.5052844309248 294.53447207435966 177.39469772949815 51.88313290476799 49.950370118021965 37.526063919067383 178.75527148880064 315.76551365014166 110.58247106894851 136.21477061882615 289.07112056016922 67.573798842728138 501.08032999187708 153.87930092960596 355.09905840829015 51.764248508960009 76.546164408326149 46.185194775462151 138.77319594472647 43.38317734003067 53.519693545997143 113.28346865624189 119.68515358120203 39.346273690462112
leaf_count=441237 11049 776 558 195 24204 2743 22284 2155 1127 329 319 189 1806 2542 853 744 1619 355 2532 805 2326 246 363 277 698 308 248 785 761 204
internal_value=1.72335e-05 3.81801e-05 -0.00754351 0.00144318 9.20652e-05 -0.000174806 -0.00270979 -0.00164394 0.00266344 0.00376802 0.02675 0.000452515 -0.00555824 -0.0045715 0.00243357 0.00847381 -0.000501247 0.00478003 -0.00216675 0.0135492 -0.00770765 0.0136737 0.00610757 0.0288392 0.0240826 0.0315548 0.00316626 -0.00386272 0.000189302 0.0164382
internal_weight=41915.1 41881.3 285.752 169.642 41595.5 36822.4 6527.85 6103.3 2907.28 2729.88 139.36 87.4764 3196.03 3017.27 2590.52 840.921 1749.6 1011.6 568.654 442.95 737.996 704.706 417.266 122.731 287.44 235.676 96.9029 627.414 514.13 159.031
internal_count=524637 513588 1529 971 512059 487855 46618 43875 17243 16116 837 508 26632 24826 15279 5039 10240 5311 2887 2424 4929 4295 2795 640 1500 1254 556 4076 3291 965
is_linear=0
shrinkage=0.04


Tree=156
num_leaves=31
num_cat=0
split_feature=7 11 10 8 14 11 9 10 6 9 9 12 8 10 9 10 7 10 3 4 12 15 7 6 10 7 0 10 14 10
split_gain=10.9974 34.4455 46.961 33.699 23.6521 22.4534 17.3109 17.6893 19.4445 14.5291 12.849 12.7419 12.3953 11.028 10.9735 22.4129 39.0895 55.3404 28.4492 22.8398 29.6305 34.2737 21.8048 73.4905 31.0488 21.1642 25.9994 20.8046 37.2247 34.4239
threshold=0.10613493621349336 -0.96234029531478871 0.1393099054694176 19.375000000000004 0.42978578805923467 -0.91249075531959523 75.875000000000014 0.49531894922256475 0.044126324355602271 75.875000000000014 75.125000000000014 1.1415287852287295 21.625000000000004 -0.7785360813140868 79.625000000000014 0.088045001029968276 4.9678874015808114 -0.92599865794181813 73.417064666748061 9.7584524154663104 62.348731994628913 0.68750000000000011 6.5302135944366464 11.688170909881594 0.1393099054694176 27.145719528198246 15.372988224029543 0.22386012226343158 24.253847122192386 0.019350802991539243
decision_type=2 2 2 2 2 2 2 2 2 2 2 2 2 2 2 2 2 2 2 2 2 2 2 2 2 2 2 2 2 2
left_child=1 2 -1 5 9 -3 7 8 10 -4 -7 -8 14 -12 27 16 17 -16 19 25 21 -21 24 -24 -17 -18 -27 29 -29 -2
right_child=12 3 4 -5 -6 6 11 -9 -10 -11 13 -13 -14 -15 15 22 18 -19 -20 20 -22 -23 23 -25 -26 26 -28 28 -30 -31
leaf_value=-0.009519016135740032 -4.7012678278307391e-05 -0.013869017144777155 0.010454358003542092 -0.011969546622997497 0.0034276663134162845 0.013670845950253516 -0.016454125888677465 -0.022158915994941481 -0.0043030833009521279 0.06732474486733013 -0.0015655998262052455 0.023900347288185665 0.0094781750175846422 0.050372378722599837 -0.0040392837604445305 -0.030643713181479387 -0.0015338562249540904 0.017856600346174926 -0.017431749987513092 0.0044385944162355596 -0.018822204324963145 0.023167922288236428 0.041772014040514664 -0.014487555856825492 -0.0044406892393230243 0.030651724410809496 -0.0069776245640007688 0.0019671136043374767 0.02355084543357357 -0.0043562910500616163
leaf_weight=59.511283874511719 28425.247383267386 99.538799470290542 14.382481211796401 629.23437499231659 24.615760732442141 181.43177580903284 62.657920608995482 15.397839473560451 71.273776243673638 25.095164012163877 7.4150606661569354 5.9843332460150114 215.66129524074495 23.151768832467496 272.14000792708248 77.965517356991768 2338.3686159863137 544.57947341282852 119.12419517152011 1217.4563467046246 66.089321479201317 170.91211844980717 52.42133579403162 83.122200921177864 436.61983489617705 62.956978730857372 43.976774662733078 3137.8675130428746 123.45080775022507 3301.5687204375863
leaf_count=1667 354229 1832 276 31178 278 4423 3784 499 1660 323 672 144 3541 663 6121 648 17312 5266 884 9189 417 1016 368 643 4300 398 267 35893 531 36215
internal_value=1.68318e-05 -0.00371004 0.0155283 -0.0060003 0.0369308 0.0021275 0.00671511 0.0108439 0.0133322 0.0529062 0.019188 -0.0103442 0.000129431 0.0404929 7.7288e-05 0.00173895 0.00267817 0.0106 0.00104597 0.00165354 0.00560437 0.00689342 -0.00518162 0.00864588 -0.00891922 -0.000709661 0.0159033 -0.000183664 0.00285362 -0.000496678
internal_weight=41909.2 1219.69 123.605 1096.09 64.0934 466.851 367.312 298.67 283.272 39.4776 211.999 68.6423 40689.5 30.5668 40473.9 5485.73 4835.6 816.719 4018.88 3899.76 1454.46 1388.37 650.129 135.544 514.585 2445.3 106.934 34988.1 3261.32 31726.8
internal_count=524637 47399 2544 44855 877 13677 11845 7917 7418 599 5758 3928 477238 1335 473697 46829 40870 11387 29483 28599 10622 10205 5959 1011 4948 17977 665 426868 36424 390444
is_linear=0
shrinkage=0.04


Tree=157
num_leaves=31
num_cat=0
split_feature=8 10 18 10 9 12 9 3 10 9 13 8 11 11 10 6 2 17 10 4 13 10 10 10 11 14 10 10 11 9
split_gain=10.5807 17.582 13.764 12.6013 15.9489 12.7242 12.0151 21.5841 60.3642 21.8781 28.6133 29.5871 30.1862 58.1513 34.7562 45.2345 26.4079 31.2234 25.8856 25.4127 90.7107 39.3486 43.5014 35.1281 40.5843 47.621 35.0016 28.2997 27.62 33.8474
threshold=15.875000000000002 -0.3992436677217483 28.235746383666996 0.46514528989791876 75.875000000000014 4.7028636932373056 73.625000000000014 68.487224578857436 0.088045001029968276 76.125000000000014 1.0000000180025095e-35 18.625000000000004 -0.94978386163711537 -0.99052476882934559 -0.16905184835195539 5.4508428573608407 11.617057323455812 -6.5750346183776847 -0.13505011796951291 39.037832260131843 6.2277700901031503 -0.69751432538032521 -0.91246706247329701 -0.91597726941108693 -0.98049351572990406 3.6626055240631108 -0.57868120074272145 -0.99940761923789967 -0.12758953124284741 78.125000000000014
decision_type=2 2 2 2 2 2 2 2 2 2 2 2 2 2 2 2 2 2 2 2 2 2 2 2 2 2 2 2 2 2
left_child=1 -1 -3 6 5 -5 -2 9 -9 -8 11 -11 13 -13 -15 -16 19 18 -18 27 23 22 -22 28 25 -25 -23 -12 29 -21
right_child=3 2 -4 4 -6 -7 7 8 -10 10 16 12 -14 14 15 -17 17 -19 -20 20 21 26 -24 24 -26 -27 -28 -29 -30 -31
leaf_value=-0.0010886508126179617 0.0013974758229019027 0.021929303876295041 0.0044045680959028423 0.0029260631516865769 -0.022148827333704522 -0.026399410911436116 -0.0015402402497588874 -0.012373218344105876 0.035528844963543714 0.018945185560357927 -0.0175989843746382 -0.019319942166730365 -0.014327309237054425 -0.020537903473152392 0.049948122025367997 -0.01662331728651267 0.012126774086556658 -0.0026805962101439248 -0.015203742469698004 -0.0049745036443692471 0.0068773531022931845 -0.018624194214713306 0.064385708779121545 -0.021602504854153444 -0.01920516250875599 0.035557992612279946 0.022758469106346654 0.0015357703544961574 -0.0091043508519492479 0.049711161196601517
leaf_weight=342.50357074709609 7870.4860458548646 120.93671039491892 172.97999481856823 152.28970207739621 82.689045251347125 17.747370939701796 12313.654869841412 479.3697631880641 36.41195572167635 54.700546043459326 114.82479930669069 76.999782973900437 504.62793834484182 15.048213543370364 60.227105494588614 15.884014226496218 383.20839202543721 4425.5324413680937 55.803160779178143 25.924237132072449 33.655884707346559 33.693362981081009 60.919623099267483 30.644092045724392 208.04010133096017 47.428443729877472 139.40431904047728 13949.964513336541 39.913040270563215 39.461694933474064
leaf_count=2652 47320 724 755 4176 5025 249 212436 3697 206 2429 4656 1391 32015 434 1173 180 2709 37558 457 352 400 292 473 318 2229 306 848 158131 667 379
internal_value=1.71434e-05 0.00509505 0.0120997 -6.23806e-05 -0.0087947 -0.00143106 -6.4443e-06 -0.000340131 -0.00838012 -0.000210513 0.000595808 -0.00713952 -0.00950672 0.00495156 0.0253362 0.0357379 0.000886584 -0.0016662 0.00839153 0.00173054 0.00934875 0.0268406 0.0465352 -0.00298398 -0.0102105 0.0132167 0.0141261 0.00136716 0.0158342 0.0302456
internal_weight=41905 636.42 293.917 41268.6 252.726 170.037 41015.8 33145.3 515.782 32629.6 20315.9 727.488 672.787 168.159 91.1593 76.1111 19588.4 4864.54 439.012 14723.9 659.085 267.673 94.5755 391.412 286.113 78.0725 173.098 14064.8 105.299 65.3859
internal_count=524637 4131 1479 520506 9450 4425 511056 463736 3903 459833 247397 37622 35193 3178 1787 1353 209775 40724 3166 169051 6264 2013 873 4251 2853 624 1140 162787 1398 731
is_linear=0
shrinkage=0.04


Tree=158
num_leaves=31
num_cat=0
split_feature=11 8 9 14 10 10 18 10 12 10 10 3 10 7 10 16 12 14 17 10 10 13 4 15 10 10 3 10 10 2
split_gain=10.3525 10.3377 19.6538 20.8458 22.5301 46.7462 25.6027 25.3466 24.2607 20.712 20.7637 20.2861 22.893 24.6942 18.7052 21.0842 19.6521 18.1455 16.3966 15.3598 15.1109 17.2941 14.7102 14.5631 36.2511 55.6761 28.3104 60.7582 49.1098 37.8838
threshold=0.45655821263790136 16.875000000000004 74.125000000000014 47.035240173339851 -0.86546283960342396 -0.80987083911895741 22.623889923095707 -0.68508586287498463 16.546585083007816 -0.15207348018884656 -0.55028682947158802 1.5271966457366946 -0.98664820194244374 3.2722177505493169 -0.99467751383781422 -8.7689256668090803 4.0363967418670663 0.29331091046333319 8.3741865158081072 -0.99763298034667958 0.38738232851028448 6.6207447052001962 44.724460601806648 0.93750000000000011 0.05372969992458821 0.25725142657756811 8.8101391792297381 -0.76762619614601124 -0.75648915767669667 1.8975198864936831
decision_type=2 2 2 2 2 2 2 2 2 2 2 2 2 2 2 2 2 2 2 2 2 2 2 2 2 2 2 2 2 2
left_child=1 2 3 4 11 6 -6 8 22 10 -5 12 19 -14 16 -16 -13 -9 -4 -1 -19 -22 -7 -3 26 -26 27 -25 -29 -30
right_child=-2 23 18 9 5 7 -8 17 -10 -11 -12 14 13 -15 15 -17 -18 20 -20 -21 21 -23 -24 24 25 -27 -28 28 29 -31
leaf_value=0.010598539214345519 -0.019612736854031407 1.9955674587399177e-05 -0.0057395703980801698 -0.021268711762004285 0.040670950068606694 -0.023465415700348255 0.0078063085094047385 0.030444105538358756 0.0091810926980687851 -0.027703769864745632 0.0065503457854860728 -0.0097625682861629728 -0.008063224781927468 0.029663709204216817 0.0060760916330319138 -0.015199294873367648 0.020760051954365481 0.0067592085990956464 0.011961150950149551 -0.017611795541189034 0.004718427267811796 -0.028787936699243968 0.0046902125730840681 -0.011484664375950764 -0.030260095820301047 0.020690418192944683 -0.0068052707086929155 0.048562902275986065 -0.0083648335806884699 0.013982562899889615
leaf_weight=47.223014656454325 32.943682451266795 36186.808742010267 682.71949093253352 48.877548515796661 85.39805593714118 110.82487921789289 72.58900286257267 40.078921651467681 83.187742874026299 51.268473729491234 148.64564886689186 52.476333079859614 33.682888446375728 88.036211027530953 92.484992719255388 295.2751215363387 66.14423169195652 1491.7039449941367 85.783892635256052 58.570691291242838 52.818471025675535 32.685471884906292 35.451403684914112 286.45930851623416 150.16046018153429 36.038466855883598 860.01800597086549 40.45156317949295 168.76289759390056 377.71935166418552
leaf_count=393 11049 472920 8950 208 456 774 300 457 388 221 744 464 734 1057 614 2945 455 7304 486 562 401 172 223 2559 1023 211 4866 171 1309 2221
internal_value=1.68265e-05 3.69543e-05 0.00203624 0.00350253 0.00451461 0.00670097 0.0269345 0.00483428 -0.00737674 -0.00738213 -0.00102671 -0.00146756 0.00822996 0.0194041 -0.00589958 -0.0100997 0.00754801 0.00660149 -0.00363547 -0.00519176 0.00580762 -0.00976318 -0.0167782 -0.000160586 -0.00354647 -0.0198468 -0.00169173 0.00336354 0.0106814 0.00705501
internal_weight=41895.3 41862.3 3755.93 2987.42 2738.63 2004.74 157.987 1846.75 229.464 248.792 197.523 733.893 227.513 121.719 506.381 387.76 118.621 1617.29 768.503 105.794 1577.21 85.5039 146.276 38106.4 1919.61 186.199 1733.41 873.393 586.934 546.482
internal_count=524637 513588 28308 18872 17699 10475 756 9719 1385 1173 952 7224 2746 1791 4478 3559 919 8334 9436 955 7877 573 997 485280 12360 1234 11126 6260 3701 3530
is_linear=0
shrinkage=0.04


Tree=159
num_leaves=31
num_cat=0
split_feature=6 10 7 6 8 10 8 9 12 7 4 17 0 4 10 8 6 10 7 11 11 10 18 10 4 6 14 12 4 9
split_gain=10.6414 26.3889 18.2053 24.0509 23.2136 27.9733 21.7327 17.0952 15.8963 44.3615 24.1007 15.8411 14.6536 17.6166 14.2803 20.059 14.2441 24.2393 23.6965 54.1772 82.2947 53.2935 40.9231 32.4345 55.8824 28.414 25.8383 34.6246 33.4652 25.9388
threshold=75.043735504150405 -0.15207348018884656 44.047140121459968 49.162492752075202 18.125000000000004 -0.53584328293800343 19.125000000000004 73.125000000000014 75.959003448486342 10.666147232055666 1.6971311569213869 17.463423728942875 13.107566356658937 24.208567619323734 0.05372969992458821 20.125000000000004 25.187973022460941 -0.47652685642242426 13.572195529937746 -0.99552518129348744 -0.99273797869682301 -0.59262362122535694 12.134899616241457 -0.47652685642242426 52.355894088745124 14.650836467742922 17.182626724243168 7.9597661495208749 27.753421783447269 79.625000000000014
decision_type=2 2 2 2 2 2 2 2 2 2 2 2 2 2 2 2 2 2 2 2 2 2 2 2 2 2 2 2 2 2
left_child=2 7 3 8 11 -6 12 -2 16 -10 14 -4 -7 -14 15 -11 18 -18 -1 25 22 -22 -21 24 -23 -20 27 -25 -29 -28
right_child=1 -3 4 -5 5 6 -8 -9 9 10 -12 -13 13 -15 -16 -17 17 -19 19 20 21 23 -24 26 -26 -27 29 28 -30 -31
leaf_value=0.00030012381030723208 -0.0043913167159447238 -0.011226256883221056 -0.0022809425240027537 0.0083736811939037793 -0.020714417665495626 -0.013198272536372518 -0.015230932113859525 0.017698547969429358 0.024914042957197294 0.019426747480613307 -0.018818214536813382 0.014283402916496836 -0.0067773350206756771 0.019186534520779411 -0.017846328317440416 -0.011828311344322643 0.0062279055935582162 -0.00073083620980755773 -0.025330953395648094 0.053366007575870386 -0.0057766366947998868 0.013737459752285793 0.0088104120442740099 -0.0037112291193720963 -0.01653341536158625 -0.0051852504633774577 -0.010381009118909554 0.0036071087850952132 0.028120816623464395 0.0062053556954955822
leaf_weight=30216.590504111489 69.543320521712303 92.209866553544998 604.86647670716047 545.05403975769877 240.17152914404869 46.575280502438545 131.74584510922432 220.20918983221054 51.158374410122633 74.586294356733561 263.01343661919236 98.70942398160696 58.042754292488098 109.07897563278675 38.328650914132595 45.213499542325735 1540.0199713613838 1653.2865552678704 226.97579818591475 51.527915775775909 2896.066714794375 631.63742282241583 81.71524103730917 426.54190026596189 106.35007130354643 224.69843536615372 571.03193084150553 245.47008516266942 133.12384978681803 196.21679258346558
leaf_count=451547 315 400 2798 2506 1211 203 574 1149 330 437 1463 474 263 487 213 351 9102 8510 1715 324 24627 3896 464 3003 617 1293 3246 1375 705 1039
internal_value=1.63286e-05 0.00657623 -4.56062e-05 0.000104912 -0.00470597 -0.0105172 -0.00304424 0.0124271 -1.07695e-05 -0.0072284 -0.0116202 0.000210581 0.00481396 0.0102955 0.000759331 0.00762832 7.80104e-05 0.00263409 -0.000149339 -0.0024909 -0.00135164 -0.00217052 0.0285637 0.00235519 0.00921246 -0.0156383 -0.000901101 0.0040805 0.0127286 -0.00611394
internal_weight=41889.8 381.962 41507.8 40218.6 1289.19 585.614 345.443 289.753 39673.6 472.3 421.142 703.576 213.697 167.122 158.128 119.8 39201.3 3193.31 36007.9 5791.36 5339.68 5206.44 133.243 2310.37 737.987 451.674 1572.38 805.136 378.594 767.249
internal_count=524637 1864 522773 516763 6010 2738 1527 1464 514257 2794 2464 3272 953 750 1001 788 511463 17612 493851 42304 39296 38508 788 13881 4513 3008 9368 5083 2080 4285
is_linear=0
shrinkage=0.04


Tree=160
num_leaves=31
num_cat=0
split_feature=10 8 9 9 13 4 10 10 7 14 10 10 12 10 7 11 10 4 11 6 13 1 14 10 12 3 11 2 14 11
split_gain=10.1463 14.3338 11.1629 10.439 19.3456 25.8669 19.8433 70.3015 44.4837 46.2422 45.8601 59.0317 43.6085 36.5939 38.4036 36.1711 28.2997 30.9271 29.6799 28.2142 37.3448 26.1865 25.3082 34.1541 24.2132 24.1623 22.8916 22.6165 25.4459 62.6939
threshold=0.48030318319797521 19.625000000000004 74.125000000000014 73.625000000000014 0.11582691594958307 1.9062456488609316 -0.85671821236610401 -0.7996615171432494 10.392376422882082 11.210128307342531 -0.9413962960243224 -0.98664820194244374 2.6337748765945439 -0.68508586287498463 25.89459323883057 -0.024725049734115597 -0.97876849770545948 0.11472212523221971 -0.29547800123691553 12.046644210815431 19.019130706787113 15.045892715454103 10.614996910095217 -0.99763298034667958 6.304986000061036 99.107841491699233 -0.48501108586788172 0.10777135193347932 17.182626724243168 -0.99818569421768177
decision_type=2 2 2 2 2 2 2 2 2 2 2 2 2 2 2 2 2 2 2 2 2 2 2 2 2 2 2 2 2 2
left_child=3 2 -2 4 5 -1 8 12 10 15 11 22 -8 14 21 -10 -13 -18 -19 -14 -21 -9 23 -6 -17 -11 -12 -15 29 -29
right_child=1 -3 -4 -5 6 -7 7 13 9 25 26 16 19 27 -16 24 17 18 -20 20 -22 -23 -24 -25 -26 -27 -28 28 -30 -31
leaf_value=0.00098575944987931187 -0.013886881192326036 -0.027817621960929299 0.01042349656617233 -0.00025223654918830901 0.0087970977973550867 0.027078842847542167 0.051372218965232336 -0.0091195343559198703 -0.028304635641993269 -0.0042471332605062842 0.010049994580482653 0.037763043686367029 -0.00090959726080711543 -0.00754290776381112 -0.022641887566259896 0.018678236028395297 0.039882543447817422 0.034010824623925733 -0.0055372012218685932 0.034212646988054145 0.0017407161363815226 0.011311297035150688 0.023427490619401137 -0.021894910736647018 -0.020282978301060836 0.018675834564551585 -0.026118277985072096 -0.01830674789623243 0.00074063858786812013 0.0099357452094216876
leaf_weight=140.99382530734874 48.795154577121139 40.153704211115837 52.33279434684664 33851.096607308136 94.173048060387373 97.92045477614738 44.897996865212917 247.63414733111858 220.11252994835377 945.44591023027897 33.43071748316288 109.57502495124936 152.31960175931454 347.84942355379462 190.64832636713982 49.32051491830498 39.001453428529203 28.914489306509495 129.50023301132023 131.03865611553192 96.604593575000763 154.53065173327923 36.781071469187737 125.09400678053498 34.873712351545691 69.84939931333065 84.895770414499566 129.90273436158895 2856.0905594229698 1301.3422225043178
leaf_count=2894 976 2800 2320 470906 936 1949 233 1418 1750 5284 157 823 712 2110 997 664 799 211 1311 548 397 735 278 1399 333 362 1853 591 12742 6149
internal_value=1.58264e-05 -0.0103245 -0.00150057 5.32876e-05 0.00136231 0.0123384 0.00100404 0.00221504 -0.00241113 -0.00668025 0.00583391 0.0106021 0.0176688 0.000927836 -0.00834671 -0.0200932 0.0221485 0.012079 0.00327212 0.012471 0.0210857 -0.00118508 -0.00355382 -0.00890425 0.00210024 -0.00250333 -0.0159128 0.00212941 0.00292989 0.00726316
internal_weight=41885.1 141.282 101.128 41743.8 7892.74 238.914 7653.83 5652.86 2000.97 1319.6 681.366 563.039 424.861 5228 592.813 304.307 306.991 197.416 158.415 379.963 227.643 402.165 256.048 219.267 84.1942 1015.3 118.326 4635.18 4287.34 1431.24
internal_count=524637 6096 3296 518541 47635 4843 42792 26632 16160 8393 7767 5757 1890 24742 3150 2747 3144 2321 1522 1657 945 2153 2613 2335 997 5646 2010 21592 19482 6740
is_linear=0
shrinkage=0.04


Tree=161
num_leaves=31
num_cat=0
split_feature=1 10 3 18 10 10 9 7 10 7 16 9 10 8 14 4 14 11 10 11 10 10 4 9 10 8 10 14 4 13
split_gain=9.89139 26.3261 30.781 34.1531 27.1023 65.344 43.3376 46.7346 28.9912 59.4476 48.0506 40.2137 27.3859 75.3524 91.0559 56.0106 53.1631 51.6327 51.1662 42.6611 38.1486 89.5893 89.2513 75.0484 58.4138 55.0692 48.4383 83.1112 62.4786 52.4162
threshold=0.75370812416076671 -0.99963879585266102 0.88971778750419628 51.075735092163093 -0.98046803474426258 -0.97312742471694935 76.375000000000014 20.64811992645264 -0.93545487523078907 4.7471337318420419 -46.678493499755852 76.875000000000014 -0.8978554606437682 19.625000000000004 22.113524436950687 0.10700470209121705 2.6963061094284062 -0.48501108586788172 -0.81984052062034596 -0.37645272910594935 -0.76762619614601124 -0.74512827396392811 5.4917194843292245 77.375000000000014 -0.7996615171432494 18.125000000000004 -0.68508586287498463 18.389338493347172 36.780340194702156 14.184340953826906
decision_type=2 2 2 2 2 2 2 2 2 2 2 2 2 2 2 2 2 2 2 2 2 2 2 2 2 2 2 2 2 2
left_child=-1 2 -2 -4 -3 6 7 -6 9 11 -11 -7 13 14 16 -15 19 18 -14 -10 23 22 25 24 -20 -22 27 28 -23 -30
right_child=1 4 3 -5 5 8 -8 -9 12 10 -12 -13 17 15 -16 -17 -18 -19 20 -21 21 26 -24 -25 -26 -27 -28 -29 29 -31
leaf_value=-0.00081106381858870929 -0.0050835782059223253 -0.0040864787336730201 0.035454964229113178 -0.017869621262627033 0.029302227254277079 0.016021176197793922 -0.0017247693470420931 -0.017888768134180114 -0.019812425577153119 0.019867735597268323 -0.012564542315378062 -0.011128927477791652 0.0074196459030709087 -0.0022373332016522151 0.015137482787725299 0.026113019165314132 -0.021044088922004666 -0.0095461175970487089 0.011911965998603389 0.050994291104841015 -0.011983268686594098 -0.0079648787043921244 -0.0020237399731569718 -0.021284126890299421 -0.010474265949775722 0.039383462672388792 0.0007446679805106543 -0.032156145737512777 -0.00062608043438986294 0.045347862406135357
leaf_weight=14892.455012848135 73.081477791070938 2013.5288941729814 99.584739006124437 16.872407339513302 273.37980459444225 279.01252120640129 154.58237127680331 31.357531927525997 15.893063651397823 70.24690899066627 951.1908928854391 116.77465146314353 1728.3714634478092 155.97586121177301 256.7043549567461 368.35765843745321 318.60792758781463 783.67917694151402 358.74634169787169 23.369626102037728 34.080723416060209 675.09964335896075 207.75712251663208 372.67949447035789 367.37201396375895 231.66936748102307 16675.788522286341 179.45064279809594 88.892832865938544 61.282688669860363
leaf_count=282053 1535 27939 1331 133 2673 4193 2084 239 335 635 11943 1792 12044 1962 1205 3259 4209 8647 2893 883 324 7547 1453 3215 3408 1656 132951 1045 705 346
internal_value=1.61255e-05 0.000472793 0.0149483 0.0269271 0.000364854 0.000728051 0.0155117 0.0240322 0.00044259 -0.005089 -0.0101631 0.00793385 0.000786941 0.0068059 -0.00270482 0.0177955 -0.0155669 0.000469001 0.000847451 0.0241289 0.000253904 0.000693464 0.0176809 -0.00694915 0.000597457 0.0326003 0.00022878 -0.00825655 -0.00273698 0.0197946
internal_weight=41875.8 26983.4 189.539 116.457 26793.9 24780.3 459.32 304.737 24321 1417.22 1021.44 395.787 22903.8 1138.91 614.575 524.334 357.871 21764.9 20981.2 39.2627 19252.8 18154 473.507 1098.8 726.118 265.75 17680.5 1004.73 825.275 150.176
internal_count=524637 242584 2999 1464 239585 211646 4996 2912 206650 18563 12578 5985 188087 11853 6632 5221 5427 176234 167587 1218 155543 146027 3433 9516 6301 1980 142594 9643 8598 1051
is_linear=0
shrinkage=0.04


Tree=162
num_leaves=31
num_cat=0
split_feature=11 3 11 17 10 10 10 8 10 13 13 14 9 12 10 8 13 10 10 9 13 10 11 10 10 13 1 4 18 10
split_gain=9.80785 9.68356 27.5721 22.1747 33.6585 54.9738 32.2649 48.1583 49.7548 33.0836 33.0454 27.1325 25.4889 27.5297 24.8739 25.9143 20.7185 18.9314 42.6898 54.9926 21.6678 18.5336 32.364 44.8101 56.1476 105.523 45.716 44.5756 43.6495 27.942
threshold=0.45655821263790136 22.296992301940922 0.078402601182460799 -8.0237441062927228 1.0000000180025095e-35 -0.049434980377554887 -0.44600489735603327 20.125000000000004 -0.59262362122535694 4.5788781642913827 4.1274633407592782 16.812372207641605 73.875000000000014 1.7128854990005495 -0.82956761121749867 17.875000000000004 2.9948449134826665 -0.92599865794181813 -0.98664820194244374 74.625000000000014 0.95709520578384411 -0.36747109889984125 -0.99761277437210072 0.1393099054694176 0.088045001029968276 2.5635033845901494 2.0720533132553105 7.1868534088134775 30.073235511779789 -0.13505011796951291
decision_type=2 2 2 2 2 2 2 2 2 2 2 2 2 2 2 2 2 2 2 2 2 2 2 2 2 2 2 2 2 2
left_child=1 3 21 4 5 6 7 8 14 -10 -9 16 13 -6 15 -1 -8 18 19 -17 -20 -3 28 24 26 -26 -24 -27 -23 -28
right_child=-2 2 -4 -5 12 -7 11 10 9 -11 -12 -13 -14 -15 -16 17 -18 -19 20 -21 -22 22 23 -25 25 27 29 -29 -30 -31
leaf_value=-0.0038800903396783745 -0.019255222217698032 -0.0027021386826841715 -0.02141201763471277 4.7196634477281722e-05 0.027435321290697288 0.037991868721072575 -0.0071748252812933533 -0.012423520266479852 0.061179540878536713 0.018105867785822082 0.008552074903957747 -0.013012865429569281 -0.019163740615111297 -0.00906922263471663 -0.0036838532369209689 -0.012400360913449728 0.017193314812651742 0.027263707575671592 0.019403669453061181 0.042170603805649624 -0.016752453795275998 -0.019838580583522124 -0.0095187910603432273 -0.0082022608525363205 0.064819729421537631 -0.012656121503227123 0.01043702445416308 0.028739120986056722 0.0056621138086142952 -0.004057699780538819
leaf_weight=107.62396637443453 32.213838352588937 4069.2344080461189 97.91123040788807 32991.254721859703 42.692712552845478 73.432951737195253 95.11739756539464 241.84136645449325 42.606839947402477 92.058601938188076 220.34041752386838 250.28647183254361 150.09560811519623 79.837041467428207 179.7710874825716 37.837406378239393 111.88464197516441 181.35784695390612 26.987394040450454 82.750707978382707 88.815868571400642 228.52756432443857 323.23864045552909 406.91015697643161 62.57854438200593 86.299211259931326 940.86544260010123 63.848244152963161 188.9250227920711 268.23505765944719
leaf_count=1054 11049 30190 2953 446804 203 425 871 3039 286 468 1792 1467 1679 357 1441 359 758 1296 448 854 927 2035 2457 2889 433 533 5026 321 882 1341
internal_value=1.56153e-05 3.50531e-05 -0.00135288 0.000301768 0.00427189 0.00622649 0.00469336 0.00788841 0.0135423 0.035021 -0.00245428 -0.00437775 -0.00862322 0.00476036 0.00900808 0.0133387 0.00618152 0.0177617 0.0096612 0.0254093 -0.00745384 -0.00102528 0.00163057 0.0036132 0.00639934 0.0251793 0.00364588 0.00564204 -0.00843535 0.00721451
internal_weight=41865.4 41833.2 6736.57 35096.6 2105.34 1832.71 1759.28 1301.99 839.81 134.665 462.182 457.289 272.625 122.53 705.144 525.373 207.002 417.749 236.391 120.588 115.803 6638.66 2569.43 2151.98 1745.07 212.726 1532.34 150.147 417.453 1209.1
internal_count=524637 513588 49060 464528 17724 15485 15060 11964 7133 754 4831 3096 2239 560 6379 4938 1629 3884 2588 1213 1375 46107 15917 13000 10111 1287 8824 854 2917 6367
is_linear=0
shrinkage=0.04


Tree=163
num_leaves=31
num_cat=0
split_feature=8 10 18 10 9 12 9 9 2 10 10 18 10 11 8 11 11 7 3 11 12 3 13 8 14 8 7 17 10 6
split_gain=9.73531 15.7509 12.8607 11.5372 15.0401 11.9671 11.1012 20.3999 27.136 50.2253 72.1476 61.5909 37.409 66.0665 36.3206 39.8512 127.615 44.5485 39.0487 37.9546 36.1501 36.0949 32.6105 31.9699 29.3786 29.1669 50.7686 42.8154 38.2428 36.3859
threshold=15.875000000000002 -0.3992436677217483 28.235746383666996 0.46514528989791876 76.125000000000014 4.2817895412445077 73.625000000000014 76.375000000000014 1.0000000180025095e-35 -0.69751432538032521 -0.59262362122535694 0.98981404304504406 -0.97876849770545948 -0.09339838474988936 19.625000000000004 -0.39233249425888056 -0.32816398143768305 0.064235184341669097 6.1617779731750497 -0.27900144457817072 0.30413314700126654 30.289299011230472 6.4255034923553476 18.375000000000004 0.2244323864579201 17.125000000000004 10.254914760589601 2.7094774246215825 -0.15207348018884656 11.521196365356447
decision_type=2 2 2 2 2 2 2 2 2 2 2 2 2 2 2 2 2 2 2 2 2 2 2 2 2 2 2 2 2 2
left_child=1 -1 -3 6 5 -5 -2 8 9 11 -11 14 13 -13 15 17 18 -8 24 -18 -16 -14 23 -15 -17 27 29 -10 -29 -27
right_child=3 2 -4 4 -6 -7 7 -9 25 10 -12 12 21 22 20 16 19 -19 -20 -21 -22 -23 -24 -25 -26 26 -28 28 -30 -31
leaf_value=-0.00098130897598897471 0.001344095872010355 0.020961820785183907 0.004059817073641986 0.0024350346498476687 -0.022460485133667954 -0.02549180109150162 0.031517914909118802 0.00050473735252834159 -0.0030112219819437686 -0.029031812612803742 -0.0013064935439648935 -0.022002181859847557 0.019770372636931172 0.034772652513771311 -0.019217285448110352 0.057295292769381431 -0.029882638909703645 -0.015949038175110338 0.090327167883783019 0.0044340205112786317 0.008464305163350368 -0.024593083836857141 -0.011938007881490249 0.0039137968639435493 0.0057659495247661605 -0.003605513895652421 -0.01115324341800864 0.01445146732736865 -0.0037005182256913023 0.0064342749808763257
leaf_weight=341.3535668423865 7856.3285071866121 121.70151820406318 172.61453220248222 157.87933212891221 73.458494530059397 18.8069858700037 26.99909657984972 19448.186335111735 1441.9657366846222 151.57950051501393 2144.9319737330079 115.11102848500013 640.19787203986198 104.83922870829701 255.65591680887155 22.263283548876643 46.468877635896206 230.20201427303255 20.933876071125269 586.55836142878979 98.740804236615077 22.498647255823016 58.609104420989752 106.29545573424548 44.93455633148551 4774.0031780689023 1309.4353852265049 543.26457789214328 274.33761748857796 647.60817810939625
leaf_count=2652 47320 724 755 4544 4625 281 578 229840 14834 4830 43079 1835 10841 1719 12117 387 943 5326 268 21867 1906 328 1024 1969 774 83044 14331 3699 1533 6664
internal_value=1.62992e-05 0.00488996 0.0115081 -6.00234e-05 -0.00845709 -0.00174383 -6.70589e-06 -0.000327478 -0.00151119 0.000958699 -0.00325442 0.00502011 0.0122283 0.00222018 -0.000694437 0.00329061 0.00809286 -0.00997322 0.0505387 0.00148938 -0.0114841 0.017921 0.0129739 0.0201163 0.0280485 -0.00279564 -0.00411413 0.00113286 0.00838964 -0.00239663
internal_weight=41857.8 635.67 294.316 41222.1 250.145 176.686 40971.9 33115.6 13667.4 4676.82 2296.51 2380.31 1047.55 384.855 1332.76 978.36 721.159 257.201 88.1317 633.027 354.397 662.697 269.744 211.135 67.1978 8990.61 6731.05 2259.57 817.602 5421.61
internal_count=524637 4131 1479 520506 9450 4825 511056 463736 233896 109791 47909 61882 17716 6547 44166 30143 24239 5904 1429 22810 14023 11169 4712 3688 1161 124105 104039 20066 5232 89708
is_linear=0
shrinkage=0.04


Tree=164
num_leaves=31
num_cat=0
split_feature=8 11 10 10 17 11 14 6 7 11 11 7 10 14 4 12 13 10 3 14 0 17 8 4 17 3 7 13 16 10
split_gain=9.94145 11.4498 15.0323 17.903 18.6927 12.1147 15.0497 11.3365 12.6577 10.282 35.4952 32.9301 31.8405 61.6384 46.8521 43.6566 41.5929 39.5705 34.2337 41.7478 51.4646 33.7768 32.6709 31.712 41.9477 34.8364 32.2564 35.1264 31.352 66.7207
threshold=21.625000000000004 -0.11051030829548834 -0.31900864839553827 -0.72174841165542591 -0.38816043734550471 -0.98372924327850331 6.8661825656890878 5.7403373718261728 2.2673724889755253 -0.92602273821830738 -0.93845868110656727 0.2800325751304627 -0.47652685642242426 8.497833728790285 8.2497897148132342 34.596899032592781 9.0880498886108416 -0.44600489735603327 9.4215474128723162 13.909507751464846 60.41596984863282 -1.4027475118637083 19.125000000000004 16.155911445617679 0.98883482813835155 1.3763592243194582 11.288825035095217 48.299516677856452 -8.490315914154051 -0.50648479163646687
decision_type=2 2 2 2 2 2 2 2 2 2 2 2 2 2 2 2 2 2 2 2 2 2 2 2 2 2 2 2 2 2
left_child=9 2 3 7 -5 6 -4 8 -2 10 -1 -12 28 14 17 -15 -16 -14 19 -17 -21 22 -19 24 -13 -25 -26 -28 29 -11
right_child=1 -3 5 4 -6 -7 -8 -9 -10 12 11 23 13 15 16 18 -18 21 -20 20 -22 -23 -24 25 26 -27 27 -29 -30 -31
leaf_value=0.0001404394875185399 0.016434141027157831 -0.01576034345791448 0.029413521414599686 0.0044408241415076419 0.049784023826964105 -0.01497271855479791 -0.013920008978789675 0.019620902273027954 -0.021693445286073358 0.0021448230465281556 -0.012827415803430012 0.018736286054542119 -0.021584597829119225 -0.014467413937779455 0.0068624185573822535 -0.021076132617802029 0.044998836270358694 -0.00024834839359496414 -0.0083586008540045015 0.041032126013394857 -0.0070478109834574334 -0.0017839449040259465 0.03617920729835563 0.022333759757439495 -0.00099530995939166593 -0.012605677936234665 0.032750404868759714 -0.0079604382123904787 -0.00065694920241394475 0.027192659325102717
leaf_weight=14490.018922802061 13.084021618589757 20.043601902667433 21.387064415961504 25.21760986931622 32.967744702473283 44.673578478395939 13.8915404304862 31.082649666815996 28.064747927710414 3754.9499488216825 121.63810792937875 557.37915051542222 138.62686574086547 1070.5820218659937 189.89314579311758 34.984327360987663 52.431339632719755 80.176075363531709 271.46261040866375 85.765433982014656 52.614611864089966 1655.0828772131354 67.187845608219504 49.217503532767296 510.6169865578413 193.0749873239547 95.612768158316612 45.044198125600815 17931.312265292741 168.39543457888067
leaf_count=139482 206 1005 393 359 397 777 174 384 436 34252 2459 5003 2565 7577 2111 257 367 1304 1407 469 301 32947 969 299 4009 1144 469 225 281897 993
internal_value=1.58625e-05 0.00812651 0.0110143 0.0189094 0.0336656 -0.00253444 0.0130444 0.00437411 -0.00872728 -3.09846e-05 0.000761764 0.00644968 -0.0005294 -0.00395625 0.00035234 -0.0101257 0.0165703 -0.00174687 0.0004121 0.0138526 0.0235083 -0.000110467 0.0176038 0.00814249 0.0107767 -0.00490442 0.00378438 0.0200501 5.21237e-05 0.00328631
internal_weight=41846.5 230.413 210.369 130.417 58.1854 79.9522 35.2786 72.2314 41.1488 41616.1 16062.6 1572.58 25553.5 3698.81 2183.4 1515.41 242.324 1941.07 444.827 173.364 138.38 1802.45 147.364 1450.95 1208.65 242.292 651.274 140.657 21854.7 3923.35
internal_count=524637 4131 3126 1782 756 1344 567 1026 642 520506 153090 13608 367416 50274 40263 10011 2478 37785 2434 1027 770 35220 2273 11149 9706 1443 4703 694 317142 35245
is_linear=0
shrinkage=0.04


Tree=165
num_leaves=31
num_cat=0
split_feature=15 10 10 0 10 13 10 14 12 13 3 10 10 12 8 4 9 12 10 9 7 9 10 2 10 8 3 10 13 10
split_gain=9.73262 48.6554 47.1468 20.3656 32.251 40.8044 25.0284 29.635 24.9391 19.9455 31.9914 46.4072 42.8183 38.7186 30.7241 22.3934 20.1294 18.2919 17.8484 32.8356 22.927 22.2382 16.6266 16.4272 15.8776 15.527 15.4666 34.5115 137.703 48.1408
threshold=0.93750000000000011 0.036545658484101302 0.25725142657756811 20.981510162353519 0.27383534610271459 16.09366607666016 0.22386012226343158 5.8266127109527597 13.899619579315187 19.950161933898929 8.8101391792297381 -0.76762619614601124 -0.69751432538032521 50.000188827514656 18.875000000000004 25.293042182922367 77.875000000000014 44.809270858764656 0.12225609645247461 77.625000000000014 6.6822276115417489 73.375000000000014 -0.99993467330932606 4.8071486949920663 -0.31900864839553827 18.375000000000004 24.202995300292972 0.088045001029968276 3.4700344800949101 0.12225609645247461
decision_type=2 2 2 2 2 2 2 2 2 2 2 2 2 2 2 2 2 2 2 2 2 2 2 2 2 2 2 2 2 2
left_child=3 9 -3 22 6 -6 7 8 -5 15 11 17 -13 16 -12 -2 -14 -11 -9 21 -21 -20 -1 24 -15 -19 -24 -28 29 -29
right_child=1 2 -4 4 5 -7 -8 18 -10 10 14 12 13 23 -16 -17 -18 25 19 20 -22 -23 26 -25 -26 -27 27 28 -30 -31
leaf_value=-0.015151088433880092 -0.014537720600929798 -0.027250291978369177 0.013764201418920081 0.006498311700068188 0.0018232327024523117 -0.026867120971790583 0.018082631446004641 0.0039922631965214582 -0.01441200769094178 0.01251333952850831 0.0030997601681834793 0.042307596762096084 0.0042713298020817794 -0.023886010371550807 -0.010794307116803088 0.019227573500257441 0.035688771299752335 0.0083065461479777808 0.0058665796607072444 -0.0054889431141871836 0.039912575094961183 -0.01998390218270809 0.00014454786973636615 0.0070772626679443673 0.0076076811049256201 -0.019527510654466312 -0.0037890360320722541 0.063743396560174248 -0.010223848718972117 0.016136437709321973
leaf_weight=108.88146278448403 235.44806343689561 200.1832219325006 50.315920449793339 127.40490412618965 191.63228934630752 123.92971734702587 161.6852443665266 4730.7666713655926 274.08511820435524 47.8359888587147 539.18106261640787 65.404082685709 52.435161355882883 58.695227757096291 466.86575982905924 27.263540834188461 91.910354472696781 35.092947570607066 70.259715527296066 29.716156899929047 27.672494471073151 169.7866376824677 29728.2591801323 188.57231258973479 34.671713799238205 133.81288678012788 3493.0285723221023 58.075557544827461 233.63915184885263 86.965596688911319
leaf_count=3272 2066 1301 271 1438 1481 636 974 29708 3180 398 2637 316 369 474 2688 202 472 243 289 223 234 1086 436081 1022 220 1165 29394 376 1568 853
internal_value=1.65802e-05 -0.00254995 -0.0187999 0.000161509 0.00232595 -0.0099234 0.00303375 0.00255321 -0.00777987 -0.000406931 0.00118478 0.00763918 0.014348 0.00918684 -0.0033907 -0.0104571 0.0252922 -0.0075417 0.00339208 -0.00597324 0.0190775 -0.0124856 -0.000218352 0.000357409 -0.0125863 -0.0136035 -0.000165468 -0.00254011 0.0087813 0.0380805
internal_weight=41843.5 2227.69 250.499 39615.8 5906.94 315.562 5591.38 5429.69 401.49 1977.19 1714.48 708.431 491.689 426.285 1006.05 262.712 144.346 216.742 5028.2 297.435 57.3887 240.046 33708.8 281.939 93.3669 168.906 33600 3871.71 378.68 145.041
internal_count=524637 13844 1572 510793 39249 2117 37132 36158 4618 12272 10004 4679 2873 2557 5325 2268 841 1806 31540 1832 457 1375 471544 1716 694 1408 468272 32191 2797 1229
is_linear=0
shrinkage=0.04


Tree=166
num_leaves=31
num_cat=0
split_feature=5 13 10 7 6 10 13 6 10 4 10 12 17 6 7 17 12 7 4 10 8 6 10 13 3 9 12 7 11 10
split_gain=9.55294 16.041 35.9498 12.7476 24.1781 20.6538 38.7882 36.212 34.039 27.0868 45.3082 23.0353 20.8717 20.0385 21.9145 18.0005 14.0368 39.1205 21.5717 13.6083 17.1855 13.0236 34.9731 39.1463 34.5125 33.8962 33.5796 30.5041 56.6646 80.6805
threshold=93.946643829345717 75.118892669677749 -0.43054369091987604 44.047140121459968 49.162492752075202 -0.55028682947158802 12.841145992279055 25.187973022460941 -0.49157854914665217 33.727977752685554 -0.35141934454441065 50.000188827514656 -12.516477584838865 62.618331909179695 54.607795715332038 -2.8907853364944454 75.959003448486342 10.666147232055666 1.6971311569213869 0.05372969992458821 20.125000000000004 20.977808952331547 0.05372969992458821 6.9273691177368173 14.682184696197512 75.625000000000014 35.925928115844734 13.572195529937746 -0.99552518129348744 -0.59262362122535694
decision_type=2 2 2 2 2 2 2 2 2 2 2 2 2 2 2 2 2 2 2 2 2 2 2 2 2 2 2 2 2 2
left_child=3 -2 -3 4 16 6 -5 -7 12 -10 15 -12 -9 -8 -15 -11 21 -18 19 20 -19 27 24 -24 26 -25 -23 -1 -29 -30
right_child=1 2 -4 5 -6 7 13 8 9 10 11 -13 -14 14 -16 -17 17 18 -20 -21 -22 22 23 25 -26 -27 -28 28 29 -31
leaf_value=0.00026220963248193148 0.01727460728494162 0.016882040425508095 -0.0154764880308986 0.012825524747622339 0.0090959729617529489 -0.027888641282941093 -0.021514583853318774 0.037312589690237284 -0.0086503560842285908 -0.016277812339237654 0.025760053562528674 -0.0032307930433891196 0.0029259792759655148 0.017219936871479644 -0.013736070724952799 0.0097792183610125438 0.023193251279692163 0.018590623343222052 -0.017963795326293802 -0.017479503636952932 -0.010741209479745264 0.0041826584000386711 0.017479241181060614 -0.0064679239179144133 0.00012772051434148905 -0.033982545831438539 0.016649544359655363 -0.018147224454239753 -0.0068633691744004813 0.0043517879930614215
leaf_weight=29884.436599789886 126.92004051059484 92.637110970914364 108.20249616354704 87.927431270480156 461.89806877449155 60.055865027010441 270.87361785769463 54.577636793255806 375.01381142437458 125.96433433890343 156.91080991923809 56.69197878241539 53.473892703652382 47.408724054694176 91.450128696858883 53.750744596123695 51.488931242376566 72.752299353480339 257.12275453656912 37.683620035648346 43.74088191613555 1345.6932314783335 77.577766727656126 393.72550903260708 2403.0211921744049 79.728137385100126 460.39319257624447 365.44594475999475 2312.5480643762276 1829.8272635936737
leaf_count=449182 646 450 537 513 2122 263 1310 259 1695 548 756 291 240 205 385 241 330 428 1444 212 346 8483 452 1764 13839 875 2454 2523 20616 11228
internal_value=1.67724e-05 0.00671662 -0.000458337 -3.77325e-05 9.52864e-05 -0.00372998 -0.010227 -0.000205606 0.00198466 -0.00107424 0.00618468 0.0182653 0.0219843 -0.0153618 -0.00272037 -0.00837977 -1.19272e-05 -0.00686295 -0.0110868 0.000777751 0.00759863 7.07848e-05 0.00202945 -0.00736084 0.00327331 -0.0117084 0.0074348 -0.00020082 -0.00326424 -0.00191071
internal_weight=41838.9 327.76 200.84 41511.2 40077.1 1434.1 497.66 936.439 876.383 768.332 393.318 213.603 108.052 409.732 138.859 179.715 39615.2 462.788 411.3 154.177 116.493 39152.4 4760.14 551.031 4209.11 473.454 1806.09 34392.3 4507.82 4142.38
internal_count=524637 1633 987 523004 516298 6706 2413 4293 4030 3531 1836 1047 499 1900 590 789 514176 2760 2430 986 774 511416 27867 3091 24776 2639 10937 483549 34367 31844
is_linear=0
shrinkage=0.04


Tree=167
num_leaves=31
num_cat=0
split_feature=6 10 9 7 8 10 8 6 10 17 12 7 4 18 6 10 10 14 2 7 11 11 10 11 9 13 10 1 9 13
split_gain=9.40744 23.5734 15.7212 15.5217 20.856 24.8112 20.0251 19.9755 14.3372 14.2586 13.26 36.3385 20.8944 12.5247 12.4 33.4057 29.1724 49.4057 28.8797 28.2123 52.8698 77.2478 50.3065 29.8262 55.1268 41.3059 36.6524 28.8933 28.1206 26.5186
threshold=75.043735504150405 -0.15207348018884656 73.125000000000014 44.047140121459968 18.125000000000004 -0.53584328293800343 19.125000000000004 49.162492752075202 -0.43054369091987604 17.463423728942875 75.959003448486342 10.666147232055666 1.6971311569213869 47.194593429565437 20.977808952331547 0.12225609645247461 0.22386012226343158 26.068478584289554 0.67158207297325145 13.572195529937746 -0.99552518129348744 -0.99273797869682301 -0.59262362122535694 -0.09339838474988936 78.625000000000014 0.64799073338508617 -0.98046803474426258 10.941351890563967 76.375000000000014 10.937057971954347
decision_type=2 2 2 2 2 2 2 2 2 2 2 2 2 2 2 2 2 2 2 2 2 2 2 2 2 2 2 2 2 2
left_child=3 2 -2 7 9 -6 8 10 -7 -5 14 -12 -13 -10 19 18 29 -18 -16 -1 -21 27 23 25 -25 -23 -27 28 -22 -17
right_child=1 -3 -4 4 5 6 -8 -9 13 -11 11 12 -14 -15 15 16 17 -19 -20 20 21 22 -24 24 -26 26 -28 -29 -30 -31
leaf_value=0.00025167484442317853 -0.0043292087069531455 -0.010620394747928122 0.01687678982499427 -0.0020613683392990121 -0.019585706949629075 0.019795593677915595 -0.014571107592959509 0.0076408250515474551 -0.015623272802531648 0.013707976267334186 0.022258518674220556 0.00088022730397245791 -0.017403669048474367 0.0065551162027792497 -0.0090142253133608258 0.0081596549712613341 -0.011485354718122369 0.032547061329043253 0.0038842868639154065 -0.017577578437106795 0.013697489844530033 0.020716376715378137 0.0023940646124084165 -0.00057005081349892513 0.056054392034660276 -0.026533287423482238 -0.0075008072668129276 3.7635601149501036e-05 0.065731074093786063 -0.023150899008635036
leaf_weight=29890.243948363233 69.481396481394768 92.03794664144516 217.72596691548824 602.28345364332199 236.70587731152773 59.434789255261421 131.34503826498985 543.82719365879893 55.925327703356743 97.916251324117184 51.916157938539982 157.35918844118714 260.00727231055498 97.176644876599312 288.6330691431649 48.848853688687086 104.2114368006587 53.646989904344082 4073.2870168210939 362.58079206757247 37.608436498790979 67.191538458690047 1726.3443532325327 220.7113235630095 21.394516331143677 170.41347585618496 1822.7971669249237 35.331676788628101 33.769157983362675 203.24827894568443
leaf_count=449182 315 400 1149 2798 1211 261 574 2506 244 474 330 1001 1463 448 2285 314 547 226 23341 2523 228 805 10604 2829 441 1776 14765 197 199 1201
internal_value=1.613e-05 0.00620562 0.0117736 -4.19778e-05 -0.00435951 -0.00989586 -0.00286103 9.67223e-05 0.00470524 0.00030579 -8.70517e-06 -0.00662165 -0.0106508 -0.00200742 7.22122e-05 0.00198077 -0.00880317 0.00452622 0.00301211 -0.000193125 -0.00314283 -0.00183793 -0.00276071 -0.00661922 0.00645873 -0.00817971 -0.00925236 0.0302531 0.0433671 -0.017004
internal_weight=41833.4 379.245 287.207 41454.2 1280.79 580.588 343.882 40173.4 212.537 700.2 39629.5 469.283 417.366 153.102 39160.3 4771.88 409.956 157.858 4361.92 34388.4 4498.14 4135.56 4028.85 2302.51 242.106 2060.4 1993.21 106.709 71.3776 252.097
internal_count=524637 1864 1464 522773 6010 2738 1527 516763 953 3272 514257 2794 2464 692 511463 27914 2288 773 25626 483549 34367 31844 31220 20616 3270 17346 16541 624 427 1515
is_linear=0
shrinkage=0.04


Tree=168
num_leaves=31
num_cat=0
split_feature=9 8 9 9 7 3 10 11 8 13 10 7 10 3 14 11 7 1 11 11 16 11 10 1 7 11 2 10 14 4
split_gain=9.74134 23.1886 36.4313 37.4624 23.3579 22.8424 65.1847 39.1757 22.2124 53.3845 56.9997 58.7436 45.5217 32.8783 44.9218 28.4633 51.8228 50.2102 31.1843 53.4307 48.9044 38.7872 54.2268 83.4301 45.0937 42.0344 51.6651 33.1585 99.6501 51.9634
threshold=73.875000000000014 18.125000000000004 73.375000000000014 73.125000000000014 37.219501495361335 68.487224578857436 -0.28622037172317499 -0.99375280737876881 17.875000000000004 9.6645398139953631 -0.99697706103324879 2.6066462993621831 0.40318277478218084 1.0259720683097842 10.469696044921877 0.18069575726985934 2.7791368961334233 0.90543812513351452 0.14675828069448474 0.078402601182460799 0.20436312258243564 0.026874557137489322 -0.99697706103324879 3.7094304561614995 0.95981866121292125 1.0000000180025095e-35 4.7243406772613534 -0.9599599540233611 0.58279448747634899 1.0000000180025095e-35
decision_type=2 2 2 2 2 2 2 2 2 2 2 2 2 2 2 2 2 2 2 2 2 2 2 2 2 2 2 2 2 2
left_child=1 -1 3 4 -3 8 -7 -8 9 10 11 -2 -12 14 -11 18 17 -17 19 21 -20 22 23 -10 -23 26 -25 28 -24 -30
right_child=5 2 -4 -5 -6 6 7 -9 15 13 12 -13 -14 -15 -16 16 -18 -19 20 -21 -22 24 27 25 -26 -27 -28 -29 29 -31
leaf_value=0.0030422894418861263 0.036138753704865335 0.00060704201238788555 -0.0055655146442165071 0.0068004409142580959 -0.0088236011421948118 -0.017707749283319998 -0.014041318395696849 0.036994754797053331 -0.024430980530869575 0.00094168906127219988 -0.010133526744376866 -0.0061292583856823292 0.01248939219147205 -0.00082405638932998588 0.02738760039536671 -0.0072782027977465382 -0.02423565826593806 0.02817967493820905 0.0025039371207542693 -0.016709030221296602 0.041905062672380096 -0.019814552160381863 0.025290571457008221 0.023219199193534597 0.01527793432971949 0.042059160481275087 -0.029376076782081262 -4.6726688830370925e-06 0.0088752448798447015 -0.0038298204441341529
leaf_weight=4986.8889766177163 87.110724709928036 1853.5339222874027 1701.2206933062989 1342.6519195586443 532.99462542682886 327.1254016160965 30.8186398409307 57.181087698787451 316.34205687884241 237.51104153040797 2042.8908114263322 109.49521301873028 144.56976848188788 1034.5429630754516 172.15379141829908 269.39551073824987 203.4341389881447 72.853992548305541 164.36734314355999 283.92717603361234 63.601998090744019 58.070096102543175 321.71170492842793 51.045150795020163 467.03997347503901 39.504544613882899 48.63779385946691 22727.226249055006 897.82466818764806 1181.4517940729856
leaf_count=31671 1548 12676 13770 8262 2471 2833 233 345 11988 2761 46590 1734 2798 7569 1428 34559 13680 3393 4238 10216 874 1376 3725 1302 6236 692 1165 267906 10237 16361
internal_value=1.63431e-05 0.00107572 -0.000732505 0.00148126 -0.00152718 -0.000335238 -0.00954432 0.0195123 -0.000208858 -0.00305721 -0.00672308 0.0134413 -0.00858834 0.00299893 0.0124429 0.000193507 -0.00876653 0.000855364 0.000380397 0.000250328 0.0147956 0.000441084 0.000218068 -0.0133093 0.0110994 0.0119111 -0.00278192 0.000468492 0.00492881 0.00167241
internal_weight=41827.1 10417.3 5430.4 3729.18 2386.53 31409.8 415.125 87.9997 30994.7 3828.27 2384.07 196.606 2187.46 1444.21 409.665 27166.4 545.684 342.25 26620.8 26392.8 227.969 26108.9 25583.7 455.53 525.11 139.187 99.6829 25128.2 2400.99 2079.28
internal_count=524637 68850 37179 23409 15147 455787 3411 578 452376 64428 52670 3282 49388 11758 4189 387948 51632 37952 336316 331204 5112 320988 313376 15147 7612 3159 2467 298229 30323 26598
is_linear=0
shrinkage=0.04


Tree=169
num_leaves=31
num_cat=0
split_feature=8 11 10 10 17 5 11 6 7 9 10 7 10 3 4 12 15 16 7 6 10 10 7 0 7 13 2 3 10 12
split_gain=9.2766 10.657 13.7148 16.4616 16.5938 11.5232 15.847 10.9897 12.8868 9.81295 22.9237 33.5151 49.5705 23.406 21.1526 24.7043 28.8174 19.8841 28.4146 52.6475 28.2137 20.1894 19.063 23.4872 19.0048 23.3309 31.5134 23.6382 22.5531 22.2969
threshold=21.625000000000004 -0.09339838474988936 -0.31900864839553827 -0.72174841165542591 -0.82418140769004811 7.2665214538574228 -0.98372924327850331 5.7403373718261728 2.1480050086975102 79.625000000000014 0.088045001029968276 4.9678874015808114 -0.92599865794181813 73.417064666748061 9.7584524154663104 62.348731994628913 0.68750000000000011 -9.0829482078552228 6.5302135944366464 11.688170909881594 0.1732888147234917 0.40318277478218084 27.145719528198246 17.387057304382328 12.317355632781984 7.1504902839660653 2.4693493843078618 3.0207552909851079 -0.96235975623130787 4.5281012058258066
decision_type=2 2 2 2 2 2 2 2 2 2 2 2 2 2 2 2 2 2 2 2 2 2 2 2 2 2 2 2 2 2
left_child=9 2 3 7 -5 6 -4 8 -2 -1 11 12 -11 14 22 16 24 -12 20 -20 -19 -22 -13 -24 -16 28 -27 -28 -26 -29
right_child=1 -3 5 4 -6 -7 -8 -9 -10 10 17 13 -14 -15 15 -17 -18 18 19 -21 21 -23 23 -25 25 26 27 29 -30 -31
leaf_value=-0.00027167238826693259 0.016693535001456195 -0.0158469403836894 0.027301066366702535 0.0028318945023215348 0.045692982927953187 -0.021449415321248898 -0.0097434293698774738 0.018888242855725983 -0.021785548488675796 -0.0037259111809120832 -0.020969052138689739 -0.0015237689132936922 0.016597033538045199 -0.016038903193108741 0.010241572066509299 -0.017330053992016529 0.021296912287772224 -0.023015336265422175 0.043426442750760463 -0.0088852128776078076 0.0025535787967581893 -0.020726766650703471 0.027939691384092198 -0.0081351251063068349 0.016377821781436229 0.028691220924647234 -0.015329136156604362 0.02158032152809795 -0.014190985247391935 -0.0010360755523116188
leaf_weight=35986.233084534761 12.973693717271088 18.625003136694431 23.432534039020538 22.974950700998306 36.592254212126136 23.322478145360947 33.082072617486119 32.143569365143776 28.322698634117842 285.81684658396989 96.902918227016926 2333.9268690675963 556.17101214709692 115.10274294950068 489.30522582633421 63.833241239190102 173.57966998964548 112.47981204092503 46.827016428112984 61.16960833966732 363.41520607471466 60.958941873162985 67.701129652559757 40.108503624796867 37.63277009408921 67.861551232635975 97.707680448889732 93.622855309396982 221.72332659270614 210.73634006269276
leaf_count=468180 207 978 415 322 434 276 653 395 451 7449 816 17312 6578 884 4257 417 1016 956 317 462 3986 2279 418 247 428 415 661 575 1632 1221
internal_value=1.61575e-05 0.00783363 0.0105239 0.0179499 0.0319449 -0.00246859 0.00741156 0.0041305 -0.00879923 -2.92311e-05 0.00152738 0.00252953 0.00973555 0.000997091 0.00153993 0.00533829 0.00649385 -0.00497814 -0.00229164 0.015555 -0.00610057 -0.00119069 -0.000737557 0.0149674 0.00422908 0.000111095 0.00539746 0.000865028 -0.00931206 0.00638605
internal_weight=41814.3 231.469 212.844 133.007 59.5672 79.8371 56.5146 73.44 41.2964 41582.8 5596.58 4854.83 841.988 4012.84 3897.74 1456 1392.17 741.754 644.851 107.997 536.854 424.374 2441.74 107.81 1218.59 729.285 469.928 402.067 259.356 304.359
internal_count=524637 4131 3153 1809 756 1344 1068 1053 658 520506 52326 43510 14027 29483 28599 10622 10205 8816 8000 779 7221 6265 17977 665 9189 4932 2872 2457 2060 1796
is_linear=0
shrinkage=0.04


Tree=170
num_leaves=31
num_cat=0
split_feature=11 10 8 9 9 3 4 11 10 16 7 10 8 17 4 0 10 17 3 10 5 8 13 10 7 10 3 14 11 10
split_gain=9.30175 9.18165 13.5712 10.6301 9.76433 25.2507 29.5591 31.4497 31.4138 22.8032 22.4665 21.3812 21.1082 23.1542 21.7914 24.1148 22.4102 28.4808 20.601 60.6556 19.7008 19.6486 48.65 52.5656 52.7843 49.6862 30.3141 43.8266 24.6593 23.1688
threshold=0.45655821263790136 0.48030318319797521 19.625000000000004 74.125000000000014 73.875000000000014 14.15839719772339 4.3587820529937753 -0.98212954401969899 -0.31900864839553827 2.2451461553573613 12.126556873321535 -0.25309335440397257 17.625000000000004 -6.7819166183471671 68.96362686157228 87.428829193115249 -0.98664820194244374 0.22977665066719058 68.487224578857436 -0.28622037172317499 93.946643829345717 17.875000000000004 9.6645398139953631 -0.99697706103324879 2.6066462993621831 0.40318277478218084 1.1141095757484438 8.7160005569458026 0.39430940151214605 -0.15207348018884656
decision_type=2 2 2 2 2 2 2 2 2 2 2 2 2 2 2 2 2 2 2 2 2 2 2 2 2 2 2 2 2 2
left_child=1 4 3 -3 5 12 7 9 -9 -7 -8 -10 14 -14 15 16 17 -1 21 -20 -12 22 23 24 -6 28 27 -24 -25 -28
right_child=-2 2 -4 -5 18 6 10 8 11 -11 20 -13 13 -15 -16 -17 -18 -19 19 -21 -22 -23 26 25 -26 -27 29 -29 -30 -31
leaf_value=-0.016288232016071477 -0.018906536065660475 -0.013570292465279896 -0.02730669403738702 0.010183041414999563 0.033892662553162707 -0.02641921963499751 0.016297238491526846 -0.0086139549433815726 0.030598055040635033 -0.0039767998222303338 -0.00070503136810212686 0.0026148028380752397 0.011789538912880459 0.00029606868735779224 -0.012326152916236982 -0.016068942313270048 0.010053497559940353 0.0093857387157476012 -0.017064784298786616 0.018815446584718093 0.013083586471831483 0.0002153434718427215 -0.0034440688099238764 -0.010185726185124946 -0.0059235751096903301 0.015608886706562051 0.0026499745996061298 0.022330582004026652 0.032324926193455714 -0.011027066516509372
leaf_weight=119.08633614704013 31.52361237606965 48.246328497305512 38.331670545041561 52.612818724475801 89.802178917452693 179.08496997877955 130.581671978347 449.75342535763048 46.454757265746593 124.04164970293641 3300.1861986201257 203.28380222246051 294.30660473974422 3584.2220208377112 86.423729697242379 59.152695156633854 1489.5597208931576 139.3148470595479 322.43152812495828 88.538898911327124 164.53295851498842 27072.979085306171 175.3155796341598 2007.7771182348952 108.92401862516999 122.69036082178354 768.54927343036979 246.56358058191836 12.607904551550744 255.90356180071831
leaf_count=1094 11049 976 2800 2320 1548 868 1179 3161 212 543 16403 928 1730 27719 510 272 10099 1020 2833 578 862 375168 2119 43576 1734 2046 5863 2136 1679 1612
internal_value=1.59945e-05 3.4792e-05 -0.00987064 -0.0013786 7.02633e-05 0.00113331 -0.00107704 -0.00711396 -0.00236112 -0.0176559 0.000621536 0.0087977 0.00289286 0.00119628 0.00634341 0.00729919 0.0081769 -0.00261235 -0.0002825 -0.00907147 -1.44668e-05 -0.000162558 -0.0028568 -0.0064089 0.0128307 -0.00824429 0.00289905 0.011788 -0.00976255 -0.000840058
internal_weight=41812.8 41781.3 139.191 100.859 41642.1 10370 4597.92 1002.62 699.492 303.127 3595.3 249.739 5772.07 3878.53 1893.54 1807.11 1747.96 258.401 31272.1 410.97 3464.72 30861.1 3788.13 2341.8 198.726 2143.08 1446.33 421.879 2020.39 1024.45
internal_count=524637 513588 6096 3296 507492 66600 24156 5712 4301 1411 18444 1140 42444 29449 12995 12485 12213 2114 440892 3411 17265 437481 62313 50583 3282 47301 11730 4255 45255 7475
is_linear=0
shrinkage=0.04


Tree=171
num_leaves=31
num_cat=0
split_feature=8 10 0 10 9 12 9 9 14 0 12 10 3 8 10 9 10 4 8 13 10 10 10 10 10 10 10 3 10 11
split_gain=9.19232 14.5024 11.8437 10.6553 13.9447 11.6907 11.1386 10.619 20.8101 27.5408 20.2458 35.6408 22.6292 30.5576 22.5053 21.0787 33.4005 31.8995 29.674 28.7278 43.2524 45.2421 39.5513 51.6739 48.5119 76.1763 39.1361 80.8307 43.7714 92.0508
threshold=15.875000000000002 -0.3992436677217483 29.591605186462406 0.46514528989791876 75.875000000000014 4.7028636932373056 73.375000000000014 73.625000000000014 47.035240173339851 31.836854934692386 53.471553802490241 -0.01505099539645016 8.668943405151369 20.125000000000004 -0.76762619614601124 78.625000000000014 0.40318277478218084 0.54153063893318187 20.125000000000004 0.74344807863235485 -0.99940761923789967 -0.99275806546211232 0.036545658484101302 0.1393099054694176 -0.81984052062034596 -0.84828248620033253 -0.98664820194244374 0.47980041801929479 -0.92599865794181813 -0.42373907566070551
decision_type=2 2 2 2 2 2 2 2 2 2 2 2 2 2 2 2 2 2 2 2 2 2 2 2 2 2 2 2 2 2
left_child=1 -1 -3 7 5 6 -5 -2 10 -10 15 12 13 14 -12 16 -9 -17 -18 22 -21 -22 24 -24 25 -19 27 -23 -28 -30
right_child=3 2 -4 4 -6 -7 -8 8 9 -11 11 -13 -14 -15 -16 17 18 19 -20 20 21 26 23 -25 -26 -27 28 -29 29 -31
leaf_value=-0.00089543184556478976 0.0013144978580162173 0.01677978422425536 0.00013923110609978526 -0.016713483012063744 -0.021102665000753373 -0.025685964236242743 0.0079363040673606604 -0.00095455805309526049 -0.027940164287301648 0.00015396585338095189 -0.0060667264168346655 -0.029080134926372604 -0.012299244401403833 -0.0094013357431992611 0.021002488341076528 -0.0012584168027622645 0.014860675637962922 0.010646735065298715 -0.0084328136103373492 0.045023724514855687 -0.021070788504025099 -0.012104642551057115 0.074997383434770359 -0.001649727374448071 -0.005984508660646334 0.072766489906638102 -0.010340588982458635 0.059587631806599949 0.0022870720513308413 0.032403730128496955
leaf_weight=340.36089873709716 7844.1369230996352 190.47507794946432 104.15770773589611 27.639206916093826 77.919895011000335 17.039001945406199 125.27765819616616 22572.112051914912 91.084239110350609 124.46298584342003 66.094143085181713 89.478266548365355 253.79939288832247 171.76288282498717 146.99315746128559 3787.190018779831 372.15329853445292 246.72425886197016 106.3168236091733 28.076602741144598 120.14216377213597 40.704534919932485 24.314912743866444 23.144009783864021 209.55151850171387 27.216297054663301 389.86054903641343 45.741139512509108 3981.5761938616633 159.4145868436899
leaf_count=2652 47320 1018 461 499 5025 249 3677 358190 460 607 614 688 1691 1296 891 43973 6869 5997 3024 600 2155 639 210 265 2153 221 4785 550 26575 1283
internal_value=1.54176e-05 0.00475369 0.0110947 -5.88008e-05 -0.00816418 -0.00138923 0.00272852 -7.72175e-06 -0.000321577 -0.0124302 -0.000238398 -0.00678823 -0.00326485 0.00285372 0.0127107 -8.792e-05 -0.000731021 0.00154301 0.00961815 0.00354475 0.00254711 0.00220106 0.0122864 0.0438374 0.00836379 0.0191638 0.00285083 0.0280751 0.00230879 0.00352173
internal_weight=41804.9 634.994 294.633 41169.9 247.876 169.956 152.917 40922.1 33077.9 215.547 32862.4 728.128 638.65 384.85 213.087 32134.2 23050.6 9083.66 478.47 5296.47 4765.52 4737.44 530.951 47.4589 483.492 273.941 4617.3 86.4457 4530.85 4140.99
internal_count=524637 4131 1479 520506 9450 4425 4176 511056 463736 1067 462669 5180 4492 2801 1505 457489 368083 89406 9893 45433 36587 35987 8846 475 8371 6218 33832 1189 32643 27858
is_linear=0
shrinkage=0.04


Tree=172
num_leaves=31
num_cat=0
split_feature=11 15 10 10 13 3 10 10 12 8 4 9 0 10 13 10 14 12 12 10 2 2 10 9 14 9 10 13 10 7
split_gain=8.87558 8.84257 42.9185 43.5244 18.5493 28.148 41.5994 38.1955 34.6452 26.5394 20.6875 17.9184 17.2311 30.0678 38.0336 22.7253 26.7387 23.2827 16.7453 15.8163 15.2313 14.8735 14.8114 30.5194 24.1384 21.582 14.9822 29.1732 25.9558 90.8201
threshold=0.45655821263790136 0.93750000000000011 0.036545658484101302 0.25725142657756811 19.950161933898929 8.8101391792297381 -0.76762619614601124 -0.69751432538032521 50.000188827514656 18.875000000000004 25.293042182922367 77.875000000000014 20.981510162353519 0.27383534610271459 16.09366607666016 0.22386012226343158 5.8266127109527597 13.899619579315187 44.809270858764656 -0.99993467330932606 12.682266712188722 20.294124603271488 0.12225609645247461 77.375000000000014 9.4239358901977557 73.375000000000014 -0.87395131587982167 8.1787018775939959 -0.85671821236610401 11.593487262725832
decision_type=2 2 2 2 2 2 2 2 2 2 2 2 2 2 2 2 2 2 2 2 2 2 2 2 2 2 2 2 2 2
left_child=1 12 4 -4 10 6 18 -8 11 -7 -3 -9 19 15 -15 16 17 -14 -6 -1 -10 -16 26 25 -25 -24 27 -18 29 -28
right_child=-2 2 3 -5 5 9 7 8 20 -11 -12 -13 13 14 21 -17 22 -19 -20 -21 -22 -23 23 24 -26 -27 28 -29 -30 -31
leaf_value=-0.014825045470117804 -0.018600359915255674 -0.014117435906802249 -0.026073356923018765 0.013401480034052764 0.011795604380375286 0.0028480352915927175 0.039716191561259211 0.003880972214366295 -0.0088483839574707498 -0.010105670601492504 0.0182077348057448 0.033378210358785528 0.0062761697590256581 0.0016567548293430052 -0.034886487385937318 0.017161904743226885 0.02747501008337138 -0.013949925192966575 -0.013144059842822003 -0.00012648171042539249 0.009139368285820024 -0.0045075637432986987 0.0059109023898114574 -0.008958785340804307 0.035681934183891213 -0.019702084467237251 0.047437195143078481 -0.00228908440450778 0.0041077510497451158 -0.0076884240969754712
leaf_weight=107.54386802297086 30.936475346330553 233.14213083870709 196.18441606685519 50.290224771946669 48.353924656286836 536.88546648621559 66.277968972921371 52.567163586616516 139.79781072214246 463.09620271809399 27.682850692421198 93.667970769107342 127.75497951032594 191.80570324137807 83.246164128184319 162.24825225770473 45.780115176923573 270.55807936564088 167.06365086510777 33537.749286437174 141.49175135046244 40.213098332285881 70.209923624992371 28.053692191839218 35.507782623171806 162.62606092169881 83.241294264793396 942.27590847108513 3567.1690465249121 93.274331465363503
leaf_count=3272 11049 2062 1301 271 398 2637 316 369 970 2688 202 472 1419 1481 437 974 521 3129 1401 457320 746 199 289 210 309 1024 487 8190 20036 458
internal_value=1.58193e-05 3.40577e-05 -0.00241867 -0.0178105 -0.000412737 0.00112214 0.00716415 0.0134807 0.0085987 -0.00319155 -0.010141 0.0237019 0.000172095 0.00216331 -0.00966912 0.00284687 0.00238807 -0.00746778 -0.00727102 -0.000177855 0.000202789 -0.0260707 0.0031821 -0.00536587 0.0174397 -0.0120533 0.00372773 -0.000648541 0.00488139 0.0194573
internal_weight=41796.7 41765.8 2216.5 246.475 1970.03 1709.2 709.22 493.803 427.525 999.982 260.825 146.235 39549.3 5903.96 315.265 5588.7 5426.45 398.313 215.418 33645.3 281.29 123.459 5028.14 296.397 63.5615 232.836 4731.74 988.056 3743.68 176.516
internal_count=524637 513588 13833 1572 12261 9997 4672 2873 2557 5325 2264 841 499755 39163 2117 37046 36072 4548 1799 460592 1716 636 31524 1832 519 1313 29692 8711 20981 945
is_linear=0
shrinkage=0.04


Tree=173
num_leaves=31
num_cat=0
split_feature=8 12 12 10 11 11 11 10 14 4 12 2 8 10 17 10 9 9 12 13 16 4 10 14 10 0 10 10 4 5
split_gain=8.76202 10.2633 30.4367 10.0327 10.5558 9.59172 32.5029 31.5355 58.136 43.616 43.4127 35.5664 36.185 35.2448 32.3149 31.1398 108.044 47.0045 52.9044 34.6216 33.7494 34.9324 84.7552 55.8765 53.7708 63.3287 37.4489 37.0102 47.9343 36.4589
threshold=21.625000000000004 2.98474133014679 11.375940322875978 -0.72174841165542591 -0.94137725234031666 -0.92602273821830738 -0.93845868110656727 -0.47652685642242426 8.9462265968322772 8.2497897148132342 34.596899032592781 0.21445181965827945 19.875000000000004 -0.44600489735603327 2.0369042158126835 -0.31900864839553827 74.375000000000014 79.375000000000014 2.165768146514893 0.13390219211578372 -13.274116516113279 2.8580479621887211 0.1732888147234917 2.011797428131104 -0.28622037172317499 1.9062181115150454 0.12225609645247461 0.1732888147234917 0.13171698898077014 14.148376464843752
decision_type=2 2 2 2 2 2 2 2 2 2 2 2 2 2 2 2 2 2 2 2 2 2 2 2 2 2 2 2 2 2
left_child=5 -2 3 -3 -5 6 15 -7 9 13 -10 12 -11 -9 -12 16 -1 19 -19 -18 -17 27 23 26 25 -25 -23 -22 -29 -26
right_child=1 2 -4 4 -6 7 -8 8 10 11 14 -13 -14 -15 -16 20 17 18 -20 -21 21 22 -24 24 29 -27 -28 28 -30 -31
leaf_value=0.014108388182666493 -0.00029940494288229575 0.0068426778079576592 -0.0077529761709986258 0.011700251509800908 0.05866782981305646 6.8969096852229507e-05 0.0061732086471105252 -0.020373715682250187 -0.01461566244665867 0.0032390208821230031 -0.015872837118490819 0.0044498752650996808 0.055333629383010799 -0.00037485440916535414 0.007255598500572601 -0.0042317707832942395 0.021422874539105723 0.038295668592730529 -0.01212658143129324 -0.02773331133141264 -0.0022460690241718614 -0.011996521251890511 -0.018249956176387649 -0.0081448407033569564 0.0090614401910894937 0.032331170978198202 0.020429154948545653 0.0054830632223019735 -0.011821953553386531 4.7485523098676392e-05
leaf_weight=242.80071474798024 125.79386494983919 22.133130742236972 45.787180457264185 18.595452278852463 20.004428535699844 21818.278555254452 1576.1984903980047 142.79071579687297 1016.9440979808569 36.368056016042829 127.70744514465332 177.84794440213591 46.546969313174486 1831.7851061671972 314.26681184768677 1980.2130193561316 17.315949032083154 35.123047173023224 117.07653076946735 361.61832056008279 4953.6924188379198 386.11907796747983 239.96606404520571 76.81135169044137 2010.7263141218573 247.53520369529724 57.269582746550441 2351.1326455641538 277.81431169994175 1113.76475000754
leaf_count=1476 2901 297 499 219 215 317142 13608 2642 7156 518 650 1699 387 35457 1765 13653 396 235 593 4104 56941 5964 2670 692 16277 1500 1039 24975 3141 5826
internal_value=1.57252e-05 0.00759994 0.0161537 0.0327251 0.0431044 -2.84898e-05 0.000737524 -0.000510346 -0.00392273 0.00013883 -0.0101044 0.0151979 0.0352918 -0.00191644 0.000369362 0.000141525 -0.00761211 -0.0176186 0.00115298 -0.024994 0.000584933 0.00140204 0.00435609 0.005793 0.00751218 0.0227888 -0.0074501 -0.0002114 0.00361649 0.0058587
internal_weight=41790 232.314 106.52 60.733 38.5999 41557.7 16045.2 25512.5 3694.26 2235.34 1458.92 260.763 82.915 1974.58 441.974 14469 773.935 531.134 152.2 378.934 13695 11714.8 4132.19 3892.23 3448.84 324.347 443.389 7582.64 2628.95 3124.49
internal_count=524637 4131 1230 731 434 520506 153090 367416 50274 40703 9571 2604 905 38099 2415 139482 6804 5328 828 4500 132678 119025 33968 31298 24295 2192 7003 85057 28116 22103
is_linear=0
shrinkage=0.04


Tree=174
num_leaves=31
num_cat=0
split_feature=7 11 10 8 14 11 9 10 13 11 8 8 14 8 12 9 8 8 12 12 11 11 14 14 8 3 11 11 12 9
split_gain=8.84975 31.5794 41.7507 28.9615 20.8514 20.2012 14.8077 16.4426 17.4057 13.0781 24.4256 22.3615 13.718 15.0941 12.1625 12.0668 10.8179 9.84297 10.6431 21.5778 8.64925 11.1828 55.4608 35.0926 36.7223 15.6927 13.0074 12.4515 66.9801 54.9811
threshold=0.10613493621349336 -0.96234029531478871 0.1393099054694176 19.375000000000004 0.42978578805923467 -0.91249075531959523 75.875000000000014 0.49531894922256475 1.161361873149872 -0.90161547064781178 18.375000000000004 18.625000000000004 1.0000000180025095e-35 17.125000000000004 1.1415287852287295 75.875000000000014 17.125000000000004 21.625000000000004 12.023805618286135 2.98474133014679 0.45655821263790136 0.39430940151214605 2.138116836547852 0.04799486696720124 19.125000000000004 0.47980041801929479 0.37844388186931616 0.34638161957263952 0.49286825954914099 75.125000000000014
decision_type=2 2 2 2 2 2 2 2 2 2 2 2 2 2 2 2 2 2 2 2 2 2 2 2 2 2 2 2 2 2
left_child=1 2 -1 5 15 16 7 8 9 11 12 -7 -11 -14 -8 -4 -3 20 19 -19 21 26 23 -23 25 -25 27 -2 -29 -30
right_child=17 3 4 -5 -6 6 14 -9 -10 10 -12 -13 13 -15 -16 -17 -18 18 -20 -21 -22 22 -24 24 -26 -27 -28 28 29 -31
leaf_value=-0.009043418029595969 4.407341756602681e-05 0.013694087020245554 0.01009372484078673 -0.011220623013682532 0.003177513251797855 0.046773806280123634 -0.015912114928255526 -0.021967224348441977 -0.016468885253664797 -0.020077514356133488 0.023358718809884386 -0.0058292717682549809 0.029185418178919599 -0.0048139686539140584 0.023428672793886319 0.061972817627434007 -0.018461640769296666 0.0014800264524834888 -0.0080725880340506203 0.029457344403949488 -0.021917271463275722 -0.0081691883794396437 -0.027613699046656014 0.097595280724019545 0.0033603425454666685 0.0043316816760098327 -0.023452921836041644 -0.023828358911578879 -0.0019315708175723333 0.078074337274603986
leaf_weight=58.559553530067205 40159.866399683524 12.698219938203691 14.530257310718296 613.7505768975243 24.767096860334277 34.31659296900034 61.121812465367839 15.187319467775522 22.582123746629804 36.60346951126121 102.06567504396662 15.400036770850418 21.354028719244525 55.992248999653384 6.0880006602965286 26.772732548415661 85.30569289252162 112.73848283453844 43.145231284201145 63.671012369915843 18.606182527728379 16.254319434985518 24.293014616239816 12.92559525347315 14.714105512714012 4.4053787731099865 27.624677557032555 33.612451268360019 23.706881107762456 21.224679929204285
leaf_count=1667 450593 191 276 31178 278 463 3784 499 386 1185 3234 245 351 1554 144 323 1641 2319 471 751 5919 3058 2137 1611 1739 753 2535 3803 838 711
internal_value=1.59782e-05 -0.00334486 0.0149816 -0.0055727 0.0346652 0.00190277 0.00619775 0.00993402 0.0122945 0.0152475 0.0100853 0.0322321 -0.00272922 0.0068394 -0.00977567 0.0492469 -0.0134131 0.000116757 0.00837617 0.0126164 6.97599e-05 8.53309e-05 0.0147888 0.0371942 0.0566743 0.0841474 5.51579e-05 7.71198e-05 0.0150606 0.0431945
internal_weight=41783.9 1207.1 124.63 1082.47 66.0701 468.715 370.711 303.501 288.314 265.732 216.015 49.7166 113.95 77.3463 67.2098 41.303 98.0039 40576.8 219.555 176.409 40357.2 40338.6 72.5924 48.2994 32.0451 17.331 40266 40238.4 78.544 44.9316
internal_count=524637 47399 2544 44855 877 13677 11845 7917 7418 7032 6324 708 3090 1905 3928 599 1832 477238 3541 3070 473697 467778 9298 7161 4103 2364 458480 455945 5352 1549
is_linear=0
shrinkage=0.04


Tree=175
num_leaves=31
num_cat=0
split_feature=6 10 7 6 1 4 9 8 10 10 12 1 8 17 8 10 9 14 11 11 14 12 12 10 10 17 10 11 8 2
split_gain=8.50834 20.8836 14.3126 18.9788 18.9656 14.1455 14.0347 13.862 24.2971 17.9136 11.2671 13.1604 11.0482 10.503 10.2831 14.1454 11.0788 20.2841 19.8427 17.5655 37.5384 39.4282 30.1659 28.1692 23.6233 21.2644 25.9031 39.0765 17.327 16.9491
threshold=75.043735504150405 -0.15207348018884656 44.047140121459968 49.162492752075202 68.288406372070327 15.558197498321535 73.125000000000014 18.125000000000004 -0.53584328293800343 -0.43054369091987604 104.26538467407228 13.995774745941164 16.125000000000004 -25.440162658691403 15.875000000000002 -0.3992436677217483 73.375000000000014 47.035240173339851 -0.99983122944831837 -0.98667386174201954 11.528531551361086 30.154181480407718 1.3026170730590823 -0.083760455250740037 0.036545658484101302 -10.16448402404785 -0.46133413910865778 -0.34436371922492975 19.375000000000004 3.4180411100387578
decision_type=2 2 2 2 2 2 2 2 2 2 2 2 2 2 2 2 2 2 2 2 2 2 2 2 2 2 2 2 2 2
left_child=2 6 3 10 7 -6 -2 -4 13 -10 14 -12 -5 -9 15 -1 18 -18 -16 20 22 23 -20 -22 -24 26 27 -21 -27 -29
right_child=1 -3 4 12 5 -7 -8 8 9 -11 11 -13 -14 -15 16 -17 17 -19 19 25 21 -23 24 -25 -26 28 -28 29 -30 -31
leaf_value=-0.00044116439807378977 -0.0040005523542723832 -0.0099108597844502749 -0.002397719664045016 -0.0072064717261998944 -0.009609248458458057 0.010288159781348956 0.01607307667883132 -0.0023755800421328206 0.01111416885796038 -0.010516133695607055 0.0062970606279970625 -0.01821876267318585 0.0095549083062961282 -0.02671687326580402 -0.020208451738267255 0.012326821970661586 -0.00020014600714651491 -0.016372605342398476 -0.0045633366464491185 0.028571324910283406 0.015149823297139304 0.020884413643689058 0.013747758727316184 -0.016095719831856824 0.049287018028363223 0.0023722904727178072 -0.0057482911987982435 0.011834048496584123 -0.0044370741655482054 -0.022836293456819007
leaf_weight=300.95492879045196 69.482100784778595 91.928385093808174 553.40300569683313 64.817933574318886 69.386388629674911 202.412318572402 215.08631998300552 36.839486345648766 80.907343082129955 180.46038241684437 45.122424341738224 101.03086513280869 477.59621251374483 153.19970565289259 52.890402905642986 246.66648680344224 35222.518339673756 114.52748607099056 43.177730619907379 157.18514842540026 53.424171969294548 99.10816977918148 70.153640151023865 169.08130037784576 61.60345696657896 1791.7556999248918 100.95122526586056 35.944522911682725 884.86373450513929 35.389253130182624
leaf_count=2480 315 400 2574 286 313 961 1149 198 354 797 307 584 2220 813 252 1254 485333 543 309 768 222 415 314 735 283 12595 435 354 6802 272
internal_value=1.67945e-05 0.00592414 -3.83381e-05 9.47865e-05 -0.00419117 0.00504789 0.0112023 -0.00671543 -0.0118421 -0.00365757 -7.95913e-06 -0.0107314 0.00745774 -0.0223529 3.44886e-05 0.00542788 -4.28279e-05 -0.000257178 0.00208226 0.00247543 0.00936824 0.0010768 0.0237294 -0.00826465 0.0326689 0.00130958 0.0107406 0.0179604 0.000113046 -0.00605914
internal_weight=41781.9 376.497 41405.4 40128.8 1276.61 271.799 284.568 1004.81 451.407 261.368 39586.3 146.153 542.414 190.039 39440.2 547.621 38892.6 35337 3555.53 3502.64 496.548 321.614 174.935 222.505 131.757 3006.09 329.47 228.519 2676.62 71.3338
internal_count=524637 1864 522773 516763 6010 1274 1464 4736 2162 1151 514257 891 2506 1011 513366 3734 509632 485876 23756 23504 2278 1372 906 957 597 21226 1829 1394 19397 626
is_linear=0
shrinkage=0.04


Tree=176
num_leaves=31
num_cat=0
split_feature=15 10 10 3 10 10 2 10 10 8 6 7 11 7 10 10 14 7 10 10 10 11 4 10 7 11 0 7 13 16
split_gain=8.20371 39.746 44.6496 18.55 40.0571 37.4128 34.134 27.4542 31.4986 23.5403 17.1526 16.5347 15.0656 19.4337 18.2845 17.8785 33.4191 17.6222 17.4922 16.8588 34.0379 30.9834 41.8403 27.8701 36.5587 19.5116 28.6859 17.1092 17.0566 18.7784
threshold=0.93750000000000011 0.05372969992458821 0.24059136956930163 9.0945172309875506 -0.76762619614601124 -0.75648915767669667 1.8975198864936831 -0.82956761121749867 -0.87395131587982167 18.875000000000004 33.899541854858406 34.524250030517585 -0.31186713278293604 30.200279235839847 -0.89015004038810719 -0.67245468497276295 27.073987960815433 44.047140121459968 -0.75648915767669667 -0.44600489735603327 -0.38341410458087916 -0.97315269708633412 22.370551109313968 -0.55028682947158802 48.711574554443366 -0.99273797869682301 44.40272521972657 40.303304672241218 35.304197311401374 -11.519718170166014
decision_type=2 2 2 2 2 2 2 2 2 2 2 2 2 2 2 2 2 2 2 2 2 2 2 2 2 2 2 2 2 2
left_child=10 3 -3 4 7 -6 -7 8 -2 -5 11 -1 14 -14 17 16 -16 -12 -18 23 28 22 25 24 -17 26 -22 -24 -21 -30
right_child=1 2 -4 9 5 6 -8 -9 -10 -11 12 -13 13 -15 15 19 18 -19 -20 20 21 -23 27 -25 -26 -27 -28 -29 29 -31
leaf_value=4.8615228636559183e-05 -0.0084578833660355103 -0.028093616501783571 0.0120611337980677 0.0015968608229522041 0.042198894279686261 -0.0084510699226678608 0.012438010854175924 -0.029053866595415284 0.02647142902019806 -0.010206620110789792 0.020426873735082979 -0.0062806735237019495 0.0093934563210014074 -0.01847797792463144 0.015356308758526272 0.012890493123827715 -0.0040687756927732148 -0.0043142869075822642 -0.033405527341032498 -0.023679251946489871 -0.0092603774138757863 0.013665527759400515 -0.0024864881351734178 0.018630547012522342 -0.01397259383407197 -0.015745505162687395 0.019050195799497207 0.01893366161101169 -0.014308221870893303 0.016176862187127491
leaf_weight=36436.303915690864 192.30563588254154 164.27052332088351 53.002304956316948 555.06199298426509 41.245889008045197 169.53612313978374 413.23600409179926 66.413375273346901 41.929684974253178 512.75793679058552 178.75712297856808 662.58762500807643 55.838165434077382 97.858030993491411 55.624711595475674 177.46554785221815 65.810111053287983 56.861775487661362 61.053698800504208 102.30892154574394 155.83171416819096 370.7423208579421 84.880085743963718 278.28278765827417 132.87872821092606 226.39464388787746 77.479095317423344 175.26239190995693 66.32304784655571 46.155972272157669
leaf_count=495421 1919 1112 287 2773 172 1326 2371 538 226 3120 842 3406 439 622 259 849 316 259 316 468 728 1816 396 1314 582 1048 349 828 323 212
internal_value=1.63005e-05 -0.00234996 -0.0181984 -0.000539496 0.0035873 0.00932065 0.00632105 -0.00822965 -0.00137746 -0.00411318 0.000149021 -6.60881e-05 0.0033726 -0.00839696 0.00418776 0.00295098 -0.00869811 0.0145235 -0.0195964 0.00411317 0.00155126 0.00443716 -0.000437826 0.00967381 0.00131152 -0.00764591 0.000537706 0.0121113 -0.0126475 -0.00149919
internal_weight=41774.5 2209.76 217.273 1992.49 924.667 624.018 582.772 300.649 234.235 1067.82 39564.7 37098.9 2465.81 153.696 2312.11 2076.49 182.489 235.619 126.864 1894.01 1305.38 1090.59 719.848 588.627 310.344 459.705 233.311 260.142 214.788 112.479
internal_count=524637 13844 1399 12445 6552 3869 3697 2683 2145 5893 510793 498827 11966 1061 10905 9804 891 1101 632 8913 6168 5165 3349 2745 1431 2125 1077 1224 1003 535
is_linear=0
shrinkage=0.04


Tree=177
num_leaves=31
num_cat=0
split_feature=7 11 10 8 10 10 11 10 9 9 10 10 11 17 14 9 10 11 8 4 8 9 8 18 10 17 7 9 10 15
split_gain=8.19382 37.8512 58.068 26.4825 20.6621 29.286 18.957 18.8819 18.7806 14.3102 14.0762 24.5285 13.732 13.5857 12.1581 24.5664 17.3385 15.6211 14.2766 13.2057 12.3644 11.008 10.8443 9.99454 9.82021 56.1456 33.9846 38.2938 29.7823 43.0888
threshold=0.2800325751304627 -0.96687281131744374 0.22386012226343158 19.375000000000004 -0.13505011796951291 -0.049434980377554887 -0.91249075531959523 0.12225609645247461 76.875000000000014 74.625000000000014 -0.99054482579231251 -0.98803845047950734 -0.93543598055839527 1.0000000180025095e-35 0.31180852651596075 75.875000000000014 0.49531894922256475 -0.17858051508665082 18.875000000000004 0.48280107975006109 18.375000000000004 74.625000000000014 19.125000000000004 1.0278852581977846 0.25725142657756811 0.74480587244033825 2.1062867641448979 74.375000000000014 -0.01505099539645016 0.93750000000000011
decision_type=2 2 2 2 2 2 2 2 2 2 2 2 2 2 2 2 2 2 2 2 2 2 2 2 2 2 2 2 2 2
left_child=1 2 4 6 -1 8 9 -7 21 12 -5 -12 -3 -9 15 16 17 19 -16 -8 -17 -6 -23 -20 28 -26 -27 -28 -2 -30
right_child=24 3 -4 10 5 7 14 13 -10 -11 11 -13 -14 -15 18 20 -18 -19 23 -21 -22 22 -24 -25 25 26 27 -29 29 -31
leaf_value=-0.022242380530706866 0.00042001831106954759 0.019324639114344091 0.045827212598501019 -0.030833118655751588 0.0032494835145136596 -0.023365301199320433 0.020056839704785698 0.029418034667053256 -0.0097731818824809569 -0.022038539023052143 0.032315524005007562 -0.00894285968123067 -0.011023674148907845 -0.011570393866842733 -0.0091858833434842208 0.014981596347279537 -0.019652469505749497 -0.012741163545559944 0.024042555289136174 -0.0095110338847331048 -0.019752468039192221 0.072458066721536443 0.010519807238940996 -0.010892132455784688 0.0094980986109419584 -0.0090946469603320132 -0.0053188730935696781 0.010728651695583182 -0.0020285260362188813 -0.019047667405734634
leaf_weight=38.185552775859833 32115.748129254906 29.681949222460389 52.186467811465263 36.828870881348848 9.8860646486282331 38.961328295990825 265.29145959578454 19.62121500633657 9.7946554049849492 78.607304412871599 14.07152551691979 853.56855972157791 49.899147227406502 15.585421495139597 159.88916842429899 13.639490451198069 16.290374896489084 22.669004812370986 32.690805578604341 20.702278275042772 56.776224577566609 11.495130751281978 10.747983481734989 12.034943899605421 1075.3780481591821 668.084996458143 471.2046211771667 461.65481105446815 4865.1575147137046 240.54738381877542
leaf_count=1201 378515 428 584 1755 244 1183 5306 368 138 1850 491 36939 636 209 3909 680 558 2621 785 461 3681 274 212 270 13585 8034 2518 4442 51166 1594
internal_value=1.56399e-05 -0.00256565 0.0131956 -0.00459004 3.975e-05 0.00855164 0.000925936 -0.00675592 0.0317181 -0.0109772 -0.00917338 -0.00791314 0.00118921 0.0127274 0.00419277 0.00821898 0.0128273 0.0151044 -0.00360736 0.0176675 -0.0119981 0.0436842 0.0550741 0.0143696 0.000137179 0.00247284 -0.0022758 0.00265231 -3.138e-05 -0.00286602
internal_weight=41766.9 1869.1 206.464 1662.64 154.277 116.092 758.172 74.168 41.9238 158.188 904.469 867.64 79.5811 35.2066 599.984 395.369 324.953 308.663 204.615 285.994 70.4157 32.1292 22.2431 44.7257 39897.8 2676.32 1600.94 932.859 37221.5 5105.7
internal_count=524637 64783 4413 60370 3829 2628 21185 1760 868 2914 39185 37430 1064 577 18271 13307 8946 8388 4964 5767 4361 730 486 1055 459854 28579 14994 6960 431275 52760
is_linear=0
shrinkage=0.04


Tree=178
num_leaves=31
num_cat=0
split_feature=6 10 7 17 14 6 8 10 10 9 1 12 7 4 6 10 7 11 11 10 11 9 13 10 1 4 2 18 10 14
split_gain=8.17736 18.8159 13.1662 18.115 17.3133 17.253 14.0787 22.6476 16.5714 12.9281 10.5466 10.3776 31.8169 19.9847 11.2708 29.0449 27.342 48.9164 70.8125 46.6771 28.3543 50.1359 37.7882 34.9773 25.953 25.6482 25.2683 25.0485 24.7713 45.932
threshold=75.043735504150405 -0.15207348018884656 44.047140121459968 21.386577606201175 47.035240173339851 49.162492752075202 18.125000000000004 -0.53584328293800343 -0.44600489735603327 73.125000000000014 111.96822357177736 75.959003448486342 10.666147232055666 1.6971311569213869 20.977808952331547 0.12225609645247461 13.572195529937746 -0.99552518129348744 -0.99273797869682301 -0.59262362122535694 -0.09339838474988936 77.625000000000014 0.64799073338508617 -0.98046803474426258 10.941351890563967 57.447195053100593 0.67158207297325145 21.021826744079593 0.22386012226343158 26.068478584289554
decision_type=2 2 2 2 2 2 2 2 2 2 2 2 2 2 2 2 2 2 2 2 2 2 2 2 2 2 2 2 2 2
left_child=2 9 5 6 -5 11 -4 -8 -9 -2 -7 14 -13 -14 16 26 -1 -18 24 20 22 -22 -20 -24 -19 -25 -16 -27 -17 -30
right_child=1 -3 3 4 -6 10 7 8 -10 -11 -12 12 13 -15 15 28 17 18 19 -21 21 -23 23 25 -26 27 -28 -29 29 -31
leaf_value=0.0002467260671409303 -0.0037459469484868446 -0.0092320202642446197 -0.001774876857620048 0.019332634147120577 -0.0059838902861804521 0.0095252700174775998 -0.020817881572318543 0.011975962056892296 -0.0089245242456568105 0.015554935197043667 -0.0051921185065064305 0.021103774735734441 0.001589340278617799 -0.016352026933906885 -0.0084738682943840144 -0.015819931504067911 -0.017051029379771428 0.040978020904559855 0.019395418277725913 0.0022262495012803467 -0.00081229412470460761 0.050861338421336076 -0.02607365259784766 -0.00916220908878272 -2.1015977764830304e-05 -0.005111212664720758 0.0036545992198390221 0.020778871398619527 -0.011324033955428648 0.031209279664451545
leaf_weight=29864.265052974923 69.411703906953335 91.667930707335472 620.66704439371824 87.162253610789776 71.183617666363716 454.87042763829231 200.94784200564027 73.100808687508106 218.85014525800943 213.35248130559921 86.921474657952785 51.89847295358777 155.62123563140631 256.8553343527019 285.31727838935331 249.57271706685424 359.2032961063087 72.639162298291922 68.582358891144395 1726.2996821813285 218.07102056220174 24.787407834082842 167.26421341113746 1579.1707026157528 35.222512438893318 150.10181608982384 4071.4327540136874 86.273217011243105 104.13049323856831 53.283133588731289
leaf_count=449182 315 400 2897 414 340 2104 1070 321 968 1149 402 330 1001 1463 2285 1515 2523 427 805 10604 2766 504 1776 12956 197 1263 23341 546 547 226
internal_value=1.50219e-05 0.00582199 -3.88992e-05 -0.00402945 0.00827231 8.85789e-05 -0.00583678 -0.0108146 -0.003468 0.0108509 0.00711281 -9.34476e-06 -0.00589008 -0.00970562 6.1958e-05 0.00188316 -0.000191071 -0.0030986 -0.00184636 -0.00273572 -0.00646279 0.00626467 -0.00799264 -0.00903252 0.0287238 -0.00732832 0.00284274 0.00479811 -0.00821087 0.00407735
internal_weight=41768.1 374.432 41393.7 1271.91 158.346 40121.8 1113.57 492.899 291.951 282.764 541.792 39580 464.375 412.477 39115.6 4763.74 34351.9 4487.62 4128.41 4020.55 2294.25 242.858 2051.39 1982.81 107.862 1815.55 4356.75 236.375 406.986 157.414
internal_count=524637 1864 522773 6010 754 516763 5256 2359 1289 1464 2506 514257 2794 2464 511463 27914 483549 34367 31844 31220 20616 3270 17346 16541 624 14765 25626 1809 2288 773
is_linear=0
shrinkage=0.04


Tree=179
num_leaves=31
num_cat=0
split_feature=11 10 8 9 9 14 10 3 4 17 13 4 14 11 11 10 10 7 14 10 10 12 11 10 7 6 13 10 4 11
split_gain=8.02847 7.94207 12.7679 10.1558 8.60176 19.6176 34.6613 21.6761 19.3047 18.1228 17.0594 23.2391 20.9213 17.8618 32.2464 17.3392 61.4057 39.9039 41.1489 40.7756 52.346 39.6629 33.8924 30.0948 33.5748 25.6105 34.0405 25.3847 27.4859 27.5831
threshold=0.45655821263790136 0.48030318319797521 19.625000000000004 74.125000000000014 73.625000000000014 42.696996688842781 -0.44600489735603327 21.893033981323246 22.370551109313968 -11.836387634277342 0.11582691594958307 0.94218367338180553 0.018465646542608741 -0.32816398143768305 1.0000000180025095e-35 -0.85671821236610401 -0.7996615171432494 10.392376422882082 11.210128307342531 -0.9413962960243224 -0.98664820194244374 2.6337748765945439 0.044065307825803764 -0.68508586287498463 25.89459323883057 12.046644210815431 19.019130706787113 -0.97876849770545948 0.11472212523221971 -0.29547800123691553
decision_type=2 2 2 2 2 2 2 2 2 2 2 2 2 2 2 2 2 2 2 2 2 2 2 2 2 2 2 2 2 2
left_child=1 4 3 -3 10 -6 8 -8 -7 -9 11 12 -1 -13 -15 17 21 19 22 20 -12 -17 -19 24 -18 -23 -27 -22 -29 -30
right_child=-2 2 -4 -5 5 6 7 9 -10 -11 15 13 -14 14 -16 16 23 18 -20 -21 27 25 -24 -25 -26 26 -28 28 29 -31
leaf_value=0.015191698284310761 -0.017953337316340121 -0.013173483677389741 -0.026665043146774203 0.010104573809503511 -0.00010574267983208137 0.014328525445806681 -0.031385326931400899 -0.025044079780297827 -0.013178715617362467 0.0037502430404411065 -0.0034898297879540669 0.046643225796812182 -0.01419559255826186 -0.022389377917678917 0.027247264111982965 0.048222644779112235 -0.00095712466905677575 -0.025863378418880516 -0.0024398353999580485 -0.015326877013798324 0.035212970654890104 -0.001227663839918833 0.0064909316322444297 0.0019287466380845635 -0.021195779970973813 0.032151052215783772 0.0012235864907214422 0.036837348062875572 0.032113121017414648 -0.0056998387294960595
leaf_weight=66.178290667710826 29.74872403847985 47.560401596128941 36.218985363841057 52.695043209940195 33341.567183373496 109.86362855508924 102.78617857396603 45.116512596607208 52.67394795268774 89.869373455643654 255.41123081371188 30.531324148178101 68.914528686320409 22.676081441342831 52.067338966298848 45.988657899200916 400.21861326694489 235.67098282277584 1009.3353168275207 115.16852011508308 112.37305932864547 152.70112121105194 61.219144557602704 4610.863714646548 185.81533145159483 131.82268716394901 96.507429644465446 40.710801743902266 29.698986746370792 129.79487689770758
leaf_count=1072 11049 976 2800 2320 458884 577 491 217 275 428 2613 257 1327 213 1400 233 2153 1927 5646 1586 823 712 803 21592 997 548 397 799 211 1311
internal_value=1.50112e-05 3.21179e-05 -0.00926575 -0.00113159 6.48438e-05 -0.000212753 -0.00890579 -0.0183461 0.00516703 -0.00693728 0.00125624 0.0115315 0.000255279 0.0247242 0.0113232 0.00091713 0.00205179 -0.00228474 -0.00636564 0.00549736 0.00991192 0.0164529 -0.0191978 0.000839153 -0.0076222 0.0114833 0.0196789 0.0206314 0.011161 0.00282046
internal_weight=41761.8 41732 136.474 100.255 41595.5 33741.9 400.31 237.772 162.538 134.986 7853.67 240.368 135.093 105.275 74.7434 7613.3 5623.92 1989.38 1306.23 683.157 567.989 427.02 296.89 5196.9 586.034 381.031 228.33 312.578 200.205 159.494
internal_count=524637 513588 6096 3296 507492 460872 1988 1136 852 645 46620 4269 2399 1870 1613 42351 26632 15719 8376 7343 5757 1890 2730 24742 3150 1657 945 3144 2321 1522
is_linear=0
shrinkage=0.04


Tree=180
num_leaves=31
num_cat=0
split_feature=11 11 10 17 8 4 8 9 7 10 2 13 13 8 8 7 3 8 10 4 2 10 14 3 3 10 7 6 10 12
split_gain=8.18267 32.5879 30.8914 44.4318 63.189 47.6229 46.0687 56.049 69.8821 102.621 61.1587 42.0681 30.4656 30.8096 38.0206 59.2817 29.8951 45.4779 41.6422 52.4956 29.7201 29.3504 46.9731 49.6955 36.5694 57.161 51.8456 50.5244 45.9379 43.1241
threshold=0.078402601182460799 0.026874557137489322 -0.99166062474250782 -5.7897942066192618 19.875000000000004 0.21362365782260898 17.625000000000004 78.375000000000014 6.9136333465576181 -0.99549928307533253 4.234443426132203 0.64799073338508617 5.8484160900115976 17.125000000000004 18.375000000000004 1.3511087298393252 1.6041122674942019 19.375000000000004 -0.98214942216873158 5.4917194843292245 1.6930564045906069 -0.96463498473167408 0.58279448747634899 1.0000000180025095e-35 0.10727479308843614 -0.96902456879615773 6.3079056739807138 2.3874709606170659 -0.97312742471694935 0.023975207470357422
decision_type=2 2 2 2 2 2 2 2 2 2 2 2 2 2 2 2 2 2 2 2 2 2 2 2 2 2 2 2 2 2
left_child=1 2 3 4 5 -1 -5 -8 -9 10 11 -10 13 -3 -15 -16 17 20 19 -18 -2 22 23 -4 25 -24 27 -26 -29 -28
right_child=16 12 21 6 -6 -7 7 8 9 -11 -12 -13 -14 14 15 -17 18 -19 -20 -21 -22 -23 24 -25 26 -27 29 28 -30 -31
leaf_value=0.038579889603267151 0.013839677663353598 -0.017819332274708031 0.024412200918862297 0.0043440589322740015 -0.020854420671581574 0.0027355411131311297 -0.019410617497673196 -0.018495557982647983 0.00093159424198286517 -0.028188541051528029 0.0051706097165607331 0.10131208207621141 -0.0085922671018944848 0.030838721191570696 -0.02335392242109811 0.013760241417466146 -0.012650843979512142 -0.007812892040878941 -0.021702418414940298 0.024077760116460675 -0.0028382411081656587 -0.00011911875040740934 -0.0093168893387865336 -0.015534930650732106 -0.0026625527005320537 0.018973477861854899 0.025952710354032939 0.029742343321456578 -0.0010873529711941778 -0.003228395524381502
leaf_weight=92.257369937375188 428.98489034548402 45.444786842912436 286.33361320011318 285.00088914297521 84.721274274401367 145.17363406717777 664.92830290831625 90.72085440531373 8.3744511213153583 28.209735333919525 27.202483296394348 27.106307040899992 140.91880060732365 147.76158150844276 72.374174492433667 427.3587956354022 157.49512397591025 555.28736743074842 257.53795793559402 89.12348448112607 275.20693012466654 35084.150254005566 677.60325551219285 52.752038724720478 181.22795358672738 127.43483445048332 80.037672653794289 314.68954224139452 100.60231877490878 799.89141901955009
leaf_count=870 24652 421 2938 3803 2217 1864 17284 2847 429 531 513 503 1310 1487 1696 5373 3046 39738 14437 1297 6746 366141 7735 591 2288 980 918 3160 937 7885
internal_value=1.48304e-05 0.000132705 -3.48834e-05 -0.00573633 0.00720815 0.0176597 -0.00945251 -0.0140938 0.00536928 0.0286612 0.054604 0.0830337 0.00790991 0.0113404 0.0136268 0.00803245 -0.00264378 0.000669089 -0.010772 0.00104325 0.00737326 0.000186397 0.00426154 0.0179306 0.00216059 -0.00466077 0.0058863 0.0148843 0.022424 -0.000312304
internal_weight=41755.9 39992.3 39158.4 1453.7 322.152 237.431 1131.54 846.542 181.614 90.893 62.6832 35.4808 833.858 692.939 647.495 499.733 1763.64 1259.48 504.157 246.619 704.192 37704.7 2620.57 339.086 2281.49 805.038 1476.45 596.52 415.292 879.929
internal_count=524637 434721 424434 30861 4951 2734 25910 22107 4823 1976 1445 932 10287 8977 8556 7069 89916 71136 18780 4343 31398 393573 27432 3529 23903 8715 15188 6385 4097 8803
is_linear=0
shrinkage=0.04


Tree=181
num_leaves=31
num_cat=0
split_feature=1 10 13 8 10 12 10 10 11 10 6 9 10 9 7 3 9 11 9 10 10 4 9 8 3 14 11 10 3 11
split_gain=8.32177 23.5637 43.6001 30.2602 25.3184 23.9639 22.3003 23.3966 86.138 76.5405 46.5162 35.3998 29.9035 70.0356 49.1751 29.7896 32.5497 29.2542 27.8539 55.8215 62.3493 48.5757 38.6651 35.4257 29.4806 27.7666 32.2796 44.2204 34.8046 29.0897
threshold=0.65836161375045787 -0.99985146522521962 19.019130706787113 18.625000000000004 -0.99993467330932606 14.433386325836183 -0.99985146522521962 -0.92274349927902211 -0.46989713609218592 -0.92599865794181813 0.87812548875808727 79.625000000000014 -0.95244166254997242 75.625000000000014 1.2474790215492251 8.1315212249755877 75.875000000000014 -0.32816398143768305 74.875000000000014 0.30675521492958074 -0.82956761121749867 5.2012705802917489 73.375000000000014 19.375000000000004 7.3278977870941171 11.711258888244631 -0.99052476882934559 0.10516610741615297 3.3314572572708134 -0.99907308816909779
decision_type=2 2 2 2 2 2 2 2 2 2 2 2 2 2 2 2 2 2 2 2 2 2 2 2 2 2 2 2 2 2
left_child=6 2 3 4 -2 -5 -1 9 18 12 -11 15 -8 14 17 16 -12 -14 19 20 21 -9 24 -24 -22 -20 27 28 -27 -30
right_child=1 -3 -4 5 -6 -7 7 8 -10 10 11 -13 13 -15 -16 -17 -18 -19 25 -21 22 -23 23 -25 -26 26 -28 -29 29 -31
leaf_value=-0.016909678482688963 0.010522100944231736 0.00034371236692241474 -0.019972757501413481 -0.01681037320212354 0.066113012773942298 0.039789204446742395 0.0022440079296697957 0.0003899760335578298 -0.017823210777587147 -0.015888388674648854 -0.011551145163639573 -0.0066983592686960724 0.052757168221691408 -0.019450214906388034 -0.0033490509608219187 0.065109487010832606 0.040980696029259224 0.0035634549026986768 0.0012016095626253092 0.0046064727465111345 0.015016057325049566 0.052478566841707902 -0.018110287541060338 0.00031596308644190311 -0.013974612547935878 0.025020221302265746 -0.010145307529965312 0.040588474458808699 0.012169470938770126 -0.030679350741669002
leaf_weight=125.53631017636508 25.901869377121329 27141.263224588241 30.287028729915619 29.185797883197665 30.740578424185514 7.2339721135795108 3369.1261044098064 88.922108512371778 490.07721125567332 26.932176103815436 25.517847139388323 22.68183571845293 40.092777648940682 329.91578387096524 188.46008322713897 54.030824787914753 37.230250488966703 34.026965440716594 6747.6191283753142 675.73939549736679 131.19178988784552 32.365018304437399 908.09214207716286 203.62919775396585 83.560019820928574 38.53919630125165 699.97012238204479 40.625129673629999 32.559845171868801 61.150256365537643
leaf_count=4678 340 245193 360 979 389 112 69747 1503 31566 504 327 145 692 12690 5615 478 351 2250 106050 9102 829 244 19194 3796 457 273 5738 256 275 504
internal_value=1.46378e-05 0.000426251 0.0172 0.0300619 0.0460854 0.000581609 -0.000759748 -0.000606917 -0.00163193 0.00193206 0.0277141 0.0366341 0.000782134 -0.00742984 0.00783252 0.044915 0.0209663 0.0332816 -0.000800143 -0.00483996 -0.00925042 0.0172281 -0.0117823 -0.0147625 0.0036159 0.000330452 -0.00634146 0.00877293 -0.00316663 -0.0160535
internal_weight=41752.2 27264.6 123.349 93.0622 56.6424 36.4198 14487.6 14362.1 10234 4128.01 166.393 139.461 3961.62 592.496 262.58 116.779 62.7481 74.1197 9743.96 2123.5 1447.76 121.287 1326.47 1111.72 214.752 7620.46 872.845 172.874 132.249 93.7101
internal_count=524637 247373 2180 1820 729 1091 277264 272586 179787 92799 1805 1301 90994 21247 8557 1156 678 2942 148221 35125 26023 1747 24276 22990 1286 113096 7046 1308 1052 779
is_linear=0
shrinkage=0.04


Tree=182
num_leaves=31
num_cat=0
split_feature=9 10 7 10 10 7 0 10 10 10 10 12 13 14 14 14 11 7 13 4 7 16 12 4 18 7 10 1 13 12
split_gain=8.17694 21.1653 30.8289 47.7937 26.1134 26.5477 27.8941 23.9723 28.8645 58.3817 40.4609 37.6141 35.3454 34.8189 31.7598 31.4016 29.3392 35.7933 42.6986 30.3983 29.273 28.4175 27.7195 25.9481 33.3354 25.8158 29.3112 29.1607 23.9252 22.44
threshold=79.625000000000014 0.088045001029968276 5.2555959224700937 -0.98930078744888295 -0.11798679083585738 7.6525530815124521 1.8212250471115115 -0.36747109889984125 -0.50648479163646687 -0.59262362122535694 -0.55028682947158802 8.2509341239929217 0.87455338239669811 6.0591180324554452 1.6893914937973025 3.2115893363952641 -0.09339838474988936 8.2158055305480975 9.3718576431274432 80.624240875244155 6.6822276115417489 -36.600576400756829 14.433386325836183 0.10700470209121705 21.650400161743168 14.587715148925783 -0.46133413910865778 13.733214378356935 41.935924530029304 9.6962618827819842
decision_type=2 2 2 2 2 2 2 2 2 2 2 2 2 2 2 2 2 2 2 2 2 2 2 2 2 2 2 2 2 2
left_child=-1 2 3 -2 7 -6 -7 8 9 12 13 -12 14 -11 -4 -16 19 -18 -19 20 -14 22 -22 -10 -25 -26 -27 -28 29 -9
right_child=1 -3 4 -5 5 6 -8 28 23 10 11 -13 16 -15 15 -17 17 18 -20 -21 21 -23 -24 24 25 26 27 -29 -30 -31
leaf_value=-0.00020469699854928588 -0.018773178111249237 -0.0048325057228242154 -0.016321702617276161 0.011784656784491872 0.0064686714583111586 0.0012758985654108546 -0.024028138885204497 0.0019878345916964578 -0.02924280390709165 -0.00050447979284105741 0.017841707582766143 -0.020431269920855422 0.011804071780116823 0.041544817077522479 0.059328968881058694 0.011216840973292707 -0.0070510334147401554 0.060426191238643567 0.0011782134028039384 0.024515135655315011 0.02564205553332085 -0.0081149598966105824 -0.012703795714763481 -0.016587330708964541 -0.017187133361606051 0.0344861665966937 0.022781604154183111 -0.013827922810292952 -0.016917889521301296 0.0153953263985876
leaf_weight=36149.26992954989 81.603678661864251 737.89830000977963 24.331888606073335 844.66964736953378 126.30112307518721 107.2432524561882 184.12282329797745 362.64685152471066 71.789124183356762 41.452968068420887 92.22686992585659 58.814302682876587 147.00937655940652 118.25973366200924 27.408842667471617 66.764461430720985 58.344549126457423 32.654321939684451 36.540205611847341 49.474725384265184 72.589376583695412 1304.217170599848 39.850776024162769 186.32549285888672 51.381155416369438 55.231308631598949 48.9844134375453 75.012039124965668 49.945522993803024 443.97928506135941
leaf_count=472311 2518 8816 526 12245 867 802 1182 1910 446 318 663 301 1221 553 401 996 1174 595 614 418 464 10147 290 1260 284 252 299 449 247 2068
internal_value=1.57012e-05 0.00143699 0.00239703 0.00892079 0.000841828 -0.00849523 -0.0149812 0.00197217 8.86624e-05 0.00207439 0.0178346 0.00259523 -0.000641173 0.0312444 0.0196111 0.0295708 -0.00212409 0.0156346 0.0332381 -0.00361581 -0.00465601 -0.00643487 0.012124 -0.00859279 -0.00443554 0.00566409 0.0127772 0.0012554 0.00774981 0.00946568
internal_weight=41746.3 5597.07 4859.18 926.273 3932.9 417.667 291.366 3515.23 2658.66 2169.94 310.754 151.041 1859.19 159.713 118.505 94.1733 1740.68 127.539 69.1945 1613.14 1563.67 1416.66 112.44 488.724 416.934 230.609 179.228 123.996 856.572 806.626
internal_count=524637 52326 43510 14763 28747 2851 1984 25896 21671 18681 1835 964 16846 871 1923 1397 14923 2383 1209 12540 12122 10901 754 2990 2544 1284 1000 748 4225 3978
is_linear=0
shrinkage=0.04


Tree=183
num_leaves=31
num_cat=0
split_feature=8 14 11 11 10 9 12 9 9 8 11 13 10 7 10 3 14 11 7 1 11 11 16 11 7 13 14 8 12 10
split_gain=7.9354 13.9965 16.0298 9.90573 9.61769 12.5806 10.9643 9.89039 9.45858 30.8258 35.2266 32.2486 40.7556 48.8601 47.4929 33.1136 33.6453 23.6465 50.8275 43.2253 29.441 49.68 43.4562 31.3799 36.7611 28.6792 29.4928 30.4616 28.5135 76.0045
threshold=15.875000000000002 2.138116836547852 -0.91595870256423939 -0.96234029531478871 0.46514528989791876 76.125000000000014 4.2817895412445077 73.375000000000014 73.875000000000014 17.875000000000004 -0.98932650685310353 9.6645398139953631 -0.99697706103324879 2.6961230039596562 0.40318277478218084 1.0259720683097842 8.7160005569458026 0.18069575726985934 2.7791368961334233 0.90543812513351452 0.14675828069448474 0.078402601182460799 0.20436312258243564 0.044065307825803764 1.1818441152572634 4.5024304389953622 0.12305656075477601 19.125000000000004 0.020312227308750156 -0.99054482579231251
decision_type=2 2 2 2 2 2 2 2 2 2 2 2 2 2 2 2 2 2 2 2 2 2 2 2 2 2 2 2 2 2
left_child=1 -1 3 -3 8 6 7 -6 -2 10 -10 12 13 -12 -14 16 -13 20 19 -19 21 23 -22 -11 -25 26 -26 -28 29 -23
right_child=4 2 -4 -5 5 -7 -8 -9 9 17 11 15 14 -15 -16 -17 -18 18 -20 -21 22 28 -24 24 25 -27 27 -29 -30 -31
leaf_value=0.026530182537141338 0.0010575486708044148 0.0042103178823480374 -0.003049710212052352 0.020434401416188654 -0.016354741035847945 -0.021174439199411074 -0.02484016827616467 0.0068649047296448851 -0.015053410476267742 0.00015581276345821913 0.031173356149801022 -0.0010490461849296754 -0.0089724379547629126 -0.0074777586211281681 0.018257546313642327 -0.001712182485729607 0.024096630577648496 -0.0064326342931181855 -0.023735545335979897 0.026218831668930721 0.0024922964190452123 -0.021692477769796322 0.039273912811004716 -0.017226170410359093 -0.0095070394782324607 -0.013394436682816606 0.004126970613454144 0.03664153974260051 -0.024403620105742232 0.05052912552969191
leaf_weight=32.904992855619639 10089.3305462196 184.37706646695733 333.09083414659835 84.950128499418497 27.15352077037096 68.142201314680278 18.120573669672012 131.63355416338891 392.60676166042686 25975.12457649596 92.197447769343853 147.47350666346028 1678.4987334506586 100.9136377396062 99.926959227770567 708.79007584415376 188.85124750901014 262.479746535304 197.49762375932187 75.171684698434547 164.34467919077724 59.305838560685515 65.789283215999603 49.698049712926149 35.707313088700175 35.349502086639404 67.826952882111073 155.01258035190403 195.13070219568908 25.166239697486162
leaf_count=585 66248 843 2297 406 498 4625 281 4046 6885 311832 1552 1802 39838 1628 1567 5854 1714 34559 13736 3393 4238 3605 874 1227 873 442 736 1834 5557 1062
internal_value=1.6075e-05 0.0044173 0.00279598 0.00987601 -5.30049e-05 -0.00779641 -0.0017862 0.0021605 -4.67174e-06 -0.000353167 -0.003934 -0.00244189 -0.0054435 0.0116018 -0.0073489 0.00321837 0.0133587 9.4247e-05 -0.00815324 0.00138167 0.000261737 0.000135805 0.0142048 0.000316991 0.0121528 0.0175242 0.0220928 0.0273472 -0.0163411 0.00289508
internal_weight=41742.6 635.323 602.418 269.327 41107.2 245.05 176.908 158.787 40862.2 30772.9 3409.26 3016.65 1971.54 193.111 1778.43 1045.11 336.325 27363.6 535.149 337.651 26828.5 26598.3 230.134 26318.7 343.594 293.896 258.547 222.84 279.603 84.4721
internal_count=524637 4131 3546 1249 520506 9450 4825 4544 511056 444808 60840 53955 44585 3180 41405 9370 3516 383968 51688 37952 332280 327168 5112 316944 5112 3885 3443 2570 10224 4667
is_linear=0
shrinkage=0.04


Tree=184
num_leaves=31
num_cat=0
split_feature=8 11 11 11 12 11 11 11 2 9 17 7 6 4 3 10 9 9 12 13 16 11 4 10 10 0 10 17 7 10
split_gain=7.74604 9.4191 12.2686 17.1686 11.0168 14.9573 9.0484 29.4196 30.0954 32.2212 31.6346 30.9066 43.5087 41.736 41.0224 29.5926 99.8728 44.1296 49.0663 33.5218 31.7736 36.6047 31.8883 81.0794 64.4016 55.9091 46.6358 51.6413 54.2629 47.4166
threshold=21.625000000000004 -0.09339838474988936 -0.92602273821830738 -0.89017319679260243 9.6962618827819842 -0.98372924327850331 -0.92602273821830738 -0.93845868110656727 31.785283088684086 75.875000000000014 7.010747194290162 1.9536182284355166 1.6704991459846499 9.2803416252136248 0.13173130154609683 -0.31900864839553827 74.375000000000014 79.375000000000014 2.165768146514893 0.13390219211578372 -24.893301010131832 -0.95242238044738758 4.3587820529937753 0.1732888147234917 -0.2696967720985412 2.3218610286712651 0.07089784182608129 -0.038192864507436745 23.693589210510257 1.0000000180025095e-35
decision_type=2 2 2 2 2 2 2 2 2 2 2 2 2 2 2 2 2 2 2 2 2 2 2 2 2 2 2 2 2 2
left_child=6 2 4 -4 5 -2 7 15 10 -10 11 -9 -13 -14 -15 16 -1 19 -19 -18 21 -17 -22 24 25 -24 27 28 29 -26
right_child=1 -3 3 -5 -6 -7 -8 8 9 -11 -12 12 13 14 -16 20 17 18 -20 -21 22 -23 23 -25 26 -27 -28 -29 -30 -31
leaf_value=0.013443974679800215 0.023925977136501134 -0.015353264589749763 0.045131829776615506 0.0089558822018783214 -0.023909582375489725 -0.0098655693138819823 -0.00049450765118670345 -0.0034159073364064853 0.0068427244825003675 0.039956088805641221 -0.013269212482135667 0.045387294161728584 0.013390899645100929 0.029757204460047326 -0.013562775553892445 -0.0081645648785663542 0.021048891521245713 0.036288438593390308 -0.011951525795799983 -0.027200941387637196 -0.00022513236340176686 0.020336124220798463 -0.0029363333705144483 -0.019310068463608897 0.014983557418793871 0.027732548833107194 0.014240076654715461 -0.0043249629547428593 -0.0055514770344702279 -0.0089693813281959307
leaf_weight=241.88422873988748 28.012646248564124 18.097678345511667 18.192019609734416 114.54710760526359 17.350394833832979 37.998585838824511 25475.027797086746 390.42604733631015 125.04188030213118 70.810901910066605 146.5221083573997 42.880995402112603 572.88834861665964 32.350991819053888 198.17604179866612 969.95683193951845 17.466146858409047 35.981193393468857 116.72666358202696 353.91423584707081 8672.1654001828283 68.35920225456357 129.03632898628712 213.90706328302622 880.53877782076597 333.59617521986365 529.94303258322179 1318.6691563427448 413.69942278787494 148.43332526832819
leaf_count=1476 466 978 270 1668 199 550 367416 5579 657 369 868 463 4212 186 1274 6202 396 235 593 4104 94885 456 1333 2322 7159 1943 4920 9783 1924 1751
internal_value=1.56559e-05 0.00711886 0.00959664 0.0167283 -0.00233479 0.00573542 -2.61368e-05 0.000718354 0.00588417 0.0201743 0.00373056 0.00583491 0.0100927 0.00767406 -0.00649905 0.000149929 -0.00744916 -0.0171632 0.000946535 -0.0244393 0.000580602 -0.00611209 0.00113477 0.00410011 0.00548183 0.0192973 0.00348732 0.00137976 0.00658802 0.0114752
internal_weight=41732.6 234.198 216.101 132.739 83.3616 66.0112 41498.4 16023.4 1579.1 195.853 1383.24 1236.72 846.296 803.415 230.527 14444.3 765.972 524.088 152.708 371.38 13678.3 1038.32 12640 3967.82 3753.92 462.633 3291.28 2761.34 1442.67 1028.97
internal_count=524637 4131 3153 1938 1215 1016 520506 153090 13608 1026 12582 11714 6135 5672 1460 139482 6804 5328 828 4500 132678 6658 126020 31135 28813 3276 25537 20617 10834 8910
is_linear=0
shrinkage=0.04


Tree=185
num_leaves=31
num_cat=0
split_feature=9 10 3 17 9 14 10 3 4 17 10 12 10 4 8 8 6 1 13 13 7 10 10 2 14 14 10 10 10 10
split_gain=7.67147 12.3422 21.8711 13.6417 11.8563 18.2954 32.3217 19.9948 18.187 16.965 16.0079 40.1818 26.8791 42.6005 23.5944 19.3229 20.4592 22.1118 18.5789 24.0167 23.2608 31.1411 30.3821 31.6423 24.7881 31.0746 70.1941 31.6986 37.1451 30.3654
threshold=72.875000000000014 -0.52124115824699391 25.771212577819828 -0.16653671115636823 73.625000000000014 42.696996688842781 -0.44600489735603327 21.893033981323246 22.370551109313968 -11.836387634277342 0.12225609645247461 2.6337748765945439 0.088045001029968276 1.9062456488609316 16.125000000000004 17.875000000000004 1.4823120236396792 3.2277182340621953 0.066151984035968794 1.5382938385009768 22.813840866088871 0.036545658484101302 -0.9550008475780486 4.0123262405395517 10.200233459472658 5.3204047679901132 -0.30265928804874415 -0.98523971438407887 -0.99815973639488209 -0.56456753611564625
decision_type=2 2 2 2 2 2 2 2 2 2 2 2 2 2 2 2 2 2 2 2 2 2 2 2 2 2 2 2 2 2
left_child=1 3 -3 -1 10 -6 8 -8 -7 -9 12 15 14 -14 -2 -12 -17 -18 -16 -20 21 24 23 -22 25 26 27 28 -21 -27
right_child=4 2 -4 -5 5 6 7 9 -10 -11 11 -13 13 -15 18 16 17 -19 19 20 22 -23 -24 -25 -26 29 -28 -29 -30 -31
leaf_value=-0.0011540631156072222 -0.01139338723008443 0.0075675612178317288 -0.014266908391246733 -0.018073255719202579 -0.00012772305298043831 0.013806850782362519 -0.030373847643394271 -0.024355991336736688 -0.012886778712534278 0.0035452762440280057 0.021197154701324505 -0.0075043236992449634 -0.0061791489782856805 0.037520394451536272 0.018427125482011919 -0.0074023790150454308 0.02994888841323121 -0.0041965874289962854 -0.010572666414229782 0.026199198303779144 0.0131604262333392 0.029309737739384362 0.001435033612514362 -0.021652439009427826 0.0081261904347353729 -0.010313271428840266 -0.029771753465418788 0.025778046246226875 -0.017441223344082536 0.011063807521769432
leaf_weight=146.57663813582622 194.35694543062709 233.93920748494565 95.038665510714054 152.27190057747066 33443.291370493127 110.14054742082953 101.98967280983925 44.96517475694418 52.611695133149624 89.653394430875778 112.97031074389815 833.21515615284443 57.106781996786594 75.338616654276848 104.23720767581835 152.50566613301635 55.853272967040539 52.261480007320642 219.34016080270521 40.813538413494825 47.096536170691252 75.643540531396866 2774.675733692944 168.89337707869709 1365.474435291253 479.36972975474782 53.62621696293354 194.84034137544222 70.887655597180128 126.98122647404671
leaf_count=1191 1145 1283 412 1245 474454 577 491 217 275 428 807 3697 255 321 2894 1760 327 257 3013 387 350 332 12888 1114 7213 3597 258 2112 780 557
internal_value=1.65092e-05 -0.00433665 0.00102499 -0.0100809 8.4048e-05 -0.000230642 -0.00863564 -0.0177893 0.00493134 -0.00681401 0.00155019 -0.00264062 0.0023893 0.0195673 0.00197237 0.00811969 0.00187723 0.0144855 0.00244546 0.0021167 0.00265088 0.00556854 0.000291282 -0.0138151 0.00467658 -0.000230262 0.00893274 0.0164303 -0.000653286 -0.00572964
internal_weight=41726 627.826 328.978 298.849 41098.1 33842.7 399.36 236.608 162.752 134.619 7255.49 1206.81 6048.68 132.445 5916.24 373.591 260.62 108.115 5721.88 5617.64 5398.3 2407.64 2990.67 215.99 2331.99 966.519 360.168 306.542 111.701 606.351
internal_count=524637 4131 1695 2436 520506 476442 1988 1136 852 645 44064 6848 37216 576 36640 3151 2344 584 35495 32601 29588 15236 14352 1464 14904 7691 3537 3279 1167 4154
is_linear=0
shrinkage=0.04


Tree=186
num_leaves=31
num_cat=0
split_feature=8 9 14 11 10 18 10 12 11 1 10 12 9 10 10 10 11 11 12 9 9 8 11 4 4 8 11 13 3 7
split_gain=7.90398 17.25 20.0166 20.1802 40.7066 24.2244 20.3333 21.3015 18.1587 35.2535 28.5867 24.8632 22.6214 18.9203 16.0123 19.1498 15.7774 21.2001 50.6408 50.3601 19.7064 15.566 14.7683 14.6109 14.2957 14.0602 21.2045 17.6601 14.0287 13.6439
threshold=16.875000000000004 74.125000000000014 47.035240173339851 -0.49998149275779719 -0.80987083911895741 22.623889923095707 -0.68508586287498463 16.546585083007816 -0.26244230568408961 23.698267936706547 -0.98046803474426258 15.599800586700441 73.875000000000014 -0.99372696876525868 -0.15207348018884656 -0.55028682947158802 0.3624663800001145 0.34638161957263952 0.1959948614239693 75.875000000000014 79.625000000000014 16.375000000000004 0.33019435405731207 0.3193181455135346 44.724460601806648 16.125000000000004 -0.14463099837303159 28.346517562866214 0.37422093749046331 8.8266181945800799
decision_type=2 2 2 2 2 2 2 2 2 2 2 2 2 2 2 2 2 2 2 2 2 2 2 2 2 2 2 2 2 2
left_child=1 2 3 4 5 -1 7 24 9 -5 13 12 -12 -10 15 -4 17 22 -19 -20 -18 -8 -2 -22 -6 27 29 28 -3 -27
right_child=16 25 14 8 6 -7 21 -9 10 -11 11 -13 -14 -15 -16 -17 20 18 19 -21 23 -23 -24 -25 -26 26 -28 -29 -30 -31
leaf_value=0.03819150013116239 -0.000110111787941035 0.013730425349439775 -0.021288721714281308 -0.020504776298104353 -0.022293147956269257 0.0065236516336627959 0.0027300134716333959 0.008853331045104041 0.0045722646283824836 0.0086701216831193036 0.034767351000183216 -0.019726345343955804 -0.002939451228854873 -0.014295979172984058 -0.025405376466132314 0.0055741947358076416 -0.017049796212187811 -0.022278446568156231 -0.0016838004317523119 0.091516575128323174 -0.0097171492756347802 0.010737244816642779 -0.023631791212635003 0.041848010032107336 0.0055311513253669623 -0.0079381951671135594 0.01054092110190003 0.016275605688444876 -0.0079768121194329408 -0.027337042763248276
leaf_weight=86.732574447989464 37737.175394095015 51.715118953958154 48.501832231879234 166.22586013935506 107.71300595067441 72.536907270550728 957.80282306671143 83.106601506471634 202.42277686297894 98.970578849315643 83.267733722226694 16.27131904521957 32.990758039755747 132.51773176714778 51.422248318791389 145.44927594810724 149.40258885931689 16.76495676022023 15.577232084237041 11.711973183788357 11.023680526530372 654.76629090681672 32.757198507897556 8.4897946806158853 34.865277487784624 276.02643310651183 69.990817985031754 93.717040683142841 202.92128073773347 69.226009553298354
leaf_count=456 459360 666 208 1346 774 300 4744 388 1638 460 1748 190 988 1260 221 744 26726 2347 598 295 2274 3590 3240 880 223 4461 1765 421 1667 659
internal_value=1.58419e-05 0.00176802 0.00314338 0.00413261 0.00620712 0.0250063 0.00445184 -0.00658393 -0.00153069 -0.00969738 0.00320834 0.0182282 0.0246819 -0.0030909 -0.00759429 -0.00185792 -0.000157069 -0.000100972 0.0249316 0.0521314 -0.0120074 0.0060274 -0.000136761 0.0192953 -0.0155726 -0.00356279 -0.00844966 0.00233568 -0.00321595 -0.0124878
internal_weight=41722.1 3739.16 2975.56 2730.19 1997.52 159.269 1838.25 225.685 732.667 265.196 467.47 132.53 116.258 334.941 245.373 193.951 37982.9 37814 44.0542 27.2892 168.916 1612.57 37769.9 19.5135 142.578 763.597 415.243 348.353 254.636 345.252
internal_count=524637 28917 19278 18105 10475 756 9719 1385 7630 1806 5824 2926 2736 2898 1173 952 495720 465840 3240 893 29880 8334 462600 3154 997 9639 6885 2754 2333 5120
is_linear=0
shrinkage=0.04


Tree=187
num_leaves=31
num_cat=0
split_feature=5 13 10 3 7 6 8 17 10 13 6 10 4 10 6 4 10 1 12 3 10 11 4 1 17 1 10 12 4 11
split_gain=7.75983 13.8433 31.7685 9.93562 9.73593 18.6257 15.2176 21.6141 16.5656 52.6241 30.4437 22.9822 20.7662 23.5198 17.1798 15.1931 14.4436 17.4063 13.7816 12.9379 11.7936 11.3838 20.0859 12.0361 10.7683 13.0391 9.61453 9.41527 11.7363 9.32652
threshold=93.946643829345717 75.118892669677749 -0.43054369091987604 33.562597274780281 44.047140121459968 49.162492752075202 19.125000000000004 21.386577606201175 -0.55028682947158802 12.841145992279055 25.187973022460941 -0.49157854914665217 14.01472854614258 -0.35141934454441065 62.618331909179695 39.037832260131843 -0.44600489735603327 47.82841873168946 44.809270858764656 64.05594635009767 -0.63338240981101979 -0.97696766257286061 18.367431640625004 30.997318267822269 -8.3145270347595197 14.245813846588137 -0.15207348018884656 104.26538467407228 3.4126712083816533 -0.9970029592514037
decision_type=2 2 2 2 2 2 2 2 2 2 2 2 2 2 2 2 2 2 2 2 2 2 2 2 2 2 2 2 2 2
left_child=4 -2 -3 -4 5 27 7 8 9 -6 -10 -12 19 16 -11 26 -14 -18 -17 -13 -16 29 23 -23 25 -8 -15 -1 -29 -7
right_child=1 2 3 -5 6 21 24 -9 10 14 11 12 13 15 20 18 17 -19 -20 -21 -22 22 -24 -25 -26 -27 -28 28 -30 -31
leaf_value=2.6654615654042574e-05 0.016026438161497621 0.015839640187707563 -0.024041937956352136 -3.1158456334671767e-05 0.018749791989182328 0.0079498912839212864 -0.018444049690364721 0.01899178998434025 -0.026352293773686211 -0.023357422939217418 0.021810536488567438 -0.022962697404233949 0.0074052090829243977 0.012496812480034862 0.0077758370456108006 0.026260522823652831 -0.02411900469917606 0.0048477205249555094 -0.000682501902600923 0.0006179603447674497 -0.016130934896001491 0.0050054896856586281 -0.0051926590613353323 0.023855482868428327 -0.021905635731884181 0.0066528579152876433 -0.0092416352074831537 0.0016655177361861793 -0.020511690644764463 -0.011715973503121639
leaf_weight=39376.970156046329 124.14991142600775 91.120168745517731 61.675019517540932 44.857220351696014 76.201958119869232 69.76812681555748 46.880651868879795 67.472288817167282 51.327677600085735 201.01988258957863 80.829905211925507 75.43396583199501 76.383269190788269 48.97029235959053 61.054223224520683 114.30982708930969 79.298044845461845 48.236254900693893 39.539758056402206 65.072756692767143 52.442984387278557 90.07697181776166 78.196188703179359 155.8445089161396 98.875809103250504 70.677419051527977 62.694745644927025 70.499650791287422 69.853005200624466 64.993326038122177
leaf_count=513306 646 450 296 241 440 309 247 319 223 975 388 345 339 252 265 571 334 222 210 296 217 437 373 717 460 329 274 441 429 286
internal_value=1.55212e-05 0.00610827 -0.00059334 -0.014802 -3.33097e-05 8.25482e-05 -0.00328018 -0.00147282 -0.00284725 -0.00940152 0.000682749 0.00303897 0.000239652 0.00430503 -0.0165897 0.0119622 -0.0057582 -0.0136073 0.019717 -0.0127264 -0.00368233 0.00800801 0.0119696 0.0174164 -0.0127956 -0.00401679 0.000535259 -1.14858e-05 -0.0100021 -0.00168879
internal_weight=41714.7 321.802 197.652 106.532 41392.9 39976.2 1416.72 1200.29 1132.82 390.719 742.096 690.769 609.939 469.432 314.517 265.515 203.918 127.534 153.85 140.507 113.497 458.879 324.118 245.921 216.434 117.558 111.665 39517.3 140.353 134.761
internal_count=524637 1633 987 537 523004 516298 6706 5670 5351 1897 3454 3231 2843 2202 1457 1307 895 556 781 641 482 2122 1527 1154 1036 576 526 514176 870 595
is_linear=0
shrinkage=0.04


Tree=188
num_leaves=31
num_cat=0
split_feature=9 10 7 10 3 18 7 10 12 10 17 3 14 11 7 10 4 12 11 16 11 6 1 11 10 12 18 7 2 13
split_gain=7.59589 19.4941 28.0622 43.5422 20.0664 18.7828 50.322 26.6259 25.2912 18.4576 32.7339 18.6301 20.1735 23.3552 23.6486 19.232 18.4058 23.2506 18.7572 24.3615 27.1387 21.4306 21.3366 21.031 64.4945 20.5314 18.577 52.0617 36.6676 17.1366
threshold=79.625000000000014 0.088045001029968276 4.9678874015808114 -0.98930078744888295 73.417064666748061 32.135005950927741 5.6246790885925302 0.1732888147234917 0.23887918144464496 0.019350802991539243 -1.6073366999626157 0.23627001792192462 0.92121434211730968 -0.17858051508665082 0.33041895925998693 -0.18598018586635587 21.046273231506351 62.348731994628913 -0.99938741326332081 -3.8121169805526729 -0.99907308816909779 8.6360378265380877 15.605492115020754 -0.32816398143768305 -0.8978554606437682 2.7483572959899907 14.928365707397463 13.355569362640383 5.630059242248536 8.6721730232238787
decision_type=2 2 2 2 2 2 2 2 2 2 2 2 2 2 2 2 2 2 2 2 2 2 2 2 2 2 2 2 2 2
left_child=-1 2 3 -2 16 6 7 -3 -8 11 -11 12 13 -5 -15 -14 18 26 21 22 -21 -4 -20 24 -24 -26 27 -18 29 -28
right_child=1 5 4 9 -6 -7 8 -9 -10 10 -12 -13 15 14 -16 -17 17 -19 19 20 -22 -23 23 -25 25 -27 28 -29 -30 -31
leaf_value=-0.00019797418520342536 -0.018675050696708433 -0.024231756435165772 -0.032908407886667289 -0.0033892768233631625 -0.015055920069798898 -0.020705991598833143 -0.00659569351269904 -0.0025636781455744971 0.032796023364692679 -0.0051051238675094701 0.046041114683355408 0.016257732148331368 -0.0079071844823684258 0.001484240361470974 0.05430291592607369 0.015496270895661253 0.015079679997226798 -0.021516031165232537 -0.012366616246034773 0.035752417881266811 0.0025626024199450676 0.00084678395109342335 0.039894491332138925 -0.020500074385179038 0.013341666870965514 -0.0055523982766379496 0.0021324616943905763 -0.014668216815197256 0.0049835559017737804 0.0357201439366912
leaf_weight=36113.808782345615 74.554618868045509 106.20144831389189 48.430842228233814 42.639489226043224 112.42991383932531 90.888181108981371 33.072720110416412 427.89891353715211 76.909983083605766 27.396070308983326 49.561960250139236 324.16058693267405 219.3034574072808 22.309387195622548 27.036315331701189 64.566510044038296 192.13093499257229 35.301818899810314 340.00593430968001 30.365282163023949 1867.0650777595583 61.046299710869789 54.729227222502232 64.153938497416675 102.84155770391226 492.39941529929638 31.756353378295898 166.22966656275094 295.46081348508596 115.94015927612782
leaf_count=472311 2382 929 371 399 884 726 252 6382 527 214 336 3312 2508 2895 1574 407 1714 246 2585 195 14486 412 304 852 615 2756 226 1273 1842 722
internal_value=1.46387e-05 0.00138445 0.00230376 0.00885415 0.000894313 -0.00464606 -0.00209788 -0.00723837 0.0213881 0.0116995 0.0293404 0.00937413 0.0031698 0.0184412 0.0346973 -0.00223787 0.00139173 0.00661098 -5.19743e-05 0.000575065 0.0032784 -0.0155905 -0.00427602 -0.000306369 0.00196723 -0.00212151 0.00809966 0.00125718 0.013483 0.0290916
internal_weight=41710.6 5596.79 4861.82 851.528 4010.29 734.971 644.083 534.1 109.983 776.974 76.958 700.016 375.855 91.9852 49.3457 283.87 3897.86 836.82 3061.04 2951.56 1897.43 109.477 1054.13 714.124 649.97 595.241 801.518 358.361 443.157 147.697
internal_count=524637 52326 43510 14027 29483 8816 8090 7311 779 11645 550 11095 7783 4868 4469 2915 28599 6023 22576 21793 14681 783 7112 4527 3675 3371 5777 2987 2790 948
is_linear=0
shrinkage=0.04


Tree=189
num_leaves=31
num_cat=0
split_feature=1 10 13 8 12 10 10 17 10 11 10 6 9 10 10 4 9 8 3 4 9 3 10 9 7 11 6 11 13 12
split_gain=7.57392 21.7758 40.1009 26.6141 22.5941 22.1939 21.3955 21.8909 22.9965 74.5143 71.3537 44.1477 27.91 55.2727 60.2959 45.6121 35.7032 32.4198 27.2328 26.6668 26.2277 25.7517 25.5078 65.3062 43.9055 25.209 23.8296 23.3373 33.4492 23.0131
threshold=0.65836161375045787 -0.99985146522521962 19.019130706787113 18.625000000000004 14.433386325836183 -0.99993467330932606 -0.99985146522521962 4.7721788883209237 -0.92274349927902211 -0.46989713609218592 -0.92599865794181813 0.87812548875808727 74.875000000000014 0.30675521492958074 -0.82956761121749867 5.2012705802917489 73.375000000000014 19.375000000000004 7.3278977870941171 11.569620132446291 79.375000000000014 5.0040650367736825 -0.95244166254997242 75.625000000000014 1.2474790215492251 -0.32816398143768305 19.987445831298832 0.39430940151214605 3.3439974784851079 1.9274193048477175
decision_type=2 2 2 2 2 2 2 2 2 2 2 2 2 2 2 2 2 2 2 2 2 2 2 2 2 2 2 2 2 2
left_child=6 2 3 5 -5 -2 -1 8 10 12 22 -12 13 14 15 -10 18 -18 -16 20 21 -13 -8 24 25 -24 -14 28 -11 -15
right_child=1 -3 -4 4 -6 -7 7 -9 9 27 11 19 26 29 16 -17 17 -19 -20 -21 -22 -23 23 -25 -26 -27 -28 -29 -30 -31
leaf_value=-0.016628272805205499 0.0099374508551962944 0.00032769675819323339 -0.0195393190129741 -0.0165149699568298 0.038191996105236166 0.06142788242418832 0.0025139892144263234 -0.0082082463683680745 0.00053620733795373208 -0.029362974625840109 -0.015530831140020367 0.020461296069388322 0.0011014030835444428 0.0099844168490731307 0.01532940534858643 0.051443150018273605 -0.017808008449260202 0.00012124336433895392 -0.013249622055165449 -0.0032873802739069873 0.0028459796013383682 0.068708807714897291 0.049443154158311721 -0.018531271989676672 -0.0028317112154978103 0.0038062332596486403 -0.010828275142864821 0.00085108969523682565 -0.0035130786219227414 -0.0061160961147144876
leaf_weight=124.10640101693571 26.236283238045871 27116.291846109787 29.798655858263373 28.752652029506862 7.5513342991471282 32.379816152155399 3273.1289820731618 567.04713284038007 86.388268575072289 248.08278745785356 26.490120641887188 41.03446502238512 7002.4715286521241 444.9234217107296 119.31621976941824 31.934799648821354 875.40009397827089 197.16157481446862 81.268508888781071 21.970827005803585 22.747730672359467 52.670311253517866 41.827417209744453 314.41054200474173 178.3991207992658 33.787873363588005 268.5775203704834 95.071352386265062 120.47546654846519 198.539147362113
leaf_count=4678 340 245193 360 979 112 389 68251 5721 1485 7838 504 443 107948 6981 772 238 19007 3718 449 213 142 468 692 12526 5495 2250 2109 22095 1394 1847
internal_value=1.4735e-05 0.000407518 0.0164497 0.0285333 0.000654838 0.0431881 -0.000724625 -0.000575526 -0.000255624 -0.00130203 0.00229289 0.0272798 -0.000513778 -0.0046424 -0.00910479 0.0172139 -0.0116659 -0.0145415 0.00367105 0.0359669 0.0430473 0.051591 0.00115218 -0.00659732 0.00831654 0.0318772 0.000646479 -0.016779 -0.0212291 0.00499906
internal_weight=41708.2 27241 124.719 94.9201 36.304 58.6161 14467.2 14343.1 13776.1 9769.61 4006.47 164.913 9305.98 2034.93 1391.47 118.323 1273.15 1072.56 200.585 138.423 116.453 93.7048 3841.55 568.425 254.014 75.6153 7271.05 463.63 368.558 643.463
internal_count=524637 247373 2180 1820 1091 729 277264 272586 266865 175881 90984 1770 144554 34497 25669 1723 23946 22725 1221 1266 1053 911 89214 20963 8437 2942 110057 31327 9232 8828
is_linear=0
shrinkage=0.04


Tree=190
num_leaves=31
num_cat=0
split_feature=7 11 10 8 14 11 10 9 6 9 12 9 8 10 8 12 12 10 11 8 2 11 17 10 11 11 10 10 10 12
split_gain=7.72444 28.7983 34.914 23.5081 20.358 16.9596 11.6454 14.1618 15.5181 13.0619 11.3393 10.3308 10.1869 9.13061 8.60653 9.642 19.3597 8.02908 12.9919 12.1197 7.89103 31.8061 28.5931 32.3339 47.4235 47.3291 26.9608 26.2165 33.175 77.7985
threshold=0.10613493621349336 -0.96234029531478871 0.12225609645247461 19.375000000000004 0.42978578805923467 -0.91249075531959523 0.49531894922256475 75.875000000000014 0.044126324355602271 75.125000000000014 1.3026170730590823 76.125000000000014 17.125000000000004 -0.7785360813140868 21.625000000000004 12.023805618286135 2.98474133014679 -0.97509795427322377 -0.88620507717132557 18.375000000000004 1.0000000180025095e-35 0.26451654732227331 -9.3397741317749006 -0.69751432538032521 -0.99052476882934559 -0.99628248810768116 0.3393120169639588 0.29033823311328893 0.22386012226343158 0.1959948614239693
decision_type=2 2 2 2 2 2 2 2 2 2 2 2 2 2 2 2 2 2 2 2 2 2 2 2 2 2 2 2 2 2
left_child=1 2 -1 5 11 12 7 8 9 17 -9 -4 -3 -11 20 16 -16 -7 -19 -20 22 26 23 -2 25 -25 27 28 -22 -30
right_child=14 3 4 -5 -6 6 -8 10 -10 13 -12 -13 -14 -15 15 -17 -18 18 19 -21 21 -23 -24 24 -26 -27 -28 -29 29 -31
leaf_value=-0.008953673896441772 0.0028271082529480731 0.013306494645685672 0.011886326611086157 -0.010485886192919796 0.0013829818221725119 0.035326664555609642 -0.020356348564214661 -0.015273756087907642 -0.0049959731056404095 -0.0017520786219257572 0.023461977728619448 0.05776754036601954 -0.017859847372852157 0.044691825134207309 0.001216822610496725 -0.0079066965007142925 0.027474170573853884 0.016528270713242914 -0.017186235438049403 0.010356385843287907 -0.00043896473691064971 -0.017287616311338076 0.0015324542197835559 -0.013579816153416746 -0.024655978235977094 0.035068339932587289 0.0076416935654685719 -0.0088770895875715933 -0.023847046903991705 0.011388294570765413
leaf_weight=54.850600386038423 289.67222033790313 12.817351927980779 18.045948017388582 599.48509697604459 26.006952084600925 9.6444491855800134 17.184361821971834 57.804964628303424 72.428046663990244 7.4749696135986587 5.4554856850299975 26.974888779222965 83.211685363203287 25.267618260346353 113.35887253750116 42.879419511184096 65.51023131608963 98.974298710003495 42.526882829843089 40.550501048797742 27343.649838170037 164.69010250200517 9962.230370634119 72.1117770858109 243.05823941901326 42.793447807431221 680.54404681082815 556.37441223300993 104.50027099624276 823.84618508629501
leaf_count=1622 3741 191 333 31178 289 163 663 3647 1660 672 117 300 1641 663 2319 471 751 1329 1409 1522 256599 10050 179728 716 2173 276 7550 5075 1497 6292
internal_value=1.5098e-05 -0.00313592 0.0142661 -0.00529065 0.0310894 0.00136992 0.00522387 0.0069615 0.0105898 0.015618 -0.00918668 0.0448796 -0.0128373 0.0361596 0.0001091 0.00779546 0.011779 0.0104906 0.00740393 -0.00407423 6.48643e-05 -0.00026993 0.00100059 -0.00707972 -0.0149555 0.005895 -0.00016913 -0.000356104 -0.000185337 0.00721012
internal_weight=41703.9 1198.7 125.878 1072.83 71.0278 473.341 377.312 360.127 296.867 224.439 63.2605 45.0208 96.029 32.7426 40505.2 221.749 178.869 191.696 182.052 83.0774 40283.5 29673.6 10609.9 647.636 357.963 114.905 29508.9 28828.4 28272 928.346
internal_count=524637 47399 2544 44855 922 13677 11845 11182 7418 5758 3764 633 1832 1335 477238 3541 3070 4423 4260 2931 473697 287063 186634 6906 3165 992 277013 269463 264388 7789
is_linear=0
shrinkage=0.04


Tree=191
num_leaves=31
num_cat=0
split_feature=10 9 9 14 7 3 11 17 10 10 10 8 10 13 13 14 9 12 10 8 2 10 4 4 11 12 11 10 11 4
split_gain=7.3226 13.3103 11.2784 9.25172 12.1677 7.41711 24.9595 20.3265 31.3661 48.3289 29.9727 41.5496 46.0894 30.9379 29.973 25.3695 22.0814 24.3232 21.7792 22.6059 19.773 22.244 18.3397 32.7204 41.3493 19.7115 17.2345 18.4965 26.3673 51.2611
threshold=0.46514528989791876 75.875000000000014 73.625000000000014 0.75481030344963085 0.012356520630419256 22.296992301940922 0.078402601182460799 -8.0237441062927228 1.0000000180025095e-35 -0.049434980377554887 -0.44600489735603327 20.125000000000004 -0.59262362122535694 4.5788781642913827 4.1274633407592782 16.812372207641605 73.875000000000014 1.7128854990005495 -0.82956761121749867 17.875000000000004 0.97059944272041332 -0.15207348018884656 25.293042182922367 0.44597317278385168 -0.37645272910594935 5.2702224254608163 -0.99996069073677052 -0.36747109889984125 -0.93845868110656727 27.031860351562504
decision_type=2 2 2 2 2 2 2 2 2 2 2 2 2 2 2 2 2 2 2 2 2 2 2 2 2 2 2 2 2 2
left_child=5 2 -2 4 -4 7 26 8 9 10 11 12 18 -14 -13 20 17 -10 19 -1 -12 -22 23 25 -25 -21 -7 -28 -29 -30
right_child=1 -3 3 -5 -6 6 -8 -9 16 -11 15 14 13 -15 -16 -17 -18 -19 -20 22 21 -23 -24 24 -26 -27 27 28 29 -31
leaf_value=-0.0036982148137505023 -0.013749393384728826 -0.019896701428692105 -0.0028747633752702175 -0.010714871606510509 0.024624500377745676 -0.022712873932271217 -0.020604118013660667 4.5935530655954e-05 0.025099804511512749 0.035535606575598414 -0.0077307688857228751 -0.011715556553465763 0.058296103978550673 0.017024287736397987 0.0083435429731144213 -0.012665026456190324 -0.018436322286179082 -0.0090898718366952489 -0.0034825807566031246 0.036010297085380255 0.026098100383622425 -0.0099581926120504358 0.033266006734431038 0.019002377433818 -0.01403016178435381 -0.0012647882732848882 -0.002338578666506596 0.0010009297282434506 0.032017060049271899 -0.018974604604961438
leaf_weight=106.60852970345877 57.064833099022508 72.976350850891322 43.341958405449986 29.173183105885983 47.28904649335891 47.224289758130908 94.044807996135205 32688.799086949322 43.354897491633892 74.661394950002432 89.712249808013439 237.08737833262421 43.728105127811432 92.007315423339605 220.64342441596091 247.56670372188091 146.25825160369277 79.431352593004704 178.29131204821169 92.400095620658249 85.04482015222311 32.240555942058563 77.963523690588772 110.73629654571414 112.01953953085467 28.311786798760295 4024.9034266341478 2360.9967214129865 102.7718945518136 36.169925078749657
leaf_count=1058 875 5025 1738 590 1297 353 3011 448232 203 425 749 3042 286 468 1792 1467 1677 357 1441 1021 681 199 625 738 1308 229 30190 14752 624 184
internal_value=1.52162e-05 -0.00667868 -0.000452016 0.00645305 0.0124948 5.71627e-05 -0.0011641 0.000291457 0.00409842 0.00597834 0.00452617 0.00760339 0.0128268 0.0334081 -0.00207466 -0.00424719 -0.0084379 0.00396335 0.00846052 0.0124829 0.00594014 0.0161829 0.016567 0.0119426 0.00250186 0.0278399 -0.000855035 -0.000662322 0.00203502 0.01836
internal_weight=41702.8 249.845 176.869 119.804 90.631 41453 6666.11 34786.9 2098.07 1829.02 1754.36 1299.8 842.067 135.735 457.731 454.564 269.045 122.786 706.331 528.04 206.998 117.285 421.431 343.468 222.756 120.712 6572.07 6524.84 2499.94 138.942
internal_count=524637 9525 4500 3625 3035 515112 49114 465998 17766 15529 15104 12008 7174 754 4834 3096 2237 560 6420 4979 1629 880 3921 3296 2046 1250 46103 45750 15560 808
is_linear=0
shrinkage=0.04


Tree=192
num_leaves=31
num_cat=0
split_feature=6 7 11 10 2 15 18 14 10 8 9 14 8 17 10 7 11 10 11 14 14 11 10 3 12 5 10 11 7 4
split_gain=7.37165 22.856 22.5938 21.7382 35.96 23.152 22.8726 18.4495 18.4137 15.8848 14.1466 20.7154 18.742 14.5598 21.1512 15.5032 21.7723 20.4982 19.8081 18.9509 18.0389 30.9578 24.1956 21.9258 20.0068 19.9787 18.5701 16.2013 13.481 26.6535
threshold=41.267499923706062 32.125337600708015 -0.09339838474988936 -0.69751432538032521 1.9838662147521975 0.93750000000000011 13.454995155334474 32.531179428100593 -0.50648479163646687 16.125000000000004 73.375000000000014 47.035240173339851 19.625000000000004 -15.185159683227537 -0.61997824907302845 21.99760723114014 -0.99168640375137318 0.036545658484101302 -0.96904978156089772 10.751408100128176 6.5295267105102548 -0.94703993201255787 -0.74512827396392811 0.12342590466141702 3.2372843027114873 3.9616441726684575 -0.98664820194244374 -0.21231865882873532 44.047140121459968 15.558197498321535
decision_type=2 2 2 2 2 2 2 2 2 2 2 2 2 2 2 2 2 2 2 2 2 2 2 2 2 2 2 2 2 2
left_child=1 10 7 4 -3 6 8 -2 -5 -9 12 -12 13 14 -1 16 17 -15 -17 20 21 24 27 -24 -18 -23 -27 -22 -11 -30
right_child=2 3 -4 5 -6 -7 -8 9 -10 28 11 -13 -14 15 -16 18 19 -19 -20 -21 22 25 23 -25 -26 26 -28 -29 29 -31
leaf_value=0.037963115120384763 0.012545392754867199 0.019350312825208726 -0.023051775397444563 0.00259835855807728 -0.019603580132899909 -0.01898021000554025 0.0021440705435400056 -0.0092593144629906712 -0.029049320037494691 0.0064814615723895368 -0.00011594875703020721 -0.020702801557175556 -0.0035817886773858586 0.0064187006399839567 0.001458563506573328 -0.016610488265413323 0.0054020836055104441 0.032737591395598412 0.0019809170564789209 0.008251222991534371 -0.02591284513090204 0.0023665263100375749 -0.016052558019531572 0.013583265404639076 -0.02600156807505076 -0.0053571545892685873 0.025316015590294054 -0.0014232827022497717 -0.0098869949368643514 0.0039770456155992211
leaf_weight=39.115904277190566 264.47893300652504 35.775828745216131 45.402654975652695 46.525302860885859 265.91182244941592 109.44669909030199 806.62086622416973 189.28021179884672 63.451010167598724 799.7678661942482 34916.826353104087 68.380896173417568 609.67273947340436 123.58706668019295 54.316379204392433 116.20381506532431 49.374982260167599 73.811403907835484 329.05939770489931 769.90983264241368 111.02438060939312 339.78157242084853 50.403309598565102 109.31125488132238 70.768657609820366 36.395071253180504 135.39041619515046 69.128960476722568 316.03625392541289 684.52918899059296
leaf_count=243 1253 263 286 283 1631 511 3689 856 312 3777 485181 327 4477 582 245 509 350 335 1684 3960 644 5148 218 534 331 390 1030 805 1482 3301
internal_value=1.5421e-05 -0.000113297 0.00221185 -0.00525228 -0.0145116 -0.00241598 -0.000254626 0.00282028 -0.0165602 0.00147125 6.72513e-05 -0.000162092 0.00265833 0.00420209 0.0189341 0.00354809 0.00508973 0.0173639 -0.00312931 0.00360726 -0.000119334 0.00386555 -0.0074248 0.0038359 -0.0136723 0.00816756 0.0188803 -0.0170847 0.00264434 -0.000456521
internal_weight=41699.7 39400.2 2299.5 1327.73 301.688 1026.04 916.597 2254.09 109.976 1989.61 38072.5 34985.2 3087.26 2477.58 93.4323 2384.15 1938.89 197.398 445.263 1741.49 971.579 631.711 339.868 159.715 120.144 511.567 171.785 180.153 1800.33 1000.57
internal_count=524637 513682 10955 6689 1894 4795 4284 10669 595 9416 506993 485508 21485 17008 488 16520 14327 917 2193 13410 9450 7249 2201 752 681 6568 1420 1449 8560 4783
is_linear=0
shrinkage=0.04


Tree=193
num_leaves=31
num_cat=0
split_feature=8 9 14 11 10 18 10 12 11 1 10 12 9 10 10 10 8 11 11 12 9 9 14 11 4 12 8 11 13 7
split_gain=7.58206 15.7519 18.3705 18.3148 37.3754 21.6202 18.3315 19.8746 16.7506 33.1282 26.5727 23.0426 20.4515 17.5889 14.7886 17.5544 14.0976 14.0485 20.7753 47.1049 45.1429 18.2798 13.8949 13.8316 13.683 13.3938 13.1905 19.665 16.385 13.6918
threshold=16.875000000000004 74.125000000000014 47.035240173339851 -0.49998149275779719 -0.80987083911895741 22.623889923095707 -0.68508586287498463 16.546585083007816 -0.26244230568408961 23.698267936706547 -0.98046803474426258 15.599800586700441 73.875000000000014 -0.99372696876525868 -0.15207348018884656 -0.55028682947158802 16.375000000000004 0.3624663800001145 0.34638161957263952 0.1959948614239693 75.875000000000014 79.625000000000014 0.63041612505912792 0.33019435405731207 44.724460601806648 0.11486823856830598 16.125000000000004 -0.14463099837303159 28.346517562866214 0.87136271595954906
decision_type=2 2 2 2 2 2 2 2 2 2 2 2 2 2 2 2 2 2 2 2 2 2 2 2 2 2 2 2 2 2
left_child=1 2 3 4 5 -1 7 24 9 -5 13 12 -12 -10 15 -4 -8 18 23 -20 -21 -19 25 -2 -6 -23 28 -28 -3 -29
right_child=17 26 14 8 6 -7 16 -9 10 -11 11 -13 -14 -15 -16 -17 -18 21 19 20 -22 22 -24 -25 -26 -27 27 29 -30 -31
leaf_value=0.036242780990059197 -0.00011262960842526858 -0.0030344462593792495 -0.020348866337683163 -0.019897727646213132 -0.021648763605374381 0.0063657330992970794 0.0026304314390713569 0.0086292775135137032 0.0043675541141663145 0.0084532936686075484 0.033034138438315527 -0.019286008980711134 -0.0027898472474486907 -0.013867602992991942 -0.024329118343353995 0.0054081631906381881 0.01025120721605703 -0.016456604568018559 -0.021872989387332783 -0.001514894790242208 0.086217089878114633 -0.00018606758331668751 -0.015972060532473003 -0.023171965162323546 0.0055860389443039681 0.060673556276860004 -0.012074430783469099 0.036982392907922712 0.015729882072572511 -2.926251832111702e-05
leaf_weight=87.99387276917696 37721.096845109481 254.03276592539623 48.342064008116722 163.86570428311825 106.21511643007398 72.535757035017014 957.51964843086898 83.199197217822075 203.04860487766564 98.963080491870642 85.037910779938102 15.972730279434471 32.838010046863928 131.1279434338212 51.612727731466293 144.8874463737011 654.91563840210438 145.5221719618421 16.18723092507571 15.472090492956342 12.59097654186189 10.035824846709149 6.4555531798396251 31.665955086005852 34.846924923360348 3.4695205783937118 341.56628528051078 11.971248649759216 93.989947619382292 58.706800391431898
leaf_count=456 459360 2333 208 1346 774 300 4744 388 1638 460 1748 190 988 1260 221 744 3590 26726 2347 598 295 2272 674 3240 223 208 5120 390 421 1375
internal_value=1.42712e-05 0.00173185 0.00304484 0.00399222 0.00596694 0.0239077 0.00427792 -0.00623729 -0.00141184 -0.00930413 0.00312215 0.017512 0.0236165 -0.00298279 -0.00725359 -0.00171992 0.00576983 -0.000155045 -0.000102594 0.024633 0.0501573 -0.0114466 0.0183802 -0.000138102 -0.0149965 0.0346098 -0.00337528 -0.00813374 0.00233102 0.0100466
internal_weight=41695.7 3733.19 2972.92 2728.08 1997.23 160.53 1836.7 224.261 730.854 262.829 468.025 133.849 117.876 334.177 244.842 193.23 1612.44 37962.5 37797 44.2503 28.0631 165.483 19.9609 37752.8 141.062 13.5053 760.267 412.244 348.023 70.678
internal_count=524637 28917 19278 18105 10475 756 9719 1385 7630 1806 5824 2926 2736 2898 1173 952 8334 495720 465840 3240 893 29880 3154 462600 997 2480 9639 6885 2754 1765
is_linear=0
shrinkage=0.04


Tree=194
num_leaves=31
num_cat=0
split_feature=6 10 7 8 9 8 10 13 12 1 3 6 7 11 10 10 4 8 10 10 10 13 4 10 4 12 10 9 10 8
split_gain=7.59438 17.2682 12.4837 14.0351 11.1474 13.6538 8.44242 8.22954 7.94265 20.9491 20.2778 13.6351 22.3209 44.7279 41.2791 29.968 32.3413 26.541 26.2642 24.0159 35.824 57.9672 36.0772 23.8673 61.0834 34.8827 31.8302 53.6717 78.2533 39.7762
threshold=75.043735504150405 0.019350802991539243 64.618377685546889 17.125000000000004 73.125000000000014 17.625000000000004 -0.53584328293800343 63.934797286987312 87.028736114501967 17.081954002380375 7.7134165763854989 27.090001106262211 13.572195529937746 -0.9970029592514037 -0.59262362122535694 -0.63338240981101979 64.31799697875978 17.125000000000004 -0.68508586287498463 0.1393099054694176 0.088045001029968276 5.0454072952270517 4.9347860813140878 -0.47652685642242426 52.355894088745124 9.5290436744689959 -0.52124115824699391 79.375000000000014 -0.55028682947158802 17.875000000000004
decision_type=2 2 2 2 2 2 2 2 2 2 2 2 2 2 2 2 2 2 2 2 2 2 2 2 2 2 2 2 2 2
left_child=2 4 8 -4 -2 7 -5 -6 11 10 -10 12 -1 -14 15 16 18 -17 -15 20 23 -22 -23 24 26 -25 27 -16 -29 -28
right_child=1 -3 3 6 5 -7 -8 -9 9 -11 -12 -13 13 14 19 17 -18 -19 -20 -21 21 22 -24 25 -26 -27 29 28 -30 -31
leaf_value=0.00028322153814037379 -0.0033552192264922117 -0.015470222261307056 0.0079034923535719632 -0.02504863582833881 -0.0086413971566254334 0.020175443200865742 -0.0057268334610902768 0.013226414077464889 0.022396621590081694 -0.0098828524420873885 -0.0096289704035946826 0.0022746732195569968 -0.015004465941623619 -0.0064043907356650378 -0.00467792340464818 0.012843803692757139 0.0084166709835617037 -0.026723102298727684 0.0067687522789733716 -0.012096963545866497 0.04931036864554865 -0.021044726958896413 0.025884850497710079 -0.0074710095274124859 -0.016686331318113794 0.0039748608623034658 -0.008766351816939558 0.047848454963621258 -0.013929995653012178 0.028616112930681118
leaf_weight=30216.0340824835 84.251428067684174 44.721317172050476 47.636786013841629 68.718053914606571 54.370081447064877 150.15849903225899 81.44336810708046 38.154034957289696 65.439874596893787 351.96783265843987 46.850870378315449 4039.0916817309335 405.76746143586934 2366.3717256861273 294.80398944765329 26.504638977348804 309.63058597105555 147.20827024616301 261.47181575931609 171.31429148465395 57.939212664961815 48.708751793950796 37.346783149987459 730.22773993387818 133.49334389716387 993.98972730338573 50.866097271442413 78.73561455309391 46.210614562034607 238.28869222849607
leaf_count=452017 378 191 232 329 274 792 371 229 460 1843 289 20861 2724 20229 2142 175 2529 1625 1971 1117 329 316 187 4927 739 5229 243 362 276 1251
internal_value=1.44964e-05 0.0056311 -3.73778e-05 -0.00981687 0.00889103 0.0131071 -0.0155809 0.00078672 1.20417e-05 -0.00513452 0.0093399 7.20624e-05 -0.000171468 -0.00231564 -0.00143298 -0.00462122 -0.00362733 -0.0203156 -0.00507296 0.00201298 0.00294593 0.0216901 -0.000103536 0.00181423 0.00729014 -0.000887737 0.0119744 0.00473996 0.025661 0.0219668
internal_weight=41687.7 371.655 41316.1 197.798 326.934 242.683 150.161 92.5241 41118.3 464.259 112.291 40654 36614.9 6398.88 5993.11 3111.19 2937.47 173.713 2627.84 2881.92 2710.61 143.995 86.0555 2566.62 842.398 1724.22 708.905 419.75 124.946 289.155
internal_count=524637 1864 522773 932 1673 1295 700 503 521841 2592 749 519249 498388 46371 43647 26529 24729 1800 22200 17118 16001 832 503 15169 5013 10156 4274 2780 638 1494
is_linear=0
shrinkage=0.04


Tree=195
num_leaves=31
num_cat=0
split_feature=8 14 11 10 14 14 10 4 12 16 13 8 14 3 9 14 3 7 12 17 7 10 10 17 3 9 15 17 13 7
split_gain=7.42796 12.4675 14.3973 9.26797 43.1119 37.1047 36.0958 36.7264 60.1545 29.609 34.1056 40.9584 32.2789 28.8868 29.3717 32.8209 26.6327 30.0116 24.8528 24.6907 22.9621 89.3051 40.9642 32.0409 26.3815 21.9281 21.5446 34.2965 20.5333 19.3168
threshold=15.875000000000002 2.138116836547852 -0.91595870256423939 -0.01505099539645016 11.711258888244631 0.0044701735023409137 -0.049434980377554887 1.4954823255538943 13.646110534667971 0.28073586523532873 11.109593868255617 19.125000000000004 2.2237510681152348 80.083259582519545 75.625000000000014 52.571302413940437 34.561922073364265 8.6083817481994647 38.97157287597657 -3.2277581691741939 11.124869346618654 0.07089784182608129 0.12225609645247461 -3.0496258735656734 3.7472392320632939 78.125000000000014 0.18750000000000003 7.010747194290162 5.3826284408569345 2.42930018901825
decision_type=2 2 2 2 2 2 2 2 2 2 2 2 2 2 2 2 2 2 2 2 2 2 2 2 2 2 2 2 2 2
left_child=1 -1 -3 5 18 -2 -7 8 19 10 11 -9 -13 14 15 -6 17 26 20 -8 23 -22 24 -5 -23 -11 -16 -28 -18 -25
right_child=3 2 -4 4 13 6 7 9 -10 25 -12 12 -14 -15 16 -17 28 -19 -20 -21 21 22 -24 29 -26 -27 27 -29 -30 -31
leaf_value=0.024917064257888422 -0.016720208916963745 0.009430538777227394 -0.0028359325855144006 -0.0079499824526018253 -0.0030478421942478451 0.00016476298122615002 0.0091677550962102009 0.0036428740024024887 0.025567588784915912 0.010867633065429231 0.0011985992283850479 0.0066640201285170309 0.055315354033638624 0.011868026885203395 -0.020204127202773262 -0.030660187618724528 0.021917509867635188 -0.026718637945805833 -0.024227966907548266 -0.019777932736577235 -0.015560357597836227 0.011215981958331624 0.0072014470771400675 -0.0010511615230546932 0.060917947896066735 -0.022232997994754772 0.030292688671741268 -0.021103156491516062 -0.017075118969813247 0.0035893014153805052
leaf_weight=33.800126663409173 194.60615541553125 269.10232659801841 331.4927440600004 707.96547589823604 1235.9243085719645 31401.346732834005 57.86934857070446 55.059221055358648 85.390767548233271 112.48752658814192 71.942099094390869 30.99376193434 99.488432452082634 119.13530765846372 52.721191938966513 63.216372400522232 41.458974305540323 291.12285974994302 55.596973657608032 164.24264695122838 110.5291849821806 30.019524352625012 80.981149829924107 3229.5921746427193 57.427128011360765 33.443247109651566 43.661039281636477 25.043814226984978 27.891024500131607 2568.4814594127238
leaf_count=585 25506 1249 2297 8557 6483 380199 615 701 497 761 366 426 745 555 512 273 319 3127 410 2367 1043 249 596 57565 390 215 365 215 270 27179
internal_value=1.40899e-05 0.00427534 0.00272461 -5.27933e-05 -0.00120755 0.000259908 0.000367983 0.00921747 -0.00121271 0.0170049 0.0249166 0.0335815 0.0450561 -0.00652065 -0.00781008 -0.0046154 -0.0161536 -0.0199428 0.000275687 -0.0121663 0.000511832 0.0115453 0.0292083 2.17616e-05 0.0467577 0.00234255 -0.00290068 0.0112573 0.00605997 0.00100715
internal_weight=41682 634.395 600.595 41047.6 8740.77 32306.9 32112.3 710.917 307.503 403.414 257.484 185.541 130.482 1900.17 1781.04 1299.14 481.899 412.549 6840.59 222.112 6785 278.957 168.428 6506.04 87.4467 145.931 121.426 68.7049 69.35 5798.07
internal_count=524637 4131 3546 520506 108108 412398 386892 6693 3479 3214 2238 1872 1171 12119 11564 6756 4808 4219 95989 2982 95579 2278 1235 93301 639 976 1092 580 589 84744
is_linear=0
shrinkage=0.04


Tree=196
num_leaves=31
num_cat=0
split_feature=5 13 10 3 3 11 17 10 10 10 8 10 16 3 9 12 12 10 4 4 11 11 10 10 4 16 10 4 2 9
split_gain=7.1641 12.5924 29.0247 8.9953 8.85187 23.1866 19.4877 29.0668 41.9213 31.4921 35.8515 37.096 31.0494 25.0724 22.1259 21.8384 17.9769 17.557 18.3098 20.888 25.3929 17.4558 17.5723 26.5364 26.7889 31.2848 30.6543 31.384 28.7204 23.9767
threshold=93.946643829345717 75.118892669677749 -0.43054369091987604 33.562597274780281 23.699583053588871 0.078402601182460799 -8.0237441062927228 1.0000000180025095e-35 -0.049434980377554887 -0.47652685642242426 20.875000000000004 -0.59262362122535694 -3.9450862407684322 0.76128187775611889 74.625000000000014 1.8830229640007021 1.3698877692222597 -0.82956761121749867 30.475236892700199 0.17846398800611499 -0.37645272910594935 -0.99996069073677052 -0.36747109889984125 -0.47652685642242426 34.70465278625489 14.670265674591066 -0.52124115824699391 5.5890665054321298 8.191075801849367 77.375000000000014
decision_type=2 2 2 2 2 2 2 2 2 2 2 2 2 2 2 2 2 2 2 2 2 2 2 2 2 2 2 2 2 2
left_child=4 -2 -3 -4 6 21 7 8 9 10 11 12 15 -11 16 -1 -9 18 19 -14 -21 -6 23 24 26 -26 -23 -28 -29 -24
right_child=1 2 3 -5 5 -7 -8 14 -10 13 -12 -13 17 -15 -16 -17 -18 -19 -20 20 -22 22 29 -25 25 -27 27 28 -30 -31
leaf_value=0.037008016657501516 0.015383023591892015 0.015235032831137224 -0.022910381909309746 -1.5699684386579391e-05 -0.024058418374176715 -0.021163233679063476 -3.1500016271440135e-05 0.021874400365627183 0.032666761831410304 0.013533671300265315 -0.0074101867030095837 0.026993496346451321 0.015989231769744691 -0.0083038071851343452 -0.019757321016433713 0.0086738182896777087 -0.0063935267254395921 -0.0062451104421372555 0.023975546898667863 0.010306055481520242 -0.011679684189766082 -0.00055310228315935369 -0.00085864241970884858 -0.01017430256277631 -0.011654294009023576 0.0099932456935139264 -0.0048629758069994224 0.0010604957112737296 0.037769044795036719 0.0080582767647797704
leaf_weight=73.705878142733127 123.18839792907238 90.568989828228951 61.530205823481083 44.586803242564201 42.674962865188718 83.92794091545511 33085.180250743404 41.920377306640148 77.783835921436548 95.316842094063759 207.6860612728633 172.39295343309641 144.49978345842101 416.49904978647828 126.0226212143898 108.12493816576898 108.06779602915049 209.30017709359527 77.62524679582566 142.57355824485421 177.50451469374821 2145.961073606275 1592.866002516821 610.51198508776724 589.10818010848016 121.92135819792747 81.470306158065796 52.308216519653797 91.264525011181831 681.11986843496561
leaf_count=610 646 450 296 241 327 2732 459819 259 436 673 2277 981 1722 2814 1517 720 541 1834 650 1041 2309 18315 9719 3733 3727 618 531 319 439 4341
internal_value=1.37841e-05 0.00588518 -0.000519965 -0.0141206 -3.30393e-05 -0.00143956 0.000210326 0.00386546 0.0056289 0.00430494 0.00756891 0.0104236 0.00710932 -0.00405553 -0.00806468 0.0214897 0.00238054 0.00339339 0.00715975 0.00390404 -0.00187096 -0.00112939 -0.000925409 -0.00262621 -0.00110296 -0.00785524 0.000946431 0.0146608 0.0253348 0.0018358
internal_weight=41677.2 319.874 196.686 106.117 41357.3 6093.13 35264.2 2179.02 1903.01 1825.23 1313.41 1105.73 933.334 511.816 276.011 181.831 149.988 751.503 542.203 464.578 320.078 6009.21 5966.53 3692.55 3082.03 711.03 2371 225.043 143.573 2273.99
internal_count=524637 1633 987 537 523004 44801 478203 18384 16067 15631 12144 9867 8886 3487 2317 1330 800 7556 5722 5072 3350 42069 41742 27682 23949 4345 19604 1289 758 14060
is_linear=0
shrinkage=0.04


Tree=197
num_leaves=31
num_cat=0
split_feature=8 9 14 11 10 18 10 12 11 1 10 12 9 10 10 10 14 10 13 4 4 16 11 11 11 12 9 9 14 11
split_gain=7.06569 14.6628 17.1816 16.7382 34.7605 19.5779 16.5678 18.4602 15.6125 31.0455 24.2116 21.3766 18.4693 16.3724 13.5178 16.3247 13.2465 14.7757 15.0604 13.5698 12.9218 12.7827 15.1833 12.6355 19.7349 43.6174 40.2131 17.7907 13.5833 13.1627
threshold=16.875000000000004 74.125000000000014 47.035240173339851 -0.49998149275779719 -0.80987083911895741 22.623889923095707 -0.68508586287498463 16.546585083007816 -0.26244230568408961 23.698267936706547 -0.98046803474426258 15.599800586700441 73.875000000000014 -0.99372696876525868 -0.15207348018884656 -0.55028682947158802 0.29331091046333319 0.38738232851028448 6.6207447052001962 64.31799697875978 44.724460601806648 12.709746837615969 0.026874557137489322 0.3624663800001145 0.34638161957263952 0.1959948614239693 75.875000000000014 79.625000000000014 0.63041612505912792 0.33019435405731207
decision_type=2 2 2 2 2 2 2 2 2 2 2 2 2 2 2 2 2 2 2 2 2 2 2 2 2 2 2 2 2 2
left_child=1 2 3 4 5 -1 7 20 9 -5 13 12 -12 21 15 -4 -8 19 -19 -18 -6 22 -10 24 29 -26 -27 -25 -29 -2
right_child=23 -3 14 8 6 -7 16 -9 10 -11 11 -13 -14 -15 -16 -17 17 18 -20 -21 -22 -23 -24 27 25 26 -28 28 -30 -31
leaf_value=0.034631367719360102 -0.00011003300456617167 -0.0032646361940981508 -0.019686429160612078 -0.019341992703600371 -0.020981757881839532 0.0062279674076740959 0.025241327182439984 0.0083625931856555046 0.0082957162076330356 0.008162811021299279 0.031241477649217596 -0.018936266222163392 -0.0027193949227214474 -0.013407810965143629 -0.02332934130056593 0.0051758751730646511 0.0071525658906549938 0.0030109611745360583 -0.028274406271094531 -0.0046475005409513702 0.0055021882241143719 0.024386293916398051 -0.014851760935700507 -0.01599071667104152 -0.021567401782916315 -0.0014734506713601837 0.080613210830522558 0.034310388106899757 -0.015815330266360453 -0.022822586749172587
leaf_weight=89.029658630490303 37706.419041779358 757.43359592719935 48.265373528003693 161.71123885549605 104.70576252415776 72.534601584076881 43.29493354074657 83.307573437690735 109.77821639552712 99.033643703907728 86.96511704614386 15.747237056028096 32.772709337761626 129.65792758204043 51.740058198571205 144.38448619842529 1312.645802648738 54.377926014363766 32.566189840435982 169.83455072343349 34.88707260042429 30.748927492648363 62.967157540842891 142.59034625219647 15.766953747253863 15.44634324591607 13.598732424899934 13.593924267916011 6.3547335281036785 30.870374528691173
leaf_count=456 459360 9639 208 1346 774 300 457 388 912 460 1748 190 988 1260 221 744 6484 401 172 820 223 214 512 26726 2347 598 295 2480 674 3240
internal_value=1.42271e-05 0.00167341 0.00293908 0.00385504 0.00574146 0.0229859 0.00410735 -0.00592295 -0.00131812 -0.00897973 0.00304327 0.0166715 0.0224531 -0.00282334 -0.00702983 -0.00171706 0.00552164 0.00482127 -0.0104152 0.00577866 -0.0144375 0.00423276 -0.000492733 -0.0001492 -9.98534e-05 0.0238843 0.0477621 -0.0109492 0.0183935 -0.000134654
internal_weight=41673 3728.39 2970.96 2726.57 1997.18 161.564 1835.62 222.9 729.382 260.745 468.637 135.485 119.738 333.152 244.39 192.65 1612.72 1569.42 86.9441 1482.48 139.593 203.494 172.745 37944.6 37782.1 44.812 29.0451 162.539 19.9487 37737.3
internal_count=524637 28917 19278 18105 10475 756 9719 1385 7630 1806 5824 2926 2736 2898 1173 952 8334 7877 573 7304 997 1638 1424 495720 465840 3240 893 29880 3154 462600
is_linear=0
shrinkage=0.04


Tree=198
num_leaves=31
num_cat=0
split_feature=10 8 9 9 14 10 3 0 8 10 18 4 14 13 10 12 8 12 7 17 12 10 0 10 13 3 6 11 14 10
split_gain=7.10455 11.636 9.88939 7.14765 16.4439 30.176 18.215 16.8574 16.4015 23.9117 22.0966 19.6379 22.1747 18.4736 26.0136 17.4078 16.8789 18.46 16.391 15.59 15.3473 14.9466 14.3805 17.7995 24.5997 17.5349 25.0639 24.9754 19.8788 26.8907
threshold=0.48030318319797521 19.625000000000004 74.875000000000014 73.625000000000014 42.696996688842781 -0.44600489735603327 21.893033981323246 47.897253036499031 19.125000000000004 -0.99630266427993763 27.846590995788578 0.18982599675655368 39.451059341430671 9.5204458236694354 0.1563224866986275 44.809270858764656 16.125000000000004 14.433386325836183 25.89459323883057 -11.836387634277342 1.0000000180025095e-35 0.38738232851028448 49.916387557983406 0.1732888147234917 44.902389526367195 14.15839719772339 10.444446086883547 -0.09339838474988936 15.515099525451662 -0.10088855028152464
decision_type=2 2 2 2 2 2 2 2 2 2 2 2 2 2 2 2 2 2 2 2 2 2 2 2 2 2 2 2 2 2
left_child=3 2 -2 8 -5 7 -7 -6 16 -10 13 -12 -13 18 -15 -14 17 -1 -11 -8 -18 22 25 24 -24 26 -22 -28 29 -27
right_child=1 -3 -4 4 5 6 19 -9 9 10 11 12 15 14 -16 -17 20 -19 -20 -21 21 -23 23 -25 -26 28 27 -29 -30 -31
leaf_value=0.0036616448419902908 -0.0099007377480767687 -0.025970208813806503 0.013839386146207696 -0.00011079347884705709 -0.0050516812693094729 -0.029166555240201487 -0.023438737132587751 0.020036071574230759 -0.022323990996987005 0.00096754633193606274 0.0064193978694149067 -0.013347923211495388 0.0096997213882928524 0.012668583051083012 -0.01677104631828237 -0.0086303230138963655 0.012335646187134808 -0.017826346579574187 -0.018594184839902821 0.0033710016084330962 -0.00044142460892074412 -0.0124194060959375 0.016114359909048536 -0.0094663345428921113 0.0027826277336079038 0.010211095115126937 0.0099000251197441779 -0.011277043234376456 -0.003559243962624044 -0.01217028950034181
leaf_weight=114.53345032641664 65.757663382217288 34.11365314014256 34.664468149654567 33298.896494988934 101.83929309993982 100.9604818597436 44.716366581618786 60.431608416140079 77.765572655946016 560.10335935489275 177.58584654144943 478.10609679482877 151.46853029727936 387.09436164423823 45.880891010165215 160.36664925515652 242.86553781852126 127.14818185847253 67.965528856962919 89.225665181875229 1061.3118607527576 99.380786456167698 381.87196194566786 89.000068530440331 521.16936774551868 400.02520005614497 1026.8653287738562 89.229618781711906 1476.9989379476756 99.634244233369827
leaf_count=758 1600 2800 1696 468918 548 491 217 304 900 5627 823 2262 661 2014 208 686 4106 603 429 428 7714 604 1764 374 2536 2628 4660 791 7027 460
internal_value=1.38069e-05 -0.00883912 -0.00119476 4.4605e-05 -0.000208524 -0.0081983 -0.0170857 0.00491201 0.00113193 -0.00188017 -0.00099079 -0.00533503 -0.00802474 0.00298339 0.00924079 0.000297918 0.00224051 -0.00790226 -0.00140753 -0.00658593 0.00270071 0.00223199 0.00253848 0.00684168 0.00853501 0.00149686 0.003965 0.00812185 -0.00122823 0.00559693
internal_weight=41667 134.536 100.422 41532.4 33696.1 397.173 234.903 162.271 7836.37 2106.34 2028.57 967.527 789.941 1061.04 432.975 311.835 5730.03 241.682 628.069 133.942 5488.35 5245.49 5146.11 992.041 903.041 4154.07 2177.41 1116.09 1976.66 499.659
internal_count=524637 6096 3296 518541 470906 1988 1136 852 47635 13610 12710 4432 3609 8278 2222 1347 34025 1361 6056 645 32664 28558 27954 4674 4300 23280 13165 5451 10115 3088
is_linear=0
shrinkage=0.04


Tree=199
num_leaves=31
num_cat=0
split_feature=9 10 7 10 10 7 0 10 10 3 14 16 2 4 13 12 11 10 14 3 8 4 7 11 1 5 6 14 14 17
split_gain=7.07001 18.1379 25.8817 41.4185 24.1395 24.8821 25.516 21.2724 27.28 20.9314 20.8667 20.4739 21.4273 23.3608 20.4538 20.1501 19.812 19.2834 25.694 28.0969 24.157 24.7143 23.0653 20.9833 29.1989 20.1622 19.5415 21.5122 18.9461 18.691
threshold=79.625000000000014 0.088045001029968276 5.2555959224700937 -0.98930078744888295 -0.11798679083585738 7.6525530815124521 1.8212250471115115 -0.36747109889984125 -0.38341410458087916 80.083259582519545 17.957306861877445 -28.912481307983395 0.97059944272041332 4.9347860813140878 41.935924530029304 19.126298904418949 1.0000000180025095e-35 -0.18598018586635587 0.95048254728317272 1.0000000180025095e-35 19.875000000000004 4.8538231849670419 0.040316650643944747 -0.99907308816909779 1.9827989935874941 0.24205808341503146 1.1435978412628176 5.2497117519378671 8.8297691345214862 -12.516477584838865
decision_type=2 2 2 2 2 2 2 2 2 2 2 2 2 2 2 2 2 2 2 2 2 2 2 2 2 2 2 2 2 2
left_child=-1 2 3 -2 7 -6 10 8 9 11 -7 -4 29 -14 15 -9 -15 18 20 -20 21 22 -5 24 -19 -21 -25 -28 -18 -13
right_child=1 -3 4 17 5 6 -8 14 -10 -11 -12 12 13 16 -16 -17 28 23 19 25 -22 -23 -24 26 -26 -27 27 -29 -30 -31
leaf_value=-0.00019328753548237491 -0.018044342240758404 -0.0044990913127773589 0.012600809277885334 -0.010623269446514953 0.0062130993584669815 -0.0095114793445578577 -0.023350065733892748 0.0042581794410778643 -0.023476207080866333 -0.019761209758218292 0.026112643530832088 -0.014535164268268343 -0.0071915783188102739 0.0010119093059329654 -0.015726797575600852 0.017592804492193064 -0.0044588281253644044 -0.016218636221200518 -0.0080744468824454369 -0.0086944038426231152 0.0083972557058458706 -0.008361748136034226 0.073137531024824301 -0.0011217153514508219 0.027126171919450773 0.015845024449178475 0.043449094369312241 0.0059286076844546577 0.052100188603755031 0.0087928378912819818
leaf_weight=36069.111380171846 78.975949105806649 731.38219134882092 226.9063407573849 3.5287449304014471 126.71979630738497 80.371609777212143 180.72472978383303 540.09652938693762 66.346668086946011 67.038010232150555 27.123719088733196 51.80816868878901 766.41060115140863 888.69241520669311 48.930858120322227 270.29580341279507 13.248619521968068 47.083528317511082 211.2975998101756 61.544333079364151 72.520475742639974 7.5337831513024858 22.185918139992282 29.5998400375247 34.194036863744259 235.34480206202716 95.481383681297302 36.40813185274601 14.020160023123024 558.12889875355177
leaf_count=472311 2518 8816 1469 584 867 610 1182 2736 329 588 192 462 6099 6573 247 1242 257 313 2410 906 3595 219 873 254 194 2035 650 212 198 5696
internal_value=1.20249e-05 0.00133384 0.00221861 0.00815956 0.000785858 -0.00822269 -0.0145651 0.00187056 9.05737e-05 0.000783241 0.000934767 0.00140591 0.000247857 -0.00208372 0.00730086 0.008866 0.00222168 0.0107555 0.00678769 0.00285342 0.0238113 0.0477165 0.0618872 0.0201244 0.00299086 0.0106405 0.0280705 0.0342394 0.0307977 0.00660885
internal_weight=41663.1 5593.94 4862.56 935.699 3926.86 414.94 288.22 3511.92 2652.6 2586.25 107.495 2519.22 2292.31 1682.37 859.323 810.392 915.961 856.723 613.956 508.187 105.769 33.2484 25.7147 242.767 81.2776 296.889 161.489 131.89 27.2688 609.937
internal_count=524637 52326 43510 14763 28747 2851 1984 25896 21671 21342 802 20754 19285 13127 4225 3978 7028 12245 10622 5351 5271 1676 1457 1623 507 2941 1116 862 455 6158
is_linear=0
shrinkage=0.04


Tree=200
num_leaves=31
num_cat=0
split_feature=6 2 7 10 13 15 18 10 10 10 8 13 5 18 6 10 12 6 10 10 14 10 9 14 8 16 17 17 4 14
split_gain=7.01205 14.9673 13.5375 26.0334 26.9247 24.1892 28.3292 18.6645 32.7913 24.4636 30.7188 24.2744 24.2639 19.5493 19.0426 18.2269 19.4377 17.2901 16.423 16.4111 27.7456 20.8 15.4277 19.3477 17.0279 12.0111 14.7166 11.9257 15.5977 11.9243
threshold=54.614330291748054 10.691385269165041 32.125337600708015 -0.68508586287498463 6.1329774856567392 0.93750000000000011 13.454995155334474 -0.44600489735603327 -0.3992436677217483 -0.50648479163646687 17.125000000000004 14.687447547912599 52.065231323242195 52.410787582397468 33.899541854858406 -0.20285348594188687 21.35759258270264 22.806884765625004 -0.50648479163646687 -0.74512827396392811 19.815282821655277 -0.9550008475780486 73.375000000000014 47.035240173339851 19.625000000000004 -1.5958453416824339 2.6231862306594853 -15.185159683227537 16.731261253356937 42.696996688842781
decision_type=2 2 2 2 2 2 2 2 2 2 2 2 2 2 2 2 2 2 2 2 2 2 2 2 2 2 2 2 2 2
left_child=2 -2 22 4 -4 6 18 9 -9 11 -11 -8 14 15 -13 16 -10 -17 -5 21 -21 -6 24 -24 27 26 -26 28 -1 -3
right_child=1 29 3 5 19 -7 7 8 13 10 -12 12 -14 -15 -16 17 -18 -19 -20 20 -22 -23 23 -25 25 -27 -28 -29 -30 -31
leaf_value=0.0041521434825847435 0.022654876841861404 0.010423859818352175 0.01217424135409881 0.0025829221544720138 -0.023379727381111073 -0.011708671602242027 0.021771938950604679 -0.022030285781917125 0.01884883720110234 -0.0040830292249597645 0.03145446804366564 -0.019452576610094089 0.020372727531959116 0.0097930257962670162 0.0021618224348565439 -0.030375286687731401 -0.012006672943975406 -0.004239406978069413 -0.026600686068364705 -0.0041664619464063116 -0.043628530162840608 -0.0017381308899235715 -9.1392642464888075e-05 -0.016014604071203503 0.013116206833778302 -0.0070434940736046926 -0.0067662386594315614 0.0035607596923704528 0.033807217305871953 -2.9677149915698915e-05
leaf_weight=74.339400200173259 49.370060838758945 206.72224264219403 60.256576906889677 45.566536739468575 101.57927707955241 260.04825328662992 74.289723500609398 92.582412570714951 76.846114248037338 52.96292445063591 117.66319888830185 109.52670150250196 50.809932224452496 288.05398603528738 139.62487190961838 46.988069221377373 43.81797955930233 154.71657294034958 75.959514625370502 51.254519395530224 61.522996708750725 200.59142699092627 35071.516864067758 112.51975388079882 122.64590169303119 414.55606597010046 99.597593726590276 2467.5731522399001 39.485340803861618 897.83532114326954
leaf_count=377 241 984 445 274 721 1210 379 421 368 229 517 515 223 1337 643 200 197 668 377 293 336 1000 486155 536 738 3353 515 16884 200 4301
internal_value=1.23147e-05 0.00307335 -7.56227e-05 -0.00319142 -0.0113253 -0.000764715 0.00138334 0.00322069 -0.00109344 0.0087062 0.0208082 0.00279082 -0.00246087 0.00238594 -0.00772382 -0.00432819 0.0075826 -0.0114751 -0.0162938 -0.0149439 -0.0274941 -0.00952917 9.59274e-05 -0.000146852 0.00274242 -0.00307995 0.00429828 0.00418507 0.0163388 0.00200271
internal_weight=41660.8 1153.93 40506.9 2104.66 475.205 1629.46 1369.41 1247.88 703.005 544.877 170.626 374.251 299.962 610.423 249.152 322.369 120.664 201.705 121.526 414.948 112.778 302.171 38402.2 35184 3218.2 636.8 222.243 2581.4 113.825 1104.56
internal_count=524637 5526 519111 10353 2795 7558 6348 5697 3191 2506 746 1760 1381 2770 1158 1433 565 868 651 2350 629 1721 508758 486691 22067 4606 1253 17461 577 5285
is_linear=0
shrinkage=0.04


Tree=201
num_leaves=31
num_cat=0
split_feature=8 7 10 10 9 12 9 2 16 8 4 7 14 11 10 10 6 8 10 11 10 4 12 10 10 14 7 11 12 10
split_gain=7.09458 11.3403 10.6161 8.37633 10.9466 10.1011 8.84472 7.64807 12.5147 11.1095 9.49643 9.03318 28.9083 39.7791 27.2257 37.1442 24.831 31.3619 31.1229 50.1237 46.4397 31.5366 32.5507 49.2106 31.0317 44.1541 45.9952 60.3155 43.3407 42.2578
threshold=15.875000000000002 13.132728099823 -0.64659911394119252 0.46514528989791876 76.125000000000014 4.7028636932373056 73.375000000000014 111.2397804260254 -4.0818779468536368 19.375000000000004 1.0523403286933901 10.805946826934816 1.926909923553467 -0.98932650685310353 -0.56456753611564625 -0.93235439062118519 11.052155494689943 18.375000000000004 -0.98930078744888295 -0.024725049734115597 -0.99630266427993763 0.78665006160736095 1.0000000180025095e-35 -0.99275806546211232 -0.9599599540233611 0.47058363258838659 0.89996746182441723 -0.22909598052501676 0.23887918144464496 -0.98803845047950734
decision_type=2 2 2 2 2 2 2 2 2 2 2 2 2 2 2 2 2 2 2 2 2 2 2 2 2 2 2 2 2 2
left_child=1 -1 -3 7 5 6 -5 11 9 -9 -10 16 13 -13 15 -15 18 -18 19 -2 -21 -22 23 -23 25 26 29 -28 -27 -20
right_child=3 2 -4 4 -6 -7 -8 8 10 -11 -12 12 -14 14 -16 -17 17 -19 24 20 21 22 -24 -25 -26 28 27 -29 -30 -31
leaf_value=0.0112691827947594 -0.013281001853556261 -0.0089379962399486184 0.0044946547797794154 -0.015862152738741284 -0.020201424600739912 -0.024829739330289823 0.0061942424014047835 0.0056634866519222364 -0.0021712096865789728 -0.010546341745994611 0.020376307022073839 -0.017025104701666231 -0.0010760559539738168 0.031812061023371946 0.062880133555372808 -0.023021777702239645 0.010995704007793386 0.0015555949853329634 0.057532116431898234 0.0045574212662209826 -0.023000091938246571 -0.013128102746320629 -0.010354401712355684 0.055767939461002378 -0.00020801554929946334 -0.0082239243522082301 0.050349416816791351 0.008031793935331202 0.0052386032616626573 -0.0014035773231185727
leaf_weight=221.235287980875 712.90075503848493 128.47817235253751 284.01562505960464 26.540153350681067 64.542272600810975 16.27144886739552 134.25324579607695 194.64235956594348 38.163711417466402 91.061150658875704 103.26259075850248 31.809762476012111 13655.900347676594 48.417323731817305 20.436754319816828 21.273036504164338 708.23555374448188 2627.6370604699478 11.194073881953953 943.90717835538089 188.46405210206285 25.619936824776232 135.04072576481849 25.089177309535444 18687.293615664355 495.57740293024108 97.658376771956682 117.07412021793425 1566.8372955955565 233.72655827086419
leaf_count=2090 16900 769 1272 499 4625 256 4070 971 240 559 553 371 94903 899 234 409 5818 22655 94 17421 6807 1110 3076 1049 293290 11892 769 2312 20391 8333
internal_value=1.14854e-05 0.00417818 0.000198302 -5.38851e-05 -0.00732984 -0.00180889 0.00183809 -8.99256e-06 0.0052535 0.000315058 0.0145503 -6.59814e-05 -0.000896791 0.0177393 0.0304841 0.0142855 0.000364908 0.00358669 -9.88833e-05 -0.00481659 -0.000173113 -0.0119133 -6.42709e-05 0.0245306 0.000354944 0.00451055 0.0155826 0.0286615 0.00197962 0.00344127
internal_weight=41656.6 633.729 412.494 41022.8 241.607 177.065 160.793 40781.2 427.13 285.704 141.426 40354.1 13777.8 121.937 90.1271 69.6904 26576.3 3335.87 23240.4 2031.02 1318.12 374.214 185.75 50.7091 21209.4 2522.07 459.653 214.732 2062.41 244.921
internal_count=524637 4131 2041 520506 9450 4825 4569 511056 2323 1530 793 508733 96816 1913 1542 1308 411917 28473 383444 46363 29463 12042 5235 2159 337081 43791 11508 3081 32283 8427
is_linear=0
shrinkage=0.04


Tree=202
num_leaves=31
num_cat=0
split_feature=6 7 11 10 10 4 14 8 2 10 11 9 14 4 13 10 6 10 12 17 10 10 3 8 13 5 10 9 8 9
split_gain=6.89921 23.3763 40.8171 35.7047 29.6874 29.1613 26.8493 25.6672 23.1843 22.5996 21.0465 42.1498 41.8237 28.7556 27.3572 27.2025 26.1168 22.6869 21.9403 44.539 33.2264 24.3738 26.8991 23.1483 25.8124 23.5252 19.8321 29.975 33.6693 20.7676
threshold=27.090001106262211 13.572195529937746 -0.9970029592514037 -0.59262362122535694 -0.63338240981101979 64.31799697875978 21.488637924194339 17.125000000000004 2.3174380064010625 -0.68508586287498463 -0.09339838474988936 77.625000000000014 10.469696044921877 12.595489501953127 0.48013517260551458 -0.83904919028282154 13.021668434143068 -0.99904707074165333 0.12264158204197885 -7.7320113182067862 -0.92599865794181813 -0.81984052062034596 42.648490905761726 18.625000000000004 3.9097638130187993 13.932707309722902 -0.84828248620033253 78.875000000000014 20.625000000000004 75.625000000000014
decision_type=2 2 2 2 2 2 2 2 2 2 2 2 2 2 2 2 2 2 2 2 2 2 2 2 2 2 2 2 2 2
left_child=1 -1 8 4 5 9 -5 -6 -3 10 12 13 14 -12 -4 -16 -13 -15 19 -14 -20 22 26 25 -25 -23 27 -22 -29 -28
right_child=-2 2 3 6 7 -7 -8 -9 -10 -11 11 16 18 17 15 -17 -18 -19 20 -21 21 23 -24 24 -26 -27 29 28 -30 -31
leaf_value=0.00028921131593554763 0.0014139520971186484 -0.029174051487605018 0.015759379634461404 0.0042314073256687216 0.01242487867531112 0.0078745229699509409 -0.0040264134810575215 -0.026455133103529763 -0.0080276394383907452 0.0060402062571408809 -0.01463851580192402 0.065384818894260635 0.037385682259589881 0.03343007704813377 -0.026585114182920592 -0.0081944901300856233 -0.00222550351437289 -0.000704265634071253 -0.015670147203145565 -0.022884410695863226 -0.0044265293082435559 -0.014038293765487682 -0.016523927194933851 0.017420443873397785 -0.017885526762298955 0.011905243647779885 0.032563555388343851 0.036175528114338905 -0.0088094913425271117 -0.00017498949463266682
leaf_weight=30263.999623887823 4939.4265792453662 113.19540603086352 31.983152261003852 2008.2392773348838 26.657844441011548 312.785215215059 906.69456967711449 146.694116698578 292.45082738995552 264.84217709675431 128.76270247157663 16.396355910226706 44.636088199913502 37.846584947779775 302.89835064485669 239.78806306794286 13.008325995877383 88.150786488549784 345.95427917316556 22.341299910098314 262.74759238958359 79.047892302274704 76.398283328860998 29.207304060459137 293.00710125267506 140.92139974981546 76.427257500588894 63.121509328484535 36.689520843327045 48.176503404974937
leaf_count=452376 25420 1025 357 12448 175 2543 4862 1666 1724 2008 1808 321 420 306 3173 1993 219 999 3599 253 1796 526 519 276 1968 661 329 345 225 297
internal_value=1.20227e-05 -0.000176928 -0.00236148 -0.0015249 -0.00448619 -0.00350404 0.00165782 -0.0201247 -0.0144885 -0.00487558 -0.00611174 0.00399037 -0.00749553 -0.00189186 -0.0165969 -0.0187544 0.0425004 0.0112531 -0.00396551 0.0169205 -0.0050383 -0.00160129 0.00418985 -0.00758762 -0.0142572 0.00237717 0.00770527 0.00275547 0.0203431 0.020833
internal_weight=41652.5 36713.1 6449.07 6043.42 3128.49 2955.14 2914.93 173.352 405.646 2642.35 2377.51 284.165 2093.35 254.76 574.67 542.686 29.4047 125.997 1518.68 66.9774 1451.7 1105.74 563.561 542.184 322.214 219.969 487.162 362.559 99.811 124.604
internal_count=524637 499217 46841 44092 26782 24941 17310 1841 2749 22398 20390 3653 16737 3113 5523 5166 540 1305 11214 673 10541 6942 3511 3431 2244 1187 2992 2366 570 626
is_linear=0
shrinkage=0.04


Tree=203
num_leaves=31
num_cat=0
split_feature=9 17 10 7 11 8 13 10 10 10 13 14 12 11 10 3 4 4 14 10 18 10 6 7 10 10 11 4 6 6
split_gain=6.98783 22.8955 22.9893 23.3649 30.9826 22.1876 24.248 20.2543 94.1364 31.8023 47.6257 96.7736 35.2578 44.3162 44.9745 31.2852 26.9193 24.8814 41.5276 28.4249 24.8799 24.6083 19.5152 32.3386 51.2148 43.6269 43.6196 41.8908 41.2802 36.383
threshold=78.625000000000014 19.190641403198246 0.3393120169639588 0.69654572010040294 -0.96904978156089772 21.125000000000004 0.74344807863235485 -0.81984052062034596 -0.76762619614601124 -0.733546882867813 4.7292420864105233 3.161729216575623 1.9725170731544497 -0.99552518129348744 0.05372969992458821 39.980234146118171 80.624240875244155 10.4285945892334 9.5496811866760272 -0.78921556472778309 41.210546493530281 -0.30265928804874415 25.187973022460941 10.805946826934816 -0.84828248620033253 -0.80987083911895741 -0.024725049734115597 12.595489501953127 15.494266510009767 7.80342721939087
decision_type=2 2 2 2 2 2 2 2 2 2 2 2 2 2 2 2 2 2 2 2 2 2 2 2 2 2 2 2 2 2
left_child=22 2 3 4 -2 7 -7 16 17 10 11 -10 13 14 -11 -15 -5 -9 19 -19 -12 -17 23 29 26 -26 28 -28 -25 -1
right_child=1 -3 -4 5 -6 6 -8 8 9 12 20 -13 -14 15 -16 21 -18 18 -20 -21 -22 -23 -24 24 25 -27 27 -29 -30 -31
leaf_value=-0.00088159428260658123 0.039354404186705931 -0.0091307953310428708 -0.0099302533081828195 0.0050075013346490361 0.0059665291841033063 0.01051988786211781 -0.0043716768824636721 -0.031879302791039434 -0.020098773611147074 0.00127019914671251 -0.011079195972129871 0.072305200105990078 0.0037828466867648142 -0.010317261197534249 0.039599587666951985 -0.0055072645772171894 0.035241354658908097 -0.0092524363062846966 -0.028808902572820469 0.043453071159863542 0.022333864239061248 0.036342776596112278 0.0021547450618600514 -0.018325456936105072 0.01424559095520603 -0.0019393463323163663 -0.010702839848448265 0.016733206281531438 -0.004714797546792761 0.0029297906221543539
leaf_weight=16189.515687791398 47.641568321734667 336.36076333746314 270.53840669151396 1921.5102107920684 217.14082179381512 187.6014479144942 1541.5454006246291 154.13873470574617 21.926064189523458 223.54112441837788 77.991475589573383 43.815226841717958 3222.2364963516593 886.32131833024323 52.981780558824539 41.823987305164337 38.679364203475416 26.801833547651768 50.5515141710639 23.020164467394352 50.11692001670599 33.537473991513252 4551.3512248108163 757.37610015831888 275.13943319022655 4067.364407511428 158.83034307986964 179.29677676502615 683.15092440694571 5314.4354544748785
leaf_count=305293 441 2268 6596 25082 9658 3165 11995 1382 214 1869 552 385 19807 7720 478 294 381 265 404 229 275 176 22835 9147 1543 29398 2722 2115 5786 52162
internal_value=1.17985e-05 0.000966295 0.00134772 0.00170278 0.0131875 0.0013342 -0.00270484 0.00235341 0.000976156 0.00229065 0.0177445 0.0429019 0.00158084 -0.00413395 0.00973987 -0.00818242 0.00577993 -0.0222399 -0.00589002 0.018293 0.0026629 0.0151926 -0.000269331 -0.000669343 -0.00323193 -0.000883501 -0.0089285 0.00390828 -0.0119478 6.12663e-05
internal_weight=41646.3 9469.82 9133.46 8862.92 264.782 8598.14 1729.15 6868.99 4908.8 4654.29 193.85 65.7413 4460.44 1238.21 276.523 961.683 1960.19 254.512 100.374 49.822 128.108 75.3615 32176.5 27625.1 6121.16 4342.5 1778.65 338.127 1440.53 21504
internal_count=524637 93636 91368 84772 10099 74673 15160 59513 34050 31770 1426 599 30344 10537 2347 8190 25463 2280 898 494 827 470 431001 408166 50711 30941 19770 4837 14933 357455
is_linear=0
shrinkage=0.04


Tree=204
num_leaves=31
num_cat=0
split_feature=8 11 10 10 17 5 11 3 11 10 14 13 15 9 4 13 10 17 8 6 10 4 7 1 10 9 11 13 11 8
split_gain=6.76202 8.61013 11.4426 13.5482 14.8216 10.7051 13.8202 10.3862 7.26141 27.961 54.0818 40.0897 49.1905 61.3955 39.8838 33.8915 33.2299 29.5056 29.8739 28.4273 55.2182 43.303 57.7647 86.0299 58.4849 56.5919 56.8657 50.1041 40.1933 55.6295
threshold=21.625000000000004 -0.09339838474988936 -0.31900864839553827 -0.72174841165542591 -0.38816043734550471 7.2665214538574228 -0.98372924327850331 6.6170246601104745 -0.92602273821830738 -0.47652685642242426 8.9462265968322772 35.304197311401374 0.93750000000000011 77.875000000000014 8.2497897148132342 9.0880498886108416 -0.44600489735603327 -1.4027475118637083 19.125000000000004 14.404414653778078 -0.52124115824699391 1.7375913858413699 8.3169507980346697 10.59190893173218 -0.50648479163646687 78.125000000000014 0.026874557137489322 0.25121426582336431 -0.39233249425888056 19.375000000000004
decision_type=2 2 2 2 2 2 2 2 2 2 2 2 2 2 2 2 2 2 2 2 2 2 2 2 2 2 2 2 2 2
left_child=8 2 3 7 -5 6 -4 -2 -1 19 14 12 -12 -14 16 -16 -11 18 -18 21 -21 22 23 27 -24 26 -23 28 -10 -30
right_child=1 -3 5 4 -6 -7 -8 -9 9 10 11 -13 13 -15 15 -17 17 -19 -20 20 -22 25 24 -25 -26 -27 -28 -29 29 -31
leaf_value=0.00064055747082548205 -0.0060819039464639155 -0.015003545849765734 0.024686390831223544 0.0027353083866272503 0.041407469502122457 -0.021246927905351178 -0.0095758075313555294 0.022583713608535918 -0.017495132656979266 -0.019850498460734816 -0.016742212875743723 0.00038512027783237936 -0.023448418445915966 0.039370051477737145 0.0057264364490266549 0.037931926243665259 -0.001118487618517025 -0.0018392817853720564 0.032682168967138561 0.0011886026210260465 0.014202470306751223 -0.0068028129147490683 -0.0090082741098868515 0.013377161491233693 0.03045331011934244 0.0024219669268064079 0.0045582897558418441 0.0026762056347715908 0.00990608938843472 -0.010572674299225867
leaf_weight=15996.083244977519 55.360417881980538 17.732046712771989 24.64504886046052 26.268701484426856 36.758381070569158 23.075428169220686 32.861012599430978 19.514247916638851 357.67545992042869 139.76368572004139 918.68404061719775 440.86851989477873 34.061390787363052 49.663824036717415 199.57471229229122 63.214165113866329 82.439970549196005 1668.3026395267807 73.630524365231395 5382.1513191007543 567.9700932353735 4683.2285984540358 1109.3234987359028 1011.6551313321106 53.843128181993961 2246.8022577766096 822.27583881211467 4655.4774860702455 367.74827109312173 474.70516822661739
leaf_count=153090 774 978 415 359 397 276 653 279 8959 2642 6699 2293 280 299 2173 431 1323 33115 1019 37830 2897 63812 13967 11960 424 26389 22607 80978 16527 30792
internal_value=1.24987e-05 0.00662177 0.00895671 0.0155805 0.0278712 -0.00284737 0.00658952 0.00316968 -2.68024e-05 -0.00044712 -0.00367138 -0.00967385 -0.014058 0.0140389 0.000244688 0.01458 -0.00173743 -0.000249152 0.0158356 9.8826e-05 0.00245259 -0.000789538 0.00126841 0.00266639 -0.00693758 -0.0029202 -0.00510078 0.000796273 -0.00645812 -0.00162193
internal_weight=41635.4 236.215 218.483 137.902 63.0271 80.5815 57.5061 74.8747 41399.1 25403.1 3670.2 1443.28 1002.41 83.7252 2226.93 262.789 1964.14 1824.37 156.07 21732.9 5950.12 15782.7 8030.43 6867.26 1163.17 7752.31 5505.5 5855.61 1200.13 842.453
internal_count=524637 4131 3153 1809 756 1344 1068 1053 520506 367416 50274 9571 7278 579 40703 2604 38099 35457 2342 317142 40727 276415 163607 149216 14391 112808 86419 137256 56278 47319
is_linear=0
shrinkage=0.04


Tree=205
num_leaves=31
num_cat=0
split_feature=8 9 14 8 13 5 10 11 10 2 3 11 11 11 12 9 9 11 4 8 11 13 7 7 3 10 10 6 10 13
split_gain=6.76621 13.6745 16.5023 17.3024 28.7028 18.1469 20.7925 14.8942 16.4435 13.4059 14.9165 12.1281 12.068 18.4307 40.4293 35.9229 16.38 12.6633 12.4778 11.9991 18.6655 15.1534 13.1772 12.6894 12.4822 12.2161 41.0808 13.534 11.9752 48.2895
threshold=16.875000000000004 74.125000000000014 52.571302413940437 16.375000000000004 5.0454072952270517 20.643143653869632 0.1563224866986275 -0.98372924327850331 -0.9769422411918639 0.11626018211245538 14.682184696197512 -0.99273797869682301 0.3624663800001145 0.34638161957263952 0.1959948614239693 75.875000000000014 79.875000000000014 0.33019435405731207 0.3193181455135346 16.125000000000004 -0.14463099837303159 28.346517562866214 8.6083817481994647 0.87136271595954906 0.37422093749046331 -0.59262362122535694 -0.15207348018884656 3.6489169597625737 -0.99940761923789967 2.1694281101226811
decision_type=2 2 2 2 2 2 2 2 2 2 2 2 2 2 2 2 2 2 2 2 2 2 2 2 2 2 2 2 2 2
left_child=1 2 3 4 7 -5 -7 -1 -9 -10 -11 -6 13 17 -15 -16 -14 28 -18 21 22 24 25 -22 -3 -21 27 -27 29 -2
right_child=12 19 -4 5 11 6 -8 8 9 10 -12 -13 16 14 15 -17 18 -19 -20 20 23 -23 -24 -25 -26 26 -28 -29 -30 -31
leaf_value=-0.014341053151462809 -0.019285216699864709 0.012975666995689082 -0.0095534846629407311 0.0028733333510840187 0.0079038674353027957 0.016040309307260948 -0.0081193795329761939 -0.00071043292016023045 0.009429631824728852 0.043147064386558624 0.0048318278709032353 -0.0027586627462428664 -0.015257740135434078 -0.021335110505206877 -0.0015119890968146945 0.07530721809060191 -0.010284453968076555 -0.02255068317225806 0.039374115665235569 -0.01710075720050018 0.035587727777909264 0.015159570551288573 -0.026070379094585788 0.00012921308760537959 -0.0074347821986130228 0.00071000137329632466 -0.015115961981430438 0.037034337219478311 -3.0090197360748287e-05 0.0065387486706200747
leaf_weight=21.081654515117407 223.66924103163183 52.36944093531929 152.73748324066401 652.13753247703426 188.22219178825617 434.4094061460346 59.168279409408569 66.757990390062332 82.827005971921608 57.151408969890326 25.097445250954479 1226.1831095572561 144.51380007981788 15.456389053724704 15.470504066906871 14.635229600593446 8.7574345159810054 30.273990636924282 8.0463149871211481 103.86216451413929 12.350007873028515 94.200081862509251 69.50858380459249 58.456950505031273 200.86846170225181 26.466493137180805 102.3728350084275 34.977949781343341 37223.492475382984 222.287782240659
leaf_count=156 8993 666 756 5590 861 2090 255 713 1314 694 200 6649 27390 2347 598 295 1775 3240 715 1818 390 421 692 1375 1667 570 1681 359 446400 3967
internal_value=1.27119e-05 0.00163798 0.00286084 0.00356635 0.000953026 0.00732828 0.0130404 0.0130917 0.0160762 0.0225176 0.0332467 -0.00129422 -0.000147227 -9.91245e-05 0.0229218 0.0452977 -0.0107396 -0.000133018 0.0193125 -0.00313753 -0.00770995 0.00229733 -0.0115988 0.0099525 -0.00288133 -0.00703737 -4.02934e-05 0.0236774 -0.000109021 -0.00655213
internal_weight=41627.8 3721.21 2965.77 2813.04 1667.32 1145.72 493.578 252.916 231.834 165.076 82.2489 1414.41 37906.6 37745.3 45.5621 30.1057 161.318 37699.7 16.8037 755.433 407.995 347.438 337.188 70.807 253.238 267.679 163.817 61.4444 37669.4 445.957
internal_count=524637 28917 19278 18522 10587 7935 2345 3077 2921 2208 894 7510 495720 465840 3240 893 29880 462600 2490 9639 6885 2754 5120 1765 2333 4428 2610 929 459360 12960
is_linear=0
shrinkage=0.04


Tree=206
num_leaves=31
num_cat=0
split_feature=15 10 10 13 3 10 10 12 2 8 4 12 9 14 8 10 9 7 10 6 7 11 10 9 10 8 14 15 3 3
split_gain=6.71017 32.084 39.147 17.4897 28.2987 35.5357 32.6687 25.6031 19.1919 18.625 18.1876 15.2607 15.1088 15.5589 13.5281 15.7036 17.6627 13.3663 13.2918 12.4125 12.8841 12.9707 49.2422 85.8144 42.9676 59.0822 68.5578 51.7212 35.0417 34.8802
threshold=0.93750000000000011 0.05372969992458821 0.25725142657756811 19.950161933898929 8.8101391792297381 -0.76762619614601124 -0.69751432538032521 50.000188827514656 4.8071486949920663 19.125000000000004 25.293042182922367 44.809270858764656 78.625000000000014 16.138819694519047 18.375000000000004 -0.91246706247329701 78.375000000000014 21.266276359558109 -0.10088855028152464 33.899541854858406 40.303304672241218 -0.90892156958580006 -0.47652685642242426 77.625000000000014 -0.35141934454441065 19.875000000000004 2.2237510681152348 1.0000000180025095e-35 4.9148342609405526 2.8442682027816777
decision_type=2 2 2 2 2 2 2 2 2 2 2 2 2 2 2 2 2 2 2 2 2 2 2 2 2 2 2 2 2 2
left_child=19 3 -3 10 5 11 -7 12 -9 -6 -2 -5 13 -8 -13 16 -16 -11 -10 20 21 24 -23 28 25 27 -27 -1 -24 -29
right_child=1 2 -4 4 9 6 7 8 18 17 -12 14 -14 -15 15 -17 -18 -19 -20 -21 -22 22 23 -25 -26 26 -28 29 -30 -31
leaf_value=-0.011028536868497998 -0.01377003019375825 -0.025808267303068011 0.012414353238124898 0.011542078532761384 0.0010661782297352439 0.036856734474183209 -0.013745099757865413 -0.012888120165607055 0.0023946206741110167 -9.7923144878088765e-05 0.016282600171670415 0.0080507932934003046 0.031479441846322474 0.020431063472399855 -0.018972578579519676 -0.02981419980876833 0.018781347768119981 -0.015316485866470454 0.026683762860190269 0.0028885877217433992 -0.0075536850007457673 -3.294008157068521e-05 0.00219398439187084 -0.020742485344127523 0.00023092071309147735 0.0491488492334195 0.010691113102111112 0.026687314224455593 -0.013668865906745833 -0.0003608984619646735
leaf_weight=370.04468847252429 231.38241657102481 161.41478873044252 50.411551848053932 48.450652318075299 602.6911838427186 66.884886004030704 29.415355581790209 94.691270302981138 157.24231641367078 142.10716731101274 28.608080558478832 35.024300797842443 83.69910803437233 37.541708383709192 34.092932486906648 68.425841815769672 26.129223600029945 254.34668597951531 37.718461610376835 2442.8843270931393 352.50528936833143 19619.325284646242 986.99919254239649 505.24958785716444 13820.493381595239 75.031256858259439 679.04553952440619 120.8303279876709 277.06247981172055 182.32742338627577
leaf_count=4934 2098 1128 271 398 2994 316 239 732 829 1041 207 243 398 220 416 461 288 1336 229 11966 1803 306385 19832 8403 147488 614 4475 880 2952 1061
internal_value=1.31044e-05 -0.00213671 -0.0165623 -0.000516687 0.000964903 0.00696312 0.0126401 0.00822475 0.00108298 -0.00337961 -0.00998259 -0.0065688 0.0210335 0.00558181 -0.0122859 -0.0180039 -0.00225002 -0.00999808 0.00816639 0.000133029 -4.96894e-05 2.45534e-05 -0.000610813 -0.00698246 0.000915623 0.00749793 0.0151109 -0.00112593 -0.0013629 0.0109277
internal_weight=41622.1 2190.28 211.826 1978.45 1718.46 719.316 507.193 440.308 289.652 999.145 259.99 212.123 150.656 66.9571 163.672 128.648 60.2222 396.454 194.961 39431.8 36988.9 36636.4 21388.6 1769.31 15247.8 1427.28 754.077 673.202 1264.06 303.158
internal_count=524637 13844 1399 12445 10140 4769 2963 2647 1790 5371 2305 1806 857 459 1408 1165 704 2377 1058 510793 498827 497024 337572 31187 159452 11964 5089 6875 22784 1941
is_linear=0
shrinkage=0.04


Tree=207
num_leaves=31
num_cat=0
split_feature=8 14 11 11 10 14 14 10 4 12 3 12 10 13 16 13 8 14 10 10 4 12 14 10 7 9 10 10 4 17
split_gain=6.41155 10.6775 12.9581 9.37336 8.43399 41.0519 34.0068 32.4076 33.6595 55.2681 26.9936 27.0226 51.1781 30.1321 26.5431 30.7283 35.2392 27.2606 26.2473 30.3834 25.7922 23.0931 23.0321 23.2642 35.8924 37.0364 27.4332 29.0561 22.8625 22.7225
threshold=15.875000000000002 2.011797428131104 -0.91595870256423939 -0.96234029531478871 -0.01505099539645016 11.711258888244631 0.0044701735023409137 -0.049434980377554887 1.4954823255538943 13.646110534667971 80.083259582519545 16.872575759887699 0.30675521492958074 3.8457665443420415 0.28073586523532873 11.109593868255617 19.125000000000004 2.4973345994949345 0.088045001029968276 0.12225609645247461 35.709152221679695 38.97157287597657 52.571302413940437 0.27383534610271459 8.5113677978515643 76.625000000000014 0.22386012226343158 0.1732888147234917 1.080802917480469 -3.2277581691741939
decision_type=2 2 2 2 2 2 2 2 2 2 2 2 2 2 2 2 2 2 2 2 2 2 2 2 2 2 2 2 2 2
left_child=1 -1 3 -3 6 21 -2 -8 9 29 11 12 13 18 15 16 -10 -18 -7 -20 -15 -6 23 24 -13 26 27 28 -26 -9
right_child=4 2 -4 -5 5 10 7 8 14 -11 -12 22 -14 20 -16 -17 17 -19 19 -21 -22 -23 -24 -25 25 -27 -28 -29 -30 -31
leaf_value=0.023263131141829964 -0.016185902041329567 0.0034250786594223303 -0.0027246337733082032 0.019126398474302059 0.00051987246202675019 -0.01679109757772726 0.00015877159879965021 0.0084212231217031114 0.0036748694948098167 0.024206509162020124 0.011428189837991806 0.020371447316095716 0.022666114583461523 -0.021125940668509872 0.0021829608781390188 0.00094361335406794287 0.0084144273884547791 0.051902784361075226 0.042913444873236797 -0.0049654813412782885 0.0052991737636147174 -0.023510091894802135 -0.026848250293560673 -0.015555221895423342 -0.012066836191917814 -0.024404731105334788 0.023167713216707856 -0.019923858101494215 0.009983600379237529 -0.019317853229182828
leaf_weight=33.012957988074049 190.18752565525938 183.97745851427317 331.56170134828426 85.382952727377415 6778.0412473687902 54.407161165028811 31356.208741232054 58.589562935754657 55.065422903746367 86.213923860341311 119.02954638004303 125.40850611776114 52.3567114174366 606.79226563125849 145.42995858378708 71.740956544876099 34.781845947727561 99.554185748100281 29.091955509036779 42.367035914212465 61.421473100781441 54.597993206232786 49.799680411815643 139.58275044709444 96.590176712721586 91.999185014516115 72.273709028959274 99.497276581823826 248.84364629164338 161.7019417732954
leaf_count=560 25506 843 2319 409 95579 560 380199 615 701 497 555 881 262 4497 976 366 460 711 179 352 365 410 218 722 449 1032 369 576 1102 2367
internal_value=1.31779e-05 0.00397355 0.00255039 0.00890864 -4.90386e-05 -0.00115187 0.000249402 0.000351887 0.00872412 -0.00129635 -0.00635361 -0.00760659 -0.0127299 -0.0153166 0.0161281 0.0235272 0.031605 0.042006 0.00247358 0.0174019 -0.0186547 0.000293777 -0.00282725 -0.00117069 0.00173469 -0.00236883 0.00193942 -0.00194232 0.00365183 -0.0118949
internal_weight=41615.5 633.935 600.922 269.36 40981.6 8722.1 32259.5 32069.3 713.078 306.505 1889.46 1770.43 846.437 794.08 406.572 261.142 189.401 134.336 125.866 71.459 668.214 6832.64 923.995 874.195 734.612 609.204 517.205 444.931 345.434 220.292
internal_count=524637 4131 3571 1252 520506 108108 412398 386892 6693 3479 12119 11564 6215 5953 3214 2238 1872 1171 1091 531 4862 95989 5349 5131 4409 3528 2496 2127 1551 2982
is_linear=0
shrinkage=0.04


Tree=208
num_leaves=31
num_cat=0
split_feature=6 16 7 8 10 10 10 9 14 0 11 11 3 10 12 14 18 8 13 17 7 11 10 11 14 11 10 3 12 3
split_gain=6.3846 14.7091 11.978 12.8005 11.7879 10.2426 7.93128 7.76707 20.902 18.6335 15.9192 20.2751 38.648 64.6739 55.4707 25.0357 33.0837 22.1981 16.8492 15.5021 21.8973 23.3166 24.0021 16.8333 15.3516 27.6486 66.4341 28.5538 28.3235 27.0311
threshold=75.043735504150405 -14.768566608428953 64.618377685546889 17.125000000000004 -0.15207348018884656 -0.56456753611564625 -0.53584328293800343 73.625000000000014 47.035240173339851 31.058379173278812 -0.99983122944831837 -0.99273797869682301 1.6825788617134096 -0.049434980377554887 2.0717931985855107 10.338606834411623 25.372586250305179 18.875000000000004 16.717338562011722 -15.185159683227537 37.219501495361335 -0.34436371922492975 -0.61997824907302845 -0.92272481322288502 20.346137046813968 -0.96904978156089772 -0.35141934454441065 2.5144295692443852 29.241547584533695 0.12342590466141702
decision_type=2 2 2 2 2 2 2 2 2 2 2 2 2 2 2 2 2 2 2 2 2 2 2 2 2 2 2 2 2 2
left_child=2 4 7 -4 5 -2 -5 10 -9 -10 -1 12 13 -12 -14 -16 -17 -18 -15 20 21 22 -13 -24 29 28 27 -27 -26 -21
right_child=1 -3 3 6 -6 -7 -8 8 9 -11 11 19 14 18 15 16 17 -19 -20 24 -22 -23 23 -25 25 26 -28 -29 -30 -31
leaf_value=-0.012376390747751462 -0.0093543407110044958 0.012388497556426797 0.007356240368100217 -0.024380775350115735 -0.019199177370642456 0.011956261629720188 -0.0055955337492428585 -0.00015984699220143465 -0.0245626411800039 -0.0017097718591720169 -0.014815937160583076 0.035463869212730932 -0.027062334736790462 0.0533378481658867 0.032985676204009329 -0.010652270398002903 0.017632155588819916 -0.0041947140063349191 0.017478732715927689 -0.0039078534329882045 -5.7286995805448537e-05 -0.0084145499783895537 0.020747063735415266 -0.0066393938254944752 -0.025903451832381959 0.016498049545526347 0.017590447458396677 -0.0057437154626554209 -0.0034057732841819349 0.0035610126869079399
leaf_weight=125.93017984181643 53.435641944408417 196.7039305344224 47.360084109008312 68.082977429032326 43.094728425145149 74.724400989711285 81.272219076752663 33471.160286540864 96.064725272357464 127.14125116169453 42.14546125382185 89.398582398891449 75.812213465571404 60.839832209050655 45.841664150357246 150.00137415528297 243.63097986578941 100.89436759054661 49.850237891077995 1056.7780021813232 339.40978951752186 49.241768948733807 67.600567415356636 59.895880907773972 141.89137777686119 90.093760699033737 260.6929362565279 1243.8737677410245 226.89777916669846 2833.2298810523935
leaf_count=595 236 998 232 329 187 443 371 474990 490 605 217 419 429 300 203 650 1078 418 212 10648 1649 413 287 267 614 446 1228 5771 1013 18899
internal_value=1.314e-05 0.0051883 -3.42756e-05 -0.00963879 -0.00330908 0.00303697 -0.0151513 1.40884e-05 -0.000243042 -0.0121768 0.00119094 0.00144409 0.00754051 0.0248838 0.00291004 0.00753039 0.00456371 0.0113021 0.0399747 0.000707708 0.00674598 0.0151102 0.0205865 0.00833416 7.26026e-05 -0.00280233 -0.000491651 -0.00412997 -0.0125171 0.00152717
internal_weight=41613 367.959 41245 196.715 171.255 128.16 149.355 41048.3 33694.4 223.206 7353.95 7228.02 769.016 152.836 616.181 540.368 494.527 344.525 110.69 6459 605.547 266.137 216.895 127.496 5853.46 1963.45 1594.66 1333.97 368.789 3890.01
internal_count=524637 1864 522773 932 866 679 700 521841 476085 1095 45756 45161 3507 729 2778 2349 2146 1496 512 41654 3035 1386 973 554 38619 9072 7445 6217 1627 29547
is_linear=0
shrinkage=0.04


Tree=209
num_leaves=31
num_cat=0
split_feature=9 10 3 10 17 9 10 12 10 4 8 2 13 13 7 10 10 2 18 14 14 10 11 11 11 10 10 8 6 4
split_gain=6.34725 10.9729 19.0786 10.0234 9.97307 9.56059 14.5698 34.6662 23.2402 38.72 20.6777 17.166 17.0548 24.6486 21.214 26.4423 25.8775 29.1636 21.5792 21.2994 34.6271 64.5791 28.0429 27.4479 20.4781 20.3224 19.0718 16.9846 17.0765 16.9843
threshold=72.875000000000014 -0.55028682947158802 25.771212577819828 -0.7996615171432494 -0.27533096075057978 73.625000000000014 0.12225609645247461 2.6337748765945439 0.088045001029968276 1.5350117683410647 16.125000000000004 0.17066507786512378 0.11582691594958307 1.5382938385009768 22.813840866088871 0.036545658484101302 -0.9550008475780486 6.9037427902221689 13.454995155334474 9.1728730201721209 5.3204047679901132 -0.30265928804874415 -0.17858051508665082 0.12972188368439677 -0.99966478347778309 -0.99815973639488209 -0.98803845047950734 18.375000000000004 1.4823120236396792 0.94218367338180553
decision_type=2 2 2 2 2 2 2 2 2 2 2 2 2 2 2 2 2 2 2 2 2 2 2 2 2 2 2 2 2 2
left_child=1 3 -3 4 -1 6 8 27 10 -10 -2 -9 29 -14 15 19 17 -16 -18 20 21 22 -15 24 -21 -24 -27 -8 -29 -12
right_child=5 2 -4 -5 -6 -7 7 11 9 -11 12 -13 13 14 16 -17 18 -19 -20 23 -22 -23 25 -25 -26 26 -28 28 -30 -31
leaf_value=0.0058395118775271008 -0.010738065166612288 0.0069643830762408003 -0.013043755570034961 -0.019654842269737103 -0.01177775150200268 -0.00020835744714850938 0.016160293161859469 -0.018593614645396394 -0.0073026387531834212 0.034634751508501212 -0.0097568206398279574 -0.0042088751763181822 -0.011481859566793966 0.027610785497044987 0.0087115020442988106 0.027045917154177829 -0.011470779508301103 -0.02226580432679947 0.0022027540517619076 -0.015847491637749858 -0.007811582408772293 -0.028908142555828617 0.024707898642340537 -0.015643478926509601 0.0093672401904115691 -0.019909066340336339 0.0096801248716644958 -0.0099856550248913576 0.012461945002979129 0.023788855162932922
leaf_weight=85.559972993098199 193.21187101700343 240.63310656510293 99.636344254016876 94.05738078802824 103.5115538041573 33760.283189905109 173.41881561651826 158.69348127394915 53.803602367639542 77.994812697172165 25.25141276163049 670.37191694974899 201.72992687812075 147.07540243119001 63.769962407648563 76.050877466797829 189.03508308529854 148.1452739071101 2563.9134501889348 44.727866977453232 470.76453724177554 53.033077023923397 41.706941671669483 70.712015459313989 1380.7018586844206 57.972894880920649 62.647403135895729 119.44717284291983 83.326787229627371 95.307827459415421
leaf_count=811 1145 1315 434 540 1031 476442 1279 829 241 335 1245 2868 2779 881 469 332 1014 995 11874 194 3327 258 387 959 6887 676 1335 1418 454 1883
internal_value=1.29372e-05 -0.00396067 0.00090055 -0.00963439 -0.0039126 7.43316e-05 0.00139411 -0.00260496 0.00219808 0.0182071 0.00180932 -0.00715108 0.00225328 0.00191477 0.00243841 0.0052212 0.000170773 -0.0129715 0.00122572 0.00439608 -0.000727226 0.00843725 0.0155431 0.00723512 0.00847115 0.0036415 -0.00497657 0.00733965 -0.00060901 0.0165535
internal_weight=41606.5 623.398 340.269 283.129 189.072 40983.1 7222.81 1205.26 6017.56 131.798 5885.76 829.065 5692.55 5571.99 5370.26 2405.39 2964.86 211.915 2752.95 2329.34 833.2 362.436 309.403 1496.14 1425.43 162.327 120.62 376.193 202.774 120.559
internal_count=524637 4131 1749 2382 1842 520506 44064 6848 37216 576 36640 3697 35495 32367 29588 15236 14352 1464 12888 14904 6864 3537 3279 8040 7081 2398 2011 3151 1872 3128
is_linear=0
shrinkage=0.04


Tree=210
num_leaves=31
num_cat=0
split_feature=9 17 10 7 11 8 13 10 10 12 10 10 4 3 17 10 10 11 13 11 10 10 4 10 11 14 9 4 14 10
split_gain=6.39086 20.9912 20.5483 22.0151 27.6327 20.4586 22.6363 18.5281 88.164 29.2148 35.8414 36.2814 41.6039 25.0575 34.7051 32.8163 50.5985 31.3217 35.4413 51.5703 47.571 28.8603 27.949 27.3224 27.9608 26.5176 24.1688 24.0878 39.1513 26.0972
threshold=78.625000000000014 19.190641403198246 0.3393120169639588 0.69654572010040294 -0.96904978156089772 21.125000000000004 0.74344807863235485 -0.81984052062034596 -0.76762619614601124 0.23887918144464496 0.1393099054694176 0.036545658484101302 3.6975963115692143 1.3763592243194582 -2.660250067710876 -0.99054482579231251 -0.98370367288589466 -0.48501108586788172 3.5936969518661503 -0.32816398143768305 -0.97312742471694935 -0.99815973639488209 30.475236892700199 -0.98523971438407887 -0.024725049734115597 5.0393624305725107 79.875000000000014 10.4285945892334 9.5496811866760272 -0.78921556472778309
decision_type=2 2 2 2 2 2 2 2 2 2 2 2 2 2 2 2 2 2 2 2 2 2 2 2 2 2 2 2 2 2
left_child=-1 2 3 4 -2 7 -7 13 27 10 11 26 -13 17 15 -15 -17 -5 19 -19 23 -20 -18 24 -21 -22 -10 -9 29 -29
right_child=1 -3 -4 5 -6 6 -8 8 9 -11 -12 12 -14 14 -16 16 22 18 21 20 25 -23 -24 -25 -26 -27 -28 28 -30 -31
leaf_value=-0.00025725287805757058 0.037098184006162861 -0.0087764355620279771 -0.009447859437924741 0.016388418827869324 0.0058492622148040322 0.010113625097254766 -0.0042382551480757208 -0.0313680829830272 -0.015362758364268942 0.0033655544770588488 -0.025466950603656963 0.0011777545591024877 0.054107594788669972 -0.023734298131596415 0.0157908777410108 0.049930627434160789 -0.0033679739276537631 -0.024536610011825714 0.024316486728469897 0.03011230781148801 0.043577316616844393 -0.013711472172265978 0.024865626292586561 -0.027475441214833238 -0.0045366708156392779 -0.012456086027110893 0.0052302621711169872 -0.0090803187079660681 -0.028299194440425484 0.041148353011335112
leaf_weight=32129.224969662377 49.047817848622799 334.09520813450217 266.80671271635219 152.1232489682734 217.47457712271716 188.79803160019219 1537.5115682706237 150.56397241726518 210.99132269620895 4089.6189421415329 112.38881199806929 68.979932859539986 26.618151232600212 61.304266384802759 609.4839208223857 27.555789330974221 333.13674288149923 58.568142164498568 25.709582200273871 51.383331451565027 80.184663515770808 380.15102371852845 57.091404448729008 31.243454644456506 89.313977222424001 11.384485363494603 148.48468144237995 26.6565728969872 49.480264000594616 23.830772690474987
leaf_count=431001 441 2268 6596 1047 9658 3165 11995 1382 2071 26307 1279 667 215 1450 6670 300 3225 714 393 863 2690 4621 455 500 2309 226 1231 265 404 229
internal_value=1.19524e-05 0.000924605 0.00128858 0.00162183 0.0127336 0.00126319 -0.00261945 0.00224033 0.000920821 0.00218313 -0.00624915 -0.00105742 0.0196437 0.00550845 0.00953749 0.00142187 0.00558174 0.000473671 -0.00302918 0.00676307 0.0143625 -0.0107758 0.00128075 0.00145463 0.00927581 0.0360704 -0.0069453 -0.0217271 -0.00567455 0.0175116
internal_weight=41599.2 9469.98 9135.89 8869.08 266.522 8602.56 1726.31 6876.25 4907.61 4657.08 567.463 455.074 95.5981 1968.63 1088.57 479.088 417.784 880.062 727.939 322.078 263.51 405.861 390.228 171.941 140.697 91.5691 359.476 250.532 99.9676 50.4873
internal_count=524637 93636 91368 84772 10099 74673 15160 59513 34050 31770 5463 4184 882 25463 12100 5430 3980 13363 12316 7302 6588 5014 3680 3672 3172 2916 3302 2280 898 494
is_linear=0
shrinkage=0.04


Tree=211
num_leaves=31
num_cat=0
split_feature=11 11 13 8 10 9 7 12 4 14 2 14 5 7 2 14 4 10 2 7 8 4 10 10 2 9 0 9 8 1
split_gain=6.44746 40.668 51.5329 49.0885 39.1895 51.5496 33.6653 35.2168 23.4014 25.302 24.3609 22.4151 35.632 34.3172 40.9905 33.1456 29.1917 37.9598 40.0226 31.6725 30.7983 28.1493 27.944 27.1259 75.977 40.7958 30.1877 24.6787 24.1482 32.5958
threshold=-0.99628248810768116 -0.99465739727020253 4.7292420864105233 19.125000000000004 0.088045001029968276 75.375000000000014 10.527909278869631 0.028463600203394893 1.0000000180025095e-35 7.680208921432496 4.081484556198121 52.571302413940437 40.580347061157234 10.392376422882082 1.8560785055160525 1.3569552898406985 0.12344276905059816 -0.049434980377554887 1.8560785055160525 3.5952343940734868 20.375000000000004 0.99491944909095775 0.07089784182608129 -0.01505099539645016 12.240497112274172 77.875000000000014 6.9034831523895273 75.625000000000014 18.875000000000004 0.75370812416076671
decision_type=2 2 2 2 2 2 2 2 2 2 2 2 2 2 2 2 2 2 2 2 2 2 2 2 2 2 2 2 2 2
left_child=11 2 3 4 5 -2 7 -5 -4 -10 -11 12 13 15 -15 -1 -17 18 -18 22 -20 -16 27 24 25 28 -25 -19 -21 -30
right_child=1 -3 8 6 -6 -7 -8 -9 9 10 -12 -13 -14 14 21 16 17 19 20 23 -22 -23 -24 26 -26 -27 -28 -29 29 -31
leaf_value=-0.010796033652091433 -0.018803916182146798 -2.7879520573887828e-05 -0.011752050303609443 -0.0093396188206928132 -0.028347553078295531 0.049100530253708925 0.064549379281323857 0.03131702456709972 -0.0091426672185790665 0.036919745311270027 0.0059652899028852973 -0.02142422507385949 0.014159543606228609 -0.023005897714854156 -0.021442615606993738 -0.0031028591283719527 -0.02175934380636501 0.004771964143012614 -0.0070631535508384625 0.010522679837028544 0.035127028923036992 0.00035887497901496124 -0.011906757096249223 -0.0070295309510962009 -0.020719559098667115 0.0028289639885228711 0.014863094100258606 0.041673860627536731 0.022662346829695569 0.084209761874360536
leaf_weight=340.81684437766671 26.008448241278529 37548.325124730007 152.68238281831145 39.010642809793353 40.827103858813643 28.226655166596174 34.243471402674913 140.81540969386697 96.497728075832129 48.667157031595707 149.74874575808644 79.568667516112328 216.9170221760869 231.05286998860538 105.41694966703653 787.05097008682787 122.58216731250286 42.494958810508251 58.870387921109796 27.734672052785754 38.140930388122797 527.63429872505367 21.795479286462069 269.74416833184659 50.755695279687643 51.156946286559105 147.55886382237077 105.49468377232552 35.841021206229925 31.607562135905027
leaf_count=7621 489 483489 1317 607 736 340 199 1234 836 286 814 341 1122 2168 758 8950 1372 796 523 296 269 3001 342 3207 328 337 1255 1051 318 235
internal_value=1.21736e-05 0.000158333 0.00927795 0.0215593 -0.00229364 0.018679 0.0317814 0.0224698 0.000510055 0.0070356 0.0149649 -0.00168372 -0.00112984 -0.00228035 -0.00895492 0.000454505 0.00264368 0.00713564 -0.00731857 0.0112244 0.0112568 -0.00354855 0.0260591 0.00677326 0.0186091 0.0327025 0.000878398 0.0320503 0.0469628 0.0586535
internal_weight=41597.3 38305.1 756.728 309.132 95.0622 54.2351 214.07 179.826 447.596 294.914 198.416 3292.24 3212.67 2995.75 864.104 2131.65 1790.83 1003.78 219.593 784.184 97.0113 633.051 169.785 614.399 197.096 146.34 417.303 147.99 95.1833 67.4486
internal_count=524637 490347 6858 3605 1565 829 2040 1841 3253 1936 1100 34290 33949 32827 5927 26900 19279 10329 2164 8165 792 3759 2189 5976 1514 1186 4462 1847 849 553
is_linear=0
shrinkage=0.04


Tree=212
num_leaves=31
num_cat=0
split_feature=8 11 11 11 12 11 14 6 7 3 8 10 10 9 13 11 8 10 15 11 10 17 13 10 11 13 10 10 3 7
split_gain=6.30112 8.05263 10.9277 15.4064 10.0304 13.3478 8.42161 26.8426 21.2298 7.94593 6.49916 13.5351 17.993 17.0681 25.1213 29.16 24.0502 16.9544 25.8579 24.6817 16.7176 18.9063 16.3243 15.8547 24.0735 17.9916 15.4115 27.1672 14.4303 13.6754
threshold=21.625000000000004 -0.09339838474988936 -0.92602273821830738 -0.89017319679260243 9.6962618827819842 -0.98372924327850331 9.5496811866760272 5.4508428573608407 2.1849058866500859 0.22457776963710788 16.875000000000004 -0.99940761923789967 -0.98523971438407887 74.125000000000014 5.0454072952270517 -0.98372924327850331 16.375000000000004 -0.99372696876525868 0.43750000000000006 -0.05909669212996959 0.24059136956930163 6.3249692916870126 12.644870281219484 -0.85671821236610401 -0.26244230568408961 0.0092320116236805933 -0.59262362122535694 -0.15207348018884656 1.2395680546760561 30.200279235839847
decision_type=2 2 2 2 2 2 2 2 2 2 2 2 2 2 2 2 2 2 2 2 2 2 2 2 2 2 2 2 2 2
left_child=10 2 4 -4 5 9 7 8 -5 -2 11 22 17 14 15 -14 -16 18 19 -13 21 28 -1 24 -17 -26 -15 29 -18 -28
right_child=1 -3 3 6 -6 -7 -8 -9 -10 -11 -12 12 13 26 16 23 20 -19 -20 -21 -22 -23 -24 -25 25 -27 27 -29 -30 -31
leaf_value=0.025786717799754191 0.035093638413190555 -0.01467141145501423 0.041549085902576097 0.024782087041252201 -0.023442707122085009 -0.0098155470522549668 -0.0073583713574991994 0.039281545100011209 -0.019867974828649465 -0.0015885358103188152 -0.00018265223975375263 0.013524482109515495 -0.017283376489772472 -0.01159863978529618 -0.0014430955494159805 -0.01415296475299622 0.02363132673717459 -0.019277465169464904 0.030401693335110412 -0.018316518024566755 -0.0084807981675559703 0.017972174379543408 -0.0094523527369230614 0.02445556956080857 -0.017528730370018092 0.0262858144716735 0.015188453381608812 -0.0085904233427700864 0.002667875502802989 -0.011478343163727436
leaf_weight=63.640890151262283 15.43516740575433 17.402108801179565 19.271506998687983 17.347005581483245 16.856038752943277 37.862789023667574 33.936836352571845 29.6820053961128 35.600787505507469 13.711992630735038 37637.587279427447 52.308512691408396 36.419327072799206 238.36891392851248 1383.7141458778642 50.316837459802628 48.535759336315095 117.39119879342616 26.235416017472744 97.237168800085783 94.384471781551838 237.41252157138661 23.396861739456654 185.5985811650753 11.209736177464945 67.252695998875424 177.69626367837191 223.60343750007451 554.38363694772124 29.184276387095451
leaf_count=588 268 978 270 346 199 550 348 380 594 198 491589 545 311 4109 7056 569 354 1323 199 957 473 1174 168 1479 577 1690 1635 2506 3075 129
internal_value=1.31495e-05 0.00638159 0.00861525 0.0152456 -0.00260406 0.00500125 0.00795776 0.0143635 -0.00362649 0.0218393 -2.48966e-05 0.00156816 0.00117082 0.00201278 0.0034433 0.0132662 0.00190643 -0.00816593 -0.000107132 -0.00702947 0.00682772 0.00862666 0.0163161 0.0172289 0.00580208 0.0187523 -0.00366272 0.000895136 0.00471348 0.0110708
internal_weight=41593 237.106 219.704 135.838 83.866 67.0099 116.567 82.6298 52.9478 29.1472 41355.9 3718.29 3631.25 3338.08 2669.23 350.797 2318.43 293.172 175.781 149.546 934.716 840.332 87.0378 314.378 128.779 78.4624 668.853 430.484 602.919 206.881
internal_count=524637 4131 3153 1938 1215 1016 1668 1320 940 466 520506 28917 28161 25137 16758 4626 12132 3024 1701 1502 5076 4603 756 4315 2836 2267 8379 4270 3429 1764
is_linear=0
shrinkage=0.04


Tree=213
num_leaves=31
num_cat=0
split_feature=10 8 9 13 3 11 17 10 10 9 12 8 10 10 10 16 4 17 10 10 11 4 11 10 7 9 10 14 10 8
split_gain=6.32333 10.7409 9.82515 7.14429 6.60704 22.5222 18.9312 32.1675 37.6075 22.5256 30.0601 16.581 24.5284 49.0315 33.6699 31.5336 29.5121 28.6741 26.8732 50.6523 24.2481 21.857 18.8563 18.4227 21.0356 45.4817 17.948 21.6051 17.8382 27.1083
threshold=0.48030318319797521 19.625000000000004 74.125000000000014 0.024838110432028774 19.066512107849125 0.18069575726985934 -6.1697688102722159 1.0000000180025095e-35 -0.049434980377554887 73.875000000000014 1.3698877692222597 20.875000000000004 -0.44600489735603327 -0.59262362122535694 -0.82956761121749867 -7.4738473892211905 30.475236892700199 -11.836387634277342 -0.21966676414012906 -0.16905184835195539 -0.29547800123691553 0.17846398800611499 -0.37645272910594935 -0.56456753611564625 21.99760723114014 77.625000000000014 -0.9193688929080962 17.957306861877445 -0.7785360813140868 18.875000000000004
decision_type=2 2 2 2 2 2 2 2 2 2 2 2 2 2 2 2 2 2 2 2 2 2 2 2 2 2 2 2 2 2
left_child=4 2 3 -2 6 -6 7 8 11 10 -9 12 13 14 15 20 21 -14 -19 -20 -1 -17 26 -15 25 -25 -23 -28 29 -16
right_child=1 -3 -4 -5 5 -7 -8 9 -10 -11 -12 -13 17 23 28 16 -18 18 19 -21 -22 22 -24 24 -26 -27 27 -29 -30 -31
leaf_value=0.044376075827616879 0.0038541080800090729 -0.025311568726320569 0.0098563761253571535 -0.023894807374076878 -0.0008087204291222672 -0.023628151833210903 2.5937474563415745e-07 0.029694119533676448 0.028500910429434513 -0.015262692203950125 -0.0071042961172350805 -0.0031371788828322713 -0.015569267171502454 0.047372847608999298 0.0080176486845389798 0.013130147719624006 0.025424194507088972 -0.0047955704817836684 0.050098712680502672 -0.00024510073822563659 0.0023328928252092382 0.031095874642607099 -0.0095463696046523792 0.026722455177606075 0.035382506419854097 -0.016559146999081835 -0.010050710105837411 0.017703453507925664 -0.00033201572575069967 -0.036205291107880136
leaf_weight=55.840335600078106 21.028172053396702 32.28383868560195 52.974039152264595 26.286366060376167 7599.0598203726113 59.857791570946574 31042.068346385611 41.591539885848761 95.787450566887856 220.24065436981618 105.48702762648463 413.47403591638431 158.09041600674391 39.623655252158642 29.68859164044261 209.46812683204189 98.298052979167551 188.46948660537601 40.568909700959921 86.706608846783638 34.666525331325829 29.235771913081408 243.6899850248592 78.064611826092005 62.739948108792305 60.531885586678982 103.4754195548594 64.266513962298632 243.7056009285152 52.130330748856068
leaf_count=326 551 2800 2320 425 55307 3002 434923 206 575 2695 483 4188 1042 269 185 2833 898 1501 270 596 340 194 3410 614 293 367 949 349 2280 446
internal_value=1.34514e-05 -0.00839604 -0.00114948 -0.0130415 4.23619e-05 -0.00101764 0.000282799 0.00345384 0.00515124 -0.00742761 0.00452965 0.00405618 0.00564709 0.00828579 0.00478347 0.00899179 0.00607509 -0.00218894 0.00478276 0.0182825 0.0301068 0.00280877 -0.00227991 0.0243461 0.0177872 0.007977 0.00673665 0.00098044 -0.00600693 -0.0210331
internal_weight=41589.4 132.572 100.289 47.3145 41456.8 7658.92 33797.9 2755.84 2388.52 367.319 147.079 2292.73 1879.26 1405.43 1164.47 838.941 748.434 473.835 315.745 127.276 90.5069 650.136 440.668 240.96 201.336 138.596 196.978 167.742 325.525 81.8189
internal_count=524637 6096 3296 976 518541 58309 460232 25309 21925 3384 689 21350 17162 13753 12210 9299 8633 3409 2367 866 666 7735 4902 1543 1274 981 1492 1298 2911 631
is_linear=0
shrinkage=0.04


Tree=214
num_leaves=31
num_cat=0
split_feature=11 8 7 10 10 14 14 10 13 4 12 18 7 6 16 12 3 9 2 7 10 10 17 3 1 9 10 10 9 14
split_gain=6.28083 6.30114 10.0109 12.1482 7.62815 38.3261 32.5724 28.2687 29.266 30.9282 34.9655 33.4982 38.4315 54.414 25.8056 21.6718 21.6086 22.5919 22.5696 21.036 77.1802 35.3796 29.6992 22.8496 20.8298 23.008 18.8792 34.7703 36.2587 36.1503
threshold=0.45655821263790136 15.875000000000002 14.854859828948976 -0.64659911394119252 -0.01505099539645016 11.711258888244631 0.0044701735023409137 -0.049434980377554887 29.419718742370609 0.10700470209121705 13.646110534667971 14.712967872619631 16.400732040405277 2.9695839881896977 -24.893301010131832 38.97157287597657 73.417064666748061 75.625000000000014 5.435882806777955 11.124869346618654 0.07089784182608129 0.12225609645247461 -3.0496258735656734 3.7472392320632939 6.9790396690368661 76.875000000000014 0.10516610741615297 0.19020386785268786 77.625000000000014 22.113524436950687
decision_type=2 2 2 2 2 2 2 2 2 2 2 2 2 2 2 2 2 2 2 2 2 2 2 2 2 2 2 2 2 2
left_child=1 2 -1 -4 6 15 -3 -8 9 10 -9 12 13 -11 -7 19 17 -16 -18 22 -21 23 -6 -22 -13 -26 -19 28 -28 -30
right_child=-2 4 3 -5 5 14 7 8 -10 11 -12 24 -14 -15 16 -17 18 26 -20 20 21 -23 -24 -25 25 -27 27 -29 29 -31
leaf_value=0.0099897696839687106 -0.016418262747232525 -0.016341543615441104 -0.010666782852471182 0.00444165699989008 -0.0076479897691461443 -0.016305705193643986 0.00016769572245901537 -0.016584667860160263 0.031634761133070274 0.0040168081349413586 0.019422573012721427 -0.022838039670521334 -0.017606749042706978 0.040100869510873598 -0.0022139321052968169 -0.022881697908261629 0.031927346377517513 -0.025534192729306904 -0.0017193109158953103 -0.014595186034172368 0.010238229862384259 0.0067901726331718038 0.0010071033585206995 0.056311750839867419 0.020852934107934522 -0.015443453626556867 -0.018917303079049919 -0.023124871748816798 0.031340438117484305 -0.019017188650461876
leaf_weight=251.33516594604589 27.181990024750121 178.18993896129541 112.47027622163296 269.45535743236542 702.19320407696068 320.06453437358141 31325.871879677055 154.31400502100587 66.431660853326321 125.64991019293666 49.255496509373188 50.538640692830086 33.986741334199905 139.17157251574099 1045.9731659889221 53.860395647585392 42.667946543544531 127.29742603003979 78.470665492117405 107.54366245120764 29.91412765905261 81.25621098279953 5792.7697845301591 58.988374147564173 59.197438526898623 37.727083742618561 54.156380858272314 109.11453189328313 77.120999664068222 23.337732549756765
leaf_count=2178 11049 20644 659 1207 8557 1974 374099 2104 316 1828 310 308 222 1087 5590 410 227 1392 352 1043 249 596 84744 390 290 228 630 1091 630 233
internal_value=1.44155e-05 2.91107e-05 0.00395727 -0.000166151 -3.26243e-05 -0.00108258 0.000251282 0.000348627 0.0081503 0.00530649 -0.0073709 0.0111242 0.0186275 0.0237492 -0.0061264 0.000312072 -0.00394477 -0.00533199 0.0116628 0.000529987 0.0111142 0.0272712 6.10522e-05 0.0434115 -0.00429742 0.00660184 -0.0134094 -0.00683796 0.00536254 0.0189792
internal_weight=41585.5 41558.3 633.261 381.926 40925.1 8704.73 32220.3 32042.1 716.273 649.841 203.57 446.271 298.808 264.821 1878.2 6826.53 1558.14 1437 121.139 6772.67 277.702 170.159 6494.96 88.9025 147.463 96.9245 391.027 263.73 154.615 100.459
internal_count=524637 513588 4044 1866 509544 108108 401436 380792 6693 6377 2414 3963 3137 2915 12119 95989 10145 9566 579 95579 2278 1235 93301 639 826 518 3976 2584 1493 863
is_linear=0
shrinkage=0.04


Tree=215
num_leaves=31
num_cat=0
split_feature=2 16 8 8 7 11 4 10 10 14 10 10 9 16 2 13 10 13 9 10 12 3 18 16 12 10 10 14 3 6
split_gain=6.26777 10.6445 9.53568 8.68345 7.76918 22.5091 33.8625 26.4065 29.6995 75.1201 62.8614 54.3187 42.527 36.2563 35.0831 32.5187 31.6888 28.268 37.847 37.3887 44.39 28.4935 25.5499 25.5389 30.9549 23.7505 54.1045 39.4516 48.9317 47.3332
threshold=111.2397804260254 -4.0818779468536368 19.375000000000004 17.625000000000004 12.711038112640383 0.0096758542931638675 2.0300669670104985 -0.94975915551185597 -0.8978554606437682 17.957306861877445 -0.84828248620033253 -0.82956761121749867 75.875000000000014 1.0000000180025095e-35 1.7315757870674136 7.9462227821350107 -0.68508586287498463 14.945389270782472 78.375000000000014 -0.99549928307533253 1.7558747529983523 0.88971778750419628 44.942640304565437 -13.274116516113279 15.289914131164553 -0.47652685642242426 -0.52124115824699391 8.606110095977785 6.2765805721282968 22.176818847656254
decision_type=2 2 2 2 2 2 2 2 2 2 2 2 2 2 2 2 2 2 2 2 2 2 2 2 2 2 2 2 2 2
left_child=4 2 3 -2 -1 7 -7 17 9 12 15 -12 14 -14 -9 -10 -13 18 22 -20 21 -21 -6 24 -11 26 -18 -28 29 -29
right_child=1 -3 -4 -5 5 6 -8 8 10 23 11 16 13 -15 -16 -17 25 -19 19 20 -22 -23 -24 -25 -26 -27 27 28 -30 -31
leaf_value=0.00031155060482051708 -0.0054523865751098565 0.013265295399086212 -0.0099178868383868763 0.011072912206016012 -0.012169462277443515 -0.015027021028007683 0.016863307882956546 0.01011762247784281 -0.030547757391340202 0.046441507901509207 0.019262284906251557 -0.006574089858423642 0.020101164136415942 -0.01676851563233818 -0.036582622502305338 -0.0083699003754122269 -0.00017836536147713638 -0.016542918316996304 0.05485735273900047 -0.013910103602091901 -0.014095089347017462 0.035438936947713662 0.026684313089622123 0.0090065109283001318 0.011478370863593492 -0.0013745326100348316 -0.018335972542552634 0.056206552781114888 0.0098178297045332184 0.006183080105299589
leaf_weight=29325.460714560817 73.152407631278038 143.39752269349992 90.375654220581055 127.19688879325986 353.58244011271745 60.154680419713259 228.60686782328412 28.934443285688758 131.44151815399528 71.543088410049677 209.48895410820842 1321.6044789161533 88.910277500748634 65.472630847245455 98.076546676456928 474.52785113453865 1749.2488383185118 344.51268512383103 18.065953196026385 18.821066748350859 90.096634484827518 65.897750549018383 19.93367263674736 354.59194683283567 98.572974734008312 5313.4515546951443 48.867233850061893 74.172922872006893 442.6649025529623 51.528751045465469
leaf_count=444521 362 806 559 640 3757 997 2352 339 1220 415 1123 8942 888 719 1028 2815 11620 3273 346 215 1138 714 166 2100 536 29902 379 354 2161 250
internal_value=1.35555e-05 0.00474 0.000233687 0.00506676 -3.7449e-05 -0.000902647 0.00993932 -0.00118246 -0.000618575 0.00671457 -0.00122694 -0.000399193 -0.00973648 0.00439612 -0.0259819 -0.0135984 -0.000877634 -0.00768037 -0.00209622 0.0119162 0.00475047 0.0241645 -0.00945421 0.0155541 0.0279443 0.000109918 0.00343471 0.0135138 0.0165219 0.0376672
internal_weight=41582.4 434.122 290.725 200.349 41148.2 11822.8 288.762 11534 10623.1 806.102 9817 9211.03 281.394 154.383 127.011 605.969 9001.54 910.91 566.398 192.881 174.815 84.7188 373.516 524.708 170.116 7679.93 2366.48 617.234 568.367 125.702
internal_count=524637 2367 1561 1002 522270 77749 3349 74400 64791 6025 58766 54731 2974 1607 1367 4035 53608 9609 6336 2413 2067 929 3923 3051 951 44666 14764 3144 2765 604
is_linear=0
shrinkage=0.04


Tree=216
num_leaves=31
num_cat=0
split_feature=6 10 10 4 2 10 10 10 14 16 10 13 3 12 17 9 11 10 10 3 10 10 3 8 14 10 0 4 11 10
split_gain=6.12163 28.7177 31.641 33.4446 44.2223 34.7741 29.3258 40.3688 49.8592 38.7625 29.6937 62.2301 36.9875 31.4927 36.5361 29.0293 27.7738 26.8874 26.2068 26.1829 26.0308 44.0655 25.7488 23.842 38.6502 34.6577 34.4668 38.5379 27.7139 29.8993
threshold=9.2255635261535662 -0.01505099539645016 0.22386012226343158 4.4451475143432626 24.755706787109379 0.1732888147234917 -0.21966676414012906 -0.25309335440397257 16.812372207641605 16.343036651611332 -0.16905184835195539 8.2957720756530779 21.893033981323246 29.241547584533695 -1.5555551648139951 77.875000000000014 0.16375125199556353 0.37146723270416265 0.3393120169639588 12.740418910980226 0.088045001029968276 0.12225609645247461 57.154748916625984 20.125000000000004 11.36349391937256 -0.28622037172317499 2.129566073417664 0.27657578885555273 1.0000000180025095e-35 -0.98930078744888295
decision_type=2 2 2 2 2 2 2 2 2 2 2 2 2 2 2 2 2 2 2 2 2 2 2 2 2 2 2 2 2 2
left_child=-1 6 3 4 22 20 7 16 9 -9 11 12 -8 14 -13 17 19 18 -4 23 -5 -22 -3 24 -2 28 27 -26 29 -25
right_child=1 2 15 5 -6 -7 10 8 -10 -11 -12 13 -14 -15 -16 -17 -18 -19 -20 -21 21 -23 -24 25 26 -27 -28 -29 -30 -31
leaf_value=-0.00040574843438314387 -0.0020188609689735923 -0.0072236429375327083 0.0057140656308534363 -0.0024408287917893966 -0.021861191465675826 -0.021373492035570759 0.059755005747213492 -0.0052664211461439124 -0.022732362776674658 0.037056907601720958 0.0024605368749252812 0.014578569127798386 0.0085773267448362289 0.021384903434014384 -0.0097785288170302038 -0.017135570299176273 -0.014876872507959658 -0.019233281523351718 0.031272700545245849 -0.00071629770305258042 0.032591043362417846 -0.00081016669908348757 0.01725315669968816 -0.022623392321388866 0.03121228442738376 -0.023951935887020541 0.0050239814441228438 0.0082298863701038352 0.032002012855703081 0.0010118658040792592
leaf_weight=23782.836456552381 1010.1886515375227 672.38469653576612 553.64444269984961 413.63239734992385 358.54499088600278 91.888341404497623 54.986276656389236 142.39429673925042 247.10790973901749 34.991821441799402 1500.3441128022969 162.89675103127956 40.542699821293354 161.0490538328886 219.14684128761292 85.583536006510258 165.2424256936647 50.522363223135471 63.933105178177357 6085.1531871724874 101.79493467137218 144.29358864575624 66.942022077739239 79.31747792288661 172.7713387068361 85.339727938175201 2575.0223042331636 353.55826700478792 34.296458691358566 2068.116798100993
leaf_count=397701 8891 5701 3357 2472 2492 671 387 1019 1228 220 8476 853 280 820 1347 623 4427 258 358 41481 517 838 393 1568 1452 530 16461 3020 520 16276
internal_value=1.40241e-05 0.000574939 -0.00329906 -0.00610485 -0.0105235 0.000402813 0.00124047 0.000527222 -0.0114616 0.00461446 0.00557048 0.0127262 0.0409061 0.00711949 0.00071387 0.00357592 0.000938947 0.00644263 0.0088161 0.00116039 0.00370975 0.0137394 -0.00480673 0.00294905 0.00476138 -0.000344251 0.00696927 0.0162153 0.000684248 3.80596e-05
internal_weight=41578.5 17795.6 2603.16 1849.48 1097.87 751.609 15192.5 13053.5 424.494 177.386 2138.97 638.622 95.529 543.093 382.044 753.683 12629 668.1 617.578 12463.8 659.721 246.089 739.327 6378.61 4111.54 2267.07 3101.35 526.33 2181.73 2147.43
internal_count=524637 126936 17680 13084 8586 4498 109256 97093 2467 1239 12163 3687 667 3020 2200 4596 94626 3973 3715 90199 3827 1355 6094 48718 29824 18894 20933 4472 18364 17844
is_linear=0
shrinkage=0.04


Tree=217
num_leaves=31
num_cat=0
split_feature=5 13 10 7 6 17 17 0 10 1 11 14 13 9 11 4 1 2 4 4 3 12 4 9 14 11 11 14 12 12
split_gain=6.10158 11.0943 26.4213 8.76195 15.348 13.442 16.8992 22.2149 13.8306 16.1301 14.8336 19.1859 16.2448 12.1997 10.2402 18.0368 11.5597 10.1117 8.80714 8.54757 8.04696 7.96651 10.9067 7.95776 18.5002 15.8267 13.6863 31.9681 35.2705 26.3965
threshold=93.946643829345717 75.118892669677749 -0.43054369091987604 44.047140121459968 49.162492752075202 21.386577606201175 -22.078194618225094 4.5553607940673837 -0.94423642754554737 63.806539535522468 -0.99273797869682301 16.812372207641605 23.330556869506839 73.375000000000014 -0.97696766257286061 18.367431640625004 30.997318267822269 16.888999938964847 43.122936248779304 10.629067897796633 33.562597274780281 104.26538467407228 3.6231811046600346 73.375000000000014 52.571302413940437 -0.99983122944831837 -0.98667386174201954 11.528531551361086 30.154181480407718 1.3026170730590823
decision_type=2 2 2 2 2 2 2 2 2 2 2 2 2 2 2 2 2 2 2 2 2 2 2 2 2 2 2 2 2 2
left_child=3 -2 -3 4 21 6 7 -5 -8 10 12 -12 -10 -11 19 16 -16 -13 -7 -6 -4 23 -23 25 -25 -1 27 29 -29 -27
right_child=1 2 20 5 14 18 8 -9 9 13 11 17 -14 -15 15 -17 -18 -19 -20 -21 -22 22 -24 24 -26 26 -28 28 -30 -31
leaf_value=-0.018366761222278646 0.014450850711269914 0.014534838494776726 -0.021958377647362953 -0.021585313813112416 -0.0089561150870717202 -0.0014271612411085859 0.012798457702065731 0.0066414369652473479 -0.013016777946236053 -0.0088295463778651773 0.0099246640075855899 -0.0028262381155994953 0.017041813627739346 0.0088862196816858769 0.0041848988991586376 -0.0052139503319429212 0.022593681495991357 -0.01818097802938547 0.022372386789066754 0.010712342903074799 -0.00015018611035439957 0.0018895282605408503 -0.019572860593656802 -0.00011219974352792697 -0.022876629154833471 -0.0048353802069664824 0.0011529940044487934 -0.0082847206508914768 0.019399168621512856 0.029785307385440329
leaf_weight=51.073466219007969 121.31203123554587 89.611186482012272 60.867770597338676 41.496171463280916 87.476574994623661 45.053588315844536 44.851824622601271 329.94196701049805 44.850592538714409 103.00505204498768 44.231455996632576 85.793856926262379 50.915977537631989 128.46140374243259 89.76722065731883 77.689756274223328 154.33922224491835 440.08446818590164 42.618961818516254 45.692719280719757 44.029312983155251 70.561174109578133 67.978597100824118 35679.696120036184 47.211201541125774 43.4327672123909 2988.0011159831192 220.66073650866747 98.171675905585289 132.74607925862074
leaf_count=248 646 450 296 216 384 209 305 1553 202 470 230 416 231 627 437 373 717 2041 206 211 241 445 425 489345 226 309 21211 956 414 597
internal_value=1.43028e-05 0.00546666 -0.000569284 -2.87505e-05 8.09119e-05 -0.00312613 -0.00416321 0.00300479 -0.00699091 -0.0081102 -0.0112319 -0.0136448 0.00306468 0.000963343 0.00730575 0.0110711 0.0162552 -0.0157754 0.0112482 -0.00193066 -0.0136144 -4.34949e-06 -0.00925033 3.06239e-05 -0.000148675 0.0018385 0.00218652 0.00827872 0.000570141 0.0214491
internal_weight=41571.6 315.82 194.508 41255.8 39854.5 1401.31 1313.63 371.438 942.195 897.343 665.876 570.11 95.7666 231.466 454.965 321.796 244.106 525.878 87.6726 133.169 104.897 39399.5 138.54 39261 35726.9 3534.09 3483.01 495.011 318.832 176.179
internal_count=524637 1633 987 523004 516298 6706 6291 1769 4522 4217 3120 2687 433 1097 2122 1527 1154 2457 415 595 537 514176 870 513306 489571 23735 23487 2276 1370 906
is_linear=0
shrinkage=0.04


Tree=218
num_leaves=31
num_cat=0
split_feature=9 17 10 7 11 8 13 6 7 10 11 10 6 4 6 11 7 14 9 8 16 11 11 14 11 13 13 8 11 10
split_gain=6.15915 19.3337 19.0908 20.4176 24.8231 18.6941 20.9012 17.1228 29.558 45.6273 39.0099 38.2054 37.1281 36.1735 32.854 39.9317 63.8466 54.9393 41.4177 52.7787 55.6624 36.7256 34.91 50.1038 35.2656 80.4672 33.6415 32.1261 29.4785 43.4095
threshold=78.625000000000014 19.190641403198246 0.3393120169639588 0.69654572010040294 -0.96904978156089772 21.125000000000004 0.74344807863235485 25.187973022460941 10.805946826934816 -0.84828248620033253 -0.024725049734115597 -0.7996615171432494 15.494266510009767 12.595489501953127 11.521196365356447 -0.99966478347778309 1.5579901337623598 7.3071751594543466 74.875000000000014 20.125000000000004 -3.1838109493255611 -0.98801845312118519 -0.99628248810768116 9.4239358901977557 -0.99552518129348744 0.67093628644943248 7.7150652408599862 19.625000000000004 -0.99761277437210072 -0.52124115824699391
decision_type=2 2 2 2 2 2 2 2 2 2 2 2 2 2 2 2 2 2 2 2 2 2 2 2 2 2 2 2 2 2
left_child=7 2 3 4 -2 -5 -7 8 14 10 12 27 -10 -12 15 16 -1 18 -18 26 -21 -16 23 -17 25 -24 -20 -11 -13 -30
right_child=1 -3 -4 5 -6 6 -8 -9 9 11 13 28 -14 -15 21 22 17 -19 19 20 -22 -23 24 -25 -26 -27 -28 -29 29 -31
leaf_value=-0.023000389242171619 0.035031330694807683 -0.0084310271267576935 -0.0091342645787551354 0.0021645677503552736 0.0056704859799882271 0.0097061439998820977 -0.0040504221325514218 0.0020247179214685361 -0.017541055894847252 0.017708455107006329 -0.010165105115697983 -0.012458659258774318 -0.0045463681596912744 0.015329390588512362 -0.0092961291712326984 -0.011897801547268673 -0.0079436709468906925 -0.0069050182126690045 0.052564680576390972 0.047406116060964461 -0.0096986099150791569 0.0065996384034819455 0.053818665914517859 0.014635144199098575 -0.00054851135005040696 -0.00017625840621576024 -0.00242275074274777 -0.012701190866630048 -0.0063615218419786033 0.0026188845148118998
leaf_weight=67.790124006569386 50.386856712400913 331.89970103651285 264.53876576246694 6877.6881329953903 218.17193837487139 189.9993289464619 1532.0930732989218 4534.1597852259874 739.73567377682775 273.11572819203138 156.34453252563253 377.11996886506677 680.41263029538095 182.53466017148457 255.35063270106912 807.69007273949683 47.188965516164899 112.21600289829075 131.90191221609712 29.950758952647448 78.518087202683091 1930.3612908211071 52.869230726733804 123.59219843149185 17676.256358426064 148.17892350815237 19.374838538467884 61.488403629511595 1390.7394223082811 2226.5398657917976
leaf_count=1630 441 2268 6596 59513 9658 3165 11995 22835 9147 1416 2722 2723 5786 2115 2263 14050 869 1020 1759 255 798 17386 689 1063 314010 1491 172 476 11673 14653
internal_value=1.39224e-05 0.000910097 0.00125841 0.00157836 0.012239 0.00123162 -0.00248538 -0.00025049 -0.000625279 -0.00308305 -0.00849591 -0.000869102 -0.0113904 0.00361308 7.2392e-05 -0.000454956 0.0107374 0.0166027 0.0251439 0.0312267 0.00873992 0.0047087 -0.00075027 -0.00825849 -0.000354746 0.0159 0.0458086 0.0119138 -0.00196698 -0.000841842
internal_weight=41568.2 9464.78 9132.88 8868.34 268.559 8599.78 1722.09 32103.4 27569.3 6088.03 1759.03 4329 1420.15 338.879 21481.2 19295.5 486.941 419.151 306.935 259.746 108.469 2185.71 18808.6 931.282 17877.3 201.048 151.277 334.604 3994.4 3617.28
internal_count=524637 93636 91368 84772 10099 74673 15160 431001 408166 50711 19770 30941 14933 4837 357455 337806 6503 4873 3853 2984 1053 19649 331303 15113 316190 2180 1931 1892 29049 26326
is_linear=0
shrinkage=0.04


Tree=219
num_leaves=31
num_cat=0
split_feature=8 12 12 10 11 10 8 13 7 10 4 10 16 4 9 5 10 12 7 14 9 9 10 12 10 3 14 10 14 10
split_gain=6.0708 8.02706 22.816 8.70535 8.44634 6.39474 11.1076 10.5027 13.1929 8.02635 28.3713 23.7374 47.2139 38.9908 31.7756 30.9502 113.563 53.7451 31.6832 29.4553 27.3222 51.005 41.387 35.9281 28.6176 26.1977 30.9672 29.3148 137.171 50.8516
threshold=21.625000000000004 2.98474133014679 11.375940322875978 -0.72174841165542591 -0.94137725234031666 0.46514528989791876 19.375000000000004 1.4268429875373843 0.064235184341669097 0.20706263184547427 2.266614675521851 0.019350802991539243 -20.803646087646481 4.4451475143432626 77.625000000000014 1.0000000180025095e-35 0.1393099054694176 1.0000000180025095e-35 1.5939677953720095 0.012698297388851644 74.375000000000014 78.625000000000014 0.1732888147234917 0.82879647612571727 0.07089784182608129 44.279403686523445 19.283683776855472 0.1563224866986275 7.7788467407226571 0.10516610741615297
decision_type=2 2 2 2 2 2 2 2 2 2 2 2 2 2 2 2 2 2 2 2 2 2 2 2 2 2 2 2 2 2
left_child=5 -2 3 -3 -5 9 7 8 -7 11 -11 19 -13 14 15 16 -14 18 -18 -1 22 24 -15 -23 -22 26 27 29 -29 -16
right_child=1 2 -4 4 -6 6 -8 -9 -10 10 -12 12 13 20 25 -17 17 -19 -20 -21 21 23 -24 -25 -26 -27 -28 28 -30 -31
leaf_value=-0.01346278651012907 -0.00071460494626080699 0.0046873782692500969 -0.0074208532615320094 0.0096382688691110767 0.049477046540385747 -0.0062971754194060502 -0.018695216911498641 -0.015456392985043324 0.017687937615920152 0.0023033701873884198 -0.013184290090557365 -0.017820503978494887 -0.018706388051130569 0.016369577576287021 0.0064048087062500425 -0.010801466000603633 0.011913421916250628 -0.0023619381506050515 0.089367240551640553 0.0002529157762111168 -0.027775026762132095 0.038114703354189795 -0.017035560352440075 -0.00020876734210868109 -0.0025704501501986575 0.030533314615533595 -0.032047893646919304 -0.0050326246054211788 0.062368859122445941 -0.018669446960233187
leaf_weight=242.44280666776467 126.80830318992957 23.384104194119573 45.147066890262067 19.575948789715767 22.640090305358171 69.714812132529914 69.942027295008302 44.737506152130663 59.522715439088643 4254.2282775118947 188.15434258803725 316.25286752171814 103.25957329571247 404.4813885577023 315.52023485116661 1181.5871752016246 15.652230465784667 25.268057841807604 25.567862015217543 32953.55162802781 95.51915336959064 61.174625191837549 60.907655356451869 86.722379673272371 234.94360863789916 36.686956819146872 36.334001120179892 175.63017554581165 55.977956235408783 205.37905135750771
leaf_count=28005 2901 297 499 219 215 2090 4875 876 1609 52351 2081 2397 2491 2343 2871 14622 392 491 455 391197 1614 527 405 659 3517 217 447 1678 450 1846
internal_value=1.38658e-05 0.00625911 0.0136421 0.0272021 0.0363872 -2.35457e-05 -0.00635185 -0.000643072 0.00522657 1.55705e-05 0.00161926 -0.000179294 -0.00333876 -0.0018189 -0.00475723 -0.00851272 0.00713349 0.0444632 0.0680242 0.000148721 0.00493749 -0.00177698 0.0117313 0.0170529 -0.0104576 0.00141856 -0.000300757 0.00163231 0.013165 -0.00364686
internal_weight=41556.7 237.556 110.747 65.6001 42.216 41319.2 243.917 173.975 129.238 41075.2 4442.38 36632.9 3436.86 3120.61 2176.86 1351.33 169.748 66.4882 41.2201 33196 943.749 478.36 465.389 147.897 330.463 825.528 788.841 752.507 231.608 520.899
internal_count=524637 4131 1230 731 434 520506 9450 4575 3699 511056 54432 456624 37422 35025 25960 18451 3829 1338 847 419202 9065 6317 2748 1186 5131 7509 7292 6845 2128 4717
is_linear=0
shrinkage=0.04


end of trees

feature_importances:
season_sin=1962
season_cos=835
longitude=709
latitude=534
neighbor_mean7=365
mean14=350
neighbor_mean3=290
neighbor_last=289
rain_thirteen_before=277
rain_six_before=228
mean7=189
trend3_7=158
rain_two_before=99
rain_previous=64
rain_last=60
mean3=56
max3=56
trend1=48
neighbor_event_fraction=31

parameters:
[boosting: gbdt]
[objective: binary]
[metric: binary_logloss]
[tree_learner: serial]
[device_type: cpu]
[data_sample_strategy: bagging]
[data: ]
[valid: ]
[num_iterations: 220]
[learning_rate: 0.04]
[num_leaves: 31]
[num_threads: 4]
[seed: 42]
[deterministic: 1]
[force_col_wise: 1]
[force_row_wise: 0]
[histogram_pool_size: -1]
[max_depth: -1]
[min_data_in_leaf: 200]
[min_sum_hessian_in_leaf: 0.001]
[bagging_fraction: 1]
[pos_bagging_fraction: 1]
[neg_bagging_fraction: 1]
[bagging_freq: 0]
[bagging_seed: 400]
[bagging_by_query: 0]
[feature_fraction: 1]
[feature_fraction_bynode: 1]
[feature_fraction_seed: 30056]
[extra_trees: 0]
[extra_seed: 12879]
[early_stopping_round: 0]
[early_stopping_min_delta: 0]
[first_metric_only: 0]
[max_delta_step: 0]
[lambda_l1: 0]
[lambda_l2: 10]
[linear_lambda: 0]
[min_gain_to_split: 0]
[drop_rate: 0.1]
[max_drop: 50]
[skip_drop: 0.5]
[xgboost_dart_mode: 0]
[uniform_drop: 0]
[drop_seed: 17869]
[top_rate: 0.2]
[other_rate: 0.1]
[min_data_per_group: 100]
[max_cat_threshold: 32]
[cat_l2: 10]
[cat_smooth: 10]
[max_cat_to_onehot: 4]
[top_k: 20]
[monotone_constraints: ]
[monotone_constraints_method: basic]
[monotone_penalty: 0]
[feature_contri: ]
[forcedsplits_filename: ]
[refit_decay_rate: 0.9]
[cegb_tradeoff: 1]
[cegb_penalty_split: 0]
[cegb_penalty_feature_lazy: ]
[cegb_penalty_feature_coupled: ]
[path_smooth: 0]
[interaction_constraints: ]
[verbosity: -1]
[saved_feature_importance_type: 0]
[use_quantized_grad: 0]
[num_grad_quant_bins: 4]
[quant_train_renew_leaf: 0]
[stochastic_rounding: 1]
[linear_tree: 0]
[max_bin: 255]
[max_bin_by_feature: ]
[min_data_in_bin: 3]
[bin_construct_sample_cnt: 200000]
[data_random_seed: 175]
[is_enable_sparse: 1]
[enable_bundle: 1]
[use_missing: 1]
[zero_as_missing: 0]
[feature_pre_filter: 1]
[pre_partition: 0]
[two_round: 0]
[header: 0]
[label_column: ]
[weight_column: ]
[group_column: ]
[ignore_column: ]
[categorical_feature: ]
[forcedbins_filename: ]
[precise_float_parser: 0]
[parser_config_file: ]
[objective_seed: 16083]
[num_class: 1]
[is_unbalance: 0]
[scale_pos_weight: 1]
[sigmoid: 1]
[boost_from_average: 1]
[reg_sqrt: 0]
[alpha: 0.9]
[fair_c: 1]
[poisson_max_delta_step: 0.7]
[tweedie_variance_power: 1.5]
[lambdarank_truncation_level: 30]
[lambdarank_norm: 1]
[label_gain: ]
[lambdarank_position_bias_regularization: 0]
[eval_at: ]
[multi_error_top_k: 1]
[auc_mu_weights: ]
[num_machines: 1]
[local_listen_port: 12400]
[time_out: 120]
[machine_list_filename: ]
[machines: ]
[gpu_platform_id: -1]
[gpu_device_id: -1]
[gpu_device_id_list: ]
[gpu_use_dp: 0]
[num_gpu: 1]

end of parameters

pandas_categorical:[]
