tree
version=v4
num_class=1
num_tree_per_iteration=1
label_index=0
max_feature_idx=18
objective=regression
feature_names=rain_last rain_previous rain_two_before rain_six_before rain_thirteen_before mean3 mean7 mean14 latitude longitude season_sin season_cos neighbor_last neighbor_mean3 neighbor_mean7 neighbor_event_fraction trend1 trend3_7 max3
feature_infos=[0:358.34234619140625] [0:363.2586669921875] [0:363.2586669921875] [0:313.75369262695312] [0:362.66204833984375] [0:264.51632690429688] [0:196.8350830078125] [0:137.42317199707031] [15.75:21.75] [72.75:80.75] [-0.99999940395355225:0.50279074907302856] [-0.99997919797897339:0.50928199291229248] [0:227.39340209960938] [0:162.36042785644531] [0:110.1990966796875] [0:1] [-360.31976318359375:335.645263671875] [-99.155342102050781:132.16725158691406] [0:363.2586669921875]
tree_sizes=2846 2946 2929 2944 2952 2951 2950 2949 2942 2931 2925 2952 2942 2919 2946 2938 2958 2955 2943 2975 2953 2950 2926 2958 2954 2965 2952 2920 2927 2953 2937 2964 2952 2938 2949 2961 2927 2947 2931 2915 2915 2953 2954 2940 2982 2931 2967 2929 2984 2904 2931 2938 2914 2927 2925 2920 2907 2927 2975 2918 2959 2894 2876 2903 2933 2917 2943 2924 2928 2981 2913 2914 2981 2947 2912 2891 2909 2980 2994 2913 2928 2922 2922 2947 2946 2934 2999 3012 2957 2933 2913 2972 2944 2906 2943 2971 2948 2956 2933 3024 2902 2923 2917 2919 2908 2948 2934 2968 2873 2918 3002 2885 2923 2901 2901 2993 2964 2911 2897 2901 2909 2986 2903 2956 2950 2911 2907 2967 2939 2860 2897 2917 2967 2873 2930 2939 2885 2858 2910 2862 2868 2877 2921 2926 2869 2877 2897 2934 2912 2879 2907 2902 2901 2922 2865 2958 2927 2937 2868 2896 2914 2872 2869 2890 2968 2897 2937 2947 2959 2913 2930 2939 2936 2953 2911 2866 2917 2865 2883 2967 2919 2897 2868 2915 2864 2878 2890 2932 2867 2912 2903 2934 2895 2874 2912 2885 2924 2869 2924 2961 2922 2917 2951 2857 2989 2877 2908 2872 2881 2878 2883 2891 2924 2873 2902 2849 2912 2884 2878 2920

Tree=0
num_leaves=31
num_cat=0
split_feature=7 14 11 9 9 11 11 0 11 12 9 9 6 8 5 6 0 9 9 10 11 10 14 11 10 10 11 10 9 0
split_gain=1.285e+07 3.60122e+06 2.28761e+06 2.06697e+06 1.74397e+06 879511 827327 774314 567370 455019 434888 346482 342591 275708 267882 264731 194039 185326 160673 153736 150196 148981 152491 138616 138360 134794 126366 216068 117857 116048
threshold=21.23089694976807 6.6954131126403817 -0.80543360114097584 73.875000000000014 73.625000000000014 -0.12758953124284741 -0.48501108586788172 22.798550605773929 -0.37645272910594935 1.1405559182167055 78.875000000000014 73.625000000000014 41.198997497558601 16.125000000000004 8.9532256126403826 12.582951545715334 79.397483825683608 76.875000000000014 73.875000000000014 0.1393099054694176 -0.84427365660667408 -0.91246706247329701 15.82595729827881 -0.36046156287193293 -0.80987083911895741 -0.52124115824699391 -0.91939276456832875 -0.82956761121749867 76.875000000000014 11.658748626708986
decision_type=2 2 2 2 2 2 2 2 2 2 2 2 2 2 2 2 2 2 2 2 2 2 2 2 2 2 2 2 2 2
left_child=1 5 3 7 6 9 15 14 10 -1 13 -11 23 -6 -2 -3 20 -13 29 -18 -9 22 -12 24 -4 -16 -17 -28 -20 -15
right_child=2 4 12 -5 8 -7 -8 16 -10 11 21 17 -14 18 25 26 19 -19 28 -21 -22 -23 -24 -25 -26 -27 27 -29 -30 -31
leaf_value=6.9351829713777997 7.4161968513983467 7.5908756746322137 7.684443049642951 7.4865057283689325 7.5757952369071164 6.8450162687514764 7.1998237727621266 8.543031146588179 6.9874635510819676 7.4180012231577352 7.424909478813662 6.9897295291957295 7.7938635934894025 7.1853404381573895 7.4615375790370386 8.229220585063274 9.0231934830361347 7.1053613333926817 7.0555678845260816 7.9578958412146097 7.8674578355528304 7.3074753651260158 8.7554671338769747 7.1041328368212211 7.2860562317128688 8.201908151622078 8.4514835884457593 7.5718686241205191 7.1632182944702434 7.5633923738729356
leaf_weight=136454 1072 3973 2033 6271 2147 108889 5224 5353 33231 3878 360 59609 2890 3616 453 2558 2187 35304 39706 268 628 24384 221 3678 4464 3910 611 1679 27560 2026
leaf_count=136454 1072 3973 2033 6271 2147 108889 5224 5353 33231 3878 360 59609 2890 3616 453 2558 2187 35304 39706 268 628 24384 221 3678 4464 3910 611 1679 27560 2026
internal_value=7.06131 7.00984 7.82274 8.09006 7.17535 6.939 7.59913 8.36242 7.13064 6.98252 7.17822 7.0479 7.41014 7.13009 7.98701 7.83518 8.6029 7.03274 7.1169 8.91101 8.47356 7.32281 7.95113 7.30053 7.41148 8.12613 8.0339 7.81158 7.09968 7.32174
internal_weight=524637 491430 33207 20142 147296 344134 14045 13871 133251 235245 100020 98791 13065 75055 5435 8821 8436 94913 72908 2455 5981 24965 581 10175 6497 4363 4848 2290 67266 5642
internal_count=524637 491430 33207 20142 147296 344134 14045 13871 133251 235245 100020 98791 13065 75055 5435 8821 8436 94913 72908 2455 5981 24965 581 10175 6497 4363 4848 2290 67266 5642
is_linear=0
shrinkage=1


Tree=1
num_leaves=31
num_cat=0
split_feature=7 14 10 9 9 12 0 11 11 11 11 9 6 9 9 5 8 10 0 9 0 6 11 10 10 10 11 18 7 10
split_gain=1.18457e+07 3.34023e+06 2.1089e+06 1.90572e+06 1.48493e+06 1.0837e+06 713860 595330 389118 331847 321269 502331 319453 288844 282920 246886 244202 182662 181222 177297 173433 152628 127277 127215 124140 123926 116985 111350 110408 102404
threshold=21.23089694976807 8.9239869117736834 -0.59262362122535694 73.875000000000014 73.625000000000014 0.47660119831562048 22.798550605773929 -0.48501108586788172 -0.37645272910594935 0.078402601182460799 -0.19547851383686063 73.625000000000014 32.123239517211921 78.875000000000014 76.625000000000014 8.9532256126403826 17.125000000000004 -0.90529522299766529 57.113914489746101 74.125000000000014 10.169205665588381 17.401948928833011 -0.09339838474988936 0.05372969992458821 -0.52124115824699391 -0.53584328293800343 -0.09339838474988936 47.18291091918946 3.0009535551071171 -0.47652685642242426
decision_type=2 2 2 2 2 2 2 2 2 2 2 2 2 2 2 2 2 2 2 2 2 2 2 2 2 2 2 2 2 2
left_child=1 5 12 6 7 9 15 21 13 28 11 -7 -2 16 -13 -4 20 -15 25 22 -6 -3 27 -20 -17 -8 -9 -14 -1 -5
right_child=2 4 3 29 8 10 18 26 -10 -11 -12 14 19 17 -16 24 -18 -19 23 -21 -22 -23 -24 -25 -26 -27 -28 -29 -30 -31
leaf_value=-0.16049365556389428 0.17727903072485882 0.65383135735913467 0.34082316067901247 0.68264638313698822 0.13375642074497604 0.35161079887512303 0.66232491428206419 0.39916412174752292 -0.048664579188924181 -0.24415474011660468 -0.13646214659395658 -0.070469948643013244 0.46564860921313667 0.89127901835003587 0.043761371972872311 0.38456483985045942 0.062568049868064135 0.25105834557356427 1.7800686286670586 0.15196767105492026 0.55741946785335716 1.0353158357996242 -0.050462752041438068 1.1205116955231127 1.095091200037869 1.3696191304247933 -0.038012781013873127 0.94340666920887484 -0.086083198374095546 0.3119252191631125
leaf_weight=87030 8004 4439 1072 1613 3356 5976 472 2033 21697 62884 38917 82495 1218 733 59851 453 45154 18881 3379 1178 2870 2800 319 622 3910 3963 1878 2346 50436 4658
leaf_count=87030 8004 4439 1072 1613 3356 5976 472 2033 21697 62884 38917 82495 1218 733 59851 453 45154 18881 3379 1178 2870 2800 319 622 3910 3963 1878 2346 50436 4658
internal_value=1.24107e-05 -0.0494013 0.73108 0.98775 0.152063 -0.103379 1.24927 0.58798 0.0995676 -0.168036 -0.0341889 -0.00734691 0.334924 0.14487 -0.0224404 0.888812 0.0949877 0.275426 1.48017 0.583399 0.329633 0.802612 0.713558 1.68058 1.02237 1.296 0.189677 0.781892 -0.133201 0.408216
internal_weight=524637 491430 33207 20142 103841 387589 13871 11150 92691 200350 187239 148322 13065 70994 142346 5435 51380 19614 8436 5061 6226 7239 3883 4001 4363 4435 3911 3564 137466 6271
internal_count=524637 491430 33207 20142 103841 387589 13871 11150 92691 200350 187239 148322 13065 70994 142346 5435 51380 19614 8436 5061 6226 7239 3883 4001 4363 4435 3911 3564 137466 6271
is_linear=0
shrinkage=0.04


Tree=2
num_leaves=31
num_cat=0
split_feature=7 14 11 9 9 11 11 0 11 13 9 9 6 8 5 6 0 9 9 10 10 14 11 10 10 11 10 10 7 10
split_gain=1.09202e+07 3.08183e+06 1.9442e+06 1.75688e+06 1.47782e+06 769445 692116 658125 477388 415020 360633 323338 295920 241534 227535 223779 170378 167417 142925 134729 132063 135760 131610 144684 129676 115658 204849 114328 114322 108000
threshold=21.23089694976807 6.8609321117401132 -0.80543360114097584 73.875000000000014 73.625000000000014 -0.12758953124284741 -0.48501108586788172 22.798550605773929 -0.37645272910594935 2.4148647785186772 78.875000000000014 73.625000000000014 44.586669921875007 16.125000000000004 8.9532256126403826 12.194082260131838 79.397483825683608 77.375000000000014 73.875000000000014 0.1393099054694176 -0.91246706247329701 15.82595729827881 -0.36046156287193293 -0.80987083911895741 -0.53584328293800343 -0.91939276456832875 -0.82956761121749867 -0.52124115824699391 5.6850485801696786 -0.15207348018884656
decision_type=2 2 2 2 2 2 2 2 2 2 2 2 2 2 2 2 2 2 2 2 2 2 2 2 2 2 2 2 2 2
left_child=1 5 3 7 6 9 15 14 10 28 13 -11 22 -6 -2 -3 24 -13 -15 -18 21 -12 23 -4 -9 -17 -27 -16 -1 -26
right_child=2 4 12 -5 8 -7 -8 16 -10 11 20 17 -14 18 27 25 19 -19 -20 -21 -22 -23 -24 -25 29 26 -28 -29 -30 -31
leaf_value=-0.12621681870572896 0.32731623907841856 0.47879781233168595 0.60480604619456191 0.39195028458035602 0.48546224940349975 -0.19950391314674051 0.1316703472297038 0.7373980359279998 -0.06678899922841626 0.36536208411129878 0.32875131519416634 -0.056911216222882227 0.72918524692967579 0.24782909237721856 0.36951448480125926 1.0764650885724134 1.814544440581852 0.063068478774741629 0.036925475138903742 0.81880483506877211 0.22896658000550243 1.5952172578258432 0.046389830976209981 0.21066029126100891 1.5084640160421767 1.2972208686687794 0.45791180884678634 1.051399314164702 -0.022267462811083029 1.1186995926965535
leaf_weight=128794 1072 3663 2197 6271 2124 109565 5100 628 32240 3635 344 59257 2332 5571 453 2641 2187 27115 65327 268 23948 221 3888 4648 3346 634 1756 3910 19495 2007
leaf_count=128794 1072 3663 2197 6271 2124 109565 5100 628 32240 3635 344 59257 2332 5571 453 2641 2187 27115 65327 268 23948 221 3888 4648 3346 634 1756 3910 19495 2007
internal_value=2.18517e-05 -0.0474223 0.70195 0.948394 0.108494 -0.111773 0.501974 1.1995 0.066635 -0.0714293 0.11074 -0.0036713 0.321579 0.0661588 0.853393 0.718798 1.4212 -0.0192427 0.0535304 1.70961 0.243463 0.843258 0.23242 0.337865 1.30016 0.892242 0.685034 0.981608 -0.112553 1.36469
internal_weight=524637 491430 33207 20142 143569 347861 13794 13871 129775 238296 97535 90007 13065 73022 5435 8694 8436 86372 70898 2455 24513 565 10733 6845 5981 5031 2390 4363 148289 5353
internal_count=524637 491430 33207 20142 143569 347861 13794 13871 129775 238296 97535 90007 13065 73022 5435 8694 8436 86372 70898 2455 24513 565 10733 6845 5981 5031 2390 4363 148289 5353
is_linear=0
shrinkage=0.04


Tree=3
num_leaves=31
num_cat=0
split_feature=7 14 10 9 9 12 0 11 11 11 6 11 9 9 9 8 5 11 10 0 0 10 6 10 11 10 10 8 8 10
split_gain=1.00672e+07 2.86295e+06 1.79244e+06 1.61997e+06 1.26404e+06 945876 606876 503517 330494 287859 279071 270636 427595 249448 246717 221920 209910 163375 158784 158561 154461 149447 132893 114136 107868 105768 104529 103053 99789.1 110020
threshold=21.23089694976807 8.9239869117736834 -0.59262362122535694 73.875000000000014 73.625000000000014 0.49387064576148992 22.798550605773929 -0.48501108586788172 -0.37645272910594935 0.078402601182460799 32.123239517211921 -0.19547851383686063 73.625000000000014 78.125000000000014 78.625000000000014 16.875000000000004 8.8221988677978533 -0.36046156287193293 -0.90529522299766529 63.910346984863288 10.169205665588381 -0.82956761121749867 17.401948928833011 0.1393099054694176 -0.09339838474988936 -0.53584328293800343 -0.52124115824699391 19.125000000000004 15.875000000000002 -0.47652685642242426
decision_type=2 2 2 2 2 2 2 2 2 2 2 2 2 2 2 2 2 2 2 2 2 2 2 2 2 2 2 2 2 2
left_child=1 5 10 6 7 9 16 22 14 -1 -2 12 -7 -14 15 20 -4 21 -16 25 -6 -12 -3 27 -9 -8 -18 -21 -5 -30
right_child=2 4 3 28 8 11 19 24 -10 -11 17 -13 13 -15 18 -17 26 -19 -20 23 -22 -23 -24 -25 -26 -27 -28 -29 29 -31
leaf_value=-0.12324937918393275 0.16142734196089728 0.60179729089500733 0.30612037419594862 0.89164556556853702 0.13054674613659109 0.32601759742697384 0.66216248747501627 0.37803467894843229 -0.044048557858027311 -0.2263663566219829 0.98729220705253085 -0.12467667085276821 -0.046672249318286528 0.084977145482745778 0.80059699011917873 0.056822505473667767 0.3550531409793487 0.20181939346379385 0.22651107367886844 1.7708723244132287 0.57130997004710571 0.45609387605104906 0.95766363025428169 0.85965000406270664 -0.041739237319630709 1.2784660332799898 1.0068939214853194 1.1253062593841807 0.61904735392439358 0.22056596833219039
leaf_weight=138569 8004 4439 1045 542 2759 5955 533 2033 21697 63048 1544 38614 112455 28948 793 44595 453 1579 20484 2528 2363 1938 2800 353 1878 4468 3937 554 1504 4225
leaf_count=138569 8004 4439 1045 542 2759 5955 533 2033 21697 63048 1544 38614 112455 28948 793 44595 453 1579 20484 2528 2363 1938 2800 353 1878 4468 3937 554 1504 4225
internal_value=3.32157e-05 -0.0455202 0.673989 0.91062 0.140996 -0.0954931 1.15174 0.543186 0.0925622 -0.155505 0.308764 -0.0304279 -0.00572398 -0.0197169 0.134313 0.0855022 0.819386 0.541001 0.248273 1.36464 0.334607 0.693792 0.740575 1.57945 0.176874 1.21423 0.940591 1.65884 0.376297 0.326073
internal_weight=524637 491430 33207 20142 103841 387589 13871 11150 92691 201617 13065 185972 147358 141403 70994 49717 5435 5061 21277 8436 5122 3482 7239 3435 3911 5001 4390 3082 6271 5729
internal_count=524637 491430 33207 20142 103841 387589 13871 11150 92691 201617 13065 185972 147358 141403 70994 49717 5435 5061 21277 8436 5122 3482 7239 3435 3911 5001 4390 3082 6271 5729
is_linear=0
shrinkage=0.04


Tree=4
num_leaves=31
num_cat=0
split_feature=6 9 13 10 9 10 11 11 9 0 7 8 11 13 11 18 10 0 8 10 9 11 10 10 10 7 6 6 9 8
split_gain=9.28714e+06 3.65766e+06 2.13705e+06 1.47313e+06 1.04091e+06 528419 467414 406447 375222 367546 231369 224901 214517 209413 201483 165010 162654 159842 155345 154009 154169 152348 125600 120846 106706 177893 96816.8 95769.9 92697.6 88757.3
threshold=19.028192520141605 73.875000000000014 3.7953608036041264 -0.55028682947158802 73.625000000000014 -0.56456753611564625 0.18069575726985934 -0.19547851383686063 78.875000000000014 57.113914489746101 5.5609953403472909 16.625000000000004 -0.31186713278293604 0.55882760882377636 -0.16162966936826703 59.310050964355476 1.0000000180025095e-35 9.1880078315734881 16.125000000000004 -0.59262362122535694 78.125000000000014 -0.9970029592514037 0.05372969992458821 -0.56456753611564625 -0.97312742471694935 12.321479320526125 6.6769797801971444 7.60060739517212 73.875000000000014 18.875000000000004
decision_type=2 2 2 2 2 2 2 2 2 2 2 2 2 2 2 2 2 2 2 2 2 2 2 2 2 2 2 2 2 2
left_child=2 3 6 12 5 14 13 8 18 17 -7 -3 15 -1 24 -2 19 -5 -6 -13 -21 -12 29 -22 25 -4 -15 -20 -29 -11
right_child=1 11 4 9 7 10 -8 -9 -10 22 21 16 -14 26 -16 -17 -18 -19 27 20 23 -23 -24 -25 -26 -27 -28 28 -30 -31
leaf_value=-0.13379739716028463 0.46845481761082847 0.60287891326870047 1.3559771797857212 0.69101574727298498 0.32264399490046464 0.30851713765487676 -0.2192176483017147 -0.10984665644674381 0.18409782588888465 1.7137397581382519 0.33884666029790028 0.081487558280852246 0.17900787583587646 -0.072828733488314354 -0.029278292158675705 0.86192208153285199 -0.17155960395450437 1.1049593304058505 -0.020782933979587054 0.088820737119301163 1.1894869251080922 0.97479710401893305 1.0273995977944188 0.38161897741831147 0.27422943998124194 0.029915638880713004 0.027329398040206409 0.26038374585901586 0.040254639243606914 1.1952631420303395
leaf_weight=111416 4495 1924 383 1953 2640 1926 59764 29420 28159 2500 768 10305 2335 106285 4065 2799 2217 7429 59711 3433 305 3054 882 5877 5809 276 18061 3290 42339 817
leaf_count=111416 4495 1924 383 1953 2640 1926 59764 29420 28159 2500 768 10305 2335 106285 4065 2799 2217 7429 59711 3433 305 3054 882 5877 5809 276 18061 3290 42339 817
internal_value=4.28884e-05 0.534792 -0.0529206 0.892936 0.054971 0.36005 -0.119307 0.0249497 0.0540855 1.16126 0.668234 0.189088 0.513674 -0.093972 0.191396 0.620417 0.152868 1.01962 0.020167 0.189043 0.304113 0.848226 1.47456 0.423333 0.329916 0.80935 -0.0582799 0.0125565 0.0561802 1.59001
internal_weight=524637 47271 477366 23210 181840 16281 295526 165559 136139 13581 5748 24061 9629 235762 10533 7294 22137 9382 107980 19920 9615 3822 4199 6182 6468 659 124346 105340 45629 3317
internal_count=524637 47271 477366 23210 181840 16281 295526 165559 136139 13581 5748 24061 9629 235762 10533 7294 22137 9382 107980 19920 9615 3822 4199 6182 6468 659 124346 105340 45629 3317
is_linear=0
shrinkage=0.04


Tree=5
num_leaves=31
num_cat=0
split_feature=6 9 13 10 9 10 11 11 9 0 7 8 11 11 7 8 18 10 8 11 10 9 10 12 10 0 10 14 6 10
split_gain=8.56135e+06 3.37178e+06 1.97219e+06 1.3581e+06 950951 505713 405488 379259 360274 342810 227694 207361 197738 196221 182659 158994 152139 149959 145311 144905 142022 142163 137967 128686 122413 119092 111802 98373.7 96430.1 90545.9
threshold=19.028192520141605 73.875000000000014 3.4126545190811162 -0.55028682947158802 73.625000000000014 -0.56456753611564625 0.18069575726985934 -0.19547851383686063 78.875000000000014 22.798550605773929 5.5609953403472909 16.625000000000004 -0.31186713278293604 -0.16162966936826703 5.1976544857025155 19.125000000000004 59.310050964355476 -1.0000000180025095e-35 16.125000000000004 -0.9970029592514037 -0.59262362122535694 78.125000000000014 -0.15207348018884656 0.048483595252037055 -0.31900864839553827 73.244403839111342 -0.56456753611564625 23.536055564880375 9.2180037498474139 -0.97312742471694935
decision_type=2 2 2 2 2 2 2 2 2 2 2 2 2 2 2 2 2 2 2 2 2 2 2 2 2 2 2 2 2 2
left_child=2 3 6 12 5 13 14 8 18 -5 -7 -3 16 29 23 22 -2 20 -6 -12 -13 -22 24 -1 25 27 -23 -11 -20 -4
right_child=1 11 4 9 7 10 -8 -9 -10 15 19 17 -14 -15 -16 -17 -18 -19 28 -21 21 26 -24 -25 -26 -27 -28 -29 -30 -31
leaf_value=-0.15048931731413129 0.44975821786325898 0.57888844804512052 0.73960149513914231 0.83921593768309055 0.30529472199787566 0.28672548555140159 -0.21093775529232889 -0.10537623511776223 0.1726659478318798 1.8964678311004559 0.31990906454061147 0.078231214024802848 0.17187809291842587 -0.035120153533141671 -0.027838142207752332 0.87365997516451654 0.82756794207343154 -0.16472803208055306 -0.016034312958780775 0.9329819170690532 0.085278223756615007 1.1434178892076015 1.1247311736892958 -0.081330540970991017 1.7880479727481511 1.7043283972189627 0.36638015131257429 0.99991341729289862 0.064326060860759218 0.25872597007648118
leaf_weight=79379 4495 1924 695 4791 2700 2035 59012 31412 29485 233 786 10305 2335 4357 52539 1475 2799 2217 77120 3112 3433 305 3020 94160 1539 907 5877 1616 34604 5970
leaf_count=79379 4495 1924 695 4791 2700 2035 59012 31412 29485 233 786 10305 2335 4357 52539 1475 2799 2217 77120 3112 3433 305 3020 94160 1539 907 5877 1616 34604 5970
internal_value=5.10419e-05 0.51348 -0.0508008 0.857343 0.0481983 0.334159 -0.117569 0.0205261 0.048013 1.11498 0.631629 0.181561 0.493189 0.173607 -0.0931892 1.26416 0.595673 0.146782 0.0158799 0.810496 0.181517 0.292018 1.3416 -0.112972 1.49112 1.31944 0.406501 1.12249 0.00885904 0.309903
internal_weight=524637 47271 477366 23210 192276 16955 285090 175321 143909 13581 5933 24061 9629 11022 226078 8790 7294 22137 114424 3898 19920 9615 7315 173539 4295 2756 6182 1849 111724 6665
internal_count=524637 47271 477366 23210 192276 16955 285090 175321 143909 13581 5933 24061 9629 11022 226078 8790 7294 22137 114424 3898 19920 9615 7315 173539 4295 2756 6182 1849 111724 6665
is_linear=0
shrinkage=0.04


Tree=6
num_leaves=31
num_cat=0
split_feature=7 14 10 9 9 11 12 0 11 9 6 8 6 5 11 9 9 0 11 9 10 10 2 9 18 9 10 10 11 10
split_gain=7.89686e+06 2.29378e+06 1.43017e+06 1.26383e+06 1.12213e+06 563289 516092 488308 389571 313806 233055 197506 186362 180124 153448 220234 208970 133470 130767 121976 108573 108253 136545 105012 111694 103638 101739 94714.5 222168 94184.8
threshold=21.23089694976807 6.1448347568511972 -0.59262362122535694 73.875000000000014 73.625000000000014 -0.48501108586788172 0.071804106235504164 22.798550605773929 -0.37645272910594935 78.625000000000014 44.586669921875007 16.125000000000004 11.341433525085451 8.9532256126403826 -0.14463099837303159 73.625000000000014 76.125000000000014 79.397483825683608 0.14675828069448474 73.875000000000014 0.1393099054694176 -0.91246706247329701 8.9790892601013201 73.875000000000014 37.304473876953132 76.625000000000014 -0.53584328293800343 -0.82956761121749867 -0.91939276456832875 -0.15207348018884656
decision_type=2 2 2 2 2 2 2 2 2 2 2 2 2 2 2 2 2 2 2 2 2 2 2 2 2 2 2 2 2 2
left_child=1 6 10 7 5 12 18 13 9 11 23 -6 -3 -4 15 -8 -17 26 -1 -13 -19 22 -11 24 -2 -21 -9 -14 -29 -28
right_child=2 4 3 -5 8 -7 14 17 -10 21 -12 19 27 -15 -16 16 -18 20 -20 25 -22 -23 -24 -25 -26 -27 29 28 -30 -31
leaf_value=-0.1293271332589257 0.17014080889299155 0.38472580160532571 0.25565621029303276 0.33637583710004804 0.41720797332396997 0.099312776989890036 0.23463776326909996 0.60851736375011012 -0.062314374467521798 0.31165204249261841 0.63243584186591073 0.21080465330661433 1.1935594070325506 0.83727469203128169 -0.12899972788062258 -0.092441732696333448 0.004385244750856933 1.5609032686281412 -0.20909210813603271 -0.021054454468067817 0.6716349159299041 0.18864238717664461 1.5311113617127692 0.032829687105654884 0.51590579810350301 0.075643765836904756 1.2958519521537786 0.91050277601095264 0.35615881292085916 0.93484918187848209
leaf_weight=96318 4332 3683 1072 6271 2233 5635 4591 628 36921 482 2332 5921 695 4363 36858 75195 67824 2187 50009 39774 268 28247 206 4115 2286 31988 3346 2895 1955 2007
leaf_count=96318 4332 3683 1072 6271 2233 5635 4591 628 36921 482 2332 5921 695 4363 36858 75195 67824 2187 50009 39774 268 28247 206 4115 2286 31988 3346 2895 1955 2007
internal_value=6.06024e-05 -0.0402848 0.596965 0.808333 0.0837239 0.414693 -0.100505 1.02131 0.0499519 0.0880335 0.270735 0.0471549 0.606962 0.723236 -0.0560013 -0.0377662 -0.0465263 1.21226 -0.1566 0.0364653 1.46694 0.200882 0.693485 0.191631 0.290174 0.0220534 1.10544 0.753613 0.688243 1.1625
internal_weight=524637 491430 33207 20142 160635 14863 330795 13871 145772 108851 13065 79916 9228 5435 184468 147610 143019 8436 146327 77683 2455 28935 688 10733 6618 71762 5981 5545 4850 5353
internal_count=524637 491430 33207 20142 160635 14863 330795 13871 145772 108851 13065 79916 9228 5435 184468 147610 143019 8436 146327 77683 2455 28935 688 10733 6618 71762 5981 5545 4850 5353
is_linear=0
shrinkage=0.04


Tree=7
num_leaves=31
num_cat=0
split_feature=6 9 13 10 9 11 11 9 0 11 8 11 11 10 7 8 7 10 0 18 11 10 9 9 10 10 10 14 14 11
split_gain=7.32691e+06 2.87094e+06 1.70513e+06 1.15668e+06 837199 484949 348616 341441 298933 284319 186393 174311 167868 158673 159876 152046 143504 138452 132969 132812 132550 124777 126028 119824 114301 105181 103374 97536 85489.8 78789.6
threshold=19.028192520141605 73.875000000000014 2.4646238088607793 -0.55028682947158802 73.625000000000014 -0.17858051508665082 -0.19547851383686063 77.875000000000014 57.113914489746101 -0.09339838474988936 16.625000000000004 -0.31186713278293604 -0.91939276456832875 -0.31900864839553827 5.5609953403472909 16.625000000000004 5.6850485801696786 -1.0000000180025095e-35 9.1880078315734881 59.310050964355476 -0.9970029592514037 -0.59262362122535694 78.375000000000014 73.875000000000014 -0.9769422411918639 -0.56456753611564625 0.05372969992458821 10.745212554931642 11.050089836120607 -0.92921787500381459
decision_type=2 2 2 2 2 2 2 2 2 2 2 2 2 2 2 2 2 2 2 2 2 2 2 2 2 2 2 2 2 2
left_child=2 3 9 11 5 12 7 15 18 16 -3 19 13 -4 -15 23 -1 21 -5 -2 -16 -12 -23 -6 -14 -24 -10 -9 -26 -20
right_child=1 10 4 8 6 -7 -8 27 26 -11 17 -13 24 14 20 -17 -18 -19 29 -21 -22 22 25 -25 28 -27 -28 -29 -30 -31
leaf_value=-0.10376312644841754 0.41617709673984965 0.54546179413109741 1.6018658757010482 0.60308563889803835 0.54008012112966353 -0.031071413176338328 -0.10033786291726729 0.084863777002363874 1.4171648987065379 -0.17401793659351775 0.072358909752584688 0.15463381436327372 0.95890895880667681 0.23076536275201562 0.26611312787054164 -0.012591855609418478 -0.0077137636545268973 -0.16351492633513764 1.0708714777241544 0.7691366925434302 0.85955729227858135 0.093022038176837921 1.1242084039472695 0.10246893276033582 0.14950984405474638 0.34932248951273454 0.90768181666815373 0.20539702038485025 0.41702304191966316 0.78090190278117899
leaf_weight=134189 4495 1924 233 1953 1239 5347 36990 33002 3317 91107 10305 2335 399 1694 815 110611 30557 2217 5076 2799 2430 3794 288 5082 4232 5533 882 15936 3503 2353
leaf_count=134189 4495 1924 233 1953 1239 5347 36990 33002 3317 91107 10305 2335 399 1694 815 110611 30557 2217 5076 2799 2430 3794 288 5082 4232 5533 882 15936 3503 2353
internal_value=6.8186e-05 0.475042 -0.0469749 0.79234 0.0342718 0.290645 0.0106851 0.0354485 1.0301 -0.117315 0.168764 0.456271 0.419853 0.598097 0.547603 -0.00168111 -0.0859495 0.135793 0.902426 0.552489 0.711786 0.169169 0.272744 0.188964 0.30592 0.389523 1.31256 0.124148 0.271042 0.980202
internal_weight=524637 47271 477366 23210 221513 18653 202860 165870 13581 255853 24061 9629 13306 5172 4939 116932 164746 22137 9382 7294 3245 19920 9615 6321 8134 5821 4199 48938 7735 7429
internal_count=524637 47271 477366 23210 221513 18653 202860 165870 13581 255853 24061 9629 13306 5172 4939 116932 164746 22137 9382 7294 3245 19920 9615 6321 8134 5821 4199 48938 7735 7429
is_linear=0
shrinkage=0.04


Tree=8
num_leaves=31
num_cat=0
split_feature=6 9 13 10 9 11 11 0 11 9 5 7 13 11 10 10 11 8 10 8 0 11 10 10 10 9 10 7 9 10
split_gain=6.75422e+06 2.64877e+06 1.57744e+06 1.0585e+06 753666 393040 347039 316445 299909 281287 176484 169114 165770 144479 128918 127161 126804 125666 122853 121385 105963 100283 111364 112190 95163.5 94987.2 93229.2 166811 92913 103374
threshold=19.028192520141605 74.125000000000014 3.8627563714981084 -0.55028682947158802 73.625000000000014 -0.82534202933311451 0.18069575726985934 34.673616409301765 -0.19547851383686063 78.875000000000014 43.050436019897468 5.8208377361297616 0.53757891058921825 -0.16162966936826703 1.0000000180025095e-35 -0.59262362122535694 -0.9970029592514037 19.125000000000004 -0.15207348018884656 16.625000000000004 6.5354676246643075 -0.31186713278293604 -0.80987083911895741 -0.85671821236610401 -0.3992436677217483 73.875000000000014 -0.97312742471694935 12.321479320526125 78.875000000000014 -0.56456753611564625
decision_type=2 2 2 2 2 2 2 2 2 2 2 2 2 2 2 2 2 2 2 2 2 2 2 2 2 2 2 2 2 2
left_child=2 3 6 10 5 11 12 20 9 19 21 -4 -1 26 15 -3 -13 18 24 25 -5 22 23 -2 -9 -6 27 -7 -17 -30
right_child=1 14 4 7 8 13 -8 17 -10 -11 -12 16 -14 -15 -16 28 -18 -19 -20 -21 -22 -23 -24 -25 -26 -27 -28 -29 29 -31
leaf_value=-0.11602140683945995 0.45935433039541923 0.071312639238064565 0.27630570843544539 0.47217073160882522 0.52493319366122382 1.2624358885695053 -0.18774925418569349 1.0830611370905234 -0.09381237157733914 0.16076969792504822 0.69579259760675161 0.26962742058086742 -0.048968825247471058 -0.025572928175291113 -0.15017800236576759 0.14128211784009326 0.85299943574287695 0.74345679591016278 0.99110169500467604 0.0080785294312975021 0.84653006291267718 0.078868723813057942 0.25844710761143769 1.1125549559874082 1.5296115541822182 0.11605012146789596 0.22809773478671247 -0.026477934234683458 1.1673857350567824 0.34796412818968953
leaf_weight=109769 1719 10268 1995 1576 1126 379 59877 1361 29107 27924 2800 761 127573 4015 2241 4524 2957 1140 2550 101232 5932 1987 3234 562 2275 4599 5779 273 252 4850
leaf_count=109769 1719 10268 1995 1576 1126 379 59877 1361 29107 27924 2800 761 127573 4015 2241 4524 2957 1140 2550 101232 5932 1987 3234 562 2275 4599 5779 273 252 4850
internal_value=7.54672e-05 0.456109 -0.0450917 0.73701 0.0483042 0.308853 -0.1017 0.953327 0.022613 0.0477424 0.424911 0.575349 -0.0799838 0.162693 0.136935 0.169337 0.734638 1.14125 1.21324 0.0182214 0.768681 0.323018 0.41068 0.624446 1.36589 0.197245 0.280089 0.730505 0.273717 0.390642
internal_weight=524637 47271 477366 25136 180147 16159 297219 14834 163988 134881 10302 5713 237342 10446 22135 19894 3718 7326 6186 106957 7508 7502 5515 2281 3636 5725 6431 652 9626 5102
internal_count=524637 47271 477366 25136 180147 16159 297219 14834 163988 134881 10302 5713 237342 10446 22135 19894 3718 7326 6186 106957 7508 7502 5515 2281 3636 5725 6431 652 9626 5102
is_linear=0
shrinkage=0.04


Tree=9
num_leaves=31
num_cat=0
split_feature=6 9 13 10 9 11 0 11 9 11 8 11 10 10 8 18 9 10 7 10 9 8 10 11 10 10 7 5 14 7
split_gain=6.24851e+06 2.90419e+06 1.24849e+06 1.16856e+06 515832 327574 290755 270050 275008 242418 175976 171224 141412 153981 134295 132798 128444 120664 120190 115931 105458 105734 104229 101454 121959 112229 155532 97028.8 99298.6 95706
threshold=16.3505973815918 73.875000000000014 2.4646238088607793 -0.55028682947158802 73.625000000000014 -0.17858051508665082 22.798550605773929 -0.19547851383686063 77.625000000000014 -0.09339838474988936 16.125000000000004 -0.31186713278293604 1.0000000180025095e-35 -0.59262362122535694 19.125000000000004 59.310050964355476 78.375000000000014 -0.56456753611564625 2.4367022514343266 -0.15207348018884656 73.875000000000014 16.875000000000004 -0.31900864839553827 -0.91939276456832875 -0.30265928804874415 -0.97312742471694935 12.321479320526125 94.673366546630874 20.909932136535648 4.4681060314178476
decision_type=2 2 2 2 2 2 2 2 2 2 2 2 2 2 2 2 2 2 2 2 2 2 2 2 2 2 2 2 2 2
left_child=2 3 9 11 5 23 -5 8 20 18 -3 15 13 -12 19 -2 -15 -18 -1 22 21 -6 27 24 -4 26 -25 28 -8 -26
right_child=1 10 4 6 7 -7 14 -9 -10 -11 12 -13 -14 16 -16 -17 17 -19 -20 -21 -22 -23 -24 25 29 -27 -28 -29 -30 -31
leaf_value=-0.10881036211157928 0.37134353663746383 0.54463475222124114 1.3571393660295243 0.70421896769906511 0.44301453801085844 -0.032474924828023645 1.8379622419151929 -0.095142200144383099 0.10370737702513189 -0.16149516094940317 0.061554002193322223 0.13488050678973687 -0.12727308628650127 0.10766691217705519 0.72831924695514572 0.70819471197093498 1.0622116511720772 0.31978811183945394 -0.0392573474222098 0.95278396422374634 -0.020492627100094619 0.061971196752277607 1.5444106201449463 1.3760743802071178 0.16667384398929486 0.2132342875213373 -0.028462843673491695 1.6890579593304649 0.92555571232275058 0.5783242103916022
leaf_weight=96070 5514 1622 245 5605 1427 5027 214 35614 50529 90860 15560 3003 3343 5946 1581 2871 361 7089 67834 3218 99435 6184 1606 309 1322 6521 208 426 2174 2919
leaf_count=96070 5514 1622 245 5605 1427 5027 214 35614 50529 90860 15560 3003 3343 5946 1581 2871 361 7089 67834 3218 99435 6184 1606 309 1322 6521 208 426 2174 2919
internal_value=8.23982e-05 0.383717 -0.0495887 0.699865 0.0226856 0.236931 0.933925 0.00431935 0.0268036 -0.109089 0.139283 0.394631 0.118765 0.147204 1.07267 0.487387 0.24657 0.357139 -0.080029 1.1429 -0.0095037 0.133901 1.27885 0.354377 0.503112 0.258995 0.821182 1.12236 1.01464 0.450699
internal_weight=524637 60133 464504 26212 209740 16551 14824 193189 157575 254764 33921 11388 32299 28956 9219 8385 13396 7450 163904 7638 107046 7611 4420 11524 4486 7038 517 2814 2388 4241
internal_count=524637 60133 464504 26212 209740 16551 14824 193189 157575 254764 33921 11388 32299 28956 9219 8385 13396 7450 163904 7638 107046 7611 4420 11524 4486 7038 517 2814 2388 4241
is_linear=0
shrinkage=0.04


Tree=10
num_leaves=31
num_cat=0
split_feature=6 14 9 9 12 10 11 11 10 11 0 9 11 9 8 10 9 11 0 0 11 10 14 11 7 2 7 10 8 10
split_gain=5.77291e+06 2.12695e+06 1.21147e+06 892040 680048 487235 479645 209541 206822 205993 201225 196251 204302 168358 162269 145666 143213 136221 134476 123168 121082 313404 114353 110815 103115 91385.4 84784.9 79055 88760.2 78523.1
threshold=28.196482658386234 9.9216299057006854 74.125000000000014 73.625000000000014 1.0799655914306643 -0.56456753611564625 -0.8349313735961913 0.078402601182460799 -0.15207348018884656 -0.37645272910594935 57.113914489746101 73.625000000000014 -0.91939276456832875 79.375000000000014 17.125000000000004 -0.90529522299766529 76.625000000000014 -0.14463099837303159 10.169205665588381 9.1880078315734881 -0.48501108586788172 -0.82956761121749867 26.118380546569828 -0.09339838474988936 12.133809566497805 60.395702362060554 1.9559921026229861 0.1393099054694176 19.125000000000004 -0.50648479163646687
decision_type=2 2 2 2 2 2 2 2 2 2 2 2 2 2 2 2 2 2 2 2 2 2 2 2 2 2 2 2 2 2
left_child=1 4 5 6 7 23 8 26 19 13 -7 12 -6 14 18 24 -13 -18 -5 -3 21 -8 -21 25 -15 -2 -1 28 29 -12
right_child=2 3 -4 9 11 10 20 -9 -10 -11 27 16 -14 15 -16 -17 17 -19 -20 22 -22 -23 -24 -25 -26 -27 -28 -29 -30 -31
leaf_value=-0.11793038211996169 0.43643009457641357 0.51707194322901606 0.16228329923251664 0.09467407724750837 0.45824123862648714 0.81719878350937791 1.0408651261253643 -0.17217816487223803 0.51739798854998043 -0.028454173143152555 0.7290896507019331 -0.051586733583921573 0.056321591144255889 0.23538041664982723 0.05870650125960198 0.21918583039640427 0.049207560987447135 -0.11110668064013896 0.45090621501352601 1.3947105569881595 0.095298053117909384 0.21792460990683013 0.6175125955008306 -0.10007644061629167 1.4271146129846144 0.8182110895389586 -0.061432162734741641 0.67927959661200488 0.77200419214069838 1.409669249260264
leaf_weight=82307 3721 606 6824 3467 2710 7119 933 67197 3284 18347 341 89424 7917 207 42056 14142 57556 9936 3321 1223 4298 3487 434 466 269 1400 87951 495 590 2609
leaf_count=82307 3721 606 6824 3467 2710 7119 933 67197 3284 18347 341 89424 7917 207 42056 14142 57556 9936 3321 1223 4298 3487 434 466 269 1400 87951 495 590 2609
internal_value=9.08281e-05 -0.0286892 0.611804 0.140506 -0.0688283 0.794833 0.432283 -0.112366 0.722814 0.0895822 0.947679 -0.00712082 0.15915 0.123706 0.0880316 0.242765 -0.0183908 0.0255935 0.269366 1.01732 0.246811 0.393593 1.19607 0.488541 0.924367 0.542194 -0.0887501 1.1753 1.24255 1.33373
internal_weight=524637 501072 23565 96074 404998 16741 14265 237455 5547 81809 11154 167543 10627 63462 48844 14618 156916 67492 6788 2263 8718 4420 1657 5587 476 5121 170258 4035 3540 2950
internal_count=524637 501072 23565 96074 404998 16741 14265 237455 5547 81809 11154 167543 10627 63462 48844 14618 156916 67492 6788 2263 8718 4420 1657 5587 476 5121 170258 4035 3540 2950
is_linear=0
shrinkage=0.04


Tree=11
num_leaves=31
num_cat=0
split_feature=6 9 12 10 9 11 0 11 9 8 18 11 10 10 6 7 10 4 9 10 3 8 10 10 11 10 10 7 11 9
split_gain=5.32978e+06 2.48406e+06 1.08483e+06 999122 427257 271623 254750 236833 219990 152188 149061 137405 130199 138584 128959 126686 124531 121914 117021 111803 103872 99575.1 94875.9 151332 91008.8 109502 98738.3 93067 87177.6 76253.6
threshold=16.3505973815918 73.875000000000014 1.2726479768753054 -0.55028682947158802 73.625000000000014 -0.17858051508665082 19.209922790527347 -0.09339838474988936 78.875000000000014 16.125000000000004 59.310050964355476 -0.92602273821830738 -1.0000000180025095e-35 -0.59262362122535694 7.3061826229095468 3.697281122207642 -0.083760455250740037 18.672810554504398 78.375000000000014 -0.56456753611564625 14.549619197845461 19.125000000000004 -0.36747109889984125 -0.35141934454441065 -0.92602273821830738 -0.30265928804874415 -0.9769422411918639 4.5781829357147226 -0.39233249425888056 77.875000000000014
decision_type=2 2 2 2 2 2 2 2 2 2 2 2 2 2 2 2 2 2 2 2 2 2 2 2 2 2 2 2 2 2
left_child=2 3 7 10 5 24 -5 15 14 -3 -2 16 13 -11 -6 -1 -10 -8 -15 -20 -19 -22 -21 -24 25 -4 -26 -27 -12 -17
right_child=1 9 4 6 8 -7 17 -9 11 12 28 -13 -14 18 -16 29 -18 20 19 22 21 -23 23 -25 26 27 -28 -29 -30 -31
leaf_value=-0.098215774684648038 0.26412301514358244 0.50530203627677006 1.3061960433596533 0.62083154101145632 -0.038847426572326468 -0.039978158164763043 0.84661039694317852 -0.15219320085528862 0.36236741813732243 0.055300507720704294 0.7102642191971752 0.03728435637339949 -0.12681051477089114 0.098247244516111984 0.03873806112993422 -0.053120906724440371 0.1013445568344651 1.5185086725950243 1.0149611480148493 0.13432139657282632 1.1033564605611188 0.41655360388870777 1.3006014206092364 0.35859478705560954 0.86346405869067033 0.14004193035826157 0.20161925770011724 0.55172954489319392 0.29169780324331351 0.048662483220016733
leaf_weight=105912 7715 1622 229 4792 107851 4598 5456 91938 4864 15560 2469 21305 3343 5946 50236 42683 7340 935 361 3111 3246 395 287 3691 372 1304 6880 2738 1204 16254
leaf_count=105912 7715 1622 229 4792 107851 4598 5456 91938 4864 15560 2469 21305 3343 5946 50236 42683 7340 935 361 3111 3246 395 287 3691 372 1304 6880 2738 1204 16254
internal_value=9.68249e-05 0.354407 -0.0457775 0.646795 0.0221888 0.219895 0.863222 -0.100755 0.00554308 0.128344 0.364557 0.098624 0.109264 0.136553 -0.0141919 -0.0720595 0.205589 0.978271 0.230819 0.336355 1.13306 1.03019 0.300416 0.429648 0.323537 0.470065 0.236712 0.419587 0.574224 -0.025047
internal_weight=524637 60133 464504 26212 207717 16121 14824 256787 191596 33921 11388 33509 32299 28956 158087 164849 12204 10032 13396 7450 4576 3641 7089 3978 11523 4271 7252 4042 3673 58937
internal_count=524637 60133 464504 26212 207717 16121 14824 256787 191596 33921 11388 33509 32299 28956 158087 164849 12204 10032 13396 7450 4576 3641 7089 3978 11523 4271 7252 4042 3673 58937
is_linear=0
shrinkage=0.04


Tree=12
num_leaves=31
num_cat=0
split_feature=6 6 9 9 12 10 10 11 9 0 11 11 9 9 0 11 10 10 14 10 14 11 8 10 3 10 10 10 10 4
split_gain=4.9327e+06 1.83534e+06 1.03813e+06 862007 532893 529867 414523 183118 206568 179010 174129 137544 188140 146058 137372 136153 268432 123549 135048 121680 134088 100081 95750.5 85083.4 83546.7 75900 210248 167431 98685 80869.5
threshold=28.196482658386234 9.2180037498474139 74.125000000000014 73.875000000000014 1.0799655914306643 -0.55028682947158802 -0.56456753611564625 -0.37645272910594935 78.125000000000014 57.113914489746101 0.078402601182460799 -0.14463099837303159 73.625000000000014 76.875000000000014 9.9974517822265643 -0.48501108586788172 -0.82956761121749867 -0.15207348018884656 19.334137916564945 -0.91246706247329701 16.476903915405277 -0.09339838474988936 16.625000000000004 0.19020386785268786 17.065926551818851 -0.01505099539645016 -0.31900864839553827 0.22386012226343158 -0.44600489735603327 48.252965927124031
decision_type=2 2 2 2 2 2 2 2 2 2 2 2 2 2 2 2 2 2 2 2 2 2 2 2 2 2 2 2 2 2
left_child=1 4 6 5 10 15 21 8 22 25 -1 12 -6 -14 23 16 -3 18 -16 20 -10 24 -5 -7 -2 26 28 29 -8 -27
right_child=2 3 -4 7 11 14 9 -9 19 -11 -12 -13 13 -15 17 -17 -18 -19 -20 -21 -22 -23 -24 -25 -26 27 -28 -29 -30 -31
leaf_value=-0.082606684620972218 0.76154256885557647 0.85841388903864102 0.14942992886065165 0.28889833707971913 0.21500533564298432 0.27455442443491529 0.86404043138207809 -0.041825712396564144 0.23698016961744753 1.0905484146582267 -0.1591997724395153 -0.090105576415480407 -0.037821376545752294 0.049668672758282871 1.2724651549373485 0.06772083918834064 0.19309986850486627 0.53739543547572288 0.66445573869797292 0.1733039251030509 1.5073965654018784 -0.10671704136085611 0.02184997013862644 0.78700442330802345 0.40020736829105341 0.20981426292013353 1.1230787852192772 1.2394027960980023 0.39359193390806757 1.0360301883651741
leaf_weight=167108 1445 1208 6824 2279 6577 2475 1310 19676 322 4035 66371 28545 79344 49611 1053 6936 4820 2848 1409 24638 222 466 34976 654 3676 1294 2267 411 1623 214
leaf_count=167108 1445 1208 6824 2279 6577 2475 1310 19676 322 4035 66371 28545 79344 49611 1053 6936 4820 2848 1409 24638 222 466 34976 654 3676 1294 2267 411 1623 214
internal_value=0.000102393 -0.0265009 0.565551 0.123516 -0.0655647 0.349545 0.73498 0.0645658 0.0980947 0.875962 -0.104386 -0.0103201 0.00648929 -0.00416135 0.596071 0.188732 0.327628 0.720182 0.928598 0.186567 0.773273 0.452459 0.0382593 0.383829 0.503451 0.752977 0.833113 0.532637 0.605936 0.333115
internal_weight=524637 501072 23565 103516 397556 21403 16741 82113 62437 11154 233479 164077 135532 128955 8439 12964 6028 5310 2462 25182 544 5587 37255 3129 5121 7119 5200 1919 2933 1508
internal_count=524637 501072 23565 103516 397556 21403 16741 82113 62437 11154 233479 164077 135532 128955 8439 12964 6028 5310 2462 25182 544 5587 37255 3129 5121 7119 5200 1919 2933 1508
is_linear=0
shrinkage=0.04


Tree=13
num_leaves=31
num_cat=0
split_feature=6 14 9 9 12 10 10 10 11 0 9 11 9 9 8 10 0 11 12 14 11 10 3 11 2 7 10 10 8 11
split_gain=4.54783e+06 1.69591e+06 957285 729225 497372 386988 382685 196219 184322 168403 148165 146806 232162 187671 144248 132852 117552 111845 102889 121278 99237.9 259805 110761 95022.9 96281.9 86790.9 77213.1 75796.3 73251 72790.2
threshold=28.196482658386234 9.2698264122009295 74.125000000000014 73.625000000000014 0.25192426145076757 -0.55028682947158802 -0.55028682947158802 -0.15207348018884656 -0.37645272910594935 57.113914489746101 79.375000000000014 -0.19547851383686063 73.625000000000014 76.375000000000014 16.875000000000004 -0.90529522299766529 10.169205665588381 0.14675828069448474 9.519961357116701 26.118380546569828 -0.48501108586788172 -0.82956761121749867 2.3287252187728886 -0.09339838474988936 60.395702362060554 12.133809566497805 -0.85671821236610401 0.1393099054694176 19.125000000000004 -0.92921787500381459
decision_type=2 2 2 2 2 2 2 2 2 2 2 2 2 2 2 2 2 2 2 2 2 2 2 2 2 2 2 2 2 2
left_child=1 4 6 5 17 20 23 18 10 29 14 12 -6 -14 16 25 -5 -1 -7 -20 21 22 -3 24 -2 -12 -24 28 -11 -8
right_child=2 3 -4 8 11 7 9 -9 -10 27 15 -13 13 -15 -16 -17 -18 -19 19 -21 -22 -23 26 -25 -26 -27 -28 -29 -30 -31
leaf_value=-0.09152089505888894 0.38329784476529194 0.077317829166534638 0.14346147810733453 0.087908357276423946 0.2171825638249871 0.37382522878019436 0.81667137609770768 0.43934024149201362 -0.030670313712383612 1.2056876461254047 0.25675643492336114 -0.086614451637991294 -0.054839664456127653 0.031651228528231684 0.050543937519494063 0.19189622188609201 0.4407025748187281 -0.1599302525665269 1.2463643237195261 0.49673300040269902 0.082592651500656131 0.18784454525457428 0.61891357226031174 -0.10253804002657627 0.76163727754217903 1.3116002721949056 1.4546354647336146 0.57478914973734518 0.68683696961732876 0.53539315644247643
leaf_weight=127237 3868 203 6824 3152 7193 465 4652 3538 20831 2894 232 44585 86950 74544 48219 15038 2904 54712 1347 489 4674 3696 319 466 1512 276 468 495 568 2286
leaf_count=127237 3868 203 6824 3152 7193 465 4652 3538 20831 2894 232 44585 86950 74544 48219 15038 2904 54712 1347 489 4674 3696 319 466 1512 276 468 495 568 2286
internal_value=0.000108893 -0.0254355 0.54305 0.116752 -0.0635193 0.373066 0.705749 0.628404 0.0737416 0.845957 0.104893 -0.022071 -0.00500759 -0.0149169 0.0736825 0.213738 0.257529 -0.112099 0.915947 1.05048 0.213279 0.343177 0.915407 0.443448 0.490842 0.844117 1.1279 1.05586 1.12278 0.724897
internal_weight=524637 501072 23565 105851 395221 15199 16741 5839 90652 10895 69821 213272 168687 161494 54275 15546 6056 181949 2301 1836 9360 4686 990 5846 5380 508 787 3957 3462 6938
internal_count=524637 501072 23565 105851 395221 15199 16741 5839 90652 10895 69821 213272 168687 161494 54275 15546 6056 181949 2301 1836 9360 4686 990 5846 5380 508 787 3957 3462 6938
is_linear=0
shrinkage=0.04


Tree=14
num_leaves=31
num_cat=0
split_feature=6 9 13 10 9 11 0 11 9 11 11 10 10 8 10 10 8 9 10 7 10 5 14 10 9 8 10 10 5 14
split_gain=4.20543e+06 1.96498e+06 879013 790744 347828 223772 210564 201569 213238 166289 125150 148365 124979 123652 119865 122041 110508 103910 103593 95032.3 94725.3 93134.6 91629.5 90847.9 87752.9 88018.2 87371.8 140186 82477.6 90319.8
threshold=16.3505973815918 73.875000000000014 2.4646238088607793 -0.55028682947158802 73.625000000000014 -0.16162966936826703 22.798550605773929 -0.14463099837303159 77.625000000000014 0.19758678972721103 -0.36046156287193293 -0.80987083911895741 -0.85671821236610401 16.125000000000004 1.0000000180025095e-35 -0.59262362122535694 19.125000000000004 78.375000000000014 -0.56456753611564625 2.4367022514343266 -0.15207348018884656 68.24576568603517 61.235145568847663 -0.31900864839553827 73.875000000000014 16.875000000000004 -0.36747109889984125 -0.35141934454441065 94.673366546630874 20.909932136535648
decision_type=2 2 2 2 2 2 2 2 2 2 2 2 2 2 2 2 2 2 2 2 2 2 2 2 2 2 2 2 2 2
left_child=2 3 9 10 5 -4 -5 8 24 19 11 12 -2 -3 15 -15 20 -17 -19 -1 23 -13 -22 28 25 -6 -20 -28 29 -8
right_child=1 13 4 6 7 -7 16 -9 -10 -11 -12 21 -14 14 -16 17 -18 18 26 -21 22 -23 -24 -25 -26 -27 27 -29 -30 -31
leaf_value=-0.097338544739258751 0.47573604970021605 0.45356221471390434 0.29074144356006243 0.57209059110761706 0.39312508996767115 -0.032045335331023418 1.6079126015012819 -0.090283708464822018 0.089121086529655114 -0.15266122215825395 0.12475704464297753 0.2109208724366988 1.0580392775596721 0.04652344115649535 -0.12991717500056624 0.086317825348145708 0.57453448551301312 0.96374168536010785 0.11676961970718763 -0.041594019019905261 0.83809267592666514 0.84431248234152279 0.02015527068844691 1.3173435433817531 -0.018741056169535603 0.054276796922757831 1.2382058733701706 0.33177025623486694 1.4457029396746683 0.74480263848043637
leaf_weight=115586 2435 1622 11688 5605 1511 4863 214 30035 52199 54289 3512 4255 787 15560 3343 5946 1581 361 3111 84889 2981 399 237 1606 103085 6359 287 3691 426 2174
leaf_count=115586 2435 1622 11688 5605 1511 4863 214 30035 52199 54289 3512 4255 787 15560 3343 5946 1581 361 3111 84889 2981 399 237 1606 103085 6359 287 3691 426 2174
internal_value=0.000113798 0.314841 -0.0406355 0.574891 0.0200086 0.195938 0.76743 0.0049269 0.0224587 -0.090561 0.323805 0.412292 0.620802 0.113781 0.0965824 0.122768 0.885445 0.211228 0.310672 -0.0737374 0.948966 0.266917 0.778102 1.07133 -0.00890801 0.11975 0.276105 0.400108 0.926752 0.828533
internal_weight=524637 60133 464504 26212 209740 16551 14824 193189 163154 254764 11388 7876 3222 33921 32299 28956 9219 13396 7450 200475 7638 4654 3218 4420 110955 7870 7089 3978 2814 2388
internal_count=524637 60133 464504 26212 209740 16551 14824 193189 163154 254764 11388 7876 3222 33921 32299 28956 9219 13396 7450 200475 7638 4654 3218 4420 110955 7870 7089 3978 2814 2388
is_linear=0
shrinkage=0.04


Tree=15
num_leaves=31
num_cat=0
split_feature=6 6 9 9 10 13 10 11 9 0 11 9 9 0 10 11 10 14 10 14 11 11 10 10 10 11 10 14 10 8
split_gain=3.89325e+06 1.47256e+06 822792 682361 435140 427407 323881 149738 171497 145503 133618 154748 160883 113995 112430 110451 220266 109400 108503 119719 103841 90860.8 187477 153820 134586 82291.9 81765.6 80549.4 78625.9 78461.2
threshold=28.196482658386234 9.2180037498474139 74.125000000000014 73.875000000000014 -0.53584328293800343 1.3190233707427981 -0.56456753611564625 -0.37645272910594935 78.125000000000014 79.397483825683608 -0.14463099837303159 73.625000000000014 76.875000000000014 9.9974517822265643 -0.15207348018884656 -0.48501108586788172 -0.82956761121749867 19.334137916564945 -0.91246706247329701 16.476903915405277 -0.12758953124284741 -0.92602273821830738 -0.01505099539645016 -0.44600489735603327 0.22386012226343158 -0.09339838474988936 0.1393099054694176 30.957062721252445 0.19020386785268786 16.625000000000004
decision_type=2 2 2 2 2 2 2 2 2 2 2 2 2 2 2 2 2 2 2 2 2 2 2 2 2 2 2 2 2 2
left_child=1 5 6 4 15 20 25 8 29 21 11 -7 -13 28 17 16 -3 -15 19 -10 -1 22 -8 -23 -24 -2 -11 -26 -6 -5
right_child=2 3 -4 7 13 10 9 -9 18 26 -12 12 -14 14 -16 -17 -18 -19 -20 -21 -22 23 24 -25 27 -27 -28 -29 -30 -31
leaf_value=-0.075544176286916787 0.44980547572774293 0.77348737983603477 0.1320150193068457 0.26109539181684083 0.23950162152001686 0.1823672825892905 0.96191926782784709 -0.037796170795142046 0.21685386503810983 1.1381730996055717 -0.085825638613181557 -0.042308775658147904 0.041748174509085974 1.1761999106184748 0.48196384461824715 0.058641920621255006 0.17264597996109601 0.61429998042632805 0.156822029465298 1.4169543735910979 -0.13394144621340456 0.75641016700435748 0.33391206433980003 0.14257672708496361 0.45026576869544527 -0.10337134852363658 0.44029822088423232 1.5316745209099984 0.73225727654454942 0.019356441458614034
leaf_weight=119728 5121 1208 6824 2279 2453 7056 3703 19676 322 2170 36117 92240 60201 1005 2848 6936 4968 1331 24638 222 82214 1572 1790 1122 200 466 326 271 654 34976
leaf_count=119728 5121 1208 6824 2279 2453 7056 3703 19676 322 2170 36117 92240 60201 1005 2848 6936 4968 1331 24638 222 82214 1572 1790 1122 200 466 326 271 654 34976
internal_value=0.000119414 -0.0235153 0.50247 0.11086 0.311962 -0.058506 0.653307 0.0584109 0.0887301 0.777929 -0.0163646 -0.000631182 -0.009113 0.538632 0.653653 0.168333 0.291228 0.860025 0.169343 0.723337 -0.0993241 0.69862 0.786342 0.502233 0.495816 0.403564 1.04915 1.09139 0.345239 0.0342104
internal_weight=524637 501072 23565 103516 21403 397556 16741 82113 62437 11154 195614 159497 152441 8291 5184 13112 6176 2336 25182 544 201942 8658 5964 2694 2261 5587 2496 471 3107 37255
internal_count=524637 501072 23565 103516 21403 397556 16741 82113 62437 11154 195614 159497 152441 8291 5184 13112 6176 2336 25182 544 201942 8658 5964 2694 2261 5587 2496 471 3107 37255
is_linear=0
shrinkage=0.04


Tree=16
num_leaves=31
num_cat=0
split_feature=6 6 9 9 10 12 10 11 9 0 9 11 10 0 10 9 9 10 4 2 14 10 10 10 10 10 10 8 11 3
split_gain=3.58946e+06 1.35922e+06 758704 683653 443179 341099 299390 174215 184377 139269 121268 110735 209076 109111 103475 98715.9 97120.3 93355.6 99462.9 85428.9 85146.6 84857.3 119986 86053.8 119770 94878.4 77708.9 76344.2 81613.5 75148.8
threshold=28.196482658386234 7.7016718387603769 74.125000000000014 73.875000000000014 -0.55028682947158802 0.048483595252037055 -0.55028682947158802 -0.37645272910594935 78.125000000000014 57.113914489746101 78.625000000000014 -0.48501108586788172 -0.82956761121749867 9.9974517822265643 -0.15207348018884656 73.625000000000014 73.875000000000014 -0.90529522299766529 10.437870979309084 57.207065582275398 26.118380546569828 -0.59262362122535694 -0.56456753611564625 -0.01505099539645016 -0.36747109889984125 -0.35141934454441065 0.19020386785268786 19.375000000000004 -0.90892156958580006 2.3287252187728886
decision_type=2 2 2 2 2 2 2 2 2 2 2 2 2 2 2 2 2 2 2 2 2 2 2 2 2 2 2 2 2 2
left_child=1 5 6 4 11 -1 19 8 -5 -8 16 12 29 26 15 20 -7 18 -10 -2 -15 -19 -23 24 -24 -26 -6 -18 -29 -3
right_child=2 3 -4 7 13 10 9 -9 17 -11 -12 -13 -14 14 -16 -17 27 21 -20 -21 -22 22 23 -25 25 -27 -28 28 -30 -31
leaf_value=-0.10905199687448965 0.29530414293583668 0.080625789979416315 0.1267421447775739 0.026290152548344659 0.22364092388713569 0.043252797527746509 0.64132846060384563 -0.044916232710205499 0.29877498438574779 0.94212009533083774 0.040970992857317798 0.047314653778881333 0.15262060752471482 1.1422869210494204 0.44883230080939834 0.4439121164353847 -0.075147097421161116 0.048969004631888552 1.2174608434294993 0.63190198896202066 0.4726407176879347 0.70999199302997018 0.07389827094275607 0.020712627393549458 0.91088781605707481 0.28812423579221952 0.65931399904834087 0.030835773083385518 -0.054207584469485627 0.84588463510319478
leaf_weight=145663 4125 254 6824 48300 2861 19028 6938 25987 783 3957 32444 8321 5395 1248 3140 879 98634 10571 243 1721 428 678 5202 4530 406 7468 848 29094 47554 1113
leaf_count=145663 4125 254 6824 48300 2861 19028 6938 25987 783 3957 32444 8321 5395 1248 3140 879 98634 10571 243 1721 428 678 5202 4530 406 7468 848 29094 47554 1113
internal_value=0.000124093 -0.0225698 0.482477 0.0895132 0.279648 -0.0612912 0.62732 0.0447951 0.0746167 0.751338 -0.030607 0.145121 0.265229 0.495033 0.605166 0.794796 -0.0425599 0.152697 0.52601 0.395305 0.975097 0.139246 0.191385 0.171022 0.223038 0.32135 0.324755 -0.0518774 -0.0219271 0.705311
internal_weight=524637 501072 23565 128655 24487 372417 16741 104168 78181 10895 226754 15083 6762 9404 5695 2555 194310 29881 1026 5846 1676 28855 18284 17606 13076 7874 3709 175282 76648 1367
internal_count=524637 501072 23565 128655 24487 372417 16741 104168 78181 10895 226754 15083 6762 9404 5695 2555 194310 29881 1026 5846 1676 28855 18284 17606 13076 7874 3709 175282 76648 1367
is_linear=0
shrinkage=0.04


Tree=17
num_leaves=31
num_cat=0
split_feature=6 9 12 10 9 11 0 11 11 9 5 9 10 10 8 8 10 10 7 8 9 10 10 10 14 10 10 10 5 9
split_gain=3.32085e+06 1.56923e+06 708883 641766 262718 184002 171741 158382 133774 151728 129706 126735 136929 110748 109919 104084 108954 110911 103994 103218 97808.2 93567.4 92701.9 91637.2 88636.2 78197.9 125651 73066.9 80130.5 72005.8
threshold=16.040369987487797 73.875000000000014 2.2683613300323491 -0.53584328293800343 73.625000000000014 -0.09339838474988936 18.849081039428714 -0.82534202933311451 -0.90892156958580006 77.125000000000014 43.050436019897468 77.875000000000014 0.30675521492958074 -0.31900864839553827 19.125000000000004 16.125000000000004 1.0000000180025095e-35 -0.59262362122535694 4.5781829357147226 16.125000000000004 78.375000000000014 -0.15207348018884656 -0.56456753611564625 -0.083760455250740037 61.235145568847663 -0.36747109889984125 -0.35141934454441065 -0.33526359498500818 78.272781372070327 73.625000000000014
decision_type=2 2 2 2 2 2 2 2 2 2 2 2 2 2 2 2 2 2 2 2 2 2 2 2 2 2 2 2 2 2
left_child=2 3 5 10 7 11 -5 13 9 19 -2 29 -13 -4 21 -3 17 -17 -15 -6 -19 27 -22 -11 -23 -24 -27 28 -8 -1
right_child=1 15 4 6 8 -7 14 -9 -10 23 -12 12 -14 18 -16 16 -18 20 -20 -21 22 24 25 -25 -26 26 -28 -29 -30 -31
leaf_value=0.068578327209777815 0.21440864951068225 0.40935465886010619 0.87620569205226528 0.48587831024486222 0.4203341006493202 -0.11975114724409279 0.6886674159278765 0.094892954677194316 -0.017109092012087532 0.22627917020912805 0.52276036658499092 0.050601160301528364 -0.13078623765848499 0.057521677612995398 0.481696921983013 0.03877458324980472 -0.12571512213707886 0.074419603636317069 0.46019904298907238 -0.0020895605059273697 0.90008036921894741 0.73682098755100778 0.10637377702838212 0.069500364391741898 -0.043999535040965876 1.1607628209993244 0.30800444879776345 1.148796031091019 1.2202148298068303 -0.074190814424770504
leaf_weight=5870 9076 1653 611 4794 939 97275 2030 9304 95584 10342 2878 30998 8470 1690 1693 16302 3506 6217 2615 37387 368 3303 3182 14108 249 290 3846 1987 613 147457
leaf_count=5870 9076 1653 611 4794 939 97275 2030 9304 95584 10342 2878 30998 8470 1690 1693 16302 3506 6217 2615 37387 368 3303 3182 14108 249 290 3846 1987 613 147457
internal_value=0.000127197 0.275039 -0.0367113 0.506937 0.0274792 -0.0749017 0.684202 0.192113 0.0126847 0.0580448 0.289021 -0.0522677 0.0116514 0.375545 0.779893 0.100365 0.085097 0.1096 0.302621 0.00836691 0.19256 0.840932 0.287899 0.135881 0.682115 0.255928 0.370452 0.961039 0.816086 -0.0687209
internal_weight=524637 61987 462650 26623 172580 290070 14669 14220 158360 62776 11954 192795 39468 4916 9875 35364 33711 30205 4305 38326 13903 8182 7686 24450 3552 7318 4136 4630 2643 153327
internal_count=524637 61987 462650 26623 172580 290070 14669 14220 158360 62776 11954 192795 39468 4916 9875 35364 33711 30205 4305 38326 13903 8182 7686 24450 3552 7318 4136 4630 2643 153327
is_linear=0
shrinkage=0.04


Tree=18
num_leaves=31
num_cat=0
split_feature=6 14 9 9 12 10 10 10 0 10 11 10 11 9 9 9 10 12 14 8 8 5 11 10 10 11 11 10 10 10
split_gain=3.06399e+06 1.18317e+06 650018 484938 377825 263054 256287 139245 125288 122407 118172 117736 112594 169748 104861 103172 92785.9 86655 104485 85667.8 84842.6 84024.6 79134.8 74253.5 73664.5 72156.3 156698 71425.6 156868 144801
threshold=28.196482658386234 9.9216299057006854 74.125000000000014 73.625000000000014 1.1098557114601137 -0.55028682947158802 -0.52124115824699391 -0.15207348018884656 57.113914489746101 -0.59262362122535694 0.078402601182460799 -0.01505099539645016 -0.90892156958580006 73.625000000000014 79.375000000000014 76.625000000000014 -0.56456753611564625 9.519961357116701 26.118380546569828 17.125000000000004 16.625000000000004 94.673366546630874 0.12972188368439677 -0.36747109889984125 -0.35141934454441065 -0.99168640375137318 -0.9970029592514037 -0.01505099539645016 -0.31900864839553827 0.22386012226343158
decision_type=2 2 2 2 2 2 2 2 2 2 2 2 2 2 2 2 2 2 2 2 2 2 2 2 2 2 2 2 2 2
left_child=1 4 6 5 10 22 21 17 27 -5 -1 14 13 25 19 -15 -16 -7 -19 -11 -13 -2 -3 -18 -17 26 -6 28 -8 -29
right_child=2 3 -4 9 12 7 8 -9 -10 11 -12 20 -14 15 16 24 23 18 -20 -21 -22 -23 -24 -25 -26 -27 -28 29 -30 -31
leaf_value=-0.06536405248717328 0.336821237240924 0.2246956371625716 0.11651131569205372 0.020633143993781401 -0.015507764062916922 0.27047764724075662 0.46172524169106305 0.36743720294622978 0.89024901419655422 0.32767519092309627 -0.12790325100317129 0.31981752508524913 -0.030828477056089106 -0.023835612762256729 0.94223886296768455 0.28885425908876861 0.080713471472578499 1.083407220186787 0.38899614154695272 0.087207631296061378 -0.035534068965320062 0.91107802828332374 -0.16486815989780834 0.36026363891204144 0.059531230966625846 0.23146604374765534 1.2906482341375676 0.20272922880859245 0.92213830774013961 1.0438390550916383
leaf_weight=171395 5876 7791 6824 42404 259 447 2553 3284 3693 2700 67357 1203 101308 34365 329 2452 2354 1327 489 19059 9441 433 927 4319 25134 2399 329 1508 2267 411
leaf_count=171395 5876 7791 6824 42404 259 447 2553 3284 3693 2700 67357 1203 101308 34365 329 2452 2354 1327 489 19059 9441 433 927 4319 25134 2399 329 1508 2267 411
internal_value=0.000129967 -0.0208371 0.445781 0.105355 -0.0507744 0.320486 0.579848 0.535644 0.701676 0.0678083 -0.0830123 0.118556 -0.00447416 0.0366389 0.160605 0.0224119 0.295181 0.777049 0.899575 0.117183 0.00489076 0.377613 0.183131 0.261916 0.080012 0.330651 0.724679 0.597171 0.679733 0.387351
internal_weight=524637 501072 23565 96074 404998 14265 16741 5547 10432 81809 238752 39405 166246 64938 28761 61951 7002 2263 1816 21759 10644 6309 8718 6673 27586 2987 588 6739 4820 1919
internal_count=524637 501072 23565 96074 404998 14265 16741 5547 10432 81809 238752 39405 166246 64938 28761 61951 7002 2263 1816 21759 10644 6309 8718 6673 27586 2987 588 6739 4820 1919
is_linear=0
shrinkage=0.04


Tree=19
num_leaves=31
num_cat=0
split_feature=6 9 12 10 9 11 0 9 10 10 9 18 4 7 10 8 10 10 9 3 9 10 11 10 10 11 10 11 10 4
split_gain=2.83456e+06 1.34088e+06 614106 549035 230041 187208 149214 132390 136903 131856 116673 114918 104699 93619.9 100076 90587.3 97265.4 95721.5 88318.9 86697.3 82924 82491.8 69802.1 69224.4 116345 68844.4 97738.3 66758.2 85145.1 60175.3
threshold=16.040369987487797 73.875000000000014 3.442989826202393 -0.53584328293800343 73.875000000000014 -0.12758953124284741 18.849081039428714 77.875000000000014 0.30675521492958074 -0.56456753611564625 79.625000000000014 59.310050964355476 18.672810554504398 5.8208377361297616 -0.31900864839553827 16.125000000000004 1.0000000180025095e-35 -0.59262362122535694 78.375000000000014 36.402317047119148 73.625000000000014 -0.56456753611564625 -0.39233249425888056 -0.36747109889984125 -0.35141934454441065 -0.91249075531959523 -0.21966676414012906 -0.21231865882873532 -0.97312742471694935 21.880743026733402
decision_type=2 2 2 2 2 2 2 2 2 2 2 2 2 2 2 2 2 2 2 2 2 2 2 2 2 2 2 2 2 2
left_child=2 3 5 11 9 7 -5 20 -9 -4 27 -2 -8 14 -11 -3 17 -17 -19 -14 -1 -20 -13 29 -25 26 -12 28 -6 -23
right_child=1 15 4 6 10 -7 12 8 -10 13 25 22 19 -15 -16 16 -18 18 21 -21 -22 23 -24 24 -26 -27 -28 -29 -30 -31
leaf_value=0.077642729404702113 0.18026379526591638 0.38091381336194396 0.078321223062350204 0.44761000458759448 0.34078782334536123 -0.1086081231610232 0.60291471129594387 0.053898671843592469 -0.12159216055454092 0.86661606733025853 0.52510890298763369 0.55894560875339949 1.0585399068491579 0.41265455225802328 0.073314159476800519 0.035765921797871372 -0.12076996990166969 0.066378840288108143 0.84668789191299654 0.69345707119804478 -0.065305186971204632 0.001359048847098024 0.19180414213177049 1.1071905192573865 0.28676699838561442 0.048397269116288111 0.13659208837349748 -0.066647226574780477 0.0094922918908224106 0.40931638456341146
leaf_weight=6757 8055 1653 12619 4794 1249 105428 5495 35109 8909 266 1319 2681 2080 4295 3294 16302 3506 6217 368 2300 161408 2433 1218 290 3846 9260 4757 20015 87965 749
leaf_count=6757 8055 1653 12619 4794 1249 105428 5495 35109 8909 266 1319 2681 2080 4295 3294 16302 3506 6217 368 2300 161408 2433 1218 290 3846 9260 4757 20015 87965 749
internal_value=0.000132976 0.254119 -0.0339015 0.468482 0.0342931 -0.0650431 0.632441 -0.0433927 0.0183607 0.158515 0.0138645 0.266925 0.721627 0.287081 0.13485 0.0926544 0.078411 0.101563 0.178632 0.868846 -0.0595572 0.269227 0.445039 0.239072 0.346824 0.117141 0.221657 -0.00064514 0.0141681 0.0983682
internal_weight=524637 61987 462650 26623 145039 317611 14669 212183 44018 20474 124565 11954 9875 7855 3560 35364 33711 30205 13903 4380 168165 7686 3899 7318 4136 15336 6076 109229 89214 3182
internal_count=524637 61987 462650 26623 145039 317611 14669 212183 44018 20474 124565 11954 9875 7855 3560 35364 33711 30205 13903 4380 168165 7686 3899 7318 4136 15336 6076 109229 89214 3182
is_linear=0
shrinkage=0.04


Tree=20
num_leaves=31
num_cat=0
split_feature=6 9 10 13 9 0 9 11 11 4 11 5 11 10 10 10 8 9 10 10 12 11 3 18 10 10 2 10 10 7
split_gain=2.62341e+06 1.4002e+06 576874 496522 170666 155117 140256 157066 126851 124559 123594 115397 93455.3 130620 110551 100423 98054.4 94857.9 115930 92160.6 89124.9 84106.8 80416.4 72967.4 69835.1 189466 80969.1 69035.1 164393 61750.9
threshold=14.137246608734133 73.875000000000014 -0.53584328293800343 1.5347949266433718 73.625000000000014 12.25129270553589 76.875000000000014 -0.37645272910594935 -0.09339838474988936 18.672810554504398 -0.48501108586788172 94.673366546630874 -0.37645272910594935 -0.91246706247329701 -0.01505099539645016 -0.59262362122535694 16.125000000000004 77.875000000000014 -0.56456753611564625 0.12225609645247461 13.69092893600464 0.19758678972721103 14.549619197845461 110.42088699340822 -0.80987083911895741 -0.85671821236610401 36.454746246337898 -0.36747109889984125 -0.35141934454441065 2.4367022514343266
decision_type=2 2 2 2 2 2 2 2 2 2 2 2 2 2 2 2 2 2 2 2 2 2 2 2 2 2 2 2 2 2
left_child=3 2 8 21 10 -4 -6 -8 11 -7 -5 24 13 20 15 -15 -17 -18 -19 22 -3 29 -11 -24 25 26 -2 -20 -29 -1
right_child=1 12 5 4 6 9 7 -9 -10 19 -12 -13 -14 14 -16 16 17 18 27 -21 -22 -23 23 -25 -26 -27 -28 28 -30 -31
leaf_value=-0.085451889091986588 0.15908751427290696 1.1011831522558846 0.36978033617433942 0.23444709256537802 -0.031854654621940329 0.55535000781968413 0.063910048382889939 -0.0597052358573011 -0.066141734650338097 1.1821956775611409 0.012414208811812136 0.99174706188233008 -0.034242659134500968 0.041592284276714235 -0.068973948154980771 0.60908009597204527 0.054520098976071227 0.84971028170345253 0.092554482958619233 0.075923761649803731 0.16226558226844462 -0.12461693865960065 0.68475879251789584 1.1273982616832181 0.16670072157003973 0.88148808066114248 0.50887520894680927 1.1179302584799131 0.24896392725874461 -0.035353573214865985
leaf_weight=101312 3490 343 3588 8509 128115 6712 66974 21789 1810 999 7583 358 9022 12539 5319 839 6978 476 4174 257 306 51268 3251 765 5465 947 1520 365 5150 64414
leaf_count=101312 3490 343 3588 8509 128115 6712 66974 21789 1810 999 7583 358 9022 12539 5319 839 6978 476 4174 257 306 51268 3251 765 5465 947 1520 365 5150 64414
internal_value=0.000134525 0.219687 0.436021 -0.036305 0.00424747 0.602193 -0.00508069 0.0335624 0.245312 0.671411 0.129892 0.293182 0.0810016 0.109498 0.0992067 0.128529 0.189094 0.168196 0.246102 0.817842 0.667669 -0.0798413 0.855635 0.771667 0.270439 0.36517 0.266013 0.215602 0.308394 -0.0659831
internal_weight=524637 74673 29162 449964 232970 15572 216878 88763 13590 11984 16092 11780 45511 36489 35840 30521 17982 17143 10165 5272 649 216994 5015 4016 11422 5957 5010 9689 5515 165726
internal_count=524637 74673 29162 449964 232970 15572 216878 88763 13590 11984 16092 11780 45511 36489 35840 30521 17982 17143 10165 5272 649 216994 5015 4016 11422 5957 5010 9689 5515 165726
is_linear=0
shrinkage=0.04


Tree=21
num_leaves=31
num_cat=0
split_feature=6 6 8 9 10 12 0 11 9 10 9 11 11 4 9 11 11 10 0 14 10 10 9 11 11 14 9 11 8 0
split_gain=2.43094e+06 998557 471886 450816 289361 283467 191644 105797 120690 117897 104795 104556 159222 180673 96213 89717.6 83350.3 83083.5 82444.1 100015 76154.3 93910.2 74756.4 73351.5 72172.3 69561.5 65913.6 62825.7 62187 58321.6
threshold=29.318639755249027 9.2180037498474139 19.125000000000004 73.875000000000014 -0.53584328293800343 0.043124677613377578 57.113914489746101 -0.37645272910594935 78.875000000000014 -0.90529522299766529 78.875000000000014 -0.92921787500381459 -0.96904978156089772 50.297830581665046 73.875000000000014 0.12972188368439677 -0.9852197766304015 0.036545658484101302 11.268970489501955 42.708112716674812 -0.50648479163646687 0.1393099054694176 75.875000000000014 -0.91249075531959523 -0.90892156958580006 12.604471683502199 73.375000000000014 -0.14463099837303159 16.625000000000004 2.8016891479492192
decision_type=2 2 2 2 2 2 2 2 2 2 2 2 2 2 2 2 2 2 2 2 2 2 2 2 2 2 2 2 2 2
left_child=1 5 6 4 15 -1 11 8 28 25 14 12 13 17 23 -3 29 -2 -14 -20 -8 -22 -16 -7 -24 -10 -4 -12 -5 -6
right_child=2 3 26 7 16 10 20 -9 9 -11 27 -13 18 -15 22 -17 -18 -19 19 -21 21 -23 24 -25 -26 -27 -28 -29 -30 -31
leaf_value=-0.090792919384252768 0.49012773551780925 0.17378449111788447 0.33271183668280324 0.23633652921231052 -0.069826262375377174 0.1636733875847235 0.51490224932385942 -0.031579946264649383 0.086721844018524535 0.13706512653051667 0.070829137043751669 0.3387215003196492 0.26544114837353983 1.1150150499768137 -0.063837718699397569 -0.14574578392703691 0.52954722653215025 -0.0054044324316060675 1.5724381139126322 0.72098506523182038 0.97011106422713811 0.34244213566405035 0.030654196261298373 0.0019893078702832921 -0.041745744647175002 0.94892840849904603 0.083621185513675519 -0.070706948225381441 0.025202440601257155 0.35498556610191195
leaf_weight=147443 1279 11871 2500 2351 639 6282 1390 19828 224 19349 27398 5642 206 507 101163 1587 5379 933 474 463 2652 462 35537 15672 57927 455 5297 6134 40957 2636
leaf_count=147443 1279 11871 2500 2351 639 6282 1390 19828 224 19349 27398 5642 206 507 101163 1587 5379 933 474 463 2652 462 35537 15672 57927 455 5297 6134 40957 2636
internal_value=0.000137367 -0.0177964 0.413515 0.0917372 0.252223 -0.0468033 0.552286 0.0490413 0.0742817 0.155454 -0.0208686 0.44955 0.610166 0.440872 -0.0310566 0.136024 0.432561 0.282033 1.00557 1.16377 0.767597 0.878383 -0.040011 0.0483077 -0.0142174 0.669876 0.163813 0.0449246 0.0367159 0.272138
internal_weight=524637 502832 21805 105276 22112 397556 14008 83164 63336 20028 250113 9504 3862 2719 216581 13458 8654 2212 1143 937 4504 3114 194627 21954 93464 679 7797 33532 43308 3275
internal_count=524637 502832 21805 105276 22112 397556 14008 83164 63336 20028 250113 9504 3862 2719 216581 13458 8654 2212 1143 937 4504 3114 194627 21954 93464 679 7797 33532 43308 3275
is_linear=0
shrinkage=0.04


Tree=22
num_leaves=31
num_cat=0
split_feature=6 6 9 8 11 12 0 11 9 0 11 11 4 10 8 11 10 11 10 13 10 0 13 10 10 4 9 10 9 8
split_gain=2.24167e+06 927148 480978 435262 321905 188160 176586 141265 163233 112368 96661.9 147267 184929 97300.4 77086.4 87393.6 80529.2 73494.3 73039.7 107449 72299.1 69073.3 99839.4 70844.5 63479.6 63145.9 60769.8 58297.4 55804.1 51129.5
threshold=29.318639755249027 6.502185821533204 73.875000000000014 19.125000000000004 -0.48501108586788172 0.028985342942178253 57.113914489746101 -0.37645272910594935 79.125000000000014 13.131107330322267 -0.92921787500381459 -0.97315269708633412 50.297830581665046 0.036545658484101302 19.375000000000004 -0.91939276456832875 -0.35141934454441065 -0.39233249425888056 -0.90529522299766529 4.2872149944305429 0.19020386785268786 10.169205665588381 57.506156921386726 -0.31900864839553827 0.1393099054694176 7.1100544929504403 73.375000000000014 -0.80987083911895741 73.875000000000014 16.625000000000004
decision_type=2 2 2 2 2 2 2 2 2 2 2 2 2 2 2 2 2 2 2 2 2 2 2 2 2 2 2 2 2 2
left_child=1 5 4 6 9 -1 10 8 29 20 11 12 13 -2 28 16 -16 24 19 -10 27 -13 23 -23 -8 -21 -5 -3 -7 -4
right_child=3 2 7 26 -6 14 17 -9 18 -11 -12 21 -14 -15 15 -17 -18 -19 -20 25 -22 22 -24 -25 -26 -27 -28 -29 -30 -31
leaf_value=-0.089678489575726467 0.4674159406395319 0.46075639611110092 0.18548011883429266 0.31945638979932822 0.028539611251306111 0.020096587019390339 0.83583158242674016 -0.040921495763099822 -0.2021572517017565 0.4195485910786152 0.32519661228376806 0.26853615404874609 1.0965478736571006 -0.087736173409575804 0.27792728041821574 -0.031660010916004962 0.030805937486215105 0.13774713962478563 0.13469442548183422 0.48051724567613074 0.5082534260182493 0.67898396703736863 0.35418638899078908 1.5245497403364379 0.32903466402095255 1.3739504672629494 0.080282641517116698 0.13722659117145219 -0.06341058839402812 0.01884612214000364
leaf_weight=137169 1219 1009 3070 2500 9630 14749 3732 32125 229 8604 5642 218 493 853 2244 64622 33069 310 22444 366 1204 253 255 571 462 200 5297 7286 96865 67947
leaf_count=137169 1219 1009 3070 2500 9630 14749 3732 32125 229 8604 5642 218 493 853 2244 64622 33069 310 22444 366 1204 253 255 571 462 200 5297 7286 96865 67947
internal_value=0.000138724 -0.0170827 0.0646178 0.397098 0.215436 -0.0531907 0.530375 0.0315079 0.0561955 0.314786 0.431757 0.586189 0.407884 0.239547 -0.0295287 -0.00400993 0.0465837 0.737055 0.148192 0.522843 0.219554 0.932993 1.06354 1.27618 0.78092 0.81459 0.157281 0.177088 -0.0523749 0.0260747
internal_weight=524637 502832 154114 21805 27733 348718 14008 126381 94256 18103 9504 3862 2565 2072 211549 99935 35313 4504 23239 795 9499 1297 1079 824 4194 566 7797 8295 111614 71017
internal_count=524637 502832 154114 21805 27733 348718 14008 126381 94256 18103 9504 3862 2565 2072 211549 99935 35313 4504 23239 795 9499 1297 1079 824 4194 566 7797 8295 111614 71017
is_linear=0
shrinkage=0.04


Tree=23
num_leaves=31
num_cat=0
split_feature=6 9 10 12 0 11 4 11 2 11 9 10 11 10 10 11 2 10 3 8 9 10 11 10 9 7 18 8 10 4
split_gain=2.07839e+06 1.19826e+06 512037 356114 133752 118933 115618 115517 105496 101809 119086 97842.5 87204.4 116213 86737.4 97339.8 84703.2 82115.4 81432.4 81305.5 99273.3 118347 85605.9 140099 74274.1 73625.8 71117.5 67587.2 64633.2 62829.2
threshold=12.582951545715334 73.875000000000014 -0.53584328293800343 2.2683613300323491 12.25129270553589 -0.09339838474988936 13.968427658081056 0.19758678972721103 111.96822357177736 -0.92602273821830738 73.625000000000014 -0.35141934454441065 -0.37645272910594935 -0.01505099539645016 -0.91246706247329701 -0.80543360114097584 22.325851440429691 0.12225609645247461 14.549619197845461 16.125000000000004 78.125000000000014 -0.56456753611564625 -0.92921787500381459 -0.35141934454441065 79.125000000000014 1.8849980831146242 110.42088699340822 19.875000000000004 -0.64659911394119252 21.880743026733402
decision_type=2 2 2 2 2 2 2 2 2 2 2 2 2 2 2 2 2 2 2 2 2 2 2 2 2 2 2 2 2 2
left_child=3 2 5 7 -4 8 -6 25 -2 10 -5 27 13 14 16 19 -3 18 -8 -16 -21 -22 23 -23 -13 -1 -20 -12 -17 -24
right_child=1 12 4 9 6 -7 17 -9 -10 -11 11 24 -14 -15 15 28 -18 -19 26 20 21 22 29 -25 -26 -27 -28 -29 -30 -31
leaf_value=-0.074751070764700028 0.23062319115460456 0.28495886986716562 0.3288960557459632 0.30049303944439948 0.47105128298145377 -0.062743414441966933 1.042701251399788 -0.11336873788818971 0.82501240814556343 -0.010528065468442479 0.072862374641387465 0.0087943327070824327 -0.030434304785186266 -0.058550939423463476 0.54089236738019941 0.071300945610704144 1.2175003072153334 0.11988270765939248 0.59397176921605122 0.05558418570835201 0.82673709118049843 1.0216372349089191 -0.011907047437478292 0.24835547668344027 0.14520879989790977 -0.028891013556589608 1.0011242986966884 0.47429153936807245 -0.14681302363745882 0.34852415385238511
leaf_weight=101238 12318 634 4021 3037 6126 2223 1255 56364 489 99833 1321 40990 11583 6865 879 12737 201 351 3747 9589 501 393 3454 5686 7555 125415 871 1363 2611 987
leaf_count=101238 12318 634 4021 3037 6126 2223 1255 56364 489 99833 1321 40990 11583 6865 879 12737 201 351 3747 9589 501 393 3454 5686 7555 125415 871 1363 2611 987
internal_value=0.000140782 0.178054 0.375877 -0.035485 0.530614 0.207094 0.595972 -0.0621252 0.253944 0.0134431 0.0575366 0.0430776 0.0673183 0.0927425 0.120321 0.111095 0.521191 0.717972 0.753452 0.166029 0.149787 0.231624 0.202525 0.299943 0.0300499 -0.0493775 0.672762 0.277722 0.034124 0.0688008
internal_weight=524637 87521 31401 437116 16371 15030 12350 283017 12807 154099 54266 51229 56120 44537 37672 36837 835 6224 5873 21489 20610 11021 10520 6079 48545 226653 4618 2684 15348 4441
internal_count=524637 87521 31401 437116 16371 15030 12350 283017 12807 154099 54266 51229 56120 44537 37672 36837 835 6224 5873 21489 20610 11021 10520 6079 48545 226653 4618 2684 15348 4441
is_linear=0
shrinkage=0.04


Tree=24
num_leaves=31
num_cat=0
split_feature=6 6 9 8 11 11 0 11 9 14 0 11 11 4 10 4 9 9 14 10 10 10 10 10 10 10 10 10 10 12
split_gain=1.91741e+06 798777 385903 383506 266532 185842 156554 111328 120455 110295 91882.5 84976.2 136926 152611 82710.2 89300.2 82381.6 86906.6 71231.4 68752.7 64888 64639.1 64627.8 77651.8 59005.2 91253.2 67799.2 86919.4 77499 74429.6
threshold=29.318639755249027 7.5015287399292001 73.875000000000014 19.125000000000004 -0.48501108586788172 -0.12758953124284741 57.113914489746101 -0.37645272910594935 77.875000000000014 3.0083291530609135 13.131107330322267 -0.92921787500381459 -0.96904978156089772 50.297830581665046 -0.90529522299766529 16.405617713928226 73.625000000000014 76.875000000000014 42.708112716674812 0.036545658484101302 0.19020386785268786 -0.9599599540233611 -0.50648479163646687 0.1393099054694176 -0.59262362122535694 -0.56456753611564625 -0.01505099539645016 -0.36747109889984125 -0.35141934454441065 15.311823368072512
decision_type=2 2 2 2 2 2 2 2 2 2 2 2 2 2 2 2 2 2 2 2 2 2 2 2 2 2 2 2 2 2
left_child=1 5 4 6 10 9 11 8 -4 21 20 12 13 19 15 -10 -11 -18 -14 -2 -3 -1 -8 -24 -16 -26 27 -27 29 -29
right_child=3 2 7 -5 -6 -7 22 -9 14 16 -12 -13 18 -15 24 -17 17 -19 -20 -21 -22 -23 23 -25 25 26 -28 28 -30 -31
leaf_value=0.044609038478409621 0.43088290987870109 0.16682080150402187 0.017383085798010858 0.14217315873359782 0.026812298927381236 -0.089243831306579521 0.45451107432874188 -0.035328921970086094 0.27926979718677142 0.16702818554811596 0.39444151118172949 0.2996429730154922 1.2137776843891188 1.0069281388539641 0.032388409041258386 1.1949628774193226 -0.034527236623854214 0.040701004349314486 0.56491434173782229 -0.019740218900673463 0.50483903331901214 -0.056799773996855499 0.8723133529143885 0.30189754914713363 0.57316011500340858 0.053599539927343572 0.0054568668569193735 0.23469595740852042 0.22340232297121693 1.2550220479538381
leaf_weight=10830 1279 7586 47752 7797 8653 111772 1390 27124 944 4712 8331 5642 596 507 11688 201 60300 41452 547 933 1027 139658 2652 462 757 5920 5294 233 8372 226
leaf_count=10830 1279 7586 47752 7797 8653 111772 1390 27124 944 4712 8331 5642 596 507 11688 201 60300 41452 547 933 1027 139658 2652 462 757 5920 5294 233 8372 226
internal_value=0.000142541 -0.0157847 0.0678079 0.367271 0.207482 -0.0461891 0.492372 0.0348435 0.0582315 -0.0274579 0.299677 0.399534 0.544313 0.387459 0.116202 0.44897 0.00369963 -0.00387957 0.910847 0.241581 0.207664 -0.0494993 0.686954 0.788922 0.10434 0.144733 0.128275 0.17232 0.251756 0.753126
internal_weight=524637 502832 134108 21805 25597 368724 14008 108511 81387 256952 16944 9504 3862 2719 33635 1145 106464 101752 1143 2212 8613 150488 4504 3114 32490 20802 20045 14751 8831 459
internal_count=524637 502832 134108 21805 25597 368724 14008 108511 81387 256952 16944 9504 3862 2719 33635 1145 106464 101752 1143 2212 8613 150488 4504 3114 32490 20802 20045 14751 8831 459
is_linear=0
shrinkage=0.04


Tree=25
num_leaves=31
num_cat=0
split_feature=6 9 10 12 5 11 4 11 5 2 11 9 10 11 10 10 10 2 8 9 11 10 11 7 10 10 10 10 2 9
split_gain=1.77577e+06 1.02887e+06 445614 313211 119750 116483 105693 105182 98205.1 82170.6 80156.4 91790.7 86064.7 74818.4 103853 78579 85058.8 78084.3 72252.1 85637.4 104623 74247.7 123496 71180.6 68164 125879 68004.8 193921 76453.3 61909.5
threshold=12.582951545715334 73.875000000000014 -0.53584328293800343 3.442989826202393 10.454508304595949 0.19758678972721103 13.968427658081056 -0.09339838474988936 94.673366546630874 68.288406372070327 -0.92602273821830738 73.625000000000014 -0.35141934454441065 -0.37645272910594935 -0.01505099539645016 -0.91246706247329701 -0.59262362122535694 22.325851440429691 16.125000000000004 78.125000000000014 -0.82534202933311451 -0.36747109889984125 -0.93543598055839527 1.8122189640998843 -0.46133413910865778 -0.3992436677217483 -0.80987083911895741 -0.85671821236610401 36.454746246337898 78.125000000000014
decision_type=2 2 2 2 2 2 2 2 2 2 2 2 2 2 2 2 2 2 2 2 2 2 2 2 2 2 2 2 2 2
left_child=3 2 7 5 -4 23 -6 8 26 24 11 -5 -13 14 15 17 -17 -3 -18 -20 21 -21 -23 -1 -8 -26 27 28 -2 -25
right_child=1 13 4 10 6 -7 9 -9 -10 -11 -12 12 -14 -15 -16 16 18 -19 19 20 -22 22 -24 29 25 -27 -28 -29 -30 -31
leaf_value=-0.067758019858603177 0.11319469518987722 0.26648072860446459 0.1753328223681436 0.28767529317674995 0.42089062983856534 -0.10562297633935891 0.88264018345475836 -0.063291330768948231 0.8794483790836175 0.89584010820875892 -0.0037504576426872428 0.28847954720220748 0.034701774946347033 -0.028559131250481928 -0.057484860076114364 0.03087447512759587 0.50754409076568574 1.1615949524169285 0.051373721003126954 0.062986381524829119 0.77440100671377199 0.22981873270496661 0.95580199690522094 -0.038515737887922265 0.015750820204371314 0.58862968120155024 0.11621202607301542 0.79379406433910904 0.44495949941392049 0.024361800367470394
leaf_weight=105591 3953 634 1721 2710 7336 58078 919 2223 358 1571 82345 2247 40723 11583 6865 15348 879 201 9589 4441 501 5686 393 113259 722 4102 5883 1071 1542 32163
leaf_count=105591 3953 634 1721 2710 7336 58078 919 2223 358 1571 82345 2247 40723 11583 6865 15348 879 201 9589 4441 501 5686 393 113259 722 4102 5883 1071 1542 32163
internal_value=0.000144667 0.164596 0.347905 -0.0327855 0.492255 -0.0545763 0.529341 0.190452 0.234511 0.637394 0.0198244 0.062313 0.0480364 0.0619853 0.0855349 0.111606 0.102826 0.493148 0.154177 0.138867 0.214877 0.18752 0.278245 -0.0427617 0.565261 0.503098 0.215274 0.303719 0.206933 -0.0246084
internal_weight=524637 87521 31401 437116 16371 309091 14650 15030 12807 7314 128025 45680 42970 56120 44537 37672 36837 835 21489 20610 11021 10520 6079 251013 5743 4824 12449 6566 5495 145422
internal_count=524637 87521 31401 437116 16371 309091 14650 15030 12807 7314 128025 45680 42970 56120 44537 37672 36837 835 21489 20610 11021 10520 6079 251013 5743 4824 12449 6566 5495 145422
is_linear=0
shrinkage=0.04


Tree=26
num_leaves=31
num_cat=0
split_feature=6 9 11 12 0 11 4 6 3 2 11 9 9 11 10 9 10 11 8 10 14 18 9 10 6 11 11 11 13 10
split_gain=1.63902e+06 964821 420176 279116 118636 96095 94233.8 89111.4 87148.3 85252.5 81826.1 91972.3 78285.1 71669.9 100659 77085.8 89933.9 71363.8 69475 66962.1 77969.5 64835.8 61028.2 81426.2 50773.2 63166.7 169693 74587.3 50481.6 50418
threshold=12.194082260131838 73.875000000000014 -0.8349313735961913 0.9966016709804536 6.5354676246643075 -0.09339838474988936 13.968427658081056 3.5911753177642827 14.549619197845461 57.207065582275398 -0.14463099837303159 73.875000000000014 79.375000000000014 -0.37645272910594935 -0.01505099539645016 79.625000000000014 -0.91246706247329701 -0.09339838474988936 16.625000000000004 -0.28622037172317499 23.536055564880375 110.42088699340822 77.625000000000014 0.30675521492958074 44.586669921875007 -0.97696766257286061 -0.95998492836952198 -0.99818569421768177 48.609493255615241 -0.35141934454441065
decision_type=2 2 2 2 2 2 2 2 2 2 2 2 2 2 2 2 2 2 2 2 2 2 2 2 2 2 2 2 2 2
left_child=3 2 4 17 -2 9 24 -5 19 -4 11 -9 -13 14 15 18 -17 22 -3 20 -8 29 -1 -24 -6 27 -27 -26 -21 -10
right_child=1 13 5 7 6 -7 8 10 21 -11 -12 12 -14 -15 -16 16 -18 -19 -20 28 -22 -23 23 -25 25 26 -28 -29 -30 -31
leaf_value=-0.058398074770069974 0.20151905525110234 0.28902923179775153 0.17852368175482977 -0.028070405625013679 0.329710337261992 -0.057123982334231986 1.7172884732418094 0.14909857480850519 0.32089368742895524 0.47441929053933884 -0.055497134644245584 0.010107826043283233 0.11723193455325948 -0.026739533317494263 -0.055130843253329641 0.94832893549809716 0.1809038278897491 -0.089799529983370943 0.055033289454576105 0.46752005177630684 0.81578561913864367 0.82620897506591506 0.038184408012353448 -0.10420404335284898 0.75909783447844137 1.4547440114687016 0.43661374856880736 0.06725583182131803 1.1418134491067184 0.58598363692254385
leaf_weight=115342 2324 2188 10938 83619 4807 2351 258 11077 2095 1814 16566 71224 12881 12441 7297 241 10242 88593 26745 752 454 1012 25603 8568 391 375 865 665 237 2672
leaf_count=115342 2324 2188 10938 83619 4807 2351 258 11077 2095 1814 16566 71224 12881 12441 7297 241 10242 88593 26745 752 454 1012 25603 8568 391 375 865 665 237 2672
internal_value=0.000146228 0.154304 0.331166 -0.0322776 0.468108 0.177658 0.510425 0.00315745 0.609948 0.220954 0.0265251 0.040805 0.0265263 0.058559 0.0812773 0.106538 0.199434 -0.0613511 0.0728225 0.863259 1.16171 0.534026 -0.0444893 0.00246204 0.40491 0.560238 0.753691 0.328139 0.638917 0.470398
internal_weight=524637 91164 32010 433473 16907 15103 14583 195367 7480 12752 111748 95182 84105 59154 46713 39416 10483 238106 28933 1701 712 5779 149513 34171 7103 2296 1240 1056 989 4767
internal_count=524637 91164 32010 433473 16907 15103 14583 195367 7480 12752 111748 95182 84105 59154 46713 39416 10483 238106 28933 1701 712 5779 149513 34171 7103 2296 1240 1056 989 4767
is_linear=0
shrinkage=0.04


Tree=27
num_leaves=31
num_cat=0
split_feature=6 6 9 8 11 12 0 11 9 8 11 4 12 14 11 9 11 11 4 10 9 8 11 10 11 10 3 10 13 0
split_gain=1.51526e+06 639671 324139 321566 229587 136123 133750 110202 107261 130610 101774 78641.1 111108 88217 77812.6 76475.8 68289.2 124157 151899 79427.5 67063.6 65130.9 71952.3 68292 64671.7 170611 96499.8 81927.2 63735.9 88614.5
threshold=29.318639755249027 6.502185821533204 73.625000000000014 19.125000000000004 -0.84427365660667408 0.028985342942178253 57.113914489746101 -0.37645272910594935 79.625000000000014 16.625000000000004 -0.9970029592514037 9.6106991767883319 10.597821712493898 26.118380546569828 -0.91249075531959523 73.375000000000014 -0.92921787500381459 -0.97315269708633412 50.297830581665046 0.036545658484101302 76.625000000000014 19.375000000000004 -0.91939276456832875 -0.35141934454441065 -0.48501108586788172 -0.82956761121749867 2.3287252187728886 -0.85671821236610401 57.506156921386726 10.695240974426271
decision_type=2 2 2 2 2 2 2 2 2 2 2 2 2 2 2 2 2 2 2 2 2 2 2 2 2 2 2 2 2 2
left_child=1 5 4 6 10 -1 16 8 9 14 -3 -12 -13 15 -4 -14 17 18 19 -2 -11 -7 23 -23 25 26 -6 -28 29 -19
right_child=3 2 7 -5 24 21 -8 -9 -10 20 11 12 13 -15 -16 -17 -18 28 -20 -21 -22 22 -24 -25 -26 -27 27 -29 -30 -31
leaf_value=-0.075036908791328044 0.37538693951291474 0.050522204343990684 0.41542286538182455 0.12041196242689636 -0.052790904188915244 -0.04487637947408557 0.6208763549001669 -0.030228282315375825 0.14506538174073161 -0.017138015331354953 0.33498731801462378 0.26844539182187505 1.332307595868421 0.33465632174190602 0.086772897730543863 0.63088521569843603 0.265753577890185 0.21695976705400186 0.94561070606082853 -0.12583770659058285 0.056900948809013717 0.25853011002565984 -0.025509250230166758 0.030955934407497263 0.021123119581111193 0.092715289791687236 0.3463757765085384 1.1329492913494745 0.23482511378386442 1.1334569889177133
leaf_weight=137169 1219 1194 2157 7797 255 111614 4504 34359 16769 37025 3524 856 605 411 2477 472 5642 219 493 853 41512 2244 64622 33069 6960 4632 363 543 262 816
leaf_count=137169 1219 1194 2157 7797 255 111614 4504 34359 16769 37025 3524 856 605 411 2477 472 5642 219 493 853 41512 2244 64622 33069 6960 4632 363 543 262 816
internal_value=0.000148834 -0.01401 0.0538523 0.326515 0.204834 -0.0440021 0.441066 0.0315623 0.0528065 0.03419 0.387655 0.456051 0.635862 0.844023 0.240316 1.03354 0.35529 0.485069 0.321707 0.16943 0.0219987 -0.0238764 -0.000420187 0.0454865 0.103372 0.201984 0.633415 0.825021 0.803207 0.943463
internal_weight=524637 502832 154114 21805 19815 348718 14008 134299 99940 83171 7062 5868 2344 1488 4634 1077 9504 3862 2565 2072 78537 211549 99935 35313 12753 5793 1161 906 1297 1035
internal_count=524637 502832 154114 21805 19815 348718 14008 134299 99940 83171 7062 5868 2344 1488 4634 1077 9504 3862 2565 2072 78537 211549 99935 35313 12753 5793 1161 906 1297 1035
is_linear=0
shrinkage=0.04


Tree=28
num_leaves=31
num_cat=0
split_feature=6 9 10 12 10 11 10 10 5 2 15 5 14 6 10 11 9 11 9 10 11 10 10 10 8 9 10 10 10 16
split_gain=1.40111e+06 831667 365012 244178 104988 97881.8 96196.1 143780 143293 88724.7 80689.5 142640 78774 107136 75045.5 72094.4 70405.9 67009.3 76562.9 71065 62947.1 62849 123891 62005.9 61088 79621.6 94928.2 69981.4 135029 66924.9
threshold=12.194082260131838 73.875000000000014 -0.53584328293800343 3.6600785255432133 -0.15207348018884656 0.19758678972721103 -0.35141934454441065 -0.44600489735603327 94.673366546630874 111.96822357177736 0.93750000000000011 52.613756179809577 52.626115798950202 38.334739685058601 -0.28622037172317499 -0.09339838474988936 73.625000000000014 -0.92602273821830738 73.625000000000014 -0.35141934454441065 -0.94137725234031666 -0.01505099539645016 -0.59262362122535694 -0.3992436677217483 16.125000000000004 77.875000000000014 -0.56456753611564625 -0.36747109889984125 -0.35141934454441065 5.2431035041809091
decision_type=2 2 2 2 2 2 2 2 2 2 2 2 2 2 2 2 2 2 2 2 2 2 2 2 2 2 2 2 2 2
left_child=3 2 9 5 6 -1 7 16 23 15 11 14 13 -6 -8 -2 -4 18 20 -20 -5 22 -3 -9 -24 -26 -27 -28 29 -29
right_child=1 21 4 17 12 -7 10 8 -10 -11 -12 -13 -14 -15 -16 -17 -18 -19 19 -21 -22 -23 24 -25 25 26 27 28 -30 -31
leaf_value=-0.03784788940229012 0.1863303813661342 0.015346012192947787 0.7660107112864275 0.18665743484140249 0.27057675066324627 -0.095345258755236723 0.95982353444327306 -0.11965145867904731 1.1118417531877389 0.67485974615558819 0.35646492767269194 1.3101868884810022 -0.063840144932029386 0.61366637981693817 0.48013104420914665 -0.056164126084850226 0.23497451669992014 -0.0039802420934374593 0.26743268075822035 0.032160136891964904 0.7484186827296273 -0.056066572253000879 0.46421928983677035 0.30630540642518689 0.039229947356767395 0.69741043915039169 0.054073686350944457 0.43099547672681032 0.20572921860988827 1.4543289867185412
leaf_weight=253347 12608 29466 1671 2205 5037 58268 776 1120 233 522 1002 633 733 2060 1707 2318 539 78214 2159 38914 366 7297 885 1051 9403 563 4881 223 6236 200
leaf_count=253347 12608 29466 1671 2205 5037 58268 776 1120 233 522 1002 633 733 2060 1707 2318 539 78214 2159 38914 366 7297 885 1051 9403 563 4881 223 6236 200
internal_value=0.000149804 0.142681 0.306886 -0.0298286 0.437309 -0.0486019 0.532902 0.405845 0.190539 0.166865 0.673934 0.774554 0.33016 0.370886 0.633296 0.148659 0.638137 0.0181784 0.0578805 0.0445893 0.269218 0.053788 0.0692539 0.0870169 0.140157 0.126612 0.194411 0.169289 0.253534 0.937254
internal_weight=524637 91164 32010 433473 16562 311615 8732 4614 2404 15448 4118 3116 7830 7097 2483 14926 2210 121858 43644 41073 2571 59154 51857 2171 22391 21506 12103 11540 6659 423
internal_count=524637 91164 32010 433473 16562 311615 8732 4614 2404 15448 4118 3116 7830 7097 2483 14926 2210 121858 43644 41073 2571 59154 51857 2171 22391 21506 12103 11540 6659 423
is_linear=0
shrinkage=0.04


Tree=29
num_leaves=31
num_cat=0
split_feature=6 14 9 8 12 11 10 10 11 12 10 14 0 8 10 8 9 10 11 11 9 8 10 10 10 0 10 10 10 10
split_gain=1.29489e+06 600237 256198 222497 181345 145000 108296 123657 104066 97193.2 107170 125030 90630.6 85489.3 68060.8 87754.9 107804 93890.5 72445.3 67253.8 92629.8 121290 91626.4 59810.4 58114.7 56176 55919.6 101021 70079.2 94232.5
threshold=32.123239517211921 9.9216299057006854 73.625000000000014 19.125000000000004 0.25192426145076757 -0.48501108586788172 -0.82956761121749867 -0.55028682947158802 -0.39233249425888056 9.3512210845947283 -0.28622037172317499 26.118380546569828 68.377178192138686 17.625000000000004 -0.59262362122535694 16.875000000000004 77.125000000000014 -0.066607572138309465 -0.76278147101402272 -0.90892156958580006 73.875000000000014 19.375000000000004 -0.35141934454441065 -0.31900864839553827 0.1393099054694176 10.169205665588381 0.22386012226343158 0.12225609645247461 -0.31900864839553827 -0.15207348018884656
decision_type=2 2 2 2 2 2 2 2 2 2 2 2 2 2 2 2 2 2 2 2 2 2 2 2 2 2 2 2 2 2
left_child=1 4 5 8 -1 6 -3 -8 12 -9 11 13 26 -11 18 25 -17 -18 -4 20 23 -22 -23 -6 -14 -16 27 28 -2 -30
right_child=3 2 14 -5 19 -7 7 9 -10 10 -12 -13 24 -15 15 16 17 -19 -20 -21 21 22 -24 -25 -26 -27 -28 -29 29 -31
leaf_value=-0.06296755734450557 0.31239865893348223 0.69059640220435836 -0.15809186109068049 0.1281572080657381 0.82554762833884787 0.035314525300481112 0.079006769387333683 0.11309409712127348 0.081267635481985845 0.40418092804135014 0.33360005301432838 0.26719472299824965 0.71209784544434551 1.2922685406417966 0.097644951262857466 -0.016621411778403837 0.17163103031018456 -0.013819472422487556 0.028370468234132615 -0.02633049790823884 -0.047938341171907768 0.23875148078981159 0.034223814625419118 0.14766547857072976 0.15561463362753056 0.39374901654924183 0.89606446462128886 -0.17907770865361688 0.84856972168297407 0.36311041625007739
leaf_weight=183384 4490 1023 3625 5833 207 4713 3818 1776 1248 255 3286 545 2762 626 1894 15306 16129 5987 40240 138110 34748 3840 39134 5589 344 2247 336 493 1134 1515
leaf_count=183384 4490 1023 3625 5833 207 4713 3818 1776 1248 255 3286 545 2762 626 1894 15306 16129 5987 40240 138110 34748 3840 39134 5589 344 2247 336 493 1134 1515
internal_value=0.00015253 -0.0117481 0.0752443 0.331976 -0.0335441 0.221868 0.299377 0.259912 0.428278 0.366084 0.460997 0.750198 0.467276 1.04264 0.0476879 0.0843603 0.0649846 0.121444 0.0129287 -0.00919624 0.0191377 0.00762375 0.052551 0.173256 0.651163 0.258879 0.394869 0.37166 0.40989 0.573339
internal_weight=524637 506482 101470 18155 405012 16042 11329 10306 12322 6488 4712 1426 11074 881 85428 41563 37422 22116 43865 221628 83518 77722 42974 5796 3106 4141 7968 7632 7139 2649
internal_count=524637 506482 101470 18155 405012 16042 11329 10306 12322 6488 4712 1426 11074 881 85428 41563 37422 22116 43865 221628 83518 77722 42974 5796 3106 4141 7968 7632 7139 2649
is_linear=0
shrinkage=0.04


Tree=30
num_leaves=31
num_cat=0
split_feature=6 9 10 13 5 4 11 9 9 11 5 10 18 10 10 10 3 2 11 10 9 10 16 10 10 3 10 14 8 13
split_gain=1.20009e+06 734667 330110 195954 100153 88158.2 84413.9 83052.1 83433.4 82146.1 81444.2 71368.3 78454.5 64572.8 154246 67280.8 79504 66487.5 63152.9 85870.6 66273.3 105580 69388.8 66370.7 61365.9 59892.7 68482 70899.2 56245.7 53072.4
threshold=11.341433525085451 73.875000000000014 -0.53584328293800343 1.2875192761421206 10.454508304595949 13.968427658081056 0.078402601182460799 73.625000000000014 76.875000000000014 -0.09339838474988936 94.673366546630874 0.12225609645247461 110.42088699340822 -0.7996615171432494 -0.85671821236610401 -0.82956761121749867 28.958769798278812 36.454746246337898 -0.37645272910594935 -0.01505099539645016 79.125000000000014 -0.90529522299766529 -1.0000000180025095e-35 -0.36747109889984125 -0.35141934454441065 14.549619197845461 -0.28622037172317499 27.116916656494144 16.625000000000004 57.506156921386726
decision_type=2 2 2 2 2 2 2 2 2 2 2 2 2 2 2 2 2 2 2 2 2 2 2 2 2 2 2 2 2 2
left_child=3 2 9 -1 -4 -6 7 -5 -9 10 13 12 25 14 17 16 -16 -2 19 20 28 22 -22 -23 -25 26 27 -7 -3 -27
right_child=1 18 4 6 5 11 -8 8 -10 -11 -12 -13 -14 -15 15 -17 -18 -19 -20 -21 21 23 -24 24 -26 29 -28 -29 -30 -31
leaf_value=-0.05759539609685381 0.082031873550941797 0.24368762935368857 0.13371828587882603 0.11415491124154743 0.33989986731882821 1.5039733533271076 -0.074391529184754127 -0.022802187737782611 0.031607178177826371 -0.055332382265083267 0.77617509159542952 0.050287157871575755 0.8713401025060159 0.076200858789625264 0.61547182433228054 0.31644509964418693 1.5477515837243783 0.38588732848906032 -0.026365231591382259 -0.049281837658167141 1.0613302309190233 0.076190818318651932 0.1575586098213585 0.79875401439940097 0.21911609632466694 0.48119279896175493 0.49679217354476274 0.55765695729310905 0.038209599449338383 0.040000470355598339
leaf_weight=203012 4345 2310 1997 10614 7655 293 23778 111566 75669 2630 358 459 1140 6120 555 625 204 1562 14362 8337 326 9675 235 304 4652 3976 810 249 26327 492
leaf_count=203012 4345 2310 1997 10614 7655 293 23778 111566 75669 2630 358 459 1140 6120 555 625 204 1562 14362 8337 326 9675 235 304 4652 3976 810 249 26327 492
internal_value=0.000152639 0.124812 0.27764 -0.0292057 0.400735 0.435997 -0.00319902 0.00536041 -0.000812717 0.149335 0.18844 0.53456 0.566379 0.172184 0.252536 0.631207 0.882913 0.162897 0.0478952 0.0683412 0.0907212 0.158232 0.692135 0.137302 0.256208 0.505252 0.739726 1.0872 0.0548637 0.432808
internal_weight=524637 99998 33470 424639 17071 15074 221627 197849 187235 16399 13769 7419 6960 13411 7291 1384 759 5907 66528 52166 43829 15192 561 14631 4956 5820 1352 542 28637 4468
internal_count=524637 99998 33470 424639 17071 15074 221627 197849 187235 16399 13769 7419 6960 13411 7291 1384 759 5907 66528 52166 43829 15192 561 14631 4956 5820 1352 542 28637 4468
is_linear=0
shrinkage=0.04


Tree=31
num_leaves=31
num_cat=0
split_feature=6 14 9 8 10 11 9 11 11 8 10 12 14 8 18 10 14 0 9 9 7 10 9 11 11 5 10 13 10 11
split_gain=1.10929e+06 516900 259582 197138 189991 99973 120139 92951 91914.1 91331 85432.6 98201.2 112198 98477 82064.6 96857.5 78933.5 74430.1 70122 78418.7 66616.4 62648.3 61782.6 59072.2 56667.3 55114.6 70195.6 56956.9 65965.9 55055
threshold=32.123239517211921 5.8337297439575204 73.625000000000014 19.125000000000004 -0.55028682947158802 -0.37645272910594935 79.625000000000014 0.078402601182460799 -0.39233249425888056 16.625000000000004 -0.28622037172317499 9.3512210845947283 26.118380546569828 17.625000000000004 59.310050964355476 0.036545658484101302 52.626115798950202 12.046030521392824 73.875000000000014 75.875000000000014 0.35678778588771826 -0.99940761923789967 76.625000000000014 -0.99938741326332081 -0.99273797869682301 94.673366546630874 -0.31900864839553827 75.981067657470717 -0.36747109889984125 -0.93237864971160878
decision_type=2 2 2 2 2 2 2 2 2 2 2 2 2 2 2 2 2 2 2 2 2 2 2 2 2 2 2 2 2 2
left_child=1 7 4 8 -3 6 9 18 14 17 11 -6 13 -13 -2 25 -17 -4 -1 -20 -21 -22 -11 -12 -8 26 -16 -27 -29 -26
right_child=3 2 5 -5 10 -7 24 -9 -10 22 23 12 -14 -15 15 16 -18 -19 19 20 21 -23 -24 -25 29 27 -28 28 -30 -31
leaf_value=0.057717352869886017 0.28835046039166939 0.080661275971096652 0.058425423124393437 0.11543873941636754 0.026466269523967349 -0.029360593500866373 -0.040537686809628194 -0.079672726254387052 0.071848100395517839 -0.016939066635272899 -0.12896453554522813 0.31842745709357806 0.24141312801286258 1.2202702364776894 0.40715732836960883 0.34624936816885615 -0.45931814603785753 0.33171704550675918 -0.060003451428171269 -0.080011066689466198 -0.1351865391678348 0.0060724079507938466 0.047753588291002458 0.28979271296612646 0.27032290296597528 1.2136865184803574 0.7231075994918077 0.94856398657669405 0.056128721987207739 0.11299368552267483
leaf_weight=13981 3993 13892 3922 5833 439 40231 2536 76693 1248 46347 589 281 545 684 3026 1017 231 2683 105485 20208 5273 102217 48149 5749 5186 421 1849 307 230 11392
leaf_count=13981 3993 13892 3922 5833 439 40231 2536 76693 1248 46347 589 281 545 684 3026 1017 231 2683 105485 20208 5273 102217 48149 5749 5186 421 1849 307 230 11392
internal_value=0.000154713 -0.0108601 0.0429503 0.307279 0.171185 0.0252144 0.0434794 -0.0412045 0.397925 0.0260858 0.322654 0.554057 0.706259 0.96362 0.434574 0.516507 0.194676 0.169772 -0.0292653 -0.0344828 -0.0133985 -0.000869083 0.0160257 0.250735 0.135418 0.584914 0.528227 0.864943 0.574343 0.162343
internal_weight=524637 506482 182625 18155 22179 160446 120215 323857 12322 101101 8287 1949 1510 965 11074 7081 1248 6605 247164 233183 127698 107490 94496 6338 19114 5833 4875 958 537 16578
internal_count=524637 506482 182625 18155 22179 160446 120215 323857 12322 101101 8287 1949 1510 965 11074 7081 1248 6605 247164 233183 127698 107490 94496 6338 19114 5833 4875 958 537 16578
is_linear=0
shrinkage=0.04


Tree=32
num_leaves=31
num_cat=0
split_feature=6 9 10 12 5 4 2 10 18 11 7 11 3 10 14 11 10 10 2 10 10 1 9 10 10 10 3 11 11 10
split_gain=1.02803e+06 634448 286059 169348 88563.7 77900.9 74804 63826.5 68849.4 63455.3 62327.6 60481.6 55984.5 61698.9 63605.2 53650.7 78406.3 62187.9 87579.2 67690.5 62239.4 54147 52742.9 51784.3 147674 70109.7 79947 51084.4 86632.3 103678
threshold=11.341433525085451 73.875000000000014 -0.53584328293800343 0.53063601255416881 10.454508304595949 13.968427658081056 111.96822357177736 0.12225609645247461 110.42088699340822 -0.90892156958580006 5.0856847763061532 -0.09339838474988936 14.549619197845461 -0.28622037172317499 27.116916656494144 -0.37645272910594935 -0.01505099539645016 -0.91246706247329701 23.698267936706547 -0.59262362122535694 -0.64659911394119252 98.075862884521499 73.625000000000014 -0.7996615171432494 -0.85671821236610401 -0.82956761121749867 28.958769798278812 -0.66686570644378651 -0.21231865882873532 -0.97312742471694935
decision_type=2 2 2 2 2 2 2 2 2 2 2 2 2 2 2 2 2 2 2 2 2 2 2 2 2 2 2 2 2 2
left_child=3 2 6 -1 -4 -6 11 8 12 10 -5 23 13 14 -7 16 17 18 -3 20 21 -19 -12 24 -2 26 -26 -11 29 -29
right_child=1 15 4 9 5 7 -8 -9 -10 27 22 -13 -14 -15 -16 -17 -18 19 -20 -21 -22 -23 -24 -25 25 -27 -28 28 -30 -31
leaf_value=-0.052612357730121524 0.1408666574785806 0.20115362976259771 0.12108090539828989 0.00027307151228067952 0.31498043380383417 1.42173512834822 0.60496965383228507 0.040144523185516985 0.81368226495825724 -0.05565435222556183 0.29479991495682512 -0.053977922632230009 0.40083016719041015 0.46681133584223872 0.52563749842316942 -0.024393544755856946 -0.049495202797523383 0.041112429191038691 1.1114142291136435 0.11972925573270833 -0.15073818909993089 0.65965968434188682 0.060193822169083262 0.070644700217423972 0.58742932808768433 0.27649061241912842 1.5174000251734701 0.31345356191043533 -0.042042190947936868 0.022996468910818663
leaf_weight=209532 5834 839 1997 53427 7655 293 522 459 1140 41907 1618 2597 4468 810 249 14362 8337 14893 204 24748 2925 220 26621 6070 555 615 206 2047 44839 44648
leaf_count=209532 5834 839 1997 53427 7655 293 522 459 1140 41907 1618 2597 4468 810 249 14362 8337 14893 204 24748 2925 220 26621 6070 555 615 206 2047 44839 44648
internal_value=0.000153254 0.115531 0.257552 -0.0270191 0.37214 0.405298 0.138115 0.497939 0.528029 -0.00208777 0.0256813 0.122395 0.470777 0.697292 1.02704 0.0440525 0.0628976 0.084283 0.388055 0.076789 0.0178415 0.0505469 0.0737356 0.1569 0.22932 0.600622 0.855585 -0.0190831 -0.00233549 0.0357938
internal_weight=524637 99998 33470 424639 17071 15074 16399 7419 6960 215107 81666 15877 5820 1352 542 66528 52166 43829 1043 42786 18038 15113 28239 13280 7210 1376 761 133441 91534 46695
internal_count=524637 99998 33470 424639 17071 15074 16399 7419 6960 215107 81666 15877 5820 1352 542 66528 52166 43829 1043 42786 18038 15113 28239 13280 7210 1376 761 133441 91534 46695
is_linear=0
shrinkage=0.04


Tree=33
num_leaves=31
num_cat=0
split_feature=14 9 10 11 8 12 6 9 0 13 9 11 10 10 7 10 11 8 14 10 11 10 4 9 13 11 10 11 7 11
split_gain=952820 601297 216736 158662 155052 121954 118260 113142 86761.6 77614.5 72452.8 69505.6 75277.5 164484 71222.5 66561.8 128403 75969.8 77407.8 99050.2 65937.6 107224 75224.7 62405.7 59152.6 58757.4 56943.2 55126 67528.9 55114.2
threshold=10.895496368408205 73.625000000000014 -0.55028682947158802 -0.12758953124284741 16.625000000000004 9.519961357116701 3.5382180213928227 73.875000000000014 11.070004463195803 10.447968482971193 79.125000000000014 -0.09339838474988936 -0.80987083911895741 -0.85671821236610401 14.322695255279543 -0.44600489735603327 -0.91939276456832875 18.875000000000004 61.235145568847663 -0.25309335440397257 -0.37645272910594935 -0.90529522299766529 6.4360520839691171 76.625000000000014 64.341640472412124 -0.91939276456832875 -0.82956761121749867 -0.9970029592514037 8.6201691627502459 -0.27900144457817072
decision_type=2 2 2 2 2 2 2 2 2 2 2 2 2 2 2 2 2 2 2 2 2 2 2 2 2 2 2 2 2 2
left_child=3 2 11 6 8 -4 29 25 -3 -7 -6 12 13 -2 -15 -11 17 18 19 -17 21 22 -12 -9 -14 27 -16 -8 -29 -1
right_child=1 4 5 -5 10 9 7 23 -10 15 20 -13 24 14 26 16 -18 -19 -20 -21 -22 -23 -24 -25 -26 -27 -28 28 -30 -31
leaf_value=-0.038248345329646521 0.19443542811584899 0.054568614870201773 0.12100013012033574 -0.065475280997301877 0.00795366120590805 -0.10215888442055693 -0.089624753642615684 -0.023717020416002862 0.32248022159367062 0.69185059457305287 0.31297586605951155 -0.076144142043411439 0.043199709827062373 0.22694107668474317 1.2726144973777753 0.90945261258265919 -0.059209752911544705 0.28401157383748166 0.12793591075995939 0.49487314656836134 -0.064387460767956109 0.10729282540264302 1.2611519329016809 0.036864837121575213 0.65357998845745646 0.072635667012595162 0.48785495436185911 0.21760758663116342 0.62218549291282221 0.046454988812615422
leaf_weight=164338 4816 3167 2307 121666 50234 402 571 52482 4977 1706 393 1787 4608 286 420 1252 820 2586 630 3721 3489 17924 201 56467 259 6367 254 2304 927 13276
leaf_count=164338 4816 3167 2307 121666 50234 402 571 52482 4977 1706 393 1787 4608 286 420 1252 820 2586 630 3721 3489 17924 201 56467 259 6367 254 2304 927 13276
internal_value=0.000154518 0.107125 0.274885 -0.0270093 0.0531417 0.386304 -0.0112358 0.0195984 0.218491 0.441202 0.0344736 0.154342 0.193077 0.290622 0.766178 0.461664 0.417356 0.46509 0.54801 0.600863 0.094978 0.125023 0.649391 0.00768235 0.0769549 0.147132 0.98833 0.271369 0.335246 -0.0319148
internal_weight=524637 106239 25854 418398 80385 13424 296732 119118 8144 11117 72241 12430 10643 5776 960 10715 9009 8189 5603 4973 22007 18518 594 108949 4867 10169 674 3802 3231 177614
internal_count=524637 106239 25854 418398 80385 13424 296732 119118 8144 11117 72241 12430 10643 5776 960 10715 9009 8189 5603 4973 22007 18518 594 108949 4867 10169 674 3802 3231 177614
is_linear=0
shrinkage=0.04


Tree=34
num_leaves=31
num_cat=0
split_feature=6 6 9 8 11 14 0 10 10 9 3 10 11 11 10 10 10 4 10 9 11 10 10 7 11 11 2 10 12 3
split_gain=884718 412114 216304 166259 153900 85915.3 79673.6 79446.5 98378.7 78592.2 73536.3 83715.1 68618.8 67158.7 53762.2 54793.4 61835.9 64842.3 77060.1 53667.9 54528.5 60161.1 56177.8 51712.9 47643.7 54808.4 64372.3 127368 47978.2 46857.5
threshold=32.123239517211921 5.8368639945983896 73.875000000000014 19.125000000000004 -0.48501108586788172 0.11132165789604188 46.101329803466804 -0.82956761121749867 -0.55028682947158802 79.625000000000014 2.3287252187728886 -0.85671821236610401 -0.37645272910594935 -0.99938741326332081 0.22386012226343158 0.12225609645247461 -0.31900864839553827 50.297830581665046 -0.16905184835195539 78.375000000000014 -0.14463099837303159 0.10516610741615297 0.05372969992458821 6.0940394401550302 -0.99273797869682301 -0.93237864971160878 14.781302928924562 -0.8978554606437682 0.53063601255416881 12.225701332092287
decision_type=2 2 2 2 2 2 2 2 2 2 2 2 2 2 2 2 2 2 2 2 2 2 2 2 2 2 2 2 2 2
left_child=1 5 4 6 7 -1 14 10 -9 -4 -3 -12 24 -10 15 16 29 18 -18 -7 21 22 -21 -24 -11 28 -27 -28 -26 -2
right_child=3 2 9 -5 -6 19 -8 8 13 12 11 -13 -14 -15 -16 -17 17 -19 -20 20 -22 -23 23 -25 25 26 27 -29 -30 -31
leaf_value=-0.078536391855193649 0.54131299090480667 -0.059536619933187096 0.006350042280607455 0.098276679839026521 0.013843123135468824 -0.033578584588250769 0.4729842563474152 0.053269370762212644 -0.098110190346186107 -0.040219884569395958 0.21113716978394526 0.8659294187908575 -0.042390893699391051 0.27247434160690498 0.82239362595616672 -0.20503814599302275 0.73307862324756812 0.87124712120213932 0.1178441313468873 0.064900942852769067 -0.0583992004872428 -0.042373174105555515 0.22148371754536084 0.91836052660651046 -0.04964802266600845 0.028264389123011147 1.0291628189179232 0.16341285346646686 0.30597566266411297 0.13975539350549299
leaf_weight=60932 522 335 117987 5833 10665 231128 5401 6548 837 2484 533 774 5164 11070 260 401 485 463 967 20302 11574 9139 910 203 702 7239 287 3312 4357 3823
leaf_count=60932 522 335 117987 5833 10665 231128 5401 6548 837 2484 533 774 5164 11070 260 401 485 463 967 20302 11574 9139 910 203 702 7239 287 3312 4357 3823
internal_value=0.000154476 -0.00968238 0.0405674 0.274434 0.136684 -0.0355896 0.357676 0.201833 0.177918 0.0196684 0.467915 0.602533 0.0863772 0.246364 0.26714 0.244266 0.273328 0.462394 0.326955 -0.0260106 0.015508 0.0435143 0.0801701 0.355633 0.122557 0.148001 0.0971061 0.235112 0.256628 0.18913
internal_weight=524637 506482 172294 18155 30762 334188 12322 20097 18455 141532 1642 1307 23545 11907 6921 6661 6260 1915 1452 273256 42128 30554 21415 1113 18381 15897 10838 3599 5059 4345
internal_count=524637 506482 172294 18155 30762 334188 12322 20097 18455 141532 1642 1307 23545 11907 6921 6661 6260 1915 1452 273256 42128 30554 21415 1113 18381 15897 10838 3599 5059 4345
is_linear=0
shrinkage=0.04


Tree=35
num_leaves=31
num_cat=0
split_feature=9 13 14 10 8 0 10 9 11 10 11 14 8 14 11 9 11 11 10 11 7 6 15 5 10 10 7 10 10 10
split_gain=820206 432441 281848 174414 142941 115261 93050.8 92383.7 81297.7 80137.8 103615 71693.9 60005.4 70209.3 57528.8 56645.7 56206.6 53378.8 50256.8 57069.4 95045.3 92001.5 49835.7 71546.9 48160.4 68337 68752.1 45884.2 144875 49713.1
threshold=73.625000000000014 11.834570884704592 5.8337297439575204 -0.55028682947158802 16.625000000000004 10.695240974426271 -0.01505099539645016 79.625000000000014 -0.37645272910594935 -0.85671821236610401 -0.55834004282951344 0.11132165789604188 18.875000000000004 52.626115798950202 -0.91939276456832875 78.125000000000014 -0.12758953124284741 -0.99273797869682301 -0.97113886475563038 -0.17858051508665082 10.534120559692385 4.549873113632203 0.93750000000000011 52.613756179809577 0.10516610741615297 0.036545658484101302 7.3048210144042978 -0.44600489735603327 -0.38341410458087916 -0.28622037172317499
decision_type=2 2 2 2 2 2 2 2 2 2 2 2 2 2 2 2 2 2 2 2 2 2 2 2 2 2 2 2 2 2
left_child=1 9 11 -3 5 -4 22 -6 17 18 -11 -2 13 -8 -7 -13 24 -9 19 20 21 -1 23 27 25 -17 -27 -5 -29 -30
right_child=2 3 4 6 7 14 12 8 -10 10 -12 15 -14 -15 -16 16 -18 -19 -20 -21 -22 -23 -24 -25 -26 26 -28 28 29 -31
leaf_value=0.18375282711206481 -0.078426324766885464 0.16110619325825229 0.033477877727151766 0.66577177953640387 0.002180652279560975 0.42729176406082653 0.3902856153801551 -0.046024016556655716 -0.05211895843552914 0.1043719445668415 0.88536740772506661 -0.038100246828512027 0.0036788791899970913 -0.29653736056251961 0.1729969954173452 0.051740063772624655 -0.060242297228831031 0.14513695568070081 -0.088761449145278115 0.016129624581490937 -0.040312077350702073 1.3812200534819437 0.29514357265141039 0.77470230386400285 -0.034198676716668923 0.21885330031759354 0.99718487661596733 -0.19725313503214603 0.75581667049207013 0.3841197984243187
leaf_weight=205 58118 10242 5611 1149 129681 2601 2684 2678 5515 10910 269 205144 1298 254 3182 21366 12739 18133 7652 5716 446 203 2183 1381 10087 1386 201 591 798 2214
leaf_count=205 58118 10242 5611 1149 129681 2601 2684 2678 5515 10910 269 205144 1298 254 3182 21366 12739 18133 7652 5716 446 203 2183 1381 10087 1386 201 591 798 2214
internal_value=0.000153819 0.157388 -0.0157543 0.283834 0.0260461 0.162754 0.383767 0.0160518 0.0843541 0.0438531 0.12394 -0.0383969 0.230324 0.330103 0.28791 -0.0291226 0.0111072 0.120528 -0.0191405 0.0619578 0.364959 0.798341 0.461557 0.520214 0.0386268 0.0706319 0.323059 0.444784 0.372663 0.484772
internal_weight=524637 48195 476442 22794 167401 11394 12552 156007 26326 25401 11179 309041 4236 2938 5783 250923 45779 20811 14222 6570 854 408 8316 6133 33040 22953 1587 4752 3603 3012
internal_count=524637 48195 476442 22794 167401 11394 12552 156007 26326 25401 11179 309041 4236 2938 5783 250923 45779 20811 14222 6570 854 408 8316 6133 33040 22953 1587 4752 3603 3012
is_linear=0
shrinkage=0.04


Tree=36
num_leaves=31
num_cat=0
split_feature=6 6 9 8 11 12 8 11 0 10 10 10 9 10 14 12 8 9 11 10 10 10 12 12 10 4 10 10 4 10
split_gain=760203 367192 163434 128414 119659 112980 74631.1 76567 69637.8 65676.8 64892.1 79096.4 63883.8 59447 84907.1 91734.6 79298.2 51264.1 82025.6 49488.5 63224.4 101242 114830 60719.3 71880.3 123343 47990.5 58973.4 60442.2 77762.8
threshold=33.94459533691407 9.2180037498474139 73.625000000000014 19.125000000000004 -0.48501108586788172 0.014816408511251213 16.875000000000004 -0.91939276456832875 49.796241760253913 0.22386012226343158 -0.82956761121749867 -0.55028682947158802 79.125000000000014 -0.28622037172317499 26.118380546569828 9.519961357116701 17.625000000000004 77.125000000000014 -0.36046156287193293 -0.01505099539645016 -0.36747109889984125 -0.35141934454441065 15.311823368072512 22.413486480712894 -0.8978554606437682 25.878107070922855 0.12225609645247461 -0.31900864839553827 50.297830581665046 -0.25309335440397257
decision_type=2 2 2 2 2 2 2 2 2 2 2 2 2 2 2 2 2 2 2 2 2 2 2 2 2 2 2 2 2 2
left_child=1 5 4 8 10 -1 7 -4 9 26 -3 -12 -7 14 15 -13 -17 -8 19 20 23 22 -22 24 25 -19 27 -2 29 -29
right_child=3 2 6 -5 -6 12 17 -9 -10 -11 11 13 -14 -15 -16 16 -18 18 -20 -21 21 -23 -24 -25 -26 -27 -28 28 -30 -31
leaf_value=-0.05570181028167169 0.17413223728421851 0.53520101643348794 0.34030330373361095 0.098666626796418119 0.012849120292131455 -0.01804690146299295 -0.0094231148902997573 0.063106587059433811 0.45955064518406102 0.88155745996597634 0.068684987445736118 0.079818935990333559 0.044119772182032883 0.2175190242490346 0.13593541439042928 0.30810032205561072 1.139027779701242 0.2128358162268863 -0.061243146540841731 -0.028096965811402228 0.066193568084836008 0.14981926331828857 1.2500907378531483 -0.061299058758590402 0.06768048911808025 1.2492617760215488 -0.20086935372005418 0.93201904405737823 0.84178236429597508 0.1708121657221878
leaf_weight=137805 4111 1053 2441 4970 5596 229874 39215 4579 4756 251 4165 302 29877 5225 729 274 613 1529 8304 5995 240 9606 282 5140 15245 200 378 255 457 1170
leaf_count=137805 4111 1053 2441 4970 5596 229874 39215 4579 4756 251 4165 302 29877 5225 729 274 613 1529 8304 5995 240 9606 282 5140 15245 200 378 255 457 1170
internal_value=0.000153094 -0.0084845 0.055931 0.268553 0.166355 -0.0264274 0.0345426 0.159841 0.342608 0.258052 0.235782 0.207452 -0.010895 0.288157 0.478462 0.685587 0.888645 0.0242683 0.0526522 0.0773966 0.0970145 0.179743 0.717246 0.0590614 0.0955231 0.339218 0.232145 0.259746 0.44485 0.312574
internal_weight=524637 508289 110733 16348 17957 397556 92776 7020 11378 6622 12361 11308 259751 7143 1918 1189 887 85756 46541 38237 32242 10128 522 22114 16974 1729 6371 5993 1882 1425
internal_count=524637 508289 110733 16348 17957 397556 92776 7020 11378 6622 12361 11308 259751 7143 1918 1189 887 85756 46541 38237 32242 10128 522 22114 16974 1729 6371 5993 1882 1425
is_linear=0
shrinkage=0.04


Tree=37
num_leaves=31
num_cat=0
split_feature=9 13 14 11 8 0 10 9 11 10 10 14 8 14 9 11 2 11 11 10 14 10 10 4 3 12 13 7 10 11
split_gain=711692 369384 243216 151226 122722 101185 86323.2 80955.3 71868 70979 93218.4 63256.1 53772.1 64643.1 53281 71188.2 50054.3 49441.7 48776.8 46911.7 92157.5 61539.7 106810 57981.7 56543.8 52272.8 49325.8 46759.4 46220.4 52652.3
threshold=73.625000000000014 11.834570884704592 5.8337297439575204 -0.84427365660667408 16.625000000000004 10.695240974426271 -0.01505099539645016 79.625000000000014 -0.37645272910594935 -0.85671821236610401 -0.82956761121749867 0.11132165789604188 18.875000000000004 52.626115798950202 75.875000000000014 -0.12758953124284741 111.96822357177736 -0.91939276456832875 -0.99273797869682301 -0.066607572138309465 26.118380546569828 -0.44600489735603327 -0.3992436677217483 13.968427658081056 14.549619197845461 19.98494911193848 45.115659713745124 28.54398345947266 -0.97113886475563038 -0.17858051508665082
decision_type=2 2 2 2 2 2 2 2 2 2 2 2 2 2 2 2 2 2 2 2 2 2 2 2 2 2 2 2 2 2
left_child=1 9 11 6 5 -4 19 -6 18 28 -11 -2 13 -8 -13 -16 -5 -7 -9 21 -21 26 -23 -24 25 -25 27 -3 29 -1
right_child=2 3 4 16 7 17 12 8 -10 10 -12 14 -14 -15 15 -17 -18 -19 -20 20 -22 22 23 24 -26 -27 -28 -29 -30 -31
leaf_value=0.35121361642145699 -0.073298399801674421 0.24674146498491367 0.029714354528695863 0.13257743723368162 0.0019202178817488719 0.39731810086392855 0.36409521949527962 -0.046349378902855926 -0.049470680223762296 0.83927293484142607 0.098497956250026011 -0.046558430031424694 -0.0026271923243521007 -0.29473570680657402 0.0073871197499901691 -0.059960398899803063 0.54922620820753354 0.1615643196142533 0.13637922547783041 0.084354943090705514 1.1445675175873808 -0.068513346326323193 0.26379334164032864 0.28011612624492288 0.42951331268985438 1.0541006133472988 0.25239403469741623 0.8983868437815915 -0.084365718263483172 0.01615390904241255
leaf_weight=854 58118 230 5611 10038 129681 2601 2684 2678 5515 269 10910 117938 1298 254 99394 33591 475 3182 18133 201 377 842 2251 202 2105 519 416 902 7652 5716
leaf_count=854 58118 230 5611 10038 129681 2601 2684 2678 5515 269 10910 117938 1298 254 99394 33591 475 3182 18133 201 377 842 2251 202 2105 519 416 902 7652 5716
internal_value=0.000153881 0.146618 -0.0146646 0.263482 0.0241656 0.150836 0.358793 0.0149051 0.0788432 0.0416863 0.117057 -0.0356983 0.211876 0.30633 -0.0269869 -0.00962758 0.151907 0.268101 0.112854 0.435792 0.783583 0.407858 0.348033 0.417114 0.537879 0.844055 0.632905 0.769305 -0.0175987 0.0601741
internal_weight=524637 48195 476442 22794 167401 11394 12281 156007 26326 25401 11179 309041 4236 2938 250923 132985 10513 5783 20811 8045 578 7467 5919 5077 2826 721 1548 1132 14222 6570
internal_count=524637 48195 476442 22794 167401 11394 12281 156007 26326 25401 11179 309041 4236 2938 250923 132985 10513 5783 20811 8045 578 7467 5919 5077 2826 721 1548 1132 14222 6570
is_linear=0
shrinkage=0.04


Tree=38
num_leaves=31
num_cat=0
split_feature=9 0 14 10 11 10 11 9 4 8 15 18 14 10 0 14 8 9 11 2 14 12 10 10 10 8 9 12 10 4
split_gain=658760 420006 182745 119698 87781 87234.9 74550.3 92418.6 68142 60562.2 60073 95084.7 65823.6 57484.6 67907.4 57320.3 55911.8 54690.5 62370 51804.2 50867.5 50135.9 49128.2 61680.6 46852.1 47359.1 45859.7 44307.7 50220.8 111596
threshold=73.875000000000014 11.861338138580324 5.6091187000274667 -0.56456753611564625 -0.92272481322288502 -0.15207348018884656 -0.36046156287193293 76.875000000000014 80.924495697021499 16.125000000000004 0.93750000000000011 71.83545303344728 15.82595729827881 -0.31900864839553827 73.244403839111342 0.11132165789604188 16.875000000000004 75.875000000000014 -0.12758953124284741 0.1072816848754883 61.235145568847663 50.023000717163093 -0.36747109889984125 -0.44600489735603327 -0.25309335440397257 18.625000000000004 73.375000000000014 35.957632064819343 -0.8978554606437682 34.715904235839851
decision_type=2 2 2 2 2 2 2 2 2 2 2 2 2 2 2 2 2 2 2 2 2 2 2 2 2 2 2 2 2 2
left_child=1 4 15 -3 16 10 7 9 20 -4 11 12 -5 14 -13 -2 -1 -17 -19 -9 -7 -15 23 -14 25 -24 -18 28 29 -21
right_child=2 3 6 5 -6 8 -8 19 -10 -11 -12 13 22 21 -16 17 26 18 -20 27 -22 -23 24 -25 -26 -27 -28 -29 -30 -31
leaf_value=0.42309661302828649 -0.071803331246298896 0.14158213374126966 0.1655794622911754 0.70229113808908761 0.0053071475264877222 0.2098632136311909 -0.031380559031253571 -0.014375499963822352 0.85629715962069375 -0.017182938835546609 0.22741498874900162 0.29264269825924927 0.33878406799491495 1.3253819304035477 0.97042617344158755 -0.0480897797229854 0.21404688542579631 0.0065431229502388583 -0.057100530679360023 0.17831939649005615 -0.29304938663366964 0.5457721747781854 0.88942080976321169 -0.1288048644990161 0.22294871942712363 0.26233375447499352 0.027430051609785334 -0.029682665429602344 0.081085510570017116 1.0907754415783109
leaf_weight=1011 57251 11493 3068 765 32519 6509 38326 11332 242 50442 2315 675 1110 373 366 109267 3755 96657 33054 2672 330 235 524 749 768 319 4792 5390 48104 224
leaf_count=1011 57251 11493 3068 765 32519 6509 38326 11332 242 50442 2315 675 1110 373 366 109267 3755 96657 33054 2672 330 235 524 749 768 319 4792 5390 48104 224
internal_value=0.000153073 0.115469 -0.0172683 0.239292 0.0366437 0.312644 0.0172418 0.0326145 0.209314 -0.00667526 0.40152 0.469518 0.367647 0.727351 0.537907 -0.0358565 0.143142 -0.0272423 -0.00967822 0.0636554 0.185204 1.03776 0.292065 0.150709 0.453247 0.657982 0.109572 0.0793361 0.0908614 0.252407
internal_weight=524637 68850 455787 26773 42077 15280 159558 121232 7081 53510 8199 5884 4235 1649 1041 296229 9558 238978 129711 67722 6839 608 3470 1859 1611 843 8547 56390 51000 2896
internal_count=524637 68850 455787 26773 42077 15280 159558 121232 7081 53510 8199 5884 4235 1649 1041 296229 9558 238978 129711 67722 6839 608 3470 1859 1611 843 8547 56390 51000 2896
is_linear=0
shrinkage=0.04


Tree=39
num_leaves=31
num_cat=0
split_feature=6 14 9 8 11 9 9 11 10 10 5 11 13 11 4 12 10 8 3 7 10 12 12 8 10 10 10 3 7 10
split_gain=611990 292215 123443 108520 105128 80361.2 82626.7 75513.7 83703.4 77738.4 64476.4 69686.2 74467.5 111780 94030 62836 69108.4 82019.6 91199.4 62537.4 60112.9 63335.3 61196.6 58429.4 57297.8 54576.3 68411.3 53015.4 50475.7 48433.6
threshold=33.94459533691407 10.183455467224123 73.625000000000014 19.125000000000004 0.078402601182460799 73.875000000000014 76.125000000000014 -0.48501108586788172 -0.80987083911895741 -0.55028682947158802 94.673366546630874 -0.92602273821830738 57.506156921386726 -0.97315269708633412 52.737417221069343 9.3512210845947283 -0.44600489735603327 17.625000000000004 16.769670486450199 0.6141641139984132 -0.33526359498500818 15.311823368072512 42.549484252929695 18.125000000000004 -0.99940761923789967 -0.44600489735603327 -0.50648479163646687 2.3287252187728886 48.610565185546882 0.20706263184547427
decision_type=2 2 2 2 2 2 2 2 2 2 2 2 2 2 2 2 2 2 2 2 2 2 2 2 2 2 2 2 2 2
left_child=1 4 7 10 5 -1 -7 8 27 -10 11 12 13 14 -2 29 17 -17 -19 -8 -15 -22 -23 -18 -21 26 -13 -3 -28 -11
right_child=3 2 -4 -5 -6 6 19 -9 9 15 -12 25 -14 20 -16 16 23 18 -20 24 21 22 -24 -25 -26 -27 28 -29 -30 -31
leaf_value=0.06139411917037621 0.18107931996648705 -0.061461097451678492 0.034073300557078599 0.084814787742544348 -0.062037651225891201 -0.039437711019371102 -0.057640582518061784 0.018555754066530462 0.019005611756638122 -0.052539057229820926 0.58195687715326794 0.1677922299285243 0.090174978883040172 0.31248897865861247 0.79845568493999775 -0.000179058469033667 0.46234916639092971 1.5141029805093384 0.46845905771500923 -0.11005890344020781 0.35715638037741654 1.4706421563557917 0.69015487254369223 0.14878724615680614 0.018641711067711241 -0.11035985338830762 0.22242037189322592 0.6176701393056927 0.94834863122617996 0.48280419562388988
leaf_weight=22142 1952 218 83125 4970 85380 143975 23517 4694 3582 1469 1233 3815 1070 357 488 214 1449 231 330 5775 244 379 329 2776 127981 887 292 1110 332 321
leaf_count=22142 1952 218 83125 4970 85380 143975 23517 4694 3582 1469 1233 3815 1070 357 488 214 1449 231 330 5775 244 379 329 2776 127981 887 292 1110 332 321
internal_value=0.000153419 -0.00759655 0.0538671 0.240971 -0.0225614 -0.0121375 -0.017544 0.154149 0.208486 0.16987 0.309047 0.275338 0.385533 0.469367 0.30731 0.249313 0.322001 0.667688 0.917995 0.00249976 0.766826 0.932183 1.12262 0.257164 0.0130772 0.175097 0.232257 0.50656 0.617518 0.0456127
internal_weight=524637 508289 99519 16348 408770 323390 301248 16394 11700 10372 11378 10145 4819 3749 2440 6790 5000 775 561 157273 1309 952 708 4225 133756 5326 4439 1328 624 1790
internal_count=524637 508289 99519 16348 408770 323390 301248 16394 11700 10372 11378 10145 4819 3749 2440 6790 5000 775 561 157273 1309 952 708 4225 133756 5326 4439 1328 624 1790
is_linear=0
shrinkage=0.04


Tree=40
num_leaves=31
num_cat=0
split_feature=9 5 14 10 8 0 8 9 11 11 14 10 10 0 10 12 10 8 10 16 10 11 11 7 4 11 2 11 10 14
split_gain=569193 302811 191444 116450 103518 86587 81745 70933.7 62752.8 62475.7 57538.4 61249 95602 67741.9 78772.4 53269.5 52633.8 52036.2 48909.9 64769.8 45893.4 44645 65603.1 99374.8 47848 51154.6 43600.1 42285.4 41522.8 41150.2
threshold=73.625000000000014 14.188966751098635 5.8337297439575204 -0.53584328293800343 16.625000000000004 10.695240974426271 18.875000000000004 79.625000000000014 -0.92272481322288502 -0.37645272910594935 61.235145568847663 -0.25309335440397257 -0.35141934454441065 73.244403839111342 -0.44600489735603327 0.014816408511251213 -0.30265928804874415 19.125000000000004 -0.44600489735603327 -3.401235699653625 -0.15207348018884656 -0.99052476882934559 -0.98049351572990406 18.444861412048343 1.2813972830772402 -0.98667386174201954 111.96822357177736 -0.91939276456832875 -0.15207348018884656 47.140737533569343
decision_type=2 2 2 2 2 2 2 2 2 2 2 2 2 2 2 2 2 2 2 2 2 2 2 2 2 2 2 2 2 2
left_child=1 8 15 26 5 -4 10 -6 16 21 11 12 13 14 -5 -2 -1 -17 19 -8 -12 -9 23 24 -23 -26 -3 28 -7 -14
right_child=2 3 4 6 7 27 18 9 -10 -11 20 -13 29 -15 -16 17 -18 -19 -20 -21 -22 22 -24 -25 25 -27 -28 -29 -30 -31
leaf_value=0.73285766022890686 -0.052002415474704689 0.12192435912077068 0.025649402217594541 0.59830303078034408 0.00069292252151606135 0.56315811832503748 0.018083805069239494 -0.036437335388022823 0.012124369683424679 -0.046937418396393371 0.27734946835304036 0.35584077044059476 1.1619760354633897 0.94437695882283157 -0.028894357645530198 -0.041187003630395992 0.13504740133095045 0.0014156320534918826 0.11550226396321538 0.97297804801799792 -0.33773608850879655 0.035147418821972559 0.10575325896049456 1.1670533983570499 0.061619105065974712 0.87871404327402181 0.51179709700948184 0.14765076363029747 0.23426663323000591 0.53304192192438582
leaf_weight=237 124313 9017 5611 638 129681 1026 202 3066 21577 5515 728 4445 543 310 632 84764 5482 99964 3126 251 254 728 16306 212 211 288 475 3182 1575 278
leaf_count=237 124313 9017 5611 638 129681 1026 202 3066 21577 5515 728 4445 543 310 632 84764 5482 99964 3126 251 254 728 16306 212 211 288 475 3182 1575 278
internal_value=0.000154341 0.131138 -0.0130979 0.245687 0.0213525 0.13769 0.331806 0.0128475 0.043376 0.0726974 0.404214 0.445261 0.608644 0.422233 0.288399 -0.031759 0.161057 -0.0181341 0.172749 0.556762 0.116453 0.104408 0.128751 0.386818 0.243665 0.541207 0.141953 0.246167 0.365662 0.957989
internal_weight=524637 48195 476442 20899 167401 11394 11407 156007 27296 26326 7828 6846 2401 1580 1270 309041 5719 184728 3579 453 982 20811 17745 1439 1227 499 9492 5783 2601 821
internal_count=524637 48195 476442 20899 167401 11394 11407 156007 27296 26326 7828 6846 2401 1580 1270 309041 5719 184728 3579 453 982 20811 17745 1439 1227 499 9492 5783 2601 821
is_linear=0
shrinkage=0.04


Tree=41
num_leaves=31
num_cat=0
split_feature=6 13 9 9 10 11 4 10 11 10 8 8 4 0 10 10 10 10 0 9 9 7 10 15 8 3 7 6 8 11
split_gain=528040 274399 161550 81338.1 79949.6 75225.8 69392.8 65503.4 63702.2 143915 61110 57602.4 54790 53625.7 63191.2 56224.1 61962 60143.6 47535.4 46441.9 51898.9 58106.1 53793 46343.1 46972.2 45050.3 42543.9 41157.7 39484.3 38233.6
threshold=38.334739685058601 6.6139914989471444 74.125000000000014 79.125000000000014 -0.55028682947158802 0.19758678972721103 12.32871198654175 -0.9193688929080962 -0.37645272910594935 -0.91246706247329701 19.125000000000004 17.625000000000004 12.553548336029055 68.377178192138686 0.22386012226343158 -0.01505099539645016 -0.31900864839553827 -0.733546882867813 9.6649775505065936 73.625000000000014 75.875000000000014 0.6141641139984132 -0.99940761923789967 0.81250000000000011 17.625000000000004 54.057064056396491 13.354095935821535 74.795677185058608 17.625000000000004 0.12972188368439677
decision_type=2 2 2 2 2 2 2 2 2 2 2 2 2 2 2 2 2 2 2 2 2 2 2 2 2 2 2 2 2 2
left_child=1 5 4 26 29 19 11 -2 9 -5 13 -6 -11 14 15 16 17 -9 -8 -1 -21 -22 -23 -15 -25 -20 -4 -19 -18 -3
right_child=7 2 3 8 6 -7 18 10 -10 12 -12 -13 -14 23 -16 -17 28 27 25 20 21 22 -24 24 -26 -27 -28 -29 -30 -31
leaf_value=0.056668312199272472 -0.01249209099928523 0.075061166919787078 0.0073453738219595131 0.880284644446373 0.22537984120880558 -0.065867724812349704 0.110097920984057 0.57341003363892806 -0.050270371257314039 0.054328198601025564 0.12761685935110106 0.046448723930518555 0.20049135898230389 0.83926894313714118 0.89924566086457702 -0.05593908154330806 0.32353518692788252 0.053725071432907542 0.40880325525274819 -0.039709357210194696 -0.054733562932284111 -0.10909665535035677 0.012241624727994718 0.21067018855803019 0.57743829183935325 0.002350529495193173 -0.070213721586032576 0.49461146686244856 0.75782971489832596 -0.095710117546549595
leaf_weight=13066 1321 18884 72546 365 4705 60791 1768 556 5355 16869 2955 7409 5418 485 235 861 787 2300 3570 125186 30726 6128 122837 1074 1196 497 13397 388 611 2351
leaf_count=13066 1321 18884 72546 365 4705 60791 1768 556 5355 16869 2955 7409 5418 485 235 861 787 2300 3570 125186 30726 6128 122837 1074 1196 497 13397 388 611 2351
internal_value=0.000155158 -0.0061853 0.0386384 0.0145426 0.108689 -0.0253199 0.170819 0.25413 0.0737295 0.103053 0.28488 0.116073 0.0899346 0.339382 0.268889 0.240388 0.295353 0.198374 0.284082 -0.0170448 -0.0204275 -0.00531042 0.00646801 0.4847 0.405595 0.359261 -0.00475149 0.118962 0.517379 0.0561183
internal_weight=524637 511868 153134 113950 39184 358734 17949 12769 28007 22652 11448 12114 22287 8493 5738 5503 4642 3244 5835 297943 284877 159691 128965 2755 2270 4067 85943 2688 1398 21235
internal_count=524637 511868 153134 113950 39184 358734 17949 12769 28007 22652 11448 12114 22287 8493 5738 5503 4642 3244 5835 297943 284877 159691 128965 2755 2270 4067 85943 2688 1398 21235
is_linear=0
shrinkage=0.04


Tree=42
num_leaves=31
num_cat=0
split_feature=9 13 14 10 10 11 8 8 0 10 5 9 13 11 10 10 13 1 7 8 11 10 7 10 4 16 11 11 10 2
split_gain=490002 264231 163436 106278 92010 100255 90653.3 77056.3 76264.2 72646.7 67654.5 61440.3 61282.3 53897.1 53571 85140.6 47367.2 47157.8 59369 45887.9 49286.7 44540.6 88856 44047 42921.3 41449.6 40790.6 43246.8 50792.8 65512.3
threshold=73.625000000000014 11.834570884704592 5.8337297439575204 -0.52124115824699391 -0.44600489735603327 -0.92602273821830738 16.625000000000004 18.875000000000004 10.695240974426271 -0.25309335440397257 78.272781372070327 79.625000000000014 52.602317810058601 -0.37645272910594935 -0.85671821236610401 -0.82956761121749867 0.0060122227296233186 27.578200340271 48.610565185546882 19.375000000000004 -0.12758953124284741 -0.9599599540233611 4.199676752090455 -0.35141934454441065 65.19748687744142 1.4564396142959597 -0.99273797869682301 -0.93237864971160878 -0.47652685642242426 15.876896858215334
decision_type=2 2 2 2 2 2 2 2 2 2 2 2 2 2 2 2 2 2 2 2 2 2 2 2 2 2 2 2 2 2
left_child=1 14 16 24 17 7 8 9 -4 12 -7 -8 23 26 -1 -16 -2 -5 -19 -18 21 22 -21 -6 -3 -11 -13 -28 29 -29
right_child=2 3 6 4 5 10 11 -9 -10 25 -12 13 -14 -15 15 -17 19 18 -20 20 -22 -23 -24 -25 -26 -27 27 28 -30 -31
leaf_value=-0.01856549860186877 -0.058741858704340282 0.1562511947473465 0.023409034840351218 0.85223761104090867 0.33940456391963281 -0.18683398463487833 0.00041780249628087663 0.1474740683983731 0.23036324126981123 0.20273951648578739 0.53772755231649161 -0.048686737660872968 0.31230119561387265 -0.043687049732293211 0.78857231789432125 0.080693575652317925 -0.038227251078534676 -0.094909784552805562 0.70054287617340461 0.22066186481516947 -0.051745700837378894 0.0018813947541850573 -0.04696393314209496 1.0196665437811641 -0.10560652012377977 0.43889994213103467 0.20951846004686908 0.047297229166175896 -0.09138938105662367 0.2680097652443566
leaf_weight=14222 68449 9680 5611 674 216 1126 129681 3119 5783 2519 242 2678 569 5515 269 10910 122173 262 335 4411 26152 84259 3597 643 1110 2299 5704 6992 2335 3102
leaf_count=14222 68449 9680 5611 674 216 1126 129681 3119 5783 2519 242 2678 569 5515 269 10910 122173 262 335 4411 26152 84259 3597 643 1110 2299 5704 6992 2335 3102
internal_value=0.000153818 0.121684 -0.012142 0.220524 0.3024 0.263821 0.0196888 0.310503 0.128558 0.391547 -0.0556865 0.0117298 0.642121 0.0674309 0.032937 0.0984168 -0.0293842 0.623577 0.355637 -0.0210298 -0.00328535 0.0104543 0.100542 0.854485 0.12924 0.316104 0.0968845 0.118398 0.0764461 0.115323
internal_weight=524637 48195 476442 22794 12004 10733 167401 9365 11394 6246 1368 156007 1428 26326 25401 11179 309041 1271 597 240592 118419 92267 8008 859 10790 4818 20811 18133 12429 10094
internal_count=524637 48195 476442 22794 12004 10733 167401 9365 11394 6246 1368 156007 1428 26326 25401 11179 309041 1271 597 240592 118419 92267 8008 859 10790 4818 20811 18133 12429 10094
is_linear=0
shrinkage=0.04


Tree=43
num_leaves=31
num_cat=0
split_feature=6 6 9 11 11 10 12 8 0 3 11 7 8 11 9 10 3 11 8 12 14 0 10 8 11 10 9 11 11 14
split_gain=456373 237754 110108 87564.6 74057.4 58378.3 56201.6 53496.3 50599.5 49476.4 47965 48673.7 41412.7 60939.5 60904.2 86615.7 58313.9 42171.1 41280.7 41038.1 41020.9 63082.1 39889.9 38868.3 37502.2 37672.4 36619.2 72410.5 49015.1 77561
threshold=38.334739685058601 9.2180037498474139 74.125000000000014 -0.84427365660667408 0.21441935747861865 -0.9193688929080962 3.5915975570678715 19.125000000000004 1.8097758293151858 19.076589584350589 0.12972188368439677 34.51555252075196 16.875000000000004 -0.91939276456832875 73.375000000000014 -0.44600489735603327 18.014329910278324 -0.91939276456832875 16.125000000000004 35.957632064819343 52.626115798950202 57.113914489746101 -0.01505099539645016 18.125000000000004 -0.99938741326332081 0.27383534610271459 77.125000000000014 -0.36046156287193293 -0.40809616446495051 17.176497459411625
decision_type=2 2 2 2 2 2 2 2 2 2 2 2 2 2 2 2 2 2 2 2 2 2 2 2 2 2 2 2 2 2
left_child=1 4 3 8 6 -2 -1 9 -3 -7 11 -5 13 -10 15 16 -14 24 -11 26 21 -20 -22 -16 -17 -26 -4 28 -28 -30
right_child=5 2 19 10 -6 7 -8 -9 12 18 -12 -13 14 -15 23 17 -18 -19 20 -21 22 -23 -24 -25 25 -27 27 -29 29 -31
leaf_value=-0.023400839859935886 -0.015414087484198169 -0.045321079735930254 -0.0016152427583330745 0.09881845470719279 -0.061341272072458902 0.49893575919070132 0.012733870600973014 0.11815926400304444 0.42067360460924996 0.0073460935237176454 -0.13945507986949462 -0.11410329516473797 1.2636400219404473 -0.012573089647744196 0.1774953499136922 -0.18418852481711959 0.41636902459636138 -0.30085339851408122 0.26482395143816911 -0.060634721770014499 0.22592069349849744 0.62104012037623579 -0.30914391064022489 -0.049906732757542253 0.3298281978228173 -0.12050788389177189 0.071732218087489599 -0.054287940207712222 0.11811800002763695 0.85246566160933346
leaf_weight=241275 1321 1367 32044 14176 59912 1858 96369 2955 2581 869 1890 1946 202 649 2511 297 379 239 2379 8830 1935 1209 243 2293 2749 328 32910 7844 753 324
leaf_count=241275 1321 1367 32044 14176 59912 1858 96369 2955 2581 869 1890 1946 202 649 2511 297 379 239 2379 8830 1935 1209 243 2293 2749 328 32910 7844 753 324
internal_value=0.000152082 -0.00574242 0.0450943 0.108586 -0.0203606 0.236263 -0.0130873 0.265293 0.185187 0.316286 0.0506985 0.073063 0.210972 0.333852 0.16654 0.277751 0.727342 0.203645 0.264465 0.0208198 0.303136 0.386246 0.165083 0.0690757 0.240165 0.281589 0.0305626 0.0552065 0.0804857 0.344846
internal_weight=524637 511868 114312 31607 397556 12769 337644 11448 13595 8493 18012 16122 12228 3230 8998 4194 581 3613 6635 82705 5766 3588 2178 4804 3374 3077 73875 41831 33987 1077
internal_count=524637 511868 114312 31607 397556 12769 337644 11448 13595 8493 18012 16122 12228 3230 8998 4194 581 3613 6635 82705 5766 3588 2178 4804 3374 3077 73875 41831 33987 1077
is_linear=0
shrinkage=0.04


Tree=44
num_leaves=31
num_cat=0
split_feature=9 12 13 8 9 11 10 10 10 11 11 10 3 4 11 7 10 4 10 10 10 7 5 9 11 2 13 9 0 15
split_gain=426925 228805 140990 101753 78664.3 106019 75479.1 82924.1 84006.4 68102.8 64787.1 55864.5 53348.4 83419.8 64608.7 53011.8 51169.1 86770.5 51515.4 83567.1 65240.2 48347.5 47595.8 45988.9 42115.6 98452.2 40870.3 48470.5 40804.3 71744.1
threshold=73.625000000000014 11.364907741546633 3.8627563714981084 16.625000000000004 76.875000000000014 -0.36046156287193293 -0.56456753611564625 0.27383534610271459 0.24059136956930163 -0.91595870256423939 -0.91939276456832875 0.1393099054694176 15.917535305023195 13.968427658081056 -0.99552518129348744 12.90672826766968 -0.8978554606437682 34.715904235839851 -0.59262362122535694 -0.083760455250740037 -0.64659911394119252 12.133809566497805 61.735446929931648 74.125000000000014 -0.94703993201255787 0.57410457730293285 0.059223210439085967 75.625000000000014 79.397483825683608 0.81250000000000011
decision_type=2 2 2 2 2 2 2 2 2 2 2 2 2 2 2 2 2 2 2 2 2 2 2 2 2 2 2 2 2 2
left_child=1 9 26 10 15 16 -3 8 11 24 23 12 13 -8 -15 -5 17 -6 20 -20 -18 -21 -12 -4 -1 -26 -2 -28 29 -14
right_child=2 6 3 4 5 -7 7 -9 -10 -11 22 -13 28 14 -16 -17 18 -19 19 21 -22 -23 -24 -25 25 -27 27 -29 -30 -31
leaf_value=0.098368337995739796 -0.051533409921965916 0.12472949826139211 0.33288086504689157 -0.0074378811199627406 0.15514552472780149 -0.052321543326072667 0.26881410657553306 -0.049357666970482994 1.0428009556497821 0.0028285261560547091 0.036265432239592617 0.018012841731951102 0.30986220798262887 0.18246877856283555 0.80549739389409736 -0.10342103098811554 0.027892895303305406 0.96665560952404095 0.116855359160619 0.032848445241500691 -0.16551483061843172 -0.15488454136965346 0.5913667299693407 0.058881271922567723 0.024240803554585719 0.71064825839946755 -0.042764562947718292 -0.0024346176061406715 0.45073209033819267 -0.012159043038567191
leaf_weight=4595 89096 9076 3116 79373 2915 17883 1866 1123 237 21116 7215 1059 3235 350 1205 10405 17917 218 27731 15676 3295 2542 246 1435 698 633 80550 116829 1323 1679
leaf_count=4595 89096 9076 3116 79373 2915 17883 1866 1123 237 21116 7215 1059 3235 350 1205 10405 17917 218 27731 15676 3295 2542 246 1435 698 633 80550 116829 1323 1679
internal_value=0.000149052 0.113588 -0.0113281 0.0153924 0.00778314 0.0346162 0.212099 0.277601 0.311135 0.0364798 0.128022 0.293998 0.324209 0.451374 0.667328 -0.0185723 0.0567377 0.214508 0.049347 0.0731452 -0.00221424 0.00658302 0.055335 0.246803 0.156182 0.353549 -0.0290469 -0.0188945 0.253849 0.200034
internal_weight=524637 48195 476442 189967 177955 88177 21153 12077 10954 27042 12012 10717 9658 3421 1555 89778 70294 3133 67161 45949 21212 18218 7461 4551 5926 1331 286475 197379 6237 4914
internal_count=524637 48195 476442 189967 177955 88177 21153 12077 10954 27042 12012 10717 9658 3421 1555 89778 70294 3133 67161 45949 21212 18218 7461 4551 5926 1331 286475 197379 6237 4914
is_linear=0
shrinkage=0.04


Tree=45
num_leaves=31
num_cat=0
split_feature=9 0 12 9 11 8 11 0 11 10 10 16 8 11 10 10 10 14 12 4 4 10 11 5 13 10 4 8 10 2
split_gain=397954 257907 110462 94697.8 78348.6 67682 61646.9 61259.6 59788.8 86159.2 57719.4 51318 46714.8 44959.8 110646 43663.5 46909.9 97876.6 68748.9 51892.9 41732.6 42907.4 40503.1 38287.7 56011.2 43473.9 39943 38111 37410.7 37099.3
threshold=73.875000000000014 11.861338138580324 0.23991297185420993 78.875000000000014 -0.39233249425888056 18.875000000000004 -0.92272481322288502 32.788558959960945 -0.93237864971160878 -0.35141934454441065 -0.083760455250740037 -1.0000000180025095e-35 16.875000000000004 -0.39233249425888056 -0.90529522299766529 -0.47652685642242426 -0.59262362122535694 14.140319824218752 15.637803077697756 13.471609592437746 0.15803918242454532 -0.82956761121749867 -0.99938741326332081 94.673366546630874 52.602317810058601 0.1393099054694176 4.7840869426727304 19.875000000000004 -0.76762619614601124 24.700831413269047
decision_type=2 2 2 2 2 2 2 2 2 2 2 2 2 2 2 2 2 2 2 2 2 2 2 2 2 2 2 2 2 2
left_child=1 6 -2 -4 5 7 12 -3 9 -5 29 13 -1 14 -10 16 20 -18 19 -19 28 27 -14 24 -9 -26 -25 -22 -16 -11
right_child=2 4 3 8 -6 -7 -8 23 11 10 -12 -13 22 -15 15 -17 17 18 -20 -21 21 -23 -24 26 25 -27 -28 -29 -30 -31
leaf_value=0.37310659305315663 -0.037804719938080857 0.18239079573766606 -0.0092412695023863078 0.60358477096163898 0.038590966011980726 0.099309521020034014 0.0017466444924412166 0.37351043009306062 0.80708786852062575 0.21932871242271543 0.029738567229356208 -0.021244344013144029 -0.18867066445539254 -0.023332452567268187 0.067661627468925942 -0.058548254925116339 0.030504953569493613 0.53867463143599803 0.049930419976889837 1.3337941861551676 0.53522179166125983 -0.032678304505517029 0.1140120615926643 0.070082419966195908 0.18620678076487079 -0.42039690460465007 0.70012507325087636 0.085386043371833753 0.48851808240201694 0.0057653505535658189
leaf_weight=1011 179661 8234 220754 535 4709 5689 32519 5181 353 6175 10123 20985 769 5138 652 2270 859 347 227 229 430 3728 7778 205 1770 202 783 972 700 1649
leaf_count=1011 179661 8234 220754 535 4709 5689 32519 5181 353 6175 10123 20985 769 5138 652 2270 859 347 227 229 430 3728 7778 205 1770 202 783 972 700 1649
internal_value=0.000147448 0.0897749 -0.0133931 0.00249106 0.186805 0.218405 0.0280065 0.259696 0.0492581 0.107961 0.0928581 0.0198267 0.117255 0.0739949 0.120418 0.0963902 0.139595 0.328604 0.643195 0.872156 0.0907016 0.0383648 0.0865901 0.337564 0.304512 0.122262 0.57141 0.226166 0.287548 0.174383
internal_weight=524637 68850 455787 276126 26773 22064 42077 16375 55372 18482 17947 36890 9558 15905 10767 10414 8144 1662 803 576 6482 5130 8547 8141 7153 1972 988 1402 1352 7824
internal_count=524637 68850 455787 276126 26773 22064 42077 16375 55372 18482 17947 36890 9558 15905 10767 10414 8144 1662 803 576 6482 5130 8547 8141 7153 1972 988 1402 1352 7824
is_linear=0
shrinkage=0.04


Tree=46
num_leaves=31
num_cat=0
split_feature=6 6 9 10 11 10 10 9 10 7 12 10 10 8 0 10 10 10 10 9 9 6 15 11 7 8 13 10 10 10
split_gain=368318 193129 86486.6 71182.7 63870.8 57420.7 75720.2 50896.7 57753 49161.4 53043.9 48842.6 46420.7 47739.4 46241.1 53487.7 55474.1 48451 81386.2 66155.1 46046.8 43788.8 43682.7 42957.1 45604.4 42897.8 41609.1 47175.3 59281.5 56385
threshold=38.334739685058601 9.2180037498474139 74.125000000000014 -0.53584328293800343 -0.12758953124284741 -0.9599599540233611 -0.9769422411918639 77.125000000000014 0.30675521492958074 5.3728456497192392 1.0000000180025095e-35 -0.9193688929080962 -0.15207348018884656 18.375000000000004 87.937824249267592 -0.733546882867813 0.24059136956930163 1.0000000180025095e-35 -0.31900864839553827 74.125000000000014 73.875000000000014 74.795677185058608 0.81250000000000011 0.12972188368439677 34.51555252075196 17.125000000000004 57.506156921386726 -0.23641503602266309 -0.066607572138309465 -0.15207348018884656
decision_type=2 2 2 2 2 2 2 2 2 2 2 2 2 2 2 2 2 2 2 2 2 2 2 2 2 2 2 2 2 2
left_child=1 4 3 23 5 6 -1 20 -9 10 -8 -2 -5 -14 15 -13 17 18 21 26 25 -17 -16 24 -3 -7 27 -20 29 -29
right_child=11 2 -4 12 -6 7 9 8 -10 -11 -12 14 13 -15 22 16 -18 -19 19 -21 -22 -23 -24 -25 -26 -27 -28 28 -30 -31
leaf_value=-0.014466592775982284 -0.017920056805098578 0.090846032839535878 0.019155130783594383 0.24678104022355624 -0.043144958571518885 0.19881223444333085 0.025400279106587119 0.02951492983854417 -0.058921371759000092 -0.0079800562422344731 0.25829303414736449 0.49195450704925259 0.17783399846736406 -0.031096940489936734 0.8755730382164757 0.031785694742928444 0.77130326793548909 -0.082083544539197001 0.92102674984360389 -0.14003644169068763 -0.031557445128201897 0.39626812991335408 0.33221643991584893 -0.1351996520745323 -0.11524381782661491 0.012607839694938219 0.16006272232680993 0.50021455675726179 0.84641350087657408 -0.19673547957912557
leaf_weight=12015 1321 14176 82705 6192 117035 2291 2248 64829 14438 2840 5156 881 4579 2824 263 3682 225 1243 428 340 162520 606 2122 1890 1946 14184 562 442 346 308
leaf_count=12015 1321 14176 82705 6192 117035 2291 2248 64829 14438 2840 5156 881 4579 2824 263 3682 225 1243 428 340 162520 606 2122 1890 1946 14184 562 442 346 308
internal_value=0.000146233 -0.00514917 0.0406689 0.0969394 -0.0183242 -0.00796773 0.0536617 -0.0132813 0.0134014 0.133504 0.187712 0.21226 0.166004 0.0981993 0.238813 0.197179 0.164877 0.146782 0.189213 0.373896 -0.0250977 0.0840982 0.395539 0.0447478 0.065914 0.0386062 0.457931 0.566016 0.420306 0.215178
internal_weight=524637 511868 114312 31607 397556 280521 22259 258262 79267 10244 7404 12769 13595 7403 11448 9063 8182 7957 6714 2426 178995 4288 2385 18012 16122 16475 2086 1524 1096 750
internal_count=524637 511868 114312 31607 397556 280521 22259 258262 79267 10244 7404 12769 13595 7403 11448 9063 8182 7957 6714 2426 178995 4288 2385 18012 16122 16475 2086 1524 1096 750
is_linear=0
shrinkage=0.04


Tree=47
num_leaves=31
num_cat=0
split_feature=9 5 1 8 9 8 11 10 10 14 10 4 10 10 0 10 10 13 7 11 11 14 5 7 11 11 10 2 10 3
split_gain=346896 187333 116711 89285.7 104009 75284.1 69937.1 68921.8 65520.1 54117.3 52524.4 74900.1 49562 75724.7 53838.9 66311.7 47191.6 58341.4 46627.5 43578.8 49583.8 81110.4 41470.9 50342.7 38015.6 36958.9 93781.7 54314 61534.5 56947.8
threshold=73.625000000000014 14.188966751098635 0.75616243481636058 16.625000000000004 77.875000000000014 18.875000000000004 -0.37645272910594935 -0.59262362122535694 -0.53584328293800343 61.235145568847663 -0.90529522299766529 7.4781341552734384 -0.25309335440397257 -0.35141934454441065 73.244403839111342 -0.44600489735603327 -0.91246706247329701 8.9699983596801776 13.132666110992433 -0.92272481322288502 -0.94703993201255787 1.8849660754203799 94.673366546630874 48.610565185546882 -0.98801845312118519 -0.92602273821830738 -0.083760455250740037 30.997318267822269 -0.35141934454441065 1.0361433029174807
decision_type=2 2 2 2 2 2 2 2 2 2 2 2 2 2 2 2 2 2 2 2 2 2 2 2 2 2 2 2 2 2
left_child=1 19 -2 7 18 8 10 -4 22 12 11 16 13 14 15 -10 17 -6 -5 20 -1 -22 23 -3 -11 26 27 28 29 -12
right_child=2 5 3 4 6 -7 -8 -9 9 24 25 -13 -14 -15 -16 -17 -18 -19 -20 -21 21 -23 -24 -25 -26 -27 -28 -29 -30 -31
leaf_value=0.071265995215133271 -0.027626717818526509 0.17501071265927176 0.022167624885127812 -0.005667903040008462 -0.038448365766574989 0.079915929094639959 -0.032873955631773984 0.2156020348794532 0.50823496566602477 -0.40958221377243642 0.90571481117874941 0.7835253701402638 0.28133173226636199 0.81893438784806805 0.80784422165557046 -0.066688474178208307 -0.31690584286940182 0.70856546969576317 -0.082588857578127839 0.007330311524645119 -0.12734529732869415 0.58525414253848196 0.67218169256902116 -0.15315553525477751 0.17727803901984882 0.031402814076066196 0.021849999117207589 -0.017022471994308373 0.18683661903482648 0.30307878307808256
leaf_weight=4547 268452 5441 5880 121280 364 6546 13023 5904 638 219 367 383 4445 821 310 632 268 298 14062 21577 368 804 225 859 763 24951 11101 1716 7589 804
leaf_count=4547 268452 5441 5880 121280 364 6546 13023 5904 638 219 367 383 4445 821 310 632 268 298 14062 21577 368 804 225 859 763 24951 11101 1716 7589 804
internal_value=0.000144586 0.1024 -0.0102011 0.0122904 0.00586476 0.192497 0.0492889 0.119182 0.243751 0.321784 0.0716569 0.320245 0.361566 0.508323 0.342788 0.223846 0.123148 0.303361 -0.0136655 0.0333721 0.13144 0.362318 0.149786 0.130094 0.0435903 0.0645746 0.102901 0.188685 0.228955 0.498019
internal_weight=524637 48195 476442 207990 196206 20899 60864 11784 14353 7828 47841 1313 6846 2401 1580 1270 930 662 135342 27296 5719 1172 6525 6300 982 46528 21577 10476 8760 1171
internal_count=524637 48195 476442 207990 196206 20899 60864 11784 14353 7828 47841 1313 6846 2401 1580 1270 930 662 135342 27296 5719 1172 6525 6300 982 46528 21577 10476 8760 1171
is_linear=0
shrinkage=0.04


Tree=48
num_leaves=31
num_cat=0
split_feature=9 12 12 8 18 11 9 11 9 10 10 7 16 13 10 10 6 13 9 11 2 10 10 11 11 10 14 10 7 5
split_gain=319855 174938 110814 85044.1 60479.9 53963.2 48272.4 48220.9 45919.4 56473.2 61847.4 45030.7 44510.4 41521.4 46126.3 41703.5 39014.7 37605.6 52345.8 37503.6 86952.6 36328.9 72738.2 42540.6 35552.4 48254.6 37148.2 38287 46247.2 34201.9
threshold=73.625000000000014 11.364907741546633 3.442989826202393 16.625000000000004 59.310050964355476 -0.91595870256423939 74.125000000000014 -0.91939276456832875 79.625000000000014 -0.59262362122535694 -0.56456753611564625 13.354095935821535 -22.774954795837399 52.602317810058601 -0.11798679083585738 -0.36747109889984125 10.884595394134523 0.0060122227296233186 75.625000000000014 -0.94703993201255787 0.47551016509532934 -0.50648479163646687 -0.46133413910865778 -0.91939276456832875 -0.21231865882873532 -0.01505099539645016 16.144333839416507 -0.9599599540233611 5.257091999053956 9.5360045433044451
decision_type=2 2 2 2 2 2 2 2 2 2 2 2 2 2 2 2 2 2 2 2 2 2 2 2 2 2 2 2 2 2
left_child=1 5 17 6 -3 19 7 -4 11 -10 16 -5 -6 14 15 -12 -11 -2 -19 -1 -21 -14 -23 -24 25 26 27 28 -20 -22
right_child=2 4 3 8 12 -7 -8 -9 9 10 13 -13 21 -15 -16 -17 -18 18 24 20 29 22 23 -25 -26 -27 -28 -29 -30 -31
leaf_value=0.082936293481453746 -0.049429542621493135 0.12954439713412089 0.30383039619388341 0.0091897797342767856 0.13830602772379219 0.0009554073873017301 0.00011937176475818817 0.099242983065637655 -0.002040907981923243 0.19657329506588422 0.075860057443542697 -0.059832700628483865 0.19483004610602858 -0.27385723813160046 0.026872015216962537 0.28863920470268545 0.97791497866913335 -0.039416201332458239 0.2563347498771289 0.0097433199842372389 0.91057039130832451 1.1257677404913637 0.40997048122413271 -0.066341552481493538 -0.034877861886181444 -0.03056527991409895 0.12381914615294311 0.012270321019656652 -0.020824219791671716 0.31040163386410397
leaf_weight=4595 70390 12778 2997 111024 2832 21116 3543 4804 11332 207 2652 17498 1976 434 4665 3334 205 94991 2290 688 359 206 3031 330 37789 32868 5880 67884 1655 284
leaf_count=4595 70390 12778 2997 111024 2832 21116 3543 4804 11332 207 2652 17498 1976 434 4665 3334 205 94991 2290 688 359 206 3031 330 37789 32868 5880 67884 1655 284
internal_value=0.000143442 0.0983323 -0.00979081 0.0169974 0.18447 0.0309095 0.122582 0.17813 0.00907612 0.06134 0.123759 -0.00021141 0.268018 0.10556 0.121262 0.194655 0.599308 -0.0236821 -0.016233 0.137463 0.323683 0.333921 0.410212 0.363146 -0.00138836 0.0100586 0.0272427 0.0193207 0.140303 0.654301
internal_weight=524637 48195 476442 162695 21153 27042 11344 7801 151351 22829 11497 128522 8375 11085 10651 5986 412 313747 243357 5926 1331 5543 3567 3361 148366 110577 77709 71829 3945 643
internal_count=524637 48195 476442 162695 21153 27042 11344 7801 151351 22829 11497 128522 8375 11085 10651 5986 412 313747 243357 5926 1331 5543 3567 3361 148366 110577 77709 71829 3945 643
is_linear=0
shrinkage=0.04


Tree=49
num_leaves=31
num_cat=0
split_feature=6 6 9 11 11 10 12 12 11 11 11 11 9 8 10 10 10 13 3 5 5 14 9 12 3 10 10 7 10 1
split_gain=298511 157636 83789.6 71332.8 68327.6 71441.4 58625.7 42359.6 43007.5 45514 41653.6 40108.6 39062.3 38497.8 38328.8 49923.7 67084.3 102712 66523.4 64319.2 63575.6 63486.7 51612.6 42190.7 41015.2 47291.9 50524.1 48574.5 45909 38516.9
threshold=38.334739685058601 5.8368639945983896 74.125000000000014 -0.48501108586788172 -0.58654513955116261 -0.55028682947158802 2.2683613300323491 5.8753528594970712 -0.99907308816909779 -0.99983122944831837 0.18069575726985934 -0.99938741326332081 79.875000000000014 17.125000000000004 0.24059136956930163 -0.15207348018884656 -0.31900864839553827 57.506156921386726 47.542593002319343 94.673366546630874 43.050436019897468 52.626115798950202 73.375000000000014 62.632106781005866 12.893336772918703 -0.44600489735603327 -0.52124115824699391 48.610565185546882 -0.47652685642242426 38.93879699707032
decision_type=2 2 2 2 2 2 2 2 2 2 2 2 2 2 2 2 2 2 2 2 2 2 2 2 2 2 2 2 2 2
left_child=1 -1 3 4 5 -3 -6 -2 9 -9 12 13 -4 -7 15 16 19 18 -18 24 -20 22 -17 -19 -10 26 27 -26 29 -28
right_child=7 2 10 -5 6 11 -8 8 14 -11 -12 -13 -14 -15 -16 21 17 23 20 -21 -22 -23 -24 -25 25 -27 28 -29 -30 -31
leaf_value=-0.020811186200509365 -0.034851296270066057 -0.0095289458197239663 0.0060559221648670515 0.00090454818952348905 0.94150263604423945 0.27655554230724061 0.24720979186290404 0.077038119718226425 0.35186301525466462 0.82432092995446982 -0.099850707336564856 0.15292486841120981 0.068122076009066501 -0.22818851926726966 0.67059892529510523 0.47461040741180988 0.3825129675874881 0.481342139310307 0.56246537155668497 0.48180010891622971 1.4811021916087597 -0.36065056876436868 -0.033190943161590082 -0.18222610141788978 0.21244271239721163 -0.10483499219549236 1.089022372872992 -0.13018133326835163 0.083486070336233939 0.31954704018520269
leaf_weight=334188 1200 7741 111871 13742 203 326 2523 207 1026 353 5240 16211 18967 856 258 482 604 224 274 908 238 546 914 435 1663 1592 210 1087 328 220
leaf_count=334188 1200 7741 111871 13742 203 326 2523 207 1026 353 5240 16211 18967 856 258 482 604 224 274 908 238 546 914 435 1663 1592 210 1087 328 220
internal_value=0.000141598 -0.00462565 0.0258162 0.075488 0.112263 0.0915545 0.302165 0.191099 0.214546 0.554291 0.0106261 0.136523 0.0150579 -0.087826 0.196777 0.184793 0.225223 0.444515 0.676658 0.169333 1.00968 0.00118759 0.144267 0.0471501 0.12231 0.0755306 0.157449 0.0770318 0.4444 0.711547
internal_weight=524637 511868 177680 41602 27860 25134 2726 12769 11569 560 136078 17393 130838 1182 11009 10751 8809 1775 1116 7034 512 1942 1396 659 6126 5100 3508 2750 758 430
internal_count=524637 511868 177680 41602 27860 25134 2726 12769 11569 560 136078 17393 130838 1182 11009 10751 8809 1775 1116 7034 512 1942 1396 659 6126 5100 3508 2750 758 430
is_linear=0
shrinkage=0.04


Tree=50
num_leaves=31
num_cat=0
split_feature=9 0 12 9 2 10 11 10 10 9 14 8 10 11 10 10 16 11 11 2 14 9 11 10 14 10 10 4 4 7
split_gain=278940 184367 85199.8 81162 64923.9 72655.8 48053.7 64771.9 84257 53372.2 79674.2 50497.4 48052.2 44174.2 77223.4 50971 46015.4 39813 53206.9 52853.8 39400.6 37708.1 37612 53502.8 40034.9 133556 103469 37578.4 43832.7 37191.7
threshold=73.875000000000014 9.9974517822265643 0.014816408511251213 78.875000000000014 63.806539535522468 0.036545658484101302 -0.92602273821830738 -0.44600489735603327 -0.53584328293800343 73.375000000000014 26.118380546569828 18.625000000000004 -0.25309335440397257 -0.93237864971160878 -0.35141934454441065 -0.083760455250740037 -1.0000000180025095e-35 -0.92272481322288502 -0.94703993201255787 1.2633019089698794 47.140737533569343 73.375000000000014 -0.36046156287193293 -0.47652685642242426 16.809081077575687 -0.50648479163646687 -0.90529522299766529 0.17786400020122531 80.924495697021499 48.610565185546882
decision_type=2 2 2 2 2 2 2 2 2 2 2 2 2 2 2 2 2 2 2 2 2 2 2 2 2 2 2 2 2 2
left_child=1 17 -2 -4 6 -6 11 8 -8 10 -10 12 20 14 -5 -16 22 18 -1 -20 -3 -21 23 24 -15 26 -26 -14 -29 -11
right_child=2 4 3 13 5 -7 7 -9 9 29 -12 -13 27 16 15 -17 -18 -19 19 21 -22 -23 -24 -25 25 -27 -28 28 -30 -31
leaf_value=0.047770661726571413 -0.0377108695453462 0.60810367893278294 -0.0097158010478229969 0.55451544237201045 0.35750561433175393 -0.11998380630405663 0.075234626526763479 -0.16320645797927877 1.2401223405090267 0.020142214576026652 0.31376646167363026 0.066591667833931764 0.38453090028534609 0.095652778554153536 0.15239279171612879 0.021810156247754748 -0.019363310517443322 -0.0023998281618940846 0.073796070069623854 0.90437011144717816 0.10806476612718834 0.31874121499222485 -0.019514956734855659 -0.060430784425329599 0.89443757538497448 1.2339481761427813 0.10435913200883384 0.097787039727683309 0.61571966781267817 0.61379116359198915
leaf_weight=7256 136010 963 258614 547 3787 584 12252 1537 234 623 405 3182 1356 6856 8247 11376 23246 30845 805 277 347 504 5607 2466 290 205 2323 3397 274 222
leaf_count=7256 136010 963 258614 547 3787 584 12252 1537 234 623 405 3182 1356 6856 8247 11376 23246 30845 805 277 347 504 5607 2466 290 205 2323 3397 274 222
internal_value=0.000142019 0.0751798 -0.0111944 8.46194e-05 0.15152 0.293581 0.126366 0.0823136 0.109885 0.393543 0.666877 0.196885 0.262101 0.0415183 0.0899655 0.0767401 0.0176645 0.019059 0.0938356 0.302964 0.477473 0.535256 0.0661491 0.105698 0.148064 0.274788 0.195121 0.205141 0.138013 0.181461
internal_weight=524637 68850 455787 319777 29163 4371 24792 15273 13736 1484 639 9519 6337 61163 20170 19623 40993 39687 8842 1586 1310 781 17747 12140 9674 2818 2613 5027 3671 845
internal_count=524637 68850 455787 319777 29163 4371 24792 15273 13736 1484 639 9519 6337 61163 20170 19623 40993 39687 8842 1586 1310 781 17747 12140 9674 2818 2613 5027 3671 845
is_linear=0
shrinkage=0.04


Tree=51
num_leaves=31
num_cat=0
split_feature=9 13 8 11 9 8 0 11 10 3 16 9 10 10 10 17 4 8 11 11 5 13 10 10 10 7 8 7 4 14
split_gain=259240 145074 92364 73114.2 89530.5 63489.7 56751.3 56045.7 169182 93909.7 122358 55746.3 54571.8 49420.8 68197.8 89194.9 136974 82690.7 64349.6 47608.2 75064.3 66897.1 90817.6 60302 47774.8 66059.5 45697.2 42745.6 40267.9 96708.1
threshold=73.625000000000014 11.834570884704592 16.625000000000004 0.078402601182460799 76.375000000000014 18.625000000000004 32.788558959960945 -0.92602273821830738 -0.35141934454441065 2.3842326402664189 11.813282012939455 73.375000000000014 -0.74512827396392811 -0.47652685642242426 -0.59262362122535694 -6.1532654762268058 4.5375936031341562 20.375000000000004 -0.76278147101402272 -0.92602273821830738 94.673366546630874 57.506156921386726 -0.25309335440397257 -0.44600489735603327 -0.50648479163646687 48.610565185546882 16.375000000000004 18.934668540954593 0.59945908188819896 29.454915046691898
decision_type=2 2 2 2 2 2 2 2 2 2 2 2 2 2 2 2 2 2 2 2 2 2 2 2 2 2 2 2 2 2
left_child=1 -1 6 4 12 19 -2 8 9 10 -6 -7 -4 14 18 16 -16 27 -9 21 23 22 -3 24 -21 -26 -8 -18 29 -24
right_child=2 5 3 -5 7 11 26 13 -10 -11 -12 -13 -14 -15 15 -17 17 -19 -20 20 -22 -23 28 -25 25 -27 -28 -29 -30 -31
leaf_value=0.022780938649362141 0.0535285401501727 0.75432995103565714 0.0035183756659766981 -0.047204920627793301 0.40381033455135124 0.1264868527487234 0.15905823928341689 -0.12712666340205109 0.029590017301843692 0.12511888918432876 1.4163442277908325 -0.13147325479742095 -0.041203610604605409 -0.055308786287301896 0.027680177277730769 0.052188395949126276 0.57894082105326872 0.28365077949692225 0.0071095833054055568 0.13178866663256333 0.71801071570809527 0.031650743988125105 0.29532772384093059 -0.22102429499390464 0.071699600949883466 0.95070574782921324 0.55803920706992516 1.385013553268031 0.2025634210021281 1.2535568429522801
leaf_weight=25401 14137 830 69372 78824 1205 7982 1770 6120 65790 1634 221 1602 117752 22610 1002 10344 204 415 84150 6134 351 1112 802 712 270 271 617 275 2521 207
leaf_count=25401 14137 830 69372 78824 1205 7982 1770 6120 65790 1634 221 1602 117752 22610 1002 10344 204 415 84150 6134 351 1112 802 712 270 271 617 275 2521 207
internal_value=0.000142796 0.0885397 -0.00880076 -0.0121398 -0.00488598 0.161777 0.0840863 0.0141563 0.0431386 0.333388 0.569502 0.0832758 -0.0246246 -0.00179401 0.0100137 0.0985751 0.350045 0.707051 -0.00200425 0.218625 0.154434 0.30895 0.37944 0.126721 0.164089 0.521278 0.264086 1.06058 0.289411 0.502285
internal_weight=524637 48195 476442 459918 381094 22794 16524 193970 68850 3060 1426 9584 187124 125120 102510 12240 1896 894 90270 13210 7738 5472 4360 7387 6675 541 2387 479 3530 1009
internal_count=524637 48195 476442 459918 381094 22794 16524 193970 68850 3060 1426 9584 187124 125120 102510 12240 1896 894 90270 13210 7738 5472 4360 7387 6675 541 2387 479 3530 1009
is_linear=0
shrinkage=0.04


Tree=52
num_leaves=31
num_cat=0
split_feature=6 9 11 8 11 10 12 10 10 10 10 3 12 12 17 10 4 4 10 14 13 11 17 10 10 17 13 15 0 14
split_gain=241804 151568 87459.7 63795.6 58695.3 49778 49245.3 48455.6 95050.8 71051.3 48492.9 50385.5 44734.3 44683.2 44404.3 40684.6 40628.5 54811.4 45083.1 76897.8 53412.3 44397.4 37147.6 36290.5 48157.8 35736.2 34824.3 44409.4 57353.1 45754.3
threshold=11.341433525085451 73.625000000000014 -0.39233249425888056 16.875000000000004 0.19758678972721103 -0.01505099539645016 11.572896957397463 -0.82956761121749867 -0.84828248620033253 -0.53584328293800343 0.29033823311328893 15.917535305023195 34.590116500854499 3.6600785255432133 24.438091278076175 0.25725142657756811 13.968427658081056 0.14071644842624667 -0.28622037172317499 28.229918479919437 48.609493255615241 -0.9711191952228545 -6.9917736053466788 -0.20285348594188687 -0.16905184835195539 5.4078290462493905 11.834570884704592 0.81250000000000011 98.417060852050795 52.626115798950202
decision_type=2 2 2 2 2 2 2 2 2 2 2 2 2 2 2 2 2 2 2 2 2 2 2 2 2 2 2 2 2 2
left_child=4 2 6 25 13 12 -2 8 22 14 11 16 -5 -1 -9 -7 17 21 19 -18 -20 -11 -8 -14 -25 -3 -13 -28 -29 -30
right_child=1 3 -4 5 -6 15 7 9 -10 10 -12 26 23 -15 -16 -17 18 -19 20 -21 -22 -23 -24 24 -26 -27 27 28 29 -31
leaf_value=-0.01610285169075263 0.076830538804283935 0.074409724791094242 -0.014146519787613427 0.041581324368128419 -0.048280895202141655 -0.11682284111760607 0.68957475115245859 -0.013023553291874419 1.0581416205014333 0.3408848648282754 -0.18757871773293833 -0.22584112678088397 -0.086971412465628867 0.014466051378221491 0.54094052360057832 0.12743466236702553 1.3933401769374172 0.10920981813287649 0.14891729281008453 0.39458607823262781 0.88376229492082659 1.0382935874467778 0.1702822999133102 0.63381034326750152 -0.0034081583034939471 0.25334552967871232 0.31418033208153878 -0.016182739614735632 0.68540520880612876 0.086019485966926934
leaf_weight=250301 5945 5544 4829 49269 64161 6903 267 3126 293 534 400 296 7537 110177 240 1287 224 1263 558 285 214 201 1138 255 668 2634 3235 2041 391 421
leaf_count=250301 5945 5544 4829 49269 64161 6903 267 3126 293 534 400 296 7537 110177 240 1287 224 1263 558 285 214 201 1138 255 668 2634 3235 2041 391 421
internal_value=0.000143961 0.0561006 0.139375 0.0269767 -0.0130343 0.0138945 0.174547 0.212874 0.414001 0.187154 0.240323 0.258211 0.0269898 -0.00675959 0.0279601 -0.0783309 0.385691 0.27069 0.561574 0.852494 0.361314 0.542982 0.273142 -0.0579367 0.177544 0.132281 0.192233 0.212897 0.0973563 0.379467
internal_weight=524637 99998 25901 74097 424639 65919 21072 15127 1698 13429 10063 9663 57729 360478 3366 8190 3279 1998 1281 509 772 735 1405 8460 923 8178 6384 6088 2853 812
internal_count=524637 99998 25901 74097 424639 65919 21072 15127 1698 13429 10063 9663 57729 360478 3366 8190 3279 1998 1281 509 772 735 1405 8460 923 8178 6384 6088 2853 812
is_linear=0
shrinkage=0.04


Tree=53
num_leaves=31
num_cat=0
split_feature=9 0 12 9 6 14 10 12 3 10 11 11 11 10 10 16 10 10 14 12 10 6 9 14 10 12 11 8 10 3
split_gain=224804 149905 71194.4 71664.9 67049.1 62627.1 57837 42681.1 50330.4 39418.6 50457.7 42127.7 39171.1 67789.7 45888.3 41746.2 40164.7 63632.7 104783 45437.4 41326.9 38087.4 39195.5 35207.1 34569.8 33463.9 32825.5 35792.8 36058 35371.1
threshold=73.875000000000014 6.6431367397308358 0.014816408511251213 78.875000000000014 44.586669921875007 47.140737533569343 1.0000000180025095e-35 25.475729942321781 15.624988079071047 -0.38341410458087916 -0.96904978156089772 -0.95502570271491993 -0.93237864971160878 -0.083760455250740037 -0.35141934454441065 10.683003902435305 -0.47652685642242426 -0.60639065504074086 12.804040908813478 16.251312255859379 -0.50648479163646687 74.795677185058608 73.125000000000014 39.52887153625489 -0.53584328293800343 15.311823368072512 0.095538988709449782 18.625000000000004 0.1732888147234917 38.74134826660157
decision_type=2 2 2 2 2 2 2 2 2 2 2 2 2 2 2 2 2 2 2 2 2 2 2 2 2 2 2 2 2 2
left_child=1 -1 -2 -4 26 9 7 -7 -9 -6 -11 -12 13 14 25 16 17 -14 24 20 -20 -10 -23 -16 -19 -5 27 29 -29 -3
right_child=2 4 3 12 5 6 -8 8 21 10 11 -13 15 -15 23 -17 -18 18 19 -21 -22 22 -24 -25 -26 -27 -28 28 -30 -31
leaf_value=0.0086059388876771458 -0.03427174933037655 0.16873486278878591 -0.0089313056388885589 0.21388084220128753 0.22185585443175052 0.47028574482294561 -0.27014024298645484 0.50935500504901654 -0.066009424171625503 0.35010920076420177 1.2080673729156064 0.45123076010256441 0.030229470969856623 0.020319115613722412 0.1575044083554642 -0.07344362976908228 -0.070101587544931787 0.18642952928543008 0.43149773196809615 0.10615328431008308 0.99325491867266424 -0.19259688559321375 0.35418365880389346 -0.36447419467526426 -0.11915299799838276 0.84460596491111806 -0.066718996607223954 0.070891331376124564 -0.19548039600088996 0.0036845483281261128
leaf_weight=34499 136010 13764 258614 290 1574 683 495 455 1623 1112 244 255 25498 11376 8044 6832 4979 1303 618 359 334 264 918 203 1070 257 1825 7794 898 2447
leaf_count=34499 136010 13764 258614 290 1574 683 495 455 1623 1112 244 255 25498 11376 8044 6832 4979 1303 618 359 334 264 918 203 1070 257 1825 7794 898 2447
internal_value=0.000144566 0.0675083 -0.0100325 0.000277897 0.126645 0.231249 0.133645 0.184891 0.123843 0.366406 0.505397 0.837771 0.039212 0.0848333 0.168171 0.0167496 0.0348039 0.0527206 0.207885 0.493437 0.636861 0.059722 0.231469 0.14423 0.0487187 0.520061 0.0967356 0.108736 0.0431786 0.143839
internal_weight=524637 68850 455787 319777 34351 7623 4438 3943 3260 3185 1611 499 61163 20170 8794 40993 34161 29182 3684 1311 952 2805 1182 8247 2373 547 26728 24903 8692 16211
internal_count=524637 68850 455787 319777 34351 7623 4438 3943 3260 3185 1611 499 61163 20170 8794 40993 34161 29182 3684 1311 952 2805 1182 8247 2373 547 26728 24903 8692 16211
is_linear=0
shrinkage=0.04


Tree=54
num_leaves=31
num_cat=0
split_feature=9 18 1 11 8 9 11 11 16 7 10 14 11 10 12 4 11 3 4 14 11 13 17 2 10 3 10 10 7 10
split_gain=209308 116451 78678.1 60039.7 59777.3 79083.2 58950.6 54588.5 48750.2 46553.5 42619.6 80427.8 34024.1 96800.9 47303.1 39183.2 33557.7 33646.8 45879.9 65853.3 44275.3 51096.4 47896 38380.9 37523.7 33122.9 33526.6 69344.5 35680.1 33667.6
threshold=73.625000000000014 59.310050964355476 0.75616243481636058 0.12972188368439677 16.625000000000004 77.625000000000014 -0.37645272910594935 -0.80543360114097584 -22.774954795837399 10.953204631805422 -0.91246706247329701 16.809081077575687 -0.92921787500381459 -0.30265928804874415 22.9924430847168 69.564117431640639 -0.99983122944831837 0.52938920259475719 0.39090508222579962 24.323632240295414 -0.98801845312118519 7.2504031658172616 -3.1318986415863033 10.410724163055422 0.35544221103191381 0.22538309544324878 -0.50648479163646687 -0.46133413910865778 43.983234405517585 -0.3992436677217483
decision_type=2 2 2 2 2 2 2 2 2 2 2 2 2 2 2 2 2 2 2 2 2 2 2 2 2 2 2 2 2 2
left_child=1 3 -2 12 7 9 10 -4 -3 -6 11 -7 13 14 -1 -14 -15 24 19 20 -19 22 -22 -23 -18 -10 28 -28 -27 -29
right_child=2 8 4 -5 5 6 -8 -9 25 -11 -12 -13 15 16 -16 -17 17 18 -20 -21 21 23 -24 -25 -26 26 27 29 -30 -31
leaf_value=0.9102003530114483 -0.022200710562938014 0.083305988143265092 0.18384459191231184 -0.055090640599012607 -0.0026052172515835677 0.10578157528796002 -0.031132741045385312 0.011711104845830435 -0.10698124967748962 -0.068399876094268605 0.055114536512691339 0.94672706722971878 0.06235107986956713 -0.23676527695106658 0.19404629343620211 -0.12341618373202842 -0.059042819387878219 -0.11303807599328841 0.096976673526315588 1.0023978445171751 1.090962808179472 -0.13785638401279754 0.28023104030726936 0.43639206257148794 0.42405615419456638 0.28777294211760085 1.0537378726131386 -0.059975589802405777 -0.055593651120602043 0.36531478197495099
leaf_weight=357 268452 3373 5904 7224 108376 703 14461 5880 341 20444 51985 237 20185 435 258 1987 2208 399 4021 203 231 358 244 370 281 1386 215 327 737 3055
leaf_count=357 268452 3373 5904 7224 108376 703 14461 5880 341 20444 51985 237 20185 435 258 1987 2208 399 4021 203 231 358 244 370 281 1386 215 327 737 3055
internal_value=0.000142855 0.0795718 -0.00789337 0.0488693 0.0105733 0.00531558 0.0404241 0.0980359 0.205532 -0.0130515 0.0599782 0.325541 0.0726928 0.136589 0.617677 0.0456549 0.102109 0.1201 0.172616 0.339657 0.249979 0.37032 0.688867 0.155959 -0.00302386 0.273303 0.296121 0.370549 0.168871 0.324139
internal_weight=524637 48195 476442 38761 207990 196206 67386 11784 9434 128820 52925 940 31537 9365 615 22172 8750 8315 5826 1805 1602 1203 475 728 2489 6061 5720 3597 2123 3382
internal_count=524637 48195 476442 38761 207990 196206 67386 11784 9434 128820 52925 940 31537 9365 615 22172 8750 8315 5826 1805 1602 1203 475 728 2489 6061 5720 3597 2123 3382
is_linear=0
shrinkage=0.04


Tree=55
num_leaves=31
num_cat=0
split_feature=6 9 11 8 11 8 3 0 10 12 12 10 10 10 8 8 9 17 14 3 12 11 3 14 9 14 18 7 10 11
split_gain=196362 120154 75443.6 53492.2 50900.3 45493.8 50323.7 52500.3 45091.7 41413.2 38080 37576.7 32939.7 39395.6 32795.8 45975.1 44129 32023.5 29514.1 28955.4 28450.6 28064.5 27343.2 26572.1 26383.1 36129.1 45417.7 37867.8 25134 36736.7
threshold=11.341433525085451 73.625000000000014 -0.39233249425888056 16.875000000000004 0.21441935747861865 19.125000000000004 12.026931762695314 22.798550605773929 -0.01505099539645016 34.590116500854499 3.6600785255432133 0.25725142657756811 -0.21966676414012906 -0.18598018586635587 17.625000000000004 18.125000000000004 73.375000000000014 5.4078290462493905 47.140737533569343 0.54762670397758495 24.202103614807132 0.16375125199556353 0.14229227602481845 36.857580184936531 73.375000000000014 61.235145568847663 102.4330520629883 54.402153015136726 -0.38341410458087916 -0.95242238044738758
decision_type=2 2 2 2 2 2 2 2 2 2 2 2 2 2 2 2 2 2 2 2 2 2 2 2 2 2 2 2 2 2
left_child=4 2 5 17 10 6 19 -8 9 21 -1 -10 -11 -14 18 16 -16 28 -9 20 -2 22 -5 -18 25 26 27 -17 -3 -30
right_child=1 3 -4 8 -6 -7 7 14 11 12 -12 -13 13 -15 15 24 23 -19 -20 -21 -22 -23 -24 -25 -26 -27 -28 -29 29 -31
leaf_value=-0.014639018923481174 0.26252022230851835 0.0026001200269104218 -0.017865309696298112 -0.024804043133174369 -0.045559254946961655 0.054992170124758807 0.048474826718367135 0.20119589395253112 -0.11211205713818427 -0.085847209758407761 0.013470906441234753 0.12262998776279144 0.58796173912979011 0.013849948892422002 0.21782892733925865 0.37186391912869904 0.46714422283684398 0.23565992882061021 -0.092863656659669516 0.34584693578976816 -0.25364135823094885 -0.13530232073068463 0.05758653508416034 0.99327930396566022 -0.022578238380856291 -0.0036676281712430736 0.76735547389069658 -0.21085757650211132 0.095345707685117742 0.53125150569731538
leaf_weight=252740 437 3560 4829 7670 60950 5233 4988 1774 6903 7440 110949 1287 244 776 515 784 372 2634 780 3871 267 1423 40176 302 635 536 355 223 1609 375
leaf_count=252740 437 3560 4829 7670 60950 5233 4988 1774 6903 7440 110949 1287 244 776 515 784 372 2634 780 3871 267 1423 40176 302 635 536 355 223 1609 375
internal_value=0.000142111 0.0505674 0.124712 0.0246365 -0.0117334 0.157379 0.19115 0.145486 0.0126572 0.0251209 -0.00606351 -0.0751195 -0.0565919 0.155561 0.222388 0.298061 0.502679 0.121063 0.111377 0.303014 0.0659494 0.0391605 0.0443764 0.713965 0.200413 0.274744 0.383539 0.242016 0.0662908 0.179988
internal_weight=524637 99998 25901 74097 424639 21072 15839 11264 65919 57729 363689 8190 8460 1020 6276 3722 1189 8178 2554 4575 704 49269 47846 674 2533 1898 1362 1007 5544 1984
internal_count=524637 99998 25901 74097 424639 21072 15839 11264 65919 57729 363689 8190 8460 1020 6276 3722 1189 8178 2554 4575 704 49269 47846 674 2533 1898 1362 1007 5544 1984
is_linear=0
shrinkage=0.04


Tree=56
num_leaves=31
num_cat=0
split_feature=6 12 11 11 4 10 1 11 14 14 3 13 8 10 11 14 10 6 3 4 10 8 9 2 11 10 10 10 10 17
split_gain=182602 110820 74897.7 94810.8 97790.8 51336.3 99894.2 56678 51272.2 50708 101887 45465.5 43719.4 42235 41893.6 39193.5 55993.1 40118.5 59670.7 38758.2 34764.5 33637.9 33508.9 32264.3 31253.2 46354 95364.2 41909 50686.8 100668
threshold=44.586669921875007 3.6600785255432133 -0.92602273821830738 -0.93845868110656727 12.32871198654175 -0.2696967720985412 12.024049758911135 -0.97696766257286061 15.82595729827881 9.2698264122009295 1.5033445358276369 16.111772537231449 17.375000000000004 -0.18598018586635587 -0.93237864971160878 47.140737533569343 1.0000000180025095e-35 74.795677185058608 32.619159698486335 1.948161840438843 -0.91246706247329701 18.625000000000004 73.125000000000014 25.215184211730961 0.095538988709449782 -0.80987083911895741 -0.87395131587982167 -0.59262362122535694 -0.47652685642242426 -6.1532654762268058
decision_type=2 2 2 2 2 2 2 2 2 2 2 2 2 2 2 2 2 2 2 2 2 2 2 2 2 2 2 2 2 2
left_child=1 -1 3 4 -3 6 -6 13 -9 -5 14 19 -13 -7 -11 20 17 -17 -19 -12 -2 23 -20 -8 25 26 -4 -27 29 -29
right_child=15 2 24 9 5 7 21 8 -10 10 11 12 -14 -15 -16 16 -18 18 22 -21 -22 -23 -24 -25 -26 27 -28 28 -30 -31
leaf_value=-0.016682925353475892 -0.012065350539814621 0.017797935407407074 0.0073774628083379144 0.11819243315344903 0.076837918508616793 0.43322564276824227 0.5235064372522199 0.15165735486381945 -0.36259045076504182 1.0318001651724036 0.77398110261763353 0.47512379979600711 -0.14262258857091412 0.11782583116907779 0.32628362247451947 0.062666748920066101 -0.27721060392681729 0.80302180938025636 -0.22101417160492676 0.14719798502557904 0.31381156395341409 0.40269550435357077 0.29418937501282494 1.2507872423750384 -0.057552642642488529 -0.053974808204317604 0.13594711730410766 0.35431006781450891 -0.030078758000214922 0.030309424546524303
leaf_weight=334064 612 48568 40579 3681 1142 759 224 542 702 401 297 235 718 5994 219 2979 549 309 250 337 3594 522 921 206 12186 24992 11939 1804 15344 9968
leaf_count=334064 612 48568 40579 3681 1142 759 224 542 702 401 297 235 718 5994 219 2979 549 309 250 337 3594 522 921 206 12186 24992 11939 1804 15344 9968
internal_value=0.000139759 -0.00301705 0.0221551 0.0567319 0.041353 0.154594 0.330524 0.108171 -0.139114 0.209614 0.360873 0.188645 0.0130593 0.153863 0.791728 0.176541 0.100626 0.147662 0.317175 0.448276 0.266478 0.630878 0.183257 0.892433 0.00304568 0.0101085 0.0366257 -0.0166192 0.0178175 0.0802195
internal_weight=524637 515423 181359 64547 58659 10091 2094 7997 1244 5888 2207 1587 953 6753 620 9214 5008 4459 1480 634 4206 952 1171 430 116812 104626 52518 52108 27116 11772
internal_count=524637 515423 181359 64547 58659 10091 2094 7997 1244 5888 2207 1587 953 6753 620 9214 5008 4459 1480 634 4206 952 1171 430 116812 104626 52518 52108 27116 11772
is_linear=0
shrinkage=0.04


Tree=57
num_leaves=31
num_cat=0
split_feature=9 11 8 9 11 10 4 10 7 0 10 10 15 10 10 14 4 9 12 17 8 18 14 10 10 3 6 11 4 9
split_gain=174442 97085.8 66960.8 60461.2 95249.5 59734.5 61743.3 56433.5 94663.5 52856.3 53095.5 52518.8 49394.9 46569.4 63913.2 91042 53838.7 44660.7 42273.1 40401 39704.7 41914.6 36619.6 36078.9 66868.8 47304.4 47123.2 36149.2 46054.7 36057.1
threshold=73.625000000000014 -0.92602273821830738 16.625000000000004 76.625000000000014 -0.14463099837303159 -0.25309335440397257 48.252965927124031 0.3393120169639588 3.9941370487213139 73.244403839111342 -0.85671821236610401 0.30675521492958074 0.93750000000000011 0.27383534610271459 0.20706263184547427 29.454915046691898 0.12400357797741891 73.875000000000014 6.0865190029144296 -2.4303363561630245 16.375000000000004 57.257453918457038 52.626115798950202 -0.43054369091987604 -0.52124115824699391 16.769670486450199 9.7352647781372088 0.12972188368439677 65.19748687744142 79.625000000000014
decision_type=2 2 2 2 2 2 2 2 2 2 2 2 2 2 2 2 2 2 2 2 2 2 2 2 2 2 2 2 2 2
left_child=1 5 17 -4 11 12 7 13 -9 23 -11 29 -1 14 -7 16 19 20 -8 -16 -2 -22 -12 24 27 -26 -25 28 -3 -5
right_child=2 9 3 4 -6 6 18 8 -10 10 22 -13 -14 -15 15 -17 -18 -19 -20 -21 21 -23 -24 26 25 -27 -28 -29 -30 -31
leaf_value=0.45000624468774225 0.10231075082230433 0.072983432999223774 -0.023616973834433209 0.017799000146337736 -0.039909212593922654 0.051846793851944573 -0.021485718145966528 0.1059373476467089 1.1411845834784105 -0.025302470427129294 0.66303484048115491 -0.043374914346624285 0.059802255478975108 -0.16176803981195989 0.8054312347028858 1.0319648264879866 -0.38571071721931205 0.025338575369754035 0.4966026130296749 0.16028521908110449 0.20215654668471753 0.68364669528405819 0.16112299434093885 -0.010190862382676951 0.67537600842521672 0.16695222272717455 -0.34641701409773878 -0.051446588154461591 -0.12669097643889093 0.064786567206630091
leaf_weight=1785 4131 17955 245106 107262 55068 7144 330 427 203 627 537 17940 735 1260 204 248 201 11016 1045 593 965 412 419 2603 376 1259 887 7306 2051 34542
leaf_count=1785 4131 17955 245106 107262 55068 7144 330 427 203 627 537 17940 735 1260 204 248 201 11016 1045 593 965 412 419 2603 376 1259 887 7306 2051 34542
internal_value=0.000139257 0.0726515 -0.00719717 -0.0100402 0.00545168 0.160566 0.122188 0.08831 0.452136 0.0359839 0.260944 0.0210903 0.336883 0.0641142 0.0981891 0.361366 0.18614 0.0718915 0.373004 0.333351 0.164783 0.350109 0.447 0.0249282 0.0395832 0.287269 -0.0963899 0.0246561 0.0524599 0.0292485
internal_weight=524637 48195 476442 459918 214812 14175 11655 10280 630 34020 1583 159744 2520 9650 8390 1246 998 16524 1375 797 5508 1377 956 32437 28947 1635 3490 27312 20006 141804
internal_count=524637 48195 476442 459918 214812 14175 11655 10280 630 34020 1583 159744 2520 9650 8390 1246 998 16524 1375 797 5508 1377 956 32437 28947 1635 3490 27312 20006 141804
is_linear=0
shrinkage=0.04


Tree=58
num_leaves=31
num_cat=0
split_feature=9 12 12 9 11 10 2 10 14 10 10 7 14 4 12 9 10 13 9 0 10 10 12 8 3 11 10 10 7 8
split_gain=161059 109206 54610.1 58696.8 57587.8 61316.4 46246 67288.5 42635.9 41294.6 64260.4 117489 57141.9 43712 41865.7 33652.1 44383.6 32977.9 33120.9 38352.8 35275.6 58808.8 88846.7 34250.4 33110.4 31021.3 51584.8 80957.3 60424.9 61134.7
threshold=73.875000000000014 9.3512210845947283 0.014816408511251213 76.125000000000014 -0.90892156958580006 -0.083760455250740037 63.806539535522468 0.036545658484101302 17.176497459411625 -0.47652685642242426 -0.50648479163646687 24.724818229675297 10.455216407775881 14.459445953369142 32.275053024291999 79.625000000000014 -0.60639065504074086 57.506156921386726 78.375000000000014 87.937824249267592 -0.35141934454441065 -0.38341410458087916 15.311823368072512 19.375000000000004 2.7026025056838994 -0.92921787500381459 -0.44600489735603327 -0.53584328293800343 25.803184509277347 17.625000000000004
decision_type=2 2 2 2 2 2 2 2 2 2 2 2 2 2 2 2 2 2 2 2 2 2 2 2 2 2 2 2 2 2
left_child=1 -1 -2 -4 5 17 25 -8 -7 10 14 12 -12 -14 15 -6 -17 18 20 -20 21 -5 23 -23 -25 -3 27 -27 -29 -30
right_child=2 6 3 4 9 8 7 -9 -10 -11 11 -13 13 -15 -16 16 -18 -19 19 -21 -22 22 -24 24 -26 26 -28 28 29 -31
leaf_value=0.0098835795359582916 -0.029705137106012417 0.14592609230625153 -0.018575818527121694 0.00094955986235985171 -0.0061493538918100102 0.021919345422754827 0.29070797306235846 -0.16791139499986354 -0.15464874968079481 -0.082411390291019279 -0.049402414007658761 1.0728783482820998 0.19031977169269226 0.77047065881326748 -0.10883514537356995 0.032954442237133515 0.23506916704286215 -0.36107875715310755 0.13152406448197201 0.63484015431134933 0.025834611396984512 -0.025307790962779741 1.0741106199955239 0.54983571427412448 0.11178377175195651 0.05158278233426071 -0.12776314754670032 -0.039405598650531226 0.12075370323147278 0.71032382884853851
leaf_weight=36616 136010 10470 142367 1814 73203 34784 3870 583 2325 9310 1490 213 964 259 5331 17737 1918 250 12109 238 13542 597 211 597 518 13550 2080 470 451 760
leaf_count=36616 136010 10470 142367 1814 73203 34784 3870 583 2325 9310 1490 213 964 259 5331 17737 1918 250 12109 238 13542 597 211 597 518 13550 2080 470 451 760
internal_value=0.000138187 0.0571568 -0.00847596 0.000554043 0.0159055 0.0451629 0.110837 0.230422 0.0108181 -0.00184491 0.00558053 0.189978 0.116976 0.318433 6.6749e-05 0.00632988 0.052787 0.0878047 0.0917132 0.141732 0.0559102 0.164537 0.318049 0.21917 0.349131 0.0915924 0.0586652 0.0841916 0.345182 0.493544
internal_weight=524637 68850 455787 319777 177410 66985 32234 4453 37109 110425 101115 2926 2713 1223 98189 92858 19655 29876 29626 12347 17279 3737 1923 1712 1115 27781 17311 15231 1681 1211
internal_count=524637 68850 455787 319777 177410 66985 32234 4453 37109 110425 101115 2926 2713 1223 98189 92858 19655 29876 29626 12347 17279 3737 1923 1712 1115 27781 17311 15231 1681 1211
is_linear=0
shrinkage=0.04


Tree=59
num_leaves=31
num_cat=0
split_feature=9 11 8 10 4 9 11 10 10 7 7 5 15 13 10 10 14 4 8 10 7 12 17 12 9 10 10 12 1 8
split_gain=149405 86463.7 60954.3 53895.7 56601.3 52808.8 87961.8 57101.5 52701.2 87380.6 47974.8 47170.8 46073.7 42935.7 42558.2 59707 84166.7 49966.9 42214.6 41419.7 39089.7 38189 37527.1 34898.2 33925.8 33809.4 101373 40614.3 56404.3 51412.7
threshold=73.625000000000014 -0.92602273821830738 16.625000000000004 -0.25309335440397257 48.252965927124031 76.125000000000014 -0.21231865882873532 -0.96463498473167408 0.3393120169639588 3.9941370487213139 5.4366440773010263 94.673366546630874 0.93750000000000011 0.1241675838828087 0.27383534610271459 0.20706263184547427 29.454915046691898 0.12400357797741891 18.125000000000004 -0.60639065504074086 0.35678778588771826 6.0865190029144296 -2.4303363561630245 1.0000000180025095e-35 74.125000000000014 -0.44600489735603327 -0.52124115824699391 9.519961357116701 35.627712249755866 17.875000000000004
decision_type=2 2 2 2 2 2 2 2 2 2 2 2 2 2 2 2 2 2 2 2 2 2 2 2 2 2 2 2 2 2
left_child=1 3 19 12 8 -4 7 10 14 -10 23 25 -1 -12 15 -5 17 22 -13 -2 -9 -6 -17 -7 -21 26 -3 -28 29 -29
right_child=2 11 5 4 21 6 -8 20 9 -11 13 18 -14 -15 -16 16 -18 -19 -20 24 -22 -23 -24 -25 -26 -27 27 28 -30 -31
leaf_value=0.42693015582993377 0.011541541599277462 0.023612242875385277 -0.024468141567759422 0.045740913953486312 -0.021035279973903122 0.0098619927613327468 -0.034657643837647092 -0.043883429192982 0.10032716604473935 1.0949098318171613 0.46484509218669806 0.80220415039131265 0.050196793253389778 -0.046598548700188883 -0.15797709053109482 0.77322373541994638 0.98964846631244929 -0.37440166495422617 0.1198058762991103 0.19916473188950667 0.019893167887956389 0.47137257841978025 0.15154415047386194 0.3485480975735018 0.017807638335790205 -0.084604043984357669 -0.020263320507302795 0.18949637345997794 0.064776379942501849 0.88887948277347095
leaf_weight=1785 9096 28025 205173 7144 330 642 71965 16993 427 203 291 224 735 2051 1260 204 248 201 393 4952 160792 1045 593 2011 2476 3885 344 255 370 524
leaf_count=1785 9096 28025 205173 7144 330 642 71965 16993 427 203 291 224 735 2051 1260 204 248 201 393 4952 160792 1045 593 2011 2476 3885 344 255 370 524
internal_value=0.00013648 0.0672436 -0.00665308 0.15021 0.113758 -0.00936559 0.00279858 0.0175471 0.0813256 0.432904 0.150794 0.0326404 0.317682 0.0186559 0.0579484 0.0905252 0.34489 0.176441 0.376392 0.068805 0.0137952 0.353896 0.318279 0.266934 0.138818 0.0261801 0.0407847 0.360825 0.47411 0.665245
internal_weight=524637 48195 476442 14175 11655 459918 254745 182780 10280 630 4995 34020 2520 2342 9650 8390 1246 998 617 16524 177785 1375 797 2653 7428 33403 29518 1493 1149 779
internal_count=524637 48195 476442 14175 11655 459918 254745 182780 10280 630 4995 34020 2520 2342 9650 8390 1246 998 617 16524 177785 1375 797 2653 7428 33403 29518 1493 1149 779
is_linear=0
shrinkage=0.04


Tree=60
num_leaves=31
num_cat=0
split_feature=14 9 12 11 11 10 10 10 13 7 12 10 10 10 3 10 11 4 15 17 12 8 9 10 14 10 4 8 14 7
split_gain=139680 85625.7 53763.6 40801.1 50945.9 42009.6 49477.2 72923.2 41728 40940.6 41182.7 39313.3 60115.4 70076.1 97273.6 43153.5 125744 107819 78175.6 42340.9 40917 37623 58119 46463.6 42892.5 37419.2 55981 45846.5 39528.4 37059.2
threshold=10.895496368408205 73.625000000000014 11.572896957397463 0.078402601182460799 0.026874557137489322 -0.99166062474250782 -0.9599599540233611 -0.9769422411918639 1.0000000180025095e-35 7.05356788635254 0.033279923722147949 -0.01505099539645016 -0.38341410458087916 -0.35141934454441065 1.4643447995185854 -0.47652685642242426 -0.85336607694625843 20.984331130981449 1.0000000180025095e-35 2.8969008922576909 44.750728607177741 16.875000000000004 77.875000000000014 -0.15207348018884656 39.52887153625489 -0.97312742471694935 0.55632632970809948 18.875000000000004 0.51480621099472057 12.50445604324341
decision_type=2 2 2 2 2 2 2 2 2 2 2 2 2 2 2 2 2 2 2 2 2 2 2 2 2 2 2 2 2 2
left_child=3 2 29 4 5 -1 7 -7 -6 10 -9 12 15 14 -14 16 17 -3 -19 -17 -18 23 -23 24 -15 26 27 -12 -27 -2
right_child=1 11 -4 -5 8 6 -8 9 -10 -11 25 -13 13 21 -16 19 20 18 -20 -21 -22 22 -24 -25 -26 28 -28 -29 -30 -31
leaf_value=-0.055390571005812676 0.19164306724185984 0.1493048580706591 0.14313277916537878 -0.034789074479216781 -0.034767911487510204 -0.010766436163798835 -0.0071879328284322952 0.040534244049610237 0.14443093321461589 -0.021964726745337084 0.1728156243590471 -0.052994300806756163 0.88410999153684833 0.54013441007248841 0.17291137098878903 -0.17280219748322531 0.018008074111609349 1.0803055633450636 0.15479842019225903 0.037025262600556018 -0.12120142019372483 -0.046996871778353412 0.11982727847793376 -0.007670754129322538 0.018611999835748336 0.45361993926633759 0.14760461652935716 0.81016573936852798 0.11257731295087156 -0.024003914489033225
leaf_weight=25951 1578 2401 17814 86173 3052 13190 272606 2752 6490 2277 269 10110 390 845 1366 3770 39973 387 237 2590 3680 6063 7422 792 359 633 809 583 3613 6462
leaf_count=25951 1578 2401 17814 86173 3052 13190 272606 2752 6490 2277 269 10110 390 845 1366 3770 39973 387 237 2590 3680 6063 7422 792 359 633 809 583 3613 6462
internal_value=0.000135943 0.0410928 0.104399 -0.0102645 -0.00390241 -0.00659716 -0.00232816 0.0525639 0.087138 0.128887 0.168535 0.0207213 0.0313323 0.0962049 0.334977 0.010235 0.023558 0.272517 0.736777 -0.0874296 0.00624748 0.0689223 0.0448421 0.230574 0.386065 0.228 0.388709 0.613276 0.164367 0.0185063
internal_weight=524637 106239 25854 418398 332225 322683 296732 24126 9542 10936 8659 80385 70275 17237 1756 53038 46678 3025 624 6360 43653 15481 13485 1996 1204 5907 1661 852 4246 8040
internal_count=524637 106239 25854 418398 332225 322683 296732 24126 9542 10936 8659 80385 70275 17237 1756 53038 46678 3025 624 6360 43653 15481 13485 1996 1204 5907 1661 852 4246 8040
is_linear=0
shrinkage=0.04


Tree=61
num_leaves=31
num_cat=0
split_feature=9 0 1 9 11 6 14 10 10 2 12 3 14 11 10 12 10 10 4 10 10 9 12 3 7 9 6 3 4 3
split_gain=131171 90051.2 46758.4 50811.5 47062.8 42371.5 56055.8 42633.2 40180.9 75667.1 38383.9 45050 34318.1 31645.6 58855.7 91422.5 42323.6 57125.2 36012.5 31863.9 54168.6 76589.7 38888.7 35819.4 31410.2 28761.5 35263 27433.9 34093.1 26682
threshold=73.875000000000014 6.6431367397308358 0.75616243481636058 77.625000000000014 -0.37645272910594935 49.102416992187507 47.140737533569343 0.036545658484101302 -0.91246706247329701 12.797817707061769 25.475729942321781 17.681859016418461 47.140737533569343 -0.92921787500381459 -0.28622037172317499 37.375394821166999 0.3393120169639588 0.29033823311328893 5.406341791152955 -0.44600489735603327 -0.52124115824699391 73.375000000000014 42.549484252929695 28.303919792175297 43.983234405517585 73.125000000000014 74.795677185058608 59.892675399780281 80.924495697021499 0.21399560570716861
decision_type=2 2 2 2 2 2 2 2 2 2 2 2 2 2 2 2 2 2 2 2 2 2 2 2 2 2 2 2 2 2
left_child=1 -1 -2 -4 8 12 -7 10 9 -5 -8 -12 13 14 15 18 17 27 -3 20 24 23 -21 -22 -15 -13 -27 28 29 -16
right_child=2 5 3 4 -6 6 7 -9 -10 -11 11 25 -14 19 16 -17 -18 -19 -20 22 21 -23 -24 -25 -26 26 -28 -29 -30 -31
leaf_value=0.005938125616369464 -0.018668869707412303 0.30382545693041185 -0.0076913774378357808 0.11815105274752359 -0.028635299853374551 0.35254863944058462 0.42589210779214093 -0.28682935436811352 0.048050801619207453 0.97909108296601688 0.43347590159595017 -0.20597672871231329 -0.15603299266745888 0.064503957249912147 -0.079170745998338579 -0.079569644691470348 0.5523301149193639 -0.26942786009030967 0.90668951316705537 -0.19856029759196742 1.0829206944276124 0.069427137621241045 0.3019697392855259 0.36024691862476116 -0.18218043157648389 -0.066500736118306286 0.27574170246474117 -0.15066622883243405 0.56800468721369213 0.1563523267645722
leaf_weight=34499 261778 267 126623 739 14461 2218 635 396 51985 201 490 666 973 14015 887 380 319 644 439 1404 224 714 292 235 868 1001 913 542 280 5549
leaf_count=34499 261778 267 126623 739 14461 2218 635 396 51985 201 490 666 973 14015 887 380 319 644 439 1404 224 714 292 235 868 1001 913 542 280 5549
internal_value=0.000134166 0.051591 -0.00763973 0.00724218 0.0353004 0.0974255 0.190947 0.1029 0.052772 0.310614 0.145215 0.0859659 0.0762832 0.0846915 0.144407 0.419919 0.107546 0.0889148 0.686122 0.0533202 0.0707483 0.331301 -0.111119 0.728495 0.0500043 0.0185471 0.0973375 0.121037 0.143156 0.12382
internal_weight=524637 68850 455787 194009 67386 34351 6319 4101 52925 940 3705 3070 28032 27059 9307 1086 8221 7902 706 17752 16056 1173 1696 459 14883 2580 1914 7258 6716 6436
internal_count=524637 68850 455787 194009 67386 34351 6319 4101 52925 940 3705 3070 28032 27059 9307 1086 8221 7902 706 17752 16056 1173 1696 459 14883 2580 1914 7258 6716 6436
is_linear=0
shrinkage=0.04


Tree=62
num_leaves=31
num_cat=0
split_feature=6 12 11 11 4 7 3 14 10 13 10 13 11 14 8 10 14 10 2 6 3 9 10 3 9 15 9 10 10 8
split_gain=121190 76316.6 58503.7 80776.4 73310.6 43189.4 46844.2 58265.4 57674.4 44605.6 42961.5 89135.9 53920.4 46412.5 41224.8 37836.3 34516.6 47546.5 33348.8 32871.1 54245.3 31411 29150.3 29128.9 28055.7 27274.6 33833.4 26689.4 34325.4 26539.6
threshold=44.586669921875007 3.442989826202393 -0.92602273821830738 -0.93845868110656727 12.32871198654175 2.4796402454376225 13.110765457153322 9.9216299057006854 -0.36747109889984125 15.79340171813965 -0.2696967720985412 16.727828979492191 -0.97696766257286061 15.82595729827881 17.375000000000004 -0.18598018586635587 47.140737533569343 1.0000000180025095e-35 9.126505374908449 74.795677185058608 32.619159698486335 74.125000000000014 -0.91246706247329701 21.939278602600101 73.125000000000014 0.81250000000000011 73.625000000000014 -0.74512827396392811 -0.53584328293800343 16.125000000000004
decision_type=2 2 2 2 2 2 2 2 2 2 2 2 2 2 2 2 2 2 2 2 2 2 2 2 2 2 2 2 2 2
left_child=1 -1 3 4 -3 -5 7 -7 -9 -10 11 21 15 -14 -13 23 22 19 -16 25 -21 -6 -2 -12 -22 26 -18 -24 -29 -30
right_child=16 2 -4 5 10 6 -8 8 9 -11 12 14 13 -15 18 -17 17 -19 -20 20 24 -23 27 -25 -26 -27 -28 28 29 -31
leaf_value=-0.0139971741486698 -0.026610289617139137 0.014151852583481563 0.0013975430824821056 6.6096525992059802e-05 0.41975099097016033 0.19125563193851478 0.016397865578754209 0.13205103203938798 1.0717841674426327 0.47643844564547716 0.22812730308227522 0.99787134042760328 0.12074081384717372 -0.36416757166208008 0.83234521619053115 0.099717980862790892 0.29297863292557247 -0.27539180401719321 0.22843434746417285 0.73241153682380644 -0.22725677174444381 -0.067183020046777286 0.58557246989758738 0.76310683105991095 0.24375454856721018 -0.064994767294135378 -0.18845652548722849 -0.049695418183181593 -0.016692196036782354 0.34436680461922048
leaf_weight=329571 612 49731 119829 1479 269 2170 1064 409 335 563 547 258 560 703 200 6106 970 549 524 309 250 874 381 231 921 1710 299 565 379 2269
leaf_count=329571 612 49731 119829 1479 269 2170 1064 409 335 563 547 258 560 703 200 6106 970 549 524 309 250 874 381 231 921 1710 299 565 379 2269
internal_value=0.000132821 -0.00243893 0.0180569 0.0482882 0.0342572 0.187851 0.248878 0.319768 0.530064 0.707891 0.131487 0.291301 0.0894963 -0.149905 0.568756 0.133573 0.143841 0.0726662 0.404328 0.11604 0.269455 0.0500614 0.228214 0.394639 0.142124 0.0391753 0.178957 0.27156 0.232623 0.292821
internal_weight=524637 515423 185852 66023 60003 6020 4541 3477 1307 898 10272 2125 8147 1263 982 6884 9214 5008 724 4459 1480 1143 4206 778 1171 2979 1269 3594 3213 2648
internal_count=524637 515423 185852 66023 60003 6020 4541 3477 1307 898 10272 2125 8147 1263 982 6884 9214 5008 724 4459 1480 1143 4206 778 1171 2979 1269 3594 3213 2648
is_linear=0
shrinkage=0.04


Tree=63
num_leaves=31
num_cat=0
split_feature=9 0 12 9 8 5 4 11 13 10 10 2 10 10 10 4 14 4 10 10 7 7 6 17 14 11 10 3 11 10
split_gain=115648 78713 42173.3 47041.8 41252.1 43068.5 38072.8 37744.6 63933.9 61156.9 44585.3 43888.8 43414 42752 40702.6 48748.9 76692.4 46257.5 39471.4 30478.7 63235.9 30545.2 30292.9 30264.4 29896.2 27815.7 51335.3 25212.1 25151.2 24827.5
threshold=73.875000000000014 6.6431367397308358 0.014816408511251213 79.625000000000014 18.875000000000004 94.673366546630874 4.5375936031341562 -0.92602273821830738 52.602317810058601 -0.25309335440397257 0.3393120169639588 10.081629753112795 -0.46133413910865778 0.05372969992458821 0.29033823311328893 0.14904007315635684 27.116916656494144 52.737417221069343 -0.35141934454441065 -0.50648479163646687 48.610565185546882 48.610565185546882 49.102416992187507 -1.1321725845336912 25.168112754821781 -0.98212954401969899 0.22386012226343158 0.70010045170784008 0.095538988709449782 0.07089784182608129
decision_type=2 2 2 2 2 2 2 2 2 2 2 2 2 2 2 2 2 2 2 2 2 2 2 2 2 2 2 2 2 2
left_child=1 -1 -2 -4 5 7 -7 8 9 11 14 -3 19 -10 15 16 25 23 -13 21 -21 22 28 -17 -19 -11 -27 -25 -9 -29
right_child=2 4 3 -5 -6 6 -8 12 13 10 -12 18 -14 -15 -16 17 -18 24 -20 20 -22 -23 -24 27 -26 26 -28 29 -30 -31
leaf_value=0.0057666181867797517 -0.025822840487472045 0.048735681354505699 -0.0048811210796215537 0.04242830280297781 0.017724101286956832 -0.064122128140251602 0.49098458104187026 0.10614871290186323 0.0529851430085981 -0.068570255863021914 0.67525962168494091 0.17438719981335127 -0.11673226787312359 -0.44223733497597778 -0.21684105605765391 -0.085755603649479456 1.0667169760022543 0.11143844742191124 0.71609657444260721 0.054226531233853903 0.82406818135757076 -0.11470047297904606 0.38269948767944123 -0.15656180583975945 0.61694718845171093 0.87616774614866788 0.094120725663770152 0.11695440222809814 -0.075321358708852898 0.45322270752597099
leaf_weight=34499 136010 337 281598 38179 9003 255 838 9450 1117 309 250 303 1797 361 465 1515 216 344 806 457 264 1188 558 357 415 212 347 1316 1396 475
leaf_count=34499 136010 337 281598 38179 9003 255 838 9450 1117 309 250 303 1797 361 465 1515 216 344 806 457 264 1188 558 357 415 212 347 1316 1396 475
internal_value=0.000132463 0.0484488 -0.00716699 0.000768423 0.0913008 0.117416 0.362069 0.106247 0.170362 0.216754 0.161803 0.450432 0.0673552 -0.0701316 0.139212 0.16962 0.40888 0.110178 0.570972 0.0922724 0.343527 0.0776248 0.097743 0.0508192 0.392265 0.234893 0.400897 0.147097 0.0827436 0.208159
internal_weight=524637 68850 455787 319777 34351 25348 1093 24255 9145 7667 6221 1446 15110 1478 5971 5506 1084 4422 1109 13313 721 12592 11404 3663 759 868 559 2148 10846 1791
internal_count=524637 68850 455787 319777 34351 25348 1093 24255 9145 7667 6221 1446 15110 1478 5971 5506 1084 4422 1109 13313 721 12592 11404 3663 759 868 559 2148 10846 1791
is_linear=0
shrinkage=0.04


Tree=64
num_leaves=31
num_cat=0
split_feature=9 11 8 9 11 11 11 7 13 0 10 2 10 10 16 3 4 11 10 2 14 9 11 10 13 7 4 14 10 10
split_gain=107606 67621.9 50664.4 45699.5 71182.4 49754.7 44615.3 41414.3 39998.7 37525.8 45882.4 36702.1 42917.8 67324.5 37843.3 37838.9 44085.9 47216.7 79881.9 35622.6 35567.5 35206.5 35268.6 34466.6 33778.4 33212 32228.4 32097.8 37488.2 31272.3
threshold=73.625000000000014 -0.92602273821830738 16.625000000000004 76.125000000000014 -0.21231865882873532 -0.26244230568408961 -0.99983122944831837 5.4366440773010263 0.1241675838828087 73.244403839111342 -0.85671821236610401 2.2672773599624638 0.3393120169639588 0.27383534610271459 -23.818926811218258 0.10790697485208513 0.64435541629791271 -0.97696766257286061 0.036545658484101302 51.97288894653321 52.626115798950202 74.125000000000014 -0.91595870256423939 0.43442112207412725 18.994112968444828 13.354095935821535 5.5042948722839364 42.708112716674812 -0.2696967720985412 -0.92599865794181813
decision_type=2 2 2 2 2 2 2 2 2 2 2 2 2 2 2 2 2 2 2 2 2 2 2 2 2 2 2 2 2 2
left_child=1 6 21 25 5 23 -1 -7 -9 -3 -11 -8 13 14 -13 -16 17 18 -17 -18 -12 22 27 29 -19 -4 -21 28 -2 -5
right_child=2 9 3 4 -6 7 11 8 -10 10 20 12 -14 -15 15 16 19 24 -20 26 -22 -23 -24 -25 -26 -27 -28 -29 -30 -31
leaf_value=-0.19638442205486353 0.62534113666138702 0.01716817515541182 -0.018724213000618248 -0.046416726703275672 -0.030482716947807 0.24876728321288175 0.020539261445495411 0.44874285292932364 -0.044898626201256051 -0.04968252087079187 0.60166285478218817 0.030697750955074616 0.7047442512998775 -0.20183240949975798 -0.081752818511766301 0.69763933451726912 0.15258076897178682 0.44699880400847902 -0.089945367632285222 -0.012760231459450988 0.10879472404475257 -0.019387235174213115 0.055893065846457465 -0.068347891254751603 1.0453898711924485 -0.097713571635784341 0.4830571936248314 -0.10385606096821581 0.20195293149552448 0.021450448510889709
leaf_weight=630 378 32437 196279 11655 71965 2653 2936 291 2051 627 537 1809 235 725 560 349 4451 391 479 259 419 5508 7560 7955 269 8894 1082 448 2630 158175
leaf_count=630 378 32437 196279 11655 71965 2653 2936 291 2051 627 537 1809 235 725 560 349 4451 391 479 259 419 5508 7560 7955 269 8894 1082 448 2630 158175
internal_value=0.0001314 0.0570828 -0.00563066 -0.00810364 0.00321213 0.0164796 0.130454 0.14086 0.0180848 0.0264822 0.216029 0.145789 0.1804 0.167855 0.195812 0.233823 0.258177 0.452189 0.246383 0.20764 0.389009 0.063164 0.10442 0.0129773 0.702851 -0.0221529 0.38791 0.210104 0.257054 0.0167904
internal_weight=524637 48195 476442 459918 254745 182780 14175 4995 2342 34020 1583 13545 10609 10374 9649 7840 7280 1488 828 5792 956 16524 11016 177785 660 205173 1341 3456 3008 169830
internal_count=524637 48195 476442 459918 254745 182780 14175 4995 2342 34020 1583 13545 10609 10374 9649 7840 7280 1488 828 5792 956 16524 11016 177785 660 205173 1341 3456 3008 169830
is_linear=0
shrinkage=0.04


Tree=65
num_leaves=31
num_cat=0
split_feature=6 8 0 10 10 11 12 10 10 11 11 4 10 11 13 2 1 3 10 11 4 9 16 10 11 13 4 9 14 7
split_gain=102014 59867.5 66623.7 45682.4 44376.2 52298 46355.5 47514.6 51963.6 33894.4 33542.4 92671.1 66404.1 129414 147060 51943.6 54890.9 58197.1 33526 55237.6 69643.6 91448.7 57185.9 45502.6 37052.7 97681 77076.3 36619.2 51797.9 33039.7
threshold=11.341433525085451 18.625000000000004 32.788558959960945 0.32308141887187963 -0.01505099539645016 -0.36046156287193293 25.475729942321781 -0.20285348594188687 -0.18598018586635587 0.21441935747861865 -0.55834004282951344 13.968427658081056 -0.76762619614601124 -0.65394967794418324 13.465582847595217 2.0271897315979008 19.443128585815433 5.8342535495758066 -0.59262362122535694 -0.87810534238815297 14.716773033142092 75.625000000000014 -11.678445816040037 -0.38341410458087916 -0.93543598055839527 15.50086545944214 1.1773365736007693 73.375000000000014 34.566368103027351 13.132666110992433
decision_type=2 2 2 2 2 2 2 2 2 2 2 2 2 2 2 2 2 2 2 2 2 2 2 2 2 2 2 2 2 2
left_child=9 2 3 -2 5 6 10 -8 -9 -1 12 -12 -3 18 -15 -13 17 -17 -14 23 -21 -22 -23 -20 27 26 -26 28 -25 -6
right_child=1 4 -4 -5 29 -7 7 8 -10 -11 11 15 13 14 -16 16 -18 -19 19 20 21 22 -24 24 25 -27 -28 -29 -30 -31
leaf_value=-0.0038030386239558552 0.035466852439152804 -0.14175537822543724 0.1646121048659743 0.469309898572632 -0.0069911549128058347 -0.047484106947366975 -0.053382652392427059 0.71642397429438542 0.084103391503214442 -0.036032541163378382 0.079897397821725766 -0.0094378388359774128 -0.023936305841028589 0.084495109289157405 1.516158192782175 0.23739745578675903 0.11506185543627793 1.0695538506909672 -0.071191184131798965 0.11715137565428313 -0.048471166573634206 0.22387236386896617 0.98932896159317274 0.11574783569431306 1.2499611449917079 -0.13447890408910237 0.31075718014404113 0.038638106445156174 0.80798948607572318 -0.17193539337051653
leaf_weight=363689 23341 2580 10277 385 4812 12090 10425 231 1545 60950 5146 273 5960 256 200 202 253 438 3798 3190 342 239 483 615 204 458 432 8340 233 3250
leaf_count=363689 23341 2580 10277 385 4812 12090 10425 231 1545 60950 5146 273 5960 256 200 202 253 438 3798 3190 342 239 483 615 204 458 432 8340 233 3250
internal_value=0.000129841 0.0364753 0.0795851 0.0427015 0.0142549 0.0264936 0.0460095 -0.0207689 0.169899 -0.0084298 0.0702272 0.153279 0.0509969 0.071139 0.731478 0.473706 0.619878 0.814598 0.0584485 0.0852285 0.211376 0.49015 0.742464 0.0469926 0.0906745 0.309701 0.626697 0.064287 0.313151 -0.0736151
internal_weight=524637 99998 34003 23726 65995 57933 45843 12201 1776 424639 33642 6312 27330 24750 456 1166 893 640 24294 18334 4254 1064 722 14080 10282 1094 636 9188 848 8062
internal_count=524637 99998 34003 23726 65995 57933 45843 12201 1776 424639 33642 6312 27330 24750 456 1166 893 640 24294 18334 4254 1064 722 14080 10282 1094 636 9188 848 8062
is_linear=0
shrinkage=0.04


Tree=66
num_leaves=31
num_cat=0
split_feature=9 11 8 8 9 9 11 10 3 12 18 7 10 8 14 7 17 10 10 3 10 14 13 10 14 7 0 12 14 10
split_gain=95653.2 60702.6 44941.2 43406.1 42691.7 42221.6 62850.7 113477 84314.6 121129 42196.7 43299.1 68024.5 41648.4 41970 33245.4 32572.8 31575.1 38356.4 40867.7 61276.1 81742.9 34896.7 56410.5 48727.2 34339.2 31196 30341 56191.1 39253.5
threshold=73.625000000000014 -0.14463099837303159 16.625000000000004 18.625000000000004 73.375000000000014 76.625000000000014 -0.92602273821830738 -0.35141934454441065 1.3553034067153933 15.939856529235842 31.608828544616703 12.50445604324341 -0.97312742471694935 17.625000000000004 47.140737533569343 13.354095935821535 5.7660212516784677 0.1732888147234917 -0.52124115824699391 15.624988079071047 -0.31900864839553827 25.168112754821781 48.609493255615241 0.07089784182608129 10.455216407775881 34.51555252075196 79.397483825683608 25.475729942321781 16.476903915405277 -0.47652685642242426
decision_type=2 2 2 2 2 2 2 2 2 2 2 2 2 2 2 2 2 2 2 2 2 2 2 2 2 2 2 2 2 2
left_child=1 3 16 10 17 15 7 8 9 -7 11 12 -1 14 -12 -4 -2 18 25 20 21 -20 23 -22 -25 -5 -15 28 -8 -30
right_child=2 -3 5 4 -6 6 27 -9 -10 -11 13 -13 -14 26 -16 -17 -18 -19 19 -21 22 -23 -24 24 -26 -27 -28 -29 29 -31
leaf_value=0.72478911968110837 0.034150988709780374 -0.022619105672748763 -0.015816180980411799 0.075846856382946096 -0.10201182268422139 0.34124000256785764 -0.011255241505267339 0.027244729250900854 0.11152788369022719 1.384190193119279 0.15585500461848248 -0.01739299546569454 0.1096084934969134 0.20866680098218482 -0.13526893089174066 -0.087654893344766741 0.18403392613659394 -0.066927090999607378 1.2636504260123587 0.061471357794784104 -0.029077143864543312 0.20933721945785425 0.55839779996102856 0.92684508797004472 0.064551043164122981 -0.15309690456407152 0.45743330152887074 -0.081017914097651675 0.118350311777428 -0.096910571426459757
leaf_weight=299 13741 12355 234334 4622 3072 869 132511 60372 1721 218 3801 5186 4271 3882 992 10772 2783 2431 211 2506 1191 262 331 207 206 1345 1025 8726 8801 1594
leaf_count=299 13741 12355 234334 4622 3072 869 132511 60372 1721 218 3801 5186 4271 3882 992 10772 2783 2431 211 2506 1191 262 331 207 206 1345 1025 8726 8801 1594
internal_value=0.0001305 0.0538257 -0.00530211 0.0801772 0.0321786 -0.00763124 0.00531465 0.0388304 0.286941 0.561117 0.12056 0.0617264 0.151352 0.179609 0.0954453 -0.0189768 0.0594906 0.0631989 0.092306 0.174945 0.292294 0.69608 0.190519 0.111615 0.508436 0.0240717 0.261455 -0.00865188 -0.00422777 0.0852802
internal_weight=524637 48195 476442 35840 16384 459918 214812 63180 2808 1087 19456 9756 4570 9700 4793 245106 16524 13312 10881 4914 2408 473 1935 1604 413 5967 4907 151632 142906 10395
internal_count=524637 48195 476442 35840 16384 459918 214812 63180 2808 1087 19456 9756 4570 9700 4793 245106 16524 13312 10881 4914 2408 473 1935 1604 413 5967 4907 151632 142906 10395
is_linear=0
shrinkage=0.04


Tree=67
num_leaves=31
num_cat=0
split_feature=13 9 10 10 4 10 10 7 10 4 10 12 5 3 5 10 17 14 10 11 11 9 4 11 14 12 11 9 7 4
split_gain=90256.7 74102.6 38926.3 52933.7 57063 44349.8 84523.8 65499.8 41367.9 67770.7 40247.6 67801.3 73417.9 59993.7 50488.6 56566 55359.5 37259.6 34098.9 33398.5 35656.1 47172.1 50573.8 38572.6 35798.1 32768.2 36951.4 37005.1 43285 40735.7
threshold=7.8122241497039804 74.125000000000014 -0.56456753611564625 -0.15207348018884656 69.564117431640639 -0.80987083911895741 -0.85671821236610401 13.833090305328371 -0.82956761121749867 20.984331130981449 -0.35141934454441065 62.632106781005866 52.613756179809577 13.565610885620119 94.673366546630874 -0.44600489735603327 -17.770718574523922 61.235145568847663 -0.28622037172317499 -0.99273797869682301 -0.99983122944831837 73.375000000000014 0.75931483507156383 -0.99552518129348744 29.454915046691898 37.375394821166999 -0.14463099837303159 79.625000000000014 13.354095935821535 12.32871198654175
decision_type=2 2 2 2 2 2 2 2 2 2 2 2 2 2 2 2 2 2 2 2 2 2 2 2 2 2 2 2 2 2
left_child=-1 2 5 10 17 6 -2 -8 9 -9 13 12 18 -4 15 16 -15 19 -12 20 -5 22 -22 24 -24 26 27 28 -3 -29
right_child=1 25 3 4 -6 -7 7 8 -10 -11 11 -13 -14 14 -16 -17 -18 -19 -20 -21 21 -23 23 -25 -26 -27 -28 29 -30 -31
leaf_value=-0.010165493794162402 0.033658036365164734 0.027358694291874399 0.26416699465152499 -0.15403281172774336 0.4590594645939251 -0.049012298894921938 0.093472962993816119 1.1561643196766194 0.20399418071090819 0.25432877407439292 0.39930805484573234 -0.072393935664924414 0.67424397063913022 0.49460602262914583 0.45798013201450294 -0.1903325052712829 0.011001165015169553 -0.36233879066577979 0.14854323873653194 -0.021119788629845246 0.73892002519659516 0.062674173692455593 -0.13847384813700969 0.64798747533987344 0.41179596790472667 -0.06049906770389625 -0.053025571127748611 0.043357422094588642 -0.057906932643480021 0.19779443469875993
leaf_weight=378777 12479 52285 2295 647 495 7490 959 315 324 238 1316 915 715 455 369 1852 2044 375 2574 6419 380 2589 503 227 290 10189 11119 10700 11638 3664
leaf_count=378777 12479 52285 2295 647 495 7490 959 315 324 238 1316 915 715 455 369 1852 2044 375 2574 6419 380 2589 503 227 290 10189 11119 10700 11638 3664
internal_value=0.000130006 0.0268648 0.0686902 0.103324 0.0429401 0.0298097 0.071057 0.323692 0.571546 0.779444 0.160689 0.241443 0.303823 0.0968923 0.015172 -0.0233458 0.100673 0.0245336 0.234184 0.0379724 0.119661 0.164327 0.350534 0.200073 0.065382 0.00743061 0.015178 0.0248704 0.0118284 0.0828617
internal_weight=524637 145860 46265 24460 11925 21805 14315 1836 877 553 12535 5520 4605 7015 4720 4351 2499 11430 3890 11055 4636 3989 1400 1020 793 99595 89406 78287 63923 14364
internal_count=524637 145860 46265 24460 11925 21805 14315 1836 877 553 12535 5520 4605 7015 4720 4351 2499 11430 3890 11055 4636 3989 1400 1020 793 99595 89406 78287 63923 14364
is_linear=0
shrinkage=0.04


Tree=68
num_leaves=31
num_cat=0
split_feature=6 6 11 8 10 10 10 4 15 7 10 10 3 13 4 7 13 12 10 7 14 7 9 2 3 8 10 7 18 9
split_gain=84831.7 51814.1 39943.4 38978.3 45904.2 42512.8 79017.2 106235 91343 49291.9 39351.5 54965.9 109952 58644.6 62792.7 50729.8 44833.9 39170.5 37919 86660.6 37090.6 34535.4 47287.7 34083.5 46248.6 31463.7 31456.9 31006.5 28566.8 32808.4
threshold=10.011406421661379 54.844379425048835 0.16375125199556353 18.625000000000004 -0.01505099539645016 -0.52124115824699391 -0.47652685642242426 9.7790246009826678 1.0000000180025095e-35 30.185176849365238 -0.38341410458087916 -0.35141934454441065 12.893336772918703 14.965941429138185 1.1773365736007693 17.579575538635257 17.429122924804691 32.275053024291999 -0.20285348594188687 24.724818229675297 47.140737533569343 16.414497375488285 79.625000000000014 4.1440134048461923 5.6336059570312509 20.375000000000004 1.0000000180025095e-35 13.354095935821535 23.600523948669437 73.625000000000014
decision_type=2 2 2 2 2 2 2 2 2 2 2 2 2 2 2 2 2 2 2 2 2 2 2 2 2 2 2 2 2 2
left_child=-1 2 3 28 5 9 7 -7 -9 17 -8 12 13 14 -12 -15 -14 25 21 -20 -3 22 -13 24 -24 -5 -22 -6 -2 -30
right_child=1 20 -4 4 27 6 10 8 -10 -11 11 18 16 15 -16 -17 -18 -19 19 -21 26 -23 23 -25 -26 -27 -28 -29 29 -31
leaf_value=-0.0084498598284001442 0.015840564925720189 0.31593103153872171 -0.11334611245961565 0.060133055452640763 -0.019335663603832806 0.075398845800065117 -0.049642627518202587 0.9044796768142519 0.13538067654324568 -0.17872056223004676 1.3526794720318582 -0.018797014429978508 0.22784603412636742 -0.13398625316531201 0.45294848471695426 0.67971675146336952 -0.41655168497849332 -0.093180621444806086 0.075925054240403675 0.6256125000360524 0.12410637660763042 -0.11803122771804304 0.96270942148295324 0.11051030693984613 0.1249063232527476 -0.019649025918368222 -0.23748248286941034 -0.17178480249997702 0.15017357471390827 0.048842909131815972
leaf_weight=408446 12061 1543 3262 18686 6690 1727 5735 596 424 2338 215 3580 324 274 313 208 349 5060 6534 484 3504 3058 210 769 209 13701 423 3127 9096 11691
leaf_count=408446 12061 1543 3262 18686 6690 1727 5735 596 424 2338 215 3580 324 274 313 208 349 5060 6534 484 3504 3058 210 769 209 13701 423 3127 9096 11691
internal_value=0.000129084 0.0302848 0.0243401 0.0285298 0.0125416 0.0247562 0.0656111 0.267623 0.589194 -0.000935339 0.040575 0.0718923 0.287856 0.549786 0.837649 0.223834 -0.107528 0.0102094 0.0472292 0.114671 0.150351 -0.0133184 0.0539466 0.271484 0.557461 0.0263864 0.0846533 -0.0680205 0.0648306 0.0932342
internal_weight=524637 116191 110721 107459 74611 64794 25009 2747 1020 39785 22262 16527 1683 1010 528 482 673 37447 14844 7018 5470 7826 4768 1188 419 32387 3927 9817 32848 20787
internal_count=524637 116191 110721 107459 74611 64794 25009 2747 1020 39785 22262 16527 1683 1010 528 482 673 37447 14844 7018 5470 7826 4768 1188 419 32387 3927 9817 32848 20787
is_linear=0
shrinkage=0.04


Tree=69
num_leaves=31
num_cat=0
split_feature=9 11 5 8 10 4 10 7 12 13 8 11 10 3 12 10 17 10 10 8 12 8 12 10 11 4 10 14 4 10
split_gain=79417.8 55905 45677.4 43425.6 42036.2 44533.8 46327.9 109104 42278.6 34065.1 41807.3 44486.8 108721 62515.8 100937 35151.7 62359.3 66708.9 60310.1 41749.5 31744.1 35593.1 28642 30649.9 42597.8 46412.2 59146.4 165945 74310.7 41646.4
threshold=73.875000000000014 -0.92272481322288502 94.673366546630874 18.125000000000004 -0.25309335440397257 48.252965927124031 0.3393120169639588 6.3724553585052499 87.800563812255874 0.17461205273866656 19.125000000000004 -0.91939276456832875 -0.35141934454441065 2.3842326402664189 15.637803077697756 -0.74512827396392811 -15.02767753601074 -0.99054482579231251 -0.7785360813140868 16.125000000000004 2.6816077232360844 16.375000000000004 25.475729942321781 -0.47652685642242426 -0.14463099837303159 0.15803918242454532 -0.59262362122535694 15.82595729827881 21.880743026733402 -0.64659911394119252
decision_type=2 2 2 2 2 2 2 2 2 2 2 2 2 2 2 2 2 2 2 2 2 2 2 2 2 2 2 2 2 2
left_child=1 4 -3 -4 8 6 -6 -8 -1 -2 15 12 13 14 -12 16 17 -11 -18 -17 -7 -22 23 24 25 29 -27 -28 -29 -13
right_child=9 2 3 -5 5 20 7 -9 -10 10 11 22 -14 -15 -16 19 18 -19 -20 -21 21 -23 -24 -25 -26 26 27 28 -30 -31
leaf_value=0.25876986983112643 -0.025421345073179263 0.011823187695567242 0.70581943362548549 0.063222246900568782 0.025720114398900207 -0.16679912335277833 0.10259633672526039 1.0405433546413074 -0.2497891189772766 0.88045383294869894 0.24963213771063136 0.08974890820526138 0.022214969343063561 0.073770244959317166 0.99033112642008081 0.11593217563222147 -0.0077528078622426987 0.056509002356441941 0.18603421331988268 -0.041893527739475946 -0.08740562936685381 0.42195986556448961 -0.067606464339360267 -0.054697460739174322 -0.029617040419963731 -0.014097281087841676 0.021127627466174026 0.31215276548908727 0.96006478570962883 -0.051551881111204463
leaf_weight=3324 109035 47469 286 395 14046 232 1118 232 276 257 2404 22259 70798 2841 328 2778 55623 386 2684 70708 264 1208 9996 13339 32252 46951 7711 1143 375 3919
leaf_count=3324 109035 47469 286 395 14046 232 1118 232 276 257 2404 22259 70798 2841 328 2778 55623 386 2684 70708 264 1208 9996 13339 32252 46951 7711 1143 375 3919
internal_value=0.000127629 0.0401666 0.0165258 0.339403 0.0951228 0.0688892 0.0473233 0.27025 0.219196 -0.00592131 0.00021097 0.011129 0.0356196 0.205564 0.341847 -0.0174568 0.00555161 0.394271 0.00119801 -0.0359123 0.262329 0.330633 -0.00243137 0.00266531 0.00934573 0.0246056 0.00410466 0.0966191 0.477446 0.0685837
internal_weight=524637 68850 48150 681 20700 17100 15396 1350 3600 455787 346752 214316 76371 5573 2732 132436 58950 643 58307 73486 1704 1472 137945 127949 114610 82358 56180 9229 1518 26178
internal_count=524637 68850 48150 681 20700 17100 15396 1350 3600 455787 346752 214316 76371 5573 2732 132436 58950 643 58307 73486 1704 1472 137945 127949 114610 82358 56180 9229 1518 26178
is_linear=0
shrinkage=0.04


Tree=70
num_leaves=31
num_cat=0
split_feature=13 9 8 9 8 11 13 10 5 10 10 14 18 10 3 10 14 12 2 10 4 3 7 6 12 11 9 7 4 10
split_gain=74328.8 60953.1 34337.5 68184.5 36586.4 36410.2 71235.2 79009.2 52464.3 50099.1 48751.2 108751 42861.5 42612.2 36601.7 34776.7 37229.3 76266.1 34443.9 34284.5 33898.2 38246.8 29478.3 32806 28018 32350.4 33208.7 40686 37142 31148.2
threshold=7.8122241497039804 74.125000000000014 18.125000000000004 73.375000000000014 19.125000000000004 -0.91939276456832875 57.506156921386726 -0.16905184835195539 94.673366546630874 -0.47652685642242426 0.3393120169639588 9.0366282463073748 66.044982910156264 -0.50648479163646687 30.353242874145511 -0.52124115824699391 61.235145568847663 76.606426239013686 18.386355400085453 0.1732888147234917 80.924495697021499 41.322093963623054 43.983234405517585 36.024234771728523 37.375394821166999 -0.14463099837303159 79.625000000000014 13.354095935821535 12.32871198654175 -0.9193688929080962
decision_type=2 2 2 2 2 2 2 2 2 2 2 2 2 2 2 2 2 2 2 2 2 2 2 2 2 2 2 2 2 2
left_child=-1 2 5 4 15 6 7 12 9 13 20 -12 -2 -7 -14 22 17 -17 -15 -6 21 -9 23 -4 25 26 27 -3 -28 -30
right_child=1 24 3 -5 19 8 -8 10 -10 -11 11 -13 14 18 -16 16 -18 -19 -20 -21 -22 -23 -24 -25 -26 -27 28 -29 29 -31
leaf_value=-0.0092160608591409805 0.27433410160301719 0.025697527780953532 0.057838003660581498 -0.064110785400642814 0.043180211811007611 0.055527661736905043 -0.14120920075926002 0.10609198562633183 0.60238931388315498 -0.16563224560825149 -0.098301176097082055 1.1686495498430107 0.33598150088598855 0.062883225555005279 0.92891093484526699 0.22879727694568999 -0.061594843967389352 0.91773054159793666 0.74137321353876107 -0.28446747034467679 0.51741460301871622 -0.16901319452022251 -0.18021030652333964 0.44135803482070318 -0.056050757492689451 -0.049889735567204968 0.040211350503346309 -0.056968486906833399 -0.11842772442670757 0.23174701622202645
leaf_weight=378777 2166 52285 2311 8341 6057 12296 1161 4455 264 1616 220 201 351 220 341 2350 527 281 258 548 258 978 652 413 10189 11119 10700 11638 459 3205
leaf_count=378777 2166 52285 2311 8341 6057 12296 1161 4455 264 1616 220 201 351 220 341 2350 527 281 258 548 258 978 652 413 10189 11119 10700 11638 459 3205
internal_value=0.00012694 0.0243883 0.0623217 0.0252878 0.082046 0.0943941 0.152676 0.190829 0.0540242 0.0435525 0.109337 0.519665 0.364117 0.0701247 0.637232 0.14908 0.244301 0.305574 0.436785 0.0156072 0.0781236 0.0563505 0.0595503 0.117387 0.00676258 0.0139265 0.0229954 0.0106406 0.0779315 0.187677
internal_weight=524637 145860 46265 21480 13139 24785 10131 8970 14654 14390 6112 421 2858 12774 692 6534 3158 2631 478 6605 5691 5433 3376 2724 99595 89406 78287 63923 14364 3664
internal_count=524637 145860 46265 21480 13139 24785 10131 8970 14654 14390 6112 421 2858 12774 692 6534 3158 2631 478 6605 5691 5433 3376 2724 99595 89406 78287 63923 14364 3664
is_linear=0
shrinkage=0.04


Tree=71
num_leaves=31
num_cat=0
split_feature=12 9 10 10 4 3 15 5 10 0 10 10 7 10 4 2 12 7 3 11 11 4 10 10 14 9 18 10 11 10
split_gain=70187.9 71777.3 37745.1 48771.2 48991.5 46625.5 41175.8 52301.2 52719.5 42409.6 40218.7 94146.3 44979.8 59020 74767.3 39511.3 38686.2 30097.3 29845.3 27725.6 28761 26575.1 48159 53796.6 80698.5 40078 35151.3 26435.4 26138.1 79413.7
threshold=4.80116891860962 74.125000000000014 -0.56456753611564625 -0.15207348018884656 80.924495697021499 31.773381233215336 0.93750000000000011 52.613756179809577 -0.30265928804874415 79.397483825683608 -0.80987083911895741 -0.85671821236610401 13.833090305328371 -0.82956761121749867 20.984331130981449 60.395702362060554 47.218696594238288 54.402153015136726 8.0379371643066424 -0.99966478347778309 -0.99628248810768116 5.0343461036682138 0.19020386785268786 0.088045001029968276 25.168112754821781 73.625000000000014 95.194675445556655 -0.11798679083585738 -0.92602273821830738 -0.35141934454441065
decision_type=2 2 2 2 2 2 2 2 2 2 2 2 2 2 2 2 2 2 2 2 2 2 2 2 2 2 2 2 2 2
left_child=-1 2 10 6 5 21 7 -4 9 17 11 15 -13 14 -14 -2 -10 -9 -8 -3 -21 -5 23 26 25 -25 -23 -7 29 -22
right_child=1 19 3 4 -6 27 18 8 16 -11 -12 12 13 -15 -16 -17 -18 -19 -20 20 28 22 -24 24 -26 -27 -28 -29 -30 -31
leaf_value=-0.0099673877071177301 0.0080800755375729765 0.14896670134272427 0.14687219330318774 0.023144602139102112 0.50817090695117328 -0.5567341620333407 0.35837481104999508 -0.17514158937881821 0.9892565640570955 0.64026664367525565 -0.044755131552490356 0.15161608098849719 1.1877638251956883 0.10358228254107248 0.23679862188896345 0.28230921218466254 0.27062018710402813 0.36069676926950128 -0.051243690787710607 -0.083899525414618453 0.25027350481405819 0.052221392308316857 -0.29012957741907147 1.1960022139063073 -0.12966088488662528 0.42051120315714086 0.58078591495101628 -0.090806184838172099 -0.0070548394193854979 0.017951586104784641
leaf_weight=355461 13174 2070 9347 7447 337 205 317 394 322 263 8537 1175 306 329 238 888 203 277 2185 5958 2528 1688 320 226 200 225 219 2164 75102 32532
leaf_count=355461 13174 2070 9347 7447 337 205 317 394 322 263 8537 1175 306 329 238 888 203 277 2185 5958 2528 1688 320 226 200 225 219 2164 75102 32532
internal_value=0.000125922 0.0213326 0.0609964 0.0942811 0.0392294 0.0263898 0.148117 0.181945 0.404105 0.219868 0.0254029 0.0625856 0.315276 0.531341 0.783501 0.0255857 0.721636 0.0481098 0.00187447 0.00421836 0.00162541 0.063122 0.166128 0.224112 0.535322 0.82663 0.115635 -0.133296 0.00625814 0.0347697
internal_weight=524637 169176 50986 26339 13031 12694 13308 10806 1459 934 24647 16110 2048 873 544 14062 525 671 2502 118190 116120 10325 2878 2558 651 451 1907 2369 110162 35060
internal_count=524637 169176 50986 26339 13031 12694 13308 10806 1459 934 24647 16110 2048 873 544 14062 525 671 2502 118190 116120 10325 2878 2558 651 451 1907 2369 110162 35060
is_linear=0
shrinkage=0.04


Tree=72
num_leaves=31
num_cat=0
split_feature=6 11 11 13 13 8 11 9 10 15 9 9 10 7 10 10 4 12 10 10 11 10 10 14 10 7 13 9 13 17
split_gain=65297.6 48786.3 60506.7 48724.5 43553.6 32119.5 39036.7 33613.5 33550.4 33132 33908.3 37063.7 45269.2 47445.4 34448.6 45888.3 86478.9 93868.5 35076.5 33013 32419.3 31799.2 31579.2 29033.1 35968.1 28901.8 28498.9 27904 36289.7 27827.9
threshold=44.586669921875007 0.078402601182460799 0.026874557137489322 3.8627563714981084 1.0000000180025095e-35 16.875000000000004 -0.91939276456832875 74.125000000000014 0.3393120169639588 0.93750000000000011 73.375000000000014 76.875000000000014 -0.74512827396392811 9.1405181884765643 -0.93235439062118519 -0.90529522299766529 10.437870979309084 7.6686720848083505 -0.91246706247329701 -0.2696967720985412 1.0000000180025095e-35 -0.55028682947158802 -0.99549928307533253 47.140737533569343 1.0000000180025095e-35 40.230964660644538 42.149236679077156 78.875000000000014 13.040946960449221 -11.77351665496826
decision_type=2 2 2 2 2 2 2 2 2 2 2 2 2 2 2 2 2 2 2 2 2 2 2 2 2 2 2 2 2 2
left_child=1 2 3 22 -4 6 7 8 19 10 25 12 13 -12 20 16 18 -18 27 -5 -13 -14 -1 -2 -25 -7 -21 -16 -29 -6
right_child=23 -3 4 5 29 9 -8 -9 -10 -11 11 14 21 -15 15 -17 17 -19 -20 26 -22 -23 -24 24 -26 -27 -28 28 -30 -31
leaf_value=-0.063823434267542584 0.18297045041607302 -0.028531196792654066 -0.026944957913211619 0.45221282961954873 0.58799145356536442 0.097756503230209527 0.020200411852353058 0.014354999488874266 0.62295220013274699 -0.060464492116811527 0.06592411731716824 -0.043482328188140185 -0.10567087997123789 -0.03912653665427232 0.014451749688247219 0.035439153188509827 1.1607010490653809 0.059435858166579043 -0.21254982772424849 0.17136835261864644 0.35112719442250084 -0.018178952732180453 -0.0070545418887672526 0.078170191960350521 -0.2622121852498055 -0.092732265210403494 -0.21446037867561329 0.14700239779772969 0.81908902551233764 0.1387373211644026
leaf_weight=16990 4206 89915 3052 602 219 11706 9444 1976 291 9746 20056 11624 7851 10459 630 62583 275 221 457 2884 333 43070 201727 4459 549 1422 334 346 200 7010
leaf_count=16990 4206 89915 3052 602 219 11706 9444 1976 291 9746 20056 11624 7851 10459 630 62583 275 221 457 2884 333 43070 201727 4459 549 1422 334 346 200 7010
internal_value=0.000125837 -0.00176192 0.0038953 0.00152067 0.0997066 0.015976 0.0711609 0.150064 0.2151 0.0112365 0.0153208 0.0101891 -0.00860215 0.029917 0.0301473 0.0416721 0.223871 0.680888 0.0817589 0.182486 -0.0322083 -0.0316866 -0.0114671 0.105612 0.0404077 0.0770682 0.130782 0.196957 0.403492 0.153141
internal_weight=524637 515423 425508 415227 10281 196510 15531 6087 4111 180979 171233 158105 81436 30515 76669 64712 2129 496 1633 3820 11957 50921 218717 9214 5008 13128 3218 1176 546 7229
internal_count=524637 515423 425508 415227 10281 196510 15531 6087 4111 180979 171233 158105 81436 30515 76669 64712 2129 496 1633 3820 11957 50921 218717 9214 5008 13128 3218 1176 546 7229
is_linear=0
shrinkage=0.04


Tree=73
num_leaves=31
num_cat=0
split_feature=9 11 8 9 8 9 11 10 7 13 12 7 0 8 3 2 10 9 8 18 3 4 14 10 10 11 10 10 17 8
split_gain=61075.1 44196 34065 35953.8 32545.1 37166.1 50205.5 59211.5 45884.9 34255.8 34005.8 29041.8 29036.5 44345.5 36024.9 34717.6 28587.8 27847.2 33354 29150.1 27553 29972 34343.8 33487.3 41806.2 50523.1 26512.6 29580.6 48129.4 25850.8
threshold=73.625000000000014 -0.14463099837303159 18.625000000000004 73.375000000000014 16.625000000000004 75.875000000000014 -0.21231865882873532 -0.96463498473167408 5.4366440773010263 0.1241675838828087 1.0000000180025095e-35 22.778499603271488 32.788558959960945 17.625000000000004 13.565610885620119 24.700831413269047 0.43442112207412725 73.875000000000014 16.375000000000004 57.257453918457038 3.9342352151870732 74.693923950195327 61.235145568847663 -0.56456753611564625 -0.25309335440397257 -0.98049351572990406 -0.92599865794181813 -0.9193688929080962 -7.4613108634948722 19.125000000000004
decision_type=2 2 2 2 2 2 2 2 2 2 2 2 2 2 2 2 2 2 2 2 2 2 2 2 2 2 2 2 2 2
left_child=1 2 12 29 17 11 7 8 10 -10 -7 -6 14 -14 15 -1 26 18 -2 -20 -15 22 23 -22 -25 -26 -9 28 -28 -4
right_child=4 -3 3 -5 5 6 -8 16 9 -11 -12 -13 13 20 -16 -17 -18 -19 19 -21 21 -23 -24 24 25 -27 27 -29 -30 -31
leaf_value=0.088221905339786008 0.067098135599939379 -0.022196764767420198 0.13494890490963266 -0.10014099300898234 -0.018636931381149895 0.015967174623026905 -0.024098080232318332 -0.042428998738752687 0.39999021858523748 -0.03883911159386351 0.3302005672337443 -0.1849877908807083 0.061973432811001948 -0.045381444980034498 -0.0019037810681035261 0.31482339829338757 -0.060984667555856228 0.014166261961582122 0.17064553795269669 0.57223316377231859 0.20848441189157982 -0.034709329813988908 0.077240895375545723 0.8476848349590419 0.5952919326611239 -0.11974370076375848 0.73161843390621217 0.015805822440574508 0.10077791551536931 0.014260087069271113
leaf_weight=6085 4131 12355 4096 3072 181456 737 78189 12663 317 2187 2186 1685 2839 359 6209 1310 8643 11016 965 412 611 321 491 518 485 228 211 170046 1598 9216
leaf_count=6085 4131 12355 4096 3072 181456 737 78189 12663 317 2187 2186 1685 2839 359 6209 1310 8643 11016 965 412 611 321 491 518 485 228 211 170046 1598 9216
internal_value=0.000123735 0.0430297 0.065515 0.022998 -0.00421728 -0.00619933 0.00305029 0.0137399 0.143924 0.0180856 0.251295 -0.0201775 0.101289 0.175749 0.0691523 0.128735 0.0100751 0.0509201 0.124269 0.29406 0.282395 0.326736 0.376404 0.455301 0.575139 0.368147 0.0134067 0.0175231 0.177976 0.0514685
internal_weight=524637 48195 35840 16384 476442 459918 276777 198588 5427 2504 2923 183141 19456 5852 13604 7395 193161 16524 5508 1377 3013 2654 2333 1842 1231 713 184518 171855 1809 13312
internal_count=524637 48195 35840 16384 476442 459918 276777 198588 5427 2504 2923 183141 19456 5852 13604 7395 193161 16524 5508 1377 3013 2654 2333 1842 1231 713 184518 171855 1809 13312
is_linear=0
shrinkage=0.04


Tree=74
num_leaves=31
num_cat=0
split_feature=6 11 8 0 10 10 10 4 15 10 10 3 16 17 13 10 10 12 7 10 7 14 13 6 7 9 1 4 3 2
split_gain=57441.6 39957.1 38369.5 42774.9 41183.5 38103.7 71415.8 98736.3 69108.3 49592 37991 99005.1 50893.3 46100.6 40609.7 35031.7 58284.6 33367.8 28887.4 27257.6 51100.1 72152.2 46622.3 27158.6 36651.6 46664.4 34673.3 26451.8 25076.7 25048.4
threshold=9.2180037498474139 0.16375125199556353 18.625000000000004 32.788558959960945 -0.01505099539645016 -0.52124115824699391 -0.47652685642242426 9.7790246009826678 1.0000000180025095e-35 -0.38341410458087916 -0.35141934454441065 12.893336772918703 11.813282012939455 -2.6514955759048457 17.429122924804691 0.32308141887187963 0.37146723270416265 24.801454544067386 13.354095935821535 -0.20285348594188687 24.724818229675297 52.626115798950202 27.442469596862797 54.844379425048835 16.414497375488285 78.375000000000014 36.765419006347663 0.11500039696693422 7.7725195884704599 11.319015026092531
decision_type=2 2 2 2 2 2 2 2 2 2 2 2 2 2 2 2 2 2 2 2 2 2 2 2 2 2 2 2 2 2
left_child=-1 2 3 15 5 17 7 -7 29 -8 11 12 13 -11 -13 -2 -17 27 -6 23 28 22 -22 24 25 -12 -27 -4 -21 -9
right_child=1 -3 4 -5 18 6 9 8 -10 10 19 14 -14 -15 -16 16 -18 -19 -20 20 21 -23 -24 -25 -26 26 -28 -29 -30 -31
leaf_value=-0.0073613308750498339 0.028082101887505199 -0.10200025625687968 0.0746686094560568 0.12881694508188229 -0.017105693862346158 0.064073102347545 -0.058095882527936009 0.58638008416114851 0.16966389037417895 0.67625494235934636 -0.045748199624917385 0.20343338318659815 0.92471508243894263 0.062202363586233503 -0.36841620653032148 0.62529837856501946 -0.16922019552672282 -0.068620150953308215 -0.15709967180716367 0.0042433539162371747 0.33546873599998023 -0.18302981060582962 1.1283880591365425 0.35146318784955638 -0.12110606757460705 0.12784724289562363 0.58188055842832809 -0.003146406816035566 0.1530114058924974 1.1277832726114989
leaf_weight=397556 27910 3922 9533 10602 7921 1904 6448 420 495 320 3178 362 296 486 418 386 230 8963 3350 3933 285 213 210 333 3088 1855 307 26119 3354 240
leaf_count=397556 27910 3922 9533 10602 7921 1904 6448 420 495 320 3178 362 296 486 418 386 230 8963 3350 3933 285 213 210 333 3088 1855 307 26119 3354 240
internal_value=0.000121886 0.0235309 0.0275364 0.06025 0.0122983 0.0233212 0.0597572 0.241905 0.531991 0.0374585 0.0705298 0.240473 0.482895 0.311295 -0.103804 0.0347301 0.330679 0.000327652 -0.0588175 0.0513102 0.104666 0.426731 0.687542 0.00255515 -0.0116308 0.0517843 0.194701 0.0176757 0.0728329 0.797148
internal_weight=524637 127081 123159 39128 84031 72760 28145 3059 1155 25086 18638 1882 1102 806 780 28526 616 44615 11271 16756 7995 708 495 8761 8428 5340 2162 35652 7287 660
internal_count=524637 127081 123159 39128 84031 72760 28145 3059 1155 25086 18638 1882 1102 806 780 28526 616 44615 11271 16756 7995 708 495 8761 8428 5340 2162 35652 7287 660
is_linear=0
shrinkage=0.04


Tree=75
num_leaves=31
num_cat=0
split_feature=12 9 11 11 11 4 13 10 10 7 10 17 12 10 10 10 7 10 4 2 8 2 10 3 3 17 10 7 8 6
split_gain=55088.8 57514.9 32557.7 50434.6 88617.6 67036.9 43623.2 51432.9 95358.7 41443.8 34786.1 47692.9 50544 42302.3 37165.6 85889.6 40914 54480.9 69355.6 35049.8 34470.9 34273.8 37914.2 33070.7 32217 34079 36866.1 28558.8 36923.4 33198.8
threshold=4.80116891860962 74.125000000000014 -0.92602273821830738 -0.96904978156089772 -0.96687281131744374 48.252965927124031 75.981067657470717 0.27383534610271459 0.3393120169639588 4.5781829357147226 -0.43054369091987604 -0.69535431265830983 53.479955673217781 -0.56456753611564625 -0.80987083911895741 -0.85671821236610401 13.833090305328371 -0.82956761121749867 20.984331130981449 60.395702362060554 16.125000000000004 7.4678256511688241 -0.31900864839553827 6.7014107704162607 15.624988079071047 -17.770718574523922 -0.47652685642242426 43.983234405517585 18.875000000000004 38.334739685058601
decision_type=2 2 2 2 2 2 2 2 2 2 2 2 2 2 2 2 2 2 2 2 2 2 2 2 2 2 2 2 2 2
left_child=-1 2 3 5 -5 -2 7 21 -9 -10 13 -12 -13 14 15 19 -17 18 -18 -4 -7 -6 23 -23 -15 26 -26 28 29 -24
right_child=1 -3 10 4 6 20 -8 8 9 -11 11 12 -14 24 -16 16 17 -19 -20 -21 -22 22 27 -25 25 -27 -28 -29 -30 -31
leaf_value=-0.008820367322580484 0.01297755347344968 0.0035894818712117922 0.0058502788387545706 0.85910254832670752 0.057534532405435608 -0.16311764050068128 -0.31230617244781989 -0.16099475257045601 0.16602964779095991 0.87222361065281762 -0.3712003964446533 -0.090870932842710223 0.44433379463542849 0.29365498920996796 -0.045509904852432045 0.14296148840416587 1.1366473473589631 0.094293610631628375 0.22116559933570604 0.26413121356539643 0.39088024335985483 0.54470757222504584 0.53076894717752487 0.079908939819904129 0.63721273742147588 0.0068701644658532577 -0.015786784718355797 0.16207917651994727 0.19145174054018521 1.1126227085350902
leaf_weight=355461 10733 118190 13174 287 1071 206 300 1464 340 215 767 1704 328 1671 8537 1175 306 329 238 888 1178 298 660 1220 308 2365 244 417 344 219
leaf_count=355461 10733 118190 13174 287 1071 206 300 1464 340 215 767 1704 328 1671 8537 1175 306 329 238 888 1178 298 660 1220 308 2365 244 417 344 219
internal_value=0.000121626 0.0189093 0.0544144 0.0959595 0.182766 0.046883 0.151857 0.174608 0.00840533 0.450196 0.0298132 -0.10466 -0.00272672 0.0427193 0.0219309 0.0576752 0.29903 0.505091 0.747346 0.0223365 0.307842 0.253749 0.319901 0.174122 0.154105 0.0734337 0.353423 0.452962 0.550024 0.686621
internal_weight=524637 169176 50986 18952 6835 12117 6548 6248 2019 555 32034 2799 2032 29235 24647 16110 2048 873 544 14062 1384 4229 3158 1518 4588 2917 552 1640 1223 879
internal_count=524637 169176 50986 18952 6835 12117 6548 6248 2019 555 32034 2799 2032 29235 24647 16110 2048 873 544 14062 1384 4229 3158 1518 4588 2917 552 1640 1223 879
is_linear=0
shrinkage=0.04


Tree=76
num_leaves=31
num_cat=0
split_feature=2 9 11 10 3 11 10 10 11 10 10 4 14 13 4 18 13 14 6 11 10 10 17 3 6 14 16 1 9 11
split_gain=51273.4 40828.1 36936.3 104879 105762 35277.7 43757.9 35045.8 53173.5 43472.2 47736.4 36828.2 44097.8 131301 34615.4 36443.9 33177.4 31936.5 36174.1 30879.3 43315.6 42768.5 30263.1 29116.6 30753 28718.4 24960.3 24889.6 23773.7 42559.1
threshold=0.7295038402080537 73.625000000000014 -0.51480397582054127 -0.82956761121749867 2.3287252187728886 -0.99983122944831837 -0.52124115824699391 -0.46133413910865778 -0.91939276456832875 0.3393120169639588 0.27383534610271459 0.14071644842624667 28.229918479919437 48.609493255615241 24.767127037048343 110.42088699340822 7.4610195159912118 42.708112716674812 49.102416992187507 -0.98212954401969899 0.22386012226343158 0.10516610741615297 -4.6055104732513419 13.793259620666506 22.194952964782718 14.391032695770265 -26.073459625244137 35.627712249755866 76.875000000000014 -0.37645272910594935
decision_type=2 2 2 2 2 2 2 2 2 2 2 2 2 2 2 2 2 2 2 2 2 2 2 2 2 2 2 2 2 2
left_child=-1 2 3 4 -2 -5 -7 23 9 10 11 12 19 -14 26 -16 -12 18 28 21 -21 -9 -6 -8 -25 -24 -13 -26 -3 -30
right_child=1 17 -4 5 22 6 7 8 -10 -11 16 14 13 -15 15 -17 -18 -19 -20 20 -22 -23 25 24 27 -27 -28 -29 29 -31
leaf_value=-0.011527494762710691 -0.2265174054892003 -0.004491228714969665 -0.0065654750312849905 -0.25135383798886429 0.34001445708987865 -0.0055364398013902404 0.70166369445267185 0.34134524327062127 -0.12110108655647889 0.51664997359025311 0.25481425013531139 -0.16012849689138473 1.2859580485640225 0.0025409364026848531 0.13786009350992942 0.4995039860379607 -0.31854422852294589 -0.15463243638245425 0.30793655271570936 0.61514977299228857 0.050667645749265119 -0.30673327246478183 0.58787136396752926 -0.1939876736036111 0.51588340043207681 1.2751347453356823 0.070765295511374809 0.056434270663910324 0.037641121179697479 -0.028351796834556631
leaf_weight=280865 227 116411 11092 540 204 7512 242 272 1609 424 206 893 231 271 2802 524 645 1931 633 422 442 376 223 221 466 221 4392 317 69890 20133
leaf_count=280865 227 116411 11092 540 204 7512 242 272 1609 424 206 893 231 271 2802 524 645 1931 633 422 442 376 223 221 466 221 4392 317 69890 20133
internal_value=0.000122145 0.0135443 0.05367 0.0818734 0.509162 0.0652644 0.0730521 0.113039 0.0941641 0.123347 0.108379 0.131495 0.285147 0.606699 0.0952686 0.196162 -0.178405 0.00686583 0.00837927 0.175103 0.330259 -0.0336469 0.766403 0.315305 0.216177 0.950507 0.0315227 0.332931 0.00744585 0.0228808
internal_weight=524637 243772 34774 23682 875 22807 22267 14755 13509 11900 11476 10625 2014 502 8611 3326 851 208998 207067 1512 864 648 648 1246 1004 444 5285 783 206434 90023
internal_count=524637 243772 34774 23682 875 22807 22267 14755 13509 11900 11476 10625 2014 502 8611 3326 851 208998 207067 1512 864 648 648 1246 1004 444 5285 783 206434 90023
is_linear=0
shrinkage=0.04


Tree=77
num_leaves=31
num_cat=0
split_feature=6 11 11 13 12 10 13 9 10 14 8 8 9 8 11 10 10 2 12 10 10 9 15 7 10 10 9 18 10 10
split_gain=48912.4 39500.8 57776.3 39890.6 39847.4 34831.7 34565.1 32519.2 46687.1 31011.5 36096.2 40756.9 29734.8 43531.1 48383.1 48861.7 52238.9 48054 41059.1 33923.7 51613.9 30910.6 34928.8 29297.4 34724.4 108416 27844.9 27785.8 27394.6 65857
threshold=49.102416992187507 0.078402601182460799 0.026874557137489322 1.0000000180025095e-35 3.442989826202393 -0.99372696876525868 52.602317810058601 78.125000000000014 0.10516610741615297 42.708112716674812 17.625000000000004 18.125000000000004 74.125000000000014 18.125000000000004 -0.92921787500381459 0.3393120169639588 -0.25309335440397257 21.030570983886722 76.606426239013686 -0.97312742471694935 -0.98370367288589466 73.375000000000014 0.93750000000000011 40.230964660644538 0.12225609645247461 0.07089784182608129 73.375000000000014 24.292235374450687 -0.52124115824699391 -0.30265928804874415
decision_type=2 2 2 2 2 2 2 2 2 2 2 2 2 2 2 2 2 2 2 2 2 2 2 2 2 2 2 2 2 2
left_child=1 2 4 -4 5 -1 12 -7 -9 -2 -11 26 13 14 15 16 17 -6 21 20 -16 22 23 24 25 28 -12 -23 -15 -30
right_child=9 -3 3 -5 6 7 -8 8 -10 10 11 -13 -14 18 19 -17 -18 -19 -20 -21 -22 27 -24 -25 -26 -27 -28 -29 29 -31
leaf_value=-0.058342593385348078 0.24067434167126958 -0.02543129241062235 -0.023856189259231227 0.14849177243450321 0.19612656639737377 -0.011891595910991535 -0.10880491302554171 0.052636294805711435 -0.03718996895838303 -0.088151689947758169 0.14758763125239896 0.064864963312056809 0.0090291791030680541 0.044715926547365274 0.072891704496301599 0.60225402078425239 0.095998275931986454 0.72084971826998923 0.47438525074883126 0.015220061233052929 0.52045195301445657 -0.009076648748078283 -0.23913266022336779 -0.12540934989611219 -0.095446924016213242 0.99705183725904778 0.68122798535311335 -0.15815885356638215 0.53257846160334044 0.057082552668273279
leaf_weight=20858 1912 89916 3052 7230 826 180076 3457 31507 13100 1875 319 2930 125749 4699 1637 377 6613 421 283 12177 543 6522 634 1125 1330 212 311 2876 698 1372
leaf_count=20858 1912 89916 3052 7230 826 180076 3457 31507 13100 1875 319 2930 125749 4699 1637 377 6613 421 283 12177 543 6522 634 1125 1330 212 311 2876 698 1372
internal_value=0.000121688 -0.00133482 0.00373536 0.0973604 0.00142507 -0.00890905 0.016216 -0.00431759 0.0262541 0.102534 0.0535845 0.128273 0.0187934 0.0477807 0.0856869 0.16291 0.141098 0.377604 0.00439686 0.0412995 0.186239 -0.00267525 0.0459947 0.0653851 0.0913313 0.127001 0.417548 -0.0548188 0.0983214 0.219208
internal_weight=524637 517290 427374 10282 417092 245541 171551 224683 44607 7347 5435 3560 168094 42345 22594 8237 7860 1247 19751 14357 2180 19468 10070 9436 8311 6981 630 9398 6769 2070
internal_count=524637 517290 427374 10282 417092 245541 171551 224683 44607 7347 5435 3560 168094 42345 22594 8237 7860 1247 19751 14357 2180 19468 10070 9436 8311 6981 630 9398 6769 2070
is_linear=0
shrinkage=0.04


Tree=78
num_leaves=31
num_cat=0
split_feature=6 11 11 12 13 10 15 9 10 14 8 17 9 8 9 8 9 11 10 10 13 2 14 10 10 5 7 9 10 10
split_gain=45573.1 36978.6 53358.3 38194.6 36947.1 32574.9 29405.6 27928.8 41061.8 27757.2 26912.3 26469 25753.9 25308.4 25118.6 33083.7 46947.2 32200 48584.7 52602.8 34287.9 33713.4 53427.1 30674 47161.1 28899.6 28501.2 24086.7 44720 43716.2
threshold=54.844379425048835 0.078402601182460799 0.026874557137489322 3.442989826202393 1.0000000180025095e-35 -0.99549928307533253 0.93750000000000011 78.125000000000014 0.10516610741615297 47.140737533569343 17.625000000000004 -11.77351665496826 73.125000000000014 16.125000000000004 74.125000000000014 18.125000000000004 73.375000000000014 -0.92921787500381459 0.3393120169639588 -0.25309335440397257 45.115659713745124 21.030570983886722 34.566368103027351 -0.97312742471694935 -0.98370367288589466 26.49107646942139 40.230964660644538 76.375000000000014 -0.76762619614601124 -0.59262362122535694
decision_type=2 2 2 2 2 2 2 2 2 2 2 2 2 2 2 2 2 2 2 2 2 2 2 2 2 2 2 2 2 2
left_child=1 2 3 5 -4 -1 14 -7 -9 13 -11 -6 -12 -2 15 17 26 18 19 21 -21 -5 -23 24 -19 -18 -17 28 -16 -29
right_child=9 -3 4 6 11 7 -8 8 -10 10 12 -13 -14 -15 27 16 25 23 -20 20 -22 22 -24 -25 -26 -27 -28 29 -30 -31
leaf_value=-0.059117290264744903 -0.13422164011001589 -0.024414153756908839 -0.022905058734687556 0.18664934618562701 0.56319558112150614 -0.011341967753265996 -0.046259811472573631 0.048370030109168682 -0.035730990862422519 -0.090819287167667795 -0.025062676321646861 0.12880042628120589 0.23088079045632726 0.32382832674674317 0.039502048376657703 0.095044844071878465 -0.027532883981332058 0.072330193476476345 0.57878634373038929 0.10011557079121269 -0.23813247902257825 0.94636722553644748 0.11852904699350658 0.018064009115129714 0.50001033171674547 -0.23144415543141927 -0.098569364836261539 -0.0097029135340791738 -0.041929791635906516 0.05270053223365255
leaf_weight=18818 220 89916 3052 824 223 181871 11347 31861 13101 1294 1027 7010 1606 1323 17146 8802 8335 1642 377 6376 509 292 218 12301 543 1274 1403 32114 29072 40740
leaf_count=18818 220 89916 3052 824 223 181871 11347 31861 13101 1294 1027 7010 1606 1323 17146 8802 8335 1642 377 6376 509 292 218 12301 543 1274 1403 32114 29072 40740
internal_value=0.000120398 -0.00109079 0.00379526 0.00158455 0.0937609 -0.00855983 0.0159625 -0.00436318 0.0238622 0.114868 0.0580861 0.142952 0.131333 0.258076 0.0203242 0.0465653 0.00864207 0.0791015 0.140394 0.119606 0.0748002 0.348581 0.601591 0.0426587 0.180408 -0.0547808 0.068356 0.0108677 -0.0117181 0.0251956
internal_weight=524637 519167 429251 418966 10285 245651 173315 226833 44962 5470 3927 7233 2633 1543 161968 42896 19814 23082 8596 8219 6885 1334 510 14486 2185 9609 10205 119072 46218 72854
internal_count=524637 519167 429251 418966 10285 245651 173315 226833 44962 5470 3927 7233 2633 1543 161968 42896 19814 23082 8596 8219 6885 1334 510 14486 2185 9609 10205 119072 46218 72854
is_linear=0
shrinkage=0.04


Tree=79
num_leaves=31
num_cat=0
split_feature=1 11 11 4 13 6 11 3 3 10 3 9 16 7 8 8 3 9 10 3 12 11 13 0 18 6 8 10 10 2
split_gain=42306 40168.9 56220.7 52590.5 45112 54282.8 35215.6 62859.8 33668.6 53347.8 46689.6 35340.2 48188.4 41387.5 74047.2 30911.4 31532.1 43067.7 38224.5 47388.4 74339.1 43096.1 35221.6 30264.4 30185.9 29724.2 27257.7 27229.6 106592 133995
threshold=0.73311108350753795 -0.91939276456832875 -0.97315269708633412 69.564117431640639 75.981067657470717 49.102416992187507 -0.95998492836952198 39.961452484130866 0.59090813994407665 -0.01505099539645016 31.089089393615726 73.625000000000014 -12.923053264617918 22.778499603271488 18.625000000000004 16.125000000000004 24.82936000823975 77.125000000000014 -0.35141934454441065 1.0076534748077395 12.461179733276369 -0.94978386163711537 14.450694084167482 60.352121353149421 52.312099456787116 74.795677185058608 20.125000000000004 -0.74512827396392811 -0.76762619614601124 27.465061187744144
decision_type=2 2 2 2 2 2 2 2 2 2 2 2 2 2 2 2 2 2 2 2 2 2 2 2 2 2 2 2 2 2
left_child=-1 2 3 8 5 15 7 -7 -2 -10 11 12 -11 14 -14 -4 17 -17 19 20 26 -20 -21 -8 -15 27 -19 28 -3 -30
right_child=1 25 4 -5 -6 6 23 -9 9 10 -12 -13 13 24 -16 16 -18 18 21 22 -22 -23 -24 -25 -26 -27 -28 -29 29 -31
leaf_value=-0.010467276226719932 -0.040632785660105669 0.003525561083431918 0.29462641059816663 0.29288041622281075 -0.33626290028017986 0.11212906319554114 -0.026402496048037256 1.0369070937595215 0.079882010616292201 -0.17022133462322153 -0.20307543679038709 -0.029285231982363959 0.82864660676990487 -0.29348965567594226 0.082428511482962666 0.037193669719968153 -0.059164212509162664 -0.032209613072422316 0.16030658575359638 0.26820163785610673 1.14964426349015 -0.021940564005427085 -0.17228000572769442 0.41830056090882961 0.26550509240657683 0.22487999336348258 0.48548924047533454 -0.023415777901915683 0.15486563936724781 1.0656769469951062
leaf_weight=280789 19581 95517 908 990 422 228 539 239 14901 526 2085 9821 414 265 432 20862 3251 255 6030 902 209 3160 418 437 343 926 434 56305 3176 272
leaf_count=280789 19581 95517 908 990 422 228 539 239 14901 526 2085 9821 414 265 432 20862 3251 255 6030 902 209 3160 418 437 343 926 434 56305 3176 272
internal_value=0.000117798 0.0123064 0.0339767 0.00575621 0.0703397 0.074958 0.314771 0.597226 -0.000179996 0.0273407 -0.0290581 0.00183316 0.155555 0.273766 0.453014 0.0653749 0.0594334 0.071396 0.133855 0.282611 0.505279 0.0976848 0.128469 0.174934 0.0210577 0.000144279 0.296168 -0.0012104 0.0114242 0.22959
internal_weight=524637 243848 87652 49358 38294 37872 1443 467 48368 28787 13886 11801 1980 1454 846 36429 35521 32270 11408 2218 898 9190 1320 976 608 156196 689 155270 98965 3448
internal_count=524637 243848 87652 49358 38294 37872 1443 467 48368 28787 13886 11801 1980 1454 846 36429 35521 32270 11408 2218 898 9190 1320 976 608 156196 689 155270 98965 3448
is_linear=0
shrinkage=0.04


Tree=80
num_leaves=31
num_cat=0
split_feature=9 11 8 9 9 4 8 7 18 7 7 10 10 10 0 8 8 9 8 17 3 7 11 17 14 11 6 8 18 1
split_gain=40456.4 32358.2 35142.3 27863.9 25304.4 32539.2 28544.8 28455.6 25176.2 46571.3 32424.1 29932.8 33214.8 69213.7 40259.7 23784.2 23720.5 23147.7 29431.7 24520.2 22838.4 22141.9 31280 21329.9 21081.4 22107.1 20893.5 21326.4 21181.3 20715.3
threshold=73.625000000000014 0.12972188368439677 18.625000000000004 73.375000000000014 79.625000000000014 3.6200001239776616 16.625000000000004 21.954888343811039 23.927551269531254 12.133809566497805 43.983234405517585 1.0000000180025095e-35 -0.50648479163646687 -0.44600489735603327 68.377178192138686 19.125000000000004 17.625000000000004 73.875000000000014 16.375000000000004 5.954989194869996 25.891427993774418 18.934668540954593 -0.91595870256423939 -3.8050773143768306 42.708112716674812 -0.22909598052501676 49.102416992187507 17.625000000000004 89.035415649414077 23.689949035644535
decision_type=2 2 2 2 2 2 2 2 2 2 2 2 2 2 2 2 2 2 2 2 2 2 2 2 2 2 2 2 2 2
left_child=1 2 8 15 6 -6 17 -8 9 23 26 12 20 -14 -15 -4 -16 18 21 -20 -12 22 -2 -1 25 -7 -10 -28 -29 -5
right_child=4 -3 3 29 5 24 7 -9 10 -11 11 -13 13 14 16 -17 -18 -19 19 -21 -22 -23 -24 -25 -26 -27 27 28 -30 -31
leaf_value=0.32329899400472639 0.47758596415532395 -0.042400973250894924 0.10693868949329055 -0.041680801684485645 -0.0019290219481705557 0.091401402239059668 -0.0075534517005805745 -0.10260742409580922 0.14197483522891019 -0.059898666285767788 0.19745017454948233 -0.27298615281586291 0.67878058852110168 -0.084575308777536704 0.041365447649674383 -0.0014480650950051009 0.51207937355010547 0.011361702945550984 0.16683521756162381 0.54850219900767005 -0.18549555264794015 -0.039807038986109253 0.076083632547071539 0.083966659911570374 -0.24671356806789951 -0.01007774862029372 0.13059403414694257 0.82428823448542698 0.29125596433601142 -0.27734155351628859
leaf_weight=677 366 7315 4672 2750 32385 15168 402499 5093 7533 4485 322 463 339 1122 312 10512 375 11016 1012 365 998 1950 1815 4613 336 4437 437 203 313 754
leaf_count=677 366 7315 4672 2750 32385 15168 402499 5093 7533 4485 322 463 339 1122 312 10512 375 11016 1012 365 998 1950 1815 4613 336 4437 437 203 313 754
internal_value=0.000117312 0.0350377 0.0489014 0.00847804 -0.00341576 0.022826 -0.00665384 -0.00874367 0.082923 0.0348533 0.120706 0.0256475 0.0661873 0.16294 0.0630737 0.0319501 0.301966 0.0448694 0.111743 0.271228 -0.0912978 0.0580544 0.145333 0.115148 0.06301 0.0684412 0.164659 0.340628 0.512641 -0.0930358
internal_weight=524637 48195 40880 18688 476442 52326 424116 407592 22192 9775 12417 3931 3468 2148 1809 15184 687 16524 5508 1377 1320 4131 2181 5290 19941 19605 8486 953 516 3504
internal_count=524637 48195 40880 18688 476442 52326 424116 407592 22192 9775 12417 3931 3468 2148 1809 15184 687 16524 5508 1377 1320 4131 2181 5290 19941 19605 8486 953 516 3504
is_linear=0
shrinkage=0.04


Tree=81
num_leaves=31
num_cat=0
split_feature=2 11 10 13 12 10 10 11 11 10 3 13 13 5 8 13 5 17 9 12 7 3 6 9 14 14 9 3 13 8
split_gain=38685.9 32143 97129.5 53529.7 46930 42165.2 37874.9 35065.1 77948.1 43192.2 50256.5 41867.7 40199.9 39159.8 36752.4 36457.3 35136 32901.3 31777.3 33081.4 31004 58252.5 52522.7 29853.8 45779.6 30809.1 29099.7 28978 27589.1 27495.5
threshold=0.7295038402080537 -0.48501108586788172 -0.81984052062034596 8.8224091529846209 0.86089035868644725 -0.84828248620033253 -0.89015004038810719 -0.92602273821830738 -0.93845868110656727 -0.01505099539645016 2.3287252187728886 75.981067657470717 35.527732849121101 52.613756179809577 16.625000000000004 52.602317810058601 94.673366546630874 19.46840858459473 73.375000000000014 68.763542175292983 4.5781829357147226 13.110765457153322 17.401948928833011 73.375000000000014 13.015376567840578 18.386251449584964 73.875000000000014 45.811620712280281 48.609493255615241 19.875000000000004
decision_type=2 2 2 2 2 2 2 2 2 2 2 2 2 2 2 2 2 2 2 2 2 2 2 2 2 2 2 2 2 2
left_child=-1 2 3 5 -5 -2 -3 8 9 10 -4 13 14 -12 -11 27 -9 23 19 -14 -10 22 29 24 -6 -26 -7 -15 -8 -22
right_child=1 6 7 4 17 26 28 16 20 12 11 -13 18 15 -16 -17 -18 -19 -20 -21 21 -23 -24 -25 25 -27 -28 -29 -30 -31
leaf_value=-0.010003965769593932 -0.078796480884844394 -0.0015001410043114685 -0.00099853289104495971 0.79411317441508034 -0.0024055944411690666 0.47178625383284145 -0.12314972426846994 -0.0094493451660496493 0.057394800834683658 0.17451329563114204 0.080635176711120679 -0.27752450530796269 -0.1536677947524614 0.28888542675703277 -0.011124811291835219 0.11812679613918439 0.31380508023324488 -0.22413084841582734 -0.25234435802118649 0.35395363362695642 0.11082695890458749 0.012334792552676766 0.65508073898008579 0.17464751564837649 0.95193093492871239 0.31999903038767352 0.094695693105827788 0.81031648923567245 0.29386498981848697 0.39729498352100373
leaf_weight=280865 2559 69271 18543 204 251 362 5862 72993 2910 1796 19468 479 524 478 30920 1007 532 285 1871 324 1228 1356 618 5109 263 253 2820 273 256 957
leaf_count=280865 2559 69271 18543 204 251 362 5862 72993 2910 1796 19468 479 524 478 30920 1007 532 285 1871 324 1228 1356 618 5109 263 253 2820 273 256 957
internal_value=0.000115157 0.011774 0.0214925 0.130597 0.210392 0.0419171 -0.00993247 0.0130328 0.0308911 0.0190162 0.0473647 0.0886637 -0.0131871 0.0970542 -0.000883683 0.277393 -0.00706804 0.189809 -0.160681 0.0421467 0.157822 0.227783 0.331596 0.210233 0.441968 0.654063 0.138939 0.486591 -0.105249 0.237534
internal_weight=524637 243772 168383 12106 6365 5741 75389 156277 82752 75683 40248 21705 35435 21226 32716 1758 73525 6161 2719 848 7069 4159 2803 5876 767 516 3182 751 6118 2185
internal_count=524637 243772 168383 12106 6365 5741 75389 156277 82752 75683 40248 21705 35435 21226 32716 1758 73525 6161 2719 848 7069 4159 2803 5876 767 516 3182 751 6118 2185
is_linear=0
shrinkage=0.04


Tree=82
num_leaves=31
num_cat=0
split_feature=6 11 9 8 9 3 8 12 9 4 14 8 13 7 8 6 8 9 18 8 6 3 7 13 11 17 10 3 11 14
split_gain=35797.9 31798.3 28400.8 31450.6 45453.7 31040.5 29441.4 30704.8 25985 31491.1 24626 24058.2 23427.7 27173.6 25759.6 23397.2 23300.5 23275.1 22831.8 22677.4 22534 24363.2 22134.4 21612.4 31082.9 37121.1 23710.4 20617.3 24212.9 20238
threshold=54.844379425048835 0.19758678972721103 73.625000000000014 18.375000000000004 73.375000000000014 24.300798416137699 19.125000000000004 76.606426239013686 79.625000000000014 3.6200001239776616 47.140737533569343 17.625000000000004 22.037446975708011 12.50445604324341 16.375000000000004 15.172783851623537 16.125000000000004 73.125000000000014 24.292235374450687 16.125000000000004 62.554058074951179 18.72990703582764 40.230964660644538 48.609493255615241 -0.92602273821830738 17.642620086669925 0.088045001029968276 54.057064056396491 -0.91595870256423939 42.708112716674812
decision_type=2 2 2 2 2 2 2 2 2 2 2 2 2 2 2 2 2 2 2 2 2 2 2 2 2 2 2 2 2 2
left_child=1 2 3 5 6 12 7 -5 16 -10 19 -12 13 15 -14 -1 27 -13 -6 -2 -19 -22 -8 24 25 26 -16 28 -4 -18
right_child=10 -3 8 4 18 -7 22 -9 9 -11 11 17 14 -15 23 -17 29 20 -20 -21 21 -23 -24 -25 -26 -27 -28 -29 -30 -31
leaf_value=0.11964639794402473 -0.13442494510567707 -0.026915981199619986 0.19739869680822886 0.085414065201554853 -0.044602887409591001 -0.0094294590867855417 0.0096685452467440737 0.55107738367550207 0.00058635454623938909 0.068210154090513245 -0.092408200274078769 -0.031001079444600163 -0.080707433807938628 0.002433859002689632 0.45973206648429937 0.48813489931384452 -0.0046688295460686029 -0.070523813755399345 -0.23332047693392571 0.29894969025277446 0.67233207506349002 0.20720575712465697 -0.21238358680800484 0.029798148046342697 0.18263319539692829 0.055754451648520192 1.0136063257382626 -0.19188901056648619 0.032622252949791618 -0.21463398488967314
leaf_weight=5109 220 65913 2131 5977 3107 4786 9345 226 26882 18661 1294 1027 393 4013 345 283 362345 349 1526 1323 213 1044 768 480 994 203 218 443 4293 726
leaf_count=5109 220 65913 2131 5977 3107 4786 9345 226 26882 18661 1294 1027 393 4013 345 283 362345 349 1526 1323 213 1044 768 480 994 203 218 443 4293 726
internal_value=0.000114614 -0.000958842 0.0028164 0.0360194 0.00330338 0.0767306 0.034708 0.10324 -0.000203003 0.0283037 0.101814 0.0483511 0.110965 0.0812836 0.216278 0.139854 -0.00371313 0.117616 -0.107131 0.236692 0.212257 0.290706 -0.00738765 0.26851 0.333077 0.523431 0.688145 0.0692276 0.0875045 -0.00509458
internal_weight=524637 519167 453254 37773 20949 16824 16316 6203 415481 45543 5470 3927 12038 9405 2633 5392 369938 2633 4633 1543 1606 1257 10113 2240 1760 766 563 6867 6424 363071
internal_count=524637 519167 453254 37773 20949 16824 16316 6203 415481 45543 5470 3927 12038 9405 2633 5392 369938 2633 4633 1543 1606 1257 10113 2240 1760 766 563 6867 6424 363071
is_linear=0
shrinkage=0.04


Tree=83
num_leaves=31
num_cat=0
split_feature=2 11 10 13 12 10 10 11 11 10 3 13 13 5 12 15 5 14 3 10 16 11 9 1 10 6 9 10 8 8
split_gain=34162.9 29142.4 89735.3 49247.1 43448.2 38830.5 34909 31874.7 71874.2 40095.1 45817.6 38910.9 37861.2 35587 34230.4 33686.6 31376.6 30637.5 32371.4 30600.6 30178.3 39186 61927.2 29060.6 29001.5 31788.5 28628.5 30673 28569.8 27098.6
threshold=0.7295038402080537 -0.48501108586788172 -0.81984052062034596 8.8224091529846209 0.86089035868644725 -0.84828248620033253 -0.89015004038810719 -0.92602273821830738 -0.93845868110656727 -0.01505099539645016 2.3287252187728886 75.981067657470717 35.527732849121101 52.613756179809577 1.4069101810455324 0.93750000000000011 94.673366546630874 19.853636741638187 31.773381233215336 -0.20285348594188687 7.8950798511505136 -0.93237864971160878 76.125000000000014 0.59783488512039196 0.07089784182608129 44.586669921875007 73.375000000000014 0.05372969992458821 16.875000000000004 18.125000000000004
decision_type=2 2 2 2 2 2 2 2 2 2 2 2 2 2 2 2 2 2 2 2 2 2 2 2 2 2 2 2 2 2
left_child=-1 2 3 5 -5 -2 -3 8 9 10 -4 13 14 -12 -11 -15 -9 -6 -19 -17 -10 22 -22 -16 28 -26 27 -14 -25 -18
right_child=1 6 7 4 17 -7 -8 16 20 12 11 -13 26 15 23 19 29 18 -20 -21 21 -23 -24 24 25 -27 -28 -29 -30 -31
leaf_value=-0.0093967823911559056 -0.075708294654516645 -0.0015044677845240551 -0.0010500305188706168 0.76336767794651406 0.21679753111402875 0.13323958259045537 -0.10110864148940131 -0.0092238524914592807 0.10932270034674108 -0.055542177828568323 0.076997882429795286 -0.26845516723357826 0.3813208174961869 0.40780102299115739 -0.053166300680943752 -0.12629815186849816 0.63337330371806666 -0.20262771442744346 0.34659475502507819 0.42986560131102031 0.18159125938661333 0.070513945530912864 0.8857050628927382 0.24343366398832744 0.074586769713521572 0.48255932814376373 -0.24335246830402316 -0.12788755955892428 -0.092294621563439996 0.056984820248695403
leaf_weight=280865 2559 69271 18543 204 5342 3182 6118 72993 5650 11849 19468 479 269 1047 5119 489 214 588 231 222 458 607 354 460 12026 304 1871 579 2958 318
leaf_count=280865 2559 69271 18543 204 5342 3182 6118 72993 5650 11849 19468 479 269 1047 5119 489 214 588 231 222 458 607 354 460 12026 304 1871 579 2958 318
internal_value=0.000112415 0.0110685 0.0203222 0.125192 0.201728 0.0401332 -0.00959993 0.012191 0.0292175 0.0178147 0.0451279 0.084561 -0.0132124 0.0926501 -0.00127212 0.264565 -0.00697358 0.181925 -0.0454066 0.0509099 0.151103 0.315527 0.495598 0.0295561 0.0564623 0.0850284 -0.156352 0.0362037 -0.0465334 0.296248
internal_weight=524637 243772 168383 12106 6365 5741 75389 156277 82752 75683 40248 21705 35435 21226 32716 1758 73525 6161 819 711 7069 1419 812 20867 15748 12330 2719 848 3418 532
internal_count=524637 243772 168383 12106 6365 5741 75389 156277 82752 75683 40248 21705 35435 21226 32716 1758 73525 6161 819 711 7069 1419 812 20867 15748 12330 2719 848 3418 532
is_linear=0
shrinkage=0.04


Tree=84
num_leaves=31
num_cat=0
split_feature=1 11 11 4 13 6 14 16 8 8 10 3 12 7 11 5 10 4 3 10 14 10 14 8 14 0 7 9 14 2
split_gain=31850.4 32041.9 48199.3 46842.6 39634.8 45638.1 32563.7 28351.2 26696.2 36778.6 61675.7 63178.6 47527.2 44363.6 39827.4 33532.4 26656.2 26494.2 24252.2 42589.7 45443.3 24219.2 38041.8 24200.6 24655.7 24372.6 24232.4 33533.4 37967.5 23600.9
threshold=0.73311108350753795 -0.91939276456832875 -0.97315269708633412 69.564117431640639 75.981067657470717 49.102416992187507 42.708112716674812 91.815696716308608 16.875000000000004 19.625000000000004 -0.35141934454441065 2.7026025056838994 15.939856529235842 20.637912750244144 -0.94978386163711537 19.359487533569339 -0.38341410458087916 1.1773365736007693 0.59090813994407665 -0.01505099539645016 34.566368103027351 -0.21966676414012906 12.054138183593752 16.625000000000004 13.898069858551027 57.113914489746101 13.354095935821535 73.625000000000014 9.7937221527099627 137.24701690673831
decision_type=2 2 2 2 2 2 2 2 2 2 2 2 2 2 2 2 2 2 2 2 2 2 2 2 2 2 2 2 2 2
left_child=-1 2 3 7 5 8 -7 18 -4 -10 11 12 -11 14 -12 16 -13 -18 -2 21 23 22 -20 24 -21 26 27 28 -25 -3
right_child=1 29 4 -5 -6 6 -8 -9 9 10 13 15 -14 -15 -16 -17 17 -19 19 20 -22 -23 -24 25 -26 -27 -28 -29 -30 -31
leaf_value=-0.0090733364772987019 -0.038386171190304165 -0.0011481559930812595 0.18460553194872714 0.2748914165443182 -0.31740131949936901 0.61051445110596436 0.17449696429600617 0.39608764316429174 0.0082532570664451636 0.32922169785321609 0.1212246123848247 -0.052280713470486448 0.93550498275642857 -0.23642381422026326 -0.029014641830237563 -0.22788792906865582 0.55419938853666528 0.12784380235142556 0.15135441950049178 0.5285462256171265 -0.25308167826624467 0.082242222511928281 -0.2865109875522725 0.72243336498453503 0.068183533894459136 0.29298636395136518 -0.15022441779942844 -0.024108315472032259 0.02411314163474167 0.24834788617670342
leaf_weight=280789 19531 155597 2521 990 422 364 1079 275 16971 1346 8368 539 241 791 4253 417 379 603 547 235 1324 13526 731 200 791 365 2298 8237 308 599
leaf_count=280789 19531 155597 2521 990 422 364 1079 275 16971 1346 8368 539 241 791 4253 417 379 603 547 235 1324 13526 731 200 791 365 2298 8237 308 599
internal_value=0.000111064 0.0106868 0.0300412 0.00391165 0.0637103 0.0680396 0.287928 -0.00169046 0.0592529 0.0498815 0.0915639 0.24022 0.426573 0.0523435 0.0706144 0.0862123 0.173253 0.296322 -0.00404686 0.0194399 -0.0312168 0.0665067 -0.0993791 -0.00740771 0.177711 -0.0241978 -0.0349371 -0.00450512 0.307681 -0.00017552
internal_weight=524637 243848 87652 49358 38294 37872 1443 48368 36429 33908 16937 3525 1587 13412 12621 1938 1521 982 48093 28562 13758 14804 1278 12434 1026 11408 11043 8745 508 156196
internal_count=524637 243848 87652 49358 38294 37872 1443 48368 36429 33908 16937 3525 1587 13412 12621 1938 1521 982 48093 28562 13758 14804 1278 12434 1026 11408 11043 8745 508 156196
is_linear=0
shrinkage=0.04


Tree=85
num_leaves=31
num_cat=0
split_feature=9 11 8 3 2 11 9 14 6 10 9 4 7 14 8 11 11 8 10 13 11 10 7 17 1 3 13 10 11 8
split_gain=30860.1 26288.3 29096.9 23868.1 40658.5 24108.9 23271.9 23035.8 26374.9 23013.3 22519.8 31905 21158.7 21287.5 19897.6 22963.4 22361.3 19838.8 19648.7 28293 30049.3 44992.1 44591.9 22932.6 43578.1 27090.9 30353.4 21060.7 20151.4 18823.3
threshold=73.625000000000014 0.12972188368439677 18.625000000000004 24.300798416137699 33.379358291625984 -0.95752304792404164 73.375000000000014 42.708112716674812 49.102416992187507 -0.35141934454441065 79.625000000000014 3.6200001239776616 43.983234405517585 29.454915046691898 16.125000000000004 -0.91595870256423939 -0.95752304792404164 19.125000000000004 -0.60639065504074086 7.6966426372528085 -0.98932650685310353 -0.20285348594188687 8.8220624923706072 -5.2898738384246817 5.5264205932617196 6.2563734054565439 19.913098335266117 -0.53584328293800343 -0.96904978156089772 17.375000000000004
decision_type=2 2 2 2 2 2 2 2 2 2 2 2 2 2 2 2 2 2 2 2 2 2 2 2 2 2 2 2 2 2
left_child=1 2 3 4 -1 12 17 8 10 -9 14 -12 13 -6 15 16 -2 -4 -13 27 22 23 -21 24 -22 26 -25 -20 -29 -7
right_child=7 -3 6 -5 5 29 -8 9 -10 -11 11 18 -14 -15 -16 -17 -18 -19 19 20 21 -23 -24 25 -26 -27 -28 28 -30 -31
leaf_value=0.071770301030416914 0.085906415252583579 -0.039189177731165835 0.096262064071969689 0.017154543898995647 -0.00016753051421221566 0.16559861403120116 -0.08644849331085834 -0.027411616774043069 0.25047308537323304 -0.30483290757345172 -0.0023274399679729459 0.029683115379026584 -0.2044023879601822 0.41506008669536371 -0.0069859918968163195 0.014469272930178495 0.37063381408780816 -0.00272648794679111 0.24786720266210593 0.34410967777232421 -0.037684516147117722 0.68603962988676304 -0.26060446243654517 0.079663004997375095 0.68715214331498309 0.011451568715829519 0.49554262583486763 0.073569102312841542 -0.13359919553087496 0.44266332957036691
leaf_weight=11740 1533 7315 4672 7706 415 659 3504 1198 649 789 32218 11742 276 367 414461 5425 615 10512 588 302 210 313 511 597 346 1332 528 1821 1264 1029
leaf_count=11740 1533 7315 4672 7706 415 659 3504 1198 649 789 32218 11742 276 367 414461 5425 615 10512 588 302 210 313 511 597 346 1332 528 1821 1264 1029
internal_value=0.000109831 0.0306088 0.0431048 0.074062 0.104302 0.24262 0.00632318 -0.0029759 -0.00240523 -0.138545 -0.00275689 0.0221388 0.091711 0.197483 -0.00581136 0.0583991 0.168767 0.0277748 0.062431 0.111552 0.183138 0.236286 -0.0345233 0.18745 0.417554 0.133898 0.277495 0.0306066 -0.0114702 0.336109
internal_weight=524637 48195 40880 22192 14486 2746 18688 476442 474455 1987 473806 51772 1058 782 422034 7573 2148 15184 19554 7812 4139 3326 813 3013 556 2457 1125 3673 3085 1688
internal_count=524637 48195 40880 22192 14486 2746 18688 476442 474455 1987 473806 51772 1058 782 422034 7573 2148 15184 19554 7812 4139 3326 813 3013 556 2457 1125 3673 3085 1688
is_linear=0
shrinkage=0.04


Tree=86
num_leaves=31
num_cat=0
split_feature=11 11 9 13 9 8 7 10 10 17 8 16 10 7 9 9 3 2 11 0 8 14 4 10 3 13 10 11 10 10
split_gain=29493.2 49779.3 36500 33791.9 25453.2 28672.9 33166.3 26399.9 25743 25181.7 24979.9 24915.1 24823.3 25285.4 24635.2 22839.3 22186.6 47922.7 25103.5 23030.6 28139.1 25276.4 32443.2 27216.5 20938.5 20677.9 39536.1 20450.6 37423.3 64337.3
threshold=0.078402601182460799 0.026874557137489322 73.625000000000014 0.035163216292858131 78.625000000000014 16.625000000000004 22.778499603271488 0.3393120169639588 -0.98930078744888295 -11.77351665496826 18.625000000000004 10.313022136688234 -0.36747109889984125 27.04564189910889 74.125000000000014 73.375000000000014 13.565610885620119 31.712944030761722 -0.98049351572990406 32.788558959960945 17.625000000000004 61.235145568847663 69.564117431640639 -0.85671821236610401 56.694669723510749 45.115659713745124 -0.89015004038810719 -0.09339838474988936 -0.9599599540233611 -0.9769422411918639
decision_type=2 2 2 2 2 2 2 2 2 2 2 2 2 2 2 2 2 2 2 2 2 2 2 2 2 2 2 2 2 2
left_child=1 2 10 -3 5 14 27 8 -6 -5 16 25 -13 -14 -4 -12 17 -1 -19 -18 24 22 23 -22 -21 -10 -27 28 29 -7
right_child=-2 3 4 9 7 6 -8 -9 11 -11 15 12 13 -15 -16 -17 19 18 -20 20 21 -23 -24 -25 -26 26 -28 -29 -30 -31
leaf_value=0.070235938432859538 -0.02074407699615128 -0.010863426440014151 0.089143596149672502 0.55042398034131279 -0.051606765430166915 -0.0070166650193427263 -0.14662492134135463 -0.057040317305116994 0.049824974173546012 0.12802025963601404 0.026055264137719362 -0.072639047570282722 0.028493074971004295 0.46795818041129544 -0.025975461089362148 -0.089804480154876354 -0.01764776226735076 0.044220827451660408 0.38216283672073192 0.089815048969600686 -0.052784520031086038 -0.035071578438027835 -0.14677883475988243 0.43639394792773717 -0.17809097988831923 0.27283049471131188 -0.23298687724956119 -0.050932931534213632 -0.0099596821607425747 0.12319241865602935
leaf_weight=8527 89916 3444 8912 225 6120 16731 2769 6596 50820 6618 14482 6260 4426 210 4456 3342 6662 477 1360 1324 214 527 233 1134 708 318 1002 16573 250732 9519
leaf_count=8527 89916 3444 8912 225 6120 16731 2769 6596 50820 6618 14482 6260 4426 210 4456 3342 6662 477 1360 1324 214 527 233 1134 708 318 1002 16573 250732 9519
internal_value=0.00010809 0.00442145 0.00231313 0.0913223 -0.00141803 -0.00650185 -0.00908761 0.0193639 0.0266585 0.142692 0.0391892 0.034264 -0.0207318 0.0493642 0.0507798 0.00429339 0.0685593 0.110343 0.295126 0.0284044 0.102375 0.204396 0.283937 0.358918 -0.00394518 0.0457586 -0.109996 -0.00778532 -0.00520187 0.0402298
internal_weight=524637 434721 424434 10287 385444 309692 296324 75752 69156 6843 38990 63036 10896 4636 13368 17824 21166 10364 1837 10802 4140 2108 1581 1348 2032 52140 1320 293555 276982 26250
internal_count=524637 434721 424434 10287 385444 309692 296324 75752 69156 6843 38990 63036 10896 4636 13368 17824 21166 10364 1837 10802 4140 2108 1581 1348 2032 52140 1320 293555 276982 26250
is_linear=0
shrinkage=0.04


Tree=87
num_leaves=31
num_cat=0
split_feature=6 11 7 9 8 9 8 18 7 9 10 8 10 4 14 12 12 10 17 18 10 2 13 9 7 12 3 11 10 10
split_gain=28171.6 25230.8 23040.3 25546.4 26773.1 40390.5 25803.7 25313.9 22514.1 22444.4 30290.5 37611.5 27593.1 33280.8 24486.7 23373.6 26802.3 26881 21778.7 21393.4 20910.5 22151.2 32113.7 22899.3 20505.5 25980.5 20461.1 20406.7 42778 36235.4
threshold=54.844379425048835 0.19758678972721103 64.519947052001967 73.625000000000014 18.375000000000004 73.375000000000014 19.125000000000004 102.4330520629883 40.230964660644538 76.125000000000014 -0.74512827396392811 16.625000000000004 -0.7785360813140868 1.0000000180025095e-35 0.048606388270854957 3.100850105285645 0.024301921948790554 -0.76762619614601124 24.438091278076175 24.292235374450687 -0.01505099539645016 68.288406372070327 52.602317810058601 73.125000000000014 11.759320735931398 5.3647177219390878 24.300798416137699 -0.90892156958580006 -0.083760455250740037 -0.47652685642242426
decision_type=2 2 2 2 2 2 2 2 2 2 2 2 2 2 2 2 2 2 2 2 2 2 2 2 2 2 2 2 2 2
left_child=1 2 3 4 26 6 7 -6 -2 10 12 -12 24 15 -11 16 -14 -18 27 -7 21 -10 -23 -24 25 -5 -1 28 -16 -29
right_child=8 -3 -4 9 5 19 -8 -9 20 14 11 -13 13 -15 18 -17 17 -19 -20 -21 -22 22 23 -25 -26 -27 -28 29 -30 -31
leaf_value=0.099752663138808997 0.27042890085302523 -0.023969069656202189 -0.28104906351590225 -0.0042890875306783064 0.079189829273091969 -0.03925872417610074 -0.0053052370685953629 0.43727265881015848 -0.014069378078100698 -0.042966522549101251 0.06092607070182849 -0.029343925751367031 0.066389479783601754 0.022703355544085788 0.064682877998619506 -0.021176462892156384 0.16343042307598576 0.64431720926961367 -0.12058560407551844 -0.22192335717729295 -0.17908384812971867 0.42709743539517897 -0.19891480041100928 0.16213823569413019 -0.059034414966961136 0.052872612252144763 0.00043071503278020485 0.010009155581236528 0.0048682349920316174 -0.065144727251415319
leaf_weight=12013 914 65913 448 49105 5766 3106 10046 325 1903 13804 7924 106866 398 2756 32258 380 304 507 1953 1526 535 572 358 1188 7545 17160 4584 116239 46992 11249
leaf_count=12013 914 65913 448 49105 5766 3106 10046 325 1903 13804 7924 106866 398 2756 32258 380 304 507 1953 1526 535 572 358 1188 7545 17160 4584 116239 46992 11249
internal_value=0.00010495 -0.000847324 0.00251554 0.00280229 0.0344777 0.00420294 0.0340953 0.0989816 0.0903235 -4.74555e-05 -0.0100311 -0.0231078 0.00917564 0.107016 0.00861034 0.252193 0.337585 0.468245 0.0120238 -0.0997855 0.0536785 0.0850154 0.17369 0.0777898 0.00340232 0.0105193 0.0723373 0.0132823 0.0292203 0.00337331
internal_weight=524637 519167 453254 452806 37366 20769 16137 6091 5470 415440 192945 114790 78155 4345 222495 1589 1209 811 208691 4632 4556 4021 2118 1546 73810 66265 16597 206738 79250 127488
internal_count=524637 519167 453254 452806 37366 20769 16137 6091 5470 415440 192945 114790 78155 4345 222495 1589 1209 811 208691 4632 4556 4021 2118 1546 73810 66265 16597 206738 79250 127488
is_linear=0
shrinkage=0.04


Tree=88
num_leaves=31
num_cat=0
split_feature=6 11 7 9 8 9 8 18 7 9 4 3 2 18 15 15 6 3 1 13 8 3 11 14 16 4 11 17 9 11
split_gain=25982.9 23342.5 21242.4 23493.2 24528.5 36070.5 24263.9 23496.4 20768.9 20483.4 25033.4 20385.7 25335.3 19791.6 19731.4 19339.6 19239.5 28998.8 17296.3 21124 17033.7 17642.6 19493.8 17518.3 16682 21246.1 18449.1 15649.8 15547.6 15142.8
threshold=54.844379425048835 0.23118848353624347 64.519947052001967 73.625000000000014 18.375000000000004 73.375000000000014 19.125000000000004 102.4330520629883 40.230964660644538 79.625000000000014 3.6200001239776616 13.565610885620119 31.712944030761722 24.292235374450687 0.68750000000000011 0.68750000000000011 74.795677185058608 36.402317047119148 38.93879699707032 37.509904861450202 16.125000000000004 54.057064056396491 -0.79512035846710194 42.708112716674812 5.0610251426696786 9.6106991767883319 -0.96466007828712452 24.438091278076175 73.125000000000014 -0.99938741326332081
decision_type=2 2 2 2 2 2 2 2 2 2 2 2 2 2 2 2 2 2 2 2 2 2 2 2 2 2 2 2 2 2
left_child=1 2 3 4 11 6 7 -6 -2 20 15 12 -1 -7 -10 -11 -16 -18 19 29 21 22 -5 27 -13 26 -26 -22 -19 -8
right_child=8 -3 -4 9 5 13 18 -9 14 10 -12 24 -14 -15 16 -17 17 28 -20 -21 23 -23 -24 -25 25 -27 -28 -29 -30 -31
leaf_value=0.079426874116936996 0.25972881041281731 -0.024485260052889771 -0.2700525607760817 0.14811343707404132 0.075498944298245677 -0.036306193306639013 -0.32503927838434671 0.42030386859445429 0.17031235755858981 0.01092630386168119 0.060506365652358403 -0.024552127809007375 0.26141474846152801 -0.21106771551670572 -0.099706270464852254 -0.10815357518938047 0.40176742279857636 -0.2952025963888209 -0.15334684191261808 0.25987474589708909 -0.0035302550297493934 -0.18446160998594546 0.0097484339291133548 -0.19943866917134628 0.53101541657964668 0.022175331693307782 0.12608060070213217 -0.12503412353761242 0.073382715871394444 0.0060643194144307903
leaf_weight=8109 914 59055 448 3081 5874 3169 217 325 1492 25086 18761 4872 1436 1535 1641 2380 367 224 1124 510 366054 438 3448 726 276 1682 510 1694 832 8357
leaf_count=8109 914 59055 448 3081 5874 3169 217 325 1492 25086 18761 4872 1436 1535 1641 2380 367 224 1124 510 366054 438 3448 726 276 1682 510 1694 832 8357
internal_value=0.000101713 -0.00081282 0.00222598 0.00249722 0.032618 0.00386896 0.0318714 0.0942241 0.0867447 -0.00021763 0.024904 0.0685387 0.107051 -0.0936608 0.0515487 0.000572117 -0.00664863 0.100612 -0.00604856 0.0123258 -0.00331136 0.0586054 0.0751688 -0.00448363 0.0183795 0.102887 0.273156 -0.00409334 -0.00683786 -0.0026845
internal_weight=524637 519167 460112 459664 37996 21111 16407 6199 5470 421668 46227 16885 9545 4704 4556 27466 3064 1423 10208 9084 375441 6967 6529 368474 7340 2468 786 367748 1056 8574
internal_count=524637 519167 460112 459664 37996 21111 16407 6199 5470 421668 46227 16885 9545 4704 4556 27466 3064 1423 10208 9084 375441 6967 6529 368474 7340 2468 786 367748 1056 8574
is_linear=0
shrinkage=0.04


Tree=89
num_leaves=31
num_cat=0
split_feature=2 11 10 13 12 10 10 17 10 10 4 12 10 10 13 11 8 14 17 3 9 9 14 14 4 9 10 13 10 4
split_gain=24916.2 25039.1 83172 44469.2 40373.8 35585.3 32227.6 30215.9 28008.5 63125.8 46823 43674.9 34029.9 125620 71570.1 33450 51633.3 66150.5 32245.9 32226.5 26363.4 25876.6 42568 27807.4 25685.5 25331.4 39163.9 25304.8 41231.4 30361.9
threshold=0.7295038402080537 -0.48501108586788172 -0.81984052062034596 8.8224091529846209 0.86089035868644725 -0.84828248620033253 -0.89015004038810719 19.46840858459473 -0.59262362122535694 -0.64659911394119252 0.14904007315635684 2.2683613300323491 -0.76762619614601124 -0.75648915767669667 14.198666572570803 -0.81550848484039296 19.625000000000004 13.231621742248537 4.4975888729095468 135.4094161987305 73.875000000000014 73.375000000000014 13.015376567840578 18.386251449584964 1.0000000180025095e-35 77.375000000000014 -0.67245468497276295 48.609493255615241 0.1393099054694176 14.998272418975832
decision_type=2 2 2 2 2 2 2 2 2 2 2 2 2 2 2 2 2 2 2 2 2 2 2 2 2 2 2 2 2 2
left_child=-1 2 3 5 -5 -2 -3 21 9 10 12 -10 -4 14 -14 19 18 -18 -17 27 -7 22 -6 -24 -23 -15 -27 29 -29 -13
right_child=1 6 8 4 7 20 -8 -9 11 -11 -12 15 13 25 -16 16 17 -19 -20 -21 -22 24 23 -25 -26 26 -28 28 -30 -31
leaf_value=-0.0080226657190220832 -0.072727944472120942 -0.0019247876765133216 -0.015678825320890082 0.73308771067272849 -0.019877830492582359 0.44407763391823296 -0.097627259525644258 -0.22390039972127493 -0.013541747890886054 -0.11832276950365853 -0.022728611834868656 0.025097227584618464 0.34724818159817955 -0.00016938790843237854 1.2963128546031391 -0.10427034539873749 0.1691409074370169 1.0834919458156409 0.4664789920108659 0.33691011537047005 0.085207871686612077 0.2914745395800965 0.89528683525302033 0.29559952186314326 0.098030610335789595 0.10553123327035917 0.58667589304380796 -0.0095071240503229112 -0.33803013107241242 0.090766563355527033
leaf_weight=280865 2559 69271 2826 204 251 362 6118 285 41521 8168 21132 55813 333 2394 207 635 319 205 200 547 2820 1601 263 253 3508 1377 329 5485 678 14108
leaf_count=280865 2559 69271 2826 204 251 362 6118 285 41521 8168 21132 55813 333 2394 207 635 319 205 200 547 2820 1601 263 253 3508 1377 329 5485 678 14108
internal_value=9.82967e-05 0.00945491 0.0180325 0.118994 0.191723 0.0381668 -0.00970319 0.172639 0.0102044 -0.0203226 0.00769926 0.0195966 0.0937384 0.16027 0.728011 0.0372385 0.233239 0.540446 0.0363387 0.0337326 0.127298 0.19222 0.407938 0.612464 0.159101 0.0839046 0.201198 0.0315089 -0.0461374 0.0383585
internal_weight=524637 243772 168383 12106 6365 5741 75389 6161 156277 36766 28598 119511 7466 4640 540 77990 1359 524 835 76631 3182 5876 767 516 5109 4100 1706 76084 6163 69921
internal_count=524637 243772 168383 12106 6365 5741 75389 6161 156277 36766 28598 119511 7466 4640 540 77990 1359 524 835 76631 3182 5876 767 516 5109 4100 1706 76084 6163 69921
is_linear=0
shrinkage=0.04


Tree=90
num_leaves=31
num_cat=0
split_feature=6 11 15 1 10 10 10 13 0 13 10 10 12 10 11 13 14 9 4 13 10 13 3 10 8 2 10 10 9 8
split_gain=23702 25903.5 23654.9 24544.6 23799.7 42532.7 26668.3 42239.3 40839 38747.3 33374.2 24774.1 29173.4 20644.9 20390.5 20791.2 20023.8 21748.2 24951.9 30189.3 31799.6 29829.5 30103.4 32306.2 23766.2 28795.8 41405.8 25287.8 20590.9 30837
threshold=44.586669921875007 -0.09339838474988936 0.81250000000000011 5.8173117637634286 -0.89015004038810719 -0.92599865794181813 -0.38341410458087916 52.602317810058601 37.863416671752937 37.509904861450202 -0.43054369091987604 -0.56456753611564625 26.89951324462891 -0.13505011796951291 0.23118848353624347 52.602317810058601 0.018652616068720821 79.625000000000014 12.553548336029055 11.656563758850099 -0.9193688929080962 0.58001363277435314 0.97980427742004406 -0.81984052062034596 20.875000000000004 3.1636410951614384 -0.46133413910865778 -0.7785360813140868 74.125000000000014 17.125000000000004
decision_type=2 2 2 2 2 2 2 2 2 2 2 2 2 2 2 2 2 2 2 2 2 2 2 2 2 2 2 2 2 2
left_child=14 2 3 -2 5 -5 10 8 -8 -10 11 -6 -13 -9 15 16 -1 28 -19 21 -21 22 -20 -24 25 26 -22 -27 29 -18
right_child=1 -3 -4 4 6 -7 7 13 9 -11 -12 12 -14 -15 -16 -17 17 18 19 20 24 -23 23 -25 -26 27 -28 -29 -30 -31
leaf_value=-0.036399177384113669 -0.18114316694604951 -0.36951271468152608 0.0083158976739822893 0.1004102929699993 -0.055201828881155088 0.8136343333225291 0.18173896343637538 0.17315962209142455 0.27953952130416165 0.99560394942760466 -0.37454197421073915 0.52055747648941242 -0.055263590466215783 -0.32380537372336166 -0.023152815131759503 -0.1024864950087222 0.066649027275878958 0.014755902915213115 0.012887408259375528 -0.07961233498333925 0.19209665152844996 -0.0014014479009692316 0.69181730118614648 0.076701983129716975 0.033460304714269466 0.58278994323252753 0.96807988443379778 0.15682090128195378 -0.0029275359417460811 0.0055844425543773654
leaf_weight=20196 348 206 4451 313 780 228 1013 248 266 230 290 339 233 269 59055 3027 17693 33000 540 588 221 5403 314 241 656 261 222 1346 320265 52395
leaf_count=20196 348 206 4451 313 780 228 1013 248 266 230 290 339 233 269 59055 3027 17693 33000 540 588 221 5403 314 241 656 261 222 1346 320265 52395
internal_value=9.91713e-05 0.0636529 0.0739576 0.137914 0.16466 0.410304 0.127413 0.224141 0.330492 0.624699 0.00742946 0.0915096 0.289082 -0.0866537 -0.00103817 0.00182396 0.0025227 0.00433828 0.0314057 0.0874448 0.185905 0.0373238 0.226687 0.430798 0.243681 0.310463 0.59375 0.229181 0.00137032 0.0210069
internal_weight=524637 9214 9008 4557 4209 541 3668 2026 1509 496 1642 1352 572 517 515423 456368 453341 433145 42792 9792 3294 6498 1095 555 2706 2050 443 1607 390353 70088
internal_count=524637 9214 9008 4557 4209 541 3668 2026 1509 496 1642 1352 572 517 515423 456368 453341 433145 42792 9792 3294 6498 1095 555 2706 2050 443 1607 390353 70088
is_linear=0
shrinkage=0.04


Tree=91
num_leaves=31
num_cat=0
split_feature=6 10 7 6 3 9 2 11 11 13 10 10 7 10 9 10 10 13 10 9 4 12 11 10 8 13 12 7 9 10
split_gain=22290.8 20664.5 22968.4 25405.9 46052.5 21184.4 20075.5 19542.8 47237.8 30387.1 25317.7 54420.6 50643.9 48998.9 73759.9 30449.7 89685 59685.8 50249.6 36518.7 65031.6 31993.4 27603 46014.3 85838.5 53495.8 59245.1 33886 29810 50322.6
threshold=54.844379425048835 0.036545658484101302 40.230964660644538 74.795677185058608 32.619159698486335 73.125000000000014 44.420227050781257 0.078402601182460799 0.026874557137489322 1.0000000180025095e-35 -0.98930078744888295 -0.96463498473167408 8.4144577980041522 -0.9769422411918639 73.625000000000014 -0.87395131587982167 -0.81984052062034596 9.6759161949157733 -0.84828248620033253 73.875000000000014 13.471609592437746 0.94067907333374035 -0.92602273821830738 -0.35141934454441065 19.625000000000004 14.965941429138185 15.637803077697756 18.934668540954593 74.125000000000014 -0.28622037172317499
decision_type=2 2 2 2 2 2 2 2 2 2 2 2 2 2 2 2 2 2 2 2 2 2 2 2 2 2 2 2 2 2
left_child=7 2 -2 -4 -5 -6 -3 8 10 -10 -1 12 13 14 -12 -13 17 18 -17 20 -20 -19 23 24 -18 26 -26 -27 29 -25
right_child=1 6 3 4 5 -7 -8 -9 9 -11 11 15 -14 -15 -16 16 22 21 19 -21 -22 -23 -24 28 25 27 -28 -29 -30 -31
leaf_value=-0.032282741338263019 0.3149606860531991 0.18212073776333831 -0.011749670948839337 0.58881599008955143 -0.23376737579215656 0.15941191297659016 -0.29372306825136241 -0.017704049488813683 -0.018357881194882093 0.13206290308943364 0.59840747211984979 -0.030080751053340429 -0.02615205681420783 0.17554000698402328 0.015032147920072047 -0.050722823048817187 -0.023500455838027623 0.66499739101556965 0.0067663643889493879 0.080450811453998697 0.9033569317335477 0.16638890017507696 -0.014092704261070697 0.24280025689116838 0.27143812189353339 -0.29380277699690022 0.85809078082208734 0.30772684814122458 -0.0022096554696945862 0.029492187760179211
leaf_weight=34143 721 205 2429 354 265 1082 414 89916 3052 7233 351 47465 7271 7564 8816 5917 3469 204 276 7358 234 6549 141276 1918 2209 387 309 231 121422 21597
leaf_count=34143 721 205 2429 354 265 1082 414 89916 3052 7233 351 47465 7271 7564 8816 5917 3469 204 276 7358 234 6549 141276 1918 2209 387 309 231 121422 21597
internal_value=9.84593e-05 0.0803498 0.108146 0.071368 0.189434 0.0809077 -0.135743 -0.000748609 0.00280341 0.0874521 0.000723368 0.00365256 0.0619618 0.100247 0.037997 -0.000227806 0.00429493 0.0850757 0.0372948 0.103467 0.427604 0.182412 -0.00137368 0.0104839 0.113653 0.264963 0.34654 -0.0676394 0.00577476 0.0469865
internal_weight=524637 5470 4851 4130 1701 1347 619 519167 429251 10285 418966 384823 24002 16731 9167 360821 313356 20538 13785 7868 510 6753 292818 151542 6605 3136 2518 618 144937 23515
internal_count=524637 5470 4851 4130 1701 1347 619 519167 429251 10285 418966 384823 24002 16731 9167 360821 313356 20538 13785 7868 510 6753 292818 151542 6605 3136 2518 618 144937 23515
is_linear=0
shrinkage=0.04


Tree=92
num_leaves=31
num_cat=0
split_feature=2 11 9 11 14 11 14 7 16 4 10 10 7 10 10 3 17 3 5 4 10 13 18 6 8 0 7 10 10 4
split_gain=20713.3 21415.8 23599.4 31771 28200.3 26535.3 147331 41839.7 30171.4 38350.8 69146.5 35351.4 61130.3 29360.1 76169.6 51058.1 31571.2 34431.3 25493.4 36186.6 25139.3 23989.7 34172.6 22562 24408.3 29451.9 26023.6 27450.8 41959.6 35595.6
threshold=0.7295038402080537 -0.14463099837303159 73.625000000000014 -0.99983122944831837 42.708112716674812 -0.99818569421768177 20.909932136535648 43.983234405517585 -22.774954795837399 69.564117431640639 -0.33526359498500818 -0.9769422411918639 12.50445604324341 -0.85671821236610401 -0.82956761121749867 5.5318830013275155 -11.182233333587645 23.368055343627933 94.673366546630874 15.25031089782715 -0.43054369091987604 48.609493255615241 63.561090469360359 49.102416992187507 19.125000000000004 3.4170594215393071 9.249120235443117 -0.96463498473167408 -0.9769422411918639 0.75931483507156383
decision_type=2 2 2 2 2 2 2 2 2 2 2 2 2 2 2 2 2 2 2 2 2 2 2 2 2 2 2 2 2 2
left_child=-1 2 3 -2 23 6 -5 -8 -7 11 20 12 -10 16 15 -15 17 -13 21 -20 -11 22 -16 24 25 -4 27 28 -26 -30
right_child=1 -3 4 5 -6 8 7 -9 9 10 -12 13 -14 14 18 -17 -18 -19 19 -21 -22 -23 -24 -25 26 -27 -28 -29 29 -31
leaf_value=-0.0073063672348318469 -0.25461215023452588 -0.019758073692825229 -0.034269552898816669 -0.31346627022967982 -0.14359521474979203 -0.05571992359192094 0.74721775569402771 0.13254981049407613 0.7496553408697203 -0.14585177750610584 0.29233141410333591 0.59186026577283501 0.032610582428048873 0.046816558584775007 0.059034651971607809 0.72216749919267997 -0.083414493852568022 0.013748281095507582 -0.020202601384109172 0.70371385912677553 -0.60918686832861879 -0.078216184408364503 0.25744046039889373 0.24869824259952894 0.045526542661958533 0.019390296707454579 -0.0032932859104469331 0.029554452514760694 0.4546199352747029 0.041291267173276733
leaf_weight=280865 540 36198 36591 496 1930 4128 557 265 327 1814 596 237 439 282 11873 488 3193 497 203 231 201 1667 1565 620 2924 29593 43947 60918 933 519
leaf_count=280865 540 36198 36591 496 1930 4128 557 265 327 1814 596 237 439 282 11873 488 3193 497 203 231 201 1667 1565 620 2924 29593 43947 60918 933 519
internal_value=9.80659e-05 0.00862913 0.0135802 0.0466464 0.00807861 0.0523304 0.22704 0.553033 0.0439509 0.0613915 -0.0829528 0.0793675 0.344428 0.0691689 0.0928005 0.478602 -0.0289603 0.20586 0.0733874 0.372279 -0.19485 0.064559 0.0823154 0.00974949 0.00889085 -0.0102772 0.0205038 0.0365187 0.133179 0.308174
internal_weight=524637 243772 207574 29599 177975 29059 1318 822 27741 23613 2611 21002 766 20236 16309 770 3927 734 15539 434 2015 15105 13438 176045 175425 66184 109241 65294 4376 1452
internal_count=524637 243772 207574 29599 177975 29059 1318 822 27741 23613 2611 21002 766 20236 16309 770 3927 734 15539 434 2015 15105 13438 176045 175425 66184 109241 65294 4376 1452
is_linear=0
shrinkage=0.04


Tree=93
num_leaves=31
num_cat=0
split_feature=6 10 7 6 3 9 7 2 11 9 11 11 10 17 14 11 7 7 7 11 8 9 8 7 7 12 11 13 11 11
split_gain=19840.3 19360.1 20896.4 23300.4 41969.9 19530.9 19315.8 18498.6 17802.9 17614.3 21986.7 25226.9 65898.3 90350 37948.2 88537.6 31784.4 29413.1 28266.8 22837.2 22361.2 21059.5 21558.2 20810.5 19291.7 27051.1 40082.7 33750.4 70077.3 29067.7
threshold=54.844379425048835 0.036545658484101302 40.230964660644538 74.795677185058608 32.619159698486335 73.125000000000014 64.519947052001967 44.420227050781257 0.23118848353624347 73.625000000000014 -0.99983122944831837 -0.99168640375137318 0.088045001029968276 -3.8050773143768306 21.521177291870121 -0.99818569421768177 40.230964660644538 22.778499603271488 32.075138092041023 -0.9970029592514037 18.125000000000004 73.375000000000014 19.125000000000004 40.230964660644538 12.50445604324341 34.590116500854499 -0.98049351572990406 48.609493255615241 -0.96466007828712452 -0.92921787500381459
decision_type=2 2 2 2 2 2 2 2 2 2 2 2 2 2 2 2 2 2 2 2 2 2 2 2 2 2 2 2 2 2
left_child=6 2 -2 -4 -5 -6 8 -3 9 10 -1 12 14 -14 17 18 -17 19 -16 -12 24 22 -22 -24 -13 26 -26 28 -27 -28
right_child=1 7 3 4 5 -7 -8 -9 -10 -11 11 20 13 -15 15 16 -18 -19 -20 -21 21 -23 23 -25 25 27 29 -29 -30 -31
leaf_value=-0.22908450569701558 0.29997960747837532 0.17187314906231194 -0.011959224960974076 0.56197277085466701 -0.22503469372662632 0.15248349330063923 -0.2603548379473421 -0.28496063908034902 -0.021145499369181264 -0.0001676219475810563 -0.10076554964977565 0.12842312055871163 0.060492032894339312 1.0819349521560262 0.86153545284741817 -0.33042049784233229 0.25997099573413535 -0.3322850165732445 0.27164160279127264 0.23897846319059382 0.069260075964324999 -0.073784492534264057 -0.0056996808361084042 -0.24138689749439557 -0.38432723409615094 0.91439597635187653 0.26304750582455877 -0.094718875138482164 0.12661931242875374 -0.017147805557076685
leaf_weight=514 721 205 2429 354 265 1082 448 414 59055 421668 764 4668 302 248 294 364 230 455 250 526 7464 5128 8490 635 421 224 661 497 812 5049
leaf_count=514 721 205 2429 354 265 1082 448 414 59055 421668 764 4668 302 248 294 364 230 455 250 526 7464 5128 8490 635 421 224 661 497 812 5049
internal_value=9.67502e-05 0.0758087 0.102716 0.0676369 0.180705 0.077102 -0.000702404 -0.13334 -0.000473136 0.00218313 0.0282643 0.0318535 0.135042 0.532166 0.0577037 0.236367 -0.101298 -0.0594944 0.600241 0.0385384 0.0214129 -0.00301914 0.0188872 -0.0223472 0.0644061 0.0252979 -0.0123581 0.175001 0.304063 0.0156913
internal_weight=524637 5470 4851 4130 1701 1347 519167 619 518719 459664 37996 37482 3433 550 2883 1138 594 1745 544 1290 34049 21717 16589 9125 12332 7664 6131 1533 1036 5710
internal_count=524637 5470 4851 4130 1701 1347 519167 619 518719 459664 37996 37482 3433 550 2883 1138 594 1745 544 1290 34049 21717 16589 9125 12332 7664 6131 1533 1036 5710
is_linear=0
shrinkage=0.04


Tree=94
num_leaves=31
num_cat=0
split_feature=2 11 10 13 12 10 10 14 3 10 10 4 12 10 8 14 10 10 13 17 3 16 13 9 10 4 4 3 10 6
split_gain=18478.8 20289.6 69144.9 37325.8 35387.3 30214.4 29062.5 28917.5 29438.7 24051.9 57876 43783.9 36772.6 31476.8 47912.4 61301.5 31413 116228 66195.7 29421.2 28117.6 24077.5 23245.4 23228.1 36179.6 23121.8 21602.3 45666.9 25911.9 25665.3
threshold=0.7295038402080537 -0.48501108586788172 -0.81984052062034596 8.8224091529846209 0.86089035868644725 -0.84828248620033253 -0.89015004038810719 19.853636741638187 31.773381233215336 -0.59262362122535694 -0.64659911394119252 0.14904007315635684 2.2683613300323491 -0.57868120074272145 19.625000000000004 13.231621742248537 -0.76762619614601124 -0.75648915767669667 14.198666572570803 4.4975888729095468 135.4094161987305 -58.688163757324212 48.609493255615241 77.375000000000014 -0.67245468497276295 22.814940452575687 13.968427658081056 59.892675399780281 0.19020386785268786 74.795677185058608
decision_type=2 2 2 2 2 2 2 2 2 2 2 2 2 2 2 2 2 2 2 2 2 2 2 2 2 2 2 2 2 2
left_child=-1 2 3 5 -5 -2 -3 -6 -9 10 11 16 -11 14 19 -16 -4 18 -18 -14 21 -15 -8 -19 -25 -7 -23 28 29 -28
right_child=1 6 9 4 7 25 22 8 -10 12 -12 -13 13 20 15 -17 17 23 -20 -21 -22 26 -24 24 -26 -27 27 -29 -30 -31
leaf_value=-0.0068985975689398503 -0.06830055600362106 -0.0017062378272569697 -0.014647838497174475 0.68132246853313716 0.19059183074909669 0.079954729978301026 -0.10902360765355429 -0.21368220557038203 0.31019234113055144 -0.012966869289303047 -0.11338863770751928 -0.022144363594862933 -0.10020615606067716 -0.11068364419601474 0.16227006072150174 1.0424454898903537 0.33430383271491565 0.0004355051875046258 1.2470603099602708 0.44497005946153684 0.31341647485856305 0.020008011524796789 0.27371931757917978 0.10131591632869565 0.56376362297321314 0.44050414474322597 0.097230286906056618 -0.097399985465992212 -0.24781513893230661 0.48178464026457607
leaf_weight=280865 2559 69271 2826 204 5342 2875 5862 588 231 41521 8168 21132 635 1938 319 205 333 2394 207 200 547 57139 256 1377 329 307 14179 2222 332 274
leaf_count=280865 2559 69271 2826 204 5342 2875 5862 588 231 41521 8168 21132 635 1938 319 205 333 2394 207 200 547 57139 256 1377 329 307 14179 2222 332 274
internal_value=9.50526e-05 0.00815283 0.0158742 0.107929 0.174561 0.0338802 -0.00909279 0.156704 -0.0639633 0.00873668 -0.019552 0.00727939 0.0174402 0.0336282 0.223757 0.519687 0.0904795 0.154401 0.700506 0.0340956 0.0302276 0.0281508 -0.0925877 0.080946 0.193264 0.116012 0.031794 0.0713568 0.0967675 0.104849
internal_weight=524637 243772 168383 12106 6365 5741 75389 6161 819 156277 36766 28598 119511 77990 1359 524 7466 4640 540 835 76631 76084 6118 4100 1706 3182 74146 17007 14785 14453
internal_count=524637 243772 168383 12106 6365 5741 75389 6161 819 156277 36766 28598 119511 77990 1359 524 7466 4640 540 835 76631 76084 6118 4100 1706 3182 74146 17007 14785 14453
is_linear=0
shrinkage=0.04


Tree=95
num_leaves=31
num_cat=0
split_feature=6 11 15 1 10 10 0 10 11 11 3 13 11 11 13 17 10 10 7 10 9 10 10 13 10 4 3 10 8 12
split_gain=17682.8 23822.9 22386.4 22409 22024.3 38491.6 23667.9 30837.3 33299.3 18989.2 18967 18168.3 16330.8 43559.7 27903 21867.8 21573.5 47529.2 46727 44541.9 63383.3 30575.6 77583.4 53609.6 44356.9 33025.7 46988.4 31048.2 27587 25956.6
threshold=44.586669921875007 -0.09339838474988936 0.81250000000000011 5.8173117637634286 -0.89015004038810719 -0.92599865794181813 37.863416671752937 -0.38341410458087916 -0.97507822513580311 -0.99465739727020253 135.4094161987305 52.602317810058601 0.078402601182460799 0.026874557137489322 0.035163216292858131 -11.77351665496826 -0.98930078744888295 -0.96463498473167408 8.4144577980041522 -0.9769422411918639 73.625000000000014 -0.87395131587982167 -0.81984052062034596 9.6759161949157733 -0.84828248620033253 27.66981410980225 2.9874356985092168 -0.8978554606437682 17.375000000000004 1.0000000180025095e-35
decision_type=2 2 2 2 2 2 2 2 2 2 2 2 2 2 2 2 2 2 2 2 2 2 2 2 2 2 2 2 2 2
left_child=11 2 3 -2 5 -5 10 -8 9 -9 -6 12 13 16 -15 -16 28 18 19 20 -18 27 23 24 -23 -26 -27 -19 -1 -21
right_child=1 -3 -4 4 6 -7 7 8 -10 -11 -12 -13 -14 14 15 -17 17 21 -20 29 -22 22 -24 -25 25 26 -28 -29 -30 -31
leaf_value=0.07616255433800008 -0.17770467345108532 -0.36037056091207043 0.0010362263523230931 0.094160281904157109 0.010541772316470381 0.77259871045581441 0.0055014022169152981 0.46031313960616649 0.75655421636108655 -0.059916834304261112 0.38111922857591085 -0.098433295102623788 -0.015786816218752268 -0.008573474489844992 0.5160330077888664 0.11748471513817878 0.55578485758312879 -0.013214698000457045 -0.026959158473287805 0.044509312576296013 0.014277284895399419 -0.047736883341588217 -0.00077216639205414958 0.17343364595237451 0.07515601636603339 -0.012206400964062223 0.74832368046558018 -0.093042805908395448 -0.041915083189054715 0.21166296970341425
leaf_weight=3525 348 206 4451 313 2261 228 454 212 283 223 235 3027 89915 3444 219 6618 350 36625 7196 2041 8816 5917 287465 6617 7353 237 277 9895 30363 5523
leaf_count=3525 348 206 4451 313 2261 228 454 212 283 223 235 3027 89915 3444 219 6618 350 36625 7196 2041 8816 5917 287465 6617 7353 237 277 9895 30363 5523
internal_value=9.55707e-05 0.0549895 0.0648773 0.127094 0.152657 0.388915 0.116848 0.264342 0.425686 0.198267 0.0468135 -0.000886793 -0.000308623 0.00298584 0.0842724 0.130986 0.00095641 0.00369551 0.0582489 0.0948933 0.0355377 1.08577e-05 0.00457833 0.0799341 0.0349566 0.0971344 0.404111 -0.0302108 -0.0296139 0.166678
internal_weight=524637 9214 9008 4557 4209 541 3668 1172 718 435 2496 515423 512396 422481 10281 6837 412200 378312 23926 16730 9166 354386 307866 20401 13784 7867 514 46520 33888 7564
internal_count=524637 9214 9008 4557 4209 541 3668 1172 718 435 2496 515423 512396 422481 10281 6837 412200 378312 23926 16730 9166 354386 307866 20401 13784 7867 514 46520 33888 7564
is_linear=0
shrinkage=0.04


Tree=96
num_leaves=31
num_cat=0
split_feature=1 11 11 4 13 6 11 3 3 9 2 14 0 16 14 3 12 11 11 7 10 11 10 10 10 17 13 14 4 10
split_gain=16646.4 24540.7 42677.2 38963 37521.9 33803.9 29386.9 57696.6 27153.3 31419.9 33941.3 37036.1 24859.2 24567.1 23927.6 33632.5 33162.2 25431.6 33733 23067.3 39608 50368.4 39534.2 71426.2 54659.4 53385.1 39753.8 37177.6 33322.6 31831.5
threshold=0.73311108350753795 -0.91939276456832875 -0.97315269708633412 69.564117431640639 75.981067657470717 49.102416992187507 -0.95998492836952198 39.961452484130866 24.300798416137699 77.125000000000014 10.410724163055422 26.118380546569828 60.352121353149421 91.815696716308608 5.1970343589782724 0.59090813994407665 24.202103614807132 -0.96234029531478871 -0.96687281131744374 8.9314928054809588 -0.69751432538032521 -0.14463099837303159 -0.43054369091987604 -0.52124115824699391 -0.47652685642242426 -19.65589618682861 11.302758216857912 9.0366282463073748 0.62050890922546398 -0.76762619614601124
decision_type=2 2 2 2 2 2 2 2 2 2 2 2 2 2 2 2 2 2 2 2 2 2 2 2 2 2 2 2 2 2
left_child=-1 2 3 13 5 8 7 -7 9 -4 11 14 -8 -2 -11 -16 17 18 -17 20 21 28 23 -21 25 -25 -26 -27 29 -3
right_child=1 19 4 -5 -6 6 12 -9 -10 10 -12 -13 -14 -15 15 16 -18 -19 -20 22 -22 -23 -24 24 26 27 -28 -29 -30 -31
leaf_value=-0.0065449280098993966 -0.00720926592006765 0.072306777705499176 0.03588701907115955 0.24723218793187754 -0.31443172452902352 0.045757624441836064 -0.059283061294607781 0.92856694298096931 -0.052302559150250588 0.074346791956251393 0.010467274582722322 0.63864420685242484 0.34325219670198109 0.36526736074581478 0.36762336193169348 0.082383380146130281 -0.14455121616207103 0.12078778811889006 0.75437927797602899 -0.029016271374874981 -0.032640467083864956 -0.015645703938752 -0.16799120272513476 0.67800819259975376 -0.18682622179608643 -0.1083488828187413 0.0808153134590366 0.22224619252611791 0.018779100717750682 0.21985243023397241
leaf_weight=280789 48093 17314 21529 990 422 228 539 239 3530 3788 3322 244 437 275 1457 220 557 1523 259 56292 23781 25953 2741 341 1279 666 2844 2845 19440 2700
leaf_count=280789 48093 17314 21529 990 422 228 539 239 3530 3788 3322 244 437 275 1457 220 557 1523 259 56292 23781 25953 2741 341 1279 666 2844 2845 19440 2700
internal_value=9.48418e-05 0.00774044 0.0246785 9.20853e-05 0.0563603 0.0605739 0.249822 0.507554 0.053011 0.0643234 0.118089 0.162444 0.122604 -0.00501646 0.146757 0.214701 0.126541 0.202308 0.453735 -0.00176563 0.0115579 0.0276302 -0.0194983 -0.0131399 0.09882 0.206952 -0.00246119 0.159406 0.0560941 0.0923114
internal_weight=524637 243848 87652 49358 38294 37872 1443 467 36429 32899 11370 8048 976 48368 7804 4016 2559 2002 479 156196 89188 65407 67008 64267 7975 3852 4123 3511 39454 20014
internal_count=524637 243848 87652 49358 38294 37872 1443 467 36429 32899 11370 8048 976 48368 7804 4016 2559 2002 479 156196 89188 65407 67008 64267 7975 3852 4123 3511 39454 20014
is_linear=0
shrinkage=0.04


Tree=97
num_leaves=31
num_cat=0
split_feature=10 9 8 9 17 10 10 3 11 14 10 4 7 6 7 11 11 17 3 10 2 17 7 10 9 11 10 7 13 12
split_gain=16150.2 16838 24510.6 33262.4 29716.9 27433 47984.4 43710.4 32716.8 35788.1 70558.3 38234 28730.4 40829.9 27375.4 32178.4 74691.4 43659 23801.5 29274.5 43157.9 42122.9 34018.3 29208.8 20868.8 24763.6 43665.7 38112.9 31764.4 28877.9
threshold=0.48030318319797521 73.875000000000014 18.125000000000004 73.375000000000014 14.141862869262697 -0.52124115824699391 -0.44600489735603327 16.769670486450199 -0.92921787500381459 29.454915046691898 -0.30265928804874415 0.11500039696693422 34.51555252075196 28.196482658386234 13.354095935821535 -0.99168640375137318 -0.99552518129348744 -4.1210241317749015 24.300798416137699 0.05372969992458821 31.712944030761722 16.206768035888675 5.8907151222229013 0.32308141887187963 75.875000000000014 -0.21231865882873532 -0.96463498473167408 5.4366440773010263 0.1241675838828087 1.0000000180025095e-35
decision_type=2 2 2 2 2 2 2 2 2 2 2 2 2 2 2 2 2 2 2 2 2 2 2 2 2 2 2 2 2 2
left_child=1 2 18 5 -5 12 7 -7 9 10 -8 -11 13 -4 15 16 -12 -17 19 20 -1 22 -21 -24 -3 26 27 29 -29 -26
right_child=-2 24 3 4 -6 6 8 -9 -10 11 14 -13 -14 -15 -16 17 -18 -19 -20 21 -22 -23 23 -25 25 -27 -28 28 -30 -31
leaf_value=0.020351509100537117 -0.064579531830326581 -0.012650571256875517 -0.0058701053102217437 -0.037980377719506929 -0.29577675211162241 0.86379241793386397 0.69795700423388296 0.18960007662871775 -0.097272627348986382 0.61104254917509249 0.016550054090561244 0.15212304693339856 -0.14644719445156029 0.28290816396998986 -0.13314669841217572 0.45630406323334449 0.90367834437473693 -0.08613403441585453 -0.011014536645221297 0.10327526007618493 0.19679104459444566 -0.20101006672466579 0.27190781903227373 0.75842552463422308 0.0054851735065101458 -0.01404478514015536 0.0093913565871079682 0.37748072552845019 -0.045081061612429758 0.29492757924499907
leaf_weight=15838 6096 176930 10901 12862 748 207 229 558 1836 338 464 1839 2069 834 1692 266 216 1688 8654 2216 2570 450 1347 228 737 78189 189945 317 2187 2186
leaf_count=15838 6096 176930 10901 12862 748 207 229 558 1836 338 464 1839 2069 834 1692 266 216 1688 8654 2216 2570 450 1347 228 737 78189 189945 317 2187 2186
internal_value=9.42364e-05 0.000855776 0.0193999 -0.00275798 -0.0523555 0.0264271 0.0793584 0.38082 0.0520295 0.0928322 0.0289061 0.225843 -0.00939177 0.0148766 -0.00803859 0.0725266 0.307357 -0.010344 0.0454039 0.0669563 0.0450783 0.161588 0.205045 0.346678 -0.00194582 0.00497786 0.0125912 0.124361 0.00970291 0.222216
internal_weight=524637 518541 68050 36747 13610 23137 9333 765 8568 6732 4555 2177 13804 11735 4326 2634 680 1954 31303 22649 18408 4241 3791 1575 450491 273561 195372 5427 2504 2923
internal_count=524637 518541 68050 36747 13610 23137 9333 765 8568 6732 4555 2177 13804 11735 4326 2634 680 1954 31303 22649 18408 4241 3791 1575 450491 273561 195372 5427 2504 2923
is_linear=0
shrinkage=0.04


Tree=98
num_leaves=31
num_cat=0
split_feature=6 3 7 14 4 15 6 11 7 3 10 8 13 8 0 14 10 0 10 13 16 7 10 10 10 10 3 8 4 7
split_gain=15409.7 27443.9 21891 16991 16541.2 16046.4 23615.9 27012.2 28072.9 31215.5 29993.9 32440.1 27663.2 50228.4 30817.5 28994.5 23017.7 32998.4 22847.1 79523 22270.7 47778 20958.9 42139.3 31363.6 62835.9 37373.6 31514.7 62176.3 30621.6
threshold=74.795677185058608 32.619159698486335 64.519947052001967 52.626115798950202 15.533803939819338 0.93750000000000011 11.493285655975344 0.16375125199556353 9.4780344963073748 0.54762670397758495 -0.01505099539645016 20.625000000000004 35.527732849121101 17.625000000000004 1.3775361776351931 12.804040908813478 0.088045001029968276 23.292964935302738 -0.049434980377554887 21.466298103332523 91.815696716308608 28.54398345947266 -0.13505011796951291 -0.31900864839553827 -0.46133413910865778 -0.52124115824699391 5.1549201011657724 17.875000000000004 12.765744209289553 28.54398345947266
decision_type=2 2 2 2 2 2 2 2 2 2 2 2 2 2 2 2 2 2 2 2 2 2 2 2 2 2 2 2 2 2
left_child=2 4 5 -3 -2 6 -1 8 -8 -10 11 18 13 14 -12 -16 -15 -18 22 -20 -7 -22 23 24 25 29 -26 -27 -29 -11
right_child=1 3 -4 -5 -6 20 7 -9 9 10 12 -13 -14 16 15 -17 17 -19 19 -21 21 -23 -24 -25 26 27 -28 28 -30 -31
leaf_value=-0.0027220702823037997 0.12064003921406609 0.29151835127721859 -0.19328071382748463 -0.038855772300454172 0.62449704069001921 -0.059804777311876743 0.07394872667214869 -0.11389687584874446 -0.0577129974552123 0.056896824970969817 -0.29172390176491308 -0.029171901268614936 -0.21854810809171593 -0.23054640813303245 0.6199417645901566 0.1438904314225837 -0.098935757063465385 0.23034471073775617 -0.084372263365104561 0.76292397162663972 -0.045443583184279469 0.5523685750025491 -0.07958544050412561 0.15672184688099847 0.19770803846913698 0.029939040421107736 -0.099845097346746639 0.12565007791492946 0.61133345415510199 -0.048931978787168713
leaf_weight=424029 200 306 929 1168 222 11721 14851 2322 8645 20237 210 10298 1299 1317 231 1442 2288 608 417 296 701 297 2008 5358 788 762 4400 969 746 5572
leaf_count=424029 200 306 929 1168 222 11721 14851 2322 8645 20237 210 10298 1299 1317 231 1442 2288 608 417 296 701 297 2008 5358 788 762 4400 969 746 5572
internal_value=9.43255e-05 0.113623 -0.000319613 0.0312316 0.394023 2.76201e-05 0.00113674 0.0203703 0.0241515 0.0132492 0.0236118 0.0343611 -0.0517029 -0.0158501 0.155391 0.212914 -0.0925732 -0.0292503 0.0501096 0.273067 -0.0443321 0.136177 0.0461512 0.0526719 0.0359753 0.0525567 -0.0543566 0.244589 0.339235 0.034039
internal_weight=524637 1896 522741 1474 422 521812 509093 85064 82742 67891 59246 51851 7395 6096 1883 1673 4213 2896 41553 713 12719 998 40840 38832 33474 28286 5188 2477 1715 25809
internal_count=524637 1896 522741 1474 422 521812 509093 85064 82742 67891 59246 51851 7395 6096 1883 1673 4213 2896 41553 713 12719 998 40840 38832 33474 28286 5188 2477 1715 25809
is_linear=0
shrinkage=0.04


Tree=99
num_leaves=31
num_cat=0
split_feature=10 11 9 14 10 11 9 4 15 8 9 8 7 14 7 13 11 10 6 7 8 10 10 10 12 13 8 13 11 10
split_gain=14834.5 15304.2 20903 22117.5 22546.8 19970 18026 22393.8 17898.6 17855.4 25256.1 23574.4 21856.3 21405.1 19826.8 26647.2 26554.7 26908.5 20719.1 19816.6 18872.1 34500.3 58886.4 29662.7 28892.4 35039.7 46118 23790 25141.4 60333
threshold=0.48030318319797521 0.23118848353624347 73.625000000000014 42.708112716674812 -0.35141934454441065 -0.99983122944831837 79.625000000000014 3.6200001239776616 0.68750000000000011 16.625000000000004 73.875000000000014 16.375000000000004 14.583229064941408 26.118380546569828 13.354095935821535 10.286501884460451 0.0096758542931638675 -0.99866804480552662 11.493285655975344 9.5938644409179705 19.625000000000004 -0.74512827396392811 -0.76762619614601124 0.30675521492958074 4.1282603740692148 0.37170210480690008 18.125000000000004 0.17461205273866656 -0.90892156958580006 -0.35141934454441065
decision_type=2 2 2 2 2 2 2 2 2 2 2 2 2 2 2 2 2 2 2 2 2 2 2 2 2 2 2 2 2 2
left_child=1 2 5 6 -5 -1 9 8 -8 10 11 12 -4 -13 18 16 -16 -18 20 -20 21 22 -11 -23 25 -24 -27 -22 29 -29
right_child=-2 -3 3 4 -6 -7 7 -9 -10 14 -12 13 -14 -15 15 -17 17 -19 19 -21 27 23 24 -25 -26 26 -28 28 -30 -31
leaf_value=-0.19167051530256868 -0.061890754825056647 -0.018343796457442232 0.19524100246209256 -0.022270294265136964 -0.29681546994765873 0.033512904505894663 0.011738753547473278 0.058769808032535328 -0.10385215730876962 0.0017560982305352914 0.0058868418306146147 0.18344216893672044 -0.016562502138457901 0.60534425877239184 -0.0060193004945540505 -0.071258274988077352 0.62642980537124882 0.064729260453472132 0.066942943292690238 0.00080585917978304167 -0.022752484695287175 -0.037769536352222341 0.058955415009637066 0.02358519757490074 -0.062787098681720693 0.11359358513080685 0.61698674538572695 0.20266591237622206 0.00025535751978441495 0.026213714906137137
leaf_weight=630 6096 59055 1288 1198 789 41580 24471 18558 2339 63666 9233 853 1948 245 12516 15323 204 384 13536 15593 32366 81397 776 14911 527 511 684 3360 61770 38830
leaf_count=630 6096 59055 1288 1198 789 41580 24471 18558 2339 63666 9233 853 1948 245 12516 15323 204 384 13536 15593 32366 81397 776 14911 527 511 684 3360 61770 38830
internal_value=9.27672e-05 0.000822629 0.00328632 0.000572554 -0.132227 0.0301074 0.00121112 0.0250047 0.00161923 -0.00170759 0.0433143 0.122851 0.0680818 0.282196 -0.00342281 -0.0354623 0.00641769 0.266822 -0.00064441 0.0315516 -0.00378407 -0.0129921 0.00924554 -0.0282688 0.199359 0.269414 0.404457 0.00719008 0.0165134 0.040311
internal_weight=524637 518541 459486 417276 1987 42210 415289 45368 26810 369921 13567 4334 3236 1098 356354 28427 13104 588 327927 29129 298798 162472 66164 96308 2498 1971 1195 136326 103960 42190
internal_count=524637 518541 459486 417276 1987 42210 415289 45368 26810 369921 13567 4334 3236 1098 356354 28427 13104 588 327927 29129 298798 162472 66164 96308 2498 1971 1195 136326 103960 42190
is_linear=0
shrinkage=0.04


Tree=100
num_leaves=31
num_cat=0
split_feature=5 13 10 8 15 6 11 11 11 10 10 0 10 4 8 14 17 10 6 3 11 10 14 4 13 2 10 13 2 7
split_gain=14588.2 24817 26924.3 31181.7 17889.5 18476.8 24602.9 26894.1 36722.8 71933.9 72735 66283.2 59673.5 49916.6 60156.7 38565.8 33409 32418.1 44144.8 40238.4 36728.8 35002.7 37700.5 33281.8 31866.2 31198.6 40380.4 76804.3 47854.3 29710.5
threshold=94.673366546630874 75.981067657470717 -0.36747109889984125 18.625000000000004 0.93750000000000011 10.011406421661379 0.16375125199556353 -0.98667386174201954 -0.92602273821830738 -0.46133413910865778 -0.52124115824699391 10.169205665588381 0.32308141887187963 11.175727844238283 17.625000000000004 25.168112754821781 24.438091278076175 -0.28622037172317499 44.586669921875007 3.859673380851746 -0.97315269708633412 -0.31900864839553827 20.909932136535648 3.9146401882171635 17.060024261474613 31.712944030761722 -0.49157854914665217 8.0524621009826678 10.941351890563967 8.9314928054809588
decision_type=2 2 2 2 2 2 2 2 2 2 2 2 2 2 2 2 2 2 2 2 2 2 2 2 2 2 2 2 2 2
left_child=4 -2 3 -3 5 -1 7 -7 11 10 29 12 -9 -12 15 -15 17 19 -19 23 -20 -21 -23 24 -13 26 27 -16 -28 -10
right_child=1 2 -4 -5 -6 6 -8 8 9 -11 13 16 -14 14 25 -17 -18 18 20 21 -22 22 -24 -25 -26 -27 28 -29 -30 -31
leaf_value=-0.0029415431096846056 0.31063167575586792 0.49959022614742532 -0.2364054808405566 -0.11978013919104825 -0.046868329602539137 -0.030517265309604913 -0.092653799518690336 -0.017856032370802442 0.074354941940249678 -0.11858355479579685 0.069776461561882816 0.6416196533105385 0.51606876913275601 -0.39163463138794713 1.1250144696293638 0.28461676318738149 -0.17155634809719167 0.08023769701078555 0.095289032220240419 0.075763799987659045 0.71217806696543218 0.068422437203341513 0.6831493571329873 0.77871496766805648 -0.0094938156771824846 0.87193919748067861 -0.20728566358548514 0.23443878371393281 0.53517407625305413 -0.0010496584581754535
leaf_weight=406778 642 247 439 257 12852 14676 3221 9611 10323 5991 2975 201 337 248 247 273 501 6307 288 1594 332 280 369 376 279 242 312 408 235 43796
leaf_count=406778 642 247 439 257 12852 14676 3221 9611 10323 5991 2975 201 337 248 247 273 501 6307 288 1594 332 280 369 376 279 242 312 408 235 43796
internal_value=9.05698e-05 0.120877 -0.0102127 0.187575 -0.000277753 0.000896765 0.0159924 0.0194937 0.0280781 0.013368 0.0267711 0.0747837 0.000731369 0.173538 0.329483 -0.0385973 0.144696 0.160654 0.112271 0.268094 0.431684 0.177666 0.422999 0.500256 0.27069 0.46164 0.372521 0.582142 0.115569 0.0133446
internal_weight=524637 1585 943 504 523052 510200 103422 100201 85525 65050 59059 20475 9948 4940 1965 521 10527 10026 6927 3099 620 2243 649 856 480 1444 1202 655 547 54119
internal_count=524637 1585 943 504 523052 510200 103422 100201 85525 65050 59059 20475 9948 4940 1965 521 10527 10026 6927 3099 620 2243 649 856 480 1444 1202 655 547 54119
is_linear=0
shrinkage=0.04


Tree=101
num_leaves=31
num_cat=0
split_feature=11 10 8 13 4 6 9 13 14 11 4 7 18 11 11 11 10 14 3 7 4 11 8 11 9 12 6 10 10 11
split_gain=13990.5 48995.5 64621 45876.7 54952.3 99584.4 32933.6 61018.7 32778.1 53676.4 48943.3 43954.6 44601.8 36132.1 34113.5 57427.6 47375.7 34033 37968.4 30689.5 29413.2 30270.2 29290.1 42915.8 35525.5 27928.5 27709.3 26991.4 23768.1 123653
threshold=-0.92602273821830738 -0.35141934454441065 19.625000000000004 14.450694084167482 1.1773365736007693 9.7352647781372088 73.375000000000014 52.602317810058601 29.454915046691898 -0.94703993201255787 0.11500039696693422 0.89935931563377391 16.486752510070804 -0.96234029531478871 -0.9970029592514037 -0.99273797869682301 0.088045001029968276 25.168112754821781 0.67698609828948986 18.934668540954593 40.309398651123054 -0.98667386174201954 16.875000000000004 -0.9852197766304015 77.125000000000014 13.9536190032959 49.102416992187507 -0.2696967720985412 -0.74512827396392811 -0.64084014296531666
decision_type=2 2 2 2 2 2 2 2 2 2 2 2 2 2 2 2 2 2 2 2 2 2 2 2 2 2 2 2 2 2
left_child=1 2 -1 4 5 -4 8 22 9 13 -10 -11 -13 14 -3 16 -16 18 -17 -5 -12 -22 23 -8 26 -25 -24 -27 29 -2
right_child=28 6 3 19 -6 -7 7 -9 10 11 20 12 -14 -15 15 17 -18 -19 -20 -21 21 -23 24 25 -26 27 -28 -29 -30 -31
leaf_value=0.0013723817404591033 0.17024758864916428 -0.16826091481570427 0.32216941666642301 -0.24601569191078571 0.17148614716471616 1.2541343183779428 -0.020801849496951116 -0.23028104170678065 0.60166137207857806 -0.13512571794529485 0.040795115766368698 0.99164844460050827 0.22397568589178873 -0.28163187236697584 0.1359837925525112 -0.18984167236851723 0.83225134098088305 -0.40146695564922297 0.18060411995788311 0.30559942939176277 0.71357111654093663 0.13034858543325656 -0.018430329761239927 0.075508260981458783 0.026255294912257372 0.56402725356762817 0.33088720516625741 0.1983128461408587 -0.018827786421280565 -0.0018480712971236737
leaf_weight=3708 6858 1064 750 430 1487 238 3487 1795 397 209 1726 203 299 719 383 649 260 284 1341 245 231 362 80683 2163 49094 428 355 1315 119253 244221
leaf_count=3708 6858 1064 750 430 1487 238 3487 1795 397 209 1726 203 299 719 383 649 260 284 1341 245 231 362 80683 2163 49094 428 355 1315 119253 244221
internal_value=9.1682e-05 0.0102106 0.114644 0.247554 0.326998 0.556988 0.00534585 0.000777304 0.0835665 0.0265309 0.196683 0.347902 0.547714 -0.0227204 0.0246295 0.0953224 0.425956 0.00037619 0.0594453 -0.0442614 0.125067 0.365606 0.00380964 0.0812027 -0.000593081 0.172086 -0.0168595 0.290821 -0.00412471 0.00285916
internal_weight=524637 154305 6858 3150 2475 988 147447 139320 8127 5411 2716 711 502 4700 3981 2917 643 2274 1990 675 2319 593 137525 7393 130132 3906 81038 1743 370332 251079
internal_count=524637 154305 6858 3150 2475 988 147447 139320 8127 5411 2716 711 502 4700 3981 2917 643 2274 1990 675 2319 593 137525 7393 130132 3906 81038 1743 370332 251079
is_linear=0
shrinkage=0.04


Tree=102
num_leaves=31
num_cat=0
split_feature=5 13 10 8 13 10 5 10 8 10 4 2 4 10 10 3 10 10 16 7 10 11 11 7 6 10 0 3 11 7
split_gain=13522.2 23043.9 25065.3 28828.9 16817.6 23905.9 22585.4 25976.2 25583.2 20674.7 33037.8 20951.6 22224.9 18997.6 21513 42563.1 22787.1 14665.2 14662.6 13426.9 13157.1 13249.4 15029.5 31140.3 34490.8 74654.8 40366.7 34234.3 25919.8 22846.2
threshold=94.673366546630874 75.981067657470717 -0.36747109889984125 18.625000000000004 52.602317810058601 0.05372969992458821 52.613756179809577 0.12225609645247461 20.375000000000004 -0.21966676414012906 19.451602935791019 32.562200546264656 21.419947624206547 -0.35141934454441065 -0.16905184835195539 29.649993896484379 -0.066607572138309465 -0.16905184835195539 -18.518860816955563 48.610565185546882 0.48030318319797521 0.23118848353624347 -0.99628248810768116 10.800270080566408 23.554920196533207 -0.01505099539645016 19.562137603759769 37.514434814453132 -0.99465739727020253 32.075138092041023
decision_type=2 2 2 2 2 2 2 2 2 2 2 2 2 2 2 2 2 2 2 2 2 2 2 2 2 2 2 2 2 2
left_child=4 -2 3 -3 6 9 20 8 13 11 18 -6 19 -8 15 -15 -16 -4 -11 -13 21 22 23 -1 29 26 -26 -28 -24 -25
right_child=1 2 17 -5 5 -7 7 -9 -10 10 -12 12 -14 14 16 -17 -18 -19 -20 -21 -22 -23 28 24 25 -27 27 -29 -30 -31
leaf_value=-0.0048063617414869685 0.29923256933098474 0.48090983356193351 -0.46037604924105952 -0.11464697623269611 -0.20642708997428419 -0.28684474433634682 0.10371655582034103 -0.21200749147532766 -0.12891077697086437 -0.28747814372592018 0.51216678699007578 0.1300321953701129 -0.15081163438014042 0.15342708750811324 -0.17914510856821853 0.91480412098752473 0.35579538377346814 -0.0029835260365189626 0.11943699230456059 -0.15775354377154646 -0.058548968132759775 -0.017291646600481464 0.083295062734259739 -0.14259519496821241 0.71858217163218396 -0.1718867780639991 0.46183864980088596 -0.25601672332716541 0.0036612778071221925 -0.54562394689520199
leaf_weight=27287 642 247 211 257 1310 694 1516 361 459 208 255 1399 1124 249 202 221 314 228 395 309 6096 59045 6636 4087 287 1010 201 205 408952 230
leaf_count=27287 642 247 211 257 1310 694 1516 361 459 208 255 1399 1124 249 202 221 314 228 395 309 6096 59045 6636 4087 287 1010 201 205 408952 230
internal_value=9.22525e-05 0.116382 -0.00993715 0.180901 -0.000262358 -0.0685703 0.000490744 0.104296 0.143443 -0.0377617 0.139892 -0.0748103 -0.013416 0.193721 0.329675 0.523036 0.146956 -0.228181 -0.023325 0.0773527 -0.000182121 0.000519503 0.00286261 -0.0229871 -0.105251 0.0469928 0.363902 0.101934 0.00493482 -0.165279
internal_weight=524637 1585 943 504 523052 5694 517358 3322 2961 5000 858 4142 2832 2502 986 470 516 439 603 1708 514036 507940 448895 33307 6020 1703 693 406 415588 4317
internal_count=524637 1585 943 504 523052 5694 517358 3322 2961 5000 858 4142 2832 2502 986 470 516 439 603 1708 514036 507940 448895 33307 6020 1703 693 406 415588 4317
is_linear=0
shrinkage=0.04


Tree=103
num_leaves=31
num_cat=0
split_feature=11 10 8 13 14 7 9 13 14 11 4 7 18 11 7 4 11 8 11 9 12 10 6 7 13 10 11 2 4 12
split_gain=12741.5 45224.2 59643.6 42588.3 52817.6 31727.5 30749.8 55187.8 29802.2 49341.3 45578.9 40676.3 41900.7 33489.9 33059.1 26926.5 27237.4 26886.9 39180.6 32955.8 25438.2 24797.1 24593.6 22025.8 27540.3 22020.8 113678 108147 64592.6 41440.7
threshold=-0.92602273821830738 -0.35141934454441065 19.625000000000004 14.965941429138185 13.669013977050783 18.934668540954593 73.375000000000014 52.602317810058601 29.454915046691898 -0.94703993201255787 0.11500039696693422 0.92966020107269298 16.486752510070804 -0.96234029531478871 21.954888343811039 40.309398651123054 -0.98667386174201954 16.875000000000004 -0.9852197766304015 77.125000000000014 13.9536190032959 -0.18598018586635587 49.102416992187507 11.108382225036623 2.8286063671112065 -0.74512827396392811 -0.64084014296531666 27.465061187744144 6.3230762481689462 6.902379274368287
decision_type=2 2 2 2 2 2 2 2 2 2 2 2 2 2 2 2 2 2 2 2 2 2 2 2 2 2 2 2 2 2
left_child=1 2 -1 4 23 -5 8 17 9 13 -10 -11 -13 14 -3 -12 -17 18 -8 22 -20 -22 -19 24 -4 26 27 28 29 -2
right_child=25 6 3 5 -6 -7 7 -9 10 11 15 12 -14 -15 -16 16 -18 19 20 -21 21 -23 -24 -25 -26 -27 -28 -29 -30 -31
leaf_value=0.001258003693751564 0.28235817283458231 0.097908957435156097 0.076106593222265539 -0.2779677393934889 0.8028646439622521 0.29399075788142637 -0.019773231470978172 -0.21908362609897211 0.57931787666217116 -0.12728555684850226 0.038782108810725989 0.96102285104340279 0.21504066089981969 -0.27022042121089207 -0.15571073086687598 0.67965663084288852 0.12630557222391969 -0.017823555499373502 0.072356693652217197 0.025182471865376525 0.44036985308437182 0.13647806995931794 0.31126985372174276 0.01427882740410363 0.42190832435196857 -0.018086831855863916 -0.0017256115996332367 0.87238510874713349 -0.04271317717778482 -0.03058954752361509
leaf_weight=3708 3391 2834 548 387 299 245 3487 1795 397 211 1726 201 299 719 1147 231 362 80683 2163 49094 801 942 355 523 1148 119253 244221 318 2306 843
leaf_count=3708 3391 2834 548 387 299 245 3487 1795 397 211 1726 201 299 719 1147 231 362 80683 2163 49094 801 942 355 523 1148 119253 244221 318 2306 843
internal_value=8.92887e-05 0.00974602 0.110079 0.237768 0.311208 -0.0551177 0.0050722 0.000657738 0.080655 0.0262679 0.188515 0.334387 0.527889 -0.0209543 0.0246294 0.119411 0.349557 0.00354156 0.0776916 -0.000676665 0.16453 0.277848 -0.0163437 0.241655 0.311276 -0.0039345 0.00278777 0.163283 0.127524 0.220124
internal_weight=524637 154305 6858 3150 2518 632 147447 139320 8127 5411 2716 711 500 4700 3981 2319 593 137525 7393 130132 3906 1743 81038 2219 1696 370332 251079 6858 6540 4234
internal_count=524637 154305 6858 3150 2518 632 147447 139320 8127 5411 2716 711 500 4700 3981 2319 593 137525 7393 130132 3906 1743 81038 2219 1696 370332 251079 6858 6540 4234
is_linear=0
shrinkage=0.04


Tree=104
num_leaves=31
num_cat=0
split_feature=5 13 10 8 15 12 11 10 9 10 12 17 2 9 2 12 14 10 3 10 3 9 10 10 11 14 10 17 11 10
split_gain=12491.2 21367.2 23361.2 26653.6 16054.4 15691.6 18535.7 48865.7 40711.3 39176.6 52047.8 42694.3 34541.9 31928.8 54787.3 34789.3 36986.9 27856.8 49466.8 48531.1 24100.3 25429.8 29306.7 55329.9 24137 24072 23787.6 62677 31938.1 86335.1
threshold=94.673366546630874 75.981067657470717 -0.36747109889984125 18.625000000000004 0.93750000000000011 4.80116891860962 -0.92921787500381459 -0.16905184835195539 74.125000000000014 -0.35141934454441065 15.637803077697756 2.4779915809631352 63.806539535522468 79.125000000000014 12.332201957702638 16.251312255859379 10.455216407775881 -0.20285348594188687 1.3553034067153933 -0.18598018586635587 32.619159698486335 73.875000000000014 0.3393120169639588 0.29033823311328893 -0.99966478347778309 8.1781992912292498 0.24059136956930163 1.5467497110366824 -0.99273797869682301 0.088045001029968276
decision_type=2 2 2 2 2 2 2 2 2 2 2 2 2 2 2 2 2 2 2 2 2 2 2 2 2 2 2 2 2 2
left_child=4 -2 3 -3 5 -1 7 8 12 10 -10 -12 -7 17 15 16 -15 -11 -19 -20 21 22 23 26 25 -23 28 -28 29 -9
right_child=1 2 -4 -5 -6 6 -8 20 9 13 11 -13 -14 14 -16 -17 -18 18 19 -21 -22 24 -24 -25 -26 -27 27 -29 -30 -31
leaf_value=-0.0037671326108451725 0.28793093997550889 0.4629267048557445 -0.22046884700556377 -0.10973256959115968 -0.044387426081473676 0.1486870734338562 0.0012691755192643865 0.078414713403973421 0.05909406961011554 -0.04936896461027792 0.93558894758499589 0.16064075514404483 0.50209123527087729 0.22200100958980065 -0.075834613488644009 0.097984655840950924 0.76287034135282272 -0.10916771182865834 0.79776178039307966 0.12027408821350438 -0.10176761925124632 0.2492590983057027 0.39491712293501091 -0.27176017835275862 -0.013267458189493715 -0.020524951309011441 0.85240336039624487 0.057107200382733682 -0.041141252854308565 0.76030564086187558
leaf_weight=355446 642 247 439 257 12852 4268 100145 2430 785 6797 250 211 487 461 1103 799 368 632 261 462 3099 1155 442 700 25662 967 226 488 2227 329
leaf_count=355446 642 247 439 257 12852 4268 100145 2430 785 6797 250 211 487 461 1103 799 368 632 261 462 3099 1155 442 700 25662 967 226 488 2227 329
internal_value=8.97335e-05 0.111858 -0.00977644 0.174462 -0.00025109 0.000861558 0.0114925 0.0302369 0.0867748 0.0478087 0.259343 0.591836 0.18586 0.0233743 0.141479 0.288277 0.468328 -0.0163168 0.148628 0.372391 0.00491687 0.0144917 0.0835087 0.0614196 -0.00252818 0.126798 0.102741 0.317136 0.0714657 0.16218
internal_weight=524637 1585 943 504 523052 510200 154754 54609 16884 12129 1246 461 4755 10883 2731 1628 829 8152 1355 723 37725 34626 6842 6400 27784 2122 5700 714 4986 2759
internal_count=524637 1585 943 504 523052 510200 154754 54609 16884 12129 1246 461 4755 10883 2731 1628 829 8152 1355 723 37725 34626 6842 6400 27784 2122 5700 714 4986 2759
is_linear=0
shrinkage=0.04


Tree=105
num_leaves=31
num_cat=0
split_feature=14 9 8 3 6 11 3 17 14 11 10 12 18 0 8 7 6 10 10 11 7 11 10 3 9 14 4 10 10 10
split_gain=12089.5 13224.8 18393.3 16032.8 13873.7 22342.3 20122.7 43805 19778.6 34859.3 49718.4 23907.3 20291.6 18636 23272.3 16350.6 25483.5 18106.1 42988.6 17124.6 16769.5 13967.9 24573.5 21618.6 21241.6 19949.1 17345.5 25983.5 29400.5 39837
threshold=0.018652616068720821 79.625000000000014 20.625000000000004 41.322093963623054 44.586669921875007 -0.09339838474988936 17.065926551818851 7.8332600593566903 52.626115798950202 -0.98801845312118519 -0.28622037172317499 62.632106781005866 159.50801849365237 98.417060852050795 17.625000000000004 13.354095935821535 11.189788818359377 0.37146723270416265 0.3393120169639588 0.26451654732227331 9.4780344963073748 -0.36046156287193293 -0.99372696876525868 17.681859016418461 75.375000000000014 18.386251449584964 5.9969866275787362 0.19020386785268786 0.088045001029968276 0.12225609645247461
decision_type=2 2 2 2 2 2 2 2 2 2 2 2 2 2 2 2 2 2 2 2 2 2 2 2 2 2 2 2 2 2
left_child=-1 4 -3 -4 15 6 7 -6 13 -10 12 -12 -11 -8 -15 16 -2 18 19 20 -18 26 23 -23 -25 -26 -17 28 -28 -30
right_child=1 2 3 -5 5 -7 8 -9 9 10 11 -13 -14 14 -16 21 17 -19 -20 -21 -22 22 -24 24 25 -27 27 -29 29 -31
leaf_value=-0.020556585717083183 -0.0018414416435988581 0.040983146076926928 -0.001945785534859155 -0.17524555825836907 0.44209401702770307 -0.35216995382026112 0.051952064104090673 0.029987976431485066 -0.35392798311747087 -0.11258403538369541 0.68496088293560764 0.081937255576888537 0.28530628685569354 0.032879664663835004 0.55449394911840244 -0.044713368703271222 0.065950684985543642 -0.30902133465328108 0.50752225384797922 -0.1450298590012068 0.010853439438595512 -0.05054153908672146 -0.10400618192059746 0.039233163688108023 0.10856860041337192 0.67180308007768219 0.0044187033750781521 -0.34451950330445263 0.53683669035170478 0.0067873976241659244
leaf_weight=41752 337878 29843 16106 892 637 206 3177 1144 489 1841 218 201 221 265 276 16028 16054 236 296 850 19661 1940 7258 739 202 200 24790 320 387 530
leaf_count=41752 337878 29843 16106 892 637 206 3177 1144 489 1841 218 201 221 265 276 16028 16054 236 296 850 19661 1940 7258 739 202 200 24790 320 387 530
internal_value=9.0635e-05 0.00187626 0.0220708 -0.0111377 -0.000293552 0.0497563 0.0599365 0.179029 0.0280025 -0.0488717 0.0124338 0.404335 -0.068768 0.0893773 0.304224 -0.00131063 0.00161416 0.0330797 0.0353531 0.0313931 0.0356313 -0.0222392 -0.0638701 0.0307101 0.168098 0.398289 -0.0119917 0.00816844 0.012691 0.233861
internal_weight=524637 482885 46841 16998 436044 8675 8469 1781 6688 2970 2481 419 2062 3718 541 427369 374975 37097 36861 36565 35715 52394 10339 3081 1141 402 42055 26027 25707 917
internal_count=524637 482885 46841 16998 436044 8675 8469 1781 6688 2970 2481 419 2062 3718 541 427369 374975 37097 36861 36565 35715 52394 10339 3081 1141 402 42055 26027 25707 917
is_linear=0
shrinkage=0.04


Tree=106
num_leaves=31
num_cat=0
split_feature=8 9 3 11 16 15 6 16 10 7 7 4 18 7 8 11 3 4 9 10 10 14 10 12 10 10 10 17 0 7
split_gain=12094.9 15317.6 15648.1 24106.2 25220.5 15052.8 23987.1 23244.8 40053.8 33545.2 18577.1 25054.1 19845.1 18171.2 18878.9 17466.5 17438.4 33595.1 24592.7 17330.4 40227.4 14934.5 31107.7 40195.2 50379.4 30548.6 53977.5 52178.8 21908.7 36463.1
threshold=16.625000000000004 74.125000000000014 56.694669723510749 -0.90892156958580006 -34.359346389770501 0.93750000000000011 54.844379425048835 91.815696716308608 -0.50648479163646687 25.803184509277347 43.983234405517585 37.897743225097663 75.244171142578139 40.230964660644538 18.875000000000004 -0.99907308816909779 10.515893936157228 18.672810554504398 73.875000000000014 -0.15207348018884656 -0.2696967720985412 10.604359626770021 -0.01505099539645016 10.963186740875246 0.32308141887187963 0.29033823311328893 0.24059136956930163 3.0840389728546147 57.113914489746101 13.354095935821535
decision_type=2 2 2 2 2 2 2 2 2 2 2 2 2 2 2 2 2 2 2 2 2 2 2 2 2 2 2 2 2 2
left_child=1 2 3 4 -1 6 10 15 -9 -10 21 -12 -13 14 -8 -7 17 -17 -19 20 -15 -2 -23 24 -24 26 28 -28 29 -25
right_child=5 -3 -4 -5 -6 7 13 8 9 -11 11 12 -14 19 -16 16 -18 18 -20 -21 -22 22 23 25 -26 -27 27 -29 -30 -31
leaf_value=-0.18178354863404553 -0.0033000324163051614 -0.027005722054289458 -0.0763624102393613 0.028435438009041449 0.17219024784078132 0.26637978970495169 0.532922208546039 -0.086324849474470708 0.068396820999621383 0.74531455353342535 -0.26214286599322889 -0.063684546873932157 0.34741386296825677 0.044560384056371631 0.035368314144223235 -0.064363115608140745 -0.12806519371356803 0.49534602781783227 0.059208438873250245 -0.15623420356753745 0.59243737876651781 0.024806848740743601 -0.13983539963266939 0.087929754948276886 0.47607753519963353 -0.21241413970355627 0.9198302861812504 0.16082703507363291 0.31675493381123032 -0.1873044393743106
leaf_weight=343 403011 5508 1396 9520 3888 246 297 577 236 227 1008 1350 208 1452 205 5729 4582 282 721 429 242 72297 5762 1999 211 668 205 462 337 1239
leaf_count=343 403011 5508 1396 9520 3888 246 297 577 236 227 1008 1350 208 1452 205 5729 4582 282 721 429 242 72297 5762 1999 211 668 205 462 337 1239
internal_value=8.86416e-05 0.0300815 0.0508446 0.0638048 0.143133 -0.00114115 -3.37447e-05 -0.044294 0.135993 0.409017 -0.000682632 -0.107817 -0.00693543 0.120329 0.334397 -0.0606171 -0.0679559 -0.0269145 0.185511 0.0683801 0.125846 -0.000114997 0.0153152 -0.0477039 -0.117319 0.0370485 0.0767393 0.404245 0.0146783 -0.0176393
internal_weight=524637 20655 15147 13751 4231 503982 491382 12600 1040 463 488757 2566 1558 2625 502 11560 11314 6732 1003 2123 1694 486191 83180 10883 5973 4910 4242 667 3575 3238
internal_count=524637 20655 15147 13751 4231 503982 491382 12600 1040 463 488757 2566 1558 2625 502 11560 11314 6732 1003 2123 1694 486191 83180 10883 5973 4910 4242 667 3575 3238
is_linear=0
shrinkage=0.04


Tree=107
num_leaves=31
num_cat=0
split_feature=10 11 10 7 10 9 17 10 4 8 10 10 2 13 10 10 14 12 10 9 4 10 10 4 12 13 10 10 4 12
split_gain=11658.8 11873 40838.3 39880.5 38625.1 59235.8 22714.2 26859.3 33404.3 47168.1 22395.7 65352.6 44171.4 43259.6 40675.7 39772.4 41964 44206.4 42484.2 30681.8 56464.2 29178.7 63327.6 41174.7 40096.4 40044.4 60994.9 50963.3 33028.7 28220.6
threshold=0.48030318319797521 -0.14463099837303159 -0.96463498473167408 8.4144577980041522 -0.9769422411918639 73.625000000000014 0.060321712866425521 -0.97312742471694935 1.0000000180025095e-35 19.375000000000004 -0.87395131587982167 -0.81984052062034596 38.733175277709968 9.6759161949157733 -0.84828248620033253 -0.92599865794181813 27.116916656494144 25.475729942321781 -0.8978554606437682 73.875000000000014 13.471609592437746 -0.59262362122535694 -0.64659911394119252 0.15803918242454532 22.413486480712894 20.951704978942875 -0.76762619614601124 -0.74512827396392811 13.968427658081056 0.94067907333374035
decision_type=2 2 2 2 2 2 2 2 2 2 2 2 2 2 2 2 2 2 2 2 2 2 2 2 2 2 2 2 2 2
left_child=1 2 3 4 5 -1 -6 8 9 -8 12 13 -4 14 -12 -14 18 -18 -17 20 -16 22 23 24 25 -13 -27 -28 -23 -15
right_child=-2 -3 10 -5 6 -7 7 -9 -10 -11 11 21 15 29 19 16 17 -19 -20 -21 -22 28 -24 -25 -26 26 27 -29 -30 -31
leaf_value=0.53574372055457897 -0.054861768963491535 -0.0094925804135359438 -0.033831894778753473 -0.02336079881196532 0.10097628325492947 0.012951481751250278 0.18933822907096878 0.14162306753510026 0.19214088572790988 0.95384553240906256 -0.046197188571442727 0.052322381223630199 -0.036203390902444149 0.60937598257839121 -0.0022049150662822323 0.35921077925378131 0.81989060949008141 0.16834111031829097 -0.21758641486513763 0.071435147142505442 0.83293140457057557 0.00051583215154407734 -0.099923648858809527 -0.027423631348613805 -0.16289090004417286 -0.03357547477947978 1.0711613830463231 0.20682057598532549 0.044017927670562666 0.14138128750649837
leaf_weight=351 6096 134493 45321 7272 4686 8816 235 1709 640 294 5917 14030 1217 204 276 403 337 333 395 7358 234 193695 13716 35290 1296 380 220 219 32619 6585
leaf_count=351 6096 134493 45321 7272 4686 8816 235 1709 640 294 5917 14030 1217 204 276 403 337 333 395 7358 234 193695 13716 35290 1296 380 220 219 32619 6585
internal_value=8.7982e-05 0.00073502 0.00431686 0.0548238 0.0887997 0.0335309 0.155649 0.244009 0.39122 0.624039 0.000948308 0.00486149 -0.0244831 0.0737439 0.0329922 0.132858 0.27231 0.503299 0.074544 0.0925284 0.389624 -3.15859e-06 -0.0235893 -0.00321798 0.0496754 0.068325 0.338522 0.654185 0.00678753 0.156319
internal_weight=524637 518541 384048 24003 16731 9167 7564 2878 1169 529 360045 312039 48006 20574 13785 2685 1468 670 798 7868 510 291465 65151 51435 16145 14849 819 439 226314 6789
internal_count=524637 518541 384048 24003 16731 9167 7564 2878 1169 529 360045 312039 48006 20574 13785 2685 1468 670 798 7868 510 291465 65151 51435 16145 14849 819 439 226314 6789
is_linear=0
shrinkage=0.04


Tree=108
num_leaves=31
num_cat=0
split_feature=6 3 7 9 11 4 8 13 9 14 11 11 10 10 3 2 12 17 7 4 12 8 10 7 10 4 17 11 13 12
split_gain=11172.3 24005.7 21839.4 15265.3 15799.7 14584.2 13005.5 12122.6 11485 26116.9 16895.5 23363.3 28365.5 35931.5 34139.1 35224.3 33001.3 27219.5 23924.4 20348 27971.1 27424.2 21187.1 47226.8 33798.7 32371.8 44089.9 67437.4 30169.2 26017.6
threshold=74.795677185058608 32.619159698486335 64.519947052001967 73.125000000000014 -0.98801845312118519 15.533803939819338 17.125000000000004 45.115659713745124 73.625000000000014 42.708112716674812 -0.99983122944831837 -0.92921787500381459 -0.25309335440397257 -0.21966676414012906 4.3104057312011728 42.960096359252937 44.750728607177741 -4.3553116321563712 43.983234405517585 52.737417221069343 6.199549913406373 17.875000000000004 0.3393120169639588 3.9941370487213139 0.27383534610271459 0.14904007315635684 -4.1210241317749015 -0.98049351572990406 7.930220603942872 35.957632064819343
decision_type=2 2 2 2 2 2 2 2 2 2 2 2 2 2 2 2 2 2 2 2 2 2 2 2 2 2 2 2 2 2
left_child=2 5 8 -3 -5 -2 -4 -6 10 -10 -1 12 14 16 -12 17 -14 -16 -17 22 -21 -22 24 -24 25 26 27 -15 -26 -27
right_child=1 3 6 4 7 -7 -8 -9 9 -11 11 -13 13 19 15 18 -18 -19 -20 20 21 -23 23 -25 28 29 -28 -29 -30 -31
leaf_value=-0.19007043426596426 0.10292942779404778 -0.23283690390625938 0.065078772326228038 -0.21883536419338651 0.37212746349568981 0.57529099336600509 -0.27811877201361279 0.061387554219839741 -0.0011811183796485774 -0.15438698283449298 0.6681087742591727 0.0044938029352321173 -0.022822034415271548 0.068851239219659105 0.27135056191856421 0.62681484017635414 -0.64783437860227822 -0.13976515183041177 0.087562005726093975 -0.097703262523693199 0.15705383889520794 0.70263567257516746 0.021849233518339676 0.7515743555849147 0.069869022939983316 -0.055205243191362476 0.08515533342584243 0.95814410457139687 -0.32602589089170436 0.15819649915466
leaf_weight=599 200 295 231 215 277 222 698 687 474302 1777 222 32903 350 287 402 316 211 678 227 262 353 253 427 203 517 3516 1789 253 741 1224
leaf_count=599 200 295 231 215 277 222 698 687 474302 1777 222 32903 350 287 402 316 211 678 227 262 353 253 427 203 517 3516 1789 253 741 1224
internal_value=8.88515e-05 0.0967561 -0.000263608 0.0197672 0.0843984 0.358988 -0.192997 0.153581 8.32134e-05 -0.0017562 0.0192277 0.0220469 0.0692247 0.0434442 0.213333 0.147417 -0.265127 0.0143468 0.407041 0.061315 0.245135 0.392539 0.043248 0.265052 0.0261691 0.0602057 0.181973 0.495347 -0.164057 0.000118062
internal_weight=524637 1896 522741 1474 1179 422 929 964 521812 476079 45733 45134 12231 10386 1845 1623 561 1080 543 9825 868 606 8957 630 8327 7069 2329 540 1258 4740
internal_count=524637 1896 522741 1474 1179 422 929 964 521812 476079 45733 45134 12231 10386 1845 1623 561 1080 543 9825 868 606 8957 630 8327 7069 2329 540 1258 4740
is_linear=0
shrinkage=0.04


Tree=109
num_leaves=31
num_cat=0
split_feature=8 15 16 10 7 6 7 4 18 7 8 3 4 9 10 10 17 0 9 3 11 16 12 17 14 10 15 10 10 9
split_gain=10990.3 13908.7 21570.4 36667.6 30860.8 21096.2 17036.7 22857.7 18185.1 16593.1 17248.3 16575.2 30569.9 27432.4 15774.2 21972.5 30055.8 15199.3 13886.6 14636.6 21927.2 23303.4 13857.6 18412.5 13357.7 37908.9 32415.6 34900.6 32041.9 28145
threshold=16.625000000000004 0.93750000000000011 91.815696716308608 -0.50648479163646687 25.803184509277347 54.844379425048835 43.983234405517585 37.897743225097663 75.244171142578139 40.230964660644538 18.875000000000004 8.46502733230591 18.672810554504398 73.875000000000014 -0.01505099539645016 -0.38341410458087916 5.079538345336915 33.666446685791023 74.125000000000014 56.694669723510749 -0.90892156958580006 -34.359346389770501 25.475729942321781 -25.588259696960446 14.914422988891603 -0.01505099539645016 0.43750000000000006 0.27383534610271459 -0.049434980377554887 73.625000000000014
decision_type=2 2 2 2 2 2 2 2 2 2 2 2 2 2 2 2 2 2 2 2 2 2 2 2 2 2 2 2 2 2
left_child=18 5 11 -4 -5 6 24 -8 -9 10 -7 12 -3 -14 15 22 17 -17 19 20 21 -1 23 -11 -2 28 -27 29 -26 -28
right_child=1 2 3 4 -6 9 7 8 -10 14 -12 -13 13 -15 -16 16 -18 -19 -20 -21 -22 -23 -24 -25 25 26 27 -29 -30 -31
leaf_value=-0.17567017788014697 -0.0022076246847518022 -0.050518098817546611 -0.081619543553499763 0.065623276701303038 0.71489285492695842 0.50716123664466484 -0.25063110247481257 -0.061187653399784776 0.33234188451679475 -0.091240093325948207 0.031695003520610721 -0.11180249466007583 0.574620458061603 0.069237974174430589 -0.23325278374153796 0.21485198757865212 -0.12931700818750957 0.65343541315163423 -0.025676937572214679 -0.074576896016829111 0.02724930869318987 0.1645729304238745 -0.12945822132877047 0.38518043650457495 0.030223367465877598 -0.14082391296744179 0.2968704044063934 -0.33994643171764405 0.33235096017519633 -0.040942217879517594
leaf_weight=343 440991 5535 577 236 227 297 1008 1350 208 253 205 5134 223 668 244 276 209 249 5508 1396 9520 3888 642 250 38902 3888 819 282 560 749
leaf_count=343 440991 5535 577 236 227 297 1008 1350 208 253 205 5134 223 668 244 276 209 249 5508 1396 9520 3888 642 250 38902 3888 819 282 560 749
internal_value=8.7923e-05 -0.00108436 -0.0425648 0.131107 0.392332 -1.98781e-05 -0.000628409 -0.103225 -0.00686523 0.112857 0.317408 -0.0582891 -0.0154277 0.200699 0.0632278 0.102759 0.271999 0.431191 0.0286784 0.0484479 0.0609825 0.136641 -0.00714804 0.148442 -8.48178e-05 0.0206221 -0.0753594 0.0622398 0.0345939 0.136268
internal_weight=524637 503982 12600 1040 463 491382 488757 2566 1558 2625 502 11560 6426 891 2123 1879 734 525 20655 15147 13751 4231 1145 503 486191 45200 5738 1850 39462 1568
internal_count=524637 503982 12600 1040 463 491382 488757 2566 1558 2625 502 11560 6426 891 2123 1879 734 525 20655 15147 13751 4231 1145 503 486191 45200 5738 1850 39462 1568
is_linear=0
shrinkage=0.04


Tree=110
num_leaves=31
num_cat=0
split_feature=10 11 11 13 10 10 7 10 9 6 8 12 7 10 10 2 13 10 10 14 9 10 4 3 10 10 4 10 10 10
split_gain=10837.8 11268.5 41156.8 25475.2 22105.4 30507.1 42953.7 39235.1 43845.9 78723.5 26962.1 21390 30479.8 20950.9 59809.9 40409.6 39751.1 37471.5 36367 38456.2 43064.4 39225.7 29251.1 42328.4 27289.1 58278.8 38037.9 37294.6 64987.1 84264.4
threshold=0.46514528989791876 0.078402601182460799 0.026874557137489322 1.0000000180025095e-35 -0.99166062474250782 -0.96463498473167408 8.6201691627502459 -0.9769422411918639 73.625000000000014 2.7180180549621586 17.375000000000004 1.0000000180025095e-35 4.4134004116058358 -0.87395131587982167 -0.81984052062034596 38.733175277709968 9.6759161949157733 -0.84828248620033253 -0.92599865794181813 27.116916656494144 73.375000000000014 -0.8978554606437682 27.66981410980225 2.9874356985092168 -0.59262362122535694 -0.64659911394119252 0.15803918242454532 -0.7785360813140868 -0.75648915767669667 -0.76762619614601124
decision_type=2 2 2 2 2 2 2 2 2 2 2 2 2 2 2 2 2 2 2 2 2 2 2 2 2 2 2 2 2 2
left_child=1 2 4 -4 10 6 7 8 9 -6 -1 -9 -13 15 16 -7 17 -15 -17 21 -21 -20 -19 -24 25 26 27 -16 29 -29
right_child=-2 -3 3 -5 5 13 -8 11 -10 -11 -12 12 -14 14 24 18 -18 22 19 20 -22 -23 23 -25 -26 -27 -28 28 -30 -31
leaf_value=0.078066277386107705 -0.042169657686075362 -0.011996013804646799 -0.014308077107379967 0.12342098062082847 -0.13406086408705623 -0.032402300513070886 -0.031747667048267592 0.037305168126329932 0.015758460856977293 0.94020337152060962 -0.043745862678819004 0.26424295807071974 0.073150028502660155 -0.044257070193821739 -0.045856811594495783 -0.034629767749886645 0.14996985797816689 0.068215128965583349 0.34460176814753413 0.11785899529854456 0.76378933202054866 -0.20963048674000637 -0.01712104102408114 0.70448725983552407 0.0068922342207908792 -0.09576331175650267 -0.026257996606977922 0.028920538216822052 0.041957496485657178 0.53840793551700172
leaf_weight=3240 9525 89916 3052 7235 206 45321 8199 2057 11163 217 27621 3362 2228 5917 4778 1217 6789 7354 403 299 371 395 237 277 222885 13716 35290 1018 9296 1053
leaf_count=3240 9525 89916 3052 7235 206 45321 8199 2057 11163 217 27621 3362 2228 5917 4778 1217 6789 7354 403 299 371 395 237 277 222885 13716 35290 1018 9296 1053
internal_value=8.62827e-05 0.000868446 0.00358911 0.0825846 0.0016286 0.00424613 0.0448863 0.0775547 0.0310916 0.426025 -0.030936 0.147819 0.188346 0.0011188 0.00494288 -0.0234605 0.0708137 0.0317494 0.127032 0.26038 0.481503 0.0710646 0.0888925 0.377784 0.000235525 -0.022535 -0.00299262 0.047846 0.0872387 0.289312
internal_weight=524637 515112 425196 10287 414909 384048 27432 19233 11586 423 30861 7647 5590 356616 308610 48006 20574 13785 2685 1468 670 798 7868 514 288036 65151 51435 16145 11367 2071
internal_count=524637 515112 425196 10287 414909 384048 27432 19233 11586 423 30861 7647 5590 356616 308610 48006 20574 13785 2685 1468 670 798 7868 514 288036 65151 51435 16145 11367 2071
is_linear=0
shrinkage=0.04


Tree=111
num_leaves=31
num_cat=0
split_feature=6 3 7 9 11 4 8 17 8 9 15 16 7 6 8 7 0 11 9 3 4 13 13 12 10 8 3 10 8 10
split_gain=10252 21989.2 19963.1 14025.3 14570 13381.8 11941.7 10499.3 17559.9 13182.3 10442.5 18275.4 38166.9 14949.4 14259.2 12853.4 14897.5 15980.4 11142.3 16643.6 13997.1 38310.2 30733 34506.9 19384.8 17382.2 13251.3 16556.2 18678 26970.1
threshold=74.795677185058608 32.619159698486335 64.519947052001967 73.125000000000014 -0.98932650685310353 15.533803939819338 17.125000000000004 12.535433292388918 17.625000000000004 73.375000000000014 0.93750000000000011 91.815696716308608 28.54398345947266 49.102416992187507 16.125000000000004 40.230964660644538 9.1880078315734881 -0.97507822513580311 79.625000000000014 0.41455322504043585 20.984331130981449 0.58001363277435314 10.447968482971193 4.80116891860962 -0.57868120074272145 19.875000000000004 25.891427993774418 -0.76762619614601124 20.375000000000004 -0.56456753611564625
decision_type=2 2 2 2 2 2 2 2 2 2 2 2 2 2 2 2 2 2 2 2 2 2 2 2 2 2 2 2 2 2
left_child=2 5 10 -3 -5 -2 -4 8 -6 -10 13 -12 -13 18 -15 16 -16 -18 -1 -20 26 -22 -23 -24 -25 -26 -21 -28 29 -29
right_child=1 3 6 4 7 -7 -8 -9 9 -11 11 12 -14 14 15 -17 17 -19 19 20 21 22 23 24 25 -27 27 28 -30 -31
leaf_value=-0.0015390974827669368 0.098398832582292109 -0.22312687637962278 0.06276114543691215 -0.21844336814658585 -0.021340869059296032 0.55085525600303864 -0.26608790319370856 -0.084636421744920781 0.16620640857013194 0.60769475643103721 -0.049724680469531352 -0.034608707677379107 0.49976840752835239 -0.14944179970001722 -0.040509834354811342 0.048656791505097816 0.041704757835554045 0.41597352306754992 -0.006551642192607952 0.041009648272878708 0.45722486218873848 -0.028264717374502014 0.49842139643692485 -0.06384926314568555 -0.0096319405167710551 0.42675552541679806 -0.13999224124934612 0.46978062311808266 -0.091631542836150076 0.029211186251185576
leaf_weight=456097 200 295 231 205 294 222 698 235 244 201 11721 701 297 358 264 1807 266 589 22989 18408 434 2343 434 651 245 350 1571 284 1085 918
leaf_count=456097 200 295 231 205 294 222 698 235 244 201 11721 701 297 358 264 1807 266 589 22989 18408 434 2343 434 651 245 350 1571 284 1085 918
internal_value=8.551e-05 0.0926861 -0.000252122 0.019001 0.0809513 0.343662 -0.184521 0.145545 0.218895 0.374593 7.94672e-05 -0.0357057 0.1278 0.000974196 0.0859119 0.115119 0.221062 0.301363 0.000421044 0.0184016 0.0398626 0.104493 0.0654014 0.195426 0.0867607 0.249877 0.0268843 -0.0404449 0.0282486 0.136323
internal_weight=524637 1896 522741 1474 1179 422 929 974 739 445 521812 12719 998 509093 3284 2926 1119 855 505809 49712 26723 4457 4023 1680 1246 595 22266 3858 2287 1202
internal_count=524637 1896 522741 1474 1179 422 929 974 739 445 521812 12719 998 509093 3284 2926 1119 855 505809 49712 26723 4457 4023 1680 1246 595 22266 3858 2287 1202
is_linear=0
shrinkage=0.04


Tree=112
num_leaves=31
num_cat=0
split_feature=7 9 10 10 10 12 14 17 9 7 10 10 2 10 7 4 17 4 10 10 11 7 12 9 16 10 4 4 17 5
split_gain=10085 10901.1 21638.6 39152.6 36254.3 97290.3 122717 91497 32176.6 35686.4 24301 75428 97824.6 47460.8 31292.6 29093.9 31007.5 26359.4 28950.3 25877.1 25090.4 35340.7 44651.5 31101.3 40304.9 60450 23018.3 22206.9 20725 20572.1
threshold=0.26011562347412115 76.625000000000014 -0.59262362122535694 -0.64659911394119252 -0.55028682947158802 1.0000000180025095e-35 1.1599404811859133 -6.9917736053466788 79.125000000000014 12.50445604324341 -0.76762619614601124 -0.74512827396392811 24.179338455200199 -0.80987083911895741 6.7461304664611825 6.8852860927581796 -0.93673783540725697 0.27280762791633612 -0.67245468497276295 -0.75648915767669667 -0.48501108586788172 11.944370746612551 0.065332084894180312 79.625000000000014 0.10562895238399507 -0.85671821236610401 65.19748687744142 0.14071644842624667 2.6399364471435551 11.465320110321047
decision_type=2 2 2 2 2 2 2 2 2 2 2 2 2 2 2 2 2 2 2 2 2 2 2 2 2 2 2 2 2 2
left_child=-1 -2 3 10 5 6 -4 -7 -9 -10 13 12 15 20 -15 16 19 18 -13 -12 21 23 -23 27 25 -25 -19 29 -11 -3
right_child=1 2 4 -5 -6 7 -8 8 9 28 11 17 -14 14 -16 -17 -18 26 -20 -21 -22 22 -24 24 -26 -27 -28 -29 -30 -31
leaf_value=-0.015034698715816031 -0.0029310676664706754 0.095695674185473895 1.3011424085072107 -0.10597009771661442 0.018692064212974414 0.65488864469683006 0.0084019344574692897 -0.088466296695076607 -0.016024639576256692 0.67905616025597437 0.20573848186442573 0.039805664301691177 1.0119656984551682 -0.020804817945547498 -0.21067023297166124 -0.0074675582790145276 0.12040784613528061 -0.050107468512706553 0.33004007038216865 0.71529155855871396 -0.0053566241114025087 0.47171827051876847 -0.14161929614946822 1.0410868880463438 0.045329422593360709 0.24915784830008539 0.36995705718217892 0.0042135710378056806 0.1621846572587739 0.38501677291312264
leaf_weight=62209 275904 1711 235 5539 78740 375 226 2159 705 245 312 3047 229 2723 2830 977 944 7231 662 342 68846 201 1908 201 723 611 205 3834 258 505
leaf_count=62209 275904 1711 235 5539 78740 375 226 2159 705 245 312 3047 229 2723 2830 977 944 7231 662 342 68846 201 1908 201 723 611 205 3834 258 505
internal_value=8.43654e-05 0.00211857 0.00958768 -0.00260399 0.0248114 0.139136 0.681025 0.0707399 0.00393361 0.168446 0.00324601 0.0521222 0.237167 -0.00486661 -0.117772 0.164615 0.269216 0.00539538 0.0923562 0.478961 0.00313007 0.0633453 -0.0812144 0.103594 0.263834 0.45547 -0.0380456 0.0625698 0.422271 0.163062
internal_weight=524637 462428 186524 103581 82943 4203 461 3742 3367 1208 98042 13949 2804 84093 5553 2575 1598 11145 3709 654 78540 9694 2109 7585 1535 812 7436 6050 503 2216
internal_count=524637 462428 186524 103581 82943 4203 461 3742 3367 1208 98042 13949 2804 84093 5553 2575 1598 11145 3709 654 78540 9694 2109 7585 1535 812 7436 6050 503 2216
is_linear=0
shrinkage=0.04


Tree=113
num_leaves=31
num_cat=0
split_feature=8 9 8 7 0 11 10 9 11 14 15 16 10 13 6 11 3 4 9 7 4 18 10 10 3 3 12 13 9 10
split_gain=9998.92 12730.1 14171 22867.4 22674.9 16578.9 15222.9 15396.7 13851.7 15549.2 12006.7 18804.7 33122.6 28761.4 18131 16175.7 15329.3 31089.3 27543.7 15228.2 21223.9 16710.9 14415.3 20273.2 27548 26628.4 17844.6 14216.2 13576.4 12173.7
threshold=16.625000000000004 74.125000000000014 16.375000000000004 18.444861412048343 41.631088256835945 -0.99938741326332081 -0.85671821236610401 73.875000000000014 -0.91939276456832875 10.604359626770021 0.93750000000000011 91.815696716308608 -0.50648479163646687 52.602317810058601 54.844379425048835 -0.99907308816909779 8.46502733230591 18.672810554504398 73.625000000000014 43.983234405517585 37.897743225097663 75.244171142578139 -0.01505099539645016 -0.38341410458087916 30.353242874145511 39.961452484130866 24.202103614807132 48.609493255615241 73.125000000000014 -0.57868120074272145
decision_type=2 2 2 2 2 2 2 2 2 2 2 2 2 2 2 2 2 2 2 2 2 2 2 2 2 2 2 2 2 2
left_child=1 2 3 6 -4 -5 -1 8 -8 -10 14 15 -13 -14 19 -12 17 28 -19 -2 -21 -22 23 24 26 -25 -16 -27 -17 -18
right_child=10 -3 4 5 -6 -7 7 -9 9 -11 11 12 13 -15 22 16 29 18 -20 20 21 -23 -24 25 -26 27 -28 -29 -30 -31
leaf_value=0.016368739491513677 -9.2837867567075816e-05 -0.024685624114194227 0.065783354254817017 0.28940992599110965 0.31148991030666345 -0.064518420312737648 0.39848712394219393 0.051114623803351272 0.2536084179946147 -0.11048597092149963 0.26039757275779268 -0.07956934581775682 0.67056084178327535 0.044146327041875461 0.57082878095684231 -0.32910808155502097 -0.022496160123664909 0.58422697884084929 0.069865429275109275 -0.2396449845325575 -0.056850643266211538 0.32038935766606635 -0.12973394932812207 -0.020210838466387649 -0.069163329602038151 0.61422711383118189 0.050965451673684624 0.20346358809751625 -0.040932838313555278 -0.15594495234225594
leaf_weight=3686 486191 5508 3409 213 722 4262 516 1510 555 274 246 577 236 227 206 266 1612 213 672 1008 1350 208 355 291 983 334 211 245 5134 3417
leaf_count=3686 486191 5508 3409 213 722 4262 516 1510 555 274 246 577 236 227 206 266 1612 213 672 1008 1350 208 355 291 983 334 211 245 5134 3417
internal_value=8.65148e-05 0.027357 0.0462854 0.0225489 0.109375 -0.0470645 0.0701737 0.13934 0.23728 0.133386 -0.00103165 -0.0395716 0.122584 0.370868 -4.26223e-05 -0.0542534 -0.0613188 -0.0196126 0.198805 -0.000606769 -0.097605 -0.0047653 0.104601 0.141657 0.0467257 0.292152 0.315134 0.446821 -0.0557102 -0.113299
internal_weight=524637 20655 15147 11016 4131 4475 6541 2855 1345 829 503982 12600 1040 463 491382 11560 11314 6285 885 488757 2566 1558 2625 2270 1400 870 417 579 5400 5029
internal_count=524637 20655 15147 11016 4131 4475 6541 2855 1345 829 503982 12600 1040 463 491382 11560 11314 6285 885 488757 2566 1558 2625 2270 1400 870 417 579 5400 5029
is_linear=0
shrinkage=0.04


Tree=114
num_leaves=31
num_cat=0
split_feature=11 11 7 6 10 12 9 7 12 4 7 10 12 9 12 7 4 3 3 10 14 9 10 10 11 10 8 13 4 6
split_gain=10074.8 22358.4 20865.9 33852.7 69312.3 46766.2 40632.1 30925.8 28880.8 27986.2 20244.4 17705 17700.3 22862.9 35895.1 82000.3 21620 20342.2 19977.4 16925.2 21240.7 16619.1 27944.9 14727.7 13894.6 36156.1 54192.5 40265.4 50457.6 87908.2
threshold=-0.99628248810768116 -0.99465739727020253 9.249120235443117 24.331348419189457 -0.01505099539645016 26.89951324462891 73.625000000000014 37.250717163085945 12.936338901519777 5.3095715045928964 30.185176849365238 -0.049434980377554887 1.0000000180025095e-35 75.625000000000014 6.902379274368287 10.112575054168703 30.359670639038089 28.958769798278812 12.893336772918703 0.088045001029968276 6.5282723903656015 77.125000000000014 0.019350802991539243 0.05372969992458821 -0.92602273821830738 -0.35141934454441065 19.625000000000004 14.450694084167482 1.1773365736007693 9.7352647781372088
decision_type=2 2 2 2 2 2 2 2 2 2 2 2 2 2 2 2 2 2 2 2 2 2 2 2 2 2 2 2 2 2
left_child=2 12 21 10 5 6 -5 8 -6 -10 -4 -7 -2 16 15 18 17 -14 -15 20 -16 22 -1 -23 25 26 -3 28 29 -28
right_child=1 24 3 4 7 11 -8 -9 9 -11 -12 -13 13 14 19 -17 -18 -19 -20 -21 -22 23 -24 -25 -26 -27 27 -29 -30 -31
leaf_value=0.015844375233577609 -0.064116530153375956 -0.0019713925257537589 -0.10932333990578284 0.93281630986042929 -0.22320864656697151 -0.14997695194255739 0.17683308121334812 -0.34872848125480355 -0.082562371805310258 0.49005117075240356 -0.44303485778438578 0.3025654813007787 0.019043532254053752 0.11912174096134802 0.45604058591412822 0.90580881498701926 0.36329768513464461 -0.34640259885615821 0.53670964868571525 -0.18510985978816949 -0.026746210935257517 0.017316919364101194 -0.086993288841058086 0.15149413403148468 -0.0032146918368231221 0.007052486798372044 0.2976801373927217 -0.049816290931109959 0.14902596385784961 1.1731450964642629
leaf_weight=10783 1226 3708 5722 249 427 305 213 581 260 272 298 237 2021 1490 203 276 245 267 201 470 459 6362 6942 1639 370332 106299 750 675 1487 238
leaf_count=10783 1226 3708 5722 249 427 305 213 581 260 272 298 237 2021 1490 203 276 245 267 201 470 459 6362 6942 1639 370332 106299 750 675 1487 238
internal_value=8.56707e-05 0.00155166 -0.0208724 -0.0749137 0.0472929 0.304264 0.595409 -0.121121 0.0189478 0.213842 -0.12655 0.0498024 0.0732158 0.103172 0.175854 0.2787 0.0139067 -0.0249243 0.171622 -0.00373035 0.125882 -0.00286026 -0.0244584 0.0449578 0.000533656 0.0128002 0.101749 0.223463 0.297895 0.518213
internal_weight=524637 490347 34290 8564 2544 1004 462 1540 959 532 6020 542 6858 5632 3099 1967 2533 2288 1691 1132 662 25726 17725 8001 483489 113157 6858 3150 2475 988
internal_count=524637 490347 34290 8564 2544 1004 462 1540 959 532 6020 542 6858 5632 3099 1967 2533 2288 1691 1132 662 25726 17725 8001 483489 113157 6858 3150 2475 988
is_linear=0
shrinkage=0.04


Tree=115
num_leaves=31
num_cat=0
split_feature=10 11 9 9 10 8 10 8 9 17 8 17 10 4 2 3 14 16 7 12 11 4 10 11 10 10 10 9 3 10
split_gain=9846.66 9883.5 14478.3 21432.7 32435.4 20803.1 23305.6 20194.3 23773.4 28479.6 24231.3 23749.7 37771.6 27151.3 38455.9 30823.9 34260.6 17994.8 16960.3 16435.9 15355.5 21169.3 15333 15158 69369.8 24951.3 19427.2 23303.6 17534.8 42582.6
threshold=0.48030318319797521 0.29753153026103979 74.125000000000014 75.625000000000014 -0.9193688929080962 19.625000000000004 0.30675521492958074 18.125000000000004 73.375000000000014 14.141862869262697 19.125000000000004 -0.13514477759599683 0.19020386785268786 7.7259042263031015 1.7264167666435244 1.0000000180025095e-35 14.914422988891603 -22.774954795837399 28.54398345947266 25.475729942321781 -0.19547851383686063 3.100061416625977 -0.99940761923789967 -0.92921787500381459 -0.35141934454441065 -0.31900864839553827 -0.083760455250740037 77.875000000000014 2.7573163509368901 -0.20285348594188687
decision_type=2 2 2 2 2 2 2 2 2 2 2 2 2 2 2 2 2 2 2 2 2 2 2 2 2 2 2 2 2 2
left_child=1 2 7 4 20 6 -6 11 10 -10 -9 12 -1 14 -14 -16 -17 -12 -11 22 21 -4 -5 24 -21 -26 27 -27 -29 -30
right_child=-2 -3 3 19 5 -7 -8 8 9 18 17 -13 13 -15 15 16 -18 -19 -20 23 -22 -23 -24 -25 25 26 -28 28 29 -31
leaf_value=-0.011246506500679791 -0.050413854470929803 -0.0171586407048872 0.098065467757422739 -0.04749640103530018 -0.048751365354796142 0.005283786964996027 0.028031024974628671 0.073545286009288918 -0.022309988471133226 -0.13767135576539244 -0.15794964007282061 0.067274926360313389 0.051696207256780737 -0.2478244284252788 0.048897567280100585 0.97399915814399718 0.31511741869524124 0.0053866623962968655 -0.5282180250608004 0.69614826606207603 0.00019419211878756004 -0.022325671990615092 0.0097855981479560601 -0.061475396978614594 -0.34436011683560624 -0.073538022201007441 -0.058878135596933889 0.29709265528167272 -0.13582198112146229 0.3671959138037893
leaf_weight=18161 6096 45339 6967 7703 55728 21825 7128 9936 20265 599 1200 20967 890 205 231 222 310 9978 250 221 25317 3509 244279 10766 327 1009 3231 857 695 426
leaf_count=18161 6096 45339 6967 7703 55728 21825 7128 9936 20265 599 1200 20967 890 205 231 222 310 9978 250 221 25317 3509 244279 10766 327 1009 3231 857 695 426
internal_value=8.5288e-05 0.00067992 0.00238942 -0.000842698 -0.0148674 -0.0283601 -0.040041 0.0175352 -0.00187862 -0.0318838 0.0281275 0.0375329 0.00636446 0.177641 0.231579 0.43802 0.602962 -0.0122736 -0.257484 0.00542675 0.0170532 0.0577569 0.00803269 -0.0320109 0.0148943 -0.00913599 0.00901782 0.0824114 0.161933 0.0568903
internal_weight=524637 518541 473202 389988 120474 84681 62856 83214 42228 21114 21114 40986 20019 1858 1653 763 532 11178 849 269514 35793 10476 251982 17532 6766 6545 6218 2987 1978 1121
internal_count=524637 518541 473202 389988 120474 84681 62856 83214 42228 21114 21114 40986 20019 1858 1653 763 532 11178 849 269514 35793 10476 251982 17532 6766 6545 6218 2987 1978 1121
is_linear=0
shrinkage=0.04


Tree=116
num_leaves=31
num_cat=0
split_feature=8 10 13 10 3 13 5 9 11 9 15 7 10 10 10 12 10 10 2 4 12 13 8 8 10 10 9 12 7 10
split_gain=9468.56 10214.1 32322.7 29189.3 37046.7 23980.9 40261.7 24399.2 22449.7 58580.8 21270.7 21841.8 21969.7 35879.4 30223.4 25337.6 18179.6 96596.5 89929.1 52636.8 38373.6 29912.9 29094.2 44979.4 28338.6 69678.2 44070.3 46765.9 34855.7 39612.7
threshold=15.875000000000002 -0.01505099539645016 27.442469596862797 -0.38341410458087916 1.0000000180025095e-35 75.981067657470717 94.673366546630874 73.375000000000014 -0.93543598055839527 76.875000000000014 1.0000000180025095e-35 48.610565185546882 0.1393099054694176 0.20706263184547427 0.29033823311328893 68.763542175292983 -0.74512827396392811 -0.76762619614601124 24.179338455200199 6.3230762481689462 6.902379274368287 0.37170210480690008 17.875000000000004 19.875000000000004 -0.80987083911895741 -0.84828248620033253 73.625000000000014 3.8833625316619877 14.322695255279543 -0.82956761121749867
decision_type=2 2 2 2 2 2 2 2 2 2 2 2 2 2 2 2 2 2 2 2 2 2 2 2 2 2 2 2 2 2
left_child=-1 3 -3 16 8 6 -6 -7 -5 -10 -4 12 15 -14 -15 -12 17 24 19 20 21 -19 -23 -24 25 -2 27 -27 -29 -30
right_child=1 2 10 4 5 7 -8 -9 9 -11 11 -13 13 14 -16 -17 -18 18 -20 -21 -22 22 23 -25 -26 26 -28 28 29 -31
leaf_value=0.060328754259906997 -0.0034015648335804878 -0.006929945373389648 -0.33542772190999987 -0.024132713749702227 0.045808215310045489 -0.0082778695978616406 0.58340567466470283 -0.53819591381090104 -0.043066267736636681 0.4587817372983008 -0.030292778194642819 -0.39881948790460264 -0.38540862700124612 0.13102329808303828 -0.29327964205853185 0.35437826465536681 -0.018115842299228972 0.07018903862558587 0.73837707095223992 -0.041831857616469369 -0.044579845004338065 0.023496866695465607 0.58868395618229774 0.20629694741310498 -0.05724151156630583 0.85965249606783356 0.066760175700342886 -0.047359218608769703 0.72042582718553649 0.059713615420684735
leaf_weight=4131 215082 103895 615 23733 48673 370 214 213 1086 555 1131 308 631 780 397 351 88452 970 384 2225 830 403 981 1011 13608 201 12348 482 301 276
leaf_count=4131 215082 103895 615 23733 48673 370 214 213 1086 555 1131 308 631 780 397 351 88452 970 384 2225 830 403 981 1011 13608 201 12348 482 301 276
internal_value=8.26939e-05 -0.000396599 -0.01134 0.00247237 0.0250705 0.0452223 0.0482803 -0.207695 -0.0142205 0.128414 -0.119821 -0.0821401 -0.0513748 -0.144611 -0.0133584 0.0625781 -0.00253879 0.00299286 0.151524 0.115329 0.198587 0.25852 0.334187 0.396611 -0.00118414 0.00215387 0.0898986 0.314344 0.20377 0.410785
internal_weight=524637 520506 108108 412398 74844 49470 48887 583 25374 1641 4213 3598 3290 1808 1177 1482 337554 249102 6804 6420 4195 3365 2395 1992 242298 228690 13608 1260 1059 577
internal_count=524637 520506 108108 412398 74844 49470 48887 583 25374 1641 4213 3598 3290 1808 1177 1482 337554 249102 6804 6420 4195 3365 2395 1992 242298 228690 13608 1260 1059 577
is_linear=0
shrinkage=0.04


Tree=117
num_leaves=31
num_cat=0
split_feature=6 3 7 9 3 4 8 9 14 10 8 9 8 18 1 2 3 11 13 10 10 17 3 18 0 10 10 16 11 13
split_gain=9420.7 20278.4 18396.4 12815.6 13819.6 12078 10765.1 9209.24 24291.1 16644.4 15274.3 26743.5 22012.3 24950.9 18124.6 16397.5 22687.1 24375.2 21984.9 17203.7 29934.2 48880.6 20191 17055.2 16979.8 22345.2 19462.4 15188.3 15001.8 14402.9
threshold=74.795677185058608 32.619159698486335 64.519947052001967 73.125000000000014 135.4094161987305 15.533803939819338 17.125000000000004 73.625000000000014 42.708112716674812 -0.36747109889984125 18.375000000000004 73.375000000000014 19.125000000000004 102.4330520629883 24.719000816345218 33.379358291625984 12.026931762695314 -0.99818569421768177 48.609493255615241 0.07089784182608129 0.24059136956930163 -7.7152950763702384 3.6476514339447026 45.030931472778327 98.417060852050795 -0.16905184835195539 -0.31900864839553827 -23.818926811218258 -0.95502570271491993 37.509904861450202
decision_type=2 2 2 2 2 2 2 2 2 2 2 2 2 2 2 2 2 2 2 2 2 2 2 2 2 2 2 2 2 2
left_child=2 5 7 -3 -5 -2 -4 10 -9 -10 15 12 13 -12 -13 18 -17 -18 19 -1 21 -21 -23 -22 25 26 -19 -14 -15 -29
right_child=1 3 6 4 -6 -7 -8 8 9 -11 11 14 27 28 -16 16 17 24 -20 20 23 22 -24 -25 -26 -27 -28 29 -30 -31
leaf_value=0.012167142557393179 0.096657428525743022 -0.21336093154109892 0.057716417253264755 0.0082825829910164045 0.34707536656009269 0.5267363926781149 -0.2545718644795108 -0.001016407989316018 -0.044247006319944514 -0.29203990308528249 0.051356451817327405 -0.047564158473080403 -0.16083360373009264 0.57228095481375696 -0.23678903596359072 0.24291690813242131 0.42702988834292804 -0.023447253632523951 -0.28422821885388755 -0.092682740524921828 0.072780781601167674 0.19839796664218556 0.69842322517283917 -0.30631111785133869 0.34028277086782027 -0.25671206949875625 0.3156025659816909 -0.016326557131131788 0.14051518277775857 0.14020676190187878
leaf_weight=13191 200 295 231 947 232 222 698 474302 1035 742 7048 4499 1040 228 980 1421 233 1375 350 311 1896 211 372 201 212 508 327 10002 300 1028
leaf_count=13191 200 295 231 947 232 222 698 474302 1035 742 7048 4499 1040 228 980 1421 233 1375 350 311 1896 211 372 201 212 508 327 10002 300 1028
internal_value=8.14379e-05 0.0888481 -0.000242215 0.0180887 0.0773075 0.329863 -0.177132 7.60966e-05 -0.00157102 -0.14877 0.0172191 -0.00371807 0.0180827 0.0714786 -0.0817795 0.0427349 0.114496 0.0451099 0.0249835 0.0318429 0.118288 0.310722 0.523851 0.035163 0.00676379 -0.0266186 0.0431563 -0.0154638 0.334131 -0.00162381
internal_weight=524637 1896 522741 1474 1179 422 929 521812 476079 1777 45733 25125 19646 7576 5479 20608 4076 2655 16532 16182 2991 894 583 2097 2422 2210 1702 12070 528 11030
internal_count=524637 1896 522741 1474 1179 422 929 521812 476079 1777 45733 25125 19646 7576 5479 20608 4076 2655 16532 16182 2991 894 583 2097 2422 2210 1702 12070 528 11030
is_linear=0
shrinkage=0.04


Tree=118
num_leaves=31
num_cat=0
split_feature=11 11 7 6 10 12 9 7 12 4 7 4 14 7 14 14 10 9 3 4 9 10 2 10 9 14 10 11 10 8
split_gain=9321.67 20487.6 19953 30446.6 62972.9 43404.4 37161.4 28254 25307.7 25957.5 19021.8 16940.1 16779.7 21628.1 75574 24598.2 17460.4 29121.2 19619 15424.5 14966.6 25505.2 13661.2 13630.5 13436 13207.3 12934.9 11718.2 31336.4 48167.1
threshold=-0.99628248810768116 -0.99465739727020253 9.249120235443117 24.331348419189457 -0.01505099539645016 26.89951324462891 73.625000000000014 37.250717163085945 12.936338901519777 5.3095715045928964 30.185176849365238 7.6024122238159189 34.566368103027351 10.112575054168703 4.5908789634704599 21.521177291870121 0.088045001029968276 75.125000000000014 11.057945728302004 5.8949961662292489 77.125000000000014 0.019350802991539243 6.7580270767211923 0.05372969992458821 74.125000000000014 6.6954131126403817 0.019350802991539243 -0.92602273821830738 -0.35141934454441065 19.625000000000004
decision_type=2 2 2 2 2 2 2 2 2 2 2 2 2 2 2 2 2 2 2 2 2 2 2 2 2 2 2 2 2 2
left_child=2 12 20 10 5 6 -5 8 -6 -10 -4 -7 13 16 -15 19 17 -2 22 -16 21 -1 -19 -22 -18 -25 -9 28 29 -3
right_child=1 27 3 4 7 11 -8 26 9 -11 -12 -13 -14 14 15 -17 24 18 -20 -21 23 -23 -24 25 -26 -27 -28 -29 -30 -31
leaf_value=0.015540515453496488 -0.087742793974303554 -0.0031922811812666336 -0.10519796245691118 0.89106148944398156 -0.21031055653531711 0.23246247575847531 0.16815126598950461 -0.088480609113519848 -0.086424905560634743 0.46485799587893151 -0.42866579118889286 -0.21142110060359431 -0.23760138060692904 0.83191642138542554 -0.20609998549504227 0.33467101205438377 0.25222109234716039 0.20990599064749454 0.57020876174960378 0.15313418369119366 0.01632134615132233 -0.082705335608631345 -0.09815522779809667 0.20940469177746773 -0.056535560196236852 -0.053756314563430607 -0.48000482765726143 -0.0029269279905417321 0.0064294123479250532 0.20933749327237303
leaf_weight=10783 761 3708 5722 249 427 311 213 221 260 272 298 231 263 254 435 390 239 1328 201 326 6362 6942 272 1240 2389 399 360 370332 106299 3150
leaf_count=10783 761 3708 5722 249 427 311 213 221 260 272 298 231 263 254 435 390 239 1328 201 326 6362 6942 272 1240 2389 399 360 370332 106299 3150
internal_value=7.97191e-05 0.00148985 -0.0200797 -0.0729256 0.0429755 0.28792 0.568395 -0.117543 0.0163566 0.19881 -0.121894 0.0428768 0.0700904 0.0827019 0.221366 0.0806262 0.0448102 0.118911 0.206233 -0.0522197 -0.00246618 -0.0229624 0.157251 0.0429121 -0.0276064 0.145403 -0.335094 0.000515363 0.0117803 0.094589
internal_weight=524637 490347 34290 8564 2544 1004 462 1540 959 532 6020 542 6858 6595 1405 1151 5190 2562 1801 761 25726 17725 1600 8001 2628 1639 581 483489 113157 6858
internal_count=524637 490347 34290 8564 2544 1004 462 1540 959 532 6020 542 6858 6595 1405 1151 5190 2562 1801 761 25726 17725 1600 8001 2628 1639 581 483489 113157 6858
is_linear=0
shrinkage=0.04


Tree=119
num_leaves=31
num_cat=0
split_feature=10 11 11 7 6 10 12 7 7 12 4 7 14 12 9 12 7 4 3 3 14 9 10 7 10 6 4 10 12 9
split_gain=9098.25 9249.62 18487.8 18385.8 28109.9 58193.8 40141.8 35362.5 26393.5 25644.6 24935.1 17592.8 16422.4 16155.2 19922.5 32589.2 73723.6 19241.7 18862.6 17322.8 15518.7 13830.4 23788.3 16799.5 17220 11850.7 12446.8 24988.3 27096.6 34955.4
threshold=0.46514528989791876 -0.99628248810768116 -0.99465739727020253 9.249120235443117 24.331348419189457 -0.01505099539645016 26.89951324462891 30.185176849365238 34.51555252075196 12.936338901519777 5.3095715045928964 30.185176849365238 39.52887153625489 1.0000000180025095e-35 75.625000000000014 6.902379274368287 10.112575054168703 30.359670639038089 28.958769798278812 12.893336772918703 6.0717356204986581 77.625000000000014 0.019350802991539243 3.0472218990325932 0.019350802991539243 1.3061969280242922 0.11500039696693422 -0.049434980377554887 1.171710252761841 74.625000000000014
decision_type=2 2 2 2 2 2 2 2 2 2 2 2 2 2 2 2 2 2 2 2 2 2 2 2 2 2 2 2 2 2
left_child=1 3 13 21 11 6 7 -6 9 -7 -11 -5 -8 -3 17 16 19 18 -15 -16 -17 22 25 24 -23 -1 -27 -28 -29 -30
right_child=-2 2 -4 4 5 8 12 -9 -10 10 -12 -13 -14 14 15 20 -18 -19 -20 -21 -22 23 -24 -25 -26 26 27 28 29 -31
leaf_value=-0.026548412773392174 -0.038638321624057857 -0.063805054812963363 0.0012821605361103545 -0.10099738521458203 0.15017398881925839 -0.19694946656800613 -0.17355434040578321 0.85584384810051983 -0.30263116130326501 -0.064672648224263829 0.51034104642597766 -0.4120758659189398 0.25906150351646995 0.018385320828245344 0.11144253811938068 0.22162389365091389 0.85644673377223368 0.34229275834794137 -0.33351950780579331 0.50030923531518734 -0.10137721059752591 0.0027395540789553995 -0.074212409686055344 0.017033166413657399 0.30782259331974721 -0.0091587317989264283 -0.039074494233676073 0.043454186035368755 0.020476660296428119 0.48207188456689798
leaf_weight=5514 9525 1226 473964 5722 209 413 274 253 658 232 237 298 268 2021 1490 326 276 245 267 201 806 503 7596 5030 710 2826 1266 1140 407 734
leaf_count=5514 9525 1226 473964 5722 209 413 274 253 658 232 237 298 268 2021 1490 326 276 245 267 201 806 503 7596 5030 710 2826 1266 1140 407 734
internal_value=7.81516e-05 0.000794799 0.00222635 -0.0192736 -0.0700018 0.0413629 0.276829 0.546557 -0.112944 0.0303743 0.230487 -0.117054 0.0411769 0.0673838 0.0960041 0.163852 0.261848 0.0126781 -0.0239531 0.160335 -0.00723133 -0.0023659 -0.0189696 0.0493979 0.182369 0.0163643 0.0534763 0.103265 0.182092 0.319027
internal_weight=524637 515112 480822 34290 8564 2544 1004 462 1540 882 469 6020 542 6858 5632 3099 1967 2533 2288 1691 1132 25726 19483 6243 1213 11887 6373 3547 2281 1141
internal_count=524637 515112 480822 34290 8564 2544 1004 462 1540 882 469 6020 542 6858 5632 3099 1967 2533 2288 1691 1132 25726 19483 6243 1213 11887 6373 3547 2281 1141
is_linear=0
shrinkage=0.04


Tree=120
num_leaves=31
num_cat=0
split_feature=8 10 6 3 7 9 8 15 16 7 6 8 13 10 3 3 10 10 10 14 3 4 10 11 10 10 10 10 10 9
split_gain=8915.79 9339.52 9015.15 19287.8 17101.8 12023.1 16664 9580.1 16032 35460.4 13875.2 12502.7 11824.4 13777.4 34363.8 17693.8 28564.9 64532.2 14730.7 12234.5 10927.6 20096.8 11055.3 21480.9 10282.3 28039.8 22237.1 13773.5 17661.9 9979.84
threshold=15.875000000000002 0.19020386785268786 74.795677185058608 32.619159698486335 64.519947052001967 73.375000000000014 17.625000000000004 0.93750000000000011 91.815696716308608 28.54398345947266 49.102416992187507 16.125000000000004 11.834570884704592 -0.88218119740486134 25.891427993774418 39.961452484130866 -0.38341410458087916 -0.15207348018884656 -0.49157854914665217 39.52887153625489 8.46502733230591 14.459445953369142 -0.46133413910865778 -0.96234029531478871 -0.21966676414012906 -0.10088855028152464 -0.25309335440397257 -0.31900864839553827 -0.56456753611564625 79.625000000000014
decision_type=2 2 2 2 2 2 2 2 2 2 2 2 2 2 2 2 2 2 2 2 2 2 2 2 2 2 2 2 2 2
left_child=1 -1 4 -4 7 -5 -7 10 20 -10 29 -12 -13 14 -14 19 18 -18 -17 -15 21 -9 -23 -24 26 -26 27 28 -22 -2
right_child=2 -3 3 5 -6 6 -8 8 9 -11 11 12 13 15 -16 16 17 -19 -20 -21 24 22 23 -25 25 -27 -28 -29 -30 -31
leaf_value=0.035069640177816656 -0.0019396251858673122 0.21307057382826528 0.32338561387894027 -0.093712735603757619 -0.17254464375827763 -0.036713970016533266 0.35028588863656063 -0.047378217496431417 -0.037284147597047325 0.4824761615862449 -0.200054130058784 -0.17109334721315375 0.66509150869302669 0.18182691556215286 -0.0023973523187187482 0.15350984670247408 0.74641244774121196 -0.024907479191556947 -0.27289585282277862 -0.12022206755505492 -0.030892569471880786 0.021976707303982518 -0.011704433364054514 0.49474534696559846 0.34156792057244501 -0.11625030765138712 -0.43647488240377014 0.13589719317952265 -0.21892070145451337 0.016939789044229252
leaf_weight=3597 452440 534 417 748 915 399 309 5367 696 290 221 219 229 290 255 281 334 349 224 745 1689 640 242 289 295 708 322 367 1514 49712
leaf_count=3597 452440 534 417 748 915 399 309 5367 696 290 221 219 229 290 255 281 334 349 224 745 1689 640 242 289 295 708 322 367 1514 49712
internal_value=7.71324e-05 0.0585382 -0.00038796 0.0869764 -0.00070514 0.0175245 0.134715 -0.000398109 -0.0350918 0.118896 0.000455254 0.0840503 0.106117 0.129091 0.320489 0.0861703 0.19085 0.357611 -0.0372549 -0.0346599 -0.0484642 -0.0145828 0.134855 0.267984 -0.0935958 0.0204447 -0.122962 -0.0935442 -0.120175 -7.03025e-05
internal_weight=524637 4131 520506 1873 518633 1456 708 517718 12419 986 505299 3147 2926 2707 484 2223 1188 683 505 1035 11433 6538 1171 531 4895 1003 3892 3570 3203 502152
internal_count=524637 4131 520506 1873 518633 1456 708 517718 12419 986 505299 3147 2926 2707 484 2223 1188 683 505 1035 11433 6538 1171 531 4895 1003 3892 3570 3203 502152
is_linear=0
shrinkage=0.04


Tree=121
num_leaves=31
num_cat=0
split_feature=14 9 8 3 16 11 11 11 10 11 10 4 7 10 11 11 4 13 17 15 13 7 3 14 10 10 11 7 11 10
split_gain=8606.8 9864.24 16910.9 14229.1 12871 13666.2 54650.4 21826.7 19079.4 35454.9 39426.5 42710.2 33005.5 19223.4 13716.3 29346.5 11092.1 15029.6 24168.9 12883.9 10544.4 12105.1 9795.73 14488.4 12014.1 10559.2 45317.1 51861.8 27227.9 40684.6
threshold=0.018652616068720821 79.625000000000014 20.625000000000004 41.322093963623054 -6.0524835586547843 -0.95752304792404164 -0.94703993201255787 -0.96904978156089772 -0.55028682947158802 -0.39233249425888056 -0.89015004038810719 0.27280762791633612 8.7234697341918963 -0.63338240981101979 -0.99052476882934559 -0.98212954401969899 3.4832201004028325 11.656563758850099 -7.9977762699127188 0.56250000000000011 45.115659713745124 27.04564189910889 135.4094161987305 34.566368103027351 -0.2696967720985412 -0.96235975623130787 -0.21231865882873532 6.9006783962249765 -0.48501108586788172 -0.80987083911895741
decision_type=2 2 2 2 2 2 2 2 2 2 2 2 2 2 2 2 2 2 2 2 2 2 2 2 2 2 2 2 2 2
left_child=-1 22 4 20 5 7 -7 14 9 10 -8 -12 -13 -14 -3 -16 19 -18 -19 -6 21 -4 25 -24 -25 26 27 -2 29 -27
right_child=1 2 3 -5 16 6 8 -9 -10 -11 11 12 13 -15 15 -17 17 18 -20 -21 -22 -23 23 24 -26 28 -28 -29 -30 -31
leaf_value=-0.017345533804924915 0.14507291804576236 -0.064226735623346437 -0.0046607402306055078 -0.16741963216972985 0.014152073813010051 0.72500326155835371 0.74664696286332954 -0.35174300185371848 -0.054417222836408659 -0.0083234818611833215 0.61934830162824195 0.47871666537204255 -0.088783706854501321 0.29852856843534747 0.50269278603030698 -0.03294950304579649 0.026985967391175439 0.47869676451955068 0.093871183395635494 -0.10527604625860243 -0.26191125300586221 0.26696389158566791 -0.084438536233093886 0.10621918752624296 0.46478107069950758 0.054712335561582462 0.00065678084127726219 -0.031258333097008359 -0.026235075367794441 -0.002638462043116453
leaf_weight=41752 7761 782 15609 892 11689 219 217 245 1089 1510 288 274 908 254 262 408 7581 288 2190 1639 240 257 347 441 223 21463 79938 4060 69134 252677
leaf_count=41752 7761 782 15609 892 11689 219 217 245 1089 1510 288 274 908 254 262 408 7581 288 2190 1639 240 257 347 441 223 21463 79938 4060 69134 252677
internal_value=7.56993e-05 0.00158233 0.0190233 -0.0128179 0.0371577 0.087115 0.121805 -0.0103119 0.0911785 0.137147 0.249779 0.183293 0.0921602 -0.00229684 0.0493105 0.180823 0.0233356 0.0550222 0.140341 -0.000602421 -0.00415702 -9.55368e-05 -0.000291621 0.123462 0.231749 -0.00058205 0.0114706 0.0845356 -0.00380404 0.00185349
internal_weight=524637 482885 46841 16998 29843 6456 4759 1697 4540 3451 1941 1724 1436 1162 1452 670 23387 10059 2478 13328 16106 15866 436044 1011 664 435033 91759 11821 343274 274140
internal_count=524637 482885 46841 16998 29843 6456 4759 1697 4540 3451 1941 1724 1436 1162 1452 670 23387 10059 2478 13328 16106 15866 436044 1011 664 435033 91759 11821 343274 274140
is_linear=0
shrinkage=0.04


Tree=122
num_leaves=31
num_cat=0
split_feature=8 3 11 16 9 10 4 14 7 14 2 11 1 15 11 11 11 12 4 6 8 9 7 12 4 10 10 8 13 10
split_gain=8618.43 11818.5 15598.1 19330.8 19603 24337.7 22291 35800.9 31035.1 20095.2 18241.9 11671 10650.7 10221.3 16362 20989.8 24764.9 51844.2 17339.9 15056.7 22397.3 19156 15454.7 14929.3 14020.7 28326.8 53379.8 12751 12224.4 18245.1
threshold=16.625000000000004 56.694669723510749 -0.90892156958580006 -34.359346389770501 73.875000000000014 -0.15207348018884656 0.16770023107528689 15.206191062927248 5.8907151222229013 18.386251449584964 63.806539535522468 -0.99907308816909779 57.163423538208015 0.93750000000000011 -0.99864786863327015 -0.99628248810768116 -0.98049351572990406 68.763542175292983 74.693923950195327 62.554058074951179 17.625000000000004 73.375000000000014 64.519947052001967 57.630865097045906 24.767127037048343 -0.36747109889984125 -0.50648479163646687 18.625000000000004 57.506156921386726 -0.31900864839553827
decision_type=2 2 2 2 2 2 2 2 2 2 2 2 2 2 2 2 2 2 2 2 2 2 2 2 2 2 2 2 2 2
left_child=1 2 3 -1 6 9 7 8 -5 -6 11 -8 -3 19 23 -16 17 -17 24 22 -21 28 -2 -15 27 26 -26 -18 29 -22
right_child=13 12 -4 4 5 -7 10 -9 -10 -11 -12 -13 -14 14 15 16 18 -19 -20 20 21 -23 -24 -25 25 -27 -28 -29 -30 -31
leaf_value=-0.18693423102286505 -0.00023977150270305088 -0.1436682866803474 0.0095185592541938251 0.26656021879985931 0.015472180112744822 -0.02836885505921815 0.32279608645893276 -0.026009478920545337 0.93988845212172623 0.36752683206022319 0.39851641772555663 -0.0023676168087736838 0.1007850161046957 -0.026654606687536997 -0.29752618036765865 -0.042964965128197391 0.034991150573029768 0.50987396722980782 -0.31208865049771239 -0.19061902235695904 -0.0051769694209472519 0.37995998768103606 -0.23021211806501651 0.44633507322502364 -0.018596246474630693 -0.23073981804253182 0.55150627339541602 -0.088420796889273331 -0.11247892966534975 0.47255166717625541
leaf_weight=376 489259 1124 13175 244 485 2303 200 224 207 550 284 1110 373 214 495 840 1661 390 391 297 309 509 458 201 840 384 372 6812 342 208
leaf_count=376 489259 1124 13175 244 485 2303 200 224 207 550 284 1110 373 214 495 840 1661 390 391 297 309 509 458 201 840 384 372 6812 342 208
internal_value=7.55086e-05 0.0253936 0.0338625 0.0873644 0.106059 0.0441627 0.196523 0.387702 0.589289 0.204281 0.113653 0.049345 -0.0824945 -0.0009626 -0.036522 -0.0449978 -0.0340596 0.135024 -0.0540522 -5.00631e-05 0.119672 0.187933 -0.000459546 0.207544 -0.0437325 0.0647304 0.159467 -0.0642151 0.0710843 0.192343
internal_weight=524637 20655 19158 5983 5607 3338 2269 675 451 1035 1594 1310 1497 503982 12600 12185 11690 1230 10460 491382 1665 1368 489717 415 10069 1596 1212 8473 859 517
internal_count=524637 20655 19158 5983 5607 3338 2269 675 451 1035 1594 1310 1497 503982 12600 12185 11690 1230 10460 491382 1665 1368 489717 415 10069 1596 1212 8473 859 517
is_linear=0
shrinkage=0.04


Tree=123
num_leaves=31
num_cat=0
split_feature=10 9 16 3 2 11 11 11 8 11 11 6 11 9 10 10 17 4 8 10 10 10 2 4 3 7 10 10 10 10
split_gain=8294.71 8477.78 19726.4 20180.9 18412.9 21548.5 35150.9 22834 27010.7 23569.2 21093.3 19849.6 25771.6 17896.5 26919.1 21945.2 17734.8 19098 16848.7 24831.9 16184.4 61339 42363.4 40068.9 29487.4 27533.5 26729 22789.7 15933.8 15260.2
threshold=0.48030318319797521 74.125000000000014 3.5219608545303349 16.483669281005863 24.700831413269047 -0.98212954401969899 -0.99552518129348744 -0.96687281131744374 18.875000000000004 -0.95752304792404164 -0.09339838474988936 49.102416992187507 -0.92921787500381459 75.875000000000014 -0.74512827396392811 -0.7785360813140868 0.10393352061510087 0.12400357797741891 19.875000000000004 0.30675521492958074 -0.15207348018884656 -0.30265928804874415 51.97288894653321 48.252965927124031 54.057064056396491 54.402153015136726 -0.10088855028152464 -0.21966676414012906 -0.56456753611564625 -0.032247759401798241
decision_type=2 2 2 2 2 2 2 2 2 2 2 2 2 2 2 2 2 2 2 2 2 2 2 2 2 2 2 2 2 2
left_child=1 2 3 4 28 6 -6 -7 9 -9 11 12 -11 14 15 -3 17 -17 19 -16 21 -5 24 26 27 -24 -22 -23 -1 -28
right_child=-2 13 -4 20 5 7 -8 8 -10 10 -12 -13 -14 -15 18 16 -18 -19 -20 -21 23 22 25 -25 -26 -27 29 -29 -30 -31
leaf_value=-0.012420565377243314 -0.046274314412023218 0.00011803285840716949 0.043581470063311437 -0.046470363489476217 0.16882725751532529 0.43035311490893363 -0.27604351925052656 -0.18748644537390113 -0.060850175258997087 0.58056110621789314 -0.028139288312120456 0.57650622582837441 0.14568629208806055 0.0043952956933142962 -0.049904909413711424 0.18625017306715488 0.25132952283998455 -0.057722818272091858 0.0032467974308037196 0.024209973047599087 -0.49750746820164821 -0.024184725480857573 0.87194368030334357 0.27551335045379466 -0.33028600378682244 0.22370184989662856 0.089468262374928567 0.4532439193402179 0.037060617606224547 -0.16766801691249505
leaf_weight=30133 6096 71416 23146 11840 510 340 618 276 1265 244 537 257 1647 273561 51255 869 956 1226 19656 8415 338 321 217 358 204 212 442 307 15898 2077
leaf_count=30133 6096 71416 23146 11840 510 340 618 276 1265 244 537 257 1647 273561 51255 869 956 1226 19656 8415 338 321 217 358 204 212 442 307 15898 2077
internal_value=7.46788e-05 0.000620442 0.011692 0.000839139 0.0130747 0.0808648 -0.0751891 0.119497 0.0935304 0.159468 0.195696 0.251525 0.204558 -0.00174218 -0.0126589 0.00461328 0.109491 0.0438805 -0.0288716 -0.0394505 -0.0379343 -0.0181595 0.245936 -0.11821 0.0771876 0.563993 -0.168335 0.212654 0.00467338 -0.122374
internal_weight=524637 518541 91187 68041 51725 5694 1128 4566 4226 2961 2685 2148 1891 427354 153793 74467 3051 2095 79326 59670 16316 13101 1261 3215 832 429 2857 628 46031 2519
internal_count=524637 518541 91187 68041 51725 5694 1128 4566 4226 2961 2685 2148 1891 427354 153793 74467 3051 2095 79326 59670 16316 13101 1261 3215 832 429 2857 628 46031 2519
is_linear=0
shrinkage=0.04


Tree=124
num_leaves=31
num_cat=0
split_feature=8 10 13 10 3 13 5 9 10 9 15 7 9 12 2 11 10 13 12 4 12 13 8 8 11 10 9 3 10 7
split_gain=7968.45 8583.6 29622.3 24674.4 32430.6 22418.1 35183 21843.7 19858.4 52849 18587.3 18924.2 19851.5 23638.7 16242.9 16739.5 86482.1 78772.4 112881 50804.2 48819.7 29919 26164.8 54365.8 25667.1 60982.3 39839.8 39336.8 66114.3 31899.2
threshold=15.875000000000002 -0.01505099539645016 27.442469596862797 -0.38341410458087916 1.0000000180025095e-35 75.981067657470717 94.673366546630874 73.375000000000014 -0.35141934454441065 76.875000000000014 1.0000000180025095e-35 48.610565185546882 73.375000000000014 68.763542175292983 137.24701690673831 -0.66686570644378651 -0.76762619614601124 20.951704978942875 17.260514259338382 6.3230762481689462 5.1712520122528085 0.37170210480690008 17.875000000000004 19.875000000000004 -0.58654513955116261 -0.84828248620033253 73.625000000000014 2.3287252187728886 -0.83904919028282154 6.6740345954895028
decision_type=2 2 2 2 2 2 2 2 2 2 2 2 2 2 2 2 2 2 2 2 2 2 2 2 2 2 2 2 2 2
left_child=-1 3 -3 14 8 6 -6 -7 9 -5 -4 12 13 -12 15 -2 24 19 -19 20 21 -18 -23 -24 29 -26 27 -27 -29 -17
right_child=1 2 10 4 5 7 -8 -9 -10 -11 11 -13 -14 -15 -16 16 17 18 -20 -21 -22 22 23 -25 25 26 -28 28 -30 -31
leaf_value=0.05534164591109874 -0.017710604913332175 -0.0061762489817042479 -0.31580881364345553 -0.042432648063005111 0.042541761819512913 -0.013786078499335993 0.54508884856676953 -0.51535684288349926 -0.023043054484665603 0.43422183627945132 -0.031362769316924576 -0.37379906681290115 -0.10969373055637105 0.40789188041769225 0.19850703856958479 -0.0058191786378851617 0.065900670658208121 1.1641873602579673 0.077811721934155489 -0.050942482625448482 -0.1137462955009954 0.030532244187094233 0.61665396319554566 0.18336570288884385 -0.003399328891053501 -0.1415997879148081 0.061933951372896798 0.97845785054708689 0.22210991454871434 -0.13146057704305714
leaf_weight=4131 88089 103895 615 1086 48673 370 214 213 23733 555 601 308 2409 280 633 8301 970 272 338 2262 704 384 898 971 214849 255 12339 238 764 5287
leaf_count=4131 88089 103895 615 1086 48673 370 214 213 23733 555 601 308 2409 280 633 8301 970 272 338 2262 704 384 898 971 214849 255 12339 238 764 5287
internal_value=7.36595e-05 -0.00036603 -0.010398 0.002264 0.0230411 0.0418957 0.0448527 -0.202636 -0.0137205 0.12043 -0.114249 -0.0790164 -0.0503706 0.111253 -0.00234333 -0.00272657 0.00257843 0.143169 0.573192 0.099929 0.186741 0.252526 0.332229 0.393722 -0.00137669 0.0018012 0.0839239 0.29759 0.409655 -0.0547661
internal_weight=524637 520506 108108 412398 74844 49470 48887 583 25374 1641 4213 3598 3290 881 337554 336921 248832 6799 610 6189 3927 3223 2253 1869 242033 228445 13596 1257 1002 13588
internal_count=524637 520506 108108 412398 74844 49470 48887 583 25374 1641 4213 3598 3290 881 337554 336921 248832 6799 610 6189 3927 3223 2253 1869 242033 228445 13596 1257 1002 13588
is_linear=0
shrinkage=0.04


Tree=125
num_leaves=31
num_cat=0
split_feature=7 11 7 6 10 0 7 3 10 0 4 11 7 14 7 14 14 10 9 3 4 9 2 10 10 10 7 14 10 10
split_gain=7765.59 8492.82 18042.2 33184.6 50631.4 36441.6 24775.5 21011 29612.8 20457.2 25533 16116.3 15939.1 15467.6 19175.1 67216.9 23258.7 15364.5 25082.1 17225 13939.7 12678.3 12366.6 10712.4 9902.14 64697.9 31268 68953.1 48838.3 27726.3
threshold=0.14129025489091876 -0.99628248810768116 10.800270080566408 22.194952964782718 -0.01505099539645016 19.562137603759769 37.250717163085945 56.694669723510749 -0.049434980377554887 15.102111816406252 5.3095715045928964 -0.99465739727020253 25.803184509277347 34.566368103027351 10.112575054168703 4.5908789634704599 21.521177291870121 0.088045001029968276 75.125000000000014 11.057945728302004 5.8949961662292489 74.125000000000014 6.7580270767211923 0.019350802991539243 -0.59262362122535694 -0.64659911394119252 6.7461304664611825 1.1290186047554018 -0.52124115824699391 0.3393120169639588
decision_type=2 2 2 2 2 2 2 2 2 2 2 2 2 2 2 2 2 2 2 2 2 2 2 2 2 2 2 2 2 2
left_child=-1 2 -2 12 5 -5 9 8 -7 -6 -11 13 -4 14 17 -16 20 18 -3 22 -17 -19 -20 -8 25 -13 -26 28 -28 -29
right_child=1 11 3 4 6 7 23 -9 -10 10 -12 24 -14 -15 15 16 -18 21 19 -21 -22 -23 -24 -25 26 -27 27 29 -30 -31
leaf_value=-0.01480297464713351 -0.0026697218876877309 -0.088984192539379517 -0.1208528026069353 0.57067180897844472 -0.17542126027445928 -0.056553712617052665 -0.087650976802120695 -0.23621263234158779 0.53060878749471163 -0.11292496562610239 0.39865615178786573 0.0019112394181762062 -0.38580292556856949 -0.23049111316110188 0.78305137824605808 -0.20083714306756353 0.32158215149343017 0.24467765448735126 0.19842252484585143 0.53379170678944388 0.14070911703719979 -0.056059745751091947 -0.095979993833717733 -0.43810425518399082 -0.0040394058588822963 -0.088683182739579855 0.92534713695065007 0.024827251118411917 0.19576210379415418 0.33189683130773312
leaf_weight=50708 26562 699 3743 351 525 293 228 225 246 285 326 252070 396 263 254 435 390 238 1259 201 326 2345 272 376 102488 13267 208 64721 473 464
leaf_count=50708 26562 699 3743 351 525 293 228 225 246 285 326 252070 396 263 254 435 390 238 1259 201 326 2345 272 376 102488 13267 208 64721 473 464
internal_value=7.3144e-05 0.00166509 -0.0177298 -0.0748398 0.030024 0.239291 -0.104677 0.081641 0.216211 0.00592079 0.162054 0.00314333 -0.147071 0.0647447 0.0771808 0.207254 0.074538 0.0403924 0.112361 0.193664 -0.054597 -0.0275128 0.145835 -0.309396 0.00219275 -0.0026217 0.00978035 0.0312814 0.428768 0.0270636
internal_weight=524637 473929 33556 6994 2855 1115 1740 764 539 1136 611 440373 4139 6682 6419 1405 1151 5014 2431 1732 761 2583 1531 604 433691 265337 168354 65866 681 65185
internal_count=524637 473929 33556 6994 2855 1115 1740 764 539 1136 611 440373 4139 6682 6419 1405 1151 5014 2431 1732 761 2583 1531 604 433691 265337 168354 65866 681 65185
is_linear=0
shrinkage=0.04


Tree=126
num_leaves=31
num_cat=0
split_feature=8 10 3 17 2 0 14 3 11 10 14 0 11 10 10 17 16 10 13 10 10 10 15 16 10 7 3 4 9 6
split_gain=7570.4 10711.3 21124.2 13719 12360 24612.2 16610.9 10071.1 15870.1 18609.9 29321.7 17139.2 16556.5 10716.7 10414.6 9942.43 11739 11541.4 18763.3 17500 18426.2 9990.14 9823.8 15218.6 28465.1 14582.3 14297.1 23441.2 22562.4 13688.6
threshold=16.625000000000004 0.3393120169639588 0.15140331536531451 0.89737623929977428 73.115589141845717 37.863416671752937 52.626115798950202 1.093876898288727 -0.49998149275779719 -0.80987083911895741 9.2698264122009295 1.3775361776351931 -0.26244230568408961 -0.99940761923789967 0.25725142657756811 5.954989194869996 40.152189254760749 -0.032247759401798241 13.040946960449221 -0.16905184835195539 -0.21966676414012906 -0.083760455250740037 0.93750000000000011 91.815696716308608 -0.20285348594188687 28.54398345947266 8.46502733230591 18.672810554504398 73.875000000000014 54.844379425048835
decision_type=2 2 2 2 2 2 2 2 2 2 2 2 2 2 2 2 2 2 2 2 2 2 2 2 2 2 2 2 2 2
left_child=1 4 3 -3 6 -6 7 13 9 10 -9 -11 -10 -1 15 17 -17 19 -19 20 -13 -21 29 26 25 -25 27 -24 -29 -2
right_child=22 2 -4 -5 5 -7 -8 8 12 11 -12 14 -14 -15 -16 16 -18 18 -20 21 -22 -23 23 24 -26 -27 -28 28 -30 -31
leaf_value=0.31747022782644579 -0.00049615733605859111 0.15920598767105276 0.40603517439006348 -0.12222085088936251 -0.060350650361290684 0.35799667445864503 -0.25159322959991792 0.62112911817586824 -0.17256484287503723 -0.16336039786719286 0.053348356859888812 -0.0072699180172716305 -0.011541219582248021 0.049333126022824712 -0.21157539681752291 0.18160078429501597 -0.12206806599003513 0.36881683197434389 0.0098697659468747374 -0.36720433287874416 0.34873071708440784 -0.020219630410399616 -0.039905454992763642 -0.11177038996688621 0.5100495008031638 0.24484000831953212 -0.09866801799413305 0.5191753616711613 0.06088608957936982 0.090918562972034545
leaf_weight=242 488757 669 327 459 422 466 374 201 1488 796 476 3342 3218 4639 261 1241 236 348 669 314 240 227 5535 567 214 259 5134 223 668 2625
leaf_count=242 488757 669 327 459 422 466 374 201 1488 796 476 3342 3218 4639 261 1241 236 348 669 314 240 227 5535 567 214 259 5134 223 668 2625
internal_value=7.23575e-05 0.0238012 0.128064 0.0446215 0.0158375 0.160729 0.00872737 0.0142921 -0.00404359 0.0290539 0.228509 0.0111835 -0.0627136 0.0632493 0.0315915 0.0414878 0.132585 0.015104 0.135091 -0.0147477 0.0174872 -0.224621 -0.000900587 -0.0357616 0.110116 0.00163929 -0.0489694 -0.0091714 0.180076 -5.97266e-06
internal_weight=524637 20655 1455 1128 19200 888 18312 17938 13057 8351 677 7674 4706 4881 6878 6617 1477 5140 1017 4123 3582 541 503982 12600 1040 826 11560 6426 891 491382
internal_count=524637 20655 1455 1128 19200 888 18312 17938 13057 8351 677 7674 4706 4881 6878 6617 1477 5140 1017 4123 3582 541 503982 12600 1040 826 11560 6426 891 491382
is_linear=0
shrinkage=0.04


Tree=127
num_leaves=31
num_cat=0
split_feature=10 12 11 14 9 3 8 6 4 16 5 16 11 11 17 3 11 7 9 10 8 8 10 13 8 9 7 18 13 2
split_gain=7591.46 8029.56 7908.14 12614.9 11235 21369.5 25978.8 22667 25314.4 46657.8 17425.8 15226.6 17352.2 28219.2 22007.3 19986.5 17892.9 19596.4 14834 22835.5 16050.4 16760.2 17540 13819.8 14552.4 14211.4 18807.7 21022.1 16766.9 13799.4
threshold=0.46514528989791876 0.96920841932296764 0.29753153026103979 6.7753384113311776 73.875000000000014 14.041384696960451 18.125000000000004 29.318639755249027 21.880743026733402 0.83595779538154613 33.605960845947273 16.370023727416996 -0.99552518129348744 -0.98932650685310353 -4.8585691452026358 47.542593002319343 -0.94426098465919484 37.250717163085945 75.875000000000014 -0.9193688929080962 15.875000000000002 19.625000000000004 0.40318277478218084 26.460515975952152 20.375000000000004 78.375000000000014 40.230964660644538 121.54154205322267 52.602317810058601 27.465061187744144
decision_type=2 2 2 2 2 2 2 2 2 2 2 2 2 2 2 2 2 2 2 2 2 2 2 2 2 2 2 2 2 2
left_child=2 -2 4 -4 5 6 29 10 -9 -10 -8 -7 15 -14 16 -13 -15 -18 19 -6 -21 22 -22 -20 25 -25 27 -27 -29 -1
right_child=1 -3 3 -5 18 11 7 8 9 -11 -12 12 13 14 -16 -17 17 -19 23 20 21 -23 -24 24 -26 26 -28 28 -30 -31
leaf_value=0.059201855796660478 -0.022221807639273661 -0.13861286544771578 -0.01088320447086865 -0.11778806224182078 0.013479741957811937 -0.026627944738982876 0.0038532832137508173 0.054262584152625311 0.026048090710902395 0.81805810772620879 -0.18736005601060715 0.058015158843851382 0.50823501762847945 0.43457704320174306 -0.012526732760295272 -0.41384749457824466 0.33206491266544158 -0.052726553316549823 0.0080885910397897522 0.10113648460730502 -0.03462251246096662 0.0045103042186369876 0.058286711225647235 -0.064816002431947364 -0.088264755637017439 0.035719116320870645 -0.2802824620083858 0.56560143465216539 0.10794305830139823 0.15981033546624462
leaf_weight=13298 8466 1059 43508 1831 47970 19476 19252 1353 258 212 784 324 228 347 2390 245 336 540 236226 1728 77832 29376 3384 2866 4972 3004 243 221 301 2607
leaf_count=13298 8466 1059 43508 1831 47970 19476 19252 1353 258 212 784 324 228 347 2390 245 336 540 236226 1728 77832 29376 3384 2866 4972 3004 243 221 301 2607
internal_value=7.13986e-05 -0.0352941 0.000726019 -0.0152255 0.00226584 0.0181803 0.0369061 0.008597 0.143235 0.392895 -0.00371854 -0.0114283 0.0556065 0.0861944 0.058232 -0.148798 0.19549 0.0969468 -0.00013855 -0.00962063 -0.0194867 -0.0213805 -0.0307446 0.00599428 -0.0365994 0.00219102 0.0531808 0.0768896 0.308692 0.0757827
internal_weight=524637 9525 515112 45339 469773 61650 37764 21859 1823 470 20036 23886 4410 3841 3613 569 1223 876 408123 160290 112320 110592 81216 247833 11607 6635 3769 3526 522 15905
internal_count=524637 9525 515112 45339 469773 61650 37764 21859 1823 470 20036 23886 4410 3841 3613 569 1223 876 408123 160290 112320 110592 81216 247833 11607 6635 3769 3526 522 15905
is_linear=0
shrinkage=0.04


Tree=128
num_leaves=31
num_cat=0
split_feature=14 9 8 3 16 12 11 11 11 11 10 11 10 10 4 2 5 10 11 4 13 17 12 13 4 12 3 14 7 6
split_gain=7238.22 8906.15 15433 13140.9 11847.2 13052.4 16493.8 26775.1 21374.9 31650.7 20146.3 44517.5 45398.4 38853.3 24057.5 18596.9 14316.9 21510.2 11506.2 10111.8 14107.8 22423.6 11598.9 9463.87 13581.4 8792.76 8787.17 13249.7 10971.8 21223.1
threshold=0.018652616068720821 79.625000000000014 20.625000000000004 36.402317047119148 -6.0524835586547843 22.9924430847168 -0.99052476882934559 -0.98212954401969899 -0.95752304792404164 -0.94137725234031666 -0.55028682947158802 -0.39233249425888056 -0.85671821236610401 -0.76762619614601124 0.64435541629791271 18.044603347778324 22.084957122802738 -0.65962448716163624 -0.96904978156089772 3.4832201004028325 11.656563758850099 -7.9977762699127188 29.316475868225101 2.3147926330566411 2.8643181324005131 2.6267774105072026 135.4094161987305 34.566368103027351 13.354095935821535 12.391921043395998
decision_type=2 2 2 2 2 2 2 2 2 2 2 2 2 2 2 2 2 2 2 2 2 2 2 2 2 2 2 2 2 2
left_child=-1 26 4 23 5 6 -3 -8 18 -10 11 12 15 -14 -15 -11 17 -16 -9 22 -21 -22 -6 24 -4 -25 28 -28 29 -2
right_child=1 2 3 -5 19 -7 7 8 9 10 -12 -13 13 14 16 -17 -18 -19 -20 20 21 -23 -24 25 -26 -27 27 -29 -30 -31
leaf_value=-0.015906222227981257 -0.00078112099939137386 -0.075595772014687451 -0.004414144983453259 -0.14577850826752131 0.011052871316719977 -0.079207275809541261 0.5276990264188498 0.030456574201445461 0.52347287574839141 0.36805128607883986 -0.06800850874818376 -0.01630363576300976 -0.17931142295479144 0.68117851365747917 0.055326513772209485 0.90820091278053994 -0.093632363859228601 0.56942985223000309 -0.33767910712907295 0.025179785316850008 0.46090988139428152 0.090241745092169465 -0.1183852816522855 -0.085689842012708906 0.12854032372241739 -0.0030594994087847251 -0.081909697668037323 0.220440266975551 -0.016473975358552408 0.035235054678256231
leaf_weight=41752 346660 717 3790 1095 12119 698 246 313 305 239 833 1386 368 200 278 205 201 239 228 7581 288 2190 1209 2836 1809 7468 347 664 60067 28306
leaf_count=41752 346660 717 3790 1095 12119 698 246 313 305 239 833 1386 368 200 278 205 201 239 228 7581 288 2190 1209 2836 1809 7468 347 664 60067 28306
internal_value=6.99901e-05 0.00145165 0.018024 -0.012394 0.0353479 0.0832769 0.103077 0.128589 0.107058 0.137182 0.1061 0.152713 0.287438 0.164532 0.302816 0.631956 0.189513 0.299283 -0.128004 0.0220871 0.0523411 0.135001 -0.000768585 -0.00312393 0.0386952 -0.0258631 -0.000328967 0.11688 -0.000604038 0.00193859
internal_weight=524637 482885 46841 16998 29843 6456 5758 5041 4795 4254 3949 3116 1730 1286 918 444 718 517 541 23387 10059 2478 13328 15903 5599 10304 436044 1011 435033 374966
internal_count=524637 482885 46841 16998 29843 6456 5758 5041 4795 4254 3949 3116 1730 1286 918 444 718 517 541 23387 10059 2478 13328 15903 5599 10304 436044 1011 435033 374966
is_linear=0
shrinkage=0.04


Tree=129
num_leaves=31
num_cat=0
split_feature=6 3 7 9 11 4 8 17 8 9 17 10 10 8 4 8 3 3 14 5 3 9 11 10 10 4 16 10 8 1
split_gain=6946.96 16576.9 14710.5 11291.1 11284.2 10771.9 9528 9012.44 14825.1 10596.4 8633.28 37822.1 28032.7 19892.4 18823.1 11587.1 10514.1 11171.5 10486.5 10307.2 19054.9 29011.6 16239.7 67421.9 32722.8 27449.3 17448.6 16541.6 13223.1 11132.4
threshold=74.795677185058608 32.619159698486335 64.519947052001967 73.125000000000014 -0.98932650685310353 15.533803939819338 17.125000000000004 12.535433292388918 17.625000000000004 73.375000000000014 24.438091278076175 0.1393099054694176 0.019350802991539243 18.125000000000004 16.108113288879398 18.125000000000004 4.0772147178649911 30.353242874145511 34.566368103027351 45.639661788940437 12.893336772918703 73.375000000000014 -0.95502570271491993 -0.25309335440397257 -0.57868120074272145 36.87648010253907 -1.6701090335845945 -0.91246706247329701 19.125000000000004 33.614604949951179
decision_type=2 2 2 2 2 2 2 2 2 2 2 2 2 2 2 2 2 2 2 2 2 2 2 2 2 2 2 2 2 2
left_child=2 5 10 -3 -5 -2 -4 8 -6 -10 19 12 13 14 18 -13 -15 -18 -12 -1 21 28 23 -22 26 -25 27 -24 -21 -26
right_child=1 3 6 4 7 -7 -8 -9 9 -11 11 15 -14 16 -16 -17 17 -19 -20 20 22 -23 24 25 29 -27 -28 -29 -30 -31
leaf_value=-1.1570935271872535e-05 0.074960281131523004 -0.20486010515494424 0.062280534120021519 -0.19545842689275741 -0.027656227342392269 0.47997368975959975 -0.23126542335870745 -0.088145167912603628 0.14906269392394644 0.54489055436651856 0.14295748550805354 -0.53244030494017891 0.31078352070906584 -0.014793372379206957 0.36322554878957236 -0.16341450927306858 -0.20835742849590724 0.074562383789719244 -0.24080555602837514 0.59121490908971008 0.6674843453086805 0.062451347407175013 -0.038226244408790383 -0.14673846550294781 0.063194187231627966 0.31435400923165407 -0.10234273360142764 0.40269906962963298 0.170742407161178 -0.25018662057255847
leaf_weight=511468 200 295 231 205 294 222 698 235 244 201 238 288 381 1550 325 274 1321 263 201 283 266 1420 209 821 214 265 369 372 221 1063
leaf_count=511468 200 295 231 205 294 222 698 235 244 201 238 288 381 1550 325 274 1321 263 201 283 266 1420 209 821 214 265 369 372 221 1063
internal_value=6.97165e-05 0.0762961 -0.000208214 0.0123483 0.0679623 0.294203 -0.158388 0.124828 0.192826 0.335899 7.64292e-05 -0.053037 -0.0121719 -0.0444529 0.13737 -0.358526 -0.0890731 -0.16121 -0.0342016 0.000574808 0.0549761 0.156139 0.00030934 0.109202 -0.0659916 -0.0323835 0.111116 0.246124 0.41375 -0.197587
internal_weight=524637 1896 522741 1474 1179 422 929 974 739 445 521812 4841 4279 3898 764 562 3134 1584 439 516971 5503 1924 3579 1352 2227 1086 950 581 504 1277
internal_count=524637 1896 522741 1474 1179 422 929 974 739 445 521812 4841 4279 3898 764 562 3134 1584 439 516971 5503 1924 3579 1352 2227 1086 950 581 504 1277
is_linear=0
shrinkage=0.04


Tree=130
num_leaves=31
num_cat=0
split_feature=11 7 6 10 0 3 10 7 0 4 11 7 12 9 12 7 4 3 14 14 9 14 10 11 10 8 13 12 7 13
split_gain=6995.13 16599.9 30173.7 47784.2 33490.4 23293.1 34308.9 22386.7 18119.2 23488.6 16440.7 14851.1 14796.1 17536 29151.4 66250.6 16744.1 17474.9 16148 14021.8 10997.2 9837.59 9696.18 9513.28 27765.1 43120.1 37488 47368.4 25912.9 24763.7
threshold=-0.99628248810768116 10.800270080566408 22.194952964782718 -0.01505099539645016 15.662874698638918 56.694669723510749 -0.049434980377554887 37.250717163085945 15.102111816406252 5.3095715045928964 -0.99465739727020253 27.04564189910889 1.0000000180025095e-35 75.625000000000014 6.902379274368287 10.112575054168703 30.359670639038089 28.958769798278812 7.8775813579559335 6.0717356204986581 73.625000000000014 17.943786621093754 0.019350802991539243 -0.92602273821830738 -0.35141934454441065 19.625000000000004 14.450694084167482 15.637803077697756 18.934668540954593 2.8286063671112065
decision_type=2 2 2 2 2 2 2 2 2 2 2 2 2 2 2 2 2 2 2 2 2 2 2 2 2 2 2 2 2 2
left_child=1 -1 11 4 -4 6 -6 8 -5 -10 12 -3 -2 16 15 18 17 20 -15 -16 -14 -21 -9 24 25 -12 27 29 -28 -27
right_child=10 2 3 7 5 -7 -8 22 9 -11 23 -13 13 14 19 -17 -18 -19 -20 21 -22 -23 -24 -25 -26 26 28 -29 -30 -31
leaf_value=-0.0032979439687168843 -0.062798378221559925 -0.11778546585604777 0.58045670989759357 -0.16865593806159829 -0.057781772647158107 -0.23555436826238826 0.55476126657995306 -0.086638364506368873 -0.11462304589101824 0.37592381071121922 -0.0039999964521449374 -0.39048341267826886 0.23259951344953603 0.10258831254291886 0.20953945027753001 0.81011608944072588 0.3194375076200448 -0.32017685452583733 0.47492611885659919 -0.19305835386600581 -0.021820891734323226 0.10182800813024775 -0.42025867498069619 -0.0026845026627138353 0.0055303230076052482 0.0045011119382490587 -0.25145793150907214 0.74241152208186312 0.25558102227499091 0.29404673684005239
leaf_weight=27296 1226 3797 306 525 309 235 265 228 285 326 3708 342 313 1486 326 276 245 267 205 545 1708 261 376 370332 106299 689 430 289 245 1497
leaf_count=27296 1226 3797 306 525 309 235 265 228 285 326 3708 342 313 1486 326 276 245 267 205 545 1708 261 376 370332 106299 689 430 289 245 1497
internal_value=6.84757e-05 -0.0173949 -0.0723291 0.0276671 0.230969 0.0933042 0.229669 -0.103185 0.00197703 0.148948 0.00129002 -0.141205 0.0627428 0.0901341 0.153788 0.246472 0.0119579 -0.0222139 0.150254 -0.00800941 0.0185334 -0.0974902 -0.297785 0.000417073 0.010567 0.0885142 0.197085 0.268916 -0.0663771 0.203222
internal_weight=524637 34290 6994 2855 1115 809 574 1740 1136 611 490347 4139 6858 5632 3099 1967 2533 2288 1691 1132 2021 806 604 483489 113157 6858 3150 2475 675 2186
internal_count=524637 34290 6994 2855 1115 809 574 1740 1136 611 490347 4139 6858 5632 3099 1967 2533 2288 1691 1132 2021 806 604 483489 113157 6858 3150 2475 675 2186
is_linear=0
shrinkage=0.04


Tree=131
num_leaves=31
num_cat=0
split_feature=8 9 3 11 16 3 14 11 16 11 13 6 1 7 11 4 12 10 15 10 10 16 7 6 16 9 7 10 4 10
split_gain=6849.52 17516.2 14519.6 20903.1 17365 16345.2 12741.9 16175.5 12210.6 10040.5 10016.1 21250.5 20670 19666.3 18742.9 16763.6 15390.5 20238.6 14457.6 13195.9 57631.8 12745.4 12457.9 12345.8 20687.5 16602.2 33715.2 44002.3 17375.8 15021.6
threshold=16.875000000000004 74.125000000000014 56.694669723510749 -0.49998149275779719 -34.359346389770501 0.52938920259475719 32.567819595336921 -0.26244230568408961 52.537317276000984 0.29753153026103979 52.602317810058601 54.844379425048835 9.5135951042175311 43.983234405517585 -0.99938741326332081 29.634329795837406 22.413486480712894 -0.43054369091987604 0.68750000000000011 -0.52124115824699391 -0.43054369091987604 8.4496307373046893 48.610565185546882 32.123239517211921 91.815696716308608 73.625000000000014 30.185176849365238 -0.80987083911895741 2.6315393447875981 -0.28622037172317499
decision_type=2 2 2 2 2 2 2 2 2 2 2 2 2 2 2 2 2 2 2 2 2 2 2 2 2 2 2 2 2 2
left_child=1 2 3 4 -1 9 7 -7 -6 -5 11 13 -13 23 -12 -15 17 -16 22 -17 -21 -20 -14 -2 25 26 27 -25 -29 -27
right_child=10 -3 -4 5 8 6 -8 -9 -10 -11 14 12 18 15 16 19 -18 -19 21 20 -22 -23 -24 24 -26 29 -28 28 -30 -31
leaf_value=-0.11932328258744544 -0.0010673440501927738 -0.025021883325433345 -0.070269340822629839 0.14351231598211334 0.11071617403871091 -0.17440140982147262 0.26007989089813593 -0.0091284781832610302 -0.14016283123209011 -0.016331218749256061 0.31198367545544275 -0.21432941855697693 0.48238916746787514 -0.26096623008052505 0.27682353573417234 -0.15758584696799516 -0.093306129033087298 -0.13225367687728709 -0.147648406570075 0.52758540221505967 -0.16444244436736694 0.19491040642964252 0.17163487618936388 0.62427384483252524 0.42229796167181322 0.025803184264583525 -0.010455600096386797 0.34075068922713397 -0.029726515173591594 -0.18564763795956446
leaf_weight=593 479676 9639 1702 1599 9210 1318 203 3311 313 1029 207 227 336 815 432 770 4863 336 295 281 560 395 559 372 228 2196 1613 310 548 701
leaf_count=593 479676 9639 1702 1599 9210 1318 203 3311 313 1029 207 227 336 815 432 770 4863 336 295 281 560 395 559 372 228 2196 1613 310 548 701
internal_value=6.7729e-05 0.0189878 0.0409942 0.0518025 0.0892335 0.000993233 -0.0426526 -0.0564606 0.102332 0.0811005 -0.0010363 -0.000415077 0.135937 -0.000924069 -0.0530753 -0.114293 -0.0670244 0.0984527 0.18713 -0.03894 0.0702646 0.0484371 0.292339 -0.000355399 0.056773 0.0415448 0.110044 0.266875 0.106512 -0.0258251
internal_weight=524637 28917 19278 17576 10116 7460 4832 4629 9523 2628 495720 489882 1812 488070 5838 2426 5631 768 1585 1611 841 690 895 485644 5968 5740 2843 1230 858 2897
internal_count=524637 28917 19278 17576 10116 7460 4832 4629 9523 2628 495720 489882 1812 488070 5838 2426 5631 768 1585 1611 841 690 895 485644 5968 5740 2843 1230 858 2897
is_linear=0
shrinkage=0.04


Tree=132
num_leaves=31
num_cat=0
split_feature=10 11 10 4 10 13 9 7 13 9 10 10 13 2 10 10 10 15 12 3 4 17 7 9 10 13 12 10 10 4
split_gain=6869.57 7231.52 33628.7 35152.9 18928.9 25296.7 23212.1 85368.4 102998 18022.2 16984.3 45955.1 35175.2 34142.6 30902.9 30861.8 33725.9 55776.7 60801.7 26205.3 42109.6 26041.4 23581 37745.9 22296.8 22239.3 21728.2 19730.4 45057.2 31861.6
threshold=0.48030318319797521 -0.14463099837303159 -0.96463498473167408 0.73637354373931896 -0.97312742471694935 3.4754011631011967 73.625000000000014 12.50445604324341 3.9303822517395024 74.875000000000014 -0.87395131587982167 -0.81984052062034596 9.6759161949157733 38.733175277709968 -0.84828248620033253 -0.92599865794181813 -0.89015004038810719 0.56250000000000011 10.597821712493898 1.9062957763671877 27.66981410980225 19.46840858459473 11.268022537231447 79.875000000000014 -0.8978554606437682 45.115659713745124 0.94067907333374035 -0.59262362122535694 -0.64659911394119252 0.15803918242454532
decision_type=2 2 2 2 2 2 2 2 2 2 2 2 2 2 2 2 2 2 2 2 2 2 2 2 2 2 2 2 2 2
left_child=1 2 3 -1 6 9 7 8 -5 -6 13 12 14 24 22 -15 17 18 -17 -16 -21 26 23 -12 -4 -18 -14 28 29 -13
right_child=-2 -3 10 4 5 -7 -8 -9 -10 -11 11 27 21 15 19 16 25 -19 -20 20 -22 -23 -24 -25 -26 -27 -28 -29 -30 -31
leaf_value=0.099564993119377707 -0.042113296573679952 -0.0074187603758017777 -0.015566411136034325 -0.10470792787626755 -0.029514795536923804 -0.053605426929652311 -0.058760149335157899 -0.15777721776681167 1.0236661852192548 0.21411115202203132 -0.037662171987420424 0.043946888224804956 0.55427503489454588 -0.032433505565362217 0.017993422535499029 0.29427658869627993 -0.20928435409962273 -0.12439498128586036 1.1003619854921347 0.11713600642438357 0.60540641505224035 -0.22202635725273584 -0.24383090000934762 0.45256221332415097 -0.08436718478436675 0.30698064468972691 0.13928357076580178 0.0052143232680008931 -0.084152914987209088 -0.02387451441083727
leaf_weight=11516 6096 134493 35781 232 652 1550 7209 695 278 1871 4855 16145 200 1217 4789 454 337 248 222 2773 306 302 807 255 9540 207 6287 226314 13716 35290
leaf_count=11516 6096 134493 35781 232 652 1550 7209 695 278 1871 4855 16145 200 1217 4789 454 337 248 222 2773 306 302 807 255 9540 207 6287 226314 13716 35290
internal_value=6.64994e-05 0.00056317 0.00335855 0.0491909 0.00269136 0.0733725 -0.03157 0.130242 0.518224 0.151285 0.000301782 0.00370958 0.0614718 -0.0218451 0.0247293 0.116487 0.239329 0.385155 0.571178 0.0766246 0.167465 0.135931 -0.0442901 -0.0123628 -0.0300643 -0.0108427 0.152912 -0.000369722 -0.0197648 -0.00258156
internal_weight=524637 518541 384048 24003 12487 4073 8414 1205 510 2523 360045 312039 20574 48006 13785 2685 1468 924 676 7868 3079 6789 5917 5110 45321 544 6487 291465 65151 51435
internal_count=524637 518541 384048 24003 12487 4073 8414 1205 510 2523 360045 312039 20574 48006 13785 2685 1468 924 676 7868 3079 6789 5917 5110 45321 544 6487 291465 65151 51435
is_linear=0
shrinkage=0.04


Tree=133
num_leaves=31
num_cat=0
split_feature=5 17 13 10 10 4 4 2 10 8 11 16 5 10 4 1 8 9 16 12 12 14 7 2 17 10 18 11 7 14
split_gain=6693.64 15839.9 14990.6 17750.5 15375 28037.5 16572.1 17110.6 14982.2 29948.3 16716 23479.6 12665.8 20660.7 20742.5 20562.3 13534.8 17004.9 11490.7 11349.5 19158.1 10360.2 9722.8 9068.6 8803.43 11326.2 8618.08 8360.59 20167.9 23496.4
threshold=94.673366546630874 13.295043945312502 52.602317810058601 0.05372969992458821 -0.21966676414012906 19.451602935791019 19.451602935791019 41.477931976318366 -0.36747109889984125 18.125000000000004 -0.97507822513580311 -22.774954795837399 52.613756179809577 0.12225609645247461 25.878107070922855 42.880474090576179 20.375000000000004 78.625000000000014 -18.518860816955563 47.218696594238288 18.746330261230472 30.957062721252445 48.610565185546882 73.115589141845717 17.642620086669925 -0.41495507955551142 89.035415649414077 -0.9970029592514037 9.4780344963073748 20.352391242980961
decision_type=2 2 2 2 2 2 2 2 2 2 2 2 2 2 2 2 2 2 2 2 2 2 2 2 2 2 2 2 2 2
left_child=2 -2 12 4 6 18 7 26 9 -3 11 -10 27 14 16 -16 17 19 -6 20 -14 -17 24 -22 -9 -26 -4 28 -1 -30
right_child=1 8 3 -5 5 -7 -8 22 10 -11 -12 -13 13 -15 15 21 -18 -19 -20 -21 23 -23 -24 -25 25 -27 -28 -29 29 -31
leaf_value=-0.0031479866214333759 0.39542809774209786 0.51096387707051771 0.020677938819081296 -0.25277238427915355 -0.26869780003477678 0.458088892320417 -0.16945766915893468 0.27686752735683906 -0.23327948618609953 -0.037184973740084372 -0.32373751966862485 0.35963216684482718 -0.14057603175869052 -0.20367507570034091 0.62467571487880891 0.36402558542583507 -0.16337330228637525 0.40081746085606995 0.091602341623953837 -0.10290750063357562 0.12537745777358658 0.036867088906992675 -0.13288588360619188 0.43473089395416159 0.15258260658274894 -0.18254379993829972 -0.20944521511131242 0.0012930623455319355 -0.13315045112741092 0.031147482035830284
leaf_weight=23423 212 242 413 694 208 255 1620 428 202 431 292 206 292 361 200 245 393 238 395 538 412 401 258 242 512 224 687 484090 4516 2007
leaf_count=23423 212 242 413 694 208 255 1620 428 202 431 292 206 292 361 200 245 393 238 395 538 412 401 258 242 512 224 687 484090 4516 2007
internal_value=6.64647e-05 0.0818846 -0.000183029 -0.064674 -0.0381135 0.115111 -0.0700542 -0.00578559 0.0309623 0.164516 -0.0979485 0.0675246 0.00052799 0.0782638 0.113207 0.279393 0.0457306 0.0941206 -0.0350362 0.0425798 0.125531 0.164602 0.0856057 0.244671 0.134754 0.0495079 -0.123637 2.41034e-05 -0.0204827 -0.0826289
internal_weight=524637 1585 523052 5694 5000 858 4142 2522 1373 673 700 408 517358 3322 2961 846 2115 1722 603 1484 946 646 1422 654 1164 736 1100 514036 29946 6523
internal_count=524637 1585 523052 5694 5000 858 4142 2522 1373 673 700 408 517358 3322 2961 846 2115 1722 603 1484 946 646 1422 654 1164 736 1100 514036 29946 6523
is_linear=0
shrinkage=0.04


Tree=134
num_leaves=31
num_cat=0
split_feature=10 12 11 10 4 7 9 6 12 10 9 14 10 10 13 2 10 10 10 15 5 3 4 17 7 9 10 13 12 9
split_gain=6484.34 7444.94 7004.02 30650.2 32386.7 17615.1 56587.3 64249.6 51299.6 28299.6 19096.3 20549.1 16117.8 41932.2 32451 30970.7 28492.9 28380.3 31322 51879.7 57624.9 24181.9 38950 23849 21761.8 34888.4 20550 20175.4 20132.4 19704.5
threshold=0.46514528989791876 0.96920841932296764 -0.14463099837303159 -0.96463498473167408 0.73637354373931896 12.90672826766968 73.625000000000014 2.7180180549621586 12.461179733276369 -0.97312742471694935 74.875000000000014 6.0717356204986581 -0.87395131587982167 -0.81984052062034596 9.6759161949157733 38.733175277709968 -0.84828248620033253 -0.92599865794181813 -0.89015004038810719 0.56250000000000011 33.605960845947273 1.9062957763671877 27.013145446777347 19.46840858459473 11.268022537231447 79.875000000000014 -0.8978554606437682 45.115659713745124 0.94067907333374035 73.375000000000014
decision_type=2 2 2 2 2 2 2 2 2 2 2 2 2 2 2 2 2 2 2 2 2 2 2 2 2 2 2 2 2 2
left_child=2 -2 3 4 -1 6 7 -6 -9 -8 -11 -12 15 14 16 26 24 -17 19 20 -19 -18 -23 28 25 -14 -5 -20 -16 -30
right_child=1 -3 -4 12 5 -7 9 8 -10 10 11 -13 13 -15 23 17 21 18 27 -21 -22 22 -24 -25 -26 -27 -28 -29 29 -31
leaf_value=0.095536626782711492 -0.020034475152838627 -0.13210407862103465 -0.0071760860805578355 -0.014970924947673282 -0.15210591450987154 -0.085431774677404912 -0.049834003717586964 0.88379218527220393 0.08457638430098692 -0.081972401670394129 0.23830140328558366 -0.041543666657406025 -0.036210397644831825 -9.0099611736597175e-05 0.53311054056599028 -0.032111858683103164 0.017223570948958811 0.28077769341706715 -0.20153550915999785 -0.12232659063829009 1.0668906410984371 0.11156615560496592 0.57473260758467515 -0.21204029497171106 -0.2342481320158942 0.43509306822311272 -0.081021744081747601 0.29019441074215324 0.31827931277555205 0.10624679237131873
leaf_weight=11516 8466 1059 134493 35781 275 2810 6076 342 206 665 1541 572 4855 288036 200 1217 4789 456 337 248 220 2763 316 302 807 255 9540 207 799 5488
leaf_count=11516 8466 1059 134493 35781 275 2810 6076 342 206 665 1541 572 4855 288036 200 1217 4789 456 337 248 220 2763 316 302 807 255 9540 207 799 5488
internal_value=6.51235e-05 -0.03262 0.000670129 0.00344273 0.0471851 0.00255273 0.0281634 0.343353 0.590257 -0.0014885 0.104052 0.162707 0.000497291 0.00385141 0.0590059 -0.0210612 0.0237149 0.110688 0.228489 0.369022 0.548436 0.0735455 0.160808 0.130524 -0.0425586 -0.0118875 -0.0288893 -0.0125643 0.146773 0.133656
internal_weight=524637 9525 515112 380619 24003 12487 9677 823 548 8854 2778 2113 356616 308610 20574 48006 13785 2685 1468 924 676 7868 3079 6789 5917 5110 45321 544 6487 6287
internal_count=524637 9525 515112 380619 24003 12487 9677 823 548 8854 2778 2113 356616 308610 20574 48006 13785 2685 1468 924 676 7868 3079 6789 5917 5110 45321 544 6487 6287
is_linear=0
shrinkage=0.04


Tree=135
num_leaves=31
num_cat=0
split_feature=8 10 10 13 10 3 17 10 9 15 7 10 10 14 9 7 4 9 0 10 12 2 10 3 17 4 10 2 4 3
split_gain=6445.17 7982.62 7300.67 26668.3 20782.9 28709.8 19938.8 17469.5 47438.5 15088.1 16983.6 20711 33111 27160.9 20777 22542.4 50439.2 16432.4 14897.6 24861.2 44242.7 13268.8 15033.5 43388.7 30256.2 39143.1 29559.1 147252 127035 31265.2
threshold=15.875000000000002 0.19020386785268786 -0.01505099539645016 28.452190399169925 -0.38341410458087916 1.0000000180025095e-35 36.079080581665046 -0.35141934454441065 76.875000000000014 1.0000000180025095e-35 48.610565185546882 0.1393099054694176 0.20706263184547427 29.454915046691898 73.625000000000014 34.51555252075196 2.5195510387420659 73.625000000000014 98.417060852050795 -0.20285348594188687 87.800563812255874 137.24701690673831 -0.47652685642242426 47.542593002319343 0.5048733949661256 32.827585220336921 -0.50648479163646687 17.70939922332764 25.327137947082523 21.479527473449711
decision_type=2 2 2 2 2 2 2 2 2 2 2 2 2 2 2 2 2 2 2 2 2 2 2 2 2 2 2 2 2 2
left_child=1 -1 4 -4 21 7 18 8 -6 -5 11 14 -13 17 15 16 -11 -14 -7 20 -20 22 26 24 -24 -26 -2 29 -29 -28
right_child=2 -3 3 9 5 6 -8 -9 -10 10 -12 12 13 -15 -16 -17 -18 -19 19 -21 -22 -23 23 -25 25 -27 27 28 -30 -31
leaf_value=0.028088062516544676 -0.0021528072741048994 0.19262230463065755 -0.0057111263528164162 -0.30120987568730895 -0.041887864621464897 0.038333722104393321 -0.26332151522725733 -0.022168307754847939 0.40969738856881066 -0.072062659042754343 -0.36087494532682507 -0.38197429634186608 -0.43867358579842941 0.25212976749967692 -0.092738096331963421 -0.090887115020160544 0.75767451588312784 -0.02726201927444272 0.39883312114733349 0.57621472420340236 -0.34187435402203414 0.17940074746243503 -0.064944497123686634 -0.24671496920444971 0.0091197729327380378 0.3048241596581861 -0.043858478333067927 0.2848191195546978 1.35791583715805 0.19721570503429214
leaf_weight=3597 309856 534 104164 565 1086 48422 337 23733 555 214 301 594 220 388 686 248 245 483 275 210 226 633 10460 1440 7586 781 4665 874 214 1045
leaf_count=3597 309856 534 104164 565 1086 48422 337 23733 555 214 301 594 220 388 686 248 245 483 275 210 226 633 10460 1440 7586 781 4665 874 214 1045
internal_value=6.52111e-05 0.0497706 -0.000330225 -0.0095822 0.00209531 0.0211637 0.0389038 -0.0134247 0.112399 -0.111547 -0.0790386 -0.0503982 -0.144366 -0.0127043 0.0634857 0.214248 0.377537 -0.160358 0.0410299 0.221571 0.0645501 -0.00213312 -0.0024795 -0.035869 -0.0196199 0.0370526 -0.000341385 0.082106 0.506333 0.000528703
internal_weight=524637 4131 520506 108108 412398 74844 49470 25374 1641 3944 3379 3078 1685 1091 1393 707 459 703 49133 711 501 337554 336921 20267 18827 8367 316654 6798 1088 5710
internal_count=524637 4131 520506 108108 412398 74844 49470 25374 1641 3944 3379 3078 1685 1091 1393 707 459 703 49133 711 501 337554 336921 20267 18827 8367 316654 6798 1088 5710
is_linear=0
shrinkage=0.04


Tree=136
num_leaves=31
num_cat=0
split_feature=11 11 7 6 10 15 7 12 7 14 12 7 14 4 12 10 3 3 10 10 9 4 11 9 9 12 9 3 10 4
split_gain=6231.41 15079.4 14921.7 25766.5 43433.9 31841.9 20040.6 16235.1 14039.2 13859.4 16454.5 18325.1 63260.9 14482.6 14153.7 13991.5 29319.9 13727.3 21810.9 10985.7 24906.8 9274.98 13657.6 31015.6 22362.6 38075.2 38499.9 17429.1 12179.3 8130.2
threshold=-0.99628248810768116 -0.99465739727020253 10.800270080566408 22.194952964782718 -0.01505099539645016 0.43750000000000006 27.04564189910889 23.586706161499027 23.669145584106449 34.566368103027351 1.0000000180025095e-35 7.05356788635254 4.5908789634704599 2.4215457439422612 22.413486480712894 0.088045001029968276 5.9416334629058847 56.694669723510749 -0.049434980377554887 0.088045001029968276 74.875000000000014 0.59945908188819896 -0.99966478347778309 78.875000000000014 77.875000000000014 3.1652261018753056 74.625000000000014 5.5318830013275155 0.019350802991539243 8.6912145614624041
decision_type=2 2 2 2 2 2 2 2 2 2 2 2 2 2 2 2 2 2 2 2 2 2 2 2 2 2 2 2 2 2
left_child=2 9 21 8 5 -5 7 -6 -4 10 -2 19 -13 15 -15 16 -14 18 -7 20 -12 -1 24 -24 25 -23 -27 28 -25 -30
right_child=1 -3 3 4 6 17 -8 -9 -10 -11 11 12 13 14 -16 -17 -18 -19 -20 -21 -22 22 23 27 -26 26 -28 -29 29 -31
leaf_value=-0.024405651752729518 -0.060306045636022314 0.00038117791747229249 -0.10360605077962819 0.51406336601346969 -0.095404443826721586 -0.055878556890340596 -0.21394074787151801 0.28664364140828452 -0.32467248488084294 -0.21953347271615331 -0.12507122166234361 0.68221723512656951 -0.20197967866672972 0.10827027576660993 0.47751482349507351 -0.20953762043338933 0.38245627640258695 -0.20278476273851698 0.45308629320972743 -0.033023164509103566 0.20784110389557481 0.064217491857738368 -0.03879776931707838 0.10346779809364368 -0.098794451096419031 -0.021377765304893943 0.65048062386042826 -0.073914900755841437 0.24529133577311282 0.57541784686058062
leaf_weight=14841 1226 483489 3618 373 429 298 1021 290 521 263 497 344 249 597 225 355 284 211 233 1578 1240 2403 7242 501 821 207 387 355 334 205
leaf_count=14841 1226 483489 3618 373 429 298 1021 290 521 263 497 344 249 597 225 355 284 211 233 1578 1240 2403 7242 501 821 207 387 355 334 205
internal_value=6.42712e-05 0.00121721 -0.0164183 -0.0685017 0.0239085 0.217742 -0.100836 0.0605083 -0.132148 0.060071 0.0715368 0.101699 0.195295 0.0939443 0.213865 -0.0182092 0.110736 0.0639281 0.171699 0.0432931 0.112416 -0.00305285 0.0223897 -0.00547858 0.0852822 0.135869 0.419871 0.16654 0.24854 0.379044
internal_weight=524637 490347 34290 6994 2855 1115 1740 719 4139 6858 6595 5369 2054 1710 822 888 533 742 531 3315 1737 27296 12455 8637 3818 2997 594 1395 1040 539
internal_count=524637 490347 34290 6994 2855 1115 1740 719 4139 6858 6595 5369 2054 1710 822 888 533 742 531 3315 1737 27296 12455 8637 3818 2997 594 1395 1040 539
is_linear=0
shrinkage=0.04


Tree=137
num_leaves=31
num_cat=0
split_feature=5 17 13 10 10 4 8 8 14 10 10 10 6 8 1 10 3 10 10 8 11 16 7 10 5 15 10 4 10 10
split_gain=6281.02 14395.1 14206.7 19581.7 23063.8 27035 23156.1 17641.2 23424.2 23518.8 15468.2 14254.8 13528.4 16161.7 20050 13476.9 16092.2 20943.5 12942 27842 15659.9 21535.9 12531.3 14981.9 12287.2 12187.7 11426.3 24262.4 9713.04 10644.5
threshold=94.673366546630874 13.295043945312502 48.609493255615241 0.05372969992458821 -0.21966676414012906 10.116261482238771 17.875000000000004 16.875000000000004 39.52887153625489 -0.35141934454441065 -0.032247759401798241 -0.25309335440397257 54.844379425048835 16.375000000000004 9.5135951042175311 -0.30265928804874415 12.225701332092287 -0.57868120074272145 -0.36747109889984125 18.125000000000004 -0.97507822513580311 -22.774954795837399 54.402153015136726 -0.53584328293800343 38.636404037475593 0.56250000000000011 -0.44600489735603327 3.1625976562500004 0.20706263184547427 0.1393099054694176
decision_type=2 2 2 2 2 2 2 2 2 2 2 2 2 2 2 2 2 2 2 2 2 2 2 2 2 2 2 2 2 2
left_child=2 -2 12 4 7 10 -7 8 -4 -10 -6 15 -1 -14 -15 16 26 -18 19 -3 21 -20 24 -24 -16 -25 -9 -28 29 -5
right_child=1 18 3 28 5 6 -8 11 9 -11 -12 -13 13 14 22 -17 17 -19 20 -21 -22 -23 23 25 -26 -27 27 -29 -30 -31
leaf_value=0.00018824973426673585 0.37822635543373251 0.48893642603641468 0.41853936021585092 -0.15481760863571953 -0.18634555783131712 0.02827295784516768 0.57924503067388378 -0.080552751172895704 0.14675405564818689 -0.32714930366752742 0.22472708534614175 -0.40375152129202319 -0.17526184354883595 -0.19600519489268867 0.1099270461801371 0.16169711662406352 -0.022571964703274633 -0.28162116311585444 -0.21728286309062309 -0.039517179829936452 -0.3076388180966409 0.35062531023113813 -0.14322640886756197 0.38877256860093379 0.43589263020075514 0.016545696081593633 -0.13897597918195545 0.3944786784934326 -0.055447923208727982 -0.51292335806156164
leaf_weight=513565 212 242 245 282 407 210 285 1250 443 256 216 224 286 235 316 325 832 1246 202 431 292 206 293 277 468 278 255 274 320 264
leaf_count=513565 212 242 245 282 407 210 285 1250 443 256 216 224 286 235 316 325 832 1246 202 431 292 206 293 277 468 278 255 274 320 264
internal_value=6.37195e-05 0.07932 -0.000177962 -0.05542 -0.0313305 0.133138 0.350688 -0.0658841 0.0903411 -0.0289734 -0.0425241 -0.0994847 0.000608692 0.100434 0.143376 -0.082263 -0.103185 -0.178507 0.0307658 0.154883 -0.0890645 0.0709835 0.193141 0.0850178 0.307548 0.205917 -0.0146971 0.139524 -0.232929 -0.334079
internal_weight=524637 1585 523052 7334 6468 1118 495 5350 944 699 623 4406 515718 2153 1867 4182 3857 2078 1373 673 700 408 1632 848 784 555 1779 529 866 546
internal_count=524637 1585 523052 7334 6468 1118 495 5350 944 699 623 4406 515718 2153 1867 4182 3857 2078 1373 673 700 408 1632 848 784 555 1779 529 866 546
is_linear=0
shrinkage=0.04


Tree=138
num_leaves=31
num_cat=0
split_feature=14 9 8 3 16 12 11 10 2 10 10 4 7 10 12 13 11 10 4 5 10 13 7 4 13 17 15 11 11 2
split_gain=6096.57 8072.01 14241.5 12180.9 10963.1 11481.8 15032.8 53829.2 42671.2 25268.4 27472.6 19360.8 15176.9 13676.7 12136.9 15396.8 12661.4 20603.9 19581.4 12084.5 21984.6 9238.21 11038.5 9230 13184.7 20232.9 10897.7 9127.39 13412.9 8676.8
threshold=0.018652616068720821 79.625000000000014 20.625000000000004 41.322093963623054 -6.0524835586547843 22.9924430847168 -0.32816398143768305 -0.82956761121749867 23.698267936706547 -0.76762619614601124 -0.56456753611564625 0.6903379261493684 9.5938644409179705 0.29033823311328893 3.6600785255432133 37.509904861450202 -0.99375280737876881 -0.33526359498500818 0.93995332717895519 21.606509208679203 -0.65962448716163624 45.115659713745124 27.04564189910889 3.4832201004028325 11.656563758850099 -7.9977762699127188 0.56250000000000011 -0.96904978156089772 -0.99273797869682301 2.9175800085067753
decision_type=2 2 2 2 2 2 2 2 2 2 2 2 2 2 2 2 2 2 2 2 2 2 2 2 2 2 2 2 2 2
left_child=-1 -2 4 21 5 6 7 8 12 -9 11 -11 -3 14 -12 16 -16 -18 -19 20 -13 22 29 26 -25 -26 -6 28 -28 -4
right_child=1 2 3 -5 23 -7 -8 9 -10 10 13 19 -14 -15 15 -17 17 18 -20 -21 -22 -23 -24 24 25 -27 27 -29 -30 -31
leaf_value=-0.014600412134920695 -0.00036531402610328364 0.46106901207424345 0.019916508080420767 -0.15515570337535139 0.012726060977410704 -0.072554282598239553 -0.023425232216645525 -0.26151069801403926 0.91577417205083733 0.63551109001534811 -0.081402974419516258 0.056075734544218631 -0.022314422994016488 0.3230072283283586 -0.075764844579747206 -0.21194163103257457 0.019403557192111755 0.14088746024029594 0.68312186731701408 -0.066625776145766133 0.59216292453397601 -0.24536155494868755 0.25472529993354159 0.023640724360867879 0.43939932892986588 0.08728102391059088 -0.1675346030258551 -0.15852518583523142 0.24244439033301252 -0.04080670539408706
leaf_weight=41752 436044 200 9295 892 11689 698 1262 315 217 201 1139 275 204 242 273 207 378 214 216 201 214 240 257 7581 288 2190 236 1147 256 6314
leaf_count=41752 436044 200 9295 892 11689 698 1262 315 217 201 1139 275 204 242 273 207 378 214 216 201 214 240 257 7581 288 2190 236 1147 256 6314
internal_value=6.18415e-05 0.00132987 0.0171071 -0.012113 0.0337488 0.0798547 0.0984239 0.132602 0.475325 0.0765961 0.107162 0.298181 0.222341 0.0425181 0.0133394 0.0971033 0.157682 0.236519 0.422601 0.19224 0.297848 -0.00409948 -0.000297735 0.0209925 0.0498973 0.129807 -0.000843811 -0.0971115 0.0463679 -0.00465705
internal_weight=524637 482885 46841 16998 29843 6456 5758 4496 621 3875 3560 891 404 2669 2427 1288 1081 808 430 690 489 16106 15866 23387 10059 2478 13328 1639 492 15609
internal_count=524637 482885 46841 16998 29843 6456 5758 4496 621 3875 3560 891 404 2669 2427 1288 1081 808 430 690 489 16106 15866 23387 10059 2478 13328 1639 492 15609
is_linear=0
shrinkage=0.04


Tree=139
num_leaves=31
num_cat=0
split_feature=8 9 3 11 16 11 7 10 4 0 11 14 4 10 4 4 10 18 10 14 4 11 4 1 3 11 4 10 3 14
split_gain=6104.7 15934.5 13394.6 19609 21233.8 15474.4 19698 23840.8 24383.6 14569.9 18125.6 15290.7 34966.1 22127.8 37430 17595.1 15033.8 10704.5 10625.4 10049.3 11077.1 9579.89 10782.9 13003.5 8968.12 13236.9 19579.2 15462 14054.3 9270.69
threshold=16.875000000000004 74.125000000000014 56.694669723510749 -0.90892156958580006 -34.359346389770501 -0.95242238044738758 4.4681060314178476 0.3393120169639588 5.5042948722839364 1.1322365403175356 -0.99966478347778309 14.914422988891603 0.12400357797741891 -0.15207348018884656 10.798296451568605 0.37504117190837866 -0.083760455250740037 6.0555224418640146 0.036545658484101302 32.567819595336921 21.880743026733402 -0.9852197766304015 52.737417221069343 57.163423538208015 14.041384696960451 -0.49998149275779719 19.451602935791019 -0.72174841165542591 0.52938920259475719 32.567819595336921
decision_type=2 2 2 2 2 2 2 2 2 2 2 2 2 2 2 2 2 2 2 2 2 2 2 2 2 2 2 2 2 2
left_child=1 2 3 4 -1 9 17 8 -8 -6 -11 12 -12 14 -13 -15 -17 -7 -14 20 -18 -4 23 -23 25 26 -5 -28 -27 -26
right_child=-2 -3 21 24 5 6 7 -9 -10 10 11 13 18 15 -16 16 19 -19 -20 -21 -22 22 -24 -25 29 28 27 -29 -30 -31
leaf_value=-0.16089377309897501 -0.00098038804469495174 -0.024051801395804682 -0.24542299223528058 0.047052101722479707 -0.12887320752383108 0.24311407145471253 -0.057487460817669478 0.72431452844549438 0.41669985384843267 0.43721521800666147 0.56005289533005409 0.65572591042854411 -0.096867435052274506 -0.31587896227109724 -0.014593641428914788 -0.26682106199182665 0.048929017567634583 -0.11726127504797304 0.22789068291721673 -0.10403982333413192 0.40493858372905983 -0.033002993506478499 -0.20479441374561025 0.29970277383982896 -0.06019441100657158 0.077970911283525984 0.46082267156626172 0.10302688609817974 -0.046649142517510948 0.10970207387674749
leaf_weight=412 495720 9639 369 1897 421 229 274 207 453 254 313 203 354 318 355 223 365 285 280 270 220 742 350 241 3028 2628 387 391 3200 609
leaf_count=412 495720 9639 369 1897 421 229 274 207 453 254 313 203 354 318 355 223 365 285 280 270 220 742 350 241 3028 2628 387 391 3200 609
internal_value=6.18909e-05 0.0179237 0.038913 0.0492942 0.112362 0.135045 0.245058 0.353582 0.239628 0.0899399 0.119453 0.0902247 0.221239 0.0259259 0.236519 -0.0593346 0.0185513 0.0448706 0.0478704 0.0952059 0.187368 -0.0679522 -0.0173632 0.0507625 0.020985 0.043455 0.116942 0.284594 0.00958265 -0.0315232
internal_weight=524637 28917 19278 17576 5436 5024 1448 934 727 3576 3155 2901 947 1954 558 1396 1078 514 634 855 585 1702 1333 983 12140 8503 2675 778 5828 3637
internal_count=524637 28917 19278 17576 5436 5024 1448 934 727 3576 3155 2901 947 1954 558 1396 1078 514 634 855 585 1702 1333 983 12140 8503 2675 778 5828 3637
is_linear=0
shrinkage=0.04


Tree=140
num_leaves=31
num_cat=0
split_feature=6 3 14 1 9 10 6 1 11 1 10 2 11 7 9 4 4 2 2 12 10 18 7 3 14 4 3 11 1 17
split_gain=5840.86 14721.2 13514.5 13824.1 14291.7 13441.5 12465.7 13689.1 13259.8 13984.8 18390.5 17719.7 13812.7 12691.3 13017.7 13050.8 12396.3 12252.3 10914.6 10881.9 13893.4 19030.4 10879.6 10848.5 10219.3 9927.74 9400.94 8863.07 8719.74 8268.98
threshold=74.795677185058608 32.619159698486335 47.140737533569343 112.08073806762697 73.375000000000014 -0.15207348018884656 41.198997497558601 2.1775798797607426 -0.99818569421768177 24.197952270507816 -0.55028682947158802 34.350402832031257 -0.98212954401969899 30.185176849365238 73.375000000000014 3.9943205118179326 8.5531435012817401 29.483069419860843 47.82841873168946 25.475729942321781 -0.38341410458087916 63.561090469360359 37.250717163085945 30.353242874145511 52.626115798950202 15.533803939819338 135.4094161987305 -0.97315269708633412 14.064188003540041 24.438091278076175
decision_type=2 2 2 2 2 2 2 2 2 2 2 2 2 2 2 2 2 2 2 2 2 2 2 2 2 2 2 2 2 2
left_child=2 25 6 4 19 16 29 -8 -9 10 22 27 -12 -13 23 -16 -6 -14 -18 28 -21 -22 -10 -15 -3 -2 -26 -11 -4 -1
right_child=1 24 3 -5 5 -7 7 8 9 11 12 13 17 14 15 -17 18 -19 -20 20 21 -23 -24 -25 26 -27 -28 -29 -30 -31
leaf_value=0.00013745316078637979 0.065226464362371533 0.21163592660540267 -0.047258598936928645 -0.28361032350683074 0.086958795750683007 -0.37397209461891295 -0.21788225672863148 0.2956281792493235 0.18743554580188448 -0.30005300375404736 0.038778802029111173 0.29192402070824991 0.5534382684597603 -0.26218312528568116 -0.15266938373255046 0.1681424439699519 -0.29642392769394077 0.17491403051025362 -0.037590168460312053 -0.1640262105453171 -0.20746550003518452 0.23242055665616257 -0.15469409599098202 0.080069040965575447 -0.10185344010908215 0.45359174666733582 0.17560273051322231 -0.048589224652149723 0.26745144777905161 -0.066192152206495034
leaf_weight=509982 200 306 206 430 485 287 260 391 247 292 265 361 315 341 243 1043 472 259 575 674 225 470 343 250 931 222 237 892 418 3015
leaf_count=509982 200 306 206 430 485 287 260 391 247 292 265 361 315 341 243 1043 472 259 575 674 225 470 343 250 931 222 237 892 418 3015
internal_value=6.16562e-05 0.0699568 -0.000193189 -0.0712148 -0.0465769 -0.127333 0.000389223 0.0602226 0.074405 0.0560025 0.160631 0.0119699 0.279839 0.0780801 0.0356228 0.106812 -0.0790026 0.38856 -0.155976 0.0273964 -0.0358132 0.0890886 -0.0107268 -0.118483 0.00970805 0.275303 -0.0445418 -0.112599 0.16445 -0.000253664
internal_weight=524637 1896 522741 4242 3812 1819 518499 5502 5242 4851 1429 3422 839 2238 1877 1286 1532 574 1047 1993 1369 695 590 591 1474 422 1168 1184 624 512997
internal_count=524637 1896 522741 4242 3812 1819 518499 5502 5242 4851 1429 3422 839 2238 1877 1286 1532 574 1047 1993 1369 695 590 591 1474 422 1168 1184 624 512997
is_linear=0
shrinkage=0.04


Tree=141
num_leaves=31
num_cat=0
split_feature=11 7 6 10 12 7 14 4 7 8 4 11 7 12 8 12 7 4 3 2 16 14 6 9 8 4 11 9 9 12
split_gain=5876.9 14393.1 23556.8 35172.8 25511.6 35587.4 18991.5 16881.3 15906.9 20695.3 14323.8 14116 13561.7 12630.6 16243.2 29761.1 51009.5 16515.6 17398 15752.9 16657.2 10559.8 9760.01 9718.3 9633.21 8746.11 11740.1 28365.4 19123.3 31425.3
threshold=-0.99628248810768116 10.953204631805422 19.961649894714359 -0.01505099539645016 26.89951324462891 30.185176849365238 42.708112716674812 0.75931483507156383 34.51555252075196 18.875000000000004 11.719585895538332 -0.99465739727020253 27.04564189910889 1.0000000180025095e-35 19.375000000000004 6.902379274368287 10.112575054168703 31.900877952575687 28.958769798278812 2.6909476518630986 6.6578798294067392 7.6809659004211435 16.3505973815918 78.375000000000014 17.875000000000004 0.75931483507156383 -0.99966478347778309 78.875000000000014 77.875000000000014 1.171710252761841
decision_type=2 2 2 2 2 2 2 2 2 2 2 2 2 2 2 2 2 2 2 2 2 2 2 2 2 2 2 2 2 2
left_child=1 25 12 4 5 -4 8 -6 9 10 -5 13 -3 -2 17 16 21 18 22 20 -17 23 -15 -16 -9 -1 28 -28 29 -27
right_child=11 2 3 6 7 -7 -8 24 -10 -11 -12 -13 -14 14 15 19 -18 -19 -20 -21 -22 -23 -24 -25 -26 26 27 -29 -30 -31
leaf_value=-0.023015279047035202 -0.057869794962951818 -0.11458951773729938 0.082426348243558836 0.046345700788315229 0.28056279869403988 0.68798972054420848 -0.34206264920850143 0.036702149623384077 -0.22397708245903286 -0.095180479477051119 0.49271633986107732 0.00037040361527389531 -0.40365971287673108 -0.010172963925286924 0.17636732178746331 -0.070903761152388917 0.74277100446427025 0.33343524146935105 -0.32912474632263183 -0.13360733366812202 0.37675602042499712 0.41890247880000075 0.25044070124626161 -0.080238251999853571 -0.33167640366503015 0.033600869284072216 -0.03609520246425333 0.16283308665894897 -0.09143362531227385 0.31016791600567362
leaf_weight=15327 1226 3360 351 251 216 273 389 230 474 642 206 483489 274 2042 902 255 278 227 245 659 262 201 249 312 211 1905 7032 1360 793 996
leaf_count=15327 1226 3360 351 251 216 273 389 230 474 642 206 483489 274 2042 902 255 278 227 245 659 262 201 249 312 211 1905 7032 1360 793 996
internal_value=5.96237e-05 -0.0159472 -0.0676429 0.0107438 0.173023 0.354033 -0.095549 -0.00162635 -0.0328109 0.0509155 0.253796 0.00117929 -0.137433 0.0581219 0.0834293 0.149921 0.256792 0.0140954 -0.0156864 -0.00480199 0.158801 0.156771 0.0191174 0.110303 -0.142998 -0.00295858 0.0224746 -0.00370163 0.0817909 0.129294
internal_weight=524637 34290 6877 3243 1281 624 1962 657 1573 1099 457 490347 3634 6858 5632 2869 1693 2763 2536 1176 517 1415 2291 1214 441 27413 12086 8392 3694 2901
internal_count=524637 34290 6877 3243 1281 624 1962 657 1573 1099 457 490347 3634 6858 5632 2869 1693 2763 2536 1176 517 1415 2291 1214 441 27413 12086 8392 3694 2901
is_linear=0
shrinkage=0.04


Tree=142
num_leaves=31
num_cat=0
split_feature=10 12 9 14 10 11 10 3 17 17 7 6 3 5 4 17 10 8 7 10 11 6 11 10 14 11 3 4 17 11
split_gain=5840.43 6933.06 6526.56 16479.6 17240.5 13758.1 71427 87368.2 31221 35384.9 17268.2 46428.8 16878.1 28492.4 31795.1 28368.2 40014.7 24300.6 15939.2 21197.5 68515 44168.6 15881.2 114793 18748.5 17280.9 31843.9 29603.4 37660.6 27618.8
threshold=0.46514528989791876 0.96920841932296764 73.625000000000014 42.708112716674812 -0.35141934454441065 -0.51480397582054127 -0.82956761121749867 2.3287252187728886 -5.4461739063262931 4.3597149848937997 30.185176849365238 33.94459533691407 15.917535305023195 38.636404037475593 13.968427658081056 17.642620086669925 -0.11798679083585738 17.625000000000004 10.534120559692385 -0.97113886475563038 -0.17858051508665082 3.8761708736419682 -0.99168640375137318 0.07089784182608129 21.521177291870121 -0.94703993201255787 3.3724690675735478 0.14071644842624667 -0.23854960501193997 -0.92921787500381459
decision_type=2 2 2 2 2 2 2 2 2 2 2 2 2 2 2 2 2 2 2 2 2 2 2 2 2 2 2 2 2 2
left_child=2 -2 5 -4 -5 6 7 -1 -9 -10 11 18 13 22 15 16 -15 -16 19 20 21 -7 23 24 -8 26 -24 28 -28 -27
right_child=1 -3 3 4 -6 10 12 8 9 -11 -12 -13 -14 14 17 -17 -18 -19 -20 -21 -22 -23 25 -25 -26 29 27 -29 -30 -31
leaf_value=-0.27958520528033798 -0.018816584292224575 -0.12696337286017007 -0.00030754198579869987 -0.019309858408577692 -0.25938307772254166 0.0095334540060346157 -0.077739620830702946 0.1652961144089139 1.0731122951166352 0.38177883450077615 -0.11248668588927378 0.38440734035065099 -0.013394917534497111 -0.090130389431248542 0.028093716702371273 -0.082580243534561934 0.64119843207096783 0.4882423329679017 -0.063037455959204639 -0.02939634472719637 0.026832954873591764 0.74320013280369734 -0.1674798994240653 0.75640490130220772 0.31238994750109589 0.22776352326761143 0.64458586053813205 -0.078262358915184585 -0.026400083612979339 0.0076334385497749463
leaf_weight=239 8466 1059 465805 1198 789 201 1334 203 266 237 2344 486 12403 220 255 852 247 658 5634 6241 4324 370 2017 368 221 1069 262 712 262 5895
leaf_count=239 8466 1059 465805 1198 789 201 1334 203 266 237 2344 486 12403 220 255 852 247 658 5634 6241 4324 370 2017 368 221 1069 262 712 262 5895
internal_value=5.88313e-05 -0.030961 0.000633013 -0.000799122 -0.11546 0.0147879 0.0329194 0.372848 0.594534 0.761166 -0.010859 0.00300288 0.0207872 0.0502752 0.181296 0.0548336 0.302008 0.36142 -0.00827284 0.0194657 0.0816966 0.489548 0.026057 0.131196 -0.0206517 0.00615935 -0.0698255 0.0895996 0.314881 0.0417024
internal_weight=524637 9525 515112 467792 1987 47320 27720 945 706 503 19600 17256 26775 14372 2232 1319 467 913 16770 11136 4895 571 12140 1923 1555 10217 3253 1236 524 6964
internal_count=524637 9525 515112 467792 1987 47320 27720 945 706 503 19600 17256 26775 14372 2232 1319 467 913 16770 11136 4895 571 12140 1923 1555 10217 3253 1236 524 6964
is_linear=0
shrinkage=0.04


Tree=143
num_leaves=31
num_cat=0
split_feature=8 3 11 10 13 10 3 13 5 9 10 9 12 7 10 10 14 10 9 4 9 16 10 11 2 4 4 12 13 8
split_gain=5893.44 7284.18 8437.97 6405.34 23346.9 18754.9 25991.2 18731 31629 17835.1 16097.8 43748.9 13438.3 16078.1 20645.9 35312.5 28045.8 22186.9 16779.8 19542.5 14635.1 13280.5 13256.7 81096.9 78303.5 56589.7 42728.3 33212 24574.9 24204.6
threshold=15.875000000000002 14.041384696960451 -0.45464412868022913 -0.01505099539645016 29.518705368041996 -0.38341410458087916 1.0000000180025095e-35 75.981067657470717 94.673366546630874 73.375000000000014 -0.35141934454441065 76.875000000000014 11.572896957397463 48.610565185546882 0.1393099054694176 0.20706263184547427 29.454915046691898 0.10516610741615297 73.625000000000014 5.3095715045928964 73.875000000000014 2.2725826501846318 -0.74512827396392811 -0.64084014296531666 22.781103134155277 2.7463392019271855 6.3230762481689462 6.902379274368287 0.37170210480690008 17.875000000000004
decision_type=2 2 2 2 2 2 2 2 2 2 2 2 2 2 2 2 2 2 2 2 2 2 2 2 2 2 2 2 2 2
left_child=1 2 -1 5 -5 22 10 8 -8 -9 11 -7 -6 14 17 -16 20 18 19 -14 -17 -13 23 24 26 -26 27 28 -2 -30
right_child=3 -3 -4 4 12 6 7 9 -10 -11 -12 21 13 -15 15 16 -18 -19 -20 -21 -22 -23 -24 -25 25 -27 -28 -29 29 -31
leaf_value=0.1587769162089844 0.063773927585393034 -0.019940765496887967 0.013401566426298354 -0.0054873285556033538 -0.27973292524640392 -0.040224658704913444 0.037459820579967149 -0.015830574245829333 0.51393801806760686 -0.46914685084918861 -0.021235572992507983 0.23167158833470758 -0.075655092665229934 -0.35150198771485258 -0.4090599972179958 -0.38418583615279112 0.26533591214557745 0.40308291731209595 -0.18728923217094881 0.38385551489724051 0.0060225959926504978 0.64219970345771815 -0.015364945957704256 -0.001166716609282755 1.0941906022581092 0.16277025033888365 -0.038801832675394457 -0.048203440820486353 0.019618489018198355 0.36039987024494241
leaf_weight=1326 970 1577 1228 104423 599 1086 48673 370 214 213 23733 348 322 291 515 269 375 251 461 260 342 207 88452 242298 218 200 2207 826 402 1981
leaf_count=1326 970 1577 1228 104423 599 1086 48673 370 214 213 23733 348 322 291 515 269 375 251 461 260 342 207 88452 242298 218 200 2207 826 402 1981
internal_value=5.98671e-05 0.0475902 0.0892032 -0.000318265 -0.00898438 0.00195367 0.0200678 0.0369471 0.0396503 -0.186569 -0.0128422 0.10794 -0.107798 -0.0736296 -0.0435491 -0.144057 -0.00292527 0.0732476 -0.00920202 0.132641 -0.169191 0.393444 -0.00206315 0.00266052 0.138754 0.66275 0.103473 0.178525 0.234355 0.303234
internal_weight=524637 4131 2554 520506 108108 412398 74844 49470 48887 583 25374 1641 3685 3086 2795 1501 986 1294 1043 582 611 555 337554 249102 6804 418 6386 4179 3353 2383
internal_count=524637 4131 2554 520506 108108 412398 74844 49470 48887 583 25374 1641 3685 3086 2795 1501 986 1294 1043 582 611 555 337554 249102 6804 418 6386 4179 3353 2383
is_linear=0
shrinkage=0.04


Tree=144
num_leaves=31
num_cat=0
split_feature=3 2 14 10 6 5 8 1 4 2 17 3 16 10 10 11 17 2 15 7 10 7 2 1 17 10 8 10 16 10
split_gain=5702.99 13616.4 10797.2 20080.4 14640.4 16100.6 18241.6 13698.2 11037.8 23918.3 22108 13096.2 15415.7 10929 10825.5 10375.8 9677.02 13298.7 12469 10434.7 8813.6 8995.12 8681.83 8253.41 8091.43 20975.1 15875.9 18087.6 12459.5 37104.8
threshold=135.4094161987305 5.2269523143768319 47.140737533569343 1.0000000180025095e-35 49.102416992187507 19.359487533569339 16.125000000000004 24.719000816345218 9.6106991767883319 68.288406372070327 16.206768035888675 54.057064056396491 -27.340926170349118 -0.43054369091987604 0.10516610741615297 -0.96234029531478871 19.46840858459473 98.137962341308608 0.81250000000000011 43.983234405517585 -0.21966676414012906 54.402153015136726 57.207065582275398 73.33267974853517 24.438091278076175 0.1393099054694176 19.875000000000004 -0.049434980377554887 91.815696716308608 -0.50648479163646687
decision_type=2 2 2 2 2 2 2 2 2 2 2 2 2 2 2 2 2 2 2 2 2 2 2 2 2 2 2 2 2 2
left_child=2 -2 4 8 24 -6 -7 -8 10 20 23 12 -11 -14 -5 -3 18 22 19 -9 21 -10 -18 -4 28 26 27 -26 -1 -30
right_child=1 15 3 14 5 6 7 16 9 11 -12 -13 13 -15 -16 -17 17 -19 -20 -21 -22 -23 -24 -25 25 -27 -28 -29 29 -31
leaf_value=0.00017297145381175251 -0.1305714900084623 0.38209370329462244 0.087745246793250742 -0.46492387314637507 -0.23634937098249795 -0.14771108465334951 0.37918349749230718 0.31747314000198396 -0.12829978520622118 -0.057164663224449762 -0.18978254393400007 -0.10310202180220407 0.07609097108614582 0.43731902843335002 -0.11244439920858491 0.078110449200404469 0.18310380429430287 -0.0052255923676490781 -0.17783358427754331 0.0026865500128352561 0.059821837865389312 -0.33017540444862703 0.55204170541175734 0.34407999734312184 0.0078534304987096307 -0.3194669820733147 -0.12418085531275574 0.39655427531911691 -0.079313599784464978 0.53792283706647115
leaf_weight=511230 323 251 927 260 206 330 393 272 945 377 421 576 252 289 306 600 227 240 293 419 224 577 201 251 1582 427 1403 208 371 256
leaf_count=511230 323 251 927 260 206 330 393 272 945 377 421 576 252 289 306 600 227 240 293 419 224 577 201 251 1582 427 1403 208 371 256
internal_value=5.89924e-05 0.0877479 -0.000139345 -0.0563293 0.000447972 0.095293 0.124929 0.169429 -0.0296889 -0.0720576 0.0560758 0.045315 0.138547 0.273492 -0.279621 0.171166 0.117549 0.233879 0.0370185 0.129358 -0.172176 -0.206488 0.365015 0.1448 -2.87577e-05 -0.0595381 -0.0238889 0.0549731 0.000393264 0.177188
internal_weight=524637 1174 523463 5405 518058 2581 2375 2045 4839 3240 1599 1494 918 541 566 851 1652 668 984 691 1746 1522 428 1178 515477 3620 3193 1790 511857 627
internal_count=524637 1174 523463 5405 518058 2581 2375 2045 4839 3240 1599 1494 918 541 566 851 1652 668 984 691 1746 1522 428 1178 515477 3620 3193 1790 511857 627
is_linear=0
shrinkage=0.04


Tree=145
num_leaves=31
num_cat=0
split_feature=6 9 8 10 4 7 3 8 17 9 11 11 14 11 11 11 10 4 7 11 10 13 17 11 14 16 7 13 4 4
split_gain=5669.86 13544.8 16027.6 16478.8 16289.8 12646.5 11190.2 8818.26 6800.77 6724.64 17554 19889.8 22998.6 63590.1 57007.4 67374.2 47226.5 40596 19335.6 35455.7 108415 25355.8 42246 17926.9 17486.3 15879.8 29695.7 33813.6 15801.8 14477
threshold=74.795677185058608 73.125000000000014 17.625000000000004 -0.35141934454441065 9.2847504615783709 64.519947052001967 51.849012374877937 17.125000000000004 -15.02767753601074 73.375000000000014 -0.92921787500381459 -0.99983122944831837 30.957062721252445 -0.99818569421768177 -0.96904978156089772 -0.95752304792404164 -0.31900864839553827 37.897743225097663 21.954888343811039 -0.99168640375137318 0.07089784182608129 4.5084965229034433 -3.1318986415863033 -0.94978386163711537 47.140737533569343 33.083948135375984 20.007648468017582 52.602317810058601 46.33366775512696 65.19748687744142
decision_type=2 2 2 2 2 2 2 2 2 2 2 2 2 2 2 2 2 2 2 2 2 2 2 2 2 2 2 2 2 2
left_child=5 -2 3 -3 -4 9 -6 -7 -8 10 11 -1 16 -14 17 -16 -13 -15 19 20 -18 22 -21 -17 -11 28 -27 -28 -12 -20
right_child=1 2 4 -5 6 7 8 -9 -10 24 25 12 13 14 15 23 18 -19 29 21 -22 -23 -24 -25 -26 26 27 -29 -30 -31
leaf_value=-0.21767797306710726 -0.12788852355397981 0.16386900855063261 -0.067358395681444513 -0.25454628335415491 0.56145525938114238 0.065255636026255809 0.3430167702107712 -0.2169846538173319 0.03280362866504092 -0.00053238539880923533 0.0050714685903247101 0.61101988297488008 0.76359236772058259 -0.22328308478749584 0.90530372200644182 0.35771811995796543 0.0033446623542105836 0.4042656620116461 -0.184709655386227 0.64430732290542447 0.88815462904207165 -0.097782479803014355 0.0098155694695897504 -0.14089025060879068 -0.1223379517980589 -0.11792452833591364 0.57455087512115799 -0.036698799237429379 -0.10601550715840541 0.15483857348443025
leaf_weight=355 425 306 216 278 216 231 252 698 203 492528 16458 214 268 763 243 201 777 200 1011 208 300 1881 732 246 1883 380 353 239 2330 242
leaf_count=355 425 306 216 278 216 231 252 698 203 492528 16458 214 268 763 243 201 777 200 1011 208 300 1881 732 246 1883 380 353 239 2330 242
internal_value=5.75749e-05 0.0689219 0.126264 -0.0362403 0.232468 -0.000193512 0.328556 -0.146857 0.208296 7.04068e-05 0.0193552 0.0707975 0.0851321 0.203537 0.108689 0.383504 0.0424363 -0.0901357 0.0176761 0.0616161 0.255713 -0.0131277 0.155518 0.0862377 -0.000998756 -0.000562769 0.156246 0.331269 -0.00875409 -0.118424
internal_weight=524637 1896 1471 584 887 522741 671 929 455 521812 27401 7641 7286 1921 1653 690 5365 963 5151 3898 1077 2821 940 447 494411 19760 972 592 18788 1253
internal_count=524637 1896 1471 584 887 522741 671 929 455 521812 27401 7641 7286 1921 1653 690 5365 963 5151 3898 1077 2821 940 447 494411 19760 972 592 18788 1253
is_linear=0
shrinkage=0.04


Tree=146
num_leaves=31
num_cat=0
split_feature=8 9 11 14 3 7 7 2 4 17 11 10 10 7 3 2 15 18 10 1 9 11 14 7 6 11 10 10 17 12
split_gain=5752.46 14902 11705.8 21334.3 14357.3 10747.5 11240.1 11921.6 19036.5 10566.2 11490.2 18994 26617.6 18904.7 11183.3 10273.1 12625.7 15575.7 10951.8 10265.8 9810.27 14370 24696.5 30664.5 10710.6 9296.28 8194.6 22060 41157.3 10842.7
threshold=16.875000000000004 74.125000000000014 -0.49998149275779719 42.708112716674812 0.10790697485208513 54.402153015136726 19.44001388549805 51.97288894653321 17.337513923645023 -16.221509933471676 -0.98372924327850331 -0.38341410458087916 -0.49157854914665217 30.185176849365238 21.053343772888187 40.052888870239265 0.93750000000000011 89.035415649414077 -0.35141934454441065 36.765419006347663 73.875000000000014 -0.97507822513580311 5.1970343589782724 2.4796402454376225 18.194945335388187 0.29753153026103979 -0.99940761923789967 -0.99904707074165333 -5.9607648849487296 21.885112762451175
decision_type=2 2 2 2 2 2 2 2 2 2 2 2 2 2 2 2 2 2 2 2 2 2 2 2 2 2 2 2 2 2
left_child=1 2 3 5 25 6 20 9 -9 -8 13 12 19 -11 -13 -5 17 -17 -18 -12 21 -1 23 -23 -24 -4 29 28 -28 -2
right_child=26 -3 4 15 -6 -7 7 8 -10 10 11 14 -14 -15 -16 16 18 -19 -20 -21 -22 22 24 -25 -26 -27 27 -29 -30 -31
leaf_value=0.38826343486639298 -0.037491217256841132 -0.023195225522483858 0.15456306436904929 -0.23101039992521205 -0.035130446401544946 0.29670179068372265 0.17154941409430943 -0.05402914047450913 0.37871066049360502 0.053361098087962022 -0.031332424299438486 0.023018446029985654 -0.41051338169382606 -0.32547261515291787 0.37764432118430968 0.061025070336957768 0.35821711414885299 -0.36287318346565334 -0.030166869454685299 0.23611873839751493 0.061227414742073841 0.14892991900676861 0.10142528849468591 0.72837676566164444 -0.13517446246253978 -0.01099124541152229 0.64142363186593343 -0.00081395902185560614 0.065824986880377412 0.22551431184168905
leaf_weight=397 12714 9639 1285 470 5497 357 480 292 351 381 1209 262 263 455 305 296 204 247 251 273 2809 494 1161 202 405 932 203 479520 3037 246
leaf_count=397 12714 9639 1285 470 5497 357 480 292 351 381 1209 262 263 455 305 296 204 247 251 273 2809 494 1161 202 405 932 203 479520 3037 246
internal_value=5.8759e-05 0.0173976 0.0376955 0.0631354 -0.000473583 0.0838525 0.0757538 0.0270387 0.184376 -0.00127684 -0.0280888 0.0179915 -0.0475457 -0.154232 0.217017 -0.0789478 -0.0057538 -0.134873 0.147925 0.0191873 0.113686 0.168667 0.128586 0.325038 0.0397663 0.0852292 -0.000953003 -0.000110044 0.103751 -0.032329
internal_weight=524637 28917 19278 11564 7714 10096 9739 4271 643 3628 3148 2312 1745 836 567 1468 998 543 455 1482 5468 2659 2262 696 1566 2217 495720 482760 3240 12960
internal_count=524637 28917 19278 11564 7714 10096 9739 4271 643 3628 3148 2312 1745 836 567 1468 998 543 455 1482 5468 2659 2262 696 1566 2217 495720 482760 3240 12960
is_linear=0
shrinkage=0.04


Tree=147
num_leaves=31
num_cat=0
split_feature=9 4 14 13 11 10 10 2 10 10 8 2 11 10 10 13 15 4 10 7 18 3 14 10 7 6 8 6 11 10
split_gain=5722.53 15144.9 13165 13560.8 15940.2 97103.5 22364.1 35405 60433.4 32969.9 41797.4 19432.7 15048.5 21803.9 14032.1 13084.9 10015.6 9992.49 17041.4 9402.03 8758.73 7175.5 11352.7 9921.99 9053.5 19532.1 14866.3 14219.8 22718.6 29428.5
threshold=79.625000000000014 3.6200001239776616 42.708112716674812 11.125144481658937 -0.39233249425888056 -0.89015004038810719 -0.59262362122535694 2.5781925916671757 -0.36747109889984125 -0.46133413910865778 19.875000000000004 35.376754760742195 -0.98932650685310353 -0.21966676414012906 -0.99630266427993763 20.951704978942875 0.68750000000000011 22.328450202941898 -0.69751432538032521 9.249120235443117 110.42088699340822 135.4094161987305 34.566368103027351 -0.2696967720985412 13.354095935821535 12.391921043395998 18.375000000000004 25.172614097595218 -0.99761277437210072 -0.53584328293800343
decision_type=2 2 2 2 2 2 2 2 2 2 2 2 2 2 2 2 2 2 2 2 2 2 2 2 2 2 2 2 2 2
left_child=21 16 3 -3 5 -5 17 8 -8 10 -9 12 -11 15 -6 -14 20 19 -19 -7 -2 24 -23 -24 25 -1 -27 28 -26 -30
right_child=1 2 -4 4 14 6 7 9 -10 11 -12 -13 13 -15 -16 -17 -18 18 -20 -21 -22 22 23 -25 27 26 -28 -29 29 -31
leaf_value=-0.0018125120507815893 0.00022650140696099116 0.021026314899247542 -0.20467768216494878 0.95019320322689926 0.22297352281365942 0.1107125110044144 0.01607380341235045 -0.076106973872266032 0.82798268579933421 -0.13636350822859797 0.64121017854850937 -0.18458816201098521 -0.080837182359593571 0.52483961744688901 -0.11301850263264912 0.23833433120333741 -0.082521106258963736 0.27764150486731515 -0.1195930518748706 -0.13755648646706498 0.25946367589845543 -0.079343251464079737 0.086679255425797866 0.41211962360425058 -0.16521764746230028 0.084774321945220485 0.016500846567856782 0.0079654470281976236 -0.050458796303760177 0.028029437794977005
leaf_weight=382892 29773 13167 336 207 243 310 286 210 292 338 323 570 423 207 923 383 2412 389 297 1037 200 347 441 223 1924 6671 21635 23801 22920 11457
leaf_count=382892 29773 13167 336 207 243 310 286 210 292 338 323 570 423 207 923 383 2412 389 297 1037 200 347 441 223 1924 6671 21635 23801 22920 11457
internal_value=5.8531e-05 0.0126083 0.040023 0.044319 0.0918508 0.12141 0.0857332 0.154381 0.433348 0.0871822 0.362393 0.00934099 0.0919167 0.168674 -0.0416955 0.0718908 -0.00427945 -0.0169015 0.106414 -0.0800248 0.00204227 -0.00133206 0.104594 0.200469 -0.0015615 0.000558169 0.0326154 -0.0160612 -0.0318123 -0.0243001
internal_weight=524637 52326 19941 19605 6438 5272 5065 3032 578 2454 533 1921 1351 1013 1166 806 32385 2033 686 1347 29973 472311 1011 664 471300 411198 28306 60102 36301 34377
internal_count=524637 52326 19941 19605 6438 5272 5065 3032 578 2454 533 1921 1351 1013 1166 806 32385 2033 686 1347 29973 472311 1011 664 471300 411198 28306 60102 36301 34377
is_linear=0
shrinkage=0.04


Tree=148
num_leaves=31
num_cat=0
split_feature=11 8 9 3 11 16 11 7 10 4 0 11 14 4 10 4 11 18 10 3 14 11 10 14 11 12 8 11 15 11
split_gain=5557.96 6140.46 14691.3 12352.8 15218.3 18354.5 14146.7 18545.2 21765.9 22486.5 13437.3 16374.7 13485.2 32242.4 20167.6 34494.9 16057.1 9995.37 9867.79 9320.49 10533 15524.4 16075.6 16876.8 15130.5 9343.32 9313.03 8679.56 8587.17 13236.5
threshold=0.44118724763393408 16.875000000000004 74.125000000000014 56.694669723510749 -0.90892156958580006 -34.359346389770501 -0.95242238044738758 4.4681060314178476 0.3393120169639588 5.5042948722839364 1.1322365403175356 -0.99966478347778309 14.914422988891603 0.12400357797741891 -0.15207348018884656 10.798296451568605 -0.99052476882934559 6.0555224418640146 0.036545658484101302 0.41455322504043585 32.567819595336921 -0.87397405505180348 -0.86546283960342396 5.3291673660278329 -0.26244230568408961 5.1712520122528085 16.375000000000004 -0.17858051508665082 0.93750000000000011 -0.99864786863327015
decision_type=2 2 2 2 2 2 2 2 2 2 2 2 2 2 2 2 2 2 2 2 2 2 2 2 2 2 2 2 2 2
left_child=1 2 3 4 5 -1 10 17 9 -9 -7 -12 13 -13 15 -14 -16 -8 -15 -6 21 -21 24 -24 -23 -25 -22 -26 -3 -30
right_child=-2 28 -4 -5 19 6 7 8 -10 -11 11 12 14 18 16 -17 -18 -19 -20 20 26 22 23 25 27 -27 -28 -29 29 -31
leaf_value=-0.14926371518593123 -0.024371815620075146 0.00055881115725834576 -0.021954498819471459 -0.063132640784345218 0.086165877179238376 -0.12732653125740259 0.22861576073463991 -0.057745595964747418 0.6905477160929534 0.39754834905910441 0.41312033509779156 0.53171780989496709 0.62646740884288377 -0.099358895924556379 0.05657842987862817 -0.016956348540031748 -0.2165592734054082 -0.11956287849959681 0.21355567484683005 -0.29298299646029874 0.02878127253224555 -0.159789036723299 0.41337022100354354 -0.1196962425681619 0.15475331821291122 0.077052969424333428 0.30837546314962927 -0.027502096335160455 0.18868829623652766 -0.040892178203920083
leaf_weight=412 14478 469680 9373 1702 2867 421 229 274 207 453 254 313 203 354 812 355 584 285 280 290 475 1333 205 451 481 2390 311 2805 406 11954
leaf_count=412 14478 469680 9373 1702 2867 421 229 274 207 453 254 313 203 354 812 355 584 285 280 290 475 1333 205 451 481 2390 311 2805 406 11954
internal_value=5.87016e-05 0.000752489 0.0189188 0.0393563 0.0496218 0.104794 0.125883 0.231058 0.33635 0.227497 0.0827705 0.111119 0.0833491 0.206384 0.0229734 0.224029 -0.058413 0.0369621 0.040007 0.0237168 0.00315885 -0.0107099 0.000337532 0.0715385 -0.0466691 0.0455094 0.141894 -0.000435231 -0.000307586 -0.0332045
internal_weight=524637 510159 28119 18746 17044 5436 5024 1448 934 727 3576 3155 2901 947 1954 558 1396 514 634 11608 8741 7955 7665 3046 4619 2841 786 3286 482040 12360
internal_count=524637 510159 28119 18746 17044 5436 5024 1448 934 727 3576 3155 2901 947 1954 558 1396 514 634 11608 8741 7955 7665 3046 4619 2841 786 3286 482040 12360
is_linear=0
shrinkage=0.04


Tree=149
num_leaves=31
num_cat=0
split_feature=11 7 6 10 0 7 12 7 7 11 14 7 2 14 3 9 10 7 10 10 14 6 10 4 12 9 8 17 14 11
split_gain=5526.6 13369.8 15889 34858.9 40703.4 18995.4 16845.5 15202.1 13284.4 12529.5 12089.4 14160.6 59736.8 19385.5 12105 11591.4 20226.1 15274.6 15704.3 11342.3 14470.2 9765.33 10487.8 21946.8 22965.3 31404.1 11083.9 10632.9 10588 10160.4
threshold=-0.99628248810768116 9.249120235443117 26.108057975769047 -0.01505099539645016 19.562137603759769 25.803184509277347 12.936338901519777 37.250717163085945 32.075138092041023 -0.99465739727020253 34.566368103027351 10.112575054168703 0.18947997689247134 21.521177291870121 20.28316688537598 77.625000000000014 0.019350802991539243 3.0472218990325932 0.019350802991539243 0.05372969992458821 6.7753384113311776 1.3061969280242922 -0.049434980377554887 0.51965832710266124 1.171710252761841 74.625000000000014 20.125000000000004 1.274843215942383 4.2724246978759775 -0.99996069073677052
decision_type=2 2 2 2 2 2 2 2 2 2 2 2 2 2 2 2 2 2 2 2 2 2 2 2 2 2 2 2 2 2
left_child=1 15 8 4 -4 6 -5 -6 -3 10 11 14 -13 -14 -2 16 21 18 -17 -19 -21 -1 27 29 -25 -26 28 -23 -27 -24
right_child=9 2 3 5 7 -7 -8 -9 -10 -11 -12 12 13 -15 -16 17 -18 19 -20 20 -22 22 23 24 25 26 -28 -29 -30 -31
leaf_value=-0.022623196667590321 0.020913685342694756 -0.078986055506923308 0.63382948372319892 -0.1133181549655863 -0.14800334679477054 -0.19241226890282281 0.37580547344849408 0.22900835193807151 -0.35632042566423155 0.00038225489124170875 -0.20633727291564805 0.72172103533726684 -0.06146650763228536 0.28483385235534431 0.30307565442228224 0.0016124736498787156 -0.067186400219957268 -0.013611070477114668 0.29293893590444348 0.23712628783354928 -0.10407355874355606 0.057184392600153691 -0.15565683437294739 0.045817605317726412 0.011438163566626301 0.36208492399370945 0.23465606113189252 -0.12331746670141357 0.78956987517394228 0.045995707187518269
leaf_weight=5514 4944 5947 260 227 316 975 207 351 281 483489 263 253 776 376 246 503 7596 4079 710 678 273 1164 506 1004 353 205 222 931 223 1765
leaf_count=5514 4944 5947 260 227 316 975 207 351 281 483489 263 253 776 376 246 503 7596 4079 710 678 273 1164 506 1004 353 205 222 931 223 1765
internal_value=5.85484e-05 -0.0154639 -0.0587223 0.0301467 0.219378 -0.0950195 0.123183 0.0508463 -0.0920502 0.00114433 0.0547917 0.0655018 0.1777 0.0530406 0.034845 -0.00104628 -0.0162471 0.0463422 0.173134 0.015483 0.139116 0.0163331 0.0500212 0.0858659 0.181889 0.316298 0.479179 -0.0232339 0.597758 0.000580208
internal_weight=524637 34290 8564 2336 927 1409 434 667 6228 490347 6858 6595 1405 1152 5190 25726 19483 6243 1213 5030 951 11887 6373 4278 2007 1003 650 2095 428 2271
internal_count=524637 34290 8564 2336 927 1409 434 667 6228 490347 6858 6595 1405 1152 5190 25726 19483 6243 1213 5030 951 11887 6373 4278 2007 1003 650 2095 428 2271
is_linear=0
shrinkage=0.04


Tree=150
num_leaves=31
num_cat=0
split_feature=10 9 14 10 13 10 10 3 17 17 7 6 0 3 6 3 10 11 16 11 10 16 10 4 10 10 7 11 17 6
split_gain=5471.78 5667.59 13535 15277.1 11891.4 11693.6 66386.3 80602.3 28731.1 32615.7 16066.8 42334 15488.4 14956.5 28671.6 21703 27616.5 26510.3 34454.3 21025.5 33388.9 19724.3 18649.5 27113.2 35478.5 35186.3 52473.1 32799.9 22533.6 30604.7
threshold=0.48030318319797521 73.625000000000014 42.708112716674812 -0.36747109889984125 45.115659713745124 -0.85671821236610401 -0.82956761121749867 2.3287252187728886 -5.4461739063262931 4.3597149848937997 30.185176849365238 33.94459533691407 40.203437805175788 13.565610885620119 62.554058074951179 0.52938920259475719 -0.55028682947158802 -0.94137725234031666 8.1742334365844744 -0.92272481322288502 -0.44600489735603327 19.815474510192875 0.27383534610271459 1.0000000180025095e-35 0.1732888147234917 0.036545658484101302 21.954888343811039 -0.98801845312118519 -0.23854960501193997 13.6691951751709
decision_type=2 2 2 2 2 2 2 2 2 2 2 2 2 2 2 2 2 2 2 2 2 2 2 2 2 2 2 2 2 2
left_child=1 5 -3 4 -4 10 7 -7 -9 -10 11 -1 -13 14 15 21 -17 22 19 -19 -21 -8 23 27 25 -25 -27 -18 -29 -30
right_child=-2 2 3 -5 -6 6 13 8 9 -11 -12 12 -14 -15 -16 16 17 18 -20 20 -22 -23 -24 24 -26 26 -28 28 29 -31
leaf_value=-0.0074475031334097046 -0.037586216508512148 -0.00038582617692786681 -0.16004156028487018 -0.23260720172507024 0.099449586331228038 -0.26866358692866255 -0.00068443293007565485 0.15912296921994204 1.0302681990982829 0.36653748151623766 -0.10807976602652636 0.55470249077228651 0.094930207428531116 -0.011321571546221836 0.44950968149421888 -0.014667412492870624 -0.048202841556362105 0.49408096176399063 0.65592402872706845 0.3018201559166922 -0.29070664293818421 -0.27822392215242897 -0.20131996645028832 0.0025181273429355274 -0.44206883223089455 0.67383256018530324 -0.063158517584834303 0.73622705539446753 -0.049965271628294811 0.59986899126472781
leaf_weight=16770 6096 468919 475 845 667 239 4682 203 266 237 2344 282 204 13429 269 3099 319 216 315 334 263 439 319 1879 209 340 274 252 241 211
leaf_count=16770 6096 468919 475 845 667 239 4682 203 266 237 2344 282 204 13429 269 3099 319 216 315 334 263 439 319 1879 209 340 274 252 241 211
internal_value=5.84973e-05 0.000501767 -0.000828379 -0.104743 -0.00893471 0.0136486 0.0302154 0.357994 0.570925 0.730777 -0.010051 0.00331977 0.367517 0.0186533 0.0481059 0.0397136 0.0797459 0.136236 0.306943 0.165402 0.0403018 -0.0249725 0.0879813 0.113229 0.0464041 0.0889577 0.349206 0.287573 0.438265 0.259805
internal_weight=524637 518541 470906 1987 1142 47635 28035 945 706 503 19600 17256 486 27090 13661 13392 8271 5172 1128 813 597 5121 4044 3725 2702 2493 614 1023 704 452
internal_count=524637 518541 470906 1987 1142 47635 28035 945 706 503 19600 17256 486 27090 13661 13392 8271 5172 1128 813 597 5121 4044 3725 2702 2493 614 1023 704 452
is_linear=0
shrinkage=0.04


Tree=151
num_leaves=31
num_cat=0
split_feature=8 10 18 9 10 13 10 4 3 5 8 13 15 15 8 9 17 7 13 10 9 12 7 9 10 4 10 9 9 12
split_gain=5510.54 6515.74 11311.1 10428.7 5984.48 20654.4 17399.4 21635.1 15218 14653 16232.2 22979 14312.2 13924 13750.6 14904.2 12893.1 16677.7 48587.8 72935.6 92881.2 19002 15014.4 13774.6 31434.7 13833.5 12553 18732 12451.3 17988.8
threshold=15.875000000000002 -0.083760455250740037 37.304473876953132 74.125000000000014 -0.01505099539645016 27.442469596862797 -0.032247759401798241 24.248847961425785 27.001116752624515 29.094316482543949 18.875000000000004 19.459824562072757 0.43750000000000006 1.0000000180025095e-35 16.125000000000004 73.875000000000014 -5.2898738384246817 8.5204920768737811 7.0328593254089364 0.088045001029968276 78.125000000000014 0.88600635528564464 12.70375967025757 73.375000000000014 0.20706263184547427 9.1313066482543963 0.1563224866986275 73.375000000000014 73.375000000000014 68.763542175292983
decision_type=2 2 2 2 2 2 2 2 2 2 2 2 2 2 2 2 2 2 2 2 2 2 2 2 2 2 2 2 2 2
left_child=1 -1 3 -3 6 9 -2 8 12 14 11 -11 -8 -7 15 -6 23 26 19 -19 21 -21 -20 24 25 -16 27 -18 29 -15
right_child=4 2 -4 -5 5 13 7 -9 -10 10 -12 -13 -14 28 16 -17 17 18 22 20 -22 -23 -24 -25 -26 -27 -28 -29 -30 -31
leaf_value=0.018095088523063133 0.0011391435750966734 0.37424115496134897 -0.0465350565364663 0.042427408249281789 0.35832428870145344 -0.2698352442442179 0.052302638616762751 0.36680484679592129 -0.27164330475207227 -0.034962952388025416 -0.039011923604842513 0.47025301635739658 0.38395476463345179 -0.062945603998846189 -0.25478521269085497 0.0089680942274007868 0.30755749909896551 -0.020742599541483324 0.037522029875928238 0.06716413786389272 1.1891963674079988 0.44683672299864591 -0.1232886500174297 -0.07367492395477758 0.4901920568600614 0.14188148362961683 0.00059516850129143054 -0.037977671348980037 -0.11217539536735906 0.28985846639725199
leaf_weight=3165 408996 359 345 262 332 615 2588 394 203 231 447 367 217 706 279 457 244 1049 2495 430 207 412 1467 7258 225 265 65568 22162 2560 332
leaf_count=3165 408996 359 345 262 332 615 2588 394 203 231 447 367 217 706 279 457 244 1049 2495 430 207 412 1467 7258 225 265 65568 22162 2560 332
internal_value=5.92099e-05 0.0460196 0.136389 0.23714 -0.000306432 -0.008683 0.0018896 0.0918432 0.0547316 -0.00515772 0.143157 0.277729 0.0792327 -0.0954002 -0.00667844 0.158617 -0.0079717 -0.00381512 0.0603133 0.215468 0.449644 0.256006 -0.0221814 -0.0565994 0.10344 -0.0624829 -0.0082389 -0.0340793 -0.0649191 0.0515864
internal_weight=524637 4131 966 621 520506 108108 412398 3402 3008 103895 1045 598 2805 4213 102850 789 102061 94034 6060 2098 1049 842 3962 8027 769 544 87974 22406 3598 1038
internal_count=524637 4131 966 621 520506 108108 412398 3402 3008 103895 1045 598 2805 4213 102850 789 102061 94034 6060 2098 1049 842 3962 8027 769 544 87974 22406 3598 1038
is_linear=0
shrinkage=0.04


Tree=152
num_leaves=31
num_cat=0
split_feature=9 4 14 13 4 12 10 2 10 7 1 11 11 15 8 18 2 11 10 1 1 11 10 14 10 12 8 10 10 13
split_gain=5354.56 14043.2 11837.3 12776.9 15532.4 29705.4 28803.4 37629.2 16348.1 14395.7 20537.7 10808.8 14780.3 9063.75 8390.4 13167.1 13102.5 12902.1 36720.2 7956.21 9164.55 12572.2 33384.1 16242.1 13301.2 18424.8 11041.1 13435.9 9815.24 9663.44
threshold=79.625000000000014 3.6200001239776616 42.708112716674812 11.125144481658937 22.814940452575687 4.80116891860962 -0.57868120074272145 2.5781925916671757 -0.43054369091987604 9.1405181884765643 20.981510162353519 -0.98932650685310353 -0.96687281131744374 0.68750000000000011 20.375000000000004 95.194675445556655 9.5909185409545916 -0.93237864971160878 -0.21966676414012906 5.0650885105133066 40.123319625854499 -0.42373907566070551 -0.83904919028282154 20.352391242980961 -0.2696967720985412 1.1405559182167055 19.375000000000004 -0.10088855028152464 -0.50648479163646687 9.2453536987304705
decision_type=2 2 2 2 2 2 2 2 2 2 2 2 2 2 2 2 2 2 2 2 2 2 2 2 2 2 2 2 2 2
left_child=-1 13 3 -3 9 -6 -7 -8 -9 10 -5 -11 -13 14 15 19 17 18 -16 -2 21 22 -21 24 29 -26 -27 -28 -22 -24
right_child=1 2 -4 4 5 6 7 8 -10 11 -12 12 -14 -15 16 -17 -18 -19 -20 20 28 -23 23 -25 25 26 27 -29 -30 -31
leaf_value=-0.0012854733518522794 0.00045653356890037181 0.020062207718866555 -0.19343963844954665 0.07176819378309976 0.48013489524995051 -0.050838266334038262 0.71952152276898296 0.38541258444918525 -0.037748191948468089 -0.23848361988750735 0.50356367275056479 0.32038457582630808 0.00080472668582136494 -0.078493632476663022 0.4631675046473297 0.33381786383030027 -0.096788639066224202 -0.02650628262483171 0.021367128312555321 0.61305580476430099 0.078707081631195455 -0.034723316627701846 0.08917588047045874 0.36654428896821267 -0.10371166896367376 0.45730216340621727 0.41038154195923854 0.032682164304761639 -0.28699913458906728 -0.18923760147182489
leaf_weight=472311 10773 13167 336 688 406 923 212 215 412 257 229 242 2854 2412 325 205 2820 8790 2978 203 232 983 329 289 385 231 202 528 221 479
leaf_count=472311 10773 13167 336 688 406 923 212 215 412 257 229 242 2854 2412 325 205 2820 8790 2978 203 232 983 329 289 385 231 202 528 221 479
internal_value=5.96622e-05 0.0121992 0.038598 0.0426713 0.0888087 0.175769 0.103324 0.271522 0.111127 0.0443487 0.183868 0.0057587 0.0267359 -0.00406267 0.00195115 0.0230035 -0.0193099 -0.00117733 0.0661051 0.0184925 0.0659748 0.0871719 0.132417 0.0901418 0.0515347 0.128191 0.221209 0.14133 -0.102051 -0.0761694
internal_weight=524637 52326 19941 19605 6438 2168 1762 839 627 4270 917 3353 3096 32385 29973 15060 14913 12093 3303 14855 4082 3629 2646 2443 2154 1346 961 730 453 808
internal_count=524637 52326 19941 19605 6438 2168 1762 839 627 4270 917 3353 3096 32385 29973 15060 14913 12093 3303 14855 4082 3629 2646 2443 2154 1346 961 730 453 808
is_linear=0
shrinkage=0.04


Tree=153
num_leaves=31
num_cat=0
split_feature=7 9 10 10 10 12 10 9 4 7 18 17 12 10 10 13 10 7 17 14 9 4 10 4 7 11 4 14 10 2
split_gain=5202.95 7230.27 15591 43266.2 28740.6 74389.5 139351 36292.3 30907.6 23919 37140.8 20998.5 50108.6 20008.8 57212.2 81293 38473.7 26769.4 24400.3 38503.7 42421.3 23064.7 26121.6 21143.2 19531.9 17736.7 49007.5 31184.9 53132.9 48984
threshold=0.14129025489091876 76.625000000000014 -0.60639065504074086 -0.64659911394119252 -0.53584328293800343 1.0000000180025095e-35 -0.56456753611564625 79.125000000000014 41.767358779907234 18.444861412048343 29.168986320495609 -5.0045371055603018 5.5553519725799569 -0.76762619614601124 -0.74512827396392811 18.562865257263187 -0.80987083911895741 6.7461304664611825 -0.89802682399749745 12.054138183593752 78.875000000000014 0.27280762791633612 -0.67245468497276295 65.19748687744142 5.0264704227447519 -0.90892156958580006 24.767127037048343 6.2967326641082773 -0.47652685642242426 8.5411658287048358
decision_type=2 2 2 2 2 2 2 2 2 2 2 2 2 2 2 2 2 2 2 2 2 2 2 2 2 2 2 2 2 2
left_child=-1 -2 3 13 5 6 -4 11 9 -9 -11 12 -7 16 15 18 -3 -18 19 20 24 22 -16 -23 -15 -6 -27 -28 29 -29
right_child=1 2 4 -5 25 7 -8 8 -10 10 -12 -13 -14 14 21 -17 17 -19 -20 -21 -22 23 -24 -25 -26 26 27 28 -30 -31
leaf_value=-0.012116292286466573 -0.002685672959231538 0.0020991579868294978 -0.021184025178118064 -0.12899890789481364 0.021691742966449667 -0.061067277757633383 1.0411893979028815 0.15795070940111747 -0.17446984146636496 0.84486573428925826 0.13580950376519468 -0.061412575460095237 0.68472151156652861 0.42193519399012674 0.037011383915831815 0.75551374507671654 -0.017608443133052234 -0.19254232069304947 -0.0056975671198750367 -0.19855031349309701 0.74541157297209093 -0.046185608607153289 0.31068446050576681 0.35638519384001577 -0.0032812439350555968 -0.05807626264464668 -0.10885767710607087 0.26687655804352461 0.040385066087587011 1.0461683677917435
leaf_weight=50708 283506 80544 434 4176 65597 429 352 1435 329 226 246 3357 206 293 3070 366 2764 2830 1203 243 301 7248 673 205 402 11747 469 361 717 200
leaf_count=50708 283506 80544 434 4176 65597 429 352 1435 329 226 246 3357 206 293 3070 366 2764 2830 1203 243 301 7248 673 205 402 11747 469 361 717 200
internal_value=6.03483e-05 0.00136342 0.00739161 -0.00300699 0.0199886 0.0975326 0.46169 0.050908 0.179541 0.241207 0.4858 -0.0214105 0.187738 0.00225933 0.0465853 0.207681 -0.0049516 -0.106293 0.122828 0.246665 0.35618 0.0060325 0.0869151 -0.0346499 0.179425 0.0131004 -0.0286492 0.168426 0.270238 0.558155
internal_weight=524637 473929 190423 104318 86105 7014 786 6228 2236 1907 472 3992 635 100142 14004 2808 86138 5594 2442 1239 996 11196 3743 7453 695 79091 13494 1747 1278 561
internal_count=524637 473929 190423 104318 86105 7014 786 6228 2236 1907 472 3992 635 100142 14004 2808 86138 5594 2442 1239 996 11196 3743 7453 695 79091 13494 1747 1278 561
is_linear=0
shrinkage=0.04


Tree=154
num_leaves=31
num_cat=0
split_feature=5 17 13 10 10 4 8 7 10 8 3 12 3 5 10 8 14 16 1 17 12 14 10 10 14 6 8 1 10 10
split_gain=5195.65 12604.3 12119.8 15424.6 20659 25333.8 20323.5 16481.4 19091 18848 16226 14355.4 12787.9 12310.7 10981 24703.8 14704.6 13677.7 10083.8 9164.89 8613.36 29192.2 8136.76 8942.04 7938.19 7790.26 10199.4 16416.8 17036.9 15186.2
threshold=94.673366546630874 13.295043945312502 48.609493255615241 0.05372969992458821 -0.21966676414012906 10.116261482238771 17.875000000000004 48.610565185546882 -0.31900864839553827 16.875000000000004 51.849012374877937 42.549484252929695 7.5116612911224374 78.272781372070327 -0.36747109889984125 18.125000000000004 61.235145568847663 -26.073459625244137 73.33267974853517 19.46840858459473 87.800563812255874 29.454915046691898 0.20706263184547427 0.1393099054694176 39.52887153625489 54.844379425048835 17.375000000000004 9.5135951042175311 -0.31900864839553827 -0.49157854914665217
decision_type=2 2 2 2 2 2 2 2 2 2 2 2 2 2 2 2 2 2 2 2 2 2 2 2 2 2 2 2 2 2
left_child=2 -2 13 4 7 11 -7 9 18 24 12 -6 19 20 15 -3 17 -16 -9 -11 25 -22 23 -5 -4 -1 -27 -28 29 -29
right_child=1 14 3 22 5 6 -8 8 -10 10 -12 -13 -14 -15 16 -17 -18 -19 -20 -21 21 -23 -24 -25 -26 26 27 28 -30 -31
leaf_value=-6.6283050684191519e-05 0.35183472840006352 0.45574455867684083 0.36729003688689765 -0.13723072979190987 -0.3047336795427984 0.034029295509511774 0.55059968253717584 -0.20617094882693249 -0.47438870006491402 0.16480112965951527 0.19881822241129621 0.09337527734761554 -0.16735539841593572 0.3031844950553983 -0.19387942920379136 -0.041950886638797064 -0.3417264780998861 0.23018775098241759 0.055740125114996424 -0.060999201898441817 -0.018107112411436085 0.53365467304820724 -0.046447421434702298 -0.46513647046402429 0.06938050794464666 -0.047517197053820022 -0.18387393103350164 0.21518224038227346 0.41468132113530737 -0.15751316001799223
leaf_weight=512735 212 242 217 282 211 210 285 583 280 370 340 412 1599 205 208 431 226 266 384 1173 553 202 320 264 404 679 202 502 383 257
leaf_count=512735 212 242 217 282 211 210 285 583 280 370 340 412 1599 205 208 431 226 266 384 1173 553 202 320 264 404 679 202 502 383 257
internal_value=6.23381e-05 0.0721462 -0.000157472 -0.051181 -0.0297973 0.125861 0.336462 -0.0624997 -0.189237 -0.0236148 -0.0599158 -0.0441418 -0.0884557 0.000569109 0.0267288 0.141065 -0.0836357 0.0439382 -0.102659 -0.00614142 0.000442891 0.134563 -0.208729 -0.301293 0.177652 0.000243566 0.0783898 0.14188 0.200596 0.0885791
internal_weight=524637 1585 523052 7334 6468 1118 495 5350 1247 4103 3482 623 3142 515718 1373 673 700 474 967 1543 515513 755 866 546 621 514758 2023 1344 1142 759
internal_count=524637 1585 523052 7334 6468 1118 495 5350 1247 4103 3482 623 3142 515718 1373 673 700 474 967 1543 515513 755 866 546 621 514758 2023 1344 1142 759
is_linear=0
shrinkage=0.04


Tree=155
num_leaves=31
num_cat=0
split_feature=10 11 7 13 12 10 13 14 14 4 8 17 9 14 14 18 11 10 14 10 10 13 12 3 12 4 10 10 14 13
split_gain=5161.4 39706.1 42101.5 25520.6 25370 23972 39907.6 35342.3 34297.1 30421.5 17950.8 37390.3 62924.9 37652.6 18139 16271.6 15497.9 38547.9 34951.6 28331.6 46490.1 70477.7 57384.1 42009.9 39640.1 34419.4 34021.1 32556.3 31224.7 26355.3
threshold=-0.96235975623130787 -0.21231865882873532 6.9006783962249765 0.47980092465877539 1.0000000180025095e-35 -0.97312742471694935 2.5163313150405888 0.51480621099472057 8.281102657318117 0.73637354373931896 19.125000000000004 -12.446184158325194 74.875000000000014 17.176497459411625 22.132207870483402 0.66359600424766552 -0.48501108586788172 -0.80987083911895741 1.7265670299530032 -0.7785360813140868 -0.74512827396392811 20.951704978942875 17.971435546875004 3.2476090192794804 5.0843019485473642 6.9926910400390634 -0.59262362122535694 -0.76762619614601124 12.054138183593752 0.37170210480690008
decision_type=2 2 2 2 2 2 2 2 2 2 2 2 2 2 2 2 2 2 2 2 2 2 2 2 2 2 2 2 2 2
left_child=1 2 4 -4 -1 6 -6 15 9 -8 11 12 -3 -14 -12 -7 17 18 -2 28 21 24 23 -23 25 27 -22 -21 -19 -29
right_child=16 10 3 -5 5 7 8 -9 -10 -11 14 -13 13 -15 -16 -17 -18 19 -20 20 26 22 -24 -25 -26 -27 -28 29 -30 -31
leaf_value=0.015766679187676262 -0.041746523431656017 -0.0036237754773306235 0.2276375825274409 -0.057349191943106281 0.059281103995717052 0.23026882933883783 0.77939899903917764 0.069593483384907118 0.031653473285259678 0.27040804198797724 -0.013462582394658387 0.012245723385644447 0.21532887272688808 0.93185180817704749 -0.21351311497217942 0.64176734574108951 -0.015995441481450056 -0.031131891997557292 0.076105883460892629 0.0098827206557364888 -0.035990000352494209 0.34740594266847585 0.11043858885459723 1.1465242565639557 -0.087564882776749189 -0.038674167983756717 0.0034658280287702854 0.056417577214753614 -0.20279689330987224 0.30316259511912647
leaf_weight=2533 5109 694 560 4257 717 461 466 3903 246 336 54715 39402 235 241 725 237 96774 8155 18894 1618 41148 229 478 207 2431 2028 232410 997 2132 2299
leaf_count=2533 5109 694 560 4257 717 461 466 3903 246 336 54715 39402 235 241 725 237 96774 8155 18894 1618 41148 229 478 207 2431 2028 232410 997 2132 2299
internal_value=6.07529e-05 0.00777527 0.071411 -0.0238151 0.122925 0.165472 0.290567 0.116958 0.446747 0.572112 -0.00132203 0.0188933 0.240762 0.589816 -0.0161167 0.377081 -0.00197959 0.00228428 0.0510142 -0.00169398 0.000670453 0.084108 0.417446 0.744004 0.0511926 0.0998398 -0.00247013 0.156967 -0.0668722 0.228922
internal_weight=524637 109728 13716 4817 8899 6366 1765 4601 1048 802 96012 40572 1170 476 55440 698 414909 318135 24003 294132 283845 10287 914 436 9373 6942 273558 4914 10287 3296
internal_count=524637 109728 13716 4817 8899 6366 1765 4601 1048 802 96012 40572 1170 476 55440 698 414909 318135 24003 294132 283845 10287 914 436 9373 6942 273558 4914 10287 3296
is_linear=0
shrinkage=0.04


Tree=156
num_leaves=31
num_cat=0
split_feature=8 3 11 10 13 10 4 3 12 9 14 15 5 8 9 17 15 7 13 10 9 12 10 9 8 13 9 2 14 10
split_gain=5107.45 6173.44 7212.65 5683.56 18830.7 15859.1 19967.4 14110 13441.3 21005.3 13378.2 13200.1 11846.2 11312.3 13482.2 10796.7 17272.7 15181.3 44485.6 66659.1 86207.9 17117.4 15483.2 29841.2 18174.8 15127.7 13559.8 15114.9 12247.4 11497.7
threshold=15.875000000000002 14.041384696960451 -0.45464412868022913 -0.01505099539645016 30.787501335144047 -0.032247759401798241 24.248847961425785 27.001116752624515 68.763542175292983 73.375000000000014 52.626115798950202 0.43750000000000006 38.636404037475593 16.125000000000004 73.875000000000014 -5.2898738384246817 0.56250000000000011 8.5204920768737811 7.0328593254089364 0.088045001029968276 78.125000000000014 0.88600635528564464 0.1393099054694176 78.625000000000014 18.375000000000004 12.221525192260744 73.875000000000014 12.557864665985109 14.391032695770265 0.1563224866986275
decision_type=2 2 2 2 2 2 2 2 2 2 2 2 2 2 2 2 2 2 2 2 2 2 2 2 2 2 2 2 2 2
left_child=1 2 -1 5 12 -2 7 11 10 -10 -6 -7 13 14 -5 16 -15 29 19 -19 21 -21 24 25 28 -24 27 -27 -20 -17
right_child=3 -3 -4 4 8 6 -8 -9 9 -11 -12 -13 -14 15 -16 17 -18 18 22 20 -22 -23 23 -25 -26 26 -28 -29 -30 -31
leaf_value=0.1469424182241699 0.0011336030051066358 -0.017862404442410482 0.012534853190737201 0.3096085370222878 -0.11650829835824196 0.049812594758883673 0.35187931479793966 -0.26218274335206393 0.28133595463128119 -0.13447085375052995 -0.44861927513785205 0.36831342121709282 0.20556889593038918 -0.06141198125688746 -0.0048576034981795031 -0.032894389599469755 0.29415877222485015 -0.019543997426499735 0.28197197225337595 0.064235204920511352 1.1424211580302859 0.42375220717538692 -0.19687204407568015 0.42853466265981921 -0.14458739542284302 -0.056978910690262209 -0.019120763268620035 0.37269733244050751 -0.086879261745346922 0.00022535909466856748
leaf_weight=1326 408996 1577 1228 386 2435 2588 394 203 332 441 203 217 414 7931 485 22499 215 1050 303 430 207 416 456 294 1868 200 1139 357 260 65787
leaf_count=1326 408996 1577 1228 386 2435 2588 394 203 332 441 203 217 414 7931 485 22499 215 1050 303 430 207 416 456 294 1868 200 1139 357 260 65787
internal_value=6.19799e-05 0.0443095 0.0826183 -0.000290035 -0.00845329 0.00185007 0.0877299 0.0520793 -0.100803 0.0454285 -0.143663 0.0756733 -0.00543521 -0.00629252 0.136436 -0.00750775 -0.0516781 -0.0037258 0.0530203 0.206328 0.429621 0.243904 -0.013374 0.0575638 -0.0846929 0.00513516 0.0602841 0.220131 0.113089 -0.00821772
internal_weight=524637 4131 2554 520506 108108 412398 3402 3008 3411 773 2638 2805 104697 104283 871 103412 8146 95266 6980 2103 1053 846 4877 2446 2431 2152 1696 557 563 88286
internal_count=524637 4131 2554 520506 108108 412398 3402 3008 3411 773 2638 2805 104697 104283 871 103412 8146 95266 6980 2103 1053 846 4877 2446 2431 2152 1696 557 563 88286
is_linear=0
shrinkage=0.04


Tree=157
num_leaves=31
num_cat=0
split_feature=10 12 9 14 10 8 16 14 7 14 10 13 11 10 14 13 13 2 17 7 13 16 11 4 10 12 3 12 13 18
split_gain=4984.22 6561.78 5393.79 11936.3 13713.5 11459.2 15479.6 11837.6 16293.5 14298.1 12393.8 24186.8 23686.1 46893.6 34687.8 58002.5 17151.4 21688 14239.6 13264.3 10886.6 10647.3 10612.2 14136.4 30115.5 11623.5 14465.5 13342 11486.7 14278.9
threshold=0.46514528989791876 1.0236910581588747 73.625000000000014 42.708112716674812 -0.36747109889984125 19.125000000000004 -22.774954795837399 61.235145568847663 40.230964660644538 34.566368103027351 0.1732888147234917 6.2192687988281259 -0.84427365660667408 -0.44600489735603327 8.6962327957153338 4.0766055583953866 8.8224091529846209 3.8604029417037968 -1.0882890224456785 0.89935931563377391 45.115659713745124 -0.14048318564891812 0.095538988709449782 69.564117431640639 -0.032247759401798241 24.801454544067386 25.891427993774418 9.3512210845947283 0.040847579017281539 23.252214431762699
decision_type=2 2 2 2 2 2 2 2 2 2 2 2 2 2 2 2 2 2 2 2 2 2 2 2 2 2 2 2 2 2
left_child=2 -2 5 -4 20 22 -7 8 10 -10 12 19 13 -8 15 -15 -16 -18 -19 -12 -5 -20 23 28 25 27 -27 -25 -1 -30
right_child=1 -3 3 4 -6 6 7 -9 9 -11 11 -13 -14 14 16 -17 17 18 21 -21 -22 -23 -24 24 -26 26 -28 -29 29 -31
leaf_value=0.18981559972084708 -0.016943424287732139 -0.12329038125442295 -0.00029125061963833744 -0.15211880896816549 -0.21943725911323089 -0.14756133954149339 0.55889248694069904 0.26451568230871081 -0.37394106320213666 -0.033383235515970174 -0.06405069112715879 -0.30669484161613925 -0.018647077115225733 -0.0022712070875111584 -0.29907255198219579 0.83551827550810931 0.40437911168734231 0.12882286849750541 0.066175797784819579 0.27918111553244912 0.096166263671159935 -0.24638773386409651 -0.023956544279244957 -0.13622987471881012 0.35970815513621679 0.021245411188384286 -0.3205445143129878 0.083613242935389284 0.0054137665589223342 0.067175565633801282
leaf_weight=844 8492 1033 465805 475 845 1314 332 248 343 452 713 568 7005 329 301 211 200 507 257 230 667 510 5675 890 254 296 582 858 10549 13852
leaf_count=844 8492 1033 465805 475 845 1314 332 248 343 452 713 568 7005 329 301 211 200 507 257 230 667 510 5675 890 254 296 582 858 10549 13852
internal_value=6.18888e-05 -0.0285941 0.000592315 -0.000709618 -0.0982934 0.0134603 -0.0176539 -0.00355973 -0.00933579 -0.183136 0.00319463 -0.102942 0.0198994 0.121595 0.0567468 0.334327 -0.0290998 0.0276741 -0.0341521 0.0217154 -0.0075287 -0.142153 0.0259075 0.0359739 -0.0478647 -0.0885022 -0.206375 -0.0284588 0.0455535 0.040488
internal_weight=524637 9525 515112 467792 1987 47320 13520 12206 11958 795 11163 1511 9652 2647 2315 540 1775 1474 1274 943 1142 767 33800 28125 2880 2626 878 1748 25245 24401
internal_count=524637 9525 515112 467792 1987 47320 13520 12206 11958 795 11163 1511 9652 2647 2315 540 1775 1474 1274 943 1142 767 33800 28125 2880 2626 878 1748 25245 24401
is_linear=0
shrinkage=0.04


Tree=158
num_leaves=31
num_cat=0
split_feature=15 11 4 11 12 11 10 10 3 10 10 8 10 0 14 7 8 9 3 11 8 17 7 12 7 7 6 8 7 10
split_gain=4931.95 11094.9 11444 18423.6 55707.2 46624.8 24558.9 22775.1 35598.4 34125.4 25811.6 17565.7 20578.8 25492.8 13792.9 15700.5 13621.8 14252.7 13806.2 10008.5 9556.43 13179 8715.26 8461.91 8251.7 7560.14 6806.36 12623.9 10711.2 15674
threshold=0.93750000000000011 -0.99938741326332081 5.9969866275787362 -0.98049351572990406 68.763542175292983 -0.96234029531478871 -0.21966676414012906 -0.50648479163646687 33.466712951660163 -0.53584328293800343 -0.43054369091987604 20.375000000000004 -0.36747109889984125 68.377178192138686 61.235145568847663 48.610565185546882 18.375000000000004 73.625000000000014 37.514434814453132 -0.96904978156089772 18.875000000000004 13.295043945312502 22.778499603271488 62.632106781005866 37.250717163085945 27.04564189910889 49.102416992187507 16.375000000000004 40.230964660644538 -0.56456753611564625
decision_type=2 2 2 2 2 2 2 2 2 2 2 2 2 2 2 2 2 2 2 2 2 2 2 2 2 2 2 2 2 2
left_child=26 -2 16 4 -4 6 24 9 11 14 -10 12 13 -9 15 20 -3 18 19 -18 21 -7 -22 -12 -5 -19 -1 -28 -29 -30
right_child=1 2 3 5 -6 7 -8 8 10 -11 23 -13 -14 -15 -16 -17 17 25 -20 -21 22 -23 -24 -25 -26 -27 27 28 29 -31
leaf_value=0.0002534744920909999 0.2577206339285924 0.053132706312043664 -0.086028035504906078 -0.31038430752961532 0.62568081553709709 -0.01525330335910159 0.016279466627982624 0.26502698153793813 0.30943613376942547 -0.45992494117149285 -0.017166404328291023 -0.0064279432227978342 0.15737559905028284 0.88493380556220103 0.28085037679393632 -0.34259685902205195 -0.52815103383828321 -0.072168074023115342 0.04227043048109648 -0.19108753803364129 0.02373612344185469 0.34654065465105932 -0.18102357244785566 -0.32187182809676179 -0.68599357828983043 0.1635497435391472 -0.12062371578812599 0.18185165579972917 -0.097521905486298716 0.097222709323963971
leaf_weight=506096 211 1368 431 220 285 389 218 240 210 270 249 250 389 200 251 216 249 5178 202 351 927 264 507 346 205 218 605 1072 963 2057
leaf_count=506096 211 1368 431 220 285 389 218 240 210 270 249 250 389 200 251 216 249 5178 202 351 927 264 507 346 205 218 605 1072 963 2057
internal_value=6.0081e-05 -0.0234888 -0.0280269 0.0128919 0.20198 -0.012739 -0.329503 0.0311301 0.138468 -0.040715 -0.0625233 0.287617 0.375311 0.560206 0.00522336 -0.0259011 -0.0608123 -0.0860069 -0.24238 -0.337334 0.00835366 0.134036 -0.0494103 -0.196748 -0.503166 -0.0623601 0.000698773 0.0485767 0.0738259 0.0350068
internal_weight=524637 13844 13633 6067 716 5351 643 4708 1884 2824 805 1079 829 440 2554 2303 7566 6198 802 600 2087 653 1434 595 425 5396 510793 4697 4092 3020
internal_count=524637 13844 13633 6067 716 5351 643 4708 1884 2824 805 1079 829 440 2554 2303 7566 6198 802 600 2087 653 1434 595 425 5396 510793 4697 4092 3020
is_linear=0
shrinkage=0.04


Tree=159
num_leaves=31
num_cat=0
split_feature=11 15 11 12 6 10 7 4 8 2 7 11 9 14 7 10 3 4 3 4 7 9 7 14 11 12 10 4 8 9
split_gain=4844 13145.5 35691.4 27760 13405.1 53494.1 17338.5 13621.7 12094.3 14827.9 11858.6 11208.4 11109.4 18376.6 75234.4 20161.8 24860.2 11610.8 13312 11075.3 10742.9 10472.6 9952.75 8226.21 8019.32 15436.1 13354.8 13297.4 15437.3 11330.8
threshold=-0.99628248810768116 0.68750000000000011 -0.99864786863327015 68.763542175292983 32.123239517211921 -0.01505099539645016 12.90672826766968 15.533803939819338 17.125000000000004 10.59190893173218 22.778499603271488 -0.99465739727020253 75.625000000000014 4.6540868282318124 9.9745655059814471 0.088045001029968276 15.624988079071047 36.87648010253907 34.43835639953614 6.2092809677124032 25.803184509277347 73.375000000000014 21.954888343811039 1.7686406970024111 -0.99907308816909779 9.3512210845947283 -0.01505099539645016 0.10707024484872819 20.875000000000004 77.375000000000014
decision_type=2 2 2 2 2 2 2 2 2 2 2 2 2 2 2 2 2 2 2 2 2 2 2 2 2 2 2 2 2 2
left_child=1 4 3 20 6 -6 23 -7 9 -8 -4 12 17 14 -14 16 19 18 21 -15 -3 -2 -10 -1 25 26 27 -25 -29 -26
right_child=11 2 10 -5 5 7 8 -9 22 -11 -12 -13 13 15 -16 -17 -18 -19 -20 -21 -22 -23 -24 24 29 -27 -28 28 -30 -31
leaf_value=-0.032071013696695828 0.25709231703817059 0.03908870299296674 -0.16651902708491906 0.43112174647123747 0.50951087841462706 -0.30663552550960788 -0.12777809867129702 0.085915961917041719 -0.08976655141474249 0.28503201005841372 -0.43689213405798483 0.00035362339412899595 0.095019350364302507 -0.076747217803342788 0.88857313141711924 -0.11966952068155877 0.48111342725038525 0.27018654687529697 -0.31455674948552664 0.26536480101517268 -0.23442795001887703 -0.027679116446945613 -0.26874727063501874 -0.016626309705689062 -0.046321103391013869 0.13647806578881802 -0.031655594411506754 0.097602196688330187 0.42556923663046581 0.044039225000328593
leaf_weight=9499 217 734 761 229 367 268 281 281 1987 258 403 483489 1757 533 205 971 240 214 229 200 323 2292 662 1148 5819 2069 4232 1109 283 3577
leaf_count=9499 217 734 761 229 367 268 281 281 1987 258 403 483489 1757 533 205 971 240 214 229 200 323 2292 662 1148 5819 2069 4232 1109 283 3577
internal_value=5.78834e-05 -0.0144744 -0.103564 0.0417096 -0.00758883 0.142378 -0.0120756 -0.107769 -0.100268 0.0714119 -0.263052 0.0010744 0.0518147 0.0959851 0.182019 0.00866706 0.136654 -0.00675714 -0.0293073 0.0189137 -0.0459068 -0.00212678 -0.135337 -0.00190622 0.0138145 0.0411378 0.0118508 0.0841786 0.166839 -0.0119112
internal_weight=524637 34290 2450 1286 31840 916 30924 549 3188 539 1164 490347 6858 3906 1962 1944 973 2952 2738 733 1057 2509 2649 27736 18237 8841 6772 2540 1392 9396
internal_count=524637 34290 2450 1286 31840 916 30924 549 3188 539 1164 490347 6858 3906 1962 1944 973 2952 2738 733 1057 2509 2649 27736 18237 8841 6772 2540 1392 9396
is_linear=0
shrinkage=0.04


Tree=160
num_leaves=31
num_cat=0
split_feature=8 11 4 9 7 5 9 10 11 7 2 10 14 11 2 11 10 14 11 2 10 9 4 1 10 14 14 12 7 8
split_gain=4795.31 5975.12 8502.87 7417.65 5498.19 5347.2 5040.76 15024.7 31612.1 17297.8 22198.3 20540.5 23271.3 13504.1 21114.5 30358.1 21818.7 20318.7 41137.8 78542.9 42198 38093 29752.3 29412.7 66751.2 25781.5 21529.8 21291.9 17716 16558.2
threshold=15.875000000000002 -0.91595870256423939 0.18849120289087298 73.875000000000014 15.430895805358888 12.231317520141603 76.125000000000014 -0.96463498473167408 -0.19547851383686063 17.154038429260257 3.2277182340621953 -0.97312742471694935 6.8609321117401132 -0.94978386163711537 26.891522407531742 -0.9852197766304015 -0.30265928804874415 5.2618854045867929 -0.98049351572990406 0.14126075804233554 0.25725142657756811 79.625000000000014 0.99504712224006664 40.123319625854499 -0.28622037172317499 13.231621742248537 17.176497459411625 1.3065872192382815 23.669145584106449 19.375000000000004
decision_type=2 2 2 2 2 2 2 2 2 2 2 2 2 2 2 2 2 2 2 2 2 2 2 2 2 2 2 2 2 2
left_child=1 2 -1 -4 -3 -5 7 8 9 10 -2 12 -12 14 15 28 -16 -17 19 -19 23 -21 -23 26 -25 27 -20 -22 -8 -29
right_child=6 4 3 5 -6 -7 13 -9 -10 -11 11 -13 -14 -15 16 17 -18 18 20 21 25 22 -24 24 -26 -27 -28 29 -30 -31
leaf_value=0.28944072906898727 0.065078878351421329 0.051286682172255633 -0.098245703768520404 -0.03064395989158324 -0.064841466212074747 0.21174273110976835 -0.002125944641882056 -0.0089320657582835656 0.0029234532492188091 -0.10536744862101526 0.73341919299833025 0.09440226325532669 0.2502375931647069 -0.0014650295234298464 0.33312228536444011 0.024483894409768898 -0.073037411968490132 0.75777647510170942 0.031423744222885533 0.051947686245047094 0.00047729299250376752 0.10863288094487665 0.75961765855789187 0.82642786275627278 0.011217272220933027 -0.12999243007476674 -0.15438001099951648 0.11874538060340842 0.35411431957913769 0.51787382688555683
leaf_weight=320 4442 1836 331 214 999 431 30568 211914 46899 624 201 935 746 193140 211 13028 5084 387 6737 1636 239 211 240 224 514 219 1161 226 215 705
leaf_count=320 4442 1836 331 214 999 431 30568 211914 46899 624 201 935 746 193140 211 13028 5084 387 6737 1636 239 211 240 224 514 219 1161 226 215 705
internal_value=5.71051e-05 0.0429312 0.113727 0.0537652 0.0102813 0.132083 -0.000283984 -0.00413782 0.014728 0.0942899 0.114126 0.228933 0.359385 0.00373651 0.0200416 0.0272248 -0.056255 0.0594678 0.0958837 0.241649 0.0597064 0.142784 0.464018 0.0266596 0.266393 0.263513 0.00395005 0.337646 0.000476361 0.423277
internal_weight=524637 4131 1296 976 2835 645 520506 265761 53847 6948 6324 1882 947 254745 61605 56310 5295 25527 12499 2474 10025 2087 451 8636 738 1389 7898 1170 30783 931
internal_count=524637 4131 1296 976 2835 645 520506 265761 53847 6948 6324 1882 947 254745 61605 56310 5295 25527 12499 2474 10025 2087 451 8636 738 1389 7898 1170 30783 931
is_linear=0
shrinkage=0.04


Tree=161
num_leaves=31
num_cat=0
split_feature=6 9 3 7 16 8 8 9 9 8 5 11 10 11 10 10 12 17 4 17 10 10 7 4 3 14 4 10 10 10
split_gain=4684.16 12569.7 14838.8 11194.2 9106.51 10567.4 8033.76 7382.42 6157.19 15022.3 19949 14618.1 22481.5 15573.7 19060.6 27736.5 28368.6 17217.5 18863.1 25728 17044.2 35628.4 18606.8 14500 14296.4 14095.4 13954.5 13665.1 32992.4 12813.3
threshold=74.795677185058608 73.125000000000014 27.001116752624515 64.519947052001967 -32.359992980957024 17.625000000000004 17.125000000000004 73.375000000000014 73.375000000000014 19.125000000000004 16.277674674987797 -0.09339838474988936 -0.98046803474426258 -0.93543598055839527 -0.25309335440397257 -0.20285348594188687 76.606426239013686 19.46840858459473 7.6024122238159189 2.4779915809631352 -0.43054369091987604 -0.50648479163646687 48.610565185546882 36.87648010253907 3.2476090192794804 47.140737533569343 20.193595886230472 -0.82956761121749867 -0.88218119740486134 -0.15207348018884656
decision_type=2 2 2 2 2 2 2 2 2 2 2 2 2 2 2 2 2 2 2 2 2 2 2 2 2 2 2 2 2 2
left_child=3 -2 -3 8 -4 -6 -5 -7 9 10 -1 12 -12 14 -14 -16 17 18 19 -17 21 22 24 -20 -15 -10 27 28 -26 -27
right_child=1 2 4 6 5 7 -8 -9 25 -11 11 -13 13 20 15 16 -18 -19 23 -21 -22 -23 -24 -25 26 29 -28 -29 -30 -31
leaf_value=0.0085219286469824865 -0.12690075809756915 0.40533417565693997 -0.10187815603637197 0.0642382960942771 -0.031802121810814279 0.10306836585763474 -0.20509784376180315 0.41243371157341918 -0.00052568150312280314 -0.014841447478754675 0.50865204467585212 -0.12808482876340643 0.42426466553341463 -0.18318510370076724 -0.3087324489575427 0.68858056194905393 0.60844846034049993 -0.16067766764942479 -0.15983055902042534 0.14976079155654368 -0.19309106635766871 0.5161370188540686 -0.26183776843450107 0.24750290345197939 0.090917574915611837 -0.061715656809575067 -0.022271909782454857 0.04789866715792275 0.70956137148590825 -0.33699781063117523
leaf_weight=9399 425 231 373 231 364 274 698 229 492528 12070 218 403 411 289 201 203 205 284 327 448 415 259 295 229 351 1564 697 476 221 319
leaf_count=9399 425 231 373 231 364 274 698 229 492528 12070 218 403 411 289 201 203 205 284 327 448 415 259 295 229 351 1564 697 476 221 319
internal_value=5.8576e-05 0.0626513 0.117904 -0.000169644 0.0615438 0.132211 -0.138155 0.249207 7.86592e-05 0.0185319 0.044799 0.102167 0.119151 0.102237 0.180155 0.125319 0.178268 0.115462 0.181223 0.325655 0.0419538 0.0802427 0.0297689 0.00934681 0.0731361 -0.000944399 0.116389 0.207948 0.338024 -0.109885
internal_weight=524637 1896 1471 522741 1240 867 929 503 521812 27401 15331 5932 5529 5311 2308 1897 1696 1491 1207 651 3003 2588 2329 556 2034 494411 1745 1048 572 1883
internal_count=524637 1896 1471 522741 1240 867 929 503 521812 27401 15331 5932 5529 5311 2308 1897 1696 1491 1207 651 3003 2588 2329 556 2034 494411 1745 1048 572 1883
is_linear=0
shrinkage=0.04


Tree=162
num_leaves=31
num_cat=0
split_feature=8 9 16 11 14 3 4 7 10 17 11 10 10 13 1 17 10 0 11 4 10 4 13 10 1 13 11 13 11 14
split_gain=4648.35 12601.2 10534.1 12463.3 13409 12710.1 9487 8763.35 9009.04 17326.6 10524.2 21953.5 22717.2 20381.2 11652.3 15549.2 17216.3 14116.1 11808.4 17951.3 14085.7 11652 10643.4 15635.6 18995.4 14014.4 11386.1 8755.28 8069 7987.65
threshold=16.875000000000004 74.125000000000014 59.220882415771491 -0.49998149275779719 42.708112716674812 0.10790697485208513 8.6912145614624041 54.402153015136726 -0.82956761121749867 0.85820683836936962 -0.91939276456832875 -0.25309335440397257 0.3393120169639588 20.951704978942875 21.904622077941898 2.3297231197357182 0.12225609645247461 1.0990582108497622 -0.97507822513580311 0.14071644842624667 -0.032247759401798241 17.008526802062992 0.89562419056892406 -0.49157854914665217 47.897253036499031 17.807858467102054 -0.89404255151748646 35.527732849121101 0.29753153026103979 6.94500756263733
decision_type=2 2 2 2 2 2 2 2 2 2 2 2 2 2 2 2 2 2 2 2 2 2 2 2 2 2 2 2 2 2
left_child=1 2 3 4 7 28 -6 8 9 -1 11 13 14 -10 17 -16 27 29 19 -19 -21 -22 -12 24 -24 26 -25 -17 -5 -13
right_child=-2 -3 -4 5 6 -7 -8 -9 10 -11 22 12 -14 -15 15 16 -18 18 -20 20 21 -23 23 25 -26 -27 -28 -29 -30 -31
leaf_value=0.48217737187328652 -0.00085121499219245719 -0.021683152134779553 -0.17922545961358333 0.14422526822832768 0.11491681670442448 -0.033807296204542932 -0.11586020977957415 0.2808307921119601 0.072673136345871719 0.01232920747291558 0.20677879358578591 0.079488392895846458 0.36460104944189281 0.52327612640454835 -0.27023774078730201 0.32909022508968944 -0.16947957813739778 0.54477496526071001 -0.020841151503102409 -0.016900356950031385 0.1118708464271664 0.45411558269212643 0.01755935359141142 0.10738206277570456 0.40959261096139471 -0.36717711097642081 -0.21286544729275572 0.0078720745176411745 -0.010232121242281756 -0.25013092861259389
leaf_weight=233 495720 9639 353 1284 388 5449 1000 332 296 261 432 206 373 351 372 279 382 200 516 512 376 278 2779 381 203 288 316 257 928 253
leaf_count=233 495720 9639 353 1284 388 5449 1000 332 296 261 432 206 373 351 372 279 382 200 516 512 376 278 2779 381 203 288 316 257 928 253
internal_value=5.82823e-05 0.0156446 0.03431 0.0383855 0.065137 -0.000980871 -0.0509885 0.0814926 0.0742717 0.239108 0.0650201 0.106907 0.0715384 0.321371 0.0405144 -0.0557368 0.0331605 0.0935648 0.141959 0.20316 0.14043 0.261999 0.0205911 -0.000153449 0.0455268 -0.137514 -0.0387663 0.178038 0.0796714 -0.103657
internal_weight=524637 28917 19278 18925 11264 7661 1388 9876 9544 494 9050 4651 4004 647 3631 1290 918 2341 1882 1366 1166 654 4399 3967 2982 985 697 536 2212 459
internal_count=524637 28917 19278 18925 11264 7661 1388 9876 9544 494 9050 4651 4004 647 3631 1290 918 2341 1882 1366 1166 654 4399 3967 2982 985 697 536 2212 459
is_linear=0
shrinkage=0.04


Tree=163
num_leaves=31
num_cat=0
split_feature=3 2 14 11 10 3 6 3 11 4 6 2 10 3 11 11 7 10 0 11 12 10 12 17 10 8 10 0 10 7
split_gain=4618.52 11894 8722.43 21334.1 15024.4 18825.5 15664.3 15508.2 12638.3 10697.3 9319.76 14450.7 10895.7 20144.8 14607.3 22152.5 21726.6 14512 31978.9 12618.3 9756.02 8594.38 15439.9 7481.95 19383.7 15448.5 15145.6 11016.9 28295.2 7267.99
threshold=135.4094161987305 5.2269523143768319 52.626115798950202 -0.98801845312118519 -0.2696967720985412 32.619159698486335 74.795677185058608 38.74134826660157 -0.99818569421768177 9.1313066482543963 49.102416992187507 25.215184211730961 -0.87395131587982167 24.82936000823975 -0.98372924327850331 -0.96904978156089772 48.610565185546882 -0.41495507955551142 41.631088256835945 -0.99818569421768177 19.545390129089359 -0.53584328293800343 26.143561363220218 24.438091278076175 0.1393099054694176 19.625000000000004 -0.11798679083585738 98.417060852050795 -0.52124115824699391 40.230964660644538
decision_type=2 2 2 2 2 2 2 2 2 2 2 2 2 2 2 2 2 2 2 2 2 2 2 2 2 2 2 2 2 2
left_child=2 -2 10 8 5 6 -5 -6 -4 -7 23 -12 13 -13 16 -16 19 20 -19 -14 -17 -3 -23 27 25 26 -25 29 -29 -1
right_child=1 21 3 4 7 9 -8 -9 -10 -11 11 12 14 -15 15 17 -18 18 -20 -21 -22 22 -24 24 -26 -27 -28 28 -30 -31
leaf_value=0.0004459796854252169 -0.12502311974674374 0.0041293854175342452 -0.021009339490107127 -0.0035801740776042678 -0.05257271576607437 0.03046573383969511 0.37876035640681432 0.40863019945425538 -0.41252732690335087 -0.19706670084909436 -0.087495900526396664 0.55586924699256235 0.28489256205472435 0.0068950251127696703 -0.33735091552611379 0.14959708097687474 0.52098175284792403 -0.14311688205353298 0.41939464184422393 -0.12981060415906012 -0.14518604841743335 0.48717720709292289 0.045366838009041899 0.012173934361577555 -0.30404800069439036 -0.10538284029850425 0.34492251388247019 -0.074753642589641567 0.38618351735450601 -0.055564631555522742
leaf_weight=507934 323 350 200 730 218 448 214 236 384 1226 777 213 204 206 242 260 245 256 411 251 529 239 262 1309 436 1718 253 444 395 3724
leaf_count=507934 323 350 200 730 218 448 214 236 384 1226 777 213 204 206 242 260 245 256 411 251 529 239 262 1309 436 1718 253 444 395 3724
internal_value=5.79289e-05 0.0789703 -0.000120557 -0.0616038 -0.0191083 -0.056099 0.0861562 0.190811 -0.281057 -0.136355 0.000313054 0.0644132 0.106475 0.29242 0.0729055 0.00914494 0.225263 0.0686439 0.204573 0.0582504 -0.0473893 0.156949 0.26154 -0.000134466 -0.0566116 -0.0228965 0.0679211 0.000276134 0.144248 3.72397e-05
internal_weight=524637 1174 523463 3656 3072 2618 944 454 584 1674 519807 3594 2817 419 2398 1698 700 1456 667 455 789 851 501 516213 3716 3280 1562 512497 839 511658
internal_count=524637 1174 523463 3656 3072 2618 944 454 584 1674 519807 3594 2817 419 2398 1698 700 1456 667 455 789 851 501 516213 3716 3280 1562 512497 839 511658
is_linear=0
shrinkage=0.04


Tree=164
num_leaves=31
num_cat=0
split_feature=10 11 12 10 14 11 3 16 10 2 17 4 11 9 10 2 0 14 10 8 4 17 4 4 11 1 11 11 10 10
split_gain=4604.75 4984.93 23633.3 27610.7 24415.6 22745.8 59935.7 70263.3 47452.6 47589.6 28346.1 28003.1 20747 19862.9 17753.5 16981.8 25777.9 18039.3 15653.3 15280.5 17998.7 16900.9 20752.8 13503.2 27129.8 62438.1 40268.8 25136.6 26545.5 34338.7
threshold=0.48030318319797521 -0.9852197766304015 68.763542175292983 -0.10088855028152464 52.626115798950202 -0.98049351572990406 2.7026025056838994 2.5918301343917851 -0.18598018586635587 2.9175800085067753 -3.6952384710311885 0.97059389948844921 -0.99864786863327015 73.875000000000014 0.088045001029968276 10.941351890563967 1.4488610029220583 9.6631693840026873 0.1732888147234917 18.875000000000004 100.13479614257814 -5.9607648849487296 35.760074615478523 0.11500039696693422 -0.96234029531478871 1.4580453634262087 -0.97696766257286061 -0.96687281131744374 -0.59262362122535694 -0.65962448716163624
decision_type=2 2 2 2 2 2 2 2 2 2 2 2 2 2 2 2 2 2 2 2 2 2 2 2 2 2 2 2 2 2
left_child=1 2 4 -4 19 6 10 15 9 -9 -3 -10 -5 -12 -14 16 -8 -18 -17 20 21 22 -1 24 25 -7 -27 -25 29 -29
right_child=-2 5 3 12 -6 23 7 8 11 -11 13 -13 14 -15 -16 18 17 -19 -20 -21 -22 -23 -24 27 -26 26 -28 28 -30 -31
leaf_value=-0.18103149948339881 -0.034476653443179191 0.34952518148262512 0.59075542833603611 0.36466999458533428 -0.28778388794562587 -0.011924949528221483 0.022962606798152908 1.1629438271849042 -0.011428782678547909 0.37500085467774569 -0.35927807406272766 0.4394703087465065 -0.30044253431867668 -0.027477099726822881 0.18064184433063574 0.050790124868585418 0.12389885489582211 0.52831471613140069 -0.24237366398630208 0.0040672486220964272 0.2749312980902397 -0.027844283250169025 0.15419434619193173 -0.06689779826069106 0.0036089219068583434 -0.044370718584203619 0.179562854214184 -0.0056695676728961072 0.020316524384859581 -0.071549525340153852
leaf_weight=2212 6096 296 203 242 501 10120 1145 207 430 317 296 441 260 5149 216 867 360 352 427 42997 285 21331 333 10295 181564 1588 6644 157575 58133 13755
leaf_count=2212 6096 296 203 242 501 10120 1145 207 430 317 296 441 260 5149 216 867 360 352 427 42997 285 21331 333 10295 181564 1588 6644 157575 58133 13755
internal_value=5.70156e-05 0.000463653 -0.00958139 0.190584 -0.0123339 0.00199483 0.0607612 0.169095 0.404382 0.702217 -0.0251676 0.219265 0.0708824 -0.04614 -0.0829103 0.0639797 0.141197 0.328383 -0.0470662 -0.0102365 -0.0356826 -0.0395038 -0.136737 0.000618529 0.00829504 0.0546295 0.136363 -0.00578241 -0.00303763 -0.0109625
internal_weight=524637 518541 68580 921 67659 449961 10287 4546 1395 524 5741 871 718 5445 476 3151 1857 712 1294 67158 24161 23876 2545 439674 199916 18352 8232 239758 229463 171330
internal_count=524637 518541 68580 921 67659 449961 10287 4546 1395 524 5741 871 718 5445 476 3151 1857 712 1294 67158 24161 23876 2545 439674 199916 18352 8232 239758 229463 171330
is_linear=0
shrinkage=0.04


Tree=165
num_leaves=31
num_cat=0
split_feature=15 4 4 16 10 10 11 11 10 2 8 10 2 10 14 9 9 3 12 11 10 9 3 3 10 10 9 14 10 11
split_gain=4815.72 10786.9 15559.7 13549.1 11294.4 28823.2 20561.8 26374.2 24277.2 13914 11075.9 10828.9 10722.1 9568.09 9483.6 12629.3 8552.29 8678.93 8233.92 8199.9 18541.9 21118.4 7799.75 7392.32 7524.47 11572.6 6268.46 14295 14801.5 13798.8
threshold=0.93750000000000011 74.693923950195327 5.9969866275787362 91.815696716308608 -0.36747109889984125 -0.41495507955551142 -0.97507822513580311 -0.96234029531478871 -0.083760455250740037 13.001604557037355 18.375000000000004 -0.50648479163646687 98.137962341308608 -0.53584328293800343 23.536055564880375 79.875000000000014 73.625000000000014 37.514434814453132 62.632106781005866 -0.96904978156089772 -0.083760455250740037 77.875000000000014 33.466712951660163 86.963638305664077 -0.85671821236610401 -0.56456753611564625 73.625000000000014 42.708112716674812 -0.44600489735603327 -0.99983122944831837
decision_type=2 2 2 2 2 2 2 2 2 2 2 2 2 2 2 2 2 2 2 2 2 2 2 2 2 2 2 2 2 2
left_child=26 2 10 4 5 12 8 -8 -6 -9 -2 -3 14 -5 15 -4 17 -12 -10 20 21 -18 -11 24 -16 -26 29 -28 -29 -1
right_child=1 11 3 13 6 -7 7 9 18 22 16 -13 -14 -15 23 -17 19 -19 -20 -21 -22 -23 -24 -25 25 -27 27 28 -30 -31
leaf_value=-0.17722366206057003 0.049364560816084257 -0.37964406339974888 0.01564721961013809 0.053580830406058919 0.31873051990203716 0.38143550242524904 -0.44447687893556925 0.23040357602908546 -0.24997426184968358 0.022309876213848341 -0.26312728159626325 -0.019621134553636822 0.26010107220343825 0.43314368141798282 -0.27845070751127371 0.35597911481452843 -0.13141759522435789 0.031258625978748546 0.081231042745475948 -0.086135005253812541 -0.091658373673868657 0.36703003232237658 -0.29625634067266615 0.14077096154292426 0.10313168878919385 -0.18981002094006386 -0.00030148369071092304 0.037709460130821888 -0.23756055891388125 0.017699803659601415
leaf_weight=579 1384 257 1037 210 382 387 370 216 264 227 650 270 255 212 324 200 201 209 207 4015 879 385 255 200 396 452 465383 503 805 43523
leaf_count=579 1384 257 1037 210 382 387 370 216 264 227 650 270 255 212 324 200 201 209 207 4015 879 385 255 200 396 452 465383 503 805 43523
internal_value=5.7139e-05 -0.0232126 -0.0161123 0.0346548 0.016646 0.0620158 -0.060059 -0.176299 0.0858361 -0.0298719 -0.0528817 -0.198992 0.017677 0.249874 -0.00691987 0.073086 -0.0752478 -0.191966 -0.10575 -0.0566357 0.0242464 0.196724 -0.148822 -0.0790603 -0.117448 -0.0534042 0.00068826 -0.00067404 -0.132221 0.0151011
internal_weight=524637 13844 13317 5594 5172 3251 1921 1068 853 698 7723 527 2864 422 2609 1237 6339 859 471 5480 1465 586 482 1372 1172 848 510793 466691 1308 44102
internal_count=524637 13844 13317 5594 5172 3251 1921 1068 853 698 7723 527 2864 422 2609 1237 6339 859 471 5480 1465 586 482 1372 1172 848 510793 466691 1308 44102
is_linear=0
shrinkage=0.04


Tree=166
num_leaves=31
num_cat=0
split_feature=11 12 8 9 16 10 3 14 12 10 7 3 10 10 13 13 14 11 2 10 14 2 10 10 17 10 10 7 13 13
split_gain=4633.76 5857.46 5182.96 12449.2 10294.5 9468.78 15877 11680.5 8915.62 13956.8 7930.55 8354.06 11332.3 24383.9 26880.3 15871.7 13482.2 11166.2 10544.3 18697.6 9142.96 8802.55 7908.08 19988.3 37178.6 10081.6 28359.6 16980.8 13487.2 22610.5
threshold=0.44118724763393408 1.1098557114601137 16.875000000000004 74.125000000000014 59.220882415771491 -0.86546283960342396 0.10790697485208513 42.708112716674812 44.750728607177741 -0.35141934454441065 54.402153015136726 15.624988079071047 -0.38341410458087916 -0.18598018586635587 21.466298103332523 23.266203880310062 27.116916656494144 -0.55834004282951344 24.700831413269047 0.07089784182608129 15.50507164001465 51.97288894653321 -0.99940761923789967 -0.99904707074165333 -6.1532654762268058 -0.99866804480552662 -0.99815973639488209 2.8225067853927617 2.5646330118179326 0.066158380359411254
decision_type=2 2 2 2 2 2 2 2 2 2 2 2 2 2 2 2 2 2 2 2 2 2 2 2 2 2 2 2 2 2
left_child=2 -2 3 4 5 6 -1 10 -9 -10 11 17 -13 14 -14 16 20 18 -7 21 -15 -20 -4 24 -24 -25 27 -27 29 -29
right_child=1 -3 22 -5 -6 7 -8 8 9 -11 -12 12 13 15 -16 -17 -18 -19 19 -21 -22 -23 23 25 -26 26 -28 28 -30 -31
leaf_value=0.10564558494036658 -0.013166675454233976 -0.093544723136591887 -0.031096357370652784 -0.020246928339014841 -0.17485599790689516 0.059635443918035852 -0.030800852187457459 -0.14366356917493522 0.26279486880448966 -0.098243470468317953 0.26805479643376251 -0.044836328439811231 0.040529883956087052 0.20033904574592323 0.66564948155329773 -0.15313919010448626 0.39819632968250313 0.32057422154258447 0.21354835124189919 -0.02262098360694945 -0.10889322425978523 0.52205042496571941 0.61434175423781079 -0.070327596909862303 0.063641336904783727 0.017004460791022274 -0.00046313402740305501 0.069495083810236599 0.054466158152516923 0.43356781551028839
leaf_weight=1826 12852 1626 12960 9373 353 4472 5303 708 291 389 332 1868 222 262 211 548 202 340 459 390 340 230 200 3240 3040 1464 459360 469 649 658
leaf_count=1826 12852 1626 12960 9373 353 4472 5303 708 291 389 332 1868 222 262 211 548 202 340 459 390 340 230 200 3240 3040 1464 459360 469 649 658
internal_value=5.48945e-05 -0.0222521 0.000688378 0.0173784 0.0361918 0.0403351 0.00424714 0.0631511 -0.045242 0.0578291 0.0784153 0.0715448 0.0239297 0.0957421 0.353299 0.0112669 0.12383 0.10098 0.0869779 0.198712 0.026764 0.322527 -0.000285546 0.000566357 0.0994209 -0.000123313 0.0003699 0.118114 0.200898 0.284003
internal_weight=524637 14478 510159 28119 18746 18393 7129 11264 1388 680 9876 9544 3653 1785 433 1352 804 5891 5551 1079 602 689 482040 469080 3240 465840 462600 3240 1776 1127
internal_count=524637 14478 510159 28119 18746 18393 7129 11264 1388 680 9876 9544 3653 1785 433 1352 804 5891 5551 1079 602 689 482040 469080 3240 465840 462600 3240 1776 1127
is_linear=0
shrinkage=0.04


Tree=167
num_leaves=31
num_cat=0
split_feature=7 8 9 11 11 10 3 14 6 12 16 10 10 11 14 3 10 10 9 10 1 14 10 14 10 10 12 10 10 10
split_gain=4501.38 17549.5 17264.9 25160.3 115868 103272 91365 71565.8 19868.9 19204.1 17256 14595.5 26259.3 18886.5 20666.3 18883.5 18130.8 55816.5 18821.3 27610.3 15856.9 14610.3 14545.8 18430.9 22092.2 41896.6 139804 31206.8 25225.2 43749.7
threshold=13.132666110992433 20.625000000000004 77.875000000000014 -0.99552518129348744 -0.98049351572990406 -0.13505011796951291 8.0379371643066424 12.238673210144045 25.172614097595218 0.048483595252037055 -22.774954795837399 -0.85671821236610401 -0.99372696876525868 -0.99818569421768177 16.809081077575687 17.681859016418461 -0.52124115824699391 -0.49157854914665217 73.875000000000014 -0.83904919028282154 2.6522836685180669 16.809081077575687 -0.99549928307533253 12.804040908813478 -0.94423642754554737 -0.89015004038810719 7.6686720848083505 -0.78921556472778309 -0.47652685642242426 -0.59262362122535694
decision_type=2 2 2 2 2 2 2 2 2 2 2 2 2 2 2 2 2 2 2 2 2 2 2 2 2 2 2 2 2 2
left_child=-1 2 8 -4 5 6 -5 -7 11 -6 -10 12 15 -13 16 -2 18 -18 19 -15 -14 -17 -11 -24 -25 26 -26 -27 29 -29
right_child=1 -3 3 4 9 7 -8 -9 10 22 -12 13 20 14 -16 21 17 -19 -20 -21 -22 -23 23 24 25 27 -28 28 -30 -31
leaf_value=0.0015820047793289743 -0.04078411219448879 -0.050516736593942638 -0.15111053612745937 0.32107259884476663 0.19797897523093377 0.7140557198781764 1.4457179364838681 -0.17154287346854905 -0.047468356577205065 0.32708575594154271 0.037094617636974241 -0.16822881947415727 -0.031975461514403912 0.46842563867832709 -0.058468798560896061 0.0794174890867443 0.5792346133878481 0.053330166492878306 -0.11807208687348894 0.011108551880257589 -0.15787551301763408 0.44881738569717927 -0.075450417007918741 -0.15200713538993824 0.9538139494417831 -0.22313717346628789 -0.029635077124612694 0.010922184173015645 -0.031934726078392275 0.33472643711631089
leaf_weight=448487 1498 13376 1058 240 870 204 227 451 5078 210 16007 1159 2471 216 6158 531 343 3825 1804 3241 4566 247 3715 932 331 762 717 1769 3081 1063
leaf_count=448487 1498 13376 1058 240 870 204 227 451 5078 210 16007 1159 2471 216 6158 531 343 3825 1804 3241 4566 247 3715 932 331 762 717 1769 3081 1063
internal_value=5.52175e-05 -0.00893586 -6.90891e-05 0.0363495 0.0500544 0.438719 0.88659 0.110867 -0.0121484 0.0173301 0.0167161 -0.0355008 -0.0756153 -0.01316 -0.00152909 0.0423484 0.0356803 0.0978916 -0.0136985 0.0409513 -0.113775 0.200902 0.00468952 -0.00104344 0.0309446 0.053191 0.287057 0.0160987 0.0472534 0.133213
internal_weight=524637 76150 62774 15630 14572 1122 467 655 47144 13450 21085 26059 9313 16746 15587 2276 9429 4168 5261 3457 7037 778 12580 12370 8655 7723 1048 6675 5913 2832
internal_count=524637 76150 62774 15630 14572 1122 467 655 47144 13450 21085 26059 9313 16746 15587 2276 9429 4168 5261 3457 7037 778 12580 12370 8655 7723 1048 6675 5913 2832
is_linear=0
shrinkage=0.04


Tree=168
num_leaves=31
num_cat=0
split_feature=14 11 7 8 9 11 11 10 3 14 12 6 16 10 10 10 17 9 3 14 11 10 7 7 1 14 10 14 10 10
split_gain=4497.38 6223.68 5955.95 16170.8 16030.6 23255.6 107127 95469.8 84503.1 66185.3 18322.9 18317.8 15904.9 13546.4 24244.8 18015.5 36446.4 74274.4 17466.6 16998.7 26271.4 31284.3 23248.6 16673.1 14404.4 13555.4 13453.9 17001.8 20384.3 38714.1
threshold=0.018652616068720821 0.44118724763393408 13.132666110992433 20.625000000000004 77.875000000000014 -0.99552518129348744 -0.98049351572990406 -0.13505011796951291 8.0379371643066424 12.238673210144045 0.048483595252037055 25.172614097595218 -22.774954795837399 -0.85671821236610401 -0.99372696876525868 -0.82956761121749867 6.3423802852630624 73.875000000000014 17.681859016418461 15.82595729827881 -0.99552518129348744 -0.55028682947158802 30.185176849365238 34.51555252075196 3.111813068389893 15.82595729827881 -0.99549928307533253 12.804040908813478 -0.94423642754554737 -0.89015004038810719
decision_type=2 2 2 2 2 2 2 2 2 2 2 2 2 2 2 2 2 2 2 2 2 2 2 2 2 2 2 2 2 2
left_child=-1 2 -2 4 11 -6 7 8 -7 -9 -8 13 -13 14 18 16 17 -15 -4 20 -17 -22 -23 -21 -16 -20 -12 -28 -29 -30
right_child=1 -3 3 -5 5 6 10 9 -10 -11 26 12 -14 15 24 19 -18 -19 25 23 21 22 -24 -25 -26 -27 27 28 29 -31
leaf_value=-0.012536833640381988 0.0036833311121687892 -0.034276614130310502 -0.039735595852251469 -0.048463774756036554 -0.14512270994051898 0.30874341021060941 0.19486354485136925 0.68682817336276314 1.3903292487140448 -0.16483000275272869 0.31459702403437007 -0.045573354109820809 0.035611759426672655 0.77126802745589762 -0.034776628721240328 -0.16000004499674447 -0.27889927967602296 -0.13407095362392948 0.062364553755968812 -0.046097215697137414 -0.033292808263030535 0.093571808546667093 0.43096902477496296 -0.24086496114223482 -0.15354694102917246 0.40606546657547454 -0.072440502665306897 -0.14599139661467861 0.2759237149563426 0.015460184828487622
leaf_weight=41752 399007 7798 1482 13362 1058 240 855 204 227 451 210 5078 16007 292 2604 1179 200 274 490 6299 4119 3245 355 783 4408 288 3715 932 1048 6675
leaf_count=41752 399007 7798 1482 13362 1058 240 855 204 227 451 210 5078 16007 292 2604 1179 200 274 490 6299 4119 3245 355 783 4408 288 3715 932 1048 6675
internal_value=5.64215e-05 0.00114552 0.00172764 -0.00852826 -1.36737e-05 0.0350963 0.0482852 0.421986 0.852608 0.106759 0.0167856 -0.0116579 0.0160472 -0.0341076 -0.0728692 -0.0126153 0.175616 0.338276 0.040927 -0.0217423 0.0150622 0.0419736 0.127945 -0.0679404 -0.109552 0.193134 0.00453735 -0.000976263 0.0297467 0.0511158
internal_weight=524637 482885 475087 76080 62718 15615 14557 1122 467 655 13435 47103 21085 26018 9272 16746 766 566 2260 15980 8898 7719 3600 7082 7012 778 12580 12370 8655 7723
internal_count=524637 482885 475087 76080 62718 15615 14557 1122 467 655 13435 47103 21085 26018 9272 16746 766 566 2260 15980 8898 7719 3600 7082 7012 778 12580 12370 8655 7723
is_linear=0
shrinkage=0.04


Tree=169
num_leaves=31
num_cat=0
split_feature=15 4 4 16 3 2 8 10 8 10 14 10 9 14 2 17 10 10 11 10 9 1 17 6 3 10 10 11 7 10
split_gain=4608.23 10096.8 14148.6 12294.3 11218.5 12811.5 19178.7 26588.7 10172.8 10025 9425.17 8622.96 7888.28 8339.04 7847.03 11456.6 8302.12 12576.8 7463.69 16211.5 18867.6 6590.44 6492.51 6216.96 18212.4 28218.9 25737.6 20331.2 17325.3 18369.2
threshold=0.93750000000000011 74.693923950195327 5.9969866275787362 91.815696716308608 5.6336059570312509 73.115589141845717 18.875000000000004 -0.36747109889984125 18.375000000000004 -0.50648479163646687 30.957062721252445 -0.53584328293800343 73.625000000000014 36.857580184936531 12.797817707061769 -2.8068990707397456 -0.57868120074272145 -0.86546283960342396 -0.96904978156089772 -0.083760455250740037 77.875000000000014 13.107566356658937 21.593976974487308 12.194082260131838 0.39796642959117895 0.32308141887187963 0.27383534610271459 0.16375125199556353 9.0343770980834979 -0.47652685642242426
decision_type=2 2 2 2 2 2 2 2 2 2 2 2 2 2 2 2 2 2 2 2 2 2 2 2 2 2 2 2 2 2
left_child=23 2 8 4 10 14 7 -7 -2 -3 21 -5 13 -10 15 -6 17 -16 19 20 -14 -4 -18 -1 -25 26 27 28 -26 -30
right_child=1 9 3 11 5 6 -8 -9 12 -11 -12 -13 18 -15 16 -17 22 -19 -20 -21 -22 -23 -24 24 25 -27 -28 -29 29 -31
leaf_value=-0.0012269121280282652 0.047091216706648106 -0.36659011760792842 0.15145450663546661 0.05121901336583224 0.25616691332979824 0.49383334969887971 -0.20877467734153282 -0.045020891907512114 -0.3179063183597749 -0.020137537270784378 0.3320077530605352 0.41156977640615927 -0.12610956186649358 -0.06754840013234556 -0.18881529147701059 -0.052518579432656684 -0.21596109240505826 0.21144690884580769 -0.082602208277682609 -0.085667442746954911 0.34497217462353313 -0.022557520859835072 -0.0010816911975542705 -0.035405493308861828 0.088412859928834506 0.42170810065652492 -0.22845488285789123 -0.12383992643825542 0.035537197756589901 -0.0092395639813292168
leaf_weight=430854 1384 257 663 210 246 295 203 279 393 270 234 212 201 466 225 765 995 260 4015 879 385 717 290 11599 5883 267 666 1535 34524 25465
leaf_count=430854 1384 257 663 210 246 295 203 279 393 270 234 212 201 466 225 765 995 260 4015 879 385 717 290 11599 5883 267 666 1535 34524 25465
internal_value=5.66042e-05 -0.0227064 -0.0158367 0.0325742 0.0154205 -0.0242798 0.118347 0.23563 -0.0508989 -0.192771 0.102549 0.237585 -0.0723337 -0.18443 -0.0644104 0.0243652 -0.11497 0.0256951 -0.0544585 0.0227095 0.183985 0.0615321 -0.16785 0.00067398 0.0109183 0.0187846 0.0171425 0.0196026 0.0229635 0.0165313
internal_weight=524637 13844 13317 5594 5172 3558 777 574 7723 527 1614 422 6339 859 2781 1011 1770 485 5480 1465 586 1380 1285 510793 79939 68340 68073 67407 65872 59989
internal_count=524637 13844 13317 5594 5172 3558 777 574 7723 527 1614 422 6339 859 2781 1011 1770 485 5480 1465 586 1380 1285 510793 79939 68340 68073 67407 65872 59989
is_linear=0
shrinkage=0.04


Tree=170
num_leaves=31
num_cat=0
split_feature=10 11 7 12 13 10 13 14 14 4 8 17 11 10 14 18 9 11 10 14 2 11 9 14 11 9 10 16 8 14
split_gain=4514.35 36150.8 37236.6 23243.5 22995.4 21415 36318 32713.6 31945.2 28088.2 16086.4 33017.8 61583.9 23950.3 16130 15078.1 14829.9 12980 35141.9 26810.1 23259.3 27741.4 27869.3 40839.4 22347.3 20394.9 20191.6 41187.6 30425.5 27390.9
threshold=-0.96235975623130787 -0.21231865882873532 6.9006783962249765 1.0000000180025095e-35 0.47980092465877539 -0.97312742471694935 2.5163313150405888 0.51480621099472057 8.281102657318117 0.73637354373931896 19.125000000000004 -12.446184158325194 -0.09339838474988936 -0.99904707074165333 22.132207870483402 0.66359600424766552 77.125000000000014 -0.48501108586788172 -0.81984052062034596 1.4298237562179568 57.207065582275398 -0.37645272910594935 73.375000000000014 29.454915046691898 -0.45464412868022913 78.625000000000014 -0.84828248620033253 -6.9302005767822257 19.125000000000004 23.536055564880375
decision_type=2 2 2 2 2 2 2 2 2 2 2 2 2 2 2 2 2 2 2 2 2 2 2 2 2 2 2 2 2 2
left_child=1 2 3 -1 16 6 -5 15 9 -8 11 12 -3 -14 -12 -7 -4 18 19 25 24 22 -22 -24 -19 -2 27 28 -21 -29
right_child=17 10 4 5 -6 7 8 -9 -10 -11 14 -13 13 -15 -16 -17 -18 20 -20 26 21 -23 23 -25 -26 -27 -28 29 -30 -31
leaf_value=0.013872046762571248 -0.067096067324486544 0.71791868757222943 -0.0009621739700652551 0.054788283155987653 -0.05340115109798399 0.22028394746552607 0.74450324672649959 0.065738736551136934 0.024056844449078199 0.25566188561950809 -0.01291328556012415 0.01147915784463149 0.35195969275240196 -0.088932865151629736 -0.20156050546964011 0.61632491325921857 0.40796899349324556 -0.088175096383855081 -0.0014476535080790907 0.00066813583043138342 -0.017491459243727806 -0.038308321803720298 0.14840083215611452 0.90095159348151455 -0.011780209817594383 0.32084892980980151 0.11903120315805202 -0.0010185106467091426 0.3242133097377714 -0.45791524630949798
leaf_weight=2533 3556 293 266 717 4257 461 466 3903 246 336 54715 39402 283 594 725 237 294 6571 297561 779 256 668 254 209 88816 221 8215 6452 1144 207
leaf_count=2533 3556 293 266 717 4257 461 466 3903 246 336 54715 39402 283 594 725 237 294 6571 297561 779 256 668 254 209 88816 221 8215 6452 1144 207
internal_value=5.48325e-05 0.00726961 0.0679896 0.116436 -0.0215674 0.15716 0.275398 0.111304 0.424387 0.545373 -0.00141084 0.017726 0.226219 0.0557032 -0.0154162 0.361562 0.217118 -0.00185334 0.00204883 0.0525944 -0.0146802 0.147359 0.318016 0.499971 -0.0170516 -0.0436093 0.07424 0.0312756 0.193828 -0.0158868
internal_weight=524637 109728 13716 8899 4817 6366 1765 4601 1048 802 96012 40572 1170 877 55440 698 560 414909 318135 20574 96774 1387 719 463 95387 3777 16797 8582 1923 6659
internal_count=524637 109728 13716 8899 4817 6366 1765 4601 1048 802 96012 40572 1170 877 55440 698 560 414909 318135 20574 96774 1387 719 463 95387 3777 16797 8582 1923 6659
is_linear=0
shrinkage=0.04


Tree=171
num_leaves=31
num_cat=0
split_feature=8 10 18 9 10 13 10 4 3 12 9 17 6 17 7 14 10 10 8 9 14 10 3 10 9 10 9 7 9 10
split_gain=4397.23 5312.4 9900.21 9148.95 4889.06 15988.7 14140.4 17930.2 12710.8 12197.1 19577.6 11865.7 11018.5 13260.2 14727.2 39717.9 65755.9 59414.5 16001.5 21592.2 15971.7 14930.3 11916.8 11380.6 20029.7 10786.8 21162.8 24475.2 19162.4 12067
threshold=15.875000000000002 -0.083760455250740037 37.304473876953132 74.125000000000014 -0.01505099539645016 33.71123123168946 -0.032247759401798241 24.248847961425785 27.001116752624515 68.763542175292983 73.375000000000014 -5.6060919761657706 44.586669921875007 -8.2937917709350568 8.7234697341918963 4.2130000591278085 0.088045001029968276 0.12225609645247461 18.125000000000004 73.875000000000014 11.702699661254885 0.1393099054694176 25.33432769775391 0.1563224866986275 73.375000000000014 0.088045001029968276 77.875000000000014 3.274533867835999 76.875000000000014 0.05372969992458821
decision_type=2 2 2 2 2 2 2 2 2 2 2 2 2 2 2 2 2 2 2 2 2 2 2 2 2 2 2 2 2 2
left_child=1 -1 3 -3 6 12 -2 8 11 -7 -11 -8 13 -6 23 16 -16 -18 19 22 -20 -22 -17 24 -15 26 -26 -28 -27 -29
right_child=4 2 -4 -5 5 9 7 -9 -10 10 -12 -13 -14 14 15 18 17 -19 20 -21 21 -23 -24 -25 25 28 27 29 -30 -31
leaf_value=0.015899000638148447 0.0010376241200970946 0.34537853530227169 -0.048311361289360158 0.034818586278706792 -0.075474231121552895 -0.14950168030331598 0.33995901645682908 0.33311746040930845 -0.24924437294596097 0.26477575973071882 -0.13977666633847086 0.046098017089938222 0.20451450880234107 0.28705584616615226 -0.036611051014624536 0.26424906415098681 0.99964070504725866 0.19373018879292672 0.045228728312874979 -0.056799850108683901 -0.207189850770786 -0.015127576067056916 -0.031467639892659285 0.00054166051845096067 -0.040063167358573175 -0.025301217274075066 0.25568724476856913 -0.050209955131769388 -0.14346999640900202 0.14342124981712925
leaf_weight=3165 408996 359 345 262 4219 2127 231 394 203 329 430 2574 389 302 598 1050 258 336 2603 819 1087 1585 272 67851 11138 5976 872 1668 3466 733
leaf_count=3165 408996 359 345 262 4219 2127 231 394 203 329 430 2574 389 302 598 1050 258 336 2603 819 1087 1585 272 67851 11138 5976 872 1668 3466 733
internal_value=5.58853e-05 0.0411118 0.12271 0.216982 -0.000270739 -0.00784195 0.00171416 0.0828071 0.0490253 -0.100562 0.0367454 0.07142 -0.00528954 -0.00608748 -0.00317071 0.0468304 0.260129 0.554527 0.0122421 0.104204 -0.0252097 -0.0937419 0.203626 -0.00785335 -0.0314253 -0.0355761 -0.0137853 0.0754876 -0.0687849 0.00925329
internal_weight=524637 4131 966 621 520506 108108 412398 3402 3008 2886 759 2805 105222 104833 100614 8608 1192 594 7416 2141 5275 2672 1322 92006 24155 23853 14411 3273 9442 2401
internal_count=524637 4131 966 621 520506 108108 412398 3402 3008 2886 759 2805 105222 104833 100614 8608 1192 594 7416 2141 5275 2672 1322 92006 24155 23853 14411 3273 9442 2401
is_linear=0
shrinkage=0.04


Tree=172
num_leaves=31
num_cat=0
split_feature=10 12 4 9 10 11 4 2 10 14 7 14 11 9 11 9 11 10 3 13 7 4 5 10 10 17 3 17 14 9
split_gain=4271.31 6025.6 4870.56 4657.51 13071 29937.9 15435.5 16415.3 19099.9 18473 13539.6 16473 24818.2 44518.4 17054.5 12954.8 22762.4 54822.3 67620.9 35476.1 37126.9 69335.8 20257.4 20140.6 27187.2 27616.7 42264.2 23841.4 33557.1 25275.4
threshold=0.46514528989791876 2.5732733011245732 0.73637354373931896 76.125000000000014 -0.96463498473167408 -0.19547851383686063 12.765744209289553 0.90543812513351452 -0.97312742471694935 5.6091187000274667 14.063905715942385 9.2698264122009295 -0.17858051508665082 74.375000000000014 -0.024725049734115597 74.125000000000014 -0.51480397582054127 -0.82956761121749867 2.3287252187728886 4.8091530799865732 12.133809566497805 20.193595886230472 9.8390998840332049 -0.56456753611564625 -0.46133413910865778 -10.641432762145994 15.624988079071047 0.25645452737808233 26.118380546569828 73.875000000000014
decision_type=2 2 2 2 2 2 2 2 2 2 2 2 2 2 2 2 2 2 2 2 2 2 2 2 2 2 2 2 2 2
left_child=3 2 -2 4 5 6 7 -1 9 -9 11 14 13 -13 -7 16 17 18 22 -20 -21 -22 -6 -19 25 -25 27 -27 29 -29
right_child=1 -3 -4 -5 15 10 -8 8 -10 -11 -12 12 -14 -15 -16 -17 -18 23 19 20 21 -23 -24 24 -26 26 -28 28 -30 -31
leaf_value=0.05920470449595916 -0.02585503474235876 -0.15614695042812451 0.10108871988472883 0.0044614692348133797 0.068548178126304482 -0.040571727391174081 -0.033468758918344978 0.56829281164333223 0.081643936032794059 0.21350198375719551 -0.065098386491184393 0.78066659710520803 0.047013655679709949 -0.015416524704708997 0.017800605991554592 -0.014832977518328055 -0.031679938848030484 -0.03057422911280375 0.89336376503677606 -0.022387143415913364 0.86937069608048467 0.015474126148054185 -0.3959797810083997 0.32969722841552118 0.014676716205760736 0.056894628887978069 -0.080453849917831763 0.72790826525125241 -0.020420874055075401 0.21278978314934946
leaf_weight=3237 8491 531 503 250120 441 11716 1295 310 1231 983 4259 200 5962 241 25250 138417 18827 13266 200 343 338 271 216 817 33768 921 1570 350 279 284
leaf_count=3237 8491 531 503 250120 441 11716 1295 310 1231 983 4259 200 5962 241 25250 138417 18827 13266 200 343 338 271 216 817 33768 921 1570 350 279 284
internal_value=5.5561e-05 -0.026472 -0.0186512 0.00054659 -0.00314861 0.0142716 0.0911042 0.119116 0.195415 0.302273 0.00287229 0.00956074 0.068741 0.354923 -0.000705884 -0.00767865 0.00609623 0.0195026 0.235303 0.418755 0.310797 0.495782 -0.0878204 0.0118417 0.0266577 0.122245 0.0716337 0.201559 0.345293 0.504048
internal_weight=524637 9525 8994 515112 264992 54684 7056 5761 2524 1293 47628 43369 6403 441 36966 210308 71891 53064 1809 1152 952 609 657 51255 37989 4221 3404 1834 913 634
internal_count=524637 9525 8994 515112 264992 54684 7056 5761 2524 1293 47628 43369 6403 441 36966 210308 71891 53064 1809 1152 952 609 657 51255 37989 4221 3404 1834 913 634
is_linear=0
shrinkage=0.04


Tree=173
num_leaves=31
num_cat=0
split_feature=10 10 11 7 12 13 10 4 8 14 17 13 8 17 9 14 14 18 9 11 10 14 10 10 13 12 3 12 4 10
split_gain=4279.33 5198.05 30736.7 33992 21366.1 21353.9 19079.6 34111.6 34808.2 30263.8 18470.9 15147.9 14708.4 39990.4 67787.1 54375 18562.5 13959.7 13698.6 11601.1 31747.5 29229.8 25461.4 43681.4 65207.7 52547.1 39232.7 36457.6 31493.6 30043.5
threshold=-0.99993467330932606 -0.96235975623130787 -0.21231865882873532 6.9006783962249765 1.0000000180025095e-35 0.47980092465877539 -0.97312742471694935 1.0000000180025095e-35 19.125000000000004 0.51480621099472057 -0.057384591549634927 3.6064243316650395 19.375000000000004 -11.77351665496826 75.125000000000014 15.50507164001465 15.82595729827881 0.66359600424766552 77.125000000000014 -0.48501108586788172 -0.80987083911895741 1.4631211161613467 -0.7785360813140868 -0.74512827396392811 20.951704978942875 17.260514259338382 3.0441616773605351 5.0843019485473642 6.9926910400390634 -0.76762619614601124
decision_type=2 2 2 2 2 2 2 2 2 2 2 2 2 2 2 2 2 2 2 2 2 2 2 2 2 2 2 2 2 2
left_child=-1 2 3 4 -2 18 7 8 -6 17 -10 -9 13 14 -4 -16 -14 -8 -5 20 21 -3 -22 24 27 26 -26 28 29 -24
right_child=1 19 12 5 6 -7 9 11 10 -11 -12 -13 16 -15 15 -17 -18 -19 -20 -21 22 -23 23 -25 25 -27 -28 -29 -30 -31
leaf_value=-0.044417284316399276 0.012059489647149924 -0.045214996212003061 0.010561961301473822 -0.0010452803472677868 0.10202167129028039 -0.052138979103568878 0.21094548406779384 -0.024576879328762003 0.32782713415083431 0.062322862283894928 0.84472168862442432 0.29972922376887773 -0.010543397638244266 0.0096418398707233174 0.087585958532562333 0.91276193483262602 -0.14340395548576138 0.59195783857391915 0.39197430706117303 -0.013798442740841963 -0.063381827065710619 0.06752197581397032 0.0098657850528345269 -0.0023960647623316252 0.33574597150134916 0.11446469540584339 1.1170227854624744 -0.083208176837152426 -0.035982727023357162 0.22028441488218994
leaf_weight=3429 2533 4529 888 266 295 4257 461 602 200 3903 306 362 46378 43055 217 309 1736 237 294 96774 10287 19474 1618 273558 225 488 201 2431 2028 3296
leaf_count=3429 2533 4529 888 266 295 4257 461 602 200 3903 306 362 46378 43055 217 309 1736 237 294 96774 10287 19474 1618 273558 225 488 201 2431 2028 3296
internal_value=5.6487e-05 0.000349924 0.00824148 0.064101 0.110389 -0.0214637 0.149434 0.261043 0.452395 0.106146 0.650728 0.0990331 -4.00342e-05 0.0165418 0.225097 0.580323 -0.0153659 0.346849 0.208547 -0.00167203 0.00201704 0.0462403 -0.0015933 0.000648171 0.081526 0.40216 0.721542 0.0498644 0.0965174 0.151162
internal_weight=524637 521208 106299 13716 8899 4817 6366 1765 801 4601 506 964 92583 44469 1414 526 48114 698 560 414909 318135 24003 294132 283845 10287 914 426 9373 6942 4914
internal_count=524637 521208 106299 13716 8899 4817 6366 1765 801 4601 506 964 92583 44469 1414 526 48114 698 560 414909 318135 24003 294132 283845 10287 914 426 9373 6942 4914
is_linear=0
shrinkage=0.04


Tree=174
num_leaves=31
num_cat=0
split_feature=7 8 9 11 11 10 14 3 10 10 10 14 7 12 11 12 3 4 16 0 11 10 11 9 10 14 15 3 4 4
split_gain=4232.02 14523 12975.1 22678.8 106918 66482.1 72003.4 66912 22112 31394.1 55707.7 59905.7 39788.6 25658.4 21901.8 19955.8 43456.3 18647.4 22554.8 17097.5 19474 21605.7 18355.1 16347.1 25458.5 31546.8 38275.8 19364.6 18111.6 20619.3
threshold=13.132666110992433 20.875000000000004 77.875000000000014 -0.99552518129348744 -0.98049351572990406 -0.13505011796951291 12.054138183593752 9.0562281608581561 -0.47652685642242426 -0.59262362122535694 -0.56456753611564625 14.650622367858888 24.724818229675297 0.059277910739183433 -0.22909598052501676 31.221776008605961 3.7166323661804204 65.19748687744142 -1.9110500216484068 8.0410141944885272 0.0096758542931638675 -0.99275806546211232 -0.39233249425888056 74.375000000000014 -0.89015004038810719 22.757233619689945 0.81250000000000011 12.893336772918703 13.968427658081056 0.23454889655113223
decision_type=2 2 2 2 2 2 2 2 2 2 2 2 2 2 2 2 2 2 2 2 2 2 2 2 2 2 2 2 2 2
left_child=-1 2 19 -4 5 7 -7 -5 9 13 11 -11 -12 14 -6 -10 -17 -15 -19 20 -2 -22 23 24 25 -21 -27 28 29 -26
right_child=1 -3 3 4 8 6 -8 -9 15 10 12 -13 -14 17 -16 16 -18 18 -20 22 21 -23 -24 -25 27 26 -28 -29 -30 -31
leaf_value=0.001538600176066308 -0.057130385962047565 -0.054683371179577674 -0.1400689277179594 0.26600784241033149 0.37510907730685089 0.70766850042618634 -0.12947857425328388 1.1313265682593601 -0.10726241843497436 0.026594088504292037 -0.04957770114588491 0.92578777749727414 0.41846929836707808 -0.030542481581304119 -0.051054129522834578 0.42960850331449757 -0.092058102326924698 0.51812975702398023 0.025201094369831045 -0.17603412058678541 0.25696413281617919 -0.034490823268671915 -0.071911011974416225 -0.067289203093272021 0.18596803183952507 0.63615732357873545 0.01176956265948821 -0.003343113420590048 0.1479737574322616 -0.039520944857782424
leaf_weight=448487 16318 9579 1213 296 520 228 524 282 3682 203 1188 277 374 7629 300 376 748 213 448 210 684 979 4209 3144 849 375 266 15250 3143 2643
leaf_count=448487 16318 9579 1213 296 520 228 524 282 3682 203 1188 277 374 7629 300 376 748 213 448 210 684 979 4209 3144 849 375 266 15250 3143 2643
internal_value=5.81988e-05 -0.00865971 -0.00203008 0.0264263 0.0381825 0.381365 0.130293 0.700248 0.00935946 0.040263 0.18161 0.553807 0.064439 0.0084158 0.220459 -0.0622849 0.0846992 -0.0127987 0.189396 -0.0129855 -0.0438332 0.0862054 0.00545738 0.0180631 0.0298903 0.243254 0.381212 0.0214863 0.0784738 0.015676
internal_weight=524637 76150 66571 18501 17288 1330 752 578 15958 11152 2042 480 1562 9110 820 4806 1124 8290 661 48070 17981 1663 30089 25880 22736 851 641 21885 6635 3492
internal_count=524637 76150 66571 18501 17288 1330 752 578 15958 11152 2042 480 1562 9110 820 4806 1124 8290 661 48070 17981 1663 30089 25880 22736 851 641 21885 6635 3492
is_linear=0
shrinkage=0.04


Tree=175
num_leaves=31
num_cat=0
split_feature=15 4 3 10 8 10 10 10 18 12 4 0 8 2 8 1 14 9 5 11 13 16 14 7 10 4 7 6 13 10
split_gain=4312.74 13761.1 15729.6 16938.6 13453.3 16391.2 32204.5 25830 12828 14438.1 12372.4 11063.4 14711 16471.4 15479.8 10332.9 17190.2 10088.5 9979.82 9667.87 14086.4 9558.58 8984.67 8920.76 8666.03 19382.9 7830.84 8056.02 7650.97 10535.4
threshold=0.81250000000000011 69.564117431640639 44.160251617431648 -0.50648479163646687 18.875000000000004 0.1393099054694176 0.20706263184547427 0.29033823311328893 159.50801849365237 104.49818801879884 24.767127037048343 57.113914489746101 16.125000000000004 22.325851440429691 18.375000000000004 31.058379173278812 34.566368103027351 76.625000000000014 94.673366546630874 -0.99465739727020253 48.609493255615241 -17.79176044464111 32.567819595336921 23.669145584106449 -0.21966676414012906 10.273723125457765 40.230964660644538 49.102416992187507 39.59839057922364 -0.31900864839553827
decision_type=2 2 2 2 2 2 2 2 2 2 2 2 2 2 2 2 2 2 2 2 2 2 2 2 2 2 2 2 2 2
left_child=11 4 3 -3 5 8 -7 -8 9 18 15 -1 -13 -14 22 16 -6 -17 19 20 23 -12 -15 -2 26 -26 27 -21 -28 -30
right_child=1 2 -4 -5 10 6 7 -9 -10 -11 21 12 13 14 -16 17 -18 -19 -20 24 -22 -23 -24 -25 25 -27 28 -29 29 -31
leaf_value=0.00039577815296607785 -0.057998744809266291 -0.2022624466344074 -0.36092040909220802 0.24410910730939275 -0.039945857793425209 -0.50464605082954028 0.30731086970421306 -0.20731904484741928 0.28953511962883693 -0.22873275138244228 -0.17643858492516337 -0.2208611830623893 0.023195794517023634 0.49671495024946488 -0.007078332622107622 -0.18978905595083398 0.19562262610910858 -0.048756489781523964 0.26438082920615352 0.054866348847056864 0.1449561337801088 0.11549072320310201 0.19717488761869784 -0.42383005383988503 -0.042601226918047595 0.47466103871579934 0.12857775381129039 0.29173860161712295 -0.024807658401811261 -0.33697760067460858
leaf_weight=500162 221 339 381 213 7878 251 275 335 334 298 200 221 1337 317 286 1400 519 1935 325 3467 228 1255 358 203 223 228 294 237 696 221
leaf_count=500162 221 339 381 213 7878 251 275 335 334 298 200 221 1337 317 286 1400 519 1935 325 3467 228 1255 358 203 223 228 294 237 696 221
internal_value=5.96524e-05 -0.0172893 -0.16678 -0.0287425 -0.0105788 0.0309068 -0.132783 0.0259009 0.051274 0.0388736 -0.0352352 0.000817747 0.0842692 0.114444 0.239847 -0.048888 -0.0251705 -0.108351 0.0517863 0.0398856 -0.104492 0.0744325 0.343045 -0.238879 0.0575901 0.223521 0.0419414 0.0707673 -0.0460839 -0.102865
internal_weight=524637 21956 933 552 21023 7836 861 610 6975 6641 13187 502681 2519 2298 961 11732 8397 3335 6343 6018 652 1455 675 424 5366 451 4915 3704 1211 917
internal_count=524637 21956 933 552 21023 7836 861 610 6975 6641 13187 502681 2519 2298 961 11732 8397 3335 6343 6018 652 1455 675 424 5366 451 4915 3704 1211 917
is_linear=0
shrinkage=0.04


Tree=176
num_leaves=31
num_cat=0
split_feature=9 4 10 3 14 11 13 10 13 4 17 5 16 10 10 10 17 7 2 4 8 14 10 14 7 17 12 15 10 10
split_gain=4115.23 12473.4 11103.4 10204.2 9081.53 9565.72 22472.4 42147.7 13056.9 21956.6 27368.9 13328.2 23795.2 9782.69 32335.6 14171.3 17993.4 12146 11208.4 9626.77 9817.84 11380.5 9578.48 8709.03 14139.8 8674.56 8036.46 7932.56 8007.15 30990.9
threshold=79.625000000000014 3.6200001239776616 0.1563224866986275 79.050857543945327 42.708112716674812 -0.22909598052501676 0.58001363277435314 -0.94423642754554737 7.6966426372528085 21.880743026733402 -8.9521441459655744 38.636404037475593 -26.073459625244137 -0.89015004038810719 -0.9193688929080962 -0.67245468497276295 -5.2898738384246817 6.4490544795989999 2.0271897315979008 23.761612892150882 19.875000000000004 1.5346383452415469 -0.81984052062034596 22.757233619689945 18.934668540954593 -0.25774681568145746 0.020321557298302654 0.68750000000000011 -0.11798679083585738 -0.2696967720985412
decision_type=2 2 2 2 2 2 2 2 2 2 2 2 2 2 2 2 2 2 2 2 2 2 2 2 2 2 2 2 2 2
left_child=-1 27 3 4 5 6 7 -3 19 13 -11 12 -12 14 -10 22 -17 -18 -19 20 -8 -22 -15 24 25 -14 -9 28 29 -2
right_child=1 2 -4 -5 -6 -7 8 26 9 10 11 -13 23 15 -16 16 17 18 -20 -21 21 -23 -24 -25 -26 -27 -28 -29 -30 -31
leaf_value=-0.0011218527345489937 0.0014523549717651901 0.64933530653498783 0.28135277856937768 -0.14331613340197513 -0.19252353412546083 -0.011532917237156817 0.11217301055783993 0.19789035644769556 -0.05604561998660243 0.59108302405177249 0.55660034721074669 -0.086649492818695981 -0.028213965192259074 0.029295145534362989 0.55699500131287738 0.2963527853402747 0.22873739150407255 0.17849555984378498 -0.061147800619121749 -0.08155175793475572 0.23178705476224423 -0.041469523044469971 -0.2004990397877941 0.35013344988423828 -0.085073359477085247 0.25047548673192011 -0.030926204449657737 -0.074257595226523171 -0.027880376970770799 0.19015613916569205
leaf_weight=472311 18328 271 280 508 263 4420 1480 519 353 219 219 371 241 475 214 405 349 364 1885 1763 260 2512 727 217 511 661 454 2412 10148 1497
leaf_count=472311 18328 271 280 508 263 4420 1480 519 353 219 219 371 241 475 214 405 349 364 1885 1763 260 2512 727 217 511 661 454 2412 10148 1497
internal_value=5.7385e-05 0.0106997 0.0355794 0.0319379 0.0366586 0.0399496 0.0556726 0.217542 0.0402948 0.0765543 0.173928 0.130311 0.174075 0.0265262 0.180975 0.00532046 0.0517708 0.012653 -0.0217431 -0.0032294 0.0293604 -0.0150984 -0.110198 0.1196 0.0819846 0.176521 0.0918965 -0.00462609 0.00100022 0.0157902
internal_weight=524637 52326 19941 19661 19153 18890 14470 1244 13226 7211 2439 2220 1849 4772 567 4205 3003 2598 2249 6015 4252 2772 1202 1630 1413 902 973 32385 29973 19825
internal_count=524637 52326 19941 19661 19153 18890 14470 1244 13226 7211 2439 2220 1849 4772 567 4205 3003 2598 2249 6015 4252 2772 1202 1630 1413 902 973 32385 29973 19825
is_linear=0
shrinkage=0.04


Tree=177
num_leaves=31
num_cat=0
split_feature=3 2 14 10 6 11 8 8 7 8 0 10 8 15 2 4 4 17 2 12 3 10 0 10 17 6 18 11 3 7
split_gain=4062.52 10661.6 8138.52 14051.4 10008.8 12567 12892.8 14829 13218.4 23549.8 12924.9 15028.8 12332.7 11684.9 11809.2 10960.3 9026.63 20129.6 19225 11525.4 15933.7 12617.2 13271.3 8954.61 8304.15 13001.2 12275.1 7970.78 7935.65 7716.6
threshold=135.4094161987305 5.2269523143768319 47.140737533569343 1.0000000180025095e-35 41.198997497558601 -0.99818569421768177 16.125000000000004 16.625000000000004 28.54398345947266 19.125000000000004 98.417060852050795 -0.50648479163646687 17.375000000000004 0.68750000000000011 19.466477394104007 27.66981410980225 9.6106991767883319 16.206768035888675 68.288406372070327 25.475729942321781 16.483669281005863 -0.50648479163646687 79.397483825683608 0.10516610741615297 -31.663914680480953 54.844379425048835 36.614891052246101 -0.96234029531478871 42.657279968261726 21.954888343811039
decision_type=2 2 2 2 2 2 2 2 2 2 2 2 2 2 2 2 2 2 2 2 2 2 2 2 2 2 2 2 2 2
left_child=2 -2 4 16 29 12 28 15 9 -9 13 -12 -6 24 -15 -8 17 -4 -18 -20 -21 -22 -23 -5 -10 26 -26 -3 -7 -1
right_child=1 27 3 23 5 6 7 8 10 -11 11 -13 -14 14 -16 -17 18 -19 19 20 21 22 -24 -25 25 -27 -28 -29 -30 -31
leaf_value=0.00080826606832803505 -0.1190562125959912 0.33275304470939199 0.13562726777272693 -0.40401464470889836 0.042143180348851665 -0.014670196477189121 0.079801289790017271 0.48738123304999192 -0.14342784854318391 -0.015749924661408007 -0.066137193143367773 0.35652361579567721 0.47232590703659405 0.11136781033579 -0.22771128447647809 0.41507207222732923 -0.15467875658074109 -0.18362094552026575 0.2554562983058748 0.25967995595044763 -0.31643980759984974 -0.14690945463264407 0.21029848892163563 -0.084399073111199888 0.25844923019728949 0.29033298988394274 -0.068377727016575907 0.066383031421508948 -0.31975164991091282 -0.024733454843258191
leaf_weight=492959 323 251 1178 260 212 322 340 251 373 345 232 302 209 205 725 288 1746 421 305 252 273 388 276 306 223 311 862 600 228 19671
leaf_count=492959 323 251 1178 260 212 322 340 251 373 345 232 302 209 205 725 288 1746 421 305 252 273 388 276 306 223 311 862 600 228 19671
internal_value=5.78191e-05 0.074068 -0.000109579 -0.0488934 0.000400325 0.0543812 0.0364619 0.0590779 0.029247 0.200685 -0.00287889 0.175055 0.261706 -0.0385996 -0.152578 0.237652 -0.0266041 0.0509537 -0.0649194 0.0403111 -0.0165479 -0.0927952 0.00248576 -0.235684 0.0218422 0.0667071 0.00054182 0.1479 -0.144592 -0.000172302
internal_weight=524637 1174 523463 5405 518058 5428 5007 4457 3829 596 3233 534 421 2699 930 628 4839 1599 3240 1494 1189 937 664 566 1769 1396 1085 851 550 512630
internal_count=524637 1174 523463 5405 518058 5428 5007 4457 3829 596 3233 534 421 2699 930 628 4839 1599 3240 1494 1189 937 664 566 1769 1396 1085 851 550 512630
is_linear=0
shrinkage=0.04


Tree=178
num_leaves=31
num_cat=0
split_feature=8 11 1 9 4 7 9 14 9 10 11 4 12 9 10 12 8 3 7 18 16 17 3 4 3 10 10 16 8 10
split_gain=4163.09 5239.2 7740.77 8874.76 8562.67 4776.23 4915.96 5077.42 4382.23 11473.5 23079 18645.2 20453 20407.6 83547.2 66571.3 12534.7 12412.4 11743.1 11438.8 13539.8 11869.1 13263 11402 25822.5 20166.3 40320.6 25986.7 19171.3 19086.6
threshold=15.875000000000002 -0.91595870256423939 28.867023468017582 73.875000000000014 0.73637354373931896 15.430895805358888 73.875000000000014 23.536055564880375 75.875000000000014 -0.96463498473167408 -0.17858051508665082 20.585617065429691 2.7940315008163457 73.875000000000014 -0.9769422411918639 10.963186740875246 18.375000000000004 2.5324829816818242 1.2132672071456911 59.310050964355476 -19.269069671630856 28.76607704162598 0.11609683558344842 16.709949493408207 14.294381141662599 -0.50648479163646687 -0.44600489735603327 59.220882415771491 17.375000000000004 -0.83904919028282154
decision_type=2 2 2 2 2 2 2 2 2 2 2 2 2 2 2 2 2 2 2 2 2 2 2 2 2 2 2 2 2 2
left_child=1 2 4 -4 -1 -3 -7 -8 9 10 11 12 18 14 15 -14 -16 -15 -2 -11 21 22 -21 -22 28 29 -27 -28 -25 -26
right_child=8 5 3 -5 -6 6 7 -9 -10 19 -12 -13 13 17 16 -17 -18 -19 -20 20 23 -23 -24 24 25 26 27 -29 -30 -31
leaf_value=0.35347166439372119 0.13206745545131121 0.047651091904318037 -0.21486739134346999 0.13063803511070757 0.083718580734051001 -0.16494109783259678 -0.09528334533761007 0.13633512729114586 0.003182934904637317 -0.01103359858410149 0.0010446135264832895 -0.091930486001153333 1.1362309089990763 0.031283754437117763 0.18820190302054701 0.17877504551619816 -0.1706674094890703 0.20679734167351477 -0.028614697315244245 0.25725924653064014 0.021059591600403011 -0.15352399475397216 -0.015817133685779659 0.017148074470614991 0.19874786394840807 0.64554849682556037 0.1431833782594619 -0.30727690404887292 0.45369812004837023 -0.22722199361137793
leaf_weight=283 1076 1836 206 255 552 411 312 276 276777 182376 41418 933 250 1617 281 218 325 1067 2198 301 4369 908 3340 231 227 207 1037 245 527 578
leaf_count=283 1076 1836 206 255 552 411 312 276 276777 182376 41418 933 250 1617 281 218 325 1067 2198 301 4369 908 3340 231 227 207 1037 245 527 578
internal_value=5.66384e-05 0.0400046 0.106298 -0.0250367 0.178245 0.0094321 -0.0605843 0.0138973 -0.000261171 -0.00417225 0.0130428 0.0753538 0.097648 0.161198 0.30791 0.703307 -0.00390719 0.101566 0.0244348 -0.00854701 0.0293165 -0.0249868 0.00740077 0.0625927 0.121785 0.0543134 0.141188 0.055385 0.322615 -0.106139
internal_weight=524637 4131 1296 461 835 2835 999 588 520506 243729 49383 7965 7032 3758 1074 468 606 2684 3274 194346 11970 4549 3641 7421 3052 2294 1489 1282 758 805
internal_count=524637 4131 1296 461 835 2835 999 588 520506 243729 49383 7965 7032 3758 1074 468 606 2684 3274 194346 11970 4549 3641 7421 3052 2294 1489 1282 758 805
is_linear=0
shrinkage=0.04


Tree=179
num_leaves=31
num_cat=0
split_feature=10 10 11 7 12 13 14 10 13 14 4 8 17 9 14 14 18 9 7 14 11 9 11 10 10 11 10 14 10 10
split_gain=3927.14 4444.11 28177 30777.4 19835.6 18996.7 17821.5 25707.9 33981.2 29524 24509 13300 36749 62291.4 49859.8 16815.1 13245.2 12078.7 10959 17237.1 65918 41178.2 22488.4 16013.9 12981.1 10812.3 29279.5 27096 23307.1 40583.8
threshold=-0.99993467330932606 -0.96235975623130787 -0.21231865882873532 6.9006783962249765 1.0000000180025095e-35 0.47980092465877539 0.47127649188041693 -0.97312742471694935 2.5163313150405888 8.281102657318117 0.62050890922546398 19.375000000000004 -11.77351665496826 75.125000000000014 15.50507164001465 15.82595729827881 0.66359600424766552 77.125000000000014 21.23089694976807 11.516309261322023 -0.17858051508665082 74.125000000000014 -0.024725049734115597 -0.99630266427993763 -0.99372696876525868 -0.48501108586788172 -0.80987083911895741 1.7265670299530032 -0.7785360813140868 -0.74512827396392811
decision_type=2 2 2 2 2 2 2 2 2 2 2 2 2 2 2 2 2 2 2 2 2 2 2 2 2 2 2 2 2 2
left_child=-1 2 3 4 -2 17 16 8 -8 10 -10 12 13 -4 -15 -13 -6 -5 19 22 21 -21 -14 -24 -22 26 27 -3 -28 -30
right_child=1 25 11 5 6 -7 7 -9 9 -11 -12 15 18 14 -16 -17 -18 -19 -20 20 24 -23 23 -25 -26 -27 28 -29 29 -31
leaf_value=-0.042547797407972807 0.0104251228391317 -0.037174457139039933 0.0097472589139106849 -0.00019615880281165029 0.20551559810980669 -0.049233595327569553 0.016361561429881231 0.062004863047119864 0.69392885770832191 0.003296878207474947 0.23911318420230504 -0.010278314067174147 -0.037254365922438429 0.084073604995196088 0.87425754548240242 -0.13673106345101629 0.5731503787129747 0.36888466275640225 -0.11606999461380042 0.85915660090832846 0.11817795580738043 0.19721379338635917 0.076133276345978065 0.0047176115572767352 -0.030397816258470788 -0.013238781261859347 -0.060554484696024154 0.06659180225235771 0.078664313499006544 -0.0022274005701398273
leaf_weight=3429 2533 5109 888 266 509 4257 632 3946 457 246 345 46378 13893 217 309 1736 231 294 1085 243 1480 391 7287 16131 2545 96774 10287 18894 10287 273558
leaf_count=3429 2533 5109 888 266 509 4257 632 3946 457 246 345 46378 13893 217 309 1736 231 294 1085 243 1480 391 7287 16131 2545 96774 10287 18894 10287 273558
internal_value=5.65723e-05 0.000337675 0.00763452 0.0611175 0.105162 -0.020301 0.142782 0.118096 0.248697 0.387329 0.503633 -0.000294639 0.0154734 0.215397 0.55592 -0.0148683 0.326389 0.196644 0.00885906 0.0121156 0.0845723 0.460325 0.00304772 0.0269631 0.0243913 -0.0015319 0.00202954 0.044499 -0.00143763 0.000706913
internal_weight=524637 521208 106299 13716 8899 4817 6366 5626 1680 1048 802 92583 44469 1414 526 48114 740 560 43055 41970 4659 634 37311 23418 4025 414909 318135 24003 294132 283845
internal_count=524637 521208 106299 13716 8899 4817 6366 5626 1680 1048 802 92583 44469 1414 526 48114 740 560 43055 41970 4659 634 37311 23418 4025 414909 318135 24003 294132 283845
is_linear=0
shrinkage=0.04


Tree=180
num_leaves=31
num_cat=0
split_feature=7 8 11 10 14 4 3 10 10 13 4 13 1 16 16 11 11 14 4 11 10 4 10 17 4 8 11 10 3 13
split_gain=3918.77 18289.6 15275 26554.6 48372.9 83842.8 43348.3 23085.9 20220.9 73079.8 38695.1 18376.8 18126.9 14996.4 14597.7 20341.1 29901.1 39112.5 44292.3 21871.7 23594.3 31511.2 51566.8 68083.6 51213 68691.4 34946 25257.9 24520.8 23670.1
threshold=14.583229064941408 20.625000000000004 -0.36046156287193293 -0.89015004038810719 13.669013977050783 22.328450202941898 23.811709403991703 -0.85671821236610401 -0.82956761121749867 8.9699983596801776 27.013145446777347 18.178462982177738 1.654827415943146 -39.439031600952141 -22.774954795837399 -0.99552518129348744 -0.99273797869682301 11.702699661254885 22.328450202941898 -0.99168640375137318 -0.59262362122535694 69.564117431640639 -0.47652685642242426 -7.7152950763702384 2.5195510387420659 19.375000000000004 -0.92602273821830738 -0.33526359498500818 72.502044677734389 11.656563758850099
decision_type=2 2 2 2 2 2 2 2 2 2 2 2 2 2 2 2 2 2 2 2 2 2 2 2 2 2 2 2 2 2
left_child=-1 2 3 4 -2 13 -7 -5 9 -9 11 -11 -4 -6 -10 -16 17 -17 -19 -18 -21 22 23 24 -22 -26 -24 -23 29 -28
right_child=1 -3 12 7 5 6 -8 8 14 10 -12 -13 -14 -15 15 16 19 18 -20 20 21 27 26 -25 25 -27 28 -29 -30 -31
leaf_value=0.0013491810374158537 -0.1504750010459836 -0.05814974819591183 0.036828965079563389 -0.13787142413954187 0.39459876904510849 1.1191527182001759 0.31084019428491594 -0.19773640905297363 -0.051760353099518527 0.92902916512147204 -0.0028260502872012911 0.37733341766428624 -0.084055832093501592 0.050836457105329899 -0.071424568935654367 0.6320237787196793 -0.29282885625698296 -0.10564203848717885 0.57402943752846625 -0.031424675934012533 -0.09634296756594575 -0.19697952208284666 0.065893831517333717 0.072946797447580466 0.28904067328979699 0.94136675492679478 -0.21812880851270788 0.11429578491300343 -0.3460758303892949 0.03547332784281234
leaf_weight=460361 755 10251 2869 1808 224 206 230 470 6464 213 200 211 6395 1570 3909 279 348 547 202 8910 251 1370 8848 2759 716 407 831 590 486 1957
leaf_count=460361 755 10251 2869 1808 224 206 230 470 6464 213 200 211 6395 1570 3909 279 348 547 202 8910 251 1370 8848 2759 716 407 831 590 486 1957
internal_value=5.73633e-05 -0.00919373 0.000104492 0.00978297 0.124836 0.218302 0.709279 0.00153425 0.00787334 0.176682 0.457367 0.669503 -0.0466193 0.0957083 0.00307847 0.0140284 0.0257694 0.236519 0.0828085 0.0178003 0.021892 0.0479751 0.0662528 0.188085 0.417087 0.53168 0.0245931 -0.103175 -0.086883 -0.0406256
internal_weight=524637 64276 54025 44761 2985 2230 436 41776 39968 1094 624 424 9264 1794 38874 32410 28501 1028 749 27473 27125 18215 16255 4133 1374 1123 12122 1960 3274 2788
internal_count=524637 64276 54025 44761 2985 2230 436 41776 39968 1094 624 424 9264 1794 38874 32410 28501 1028 749 27473 27125 18215 16255 4133 1374 1123 12122 1960 3274 2788
is_linear=0
shrinkage=0.04


Tree=181
num_leaves=31
num_cat=0
split_feature=10 9 9 10 10 3 10 7 6 10 3 3 17 11 11 10 4 2 18 10 17 14 3 8 12 12 11 14 11 11
split_gain=3911.14 4998.61 4425.44 13116 36411.5 31662.8 25560.4 22167.1 30444.3 18923.2 29659 17530.1 14786.2 11135.8 12440.2 34491.6 38367.6 16563.6 18859.5 69345.6 17646.1 20988.3 16408.7 18333.5 16051.2 14931.2 35088.8 18557.4 16529.6 31604.7
threshold=0.48030318319797521 73.625000000000014 73.375000000000014 -0.52124115824699391 -0.44600489735603327 15.624988079071047 -0.3992436677217483 34.51555252075196 28.196482658386234 -0.49157854914665217 59.892675399780281 10.005426406860353 11.855124950408937 -0.99983122944831837 -0.99273797869682301 0.088045001029968276 0.39090508222579962 51.97288894653321 28.72669887542725 -0.30265928804874415 -0.016189525835216042 16.809081077575687 15.071715354919435 18.375000000000004 62.632106781005866 18.347952842712406 -0.98049351572990406 16.144333839416507 -0.94426098465919484 -0.96904978156089772
decision_type=2 2 2 2 2 2 2 2 2 2 2 2 2 2 2 2 2 2 2 2 2 2 2 2 2 2 2 2 2 2
left_child=2 -2 3 7 5 -5 -6 8 -1 -7 -11 -10 -13 -8 15 16 -15 18 19 -16 21 -21 -19 -24 -18 27 -27 -20 29 -28
right_child=1 -3 -4 4 6 9 13 -9 11 10 -12 12 -14 14 17 -17 24 22 25 20 -22 -23 23 -25 -26 26 28 -29 -30 -31
leaf_value=-0.0037340599970094174 -0.14458621443468228 -0.020116303715313488 -0.0004598251776018452 0.67708457714881809 -0.23164037747854171 0.41740031701870295 -0.1680883904498493 -0.1148971991687302 0.44100646193365789 0.27465392297416025 -0.36064088444383641 0.2136708214651582 -0.18582824094558045 0.42573767919373773 0.70121910942710841 0.47593037075603128 -0.081149922924463297 0.35110247259129446 -0.029522179191962618 0.20761563028888147 -0.064113780963836367 -0.13806071212515236 -0.18707448517649161 0.2014597844616216 0.27911332015827489 0.29064236359603435 -0.28545255516175705 -0.46942365977140404 -0.33405223236660719 0.18782539818933125
leaf_weight=13434 560 5536 489960 236 567 253 378 2557 360 254 202 501 200 362 237 378 1305 441 295 1054 2149 374 312 481 223 405 411 313 422 477
leaf_count=13434 560 5536 489960 236 567 253 378 2557 360 254 202 501 200 362 237 378 1305 441 295 1054 2149 374 312 481 223 405 411 313 422 477
internal_value=5.80447e-05 -0.0317686 0.000432806 0.0157299 0.0486645 0.285227 0.0272936 -0.00655302 0.0126255 0.147189 -0.00847045 0.217866 0.0986805 0.0421666 0.0505776 0.13229 0.0614188 0.0252901 -0.00168529 0.0529987 0.00821468 0.116751 0.158381 0.0481678 -0.0270993 -0.0913102 -0.030376 -0.259916 -0.131072 -0.031965
internal_weight=524637 6096 518541 28581 11529 945 10584 17052 14495 709 456 1061 701 10017 9639 2268 1890 7371 6137 3814 3577 1428 1234 793 1528 2323 1715 608 1310 888
internal_count=524637 6096 518541 28581 11529 945 10584 17052 14495 709 456 1061 701 10017 9639 2268 1890 7371 6137 3814 3577 1428 1234 793 1528 2323 1715 608 1310 888
is_linear=0
shrinkage=0.04


Tree=182
num_leaves=31
num_cat=0
split_feature=15 4 3 8 10 10 10 18 12 1 4 5 0 8 2 8 9 12 12 9 14 11 7 10 4 3 14 2 10 2
split_gain=3929.97 12036.2 13982.3 12507.4 15271.7 29909.7 23943.6 11939.2 13422.3 10847 13983.1 9744.41 9724.25 13503.6 14706.8 15645.8 9550.84 9485.63 9444.22 15297.4 9359.26 9154.99 14658.8 9964.9 20216.1 8591.54 8262.47 8216.11 8212.94 13729.7
threshold=0.81250000000000011 74.693923950195327 36.402317047119148 18.875000000000004 0.1393099054694176 0.20706263184547427 0.29033823311328893 159.50801849365237 104.49818801879884 63.742164611816413 6.6635062694549569 94.673366546630874 57.113914489746101 16.375000000000004 22.325851440429691 18.375000000000004 79.375000000000014 44.750728607177741 57.630865097045906 73.375000000000014 29.454915046691898 -0.99465739727020253 25.803184509277347 -0.21966676414012906 10.273723125457765 5.9416334629058847 29.454915046691898 8.9790892601013201 -0.46133413910865778 2.8620361089706425
decision_type=2 2 2 2 2 2 2 2 2 2 2 2 2 2 2 2 2 2 2 2 2 2 2 2 2 2 2 2 2 2
left_child=12 3 -3 4 7 -6 -7 8 11 10 17 21 -1 -14 -15 26 18 20 25 -20 -5 22 -2 -23 -25 27 -16 -12 -18 -30
right_child=1 2 -4 9 5 6 -8 -9 -10 -11 16 -13 13 14 15 -17 28 -19 19 -21 -22 23 -24 24 -26 -27 -28 -29 29 -31
leaf_value=0.00038555895343479529 0.10129344187915708 -0.009524049679843747 -0.34031209464180168 -0.022240029059647868 -0.48735571881363676 0.2949057526337473 -0.20057276266726895 0.27640314075435912 -0.22145231159863535 -0.13551562782525423 -0.051634992734685928 0.25841221117743396 -0.15865241275932976 0.027352388222060892 0.53310478457226984 -0.0078592314848021892 0.038444992168543954 -0.094733445309619024 0.31088062680525586 -0.043921173989507303 0.24822286334164717 0.037741104334529867 -0.27222837886342821 -0.04230808272254314 0.4828369184058221 -0.15377861310214766 0.22457246468974476 0.21003444563003557 0.50346511526902515 0.091823085743299393
leaf_weight=500162 302 431 380 3911 251 275 335 340 298 1496 622 327 324 1289 236 286 664 3975 336 439 206 4968 358 223 234 765 384 266 200 354
leaf_count=500162 302 431 380 3911 251 275 335 340 298 1496 622 327 324 1289 236 286 664 3975 336 439 206 4968 358 223 234 765 384 266 200 354
internal_value=5.7496e-05 -0.0165037 -0.166774 -0.0106641 0.0291027 -0.128989 0.0239525 0.0485654 0.0366266 -0.0344398 -0.0214534 0.0489471 0.000781167 0.0790193 0.114662 0.237226 0.0435079 -0.0507405 -0.00246027 0.111903 -0.00813836 0.0372852 -0.102353 0.0544305 0.231166 -0.0564295 0.348612 0.028214 0.134416 0.246722
internal_weight=524637 21956 811 21145 7911 861 610 7050 6710 13234 11738 6412 502681 2519 2195 906 3646 8092 2428 775 4117 6085 660 5425 457 1653 620 888 1218 554
internal_count=524637 21956 811 21145 7911 861 610 7050 6710 13234 11738 6412 502681 2519 2195 906 3646 8092 2428 775 4117 6085 660 5425 457 1653 620 888 1218 554
is_linear=0
shrinkage=0.04


Tree=183
num_leaves=31
num_cat=0
split_feature=9 4 10 14 11 13 10 8 1 11 11 10 10 2 13 12 10 10 3 14 10 7 14 15 10 10 1 3 12 10
split_gain=3897.96 12137.3 10903.2 9411 7760.19 28342.3 48042.1 11045.4 12891.2 9453.83 11525.2 13573.6 13087.1 35271.8 57541.4 15418.7 21872.3 53509.4 18253.2 31338.3 31858.1 16377.1 13480.5 12880.4 10727.2 47502.6 10302.1 9351.66 8343.91 8329.6
threshold=79.375000000000014 3.550727486610413 0.1563224866986275 47.140737533569343 -0.22909598052501676 0.58001363277435314 -0.94423642754554737 20.875000000000004 1.0000000180025095e-35 -0.9970029592514037 -0.99552518129348744 -0.15207348018884656 -0.31900864839553827 4.2195925712585458 9.9650487899780291 5.0843019485473642 -0.8978554606437682 -0.9193688929080962 6.2563734054565439 16.809081077575687 -0.49157854914665217 6.9006783962249765 25.168112754821781 0.31250000000000006 -0.55028682947158802 -0.60639065504074086 0.59783488512039196 36.402317047119148 0.020321557298302654 -0.60639065504074086
decision_type=2 2 2 2 2 2 2 2 2 2 2 2 2 2 2 2 2 2 2 2 2 2 2 2 2 2 2 2 2 2
left_child=-1 -2 3 4 5 6 -3 8 -7 -10 -11 12 15 14 -14 16 17 -12 19 -17 -21 -18 26 -15 25 -20 -23 29 -8 -9
right_child=1 2 -4 -5 -6 7 28 27 9 10 11 -13 13 23 -16 18 21 -19 24 20 -22 22 -24 -25 -26 -27 -28 -29 -30 -31
leaf_value=-0.001221433216570244 -0.0041903596873113609 0.62581195697302749 0.25493350094507283 -0.23300163165965213 -0.011683801082587195 -0.047124206317868955 0.18341999346496643 -0.065274463471110947 -0.084374451635547784 0.35680237826366618 0.079346343192864557 -0.1447470943827108 0.017389853494111884 0.17138662120812417 0.95597500696360516 -0.0066200758705597228 0.32407378853344526 0.85675976499635287 -0.086494375596417122 0.13367684660730925 0.72293295394340062 0.24435651907344061 0.2795798877788207 -0.1903980570423246 -0.16841332298659933 0.51636890830547832 -0.040098653572223038 -0.19365465386938657 -0.026163296266071563 0.050315302890228127
leaf_weight=461295 39618 332 336 208 5241 1904 656 1924 618 219 430 443 205 374 204 1381 356 203 1385 464 209 222 299 257 888 236 1661 464 555 2050
leaf_count=461295 39618 332 336 208 5241 1904 656 1924 618 219 430 443 205 374 204 1381 356 203 1385 464 209 222 299 257 888 236 1661 464 555 2050
internal_value=5.62619e-05 0.00935994 0.0319806 0.0286699 0.0311175 0.0436217 0.206956 0.0281338 0.0481238 0.0661905 0.0761305 0.0690822 0.0800309 0.212661 0.497178 0.0619445 0.129547 0.338106 0.0147843 0.102944 0.324576 0.0764078 0.0347062 0.0233638 -0.0575101 0.0039038 -0.00544857 -0.0257157 0.0879406 -0.0056705
internal_weight=524637 63342 23724 23388 23180 17939 1543 16396 11958 10054 9436 9217 8774 1040 409 7734 3171 633 4563 2054 673 2538 2182 631 2509 1621 1883 4438 1211 3974
internal_count=524637 63342 23724 23388 23180 17939 1543 16396 11958 10054 9436 9217 8774 1040 409 7734 3171 633 4563 2054 673 2538 2182 631 2509 1621 1883 4438 1211 3974
is_linear=0
shrinkage=0.04


Tree=184
num_leaves=31
num_cat=0
split_feature=8 11 1 9 4 7 9 12 13 10 8 5 13 10 8 10 14 4 7 10 3 10 16 1 8 3 10 4 5 4
split_gain=3837.08 4872.52 7076.76 8177.82 7939.41 4378.9 4537.63 4799.49 4238.84 14325.8 18396.8 11782.3 20044.2 12988.5 18759.3 10102.5 30118.9 30364.3 12051.8 14310.5 14198.7 12088.8 10634.8 9794.06 9774.45 14769.7 9993.53 10688.7 8563.26 14168.7
threshold=15.875000000000002 -0.91595870256423939 28.867023468017582 73.875000000000014 0.73637354373931896 15.430895805358888 73.875000000000014 22.413486480712894 48.609493255615241 0.1393099054694176 18.625000000000004 94.673366546630874 75.981067657470717 -0.36747109889984125 18.625000000000004 -0.21966676414012906 52.626115798950202 12.117054462432863 48.610565185546882 -0.31900864839553827 39.961452484130866 -0.3992436677217483 -15.411122322082518 73.33267974853517 16.875000000000004 8.7638773918151873 -0.55028682947158802 7.7259042263031015 52.613756179809577 25.878107070922855
decision_type=2 2 2 2 2 2 2 2 2 2 2 2 2 2 2 2 2 2 2 2 2 2 2 2 2 2 2 2 2 2
left_child=1 2 4 -4 -1 -3 -7 -8 28 11 -11 15 -13 14 -14 18 17 22 20 23 24 -22 -17 -20 -10 -26 27 -27 -2 -30
right_child=8 5 3 -5 -6 6 7 -9 9 10 -12 12 13 -15 -16 16 -18 -19 19 -21 21 -23 -24 -25 25 26 -28 -29 29 -31
leaf_value=0.33985523986537963 -0.00014480155298420848 0.045521849161246276 -0.20548628379349357 0.12617077422591874 0.080122215202694691 -0.15837466745789996 -0.069314755793613722 0.16628306651059452 0.12405702234327215 -0.3707653413263064 0.057588231921918802 0.29041995678154769 0.35115898505202497 -0.20001448546950731 -0.12898433241449045 -0.193123109439824 -0.25238907594337234 0.47420123421483568 -0.20126468650229523 -0.42991020769325661 0.020043705267333751 0.39577260810617021 0.13587501242061692 0.059766974640990969 -0.0041231557086960332 0.097738451431134007 -0.28364255406538758 -0.23207449104551409 0.015554381321520016 0.22838730243752417
leaf_weight=283 509432 1836 206 255 552 411 385 203 402 404 258 506 246 372 257 242 350 341 563 258 394 201 408 378 1655 316 714 295 1835 679
leaf_count=283 509432 1836 206 255 552 411 385 203 402 404 258 506 246 372 257 242 350 341 563 258 394 201 408 378 1655 316 714 295 1835 679
internal_value=5.74192e-05 0.0384093 0.10234 -0.0232479 0.171132 0.00892674 -0.0581137 0.0134431 -0.000247693 -0.0281467 -0.205451 -0.0130442 0.0926737 -0.0236697 0.108105 -0.0355543 0.061964 0.174399 -0.0608901 -0.171506 -0.0271947 0.151414 0.0123163 -0.0968823 -0.0589713 -0.0839941 -0.182979 -0.0626731 0.000219333 0.073715
internal_weight=524637 4131 1296 461 835 2835 999 588 520506 8560 662 7898 1381 875 503 6517 1341 991 5176 1199 3977 595 650 941 3382 2980 1325 611 511946 2514
internal_count=524637 4131 1296 461 835 2835 999 588 520506 8560 662 7898 1381 875 503 6517 1341 991 5176 1199 3977 595 650 941 3382 2980 1325 611 511946 2514
is_linear=0
shrinkage=0.04


Tree=185
num_leaves=31
num_cat=0
split_feature=3 2 10 12 14 11 10 3 3 6 11 12 4 10 6 2 10 3 11 11 7 10 0 11 12 8 17 10 8 10
split_gain=3793.16 9824.74 7496.68 13918.3 7274.12 17337 14684 16810.3 14152.6 13480.1 12052 9792.6 13594.3 9460.4 7394.81 12993.3 9072.32 18015.5 12815.3 18883.5 18840.1 12920.6 28186.7 11392.7 8658.17 6749.41 5948.53 17215.1 12818.4 13828.2
threshold=135.4094161987305 5.2269523143768319 -0.53584328293800343 26.143561363220218 52.626115798950202 -0.98801845312118519 -0.2696967720985412 32.619159698486335 38.74134826660157 74.795677185058608 -0.99818569421768177 57.630865097045906 9.1313066482543963 -0.43054369091987604 49.102416992187507 25.215184211730961 -0.87395131587982167 24.82936000823975 -0.98372924327850331 -0.96904978156089772 48.610565185546882 -0.41495507955551142 41.631088256835945 -0.99818569421768177 19.545390129089359 17.375000000000004 24.438091278076175 0.1393099054694176 19.625000000000004 -0.11798679083585738
decision_type=2 2 2 2 2 2 2 2 2 2 2 2 2 2 2 2 2 2 2 2 2 2 2 2 2 2 2 2 2 2
left_child=4 -2 -3 -4 14 10 7 9 -8 -7 -6 12 -9 -13 26 -16 17 -17 20 -20 23 24 -23 -18 -21 -26 -1 28 29 -28
right_child=1 2 3 -5 5 6 8 11 -10 -11 -12 13 -14 -15 15 16 18 -19 19 21 -22 22 -24 -25 25 -27 27 -29 -30 -31
leaf_value=0.00025704018451655681 -0.11382800370723278 -0.00016852783432437315 0.45432527746302059 0.035210083265076665 -0.0011385239476249332 -0.0033242228709765382 -0.043209105141853027 0.18182195855362604 0.39763067465775259 0.35135878735887155 -0.38245423484120877 -0.074055263935666693 -0.14121520972293561 -0.38198688492692756 -0.086632434487570048 0.51608915425736812 0.26921398087361148 -0.0026158842530653432 -0.31296653915492317 0.13804487188988263 0.48472363321921408 -0.13622669967493617 0.39183811595659002 -0.1248170521784167 0.039887577988746988 -0.25022583430783074 0.010753778630840769 -0.28364686348671803 -0.093845673841251823 0.3286937116092149
leaf_weight=512497 323 350 239 262 200 730 218 279 236 214 384 287 741 367 777 213 204 206 242 260 245 256 411 251 204 325 1309 436 1718 253
leaf_count=512497 323 350 239 262 200 730 218 279 236 214 384 287 741 367 777 213 204 206 242 260 245 256 411 251 204 325 1309 436 1718 253
internal_value=5.53351e-05 0.0715699 0.142443 0.240126 -0.000106419 -0.0562536 -0.0179428 -0.0545149 0.189581 0.0799208 -0.254084 -0.13035 -0.0519476 -0.250005 0.00028956 0.0573875 0.0972778 0.266953 0.0666451 0.00693348 0.209351 0.0618758 0.190144 0.0538377 -0.0475815 -0.139684 -0.000109074 -0.0504673 -0.0187035 0.0640144
internal_weight=524637 1174 851 501 523463 3656 3072 2618 454 944 584 1674 1020 654 519807 3594 2817 419 2398 1698 700 1456 667 455 789 529 516213 3716 3280 1562
internal_count=524637 1174 851 501 523463 3656 3072 2618 454 944 584 1674 1020 654 519807 3594 2817 419 2398 1698 700 1456 667 455 789 529 516213 3716 3280 1562
is_linear=0
shrinkage=0.04


Tree=186
num_leaves=31
num_cat=0
split_feature=11 12 7 14 11 3 16 10 2 17 4 9 11 11 2 0 14 8 4 3 10 14 12 10 10 7 10 18 4 14
split_gain=3821.24 20702 25034.4 20488 19049 51902.7 60529.7 40742.9 41920.5 26140.5 25852 18629.2 18553.8 23840.6 15205.8 23185.9 16000.2 13856 14599.3 25812.6 23498.2 19263 29503.3 14579 19159.1 13887.9 12870.6 11463.5 11359.5 34982.4
threshold=-0.9852197766304015 68.763542175292983 48.610565185546882 61.235145568847663 -0.98049351572990406 2.7026025056838994 2.5918301343917851 -0.18598018586635587 2.9175800085067753 -3.6952384710311885 0.97059389948844921 73.875000000000014 -0.99864786863327015 -0.99375280737876881 10.941351890563967 1.4488610029220583 9.6631693840026873 19.125000000000004 36.87648010253907 31.773381233215336 0.05372969992458821 23.536055564880375 26.89951324462891 -0.11798679083585738 -0.032247759401798241 30.185176849365238 0.1732888147234917 41.246934890747077 0.22296158224344256 21.521177291870121
decision_type=2 2 2 2 2 2 2 2 2 2 2 2 2 2 2 2 2 2 2 2 2 2 2 2 2 2 2 2 2 2
left_child=1 3 12 17 5 9 14 8 -8 -2 -9 -11 -3 -14 15 -7 -17 18 19 -1 21 25 -23 -21 -25 -20 -16 28 29 -19
right_child=4 2 -4 -5 -6 6 7 10 -10 11 -12 -13 13 -15 26 16 -18 27 20 23 -22 22 -24 24 -26 -27 -28 -29 -30 -31
leaf_value=-0.028555199099026037 0.33502717412082983 0.35629865849326403 0.54945163187679946 -0.36849324329872618 0.00013540595689541581 0.019379743835159065 1.082559069499442 -0.01864926730181006 0.34361721533268053 -0.34819355635082022 0.41441932544079169 -0.026860192941305327 -0.35620534101801532 0.19292941032459379 0.042123199722548028 0.1164416479130049 0.49730477539462281 -0.018850613709258741 -0.036212033606518333 -0.46268116498704664 0.27772868456186783 0.48326863629698757 -0.15818385550033215 0.094300262730756257 -0.22560483571947335 -0.40098669439686668 -0.22373105689371753 -0.065576341517540257 0.033777116016036501 0.4112742478995548
leaf_weight=24532 296 222 212 246 445770 1145 207 430 317 296 441 5149 238 249 867 360 352 17073 657 254 610 240 205 407 1077 215 427 3321 18524 298
leaf_count=24532 296 222 212 246 445770 1145 207 430 317 296 441 5149 238 249 867 360 352 17073 657 254 610 240 205 407 1077 215 427 3321 18524 298
internal_value=5.40118e-05 -0.00874853 0.178592 -0.0113247 0.00137787 0.0551654 0.155979 0.37436 0.650334 -0.0247958 0.202835 -0.0449347 0.0616009 -0.0772036 0.0584191 0.13149 0.309013 -0.00996688 -0.0313481 -0.0391499 0.0746639 -0.0207745 0.190786 -0.187676 -0.137824 -0.129677 -0.0466476 0.00541064 0.0119948 -0.0112394
internal_weight=524637 68580 921 67659 456057 10287 4546 1395 524 5741 871 5445 709 487 3151 1857 712 67413 28197 26270 1927 1317 445 1738 1484 872 1294 39216 35895 17371
internal_count=524637 68580 921 67659 456057 10287 4546 1395 524 5741 871 5445 709 487 3151 1857 712 67413 28197 26270 1927 1317 445 1738 1484 872 1294 39216 35895 17371
is_linear=0
shrinkage=0.04


Tree=187
num_leaves=31
num_cat=0
split_feature=7 8 11 10 14 4 3 10 10 13 4 1 16 10 10 10 9 1 10 14 10 10 9 4 12 0 3 10 10 4
split_gain=3809.64 16509.3 14120.5 24136.7 44378.7 77153.5 39474.8 21365.2 18679.7 67389.5 36148.4 16686.2 13674.9 13122.3 14322.2 36118.6 116598 76443.2 30161.5 34159.8 19701.6 18283.2 17950.7 17581.7 19511.9 19392.3 27584.3 30875 26567.5 39330.6
threshold=14.583229064941408 20.625000000000004 -0.36046156287193293 -0.89015004038810719 13.669013977050783 22.328450202941898 23.811709403991703 -0.85671821236610401 -0.82956761121749867 8.9699983596801776 20.984331130981449 1.654827415943146 -39.439031600952141 -0.76762619614601124 -0.13505011796951291 -0.21966676414012906 77.875000000000014 23.236080169677738 -0.15207348018884656 29.454915046691898 -0.23641503602266309 -0.11798679083585738 73.375000000000014 69.564117431640639 23.586706161499027 15.377827644348146 12.681146144866945 -0.59262362122535694 -0.28622037172317499 2.5195510387420659
decision_type=2 2 2 2 2 2 2 2 2 2 2 2 2 2 2 2 2 2 2 2 2 2 2 2 2 2 2 2 2 2
left_child=-1 2 3 4 -2 12 -7 -5 9 -9 -11 -4 -6 -10 15 20 18 -18 19 -17 23 -16 -21 25 -25 -15 27 -27 29 -29
right_child=1 -3 11 7 5 6 -8 8 13 10 -12 -13 -14 14 21 16 17 -19 -20 22 -22 -23 -24 24 -26 26 -28 28 -30 -31
leaf_value=0.0013274681820258632 -0.14493149080619314 -0.055579960645386957 0.034907657949466771 -0.13290195096857904 0.37610624439138762 1.0704434341012881 0.29890786720067264 -0.18999016890053949 -0.090496277675206113 0.69519418146996315 0.079479341219230129 -0.081074612914128735 0.04784923059648917 -0.010877665825497767 -0.28793860738890042 -0.053787253726060545 1.1632508437519056 0.13747837566805107 -0.28935326547219009 0.095284964277630751 -0.22538169916672715 -0.021572961117309698 0.51536778082860724 -0.00026586284664017492 -0.20630608374851858 -0.036768735558715682 0.022407602438729156 -0.031420395772742186 -0.061539742940708665 0.39294706000126267
leaf_weight=460361 755 10251 2869 1808 224 206 230 470 2266 359 265 6395 1570 10416 422 881 266 206 368 305 551 9110 353 2099 1122 902 7232 450 393 1532
leaf_count=460361 755 10251 2869 1808 224 206 230 470 2266 359 265 6395 1570 10416 422 881 266 206 368 305 551 9110 353 2099 1122 902 7232 450 393 1532
internal_value=5.37659e-05 -0.0090676 -0.000233437 0.00907217 0.118762 0.208288 0.679268 0.00120802 0.00730637 0.169555 0.439091 -0.0451568 0.0906933 0.00269792 0.00848969 0.0233335 0.171848 0.727702 0.0311911 0.109212 0.00896363 -0.0336549 0.32499 0.0144024 -0.0724541 0.0278005 0.0661102 0.162196 0.237598 0.296923
internal_weight=524637 64276 54025 44761 2985 2230 436 41776 39968 1094 624 9264 1794 38874 36608 27076 2379 472 1907 1539 24697 9532 658 24146 3221 20925 10509 3277 2375 1982
internal_count=524637 64276 54025 44761 2985 2230 436 41776 39968 1094 624 9264 1794 38874 36608 27076 2379 472 1907 1539 24697 9532 658 24146 3221 20925 10509 3277 2375 1982
is_linear=0
shrinkage=0.04


Tree=188
num_leaves=31
num_cat=0
split_feature=15 4 3 10 8 10 10 10 11 10 12 12 10 18 4 4 1 7 12 0 8 2 8 16 14 11 14 1 10 16
split_gain=3690.66 10018.5 12891.7 14788.1 11392.7 13178.3 27087.4 22150 10855.4 19922 17784.3 15222 14963.4 13966.6 10124.1 10043.4 9163.3 20048.9 8757.62 8624.48 12602.9 13537.4 12884.9 7990.66 7918.09 7720.42 19281.5 13022.3 12027.2 8870.54
threshold=0.81250000000000011 69.564117431640639 44.160251617431648 -0.50648479163646687 18.875000000000004 0.1393099054694176 0.20706263184547427 0.29033823311328893 -0.99375280737876881 -0.21966676414012906 68.763542175292983 57.630865097045906 -0.25309335440397257 159.50801849365237 8.5531435012817401 24.767127037048343 17.387057304382328 28.54398345947266 104.49818801879884 57.113914489746101 16.125000000000004 22.325851440429691 18.375000000000004 -17.79176044464111 32.567819595336921 -0.45464412868022913 19.334137916564945 57.163423538208015 -0.57868120074272145 -32.359992980957024
decision_type=2 2 2 2 2 2 2 2 2 2 2 2 2 2 2 2 2 2 2 2 2 2 2 2 2 2 2 2 2 2
left_child=19 4 3 -3 5 8 -7 -8 10 12 14 -11 13 18 -2 16 17 -6 25 -1 -21 -22 24 -17 -23 27 -27 -10 -29 -30
right_child=1 2 -4 -5 15 6 7 -9 9 11 -12 -13 -14 -15 -16 23 -18 -19 -20 20 21 22 -24 -25 -26 26 -28 28 29 -31
leaf_value=0.00038263542342987069 -0.055335767846116247 -0.18098571833191079 -0.31929152650182202 0.23605660207335724 -0.028729099963108781 -0.45991351278120535 0.28717884073863947 -0.18939258801937103 0.03955656661090768 0.08238539115190506 0.17927315314805933 0.53604915363868044 -0.23678400697089913 0.36320440247824243 -0.3856259919595027 -0.1634802489400442 -0.083957655977560344 0.30357148361352626 -0.19815556525921507 -0.20793446979997476 0.019663957201978766 0.45424388794359444 -0.0091278141247213979 0.1034039434247573 0.17380248600617051 0.095846730615204948 -0.19177214377866136 0.46689321369451026 -0.071801186159253114 0.22277012415983705
leaf_weight=500162 330 339 381 213 6108 251 275 335 2406 240 270 232 279 221 266 200 5329 295 217 221 1337 317 286 1255 358 933 607 220 230 524
leaf_count=500162 330 339 381 213 6108 251 275 335 2406 240 270 232 279 221 266 200 5329 295 217 221 1337 317 286 1255 358 933 607 220 230 524
internal_value=5.39107e-05 -0.0159951 -0.143549 -0.0187249 -0.0102688 0.0279081 -0.118866 0.0266218 0.0461703 0.0649697 -0.085674 0.311868 0.0437807 0.058804 -0.206678 -0.0329583 -0.0452585 -0.0129698 0.0450281 0.000755202 0.0744364 0.102375 0.216061 0.0658533 0.310215 0.0561341 -0.0180258 0.0898764 0.212513 0.13315
internal_weight=524637 21956 933 552 21023 7836 861 610 6975 6109 866 472 5637 5358 596 13187 11732 6403 5137 502681 2519 2298 961 1455 675 4920 1540 3380 974 754
internal_count=524637 21956 933 552 21023 7836 861 610 6975 6109 866 472 5637 5358 596 13187 11732 6403 5137 502681 2519 2298 961 1455 675 4920 1540 3380 974 754
is_linear=0
shrinkage=0.04


Tree=189
num_leaves=31
num_cat=0
split_feature=8 9 16 10 8 10 0 14 4 16 13 18 8 10 6 4 14 10 10 17 12 10 10 7 13 13 8 8 14 9
split_gain=3674.84 10572.5 9548.26 9263.78 11175.7 16666.1 16637 16824.5 16258.5 10545.9 8738.69 13275 8368.58 7598.08 7302.48 7137.84 9770.29 7107.82 17223.1 30085.4 9932.73 8799.44 25188.8 15364.7 12745.2 20301.8 17207.1 8450.7 9614.74 8267.38
threshold=16.875000000000004 74.125000000000014 69.987049102783217 -0.60639065504074086 16.375000000000004 -0.16905184835195539 41.631088256835945 39.52887153625489 65.19748687744142 -34.359346389770501 42.149236679077156 57.257453918457038 15.875000000000002 -0.99940761923789967 25.172614097595218 31.900877952575687 15.50507164001465 -0.99940761923789967 -0.99904707074165333 -5.9607648849487296 22.413486480712894 -0.99866804480552662 -0.99815973639488209 2.8225067853927617 2.5646330118179326 0.035163216292858131 19.125000000000004 19.625000000000004 2.0109181404113774 74.625000000000014
decision_type=2 2 2 2 2 2 2 2 2 2 2 2 2 2 2 2 2 2 2 2 2 2 2 2 2 2 2 2 2 2
left_child=1 2 3 13 8 6 15 -8 9 -5 11 14 -11 -1 -7 16 -6 20 19 -19 -2 -20 23 -23 25 -25 -27 28 29 -21
right_child=17 -3 -4 4 5 10 7 -9 -10 12 -12 -13 -14 -15 -16 -17 -18 18 21 27 -22 22 -24 24 -26 26 -28 -29 -30 -31
leaf_value=0.15939756459427623 -0.034789104991820377 -0.020280228917358496 -0.21271336126045917 -0.15291453711808045 0.0073753907183004962 0.072037013516392565 0.66607106184174802 0.19417354408324369 -0.18857434989836924 0.17162866025195292 -0.17712049972386129 0.36060531805390894 0.036307243417445435 0.0015793548181290335 -0.15398992390727953 -0.012018097845349301 0.33570452199544726 0.55151436108098906 -0.066187979288467993 0.39282160288807172 0.22344734812960212 0.014665877575375737 -0.00090806952256360573 0.056235210331260332 0.047336694163147348 0.11754018494967093 0.5454640420665664 -0.0077073679717197044 -0.0036330029222186107 0.12761932207337887
leaf_weight=503 12727 9639 244 364 238 1437 216 286 499 960 238 220 3004 10061 262 383 363 203 3240 258 233 1464 473040 440 649 232 455 1512 576 691
leaf_count=503 12727 9639 244 364 238 1437 216 286 499 960 238 220 3004 10061 262 383 363 203 3240 258 233 1464 473040 440 649 232 455 1512 576 691
internal_value=5.23505e-05 0.0139107 0.0310079 0.0342422 0.0653812 0.118176 0.22081 0.406265 0.0253743 0.0504195 0.0467769 0.0753196 0.0694287 0.00923743 0.0364847 0.123062 0.207933 -0.00075632 2.87525e-05 0.0918001 -0.0299777 -0.000593226 -0.000145623 0.110832 0.189578 0.270353 0.404714 0.0593626 0.125478 0.203063
internal_weight=524637 28917 19278 19034 8470 3643 1486 502 4827 4328 2157 1919 3964 10564 1699 984 601 495720 482760 3240 12960 479520 476280 3240 1776 1127 687 3037 1525 949
internal_count=524637 28917 19278 19034 8470 3643 1486 502 4827 4328 2157 1919 3964 10564 1699 984 601 495720 482760 3240 12960 479520 476280 3240 1776 1127 687 3037 1525 949
is_linear=0
shrinkage=0.04


Tree=190
num_leaves=31
num_cat=0
split_feature=7 8 3 10 14 10 14 10 10 14 4 0 14 13 13 12 6 3 11 10 10 10 17 10 10 13 4 2 3 7
split_gain=3654.11 10966.7 12253.6 14292 14289.9 12589.8 36108 20327.8 22852.4 52652 22600.3 20953.9 20924.5 37423.9 16437.7 13643.3 13624 24233.3 14151.9 13927 49730.9 42191.2 41213.4 34782.4 25718.1 22141.3 21831 21733.5 21251 26657.6
threshold=13.132666110992433 20.875000000000004 0.61229753494262706 0.27383534610271459 4.4600200653076181 0.20706263184547427 30.957062721252445 0.1393099054694176 0.088045001029968276 11.702699661254885 28.25382232666016 36.731340408325202 23.536055564880375 17.429122924804691 7.1416842937469491 11.364907741546633 14.137246608734133 12.893336772918703 -0.09339838474988936 -0.46133413910865778 -0.50648479163646687 -0.49157854914665217 -15.02767753601074 -0.33526359498500818 -0.13505011796951291 11.470997333526613 30.359670639038089 11.907525062561037 59.892675399780281 34.51555252075196
decision_type=2 2 2 2 2 2 2 2 2 2 2 2 2 2 2 2 2 2 2 2 2 2 2 2 2 2 2 2 2 2
left_child=-1 2 4 5 -2 7 -7 8 16 -10 11 14 13 -9 -11 -14 -4 18 -18 20 27 22 -22 -21 -25 -23 -26 -19 29 -27
right_child=1 -3 3 -5 -6 6 -8 12 9 10 -12 -13 15 -15 -16 -17 17 19 -20 23 21 25 -24 24 26 28 -28 -29 -30 -31
leaf_value=0.0014281961585206745 0.090182368908523367 -0.048041894828293373 -0.030099764324704705 -0.23664905078652104 -0.069059553036719276 -0.055496078161921883 0.44909397248799598 -0.1772279229539164 0.6350487083625912 0.11439801901177976 0.39261199975543554 0.28749100448939724 -0.075396945522228878 0.46352888569029793 -0.30926179533655379 -0.39605182427156588 0.072178234029926513 0.057308343896399341 -0.12177500520821122 -0.13436014493981829 0.96293245992774068 -0.25093054063678755 0.23415094435569786 0.071684975652239691 -0.14139242608280245 0.044893466655985786 0.10733409960972554 -0.042118101329044748 -0.11437372150992559 0.66346643163484298
leaf_weight=448487 1026 9579 14424 382 6998 550 374 435 292 213 215 203 365 207 431 517 11592 5747 626 3991 200 236 326 4527 2245 226 745 9033 232 213
leaf_count=448487 1026 9579 14424 382 6998 550 374 435 292 213 215 203 365 207 431 517 11592 5747 626 3991 200 236 326 4527 2245 226 745 9033 232 213
internal_value=5.25823e-05 -0.00804825 -0.00228715 0.00406885 -0.048611 0.00569018 0.151364 0.00331264 0.00726624 0.168977 0.0361004 -0.0579208 -0.140335 0.0333119 -0.169532 -0.265687 0.00320823 0.015242 0.0621494 -0.00544739 0.0184356 0.242572 0.52405 -0.0390817 0.0116158 0.0753986 -0.0792676 -0.00344489 0.192172 0.353113
internal_weight=524637 76150 66571 58547 8024 58165 924 57241 55717 1354 1062 847 1524 642 644 882 54363 39939 12218 27721 16213 1433 526 11508 7517 907 2990 14780 671 439
internal_count=524637 76150 66571 58547 8024 58165 924 57241 55717 1354 1062 847 1524 642 644 882 54363 39939 12218 27721 16213 1433 526 11508 7517 907 2990 14780 671 439
is_linear=0
shrinkage=0.04


Tree=191
num_leaves=31
num_cat=0
split_feature=9 8 6 1 16 11 3 17 10 10 10 10 10 8 10 3 11 8 3 1 5 11 11 9 4 7 7 10 10 17
split_gain=3705.06 13176.4 16513.2 13356.5 9615.33 15017.1 17077.6 13891.1 44188.7 36721.5 37447.4 38047.1 18067.8 27559.2 19209.4 25571.4 16973.7 16810.7 16631.2 15341.7 13874.9 13769.2 24426.5 63223.2 23791.6 18592.2 10999 11066.6 61630 67909.9
threshold=78.625000000000014 20.625000000000004 23.554920196533207 1.0000000180025095e-35 3.656758308410645 -0.99966478347778309 20.28316688537598 -5.6060919761657706 -0.99467751383781422 0.24059136956930163 -0.16905184835195539 -0.33526359498500818 -0.43054369091987604 19.625000000000004 -0.59262362122535694 59.892675399780281 -0.9970029592514037 20.375000000000004 38.74134826660157 3.2981675863265996 23.171604156494144 -0.99628248810768116 -0.99052476882934559 73.625000000000014 5.406341791152955 30.185176849365238 11.268022537231447 -0.52124115824699391 -0.49157854914665217 -4.1210241317749015
decision_type=2 2 2 2 2 2 2 2 2 2 2 2 2 2 2 2 2 2 2 2 2 2 2 2 2 2 2 2 2 2
left_child=4 3 -3 -2 26 6 -6 8 -7 10 11 12 14 -14 -10 17 -12 19 -13 -16 -18 25 23 24 -23 -9 -1 -28 29 -29
right_child=1 2 -4 -5 5 7 -8 21 9 -11 16 18 13 -15 15 -17 20 -19 -20 -21 -22 22 -24 -25 -26 -27 27 28 -30 -31
leaf_value=-0.001517809619289973 -0.0037140947090403436 -0.0037436245436705102 -0.11363593481813032 0.036836463999508948 0.21610876345430993 0.47602862194103279 -0.17577978550014409 -0.044670593770331647 0.0097886514324099158 0.55679949024639463 0.085046302340078081 0.13412117987947589 -0.34028691636234198 0.18759606115704727 0.71370441467540202 -0.067324932185480177 -0.1563991752939399 0.032108630741039063 0.50891165266159788 0.26992216001853636 -0.49693740217346444 0.24406803750592793 0.002003169717887548 0.040431335282812814 0.83168136874497944 -0.37461912855103208 -0.038272006816299754 0.56204832534984017 -0.016465343689253741 -0.068666379876163253
leaf_weight=306427 22034 37620 2313 31669 1024 376 207 3622 3542 202 342 380 455 232 205 389 863 223 388 349 243 229 60552 2566 226 286 28068 623 18505 477
leaf_count=306427 22034 37620 2313 31669 1024 376 207 3622 3542 202 342 380 455 232 205 389 863 223 388 349 243 229 60552 2566 226 286 28068 623 18505 477
internal_value=5.23435e-05 0.00726374 -0.0101357 0.0202012 -0.00151448 0.011305 0.149325 0.00904022 0.0582045 0.0375139 0.0230193 0.0660547 0.0282889 -0.161887 0.056324 0.196401 -0.159345 0.327611 0.327576 0.44388 -0.235001 0.00306626 0.00755039 0.118364 0.547546 -0.0697118 -0.00429876 -0.0221698 0.000891166 0.290393
internal_weight=524637 93636 39933 53703 431001 76901 1231 75670 8189 7813 7611 6163 5395 687 4708 1166 1448 777 768 554 1106 67481 63573 3021 455 3908 354100 47673 19605 1100
internal_count=524637 93636 39933 53703 431001 76901 1231 75670 8189 7813 7611 6163 5395 687 4708 1166 1448 777 768 554 1106 67481 63573 3021 455 3908 354100 47673 19605 1100
is_linear=0
shrinkage=0.04


Tree=192
num_leaves=31
num_cat=0
split_feature=10 9 9 11 10 3 10 7 6 16 3 17 17 10 17 16 11 11 11 16 4 2 18 10 17 14 3 8 6 15
split_gain=3634.77 4626.35 4362.27 12175.7 32370 29231.6 22365 20178.1 27608.2 17570.1 16006.7 14798.1 13377.8 11255.7 11730.1 10758.3 10541.8 11628.1 30276.5 58494.4 35047.7 15452.7 17215.5 63836.1 16208.8 19534.8 14725.5 16894.7 14646.6 21872.6
threshold=0.48030318319797521 73.625000000000014 73.375000000000014 -0.85336607694625843 -0.44600489735603327 15.624988079071047 -0.3992436677217483 34.51555252075196 28.196482658386234 9.017735958099367 10.005426406860353 -7.2212646007537833 11.855124950408937 -0.61997824907302845 14.141862869262697 -4.1873202323913565 -0.99983122944831837 -0.99273797869682301 -0.99552518129348744 1.752835810184479 0.39090508222579962 51.97288894653321 28.72669887542725 -0.30265928804874415 -0.016189525835216042 16.809081077575687 15.071715354919435 18.375000000000004 4.1155099868774423 1.0000000180025095e-35
decision_type=2 2 2 2 2 2 2 2 2 2 2 2 2 2 2 2 2 2 2 2 2 2 2 2 2 2 2 2 2 2
left_child=2 -2 3 4 5 -1 15 8 13 11 -10 -7 -12 14 -5 -6 -8 18 20 -20 -18 22 23 -19 25 28 -23 -28 -25 -30
right_child=1 -3 -4 7 6 9 16 -9 10 -11 12 -13 -14 -15 -16 -17 17 21 19 -21 -22 26 -24 24 -26 -27 27 -29 29 -31
leaf_value=0.64685515034610663 -0.13916464147285412 -0.019418883575845255 -0.00047241850499977355 0.0098743643695672276 -0.030942457508533559 0.1841511119399101 -0.16347880507291287 -0.1092375940342485 0.42109867522422528 0.44360768618729879 0.20336808004374607 -0.24778766292501506 -0.17663014727263224 -0.2016575046332052 -0.22585446332884626 -0.37818770382443412 0.40535199997369314 0.67295471293723541 0.069774321434795866 0.90730167626209979 -0.047083214392062978 0.3359592179223862 -0.086858198603896999 0.022133352577288063 -0.061272074008923871 -0.1337505348372118 -0.17694434654453528 0.19604935571475451 0.48945159844473185 -0.013906174030414848
leaf_weight=236 560 5536 489960 12665 272 304 378 2557 360 202 501 203 200 432 337 295 332 237 365 202 1369 441 2323 439 2149 374 312 481 410 205
leaf_count=236 560 5536 489960 12665 272 304 378 2557 360 202 501 203 200 432 337 295 332 237 365 202 1369 441 2323 439 2149 374 312 481 410 205
internal_value=5.2541e-05 -0.030629 0.000413819 0.0156013 0.0473335 0.270383 0.027182 -0.00586826 0.0124294 0.137816 0.207876 0.0097576 0.0939926 -0.00314985 0.00359561 -0.215031 0.0410929 0.0492764 0.128277 0.378706 0.0430758 0.0248276 -0.00122812 0.0510175 0.00804882 0.112071 0.153378 0.0489217 0.199735 0.324128
internal_weight=524637 6096 518541 28581 11529 945 10584 17052 14495 709 1061 507 701 13434 13002 567 10017 9639 2268 567 1701 7371 6137 3814 3577 1428 1234 793 1054 615
internal_count=524637 6096 518541 28581 11529 945 10584 17052 14495 709 1061 507 701 13434 13002 567 10017 9639 2268 567 1701 7371 6137 3814 3577 1428 1234 793 1054 615
is_linear=0
shrinkage=0.04


Tree=193
num_leaves=31
num_cat=0
split_feature=8 10 9 11 16 3 16 3 7 2 1 13 14 11 17 10 11 10 4 4 9 17 11 10 3 4 13 1 7 14
split_gain=3529.42 10035.4 10169 10255.3 14105.2 9734.39 11084.3 7651.15 7742.15 7366.39 7230.46 8097.58 8218.53 7078.41 9779.69 10014.4 9960.85 16649.5 23403.7 9098.17 17903.6 14874.6 12757 18654.9 11240.2 9918.71 7511.95 7062.7 9307.34 6699.71
threshold=16.875000000000004 -0.99940761923789967 74.125000000000014 -0.49998149275779719 52.537317276000984 56.694669723510749 -34.359346389770501 1.0000000180025095e-35 5.8907151222229013 37.587842941284187 57.163423538208015 23.266203880310062 27.116916656494144 -0.99966478347778309 -4.2374904155731192 -0.82956761121749867 -0.90892156958580006 -0.2696967720985412 14.716773033142092 0.62050890922546398 73.875000000000014 0.53424227237701427 -0.98212954401969899 0.036545658484101302 0.14229227602481845 12.32871198654175 29.518705368041996 44.40272521972657 34.51555252075196 34.566368103027351
decision_type=2 2 2 2 2 2 2 2 2 2 2 2 2 2 2 2 2 2 2 2 2 2 2 2 2 2 2 2 2 2
left_child=1 -1 3 4 5 6 9 8 -5 -3 11 12 -7 -8 -15 -16 17 18 -17 20 21 -19 23 26 -23 -25 -21 28 -18 -9
right_child=-2 2 -4 7 -6 10 13 29 -10 -11 -12 -13 -14 14 15 16 27 19 -20 22 -22 24 -24 25 -26 -27 -28 -29 -30 -31
leaf_value=0.15649015346376649 -0.00073993718301910614 -0.25534170746112883 -0.024231595244342069 0.007848578347649909 -0.18502718366852289 -0.15805639401016394 0.26932354732301994 -0.047674559814561819 0.18313695010939871 0.026410423640140707 0.10711336060737571 -0.21117483772292822 0.15804947431539668 0.0019096460664031454 0.29640530815561311 0.084648443354599506 0.036896998968711993 0.57850361649479187 0.5798289633231648 -0.15373041571722307 0.0050352588218527949 -0.022033816415801821 -0.14153216609276831 0.087764662325749629 0.34124005264490359 0.46783443843787498 0.14340160433934115 0.2477689278442248 -0.2339722660443497 0.15330910984095306
leaf_weight=756 495720 249 9387 1529 385 231 307 4872 538 344 374 491 280 2143 383 325 2482 207 285 366 606 243 490 208 297 237 204 216 211 271
leaf_count=756 495720 249 9387 1529 385 231 307 4872 538 344 374 491 280 2143 383 325 2482 207 285 366 606 243 490 208 297 237 204 216 211 271
internal_value=5.25706e-05 0.013634 0.00974472 0.0267367 0.050065 0.0583196 0.0722982 -0.0106966 0.0541348 -0.0941695 -0.0410709 -0.0968931 0.0148613 0.083107 0.0763908 0.0999645 0.0877207 0.133421 0.321624 0.0922699 0.167148 0.296858 0.0242951 0.104949 0.180338 0.296017 -0.0467495 0.0329686 0.014887 -0.0368072
internal_weight=524637 28917 28161 18774 11564 11179 9803 7210 2067 593 1376 1002 511 9210 8903 6760 6377 3468 610 2858 1353 747 1505 1015 540 445 570 2909 2693 5143
internal_count=524637 28917 28161 18774 11564 11179 9803 7210 2067 593 1376 1002 511 9210 8903 6760 6377 3468 610 2858 1353 747 1505 1015 540 445 570 2909 2693 5143
is_linear=0
shrinkage=0.04


Tree=194
num_leaves=31
num_cat=0
split_feature=11 12 9 4 14 11 7 2 14 2 9 16 9 7 16 11 13 11 12 11 9 14 13 7 9 4 17 10 10 6
split_gain=3552.46 18429.7 32543.4 26415.8 19684.5 16862.7 47701.3 61475.6 38675.1 38165.8 33626.2 17896.3 31017.6 17957.6 13862.9 18497.7 13251.5 12778.8 12832 17512.7 32408 35321.2 26963.1 24870.2 73499 20003.1 19168.2 13752.3 12354.3 18533.1
threshold=-0.9852197766304015 62.632106781005866 73.375000000000014 4.7039978504180917 52.626115798950202 -0.98049351572990406 5.257091999053956 10.59190893173218 5.3291673660278329 0.14126075804233554 79.625000000000014 -9.2843060493469221 74.375000000000014 28.54398345947266 -1.0854659676551817 -0.98372924327850331 52.602317810058601 -0.99168640375137318 0.020321557298302654 -0.9970029592514037 73.125000000000014 14.650622367858888 4.2140982151031503 10.112575054168703 77.375000000000014 29.634329795837406 -7.7152950763702384 0.07089784182608129 0.019350802991539243 32.123239517211921
decision_type=2 2 2 2 2 2 2 2 2 2 2 2 2 2 2 2 2 2 2 2 2 2 2 2 2 2 2 2 2 2
left_child=1 4 3 -3 17 6 -2 8 -8 -10 14 -9 13 -13 -11 -16 -6 18 -1 28 21 -21 23 27 -25 26 -24 -22 29 -20
right_child=5 2 -4 -5 16 -7 7 11 9 10 -12 12 -14 -15 15 -17 -18 -19 19 20 22 -23 25 24 -26 -27 -28 -29 -30 -31
leaf_value=-0.037376347139212882 -0.031040628702709953 0.14251898058357731 -0.032848726963404275 0.73241879894835127 -0.069695785017891074 0.0001598304772890034 0.005603747191887937 -0.14450110574732544 0.74650818648979633 0.031368076701333084 0.73029001734142229 0.53759000130494439 -0.035014515630932511 0.058828140240648523 0.55269976193672865 0.14628377799450615 -0.49416757232463199 -0.039621990680924757 0.00042022878739133093 0.68235969022604137 0.12997427782227086 -0.022612398557753363 -0.22998747918899567 -0.0051242545743783322 0.88145462078076819 0.20460452161179798 -0.0087507427893988386 0.0053759843730868118 -0.051590593981621032 0.20739259477889491
leaf_weight=11021 5335 301 684 201 260 445770 598 856 352 486 219 290 1167 220 288 476 211 16733 14878 250 2978 201 672 389 233 634 7725 2698 7795 716
leaf_count=11021 5335 301 684 201 260 445770 598 856 352 486 219 290 1167 220 288 476 211 16733 14878 250 2978 201 672 389 233 634 7725 2698 7795 716
internal_value=5.23733e-05 -0.00843495 0.147213 0.388406 -0.0111955 0.00132882 0.0519357 0.141212 0.284988 0.376204 0.283025 0.00332577 0.0791911 0.336168 0.19949 0.304649 -0.266172 -0.00936147 0.000733061 0.0114627 0.0440114 0.374495 0.0340503 0.0975064 0.335679 -0.0102614 -0.0267085 0.070862 -0.0105065 0.0100502
internal_weight=524637 68580 1186 502 67394 456057 10287 4952 2419 1821 1469 2533 1677 510 1250 764 471 66923 50190 39169 15780 451 15329 6298 622 9031 8397 5676 23389 15594
internal_count=524637 68580 1186 502 67394 456057 10287 4952 2419 1821 1469 2533 1677 510 1250 764 471 66923 50190 39169 15780 451 15329 6298 622 9031 8397 5676 23389 15594
is_linear=0
shrinkage=0.04


Tree=195
num_leaves=31
num_cat=0
split_feature=15 4 3 8 10 10 10 11 10 12 10 12 18 4 13 4 14 14 6 10 10 3 9 11 11 4 11 1 13 3
split_gain=3732.25 9354.68 11508.1 10766.3 11502.4 23973.1 19813.4 10057.3 20744.5 17232.4 14206.4 13231.6 13161.7 10008.2 9535.79 12426 11196.5 9128.39 8505.94 18025.5 16418.1 21307.2 12177.7 16964.4 66922.2 13594 16276.3 13828.6 13495.8 12203.9
threshold=0.81250000000000011 74.693923950195327 36.402317047119148 18.875000000000004 0.1393099054694176 0.20706263184547427 0.29033823311328893 -0.99375280737876881 -0.21966676414012906 68.763542175292983 -0.25309335440397257 57.630865097045906 159.50801849365237 8.5531435012817401 57.506156921386726 12.117054462432863 34.566368103027351 39.52887153625489 44.586669921875007 -0.94975915551185597 -0.89015004038810719 51.849012374877937 73.625000000000014 -0.94426098465919484 -0.97507822513580311 48.252965927124031 -0.99818569421768177 24.719000816345218 57.506156921386726 36.402317047119148
decision_type=2 2 2 2 2 2 2 2 2 2 2 2 2 2 2 2 2 2 2 2 2 2 2 2 2 2 2 2 2 2
left_child=18 3 -3 4 7 -6 -7 9 10 13 12 -10 -9 -2 15 16 -5 -18 -1 -20 21 -21 23 24 25 26 -22 -28 -25 -26
right_child=1 2 -4 14 5 6 -8 8 11 -11 -12 -13 -14 -15 -16 -17 17 -19 19 20 22 -23 -24 28 29 -27 27 -29 -30 -31
leaf_value=0.00025081422369231405 -0.050408144230351733 -0.0059680600981323086 -0.30599970270043769 -0.053708244624884535 -0.43208946810828319 0.27204016470804548 -0.17869563596274543 0.040569334425098573 0.096732505595400226 0.17610445198948518 -0.23309756969156134 0.51826973933514542 0.34744540672526397 -0.37640488906733882 -0.13153503419685567 0.056355742204308189 0.34035230250301818 0.0023242086337917989 -0.23282507096215035 0.51431147684239675 0.17052684368589258 -0.022056159167772246 -0.062605737981359544 -0.069087859597239884 0.37031133112749215 0.28123215257144368 0.057700905309003944 -0.35600692021499541 0.25754660783509009 0.84055883598327641
leaf_weight=497941 330 431 380 8740 251 275 335 5191 242 273 281 236 224 273 1395 2572 200 327 317 278 306 200 1131 1111 201 234 211 314 237 200
leaf_count=497941 330 431 380 8740 251 275 335 5191 242 273 281 236 224 273 1395 2572 200 327 317 278 306 200 1131 1111 201 234 211 314 237 200
internal_value=5.37806e-05 -0.0160854 -0.148565 -0.0109365 0.0259595 -0.111244 0.0256152 0.0428497 0.0608575 -0.0833226 0.0393396 0.311211 0.0538808 -0.201731 -0.032995 -0.0212828 -0.0428684 0.134557 0.000759012 0.0540327 0.0750709 0.294037 0.0478633 0.0923273 0.18602 0.0185235 -0.0579166 -0.191765 -0.0101867 0.619594
internal_weight=524637 21956 811 21145 7911 861 610 7050 6174 876 5696 478 5415 603 13234 11839 9267 527 502681 4740 4423 478 3945 2814 1466 1065 831 525 1348 401
internal_count=524637 21956 811 21145 7911 861 610 7050 6174 876 5696 478 5415 603 13234 11839 9267 527 502681 4740 4423 478 3945 2814 1466 1065 831 525 1348 401
is_linear=0
shrinkage=0.04


Tree=196
num_leaves=31
num_cat=0
split_feature=7 8 11 10 14 4 8 10 10 13 4 0 1 16 10 10 10 9 13 10 14 10 9 10 14 4 0 10 10 6
split_gain=3713.29 13129.7 12086.4 22650.6 40264.6 72528.1 41142.1 19584.4 17160.3 61938.5 33246.9 18469.1 15426.9 12833 11817.5 12504.7 30955.1 107583 70513.3 26525.3 30139 17867.9 16955.4 16798.1 15054 14775.4 16933.7 27964.9 66019.4 44482.4
threshold=14.583229064941408 20.625000000000004 -0.36046156287193293 -0.89015004038810719 13.231621742248537 22.328450202941898 18.625000000000004 -0.85671821236610401 -0.82956761121749867 8.9699983596801776 27.013145446777347 25.310612678527836 0.31351444125175482 -39.439031600952141 -0.76762619614601124 -0.13505011796951291 -0.21966676414012906 77.875000000000014 19.459824562072757 -0.15207348018884656 29.454915046691898 -0.23641503602266309 73.375000000000014 -0.11798679083585738 20.909932136535648 69.564117431640639 14.08022975921631 -0.47652685642242426 -0.50648479163646687 12.010506153106691
decision_type=2 2 2 2 2 2 2 2 2 2 2 2 2 2 2 2 2 2 2 2 2 2 2 2 2 2 2 2 2 2
left_child=-1 2 3 4 -2 13 -7 -5 9 -9 11 -11 -4 -6 -10 16 21 19 -19 20 24 25 -22 -17 -18 26 27 28 -16 -30
right_child=1 -3 12 7 5 6 -8 8 14 10 -12 -13 -14 -15 15 23 17 18 -20 -21 22 -23 -24 -25 -26 -27 -28 -29 29 -31
leaf_value=0.0013105196496420424 -0.14555810792180002 -0.050431664305080254 0.056702863690386691 -0.12848111542283966 0.35894068313332705 0.21321997967031267 0.98705194096748283 -0.18341189216791343 -0.087099162171527689 0.89005919015803048 -0.0066882391430082774 0.3419640253490645 -0.069385579953454471 0.041303636575938579 -0.0060616468434834623 -0.27628056052934241 0.076750206915493613 1.2397159978663022 0.25279821231083149 -0.27743559595335415 0.076413913049395127 -0.21576817944938062 0.48394427670981766 -0.020961664927548425 -0.25759439849903465 -0.067038997304431247 0.059014189062301034 -0.097345396385658312 -0.072313892050749728 0.63006520124140342
leaf_weight=460361 719 10251 1963 1808 224 206 244 470 2266 201 200 223 7301 1592 5416 422 533 202 270 368 305 551 353 9110 348 3221 11003 3843 206 457
leaf_count=460361 719 10251 1963 1808 224 206 244 470 2266 201 200 223 7301 1592 5416 422 533 202 270 368 305 551 353 9110 348 3221 11003 3843 206 457
internal_value=5.30262e-05 -0.00895226 -0.00107386 0.00753562 0.113795 0.196365 0.645145 -8.22779e-05 0.00575668 0.161266 0.419678 0.616314 -0.0426357 0.0822347 0.00133995 0.00683654 0.0207068 0.158196 0.692123 0.0231237 0.0963194 0.00740408 0.299015 -0.0325428 -0.0567266 0.012584 0.0248666 -0.0130227 0.0403564 0.413998
internal_weight=524637 64276 54025 44761 2985 2266 450 41776 39968 1094 624 424 9264 1816 38874 36608 27076 2379 472 1907 1539 24697 658 9532 881 24146 20925 9922 6079 663
internal_count=524637 64276 54025 44761 2985 2266 450 41776 39968 1094 624 424 9264 1816 38874 36608 27076 2379 472 1907 1539 24697 658 9532 881 24146 20925 9922 6079 663
is_linear=0
shrinkage=0.04


Tree=197
num_leaves=31
num_cat=0
split_feature=7 6 4 11 5 10 14 10 10 17 6 4 8 14 14 10 13 13 7 8 8 13 14 10 2 17 8 10 10 10
split_gain=3637.33 19838.7 13681.3 27473.2 24173.6 26602.7 14884.7 14467.6 42831.5 22186.2 16816.9 13390 10543.7 10051.5 10917.8 9686.07 8773.34 8638.09 8572.82 8234.07 13317.8 12659.4 9952.89 13429.7 9324.64 8155.31 12562.1 10235.9 7255.52 14361.4
threshold=43.983234405517585 62.554058074951179 28.25382232666016 -0.97696766257286061 35.201089859008796 -0.10088855028152464 39.52887153625489 -0.43054369091987604 -0.50648479163646687 -4.8585691452026358 49.102416992187507 52.737417221069343 16.875000000000004 20.352391242980961 61.235145568847663 -0.92599865794181813 64.341640472412124 32.145883560180671 64.519947052001967 16.625000000000004 17.375000000000004 52.602317810058601 61.235145568847663 -0.46133413910865778 57.207065582275398 -9.7143206596374494 17.375000000000004 -0.67245468497276295 -0.25309335440397257 0.019350802991539243
decision_type=2 2 2 2 2 2 2 2 2 2 2 2 2 2 2 2 2 2 2 2 2 2 2 2 2 2 2 2 2 2
left_child=1 16 6 4 -4 -6 12 8 13 -10 -9 -12 -2 -5 25 -8 -1 -14 -13 -17 -21 24 -23 -24 -22 27 -27 -15 -18 -30
right_child=2 -3 3 7 5 -7 15 10 9 -11 11 18 17 14 -16 19 28 -19 -20 20 21 22 23 -25 -26 26 -28 -29 29 -31
leaf_value=0.00050404956695389541 -0.0088689055141463156 0.24057134939445693 -0.022930206750794282 0.1268981475653374 0.64117223906719079 0.075664458847785179 -0.29313760351911883 -0.37486474162671302 0.11503023787548668 0.61954996259898698 0.12742357368463078 -0.0054639608416322104 -0.19553821201280999 -0.24477046735411467 0.11610671419731892 0.15322759481668471 -0.030659224539310401 -0.50577674318261512 -0.35170899597627503 -0.31408691325917087 0.025229668062999273 0.077010106335024864 0.068317259080567447 -0.32837233060457871 0.3460572889281644 -0.0078756774579529214 -0.37895101284513671 0.087191439074548807 -0.45615425513601965 -0.04370622857773708
leaf_weight=514596 259 540 407 329 285 248 204 350 351 228 377 213 422 248 264 390 1078 228 238 247 446 328 202 393 206 216 443 342 215 344
leaf_count=514596 259 540 407 329 285 248 204 350 351 228 377 213 422 248 264 390 1078 228 238 247 446 328 202 393 206 216 443 342 215 344
internal_value=5.37622e-05 0.000464871 -0.026928 0.0182306 0.209585 0.384286 -0.0884444 -0.0321902 0.02382 0.320847 -0.146533 -0.0466938 -0.225498 -0.0707734 -0.114308 -0.036162 0.000209055 -0.310375 -0.191849 -0.01125 -0.0471008 -0.0035131 -0.0984152 -0.194795 0.130292 -0.163546 -0.25926 -0.054099 -0.0919635 -0.207569
internal_weight=524637 516773 7864 4539 940 533 3325 3599 2421 579 1178 828 909 1842 1513 2416 516233 650 451 2212 1822 1575 923 595 652 1249 659 590 1637 559
internal_count=524637 516773 7864 4539 940 533 3325 3599 2421 579 1178 828 909 1842 1513 2416 516233 650 451 2212 1822 1575 923 595 652 1249 659 590 1637 559
is_linear=0
shrinkage=0.04


Tree=198
num_leaves=31
num_cat=0
split_feature=9 10 10 10 16 11 7 14 3 10 14 2 10 8 10 14 14 12 10 10 10 10 14 14 0 4 18 10 11 13
split_gain=3523.12 11781.1 11636.1 23036.5 14288.6 16840.2 13934.9 16495.6 11305.5 18195.3 54992.6 16653.8 16522 14261.5 20865.9 19704.1 16881.6 18678.2 22261.9 46708.3 22009 27727.4 31539.9 26560 20348.1 19987.4 17754.9 12341.4 38513.7 11742.8
threshold=78.625000000000014 0.3393120169639588 -0.99054482579231251 -0.98523971438407887 10.313022136688234 -0.95752304792404164 1.1487604379653933 1.4987802505493166 0.67698609828948986 0.29033823311328893 4.5908789634704599 2.6909476518630986 0.19020386785268786 20.375000000000004 0.1563224866986275 3.2736220359802251 17.176497459411625 21.885112762451175 -0.94423642754554737 -0.88218119740486134 -0.76762619614601124 -0.47652685642242426 23.536055564880375 32.567819595336921 5.7820265293121347 4.1395330429077157 27.840374946594242 -0.94705909490585316 -0.21231865882873532 42.149236679077156
decision_type=2 2 2 2 2 2 2 2 2 2 2 2 2 2 2 2 2 2 2 2 2 2 2 2 2 2 2 2 2 2
left_child=-1 2 -2 6 8 -6 -4 -8 9 11 -11 -5 13 14 16 27 -10 18 -18 -20 -21 22 -22 25 -24 26 -23 28 -15 -17
right_child=1 -3 3 4 5 -7 7 -9 12 10 -12 -13 -14 15 -16 29 17 -19 19 20 21 23 24 -25 -26 -27 -28 -29 -30 -31
leaf_value=-0.001476824766512943 -0.030067335173546667 -0.044417567167726005 -0.013159681166100768 0.015247924727966438 0.039978409852668144 -0.064342311093487883 0.52849016151797612 0.15031867330883952 0.037045508914479906 0.035509201149503559 0.73464296765450587 -0.050694359065643235 -0.099228385196879945 0.70648614926720565 0.43716140167642031 0.0042011680404149187 -0.13690853864266844 -0.033531895087155851 0.65243728988181204 -0.1364732823650123 0.11691418509864689 0.55266842028842522 0.3254507960336202 -0.21929359212391364 0.894719114946116 0.0090275142731719681 0.11709163078900511 0.074639402582021744 -0.0037599946808494979 -0.20778625586305652
leaf_weight=431001 9792 6596 706 19852 3706 7416 203 1539 10923 1170 203 8852 1387 202 233 13951 324 866 328 359 387 302 220 329 208 554 301 2018 288 421
leaf_count=431001 9792 6596 706 19852 3706 7416 203 1539 10923 1170 203 8852 1387 202 233 13951 324 866 328 359 387 302 220 329 208 554 301 2018 288 421
internal_value=5.10453e-05 0.00708315 0.0109906 0.0161983 0.0122372 -0.0295766 0.136692 0.197153 0.0195438 0.00172768 0.143442 -0.00509853 0.0354862 0.0413154 0.0692276 0.0159337 0.0632651 0.131562 0.1747 0.208833 0.151894 0.197281 0.383415 0.0933149 0.616216 0.183324 0.340698 0.119151 0.297309 -0.00214875
internal_weight=524637 93636 87040 77248 74800 11122 2448 1742 63678 30077 1373 28704 33601 32214 15334 16880 15101 4178 3312 2988 2660 2301 815 1486 428 1157 603 2508 490 14372
internal_count=524637 93636 87040 77248 74800 11122 2448 1742 63678 30077 1373 28704 33601 32214 15334 16880 15101 4178 3312 2988 2660 2301 815 1486 428 1157 603 2508 490 14372
is_linear=0
shrinkage=0.04


Tree=199
num_leaves=31
num_cat=0
split_feature=2 10 10 3 12 14 7 10 7 14 10 14 11 10 11 10 1 11 10 8 14 10 9 14 11 10 10 10 10 13
split_gain=3465.13 10455.2 23808.7 25018 15962.3 13638 13043.5 36070.4 60929.7 16494.2 13172.5 16283.9 57492.9 36113.3 11508.2 107474 29931.2 11281.2 9351.39 9202.24 31042.4 39611.6 55645.9 11840.5 16922.2 12075.8 11596.3 11150.8 15196.9 37224.2
threshold=0.7295038402080537 -0.92274349927902211 -0.92599865794181813 0.33371113240718847 0.020321557298302654 7.8775813579559335 7.2210257053375253 0.088045001029968276 11.589596271514894 3.6157664060592656 -0.16905184835195539 1.7686406970024111 -0.82534202933311451 -0.3992436677217483 -0.97696766257286061 -0.16905184835195539 4.4797134399414071 -0.99052476882934559 -0.2696967720985412 19.375000000000004 13.443033218383791 -0.99275806546211232 74.875000000000014 0.47127649188041693 -0.24580550938844678 -0.96463498473167408 -0.94423642754554737 -0.99866804480552662 -0.99815973639488209 0.089123196899890914
decision_type=2 2 2 2 2 2 2 2 2 2 2 2 2 2 2 2 2 2 2 2 2 2 2 2 2 2 2 2 2 2
left_child=1 2 19 -4 -5 6 -3 10 9 -9 11 12 13 -8 15 16 -7 -17 -13 20 23 22 -22 24 25 -1 -27 -21 29 -29
right_child=-2 5 3 4 -6 14 7 8 -10 -11 -12 18 -14 -15 -16 17 -18 -19 -20 27 21 -23 -24 -25 -26 26 -28 28 -30 -31
leaf_value=0.3857094720940783 0.0035416468269485902 -0.0082200320837377498 -0.030533270794673256 0.54128939421547484 0.18176251547331099 0.88410509694600481 0.82513860422573726 0.24832946576132339 0.6399843764638723 -0.067548337408893364 -0.065196097866649177 -0.0029067211474124686 -0.026797627668780633 0.1129313884543818 -0.060479889854341391 -0.006934872930179894 0.21682178393077284 -0.14155809339211953 0.17269039371655193 -0.049714420235552517 0.045970812798086395 -0.024459618252770203 0.91135062019663504 0.00048529281751810238 0.027866185121361808 0.0090124466860006542 0.24098841050324807 -0.020115288953551781 -0.0028257581612974015 0.39327331038773561
leaf_weight=312 243772 150962 735 257 840 246 257 438 392 638 2818 6557 898 205 13500 3407 200 1398 514 7998 228 441 241 30208 9788 777 611 987 44484 528
leaf_count=312 243772 150962 735 257 840 246 257 438 392 638 2818 6557 898 205 13500 3407 200 1398 514 7998 228 441 241 30208 9788 777 611 987 44484 528
internal_value=5.23512e-05 -0.00297614 0.00752969 0.149986 0.27012 -0.00864495 -0.00494202 0.0339468 0.219725 0.0621365 0.00952898 0.0345529 0.160774 0.518204 -0.0409482 0.00928592 0.596192 -0.0463157 0.0100835 0.00481286 0.018709 0.248542 0.500397 0.0136345 0.0481804 0.164295 0.112122 -0.00615321 0.00143009 0.125591
internal_weight=524637 280865 98435 1832 1097 182430 163679 12717 1468 1076 11249 8431 1360 462 18751 5251 446 4805 7071 96603 42606 910 469 41696 11488 1700 1388 53997 45999 1515
internal_count=524637 280865 98435 1832 1097 182430 163679 12717 1468 1076 11249 8431 1360 462 18751 5251 446 4805 7071 96603 42606 910 469 41696 11488 1700 1388 53997 45999 1515
is_linear=0
shrinkage=0.04


Tree=200
num_leaves=31
num_cat=0
split_feature=7 8 11 10 14 4 3 10 10 13 4 1 16 16 11 11 2 11 10 2 12 10 10 17 9 4 11 4 3 13
split_gain=3499.1 11702.7 11100 20513.8 36860.1 65911.5 35113.3 17986.5 16158.7 57052.1 31183.7 13934.7 11457.5 11260.6 16687.5 23939.4 17819.2 21892.3 35850.7 25712.3 19550 16528.4 26430 74507.2 46177.2 50455.4 34261.9 25681.5 22970.3 25947.5
threshold=14.583229064941408 20.625000000000004 -0.36046156287193293 -0.89015004038810719 13.669013977050783 22.328450202941898 23.811709403991703 -0.85671821236610401 -0.82956761121749867 8.9699983596801776 20.984331130981449 1.654827415943146 -39.439031600952141 -22.774954795837399 -0.99552518129348744 -0.99465739727020253 6.5270333290100107 -0.99761277437210072 -0.01505099539645016 25.747730255126957 31.221776008605961 -0.59262362122535694 -0.47652685642242426 -7.7152950763702384 76.625000000000014 5.0343461036682138 -0.92602273821830738 69.564117431640639 47.542593002319343 11.656563758850099
decision_type=2 2 2 2 2 2 2 2 2 2 2 2 2 2 2 2 2 2 2 2 2 2 2 2 2 2 2 2 2 2
left_child=-1 2 3 4 -2 12 -7 -5 9 -9 -11 -4 -6 -10 16 -16 -15 18 19 -18 -19 -17 23 24 -23 -26 -24 -25 29 -28
right_child=1 -3 11 7 5 6 -8 8 13 10 -12 -13 -14 14 15 21 17 20 -20 -21 -22 22 26 27 25 -27 28 -29 -30 -31
leaf_value=0.0012750103818836526 -0.13219505910059207 -0.047847776078417475 0.032086567020093229 -0.12329774985718978 0.34228100869900141 0.99368217579468532 0.26718595756590369 -0.17457362690009176 -0.0471024038670321 0.642107569683535 0.070393838475509118 -0.073902178520392145 0.041840149580630703 -0.18365197418475199 0.36004064873673697 -0.027689180482612742 0.019812242701259 0.010964734019673985 -0.053349021864037199 0.54944643714963348 -0.39796030039945357 0.18391624712221724 0.047531792095368654 0.059875122116654626 0.12680539293735513 0.92828521221029492 -0.21561168357025368 -0.23824971093465619 -0.25228578855058081 0.050843615590095877
leaf_weight=460361 755 10251 2869 1808 224 206 230 470 6464 359 265 6395 1570 1351 320 8910 257 386 1229 334 352 1038 10630 2759 201 342 836 545 1035 1885
leaf_count=460361 755 10251 2869 1808 224 206 230 470 6464 359 265 6395 1570 1351 320 8910 257 386 1229 334 352 1038 10630 2759 201 342 836 545 1035 1885
internal_value=5.43239e-05 -0.00868738 -0.00124939 0.0070013 0.108124 0.189715 0.625022 -0.000248328 0.00534741 0.156251 0.404252 -0.041079 0.0810428 0.00106157 0.0106792 0.0213142 -0.0667185 -0.00448582 0.0700546 0.323294 -0.186791 0.0173415 0.0381652 0.118452 0.343342 0.639263 0.0108392 0.0101284 -0.0928565 -0.0315118
internal_weight=524637 64276 54025 44761 2985 2230 436 41776 39968 1094 624 9264 1794 38874 32410 28501 3909 2558 1820 591 738 28181 19271 4885 1581 543 14386 3304 3756 2721
internal_count=524637 64276 54025 44761 2985 2230 436 41776 39968 1094 624 9264 1794 38874 32410 28501 3909 2558 1820 591 738 28181 19271 4885 1581 543 14386 3304 3756 2721
is_linear=0
shrinkage=0.04


Tree=201
num_leaves=31
num_cat=0
split_feature=9 10 11 12 7 9 10 14 10 4 7 8 2 11 10 7 8 3 14 1 10 3 13 10 7 12 10 12 10 1
split_gain=3496.37 10583.7 22230 16726.5 28666.7 40084.1 83629.7 13138.6 18351.8 11463.7 10207.4 15635.9 16108.7 9811.25 15971.4 25556.4 21389.6 19641.5 26073.5 17104.4 16632.1 20080.8 16705.5 16445.9 37995.4 30768.7 34275.3 16935.4 26525.7 53095.8
threshold=75.875000000000014 -0.96463498473167408 -0.17858051508665082 2.7940315008163457 17.154038429260257 73.625000000000014 -0.9769422411918639 12.418923377990724 -0.9769422411918639 1.0000000180025095e-35 4.5781829357147226 19.625000000000004 0.7295038402080537 -0.94978386163711537 0.27383534610271459 2.1533336639404301 19.125000000000004 0.59090813994407665 5.9894547462463388 9.9988160133361834 -0.083760455250740037 1.3192285895347597 0.97922787070274364 -0.20285348594188687 21.23089694976807 1.1405559182167055 -0.2696967720985412 1.5952761173248293 -0.18598018586635587 2.7044941186904912
decision_type=2 2 2 2 2 2 2 2 2 2 2 2 2 2 2 2 2 2 2 2 2 2 2 2 2 2 2 2 2 2
left_child=1 2 3 9 5 6 -5 10 -9 -1 11 -7 -13 14 20 -16 -17 18 -18 -19 21 -2 -22 25 27 26 -23 -25 29 -29
right_child=13 -3 -4 4 -6 7 -8 8 -10 -11 -12 12 -14 -15 15 16 17 19 -20 -21 22 23 -24 24 -26 -27 -28 28 -30 -31
leaf_value=0.12739880701378417 0.00070859031072878747 -0.0075628979415626263 0.0013225494011793759 0.96584782949037717 -0.14642782950102176 0.039945798174577371 0.050542184390979718 0.48213931936712656 0.065143140340871361 -0.029399547429781264 -0.023927596909796886 0.099210231534528487 0.58587350467228771 -0.0011091822818423032 0.0044639744306903158 -0.03871096183316567 0.19843459819458895 0.31359249916672705 0.74615259740040918 -0.10757342132098774 0.039716977296420215 -0.010693930841798401 -0.020687159068995504 0.00060883862034975312 0.57594446996705873 -0.017688496744097684 0.35064214410646349 0.90455601484718784 0.10232636413295404 0.098066958028094509
leaf_weight=1007 12463 197640 42120 275 528 872 366 311 364 2791 1150 235 201 209844 2041 388 293 370 273 253 9899 800 28090 1899 270 5251 873 200 3217 353
leaf_count=1007 12463 197640 42120 275 528 872 366 311 364 2791 1150 235 201 209844 2041 388 293 370 273 253 9899 800 28090 1899 270 5251 873 200 3217 353
internal_value=5.42557e-05 -0.00339632 0.0129994 0.0736425 0.127557 0.166174 0.452028 0.106437 0.261504 0.0123993 0.0629668 0.138967 0.331672 0.00314434 0.0164779 0.0981006 0.218496 0.302052 0.470984 0.14356 0.011799 0.036901 -0.00494102 0.0719401 0.120724 0.0299821 0.178821 0.0980674 0.147027 0.400631
internal_weight=524637 247860 50220 8100 4302 3774 641 3133 675 3798 2458 1308 436 276777 66933 3618 1577 1189 566 623 63315 25326 37989 12863 5939 6924 1673 5669 3770 553
internal_count=524637 247860 50220 8100 4302 3774 641 3133 675 3798 2458 1308 436 276777 66933 3618 1577 1189 566 623 63315 25326 37989 12863 5939 6924 1673 5669 3770 553
is_linear=0
shrinkage=0.04


Tree=202
num_leaves=31
num_cat=0
split_feature=8 3 10 9 10 11 12 7 9 10 3 10 14 7 7 11 2 11 10 10 7 1 7 10 1 11 14 14 10 11
split_gain=3381.61 4472.95 5814.79 3910.28 9878.38 18769.2 14861 25911.4 38079.4 77301.8 13319.1 12121.3 17975.1 14729.2 11540.5 9062.16 15869.3 21617.8 19381.7 15885.5 40813.5 20690.6 17692.3 15202.6 14647.6 64217.8 22390.9 18778.1 32218.8 35332.1
threshold=15.875000000000002 18.364336013793949 -0.60639065504074086 75.875000000000014 -0.96463498473167408 -0.17858051508665082 2.7940315008163457 17.154038429260257 73.625000000000014 -0.9769422411918639 2.5324829816818242 -0.97312742471694935 12.054138183593752 4.911114215850831 1.3844946026802065 -0.94978386163711537 26.891522407531742 -0.9852197766304015 -0.30265928804874415 0.10516610741615297 6.9006783962249765 1.0000000180025095e-35 10.666287899017336 -0.21966676414012906 33.614604949951179 -0.95752304792404164 17.5500020980835 5.1270968914031991 0.25725142657756811 -0.98049351572990406
decision_type=2 2 2 2 2 2 2 2 2 2 2 2 2 2 2 2 2 2 2 2 2 2 2 2 2 2 2 2 2 2
left_child=1 2 -1 4 5 6 14 8 9 -8 -10 12 13 -12 -2 16 17 19 -18 -5 -21 22 -22 -20 26 -26 27 -19 29 -29
right_child=3 -3 -4 15 -6 -7 7 -9 10 -11 11 -13 -14 -15 -16 -17 18 24 23 20 21 -23 -24 -25 25 -27 -28 28 -30 -31
leaf_value=0.01981635250276307 0.11410428136607699 -0.025161886009012872 0.13823581873052937 0.013809725838383354 -0.0079840324696236527 0.0012287648136557919 0.92856948999354716 -0.14545953108599555 0.028198877462207721 0.048574269107602382 0.38457439996388765 -0.013247213816534717 0.48761752457209839 -0.035851391611897314 -0.036864378327536106 -0.0010648171649643985 0.31477597392466333 0.019425659218911494 -0.19691780959683944 -0.12129034904338218 0.054695726322989933 0.0016137770981559843 0.45646370732170694 -0.029768114743302716 0.02845308874970633 0.66398132724551162 -0.11288479095543093 0.20686678824468616 0.27451243867126185 0.021888660181397235
leaf_weight=1776 1168 1302 1053 26869 194346 41418 275 510 1827 366 205 321 361 347 2585 209844 215 14186 1089 4615 336 1388 364 4214 1138 318 1424 2123 1312 7342
leaf_count=1776 1168 1302 1053 26869 194346 41418 275 510 1827 366 205 321 361 347 2585 209844 215 14186 1089 4615 336 1388 364 4214 1138 318 1424 2123 1312 7342
internal_value=5.61635e-05 0.03606 0.0642257 -0.000230268 -0.00392474 0.0120489 0.0682415 0.119724 0.15655 0.434572 0.0971043 0.198075 0.271713 0.12435 0.0102981 0.0030231 0.0158375 0.0216775 -0.0490826 6.31876e-05 -0.0549783 0.0914672 0.267102 -0.0643992 0.0477298 0.170839 0.0408746 0.0496874 0.0894667 0.0635538
internal_weight=524637 4131 2829 520506 243729 49383 7965 4212 3702 641 3061 1234 913 552 3753 276777 66933 61415 5518 33572 6703 2088 700 5303 27843 1456 26387 24963 10777 9465
internal_count=524637 4131 2829 520506 243729 49383 7965 4212 3702 641 3061 1234 913 552 3753 276777 66933 61415 5518 33572 6703 2088 700 5303 27843 1456 26387 24963 10777 9465
is_linear=0
shrinkage=0.04


Tree=203
num_leaves=31
num_cat=0
split_feature=3 13 14 10 1 4 17 2 12 3 10 0 6 7 6 11 11 11 7 10 2 8 4 9 4 8 18 0 3 1
split_gain=3279.01 8788.52 7453.52 9409.93 8287.42 8141.66 17923.1 15708.1 9814.45 13127.8 10712.9 10925.8 8093.57 9514.68 8024.23 10285.4 12286.8 37052.9 12641.6 18376.6 13965.7 11129 10924.5 10368.6 12636.9 12564.6 18402.7 12468.7 8283.02 8183.27
threshold=135.4094161987305 32.145883560180671 47.140737533569343 1.0000000180025095e-35 63.742164611816413 9.6106991767883319 28.76607704162598 68.288406372070327 25.475729942321781 16.483669281005863 -0.50648479163646687 79.397483825683608 62.554058074951179 48.610565185546882 41.198997497558601 -0.99818569421768177 -0.96904978156089772 -0.95998492836952198 28.54398345947266 -0.9550008475780486 38.733175277709968 17.375000000000004 52.737417221069343 73.375000000000014 13.968427658081056 18.375000000000004 102.4330520629883 13.844132423400881 33.466712951660163 23.689949035644535
decision_type=2 2 2 2 2 2 2 2 2 2 2 2 2 2 2 2 2 2 2 2 2 2 2 2 2 2 2 2 2 2
left_child=2 -2 14 5 -5 6 12 -7 -9 -10 -11 -12 -4 -14 -1 21 22 -18 20 -20 -19 -16 29 28 27 26 -26 -25 -21 -17
right_child=1 -3 3 4 -6 7 -8 8 9 10 11 -13 13 -15 15 16 17 18 19 23 -22 -23 -24 24 25 -27 -28 -29 -30 -31
leaf_value=-0.00011857133076239265 -0.012756291091213739 0.21601173201471638 0.019211044275705011 -0.33781878088911377 -0.03169149404742181 -0.14603593025611106 -0.29354027764657126 0.22879698399939233 0.22863394320011141 -0.29740193397543879 -0.13891019210818425 0.18519946891111094 0.39389996977104236 0.059441238822300194 0.02831715460161905 0.041949552507961493 0.53393927814438935 0.012728584440130936 -0.29318281385921746 -0.20359773921104971 0.46929281019377256 0.43631912738220879 0.18862004252367243 0.2260084703424067 0.13733795779004929 -0.077891127270810753 0.55890053534521111 -0.13376089932706353 0.043103268628012767 -0.19497463843083412
leaf_weight=512630 773 401 847 305 261 1746 207 305 252 273 388 276 248 297 212 330 246 218 286 412 202 209 205 202 687 245 213 556 444 761
leaf_count=512630 773 401 847 305 261 1746 207 305 252 273 388 276 248 297 212 330 246 218 286 412 202 209 205 202 687 245 213 556 444 761
internal_value=5.65709e-05 0.0665478 -9.38213e-05 -0.0467795 -0.199655 -0.0285233 0.0451462 -0.0649077 0.0302455 -0.02217 -0.0913241 -0.00344096 0.0972457 0.21599 0.000394153 0.0487279 0.0325179 0.0695113 0.0350973 0.00640615 0.238121 0.236288 -0.0731312 0.0384084 0.0902782 0.173591 0.242153 -0.0361912 -0.0766159 -0.123581
internal_weight=524637 1174 523463 5405 566 4839 1599 3240 1494 1189 937 664 1392 545 518058 5428 5007 3711 3465 3045 420 421 1296 2759 1903 1145 900 758 856 1091
internal_count=524637 1174 523463 5405 566 4839 1599 3240 1494 1189 937 664 1392 545 518058 5428 5007 3711 3465 3045 420 421 1296 2759 1903 1145 900 758 856 1091
is_linear=0
shrinkage=0.04


Tree=204
num_leaves=31
num_cat=0
split_feature=10 10 11 7 12 10 4 8 14 7 13 8 17 9 14 14 11 10 14 10 10 13 12 3 7 14 10 10 13 10
split_gain=3262.92 3887.81 26049 26052.9 21214.3 21916.8 29878.6 24318.3 23575.5 16831.9 13286.9 11800.8 31020.5 52678.4 43473.8 11901.4 9997.27 27437.3 24939.1 19982.2 38990 60638.8 51118.1 37675.3 34829.3 26255.8 24506.7 30277 23897.5 19717.8
threshold=-0.99993467330932606 -0.96235975623130787 -0.21231865882873532 5.3728456497192392 0.033279923722147949 -0.97312742471694935 1.0000000180025095e-35 19.125000000000004 0.56000369787216198 2.6079618930816655 0.040847579017281539 19.125000000000004 -12.446184158325194 74.875000000000014 17.176497459411625 22.132207870483402 -0.48501108586788172 -0.80987083911895741 1.4298237562179568 -0.7785360813140868 -0.74512827396392811 19.913098335266117 16.921483039855961 4.1479325294494638 3.2317669391632085 10.745212554931642 -0.60639065504074086 -0.64659911394119252 0.25120283663272863 -0.68508586287498463
decision_type=2 2 2 2 2 2 2 2 2 2 2 2 2 2 2 2 2 2 2 2 2 2 2 2 2 2 2 2 2 2
left_child=-1 2 3 4 -2 6 7 -6 -7 -9 -5 12 13 -4 -15 -13 17 18 -3 25 21 24 23 -23 28 -19 27 29 -21 -22
right_child=1 16 11 10 5 8 -8 9 -10 -11 -12 15 -14 14 -16 -17 -18 19 -20 20 26 22 -24 -25 -26 -27 -28 -29 -30 -31
leaf_value=-0.038778879265158758 0.010482354229396766 -0.042212534277661938 -0.00063706577465157306 0.22510445290339459 0.12140271573039618 0.31882235642701567 0.11387186056174084 0.35114325573235328 0.056010507829342276 0.87015871313613236 -0.017554233201513402 -0.010517727035726591 0.010094079942836683 0.17287783425040698 0.97076971711322313 -0.17585100757248343 -0.012693727807237848 -0.019997113266958716 0.062564720266317556 -0.012648374474280384 -0.036494452354664871 0.33353062742942824 0.10268680524686787 1.077960084210027 -0.023489237000236928 -0.16918110139772671 0.0025295249770223914 -0.090677862385163246 0.19616542063271822 0.033527304339339453
leaf_weight=3429 2415 4457 670 375 210 656 752 201 3072 244 5791 52764 38015 233 205 696 96774 7806 19546 1263 17145 251 525 202 5196 2481 235839 10287 2850 10287
leaf_count=3429 2415 4457 670 375 210 656 752 201 3072 244 5791 52764 38015 233 205 696 96774 7806 19546 1263 17145 251 525 202 5196 2481 235839 10287 2850 10287
internal_value=5.57155e-05 0.000311945 0.00713683 0.0585606 0.108329 0.154237 0.288349 0.48394 0.102986 0.648597 -0.00245578 -0.000487017 0.0162042 0.223874 0.559654 -0.0127027 -0.00143671 0.00198787 0.0430997 -0.00136845 0.000617243 0.0770286 0.375017 0.681596 0.0453532 -0.0561064 -0.00225887 -0.0321912 0.132169 -0.0102336
internal_weight=524637 521208 106299 13716 7550 5135 1407 655 3728 445 6166 92583 39123 1108 438 53460 414909 318135 24003 294132 283845 10287 978 453 9309 10287 273558 37719 4113 27432
internal_count=524637 521208 106299 13716 7550 5135 1407 655 3728 445 6166 92583 39123 1108 438 53460 414909 318135 24003 294132 283845 10287 978 453 9309 10287 273558 37719 4113 27432
is_linear=0
shrinkage=0.04


Tree=205
num_leaves=31
num_cat=0
split_feature=9 8 14 12 10 4 5 7 11 10 13 11 1 10 10 10 13 4 4 3 16 13 13 18 11 1 2 12 13 6
split_gain=3304.88 11659.7 10860.5 22717.9 24401.5 13941.9 10073.5 11491.4 10833.8 18012.8 12420.6 13237 12893 12523.3 22938.5 15875.1 18201.3 14552 12993.9 10872.5 9429.35 13071.2 19535.3 13867.5 9801.17 9726.37 8907.42 19595.8 28167.4 11369.6
threshold=73.375000000000014 19.125000000000004 61.235145568847663 76.606426239013686 -0.50648479163646687 16.405617713928226 16.277674674987797 64.519947052001967 -0.09339838474988936 -0.9769422411918639 28.452190399169925 -0.95502570271491993 52.09631538391114 -0.53584328293800343 -0.28622037172317499 0.07089784182608129 18.994112968444828 20.193595886230472 6.8852860927581796 17.681859016418461 -23.818926811218258 37.509904861450202 48.609493255615241 33.25129699707032 -0.95242238044738758 4.073477268218995 13.458413600921633 10.40043878555298 18.178462982177738 19.028192520141605
decision_type=2 2 2 2 2 2 2 2 2 2 2 2 2 2 2 2 2 2 2 2 2 2 2 2 2 2 2 2 2 2
left_child=1 2 3 6 -5 -4 -1 8 9 -8 13 12 -12 17 -15 19 -17 18 -11 -16 -3 23 -23 26 -24 -25 29 -28 -29 -22
right_child=-2 20 5 4 -6 -7 7 -9 -10 10 11 -13 -14 14 15 16 -18 -19 -20 -21 21 22 24 25 -26 -27 27 28 -30 -31
leaf_value=0.0085893790407417011 -0.00071005871378326054 -0.12444616258502519 -0.25508740090289228 -0.041590117869505311 0.46829763821065429 0.036421690394561133 0.46301454705734779 -0.15682192472448139 -0.10808440211703908 -0.030317113760161083 -0.010827483434377788 -0.07043600953947643 0.30224649978012669 0.51931339483401351 -0.20605938562325068 0.077765032740904017 0.57811894769895644 -0.098545644607353766 0.32163174130185679 0.16231407482881011 -0.0021068639680000361 0.34598211871657358 0.18668877679647672 0.07266069203817925 -0.10779100259758317 -0.18665975486277706 -0.044863633876379469 0.54963681979932721 -0.0058147396049857917 -0.17888379099169158
leaf_weight=9420 495720 1155 448 238 390 610 209 308 394 281 444 1167 389 330 249 269 200 533 401 244 6760 396 278 284 476 1139 704 278 296 627
leaf_count=9420 495720 1155 448 238 390 610 209 308 394 281 444 1167 389 330 249 269 200 533 401 244 6760 396 278 284 476 1139 704 278 296 627
internal_value=5.68255e-05 0.0131991 0.0351869 0.0436824 0.277437 -0.0882477 0.0336089 0.077013 0.0913859 0.108244 0.0908041 0.0163072 0.137225 0.149934 0.236195 0.134732 0.29875 0.057027 0.178278 -0.0241384 -0.0161227 -0.00488888 0.122283 -0.0194929 0.0018062 -0.134759 -0.000429854 0.0966486 0.268007 -0.017333
internal_weight=524637 28917 16524 15466 628 1058 14838 5418 5110 4716 4507 2000 833 2507 1292 962 469 1215 682 493 12393 11238 1150 10088 754 1423 8665 1278 574 7387
internal_count=524637 28917 16524 15466 628 1058 14838 5418 5110 4716 4507 2000 833 2507 1292 962 469 1215 682 493 12393 11238 1150 10088 754 1423 8665 1278 574 7387
is_linear=0
shrinkage=0.04


Tree=206
num_leaves=31
num_cat=0
split_feature=9 8 6 16 3 10 10 11 11 11 11 14 14 13 10 13 18 7 16 10 10 10 2 17 12 11 8 1 4 10
split_gain=3299.78 10893.4 13800.6 11904.2 11009.4 16073.7 16711.4 11656.8 10455.4 33007.3 14807.7 9946.4 9896.24 21860.3 35240.7 32034.2 21687.7 18194.1 18833.2 10930.8 21087.2 12260.4 10057.1 11387.4 9990.29 13794.2 14255.4 16642.3 9334.31 13840.5
threshold=78.625000000000014 20.625000000000004 23.554920196533207 -1.0000000180025095e-35 0.89824333786964428 0.19020386785268786 0.1393099054694176 -0.98372924327850331 -0.94137725234031666 -0.95752304792404164 -0.96904978156089772 7.7741827964782724 18.830307960510257 18.178462982177738 -0.9193688929080962 7.1416842937469491 22.590877532958988 18.011933326721195 -24.921383857727047 -0.64659911394119252 -0.3992436677217483 -0.55028682947158802 14.781302928924562 3.1825089454650883 5.3647177219390878 -0.22909598052501676 19.625000000000004 7.1405897140502939 0.27280762791633612 -0.90529522299766529
decision_type=2 2 2 2 2 2 2 2 2 2 2 2 2 2 2 2 2 2 2 2 2 2 2 2 2 2 2 2 2 2
left_child=-1 3 -3 4 7 6 12 11 9 10 -9 -2 19 14 -14 -16 -17 18 -15 24 21 -21 23 -22 25 26 27 -6 -28 -30
right_child=1 2 -4 -5 5 -7 -8 8 -10 -11 -12 -13 13 17 15 16 -18 -19 -20 20 22 -23 -24 -25 -26 -27 28 -29 29 -31
leaf_value=-0.001422219141734706 -0.013059625651584852 -0.0031150833430636645 -0.10357656055093582 0.004333127674792713 0.15117173376504112 -0.16451874659504245 0.41797731697773643 0.11323149734686633 0.0038364073044129211 0.43916779889468976 -0.22519715912140217 -0.23166315383592839 -0.13995054788746925 0.41146865388212717 0.11564692009370126 0.85331133998564956 0.30208023126951111 -0.02860644560282195 0.025920818100903142 0.02256625892443621 0.070908140106282574 -0.22319419555178688 -0.081530944016746806 0.35227113028911694 -0.013095678908521239 0.018443439344464338 0.30714111205950523 0.64231129933113806 0.3201191198799892 -0.00069352788063156983
leaf_weight=431001 862 37620 2313 34083 245 449 216 600 5141 379 303 534 255 372 392 255 230 1476 435 521 1125 845 478 282 1201 1272 349 204 270 929
leaf_count=431001 862 37620 2313 34083 245 449 216 600 5141 379 303 534 255 372 392 255 230 1476 435 521 1125 845 478 282 1201 1272 349 204 270 929
internal_value=5.64308e-05 0.00686199 -0.00895849 0.0186254 0.0434385 0.0678121 0.0771381 0.00661251 0.0294081 0.131131 -0.00155038 -0.0977331 0.0701579 0.126784 0.269728 0.389083 0.603286 0.05504 0.206506 0.0449804 -0.0108223 -0.129977 0.0757556 0.129389 0.0854988 0.121651 0.18697 0.38345 0.127886 0.0735998
internal_weight=524637 93636 39933 53703 19620 11801 11352 7819 6423 1282 903 1396 11136 3415 1132 877 485 2283 807 7721 3251 1366 1885 1407 4470 3269 1997 449 1548 1199
internal_count=524637 93636 39933 53703 19620 11801 11352 7819 6423 1282 903 1396 11136 3415 1132 877 485 2283 807 7721 3251 1366 1885 1407 4470 3269 1997 449 1548 1199
is_linear=0
shrinkage=0.04


Tree=207
num_leaves=31
num_cat=0
split_feature=8 10 9 11 16 3 16 8 6 14 2 10 10 14 10 9 8 10 7 18 17 3 7 7 10 2 3 3 6 1
split_gain=3225.94 9349.92 9333.42 9182.79 13293.5 9073.09 11220.2 9295.23 8416.14 8510.95 7110.85 16328.7 12215.9 25140.3 13704.1 11285.9 11953.7 10536.4 10184.6 9221.17 8010.2 6977.6 7103.4 6586.63 7736.46 6542.55 6432.08 6194.02 6334.48 6088.69
threshold=16.875000000000004 -0.99940761923789967 74.125000000000014 -0.49998149275779719 52.537317276000984 38.74134826660157 -34.359346389770501 16.375000000000004 36.024234771728523 42.708112716674812 28.785378456115726 0.07089784182608129 -0.80987083911895741 8.4871311187744158 -0.049434980377554887 73.875000000000014 16.125000000000004 -0.41495507955551142 4.0460314750671396 66.044982910156264 6.1399297714233407 1.0000000180025095e-35 5.8907151222229013 30.185176849365238 -0.53584328293800343 37.587842941284187 0.54762670397758495 8.7638773918151873 8.6285834312438983 12.024049758911135
decision_type=2 2 2 2 2 2 2 2 2 2 2 2 2 2 2 2 2 2 2 2 2 2 2 2 2 2 2 2 2 2
left_child=1 26 3 4 5 6 25 29 -9 -10 12 17 13 -8 20 16 18 -12 -16 -19 23 22 -5 -14 -25 -3 -1 28 -18 -7
right_child=-2 2 -4 21 -6 7 10 8 9 -11 11 -13 14 -15 15 -17 27 19 -20 -21 -22 -23 -24 24 -26 -27 -28 -29 -30 -31
leaf_value=0.27978291049556203 -0.00070094830148368259 -0.27199719256176069 -0.023263455295809008 0.0077181658304167535 -0.18058150105159496 0.068071906068108298 0.57686752690381593 -0.094659807951457731 0.28944543144386264 0.015269274616747383 0.10131629522542776 -0.059545255996715063 -0.0018984180098109622 0.034421311610488482 0.13806435145934423 0.024819867098507756 0.1292021427740504 0.18748768518883505 0.52825984910828994 0.4787190698195195 0.16590080373756905 -0.034791266422851103 0.17562156104747831 0.016155395655190214 -0.30092735083434469 0.018602411472756004 0.045376641529399304 0.27258241980845205 -0.11624175439962009 -0.12992932346607178
leaf_weight=333 495720 212 9387 1529 385 320 211 313 350 367 634 425 2393 362 200 1224 522 395 246 335 370 5143 538 218 270 278 423 272 237 1025
leaf_count=333 495720 212 9387 1529 385 320 211 313 350 367 634 425 2393 362 200 1224 522 395 246 335 370 5143 538 218 270 278 423 272 237 1025
internal_value=5.67218e-05 0.0130411 0.00928708 0.0255661 0.0476407 0.055655 0.0743538 -0.0136819 0.0763286 0.151247 0.0853412 0.155884 0.065791 0.240639 0.048583 0.114994 0.189052 0.222954 0.360149 0.325798 -0.00677578 -0.00985603 0.0520553 -0.0294494 -0.1618 -0.110052 0.150932 0.112288 0.0520466 -0.0826665
internal_weight=524637 28917 28161 18774 11564 11179 8804 2375 1030 717 8314 1789 6525 573 5952 2701 1477 1364 446 730 3251 7210 2067 2881 488 490 756 1031 759 1345
internal_count=524637 28917 28161 18774 11564 11179 8804 2375 1030 717 8314 1789 6525 573 5952 2701 1477 1364 446 730 3251 7210 2067 2881 488 490 756 1031 759 1345
is_linear=0
shrinkage=0.04


Tree=208
num_leaves=31
num_cat=0
split_feature=7 10 11 6 10 0 11 14 4 8 3 10 7 14 10 10 17 4 9 8 10 2 2 4 0 3 11 11 8 0
split_gain=3203.52 10465.8 9944.62 24224.4 23348.5 30787.1 22026.6 82431.4 56182.9 23120.5 17548.9 23456.6 16107 12520.3 11400.3 33924.4 60162.3 37538.7 25861.5 60172 23132 27470.7 20583.5 19911.3 16656.7 26492.9 23121.3 51490 25044.9 21143.8
threshold=13.132666110992433 0.27383534610271459 -0.99552518129348744 22.194952964782718 -0.01505099539645016 15.662874698638918 -0.99273797869682301 11.702699661254885 29.634329795837406 19.375000000000004 56.694669723510749 -0.049434980377554887 27.04564189910889 32.567819595336921 -0.59262362122535694 -0.47652685642242426 -6.1532654762268058 2.5195510387420659 75.375000000000014 20.375000000000004 -0.52124115824699391 17.70939922332764 2.3687123060226445 69.564117431640639 34.673616409301765 9.0562281608581561 -0.98049351572990406 -0.98372924327850331 18.875000000000004 63.910346984863288
decision_type=2 2 2 2 2 2 2 2 2 2 2 2 2 2 2 2 2 2 2 2 2 2 2 2 2 2 2 2 2 2
left_child=-1 2 3 -2 5 -5 7 9 -9 -4 11 13 -6 -7 -8 16 17 -16 20 -20 -19 -22 -21 -18 -17 -26 27 29 -28 -27
right_child=1 -3 6 4 12 10 14 8 -10 -11 -12 -13 -14 -15 15 24 23 18 19 22 21 -23 -24 -25 25 26 28 -29 -30 -31
leaf_value=0.0013442461711424927 -0.13808067665820936 -0.18585056524531449 0.25673445896157676 0.44839047159533951 0.070895094948023429 0.15075934339613808 -0.020566716146148342 -0.15086180368396754 0.54943598993995169 0.84376488037435726 -0.24113231570055124 0.42997366690903571 -0.17706303903123924 -0.24505967624485495 -0.066414003530178872 -0.035504049584165184 0.03692519893131533 0.011365571377483317 0.77322330203682488 -0.16962803808023347 0.082317747296736063 0.60959764551259799 0.38816246861023523 -0.18621957000673547 0.16090322727324557 -0.24117971060213758 0.022790353358602192 0.64965155860019286 -0.18493981611089166 0.22283772420641537
leaf_weight=448487 2920 513 202 374 699 264 37015 1042 212 253 273 257 1021 230 513 15789 4842 592 485 202 307 324 203 727 2008 325 2587 248 1437 286
leaf_count=448487 2920 513 202 374 699 264 37015 1042 212 253 273 257 1021 230 513 15789 4842 592 485 202 307 324 203 727 2008 325 2587 248 1437 286
internal_value=5.62363e-05 -0.0075287 -0.00629485 -0.0554936 0.0220431 0.142925 -0.00201929 0.139387 -0.02906 0.594275 0.0281008 0.127854 -0.0764667 -0.0347346 -0.00559892 0.0123463 0.0820461 0.239481 0.31371 0.477181 0.191843 0.358347 0.112572 0.0075134 -0.0128635 0.038988 -0.0113727 0.175805 -0.0516662 -0.0238893
internal_weight=524637 76150 75637 6038 3118 1398 69599 1709 1254 455 1024 751 1720 494 67890 30875 8195 2626 2113 890 1223 631 405 5569 22680 6891 4883 859 4024 611
internal_count=524637 76150 75637 6038 3118 1398 69599 1709 1254 455 1024 751 1720 494 67890 30875 8195 2626 2113 890 1223 631 405 5569 22680 6891 4883 859 4024 611
is_linear=0
shrinkage=0.04


Tree=209
num_leaves=31
num_cat=0
split_feature=9 8 14 12 10 4 14 11 10 4 17 11 12 6 12 7 4 13 16 13 13 18 11 1 17 8 2 12 13 6
split_gain=3259.16 10679.5 10235.1 21000.4 22821.8 12753 9644.02 9374.99 17299.7 15361.5 53968.5 23455.1 21876.8 27691.8 13100 10671.7 10271.1 9400.05 8670.86 12261.9 17859.2 12642.9 9042.51 8953.12 8579.4 8291.9 8220.87 18075.8 26077.8 10385.7
threshold=73.375000000000014 19.125000000000004 61.235145568847663 76.606426239013686 -0.16905184835195539 16.405617713928226 42.708112716674812 -0.92921787500381459 -0.28622037172317499 0.14904007315635684 -4.1210241317749015 -0.97696766257286061 23.586706161499027 10.884595394134523 40.489845275878913 21.954888343811039 40.309398651123054 10.129478931427004 -23.818926811218258 37.509904861450202 48.609493255615241 33.25129699707032 -0.95242238044738758 4.073477268218995 -3.9062957763671871 18.375000000000004 13.458413600921633 10.40043878555298 18.178462982177738 19.028192520141605
decision_type=2 2 2 2 2 2 2 2 2 2 2 2 2 2 2 2 2 2 2 2 2 2 2 2 2 2 2 2 2 2
left_child=1 2 3 7 6 -4 -5 8 -1 10 -10 14 13 -12 15 17 -17 -11 24 21 -21 26 -22 -23 -3 -7 29 -28 -29 -20
right_child=-2 18 5 4 -6 25 -8 -9 9 11 12 -13 -14 -15 -16 16 -18 -19 19 20 22 23 -24 -25 -26 -27 27 28 -30 -31
leaf_value=0.34805055360312331 -0.00070477841629558989 0.11173776562477267 -0.245240516756767 0.28974265951030659 0.60670693095562589 -0.10537771097277149 -0.083801800669767917 0.013580258678896028 0.67955992558609857 -0.011416705648383398 -0.0092458551371811144 -0.27158538459837089 -0.2570157897635682 0.49788243561863421 0.28391364928122398 -0.19793895365885245 0.0781419997762718 0.29448545122026998 -0.001813077256706663 0.33287678448547575 0.18132652272780736 0.070594851244874551 -0.10152772616855646 -0.17818433096290309 -0.16922964862392595 0.18530629190976419 -0.042780927017811131 0.52869489872000286 -0.0057508444639981964 -0.17076804307252871
leaf_weight=355 495720 205 448 202 202 320 224 10903 253 346 558 419 282 239 323 510 361 289 6760 396 278 284 476 1139 950 290 704 278 296 627
leaf_count=355 495720 205 448 202 202 320 224 10903 253 346 558 419 282 239 323 510 361 289 6760 396 278 284 476 1139 950 290 704 278 296 627
internal_value=5.67823e-05 0.0131078 0.0341511 0.0423983 0.267144 -0.0856769 0.0959078 0.0327127 0.0855558 0.0586293 0.16572 -0.00527797 0.0401033 0.147114 0.0568746 0.00662878 -0.0839246 0.130212 -0.0149547 -0.00418264 0.118989 -0.0183278 0.00376906 -0.128387 -0.11883 0.0335762 -0.000126223 0.0931357 0.257713 -0.0163653
internal_weight=524637 28917 16524 15466 628 1058 426 14838 3935 3580 1332 2248 1079 797 1829 1506 871 635 12393 11238 1150 10088 754 1423 1155 610 8665 1278 574 7387
internal_count=524637 28917 16524 15466 628 1058 426 14838 3935 3580 1332 2248 1079 797 1829 1506 871 635 12393 11238 1150 10088 754 1423 1155 610 8665 1278 574 7387
is_linear=0
shrinkage=0.04


Tree=210
num_leaves=31
num_cat=0
split_feature=10 9 9 8 14 12 10 4 17 7 13 11 11 11 2 7 12 0 14 4 14 11 12 10 13 10 5 7 10 4
split_gain=3211.29 4342.93 3827.75 10069.4 9846.13 18979.2 21449 11776.5 8552.1 9049.11 16578.7 8233.09 16927.7 21663.7 18239.9 16375.8 17254.1 9793.48 9648.43 8475.58 12206.2 22363.1 16478.9 10059 24003.8 21834.5 8120.69 10568.2 10318.3 14354.3
threshold=0.48030318319797521 73.625000000000014 73.375000000000014 19.125000000000004 61.235145568847663 76.606426239013686 -0.50648479163646687 16.405617713928226 4.9166469573974618 48.610565185546882 37.509904861450202 -0.98372924327850331 -0.95242238044738758 -0.92921787500381459 1.3348028659820559 21.954888343811039 7.4086289405822763 0.73444387316703807 12.418923377990724 36.87648010253907 9.2698264122009295 -0.09339838474988936 3.5915975570678715 -0.82956761121749867 15.233684539794924 -0.52124115824699391 16.277674674987797 64.519947052001967 0.27383534610271459 0.37504117190837866
decision_type=2 2 2 2 2 2 2 2 2 2 2 2 2 2 2 2 2 2 2 2 2 2 2 2 2 2 2 2 2 2
left_child=2 -2 3 4 5 26 -7 -6 9 10 11 15 18 14 -14 16 17 -5 -13 20 -15 22 -22 24 -24 -25 -1 28 29 -28
right_child=1 -3 -4 8 7 6 -8 -9 -10 -11 -12 12 13 19 -16 -17 -18 -19 -20 -21 21 -23 23 25 -26 -27 27 -29 -30 -31
leaf_value=0.011184873385111158 -0.13393842725403476 -0.017922942746296966 -0.00043405497923937428 0.21791762033116677 -0.23564507764548584 -0.042021013593241091 0.43591613693833353 0.032284717711710161 -0.076822742220586687 -0.1659854299724732 0.28751974787826046 -0.068567507118340629 0.022146963087210047 -0.034248588262223802 0.5430462353340415 -0.13320698287966662 0.444262764219443 -0.1504814030111116 -0.36792288728842609 -0.12441211156695751 0.46153259257562296 -0.22453349856984234 0.012490171074586094 -0.12341265812054349 0.52708152110316631 0.31703455477134851 0.27073541546009 -0.15137577159037383 -0.16212933911529243 0.071736069981520573
leaf_weight=9228 560 5536 489960 243 448 238 390 610 2613 463 330 411 217 3817 205 310 290 203 294 892 219 300 361 603 233 245 666 308 245 4199
leaf_count=9228 560 5536 489960 243 448 238 390 610 2613 463 330 411 217 3817 205 310 290 203 294 892 219 300 361 603 233 245 666 308 245 4199
internal_value=5.65316e-05 -0.0287824 0.000396113 0.0146227 0.0351754 0.043362 0.256967 -0.0823117 -0.0127871 0.00463909 0.0134226 0.00288073 -0.0113014 0.00739022 0.281903 0.107702 0.209597 0.0506154 -0.196805 -0.0103738 0.00741582 0.088276 0.145779 0.0949769 0.219726 0.00605111 0.0340338 0.0728581 0.0866428 0.0994778
internal_weight=524637 6096 518541 28581 16332 15274 628 1058 12249 9636 9173 8843 7797 7092 422 1046 736 446 705 6670 5778 1961 1661 1442 594 848 14646 5418 5110 4865
internal_count=524637 6096 518541 28581 16332 15274 628 1058 12249 9636 9173 8843 7797 7092 422 1046 736 446 705 6670 5778 1961 1661 1442 594 848 14646 5418 5110 4865
is_linear=0
shrinkage=0.04


Tree=211
num_leaves=31
num_cat=0
split_feature=15 8 3 10 10 16 8 10 4 9 10 11 10 12 5 3 8 9 10 10 16 3 11 2 12 14 0 16 7 0
split_gain=3285.32 7582.21 9969.93 17068.7 19066.6 11591 11327.1 14647.3 11280.1 16551 34413.9 16572.9 9626.45 9419.08 14365.3 8881.89 8587.19 8537.83 14198.3 18175.8 10961.5 11700.3 10568 8128.83 7708.52 7559.34 7531.9 14017.7 7420.15 10994.3
threshold=0.81250000000000011 20.625000000000004 12.681146144866945 0.20706263184547427 0.1563224866986275 91.815696716308608 18.875000000000004 -0.57868120074272145 18.672810554504398 73.375000000000014 -0.50648479163646687 -0.96234029531478871 -0.46133413910865778 104.49818801879884 94.673366546630874 56.694669723510749 17.375000000000004 77.125000000000014 -0.46133413910865778 0.019350802991539243 11.051298618316652 0.33371113240718847 -0.96466007828712452 2.4175077676773076 87.800563812255874 27.116916656494144 79.397483825683608 59.220882415771491 54.402153015136726 63.910346984863288
decision_type=2 2 2 2 2 2 2 2 2 2 2 2 2 2 2 2 2 2 2 2 2 2 2 2 2 2 2 2 2 2
left_child=26 2 8 4 5 6 13 15 16 10 -10 -11 -13 14 28 -8 -2 22 -19 20 -20 -22 -18 -9 25 -25 -1 -28 -4 -30
right_child=1 -3 3 -5 -6 -7 7 23 9 11 -12 12 -14 -15 -16 -17 17 18 19 -21 21 -23 -24 24 -26 -27 27 -29 29 -31
leaf_value=0.00051934958636480318 0.11969108559754922 -0.065463292475142654 0.013222286806259944 0.26742843555688017 -0.41867042829089451 0.16584973360785679 -0.054446656886320541 -0.0081679616782290871 -0.02548963147182675 -0.24897699210994925 0.63927687523295251 0.028969088367321209 0.31675309964042525 -0.24221019117528408 0.20905853939310806 0.2243775337801899 -0.1499126008267487 -0.048130298540787833 0.0066707969540791799 -0.060787381542587768 0.46331366535234786 0.15019111059789014 -0.0093601434642939397 -0.12272886185644039 -0.0034888528424058939 -0.33423264627267202 0.27937970259854961 -0.051108819197619983 -0.2340978137375018 0.04581667609474302
leaf_weight=501873 902 3916 2550 273 207 411 801 353 245 248 242 626 256 249 482 226 1148 1524 292 573 350 438 3287 433 219 793 420 388 535 377
leaf_count=501873 902 3916 2550 273 207 411 801 353 245 248 242 626 256 249 482 226 1148 1524 292 573 350 438 3287 433 219 793 420 388 535 377
internal_value=5.53696e-05 -0.0150867 -0.00412112 -0.037751 -0.0489972 -0.0381477 -0.0503135 -0.112072 0.0221441 0.118649 0.311062 0.0337233 0.115113 -0.00853648 0.0067915 0.00848299 0.00369794 -0.0101859 0.0397936 0.120658 0.216599 0.293332 -0.0459976 -0.180598 -0.222376 -0.261131 0.00071703 0.121995 -0.0218903 -0.119146
internal_weight=524637 21956 18040 7909 7636 7429 7018 2825 10131 1617 487 1130 882 4193 3944 1027 8514 7612 3177 1653 1080 788 4435 1798 1445 1226 502681 808 3462 912
internal_count=524637 21956 18040 7909 7636 7429 7018 2825 10131 1617 487 1130 882 4193 3944 1027 8514 7612 3177 1653 1080 788 4435 1798 1445 1226 502681 808 3462 912
is_linear=0
shrinkage=0.04


Tree=212
num_leaves=31
num_cat=0
split_feature=11 12 9 4 14 8 4 17 10 14 1 7 11 3 16 10 2 9 17 4 2 0 14 12 13 14 4 11 1 11
split_gain=3201.15 15921.2 27425.5 22619.7 16367.5 12558.1 14008.2 22875.1 20403.8 15277.3 14877 13950.9 12247.2 40479.9 48298.7 32350.9 35559.8 22984.3 25944.7 22571.8 12849.2 20419.1 14129.2 12114.8 11499.9 11261.1 10679.7 22629.1 21792.2 51021.1
threshold=-0.9852197766304015 62.632106781005866 73.375000000000014 4.7039978504180917 52.626115798950202 18.875000000000004 36.87648010253907 -5.9607648849487296 -0.032247759401798241 20.909932136535648 6.4410762786865243 18.934668540954593 -0.98049351572990406 2.7026025056838994 2.5918301343917851 -0.18598018586635587 2.9175800085067753 73.875000000000014 -3.6952384710311885 0.97059389948844921 10.941351890563967 1.4488610029220583 9.6631693840026873 15.311823368072512 48.609493255615241 30.957062721252445 0.64435541629791271 -0.96687281131744374 0.70866072177886974 -0.96234029531478871
decision_type=2 2 2 2 2 2 2 2 2 2 2 2 2 2 2 2 2 2 2 2 2 2 2 2 2 2 2 2 2 2
left_child=1 4 3 -3 5 6 7 23 9 11 -10 -8 13 17 20 16 -16 -2 -19 -17 21 -15 -23 -1 -6 -25 28 -28 -14 -30
right_child=12 2 -4 -5 24 -7 8 -9 10 -11 -12 -13 26 14 15 19 -18 18 -20 -21 -22 22 -24 25 -26 -27 27 -29 29 -31
leaf_value=-0.11347866826713807 -0.3561984821528395 0.13059844059959486 -0.028653309094888675 0.67640037586621204 -0.032921688057006675 0.0040772844696625775 -0.015690331113902844 -0.027011460848974277 0.020138323164261909 0.14151538888382673 0.33003810153070801 -0.46473289129879553 -0.0034445323031987818 0.0083646480166292819 0.97194303183649 -0.030927611598914322 0.29296504075146229 0.35933638765721398 -0.027607245062887493 0.3734579050640045 -0.050240667390471401 0.099468959960583095 0.45692815435772444 -0.12657347575093794 -0.42648990649729968 -0.52932141410727651 -0.070243189937718456 -0.003658237265594947 0.10371654090334538 0.010523840257433675
leaf_weight=1766 309 301 684 201 225 42885 232 20101 444 283 555 203 148590 1145 207 430 317 283 5149 441 1294 360 352 216 246 238 8509 197389 10630 80652
leaf_count=1766 309 301 684 201 225 42885 232 20101 444 283 555 203 148590 1145 207 430 317 283 5149 441 1294 360 352 216 246 238 8509 197389 10630 80652
internal_value=5.38054e-05 -0.00800294 0.136665 0.358079 -0.0105687 -0.00889628 -0.0320338 -0.0405106 0.077761 -0.0842324 0.19387 -0.230978 0.00126549 0.0443939 0.133427 0.328493 0.574366 -0.0262159 -0.00682474 0.175734 0.0463014 0.113483 0.280071 -0.16207 -0.243073 -0.344563 0.00026925 -0.00641322 0.00600529 0.0213865
internal_weight=524637 68580 1186 502 67394 66923 24038 22321 1717 718 999 435 456057 10287 4546 1395 524 5741 5432 871 3151 1857 712 2220 471 454 445770 205898 239872 91282
internal_count=524637 68580 1186 502 67394 66923 24038 22321 1717 718 999 435 456057 10287 4546 1395 524 5741 5432 871 3151 1857 712 2220 471 454 445770 205898 239872 91282
is_linear=0
shrinkage=0.04


Tree=213
num_leaves=31
num_cat=0
split_feature=6 9 8 4 4 3 7 10 10 12 17 10 14 10 8 16 10 10 4 8 12 3 17 16 3 10 9 5 3 9
split_gain=3199.62 9647.2 12289.6 13820.3 12614.6 8409.78 8301.8 9090.44 11507.3 4999.47 4625.89 15436.1 14632.8 14270.5 16745.1 21982.9 21610.2 18079.3 17673.2 22679 16600.4 15006.3 10887.8 8843.67 8224.6 7148.99 7102.57 6820.53 14179.3 19145
threshold=74.795677185058608 73.125000000000014 17.625000000000004 24.248847961425785 9.2847504615783709 59.892675399780281 64.519947052001967 -0.31900864839553827 -0.52124115824699391 62.632106781005866 17.642620086669925 0.1393099054694176 52.626115798950202 -0.99166062474250782 19.875000000000004 -90.839008331298814 0.019350802991539243 -0.083760455250740037 23.761612892150882 18.375000000000004 1.3065872192382815 7.143134832382203 28.76607704162598 -2.6297261714935298 12.225701332092287 -0.59262362122535694 73.375000000000014 45.639661788940437 17.065926551818851 73.375000000000014
decision_type=2 2 2 2 2 2 2 2 2 2 2 2 2 2 2 2 2 2 2 2 2 2 2 2 2 2 2 2 2 2
left_child=6 9 3 -3 -4 -6 10 8 -8 -2 27 12 13 -12 15 -15 17 18 24 -20 -16 -18 -13 -22 -17 -26 -21 -1 29 -29
right_child=1 2 4 -5 5 -7 7 -9 -10 -11 11 22 -14 14 20 16 21 -19 19 26 23 -23 -24 -25 25 -27 -28 28 -30 -31
leaf_value=0.00022751186212743158 0.028097960610722388 0.15464580719135071 -0.070219455938951111 -0.22828159165565637 0.46075705020804891 0.1637500833135912 -0.17198507333723242 -0.31497757017833217 0.16195569644191049 -0.24233201869933502 -0.21048322817651849 -0.071932010021577356 -0.22473364920606195 0.35812226388065577 0.28931574781829456 0.026198320314824983 0.082772170946798257 -0.31243079053858919 0.3951247350690521 0.15029162622399109 -0.13620496170689964 0.54222585171739635 -0.33822699038164916 -0.00046471186349890224 0.0022598058023222227 -0.23341352827060088 -0.16821012641629601 0.40508123526110112 0.0012419911442945401 0.051468110502652681
leaf_weight=508464 205 285 216 299 246 425 404 260 265 220 465 675 469 364 202 1933 252 254 418 205 1741 204 383 1368 383 435 224 371 2306 696
leaf_count=508464 205 285 216 299 246 425 404 260 265 220 465 675 469 364 202 1933 252 254 418 205 1741 204 383 1368 383 435 224 371 2306 696
internal_value=5.29281e-05 0.0517847 0.100201 -0.0419503 0.193217 0.277805 -0.000135692 -0.118965 -0.0392695 -0.114242 7.81393e-05 -0.0268861 -0.00966297 0.00252851 0.015184 0.063897 0.038265 0.00712211 0.0304843 0.189107 -0.0535382 0.295542 -0.170596 -0.0766705 -0.0188619 -0.124373 -0.0160557 0.000604151 0.0572122 0.17704
internal_weight=524637 1896 1471 584 887 671 522741 929 669 425 521812 9975 8917 8448 7983 4672 4308 3852 3598 847 3311 456 1058 3109 2751 818 429 511837 3373 1067
internal_count=524637 1896 1471 584 887 671 522741 929 669 425 521812 9975 8917 8448 7983 4672 4308 3852 3598 847 3311 456 1058 3109 2751 818 429 511837 3373 1067
is_linear=0
shrinkage=0.04


Tree=214
num_leaves=31
num_cat=0
split_feature=15 4 3 10 8 10 10 10 10 3 4 8 3 10 10 10 9 7 10 16 8 10 3 10 10 10 10 18 10 9
split_gain=3149.02 7718.54 10510.1 10960.6 8070.09 7395 11212.3 10572.1 10091 18051.9 9657.75 13529.8 9046.58 19828 22683.8 26473.2 14614.1 14111.5 12382.3 12167.6 10962.8 11063.9 9819.63 9763.32 8453.46 9055.93 13839.7 10245.1 8185.02 7679.66
threshold=0.81250000000000011 69.564117431640639 44.160251617431648 -0.50648479163646687 20.625000000000004 0.29033823311328893 0.24059136956930163 0.05372969992458821 0.20706263184547427 28.958769798278812 0.21049733459949496 18.625000000000004 12.681146144866945 -0.59262362122535694 -0.35141934454441065 -0.3992436677217483 74.375000000000014 30.185176849365238 -0.46133413910865778 91.815696716308608 18.875000000000004 -0.57868120074272145 56.694669723510749 -0.7996615171432494 -0.89015004038810719 -0.57868120074272145 -0.50648479163646687 49.656171798706062 -0.46133413910865778 77.875000000000014
decision_type=2 2 2 2 2 2 2 2 2 2 2 2 2 2 2 2 2 2 2 2 2 2 2 2 2 2 2 2 2 2
left_child=-1 4 3 -3 5 6 7 12 9 10 -9 -12 13 17 15 16 -15 23 -18 20 24 22 -22 -2 -14 27 -27 -26 -28 -16
right_child=1 2 -4 -5 -6 -7 -8 8 -10 -11 11 -13 19 14 29 -17 18 -19 -20 -21 21 -23 -24 -25 25 26 28 -29 -30 -31
leaf_value=0.00069901961932809179 0.041729142639815538 -0.15380782760060618 -0.28541012864283588 0.20522555098939904 -0.061892116189049391 -0.15327068417998854 0.24635952586442039 -0.2154771214636361 0.094888300315657648 -0.45414563164645033 0.28550635901339561 -0.12593807825950845 -0.14048791326725713 0.3447950762230173 -0.022967570906278913 0.56885160479657226 -0.12588189345642165 -0.28363690789662249 0.19367665677605037 0.19687444054851772 -0.062616927245698173 -0.16567107352937149 0.23503891858992099 -0.087242915217520964 -0.035029192205335277 -0.25606828848087548 0.27077109297842916 0.30038019958982076 0.0089653514088329396 0.12886363341553389
leaf_weight=502681 3081 339 381 213 3864 467 296 400 325 243 208 300 510 373 1506 289 363 284 395 368 776 1569 219 1339 234 288 202 368 1943 813
leaf_count=502681 3081 339 381 213 3864 467 296 400 325 243 208 300 510 373 1506 289 363 284 395 368 776 1569 219 1339 234 288 202 368 1943 813
internal_value=5.123e-05 -0.0147734 -0.126733 -0.0140812 -0.00974679 0.00202492 0.00645887 0.00198037 -0.0997694 -0.155077 -0.0709652 0.0447868 0.0121063 0.039367 0.107993 0.233306 0.143332 -0.0152938 0.0409962 -0.0234348 -0.0370061 -0.0998398 0.00458409 0.00254946 0.00859278 0.0340233 -0.000571243 0.171563 0.0347623 0.0305865
internal_weight=524637 21956 933 552 21023 17159 16692 16396 1476 1151 908 508 14920 8443 3739 1420 1131 4704 758 6477 6109 2564 995 4420 3545 3035 2433 602 2145 2319
internal_count=524637 21956 933 552 21023 17159 16692 16396 1476 1151 908 508 14920 8443 3739 1420 1131 4704 758 6477 6109 2564 995 4420 3545 3035 2433 602 2145 2319
is_linear=0
shrinkage=0.04


Tree=215
num_leaves=31
num_cat=0
split_feature=3 2 11 14 11 11 2 4 10 10 9 8 6 5 8 1 3 0 9 10 1 13 17 10 10 8 1 5 4 1
split_gain=3135.74 8227.41 6628.27 6150.78 7981.45 11122 9977.09 11028.4 8762.98 12071.4 8586.54 7455.48 6678.64 12550.9 13033.5 11731.1 8012.81 11993.5 10964.5 7432.91 6782.04 5688.04 5360.94 14396.1 10250 11214.4 9936.64 8540.84 7188.11 10522.9
threshold=135.4094161987305 5.2269523143768319 -0.96234029531478871 47.140737533569343 -0.99168640375137318 -0.99907308816909779 40.052888870239265 80.924495697021499 -0.43054369091987604 -0.33526359498500818 73.375000000000014 18.375000000000004 49.102416992187507 19.359487533569339 16.125000000000004 24.719000816345218 6.2563734054565439 98.417060852050795 73.375000000000014 -0.25309335440397257 57.163423538208015 27.442469596862797 -15.02767753601074 -0.49157854914665217 -0.60639065504074086 18.375000000000004 57.163423538208015 61.735446929931648 46.33366775512696 98.075862884521499
decision_type=2 2 2 2 2 2 2 2 2 2 2 2 2 2 2 2 2 2 2 2 2 2 2 2 2 2 2 2 2 2
left_child=3 -2 -3 12 5 -5 8 22 -6 -10 -11 -7 -1 -14 -15 -16 -17 18 -18 20 -20 -4 23 -8 25 -24 27 -26 29 -28
right_child=1 2 21 4 6 11 7 -9 9 10 -12 -13 13 14 15 16 17 -19 19 -21 -22 -23 24 -25 26 -27 28 -29 -30 -31
leaf_value=2.3781963974942297e-05 -0.10457940976003985 0.29845338351425083 -0.085666873023195075 0.064288848579948793 -0.011939766910023639 -0.12671992174459099 0.38471247499045291 -0.19706389034485472 -0.40058943204927128 0.086096210209544069 -0.25582775380086459 -0.44622157678947794 -0.22811670653659988 -0.13960585217528484 0.3221120117793308 0.3091613898488963 -0.19198288474407496 0.25091660974872831 -0.00073164562157575523 -0.10778743518301216 0.29323388279676438 0.15964976337090345 0.0434719174063724 -0.019433708749275806 0.03053268332907743 -0.35640259954134623 0.2954483555417603 -0.28228997468313322 -0.074778161717638861 0.037146854059089775
leaf_weight=515477 323 251 255 224 762 271 234 335 292 247 208 212 206 330 393 204 372 339 231 241 265 345 220 332 408 215 499 201 238 507
leaf_count=515477 323 251 255 224 762 271 234 335 292 247 208 212 206 330 393 204 372 339 231 241 265 345 220 332 408 215 499 201 238 507
internal_value=4.95568e-05 0.0650721 0.129931 -9.75132e-05 -0.0425075 -0.166842 -0.0234818 0.0166574 -0.10786 -0.204256 -0.0723521 -0.273163 0.00034577 0.064405 0.0906274 0.128279 0.0805062 0.0463929 -0.0178098 0.0714971 0.159018 0.055695 0.0423443 0.15143 0.0148175 -0.157735 0.0559542 -0.0756067 0.120449 0.166917
internal_weight=524637 1174 851 523463 5405 707 4698 3189 1509 747 455 483 518058 2581 2375 2045 1652 1448 1109 737 496 600 2854 566 2288 435 1853 609 1244 1006
internal_count=524637 1174 851 523463 5405 707 4698 3189 1509 747 455 483 518058 2581 2375 2045 1652 1448 1109 737 496 600 2854 566 2288 435 1853 609 1244 1006
is_linear=0
shrinkage=0.04


Tree=216
num_leaves=31
num_cat=0
split_feature=8 11 1 9 9 4 7 9 18 9 10 11 4 8 2 6 10 14 9 9 10 10 17 14 8 11 10 13 2 11
split_gain=3136.89 4230.84 6181.66 7379.67 7110.87 8820.91 3902.29 4160.8 4270.29 3653.38 9022 16920.1 11466.4 11566.2 20371.8 8230.87 14585.4 9714.81 8752.93 8021.34 7875.33 22145.9 23849 16102.5 44677.9 13559.6 18696 29322.4 9233.05 24244.9
threshold=15.875000000000002 -0.91595870256423939 28.867023468017582 73.875000000000014 74.125000000000014 4.7039978504180917 15.430895805358888 73.875000000000014 33.862798690795906 75.875000000000014 -0.96463498473167408 -0.19547851383686063 0.55632632970809948 19.375000000000004 1.8978324532508852 2.7180180549621586 -0.9769422411918639 6.8609321117401132 74.125000000000014 74.875000000000014 -0.99054482579231251 -0.98664820194244374 -5.2898738384246817 19.853636741638187 19.125000000000004 0.0096758542931638675 -0.99630266427993763 0.1241675838828087 1.0000000180025095e-35 0.12972188368439677
decision_type=2 2 2 2 2 2 2 2 2 2 2 2 2 2 2 2 2 2 2 2 2 2 2 2 2 2 2 2 2 2
left_child=1 2 4 -4 5 -1 -3 -8 -9 10 11 12 13 -2 -15 19 -17 18 -18 -14 23 22 -22 25 -25 -11 27 -27 29 -24
right_child=9 6 3 -5 -6 -7 7 8 -10 20 -12 -13 15 14 -16 16 17 -19 -20 -21 21 -23 28 24 -26 26 -28 -29 -30 -31
leaf_value=0.45380246907756444 0.083588586767629924 0.041804914805848206 -0.19615608656847919 0.11890644101011302 0.020328229906816563 0.10671051365380384 -0.15203365796818585 -0.076301408191965944 0.13916408259868621 -0.04570227143641984 -0.007679038595411445 0.0024471352791271901 -0.11536253917341432 0.098309286556927861 0.53087050325603324 0.29403659771444746 0.36370858236177023 -0.042952881873699271 0.01437773038712583 0.058047144301525959 0.35166748371744694 0.0034311876172680366 0.35591002139958222 0.5419589047893062 -0.15777903391300022 -0.02102873687666261 -0.046008236001809345 0.14168380368174263 0.0043631018262954117 0.048254343680063622
leaf_weight=200 2035 1836 206 255 351 284 411 348 240 15815 194346 43011 950 451 280 399 205 1044 248 760 479 242406 511 281 286 3921 5421 3220 2496 1941
leaf_count=200 2035 1836 206 255 351 284 411 348 240 15815 194346 43011 950 451 280 399 205 1044 248 760 479 242406 511 281 286 3921 5421 3220 2496 1941
internal_value=4.7228e-05 0.0347238 0.0942959 -0.0230563 0.158592 0.25642 0.00725512 -0.0560268 0.0125002 -0.000228645 -0.00379969 0.0114659 0.0722431 0.133362 0.268924 0.0251227 0.0823166 0.0243095 0.176905 -0.0384022 0.00291603 0.00522205 0.0850603 -0.0168242 0.192387 -0.0210707 0.009951 0.0524367 0.0585936 0.113555
internal_weight=524637 4131 1296 461 835 484 2835 999 588 520506 243729 49383 6372 2766 731 3606 1896 1497 453 1710 276777 247833 5427 28944 567 28377 12562 7141 4948 2452
internal_count=524637 4131 1296 461 835 484 2835 999 588 520506 243729 49383 6372 2766 731 3606 1896 1497 453 1710 276777 247833 5427 28944 567 28377 12562 7141 4948 2452
is_linear=0
shrinkage=0.04


Tree=217
num_leaves=31
num_cat=0
split_feature=8 10 9 11 16 3 16 1 3 7 11 17 4 2 7 1 11 14 11 11 2 13 14 6 3 9 4 10 17 7
split_gain=3040.84 8627.41 8714.71 8539.75 12531.5 8072.9 9386.5 6645.48 6367.7 6537.96 6143.92 8446.1 8634.6 13604.4 19276 6794.33 6152.54 6091.31 10091.6 8794.52 6064.78 6059.51 8968.75 5930.17 5901.19 5654.48 13247.8 10539.8 8872.64 15790.3
threshold=16.875000000000004 -0.99940761923789967 74.125000000000014 -0.49998149275779719 52.537317276000984 56.694669723510749 -34.359346389770501 68.345077514648452 1.0000000180025095e-35 5.8907151222229013 -0.99966478347778309 -4.2374904155731192 20.984331130981449 51.97288894653321 25.803184509277347 30.272852897644047 -0.89404255151748646 34.566368103027351 -0.26244230568408961 -0.17858051508665082 37.587842941284187 22.640401840209964 27.116916656494144 10.74553966522217 0.54762670397758495 73.875000000000014 0.59945908188819896 -0.25309335440397257 8.4195356369018572 4.0460314750671396
decision_type=2 2 2 2 2 2 2 2 2 2 2 2 2 2 2 2 2 2 2 2 2 2 2 2 2 2 2 2 2 2
left_child=1 24 3 4 5 6 20 21 9 -5 -8 -12 16 14 -14 -16 25 18 -10 23 -3 22 -7 -20 -1 26 28 -27 29 -13
right_child=-2 2 -4 8 -6 7 10 -9 17 -11 11 12 13 -15 15 -17 -18 -19 19 -21 -22 -23 -24 -25 -26 27 -28 -29 -30 -31
leaf_value=0.26853199317530019 -0.00068805257196839407 -0.23284987737635029 -0.022405373297352354 0.0072274346051036378 -0.17551724107733258 -0.16095741659402849 0.25000139821826095 0.13339756973802228 -0.13063353752761336 0.16830822038851731 0.0010538683335534291 0.13716031037867488 0.23777620534050267 0.40868335941298439 -0.15260517738171814 0.095636117606890905 0.0073142464833820557 0.14806088704231371 0.032649357306421732 -0.032810191822177807 0.02282684569767976 -0.16706835209777868 0.17172482332848668 0.30800231663628258 0.043989768060608218 0.24657428856568864 0.0074389584925001031 -0.011693434533855971 0.045325816451467604 0.53537987407141174
leaf_weight=333 495720 249 9387 1529 385 228 307 282 1473 538 2143 346 900 298 383 311 1893 271 310 2886 344 591 275 203 423 312 594 1173 249 301
leaf_count=333 495720 249 9387 1529 385 228 307 282 1473 538 2143 346 900 298 383 311 1893 271 310 2886 344 591 275 203 423 312 594 1173 249 301
internal_value=4.75593e-05 0.0126539 0.00904782 0.024778 0.0460657 0.0538469 0.0665765 -0.0366683 -0.00938151 0.0497621 0.0765231 0.0702673 0.0921748 0.164551 0.116647 -0.0415833 0.0637653 -0.0332021 -0.0435673 -0.00556352 -0.0866126 -0.0813174 0.0207285 0.145415 0.14511 0.0995405 0.154376 0.0438552 0.250631 0.327751
internal_weight=524637 28917 28161 18774 11564 11179 9803 1376 7210 2067 9210 8903 6760 1892 1594 694 4868 5143 4872 3399 593 1094 503 513 756 2975 1490 1485 896 647
internal_count=524637 28917 28161 18774 11564 11179 9803 1376 7210 2067 9210 8903 6760 1892 1594 694 4868 5143 4872 3399 593 1094 503 513 756 2975 1490 1485 896 647
is_linear=0
shrinkage=0.04


Tree=218
num_leaves=31
num_cat=0
split_feature=7 10 10 17 4 4 9 8 4 10 2 14 10 10 1 12 10 17 4 11 10 17 17 11 8 14 13 14 9 2
split_gain=3070.58 12222.7 33361.3 53660.4 32807.2 28156 20530.6 45704.6 22424.3 18113.8 16901 16357.2 69334.6 59894.2 26017.9 30650.4 20284.7 14344.1 14265 13475.3 34052.2 20461.8 20334 19541.7 19360.3 29909.7 19283.5 29318 58850.1 17433.2
threshold=11.759320735931398 -0.59262362122535694 -0.47652685642242426 -4.2374904155731192 2.4708154201507573 80.924495697021499 75.375000000000014 20.375000000000004 14.998272418975832 -0.52124115824699391 17.70939922332764 7.6809659004211435 0.088045001029968276 0.12225609645247461 6.5462727546691903 53.479955673217781 -0.10088855028152464 -11.182233333587645 89.198886871337905 -0.92272481322288502 -0.43054369091987604 28.76607704162598 36.079080581665046 -0.98932650685310353 18.125000000000004 25.168112754821781 12.032203674316408 34.566368103027351 74.125000000000014 0.43929915130138403
decision_type=2 2 2 2 2 2 2 2 2 2 2 2 2 2 2 2 2 2 2 2 2 2 2 2 2 2 2 2 2 2
left_child=-1 -2 3 4 -3 6 9 8 -8 -6 -11 12 16 -14 15 -13 -4 -9 -5 22 24 -22 29 -24 25 -21 -26 28 -28 -16
right_child=1 2 11 18 5 -7 7 17 -10 10 -12 14 13 -15 19 -17 -18 -19 -20 20 21 -23 23 -25 26 -27 27 -29 -30 -31
leaf_value=0.0014388723743238305 -0.021395743575550474 -0.032048409468464316 0.079893470453088686 0.018037633478285596 0.033622671458537021 -0.11347129864469943 0.40851671028319281 -0.093870719398061436 0.92152952433224544 0.13649023294376011 0.54170095710225385 -0.090725158401191677 0.89934603336474883 0.03244277498530232 -0.14095968515003748 0.30520439190864568 -0.13107635297551626 0.31520910749369924 -0.22593571691135661 -0.51620738231380225 -0.20422660424077413 0.17531042624540366 0.059593042096442721 -0.33923535456280696 -0.17249718117199359 0.040199396103253897 0.88497757035042102 -0.10662050221641858 0.1366079250823615 0.037644715204634055
leaf_weight=434744 45049 765 1904 5349 605 279 301 206 292 348 319 8625 268 237 913 315 1168 379 403 203 2103 247 328 471 268 559 211 365 724 16689
leaf_count=434744 45049 765 1904 5349 605 279 301 206 292 348 319 8625 268 237 913 315 1168 379 403 203 2103 247 328 471 268 559 211 365 724 16689
internal_value=4.73265e-05 -0.00668193 0.00810062 0.0757534 0.19915 0.26384 0.307094 0.427349 0.672223 0.193261 0.335426 -0.00948743 0.0715193 0.501032 -0.018556 -0.0764492 -0.00048405 0.172 0.000581782 0.00389122 -0.05664 -0.163761 0.0193088 -0.176798 0.0516387 -0.112796 0.131758 0.195319 0.313069 0.0283059
internal_weight=524637 89893 44844 9246 3494 2729 2450 1178 593 1272 667 35598 3577 505 32021 8940 3072 585 5752 23081 4680 2350 18401 799 2330 762 1568 1300 935 17602
internal_count=524637 89893 44844 9246 3494 2729 2450 1178 593 1272 667 35598 3577 505 32021 8940 3072 585 5752 23081 4680 2350 18401 799 2330 762 1568 1300 935 17602
is_linear=0
shrinkage=0.04


Tree=219
num_leaves=31
num_cat=0
split_feature=9 10 10 12 12 8 6 11 10 7 16 10 10 12 10 4 7 10 4 3 12 10 2 2 12 4 11 10 10 11
split_gain=3099.06 10926.2 19878.9 25501.5 12636 8919.39 14015.8 8930.81 17633 36772.6 10073.7 24883.3 48400.7 56348.4 32630.3 29914.1 22227.4 20378.6 24629 29298.7 19945 18665.9 23168.1 18510.4 16243.9 21527.7 15584.9 28920.4 63144.7 27332.7
threshold=78.625000000000014 0.30675521492958074 0.29033823311328893 3.6600785255432133 0.3630432933568955 21.125000000000004 22.864641189575199 -0.14463099837303159 -0.98370367288589466 6.5954594612121591 0.055864945054054267 -0.82956761121749867 -0.87395131587982167 0.67163082957267772 -0.76762619614601124 44.749507904052741 11.759320735931398 -0.53584328293800343 0.11500039696693422 10.864723205566408 3.6600785255432133 -0.89015004038810719 40.052888870239265 27.465061187744144 1.3737348914146426 16.405617713928226 -0.99375280737876881 -0.31900864839553827 -0.28622037172317499 -0.98932650685310353
decision_type=2 2 2 2 2 2 2 2 2 2 2 2 2 2 2 2 2 2 2 2 2 2 2 2 2 2 2 2 2 2
left_child=-1 2 5 4 -4 7 -7 8 9 -2 11 12 15 -14 -13 21 -15 18 19 -16 -19 22 24 26 25 -10 -22 -28 -29 -30
right_child=1 -3 3 -5 -6 6 -8 -9 10 -11 -12 14 13 16 17 -17 -18 20 -20 -21 23 -23 -24 -25 -26 -27 27 28 29 -31
leaf_value=-0.0013853756017410102 0.57925945160970149 -0.038591297165789233 0.17817147897073515 -0.13025535142989386 0.62829631476490588 -0.007312613104098831 -0.15871551282256124 -0.0074889432207390005 0.043290890619286114 0.037082160334358238 -0.00018459166375215308 -0.15011837463953592 0.72194381430260834 0.28591170130635146 0.14782496016020374 0.42687064763766069 -0.15598434773835249 -0.03002990715159197 0.057038806076304883 0.658892391886442 -0.031134318749258375 -0.18498461071271124 0.35189340851592776 -0.066322951210545072 -0.063064346934715479 0.35242211505874643 0.016224407345634097 0.87938305724380361 0.55130029493347421 0.083936557056427413
leaf_weight=431001 271 7820 206 200 206 16512 1030 19062 2253 701 20097 1741 390 530 682 315 267 8968 4019 238 910 560 382 1209 1763 420 1280 224 234 1146
leaf_count=431001 271 7820 206 200 206 16512 1030 19062 2253 701 20097 1741 390 530 682 315 267 8968 4019 238 910 560 382 1209 1763 420 1280 224 234 1146
internal_value=4.75983e-05 0.00664294 0.0107689 0.236083 0.412789 0.00912304 -0.0162878 0.0157125 0.0248122 0.192604 0.0213482 0.037061 0.102887 0.334137 0.0150915 0.0541697 0.137775 0.0303733 0.100123 0.285699 0.00566149 0.0315881 0.0570915 0.0695715 0.0309707 0.0929962 0.112936 0.158346 0.270956 0.166581
internal_weight=524637 93636 85816 612 412 85204 17542 67662 48600 972 47628 27531 6880 1187 20651 5693 797 18910 4939 920 13971 5378 4818 5003 4436 2673 3794 2884 1604 1380
internal_count=524637 93636 85816 612 412 85204 17542 67662 48600 972 47628 27531 6880 1187 20651 5693 797 18910 4939 920 13971 5378 4818 5003 4436 2673 3794 2884 1604 1380
is_linear=0
shrinkage=0.04


end of trees

feature_importances:
season_sin=1580
season_cos=800
longitude=589
latitude=425
neighbor_mean7=403
mean14=394
rain_thirteen_before=383
rain_six_before=326
neighbor_last=300
neighbor_mean3=274
mean7=211
rain_two_before=176
trend3_7=161
rain_last=146
trend1=114
rain_previous=87
mean3=86
max3=77
neighbor_event_fraction=68

parameters:
[boosting: gbdt]
[objective: regression]
[metric: l2]
[tree_learner: serial]
[device_type: cpu]
[data_sample_strategy: bagging]
[data: ]
[valid: ]
[num_iterations: 220]
[learning_rate: 0.04]
[num_leaves: 31]
[num_threads: 4]
[seed: 42]
[deterministic: 1]
[force_col_wise: 1]
[force_row_wise: 0]
[histogram_pool_size: -1]
[max_depth: -1]
[min_data_in_leaf: 200]
[min_sum_hessian_in_leaf: 0.001]
[bagging_fraction: 1]
[pos_bagging_fraction: 1]
[neg_bagging_fraction: 1]
[bagging_freq: 0]
[bagging_seed: 400]
[bagging_by_query: 0]
[feature_fraction: 1]
[feature_fraction_bynode: 1]
[feature_fraction_seed: 30056]
[extra_trees: 0]
[extra_seed: 12879]
[early_stopping_round: 0]
[early_stopping_min_delta: 0]
[first_metric_only: 0]
[max_delta_step: 0]
[lambda_l1: 0]
[lambda_l2: 10]
[linear_lambda: 0]
[min_gain_to_split: 0]
[drop_rate: 0.1]
[max_drop: 50]
[skip_drop: 0.5]
[xgboost_dart_mode: 0]
[uniform_drop: 0]
[drop_seed: 17869]
[top_rate: 0.2]
[other_rate: 0.1]
[min_data_per_group: 100]
[max_cat_threshold: 32]
[cat_l2: 10]
[cat_smooth: 10]
[max_cat_to_onehot: 4]
[top_k: 20]
[monotone_constraints: ]
[monotone_constraints_method: basic]
[monotone_penalty: 0]
[feature_contri: ]
[forcedsplits_filename: ]
[refit_decay_rate: 0.9]
[cegb_tradeoff: 1]
[cegb_penalty_split: 0]
[cegb_penalty_feature_lazy: ]
[cegb_penalty_feature_coupled: ]
[path_smooth: 0]
[interaction_constraints: ]
[verbosity: -1]
[saved_feature_importance_type: 0]
[use_quantized_grad: 0]
[num_grad_quant_bins: 4]
[quant_train_renew_leaf: 0]
[stochastic_rounding: 1]
[linear_tree: 0]
[max_bin: 255]
[max_bin_by_feature: ]
[min_data_in_bin: 3]
[bin_construct_sample_cnt: 200000]
[data_random_seed: 175]
[is_enable_sparse: 1]
[enable_bundle: 1]
[use_missing: 1]
[zero_as_missing: 0]
[feature_pre_filter: 1]
[pre_partition: 0]
[two_round: 0]
[header: 0]
[label_column: ]
[weight_column: ]
[group_column: ]
[ignore_column: ]
[categorical_feature: ]
[forcedbins_filename: ]
[precise_float_parser: 0]
[parser_config_file: ]
[objective_seed: 16083]
[num_class: 1]
[is_unbalance: 0]
[scale_pos_weight: 1]
[sigmoid: 1]
[boost_from_average: 1]
[reg_sqrt: 0]
[alpha: 0.9]
[fair_c: 1]
[poisson_max_delta_step: 0.7]
[tweedie_variance_power: 1.5]
[lambdarank_truncation_level: 30]
[lambdarank_norm: 1]
[label_gain: ]
[lambdarank_position_bias_regularization: 0]
[eval_at: ]
[multi_error_top_k: 1]
[auc_mu_weights: ]
[num_machines: 1]
[local_listen_port: 12400]
[time_out: 120]
[machine_list_filename: ]
[machines: ]
[gpu_platform_id: -1]
[gpu_device_id: -1]
[gpu_device_id_list: ]
[gpu_use_dp: 0]
[num_gpu: 1]

end of parameters

pandas_categorical:[]
