tree
version=v4
num_class=1
num_tree_per_iteration=1
label_index=0
max_feature_idx=18
objective=tweedie
feature_names=rain_last rain_previous rain_two_before rain_six_before rain_thirteen_before mean3 mean7 mean14 latitude longitude season_sin season_cos neighbor_last neighbor_mean3 neighbor_mean7 neighbor_event_fraction trend1 trend3_7 max3
feature_infos=[0:363.2586669921875] [0:348.82827758789062] [0:363.2586669921875] [0:338.51748657226562] [0:338.41162109375] [0:287.05026245117188] [0:158.28367614746094] [0:137.42317199707031] [15.75:21.75] [72.75:80.75] [-0.99999940395355225:0.50279074907302856] [-0.99997919797897339:0.50928199291229248] [0:223.12286376953125] [0:161.6943359375] [0:110.1990966796875] [0:1] [-343.12725830078125:335.645263671875] [-99.155342102050781:132.16725158691406] [0:363.2586669921875]
tree_sizes=3373 3542 3542 3559 3547 3559 3557 3547 3550 3558 3564 3555 3567 3564 3566 3569 3562 3580 3559 3558 3568 3568 3569 3587 3568 3580 3560 3571 3577 3569 3571 3577 3573 3564 3576 3576 3580 3580 3577 3581 3577 3582 3585 3566 3590 3571 3569 3584 3566 3570 3558 3578 3583 3566 3569 3569 3580 3567 3574 3575 3569 3585 3542 3575 3559 3566 3565 3577 3570 3558 3597 3577 3557 3590 3590 3569 3565 3595 3553 3559 3571 3576 3583 3589 3563 3579 3582 3584 3540 3569 3567 3558 3583 3562 3578 3553 3575 3580 3595 3563 3572 3567 3560 3568 3590 3538 3573 3549 3595 3557 3566 3607 3534 3566 3561 3552 3586 3543 3564 3543 3530 3545 3573 3525 3548 3570 3531 3574 3541 3546 3578 3578 3515 3550 3531 3529 3572 3573 3562 3561 3534 3575 3550 3554 3550 3569 3558 3538 3540 3522 3572 3536 3542 3548 3577 3551 3545 3579 3560 3564 3566 3510 3547 3573 3545 3556 3559 3568 3529 3555 3570 3530 3536 3546 3532 3566 3543 3568 3556 3547 3531 3540 3537 3551 3554 3583 3528 3531 3539 3534 3529 3548 3512 3521 3531 3549 3540 3511 3525 3532 3524 3525 3556 3516 3538 3525 3552 3561 3521 3517 3514 3541 3547 3526 3537 3528 3530 3563 3542 3542

Tree=0
num_leaves=31
num_cat=0
split_feature=13 9 11 11 9 9 11 14 9 8 11 10 10 10 9 10 11 9 10 11 9 10 10 11 11 14 8 10 10 10
split_gain=348794 143145 125622 34303.5 27603 28420.1 24088.4 21881 21873.1 13687.9 12877.2 11545.9 11125.5 8122.86 6455.96 5367.07 5281.18 4709.51 3525.73 3506.7 3493.66 3490.43 7608.75 4170.7 3303.61 3299.6 3705.93 3981.73 4386.19 4280.32
threshold=5.4748840332031259 73.875000000000014 0.078402601182460799 -0.37645272910594935 73.875000000000014 76.875000000000014 -0.09339838474988936 0.62382140755653392 78.125000000000014 16.625000000000004 0.16375125199556353 -0.99866804480552662 -0.56456753611564625 -0.97509795427322377 76.125000000000014 0.3393120169639588 -0.12758953124284741 78.875000000000014 -0.01505099539645016 -0.92921787500381459 73.875000000000014 -0.98046803474426258 -0.96463498473167408 0.026874557137489322 -0.92921787500381459 1.0000000180025095e-35 19.625000000000004 -0.74512827396392811 -0.41495507955551142 -0.7785360813140868
decision_type=2 2 2 2 2 2 2 2 2 2 2 2 2 2 2 2 2 2 2 2 2 2 2 2 2 2 2 2 2 2
left_child=2 6 4 8 19 21 12 15 9 -3 -5 -9 -2 20 -11 16 -7 -13 24 -1 -4 23 -23 -6 -10 -24 27 29 -29 -27
right_child=1 3 13 10 5 7 -8 11 18 14 -12 17 -14 -15 -16 -17 -18 -19 -20 -21 -22 22 25 -25 -26 26 -28 28 -30 -31
leaf_value=1.9833903450758696 1.9894999491544307 1.985995878883386 1.9467085968561153 1.9439119105570164 1.9117601029661206 1.9437286246975953 1.9452688063366586 1.9101424416995398 1.9892414060155603 1.9446158051696634 1.8990708879032709 1.953077983997642 2.0074797423971229 1.8906414767651223 1.9604899097796959 1.9095580217478878 1.8882180527775525 1.966138728074007 1.9616380021561088 1.9622613544245686 1.9087837605581388 1.9624570906486787 1.9125524279466357 1.9423297873514995 1.9756757661050142 1.9342023120550913 1.9404208176086191 1.9145309967141364 1.9309810740505213 1.9650474604347465
leaf_weight=19687.505189418793 83057.589196443558 23579.59222137928 4433.4988907575607 67060.678548693657 25251.602614998817 23932.2434425354 12849.918923377991 8130.0765134096146 45457.415473222733 73789.26308631897 12086.746710538864 99918.191127300262 163928.4939699173 81810.107384681702 92202.417773008347 18878.301560282707 3088.1384584903717 79164.185866117477 17842.460332155228 34751.782276630402 31759.083872556686 14048.05611872673 12933.306576132774 9969.1259511709213 78255.249786734581 39397.705847501755 79759.314415216446 36134.489434480667 92167.616497993469 8800.2616279125214
leaf_count=4744 17631 5393 1834 28618 14597 10234 5402 4763 9704 31245 7710 38331 20934 55415 32156 11109 2130 25505 6126 11830 18803 4769 7429 4329 21701 18613 35347 20416 44939 2880
internal_value=1.95463 1.97543 1.93538 1.96071 1.94274 1.94005 1.99866 1.95067 1.96637 1.95748 1.93706 1.95673 2.00144 1.89763 1.95343 1.92592 1.93736 1.95885 1.97827 1.96991 1.91343 1.93229 1.93376 1.92041 1.98066 1.93227 1.93326 1.93003 1.92635 1.93984
internal_weight=1.39412e+06 670110 724015 410274 606012 551573 259836 233111 331126 189571 79147.4 187212 246986 118003 165992 45898.7 27020.4 179082 141555 54439.3 36192.6 318461 283241 35220.7 123713 269193 256259 176500 128302 48198
internal_count=524637 186620 338017 142653 261965 245391 43967 92072 106325 68794 36328 68599 38565 76052 63401 23473 12364 63836 37531 16574 20637 153319 134393 18926 31405 129624 122195 86848 65355 21493
is_linear=0
shrinkage=1


Tree=1
num_leaves=31
num_cat=0
split_feature=13 9 11 11 9 9 11 9 14 11 8 10 10 9 10 11 10 11 9 5 9 10 11 11 5 10 14 8 11 10
split_gain=323704 134802 119828 31713 25526.4 26356.4 22797.7 20362 20332.9 12248.9 12094.2 10760.9 8164.58 7021.67 6903.36 6721.73 5084.03 5077.89 4344.69 3504.78 3317.34 3296.53 7053.07 3951.84 3262.11 3214.3 3081.9 3555.5 3430.22 4169.69
threshold=5.4748840332031259 73.875000000000014 0.078402601182460799 -0.37645272910594935 73.875000000000014 76.875000000000014 -0.36046156287193293 78.375000000000014 0.62382140755653392 0.16375125199556353 16.625000000000004 -0.99866804480552662 -0.97509795427322377 76.375000000000014 -0.56456753611564625 0.12972188368439677 0.3393120169639588 -0.12758953124284741 78.875000000000014 2.6587920188903813 73.875000000000014 -0.98046803474426258 -0.27900144457817072 0.026874557137489322 8.9793210029602069 -0.01505099539645016 1.0000000180025095e-35 19.625000000000004 -0.66686570644378651 -0.41495507955551142
decision_type=2 2 2 2 2 2 2 2 2 2 2 2 2 2 2 2 2 2 2 2 2 2 2 2 2 2 2 2 2 2
left_child=2 6 4 7 19 21 14 10 16 -5 -3 -10 20 -12 -2 -8 17 -7 -13 -1 -4 23 26 -6 -16 -9 -23 28 29 -28
right_child=1 3 12 9 5 8 15 25 11 -11 13 18 -14 -15 24 -17 -18 -19 -20 -21 -22 22 -24 -25 -26 -27 27 -29 -30 -31
leaf_value=0.0074505565208693864 0.036199591944874911 0.030297675050226968 -0.0076087256779334362 -0.010297308739462694 -0.041634698377361799 -0.010473767430552602 0.019189227278123895 0.025976359589822372 -0.043245888997512721 -0.054388700920454343 -0.0086658073874642111 -0.0014904445156899494 -0.063043460570877077 0.0072873885418201214 0.035875880949130627 -0.029257321452809192 -0.043827227010600656 -0.06557254357434579 0.0110571145162318 0.028944599624226464 -0.044599574700605341 -0.04084846910800493 0.0050959412402041418 -0.01182036129208597 0.053699819462814664 0.0067383469229958387 -0.038886937453019889 -0.013675503707694695 -0.014576654307805666 -0.02278323301927368
leaf_weight=36022.854628682137 65235.719540715218 23437.441450238228 4431.7907766103745 67013.482236862183 24967.209835290909 23914.814472079277 24415.214730858803 114063.16005814075 8031.3877623081207 11857.998851537704 83901.446715116501 99916.71675992012 79757.75002849102 93133.199608802795 18667.815836191177 5631.011626958847 18643.249872207642 3004.421198964119 79099.960215330124 18304.239754199982 31350.040930747986 12792.927932620049 16709.936731100082 9959.8774433135986 142455.78597939014 15832.960041880608 35778.482518672943 78866.64850628376 46218.239201903343 91851.837173581123
leaf_count=12210 13207 5393 1834 28618 14597 10234 6917 28622 4763 7710 35139 38331 55415 31734 3772 2909 11109 2130 25505 4364 18803 7429 5879 4329 17162 5437 20416 35001 20729 44939
internal_value=-5.80945e-07 0.020104 -0.0185972 0.00585542 -0.0114583 -0.0140431 0.0428445 0.0112961 -0.00381622 -0.0169323 0.00330211 0.00202095 -0.0559178 -0.000273319 0.0471899 0.0101031 -0.0277748 -0.0166453 0.0040541 0.0146965 -0.0400214 -0.0215437 -0.0201076 -0.0331386 0.0516371 0.0236321 -0.0216939 -0.0207227 -0.0239187 -0.0273003
internal_weight=1.38527e+06 665645 719622 409240 604083 549756 256406 330368 232611 78871.5 200472 187048 115540 177035 226359 30046.2 45562.5 26919.2 179017 54327.1 35781.8 317145 282218 34927.1 161124 129896 265508 252715 173849 127630
internal_count=524637 186620 338017 142653 261965 245391 43967 106325 92072 36328 72266 68599 76052 66873 34141 9826 23473 12364 63836 16574 20637 153319 134393 18926 20934 34059 128514 121085 86084 65355
is_linear=0
shrinkage=0.04


Tree=2
num_leaves=31
num_cat=0
split_feature=13 9 11 11 9 9 11 14 9 11 8 10 10 11 9 10 10 9 9 10 12 10 5 11 10 11 9 10 10 10
split_gain=300301 126860 114145 29310.5 23599.3 24425.4 21712.9 18885.7 18873.7 11633.4 11217.9 10023.3 8304.63 6603.64 6473.93 6309.86 4839.89 4485.88 4007.82 3889.66 3328.03 3452.84 3216.34 3110.09 6577.48 3738.15 3085.92 3061.32 2993.43 3007.18
threshold=5.4748840332031259 73.875000000000014 0.078402601182460799 -0.37645272910594935 73.875000000000014 76.875000000000014 -0.39233249425888056 0.62382140755653392 78.375000000000014 0.16375125199556353 16.625000000000004 -0.99866804480552662 -0.95244166254997242 0.12972188368439677 76.375000000000014 -0.56456753611564625 0.43442112207412725 73.875000000000014 78.875000000000014 -0.99166062474250782 0.14717525988817218 -0.98930078744888295 8.9793210029602069 -0.19547851383686063 -0.96463498473167408 0.026874557137489322 75.875000000000014 -0.98664820194244374 -0.01505099539645016 -0.36747109889984125
decision_type=2 2 2 2 2 2 2 2 2 2 2 2 2 2 2 2 2 2 2 2 2 2 2 2 2 2 2 2 2 2
left_child=2 6 4 8 20 23 15 16 10 -5 -3 -9 17 -8 -12 -2 19 -4 -13 -7 -1 -22 -17 24 -6 -25 -26 -21 29 -10
right_child=1 3 12 9 5 7 13 11 28 -11 14 18 -14 -15 -16 22 -18 -19 -20 27 21 -23 -24 25 26 -27 -28 -29 -30 -31
leaf_value=-0.00069382353215004992 0.035352674382252307 0.029254202837556476 -0.014599354984644836 -0.009892035888735537 0.0073146878358175509 -0.06469741725855252 0.01943232156464807 -0.042009448396225689 0.020090497973844153 -0.053198853744534952 -0.0083231246431724627 -0.0014308517545833419 -0.065537761745820003 -0.028240265302934858 0.0069982479188736135 0.034721045472379503 -0.053897266327377194 -0.04823083026104371 0.010623007795715908 0.040937194481291454 -0.014032823625842612 0.024990101867583828 0.052498443768981433 -0.040407940222677859 -0.023747223757389694 -0.01135794577612091 -0.014561458553113565 -0.019187703347834269 0.0064708201399238472 0.033607009435498013
leaf_weight=16735.843969583511 61955.00831246376 23305.603405356407 7308.2848519086838 66969.951667070389 14039.462937116623 2925.0135774612427 27117.126536369324 7939.2637408971786 71991.916367530823 11642.937698602676 83862.849755644798 99915.356027364731 57190.501865148544 5601.4340351819992 93102.902883529663 18520.562331199646 8576.324870467186 48714.945308566093 79040.718803167343 1405.0079721212387 4063.084278345108 33421.931137919426 139939.17760324478 24701.996446490288 180610.62598860264 9951.3451821804047 86660.376598119736 32341.178973913193 15828.554014086723 41599.767927289009
leaf_count=6288 12556 5393 3361 28618 4769 2130 7568 4763 19816 7710 35139 38331 41724 2909 31734 3772 5650 30967 25505 259 1777 8509 17162 14597 90224 4329 39400 15434 5437 8806
internal_value=-1.07989e-06 0.0194276 -0.0179608 0.00563427 -0.011034 -0.0135243 0.0416753 -0.0036728 0.0108675 -0.0163119 0.00317365 0.00194127 -0.054809 0.0112646 -0.000262505 0.0461887 -0.0268571 -0.043847 0.00389335 -0.0205202 0.0141376 0.0207577 0.050423 -0.0207619 -0.0193677 -0.0320714 -0.0207695 -0.016673 0.0227723 0.0250431
internal_weight=1.37698e+06 661438 715541 408304 602328 548107 253133 232143 329692 78612.9 200271 186895 113214 32718.6 176966 220415 45247.5 56023.2 178956 36671.2 54220.9 37485 158460 315964 281310 34653.3 267271 33746.2 129420 113592
internal_count=524637 186620 338017 142653 261965 245391 43967 92072 106325 36328 72266 68599 76052 10477 66873 33490 23473 34328 63836 17823 16574 10286 20934 153319 134393 18926 129624 15693 34059 28622
is_linear=0
shrinkage=0.04


Tree=3
num_leaves=31
num_cat=0
split_feature=13 11 9 9 9 11 14 11 9 10 10 8 11 13 10 10 9 10 8 11 10 12 10 9 10 10 10 10 11 11
split_gain=279091 125854 100024 31944.9 26548.8 18734.1 16888.4 15773.5 12690.8 9984.75 9386.47 9373.14 8018.83 7542.72 5524.56 5497.47 4800.03 4758.54 4761.3 4683.56 4393.58 4378.91 3965.68 3927.43 3447.27 3439.7 3437.39 3179.16 4252 5886.09
threshold=7.7156839370727548 0.078402601182460799 73.875000000000014 73.625000000000014 77.625000000000014 -0.37645272910594935 0.59942996501922619 -0.36046156287193293 78.625000000000014 -0.98930078744888295 -0.95244166254997242 16.125000000000004 0.24788919836282733 2.3644779920578007 -0.01505099539645016 -0.55028682947158802 73.875000000000014 -0.91246706247329701 16.625000000000004 0.14675828069448474 0.30675521492958074 0.042856317013502128 -0.99166062474250782 76.625000000000014 -0.98930078744888295 -0.52124115824699391 1.0000000180025095e-35 -0.99940761923789967 -0.70441487431526173 -0.88620507717132557
decision_type=2 2 2 2 2 2 2 2 2 2 2 2 2 2 2 2 2 2 2 2 2 2 2 2 2 2 2 2 2 2
left_child=1 3 7 21 13 8 20 15 11 -8 16 -4 -7 27 25 -2 -3 -15 -19 -9 22 -1 -6 -20 -23 -13 -10 -5 29 -29
right_child=2 10 5 4 6 12 9 19 26 -11 -12 14 -14 17 -16 -17 -18 18 23 -21 -22 24 -24 -25 -26 -27 -28 28 -30 -31
leaf_value=-0.00090354209447366166 0.035682118521052825 -0.014308325335041725 0.037320606228391111 -0.044674930552713051 -0.06636666697172372 -0.0086006818141057349 -0.025463680617341819 0.019339233306221268 0.025843832009342912 0.0091226242981343585 -0.064616202053563526 -0.0011156521248145142 -0.067308950432883222 -0.023789030660873664 -0.014037934027392679 0.050036385434894637 -0.046616847871288183 0.024083554149842212 -0.012364747619248913 -0.029336184441647511 -0.04258237892809396 -0.0074204363301668477 -0.0037611872350366078 0.0033262983183814645 0.031827496918861366 0.012481066806379287 -8.6527284740131139e-05 -0.019038815459313258 -0.013244720795485852 -0.036362750509065178
leaf_weight=10564.504910349846 60763.607426762581 8597.0878529548645 13363.499296545982 8162.7008601427078 1838.3981593847275 56596.422159552574 14593.709374666214 21220.707349419594 90102.485405445099 156240.84280252457 57587.905861854553 56675.40155506134 3975.0186063051224 29827.22142636776 26897.076642155647 144608.01354587078 51479.757520437241 7846.7871528863907 91810.947428703308 3707.347388625145 14298.170826792717 3963.9656215906143 13049.119809746742 35342.859101295471 36693.714969992638 62693.927531123161 8996.1180716753006 125766.3460278511 110124.16742444038 41833.964914560318
leaf_count=3981 12004 3959 2562 5087 1400 24098 7451 5890 22104 51528 43102 21584 2992 14921 11901 18865 33067 2039 40772 1973 8747 1616 5241 12785 8012 19821 3355 60403 49557 23820
internal_value=-1.40691e-06 -0.0147894 0.022052 -0.00837176 -0.0107659 0.00755927 0.00136223 0.0421442 0.0122472 0.00616674 -0.0530717 0.00526659 -0.0124639 -0.0161481 0.00233565 0.0457913 -0.0419966 -0.00933237 -0.00613677 0.0120913 -0.0267528 0.0220397 -0.0115314 -0.00800345 0.0280001 0.00602592 0.0234901 -0.0200772 -0.0193526 -0.0233649
internal_weight=1.36922e+06 819622 549600 701957 650735 319300 200020 230300 258729 170835 117665 159630 60571.4 450715 146266 205372 60076.8 164828 135001 24928.1 29185.7 51222.2 14887.5 127154 40657.7 119369 99098.6 285887 277724 167600
internal_count=524637 377488 147149 297360 283751 108417 74367 38732 81327 58979 80128 55868 27090 209384 53306 30869 37026 70517 55596 7863 15388 13609 6641 53557 9628 41405 25459 138867 133780 84223
is_linear=0
shrinkage=0.04


Tree=4
num_leaves=31
num_cat=0
split_feature=13 9 11 11 11 9 9 9 14 11 8 10 10 10 9 10 11 9 5 17 4 13 11 10 8 14 11 14 10 8
split_gain=259309 118221 96999.1 28393 21267.7 18428.1 17568.8 18338.7 15780 11858.9 10662.5 10501.9 8597.96 7949.71 5718.24 4801.4 4157.36 3914.15 3557.94 3476.48 3232.77 3020.46 2838.43 2811.54 2768.68 2709.7 2639.89 2525.38 2459.94 2451.21
threshold=4.7397501468658456 73.875000000000014 0.078402601182460799 -0.37645272910594935 -0.09339838474988936 78.125000000000014 73.875000000000014 76.625000000000014 0.64925765991210949 0.18069575726985934 16.625000000000004 -0.56456753611564625 -0.99866804480552662 -0.97509795427322377 76.125000000000014 0.43442112207412725 -0.12758953124284741 78.625000000000014 8.9793210029602069 8.6773829460144061 1.552233159542084 19.819499969482425 -0.92921787500381459 -0.96463498473167408 19.625000000000004 1.0000000180025095e-35 0.26451654732227331 1.0000000180025095e-35 -0.8940606117248534 19.375000000000004
decision_type=2 2 2 2 2 2 2 2 2 2 2 2 2 2 2 2 2 2 2 2 2 2 2 2 2 2 2 2 2 2
left_child=2 4 6 5 11 10 22 27 15 21 -3 19 -10 24 -12 16 23 20 -13 -2 -14 -5 -1 -9 -4 -15 -6 -8 -27 -23
right_child=1 3 13 9 26 -7 7 8 12 -11 14 18 17 25 -16 -17 -18 -19 -20 -21 -22 29 -24 -25 -26 28 -28 -29 -30 -31
leaf_value=0.025080829373688662 0.025530687392010205 0.027005915076134545 -0.025653916836427544 -0.014423871138737776 -0.0017411334305604184 0.020271022148535628 -0.038033479625757684 0.015672122602939237 -0.040156839185930118 -0.055153968531159628 -0.0092974535098511984 0.032209560531360551 0.0028646299978371649 -0.072895240251959537 0.0049290114180669392 -0.050761894251510578 -0.062161049405559825 0.008867072338960804 0.050088348671901733 0.044604377581361411 -0.011789856998862909 0.022706162588227548 0.0047443847701917272 -0.019088436424349219 -0.048781465041984856 -0.051627847064227232 -0.049811154481932983 -0.01952055050054503 -0.074795619590734053 -0.0097423232776095228
leaf_weight=17014.988554120064 63177.822552323341 23788.322045564651 17446.925851345062 59949.014532804489 11774.576908349991 149216.71258544922 12344.014012217522 4164.645304441452 8039.3606157302856 10846.397462129593 82031.454674601555 20578.139607310295 58906.70877623558 19940.379274368286 100671.21980822086 9314.9911502599716 3285.2426447868347 77306.490901708603 135943.52189469337 20203.388874650002 40731.469666957855 7090.8341573476791 30950.605822920799 34568.054254055023 15839.108482837677 44046.952393174171 2154.0213915109634 263926.26921522617 8869.8920614719391 7826.1040004491806
leaf_count=4244 15214 5622 9407 27319 4552 40320 7298 1282 4912 7687 35081 4285 21581 16284 35306 6252 2465 25403 17238 3150 17752 1955 10807 16806 10514 30762 1397 129016 7349 3377
internal_value=-1.78006e-06 0.0170897 -0.0178252 0.00458155 0.0388406 0.00956139 -0.0111855 -0.0133518 -0.00517094 -0.0160836 0.00182168 0.0416303 0.000274455 -0.0528859 -0.00145867 -0.0247903 -0.0190219 0.00211359 0.04774 0.0301571 -0.00312662 -0.0104166 0.0119621 -0.0153478 -0.0366705 -0.0602882 -0.00920544 -0.0203491 -0.0555246 0.00568709
internal_weight=1.36195e+06 695252 666696 441420 253831 355708 560553 512587 236317 85712.4 206491 239903 184984 106143 182703 51332.9 42017.9 176945 156522 83381.2 99638.2 74866 47965.6 38732.7 33286 72857.2 13928.6 276270 52916.8 14916.9
internal_count=524637 202503 322134 156667 45836 116329 247818 232767 96453 40338 76009 39887 69648 74316 70387 26805 20553 64736 21523 18364 39333 32651 15051 18088 19921 54395 5949 136314 38111 5332
is_linear=0
shrinkage=0.04


Tree=5
num_leaves=31
num_cat=0
split_feature=13 11 9 9 9 14 11 11 9 10 10 8 11 8 10 11 9 11 10 11 13 11 10 10 12 10 10 11 10 10
split_gain=240806 112919 88382.3 27598.1 22889.1 16960.8 15961.5 14363.5 11089.5 10787.6 9502.68 8094.04 7454.53 7339.56 5385.51 5169.55 4587.31 4089.52 6513.83 5050.12 4357.72 4062.68 4054.82 4452.54 3971.08 3566.72 3448.97 4514.59 3382.94 3173.52
threshold=7.7156839370727548 0.078402601182460799 73.875000000000014 73.625000000000014 77.125000000000014 0.64925765991210949 -0.37645272910594935 -0.36046156287193293 78.875000000000014 -0.9769422411918639 -0.95244166254997242 16.125000000000004 0.24788919836282733 16.625000000000004 -0.01505099539645016 -0.8349313735961913 73.875000000000014 -0.19547851383686063 -0.9599599540233611 0.026874557137489322 1.7427533864974978 0.14675828069448474 0.30675521492958074 -0.99166062474250782 0.042856317013502128 -0.91246706247329701 -0.7097363770008086 -0.88620507717132557 -0.52124115824699391 -0.87395131587982167
decision_type=2 2 2 2 2 2 2 2 2 2 2 2 2 2 2 2 2 2 2 2 2 2 2 2 2 2 2 2 2 2
left_child=1 3 7 24 13 22 8 15 11 -7 16 -4 -8 -5 28 -2 -3 18 -15 -19 26 -9 23 -6 -1 -22 -20 -28 -13 -26
right_child=2 10 6 4 5 9 12 21 -10 -11 -12 14 -14 17 -16 -17 -18 19 20 -21 25 -23 -24 -25 29 -27 27 -29 -30 -31
leaf_value=-0.001224237674779422 0.047567548523123775 -0.01253300260846991 0.035279535148588302 0.011205499458328673 -0.063598180335128193 -0.0208019594525111 -0.0078413559161402656 0.017823606656329587 0.022527724596096973 0.0074373834588267428 -0.062804304089773777 -0.00080738969437049062 -0.065815576339355128 0.0064641677640009413 -0.013375623630987545 0.033512638163788133 -0.044235367612630666 -0.037599437659148867 -0.012480459431134079 -0.0067184789899081745 -0.03921499706360395 -0.027739820797146878 -0.038420450135640383 -0.0062555347666904439 0.0079657737898897966 -0.010169904823380031 -0.020201832189301255 -0.037416401093347623 0.012369384992476527 0.033200701207479602
leaf_weight=10562.823161005974 140298.35278487206 8559.0713672637939 13169.716018199921 15337.882282972336 2432.7433391809464 24524.259056210518 56476.238952517509 21096.41054713726 91877.070673704147 183731.45082819462 54716.755341053009 59138.929305076599 3777.0449647903442 20203.686732769012 27617.55584692955 59865.270591616631 50137.153057575226 29853.077913403511 53506.348260879517 11836.426403403282 7118.153697013855 3667.341588139534 18043.279832363129 19191.821533083916 10965.542396426201 133251.12480640411 96296.705684065819 32661.473039746284 65913.639383673668 29289.354189634323
leaf_count=3981 18865 3959 2562 5007 1921 12073 24098 5890 23496 61838 43102 22390 2992 7082 12208 12004 33067 17782 24266 5005 4148 1973 11047 8025 3597 58417 47786 19354 20671 6031
internal_value=-2.25459e-06 -0.0137878 0.020622 -0.00777907 -0.0100052 -0.000455331 0.00704745 0.0398106 0.0113807 0.00411107 -0.0508076 0.00520421 -0.0114859 -0.0159233 0.00260769 0.0433659 -0.0396155 -0.0170051 -0.0155665 -0.0288355 -0.0169454 0.0110675 -0.0244239 -0.0127329 0.0206038 -0.0116455 -0.0210217 -0.0245644 0.00613836 0.0263303
internal_weight=1.35512e+06 812219 542898 698806 647988 247924 317970 224927 257717 208256 113413 165840 60253.3 400065 152670 200164 58696.2 384727 343037 41689.5 322834 24763.8 39667.8 21624.6 50817.7 140369 182465 128958 125053 40254.9
internal_count=524637 377488 147149 297360 283751 94904 108417 38732 81327 73911 80128 57831 27090 188847 55269 30869 37026 183840 161053 22787 153971 7863 20993 9946 13609 62565 91406 67140 43061 9628
is_linear=0
shrinkage=0.04


Tree=6
num_leaves=31
num_cat=0
split_feature=5 11 9 9 9 11 14 11 11 11 8 13 10 13 10 9 11 9 10 10 9 10 12 10 10 10 10 10 3 11
split_gain=224481 110558 81714 26127.6 22471.8 14229.4 14005.2 13158.3 9895.45 8816.88 8307.33 7936.76 7190.42 5561.24 5324.25 5251.69 4660.11 4270.49 4062.13 3849.13 3777.82 3838.17 3611.85 3508.28 3421.65 3420.04 3274.15 3201.62 3187.61 2888.19
threshold=8.2003350257873553 0.078402601182460799 73.875000000000014 73.625000000000014 77.625000000000014 -0.09339838474988936 0.59942996501922619 -0.09339838474988936 0.29753153026103979 -0.14463099837303159 16.625000000000004 22.528243064880375 -0.55028682947158802 2.8858504295349126 1.0000000180025095e-35 78.375000000000014 0.26451654732227331 73.875000000000014 -0.99940761923789967 0.30675521492958074 75.875000000000014 0.46514528989791876 0.042856317013502128 -0.99166062474250782 -0.74512827396392811 -0.98930078744888295 -0.76762619614601124 -0.59262362122535694 8.0585899353027362 0.0096758542931638675
decision_type=2 2 2 2 2 2 2 2 2 2 2 2 2 2 2 2 2 2 2 2 2 2 2 2 2 2 2 2 2 2
left_child=1 3 7 22 10 11 19 12 17 -8 -5 15 -2 18 27 -4 29 -3 -12 23 24 -22 -1 -6 26 -24 -20 -13 -11 -7
right_child=2 8 5 4 6 16 9 -9 -10 28 13 14 -14 -15 -16 -17 -18 -19 20 -21 21 -23 25 -25 -26 -27 -28 -29 -30 -31
leaf_value=-0.0010222090015289315 0.031813958798827369 -0.012265388334139376 0.00060009382887489656 0.011069383712906293 -0.063808106203007448 -0.037397232479255291 0.008571461616433242 -0.005960919364338662 -0.061953541216157121 -0.038221836834424316 -0.04690802459610862 0.013431886055949332 0.04760352757733706 -0.0087317572396092419 -0.02138010730869391 0.014540490519096488 -0.070605508951786855 -0.042640177603875805 -0.016621263913038621 -0.039278630039296158 -0.010959973467213387 -0.053548141332693006 -0.010527705161668262 -0.0028385504311917342 -0.025706507738546096 0.028582321500674648 0.016635528592159974 0.030784620195420019 -0.00043264330143670158 -0.0051037802326448466
leaf_weight=10590.59027993679 70728.768315315247 8691.9466347694397 122119.80288600922 20459.641576528549 1698.2635498046875 6751.2678660154343 167259.72051870823 9524.9286351203918 53356.021624088287 9122.5946123600006 7646.7736617326736 28984.709344863892 133315.26277732849 151233.36389911175 4465.55331158638 66929.966076374054 2885.8068400621414 50430.474530100822 56171.770616769791 13873.288033485413 122024.51336920261 3473.3177372217178 3929.5288491249084 13022.968743562698 105350.79938828945 39405.945598959923 5164.6529483795166 41262.653495430946 5865.5950899124146 12869.088202357292
leaf_count=3983 14581 4028 45822 6551 1399 3856 54867 3946 43098 5387 5116 8907 17464 64761 2097 19602 2440 33528 26865 8745 54811 2431 1649 5238 56126 8788 1599 9057 2354 5541
internal_value=-2.75648e-06 -0.0125262 0.0212631 -0.00688343 -0.00900173 0.00729329 0.00185356 0.0399871 -0.0494605 0.00593741 -0.0138556 0.00989852 0.0421321 -0.0149864 0.0209351 0.00553597 -0.0232297 -0.0381774 -0.0181408 -0.0241679 -0.0173864 -0.0121428 0.0199178 -0.00991063 -0.0213332 0.0250343 -0.0138187 0.0236277 -0.0234433 -0.0162292
internal_weight=1.34861e+06 848772 499838 736293 682367 286269 210842 213569 112478 182248 471525 263763 204044 451065 74712.9 189050 22506.2 59122.4 299832 28594.5 292185 125498 53926.1 14721.2 166687 43335.5 61336.4 70247.4 14988.2 19620.4
internal_count=524637 391324 133313 310670 296250 97322 77990 35991 80654 62608 218260 85485 32045 211709 20061 65424 11837 37556 146948 15382 141832 57242 14420 6637 84590 10437 28464 17964 7741 9397
is_linear=0
shrinkage=0.04


Tree=7
num_leaves=31
num_cat=0
split_feature=5 11 9 14 9 9 11 11 10 11 9 8 8 10 10 8 10 10 11 10 10 8 10 11 9 13 8 10 10 9
split_gain=208005 104340 76768.6 24271 19263.4 18955.1 13173.8 12557.3 9848.2 8483.71 7387.43 6746.06 6037.03 5621.56 4528.03 4276.59 4268.88 4115.04 5102.42 4083.23 3870.47 3851.15 3530.63 3529.31 3217.23 3218.17 4309.23 2885.25 2748.3 3179.67
threshold=8.2003350257873553 0.078402601182460799 73.875000000000014 1.4178416728973391 73.625000000000014 77.125000000000014 -0.09339838474988936 -0.39233249425888056 -0.95244166254997242 -0.21231865882873532 78.875000000000014 16.625000000000004 16.625000000000004 0.46514528989791876 -0.96235975623130787 19.375000000000004 -0.55028682947158802 -0.99166062474250782 -0.36046156287193293 -0.92599865794181813 -0.87395131587982167 18.375000000000004 -0.01505099539645016 0.12972188368439677 73.875000000000014 0.51358723640441906 18.875000000000004 1.0000000180025095e-35 -0.99866804480552662 75.875000000000014
decision_type=2 2 2 2 2 2 2 2 2 2 2 2 2 2 2 2 2 2 2 2 2 2 2 2 2 2 2 2 2 2
left_child=1 3 7 13 20 12 10 16 15 -7 11 -4 -6 17 -8 -3 -2 21 24 -12 -5 -1 -13 -9 -19 -26 -27 -21 -14 -30
right_child=2 8 6 4 5 9 14 23 -10 -11 19 22 28 -15 -16 -17 -18 18 -20 27 -22 -23 -24 -25 25 26 -28 -29 29 -31
leaf_value=-0.0058496771163769725 0.03296166305173976 -0.026272841347123682 0.029079318220099105 0.0061381925796746154 0.011727328749744931 0.0083403763093336161 -0.015630877345122293 0.019095741856159917 -0.060938037917097648 -0.017658618357675272 -0.0090214917788764854 0.0046979894156274193 -0.032596729450770037 -0.04112746426752617 -0.069971567498898116 -0.047911919469614025 0.046356314868546737 0.004611490889913983 0.0012691008830942139 0.023645257632766849 0.032363070931304042 -0.046820391516092484 -0.011723079811149071 -0.021598905254026253 -0.02257240081212486 -0.024526990209616809 -0.0033042618996230338 -0.0021092065668980721 -0.015570650886608675 -0.0059404032509236954
leaf_weight=5288.5791122913361 53774.037875533104 29501.350466966629 16336.377000808716 13040.96568441391 17267.735513925552 174365.48837399483 19560.378078460693 22013.139474153519 52101.221908450127 22685.471376538277 7768.6997463703156 130750.01717782021 10663.223440170288 14686.728707194328 2797.361637711525 29051.282055258751 131464.55055475235 10728.263013720512 29918.597684502602 75940.133855581284 29120.566734433174 12013.611877799034 24936.136337518692 4025.8947423696518 98386.551936745644 24256.64960873127 41475.290621042252 7660.2095264196396 141299.66896891594 89694.013315081596
leaf_count=2303 10560 16973 3623 4354 5392 57403 9397 5889 43098 10997 3320 46167 6229 9332 2440 20583 17464 3702 11533 18591 5885 8039 10927 2078 51173 12814 16913 2857 66796 37805
internal_value=-3.15992e-06 -0.0120743 0.0205322 -0.00662156 -0.00160997 -0.00400202 0.0070142 0.0388137 -0.0482839 0.0053465 0.00951669 0.00463404 -0.0111165 -0.0171656 -0.0224581 -0.0370156 0.0424699 -0.015579 -0.0139949 0.0187079 0.0242548 -0.0343079 0.00206725 0.0127981 -0.0166067 -0.0179939 -0.0111385 0.0212854 -0.0127493 -0.0118317
internal_weight=1.34257e+06 845545 497027 734891 498137 455976 285749 211278 110654 197051 263392 172023 258925 236754 22357.7 58552.6 185239 222068 204765 91369 42161.5 17302.2 155686 26039 174847 164118 65731.9 83600.3 241657 230994
internal_count=524637 391324 133313 310670 194861 184622 97322 35991 80654 68400 85485 60717 116222 115809 11837 37556 28024 106477 96135 24768 10239 10342 57094 7967 84602 80900 29727 21448 110830 104601
is_linear=0
shrinkage=0.04


Tree=8
num_leaves=31
num_cat=0
split_feature=13 9 11 11 11 9 9 9 14 11 8 11 10 5 11 10 11 9 10 14 9 9 10 13 14 4 11 9 10 8
split_gain=193558 90829.1 78149.3 21697.4 17274.4 14214 13360.8 13985.5 12187.6 10203.5 8706.24 8066.3 7585.56 5623.35 4616.79 4558.72 4169.69 3559.97 3522.6 3295.17 3128.42 2994.71 2955.68 2880.33 2778.68 2747.85 2736.04 2600.35 2539.4 2321.38
threshold=4.7397501468658456 73.875000000000014 0.078402601182460799 -0.37645272910594935 -0.39233249425888056 77.875000000000014 73.875000000000014 76.375000000000014 0.70063370466232311 0.26451654732227331 16.125000000000004 0.21441935747861865 -0.99940761923789967 10.961815834045412 0.12972188368439677 0.43442112207412725 -0.12758953124284741 78.625000000000014 -0.55028682947158802 1.0000000180025095e-35 76.375000000000014 74.125000000000014 -0.8940606117248534 19.819499969482425 0.0074559897184371957 1.552233159542084 -0.88620507717132557 73.625000000000014 -0.96463498473167408 19.625000000000004
decision_type=2 2 2 2 2 2 2 2 2 2 2 2 2 2 2 2 2 2 2 2 2 2 2 2 2 2 2 2 2 2
left_child=2 4 6 5 13 10 -1 -8 15 23 -3 24 -10 27 -6 16 28 25 -15 -13 21 -12 -21 -5 -4 -14 -27 -2 -9 -23
right_child=1 3 11 9 14 -7 7 8 12 -11 20 19 17 18 -16 -17 -18 -19 -20 22 -22 29 -24 -25 -26 26 -28 -29 -30 -31
leaf_value=0.01057628644751062 0.03283495634834168 0.031111508630178412 -0.060130288628738059 -0.014285504441880807 0.014825630857754315 0.017297236547756615 -0.018325765509346389 0.014427161189641338 -0.048938432823271302 -0.068235851502538789 0.0084289389618062826 -0.070963779292731899 0.0015734913459585856 0.032839776808070875 -0.024010644081337251 -0.045873748726255208 -0.057407836511351534 0.0075438039167885764 0.045759567771311398 -0.046512139904300788 0.0047586875592534831 -0.014830519587698994 -0.073332578100820459 0.0051729739273124742 -0.026879155878845915 0.0011882695206899903 -0.018607186517332723 0.011976696199599244 -0.016059659877102773 -0.0012878265048444635
leaf_weight=47516.837759375572 28622.640779614449 14384.117278814316 4715.0302497148514 64362.254885792732 28261.507444739342 157962.26189041138 250731.71771383286 4897.7700011730194 4997.5467035770416 5230.9115827083588 19136.667957901955 17794.465863585472 68962.500881433487 47269.256505608559 5914.4765193462372 9869.7600722312927 3603.6702357530594 77814.06763625145 119430.89428186417 41260.852427482605 79194.729731082916 48019.984147191048 7860.7595710754395 15004.016839385033 27397.998278021812 18204.071767687798 28903.239383339882 14383.356777071953 40140.123304605484 35018.914513349533
leaf_count=15051 5492 2970 3724 30277 8093 43581 125857 1541 3487 4626 6466 16284 26030 9146 3190 6866 2853 25856 15749 30762 27689 21918 7349 5435 16197 6890 13818 4166 19569 13705
internal_value=-3.46839e-06 0.0149065 -0.0155403 0.00401904 0.0344728 0.00837138 -0.00970544 -0.0116022 -0.00505225 -0.0141778 0.00116823 -0.0482746 -0.000330809 0.0387702 0.00809959 -0.0210977 -0.0160621 0.000924559 0.0420982 -0.0561851 -0.00120809 -0.00583287 -0.0508182 -0.0106067 -0.0317785 -0.0035133 -0.0109588 0.0258633 -0.0127418 -0.00912018
internal_weight=1.33687e+06 682196 654670 438314 243882 353717 555641 508124 257393 84597.2 195754 99029.1 198881 209706 34176 58511.3 48641.6 193884 166700 66916.1 181370 102176 49121.6 79366.3 32113 116070 47107.3 43006 45037.9 83038.9
internal_count=524637 202503 322134 156667 45836 116329 247818 232767 106910 40338 72748 74316 76081 34553 11283 30829 23963 72594 24895 54395 69778 42089 38111 35712 19921 46738 20708 9658 21110 35623
is_linear=0
shrinkage=0.04


Tree=9
num_leaves=31
num_cat=0
split_feature=9 11 11 13 11 5 9 9 10 10 8 10 13 9 10 10 8 7 11 11 8 18 10 9 13 9 11 14 13 10
split_gain=179646 108260 41438.4 36726.3 24612 17624.4 15264.8 11650.2 11237.1 9165.84 8579.62 6355.74 5222.17 4939.62 4008.23 3663.13 3638.29 4286.93 3224.93 3189.43 3133.55 3096.14 2946.34 2940.7 3130.49 2890.17 2577.87 2508.07 2363.45 3807.09
threshold=73.875000000000014 -0.12758953124284741 -0.14463099837303159 3.7338023185729985 0.21441935747861865 7.492586851119996 77.875000000000014 76.125000000000014 0.35544221103191381 -0.94705909490585316 16.125000000000004 -0.55028682947158802 12.784711360931398 78.875000000000014 -0.74512827396392811 -0.92599865794181813 18.375000000000004 5.5652670860290536 -0.64084014296531666 -0.87810534238815297 18.875000000000004 0.27603240311145788 0.46514528989791876 76.625000000000014 16.634672164916996 73.625000000000014 0.026874557137489322 3.3265006542205815 23.871557235717777 1.0000000180025095e-35
decision_type=2 2 2 2 2 2 2 2 2 2 2 2 2 2 2 2 2 2 2 2 2 2 2 2 2 2 2 2 2 2
left_child=2 3 5 7 12 21 10 14 13 -4 -5 -7 16 -9 18 -8 -3 26 -2 -16 -6 -1 -10 24 -12 -23 -18 -28 -17 -30
right_child=1 4 9 6 20 11 15 8 22 -11 23 -13 -14 -15 19 28 17 -19 -20 -21 -22 25 -24 -25 -26 -27 27 -29 29 -31
leaf_value=-0.0028644216853874424 0.017721845858460691 -0.014993700592413688 -0.0032851016925325043 0.028133042477021836 -0.044355722237185619 0.028699299982051795 -0.0034100210535905279 -0.0055144558309707338 -0.021707406411092926 -0.055053788144356595 -0.0085420754349511737 0.043742819085969588 -0.0033755805308478544 0.0080623191345264855 -0.018370938195680597 0.01385965343672426 -0.055461425796408677 -0.020299367639477851 -0.012670862334959834 -0.032930354566454531 -0.062904025329322558 0.025710763153064697 -0.05340672997567749 0.0035386909983860437 0.0060511869195672766 0.0060015732908636913 -0.039790942755074526 -0.0088517007857466298 0.028152168642139905 -0.041265709977983907
leaf_weight=12911.577836990356 6202.9834418296814 22875.816434979439 29928.201226830482 15638.030383586884 22426.811608314514 68606.75429213047 16671.865628480911 139404.44003689289 20819.637377619743 6686.9783738851547 123496.08700752258 130742.35139811039 15079.616664290428 61910.063102483749 96067.319472193718 136942.62123084068 13705.92048227787 25058.858416438103 55442.962155342102 32153.419330000877 42332.816579699516 34852.393090486526 6059.0126515626907 84489.857681035995 29044.223622083664 18088.419132709503 23987.593026280403 5087.6636137962341 33487.378132462502 1305.0995973348618
leaf_count=4936 1910 11556 12150 3436 17056 14395 6683 58232 11132 5500 53358 17927 6240 20464 48776 39823 9987 13261 25966 19155 37228 7963 4579 30180 10089 5979 16153 2383 7407 733
internal_value=-3.98661e-06 -0.00795857 0.0271336 -0.00217953 -0.0370674 0.0326406 0.00587199 -0.0106742 -0.00458302 -0.012752 -0.000553828 0.0385672 -0.0251752 -0.00133901 -0.0179944 0.0144891 -0.0287982 -0.0334502 -0.00961029 -0.0220242 -0.0564884 0.0146965 -0.0288703 -0.00244755 -0.00576325 0.0189791 -0.0411467 -0.034382 0.0162268 0.0255371
internal_weight=1.33151e+06 1.02969e+06 301817 859135 170555 265201 441075 418060 228193 36615.2 252668 199349 105795 201315 189867 188407 90715.9 67840 61645.9 128221 64759.6 65852.4 26878.7 237030 152540 52940.8 42781.2 29075.3 171735 34792.5
internal_count=524637 455787 68850 341923 113864 51200 151709 190214 94407 17650 97063 32322 59580 78696 95807 54646 53340 41784 27876 67931 54284 18878 15711 93627 63447 13942 28523 18536 47963 8140
is_linear=0
shrinkage=0.04


Tree=10
num_leaves=31
num_cat=0
split_feature=5 11 9 9 9 14 10 10 11 8 10 10 10 11 5 8 10 10 10 8 13 12 10 3 10 9 11 10 10 11
split_gain=166787 89992.9 58393.1 22093.1 17495.2 10940.2 10248.6 10097.8 9481.7 7323.65 6968.04 6106.49 8241.21 5287.03 4756.74 4130.09 4018.44 3596.45 3315.2 3303.28 3261.3 3180.92 3035.78 2975.17 2825.25 2681.03 2635.59 2593.78 3103.53 4563.33
threshold=9.1181292533874529 0.078402601182460799 73.875000000000014 73.625000000000014 77.625000000000014 0.59942996501922619 -0.56456753611564625 -0.95244166254997242 -0.09339838474988936 16.625000000000004 -0.98930078744888295 -0.01505099539645016 -0.59262362122535694 -0.09339838474988936 0.85909029841423046 19.125000000000004 -0.98046803474426258 -0.96235975623130787 0.30675521492958074 18.875000000000004 17.327754974365238 0.042856317013502128 -0.99166062474250782 8.3405494689941424 -0.98930078744888295 74.125000000000014 0.0096758542931638675 -0.99940761923789967 -0.7097363770008086 -0.88620507717132557
decision_type=2 2 2 2 2 2 2 2 2 2 2 2 2 2 2 2 2 2 2 2 2 2 2 2 2 2 2 2 2 2
left_child=1 3 6 21 9 18 13 15 11 -5 23 12 -4 -2 27 -3 -16 26 22 25 -14 -1 -6 -7 -23 -18 -10 -11 -29 -30
right_child=2 7 8 4 5 10 -8 -9 17 14 -12 -13 20 -15 16 -17 19 -19 -20 -21 -22 24 -24 -25 -26 -27 -28 28 29 -31
leaf_value=-0.0015433388114493025 0.027876365831772873 -0.021636868254318417 0.0033507237874940178 0.01097393672223131 -0.060581344817671745 -0.034751523855289235 0.042772405619831859 -0.057916361105188996 -0.035193672212687301 -0.04308600622116867 0.0076043148057745218 -0.0071894507067418205 0.011999192189250375 -0.0053437960103537444 -0.025071173934563082 -0.043003836620224882 -0.00055911684745513278 -0.068108176435004608 -0.035698223719093279 -0.0030575723222381313 0.025820312116860387 -0.0084453696015266439 -0.0018025051916146972 0.0015625845933238014 0.025757278932350344 -0.016749986449555485 -0.0024464088919209253 -0.010296659497283048 -0.016001522332775232 -0.033690286282232744
leaf_weight=10600.133687973022 64186.877055764198 26552.035087704659 99294.666810154915 21789.545256018639 1566.4394425153732 9274.1130083799362 125589.7778917551 49148.333903729916 5957.8660134077072 5933.9799097776413 176066.15779411793 31512.409042000771 52037.029389262199 8701.3163419961929 22253.93168759346 31913.256992816925 21286.659594655037 2170.6641870737076 13459.730271935463 127204.35687756538 57565.227118134499 4239.6885480880737 13000.585344910622 5904.8217505216599 43128.125220298767 70756.154208660126 11533.616206049919 83996.93109703064 99137.347297430038 30529.677409052849
leaf_count=3994 13519 15215 35108 6906 1400 5611 17258 43458 3466 4124 57730 12937 15951 3611 12184 23123 8034 2059 8745 51974 13514 1734 5239 2375 9639 34555 4912 38529 49076 18657
internal_value=-4.51353e-06 -0.0103159 0.0195082 -0.00546881 -0.00742827 0.00194154 0.0358472 -0.0445498 0.007038 -0.0116829 0.00536218 0.00922241 0.0116984 0.0239104 -0.0127538 -0.0333054 -0.00887905 -0.0196619 -0.0213933 -0.00723446 0.01926 0.0182631 -0.00816041 -0.0206331 0.0226948 -0.013006 -0.0136144 -0.0170144 -0.0162883 -0.0201686
internal_weight=1.32629e+06 867742 458549 760128 702160 219272 198478 107614 260071 482889 191245 240409 208897 72888.2 461099 58465.3 241501 19662.1 28026.8 219247 109602 57967.9 14567 15178.9 47367.8 92042.8 17491.5 219598 213664 129667
internal_count=524637 402302 122335 320506 305139 81100 34388 81796 87947 224039 65716 77510 64573 17130 217133 38338 106747 10437 15384 94563 29465 15367 6639 7986 11373 42589 8378 110386 106262 67733
is_linear=0
shrinkage=0.04


Tree=11
num_leaves=31
num_cat=0
split_feature=9 11 13 11 5 9 10 10 9 10 10 8 10 14 9 13 10 10 10 3 8 10 10 9 10 7 11 14 9 10
split_gain=155253 95496.4 38922.7 35510 15297.3 12871.8 11881.6 10727.6 9574.98 10230 8574.05 7857.83 5788.51 4040.98 3985.97 3841.02 3673.68 3443.47 3263.89 3222.81 3480.22 3117.47 3876.43 3436.73 3110.34 3045.03 2813.2 2786.46 2588.25 2514
threshold=73.875000000000014 0.18069575726985934 3.7338023185729985 -0.16162966936826703 7.492586851119996 77.875000000000014 -0.99054482579231251 -0.98930078744888295 75.875000000000014 0.41886392235755926 -0.94705909490585316 16.125000000000004 -0.55028682947158802 1.0000000180025095e-35 78.875000000000014 14.127658367156984 -0.74512827396392811 -0.8940606117248534 0.30675521492958074 4.5553131103515634 18.875000000000004 -0.87395131587982167 -0.7996615171432494 76.625000000000014 -0.01505099539645016 4.0424733161926278 -0.87810534238815297 0.11639668419957162 73.625000000000014 -0.7785360813140868
decision_type=2 2 2 2 2 2 2 2 2 2 2 2 2 2 2 2 2 2 2 2 2 2 2 2 2 2 2 2 2 2
left_child=3 2 7 4 27 11 -7 19 16 14 -5 -4 -6 -3 -10 21 29 25 -16 20 -2 -13 -23 -24 -17 -15 -18 -1 -29 -9
right_child=1 13 5 10 12 6 -8 8 9 -11 -12 15 -14 17 18 24 26 -19 -20 -21 -22 22 23 -25 -26 -27 -28 28 -30 -31
leaf_value=-0.01082569492575248 -0.018484499215748816 -0.069636064040768761 0.025194803636323787 -0.0021468774548958798 0.026776883218296913 -0.035802979298288767 0.0138702409776361 -0.012403861316738906 -0.0062128698541416083 -0.036314637746674913 -0.052763677649801423 -0.014752063364451482 0.041293138497372171 -0.036961665443604567 0.0082162308459778413 0.0074824028702783311 -0.017905395346937681 -0.074034731992919059 -0.022015780087656884 -0.013172765254075234 -0.04339505206035537 0.014698764419564605 -0.010569972376158761 0.0033789679532798913 -0.019176055478243109 -0.059493715479616814 -0.032583706335676622 0.022788035237456754 0.0050796233538295968 0.012073888781961445
leaf_weight=6563.8673731088638 13749.223186671734 16264.817541778088 16589.406305670738 31372.188935220242 67125.332836985588 8022.5214265584946 189067.63439583778 48725.949991464615 169943.0422514677 15684.92656481266 6446.6616304516792 49964.206443548203 127793.15046310425 34991.112560033798 60104.619734048843 65170.529520273209 84474.178664565086 6591.3298400044441 6304.2525819540024 15334.961164593697 25950.596274375916 17142.466657042503 79270.2963950634 43908.629546523094 7835.8289977312088 13281.193749725819 27782.747551202774 38101.113790631294 20218.92548251152 7777.7243047952652
leaf_count=2784 7407 16131 3846 12600 14199 4745 54819 23183 73021 10344 5500 23867 17927 25784 19750 22115 43450 6781 3339 7721 18283 5373 35269 15650 3738 11546 16998 9038 6802 2627
internal_value=-4.8685e-06 -0.00739643 -0.00405854 0.0254244 0.0306957 0.00401639 0.0118466 -0.0121527 -0.00998021 -0.00504251 -0.0107868 -0.00149779 0.0362957 -0.0521024 -0.00296576 -0.00318053 -0.0173537 -0.0468926 0.0053434 -0.0287589 -0.0347746 -0.00617299 -0.00311741 -0.00559783 0.0046189 -0.043172 -0.0215407 0.0138698 0.0166506 -0.00903296
internal_weight=1.32155e+06 1.02393e+06 952804 297621 259802 476972 197090 475832 420797 252037 37818.9 279881 194918 71128.5 236352 263292 168761 54863.6 66408.9 55034.8 39699.8 190286 140321 123179 73006.4 48272.3 112257 64883.9 58320 56503.7
internal_count=524637 455787 395545 68850 50750 169422 59564 226123 192712 106454 18100 109858 32126 60242 96110 106012 86258 44111 23089 33411 25690 80159 56292 50919 25853 37330 60448 18624 15840 25810
is_linear=0
shrinkage=0.04


Tree=12
num_leaves=31
num_cat=0
split_feature=9 11 13 11 18 9 10 9 10 10 10 8 10 9 14 10 14 10 9 11 13 17 3 8 10 18 11 8 9 10
split_gain=143928 90073 35949.8 33008.7 14459.3 11935.2 10010.7 8862.92 9584.6 8101.7 8081.12 6574.81 5113.69 4378.76 4109.07 3686.06 3673.58 3507 3430.32 3412.52 3255.85 3109.59 3039.14 3313.71 2829.16 2644.53 2643.14 2496.71 2348.4 2319.3
threshold=73.875000000000014 0.18069575726985934 3.7338023185729985 -0.16162966936826703 13.067362308502199 78.875000000000014 -0.98930078744888295 75.875000000000014 0.43442112207412725 -0.99054482579231251 -0.94705909490585316 16.125000000000004 -0.55028682947158802 76.625000000000014 1.0000000180025095e-35 -0.92599865794181813 0.85861662030220043 -0.8940606117248534 78.625000000000014 -0.66686570644378651 16.634672164916996 -1.2401176691055296 4.5553131103515634 18.875000000000004 -0.98803845047950734 0.27603240311145788 -0.87810534238815297 20.125000000000004 73.625000000000014 -0.7785360813140868
decision_type=2 2 2 2 2 2 2 2 2 2 2 2 2 2 2 2 2 2 2 2 2 2 2 2 2 2 2 2 2 2
left_child=3 2 6 4 25 11 22 19 16 -7 -5 -4 -6 20 -3 -15 24 21 -18 26 -13 -16 23 -2 -9 -1 -8 -23 -27 -21
right_child=1 14 5 10 12 9 7 8 -10 -11 -12 13 -14 15 17 -17 18 -19 -20 29 -22 27 -24 -25 -26 28 -28 -29 -30 -31
leaf_value=-0.0028832215700498433 -0.017783654054375285 -0.068942093598698295 0.024284011459844806 -0.0020610891550064672 0.026110985587073875 -0.033124475227041025 -0.017223795383726221 0.046075667425426715 -0.039320218764486138 0.015416940224138996 -0.051553744543396521 -0.0086107368919988037 0.039873377799743433 -0.011458684614991933 -0.059822410711165744 0.0062929676730756256 -0.0040348029406142233 -0.073599408908560607 0.0078976518102035504 -0.011919276564494357 0.0052305625684798676 -0.028780325364897674 -0.012659935517259642 -0.042156277947598221 -0.012068781613959181 0.023519415454927289 -0.03148987997048476 -0.05134700522960986 0.005732704158509511 0.011602130246125173
leaf_weight=12802.730232954025 13720.427538692951 15781.330671489239 16524.865036606789 31371.30301886797 65583.781070232391 5720.3396753072739 84308.275242328644 1356.5687643289566 12264.150308728218 138158.04504215717 6336.5459867119789 138422.46283614635 127075.15909671783 22108.148143291473 11767.561370253563 121669.92853951454 112481.40759348869 6369.6521428227425 58632.431264877319 48680.022396206856 33830.656160235405 24295.524530768394 15318.651906609535 25651.136155724525 67091.717916846275 34445.202466726303 27602.004699826241 11628.128038167953 18136.676258444786 7770.7704479694366
leaf_count=4900 7407 16131 3846 12600 13877 3363 43450 222 8558 38477 5500 60989 18174 10111 10564 40775 46612 6781 19024 23183 11861 16898 7721 18283 32038 7857 16998 9868 5942 2627
internal_value=-5.50516e-06 -0.00712213 -0.00390297 0.0245658 0.029674 0.00386011 -0.0116914 -0.00959571 -0.00484535 0.0134849 -0.0103895 -0.000304252 0.0351901 -0.00159067 -0.0509632 0.00356276 -0.00307888 -0.0457031 5.40944e-05 -0.0167003 -0.00589215 -0.0419626 -0.0277881 -0.0336694 -0.0109099 0.0134178 -0.0207449 -0.0360972 0.0173866 -0.00867994
internal_weight=1.31691e+06 1.02115e+06 951312 295751 258044 476434 474878 420187 251826 143878 37707.8 332556 192659 316031 69842.2 143778 239562 54060.9 171114 168361 172253 47691.2 54690.2 39371.6 68448.3 65384.6 111910 35923.7 52581.9 56450.8
internal_count=524637 455787 395545 68850 50750 169422 226123 192712 106454 41840 18100 127582 32051 123736 60242 50886 97896 44111 65636 86258 72850 37330 33411 25690 32260 18699 60448 26766 13799 25810
is_linear=0
shrinkage=0.04


Tree=13
num_leaves=31
num_cat=0
split_feature=5 11 9 14 9 9 11 11 10 14 11 10 11 8 8 8 11 10 11 10 4 10 10 10 10 10 8 17 10 14
split_gain=133714 76564.7 45394.4 21856.9 15318.6 13213 8393.19 7533.92 6642.99 6282.17 6133.06 5625.67 7148.02 5140.6 4813.71 4730.16 4157.06 3887.37 3805.09 3216.03 4512.16 3067.74 3414.03 3694.68 2862.7 2777.27 2469.5 2395.11 2189.57 2076.26
threshold=9.6938619613647479 0.19758678972721103 73.875000000000014 1.4178416728973391 73.625000000000014 77.125000000000014 -0.82534202933311451 0.16375125199556353 -0.9769422411918639 19.738782882690433 -0.12758953124284741 -0.69751432538032521 -0.88620507717132557 16.625000000000004 19.375000000000004 19.125000000000004 -0.09339838474988936 -0.87395131587982167 0.45655821263790136 -0.72174841165542591 0.10778025910258295 -0.98930078744888295 -0.01505099539645016 -0.38341410458087916 -0.98664820194244374 -0.93235439062118519 19.875000000000004 11.777387142181398 -0.88218119740486134 0.39976723492145544
decision_type=2 2 2 2 2 2 2 2 2 2 2 2 2 2 2 2 2 2 2 2 2 2 2 2 2 2 2 2 2 2
left_child=1 3 6 10 17 13 -2 9 -7 21 11 19 29 -6 -12 18 27 -5 -3 25 -21 -4 23 -23 -15 -1 -26 -8 -27 -13
right_child=2 15 7 4 5 8 16 -9 -10 -11 14 12 -14 24 -16 -17 -18 -19 -20 20 -22 22 -24 -25 26 28 -28 -29 -30 -31
leaf_value=0.0028132072775846999 0.039251997048237681 -0.032274363690439373 -0.013021524899680699 0.0043807053836003957 0.01061986602010671 -0.014481180145428787 0.020925820640133406 -0.041374160193780381 0.0068886189187351912 0.018977076065391445 -0.014091567031849278 -0.017844566186467944 -0.034381386511328008 -0.021730855563640787 -0.044416971020246096 -0.058168771546355962 -0.0048626890570591125 0.027552403432460675 -0.073238091935155472 0.046401493744832857 -0.030221881011669442 0.0036366918992483915 -0.007882395154151069 0.01758918959859234 -0.011525553801745065 -0.03542842750231559 -0.0026589587981922218 0.039389041422221181 -0.0091528437330661867 -0.0070998842577580362
leaf_weight=29882.405640482903 119736.12623620033 28639.380121350288 15389.47977399826 17539.734020471573 20231.574728369713 26510.160978853703 46819.304930686951 5083.2253443598747 190200.2388613224 60186.110432386398 14976.433535218239 60143.099102854729 30844.197564125061 30928.436420083046 19028.205813109875 38650.93391340971 8247.9478521943092 34130.116448998451 4155.2283165454865 4280.4833447933197 1715.6466221809387 95062.767555594444 25263.631585836411 44614.495866656303 162738.14184522629 6157.9793469905853 72724.939571380615 14815.489968419075 28694.195291280746 55204.272703528404
leaf_count=11538 16928 21021 7244 5959 6354 13256 10769 3832 62638 15893 7926 31402 19650 17192 14438 36574 3434 6967 4538 772 1023 33101 10523 12218 75705 3637 30262 2316 13048 24479
internal_value=-6.09535e-06 -0.00899782 0.0181205 -0.00547932 -0.00104998 -0.00317929 0.0328221 0.00676902 0.00427391 0.00778818 -0.0152758 -0.0127987 -0.0172791 -0.00881447 -0.031069 -0.0486814 0.0218012 0.019689 -0.0374854 -0.00353715 0.0244638 0.00405299 0.00564679 0.00809422 -0.0102908 -0.00613415 -0.00878725 0.0253696 -0.0138043 -0.0127033
internal_weight=1.31259e+06 877376 435219 805930 555003 503333 189619 245600 216710 240516 250927 216922 146192 286623 34004.6 71445.5 69882.7 51669.9 32794.6 70730.7 5996.13 180330 164941 139677 266392 64734.6 235463 61634.8 34852.2 115347
internal_count=524637 408379 116258 346246 218333 205407 33447 82811 75894 78979 127913 105549 75531 129513 22364 62133 16519 12926 25559 30018 1795 63086 55842 45319 123159 28223 105967 13085 16685 55881
is_linear=0
shrinkage=0.04


Tree=14
num_leaves=31
num_cat=0
split_feature=9 11 13 11 18 9 10 10 11 8 9 10 10 14 9 10 13 11 7 10 10 9 14 3 8 10 10 8 8 10
split_gain=124540 80038 31100.5 28526.5 12311.5 11728.6 10555 7599.99 7515.22 6839.36 6613.99 8496.82 4529.7 4302.31 3943.77 3667.13 3459.85 3322.82 3209.28 3150.24 3879.25 3299.34 2987.67 2981.72 2957.28 2785.2 2398.83 2393.12 2324.11 3450.27
threshold=73.875000000000014 0.18069575726985934 3.1067273616790776 -0.17858051508665082 13.067362308502199 77.875000000000014 -0.99054482579231251 -0.98930078744888295 0.31390938162803655 16.125000000000004 75.875000000000014 0.30675521492958074 -0.55028682947158802 1.0000000180025095e-35 79.125000000000014 -0.8940606117248534 14.127658367156984 -0.39233249425888056 4.0424733161926278 -0.87395131587982167 -0.80987083911895741 76.625000000000014 0.20005792379379275 4.5553131103515634 18.875000000000004 -0.01505099539645016 0.46514528989791876 19.875000000000004 19.625000000000004 0.27383534610271459
decision_type=2 2 2 2 2 2 2 2 2 2 2 2 2 2 2 2 2 2 2 2 2 2 2 2 2 2 2 2 2 2
left_child=3 2 7 4 26 9 -7 23 -5 -4 17 14 -6 -3 -12 18 19 28 27 -11 -21 -22 -13 24 -2 -18 -1 -15 29 -9
right_child=1 13 5 8 12 6 -8 10 -10 16 11 22 -14 15 -16 -17 25 -19 -20 20 21 -23 -24 -25 -26 -27 -28 -29 -30 -31
leaf_value=0.014322259337586178 -0.016318471685352436 -0.067641848414095138 0.02285424634811855 -0.0012463483209479407 0.024415054335358441 -0.033165742361202642 0.012251159121944785 -0.025586255712903655 -0.049410215596364278 -0.014203987033209612 -0.0050764765638859491 -0.032725919019877529 0.037498955298984324 -0.024593634101249325 0.008381384996327082 -0.072769198617598993 0.0068295306436838132 -0.0030724620247161972 -0.056777477993878257 0.01472437357254679 -0.0098236565987137089 0.002988764129452572 -0.0088179462652628379 -0.010580982426832371 -0.04017642567512484 -0.018424444419863118 -0.026262643494089199 -0.046378953392797795 -0.0098042960157023913 -0.0064211186367212174
leaf_weight=61997.657429814339 12706.630838155746 14963.452274382114 16793.58366215229 32844.949619829655 64234.623476862907 8528.3788105249405 199446.89161026478 75729.699170470238 6144.8908398151398 55161.655102610588 148445.36214035749 21246.900096774101 124690.26909315586 20760.587280869484 45514.130242466927 5989.4867103099823 65086.117933750153 26986.108335971832 12561.26125472784 17373.985803842545 91140.752014994621 49681.205315709114 13803.34340852499 14586.218374848366 24144.22811716795 7817.9829295873642 2412.2419806718826 13243.677263140678 35749.517213344574 18760.580073356628
leaf_count=17214 6870 16131 3958 13050 13667 5126 58419 43302 5500 26749 63131 13967 18174 14375 14857 6781 22115 11742 11546 5442 40969 17766 6365 7307 17610 3738 1245 11409 17212 8900
internal_value=-6.3628e-06 -0.00662487 -0.00362988 0.0230013 0.0279032 0.0030725 0.0103873 -0.0114555 -0.00884781 -0.00194752 -0.00953149 -0.00519401 0.0330519 -0.0487008 -0.00191821 -0.0432961 -0.00340326 -0.0158486 -0.0394903 -0.00597376 -0.00310323 -0.00530361 -0.0233158 -0.0258982 -0.0319566 0.00411923 0.0127985 -0.0330895 -0.0184954 -0.0217822
internal_weight=1.30855e+06 1.01622e+06 948703 292325 253335 511031 207975 437673 38989.8 303055 386236 229010 188925 67518.5 193959 52555 286262 157226 46565.5 213358 158196 140822 35050.2 51437.1 36850.9 72904.1 64409.9 34004.3 130240 94490.3
internal_count=524637 455787 395545 68850 50300 184282 63545 211263 18550 120737 179476 98320 31841 60242 77988 44111 116779 81156 37330 90926 64177 58735 20332 31787 24480 25853 18459 25784 69414 52202
is_linear=0
shrinkage=0.04


Tree=15
num_leaves=31
num_cat=0
split_feature=9 11 13 11 5 9 10 9 10 10 11 8 10 14 10 9 10 17 10 14 10 9 4 10 3 8 10 13 11 8
split_gain=115332 75332.7 28782 26514.9 12083 9900.61 8160.22 7319.1 7883.62 6760.25 6648.92 5431.47 4869.77 4323.92 3696.44 3443.56 3253.13 3240.54 3069.56 3036.93 2990.54 2719.9 2682.34 2817.94 2656.61 2926.36 2644.81 2582.74 2571.07 2348.84
threshold=73.875000000000014 0.18069575726985934 3.7338023185729985 -0.14463099837303159 7.492586851119996 78.875000000000014 -0.98930078744888295 76.125000000000014 0.43442112207412725 -0.99275806546211232 0.31390938162803655 16.125000000000004 -0.55028682947158802 1.0000000180025095e-35 -0.8940606117248534 76.625000000000014 -0.74512827396392811 -1.2401176691055296 -0.92599865794181813 0.44358095526695257 -0.98803845047950734 78.875000000000014 1.5913016200065615 -0.46133413910865778 4.5553131103515634 18.375000000000004 -0.76762619614601124 16.634672164916996 -0.87810534238815297 20.125000000000004
decision_type=2 2 2 2 2 2 2 2 2 2 2 2 2 2 2 2 2 2 2 2 2 2 2 2 2 2 2 2 2 2
left_child=3 2 6 4 -1 11 24 16 19 -7 -5 -4 -6 -3 17 27 26 -15 -17 20 -9 22 -21 -24 25 -2 -8 -13 -18 -19
right_child=1 13 5 10 12 9 7 8 -10 -11 -12 15 -14 14 -16 18 28 29 -20 21 -22 -23 23 -25 -26 -27 -28 -29 -30 -31
leaf_value=0.011850449334279626 -0.011651409018126382 -0.066849975871505943 0.02211824874601866 -0.0022255428917742365 0.023130960661702567 -0.035025267003584916 -0.009707073639517446 0.049875526753432001 -0.036902950798171269 0.013843731556546104 -0.048172334243932982 -0.007741687072959913 0.036550967927338147 -0.057145811375311231 -0.072254936619197921 -0.010661447558266075 -0.014853136975558614 -0.025242894025298758 0.0055639740402973611 0.0014593691097126537 -0.013950709908558524 0.0072658757450252531 -0.019106699434013337 0.00086605380360548737 -0.011007915630182023 -0.037101219485525257 0.01776995836417156 0.0045947896866291261 -0.02810172086208099 -0.047549182762767143
leaf_weight=65059.353815197945 9654.8380753993988 14543.743203043938 16379.06337749958 29852.410284936428 66853.495703577995 4672.7910386323929 57177.789147436619 1201.3222538232803 10938.638015210629 138608.07108592987 6052.8418710231781 138166.59481096268 123017.37457382679 11123.054565250874 5794.8489816784859 22028.379427134991 95048.854937076569 23858.000650882721 121536.00669848919 73433.012596011162 39068.844425916672 57697.276387691498 27212.036862254143 19325.72980928421 15262.67631226778 28904.087659358978 6204.8361864089966 33786.657023072243 31128.692385435104 11084.626587927341
leaf_count=18878 4961 16131 3846 12150 14395 2913 26925 166 7873 38927 5500 60989 17927 10564 6781 10111 48776 16898 40775 28444 19774 18783 13409 7497 7721 20729 1910 11861 19155 9868
internal_value=-6.98076e-06 -0.00637675 -0.00348989 0.0221972 0.0267297 0.00346044 -0.0104831 -0.00859694 -0.00378223 0.0122476 -0.00998243 -0.000333275 0.0318273 -0.0475589 -0.0421371 -0.00149944 -0.0144098 -0.0383336 0.00307379 -0.00211823 -0.0120348 0.000129993 -0.00330217 -0.0108142 -0.0251428 -0.0307335 -0.00701483 -0.0053176 -0.0181236 -0.0323306
internal_weight=1.30468e+06 1.01384e+06 947436 290835 254930 475178 472259 418437 228877 143281 35905.3 331897 189871 66404.3 51860.5 315518 189560 46065.7 143564 217938 40270.2 177668 119971 46537.8 53821.6 38558.9 63382.6 171953 126178 34942.6
internal_count=524637 455787 395545 68850 51200 169422 226123 192712 95946 41840 17650 127582 32322 60242 44111 123736 96766 37330 50886 88073 19940 68133 49350 20906 33411 25690 28835 72850 67931 26766
is_linear=0
shrinkage=0.04


Tree=16
num_leaves=31
num_cat=0
split_feature=5 11 9 9 14 9 10 11 11 10 11 11 10 11 8 8 8 11 10 10 4 10 9 11 10 10 8 14 17 10
split_gain=107392 65882.4 33487.6 19384.4 14402.7 11581.5 7578.19 5805.99 5229.84 5771.65 5191.65 5076.44 5468.24 6799.36 4941.74 4774.01 3780.89 3590.69 3521.47 3324.73 3497.85 2765.68 2723.88 2605.63 2586.52 2550.91 2492.03 2464.01 2250.48 2237.99
threshold=10.961815834045412 0.19758678972721103 74.125000000000014 73.625000000000014 1.2172181606292727 77.125000000000014 -0.56456753611564625 -0.21231865882873532 -0.12758953124284741 -0.69751432538032521 -0.88620507717132557 0.16375125199556353 -0.01505099539645016 -0.80543360114097584 18.875000000000004 16.625000000000004 19.625000000000004 0.14675828069448474 -0.88622298836708058 -0.72174841165542591 0.10778025910258295 -0.98664820194244374 78.875000000000014 -0.91939276456832875 -0.92599865794181813 -0.88218119740486134 19.875000000000004 0.0074559897184371957 16.034515380859379 -0.90163370966911305
decision_type=2 2 2 2 2 2 2 2 2 2 2 2 2 2 2 2 2 2 2 2 2 2 2 2 2 2 2 2 2 2
left_child=1 3 6 23 8 15 17 -7 9 19 -11 12 13 22 18 -6 -10 28 -3 24 -21 -17 -4 -1 -5 -26 -23 -16 -2 -29
right_child=2 14 11 4 5 7 -8 -9 16 10 -12 -13 -14 -15 27 21 -18 -19 -20 20 -22 26 -24 -25 25 -27 -28 29 -30 -31
leaf_value=0.025421537159705927 0.01743294779113071 -0.027106373678365544 0.010747560757538048 0.003059089964012736 0.010003218989789134 0.0061061883313261464 0.035361662643280257 -0.013100939962766893 -0.015956758822361992 -0.013343267492680267 -0.03327008247059135 -0.039796673042059964 -0.012070950159702687 0.0015089167205477108 -0.0687654830961935 -0.020054586909275467 -0.044786844517690209 -0.024815017077363947 -0.070923759316831841 0.046309725580376666 -0.025510726985657432 -0.010482818196332797 0.025038696247553664 0.0095659896286816853 -0.044368999563090927 -0.0093390458161496364 -0.0019804921985878106 -0.042855767530603314 0.03671381097344209 -0.075528561125734597
leaf_weight=26794.601742267609 56186.693065166473 24980.65497225523 46933.747666716576 28100.563156604767 22089.986661911011 208073.46729099751 122204.67069506645 28638.189292907715 14116.988230705261 97107.777618706226 26665.324934601784 3789.0632898807526 21665.377357363701 89583.368505716324 12630.189912199974 33707.342917144299 15051.379270970821 2874.8418409228325 3322.0368304848671 4012.3636965751648 1478.3897219896317 179872.1162853837 39161.971020340919 43545.081436991692 3821.6200722455978 25291.729672551155 79556.251329600811 24210.906802594662 11709.973720669746 3911.9455859661102
leaf_count=5583 13775 18388 14432 10939 6895 68629 18432 14482 8011 48961 17685 2977 9434 32489 14660 18873 12216 1664 3952 724 876 83739 8607 13165 2511 11738 33072 21044 1931 4753
internal_value=-7.4807e-06 -0.00758281 0.0174256 -0.00448766 -0.00632942 -0.00290442 0.029329 0.00378199 -0.015095 -0.0126301 -0.0176386 0.00600418 0.00688554 0.00922388 -0.0451332 -0.0079254 -0.0308438 0.0189085 -0.0322727 -0.00274261 0.0269608 -0.00927675 0.0172503 0.0156086 -0.00559742 -0.013951 -0.00787567 -0.0540547 0.0207632 -0.0474259
internal_weight=1.30109e+06 906979 394110 837923 767583 551937 192976 236712 215646 186478 123773 201134 197344 175679 69055.7 315226 29168.4 70771.5 28302.7 62704.7 5490.75 293136 86095.7 70339.7 57213.9 29113.3 259428 40753 67896.7 28122.9
internal_count=524637 420896 103741 358099 339351 225690 35802 83111 113661 93434 66646 67939 64962 55528 62797 142579 20227 17370 22340 26788 1600 135684 23039 18748 25188 14249 116811 40457 15706 25797
is_linear=0
shrinkage=0.04


Tree=17
num_leaves=31
num_cat=0
split_feature=9 11 13 11 5 9 10 14 10 10 9 8 10 14 10 11 10 7 13 10 10 9 14 10 10 14 10 8 10 8
split_gain=99565.2 66665.2 24791.6 23100.6 10336.8 9194.49 8307.78 6520.76 6303.33 6251.31 6222.01 5290.22 5230.75 4358.03 3751.3 3619.85 4972.78 3295.68 2916.41 2845.01 3338.88 3453.34 2764.71 2418.28 2358.2 2350.97 2327.85 3021.39 4047.63 2233.34
threshold=73.875000000000014 0.18069575726985934 3.2885431051254277 -0.17858051508665082 3.8930867910385136 78.125000000000014 -0.99054482579231251 1.0000000180025095e-35 -0.99166062474250782 -0.9413962960243224 75.875000000000014 16.125000000000004 -0.56456753611564625 1.0000000180025095e-35 -0.8940606117248534 0.026874557137489322 -0.99630266427993763 4.1961152553558358 20.328887939453129 -0.87395131587982167 -0.80987083911895741 76.375000000000014 0.82988965511322033 -0.01505099539645016 -0.52124115824699391 2.9475724697113042 -0.9193688929080962 19.625000000000004 0.30675521492958074 20.125000000000004
decision_type=2 2 2 2 2 2 2 2 2 2 2 2 2 2 2 2 2 2 2 2 2 2 2 2 2 2 2 2 2 2
left_child=3 2 7 4 -1 11 -7 -2 15 -5 26 -4 -6 -3 17 -9 25 29 19 -13 -21 -22 -12 -20 -23 -17 -10 28 -28 -15
right_child=1 13 5 9 12 6 -8 8 10 -11 22 18 -14 14 -16 16 -18 -19 23 20 21 24 -24 -25 -26 -27 27 -29 -30 -31
leaf_value=0.0068410619083043665 -0.029908438680491121 -0.065264810423701122 0.020621760545045834 -0.0016342410141840509 0.020184628158206361 -0.031140479893352228 0.011517072959297674 -0.035068095180733956 -0.0030861091898065312 -0.048457055263709317 -0.0099478927887720302 -0.011130440424353972 0.033466129736556861 -0.022638828828077544 -0.071244655812076743 -0.011130430331531545 -0.038165292598437914 -0.054717234036625505 0.010728453283809381 0.013462936182571652 -0.0088296910921976373 -0.010530698382383692 -0.00014494663054237002 -0.025868347436059008 0.0065167484913365385 0.021003039542012769 -0.02310896017041859 -0.0054019780689133646 0.00035733622124968246 -0.044595110558664185
leaf_weight=41048.239953875542 25077.980098426342 13773.739244103432 16547.966314315796 33411.134901583195 73185.40460062027 7600.3821018338203 182289.5930403471 21255.147502183914 28211.922888576984 5273.8402135968208 64775.216214954853 68519.29022359848 135231.87273275852 22828.017158210278 5439.1110491156578 9771.8921537995338 7866.8076786398888 11355.588514268398 34937.817827820778 20898.966604113579 89358.200999617577 16622.314507126808 159020.2018071413 3139.8177741765976 59171.65799164772 5794.7367390394211 77573.162851810455 32820.362748622894 13861.611407876015 11004.552459955215
leaf_count=13027 16553 16131 3931 13500 16449 4630 52912 14746 12490 5050 31620 32128 20824 16278 6781 5190 5982 11008 10954 6591 39952 6965 61600 1616 20101 1849 44462 15153 6120 10044
internal_value=-7.82291e-06 -0.00592736 -0.0032439 0.0207304 0.0251902 0.00288049 0.00980815 -0.0100967 -0.00891577 -0.00802837 -0.00722849 -0.00137425 0.0288035 -0.0453017 -0.0398587 -0.0231173 -0.012267 -0.036066 -0.00261869 -0.00416307 -0.00159665 -0.00350305 -0.00298262 0.00770474 0.00277719 0.00083718 -0.0134601 -0.015815 -0.0195518 -0.0297915
internal_weight=1.29767e+06 1.00952e+06 945115 288150 249466 499086 189890 446029 420951 38685 376262 309196 208417 64401 50627.3 44688.6 23433.4 45188.2 292648 254570 186051 165152 223795 38077.6 75794 15566.6 152467 124255 91434.8 33832.6
internal_count=524637 455787 395545 68850 50300 179780 57542 215765 199212 18550 171445 122238 37273 60242 44111 27767 13021 37330 118307 105737 73609 67018 93220 12570 27066 7039 78225 65735 50582 26322
is_linear=0
shrinkage=0.04


Tree=18
num_leaves=31
num_cat=0
split_feature=5 11 9 9 14 9 10 10 10 8 10 10 11 10 11 8 11 8 10 4 11 14 10 9 17 14 14 11 14 10
split_gain=92751 58226.6 29213.4 16620.2 12311.8 10083.8 6710.49 5551.98 4938.58 4726.7 4690.08 4512.08 7630.47 4498.15 4864.39 4397.05 3659.8 3424.78 3388.21 3256.37 3208.88 2509.81 3038.68 2457.88 2372.96 2275.4 2315.96 2175.38 2133.6 2046.8
threshold=10.961815834045412 0.19758678972721103 74.125000000000014 73.625000000000014 1.2172181606292727 76.875000000000014 -0.56456753611564625 -0.9769422411918639 -0.8940606117248534 19.125000000000004 -0.98930078744888295 -0.01505099539645016 -0.80543360114097584 -0.69751432538032521 -0.88620507717132557 16.625000000000004 0.26451654732227331 19.375000000000004 -0.72174841165542591 0.12496908754110338 -0.09339838474988936 0.11639668419957162 -0.87395131587982167 78.875000000000014 11.777387142181398 1.0000000180025095e-35 2.2161035537719731 -0.90892156958580006 10.769697189331056 -0.083760455250740037
decision_type=2 2 2 2 2 2 2 2 2 2 2 2 2 2 2 2 2 2 2 2 2 2 2 2 2 2 2 2 2 2
left_child=1 3 6 21 10 15 20 -7 9 -3 17 12 23 18 -15 -6 -14 -5 -12 -20 24 -1 -23 -4 -2 -11 -27 29 -13 -9
right_child=2 8 11 4 5 7 -8 27 -10 25 13 28 16 14 -16 -17 -18 -19 19 -21 -22 22 -24 -25 -26 26 -28 -29 -30 -31
leaf_value=-0.012321631941180647 0.01632851914901939 -0.02581872781479928 0.010112434055203628 -0.014285325552831319 0.0093556475230846189 -0.012809530143544377 0.033190277414901312 0.015193767192352631 -0.06677095348285382 -0.069903869370207469 -0.0062974384755273205 -0.0020731750942416275 0.00069329549253801766 -0.012334823743579609 -0.031707635894474583 -0.0092220648207240585 -0.067350547121305018 -0.044870609642641272 0.045112642743234489 -0.024964749523917695 -0.0054870815116162012 0.0042590834424801414 0.022674414520223434 0.023712978660656501 0.034538642794919514 -0.0341628587516263 -0.061838333001234556 0.0013971880383004162 -0.028119354592715189 0.0042569189765710109
leaf_weight=5175.4145902395248 46782.044262170792 26739.563799738884 46864.686052799225 10844.800798952579 22041.596076667309 31173.885300993919 120448.19256651402 50077.984079241753 11500.368218183517 6567.3380155563354 62304.146969079971 13679.48205769062 91945.915331661701 96848.99849653244 26389.154860496521 269908.78199821711 1272.3742063641548 12762.286017000675 4001.3977686166763 1435.1280063390732 8443.418061196804 21391.629657745361 43493.591706156731 38944.474390029907 15171.405743598938 15171.12863188982 7143.0523096323013 117529.32759082317 7951.8808933496475 60410.678366661072
leaf_count=2221 11231 19954 14432 6044 6895 15965 18432 14340 14236 8210 28686 5377 34002 48961 17685 126452 1464 10685 737 863 3625 7202 9325 8607 2514 12852 7545 41522 4057 20516
internal_value=-8.29904e-06 -0.00705893 0.0162521 -0.00418008 -0.00588633 -0.00272138 0.0274556 0.00302083 -0.0429001 -0.0379533 -0.0140147 0.00559561 0.00768067 -0.0119343 -0.0164854 -0.00781922 -0.000242587 -0.0308321 -0.00365357 0.0266018 0.0176404 0.0144665 0.0166048 0.0162871 0.0207927 -0.0491752 -0.0430459 0.00518557 -0.0116566 0.00921487
internal_weight=1.29441e+06 902910 391504 835789 765728 551142 190845 259192 67121.5 55621.1 214586 200659 179027 190979 123238 291950 93218.3 23607.1 67740.7 5436.53 70396.9 70060.6 64885.2 85809.2 61953.5 28881.5 22314.2 228018 21631.4 110489
internal_count=524637 420896 103741 358099 339351 225690 35802 92343 62797 48561 113661 67939 58505 96932 66646 133347 35466 16729 30286 1600 17370 18748 16527 23039 13745 28607 20397 76378 9434 34856
is_linear=0
shrinkage=0.04


Tree=19
num_leaves=31
num_cat=0
split_feature=6 11 9 10 13 9 11 8 11 9 10 10 10 7 11 10 10 17 10 3 10 10 8 12 10 9 8 10 10 11
split_gain=86029.6 53163.9 25646.1 14841.1 14421.1 9778.14 8466.14 6183.94 5235.42 4928.86 4622.84 4005.31 3928.32 3749.15 3658.58 4290.71 3373.93 3346.31 3283.1 3193.38 2947.61 2856.54 2761.96 4254.24 3847.65 3680.07 2724.28 2576.88 2493.25 2415.08
threshold=10.877426147460939 -0.12758953124284741 74.125000000000014 -0.95244166254997242 2.6166771650314335 73.625000000000014 -0.39233249425888056 18.375000000000004 0.18069575726985934 79.125000000000014 0.46514528989791876 -0.59262362122535694 -0.066607572138309465 0.65263810753822338 0.026874557137489322 -0.99630266427993763 -0.9599599540233611 -14.227000236511229 -0.88622298836708058 1.3438934683799746 -0.55028682947158802 -0.9769422411918639 19.375000000000004 0.042856317013502128 -0.87395131587982167 73.875000000000014 19.125000000000004 0.088045001029968276 -0.80987083911895741 0.14675828069448474
decision_type=2 2 2 2 2 2 2 2 2 2 2 2 2 2 2 2 2 2 2 2 2 2 2 2 2 2 2 2 2 2
left_child=1 4 6 7 10 -6 20 -3 11 -7 16 19 -13 -9 -15 -16 21 27 26 -4 28 -1 25 -24 -25 -18 -5 -14 -2 -8
right_child=2 3 8 18 5 9 29 13 -10 -11 -12 12 17 14 15 -17 22 -19 -20 -21 -22 -23 23 24 -26 -27 -28 -29 -30 -31
leaf_value=-0.0079548500547151728 0.031386926441135783 -0.0067840725592174011 0.010261582710952306 -0.030527407546371697 0.023260569575445977 -0.0012175942997874071 0.0080421808252250111 -0.045747059491031195 -0.060066043643356534 0.011030408336300417 -0.030866750359595258 0.015286125840589554 -0.02195807929375428 -0.035012108415619025 0.0020797729882298748 -0.024466093101811737 0.005981486199852384 -0.012105006762586702 -0.070535381201687244 -0.0055870547723078775 0.032244785944203262 0.015513634916527248 -0.0124808063604927 -0.023532057921157114 0.0032019672986423838 -0.014550134357085477 -0.053240385677868374 0.046913314507564835 0.013739508128518596 -0.032838719192655096
leaf_weight=15080.880650281906 21622.888766169548 36908.484914004803 30809.219050943851 16188.80389559269 35215.088987827301 275244.11513757706 22158.092181384563 13514.691708087921 1932.2824667692184 64970.104834794998 13611.069572389126 82012.705621600151 1204.2673552036285 24789.345602035522 14446.134088158607 29899.339586079121 15615.672148108482 16812.032819271088 8306.2232980132103 59823.894656896591 120909.0031940937 18428.436381936073 68360.246478378773 9549.1718810796738 87074.091983437538 131965.2080925107 17805.010902822018 3068.8406212329865 31479.140159130096 2571.4676744937897
leaf_count=6817 3835 18306 10070 13629 7205 107545 6619 11930 2019 18972 9361 22481 557 16756 6456 20504 5091 7290 10949 23839 18819 5778 33397 4844 33673 68587 19486 467 7668 1687
internal_value=-8.52659e-06 -0.00685455 0.0155608 -0.0276072 -0.0022849 0.00319883 0.0256812 -0.0203997 0.00528048 0.00112164 -0.0080086 0.00593531 0.0113275 -0.0264784 -0.0227056 -0.0158199 -0.00710872 -0.0040699 -0.0479691 -0.000199036 0.0287933 0.00495241 -0.00840189 -0.00484517 0.000557711 -0.0123774 -0.042436 0.0274977 0.02093 0.00377968
internal_weight=1.29138e+06 896972 394404 161858 735114 375429 198741 119558 195663 340214 359685 193731 103098 82649.5 69134.8 44345.5 346074 21085.1 42300 90633.1 174011 33509.3 312564 164984 96623.3 147581 33993.8 4273.11 53102 24729.6
internal_count=524637 419286 105351 118016 301270 133722 38628 73952 66723 126517 167548 64704 30795 55646 43716 26960 158187 8314 44064 33909 30322 12595 145592 71914 38517 73678 33115 1024 11503 8306
is_linear=0
shrinkage=0.04


Tree=20
num_leaves=31
num_cat=0
split_feature=13 11 9 14 9 9 8 10 9 11 10 8 10 14 11 10 10 8 8 10 10 10 10 10 10 11 13 9 14 14
split_gain=80259.4 48932.4 27990.9 12438.2 9716.79 9667.91 8311.55 5757.31 4984.51 4689.66 4450.87 4422.16 4188.56 4158.42 3636.91 3577.34 3359.51 3310.65 2899.63 2821.1 2679.4 2561.62 2551.8 2425.44 2358.99 2156.71 2122.83 1975.83 1950.79 1946.38
threshold=9.3736710548400897 0.21441935747861865 73.625000000000014 1.2819447517395022 73.625000000000014 76.625000000000014 16.875000000000004 -0.9769422411918639 78.875000000000014 -0.37645272910594935 -0.88622298836708058 19.125000000000004 -0.52124115824699391 1.0000000180025095e-35 0.26451654732227331 -0.98930078744888295 -0.88218119740486134 16.625000000000004 19.125000000000004 -0.01505099539645016 -0.52124115824699391 1.0000000180025095e-35 -0.92599865794181813 -0.60639065504074086 -0.88218119740486134 -0.09339838474988936 24.592797279357914 79.375000000000014 1.0000000180025095e-35 2.2161035537719731
decision_type=2 2 2 2 2 2 2 2 2 2 2 2 2 2 2 2 2 2 2 2 2 2 2 2 2 2 2 2 2 2
left_child=1 3 12 13 16 17 23 -7 14 21 11 -3 25 -1 19 18 -5 -6 -15 20 26 -10 -17 -4 -24 -2 -8 -9 -13 -30
right_child=2 10 6 4 5 7 8 27 9 -11 -12 28 -14 15 -16 22 -18 -19 -20 -21 -22 -23 24 -25 -26 -27 -28 -29 29 -31
leaf_value=-0.026466854754226544 0.022342822701258942 -0.025742162852609218 0.0090024549969184887 0.0015157552798487157 0.0087006821013179986 -0.013595504502122029 -0.0051178790216683534 0.0021045567594160071 0.017042994606794201 -0.013264484627316542 -0.069808743782572902 -0.067579417608865072 0.033640744462678764 -0.0094580207171408113 -0.065559651952034545 0.0014934781774980405 0.023151116954959014 -0.010061990232229199 -0.037721179743493038 -0.013085508887613664 0.0091469103461279729 -0.0098024661748780141 -0.040964750328617398 0.028529432116390613 -0.0098406290326509462 -0.003415065451550492 0.010508915617084277 0.01019068463117347 -0.03445916865251053 -0.06152534386279844
leaf_weight=29119.993889391422 54084.496801614761 25344.304208576679 15034.510342240334 17805.423196196556 16129.821560382843 31550.103546440601 70206.436396181583 153442.1837952137 72031.243328928947 10731.662290394306 8002.5295584201813 6809.8386138081551 86442.0170596838 10566.957359313965 1341.1106432080269 33821.837699055672 32338.94295167923 222649.51587885618 12909.642224311829 21765.332492470741 56554.460432291031 6168.2105195522308 3995.7223649024963 31573.709756493568 144222.53442466259 5751.6110767126083 17334.98111552 70587.353101015091 14009.012811303139 6142.5455524325371
leaf_count=18923 11169 19773 4532 6224 5152 16704 28677 55304 17954 5169 10873 8943 12348 5524 1561 14339 6633 107529 10322 9603 17115 2439 2652 5896 70969 2409 5337 21081 12585 6898
internal_value=-8.71387e-06 -0.00731011 0.0136412 -0.004623 -0.00130528 -0.00300719 0.00669871 0.00239958 0.00387104 0.0115217 -0.0420192 -0.0377549 0.0280081 -0.0123218 -0.000198621 -0.0103164 0.0154706 -0.00879424 -0.0250092 0.000333792 0.00236151 0.0149245 -0.00842024 0.0222339 -0.0106824 0.0198667 -0.00202261 0.00465268 -0.0490335 -0.0427358
internal_weight=1.28847e+06 839448 449020 779140 544503 494359 302742 255580 256133 88931.1 60308.2 52305.7 146278 234637 167202 205517 50144.4 238779 23476.6 165861 144096 78199.5 182040 46608.2 148218 59836.1 87541.4 224030 26961.4 20151.6
internal_count=524637 400428 124209 341356 218627 205770 98283 93089 87855 25562 59072 48199 25926 122729 62293 103806 12857 112681 15846 60732 51129 20393 87960 10428 73621 13578 34014 76385 28426 19483
is_linear=0
shrinkage=0.04


Tree=21
num_leaves=31
num_cat=0
split_feature=9 11 13 11 5 9 11 10 9 10 10 14 10 13 10 17 5 10 11 10 9 8 13 10 9 7 8 10 10 8
split_gain=74692.6 52326.3 18588.5 16999 7419.07 6834.71 6528.6 5766.51 5512.1 6458.14 4633.96 4287.41 3740.84 3681.1 3474.51 3467.77 2745.35 2425.8 2324.3 3292.61 2736.87 2555.24 2294.71 2563.43 2464.85 2285.69 3450.31 2269.02 2218.1 2103.99
threshold=73.875000000000014 0.18069575726985934 3.8625636100769047 -0.40809616446495051 3.7664122581481938 79.125000000000014 0.31390938162803655 -0.98930078744888295 75.875000000000014 0.43442112207412725 -0.99275806546211232 1.0000000180025095e-35 -0.8940606117248534 20.328887939453129 -0.87395131587982167 -1.2401176691055296 34.968181610107429 -0.74512827396392811 -0.58654513955116261 -0.52124115824699391 76.375000000000014 16.875000000000004 1.0000000180025095e-35 -0.98803845047950734 78.875000000000014 3.1390343904495244 18.875000000000004 -0.46133413910865778 -0.7785360813140868 20.125000000000004
decision_type=2 2 2 2 2 2 2 2 2 2 2 2 2 2 2 2 2 2 2 2 2 2 2 2 2 2 2 2 2 2
left_child=3 2 7 4 -1 13 -5 25 17 22 -7 -3 15 14 -4 -13 -6 28 19 -16 21 -21 23 -10 -24 26 -2 -19 -9 -17
right_child=1 11 5 6 16 10 -8 8 9 -11 -12 12 -14 -15 18 29 -18 27 -20 20 -22 -23 24 -25 -26 -27 -28 -29 -30 -31
leaf_value=0.0060153691180113537 -0.013488947939848613 -0.061914575897496403 -0.0093210981735040062 0.0035791773764724637 0.02267526594677232 -0.031494940735155068 -0.041694853663095915 -0.0088791454545705407 0.051246345613472764 -0.032205379009672158 0.012259353481849221 -0.052357866551450791 -0.068967461352127418 0.0093645094488437504 -0.010580647810689701 -0.018997639458859447 0.032703959976824522 -0.026567984608079343 0.012588018954854192 0.014815357029227682 0.0072120928772966787 -0.007065676348497898 -0.0030294588358186722 -0.015080763550998305 0.006439867147707579 -0.013325944247357967 -0.044103112390500777 -0.012816873564134997 0.014006122712908853 -0.040712766714586096
leaf_weight=33901.186943769455 10915.698457956314 12500.737644255161 74555.619376540184 55455.283561468124 119678.67753052711 3991.3735118508339 5601.7573902010918 48788.413939535618 957.3703430891037 11629.979534983635 121170.37689208984 10183.823463737965 4843.7255837917328 55424.561037778854 42296.587100863457 23213.252227365971 68929.391950726509 24690.308982431889 23471.97507250309 10025.515024423599 77767.6483938694 57272.796901464462 154257.40289974213 25995.272283315659 61511.56366109848 29302.26893466711 12815.743735849857 86464.297999560833 7859.7696362733841 10326.875346660614
leaf_count=10814 6060 16131 34166 19350 23014 2551 5500 23440 126 8572 33836 10564 6781 17134 18026 16898 10172 15713 7301 2847 25333 25362 65318 13443 20595 16912 10767 45396 2647 9868
internal_value=-8.88697e-06 -0.005137 -0.00280863 0.0181154 0.0232454 0.00286809 -0.000580695 -0.00837526 -0.00681313 -0.00310043 0.0108616 -0.0410145 -0.0356235 -6.77119e-05 -0.00189977 -0.0319147 0.0263419 -0.0124402 0.000724885 -0.00076187 0.0021015 -0.00380431 -0.0017046 -0.0127067 -0.000329764 -0.0208063 -0.0300332 -0.0158735 -0.00570197 -0.0256938
internal_weight=1.2858e+06 1.00223e+06 941165 283566 222509 465976 61057 475188 422154 254352 125162 61068.4 48567.7 340815 285390 43724 188608 167803 210835 187363 145066 67298.3 242722 26952.6 215769 53033.7 23731.4 111155 56648.2 33540.1
internal_count=524637 455787 395545 68850 44000 166556 24850 228989 195250 108054 36387 60242 44111 130169 113035 37330 33186 87196 78869 71568 53542 28209 99482 13569 85913 33739 16827 61109 26087 26766
is_linear=0
shrinkage=0.04


Tree=22
num_leaves=31
num_cat=0
split_feature=5 11 9 9 11 9 10 10 10 8 8 10 10 9 11 11 10 10 11 8 14 7 3 8 9 10 10 10 3 17
split_gain=69276 45146 22081.1 12342.7 9540.42 8608.94 6887.5 5326.71 4809.98 4627.01 3874.46 3779.21 6092.83 3732.94 3132.46 3077.73 3431.96 2770.92 2529.87 2319.48 2221.11 2400.12 2210.61 2076.33 2860.03 3734.48 3825.06 2062.68 2038.85 2036.34
threshold=10.961815834045412 0.19758678972721103 74.125000000000014 73.625000000000014 -0.12758953124284741 77.875000000000014 0.30675521492958074 -0.56456753611564625 -0.88622298836708058 19.125000000000004 16.625000000000004 -0.01505099539645016 -0.59262362122535694 75.875000000000014 0.26451654732227331 0.0096758542931638675 -0.99630266427993763 0.46514528989791876 0.14675828069448474 17.625000000000004 1.0000000180025095e-35 2.1162509918212895 1.0000000180025095e-35 19.875000000000004 74.125000000000014 -0.74512827396392811 0.25725142657756811 0.48030318319797521 1.0000000180025095e-35 0.019086543470621112
decision_type=2 2 2 2 2 2 2 2 2 2 2 2 2 2 2 2 2 2 2 2 2 2 2 2 2 2 2 2 2 2
left_child=1 3 7 27 5 10 22 18 9 29 -5 12 14 23 -4 19 28 -15 -2 -6 -11 -22 -7 24 -12 -26 -27 -1 -17 -3
right_child=2 8 11 4 15 6 -8 -9 -10 20 13 -13 -14 17 -16 16 -18 -19 -20 -21 21 -23 -24 -25 25 26 -28 -29 -30 -31
leaf_value=0.013293049664931613 0.01680191700851635 -0.030162333261150365 0.00054191486792727411 0.010172422208993946 -0.0049039383675094318 0.011749555996307339 -0.020045977060603942 0.029191881046895771 -0.068485288808201719 -0.065975185842550577 -0.0035826796940332116 -0.010933451201011893 0.014511555510786733 -0.0028017867102756648 -0.065013596576629668 -0.015459771947762805 -0.02126245248544837 -0.039709184226244372 -0.021741177238890415 -0.033140667604404699 -0.029348554467587312 -0.056739760272199381 0.002507719761812226 -0.0039993986711632148 -0.0061869617672284183 -0.024356282859864548 -0.0054400015595735488 -0.047706065623380596 0.0085582340944710799 -0.0067832523857870386
leaf_weight=68609.339486122131 66876.801471352577 18952.111491322517 91771.131469070911 21585.581395983696 5718.8019219636917 66104.266144752502 17936.025777220726 117589.78430354595 7560.271886408329 6684.9105330705643 42984.568844199181 21558.214226961136 85329.569787740707 215072.1991571784 1171.2489242553711 9219.1049354076385 28828.876327812672 3294.837050139904 2832.1512566804886 25093.461772382259 13771.989093244076 8185.1842637658119 110849.6213902235 58720.519356191158 47485.439071178436 72926.06969845295 22351.98009121418 889.00895690917969 14592.320916950703 8704.285375893116
leaf_count=18188 15706 15902 34002 6592 2678 20307 10447 18432 10878 9228 17552 9434 23039 90677 1464 5478 19161 2723 1664 17438 12055 9274 37440 26682 21911 43453 10841 560 5971 5460
internal_value=-9.18058e-06 -0.00611776 0.0141307 -0.00363058 -0.005101 -0.0035329 0.0035663 0.0239978 -0.0385271 -0.0344926 -0.00638903 0.00488158 0.00679458 -0.00716162 -0.000291113 -0.0178635 -0.0119827 -0.00336046 0.0152331 -0.0279032 -0.0457618 -0.0395806 0.00596064 -0.0105567 -0.0126293 -0.0153527 -0.0199196 0.012506 -0.000743439 -0.0228094
internal_weight=1.28325e+06 896121 387129 832262 762764 679311 194890 187299 63858.8 56298.5 484421 199830 178272 462836 92942.4 83452.6 52640.3 218367 69709 30812.3 28642.1 21957.2 176954 244469 185748 142763 95278 69498.3 23811.4 27656.4
internal_count=524637 420896 103741 358099 339351 288625 68194 35802 62797 51919 220431 67939 58505 213839 35466 50726 30610 93400 17370 20116 30557 21329 57747 120439 93757 76205 54294 18748 11449 21362
is_linear=0
shrinkage=0.04


Tree=23
num_leaves=31
num_cat=0
split_feature=9 11 13 11 0 9 11 14 10 8 14 10 10 7 13 10 11 10 13 11 10 9 12 14 10 11 8 8 10 8
split_gain=64190.6 45975.8 16155.5 14912.5 6559.7 6220.83 5725.44 5138.08 4839.57 4956.16 4149.52 3690.34 3678.89 3447.77 3327.08 3519.33 3267.44 4218.53 2777.19 2343.21 3151.76 3339.83 3031.75 2327.18 2145.06 2897.59 2575.47 2331.07 2121.78 1990.34
threshold=73.875000000000014 0.18069575726985934 3.7338023185729985 -0.40809616446495051 9.3494195938110369 79.375000000000014 0.33019435405731207 1.0000000180025095e-35 -0.99166062474250782 19.125000000000004 1.0000000180025095e-35 -0.8940606117248534 -0.99275806546211232 4.7346770763397226 20.328887939453129 -0.87395131587982167 0.026874557137489322 -0.99630266427993763 0.23345253616571429 -0.39233249425888056 0.30675521492958074 75.625000000000014 1.0000000180025095e-35 1.8403632044792178 -0.80987083911895741 -0.85336607694625843 19.625000000000004 16.875000000000004 -0.01505099539645016 19.875000000000004
decision_type=2 2 2 2 2 2 2 2 2 2 2 2 2 2 2 2 2 2 2 2 2 2 2 2 2 2 2 2 2 2
left_child=3 2 7 4 23 14 -5 -2 16 19 -3 13 -7 29 15 -4 -9 -18 -11 20 21 -10 -21 -1 -17 26 27 -26 -16 -12
right_child=1 10 5 6 -6 12 -8 8 9 18 11 -13 -14 -15 28 24 17 -19 -20 22 -22 -23 -24 -25 25 -27 -28 -29 -30 -31
leaf_value=-0.0023581242172782948 -0.025720951604662843 -0.059939973511035742 -0.0089245007285914061 0.0029454994493848699 0.026806591774633036 -0.02895657280309762 -0.042186882705780235 -0.030503644263013999 -0.022365306886230521 -0.0090087729227891142 -0.016748019215624209 -0.067652361243036807 0.012271321594355563 -0.052151446800061611 0.01108869258360554 0.012048840001032913 0.0029899163555071363 -0.032847927781210783 0.00057895201109977852 0.014586303081712191 0.0015677852136222054 -0.0078792378657244286 -0.012167920632443053 0.01561410680529996 0.013856898151179365 -0.0092731808288815682 0.0066194582494625122 -0.0070669391188850116 -0.015678036034008202 -0.036748487895035334
leaf_weight=14025.958930253983 24461.517505288124 11926.653177320957 78195.977295517921 55995.050402462482 142248.02442502975 3569.9935670495033 4879.9833301305771 21651.408093452454 60434.409131288528 65991.832592487335 21614.344507098198 4582.0310481190681 106639.16140455008 8847.8275355100632 54092.099395513535 24689.605473399162 15724.307868003845 7882.2965922355652 180621.40002214909 11878.808152556419 18703.166596353054 44030.975447893143 15750.898779630661 64649.873819470406 10060.831699132919 45843.46001124382 88715.314125537872 55293.019765973091 5184.4800410270691 12626.007248938084
leaf_count=5246 16553 16131 35881 19800 23688 2285 5050 15440 35874 31883 15727 6781 29518 9486 15902 7670 7154 6178 72086 4128 8397 20624 7806 15066 2873 19256 29675 24018 2344 12117
internal_value=-9.56184e-06 -0.00476554 -0.002604 0.0168505 0.0216805 0.00261284 -0.000678825 -0.00787834 -0.00689181 -0.0054801 -0.0388313 -0.0335386 0.0109333 -0.0298961 8.00036e-05 -0.00161658 -0.0192841 -0.00898526 -0.00198691 -0.0111923 -0.0135537 -0.0162609 -0.000664392 0.0124102 0.000927977 -0.000446005 0.00218096 -0.00384421 0.00874536 -0.0241317
internal_weight=1.28081e+06 999012 939415 281799 220924 472284 60875 467131 442670 397411 59596.9 47670.2 110209 43088.2 362075 302798 45258 23606.6 246613 150798 123169 104465 27629.7 78675.8 224602 199913 154069 65353.9 59276.6 34240.4
internal_count=524637 455787 395545 68850 44000 169422 24850 226123 209570 180798 60242 44111 31803 37330 137619 119373 28772 13332 103969 76829 64895 56498 11934 20312 83492 75822 56566 26891 18246 27844
is_linear=0
shrinkage=0.04


Tree=24
num_leaves=31
num_cat=0
split_feature=6 11 12 9 9 10 10 14 8 11 10 9 8 10 9 10 10 10 10 9 11 17 13 9 10 8 10 11 10 8
split_gain=59809.1 41245.1 14062.7 13230.5 8766.79 5205.7 4988.73 4770.63 4376.94 4119.98 5439.56 3463.57 3692.4 3339.75 3165.89 3015.87 2973.17 2921.76 2702.32 2601.19 2512.97 2424.48 2396.25 2356.3 3095.51 2164.75 2418.69 2235.05 2106.42 3001.11
threshold=13.706183433532717 0.23118848353624347 1.1998160481452944 74.125000000000014 73.625000000000014 -0.56456753611564625 -0.87395131587982167 1.0000000180025095e-35 18.875000000000004 -0.21231865882873532 -0.96463498473167408 76.875000000000014 16.875000000000004 -0.75648915767669667 79.125000000000014 -0.88622298836708058 -0.59262362122535694 0.088045001029968276 0.1393099054694176 73.625000000000014 -0.99628248810768116 16.034515380859379 22.528243064880375 75.625000000000014 0.30675521492958074 19.625000000000004 -0.99866804480552662 0.0096758542931638675 -0.7097363770008086 20.125000000000004
decision_type=2 2 2 2 2 2 2 2 2 2 2 2 2 2 2 2 2 2 2 2 2 2 2 2 2 2 2 2 2 2
left_child=1 2 7 5 -4 21 -6 -1 15 10 -9 12 -8 -14 19 -3 22 -16 20 -12 -18 -2 -5 24 28 27 -27 -11 -21 -30
right_child=3 8 4 16 6 -7 11 9 -10 25 14 -13 13 -15 17 -17 18 -19 -20 23 -22 -23 -24 -25 -26 26 -28 -29 29 -31
leaf_value=-0.023940654432797248 0.0098589066556003784 -0.020394190628223081 0.016973057232875514 -0.0064795340850246413 -0.0074733899309052535 0.027939154583374971 0.013587695114558427 0.01774270991710496 -0.048038738496620104 -0.020982032295708705 0.0097644368099023306 0.0066712088768822791 0.009563940981132741 -0.0063978755470829284 0.01096659315591776 -0.065425132641166547 -0.012031936133411055 -0.012538732550387408 -0.020624530320920289 -0.0084593390944364532 0.01555777996397655 0.030325238622592097 0.0095175692556558958 -0.0055819877842569312 0.0029128743367010201 -0.044477204641593597 -0.017688563050513226 -0.0019972985183424256 -0.026178346950145912 -0.0027878635579418397
leaf_weight=28903.343919813633 51903.156258404255 21434.852436542511 53612.180044531822 39036.060955107212 111401.64102846384 109392.6989107132 22487.72572094202 15809.370525240898 31725.503290116787 16561.007482349873 12608.398403286934 154953.10093080997 25095.916352033615 127430.45871895552 28726.064940690994 2670.6741798520088 5748.4091758728027 11982.88920134306 3964.066464304924 32588.555488169193 64201.800496816635 11268.330822944641 24299.546628654003 145020.74455225468 15533.090333104134 6885.3966512084007 24896.188854157925 24733.943486630917 42574.200454115868 11058.193940639496
leaf_count=19171 13755 16784 12408 16303 51327 17195 6491 4741 37120 9534 3599 49714 8746 56616 8585 3990 2356 5716 1963 15660 16972 1976 7506 64470 6641 5654 15737 12404 26449 5054
internal_value=-9.81796e-06 -0.00490254 -0.00286112 0.0152879 0.00170055 0.0226595 -0.000154914 -0.00826434 -0.0382741 -0.00709892 -0.00511864 0.00231606 -0.00154004 -0.00377114 -0.00632356 -0.0254083 0.0060186 0.0040463 0.0114677 -0.00795116 0.0132891 0.0135138 -0.000341499 -0.00885665 -0.0135227 -0.0156576 -0.0235044 -0.00961421 -0.0164837 -0.021357
internal_weight=1.27851e+06 968693 912862 309814 494981 172564 441369 417881 55831 388978 315902 329967 175014 152526 300092 24105.5 137250 40709 73914.3 259383 69950.2 63171.5 63335.6 246775 101754 73076.5 31781.6 41295 86220.9 53632.4
internal_count=524637 446611 388717 78026 185302 32926 172894 203415 57894 184244 140915 121567 71853 65362 136174 20774 45100 14301 21291 121873 19328 15731 23809 118274 53804 43329 21391 21938 47163 31503
is_linear=0
shrinkage=0.04


Tree=25
num_leaves=31
num_cat=0
split_feature=5 11 9 13 9 9 10 8 14 10 10 10 10 10 11 11 14 17 10 8 8 17 10 11 7 10 10 14 9 3
split_gain=55630.5 37174.9 17821.3 10292.9 6850.6 5290.65 4497.1 4433.66 3830.69 3691.71 3451.95 3317.14 5161.11 3274.86 2855.17 2774.26 2537.03 3755.72 2536.13 2773 2502.06 2433.57 2289.7 2135.59 2388.58 2055.49 1916.86 1907.03 1894.15 1754.35
threshold=10.961815834045412 0.21441935747861865 74.125000000000014 1.2547043561935427 73.625000000000014 77.375000000000014 -0.53584328293800343 17.375000000000004 1.0000000180025095e-35 -0.90163370966911305 -0.87395131587982167 -0.01505099539645016 -0.59262362122535694 -0.7996615171432494 -0.91249075531959523 0.26451654732227331 1.0000000180025095e-35 -1.1565754413604734 -0.99940761923789967 18.875000000000004 16.625000000000004 16.034515380859379 -0.87395131587982167 -0.9970029592514037 5.4991986751556405 -0.56456753611564625 -0.64659911394119252 10.769697189331056 78.875000000000014 2.2315683364868169
decision_type=2 2 2 2 2 2 2 2 2 2 2 2 2 2 2 2 2 2 2 2 2 2 2 2 2 2 2 2 2 2
left_child=1 3 6 8 22 10 21 -3 -1 16 29 12 15 -12 -7 26 -9 -18 19 -10 -15 -2 -5 -20 -25 -26 -4 -13 -14 -6
right_child=2 7 11 4 5 14 -8 9 18 -11 13 27 28 20 -16 -17 17 -19 23 -21 -22 -23 -24 24 25 -27 -28 -29 -30 -31
leaf_value=-0.022963903163551975 0.010673780464371497 -0.0094956328222119812 0.0018596487641589943 0.0011456368294210184 -0.0074944345880012166 0.0096859207836387812 0.026685422899034587 -0.059162166525623915 -0.0052993886872352725 -0.061715566632650598 0.011783514284271539 -0.0013892674711835072 0.0078980791893430782 0.012940104218098554 -0.00048348291541585768 -0.063049611228224556 -0.053526273336770354 -0.022621457266167523 -0.019815396663051585 -0.05018822059853717 -0.0052719311595075414 0.030175042215980212 0.019272753959424439 -0.0078987591317908976 -0.0041112495949652324 0.012674144476931312 -0.023062971091872508 -0.026113975107899274 0.019895366700320861 -0.020304403725587422
leaf_weight=28583.322814702988 61146.815088570118 8268.5552347898483 86441.034501850605 15984.926161408424 45400.464262604713 78392.584810256958 111848.18595087528 6013.1563053131104 4222.2315969467163 10898.585144281387 23697.502561926842 13655.660557389259 46665.775735974312 12965.191220998764 101177.98740136623 1104.7094902396202 8571.1224436759949 23711.396453082561 19247.48108458519 4597.5878112912178 173068.30587458611 12294.684605896473 36854.219431757927 211099.81176847219 33666.198132753372 17855.227950394154 5226.7890040874481 7857.8214448690414 38390.734313726425 27457.013970673084
leaf_count=18923 16005 6019 31686 5432 22384 23749 17675 8447 2179 15772 7891 5377 14432 3564 37937 1464 9614 19757 10218 4173 76523 2122 7657 104902 14978 5995 2316 4057 8607 14782
internal_value=-9.80124e-06 -0.00549427 0.0127052 -0.00335063 0.000147671 -0.00141236 0.0216355 -0.0366105 -0.00899335 -0.0411651 -0.0048239 0.00440381 0.00619862 -0.00221797 0.00395632 -0.000326455 -0.0353021 -0.0308408 -0.00761889 -0.0287293 -0.00400206 0.0139421 0.0137902 -0.00695734 -0.00601425 0.00170722 0.00043623 -0.0104279 0.0133148 -0.0123241
internal_weight=1.27637e+06 891733 384632 834270 514998 462159 185290 57462.8 319272 49194.3 282588 199343 177829 209731 179571 92772.5 38295.7 32282.5 290689 8819.82 186033 73441.5 52839.1 281869 262621 51521.4 91667.8 21513.5 85056.5 72857.5
internal_count=524637 420896 103741 361287 199919 186830 35802 59609 161368 53590 125144 67939 58505 87978 61686 35466 37818 29371 142445 6352 80087 18127 13089 136093 125875 20973 34002 9434 23039 37166
is_linear=0
shrinkage=0.04


Tree=26
num_leaves=31
num_cat=0
split_feature=9 11 13 11 9 18 14 14 10 10 10 7 9 10 8 9 10 13 10 10 8 8 10 8 10 14 18 10 9 10
split_gain=51609.2 38026.5 13026 12258.9 5912.57 5890.47 3940.03 3867.36 3756.51 3616 3576.51 3437.1 3383.72 3122.34 3035.4 3049.3 3267.31 2936.12 2072.86 2185.37 3289.22 2053.26 2041.15 1823.23 1799.73 1795.05 1754.4 1814.47 1748.81 1895.09
threshold=73.875000000000014 0.18069575726985934 2.9406076669692998 -0.17858051508665082 79.375000000000014 22.233038902282718 1.0000000180025095e-35 1.0000000180025095e-35 -0.9413962960243224 -0.8940606117248534 -0.99940761923789967 4.7901563644409189 75.625000000000014 -0.99275806546211232 16.125000000000004 76.625000000000014 -0.99054482579231251 0.0088328653946518915 0.30675521492958074 -0.74512827396392811 19.875000000000004 17.625000000000004 -0.7785360813140868 20.125000000000004 -0.98930078744888295 19.237435340881351 0.27603240311145788 -0.56456753611564625 78.875000000000014 0.24059136956930163
decision_type=2 2 2 2 2 2 2 2 2 2 2 2 2 2 2 2 2 2 2 2 2 2 2 2 2 2 2 2 2 2
left_child=3 2 7 5 14 26 -3 -2 -5 11 21 23 18 -6 -4 -16 25 24 19 22 -21 -9 -12 -8 -14 -17 -1 -28 -19 -30
right_child=1 6 4 8 13 -7 9 10 -10 -11 12 -13 17 -15 15 16 -18 28 -20 20 -22 -23 -24 -25 -26 -27 27 -29 29 -31
leaf_value=-0.0031485941330201689 -0.023087831723914154 -0.057029712018655754 0.016425269363134053 -0.0012017975244283596 -0.02495727863201409 0.023561153730939394 -0.015218163255614576 0.0075997920658690179 -0.03925834658006868 -0.065739484701957354 -0.0097806964340301887 -0.050039615971180867 -0.037571272883542818 0.011018634646141287 -0.0046929623396771416 -0.026358687972978717 0.0036575731308387317 -0.0037600385646068863 0.0030544777595213012 -0.022667418820944092 -0.00098995581148657785 -0.03973100455815818 0.014318643012128049 -0.035325590768683093 -0.01078489680936189 0.0272846745983489 0.006189299424796936 0.01809523873650129 0.0073759925384335595 -0.013997850899917244
leaf_weight=12549.848729610443 24191.879578530788 11235.670609533787 16429.919537782669 33218.99909734726 3986.3619227409363 145744.53302383423 23513.74040389061 1804.9298745989799 4732.5492699742317 4256.8225194811821 49582.8594866395 8359.8690744042397 4803.6097941994667 113673.22780358791 191642.35644733906 8590.409343957901 181423.09444582462 166281.58626031876 14719.418888509274 50343.208317697048 14404.073675453663 7744.3885616064072 6333.4489479064941 10420.897055983543 24245.298527359962 1120.9145013093948 36397.435372471809 46868.034045815468 48062.980490386486 7690.9377943873405
leaf_count=4852 16553 16131 3994 13500 2511 24959 17544 804 5050 6781 25359 9325 3937 31840 83157 5187 61719 74907 6481 31293 6575 6548 2144 10461 11997 296 10195 10294 16327 3916
internal_value=-9.9099e-06 -0.00427665 -0.00233446 0.0151762 0.00191782 0.0184965 -0.0357653 -0.00756478 -0.00595653 -0.0306218 -0.00661595 -0.0270725 -0.00601794 0.00979774 -0.000404846 -0.00112765 0.00244719 -0.00326936 -0.0111149 -0.0128435 -0.0178458 -0.0307864 -0.00704897 -0.0214015 -0.0152258 -0.0201453 0.0107911 0.0128922 -0.00170449 0.00442561
internal_weight=1.27437e+06 994862 937075 279511 516866 241560 57787 420209 37951.5 46551.3 396017 42294.5 386467 117660 399207 382777 191134 251084 135383 120664 64747.3 9549.32 55916.3 33934.6 29048.9 9711.32 95815.3 83265.5 222036 55753.9
internal_count=524637 455787 395545 68850 188704 50300 60242 206841 18550 44111 190288 37330 182936 34351 154353 150359 67202 111084 71852 65371 37868 7352 27503 28005 15934 5483 25341 20489 95150 20243
is_linear=0
shrinkage=0.04


Tree=27
num_leaves=31
num_cat=0
split_feature=5 11 9 14 8 11 9 11 9 10 9 8 10 10 10 8 11 11 10 4 9 10 11 8 8 14 14 10 10 10
split_gain=47994.7 30831.3 19427.3 7552.12 6808.31 5251.76 4653.72 4463.05 4459.48 4147.75 3567.75 3482.84 3416 3079.77 2865.52 3330.64 3141.9 5102.82 3275.63 2847.88 2802.83 3351.42 4931.15 2359.22 2117.52 1945.22 2225.59 1741.91 2087.2 2774.26
threshold=8.2003350257873553 0.21441935747861865 73.625000000000014 1.1846666336059573 16.875000000000004 -0.48501108586788172 73.625000000000014 0.26451654732227331 76.875000000000014 -0.88622298836708058 79.125000000000014 19.125000000000004 -0.55028682947158802 -0.94975915551185597 -0.98930078744888295 19.375000000000004 -0.71651923656463612 -0.87810534238815297 -0.72174841165542591 0.10778025910258295 74.125000000000014 -0.74512827396392811 -0.80543360114097584 19.875000000000004 17.125000000000004 1.0000000180025095e-35 2.2161035537719731 -0.01505099539645016 -0.38341410458087916 -0.35141934454441065
decision_type=2 2 2 2 2 2 2 2 2 2 2 2 2 2 2 2 2 2 2 2 2 2 2 2 2 2 2 2 2 2
left_child=1 3 12 14 -4 6 -5 10 20 11 27 -3 -2 -12 15 -1 17 -16 -18 -20 24 -22 23 -23 -8 -13 -27 28 -6 -30
right_child=2 9 4 5 7 -7 8 -9 -10 -11 13 25 -14 -15 16 -17 18 -19 19 -21 21 22 -24 -25 -26 26 -28 -29 29 -31
leaf_value=-0.0077858223618727709 0.014724181116431043 -0.019984289027196164 0.01938062654783352 0.017083506081908208 -0.0014408860005436252 -0.0075998190679249927 0.019566077388093139 -0.059758429073052011 0.0047824661458365529 -0.064741405664985388 -0.013500086174500605 -0.061908738080622902 0.027103673297499974 0.012236431769326553 -0.0085893926706577545 -0.037725623861995579 -0.0040557463306630289 -0.030054456734174215 0.046203345345074032 -0.020482177959914968 0.0070613080029880669 -0.010133965820053928 -0.029895142043834366 0.002439193155289442 -0.0010572488693921332 -0.026540707499075125 -0.057656790967122604 -0.0096333295861832074 0.031660701474830966 0.0043164724674147337
leaf_weight=11606.691351175308 59605.228626549244 23745.395941317081 43198.680321991444 27584.821097373962 120008.14006072283 148707.16854274273 11976.023880124092 1831.7245125770569 166784.93934214115 6584.8286528587341 8258.2540168762207 5745.9252793192863 88958.375113725662 74344.692875027657 107517.9903690815 12191.398409545422 63466.657289266586 21211.029813587666 3892.8026765584946 1382.8560326099396 24145.866732597351 76154.130349576473 16070.500153839588 34777.936676263809 23746.662460267544 13293.924724936485 5097.5219331979752 27336.406772971153 7093.3036884069443 36171.854691386223
leaf_count=6309 14169 19332 9464 6017 45673 70193 3198 2408 55611 10726 4046 8943 13162 19658 54376 10744 29831 14778 710 845 9085 37918 9993 14144 9491 12552 6528 11796 1441 11496
internal_value=-1.00883e-05 -0.00592316 0.0101955 -0.00381595 0.00461982 -0.00122436 0.00126259 0.00230085 2.81251e-05 -0.0349798 0.00271909 -0.0308743 0.0221382 0.00966209 -0.0100226 -0.0231329 -0.0084415 -0.0121283 -0.0015367 0.0287181 -0.00421522 -0.0065967 -0.00919373 -0.00619233 0.00586026 -0.0415748 -0.0351917 -0.000290085 0.00127472 0.00880583
internal_weight=1.27249e+06 805685 466807 751217 318243 529948 381241 275044 353656 54467.6 273213 47882.8 148564 82602.9 221269 23798.1 197471 128729 68742.3 5275.66 186871 151148 127003 110932 35722.7 24137.4 18391.4 190610 163273 43265.2
internal_count=524637 391324 133313 333243 105982 215650 145457 96518 139440 58081 94110 47355 27331 23704 117593 17053 100540 69154 31386 1555 83829 71140 62055 52062 12689 28023 19080 70406 58610 12937
is_linear=0
shrinkage=0.04


Tree=28
num_leaves=31
num_cat=0
split_feature=11 9 10 13 8 9 8 7 11 10 8 1 10 14 9 10 10 10 14 14 14 9 10 10 10 10 11 10 10 11
split_gain=44597.1 38278.8 12758.6 11215.4 6502.1 6739.91 5118.75 4495.66 4268.03 4155.45 3809.91 3314.39 3101.14 3095.24 2944.42 4740.5 2900 2543.11 2210.65 3283.25 2087.18 1919.61 1883.32 2712.65 2229.88 1853.57 1833.59 1738.2 1662.57 2277.71
threshold=-0.12758953124284741 73.625000000000014 -0.97113886475563038 3.1067273616790776 16.625000000000004 76.875000000000014 19.125000000000004 3.892741441726685 0.0096758542931638675 -0.88622298836708058 18.125000000000004 0.10760927572846414 -0.56456753611564625 15.796020507812502 76.125000000000014 0.43442112207412725 -0.92599865794181813 -0.90529522299766529 1.0000000180025095e-35 2.1742351055145268 0.093142680823802962 74.125000000000014 -0.59262362122535694 -0.64659911394119252 -0.56456753611564625 -0.97876849770545948 -0.024725049734115597 -0.99866804480552662 -0.9193688929080962 -0.46989713609218592
decision_type=2 2 2 2 2 2 2 2 2 2 2 2 2 2 2 2 2 2 2 2 2 2 2 2 2 2 2 2 2 2
left_child=1 11 6 14 21 -6 13 27 -9 10 -4 -1 -13 26 28 -16 -7 -18 -12 -20 -10 -5 23 -19 -24 -22 -2 -8 -3 -30
right_child=2 3 9 4 5 16 7 8 20 -11 18 12 -14 -15 15 -17 17 22 19 -21 25 -23 24 -25 -26 -27 -28 -29 29 -31
leaf_value=0.0024461697318058158 -0.019696054285853547 -0.00062532687115946449 -0.012641983216934985 0.022212465801924781 -0.0034083528985249896 -0.0066729162292586833 -0.054442898981513846 -0.02565277142264407 -0.048100020261387655 -0.06427249468703608 -0.05810589928711811 0.014314622198951486 0.025504898137504832 0.018990416202391513 -0.00083106424047140349 -0.028826321651382211 0.026038363381645904 0.0038787347386857493 -0.022426210302155209 -0.051459625608707135 0.0071831082117957802 0.0029105030399756344 0.030526103610956864 -0.021945945271940527 0.008029709479581643 -0.052428036163112014 -0.0027305411923425416 -0.027506618658496598 -0.010103417773952968 -0.039801017649769795
leaf_weight=16397.91493844986 13478.724936306477 29961.631079137325 13775.042908430099 35780.011543631554 203196.29469269514 25195.370517492294 4730.7892962694168 17020.521829366684 1273.8887841105461 6602.2564554810524 6739.9157131910324 63679.350271940231 105109.86365556717 8538.3915560245514 194287.96692574024 10175.142214298248 11375.821943759918 63559.775840759277 17985.484895050526 9552.9446163773537 18792.992376863956 10715.322889208794 7379.4243915081024 7240.2155065536499 154138.65943944454 863.42162263393402 41730.114278495312 20414.297802805901 146635.48134356737 4243.3954157829285
leaf_count=5300 7557 12929 10332 7079 82602 10473 4452 10674 1242 11049 10313 14416 16439 2523 79148 7819 2625 20414 16153 11208 8325 3318 1497 3143 46045 961 20349 15926 77423 2903
internal_value=-1.01352e-05 0.00304921 -0.0183667 -0.000345232 0.00349538 0.00208956 -0.0114036 -0.0194795 -0.0107838 -0.0345215 -0.0304214 0.0196164 0.0212842 -0.0034084 -0.00551428 -0.00222559 0.00624424 0.00757996 -0.0375605 -0.0325128 0.00131407 0.0177657 0.00667503 0.0012351 0.00905935 0.00453932 -0.00687533 -0.032594 -0.00923222 -0.0109412
internal_weight=1.27057e+06 1.08907e+06 181499 903885 518581 472086 126843 63095.9 37950.8 54655.6 48053.4 185187 168789 63747.2 385304 204463 268889 243694 34278.3 27538.4 20930.3 46495.3 232318 70800 161518 19656.4 55208.8 25145.1 180841 150879
internal_count=524637 393573 131064 357418 177196 166799 72009 41580 21202 59055 48006 36155 30855 30429 180222 86967 84197 73724 37674 27361 10528 10397 71099 23557 47542 9286 27906 20378 93255 80326
is_linear=0
shrinkage=0.04


Tree=29
num_leaves=31
num_cat=0
split_feature=5 11 9 9 14 9 10 10 18 10 11 10 8 8 10 17 10 10 7 17 8 3 10 8 11 10 11 11 7 11
split_gain=41624.3 30335.7 10137.9 9636.69 6980.76 6135.48 5083.31 4197.83 3633.37 2847.01 3453.92 2755.77 2621.89 2655.34 2396.38 2346.51 2741.95 2154.9 2543.26 1959.74 1840.79 1829.6 1807 2706.29 1904.75 1762.07 1723.05 1602.82 3007.25 2009.13
threshold=14.403696060180666 0.078402601182460799 74.125000000000014 73.625000000000014 0.0074559897184371957 78.625000000000014 -0.8940606117248534 0.3393120169639588 2.8604804277420048 -0.01505099539645016 -0.80543360114097584 -0.53584328293800343 16.875000000000004 19.375000000000004 -0.99940761923789967 -1.1968591213226316 -0.95244166254997242 -0.98930078744888295 5.4991986751556405 16.034515380859379 19.875000000000004 1.0000000180025095e-35 -0.99940761923789967 18.125000000000004 -0.99628248810768116 0.48030318319797521 -0.99375280737876881 -0.89787882566452015 4.2462868690490732 -0.71651923656463612
decision_type=2 2 2 2 2 2 2 2 2 2 2 2 2 2 2 2 2 2 2 2 2 2 2 2 2 2 2 2 2 2
left_child=1 3 11 25 -3 8 15 17 22 10 -4 19 -10 -14 -15 16 -6 18 -7 -2 -17 -19 23 -5 -24 -1 -26 -16 29 -29
right_child=2 4 9 5 6 7 -8 -9 12 -11 -12 -13 13 14 27 20 -18 21 -20 -21 -22 -23 24 -25 26 -27 -28 28 -30 -31
leaf_value=0.012110064037244307 0.0095119839517333535 -0.050134837337948789 0.01373626747778188 0.0030356951898910921 -0.021269715370227284 -0.039419017685447505 -0.061036493334191817 -0.020984914000137671 0.0095405276766917929 -0.012017531705470326 0.00075407354622859606 0.024040627936877338 -0.0072009774765010963 -0.040245797553071325 0.0047981680614225955 -0.0092730169373796151 -0.056010290745255695 0.012339754214248037 0.0010568817959745915 0.027521069912938102 -0.024818077763931506 0.003152025981430428 -0.019418645560296013 -0.04885400330514305 0.010296994816202634 -0.04505510580354681 -0.0074862882330804514 -0.017162325851245254 -0.008600231204675398 0.011365825513437931
leaf_weight=79319.161346912384 47836.370981812477 15400.470485508442 64060.711436748505 2625.0053818225861 13724.204034328461 3567.5394018292427 4702.8172082901001 10407.063521146774 28113.859664738178 13774.802262187004 67163.118676006794 98295.803613066673 144000.86525982618 2302.9168565869331 80747.163130998611 38913.428794145584 4947.6235163211823 54621.394612014294 8122.7264624238014 12114.546872794628 17752.139204740524 94978.348760724068 20873.28835016489 4137.030716240406 9037.3165599107742 862.64130771160126 240271.02811354399 4650.3471673130989 55457.584385275841 25924.314432442188
leaf_count=19661 12215 21093 16718 1242 10045 2868 7735 6572 8435 6195 24970 15437 65428 1797 29226 25077 6421 16134 4009 2122 15426 30633 11557 3955 3490 560 119740 2369 24333 9174
internal_value=-1.02884e-05 -0.00407083 0.0129172 -0.0017223 -0.0254772 -0.00306365 -0.0207272 0.00362545 -0.00492167 0.00527615 0.00709227 0.0199178 -0.00215867 -0.00320949 0.000190131 -0.0182032 -0.0305003 0.00521461 -0.0113184 0.0131551 -0.0141465 0.00650722 -0.0083255 -0.0287358 -0.00781363 0.0114895 -0.00684126 0.000750856 -0.00304794 0.00702256
internal_weight=1.26871e+06 965460 303245 870020 95440.7 789838 80040.2 171697 618141 144999 131224 158247 341197 313083 169082 75337.4 18671.8 161290 11690.3 59950.9 56665.6 149600 276944 6762.04 270182 80181.8 249308 166779 86032.2 30574.7
internal_count=524637 446980 77657 361183 85797 340962 64704 60216 280746 47883 41688 29774 140762 132327 66899 56969 16466 53644 6877 14337 40503 46767 139984 5197 134787 20221 123230 65102 35876 11543
is_linear=0
shrinkage=0.04


Tree=30
num_leaves=31
num_cat=0
split_feature=11 9 9 14 0 10 13 10 11 10 8 8 17 10 10 8 3 9 10 4 17 11 10 6 3 11 10 14 10 10
split_gain=38658.8 34408.9 9082.56 7132.17 5955.25 5196.94 5095.27 4470.28 3797.89 2696.3 2803.8 2403.7 2365.41 2873.56 2318.53 2256.51 2053.27 1896.23 2886.01 1764.54 1665.03 1655.58 2311.32 1531.38 1444.69 2310.18 2188.6 1891.41 1669.13 1464.21
threshold=0.078402601182460799 73.875000000000014 78.625000000000014 0.0074559897184371957 9.3494195938110369 -0.8940606117248534 3.8625636100769047 0.30675521492958074 -0.14463099837303159 -0.99940761923789967 18.375000000000004 16.125000000000004 -1.1968591213226316 -0.97876849770545948 -0.52124115824699391 17.125000000000004 0.48181660473346716 75.625000000000014 0.46514528989791876 2.7070842981338505 16.034515380859379 -0.89017319679260243 -0.733546882867813 0.2482896372675896 1.0000000180025095e-35 -0.9970029592514037 -0.92599865794181813 26.067963600158695 -0.91246706247329701 0.12225609645247461
decision_type=2 2 2 2 2 2 2 2 2 2 2 2 2 2 2 2 2 2 2 2 2 2 2 2 2 2 2 2 2 2
left_child=1 4 6 -2 -1 12 9 8 24 10 -3 -8 13 -5 20 -15 -10 -11 19 23 -6 -21 -23 -19 -4 -26 -27 28 -28 -30
right_child=3 2 7 5 14 -7 11 -9 16 17 -12 -13 -14 15 -16 -17 -18 18 -20 21 -22 22 -24 -25 25 26 27 -29 29 -31
leaf_value=0.007492346976423067 -0.048899189523718731 -0.0027579395982434613 0.012804631011166854 -0.0091279459152432772 0.010626646230077693 -0.060179118853799202 0.015165787694806738 -0.017333599536491127 -0.036595795061806553 -0.010043309360771304 -0.050858684468997176 -0.00097738382703756806 -0.013140628115591406 -0.003508727711522391 0.023800535319105306 -0.049369969192776607 -0.0031435759404218424 -0.0082857435166327868 -0.036491972126517121 -0.00044564935785654252 0.027820809909395238 -0.0081102695044506963 -0.030006662613527642 0.0013190302793934395 -0.014044537741828265 -0.0072616372097930983 0.031328240277920701 0.021210435805990739 0.0068765866636944272 -0.013914774791066871
leaf_weight=103206.78302741051 15163.194624364376 3395.7005217075348 65033.58332669735 7110.8151739835739 49398.599646568298 4671.6088749170303 15538.718977570534 13298.630992889404 4378.1481691002846 151382.67804801464 4513.3606407642365 290137.79766786098 63499.685793936253 2084.5162879228592 94682.101888656616 9757.8902349472046 8876.1687853932381 35236.194063127041 4314.4222571849823 21960.831892609596 11020.748154640198 27678.887201249599 10689.590986311436 107766.85589307547 8958.6193244457245 15375.735701203346 4214.6113028526306 16787.710246443748 91187.539536833763 5752.7323313951492
leaf_count=28916 21093 1793 18490 3945 11703 7862 3688 7820 3404 80518 4528 114121 44255 1363 14595 11398 4552 18191 3710 9101 1836 13345 6357 44731 3505 6118 839 3718 26801 2341
internal_value=-1.03478e-05 0.00206021 -0.0016098 -0.0235864 0.0149389 -0.0191759 -0.00397072 0.00518033 0.0065385 -0.00714822 -0.0302365 -0.000156295 -0.0168457 -0.0292454 0.0198931 -0.0413072 -0.0142127 -0.00663878 -0.00415638 -0.00346851 0.013767 -0.00920486 -0.0142169 -0.00104802 0.00786584 0.00560762 0.00692915 0.0087796 0.00671468 0.00564146
internal_weight=1.26707e+06 1.16479e+06 906479 102288 258308 87124.5 672615 233863 220565 366939 7909.06 305677 82452.9 18953.2 155101 11842.4 13254.3 359029 207647 203332 60419.3 60329.3 38368.5 143003 207311 142277 133318 117943 101155 96940.3
internal_count=524637 434721 377671 89916 57050 68823 300083 77588 69768 182274 6321 117809 60961 16706 28134 12761 7956 175953 95435 91725 13539 28803 19702 62922 61812 43322 39817 33699 29981 29142
is_linear=0
shrinkage=0.04


Tree=31
num_leaves=31
num_cat=0
split_feature=6 11 12 9 9 10 11 8 10 14 11 10 10 9 8 9 13 10 11 11 10 11 10 14 7 3 8 10 10 9
split_gain=35966.2 25791.3 8912.04 7692.99 5287.72 4016.98 3948.74 3776.92 3546.38 3247.86 2715.2 5022.6 2629.54 2402.45 2496.41 2221.45 2164.98 3329.25 2194.95 2873.63 2134.21 2063.56 2541 1894.49 2382.27 1842.56 2444.01 1943.31 2208.17 2456.1
threshold=13.706183433532717 0.23118848353624347 1.1998160481452944 74.125000000000014 73.625000000000014 -0.88622298836708058 -0.36046156287193293 18.875000000000004 -0.87395131587982167 1.0000000180025095e-35 -0.21231865882873532 -0.96463498473167408 -0.80987083911895741 76.875000000000014 16.875000000000004 79.375000000000014 22.528243064880375 1.0000000180025095e-35 -0.98049351572990406 -0.99628248810768116 0.088045001029968276 0.026874557137489322 -0.99630266427993763 1.0000000180025095e-35 2.2721899747848515 2.7072401046752934 19.375000000000004 -0.98370367288589466 -0.9550008475780486 77.875000000000014
decision_type=2 2 2 2 2 2 2 2 2 2 2 2 2 2 2 2 2 2 2 2 2 2 2 2 2 2 2 2 2 2
left_child=1 2 9 6 -4 7 -2 -3 25 -1 11 -11 -10 14 -14 -13 18 -18 19 -5 -17 -12 -23 -9 -25 27 -27 -6 -29 -30
right_child=3 5 4 16 8 -7 -8 23 12 10 21 15 13 -15 -16 20 17 -19 -20 -21 -22 22 -24 24 -26 26 -28 28 29 -31
leaf_value=-0.019640950184985923 0.019670817087842522 -0.014523832934112094 0.013329542463448163 -0.017675956118868203 -0.010059577479860369 -0.061552647618513624 -0.00080401408604443083 -0.058288796306632515 0.012631785155184379 0.017965204154408082 -0.019934633677773921 -0.0063972747421249879 0.01073192255254285 0.0046324148713030163 -0.0045200897285761835 0.010979766518346068 0.013060484859936619 -0.034638278107264359 -0.0024696991318850408 0.023796322708929948 -0.010999159976159205 0.0058309440860381968 -0.014934704770874425 -0.020819245787665763 -0.049573462396120926 -0.025677462720379518 -0.0048008332413352903 0.01238940044466616 -0.016725265939397424 0.010877156771621892
leaf_weight=28299.306069374084 152339.32763004303 20917.274949550629 52989.353966414928 3450.3723793029785 31790.453482329845 6133.3565878868103 16724.530571401119 5504.2395923137665 33658.906580328941 15809.517942547798 33176.555483818054 264772.71761804819 19647.18125885725 140064.64068067074 135738.99591171741 23875.125246763229 53081.705371558666 2439.8641189336777 65684.046155810356 11764.936422586441 10030.969227135181 16065.469314932823 22796.894481658936 12227.833756238222 7417.6441741287708 15417.168028891087 21457.569888412952 20629.195170044899 13140.896739959717 8477.4817843437195
leaf_count=19171 27268 16784 12408 1533 16730 11003 5658 9263 10386 4741 20633 124395 5783 45607 59791 7001 14326 1383 24959 2899 4778 7146 15550 11365 9479 8619 9481 7483 6535 2479
internal_value=-1.03815e-05 -0.00381424 -0.00224195 0.0119436 0.00139341 -0.0311528 0.0176454 -0.0270929 -4.42541e-05 -0.00656244 -0.00560442 -0.00399963 0.00204042 0.000833429 -0.00259104 -0.00516282 0.00487671 0.0109585 0.0007019 0.0143862 0.00447607 -0.0126087 -0.00635102 -0.0375368 -0.0316958 -0.00622971 -0.0135339 -0.00259054 0.00303081 -0.00590116
internal_weight=1.26552e+06 960039 907838 305485 493012 52200.3 169064 46067 440022 414827 386527 314488 329110 295451 155386 298679 136421 55521.6 80899.4 15215.3 33906.1 72038.9 38862.4 25149.7 19645.5 110913 36874.7 74038 42247.6 21618.4
internal_count=524637 446611 388717 78026 185302 57894 32926 46891 172894 203415 184244 140915 121567 111181 65574 136174 45100 15709 29391 4432 11779 43329 22696 30107 20844 51327 18100 33227 16497 9014
is_linear=0
shrinkage=0.04


Tree=32
num_leaves=31
num_cat=0
split_feature=11 9 10 5 8 8 9 9 10 7 10 11 10 1 11 14 17 14 14 10 8 14 11 8 17 10 10 9 4 10
split_gain=33554.7 28930.9 10097.1 8281 5677.46 5484.66 4571.47 3597.92 4219.28 3514.64 3248.47 4562.31 3029.88 2685.17 2586.08 2531.66 1998.98 2173.08 1993.14 1771.31 1705.49 1676.45 1636.75 1546.02 1495.96 1368.87 1359.31 1222.43 1479.39 1544.51
threshold=-0.12758953124284741 73.625000000000014 -0.95244166254997242 3.700625061988831 16.625000000000004 19.125000000000004 79.375000000000014 76.125000000000014 0.43442112207412725 4.4098539352417001 -0.97876849770545948 0.0096758542931638675 -0.88622298836708058 0.10760927572846414 -0.82534202933311451 19.738782882690433 -1.1158307790756223 1.0000000180025095e-35 0.12971735745668414 -0.99866804480552662 19.375000000000004 0.0074559897184371957 -0.9852197766304015 17.625000000000004 -0.92030251026153553 -0.60639065504074086 -0.94705909490585316 79.625000000000014 1.5156764984130862 -0.98664820194244374
decision_type=2 2 2 2 2 2 2 2 2 2 2 2 2 2 2 2 2 2 2 2 2 2 2 2 2 2 2 2 2 2
left_child=1 13 5 7 25 15 20 -3 27 19 11 -11 16 -1 -15 23 -4 26 -13 -7 22 -21 -6 -2 -16 -5 -18 28 -9 -30
right_child=2 3 12 4 6 9 -8 8 -10 10 -12 18 -14 14 24 -17 17 -19 -20 21 -22 -23 -24 -25 -26 -27 -28 -29 29 -31
leaf_value=0.0016493541916211085 0.0022281031345120698 -0.0079260767652354243 -0.051858953746419703 0.0068374603352909496 -0.015880133866530831 -0.049975519703447879 0.0096041766190757653 0.001632063921548878 -0.026177851593852872 -0.023347577707316342 -0.060641657811585009 -0.043682363078517639 -0.06062337800502849 0.022512570214308664 0.0053771921602794046 0.023468123257433526 0.0074003595178683702 -0.018217318374155307 0.0094175154668302702 -0.048771561215701732 0.0021033601604466328 -0.020641563469945886 -0.0021710964257038411 -0.01031023268120196 0.017748561763786506 0.022583205812304243 -0.051485688608797056 0.0063338609920515843 0.031971811505246119 -0.0066083559285142462
leaf_weight=16371.474979996681 25361.872740507126 211609.88854670525 5343.6334110200405 12831.612568616867 16073.061382889748 5212.3050890564919 98709.938554465771 118932.53155326843 10033.836952090263 15926.212330639362 1950.5832054018974 1201.1105818748474 6020.242304712534 103787.71467399597 28151.246849894524 5174.1362718939781 701.44558238983154 19268.647886395454 17122.277292013168 3939.3393154144287 186668.45663273335 24300.712262809277 104340.42715287209 41427.732316017151 35209.121605634689 28426.673966884613 5735.7593534588814 43655.830652177334 1691.5260278582573 68853.048540055752
leaf_count=5300 11450 107020 7181 3474 7136 4985 27404 47626 7804 9964 2578 1189 11049 16439 7216 1354 615 17315 7357 4795 66428 18632 40558 23421 7200 5251 9179 14584 436 29697
internal_value=-1.03351e-05 0.00263405 -0.0160717 -0.000312032 0.00355392 -0.0112054 0.00211635 -0.0041123 -0.000793257 -0.019206 -0.010564 -0.00769515 -0.0346543 0.0171105 0.0186247 -0.00346014 -0.0296012 -0.024956 0.00591485 -0.0285519 -0.000290805 -0.0245814 -0.00400218 -0.00554946 0.0122536 0.017689 -0.0450675 0.00030035 -0.00109004 -0.00567888
internal_weight=1.26403e+06 1.08535e+06 178686 901827 447050 141616 405792 454777 243167 69652.5 36200.2 34249.6 37069.7 183520 167148 71963.7 31049.5 25705.9 18323.4 33452.4 307082 28240.1 120413 66789.6 63360.4 41258.3 6437.2 233133 189477 70544.6
internal_count=524637 393573 131064 357418 150251 85725 141526 207167 100147 49500 21088 18510 45339 36155 30855 36225 34290 27109 8546 28412 114122 23427 47694 34871 14416 8725 9794 92343 77759 30133
is_linear=0
shrinkage=0.04


Tree=33
num_leaves=31
num_cat=0
split_feature=5 11 9 9 11 9 10 8 9 8 10 10 8 10 7 9 10 10 11 7 14 8 7 11 7 14 10 10 4 10
split_gain=31236.2 23195.9 8031.69 7277.54 5962.3 4933.2 4471.49 3713 3542.58 2995.01 2948.17 2714.54 2561.81 3031.14 2520.28 2442.21 2370.52 2672.77 2241.07 2100.5 3037.63 1914.69 2878.11 2242.77 1792.92 1703.98 1670.35 1818.95 1628.41 1615.85
threshold=14.894286632537844 0.23118848353624347 73.625000000000014 74.125000000000014 -0.14463099837303159 76.125000000000014 0.43442112207412725 17.375000000000004 74.125000000000014 17.125000000000004 -0.90163370966911305 -0.74512827396392811 19.625000000000004 0.25725142657756811 5.5652670860290536 79.625000000000014 1.0000000180025095e-35 -0.59262362122535694 -0.09339838474988936 4.5716629028320321 1.0000000180025095e-35 18.125000000000004 5.2532229423522958 0.026874557137489322 0.65263810753822338 10.769697189331056 -0.76762619614601124 -0.9599599540233611 4.5752248764038095 1.0000000180025095e-35
decision_type=2 2 2 2 2 2 2 2 2 2 2 2 2 2 2 2 2 2 2 2 2 2 2 2 2 2 2 2 2 2
left_child=1 2 -1 18 5 8 15 -3 9 -4 19 14 13 -13 26 -7 17 -5 -2 20 -9 -6 23 -23 -25 -18 27 -10 -28 -14
right_child=3 7 4 16 21 6 -8 10 11 -11 -12 12 29 -15 -16 -17 25 -19 -20 -21 -22 22 -24 24 -26 -27 28 -29 -30 -31
leaf_value=0.0095309474722385552 0.018412193574297225 -0.0043894923841387937 0.013189767639560342 0.0007259501207482191 -0.0027554575360020294 -0.00010533087508510243 -0.025174921363733616 -0.053350951374223403 0.010831211110506597 -0.0041355395752150376 -0.054218200736665514 -0.018066998780348682 0.0011457592433382685 -0.0024045911253996926 -0.014937480544366711 0.0073727339577026952 0.0020504796623503729 0.012384299708619866 -0.0070876947690638806 -0.05013792349088228 -0.018054649105051546 -0.035083716835690108 -0.006050941018503943 -0.032514244623619105 -0.010203409295559551 -0.027718938786120525 0.028691203187636429 -0.0049732269506782703 -0.035744035346137397 -0.013201227799867333
leaf_weight=87348.025637507439 147790.21046411991 7795.2347296476364 25415.005375444889 64101.997349321842 24824.633579790592 318179.01799511909 10269.672339856625 4704.6336391270161 16521.888905882835 42895.874362289906 9390.3584339022636 84900.555195271969 35916.51987940073 25774.724135041237 18467.232583999634 89528.943212211132 6555.2571593523026 61786.90873336792 5723.184014081955 6067.2302162349224 22758.492759466171 14299.001040220261 30304.202466011047 7719.8140622973442 22717.961536228657 5784.8302780389786 5564.4529310464859 39458.635603904724 698.54677426815033 19303.708600401878
leaf_count=22880 26557 5903 7187 23719 12264 123520 7949 7849 6139 17770 15908 49239 15545 12411 9276 27620 2492 16218 2457 7702 20159 11576 16892 7005 14517 3111 1473 18482 419 10398
internal_value=-1.03805e-05 -0.00345938 -0.00200762 0.0114665 -0.003218 -0.00196853 0.00088003 -0.0297922 -0.00574923 0.00231131 -0.0344037 -0.00798204 -0.0109091 -0.01442 -0.00196502 0.00153692 0.00480826 0.00644846 0.0174611 -0.0288401 -0.0241184 -0.0123865 -0.0155717 -0.0220182 -0.0158708 -0.0119161 0.0018856 -0.000307661 0.0214589 -0.0038711
internal_weight=1.26257e+06 970824 920108 291742 832760 732895 417978 50715.9 314917 68310.9 42920.7 246606 165896 110675 80710.8 407708 138229 125889 153513 33530.4 27463.1 99865.6 75041 44736.8 30437.8 12340.1 62243.5 55980.5 6263 55220.2
internal_count=524637 450083 392562 74554 369682 307428 159089 57521 148339 24957 51618 123382 87593 61650 35789 151140 45540 39937 29014 35710 28008 62254 49990 33098 21522 5603 26513 24621 1892 25943
is_linear=0
shrinkage=0.04


Tree=34
num_leaves=31
num_cat=0
split_feature=11 9 9 14 0 10 12 10 10 10 8 9 10 17 10 11 8 8 10 8 10 10 12 10 11 10 12 17 14 10
split_gain=29099 25596.8 6955.45 5860.06 4652.82 4536.1 3940.2 3751.61 3017.9 2752.78 3132.98 2400.52 2582.97 2178.37 2359.53 2083.32 2006.75 1999.04 1736.4 3308.86 1695.32 1589.56 2379.71 1556.16 2452.07 1745.43 2066.16 1454.37 1406.83 1925.22
threshold=0.078402601182460799 73.875000000000014 78.625000000000014 0.0074559897184371957 12.240497112274172 -0.8940606117248534 2.6281028985977177 0.30675521492958074 -0.92599865794181813 -0.99940761923789967 18.375000000000004 75.625000000000014 0.46514528989791876 -1.6802023053169248 -0.97876849770545948 -0.39233249425888056 16.125000000000004 17.125000000000004 0.30675521492958074 19.625000000000004 -0.52124115824699391 -0.90529522299766529 0.54462110996246349 -0.87395131587982167 -0.55834004282951344 -0.56456753611564625 0.10587339475750925 21.255345344543461 2.6874300241470341 -0.59262362122535694
decision_type=2 2 2 2 2 2 2 2 2 2 2 2 2 2 2 2 2 2 2 2 2 2 2 2 2 2 2 2 2 2
left_child=1 4 6 -2 23 13 9 8 -4 10 -3 15 28 14 -5 18 -8 -16 19 -11 27 22 -10 -1 25 -25 -27 -6 -13 -30
right_child=3 2 7 5 20 -7 16 -9 21 11 -12 12 -14 -15 17 -17 -18 -19 -20 -21 -22 -23 -24 24 -26 26 -28 -29 29 -31
leaf_value=-0.00070937684684240767 -0.044354636864252062 0.0014459207440668627 -0.0046633071269153109 -0.0083863235501678863 0.0093854895578635404 -0.056622267604260319 0.014139060957816914 -0.016119740031372645 -0.034773072963873337 -0.018954541881812045 -0.048584695439667883 -0.005513825455515241 -0.034540168520180325 -0.011412766860933335 -0.0024047371710930747 -0.00084514893470721288 -0.00072792749788354707 -0.048947673437894468 -0.0015453993721227454 -0.0023994092682595425 0.021354848614661297 0.007088874190976536 0.032583398549702866 -0.0035409862745522237 0.031177304605467398 -0.0056129674928806477 0.014007077667055404 0.027999386806583523 -0.0050164320572490696 0.0058075942740455867
leaf_weight=30347.082687914371 14333.912621736526 3311.1676152348518 36695.846835076809 6062.7725324034691 44264.536629676819 4322.0928017795086 15328.398188471794 13227.471953570843 938.29614424705505 69102.654434382915 5055.5051993131638 111841.24436873198 4061.4325134158134 65868.303995132446 1818.5662289857864 34291.915282249451 274492.59721720219 7864.3445569574833 20672.948664009571 26814.469698011875 86117.005300164223 174955.30815386772 7392.5175408124924 17300.73416185379 7809.6202297210693 10257.692559480667 52594.327386498451 7913.1213228702545 47967.772966444492 58158.609730422497
leaf_count=10287 21093 1673 16524 3352 10302 7862 3649 7820 451 41597 5032 53822 3611 46591 1192 15791 109960 9826 10218 12431 13239 51408 1385 5124 1351 4072 11409 1266 21127 21172
internal_value=-1.04289e-05 0.00177529 -0.00138868 -0.0206833 0.0129251 -0.0167303 -0.00345664 0.00456212 0.0058064 -0.00612879 -0.0288067 -0.00561923 -0.00297341 -0.014611 -0.0279744 -0.0095122 5.88362e-05 -0.0402179 -0.0120611 -0.0143271 0.0179069 0.00790268 0.0249645 0.00710081 0.0097951 0.00770811 0.0108046 0.0122132 -0.00238367 0.000915261
internal_weight=1.26118e+06 1.16091e+06 904308 100270 256604 85936.1 671099 233209 219982 381278 8366.67 372911 222029 81614 15745.7 150882 289821 9682.91 116590 95917.1 138295 183286 8330.81 118309 87962.4 80152.8 62852 52177.7 217968 106126
internal_count=524637 434721 377671 89916 57050 68823 300083 77588 69768 186474 6705 179769 99732 60961 14370 80037 113609 11018 64246 54028 24807 53244 1836 32243 21956 20605 15481 11568 96121 42299
is_linear=0
shrinkage=0.04


Tree=35
num_leaves=31
num_cat=0
split_feature=13 11 9 14 6 11 9 8 10 11 8 10 10 11 3 10 10 11 8 14 11 14 8 10 11 10 3 9 10 10
split_gain=26993 17932.6 10189.3 4974.2 4133.34 3939.1 3968.25 4325.85 3902.5 3511.95 3490.94 3548.2 4054.21 3185.58 3544.39 2839.22 2637.85 2489.17 2423.04 2313.96 2212.77 2119.48 2063.55 1999.4 3766.78 1838.69 1831.3 1830.97 1903.56 1806.78
threshold=9.5256195068359393 0.078402601182460799 73.625000000000014 0.0074559897184371957 0.43113341927528387 -0.48501108586788172 73.875000000000014 19.375000000000004 -0.8940606117248534 0.026874557137489322 16.875000000000004 -0.01505099539645016 -0.59262362122535694 -0.12758953124284741 1.0000000180025095e-35 -0.74512827396392811 0.30675521492958074 0.26451654732227331 17.625000000000004 4.6606385707855233 -0.76278147101402272 10.917630672454836 17.625000000000004 -0.69751432538032521 -0.87810534238815297 -0.52124115824699391 1.3438934683799746 76.375000000000014 -0.56456753611564625 -0.56456753611564625
decision_type=2 2 2 2 2 2 2 2 2 2 2 2 2 2 2 2 2 2 2 2 2 2 2 2 2 2 2 2 2 2
left_child=1 4 25 -3 23 6 -6 15 19 13 -4 12 17 14 -7 -8 29 20 -15 22 -12 -13 -5 -1 -25 -2 -22 -14 -29 -17
right_child=2 3 10 8 5 9 7 -9 -10 -11 11 21 27 18 -16 16 -18 -19 -20 -21 26 -23 -24 24 -26 -27 -28 28 -30 -31
leaf_value=-0.0017507121869992307 0.01157070955678941 -0.04311199712030845 0.014167078015132457 0.0049507699877134551 0.012160126809483513 0.0055694671449180548 0.0066154697678972741 0.0031888381966763153 -0.054968392939095438 0.011632460180498374 -0.022481884189058145 -0.0030010771373485891 0.00040107672244903613 0.0023669139900131483 -0.010245453195280653 -0.021237077579948586 0.0070216056633998483 -0.058072988613853432 -0.025047997586096805 -0.031027957586123107 0.0059454914419307002 -0.02599976099986144 -0.015089722254075741 -0.0081670445705209205 -0.029943775679332821 0.020922698103271312 -0.0045110213681042576 0.034412581712758079 0.010658022895839614 -0.0077920551066494818
leaf_weight=51776.442981123924 57708.583294093609 14161.052730113268 44690.59412330389 9961.4846949577332 47139.467023730278 34018.973650455475 25825.369042992592 241924.20669484138 4121.1954543292522 15599.938594639301 7102.0709369182587 17297.348263144493 27340.811791658401 6474.6709903478622 67948.952475786209 19512.559135437012 16335.473159909248 1220.4464521706104 25330.144465327263 11821.626248270273 51995.633241534233 10180.016404032707 46925.256150841713 84495.956350743771 14952.232478737831 80802.747145652771 55277.428036630154 5818.1924264431 73533.311033368111 88594.22301286459
leaf_count=24714 13441 21093 10317 5623 11357 12863 9762 87978 7635 6005 3108 6821 8993 2785 30423 11491 6513 1760 17632 10793 18570 5047 37222 44034 11161 12279 21443 1035 19564 43175
internal_value=-1.03377e-05 -0.00424691 0.00808096 -0.0214253 -0.00222705 -0.000711772 0.00119612 -0.000121972 -0.0172031 -0.00632293 0.00387211 0.00202954 0.00370587 -0.00841752 -0.00496918 -0.00545209 -0.00795678 -0.00148394 -0.019468 -0.0149303 -0.000875083 -0.0115282 -0.0115802 -0.00812547 -0.0114439 0.0170275 0.000557369 0.00932838 0.0124039 -0.0102205
internal_weight=1.25989e+06 826919 432967 86990.6 739929 588704 439331 392192 72829.6 149373 294456 249765 222288 133773 101968 150268 124442 115596 31804.8 68708.4 114375 27477.4 56886.7 151225 99448.2 138511 107273 106692 79351.5 108107
internal_count=524637 402259 122378 82366 319893 239984 170276 158919 61273 69708 96658 86341 74473 63703 43286 70941 61179 44881 20417 53638 43121 11868 42845 79909 55195 25720 40013 29592 20599 54666
is_linear=0
shrinkage=0.04


Tree=36
num_leaves=31
num_cat=0
split_feature=5 11 9 9 11 9 10 10 8 8 10 9 11 14 8 10 3 11 10 13 7 7 10 11 10 13 4 11 10 7
split_gain=25163.8 19379.2 6963.09 5416.1 4900.09 4286.41 3854.75 3387.68 3119.64 3092.65 2183.78 2060.08 1901.04 1875.24 1658.6 1865.11 1633.23 1625.62 2698.8 1601.24 1594.5 2359.52 2321.26 1579.69 2229.51 2163.57 1765.23 1787.55 3452.12 2030.96
threshold=15.973264694213869 0.23118848353624347 73.625000000000014 74.125000000000014 -0.14463099837303159 76.125000000000014 0.46514528989791876 -0.88622298836708058 16.625000000000004 19.125000000000004 1.0000000180025095e-35 79.625000000000014 -0.09339838474988936 19.237435340881351 19.875000000000004 -0.01505099539645016 2.592204332351685 0.0096758542931638675 -0.99630266427993763 0.43675008416175848 1.0000000180025095e-35 1.5886454582214358 -0.92274349927902211 -0.90892156958580006 -0.35141934454441065 0.78340092301368724 1.1277241110801699 -0.84427365660667408 -0.56456753611564625 9.8465232849121112
decision_type=2 2 2 2 2 2 2 2 2 2 2 2 2 2 2 2 2 2 2 2 2 2 2 2 2 2 2 2 2 2
left_child=1 2 -1 12 5 8 11 9 -4 16 13 23 -2 -5 -10 -16 -3 -6 -19 -20 -11 22 -22 24 -7 -26 27 -25 29 -29
right_child=3 7 4 10 17 6 -8 -9 14 20 -12 -13 -14 -15 15 -17 -18 18 19 -21 21 -23 -24 26 25 -27 -28 28 -30 -31
leaf_value=0.0088031207682380003 0.01689096099434198 -0.0076962140320295689 0.0080074758330617949 0.0022629255643812234 -0.017571693739493032 0.017365690961696514 -0.033865591261538514 -0.056723807341608444 -0.008167548257286333 -0.059595176280528843 -0.012713985028015289 0.0065989395598546685 -0.0079598911003425695 0.012805237290604867 0.0022594758746711549 -0.012346302095790993 -0.033162330417119919 0.0032326295220317094 -0.02428559182761161 -0.0073541451074772167 -0.0058664741367556658 -0.046127497205850479 -0.050741238563774271 -0.011212161048452515 -0.0073015991438110262 0.0040846314134098055 -0.0068600878526401815 0.0040269140585173337 0.037265308808181151 -0.018318139880572831
leaf_weight=91486.288328945637 140837.47283864021 17934.690501600504 26247.468524754047 70790.751116335392 38344.766466677189 15108.671084165573 5024.0352503061295 5541.4431038796902 216761.7396427989 3417.7543470561504 10566.499304652214 93047.537698924541 5098.1765821576118 43633.200997471809 57436.820021986961 18481.560164570808 5190.8353435695171 24526.361238062382 14413.762475907803 23529.397953152657 7563.784020036459 7861.5853070914745 2430.4818653464317 15185.184654116631 35735.347491681576 105523.57481396198 85583.599727451801 59324.529534041882 4628.4328817725182 7300.044242978096
leaf_count=23780 25228 14284 7704 24516 24559 4312 4621 10988 108157 6104 4911 29057 2201 11431 24135 9945 5253 11850 12364 14176 6490 11024 3647 7569 16976 36924 36017 22143 929 3342
internal_value=-1.02525e-05 -0.00297264 -0.00167941 0.0107885 -0.00281281 -0.00169332 0.000929829 -0.0272492 -0.00520083 -0.0235586 0.00467685 0.00134543 0.0160223 0.00628379 -0.00638558 -0.00129731 -0.0134243 -0.011089 -0.00710769 -0.0137907 -0.0345636 -0.0297417 -0.0168193 -0.000143287 0.00276647 0.00120386 -0.00278826 0.00124364 0.00389938 0.00157619
internal_weight=1.25856e+06 987630 937689 270926 846203 745389 426461 49940.6 318928 44399.1 124990 421437 145936 114424 292680 75918.4 23125.5 100814 62469.5 37943.2 21273.6 17855.9 9994.27 328389 156368 141259 172022 86438.2 71253 66624.6
internal_count=524637 456350 398560 68287 374780 311831 161890 57790 149941 46802 40858 157269 27429 35947 142237 34080 19537 62949 38390 26540 27265 21161 10137 128212 58212 53900 70000 33983 26414 25485
is_linear=0
shrinkage=0.04


Tree=37
num_leaves=31
num_cat=0
split_feature=11 9 10 13 8 8 9 7 10 11 10 11 10 11 10 14 14 14 8 6 11 8 10 14 10 14 10 10 10 10
split_gain=23447.4 20151.3 7516.62 5869.97 4572.81 3687.13 4448.24 2841.32 2889.55 3998.88 2672.46 2414.48 2316.18 2228.96 2273.89 2104.97 2101.15 2083.01 2361.35 2065.23 2406.87 2189.15 2040.79 1782.94 1769.96 1726.68 1670 1617.57 1551.19 1913.96
threshold=-0.12758953124284741 73.625000000000014 -0.95244166254997242 3.1067273616790776 19.125000000000004 16.625000000000004 76.875000000000014 4.4098539352417001 -0.97876849770545948 0.0096758542931638675 -0.88622298836708058 -0.27900144457817072 -0.9769422411918639 -0.37645272910594935 -0.90529522299766529 1.6801648139953616 19.738782882690433 2.5335856676101689 19.125000000000004 0.3904250711202622 -0.48501108586788172 19.375000000000004 -0.56456753611564625 0.093142680823802962 -0.99866804480552662 4.793184995651246 0.30675521492958074 -0.98664820194244374 -0.74512827396392811 -0.76762619614601124
decision_type=2 2 2 2 2 2 2 2 2 2 2 2 2 2 2 2 2 2 2 2 2 2 2 2 2 2 2 2 2 2
left_child=1 15 4 11 16 -5 -7 24 9 -9 17 19 27 14 -8 -1 -2 18 -4 -3 21 26 -17 -11 -6 -14 28 -13 29 -21
right_child=2 3 10 5 7 6 13 8 -10 23 -12 12 25 -15 -16 22 -18 -19 -20 20 -22 -23 -24 -25 -26 -27 -28 -29 -30 -31
leaf_value=-0.0024688536520623308 -0.004226669141853428 -0.0094726490652624513 -0.0071307638641035275 0.013355566195741717 -0.047119609941587905 -0.0030039828701923822 0.023616282090883237 -0.021089286543044369 -0.057830458263028579 -0.045336264398407711 -0.055711817542226399 0.011555293441457282 0.019571571660174706 -0.0064846532599104056 0.0051728910821455757 0.0098851601681040208 0.022297062572202226 -0.045450362425031525 -0.032411070120745206 -0.0050357701682503652 -0.014063994881282403 0.0022105381452785363 0.018882336122947194 0.0094075583714883677 -0.021310633594162045 -0.015570440490528534 0.009108431644411278 -0.014894264953396073 -0.010688579001581678 0.027092359683851229
leaf_weight=11193.75625026226 66498.645074725151 113055.35482287407 11819.409478247166 45790.985904216766 5023.4905517697334 202672.79107952118 11205.159461736679 15777.974988818169 1828.6305063068867 997.53690481185913 5462.7943650484085 5757.5542200803757 17241.678052544594 25140.766747117043 231388.39599502087 65447.870708584785 5138.7093286514282 6442.1696460843086 11832.03459250927 11160.768415212631 27250.83834284544 116404.89838463068 105297.77156603336 17269.257926464081 27758.579628735781 2562.7861757278442 10270.458171963692 10310.873309969902 65348.441427230835 4029.8298807144165
leaf_count=4043 34871 62177 9924 10397 4985 82602 2625 9964 2578 1058 11049 2223 5124 10473 71099 15096 1354 8471 15895 5169 13519 45192 17016 7488 23427 1204 4084 5240 35190 1100
internal_value=-1.02161e-05 0.00219236 -0.0135562 -0.000263145 -0.00939154 0.00252148 0.00146659 -0.0167675 -0.00898489 -0.00634506 -0.0299811 -0.00401231 0.0058665 0.00485077 0.00602571 0.0143329 -0.00232122 -0.0252933 -0.019786 -0.00503219 -0.00289076 -0.00142076 0.0154344 0.00639487 -0.0252787 0.0150185 -0.00607529 -0.00541571 -0.00801243 0.00349954
internal_weight=1.25738e+06 1.08153e+06 175849 899592 140293 516198 470407 68655.5 35873.4 34044.8 35556.4 383393 35872.9 267734 242594 181939 71637.4 30093.6 23651.4 347521 234465 207214 170746 18266.8 32782.1 19804.5 90809.5 16068.4 80539 15190.6
internal_count=524637 393573 131064 357418 85725 177196 166799 49500 21088 18510 45339 180222 13791 84197 73724 36155 36225 34290 25819 166431 104254 90735 32112 8546 28412 6328 45543 7463 41459 6269
is_linear=0
shrinkage=0.04


Tree=38
num_leaves=31
num_cat=0
split_feature=5 11 9 9 13 9 8 11 10 10 9 8 10 11 7 10 10 11 7 14 11 10 11 10 8 8 10 10 7 10
split_gain=21787.5 16780.6 5890.64 4655.91 4286.89 3839.83 3232.32 2550.88 3250.62 5225.93 2894.6 3250.31 2665.2 4667.95 3406.3 2516.35 2435.64 2172.21 2042.07 2567.17 2038.22 2013.66 1811.77 1810.42 2048.39 1778.44 1772.34 1766.79 1718.37 2426.39
threshold=15.973264694213869 0.23118848353624347 73.625000000000014 74.125000000000014 0.45654073357582098 77.625000000000014 17.375000000000004 -0.48501108586788172 -0.74512827396392811 -0.59262362122535694 74.125000000000014 19.625000000000004 -0.9599599540233611 -0.19547851383686063 5.4991986751556405 -0.90163370966911305 -0.65962448716163624 0.078402601182460799 5.1343934535980233 1.0000000180025095e-35 -0.91249075531959523 1.0000000180025095e-35 -0.9970029592514037 0.35544221103191381 20.625000000000004 17.625000000000004 -0.59262362122535694 -0.083760455250740037 0.59751173853874218 -0.67245468497276295
decision_type=2 2 2 2 2 2 2 2 2 2 2 2 2 2 2 2 2 2 2 2 2 2 2 2 2 2 2 2 2 2
left_child=1 2 -1 -2 17 7 -3 8 -6 16 25 -12 13 14 -9 18 28 22 19 -8 27 26 -4 -24 -25 -11 -5 -7 -10 -30
right_child=3 6 4 21 5 20 15 12 9 10 11 -13 -14 -15 -16 -17 -18 -19 -20 -21 -22 -23 23 24 -26 -27 -28 -29 29 -31
leaf_value=0.0080773875147394907 0.014913306264198629 -0.0018730180221119663 -0.021781825302510837 0.0010270056652646987 0.0075339034901439937 0.013472213185715185 -0.048438442317807702 0.023805916958597545 0.021796500478596787 0.017368599557896179 -0.0076914416597065995 0.0030529825910731259 -0.017170688027998787 -0.0099599373477152562 -0.011354215800156076 -0.049084138136120919 -0.032443051821310707 -0.022677441535928634 -0.049085725954362912 -0.015442273061610792 -0.00011185565541177622 -0.012323034374329703 -0.0034769455978893179 -0.0083392118354902855 -0.031281895883208059 -9.3808526105345643e-05 0.010990098287738611 0.002590083120462276 -0.02119864265492874 0.015122758783474946
leaf_weight=91350.524141728878 145462.15326988697 7789.2341070473194 11740.948924303055 58086.399389326572 53944.17420232296 44235.501348257065 4488.0154029130936 13609.539289712906 2415.9196081161499 19646.868723750114 105940.57606351376 78362.322130739689 37199.397031605244 57360.216079592705 6511.4213021993637 8698.9655013084412 12054.259430408478 14471.428400427103 4757.5661942064762 23537.129997730255 127648.35204029083 10557.973677158356 137128.99763631821 26745.385198533535 8111.0697194337845 17764.612992465496 56210.143286585808 51853.07234275341 14853.442040741444 3661.534260392189
leaf_count=23780 27429 5952 6851 21228 19331 11795 7981 3871 847 5025 51281 30424 19254 32489 2999 15935 7558 12463 6508 21414 47989 4911 67048 15746 6314 6743 14719 17358 8109 1285
internal_value=-1.01219e-05 -0.00276855 -0.00157149 0.01005 -0.00261437 -0.00103775 -0.025519 -0.00327787 -0.00138504 -0.00327426 -0.00106393 -0.00312319 -0.00837152 -0.00414529 0.0124276 -0.0299576 -0.0181265 -0.00776127 -0.0248689 -0.0207418 0.00320065 0.00438316 -0.00658521 -0.00554658 -0.0136854 0.00907887 0.00592731 0.00760068 -0.0098699 -0.0140114
internal_weight=1.2562e+06 985880 936610 270317 845259 647061 49270.9 423324 308644 254700 221714 184303 114681 77481.2 20121 41481.7 32985.2 198198 32782.7 28025.1 223737 124855 183726 171985 34856.5 37411.5 114297 96088.6 20930.9 18515
internal_count=524637 456350 398560 68287 374780 266358 57790 189216 130603 111272 93473 81705 58613 39359 6870 51838 17799 108422 35903 29395 77142 40858 95959 89108 22060 11768 35947 29153 10241 9394
is_linear=0
shrinkage=0.04


Tree=39
num_leaves=31
num_cat=0
split_feature=11 9 10 5 8 9 7 10 11 10 18 10 14 8 1 10 10 10 10 10 7 11 10 8 8 10 11 17 10 8
split_gain=20312.9 17342.4 6544.11 5071.8 4216.46 4178.76 2768.55 2777.42 3403.73 2535.56 2401.56 2083.68 2030.13 2171.93 1952.29 1895.99 1825.76 3610.57 1701.2 1666.49 2352.12 3588.59 2551.84 2088.98 2911.65 1833.45 1781.36 1790.32 1638.15 2057.07
threshold=-0.12758953124284741 73.625000000000014 -0.95244166254997242 24.924869537353519 18.875000000000004 79.625000000000014 4.4625267982482919 -0.97876849770545948 0.0096758542931638675 -0.88622298836708058 2.4368777275085454 0.40318277478218084 2.5335856676101689 19.125000000000004 0.10760927572846414 -0.56456753611564625 -0.9193688929080962 -0.88218119740486134 -0.99866804480552662 -0.41495507955551142 5.4353039264678964 -0.71651923656463612 -0.93235439062118519 16.875000000000004 19.375000000000004 -0.35141934454441065 -0.94978386163711537 -11.939389705657957 1.0000000180025095e-35 16.875000000000004
decision_type=2 2 2 2 2 2 2 2 2 2 2 2 2 2 2 2 2 2 2 2 2 2 2 2 2 2 2 2 2 2
left_child=1 14 4 5 -2 10 18 8 -8 12 16 -7 13 -4 -1 -16 -3 -18 -6 20 21 -12 -22 -21 -25 -26 27 -27 -5 -30
right_child=2 3 9 28 6 11 7 -9 -10 -11 19 -13 -14 -15 15 -17 17 -19 -20 23 22 -23 -24 24 25 26 -28 -29 29 -31
leaf_value=0.00013028542715687102 -0.0011214491377158926 0.0020674445191334158 -0.006017118330672905 0.011390067960493881 -0.043050285549289441 0.0070238380671948939 -0.018031293503571855 -0.051921704194006824 0.0060140598741168921 -0.053648083025622545 -0.011288423080170097 -0.026836471357468358 -0.043694485992335677 -0.030361402121866034 0.0091585123424824319 0.017986148263536453 -0.039575120402776214 -0.006035064008577542 -0.019293147368681804 0.015094945062795934 -0.018129861966078874 0.0061941039967810842 -0.0037183595253764707 -0.0053569784654521179 0.018124297405441189 0.030498086192859063 -0.011216671534224487 0.0036078323208049911 0.013789445291603869 -0.028791390224419167
leaf_weight=16346.818602204323 63118.290909469128 44228.849411308765 11791.770138174295 70459.214377164841 5710.2011924982071 106720.47968667746 17724.372249722481 2147.8302661776543 20081.020721852779 5278.7228725254536 24995.608831942081 2979.6129320263863 6310.3707541525364 11665.908800333738 62945.061489462852 102180.21455359459 5253.5707025527954 211468.37219154835 31110.523900657892 18007.587681889534 23735.158899366856 75520.817741751671 114283.12547016144 74359.483606398106 14364.52611374855 4138.0257579088211 12591.767199993134 88250.429933905602 3451.6854118108749 3808.4865164756775
leaf_count=5300 31275 18295 9924 17691 5551 32040 10854 2927 9343 11049 12376 2318 8471 15895 14416 16439 3570 106609 25775 4375 11807 28206 43405 32804 3930 881 5482 30987 633 2009
internal_value=-1.00494e-05 0.002038 -0.0126543 -0.000239782 -0.00878076 -0.00116447 -0.0150768 -0.00778174 -0.00526095 -0.0281088 -0.00228533 0.00610178 -0.0235635 -0.0181317 0.0133165 0.0146218 -0.00533847 -0.0068499 -0.0229881 -0.000515739 -0.00280831 0.001846 -0.00619786 0.0020673 0.000855478 0.00472636 0.00289156 0.0048154 0.00952593 -0.00855617
internal_weight=1.25503e+06 1.08009e+06 174939 898617 139892 820897 76773.9 39953.2 37805.4 35046.8 711197 109700 29768 23457.7 181472 165125 260951 216722 36820.7 450247 238535 100516 138018 211712 193704 119345 104980 92388.5 77719.4 7260.17
internal_count=524637 393573 131064 357418 85725 337085 54450 23124 20197 45339 302727 34358 34290 25819 36155 30855 128474 110179 31326 174253 95794 40582 55212 78459 74084 41280 37350 31868 20333 2642
is_linear=0
shrinkage=0.04


Tree=40
num_leaves=31
num_cat=0
split_feature=5 11 9 11 10 14 10 9 10 7 14 7 8 9 10 17 9 8 10 10 11 10 10 10 8 10 4 11 11 10
split_gain=18939.3 11121 10118 4147.24 3503.97 2822.94 2587.44 2565.89 2191.63 2063.64 2302.63 1784.63 2665.06 1653.09 1651.35 1588.19 1533.75 2253.87 1522.16 1515.82 1409.99 1836.32 1311.93 1559.93 1277.09 1271.84 1264.63 1683.37 1787.68 3378.13
threshold=4.3133378028869638 0.21441935747861865 74.125000000000014 0.26451654732227331 -0.56456753611564625 1.0000000180025095e-35 -0.88622298836708058 79.625000000000014 -0.98930078744888295 1.0000000180025095e-35 3.1113535165786748 3.1390343904495244 18.375000000000004 78.625000000000014 -0.15207348018884656 11.777387142181398 74.125000000000014 17.875000000000004 -0.94975915551185597 0.30675521492958074 0.026874557137489322 -0.99630266427993763 -0.56456753611564625 -0.30265928804874415 16.625000000000004 -0.99940761923789967 1.1277241110801699 0.14675828069448474 -0.89017319679260243 -0.733546882867813
decision_type=2 2 2 2 2 2 2 2 2 2 2 2 2 2 2 2 2 2 2 2 2 2 2 2 2 2 2 2 2 2
left_child=1 5 4 7 15 -1 9 25 11 -3 24 12 -7 16 -6 -2 22 -18 -9 -15 -13 -22 -10 -24 -11 -4 -19 28 -28 -30
right_child=2 6 3 -5 14 8 -8 18 13 10 -12 20 -14 19 -16 -17 17 26 -20 -21 21 -23 23 -25 -26 -27 27 -29 29 -31
leaf_value=-0.0159097925528029 0.0035099991816753017 -0.047578040499749792 -0.021091704449074461 -0.045361515182578742 0.019388709027926658 -0.0021607559965855934 -0.051377298810650729 -0.00796168889076692 -0.0043456707778996521 0.020980371043430354 -0.038935068590375169 -0.011818566607773433 -0.028809634392434957 0.0047057343509439757 0.010610224353657801 0.017393134926207407 -0.011669774904302738 -0.00069548251954515362 0.0093589939116961087 -0.013209139600767337 0.01310973423671302 -0.014268009518043044 0.026495389706480674 0.0039596524870373542 -0.014884068158958224 -0.00011520725439284998 -0.00058539575053705888 0.024332277211869483 -0.0048341961297342839 -0.025039847760274851
leaf_weight=27605.871351778507 84461.00898617506 4083.5571521222591 4688.4669210314751 3063.8228034675121 77323.388243317604 10008.172922253609 4908.7994448542595 9100.8743751347065 25485.408663809299 1674.9306075572968 6620.1034968197346 19055.334732592106 15005.616784095764 80455.882282495499 61685.305709719658 15614.630676805973 52738.370306909084 184975.8150126338 74640.17409068346 8330.415631711483 11634.927297949791 5899.3737753033638 5778.9180741906166 32573.536229848862 28173.399386376143 294743.90489211679 40645.293351829052 2798.5687335729599 40477.679683029652 19668.062737226486
leaf_count=18923 25014 6993 2902 4387 12807 5036 10406 4423 10246 863 8269 11689 12490 26690 12015 3170 28892 84351 19934 4702 4511 3961 1487 11155 27654 112548 17701 1184 18341 11893
internal_value=-9.9812e-06 -0.00491306 0.00491879 0.000915535 0.0113857 -0.00342732 -0.023966 0.00128674 -0.00280676 -0.0206361 -0.017607 -0.00992023 -0.0181524 -0.00191937 0.0154943 0.00567768 -0.00300266 -0.00406704 0.00747588 0.00302356 -0.00428906 0.00389568 0.00268771 0.00736134 -0.0128652 -0.000444347 -0.00267721 -0.00621548 -0.007066 -0.0114446
internal_weight=1.25392e+06 628598 625322 386237 239084 583137 45460.8 383173 555531 40552 36468.4 61603.4 25013.8 493928 139009 100076 405142 341304 83741 88786.3 36589.6 17534.3 63837.9 38352.5 29848.3 299432 288565 103590 100791 60145.7
internal_count=524637 327437 197200 144194 53006 273252 54185 139807 254329 43779 36786 37687 17526 216642 24822 28184 185250 162362 24357 31392 20161 8472 22888 12642 28517 115450 133470 49119 47935 30234
is_linear=0
shrinkage=0.04


Tree=41
num_leaves=31
num_cat=0
split_feature=11 9 5 14 9 10 10 8 6 10 10 11 3 10 10 5 10 10 10 10 17 10 10 10 17 10 10 10 8 10
split_gain=17565 15336.3 5111.88 4326.04 3495.78 3436.8 2649.81 3068.08 2352.1 2260.52 3031.21 2810.54 3084.03 2990 2325.11 2107.22 1909.06 1978.39 1904.86 1894.63 1883.53 2096.95 1785.52 1746.7 1648.09 1835.61 1829.82 1626.15 1890.17 1599.05
threshold=0.078402601182460799 73.625000000000014 24.358097076416019 0.0074559897184371957 79.625000000000014 -0.8940606117248534 -0.99940761923789967 17.625000000000004 0.43113341927528387 -0.41495507955551142 -0.083760455250740037 0.026874557137489322 1.0000000180025095e-35 -0.93235439062118519 -0.9599599540233611 7.492586851119996 -0.92599865794181813 -0.9769422411918639 -0.64659911394119252 -0.9193688929080962 -1.1968591213226316 -0.95244166254997242 0.25725142657756811 0.40318277478218084 -14.227000236511229 0.088045001029968276 0.019350802991539243 1.0000000180025095e-35 16.625000000000004 -0.9769422411918639
decision_type=2 2 2 2 2 2 2 2 2 2 2 2 2 2 2 2 2 2 2 2 2 2 2 2 2 2 2 2 2 2
left_child=1 15 4 -2 6 20 7 -3 16 11 -11 12 18 14 29 -1 17 -8 -10 -15 21 -5 24 -6 25 -12 -26 -4 -29 -14
right_child=3 2 27 5 23 -7 8 -9 9 10 22 -13 13 19 -16 -17 -18 -19 -20 -21 -22 -23 -24 -25 26 -27 -28 28 -30 -31
leaf_value=0.0044148969919003333 -0.037424457645835948 0.011027616311639208 0.010382612955105324 -0.014883773693052181 0.0056904778592635321 -0.04981397504453984 -0.0096395780188374466 -0.030242679932930429 0.0042611462391337271 0.0061002940710941098 -0.013126906657697945 0.014021823517997497 -0.015781072801924555 0.012026794362576214 -0.028968163686611464 0.014117511509045749 -0.0095952982347466773 0.012479122972787443 -0.010456759487108509 -0.005232693504702849 -0.0078881899077189246 -0.046892357567806679 0.004146000291906587 -0.025387120398886666 0.001554272787367912 0.041428731204281116 -0.010074305100455146 0.013722856553005536 -0.026547730877823951 0.0013498207552175854
leaf_weight=47694.920168638229 13377.964957803488 3912.5399965047836 77744.227737486362 13629.101516276598 112473.68681675196 3850.3253603875637 11770.42632907629 10887.150631308556 82654.105587482452 124535.50418221951 1641.3436245918274 14232.129107892513 25695.259801506996 10826.94569504261 14027.541751503944 143904.77677464485 103224.96382457018 14343.992550969124 16946.117656707764 167064.93499028683 62473.006259560585 4308.0488132834435 46650.863106131554 2960.2976089119911 31992.185668110847 2449.9356170892715 66954.448771357536 3293.1144535541534 4275.4847630262375 13190.155946731567
leaf_count=13690 21093 1564 20099 10241 35772 7862 6780 9138 32834 43860 652 5354 14233 3786 8042 26245 57668 5056 8136 69996 44255 6465 18183 2318 12508 403 30458 597 2195 5154
internal_value=-9.84027e-06 0.001367 -0.000687894 -0.0163003 -0.00159579 -0.0129424 -0.00257728 -0.0193321 -0.00224561 -0.00122026 0.00148988 -0.00337667 -0.00412651 -0.00666508 -0.015012 0.0117026 -0.0071512 0.00250979 0.00175622 -0.00418162 -0.0111709 -0.0225933 -0.00234597 0.00489136 -0.00528536 0.0195634 -0.00631469 0.00865947 -0.00903092 -0.00997132
internal_weight=1.25299e+06 1.15535e+06 963747 97638.4 878435 84260.5 763001 14799.7 748201 618861 274224 344637 330405 230805 52913 191600 129339 26114.4 99600.2 177892 80410.2 17937.2 149689 115434 103038 4091.28 98946.6 85312.8 7568.6 38885.4
internal_count=524637 434721 394786 89916 371895 68823 333805 10702 323103 253599 106064 147535 142181 101211 27429 39935 69504 11836 40970 73782 60961 16706 62204 38090 44021 1055 42966 22891 2792 19387
is_linear=0
shrinkage=0.04


Tree=42
num_leaves=31
num_cat=0
split_feature=11 9 14 8 9 10 8 10 9 10 10 10 10 8 2 11 10 17 10 10 8 10 10 3 9 8 10 10 7 10
split_gain=16429.2 13910 5511.21 4528.32 5968.65 3909.19 3504.54 3354.75 2233.23 1736.13 1609.67 1758.51 1578.2 1574.64 1865.49 2001.1 3731.14 2361.03 1775.98 1689.95 1563.34 1516.56 2917.19 2446.47 2329.96 2039.32 2436.07 1876.85 1737.94 3023.45
threshold=-0.12758953124284741 73.625000000000014 1.0000000180025095e-35 16.625000000000004 76.125000000000014 -0.8940606117248534 20.625000000000004 0.46514528989791876 79.625000000000014 0.46514528989791876 -0.083760455250740037 -0.36747109889984125 -0.60639065504074086 17.625000000000004 22.317874908447269 0.026874557137489322 -0.99630266427993763 -1.6802023053169248 -0.98523971438407887 -0.97876849770545948 18.625000000000004 -0.74512827396392811 -0.59262362122535694 0.10747016593813898 74.125000000000014 19.625000000000004 0.25725142657756811 -0.01505099539645016 0.51680466532707225 -0.69751432538032521
decision_type=2 2 2 2 2 2 2 2 2 2 2 2 2 2 2 2 2 2 2 2 2 2 2 2 2 2 2 2 2 2
left_child=1 9 -2 12 21 6 13 8 -6 20 11 -10 -3 -4 15 -15 -17 19 -16 -18 -1 23 28 -5 -24 26 -26 -27 29 -23
right_child=2 3 5 4 7 -7 -8 -9 10 -11 -12 -13 -14 14 18 16 17 -19 -20 -21 -22 22 24 -25 25 27 -28 -29 -30 -31
leaf_value=0.015497864683360174 -0.037312000611968967 0.0011395473253120402 0.0018826356757725348 0.0053823837953223342 0.00055199884807575681 -0.048646564677789411 -0.022283853707090576 -0.031041515598137743 0.0059245587181842585 -0.030008987534940964 -0.001422119156745351 0.018097122760554848 0.016218578634271202 -0.019308662469927493 0.016491039609595901 0.011000215696501843 -0.0080037156405668233 -0.0075883905749616178 -0.027099116740743671 -0.044342846876592026 0.0079298134996016942 0.029828691634158019 0.0028517710632204865 -0.0067114777969384618 -0.015086753338749993 0.0047108752622387878 -0.00057821000566386045 -0.010746083122337918 -0.023843363018522357 -0.038206370831530459
leaf_weight=103874.86693847179 12224.437589436769 16364.723992109299 31688.78305631876 48539.628888964653 388099.99215233326 3964.316164046526 24771.906403303146 4934.9294975399971 71865.77732026577 1555.0393286943436 30210.537566542625 25807.286499857903 34555.907139658928 26757.578946709633 7923.913882791996 15232.132184445858 3307.0093411803246 40585.915065437555 1833.3919424712658 5388.927865177393 75416.850962758064 2704.1359212994576 43049.080459237099 59628.081992328167 69606.315637052059 31762.412174165249 25227.504738152027 20785.943352758884 22633.072625815868 1689.5799956321716
leaf_count=19152 19805 4968 15828 19638 148176 8225 21065 4625 21204 875 11286 5814 7428 17695 2571 6122 1908 29096 1475 7274 16128 837 14640 27297 40248 12636 12212 11154 13812 1443
internal_value=-9.70644e-06 0.00182927 -0.0114267 -0.000210156 -0.000907064 -0.00946466 -0.00847535 0.00174844 0.00206264 0.0119495 0.00664673 0.00914233 0.0113737 -0.00589649 -0.00833645 -0.0101136 -0.00629755 -0.0116451 0.00828112 -0.0305484 0.0123151 -0.00515512 -0.00708032 -0.00128443 -0.00533435 -0.00772548 -0.0112277 -0.00140414 -0.0193759 0.00363882
internal_weight=1.25199e+06 1.07831e+06 173678 897465 846544 161454 157490 520919 515984 180847 127884 97673.1 50920.6 132718 101029 91271.6 64514 49281.9 9757.31 8695.94 179292 325626 217458 108168 190431 147382 94833.8 52548.4 27026.8 4393.72
internal_count=524637 393573 131064 357418 345022 111259 103034 191105 186480 36155 38304 27018 12396 81969 66141 62095 44400 38278 4046 9182 35280 153917 106982 46935 90890 76250 52460 23790 16092 2280
is_linear=0
shrinkage=0.04


Tree=43
num_leaves=31
num_cat=0
split_feature=12 9 11 11 10 8 9 10 11 14 14 10 10 10 8 10 17 6 11 11 11 14 17 2 8 10 11 11 3 11
split_gain=15444.5 9194.06 8779.52 3813.41 4346.73 3056.63 4389.79 2989.83 2505.64 2416.9 2628.84 2158.24 1889.81 1772.65 2675.66 1677.32 2019.07 1647.79 1640.14 1978.65 1574.02 1506.78 1433.84 1419.1 1384.99 1382.34 2142.56 1962.84 1334.74 1266.75
threshold=1.132646441459656 73.625000000000014 0.19758678972721103 -0.37645272910594935 -0.96235975623130787 16.625000000000004 76.875000000000014 -0.90529522299766529 -0.8349313735961913 3.6176694631576543 1.0000000180025095e-35 0.48030318319797521 -0.88622298836708058 -0.99940761923789967 18.875000000000004 -0.98046803474426258 -2.4659864902496333 1.913197994232178 -0.99628248810768116 -0.99273797869682301 -0.99966478347778309 15.796020507812502 17.389239311218265 22.317874908447269 16.875000000000004 -0.98930078744888295 -0.37645272910594935 -0.46989713609218592 0.20043726265430453 -0.9852197766304015
decision_type=2 2 2 2 2 2 2 2 2 2 2 2 2 2 2 2 2 2 2 2 2 2 2 2 2 2 2 2 2 2
left_child=2 8 11 5 15 -3 29 -8 -2 10 -4 13 24 14 -1 23 -17 25 20 21 -19 -20 -10 -5 -12 -15 27 -27 -22 -7
right_child=1 3 9 4 -6 6 7 -9 22 -11 12 -13 -14 17 -16 16 -18 18 19 -21 28 -23 -24 -25 -26 26 -28 -29 -30 -31
leaf_value=0.00096355154394866637 0.015667799170595319 0.012795872307279094 -0.038074072084701073 -0.007296039412580938 -0.019855260762134685 -0.0096590249308063387 0.02570887854107165 0.0042907245465274814 0.0041073940323328841 -0.04803924735041256 0.02062382843573508 -0.025489654206222668 -0.050879778935896083 -0.01516577933063026 -0.037789330760011161 -0.016375489987909476 0.012208006070176492 0.0039043089696437728 0.0099172943743780981 -0.00027544716953087481 -0.001631478943316719 0.0479917487899678 0.021444710457225354 0.01013857885569212 -0.013204502466256094 -0.0057068715911834014 0.004307244514892619 -0.03186511798302244 -0.029812832361747019 -0.0012728275721986563
leaf_weight=5482.6091901659966 99402.958621740341 43161.105597138405 9113.8508065342903 53582.291259229183 25970.914257109165 34823.446556091309 10903.835787296295 234566.74757748842 68224.048386394978 5403.3560345470905 2097.3123480379581 7349.993026137352 1985.3582167327404 21587.837062478065 5927.0165010094643 4807.8645934164524 22062.279349476099 6658.5844770073891 7480.3112105131149 159793.2991194129 4055.233756840229 2131.5092116594315 8585.1145507693291 8670.5800087451935 24020.009956419468 157424.28532975912 36075.069136381149 4718.2162640690804 7978.6449974775314 166937.65128201246
leaf_count=2768 16101 9550 16583 27956 17281 16030 2455 73766 18788 7584 1072 5865 4594 15406 5715 2740 8403 2529 2546 65949 1610 275 1487 3122 22316 80037 15639 3105 4376 68989
internal_value=-9.60601e-06 0.00343403 -0.00574574 0.00109373 -0.00545852 0.0026316 0.00165041 0.00524313 0.0114751 -0.0230543 -0.0194149 -0.00401626 -0.0133522 -0.00363926 -0.0191831 -0.00126148 0.00708938 -0.00320402 -0.000455693 0.000785296 -0.0116969 0.0184018 0.00604776 -0.00486651 -0.0104811 -0.00555577 -0.00450843 -0.00646997 -0.0203254 -0.00272067
internal_weight=1.25098e+06 781699 469282 605487 115094 490393 447232 245471 176212 42619.9 37216.5 426663 28102.7 419313 11409.6 89123 26870.1 407903 188098 169405 18692.5 9611.82 76809.2 62252.9 26117.3 219805 198218 162143 12033.9 201761
internal_count=524637 266668 257969 230292 59502 170790 161240 76221 36376 52149 44565 205820 27982 199955 8483 42221 11143 191472 77285 68770 8515 2821 20275 31078 23388 114187 98781 83142 5986 85019
is_linear=0
shrinkage=0.04


Tree=44
num_leaves=31
num_cat=0
split_feature=5 11 9 13 9 8 11 8 10 7 7 8 8 10 10 10 3 11 11 10 9 10 8 10 10 10 4 10 10 10
split_gain=14395.4 11815.6 5283.01 3348.77 3067.25 2826.88 2162.53 1960.02 1959.52 2993.97 2044.15 1900.91 1810.93 1903.74 2003.55 1750.63 1749.17 1621.76 1672.81 1598.47 1425.44 1423.29 1885.56 1617.18 2298.13 1386.4 1379.95 2060.18 1292.64 1251.61
threshold=23.729766845703129 0.23118848353624347 73.625000000000014 0.45654073357582098 77.125000000000014 18.125000000000004 -0.91595870256423939 16.625000000000004 -0.92274349927902211 2.2721899747848515 1.0000000180025095e-35 19.625000000000004 19.125000000000004 1.0000000180025095e-35 -0.94975915551185597 -0.99866804480552662 8.3405494689941424 0.078402601182460799 -0.9970029592514037 -0.083760455250740037 78.375000000000014 0.35544221103191381 20.625000000000004 -0.13505011796951291 -0.21966676414012906 -0.96235975623130787 1.834868907928467 -0.99054482579231251 0.48030318319797521 -0.87395131587982167
decision_type=2 2 2 2 2 2 2 2 2 2 2 2 2 2 2 2 2 2 2 2 2 2 2 2 2 2 2 2 2 2
left_child=1 2 28 17 7 -3 19 -5 9 10 -7 16 -2 14 -14 -13 -9 18 -4 -6 -10 23 -23 24 -20 -12 -19 -28 29 -1
right_child=12 5 3 4 6 8 -8 11 20 -11 25 15 13 -15 -16 -17 -18 26 21 -21 -22 22 -24 -25 -26 -27 27 -29 -30 -31
leaf_value=0.00085588442944120168 0.014085336233577623 -0.006054981634727047 -0.020096191328450103 0.0063073211045652691 0.011154884061978329 -0.046394676884163086 -0.0003982184055443843 -0.0042394162677168003 -0.048125356946754377 -0.039812134636127178 -0.029866918967806039 -0.033447905056062516 -0.012906203952089388 -0.019439905537497887 0.009910240910792914 0.00093078794917251107 -0.013360997668961474 -0.029475617014775857 -0.0038841956256601314 0.0022307185385285486 -0.018596712581728604 -0.0065665520071871543 -0.028717986842452855 0.004918621654532755 -0.034191041597497425 0.0043018189939125805 -0.035220426077806712 0.014748837663022351 -0.042034796748575118 0.010168108680875143
leaf_weight=31955.431669652462 103223.73902085423 14359.046102106571 11652.165700674057 34360.681531012058 60262.150496840477 1967.3455084860325 178398.0608176291 206083.49941447377 9084.8102645576 7704.5430555343628 2360.3621962964535 2405.5280477404594 6888.0011155605316 4492.224044919014 57465.189610898495 125521.28341093659 40192.831336915493 8632.2024433910847 98258.761650502682 68751.712676107883 3697.1472553312778 26655.13729596138 7985.521592259407 34261.77545440197 4163.5785149335861 9566.0577211081982 2102.2272394299507 3510.8165721893311 836.36233234405518 83277.243188381195
leaf_count=10579 19894 12540 6851 10008 16464 3481 67826 97730 16558 10404 2458 2040 3061 1915 14091 52714 19620 8461 49534 23469 5549 15746 6314 14826 2690 7690 2087 1915 560 17562
internal_value=-9.42999e-06 -0.00172438 -0.000813003 -0.0018347 -0.000563362 -0.0209666 0.00245484 -0.00283432 -0.0271909 -0.019829 -0.00872708 -0.00367389 0.0107342 0.00570824 0.00746647 0.000281769 -0.00572856 -0.00644977 -0.00543701 0.00639972 -0.0396055 -0.0044389 -0.0116798 -0.00260307 -0.00511942 -0.00247988 -0.0194455 -0.00399527 0.00722487 0.00758601
internal_weight=1.25008e+06 1.07801e+06 1.02927e+06 913198 715976 48739.3 307412 408564 34380.3 21598.3 13893.8 374203 172069 68845.4 64353.2 127927 246276 197222 182977 129014 12782 171325 34640.7 136684 102422 11926.4 14245.2 5613.04 116069 115233
internal_count=524637 485676 426996 398295 289871 58680 107759 182112 46140 24033 13629 172104 38961 19067 17152 54754 117350 108424 95961 39933 22107 89110 22060 67050 52224 10148 12463 4002 28701 28141
is_linear=0
shrinkage=0.04


Tree=45
num_leaves=31
num_cat=0
split_feature=9 11 9 10 13 10 10 7 17 11 8 9 14 8 7 11 3 11 14 14 10 10 10 14 10 10 10 17 10 14
split_gain=13402.5 11032.7 5010.95 4848.65 4782.69 3299 3252.96 3191.95 2665.13 2081.08 2051.43 1927.58 1705.88 1656.5 1576.55 1549.76 2113.01 1893.35 1459 2514.9 2341.4 1435.35 1334.17 1325.84 1240.64 4771.03 1678.43 2205.73 2493.49 1503.82
threshold=74.125000000000014 0.18069575726985934 75.875000000000014 -0.56456753611564625 0.0088328653946518915 -0.99940761923789967 -0.15207348018884656 7.5756473541259775 1.8819802999496462 0.31390938162803655 18.875000000000004 79.625000000000014 8.9296331405639666 17.625000000000004 2.7819783687591557 -0.66686570644378651 1.1091465950012209 -0.86548534035682667 0.0074559897184371957 2.9475724697113042 -0.90163370966911305 -0.99166062474250782 0.46514528989791876 3.0015988349914555 -0.59262362122535694 -0.64659911394119252 0.019350802991539243 -14.227000236511229 0.19020386785268786 8.9296331405639666
decision_type=2 2 2 2 2 2 2 2 2 2 2 2 2 2 2 2 2 2 2 2 2 2 2 2 2 2 2 2 2 2
left_child=3 2 15 8 21 7 -5 -6 9 -1 12 24 -3 -8 -15 17 -17 -2 -12 20 -20 23 -23 -4 25 -7 -26 -28 -29 -30
right_child=1 10 4 6 5 11 13 -9 -10 -11 18 -13 -14 14 -16 16 -18 -19 19 -21 -22 22 -24 -25 26 -27 27 28 29 -31
leaf_value=-0.00093067913538691382 -0.006405838966324566 -0.0075454945072303409 -0.043094536658704101 0.016932225314252411 -0.045161006633751603 -0.00029313443124857625 0.012355322379281181 0.0050022434954803156 0.0091108200362088575 -0.027185341972193449 -0.043122118097163757 0.0061417826208984092 -0.063254449376059022 -0.0081486553198800039 0.0063778090509308757 0.0015419101126897367 -0.0099692809927635871 -0.01745308166278248 -0.010147073910229509 -0.045520377994983867 -0.062394893348261399 -0.0073217139804615554 -0.033899647963285456 0.0057109095610917374 0.0049264348408420205 -0.028070793527412194 0.037375324946905292 -0.01255258086417378 0.0038193317603303191 -0.029938056588377095
leaf_weight=92174.702112853527 122494.39437997341 16922.168703168631 4025.8219065666199 86388.36261588335 4704.0445795059204 182212.27965408564 40152.087485432625 3560.8159883618355 49275.167551547289 5087.7383556067944 7314.5991191864014 129929.47854906321 918.03848358988762 17722.508702278137 36673.226670205593 73296.942194163799 39126.001439511776 31129.624192535877 15436.694232463837 5697.1871463358402 1497.1055903732777 32537.429406940937 3322.8970680832863 1139.978350520134 156615.1678326726 10451.316459953785 2180.0489889383316 29189.664460062981 45874.444076001644 2203.3324633836746
leaf_count=32849 62037 15219 4360 15678 4787 75591 8950 1826 13139 6607 14435 39750 1343 7117 7919 33777 20124 19097 14069 8637 3445 17475 3398 584 53195 5726 412 13255 18609 1227
internal_value=-9.41542e-06 -0.00247888 -0.00145551 0.00694155 0.000548111 0.0015026 0.0113216 -0.0235688 0.00153295 -0.0023067 -0.0211919 0.00187393 -0.010446 0.00619386 0.00164436 -0.00603386 -0.0024648 -0.00864539 -0.0275882 -0.0225506 -0.0148004 -0.0126387 -0.00979325 -0.032334 0.000580399 -0.00180135 0.00252427 -0.00221115 -0.00333275 0.00226638
internal_weight=1.24925e+06 921779 873994 327474 607947 566921 180936 8264.86 146538 97262.4 47785.8 558656 17840.2 94547.8 54395.7 266047 112423 153624 29945.6 22631 16933.8 41026.1 35860.3 5165.8 428726 192664 236063 79447.5 77267.4 48077.8
internal_count=524637 432378 375230 92259 240195 214378 39664 6613 52595 39456 57148 207765 16562 23986 15036 135035 53901 81134 40586 26151 17514 25817 20873 4944 168015 81317 86698 33503 33091 19836
is_linear=0
shrinkage=0.04


Tree=46
num_leaves=31
num_cat=0
split_feature=12 9 11 11 10 8 9 10 14 8 10 14 10 10 9 10 7 10 8 6 8 10 11 11 11 11 3 14 2 17
split_gain=12521.8 7418.14 7095.98 3202.04 3950.48 2543.38 4098.95 2738.62 2314.37 2367.47 2079.17 1925.02 2164.12 1848.24 1674.62 1574.42 1855.08 1561.57 2457.33 1400.56 1374.13 1717.58 1778.33 1318.75 1940.97 1485.43 1529.69 1394.58 1309.55 1256.06
threshold=1.132646441459656 73.625000000000014 0.19758678972721103 -0.37645272910594935 -0.96235975623130787 16.875000000000004 76.625000000000014 -0.90529522299766529 3.6176694631576543 18.375000000000004 -0.55028682947158802 1.0000000180025095e-35 -0.90163370966911305 0.48030318319797521 74.125000000000014 -0.98046803474426258 5.8221800327301034 -0.99940761923789967 18.875000000000004 1.2743940353393557 19.375000000000004 -0.87395131587982167 -0.9852197766304015 -0.99628248810768116 -0.99273797869682301 -0.99966478347778309 0.18874283879995349 15.796020507812502 13.282515048980715 17.389239311218265
decision_type=2 2 2 2 2 2 2 2 2 2 2 2 2 2 2 2 2 2 2 2 2 2 2 2 2 2 2 2 2 2
left_child=2 10 13 5 15 14 20 -8 9 -4 29 -11 -13 17 -3 28 -17 18 -1 -19 21 -7 -23 25 27 -21 -27 -25 -5 -2
right_child=1 3 8 4 -6 6 7 -9 -10 11 -12 12 -14 -15 -16 16 -18 19 -20 23 -22 22 -24 24 -26 26 -28 -29 -30 -31
leaf_value=0.0012970083488430784 0.0035700569831062195 0.014860149969951355 -0.0013819521641462624 -0.0077155408393092722 -0.018793296801938177 -0.024029067921117125 0.023713107930684266 0.0036799406208366443 -0.045706186441841323 -0.040962565975652024 0.014156385927843329 -0.01198304140274209 -0.054594024204284816 -0.023607624203548686 -0.0013193691077180141 0.015610690853163243 -0.0058810054088693012 -0.0053879653200450042 -0.03600483902645759 0.0042694810905286734 0.0012012441762685941 -0.016306105934429452 -0.0022718707833078132 0.0097674189999101702 -0.00061426320216049341 -0.00018169535739748544 -0.027955050857424394 0.046207565724754825 0.0060210759974762204 0.019839752645804759
leaf_weight=5475.9757633805275 68177.921175390482 39375.664946496487 10617.732055932283 47703.247113347054 25821.322586327791 7936.6831968426704 11405.290397644043 251001.40152102709 5245.6842327713966 7452.2103360891342 99009.272500038147 16532.617931425571 2147.5347839295864 7277.5330097079277 13827.255006432533 16166.00768044591 10654.221595287323 190139.57726341486 5826.8823384046555 7404.9517185688019 65761.707026481628 17475.907758951187 83129.564909040928 8510.7462474107742 185431.98516690731 4961.6158775091171 8792.35585719347 2086.5129024982452 14463.912037491798 8534.9203721284866
leaf_count=2768 18788 7988 9274 25426 17281 4302 2663 80133 7584 14958 16101 15580 4753 5865 4876 6177 4966 100644 5715 2825 26876 8789 35163 2926 77961 1967 4874 275 5652 1487
internal_value=-9.43202e-06 0.00309249 -0.00518326 0.000990237 -0.00502216 0.00239929 0.00139322 0.00455154 -0.0208684 -0.0173116 0.0103266 -0.023781 -0.0169083 -0.00363621 0.0106557 -0.00102455 0.0070742 -0.00328847 -0.0179478 -0.00288126 -0.00336148 -0.00612573 -0.0047111 -0.000686587 0.000337638 -0.0101713 -0.0179435 0.016979 -0.0045191 0.00538254
internal_weight=1.24835e+06 780444 467904 604722 114809 489913 436711 262407 41995.8 36750.1 175722 26132.4 18680.2 425908 53202.9 88987.4 26820.2 418631 11302.9 407328 174304 108542 100605 217188 196029 21158.9 13754 10597.3 62167.2 76712.8
internal_count=524637 266668 257969 230292 59502 170790 157926 82796 52149 44565 36376 35291 20333 205820 12864 42221 11143 199955 8483 191472 75130 48254 43952 90828 81162 9666 6841 3201 31078 20275
is_linear=0
shrinkage=0.04


Tree=47
num_leaves=31
num_cat=0
split_feature=5 11 9 6 11 8 10 11 10 7 7 10 7 14 11 8 11 11 14 8 10 9 7 11 6 10 3 3 11 11
split_gain=11747.1 9505.2 4301.04 2751.77 2848.41 2436.16 2404.48 2942.55 3847.24 3423.24 2287.81 1863.15 2117.35 2240.54 1822.22 1787.21 1776.32 1774.35 1685.43 1547.18 1541.21 2080.76 1522.45 1335.79 1328.04 1284.39 1211 1176.97 2529.95 2050.75
threshold=23.729766845703129 0.23118848353624347 73.625000000000014 0.43113341927528387 -0.48501108586788172 17.875000000000004 -0.81984052062034596 -0.80543360114097584 -0.64659911394119252 1.5886454582214358 3.5094593763351445 -0.90163370966911305 4.9590618610382089 1.0000000180025095e-35 -0.97696766257286061 17.875000000000004 -0.99375280737876881 -0.9970029592514037 13.932995796203615 20.375000000000004 0.036545658484101302 77.625000000000014 0.15023095905780795 -0.79512035846710194 2.7175552845001225 -0.99275806546211232 0.62388715147972118 0.34392273426055914 0.0096758542931638675 -0.14463099837303159
decision_type=2 2 2 2 2 2 2 2 2 2 2 2 2 2 2 2 2 2 2 2 2 2 2 2 2 2 2 2 2 2
left_child=1 2 -1 -4 6 -3 18 10 9 15 14 12 13 22 16 -9 20 -12 -5 -2 -8 -22 -7 -10 -11 -21 -26 29 -29 -6
right_child=19 5 3 4 27 11 7 8 23 24 17 -13 -14 -15 -16 -17 -18 -19 -20 25 21 -23 -24 -25 26 -27 -28 28 -30 -31
leaf_value=0.0065125723024794637 0.01127517952767172 -0.0033841785552460512 -0.0065364219885473496 0.012229720703510971 0.0043774956087908904 -0.068531544432320637 0.0052459686389256322 -0.019207327697282135 -0.0054391913541457339 -0.016443107796998927 -0.0040434195520873866 -0.042600586012188163 -0.04565947282569767 -0.0099905091065973801 0.00088253956410272395 0.019902478057597428 -0.016363050954487073 0.005230641699073427 -0.013045798792671745 -0.051142361920178278 -0.033507487022398828 0.011238604799679561 -0.01790745787033134 -0.029830064699511612 0.0055762154323337303 0.0020886788571824457 -0.0069727266213538853 -0.01002418586006725 0.004254287285836795 -0.0083339295383918124
leaf_weight=115873.39653789997 146680.9947283864 12066.256877332926 154344.44758948684 40893.184820413589 47988.83985298872 1904.1531627774239 17487.061581015587 2160.9518109560013 5027.510688662529 15541.553484976292 38816.371056854725 7044.0682229101658 4263.4396369159222 20885.360165297985 88672.712744057178 13524.968021988869 24432.590581476688 220334.38193535805 4698.6997654438019 737.67471081018448 4452.326107442379 2643.9465169906616 1907.0245590507984 12622.362335383892 17356.799154520035 24168.28058463335 42205.906539201736 98778.556606709957 24843.160333782434 35188.602259993553
leaf_count=28701 30934 10236 87767 12898 18139 4784 7085 1309 2254 8169 15322 14745 6495 19497 37152 4437 12014 74109 1869 523 2891 778 2923 7256 6073 7504 16649 48397 12278 21449
internal_value=-9.25463e-06 -0.00155932 -0.000746195 -0.0016685 -0.000676784 -0.0189425 0.000825921 3.20181e-05 -0.00580708 -0.00248407 0.00162771 -0.0241543 -0.0196544 -0.0151484 -0.00253884 0.0145058 -0.00872724 0.00384144 0.00962254 0.00971014 -0.00113468 -0.0168435 -0.0433136 -0.0228894 -0.00603394 0.000492167 -0.00331559 -0.00467953 -0.00715466 -0.00100049
internal_weight=1.24755e+06 1.07596e+06 1.02789e+06 912015 757670 48070.3 550871 505279 108440 90790.2 396839 36004 28960 24696.5 137689 15685.9 49015.9 259151 45591.9 171587 24583.3 7096.27 3811.18 17649.9 75104.3 24906 59562.7 206799 123622 83177.4
internal_count=524637 485676 426996 398295 310528 58680 210265 195498 46147 36637 149351 48444 33699 27204 59920 5746 22768 89431 14767 38961 10754 3669 7707 9510 30891 8027 22722 100263 60675 39588
is_linear=0
shrinkage=0.04


Tree=48
num_leaves=31
num_cat=0
split_feature=11 9 8 9 10 10 10 12 9 0 7 11 14 10 3 10 10 7 9 14 10 10 8 14 13 10 4 3 10 10
split_gain=10919.2 9082.68 4265.59 3504.62 3497.84 2371.65 2298.54 1814.84 1748.02 1725.7 1704.88 2072.35 1658.68 1610.25 1592.2 2120.71 1622.5 1397.64 1370.85 1370.51 1346.77 1744 2527.85 1357.02 1536.22 1274 1273.68 1271.86 1811.09 1986.39
threshold=-0.12758953124284741 73.875000000000014 19.125000000000004 78.875000000000014 -0.92923668026924122 -0.88622298836708058 0.30675521492958074 2.6281028985977177 75.625000000000014 9.3494195938110369 0.063096635043621077 0.0096758542931638675 19.738782882690433 0.46514528989791876 2.6512379646301274 -0.93545487523078907 -0.98214942216873158 3.1390343904495244 77.875000000000014 3.9078475236892705 -0.9193688929080962 0.30675521492958074 19.625000000000004 0.55316376686096203 0.045222181826829917 -0.9769422411918639 2.9993653297424321 1.0000000180025095e-35 -0.11798679083585738 -0.36747109889984125
decision_type=2 2 2 2 2 2 2 2 2 2 2 2 2 2 2 2 2 2 2 2 2 2 2 2 2 2 2 2 2 2
left_child=1 9 5 7 10 12 27 8 20 -1 -4 -12 -2 -10 15 26 19 -18 -6 -16 23 22 -22 25 -25 -3 -13 -5 29 -29
right_child=2 3 4 6 18 -7 -8 -9 13 -11 11 14 -14 -15 16 -17 17 -19 -20 -21 21 -23 -24 24 -26 -27 -28 28 -30 -31
leaf_value=0.0040814802163188875 -0.0036432828032358774 -0.015510137453876484 -0.036795800648022972 0.010054438276912497 -0.052288337244038162 -0.045897105854572039 -0.012965948796380942 0.00045513071717074471 -0.0010987407008707533 0.011073932499570562 -0.0215683039253898 -0.019621278655379937 0.019872340312704812 -0.026527791955234924 -0.0094788195348762278 0.032014946571623806 0.0099306571084451963 -0.042505354612686785 -0.022164910574585375 0.021941523054857904 -0.015492266070492299 0.001432872717659465 -0.00097416695640633309 0.023007008883824613 -0.012155469391763245 0.021290516401519292 -0.0028719667077353804 0.0020240939118829492 -0.0083163057251432176 0.014667773605399592
leaf_weight=91980.475437343121 81320.905573934317 1898.8934846520424 4472.2168024778366 58929.723303556442 5238.6902238726616 2029.4771047234535 11867.506384074688 281826.77402871847 209786.14855760336 146339.01266479492 21673.310915619135 20484.422228217125 5090.2622776925564 4051.4739861488342 3175.1491847634315 1703.1160911917686 1435.8160063922405 1856.4670146107674 4526.5201568603516 7346.2824530601501 68169.602123022079 20601.305648088455 26706.961876749992 2378.8083899021149 11849.303523540497 7136.5374056100845 11258.700558394194 86459.523631691933 19347.336202740669 25809.342217683792
leaf_count=24981 49347 1056 6322 16856 10873 4669 7130 108531 91146 26669 15717 18587 1368 3754 1880 1009 1086 2903 7387 2458 41597 10218 12431 772 6118 2254 7458 26969 7057 6034
internal_value=-9.20213e-06 0.00148639 -0.00937858 -0.000475634 -0.0158811 -0.00326242 0.00410701 -0.00193782 -0.00385053 0.00837545 -0.0128856 -0.0113293 -0.0022559 -0.00158175 -0.00663011 -0.0113475 0.00479174 -0.0196764 -0.038362 0.0124595 -0.00734695 -0.00911568 -0.0114061 0.00143297 -0.0062646 0.0135479 -0.0136834 0.00517097 0.00298385 0.00493178
internal_weight=1.24675e+06 1.07514e+06 171611 836819 83170.7 88440.6 202413 634406 352579 238319 73405.5 68933.3 86411.2 213838 47260 33446.2 13813.7 3292.28 9765.21 10521.4 138741 115478 94876.6 23263.5 14228.1 9035.43 31743.1 190546 131616 112269
internal_count=524637 393573 131064 341923 75680 55384 64046 277877 169346 51650 57420 51098 50715 94900 35381 27054 8327 3989 18260 4338 74446 64246 54028 10200 6890 3310 26045 56916 40060 33003
is_linear=0
shrinkage=0.04


Tree=49
num_leaves=31
num_cat=0
split_feature=9 11 9 13 10 10 10 7 17 7 10 7 11 9 8 9 8 10 3 11 10 7 8 14 10 13 11 10 10 10
split_gain=10212.2 8471.06 4079.57 4002.79 3930.84 2828.98 2713.26 3028.05 2202.7 1803.74 2157.12 2026.45 1661.1 1621 1495.02 1467.89 1462.21 1430.36 1907.07 1700.65 1329.45 1293.21 1250.08 1227.75 1164.11 1514.76 1141.36 1397.53 1423.34 1131.02
threshold=74.125000000000014 0.18069575726985934 75.875000000000014 0.0088328653946518915 -0.56456753611564625 -0.15207348018884656 -0.99940761923789967 6.8523275852203378 1.8819802999496462 4.7901563644409189 -0.88622298836708058 1.0000000180025095e-35 0.33019435405731207 79.625000000000014 17.625000000000004 78.375000000000014 20.375000000000004 -0.74512827396392811 1.1091465950012209 -0.86548534035682667 -0.99166062474250782 2.7819783687591557 17.625000000000004 3.0015988349914555 -0.7785360813140868 6.1257791519165048 -0.96687281131744374 1.0000000180025095e-35 0.088045001029968276 0.46514528989791876
decision_type=2 2 2 2 2 2 2 2 2 2 2 2 2 2 2 2 2 2 2 2 2 2 2 2 2 2 2 2 2 2
left_child=4 2 17 20 8 -6 7 -5 12 10 11 -3 -1 -8 -7 -12 -13 18 24 26 23 -16 -11 -4 25 -2 27 -19 -29 -22
right_child=1 9 3 6 5 14 13 -9 -10 22 15 16 -14 -15 21 -17 -18 19 -20 -21 29 -23 -24 -25 -26 -27 -28 28 -30 -31
leaf_value=-0.0011387250538261904 -0.0036979618149130572 -0.03888260394404304 -0.041180346582623407 -0.0463070140598743 0.015265818473088022 0.011098016398879102 0.00055358518362570719 0.0024611409852267016 0.0080908562611035663 -0.0072927619040595859 -0.064261490866739199 -0.0045459962526028415 -0.025886691031223232 0.0056574323394039975 -0.007959128964462046 -0.0099140852276340483 -0.024389435404416213 -0.0041700311738804728 -0.0091210743592768997 -0.016291027790009644 -0.0065685270530969073 0.0052041503975706459 -0.0477883347021767 0.005921779555296906 0.017319274900680214 0.0096122988039514072 -0.0021903271564208157 -0.031472304904143364 -0.010821304817897724 -0.031225650958707496
leaf_weight=92563.26498362422 46879.59964299202 4169.5920743048191 3952.9645979404449 3995.7098248004913 85988.938023924828 40041.581174254417 428177.62368011475 4143.0810768604279 49170.922479212284 1613.2414274811745 2289.8587907552719 24844.175479501486 4542.9872202277184 129722.77995836735 17710.723503172398 1221.7314518094063 7801.8129161596298 30872.643160045147 39012.156520962715 30994.419780910015 32494.641641080379 36606.712686240673 5041.191024929285 1137.1781503558159 7007.2226141691208 19305.433002173901 65302.307397842407 7480.066975235939 18673.354266405106 3268.1027790307999
leaf_count=33295 24446 7515 4360 4344 15678 8950 168015 2269 13139 1425 6520 21639 6161 39750 7117 2127 9827 15255 20124 19097 17475 7919 8095 584 2319 7012 31527 5085 10170 3398
internal_value=-9.04653e-06 -0.00216744 -0.00127633 0.000532953 0.00606638 0.0100182 0.00140575 -0.0215089 0.00119381 -0.0187109 -0.0155199 -0.012655 -0.00229907 0.00174041 0.00523488 -0.0454351 -0.00929424 -0.00541152 -0.00197943 -0.00792289 -0.0115575 0.000911461 -0.0379966 -0.0306664 0.00182785 0.000185358 -0.00580149 -0.00993564 -0.0167374 -0.00882987
internal_weight=1.24603e+06 919401 872419 606892 326625 180348 566039 8138.79 146277 46981.6 40327.2 36815.6 97106.3 557900 94359 3511.59 32646 265527 112204 153323 40852.9 54317.4 6654.43 5090.14 73192.3 66185 122328 57026.1 26153.4 35762.7
internal_count=524637 432378 375230 240195 92259 39664 214378 6613 52595 57148 47628 38981 39456 207765 23986 8647 31466 135035 53901 81134 25817 15036 9520 4944 33777 31458 62037 30510 15255 20873
is_linear=0
shrinkage=0.04


Tree=50
num_leaves=31
num_cat=0
split_feature=2 11 5 7 10 11 10 11 10 11 10 10 8 4 9 7 11 3 11 8 11 7 9 9 11 8 8 10 10 13
split_gain=9587.27 6031.3 4012.21 2416.89 2490.57 1985.38 1868.06 1841 2617.87 2756.18 2595.94 1935.36 3105.66 2415.11 2055.92 1709.88 2227.14 1655.64 3101.01 2786.3 2292.71 1666.69 1604 1599.16 1555.8 1527.67 1508.48 1396.44 1779.03 1758.08
threshold=4.6176977157592782 0.078402601182460799 29.998356819152836 0.063096635043621077 -0.88622298836708058 0.26451654732227331 -0.99940761923789967 -0.90892156958580006 -0.64659911394119252 -0.79512035846710194 -0.35141934454441065 -0.53584328293800343 19.875000000000004 0.10778025910258295 74.125000000000014 3.5094593763351445 -0.9970029592514037 1.0526102185249331 -0.12758953124284741 18.375000000000004 0.026874557137489322 3.1390343904495244 79.625000000000014 73.625000000000014 -0.97696766257286061 19.875000000000004 19.125000000000004 -0.13505011796951291 -0.083760455250740037 1.0931919217109682
decision_type=2 2 2 2 2 2 2 2 2 2 2 2 2 2 2 2 2 2 2 2 2 2 2 2 2 2 2 2 2 2
left_child=1 7 5 -3 -5 6 -2 10 17 11 25 12 14 -14 -10 24 -17 18 -9 -20 -19 -21 -16 -8 27 -1 -13 -12 29 -29
right_child=2 3 -4 4 -6 -7 23 8 9 -11 15 26 13 -15 22 16 -18 20 19 21 -22 -23 -24 -25 -26 -27 -28 28 -30 -31
leaf_value=0.0029263356179934632 -0.022707472909293053 -0.032769702001785944 0.010850017365386084 -0.0093297457080080155 -0.049831658413755087 -0.025606085029105767 0.0080941554025093961 0.003700248263132205 0.019055610560940951 -0.029025127527024512 -0.021659569597589849 -0.0038815811124136073 0.040311145179120211 0.0040718121726522685 -0.028435079712568513 -0.0062276132387848642 0.0065075713363034306 -0.0063012896730055487 0.0061947107546731104 -0.037755038526480308 0.014001095550607698 -0.011082206675919271 0.020101366026528279 0.0015939036811654411 8.1020197948034991e-05 0.023151998552193895 -0.016423334697136586 0.020398277852775388 -0.0091122296235781851 -0.01895459088000848
leaf_weight=11556.768196880817 4585.6633474230766 9077.0678839385509 115882.059381634 66287.204532235861 2512.3910367488861 4015.8089559972286 76583.164442718029 131150.0592212081 2529.6713490486145 9979.7719615697861 10207.663263976574 28414.649100720882 4260.5001979470253 9469.44222676754 7797.1962648630142 29384.318651556969 87005.668549418449 122216.37849971652 8730.1621867418289 6362.3698319494724 9589.2714930176735 9132.9552105367184 1258.7546012401581 289233.00906336308 93154.055181860924 12368.537626862526 33367.850217223167 6993.3741921186447 39760.380230486393 2443.6642010807991
leaf_count=4659 3058 15250 23791 56241 6425 4950 16174 52640 655 6214 5821 14408 831 3432 5268 11972 28697 54570 3834 6139 3497 6032 293 104122 39979 3105 19343 2420 19520 1297
internal_value=-9.03641e-06 -0.00283731 0.00434618 -0.0133786 -0.0108158 0.002333 0.0026366 -0.00162479 -0.00344562 -0.00912385 0.000764227 -0.00684047 0.00247369 0.0153383 -0.012772 -0.000359185 0.00329213 -0.00152591 0.00127138 -0.0118739 -0.00482328 -0.0220513 -0.0216739 0.00295491 -0.00314487 0.0133876 -0.0106568 -0.00820261 -0.00540667 0.0101988
internal_weight=1.24531e+06 755010 490300 77876.7 68799.6 374418 370402 677133 384259 97077.8 292874 87098.1 25315.6 13729.9 11585.6 268949 116390 287181 155376 24225.5 131806 15495.3 9055.95 365816 152559 23925.3 61782.5 59405.1 49197.4 9437.04
internal_count=524637 372542 152095 77916 62666 128304 123354 294626 177156 50444 117470 44230 10479 4263 6216 109706 40669 126712 68645 16005 58067 12171 5561 120296 69037 7764 33751 29058 23237 3717
is_linear=0
shrinkage=0.04


Tree=51
num_leaves=31
num_cat=0
split_feature=12 9 11 11 8 9 8 14 10 11 11 7 10 10 11 10 14 10 8 11 11 11 3 10 10 4 9 7 10 3
split_gain=8993.13 5250.67 4977.15 2484.55 2247.39 3042.59 1879.36 1701.14 1663.89 1623.22 2567.38 1599.93 1551.29 1388.97 1290.07 1590.65 1256.35 1254.69 2176.76 1257.69 2896.65 1374.07 1457.09 1253.88 1834.74 1694.25 1380.19 1320.36 1267.12 1247.72
threshold=1.132646441459656 73.625000000000014 0.18069575726985934 0.26451654732227331 16.875000000000004 76.625000000000014 18.375000000000004 3.4438318014144902 -0.55028682947158802 -0.37645272910594935 -0.42373907566070551 9.7235374450683612 0.48030318319797521 -0.60639065504074086 1.0000000180025095e-35 -0.97113886475563038 3.7313086986541752 -0.99940761923789967 18.875000000000004 -0.99628248810768116 -0.99375280737876881 -0.99966478347778309 1.0000000180025095e-35 -0.92923668026924122 -0.93545487523078907 1.0000000180025095e-35 78.375000000000014 3.1390343904495244 -0.91597726941108693 21.911080360412601
decision_type=2 2 2 2 2 2 2 2 2 2 2 2 2 2 2 2 2 2 2 2 2 2 2 2 2 2 2 2 2 2
left_child=2 8 12 4 13 11 7 -4 29 10 -7 -6 17 -3 -11 -16 -5 18 -1 21 -21 -19 -23 24 27 -26 -25 -8 -28 -2
right_child=1 3 6 16 5 9 23 -9 -10 14 -12 -13 -14 -15 15 -17 -18 19 -20 20 -22 22 -24 26 25 -27 28 -29 -30 -31
leaf_value=0.0020577900848504525 0.0076614659770138311 0.00075810687364827431 0.0021358555008820865 -0.0097493112055889748 -0.0017070978959560033 0.003236963617787848 -0.015673886794288123 -0.032722295764017778 0.012155070015547456 -0.0077669793113297409 0.022681834037990126 -0.010584629380517071 -0.021452288787755208 0.01295440585477454 0.011297897845400435 -0.055466829626509132 -0.045756163572357088 0.0015244619708700566 -0.033270713882068245 0.016410480167489364 -0.0024075285565393783 -0.0049633236387510568 -0.025886263018143195 -0.043112110258454413 0.032418816875186905 -0.047095174269632487 -0.066412249892230019 -0.044009277111651687 -0.0031393774725617211 -0.0034459722195729387
leaf_weight=5466.050385415554 53372.064323693514 24293.057724356651 11035.210835754871 4032.8639257252216 185700.95803102851 250699.30930560827 13327.605160474777 2800.1783916056156 98561.119886636734 35419.86524489522 11346.84720158577 39359.046605706215 7205.8369919657707 38801.35407269001 10710.54848331213 593.22126883268356 2516.3067111074924 11029.497434258461 5688.4769347310066 13575.435801386833 357390.21830636263 10232.589880347252 11108.255130410194 7560.0010811090469 1978.5303528606892 537.213986068964 593.99140807986259 3276.5878029465675 3141.5252524018288 23212.374639123678
leaf_count=2768 14039 8164 9373 3984 84016 80133 14160 3077 16101 16639 2663 16253 5865 8582 4984 895 3979 4695 5715 4481 168790 4870 6334 15108 1272 911 1228 4778 4544 6236
internal_value=-8.84205e-06 0.00262149 -0.00440421 0.000851835 0.00112086 0.000277003 -0.0171648 -0.00493771 0.00871854 0.00285514 0.00407978 -0.00326002 -0.0030648 0.00825936 -0.00401257 0.00774816 -0.0236324 -0.00274463 -0.0159724 -0.00237842 -0.00171846 -0.00993869 -0.0158611 -0.0227232 -0.0164662 0.0153201 -0.0332904 -0.0212886 -0.013351 0.00429484
internal_weight=1.24457e+06 778619 465947 603473 596924 533830 44250.8 13835.4 175146 308770 262046 225060 421696 63094.4 46723.6 11303.8 6549.17 414491 11154.5 403336 370966 32370.3 21340.8 30415.5 19119.9 2515.74 11295.5 16604.2 3735.52 76584.4
internal_count=524637 266668 257969 230292 222329 205583 54451 12450 36376 105314 82796 100269 203518 16746 22518 5879 7963 197653 8483 189170 173271 15899 11204 42001 21121 2183 20880 18938 5772 20275
is_linear=0
shrinkage=0.04


Tree=52
num_leaves=31
num_cat=0
split_feature=2 11 5 10 10 11 11 11 10 10 11 14 9 10 3 10 9 9 3 8 13 10 8 3 10 10 9 17 10 8
split_gain=8464.09 5198.23 3893.46 2358.86 2349.73 2147.07 2401.65 1853.8 1645.24 1471.99 1443.27 1824.61 1438.57 1312.63 1372.19 1294.37 1250.77 1705.57 1145.96 1424.06 1144.51 2136.86 1138.99 1235.1 1868.13 1147.22 1122.98 1627.76 1458.12 1118.37
threshold=3.0287332534790044 0.3624663800001145 29.998356819152836 -0.59262362122535694 -0.65962448716163624 -0.12758953124284741 -0.024725049734115597 0.078402601182460799 0.48030318319797521 -0.01505099539645016 0.26451654732227331 4.1513817310333261 74.875000000000014 -0.99940761923789967 0.8846939504146577 -0.86976337432861317 73.625000000000014 75.625000000000014 1.0000000180025095e-35 18.375000000000004 1.0000000180025095e-35 -0.98664820194244374 16.125000000000004 0.10747016593813898 -0.93843427300453175 0.12225609645247461 73.875000000000014 -12.588575839996336 0.25725142657756811 19.125000000000004
decision_type=2 2 2 2 2 2 2 2 2 2 2 2 2 2 2 2 2 2 2 2 2 2 2 2 2 2 2 2 2 2
left_child=1 5 3 4 10 8 -7 18 16 -5 13 12 -12 -2 -15 -3 -1 22 19 -8 21 -19 -18 24 -24 29 -11 -28 -29 -26
right_child=2 15 -4 9 -6 6 7 -9 -10 26 11 -13 -14 14 -16 -17 17 20 -20 -21 -22 -23 23 -25 25 -27 27 28 -30 -31
leaf_value=0.0058915834598834227 -0.018507285678219704 -0.02098783053610399 0.010118814979822473 0.0068417175253023777 -0.016926602027530272 -0.021399197194996455 0.012525764339634678 -0.0092784596290610144 -0.019946025751770992 0.007720935629086067 0.025720450722640613 -0.045098527327187429 -0.035844409912337609 0.0056076511906009855 -0.0015306239464603034 -0.061432419551512671 0.012145114815096154 0.044826703447969747 0.0087345135129879171 -0.018733281958698351 0.00068802495096264226 -0.0094030588953473004 0.011391127823059413 -0.0090492327950053488 -0.013144231657154703 0.0015425690029650233 0.031603894814234812 -0.009891721429519152 0.005300102820233658 -0.00054162134324183344
leaf_weight=37303.423375368118 5595.8160889744759 16857.820102334023 117868.47208604217 159732.71946543455 14069.431526660919 17099.253550767899 3581.9770714640617 55919.366026997566 7569.1856777667999 20349.947037339211 1614.366707354784 2522.1509976685047 959.90778857469559 68851.83231651783 115108.08775243163 1362.9386985301971 6078.8323699831963 1199.2697417140007 19589.843000799417 6641.8191874623299 312859.03031688929 30219.020285189152 13619.642267823219 81183.564062952995 30324.834824502468 29560.465778648853 2017.6989423036575 31452.478185653687 14886.27561712265 17924.494001746178
leaf_count=9398 3669 25091 24330 45714 6106 12175 1412 46361 6072 3955 857 3931 1362 26208 41434 3928 1677 219 8885 5300 122255 16858 5049 42244 17919 13819 406 13878 5585 8540
internal_value=-8.76323e-06 -0.0029704 0.00366717 0.00192747 -0.00114644 -0.00239749 -0.00771556 -0.00498421 -0.00143431 0.00473597 -5.0365e-06 -0.0209898 0.00271398 0.000560239 0.00114122 -0.0240452 -0.00118387 -0.00168866 0.00307062 -0.00777992 -4.29176e-05 -0.00731945 -0.00485927 -0.00545877 -0.00227003 -0.0046624 -0.000159864 -0.00347727 -0.00501127 -0.00846348
internal_weight=1.24392e+06 688895 555029 437161 208722 670674 102832 85733 567842 228439 194652 5096.43 2574.27 189556 183960 18220.8 560273 522969 29813.6 10223.8 344277 31418.3 178692 172613 91429.4 77809.8 68706.4 48356.5 46338.8 48249.3
internal_count=524637 347202 177435 153105 83567 318183 74133 61958 244050 69538 77461 6150 2219 71311 67642 29019 237978 228580 15597 6712 139332 17077 89248 87571 45327 40278 23824 19869 19463 26459
is_linear=0
shrinkage=0.04


Tree=53
num_leaves=31
num_cat=0
split_feature=9 11 9 13 10 10 10 7 17 7 10 8 9 9 8 11 10 3 8 10 8 10 10 10 14 8 7 9 10 11
split_gain=8085.96 6386.29 3421.09 3302.89 3056.54 2463.35 2254.13 2864.31 1804.67 1710.32 1873.18 1839 1465.97 1412.91 1337.9 1309.24 1298.92 1702.2 1545.44 2296.37 1801.34 1279.66 1416.2 1226.98 1427.37 1198.36 1051.74 1041.98 1051.15 1024.47
threshold=74.125000000000014 0.18069575726985934 75.875000000000014 1.0000000180025095e-35 -0.56456753611564625 -0.15207348018884656 -0.99940761923789967 6.8523275852203378 1.8819802999496462 4.7901563644409189 -0.88622298836708058 20.125000000000004 78.375000000000014 79.625000000000014 17.625000000000004 0.33019435405731207 -0.74512827396392811 4.1679503917694101 19.875000000000004 0.25725142657756811 16.125000000000004 -0.92923668026924122 -0.93545487523078907 -0.99275806546211232 3.0015988349914555 17.625000000000004 2.0763159990310673 75.375000000000014 -0.55028682947158802 -0.90892156958580006
decision_type=2 2 2 2 2 2 2 2 2 2 2 2 2 2 2 2 2 2 2 2 2 2 2 2 2 2 2 2 2 2
left_child=4 2 16 23 8 -6 7 -5 15 10 11 -3 -12 29 -7 -1 17 -2 19 20 -18 22 -13 24 -4 -11 -16 28 -22 -8
right_child=1 9 3 6 5 14 13 -9 -10 25 12 21 -14 -15 26 -17 18 -19 -20 -21 27 -23 -24 -25 -26 -27 -28 -29 -30 -31
leaf_value=-0.0010361104748761712 0.00088983188639598547 -0.0043651457783870562 -0.046695006865700418 -0.044251060407980915 0.013802371824749599 0.0099827324200591327 0.0027222064245768915 0.0034464111504758734 0.0073528186608875232 -0.0054386161770925501 -0.061762407826948362 -0.022047127729955505 -0.0066629700165570724 0.0052156368302906366 -0.0084961994804764445 -0.023176985977547009 0.010775019367158649 -0.011139011035824358 -0.00097478474111590142 0.00070065505283176263 -0.028529146384809075 -0.044909184532410017 0.02379612707854813 -0.0084880873838087643 0.0078825272730057589 -0.045290673182106521 0.003847966117909388 -0.0073160786871693728 -0.014728220519712074 -0.0012254817526066743
leaf_weight=92493.911054611206 88117.203553676605 24483.643544316292 2862.2460135817528 3909.7176556885242 85664.712285220623 39953.946148335934 183289.76099526882 4141.4443911314011 49089.279848635197 1607.1931886672974 2135.0524283051491 7530.9320285320282 1211.6395228207111 130000.73805660009 15421.850026786327 4470.2263177037239 4779.9709968566895 23925.253547608852 43548.63262963295 25232.597951829433 10974.725459754467 3242.6413012444973 1249.6156740784645 34019.27402985096 1042.3390026092529 4878.25495621562 38823.963803470135 23026.389761507511 45426.305753946304 246782.52738308907
leaf_count=33295 41150 22328 3355 4377 15678 8950 66594 2280 13139 1425 6520 9361 2127 39977 6387 6161 1152 12751 20104 12070 8235 6327 965 20495 524 8095 8649 12672 26901 102593
internal_value=-8.54487e-06 -0.00193121 -0.00116137 0.00049635 0.0054034 0.00889389 0.00125936 -0.0197421 0.00110456 -0.0163992 -0.0132928 -0.0106601 -0.0418934 0.00156161 0.00442915 -0.00205913 -0.00495197 -0.00167954 -0.00734829 -0.00988413 -0.0130556 -0.0234647 -0.0155032 -0.0109313 -0.0321425 -0.0354383 0.000337654 -0.0144909 -0.0174182 0.000456982
internal_weight=1.24334e+06 917418 871079 606048 325918 179864 568124 8051.16 146053 46339 39853.5 36506.8 3346.69 560073 94199.8 96964.1 265031 112042 152989 109440 84207.4 12023.2 8780.55 37923.9 3904.59 6485.45 54245.8 79427.4 56401 430072
internal_count=524637 432378 375230 240195 92259 39664 215821 6657 52595 57148 47628 38981 8647 209164 23986 39456 135035 53901 81134 61030 48960 16653 10326 24374 3879 9520 15036 47808 35136 169187
is_linear=0
shrinkage=0.04


Tree=54
num_leaves=31
num_cat=0
split_feature=9 11 9 13 10 10 10 7 17 7 10 7 9 9 8 8 11 10 3 8 10 8 10 14 8 9 10 10 10 14
split_gain=7456.95 5916.98 3154.84 3053.58 2820.5 2275.62 2049.36 2690.21 1663.81 1606.47 1773.36 1755.26 1414.08 1312.93 1302.98 1239.43 1211.55 1199.16 1570.12 1427.64 2121.88 1663.08 1174.93 1278.76 1133.66 1126.62 1187.93 1004.3 3337.13 1326.27
threshold=74.125000000000014 0.18069575726985934 75.875000000000014 0.0088328653946518915 -0.56456753611564625 -0.15207348018884656 -0.99940761923789967 7.5756473541259775 1.8819802999496462 4.7901563644409189 -0.88622298836708058 1.0000000180025095e-35 78.375000000000014 79.625000000000014 20.625000000000004 18.125000000000004 0.33019435405731207 -0.74512827396392811 4.1679503917694101 19.875000000000004 0.25725142657756811 16.125000000000004 -0.99275806546211232 3.0015988349914555 17.625000000000004 73.375000000000014 0.40318277478218084 -0.7996615171432494 -0.86546283960342396 3.7313086986541752
decision_type=2 2 2 2 2 2 2 2 2 2 2 2 2 2 2 2 2 2 2 2 2 2 2 2 2 2 2 2 2 2
left_child=4 2 17 22 8 -6 7 -5 16 10 11 -3 -12 -8 -13 -7 27 18 -2 20 21 -19 23 -4 -11 26 -17 28 29 -1
right_child=1 9 3 6 5 15 13 -9 -10 24 12 14 -14 -15 -16 25 -18 19 -20 -21 -22 -23 -24 -25 -26 -27 -28 -29 -30 -31
leaf_value=0.0055573973283073955 0.00085424685101845419 -0.035062131703495161 -0.043937863967768685 -0.039665548311298773 0.013266145415996916 0.0084965671757168144 0.00045725843952333986 0.0070553762016236782 0.0070611530949016487 -0.0052233832044490279 -0.060752293423802652 -0.0033164438377625929 -0.0064004098414732636 0.0050532086356910614 -0.023953750762500465 0.0066260333328251328 -0.022326976369129378 0.010352434934015496 -0.010701940501538559 -0.00093580781854445377 0.00067264203847943013 -0.013933638420997638 -0.0078208056069269082 0.0058641806046264332 -0.044047691673512794 -0.0090591345856254387 -0.02525269399371604 -0.0077324549616559273 0.019527220958070159 -0.0075609109734877927
leaf_weight=19202.03217998147 88116.776191651821 4046.4419974982738 3000.4839221537113 4422.9758561253548 85564.742051541805 50760.138618528843 427759.57623487711 3547.1432752609253 49073.020916908979 1606.9001642465591 2084.9217405021191 26389.514661729336 1211.3072739541531 129568.25178098679 6001.0094612836838 25199.307835936546 4455.4845525622368 4776.5645943880081 23907.063102483749 43548.379107534885 25232.522036373615 79304.735352873802 36482.949263632298 1133.3118844628334 4816.8316586315632 16195.190641760826 2010.384206533432 25590.252391755581 13279.485794425011 34421.532446831465
leaf_count=8299 41150 7515 3507 4787 15678 11814 168015 1826 13139 1425 6520 23568 2127 39750 7898 5049 6161 1152 12751 20104 12070 47808 21727 583 8095 6086 1037 8285 2990 13721
internal_value=-8.51751e-06 -0.00185534 -0.00111549 0.000476419 0.00519 0.00854475 0.00123764 -0.0188894 0.00106053 -0.0158103 -0.0128036 -0.0102551 -0.0408587 0.0015258 -0.00714614 0.00425362 -0.00197725 -0.00475677 -0.0016127 -0.00706063 -0.00950032 -0.0125529 -0.0101158 -0.030303 -0.034359 -0.000709145 0.00426227 -0.000994677 0.00158328 -0.00286322
internal_weight=1.24271e+06 916958 870801 605915 325752 179730 565298 7970.12 146022 46156.9 39733.2 36437 3296.23 557328 32390.5 94165 96948.8 264886 112024 152862 109314 84081.3 40616.7 4133.8 6423.73 43404.9 27209.7 92493.3 66903.1 53623.6
internal_count=524637 432378 375230 240195 92259 39664 214378 6613 52595 57148 47628 38981 8647 207765 31466 23986 39456 135035 53901 81134 61030 48960 25817 4090 9520 12172 6086 33295 25010 22020
is_linear=0
shrinkage=0.04


Tree=55
num_leaves=31
num_cat=0
split_feature=2 11 1 14 9 10 11 10 10 11 10 8 4 9 9 3 11 8 11 7 11 10 8 17 7 11 8 12 11 10
split_gain=6917.65 4207.3 2946.41 2094.63 1638.94 1613.36 1529.61 2399.87 2331.18 2551.46 1727.16 2776.19 2278.1 1815.89 1578.54 1514.14 2585.8 2366.89 2107.12 1568.79 1415.67 1428.37 1413.97 1411.61 1403.7 2065.61 1353.97 1367.79 1289.97 1268.73
threshold=4.6176977157592782 0.078402601182460799 24.211740493774418 1.0000000180025095e-35 73.625000000000014 -0.8940606117248534 -0.90892156958580006 -0.35141934454441065 -0.64659911394119252 -0.79512035846710194 -0.53584328293800343 19.875000000000004 0.10778025910258295 74.375000000000014 79.625000000000014 1.0526102185249331 -0.12758953124284741 18.375000000000004 -0.024725049734115597 3.1390343904495244 0.26451654732227331 -0.99940761923789967 19.125000000000004 -2.7586370706558223 3.892741441726685 -0.9970029592514037 19.875000000000004 8.2573485374450701 -0.97696766257286061 -0.13505011796951291
decision_type=2 2 2 2 2 2 2 2 2 2 2 2 2 2 2 2 2 2 2 2 2 2 2 2 2 2 2 2 2 2
left_child=1 6 4 -3 -2 23 7 26 15 10 11 13 -13 -10 -15 16 -8 -18 -17 -19 21 -6 -12 -5 28 -26 -1 -28 29 -9
right_child=2 3 -4 5 20 -7 8 24 9 -11 22 12 -14 14 -16 18 17 19 -20 -21 -22 -23 -24 -25 25 -27 27 -29 -30 -31
leaf_value=0.003077560110768146 0.006947888626486539 -0.027450265363946943 0.0085251215491831053 -0.022917436573451702 -0.025491321446947244 -0.036253318620287182 0.0036335820029269662 -0.019375311142005011 0.01245947422444384 -0.027669896143469472 -0.0032855922396821729 0.039155295419149229 0.0038407014827287651 -0.029852308648017627 0.01886848566490754 -0.006312871394359521 0.0059958034303925368 -0.035559251071638265 0.0090569036948991242 -0.0094862138612821275 -0.028490271645668943 0.00087326086151460515 -0.015443287981234254 -0.0048867997106400683 -0.0062859221255012997 0.0064887072879751444 0.030165198283462411 2.4027151862056003e-05 0.00027663789492605718 -0.0044872597001861889
leaf_weight=11541.737596571445 74667.016411155462 10969.128802597523 142973.72107884288 7944.5023472011089 3319.1206320524216 3197.8421110510826 131064.18211019039 11017.749175667763 3427.5341567397118 9897.0767623186111 28365.743593215942 4220.3539723753929 9463.376208782196 6809.5842679738998 1253.6462894678116 115314.60043957829 8713.8346525430679 6226.9322883188725 16278.280464321375 9075.9504077732563 2703.5257550776005 265592.07967302203 33251.351403594017 54952.562905728817 27127.314582943916 79822.06836181879 9040.1944189071655 3282.6600847244263 96495.652858734131 54089.823145329952
leaf_count=4659 16376 19569 32548 8574 2539 7507 52640 6197 1138 6214 14408 831 3432 4785 293 50886 3834 6139 7181 6032 3903 96729 19343 42266 11033 25901 2094 1011 41248 25327
internal_value=-8.43623e-06 -0.00241487 0.00369445 -0.0112692 0.00169977 -0.00858004 -0.001405 0.000773957 -0.00306702 -0.00843761 -0.00624157 0.00258563 0.0147531 -0.0119042 -0.0222634 -0.00125541 0.00142241 -0.0106409 -0.00441106 -0.0201119 0.000256851 0.000546912 -0.00984787 -0.00716752 -0.000306465 0.00324819 0.0129272 0.0221425 -0.002659 -0.00700926
internal_weight=1.2421e+06 752844 489255 77064 346282 66094.9 675780 292417 383362 96688.7 86791.6 25174.5 13683.7 11490.8 8063.23 286674 155081 24016.7 131593 15302.9 271615 268911 61617.1 62897.1 268553 106949 23864.6 12322.9 161603 65107.6
internal_count=524637 372542 152095 77916 119547 58347 294626 117470 177156 50444 44230 10479 4263 6216 5078 126712 68645 16005 58067 12171 103171 99268 33751 50840 109706 36934 7764 3105 72772 31524
is_linear=0
shrinkage=0.04


Tree=56
num_leaves=31
num_cat=0
split_feature=9 11 9 13 10 10 10 7 14 8 17 14 10 14 9 8 10 3 11 11 10 10 10 10 14 11 10 13 4 7
split_gain=6535.34 5137.42 2866.41 2717.84 2516.45 2048.74 1874.64 2526.61 1563.54 1784.26 1468.77 1253.64 2025.97 1738.19 1185.67 1150.61 1082.08 1439.56 1346.69 1155.77 1095.55 1096.3 1110.3 1074.42 1242.88 1054.23 1018.41 1268.34 1256.43 1015.01
threshold=74.125000000000014 0.18069575726985934 75.875000000000014 1.0000000180025095e-35 -0.56456753611564625 -0.15207348018884656 -0.99940761923789967 6.8523275852203378 6.6159782409667978 18.875000000000004 1.8819802999496462 0.0074559897184371957 -0.90163370966911305 1.0283167958259585 79.625000000000014 16.875000000000004 -0.74512827396392811 1.6587681770324709 -0.86548534035682667 0.16375125199556353 -0.93235439062118519 -0.9193688929080962 -0.87395131587982167 -0.99275806546211232 3.0015988349914555 0.31390938162803655 -0.7785360813140868 6.1257791519165048 5.7525405883789071 4.8456995487213144
decision_type=2 2 2 2 2 2 2 2 2 2 2 2 2 2 2 2 2 2 2 2 2 2 2 2 2 2 2 2 2 2
left_child=4 2 16 23 10 -6 7 -5 9 -3 25 -11 13 -13 -8 -7 17 26 -18 20 29 -22 -23 24 -4 -1 27 -2 -28 -19
right_child=1 8 3 6 5 15 14 -9 -10 11 -12 12 -14 -15 -16 -17 18 19 -20 -21 21 22 -24 -25 -26 -27 28 -29 -30 -31
leaf_value=-0.00093360301691704586 -0.0034384971695903617 -0.0019753085180358463 -0.043933702384157829 -0.041609537193782166 0.012516321311699597 0.011462604627642545 0.0004211046962875105 0.0035211181523046625 -0.039579313329026075 -0.033929271779328703 0.0065982422472616546 -0.00055869314120393458 -0.058039120448878156 -0.026162843665229054 0.0047816182887164081 0.0013522012865476599 -0.0048267394139584821 -0.0042544631243618992 -0.014197870278139953 0.041542663944877052 0.019836179178629326 -0.022857161674508276 0.0020473698343363754 -0.0076517838586775411 0.0072296037415763284 -0.019975228661557699 0.020793414007820414 0.0083841022846615695 -0.039578896614106171 -0.023474609126425836
leaf_weight=91962.600873351097 49479.444848895073 15856.265368074179 2778.2996763885021 3804.2391501069069 85424.827328145504 24259.716258645058 429855.4030944109 4135.1222698092461 3728.404325067997 6675.7723394334316 49044.109466195107 11361.549533575773 1521.8186881095171 6760.5280872285366 129920.66956454515 69837.855762124062 121982.03649312258 7230.3507297039032 30711.425388872623 719.15946698188782 3069.5754593014717 4434.5050408244133 8051.2761288285255 33960.310625255108 1040.6623674035072 4890.0480674803257 6631.1161875724792 20536.555073201656 592.31502974033356 11226.063804268837
leaf_count=32849 25826 14292 3355 4377 15678 5012 169187 2280 5523 14435 13139 9859 4187 8852 39977 18974 62037 3910 19097 179 1063 2570 3325 20495 524 6607 2053 7548 376 7051
internal_value=-8.23679e-06 -0.00173799 -0.00104989 0.00046795 0.00486096 0.00803182 0.00115933 -0.0181289 -0.0147784 -0.0125772 0.000959006 -0.0189611 -0.0138596 -0.0101196 0.00143322 0.00395975 -0.00452227 -0.00153531 -0.00671237 -0.00829777 -0.00936351 -0.00154172 -0.00680905 -0.00991916 -0.0300093 -0.00189697 0.00150613 2.99189e-05 0.0157951 -0.0159514
internal_weight=1.24148e+06 916063 870159 605495 325419 179522 567715 7939.36 45904.3 42175.9 145897 26319.7 19643.9 18122.1 559776 94097.6 264664 111970 152693 34730.9 34011.8 15555.4 12485.8 37779.3 3818.96 96852.6 77239.4 70016 7223.43 18456.4
internal_count=524637 432378 375230 240195 92259 39664 215821 6657 57148 51625 52595 37333 22898 18711 209164 23986 135035 53901 81134 18098 17919 6958 5895 24374 3879 39456 35803 33374 2429 10961
is_linear=0
shrinkage=0.04


Tree=57
num_leaves=31
num_cat=0
split_feature=12 9 11 14 11 10 8 8 8 10 7 10 11 8 10 7 14 10 3 10 11 11 11 3 10 10 10 7 10 14
split_gain=6127.3 3590.08 3219.14 2232.33 1828.52 3336.89 1722.49 1584.57 2673.67 2486.56 1797.43 1460.56 1707.61 1416.02 1372.56 1706.58 1359.55 1773.84 1276.53 1262.85 1036 2742.16 1306.35 1383.07 1033.2 1063.39 1200.21 2460.78 1786.65 1096.61
threshold=1.132646441459656 73.625000000000014 0.19758678972721103 3.2712978124618535 -0.37645272910594935 -0.96235975623130787 18.375000000000004 16.625000000000004 18.875000000000004 -0.90529522299766529 2.8682686090469365 -0.87395131587982167 -0.9852197766304015 19.125000000000004 -0.98046803474426258 5.8221800327301034 1.0000000180025095e-35 -0.8940606117248534 1.9937544465065005 0.46514528989791876 -0.99628248810768116 -0.99375280737876881 -0.99966478347778309 1.0000000180025095e-35 -0.87395131587982167 -0.81984052062034596 -0.76762619614601124 3.6028604507446294 -0.75648915767669667 14.644556999206545
decision_type=2 2 2 2 2 2 2 2 2 2 2 2 2 2 2 2 2 2 2 2 2 2 2 2 2 2 2 2 2 2
left_child=2 13 19 6 7 14 -4 -3 11 10 -10 -9 -13 -2 -6 -16 -8 -18 -7 20 22 -22 -1 -24 -11 -26 27 -27 -28 -29
right_child=1 4 3 -5 5 18 16 8 9 24 -12 12 -14 -15 15 -17 17 -19 -20 -21 21 -23 23 -25 25 26 28 29 -30 -31
leaf_value=0.0020444627860968022 0.0092503672745137145 0.0091223625965139426 0.0030195716242017033 -0.038176041497737428 -0.0034645524198094343 -0.0082251354262887159 -0.03160202149073469 -0.0207912708488062 -0.039103005018946896 -0.0081828816945365562 0.022906133350442531 -0.01419224472996858 -0.00067241531622461582 0.00084031490017657184 0.015576364346580265 -0.0050901691811307175 -0.0072150536013001641 -0.057653982945200334 -0.026181782665469524 -0.015640037570488832 0.016006977897924851 -0.0023186125599507345 -0.0043084742273170563 -0.024734179608499343 0.010652969989799532 0.01616630722609835 0.027069912384389608 -0.013655320834313001 0.0020986581631874893 -0.046826711709521768
leaf_weight=11021.806901335716 132319.5535801053 42726.619298219681 10308.508147627115 5468.6338079571724 61797.195468276739 13568.519759818912 6836.507696390152 7959.8321424126625 784.10681009292603 14804.203953802586 13147.699474930763 18083.753324866295 85964.276033580303 42265.827025383711 16119.720013558865 10584.367292374372 16589.303074687719 1186.4714657813311 11893.190606534481 11576.401939332485 13537.950868070126 366279.75649777055 10213.676294445992 11035.7830773592 24339.37044274807 4168.0994199514389 4656.1049703359604 7717.0602934360504 261986.83232361078 2005.2828069925308
leaf_count=4695 26650 9550 9036 8338 31078 9664 14958 4189 451 5922 3200 8733 34872 9726 6177 4966 16113 3704 7617 8893 4481 176547 4870 6334 7336 1300 1086 3128 90017 1006
internal_value=-8.1331e-06 0.00216417 -0.00364484 -0.0144335 0.000700175 -0.00386189 -0.0107055 0.00176487 0.00105922 0.00285452 0.0193906 -0.00428775 -0.00302333 0.00721452 -0.000190021 0.00738619 -0.016453 -0.0106122 -0.0166197 -0.002616 -0.00224976 -0.00166502 -0.00912922 -0.0149231 0.00213328 0.00263447 0.00193843 -0.00952057 0.0025357 -0.0205382
internal_weight=1.24095e+06 776892 464055 40389.4 602306 113963 34920.8 488343 445617 333609 13931.8 112008 104048 174585 88501.3 26704.1 24612.3 17775.8 25461.7 423665 412089 379818 32271.3 21249.5 319677 304873 280533 13890.4 266643 9722.34
internal_count=524637 266668 257969 52149 230292 59502 43811 170790 161240 113446 3651 47794 43605 36376 42221 11143 34775 19817 17281 205820 196927 181028 15899 11204 109795 103873 96537 5434 91103 4134
is_linear=0
shrinkage=0.04


Tree=58
num_leaves=31
num_cat=0
split_feature=5 11 8 10 9 9 10 8 9 10 10 9 14 11 7 10 14 10 13 10 10 14 3 10 11 11 14 11 3 7
split_gain=5769.84 4480.33 2831.24 2508.48 2153.67 1738.53 1836.25 1664.91 1499.73 1306.5 1555.89 1554.45 1239.58 1818.4 1884.41 1778.55 1323 1000.73 975.756 974.997 973.296 1182.94 958.746 1893.63 2351.55 1441.32 1367.06 1289.68 1228.76 1158.71
threshold=23.729766845703129 -0.14463099837303159 18.125000000000004 -0.92274349927902211 73.625000000000014 75.875000000000014 0.46514528989791876 16.125000000000004 78.375000000000014 1.0000000180025095e-35 -0.38341410458087916 74.875000000000014 0.0074559897184371957 0.026874557137489322 3.3717900514602666 -0.99763298034667958 3.3265006542205815 -0.35141934454441065 0.13992954790592196 0.46514528989791876 0.22386012226343158 18.333272933959964 0.83414569497108471 -0.60639065504074086 -0.75154608488082875 -0.99628248810768116 1.8403632044792178 -0.16162966936826703 15.453004837036135 10.527108669281008
decision_type=2 2 2 2 2 2 2 2 2 2 2 2 2 2 2 2 2 2 2 2 2 2 2 2 2 2 2 2 2 2
left_child=1 4 -3 12 19 7 22 -6 -5 10 -2 20 -4 14 -14 16 -15 -12 -10 -1 21 -11 26 24 -24 29 27 -7 -27 -25
right_child=9 2 3 8 5 6 -8 -9 18 11 17 -13 13 15 -16 -17 -18 -19 -20 -21 -22 -23 23 25 -26 28 -28 -29 -30 -31
leaf_value=0.0060387663013190263 0.0050736400155051231 0.0011432607452620833 -0.025574231012162083 -0.037709836999745484 0.0092099511603509904 -0.0014949348351626973 -0.022806212190670496 -0.0037815893181509107 0.0018893984902767173 0.016007594643273827 0.026802987617882683 -0.027817460219026559 -0.030938553344674085 -0.0041750589171083612 -0.0095250878953573263 -0.0065620739875847439 0.022494842975796611 0.011304664437055609 -0.059639931708191568 -0.026311020432912623 0.016803833528724537 -0.012362212739297492 -0.027719753563348118 -0.0032326361179335103 -0.0033197085709604644 0.0010871208425283728 0.0050963300414977146 0.036359100305488737 0.0097157739687463822 -0.028359752861024049
leaf_weight=98524.238598704338 97043.053487688303 47466.356608659029 6396.821061372757 7997.8331006914377 16694.657283365726 97120.774666845798 5218.4829028248787 286236.56253361702 3062.2935962677002 3285.0321976542473 7801.0532711744308 3305.7240709662437 8585.7408280074596 5409.0127112865448 28049.468714594841 52776.614507496357 6599.0599703788757 45822.997496843338 466.45611619949341 1503.8674405813217 5051.8241500854492 8206.2908223867416 6764.3303942084312 16673.687659323215 94240.051873624325 81753.46265733242 154309.15657800436 1451.7254222631454 38996.207016050816 3554.9153055548668
leaf_count=21797 24438 27877 9446 16558 4220 44630 5025 137039 4386 531 1124 1890 7999 3034 17054 41246 2069 8425 1163 875 773 1780 3594 6561 37097 28762 51716 315 11440 1773
internal_value=-7.99103e-06 -0.00109716 -0.00711972 -0.010406 1.53952e-05 -0.000674066 0.00077451 -0.00306534 -0.0281353 0.00682533 0.00809611 -0.00282005 -0.00850812 -0.0074293 -0.0145506 -0.00340066 0.010488 0.0135639 -0.00638955 0.00554982 0.00218883 -0.00424525 0.00102363 -0.000776204 -0.00495638 0.00221884 0.00274586 -0.000933808 0.00387433 -0.00766023
internal_weight=1.24037e+06 1.06985e+06 166810 119343 903042 803014 500083 302931 11526.6 170516 150667 19848.9 107817 101420 36635.2 64784.7 12008.1 53624.1 3528.75 100028 16543.1 11491.3 494864 241983 101004 140978 252882 98572.5 120750 20228.6
internal_count=524637 485676 130832 102955 354844 332172 190913 141259 22107 38961 33987 4974 80848 71402 25053 46349 5103 9549 5549 22672 3084 2311 185888 89227 40691 48536 96661 44945 40202 8334
is_linear=0
shrinkage=0.04


Tree=59
num_leaves=31
num_cat=0
split_feature=2 11 10 10 10 11 13 10 11 14 9 9 10 1 10 9 8 11 10 11 10 14 8 7 10 3 8 17 7 11
split_gain=5404.37 3253.05 2602.63 2646.89 2557.93 4196.69 1947.32 1762.06 1917.36 1473.98 1472.42 1383.88 1456.57 1361.87 1201.21 1184.41 1574.2 2047.25 1957.13 1336.39 1609.2 1826.9 1275.38 1183.37 1169.21 1827.87 1692.75 1141.95 1134.48 1131.71
threshold=2.912310123443604 0.3624663800001145 -0.59262362122535694 -0.01505099539645016 -0.80987083911895741 -0.48501108586788172 23.187358856201175 -0.96463498473167408 -0.19547851383686063 1.0000000180025095e-35 76.375000000000014 79.375000000000014 -0.93235439062118519 20.63879489898682 -0.86976337432861317 74.125000000000014 17.875000000000004 -0.12758953124284741 -0.93545487523078907 0.0096758542931638675 -0.99630266427993763 1.3811809420585635 17.625000000000004 3.1390343904495244 -0.93235439062118519 4.8110215663909921 19.625000000000004 -3.3409875631332393 9.9766860008239764 -0.27900144457817072
decision_type=2 2 2 2 2 2 2 2 2 2 2 2 2 2 2 2 2 2 2 2 2 2 2 2 2 2 2 2 2 2
left_child=1 9 4 13 5 10 7 8 28 -1 -2 12 -9 -4 -3 22 -17 29 19 23 21 -21 -11 -19 25 26 -8 -22 -7 -18
right_child=2 14 3 -5 -6 6 24 11 -10 15 -12 -13 -14 -15 -16 16 17 18 -20 20 27 -23 -24 -25 -26 -27 -28 -29 -30 -31
leaf_value=-0.010661325005833085 0.020343323120519022 -0.01646569042967878 0.0051322436520617014 -0.00069721217423620869 -0.0064486785429913119 0.020864196734731978 0.025592666436449404 -0.023714407072769991 -0.0027717400931497578 0.0090832765090501626 0.0040933115637065429 0.0063671133802001116 -0.0069535406881862582 0.011501062033554879 -0.057274078429727926 -0.0082220221552895944 -0.0011229676975204744 -0.037390357037781596 0.026839574131066857 -0.014369430818558139 -0.039070930839584218 0.014658366771297298 -0.00076146765230208869 -0.012751167705949784 0.017522325053320471 -0.014556129204093304 -0.012865400968243981 -0.0093046141029770359 -0.0027250513076342076 0.0060993312988814174
leaf_weight=29679.421704292297 23703.756463527679 16402.792527809739 138816.79115515947 84517.97030633688 72846.541103720665 10466.760467171669 5782.6026582121849 12096.616777509451 48100.674616962671 32043.515649288893 14312.271558046341 7677.1905667185783 26399.005775392056 87657.107162952423 1233.9823796600103 62658.648668646812 375856.39834499359 4378.7615463733673 2443.602238535881 5341.214893758297 2217.5377484858036 9854.5692809820175 61355.912260204554 10846.107069313526 12814.774696230888 6661.7532784938812 2670.3206089138985 28034.165954291821 4733.8389905691147 38236.453251540661
leaf_count=23382 5396 25052 41010 27568 25348 2912 1370 8034 24032 10729 4456 2740 12293 16675 3921 35067 160363 4710 1576 3987 3173 4094 23281 7715 2596 2440 1196 23198 1672 14651
internal_value=-7.8116e-06 -0.00240175 0.00290545 0.00534345 -0.000148613 0.00246784 -0.000786754 -0.00319207 0.00114216 -0.00195053 0.0142282 -0.0091331 -0.0122252 0.0075977 -0.0193517 -0.00154212 -0.00226164 -0.00147888 -0.00818901 -0.00960399 -0.00616549 0.00445255 0.00261668 -0.0198574 0.00863903 0.00110084 0.0134427 -0.0114988 0.013521 -0.000455945
internal_weight=1.23984e+06 680583 559258 310992 248266 175420 137404 109474 63301.3 662946 38016 46172.8 38495.6 226474 17636.8 633267 539867 477209 63116 60672.4 45447.5 15195.8 93399.4 15224.9 27929.5 15114.7 8452.92 30251.7 15200.6 414093
internal_count=524637 344899 179738 85253 94485 69137 59285 51683 28616 315926 9852 23067 20327 57685 28973 292544 258534 223467 48453 46877 34452 8081 34010 12425 7602 5006 2566 26371 4584 175014
is_linear=0
shrinkage=0.04


Tree=60
num_leaves=31
num_cat=0
split_feature=9 11 9 13 10 10 7 10 7 10 8 9 17 11 10 9 11 4 8 8 10 8 10 13 8 4 12 10 10 8
split_gain=5094.86 3950.11 2404.5 2338.35 2101.55 1794.61 2279.44 1684.92 1484.28 1386.33 1539.65 1479.61 1258.35 1198.64 1134.71 1125.4 1081.67 1506.48 1058.74 1053.18 1045.24 1557.73 1923.56 1403.68 1317.13 1278.17 1237.53 1034.82 1307.52 1040.36
threshold=74.125000000000014 0.18069575726985934 75.625000000000014 0.0088328653946518915 -0.56456753611564625 -0.99940761923789967 12.314128398895265 -0.15207348018884656 4.7901563644409189 -0.88622298836708058 20.375000000000004 78.125000000000014 0.3868634700775147 0.31390938162803655 -0.99166062474250782 79.625000000000014 -0.16162966936826703 0.24646032601594928 17.875000000000004 18.375000000000004 -0.9193688929080962 19.625000000000004 0.30675521492958074 0.0059663015417754659 19.875000000000004 4.3281562328338632 2.9230087995529179 -0.87395131587982167 -0.75648915767669667 16.125000000000004
decision_type=2 2 2 2 2 2 2 2 2 2 2 2 2 2 2 2 2 2 2 2 2 2 2 2 2 2 2 2 2 2
left_child=4 2 20 14 12 6 -5 -6 9 10 -3 -11 13 -1 -4 -7 -16 -18 -10 -9 23 22 26 24 -2 -25 -22 -28 -29 -30
right_child=1 8 3 5 7 15 -8 19 18 11 -12 -13 -14 -15 16 -17 17 -19 -20 -21 21 -23 -24 25 -26 -27 27 28 29 -31
leaf_value=-0.0014315703378200183 0.023445002757869371 -0.0029165570174105536 -0.026038903348955849 -0.027646942290619928 0.011269483882457004 0.00030123092021745176 0.024496099965150689 0.0068735334429742582 -0.0067785196570740846 -0.058704824080495897 -0.021563421504437841 -0.0028419798134820123 0.0049834449712983647 -0.02385206794247011 -0.0083707660439935674 0.0045223577465910089 -0.025917639207847145 0.03098545253175292 -0.042259637082038941 -0.0018154393058996382 -0.014301279888070435 -0.00012442686506237098 0.0035050968366610448 0.0011912499475145678 -0.019027928177478379 -0.013445510413956597 -0.02734386039502338 0.011612494186447419 0.0096787931548495739 -0.010869925059871086
leaf_weight=78645.281012117863 6448.5884934663773 26410.129453361034 5244.5355240702629 6771.5621940493584 85203.857034683228 461738.22190606594 1663.861517906189 57511.447288453579 1966.4144951701164 1830.2767272591591 9674.2680529356003 1292.4734574258327 63037.187321558595 3999.8379547595978 35082.615981757641 129362.80507260561 1037.388908624649 2571.256310403347 4282.266130849719 36465.530599474907 61483.949274420738 48772.401626467705 17707.532167077065 39524.007622927427 1418.2398431301117 12575.120652794838 3058.9216413497925 7538.8467857837677 4785.6179039478302 22180.631502866745
leaf_count=28166 2271 24987 5294 6549 15678 184435 578 13604 1895 6264 13994 2383 18495 5934 20623 39750 1055 1031 7625 10382 38690 22225 8280 19085 1123 7203 1792 2494 1136 11616
internal_value=-7.56705e-06 -0.00153625 -0.000934889 0.000310712 0.00429528 0.000963523 -0.0173451 0.00719609 -0.0130296 -0.0101388 -0.00792039 -0.0356667 0.000727209 -0.00251943 -0.00859556 0.00122509 -0.00622503 0.0146009 -0.0311227 0.00350215 -0.00448921 -0.00612827 -0.00863603 3.54591e-05 0.0157735 -0.00234351 -0.0108067 -0.00508463 -0.00310397 -0.00722097
internal_weight=1.23929e+06 914422 868966 643472 324863 599536 8435.42 179181 45455.8 39207.1 36084.4 3122.75 145682 82645.1 43935.8 591101 38691.3 3608.65 6248.68 93977 225494 165528 116755 59966 7866.83 52099.1 99048 37564 34505.1 26966.2
internal_count=524637 432378 375230 259315 92259 231312 7127 39664 57148 47628 38981 8647 52595 34100 28003 224185 22709 2086 9520 23986 115915 86233 64008 29682 3394 26288 55728 17038 15246 12752
is_linear=0
shrinkage=0.04


Tree=61
num_leaves=31
num_cat=0
split_feature=9 11 8 9 10 7 10 11 14 7 10 8 17 7 11 9 10 14 10 10 10 3 10 10 14 8 9 13 10 7
split_gain=4774.06 3852.65 1969.22 2162.99 1764.19 2920.33 1764.54 1658.52 1587.59 1568.22 2118.27 1533.28 1417.06 1373.68 1123.75 1016.67 1009.14 1128.5 1003.85 998.603 1609.57 965.821 1812.13 1053.46 1430.04 961.687 1094.16 1405.28 1243.08 1100.63
threshold=73.625000000000014 0.078402601182460799 16.625000000000004 75.625000000000014 -0.99866804480552662 6.0303659439086923 0.46514528989791876 0.0096758542931638675 9.5506205558776873 0.063096635043621077 -0.88622298836708058 18.625000000000004 -2.4659864902496333 12.314128398895265 0.026874557137489322 79.625000000000014 -0.99630266427993763 1.528650760650635 -0.97876849770545948 -0.11798679083585738 -0.36747109889984125 1.0000000180025095e-35 -0.93843427300453175 -0.98046803474426258 4.2719595432281503 19.875000000000004 74.125000000000014 0.0059663015417754659 -0.56456753611564625 10.260533332824709
decision_type=2 2 2 2 2 2 2 2 2 2 2 2 2 2 2 2 2 2 2 2 2 2 2 2 2 2 2 2 2 2
left_child=11 2 -2 14 5 -5 15 8 13 -3 12 -1 18 -7 21 -6 -13 -18 -11 20 -17 22 23 24 -4 26 28 -28 -23 -29
right_child=1 9 3 4 6 7 -8 -9 -10 10 -12 16 -14 -15 -16 19 17 -19 -20 -21 -22 25 -24 -25 -26 -27 27 29 -30 -31
leaf_value=0.0085814261070965882 0.0070299244532070135 -0.025806998012858465 -0.012705180650587891 -0.03276821763804301 0.00014991680400424964 -0.013724094258813943 -0.021323858273715232 0.020908321010772682 -0.043862774585461714 -0.0054541776930852629 -0.048190789853952892 -0.021015007255622931 -0.004336221431293078 0.044491116059734194 0.011181935206779495 0.003301371741442783 -0.013863490711430629 0.0037272779396930727 -0.033458314515430167 -0.0019450425605443387 0.015368591054413743 -0.010808327589126143 -0.0039929703602768095 0.015969164673435798 0.017249194830870816 -0.00028243985082213171 0.0096186723146553695 -0.011480632978826994 0.0020167336252928376 -0.030894568954950925
leaf_weight=117273.24548783898 53934.198461413383 8429.6674829125404 6500.8127288520336 6690.1531804800034 474393.60712233186 2160.0935685038567 5703.3306507468224 4086.1224607527256 1758.9898404479027 3512.9926597476006 1988.9630270153284 3055.8929004669189 61989.636740595102 915.0353516638279 7786.4516228437424 75048.04109403491 6316.6026037633419 75140.615786969662 4916.7573709487915 32477.092300415039 23131.573521137238 21486.919419288635 97362.216637790203 13024.010501265526 4181.8599199652672 32108.896094977856 4682.0483002066612 56011.952751278877 27633.394077599049 5092.8785903453827
leaf_count=26163 13692 14927 4156 6781 190098 1629 5425 1550 1508 2130 6122 1440 50878 250 3159 23256 3517 17075 7599 11970 5130 9422 49969 4268 1463 14506 2208 32618 8425 3303
internal_value=-7.43952e-06 -0.00110282 -0.000393867 -0.000837723 0.000462058 -0.012812 0.000801537 0.00217503 -0.0136701 -0.00948736 -0.00758415 0.00562164 -0.00643056 0.00368649 -0.00378878 0.00101045 0.00151401 0.00236167 -0.0218082 0.00413463 0.00614574 -0.004224 -0.00157812 0.00833706 -0.000974017 -0.00640264 -0.00811266 -0.0114852 -0.00359445 -0.0131035
internal_weight=1.23879e+06 1.03701e+06 956170 902235 626364 15610.4 610754 8920.24 4834.12 80838 72408.3 201786 70419.4 3075.13 275871 605050 84513.1 81457.2 8429.75 130657 98179.6 268085 121069 23706.7 10682.7 147016 114907 65786.9 49120.3 61104.8
internal_count=524637 476442 394786 381094 247597 11718 235879 4937 3387 81656 66729 48195 60607 1879 133497 230454 22032 20592 9729 40356 28386 130338 59856 9887 5619 70482 55976 38129 17847 35921
is_linear=0
shrinkage=0.04


Tree=62
num_leaves=31
num_cat=0
split_feature=2 11 10 10 11 10 13 10 11 9 9 10 14 8 14 10 10 14 10 9 10 10 7 10 3 8 14 9 4 14
split_gain=4417.97 2658.4 2216.62 2419.83 3811.59 2341.7 1718.7 1545.26 1678.97 1365.21 1284.16 1523.04 1278.52 1238.13 1254.2 1169.99 2202.76 1985.96 1580.17 1180.5 1249.99 1102.52 1099.59 1065.3 1456.04 1535.53 1021.69 1015.84 1029.85 977.099
threshold=2.912310123443604 0.3624663800001145 -0.59262362122535694 -0.80987083911895741 -0.48501108586788172 -0.01505099539645016 25.425884246826175 -0.96463498473167408 -0.19547851383686063 76.375000000000014 79.375000000000014 -0.93235439062118519 1.0000000180025095e-35 20.125000000000004 10.769697189331056 -0.38341410458087916 -0.47652685642242426 7.8828084468841562 -0.35141934454441065 74.125000000000014 -0.31900864839553827 -0.86976337432861317 9.9766860008239764 -0.93235439062118519 2.9944704771041875 19.375000000000004 2.7899525165557866 79.625000000000014 0.31353789567947393 15.488757133483888
decision_type=2 2 2 2 2 2 2 2 2 2 2 2 2 2 2 2 2 2 2 2 2 2 2 2 2 2 2 2 2 2
left_child=1 12 3 4 9 15 7 8 22 -2 11 -9 -1 26 -15 16 17 -4 -17 -20 27 -3 -6 24 25 -8 -13 -21 -29 -28
right_child=2 21 5 -5 6 -7 23 10 -10 -11 -12 13 -14 14 -16 18 -18 -19 19 20 -22 -23 -24 -25 -26 -27 29 28 -30 -31
leaf_value=-0.0098899480489164342 0.019476641998386224 -0.014845833904590971 -0.009099022209874132 -0.006320440567173409 0.019906359805949427 -0.00080345199279344278 0.029586216962205866 -0.022760430040082786 -0.0023901810533485802 0.0038197881403840995 0.0063587303668598827 0.012582319597797272 -0.0013864585693134945 -0.0090010495036872574 0.020686235676246331 0.020838587418035723 -0.0039714515855890564 0.011919951454277046 0.012280473442148956 -0.02378994146940186 0.0059732588763009523 -0.054779587129494295 -0.0028373226564711723 0.018084837592500246 -0.012308563032462978 -0.011611030264228557 -0.022192926385701008 0.041982648000282494 -0.015866412630111786 -0.0012664331405826674
leaf_weight=29604.82097068429 23632.967745304108 16290.83601796627 8514.8545400500298 72814.999844014645 10639.273841023445 84489.117066979408 4018.3006765842438 12450.467131346464 49465.624082326889 14309.529295682907 8045.1515720486641 2386.6831533908844 632650.188803792 4447.1375039219856 4646.6303070783615 16833.902642190456 37289.505990445614 46070.26973259449 51431.399560749531 4263.4518950581551 59869.281358838081 1178.9351049810648 4993.8471585512161 11081.019018769264 6398.1926666796207 2252.6844555139542 10991.63616758585 906.39495456218719 1055.8160313367844 5286.7766818106174
leaf_count=23382 5396 25052 3775 25348 2961 27568 855 8220 24566 4456 2835 1211 292544 2229 1269 3320 10789 10466 8606 1963 18329 3921 1757 2128 2289 982 6288 109 328 1695
internal_value=-7.29533e-06 -0.00217316 0.00262828 -0.000193006 0.00235608 0.00487871 -0.00074929 -0.00279942 0.00122157 0.0135744 -0.00822316 -0.0111416 -0.00176673 -0.00592395 0.00617428 0.0070007 0.00352152 0.00864009 0.0093793 0.0077363 0.00419895 -0.0175705 0.0126439 0.00903249 0.00110689 0.0147923 -0.0118184 -0.012846 0.0109329 -0.0154015
internal_weight=1.23831e+06 679725 558585 247861 175046 310724 137103 113353 65098.7 37942.5 48254.5 40209.3 662255 27758.9 9093.77 226235 91874.6 54585.1 134360 117526 66094.9 17469.8 15633.1 23750.2 12669.2 6270.99 18665.1 6225.66 1962.21 16278.4
internal_count=524637 344899 179738 94485 69137 85253 59285 53031 29284 9852 23747 20912 315926 12692 3498 57685 25030 14241 32655 29335 20729 28973 4718 6254 4126 1837 9194 2400 437 7983
is_linear=0
shrinkage=0.04


Tree=63
num_leaves=31
num_cat=0
split_feature=9 11 8 9 10 10 7 7 10 8 11 17 14 11 7 10 3 14 10 17 10 10 7 9 10 10 10 14 16 3
split_gain=4231.62 3382 1767.3 1991.26 1465.47 1509.21 2742.95 1419.39 1929.69 1416.66 1402.17 1322.06 1179.84 1161.25 1009.92 1157.52 1603.68 1138.78 1028.94 955.918 944.214 931.441 918.674 863.472 899.631 1444.51 825.498 906.838 823.724 801.884
threshold=73.625000000000014 0.078402601182460799 16.625000000000004 75.875000000000014 0.46514528989791876 -0.99866804480552662 6.0303659439086923 0.063096635043621077 -0.88622298836708058 19.125000000000004 1.0000000180025095e-35 -2.4659864902496333 9.5506205558776873 0.026874557137489322 8.4262480735778826 -0.93235439062118519 0.35962031781673437 7.3064737319946298 -0.9193688929080962 4.0889892578125009 -0.99630266427993763 -0.97876849770545948 13.144703388214113 79.625000000000014 -0.11798679083585738 -0.36747109889984125 -0.99815973639488209 1.3482663035392763 -21.029836654663082 0.29883340001106268
decision_type=2 2 2 2 2 2 2 2 2 2 2 2 2 2 2 2 2 2 2 2 2 2 2 2 2 2 2 2 2 2
left_child=9 2 -2 13 5 6 -5 -3 11 19 12 21 22 14 17 16 -16 -4 -17 -1 -11 -9 -8 26 25 -25 27 -7 -28 -26
right_child=1 7 3 4 -6 23 10 8 -10 20 -12 -13 -14 -15 15 18 -18 -19 -20 -21 -22 -23 -24 24 29 -27 28 -29 -30 -31
leaf_value=0.0049072468926158984 0.0066609814910630165 -0.024484521838420866 -0.0039807306610415878 -0.032684534958691142 -0.020596234662009584 -0.021242729338101878 -0.014504641959467764 -0.0051680571529634433 -0.04628590545619151 -0.029741516478949643 0.016117905228198871 -0.003984998520232947 -0.045226014770452599 0.010937931197880644 0.00577873667484628 0.020545771522132023 -0.030937447695170577 0.0031168406287737809 -0.0075013295019392317 0.011589859784408586 0.00054775586149253533 -0.032189835522981498 0.045840707701006754 0.0031597897045728802 0.0028931345706094558 0.014602691689857004 0.0064191397160898766 0.028120739624168042 -0.00040411510528748753 -0.01019183497195968
leaf_weight=97823.568189203739 53894.196984291077 8373.7284649014473 210128.70722365379 5988.146015048027 5174.7413712739944 728.53008073568344 1396.1367743313313 3512.2371726632118 1946.0376764088869 1693.5148619413376 5018.5836427211761 61962.826958537102 1394.5002139806747 8808.0917857885361 2578.9027833342552 2203.7327553629875 7226.1931020617485 43681.350726425648 38462.201663196087 52714.616641759872 49359.382675379515 4877.330361276865 556.20185142755508 75026.780817657709 20762.781924843788 23074.561381936073 30430.466175615788 3101.7724469304085 404203.06114476919 11712.622185051441
leaf_count=25233 13692 14927 109859 6223 5025 590 1031 2130 6122 900 2219 50878 1247 3591 1027 704 4697 16994 14881 9192 12870 7599 134 23256 7651 5130 9588 877 162051 4319
internal_value=-6.98403e-06 -0.00103856 -0.000374534 -0.000795133 0.000575875 0.000764022 -0.0120413 -0.00890278 -0.00709494 0.00529532 0.00275686 -0.00600444 -0.0172664 -0.00337239 -0.00378698 -0.00895423 -0.0212844 -0.00275915 -0.00597675 0.00724794 -0.000462621 -0.020897 0.00283314 0.00108723 0.00394236 0.00585251 0.00023689 0.0187009 7.37455e-05 -0.00182779
internal_weight=1.23782e+06 1.03622e+06 955552 901658 588569 583394 14353.6 80672.2 72298.4 201591 8365.42 70352.4 3346.84 313089 304281 50471 9805.1 253810 40665.9 150538 51052.9 8389.57 1952.34 569041 130577 98101.3 438464 3830.3 434634 32475.4
internal_count=524637 476442 394786 381094 229341 224316 10854 81656 66729 48195 4631 60607 2412 151753 148162 21309 5724 126853 15585 34425 13770 9729 1165 213462 40356 28386 173106 1467 171639 11970
is_linear=0
shrinkage=0.04


Tree=64
num_leaves=31
num_cat=0
split_feature=9 11 9 11 14 10 10 8 10 14 10 8 4 13 11 10 10 8 10 4 10 4 11 14 7 8 11 12 11 8
split_gain=3950.35 3025.97 1933.68 1780.38 1602.16 1555.4 1461.9 1442.01 1371.77 1338.13 1678.65 1285.09 1044.61 1018.83 1550.58 1070.64 2106.25 1917.5 1316.62 1281.92 1224.65 1380.75 2148.92 1226.98 1060.65 1006.26 1000.37 1479.1 1262.62 1002.9
threshold=74.125000000000014 0.23118848353624347 79.625000000000014 -0.91939276456832875 2.2161035537719731 -0.15207348018884656 -0.99940761923789967 17.875000000000004 -0.96689236164093006 1.0000000180025095e-35 -0.8940606117248534 17.875000000000004 0.13342612981796267 0.23345253616571429 0.18069575726985934 -0.9193688929080962 -0.87395131587982167 19.375000000000004 -0.94423642754554737 1.7522462606430056 -0.99372696876525868 0.45603357255458837 -0.16162966936826703 1.2819447517395022 1.700115501880646 17.375000000000004 -0.99966478347778309 13.398331642150881 -0.99761277437210072 20.375000000000004
decision_type=2 2 2 2 2 2 2 2 2 2 2 2 2 2 2 2 2 2 2 2 2 2 2 2 2 2 2 2 2 2
left_child=3 2 6 5 8 -1 25 -8 -3 -10 -11 -6 -5 14 15 17 -17 18 24 -18 23 -22 -23 -19 -9 -2 27 -15 29 -28
right_child=1 4 -4 12 11 -7 7 13 9 10 -12 -13 -14 26 -16 16 19 20 -20 -21 21 22 -24 -25 -26 -27 28 -29 -30 -31
leaf_value=0.012848408464412868 0.013493109055007835 -0.054012383246409792 0.0034302520691282101 -0.0058116405286287309 -0.0028940776970889969 0.0039483214998876481 -0.0062962064994142308 -0.0095732959274175654 -0.021673865488713168 0.0023935003362061565 -0.039211201694184912 -0.039166349416136337 0.0025374588388087384 0.014974917020208263 -0.041816728214136775 -0.05799133254831932 -0.0028784660608493231 -0.036510010479094246 0.037736003856578861 -0.015989285050529992 -0.01375448749527087 -0.006067821204178832 0.034988947204018399 0.00077598424403514947 0.017198272869236204 -0.020001636007903938 -0.018884933458627802 -0.025895587845664515 1.6048239192175584e-05 -0.00018531736478187626
leaf_weight=50680.787650644779 1654.2279059290886 1002.9087525308132 139275.02406930923 28105.1669511199 2177.8316820859909 82669.201372146606 87395.603905171156 3730.6140951514244 6921.9520903229713 17862.615934699774 1689.1870182156563 5539.064597889781 162900.722669065 12608.846839249134 1722.8117376565933 1228.9454909563065 61725.049035549164 3369.5255078673363 2942.5380429625511 14783.653125166893 6011.2494924962521 4795.2575715184212 3536.4317606091499 2424.9327600002289 6447.4251577854156 10525.987571269274 10348.739795982838 1586.7615472078323 493490.24908035994 8239.04272544384
leaf_count=9045 684 1492 46436 14619 2103 19296 45068 2227 14652 15375 4882 10166 49299 4176 2392 1032 34185 3822 709 8606 3952 2222 1336 1297 2494 9252 5517 778 204359 3164
internal_value=-6.83568e-06 -0.00135391 -0.000892761 0.003785 -0.0128529 0.00733158 -0.00170801 -0.00147745 -0.00832407 -0.00657351 -0.00121916 -0.0289467 0.00130871 -0.000818293 -0.00426933 -0.00368283 -0.00625215 0.00232283 0.0142159 -0.00541361 -0.00542937 0.000843679 0.01138 -0.0209317 0.00738577 -0.0154453 -7.9075e-05 0.0103915 -0.000369532 -0.0106009
internal_weight=1.23739e+06 913036 877843 324356 35193.6 133350 738568 726388 27476.7 26473.8 19551.8 7716.9 191006 638992 112718 110996 77737.6 33258 13120.6 76508.7 20137.4 14342.9 8331.69 5794.46 10178 12180.2 526274 14195.6 512078 18587.8
internal_count=524637 432378 383708 92259 48670 28341 337272 327336 36401 34909 20257 12269 63918 282268 64274 61882 43823 18059 5430 42791 12629 7510 3558 5119 4721 9936 217994 4954 213040 8681
is_linear=0
shrinkage=0.04


Tree=65
num_leaves=31
num_cat=0
split_feature=12 5 11 10 10 3 14 10 10 7 10 8 8 10 10 9 9 11 10 10 14 9 14 9 11 8 10 10 10 3
split_gain=3703.81 2220.85 1970.74 2749.82 2120.12 2190.1 1860.09 1796.48 2695.04 1987.93 2627.67 1710.15 1692.07 1659.42 1544.55 1365.33 1251.92 1245.55 1905.74 1141.61 1622.65 1072.61 1282.25 1067.15 1026.71 1128.74 960.386 2015.29 1502.15 1379.04
threshold=1.132646441459656 32.158201217651374 -0.48501108586788172 -0.81984052062034596 -0.90163370966911305 2.2315683364868169 1.0000000180025095e-35 -0.3992436677217483 -0.16905184835195539 1.8847825527191164 -0.69751432538032521 19.375000000000004 18.125000000000004 -0.98370367288589466 -0.96463498473167408 77.125000000000014 78.125000000000014 -0.37645272910594935 -0.98370367288589466 -0.20285348594188687 3.9683904647827153 73.625000000000014 11.075117588043215 74.125000000000014 0.44118724763393408 18.625000000000004 -0.60639065504074086 -0.64659911394119252 -0.68508586287498463 0.69110155105590831
decision_type=2 2 2 2 2 2 2 2 2 2 2 2 2 2 2 2 2 2 2 2 2 2 2 2 2 2 2 2 2 2
left_child=6 2 3 21 5 13 -1 9 19 10 12 -7 -5 -4 15 -15 -16 -13 -19 -9 -21 -2 -23 -12 -8 -26 27 28 -11 -30
right_child=1 -3 4 7 -6 11 24 8 -10 26 23 17 -14 14 16 -17 -18 18 -20 20 -22 22 -24 -25 25 -27 -28 -29 29 -31
leaf_value=-0.011741968163271301 0.02376326711053256 0.0069315499968585145 -0.0036815140075596325 -0.012002023270311288 -0.016014179327780473 -0.013072378941718732 -0.0019606412021378862 0.0065817616608041495 0.00017737730069315003 -0.0071628471667969798 0.027603724856565405 0.014783502546066377 0.030312527013249171 0.020783531730211354 -0.0038785600572941725 -0.0033301808802825021 0.014358412773773324 0.0069426912809081908 -0.015787104735545173 -0.010953733102982328 0.023883958279164286 0.012598038157203471 -0.0060312980229622606 -0.017713268733004668 -0.0057972888693720607 -0.058712720179187453 -0.000223297142263373 -0.022645246505323055 0.024756736509510345 -0.00077638781142484118
leaf_weight=34728.356101214886 9288.2638949155807 110602.13502940536 37447.307059913874 1817.8467639088631 17647.830399692059 34395.725084662437 424778.27381631732 83954.341856896877 171844.95060890913 53837.614974439144 990.07632821798325 6963.4220348000526 8841.6765719652176 16993.589073717594 20810.878332048655 4819.174989849329 8463.9832884371281 11759.685638338327 11829.675315707922 2542.8006072044373 13297.91167974472 26379.842844069004 7611.3609763979912 4937.8649492263794 1638.209012016654 1056.5082207173109 80691.59948527813 10595.307472586632 4767.9941278100014 11602.155768692493
leaf_count=35207 1513 22867 18994 977 9150 16847 216061 24574 59403 19426 281 1942 2248 5478 11356 2413 2835 5245 6565 1200 2725 7962 2743 3011 2876 3825 26658 5107 1202 3946
internal_value=-6.75098e-06 0.00168388 0.00080986 0.00209362 -0.00288837 -0.00137819 -0.00284053 0.00116676 0.00321369 -0.00195555 0.0112271 -0.00695635 0.0230918 0.00271423 0.00740212 0.0154569 0.00139724 -6.90152e-05 -0.00445779 0.00844162 0.0182883 0.0117223 0.00842598 -0.0101107 -0.00211711 -0.026684 -0.00331019 -0.00639241 -0.00393676 0.006671
internal_weight=1.23694e+06 774735 664133 493002 171131 153483 462201 449722 271640 178082 16587.5 64948.5 10659.5 88534.9 51087.6 21812.8 29274.9 30552.8 23589.4 99795.1 15840.7 43279.5 33991.2 5927.94 427473 2694.72 161495 80803.1 70207.8 16370.1
internal_count=524637 266668 243801 162976 80825 71675 257969 150758 87902 62856 6517 30599 3225 41076 22082 7891 14191 13752 11810 28499 3925 12218 10705 3292 222762 6701 56339 29681 24574 5148
is_linear=0
shrinkage=0.04


Tree=66
num_leaves=31
num_cat=0
split_feature=9 11 8 9 10 7 10 11 14 8 7 10 17 7 11 3 10 10 13 8 10 14 11 10 14 8 8 10 17 10
split_gain=3542.26 2842.42 1574.14 1803.6 1429.54 2504.75 1441.94 1429.47 1395.25 1331 1264.41 1279.25 1283.54 1209.22 982.973 924.544 1621.7 933.003 1282.01 894.055 890.938 875.69 870.782 840.178 937.094 780.625 775.531 762.817 2556.6 2055.92
threshold=73.625000000000014 0.078402601182460799 16.625000000000004 75.625000000000014 -0.99866804480552662 6.0303659439086923 0.46514528989791876 0.0096758542931638675 9.5506205558776873 18.625000000000004 0.24982666224241259 -0.88622298836708058 -1.9598171710968015 12.314128398895265 0.026874557137489322 1.0000000180025095e-35 -0.93843427300453175 -0.98046803474426258 8.8228197097778338 20.625000000000004 -0.93235439062118519 3.7909026145935063 0.19758678972721103 -0.99630266427993763 1.528650760650635 18.625000000000004 17.125000000000004 0.019350802991539243 -13.373291969299315 0.1563224866986275
decision_type=2 2 2 2 2 2 2 2 2 2 2 2 2 2 2 2 2 2 2 2 2 2 2 2 2 2 2 2 2 2
left_child=9 2 -2 14 5 25 27 8 13 -1 -3 12 22 -7 15 16 17 18 -4 -17 -21 -9 -12 -11 -25 -5 -24 -6 -29 -30
right_child=1 10 3 4 6 7 -8 21 -10 23 11 -13 -14 -15 -16 19 -18 -19 -20 20 -22 -23 26 24 -26 -27 -28 28 29 -31
leaf_value=0.0076085989889120523 0.0063002637801977115 -0.019465239897258513 -0.0098311579873293833 -0.0037473288951866998 0.0016555217391066848 -0.012509232174631702 -0.019320687645816851 -0.020173186439834023 -0.041248335031175261 -0.019602028227213332 -0.0043111014401920854 -0.040333942021861788 -0.0026766732372505981 0.042547097118465813 0.010577346934376822 -0.0073701620845841387 -0.0035390658594398458 0.015328191961792081 0.020256700627402577 -0.017897669137461721 0.0041288084037473015 0.028334426178387769 0.0011545927512153053 -0.013013332691840934 0.003034795045166825 -0.037393226479645873 -0.035496786520533355 0.032741963006594051 -0.011226496864551232 0.00045358196720558368
leaf_weight=117005.56779631972 53845.240444540977 13246.556725636125 7403.8064664006233 1404.2702530622482 482212.05707198381 2152.626757979393 5662.9347385168076 716.30417162179947 1715.4725651144981 3037.6565518379211 4182.5132749676704 1677.4085859656334 55437.286836981773 895.63099449872971 7772.1592735052109 122394.70185500383 97272.264606595039 12993.343798160553 3253.120284974575 3409.1400364041328 20878.23830807209 3346.8929941058159 1150.6965397894382 6301.5465896725655 75032.05572502315 5179.1762954592705 4660.1342239826918 3309.3860621452332 33608.922411739826 85264.765864908695
leaf_count=26163 13692 20622 4620 903 177723 1629 5425 558 1508 1440 2536 5287 44377 250 3159 59692 49969 4268 999 2164 8626 992 939 3517 17075 5878 7895 679 15079 36973
internal_value=-6.45204e-06 -0.000950833 -0.000342662 -0.000739788 0.000447808 -0.0115801 0.000751824 0.00235037 -0.0125046 0.00484732 -0.00817555 -0.0059445 -0.00505685 0.0037535 -0.00343711 -0.00384452 -0.00125489 0.00813733 -0.000636196 -0.00597915 0.00103093 0.0197544 -0.0182448 0.00101756 0.00178997 -0.030233 -0.0282493 0.000940212 -0.00188276 -0.00284937
internal_weight=1.23642e+06 1.03505e+06 954690 900845 625468 15410.4 610058 8826.93 4763.73 201377 80354.6 67108 65430.6 3048.26 275377 267605 120923 23650.3 10656.9 146682 24287.4 4063.2 9993.34 84371.3 81333.6 6583.45 5810.83 604395 122183 118874
internal_count=524637 476442 394786 381094 247597 11718 235879 4937 3387 48195 81656 61034 55747 1879 133497 130338 59856 9887 5619 70482 10790 1550 11370 22032 20592 6781 8834 230454 52731 52052
is_linear=0
shrinkage=0.04


Tree=67
num_leaves=31
num_cat=0
split_feature=9 11 11 9 10 14 14 8 9 7 10 8 8 10 11 13 2 11 13 13 3 10 11 16 10 10 10 10 13 14
split_gain=3344.14 2545.22 3718.54 2338.74 1893.43 1879.79 1773.93 1619.22 1943.55 1512.23 1095.83 1774.15 1083.72 1060.15 1055.67 979.571 932.461 905.606 888.736 869.332 935.298 1426.52 2276.41 1519.89 1409.68 2546.47 1846.59 1232.9 2216.59 1904.66
threshold=74.125000000000014 -0.21231865882873532 -0.26244230568408961 76.125000000000014 -0.92599865794181813 0.28608244657516485 5.4052169322967538 18.125000000000004 73.375000000000014 0.24982666224241259 -0.8940606117248534 17.875000000000004 19.125000000000004 -0.9193688929080962 -0.91939276456832875 0.015504099894315006 0.78052824735641491 -0.9852197766304015 19.819499969482425 1.0000000180025095e-35 0.83414569497108471 -0.59262362122535694 -0.8349313735961913 -0.46206513047218317 -0.74512827396392811 -0.76762619614601124 -0.80987083911895741 -0.083760455250740037 8.4483985900878924 16.427892684936527
decision_type=2 2 2 2 2 2 2 2 2 2 2 2 2 2 2 2 2 2 2 2 2 2 2 2 2 2 2 2 2 2
left_child=7 2 3 -2 -5 -6 15 14 12 -3 -11 -12 -9 18 17 -4 -8 -1 -7 -15 -21 24 27 -24 25 26 -22 -23 29 -29
right_child=1 9 6 4 5 13 16 8 -10 10 11 -13 -14 19 -16 -17 -18 -19 -20 20 21 22 23 -25 -26 -27 -28 28 -30 -31
leaf_value=0.004282423578982811 -0.0040010614361965608 -0.01811081109766562 -0.0049229890025327848 -0.0097226736463964271 -0.0079460334499412665 0.0086455932020612324 -0.026070902206901871 0.0082914009430625733 -0.0050471165809857664 -0.0041699992561776622 0.01573642501343708 -0.0579154789350236 -0.00026729012385318704 -0.011536602788706876 0.0035169461080268752 0.024899093731146318 0.0062391426368263551 0.013574751351495537 0.042050902393442946 0.0041952390600620264 0.00026709357250077404 0.0035983726969261711 0.031954366800383743 0.0050613783849509106 -0.011230969283176816 0.021317144925526145 -0.021206349645948728 -0.0027643976394266653 -0.020411600431902554 0.029164120978305751
leaf_weight=27602.358024597168 245247.3461214304 14650.409006997943 1978.1308366060257 25903.547125518322 32060.925195932388 4254.4104610085487 1782.3740530014038 48554.160066813231 60715.804201975465 140242.72356444597 801.51407209038734 1478.4218985140324 46180.237894922495 7603.9369994401932 98157.243152022362 15920.81046807766 7042.1663462519646 42842.173432588577 1813.6696046590805 186765.83649551868 33061.329747498035 94031.899693012238 6634.7005336284637 6816.0389525294304 27920.547213196754 7587.5113780498505 7937.7583731412888 26413.984546244144 10644.472997426987 3360.7188808917999
leaf_count=5940 123969 21329 827 11655 19927 1382 955 11016 23409 94541 1069 5207 12393 3793 31482 4198 2498 8019 244 63958 11530 28660 1296 2204 11675 1918 3564 10357 4910 712
internal_value=-6.30386e-06 -0.00124657 -0.000282232 -0.000820214 0.000795568 0.00139208 0.0143695 0.003484 0.000539228 -0.00587721 -0.00461849 -0.0320674 0.0041197 0.00209695 0.00619888 0.0216023 -0.000308939 0.00993485 0.0186828 0.00185618 0.00210413 0.000363683 0.00265737 0.0183405 -0.00407019 4.6247e-05 -0.0038945 0.00108716 -0.00475442 0.000848008
internal_weight=1.23601e+06 911955 754782 728059 482811 456908 26723.5 324052 155450 157173 142523 2279.94 94734.4 424847 168602 17898.9 8824.54 70444.5 6068.08 418779 411175 224409 147902 13450.7 76507.1 48586.6 40999.1 134451 40419.2 29774.7
internal_count=524637 432378 310232 301754 177785 166130 8478 92259 46818 122146 100817 6276 23409 146203 45441 5025 3453 13959 1626 144577 140784 76826 48139 3500 28687 17012 15094 44639 15979 11069
is_linear=0
shrinkage=0.04


Tree=68
num_leaves=31
num_cat=0
split_feature=2 11 10 14 1 8 12 7 11 11 11 10 9 10 9 13 10 11 10 10 3 10 8 11 7 9 11 10 10 14
split_gain=3112.62 2233.99 2112.8 1917.95 1386.53 1263.88 1474.96 1259.54 1704.6 1154.38 1247.94 1290.3 1930.48 1246.39 1356.5 1131.11 1092.51 1090.85 1131.05 2784.97 1355.59 2223.83 2322.16 1358.46 1295.05 1184.05 1076.08 1105.67 2490.3 1183.47
threshold=6.8776535987854013 -0.90892156958580006 -0.35141934454441065 1.0000000180025095e-35 32.687660217285163 19.875000000000004 6.1830701828002939 3.5094593763351445 -0.9970029592514037 -0.97696766257286061 -0.99375280737876881 -0.083760455250740037 78.375000000000014 1.0000000180025095e-35 73.375000000000014 1.000740170478821 -0.99963879585266102 0.44118724763393408 -0.64659911394119252 -0.60639065504074086 1.0788556933403017 -0.99275806546211232 18.375000000000004 0.29753153026103979 3.1390343904495244 79.625000000000014 -0.024725049734115597 -0.87395131587982167 -0.80987083911895741 1.3811809420585635
decision_type=2 2 2 2 2 2 2 2 2 2 2 2 2 2 2 2 2 2 2 2 2 2 2 2 2 2 2 2 2 2
left_child=1 2 5 -3 16 -1 -7 9 -9 10 11 15 13 -13 -15 -4 -2 18 20 -20 21 22 -5 26 -24 -25 27 -22 29 -29
right_child=4 3 7 17 -6 6 -8 8 -10 -11 -12 12 -14 14 -16 -17 -18 -19 19 -21 23 -23 24 25 -26 -27 -28 28 -30 -31
leaf_value=0.0029701309113374635 -0.025709960364272599 -0.014087518394962181 0.023837971653175864 0.0050910476889708947 0.0069053396933761949 0.02982685468747874 0.0022787636278670999 -0.0048694008210159465 0.005636341340752353 0.00051160095770011048 -0.012129360290454073 -0.0013139769485935634 0.016506595322310847 0.045016393467089237 -0.025460190643461018 -0.014230870158162661 0.0017120737505981099 -0.026607645179406798 -0.025305492093681933 -0.0038271067853515835 -0.0086677801825061906 0.0023923943919804567 -0.030356494104653672 -0.036187373576975539 -0.0091389247020516925 0.021324914138182622 0.0031340499515285394 -0.029244101668030344 -0.0076458304847642255 0.010622670161093493
leaf_weight=12979.68949598074 2331.9735125899315 24208.821255400777 5141.346947491169 11254.50228780508 100367.62487570941 9043.4845484495163 4739.3181580305099 32740.204231381416 100671.84110105038 97073.460918605328 31105.823268055916 9991.5360067486763 5178.5829161405563 451.67890429496765 8503.072446346283 1640.9337548017502 313714.82176172733 2986.2079965621233 10910.559873521328 83675.302390158176 67939.419450938702 180910.73920813203 7784.9236606359482 3458.2794561386108 11271.386648505926 679.14153921604156 31265.752873450518 1245.6483706831932 38795.18060696125 23450.691327869892
leaf_count=5101 1755 29325 1676 5117 21471 2086 1417 13130 32616 41570 15815 5042 1393 47 5532 853 102581 7670 6792 38667 32571 88543 7839 5404 7745 631 17852 769 16630 6997
internal_value=-6.02616e-06 -0.00143753 0.00117625 -0.00310703 0.00280975 0.0119317 0.0203628 0.000191798 0.00305799 -0.00221187 -0.00647452 -0.000781244 -0.00511531 -0.0110308 -0.0218591 0.01462 0.00150893 -0.00254785 -0.00239528 -0.00630707 -0.00141645 0.000712278 -0.00931301 -0.00411142 -0.0178181 -0.0267183 -0.00353491 -0.00512149 -0.001326 0.00860082
internal_weight=1.23551e+06 819098 319261 499837 416414 26762.5 13782.8 292498 133412 159086 62013 30907.2 24124.9 18946.3 8954.75 6782.28 316047 475628 472642 94585.9 378056 211222 30310.8 166834 19056.3 4137.42 162697 131431 63491.5 24696.3
internal_count=524637 398830 126278 272552 125807 8604 3503 117674 45746 71928 30358 14543 12014 10621 5579 2529 104336 243227 235557 45459 190098 109244 20701 80854 15584 6035 74819 56967 24396 7766
is_linear=0
shrinkage=0.04


Tree=69
num_leaves=31
num_cat=0
split_feature=9 11 9 8 9 10 7 11 6 10 10 3 10 10 8 10 11 8 13 7 10 17 8 17 13 13 14 10 13 1
split_gain=2977.86 2300.76 1584.56 1475.17 1757.68 1232.08 2298.04 1304.85 1333.34 1252.8 1025.25 1388.17 1418.7 1381.6 1136.45 1421.24 1752.1 1233.57 1010.61 994.573 1049.29 996.956 992.361 972.907 927.953 927.872 1053 918.21 1344.52 1012.83
threshold=74.125000000000014 0.078402601182460799 75.625000000000014 18.125000000000004 73.375000000000014 -0.99866804480552662 6.0303659439086923 0.0096758542931638675 7.431300401687623 0.46514528989791876 -0.9193688929080962 1.6587681770324709 -0.93235439062118519 -0.87395131587982167 19.875000000000004 0.30675521492958074 -0.66686570644378651 16.125000000000004 9.5256195068359393 0.11759968847036363 -0.88622298836708058 -0.65159514546394337 19.125000000000004 -0.16125132888555524 0.045222181826829917 0.31669910252094274 1.6801648139953616 -0.7785360813140868 0.43675008416175848 0.1604900807142258
decision_type=2 2 2 2 2 2 2 2 2 2 2 2 2 2 2 2 2 2 2 2 2 2 2 2 2 2 2 2 2 2
left_child=3 2 10 23 22 6 -4 8 -8 -7 11 18 -13 -12 15 16 17 -15 24 -3 21 25 -5 -1 -2 26 -21 28 -18 -29
right_child=1 19 5 4 -6 9 7 -9 -10 -11 13 12 -14 14 -16 -17 27 -19 -20 20 -22 -23 -24 -25 -26 -27 -28 29 -30 -31
leaf_value=0.0023951783665719728 0.015388893525660313 -0.019982372090691116 -0.028769957046479423 0.007876779613271611 -0.0048364387299149585 0.00088176719152521516 0.012251639120759652 0.019230954909223771 -0.030455765594378795 -0.018042445307145487 -0.020617930119628137 -0.013066768203085204 0.019475966864713177 0.0083246812559508616 0.0014970576226761287 0.0039627702595973419 -0.02591586422478823 -0.01230163526026742 0.01916267547778621 -0.010942543542686242 -0.039250665589146333 -0.0024185563457464741 -0.00031524035763407009 0.0085312972491698776 -0.0017594889618738657 -0.006133123884978298 -0.045086626054810709 0.02787247909587694 0.0032884458291900349 -0.0067410784433043127
leaf_weight=72798.198569074273 6664.7787572741508 9757.8776884973049 6512.3191478848457 48520.824966177344 60689.466780617833 603836.24741831422 2080.9288114905357 4045.0819986760616 2648.4776716828346 5639.5403673648834 8667.6439030766487 14075.972423970699 2518.9559425115585 4953.9694428443909 41037.011979341507 18321.453026294708 3227.9904799461365 71560.725303888321 7296.6000210046768 3113.9460982829332 1490.8745717406273 44477.856542542577 46165.194902360439 95704.815124496818 20721.343492895365 8534.0987126976252 2700.6946708112955 3782.3069671392441 11403.740292966366 2097.3132119178772
leaf_count=21448 2634 16655 6781 11016 23409 230454 1192 1550 2195 5425 5238 8309 887 1206 18370 8625 2151 44019 2215 3139 5046 36665 12393 23993 10399 8171 4428 1075 4599 950
internal_value=-5.87524e-06 -0.00117689 -0.000596673 0.00328848 0.000477143 0.000424967 -0.0107874 0.00257664 -0.0116784 0.000706366 -0.00354706 0.00139313 -0.00811833 -0.00508185 -0.0042195 -0.00625323 -0.00818253 -0.0109653 0.00594519 -0.00813999 -0.00622119 -0.00537758 0.00388306 0.00588062 0.00241789 -0.0145418 -0.0268514 0.00219837 -0.00316778 0.015535
internal_weight=1.23505e+06 911168 841092 323879 155375 624763 15286.8 8774.49 4729.41 609476 216330 51277.7 16594.9 165052 156385 115347 97026 76514.7 34682.7 70075.3 60317.5 58826.6 94686 168503 27386.1 14348.7 5814.64 20511.4 14631.7 5879.62
internal_count=524637 432378 358274 92259 46818 247597 11718 4937 3387 235879 110677 24444 9196 86233 80995 62625 54000 45225 15248 74104 57449 52403 23409 45441 13033 15738 7567 8775 6750 2025
is_linear=0
shrinkage=0.04


Tree=70
num_leaves=31
num_cat=0
split_feature=9 11 8 9 12 10 10 8 11 10 4 10 8 7 10 10 13 13 8 9 8 11 8 10 10 12 10 11 14 4
split_gain=2757.25 2226.96 1272.71 1656.25 1186.52 2118.31 1215.53 1385.75 1145.73 1523.19 1242.76 1099.12 1089.34 1062.81 1074.23 1136.45 1097.81 1238.29 1273.9 1058.5 1044.76 1030.42 985.233 1041.77 1849.76 1295.79 1002.48 1589.71 1238.57 953.252
threshold=73.625000000000014 0.078402601182460799 16.875000000000004 75.625000000000014 0.028814638964831833 -0.99866804480552662 0.35544221103191381 20.625000000000004 0.0096758542931638675 -0.9769422411918639 0.1800230294466019 -0.86976337432861317 18.625000000000004 8.4262480735778826 -0.9193688929080962 -0.87395131587982167 9.6627459526062029 0.045222181826829917 20.125000000000004 74.125000000000014 19.875000000000004 0.026874557137489322 19.875000000000004 0.12225609645247461 1.0000000180025095e-35 1.4779955148696902 -0.13505011796951291 -0.70441487431526173 0.25084339082241064 0.12496908754110338
decision_type=2 2 2 2 2 2 2 2 2 2 2 2 2 2 2 2 2 2 2 2 2 2 2 2 2 2 2 2 2 2
left_child=12 2 19 13 5 20 29 -8 9 10 -6 -3 -1 14 16 -16 17 18 -4 -2 -5 -15 23 24 25 26 27 28 -17 -7
right_child=1 11 3 4 8 6 7 -9 -10 -11 -12 -13 -14 21 15 22 -18 -19 -20 -21 -22 -23 -24 -25 -26 -27 -28 -29 -30 -31
leaf_value=0.0067788089061619353 0.0081214488818168954 -0.0066996491051904833 0.019190813339430353 -0.010291570648806874 0.0005820920189490436 0.0039057226397074163 -0.0047278776729753101 -0.029026702727992154 0.015616042854597443 0.0016074886129345423 -0.014685888006166841 -0.047454041981884368 0.00081305006345688932 -0.010640227073344548 -0.019038023874450038 -0.04565173398682669 0.016476414118291774 -0.0034291671944250853 -0.028797538101874586 -0.0028171358211272076 -0.049103946221889072 0.019351171369004945 0.002580050393276293 0.00077884263273713891 -0.027630482972659055 -0.00032559411551965798 0.0031547063636578059 -0.0026767172493559217 -0.016484092881809249 -0.0040496149808803136
leaf_weight=116852.72432404757 48715.947506666183 78998.201440736651 7663.9898091852665 2169.1581921875477 16841.872899502516 45428.62320420146 13638.289296150208 5174.8074123859406 8728.2731536030769 461852.7455419302 17271.925370365381 1063.5134181380272 84303.445155501366 39629.063114464283 7440.6981319189072 2670.7025765180588 8056.5873675942421 31126.561276495457 991.50425893068314 19943.351237118244 2276.3297683894634 1912.8264603614807 37980.764178395271 37764.760740697384 6531.7530238628387 39461.836864113808 7168.3719220161438 13635.941132068634 18047.853164255619 51307.147350728512
leaf_count=26163 11410 77850 2733 1704 8722 18805 8898 4526 3569 164960 10314 3806 22032 17346 4488 2583 2588 16116 748 7987 2845 638 16995 18075 4578 17681 3802 6943 12478 23254
internal_value=-5.75558e-06 -0.000839714 -0.00030162 -0.000708752 0.000407942 -0.00316709 -0.00212333 -0.0114235 0.00125797 0.00100498 -0.00715017 -0.00724688 0.00427876 -0.00339083 -0.00227577 -0.00376034 0.0030213 0.000292942 0.0136668 0.00494419 -0.0302312 -0.00925493 -0.00306294 -0.00477376 -0.00716961 -0.00551614 -0.0104478 -0.0132862 -0.0202641 -0.000313647
internal_weight=1.23465e+06 1.03349e+06 953432 884772 624689 119994 115549 18813.1 504695 495967 34113.8 80061.7 201156 260083 218541 170703 47838.6 39782.1 8655.49 68659.3 4445.49 41541.9 163262 125281 87516.5 80984.7 41522.9 34354.5 20718.6 96735.8
internal_count=524637 476442 394786 375389 247597 60032 55483 13424 187565 183996 19036 81656 48195 127792 109808 87623 22185 19597 3481 19397 4549 17984 83135 66140 48065 43487 25806 22004 15061 42059
is_linear=0
shrinkage=0.04


Tree=71
num_leaves=31
num_cat=0
split_feature=2 11 10 14 12 8 12 7 11 11 11 10 9 10 9 12 7 9 10 10 11 10 7 8 10 10 10 10 13 10
split_gain=2578.72 1964.49 1971.31 1664.12 1195.59 1129.44 1374.65 1123.46 1561.89 1018.55 1156.29 1178.99 1738.03 1120.79 1242.21 1073.93 968.81 1098.78 967.082 2577.45 1240.81 2044.97 1792.84 2712.03 2588.38 2007.19 1342.41 2437.58 1288.73 1163.04
threshold=6.8776535987854013 -0.90892156958580006 -0.35141934454441065 1.0000000180025095e-35 0.037784514948725707 19.875000000000004 6.1830701828002939 3.5094593763351445 -0.9970029592514037 -0.97696766257286061 -0.99375280737876881 -0.083760455250740037 78.375000000000014 1.0000000180025095e-35 73.375000000000014 0.45641778409481054 10.662127494812013 75.625000000000014 -0.64659911394119252 -0.60639065504074086 -0.48501108586788172 -0.8940606117248534 1.6259842514991762 18.125000000000004 -0.80987083911895741 -0.68508586287498463 -0.76762619614601124 -0.69751432538032521 0.49376396834850317 -0.72174841165542591
decision_type=2 2 2 2 2 2 2 2 2 2 2 2 2 2 2 2 2 2 2 2 2 2 2 2 2 2 2 2 2 2
left_child=1 2 5 -3 -2 -1 -7 9 16 10 11 15 13 -13 -15 -4 -9 -18 20 -20 22 -22 23 -5 -24 29 28 -28 -25 -26
right_child=4 3 7 18 -6 6 -8 8 -10 -11 -12 12 -14 14 -16 -17 17 -19 19 -21 21 -23 24 26 25 -27 27 -29 -30 -31
leaf_value=0.0030762245894451956 -0.0063853446039368886 -0.013122577222627956 0.024446254646396628 -0.012134414010482779 0.0030716141714229764 0.028717538776403068 0.0020949420095421603 -0.00091537801790085734 0.0053675791493333356 0.00047717457752247296 -0.011533941556777727 -0.0011779017175746855 0.015783581582152283 0.043733556960961241 -0.024147393168614709 -0.010448647807517107 -0.0050833194138081772 -0.03635801584255606 -0.024304563865459573 -0.0035958857624953243 -0.0022844416516496187 -0.018760254956905413 0.0068187913243695176 -0.0098866475242240324 -0.0071386371043617135 0.007183220771787807 0.031129803104400403 -0.0075417228078900334 0.015179664359154181 -0.02260453496969091
leaf_weight=12971.344297111034 22609.516201674938 24127.099686786532 4765.9807723760605 7597.8557817339897 393561.95661155879 8990.1584907770157 4738.8067922592163 25161.986245691776 100620.42410957813 97035.966784715652 31067.206423640251 9989.8402698040009 5168.4912610054016 445.56395697593689 8442.8660058379173 1996.2571204304695 4632.9980305433273 2930.8053045272827 10856.803985893726 83614.185235738754 234933.30732083321 12695.750946760178 38421.685875177383 5285.2610135674477 34434.300185620785 13081.546850204468 12089.263805270195 3320.1656597852707 8623.7733401656151 10047.421380341053
leaf_count=5101 11110 29325 1511 4434 114697 2086 1417 10214 32616 41570 15815 5042 1393 47 5532 1018 1294 1622 6792 38667 133021 12429 12457 2794 14282 4964 3270 1874 2848 5395
internal_value=-5.69894e-06 -0.00130975 0.00114225 -0.00287665 0.0025577 0.011544 0.0195365 0.0001916 0.00289882 -0.00208012 -0.00608998 -0.000598422 -0.00474856 -0.0103752 -0.0206993 0.0141448 -0.00469106 -0.0172336 -0.00235595 -0.00597809 -0.00145658 -0.00312987 0.00166118 0.00915122 -0.00122018 -0.0065862 0.0146696 0.022798 0.00565452 -0.0106363
internal_weight=1.23426e+06 818087 318959 499128 416171 26700.3 13729 292258 133346 158912 61876.2 30809 24046.8 18878.3 8888.43 6762.24 32725.8 7563.8 475001 94471 380530 247629 132901 36916.3 95985 57563.3 29318.5 15409.4 13909 44481.7
internal_count=524637 398830 126278 272552 125807 8604 3503 117674 45746 71928 30358 14543 12014 10621 5579 2529 13130 2916 243227 45459 197768 145450 52318 15220 37098 24641 10786 5144 5642 19677
is_linear=0
shrinkage=0.04


Tree=72
num_leaves=31
num_cat=0
split_feature=9 11 9 14 10 10 10 8 10 8 10 10 10 14 17 10 7 10 10 10 8 11 11 12 7 8 11 8 4 11
split_gain=2481.86 1927.19 1586.9 1556.43 1372.91 1357.7 1217.95 1198.03 1082.06 1083.5 1063.38 1029.92 2404.54 1005.37 1002.8 987.993 1034.14 924.595 898.239 1213.43 885.27 854.865 1734.02 1206.9 1131.3 859.943 834.652 823.423 808.003 1747.25
threshold=74.125000000000014 0.23118848353624347 79.625000000000014 2.2161035537719731 -0.56456753611564625 -0.96689236164093006 -0.15207348018884656 17.875000000000004 -0.99940761923789967 17.875000000000004 -0.86976337432861317 -0.7996615171432494 -0.85671821236610401 19.237435340881351 0.19404749572277072 -0.82956761121749867 10.95050096511841 -0.99815973639488209 -0.11798679083585738 -0.36747109889984125 17.625000000000004 -0.99966478347778309 -0.99761277437210072 16.554822921752933 1.5886454582214358 20.125000000000004 -0.98932650685310353 20.375000000000004 4.0876605510711679 -0.86548534035682667
decision_type=2 2 2 2 2 2 2 2 2 2 2 2 2 2 2 2 2 2 2 2 2 2 2 2 2 2 2 2 2 2
left_child=4 2 8 5 11 -3 13 -5 20 26 -7 12 14 -6 17 16 -14 -1 19 -4 -2 23 27 24 -11 -26 -10 -23 -24 -30
right_child=1 3 18 7 6 10 -8 -9 9 21 -12 -13 15 -15 -16 -17 -18 -19 -20 -21 -22 22 28 -25 25 -27 -28 -29 29 -31
leaf_value=0.0080042631615311437 0.0094030909049193766 -0.05204708964685887 0.0027555814220913384 -0.0011962924993176335 0.014716039034713847 -0.0026495512944892724 0.002209679064056334 -0.036402278280259798 -0.01659902717581322 -0.018580072068296233 -0.04845762267421095 -0.0054584351117998994 0.0061689071033771753 0.0056030051503302035 0.0042037302252131443 0.00449786833458543 0.033542403322343047 -0.0067515364212715444 -0.002517533801767989 0.013142498375639276 -0.0185107696817573 -0.01903555041552701 0.00035332640619070206 -0.030559501192891685 0.023152668360460878 0.0030179237550035888 -0.0040607860292964249 -0.0032199307402610848 0.0025412308100514615 -0.0062151008317024468
leaf_weight=8138.8489609360695 2224.6872239112854 970.8861488699913 82717.713745027781 2166.1795088499784 29968.301782667637 25414.909779191017 93747.45151245594 5402.3321178257465 9531.2025055885315 1813.5832571983337 827.61878810822964 38854.945488333702 3358.6124564409256 54799.79111969471 40488.252506539226 6958.2976266145706 6466.6199705600739 40895.42396338284 33294.841520369053 22991.920445561409 9801.343308866024 12017.781155705452 442048.63837471604 1188.4453281760216 8292.367202937603 5746.2431636452675 77601.612066417933 9379.1022381782532 57719.002384722233 98967.851124852896
leaf_count=3030 1008 1492 28386 2103 6585 31783 23986 10166 5814 1116 3126 11457 957 9093 13446 1809 852 21044 12920 5130 8928 6795 196591 621 2579 2110 39254 3915 20932 47609
internal_value=-5.48146e-06 -0.00107536 -0.000708389 -0.0103079 0.00300276 -0.00584078 0.00535181 -0.0263409 -0.00144838 -0.0012507 -0.00411212 0.00011378 0.00215075 0.00882612 -0.000454641 0.0160398 0.024201 -0.00430119 0.00321132 0.00501577 -0.0133435 -0.000678555 -0.000921484 0.00815733 0.0110774 0.0149192 -0.00543405 -0.0121077 -0.00052153 -0.00298956
internal_weight=1.23379e+06 910118 875336 34781.9 323677 27213.4 178516 7568.51 736332 724306 26242.5 145161 106306 84768.1 89522.5 16783.5 9825.23 49034.3 139004 105710 12026 637173 620132 17040.6 15852.2 14038.6 87132.8 21396.9 598735 156687
internal_count=524637 432378 383708 48670 92259 36401 39664 12269 337272 327336 34909 52595 41138 15678 37520 3618 1809 24074 46436 33516 9936 282268 275842 6426 5805 4689 45068 10710 265132 68541
is_linear=0
shrinkage=0.04


Tree=73
num_leaves=31
num_cat=0
split_feature=5 11 8 10 9 10 7 10 13 10 14 11 10 14 10 14 8 10 9 11 14 7 8 13 14 10 10 10 10 10
split_gain=2349.16 1836.53 1986.06 1372.08 1540.99 1263.43 2519.45 2251.61 2296.64 2149.43 2427.63 1718.3 1819.92 2612.67 1287.59 1211.47 1411.36 1145.8 1152.3 1122.28 1309.76 1172.22 1094.11 1062.39 1048.61 1004.68 981.081 1000.97 951.055 1044.87
threshold=24.358097076416019 -0.14463099837303159 18.125000000000004 -0.92274349927902211 78.375000000000014 -0.96463498473167408 5.8221800327301034 -0.87395131587982167 1.0000000180025095e-35 -0.81984052062034596 1.1537886857986452 -0.90892156958580006 -0.083760455250740037 0.39976723492145544 -0.9769422411918639 4.3342754840850839 20.375000000000004 1.0000000180025095e-35 74.875000000000014 0.0096758542931638675 0.0074559897184371957 4.1961152553558358 20.125000000000004 1.0000000180025095e-35 17.513702392578129 -0.91597726941108693 -0.38341410458087916 -0.47652685642242426 -0.59262362122535694 -0.80987083911895741
decision_type=2 2 2 2 2 2 2 2 2 2 2 2 2 2 2 2 2 2 2 2 2 2 2 2 2 2 2 2 2 2
left_child=1 5 -3 19 -5 6 14 8 22 10 -9 12 13 -11 15 16 -1 26 -19 21 -21 -4 -7 -16 -12 -6 27 28 29 -2
right_child=17 2 3 4 25 7 -8 9 -10 11 24 -13 -14 -15 23 -17 -18 18 -20 20 -22 -23 -24 -25 -26 -27 -28 -29 -30 -31
leaf_value=-0.013874826096546753 0.0062849524698170159 0.0023434660359795936 -0.023676166893464329 -0.03096611038513997 -0.071329635501775915 0.027300369072042779 -0.0048506419450546285 -0.014612248549397614 -0.0074699222665757939 -0.017879538593942663 0.012305227902506101 -0.0027702274790612482 -0.00092577271776784435 0.0054910248878161554 -0.010997497044907196 0.017135496202999874 0.014270212863203608 -0.00043875590227104784 -0.02709071555502976 -0.021016840375924436 -0.0016313746082155314 -0.0071774613544969635 -0.022921482675922141 0.021900381862900855 -0.0085416314922039382 0.0076740031772446768 0.010071962156212342 -0.0059563245305864695 0.012814699402939314 -0.0051132654225378073
leaf_weight=7589.6512762308121 39159.586244523525 47391.061767235398 9825.4541436731815 7518.7184392958879 270.14853608608246 4486.5904253721237 23497.44919937849 6892.0754820108414 94437.930498301983 8008.7258724570274 48032.816437602043 266706.58218097687 239743.92891198397 168251.06595599651 1716.7719019651413 7478.1563204526901 4552.3098210096359 16015.681299626827 3087.6018654108047 6067.155629336834 67715.417756736279 23058.98059257865 812.85893929004669 17773.125285148621 4190.9690997004509 3182.4544913470745 51843.692466616631 15823.94957613945 19143.598026752472 19154.590991139412
leaf_count=3945 10970 27941 8791 16561 674 1304 9489 3752 41526 5043 13864 114504 96566 54717 771 2360 1579 2997 1791 9385 48996 13828 461 4792 1451 4875 9243 3461 3537 5463
internal_value=-5.33477e-06 -0.000689501 -0.00456974 -0.00735471 -0.0208189 1.87632e-05 0.00550031 -0.000389093 -0.00603145 0.000369585 0.00768597 -0.000264045 0.00134274 0.00442818 0.0117189 0.00448161 -0.00331952 0.00444866 -0.00475835 -0.00596802 -0.00322808 -0.0121128 0.0195684 0.0189984 0.0106309 0.00130422 0.00566085 0.00320844 0.00508125 0.00254072
internal_weight=1.23343e+06 1.0692e+06 165029 117638 10971.3 904171 62607.5 841564 99737.4 741826 59115.9 682710 416004 176260 39110 19620.1 12142 164229 19103.3 106667 73782.6 32884.4 5299.45 19489.9 52223.8 3452.6 145125 93281.7 77457.8 58314.2
internal_count=524637 487175 131051 103110 22110 356124 22936 333188 43291 289897 19067 270830 156326 59760 13447 7884 5524 37462 4788 81000 58381 22619 1765 5563 15315 5549 32674 23431 19970 16433
is_linear=0
shrinkage=0.04


Tree=74
num_leaves=31
num_cat=0
split_feature=9 11 11 11 8 7 9 8 8 10 4 11 11 7 10 10 10 10 10 10 3 12 10 10 10 6 4 10 1 14
split_gain=2243.11 1751.73 1187.19 1434.8 1237.19 1425.2 1175.59 1207.03 1522.98 1458.53 1297.63 1870.48 1458.53 1330.28 1832.09 1649.3 1578.2 1245.49 1972.55 2252.04 1484.4 1530.22 1315.99 1237.47 1408.04 1373.91 1214.54 1193.14 1178.16 1172.14
threshold=73.625000000000014 0.078402601182460799 0.026874557137489322 -0.12758953124284741 17.375000000000004 3.043547630310059 79.625000000000014 16.625000000000004 19.375000000000004 0.30675521492958074 0.39019568264484411 -0.86112883687019337 -0.97315269708633412 4.4625267982482919 -0.60639065504074086 -0.83904919028282154 -0.53584328293800343 0.30675521492958074 -0.74512827396392811 -0.76762619614601124 4.3208792209625253 0.20512721687555316 -0.52124115824699391 1.0000000180025095e-35 0.10516610741615297 0.33253528177738195 5.4525330066680917 -0.86546283960342396 24.211740493774418 3.0550464391708378
decision_type=2 2 2 2 2 2 2 2 2 2 2 2 2 2 2 2 2 2 2 2 2 2 2 2 2 2 2 2 2 2
left_child=-1 2 3 6 -5 -6 7 -2 17 10 12 -12 -10 -14 15 -15 -16 18 19 20 -9 -22 -20 25 -25 -24 -21 -23 -13 -4
right_child=1 -3 29 4 5 -7 -8 8 9 -11 11 28 13 14 16 -17 -18 -19 22 26 21 27 23 24 -26 -27 -28 -29 -30 -31
leaf_value=0.0038612006272108462 0.005253477617134265 -0.0064481402919039721 -0.0004332787364242072 0.0081762815073645138 -0.025701687910749001 -0.0063936159941787264 0.0034012809570572655 0.0012279559138717107 -0.0018202978220157812 -0.0079686066557450447 0.0032174748695943246 -0.0060222845571545249 0.0096258102336094168 0.0011805843483930763 0.027847213864666188 -0.01916646706259062 0.0038349916876596556 0.003886962451886038 -0.013651815247472658 0.028261992387422056 0.007925005869803145 -0.023536836426783822 -0.017151757260867123 -0.022222196502749036 -0.0060662573448004992 -0.00067244010739661575 -0.0097793546095002216 0.00020291623541020371 0.0075240453897515193 0.018346818824516865
leaf_weight=200942.71801067889 50093.051770329475 79856.758460864425 10515.457895815372 6629.3097776174545 7827.7104671299458 27909.792634218931 127618.07041138411 70701.653358399868 55752.363051891327 30654.213228285313 87830.92997699976 98535.378071784973 69772.256816208363 18658.955672264099 5532.2031053900719 9670.4007717370987 20895.053438603878 34003.859944403172 36190.022286176682 6442.4003015756607 5330.9541147351265 11766.074748158455 8999.9330734014511 12040.500128209591 30462.654495596886 79693.32315826416 1690.2989439964294 4754.9068970680237 11459.475547730923 10746.180646598339
leaf_count=48195 12396 81656 5798 2673 7652 17701 39254 30284 22381 18170 30623 43209 25337 7221 1281 4525 6859 15870 21114 1711 2201 6697 6010 7452 14904 33734 773 1804 3608 3544
internal_value=-5.19443e-06 -0.000758033 -0.000280755 -0.000494253 -0.007685 -0.0106287 -0.000151309 -0.000747161 -0.0011701 0.000421549 0.00110196 -0.00113501 0.00355654 0.00596374 0.00129653 -0.00576932 0.00887027 -0.00332381 -0.00423857 0.000185539 -0.0015886 -0.0106979 -0.00689962 -0.00503615 -0.0106471 -0.00234638 0.0203532 -0.0167083 -0.00461045 0.00906283
internal_weight=1.23298e+06 1.03203e+06 952177 930916 42366.8 35737.5 888549 760931 710838 408761 378107 197826 180281 124529 54756.6 28329.4 26427.3 302077 268073 100686 92553.6 21851.9 167386 131196 42503.2 88693.3 8132.7 16521 109995 21261.6
internal_count=524637 476442 394786 385444 28026 25353 357418 318164 305768 163214 145044 77440 67604 45223 19886 11746 8140 142554 126684 43470 40986 10702 83214 62100 22356 39744 2484 8501 46817 9342
is_linear=0
shrinkage=0.04


Tree=75
num_leaves=31
num_cat=0
split_feature=9 11 14 9 8 9 8 4 10 8 8 17 10 10 11 11 12 7 8 3 8 8 10 14 11 10 7 4 11 10
split_gain=2085.89 1595.5 1516.55 1353.95 1267.92 1454.55 1209.96 1023.23 912.859 994.215 884.748 855.526 823.835 1043.97 802.3 1560.17 1125.57 1037.37 812.068 803.444 917.234 764.436 753.308 780.11 742.5 741.741 724.974 714.499 1459.04 2416.21
threshold=74.125000000000014 0.23118848353624347 8.4875326156616229 79.625000000000014 18.125000000000004 73.375000000000014 20.625000000000004 0.1800230294466019 -0.99940761923789967 17.875000000000004 19.125000000000004 -0.16125132888555524 -0.11798679083585738 -0.36747109889984125 -0.99966478347778309 -0.99761277437210072 16.554822921752933 1.5886454582214358 20.125000000000004 1.0000000180025095e-35 19.625000000000004 17.625000000000004 -0.47652685642242426 10.484933853149416 -0.98932650685310353 -0.99630266427993763 11.596426963806154 4.0876605510711679 -0.86548534035682667 -0.65962448716163624
decision_type=2 2 2 2 2 2 2 2 2 2 2 2 2 2 2 2 2 2 2 2 2 2 2 2 2 2 2 2 2 2
left_child=4 3 6 8 11 10 -3 -8 21 24 -6 -1 13 22 16 19 17 -11 -19 20 -16 -2 -5 -24 -10 -12 -21 -17 -29 -30
right_child=1 2 -4 12 5 -7 7 -9 9 14 25 -13 -14 -15 15 27 -18 18 -20 26 -22 -23 23 -25 -26 -27 -28 28 29 -31
leaf_value=0.001888815307519748 0.0088567044974718484 -0.0042399867882707085 -0.060720893965865795 0.0038438797508737496 0.0070214372980398412 -0.0046908028681314686 -0.016119659408778131 -0.057714661064767886 -0.015714177404999981 -0.017672747769869327 -0.028254173950580431 0.0076471137419917125 -0.0025177692020394598 0.012243877090409248 -0.020959271600925353 0.0003598508763762366 -0.029556333711265651 0.022478040199749527 0.0028997047387213548 -0.015195596080576211 0.0047518641318087243 -0.017107308515161731 0.0097954479480772613 -0.017448903297238576 -0.0038706698507890575 0.00021547098300557323 -0.047160294003830004 0.0022688764638323471 -0.0028296349702394853 -0.019195888215827454
leaf_weight=72702.287989974022 2221.8697797656059 26983.387989148498 887.80063655972481 74778.666875422001 48436.61231072247 60611.949646517634 5638.1338361948729 1131.1576329916716 9500.2672299742699 1807.2891326546669 1503.9066866636276 95538.730621129274 33291.372769773006 22948.930529713631 3236.9199141263962 441645.47928839922 1180.5886277556419 8267.9917526245117 5745.8603762984276 9827.8104267716408 7011.1677524447441 9752.5458644330502 2413.7096841335297 5494.0579183101654 77537.712091475725 44615.864984199405 1277.8477628231049 57703.779913723469 81310.431254148483 17539.185667872429
leaf_count=21448 1008 33977 2092 25992 11016 23409 9707 2894 5814 1116 810 23993 12920 5130 2045 196591 621 2579 2110 5189 2616 8928 607 1787 39254 11583 860 20932 38413 9196
internal_value=-5.0256e-06 -0.000986474 -0.00940461 -0.000652911 0.00275386 0.000145901 -0.00803725 -0.0231451 -0.00133693 -0.00115557 0.00324646 0.00515903 0.00296855 0.00469766 -0.000607264 -0.000842562 0.00796259 0.0107792 0.0144585 -0.0114641 -0.00338167 -0.0122863 0.00260205 -0.00913117 -0.00516506 -0.000718811 -0.0189127 -0.000463222 -0.00278503 -0.0057352
internal_weight=1.23254e+06 909134 34640.5 874493 323409 155168 33752.7 6769.29 735567 723592 94556.4 168241 138927 105635 636554 619553 17001.7 15821.1 14013.9 21353.7 10248.1 11974.4 82686.4 7907.77 87038 46119.8 11105.7 598199 156553 98849.6
internal_count=524637 432378 48670 383708 92259 46818 46578 12601 337272 327336 23409 45441 46436 33516 282268 275842 6426 5805 4689 10710 4661 9936 28386 2394 45068 12393 6049 265132 68541 47609
is_linear=0
shrinkage=0.04


Tree=76
num_leaves=31
num_cat=0
split_feature=2 14 10 10 10 10 10 10 10 10 14 10 9 8 10 10 13 3 9 10 14 9 10 10 11 7 11 16 8 10
split_gain=1977.95 1375.17 1293.18 2087.54 2721.8 1682.37 1208.52 1299.63 1415.25 1356.59 1589.61 1459.63 1148.76 1032.41 977.238 1287.46 968.974 1083.59 936.15 1452.34 908.212 956.165 858.393 1419.41 1252.17 1525.26 1209.22 855.225 840.527 838.495
threshold=2.912310123443604 1.0000000180025095e-35 -0.59262362122535694 -0.80987083911895741 -0.85671821236610401 -0.01505099539645016 -0.57868120074272145 -0.38341410458087916 -0.35141934454441065 -0.47652685642242426 9.1623287200927752 -0.52124115824699391 76.375000000000014 19.625000000000004 -0.7785360813140868 -0.74512827396392811 23.187358856201175 32.783298492431648 77.125000000000014 -0.76762619614601124 8.4875326156616229 74.375000000000014 -0.96463498473167408 -0.92923668026924122 -0.16162966936826703 13.833703994750978 -0.11051030829548834 -2.0036113262176509 16.125000000000004 0.25725142657756811
decision_type=2 2 2 2 2 2 2 2 2 2 2 2 2 2 2 2 2 2 2 2 2 2 2 2 2 2 2 2 2 2
left_child=1 -1 3 4 16 6 27 9 13 10 -8 -12 -6 -9 -5 18 22 -18 -16 -20 -11 -22 24 -24 25 -2 -26 -4 -3 -7
right_child=2 28 5 14 12 29 7 8 -10 20 11 -13 -14 -15 15 -17 17 -19 19 -21 21 -23 23 -25 26 -27 -28 -29 -30 -31
leaf_value=-0.0092440665335744177 0.014832813641387211 0.010671544355863417 0.036115042042798064 -0.01853410852352803 0.019569466595604192 -0.0037350628150613014 -0.009031401186248381 0.0075647692477343259 0.0056826254365789051 0.0053028740939929028 0.00027652965745442258 0.016048125073469595 0.0033104879890378724 0.027516031519569016 -0.0035775352263139378 -0.0075610242973716112 0.0095467879336083427 -0.013009178393372425 -0.017829344920369309 0.025661893781697455 -0.0027192528183376937 -0.018202718377232398 -0.014916938663735609 -0.0010597486213622513 -0.017069528656361369 -0.0125389644334656 0.00053646314312142394 0.0072546269165648727 -0.0012193232066239432 0.0053047426408335411
leaf_weight=34438.731463328004 16439.733929693699 9646.7977107912302 3392.3101149201393 8862.7848972082138 17583.451309919357 61919.562951683998 9749.2934013009071 7844.0373286604881 117000.1751909256 10284.871093153954 16849.371068179607 21195.371190547943 11503.894911646843 8826.1004832983017 8113.2495367527008 48421.559457778931 24278.53103274107 3954.9365990161896 1561.8697015047073 5643.6121159791946 16633.246753096581 10347.9642816782 17547.368243604898 36242.74348975718 7599.2824606895447 4053.3841390609741 34726.087072491646 3188.8700069785118 632039.12546011806 22329.829039752483
leaf_count=35207 5003 3225 519 3453 3905 20445 4249 1661 29335 3652 4369 4225 3537 1659 2632 17384 6518 1233 646 1233 3301 3836 10559 14769 3929 1540 18144 879 306467 7123
internal_value=-4.99894e-06 -0.00145839 0.00176209 -0.000399386 0.00197873 0.00348344 0.00528656 0.00477778 0.00723722 0.000912431 0.00537253 0.00906506 0.0131425 0.0181382 -0.00609595 -0.00436385 -0.000263932 0.00638367 0.00574058 0.016223 -0.00480758 -0.00866209 -0.00187387 -0.00558216 0.00130185 0.00941541 -0.00262788 0.0221631 -0.0010404 -0.00133877
internal_weight=1.23222e+06 676125 556093 246532 173929 309561 225312 218730 133670 85060.1 47794 38044.7 29087.3 16670.1 72603.1 63740.3 144842 28233.5 15318.7 7205.48 37266.1 26981.2 116609 53790.1 62818.5 20493.1 42325.4 6581.18 641686 84249.4
internal_count=524637 344899 179738 94485 69137 85253 57685 56287 32655 23632 12843 8594 7442 3320 25348 21895 61695 7751 4511 1879 10789 7137 53944 25328 28616 6543 22073 1398 309692 27568
is_linear=0
shrinkage=0.04


Tree=77
num_leaves=31
num_cat=0
split_feature=9 11 11 10 10 14 10 3 14 6 10 10 10 10 10 7 8 7 12 14 9 10 13 10 10 7 10 10 10 10
split_gain=1894.89 1495.67 1100.24 1291.82 2611.32 1806.56 1486.67 1682.59 1585.81 1533.73 1198.93 1149.27 1888.93 1410.84 2945.56 2069.99 1231.32 1086.42 1193.97 1073.97 1024.18 1550.62 2155.56 1351.32 2205.6 3626.7 1834.18 1359.26 2647 1467.91
threshold=73.625000000000014 0.078402601182460799 0.026874557137489322 -0.9769422411918639 -0.96463498473167408 5.1357336044311532 -0.93235439062118519 0.27087615430355078 1.8403632044792178 0.43113341927528387 -0.9193688929080962 0.12225609645247461 0.27383534610271459 -0.69751432538032521 -0.78921556472778309 0.74104884266853344 19.125000000000004 5.890758991241456 0.36035986244678503 3.0550464391708378 79.125000000000014 -0.87395131587982167 1.3880532979965212 -0.80987083911895741 -0.59262362122535694 1.700115501880646 -0.69751432538032521 -0.65962448716163624 -0.68508586287498463 -0.74512827396392811
decision_type=2 2 2 2 2 2 2 2 2 2 2 2 2 2 2 2 2 2 2 2 2 2 2 2 2 2 2 2 2 2
left_child=-1 2 3 -2 5 -5 7 -6 -9 11 17 13 -13 14 -8 -16 -14 18 -11 -4 21 22 -12 -23 25 26 -25 28 29 -27
right_child=1 -3 19 4 6 -7 9 8 -10 10 20 12 16 -15 15 -17 -18 -19 -20 -21 -22 23 -24 24 -26 27 -28 -29 -30 -31
leaf_value=0.0035500589143560696 -0.0054288168402124885 -0.0059581097449871246 -0.00034104300724226378 0.019280035911086991 0.0014658342932437549 -0.0016057413977899962 -0.015199817250253551 0.0044251903237739398 -0.020783820379246802 0.014181125787391665 -0.038315257755387376 0.013906550847277228 0.004610556820681508 -0.014283536816721919 0.027921507244061009 -0.0088897435301987585 -0.0088791386788506805 0.018247456429498939 -0.025140388684714993 0.017644936662051018 0.0034079457447174551 0.0067022015342682317 -0.0052848671620712717 0.017582964265290879 0.00084626189054462964 -0.0053886657652712023 -0.015460462651520556 -0.019780427556456873 0.01077925680347281 -0.020975459320227693
leaf_weight=200802.59456457198 76837.586392790079 79760.865968376398 10515.698446452618 18528.412674307823 17294.991439878941 10310.053454697132 11175.708359181881 5156.7846096754074 17628.598123311996 2630.7404045462608 3562.4605049490929 11571.37176656723 16732.166786372662 30416.751034259796 6598.7629442811012 3872.3761407732964 30637.523946523666 11295.388213992119 2312.2890137434006 10723.157047450542 142620.59478789568 45400.198727428913 27507.555380880833 12837.527994275093 352934.60410374403 23951.617005169392 3390.4938480854034 18015.959304094315 10601.841868460178 16211.08914732933
leaf_count=48195 43596 81656 5798 5308 7042 4034 6380 2135 9507 934 2568 4567 8434 19194 2028 2095 19930 3325 1285 3544 41206 15377 11761 4398 135755 9897 2296 9876 3803 8713
internal_value=-4.73821e-06 -0.000697093 -0.000255917 -0.000461533 -1.41284e-05 0.0118152 -0.000428091 -0.00794124 -0.0150791 -4.40363e-05 0.000674231 -0.00440018 -0.000574646 -0.00873013 -0.000923838 0.0143127 -0.00411427 0.0114079 -0.00422662 0.00874382 0.000408782 -0.000422783 -0.00908321 0.000134098 -0.000546934 -0.00633056 0.010674 -0.0103436 -0.00699126 -0.0116837
internal_weight=1.23184e+06 1.03103e+06 951272 930033 853196 28838.5 824357 40080.4 22785.4 784277 673272 111005 58941.1 52063.6 21646.8 10471.1 47369.7 16238.4 4943.03 21238.9 657034 514413 31070 483343 437943 85008.5 16228 68780.5 50764.5 40162.7
internal_count=524637 476442 394786 385444 341848 9342 332506 18684 11642 313822 251194 62628 32931 29697 10503 4123 28364 5544 2219 9342 245650 204444 14329 190115 174738 38983 6694 32289 22413 18610
is_linear=0
shrinkage=0.04


Tree=78
num_leaves=31
num_cat=0
split_feature=15 11 4 14 10 10 8 7 11 17 11 11 11 9 4 10 10 10 7 11 14 10 10 7 10 3 8 11 3 9
split_gain=1817.83 1455.35 1171.33 1074.02 838.53 2562.84 2014.84 1182.13 995.509 1742.85 1292.33 1220.61 1040.92 1823.62 926.92 1903.66 3133.57 1597.1 1148.29 1034.3 1188.14 1040.26 2835.46 2725.91 1630.2 1445.08 1008.45 932.413 983.193 899.864
threshold=1.0000000180025095e-35 0.48689031600952154 3.0597372055053715 1.0000000180025095e-35 -0.41495507955551142 -0.35141934454441065 20.125000000000004 8.7268676757812518 -0.99628248810768116 -14.227000236511229 -0.99552518129348744 -0.99273797869682301 -0.99966478347778309 74.875000000000014 0.15177482366561892 -0.53584328293800343 -0.56456753611564625 -0.99993467330932606 1.7399665117263796 0.37844388186931616 3.9078475236892705 -0.69751432538032521 -0.72174841165542591 1.6259842514991762 -0.59262362122535694 2.5414630174636845 19.625000000000004 0.34638161957263952 1.0000000180025095e-35 79.875000000000014
decision_type=2 2 2 2 2 2 2 2 2 2 2 2 2 2 2 2 2 2 2 2 2 2 2 2 2 2 2 2 2 2
left_child=1 3 -2 -1 14 6 -6 -8 12 11 -11 -10 13 -7 15 16 17 -5 -17 21 29 22 27 -24 -23 -26 -18 -19 -29 -21
right_child=2 -3 -4 4 5 8 7 -9 9 10 -12 -13 -14 -15 -16 18 26 19 -20 20 -22 24 23 -25 25 -27 -28 28 -30 -31
leaf_value=-0.0079973636892315941 -7.6502999003473039e-07 -0.046703468676112227 0.0042884356065596733 -0.049948988596232334 0.0020502026938745833 -0.023808612854968235 0.032788927858377441 0.0067204513977869368 0.040290568345589917 0.01650726376461609 -0.00022373975274880939 0.0064971493247899153 -0.0086729497525718843 0.0086498743334702151 -0.0030878613562196791 -0.040220491465968768 0.0068467707177674985 0.00084694334662208494 -0.0087001145269881789 -0.015706512786191815 -0.071009918255155263 -0.020463824233399288 0.046355740943574066 -0.012686609182327816 -0.020352644839739139 0.031910426172144513 0.043972316442300048 0.034136563569972717 -0.019908503104323738 0.039364206018452273
leaf_weight=33870.203925922513 200334.03001430631 1107.4625685214996 207253.05237364769 978.82694360613823 13376.416932284832 3367.3977579474449 8545.7850289344788 4134.3570028543472 2917.5056210756302 7635.2623687982559 218375.75870579481 4123.9306188225746 38692.646681368351 15378.438964724541 307684.39076395333 2316.8895315527916 1740.1485579609871 120985.55009847879 9053.2016603946686 4319.8754878342152 555.1044819355011 7601.9725904464722 4331.9425498843193 1752.4588412046432 1350.284825861454 2234.9441742300987 3593.6443236470222 2524.5208556056023 676.73654758930206 523.59014675021172
leaf_count=33176 69412 4106 52824 1243 5348 1733 1797 1164 384 2342 90643 1041 17942 5630 145872 1881 834 64085 3994 6429 1507 4984 814 834 882 538 572 1335 959 332
internal_value=-4.59892e-06 -0.00108569 0.00218029 -0.00102371 -0.000724158 0.000868762 0.0128836 0.0243013 -0.000209358 0.00095318 0.000342184 0.0205362 -0.00492562 0.00280963 -0.00179194 0.000631435 0.00180404 0.000716277 -0.0151527 0.00105735 -0.0161098 0.0017136 0.00271903 0.0293572 -0.00998628 0.012225 0.0318956 0.00141167 0.0226852 -0.0096844
internal_weight=1.23134e+06 823749 407587 822642 788772 316547 26056.6 12680.1 290491 233052 226011 7041.44 57438.5 18745.8 472224 164540 153170 147836 11370.1 146857 5398.57 141458 130271 6084.4 11187.2 3585.23 5333.79 124187 3201.26 4843.47
internal_count=524637 402401 122236 398295 365119 128024 8309 2961 119715 94410 92985 1425 25305 7363 237095 91223 85348 83942 5875 82699 8268 74431 68027 1648 6404 1420 1406 66379 2294 6761
is_linear=0
shrinkage=0.04


Tree=79
num_leaves=31
num_cat=0
split_feature=9 11 14 9 8 9 8 4 8 10 8 17 10 10 8 11 11 12 7 8 3 8 7 10 14 10 11 12 3 3
split_gain=1742.92 1325.84 1445.88 1187.5 1178.4 1272.09 1134.93 981.389 812.915 792.212 902.229 768.571 749.276 888.387 715.388 709.587 1370.27 1037.18 928.671 756.736 752.522 842.64 692.035 689.705 703.957 681.427 673.943 669.703 769.435 666.693
threshold=74.125000000000014 0.23118848353624347 8.4875326156616229 79.625000000000014 18.125000000000004 73.375000000000014 20.625000000000004 0.1800230294466019 19.125000000000004 -0.99940761923789967 17.875000000000004 -0.16125132888555524 -0.11798679083585738 -0.36747109889984125 17.375000000000004 -0.99966478347778309 -0.99761277437210072 16.554822921752933 1.5886454582214358 20.125000000000004 1.0000000180025095e-35 19.375000000000004 11.596426963806154 -0.47652685642242426 10.484933853149416 -0.99630266427993763 -0.98932650685310353 1.0000000180025095e-35 1.0000000180025095e-35 0.29883340001106268
decision_type=2 2 2 2 2 2 2 2 2 2 2 2 2 2 2 2 2 2 2 2 2 2 2 2 2 2 2 2 2 2
left_child=4 3 6 9 11 8 -3 -8 -6 14 26 -1 13 23 -2 17 20 18 -12 -20 21 -17 -22 -5 -25 -10 -11 -28 -29 -14
right_child=1 2 -4 12 5 -7 7 -9 25 10 15 -13 29 -15 -16 16 -18 -19 19 -21 22 -23 -24 24 -26 -27 27 28 -30 -31
leaf_value=0.0017374707837053225 0.012938651951575184 -0.0036001250456180749 -0.059433440401035695 0.00369950421328297 0.006524849670487185 -0.0045214061642025972 -0.015138467043635891 -0.05633018162680796 -0.027350798896299659 -0.014955543114004986 -0.016725523467155674 0.0071974587429736751 0.0017275229260925124 0.011413052659774854 -0.015376354665681836 -0.022477766166143706 -0.00041373514346288099 -0.028588357991245143 0.021481603834940865 0.0025632124794562239 -0.014350202410347707 0.0038101914352925187 -0.04579916472900912 0.0092610940181050705 -0.016637936477408171 -3.5971376005069791e-06 0.0039091260606782677 -0.00039263974549535855 -0.0093589705841855657 -0.01012945485722869
leaf_weight=72650.596417710185 1649.6673713326454 26930.763367220759 862.55561736226082 74728.145469486713 48386.254204928875 60570.817250698805 5607.6441486626863 1102.0195290744305 1497.1269309520721 9477.4284972548485 1802.7636729478836 95452.045500427485 21589.258824050426 22906.593170881271 10287.713496506214 2611.275280714035 597316.56161820889 1174.4415720105171 8231.843391418457 5743.4228658676147 9805.5696422457695 7621.1327029466629 1257.8121683001518 2410.9090809822083 5482.7948622703552 44590.975798010826 15061.285841584206 26955.971444487572 35445.999269008636 11687.164345502853
leaf_count=21448 684 33977 2092 25992 11016 23409 9707 2894 810 5814 1116 23993 8583 5130 9252 1733 265132 621 2579 2110 5189 2928 860 607 1787 11583 7585 13190 18479 4337
internal_value=-4.35502e-06 -0.000902415 -0.00859189 -0.0005985 0.00251832 3.13592e-06 -0.00727102 -0.0219777 0.00290415 -0.00123976 -0.00107081 0.004838 0.00279438 0.00444458 -0.0114559 -0.000547984 -0.000769289 0.00752335 0.0102277 0.0137141 -0.0107372 -0.0029138 -0.0179638 0.00251145 -0.0087261 -0.000897685 -0.00489236 -0.00365938 -0.00548644 -0.00243861
internal_weight=1.2309e+06 907751 34503 873248 323148 155045 33640.4 6709.66 94474.4 734443 722506 168103 138805 105528 11937.4 635565 618612 16952.5 15778 13975.3 21295.8 10232.4 11063.4 82621.8 7893.7 46088.1 86940.7 77463.3 62402 33276.4
internal_count=524637 432378 48670 383708 92259 46818 46578 12601 23409 337272 327336 45441 46436 33516 9936 282268 275842 6426 5805 4689 10710 4661 6049 28386 2394 12393 45068 39254 31669 12920
is_linear=0
shrinkage=0.04


Tree=80
num_leaves=31
num_cat=0
split_feature=11 10 9 8 14 10 8 11 4 17 11 8 3 10 10 11 15 8 17 3 11 13 2 11 10 3 14 10 3 10
split_gain=1695.83 3752.84 1857.89 1550.83 1516.27 1325.43 1273.99 1358.55 1259.49 1107.7 2133.05 1089.55 1041.1 2139.06 1672.68 1040.12 1001.91 988.462 980.692 924.222 850.866 1112.02 828.777 1028.32 1242.51 848.763 1055.31 1305.36 832.029 1431.49
threshold=-0.92602273821830738 -0.35141934454441065 74.125000000000014 19.625000000000004 1.0000000180025095e-35 -0.25309335440397257 19.125000000000004 -0.94978386163711537 1.0000000180025095e-35 -14.227000236511229 -0.99552518129348744 19.125000000000004 1.0000000180025095e-35 0.019350802991539243 0.25725142657756811 0.44118724763393408 0.56250000000000011 18.625000000000004 -4.0421631336212149 4.2434172630310067 -0.95998492836952198 4.1446356773376474 21.885338783264164 -0.89787882566452015 -0.59262362122535694 8.9419445991516131 15.488757133483888 -0.82956761121749867 1.0000000180025095e-35 -0.64659911394119252
decision_type=2 2 2 2 2 2 2 2 2 2 2 2 2 2 2 2 2 2 2 2 2 2 2 2 2 2 2 2 2 2
left_child=1 3 5 19 11 -3 -4 9 16 10 -8 -2 20 -14 18 22 -9 -17 -15 -1 -11 -22 28 -24 25 26 -25 -28 29 -6
right_child=4 2 6 -5 15 -7 7 8 -10 12 -12 -13 13 14 -16 17 -18 -19 -20 -21 21 -23 23 24 -26 -27 27 -29 -30 -31
leaf_value=-0.0078116726212884395 0.00063116254574301024 0.014167089810537053 -0.0048515330002051119 0.024950733951407802 0.0023738446401709756 0.0032446151254911229 -0.024109733025677389 -0.0053518910284567891 -0.023816897934230728 0.0031445238401179897 0.033162384303267685 -0.015993376328922698 0.0028747367196462164 -0.00015365002165793347 0.01129848768338935 -0.0058974616828617026 0.029422596735186848 -0.052455928982195629 -0.01809792375584662 0.014329846052915891 0.0024713481547913637 0.026394411212845893 -0.0091534327909160145 -0.00084272551147534028 0.010929642003823523 -0.0039765777356442194 0.017940575341594316 -0.0064538753710822244 -0.0023763400133212406 -0.0047514666362942336
leaf_weight=4832.8293009400368 9613.5512127578259 21646.489922761917 84003.109252214432 14944.745558023453 181290.87202653289 99268.321616649628 1359.8013586997986 18019.525705754757 5949.8475997447968 74417.276715219021 4337.9026575684547 18328.661588177085 65298.433708071709 6416.2567563652992 5053.767746925354 1881.3885152041912 1420.9234908819199 1184.8127439022064 20253.1580067873 7992.8513391017914 6213.5988768339157 6216.3696004152298 10994.162592291832 24139.411145329475 27791.378320932388 31419.228511601686 13977.580325752497 4679.4660941362381 397632.83545883 60047.113701224327
leaf_count=2182 7628 3618 41796 3150 92851 22311 649 8334 2526 27617 774 24044 21354 2569 1722 3591 264 4634 10034 1526 2507 1372 2709 9814 5537 9500 3369 1484 174977 30194
internal_value=-4.33294e-06 0.00195944 0.00101736 0.0161978 -0.00112707 0.005201 -0.000674842 0.00095752 -0.00772966 0.00212142 0.0194757 -0.0102755 0.00158261 -0.00126506 -0.00978457 -0.000788376 -0.00279637 -0.0240002 -0.0137825 0.00598714 0.00476368 0.0144471 -0.000693411 0.00246419 0.00371709 0.00101512 0.00467987 0.0118219 -0.00125186 0.000600878
internal_weight=1.23063e+06 447645 419875 27770.4 782980 120915 298960 214957 25390.3 189567 5697.7 27942.2 183869 97021.6 31723.2 755038 19440.4 3066.2 26669.4 12825.7 86847.2 12430 751972 113001 102007 74215.7 42796.5 18657 638971 241338
internal_count=524637 154305 147447 6858 370332 25929 121518 79722 11124 68598 1423 31672 67175 35679 14325 338660 8598 8225 12603 3708 31496 3879 330435 32413 29704 24167 14667 4853 298022 123045
is_linear=0
shrinkage=0.04


Tree=81
num_leaves=31
num_cat=0
split_feature=8 11 14 9 9 13 7 10 8 4 8 10 12 10 10 7 10 8 11 7 14 1 10 4 10 13 8 4 10 10
split_gain=1577.54 1875.76 1712.89 1291.27 1225.28 1266.13 1249.32 1010.13 979.444 970.397 951.293 1228.77 1513.41 922.916 915.799 1491.19 884.951 1218.06 971.672 1096.84 869.462 822.551 814.467 1530.63 1138.81 800.457 917.71 810.229 861.277 779.864
threshold=16.875000000000004 0.23118848353624347 8.4875326156616229 73.625000000000014 75.375000000000014 1.0000000180025095e-35 8.4262480735778826 -0.9193688929080962 20.625000000000004 0.13342612981796267 19.875000000000004 0.12225609645247461 1.3001744747161867 0.46514528989791876 -0.99940761923789967 12.314128398895265 -0.99275806546211232 18.875000000000004 -0.99465739727020253 8.9426112174987811 3.2712978124618535 0.34708170592784887 -0.98370367288589466 0.24646032601594928 -0.9769422411918639 0.045222181826829917 20.125000000000004 1.7925150394439699 -0.92599865794181813 -0.86976337432861317
decision_type=2 2 2 2 2 2 2 2 2 2 2 2 2 2 2 2 2 2 2 2 2 2 2 2 2 2 2 2 2 2
left_child=-1 3 8 13 6 16 7 25 29 -10 11 12 -9 -2 15 -7 17 -6 -18 22 -13 -22 23 -20 -24 26 -5 -27 -29 -3
right_child=1 2 -4 4 5 14 -8 10 9 -11 -12 20 -14 -15 -16 -17 18 -19 19 -21 21 -23 24 -25 -26 27 -28 28 -30 -31
leaf_value=0.0048065837010155352 0.0033323086607350777 -0.0031705187784854534 -0.047265560501338746 0.018900789460054107 0.018247546118717092 -0.020140817545426761 -0.009929465369483274 -0.013936079946719495 -0.013990414806654678 -0.054114469986587574 0.0026678767930437071 0.0056368199934319707 -0.0028572825441812062 -0.031417027851283488 0.00077063743429547622 0.021691126633868209 -0.030824200027386853 -0.034080597925024242 -0.021323988835511478 0.029349753747326304 -0.02592976646790553 -0.0012514902040509795 -0.045428910244548322 0.026734567086379665 -0.0052699520134377878 0.0042012164004531357 -0.015917177003920951 -0.0099468869405183007 0.043830999001574805 -0.042883389575207702
leaf_weight=100172.53217352927 169321.2406257391 31441.810861572623 1766.0067072510719 7820.9078394472599 887.32942509651184 7157.2052384614944 37337.965433567762 37210.764618575573 5712.2036890238523 1153.775169044733 29855.107057571411 22220.975353002548 41992.823850631714 1221.8705821037292 634077.14446362853 1675.0449618697166 2116.6953508257866 3478.3425790369511 1571.3040237724781 1592.5508210361004 3011.7255091071129 7590.339014172554 1162.5101955831051 3213.3541164398193 31229.796215504408 29234.527166932821 1424.9325866103172 12292.828139215708 485.92153310775757 801.71392847597599
leaf_count=28917 37107 36860 3033 2972 415 7141 16318 24592 9852 3059 13390 10517 19643 775 249281 627 1372 4049 1654 424 1841 3214 1347 1514 19346 14085 1212 6985 99 2996
internal_value=-4.13172e-06 -0.00043061 -0.00884188 -0.000114869 -0.000708296 0.00013714 -0.00323249 -0.00193738 -0.0070952 -0.0208018 -0.00367605 -0.0053668 -0.00806333 0.00308152 0.000592374 -0.0121918 -0.00632923 -0.0234274 -0.00449827 -0.00305337 0.00114055 -0.00827967 -0.00444895 0.0109404 -0.00672477 0.00287492 0.0135234 0.000528861 -0.00786927 -0.00417094
internal_weight=1.23023e+06 1.13006e+06 40875.5 1.08918e+06 918640 688161 230479 193141 39109.5 6865.98 141882 112027 79203.6 170543 642909 8832.25 45251.9 4365.67 40886.2 38769.5 32823 10602.1 37177 4784.66 32392.3 51259.1 9245.84 42013.3 12778.7 32243.5
internal_count=524637 495720 55800 439920 402038 287170 114868 98550 52767 12911 73197 59807 44235 37882 257049 7768 30121 4464 25657 24285 15572 5055 23861 3168 20693 25353 4184 21169 7084 39856
is_linear=0
shrinkage=0.04


Tree=82
num_leaves=31
num_cat=0
split_feature=11 10 9 8 14 10 8 11 4 17 11 8 11 15 10 14 14 11 15 8 3 11 17 13 3 10 10 13 14 10
split_gain=1540.71 3467.15 1654.65 1437.02 1351.9 1227.96 1148.78 1253.56 1168.19 1025.34 1974.89 980.604 964.936 1666.23 1222.24 1068.75 1268.46 933.9 926.168 926.166 853.454 788.529 766.669 744.435 925.826 954.856 899.867 849.965 799.902 743.574
threshold=-0.92602273821830738 -0.35141934454441065 74.125000000000014 19.625000000000004 1.0000000180025095e-35 -0.25309335440397257 19.125000000000004 -0.94978386163711537 1.0000000180025095e-35 -14.227000236511229 -0.99552518129348744 19.125000000000004 -0.98667386174201954 0.93750000000000011 0.10516610741615297 0.67420473694801342 7.6870813369750985 0.44118724763393408 0.56250000000000011 18.625000000000004 0.44418349862098699 -0.94426098465919484 0.073546536266803755 1.0000000180025095e-35 1.0000000180025095e-35 0.019350802991539243 -0.13505011796951291 11.445017814636232 15.488757133483888 1.0000000180025095e-35
decision_type=2 2 2 2 2 2 2 2 2 2 2 2 2 2 2 2 2 2 2 2 2 2 2 2 2 2 2 2 2 2
left_child=1 3 5 20 11 -3 21 9 18 10 -8 -2 14 -14 23 -16 -17 22 -9 -19 -1 29 -6 -11 26 -26 -25 28 -27 -4
right_child=4 2 6 -5 17 -7 7 8 -10 12 -12 -13 13 -15 15 16 -18 19 -20 -21 -22 -23 -24 24 25 27 -28 -29 -30 -31
leaf_value=-0.014522265304014084 0.00062147096870982465 0.013549963909168404 -0.0023348848231316377 0.024021879415206792 -0.0018105189188877518 0.0030301761231255968 -0.023214038841168464 -0.0051375272736882095 -0.02295843233151473 -0.017689711729891051 0.03201685716931385 -0.015162170207120908 0.0052265088856640078 -0.025891311409785237 0.014367922180488048 -0.0320624828519692 -0.0029256680284834402 -0.0054254113810047475 0.028381723676298244 -0.050811264635910972 0.010994031759345215 0.0062997867726559209 0.00075964482468025255 -0.013471302344993687 0.00073964457021095823 -0.011160315959953867 0.0085193911644458175 -0.039532615305470017 0.042761112465196156 -0.010358973410816194
leaf_weight=2631.7009055018425 9607.9509370774031 21614.354761838913 40698.720399916172 14885.66736882925 416745.44404266775 99243.679793000221 1354.8047550320625 18015.026162028313 5929.5577933192253 3493.5664435625076 4307.6430311203003 18266.851107224822 92713.155313491821 2827.6547989249229 1822.5789945721626 5310.6339625120163 4345.1659967303276 1877.8574692159891 1413.1302496194839 1158.9241783767939 10179.567168951035 9417.9658108353615 334932.17369869351 3309.8916292190552 30706.013127028942 8223.282624065876 28916.327127814293 1651.3138381242752 455.31009566783905 33845.054063916206
leaf_count=1376 7628 3618 19440 3150 199089 22311 649 8334 2526 2026 774 24044 31844 1117 745 2864 1781 3591 264 4634 2332 3888 131346 1416 10640 3896 9748 1021 77 18468
internal_value=-4.13337e-06 0.00186845 0.000963519 0.0155731 -0.00107447 0.00491251 -0.000634103 0.000916694 -0.00743371 0.0020348 0.0187846 -0.00972356 0.00151771 0.00430292 -0.0014983 -0.0136663 -0.0189673 -0.000754903 -0.00268612 -0.0228559 0.00574522 -0.00460107 -0.000665312 0.000322909 0.00118415 -0.00280042 0.00625729 -0.0133139 -0.00828545 -0.00597896
internal_weight=1.2299e+06 447312 419615 27696.9 782589 120858 298757 214795 25357.7 189437 5662.45 27874.8 183775 95540.8 88234.1 11478.4 9655.8 754714 19428.2 3036.78 12811.3 83961.7 751678 76755.7 73262.1 41035.9 32226.2 10329.9 8678.59 74543.8
internal_count=524637 154305 147447 6858 370332 25929 121518 79722 11124 68598 1423 31672 67175 32961 34214 5390 4645 338660 8598 8225 3708 41796 330435 28824 26798 15634 11164 4994 3973 37908
is_linear=0
shrinkage=0.04


Tree=83
num_leaves=31
num_cat=0
split_feature=8 11 8 9 8 10 10 10 10 3 10 10 10 17 12 10 10 10 4 7 13 10 10 14 14 12 10 10 10 2
split_gain=1430.98 1678.07 1754.12 1179.65 1642.88 1420.06 1408.15 1348.17 1454.67 1256.03 1111.84 1716.71 1324.03 1658.6 1403.97 1281.02 1827.66 1666.99 1802.01 1518.72 1274.18 1253.48 2121.86 1634.82 1425.19 1154.07 1088.02 1324.77 1826.4 1275.79
threshold=16.875000000000004 -0.12758953124284741 20.625000000000004 73.625000000000014 18.875000000000004 0.30675521492958074 0.30675521492958074 -0.74512827396392811 -0.7785360813140868 1.0000000180025095e-35 -0.93235439062118519 -0.9599599540233611 -0.066607572138309465 -15.21873092651367 19.946992874145511 -0.59262362122535694 -0.74512827396392811 -0.55028682947158802 0.12496908754110338 0.98004698753356945 13.430609226226808 -0.76762619614601124 -0.81984052062034596 14.644556999206545 1.1234730482101443 2.2651491165161137 -0.41495507955551142 -0.35141934454441065 -0.2696967720985412 21.885338783264164
decision_type=2 2 2 2 2 2 2 2 2 2 2 2 2 2 2 2 2 2 2 2 2 2 2 2 2 2 2 2 2 2
left_child=-1 3 -3 -2 5 7 9 8 -5 -6 11 -11 15 -14 -15 16 21 18 25 -18 -20 22 24 -24 -12 -17 29 -28 -29 -19
right_child=1 2 -4 4 6 -7 -8 -9 -10 10 12 -13 13 14 -16 17 19 26 20 -21 -22 -23 23 -25 -26 -27 27 28 -30 -31
leaf_value=0.0045783614359879779 0.0033893625146660003 -0.0023277931537071736 -0.013594008793085952 -0.0023110324003222833 0.003686948338613208 0.0054875587312392064 -0.0061433301064582916 -0.0072420668176392464 0.015717059574482849 -0.00044392229306849571 -0.02937437350642199 -0.018169937801339093 0.023577861733995203 -0.0049831811141701036 -0.029684161424025458 0.045058275437765534 0.025570124201050568 -0.0066711399501126504 -0.0030388942529132046 -0.010364413621035191 0.024235398972602674 0.015714013685613457 -0.0078251961909191915 -0.046877558694811222 0.005281773003151251 0.0040094564428515382 0.01317847815353225 -0.0083368510140723762 0.0063654210707025883 0.010343161417825193
leaf_weight=100144.75275683403 155616.0148884654 124323.92478516698 26886.932952687144 63754.916220545769 205898.78417026997 25275.706922590733 45133.051943004131 117586.22912120819 8057.1983197331429 24892.184100568295 1961.2166205644608 13463.598716855049 3008.2296149134636 46157.443313479424 3991.6865451335907 4174.5913180708885 1973.7840213775635 31288.467937529087 7539.3675358891487 36809.832360386848 4294.0647246837616 9475.0732153654099 13839.171761333942 1948.9228812456131 51623.441598236561 1487.4695403575897 23698.176123142242 18930.13300538063 47225.906643152237 9092.4284942150116
leaf_count=28917 32023 94600 29240 28800 77217 11500 26335 60300 2700 10442 1273 7112 708 19760 2120 726 644 12288 3038 16586 854 2693 5865 1010 17488 474 6314 6826 14503 2281
internal_value=-4.02254e-06 -0.00041038 -0.00433182 0.000195838 -0.000408347 -0.00341643 0.000653955 -0.00460492 -0.000286404 0.00119918 -0.000236199 -0.0066692 0.000538641 -0.00522283 -0.00695481 0.00169293 -0.00142153 0.00417277 0.0157621 -0.00852951 0.00687039 0.00207537 0.000210583 -0.0126725 0.0040081 0.0343005 0.0026148 0.00506557 0.00215783 -0.00283848
internal_weight=1.22955e+06 1.12941e+06 151211 978197 822581 214674 607907 189398 71812.1 562774 356875 38355.8 318519 53157.4 50149.1 265362 117631 147731 17495.5 38783.6 11833.4 78847.8 69372.8 15788.1 53584.7 5662.06 130235 89854.2 66156 40380.9
internal_count=524637 495720 123840 371880 339857 103300 236557 91800 31500 210222 133005 17554 115451 22588 21880 92863 45559 47304 5092 17230 3892 28329 25636 6875 18761 1200 42212 27643 21329 14569
is_linear=0
shrinkage=0.04


Tree=84
num_leaves=31
num_cat=0
split_feature=11 10 9 8 11 10 8 11 4 7 11 10 10 10 17 11 9 11 15 10 6 14 11 17 15 3 17 8 10 11
split_gain=1386.6 3089.55 1462.26 1282.07 1246.07 1138.42 989.898 1088.39 1084.12 984.278 1211.51 1065.15 1105.42 901.923 898.238 1842.29 887.465 880.884 1526.33 1108.87 992.562 933.07 873.498 1066.1 851.535 789.548 715.611 962.22 1274.28 987.475
threshold=-0.92602273821830738 -0.35141934454441065 74.125000000000014 19.625000000000004 0.48689031600952154 -0.25309335440397257 19.125000000000004 -0.94978386163711537 1.0000000180025095e-35 1.0000000180025095e-35 0.47179406881332403 0.49531894922256475 -0.8940606117248534 -0.93235439062118519 -14.227000236511229 -0.99552518129348744 78.375000000000014 -0.98667386174201954 0.93750000000000011 0.10516610741615297 0.023485026322305206 8.3823347091674822 0.45655821263790136 -0.25099430978298182 0.56250000000000011 4.2434172630310067 -0.029944300651550289 20.625000000000004 -0.99275806546211232 0.37844388186931616
decision_type=2 2 2 2 2 2 2 2 2 2 2 2 2 2 2 2 2 2 2 2 2 2 2 2 2 2 2 2 2 2
left_child=1 3 5 25 9 -3 -4 14 24 10 11 12 13 -2 15 -8 -12 19 -19 -16 -21 -22 26 -24 -9 -1 -11 -28 -29 -30
right_child=4 2 6 -5 -6 -7 7 8 -10 22 16 -13 -14 -15 17 -17 -18 18 -20 20 21 -23 23 -25 -26 -27 27 28 29 -31
leaf_value=-0.0073081250524232198 -0.017205946557677477 0.012955817263495404 -0.0042660978403370109 0.022741831568070747 -0.043579206544413898 0.0028210530640494103 -0.022910124785957879 -0.0047060138734932554 -0.021919910231197076 -0.0019063376149253261 -0.032568425332832759 -0.05029983338158818 -0.0046789208501006206 -0.062313064370479919 0.0002670262003505742 0.030521965739920286 0.061492788152904085 0.0049609239705079907 -0.024894289411514229 0.024721159294862106 -0.025944269414524448 -0.0012073961714833905 0.0075841243098064949 -0.057553130579169332 0.027505126826713359 0.013176272724083405 0.001543741297945206 -0.02163487051131879 -0.0014990825701942316 -0.047267184026798033
leaf_weight=4825.2750507593155 3220.4320351630449 21585.073881626129 83913.97749966383 14809.677036941051 1089.1355783641338 99226.156863570213 1352.9682211875916 18008.240015208721 5906.0825287103653 360924.92777119577 205.93281656503677 991.44530534744263 21974.116889357567 904.74944810569286 76684.84618383646 4266.2522971630096 640.97588689625263 92676.368424832821 2813.5198639631271 1004.7516329884529 6546.8740016222 3887.1144816875458 696.75067399442196 933.7548650354147 1406.4218386411667 7972.829863846302 314153.27328327298 5700.7420465946198 70043.749618560076 752.48713819682598
leaf_count=2182 4855 3618 41796 3150 4191 22311 649 8334 2526 166927 683 1246 14918 2783 28824 774 271 31844 1117 351 3461 1578 1364 3712 264 1526 132416 4953 30138 1875
internal_value=-3.85379e-06 0.00177362 0.000920011 0.0147323 -0.00101933 0.00463273 -0.000582899 0.000857769 -0.00692894 -0.000959429 -0.00833058 -0.00980851 -0.00825167 -0.0272258 0.0019 0.017639 0.0385079 0.0014174 0.00407875 -0.00146656 -0.0130785 -0.0167387 -0.000685914 -0.029842 -0.00235964 0.00545336 -0.000622265 0.000564119 -0.00345861 -0.00199215
internal_weight=1.22912e+06 446886 419279 27607.8 782232 120811 298467 214553 25320.7 781143 27937.7 27090.7 26099.3 4125.18 189233 5619.22 846.909 183613 95489.9 88123.6 11438.7 10434 753206 1630.51 19414.7 12798.1 751575 390650 76497 70796.2
internal_count=524637 154305 147447 6858 370332 25929 121518 79722 11124 366141 24756 23802 22556 7638 68598 1423 954 67175 32961 34214 5390 5039 341385 5076 8598 3708 336309 169382 36966 32013
is_linear=0
shrinkage=0.04


Tree=85
num_leaves=31
num_cat=0
split_feature=8 11 14 9 9 10 8 10 7 11 10 10 2 10 11 12 10 10 10 2 18 8 9 8 10 10 10 7 9 3
split_gain=1295.19 1534.36 1640.44 991.908 1121.59 832.565 822.19 759.623 742.25 1006.07 1072 1268.22 948.889 933.72 1147.82 863.422 1107.84 928.577 840.035 843.724 783.587 739.521 728.868 728.56 781.308 690.161 797.675 689.228 684.087 673.629
threshold=16.875000000000004 0.23118848353624347 8.4875326156616229 73.625000000000014 79.625000000000014 0.46514528989791876 20.875000000000004 -0.86976337432861317 11.596426963806154 0.0096758542931638675 -0.93235439062118519 -0.9193688929080962 11.416831970214846 -0.59262362122535694 -0.99552518129348744 9.6945123672485369 -0.47652685642242426 -0.52124115824699391 -0.99940761923789967 11.210296630859377 88.547538757324233 18.625000000000004 76.125000000000014 20.625000000000004 0.30675521492958074 -0.98664820194244374 -0.97312742471694935 1.0000000180025095e-35 77.875000000000014 0.31346084177494055
decision_type=2 2 2 2 2 2 2 2 2 2 2 2 2 2 2 2 2 2 2 2 2 2 2 2 2 2 2 2 2 2
left_child=-1 3 6 5 8 21 7 -3 18 10 22 -12 -11 20 29 -16 17 -17 19 -5 -13 -2 -10 -6 27 -24 -27 -25 -28 -15
right_child=1 2 -4 4 23 -7 -8 -9 9 12 11 13 -14 14 15 16 -18 -19 -20 -21 -22 -23 25 24 -26 26 28 -29 -30 -31
leaf_value=0.0043562332197540146 0.0054771411769034516 -0.0031515865254254337 -0.045923190736441528 -0.0082085230202166154 0.0048042674678113106 -0.030212925793253079 -0.021584211741607868 -0.041781841075305998 -0.030257949047396412 -0.0060306529742930031 0.020224936355309479 -0.01261749773622386 0.029974950150620575 0.00098152139992472372 0.0056032817797034389 -0.0045531480585665621 -0.011097053373186306 0.024639684673979541 -0.0005522129562540762 -0.046717347986070357 0.0092359896920273174 0.00018532916900352615 0.0063305047265169757 0.035956702006165443 -0.024781621550368768 -0.047155193846409336 -0.029335299414875938 -0.00084728714059087266 0.0013652578760724912 -0.028202069898865933
leaf_weight=100117.58039282262 87904.419107079506 33202.659497544169 1738.3935766816139 9794.8413256108761 90471.852817237377 1211.2461583614349 4917.9232443869114 825.03940293192863 3951.0516306757927 2135.7223388850689 3419.2860938310623 25918.351476192474 2575.2891176939011 1897.9598007798195 25337.464828252792 4066.0370260477066 15597.800663352013 3038.5254530906677 664569.57288941741 994.64240819215775 2913.7714079618454 81354.785887122154 2917.5342825651169 819.10061228275299 2153.296778023243 1150.8806912899017 1858.7711306810379 45076.730111271143 3065.2362712621689 3783.7571341395378
leaf_count=28917 17955 39910 3033 8339 29328 775 9619 3238 2554 1282 1008 11388 665 670 7942 1292 5062 582 306543 1053 821 19152 1325 262 1610 772 1111 15236 1195 1998
internal_value=-3.82624e-06 -0.000390619 -0.00801639 -0.000105389 -0.000625997 0.00269651 -0.00631301 -0.00410022 -0.00121575 -0.00436768 -0.00522822 -0.00361147 0.0136737 -0.00460108 -0.00148395 0.000528291 -0.00513574 0.00794932 -0.000732054 -0.0117985 -0.0104065 0.00293378 -0.0159559 0.00269037 -0.00129007 -0.00964532 -0.0173157 -0.000182759 -0.0102599 -0.0184688
internal_weight=1.22878e+06 1.12866e+06 40684 1.08798e+06 917507 170470 38945.6 34027.7 778986 103627 98916.4 85973 4711.01 82553.7 53721.5 48039.8 22702.4 7104.56 675359 10789.5 28832.1 169259 12943.5 138521 48049.1 8992.42 6074.89 45895.8 4924.01 5681.72
internal_count=524637 495720 55800 439920 402038 37882 52767 43148 355602 39667 37720 30763 1947 29755 17546 14878 6936 1874 315935 9392 12209 37107 6957 46436 17108 4403 3078 15498 2306 2668
is_linear=0
shrinkage=0.04


Tree=86
num_leaves=31
num_cat=0
split_feature=11 10 9 8 14 10 8 11 4 8 17 11 3 10 10 17 15 11 8 11 13 3 4 11 10 10 14 14 2 10
split_gain=1248.2 2856.46 1295.68 1195.57 1129.59 1052.27 918.171 999.303 1009.95 861.978 837.623 1669.6 821.655 1754.59 1448.78 877.322 786.186 779.058 848.801 754.798 1036.17 743.945 703.128 699.203 685.788 1449.32 974.711 830.183 688.693 1182.55
threshold=-0.92602273821830738 -0.35141934454441065 74.125000000000014 19.625000000000004 1.0000000180025095e-35 -0.25309335440397257 19.125000000000004 -0.94978386163711537 1.0000000180025095e-35 19.125000000000004 -14.227000236511229 -0.99552518129348744 1.0000000180025095e-35 0.019350802991539243 0.25725142657756811 -4.0421631336212149 0.56250000000000011 0.44118724763393408 18.625000000000004 -0.95998492836952198 4.1446356773376474 1.0000000180025095e-35 2.6491097211837773 -0.94426098465919484 1.0000000180025095e-35 0.12225609645247461 1.528650760650635 2.4411143064498906 0.32855123281478887 -0.13505011796951291
decision_type=2 2 2 2 2 2 2 2 2 2 2 2 2 2 2 2 2 2 2 2 2 2 2 2 2 2 2 2 2 2
left_child=1 3 5 21 9 -3 23 10 16 -2 11 -8 19 -14 15 -15 -9 -6 -19 -12 -21 -1 -5 24 28 26 -26 -27 29 -4
right_child=4 2 6 22 17 -7 7 8 -10 -11 12 -13 13 14 -16 -17 -18 18 -20 20 -22 -23 -24 -25 25 27 -28 -29 -30 -31
leaf_value=-0.017591699682675439 0.00080435178661024647 0.01236627692970696 -0.017972399645816841 0.02951814162423928 -0.00059449644825491227 0.0026171070285127018 -0.021601089539377637 -0.0044723545991735064 -0.021123825212735533 -0.014016023563726205 0.0026733376027392448 0.02939365759624267 0.0025840368155748022 0.00026608432977333395 0.010731107162795373 -0.016731226768871208 0.026547930110387443 -0.0044017378230209727 -0.048294138818474323 0.0017943296923771329 0.024927992869625742 0.0092730261444048528 0.011871126066344686 0.0061653462878987842 -0.045902739831571643 0.0055772680808930412 -0.015724378086418071 -0.0099453603545858159 0.0028247867624656879 0.0023147537708460568
leaf_weight=1935.0555549263954 9595.7354424148798 21556.735369205475 9006.6379452347755 8386.094703912735 751138.55599287152 99206.666235089302 1346.8098555207253 18003.567796885967 5888.9315050840378 18151.137799099088 74317.890156269073 4238.5034004449844 65241.234167516232 6401.7446290850639 5046.5374178290367 20143.336728692055 1399.5837854146957 1866.4547334313393 1124.977304816246 6211.5294451713562 6173.317421913147 10852.271438062191 6378.3090975284576 9416.7333197593689 2166.6149217486382 8818.2929844260216 8138.2910063266754 14673.356557488441 22304.786777853966 9375.4283396601677
leaf_count=1071 7628 3618 5599 1631 330435 22311 649 8334 2526 24044 27617 774 21354 2569 1722 10034 264 3591 4634 2507 1372 2637 1519 3888 2015 4157 4789 7507 9109 4732
internal_value=-3.82078e-06 0.00168314 0.000862761 0.0141567 -0.000967465 0.00435825 -0.000552386 0.000835804 -0.00662987 -0.00889223 0.00183452 0.0170805 0.00136966 -0.00116281 -0.00889897 -0.0126335 -0.00222228 -0.000675773 -0.0210141 0.00419782 0.0133363 0.00519712 0.0219077 -0.00409968 -0.00539812 -0.00960858 -0.0221078 -0.00411858 -0.00189919 -0.00762968
internal_weight=1.22851e+06 446628 419077 27551.7 781877 120763 298313 214413 25292.1 27746.9 189121 5585.31 183536 96832.9 31591.6 26545.1 19403.2 754130 2991.43 86702.7 12384.8 12787.3 14764.4 83900.1 74483.4 33796.6 10304.9 23491.6 40686.9 18382.1
internal_count=524637 154305 147447 6858 370332 25929 121518 79722 11124 31672 68598 1423 67175 35679 14325 12603 8598 338660 8225 31496 3879 3708 3150 41796 37908 18468 6804 11664 19440 10331
is_linear=0
shrinkage=0.04


Tree=87
num_leaves=31
num_cat=0
split_feature=8 11 14 3 9 9 10 3 11 8 12 10 10 10 10 10 17 10 11 4 3 10 4 12 11 10 8 4 10 10
split_gain=1174.89 1384.58 1074.97 1047.29 921.756 961.978 760.383 744.614 2544.84 914.43 1424.64 1148.98 1076.57 1023.97 2002.27 1324.11 1573.08 1723.31 891.375 1511.69 887.505 823.016 2339.11 1332.91 798.515 2048.4 1633.5 1495.62 1171.53 1585.63
threshold=16.875000000000004 0.37844388186931616 4.4636662006378183 1.0000000180025095e-35 73.625000000000014 79.625000000000014 0.46514528989791876 1.0000000180025095e-35 0.29753153026103979 18.625000000000004 1.0000000180025095e-35 -0.9193688929080962 -0.93843427300453175 -0.59262362122535694 -0.65962448716163624 0.019350802991539243 -13.373291969299315 0.24059136956930163 0.34638161957263952 6.4853281974792489 7.9328105449676523 -0.55028682947158802 1.1277241110801699 2.1657265424728398 -0.09339838474988936 -0.94975915551185597 18.875000000000004 2.0020208358764653 -0.99054482579231251 -0.98214942216873158
decision_type=2 2 2 2 2 2 2 2 2 2 2 2 2 2 2 2 2 2 2 2 2 2 2 2 2 2 2 2 2 2
left_child=-1 4 3 -3 6 7 -2 18 9 10 11 12 -9 14 -11 21 -17 -18 24 -20 -12 22 23 -15 25 -6 -26 -28 -29 -30
right_child=1 2 -4 -5 5 -7 -8 8 -10 13 20 -13 -14 15 -16 16 17 -19 19 -21 -22 -23 -24 -25 26 -27 27 28 29 -31
leaf_value=0.0041493877047616649 0.0026841810028977514 -0.016620116245713388 -0.057089044954798801 0.0088837379401861608 0.0089643673741013046 0.0023434381932306396 -0.029089078401758874 0.0080116202776280947 -0.044117143147774839 -0.002122914640698614 -0.0047773969626378008 -0.0050445765271410767 0.042245502321050427 0.039111083781367885 -0.019699006744553795 0.027025693087834091 -0.013546417664585569 0.0060326554107874228 0.026373787007670253 -0.057611016815836934 -0.01334877962430012 0.0018987398192336048 -0.0053883803816957036 0.001951198001063192 0.0039767220483611964 -0.00064272031720804927 -0.017779142110721506 -0.012436288089294064 0.029986297222001159 -0.021921472180096126
leaf_weight=100093.81799502671 172579.10283321142 9955.0120841562748 815.15776275098324 3467.1950469017029 40967.581357985735 140535.13570824265 1203.6516734361649 7904.9754922091961 2311.2304221391678 144257.37705433369 67567.165310621262 9746.4246495366096 1797.6077120304108 5047.4228837490082 11164.088320791721 2208.5990000963211 24184.70862776041 10228.934936881065 3713.1957253962755 368.29574182629585 27074.688860833645 119155.41400301456 6393.3136968016624 2225.0115149021149 19320.035190224648 266132.3459546864 18416.753839612007 4627.9804977476597 3441.3148768544197 1286.596026211977
leaf_count=28917 39618 20172 2166 4302 15546 49514 775 4093 4265 68719 33441 5542 392 1088 6309 490 12328 4042 2765 723 13553 42250 2642 759 11211 122108 20092 3971 1272 1572
internal_value=-3.70142e-06 -0.000372231 -0.0127628 -0.0100303 -0.000213741 -0.000708483 0.00246245 -0.00124494 -0.00234484 -0.0021239 -0.00520445 0.00465379 0.0143911 -0.0010419 -0.00338661 0.00110885 -0.00562413 -0.00772677 0.000109778 0.0186731 -0.00723061 0.00296559 0.0122596 0.0277603 -0.000104655 0.000639129 -0.00495412 -0.011166 0.00185669 0.0158443
internal_weight=1.22819e+06 1.1281e+06 14237.4 13422.2 1.11386e+06 940076 173783 799541 441267 438956 114091 19449 9702.58 324865 155421 169443 36622.2 34413.6 358274 4081.49 94641.9 132821 13665.7 7272.43 354193 307100 47092.7 27772.6 9355.89 4727.91
internal_count=524637 495720 26640 24474 469080 428687 40393 379173 199913 195648 57021 10027 4485 138627 75028 63599 16860 16370 179260 3488 46994 46739 4489 1847 175772 137654 38118 26907 6815 2844
is_linear=0
shrinkage=0.04


Tree=88
num_leaves=31
num_cat=0
split_feature=11 10 9 8 11 10 2 10 9 11 11 7 14 10 14 11 13 6 10 10 4 17 10 3 14 3 10 9 9 14
split_gain=1142.55 2626.79 1148.29 1102.48 1042.03 972.081 846.827 841.005 832.624 970.703 1672.81 1422.63 1541.51 1290.17 1030 812.052 1129.5 868.441 771.689 1321.77 1165.94 886.405 879.411 810.615 777.06 690.742 662.722 1159.45 982.255 877.281
threshold=-0.92602273821830738 -0.35141934454441065 74.125000000000014 19.625000000000004 0.48689031600952154 -0.25309335440397257 6.8776535987854013 -0.99985146522521962 77.125000000000014 -0.99966478347778309 -0.99628248810768116 2.156505942344666 6.8699676990509042 0.019350802991539243 3.0015988349914555 -0.99375280737876881 0.55388477444648754 15.479616165161135 -0.46133413910865778 -0.50648479163646687 0.70526751875877391 28.550773620605472 -0.49157854914665217 0.34392273426055914 7.9823400974273691 4.2434172630310067 -0.99467751383781422 78.125000000000014 74.125000000000014 5.6954693794250497
decision_type=2 2 2 2 2 2 2 2 2 2 2 2 2 2 2 2 2 2 2 2 2 2 2 2 2 2 2 2 2 2
left_child=1 3 5 25 6 -3 -2 -8 9 11 13 -4 -13 -11 -15 16 -12 -17 19 21 -21 23 -22 26 -20 -1 27 28 -9 -30
right_child=4 2 8 -5 -6 -7 7 18 -10 10 15 12 -14 14 -16 17 -18 -19 24 20 22 -23 -24 -25 -26 -27 -28 -29 29 -31
leaf_value=-0.0069562308641645592 -0.0017821773923141577 0.011817488419763962 -0.018267658200619132 0.021049005107642457 -0.040413740931168583 0.0024427412035570085 -0.024095820736364126 -0.014130156961093682 0.001613310793987759 -0.0040603399997610574 0.022812070178350217 0.024664230745605826 -0.013865589487416509 -0.041651962257857091 -0.014707334082796578 -0.0020937196499859487 -0.0019952290921780511 -0.019257027218828326 0.0069686252661608208 -0.012758850607509172 0.026204896123148771 0.015090445730863157 0.0080642170918906811 -0.00094849299195541473 -0.0090666554148473716 0.012216936490757689 0.0031176381287382859 -0.033999637837836869 -0.0071894692843854618 0.036426167188857654
leaf_weight=4819.512125313282 528207.55983138084 21532.562257289886 2506.3957739472389 14711.442837536335 1057.7713052481413 99192.559869647026 2102.803906917572 1007.1539110541344 148503.75118434429 9655.9952434301376 4908.4826737642288 7088.5701425075531 2161.864953994751 3601.9528401494026 6160.4537341594696 101262.45885187387 7284.4020469784737 4937.6582080721855 6357.9507967233658 2698.2442847490311 7193.1043055653572 6924.8172916471958 10554.429754257202 147055.59821876884 20097.840178728104 7958.9201315641403 42446.53344117105 647.94734635949135 887.62604394555092 4278.1505725383759
leaf_count=2182 282700 3618 1664 3150 4191 22311 1601 420 49536 5022 1704 2299 1059 3111 3585 47954 3318 2266 2138 992 1218 1340 2291 49161 5201 1526 17004 520 539 1016
internal_value=-3.60475e-06 0.00161109 0.000824705 0.0135867 -0.000925688 0.00411566 -0.000871652 0.00103495 -0.000508293 -0.00261476 -0.00355612 0.0084133 0.0156544 -0.0144347 -0.0246813 -0.00177079 0.00800194 -0.00289345 0.00124716 0.00201125 0.0117031 0.00103577 0.0154273 0.000539279 -0.00521182 0.0049858 0.00497934 0.0165432 0.0218949 0.0289324
internal_weight=1.2278e+06 446287 418797 27489.9 781518 120725 780460 252252 298072 149568 137811 11756.8 9250.44 19418.4 9762.41 118393 12192.9 106200 250149 223694 20445.8 203248 17747.5 196323 26455.8 12778.4 49267.4 6820.88 6172.93 5165.78
internal_count=524637 154305 147447 6858 370332 25929 366141 83441 121518 71982 66960 5022 3358 11718 6696 55242 5022 50220 81840 74501 4501 70000 3509 68660 7339 3708 19499 2495 1975 1555
is_linear=0
shrinkage=0.04


Tree=89
num_leaves=31
num_cat=0
split_feature=8 11 8 10 7 9 8 10 10 10 13 10 10 3 5 10 2 10 3 14 10 10 7 11 10 14 14 12 4 13
split_gain=1076.26 1255.86 1442.94 934.841 878.387 868.792 1429.26 1359.56 932.885 1360.01 951.054 2099.1 1472.46 1248.83 1174.63 911.081 922.63 1696.97 913.808 867.471 842.79 831.485 821.759 815.73 1904.08 1618.15 1258.23 1620.52 1410.8 1252.98
threshold=16.875000000000004 -0.12758953124284741 20.625000000000004 0.48030318319797521 0.24982666224241259 73.625000000000014 18.875000000000004 0.40318277478218084 -0.74512827396392811 -0.7785360813140868 0.13025966286659243 -0.9193688929080962 -0.94423642754554737 3.1749866008758549 4.9877586364746103 -0.55028682947158802 1.0000000180025095e-35 -0.64659911394119252 3.1749866008758549 0.25084339082241064 -0.15207348018884656 -0.86546283960342396 3.1390343904495244 0.0096758542931638675 -0.99630266427993763 4.2719595432281503 6.2246580123901376 5.0691761970520028 0.10778025910258295 0.51358723640441906
decision_type=2 2 2 2 2 2 2 2 2 2 2 2 2 2 2 2 2 2 2 2 2 2 2 2 2 2 2 2 2 2
left_child=-1 3 4 5 -3 -2 7 8 9 10 11 12 -7 14 -12 16 17 18 22 20 -17 -15 -10 26 -25 -26 -6 28 -28 -27
right_child=1 2 -4 -5 23 6 -8 -9 15 -11 13 -13 -14 21 -16 19 -18 -19 -20 -21 -22 -23 -24 24 25 29 27 -29 -30 -31
leaf_value=0.0039718565119771006 0.0030167118316869667 -0.013969127841366081 -0.012186251557170322 -0.014753225143803473 -0.01552250927332763 0.0054051263700841991 0.00074146717201068987 0.011118894690490176 0.0030983027476115151 0.015342002797275513 -0.0061419496928668505 -0.027771554013113198 0.042217603760202213 -0.019510527668734564 0.0079343131463546664 -0.046908969780670697 -0.019736036369877034 -0.030778493500747447 -0.035060237838450768 -0.0034849128907753911 -0.010596633660112686 0.001351873430034315 0.03634259033222214 0.010905687960619435 0.0016342329347017708 -0.051911043225622303 0.025418041476207933 -0.013191423405859565 -0.0040443190456518939 -0.009855486102898393
leaf_weight=100072.13119988143 154899.93351686001 8994.4144678711891 26708.878940701485 6662.1552327871323 13802.688979119062 4589.3202215433121 603274.717854321 10260.963040709496 3682.9709933400154 8049.0660932660103 22921.088017523289 1890.5643584132195 2792.106299161911 11125.916407108307 16166.303683698177 1373.312669813633 13505.283943116665 2483.9898144006729 678.92583566904068 102418.57453250885 3957.5083937048912 4211.3776916861534 1748.8452412486076 22914.126472055912 42139.319020390511 1207.0975380837917 5247.2952901721001 7882.3075065612793 5141.0423215925694 16685.942492038012
leaf_count=28917 31527 13678 29240 5760 10517 1861 232893 4500 2082 2700 11433 1311 586 6334 5647 1336 8222 2141 543 48396 2468 1628 512 9727 36215 2135 1979 3982 2962 13405
internal_value=-3.46261e-06 -0.000356353 -0.00375465 0.000168104 -0.0019379 0.000270734 -0.000251116 -0.00307747 -0.00380056 -0.000139861 -0.00209834 0.00973676 0.0193681 -0.00411603 -0.000319554 -0.00582304 -0.0132198 -0.00296955 0.00836647 -0.00430484 -0.0200216 -0.0137849 0.0138489 -0.000995941 0.00109886 -0.00264556 -0.00641207 0.000475198 0.0108477 -0.01272
internal_weight=1.22749e+06 1.12742e+06 150723 976693 124014 970031 815131 211856 201595 71745.7 63696.7 9271.99 7381.43 54424.7 39087.4 129849 22100 8594.73 6110.74 107749 5330.82 15337.3 5431.82 115020 82946.5 60032.4 32073.3 18270.6 10388.3 17893
internal_count=524637 495720 123840 371880 94600 366120 334593 101700 97200 31500 28800 3758 2447 25042 17080 65700 13500 5278 3137 52200 3804 7962 2594 80922 61482 51755 19440 8923 4941 15540
is_linear=0
shrinkage=0.04


Tree=90
num_leaves=31
num_cat=0
split_feature=12 11 10 10 12 3 14 9 10 10 10 7 10 8 9 7 11 10 10 8 10 10 10 10 10 14 10 11 7 11
split_gain=1036.72 1141.35 2462.29 1750.63 1543.19 1457.62 1557.54 1521 1412.14 2543.12 1321.05 3475.14 1847 1568.05 1260.75 1051.56 1206.7 976.003 947.953 905.766 1881.19 1079.06 1458.85 1548.4 1455.17 1234.54 956.742 1171.93 942.906 919.99
threshold=0.16529916971921924 -0.48501108586788172 -0.81984052062034596 -0.8940606117248534 7.5576710700988778 2.1886849403381352 14.644556999206545 77.375000000000014 -0.98370367288589466 -0.96463498473167408 -0.59262362122535694 1.5886454582214358 -0.69751432538032521 18.875000000000004 77.125000000000014 3.892741441726685 -0.97315269708633412 -0.98664820194244374 -0.92599865794181813 19.125000000000004 -0.99866804480552662 -0.89015004038810719 -0.13505011796951291 -0.69751432538032521 -0.7785360813140868 0.23298370093107226 0.35544221103191381 0.18069575726985934 2.6515079736709599 -0.32816398143768305
decision_type=2 2 2 2 2 2 2 2 2 2 2 2 2 2 2 2 2 2 2 2 2 2 2 2 2 2 2 2 2 2
left_child=19 2 -2 5 -5 6 8 -7 -3 14 11 12 13 -4 -10 16 -12 -9 -19 21 -21 29 23 24 28 -25 27 -22 -23 -1
right_child=1 3 10 4 -6 7 -8 17 9 -11 15 -13 -14 -15 -16 -17 -18 18 -20 20 26 22 -24 25 -26 -27 -28 -29 -30 -31
leaf_value=0.018309845130398576 0.0094964473985786023 -0.0050851758571407593 0.0025996737637205541 -0.032419351833484621 -0.0053424034325548009 -0.0078807101870481469 0.014829428362936941 0.013673425661523256 0.01796426600820478 -0.002492310724128513 -0.0060538659734867949 -0.0053875014593656335 -0.012708435494491372 0.028466997375771751 -0.0020175126700770233 0.002875236938093619 0.0015450535048651959 -0.0085144494141302512 0.010226316983101223 -0.026801746467229465 -0.00070576792925696157 -0.022210381180772881 0.0020104120426174001 -0.048261198011484374 0.01706982153602558 -0.014258382357044963 -0.011049035952158183 -0.011527071239739948 0.0081441265480255293 0.0028490142804886813
leaf_weight=7136.5884839892387 56186.662682652473 44734.738488227129 6026.0963750481606 5282.3330347016454 9274.577337756753 67036.828253909945 13438.5205309093 9423.4474739730358 21488.191156804562 39263.817101374269 51845.549299299717 115653.42509967089 3679.7222914099693 9924.5920971632004 6601.7791576087475 357194.66959124804 94123.967617809772 12512.118200793862 6582.0747589170933 5533.6372341513634 133008.74898695946 4495.2108857929707 40931.366925954819 1982.4688060283661 4953.6789658069611 12130.158309340477 21369.385727465153 18194.518870152533 2565.5171340256929 44559.249929323792
leaf_count=2560 16365 24754 2770 4699 3700 31661 3776 4031 7530 21053 23848 43765 2433 2590 3370 99522 38594 6222 1826 5726 62211 4921 20020 2064 1943 7738 15245 30187 1673 27840
internal_value=-3.41598e-06 0.00065336 0.00146939 -0.00175217 -0.0151835 -0.000867148 0.00196656 -0.00458952 0.000423221 0.00408198 0.000762832 -0.00274608 0.0128108 0.0187022 0.013269 0.00170629 -0.00115417 0.00314717 -0.00205224 -0.00206151 -0.0038656 0.000644339 -0.00270331 -0.0100859 0.000469212 -0.0190657 -0.00312863 -0.00200859 -0.0111851 0.0049865
internal_weight=1.22713e+06 930273 694635 235638 14556.9 221082 125527 95554.5 112089 67353.8 638448 135284 19630.4 15950.7 28090 503164 145970 28517.6 19094.2 296861 178106 118754 67058.4 26127 12014.4 14112.6 172573 151203 7060.73 51695.8
internal_count=524637 342509 229887 112622 8399 104223 60483 43740 56707 31953 213522 51558 7793 5360 10900 161964 62442 12079 8048 182128 113369 68759 38359 18339 8537 9802 107643 92398 6594 30400
is_linear=0
shrinkage=0.04


Tree=91
num_leaves=31
num_cat=0
split_feature=11 10 8 9 11 10 16 8 11 4 13 10 11 14 11 14 9 12 10 0 15 14 4 14 10 7 3 10 4 9
split_gain=987.386 2410.36 1010.52 978.29 932.755 891.999 776.695 729.354 930.395 946.161 737.465 1403.03 957.426 1519.32 1873.16 1000.01 927.116 894.415 744.689 1026.55 718.123 690.622 667.049 652.495 1303.89 1085.24 977.112 1118.86 1278 1361.77
threshold=-0.92602273821830738 -0.35141934454441065 19.625000000000004 74.125000000000014 0.48689031600952154 -0.25309335440397257 0.63817954063415538 19.125000000000004 -0.94978386163711537 1.0000000180025095e-35 16.019334793090824 1.0000000180025095e-35 -0.97507822513580311 17.146167755126957 -0.99552518129348744 8.9296331405639666 76.125000000000014 0.01483433321118355 -0.21966676414012906 0.31600616872310644 0.56250000000000011 32.567426681518562 2.6491097211837773 3.3265006542205815 -0.13505011796951291 11.773553371429445 1.0000000180025095e-35 -0.11798679083585738 1.0000000180025095e-35 77.875000000000014
decision_type=2 2 2 2 2 2 2 2 2 2 2 2 2 2 2 2 2 2 2 2 2 2 2 2 2 2 2 2 2 2
left_child=1 2 -1 5 6 -3 -2 -5 10 20 12 18 13 23 -15 16 17 -14 19 -12 -10 -20 -4 24 -9 -26 -25 28 -28 -30
right_child=4 3 22 7 -6 -7 -8 8 9 -11 11 -13 15 14 -16 -17 -18 -19 21 -21 -22 -23 -24 26 25 -27 27 -29 29 -31
leaf_value=0.004748345098950944 -0.0016821775315104654 0.01116616722108585 0.027604875051149717 -0.0036512323515222513 -0.038511599496083605 0.0021812403939014367 0.0010178348725288357 -0.021431537688830389 -0.0043359931462542836 -0.020502318508605989 0.036218407658002862 -0.023519780134661633 -0.02619418343485963 -0.024607937362027443 0.033561305081269269 -0.0065853665145974493 0.012410931885964883 0.0043495489221199368 0.0035950530626453186 -0.014553887663581995 0.025388094610936003 0.04014397309667888 0.010371117892578453 0.0082665518770769324 -0.00045545891281238883 -0.052582664462335747 -0.012410744042401986 -0.0059637714814103271 0.034039962009858489 0.0014893520735830207
leaf_weight=12766.788754761219 527888.00167408586 21506.072064638138 8304.4631935358047 83716.750925064087 1041.3864062651992 99176.066317200661 251757.39133130014 6116.7989956140518 17998.847663223743 5875.9955371618271 693.91777729988098 5052.8925280570984 1873.678085565567 1112.5213868021965 4219.7161573171616 7319.2131308913231 35186.934996247292 8252.9771006703377 10997.150119543076 6749.3075642585754 1391.7587304115295 884.77001106739044 6361.25838804245 24852.60405510664 34314.729535579681 641.15407520532608 3257.2910621166229 29166.68809813261 3955.6262755393982 4273.2533837556839
leaf_count=3708 269383 3618 1631 41796 4191 22311 96758 3243 8334 2526 99 2767 1237 526 713 2517 10634 3440 2966 2127 264 107 1519 7795 14716 396 1252 12048 821 1194
internal_value=-3.32236e-06 0.00149805 0.0129822 0.000745133 -0.000861091 0.00378319 -0.000810307 -0.000485678 0.000751713 -0.00645557 0.00171592 -0.00477556 0.0026779 0.000585207 0.0214015 0.00712652 0.00934228 -0.00132205 0.000135064 -0.00977824 -0.00219056 0.00634808 0.0201419 -0.000458167 -0.00441012 -0.00142633 0.00202005 -0.00179976 0.00876984 0.0171588
internal_weight=1.22671e+06 446019 27432.5 418587 780687 120682 779645 297905 214188 25266.6 188921 24378 164543 111910 5332.24 52632.8 45313.6 10126.7 19325.1 7443.23 19390.6 11881.9 14665.7 106578 41072.7 34955.9 65505.5 40652.9 11486.2 8228.88
internal_count=524637 154305 6858 147447 370332 25929 366141 121518 79722 11124 68598 8066 60532 42704 1239 17828 15311 4677 5299 2226 8598 3073 3150 41465 18355 15112 23110 15315 3267 2015
is_linear=0
shrinkage=0.04


Tree=92
num_leaves=31
num_cat=0
split_feature=8 11 14 3 10 2 9 9 7 11 10 11 14 11 10 10 8 10 10 2 17 10 14 8 10 4 11 3 9 13
split_gain=970.39 1126.37 1024.61 944.389 796.015 779.274 755.582 851.364 1183.11 1043.46 2123.94 1621.09 1598.84 1567.71 901.576 896.698 885.069 1036.44 985.876 850.204 843.029 886.718 832.844 1309.62 893.088 1121.28 1011.9 1294.48 1244.62 1237.71
threshold=16.875000000000004 0.37844388186931616 4.4636662006378183 1.0000000180025095e-35 0.48030318319797521 0.13318620622158053 73.625000000000014 75.375000000000014 8.2344899177551287 -0.21231865882873532 -0.96463498473167408 -0.17858051508665082 5.1357336044311532 -0.36046156287193293 -0.9599599540233611 -0.9413962960243224 19.875000000000004 0.12225609645247461 -0.01505099539645016 0.78052824735641491 -0.14555627107620236 -0.98214942216873158 21.37766265869141 19.125000000000004 -0.93545487523078907 2.4819850921630864 -0.14463099837303159 8.3405494689941424 77.125000000000014 7.1459527015686044
decision_type=2 2 2 2 2 2 2 2 2 2 2 2 2 2 2 2 2 2 2 2 2 2 2 2 2 2 2 2 2 2
left_child=-1 4 3 -3 6 -6 -2 8 15 10 12 -11 -9 -12 -15 20 17 18 -17 -14 -8 -22 24 -24 26 -26 -13 -28 29 -29
right_child=1 2 -4 -5 5 -7 7 9 -10 11 13 22 19 14 -16 16 -18 -19 -20 -21 21 -23 23 -25 25 -27 27 28 -30 -31
leaf_value=0.0037722480087799232 0.0023145905292914436 -0.015197766145925509 -0.055536267113372395 0.009044639327402397 -0.017675321416677516 0.036505585001182089 -0.0036427713650557603 0.021784426030069106 -0.0089927670616109026 -0.021002515554402232 0.00079957273708113324 0.0078205292450038294 -0.029181647813725658 0.0050160511943389162 -0.012870267993322993 -0.0056872721369255284 0.0030686875186317891 0.001660466612606897 -0.022154819411910984 0.0052037377627137419 0.00045695429469651738 0.013528727524283498 0.038920640216520204 -0.021775523984728387 0.024784080803515188 -0.028983102376267972 -0.0077195938371252973 -0.002111683203518283 0.01375401527051771 -0.056556114314732529
leaf_weight=100032.20630334318 173058.56178426743 9895.7952187284827 789.79472348093987 3464.8385877981782 6201.0648889541626 446.67812234163284 18788.315057814121 13127.275228738785 39130.614910677075 7876.8479465246201 546741.00370687246 10841.136143267155 1434.3376554846764 5716.8492217063904 21250.386421740055 76964.677665233612 30367.18084679544 30745.333588957787 6284.371590256691 5646.4110357761383 16696.665203332901 16507.832190170884 1812.3503109812737 819.14078092575073 3466.1863682866096 746.63198167085648 62856.323708057404 4156.0688438415527 9745.8558817207813 786.24591454863548
leaf_count=28917 39897 20172 2166 4302 5614 146 11513 3512 17586 4230 209385 4159 810 2115 10575 42905 13798 14321 4434 2023 8954 7467 340 459 2888 1342 51825 2981 5043 758
internal_value=-3.16002e-06 -0.000338484 -0.0115487 -0.00890887 -0.000195756 -0.0139854 -0.000112713 -0.000563202 -0.00264252 0.000139312 0.000784173 -0.00357493 0.0135263 0.000335124 -0.00907805 -0.00137662 -0.00299879 -0.00461525 -0.0069329 -0.00179299 0.00312717 0.00695779 -0.00213138 0.020016 -0.00276286 0.0152089 -0.00362109 -0.00522149 0.00546682 -0.0108697
internal_weight=1.2264e+06 1.12636e+06 14150.4 13360.6 1.11221e+06 6647.74 1.10557e+06 932508 235485 697023 593916 103107 20208 573708 26967.2 196354 144362 113994 83249 7080.75 51992.8 33204.5 95229.9 2631.49 92598.4 4212.82 88385.6 77544.5 14688.2 4942.31
internal_count=524637 495720 26640 24474 469080 5760 463320 423423 120978 302445 228420 74025 6345 222075 12690 103392 75458 61660 47339 2833 27934 16421 69795 799 68996 4230 64766 60607 8782 3739
is_linear=0
shrinkage=0.04


Tree=93
num_leaves=31
num_cat=0
split_feature=5 11 11 10 8 4 1 7 11 10 13 10 11 3 12 11 10 17 13 9 14 9 14 11 11 3 10 11 10 7
split_gain=917.483 875.819 732.713 1863.33 928.116 683.51 868.424 682.305 1045.16 1187.56 1500.08 1177.18 1020.96 1070.02 785.121 696.429 1419.93 1459.11 894.953 789.443 1006.09 1276.21 760.597 758.916 819.92 772.519 709.662 664.072 3207.2 2120.31
threshold=33.496301651000984 0.48689031600952154 -0.92602273821830738 -0.35141934454441065 19.625000000000004 0.16948688030242923 15.675942420959474 3.892741441726685 -0.97315269708633412 -0.13505011796951291 0.0059663015417754659 -0.01505099539645016 -0.9970029592514037 4.4011454582214364 0.72992956638336193 -0.98049351572990406 -0.16905184835195539 -12.588575839996336 13.656784534454347 74.125000000000014 8.3823347091674822 75.875000000000014 3.9683904647827153 -0.95242238044738758 -0.96687281131744374 1.0233616232872011 -0.21966676414012906 -0.66686570644378651 -0.76762619614601124 3.5537960529327397
decision_type=2 2 2 2 2 2 2 2 2 2 2 2 2 2 2 2 2 2 2 2 2 2 2 2 2 2 2 2 2 2
left_child=1 2 3 4 -1 -6 -7 8 9 10 -5 14 13 -9 -11 16 22 -18 -19 -17 21 -21 -14 24 26 -26 -23 -4 -29 -30
right_child=-2 -3 27 7 5 6 -8 12 -10 11 -12 -13 15 -15 -16 19 17 18 -20 20 -22 23 -24 -25 25 -27 -28 28 29 -31
leaf_value=0.0027720236536541553 0.0035681893492097456 -0.037075554685222438 -0.0026913279029724996 -0.051640136281146568 0.031526402335878972 0.0032033286090425582 0.030427531017019879 0.0019243978073840028 0.0016502938857117825 0.011417540989511992 -0.010458924512747266 -0.0060304497987038802 -0.013910389690525675 -0.010189026799883079 -0.0042389407415662425 0.0064793722097838541 0.020530851027311857 0.0045825399776068636 -0.0062429108571231051 -0.010108498556068502 -0.0072598169026771454 0.016181232796468915 0.01953896609772628 -0.0048691918979904113 0.033146857634892224 0.0064667221323049173 -0.009543978467719514 -0.00091760251734703706 0.027259267377938545 0.0028734062467924816
leaf_weight=9580.3873980641365 105210.56407821178 1027.3380365967751 257960.30329599977 1563.0886801481247 4618.8878380060196 5582.4698845148087 2814.7779854536057 27427.084242045879 83100.264477372169 13157.896514058113 14220.764285624027 45315.57042235136 1170.8742364645004 20292.277804136276 8382.986848115921 26319.692927777767 7159.729359805584 41842.658399224281 17247.255583703518 7687.8505071401596 27895.885262072086 3558.4510674476624 14196.682480216026 4614.5817759037018 4575.1097923517227 2804.1674649715424 3295.4845170974731 440579.3572331965 10844.178623437881 12030.684447169304
leaf_count=3253 21904 4191 112089 1351 880 1576 439 9853 33648 5550 7180 21621 498 7593 3853 5008 1332 14069 5278 4042 9908 939 3001 1750 879 898 1319 234068 2875 3792
internal_value=-3.1009e-06 -0.00033835 -0.000304317 0.00107246 0.0122258 0.0191767 0.0123543 0.000401562 -0.00151724 -0.00470221 -0.0145672 -0.00237138 0.00191532 -0.00322779 0.00532543 0.00342697 0.00603248 0.00349016 0.00142227 0.000793097 -0.00195712 0.00361804 0.016983 0.00921937 0.0137873 0.0230307 0.00381625 -0.00106469 -0.00015926 0.0144408
internal_weight=1.22608e+06 1.12087e+06 1.11984e+06 398425 22596.5 13016.1 8397.25 375828 165741 82640.3 15783.9 66856.5 210088 47719.4 21540.9 162368 81617.2 66249.6 59089.9 80751.2 54431.5 26535.6 15367.6 18847.8 14233.2 7379.28 6853.94 721415 463454 22874.9
internal_count=524637 502733 498542 145718 6148 2895 2015 139570 73203 39555 8531 31024 66367 17446 9403 48921 24178 20679 19347 24743 19735 9827 3499 5785 4035 1777 2258 352824 240735 6667
is_linear=0
shrinkage=0.04


Tree=94
num_leaves=31
num_cat=0
split_feature=8 11 14 10 2 8 9 9 8 7 11 10 10 2 9 6 10 10 14 10 13 11 11 14 10 10 10 10 10 10
split_gain=884.147 1019.83 1546.19 734.383 722.448 696.556 657.562 853.22 673.905 608.837 874.326 1394.27 1620.26 898.048 855.215 1323.67 836.244 1130.67 1336.38 957.089 941.153 1589.37 1214.1 1057.03 935.983 1085.27 1045.2 905.292 853.105 869.197
threshold=16.875000000000004 0.23118848353624347 8.4875326156616229 0.48030318319797521 0.13318620622158053 20.875000000000004 79.875000000000014 73.625000000000014 18.625000000000004 10.393191814422609 0.0096758542931638675 -0.93235439062118519 -0.9193688929080962 11.808029651641847 78.125000000000014 22.847458839416507 -0.59262362122535694 -0.47652685642242426 9.1623287200927752 -0.64659911394119252 12.997867107391359 -0.99552518129348744 -0.98049351572990406 13.701046943664553 1.0000000180025095e-35 -0.38341410458087916 -0.35141934454441065 -0.68508586287498463 -0.52124115824699391 -0.57868120074272145
decision_type=2 2 2 2 2 2 2 2 2 2 2 2 2 2 2 2 2 2 2 2 2 2 2 2 2 2 2 2 2 2
left_child=-1 3 5 6 -5 -3 7 8 -2 -9 11 14 -13 -12 15 -11 19 18 -18 27 21 -19 -23 -24 25 -22 -27 -14 29 -20
right_child=1 2 -4 4 -6 -7 -8 9 -10 10 13 12 16 -15 -16 -17 17 20 28 -21 24 22 23 -25 -26 26 -28 -29 -30 -31
leaf_value=0.0036011143927935402 0.0046601990548951894 -0.0028847047146455347 -0.043870951983073114 -0.016900019067175368 0.035456391724757258 -0.019075257046033009 0.0029283587352596212 -0.00037622583350957662 -0.0003848800727477251 -0.027582489954934803 -0.0034420227039062006 0.020583886384538466 -0.0084200023819388358 0.027142180387322475 -0.0036083430672753324 0.0084939853189174037 -0.016933403931557942 -0.019587822421455986 0.022634499216525234 -0.022809731449308118 -0.022598191418147572 0.018938868863275723 0.0060832252971888033 -0.017153846317741299 -0.028862052962367445 0.020334339655361404 -0.0059473454369872326 0.0088600951935186682 0.021084213865386565 -0.0052802934277012452
leaf_weight=100013.02799648046 88106.598931849003 33812.648316584527 1692.8278650343418 6187.4117880165577 443.2184978723526 4854.0859355330467 109524.79105427861 658062.91645276546 81582.421661734581 9120.7385842204094 3143.0398838818073 4730.794359266758 27386.740365326405 2990.8445764780045 7412.4320797920227 1975.2276980280876 3041.9148536324501 4766.99026876688 2527.505153298378 5918.3956680297852 5055.2164260149002 7507.3360155820847 10661.177299022675 4423.497786462307 3380.3456643223763 2897.1217360496521 14473.168369889259 5885.9280716180801 8171.280257165432 6007.2470152378082
leaf_count=28917 18090 43148 3033 5614 146 9619 36180 306631 19296 5949 1849 1370 11171 821 3351 716 1341 2434 550 3050 1804 1959 3430 1739 1900 507 4261 1934 1781 2046
internal_value=-2.91361e-06 -0.000323131 -0.00656576 -9.0943e-05 -0.0133522 -0.00492162 -9.30895e-06 -0.000341298 0.00223477 -0.000888046 -0.00326852 -0.00393822 -0.00232172 0.0114906 -0.0141356 -0.0211585 -0.00329009 -0.000756931 0.00741367 -0.0080015 -0.0037927 0.00137611 0.00580627 -0.000737768 -0.00927101 -0.00630638 -0.00155475 -0.00536141 0.0118544 0.00300329
internal_weight=1.22576e+06 1.12574e+06 40359.6 1.08538e+06 6630.63 38666.7 1.07875e+06 969229 169689 799540 141477 135343 116835 6133.88 18508.4 11096 112104 72912.8 19747.9 39191.1 53164.9 27359 22592 15084.7 25805.9 22425.5 17370.3 33272.7 16706 8534.75
internal_count=524637 495720 55800 439920 5760 52767 434160 397980 37386 360594 53963 51293 41277 2670 10016 6665 39907 23752 5718 16155 18034 9562 7128 5169 8472 6572 4768 13105 4377 2596
is_linear=0
shrinkage=0.04


Tree=95
num_leaves=31
num_cat=0
split_feature=15 4 11 11 11 11 11 17 11 7 10 9 11 1 10 7 12 10 8 3 9 10 10 3 7 14 0 10 10 8
split_gain=845.435 846.794 741.638 557.475 589.964 1356.87 659.44 563.456 552.324 638.567 1023 638.218 538.962 700 538.263 763.198 579.004 521.817 520.126 845.674 644.394 621.134 1048.66 795.148 738.712 511.105 511.536 507.199 1554.47 1381.23
threshold=1.0000000180025095e-35 0.10778025910258295 0.48689031600952154 -0.12758953124284741 -0.99052476882934559 -0.99552518129348744 -0.99996069073677052 -0.23185271769762036 -0.92272481322288502 5.6271352767944345 -0.64659911394119252 77.625000000000014 -0.94137725234031666 4.0741107463836679 0.48030318319797521 0.087709460407495513 1.0000000180025095e-35 0.49531894922256475 18.125000000000004 1.3438934683799746 74.375000000000014 -0.95244166254997242 -0.8978554606437682 10.58519506454468 10.95050096511841 16.109537124633793 31.785283088684086 -0.41495507955551142 -0.35141934454441065 20.125000000000004
decision_type=2 2 2 2 2 2 2 2 2 2 2 2 2 2 2 2 2 2 2 2 2 2 2 2 2 2 2 2 2 2
left_child=2 3 14 4 5 6 -2 -7 12 10 11 -10 -6 -14 27 17 -17 -16 19 -3 25 24 23 -23 -20 -21 -27 -1 29 -29
right_child=1 18 -4 -5 8 7 -8 -9 9 -11 -12 -13 13 -15 15 16 -18 -19 21 20 -22 22 -24 -25 -26 26 -28 28 -30 -31
leaf_value=-0.0014310646519819575 -0.037261726416899496 0.012890022680072251 -0.034991077543500809 -0.0093523975071370877 0.0018075053870390944 -0.0041353453465284165 0.0037137142184702678 -0.031104205279778023 0.012702235959044666 -0.0073301893495214977 -0.015264923709159876 -0.0076131401020032461 -0.00043005494139646867 0.02336477527902861 -0.012738746165447771 0.010798264164311153 -0.033081313268736069 -0.043403259410103 0.00059416177887699529 0.0091359599772341035 -0.020801430295151361 0.019826777631909442 0.0012817742565341748 -0.00053207386852527393 -0.014392100020683486 -0.0020055121371988943 0.0052618638284043437 0.0010912617035338911 -0.00019428412619460815 0.019635002257911777
leaf_weight=481738.54269371927 660.60523003339767 17749.054667919874 1000.3964146599174 12370.9319024086 44953.158351421356 1790.2710789442062 9981.1313488483429 4044.2878363728523 10629.514085173607 21725.407503545284 3866.8128383755684 3216.5784482359886 3492.622564136982 4550.7099128365517 2563.9724896550179 2634.941683024168 578.19548618793488 1359.1219137310982 14711.222880780697 21370.906821593642 1729.433476343751 8983.1756763160229 144876.9223100692 4659.1619233638048 8183.2986687421799 28313.411059200764 34213.099939584732 13314.208121299744 303784.80812031031 12415.799060702324
leaf_count=255666 327 5315 4106 7973 13419 546 3137 1821 3566 8202 1733 1208 1189 874 2287 1558 492 1664 6649 5356 1054 2424 39874 1483 3680 6523 5883 5353 128306 2969
internal_value=-2.85685e-06 0.00148955 -0.000742471 -0.00130943 -0.000395073 -0.00736574 0.0011375 -0.0228503 0.000848096 -0.0027358 0.00290031 0.00798069 0.00351513 0.0130447 -0.000700179 -0.0116301 0.00282411 -0.0234455 0.00268154 0.00494595 0.00329796 0.00139101 0.00228055 0.0128785 -0.00476639 0.00379715 0.00197124 -0.000603891 0.000605412 0.0100435
internal_weight=1.22546e+06 406072 819390 121282 108911 16476.3 10641.7 5834.56 92434.8 39438.3 17712.9 13846.1 52996.5 8043.33 818390 7136.23 3213.14 3923.09 284790 103376 85626.9 181414 158519 13642.3 22894.5 83897.4 62526.5 811253 329515 25730
internal_count=524637 122236 402401 43995 36022 5831 3464 2367 30191 14709 6507 4774 15482 2063 398295 6001 2050 3951 78241 24131 18816 54110 43781 3907 10329 17762 12406 392294 136628 8322
is_linear=0
shrinkage=0.04


Tree=96
num_leaves=31
num_cat=0
split_feature=8 11 9 8 14 10 17 13 12 9 11 11 9 7 8 3 10 4 10 13 10 11 10 10 14 10 12 10 10 14
split_gain=779.412 956.377 1024.11 1470 1049.48 1043.45 847.056 759.795 635.633 670.518 1156.04 1948.14 1045.98 997.114 871.22 703.515 1027.78 1191.52 1415.65 1183.05 708.408 852.153 751.846 696.397 790.755 686.06 678.254 743.007 781.125 738.955
threshold=16.875000000000004 0.37844388186931616 78.375000000000014 18.875000000000004 4.2719595432281503 -0.91597726941108693 -0.14555627107620236 0.13992954790592196 0.16529916971921924 77.125000000000014 0.34638161957263952 0.23118848353624347 73.625000000000014 9.7235374450683612 19.625000000000004 4.7284181118011483 -0.74512827396392811 6.2570648193359384 -0.76762619614601124 5.2943601608276376 -0.98370367288589466 -0.31186713278293604 -0.98930078744888295 0.40318277478218084 0.42155498266220098 -0.91246706247329701 10.24138116836548 -0.99467751383781422 -0.60639065504074086 2.2600073814392094
decision_type=2 2 2 2 2 2 2 2 2 2 2 2 2 2 2 2 2 2 2 2 2 2 2 2 2 2 2 2 2 2
left_child=-1 8 3 4 6 -4 -3 -7 -2 12 11 -11 -10 14 15 16 17 18 19 20 22 -22 -14 24 -18 -17 27 -15 -29 -30
right_child=1 2 5 -5 -6 7 -8 -9 9 10 -12 -13 13 26 -16 25 23 -19 -20 -21 21 -23 -24 -25 -26 -27 -28 28 29 -31
leaf_value=0.0033816091922643865 -0.0018371930543825525 0.020908136630139906 -0.069844098338850968 -0.033744020711535296 -0.058839174783187884 0.021759262843187049 -0.011028363116451743 -0.040235376974063083 0.0021789221567033927 0.0018882292426928076 0.047309257882985789 -0.046760698532721648 -0.0071782018047959681 0.014916864106502921 0.002199322245504958 -0.017589247443932074 -0.020483482266800426 -0.011129098880296551 0.026728036940081933 0.0090162615979958571 -0.0047505325288545652 0.011211704956239197 -0.039638618838820978 0.010725116976403493 -0.0039451826819130991 -0.0043775442952161629 -0.011307979179533053 -0.011619595928535918 0.034423502473594401 -0.00075837416522685219
leaf_weight=99978.34707583487 275783.65568706393 2138.4248487651348 241.88568899035454 4605.1974658742547 498.75028978288174 2787.7433485537767 3473.1357234269381 347.34644861519337 159141.89704328775 318295.77111327648 881.16390453279018 1312.5057713240385 6734.9777673780918 3445.910738825798 102301.93689893186 8243.5600820630789 4897.015380859375 9095.6180014908314 4212.0658799409866 26067.715557277203 14735.557127952576 8389.4141087085009 1366.499691426754 4816.7786442637444 80951.944831371307 26464.430637419224 26106.2678476125 13574.486323699355 1018.8922799825668 13333.919922053814
leaf_count=28917 155884 2054 675 12432 1271 3831 5333 1044 34272 109197 362 2499 4296 1411 44703 5726 3501 5038 1109 10186 7388 4183 1072 2066 40418 12749 10486 7200 268 5066
internal_value=-2.80404e-06 -0.000303532 -0.0106547 -0.0167044 -0.00382794 0.0085345 0.00115738 0.0147846 -0.000172159 0.000377528 0.0018139 0.00168699 -0.000516532 -0.00172233 -0.000792617 -0.00235448 -0.00124244 0.00237604 0.00437469 0.00272697 -0.00252451 0.00104269 -0.0126955 -0.00406012 -0.00489084 -0.00751964 -0.00654587 -0.00258089 -0.00474448 0.00176138
internal_weight=1.22524e+06 1.12526e+06 14092.5 10715.5 6110.31 3376.98 5611.56 3135.09 1.11117e+06 835388 320489 319608 514899 355757 298278 195976 161268 70601.8 61506.2 57294.2 31226.4 23125 8101.48 90665.7 85849 34708 57479.5 31373.2 27927.3 14352.8
internal_count=524637 495720 26640 21090 8658 5550 7387 4875 469080 313196 112058 111696 201138 166866 142435 97732 79257 33272 28234 27125 16939 11571 5368 45985 43919 18475 24431 13945 12534 5334
is_linear=0
shrinkage=0.04


Tree=97
num_leaves=31
num_cat=0
split_feature=11 5 10 10 14 11 10 8 4 1 10 10 7 9 10 10 13 9 10 3 14 7 14 10 9 7 3 11 10 11
split_gain=751.873 735.34 633.461 945.124 751.733 616.211 1615.08 814.659 632.85 800.749 623.016 2871.33 1952.87 2332.05 1313.87 2098.24 1686.44 1767.98 1439.94 1056.72 1008.13 997.599 990.391 887.178 867.573 864.187 1066.07 1063.34 1734.36 1037.41
threshold=0.48689031600952154 33.496301651000984 1.0000000180025095e-35 0.22386012226343158 15.796020507812502 -0.92602273821830738 -0.35141934454441065 19.625000000000004 0.16948688030242923 15.675942420959474 -0.74512827396392811 -0.76762619614601124 2.3904415369033818 76.875000000000014 -0.7996615171432494 -0.87812310457229603 0.45654073357582098 78.375000000000014 -0.89015004038810719 23.754972457885746 0.72510570287704479 1.0000000180025095e-35 17.513702392578129 -0.68508586287498463 73.875000000000014 1.0000000180025095e-35 1.0000000180025095e-35 -0.024725049734115597 -0.99630266427993763 -0.14463099837303159
decision_type=2 2 2 2 2 2 2 2 2 2 2 2 2 2 2 2 2 2 2 2 2 2 2 2 2 2 2 2 2 2
left_child=1 5 -3 4 -4 6 7 -1 -9 -10 11 14 -13 -14 15 18 17 -17 25 -12 -16 -19 -18 -21 -24 -7 29 -28 -29 -27
right_child=-2 2 3 -5 -6 10 -8 8 9 -11 19 12 13 -15 20 16 22 21 -20 23 -22 -23 24 -25 -26 26 27 28 -30 -31
leaf_value=0.0025417454065009698 -0.03441265189114031 0.0043521836364173684 0.016418002142438701 0.012252536969258921 -0.01708620942117416 -0.018262395597701871 0.00036428459784542088 0.029884873949642121 0.0026054274726666944 0.028822766327115366 -0.0035957182111148261 0.02885968888413629 -0.013974978779430032 0.018681632939352294 0.008605928581388117 -0.019291011419414063 0.009177216505419061 0.061707120699626493 -0.013619172068458656 -0.011272668035408537 -0.013740616953125317 0.0044917334605015895 0.009553378744369196 0.0062763115593512386 -0.019804820130218451 0.0058464431119245206 -0.0050199205656464539 0.009292434544231086 -0.0046295453524678445 -0.0012066655442092436
leaf_weight=9577.9469635486603 1005.1696093380451 92867.658888489008 1241.002680182457 3492.3716369867325 7522.8467359542847 4624.3411369025707 375506.92082458735 4573.8390986919403 5579.9719599485397 2790.6720404624939 220846.63171264529 8538.9205399751663 6116.7753853797913 8147.9178400039673 3864.1649642586708 7680.8870242089033 64362.072356849909 642.57817216217518 15435.199187830091 5388.3064008951187 19493.398642420769 1935.6674057394266 2824.6294933855534 31543.432966351509 3722.6249779462814 58176.929102659225 121299.20987248421 25788.642137825489 32161.155750274658 78214.505438610911
leaf_count=3253 4191 19159 232 561 1952 8448 139570 880 1576 439 101787 2166 2404 2097 1642 6328 20195 270 10003 1964 8324 899 562 8338 1569 21370 55240 11828 27253 60137
internal_value=-2.80083e-06 2.57389e-05 0.00322412 -0.00531997 -0.0123285 -0.000274802 0.000988445 0.01139 0.0179301 0.0113699 -0.000972369 -9.49133e-05 0.0137418 0.00467833 -0.00081195 -0.000294574 0.00547628 -0.00967529 -0.00169002 -0.00254842 -0.0100416 0.0189349 0.00766946 0.00371357 -0.00714379 -0.00111469 -0.000862893 -0.00289061 0.00156651 0.001802
internal_weight=1.22497e+06 1.22396e+06 105124 12256.2 8763.85 1.11884e+06 398029 22522.4 12944.5 8370.64 720808 463030 22803.6 14264.7 440226 416868 81168.5 10259.1 335700 257778 23357.6 2578.25 70909.3 36931.7 6547.25 320265 315640 179249 57949.8 136391
internal_count=524637 520446 21904 2745 2184 498542 145718 6148 2895 2015 352824 240735 6667 4501 234068 224102 29823 7497 194279 112089 9966 1169 22326 10302 2131 184276 175828 94321 39081 81507
is_linear=0
shrinkage=0.04


Tree=98
num_leaves=31
num_cat=0
split_feature=14 8 11 8 9 10 11 9 4 11 11 12 10 10 10 10 8 10 10 10 10 12 8 10 11 10 10 4 13 9
split_gain=723.577 627.847 777.101 817.791 662.707 991.971 803.25 699.555 770.3 1200.67 2352.57 1325.19 1311.67 1742.39 1613.53 1567.25 1178.45 1062.38 1182.63 1390.3 1048.87 956.875 761.471 743.94 739.007 1043.32 1614.91 1437.43 913.286 909.656
threshold=1.0000000180025095e-35 16.875000000000004 0.4256857186555863 17.875000000000004 79.625000000000014 0.43442112207412725 0.39430940151214605 73.625000000000014 4.0876605510711679 0.18069575726985934 0.14675828069448474 1.0000000180025095e-35 -0.50648479163646687 -0.49157854914665217 -0.65962448716163624 -0.68508586287498463 19.875000000000004 -0.733546882867813 -0.9769422411918639 -0.98664820194244374 -0.91597726941108693 0.017557770013809208 20.375000000000004 -0.99993467330932606 -0.96687281131744374 -0.01505099539645016 -0.11798679083585738 1.0000000180025095e-35 25.425884246826175 76.875000000000014
decision_type=2 2 2 2 2 2 2 2 2 2 2 2 2 2 2 2 2 2 2 2 2 2 2 2 2 2 2 2 2 2
left_child=-1 -2 4 -4 7 6 -6 -3 23 10 12 -12 14 -14 15 17 -13 18 19 -10 21 -11 -16 -9 25 26 27 -25 29 -27
right_child=1 2 3 -5 5 -7 -8 8 9 20 11 16 13 -15 22 -17 -18 -19 -20 -21 -22 -23 -24 24 -26 28 -28 -29 -30 -31
leaf_value=-0.0057612193154644286 0.0032151363430521908 0.0018844363155301187 0.0079585052727505316 -0.031322843231864524 0.0025756832475473104 -0.042109799694002963 0.045211097167470897 -0.024601831586855829 -0.0069702966062135168 -0.052529190329219856 0.053506122168562265 -0.042494935990444002 0.026066785591923408 -0.00063234509324030868 -0.022336065657493073 0.016303415970827503 0.028230482717435047 -0.021288390172297719 -0.00066460970972259919 -0.032877407929625888 0.032143567170911845 -0.012966478234040298 -0.0071647775957633265 -0.011647462059066822 0.00070397848729489016 -0.009440312376589672 0.0082331356770641902 0.004391581480618789 -0.034746528551302613 -0.00020387052409539275
leaf_weight=33934.088899612427 98784.658493310213 171548.03778797388 1270.3441423773766 2519.966852158308 136435.23578172922 781.61779052019119 700.74255347251892 1979.169471591711 20542.837888598442 1731.116199657321 1816.7096316218376 562.930528819561 4105.9273393750191 78485.163561224937 12221.878800868988 5900.4253681302071 1092.2298268675804 5945.6495652794838 57687.523842871189 3944.129457116127 475.09401133656502 2252.7425281703472 9355.1171464323997 20227.309387147427 435628.98049001396 38177.215456902981 27941.883991777897 16008.068572163582 1719.5114380121231 30837.696006894112
leaf_count=35207 28289 39811 1799 7580 45794 829 341 2023 13128 2991 345 432 987 30288 6999 1956 334 3448 24086 2556 302 2378 4146 9433 208835 21053 10645 5849 998 11775
internal_value=-2.62372e-06 0.000161542 -0.000114746 -0.0181712 -5.16819e-05 0.00253929 0.00279682 -0.000427779 -0.000937218 -0.00303396 -0.00257936 0.0300155 -0.00315184 0.000697969 -0.00590225 -0.00363747 0.00406557 -0.00497439 -0.00379156 -0.0111549 -0.0235417 -0.0302462 -0.0157646 -0.000182307 -9.71679e-05 -0.00268393 0.00100897 -0.00456248 -0.00603415 -0.00531385
internal_weight=1.22461e+06 1.19068e+06 1.0919e+06 3790.31 1.0881e+06 137918 137136 950187 778639 206119 201661 3471.87 198189 82591.1 115598 94020.6 1655.16 88120.1 82174.5 24487 4458.95 3983.86 21577 572520 570541 134912 64177.3 36235.4 70734.4 69014.9
internal_count=524637 489430 461141 9379 451762 46964 46135 404798 364987 94376 88705 1111 87594 31275 56319 45174 766 43218 39770 15684 5671 5369 11145 270611 268588 59753 25927 15282 33826 32828
is_linear=0
shrinkage=0.04


Tree=99
num_leaves=31
num_cat=0
split_feature=11 10 8 9 10 14 8 3 11 4 8 11 4 13 13 11 17 11 11 15 10 14 14 13 3 10 11 10 10 13
split_gain=697.31 1804.32 766.344 724.395 784.042 692.118 710.881 628 610.958 604.931 601.765 867.052 853.037 656.508 654.639 754.365 617.556 1384.06 789.579 887.836 886.075 926.368 1202.34 681.451 649.07 775.769 607.89 583.141 638.577 591.635
threshold=-0.92602273821830738 -0.35141934454441065 19.625000000000004 74.125000000000014 -0.25309335440397257 1.0000000180025095e-35 19.125000000000004 1.0000000180025095e-35 -0.99983122944831837 54.673845291137702 19.125000000000004 -0.94978386163711537 1.0000000180025095e-35 16.973855018615726 37.158224105834968 -0.99907308816909779 -14.227000236511229 -0.99552518129348744 -0.98667386174201954 0.93750000000000011 0.10516610741615297 0.67420473694801342 7.6870813369750985 1.0000000180025095e-35 1.0000000180025095e-35 -0.13505011796951291 -0.94426098465919484 0.019350802991539243 0.05372969992458821 11.445017814636232
decision_type=2 2 2 2 2 2 2 2 2 2 2 2 2 2 2 2 2 2 2 2 2 2 2 2 2 2 2 2 2 2
left_child=1 2 7 4 -3 6 -2 -1 -6 -9 26 14 13 -13 16 -16 17 -12 20 -20 23 -22 -23 -18 25 -25 -5 -26 -29 -30
right_child=5 3 -4 10 8 -7 -8 9 -10 -11 11 12 -14 -15 15 -17 18 -19 19 -21 21 22 -24 24 27 -27 -28 28 29 -31
leaf_value=-0.016910662196554703 0.0018573026117414718 0.010154946377358989 0.017517764482395535 -0.0045426700373667143 -0.012539921987636626 -0.00049590588602728229 -0.01163859013541834 0.010634091572938199 0.0024149261127140872 -0.023830780830888597 -0.020100105189186441 -0.0043075824796972592 -0.019649651798608676 0.023932658525173314 0.020407784710870049 -0.024701947965067861 -0.016925480186158359 0.026559041789755523 0.0046497711014973735 -0.023131955819802666 0.01444493645965721 -0.02948475375171233 -0.00087743695643898909 -0.012806896683383853 0.00060300720765778042 0.0076616785693016188 0.0062437092723677881 -0.025186332503726625 0.0012815736334804212 -0.032121141393658945
leaf_weight=1926.798916220665 9564.0186285078526 21461.980761170387 14500.735264062881 74187.395312786102 4572.961461186409 751643.65886995196 17969.860226109624 9950.1994296312332 94498.555621981621 878.05149185657501 1338.9458555579185 17966.010544836521 5857.1398448348045 1411.3237310647964 741.24084234237671 2834.6839607357979 3473.6429817080498 4143.382254242897 91118.643276333809 1868.656133711338 1818.3854822516441 5233.5910867452621 4261.9107583165169 3302.952634871006 30252.580125629902 28071.780234396458 9412.453388273716 3215.3764347434044 5831.1974505186081 982.74624514579773
leaf_count=1071 7628 3618 3150 37908 1206 338660 24044 2453 21105 184 649 8338 2526 260 159 1138 2026 771 31427 745 745 2864 1740 1416 10509 9552 3888 1867 2405 585
internal_value=-2.60664e-06 0.00126041 0.0112301 0.000609855 0.00322546 -0.000724123 -0.00695176 0.00407379 0.00172344 0.00781996 -0.000450568 0.000674922 -0.0062867 -0.00223946 0.00160721 -0.0153205 0.00193537 0.0151477 0.00153086 0.00408905 -0.00122111 -0.0116518 -0.0166592 0.000350991 0.00119073 0.00550347 -0.00332764 -0.0021689 -0.0105224 -0.00357597
internal_weight=1.22429e+06 445113 27255.8 417858 120533 779178 27533.9 12755 99071.5 10828.3 297324 213724 25234.5 19377.3 188490 3575.92 184914 5482.33 179431 92987.3 86444.2 11313.9 9495.5 75130.3 71656.6 31374.7 83599.8 40281.9 10029.3 6813.94
internal_count=524637 154305 6858 147447 25929 370332 31672 3708 22311 2637 121518 79722 11124 8598 68598 1297 67301 1420 65881 32172 33709 5349 4604 28360 26334 10968 41796 15366 4857 2990
is_linear=0
shrinkage=0.04


Tree=100
num_leaves=31
num_cat=0
split_feature=11 8 11 8 10 7 11 13 14 10 10 11 10 6 8 8 9 13 3 10 7 17 10 11 10 10 7 9 10 14
split_gain=673.402 662.218 700.582 1241.47 840.83 2102.49 1057.05 1516.83 1158.65 1035.1 968.388 2259.21 2911.23 938.727 1066.13 930.017 926.716 902.9 877.734 949.645 1061.78 841.542 835.057 1807.3 2387.07 2230.43 1518.36 1666.56 1502.19 2209.59
threshold=0.48689031600952154 16.875000000000004 -0.12758953124284741 20.625000000000004 -0.96463498473167408 6.6174683570861825 -0.36046156287193293 0.19679062813520434 0.42155498266220098 -0.9769422411918639 -0.7996615171432494 -0.71651923656463612 -0.13505011796951291 4.8297805786132821 20.625000000000004 19.625000000000004 74.875000000000014 1.0000000180025095e-35 0.25934714078903204 -0.94423642754554737 12.132047653198244 -0.81330132484436024 -0.80987083911895741 -0.64084014296531666 -0.74512827396392811 -0.59262362122535694 2.3904415369033818 76.875000000000014 -0.87395131587982167 16.109537124633793
decision_type=2 2 2 2 2 2 2 2 2 2 2 2 2 2 2 2 2 2 2 2 2 2 2 2 2 2 2 2 2 2
left_child=1 -1 4 -4 5 9 8 -8 10 13 -6 12 15 14 21 -12 -13 -11 19 -9 -21 -3 28 24 26 -26 -24 -28 29 -10
right_child=-2 2 3 -5 6 -7 7 18 22 17 11 16 -14 -15 -16 -17 -18 -19 -20 20 -22 -23 23 -25 25 -27 27 -29 -30 -31
leaf_value=0.0031454557448454914 -0.032735248575019069 0.010041357314704029 -0.0011156969885086335 -0.010686899350529815 -0.019819355020869053 -0.0050014356811022356 0.0090393632695322211 0.0037752801975817975 -0.0051217469062988146 -0.011152904541422788 -0.035386483825556307 -0.012061065929904771 -0.0019929463337455548 0.015374602228294404 0.013878533911626356 -0.011758415687415386 0.023333530912143189 0.018977231554744428 -0.014683782230414008 -0.036235633666382348 0.031788028438709044 -0.014694032343155979 0.030302080053839307 -0.010022507298029703 -0.0061672529430872106 0.00097385263515766441 -0.011002643727900633 0.017515088374538287 0.0077620657578259915 0.011840710986530317
leaf_weight=99874.539452880621 994.78848661482334 2976.2340573072433 122684.70068058372 26328.897963747382 5969.5368528962135 24484.812443435192 8358.0545826554298 10322.14126855135 48307.830874323845 1737.0008578300476 5816.5434930324554 1435.8320301771164 60924.842281579971 7899.4249666333199 5045.3196774721146 4939.4175595641136 6585.3799257874489 18225.136776983738 22379.06101834774 2005.0716099143028 440.77728492021561 8371.738809466362 6281.6517226696014 27457.897699892521 80929.645561158657 516841.35739922523 5303.945004940033 8554.7291713953018 66115.41056317091 16467.530745565891
leaf_count=28686 4191 1194 91575 28305 3726 9970 3191 3945 20872 775 5323 844 35277 2601 1828 2872 2207 5050 10955 1254 95 4502 1496 11594 35171 178578 2046 2199 20368 3947
internal_value=-2.5642e-06 2.43266e-05 -0.000253231 -0.00280742 0.000137491 0.00440217 -0.000186323 -0.00626899 0.000120762 0.00960485 -0.0042935 -0.0031283 -0.0053817 0.00405671 -0.00140309 -0.0245569 0.0169906 0.0163512 -0.00991088 -0.00154025 -0.0238973 -0.00820355 0.000607988 1.71361e-05 0.000463419 6.96206e-06 0.0140045 0.00660081 0.00352102 -0.0008083
internal_weight=1.22406e+06 1.22306e+06 1.12319e+06 149014 974176 68739.7 905437 43505.1 861932 44254.9 85671.6 79702 71680.8 24292.7 16393.3 10756 8021.21 19962.1 35147.1 12768 2445.85 11348 776260 645369 617911 597771 20140.3 13858.7 130891 64775.4
internal_count=524637 520446 491760 119880 371880 25920 345960 19440 326520 15950 50249 46523 43472 10125 7524 8195 3051 5825 16249 5294 1349 5696 276271 231084 219490 213749 5741 4245 45187 24819
is_linear=0
shrinkage=0.04


Tree=101
num_leaves=31
num_cat=0
split_feature=5 11 10 10 14 9 10 8 11 14 8 10 9 10 10 14 4 12 9 14 10 2 10 10 10 10 14 8 12 8
split_gain=627.884 614.518 573.368 856.997 689.134 558.42 536.947 531.373 762.771 841.232 870.119 929.062 845.118 889.258 690.126 657.305 853.714 710.186 586.567 668.046 540.963 675.381 529.205 779.53 852.841 935.134 881.789 690.192 732.519 666.602
threshold=33.496301651000984 0.48689031600952154 1.0000000180025095e-35 0.22386012226343158 15.796020507812502 79.875000000000014 -0.11798679083585738 16.875000000000004 0.37844388186931616 4.4636662006378183 18.875000000000004 -0.91597726941108693 78.125000000000014 -0.87812310457229603 -0.8940606117248534 0.44358095526695257 0.47332158684730535 0.14717525988817218 73.875000000000014 6.7857947349548349 0.48030318319797521 0.13318620622158053 -0.99940761923789967 -0.99904707074165333 -0.99866804480552662 -0.99815973639488209 1.3811809420585635 18.875000000000004 1.4059091210365298 19.875000000000004
decision_type=2 2 2 2 2 2 2 2 2 2 2 2 2 2 2 2 2 2 2 2 2 2 2 2 2 2 2 2 2 2
left_child=1 5 -2 4 -4 7 -7 18 20 10 15 -12 -13 14 -14 16 -10 -17 19 -1 22 -22 27 29 -25 26 -26 -9 -29 -24
right_child=2 -3 3 -5 -6 6 -8 8 9 -11 11 12 13 -15 -16 17 -18 -19 -20 -21 21 -23 23 24 25 -27 -28 28 -30 -31
leaf_value=0.014315452109482592 0.0040272343906540518 -0.031650991295984733 0.015695296456925356 0.011557621868487047 -0.016430884867601289 0.0041758340425200931 -0.0025100082870020985 0.00071542718732698978 -0.044543647720514418 -0.054080741053741534 -0.062035832540708616 -0.0249728928636039 0.0040313662018867094 0.049885155251272142 -0.075328898850891376 0.024205018125058465 0.0085719406478503533 -0.018609080990781825 -0.00072003089771992452 0.0026929644444529271 -0.016257155591540302 0.034798512878409675 0.02019664090510942 -0.019557178038168938 -0.0095980768203865474 -0.00061415327141039241 0.021539875336671059 -0.027558028475504381 -0.002570001295306411 -0.0075299893275378033
leaf_weight=11426.518241077662 92802.13298624754 988.19189094752073 1237.2798118591309 3487.4240710139275 7502.9888977408409 78520.764710754156 25439.794547080994 7305.8516163825989 864.4200727045536 671.928471788764 698.79559223353863 3256.7467699348927 937.2185485213995 572.70783844590187 205.42132921516895 2576.1265521645546 1078.8873975127935 807.16670148074627 39715.551527217031 25702.001483231783 5658.696197271347 437.96312820911407 5162.7045620083809 3760.9205914735794 1956.2385041415691 885786.72025802732 5615.8903306722641 4231.0687499046326 3371.4619674384594 1889.8119398355484
leaf_count=3415 19159 4191 232 561 1952 28663 9947 4057 1870 1868 1832 8053 1401 472 903 2080 1313 995 15445 5811 5136 144 1720 2894 1256 388841 1709 5109 2407 1201
internal_value=-2.48463e-06 -0.000280132 0.0029544 -0.00518453 -0.0118703 -0.000252112 0.00253968 -0.000538451 -0.000800747 -0.0109591 -0.0082777 -0.019168 -0.0130308 0.0096558 -0.0107656 0.00333069 -0.015162 0.0139659 0.00265902 0.00627274 -0.000672501 -0.0125385 -0.000593653 -0.000470358 -0.00057456 -0.000494427 0.0134934 -0.00806602 -0.0164946 0.0127668
internal_weight=1.22367e+06 1.11864e+06 105030 12227.7 8740.27 1.11765e+06 103961 1.01369e+06 936847 11669.4 10997.5 5670.89 4972.09 1715.35 1142.64 5326.6 1943.31 3383.29 76844.1 37128.5 925177 6096.66 919081 904172 897120 893359 7572.13 14908.4 7602.53 7052.52
internal_count=524637 502733 21904 2745 2184 498542 38610 459932 435261 20787 18919 12661 10829 2776 2304 6258 3183 3075 24671 9226 414474 5280 409194 397621 394700 391806 2965 11573 7516 2921
is_linear=0
shrinkage=0.04


Tree=102
num_leaves=31
num_cat=0
split_feature=11 10 8 7 11 10 13 10 10 10 9 6 10 10 12 10 9 14 14 16 7 10 10 4 10 3 11 7 17 10
split_gain=618.766 1657.11 711.153 652.766 904.678 1056.18 1403.99 1031.01 745.93 1524.63 881.646 1069.76 1316.11 796.226 743.5 718.462 707.132 649.164 621.838 611.088 638.275 1197.79 1223.65 982.058 901.218 657.289 713.023 604.158 641.668 581.815
threshold=-0.92602273821830738 -0.35141934454441065 19.625000000000004 3.892741441726685 -0.97315269708633412 -0.13505011796951291 0.0059663015417754659 -0.01505099539645016 -0.16905184835195539 -0.20285348594188687 74.375000000000014 6.5212948322296151 -0.30265928804874415 -0.21966676414012906 0.72992956638336193 0.3393120169639588 79.875000000000014 3.9683904647827153 19.237435340881351 0.63817954063415538 5.6908249855041513 -0.92923668026924122 -0.90893998742103566 1.6309347152709963 -0.81984052062034596 4.0883281230926523 0.16375125199556353 1.2387127280235293 -0.057421054691076272 -0.86546283960342396
decision_type=2 2 2 2 2 2 2 2 2 2 2 2 2 2 2 2 2 2 2 2 2 2 2 2 2 2 2 2 2 2
left_child=1 2 -1 4 5 6 -3 14 9 10 18 12 -12 -14 27 -10 -13 -11 -5 -2 -21 25 -23 -24 29 26 -22 28 -7 -25
right_child=19 3 -4 8 -6 7 -8 -9 15 17 11 16 13 -15 -16 -17 -18 -19 -20 20 21 22 23 24 -26 -27 -28 -29 -30 -31
leaf_value=0.0038529076974595624 -0.0014558812340668889 -0.049964194726278499 0.01681420464888642 0.01520179904913662 0.001559590050071941 0.030565626872115882 -0.0097343341739556388 -0.0055845485834609696 -8.0316559844903111e-05 -0.013492705288483927 -0.010785908809242007 -0.0090167290220218421 0.020274388516131659 -0.019219443190659848 -0.004259952647287471 0.024816225426429084 0.0048743515452796893 0.017240056881431841 0.0030882453360138108 0.0035216444729947202 0.00062810122480531482 0.015996641622986772 -0.0065857310799715529 0.0030588012457216317 0.00013237480014236788 -0.01179369288967776 -0.029902302960894463 0.0017890335888927206 0.0063550388945787864 0.017268932251518859
leaf_weight=12738.006868064404 527372.79527767748 1529.7511932849884 14472.286250829697 10793.944480121136 83058.94492161274 3654.4701776504517 14192.660827994347 45242.351054668427 159175.69199681282 1170.0838246941566 4094.0097015500069 22959.413323044777 8356.9592887759209 897.24613773822784 8377.7082002162933 1866.4425565004349 7865.9550675153732 16677.453135728836 18224.869092345238 95220.592706717551 18077.979290992022 8506.0305152535439 25654.629024729133 9228.6600747108459 64194.518790304661 19851.943449214101 1302.7903522700071 6119.6954120993614 3367.8901924490929 9212.1337335109711
leaf_count=3708 273268 1351 3150 2018 33648 1096 7180 21621 50403 498 1869 8380 2246 393 3853 327 1829 3379 2902 43421 7514 2251 9675 2663 18537 9831 1301 2794 1660 1871
internal_value=-2.49366e-06 0.00118761 0.0107503 0.00056432 -0.00138709 -0.00435412 -0.0136779 -0.00215667 0.00184583 0.00473957 0.00218254 -0.00137576 0.00807988 0.0164286 0.00504922 0.000209752 -0.0054716 0.0152188 0.00759773 -0.000682423 0.000941062 -0.000633931 0.00139738 0.000249255 0.00237176 -0.00667997 -0.00143854 0.0109823 0.0189799 0.010163
internal_weight=1.22346e+06 444836 27210.3 417626 165543 82484.5 15722.4 66762.1 252082 91039.9 73192.4 44173.6 13348.2 9254.21 21519.8 161042 30825.4 17847.5 29018.8 778622 251249 156029 116796 108290 82635.3 39232.7 19380.8 13142.1 7022.36 18440.8
internal_count=524637 154305 6858 147447 73203 39555 8531 31024 74244 23514 19637 14717 4508 2639 9403 50730 10209 3877 4920 370332 97064 53643 34997 32746 23071 18646 8815 5550 2756 4534
is_linear=0
shrinkage=0.04


Tree=103
num_leaves=31
num_cat=0
split_feature=11 1 10 10 14 10 11 14 9 10 11 14 14 10 9 10 11 14 9 9 11 13 13 10 17 4 3 3 12 10
split_gain=579.109 560.932 771.746 757.223 789.953 530.268 1812.66 1593.96 1982.51 1226.17 1590.03 1920.94 877.496 2866.44 1335.9 1221.09 1072.42 1051.82 1276.89 1112.1 984.068 899.507 884.605 881.753 1051.17 812.606 808.167 763.669 757.867 778.411
threshold=0.48689031600952154 29.624236106872562 1.0000000180025095e-35 0.24059136956930163 15.796020507812502 -0.87812310457229603 -0.57252731919288624 1.3155612945556643 78.375000000000014 -0.9599599540233611 -0.21231865882873532 4.9957039356231698 0.32359959185123449 -0.92923668026924122 78.125000000000014 -0.93545487523078907 0.29753153026103979 3.6176694631576543 79.375000000000014 74.375000000000014 0.41005823016166693 1.0000000180025095e-35 15.146235942840578 -0.8978554606437682 -5.675956964492797 1.0000000180025095e-35 8.7974963188171404 24.778409004211429 0.048036305233836181 -0.88218119740486134
decision_type=2 2 2 2 2 2 2 2 2 2 2 2 2 2 2 2 2 2 2 2 2 2 2 2 2 2 2 2 2 2
left_child=1 5 -3 4 -4 9 -7 8 -8 10 11 25 13 14 -11 16 17 19 22 -14 -15 -21 -19 24 26 -1 -17 -9 29 -25
right_child=-2 2 3 -5 -6 6 7 27 -10 12 -12 -13 15 20 -16 23 -18 18 -20 21 -22 -23 -24 28 -26 -27 -28 -29 -30 -31
leaf_value=0.024666596714244596 -0.030554615972243047 0.0035282308513510264 0.0022711929175549248 0.0082877869488442151 -0.018325209220372209 -0.00028819591297174534 -0.01883297890917017 0.010826449463812352 0.026766082992070128 0.02002410838231548 -0.0014393294173926422 -0.0041820354731719042 0.016391878673383722 -0.033900448716936683 -0.024317206190075619 0.025299434636660685 -0.030994171730506129 -0.027231190323560295 0.0054765377222511027 0.02471093736256777 -0.004103910195662688 -0.012536049358126094 -0.0037972416341024652 -0.0097616618202540986 -0.0029167068586171199 0.009201545589561157 0.0013415155532448709 -0.0080397786248426126 -0.012648782664363121 0.034403014925923348
leaf_weight=8181.639230966568 981.84069136530161 122278.2779019624 4780.7376313209534 4658.5193945169449 7888.9740362167358 697078.92905890942 6925.5607617348433 49059.532391041517 1946.3335866779089 10490.810910478234 160523.39057593048 14017.351573467255 3966.9654950201511 3025.7121977806091 1204.1685935109854 4101.2641531080008 4241.7591444551945 10651.713322907686 3482.6610324978828 1156.8161747157574 4272.69916023314 9384.1415781974792 3403.8079397976398 1382.3225826323032 39349.134396523237 16228.231288909912 4986.2419217824936 3684.0088697075844 18692.687032967806 1171.3502753973007
leaf_count=2121 4191 29402 1538 1056 2228 274087 5969 14380 989 6362 95218 5454 1381 5175 1900 1248 6271 6901 1309 441 8136 5107 1338 1824 22322 5285 2111 1258 9342 293
internal_value=-2.37295e-06 2.24203e-05 0.00240862 -0.00548949 -0.0105578 -0.000285309 0.000293128 0.00686885 -0.00881049 -0.00164013 0.00031038 0.00761798 -0.00474523 0.00317082 0.0154416 -0.00616421 -0.0121133 -0.00960531 -0.0161935 -0.00163538 -0.0164862 -0.00842884 -0.021563 -0.00306486 -8.42961e-05 0.0143931 0.0121698 0.00950741 -0.00985661 0.0105515
internal_weight=1.2232e+06 1.22222e+06 139607 17328.2 12669.7 1.08261e+06 758694 61615.4 8871.89 323915 198951 38427.2 124964 18993.4 11695 105971 36287.9 32046.1 17538.2 14507.9 7298.41 10541 14055.5 69683 48436.6 24409.9 9087.51 52743.5 21246.4 2553.67
internal_count=524637 520446 34224 4822 3766 486222 296683 22596 6958 189539 108078 12860 81461 21573 8262 59888 22748 16477 9548 6929 13311 5548 8239 37140 25681 7406 3359 15638 11459 2117
is_linear=0
shrinkage=0.04


Tree=104
num_leaves=31
num_cat=0
split_feature=11 10 8 8 7 10 10 10 11 17 10 11 3 11 10 10 10 10 11 10 10 14 10 10 14 7 9 14 10 4
split_gain=575.33 1519.15 659.046 611.248 587.516 929.619 991.904 908.738 901.523 1368.2 827.894 745.933 627.828 970.575 1842.68 963.414 1246.22 979.778 872.33 1555.85 1155.23 1809.96 1799.99 1556.36 1586.59 1333.69 1308.52 1225.03 1558.93 1513.48
threshold=-0.92602273821830738 -0.35141934454441065 19.625000000000004 16.875000000000004 1.0000000180025095e-35 0.49531894922256475 -0.8940606117248534 -0.69751432538032521 0.45655821263790136 -0.25099430978298182 -0.93235439062118519 0.48689031600952154 1.0000000180025095e-35 0.29753153026103979 -0.91597726941108693 -0.64659911394119252 -0.46133413910865778 -0.76762619614601124 -0.024725049734115597 -0.93235439062118519 -0.80987083911895741 2.3930976390838627 -0.59262362122535694 -0.47652685642242426 9.0446066856384295 1.5886454582214358 75.625000000000014 7.6870813369750985 -0.53584328293800343 2.0941997766494755
decision_type=2 2 2 2 2 2 2 2 2 2 2 2 2 2 2 2 2 2 2 2 2 2 2 2 2 2 2 2 2 2
left_child=1 2 -1 -3 5 6 10 11 12 -10 -2 -8 15 18 -15 17 -17 -6 19 -14 21 -21 25 27 -25 26 -22 28 29 -24
right_child=4 3 -4 -5 8 -7 7 -9 9 -11 -12 -13 13 14 -16 16 -18 -19 -20 20 22 -23 23 24 -26 -27 -28 -29 -30 -31
leaf_value=0.0036688189980517406 -0.013934169985275214 0.0054258529206045328 0.016152107878781456 6.8432187445722909e-05 0.0014608957886226577 -0.045424199273538246 0.026747974015695272 -0.0048224503894003859 0.01105910867128238 -0.053463074453444948 -0.058659543113267494 -0.032920721542228901 -0.0061861872684154931 -0.03141878146527801 0.0096117211246756103 -0.012176040070122887 0.0006110855234352238 0.0098243879494287287 0.0039373020894300928 -0.012649827112072926 -0.0075004024161303504 0.0048484042785792948 0.017510843994903706 0.0039128175000168307 -0.010069906028312326 -0.0071204863646556517 0.021006940104385263 0.0084132891019170295 -0.017870235143131276 -0.0098152681242145261
leaf_weight=12736.085964739323 3166.7512807548046 37420.386005878448 14445.43901860714 380024.92360138893 174573.28206846118 931.35434871912003 2552.6061761677265 20157.784973829985 903.95233990997076 1237.4706479087472 830.9277825653553 377.0032255500555 92141.235332161188 4530.5516905635595 2844.6665927320719 17681.01690363884 39247.302552014589 25703.510000824928 51365.722183614969 10481.5894536376 4742.7719179987907 96030.331861913204 7154.6708474755287 23310.476011693478 29286.414217889309 97948.090635836124 5619.3409247398376 52159.119682908058 7348.1589359045029 5915.8208993673325
leaf_count=3708 4855 8127 3150 139320 96703 1246 2879 12993 1959 5637 2783 1671 43544 7339 2994 9834 18246 9809 29151 5716 2857 29912 2565 9387 8157 38708 1812 12617 4151 2807
internal_value=-2.30736e-06 0.00114554 0.0103065 0.000548797 -0.000658102 -0.0063443 -0.00498422 -0.00179475 -0.000445674 -0.0263017 -0.0233536 0.0189835 -0.00037131 -0.0012101 -0.0156015 0.00122952 -0.00336183 0.0025347 -0.000990261 -0.00157605 -0.000326528 0.00312542 -0.00190132 0.00136562 -0.00387332 -0.0056767 0.00796439 0.00516227 -0.00314246 0.00514475
internal_weight=1.22287e+06 444627 27181.5 417445 778242 28016.4 27085.1 23087.4 750225 2141.42 3997.68 2929.61 748084 490879 7375.22 257205 56928.3 200277 483504 432138 339997 106512 233485 125175 52596.9 108310 10362.1 72577.8 20418.7 13070.5
internal_count=524637 154305 6858 147447 370332 26427 25181 17543 343905 7596 7638 4550 336309 201717 10333 134592 28080 106512 191384 162233 118689 35628 83061 39684 17544 43377 4669 22140 9523 5372
is_linear=0
shrinkage=0.04


Tree=105
num_leaves=31
num_cat=0
split_feature=16 11 11 13 11 10 8 11 11 11 12 9 17 3 12 17 7 13 11 17 14 12 2 17 4 9 7 14 9 14
split_gain=564.041 515.919 752.202 585.21 510.368 1677.6 842.602 515.649 899.117 886.019 826.1 820.751 843.591 813.319 812.643 622.782 634.749 608.269 603.071 1233.45 602.119 571.482 533.944 524.366 486.025 473.644 531.657 490.06 573.035 495.374
threshold=0.87207767367362987 -0.12758953124284741 -0.024725049734115597 30.559475898742679 -0.92602273821830738 -0.35141934454441065 19.375000000000004 -0.99628248810768116 -0.99966478347778309 -0.99375280737876881 4.523442506790162 74.875000000000014 14.879920959472658 1.0000000180025095e-35 1.0419825315475466 -8.3742241859436017 1.4106624722480776 1.1890527009963991 -0.98932650685310353 0.12187496945261957 6.8699676990509042 2.5720839500427251 15.55302667617798 -13.373291969299315 3.7290501594543461 77.625000000000014 2.8682686090469365 7.0384531021118173 75.375000000000014 0.5076119899749757
decision_type=2 2 2 2 2 2 2 2 2 2 2 2 2 2 2 2 2 2 2 2 2 2 2 2 2 2 2 2 2 2
left_child=4 -2 3 -3 5 6 -1 8 11 10 15 12 -7 25 -15 -9 -17 -13 19 23 -19 22 -20 -11 -8 27 -27 28 -10 -30
right_child=1 2 -4 -5 -6 7 24 9 13 18 -12 17 -14 14 -16 16 -18 20 21 -21 -22 -23 -24 -25 -26 26 -28 -29 29 -31
leaf_value=0.00072192163044809026 0.0016778228922919587 -0.016498717350326243 0.00021534815052966238 0.013899076639015724 -0.0013268421652996053 -0.016966376960808324 0.025397749380039636 0.030693542368766293 0.00099979215751480328 0.024767326845566501 -0.0057316641024944348 -0.002711507848327771 0.019996725573909559 -0.02012799087450088 -0.0050817776098656007 0.022381045686711062 0.0040860397649782488 0.023054967477430729 -0.000118778360956704 -0.017833511486645536 0.0014255766215291441 0.003689592851487412 -0.010067418724727025 -0.0012359470622369407 0.0075383615402087158 0.028435225769730642 0.0018173051212608973 0.012017838873085886 -0.04598564120671033 -0.012610357579962594
leaf_weight=5855.4083700180054 364084.40876233578 8520.8252841234207 25358.780048057437 1142.2276894450188 537475.75867114216 4484.4134961366653 7378.419664978981 2584.1700075268745 4047.2922747731209 1369.9555022716522 5073.0187393426895 4544.8266969919205 1257.1720180511475 10008.736669540405 13480.816226661205 4274.3782467842102 10420.468056499958 5703.2151929140091 88038.692748248577 8759.1569971442223 3221.9926537871361 67638.106312513351 9559.8191573619843 12296.371645927429 3655.4013933539391 1623.4690763950348 4536.5952128767967 2096.9591077566147 916.84474223852158 3122.6118766665459
leaf_count=1989 118855 5519 16317 310 278108 1915 1459 469 2262 224 1433 2250 156 6002 4270 1478 3812 1552 38725 3574 1139 18175 3649 5266 864 362 1456 601 753 1693
internal_value=-2.32712e-06 0.00123176 -0.00340461 -0.0128949 -0.000600487 0.000764788 0.0129896 -3.03723e-06 -0.00330524 0.000925482 0.00845175 0.00380095 -0.00885228 -0.00673265 -0.0114987 0.0126168 0.00941922 0.00919693 2.86416e-05 -0.00612499 0.0152571 0.000864116 -0.00109418 0.00138691 0.0194933 0.000120049 0.00886711 -0.0051745 -0.00964195 -0.0202805
internal_weight=1.22253e+06 399106 35021.8 9663.05 823424 285948 16889.2 269059 59044.9 210014 22352 19211.6 5741.59 39833.3 23489.6 17279 14694.8 13470 187662 22425.5 8925.21 165237 97598.5 13666.3 11033.8 16343.8 6160.06 10183.7 8086.75 4039.46
internal_count=524637 141001 22146 5829 383636 105528 4312 101216 24411 76805 7192 7012 2071 17399 10272 5759 5290 4941 69613 9064 2691 60549 42374 5490 2323 7127 1818 5309 4708 2446
is_linear=0
shrinkage=0.04


Tree=106
num_leaves=31
num_cat=0
split_feature=8 11 14 10 3 8 9 8 10 10 2 9 14 9 3 11 10 17 10 10 10 10 4 12 9 9 14 12 8 14
split_gain=531.944 648.675 904.718 839.622 919.326 734.284 510.376 700.848 503.043 496.897 593.125 462.045 455.391 454.619 674.126 1629.84 879.033 1577.64 1426.97 1031.36 2132.72 1156.37 1429.64 1265.41 1241.41 1071.13 1520.28 1056.71 919.969 911.995
threshold=16.875000000000004 0.37844388186931616 4.4636662006378183 -0.91597726941108693 1.0000000180025095e-35 18.625000000000004 78.625000000000014 18.875000000000004 -0.86976337432861317 0.48030318319797521 0.13318620622158053 74.125000000000014 6.7857947349548349 73.625000000000014 1.0000000180025095e-35 0.29753153026103979 0.019350802991539243 -12.588575839996336 0.25725142657756811 -0.59262362122535694 -0.65962448716163624 -0.55028682947158802 1.1277241110801699 3.0449224710464482 77.875000000000014 78.125000000000014 4.8601284027099618 1.5166050195693972 21.375000000000004 1.8017370104789736
decision_type=2 2 2 2 2 2 2 2 2 2 2 2 2 2 2 2 2 2 2 2 2 2 2 2 2 2 2 2 2 2
left_child=11 9 3 5 8 -3 7 -6 -5 13 -11 12 -1 -2 -15 16 19 -18 -19 20 -16 22 23 29 -24 28 -27 -26 -22 -21
right_child=1 2 -4 4 6 -7 -8 -9 -10 10 -12 -13 -14 14 15 -17 17 18 -20 21 25 -23 24 -25 27 26 -28 -29 -30 -31
leaf_value=0.0099640489052577382 0.0018056926062321173 -0.0039404346229828229 -0.051674513009810963 -0.0063496305515579974 0.021620078367942393 -0.058387110537876631 0.045196848986548278 -0.02810024963128651 -0.042152441259083878 -0.014337720043765628 0.033460778998400213 -0.0022769560579407782 0.0026085515202658666 0.0008179882901782991 -0.0013011558525040409 -0.032425139134683874 0.020328013845927514 -0.011202133504939756 0.003302376955788759 -0.005898318353997528 -0.02659386687974704 0.00048181954763041305 -0.013854382355348098 0.00083740993597009614 -0.018615270096143562 0.022848003675646628 -0.01593440101058121 0.021936434600074339 0.018836952965533404 0.037373412024785231
leaf_weight=17343.178766667843 172769.91181090474 730.86875492334366 737.48591809719801 7890.7277684062719 1517.6781339794397 859.81237171590328 742.31622691452503 635.55418529361486 672.89033266156912 6122.4037308692932 436.17227590084076 22306.622834056616 60197.318025261164 397291.12173233926 242733.10519239306 2678.5011729449034 3477.5461231470108 41392.427827775478 14702.514988601208 899.21884799003601 10149.191869020462 187802.53786402941 5129.3888863325119 3195.1292763352394 1312.0215613245964 2347.0976247191429 5143.2916841506958 4636.169241309166 760.08228629827499 5713.6880923509598
leaf_count=6027 39897 694 2166 14692 1513 2230 450 1527 3368 5614 146 9639 13251 193277 113446 4900 865 20921 6033 503 6950 66986 2599 1120 578 657 2131 962 290 1205
internal_value=-2.20306e-06 -0.000251086 -0.00887075 -0.00641407 -0.00262108 -0.0335515 0.0168266 0.00688243 -0.00920874 -0.000143815 -0.0111128 0.00279547 0.0042548 -7.84404e-05 -0.000428719 -0.00135962 -0.00120183 -0.00577878 -0.00740058 -0.000621369 -0.00229672 0.00147502 0.0104013 0.021515 0.000550845 -0.0154227 -0.00376776 0.0129755 -0.0234142 0.0314893
internal_weight=1.22233e+06 1.12248e+06 13787.3 13049.8 11459.2 1590.68 2895.55 2153.23 8563.62 1.10869e+06 6558.58 99847.1 77540.5 1.10213e+06 929363 532072 529393 59572.5 56094.9 469821 261133 208688 20885.6 9808.04 11077.6 18399.7 7490.39 5948.19 10909.3 6612.91
internal_count=524637 495720 26640 24474 21550 2924 3490 3040 18060 469080 5760 28917 19278 463320 423423 230146 225246 27819 26954 197427 123474 73953 6967 2828 4139 10028 2788 1540 7240 1708
is_linear=0
shrinkage=0.04


Tree=107
num_leaves=31
num_cat=0
split_feature=16 11 7 11 10 10 11 10 10 7 10 3 8 9 14 8 12 9 10 11 10 8 11 11 11 12 9 17 3 12
split_gain=515.007 486.177 1083.94 927.931 1021.48 998.582 875.039 640.916 696.35 1359.45 746.22 598.838 564.891 632.064 801.753 523.431 504.062 478.622 989.874 467.27 1542.38 781.748 470.35 817.303 813.497 773.462 760.626 778.177 732.958 741.231
threshold=0.87207767367362987 -0.37645272910594935 5.6908249855041513 -0.32816398143768305 -0.98214942216873158 -0.92274349927902211 0.14675828069448474 -0.74512827396392811 -0.76762619614601124 4.7346770763397226 -0.7996615171432494 4.0883281230926523 20.625000000000004 74.625000000000014 6.5339171886444101 17.125000000000004 6.0757732391357431 77.125000000000014 -0.98664820194244374 -0.92602273821830738 -0.35141934454441065 19.375000000000004 -0.99628248810768116 -0.99966478347778309 -0.99375280737876881 0.37460917234420782 74.875000000000014 14.879920959472658 1.0000000180025095e-35 1.0419825315475466
decision_type=2 2 2 2 2 2 2 2 2 2 2 2 2 2 2 2 2 2 2 2 2 2 2 2 2 2 2 2 2 2
left_child=19 7 3 -3 6 -6 12 8 10 16 -2 -4 13 -5 -15 -9 -10 -13 -19 20 21 -1 23 26 25 -24 27 -22 -25 -30
right_child=1 2 11 4 5 -7 -8 15 9 -11 -12 17 -14 14 -16 -17 -18 18 -20 -21 22 -23 24 28 -26 -27 -28 -29 29 -31
leaf_value=0.0006555232644484489 0.0054834896261993626 -0.026893559508604753 -0.0013969911251795336 0.0073614947107651452 0.014293810114399466 -0.027512884490184408 -0.032944360090125219 0.0055574690006575545 0.021870286085574273 0.0001297058248767713 -0.0077644810693104785 -0.015839342354319469 0.014441937060437336 -0.018332161431843942 0.012762319916229486 0.00019127671249743777 0.05367940673427226 0.016345170654398278 -0.015917244912512112 -0.0012689883185773257 -0.016368780623882025 0.018745115042718443 0.015939099088685866 8.0559028430929864e-05 2.4607906706438761e-05 0.0010274385964301035 0.0088183149662896827 0.01917641167004018 -0.019216437924083438 -0.0048328604029536154
leaf_weight=5855.4288206100464 56993.551832973957 1549.0373377203941 18845.192336916924 5042.5410918593407 15438.015145465732 962.53884515911341 1346.3293016552925 33486.020259857178 1841.8744804859161 3532.8052185773849 7715.7865586280823 12892.232145726681 3600.7757581472397 5620.6106923818588 1727.9163064360619 220784.86466252804 1428.9989725351334 2619.6126132011414 3601.5733961313963 537279.54806771129 4476.9672954082489 11002.62970995903 10580.237409830093 16318.45331120491 187609.49576592445 11733.234262764454 13450.731563687325 1253.7505927085876 9978.2460401654243 13475.88149023056
leaf_count=1989 17733 951 8642 2028 6870 1866 1029 7621 505 1081 2932 6524 1653 3983 697 73696 161 1032 1997 278108 1915 2323 3455 7127 69613 3737 4941 156 6002 4270
internal_value=-2.16709e-06 0.00117711 -0.00176731 0.00327901 0.00467187 0.0118249 -0.00209728 0.00183915 0.0051843 0.0173482 0.00390288 -0.00645818 0.000518655 -0.00353576 -0.0110133 0.000898164 0.0358885 -0.011445 -0.00232778 -0.000573937 0.000732995 0.012466 -3.0804e-06 -0.00315971 0.000883526 0.00810198 0.00362083 -0.00857244 -0.00642991 -0.0109577
internal_weight=1.22204e+06 399030 73246.4 35287.8 33738.7 16400.6 17338.2 325784 71513 6803.68 64709.3 37958.6 15991.8 12391.1 7348.53 254271 3270.87 19113.4 6221.19 823015 285735 16858.1 268877 58954 209923 22313.5 19181.4 5730.72 39772.6 23454.1
internal_count=524637 141001 37272 19077 18126 8736 9390 103729 22412 1747 20665 18195 8361 6708 4680 81317 666 9553 3029 383636 105528 4312 101216 24411 76805 7192 7012 2071 17399 10272
is_linear=0
shrinkage=0.04


Tree=108
num_leaves=31
num_cat=0
split_feature=5 9 11 10 8 8 10 10 14 10 10 3 10 10 13 17 11 10 2 9 14 15 3 11 10 11 10 10 7 10
split_gain=505.081 528.259 678.523 493.321 483.683 480.202 783.315 650.446 535.891 459.342 465.869 429.428 429.246 860.461 565.1 417.958 487.88 416.092 500.138 419.774 835.154 601.987 595.47 1297.62 987.24 787.939 1582.75 1650.21 1409.61 1115.82
threshold=36.665212631225593 79.875000000000014 0.48689031600952154 -0.11798679083585738 15.875000000000002 19.125000000000004 -0.94975915551185597 -0.47652685642242426 34.439786911010749 -0.01505099539645016 0.088045001029968276 0.22356953471899035 0.088045001029968276 0.1393099054694176 5.7497644424438485 6.5095701217651376 -0.32816398143768305 0.48030318319797521 0.13318620622158053 73.625000000000014 18.333272933959964 1.0000000180025095e-35 0.27087615430355078 0.29753153026103979 -0.91597726941108693 -0.024725049734115597 -0.93235439062118519 -0.9193688929080962 5.890758991241456 -0.59262362122535694
decision_type=2 2 2 2 2 2 2 2 2 2 2 2 2 2 2 2 2 2 2 2 2 2 2 2 2 2 2 2 2 2
left_child=1 2 4 15 -1 8 -7 -8 -2 -10 -11 12 -5 -14 -15 -3 -17 19 -19 20 21 -6 -21 25 -25 26 28 -28 -24 -29
right_child=5 3 -4 11 17 6 7 -9 9 10 -12 -13 13 14 -16 16 -18 18 -20 22 -22 -23 23 24 -26 -27 27 29 -30 -31
leaf_value=0.007279629284251893 0.0093331096951043205 0.0050509362406135454 -0.036963378565176438 0.011802010468720795 0.0007799944522613783 -0.023452947328620657 0.0071249946617817066 -0.0051190081499255437 0.0033630527052655032 -0.031984788195146718 -0.0022550009322989829 -0.0092767663872932293 -0.044951281129746841 -0.0048441942319369319 0.016501383482935176 -0.00066600335442226072 -0.029385370579811099 -0.013637822061713552 0.028540858162606583 0.00024552227805272394 -0.0032825871267225144 0.0069535967797457257 -0.001616127482844438 -0.038562400980254145 -0.0018467327619402592 0.0042311580972916128 0.013711807980865694 -0.0048480689543666062 -0.014238421884108768 4.3346139132747351e-06
leaf_weight=12675.259534493089 25372.64366042614 70774.407445408404 806.39958582818508 4636.4379421472549 59421.562424659729 2340.9144907593727 12996.29825758934 14878.83133405447 32147.47984290123 1175.9450985193253 2925.1576308012009 9219.9529374241829 709.34900498390198 8373.1376777291298 2589.8118114471436 8253.7561087608337 1059.0706192404032 6144.9591941535473 475.99712711572647 412358.9553995803 41996.982333242893 43966.254902467132 26670.868041872978 2687.838550850749 2073.3351492583752 33784.472314178944 11592.646900117397 114284.65780961514 30165.469471365213 225259.3992779851
leaf_count=3480 4482 26436 3861 1191 19837 1116 3133 3693 5482 298 522 3422 367 4364 640 2195 746 5402 166 214295 8929 9418 13507 5091 3228 20595 4031 50575 17244 86891
internal_value=-2.05464e-06 -0.000233917 -0.00051163 0.00245941 -0.000482551 0.00285053 -0.00127976 0.000590055 0.0048757 0.00175397 -0.0108367 -0.00238194 0.00151927 -0.00257182 0.000208781 0.00400274 -0.00396004 -0.00057995 -0.010567 -0.000514002 0.00147363 0.00340577 -0.000850468 -0.0018626 -0.0226113 -0.00163846 -0.00212462 -0.00112215 -0.00831664 -0.001629
internal_weight=1.22182e+06 1.12998e+06 1.02437e+06 105616 1.02356e+06 91837.3 30216 27875.1 61621.2 36248.6 4101.1 25528.7 16308.7 11672.3 10962.9 80087.2 9312.83 1.01088e+06 6620.96 1.00426e+06 145385 103388 858878 446519 4761.17 441758 407973 351137 56836.3 339544
internal_count=524637 505911 466550 39361 462689 18726 7942 6826 10784 6302 820 9984 6562 5371 5004 29377 2941 459209 5568 453641 38184 29255 415457 201162 8319 192843 172248 141497 30751 137466
is_linear=0
shrinkage=0.04


Tree=109
num_leaves=31
num_cat=0
split_feature=2 12 14 11 11 8 11 14 9 11 7 10 15 3 10 10 10 10 4 10 11 10 7 10 4 10 12 13 8 1
split_gain=487.695 574.042 551.018 744.165 1109.66 540.631 506.948 1129.09 898.277 674.487 697.477 510.149 726.191 500.143 978.105 760.426 1360.83 996.906 1100.5 991.13 936.291 900.808 687.122 666.31 1304.86 752.575 1345.99 645.219 608.798 637.054
threshold=2.912310123443604 0.037784514948725707 16.427892684936527 -0.98932650685310353 -0.99375280737876881 16.125000000000004 0.16375125199556353 8.9296331405639666 76.375000000000014 0.026874557137489322 11.596426963806154 -0.99697706103324879 0.18750000000000003 0.78372642397880565 -0.99372696876525868 -0.60639065504074086 -0.74512827396392811 -0.92599865794181813 13.348589897155763 -0.47652685642242426 -0.91595870256423939 -0.13505011796951291 16.029324531555179 -0.50648479163646687 0.70526751875877391 -0.57868120074272145 4.0395312309265146 8.6901187896728533 19.125000000000004 14.832626342773439
decision_type=2 2 2 2 2 2 2 2 2 2 2 2 2 2 2 2 2 2 2 2 2 2 2 2 2 2 2 2 2 2
left_child=2 -2 5 4 -4 -1 9 8 -8 11 -11 12 -3 14 27 16 17 18 -15 23 21 -21 -18 25 -25 26 -17 -13 -23 -30
right_child=1 6 3 -5 -6 -7 7 -9 -10 10 -12 13 -14 15 -16 19 22 -19 -20 20 -22 28 -24 24 -26 -27 -28 -29 29 -31
leaf_value=0.0091028888569947477 -0.0039473922134302857 -0.0017273840410104173 -0.0059264256780946377 -0.0095903186865827945 0.034645077152539394 -0.00063559878795007988 0.0094590409566698199 -0.027504806568206391 -0.027268660673521069 0.003148574559689241 0.023455035466716137 -0.0048917897123799186 -0.028623731627502657 -0.00092989074891071681 0.0028048127782310858 0.039382971659100076 -0.016253936607344248 0.0032731562726400531 -0.017572654018888516 0.0045904337180894261 -0.0068422409740940774 0.00099800557387797525 -0.0043392787298350589 -0.018889752480067357 0.018058066896827377 0.00017350450487208207 0.0047599931818454438 0.033393940772510448 -0.002859401305519389 -0.01813998553360275
leaf_weight=9243.9732204526663 36795.264340281487 6338.2891762256622 3178.0973852276802 21457.399875566363 1620.994824886322 634404.13123510033 5059.8204593732953 3141.4178201556206 1339.0099486112595 6997.5901700854301 4406.9481000900269 942.34219461679459 2141.9444670081139 24889.575727641582 137043.48763895035 2379.6982254981995 12589.736495912075 67124.924215376377 8528.300961971283 78084.612284958363 23721.331412136555 39302.352615356445 20125.109644651413 1715.2271005511284 13570.423466205597 24757.851393163204 7251.6929235458374 2750.9276723265648 14459.296055614948 6246.2173678874969
leaf_count=3239 18565 3565 977 8179 224 332280 3387 3007 1945 2971 1134 564 1241 9989 45749 469 5758 19382 3567 17251 6505 8989 5729 667 2541 6672 1857 657 5235 2342
internal_value=-2.0596e-06 0.00087862 -0.00072735 -0.00640616 0.007821 -0.000495597 0.00122356 -0.00790652 0.0017429 0.00139606 0.0110091 0.0011739 -0.0085466 0.00134387 0.00335318 0.00052353 -0.00184305 0.000462927 -0.00518114 0.00201471 0.000497364 0.00175856 -0.00892799 0.00695631 0.0139025 0.00386568 0.0133465 0.0236385 -0.00192655 -0.00747562
internal_weight=1.22161e+06 551703 669905 26256.5 4799.09 643648 514908 9540.25 6398.83 505368 11404.5 493963 8480.23 485483 140737 344746 133258 100543 33417.9 211489 161814 138092 32714.8 49674.9 15285.7 34389.2 9631.39 3693.27 60007.9 20705.5
internal_count=524637 179738 344899 9380 1201 335519 161173 8339 5332 152834 4105 148729 4806 143923 46970 96953 44425 32938 13556 52528 40322 33817 11487 12206 3208 8998 2326 1221 16566 7577
is_linear=0
shrinkage=0.04


Tree=110
num_leaves=31
num_cat=0
split_feature=14 11 10 8 4 9 10 8 9 8 9 10 8 8 9 10 10 8 8 11 3 11 11 12 7 13 8 14 14 10
split_gain=468.719 546.977 2103.44 528.734 576.412 458.897 891.63 682.124 606.772 705.204 810.389 704.045 1004.4 640.262 570.679 1022.24 968.08 932.767 827.86 818.301 786.777 731.352 1057.29 1020.81 878.026 847.345 810.779 651.206 637.919 567.223
threshold=1.0000000180025095e-35 -0.96234029531478871 0.05372969992458821 19.125000000000004 13.58259963989258 79.625000000000014 0.43442112207412725 20.625000000000004 74.125000000000014 18.125000000000004 73.375000000000014 0.40318277478218084 20.625000000000004 19.125000000000004 75.125000000000014 -0.92274349927902211 -0.99940761923789967 19.375000000000004 16.125000000000004 0.4256857186555863 1.6587681770324709 -0.99966478347778309 -0.99761277437210072 13.398331642150881 1.6259842514991762 0.079052835702896132 20.125000000000004 4.0913789272308358 0.82988965511322033 -0.99963879585266102
decision_type=2 2 2 2 2 2 2 2 2 2 2 2 2 2 2 2 2 2 2 2 2 2 2 2 2 2 2 2 2 2
left_child=1 2 -1 4 -3 8 7 -7 9 -2 13 14 -13 -11 15 20 27 18 -17 21 -10 23 25 24 -18 -23 -26 -16 -27 -29
right_child=5 3 -4 -5 -6 6 -8 -9 11 10 -12 12 -14 -15 16 17 19 -19 -20 -21 -22 22 -24 -25 26 28 -28 29 -30 -31
leaf_value=-0.0366374660709438 0.0031133602740144057 -0.001512110276378883 0.037611012211354579 -0.0097862749069917085 0.033153628333038081 0.0045859882672608619 -0.040370747450682094 -0.0013495566699534168 0.005191029312302713 0.0049142021202167986 -0.0043374839172119154 0.010338771190526183 -0.016798277023166087 -0.0017535375680410546 -0.0283075893164694 0.0055478952313484141 -0.017816154944021553 0.0010518295826629461 -0.0093963777843015361 -0.028225546675880113 -0.0064508056286968971 -0.043203439355899695 -6.5120737453385846e-05 -0.023045930085457057 0.023299961085689169 -0.036045727798185906 0.0026542248136648241 0.001900716308283775 -0.0055295454628711931 -0.031742247862149159
leaf_weight=912.70855355262756 165405.07671876252 9299.1255415380001 1796.6416462659836 20913.570655748248 826.42613482475281 89914.764325946569 769.15229368209839 47253.424678400159 31131.713401228189 47377.073393464088 58776.529785662889 16633.300851762295 2502.3700359761715 44843.060419082642 3163.6528629660606 6536.6876748204231 1439.5355553030968 24637.857234992087 63379.620976790786 1656.5991869792342 13226.194503992796 1122.4299042224884 530783.87108393013 1486.7752948999405 7618.1574738621712 1162.9760693907738 5068.4171277284622 3890.662592202425 16841.564966440201 999.66643023490906
leaf_count=812 44420 7425 499 25895 576 29740 829 17078 15906 10540 22215 7923 1886 11635 4054 1781 892 11650 39413 5142 8429 952 237761 745 2264 888 1821 2644 7795 1027
internal_value=-1.96487e-06 -0.00464967 0.0125559 -0.00615508 0.00134715 0.000130146 0.0022991 0.00254129 -0.000154891 0.00130915 -0.000667305 -0.000786614 0.00678314 0.0016721 -0.000989539 -0.00329043 -0.000433853 -0.00564048 -0.0079986 -0.000238188 0.00171911 -0.000155707 -0.000398153 0.00837843 0.0116998 -0.00963513 0.0150604 -0.0141957 -0.00751961 -0.00502722
internal_weight=1.22137e+06 33748.5 2709.35 31039.1 10125.6 1.18762e+06 137937 137168 1.04968e+06 316402 150997 733282 19135.7 92220.1 714146 138912 575234 94554.2 69916.3 567180 44357.9 565524 549911 15612.9 14126.1 19127 12686.6 8053.98 18004.5 4890.33
internal_count=524637 35207 1311 33896 8001 489430 47647 46818 441783 88810 44390 352973 9809 22175 343164 77179 265985 52844 41194 258260 24335 253118 247396 5722 4977 9635 4085 7725 8683 3671
is_linear=0
shrinkage=0.04


Tree=111
num_leaves=31
num_cat=0
split_feature=0 14 8 14 11 10 7 9 10 11 9 10 8 3 11 10 10 14 11 10 10 7 10 7 10 10 10 17 10 10
split_gain=449.102 433.949 442.254 443.364 518.576 1957.21 454.071 438.146 686.273 534.506 512.316 614.477 985.597 437.921 1120.43 1063.42 819.766 751.039 691.587 1343.78 1530.6 1267.16 1077.01 952.597 840.258 1958.11 1165.25 1167.52 1011.9 818.303
threshold=67.345291137695327 47.137434005737312 15.875000000000002 1.0000000180025095e-35 -0.96234029531478871 0.05372969992458821 7.2435336112976083 79.875000000000014 0.43442112207412725 0.39430940151214605 73.625000000000014 0.40318277478218084 20.625000000000004 1.0000000180025095e-35 0.29753153026103979 -0.91597726941108693 0.38738232851028448 4.3342754840850839 -0.024725049734115597 -0.93235439062118519 -0.9193688929080962 5.890758991241456 -0.99630266427993763 5.8221800327301034 -0.59262362122535694 -0.65962448716163624 0.019350802991539243 -9.8153271675109846 0.25725142657756811 -0.98930078744888295
decision_type=2 2 2 2 2 2 2 2 2 2 2 2 2 2 2 2 2 2 2 2 2 2 2 2 2 2 2 2 2 2
left_child=1 2 -1 4 5 -4 -6 10 9 -9 -5 13 -13 16 18 -16 -12 -17 19 21 23 29 -20 -21 25 -22 -26 -28 -29 -15
right_child=-2 -3 3 7 6 -7 -8 8 -10 -11 11 12 -14 14 15 17 -18 -19 22 20 24 -23 -24 -25 26 -27 27 28 -30 -31
leaf_value=0.0069640182555617729 0.0041322916141985 -0.0060275174889176273 -0.035485747375739431 0.0018527734853351651 -0.0057183169897814592 0.036437220770057697 -0.062792337247320071 0.0024407188169223814 -0.038842676853291035 0.033772068222055689 0.00049386524712207748 0.0090464478079425922 -0.016843489117450931 -0.013439888165017571 -0.035396559930444382 0.0076875061336799076 -0.018979398832735909 -0.062238676458429149 0.010499271664847242 -0.0047439695894976857 -0.002114752588104171 -0.01273363277928115 -0.0031828478898278246 0.019879939657276788 0.0015059975806681987 -0.01692606947451376 0.013554507045745699 -0.0099691440800875886 0.0026565170949523313 0.0022556551592569887
leaf_weight=14219.934264868498 40631.2567422539 19714.809222817421 905.12029695510864 156266.159903422 30583.666629821062 1780.9855653643608 214.78716577589512 104468.63456170261 630.08144789934158 868.59472601860762 334671.73453904688 19518.5685069561 2665.5781389176846 6881.8477009236813 3022.6432090699673 2208.1520150899887 3484.9750760197639 266.37581622600555 19051.829112589359 3501.8099784255028 110634.32746362686 32416.203447908163 17794.97987370193 8868.5687774419785 188239.54581236839 16388.851861417294 4964.3351932764053 39373.851572573185 13681.327540040016 23216.25345480442
leaf_count=3778 8230 3955 812 39260 33407 499 401 35214 681 838 164074 9122 2026 5137 5578 3060 2028 980 9127 1678 46238 18227 13400 2635 68283 9432 1417 19644 5465 10011
internal_value=-1.97939e-06 -0.000144309 -4.43376e-05 -0.000131316 -0.00466566 0.0121601 -0.0061366 5.1297e-06 0.00245159 0.00270225 -0.000252304 -0.000638937 0.00592941 -0.000814846 -0.00157832 -0.019519 0.000292622 -6.00548e-05 -0.00137458 -0.0018077 -0.000925763 -0.0072474 0.00389249 0.0129112 -0.00138465 -0.00402693 -2.16187e-05 -0.00497725 -0.00671348 -0.00133636
internal_weight=1.22114e+06 1.1805e+06 1.16079e+06 1.14657e+06 33484.6 2686.11 30798.5 1.11309e+06 105967 105337 1.00712e+06 850852 22184.1 828668 490511 5497.17 338157 2474.53 485014 448167 385653 62514.3 36846.8 12370.4 373282 127023 246259 58019.5 53055.2 30098.1
internal_count=524637 516407 512452 508674 35119 1311 33808 473555 36733 36052 436822 397562 11148 386414 220312 9618 166102 4040 210694 188167 154792 33375 22527 4313 150479 55670 94809 26526 25109 15148
is_linear=0
shrinkage=0.04


Tree=112
num_leaves=31
num_cat=0
split_feature=16 11 11 13 9 11 3 8 12 9 11 14 11 7 11 13 8 11 10 10 10 7 10 13 13 14 10 10 3 11
split_gain=435.557 436.344 645.049 530.218 452.251 402.485 470.963 383.087 443.161 377.835 570.519 624.889 956.425 587.603 520.676 537.677 482.41 453.502 452.821 438.418 403.019 1167.75 1002.42 507.526 687.095 574.011 451.66 492.047 462.663 819.833
threshold=0.87207767367362987 -0.12758953124284741 -0.024725049734115597 30.559475898742679 77.625000000000014 0.48689031600952154 0.35962031781673437 17.625000000000004 3.5105482339859013 78.875000000000014 0.47179406881332403 1.0000000180025095e-35 0.23118848353624347 0.15023095905780795 0.39430940151214605 1.0000000180025095e-35 19.625000000000004 -0.95998492836952198 0.3393120169639588 -0.99993467330932606 -0.99054482579231251 6.0303659439086923 -0.99549928307533253 0.071616176515817656 3.1678774356842045 6.2246580123901376 -0.98523971438407887 -0.97876849770545948 0.83414569497108471 -0.9970029592514037
decision_type=2 2 2 2 2 2 2 2 2 2 2 2 2 2 2 2 2 2 2 2 2 2 2 2 2 2 2 2 2 2
left_child=5 -2 3 7 -4 9 -7 -3 -9 19 11 12 16 -14 18 -16 -11 -18 20 -1 21 -13 23 25 -25 -23 -22 -28 -29 -30
right_child=1 2 4 -5 -6 6 -8 8 -10 10 -12 14 13 -15 15 -17 17 -19 -20 -21 26 22 -24 24 -26 -27 27 28 29 -31
leaf_value=-0.017847150303939519 0.0014930006132954762 0.00099728248010037433 -0.0025564235350238819 0.013551252195351686 0.010668529379492451 -0.04410583713398987 0.023445500330200479 -0.00095605525989302684 -0.025439742596216234 0.027130317800395876 0.041836270472401335 -0.024108168147689648 -0.077165342381000396 -0.015024011444475785 0.041996622935999012 -0.024004654183691129 0.031677006071600483 -0.014408563535918713 -0.010025046827593689 -0.00083668696190281684 0.016552546018735941 -0.053359330781243088 -0.026502752656433613 0.031396209155908975 -0.0017823960183914287 0.026712193329916957 -0.014909006933818031 0.0054315997276690635 -0.016812226334665496 0.0014853797370466197
leaf_weight=2423.03714376688 363740.21689516306 1789.2283802032471 20086.373081147671 1137.726179420948 5199.7938800752163 658.29165460169315 212.24400842934847 1535.2309764027596 5155.0253372788429 658.7641843855381 544.67955255508423 3556.1345594525337 507.97824542224407 470.65668486058712 925.70136877894402 243.22771549224854 370.72225296497345 3361.0503644645214 5256.0291282534599 672933.83336094022 3566.3696451187134 348.30089226365089 1279.6116612553596 2493.8567753732204 1659.5555044412613 230.64529901742935 2642.9424324631691 49974.74614046514 4164.4492183327675 63749.772105768323
leaf_count=2126 118855 743 12958 310 3359 3428 484 1006 3770 325 556 3301 2150 1049 514 567 98 3315 3323 317654 1261 408 869 905 988 87 1506 16709 1779 20234
internal_value=-1.99742e-06 0.00108304 -0.00318848 -0.012 0.00016627 -0.000528065 -0.027557 -0.0154403 -0.0198312 -0.000499082 0.00134598 0.0011915 -0.0121876 -0.0477339 0.00170511 0.0281761 -0.00417405 -0.0097579 0.00148036 -0.00089798 0.00193349 -0.00597258 0.00477701 0.013273 0.0181668 -0.0215479 0.00254349 0.00212764 0.00251082 0.000361074
internal_weight=1.22088e+06 398644 34903.4 9617.21 25286.2 822233 870.536 8479.48 6690.26 821362 146005 145461 5369.17 978.635 140091 1168.93 4390.54 3731.77 138922 675357 133666 9568.1 6011.97 4732.36 4153.41 578.946 124098 120532 117889 67914.2
internal_count=524637 141001 22146 5829 16317 383636 3912 5519 4776 379724 59944 59388 6937 3199 52451 1081 3738 3413 51370 319780 48047 6558 3257 2388 1893 495 41489 40228 38722 22013
is_linear=0
shrinkage=0.04


Tree=113
num_leaves=31
num_cat=0
split_feature=1 10 10 14 9 8 2 4 11 10 14 10 9 14 10 3 4 14 8 10 7 11 12 14 10 7 9 11 10 12
split_gain=425.089 684.807 654.081 725.675 440.707 414.491 411.043 475.738 384.971 1564.37 1624.96 1177.77 1053.73 949.565 951.358 755.96 859.712 729.089 1695.73 1738.12 1258.13 1087.78 1270.04 1236.83 774.351 873.825 729.908 717.501 1392.73 1158.28
threshold=29.624236106872562 1.0000000180025095e-35 0.24059136956930163 15.796020507812502 73.625000000000014 18.375000000000004 1.7624746561050417 0.16948688030242923 -0.48501108586788172 -0.81984052062034596 0.9410744607448579 -0.92274349927902211 79.625000000000014 16.427892684936527 -0.91597726941108693 22.813292503356937 3.1242208480834965 0.32359959185123449 19.125000000000004 -0.99275806546211232 0.063096635043621077 0.29753153026103979 2.5238114595413212 6.6159782409667978 -0.96235975623130787 1.1399470567703249 79.875000000000014 -0.27900144457817072 -0.93235439062118519 0.39008504152297979
decision_type=2 2 2 2 2 2 2 2 2 2 2 2 2 2 2 2 2 2 2 2 2 2 2 2 2 2 2 2 2 2
left_child=8 6 3 4 -3 -5 7 -2 9 10 -1 17 13 14 -13 -12 -17 18 24 -20 26 27 -23 -24 25 -10 -21 28 -19 -30
right_child=1 2 -4 5 -6 -7 -8 -9 11 -11 15 12 -14 -15 -16 16 -18 21 19 20 -22 22 23 -25 -26 -27 -28 -29 29 -31
leaf_value=-0.013475265761216904 -0.01519622397149639 0.018720765971400152 0.0074379549122822585 -0.010846022205269187 -0.0067097202456517747 -0.030179217343389266 0.0038887131163585736 0.0018028605781175305 -0.0073652482177730943 -0.00030892783406490023 0.0099531380517147022 -0.025726452145729717 0.0066749559484200428 0.0057748694812133454 -0.0084966560610875517 -0.032475823997069067 0.0057359239192642502 -0.010303197002051416 -0.027886618845927694 -0.024488480076367964 0.0079467982587532911 -0.027066210932307665 0.022150489147895462 -0.044354012058896053 0.026799690325573271 0.019040041783782737 0.021869115519476425 0.00053042982552939735 0.018077965471177754 -0.0040733125034950659
leaf_weight=5909.8678262233734 3985.5138449892402 1668.9723300933838 4650.8143955469131 5138.9597452878952 3100.5940471291542 2716.4172697663307 110346.3424135372 7725.5987288951874 3480.39640635252 695985.48060116172 49977.888797521591 5923.8900530636311 8251.4933841452003 6296.1819735765457 37934.634952045977 1455.9441761374474 2629.466370344162 29247.366314411163 3457.106426268816 3386.8184525966644 15679.409131109715 5242.1259161829948 1989.1020108610392 566.64905866980553 5936.6640483736992 4707.4293682575226 638.85503478348255 176689.67748169601 6094.8058926463127 9897.3447962999344
leaf_count=3349 1838 214 1056 1113 1324 1115 24957 2608 2072 274087 14462 5438 4594 1728 34804 722 647 14341 4249 5611 10396 7927 1323 1020 2822 1790 664 92458 1990 3918
internal_value=-1.98114e-06 0.00207742 -0.00537434 -0.0100963 0.0022095 -0.0175614 0.00313248 -0.00399028 -0.000269924 0.000225253 0.00642341 -0.0014202 -0.00656492 -0.00874406 -0.0108292 0.0086007 -0.00792789 -0.000294651 0.00489274 -0.00176929 0.00282462 -0.00113678 -0.0158111 0.00729002 0.0158111 0.00782066 -0.0170958 -0.000620489 -0.0051147 0.00437483
internal_weight=1.22071e+06 139333 17275.8 12624.9 4769.57 7855.38 122057 11711.1 1.08138e+06 755959 59973.2 325420 58406.2 50154.7 43858.5 54063.3 4085.41 267014 37286.7 23162.2 19705.1 229727 7797.88 2555.75 14124.5 8187.83 4025.67 221929 45239.5 15992.2
internal_count=524637 34225 4822 3766 1538 2228 29403 4446 490412 293267 19180 197145 46564 41970 40242 15831 1369 150581 27604 20920 16671 122977 10270 2343 6684 3862 6275 112707 20249 5908
is_linear=0
shrinkage=0.04


Tree=114
num_leaves=31
num_cat=0
split_feature=8 11 11 10 9 7 8 6 14 4 14 8 12 10 7 10 13 9 9 14 10 13 7 14 10 13 14 10 10 10
split_gain=401.549 513.2 1194.73 1358.49 1005.69 1434.33 1349.43 1015.71 956.937 838.931 813.034 804.236 650.376 645.584 1705.9 1071.65 2063.06 1381.19 839.006 972.548 1046.31 725.795 1051.75 925.875 706.667 1227.79 824.651 895.978 2067.08 1726.25
threshold=16.875000000000004 0.078402601182460799 0.026874557137489322 -0.99549928307533253 78.375000000000014 7.7493996620178232 18.875000000000004 11.350791931152346 4.3342754840850839 0.20047090947628024 3.6176694631576543 20.875000000000004 21.861389160156254 -0.96463498473167408 10.527108669281008 -0.9769422411918639 9.3736710548400897 77.875000000000014 73.625000000000014 0.11639668419957162 -0.98664820194244374 1.0000000180025095e-35 3.9907674789428715 0.77559447288513195 -0.93235439062118519 0.079052835702896132 0.42155498266220098 0.12225609645247461 0.27383534610271459 -0.69751432538032521
decision_type=2 2 2 2 2 2 2 2 2 2 2 2 2 2 2 2 2 2 2 2 2 2 2 2 2 2 2 2 2 2
left_child=-1 2 3 4 6 -6 -2 -7 -8 12 11 -4 -10 14 15 16 18 -18 -5 20 -20 -17 -23 -24 25 -15 27 29 -29 -26
right_child=1 -3 10 13 5 7 8 -9 9 -11 -12 -13 -14 24 -16 21 17 -19 19 -21 -22 22 23 -25 26 -27 -28 28 -30 -31
leaf_value=0.0024300295548090726 -0.0034122114374652182 -0.0032581013034501394 0.0054354323202064339 0.021079155118942081 -0.016221945403130746 0.031720457882428714 -0.037783277506503329 -0.013484171493410141 0.0040439650719704947 -0.028671734567788817 0.017180701479594961 -0.028990339131729083 -0.044813605158421914 0.011344005992979805 -0.0080281056513951971 -0.011557374022440843 0.020550330281482447 -0.017359207774936557 0.037083195162078621 -0.0089190905179071713 -0.0099648956557486287 0.022603957546781711 0.040508678982867474 0.0010606954590856995 0.0016655012046182475 -0.0079511727810279448 0.00043962048521916676 0.01783747623412513 -0.003903030702931941 -0.017015210424563054
leaf_weight=99737.602949604392 13293.692398250103 82330.093645878136 10824.234246969223 1972.2316181659698 2974.3955936133862 3084.7269870042801 4040.5992203056812 1063.9288523197174 3698.4091998636723 3295.2368589937687 10602.539672911167 1196.7372430860996 484.02119153738022 6141.4912201762199 16334.1220703125 1774.0851483345032 11312.824462473392 1771.574604511261 1618.6600021719933 21771.972061187029 1405.6440559625626 12683.630463838577 1055.3119237422943 8953.2631042599678 13912.787041187286 37122.451218366623 774560.32603758574 8282.6159277558327 44792.386881738901 18343.676327526569
leaf_count=28917 7371 84960 5212 477 2825 1158 5254 742 2208 2747 3396 1112 375 2248 6922 795 3364 912 445 12014 751 3220 195 3305 6777 17192 276271 3068 27623 12781
internal_value=-1.9702e-06 -0.000218428 2.26105e-05 -0.000179923 -0.0082979 0.00494493 -0.0121001 0.0201231 -0.0221156 -0.0136103 0.00911197 0.00198696 -0.00170359 8.36728e-05 0.00351231 0.00644384 0.00239718 0.0154082 -0.00396596 -0.00596568 0.0152553 0.0130317 0.0149584 0.0052564 -0.000222546 -0.00521016 2.84544e-05 -0.00370335 -0.000507596 -0.00895987
internal_weight=1.22044e+06 1.1207e+06 1.03837e+06 1.01574e+06 31935 7123.05 24812 4148.66 11518.3 7477.67 22623.5 12021 4182.43 983809 80653.3 64319.2 39852.9 13084.4 26768.5 24796.3 3024.3 24466.3 22692.2 10008.6 903156 43263.9 859892 85331.5 53075 32256.5
internal_count=524637 495720 410760 401040 22680 4725 17955 1900 10584 5330 9720 6324 2583 378360 32400 25478 17963 4276 13687 13210 1196 7515 6720 3500 345960 19440 326520 50249 30691 19558
is_linear=0
shrinkage=0.04


Tree=115
num_leaves=31
num_cat=0
split_feature=16 4 11 14 8 10 10 10 10 9 3 10 8 1 11 10 9 14 7 6 11 7 10 4 11 10 8 11 2 12
split_gain=391.105 407.65 573.9 518.552 451.187 477.55 948.027 441.069 676.612 613.044 607.912 559.35 530.279 426.947 462.944 556.817 545.11 409.933 408.135 484.632 427.867 558.637 415.082 401.939 385.766 839.548 1341.18 508.103 520.38 674.37
threshold=0.87207767367362987 0.12496908754110338 -0.99996069073677052 10.626009464263918 19.125000000000004 -0.98370367288589466 -0.96235975623130787 -0.92923668026924122 -0.8978554606437682 75.875000000000014 6.9378082752227792 -0.99963879585266102 19.125000000000004 13.8238582611084 -0.17858051508665082 -0.97312742471694935 76.625000000000014 16.109537124633793 12.132047653198244 6.7865507602691659 -0.95502570271491993 1.3078250885009768 0.10516610741615297 18.821691513061527 -0.90892156958580006 -0.35141934454441065 19.625000000000004 -0.90531876683235157 21.006159782409672 0.020471804775297645
decision_type=2 2 2 2 2 2 2 2 2 2 2 2 2 2 2 2 2 2 2 2 2 2 2 2 2 2 2 2 2 2
left_child=24 2 -2 4 5 -4 -7 10 9 17 11 -3 -10 14 15 16 -13 -9 20 -20 22 -22 -14 -21 25 26 -1 -26 -29 -30
right_child=1 7 3 -5 -6 6 -8 8 12 -11 -12 13 18 -15 -16 -17 -18 -19 19 23 21 -23 -24 -25 27 -27 -28 28 29 -31
leaf_value=-0.0024812700080366836 -0.029211096364325589 0.024370829799434647 -0.01528398534167767 -0.0047586718119199201 0.0029499994406464061 0.021281943382033292 -0.0028136097002753402 -0.013661130031480338 0.0043563793094556899 0.021620875036520104 -0.0086308870635908724 0.0272721035032003 0.0081818364659828127 0.013911395883863115 -0.0063535899652584727 -0.0013251197112787037 -0.0058849816995513804 0.011704827062989798 -0.01829512192034613 -0.0050675742746913253 0.019847597265146594 -0.0014168469974007239 -0.0089553932658947219 0.0036083130998122788 -0.013102990291860477 -5.7541955589627572e-05 0.014849546177763255 -0.0015857588447740461 -0.013921437792267176 0.0029585399382608185
leaf_weight=12923.311983823776 1110.2591890692711 1606.2783608138561 4128.8919828236103 34119.834007531404 65932.4196767658 2821.8964009284973 33724.331572771072 1702.7816859185696 97876.454959645867 5620.407163605094 13717.653647944331 2580.1600133776665 21718.811038076878 3237.7119439542294 14310.580775752664 8761.4528104662895 1139.1278350949287 2508.0978820919991 3039.0641532540321 21893.08645606041 2074.1043140143156 38348.339375831187 2515.7981895804405 13998.953318655491 5648.4991577863693 285922.78690093756 15960.23958158493 427134.06287004054 3993.3583441525698 70050.797643594444
leaf_count=4581 558 644 2529 11904 26216 1017 15102 1045 26062 1485 6482 590 6507 994 8081 3516 468 512 1291 6559 694 14131 1054 3560 2286 109676 3786 240752 2257 20298
internal_value=-1.89129e-06 0.00102644 -0.000694494 -0.000467455 0.000906271 -0.00240643 -0.000947772 0.0019775 0.00274573 0.0129871 -0.00160142 0.00144844 0.00224534 0.000214601 -0.00144522 0.00418336 0.0171283 0.00143936 0.000250475 -0.00298476 0.00219863 -0.000321114 0.00639986 -0.00168366 -0.00050063 0.000599101 0.00709708 -0.00118371 -0.00104911 0.00204641
internal_weight=1.22012e+06 398486 141838 140727 106608 40675.1 36546.2 256649 211296 9831.29 45353 31635.3 201465 30029 26791.3 12480.7 3719.29 4210.88 103588 38931.1 64657.1 40422.4 24234.6 35892 821633 314806 28883.6 506827 501178 74044.2
internal_count=524637 141001 57326 56768 44864 18648 16119 83675 62900 3042 20775 14293 59858 13649 12655 4574 1058 1557 33796 11410 22386 14825 7561 10119 383636 118043 8367 265593 263307 22555
is_linear=0
shrinkage=0.04


Tree=116
num_leaves=31
num_cat=0
split_feature=0 14 8 10 8 9 9 9 3 11 10 11 10 10 7 10 10 10 4 12 10 7 12 14 10 12 10 10 13 9
split_gain=381.7 418.579 392.998 383.135 539.549 564.768 383.767 472.807 477.947 957.218 950.211 689.097 1248.11 1455.69 1120.33 879.586 1593.88 1023.4 1604.84 1436.17 864.94 793.554 790.871 753.797 1618.03 883.105 737.506 866.66 747.52 1057.9
threshold=67.345291137695327 47.137434005737312 15.875000000000002 0.48030318319797521 20.875000000000004 73.375000000000014 73.625000000000014 79.875000000000014 0.27087615430355078 0.29753153026103979 -0.93545487523078907 -0.024725049734115597 -0.93235439062118519 -0.9193688929080962 5.890758991241456 -0.59262362122535694 -0.65962448716163624 -0.55028682947158802 0.10778025910258295 3.0449224710464482 -0.99630266427993763 5.8221800327301034 0.36035986244678503 3.38470470905304 -0.98523971438407887 0.52670985460281383 -0.9599599540233611 -0.97312742471694935 2.0830067396163945 78.625000000000014
decision_type=2 2 2 2 2 2 2 2 2 2 2 2 2 2 2 2 2 2 2 2 2 2 2 2 2 2 2 2 2 2
left_child=1 2 -1 6 5 -5 -4 8 -8 11 -11 12 14 21 -10 16 -15 18 19 -17 -13 22 -14 24 -22 -25 27 28 29 -16
right_child=-2 -3 3 4 -6 -7 7 -9 9 10 -12 20 13 15 26 17 -18 -19 -20 -21 23 -23 -24 25 -26 -27 -28 -29 -30 -31
leaf_value=0.0065735392813391471 0.0038109707391683345 -0.0059120578208605957 0.0017666315915254444 -0.054598840244471404 -0.042681539552085791 -0.0028261425419210426 0.00031696154663413459 0.0021364383723213279 -0.0012789674073801199 -0.051616414963404376 -0.009522768370056077 0.010240858568563931 0.011256388599577505 -0.0024193775619613133 -0.012327212464474734 0.037918170580895277 -0.016240809037279244 -0.00073425729950646421 0.00070828284679710311 -0.0083660440983143649 -0.019284000444393098 0.019064242838406211 -0.030111651247973856 -0.032382048884197684 0.019427994133607355 -0.0030873102740383413 -0.022687393763048225 0.0046621188403210617 -0.019116766656064817 0.026748970255373906
leaf_weight=14212.079134747386 40602.456636413932 19708.519657611847 158539.63057395816 347.13869035243988 691.86190959811211 6044.3080032169819 415416.31984753162 108414.8645157665 26609.045742988586 1106.6950815021992 3733.55139747262 17657.709303557873 1942.4807783961296 101503.85816925764 3817.318431854248 4359.3349318504333 15362.222385048866 213926.30179131031 11417.758759796619 1417.4518623948097 2585.6639159917831 8696.3078444004059 1180.4478833675385 2218.6729029119015 5157.3515666723251 6312.3430546820164 8280.4002422094345 5755.2618365883827 11389.373296171427 1550.4907514452934
leaf_count=3778 8230 3955 40641 336 1008 4704 218103 39810 13507 2481 6281 8407 744 42480 2520 959 8779 82324 4422 582 2204 2591 744 2715 3007 4326 5204 2294 6974 527
internal_value=-1.79255e-06 -0.000133088 -3.4823e-05 -0.000116874 -0.00938437 -0.00571897 -5.91252e-05 -0.000354559 -0.000664498 -0.00155863 -0.0192338 -0.00136858 -0.00181443 -0.000940486 -0.00729138 -0.00140953 -0.00423746 2.05289e-05 0.00940619 0.0265666 0.00411237 0.0128589 -0.00442668 -0.00253939 0.00649251 -0.010735 -0.0124848 -0.00872372 -0.0133211 -0.00101131
internal_weight=1.21996e+06 1.17935e+06 1.15965e+06 1.14543e+06 7083.31 6391.45 1.13835e+06 979811 871396 455980 4840.25 451140 417208 359806 57401.9 347987 116866 231121 17194.5 5776.79 33931.7 11819.2 3122.93 16274 7743.02 8531.02 30792.8 22512.4 16757.2 5367.81
internal_count=524637 516407 512452 508674 6048 5040 502626 461985 422175 204072 8762 195310 174651 143625 31026 139546 51259 88287 5963 1541 20659 4079 1488 12252 5211 7041 17519 12315 10021 3047
is_linear=0
shrinkage=0.04


Tree=117
num_leaves=31
num_cat=0
split_feature=11 9 13 8 9 8 11 9 17 9 11 14 8 10 9 10 10 14 4 12 8 10 4 4 10 7 9 14 11 2
split_gain=376.851 523.329 412.301 378.699 412.315 363.9 562.314 442.69 401.984 414.246 497.049 745.757 794.178 792.248 722.973 777.382 660.04 574.678 811.069 610.382 489.042 436.997 600.071 424.357 396.607 830.939 600.948 388.556 412.632 468.981
threshold=0.48689031600952154 78.125000000000014 0.0059663015417754659 17.875000000000004 74.875000000000014 16.875000000000004 0.41005823016166693 74.125000000000014 35.685699462890632 79.875000000000014 0.37844388186931616 4.4636662006378183 18.875000000000004 -0.91597726941108693 78.125000000000014 -0.87812310457229603 -0.8940606117248534 0.44358095526695257 0.47332158684730535 0.14717525988817218 20.875000000000004 -0.99993467330932606 44.485815048217781 3.5827569961547856 0.49531894922256475 0.087709460407495513 74.875000000000014 15.796020507812502 -0.49998149275779719 0.26248148083686834
decision_type=2 2 2 2 2 2 2 2 2 2 2 2 2 2 2 2 2 2 2 2 2 2 2 2 2 2 2 2 2 2
left_child=5 3 -3 4 -2 6 7 27 9 10 21 12 17 -14 -15 16 -16 18 -12 -19 -11 22 -7 -13 -23 -26 -27 28 -1 -30
right_child=1 2 -4 -5 -6 8 -8 -9 -10 20 11 23 13 14 15 -17 -18 19 -20 -21 -22 24 -24 -25 25 26 -28 -29 29 -31
leaf_value=0.0096991474750671193 -0.061789104717182831 -0.034884788550605561 0.051079292362170174 -0.074567520897434639 0.03728851039984224 -0.019346004164224183 0.028405992290657101 -0.0030410250090776563 0.0083283505739331909 0.0034394495106725266 -0.041896087446732129 -0.071140286073247239 -0.058268708790675285 -0.02242492218110714 0.0049339406594520914 0.048212102533079462 -0.074953460477213699 0.024193629321052717 0.010304405884008518 -0.015644489713436932 -0.0029959232112226337 -0.00032884968989377398 0.045554005151862142 0.00090680864779713142 -0.041960128240079352 -0.039122270814700655 0.02127640924329121 0.00072319636751921293 0.011069913182802222 -0.0046453647270196224
leaf_weight=22806.403731882572 117.19928263127804 149.38069961220026 194.22521239519119 341.4334611594677 132.90300191938877 3162.5660393536091 1296.2818235456944 21795.880458056927 8787.2172800600529 87697.385069862008 839.85974942147732 450.15907990932465 643.89018374681473 3205.8956277221441 923.30042451620102 554.90670493245125 191.33697155117989 2568.0060357004404 1076.3394374996424 800.63069152832031 24073.005361586809 981305.40110734105 236.18734109401703 182.40319617092609 1102.6770447492599 351.46162587404251 964.18848991394043 40402.950191497803 4659.1627072095871 8688.8968902528286
leaf_count=5138 528 679 245 2530 209 2903 945 9247 1615 31235 1870 1611 1832 8053 1401 472 903 2080 1313 995 9530 423326 51 260 1449 307 554 8012 1857 3487
internal_value=-1.80956e-06 -0.0252499 0.0137773 -0.0477717 -0.00973036 1.77699e-05 0.00233392 0.00198744 -0.000188486 -0.000255964 -0.000514457 -0.00880181 -0.00630567 -0.0169041 -0.011333 0.00997252 -0.00932394 0.00477403 -0.0126735 0.0147069 0.00205326 -0.000418352 -0.0147155 -0.0506743 -0.000368806 -0.0165143 0.00496815 0.00341926 0.0064311 0.00084426
internal_weight=1.2197e+06 935.142 343.606 591.536 250.102 1.21877e+06 99649.6 98353.3 1.11912e+06 1.11033e+06 998559 11436.7 10804.2 5519.33 4875.44 1669.54 1114.64 5284.84 1916.2 3368.64 111770 987122 3398.75 632.562 983724 2418.33 1315.65 76557.4 36154.5 13348.1
internal_count=524637 4191 924 3267 737 520446 28686 27741 491760 490145 449380 20790 18919 12661 10829 2776 2304 6258 3183 3075 40765 428590 2954 1871 425636 2310 861 18494 10482 5344
is_linear=0
shrinkage=0.04


Tree=118
num_leaves=31
num_cat=0
split_feature=11 9 13 8 9 1 11 11 15 11 11 7 10 12 10 17 9 8 11 11 15 9 8 10 10 10 10 11 7 10
split_gain=356.643 499.019 387.271 368.128 390.179 347.616 636.695 604.729 506.768 493.855 773.714 752.954 689.677 396.773 411.615 391.582 373.573 350.666 337.471 335.287 432.414 333.083 386.893 435.375 371.125 1504.68 1210.38 1710.31 1464.26 2496.49
threshold=0.48689031600952154 78.125000000000014 0.0059663015417754659 17.875000000000004 74.875000000000014 23.730864524841312 -0.98801845312118519 -0.99465739727020253 0.93750000000000011 -0.92602273821830738 -0.93845868110656727 22.865369796752933 -0.44600489735603327 31.101902961730961 -0.13505011796951291 28.550773620605472 73.375000000000014 15.875000000000002 -0.99907308816909779 -0.93237864971160878 0.43750000000000006 79.875000000000014 20.625000000000004 0.30675521492958074 -0.87812310457229603 -0.92274349927902211 -0.74512827396392811 -0.82534202933311451 0.71140241622924816 -0.69751432538032521
decision_type=2 2 2 2 2 2 2 2 2 2 2 2 2 2 2 2 2 2 2 2 2 2 2 2 2 2 2 2 2 2
left_child=5 3 -3 4 -2 17 7 8 -7 10 -8 19 15 16 -15 -11 -9 -1 -10 -12 -21 24 -23 -24 25 -19 -26 -28 29 -29
right_child=1 2 -4 -5 -6 6 9 13 18 12 11 -13 -14 14 -16 -17 -18 21 -20 20 -22 22 23 -25 26 -27 27 28 -30 -31
leaf_value=0.0068844229278738605 -0.060969232895465492 -0.0338347214421491 0.049951764513810309 -0.074251699945048086 0.036216639070988835 0.00318309248011332 0.0035861458590519882 0.00089281141286560799 -0.0034530255489518187 0.0013142374544802004 0.033321968571933105 0.0012461435416989883 -0.0088130048751691344 0.016557769246497326 -0.01098956283670913 0.010321801101083517 -0.025476609980846075 -0.00047882840756469975 -0.034120143197275438 -0.0029962039556989707 0.032184103271565109 0.0036397616050031162 -0.00073948570287856179 -0.02288615297162342 0.0038419282059048883 -0.0083380650695266539 0.00013502084110499185 0.028327627128642351 -0.0079699316178871143 -0.014991860439856713
leaf_weight=10860.45894689858 114.2195278853178 148.19112508744001 190.95792739838362 329.4549642726779 131.68417313694954 14604.51871573925 40802.282366394997 1094.6086530685425 1315.848636329174 83102.064553283155 3405.2956572771072 3244.7674925327301 10191.110368609428 1196.7613016366959 3082.1300321817398 8503.5906000435352 3982.4294009208679 235519.44257000089 1012.0454176664352 1204.1040675640106 1030.9337218999863 65395.576820731163 28649.337750330567 1484.3836306929588 107197.87371182442 46696.422952242196 463118.35570174456 4869.148356795311 73296.28632825613 3767.212809920311
leaf_count=3072 528 679 245 2530 209 3355 8770 186 296 24763 449 510 2392 169 694 1733 1576 135137 344 323 130 24057 11042 1147 40481 34864 185601 1488 34967 2900
internal_value=-1.87977e-06 -0.0248365 0.0134208 -0.0472315 -0.00954361 1.69608e-05 0.00165161 -0.00409373 0.000417227 0.00264885 0.00591747 0.0166074 0.001053 -0.0122494 -0.00326422 0.00215143 -0.0198008 -0.000262241 -0.0168744 0.0254265 0.0133021 -0.000337663 0.00191196 -0.00183766 -0.000567657 -0.00177949 -4.32986e-05 -0.000807482 -0.00613428 0.00943602
internal_weight=1.21954e+06 914.508 339.149 575.359 245.904 1.21863e+06 177772 26288.3 16932.4 151484 49687.4 8885.1 101797 9355.93 4278.89 91605.7 5077.04 1.04085e+06 2327.89 5640.33 2235.04 1.02999e+06 95529.3 30133.7 934465 282216 652249 545051 81932.6 8636.36
internal_count=524637 4191 924 3267 737 520446 45690 6620 3995 39070 10182 1412 28888 2625 863 26496 1762 474756 640 902 453 471684 36246 12189 435438 170001 265437 224956 39355 4388
is_linear=0
shrinkage=0.04


Tree=119
num_leaves=31
num_cat=0
split_feature=16 4 11 14 8 10 10 10 10 7 10 9 8 17 10 10 2 17 11 11 11 9 14 10 10 7 6 11 7 10
split_gain=355.173 372.775 533.022 479.07 421.915 488.628 936.769 398.043 638.414 581.711 596.708 561.34 477.902 473.179 388.071 599.737 525.772 416.398 437.557 692.947 539.55 444.595 423.107 604.892 647.642 385.385 441.914 384.312 510.434 383.287
threshold=0.87207767367362987 0.12496908754110338 -0.99996069073677052 10.626009464263918 19.375000000000004 -0.98370367288589466 -0.96235975623130787 -0.92923668026924122 -0.8978554606437682 21.358944892883304 -0.99963879585266102 75.875000000000014 19.125000000000004 9.8299937248229998 0.29033823311328893 0.27383534610271459 9.3279261589050311 3.3971772193908696 -0.97315269708633412 -0.99628248810768116 -0.98932650685310353 77.375000000000014 2.1314488649368291 -0.76762619614601124 -0.7097363770008086 12.132047653198244 6.7865507602691659 -0.95502570271491993 1.3078250885009768 -0.98523971438407887
decision_type=2 2 2 2 2 2 2 2 2 2 2 2 2 2 2 2 2 2 2 2 2 2 2 2 2 2 2 2 2 2
left_child=-1 2 -2 4 5 -4 -7 9 11 10 -3 -9 -10 -12 15 17 -17 18 19 -6 -21 -22 23 -20 -25 27 -27 -14 -29 -24
right_child=1 7 3 -5 14 6 -8 8 12 -11 13 -13 25 -15 -16 16 -18 -19 22 20 21 -23 29 24 -26 26 -28 28 -30 -31
leaf_value=-0.00047727574926312842 -0.02822024863274666 0.020415538787253294 -0.014265914447420426 -0.004575076160033005 0.01155594571834748 0.020193202534425466 -0.0023285351691294419 0.0015235641622718544 0.0041366381660233546 -0.01415949776393079 -0.0025690558132648962 0.020856710971214595 0.0061140651220335856 0.012143477504835401 -0.0057398733902773846 0.0056958807423917006 0.048656057855460358 -0.0026238293119656116 0.0043063136780454756 -0.029022739871898705 -0.018948570419617585 0.0059629003765565656 0.017267942903500817 0.048553492766416601 0.015746505016633765 -0.017545925429152644 -0.0016651963063884084 0.019054745171495812 -0.0013031936419659843 0.0021250779480442086
leaf_weight=821098.52490470558 1104.5867937207222 2179.4404058754444 4651.4496315121651 34101.467057108879 4200.9301916956902 3188.1573396623135 38846.867155104876 4204.5865633785725 97841.70726916939 5147.8025204241276 34084.37629942596 5603.0414437055588 24223.090370178223 3887.485157430172 7015.4625035524368 933.64933240413666 886.26164484024048 13303.019882619381 4079.3207161650062 1638.4911968111992 1742.5488253235817 3304.404793381691 3252.7380432486534 1359.585154235363 3300.0822237730026 3031.5706677436829 35879.111235499382 2067.3197499364614 38337.562453992665 14853.281743317842
leaf_count=383636 558 877 2872 11904 1345 1162 17240 1557 26062 1884 16754 1485 7561 1260 2961 300 116 5284 2263 866 886 1021 1428 191 1026 1291 10119 694 14131 5903
internal_value=-1.83594e-06 0.000978399 -0.000667679 -0.000449317 0.000871365 -0.0019787 -0.000615972 0.00188819 0.00261797 -0.00151393 0.000110486 0.0125785 0.00213227 -0.00106001 0.00309381 0.00426718 0.0267682 0.0034597 0.00560471 -0.00115885 -0.00915377 -0.00265868 0.00834692 0.015571 0.0254023 0.000237971 -0.00290667 0.00213143 -0.000257121 0.00485352
internal_weight=1.21935e+06 398249 141762 140658 106556 46686.5 42035 256487 211188 45299.1 40151.3 9807.63 201380 37971.9 59869.8 52854.3 1819.91 51034.4 37731.4 10886.4 6685.44 5046.95 26845 8738.99 4659.67 103539 38910.7 64628 40404.9 18106
internal_count=524637 141001 57326 56768 44864 21274 18402 83675 62900 20775 18891 3042 59858 18014 23590 20629 416 20213 14929 4118 2773 1907 10811 3480 1217 33796 11410 22386 14825 7331
is_linear=0
shrinkage=0.04


Tree=120
num_leaves=31
num_cat=0
split_feature=11 9 13 8 9 8 11 9 0 14 11 14 12 11 8 10 7 10 8 14 9 13 9 11 18 12 4 10 10 9
split_gain=337.201 475.441 363.256 357.951 369.106 323.818 531.741 407.149 383.844 358.632 375.652 436.445 751.039 354.572 1062.56 838.456 1552.15 835.306 814.522 1233.43 1003.93 813.889 678.161 652.454 846.855 740.378 698.213 679.02 614.414 605.777
threshold=0.48689031600952154 78.125000000000014 0.0059663015417754659 17.875000000000004 74.875000000000014 16.875000000000004 0.41005823016166693 74.125000000000014 4.9743006229400644 15.796020507812502 -0.49998149275779719 3.1113535165786748 10.81373977661133 -0.12758953124284741 20.625000000000004 -0.96463498473167408 5.7580597400665292 -0.9769422411918639 20.625000000000004 2.5830919742584233 78.125000000000014 1.0000000180025095e-35 74.375000000000014 1.0000000180025095e-35 27.075949668884281 4.983140468597413 1.5913016200065615 -0.98214942216873158 -0.98370367288589466 73.625000000000014
decision_type=2 2 2 2 2 2 2 2 2 2 2 2 2 2 2 2 2 2 2 2 2 2 2 2 2 2 2 2 2 2
left_child=5 3 -3 4 -2 6 7 9 -9 10 -1 -12 -13 15 -15 16 17 18 19 20 -7 -19 -23 24 26 -25 -16 -27 -20 -21
right_child=1 2 -4 -5 -6 13 -8 8 -10 -11 11 12 -14 14 23 -17 -18 21 28 29 -22 22 -24 25 -26 27 -28 -29 -30 -31
leaf_value=0.0092534616999325765 -0.060120697260166334 -0.032787310031746515 0.048802381791057545 -0.07391629940631779 0.035168861425223567 -0.019218846066228687 0.027605802031683224 -0.0073668840170497919 0.0034286366736505473 0.00064896604337245727 0.011569537187997926 -0.013074507911719633 0.010396051798610098 -0.00043481218179424987 -0.0012712105711594581 -0.00022393432022477916 -0.0028472495511657407 -0.010609420155352788 0.024547302691408108 0.035608601522265963 0.026812355117869769 -0.0031158659055012983 0.021393065308806372 -0.0091572542109706386 -0.05029074845977094 0.020785901772525536 -0.03229399373508049 -0.02701726687925475 -0.0023907957584726816 0.0049836142005291349
leaf_weight=22788.546479582787 111.37194511294365 147.06506442278624 187.85903186351061 317.94514405727386 130.56401391327381 6020.2070229649544 1291.1397476941347 12889.475402414799 8901.5622192919254 40395.904627203941 4140.908966332674 5663.3002606630325 3534.9137049615383 121743.87132226676 3012.3775102198124 902532.95980548859 28093.547679066658 1702.8259272575378 4366.7112664580345 1189.1731693744659 858.20421934127808 2057.9132548570633 14630.222515940666 16768.949317850173 1230.0983845591545 2564.4821928143501 1879.3377820253372 574.06030620634556 1959.6013023257256 7514.4318611621857
leaf_count=5138 528 679 245 2530 209 3558 945 6400 2847 8012 1626 2710 1008 91575 2271 345960 11460 762 1331 181 225 718 3816 20987 1132 1011 1952 952 845 3024
internal_value=-1.6928e-06 -0.0244116 0.0130645 -0.0466658 -0.00934162 1.64357e-05 0.0022018 0.0018654 -0.0029574 0.00323896 0.00613396 0.00080167 -0.00405318 -0.000178161 -0.00200346 9.96646e-05 0.00436938 0.00939972 0.0041204 -0.000796259 -0.013445 0.0156831 0.0183707 -0.00933733 -0.0207478 -0.0058198 -0.0132314 0.0119843 0.0162125 0.00920397
internal_weight=1.2192e+06 894.805 334.924 559.881 241.936 1.2183e+06 99605.8 98314.6 21791 76523.6 36127.7 13339.1 9198.21 1.1187e+06 147773 970926 68392.8 40299.3 21908.3 15582 6878.41 18391 16688.1 26029.3 6121.81 19907.5 4891.72 3138.54 6326.31 8703.61
internal_count=524637 4191 924 3267 737 520446 28686 27741 9247 18494 10482 5344 3718 491760 119880 371880 25920 14460 9164 6988 3783 5296 4534 28305 5355 22950 4223 1963 2176 3205
is_linear=0
shrinkage=0.04


Tree=121
num_leaves=31
num_cat=0
split_feature=1 10 10 15 14 14 7 2 4 14 11 9 8 9 13 11 10 9 11 5 10 11 14 9 11 13 11 14 9 14
split_gain=331.026 624.644 574.342 678.639 372.015 357.53 364.584 357.528 436.653 353.401 312.28 452.823 347.761 348.981 340.797 288.527 581.03 427.945 760.557 288.183 282.438 1421.2 1310.59 1704.47 1036.31 1361.75 1352.74 1496.12 1011.83 904.594
threshold=29.624236106872562 1.0000000180025095e-35 0.24059136956930163 0.81250000000000011 21.37766265869141 15.796020507812502 12.512622356414797 1.7624746561050417 0.16948688030242923 52.708812713623054 0.48689031600952154 78.125000000000014 17.875000000000004 74.875000000000014 0.0059663015417754659 -0.09339838474988936 -0.99372696876525868 75.375000000000014 0.0096758542931638675 36.665212631225593 -0.87812310457229603 -0.57252731919288624 1.3811809420585635 78.375000000000014 -0.27900144457817072 1.0000000180025095e-35 -0.21231865882873532 4.9957039356231698 76.625000000000014 9.4182114601135272
decision_type=2 2 2 2 2 2 2 2 2 2 2 2 2 2 2 2 2 2 2 2 2 2 2 2 2 2 2 2 2 2
left_child=10 7 3 5 -4 6 -3 8 -2 15 20 12 13 -12 -13 16 -9 -17 -19 -7 24 -22 23 -23 25 28 27 -26 -1 -27
right_child=1 2 4 -5 -6 19 -8 9 -10 -11 11 14 -14 -15 -16 17 -18 18 -20 -21 21 22 -24 -25 26 29 -28 -29 -30 -31
leaf_value=0.027391855294497718 -0.01456578690009395 -0.0039428327432367329 -0.00089802955941454296 -0.026828741859450354 0.02349996282927342 -0.024558801233481049 0.020569047379915998 0.031556815232490522 0.00174011219270397 -0.0019137136294291024 -0.059255081824547036 -0.031773157204043091 -0.073560602860072224 0.034126478088466562 0.047659322599357026 -0.01658397079132894 0.0045914508768721144 -0.038445042476699713 0.020970825147671249 -0.0048026296436761619 -0.00031170754411064596 -0.017064868184030364 0.0084694933606629368 0.025024447117632624 0.013103778744424831 -0.0090023855252762252 -0.0011403929410770941 -0.003318038397408012 -0.018482439266112736 -0.00069852741531563453
leaf_weight=3383.2082391381264 3971.5727356597781 3237.5043044686317 3200.3610261678696 2857.3681240081787 1443.8775172233582 1842.8067491054535 1375.3033798933029 1287.6532946825027 7721.9789771586657 16169.433854579926 108.67998830229044 146.02949048578739 306.81783520430326 129.49754130840302 184.96944832801819 2459.9487181454897 88280.724327385426 429.6124175786972 1590.7543981820345 3277.81589615345 695564.19815003872 7123.5722723454237 52332.633734360337 1953.6720237880945 24272.032312870026 55013.438854813576 190431.37369942665 13985.871035695076 987.12923800945282 33938.599678993225
leaf_count=956 1838 1233 884 926 172 657 215 268 2608 2876 528 679 2529 209 245 1172 19703 339 599 735 274087 6086 15511 999 7406 26945 135950 5454 552 12276
internal_value=-1.65535e-06 0.00183454 -0.00529124 -0.00972405 0.00672141 -0.00468037 0.00339404 0.00284228 -0.0038057 0.00354788 -0.000238275 -0.023976 -0.0460853 -0.00915406 0.0127114 0.00448697 0.00498259 -0.00541016 0.00820946 -0.0119465 -0.000218781 0.000203315 0.00603586 -0.00798852 -0.001211 -0.00476297 0.000238608 0.00710119 0.0170117 -0.00583458
internal_weight=1.21901e+06 139147 17235 12590.8 4644.24 9733.43 4612.81 121912 11693.6 110218 1.07986e+06 875.994 544.995 238.178 330.999 94048.7 89568.4 4480.32 2020.37 5120.62 1.07899e+06 756974 61409.9 9077.24 322012 93322.4 228689 38257.9 4370.34 88952
internal_count=524637 34225 4822 3766 1056 2840 1448 29403 4446 24957 490412 4190 3266 737 924 22081 19971 2110 938 1392 486222 296683 22596 7085 189539 40729 148810 12860 1508 39221
is_linear=0
shrinkage=0.04


Tree=122
num_leaves=31
num_cat=0
split_feature=0 14 8 10 12 8 14 10 8 9 9 8 10 17 10 10 4 9 11 8 10 10 8 8 17 9 11 11 13 11
split_gain=322.82 383.34 355.755 488.62 383.748 314.6 348.139 338.368 497.971 527.319 340.376 432.949 534.862 366.442 364.027 642.655 408.598 352.937 764.7 748.659 769.656 568.971 515.447 469.457 465.656 517.169 447.878 437.924 740.642 957.622
threshold=67.345291137695327 47.137434005737312 19.125000000000004 -0.94975915551185597 67.696941375732436 15.875000000000002 2.6357603073120122 0.48030318319797521 20.875000000000004 73.375000000000014 73.375000000000014 19.125000000000004 -0.99697706103324879 -0.14555627107620236 0.12225609645247461 0.088045001029968276 27.667235374450687 78.625000000000014 0.45655821263790136 20.625000000000004 0.37146723270416265 0.40318277478218084 21.375000000000004 20.625000000000004 -0.25099430978298182 78.125000000000014 -0.12758953124284741 0.39430940151214605 1.0000000180025095e-35 0.026874557137489322
decision_type=2 2 2 2 2 2 2 2 2 2 2 2 2 2 2 2 2 2 2 2 2 2 2 2 2 2 2 2 2 2
left_child=1 5 -2 4 -4 6 -1 10 9 -9 11 -7 13 -13 15 16 -14 18 21 27 -21 22 -12 -23 -20 -26 -24 28 29 -19
right_child=2 -3 3 -5 -6 7 -8 8 -10 -11 17 12 14 -15 -16 -17 -18 19 24 20 -22 23 26 -25 25 -27 -28 -29 -30 -31
leaf_value=0.021697404910919014 0.0061462316551923061 -0.0056543179825878608 -0.0025106793414107166 0.0003205185661434192 -0.052818169784991327 0.004549002224075574 0.0034042286739698708 -0.053190964768945338 -0.041098873386894018 -0.0025567316685711217 -0.00097533312660825979 -0.012718671384390052 0.0030814393333373018 -0.060396267391069798 -0.009260814748317605 0.031293662601603857 -0.0080930878825170808 -0.00092214295976366918 0.0041501535101814589 -0.0010588979102079518 -0.02477260881436567 0.0073540055645705893 0.0062950530430236967 -0.0084081741633980512 -0.046380733142122758 0.021133874664545207 -0.010189772757970972 0.022269945226961942 0.0033937278428924906 -0.034902840612546594
leaf_weight=1916.8443424850702 27097.727984637022 19697.402662038803 460.9863857626915 12492.619906187057 504.58822017908096 54754.200404182076 12273.481528371572 338.16741865873337 680.64303410053253 6030.3778208196163 755441.8041664511 902.6501852273941 22516.199672728777 355.54908788204193 5854.1553983092308 1114.8326971530914 6810.7885164022446 4809.1950095593929 627.28584714978933 92719.439576201141 2232.8796449899673 22495.396910965443 24989.866183042526 3483.9574405550957 1269.412599362433 205.58878878504038 2938.9111108481884 1850.1396424695849 130119.72827628255 1822.8693523705006
leaf_count=669 4551 3955 190 3156 333 13387 3109 336 1008 4704 353806 444 6294 261 1741 139 1788 2643 1579 37024 1827 10474 9649 2520 6367 434 3132 2535 43499 3083
internal_value=-1.6247e-06 -0.000122414 0.00350678 -0.00180832 -0.0290722 -2.83143e-05 0.00588883 -0.000101739 -0.00883213 -0.00532457 -4.75498e-05 0.00228061 -0.00102705 -0.0265617 -0.000134822 0.00162263 0.000484435 -0.000253222 -0.000647599 0.00111696 -0.00161909 -0.000584861 -0.000778026 0.0052378 -0.0246837 -0.0368915 0.00455735 0.00299133 0.00272889 -0.0103005
internal_weight=1.21881e+06 1.17825e+06 40555.9 13458.2 965.575 1.15855e+06 14190.3 1.14436e+06 7049.19 6368.55 1.13731e+06 92308.4 37554.2 1258.2 36296 30441.8 29327 1.04501e+06 811452 233554 94952.3 809350 783371 25979.4 2102.29 1475 27928.8 138602 136752 6632.06
internal_count=524637 516407 8230 3679 523 512452 3778 508674 6048 5040 502626 24054 10667 705 9962 8221 8082 478572 387961 90611 38851 379581 366587 12994 8380 6801 12781 51760 49225 5726
is_linear=0
shrinkage=0.04


Tree=123
num_leaves=31
num_cat=0
split_feature=11 10 4 7 11 11 10 9 9 7 17 9 10 12 16 7 10 10 9 14 10 11 4 10 9 11 14 14 7 7
split_gain=316.885 1085.75 610.75 477.507 774.735 956.889 687.77 2077.88 922.043 694.692 926.355 638.447 1041.47 625.647 591.992 665.824 540.45 1415.07 686.446 1029.67 1255.84 747.584 693.977 1398.72 673.692 594.318 590.046 585.232 514.642 514.019
threshold=-0.92602273821830738 -0.35141934454441065 64.137023925781264 3.892741441726685 -0.97696766257286061 -0.99375280737876881 -0.01505099539645016 77.375000000000014 73.375000000000014 1.2387127280235293 -0.057421054691076272 76.375000000000014 0.1732888147234917 1.0000000180025095e-35 6.6876006126403817 2.0360882282257085 -0.16905184835195539 -0.20285348594188687 74.375000000000014 6.2246580123901376 -0.30265928804874415 -0.97507822513580311 0.16948688030242923 -0.2696967720985412 76.125000000000014 -0.93845868110656727 19.237435340881351 3.9683904647827153 2.311733722686768 11.957169532775881
decision_type=2 2 2 2 2 2 2 2 2 2 2 2 2 2 2 2 2 2 2 2 2 2 2 2 2 2 2 2 2 2
left_child=1 2 -1 4 5 6 9 8 -8 10 -3 14 -13 28 15 -7 17 18 26 20 -20 -22 24 -24 -21 -18 29 -19 -10 -5
right_child=-2 3 -4 16 -6 11 7 -9 13 -11 -12 12 -14 -15 -16 -17 25 27 19 22 21 -23 23 -25 -26 -27 -28 -29 -30 -31
leaf_value=0.0097008918936427879 -0.00048969921430274343 0.030246046958960941 -0.024615764757139877 0.0042181602896153251 0.0011530091925372155 -0.0091286495423465418 0.038854444113119196 0.012090841530978221 -0.045812292186323454 -0.00077845986479815378 0.0021029642765684549 -0.021484351202691109 0.00050878074173911795 -0.012599917590025709 -0.027883312887636805 0.005567772837151052 -0.00021393196824301148 -0.013237275561297281 -0.010946071390961652 -0.01975655398763243 -0.02253637462324163 0.020418937598097885 -0.021770612962639033 8.8779575742819954e-05 0.0053847470084231828 0.022557838404733611 0.0018403364187402321 0.015951038893993182 -0.0066824787054083814 0.021763488375474961
leaf_weight=26192.623513221741 775008.53908180445 3456.23490858078 847.60990250110626 4974.4385634064674 90876.467828214169 10780.930002748966 465.98768281936646 6897.2722885012627 1918.9127561450005 10785.940709471703 4070.5819736123085 11320.504295885563 4949.4698061347008 8270.0666719079018 1566.0555486083031 9075.9022752046585 158724.4228605032 1169.5378233194351 3771.9625588059425 2001.3710907101631 699.65077364444733 7692.7364855408669 9000.5904924869537 9752.7703016996384 11199.057936549187 1845.20245885849 18206.74300301075 16614.04271954298 750.98570799827576 5775.9369249343872
leaf_count=6674 370332 1031 184 1283 37062 6362 53 2086 1837 4818 2125 5650 1829 4971 905 4042 50403 498 1768 1038 326 2060 3515 2972 3038 327 2902 3379 432 735
internal_value=-1.6801e-06 0.000850821 0.00861649 0.000346597 -0.00132408 -0.0043532 0.000252407 -0.00522968 -0.015705 0.00573151 0.015049 -0.0088261 -0.0147976 -0.0180623 -0.00428612 -0.00241198 0.00144422 0.00390938 0.00144604 -0.00169479 0.00820505 0.0168153 -0.00546491 -0.0104085 0.0015609 4.91407e-05 0.00623025 0.0140251 -0.0348719 0.0136563
internal_weight=1.21866e+06 443654 27040.2 416614 165185 74308.8 36616 18303.2 11406 18312.8 7526.82 37692.9 16270 10940 21422.9 19856.8 251428 90858.8 73075.3 44118.1 12164.3 8392.39 31953.8 18753.4 13200.4 160570 28957.1 17783.6 2669.9 10750.4
internal_count=524637 154305 6858 147447 73203 36141 17353 9379 7293 7974 3156 18788 7479 7240 11309 10404 74244 23514 19637 14717 4154 2386 10563 6487 4076 50730 4920 3877 2269 2018
is_linear=0
shrinkage=0.04


Tree=124
num_leaves=31
num_cat=0
split_feature=16 11 11 9 11 11 13 8 12 4 11 10 8 4 10 10 12 9 10 6 9 8 14 11 10 7 4 10 11 10
split_gain=305.983 357.379 486.761 822.529 391.644 485.35 463.453 346.925 410.928 341.497 308.688 1204.14 654.308 471.721 428.131 1040.55 1624.81 1144.02 916.584 1038.3 890.257 843.19 1535.59 1741.63 940.036 1113.04 903.17 758.326 985.589 757.18
threshold=0.87207767367362987 0.37844388186931616 0.34638161957263952 75.375000000000014 -0.12758953124284741 -0.024725049734115597 30.559475898742679 17.625000000000004 3.5105482339859013 5.8506381511688241 -0.92602273821830738 -0.35141934454441065 19.375000000000004 3.7290501594543461 -0.92274349927902211 -0.90893998742103566 3.2340779304504399 77.625000000000014 -0.92599865794181813 0.93560853600502025 74.125000000000014 19.375000000000004 0.28608244657516485 0.29753153026103979 -0.99866804480552662 5.6908249855041513 3.376115202903748 -0.92923668026924122 0.34638161957263952 -0.9599599540233611
decision_type=2 2 2 2 2 2 2 2 2 2 2 2 2 2 2 2 2 2 2 2 2 2 2 2 2 2 2 2 2 2
left_child=10 2 4 -4 -2 6 7 -6 -9 -3 11 12 -1 -14 18 16 -16 -18 21 -20 -21 22 -12 26 25 -23 -24 28 29 -26
right_child=1 9 3 -5 5 -7 -8 8 -10 -11 14 -13 13 -15 15 -17 17 -19 19 20 -22 24 23 -25 27 -27 -28 -29 -30 -31
leaf_value=0.00021346302009823308 0.0012672531602442489 -0.035968177887989748 -0.029424909909284463 0.043908412216543395 0.0015187848895074857 -0.00015504881526986455 0.013131248440836154 -0.00013448257021381961 -0.023768850455241363 0.013368061580678579 0.014381483253906702 -2.9919521755252507e-05 0.022657469863344479 0.0050073625028371491 -0.023568127491914344 -0.0014442308735001515 -0.0091761792573551906 0.0292029079042306 -0.034355123392924777 -0.01676288803194358 0.022425203084075133 -0.03226141665163796 0.0047516934904350576 -0.025984638675103946 0.00025013527337075557 -0.0040624883498932875 -0.0034268853606855914 -0.043923220897862894 0.027529103903858727 -0.0087263711766801949
leaf_weight=5846.9981604814529 363170.8269687891 774.79550714045763 319.46271471679211 959.82441993057728 1787.2596645951271 22816.474710375071 1125.0872955322266 1529.3163766860962 5101.8171513974667 308.26648622751236 14463.470985800028 268317.67686730623 7286.9509564638138 3637.3164191246033 8464.7915064543486 309709.10579788685 3480.1522921770811 1920.1413942575455 669.61536800861359 1063.8673554062843 6901.1023137569427 3619.9048348069191 54475.6595248878 3833.4558534026146 62937.606143474579 5856.043386131525 35789.18622751534 661.47865368425846 1852.5633715987206 19743.834777653217
leaf_count=1989 118855 1717 406 409 743 13456 310 1006 3770 329 7341 101216 1459 864 8918 145659 1404 384 471 366 1827 4660 26357 5029 37698 4031 16716 1593 1684 13970
internal_value=-1.63991e-06 0.000908625 0.000971517 0.0255095 0.00089151 -0.00332449 -0.0108939 -0.0141165 -0.0183265 -0.021932 -0.000443052 0.000620191 0.0110149 0.0167907 -0.00100916 -0.00192439 -0.012641 0.00449874 0.000388634 0.013145 0.0171765 -0.000153957 0.00225195 0.000386243 -0.00291281 -0.0148574 0.00150894 -0.00158268 -0.00124621 -0.0018942
internal_weight=1.21842e+06 397893 396810 1279.29 395531 32360 9543.48 8418.39 6631.13 1083.06 820531 285089 16771.3 10924.3 535442 323574 13865.1 5400.29 211868 8634.59 7964.97 203233 108562 94098.3 94671.4 9475.95 90264.8 85195.5 84534 82681.4
internal_count=524637 141001 138955 815 138140 19285 5829 5519 4776 2046 383636 105528 4312 2323 278108 156365 10706 1788 121743 2664 2193 119079 55443 48102 63636 8691 43073 54945 53352 51668
is_linear=0
shrinkage=0.04


Tree=125
num_leaves=31
num_cat=0
split_feature=17 10 9 11 10 3 10 17 10 10 13 10 10 14 3 10 8 11 9 10 10 10 5 16 8 11 14 8 10 13
split_gain=296.999 345.727 293.972 456.738 410.403 432.342 417.993 508.977 391.963 840.214 448.671 360.565 573.076 529.058 385.61 370.138 355.295 505.867 395.43 614.473 575.427 521.34 502.894 421.974 421.935 375.312 722.447 750.402 744.859 686.366
threshold=28.550773620605472 1.0000000180025095e-35 79.875000000000014 0.48689031600952154 -0.11798679083585738 0.34392273426055914 0.05372969992458821 -7.0512464046478263 0.088045001029968276 0.1393099054694176 5.5629904270172128 -0.36747109889984125 -0.47652685642242426 10.626009464263918 1.9102310538291933 -0.44600489735603327 16.875000000000004 0.41005823016166693 73.875000000000014 -0.60639065504074086 -0.99940761923789967 -0.15207348018884656 11.481851100921633 15.765631198883058 15.875000000000002 0.37844388186931616 4.4636662006378183 18.875000000000004 -0.91597726941108693 1.0000000180025095e-35
decision_type=2 2 2 2 2 2 2 2 2 2 2 2 2 2 2 2 2 2 2 2 2 2 2 2 2 2 2 2 2 2
left_child=2 -2 3 16 11 8 -7 -8 -6 -10 -11 12 -4 14 -14 -15 17 18 22 20 -20 -21 -1 -22 -23 -18 27 -27 -29 -30
right_child=1 -3 4 -5 5 6 7 -9 9 10 -12 -13 13 15 -16 -17 25 -19 19 21 23 24 -24 -25 -26 26 -28 28 29 -31
leaf_value=0.0095988474472384396 0.0073424804771068776 -0.0077855807282657466 0.0030499221249340488 -0.032176552993713678 0.010603417756578972 -0.01894672278955006 0.023680165521525857 -0.0081840027782641954 -0.043938817290924775 -0.0045728811577845181 0.014060727707682616 0.0083017130102950171 -0.014182309388509385 -0.039538404367904019 0.022121768540238444 -0.011234127768291578 -0.00040044770153066387 0.026911077486313845 0.018972724734862743 0.0088526591692662769 -0.010407684171474233 0.010099047681414786 0.0012872175936041559 0.011987073219194642 -0.0071538585058464289 0.0054853220384646663 -0.049663283056077145 -0.056579038744681197 -0.0016676797370405684 -0.036598896109350007
leaf_weight=17427.970984905958 15711.843256682158 2847.6894442439079 61309.79961643368 707.78308767825365 5029.000580072403 4126.5579208731651 997.37278497219086 3926.2904784083366 731.6160409450531 8344.0074467360973 2737.5271157026291 17704.499933004379 776.44931781291962 957.64411437511444 1149.0988010168076 3194.0261114835739 979802.10701602697 1282.5597280412912 1301.2431147098541 12292.28082293272 15888.344042629004 3014.0718176960945 35085.741625547409 1462.4715997576714 9065.5587466359138 5260.8552185744047 611.26475175470114 620.66677115857601 3639.1179510653019 1186.1947769075632
leaf_count=4863 3027 599 24907 3861 1294 1633 211 1544 384 4377 694 3994 255 394 229 949 427260 944 432 3097 7545 702 6649 431 3572 6258 1871 1832 7981 2848
internal_value=-1.61917e-06 0.00501836 -7.93245e-05 -0.000279259 0.00188169 -0.00252714 -0.00957306 -0.00169445 0.00126246 -0.0027197 3.87996e-05 0.00322339 0.00188814 -0.00981826 0.00748504 -0.0178422 -0.000258212 0.00205443 0.00171796 -0.00112501 -0.00658751 0.00305648 0.00404694 -0.00851425 -0.00284417 -0.000484147 -0.0077232 -0.00528469 -0.0156796 -0.0103127
internal_weight=1.21819e+06 18559.5 1.19963e+06 1.08865e+06 110984 25892.4 9050.22 4923.66 16842.2 11813.2 11081.5 85091.5 67387 6077.22 1925.55 4151.67 1.08794e+06 96820.2 95537.7 43024 18652.1 24371.9 52513.7 17350.8 12079.6 991120 11318.1 10706.8 5445.98 4825.31
internal_count=524637 3626 521011 480146 40865 10137 3388 1755 6749 5455 5071 30728 26734 1827 484 1343 476285 28235 27291 15779 8408 7371 11512 7976 4274 448050 20790 18919 12661 10829
is_linear=0
shrinkage=0.04


Tree=126
num_leaves=31
num_cat=0
split_feature=14 7 11 10 8 4 11 8 10 11 14 8 9 8 9 7 11 11 9 11 10 10 7 11 7 11 10 9 3 11
split_gain=288.374 447.673 404.431 1758.82 408.511 596.788 324.819 623.595 504.837 481.065 1111.99 643.149 576.937 524.481 474.132 443.382 324.643 872.843 695.601 388.22 897.872 427.1 342.489 476.21 658.747 314.111 397.674 343.62 294.659 1163.69
threshold=1.0000000180025095e-35 7.2435336112976083 -0.96234029531478871 0.05372969992458821 19.125000000000004 13.58259963989258 0.44118724763393408 18.625000000000004 -0.86976337432861317 0.41005823016166693 2.8942959308624272 17.125000000000004 77.625000000000014 19.375000000000004 77.875000000000014 3.2766305208206181 0.48689031600952154 0.47179406881332403 78.125000000000014 0.3624663800001145 -0.90163370966911305 -0.88622298836708058 0.4189229309558869 0.23118848353624347 0.074719235301017775 0.39430940151214605 -0.8940606117248534 75.375000000000014 0.18874283879995349 0.29753153026103979
decision_type=2 2 2 2 2 2 2 2 2 2 2 2 2 2 2 2 2 2 2 2 2 2 2 2 2 2 2 2 2 2
left_child=1 2 3 -1 5 25 9 15 -9 28 11 -11 13 -13 -10 -8 17 19 -19 22 -21 -22 23 -6 -25 -4 -27 -28 -2 -30
right_child=6 -3 4 -5 16 -7 7 8 14 10 -12 12 -14 -15 -16 -17 -18 18 -20 20 21 -23 -24 24 -26 26 27 -29 29 -31
leaf_value=-0.03390306620978157 0.00089501628953336245 -0.060524189597679891 0.0016884018267275531 0.034782929750467588 -0.0076295989783081043 0.035406012562518865 -0.016832161756475599 -0.056960100199059067 -0.071005860495421527 0.050493411522043313 -0.039129236379043052 0.010385686799108068 0.035780210323444563 -0.038654499997995279 0.039387085433278811 0.023472048058014235 -0.05423306816434658 -0.042883891815433464 0.050202099087142071 -0.059244640222636535 0.0073179275838165039 -0.050317538815706241 0.0057650420307564553 -0.059052290279511102 0.015543290895476613 -0.054298276671958259 0.018157309750684747 -0.047855455492916379 -0.00027750000069877651 -0.019672466424243567
leaf_weight=890.22597622871399 445715.68928101659 210.12022671103477 8295.9627145975828 1760.4553315043449 13792.846026271582 779.8257537856698 997.87631133943796 699.97010672837496 78.946808040142059 894.00479450821877 555.78066232800484 1479.4763619601727 1036.9436410814524 445.69754609465599 197.77042539417744 760.63650903850794 228.50268302857876 150.15108984708786 671.46905288100243 769.09356385469437 998.89706864953041 248.50113527476788 2797.5442595481873 641.12499730288982 262.11166183650494 369.8033410012722 411.27127518504858 170.11844433099031 726763.55050480366 4973.6291427016258
leaf_count=810 202916 403 5130 499 11282 515 2546 3452 827 240 1057 1258 682 941 355 1045 1522 658 469 3134 2025 1060 2670 2403 360 899 697 671 266263 7848
internal_value=-1.64116e-06 -0.00366382 -0.00328627 0.0116742 -0.00458613 0.00203201 0.000101793 -0.0136415 -0.0390927 0.000133715 0.0133024 0.020941 0.0118819 -0.0011087 0.00651418 0.000635381 -0.00781314 -0.00726503 0.0328795 -0.0089716 -0.0255522 -0.00447281 -0.00704685 -0.00948798 -0.0374721 -0.000817677 -0.022465 -0.00164105 8.4259e-05 -0.000409595
internal_weight=1.21805e+06 33448 33237.9 2650.68 30587.2 10027 1.1846e+06 2735.2 976.687 1.18186e+06 4411.9 3856.12 2962.12 1925.17 276.717 1758.51 20560.2 20331.7 821.62 19510.1 2016.49 1247.4 17493.6 14696.1 903.237 9247.16 951.193 581.39 1.17745e+06 731737
internal_count=524637 35207 34804 1309 33495 7912 489430 8225 4634 481205 4178 3121 2881 2199 1182 3591 25583 24061 1127 22934 6219 3085 16715 14045 2763 7397 2267 1368 477027 274111
is_linear=0
shrinkage=0.04


Tree=127
num_leaves=31
num_cat=0
split_feature=17 11 11 14 4 10 13 14 10 14 15 10 10 10 14 10 17 13 4 13 1 10 10 7 9 10 11 13 10 14
split_gain=279.626 283.768 941.115 1141.62 541.329 526.141 1691.39 953.017 769.266 666.949 600.577 910.161 573.723 563.828 562.595 562.576 553.742 857.465 509.466 487.304 463.332 462.996 2277.9 1667.64 1857.35 1350.68 1112.34 1692.86 1027.09 924.635
threshold=35.685699462890632 -0.92602273821830738 -0.93845868110656727 0.39976723492145544 64.137023925781264 -0.01505099539645016 1.0000000180025095e-35 0.061426974833011634 -0.13505011796951291 0.39976723492145544 0.68750000000000011 0.24059136956930163 -0.21966676414012906 0.27383534610271459 1.5655601620674136 -0.13505011796951291 -14.227000236511229 8.4483985900878924 14.595096588134767 0.27232073247432714 27.677985191345218 -0.74512827396392811 -0.76762619614601124 3.3717900514602666 77.125000000000014 -0.7996615171432494 -0.48501108586788172 0.45654073357582098 -0.89015004038810719 0.72510570287704479
decision_type=2 2 2 2 2 2 2 2 2 2 2 2 2 2 2 2 2 2 2 2 2 2 2 2 2 2 2 2 2 2
left_child=1 2 5 -4 20 6 8 13 12 15 16 18 -1 -7 -10 -8 17 -9 -12 -17 -5 22 25 -24 -25 26 27 -3 -28 -27
right_child=-2 21 3 4 -6 7 9 10 14 -11 11 -13 -14 -15 -16 19 -18 -19 -20 -21 -22 -23 23 24 -26 29 28 -29 -30 -31
leaf_value=-0.01498963307183318 0.0066111736109136319 -0.012341697108127603 -0.011656872119880691 0.00715713518209033 -0.023554662464589239 0.022724099970494051 -0.02400983011257548 0.019048984119667337 0.0038994101098237251 0.0025073200814623485 -0.021578111564181168 0.0092010939739585879 -0.052477105025455439 -0.00014076470881263406 -0.043499693607751272 0.0084382130763580813 -0.0018480344586855532 -0.010544272166926345 0.00022415156540491976 -0.021664176781109341 0.018431005297091626 -0.0017890936226988149 0.024382820790462757 -0.013972128178784864 0.016348417052659898 0.0083313142453850103 -0.00034384916541932426 0.0062248104290947614 -0.0099290480456819194 -0.01301982852232368
leaf_weight=1181.6464600563049 10135.599708944559 8770.4506357908249 5023.8346460461617 31302.548517882824 812.13434553146362 4044.9543531537056 2781.8748040795326 4851.8213686943054 2071.0841299891472 197383.95196354389 7269.5929384231567 2878.4570534229279 1481.3211235404015 3003.5914261341095 486.37529444694519 2831.9872235059738 158447.51241612434 2303.581348836422 2243.0742653608322 1224.0670371055603 7168.0162546634674 287922.03614354134 10356.0064702034 5800.3432483673096 7276.4577829837799 3857.5057557821274 331048.07699425519 74784.787734866142 18898.148959025741 20238.418353915215
leaf_count=847 1844 4803 2915 9511 176 1445 1948 1062 998 60650 2754 652 1319 1544 322 1292 63216 511 462 816 1085 118702 2784 2204 1860 1642 188153 22593 17894 8633
internal_value=-1.74485e-06 -5.72959e-05 0.000754355 0.00628123 0.0085777 0.000133461 0.00150652 -0.00142065 -0.0209543 0.00208167 -0.00199217 -0.0104827 -0.035961 0.0129943 -0.00524923 -0.0101908 -0.00135628 0.00952043 -0.0164423 -0.000677254 0.00926198 -0.000520457 0.000238911 0.0124 0.00289904 -0.000384097 0.000128356 0.00427472 -0.000861748 -0.0095997
internal_weight=1.21788e+06 1.20774e+06 438791 44306.5 39282.7 394485 209442 185043 5220.43 204222 177994 12391.1 2662.97 7048.55 2557.46 6837.93 165603 7155.4 9512.67 4056.05 38470.6 768952 481030 23432.8 13076.8 457597 433501 83555.2 349946 24095.9
internal_count=524637 522793 153525 13687 10772 139838 68192 71646 3486 64706 68657 3868 2166 2989 1320 4056 64789 1573 3216 2108 10596 369268 250566 6848 4064 243718 233443 27396 206047 10275
is_linear=0
shrinkage=0.04


Tree=128
num_leaves=31
num_cat=0
split_feature=16 4 11 14 8 11 10 11 3 11 10 10 7 10 9 17 8 14 7 6 4 9 3 11 7 10 11 11 1 10
split_gain=272.825 323.523 485.875 448.464 397.234 434.487 444.64 443.472 426.327 360.586 338.639 609.698 536.021 544.846 517.107 438.06 416.323 359.475 352.992 406.679 372.386 351.756 348.34 347.5 470.111 364.092 343.499 339.158 327.801 361.19
threshold=0.87207767367362987 0.12496908754110338 -0.99996069073677052 10.626009464263918 19.125000000000004 0.18069575726985934 -0.92274349927902211 0.12972188368439677 0.25934714078903204 0.14675828069448474 -0.92923668026924122 -0.8978554606437682 21.358944892883304 -0.99963879585266102 75.875000000000014 9.8299937248229998 19.125000000000004 16.783450126647953 12.132047653198244 6.7865507602691659 18.821691513061527 78.875000000000014 9.4282402992248553 -0.95502570271491993 1.3078250885009768 0.10516610741615297 -0.99168640375137318 -0.34436371922492975 7.4825429916381845 0.29033823311328893
decision_type=2 2 2 2 2 2 2 2 2 2 2 2 2 2 2 2 2 2 2 2 2 2 2 2 2 2 2 2 2 2
left_child=-1 2 -2 4 5 7 8 -4 -7 -5 12 14 13 -3 17 27 -13 -12 23 26 -21 -17 -16 25 -25 -18 -20 -15 29 -6
right_child=1 10 3 9 28 6 -8 -9 -10 -11 11 16 -14 15 22 21 18 -19 19 20 -22 -23 -24 24 -26 -27 -28 -29 -30 -31
leaf_value=-0.00041875878966312171 -0.027073027102899317 0.019573146770367519 -0.0028626323205690929 -0.0039166007447595449 0.0047820145056077694 0.027553461157373546 -0.031732302240895884 -0.033563123886290527 -0.0063895579891727547 -0.03552538309239598 -0.011942887549164446 0.003776057771920853 -0.013585566652452868 -0.017917274020983264 0.02470796615311063 0.016973363727538965 0.0074081122830982381 0.011640871896883356 -0.047851227757624126 -0.0049439425308465132 0.0034112418685188113 -0.015785936071991236 -0.0014636285278903131 0.018248551710722066 -0.0013255518356942628 -0.0086593206749432695 -0.011021290703078682 -0.0014135486840066974 -0.0065505099741717913 -0.0044534603161990368
leaf_weight=819885.5434101969 1097.0326073765755 2169.6303570866585 36728.909475713968 33478.662931770086 52434.216706432402 1934.4694192707539 322.74590371549129 758.7110807299614 846.56351186335087 577.78694369643927 1802.8723007440567 97757.226452000439 5138.0333219468594 2115.125116109848 4597.5008271932602 3258.1980957388878 21684.367730438709 2397.4563188552856 474.34653252363205 21867.676601171494 13985.620028734207 616.49186113476753 986.90865111351013 2059.1481297239661 38318.56463111937 2510.0611017942429 2549.8065059781075 31925.843203827739 5564.3273080810905 7772.6302234530449
leaf_count=383636 558 877 15907 11264 20750 845 691 578 627 640 1080 26062 1884 1129 1153 954 6507 477 265 6559 3560 306 332 694 14131 1054 1026 15625 2211 3255
internal_value=-1.73173e-06 0.00085792 -0.00067708 -0.000468947 0.000810259 -0.00230104 0.0120577 -0.00349276 0.0172351 -0.00446313 0.00170575 0.00237898 -0.00143508 0.000125338 0.0121246 -0.000992383 0.00190447 0.00151389 0.000135669 -0.00287518 -0.00168472 0.0117339 0.0200884 0.0019486 -0.000323057 0.0057383 -0.0169368 -0.00244396 0.00273049 0.00358918
internal_weight=1.21762e+06 397731 141516 140419 106363 40591.4 3103.78 37487.6 2781.03 34056.4 256215 210992 45223.3 40085.3 9784.74 37915.7 201207 4200.33 103450 38877.4 35853.3 3874.69 5584.41 64572.1 40377.7 24194.4 3024.15 34041 65771.2 60206.8
internal_count=524637 141001 57326 56768 44864 18648 2163 16485 1472 11904 83675 62900 20775 18891 3042 18014 59858 1557 33796 11410 10119 1260 1485 22386 14825 7561 1291 16754 26216 24005
is_linear=0
shrinkage=0.04


Tree=129
num_leaves=31
num_cat=0
split_feature=2 14 11 11 8 11 10 10 10 4 10 14 10 4 14 4 9 10 10 10 10 9 16 7 14 10 9 4 3 7
split_gain=266.155 784.019 477.907 1006.68 447.689 424.229 391.368 752.381 840.728 620.086 602.048 1016.87 1006.48 1568.4 739.789 738.602 697.903 639.78 628.743 1469.7 1249.16 845.389 619.696 580.277 570.012 975.682 565.219 561.853 709.619 558.09
threshold=1.1701136827468874 16.427892684936527 -0.98932650685310353 -0.99375280737876881 16.125000000000004 -0.96904978156089772 0.32308141887187963 -0.01505099539645016 -0.38341410458087916 8.6661963462829608 -0.47652685642242426 8.4875326156616229 -0.50648479163646687 0.70526751875877391 7.8828084468841562 31.890460014343265 74.375000000000014 -0.99993467330932606 -0.80987083911895741 -0.7785360813140868 -0.84828248620033253 78.875000000000014 -0.12162004783749579 5.890758991241456 8.4875326156616229 -0.74512827396392811 78.875000000000014 2.3785771131515507 22.813292503356937 4.7346770763397226
decision_type=2 2 2 2 2 2 2 2 2 2 2 2 2 2 2 2 2 2 2 2 2 2 2 2 2 2 2 2 2 2
left_child=1 4 3 -3 -1 -4 7 8 10 -9 12 -12 15 -14 22 17 -13 -2 20 26 -19 24 -15 -23 25 29 -20 28 -22 -21
right_child=6 2 5 -5 -6 -7 -8 9 -10 -11 11 16 13 14 -16 -17 -18 18 19 21 27 23 -24 -25 -26 -27 -28 -29 -30 -31
leaf_value=0.009550514243227802 -0.025210684845048417 -0.012871335481827922 -0.037463894366604931 0.035970127130893439 -0.00051635630487046778 -0.010481124986749914 0.0072912807647520176 -0.0045863039011962842 0.0034606805417891334 0.0041037575982465352 0.0043839352833167991 -0.0035490420006504893 -0.017483035072338986 -0.0369205457983161 0.016956273680334723 -0.0050957040992815348 -0.016169820881715407 0.00090376022732089798 -0.012171720904181976 0.014013922908836657 0.0062442444770247499 0.019764076065455272 0.0092899116372434816 0.0034397137170922342 0.0005395078322430149 -0.01119031516565315 -0.038030782059391692 0.015640844163441785 -0.036118434131813586 -0.010049266651568854
leaf_weight=7152.2138329446316 1507.7598229050636 1791.2613226771355 1001.8313511013985 1070.3872159123421 538421.94817089289 12208.094249784946 13468.270871400833 72677.696446597576 154198.55889075994 16028.18540096283 13915.582380115986 16944.97912466526 2974.3141247034073 769.96075332164764 15006.365374922752 40012.821319907904 11956.400306880474 165636.30086633563 7984.3360226750374 4677.9914002418518 11014.103971719742 4222.2817296981812 1139.8955414295197 19744.812255620956 42343.563723862171 20731.955617725849 1623.7473579645157 14320.664404451847 661.2827205657959 2289.500819683075
leaf_count=2567 1254 623 465 144 291628 4990 4459 26398 40098 4017 5168 3409 1309 466 2833 12505 4482 73081 3252 1521 3426 1010 425 5730 13018 11144 780 3116 326 993
internal_value=-1.7126e-06 -0.000640801 -0.00934545 0.00545924 -0.000384212 -0.0125543 0.000545579 0.000404037 0.000951984 -0.00301582 -1.64337e-05 -0.00449763 0.000521641 0.00926269 0.0139728 5.11299e-06 -0.008774 0.00069302 0.000826152 -0.001684 0.00218344 -0.000160307 -0.00943516 0.00632262 -0.0023792 -0.00683955 -0.0165768 0.0103336 0.00381601 0.00610375
internal_weight=1.2175e+06 561646 16071.6 2861.65 545574 13209.9 655851 642383 553677 88705.9 399479 42817 356662 19890.5 16916.2 336771 28901.4 296758 295251 103618 191632 94010.1 1909.86 23967.1 70043 27699.4 9608.08 25996.1 11675.4 6967.49
internal_count=524637 300417 6222 767 294195 5455 224220 219761 189346 30415 149248 13059 136189 5033 3724 131156 7891 118651 117397 37448 79949 33416 891 6740 26676 13658 4032 6868 3752 2514
is_linear=0
shrinkage=0.04


Tree=130
num_leaves=31
num_cat=0
split_feature=0 14 15 11 4 10 10 8 14 10 8 9 2 9 8 10 17 3 10 10 17 10 10 10 10 4 12 9 10 13
split_gain=265.163 362.585 324.577 328.738 303.232 262.104 496.4 261.936 312.027 298.465 462.271 497.788 328.222 319.31 388.66 485.867 358.271 346.434 501.318 488.289 1139.37 940.776 918.294 1213.97 1200.55 1372.65 1001.08 830.172 842.054 813.267
threshold=67.345291137695327 47.137434005737312 0.93750000000000011 -0.99052476882934559 22.894610404968265 -0.44600489735603327 -0.52124115824699391 15.875000000000002 2.6357603073120122 0.48030318319797521 20.875000000000004 73.375000000000014 0.10778251662850381 73.375000000000014 19.125000000000004 -0.99697706103324879 -0.14555627107620236 0.158614456653595 0.38738232851028448 0.019350802991539243 -9.0204172134399396 0.07089784182608129 -0.59262362122535694 -0.65962448716163624 -0.55028682947158802 4.0876605510711679 0.58336132764816295 74.125000000000014 0.25725142657756811 8.4483985900878924
decision_type=2 2 2 2 2 2 2 2 2 2 2 2 2 2 2 2 2 2 2 2 2 2 2 2 2 2 2 2 2 2
left_child=1 7 -2 -4 -3 6 -6 8 -1 13 11 -11 -13 14 -9 16 -16 -15 19 22 21 -21 23 -19 25 -24 -27 -22 -29 -23
right_child=2 4 3 -5 5 -7 -8 9 -10 10 -12 12 -14 17 15 -17 -18 18 -20 20 27 29 24 -25 -26 26 -28 28 -30 -31
leaf_value=0.020396860500683466 0.00763812978578037 -0.010012239545476294 -0.013945455152785646 0.0018020081082488011 -0.0067723710715281915 -0.0066803867183743608 0.020282464182338162 0.0043702838832599842 0.0030354558421161523 -0.051923305073684575 -0.039600101383741163 -0.004979706210059485 0.029705868063402294 0.00061429835233971751 -0.011782924346515618 -6.7861957720553653e-05 -0.059333801316987414 -0.0012802553716161061 0.018769110973037788 -0.017447918228931002 0.0021296832674556694 0.023965343082669909 0.018467957383526242 -0.011292094223195328 0.00043988758925094684 -0.032552601566814374 0.0039719814171892661 -0.011709037803230076 0.00082833595527764912 -0.011926068037873003
leaf_weight=1906.0603528618813 15875.023202762008 10757.681766986847 2333.995248913765 22289.16506639123 2122.2104663848877 4600.3041192293167 2202.2742272615433 54705.468579053879 12260.653600841761 331.37884318828583 671.91786444187164 5564.6648221313953 463.63918143510818 442514.61179699749 901.90290212631226 36251.862971574068 346.5764234662056 278238.1654715538 2064.534151673317 1578.6259019970894 15335.594654321671 5149.4913226366043 13149.496232926846 20818.593566417694 208485.14902353287 1415.0757076740265 7615.1897966265678 34698.77793443203 11380.426475226879 1249.4644346833229
leaf_count=669 2830 2335 584 4816 515 827 278 13387 3109 336 1008 4548 156 228391 444 9962 261 132717 737 626 3933 1158 3940 10563 69898 915 2305 18275 4758 356
internal_value=-1.6994e-06 -0.000111231 0.00318027 0.000304273 -0.00549332 -4.12278e-05 0.0070205 -1.96341e-05 0.00538409 -8.66601e-05 -0.00829639 -0.00493209 -0.00226725 -3.57665e-05 0.00222044 -0.000916087 -0.0253496 -0.000235112 -0.000860344 -0.000928299 -0.00408314 0.0101295 -0.000514952 -0.00197758 0.00138134 0.0102266 -0.00178123 -0.00593067 -0.00861311 0.0169495
internal_weight=1.21728e+06 1.17678e+06 40498.2 24623.2 19682.5 8924.79 4324.48 1.1571e+06 14166.7 1.14293e+06 7031.6 6359.68 6028.3 1.1359e+06 92205.8 37500.3 1248.48 1.04369e+06 601179 599114 69392.4 7977.58 529722 299057 230665 22179.8 9030.27 61414.8 46079.2 6398.96
internal_count=524637 516407 8230 5400 3955 1620 793 512452 3778 508674 6048 5040 4704 502626 24054 10667 705 478572 250181 249444 29106 2140 220338 143280 77058 7160 3220 26966 23033 1514
is_linear=0
shrinkage=0.04


Tree=131
num_leaves=31
num_cat=0
split_feature=17 9 11 8 11 13 11 10 14 13 15 7 4 8 11 10 4 9 10 10 10 14 16 8 4 11 11 10 17 8
split_gain=254.528 265.129 405.728 404.528 363.952 387.334 1017.63 346.492 612.14 342.348 342.646 330.621 384.346 305.025 439.418 370.369 550.709 353.056 559.517 525.166 470.955 467.156 396.424 394.575 338.44 352.7 1395.1 972.349 863.17 830.97
threshold=35.685699462890632 79.875000000000014 0.48689031600952154 20.875000000000004 0.39430940151214605 0.023733900859951976 -0.14463099837303159 -0.13505011796951291 7.2141077518463144 1.8673717975616457 1.0000000180025095e-35 9.9766860008239764 0.27298104763031011 16.875000000000004 0.41005823016166693 -0.99993467330932606 44.485815048217781 73.875000000000014 -0.60639065504074086 -0.99940761923789967 -0.15207348018884656 6.7857947349548349 4.9441828727722177 15.875000000000002 68.669601440429702 0.078402601182460799 0.026874557137489322 -0.99549928307533253 -2.7586370706558223 18.125000000000004
decision_type=2 2 2 2 2 2 2 2 2 2 2 2 2 2 2 2 2 2 2 2 2 2 2 2 2 2 2 2 2 2
left_child=1 2 13 4 5 6 -3 9 -9 -7 -11 12 -12 14 17 16 -15 21 19 -19 -20 -1 -21 -22 25 26 27 29 -27 -17
right_child=-2 3 -4 -5 -6 7 -8 8 -10 10 11 -13 -14 15 -16 24 -18 18 20 22 23 -23 -24 -25 -26 28 -28 -29 -30 -31
leaf_value=0.011162252530455295 0.0063102265858796646 0.0023994527179614779 -0.030634609852827736 -0.0027945857722903528 0.025023748170920485 0.011778391262739741 -0.040083578871712433 0.0032214891520699162 -0.012897289636250139 0.00065025510824971071 -0.014918226744923786 0.0099515431865975813 0.0057863805302464759 -0.018087604336731906 0.025234592855643962 0.0038934939908714275 0.044529687153990596 0.018156712843927742 0.0083600214195125883 -0.011201006858005656 0.0096521971100345747 0.0018795016526529124 0.0037557566806670295 -0.0069105603294290375 -0.0055773369602331356 -0.01611753041057512 0.010123658987816806 -8.3145179561677014e-05 -0.0015213432111639419 -0.012604782621736319
leaf_weight=10879.662211358547 10126.821764022112 3578.2704023718834 692.42160151898861 24031.003846384585 1181.186023414135 9565.4758824259043 1195.8156982511282 13043.769619941711 5290.4937225580215 29311.342609956861 2038.6819483041763 17641.076199859381 4775.2898990809917 3138.8741854727268 1264.9290098845959 6696.5595114827156 232.54614001512527 1297.1224778294563 12397.595020711422 13831.550551116467 3072.3398535251617 42665.497230291367 3560.4416602551937 9077.0739711523056 19706.282069392502 7173.1916748285294 20986.793236106634 854169.19875153899 66480.688801348209 18002.85419601202
leaf_count=3072 1844 1956 3861 9607 1495 3581 1929 4409 1889 9552 833 4414 1430 2903 945 3249 51 432 3118 6755 712 8612 1233 3578 5691 8913 8874 340519 64864 14316
internal_value=-1.68658e-06 -5.46968e-05 -0.000243981 0.00180206 0.00306291 0.00275996 -0.00830326 0.00340764 -0.0014342 0.00480934 0.00356752 0.00706241 -0.000421044 -0.000224477 0.00190421 -0.000433919 -0.0136496 0.00159671 -0.00109176 -0.00630493 0.0028783 0.00376736 -0.0081387 -0.00271768 -0.000388922 -0.000283839 -6.60017e-05 -0.000309436 -0.00294487 -0.00813197
internal_weight=1.2171e+06 1.20698e+06 1.09533e+06 111652 87621.4 86440.2 4774.09 81666.1 18334.3 63331.9 53766.4 24455 6813.97 1.09463e+06 98046.2 996587 3371.42 96781.3 43236.1 18689.1 24547 53545.2 17392 12149.4 993216 973509 899855 878869 73653.9 24699.4
internal_count=524637 522793 481698 41095 31488 29993 3885 26108 6298 19810 16229 6677 2263 477837 28457 449380 2954 27512 15828 8420 7408 11684 7988 4290 446426 440735 366958 358084 73777 17565
is_linear=0
shrinkage=0.04


Tree=132
num_leaves=31
num_cat=0
split_feature=14 7 11 10 8 4 11 9 10 11 10 10 7 11 7 11 10 9 11 8 10 9 11 14 8 9 8 7 8 9
split_gain=250.484 427.102 345.027 1584.06 370.471 553.7 303.768 1028.41 510.001 372.335 854.279 396.03 314.55 452.687 626.506 290.459 383.268 323.455 286.926 585.294 489.114 449.464 434.551 1030.93 590.571 527.524 488.598 411.281 285.019 280.347
threshold=1.0000000180025095e-35 7.2435336112976083 -0.96234029531478871 0.05372969992458821 19.125000000000004 13.58259963989258 0.47179406881332403 77.625000000000014 -0.86976337432861317 0.3624663800001145 -0.90163370966911305 -0.88622298836708058 0.4189229309558869 0.23118848353624347 0.074719235301017775 0.39430940151214605 -0.8940606117248534 75.375000000000014 0.44118724763393408 18.625000000000004 -0.86976337432861317 77.875000000000014 0.41005823016166693 2.8942959308624272 17.125000000000004 77.625000000000014 19.375000000000004 3.2766305208206181 20.625000000000004 76.375000000000014
decision_type=2 2 2 2 2 2 2 2 2 2 2 2 2 2 2 2 2 2 2 2 2 2 2 2 2 2 2 2 2 2
left_child=1 2 3 28 5 15 9 -8 -9 12 -11 -12 13 -6 29 -4 -17 -18 22 27 -21 -22 -2 24 -24 26 -26 -20 -1 -15
right_child=18 -3 4 -5 6 -7 7 8 -10 10 11 -13 -14 14 -16 16 17 -19 19 20 21 -23 23 -25 25 -27 -28 -29 -30 -31
leaf_value=-0.017871160950090524 7.7742003214212088e-05 -0.059592330333220138 0.0017130251684490164 0.032925398692854213 -0.0071223807375038039 0.034326756457987349 -0.064942923434345753 0.04722458948168818 -0.03614800295367461 -0.058143667713576361 0.0069758696369012973 -0.048926128979734404 0.00570430542633519 -0.019267313791112784 0.015140415225978145 -0.053245900230369132 0.01789570808781837 -0.046572702545357968 -0.015978389259673077 -0.055687502855087723 -0.070549621602251422 0.038901254876516439 0.04877900843245745 -0.038092976549069124 0.010083228727477286 0.034429841703681435 -0.037429285323737002 0.022908050907658083 -0.068256625598905316 -0.076773607201172211
leaf_weight=634.32213026285172 1176561.0646980256 205.216403901577 8291.5540093481541 1739.2769600749016 13779.608169078827 774.02052742242813 202.94052186608315 695.16332367062569 133.14994670450687 751.80734792351723 998.2445250749588 243.90022307634354 2795.0310299545527 211.80639605224133 261.50095123052597 362.85860472917557 410.78476537764072 166.86345126479864 993.37346670031548 684.49526550620794 74.6526949852705 196.91576799750328 873.87560936808586 549.06832399964333 1478.4675970375538 1026.5607923567295 441.30772599577904 758.48087476938963 247.10279887914658 414.00569652020931
leaf_count=526 477027 403 5130 499 11282 515 1388 554 707 3134 2025 1060 2670 575 360 899 697 671 2546 3452 827 355 240 1057 1258 682 941 1045 284 1828
internal_value=-1.61748e-06 -0.00342148 -0.00305548 0.0108457 -0.00425337 0.00205407 -0.00733347 0.013731 0.0335513 -0.00845647 -0.0247926 -0.00430379 -0.00657794 -0.00892083 -0.0364593 -0.000685906 -0.0216305 -0.00120271 9.46789e-05 -0.0128869 -0.0378833 0.00737678 0.000124555 0.0127014 0.0200823 0.0114348 -0.000976055 0.000892303 -0.0326037 -0.0579197
internal_weight=1.21696e+06 33319.2 33113.9 2620.7 30493.2 10006.1 20487.2 1031.25 828.313 19455.9 1993.95 1242.14 17462 14666.9 887.313 9232.06 940.507 577.648 1.18364e+06 2707.92 956.064 271.568 1.18093e+06 4369.28 3820.21 2946.34 1919.78 1751.85 881.425 625.812
internal_count=524637 35207 34804 1309 33495 7912 25583 2649 1261 22934 6219 3085 16715 14045 2763 7397 2267 1368 489430 8225 4634 1182 481205 4178 3121 2881 2199 3591 810 2403
is_linear=0
shrinkage=0.04


Tree=133
num_leaves=31
num_cat=0
split_feature=1 11 11 15 12 11 10 11 7 10 9 11 12 11 17 14 10 13 1 9 11 11 10 14 15 10 9 9 10 10
split_gain=241.593 541.226 552.779 434.214 365.787 361.062 617.42 594.934 679.776 350.19 343.996 317.45 402.731 309.246 301.3 276.077 485.231 1804.95 510.175 424.834 630.784 590.829 666.677 584.909 548.823 488.048 410.326 400.432 692.033 924.667
threshold=23.730864524841312 -0.98801845312118519 -0.99465739727020253 0.93750000000000011 31.101902961730961 -0.92602273821830738 -0.44600489735603327 -0.93845868110656727 22.865369796752933 -0.13505011796951291 73.375000000000014 -0.93237864971160878 18.337346076965336 -0.99907308816909779 28.550773620605472 17.912962913513187 0.088045001029968276 7.4806563854217538 0.48584608733654028 74.125000000000014 -0.99983122944831837 -0.99273797869682301 0.07089784182608129 11.075117588043215 1.0000000180025095e-35 0.27383534610271459 73.375000000000014 78.875000000000014 0.088045001029968276 0.1393099054694176
decision_type=2 2 2 2 2 2 2 2 2 2 2 2 2 2 2 2 2 2 2 2 2 2 2 2 2 2 2 2 2 2
left_child=15 2 3 -2 10 7 14 -3 11 -6 -4 -9 -13 -5 -7 19 18 -18 -17 20 -1 22 -22 26 -23 -26 -24 -21 -29 -30
right_child=1 5 4 13 9 6 -8 8 -10 -11 -12 12 -14 -15 -16 16 17 -19 -20 27 21 24 23 -25 25 -27 -28 28 29 -31
leaf_value=-0.023065476035320893 0.0029293656720088936 0.0030426827460595138 0.0008384804721458457 -0.0028826907145036995 0.015198635913572872 0.0012236427845939977 -0.0084248948966259684 0.030734109234491051 -7.4237308895342696e-05 -0.010251708145398884 -0.024496231848629132 -0.0064524605640835951 0.027536597253558677 -0.032388041991354449 0.0091385007625969603 -0.01204446596872784 0.033950251219024785 -0.0070344482138880882 -0.0020685492341523657 -0.00090035088063971746 0.0040753801429634431 -0.00050379318406734838 0.045442902692354306 -0.0037004081056373657 0.0056713937197623047 -0.0066945221988969315 0.017121183312177376 0.0025343936317207905 -0.025662533844097335 -0.0018855943938348059
leaf_weight=1609.6296125054359 14577.771549165249 40730.982459187508 1092.8619115352631 1310.715182363987 1192.4329233169556 82968.202579468489 10174.237074613571 3348.744621515274 3237.1993451118469 3074.8302819728851 3961.0491541624069 1071.5282319784164 1146.3563317060471 996.4504514336586 8472.7964182198048 9128.0995700508356 2653.4993391036987 4842.3087606430054 80173.44635027647 606778.08437547833 9809.9475027918816 98368.225690796971 1614.2133005857468 1008.5713255405426 51076.545676857233 5665.3132789731026 1689.3682380318642 135366.89664601535 2890.6647546291351 26776.951286494732
leaf_count=626 3355 8770 186 296 169 24766 2392 449 510 694 1576 298 155 344 1733 3808 370 1323 21690 321645 2765 42003 148 257 13893 1429 495 54938 1349 12205
internal_value=-1.75571e-06 0.00136269 -0.00394306 0.000374594 -0.0117563 0.00228279 0.000917632 0.00508252 0.0145057 -0.00312102 -0.019027 0.0229694 0.0111602 -0.0157106 0.00195794 -0.000234575 -0.00226877 0.00749995 -0.00308949 -2.56697e-05 0.00177917 0.00201682 0.00984674 0.0229365 0.00130335 0.00443577 0.0310553 -0.00042519 0.00132177 -0.00421017
internal_weight=1.21681e+06 177356 26206.1 16884.9 9321.17 151150 101615 49534.8 8803.83 4267.26 5053.91 5566.63 2217.88 2307.17 91441 1.03945e+06 96797.4 7495.81 89301.5 942654 170842 169232 14122.1 4312.15 155110 56741.9 3303.58 771813 165035 29667.6
internal_count=524637 45693 6620 3995 2625 39073 28891 10182 1412 863 1762 902 453 640 26499 478944 27191 1693 25498 451753 61616 60990 3665 900 57325 15322 643 390137 68492 13554
is_linear=0
shrinkage=0.04


Tree=134
num_leaves=31
num_cat=0
split_feature=16 11 11 9 11 11 8 17 12 8 10 10 10 7 8 2 6 3 10 10 4 11 16 7 4 10 10 10 10 10
split_gain=239.121 293.505 450.328 761.999 348.297 433.648 417.045 723.318 692.984 308.452 301.353 1372.78 1178.83 936.511 946.71 862.359 829.682 879.574 791.619 593.689 546.073 615.56 456.529 364.792 389.386 360.248 347.614 332.174 330.39 885.668
threshold=0.87207767367362987 0.37844388186931616 0.34638161957263952 75.375000000000014 -0.12758953124284741 -0.024725049734115597 19.375000000000004 13.148038864135744 23.481508255004886 17.625000000000004 -0.65962448716163624 -0.67245468497276295 -0.60639065504074086 1.700115501880646 18.375000000000004 0.75746899843215953 3.022411704063416 8.9419445991516131 -0.83904919028282154 -0.9599599540233611 6.2570648193359384 -0.99996069073677052 19.668462753295902 5.6908249855041513 1.0000000180025095e-35 -0.75648915767669667 -0.92599865794181813 -0.98930078744888295 -0.74512827396392811 -0.76762619614601124
decision_type=2 2 2 2 2 2 2 2 2 2 2 2 2 2 2 2 2 2 2 2 2 2 2 2 2 2 2 2 2 2
left_child=-1 2 4 -4 10 6 7 -6 -8 -3 11 13 -12 14 -2 -13 25 23 19 -16 21 -14 27 28 -25 -15 -24 -19 29 -18
right_child=1 9 3 -5 5 -7 8 -9 -10 -11 12 15 20 16 18 -17 17 22 -20 -21 -22 -23 26 24 -26 -27 -28 -29 -30 -31
leaf_value=-0.00039221906089861739 -0.0075672941481526139 0.0053447935465972618 -0.028468887304521826 0.042492968152624391 -0.010067149005373565 -0.00019985533110240681 -0.011647486015534248 0.02731352162257045 -0.053441575151932187 -0.038187553014629526 -0.013837049783420517 0.043122541795926929 -0.022995950037177949 -0.0062099900700901978 0.018330221764478415 0.0087828187277382043 0.0081405880334863671 0.022375356393484182 0.027313503287915632 -0.0082308615098470195 0.003600120209962926 -0.00027109169434134283 -0.0083766598576520239 -0.0050821875975981109 0.0045298887927008461 -0.025306185909685724 0.0086653119748459108 -0.0066374640043010361 -0.0091077757412726407 0.04278168453526357
leaf_weight=819247.36679014564 3231.0240595340729 441.90304075181484 316.40269988775253 945.77709126472473 4793.9854998886585 22777.223729014397 2925.0524370372295 990.9160578250885 803.94708114862442 616.5616142898798 9088.2127937674522 2065.8220002055168 1922.4526277184486 10771.969651818275 2883.4247507452965 2696.8099557757378 18626.671367883682 638.01712638139725 5751.709889113903 2510.1048856973648 76223.041192233562 145763.35901448131 2588.3029446601868 8506.5409660935402 32390.395709514618 1845.2076198458672 7281.220828473568 25261.9573315382 1495.3847828507423 1251.788189291954
leaf_count=383636 1680 494 406 409 2743 13456 2170 179 737 1552 4211 409 892 4692 849 769 6211 192 1467 1179 18712 50323 1016 3342 9954 1118 1755 9252 636 196
internal_value=-1.65328e-06 0.000803484 0.000859903 0.0246203 0.000783374 -0.00319687 -0.0103643 -0.003628 -0.0207768 -0.0201331 0.00113772 0.00268223 0.000277241 0.0018784 0.0114791 0.023737 0.000630186 0.00187297 0.0170025 0.00597655 0.000850717 -0.000568442 -0.00312543 0.00474419 0.00252983 -0.00902056 0.00419206 -0.00591441 0.008978 0.0103424
internal_weight=1.21665e+06 397405 396347 1262.18 395085 32291.1 9513.9 5784.9 3729 1058.46 362793 129796 232997 125034 14376.3 4762.63 110657 98040.3 11145.2 5393.53 223909 147686 35769.5 62270.8 40896.9 12617.2 9869.52 25900 21373.8 19878.5
internal_count=524637 141001 138955 815 138140 19285 5829 2922 2907 2046 118855 44717 74138 43539 5175 1178 38364 32554 3495 2028 69927 51215 12215 20339 13296 5810 2771 9444 7043 6407
is_linear=0
shrinkage=0.04


Tree=135
num_leaves=31
num_cat=0
split_feature=14 7 11 10 8 4 11 11 9 11 10 10 7 11 7 9 8 11 10 9 7 10 10 8 10 11 8 10 11 14
split_gain=226.424 405.519 319.682 1473.94 343.132 514.809 289.022 760.888 610.115 350.833 813.635 371.806 289.478 432.019 598.352 282.484 279.703 271.544 362.449 305.078 281.923 269.525 360.761 379.64 262.839 262.698 561.789 624.88 408.55 953.506
threshold=1.0000000180025095e-35 7.2435336112976083 -0.96234029531478871 0.05372969992458821 19.125000000000004 13.58259963989258 0.48689031600952154 0.47179406881332403 78.125000000000014 0.3624663800001145 -0.90163370966911305 -0.88622298836708058 0.4189229309558869 0.23118848353624347 0.074719235301017775 76.375000000000014 20.625000000000004 0.39430940151214605 -0.8940606117248534 75.625000000000014 0.20886936038732531 -0.98930078744888295 -0.98803845047950734 20.875000000000004 0.49531894922256475 0.44118724763393408 18.875000000000004 -0.86976337432861317 0.41005823016166693 2.8942959308624272
decision_type=2 2 2 2 2 2 2 2 2 2 2 2 2 2 2 2 2 2 2 2 2 2 2 2 2 2 2 2 2 2
left_child=1 2 3 16 5 17 7 9 -9 12 -11 -12 13 24 15 -15 -1 -4 -19 20 -20 -14 -23 -24 -6 28 -27 -28 -2 -30
right_child=25 -3 4 -5 6 -7 -8 8 -10 10 11 -13 21 14 -16 -17 -18 18 19 -21 -22 22 23 -25 -26 26 27 -29 29 -31
leaf_value=-0.017156322201917259 7.3130193046013853e-05 -0.058609314172708225 0.0016901001027773998 0.031871543338792295 -0.005646399957021252 0.033252318775761812 -0.051927934649833488 -0.040640876444602181 0.047946278862309628 -0.057041498058944672 0.0067375850246687331 -0.047746225770504198 -0.015530995080720991 -0.018528766602812163 0.014596802828721981 -0.076597830715018272 -0.067591070085884997 -0.05208404818393654 0.038430800693615506 -0.050101162527729885 -0.027986912274397285 0.053706093777493746 0.015058017521914579 -0.03086884452581741 -0.033648817521210239 -0.00037516636043729402 -0.063737951311378369 0.0116011548729588 0.019470382801590837 -0.036754795714319964
leaf_weight=633.00063991546631 1176232.6859746277 200.46047221124172 8291.5339901745319 1728.1371465325356 13224.770378917456 768.56822902709246 217.01843859255314 145.04226025938988 652.59964022040367 736.00962081551552 998.35934861004353 240.19663289189339 715.43667131662369 211.27048805356026 261.14292052388191 398.73123881220818 239.6360137462616 356.21397551894188 285.13565078377724 141.59341207891703 147.73732858151197 285.96231198310852 1444.2187324911356 349.34988683462143 549.60207906365395 1881.3872323930264 550.3298691958189 252.92677315324545 3793.8154164403677 543.35001291334629
leaf_count=526 477027 403 5130 499 10452 515 1522 658 469 3134 2025 1060 911 575 360 1828 284 899 357 605 406 32 1248 479 830 4094 3091 1040 3121 1057
internal_value=-1.55937e-06 -0.0032579 -0.00290424 0.0105304 -0.0040559 0.00201768 -0.00702562 -0.00651807 0.0315339 -0.00809682 -0.0240383 -0.0041264 -0.00627923 -0.00852981 -0.0356922 -0.0571092 -0.0316152 -0.00061857 -0.0209861 -0.0011417 0.0156427 0.00550208 0.0127779 0.00599086 -0.00678731 8.98943e-05 -0.0123852 -0.0401645 0.000118368 0.0123583
internal_weight=1.21648e+06 33221.7 33021.3 2600.77 30420.5 9990.78 20429.7 20212.7 797.642 19415.1 1974.57 1238.56 17440.5 14645.5 871.145 610.002 872.637 9222.21 930.68 574.466 432.873 2794.97 2079.53 1793.57 13774.4 1.18325e+06 2684.64 803.257 1.18057e+06 4337.17
internal_count=524637 35207 34804 1309 33495 7912 25583 24061 1127 22934 6219 3085 16715 14045 2763 2403 810 7397 2267 1368 763 2670 1759 1727 11282 489430 8225 4131 481205 4178
is_linear=0
shrinkage=0.04


Tree=136
num_leaves=31
num_cat=0
split_feature=0 14 4 9 8 9 10 10 4 3 7 10 8 11 10 10 4 9 10 9 11 8 11 11 8 14 7 10 10 7
split_gain=223.522 307.439 284.902 260.543 442.244 814.438 489.033 408.253 394.088 370.85 494.967 1327.11 1882.25 956.927 1823.58 1497.85 1207.51 1093.8 636.763 616.837 1029.77 560.611 547.397 798.491 814.376 569.323 596.62 545.551 1634.64 564.039
threshold=78.991691589355483 47.137434005737312 15.11068630218506 73.625000000000014 18.375000000000004 73.375000000000014 0.40318277478218084 -0.99630266427993763 40.184000015258796 1.0000000180025095e-35 3.2766305208206181 -0.99275806546211232 18.625000000000004 -0.71651923656463612 -0.72174841165542591 0.20706263184547427 0.11581129953265192 77.375000000000014 -0.99697706103324879 78.375000000000014 -0.99761277437210072 21.125000000000004 0.37844388186931616 0.34638161957263952 17.875000000000004 1.0000000180025095e-35 0.074719235301017775 -0.74512827396392811 -0.76762619614601124 0.29297381639480596
decision_type=2 2 2 2 2 2 2 2 2 2 2 2 2 2 2 2 2 2 2 2 2 2 2 2 2 2 2 2 2 2
left_child=1 3 -3 4 -1 6 7 -6 -9 10 11 12 18 15 22 19 -16 -18 -5 21 -21 -13 23 27 -25 26 -26 28 29 -15
right_child=-2 2 -4 9 5 -7 -8 8 -10 -11 -12 13 -14 14 16 -17 17 -19 -20 20 -22 -23 -24 24 25 -27 -28 -29 -30 -31
leaf_value=0.0036105494070758715 0.0034264701507206166 -0.0099754406618460141 -0.00077761420079311275 0.010857899030381764 -0.013065070071358969 -0.0084077117835001398 -0.020037618845355289 0.0040313418026474831 -0.0047978978193746764 -0.00089886363999518366 0.0023930642198975623 -0.0095970349007449118 -0.030102856114006534 -0.0058060754693787789 0.041606012970213241 0.0016181198430531818 -0.042223614265563904 0.035656042687462579 -0.016095693405684668 0.024801326559866319 -0.0045095832565011434 0.0037673655919371312 -0.0076817182557772637 -0.043443001375080843 -0.075163510786452267 0.032551003644729952 0.014640320629178832 -0.016624112381984156 0.023383013516768334 0.0029446803120625571
leaf_weight=79815.689441099763 29678.010378748178 9530.0881335735321 12385.159972786903 4123.7219214439392 2748.5626365542412 16849.388097815216 1643.7994436621666 52184.471003077924 9563.0745571404696 578366.22805128247 162378.91766154021 47740.245057046413 5675.4698614180088 14747.164545625448 3132.7715091109276 87386.518208354712 616.07220548391342 525.43861603736877 2112.5002995729446 2490.95991563797 8215.9028106927872 5607.0317167639732 8299.9582046791911 284.71192732453346 155.40923894941807 3075.8626348078251 408.02454508841038 2375.7712310552597 5711.1994216442108 58514.087852478027
leaf_count=18904 5838 2064 2276 1851 1284 5090 915 13317 2322 249376 67913 28258 6670 12788 647 43576 532 94 1423 549 2956 2483 18035 354 725 1701 568 1387 1534 29207
internal_value=-1.70962e-06 -8.74752e-05 -0.00478012 8.59105e-07 0.00148494 -0.00055958 0.00144073 0.00199117 0.00266337 -0.0002403 0.000658924 -0.000419185 -0.0134569 0.000204309 0.0032873 -0.00178771 0.0288064 -0.0063772 0.0017163 -0.00643367 0.0023264 -0.00819194 0.00211865 0.00307336 0.0206741 0.0257954 -0.0110086 0.00222192 0.0027909 0.00118264
internal_weight=1.21634e+06 1.18666e+06 21915.2 1.16475e+06 162805 82989.3 66139.9 64496.1 61747.5 1.00194e+06 423578 261199 11911.7 249287 97846.5 151441 4274.28 1141.51 6236.22 64054.1 10706.9 53347.3 93572.2 85272.2 3924.01 3639.3 563.434 81348.2 78972.5 73261.3
internal_count=524637 518799 4340 514459 41832 22928 17838 16923 15639 472627 223251 155338 9944 145394 67572 77822 1273 626 3274 34246 3505 30741 66299 48264 3348 2994 1293 44916 43529 41995
is_linear=0
shrinkage=0.04


Tree=137
num_leaves=31
num_cat=0
split_feature=10 7 12 9 12 9 8 10 3 3 10 10 11 4 9 12 14 12 9 10 11 7 11 11 14 10 11 10 13 13
split_gain=222.515 504.747 414.281 351.199 257.071 221.021 455.823 439.09 387.896 359.949 446.071 1834.48 1098 1183.88 1127.54 1113.17 956.501 808.504 650.992 687.672 684.574 831.808 867.953 1310.8 839.094 1579.85 826.088 1613.99 1104.45 1232.57
threshold=0.48030318319797521 0.087709460407495513 1.0000000180025095e-35 73.625000000000014 1.3001744747161867 73.625000000000014 19.125000000000004 -0.99630266427993763 14.656196117401125 1.0000000180025095e-35 -0.60639065504074086 -0.65962448716163624 -0.8349313735961913 0.10778025910258295 78.125000000000014 3.0449224710464482 2.5830919742584233 0.6431797742843629 74.625000000000014 -0.99904707074165333 -0.74008831381797779 2.7406146526336674 0.19758678972721103 0.0096758542931638675 2.6357603073120122 -0.9550008475780486 -0.36046156287193293 -0.91246706247329701 16.973855018615726 1.0000000180025095e-35
decision_type=2 2 2 2 2 2 2 2 2 2 2 2 2 2 2 2 2 2 2 2 2 2 2 2 2 2 2 2 2 2
left_child=5 3 -3 -2 -4 6 8 -8 -1 -7 11 18 -12 15 -15 16 -14 -16 19 -11 -20 -22 23 24 25 -23 27 28 29 -26
right_child=1 2 4 -5 -6 9 7 -9 -10 10 12 -13 13 14 17 -17 -18 -19 20 -21 21 22 -24 -25 26 -27 -28 -29 -30 -31
leaf_value=0.0042942942803377805 -0.054315014402252101 0.011847030848870201 -0.040919381056917441 -0.012941315144318325 0.0070805937129455329 0.00069636833414402435 -0.022427293834622511 -0.0013415721456011586 0.00019070952315614805 0.0097775795803523961 -0.00053321653870401313 -0.015416885167908021 -0.0010281636613862892 -0.0051147104246683037 -0.013343943402262477 -0.0032959751749774766 0.040445212181694092 0.019280881062527715 0.014434893578681812 -0.0062834682592600253 0.00452588170342191 0.0033792807994933779 -0.019022123769184673 0.0094385769140352491 0.049301788635172573 -0.0229357063080682 -0.0059318452201172159 -0.001607341615365316 0.02976006119463102 0.00073566709096186669
leaf_weight=78945.527176074684 354.32688963413239 2600.8025739192963 441.64216512441635 3484.2748855054379 290.93193060159683 419507.17227659374 1623.1270585656166 48781.427772529423 69123.604610994458 4631.3054784536362 277529.69317948818 15354.388870418072 1135.8726451992989 11893.332093060017 1452.4323357343674 2053.0502806305885 4088.0682654976845 7247.1790693998337 4992.2405194044113 52792.824339866638 41498.117977425456 6439.3409448564053 4545.9823300763965 16287.878802627325 917.72048771381378 8410.9486999511719 44391.576369643211 72404.735729932785 4425.0003574490547 8470.3566870689392
leaf_count=19958 366 1558 428 3606 138 218822 900 12710 14067 2035 101728 8485 586 5268 626 794 781 1617 1697 26354 22741 3322 8150 7455 146 4984 24126 27012 842 3335
internal_value=-1.66749e-06 -0.00702158 0.0043609 -0.0168916 -0.0220182 4.00354e-05 0.00126035 -0.00202489 0.00237875 -0.000199666 -0.000835736 -0.0019722 0.000226937 0.00779404 0.0028893 0.0216508 0.0314427 0.013825 -0.00120767 -0.00498665 -0.000187646 -0.000539633 -0.00180392 -0.00131884 -0.00252398 -0.0115305 -0.00149913 0.000783595 0.0133084 0.0055306
internal_weight=1.21611e+06 7171.98 3333.38 3838.6 732.574 1.20894e+06 198474 50404.6 148069 1.01047e+06 590962 285562 305400 27869.9 20592.9 7276.99 5223.94 8699.61 270208 57424.1 212784 207792 166294 161748 145460 14850.3 130609 86217.8 13813.1 9388.08
internal_count=524637 6096 2124 3972 566 518541 47635 13610 34025 470906 252084 140684 111400 9672 7511 2161 1367 2243 132199 28389 103810 102113 79372 71222 63767 8306 55461 31335 4323 3481
is_linear=0
shrinkage=0.04


Tree=138
num_leaves=31
num_cat=0
split_feature=2 14 11 11 11 8 10 10 10 10 14 10 4 14 4 8 10 10 10 10 9 4 7 6 10 7 10 14 10 9
split_gain=219.712 731.892 420.285 898.728 404.482 378.415 342.326 680.021 736.021 552.812 946.961 914.428 1432.99 676.383 674.705 582.797 567.225 585.338 1355.35 1139.87 738.855 542.255 537.676 534.176 811.075 728.484 694.19 572.453 554.234 529.317
threshold=1.1701136827468874 16.427892684936527 -0.98932650685310353 -0.99375280737876881 -0.96904978156089772 16.125000000000004 0.32308141887187963 -0.01505099539645016 -0.38341410458087916 -0.47652685642242426 6.4590606689453134 -0.50648479163646687 0.70526751875877391 7.8828084468841562 31.890460014343265 19.625000000000004 -0.99993467330932606 -0.80987083911895741 -0.7785360813140868 -0.84828248620033253 78.875000000000014 8.6661963462829608 5.890758991241456 9.4683594703674334 -0.74512827396392811 5.372514247894288 -0.60639065504074086 29.392488479614261 -0.68508586287498463 78.875000000000014
decision_type=2 2 2 2 2 2 2 2 2 2 2 2 2 2 2 2 2 2 2 2 2 2 2 2 2 2 2 2 2 2
left_child=1 5 3 -3 -4 -1 7 8 9 11 -11 14 -13 15 16 -14 -2 19 29 -18 23 -9 -22 24 25 -20 -26 -25 -29 -19
right_child=6 2 4 -5 -6 -7 -8 21 -10 10 -12 12 13 -15 -16 -17 17 18 20 -21 22 -23 -24 27 26 -27 -28 28 -30 -31
leaf_value=0.0088096401851408528 -0.023824398772200963 -0.012348847302281505 -0.036454114631944264 0.034030855578665066 -0.0099956987332790962 -0.00045643117165597202 0.0068077549192851021 -0.0043591349198561684 0.0032322418904749506 0.0065968271082011342 -0.0075611848436297861 -0.016759770944233022 0.012048864477339034 0.016196366233628686 -0.0048760520306172887 -0.032057498305849218 0.00087165049099869273 -0.011710412570353781 0.013387073542563173 0.0098862173694690813 0.01886184762138509 0.0037743126538912486 0.0031175472379574532 0.0036666915806756037 -0.01529163284491099 -0.013671104401906694 -0.0018459669910484105 -0.036479058242644233 -0.0044553234724448 -0.036837174265137551
leaf_weight=7135.4861199110746 1496.2965103387833 1786.3172517418861 992.73048835992813 1054.9947107434273 12181.858933612704 537600.79216967523 13455.6000841856 72590.370567202568 154116.41339713335 9796.6250845789909 32982.868427157402 2967.3415194153786 993.55845588445663 14974.541552305222 39975.75877443701 909.15577679872513 165472.25376138836 7975.868966460228 5391.277209341526 25955.471343696117 4203.8784211874008 15998.653582274914 19708.220725774765 29014.067456901073 14176.964705884457 2248.1453822255135 10842.055653810501 971.60080301761627 7298.4087466001511 1608.0492379665375
leaf_count=2567 1254 623 465 144 4990 291628 4459 26398 40098 3710 9349 1309 398 2833 12505 493 73081 3252 1741 6868 1010 4017 5730 9007 7974 995 4899 367 1693 780
internal_value=-1.58106e-06 -0.000582765 -0.00900789 0.00493115 -0.0120155 -0.000334896 0.000495884 0.000363422 0.000884583 -2.23596e-05 -0.00431818 0.000493698 0.00883531 0.0133427 1.27914e-06 -0.00908348 0.000659315 0.000784361 -0.00163998 0.00209438 -0.000176119 -0.00289002 0.00589221 -0.00225132 -0.00598555 0.00541687 -0.00946799 0.00102035 -0.00825714 -0.0159603
internal_weight=1.21588e+06 560752 16015.9 2841.31 13174.6 544736 655123 641668 553079 398962 42779.5 356183 19844.6 16877.3 336338 1902.71 296363 294866 103439 191428 93854.6 88589 23912.1 69942.5 32658.4 7639.42 25019 37284.1 8270.01 9583.92
internal_count=524637 300417 6222 767 5455 294195 224220 219761 189346 149248 13059 136189 5033 3724 131156 891 118651 117397 37448 79949 33416 30415 6740 26676 15609 2736 12873 11067 2060 4032
is_linear=0
shrinkage=0.04


Tree=139
num_leaves=31
num_cat=0
split_feature=8 11 10 9 0 14 11 2 17 8 11 11 10 13 14 7 9 11 4 14 8 9 8 12 14 13 10 7 10 13
split_gain=213.715 295.499 456.642 308.715 319.321 308.49 319.841 382.86 340.532 283.46 278.92 1041.7 926.523 899.028 1000.23 1395.17 1061.09 798.948 771.385 727.995 713.754 697.52 659.413 944.644 626.068 1440.99 961.824 845.361 845.002 822.873
threshold=16.875000000000004 0.41005823016166693 -0.88622298836708058 74.125000000000014 4.9743006229400644 15.796020507812502 -0.49998149275779719 0.26248148083686834 -0.13196247071027753 16.375000000000004 0.078402601182460799 0.026874557137489322 -0.99549928307533253 15.706592082977297 6.2246580123901376 11.596426963806154 75.125000000000014 0.0096758542931638675 0.18966478109359744 3.6176694631576543 20.875000000000004 78.625000000000014 20.375000000000004 0.017557770013809208 3.38470470905304 0.41770377755165106 -0.99275806546211232 0.24982666224241259 -0.96235975623130787 0.20838345587253573
decision_type=2 2 2 2 2 2 2 2 2 2 2 2 2 2 2 2 2 2 2 2 2 2 2 2 2 2 2 2 2 2
left_child=1 3 -3 5 -5 6 -1 -8 -9 -7 11 12 13 14 15 16 -2 -15 -16 20 -13 -17 -18 -24 26 -26 29 -28 -27 -12
right_child=10 2 -4 4 -6 9 7 8 -10 -11 24 19 -14 17 18 21 22 -19 -20 -21 -22 -23 23 -25 25 28 27 -29 -30 -31
leaf_value=0.0082939736045949414 -0.0021613462225094447 0.031510701906203233 -0.030121955997312981 -0.0067111819133681347 0.0031488487283844653 -0.0025401934673791181 0.0097490453491746662 -0.013592176609444635 0.0024099564579708223 0.0042501224832276179 -0.033540917193593797 0.0050098186727267667 4.5625583149963835e-05 -0.035151202760066884 0.014448304908632612 -0.010721076965109811 -0.032762730091938155 0.013973560344662387 -0.0056280127726241989 0.016176040383240105 -0.027596631815049701 0.044574213849733563 -0.047043986526793563 0.0035867012892031743 -0.043658314359755541 -0.0014162012411437839 -0.0077197791709354806 0.004367189707234452 -0.021344083067280351 -0.0026145389083317106
leaf_weight=22717.796641469002 5967.0669916272163 1073.0753005743027 225.5261611789465 12848.652029305696 8879.5553539991379 23359.33914399147 4636.1264148056507 3726.0339499115944 4937.0072901248932 16975.79219275713 2397.9879832863808 10790.388851821423 980657.90673777461 2839.5541998147964 5907.2217417359352 566.91444498300552 5304.8970285058022 644.89658975601196 6338.0552754104137 10555.035069346428 1182.8025352954865 998.4431873857975 783.71019527316093 2288.0495302081108 1661.9659368023276 18153.257188275456 12053.565353810787 39805.305768854916 4180.8741545677185 3218.0695140361786
leaf_count=5138 3622 567 609 6400 2847 4742 1857 1790 1697 3270 2955 5212 378360 1910 3099 334 5931 185 4113 3396 1112 271 1306 1909 3132 10919 20605 37588 7677 2084
internal_value=-1.57616e-06 0.00177584 0.0206587 0.00152374 -0.00268214 0.00272084 0.00541095 0.000483617 -0.00448041 0.000317983 -0.000159826 1.75941e-05 -0.00017177 -0.00690793 -0.00453103 -0.0111426 -0.0150585 -0.0260453 0.00406085 0.0085229 0.00176837 0.0246074 -0.0242322 -0.00944164 -0.0024131 -0.00783836 -0.000147049 0.00155687 -0.00515452 -0.0158559
internal_weight=1.21567e+06 99378.9 1298.6 98080.3 21728.2 76352.1 36017 13299.2 8663.04 40335.1 1.1163e+06 1.03482e+06 1.0123e+06 31638.8 28154.4 15909.1 14343.7 3484.45 12245.3 22528.2 11973.2 1565.36 8376.66 3071.76 81471 23996.1 57474.9 51858.9 22334.1 5616.06
internal_count=524637 28917 1176 27741 9247 18494 10482 5344 3487 8012 495720 410760 401040 22680 20585 13373 12768 2095 7212 9720 6324 605 9146 3215 84960 21728 63232 58193 18596 5039
is_linear=0
shrinkage=0.04


Tree=140
num_leaves=31
num_cat=0
split_feature=17 10 9 8 11 10 7 11 12 10 14 10 10 1 14 14 11 14 14 14 3 10 11 12 7 10 10 10 12 4
split_gain=214.576 249.303 229.151 371.693 351.392 336.613 345.221 282.416 321.322 425.655 575.445 296.8 369.493 486.027 550.081 474.555 349.624 446.365 379.805 724.341 274.64 633.697 380.876 352.908 310.141 376.344 547.525 542.975 289.882 272.605
threshold=35.685699462890632 0.019350802991539243 79.875000000000014 20.625000000000004 0.48689031600952154 0.30675521492958074 1.0000000180025095e-35 0.39430940151214605 0.083666559308767333 -0.99054482579231251 5.4751389026641855 -0.55028682947158802 -0.59262362122535694 11.079886913299562 19.237435340881351 9.8020558357238787 -0.91249075531959523 36.815074920654304 19.738782882690433 7.3064737319946298 0.78372642397880565 -0.97876849770545948 -0.041917072609066956 3.4435561895370488 7.1595652103424081 -0.94705909490585316 -0.87395131587982167 -0.84828248620033253 8.2573485374450701 46.237693786621101
decision_type=2 2 2 2 2 2 2 2 2 2 2 2 2 2 2 2 2 2 2 2 2 2 2 2 2 2 2 2 2 2
left_child=2 -2 4 7 -1 6 -5 8 9 10 -4 12 13 14 20 -14 18 -18 19 -13 21 22 -10 -23 -22 -26 28 -28 -27 -8
right_child=1 -3 3 5 -6 -7 29 -9 11 -11 -12 16 15 -15 -16 -17 17 -19 -20 -21 24 23 -24 -25 25 26 27 -29 -30 -31
leaf_value=-0.0002084519321138624 0.0084407242381186603 -0.0090917780327232998 -0.052462055649915344 0.02497515924447018 -0.02890120499026641 -0.020309771305754572 -0.0024333687502238253 0.023996468650274771 -0.034412502248724115 -0.00075181746795630153 0.0074701747042811208 0.0069235628634452644 0.0014633805597188596 -0.0021188687822093657 -0.0091398368483508446 0.036861638296858942 -0.011895074929695262 0.023289713400081347 0.012622565416525578 -0.0088052022316157871 -0.002508451988969674 0.032312449421166088 0.0091894008517438026 0.012586481018201465 0.023271132433973923 -0.040211088897510842 0.037393547385620021 0.0039999253671352993 0.0020736844226403846 0.013648307161038591
leaf_weight=1093217.9987022206 8589.8862941861153 1519.7760674953461 602.92454192042351 794.24350741505623 673.34430168569088 1485.9956750273705 30796.311227582395 1024.3615674972534 509.84181320667267 10619.444430828094 436.77064618468285 11716.185129582882 1068.7045514583588 9389.1997475028038 2425.1292102336884 1392.0505845546722 4952.9788477420807 643.41036379337311 5395.7045869827271 7791.2313668727875 3586.494300916791 3048.2691151201725 828.15475195646286 2800.529201105237 2866.6903191506863 552.39391922950745 993.53616225719452 3496.4992170333862 479.7479282617569 1774.3014563769102
leaf_count=477837 1537 307 723 658 3861 1150 11429 1300 357 5602 243 3341 297 3195 901 177 1696 113 1155 2325 1486 676 417 817 945 280 148 1030 146 488
internal_value=-1.61823e-06 0.0057987 -5.03146e-05 0.0016773 -0.000226378 -0.00174716 -0.00091459 0.00323495 0.00295048 -0.00315441 -0.0274535 0.00406405 0.00666634 0.00547692 0.00878009 0.0215563 0.00120986 -0.00781559 0.00324044 0.000640226 0.0110516 0.017231 -0.00755708 0.0229048 0.00733185 0.0115368 0.00541426 0.0114558 -0.0207255 -0.00155339
internal_weight=1.21547e+06 10109.7 1.20536e+06 111471 1.09389e+06 34850.9 33364.9 76620.3 75595.9 11659.1 1039.7 63936.8 33437.2 30976.5 21587.3 2460.76 30499.5 5596.39 24903.1 19507.4 19162.2 7186.79 1338 5848.8 11975.4 8388.87 5522.18 4490.04 1032.14 32570.6
internal_count=524637 1844 522793 41095 481698 13725 12575 27370 26070 6568 966 19502 10872 10398 7203 474 8630 1809 6821 5666 6302 2267 774 1493 4035 2549 1604 1178 426 11917
is_linear=0
shrinkage=0.04


Tree=141
num_leaves=31
num_cat=0
split_feature=8 14 10 8 9 2 7 9 8 10 3 3 9 11 10 10 10 17 1 14 4 13 10 11 10 13 9 10 14 10
split_gain=209.467 275.601 248.443 417.404 444.128 295.048 240.927 226.039 416.321 400.465 355.927 347.781 503.966 677.155 644.749 622.397 505.007 1337.23 882.817 653.987 552.153 1166.23 818.102 798.456 1224.41 1179.1 857.498 790.368 620.27 614.006
threshold=15.875000000000002 2.6357603073120122 0.48030318319797521 20.875000000000004 73.375000000000014 0.10778251662850381 0.85701349377632152 73.625000000000014 19.125000000000004 -0.99630266427993763 14.656196117401125 1.0000000180025095e-35 75.625000000000014 0.29753153026103979 0.38738232851028448 -0.90893998742103566 0.019350802991539243 -10.266160011291502 2.6490254402160649 15.796020507812502 0.77356511354446422 1.8673717975616457 -0.99985146522521962 -0.96234029531478871 -0.35141934454441065 16.32796669006348 77.375000000000014 -0.11798679083585738 9.1623287200927752 -0.36747109889984125
decision_type=2 2 2 2 2 2 2 2 2 2 2 2 2 2 2 2 2 2 2 2 2 2 2 2 2 2 2 2 2 2
left_child=1 -1 7 4 -4 6 -6 8 10 -10 -2 -9 13 -13 16 -15 20 19 -19 -18 21 22 -14 26 25 -25 -22 -28 -26 -27
right_child=2 -3 3 -5 5 -7 -8 11 9 -11 -12 12 14 15 -16 -17 17 18 -20 -21 23 -23 -24 24 28 29 27 -29 -30 -31
leaf_value=0.018832352803396041 0.0041186721352072242 0.0026135649137851193 -0.049677727136481303 -0.03759332679723297 -0.0078158423576682699 0.028530890524796317 0.01623234971246016 0.00061586563468844834 -0.021455335695325976 -0.0012745686076960695 0.00018719114171582044 -0.0022906816820285974 -0.038755248539825565 -0.038138426512020873 0.027456299123827996 0.001416008168413927 -0.0061487745344355896 -0.0021763067318040495 -0.015269748171833486 0.028689083736131375 0.013403369125559037 -0.00012171821610898397 0.0083932529880594541 -0.0030887874434652996 -0.0044535194838221962 0.0039050466066685779 0.0054171890801965883 -0.011633011684063221 -0.025766367685635734 0.025342454131902656
leaf_weight=1892.0441706031561 78918.328857637942 14172.897477194667 318.52902734279633 660.40961340069771 4786.1571249961853 459.8498443365097 764.6191648542881 416960.91854790598 1615.8247181177139 48767.613383904099 69102.454624921083 189651.11919994652 587.40930944681168 1608.6788790822029 1347.2376190423965 1047.8336216434836 1260.3734403848648 23021.246046543121 12825.020796895027 2697.8695623278618 11686.853353381157 101660.07850943506 42354.918693393469 125636.00047425926 3854.6065267324448 30854.423301234841 12976.358837664127 6531.0580208897591 5048.5795073509216 2287.5126316547394
leaf_count=669 19958 3462 336 1008 4185 156 363 218091 900 12710 14067 86663 810 2899 446 1899 543 10078 6443 494 3823 39368 19921 56320 1517 9275 3441 2525 1933 334
internal_value=-1.52102e-06 0.00453426 -6.23167e-05 -0.00757624 -0.00438977 -0.00191124 -0.00447997 -1.82051e-05 0.00121445 -0.00192591 0.00228342 -0.00026428 -0.000900374 -0.00257225 -6.44215e-05 -0.0225898 -0.000161871 -0.00442641 -0.00686381 0.0176086 0.000332448 0.00221317 0.00773943 -0.00103507 -0.00212828 -0.00131838 0.00484019 -0.000294232 -0.0165544 0.00539189
internal_weight=1.21536e+06 16064.9 1.19929e+06 6989.56 6329.16 6010.63 5550.78 1.1923e+06 198404 50383.4 148021 993898 576937 192308 384630 2656.51 383282 39804.5 35846.3 3958.24 343478 144602 42942.3 198875 167681 158778 31194.3 19507.4 8903.19 33141.9
internal_count=524637 4131 520506 6048 5040 4704 4548 514458 47635 13610 34025 466823 248732 91461 157271 4798 156825 17558 16521 1037 139267 60099 20731 79168 69379 65929 9789 5966 3450 9609
is_linear=0
shrinkage=0.04


Tree=142
num_leaves=31
num_cat=0
split_feature=16 11 11 8 17 12 9 10 10 10 10 10 10 7 8 2 6 3 10 10 4 11 16 7 4 10 10 10 13 10
split_gain=207.75 265.61 419.609 388.36 655.272 654.903 323.518 333.006 419.82 766.144 275.611 1256.05 1017.09 831.36 864.453 810.111 757.596 782.188 722.777 550.082 478.804 568.952 414.635 335.901 356.289 324.221 312.038 411.364 311.809 484.419
threshold=0.87207767367362987 -0.12758953124284741 -0.024725049734115597 19.375000000000004 13.148038864135744 25.335052490234379 77.625000000000014 -0.99940761923789967 -0.93545487523078907 -0.97113886475563038 -0.65962448716163624 -0.67245468497276295 -0.60639065504074086 1.700115501880646 18.375000000000004 0.75746899843215953 3.022411704063416 8.9419445991516131 -0.83904919028282154 -0.9599599540233611 6.2570648193359384 -0.99996069073677052 25.281132698059086 5.6908249855041513 1.0000000180025095e-35 -0.74512827396392811 -0.98930078744888295 -0.92599865794181813 7.7156839370727548 -0.80987083911895741
decision_type=2 2 2 2 2 2 2 2 2 2 2 2 2 2 2 2 2 2 2 2 2 2 2 2 2 2 2 2 2 2
left_child=-1 10 3 4 -3 -5 -4 -8 9 -9 11 13 -12 14 -2 -13 25 23 19 -16 21 -14 26 -18 -25 -15 -19 -28 -29 -30
right_child=1 2 6 5 -6 -7 7 8 -10 -11 12 15 20 16 18 -17 17 22 -20 -21 -22 -23 -24 24 -26 -27 27 28 29 -31
leaf_value=-0.00036576975288050295 -0.0073553297963801058 -0.00939715273915347 -0.0022005728615317934 -0.011578791102535409 0.026292702561085807 -0.054144135262767346 0.03022438624957036 0.0054631899742215041 0.035038795757444778 -0.053334702508850328 -0.012882994620123465 0.04171540508759386 -0.022154658686938868 -0.0063243736670694755 0.017527177714285979 0.008298519184390684 0.0085675463674074488 0.021665132725868383 0.026047117886767723 -0.0080563098250702528 0.0033536471451713853 -0.0002655725888829533 0.0054546076918870106 -0.0049072413789241175 0.0042903452520265542 -0.026564268646887119 -0.014161034449581564 -0.0091726565884853381 0.0074465678797805673 -0.0084382586129699375
leaf_weight=818251.42554997653 3228.5452995300293 4782.4868929684162 19903.047797575593 2988.9252199232578 983.9011977314949 709.86219274997711 955.75838375091553 3196.9541388750076 592.65814852714539 388.65426506102085 9063.465096950531 2038.7084560394287 1915.0498815178871 11175.271662592888 2876.323311984539 2692.7652369737625 21341.234117746353 668.71288824081421 5708.2561527490616 2509.3405802249908 76165.312691926956 145697.16703680158 7466.5491762161255 8501.4509614109993 32358.935208141804 1420.3012540340424 7005.6984889507294 7906.7680232524872 7492.3949834704399 5191.2914482355118
leaf_count=383636 1680 2743 12958 2237 179 670 401 1636 511 811 4211 409 892 4890 849 769 7043 202 1467 1179 18712 50323 2019 3342 9954 920 3347 3121 1962 1564
internal_value=-1.50202e-06 0.000749416 -0.00260371 -0.00977329 -0.00327253 -0.0198718 0.000109548 0.00905205 0.00414838 -0.00104069 0.00106869 0.00254724 0.000245767 0.00177967 0.0108436 0.0227549 0.000604269 0.00179216 0.0161417 0.00561423 0.000778062 -0.000551033 -0.00292389 0.00450131 0.00237595 -0.00862593 -0.00513833 -0.00579545 -0.00294365 0.00094356
internal_weight=1.21518e+06 396926 34502.2 9465.18 5766.39 3698.79 25037.1 5134.02 4178.27 3585.61 362424 129583 232841 124851 14322.5 4731.47 110529 97933 11093.9 5385.66 223778 147612 35731.4 62201.6 40860.4 12595.6 28264.9 27596.2 20590.5 12683.7
internal_count=524637 141001 22146 5829 2922 2907 16317 3359 2958 2447 118855 44717 74138 43539 5175 1178 38364 32554 3495 2028 69927 51215 12215 20339 13296 5810 10196 9994 6647 3526
is_linear=0
shrinkage=0.04


Tree=143
num_leaves=31
num_cat=0
split_feature=9 8 10 11 7 11 11 12 10 14 3 13 10 13 10 14 4 10 10 10 5 3 9 14 11 10 15 10 10 13
split_gain=199.915 489.933 434.191 353.466 323.037 376.98 288.4 442.882 390.153 567.427 312.529 612.666 388.811 468.926 428.91 1048.75 370.663 422.71 436.845 288.269 298.437 282.127 279.078 595.142 723.187 841.093 613.252 562.419 1183.6 753.624
threshold=79.625000000000014 20.625000000000004 0.30675521492958074 0.48689031600952154 1.0000000180025095e-35 0.23118848353624347 0.39430940151214605 0.01483433321118355 -0.99054482579231251 6.8699676990509042 0.23523931205272677 14.613428115844728 -0.13505011796951291 8.3253393173217791 -0.20285348594188687 20.227928161621097 1.0000000180025095e-35 -0.96235975623130787 -0.89015004038810719 -0.98370367288589466 1.3280879855155947 0.22356953471899035 74.125000000000014 17.912962913513187 -0.31186713278293604 -0.99166062474250782 1.0000000180025095e-35 0.22386012226343158 -0.01505099539645016 4.8132455348968515
decision_type=2 2 2 2 2 2 2 2 2 2 2 2 2 2 2 2 2 2 2 2 2 2 2 2 2 2 2 2 2 2
left_child=3 6 4 22 5 -3 7 8 9 -2 11 16 14 -14 -12 -16 -9 -18 -19 -10 -21 -8 23 26 27 -26 -1 28 -25 -30
right_child=1 2 -4 -5 -6 -7 21 10 19 -11 12 -13 13 -15 15 -17 17 18 -20 20 -22 -23 -24 24 25 -27 -28 -29 29 -31
leaf_value=0.00037898118187992911 -0.047035613747792526 0.033696511883140004 -0.019608701792319581 -0.029633339449322813 -0.0015326190486260785 -0.023237352144544973 0.0080520271843460452 0.0044943796455242588 0.022110032501723959 0.012326298150851525 0.0027267951110286088 -0.0063826517961277042 0.00097909586418254055 -0.02054589831026649 -0.0031460344017714948 0.049007997526878136 -0.0017258586397060857 0.036995302811331843 0.0148135390573321 0.00015125652922574458 -0.015850244039427346 0.048647086357632756 -0.00058987934566720923 0.00051719724667538471 0.0011072004125444001 -0.025363466838359307 0.0050003922126729073 0.015575771270455766 0.022847953431372265 -0.014071993426070855
leaf_weight=114249.87079709768 735.61955139040947 809.88211980462074 2092.8278021812439 641.85127252340317 45575.494950927794 232.94404970109463 772.93536108732224 8621.2869919985533 733.12613818049431 388.33356791734695 45514.514591977 4033.8795554935932 4755.3205808401108 2444.8589869737625 1404.1778709888458 1088.7267529964447 1875.9590566456318 1758.2679061591625 7409.6352183222771 7758.9489259719849 2444.8563866615295 418.63526977598667 753272.03927264363 103549.46620118618 3566.2647579312325 4149.9770889282227 76833.237698286772 3365.7906478643417 937.33885383605957 13581.386385202408
leaf_count=45787 868 262 1610 3773 16724 682 1347 3119 318 209 13937 1284 1567 984 364 90 915 319 1745 4692 1077 213 377016 19747 1184 1648 19502 462 165 3027
internal_value=-1.43711e-06 0.00141532 -0.00182913 -0.000187251 -0.00102692 0.0208788 0.0031302 0.00287271 -0.00426357 -0.0265978 0.00396389 0.00780527 0.00231379 -0.00634819 0.00361397 0.019736 0.0107174 0.0155668 0.0191033 -0.00194616 -0.00369451 0.0226005 -0.000169369 0.000819767 -0.00127767 -0.0131438 0.00223738 -0.000522644 -0.000982844 -0.0116743
internal_weight=1.21502e+06 140870 48711.1 1.07415e+06 46618.3 1042.83 92159.1 90967.5 12060.9 1123.95 78906.6 23699 55207.6 7200.18 48007.4 2492.9 19665.1 11043.9 9167.9 10936.9 10203.8 1191.57 1.07351e+06 320233 129150 7716.24 191083 121434 118068 14518.7
internal_count=524637 52326 19278 472311 17668 944 33048 31488 7164 1077 24324 7382 16942 2551 14391 454 6098 2979 2064 6087 5769 1560 468538 91522 26233 2832 65289 23401 22939 3192
is_linear=0
shrinkage=0.04


Tree=144
num_leaves=31
num_cat=0
split_feature=5 8 14 10 10 11 14 10 11 10 14 10 14 4 10 14 6 10 10 10 8 13 9 1 8 7 1 12 10 9
split_gain=201.994 320.549 458.714 326.825 510.734 322.919 262.29 245.093 219.957 576.769 1496.24 808.409 464.547 762.702 647.369 1040.06 611.763 741.897 601.589 631.403 1524.39 708.768 599.374 524.881 520.146 472.099 423.545 417.127 414.919 591.852
threshold=48.28450012207032 19.125000000000004 30.915412902832035 -0.94975915551185597 -0.47652685642242426 -0.99907308816909779 47.137434005737312 -0.89015004038810719 -0.90892156958580006 -0.16905184835195539 0.42155498266220098 -0.31900864839553827 16.109537124633793 1.0000000180025095e-35 -0.20285348594188687 5.1357336044311532 4.2449898719787607 -0.23641503602266309 -0.3992436677217483 -0.30265928804874415 20.375000000000004 0.41770377755165106 74.375000000000014 4.1490578651428232 18.375000000000004 13.369623661041262 28.918125152587894 0.92995986342430126 -0.31900864839553827 74.125000000000014
decision_type=2 2 2 2 2 2 2 2 2 2 2 2 2 2 2 2 2 2 2 2 2 2 2 2 2 2 2 2 2 2
left_child=6 2 7 -3 -5 -6 8 -2 9 10 11 -1 13 18 16 24 17 -15 -12 20 21 -20 25 -14 -16 -18 -24 -17 29 -23
right_child=1 3 -4 4 5 -7 -8 -9 -10 -11 12 -13 23 14 15 27 22 -19 19 -21 -22 28 26 -25 -26 -27 -28 -29 -30 -31
leaf_value=0.00059954479616012798 0.024180972945874443 -0.024155910442963325 0.0018661577412773958 0.0069499077690978114 0.013006702176785921 -0.010758842976321925 -0.0064476472599771188 0.0085144512327975271 -0.00050575577864725647 -0.00038379545878143329 -0.024117871738431697 -0.03280029476125753 -0.012026175943683768 0.013620139294651902 0.020074386727481613 0.0042235861218096801 0.0026047556994825789 -0.0098658957815005478 0.024994814215641172 -0.0032231720204251584 0.021640450784095783 0.013999306127878298 -0.0020206951823102258 0.0014604454151882671 -0.012960940939095014 0.021262986945670265 0.013695648520241846 0.028850158630579558 0.0081077441775391466 -0.016653387418161986
leaf_weight=1945.9976860880852 2024.8238721489906 1028.8977582454681 31804.618241548538 7018.7333760261536 1039.7580215930939 7169.1771830916405 10365.7806609869 7553.6127064228058 695115.25417941064 300949.04092037678 1540.7893024086952 2857.4787756800652 5450.4631263017654 18845.432793557644 1126.2223173379898 1343.7449949383736 4481.7324681282043 2422.0311187505722 1301.6585776209831 22034.830073952675 6858.0806883573532 1213.3048402070999 25651.135274887085 29887.181839823723 2309.3774599432945 4201.8905531167984 3062.0266125202179 6164.8304837942123 2348.3112777471542 5756.3949843049049
leaf_count=1046 339 494 5390 1584 184 1815 2197 1189 346002 117140 784 2352 1798 6257 400 391 1175 1079 404 8795 1559 265 8783 6210 1060 522 710 1069 819 2825
internal_value=-1.34467e-06 0.00230952 0.00417884 -0.00244872 -0.000967123 -0.00773649 -0.000116463 0.011848 -5.91843e-05 0.000627956 0.00264694 -0.0192961 0.00337016 0.00464509 0.00719503 0.0161226 0.00552707 0.0109421 0.000320797 0.00127964 0.0069551 -0.00254 0.00244547 -0.000622539 -0.00210481 0.0116473 -0.00034049 0.0244544 -0.00640908 -0.0113049
internal_weight=1.21487e+06 57639.6 41383.1 16256.6 15227.7 8208.94 1.15723e+06 9578.44 1.14687e+06 451752 150803 4803.48 145999 110662 69608.4 10944.2 58664.2 21267.5 41053.4 39512.6 17477.8 10619.7 37396.8 35337.6 3435.6 8683.62 28713.2 7508.58 9318.01 6969.7
internal_count=524637 10995 6918 4077 3583 1999 513642 1528 511445 165443 48303 3398 44905 36897 21446 2920 18526 7336 15451 14667 5872 4313 11190 8008 1460 1697 9493 1460 3909 3090
is_linear=0
shrinkage=0.04


Tree=145
num_leaves=31
num_cat=0
split_feature=5 14 5 8 10 10 10 11 15 10 10 11 10 10 13 12 11 3 13 11 7 14 11 9 7 9 10 7 4 14
split_gain=191.958 291.817 253.519 380.053 642.943 534.96 339.181 332.607 327.498 320.529 352.198 300.622 283.137 290.297 348.544 326.065 227.896 804.15 718.306 365.904 533.812 712.725 673.701 507.976 718.097 784.564 647.216 903.319 747.701 552.667
threshold=93.965679168701186 47.137434005737312 36.665212631225593 19.125000000000004 -0.94975915551185597 -0.82956761121749867 -0.99054482579231251 -0.31186713278293604 0.93750000000000011 1.0000000180025095e-35 -0.68508586287498463 -0.09339838474988936 -0.066607572138309465 -0.64659911394119252 41.836530685424812 44.202890396118171 -0.9970029592514037 29.675583839416507 1.0000000180025095e-35 -0.99907308816909779 0.79965773224830639 6.4590606689453134 -0.99996069073677052 74.125000000000014 11.957169532775881 77.375000000000014 0.036545658484101302 1.0761659145355227 0.10778025910258295 4.6606385707855233
decision_type=2 2 2 2 2 2 2 2 2 2 2 2 2 2 2 2 2 2 2 2 2 2 2 2 2 2 2 2 2 2
left_child=1 2 16 6 8 -6 11 -8 -5 10 -7 -4 13 -12 -15 -16 17 18 -1 20 -20 -22 -23 -21 25 26 27 -25 -29 -28
right_child=-2 -3 3 4 5 9 7 -9 -10 -11 12 -13 -14 14 15 -17 -18 -19 19 23 21 22 -24 24 -26 -27 29 28 -30 -31
leaf_value=-0.021870464162315483 0.0054581426605503167 -0.0043799423838618836 0.036800415261528156 -0.012841567918344494 0.015180056435198725 -0.018332554656966066 0.0047558834004892934 -0.016960040908545606 -0.0481902603208356 -0.02086081597371691 0.015661686508097843 0.0062893042881089567 0.020787432111759312 0.0043854117649921543 -0.019081094149936872 -0.0010073039434972219 5.187301354947412e-05 -0.017316919614301835 -0.020486249525640578 0.0065246627158353897 0.0081460996975286915 -0.024110674274874597 0.0001768396828493737 0.019854999779335587 -0.038082570617202917 0.0032769327255272904 -0.038307216349113563 0.0025205428902861805 -0.030490135062438077 -0.0094188302286468285
leaf_weight=2547.3405252099037 10208.090751767159 24362.491197347641 969.47989916801453 1652.3291748166084 3412.6944562196732 1607.8505690097809 35631.154419004917 1155.7540898919106 557.7174069583416 1331.4646922945976 1627.1570864915848 1104.1741203665733 1095.3758648633957 6437.3894996643066 2778.1040847301483 3741.4208061695099 1045623.6691725105 5262.8090026378632 1555.7584611773491 5970.1013894081116 20624.508175969124 2139.8166489005089 12181.445034742355 1763.8077715039253 1094.5630666613579 9631.7444587945938 2218.1934334039688 2195.1698397994041 2183.3725634217262 2036.6521941423416
leaf_count=1841 1632 4777 133 736 716 591 6076 428 350 623 390 301 198 1500 829 868 475219 1999 1123 1447 7870 946 3968 717 677 3180 1919 1007 1451 1125
internal_value=-1.24719e-06 -4.75605e-05 4.19131e-05 0.00250837 -0.00142168 0.000645485 0.00495971 0.0040692 -0.0219389 -0.00202532 -0.000563395 0.0206621 0.00126927 -0.000209934 -0.00221367 -0.00872635 -9.74409e-05 -0.00228362 -0.00108502 -0.000249138 0.00236464 0.00338751 -0.00346638 -0.00377009 -0.00668139 -0.0049472 -0.0125617 -0.00424213 -0.0139723 -0.0245338
internal_weight=1.2147e+06 1.20449e+06 1.18013e+06 63102.1 24241.5 22031.5 38860.6 36786.9 2210.05 18618.8 17287.3 2073.65 15679.4 14584.1 12956.9 6519.52 1.11703e+06 71405.3 66142.5 63595.1 36501.5 34945.8 14321.3 27093.6 21123.5 20028.9 10397.2 6142.35 4378.54 4254.85
internal_count=524637 523005 518228 13739 6801 5715 6938 6504 1086 4999 4376 434 3785 3587 3197 1697 504489 29270 27271 25430 13907 12784 4914 11523 10076 9399 6219 3175 2458 3044
is_linear=0
shrinkage=0.04


Tree=146
num_leaves=31
num_cat=0
split_feature=8 14 10 8 9 2 7 3 8 11 10 13 9 8 9 9 10 10 11 10 11 14 10 10 1 13 13 14 8 3
split_gain=189.928 258.1 226.097 387.927 418.478 273.327 222.314 218.66 199.545 231.21 239.063 203.158 202.733 373.669 418.418 363.293 654.329 594.693 462.35 1653.3 1450.49 931.105 801.531 942.819 765.746 761.058 743.464 649.42 1090.55 733.312
threshold=15.875000000000002 2.6357603073120122 0.48030318319797521 20.875000000000004 73.375000000000014 0.10778251662850381 0.85701349377632152 1.3789712190628054 21.625000000000004 -0.09339838474988936 -0.01505099539645016 0.91543948650360119 73.625000000000014 18.625000000000004 73.375000000000014 75.375000000000014 -0.99904707074165333 0.41886392235755926 -0.21231865882873532 -0.96463498473167408 -0.17858051508665082 5.1357336044311532 -0.92599865794181813 -0.9193688929080962 1.0000000180025095e-35 18.073322296142582 0.0059663015417754659 21.37766265869141 19.125000000000004 8.3405494689941424
decision_type=2 2 2 2 2 2 2 2 2 2 2 2 2 2 2 2 2 2 2 2 2 2 2 2 2 2 2 2 2 2
left_child=1 -1 8 4 -4 6 7 -6 12 10 -10 -12 13 -2 -15 16 -14 -18 19 21 -20 -17 26 25 -23 -24 -21 29 -29 -22
right_child=2 -3 3 -5 5 -7 -8 -9 9 -11 11 -13 15 14 -16 18 17 -19 20 22 27 24 23 -25 -26 -27 -28 28 -30 -31
leaf_value=0.018170381208725092 0.0025825901546593778 0.002461254261573436 -0.048489352374499285 -0.036326730071339977 -0.0096892937229028989 0.027591731329719031 0.015659888412939426 0.024979449576020298 0.01172583029791989 -0.014406702592318535 0.0050886555873063781 -0.025447606624979517 0.0088623081923004457 0.00034994323147557647 -0.0071919479890500838 0.018321250493472462 -0.002176739964530779 0.0085849474485864014 -0.018846703254379229 0.01461960490855467 -0.0029823777733380499 -0.023029766746103426 0.0066850249823141054 0.00041040019248121315 0.0076945400858742276 0.035294604481413069 -0.007784311391904452 0.036411830432012571 -0.019812179926388316 0.0061936797766019456
leaf_weight=1888.3062020689249 115071.90841937065 14169.17244887352 313.51630437374115 653.88675081729889 4482.258850902319 457.62890672683716 763.56095299124718 301.77619737386703 6144.6871902942657 786.67899969965219 943.65192949771881 540.42768090963364 9428.1969666481018 69032.901790291071 14178.795441091061 12926.620355844498 268661.40220867097 8465.3114391565323 7761.3330226540565 2571.833790242672 82440.176835842431 1702.7060236334801 5191.1250991225243 529970.81556227803 5348.9271167516708 2079.0314574241638 28967.677111744881 1763.0808755159378 793.87916368246078 16759.047620780766
leaf_count=669 25859 3462 336 1008 4048 156 363 137 2295 978 489 321 4725 17693 4083 3512 134400 3780 4230 930 75691 905 1810 205155 1928 305 13875 340 459 10695
internal_value=-1.29656e-06 0.00431875 -5.92119e-05 -0.00723598 -0.00417292 -0.00178252 -0.00425093 -0.00745485 -1.71543e-05 0.00611683 0.00824931 -0.00612702 -6.08365e-05 0.00110606 -0.000935862 -0.000295786 -0.00149503 -0.00184771 0.000196368 0.000640295 -0.00219 0.0119473 0.000242936 0.000606803 0.000253661 0.0149037 -0.00595337 -0.000917799 0.0189463 -0.00143168
internal_weight=1.21456e+06 16057.5 1.1985e+06 6972.63 6318.74 6005.22 5547.6 4784.04 1.19153e+06 8415.45 7628.77 1484.08 1.18311e+06 198284 83211.7 984831 286555 277127 698276 588759 109518 19978.3 568780 537241 7051.63 7270.16 31539.5 101756 2556.96 99199.2
internal_count=524637 4131 520506 6048 5040 4704 4548 4185 514458 4083 3105 810 510375 47635 21776 462740 142905 138180 319835 228420 91415 6345 222075 207270 2833 2115 14805 87185 799 86386
is_linear=0
shrinkage=0.04


Tree=147
num_leaves=31
num_cat=0
split_feature=11 11 14 4 10 10 7 9 10 11 13 10 3 10 14 17 11 14 5 9 13 13 8 4 9 14 13 10 14 12
split_gain=188.347 773.935 1001.91 519.429 404.454 1902.55 1446.29 1776.77 1204.69 875.134 1488.79 963.468 871.14 883.09 825.49 703.005 677.343 664.293 641.766 640.323 847.936 737.817 604.381 588.38 588.19 769.706 564.68 558.234 1062.25 750.425
threshold=-0.92602273821830738 -0.93845868110656727 0.23298370093107226 64.137023925781264 -0.74512827396392811 -0.76762619614601124 2.3904415369033818 76.875000000000014 -0.7996615171432494 -0.48501108586788172 0.45654073357582098 -0.89015004038810719 23.754972457885746 -0.68508586287498463 0.72510570287704479 -5.675956964492797 -0.88620507717132557 24.232574462890629 1.6179575324058535 76.625000000000014 17.691045761108402 3.1067273616790776 21.625000000000004 2.8825759887695317 73.875000000000014 13.932995796203615 17.691045761108402 -0.88218119740486134 10.769697189331056 0.059250777587294585
decision_type=2 2 2 2 2 2 2 2 2 2 2 2 2 2 2 2 2 2 2 2 2 2 2 2 2 2 2 2 2 2
left_child=1 -1 -3 -4 5 8 -7 -8 9 10 -2 -11 22 17 -10 24 -15 -14 -9 -18 21 23 -6 -21 -12 -26 -20 28 -13 -29
right_child=4 2 3 -5 12 6 7 18 14 11 15 27 13 16 -16 -17 19 -19 26 20 -22 -23 -24 -25 25 -27 -28 29 -30 -31
leaf_value=9.7900695609002346e-05 -0.01167241937265678 -0.013343300634717033 0.0082268529451687885 -0.023330107826001069 -0.002811816767558152 0.024817868516402053 -0.01177698784159315 -0.014882513078675842 0.0080074829787002682 -0.00012909216949903075 0.010606289733556181 -0.029024760026996176 -0.0033354743620224005 -0.0036622084446645761 -0.012182069846528736 0.0072226232236448666 0.0036863826613263433 -0.033377781393831199 0.025466946555073408 0.038346456716501533 0.027298736531537592 -0.003036624731350484 0.017725458830758704 -0.0026657598674594959 0.0016615598496980356 -0.025777747399637611 -0.00149093362157813 0.012519058984244791 7.7917553302338292e-05 -0.010486180593247541
leaf_weight=397900.59671968222 8756.7886939644814 4025.1518028974533 39538.843146622181 843.14601600170135 233513.44926199317 8337.7165892124176 6458.2495810389519 948.22025299072266 3851.7186214327812 332060.1931181252 2877.6956379413605 4918.2443186938763 4299.7489148378372 11551.729347348213 20200.399747371674 65426.340559244156 24513.746918261051 1613.2294486761093 6010.5779722929001 1579.0991435647011 5118.6688351631165 4820.9010982513428 2305.585190474987 862.09953629970551 3528.180251121521 3037.5731264948845 1565.4121476411819 3288.0816563367844 3384.9161198139191 7260.7321281060576
leaf_count=140589 4803 2433 11099 184 104802 2166 2479 406 1642 188595 565 5803 1523 2853 8645 19390 5333 622 1346 289 915 1698 864 354 1266 1408 461 6695 1055 4354
internal_value=-1.21906e-06 0.00065693 0.00566485 0.00756235 -0.000378258 0.000332155 0.0114749 0.00403801 -0.000234714 0.00024771 0.00392459 -0.000628623 -0.00155804 0.0030064 -0.00894692 0.00575014 0.00478804 -0.0115744 0.0160198 0.0074341 0.0148456 0.00604253 -0.00261028 0.0239114 -0.00444842 -0.0110528 0.0199021 -0.00942266 -0.0171748 -0.00331035
internal_weight=1.2144e+06 442308 44407.1 40382 772089 481911 23320.2 14982.5 458591 434539 83626.6 350912 290178 54359.2 24052.1 74869.8 48446.2 5912.98 8524.21 36894.5 12380.8 7262.1 235819 2441.2 9443.45 6565.75 7575.99 18852 8303.16 10548.8
internal_count=524637 154305 13716 11283 370332 251079 6858 4692 244221 233934 27432 206502 119253 13587 10287 22629 11442 2145 2213 8589 3256 2341 105666 643 3239 2674 1807 17907 6858 11049
is_linear=0
shrinkage=0.04


Tree=148
num_leaves=31
num_cat=0
split_feature=8 10 10 10 11 4 10 16 3 12 9 14 10 4 4 12 8 14 9 2 17 9 11 11 8 13 10 13 14 4
split_gain=184.124 285.227 304.126 509.468 392.166 534.527 492.418 622.004 360.884 300.058 286.447 329.927 257.336 941.259 270.181 422.535 752.871 333.265 271.714 296.889 249.422 247.543 240.639 956.717 659.866 720.875 627.742 746.467 1187.92 876.06
threshold=16.875000000000004 -0.99940761923789967 -0.98523971438407887 -0.99372696876525868 -0.22909598052501676 4.9068503379821786 -0.86546283960342396 16.360427856445316 4.6404414176940927 10.992844104766847 74.375000000000014 15.488757133483888 -0.99993467330932606 37.729560852050788 2.6491097211837773 1.8372771739959719 20.375000000000004 4.2105045318603525 78.375000000000014 0.90624764561653148 0.13893317431211474 73.875000000000014 0.078402601182460799 0.026874557137489322 20.875000000000004 0.028379207476973537 -0.99549928307533253 15.706592082977297 5.4751389026641855 0.18966478109359744
decision_type=2 2 2 2 2 2 2 2 2 2 2 2 2 2 2 2 2 2 2 2 2 2 2 2 2 2 2 2 2 2
left_child=1 -1 3 9 6 -6 7 -4 -5 -3 11 21 13 14 15 -2 17 -17 19 -16 -7 -8 23 26 -25 -26 27 28 -14 -30
right_child=12 2 4 8 5 20 10 -9 -10 -11 -12 -13 22 -15 18 16 -18 -19 -20 -21 -22 -23 -24 24 25 -27 -28 -29 29 -31
leaf_value=0.015187046056087037 -0.044598026679331874 -0.0060211069458895074 -0.01223011961291548 -0.0095167779464597722 0.0004730879158007561 0.011945014155576479 0.0096612086261947533 0.01481644555966183 -0.040217206835270698 0.015353414933047678 -0.010252501856530656 0.00038884207443167743 -0.012587462782528088 0.046574135831234494 0.0030448298532391362 0.0027305084818414435 0.04023094760308104 -0.053126975961596809 0.026973411704085938 -0.043280509076470464 0.032511314926836697 0.0023043914950169643 -0.002207135776095482 0.010656500553044937 -0.047499189706742814 0.0014124669198961044 3.8525770402673989e-05 -0.024240241068412317 0.01573936119245866 -0.005491042110107338
leaf_weight=2419.2857202887535 1024.4167408645153 2943.4110762476921 7750.6302435994148 1755.9200066924095 4182.5316984653473 2140.9439960867167 14593.98306876421 1640.7886472344398 938.33256882429123 1621.3546050786972 2813.1950831413269 40102.497507810593 12138.048087239265 401.14719715714455 591.80750796198845 276.45734217762947 335.11922383308411 433.6609380543232 341.82216000556946 342.46388059854507 1704.4347972273827 14684.536109447479 81344.88970080018 19945.782560527325 635.27622091770172 1904.6158884465694 979528.15636640787 3188.0338064730167 6137.0540337860584 6286.2858598828316
leaf_count=756 1496 1270 2890 781 2965 1117 2842 323 542 431 1652 8006 10345 89 374 201 136 393 193 358 496 4846 84960 8019 721 980 378360 1923 3103 4069
internal_value=-1.1598e-06 0.00164931 0.00130969 -0.0065595 0.00194778 0.0103777 0.00111712 -0.00749404 -0.0203181 0.00158785 0.00223819 0.00274605 -0.000148168 -0.0105993 -0.0175726 -0.0264643 -0.00843764 -0.0316451 -0.00305776 -0.0142146 0.0211216 0.00597347 -0.00011283 5.26269e-05 0.00821105 -0.0109596 -0.000129575 -0.00606125 -0.00369273 0.00500087
internal_weight=1.21415e+06 99291.8 96872.6 7259.02 89613.5 8027.91 81585.6 9391.42 2694.25 4564.77 72194.2 69381 1.11486e+06 3746.89 3345.75 2069.65 1045.24 710.118 1276.09 934.271 3845.38 29278.5 1.11111e+06 1.02976e+06 22485.7 2539.89 1.00728e+06 27749.4 24561.4 12423.3
internal_count=524637 28917 28161 3024 25137 4578 20559 3213 1323 1701 17346 15694 495720 3240 3151 2226 730 594 925 732 1613 7688 492480 407520 9720 1701 397800 19440 17517 7172
is_linear=0
shrinkage=0.04


Tree=149
num_leaves=31
num_cat=0
split_feature=9 8 10 11 7 11 11 12 10 14 3 13 10 13 10 14 4 10 10 10 5 3 10 10 13 12 1 7 14 9
split_gain=184.034 450.31 396.748 330.879 301.842 350.119 272.876 402.561 372.034 523.031 289.635 566.814 354.966 430.28 389.882 989.447 341.68 390.937 416.474 268.298 277.95 267.052 266.608 539.66 480.74 429.978 282.483 260.149 258.005 244.635
threshold=79.625000000000014 20.625000000000004 0.30675521492958074 0.48689031600952154 1.0000000180025095e-35 0.23118848353624347 0.39430940151214605 0.01483433321118355 -0.99054482579231251 6.8699676990509042 0.23523931205272677 14.613428115844728 -0.13505011796951291 8.3253393173217791 -0.20285348594188687 19.738782882690433 1.0000000180025095e-35 -0.96235975623130787 -0.89015004038810719 -0.98370367288589466 1.3280879855155947 0.22356953471899035 -0.55028682947158802 -0.59262362122535694 11.634383678436281 42.08216857910157 26.482047080993656 28.658784866333011 8.7068166732788104 74.875000000000014
decision_type=2 2 2 2 2 2 2 2 2 2 2 2 2 2 2 2 2 2 2 2 2 2 2 2 2 2 2 2 2 2
left_child=3 6 4 -1 5 -3 7 8 9 -2 11 16 14 -14 22 -16 -9 -18 -19 -10 -21 -8 23 -12 -25 26 28 -6 -24 -5
right_child=1 2 -4 29 27 -7 21 10 19 -11 12 -13 13 -15 15 -17 17 18 -20 20 -22 -23 25 24 -26 -27 -28 -29 -30 -31
leaf_value=-0.00016218322944226382 -0.045820454291562882 0.032651025433571984 -0.018778049845204405 -0.066779890082518834 -0.0020613098516493091 -0.022372949502975553 0.0078864066527854337 0.0043281852549772997 0.021440358055014368 0.011396895410579031 0.0030438114254562098 -0.0061609098369238792 0.00093876619204740668 -0.019702339657756855 -0.0033268797548337541 0.047535154761594985 -0.0016704609215984114 0.035924376181451591 0.01419332671182804 0.00022220412676865684 -0.015233366256952537 0.04756360611018047 0.0024405029742022898 0.003722513989058574 0.037094434972650747 0.013390506723608697 0.0057586708172923532 0.014070895269305432 -0.012590297917587629 -0.012541707749200763
leaf_weight=1072679.8622354716 725.05036666989326 804.69069215655327 2085.6747982800007 181.41413986682892 43895.103499390185 231.6466626226902 771.80045142769814 8619.3011165559292 731.02890878915787 386.73522782325745 28162.337069556117 4027.3018293678761 4753.1647171378136 2437.4561486244202 1399.7814158201218 1075.6572897434235 1873.8118765354156 1744.1804177165031 7394.7023471593857 7755.2001102119684 2439.7294674217701 412.94415262341499 2520.4110187292099 1298.5613218545914 1471.3780107498169 2448.4501839876175 2962.4896378517151 1649.9453150033951 6605.7603902816772 457.60804141312838
leaf_count=468538 868 262 1610 1243 16353 682 1347 3119 318 209 9571 1284 1567 984 363 91 915 319 1745 4692 1077 213 683 354 177 486 647 371 2019 2530
internal_value=-1.15343e-06 0.00135911 -0.00175244 -0.00017946 -0.000986255 0.0202555 0.00300479 0.00275466 -0.00405578 -0.0259932 0.0037955 0.00749681 0.00220616 -0.00607574 0.00344926 0.0188766 0.0103003 0.0149662 0.0183755 -0.00180178 -0.00348774 0.0219983 0.0026054 0.00470467 0.0215192 -0.00186164 -0.00495934 -0.00147393 -0.00844105 -0.0287313
internal_weight=1.214e+06 140684 48667.1 1.07332e+06 46581.4 1036.34 92017.2 90832.5 12037.7 1111.79 78794.7 23659.3 55135.4 7190.62 47944.8 2475.44 19632 11012.7 9138.88 10926 10194.9 1184.74 45469.4 30932.3 2769.94 14537.1 12088.7 45545 9126.17 639.022
internal_count=524637 52326 19278 472311 17668 944 33048 31488 7164 1077 24324 7382 16942 2551 14391 454 6098 2979 2064 6087 5769 1560 13937 10102 531 3835 3349 16724 2702 3773
is_linear=0
shrinkage=0.04


Tree=150
num_leaves=31
num_cat=0
split_feature=17 10 15 10 10 4 0 4 11 10 9 14 11 11 14 9 8 10 11 17 9 8 11 11 9 7 12 11 12 3
split_gain=174.716 225.481 203.143 389.047 789.54 426.037 335.292 208.29 279.71 335.434 237.341 361.535 335.711 357.076 868.639 236.819 627.236 707.672 473.157 394.8 422.896 385.76 350.056 331.732 916.258 955.062 919.047 695.445 821.247 561.015
threshold=35.685699462890632 0.019350802991539243 0.93750000000000011 0.24059136956930163 -0.01505099539645016 14.846263885498049 72.389984130859389 80.654922485351577 -0.05909669212996959 -0.9769422411918639 73.375000000000014 0.11639668419957162 -0.99983122944831837 -0.99168640375137318 8.0809469223022479 78.625000000000014 20.375000000000004 0.3393120169639588 0.45655821263790136 -0.25099430978298182 78.125000000000014 21.375000000000004 -0.09339838474988936 -0.99966478347778309 74.875000000000014 1.6259842514991762 11.184269905090334 -0.99761277437210072 4.523442506790162 0.10747016593813898
decision_type=2 2 2 2 2 2 2 2 2 2 2 2 2 2 2 2 2 2 2 2 2 2 2 2 2 2 2 2 2 2
left_child=2 -2 6 4 -4 -6 7 10 9 -9 11 -1 -13 14 -14 18 -17 -18 21 -20 -21 23 -23 24 -12 -26 -27 28 -25 -28
right_child=1 -3 3 -5 5 -7 -8 8 -10 -11 15 12 13 -15 -16 16 17 -19 19 20 -22 22 -24 27 25 26 29 -29 -30 -31
leaf_value=-0.010468878851680222 0.0077560731938946352 -0.0089321657437161882 -0.0016591457472035637 0.020605768555081286 -0.029011334872200419 0.0031560806632228147 0.0069248446465197669 -0.030911842806117921 0.017471800996290029 -0.0042397628023529647 -0.0090763489207836626 -0.021006105961210535 0.030249514652839381 0.0018172506909151431 0.0034413730172699153 0.0032869611198606671 -0.00033435769650694134 -0.016275178520097692 0.0064391952887867601 -0.040270960720768009 0.021900695725678543 0.0056589112437372916 -0.0097984725737365348 -0.013182304182560152 -0.020307517630368407 0.017658508976964866 0.012975478682252016 -0.00044903833511683952 0.0014608188755189969 -0.041305700929611472
leaf_weight=3542.8966003656387 8568.1390415728092 1517.202788412571 43513.10208081454 1120.0875105261803 2701.5097856521606 867.76290011405945 11266.278342619538 782.81436550617218 882.63051599264145 15752.991491317749 5507.6202813386917 947.19933593273163 2493.4273335933685 74069.813153669238 8514.4638390541077 105322.5146080181 112879.7267723754 4628.9959444701672 636.77716299891472 1205.2235602065921 197.97939641773701 25423.032914638519 2573.0600065588951 14958.544043660164 1451.1057022213936 10862.685245215893 517.47278082370758 740096.3510145843 10372.957244992256 717.74982035160065
leaf_count=2266 1537 307 11246 195 1172 182 1995 458 415 4070 2209 241 354 19236 1498 39785 44971 3589 1619 6399 434 10222 2926 8925 1016 3543 163 349760 3457 447
internal_value=-1.06166e-06 0.00523919 -4.5007e-05 -0.00258894 -0.003145 -0.0212038 6.11267e-05 -6.50816e-06 -0.00434593 -0.00552035 6.06029e-05 0.00203603 0.0025522 0.00281692 0.0095357 -0.000109979 0.00104549 -0.000963643 -0.000426093 -0.019619 -0.0314062 -0.000377662 0.00423527 -0.000542337 0.00466932 0.0102594 0.0139396 -0.000672149 -0.0071879 -0.0186441
internal_weight=1.21389e+06 10085.3 1.20381e+06 48202.5 47082.4 3569.27 1.1556e+06 1.14434e+06 17418.4 16535.8 1.12692e+06 89567.8 86024.9 85077.7 11007.9 1.03735e+06 222831 117509 814521 2039.98 1403.2 812481 27996.1 784484 19056.6 13549 12097.9 765428 25331.5 1235.22
internal_count=524637 1844 522793 12795 12600 1354 509998 508003 4943 4528 503060 23595 21329 21088 1852 479465 88345 48560 391120 8452 6833 382668 13148 369520 7378 5169 4153 362142 12382 610
is_linear=0
shrinkage=0.04


Tree=151
num_leaves=31
num_cat=0
split_feature=8 11 10 10 10 9 16 11 10 13 14 10 4 4 12 8 14 9 2 10 11 11 14 8 7 14 13 10 7 10
split_gain=177.337 275.96 394.931 272.917 344.935 594.109 343.645 279.178 277.052 252.859 249.344 240.444 873.502 265.561 395.155 715.61 309.858 274.868 293.22 217.424 217.07 890.738 645.584 617.554 1004.67 587.438 1355.38 869.945 772.586 772.029
threshold=16.875000000000004 0.41005823016166693 -0.88622298836708058 -0.99940761923789967 -0.60639065504074086 73.875000000000014 4.9441828727722177 0.16375125199556353 -0.94705909490585316 1.9533393979072573 6.7857947349548349 -0.99993467330932606 44.485815048217781 2.6491097211837773 1.9735491275787356 20.375000000000004 4.2105045318603525 78.375000000000014 0.90624764561653148 -0.95754238963127125 0.078402601182460799 0.026874557137489322 3.6176694631576543 19.625000000000004 3.5537960529327397 3.38470470905304 0.41770377755165106 -0.99275806546211232 0.24982666224241259 -0.96235975623130787
decision_type=2 2 2 2 2 2 2 2 2 2 2 2 2 2 2 2 2 2 2 2 2 2 2 2 2 2 2 2 2 2
left_child=1 3 -3 -1 5 10 7 -7 -9 -10 19 12 13 14 -2 16 -16 18 -15 -5 21 -13 23 -23 -25 27 -27 -22 -29 -28
right_child=11 2 -4 4 -6 6 -8 8 9 -11 -12 20 -14 17 15 -17 -18 -19 -20 -21 25 22 -24 24 -26 26 29 28 -30 -31
leaf_value=0.01462585369863327 -0.043074756450578525 0.030080065689497892 -0.027728200948650944 0.0026137960088493213 0.0030122452119040345 -0.012586868821312713 0.003691383865642509 0.012438310329425464 -0.048855374145483708 0.0054201365428530584 0.0001195941104953765 -0.00012994244899119676 0.047816550554864515 0.0031310651706285253 0.0028604457282852304 0.039805451982378802 -0.051870078663101546 0.02686261029574585 -0.042713331543974824 0.01895711806476269 -0.014880748703601026 0.0082848432061434947 0.015144115127700131 -0.037825290926418467 0.0032665903928699854 -0.042350187841583495 -0.0012051091660900315 -0.0071688605004126332 0.0044015333479542193 -0.020294952779160654
leaf_weight=2415.9989260435104 1026.6031786799431 1062.1734876930714 221.32283645868301 2819.1082798242569 57090.66611546278 11766.311282396317 3564.5856251716614 1478.3134007155895 255.63377749919891 280.65258505940437 15864.810963243246 1007036.5825985372 363.0710483789444 599.71421134471893 266.39020681381226 329.79393869638443 422.76253247261047 357.23760360479355 344.40858486294746 2416.7938872277737 5590.0082305967808 7715.6911742985249 10517.184080004692 1432.7907899320126 2794.3972682356834 1639.672551497817 18144.421638935804 12016.023225814104 39759.877410374582 4158.7119254693389
leaf_count=756 1512 567 609 972 12999 5332 1237 841 348 234 4244 397800 73 377 193 132 389 199 365 778 5039 3224 3396 1524 1576 3132 10919 20605 37588 7677
internal_value=-1.06579e-06 0.00161917 0.0199745 0.00137664 0.00104009 -0.00188848 -0.00737068 -0.0102326 0.00351173 -0.0208723 0.00261944 -0.000145345 -0.0102978 -0.0167257 -0.0256781 -0.00790243 -0.0309758 -0.00256524 -0.013865 0.0101793 -0.000111344 4.58081e-05 0.00792245 0.00155552 -0.0107178 -0.0021009 -0.00736222 9.59156e-05 0.00171544 -0.00477216
internal_weight=1.21375e+06 99236.4 1283.5 97952.9 95536.9 38446.2 17345.5 13780.9 2014.6 536.286 21100.7 1.11452e+06 3709.98 3346.91 2045.55 1018.95 689.153 1301.36 944.123 5235.9 1.11081e+06 1.0295e+06 22460.1 11942.9 4227.19 81308.7 23942.8 57365.9 51775.9 22303.1
internal_count=524637 28917 1176 27741 26985 13986 7992 6755 1423 582 5994 495720 3240 3167 2226 714 582 941 742 1750 492480 407520 9720 6324 3100 84960 21728 63232 58193 18596
is_linear=0
shrinkage=0.04


Tree=152
num_leaves=31
num_cat=0
split_feature=8 14 10 8 9 2 7 3 11 17 13 10 9 14 7 14 14 4 10 4 9 15 14 10 11 9 7 17 2 12
split_gain=169.596 232.199 199.568 357.866 376.347 259.855 210.076 199.113 179.931 664.76 580.941 455.638 901.892 1282.93 1255.77 763.558 717.005 576.501 542.048 1391.89 526.422 460.218 439.787 435.178 417.809 786.392 655.332 422.521 414.925 427.84
threshold=15.875000000000002 2.6357603073120122 0.48030318319797521 21.125000000000004 73.375000000000014 0.10778251662850381 0.85701349377632152 1.3789712190628054 -0.99628248810768116 -7.2849659919738761 1.0000000180025095e-35 -0.01505099539645016 77.125000000000014 1.8801197409629824 10.662127494812013 42.643693923950202 4.2719595432281503 8.0885004997253436 -0.049434980377554887 0.72671592235565197 78.625000000000014 0.81250000000000011 16.783450126647953 1.0000000180025095e-35 -0.99552518129348744 74.875000000000014 10.662127494812013 -4.5268335342407218 12.832519054412844 1.880640506744385
decision_type=2 2 2 2 2 2 2 2 2 2 2 2 2 2 2 2 2 2 2 2 2 2 2 2 2 2 2 2 2 2
left_child=1 -1 8 4 -4 6 7 -6 9 -2 -11 18 13 23 16 17 -14 21 19 -12 -18 -15 -21 -13 25 27 -27 -10 29 -20
right_child=2 -3 3 -5 5 -7 -8 -9 24 10 11 12 14 15 -16 -17 20 -19 28 22 -22 -23 -24 -25 -26 26 -28 -29 -30 -31
leaf_value=0.017254918197097201 -0.011518259985156187 0.002324125435344819 -0.047019816088734158 -0.043316724289620918 -0.0097107298497760841 0.026306189566555643 0.014653717112451415 0.023223684933347519 0.0099887761435386527 -0.018824529599386668 0.009152431357443664 -0.0055352970136173778 0.017788675046149668 -0.0055398229365059897 -0.024734232765823129 -0.047616798950454883 0.011023780926009981 0.0070131659203391027 0.011594154133555143 -0.020894257049123947 -0.011008688272539447 -0.040124763577601197 0.0027726009189489877 -0.037378495377158177 4.2773640278274456e-05 0.017855875930612723 -0.021436558981381467 -0.020647795320150236 0.016319111971343593 -0.0032315741784389646
leaf_weight=1879.6692622005939 9902.1067075133324 14157.532153770328 307.69619143009186 394.75934341549873 4720.058541148901 457.5893252491951 768.8382368683815 303.77269461750984 1130.8359536528587 2666.306817650795 8088.3777974843979 921.48342722654343 7128.3295639157295 12734.247173726559 2024.0809656977654 605.01661825180054 3373.0639281272888 6896.5109170079231 5920.8486765027046 5272.9697253704071 3551.9992315173149 637.34274595975876 1645.3604388833046 2730.1333322525024 1092290.8587182686 7428.9111285805702 738.97771316766739 1950.6617225408554 6427.4399766325951 6551.0499777197838
leaf_count=669 3570 3462 336 656 4384 159 370 143 194 1900 2846 534 1946 5947 1153 187 1129 1898 2409 2626 1381 269 287 2413 477036 2130 282 796 1205 2320
internal_value=-1.0914e-06 0.00408378 -5.58274e-05 -0.0068081 -0.00454784 -0.0023852 -0.0046931 -0.00767713 -1.634e-05 -0.00176676 -0.000514239 0.00014344 -0.00271472 -0.00754041 0.00464655 -0.00370749 0.00889278 -0.00237393 0.00356586 -0.00210927 -0.000276679 -0.00721703 -0.0152698 -0.0293799 0.000121795 0.00778772 0.0142791 -0.00940896 0.00807082 0.00381037
internal_weight=1.21361e+06 16037.2 1.19757e+06 6952.71 6557.95 6250.26 5792.67 5023.83 1.19062e+06 87076.7 77174.6 74508.3 40602.2 24524.7 16077.5 20873.1 14053.4 20268.1 33906 15006.7 6925.06 13371.6 6918.33 3651.62 1.10354e+06 11249.4 8167.89 3081.5 18899.3 12471.9
internal_count=524637 4131 520506 6048 5392 5056 4897 4527 514458 34020 30450 28550 16857 11248 5609 8301 4456 8114 11693 5759 2510 6216 2913 2947 480438 3402 2412 990 5934 4729
is_linear=0
shrinkage=0.04


Tree=153
num_leaves=31
num_cat=0
split_feature=11 11 14 4 1 7 10 10 7 9 10 11 13 10 3 10 14 17 11 14 5 9 13 13 4 8 9 14 10 14
split_gain=168.265 718.929 915.211 478.143 386.434 415.354 379.893 1753.9 1345.89 1634.98 1115.58 794.675 1371.04 863.011 788.036 812.264 765.773 650.061 622.158 616.674 592.402 584.105 772.516 791.18 549.568 547.714 541.455 712.836 526.347 974.396
threshold=-0.92602273821830738 -0.93845868110656727 0.23298370093107226 64.137023925781264 27.677985191345218 21.358944892883304 -0.74512827396392811 -0.76762619614601124 2.3904415369033818 76.875000000000014 -0.7996615171432494 -0.48501108586788172 0.45654073357582098 -0.89015004038810719 23.754972457885746 -0.68508586287498463 0.80358105897903453 -5.675956964492797 -0.88620507717132557 24.232574462890629 1.6179575324058535 76.625000000000014 15.706592082977297 3.1067273616790776 2.8825759887695317 21.625000000000004 73.875000000000014 13.932995796203615 -0.88218119740486134 9.4182114601135272
decision_type=2 2 2 2 2 2 2 2 2 2 2 2 2 2 2 2 2 2 2 2 2 2 2 2 2 2 2 2 2 2
left_child=1 -1 -3 4 -4 -6 7 10 -9 -10 11 12 -2 -13 25 19 -12 26 -17 -16 -11 -20 23 24 -23 -8 -14 -28 29 -15
right_child=6 2 3 -5 5 -7 14 8 9 20 16 13 17 28 15 18 -18 -19 21 -21 -22 22 -24 -25 -26 -27 27 -29 -30 -31
leaf_value=8.2145182854284957e-05 -0.011218610373081897 -0.012734895565593454 0.0060154700532562061 -0.022432175022622337 0.024057273264061922 0.0045774891910214536 -0.0026933907937478846 0.023944105684685024 -0.011304759733483643 -0.014319373463194214 0.0069594371637695593 -0.00011140834844416685 0.010141651266781801 -0.029082042124296371 -0.0032359152292799967 -0.003546219009625178 -0.011873145251824122 0.0069240758115941018 0.0035162132247229388 -0.032256028663570982 0.019125792218517033 0.037183300836972639 0.025050436425627751 -0.0054554864485132915 -0.0025187450578555361 0.016883319121569686 0.0015721776971164786 -0.024862941806644306 -0.0029797708090298154 -0.001540918624079102
leaf_weight=397626.46030795574 8748.2961270213127 4017.9927011728287 32235.312649846077 840.0285313129425 4345.5194079875946 2938.5354120731354 233453.70534035563 8306.7119203805923 6451.7944516539574 947.01313602924347 4174.8236867785454 331744.67384254932 2875.0744152069092 4476.903587244451 4298.3747267723083 11548.989740669727 19857.144614696503 65397.990368366241 24509.738114893436 1601.9732212424278 7549.9578205347061 1564.7677384018898 5657.0356720685959 4246.6371247172356 861.99614661931992 2299.4051898121834 3527.7091134190559 3025.5430396199226 10521.942028075457 3794.9765983000398
leaf_count=140589 4803 2433 9992 184 670 437 104802 2166 2479 406 1796 188595 565 5603 1523 2853 8491 19390 5333 622 1807 289 1061 1552 354 864 1266 1408 11049 1255
internal_value=-1.1388e-06 0.000621133 0.00544942 0.00726247 0.00789918 0.0162158 -0.000357677 0.000331319 0.0110453 0.00386645 -0.000212752 0.000251745 0.00375647 -0.000583926 -0.00150122 0.00284325 -0.00860002 0.00550854 0.00455223 -0.0111563 0.0153858 0.00709128 0.014189 0.00495806 0.0231285 -0.00250174 -0.00430704 -0.0106518 -0.00892022 -0.0164638
internal_weight=1.21345e+06 442004 44377.4 40359.4 39519.4 7284.05 771443 481401 23255.5 14948.8 458145 434113 83574.6 350538 290043 54289.5 24032 74826.3 48389.2 5900.35 8496.97 36840.2 12330.4 6673.4 2426.76 235753 9428.33 6553.25 18793.8 8271.88
internal_count=524637 154305 13716 11283 11099 1107 370332 251079 6858 4692 244221 233934 27432 206502 119253 13587 10287 22629 11442 2145 2213 8589 3256 2195 643 105666 3239 2674 17907 6858
is_linear=0
shrinkage=0.04


Tree=154
num_leaves=31
num_cat=0
split_feature=5 14 5 14 9 10 17 11 3 10 17 13 10 7 10 10 13 14 11 14 13 8 15 8 10 10 7 10 10 9
split_gain=167.205 273.598 219.492 206.462 180.233 279.891 382.529 587.903 331.052 372.954 386.894 321.788 326.836 305.839 299.334 759.178 404.751 409.938 269.465 261.132 488.844 274.615 258.605 389.776 604.12 528.473 454.511 378.212 254.871 252.461
threshold=93.965679168701186 47.137434005737312 56.463783264160163 29.392488479614261 79.875000000000014 -0.11798679083585738 6.5095701217651376 -0.24580550938844678 0.34392273426055914 0.05372969992458821 -5.3504502773284903 24.592797279357914 -0.67245468497276295 11.110780715942385 0.088045001029968276 0.1393099054694176 7.4806563854217538 5.4751389026641855 0.48689031600952154 16.427892684936527 13.207515716552736 19.625000000000004 0.93750000000000011 19.625000000000004 -0.01505099539645016 -0.18598018586635587 11.596426963806154 -0.28622037172317499 0.10516610741615297 73.375000000000014
decision_type=2 2 2 2 2 2 2 2 2 2 2 2 2 2 2 2 2 2 2 2 2 2 2 2 2 2 2 2 2 2
left_child=1 2 4 -4 18 6 11 13 14 -10 -11 19 -13 -8 -7 -16 -17 -18 22 -6 -21 -22 29 26 25 27 -24 -25 -12 -1
right_child=-2 -3 3 -5 5 8 7 -9 9 10 28 12 -14 -15 15 16 17 -19 -20 20 21 -23 23 24 -26 -27 -28 -29 -30 -31
leaf_value=0.001974566764542285 0.0050971392212346249 -0.0042412785625728965 0.0096318319701614273 0.0012958746994457925 0.0042565256009976316 0.0093726769620621781 -0.011336515940518026 -0.032844774461468502 -0.017230980376441375 0.019032339316396168 0.0084441457699665472 -0.0055469595624136735 0.019899894236803092 0.0028539343236380428 -0.041889673967961241 -0.003014614444791145 0.036689534198360081 -0.0020106763287748965 -0.025658045867385033 -0.011272487744870186 0.016304085039115592 -0.0010973907933568478 0.0099329358333805091 -0.0070834940729375588 -0.040180806661036218 0.020245747226157598 -0.0053267972648037296 -0.03367248203442233 -0.014261491657703934 -0.00027080505165207139
leaf_weight=87619.567539036274 10196.197894454002 24339.304515480995 7085.0527845919132 14418.580847859383 54194.648229628801 4999.7701387405396 3386.9172999858856 1008.8111060410738 4086.6486629247665 1176.2074058055878 1138.7861808538437 1042.9291294813156 3512.5671882629395 8528.7437307834625 717.18857634067535 9298.178823530674 893.68584287166595 847.8082982301712 654.44358317553997 5314.400733590126 2264.490100979805 4004.6014946997166 5074.579631254077 9029.1708757579327 931.3873256444931 1038.5447702407837 8085.092376768589 937.08375179767609 2540.1417042613029 934854.23164600134
leaf_count=23261 1632 4777 1389 2794 21880 1294 1025 760 1629 272 365 344 629 2137 384 4652 143 277 3861 1961 491 1163 1538 3237 623 212 1987 371 1102 438447
internal_value=-1.08019e-06 -4.4332e-05 4.23683e-05 0.00404562 -3.20576e-05 0.00151624 0.00264252 -0.00368031 -0.00213228 -0.00834261 -0.000841088 0.00380475 0.0140747 -0.00118569 0.00118472 -0.00230233 0.000305029 0.0179453 -0.000193007 0.00309147 -0.00235834 0.00520424 -0.000176854 -0.00418758 -0.00941863 -0.00678097 0.000560674 -0.00961479 -0.00722928 -7.83734e-05
internal_weight=1.21322e+06 1.20302e+06 1.17868e+06 21503.6 1.15718e+06 108957 83258.1 12924.5 25698.4 8941.78 4855.14 70333.6 4555.5 11915.7 16756.6 11756.9 11039.7 1741.49 1.04822e+06 65778.1 11583.5 6269.09 1.04757e+06 25095.9 11936.2 11004.8 13159.7 9966.25 3678.93 1.02247e+06
internal_count=524637 523005 518228 4183 514045 40508 30390 3922 10118 3368 1739 26468 973 3162 6750 5456 5072 420 473537 25495 3615 1654 469676 7968 4443 3820 3525 3608 1467 461708
is_linear=0
shrinkage=0.04


Tree=155
num_leaves=31
num_cat=0
split_feature=16 4 10 10 11 11 10 14 14 14 8 9 14 7 10 14 8 18 17 12 2 10 10 7 10 10 10 18 10 9
split_gain=163.747 272.28 652.577 430.479 417.352 1377.12 1023.79 722.931 568.381 500.601 425.693 424.422 659.991 509.456 405.516 1309.95 570.474 600.21 563.085 535.187 474.082 424.024 388.74 1047.34 381.028 588.976 374.585 684.528 926.442 633.147
threshold=0.63817954063415538 0.1800230294466019 -0.99993467330932606 0.19020386785268786 0.3624663800001145 0.34638161957263952 -0.90893998742103566 0.14241571724414828 3.9683904647827153 0.39976723492145544 19.625000000000004 78.375000000000014 0.99957790970802318 0.074719235301017775 -0.99467751383781422 1.2487271428108218 20.625000000000004 31.197810173034672 -2.1374423503875728 0.017557770013809208 21.885338783264164 -0.99549928307533253 -0.87812310457229603 0.15023095905780795 -0.88622298836708058 -0.8940606117248534 -0.41495507955551142 23.589248657226566 -0.75648915767669667 78.875000000000014
decision_type=2 2 2 2 2 2 2 2 2 2 2 2 2 2 2 2 2 2 2 2 2 2 2 2 2 2 2 2 2 2
left_child=1 2 -1 26 5 14 7 -6 11 -7 -9 12 13 24 15 -4 18 19 -17 -18 -20 -22 23 -13 25 -8 27 28 -3 -30
right_child=-2 3 4 -5 6 9 8 10 -10 -11 -12 22 -14 -15 -16 16 17 -19 20 -21 21 -23 -24 -25 -26 -27 -28 -29 29 -31
leaf_value=-0.034540122827499527 0.00064678766873490893 -0.0011169467297281329 -0.017480027890213544 -0.010065706225505582 -0.065954915882162637 0.043174472708895795 -0.021492841271877786 -0.0036753889067398567 -0.054680429126100542 0.00041525480992274464 -0.045757666657458777 -0.062788860061799651 0.019036953139191678 -0.03413098072932514 0.00024182231338833201 0.022262507228366514 -0.024722266516981454 -0.05270934879257233 0.00075279386893781209 0.014134632314016083 0.0082394497169727861 0.043472564574651353 0.039038452358537902 0.031549142648523286 -0.025653335542002838 0.03880796296164065 0.00094810916024061032 0.0015049943215525458 -0.0088503533760615621 0.0010084029810274444
leaf_weight=838.36261655390263 412128.77003507316 160286.17190741003 3215.5389884710312 8193.1875530481339 646.32554353773594 1655.317135989666 428.83005046844482 1243.6345380097628 274.37061756849289 594.7212150990963 548.10193546116352 269.81480690836906 1382.4099326431751 1209.0435250848532 318732.21064327657 6459.5891520082951 844.57953950762749 372.35682731866837 6137.7935109138489 1676.2038292586803 1406.6149194538593 890.1650395989418 848.36846530437469 565.69079195708036 584.03473573923111 626.33795423805714 133889.34648841619 83467.381746247411 50575.172160744667 13125.116834700108
leaf_count=1088 148034 87799 3003 4142 2334 956 1105 1523 1098 659 1199 1090 1505 3203 153446 2530 720 372 3389 876 541 148 1118 524 2919 695 43973 24382 25998 4268
internal_value=-1.07999e-06 -0.000334429 0.00049964 -0.000986506 0.000584408 0.0008037 -0.00809953 -0.0299964 0.000560996 0.0319244 -0.0167311 0.00321157 -0.00355502 -0.0145484 0.000596657 0.00597884 0.0102271 -0.00600972 0.013383 0.00106952 0.00656429 0.022024 0.0201329 0.000701708 1.47361e-05 0.0143295 -0.000817733 -0.00158672 -0.00273885 -0.00681917
internal_weight=1.21312e+06 800987 351450 449536 350612 341985 8626.96 2438.06 6188.9 2250.04 1791.74 5914.53 4230.66 2848.25 339735 21002.8 17787.3 2893.14 14894.2 2520.78 8434.57 2296.78 1683.87 835.506 1639.2 1055.17 441343 307454 223986 63700.3
internal_count=524637 376603 186041 190562 184953 166640 18313 5056 13257 1615 2722 12159 9427 7922 165025 11579 8576 1968 6608 1596 4078 689 2732 1614 4719 1800 186420 142447 118065 30266
is_linear=0
shrinkage=0.04


Tree=156
num_leaves=31
num_cat=0
split_feature=8 11 10 10 10 9 16 3 14 12 10 4 4 12 8 14 1 11 17 10 14 14 9 9 7 10 9 11 12 13
split_gain=163.238 261.148 356.986 251.881 313.955 546.311 325.155 251.957 227.036 216.17 211.398 807.69 239.223 363.742 656.686 301.304 257.467 199.996 601.951 517.655 1144.61 1309.19 660.339 1078.48 791.839 771.471 653.009 486.375 583.121 540.559
threshold=16.875000000000004 0.41005823016166693 -0.88622298836708058 -0.99940761923789967 -0.60639065504074086 73.875000000000014 16.983550071716312 0.35962031781673437 6.7857947349548349 1.0000000180025095e-35 -0.99993467330932606 44.485815048217781 2.6491097211837773 1.8372771739959719 20.375000000000004 4.2105045318603525 0.23934843391180041 -0.99628248810768116 -7.2849659919738761 1.0000000180025095e-35 11.721758842468263 1.0585899949073794 77.125000000000014 73.625000000000014 10.662127494812013 0.019350802991539243 78.875000000000014 -0.99552518129348744 0.23968385905027392 0.057641455903649337
decision_type=2 2 2 2 2 2 2 2 2 2 2 2 2 2 2 2 2 2 2 2 2 2 2 2 2 2 2 2 2 2
left_child=1 3 9 -1 5 8 7 -7 -5 -3 11 12 13 -2 15 -15 -14 18 -12 -20 21 26 23 -23 -24 -25 -21 28 29 -19
right_child=10 2 -4 4 -6 6 -8 -9 -10 -11 17 -13 16 14 -16 -17 -18 27 19 20 -22 22 24 25 -26 -27 -28 -29 -30 -31
leaf_value=0.014056655970065064 -0.041611138835332934 0.007854686433014962 -0.026108065789386355 0.0097415775964358325 0.0028769501057164353 -0.0012437238020520081 0.011547806446972524 -0.012073160688155567 0.00013804666187860565 0.04455253017961245 -0.01217077630807537 0.046591126127435392 0.0091677018209277168 0.0028782874502519934 0.038207496329721508 -0.050589557902105689 -0.029408991010000055 -0.0096930116590873173 0.0021807955145206931 -0.038803118240233504 -0.024293078834492179 0.018448753071620489 0.010374134520074222 0.0069184392001961142 -0.029628394482709975 -0.017466287181738142 0.017853929894745574 -4.6800840177561318e-05 0.00079127027217011983 0.026608763325264486
leaf_weight=2412.4062205553055 993.6487423479557 450.01826673746109 219.15333803743124 5229.8798348009586 57074.177944540977 5015.0539384186268 1374.3438359797001 10934.493166387081 15862.370988667011 604.38999405503273 8379.0795138478279 357.68347388505936 909.54815804958344 276.4998419880867 328.92273238301277 418.17618441581726 386.12133973836899 800.99532061815262 40005.003861248493 2031.205832362175 4122.1484454274178 2465.1530579328537 11443.527143061161 2835.9553728103638 840.95111221075058 7689.215370118618 381.1422433257103 1019280.1372556314 6302.5473417639732 3514.6146364212036
leaf_count=756 1496 357 609 1750 12999 2473 400 5119 4244 210 3228 73 578 201 136 393 363 375 14737 1896 1638 386 3581 1236 474 5117 107 456840 1984 881
internal_value=-1.12106e-06 0.00155384 0.0194795 0.00131869 0.000995451 -0.00179988 -0.00706121 -0.00867095 0.00252276 0.0291109 -0.000139597 -0.00971004 -0.0159106 -0.0244914 -0.00763084 -0.0295691 -0.0024657 -0.000107865 -0.0020318 -0.00084728 -0.00465503 -0.00172354 0.000968347 -0.00531707 0.00761383 -0.0108956 -0.0298148 4.1961e-05 0.00855459 0.0198642
internal_weight=1.21294e+06 99176.3 1273.56 97902.7 95490.3 38416.1 17323.9 15949.5 21092.3 1054.41 1.11376e+06 3670.6 3312.92 2017.25 1023.6 694.676 1295.67 1.11009e+06 80193.4 71814.3 31809.3 27687.2 25274.8 12990.3 12284.5 10525.2 2412.35 1.0299e+06 10618.2 4315.61
internal_count=524637 28917 1176 27741 26985 13986 7992 7592 5994 567 495720 3240 3167 2226 730 594 941 492480 32400 29172 14435 12797 10794 6739 4055 6353 2003 460080 3240 1256
is_linear=0
shrinkage=0.04


Tree=157
num_leaves=31
num_cat=0
split_feature=8 14 10 8 9 2 7 3 3 10 10 10 9 10 10 14 17 10 9 11 10 9 14 2 14 12 13 10 10 18
split_gain=156.318 212.496 176.154 339.106 367.04 233.391 190.035 186.962 180.13 520.763 1073.95 796.181 971.928 875.788 1291.18 904.216 771.979 761.4 711.074 702.564 794.274 713.52 726.602 799.007 701.917 633.007 608.928 1818.79 736.056 1384.38
threshold=15.875000000000002 2.6357603073120122 0.48030318319797521 20.875000000000004 73.375000000000014 0.10778251662850381 0.85701349377632152 1.3789712190628054 0.27087615430355078 -0.59262362122535694 -0.74512827396392811 -0.76762619614601124 74.875000000000014 -0.80987083911895741 -0.87812310457229603 1.8017370104789736 -6.2152807712554923 -0.49157854914665217 77.375000000000014 -0.024725049734115597 -0.99630266427993763 78.125000000000014 4.6606385707855233 2.7282173633575444 1.3482663035392763 1.0000000180025095e-35 16.973855018615726 -0.94975915551185597 -0.9193688929080962 3.2375754117965703
decision_type=2 2 2 2 2 2 2 2 2 2 2 2 2 2 2 2 2 2 2 2 2 2 2 2 2 2 2 2 2 2
left_child=1 -1 8 4 -4 6 7 -6 -2 10 11 13 -13 14 19 -16 -17 24 -15 26 -21 22 23 -22 -11 -24 28 -28 -10 -30
right_child=2 -3 3 -5 5 -7 -8 -9 9 17 -12 12 -14 18 15 16 -18 -19 -20 20 21 -23 25 -25 -26 -27 27 -29 29 -31
leaf_value=0.016541835216257506 0.00057143004206090472 0.0022400954380707764 -0.045759298541852081 -0.033860900461441523 -0.008651693194220586 0.02591164802898336 0.014802139581201298 0.023499575916341112 -0.0031344245544366123 -0.019726441347305824 -0.0061978501917662266 -0.0070882292801766646 0.01558607903874341 -0.0038893609341661764 -0.014019704296235246 -0.0056726836421242335 0.0090946901665482621 -0.00019408436453581499 -0.019961425307808117 0.0074823670499980987 -0.0033893196268403925 0.011347485800174414 -0.036026037595049382 0.023286871628688411 0.0054978031537154231 -0.0089546267461844131 -0.011927795554892626 0.0083823081796955152 -0.035069358914325617 -0.0070336055763977516
leaf_weight=1874.2421217858791 490145.92637769878 14152.54232186079 303.3062304854393 642.3179489672184 4474.4604415893555 453.96919029951096 762.15823036432266 299.82738345861435 80993.962994933128 1810.6443030238152 64654.896398425102 4332.222808778286 9974.9871583580971 14172.734843492508 3528.9481487348676 6611.0743751823902 39277.827084384859 304677.45147180557 6384.7857754826546 23937.556196078658 11613.974267087877 5001.2227276489139 1645.2975806295872 2114.8914909437299 58229.33065611124 8450.8675738200545 10655.83804422617 20827.288486003876 3353.5232637524605 17432.580010294914
leaf_count=669 247824 3462 336 1008 4048 156 363 137 39219 1293 27463 1417 2763 5533 2485 2325 11109 96906 2909 11077 10753 4250 2571 1112 17094 6806 4416 5239 2455 7439
internal_value=-1.10344e-06 0.00392188 -5.36714e-05 -0.00640513 -0.00355381 -0.00134417 -0.00362174 -0.00658768 -1.65924e-05 -0.00042852 -0.0015672 -0.000459409 0.00872014 -0.000972747 -0.000281262 0.00546527 0.00696643 0.000617279 -0.00888833 -0.00180803 0.00209832 -0.00237369 -0.00525751 0.000734028 0.00473395 -0.0133975 -0.00335474 0.00150651 -0.00485845 -0.0115714
internal_weight=1.21279e+06 16026.8 1.19676e+06 6936.04 6293.72 5990.42 5536.45 4774.29 1.18983e+06 699682 334964 270310 14307.2 256002 235445 49417.8 45888.9 364717 20557.5 186027 52763.8 28826.3 23825 13728.9 60040 10096.2 133263 31483.1 101780 20786.1
internal_count=524637 4131 520506 6048 5040 4704 4548 4185 514458 266634 151341 123878 4180 119698 111256 15919 13434 115293 8442 95337 36569 25492 21242 11865 18387 9377 58768 9655 49113 9894
is_linear=0
shrinkage=0.04


Tree=158
num_leaves=31
num_cat=0
split_feature=5 14 5 8 10 10 14 10 4 10 4 9 14 9 15 10 2 10 8 11 9 10 3 7 10 9 10 13 11 11
split_gain=150.556 260.544 181.672 311.571 284.841 517.066 245.618 217.321 211.39 270.976 172.788 165.033 271.485 566.096 511.434 474.28 441.85 506.399 996.722 945.315 565.551 457.415 490.152 438.628 476.383 1127.04 967.619 646.361 744.619 641.007
threshold=93.965679168701186 52.708812713623054 48.28450012207032 19.125000000000004 -0.94975915551185597 -0.82956761121749867 30.915412902832035 -0.89015004038810719 19.553018569946293 -0.47652685642242426 12.429215908050539 79.875000000000014 18.333272933959964 74.125000000000014 1.0000000180025095e-35 0.27383534610271459 0.73333698511123668 -0.99275806546211232 19.375000000000004 -0.31186713278293604 75.125000000000014 -0.90529522299766529 24.778409004211429 11.957169532775881 -0.52124115824699391 78.625000000000014 -0.49157854914665217 0.011921776924282314 0.026874557137489322 -0.99168640375137318
decision_type=2 2 2 2 2 2 2 2 2 2 2 2 2 2 2 2 2 2 2 2 2 2 2 2 2 2 2 2 2 2
left_child=1 2 11 6 -5 -6 7 -4 -7 -10 -2 12 13 14 -1 -16 -14 18 20 21 -18 22 -19 -15 25 27 -26 -25 -29 -28
right_child=10 -3 3 4 5 8 -8 -9 9 -11 -12 -13 16 23 15 -17 17 19 -20 -21 -22 -23 -24 24 26 -27 29 28 -30 -31
leaf_value=0.00024731095066136841 -0.0018356848843232596 -0.0051277463226430588 0.022383179400525918 -0.023407851798324403 0.018937029018421904 -0.0085829882521460728 0.0023085955767428367 0.0073153154049153818 0.013954827185843857 -0.0099923933512054228 0.0088958748689365128 0.0014249985936383583 -0.011703464162060152 -0.00021198919828211948 0.0054124140850587256 -0.0057517790307687047 0.0041774870684602996 0.015569522840237351 -0.029744478676034858 -0.018897526318453855 0.034212341422631978 -0.001900985401735264 -0.0064865322564672872 0.024074219473384985 0.025046498174658791 0.0026901095869516453 -0.015970357812457061 -0.016132259668736264 0.0083065214058435661 0.001620009532461428
leaf_weight=114673.3492468074 3856.4158277511597 15895.172391831875 1935.9876678287983 948.58740675449371 1793.9789679050446 6383.079411149025 16050.19075191021 7288.5497903227806 1830.8005259037018 1273.8061646223068 6335.78775370121 107976.07418131083 7093.0319434702396 675472.24266326427 70853.790987744927 6652.5091158747673 1989.1787959337234 4984.1905668377876 782.49225354194641 5027.0273000448942 2020.0020241737366 92503.127929627895 2373.747056722641 746.94217076152563 2330.1267325878143 12694.130287185311 4213.3805618882179 18993.520595222712 2222.5738219916821 15397.52100032568
leaf_count=46658 699 3096 330 469 329 1818 2749 1157 379 298 933 40268 2950 350688 18172 1590 667 1175 505 2172 424 22428 750 354 521 4565 2071 10302 1193 4927
internal_value=-1.12004e-06 -4.21753e-05 2.59969e-05 0.00276521 -0.00247449 -0.0006952 0.00530063 0.0104985 -0.00442339 0.00412885 0.00483756 -6.34381e-05 -0.000217833 1.17795e-05 0.00194384 0.00445355 -0.00203504 -0.00140877 0.0112941 -0.00199011 0.0193578 -0.00113718 0.00845486 -0.000495435 -0.00387759 -0.00679682 0.000734517 -0.0122788 -0.0135694 -0.00216547
internal_weight=1.21259e+06 1.2024e+06 1.1865e+06 37505 12230.3 11281.7 25274.7 9224.54 9487.69 3104.61 10192.2 1.149e+06 1.04102e+06 924250 192180 77506.3 116773 109680 4791.67 104888 4009.18 99861.1 7357.94 732070 56598.2 34657.2 21941 21963 21216.1 19610.9
internal_count=524637 523005 519909 7529 3293 2824 4236 1487 2495 677 1632 512380 472112 441041 66420 19762 31071 28121 1596 26525 1091 24353 1925 374621 23933 16414 7519 11849 11495 6998
is_linear=0
shrinkage=0.04


Tree=159
num_leaves=31
num_cat=0
split_feature=8 12 10 8 10 10 14 12 10 11 9 10 13 12 9 10 3 11 14 3 11 13 17 9 11 17 11 10 7 6
split_gain=148.899 197.088 199.651 173.13 892.964 969.315 904.622 1022.35 769.785 837.19 619.876 584.575 1006.34 532.264 520.408 512.818 564.889 497.01 642.966 490.629 477.192 613.204 475.31 472.089 434.082 426.718 686.613 552.213 625.692 929.945
threshold=21.625000000000004 0.024418985471129421 -0.01505099539645016 20.625000000000004 -0.99275806546211232 0.37146723270416265 10.071179866790773 0.024418985471129421 -0.98523971438407887 -0.36046156287193293 76.125000000000014 -0.9193688929080962 1.000740170478821 34.427762985229499 78.625000000000014 -0.96689236164093006 0.66702306270599376 -0.19547851383686063 4.3342754840850839 4.6404414176940927 -0.076258823275566087 9.817268371582033 -25.957280158996578 76.625000000000014 1.0000000180025095e-35 -0.78069370985031117 -0.99552518129348744 -0.61997824907302845 1.4106624722480776 1.3830888867378237
decision_type=2 2 2 2 2 2 2 2 2 2 2 2 2 2 2 2 2 2 2 2 2 2 2 2 2 2 2 2 2 2
left_child=3 -2 -3 14 6 8 7 10 -6 11 -5 12 -10 22 -1 16 17 18 -11 -12 -9 -22 -13 -17 -23 26 -24 28 -27 -30
right_child=1 2 -4 4 5 -7 -8 20 9 15 19 13 -14 -15 -16 23 -18 -19 -20 -21 21 24 25 -25 -26 27 -28 -29 29 -31
leaf_value=-0.00018644670960164507 -0.0059960358326757229 0.011059894652520847 -0.011255168202160356 -0.054058970869525942 0.011315837440980768 -0.014135506813930249 -0.037280963978616688 -0.015537390405614269 -0.026998211401282123 0.018778749770229801 -0.026263331979069954 -0.033376088393045511 0.022494903876667076 -0.009619832725947762 0.0024279614543765908 -0.02476114081707077 -0.013414002646492271 -0.0066936379557785653 -0.019374002965204133 0.0061020076727088301 0.014498959800872924 -0.069772661550873888 -0.0083657156321405319 -0.0079869831554437217 0.0029942494354567688 0.0065101158872060572 0.0047497579229045942 0.0010599716310968168 -0.027738000649081024 -0.0050215863018663242
leaf_weight=818691.7162572071 1905.386345051229 5801.1085620969534 712.97898948192596 795.57501861453056 9302.9945409297943 7963.2253440618515 1840.4659541547298 1632.1840187609196 778.23834252357483 4304.0228520035744 2100.257540166378 644.4836905002594 3978.1314232945442 8467.1160624623299 143104.48703683913 3569.399498835206 4111.6994047164917 3678.8308169990778 836.73980635404587 1157.0871059894562 4233.3063560128212 238.13149109482765 7162.2079088687897 10811.904735475779 276.59130242466927 5824.0054852366447 58342.567666709423 75116.043156683445 3315.3137992620468 21755.37908655405
leaf_count=353889 1473 2278 380 1126 4428 6478 1638 1262 449 1148 2649 320 1027 2947 53703 5000 2395 3442 395 640 2558 334 3143 11400 125 2249 20139 27395 2050 8177
internal_value=-1.05968e-06 0.00529669 0.00860396 -3.81491e-05 -0.000993888 -0.000432584 -0.0115018 -0.0069228 5.95615e-05 -0.000433279 -0.0226067 0.000530095 0.0143572 0.000165219 0.000202569 -0.00696996 -0.0011879 0.00452065 0.0125432 -0.0147829 0.00305993 0.00947217 0.000646995 -0.0121646 -0.0313588 0.000776777 0.00331467 -0.000791569 -0.00529221 -0.00803544
internal_weight=1.21245e+06 8419.47 6514.09 1.20403e+06 242236 229962 12273.6 10433.1 221999 212696 4052.92 185383 4756.37 180627 961796 27312.6 12931.3 8819.59 5140.76 3257.34 6380.21 4748.03 172160 14381.3 514.723 171516 65504.8 106011 30894.7 25070.7
internal_count=524637 4131 2658 520506 112914 102582 10332 8694 96104 91676 4415 67896 1476 66420 407592 23780 7380 4985 1543 3289 4279 3017 63473 16400 459 63153 23282 39871 12476 10227
is_linear=0
shrinkage=0.04


Tree=160
num_leaves=31
num_cat=0
split_feature=10 4 4 12 9 13 12 13 4 10 11 9 8 9 10 10 7 8 3 7 10 8 11 17 10 10 13 11 14 11
split_gain=145.53 697.246 308.039 301.51 383.602 168.235 233.254 273.181 156.227 315.141 375.047 227.181 355.932 748.036 391.909 409.395 368.123 356.82 322.672 372.273 883.699 1578.14 843.822 694.467 636.333 503.465 774.263 495.553 438.507 400.886
threshold=-0.99993467330932606 44.485815048217781 0.13342612981796267 5.3568160533905038 76.375000000000014 4.8929224014282235 0.18435750156641009 0.17217846959829333 64.137023925781264 -0.99054482579231251 -0.05909669212996959 73.625000000000014 18.375000000000004 73.375000000000014 0.40318277478218084 -0.99630266427993763 1.0000000180025095e-35 19.125000000000004 1.0000000180025095e-35 3.2766305208206181 -0.99275806546211232 18.625000000000004 -0.97696766257286061 1.0000000180025095e-35 -0.99697706103324879 -0.13505011796951291 0.0088328653946518915 -0.99938741326332081 6.3027465343475351 -0.71651923656463612
decision_type=2 2 2 2 2 2 2 2 2 2 2 2 2 2 2 2 2 2 2 2 2 2 2 2 2 2 2 2 2 2
left_child=1 2 3 -1 -5 6 7 -4 11 10 -10 12 -2 14 15 -14 -16 -17 19 20 21 24 23 25 -13 26 -22 -25 -23 -24
right_child=8 -3 5 4 -6 -7 -8 -9 9 -11 -12 18 13 -15 16 17 -18 -19 -20 -21 22 28 29 27 -26 -27 -28 -29 -30 -31
leaf_value=-0.044679720950458995 0.0032543750303787918 0.044556559492851949 0.0088938074824723573 -0.038196523073342856 0.024956498143252265 -0.021893074156260711 0.017321240344743926 -0.032433822333261635 -0.044218722582135959 -0.001897914613991828 -0.0009895866726800514 0.012431639814401126 -0.013883274746431208 -0.0076588235100887737 -0.0067574747108476319 0.0057980435707739066 -0.050432620806080693 6.8924631556871444e-06 -0.00074929189618209849 0.0022210995356837502 -0.054903713935464379 -0.029740181095182443 -0.00036601944262269732 0.0060002309038182933 -0.014785427999089516 0.0030063729595043078 -0.0033911907156278678 -0.013323645530866464 0.018679893451599018 0.0031218136627438144
leaf_weight=745.3752127289772 86631.020582556725 366.23159658908844 525.82307887077332 295.81028008460999 300.20165690779686 625.58482784032822 846.32160690426826 482.45996534824371 617.65297842025757 31937.015498116612 658.43462258577347 3923.037722080946 2528.5354338288307 17881.943272717297 1215.5151051282883 29619.18313279748 405.77859479188919 40011.126402147114 575882.33392544836 160741.44124358892 615.86822021007538 5045.9304025769234 114889.53656643629 2439.9271603822708 2103.0101020932198 15255.535509705544 1843.3892492651939 16095.651112377644 311.56638541817665 97436.069614417851
leaf_count=1138 19574 76 374 262 145 448 442 544 481 8148 379 1682 1187 5214 645 6496 270 10229 247056 66842 655 6029 59198 1046 1423 7360 1012 8551 159 67572
internal_value=-1.16843e-06 -0.007436 -0.0125219 -0.0278893 -0.00650044 -0.0041319 0.00194449 -0.0110056 2.46656e-05 -0.00268031 -0.0220945 0.000101156 0.00141616 -0.000321335 0.00145783 0.00189589 -0.0179307 0.0024708 -0.000134115 0.000707976 -0.000227687 -0.0111208 0.00027159 -0.00536783 0.00292449 0.000295981 -0.0164615 -0.0107781 -0.0268947 0.00123462
internal_weight=1.21228e+06 4187.81 3821.58 1341.39 596.012 2480.19 1854.6 1008.28 1.20809e+06 33213.1 1276.09 1.17488e+06 178293 91662.1 73780.1 72158.8 1621.29 69630.3 996583 420701 259960 11383.5 248576 36250.4 6026.05 17714.8 2459.26 18535.6 5357.5 212326
internal_count=524637 3429 3353 1545 407 1808 1360 918 521208 9008 860 512200 43615 24041 18827 17912 915 16725 468585 221529 154687 9293 145394 18624 3105 9027 1667 9597 6188 126770
is_linear=0
shrinkage=0.04


Tree=161
num_leaves=31
num_cat=0
split_feature=8 14 10 8 9 12 7 10 9 14 8 12 9 8 14 10 8 13 10 1 3 4 9 9 10 13 8 13 14 9
split_gain=146.119 195.348 157.622 313.792 329.636 225.452 270.964 335.609 278.711 287.994 272.134 250.102 234.993 247.482 228.124 170.717 666.301 270.734 255.413 856.384 403.647 385.631 251.483 249.198 268.062 319.977 246.302 299.761 245.093 224.148
threshold=15.875000000000002 2.6357603073120122 0.48030318319797521 21.125000000000004 73.375000000000014 0.024418985471129421 0.087709460407495513 0.49531894922256475 78.875000000000014 0.022592758759856228 17.375000000000004 2.4717725515365605 76.375000000000014 19.875000000000004 0.25084339082241064 0.40318277478218084 20.625000000000004 0.59689122438430797 0.37146723270416265 1.3178253173828127 0.22356953471899035 0.12496908754110338 76.375000000000014 73.125000000000014 0.43442112207412725 6.2226798534393319 18.375000000000004 1.0000000180025095e-35 1.0000000180025095e-35 79.375000000000014
decision_type=2 2 2 2 2 2 2 2 2 2 2 2 2 2 2 2 2 2 2 2 2 2 2 2 2 2 2 2 2 2
left_child=1 -1 15 4 -4 6 7 12 9 10 -8 -7 -6 -14 -11 18 23 -18 -2 21 22 -20 -21 28 25 26 27 -25 -17 -26
right_child=2 -3 3 -5 5 11 8 -9 -10 14 -12 -13 13 -15 -16 16 17 -19 19 20 -22 -23 -24 24 29 -27 -28 -29 -30 -31
leaf_value=0.015904330091044822 -3.1991548817618073e-05 0.0021807647576456654 -0.044358013178685179 -0.040689330185564768 0.012862168120312323 -0.029682666654123602 0.017542891526067594 -0.026861769392015584 0.044769520884211274 0.028376380382428141 -0.032540246470994703 0.013918255818506831 -0.056902502293497116 -0.0015902221440942269 -0.0070926642925124997 0.0041108595382131647 -0.0077638821544249561 -0.041426278711551356 -0.0088789929676423157 -0.0059763181928932244 0.03720054851115788 -0.041205049696804601 0.021745383492966834 0.032239060374230528 0.0035510176945858806 -0.019997424151961575 0.0070253605661580601 0.011110841128708053 -0.034756313094453095 -0.017700129691966934
leaf_weight=1870.8539441078901 1142803.8367785662 14150.906893789768 298.10078835487366 385.1028459072113 1237.5129833519459 804.30269911885262 266.37137669324875 901.13986629247665 333.56512594223022 887.26892885565758 462.57602548599243 277.12821078300476 168.57954806089401 472.41554293036461 423.73794865608215 555.79454082250595 4583.4214674830437 408.15022021532059 10196.33712375164 1395.9726448655128 812.38377404212952 617.95886129140854 824.89848130941391 1697.3500509262085 13434.00625705719 522.73960983753204 7091.0178139805794 2946.9608771204948 474.02566421031952 834.11328780651093
leaf_count=669 490644 3462 336 656 776 791 114 1122 142 367 525 119 293 526 281 239 3510 315 5407 566 154 436 241 489 6858 185 3355 1047 256 756
internal_value=-1.2431e-06 0.00379218 -5.20866e-05 -0.00606811 -0.00396812 -0.00196898 0.00152598 -0.00693918 0.0114271 0.0057833 -0.0142492 -0.0184843 0.00270952 -0.0167878 0.0169453 -1.70394e-05 0.00283953 -0.0105937 -9.74457e-05 -0.00549529 0.0132574 -0.0107626 0.00437168 0.00527582 0.00602688 0.0103628 0.011731 0.0188852 -0.0139419 0.00229715
internal_weight=1.21214e+06 16021.8 1.19612e+06 6917.8 6532.7 6234.6 5153.17 2779.65 2373.52 2039.95 728.947 1081.43 1878.51 640.995 1311.01 1.1892e+06 32547.6 4991.57 1.15665e+06 13847.6 3033.25 10814.3 2220.87 27556 26526.2 12258.1 11735.3 4644.31 1029.82 14268.1
internal_count=524637 4131 520506 6048 5392 5056 4146 2717 1429 1287 639 910 1595 819 648 514458 17010 3825 497448 6804 961 5843 807 13185 12690 5076 4891 1536 495 7614
is_linear=0
shrinkage=0.04


Tree=162
num_leaves=31
num_cat=0
split_feature=11 11 14 4 16 4 3 9 13 11 10 7 9 10 4 13 3 11 13 10 9 13 10 14 3 10 14 10 12 8
split_gain=141.969 662.349 850.015 442.705 340.862 327.826 359.815 370.638 328.239 316.938 1560.25 1268.26 1323.31 976.905 829.698 713.87 710.026 679.238 1224.08 780.746 633.538 613.756 607.966 602.603 598.463 589.881 586.266 548.002 743.133 819.622
threshold=-0.92602273821830738 -0.93845868110656727 0.39976723492145544 64.137023925781264 1.2150243520736697 3.7290501594543461 3.1140465736389165 78.375000000000014 12.589230060577394 -0.66686570644378651 -0.76762619614601124 3.5537960529327397 77.125000000000014 -0.7996615171432494 5.4525330066680917 1.9962934255599978 28.259243965148929 -0.48501108586788172 0.45654073357582098 -0.89015004038810719 76.375000000000014 2.3150086402893071 -0.68508586287498463 11.075117588043215 22.813292503356937 -0.7785360813140868 18.333272933959964 -0.72174841165542591 1.0000000180025095e-35 19.375000000000004
decision_type=2 2 2 2 2 2 2 2 2 2 2 2 2 2 2 2 2 2 2 2 2 2 2 2 2 2 2 2 2 2
left_child=1 -1 -3 4 5 6 8 -8 -4 16 13 14 23 17 -12 -15 27 18 -11 -19 -16 -14 26 -13 -20 -17 -18 28 -2 -30
right_child=9 2 3 -5 -6 -7 7 -9 -10 10 11 12 21 15 20 25 22 19 24 -21 -22 -23 -24 -25 -26 -27 -28 -29 29 -31
leaf_value=5.2955797338783144e-05 0.014880754680638998 -0.010302477775081436 0.0066531842325103108 -0.021458539098880514 0.0028315396463240174 0.0023113348060244234 0.026493733789315091 0.0023980285239467262 0.024510410431314571 -0.010696994669704927 0.02463708006552643 -0.026086736860751646 -0.019482263394322488 0.00024892176879115469 -0.042820747187001705 -0.020596914030236099 0.0030635040707062866 -0.00010116709505407166 0.0063180182937798302 -0.008492320911188813 0.016920739008769947 0.017641512656783973 0.0047329033657578356 5.2851670007116932e-05 -0.0055713884422858894 -0.0040323371734290823 -0.024519349951404066 -0.0017858680820396714 -0.0040196719250848237 -0.025484948087057362
leaf_weight=397389.48939585686 1646.1141598820686 5006.6090809106827 10766.492031753063 835.64948153495789 14012.825460016727 5765.8640248775482 4712.1524123549461 1305.9877052903175 1937.9224668741226 8734.1937918663025 9336.7567621469498 2704.7129091024399 795.21288132667542 9784.4092586040497 534.34651708602905 8363.4365032911301 2577.4335530996323 331201.18661251664 67223.848811745644 18735.49729847163 585.53454494476318 6281.7695025205612 41535.325082838535 2938.4077682495117 7525.0946456193924 5847.833697617054 2350.0753023028374 230141.92736166716 6257.7194311618805 5217.5782675147057
leaf_count=140589 659 2915 3785 182 3854 1413 977 294 296 4803 2345 1391 348 4441 348 3705 868 188595 20246 17907 182 1490 9544 754 2383 2141 911 101807 2771 2693
internal_value=-1.25552e-06 0.000570414 0.00520662 0.00718266 0.00780971 0.010656 0.0132233 0.0212774 0.00939425 -0.000329078 0.00030089 0.0104237 0.0019361 -0.000212238 0.0207368 -0.00806683 -0.00137403 0.000222797 0.00346456 -0.000550657 -0.0117114 0.0134485 0.00315645 -0.0124997 0.00512051 -0.0137883 -0.0101146 -0.00223944 -0.0101874 -0.0137932
internal_weight=1.21205e+06 441733 44343.5 39336.9 38501.2 24488.4 18722.6 6018.14 12704.4 770318 480592 23176.7 12720.1 457416 10456.6 23995.7 289726 433420 83483.1 349937 1119.88 7076.98 46462.8 5643.12 74748.9 14211.3 4927.51 243263 13121.4 11475.3
internal_count=524637 154305 13716 10801 10619 6765 5352 1271 4081 370332 251079 6858 3983 244221 2875 10287 119253 233934 27432 206502 530 1838 11323 2145 22629 5846 1779 107930 6123 5464
is_linear=0
shrinkage=0.04


Tree=163
num_leaves=31
num_cat=0
split_feature=14 5 10 10 10 10 3 10 8 8 14 15 8 10 9 10 10 7 4 10 10 11 10 1 16 4 10 10 10 11
split_gain=144.103 292.486 200.025 472.025 205.432 348.828 501.441 347.848 178.312 217.623 178.587 173.147 247.663 535.236 426.508 353.543 466.348 317.658 222.756 271.052 244.562 425.7 406.891 195.412 183.193 282.121 536.422 494.665 448.987 591.979
threshold=52.708812713623054 56.463783264160163 -0.15207348018884656 -0.2696967720985412 -0.43054369091987604 -0.55028682947158802 37.821292877197273 -0.38341410458087916 19.125000000000004 17.625000000000004 29.392488479614261 0.93750000000000011 19.625000000000004 1.0000000180025095e-35 76.875000000000014 -0.18598018586635587 -0.28622037172317499 11.596426963806154 6.8311777114868173 -0.47652685642242426 -0.35141934454441065 -0.31186713278293604 -0.91246706247329701 4.8660948276519784 0.87207767367362987 0.1800230294466019 -0.99993467330932606 0.19020386785268786 -0.41495507955551142 -0.9970029592514037
decision_type=2 2 2 2 2 2 2 2 2 2 2 2 2 2 2 2 2 2 2 2 2 2 2 2 2 2 2 2 2 2
left_child=1 11 3 4 5 6 -2 -6 9 -3 -11 24 17 14 -14 16 18 -13 20 -20 21 22 -16 -15 25 26 -1 28 -27 -30
right_child=2 8 -4 -5 7 -7 -8 -9 -10 10 -12 12 13 23 15 -17 -18 -19 19 -21 -22 -23 -24 -25 -26 27 -28 -29 29 -31
leaf_value=-0.031640093720034221 0.0033186863290085378 0.001937591478990316 -0.01303243911559147 0.014145862964911181 -0.026349404774152471 0.0058816481174275327 -0.022114241476257436 -0.0041974120866381873 -0.00089857773745940844 0.019736612859834225 0.0072284572393085094 0.0083886753139914335 -0.017391118347780257 -0.011568779360694288 0.021675025430024034 0.018730017362388322 -0.028668129332402651 -0.0035119738059090459 0.012424291019706579 -0.013262755275900451 0.017190337522550624 -0.041176982671558247 -0.010015658324580073 -0.047362473594563095 0.00080588836807249777 -0.0016437326302746634 0.00061335387683087513 -0.01086376020346019 -0.0037862394678546902 0.002751841394729883
leaf_weight=816.97517582774162 2625.4935632944107 10465.9679864645 2880.3675848245621 2575.1264665126801 1571.1512446403503 5583.0256586074829 2337.2580556869507 4030.1200792789459 8415.3447397947311 2373.7520845830441 7921.7030408382416 5477.643048286438 3217.0281553268433 400.78394728899002 776.36875337362289 1286.3043135404587 1042.5677131414413 10361.103629469872 3002.1725258827209 831.87268853187561 654.63072490692139 560.50613006949425 3686.8184292316437 648.25626862049103 346576.41218836606 297382.38179896027 352695.54399331659 7954.7081308960915 28906.836991429329 94791.767826497555
leaf_count=1106 531 1732 591 324 354 850 700 664 2136 342 1258 1659 1273 191 188 278 386 2518 782 262 130 403 1236 475 128495 141916 187025 4169 11856 30807
internal_value=-1.22985e-06 5.75464e-05 -0.00323818 -0.00172521 -0.00426351 -0.000972477 -0.00867959 -0.0104469 0.00401238 0.00600244 0.0101287 -4.18692e-05 -0.00294543 -0.00643627 -0.00449995 -0.000985955 -0.00340415 0.000606421 -0.000607984 0.00683097 -0.005634 -0.00863645 -0.00446695 -0.0339259 4.03059e-05 -0.000298763 0.000537923 -0.000988163 -0.000801347 0.00122379
internal_weight=1.21185e+06 1.19025e+06 21602.5 18722.2 16147 10545.8 4962.75 5601.27 29176.8 20761.4 10295.5 1.16107e+06 31946.1 16107.3 15058.3 11841.2 10554.9 15838.7 9512.37 3834.05 5678.32 5023.69 4463.19 1049.04 1.12912e+06 782548 353513 429036 421081 123699
internal_count=524637 520623 4014 3423 3099 2081 1231 1018 5468 3332 1600 515155 9781 5604 4938 3665 3387 4177 3001 1044 1957 1827 1424 666 505374 376879 188131 188748 184579 42663
is_linear=0
shrinkage=0.04


Tree=164
num_leaves=31
num_cat=0
split_feature=11 17 11 11 17 14 13 14 10 14 9 2 4 14 8 14 11 7 12 14 9 9 15 10 3 10 17 1 12 13
split_gain=142.943 509.341 1453.97 1105.41 733.085 579.447 555.736 499.813 511.416 597 680.568 570.741 518.144 726.832 841.906 490.091 465.822 2075.29 819.803 483.445 460.152 439.703 418.37 513.459 511.764 412.266 391.976 384.555 353.849 333.164
threshold=-0.98667386174201954 0.047742700204253204 -0.99465739727020253 -0.99628248810768116 -11.939389705657957 10.212116718292238 1.0000000180025095e-35 0.57671257853508007 -0.01505099539645016 42.643693923950202 73.375000000000014 0.85610586404800426 5.3569395542144784 6.3807692527771005 18.875000000000004 13.05358934402466 -0.98049351572990406 2.5191814899444585 34.427762985229499 36.815074920654304 73.625000000000014 75.875000000000014 1.0000000180025095e-35 1.0000000180025095e-35 33.62498855590821 0.1563224866986275 -22.276982307434078 0.10760927572846414 0.14717525988817218 0.66546612977981578
decision_type=2 2 2 2 2 2 2 2 2 2 2 2 2 2 2 2 2 2 2 2 2 2 2 2 2 2 2 2 2 2
left_child=1 3 7 5 21 6 -1 -3 11 10 15 -9 13 14 -12 -10 17 -2 27 25 -4 -5 23 24 -7 -20 -25 -19 -16 -6
right_child=16 2 20 4 29 22 -8 8 9 -11 12 -13 -14 -15 28 -17 -18 18 19 -21 -22 -23 -24 26 -26 -27 -28 -29 -30 -31
leaf_value=-0.017438706700192312 -0.013258097720926355 -0.019909581479854336 -0.0014786692539997903 0.0061860499964005704 0.0079822239082689289 -0.019134872372985955 0.0010440110193815552 -0.0065343151689431379 0.028782313908526039 -0.041515989364341158 -0.024473823790302794 0.0088414828663489747 0.0042453961768388919 -0.020363342691663212 -0.021713314419324191 -0.0010093323660860022 3.9445718845261917e-06 0.0025613618338666266 -0.0091359783951810835 0.0074995188394403976 -0.012809499343211192 0.027278198593225091 -0.0030272924768594794 0.015998608249434026 -0.05715483339421043 -0.047171213892928353 -0.014804054356244845 0.01353420637954024 0.0077318128450340395 0.0004885611403067392
leaf_weight=2848.9535531997681 8531.0754238963127 1793.4965732097626 7541.7304294109344 2867.0816451311111 15192.615825712681 1796.9573236703873 29053.468297362328 4828.6233529448509 1882.5786340236664 597.37256550788879 2013.2087845206261 19173.956423521042 7900.9218972921371 5239.7129520773888 717.02520424127579 1655.8247530460358 994830.74586058408 6589.3150161504745 1388.8576253652573 1601.3912157416344 23958.660322010517 3536.9361414909363 6037.9331096410751 816.59931874275208 829.5385370850563 673.61847305297852 3309.3135235309601 22839.002308785915 6428.2106945514679 25278.128730595112
leaf_count=2008 4565 1203 1305 501 6435 777 13212 1977 221 180 1448 4782 2513 2607 393 295 445770 2515 347 240 10376 613 1427 158 424 375 1337 5674 2304 8655
internal_value=-1.25124e-06 -0.0010576 -0.00331218 0.00100418 0.00529505 -0.00349636 -0.000611482 0.000781513 0.00152107 -0.00231666 -0.00139464 0.00574688 -0.00398221 -0.00849688 -0.00169306 0.0148775 0.00017742 0.00432264 0.00885754 -0.00896668 -0.010098 0.0178596 -0.0106859 -0.0175196 -0.0313141 -0.0217262 -0.00868366 0.011079 0.00475077 0.00330294
internal_weight=1.21175e+06 175299 83731.3 91567.5 46874.8 44692.8 31902.4 52230.9 50437.4 26434.9 25837.5 24002.6 22299.1 14398.2 9158.44 3538.4 1.03645e+06 41623.3 33092.2 3663.87 31500.4 6404.02 12790.3 6752.41 2626.5 2062.48 4125.91 29428.3 7145.24 40470.7
internal_count=524637 65151 29604 35547 16204 19343 15220 17923 16720 9961 9781 6759 9265 6752 4145 516 459486 13716 9151 962 11681 1114 4123 2696 1201 722 1495 8189 2697 15090
is_linear=0
shrinkage=0.04


Tree=165
num_leaves=31
num_cat=0
split_feature=8 2 11 10 14 8 10 14 12 10 10 11 9 10 17 10 13 9 12 3 11 17 11 13 9 10 11 10 14 14
split_gain=141.2 185.747 270.691 193.694 158.399 148.925 798.544 848.111 928.789 832.32 708.746 659.382 591.132 587.167 608.44 542.523 931.195 486.566 469.594 451.605 448.228 442.433 440.971 573.615 439.702 431.043 416.099 411.275 394.017 468.536
threshold=21.625000000000004 0.42464224994182592 -0.12758953124284741 -0.31900864839553827 10.484933853149416 20.625000000000004 -0.99275806546211232 10.071179866790773 0.024418985471129421 0.37146723270416265 -0.98664820194244374 -0.36046156287193293 76.125000000000014 -0.96689236164093006 -4.2771644592285147 -0.9193688929080962 1.000740170478821 78.625000000000014 34.427762985229499 7.7947492599487314 -0.21231865882873532 -25.957280158996578 -0.076258823275566087 9.817268371582033 76.625000000000014 -0.99866804480552662 1.0000000180025095e-35 -0.87812310457229603 7.9823400974273691 3.3265006542205815
decision_type=2 2 2 2 2 2 2 2 2 2 2 2 2 2 2 2 2 2 2 2 2 2 2 2 2 2 2 2 2 2
left_child=5 2 -2 4 -3 17 7 8 12 10 -8 15 -7 14 -13 16 -12 -1 21 25 -16 -17 -10 -24 -15 -14 -25 28 29 -26
right_child=1 3 -4 -5 -6 6 9 -9 22 -11 11 13 19 24 20 18 -18 -19 -20 -21 -22 -23 23 26 27 -27 -28 -29 -30 -31
leaf_value=-0.00019040708999845497 0.0024374173295743057 0.017780301782573303 -0.030200349985322044 -0.0047880168211879561 -0.0028722747140388491 -0.052588884625715954 0.012179026948322368 -0.035978055636122407 -0.014835214214681609 -0.013112218086869505 -0.026017902090551718 -0.019993056340041795 -0.054570969178123589 -0.023894274137443702 0.011768349755243364 -0.032333653347690665 0.021695692924791902 0.0023383881744142116 -0.0090334999512294619 0.0095759393808451145 -0.0034758303729505702 0.00074500605738626077 0.014082491401932852 -0.069121799880209889 -0.0091313011566199875 -0.01371307662092108 0.0027741681234369707 0.02645884265078394 0.0025344538432265453 -0.033761480685390803
leaf_weight=818215.32320483774 2843.0029621720314 3269.057308614254 464.22340171784163 1112.5805760025978 722.58190727233887 777.66749876737595 7452.6957985460758 1823.1400049328804 1627.4869158864021 7938.9185181260109 774.59239202737808 2144.9521675407887 532.56598146259785 3555.8148475140333 5357.3264454603195 639.40587437152863 3966.2915479540825 143009.79151336849 8448.6356402635574 930.9331571161747 7253.225045800209 171393.7092654109 4222.8949765264988 230.04606774449348 5630.2650103569031 1780.2150750458241 276.31732514500618 527.24950996041298 3071.6642226204276 1578.1740730404854
leaf_count=353889 1378 1199 765 481 308 1126 3690 1638 1262 6478 449 1370 979 5000 1625 320 1027 53703 2947 465 5123 63153 2558 334 7091 1845 125 1140 1477 1692
internal_value=-1.29508e-06 0.00516013 -0.00222106 0.00993769 0.0140439 -3.74219e-05 -0.000924448 -0.0108919 -0.00645456 -0.00039462 6.11659e-05 -0.000360723 -0.021474 -0.00595511 -0.000349818 0.000519039 0.0138616 0.000185844 0.000167809 -0.0138756 0.00300453 0.000620188 0.00306579 0.0092444 -0.0117093 -0.0233159 -0.030595 -0.0076818 -0.00945683 -0.014563
internal_weight=1.21157e+06 8411.45 3307.23 5104.22 3991.64 1.20316e+06 241934 12201.3 10378.1 229733 221794 214341 4021.38 29118.7 14755.5 185223 4740.88 961225 180482 3243.71 12610.6 172033 6356.75 4729.26 14363.2 2312.78 506.363 10807.4 10280.1 7208.44
internal_count=524637 4131 2143 1988 1507 520506 112914 10332 8694 102582 96104 92414 4415 24518 8118 67896 1476 407592 66420 3289 6748 63473 4279 3017 16400 2824 459 11400 10260 8783
is_linear=0
shrinkage=0.04


Tree=166
num_leaves=31
num_cat=0
split_feature=8 11 10 10 10 9 16 3 4 6 10 12 18 10 11 11 10 9 7 8 6 14 4 17 10 7 13 10 9 4
split_gain=141.947 239.605 327.986 228.436 275.676 503.486 298.104 220.557 214.225 249.758 232.277 203.544 194.184 223.744 182.824 801.26 704.477 743.465 1153.17 987.301 854.704 828.561 665.453 648.281 614.567 1358.83 612.552 1626.33 1081.67 900.963
threshold=16.875000000000004 0.41005823016166693 -0.88622298836708058 -0.99940761923789967 -0.60639065504074086 73.875000000000014 16.983550071716312 0.35962031781673437 0.10778025910258295 9.4683594703674334 -0.98664820194244374 1.0000000180025095e-35 6.2060816287994394 -0.98523971438407887 0.078402601182460799 0.026874557137489322 -0.99549928307533253 78.375000000000014 8.8324832916259783 18.875000000000004 11.350791931152346 4.3342754840850839 0.20047090947628024 3.2905831336975102 -0.9599599540233611 10.393191814422609 9.6627459526062029 -0.9769422411918639 77.875000000000014 1.0000000180025095e-35
decision_type=2 2 2 2 2 2 2 2 2 2 2 2 2 2 2 2 2 2 2 2 2 2 2 2 2 2 2 2 2 2
left_child=1 3 11 -1 5 8 7 -7 -5 10 -10 -3 13 -9 15 16 17 19 23 -2 -20 -21 -23 -19 25 26 27 -18 -28 -29
right_child=14 2 -4 4 -6 6 -8 12 9 -11 -12 -13 -14 -15 -16 -17 24 18 20 21 -22 22 -24 -25 -26 -27 28 29 -30 -31
leaf_value=0.013371168824872149 -0.0019296410079468599 0.0074123392725363672 -0.025117941202800673 -0.013371890790940238 0.0026805503905880197 -0.0013518437995723679 0.011067906048480751 -0.042922460058857359 -0.0044560510705866077 0.00047249862853721703 0.014338630486526506 0.043137342431674872 -0.0075159379904283594 -0.01480704288311711 -0.0019591212259101889 0.0075001718834752538 -0.0031985432502979632 -0.0038067854969298671 0.033876751104500995 -0.033044822216094449 -0.010459390532845001 0.00056651598607076862 -0.023771676403421923 -0.053331091811161288 -0.00028040883539503353 -0.0062954334928843848 0.016219526287677116 0.021527446316799898 -0.01511533673813583 0.0056366267474319701
leaf_weight=2406.2306525707245 13154.553260505199 449.67408013343811 217.83877855539322 1276.6709744930267 57038.940367043018 5013.3423384130001 1373.0290821492672 519.27255541086197 1344.8448125720024 13699.614893317223 4757.7546483874321 595.20917239785194 7044.5822226107121 3351.9145715534687 81102.309701435268 22364.470096170902 26935.34635168314 2934.1713223308325 2521.7915361821651 3868.8416401445866 953.84957391023636 4086.6852927207947 3198.1831312775612 484.51174268126488 889163.87722733617 18897.065488576889 14712.422445714474 8472.8256213665009 1994.3915586471558 17489.416718125343
leaf_count=756 7371 357 609 626 12999 2473 400 392 508 3469 1391 210 2801 1926 84960 9720 13811 2550 893 5254 673 2583 2747 609 342720 7998 4476 2256 998 6101
internal_value=-1.39932e-06 0.00144923 0.0186934 0.00122476 0.00091709 -0.00170364 -0.00675844 -0.00830098 0.00244671 0.00347279 0.0101963 0.0279788 -0.0114884 -0.0186793 -0.000130636 1.31845e-05 -0.000152859 -0.00606853 0.00551928 -0.00935599 0.0217141 -0.018105 -0.0101363 -0.0109607 3.60024e-05 0.00321462 0.00579706 0.00368691 0.0124721 0.0108289
internal_weight=1.21142e+06 99088.9 1262.72 97826.2 95420 38381 17302.1 15929.1 21078.9 19802.2 6102.6 1044.88 10915.8 3871.19 1.11233e+06 1.03123e+06 1.00887e+06 31202.6 6894.32 24308.3 3475.64 11153.7 7284.87 3418.68 977665 88501.5 69604.4 52897.6 16706.8 25962.2
internal_count=524637 28917 1176 27741 26985 13986 7992 7592 5994 5368 1899 567 5119 2318 495720 410760 401040 22680 4725 17955 1566 10584 5330 3159 378360 35640 27642 22168 5474 8357
is_linear=0
shrinkage=0.04


Tree=167
num_leaves=31
num_cat=0
split_feature=11 9 3 8 9 12 9 3 10 11 9 14 9 11 10 11 14 10 11 10 9 11 10 14 9 11 10 11 14 13
split_gain=136.996 336.407 340.747 151.317 253.707 178.554 151.514 148.779 490.457 1115.49 785.37 686.171 771.946 619.45 583.731 651.316 568.3 505.747 791.889 674.811 864.447 779.73 1137.7 870.782 644.95 636.965 747.645 1038.83 767.277 756.546
threshold=0.48689031600952154 74.875000000000014 0.35962031781673437 17.875000000000004 77.875000000000014 0.053571790456771858 80.125000000000014 0.27087615430355078 -0.60639065504074086 -0.75154608488082875 74.125000000000014 1.4531188607215884 77.875000000000014 -0.87397405505180348 -0.3992436677217483 -0.93543598055839527 1.3482663035392763 -0.67245468497276295 -0.66686570644378651 -0.76762619614601124 74.875000000000014 -0.58654513955116261 -0.87812310457229603 1.3811809420585635 77.375000000000014 -0.024725049734115597 -0.95244166254997242 0.39430940151214605 2.3480329513549809 1.0000000180025095e-35
decision_type=2 2 2 2 2 2 2 2 2 2 2 2 2 2 2 2 2 2 2 2 2 2 2 2 2 2 2 2 2 2
left_child=7 -2 3 -3 -5 6 -6 -1 9 10 -9 12 -12 14 -10 -16 -15 18 -11 21 -21 24 25 -24 -20 -23 -27 29 -29 -28
right_child=1 2 -4 4 5 -7 -8 8 13 17 11 -13 -14 16 15 -17 -18 -19 19 20 -22 22 23 -25 -26 26 27 28 -30 -31
leaf_value=0.00053994968861311983 -0.06487391524933947 0.026590389730531502 0.047940740614827178 -0.071592992421761786 -0.057773906180474198 0.042785068742973865 0.015632358144530973 -0.001177873231053578 -0.0042913915262963098 -0.0070173322373093183 -0.0231697173789773 -0.021413270320276161 0.032303933768828855 -0.01399908471464356 -0.00016826148605497167 0.0057780861788388725 0.0048231428035308077 0.0095759004657988474 -0.0036648271729433873 -0.0065351949397217833 0.014563784926530899 -0.0031539324622653036 -0.018496985218885712 0.0062739767499630618 -0.018938140622519802 0.0037612075397318017 -0.054837716731723905 0.020458866071086525 -0.029068315604029563 -0.013745034057825997
leaf_weight=498003.42322655022 168.98597427457571 84.904970869421959 150.34609569609165 137.39718025177717 97.144240640103817 75.605790831148624 71.588326618075371 8048.1891549229622 46002.177962243557 32843.295859932899 733.84315520524979 9864.7684534788132 862.42367845773697 2662.1426237821579 231326.79486012459 33765.120590209961 65263.897253572941 7190.0554146170616 14502.170842587948 4513.7098090052605 9925.1139745116234 134925.11957317591 2374.6069349125028 47675.204341210425 6359.4747737050056 47077.574362680316 946.05485972762108 2040.2436109259725 652.60159939527512 2909.9158801585436
leaf_count=250680 1243 184 264 1542 670 108 180 2282 14750 13846 649 5992 232 1867 74504 8877 19539 2367 5638 1471 2763 59428 1753 13816 2909 26909 2071 1959 1463 4681
internal_value=-1.3721e-06 -0.0165904 -0.00254233 -0.0194719 -0.0301343 -0.00492287 -0.0274976 9.53636e-06 -0.000361218 -0.00148011 -0.0107583 -0.0174791 0.00681585 0.000623148 -0.000132514 0.000589322 0.00408351 -0.000903203 -0.00114914 -0.000445255 0.00796809 -0.000913737 -0.000265199 0.00509526 -0.00832759 -0.00168829 0.00199918 -0.0106539 0.00839299 -0.0239428
internal_weight=1.21125e+06 785.973 616.987 466.641 381.736 244.338 168.733 1.21047e+06 712464 333444 19509.2 11461 1596.27 379020 311094 265092 67926 313935 306745 273902 14438.8 259463 238601 50049.8 20861.6 188552 53626.4 6548.82 2692.85 3855.97
internal_count=524637 4191 2948 2684 2500 958 850 520446 269766 150229 9155 6873 881 119537 98131 83381 21406 141074 138707 124861 4234 120627 112080 15569 8547 96511 37083 10174 3422 6752
is_linear=0
shrinkage=0.04


Tree=168
num_leaves=31
num_cat=0
split_feature=11 17 11 11 17 14 13 14 13 7 10 14 9 2 4 14 8 13 11 7 12 14 9 10 15 10 3 4 10 9
split_gain=135.096 470.91 1338.88 1019.84 678.962 535.951 522.866 463.097 452.115 449.36 444.194 563.807 614.09 504.719 479.66 569.795 801.937 461.588 425.937 1915.84 754.406 447.164 416.474 389.368 388.403 481.087 494.769 386.979 362.083 458.21
threshold=-0.98667386174201954 0.047742700204253204 -0.99465739727020253 -0.99628248810768116 -11.305799961090086 10.212116718292238 0.40035358071327215 0.72510570287704479 24.592797279357914 4.3024220466613778 -0.01505099539645016 42.643693923950202 73.375000000000014 0.85610586404800426 8.23468065261841 6.3807692527771005 18.875000000000004 17.327754974365238 -0.98049351572990406 2.5191814899444585 34.427762985229499 36.815074920654304 75.875000000000014 0.1563224866986275 1.0000000180025095e-35 1.0000000180025095e-35 33.62498855590821 0.15981265157461169 0.05372969992458821 74.875000000000014
decision_type=2 2 2 2 2 2 2 2 2 2 2 2 2 2 2 2 2 2 2 2 2 2 2 2 2 2 2 2 2 2
left_child=1 3 7 5 8 6 27 -3 -5 22 13 12 17 -9 15 16 -14 -12 19 -2 -21 23 -4 -22 25 26 -7 -1 29 -29
right_child=18 2 9 4 -6 24 -8 10 -10 -11 11 -13 14 -15 -16 -17 -18 -19 -20 20 21 -23 -24 -25 -26 -27 -28 28 -30 -31
leaf_value=-0.00060731030812373964 -0.012762130555970553 -0.016260564726491341 -0.009246913237968557 0.021439479492302002 0.0030943560958734484 -0.018407274911849483 0.0031036535660822636 -0.006335034168621724 -0.0060546405131511084 -0.006546904438349703 0.029975388363347902 -0.0403215059487496 -0.02322227556596667 0.008418304470133052 0.0056069396026913873 -0.017188052298638939 0.004625583324256978 0.00098748521277650689 6.4376345606898821e-06 0.010628329917647462 -0.0087640284360095931 0.0071946312721244748 -0.026011335918276011 -0.045907345791780289 -0.0029215457929844865 -0.0083570432291640503 -0.056056175634371458 -0.002441821832561262 0.009472814860161034 -0.029627310658859415
leaf_weight=5812.8156249523163 8522.0818428397179 2435.6051775217056 5192.2933930754662 5626.8786487579346 40077.360151946545 1792.6852408051491 20951.40887761116 4601.047362267971 1148.0254596471786 21903.536839663982 1620.0299260616302 590.96830153465271 2104.072860956192 19016.111188828945 6398.1939088106155 5895.5884416103363 7602.163846373558 1908.8485567569733 994338.51042363048 29400.876182675362 1387.8648562431335 1600.7469111680984 4381.0766399502754 663.97384208440781 6037.4216467142105 4120.1521195173264 812.82422083616257 1526.3602104783058 772.32388633489609 2833.7722586393356
leaf_count=3261 4565 1563 2776 998 14997 777 8694 1855 209 6574 183 180 1494 4722 1930 2814 2849 333 445770 8189 347 240 2331 375 1427 1495 424 831 386 2048
internal_value=-1.41445e-06 -0.00102878 -0.00319789 0.000954098 0.00507626 -0.0033706 -0.000597785 0.0007331 0.0167785 -0.00971162 0.00156838 -0.00202582 -0.00112387 0.00554262 -0.00361009 -0.00739109 -0.00142883 0.0143423 0.00017231 0.00413842 0.00849838 -0.00862848 -0.016938 -0.0209479 -0.0102943 -0.0168985 -0.0303218 -0.00767943 -0.0156723 -0.0201378
internal_weight=1.21108e+06 175162 83649.5 91512 46852.3 44659.8 31896.7 52172.6 6774.9 31476.9 49737 26119.9 25528.9 23617.2 22000 15601.8 9706.24 3528.88 1.03591e+06 41575.5 33053.5 3652.59 9573.37 2051.84 12763.1 6725.66 2605.51 10945.3 5132.46 4360.13
internal_count=524637 65151 29604 35547 16204 19343 15220 17923 1207 11681 16360 9783 9603 6577 9087 7157 4343 516 459486 13716 9151 962 5107 722 4123 2696 1201 6526 3265 2879
is_linear=0
shrinkage=0.04


Tree=169
num_leaves=31
num_cat=0
split_feature=17 10 15 10 10 4 0 4 11 10 11 10 10 8 12 12 1 9 11 6 7 11 11 14 10 11 10 11 13 7
split_gain=136.195 185.064 158.512 341.474 596.742 348.857 277.234 172.09 226.444 286.43 211.575 524.071 480.124 318.717 317.004 209.003 197.385 194.315 314.886 418.988 367.109 286.841 297.918 662.048 248.507 266.01 415.018 339.409 599.327 472.039
threshold=35.685699462890632 0.019350802991539243 0.93750000000000011 0.24059136956930163 -0.01505099539645016 14.846263885498049 72.389984130859389 80.654922485351577 -0.05909669212996959 -0.9769422411918639 -0.93543598055839527 -0.47652685642242426 -0.20285348594188687 19.375000000000004 17.222748756408695 2.2651491165161137 0.14242545515298846 73.375000000000014 0.33019435405731207 0.2482896372675896 4.7901563644409189 -0.99983122944831837 -0.99168640375137318 8.0809469223022479 0.40318277478218084 -0.94703993201255787 0.29033823311328893 -0.8349313735961913 39.262451171875007 34.496551513671882
decision_type=2 2 2 2 2 2 2 2 2 2 2 2 2 2 2 2 2 2 2 2 2 2 2 2 2 2 2 2 2 2
left_child=2 -2 6 4 -4 -6 7 17 9 -9 12 13 -11 15 16 -12 -15 18 21 -20 -21 -1 23 -23 25 26 -24 28 -27 -29
right_child=1 -3 3 -5 5 -7 -8 8 -10 10 11 -13 -14 14 -16 -17 -18 -19 19 20 -22 22 24 -25 -26 27 -28 29 -30 -31
leaf_value=-0.019757310184212066 0.0069128579485215527 -0.0082529548482480723 -0.0015300017807284717 0.019500300725221638 -0.025878023227280687 0.0033648086278705142 0.0063005418081791787 -0.028646540642315747 0.015819305036198515 0.016187890954217927 0.019539185150198101 -0.031094322445260576 -0.0086939577181441401 -0.0033945330843048464 0.010514832421930487 -0.0015672934497118006 -0.028654682982254744 -0.00010157397081996727 -0.055967394724128719 0.015814820983489457 -0.037773976521282053 0.026545705222972435 -0.00069432764336865448 0.0031664585155312024 -0.010740904505008355 0.011724870057384144 -0.024596589032200189 0.0030080345611493277 -0.012741914784143629 -0.0099783538966572282
leaf_weight=938.68879568576813 8543.6370016038418 1506.7768121957779 43392.12933781743 1113.6869050264359 2637.269434094429 863.50656670331955 11245.255144134164 771.66827720403671 870.03505503386259 2329.8001770973206 855.62770187854767 1261.9539939761162 2632.4298658370972 706.29930412769318 633.71895396709442 5643.6443377733231 1667.437685072422 1034867.9116910249 331.54947333782911 555.66731335222721 310.48632943630219 2503.2416176795959 16349.695876955986 8482.0677007436752 2566.8068999052048 12413.047918319702 1241.2799880504608 36749.020768851042 1830.628267288208 5089.8383730053902
leaf_count=241 1537 307 11246 195 1172 182 1995 458 415 325 216 349 611 310 163 1354 742 479465 966 554 594 381 3013 1498 1281 2138 371 10782 346 1430
internal_value=-1.47162e-06 0.00463323 -4.02995e-05 -0.00229212 -0.00281373 -0.0186759 5.34895e-05 -8.10116e-06 -0.00395766 -0.00500927 -0.0038323 -0.00697925 0.0029973 -0.00374883 -0.0144921 0.00123712 -0.0211844 5.29656e-05 0.00184244 -0.0184447 -0.00360681 0.0021201 0.00235778 0.00851323 0.00146985 0.00189668 -0.00239397 0.00324268 0.00857361 0.00142619
internal_weight=1.2109e+06 10050.4 1.20085e+06 48006.6 46892.9 3500.78 1.15285e+06 1.1416e+06 17372.6 16502.6 15730.9 10768.7 4962.23 9506.73 3007.46 6499.27 2373.74 1.12423e+06 89362 1197.7 866.154 88164.3 87225.6 10985.3 76240.3 73673.5 17591 56082.5 14243.7 41838.9
internal_count=524637 1844 522793 12795 12600 1354 509998 508003 4943 4528 4070 3134 936 2785 1215 1570 1052 503060 23595 2114 1148 21481 21240 1879 19361 18080 3384 14696 2484 12212
is_linear=0
shrinkage=0.04


Tree=170
num_leaves=31
num_cat=0
split_feature=8 14 5 14 6 14 9 3 10 11 9 3 8 12 9 11 11 14 11 9 8 11 12 4 7 2 4 3 10 10
split_gain=135.388 180.01 136.815 237.497 191.184 244.976 274.684 233.919 192.834 412.388 180.535 301.149 388.627 859.107 673.166 627.535 875.472 528.489 985.833 481.113 469.808 417.638 384.178 383.754 379.993 374.993 449.919 344.883 452.728 342.497
threshold=15.875000000000002 2.6357603073120122 93.965679168701186 47.137434005737312 32.133495330810554 30.915412902832035 79.375000000000014 18.150505065917972 -0.99054482579231251 -0.31186713278293604 73.625000000000014 0.27087615430355078 18.625000000000004 1.0000000180025095e-35 74.125000000000014 -0.39233249425888056 -0.34436371922492975 4.0913789272308358 0.078402601182460799 75.625000000000014 17.625000000000004 -0.45464412868022913 2.7451651096343999 0.12496908754110338 7.5756473541259775 2.9678692817687993 2.2328300476074223 5.7308158874511728 -0.65962448716163624 -0.52124115824699391
decision_type=2 2 2 2 2 2 2 2 2 2 2 2 2 2 2 2 2 2 2 2 2 2 2 2 2 2 2 2 2 2
left_child=1 -1 3 4 5 10 -7 -8 -6 -10 -2 -12 13 15 20 23 -17 25 -19 -16 21 -15 -21 -13 -22 26 -18 28 -24 -30
right_child=2 -3 -4 -5 8 6 7 -9 9 -11 11 12 -14 14 19 16 17 18 -20 22 24 -23 27 -25 -26 -27 -28 -29 29 -31
leaf_value=0.015293612718118426 0.0013383876937011461 0.0021053725929783616 0.004593124368034592 -0.0040877075601235182 0.014838429518514041 -0.008500143103977743 -0.0070020206671706367 0.017619021950526146 0.0026169918503239969 -0.013755016717762684 0.00049343771916391353 0.004521522746311451 -0.00026963965926220067 0.0045255318468526238 -0.009738525147289746 0.037248126760527356 0.015607212505015818 0.010587934783296504 -0.044410481822765357 0.0015805038286717343 -0.002124258767749466 -0.0060230281743301108 0.0065989187360949372 -0.012460619267657153 -0.016913652738647859 0.034087787383136336 -0.0072378158655425559 -0.016381781822452035 -0.042445260228638614 -0.0077578379515193686
leaf_weight=1866.3907984048128 130012.02094792575 14139.921753153205 10056.377780258656 23298.020384788513 1878.3598257303238 10304.57496291399 1133.1947621107101 1335.5235135555267 51402.842036545277 2575.5554044246674 457795.91492220387 4666.4502577781677 374974.55244009197 25346.274151206017 37504.831987477839 1730.6770050525665 4043.61602563411 1328.762814283371 845.22092495113611 14866.86900370568 8316.0068678110838 7859.5593460574746 3997.9914106577635 3899.7023701071739 4167.9370508641005 1007.5227684378624 2083.4731862396002 4766.5206118673086 526.16301643848419 3077.2420422434807
leaf_count=669 35714 3462 1612 4590 514 2559 360 287 9954 975 240626 2429 159348 6857 22684 410 2324 631 1409 7262 3687 3743 1747 2521 1914 333 1502 2697 375 1442
internal_value=-1.47874e-06 0.00365176 -5.04499e-05 -8.9904e-05 -9.67568e-06 -0.000125037 -0.00563026 0.00633478 0.00227332 0.00183341 -6.06387e-05 -0.000249568 -0.000923106 -0.0028073 -0.00417724 0.0049072 0.011207 0.00633062 -0.0109003 -0.00680056 -0.000459493 0.00202771 -0.00275262 -0.00321504 -0.00707149 0.011589 0.00783979 -0.00795832 -0.00266173 -0.0129263
internal_weight=1.21081e+06 16006.3 1.1948e+06 1.18475e+06 1.16145e+06 1.10559e+06 12773.3 2468.72 55856.8 53978.4 1.09282e+06 962805 505009 130035 110429 19605.4 11039.3 9308.6 2173.98 64739.6 45689.8 33205.8 27234.8 8566.15 12483.9 7134.61 6127.09 12367.9 7601.4 3603.41
internal_count=524637 4131 520506 518894 514304 502861 3206 647 11443 10929 499655 463941 223315 63967 52408 11559 6609 6199 2040 36207 16201 10600 13523 4950 5601 4159 3826 6261 3564 1817
is_linear=0
shrinkage=0.04


Tree=171
num_leaves=31
num_cat=0
split_feature=16 11 11 14 11 8 14 9 4 10 11 11 10 14 14 14 8 3 10 14 8 9 18 12 17 14 7 9 10 3
split_gain=131.972 238.121 462.844 552.447 463.582 360.117 281.307 262.322 234.249 483.756 379.843 1315.69 929.682 707.872 531.05 460.166 397.223 390.582 378.709 1161.66 486.673 462.029 435.233 470.01 408.354 375.37 378.409 371.256 363.708 352.942
threshold=0.63817954063415538 0.37844388186931616 0.31390938162803655 6.2246580123901376 0.26451654732227331 17.625000000000004 5.4751389026641855 74.875000000000014 0.1800230294466019 -0.99993467330932606 0.3624663800001145 0.34638161957263952 -0.90893998742103566 0.14241571724414828 3.9683904647827153 0.55316376686096203 19.625000000000004 0.25934714078903204 -0.99467751383781422 1.2487271428108218 20.875000000000004 73.375000000000014 23.263420104980472 0.028814638964831833 -2.1374423503875728 6.3027465343475351 9.3685245513916033 77.375000000000014 0.19020386785268786 0.11512041464447977
decision_type=2 2 2 2 2 2 2 2 2 2 2 2 2 2 2 2 2 2 2 2 2 2 2 2 2 2 2 2 2 2
left_child=8 2 4 -4 -2 -3 -6 -5 9 -1 11 18 13 -12 17 -13 -15 -14 19 -11 21 -21 23 -22 -23 26 -26 -17 -10 -27
right_child=1 5 3 7 6 -7 -8 -9 28 10 12 15 14 16 -16 27 -18 -19 -20 20 22 24 -24 -25 25 29 -28 -29 -30 -31
leaf_value=-0.030241180760823459 0.0006181662215547643 0.008307835763220011 0.027660910724640147 -0.065941774367267586 -0.01123308281719047 -0.037052592656102792 -0.050734766036990439 0.012112585076667532 -0.00075127090323612701 -0.016383364825076494 -0.065034545642581487 0.041253731887492047 -0.001968323611544821 -0.0031635195468680739 -0.053570363821924961 -0.037858761455305298 -0.044092358051511571 0.024250483053248124 0.00020932606246828526 -0.02587137526217996 -0.029856090214709072 0.020772880620416805 -0.050301526901901886 0.0151366538732573 -0.0039079896695817561 0.028433220280689574 0.038665174660851662 0.028660691607110302 -0.0092642713108618546 0.0049073751229007697
leaf_weight=808.54345194995403 406767.17141160369 484.19737461209297 1775.2184161096811 152.39482182264328 1118.1915448457003 644.27754741162062 382.90103693306446 114.99669380486012 440426.46365901828 3196.3731634914875 626.92680490016937 1712.0415610074997 4734.1028433218598 1238.1320562958717 267.47611430287361 236.12466138601303 538.1331624686718 1114.7952141463757 318235.73440238833 486.95831447839737 557.63663041591644 6671.2967301905155 328.1405776143074 1065.041550308466 4112.6150197088718 1972.2355612814426 353.50407445430756 285.35150274634361 8169.0886050760746 2113.008980691433
leaf_count=1088 142586 531 1048 305 1050 1668 658 188 186420 3003 2334 1002 10764 1523 1098 395 1199 1395 153446 240 515 2710 350 555 2624 549 98 218 4142 935
internal_value=-1.43268e-06 0.000580626 0.000631299 0.0195781 0.000536029 -0.0176877 -0.0215783 -0.0331465 -0.00030107 0.000473466 0.000545314 0.000753645 -0.00779229 -0.0288163 0.00050183 0.0312846 -0.0157406 0.00306182 0.000551628 0.00577191 0.00978881 0.0121286 -0.00901861 -0.000413357 0.0133603 0.00755996 -0.000459369 -0.00160496 -0.000906499 0.0163067
internal_weight=1.21069e+06 411439 410311 2042.61 408268 1128.47 1501.09 267.392 799250 350654 349846 341326 8519.57 2403.19 6116.37 2233.52 1776.27 5848.9 339093 20856.8 17660.4 15709.6 1950.82 1622.68 15222.7 8551.36 4466.12 521.476 448596 4085.24
internal_count=524637 148034 145835 1541 144294 2199 1708 493 376603 186041 184953 166640 18313 5056 13257 1615 2722 12159 165025 11579 8576 7156 1420 1070 6916 4206 2722 613 190562 1484
is_linear=0
shrinkage=0.04


Tree=172
num_leaves=31
num_cat=0
split_feature=8 10 11 1 14 8 11 13 10 11 4 11 7 10 10 13 11 12 16 4 10 10 3 12 14 7 14 0 10 4
split_gain=131.813 172.314 203.141 187.797 157.839 137.127 224.377 302.166 209.028 247.287 247.347 320.283 266.381 238.55 399.551 227.392 220.75 271.611 220.049 217.755 195.418 423.161 317.342 203.215 198.876 193.961 193.871 184.795 172.302 667.291
threshold=21.625000000000004 0.1732888147234917 -0.09339838474988936 0.25203670561313635 10.484933853149416 16.875000000000004 0.41005823016166693 1.0000000180025095e-35 -0.99940761923789967 -0.90892156958580006 3.7981861829757695 0.21441935747861865 6.9281733036041269 -0.15207348018884656 -0.083760455250740037 63.53197097778321 0.31390938162803655 1.0000000180025095e-35 5.112621784210206 14.090732097625734 -0.86546283960342396 -0.82956761121749867 0.3749783337116242 7.9552297592163095 10.484933853149416 9.7235374450683612 2.2600073814392094 28.226870536804203 -0.99993467330932606 44.485815048217781
decision_type=2 2 2 2 2 2 2 2 2 2 2 2 2 2 2 2 2 2 2 2 2 2 2 2 2 2 2 2 2 2
left_child=5 2 4 -4 -2 6 8 -8 -1 13 16 18 -13 15 19 -10 17 -11 20 -15 22 -22 23 -12 -23 -20 -9 -19 29 -7
right_child=1 -3 3 -5 -6 28 7 26 9 10 11 12 -14 14 -16 -17 -18 27 25 -21 21 24 -24 -25 -26 -27 -28 -29 -30 -31
leaf_value=0.012801422203979758 0.011619509661342267 -0.011312997085235175 -0.028903947609603377 0.010454071894727419 -0.0065090976796622485 -0.014615618827453826 -0.023992085932349725 0.037873435295516289 0.0082925463910178184 0.0082789322059304005 -0.0027934297028842088 -0.0034134840974260963 0.029028614331682905 -0.024861023366934663 0.002512690704391449 -0.0095531235089407855 -0.029639408330613196 -0.0084587817083688274 0.017882920809071085 -0.0029763828105965999 0.017635488330660636 0.0065331724469225643 -0.010984373370918994 0.024465239890115963 -0.0045731410188315485 0.0026118005336014834 -0.00052367188626133859 0.0042818369801159457 -0.00013588446010631073 0.043286152289968974
leaf_weight=2402.4442303776741 5828.8683260679245 914.94381815195084 446.70761951059103 330.08741264790297 878.3287827372551 3221.9621513038874 216.62044969201088 742.05793619155884 15047.891742765903 2370.7439035773277 1121.5826748609543 625.58328318595886 1128.2585460841656 1349.3542320728302 23863.448771178722 1227.9927235841751 554.59262034296989 11189.130666077137 1580.3540494441986 1571.6551938056946 2025.965503513813 3396.7251244783401 6625.6515206694603 705.67567503452301 10620.562120378017 8183.8236482143402 291.74329758435488 2168.8859370350838 1099574.398095496 343.55827379226685
leaf_count=756 2217 561 750 228 375 3140 417 456 2807 1006 451 472 469 453 5670 217 658 5000 383 303 373 1091 2562 136 2595 1798 303 541 488376 73
internal_value=-1.49139e-06 0.00498914 0.00699456 -0.012259 0.00923935 -3.64001e-05 0.00138951 0.0181589 0.00117319 0.000878912 -0.000969375 0.000880518 0.017503 0.00312339 0.000801809 0.00694108 -0.00505884 -0.00417386 2.47276e-05 -0.0131363 -0.00199923 0.000594702 -0.00691728 0.00780956 -0.00187908 0.00509923 0.0271364 -0.00638848 -0.000164392 -0.00893099
internal_weight=1.21055e+06 8398.94 7483.99 776.795 6707.2 1.20215e+06 99010.7 1250.42 97760.3 95357.9 52297.5 36014.2 1753.84 43060.3 26784.5 16275.9 16283.4 15728.8 34260.3 2921.01 24496.2 16043.3 8452.91 1827.26 14017.3 9764.18 1033.8 13358 1.10314e+06 3565.52
internal_count=524637 4131 3570 978 2592 520506 28917 1176 27741 26985 17535 10330 941 9450 6426 3024 7205 6547 9389 756 7208 4059 3149 587 3686 2181 759 5541 491589 3213
is_linear=0
shrinkage=0.04


Tree=173
num_leaves=31
num_cat=0
split_feature=11 9 3 8 9 12 8 3 10 10 9 14 9 11 3 10 11 4 10 10 12 2 9 6 3 17 10 10 10 9
split_gain=127.993 318.341 315.078 142.22 247.368 170.842 146.565 131.194 445.173 1020.52 724.827 634.639 713.761 582.508 530.177 527.552 607.724 501.338 1313.06 1056.03 735.767 572.923 652.481 495.178 482.973 724.608 467.325 726.024 625.032 799.026
threshold=0.48689031600952154 74.875000000000014 0.35962031781673437 17.875000000000004 77.875000000000014 0.053571790456771858 19.625000000000004 0.27087615430355078 -0.60639065504074086 -0.65962448716163624 74.125000000000014 1.4531188607215884 77.875000000000014 -0.87397405505180348 4.3208792209625253 -0.3992436677217483 -0.93543598055839527 0.12496908754110338 -0.53584328293800343 -0.50648479163646687 2.1657265424728398 4.3724560737609872 74.375000000000014 1.7478886842727663 68.773555755615249 -4.0421631336212149 -0.67245468497276295 -0.74512827396392811 -0.76762619614601124 74.875000000000014
decision_type=2 2 2 2 2 2 2 2 2 2 2 2 2 2 2 2 2 2 2 2 2 2 2 2 2 2 2 2 2 2
left_child=7 -2 3 -3 -5 6 -6 -1 9 26 -11 12 -12 15 -15 23 -17 18 20 -19 -16 -21 -23 -10 25 -25 27 28 -9 -30
right_child=1 2 -4 4 5 -7 -8 8 13 10 11 -13 -14 14 17 16 -18 19 -20 21 -22 22 -24 24 -26 -27 -28 -29 29 -31
leaf_value=0.00050718733933257699 -0.063946050975296681 0.025811122353595662 0.046598459054166839 -0.07118808381323119 0.026988604596316024 0.042230026834706405 -0.050101877862973716 -0.00086732400620286466 0.012602076440781713 -0.0010913153760869405 -0.022205300421927296 -0.020551107367533211 0.031264388888217073 -0.0018397015364229345 0.036254941387454984 -0.00017995887284266105 0.0055653660401127659 0.0013067647937116808 -0.013078412954586244 -0.01007624028413109 0.0076011306774383496 0.0094541456117489663 0.034450719759644997 -0.017092985295828089 0.0072481650297115075 -0.0037230442491255843 0.0092229562405531495 -0.0067109433024201623 -0.0062608534312724338 0.014032250470541102
leaf_weight=497789.53134257346 163.70017975196242 84.51525029540062 147.06051575392485 132.48468739539385 49.778751730918884 75.059726722538471 116.58550827205181 259234.1443201527 2669.1269426941872 8045.7556228041649 731.22805804014206 9832.691658437252 857.00719445943832 18408.252016365528 3538.8031152486801 231160.58568483591 33749.630544602871 33859.259824872017 1952.7399302721024 1024.9472061991692 2416.7537925839424 3355.3672431707382 3338.7205890417099 8225.6569164991379 4516.1966257095337 30568.853221952915 7184.4312784075737 32825.53453451395 4511.1178385615349 9912.0072719454765
leaf_count=250680 1243 184 264 1542 101 108 749 120627 1159 2282 649 5992 232 8011 683 74504 8877 9580 838 418 754 522 600 2993 803 9795 2367 13846 1471 2763
internal_value=-1.40622e-06 -0.0162081 -0.00247227 -0.0188727 -0.0293819 -0.00452126 -0.0268128 9.03258e-06 -0.000339291 -0.00140586 -0.0102904 -0.0167643 0.00666188 0.000598745 0.00395506 -0.000134338 0.000552179 0.00611055 0.0153364 0.00435251 0.0246595 0.0176936 0.0219541 -0.00408893 -0.00512023 -0.00656157 -0.000854159 -0.00109068 -0.000416296 0.00768524
internal_weight=1.21048e+06 769.185 605.484 458.424 373.909 241.424 166.364 1.20971e+06 711919 333134 19466.7 11420.9 1588.24 378785 67894.8 310890 264910 49486.6 7908.3 41578.3 5955.56 7719.04 6694.09 45979.8 43310.7 38794.5 313667 306483 273657 14423.1
internal_count=524637 4191 2948 2684 2500 958 850 520446 269766 150229 9155 6873 881 119537 21406 98131 83381 13395 2275 11120 1437 1540 1122 14750 13591 12788 141074 138707 124861 4234
is_linear=0
shrinkage=0.04


Tree=174
num_leaves=31
num_cat=0
split_feature=11 17 11 11 17 14 13 4 8 13 10 9 7 7 14 10 2 14 9 4 14 8 14 14 11 11 7 12 14 12
split_gain=126.002 442.01 1285.82 933.084 640.208 489.483 523.307 497.381 464.432 464.318 1107.8 940.955 451.572 422.521 401.215 400.041 660.136 496.711 599.617 449.86 591.169 722.536 407.642 399.367 509.065 391.395 1772.65 705.51 414.817 365.201
threshold=-0.98667386174201954 0.10551568865776063 -0.99465739727020253 -0.99628248810768116 -7.2849659919738761 10.212116718292238 1.0308667421340945 0.15981265157461169 19.125000000000004 0.66546612977981578 -0.13505011796951291 77.125000000000014 4.3024220466613778 2.7819783687591557 15.194740295410158 -0.01505099539645016 0.85610586404800426 42.643693923950202 73.375000000000014 4.8221216201782235 6.3807692527771005 18.875000000000004 13.05358934402466 0.42155498266220098 -0.99273797869682301 -0.98049351572990406 2.6515079736709599 34.427762985229499 32.567426681518562 0.14717525988817218
decision_type=2 2 2 2 2 2 2 2 2 2 2 2 2 2 2 2 2 2 2 2 2 2 2 2 2 2 2 2 2 2
left_child=1 3 15 5 8 6 7 -1 -5 10 -6 23 -4 -11 -10 16 -3 18 22 20 21 -20 -17 24 -12 26 -2 -28 -29 -23
right_child=25 2 12 4 9 -7 -8 -9 14 13 11 -13 -14 -15 -16 17 -18 -19 19 -21 -22 29 -24 -25 -26 -27 27 28 -30 -31
leaf_value=0.00092287418340444535 -0.011768194724379615 -0.007961115398038978 -0.017119562950018249 0.002651421380565643 -0.020647432825998693 -0.0098448946496190702 0.0043127404977557895 -0.013224808567520077 0.006086095524171397 -0.014087755234704107 -0.0074429940666083721 -0.0079986804464100818 -0.0064713782596908433 0.0010004366959071708 0.026643448367672854 0.026336294057153403 0.0078846219331449724 -0.038847075716449408 -0.023991258638479961 0.0031159060648774661 -0.019592170861139013 -0.023100658456834688 -0.00093173110396099551 0.024168700722966716 0.020918154468720203 7.4549118050317679e-06 0.010395341172158585 -0.022359138706896351 0.0046175744858877668 0.0066190067358287289
leaf_weight=8356.0845980644226 8967.7903484106064 5374.9242486953735 9027.0021353363991 4093.532060444355 1914.1094735264778 12784.472869455814 16775.49113124609 7572.8427371382713 2301.4260181188583 3532.0643473863602 1861.8522545099258 2947.6865853667259 21694.613302946091 18366.54531121254 4499.8970494866371 1854.661449432373 19229.796212852001 583.49484777450562 1943.0001631379128 8312.766181230545 5028.1291189789772 729.1994321346283 1655.1481375694275 6049.605224609375 2199.7086860537529 993794.88071285188 28924.57286220789 1735.6856308579445 1903.8177013993263 6300.6171700954437
leaf_count=4428 4763 2371 4819 869 1232 4136 6596 4631 692 1915 1047 1242 6515 6042 731 222 4864 180 1442 2718 2546 417 295 2023 874 445770 7991 655 307 2304
internal_value=-1.32835e-06 -0.00099403 -0.00314123 0.000888008 0.00479211 -0.00321172 -0.000616527 -0.00580722 0.0133066 0.0022733 0.00769929 0.0118668 -0.00960471 -0.00143848 0.0197064 0.000752502 0.00442128 -0.00266626 -0.00183401 -0.00425269 -0.00862674 -0.00246703 0.0135112 0.0176604 0.00793083 0.000166464 0.00397039 0.00830691 -0.00827368 0.00350777
internal_weight=1.21032e+06 174989 81733.4 93255.3 47766.4 45488.9 32704.4 15928.9 10894.9 36871.6 14973 13058.9 30721.6 21898.6 6801.32 51011.7 24604.7 26407 25823.5 22313.7 14000.9 8972.82 3509.81 10111.2 4061.56 1.03533e+06 41531.9 32564.1 3639.5 7029.82
internal_count=524637 65151 28693 36458 16667 19791 15655 9059 2292 14375 6418 5186 11334 7957 1423 17359 7235 10124 9944 9427 6709 4163 517 3944 1921 459486 13716 8953 962 2721
is_linear=0
shrinkage=0.04


Tree=175
num_leaves=31
num_cat=0
split_feature=8 11 10 12 10 11 9 16 14 11 0 14 10 14 13 4 10 11 11 10 13 11 11 10 13 14 7 9 11 4
split_gain=125.156 210.325 292.09 193.816 192.826 225.551 253.884 344.644 253.094 226.584 228.703 204.823 183.312 238.712 180.918 179.828 176.902 350.682 224.037 242.898 240.994 170.662 709.796 652.602 739.802 806.647 1066.14 977.107 644.448 604.608
threshold=16.875000000000004 0.41005823016166693 -0.88622298836708058 1.0000000180025095e-35 -0.99940761923789967 -0.91939276456832875 73.875000000000014 4.0074846744537362 6.7857947349548349 -0.95242238044738758 1.0496677160263064 6.074876308441163 0.25725142657756811 16.427892684936527 44.862960815429695 0.10778025910258295 -0.60639065504074086 -0.86974579095840443 0.16375125199556353 -0.94705909490585316 1.9533393979072573 0.078402601182460799 0.026874557137489322 -0.99549928307533253 15.706592082977297 6.2246580123901376 11.596426963806154 75.125000000000014 0.0096758542931638675 0.18966478109359744
decision_type=2 2 2 2 2 2 2 2 2 2 2 2 2 2 2 2 2 2 2 2 2 2 2 2 2 2 2 2 2 2
left_child=1 4 3 -3 -1 9 8 16 -7 10 11 -6 13 -12 -11 -10 18 -18 -8 -20 -21 22 23 24 25 26 27 -2 -26 -27
right_child=21 2 -4 -5 5 6 7 -9 15 14 12 -13 -14 -15 -16 -17 17 -19 19 20 -22 -23 -24 -25 28 29 -28 -29 -30 -31
leaf_value=0.012326901665319072 -0.00074139824144113205 0.0064095944697847556 -0.023984899198502014 0.041501893707348192 0.00058194003064154711 0.0081039357804999507 -0.011099629717956817 0.004579455002055797 -0.016468425522950487 0.010540494920986855 0.0091679024966297654 -0.018837636742482459 -0.010452449892428438 0.00081370716024819155 -0.0035488070314115424 0.0003571545169300433 -0.010441934526263259 0.0099070714449499258 0.012009828777104901 -0.047569634839874836 0.0060074900386766642 -0.0018912272932338514 0.0070674914624426549 4.1552922947399569e-05 -0.031821656657377656 0.013340257700254097 0.02226032831336246 -0.02206640647888276 0.012632609430615971 -0.0045390350113696841
leaf_weight=2400.1016157269478 5931.1610818505287 445.60193455219269 214.58629797399044 582.013676404953 1910.4174448251724 7354.6085494756699 11373.981420218945 5933.8868173658848 1057.2044697999954 8717.9628295302391 7983.4662846922874 1583.2403360009193 1604.9983073472977 17359.138397872448 1745.5892363786697 21315.986731410027 2726.6148316264153 2674.0072264671326 1437.8603242635727 246.05154758691788 278.41278544068336 80934.222407974303 22335.961456596851 976825.25035130978 2753.3065893352032 5822.912959009409 1500.8464153110981 8170.2682893574238 637.45054304599762 6281.150869935751
leaf_count=756 3622 357 609 210 885 2365 5197 1865 456 1786 1737 620 376 3186 293 4937 1111 766 826 346 233 84960 9720 378360 1910 3099 605 9146 185 4113
internal_value=-1.30677e-06 0.00136184 0.0176515 0.0264933 0.00115294 0.000870277 -0.000817121 -0.00381601 0.00167207 0.00311397 0.00136745 -0.00824719 0.00261655 0.00344804 0.00818889 -0.00044491 -0.00647583 -0.000366853 -0.00894757 0.00351915 -0.0195479 -0.000122698 1.62493e-05 -0.000140078 -0.00584366 -0.00368105 -0.00968994 -0.0131038 -0.0234518 0.00406608
internal_weight=1.21014e+06 98945.7 1242.2 1027.62 97703.5 95303.4 54398.6 24670.8 29727.8 40904.8 30441.3 3493.66 26947.6 25342.6 10463.6 22373.2 18736.9 5400.62 13336.3 1962.32 524.464 1.11119e+06 1.03026e+06 1.00792e+06 31097.1 27706.3 15602.3 14101.4 3390.76 12104.1
internal_count=524637 28917 1176 567 27741 26985 18102 10344 7758 8883 6804 1505 5299 4923 2079 5393 8479 1877 6602 1405 579 495720 410760 401040 22680 20585 13373 12768 2095 7212
is_linear=0
shrinkage=0.04


Tree=176
num_leaves=31
num_cat=0
split_feature=0 14 4 10 10 15 10 11 10 8 10 10 4 10 13 12 3 12 3 7 10 8 10 10 7 10 14 5 8 10
split_gain=124.089 221.627 234.679 216.853 388.04 213.218 209.863 197.968 201.088 417.462 185.19 155.356 172.515 158.603 158.19 154.836 150.531 147.006 143.201 423.821 725.792 1561.41 1084.41 1787.39 1346.24 1224.71 1578.58 985.33 787.019 508.396
threshold=67.345291137695327 47.137434005737312 22.894610404968265 -0.44600489735603327 -0.52124115824699391 0.93750000000000011 -0.36747109889984125 -0.96904978156089772 -0.94975915551185597 18.875000000000004 0.036545658484101302 -0.30265928804874415 4.7407057285308847 -0.15207348018884656 52.427085876464851 86.88751602172853 30.452795982360843 75.448143005371108 0.27087615430355078 3.5094593763351445 -0.98930078744888295 18.625000000000004 -0.69751432538032521 -0.72174841165542591 0.65263810753822338 -0.13505011796951291 0.23298370093107226 0.78111034631729137 19.875000000000004 -0.97312742471694935
decision_type=2 2 2 2 2 2 2 2 2 2 2 2 2 2 2 2 2 2 2 2 2 2 2 2 2 2 2 2 2 2
left_child=1 18 11 4 16 -2 -5 10 9 -9 -7 12 -3 -13 -15 -12 -4 -11 19 20 21 -1 23 29 -25 26 28 -26 -24 -22
right_child=5 2 3 6 -6 7 -8 8 -10 17 15 13 -14 14 -16 -17 -18 -19 -20 -21 22 -23 25 24 27 -27 -28 -29 -30 -31
leaf_value=0.0036357291387722093 0.005803986599006614 -0.021472019482179198 0.0080333234495296724 -0.019405399154830538 0.018738144462848067 -0.0025721471064759096 -0.00026073675359236713 0.010580468367470661 0.0026793570172837129 -0.014485551685302236 -0.0058121357145982508 0.010565955488646519 -0.007712662620295593 0.0014878683396527871 -0.019238594232735794 -0.033363776785535648 -0.013741215328869022 -0.051538973402018275 -0.00039186185239325762 0.0019978401557360645 0.0071910931910896822 -0.018442942798034535 -0.040204165363970472 0.04474191399907998 -0.042813874107791 1.4405733650170259e-05 -0.0046962430207639948 0.019568540413397003 -0.010214470830831822 0.00058112497757682854
leaf_weight=9995.0238547623158 15790.209182932973 2048.9280400872231 825.17471301555634 1255.540858745575 2184.5289175510406 3387.514631986618 3319.2749710083008 612.67097392678261 18418.445748925209 333.75066757202148 629.78332036733627 1167.957329750061 5070.9054242372513 1379.757821559906 1016.5580875873566 678.92223703861237 1290.4298212528229 366.92264944314957 656166.20389674604 189045.19180554524 24556.004520624876 10502.27153415978 3259.3005074262619 2832.3595023751259 558.90026253461838 137389.47701898217 35189.463427007198 1397.2156040668488 2464.3278678655624 76896.04600507021
leaf_count=5017 2830 558 170 268 278 677 559 161 3706 169 205 162 1132 252 231 220 345 262 259436 76390 13093 10778 3306 545 494 66118 18074 429 1512 57260
internal_value=-1.27661e-06 -7.63924e-05 -0.00429747 0.000510386 0.00695133 0.00218306 -0.00554578 -0.000158914 0.00159858 -0.013464 -0.00753098 -0.00828794 -0.0116969 -0.00146478 -0.00734806 -0.0202498 -0.00525039 -0.0343416 -4.57982e-06 0.000509744 -0.000412521 -0.00768027 0.000111269 0.00331011 0.0271655 -0.00179482 -0.00786887 0.00161757 -0.0273323 0.00218159
internal_weight=1.21003e+06 1.16981e+06 19559.1 8874.95 4300.13 40218.2 4574.82 24428 19731.8 1313.34 4696.22 10684.1 7119.83 3564.27 2396.32 1308.71 2115.6 700.673 1.15025e+06 494086 305040 20497.3 284543 106241 4788.48 178303 40913.1 1956.12 5723.63 101452
internal_count=524637 516407 3955 1620 793 8230 827 5400 4298 592 1102 2335 1690 645 483 425 515 431 512452 253016 176626 15795 160831 71821 1468 89010 22892 923 4818 70353
is_linear=0
shrinkage=0.04


Tree=177
num_leaves=31
num_cat=0
split_feature=8 2 11 10 14 8 10 10 14 12 10 11 10 13 9 9 17 17 11 10 7 10 14 4 10 10 11 12 15 10
split_gain=122.54 164.968 229.307 181.327 136.533 130.279 713.108 756.945 781.377 849.888 677.503 724.075 512.75 862.384 484.237 444.44 428.25 469.111 586.814 501.728 566.36 838.889 836.025 445.836 856.044 1148.63 524.25 512.765 424.805 461.744
threshold=21.625000000000004 0.42464224994182592 -0.12758953124284741 -0.31900864839553827 10.484933853149416 20.625000000000004 0.37146723270416265 -0.99275806546211232 10.917630672454836 0.028814638964831833 -0.98523971438407887 -0.36046156287193293 -0.9193688929080962 1.000740170478821 76.125000000000014 78.625000000000014 -25.957280158996578 -0.78069370985031117 -0.99552518129348744 -0.61997824907302845 1.4106624722480776 -0.88218119740486134 2.0089753866195683 0.15981265157461169 -0.53584328293800343 -0.56456753611564625 -0.96234029531478871 0.01483433321118355 0.68750000000000011 1.0000000180025095e-35
decision_type=2 2 2 2 2 2 2 2 2 2 2 2 2 2 2 2 2 2 2 2 2 2 2 2 2 2 2 2 2 2
left_child=5 2 -2 4 -3 15 7 8 9 14 -9 12 13 -12 -7 -1 -14 18 -18 20 21 -19 -22 24 25 27 -25 -20 -21 -30
right_child=1 3 -4 -5 -6 6 -8 10 -10 -11 11 -13 16 -15 -16 -17 17 19 23 28 22 -23 -24 26 -26 -27 -28 -29 29 -31
leaf_value=-0.00018586138654174534 0.0021156755234262416 0.016781610704653779 -0.028095525898326024 -0.0049363889065299543 -0.0024032126657848574 -0.048865076196889207 -0.012653227029884471 0.010638708872764921 -0.037115636018328464 0.0025668621897413767 -0.024982369255090175 -0.0064876521831747601 -0.031841468392452978 0.021032652587593934 -0.013890033560785216 0.0022325558216242077 -0.0078668489912890258 -0.037878273240773121 0.033736636618056259 0.0013456952003094542 -0.024817203849994474 0.011141037254413032 -0.0049588594439486594 0.01083379747601889 0.0021696348121282281 0.046526820309011556 -0.00068950277021327124 0.00560763288752553 -0.0049111471334914794 -0.03503539059348286
leaf_weight=817100.81033334881 2840.6897999048233 3257.7610371187329 458.03315217792988 1110.4131500124931 722.43202137947083 779.7611750215292 7931.1141509413719 9283.8321095407009 1501.0994951426983 6540.7589475959539 771.00463092327118 27199.488801941276 656.62755930423737 3956.3357365727425 3279.8534398376942 142825.58307924122 7155.04477840662 615.96010649204254 1271.0733332633972 72887.720732748508 3965.3717592954636 5192.1840063929558 23176.725776553154 7957.8279182314873 12245.416371703148 1844.5040650367737 30482.378435492516 5471.6473145484924 6469.9282568693161 922.19525784254074
leaf_count=353889 1378 1199 765 481 308 1136 6478 4428 1390 4439 449 23780 330 1027 3367 53703 3148 427 302 26620 2388 1822 8626 2278 4277 243 11435 1940 1971 613
internal_value=-1.29783e-06 0.00481334 -0.00215144 0.00932189 0.0133021 -3.49557e-05 -0.000865256 -0.000464556 -0.0102018 -0.00635916 6.78044e-05 -0.000395066 0.000500791 0.0134909 -0.0207115 0.00017399 0.000159497 0.000278222 0.00294656 -0.00128731 -0.00544261 0.00588632 -0.00786817 0.00425299 0.00896394 0.0186388 0.00169823 0.0109524 0.000418663 -0.00871151
internal_weight=1.20987e+06 8389.33 3298.72 5090.61 3980.19 1.20148e+06 241558 233627 12101.5 10600.4 221525 212241 185042 4727.34 4059.61 959926 180315 179658 66427.9 113230 32950.2 5808.14 27142.1 59272.8 20832.6 8587.22 38440.2 6742.72 80279.8 7392.12
internal_count=524637 4131 2143 1988 1507 520506 112914 106436 10332 8942 96104 91676 67896 1476 4503 407592 66420 66090 23623 42467 13263 2249 11014 20475 6762 2485 13713 2242 29204 2584
is_linear=0
shrinkage=0.04


Tree=178
num_leaves=31
num_cat=0
split_feature=17 10 15 10 10 4 0 6 4 11 10 5 10 10 10 8 10 16 10 4 9 9 11 6 7 10 11 11 14 11
split_gain=121.882 159.541 136.042 310.292 518.353 321.072 230.711 202.636 159.881 256.113 510.363 212.884 306.864 420.064 268.593 291.141 368.813 267.703 255.527 234.027 233.226 182.599 292.259 390.218 359.831 258.409 264.343 308.747 689.777 236.544
threshold=35.685699462890632 0.019350802991539243 0.93750000000000011 0.24059136956930163 -0.01505099539645016 2.7070842981338505 72.389984130859389 38.432210922241218 64.137023925781264 -0.05909669212996959 -0.98046803474426258 1.0000000180025095e-35 -0.35141934454441065 -0.20285348594188687 -0.47652685642242426 19.125000000000004 -0.52124115824699391 16.360427856445316 -0.94423642754554737 88.842361450195327 76.625000000000014 73.375000000000014 0.33019435405731207 0.2482896372675896 4.7901563644409189 0.40318277478218084 -0.99966478347778309 -0.99273797869682301 8.1834926605224627 -0.94703993201255787
decision_type=2 2 2 2 2 2 2 2 2 2 2 2 2 2 2 2 2 2 2 2 2 2 2 2 2 2 2 2 2 2
left_child=2 -2 6 4 -4 7 8 -6 21 10 -10 -12 14 -14 15 -13 17 18 -17 -16 -15 22 25 -24 -25 26 -1 28 -28 -29
right_child=1 -3 3 -5 5 -7 -8 -9 9 -11 11 12 13 20 19 16 -18 -19 -20 -21 -22 -23 23 24 -26 -27 27 29 -30 -31
leaf_value=-0.013579010620173396 0.0065019506645970027 -0.0076002341617285342 -0.0014290728140800924 0.018677913123930336 -0.035820583187976374 -0.003602685606875895 0.0057502838065413469 -0.0066030724274550494 -0.031753656710831989 0.012786377892149946 0.01415884173573422 -0.00035944552974556974 0.012593393949301203 -0.010752042012918975 -0.0077648380871112171 0.0069766152958566988 0.011911705647616889 0.010749971364863645 -0.024388231162715032 -0.03422404604572192 0.012460876433561325 -8.1241620893012274e-05 -0.054685504853052694 0.015465253891519011 -0.038489364305999252 -0.01037410057993733 0.02907514219129655 -0.0020360763165516316 0.0034870809808473873 0.003255514172559757
leaf_weight=1595.8240485191345 8534.3232452571392 1501.817792236805 43363.033175259829 1110.517141520977 1437.9776563644409 1516.9036786556244 11235.074207931757 521.90821427106857 1004.4852109253407 1542.654057264328 1119.6907950043678 8945.0816353559494 3729.4737204909325 3283.4050557613373 1182.4658934473991 469.5677592754364 836.77509450912476 487.54238134622574 3362.9709793925285 978.42594909667969 867.95395183563232 1026171.7495805062 322.22993159294128 553.89982590824366 294.69822370260954 2565.0521496534348 2221.0323896408081 18016.933438420296 6908.9872657060623 54030.643193632364
leaf_count=372 1537 307 11246 195 829 404 1995 121 645 800 379 2186 576 735 282 154 189 134 1497 281 230 476931 962 554 585 1281 316 3450 1228 14236
internal_value=-1.30623e-06 0.00438622 -3.80472e-05 -0.0021254 -0.0026225 -0.0174604 4.88741e-05 -0.0281131 -7.34085e-06 -0.00300246 -0.00393421 -0.00281597 -0.00360873 0.00286686 -0.00674659 -0.00472641 -0.012286 -0.0169896 -0.0205372 -0.0198477 -0.00588047 6.75457e-05 0.00183226 -0.0179323 -0.00350197 0.0021055 0.00249343 0.00281103 0.00973681 0.00193215
internal_weight=1.20971e+06 10036.1 1.19968e+06 47950.3 46839.8 3476.79 1.15173e+06 1959.89 1.14049e+06 27810.5 26267.8 25263.4 24143.7 7880.83 16262.8 14101.9 5156.86 4320.08 3832.54 2160.89 4151.36 1.11268e+06 86509.3 1170.83 848.598 85338.5 82773.4 81177.6 9130.02 72047.6
internal_count=524637 1844 522793 12795 12600 1354 509998 950 508003 8088 7288 6643 6264 1541 4723 4160 1974 1785 1651 563 965 499915 22984 2101 1139 20883 19602 19230 1544 17686
is_linear=0
shrinkage=0.04


Tree=179
num_leaves=31
num_cat=0
split_feature=8 14 10 8 9 2 10 8 13 10 1 9 13 4 10 13 8 9 13 17 3 9 17 9 14 9 9 3 11 10
split_gain=121.226 162.298 133.203 282.692 299.775 212.973 184.553 543.929 256.956 231.833 781.399 388.02 579.658 357.459 221.191 287.996 294.472 348.976 285.209 211.289 261.132 202.431 188.644 217.238 184.616 215.549 193.476 171.341 330.637 500.376
threshold=15.875000000000002 2.6357603073120122 0.48030318319797521 21.125000000000004 73.375000000000014 0.10778251662850381 0.40318277478218084 20.625000000000004 0.59689122438430797 0.37146723270416265 1.3178253173828127 75.625000000000014 4.2891969680786142 0.12496908754110338 0.43442112207412725 6.2226798534393319 18.375000000000004 73.875000000000014 1.0000000180025095e-35 -0.016251021996140477 0.18874283879995349 79.375000000000014 -1.0000000180025095e-35 78.625000000000014 0.022592758759856228 78.375000000000014 75.875000000000014 0.18874283879995349 -0.99628248810768116 -0.59262362122535694
decision_type=2 2 2 2 2 2 2 2 2 2 2 2 2 2 2 2 2 2 2 2 2 2 2 2 2 2 2 2 2 2
left_child=1 -1 6 4 -4 -6 9 14 -9 27 13 -12 -13 19 15 16 18 -18 -8 -11 -21 22 -16 -24 26 -26 -19 -2 -29 -30
right_child=2 -3 3 -5 5 -7 7 8 -10 10 11 12 -14 -15 21 -17 17 24 -20 20 -22 -23 23 -25 25 -27 -28 28 29 -31
leaf_value=0.014535411896048796 0.0005952748410720111 0.0019906894380077407 -0.042479310312263409 -0.038732298938800092 -0.0037989467995031014 0.02443804120708756 0.031098148863437342 -0.0064627411934030923 -0.039504641428896342 0.0013767852371381751 -0.0021827541297265939 0.0014297086753853677 0.049974105197156601 -0.039814193582245569 0.016298939441534779 -0.019684705599104894 -0.018921242372043044 -0.023636930361728838 0.010583216011680342 -0.013825699348038636 0.015684292229410646 -0.01719197388740553 0.00020886515471182842 0.024995340407359953 0.017218698404511786 -0.0064234433743380545 0.0051319347789315108 -0.0034682697723991906 -0.0012323984397722043 0.00097307917960466823
leaf_weight=1859.1508364379406 428426.96153865755 14125.872482582927 292.66826844215393 378.75942230224609 5753.482518851757 451.64526808261871 1717.1290183663368 4576.5897162556648 401.17492091655731 2593.7790425419807 1454.3315200209618 764.50307184457779 802.45457577705383 608.86499345302582 1510.6506062150002 525.68385529518127 831.69530612230301 463.57084673643112 2960.3206550478935 7086.569631934166 506.4168216586113 832.65706741809845 11973.980439245701 583.81796783208847 3623.5802004337311 737.73939073085785 1769.5931549072266 52614.97925889492 342833.09110446647 316565.43574738503
leaf_count=669 217371 3462 336 656 4897 159 497 3510 315 1151 535 315 111 436 608 187 414 348 1055 4106 150 756 6275 272 1380 378 1015 19793 155773 97707
internal_value=-1.31234e-06 0.00345789 -4.76659e-05 -0.00559469 -0.00360654 -0.00170768 -1.54775e-05 0.00295636 -0.00919956 -9.92003e-05 -0.00524755 0.0127051 0.026449 -0.0102789 0.00515681 0.00904929 0.0103125 0.00534892 0.0181647 -0.00847627 -0.0118395 0.0018539 0.00299257 0.00138017 0.00843388 0.013214 -0.000918794 -3.67804e-05 -0.000417099 -0.000173589
internal_weight=1.20963e+06 15985 1.19364e+06 6876.56 6497.8 6205.13 1.18677e+06 32508.2 4977.76 1.15426e+06 13816.9 3021.29 1566.96 10795.6 27530.4 12629.3 12103.6 7426.18 4677.45 10186.8 7592.99 14901.1 14068.4 12557.8 6594.48 4361.32 2233.16 1.14044e+06 712014 659399
internal_count=524637 4131 520506 6048 5392 5056 514458 17010 3825 497448 6804 961 426 5843 13185 5274 5087 3535 1552 5407 4256 7911 7155 6547 3121 1758 1363 490644 273273 253480
is_linear=0
shrinkage=0.04


Tree=180
num_leaves=31
num_cat=0
split_feature=11 9 3 8 9 12 9 14 5 8 10 10 14 10 11 10 9 14 14 9 11 11 13 3 10 10 10 11 8 1
split_gain=117.779 301.286 296.278 134.011 240.111 161.28 142.374 118.083 205.948 300.878 222.656 353.71 221.398 207.875 193.591 235.196 214.43 180.409 172.417 423.873 1345.07 1349.72 1118.25 764.871 866.256 994.561 715.661 942.757 595.979 569.408
threshold=0.48689031600952154 74.875000000000014 0.35962031781673437 17.875000000000004 77.875000000000014 0.053571790456771858 80.125000000000014 61.708738327026374 48.28450012207032 19.125000000000004 -0.94975915551185597 -0.82956761121749867 30.915412902832035 -0.89015004038810719 -0.99907308816909779 -0.28622037172317499 73.625000000000014 29.392488479614261 18.333272933959964 77.875000000000014 -0.98049351572990406 -0.99552518129348744 15.706592082977297 28.259243965148929 -0.47652685642242426 -0.59262362122535694 -0.99275806546211232 -0.31186713278293604 19.375000000000004 7.613490343093873
decision_type=2 2 2 2 2 2 2 2 2 2 2 2 2 2 2 2 2 2 2 2 2 2 2 2 2 2 2 2 2 2
left_child=7 -2 3 -3 -5 6 -6 8 18 12 -11 17 13 -10 -13 -16 -17 -12 -1 26 21 -21 -22 29 25 -25 28 -28 -20 -24
right_child=1 2 -4 4 5 -7 -8 -9 9 10 11 14 -14 -15 15 16 -18 -19 19 20 22 -23 23 24 -26 -27 27 -29 -30 -31
leaf_value=0.00012133390941625955 -0.062961841304453134 0.02502206503732117 0.045556563231811273 -0.070764231743144071 -0.05634027626367933 0.041327867858012901 0.015533218002279928 -0.0040920316193751236 0.021291415726469393 -0.020306936810967912 0.025151249037462839 0.012782073774839482 0.0026411017584304754 0.0067686195817803088 -0.0020272402982134214 -0.0049505680167100333 -0.028974303238502412 0.0020065196058503764 0.01718895528835291 -0.0089498247662006779 -0.011940266547597484 0.029613001853386892 -0.016537759216236177 0.0058621921862339298 -0.0044404469645314823 0.04148726739025322 -0.0027592541903239559 -0.022467952300961429 -0.021835978026306303 0.0023320556060043153
leaf_weight=1009389.2401002347 158.30465852096677 84.144149772822857 145.04692239314318 127.91933979094028 92.945357196033001 74.318718366324902 71.040692918002605 11122.079955339432 1991.9017032086849 1004.4463297724724 1104.8794840574265 1025.6783609390259 24536.431269705296 7521.7446067929268 7877.9678925275803 1260.4555449485779 1123.6268749237061 1046.5913981199265 4423.5739514231682 2065.6486831307411 10731.674080252647 4849.2849926352501 3155.3199626207352 2499.8646546602249 2661.8224965333939 2513.2772614955902 88770.837647497654 4051.3247405737638 720.3156860768795 13340.645249068737
leaf_count=471663 1243 184 264 1542 670 108 180 2065 339 494 187 183 4127 1189 1923 227 512 227 1282 894 4207 802 1136 755 717 277 21326 1799 477 3638
internal_value=-1.27468e-06 -0.0157045 -0.00230768 -0.0183777 -0.0287493 -0.00425459 -0.0261006 8.64667e-06 4.67613e-05 0.0025999 -0.00223666 -0.000871987 0.00465156 0.00982847 -0.00370767 -0.00536663 -0.0163468 0.0139538 -6.09996e-05 -0.00137756 0.0019935 0.0180971 -0.00120123 0.00356977 0.0139927 0.0237694 -0.00281658 -0.00362179 0.0116924 -0.00128516
internal_weight=1.20954e+06 753.72 595.415 450.368 366.224 238.305 163.986 1.20879e+06 1.19767e+06 48493.7 14443.6 13439.2 34050.1 9513.65 11287.7 10262.1 2384.08 2151.47 1.14917e+06 139784 41817.5 6914.93 34902.6 24170.9 7674.96 5013.14 97966.1 92822.2 5143.89 16496
internal_count=524637 4191 2948 2684 2500 958 850 520446 518381 9408 3753 3259 5655 1528 2845 2662 739 414 508973 37310 12426 1696 10730 6523 1749 1032 24884 23125 1759 4774
is_linear=0
shrinkage=0.04


Tree=181
num_leaves=31
num_cat=0
split_feature=11 17 11 11 17 7 13 13 10 9 9 8 7 14 11 10 2 4 15 9 12 14 8 9 9 15 14 13 12 4
split_gain=118.748 410.403 1196.74 799.636 570.426 441.668 582.42 433.555 1012.35 873.85 432.024 405.826 385.553 369.969 472.31 368.769 610.979 451.743 634.463 572.739 446.54 384.596 474.386 378.564 447.577 358.604 355.887 354.372 352.363 393.802
threshold=-0.98667386174201954 0.10551568865776063 -0.99465739727020253 -0.99628248810768116 -7.2849659919738761 7.938462734222413 1.0000000180025095e-35 0.66546612977981578 -0.13505011796951291 77.125000000000014 73.625000000000014 19.125000000000004 2.7819783687591557 0.42155498266220098 -0.99273797869682301 -0.01505099539645016 0.85610586404800426 8.0885004997253436 0.81250000000000011 73.375000000000014 0.037784514948725707 9.8020558357238787 19.375000000000004 74.125000000000014 76.375000000000014 1.0000000180025095e-35 15.194740295410158 1.0000000180025095e-35 21.362960815429691 0.11581129953265192
decision_type=2 2 2 2 2 2 2 2 2 2 2 2 2 2 2 2 2 2 2 2 2 2 2 2 2 2 2 2 2 2
left_child=1 3 15 5 11 6 -1 8 27 13 -4 -5 -9 14 -10 16 -3 18 19 -17 -21 22 23 -22 -25 -7 -13 -6 -12 -30
right_child=-2 2 10 4 7 25 -8 12 9 -11 28 26 -14 -15 -16 17 -18 -19 -20 20 21 -23 -24 24 -26 -27 -28 -29 29 -31
leaf_value=-0.01809156178465628 0.00016167928179989743 -0.0076687656865406552 -0.00093577722131548303 0.0025691068466913709 -0.056091368541079489 -0.012893401295636528 0.0017823150231375609 -0.013585931420619562 -0.0072400879380980004 -0.007808350320229124 -0.014883705222223494 0.005717329806418257 0.0008348021558614102 0.023211195074960961 0.020097666467550727 0.017420650451603938 0.0075785012601656378 0.0052721691225307375 -0.029809957834683161 -0.030136026992257491 0.0078872297489248396 -0.019575971765079005 0.0044069948933673905 -0.033250318961768721 -0.00027571091374770275 -0.00074126661821899995 0.025108196173353213 -0.011561491803925183 -0.016125926817848846 0.0047796371884536578
leaf_weight=2579.855327963829 1034643.0551946312 5373.1188025474548 7511.0352977514267 4092.1353610754013 342.30358946323395 10045.691348493099 26497.599948585033 3527.7855789661407 1861.3071499466896 2947.2423835396767 17193.44952237606 2300.5251298546791 18360.832095623016 6024.0810406208038 2193.4833461642265 1816.6038408279419 19219.135439038277 8130.1037053465843 1628.3952590823174 1151.2650238871574 1020.4220952391624 2197.1896169185638 7635.372578561306 1698.2225689888 1072.147468984127 6333.9567524194717 4462.7111501693726 1565.1491947174072 2396.9391218423843 3586.8819305896759
leaf_count=1880 459486 2371 1300 869 356 4324 12102 1915 1047 1242 8132 692 6042 2023 874 252 4864 2289 758 806 333 1009 2807 1424 446 1485 731 876 1010 892
internal_value=-1.22253e-06 -0.000965588 -0.00303588 0.000849103 0.0044677 -0.0029464 1.34204e-05 0.00209065 0.00734304 0.0113303 -0.0092745 0.0125215 -0.00149453 0.016929 0.00756163 0.000723455 0.00424539 -0.00256394 -0.0060616 -0.00371419 -0.00632284 -0.00428984 -0.00133585 -0.0128842 -0.0205359 -0.00819753 0.0185305 -0.0198035 -0.0119753 -0.00360744
internal_weight=1.20941e+06 174765 81630.3 93134.7 47677.6 45457.1 29077.5 36822.2 14933.6 13026.1 30688.3 10855.4 21888.6 10078.9 4054.79 50942 24592.3 26349.7 18219.6 16591.2 14774.6 13623.4 11426.2 3790.79 2770.37 16379.6 6763.24 1907.45 23177.3 5983.82
internal_count=524637 65151 28693 36458 16667 19791 13982 14375 6418 5186 11334 2292 7957 3944 1921 17359 7235 10124 7835 7077 6825 6019 5010 2203 1870 5809 1423 1232 10034 1902
is_linear=0
shrinkage=0.04


Tree=182
num_leaves=31
num_cat=0
split_feature=16 11 11 3 11 9 4 14 10 11 9 8 18 14 11 3 11 14 7 9 10 12 10 3 10 10 13 13 4 13
split_gain=119.2 245.584 390.427 484.998 433.303 284.875 283.374 233.704 216.656 1061.82 855.124 671.652 731.012 666.148 1167.51 1213.05 938.827 969.485 760.662 630.819 625.14 1313.82 904.641 1013.33 962.946 727.071 764.618 695.754 1071.94 695.404
threshold=0.87207767367362987 0.37844388186931616 0.31390938162803655 0.24715017527341845 0.26451654732227331 75.875000000000014 5.8506381511688241 6.3027465343475351 -0.9599599540233611 -0.21231865882873532 74.375000000000014 19.625000000000004 60.778888702392585 13.266532897949221 0.16375125199556353 1.4996328353881838 -0.024725049734115597 2.0892288684844975 14.304981708526613 74.625000000000014 -0.99866804480552662 0.083666559308767333 -0.98370367288589466 8.3405494689941424 -0.98930078744888295 -0.96235975623130787 1.0000000180025095e-35 0.011921776924282314 1.0000000180025095e-35 0.094407841563224806
decision_type=2 2 2 2 2 2 2 2 2 2 2 2 2 2 2 2 2 2 2 2 2 2 2 2 2 2 2 2 2 2
left_child=8 2 4 -4 -2 7 -3 -6 9 10 -1 13 20 16 15 19 17 -11 -19 -15 21 -13 23 24 -22 -24 -27 28 -26 -25
right_child=1 6 3 -5 5 -7 -8 -9 -10 11 -12 12 -14 14 -16 -17 -18 18 -20 -21 22 -23 25 29 27 26 -28 -29 -30 -31
leaf_value=-0.0065040442211257033 0.00061259662800540807 -0.032276493581829817 0.028598519944051697 -0.022372323646445508 -0.0022342871282960901 -0.055895989960481562 0.013510357639755903 -0.045784417414773508 -0.00059259455410012114 -0.019849571536891146 0.010925531048147545 -0.033051611555161252 -0.042586656096491655 0.0057361062037351428 -0.039346678194161898 0.0034669821581246696 0.0036736072905204998 0.0015689841459323457 -0.030167223962774836 0.04091734402553069 -0.0077135934507022033 0.00034460837382388319 -0.015416858852901874 -0.02096186417796703 -0.028304495471102684 0.037292951063034402 -0.026053501639948268 0.00091261473899948613 0.036625014897977808 0.022040881154306406
leaf_weight=5491.7000366449356 390827.50556480885 725.46895118430257 1523.5824050605297 363.00392498075962 877.36712217330933 293.77242587506771 299.75207712128758 244.72644250094891 660507.92478129268 6254.363927513361 24880.029149472713 3306.3237229436636 773.36347022652626 1133.995958507061 692.37742608785629 6736.4637256264687 41959.711933150887 13999.408736079931 1312.4578814506531 2926.5209676623344 14958.383166730404 4365.8181028962135 9434.2861880809069 673.57973694801331 484.55654406547546 891.64335772395134 452.06309461593628 5414.5369453430176 2332.5466959178448 5122.8560108542442
leaf_count=1966 135886 1717 830 608 675 626 329 330 297418 4157 8209 4255 583 351 622 2524 23841 6952 689 480 11858 3349 8859 427 542 645 729 2590 802 1788
internal_value=-1.24003e-06 0.000568777 0.000619867 0.0187248 0.000532311 -0.021478 -0.0188882 -0.012053 -0.000277922 0.00107521 0.00777288 -0.000576088 -0.00425935 0.00179128 0.0106502 0.0138898 0.000187625 -0.00659333 -0.0011692 0.0311304 -0.00362565 -0.0140718 -0.00160714 0.00207238 -0.00166861 -0.0114956 0.0159463 0.00931224 0.0253962 0.0170162
internal_weight=1.20926e+06 395155 394130 1886.59 392243 1415.87 1025.22 1122.09 814105 153597 30371.7 123225 48210 75015.3 11489.4 10797 63525.9 21566.2 15311.9 4060.52 47436.6 7672.14 39764.5 28986.5 23190 10778 1343.71 8231.64 2817.1 5796.44
internal_count=524637 141001 138955 1438 137517 1631 2046 1005 383636 86218 10175 76043 36427 39616 3977 3355 35639 11798 7641 831 35844 7604 28240 18007 15792 10233 1374 3934 1344 2215
is_linear=0
shrinkage=0.04


Tree=183
num_leaves=31
num_cat=0
split_feature=8 11 13 14 11 12 11 7 11 10 16 9 6 11 10 11 10 10 10 1 4 15 12 13 11 11 10 13 9 8
split_gain=118.097 196.927 266.018 185.492 177.915 325.43 279.073 373.498 188.959 236.507 288.482 295.921 237.822 246.152 220.988 333.052 209.028 369.648 208.178 347.756 200.679 174.623 162.523 191.543 159.353 664.979 573.36 707.241 753.278 968.969
threshold=16.875000000000004 0.41005823016166693 1.0000000180025095e-35 2.2600073814392094 0.31390938162803655 0.40630291402339941 0.21441935747861865 9.8465232849121112 -0.91939276456832875 -0.99940761923789967 5.112621784210206 73.875000000000014 12.062403678894045 -0.49998149275779719 -0.60639065504074086 -0.86974579095840443 -0.15207348018884656 -0.083760455250740037 0.3393120169639588 0.26519049704074865 14.090732097625734 0.93750000000000011 30.149055480957035 5.7497644424438485 0.078402601182460799 0.026874557137489322 -0.99549928307533253 15.424709320068361 78.125000000000014 18.875000000000004
decision_type=2 2 2 2 2 2 2 2 2 2 2 2 2 2 2 2 2 2 2 2 2 2 2 2 2 2 2 2 2 2
left_child=1 4 -3 -4 6 -6 8 -8 16 -10 11 12 13 -11 -13 22 21 20 -19 -20 -18 -1 23 -16 25 26 27 28 29 -2
right_child=24 2 3 -5 5 -7 7 -9 9 10 -12 14 -14 -15 15 -17 17 18 19 -21 -22 -23 -24 -25 -26 -27 -28 -29 -30 -31
leaf_value=0.0084457986495672082 0.00045495968436364513 -0.022503669636401581 0.036300366915210158 -0.0014059853388517899 -0.042844728678528288 0.0014823070283508822 0.0023998682453986878 0.03561716143584466 0.01165725254766945 0.012692675295175483 0.0037977318100737264 -0.0097113003461525692 -0.0030724367469050677 -0.001880159087822555 -0.0057304059653972119 0.0097743131909849151 -0.023880159655283121 0.0011561706703458392 -0.0062135080904679911 0.024360898111523817 -0.0028427197446168496 -0.0037468299435291703 0.0089198879191350611 -0.030035712967341414 -0.0018292819288586121 0.0068468021104055102 3.3817003299123756e-05 -0.022455388201962492 0.0080185789454569507 -0.017061606130545443
leaf_weight=13153.392099142075 11568.976774126291 215.24030281603336 728.50212077796459 289.98616374284029 404.8570961356163 731.82118105888367 1421.5290921330452 866.53787598013878 2396.4421347379684 4040.1639937758446 13650.327534615993 12274.329080402851 11976.55070400238 3416.7690995335579 1424.5562803149223 2752.1028370857239 1342.6544674038887 20067.89547508955 930.15608823299408 1626.3242288827896 1571.4461960792542 2186.586590886116 584.27235674858093 811.57484674453735 80830.986096803099 22292.406466156244 976089.27943077683 3480.2544129490852 6966.8766891211271 8960.1557760834694
leaf_count=2472 6648 417 456 303 569 565 855 279 756 957 3337 5624 2802 1190 697 784 453 4725 314 253 303 363 122 321 84960 9720 378360 2171 4790 9071
internal_value=-1.26374e-06 0.00132342 0.0171399 0.0256552 0.00112182 -0.0145419 0.00130782 0.0150802 0.00097175 -0.000596735 -0.0011755 -0.00299699 0.000418476 0.00602182 -0.00671426 -0.000107241 0.00301753 0.000799927 0.00252864 0.0132558 -0.0125841 0.00670653 -0.00974996 -0.0146462 -0.00011924 1.5059e-05 -0.000136235 -0.005493 -0.00333864 -0.00719491
internal_weight=1.20905e+06 98864 1233.73 1018.49 97630.3 1136.68 96493.6 2288.07 94205.5 53327.1 50930.6 37280.3 19433.5 7456.93 17846.8 5572.51 40878.5 25538.5 22624.4 2556.48 2914.1 15340 2820.4 2236.13 1.11019e+06 1.02936e+06 1.00707e+06 30976.3 27496 20529.1
internal_count=524637 28917 1176 759 27741 1134 26607 1134 25473 16590 15834 12497 4949 2147 7548 1924 8883 6048 5292 567 756 2835 1140 1018 495720 410760 401040 22680 20509 15719
is_linear=0
shrinkage=0.04


Tree=184
num_leaves=31
num_cat=0
split_feature=8 10 11 1 14 3 11 10 10 7 9 11 2 6 10 10 9 14 8 11 11 14 7 10 10 11 10 12 12 1
split_gain=116.34 155.12 164.574 169.771 137.49 118.565 379.293 1366.95 943.908 811.588 1224.19 1196.74 1063.22 908.956 763.046 1130.65 742.261 583.507 535.358 1245.75 1156.03 1074.4 961.475 634.095 520.773 487.266 560.617 668.803 597.906 635.667
threshold=21.625000000000004 0.1732888147234917 -0.09339838474988936 0.25203670561313635 10.484933853149416 0.23523931205272677 -0.76278147101402272 -0.46133413910865778 -0.76762619614601124 0.82875737547874462 77.125000000000014 -0.71651923656463612 1.0000000180025095e-35 0.3904250711202622 -0.72174841165542591 -0.74512827396392811 74.125000000000014 7.8828084468841562 19.375000000000004 -0.14463099837303159 -0.22909598052501676 15.194740295410158 4.6259770393371591 -0.98803845047950734 -0.55028682947158802 -0.34436371922492975 -0.98046803474426258 1.0000000180025095e-35 1.0000000180025095e-35 9.4834218025207537
decision_type=2 2 2 2 2 2 2 2 2 2 2 2 2 2 2 2 2 2 2 2 2 2 2 2 2 2 2 2 2 2
left_child=5 2 4 -4 -2 6 7 16 18 11 12 -10 13 -11 15 -13 -1 -18 21 20 -20 25 -22 -23 -19 -8 28 -28 -27 -30
right_child=1 -3 3 -5 -6 -7 8 -9 9 10 -12 14 -14 -15 -16 -17 17 24 19 -21 22 23 -24 -25 -26 26 27 -29 29 -31
leaf_value=0.0261131730871117 0.01084192564429794 -0.010781663619181021 -0.026767477969334569 0.01077490784921397 -0.0060879639293008794 -0.00036231102940749785 -0.003332269171973613 0.00025503848319397953 -0.0091794294676830843 -0.02285162009268257 0.013864458270858327 0.027174962383662585 -0.018549996382670044 0.017425049429827574 0.040993177030282574 -0.019861242713727894 -0.01656249708571543 -0.018913519893157052 -0.00059386072109869636 -0.00697900115774915 0.019631340308092701 0.035553448386506287 -0.007525451724471003 0.006442497083411867 0.0068965015523140437 0.0078614089578649005 -0.00031715439223683334 0.010843648154309422 -0.0079696193710131445 0.0076199439407477415
leaf_weight=838.83846592903137 5815.7208835482597 913.84509235620499 441.46209935098886 328.78372992575169 877.39689272642136 713748.56701244786 22363.02172601223 244710.16058579087 1992.9362177848816 1179.7381578087807 9814.7069172859192 3041.9806374311447 5191.0508488416672 3633.2437171339989 3044.1015242934227 1108.7192001342773 13806.519816458225 1830.3170580863953 45828.64809268713 38900.863976709545 9121.4832971692085 2423.4467561244965 2697.6158730387688 2367.1462522745132 3895.0495418310165 9676.7351623773575 13474.63826861605 23688.575800534338 16619.605487912893 5583.3389405012131
leaf_count=218 2217 561 750 228 375 271539 10367 105775 1343 788 2777 718 2950 1395 639 683 9031 903 17348 45767 2654 412 1171 746 1175 5002 13434 11948 9578 2145
internal_value=-1.22501e-06 0.00469344 0.00660017 -0.0108096 0.00861682 -3.40215e-05 0.000447284 -0.000573889 0.00166796 0.00839388 0.00383439 0.0182142 -0.00600989 0.00752569 0.0258044 0.0145933 -0.0105269 -0.012113 0.000655385 -0.00144879 0.00228357 0.0027672 0.0134319 0.0212124 -0.00137318 0.00179827 0.00346029 0.00679797 -0.000431466 -0.00404767
internal_weight=1.20896e+06 8377.21 7463.36 770.246 6693.12 1.20058e+06 486832 265081 221752 29006.5 19818.7 9187.74 10004 4812.98 7194.8 4150.7 20370.7 19531.9 192745 96548.6 57647.7 96196.5 11819.1 4790.59 5725.37 91405.9 69042.9 37163.2 31879.7 22202.9
internal_count=524637 4131 3570 978 2592 520506 248967 117102 131865 11293 7910 3383 5133 2183 2040 1401 11327 11109 120572 66940 21173 53632 3825 1158 2078 52474 42107 25382 16725 11723
is_linear=0
shrinkage=0.04


Tree=185
num_leaves=31
num_cat=0
split_feature=5 14 7 8 11 10 12 9 0 8 13 12 4 9 8 10 10 10 17 9 13 8 8 9 10 10 10 10 8 10
split_gain=116.578 200.555 144.334 121.338 177.273 262.036 177.925 172.335 244.971 184.959 268.045 189.812 161.852 185.734 383.119 274.51 314.077 422.277 271.517 259.782 639.287 493.913 521.027 802.828 644.266 607.778 688.789 472.648 448.598 422.679
threshold=93.965679168701186 61.708738327026374 64.610496520996108 16.875000000000004 0.41005823016166693 -0.88622298836708058 1.0000000180025095e-35 74.125000000000014 4.9743006229400644 16.375000000000004 15.424709320068361 8.1090221405029315 114.14071273803712 73.375000000000014 19.125000000000004 -0.99697706103324879 0.12225609645247461 0.088045001029968276 -0.14555627107620236 75.125000000000014 0.0088328653946518915 21.375000000000004 18.125000000000004 73.625000000000014 0.41886392235755926 -0.75648915767669667 -0.56456753611564625 0.49531894922256475 20.875000000000004 -0.76762619614601124
decision_type=2 2 2 2 2 2 2 2 2 2 2 2 2 2 2 2 2 2 2 2 2 2 2 2 2 2 2 2 2 2
left_child=1 3 -2 4 7 6 -6 9 -9 10 -1 -12 13 14 -5 18 17 -17 -16 20 27 22 23 -22 -25 29 -27 28 -15 -24
right_child=2 -3 -4 12 5 -7 -8 8 -10 -11 11 -13 -14 19 15 16 -18 -19 -20 -21 21 -23 25 24 -26 26 -28 -29 -30 -31
leaf_value=0.0035238141234914498 0.00089645471525770862 -0.0066289898901961191 0.011013088744209447 0.0035177901627216892 0.0056730952718649632 -0.023174501625081608 0.039477300954348295 -0.0055095865472231699 0.0031513016335010407 0.0044719760922372308 -0.019077820324641705 -0.0019537521866227073 -0.0066827409917321933 0.0084404788165286983 -0.0079208334320481407 -0.00021863521225903599 -0.0092344286755737699 0.024142250235685836 -0.049160802247836664 0.00012553559732403067 0.0053681728206258364 0.0051703179501325002 -0.0016498402581715597 -0.0033310021520693875 0.017644493009007937 -0.016863962790898794 -0.00521257861936999 -0.036303886127356917 -0.0067011286836166483 0.020149655396026485
leaf_weight=21397.828979820013 6781.0831767916679 7329.8981685638428 3373.1544764041901 62171.182772763073 443.74643379449844 212.51349028944969 569.49912059307098 12751.740578263998 8839.6158693432808 30586.777810841799 1083.6858361959457 19619.863131821156 5962.3626378029585 18332.591394901276 889.46794843673706 33135.170834444463 6086.339976131916 1168.9982398748398 351.26535248756409 739514.16402443498 27653.773988626897 14299.925520922989 45041.59962663427 70520.2769773826 2413.6124534606934 9581.4310218095779 52989.763633549213 423.92414134740829 3767.1031163744628 1459.5488730669022
leaf_count=6070 1169 1450 463 14744 357 609 210 6400 2847 7638 316 3923 1762 11662 445 8809 1922 160 270 347527 5890 6440 23588 36362 894 5640 22730 450 3498 392
internal_value=-1.11457e-06 -3.72884e-05 0.00426465 3.32583e-06 0.00137066 0.0164228 0.024873 0.00117324 -0.00196396 0.00210526 0.000385173 -0.00285885 -0.00011586 -7.98717e-05 0.00152946 -0.00144001 -0.000868287 0.000618315 -0.019896 -0.00024931 -0.0013739 -0.00201998 -0.00251062 -0.000434097 -0.00263453 -0.00442539 -0.00699915 0.00504829 0.00585758 -0.000961426
internal_weight=1.20875e+06 1.1986e+06 10154.2 1.19127e+06 95505.3 1225.76 1013.25 94279.5 21591.4 72688.2 42101.4 20703.5 1.09576e+06 1.0898e+06 103802 41631.2 40390.5 34304.2 1240.73 985998 246484 223960 209660 100588 72933.9 109072 62571.2 22523.6 22099.7 46501.1
internal_count=524637 523005 1632 521555 28370 1176 567 27194 9247 17947 10309 4239 493185 491423 26350 11606 10891 8969 715 465073 117546 101936 95496 43146 37256 52350 28370 15610 15160 23980
is_linear=0
shrinkage=0.04


Tree=186
num_leaves=31
num_cat=0
split_feature=8 14 10 7 10 12 9 8 14 8 14 13 10 8 13 9 6 14 9 13 10 1 9 4 17 3 13 8 13 10
split_gain=109.604 146.186 123.568 267.971 458.898 338.426 286.688 333.468 253.007 239.784 233.487 222.714 161.013 490.634 242.073 222.835 558.153 241.229 266.906 229.984 216.062 719.631 417.671 309.698 195.824 269.473 174.512 169.828 254.308 191.988
threshold=15.875000000000002 2.6357603073120122 0.48030318319797521 0.050529912114143379 0.49531894922256475 1.0000000180025095e-35 79.125000000000014 19.375000000000004 0.022592758759856228 17.375000000000004 0.25084339082241064 0.20838345587253573 0.40318277478218084 20.625000000000004 0.59689122438430797 73.875000000000014 1.2408581972122195 0.028996832668781284 79.625000000000014 0.10306650772690774 0.37146723270416265 1.5365526676177981 75.625000000000014 0.12496908754110338 -0.016251021996140477 0.18874283879995349 1.0308667421340945 18.125000000000004 0.015504099894315006 0.43442112207412725
decision_type=2 2 2 2 2 2 2 2 2 2 2 2 2 2 2 2 2 2 2 2 2 2 2 2 2 2 2 2 2 2
left_child=1 -1 12 4 -4 6 7 8 9 -5 -10 -7 20 15 -15 16 27 -17 19 -19 -2 23 -23 24 -22 -26 -25 29 -29 -14
right_child=2 -3 3 5 -6 11 -8 -9 10 -11 -12 -13 13 14 -16 17 -18 18 -20 -21 21 22 -24 26 25 -27 -28 28 -30 -31
leaf_value=0.013822367579558419 -3.2150417337909201e-05 0.0018984551082134439 -0.0033406698758349069 0.018054742293378053 -0.035110060124394472 -0.048292977859242921 0.041925994397206498 -0.034768679936783918 0.030429129256460269 -0.029252460383128145 -0.004736433809526857 -0.0043459456430033081 0.021492144983573429 -0.00614164599351951 -0.038352089958999643 0.001206841969193385 -0.035920584041025543 0.019855297270498173 -0.014641262418914296 0.007932185184898792 0.0013673774427449238 -0.003319535350515494 0.02727465629500711 -0.056221750972075858 -0.013320235102335837 0.015999421456620044 -0.013175595990648671 0.0025313492113041335 -0.02605837013259828 -2.1861071264550687e-05
leaf_weight=1852.9023187234998 1139567.621003367 14115.231929123402 2281.9325078427792 280.59454470872879 1059.6155577600002 284.54395833611488 355.77889931201935 301.40464761853218 951.37439173460007 410.71310657262802 436.98613345623016 499.8775986135006 1174.7105358839035 4575.7075602412224 397.27631908655167 7954.6522318124771 676.83546853065491 3582.8419206738472 661.92755997180939 9363.8135602474213 2623.7547683119774 1351.9217286705971 1498.3885518312454 334.47186768054962 7166.1804074645042 530.95219749212265 281.82020634412766 1905.2257959842682 663.17780327796936 1508.9688041210175
leaf_count=669 490644 3462 2118 119 1509 337 169 409 369 436 278 304 287 3510 315 5054 247 1425 442 4059 1162 506 396 306 4146 156 132 809 331 531
internal_value=-1.08934e-06 0.00328986 -4.51772e-05 -0.00539317 -0.0134895 0.00230642 0.00895021 0.00386824 0.00960745 -0.0100673 0.0194061 -0.0206947 -1.4181e-05 0.00276352 -0.00878664 0.00485523 -0.00200989 0.00674289 0.00997563 0.0112446 -9.23922e-05 -0.00506788 0.0128027 -0.00973254 -0.00806631 -0.0112796 -0.0370621 0.00242014 -0.00492313 0.00944016
internal_weight=1.20865e+06 15968.1 1.19268e+06 6862.82 3341.55 3521.27 2736.85 2381.07 2079.67 691.308 1388.36 784.422 1.18582e+06 32465.1 4972.98 27492.2 5928.92 21563.2 13608.6 12946.7 1.15336e+06 13787.5 2850.31 10937.2 10320.9 7697.13 616.292 5252.08 2568.4 2683.68
internal_count=524637 4131 520506 6048 3627 2421 1780 1611 1202 555 647 641 514458 17010 3825 13185 2205 10980 5926 5484 497448 6804 902 5902 5464 4302 438 1958 1140 818
is_linear=0
shrinkage=0.04


Tree=187
num_leaves=31
num_cat=0
split_feature=9 8 11 12 10 13 10 5 11 13 10 10 16 11 3 10 10 14 14 13 11 14 4 4 11 7 12 14 13 13
split_gain=108.076 317.165 295.74 313.283 453.602 503.052 317.467 328.517 346.181 437.052 291.433 1207.49 397.733 354.015 417.775 348.185 436.727 421.336 592.346 474.283 541.158 393.454 481.139 336.674 329.446 343.471 381.912 317.366 315.944 309.662
threshold=79.625000000000014 20.875000000000004 0.39430940151214605 1.0000000180025095e-35 -0.98930078744888295 0.22125700116157535 -0.98370367288589466 1.3280879855155947 0.29753153026103979 0.2865732610225678 -0.82956761121749867 -0.78921556472778309 -3.0790197849273677 -0.37645272910594935 16.022135734558109 -0.55028682947158802 -0.36747109889984125 19.738782882690433 6.4590606689453134 5.2943601608276376 -0.96234029531478871 28.133420944213871 21.991430282592777 22.434560775756839 -0.34436371922492975 9.4797406196594256 3.4435561895370488 0.11639668419957162 2.2648209333419804 0.40035358071327215
decision_type=2 2 2 2 2 2 2 2 2 2 2 2 2 2 2 2 2 2 2 2 2 2 2 2 2 2 2 2 2 2
left_child=-1 2 3 4 5 -2 -6 8 -8 -10 12 -12 -5 14 -14 -13 21 18 19 -18 -21 28 -23 -20 -15 27 -27 -26 -17 -29
right_child=1 -3 -4 10 6 -7 7 -9 9 -11 11 15 13 24 -16 16 17 -19 23 20 -22 22 -24 -25 25 26 -28 29 -30 -31
leaf_value=-0.00013801091073183458 -0.047528576924110361 -0.0023096397956825464 0.020872394125708387 -0.0014870371716183865 0.025167154546350701 -0.00030639800539747494 0.0027889395336226585 -0.014607645426567901 -0.05404745047870893 0.032537607571672171 -0.027353850403442969 0.0071910773701104429 0.018994191517172701 -0.022536247799357197 -0.0085270439655348498 0.013038268223989105 -1.8917051365356523e-05 0.012022437601006439 -0.0086311406769438281 0.0059239851870411964 0.031176948725985493 -0.0063349819720989889 0.03026563726686057 0.014258140780242822 0.034809419381697078 0.026608216744073911 0.0044011691501964325 -0.03312757707852497 -0.014093263958438974 0.00033896818879508502
leaf_weight=1068603.2227623984 742.76987013220787 34113.646058879793 1319.4992634728551 7774.1833361536264 679.07366725802422 693.69376868009567 8635.0346517413855 2839.7762232869864 352.40933673083782 118.05557852983475 2266.5370416641235 16914.382217288017 7122.0082337856293 659.45905828475952 1001.3299944400787 755.43995666503906 9690.445107370615 6206.8442470431328 10450.672611296177 4178.2820086479187 2005.9076360464096 1573.4598752260208 892.91698372364044 1131.2011579871178 378.99175691604614 2182.1994616389275 2861.1545541733503 474.23115536570549 6837.5923248529434 5114.9708013087511
leaf_count=472311 960 13770 1820 3002 243 467 4437 1247 994 84 912 4612 1533 309 330 191 3439 1342 3190 1105 336 446 132 238 150 659 1203 383 2191 2601
internal_value=-1.1115e-06 0.00104401 0.00212493 0.00188631 -0.00366648 -0.0248839 -0.00123447 -0.00275516 0.000953299 -0.0320953 0.00274961 0.00124626 0.00617814 0.00918785 0.0155955 0.00231963 0.000433872 0.00261938 0.000490107 0.00550706 0.0141522 -0.00687515 0.00698447 -0.00638517 0.00471845 0.00636964 0.0140435 -0.000127735 -0.0113803 -0.00255469
internal_weight=1.20857e+06 139966 105853 104533 14060.8 1436.46 12624.3 11945.3 9105.5 470.465 90472.2 62903.7 27568.5 19794.3 8123.34 60637.1 43722.8 33663.4 27456.5 15874.6 6184.19 10059.4 2466.38 11581.9 11671 11011.5 5043.35 5968.19 7593.03 5589.2
internal_count=524637 52326 38556 36736 8432 1427 7005 6762 5515 1078 28304 18134 10170 7168 1863 17222 12610 9650 8308 4880 1441 2960 578 3428 5305 4996 1862 3134 2382 2984
is_linear=0
shrinkage=0.04


Tree=188
num_leaves=31
num_cat=0
split_feature=11 9 3 4 8 12 9 3 10 10 6 11 14 9 4 3 8 5 10 11 4 4 14 9 2 10 2 4 10 10
split_gain=109.261 285.123 275.865 127.592 146.732 241.494 230.29 112.371 498.896 760.381 744.352 667.211 591.126 626.602 598.03 552.467 512.242 648.232 470.204 646.392 535.46 494.791 640.703 541.217 600.324 505.521 555.478 465.494 1009.84 923.972
threshold=0.48689031600952154 74.875000000000014 0.35962031781673437 1.0000000180025095e-35 17.875000000000004 0.053571790456771858 80.125000000000014 1.0788556933403017 -0.60639065504074086 -0.74512827396392811 8.5348501205444354 -0.87397405505180348 1.4178416728973391 77.375000000000014 0.10778025910258295 73.644496917724624 21.125000000000004 1.1558816432952883 -0.3992436677217483 -0.93543598055839527 1.7096041440963747 19.553018569946293 9.2867536544799822 75.125000000000014 7.7574861049652108 -0.47652685642242426 28.227556228637699 1.0000000180025095e-35 -0.53584328293800343 -0.50648479163646687
decision_type=2 2 2 2 2 2 2 2 2 2 2 2 2 2 2 2 2 2 2 2 2 2 2 2 2 2 2 2 2 2
left_child=7 -2 3 4 -3 6 -6 -1 9 15 12 18 13 14 -11 -9 17 -14 21 -20 -21 22 -10 -24 -25 26 -23 28 -13 -29
right_child=1 2 -4 -5 5 -7 -8 8 11 10 -12 27 16 -15 -16 -17 -18 -19 19 20 -22 25 23 24 -26 -27 -28 29 -30 -31
leaf_value=0.00039997671685240824 -0.061884907099488864 0.039513261455769375 0.044352861626725304 -0.068289193428454742 -0.06359562191763185 0.038074233369170381 0.021337034358653119 -0.0003423438839735312 0.00053630865346014232 0.014132739822314283 -0.0023964650045565808 0.020055736957540673 -0.034159925385148664 0.028539247212402908 -0.028618832225681737 -0.014354895195517229 0.0040463052605822008 -0.013471728463003332 -0.00028907928595885038 0.012397732463590293 0.0014424211252822194 -0.0058339290415016553 -0.0051012452677231916 -0.033240114254393681 -0.010899964815386964 -0.0022692084802311673 0.02843847853704758 0.00036498311541042632 -0.0066023616736555135 0.014558781561225594
leaf_weight=594966.94191360474 154.01190600171685 71.783271461725235 142.72024060040712 58.312971878796816 171.06494273990393 75.984860435128212 65.397792264819145 224681.97047704458 10671.461797714233 951.16678529977798 33157.070242285728 7497.7561108469963 3158.4445104598999 1046.7666880488396 1142.030252635479 4583.924347370863 1862.8294546604156 10436.781228780746 199980.6108186841 12363.680550158024 16878.603813767433 1186.8540630936623 8875.4510818719864 3093.9062225818634 5107.5714048147202 9666.172695338726 2063.2835758924484 42210.421419918537 3255.3709572851658 8872.3269224762917
leaf_count=294203 1243 106 264 604 1678 152 144 101625 4497 468 10949 2077 2528 301 993 1974 835 5436 62667 3326 3944 299 2040 1491 1737 2320 249 13058 1433 1996
internal_value=-1.05439e-06 -0.015271 -0.00217097 -0.0178234 -0.00862652 -0.0205688 -0.0401934 8.41914e-06 -0.000371779 -0.00161181 -0.00599057 0.000678739 -0.0123935 0.00342019 -0.00921732 -0.000623124 -0.0156058 -0.0182996 -0.000179992 0.00052328 0.006077 -0.00414342 -0.00715293 -0.0119555 -0.0193577 0.0023225 0.0159437 0.00442616 0.0119867 0.00283261
internal_weight=1.20845e+06 739.276 585.264 442.544 384.231 312.448 236.463 1.20771e+06 612744 281021 51755.1 331723 18598 3139.96 2093.2 229266 15458.1 13595.2 269888 229223 29242.3 40664.7 27748.4 17076.9 8201.48 12916.3 3250.14 61835.9 10753.1 51082.7
internal_count=524637 4191 2948 2684 2080 1974 1822 520446 226243 125109 21510 101134 10561 1762 1461 103599 8799 7964 82570 69937 7270 12633 9765 5268 3228 2868 548 18564 3510 15054
is_linear=0
shrinkage=0.04


Tree=189
num_leaves=31
num_cat=0
split_feature=14 5 4 14 6 2 15 4 8 10 10 10 11 10 7 2 13 3 10 14 1 1 9 4 10 11 3 11 10 7
split_gain=108.36 227.89 164.406 150.573 139.833 139.05 119.482 204.606 286.831 370.584 440.807 332.882 377.25 281.131 275.669 240.824 197.749 169.942 164.743 189.062 162.68 156.557 136.081 295.287 265.202 308.634 295.719 357.337 461.415 396.869
threshold=52.708812713623054 56.463783264160163 13.816721916198732 29.392488479614261 62.556461334228523 72.145698547363295 0.93750000000000011 17.780353546142582 19.625000000000004 -0.01505099539645016 -0.18598018586635587 -0.28622037172317499 -0.31186713278293604 -0.91246706247329701 11.596426963806154 1.3085707426071169 29.386331558227543 5.0680398941040048 -0.38341410458087916 12.64925003051758 0.11573293805122377 2.7041811943054204 73.375000000000014 41.578748703002937 0.1732888147234917 -0.11051030829548834 2.0403710603713994 -0.99465739727020253 -0.88218119740486134 8.1364135742187518
decision_type=2 2 2 2 2 2 2 2 2 2 2 2 2 2 2 2 2 2 2 2 2 2 2 2 2 2 2 2 2 2
left_child=1 6 -2 -3 -5 -4 22 8 14 10 11 12 13 -10 20 -9 -14 -13 19 -15 -8 -11 23 24 25 26 -1 -28 29 -29
right_child=2 3 5 4 -6 -7 7 15 9 21 -12 17 16 18 -16 -17 -18 -19 -20 -21 -22 -23 -24 -25 -26 -27 27 28 -30 -31
leaf_value=0.010508051827520966 -0.0070897397035460871 0.008472594742180874 -0.0041673408929644102 9.8682848660573675e-05 0.0077042909789473771 0.0041309883548944727 0.024032574455481175 0.016876131902447192 0.016125637984254787 -0.0065336128284487916 0.015641976135050355 -0.015666091239982888 -0.014518744810272925 0.0035740033942221992 -0.0051341610833270492 -0.00050345961316294462 -0.049324070390353497 -0.047081303613250476 0.0063461740723715918 -0.013079027297833778 0.0042488158622471317 -0.040686922836794821 -9.8484128700373574e-05 -0.0038117337059181407 -0.0026056428285146432 -0.002657067818526291 -0.0077897221811936692 0.014003104557537744 0.0068713763988531218 -0.0090878605289531431
leaf_weight=11619.487332463264 8613.2073721289635 7392.9679756164551 6356.706224322319 16661.340256989002 5027.2243881821632 6549.387809753418 776.40837395191193 1639.5662171542645 1010.5479801297188 305.81226193904877 1299.8791265487671 658.9042911529541 677.68380263447762 1427.0501925945282 6438.1950683295727 5625.7841575145721 428.45020186901093 483.89145922660828 1342.8598190546036 4568.8022170066833 4355.762947037816 747.29122239351273 1036882.3676161319 13948.717200793326 13268.817765951157 10400.189342796803 4184.1849547624588 1486.1031821966171 28287.925071716309 5836.9686390161514
leaf_count=2202 1747 1446 1213 3256 766 1054 211 424 263 143 278 212 417 483 1703 1295 309 230 295 1602 1362 554 481503 3384 3769 6351 899 362 5136 1768
internal_value=-1.06157e-06 4.99574e-05 -0.00281346 0.00354659 0.00186434 4.37067e-05 -3.79081e-05 -0.00245599 -0.0042025 -0.00828911 -0.00626141 -0.0089601 -0.00647815 -0.00355388 0.000375003 0.00343639 -0.0283214 -0.0292612 -0.00628202 -0.00911615 0.00728267 -0.0309238 3.03806e-05 0.001531 0.00252392 0.00362525 0.00489631 0.00325555 0.00455516 -0.0043892
internal_weight=1.2083e+06 1.18678e+06 21519.3 29081.5 21688.6 12906.1 1.1577e+06 31786.9 24521.5 12951.2 11898.1 10598.2 9455.39 8349.26 11570.4 7265.35 1106.13 1142.8 7338.71 5995.85 5132.17 1053.1 1.12591e+06 89032.4 75083.7 61814.9 51414.7 39795.2 35611 7323.07
internal_count=524637 520623 4014 5468 4022 2267 515155 9781 8062 4786 4089 3811 3369 2643 3276 1719 726 442 2380 2085 1573 697 505374 23871 20487 16718 10367 8165 7266 2130
is_linear=0
shrinkage=0.04


Tree=190
num_leaves=31
num_cat=0
split_feature=16 11 11 14 11 4 9 14 9 8 11 9 17 10 14 3 11 11 12 3 12 11 17 17 7 17 10 8 9 13
split_gain=107.133 221.781 401.638 479.101 401.889 317.219 278.745 258.236 212.141 212.133 210.847 621.502 532.761 508.713 609.8 519.496 496.933 701.623 556.137 505.787 512.419 404.357 772.624 368.923 534.687 348.753 345.578 325.142 309.763 337.388
threshold=0.63817954063415538 0.37844388186931616 0.31390938162803655 6.074876308441163 0.26451654732227331 5.8506381511688241 74.875000000000014 5.4751389026641855 75.875000000000014 18.625000000000004 -0.99966478347778309 74.875000000000014 14.879920959472658 -0.01505099539645016 1.1234730482101443 6.2580206394195566 -0.99628248810768116 -0.99375280737876881 4.523442506790162 1.0000000180025095e-35 0.40630291402339941 -0.98932650685310353 0.12187496945261957 -8.3742241859436017 1.4106624722480776 -0.13196247071027753 1.0000000180025095e-35 20.125000000000004 78.875000000000014 8.0744776725769061
decision_type=2 2 2 2 2 2 2 2 2 2 2 2 2 2 2 2 2 2 2 2 2 2 2 2 2 2 2 2 2 2
left_child=10 2 4 9 -2 -3 -5 8 -6 -4 11 12 -1 15 26 27 19 18 23 -12 -21 22 -19 -18 25 -25 -15 -13 29 -16
right_child=1 5 3 6 7 -7 -8 -9 -10 -11 16 13 -14 14 28 -17 17 21 -20 20 -22 -23 -24 24 -26 -27 -28 -29 -30 -31
leaf_value=-0.013849900947204579 0.00056008693159719219 -0.031110464506163466 0.0065965500273910309 -0.065274569804735935 -0.0012847440803212093 0.015240375356654654 0.013955758169473127 -0.048650741727869713 -0.04366384379690403 0.036035400437506214 0.00068381417947448034 0.032425163873192914 0.016028927290209646 -0.0087905188270387125 0.015221832127199002 -0.011870119005321027 0.024793181025883564 0.00032043821842605679 -0.0047873467330662271 -0.017141200654038673 -0.0043772909362882681 -0.00018790862518302891 -0.015151588920886788 0.030468496666947842 0.00302923965938096 0.0070020761760029304 -0.058198232839415151 0.0096267690780411693 -0.0078314576672763817 -0.01613684094338853
leaf_weight=4319.9213408827782 406146.45829753578 777.15303976088762 599.9571396112442 149.20601862668991 882.52436143159866 330.37176123633981 122.96936836838722 371.62296018004417 230.71724317967892 1147.0760264098644 15820.213065207005 2702.8189499974251 1215.9252967834473 615.82328921556473 4570.0553172826767 754.59703719615936 2439.6957368254662 13193.494287550449 4970.694239616394 7546.1510941982269 15098.449001133442 697147.90283427387 8474.9400092959404 2292.3611808419228 10134.706427395344 1823.3967150449753 352.39942574501038 1603.9481078982353 1778.7965424060822 615.43353867530823
leaf_count=1872 142586 1844 426 310 669 355 193 658 381 612 6985 686 154 368 1589 340 462 5366 1401 4822 5242 336804 3492 609 3735 844 351 499 652 330
internal_value=-1.06154e-06 0.000523753 0.000572284 0.0183238 0.000483904 -0.0172715 -0.0302522 -0.0202183 -0.0103783 0.0260207 -0.000271384 0.00394446 -0.00727007 0.00872417 0.0023951 0.0186192 -0.000371721 -0.000141423 0.00694985 -0.00480394 -0.00863646 -0.000355206 -0.00573517 0.0104462 0.00797434 0.0201144 -0.0271843 0.0239764 0.00654052 0.0114762
internal_weight=1.20823e+06 410758 409651 2019.21 407631 1107.52 272.175 1484.86 1113.24 1747.03 797472 18529.7 5535.85 12993.9 7932.51 5061.36 778942 740477 21660.9 38464.8 22644.6 718816 21668.4 16690.2 14250.5 4115.76 968.223 4306.77 6964.29 5185.49
internal_count=524637 148034 145835 1541 144294 2199 503 1708 1050 1038 376603 6841 2026 4815 3290 1525 369762 352713 7051 17049 10064 345662 8858 5650 5188 1453 719 1185 2571 1919
is_linear=0
shrinkage=0.04


Tree=191
num_leaves=31
num_cat=0
split_feature=1 10 10 14 14 10 7 9 14 9 11 11 10 14 12 2 2 9 9 13 11 4 10 8 11 10 11 3 9 13
split_gain=108.616 370.242 308.305 472.357 323.095 298.557 286.868 285.741 247.683 308.421 466.986 412.625 576.442 503.549 419.785 356.375 295.181 273.457 273.302 906.288 607.735 660.181 586.416 510.032 488.2 1812.29 899.057 739.179 1031.8 697.294
threshold=29.624236106872562 1.0000000180025095e-35 0.24059136956930163 15.796020507812502 21.37766265869141 0.22386012226343158 20.065229415893558 73.625000000000014 17.912962913513187 74.125000000000014 -0.99983122944831837 -0.99273797869682301 0.07089784182608129 10.484933853149416 12.26398277282715 0.21411728113889697 0.40748502314090734 73.375000000000014 74.875000000000014 0.011921776924282314 -0.31186713278293604 3.312814593315125 0.41886392235755926 19.375000000000004 -0.21231865882873532 -0.96463498473167408 -0.17858051508665082 3.1749866008758549 77.125000000000014 1.0000000180025095e-35
decision_type=2 2 2 2 2 2 2 2 2 2 2 2 2 2 2 2 2 2 2 2 2 2 2 2 2 2 2 2 2 2
left_child=8 -2 3 7 -4 6 -5 -3 9 10 -1 12 -12 17 -13 -16 -10 -14 19 -11 22 -22 23 -21 25 29 -26 -28 -29 -20
right_child=1 2 4 5 -6 -7 -8 -9 16 18 11 14 13 -15 15 -17 -18 -19 24 20 21 -23 -24 -25 26 -27 27 28 -30 -31
leaf_value=-0.019312873121789816 0.0018336035320492083 0.015618801404465874 -0.0027353981238025611 -0.030189910339658885 0.020126418990087758 0.0079733594805197587 -0.011664769401008 -0.0049989681813532461 -0.0096993087931695234 0.0075311768158242334 0.0029818267868214001 1.3402413762880208e-05 0.040836540862840554 -0.0016227145576241562 -0.0041871654235883559 0.0063104514591288572 -0.0013794646484938068 0.017183307674571654 -0.013719854827458361 -0.0083857781250906913 0.0054063571495975979 -0.0096956496027847013 0.013191709291628235 0.00019529013016826393 -0.014922354202244704 6.544618485524691e-05 -0.0033418866673022565 -0.0043336482116315671 0.011012069270338735 0.014258556802746999
leaf_weight=1685.6984520554543 120811.77621493489 1644.4875092506409 3183.2838445305824 1834.4010910391808 1423.6523607373238 880.94133406877518 4965.1801233291626 3064.21711820364 7295.6031982600689 13365.049109879881 10094.578778624535 120369.01426360011 1531.4148020744324 1207.9486117362976 6086.6716296225786 34276.702010467649 103406.75169932842 1639.0845301151276 1532.8901121616364 48331.679857969284 18787.124210562557 6135.8523099049926 2529.4692606925964 14378.214502751827 8419.8763068318367 542683.58397760987 79164.363718807697 12625.766118198633 15740.385460458696 19012.437961757183
leaf_count=648 29403 214 884 936 172 158 1134 1324 3022 9044 2835 48852 145 294 1949 7981 27687 485 694 28409 10890 4065 1035 6664 4532 229872 76142 10133 9320 5714
internal_value=-1.06586e-06 0.00105588 -0.00447016 -0.00775368 0.00435774 -0.0138629 -0.0166995 0.00221951 -0.000137163 6.95205e-05 0.00157793 0.00178002 0.00824665 0.0203503 0.00119726 0.0047268 -0.00192859 0.0287008 -0.000271395 -0.00218575 -0.0036268 0.00168596 -0.00565634 -0.00641858 2.04384e-05 0.000507034 -0.00234304 -0.00135676 0.00418257 0.0121654
internal_weight=1.20811e+06 137808 16996.2 12389.2 4606.94 7680.52 6799.58 4708.7 1.0703e+06 959598 176891 175205 14473 4378.45 160732 40363.4 110702 3170.5 782707 103527 90162.3 24923 65239.4 62709.9 679179 563229 115950 107531 28366.2 20545.3
internal_count=524637 34225 4822 3766 1056 2228 2070 1538 490412 459703 63189 62541 3759 924 58782 9930 30709 630 396514 60107 51063 14955 36108 35073 336407 236280 100127 95595 19453 6408
is_linear=0
shrinkage=0.04


Tree=192
num_leaves=31
num_cat=0
split_feature=8 14 11 10 8 9 12 7 10 9 14 8 12 9 14 8 9 10 8 13 10 13 8 9 13 10 1 3 4 9
split_gain=104.411 133.879 121.092 116.42 258.588 276.282 199.501 228.017 288.427 226.38 240.053 247.472 224.359 214.523 189.432 173.155 158.978 142.704 451.711 226.072 203.349 256.366 258.554 305.64 263.912 202.475 664.494 499.976 350.35 179.492
threshold=15.875000000000002 2.6357603073120122 -0.91249075531959523 0.48030318319797521 21.125000000000004 73.375000000000014 0.024418985471129421 0.087709460407495513 0.49531894922256475 78.625000000000014 0.016748309135437015 17.375000000000004 2.4717725515365605 76.625000000000014 0.25084339082241064 20.125000000000004 74.875000000000014 0.40318277478218084 20.625000000000004 0.59689122438430797 0.43442112207412725 6.2226798534393319 18.375000000000004 73.875000000000014 1.0000000180025095e-35 0.37146723270416265 0.20224061608314517 0.22356953471899035 0.24646032601594928 79.375000000000014
decision_type=2 2 2 2 2 2 2 2 2 2 2 2 2 2 2 2 2 2 2 2 2 2 2 2 2 2 2 2 2 2
left_child=1 -1 -3 17 5 -5 7 8 13 10 11 -9 -8 16 -12 -15 -7 25 20 -20 21 22 24 -24 -19 -2 28 -28 -27 -22
right_child=3 2 -4 4 -6 6 12 9 -10 -11 14 -13 -14 15 -16 -17 -18 18 19 -21 29 -23 23 -25 -26 26 27 -29 -30 -31
leaf_value=0.013296732292867427 -2.9349761476112532e-05 0.0057576066059905322 -0.0016562527308463752 -0.041033965616287978 -0.037205336417427758 -0.0082370456872788485 -0.027871341991748337 0.017095067257115289 -0.024625461553566329 0.041027175147498304 0.026030417840167273 -0.031553685256475242 0.013501884218468225 -0.044591615159371413 -0.0063297134543916066 0.00026808045203544301 0.021361688556764378 0.029440665027705783 -0.0059397224917598721 -0.037198550882365566 0.0025162746573670759 -0.018850365265951664 -0.017885098499811271 0.007777448047934672 0.0096408875301669458 -0.009069019247512666 0.00050397366293478086 0.032561016872270726 -0.04570337106964989 -0.016512539908434608
leaf_weight=1850.9609825462103 1138962.617119506 6728.8782142996788 7383.6773718595505 286.99839103221893 372.52596458792686 423.19161552190781 793.87249624729156 261.67880260944366 889.53985419869423 331.94374111294746 898.28554716706276 430.40584576129913 276.85733723640442 217.71634775400162 419.89131250977516 347.85841006040573 885.12398532032967 1700.4991199970245 4574.1746785342693 393.57697451114655 14051.158681213856 522.09984278678894 827.32040816545486 6579.6760450601578 2952.5528037548065 9100.6476137638092 3215.7139330506325 1017.193298637867 428.69772529602051 830.60177999734879
leaf_count=669 490644 1236 2226 336 656 298 791 111 1122 153 380 506 119 356 279 388 553 497 3510 315 7155 187 414 3121 1055 4986 1269 211 338 756
internal_value=-1.00678e-06 0.00321149 0.00188026 -4.4056e-05 -0.0052453 -0.00334861 -0.00153398 0.00176755 -0.00600583 0.0109254 0.00577643 -0.013178 -0.0171476 0.00291675 0.0157524 -0.0174752 0.0117977 -1.40116e-05 0.00260236 -0.008486 0.00461042 0.00835162 0.00954389 0.00489083 0.0169245 -8.76447e-05 -0.0049086 0.00826606 -0.0107633 0.00144384
internal_weight=1.20796e+06 15963.5 14112.6 1.19199e+06 6835.89 6463.36 6176.37 5105.64 2763.43 2342.21 2010.26 692.085 1070.73 1873.89 1318.18 565.575 1308.32 1.18516e+06 32431.7 4967.75 27463.9 12582.1 12060 7407 4653.05 1.15272e+06 13762.3 4232.91 9529.35 14881.8
internal_count=524637 4131 3462 520506 6048 5392 5056 4146 2717 1429 1276 617 910 1595 659 744 851 514458 17010 3825 13185 5274 5087 3535 1552 497448 6804 1480 5324 7911
is_linear=0
shrinkage=0.04


Tree=193
num_leaves=31
num_cat=0
split_feature=9 8 11 12 10 13 10 5 11 2 13 10 3 11 11 14 11 4 11 14 7 10 14 11 3 6 10 11 15 4
split_gain=102.759 291.359 274.524 290.003 426.451 472.437 294.065 305.099 325.463 411.919 271.244 326.91 389.7 311.973 462.742 654.739 411.894 678.072 491.651 528.945 377.692 417.066 347.763 347.664 326.594 299.225 281.656 278.283 269.911 437.835
threshold=79.625000000000014 20.875000000000004 0.39430940151214605 1.0000000180025095e-35 -0.98930078744888295 0.22125700116157535 -0.98370367288589466 1.3280879855155947 0.29753153026103979 0.13318620622158053 1.8673717975616457 0.24059136956930163 1.0233616232872011 -0.99052476882934559 -0.98049351572990406 20.778612136840824 -0.95998492836952198 4.3281562328338632 -0.95242238044738758 5.1357336044311532 10.123189449310305 0.088045001029968276 7.3064737319946298 -0.97696766257286061 0.16831944137811664 14.156899929046633 -0.99940761923789967 -0.99938741326332081 0.31250000000000006 57.295400619506843
decision_type=2 2 2 2 2 2 2 2 2 2 2 2 2 2 2 2 2 2 2 2 2 2 2 2 2 2 2 2 2 2
left_child=-1 2 3 4 5 -2 -6 8 -8 -10 11 12 -5 20 15 24 17 23 19 -18 21 22 27 -16 -15 -22 -20 -12 29 -28
right_child=1 -3 -4 10 6 -7 7 -9 9 -11 13 -13 -14 14 16 -17 18 -19 26 -21 25 -23 -24 -25 -26 -27 28 -29 -30 -31
leaf_value=-0.0001345011841584974 -0.046347840427663212 -0.0021956880078366531 0.020155115901840822 0.017979975407433912 0.024296597668193337 -0.00042824635723388697 0.0027118759913847598 -0.014065493079332289 -0.051081921397856535 0.037329593846298019 -0.0051398984261551463 -0.0079577688597403922 0.0032524251482356609 0.015794527611292825 0.001738314585108572 0.038907941835427465 0.036950081376875235 0.0082198753688645081 0.025120240879075068 -0.00083443079127978415 -0.04256640383527676 -0.025696010149419815 -0.0099238524726936415 -0.02699855407023749 -0.0063786962485127378 -0.010121977958971785 0.00048584074829482446 0.018849269295490641 0.0057142540033260619 -0.022736896776816118
leaf_weight=1068086.1938223392 732.55470058321953 34102.134819731116 1314.1642980054021 5579.4609009027481 676.17964163422585 693.44270232319832 8628.6561479270458 2834.2336058318615 361.55665118992329 101.13989081978798 1136.9081486463547 1785.9045416116714 5929.831266656518 2451.7001345157623 907.25807601213455 1261.6380753517151 1342.5711200237274 2336.289369225502 814.78784826397896 1054.5304148197174 639.08454978466034 893.01744961738586 1940.2250548601151 2592.518976688385 1862.8295760750771 1551.5689424276352 35431.872334375978 2388.0797758102417 17114.591439604759 1338.4074002504349
leaf_count=472311 960 13770 1820 1805 243 467 4437 1247 1006 72 364 954 2110 531 256 160 199 510 347 269 310 422 640 958 536 550 11503 540 4760 580
internal_value=-1.02219e-06 0.00101873 0.00205596 0.00182618 -0.00352298 -0.0241763 -0.00116857 -0.00263159 0.000944469 -0.0313754 0.00265696 0.00793117 0.0104014 0.00174606 0.00264527 0.0136788 0.00166563 -0.00844731 0.00270061 0.0203935 -0.00545468 -0.000510445 0.0036443 -0.0195653 0.00622846 -0.0197375 0.00192167 0.0111194 0.00156629 -0.000365399
internal_weight=1.20788e+06 139797 105695 104381 14027.8 1426 12601.8 11925.6 9091.35 462.697 90353.1 13295.2 11509.3 77057.9 68509 5576.17 62932.8 5836.07 57096.8 2397.1 8548.88 6358.23 5465.21 3499.78 4314.53 2190.65 54699.7 3524.99 53884.9 36770.3
internal_count=524637 52326 38556 36736 8432 1427 7005 6762 5515 1078 28304 4869 3915 23435 20609 1227 19382 1724 17658 468 2826 1966 1544 1214 1067 860 17190 904 16843 12083
is_linear=0
shrinkage=0.04


Tree=194
num_leaves=31
num_cat=0
split_feature=11 9 3 4 8 12 9 3 11 10 10 7 11 9 12 10 10 9 7 2 8 8 11 10 14 7 10 6 10 7
split_gain=102.818 271.806 257.406 123.805 138.43 232.301 217.099 105.778 376.556 1252.35 852.727 767.028 1071.13 1070.74 1071.06 725.913 1037.1 677.79 567.13 548.141 529.187 527.585 1098.6 1138.85 994.725 924.176 613.249 503.489 478.478 959.472
threshold=0.48689031600952154 74.875000000000014 0.35962031781673437 1.0000000180025095e-35 17.875000000000004 0.053571790456771858 80.125000000000014 0.27087615430355078 -0.76278147101402272 -0.46133413910865778 -0.76762619614601124 0.82875737547874462 -0.71651923656463612 77.125000000000014 5.8671882152557382 -0.72174841165542591 -0.74512827396392811 74.125000000000014 4.5716629028320321 1.0000000180025095e-35 19.875000000000004 19.375000000000004 -0.14463099837303159 -0.97312742471694935 15.194740295410158 4.6259770393371591 -0.98803845047950734 0.35078373551368719 -0.87812310457229603 1.0000000180025095e-35
decision_type=2 2 2 2 2 2 2 2 2 2 2 2 2 2 2 2 2 2 2 2 2 2 2 2 2 2 2 2 2 2
left_child=7 -2 3 4 -3 6 -6 8 9 17 21 12 -12 14 19 16 -14 -1 -19 27 -16 24 23 25 -10 -23 -26 -13 -24 -30
right_child=1 2 -4 -5 5 -7 -8 -9 10 -11 11 13 15 -15 20 -17 -18 18 -20 -21 -22 22 28 -25 26 -27 -28 -29 29 -31
leaf_value=0.023497284214397406 -0.06106960684469593 0.038631883032449736 0.043153637175786859 -0.067917098871626919 -0.062793232059519449 0.037450367423558312 0.02020761947051971 -0.00030493049504484097 0.001860945224277699 0.00024153790903527222 -0.0079924270530918346 -0.023091561664741675 0.026039498656321866 0.013010010928750515 0.033680168487885659 0.03969749901857561 -0.018787464119039442 -0.018522360126407924 -0.005095140607126957 -0.02131572525444278 -0.0081390813664403688 0.018998457392188792 -0.0071805948442501908 -0.00073272405962162819 0.034430797158490671 -0.0071847594296428939 0.0061494968942419383 0.0084996726816047447 0.04221764152184268 -0.071916819361956694
leaf_weight=920.66185861825943 150.01463164761662 71.051773443818092 140.54845643788576 56.209264770150185 166.38584743067622 75.693460445851088 64.968349426984787 710474.40845166892 92516.129359945655 249506.40343683958 2041.724986076355 1131.8203576803207 3037.8255774974823 10016.399628102779 1441.5663390755653 3022.8942816257477 1124.4646148681641 9526.3213683366776 10680.697567880154 4460.556447327137 721.45256727933884 9376.4206609725952 38576.396955050528 47198.762415766716 2452.4219772815704 2794.5374314188957 2455.217196315527 2744.3756283521652 696.08687906712294 132.05410418659449
leaf_count=246 1243 106 264 604 1678 152 144 269766 51519 107929 1365 769 724 2850 326 644 693 7017 4448 2702 321 2735 43284 17907 421 1216 771 1243 768 782
internal_value=-9.88789e-07 -0.0149584 -0.00208683 -0.017369 -0.00829806 -0.0200338 -0.0396136 8.11748e-06 0.000456008 -0.000550428 0.0016615 0.00797165 0.0175438 0.00366025 -0.00526297 0.0248011 0.0139133 -0.0098988 -0.0114312 -0.0117708 0.0197585 0.000704536 -0.00135541 0.00208129 0.00279296 0.0129856 0.0203234 -0.000760416 -0.00653262 0.023377
internal_weight=1.20777e+06 724.872 574.857 434.309 378.099 307.048 231.354 1.20705e+06 496575 270634 225941 29743.1 9226.91 20516.2 10499.8 7185.18 4162.29 21127.7 20207 8336.75 2163.02 196198 98774.3 59369.7 97423.8 12171 4907.64 3876.2 39404.5 828.141
internal_count=524637 4191 2948 2684 2080 1974 1822 520446 250680 119640 131040 11637 3426 8211 5361 2061 1417 11711 11465 4714 647 119403 66692 21858 52711 3951 1192 2012 44834 1550
is_linear=0
shrinkage=0.04


Tree=195
num_leaves=31
num_cat=0
split_feature=5 14 9 8 14 14 13 11 18 11 11 10 10 4 11 7 10 8 10 7 10 10 14 14 14 2 7 1 11 11
split_gain=102.02 178.971 141.045 291.757 249.958 264.199 243.236 328.939 203.269 245.549 186.585 314.054 176.563 168.389 171.045 231.815 283.275 241.729 218.314 446.045 171.275 339.257 330.777 418.742 297.74 189.097 165.035 164.111 163.714 150.772
threshold=93.965679168701186 47.137434005737312 73.375000000000014 19.375000000000004 0.11639668419957162 0.0074559897184371957 0.66546612977981578 -0.99168640375137318 4.506413698196412 0.061243016272783286 -0.05909669212996959 -0.98046803474426258 -0.99630266427993763 41.578748703002937 -0.09339838474988936 4.6259770393371591 -0.95244166254997242 18.125000000000004 -0.9769422411918639 13.589706420898439 -0.88218119740486134 -0.82956761121749867 4.7248623371124276 20.778612136840824 11.895111083984377 3.4290853738784794 5.4353039264678964 1.0000000180025095e-35 -0.041917072609066956 -0.99966478347778309
decision_type=2 2 2 2 2 2 2 2 2 2 2 2 2 2 2 2 2 2 2 2 2 2 2 2 2 2 2 2 2 2
left_child=1 2 3 13 5 -5 7 -6 9 -8 11 -10 -12 14 18 -16 28 -18 19 -1 22 24 -20 25 -22 -24 -9 -23 -17 -4
right_child=-2 -3 29 4 6 -7 8 26 10 -11 12 -13 -14 -15 15 16 17 -19 20 -21 21 27 23 -25 -26 -27 -28 -29 -30 -31
leaf_value=0.025070915999055407 0.0039914186070543842 -0.0034372454308066631 0.0029425445082095032 -0.0063160381931238862 0.040846520223044074 -0.044355819719556586 -0.016889097210147943 0.010555826237697061 0.018632798744961696 0.013207245852701402 -0.041032228513811886 -0.0011726233476835957 -0.0064441913539103656 -0.0014630087611251094 0.0075540486752308789 -0.023336211256819936 -0.0075702742213586893 -0.07000890810767986 0.016833298838000946 -0.0081229543866543925 -0.00078237873238287735 -0.0030162768572882521 -0.0032128931379163373 0.003568863928872722 0.022075533692486077 -0.029834447664964049 -0.019058262814750634 0.0046958515020610846 -0.0010171269820452003 -0.00017126006676618442
leaf_weight=2126.2215099334717 10145.037979364395 24224.472442686558 25474.917901158333 907.2568788304925 478.78986740112305 423.81157504022121 2522.5338726043701 1228.5338480994105 1352.8933556675911 515.59455414861441 323.13130527734756 21314.737662196159 828.0398353934288 11591.306120447814 2662.0453828722239 603.01820510625839 199.11495888233185 193.2573608905077 1101.4068372249603 923.77181243896484 1289.1475694179535 5129.3106417059898 631.50962007045746 2406.4632267951965 3099.1220557689667 1324.8526014089584 388.02243994176388 31415.983347415924 3704.9951928555965 1049056.6213789023
leaf_count=406 1632 4777 9638 670 65 319 908 622 343 283 219 4487 550 2617 1687 278 220 435 256 294 268 1739 175 517 441 459 250 5474 1557 483051
internal_value=-9.19059e-07 -3.47763e-05 3.55063e-05 0.00148265 -0.00178566 -0.0186683 -0.00100331 0.0120899 -0.00202895 -0.0117549 -0.000783966 1.71373e-05 -0.0164227 0.00292967 0.00382603 -0.00185994 -0.00719623 -0.0392991 0.00467284 0.0150236 0.00398934 0.00487718 -0.00265846 -0.00760645 0.015374 -0.0213011 0.00337408 0.00361289 -0.00418807 -9.74115e-05
internal_weight=1.20759e+06 1.19744e+06 1.17322e+06 98684.9 30283.3 1331.07 28952.3 2095.35 26856.9 3038.13 23818.8 22667.6 1151.17 68401.5 56810.2 7362.43 4700.39 392.372 49447.8 3049.99 46397.8 40933.6 5464.23 4362.83 4388.27 1956.36 1616.56 36545.3 4308.01 1.07453e+06
internal_count=524637 523005 518228 25539 8716 989 7727 937 6790 1191 5599 4830 769 16823 14206 4177 2490 655 10029 700 9329 7922 1407 1151 709 634 872 7213 1835 492689
is_linear=0
shrinkage=0.04


Tree=196
num_leaves=31
num_cat=0
split_feature=11 17 11 11 17 14 13 4 13 10 9 7 8 7 0 3 11 7 12 14 1 14 10 14 9 4 14 8 2 13
split_gain=104.842 369.544 1062.74 688.924 527.975 399.29 466.811 452.74 393.844 919.516 782.808 387.471 363.444 348.366 347.056 457.237 344.476 1611.02 610.871 377.056 346.59 344.312 365.513 436.067 442.194 371.872 534.268 606.235 364.139 340.385
threshold=-0.98667386174201954 0.10551568865776063 -0.99465739727020253 -0.99628248810768116 -7.0512464046478263 10.212116718292238 1.0308667421340945 0.15981265157461169 0.66546612977981578 -0.13505011796951291 77.125000000000014 4.3024220466613778 18.375000000000004 2.7819783687591557 26.380718231201175 11.326125621795656 -0.98049351572990406 2.5191814899444585 34.427762985229499 36.815074920654304 0.10760927572846414 0.57671257853508007 -0.01505099539645016 42.643693923950202 73.375000000000014 4.8221216201782235 6.3807692527771005 18.875000000000004 0.23783729225397113 1.0000000180025095e-35
decision_type=2 2 2 2 2 2 2 2 2 2 2 2 2 2 2 2 2 2 2 2 2 2 2 2 2 2 2 2 2 2
left_child=1 3 21 5 12 6 7 -1 9 29 -11 -4 -5 -10 15 -7 17 -2 20 -20 -19 -3 28 24 -24 26 27 -26 -23 -6
right_child=16 2 11 4 8 14 -8 -9 13 10 -12 -13 -14 -15 -16 -17 -18 18 19 -21 -22 22 23 -25 25 -27 -28 -29 -30 -31
leaf_value=0.0011484926485804052 -0.011790301561744002 -0.018415521468767872 -0.015737603962803978 -0.00077938320533778879 -0.055026716159427586 -0.0018372262722948013 0.004292975099267321 -0.012367249999394724 -0.013101043540040325 0.015988170849120822 -0.0075187138923708263 -0.0058552371803973699 0.015912716497374985 0.00063835159736061594 0.0054981703351563048 -0.018792702492262184 2.8638501461541079e-06 0.0015573369135280697 -0.019173781877875117 0.0067568597518854589 0.011982643873459998 -0.0068292737250406198 0.011985208103180918 -0.036323545686967704 -0.021554416310970104 0.0034012195177672709 -0.017821383719584378 0.0041454230111731541 0.0069556190610955146 -0.011048173910059087
leaf_weight=8341.372074007988 8502.1030511260033 1458.489727973938 8987.7218425273895 2773.6425424814224 335.81629312038422 4345.7064420580864 16751.173655033112 7546.1327832341194 3520.9264192581177 10008.864201486111 2922.8354969024658 21636.981437623501 8410.2597466111183 18026.046974420547 2256.7292296290398 6138.4227327108383 991665.43888942152 6581.1469805836678 2024.8392969965935 1597.6992672085762 22744.695564389229 3614.1281744241714 3467.8444406986237 570.5851925611496 1862.181028842926 8120.1074076294899 4986.5175732970238 6803.1117448210716 19953.1033654809 1561.9189592003822
leaf_count=4428 4565 970 4819 607 356 1477 6596 4631 1915 3938 1231 6515 1781 5964 394 2265 445770 2515 722 240 5674 1475 515 180 1370 2600 2546 2571 5132 875
internal_value=-9.28145e-07 -0.000908052 -0.00287462 0.000815747 0.0041793 -0.00270959 -0.000364541 -0.00527486 0.00184109 0.0068558 0.0106734 -0.0087597 0.011776 -0.0016118 -0.00871197 -0.011773 0.000152211 0.00372435 0.00773016 -0.00775011 0.00964438 0.000671699 0.0012391 -0.00204913 -0.00126023 -0.0033745 -0.00740425 -0.00139598 0.00483965 -0.0190781
internal_weight=1.20752e+06 174401 81460.8 92939.8 47560.3 45379.5 32638.7 15887.5 36376.4 14829.4 12931.7 30624.7 11183.9 21547 12740.9 10484.1 1.03312e+06 41450.5 32948.4 3622.54 29325.8 50836.1 49377.6 25810.3 25239.8 21771.9 13651.8 8665.29 23567.2 1897.74
internal_count=524637 65151 28693 36458 16667 19791 15655 9059 14279 6400 5169 11334 2388 7879 4136 3742 459486 13716 9151 962 8189 17359 16389 9782 9602 9087 6487 3941 6607 1231
is_linear=0
shrinkage=0.04


Tree=197
num_leaves=31
num_cat=0
split_feature=8 11 13 14 11 12 11 7 11 10 16 9 6 10 12 10 10 11 10 14 7 12 13 7 10 8 1 10 2 14
split_gain=103.842 167.317 233.272 176.135 172.064 302.259 253.216 350.47 180.719 217.19 263.704 258.265 208.759 227.003 197.554 215.342 194.214 314.352 191.722 332.598 160.433 154.301 168.235 150.121 276.869 146.627 141.632 166.953 138.495 173.442
threshold=16.875000000000004 0.41005823016166693 1.0000000180025095e-35 2.2600073814392094 0.31390938162803655 0.40630291402339941 0.21441935747861865 9.8465232849121112 -0.91939276456832875 -0.99940761923789967 5.112621784210206 73.875000000000014 12.062403678894045 -0.86546283960342396 61.488134384155281 -0.25309335440397257 -0.60639065504074086 -0.86974579095840443 0.3393120169639588 4.5953979492187509 8.7268676757812518 30.149055480957035 5.7497644424438485 1.0761659145355227 -0.8978554606437682 16.625000000000004 5.9034674167633066 -0.98523971438407887 1.0000000180025095e-35 12.073286533355715
decision_type=2 2 2 2 2 2 2 2 2 2 2 2 2 2 2 2 2 2 2 2 2 2 2 2 2 2 2 2 2 2
left_child=1 4 25 -4 6 -6 8 -8 14 28 11 12 13 -11 15 -1 23 21 -17 -20 -19 22 -18 24 -13 -3 27 -25 -10 -30
right_child=-2 2 3 -5 5 -7 7 -9 9 10 -12 16 -14 -15 -16 18 17 20 19 -21 -22 -23 -24 26 -26 -27 -28 -29 29 -31
leaf_value=0.0096310072609414408 -0.00011168058572059015 -0.051336726874557384 0.034509820042736873 -0.0023757369077635191 -0.041841016865274756 0.0010470393015582485 0.0021272872105654169 0.034398632174609617 0.020909268539663142 -0.0020503628847864616 0.0035858593680925077 0.012732251385060471 -0.0029909012655326491 0.011952927399469434 -0.0061844705780189756 0.0012014308059358292 -0.0060016507442962651 0.021241391621814151 -0.0037678660552389826 0.025301666833442562 0.0015368802263377157 0.0086223420790064748 -0.028844117988290247 -0.028700543055722293 -0.025052840049203606 0.012580955953934117 -0.0059235335054242545 -0.011683911743469102 -0.012595670081290427 0.017316016706312391
leaf_weight=7900.1413587331772 1108625.9255864732 110.6343235746026 714.73131583631039 288.30463941395283 400.66329875588417 729.50866493582726 1419.9783757328987 858.72779425978661 1170.4780487418175 3416.0051414966583 13644.813678443432 1128.0780210494995 11972.997491717339 4029.5106345415115 3478.0028481483459 26913.183265507221 1421.9337635040283 1092.1963983178139 1110.9423441886902 1436.9917225837708 1656.3582108616829 583.71939384937286 806.05910778045654 1157.0000878572464 416.65890771150589 103.51353639364243 4977.7317298054695 4579.7065364718437 640.16266530752182 583.22860604524612
leaf_count=1432 495720 286 456 303 569 565 855 279 327 1190 3337 450 2802 957 624 6260 697 355 352 215 429 122 321 763 292 131 1869 2250 280 149
internal_value=-9.67033e-07 0.00124196 0.01592 0.0239889 0.00105715 -0.0143911 0.00123974 0.0143859 0.000919959 -0.000614662 -0.0011695 -0.00291247 0.000278944 0.00553408 0.0029216 0.00377072 -0.00638848 -0.000186713 0.00219653 0.0126617 0.0094155 -0.00957334 -0.0143577 -0.00919891 0.00244497 -0.0212577 -0.0108784 -0.0151599 0.0111346 0.00168894
internal_weight=1.20737e+06 98742 1217.18 1003.04 97524.8 1130.17 96394.6 2278.71 94115.9 53276.6 50882.8 37238 19418.5 7445.52 40839.3 37361.3 17819.4 5560.27 29461.1 2547.93 2748.55 2811.71 2227.99 12259.2 1544.74 214.148 10714.4 5736.71 2393.87 1223.39
internal_count=524637 28917 1176 759 27741 1134 26607 1134 25473 16590 15834 12497 4949 2147 8883 8259 7548 1924 6827 567 784 1140 1018 5624 742 417 4882 3013 756 429
is_linear=0
shrinkage=0.04


Tree=198
num_leaves=31
num_cat=0
split_feature=8 2 11 10 2 14 10 4 3 10 10 6 11 10 11 14 9 10 14 9 4 4 3 3 2 9 8 3 10 13
split_gain=101.114 141.608 192.68 166.485 125.84 114.825 106.467 105.244 102.856 469.241 765.3 732.693 626.424 686.726 583.69 554.542 646.902 572.299 525.538 576.017 574.275 495.757 495.63 438.271 437.383 603.405 562.693 559.757 514.377 886.323
threshold=21.625000000000004 0.42464224994182592 -0.12758953124284741 -0.31900864839553827 3.5680999755859379 10.484933853149416 0.1732888147234917 0.10778025910258295 1.0788556933403017 -0.60639065504074086 -0.74512827396392811 10.008870601654055 -0.87810534238815297 -0.3992436677217483 -0.93543598055839527 8.4875326156616229 74.125000000000014 -0.44600489735603327 1.4178416728973391 77.375000000000014 0.10778025910258295 1.7096041440963747 73.644496917724624 13.172482967376711 27.620388031005863 74.125000000000014 20.375000000000004 24.778409004211429 -0.53584328293800343 9.817268371582033
decision_type=2 2 2 2 2 2 2 2 2 2 2 2 2 2 2 2 2 2 2 2 2 2 2 2 2 2 2 2 2 2
left_child=8 2 6 5 -5 7 -2 -3 -1 10 22 18 13 15 -15 -11 -17 -18 19 20 -12 -16 -10 -19 26 -26 -14 -27 -28 -30
right_child=1 3 -4 4 -6 -7 -8 -9 9 12 11 -13 24 14 21 16 17 23 -20 -21 -22 -23 -24 -25 25 27 28 -29 29 -31
leaf_value=0.00034445833062201719 0.0062797435860107807 0.02588197432351564 -0.026017229965133129 0.0095510224508685605 -0.017287565111038676 -0.0020168426151046309 -0.011534100236685956 0.010480745020801692 -0.00034339090750154364 0.0021586547456301543 0.013971718504660819 -0.00201460426653479 -0.00078113582817022984 -0.00027192909679589586 0.011900455870576374 -0.0032975886362237197 -0.029407383355231093 -0.021577585174291626 -0.014352577363281499 0.027569036755924356 -0.028315638700146896 0.001321513724873445 -0.013647932470992942 0.00019915288884339252 0.003166516946944743 0.010196709417502342 0.013187172671523435 0.033356701899851751 -0.016816996207438709 0.014795433634422556
leaf_weight=590647.50638432056 2129.4354610443115 1062.4507236927748 452.72823856398463 504.05949717760086 604.38921976089478 722.17791643738747 706.79624277353287 2182.0251730084419 223157.23643464223 9916.4671646356583 945.87523394823074 30084.826121211052 34566.106998085976 198843.2699213624 12279.863881647587 12823.733516633511 3676.0773264169693 2624.0949100852013 18001.733051538467 1041.4935711026192 1103.1264370083809 16751.069532513618 4561.7974387258291 3370.7090840339661 10394.797236680984 4930.9865069389343 11030.923436403275 2525.8765001296997 2944.5492921471596 2720.5644409656525
leaf_count=295590 917 335 765 191 290 308 461 864 101228 4054 465 9661 11811 62281 3306 2520 1675 1125 9920 301 974 3906 1965 1055 1762 1242 3297 359 1335 674
internal_value=-9.3001e-07 0.00437919 -0.0020829 0.00856286 -0.00510663 0.0123859 0.00181556 0.0155881 -3.15229e-05 -0.000396596 -0.00160394 -0.00602338 0.000625656 -0.000273242 0.000501706 -0.00572018 -0.00919289 -0.0169987 -0.0117376 0.00349138 -0.00882159 0.00579888 -0.000610503 -0.0093532 0.00401049 0.00940099 0.00213182 0.0180759 0.00815943 -0.0016364
internal_weight=1.20731e+06 8364.06 3288.96 5075.1 1108.45 3966.65 2836.23 3244.48 1.19894e+06 608295 278896 51177.1 329399 260285 227874 32411.1 22494.6 9670.88 21092.2 3090.5 2049 29030.9 227719 5994.8 69113.8 17851.7 51262.1 7456.86 16696 5665.11
internal_count=524637 4131 2143 1988 481 1507 1378 1199 520506 224916 124514 21321 100402 79922 69493 10429 6375 3855 11660 1740 1439 7212 103193 2180 20480 3363 17117 1601 5306 2009
is_linear=0
shrinkage=0.04


Tree=199
num_leaves=31
num_cat=0
split_feature=0 10 14 4 10 10 10 3 10 8 17 8 12 15 1 14 10 10 8 3 8 11 11 13 10 13 10 2 9 14
split_gain=99.0644 166.67 164.773 223.05 160.064 357.572 350.816 232.342 152.524 185.551 130.244 227.269 211.572 125.788 117.695 271.329 243.215 1120.26 939.035 735.847 761.735 847.156 392.277 303.628 280.406 476.023 357.131 471.365 342.017 327.44
threshold=87.03363418579103 0.05372969992458821 47.137434005737312 15.11068630218506 -0.43054369091987604 -0.52124115824699391 -0.36747109889984125 26.427762031555179 -0.94975915551185597 18.625000000000004 -32.335481643676751 19.625000000000004 3.8748443126678471 0.93750000000000011 23.730864524841312 17.912962913513187 -0.91246706247329701 -0.92923668026924122 19.375000000000004 2.9944704771041875 19.625000000000004 0.061243016272783286 1.0000000180025095e-35 12.187833786010744 -0.68508586287498463 44.862960815429695 -0.64659911394119252 10.310016155242922 74.625000000000014 22.035783767700199
decision_type=2 2 2 2 2 2 2 2 2 2 2 2 2 2 2 2 2 2 2 2 2 2 2 2 2 2 2 2 2 2
left_child=2 8 10 -4 5 7 -6 -5 9 -2 11 12 -1 -10 15 -12 17 19 -19 20 21 -16 -22 -23 25 28 27 -26 29 -18
right_child=1 -3 3 4 6 -7 -8 -9 13 -11 14 -13 -14 -15 16 -17 24 18 -20 -21 22 23 -24 -25 26 -27 -28 -29 -30 -31
leaf_value=0.025704153635382063 0.0059799620007965435 -0.0075548871795929661 -0.0079124736518017651 0.0095362930101707318 -0.02391928778721222 0.013032189557445733 6.6517847356300225e-05 -0.012370102835874603 0.0090369506925823267 -0.02647856331995805 3.3915457834517297e-05 -0.0085636978435016248 0.0042377046934734455 0.0022989273489336512 0.020721233357024776 -0.0023538700719699501 0.0044870306972270594 -0.0069056087118631176 0.032990445769008225 -0.0077666922508957273 -0.01509653628764332 0.010926372314587129 0.012091641113084558 -0.022406163071365576 0.028090768688136345 0.013235302093313741 0.00071049235778898514 0.001338152783725095 -0.010509378117361612 -0.011502963937261452
leaf_weight=1193.8658040165901 542.76244407892227 2349.7837092876434 9949.5853610634804 1158.1515160799026 1207.4184346199036 3557.5488492250443 4912.3977148532867 2294.2453286647797 6467.4660913944244 569.35023835301399 933891.19050988927 1093.976323902607 1897.3428235054016 14078.005643188953 6525.5652040243149 82891.397333845496 6957.3586964458227 1293.8844197243452 3449.9064163714647 9380.5581792742014 2878.4177134037018 692.42394872009754 1193.9804393351078 1154.4016834646463 1795.7437707781792 2381.8994164466858 85142.375943541527 2532.9975469112396 10848.030695080757 2892.7518157958984
leaf_count=228 136 514 2165 227 273 497 814 599 992 316 451280 394 384 2734 1657 24167 1554 451 618 4024 1536 330 593 725 396 431 20960 687 4224 731
internal_value=-8.977e-07 0.00254237 -5.25236e-05 -0.00339846 2.56246e-05 0.00414947 -0.0046971 -0.005015 0.00364088 -0.0107252 1.40708e-05 0.00704927 0.0125845 0.00442334 -1.14624e-05 -0.000160766 0.00107968 0.00452119 0.022117 0.000688314 0.0070626 0.013959 -0.00711518 -0.00991737 0.000266936 -0.0036631 0.00128103 0.0124754 -0.00561319 -0.000215768
internal_weight=1.20717e+06 24007.4 1.18317e+06 23079.3 13129.8 7009.95 6119.82 3452.4 21657.6 1112.11 1.16009e+06 4185.18 3091.21 20545.5 1.1559e+06 1.01678e+06 139120 26569.1 4743.79 21825.3 12444.8 8372.39 4072.4 1846.83 112551 23080 89471.1 4328.74 20698.1 9850.11
internal_count=524637 4692 519945 4575 2410 1323 1087 826 4178 452 515370 1006 612 3726 514364 475447 38917 9934 1069 8865 4841 2712 2129 1055 28983 6940 22043 1083 6509 2285
is_linear=0
shrinkage=0.04


Tree=200
num_leaves=31
num_cat=0
split_feature=8 11 10 12 11 12 11 2 7 14 15 9 10 10 14 10 12 10 10 10 10 3 4 8 7 10 10 14 4 11
split_gain=99.9184 154.504 228.994 167.016 159.607 283.629 233.845 213.756 233.873 208.665 174.917 347.741 303.223 251.475 194.299 310.181 232.941 180.837 170.593 169.58 243.969 159.079 164.261 154.334 165.978 234.778 146.771 142.373 138.743 136.065
threshold=16.875000000000004 0.41005823016166693 -0.88622298836708058 1.0000000180025095e-35 0.31390938162803655 0.40630291402339941 0.19758678972721103 1.0000000180025095e-35 8.9426112174987811 7.3064737319946298 1.0000000180025095e-35 73.875000000000014 -0.99940761923789967 0.07089784182608129 17.146167755126957 0.25725142657756811 17.959633827209476 0.3393120169639588 -0.74512827396392811 0.1393099054694176 0.22386012226343158 3.1140465736389165 3.376115202903748 15.875000000000002 1.1082484126091006 -0.87395131587982167 -0.93235439062118519 13.483342170715334 3.4441154003143315 0.37844388186931616
decision_type=2 2 2 2 2 2 2 2 2 2 2 2 2 2 2 2 2 2 2 2 2 2 2 2 2 2 2 2 2 2
left_child=1 4 3 -3 6 -6 10 8 -8 -9 11 13 -13 -1 15 16 18 -17 21 26 -21 22 -12 -14 -25 -26 -16 -20 -7 -2
right_child=29 2 -4 -5 5 28 7 9 -10 -11 14 12 23 -15 19 17 -18 -19 27 20 -22 -23 -24 24 25 -27 -28 -29 -30 -31
leaf_value=-0.00041868849469049296 -6.1485914895154236e-05 0.004716664063296354 -0.021873132489684886 0.037637613504958083 -0.040650506177121716 -0.017435079424099834 0.010796188771618207 0.011946867499758708 0.045105699764895091 -0.022270097675693087 -0.0059260139370677714 0.016355695401592752 0.0012201675706762468 0.01063696522013249 -0.0097891340925604538 -0.016496250923182514 0.012282220315123372 0.0025967570793019178 0.010858413382829368 -0.020956258244655256 0.0029702345874571818 -0.0086956630619135604 0.014625478542210973 -0.00080127789716878466 -0.020577347504688887 -0.0071055690154362286 0.0017535111391457465 -0.0024050846899239687 0.017070823686429856 -0.0042069752579574774
leaf_weight=11337.847305834293 1095592.4996119738 440.64478033781052 209.8267325386405 559.29649397730827 396.28861403465271 338.53874096274376 840.30922621488571 911.07464426755905 510.17696151137352 403.06259414553642 1136.3587481379509 956.86102110147476 3156.0153537392616 4628.3252891302109 1852.3091109991074 1515.460055232048 7803.8765886425972 1649.7318369150162 5170.1959971189499 1379.9458107948303 1334.1962796449661 2726.8526445627213 1354.1572954654694 3248.6307154297829 2982.9902604222298 6773.9210624098778 32940.317919433117 1722.1913294792175 390.93041843175888 12806.356427870691
leaf_count=3096 469080 357 609 210 569 340 437 447 131 308 463 315 1004 1026 649 397 1676 377 1264 353 228 948 348 1640 1781 2947 6380 392 225 26640
internal_value=-8.32956e-07 0.00121885 0.015367 0.0233207 0.00104167 -0.013866 0.0012173 0.0128796 0.0239937 0.00136316 0.00088421 -0.0014546 -0.00541356 0.00279081 0.00216141 0.0050483 0.00689702 -0.00656793 0.00341938 0.000384171 -0.00922694 -0.00203556 0.00526216 -0.00671175 -0.00863602 -0.0112412 0.00113636 0.0075456 0.00103779 -0.00010942
internal_weight=1.20707e+06 98670.3 1209.77 999.941 97460.6 1125.76 96334.8 2664.62 1350.49 1314.14 93670.2 33084.6 17118.4 15966.2 60585.6 23078.8 19913.6 3165.19 12109.8 37506.8 2714.14 5217.37 2490.52 16161.6 13005.5 9756.91 34792.6 6892.39 729.469 1.1084e+06
internal_count=524637 28917 1176 567 27741 1134 26607 1323 568 755 25284 11809 7687 4122 13475 5865 5091 774 3415 7610 581 1759 811 7372 6368 4728 7029 1656 565 495720
is_linear=0
shrinkage=0.04


Tree=201
num_leaves=31
num_cat=0
split_feature=9 8 10 7 11 12 10 13 10 5 11 13 10 10 16 10 3 10 10 14 14 13 11 14 4 7 10 5 4 10
split_gain=97.4823 268 259.156 267.774 256.301 267.443 392.911 445.398 268.009 283.987 302.428 395.013 260.967 1110.54 358.597 329.678 327.914 319.991 395.967 370.395 511.532 422.066 490.643 344.417 409.836 313.508 482.405 300.52 298.006 296.518
threshold=79.625000000000014 20.875000000000004 0.30675521492958074 0.012628437485545875 0.39430940151214605 1.0000000180025095e-35 -0.98930078744888295 0.22125700116157535 -0.98370367288589466 1.3280879855155947 0.29753153026103979 0.2865732610225678 -0.82956761121749867 -0.78921556472778309 -3.0790197849273677 -0.9193688929080962 15.712327480316164 -0.55028682947158802 -0.36747109889984125 19.738782882690433 6.4590606689453134 5.2943601608276376 -0.96234029531478871 28.133420944213871 21.991430282592777 11.596426963806154 -0.99630266427993763 11.676724433898928 22.434560775756839 -0.81984052062034596
decision_type=2 2 2 2 2 2 2 2 2 2 2 2 2 2 2 2 2 2 2 2 2 2 2 2 2 2 2 2 2 2
left_child=-1 4 3 -3 5 6 7 -2 -8 10 -10 -12 14 29 -7 25 -17 -15 23 20 21 -20 -23 -19 -25 27 -27 -16 -22 -14
right_child=1 2 -4 -5 -6 12 8 -9 9 -11 11 -13 13 17 15 16 -18 18 19 -21 28 22 -24 24 -26 26 -28 -29 -30 -31
leaf_value=-0.00013081139297906456 -0.045040062859376361 0.021614597104036948 -0.018839477778052189 -0.0019334067637732171 0.01952707933958054 -0.0014672597203673414 0.023257591047528395 -0.00030022096702098127 0.0026275028288923674 -0.013555256854355104 -0.051919166853374853 0.03127881939944032 -0.0062624807075451292 0.0068427286358511497 0.0020436406993658189 0.018231272411341246 -0.0073198686362988732 -0.010824905028951264 -9.337132212787125e-05 0.011278873343669083 -0.0080664456844394758 0.0054754534792590794 0.029627938713200356 -0.0058377205707624818 0.028144411647693351 0.038363311605678858 0.0062545042961017925 -0.025331676796962427 0.013494108049144677 -0.03682883950826691
leaf_weight=1067388.0082474612 722.03669494390488 781.85353057086468 1406.6859419345856 31897.927961722016 1306.7051542699337 7765.2803627699614 672.60447186231613 693.3837676346302 8627.4853011071682 2829.6528509110212 339.05111572146416 116.07618165016174 778.27354145050049 16889.12899684906 6689.4591946303844 6719.9397317171097 907.16480576992035 7575.9405660629272 9677.2394624054432 6180.1001418828964 10426.480153560638 4162.8336889743805 1982.9430779218674 1569.3496114015579 877.48852205276489 924.25984579324722 3797.8022113442421 699.57908801734447 1128.441720187664 1477.1422836780548
leaf_count=472311 960 681 1150 11939 1820 3002 243 467 4437 1247 994 84 225 4612 3301 1453 302 2382 3439 1342 3190 1105 336 446 132 247 1405 460 238 687
internal_value=-7.96381e-07 0.000993084 -0.0020901 -0.00136359 0.00198901 0.00176728 -0.00337484 -0.0232789 -0.00111954 -0.0025143 0.000936594 -0.030484 0.00256544 0.00114059 0.00581341 0.00867702 0.0151866 0.00217034 0.000358463 0.00244235 0.000444261 0.00511529 0.0133038 -0.00661422 0.00641395 0.00456837 0.012607 -0.000578932 -0.00595102 -0.0263555
internal_weight=1.20701e+06 139622 34086.5 32679.8 105536 104229 14000.3 1415.42 12584.9 11912.3 9082.61 455.127 90228.8 62725.4 27503.5 19738.2 7627.1 60469.9 43580.8 33558 27377.9 15823 6145.78 10022.8 2446.84 12111.1 4722.06 7389.04 11554.9 2255.42
internal_count=524637 52326 13770 12620 38556 36736 8432 1427 7005 6762 5515 1078 28304 18134 10170 7168 1755 17222 12610 9650 8308 4880 1441 2960 578 5413 1652 3761 3428 912
is_linear=0
shrinkage=0.04


Tree=202
num_leaves=31
num_cat=0
split_feature=11 9 3 4 8 12 9 11 17 11 11 17 7 1 13 9 10 14 14 10 14 9 14 4 2 9 8 9 2 11
split_gain=95.8016 253.272 241.635 119.802 131.2 220.652 204.484 97.1727 344.916 976.524 637.883 503.611 374.637 487.295 454.948 371.574 344.581 319.929 318.142 339.283 402.471 408.546 341.026 339.853 477.763 521.935 413.524 561.718 334.822 317.731
threshold=0.48689031600952154 74.875000000000014 0.35962031781673437 1.0000000180025095e-35 17.875000000000004 0.053571790456771858 80.125000000000014 -0.98667386174201954 0.10551568865776063 -0.99465739727020253 -0.99628248810768116 -11.939389705657957 10.260533332824709 2.2763690948486333 1.0000000180025095e-35 73.625000000000014 -0.049434980377554887 11.228586196899416 0.57671257853508007 -0.01505099539645016 42.643693923950202 73.375000000000014 13.05358934402466 5.3569395542144784 14.002607345581056 76.375000000000014 19.875000000000004 74.375000000000014 0.23783729225397113 -0.98049351572990406
decision_type=2 2 2 2 2 2 2 2 2 2 2 2 2 2 2 2 2 2 2 2 2 2 2 2 2 2 2 2 2 2
left_child=7 -2 3 4 -3 6 -6 8 10 18 12 -12 14 16 -1 -11 -14 -16 -10 28 21 22 -21 24 25 26 27 -23 -20 -9
right_child=1 2 -4 -5 5 -7 -8 29 9 15 11 -13 13 -15 17 -17 -18 -19 19 20 -22 23 -24 -25 -26 -27 -28 -29 -30 -31
leaf_value=-0.015871067896407753 -0.059660609779730478 0.037740089199931333 0.042016099256053117 -0.067555014134491193 -0.061963593000996187 0.036485920626853352 0.019074691414754617 0.0035878528000695075 -0.017732629478549505 -0.00067386895490217176 0.014554437452530211 0.0024256603949757531 -0.040988929916184802 -0.0024257725306948775 0.0021963253461398363 -0.010920113819021731 -0.013324560890459391 -0.015055911488307141 -0.0065419043976649221 0.02342068156035362 -0.035076544679775674 -0.0037175099077367203 -0.0016650423710630868 0.0034309397499403291 -0.020278883934644436 0.0048064932341697784 0.0047504412970402502 -0.037433779705562442 0.0066782800334234506 1.1970873555584088e-05
leaf_weight=2739.6787720322609 146.19775350019336 70.389190420508385 138.61178926378489 54.282917525619268 161.96827407553792 75.085911765694618 64.629456177353859 41409.469117164612 1455.3963391184807 7502.4962784051895 6308.3881151676178 41209.653125762939 882.73393309116364 8137.8461899757385 27924.373569428921 23101.813962578773 3845.4713662266731 1822.6961733698845 3613.1802858114243 1814.391224861145 565.14985120296478 1536.7085697650909 1650.0233900547028 7777.3278594017029 3298.2642790675163 6082.3380624055862 1434.6037568449974 1623.7082038521767 19945.728829562664 990511.38625739515
leaf_count=1964 1243 106 264 604 1678 152 144 13716 970 1300 1114 15553 504 1972 12732 10034 1765 854 1475 220 180 616 295 2469 1734 2183 646 1439 5132 441579
internal_value=-7.58583e-07 -0.0145754 -0.00207394 -0.0170424 -0.00809768 -0.0196603 -0.0390208 7.95535e-06 -0.000865658 -0.00276626 0.000800334 0.00403857 -0.00259265 -0.00836666 -0.000304039 -0.00840934 -0.018565 0.00113452 0.000634595 0.00117985 -0.00199051 -0.00123541 0.0115025 -0.00326842 -0.00699636 -0.00287821 -0.0130387 -0.0211031 0.00464881 0.000155499
internal_weight=1.2069e+06 711.165 564.968 426.356 372.073 301.684 226.598 1.20619e+06 174272 81401.1 92870.8 47518 45352.8 12866.1 32486.7 30604.3 4728.21 29747.1 50796.8 49341.4 25782.5 25217.4 3464.41 21753 13975.6 10677.4 4595.02 3160.42 23558.9 1.03192e+06
internal_count=524637 4191 2948 2684 2080 1974 1822 520446 65151 28693 36458 16667 19791 4241 15550 11334 2269 13586 17359 16389 9782 9602 515 9087 6618 4884 2701 2055 6607 455295
is_linear=0
shrinkage=0.04


Tree=203
num_leaves=31
num_cat=0
split_feature=10 4 4 8 12 13 12 13 10 8 12 13 10 3 11 10 14 4 7 7 7 10 14 13 17 14 8 9 10 7
split_gain=95.039 526.841 246.951 282.346 643.544 158.749 195.287 261.13 140.101 764.814 981.278 736.763 467.39 436.578 478.819 418.174 647.331 581.853 416.017 355.811 320.092 369.922 563.101 543.54 359.857 313.218 300.254 291.898 273.317 748.935
threshold=-0.99993467330932606 44.485815048217781 0.12496908754110338 20.375000000000004 8.2573485374450701 4.8929224014282235 0.18435750156641009 0.17217846959829333 -0.99904707074165333 19.625000000000004 0.15648684650659564 1.0000000180025095e-35 -0.99866804480552662 1.5756830573081972 0.0096758542931638675 -0.99815973639488209 1.4531188607215884 13.348589897155763 3.043547630310059 5.2532229423522958 16.397934913635257 -0.99985146522521962 5.1357336044311532 0.51358723640441906 -0.25099430978298182 6.4590606689453134 18.875000000000004 76.125000000000014 -0.98930078744888295 0.94967597723007213
decision_type=2 2 2 2 2 2 2 2 2 2 2 2 2 2 2 2 2 2 2 2 2 2 2 2 2 2 2 2 2 2
left_child=1 2 3 -1 -5 6 7 -4 9 11 13 -2 -10 -11 -15 16 18 -18 26 27 21 22 24 -23 -13 -16 -14 -12 29 -17
right_child=8 -3 5 4 -6 -7 -8 -9 12 10 19 20 15 14 25 28 17 -19 -20 -21 -22 23 -24 -25 -26 -27 -28 -29 -30 -31
leaf_value=-0.037668394992263779 0.031886911412602796 0.040315929362696158 0.01031970292232238 -0.045611792194767242 0.049755251883581791 -0.020355860457253606 0.016962442624196584 -0.030216074708429318 -0.012842388956684892 -0.043712116826137404 0.01220004133949326 -0.02597285042014482 -0.012354308449945603 -0.043155785956442934 -0.021193955851609846 -0.01731818894469999 0.019689908842271692 -0.019261563005718151 0.0046901047951713425 0.011340582120090726 0.018781778358144947 0.012355623219723904 0.029070960850656077 -0.008955723817830611 0.013502640599729337 0.022667037496909098 -0.059758304924562008 -0.026969711678055622 8.4838939063260383e-05 -0.0013165737715696802
leaf_weight=860.71194235980511 1818.2122676372528 348.18435031175613 526.64515845477581 217.83788578212261 215.05097708106041 619.19933649897575 844.5571780949831 475.01313468813896 4535.5312262475491 1247.2692695558071 460.57838317751884 665.72422632575035 581.63481348752975 512.40278500318527 449.06258696317673 5121.2147555947304 5589.9716334342957 681.08575719594955 1343.1964467763901 3132.4628772735596 2226.9469946026802 2831.8629489243031 1754.8133990764618 5860.7967280745506 805.87427821755409 592.64696502685547 334.64567610621452 861.29944291710854 1108046.7376517653 53235.412137150764
leaf_count=1043 553 76 376 439 52 449 446 548 3429 1932 384 525 306 726 361 4761 1659 324 693 1585 574 1372 609 3332 451 221 447 1091 466344 29529
internal_value=-8.27105e-07 -0.00606774 -0.0104597 -0.024542 0.00181846 -0.00300139 0.0028974 -0.00901211 1.99418e-05 0.00309619 -0.00766503 0.00798889 -4.06455e-05 -0.0261692 -0.0119006 8.88127e-06 0.00882773 0.0154355 -0.00949913 0.00400501 0.00489688 0.00228908 0.0138335 -0.00200677 -0.00441012 0.0037376 -0.0301255 -0.0133328 -5.56908e-05 -0.00272356
internal_weight=1.2068e+06 4107.2 3759.02 1293.6 432.889 2465.41 1846.22 1001.66 1.20269e+06 23220 7255.72 15964.2 1.17947e+06 2801.38 1554.11 1.17493e+06 8530.53 6271.06 2259.48 4454.34 14146 11919.1 3226.41 8692.66 1471.6 1041.71 916.28 1321.88 1.1664e+06 58356.6
internal_count=524637 3429 3353 1534 491 1819 1370 924 521208 13716 6300 7416 507492 3240 1308 504063 3429 1983 1446 3060 6863 6289 1585 4704 976 582 753 1475 500634 34290
is_linear=0
shrinkage=0.04


Tree=204
num_leaves=31
num_cat=0
split_feature=10 11 9 17 10 14 9 11 13 11 12 8 10 10 9 13 1 8 14 17 4 14 7 9 10 4 9 8 10 14
split_gain=97.3925 798.92 1088.13 679.588 635.276 2081.73 1432.35 772.132 766.668 825.855 749.614 676.764 578.161 667.296 544.452 584.651 990.024 663.082 556.8 543.162 904.535 623.024 521.681 709.12 506.134 836.242 500.757 499.083 478.568 1190.89
threshold=-0.9599599540233611 -0.21231865882873532 74.375000000000014 -5.2060923576354972 -0.93545487523078907 0.32359959185123449 78.125000000000014 0.29753153026103979 0.33268840610980993 0.28106562793254858 1.0000000180025095e-35 18.875000000000004 -0.92274349927902211 -0.9193688929080962 74.125000000000014 16.973855018615726 4.8660948276519784 19.875000000000004 20.778612136840824 -3.1648365259170528 13.348589897155763 1.2819447517395022 0.29297381639480596 79.875000000000014 -0.93235439062118519 0.18966478109359744 77.125000000000014 20.375000000000004 -0.87812310457229603 16.427892684936527
decision_type=2 2 2 2 2 2 2 2 2 2 2 2 2 2 2 2 2 2 2 2 2 2 2 2 2 2 2 2 2 2
left_child=1 2 -1 -4 5 6 11 8 9 27 -9 -2 14 -14 18 16 19 -18 -6 -16 24 -22 23 -3 25 -21 -27 -7 29 -15
right_child=4 22 3 -5 12 7 -8 10 -10 -11 -12 -13 13 28 15 -17 17 -19 -20 20 21 -23 -24 -25 -26 26 -28 -29 -30 -31
leaf_value=-0.0067825075942712287 0.030804372658802117 -0.014260987257677406 -0.0061979807733074438 0.011416687076296251 -0.018747037838006395 0.0064197915575558507 -0.037595718750449411 -0.047305819518574613 -0.0093145456879996386 0.038675046536891834 -0.011947006545304804 0.0077169810755805144 -0.024554732400335736 -0.0063591113458782832 0.021538692383418406 0.025039597974001331 -0.039739884351105613 -0.00080569639066231603 0.0086405094340595602 0.034332861528899333 -0.065550506222788837 -0.0067281165832528975 7.4573891358159625e-05 0.023695090810411653 0.0035000819000041193 -0.070575101138217564 0.018700580904929816 -0.025069830620542792 0.000189635429472952 0.0071965385716970375
leaf_weight=8630.4983177781105 3526.3065880835056 7387.6364096999168 3998.9272923469543 28011.052054464817 2578.2888229489326 3639.4774051308632 819.99841395020485 1512.928876131773 29405.045638099313 1043.9482574462891 2618.8306353986263 4795.7075560390949 1772.0679565370083 48449.061666145921 4686.0318263173103 3019.1714107692242 1080.3347577005625 1955.6070368587971 2186.6708452701569 2164.3203542083502 417.30408257246017 892.60429637134075 159608.57700560987 872.28775724768639 6174.2986206710339 204.01523146033287 183.24556061625481 1023.318948507309 860829.05635380372 13183.322580218315
leaf_count=3024 1373 7940 1829 8863 1926 1475 1562 3024 15245 480 3374 3727 3429 34610 1912 622 839 737 486 1379 702 585 90864 637 3921 437 170 601 325755 3109
internal_value=-8.53671e-07 0.000785385 0.00581681 0.00921488 -0.0001651 -0.0046355 0.0125453 -0.00864005 -0.00671101 0.00669704 -0.0249773 0.0175251 6.26877e-05 -0.000101405 0.0059981 0.00879424 0.00601966 -0.0147453 -0.00618694 0.0103089 0.00504918 -0.0258221 -0.000432982 -0.0102288 0.00970776 0.0246568 -0.0289239 -0.000529928 -5.4164e-05 -0.00345883
internal_weight=1.20667e+06 208509 40640.5 32010 998161 48385.6 9142.01 39243.5 35111.8 5706.74 4131.76 8322.01 949775 924234 25541.9 20776.9 17757.8 3035.94 4764.96 14721.8 10035.8 1309.91 167869 8259.92 8725.88 2551.58 387.261 4662.8 922461 61632.4
internal_count=524637 113157 13716 10692 411480 30861 6662 24199 17801 2556 6398 5100 380619 366903 13716 11304 10682 1576 2412 9106 7194 1287 99441 8577 5907 1986 607 2076 363474 37719
is_linear=0
shrinkage=0.04


Tree=205
num_leaves=31
num_cat=0
split_feature=16 4 13 11 11 11 11 12 10 10 7 3 11 9 8 2 10 10 8 10 10 2 10 10 9 3 14 8 11 10
split_gain=96.1824 199.684 438.142 533.188 366.224 352.876 271.13 389.489 358.551 664.16 416.743 404.105 319.474 305.985 360.478 246.504 226.925 225.72 297.045 604.261 225.278 406.544 334.665 464.011 423.854 294.258 293.057 280.962 296.452 642.914
threshold=0.63817954063415538 0.12496908754110338 2.995697140693665 -0.97315269708633412 -0.99996069073677052 -0.9711191952228545 -0.12758953124284741 21.861389160156254 -0.9599599540233611 -0.92599865794181813 6.7739610671997079 2.385931253433228 -0.11051030829548834 77.125000000000014 19.125000000000004 2.5669566392898564 -0.94423642754554737 -0.30265928804874415 19.875000000000004 -0.72174841165542591 -0.99963879585266102 3.8460645675659184 -0.92923668026924122 -0.8978554606437682 75.875000000000014 9.4282402992248553 16.109537124633793 19.375000000000004 -0.97874867916107167 -0.16905184835195539
decision_type=2 2 2 2 2 2 2 2 2 2 2 2 2 2 2 2 2 2 2 2 2 2 2 2 2 2 2 2 2 2
left_child=-1 2 3 -2 -4 -5 8 12 10 16 13 -12 -8 14 -6 -9 -10 18 -7 -20 21 -3 -22 24 26 -26 -24 -25 29 -29
right_child=1 20 4 5 6 17 7 15 9 -11 11 -13 -14 -15 -16 -17 -18 -19 19 -21 22 -23 23 27 25 -27 -28 28 -30 -31
leaf_value=-0.00025727814385985431 -0.0069180494736170396 0.02191622921875282 -0.029967179556069631 0.030339400201786996 0.0039923588253315094 0.0028540930976089906 -0.035592912020059771 -0.035654393306996476 -0.012490485150332685 -0.0013189552630165334 0.0099166590388933013 -0.030273052658917249 -0.001200973702473805 -0.0026023831455083608 0.029585080155013654 -0.011022283026427339 -0.040034220029435026 -8.5507747442013874e-05 0.0048701120945414443 0.027427754963679284 -0.0021132490264531957 -0.019246086134189041 -0.011716817942848221 0.0026548033571172805 0.021503259987787574 -0.0022713895544628111 0.0094375901286232605 0.019976028448976977 -0.0014893215185832025 0.00085163413241436364
leaf_weight=796157.64351926371 7279.7018216848373 1859.9112165868282 735.39669942855835 849.22726875543594 1465.908587038517 12027.181608196348 450.42106527090073 1086.4996438995004 1085.0562952160835 87078.280617177486 798.5083881020546 785.29600316286087 7054.4741678833961 1388.4670288562775 2208.6706280708313 1630.7452179342508 866.02581310272217 11648.591261953115 5516.2606921121478 2892.859045624733 44530.943117186427 474.78782674670219 1786.4315209388733 111073.01338800415 4669.4562805294991 1011.13654948771 2504.2574113607407 3332.3794381022453 74453.358800798655 17748.492785334587
leaf_count=376603 3572 725 391 204 565 6620 355 956 557 30107 271 494 5158 549 547 920 598 4980 2859 698 20818 292 1123 30707 1214 343 515 691 25242 5963
internal_value=-8.89404e-07 0.000496619 -0.000685294 0.00287215 -0.00202702 0.0050376 -0.00183019 -0.00801902 -0.00116819 -0.00183755 0.0077866 -0.0100755 -0.00330969 0.013383 0.0194139 -0.0209661 -0.0248581 0.00435866 0.00689062 0.0126536 0.00115543 0.013499 0.00104455 0.0016939 0.0101174 0.0172749 0.000623172 0.0012869 -0.000303615 0.00388278
internal_weight=1.20645e+06 410292 146848 40213.8 106634 32934.1 105898 10222.1 95676.2 89029.4 6646.85 1583.8 7504.9 5063.05 3674.58 2717.24 1951.08 32084.9 20436.3 8409.12 263444 2334.7 261109 216579 9971.28 5680.59 4290.69 206607 95534.2 21080.9
internal_count=524637 148034 60401 18933 41468 15361 41077 7389 33688 31262 2426 765 5513 1661 1112 1876 1155 15157 10177 3557 87633 1017 86616 65798 3195 1557 1638 62603 31896 6654
is_linear=0
shrinkage=0.04


Tree=206
num_leaves=31
num_cat=0
split_feature=8 10 5 13 10 14 3 10 10 10 7 10 9 12 10 10 9 2 14 8 10 6 8 9 10 10 7 17 8 11
split_gain=95.0531 132.463 229.679 160.065 107.49 102.018 98.6817 326.969 1151.96 795.636 707.622 1030.83 1030.24 948.359 668.868 962.219 642.145 553.788 518.788 492.695 486.572 470.365 495.445 452.782 770.338 658.504 1148.9 667.111 624.861 564.31
threshold=21.625000000000004 -0.01505099539645016 0.15924021601676944 0.91543948650360119 -0.44600489735603327 10.484933853149416 0.23523931205272677 -0.64659911394119252 -0.46133413910865778 -0.76762619614601124 0.82875737547874462 -0.69751432538032521 77.125000000000014 5.8671882152557382 -0.72174841165542591 -0.74512827396392811 74.125000000000014 1.0000000180025095e-35 7.8828084468841562 19.875000000000004 -0.55028682947158802 0.21675273030996325 18.625000000000004 76.625000000000014 -0.9413962960243224 -0.98523971438407887 1.995458245277405 -0.038304626941680901 18.125000000000004 0.47179406881332403
decision_type=2 2 2 2 2 2 2 2 2 2 2 2 2 2 2 2 2 2 2 2 2 2 2 2 2 2 2 2 2 2
left_child=6 2 4 -3 -2 -4 7 9 16 23 11 14 13 17 15 -11 -9 21 -18 -15 -20 -12 -23 24 25 26 28 -27 -1 -26
right_child=1 3 5 -5 -6 -7 -8 8 -10 10 12 -13 -14 19 -16 -17 18 -19 20 -21 -22 22 -24 -25 29 27 -28 -29 -30 -31
leaf_value=0.00034459191716322709 -0.021297578464235158 0.0032689509873970787 0.011650057189597954 -0.023827833050698816 0.0091689608458440496 -0.0027576494491633693 -0.00033024571257408286 0.024506747846593489 0.00022180833186081591 0.025280610409522956 -0.028699785490710096 -0.0084330493620823552 0.012693663119674932 0.032481338494623965 0.038517792169632324 -0.018256734707662182 -0.015372015451892925 -0.021812722901668771 -0.018024426513006932 -0.0093639053316360906 0.0069488129967809759 0.023002666424248357 -0.0094722513378598001 -0.0017649654598151303 -0.0016583626630907104 -0.00056746154301830513 0.0057332852824153414 0.011147154354835291 -0.018402925531546706 -0.04203550609497602
leaf_weight=5258.7732312083244 621.18476762622595 964.38736733794212 5046.6375078335404 534.67018288373947 255.58063238859177 927.1095344722271 712413.01363934949 833.12698251008987 244306.67865648866 3012.8028316497803 751.96720016002655 1990.1633386611938 9786.2178138494492 1361.8664042949677 2978.803421497345 1102.4573171138763 13756.655735731125 4179.7550333738327 1824.9989504218102 664.55756902694702 3894.4006058573723 1467.492457985878 1521.7021963596344 76769.718764524907 40320.748222775757 10528.716298267245 22783.565098360181 29749.539371713996 6185.2756726145744 551.55920077860355
leaf_count=2686 788 537 1975 321 116 394 271539 218 105775 718 552 1343 2777 311 639 683 9031 2578 903 301 1175 564 827 52436 26419 5871 10635 13685 5487 3353
internal_value=-8.67583e-07 0.00424964 0.00660567 -0.00648954 -0.0124132 0.00941315 -3.05273e-05 0.000409197 -0.000539295 0.00154503 0.00774169 0.0169737 0.00348533 -0.0055775 0.0241032 0.0136012 -0.00969049 -0.0118247 -0.0111652 0.0187798 -0.00103743 -0.000637322 0.00649428 0.000615318 0.00219911 0.00461969 0.000539944 0.00808558 -0.00979528 -0.00221339
internal_weight=1.20634e+06 8349.57 6850.51 1499.06 876.765 5973.75 1.19799e+06 485582 264616 220966 28817.8 9084.23 19733.6 9947.34 7094.06 4115.26 20309.2 7920.92 19476.1 2026.42 5719.4 3741.16 2989.19 192148 115378 74505.9 34227.6 40278.3 11444 40872.3
internal_count=524637 4131 3273 858 904 2369 520506 248967 117102 131865 11293 3383 7910 5133 2040 1401 11327 4521 11109 612 2078 1943 1391 120572 68136 38364 18808 19556 8173 29772
is_linear=0
shrinkage=0.04


Tree=207
num_leaves=31
num_cat=0
split_feature=14 5 8 8 14 4 2 15 10 10 10 4 13 10 3 10 11 1 7 16 4 10 10 10 14 10 8 14 12 18
split_gain=93.2765 187.296 143.354 190.999 144.714 138.023 121.11 113.5 242.152 534.506 502.841 391.691 310.566 242.41 336.883 225.898 324.148 220.4 194.279 149.432 218.331 469.725 375.967 388.486 1006.67 361.34 358.175 415.111 435.573 359.018
threshold=52.708812713623054 56.463783264160163 19.125000000000004 17.625000000000004 30.915412902832035 13.816721916198732 72.145698547363295 0.81250000000000011 -0.032247759401798241 -0.18598018586635587 0.20706263184547427 2.7070842981338505 33.431489944458015 -0.28622037172317499 17.7938346862793 -0.99630266427993763 0.0096758542931638675 1.9115979075431826 19.491718292236332 0.87207767367362987 0.1800230294466019 0.19020386785268786 -0.99993467330932606 -0.99467751383781422 1.2487271428108218 0.25725142657756811 20.875000000000004 3.9683904647827153 4.4398224353790292 23.263420104980472
decision_type=2 2 2 2 2 2 2 2 2 2 2 2 2 2 2 2 2 2 2 2 2 2 2 2 2 2 2 2 2 2
left_child=1 7 3 -3 -5 -2 -7 19 9 13 11 17 -11 15 18 16 -9 -10 -15 20 22 -22 -1 24 -24 -23 27 -26 -29 -28
right_child=5 2 -4 4 -6 6 -8 8 10 12 -12 -13 -14 14 -16 -17 -18 -19 -20 -21 21 25 23 -25 26 -27 29 28 -30 -31
leaf_value=-0.026940898038469614 -0.0065328580682806874 0.0011970826166797543 -0.0011981542079563868 0.016498955633456169 0.0059046952334820667 -0.0039253942036492819 0.003824105583426855 -0.040886007502560488 -0.0065939526471173173 0.018027629283300352 0.0061452287232242712 -0.0033446062581351283 -0.0043809596487252682 -0.0097999801043698494 -0.0281440206859442 -0.00075087523152753729 0.0083724547010641578 -0.034575815197123418 0.012632220499707523 0.00077197384215641829 -0.00067579285933992868 -0.023785634271919879 -0.014647019666698126 0.00021889830378910938 0.0017551430172563004 -0.0049808644887360237 0.00092099848206997478 0.020064950157432867 0.00016496356048657543 -0.046104132811996913
leaf_weight=787.59790796041489 8601.2051638960838 10438.768745541573 8365.544196844101 2867.5997320413589 7365.5639302134514 6347.663880944252 6541.8520157337189 522.89966386556625 605.04469168186188 3501.0331369638443 2289.0951087474823 1890.4108999967575 1373.2226085662842 2387.8984562158585 1295.7799425125122 37847.829034894705 352.03740668296814 1816.2914862632751 822.67768275737762 327089.53807455674 415490.32429381087 2313.8008193969727 3220.369122967124 329048.66340916604 4697.2144427895546 5541.1097198724747 1642.5809904932976 8602.4716928601265 2212.0151070058346 298.47663235664368
leaf_count=1105 1747 1732 2136 418 1182 1213 1054 470 277 710 567 539 295 689 388 11167 112 964 132 123121 183760 1223 3054 175045 2774 2940 1089 3408 994 332
internal_value=-8.30405e-07 4.65567e-05 0.00321889 0.0050061 0.00888669 -0.00261187 7.64656e-06 -3.31804e-05 -0.00181136 -0.000824686 -0.00898959 -0.0170203 0.0117184 -0.00224135 -0.0110112 -0.00121818 -0.0211959 -0.0276396 -0.00403058 5.51903e-05 -0.000247783 -0.000859124 0.000490598 0.000553145 0.00587058 -0.0105433 0.00966269 0.0116893 0.0159985 -0.0065093
internal_weight=1.20618e+06 1.18469e+06 29037.5 20671.9 10233.2 21490.7 12889.5 1.15565e+06 54704.2 48103.4 6600.84 4311.75 4874.26 43229.1 4506.36 38722.8 874.937 2421.34 3210.58 1.10094e+06 773855 423345 350509 349722 20673.1 7854.91 17452.8 15511.7 10814.5 1941.06
internal_count=524637 520623 5468 3332 1600 4014 2267 515155 16310 13963 2347 1780 1005 12958 1209 11749 582 1241 821 498845 375724 187923 187801 186696 11651 4163 8597 7176 4402 1421
is_linear=0
shrinkage=0.04


Tree=208
num_leaves=31
num_cat=0
split_feature=8 11 14 14 13 11 12 11 7 11 16 10 9 10 11 12 7 3 13 12 10 10 1 10 7 9 7 11 10 10
split_gain=94.4543 153.271 218.882 290.439 137.024 134.549 267.806 215.099 201.154 162.263 186.29 224.258 201.095 209.682 282.095 213.168 196.036 186.905 182.574 178.906 193.508 170.545 315.071 131.939 693.422 519.731 131.612 191.741 217.079 314.197
threshold=16.875000000000004 0.41005823016166693 2.5830919742584233 0.62382140755653392 0.023733900859951976 0.31390938162803655 0.40630291402339941 0.19758678972721103 9.8465232849121112 -0.91939276456832875 15.765631198883058 -0.99940761923789967 73.875000000000014 -0.60639065504074086 -0.86974579095840443 26.768568038940433 9.3685245513916033 19.200021743774418 7.2537322044372567 61.488134384155281 -0.25309335440397257 0.3393120169639588 0.1604900807142258 0.49531894922256475 0.17049690335989001 75.125000000000014 0.050529912114143379 -0.86974579095840443 -0.86546283960342396 -0.96463498473167408
decision_type=2 2 2 2 2 2 2 2 2 2 2 2 2 2 2 2 2 2 2 2 2 2 2 2 2 2 2 2 2 2
left_child=1 5 3 4 -3 7 -7 9 -9 19 11 -11 17 -14 15 18 -16 26 -15 20 -1 -22 -23 -2 -25 -26 -13 -28 29 -29
right_child=23 2 -4 -5 -6 6 -8 8 -10 10 -12 12 13 14 16 -17 -18 -19 -20 -21 21 22 -24 24 25 -27 27 28 -30 -31
leaf_value=0.009111843734083842 -8.5623743959986704e-05 -0.044657516439211495 -0.018649607524131341 0.035792977440171708 0.014906270500443044 -0.039032962940716169 0.0016902860470111864 0.0042101313741872391 0.027223036513940761 0.010998252634906797 0.0053870731995094012 0.017906528104721774 -0.0078363293467085069 -0.005490085427134919 0.021589072553911376 0.0085726569760135596 0.0012321966074871702 -0.0040239508218007864 -0.028561689068336213 -0.0059249156572959236 0.0011230734431099414 -0.0071385793227832861 0.022272799515520608 -0.028512623852365686 -0.026902007530185155 0.031025269718547289 -0.010938344079741874 0.0051271964966146727 0.010067172252451614 -0.014286385860150345
leaf_weight=7892.3091627955437 1104987.2897240072 113.24574390798807 236.09613037854433 738.76524961739779 116.44107067584991 389.75296828150749 728.38159671425819 1720.0669647753239 933.66034251451492 2159.7763716578484 7148.571654856205 914.74637097120285 13924.345626711845 1606.3199043869972 1264.8557007908821 982.19983994960785 1866.1299296021461 9214.5741560459137 828.65932822227478 3474.2286140918732 26893.75506067276 892.77738654613495 1647.2095804214478 1358.7683292627335 347.01916486024857 806.00086149573326 1536.1379268169403 4204.1861503124237 5218.5487561225891 1941.6272906064987
leaf_count=1432 493200 275 315 449 137 569 565 987 336 686 1571 251 6201 766 395 210 477 2182 327 624 6260 306 261 1825 291 404 409 1289 1038 599
internal_value=-8.63551e-07 0.0011855 0.0153076 0.023692 -0.0150992 0.00100927 -0.012725 0.0011701 0.0123786 0.000851071 -0.000612712 -0.00155297 -0.00217849 -0.00506192 0.000840668 -0.00709664 0.00949852 0.000385834 -0.0134264 0.00274543 0.00355382 0.00206091 0.0119476 -0.000106481 -0.00924545 0.0135098 0.00332788 0.00228107 0.00407601 -0.00101932
internal_weight=1.20609e+06 98587.4 1204.55 968.452 229.687 97382.8 1118.13 96264.7 2653.73 93611 52810.7 45662.1 43502.3 20472.5 6548.16 3417.18 3130.99 23029.8 2434.98 40800.3 37326.1 29433.7 2539.99 1.1075e+06 2511.79 1153.02 13815.2 12900.5 11364.4 6145.81
internal_count=524637 28917 1176 861 412 27741 1134 26607 1323 25284 16401 14830 14144 8376 2175 1303 872 5768 1093 8883 8259 6827 567 495720 2520 695 3586 3335 2926 1888
is_linear=0
shrinkage=0.04


Tree=209
num_leaves=31
num_cat=0
split_feature=9 10 3 10 17 10 10 13 14 10 17 11 10 10 14 4 10 10 14 13 3 13 14 7 7 4 2 12 11 14
split_gain=92.9861 254.277 334.084 397.579 446.967 323.803 472.226 504.724 372.042 337.291 306.646 697.665 663.234 273.527 455.119 289.822 249.488 825.776 249.355 695.41 568.724 383.996 335.09 237.605 229.471 228.29 348.355 370.368 336.47 380.83
threshold=79.625000000000014 -0.11798679083585738 0.29883340001106268 0.05372969992458821 -7.0512464046478263 0.07089784182608129 0.1393099054694176 5.7497644424438485 1.8403632044792178 0.088045001029968276 4.0889892578125009 -0.32816398143768305 -0.91246706247329701 -0.2696967720985412 19.237435340881351 13.348589897155763 0.19020386785268786 0.27383534610271459 16.427892684936527 13.207515716552736 28.259243965148929 1.5407981276512148 26.067963600158695 14.304981708526613 3.3248015642166142 4.0179288387298593 0.17078871279954913 0.024418985471129421 0.39430940151214605 0.0074559897184371957
decision_type=2 2 2 2 2 2 2 2 2 2 2 2 2 2 2 2 2 2 2 2 2 2 2 2 2 2 2 2 2 2
left_child=-1 10 5 24 -5 8 9 -8 -3 -7 13 12 -12 18 15 -15 -9 -18 25 21 -21 -20 -22 -14 -4 26 28 -28 -2 -30
right_child=1 2 3 4 -6 6 7 16 -10 -11 11 -13 23 14 -16 -17 17 -19 19 20 22 -23 -24 -25 -26 -27 27 -29 29 -31
leaf_value=-0.00012783615363408312 -0.0016094195193185759 0.028295847067247297 0.0061762692006613338 0.020065680592019835 -0.0063241348043933032 -0.00025877476893923718 -0.0040748222543352105 0.026809461786151317 0.003599021425444156 -0.039587554346440047 0.024968386472110336 -0.019136176646632318 -0.0054737669862681406 0.00028409290223813555 0.028861957378364247 0.016899190809139819 -0.029159134853503011 0.026015809185073513 0.020036933192273607 -0.0039492975574260888 0.0017836872890081787 -0.015285410822477051 0.024308167684563203 0.0029168650772028451 -0.019113282652321217 0.00081098497095360674 -0.0097812214359691268 0.011361647946376719 -0.0048369221894229326 0.038581247383638946
leaf_weight=1066567.8649394214 10674.440119981766 1233.1441222429276 653.4370778799057 1285.0047909021378 4950.0989696681499 581.11362159252167 10719.527027279139 1377.0235742330551 4558.9619197845459 863.63282227516174 1650.9875056743622 3254.3941564708948 10746.593608260155 5320.3261142969131 1608.1350256204605 2445.0216431617737 708.56697499752045 1086.3254857063293 528.99457001686096 5542.210637062788 1763.4679157435894 5857.8738129884005 2633.2073348760605 10834.286450743675 4478.8680440187454 25422.246446579695 1438.3252519071102 15932.006670042872 565.76749762892723 737.79139775037766
leaf_count=472311 6640 249 200 270 2001 180 5654 283 1232 473 300 2029 3014 1437 218 510 300 212 142 1662 497 2331 484 2644 1866 9770 955 4883 1347 543
internal_value=-8.31561e-07 0.000970476 -0.00212786 -0.00765399 -0.000861984 0.000847519 -0.00219628 7.43407e-05 0.0088967 -0.023879 0.00191193 -0.00182077 0.000612017 0.00314061 0.00955985 0.00553058 0.0140652 0.0041936 0.00229305 -0.00204494 0.00457212 -0.0123331 0.0152983 -0.001262 -0.0158877 0.00358624 0.00598914 0.00960632 0.00073991 0.0198436
internal_weight=1.20602e+06 139452 32495.7 11367.4 6235.1 21128.3 15336.2 13891.4 5792.11 1444.75 106956 26486.3 23231.9 80469.8 9373.48 7765.35 3171.92 1794.89 71096.3 16325.8 9938.89 6386.87 4396.68 21580.9 5132.31 54770.6 29348.3 17370.3 11978 1303.56
internal_count=524637 52326 12920 4337 2271 8583 7102 6449 1481 653 39406 7987 5958 31419 2165 1947 795 512 29254 5116 2643 2473 981 5658 2066 24138 14368 5838 8530 1890
is_linear=0
shrinkage=0.04


Tree=210
num_leaves=31
num_cat=0
split_feature=8 14 10 8 9 12 12 7 10 9 14 8 9 8 14 9 10 8 13 9 6 14 9 13 10 1 9 4 17 3
split_gain=92.5344 122.38 104.467 236.227 252.299 182.796 206.076 198.663 249.405 205.202 223.676 223.181 198.363 235.034 178.327 165.41 132.356 409.624 210.728 204.56 511.13 223.641 236.062 209.156 191.369 611.616 383.674 277.67 176.707 234.183
threshold=15.875000000000002 2.6357603073120122 0.48030318319797521 21.125000000000004 73.375000000000014 0.024418985471129421 2.4717725515365605 0.087709460407495513 0.49531894922256475 78.625000000000014 0.016748309135437015 17.375000000000004 76.375000000000014 19.875000000000004 0.25084339082241064 74.875000000000014 0.40318277478218084 20.625000000000004 0.59689122438430797 73.875000000000014 1.2408581972122195 0.028996832668781284 79.625000000000014 0.10306650772690774 0.37146723270416265 1.5365526676177981 75.625000000000014 0.12496908754110338 -0.016251021996140477 0.18874283879995349
decision_type=2 2 2 2 2 2 2 2 2 2 2 2 2 2 2 2 2 2 2 2 2 2 2 2 2 2 2 2 2 2
left_child=1 -1 16 4 -4 7 -7 8 12 10 11 -9 15 -14 -12 -6 24 19 -19 20 -18 -21 23 -23 -2 27 -27 28 -26 -30
right_child=2 -3 3 -5 5 6 -8 9 -10 -11 14 -13 13 -15 -16 -17 17 18 -20 21 -22 22 -24 -25 25 26 -28 -29 29 -31
leaf_value=0.012692492687091904 -2.7169342886611726e-05 0.0017543647436589363 -0.039479548142482362 -0.0357310288920588 -0.0080770375849485085 -0.026754134294946216 0.012938017553553572 0.015932289505402722 -0.022924267128628734 0.039302588201505305 0.025096812885335593 -0.030445084574296937 -0.055234690079699597 -0.00065011967593017566 -0.0063536625318508537 0.022560298383866018 0.0020646994110606774 -0.0056106315574471566 -0.035936303992215819 0.00089864308743983128 -0.034779470994809845 0.018768561479647523 -0.013834564527064821 0.0073821748496215294 0.0014487610826051981 -0.0036780845135272683 0.025723408096958417 -0.035255876593718018 -0.012472276888631249 0.014911545740839322
leaf_weight=1842.45625089854 1137039.6809728853 14092.365984305739 282.3205943107605 367.71587947010994 422.99683195352554 788.76769691705704 276.71145963668823 259.64420908689499 882.99402305483818 325.04209741950035 892.66453328728676 427.24938821792603 162.43186554312706 471.80504089593887 418.87888383865356 811.08690705895424 5233.9541847705841 4572.5573878586292 389.33919209241867 7950.9021480083466 670.67737793922424 3569.7854279875755 660.25228846073151 9354.0255143046379 2622.6788781881332 1349.5395579338074 1483.7013328671455 602.60128831863403 7151.6516145467758 528.87076443433762
leaf_count=669 490644 3462 336 656 298 791 119 111 1122 153 380 506 293 526 279 478 1958 3510 315 5054 247 1425 442 4059 1162 506 396 438 4146 156
internal_value=-7.45505e-07 0.00302625 -4.13049e-05 -0.00498488 -0.00317175 -0.00144089 -0.0164214 0.00173045 -0.00553434 0.0103198 0.00543358 -0.0129375 0.00276267 -0.0152699 0.0150801 0.0120785 -1.28916e-05 0.00250798 -0.00805765 0.0044208 -0.00217197 0.00622863 0.00934538 0.0105394 -8.38909e-05 -0.00477472 0.0117551 -0.00907587 -0.00751198 -0.0105697
internal_weight=1.20591e+06 15934.8 1.18997e+06 6790.31 6422.59 6140.27 1065.48 5074.79 2751.31 2323.48 1998.44 686.894 1868.32 634.237 1311.54 1234.08 1.18318e+06 32401.5 4961.9 27439.6 5904.63 21535 13584.1 12923.8 1.15078e+06 13739 2833.24 10905.8 10303.2 7680.52
internal_count=524637 4131 520506 6048 5392 5056 910 4146 2717 1429 1276 617 1595 819 659 776 514458 17010 3825 13185 2205 10980 5926 5484 497448 6804 902 5902 5464 4302
is_linear=0
shrinkage=0.04


Tree=211
num_leaves=31
num_cat=0
split_feature=5 14 7 8 11 14 14 9 11 11 10 13 10 2 10 14 6 0 10 10 14 4 14 3 12 11 14 11 4 9
split_gain=90.6997 158.236 129.326 97.7157 291.221 481.735 391.585 320.307 519.102 246.049 228.607 257.795 211.27 233.059 181.238 341.054 236.382 327.105 303.02 185.263 181.893 179.585 237.153 201.047 251.863 178.729 511.539 500.742 1355.07 1116.98
threshold=93.965679168701186 61.708738327026374 64.610496520996108 17.125000000000004 0.41005823016166693 0.25084339082241064 3.1662302017211919 74.375000000000014 -0.11051030829548834 -0.91939276456832875 -0.2696967720985412 37.158224105834968 -0.99963879585266102 1.0000000180025095e-35 0.3393120169639588 3.8490960597991948 4.6951172351837167 1.0496677160263064 0.25725142657756811 -0.049434980377554887 13.483342170715334 2.0020208358764653 0.28608244657516485 2.3292968273162846 9.8648257255554217 0.3624663800001145 4.2105045318603525 0.34638161957263952 0.15177482366561892 77.125000000000014
decision_type=2 2 2 2 2 2 2 2 2 2 2 2 2 2 2 2 2 2 2 2 2 2 2 2 2 2 2 2 2 2
left_child=1 3 -2 4 7 -6 -7 9 -9 10 11 -1 13 -11 16 -16 19 -18 20 -12 -19 22 -14 24 -23 27 -27 -5 -29 -30
right_child=2 -3 -4 25 5 6 -8 8 -10 12 14 -13 21 -15 15 -17 17 18 -20 -21 -22 23 -24 -25 -26 26 -28 28 29 -31
leaf_value=0.014069842246774829 0.00057583657767266939 -0.0058932588919641407 0.010163009249360347 -0.00010756382735756198 -0.039114419459625502 0.034801943206515695 -0.019670095030349201 -0.0084332382256357696 0.0089786995746000148 0.024469304855075626 -0.0025021331084228034 -0.00090803184678058283 0.0069766988229248575 -0.0026899177296968026 -0.0066445139860671432 0.022374528385748528 -0.01764286951349546 0.010109747149973942 -0.013515121030180949 0.012933917195675841 0.0007617099909212158 0.0010232940937297138 -0.0065776515002339934 -0.00059787062526807117 0.014448252606219181 -0.0026372993362438839 -0.034374068872176824 0.030579016596671491 -0.068793972577897114 0.02396601396496478
leaf_weight=6235.4654757380486 6768.3098464012146 7316.256315112114 3364.2272839546204 1048228.5215684175 201.38573463261127 1224.6177494972944 247.90704090893269 12102.806345939636 3531.3521547019482 1146.7360600233078 1718.4645875096321 2604.1041437387466 2478.0250805318356 894.77748817205429 994.4280743598938 1830.09561419487 1576.1958897709846 4048.0560374855995 2070.2390199303627 4469.060900747776 18583.934768855572 6119.0751331448555 12181.564490020275 34678.752387702465 3514.9101364016533 13591.79338857159 854.45436594262719 2433.1692180335522 465.39798460900784 361.79392804205418
leaf_count=1085 1169 1450 463 448548 451 853 376 7294 1953 291 652 443 976 330 330 291 598 739 481 1307 3509 2683 5446 9792 835 26492 2641 1729 1049 381
internal_value=-7.79844e-07 -3.27301e-05 0.00376587 3.39924e-06 0.0010735 0.0175935 0.0255605 0.00084311 -0.00449711 0.00163751 0.00391238 0.00966138 -8.22069e-06 0.0126106 0.00247004 0.0121704 0.00162263 -3.46397e-05 0.00109559 0.00864974 0.00243747 -0.000447124 -0.00428326 0.000822631 0.00593122 -0.000119541 -0.00453692 -5.88084e-05 0.0155688 -0.0284213
internal_weight=1.20584e+06 1.1957e+06 10132.5 1.18839e+06 122452 1673.91 1472.52 120778 15634.2 105144 44130 8839.57 61013.8 2041.51 35290.5 2824.52 32466 26278.4 24702.2 6187.53 22632 58972.3 14659.6 44312.7 9633.99 1.06594e+06 14446.2 1.05149e+06 3260.36 827.192
internal_count=524637 523005 1632 521555 40715 1680 1229 39035 9247 29788 9435 1528 20353 621 7907 621 7286 5327 4729 1959 4248 19732 6422 13310 3518 480840 29133 451707 3159 1430
is_linear=0
shrinkage=0.04


Tree=212
num_leaves=31
num_cat=0
split_feature=8 2 11 10 2 10 14 3 10 10 6 11 14 3 11 4 0 10 12 4 12 2 9 3 10 11 4 14 9 2
split_gain=89.2965 121.664 167.365 148.021 115.021 105.127 103.708 94.4187 416.992 720.716 678.155 581.997 498.565 444.285 443.365 825.982 883.2 625.176 596.362 527.156 482.994 461.654 523.381 516.637 436.877 530.873 473.755 487.379 458.639 548.895
threshold=21.625000000000004 0.42464224994182592 -0.12758953124284741 -0.31900864839553827 3.5680999755859379 -0.46133413910865778 0.30488766729831701 1.0788556933403017 -0.60639065504074086 -0.74512827396392811 9.5973582267761248 -0.87397405505180348 1.3155612945556643 73.644496917724624 -0.86548534035682667 1.0000000180025095e-35 3.2194842100143437 -0.55028682947158802 0.042856317013502128 1.7522462606430056 0.1743261516094208 3.9133670330047612 74.375000000000014 11.514456272125246 -0.3992436677217483 -0.93543598055839527 19.553018569946293 9.2867536544799822 75.125000000000014 15.55302667617798
decision_type=2 2 2 2 2 2 2 2 2 2 2 2 2 2 2 2 2 2 2 2 2 2 2 2 2 2 2 2 2 2
left_child=7 2 -2 5 -5 -3 -4 -1 9 13 12 24 -11 -9 19 16 17 -16 -17 -13 -19 -21 -23 -24 26 -26 27 -10 -29 -30
right_child=1 3 6 4 -6 -7 -8 8 11 10 -12 14 -14 -15 15 18 -18 20 -20 21 -22 22 23 -25 25 -27 -28 28 29 -31
leaf_value=0.00033100121330767332 0.001746671788229228 0.0083217000863305066 -0.0089358081851088015 0.0091266718689139575 -0.016567999571151043 0.024651769165572397 -0.048481442216187338 -0.00030069128665545064 -0.00020442654599003588 0.0041581394465906706 -0.0020673331971256472 -0.0047954976842433271 -0.013989416910044879 -0.012916080022014321 0.030140235027003043 -0.020619881342925278 -0.0045601748349673931 -0.030767624566712174 0.0012818969133393621 -0.0082547953005685896 0.014365377647639876 0.0091541669978740491 0.0092876805832396176 0.042508369469702094 -0.00027988478022158232 0.0055126353121341606 0.0022642421679039781 -0.00488168733085898 -0.027312448103649713 -0.0064009973244568072
leaf_weight=589817.54473811761 2832.5302223265171 3170.1765925660729 282.40438732877374 502.80831795930862 602.44203168153763 784.67002892494202 165.82776761800051 222818.62887490913 10338.908349990845 2806.2506960630417 30808.287301599979 2341.1907741725445 17506.514899134636 4548.0154575705528 4387.6850587725639 2083.877244412899 3013.8054379820824 493.64016097784042 39766.883261561394 1010.2699280977249 1528.5051853656769 3244.2381072044373 1122.0082492828369 2284.6667213439941 198684.28899347782 29001.144451260567 12847.975750625134 8796.2837450504303 4533.6046075820923 3613.3149125576019
leaf_count=295590 1378 1315 492 191 290 192 273 101228 4411 1569 9977 956 9775 1965 1048 1237 1079 325 11695 428 492 499 317 317 62281 7212 2853 2024 2079 1149
internal_value=-7.55133e-07 0.00412119 -0.00187564 0.00800533 -0.00490177 0.0116157 -0.0243048 -2.95021e-05 -0.000379466 -0.00151858 -0.00580953 0.000584505 -0.0114815 -0.000553594 0.00410083 0.00259685 0.013289 0.0216754 0.000186675 0.0118003 0.00325045 0.0168715 0.0206948 0.0316261 -0.000220162 0.00045814 -0.00406779 -0.00704947 -0.0112238 -0.018057
internal_weight=1.20574e+06 8340.86 3280.76 5060.1 1105.25 3954.85 448.232 1.1974e+06 607580 278488 51121.1 329092 20312.8 227367 61276.8 51274.4 9423.64 6409.83 41850.8 10002.4 2022.15 7661.18 6650.91 3406.67 267816 227685 40130.1 27282.1 16943.2 8146.92
internal_count=524637 4131 2143 1988 481 1507 765 520506 224916 124514 21321 100402 11344 103193 18393 15876 2944 1865 12932 2517 817 1561 1133 634 82009 69493 12516 9663 5252 3228
is_linear=0
shrinkage=0.04


Tree=213
num_leaves=31
num_cat=0
split_feature=9 8 11 13 14 10 4 10 13 11 10 13 10 3 10 10 7 7 7 10 10 10 13 16 15 12 14 17 11 10
split_gain=89.7114 240.904 209.208 359.607 372.612 263.344 420.734 202.439 198.013 536.758 559.633 219.62 610.106 375.882 410.911 372.677 361.687 236.269 272.513 269.671 223.772 729.49 397.927 292.76 266.375 266.292 332.943 247.624 300.126 315.752
threshold=79.625000000000014 21.125000000000004 0.39430940151214605 0.13992954790592196 0.0042118418496102103 -0.87812310457229603 0.49316649138927465 0.37146723270416265 0.0088328653946518915 0.29753153026103979 -0.98930078744888295 1.8673717975616457 0.088045001029968276 0.22356953471899035 -0.98930078744888295 -0.15207348018884656 5.4991986751556405 8.4262480735778826 1.995458245277405 -0.99630266427993763 0.27383534610271459 0.20706263184547427 3.6705020666122441 -0.15934254974126813 1.0000000180025095e-35 6.7729828357696542 26.067963600158695 7.2290737628936776 -0.22909598052501676 -0.91246706247329701
decision_type=2 2 2 2 2 2 2 2 2 2 2 2 2 2 2 2 2 2 2 2 2 2 2 2 2 2 2 2 2 2
left_child=-1 2 8 4 5 6 -4 -3 9 10 -2 12 13 14 16 17 -10 18 -15 -19 21 24 -23 -22 25 -13 -27 -26 29 -29
right_child=1 7 3 -5 -6 -7 -8 -9 11 -11 -12 20 -14 15 -16 -17 -18 19 -20 -21 23 22 -24 -25 27 26 -28 28 -30 -31
leaf_value=-0.00012545477994900173 -0.03940606318895834 -0.0021736281319551165 -0.06805710881022535 -0.039529981680712936 0.043962354069933297 0.027331416765543903 0.028450218947722386 -0.027378635730331599 -0.045848756643638619 -0.057451197680912072 0.0015546646691615273 0.00054345705042294404 -0.0065384290838082903 0.025310960127924154 0.020487653448090688 -0.017761728837331008 0.014819893234527856 0.037335936060173547 -0.0026058309155893304 0.009629306770038237 0.023698139702611695 0.0024486287006767332 -0.042577140428690187 -0.00082359471159385261 0.005812582458795644 -0.010682489708003761 0.010658898919361615 0.017906170850664739 -0.02622398656966626 -0.0020268017079485253
leaf_weight=1066292.4886143543 587.25021740794182 23050.199734516442 158.55423778295517 150.03839959949255 677.73635531961918 270.47735368460417 118.903116106987 511.49693459272385 286.69486904144287 293.27709485590458 5008.8874000906944 36402.556417047977 5021.5858674943447 638.90776214003563 5617.9885125607252 1062.4141451120377 326.78757047653198 678.53602910041809 4050.1403425782919 3134.4533255249262 1562.9635981917381 466.49619555473328 944.49869120121002 1541.9715161323547 25799.970542013645 7269.8995707035065 1385.1437746286392 1443.4038115143776 705.58085682988167 10150.618410408497
leaf_count=472311 813 9086 645 468 346 418 138 553 360 961 3239 12043 2383 222 1787 450 172 180 1753 985 350 147 474 502 7337 2580 340 340 488 2766
internal_value=-7.29395e-07 0.000953821 0.00170427 0.0171537 0.0243563 -0.000247607 -0.0271483 -0.00273218 0.00151696 -0.00562026 -0.00280632 0.00190489 0.00559722 0.00945689 0.0170941 0.00446841 -0.0138126 0.00726389 0.00124375 0.0146446 0.00102763 0.000639732 -0.0277785 0.0115566 0.00112521 -0.000956521 -0.00725868 0.00358672 -0.00108322 0.000468057
internal_weight=1.20561e+06 139317 115756 1375.71 1225.67 547.935 277.457 23561.7 114380 5889.41 5596.14 108491 20817.5 15795.9 6231.47 9564.45 613.482 8502.04 4689.05 3812.99 87673.1 84568.2 1410.99 3104.94 83157.2 45057.6 8655.04 38099.6 12299.6 11594
internal_count=524637 52326 42687 2015 1547 1201 783 9639 40672 5013 4052 35659 8292 5909 2319 3590 532 3140 1975 1165 27367 26515 621 852 25894 14963 2920 10931 3594 3106
is_linear=0
shrinkage=0.04


Tree=214
num_leaves=31
num_cat=0
split_feature=11 17 11 11 17 7 7 1 13 11 9 8 7 9 13 12 7 10 9 14 10 14 9 13 2 4 14 8 10 11
split_gain=86.6911 318.513 908.054 579.787 462.203 349.835 342.42 449.773 420.823 300.212 478.907 412.187 362.127 350.943 420.451 368.915 321.401 706.043 297.386 293.508 308.725 373.13 377.09 318.36 311.324 303.624 467.867 533.698 291.96 280.341
threshold=-0.98667386174201954 0.10551568865776063 -0.99465739727020253 -0.99628248810768116 -11.939389705657957 2.6515079736709599 10.260533332824709 1.2812250852584841 1.0000000180025095e-35 -0.99938741326332081 74.875000000000014 20.875000000000004 1.1399470567703249 77.375000000000014 5.1331553459167489 4.3600811958312997 1.0761659145355227 -0.049434980377554887 75.875000000000014 0.57671257853508007 -0.01505099539645016 42.643693923950202 73.375000000000014 17.327754974365238 0.23783729225397113 4.8221216201782235 6.3807692527771005 18.875000000000004 0.036545658484101302 -0.98049351572990406
decision_type=2 2 2 2 2 2 2 2 2 2 2 2 2 2 2 2 2 2 2 2 2 2 2 2 2 2 2 2 2 2
left_child=1 3 19 6 18 -4 8 -8 -1 10 -10 12 -12 15 -15 16 17 -11 -5 -3 24 22 23 -22 -21 26 27 -24 -29 -2
right_child=29 2 5 4 -6 -7 7 -9 9 13 11 -13 -14 14 -16 -17 -18 -19 -20 20 21 -23 25 -25 -26 -27 -28 28 -30 -31
leaf_value=-0.015259097017060042 0.0033638482670904097 -0.017034149320968292 -0.017613674741994149 0.0043739920156797545 0.0023184217472170432 -0.0061711699935029386 -0.019233132970840887 -0.0030056294454557852 -0.011666102753590963 0.022041294443869958 -0.018360783813949379 -0.0088465246105779369 0.014503480837027564 0.011160189692675064 -0.015637666760584357 0.0083968837975567749 -0.014288596085379903 -0.025802387379127767 0.021843805796784702 -0.0063341546235446923 0.024432004851944192 -0.033872218633384764 -0.020131579093362353 7.8509660056101779e-05 0.0064174142923606927 0.0030144604813657013 -0.016534341539894522 0.013347928025360712 -0.0033281003337057901 3.7788009393194782e-06
leaf_weight=2734.849009335041 41380.126353800297 1452.1204082965851 5135.6161947250366 2853.24877846241 41192.268524825573 25434.427525520325 3934.3494070768356 8912.8186185956001 2121.8790687918663 1275.1183698773384 563.87500393390656 1720.505196928978 8567.8480583429337 4525.5534893870354 1171.3196690678596 2119.1877754926682 6873.6101610660553 791.35044085979462 3443.6440553665161 3610.9709995388985 1558.8924400806427 560.27902519702911 1847.4983584880829 1897.821448802948 19936.664419353008 8115.6002435088158 4961.3644503951073 3005.4571145176888 3785.4356979131699 990028.62299629301
leaf_count=1964 13716 970 3048 501 15553 8286 1994 2247 1273 498 400 725 2959 1458 479 786 4333 675 613 1475 182 180 1370 333 5132 2600 2546 960 1611 445770
internal_value=-7.49859e-07 -0.00082633 -0.00265405 0.000775024 0.00386299 -0.00809859 -0.00246143 -0.00798628 -0.000273343 0.00110985 0.00567557 0.00907391 0.0124563 -0.00242662 0.0056326 -0.00657945 -0.0101349 0.00368362 0.0139474 0.00062766 0.00115145 -0.00187689 -0.00115157 0.0111001 0.00446013 -0.00310604 -0.00675795 -0.00113037 0.00406101 0.000138616
internal_weight=1.20551e+06 174104 81302.1 92801.4 47489.2 30570 45312.3 12847.2 32465.1 29730.2 12974.1 10852.2 9131.72 16756.1 5696.87 11059.3 8940.08 2066.47 6296.89 50732.1 49280 25732.3 25172.1 3456.71 23547.6 21715.4 13599.8 8638.39 6790.89 1.03141e+06
internal_count=524637 65151 28693 36458 16667 11334 19791 4241 15550 13586 5357 4084 3359 8229 1937 6292 5506 1173 1114 17359 16389 9782 9602 515 6607 9087 6487 3941 2571 459486
is_linear=0
shrinkage=0.04


Tree=215
num_leaves=31
num_cat=0
split_feature=0 14 4 10 10 10 3 10 10 8 9 8 10 17 10 4 10 10 11 14 10 2 15 17 3 10 10 10 14 3
split_gain=86.9284 146.089 189.696 147.163 329.536 318.492 209.364 142.874 131.468 170.233 123.708 249.164 268.891 324.52 275.063 367.266 292.451 255.244 280.444 224.783 225.704 223.268 226.848 227.872 208.344 232.658 190.18 314.576 181.882 150.904
threshold=87.03363418579103 47.137434005737312 15.11068630218506 -0.43054369091987604 -0.36747109889984125 -0.52124115824699391 26.427762031555179 0.05372969992458821 -0.94975915551185597 18.625000000000004 73.375000000000014 19.125000000000004 -0.99697706103324879 -0.25099430978298182 0.12225609645247461 19.184474945068363 0.088045001029968276 -0.98046803474426258 -0.48501108586788172 21.37766265869141 -0.93545487523078907 15.835179328918459 1.0000000180025095e-35 2.7059386968612675 3.58152186870575 -0.98523971438407887 -0.52124115824699391 -0.44600489735603327 16.783450126647953 9.9120545387268084
decision_type=2 2 2 2 2 2 2 2 2 2 2 2 2 2 2 2 2 2 2 2 2 2 2 2 2 2 2 2 2 2
left_child=1 10 -3 5 -5 6 -4 8 9 -2 11 29 13 -13 15 16 17 24 21 20 -20 22 -19 -24 25 -14 -17 -28 -22 -1
right_child=7 2 3 4 -6 -7 -8 -9 -10 -11 -12 12 14 -15 -16 26 -18 18 19 -21 28 -23 23 -25 -26 -27 27 -29 -30 -31
leaf_value=0.0050044171126392588 0.0060116318823316452 -0.0073673720841628309 0.0090867661270491954 -0.023235161091108139 4.1839123006881601e-05 0.012313725551316752 -0.011723025762416033 -0.0069765622477018672 0.0041252830606651678 -0.025165083335942934 -0.00010975031259348331 -0.0064641001884619834 -0.0081356664999443079 -0.052326205893985116 -0.0083482947114508176 -0.01075542914469489 0.024691114700339082 0.00028764860730283009 -0.0047562212013491974 0.0076235921063434464 -0.036902907524404699 -0.0034755583310166196 0.018911284956496417 0.00069259903153257268 0.026714973428487269 0.02392480276309733 0.017040519806663306 -0.0061641058624871351 -0.0031738217174360974 0.00086522399996983765
leaf_weight=30306.909334205091 541.37620738148689 9936.4668916463852 1156.5152707099915 1203.6274135112762 4910.421674489975 3548.5886602401733 2290.8075660467148 2344.5120008587837 20527.153722077608 564.02984589338303 1063685.7282981314 867.2680971622467 921.56305480003357 337.05751687288284 5967.2113781571388 5084.9268456324935 1026.3045527935028 3846.0106601715088 1965.3053138852119 1119.0839471817017 838.4533184543252 4291.1865788698196 3471.414409995079 1605.9182713031769 1195.7937816977501 582.99546986818314 1300.9985151290894 3247.13037109375 369.08447813987732 26342.865919299424
leaf_count=8095 136 2165 227 273 814 497 599 514 3726 316 490468 430 419 278 1900 1659 136 896 1026 254 977 818 536 304 282 150 181 637 91 5833
internal_value=-7.65725e-07 -4.9167e-05 -0.00320194 -4.162e-05 -0.00457099 0.00391768 -0.00473562 0.00238313 0.00340028 -0.00997918 1.35862e-05 0.00139897 -0.00110494 -0.0196248 -0.000494245 0.00102635 0.00396482 0.00290044 0.00113131 -0.00774092 -0.013167 0.00401658 0.00761936 0.0131616 0.0143233 0.00436326 -0.005448 0.000496432 -0.0267043 0.00308013
internal_weight=1.2054e+06 1.18142e+06 23046.4 13110 6114.05 6995.91 3447.32 23977.1 21632.6 1105.41 1.15837e+06 94687.5 38037.7 1204.33 36833.4 30866.2 21233.1 20206.8 17506.5 4291.93 3172.84 13214.5 8923.34 5077.33 2700.35 1504.56 9633.06 4548.13 1207.54 56649.8
internal_count=524637 519945 4575 2410 1087 1323 826 4692 4178 452 515370 24902 10974 708 10266 8366 5889 5753 4902 2348 2094 2554 1736 840 851 569 2477 818 1068 13928
is_linear=0
shrinkage=0.04


Tree=216
num_leaves=31
num_cat=0
split_feature=4 11 10 10 4 8 12 6 10 10 10 10 16 8 12 10 13 9 13 8 4 9 8 9 10 10 10 12 8 3
split_gain=85.8974 205.387 498.468 191.555 245.302 259.339 596.671 175.467 262.46 182.401 560.037 281.54 181.995 220.332 419.662 309.983 177.015 172.142 190.813 288.034 152.381 143.965 256.772 611.734 280.105 321.544 301.597 281.854 226.164 225.73
threshold=64.137023925781264 -0.05909669212996959 -0.98370367288589466 -0.99993467330932606 0.13342612981796267 20.375000000000004 8.2573485374450701 5.8569860458374032 -0.9193688929080962 -0.35141934454441065 -0.47652685642242426 -0.20285348594188687 18.236316680908207 19.125000000000004 2.0227131843566899 -0.52124115824699391 15.706592082977297 78.375000000000014 0.19679062813520434 17.375000000000004 88.842361450195327 73.625000000000014 18.375000000000004 73.375000000000014 -0.99630266427993763 0.12225609645247461 0.10516610741615297 1.0000000180025095e-35 19.125000000000004 1.0000000180025095e-35
decision_type=2 2 2 2 2 2 2 2 2 2 2 2 2 2 2 2 2 2 2 2 2 2 2 2 2 2 2 2 2 2
left_child=3 2 -2 4 5 -1 -7 8 -4 10 12 16 13 14 -9 -15 -11 18 -6 -20 -12 22 -5 24 27 26 28 -24 -26 -23
right_child=1 -3 7 21 17 6 -8 9 -10 11 20 -13 -14 15 -16 -17 -18 -19 19 -21 -22 29 23 -25 25 -27 -28 -29 -30 -31
leaf_value=-0.035593373622143591 -0.033806980887300567 0.012198220046578405 0.011992330583886188 0.0026989194689291647 0.013184936893624741 -0.043583242744311634 0.048859732999998198 0.027199914532157036 -0.015956942481633259 0.021493674158847283 -0.010784441220372951 -0.0036362170495518676 0.0091547763577687936 -0.015233919857807499 -0.0014848037020360253 0.012498948709295188 0.0049734465759607941 0.019102809694861226 0.0086329855706780284 -0.027512801563859459 -0.029677536876596116 0.00060418795193111039 0.0070730620362976608 -0.0069941025966000926 0.005429826223729989 -0.004498479303261623 0.024271618885689461 -0.021329959908122611 0.00039900312373092545 -0.00061823919883196058
leaf_weight=857.88376149535179 793.34230530261993 1543.4016649872065 661.45230454206467 86261.306091114879 549.55382812023163 214.70521527528763 212.1915590763092 893.61956107616425 2721.856506228447 1599.5358289480209 1486.439880490303 4082.5820997357368 2761.2379135489464 3294.2627154588699 8413.2504622340202 793.17104351520538 2945.465483546257 502.33466060459614 553.43967670202255 944.2586902230978 1283.4416189193726 418136.42770917714 832.96010839939117 17805.612415350974 24722.711180612445 11145.716931194067 1028.3003144264221 1664.8989295959473 33891.783039063215 572733.74004692584
leaf_count=1051 553 804 212 19574 334 442 52 185 1225 215 331 816 560 1295 1944 153 428 359 190 954 334 221529 323 5214 5525 3209 135 864 8771 247056
internal_value=-7.59086e-07 -0.00200458 -0.00269906 5.6143e-05 -0.00885803 -0.0230372 0.0024327 -0.00189065 -0.0104735 -0.000833319 -0.00303035 0.003984 -0.000176704 -0.00210578 0.00129566 -0.00983496 0.0108219 -0.00165083 -0.00681126 -0.0141873 -0.0196139 8.54769e-05 0.00113502 -0.000346082 0.00126985 0.00173505 0.00290049 -0.011868 0.00252149 -0.000102387
internal_weight=1.20533e+06 33273.1 31729.7 1.17206e+06 3834.37 1284.78 426.897 30936.3 3383.31 27553 18925.4 8627.58 16155.5 13394.3 9306.87 4087.43 4545 2549.59 2047.25 1497.7 2769.88 1.16822e+06 177353 91092 73286.4 70788.5 59642.8 2497.86 58614.5 990870
internal_count=524637 9055 8251 515582 3382 1545 494 7698 1437 6261 4802 1459 4137 3577 2129 1448 643 1837 1478 1144 665 512200 43615 24041 18827 17640 14431 1187 14296 468585
is_linear=0
shrinkage=0.04


Tree=217
num_leaves=31
num_cat=0
split_feature=10 11 9 14 1 10 14 9 11 12 13 8 9 13 9 17 7 10 10 14 10 14 9 10 9 10 7 10 8 13
split_gain=86.5668 729.046 1011.52 634.923 614.823 586.073 1887.85 1367.75 681.112 701.673 676.775 651.907 584.753 1117.7 905.563 1122.04 630.766 537.277 625.398 1188.6 821.803 1071.73 1305.59 650.229 1204.6 841.386 1262.62 681.157 951.705 801.266
threshold=-0.9599599540233611 -0.21231865882873532 74.375000000000014 4.9957039356231698 0.27771659195423132 -0.93545487523078907 0.39976723492145544 78.125000000000014 0.29753153026103979 1.0000000180025095e-35 1.0000000180025095e-35 18.875000000000004 74.125000000000014 1.0931919217109682 78.125000000000014 -1.9024003148078916 2.5639832019805913 -0.92274349927902211 -0.87812310457229603 16.427892684936527 -0.81984052062034596 1.2487271428108218 78.375000000000014 -0.7785360813140868 78.375000000000014 -0.74512827396392811 4.7901563644409189 -0.7996615171432494 20.125000000000004 5.1331553459167489
decision_type=2 2 2 2 2 2 2 2 2 2 2 2 2 2 2 2 2 2 2 2 2 2 2 2 2 2 2 2 2 2
left_child=1 2 -1 -4 -5 6 7 11 10 -10 -8 -2 13 -12 15 -14 -16 -7 19 -19 21 22 -20 24 27 26 -25 -22 -29 -30
right_child=5 -3 3 4 -6 17 8 -9 9 -11 12 -13 14 -15 16 -17 -18 18 20 -21 23 -23 -24 25 -26 -27 -28 28 29 -31
leaf_value=-0.0066023256709102883 0.027561149903742914 -0.00042375641458275085 0.013054309327523925 -0.015810008812130828 0.0062931156005566185 0.0057984383398416517 0.018442094794625094 -0.035956363220005241 -0.047167942232582229 -0.011755982701802019 0.024789315546066351 0.0060958478452429934 -0.036981754936627954 -0.0074008543637769895 -0.042796973169127901 -0.011132788257060402 0.0016023647928674885 -0.0067412523960278178 -0.016766505501637566 0.0067603300636071952 0.0035857751196177942 0.0064135150742947377 0.019806377153195991 0.014213742393771546 -0.021677747324849419 -0.00021103490318071641 -0.0017019517123568024 -0.016426616752663655 0.016131776902075668 -0.037460293661167217
leaf_weight=8623.5542070269585 4033.759441614151 167651.28856800497 20462.755553781986 2589.6746676564217 8921.5720178484917 25422.85371465981 1621.1725379228592 897.29575838148594 1379.1057424992323 2545.7884343862534 2280.3425072431564 5159.8718988001347 3546.7606153041124 6992.1502430737019 535.9419831931591 11051.654402643442 8216.4244628399611 50124.721352979541 6884.0616033561528 13165.170068591833 15214.189656257629 58211.830292973667 2010.048202931881 16285.69263780117 6108.2224673032761 727694.65822070837 15615.712622821331 8467.7412100434303 3021.6834037899971 513.76519918441772
leaf_count=3024 1619 99441 6132 1308 3252 13716 633 1647 2860 3307 660 3991 2903 2682 412 6725 3422 38038 8736 3110 5508 17744 1714 5175 2700 273558 5112 4104 1095 309
internal_value=-7.45611e-07 0.000740978 0.00554977 0.0088283 0.00131119 -0.000155679 -0.0044552 0.010924 -0.00852283 -0.0242871 -0.00670946 0.0155336 -0.0079646 0.000533707 -0.011338 -0.0174339 -0.00116212 6.30722e-05 -9.49079e-05 -0.00393211 0.000187517 0.0044375 -0.00848816 -0.000172216 -0.00564002 6.77423e-05 0.00642493 -0.00203413 -0.00915448 0.00826018
internal_weight=1.20525e+06 208249 40597.6 31974 11511.2 997001 48260.3 10090.9 38169.3 3924.89 34244.4 9193.63 32623.3 9272.49 23350.8 14598.4 8752.37 948740 923317 63289.9 860028 67105.9 8894.11 792922 33325.6 759596 31901.4 27217.4 12003.2 3535.45
internal_count=524637 113157 13716 10692 4560 411480 30861 7257 23604 6167 17437 5610 16804 3342 13462 9628 3834 380619 366903 41148 325755 28194 10450 297561 13716 283845 10287 11016 5508 1404
is_linear=0
shrinkage=0.04


Tree=218
num_leaves=31
num_cat=0
split_feature=9 8 10 13 10 11 1 10 11 11 10 10 10 10 10 4 15 3 14 8 3 7 7 10 14 14 17 10 10 14
split_gain=86.802 374.913 379.78 356.118 688.712 788.329 530.451 459.647 396.357 541.681 361.716 366.168 1061.23 417.676 636.708 592.86 485.443 376.9 330.934 321.586 316.71 300.575 406.428 317.054 298.212 291.25 278.508 263.972 457.985 528.756
threshold=78.875000000000014 20.375000000000004 0.30675521492958074 2.2648209333419804 -0.99275806546211232 -0.041917072609066956 0.10760927572846414 -0.98523971438407887 0.16375125199556353 0.11264710500836374 -0.9550008475780486 -0.90529522299766529 -0.84828248620033253 -0.82956761121749867 -0.76762619614601124 31.890460014343265 0.31250000000000006 2.0886107683181767 5.1357336044311532 21.375000000000004 0.14075146615505221 1.0000000180025095e-35 7.938462734222413 -0.96902456879615773 11.386588573455812 13.266532897949221 -3.2529326677322383 -0.56456753611564625 -0.41495507955551142 39.511053085327156
decision_type=2 2 2 2 2 2 2 2 2 2 2 2 2 2 2 2 2 2 2 2 2 2 2 2 2 2 2 2 2 2
left_child=19 27 3 6 5 -5 21 -8 9 10 -6 17 25 -14 16 -16 -15 26 -7 -1 -10 -3 -23 -24 -19 -13 -12 -2 29 -29
right_child=1 2 -4 4 8 18 7 -9 20 -11 11 12 13 14 15 -17 -18 24 -20 -21 -22 22 23 -25 -26 -27 -28 28 -30 -31
leaf_value=-0.00028601224590126212 0.0043789808983795237 0.014262192876760664 -0.011318277605478945 -0.053615600515421552 -0.012519055806684862 0.02763344767202713 0.031902552772642305 0.0074245790933444014 -0.055041235078944942 0.029658375042129762 0.035752112061461019 -0.015474979990979963 0.017569294256924776 -0.029097207786225054 -0.0011424124189111076 0.012686381264958529 0.0034362388108973613 0.013171725413422049 -0.019408373203616561 0.0040080777374917938 -0.0014905350100561257 -0.0051167595605770624 0.023279931569198522 0.0017304367335630431 -0.013117945501538868 -0.041595614876520609 0.0094596622199251221 -0.011419401032921188 0.0020020641868264345 0.023287129942684306
leaf_weight=957191.5254121013 53965.239982873201 2103.8646213784814 5325.7274925112724 862.09495252370834 4348.2691741585732 376.58017325401306 1467.2306753695011 7326.6017414033413 382.20921752601862 902.83208161592484 1061.273542881012 3339.0538119077682 2055.3441611528397 2125.8356735706329 47145.51639509201 5533.3583677411079 1114.9800593852997 1260.7044841051102 617.99454373121262 28732.424088831991 322.63967825472355 14432.841135822237 1500.5443360507488 3952.8299876451492 1501.6735415458679 858.07293474674225 1644.8258229494095 7554.8016791343689 45223.485779583454 764.91005098819733
leaf_count=425493 22765 2221 3795 959 1932 186 516 2535 699 268 171 1244 451 960 14068 1346 329 383 540 13770 420 8974 608 1405 594 392 445 2484 14558 126
internal_value=-7.99562e-07 0.000719395 -0.000904976 -0.000381935 -0.00186115 -0.0258555 0.00324315 0.0115403 -0.0012524 -0.00096159 -0.00134967 -0.000629902 -0.00150324 -9.55489e-05 -0.00074785 0.000312288 -0.0179282 0.00928391 -0.00149895 -0.000160832 -0.0308925 -7.8609e-05 -0.0016022 0.00769173 -0.00111553 -0.0209013 0.0198647 0.00240495 0.00041492 -0.00820437
internal_weight=1.205e+06 219071 111563 106237 75453.3 1856.67 30783.9 8793.83 73596.6 72891.7 71988.9 67640.6 62172.2 57975 55919.7 52678.9 3240.82 5468.48 994.575 985924 704.849 21990.1 19886.2 5453.37 2762.38 4197.13 2706.1 107508 53543.2 8319.71
internal_count=524637 85374 45441 41646 25387 1685 16259 3051 23702 22583 22315 20383 18790 17154 16703 15414 1289 1593 726 439263 1119 13208 10987 2013 977 1636 616 39933 17168 2610
is_linear=0
shrinkage=0.04


Tree=219
num_leaves=31
num_cat=0
split_feature=8 14 10 8 9 14 10 8 13 10 1 3 4 10 14 9 13 9 9 9 2 12 16 14 9 9 9 11 14 11
split_gain=85.6376 111.072 96.9738 284.952 207.722 196.374 189.785 328.198 211.411 176.458 556.6 445.546 318.643 175.42 484.146 335.001 201.423 356.426 166.345 173.507 164.931 151.523 139.868 153.788 410.009 303.846 127.726 348.229 492.444 682.354
threshold=15.875000000000002 2.6357603073120122 0.46514528989791876 20.375000000000004 73.625000000000014 0.035348795354366309 0.40318277478218084 18.625000000000004 7.0440251827239999 0.37146723270416265 0.20224061608314517 0.22356953471899035 0.24646032601594928 0.43442112207412725 1.0000000180025095e-35 74.625000000000014 0.30131831765174871 74.125000000000014 79.875000000000014 78.625000000000014 2.0200879573822026 0.85427990555763256 -1.0000000180025095e-35 0.028996832668781284 74.375000000000014 79.375000000000014 78.625000000000014 0.47179406881332403 1.0000000180025095e-35 0.23118848353624347
decision_type=2 2 2 2 2 2 2 2 2 2 2 2 2 2 2 2 2 2 2 2 2 2 2 2 2 2 2 2 2 2
left_child=1 -1 6 4 -4 -5 9 8 13 26 12 -12 18 16 15 -15 -8 -18 19 -11 22 -19 -9 -24 -25 -26 -2 28 29 -28
right_child=2 -3 3 5 -6 -7 7 20 -10 10 11 -13 -14 14 -16 -17 17 21 -20 -21 -22 -23 23 24 25 -27 27 -29 -30 -31
leaf_value=0.012130210249775949 -0.00024142046669192914 0.0017008530570434362 -0.015205905029319407 -0.010461852025758984 0.0016750601102098854 -0.04009822358213027 0.021072106172740437 -0.012892881929370199 -0.015398930622521834 -0.0082676240128509645 0.00019672952394507272 0.030617484485059666 -0.04368963573287369 -0.046062257181667066 0.0099944266467507422 0.0051453806206096745 -0.021518357371192374 0.0026584683670678559 0.0087433229780479668 -0.028957377310674132 -0.024048523625811613 0.026513873189787821 -0.0022657483315193898 -0.029229618258547287 0.012262423566280328 -0.013891969607437672 -0.00303690500145503 0.027243960737618381 0.00094552574755337522 -0.043148901502140923
leaf_weight=1839.0429664701223 905509.17115334049 14086.093525163829 1346.307012617588 1728.9614638984203 8315.9036782681942 445.39175233244896 3287.4991688132286 1168.1629649996758 548.0435893535614 7561.838387131691 3208.606206715107 1003.7426109313965 418.33227062225342 454.43702632188797 4084.8706172704697 361.82585519552231 571.659139752388 844.63512134552002 820.65957623720169 702.09947067499161 445.35723894834518 854.67172265052795 8083.768590092659 480.95914083719254 5301.5479338765144 811.97651863098145 2359.9536447525024 784.81519144028425 226494.03785280138 943.35714648663998
leaf_count=669 402380 3462 875 2087 5900 588 1065 685 192 4014 1269 211 338 326 1501 200 234 374 423 549 265 248 5319 276 2348 575 2025 1360 81384 3495
internal_value=-7.87487e-07 0.0029121 -3.98279e-05 -0.00364077 -0.000690379 -0.0166883 -3.58745e-06 0.00329203 0.0086243 -8.1862e-05 -0.00459016 0.00750091 -0.00995199 0.00989654 0.00436682 -0.0235758 0.0147557 0.00555969 -0.00835209 -0.0100583 -0.000313831 0.0147415 0.000367969 0.00143139 0.00596005 0.00877168 -2.73965e-05 0.000813062 0.000721612 -0.0145877
internal_weight=1.20487e+06 15925.1 1.18894e+06 11836.6 9662.21 2174.35 1.17711e+06 27299.4 11007.6 1.14981e+06 13715.3 4212.35 9502.93 10459.6 4901.13 816.263 5558.47 2270.97 9084.6 8263.94 16291.8 1699.31 15846.4 14678.3 6594.48 6113.52 1.13609e+06 230582 229797 3303.31
internal_count=524637 4131 520506 9450 6775 2675 511056 13608 4140 497448 6804 1480 5324 3948 2027 526 1921 856 4986 4563 9468 622 9203 8518 3199 2923 490644 88264 86904 5520
is_linear=0
shrinkage=0.04


end of trees

feature_importances:
season_sin=1853
season_cos=984
longitude=713
latitude=619
neighbor_mean7=596
mean14=325
neighbor_mean3=293
rain_thirteen_before=237
rain_six_before=225
neighbor_last=196
trend3_7=160
rain_two_before=90
mean3=71
rain_previous=58
mean7=50
neighbor_event_fraction=44
trend1=43
rain_last=25
max3=18

parameters:
[boosting: gbdt]
[objective: tweedie]
[metric: tweedie]
[tree_learner: serial]
[device_type: cpu]
[data_sample_strategy: bagging]
[data: ]
[valid: ]
[num_iterations: 220]
[learning_rate: 0.04]
[num_leaves: 31]
[num_threads: 4]
[seed: 42]
[deterministic: 1]
[force_col_wise: 1]
[force_row_wise: 0]
[histogram_pool_size: -1]
[max_depth: -1]
[min_data_in_leaf: 200]
[min_sum_hessian_in_leaf: 0.001]
[bagging_fraction: 1]
[pos_bagging_fraction: 1]
[neg_bagging_fraction: 1]
[bagging_freq: 0]
[bagging_seed: 400]
[bagging_by_query: 0]
[feature_fraction: 1]
[feature_fraction_bynode: 1]
[feature_fraction_seed: 30056]
[extra_trees: 0]
[extra_seed: 12879]
[early_stopping_round: 0]
[early_stopping_min_delta: 0]
[first_metric_only: 0]
[max_delta_step: 0]
[lambda_l1: 0]
[lambda_l2: 10]
[linear_lambda: 0]
[min_gain_to_split: 0]
[drop_rate: 0.1]
[max_drop: 50]
[skip_drop: 0.5]
[xgboost_dart_mode: 0]
[uniform_drop: 0]
[drop_seed: 17869]
[top_rate: 0.2]
[other_rate: 0.1]
[min_data_per_group: 100]
[max_cat_threshold: 32]
[cat_l2: 10]
[cat_smooth: 10]
[max_cat_to_onehot: 4]
[top_k: 20]
[monotone_constraints: ]
[monotone_constraints_method: basic]
[monotone_penalty: 0]
[feature_contri: ]
[forcedsplits_filename: ]
[refit_decay_rate: 0.9]
[cegb_tradeoff: 1]
[cegb_penalty_split: 0]
[cegb_penalty_feature_lazy: ]
[cegb_penalty_feature_coupled: ]
[path_smooth: 0]
[interaction_constraints: ]
[verbosity: -1]
[saved_feature_importance_type: 0]
[use_quantized_grad: 0]
[num_grad_quant_bins: 4]
[quant_train_renew_leaf: 0]
[stochastic_rounding: 1]
[linear_tree: 0]
[max_bin: 255]
[max_bin_by_feature: ]
[min_data_in_bin: 3]
[bin_construct_sample_cnt: 200000]
[data_random_seed: 175]
[is_enable_sparse: 1]
[enable_bundle: 1]
[use_missing: 1]
[zero_as_missing: 0]
[feature_pre_filter: 1]
[pre_partition: 0]
[two_round: 0]
[header: 0]
[label_column: ]
[weight_column: ]
[group_column: ]
[ignore_column: ]
[categorical_feature: ]
[forcedbins_filename: ]
[precise_float_parser: 0]
[parser_config_file: ]
[objective_seed: 16083]
[num_class: 1]
[is_unbalance: 0]
[scale_pos_weight: 1]
[sigmoid: 1]
[boost_from_average: 1]
[reg_sqrt: 0]
[alpha: 0.9]
[fair_c: 1]
[poisson_max_delta_step: 0.7]
[tweedie_variance_power: 1.5]
[lambdarank_truncation_level: 30]
[lambdarank_norm: 1]
[label_gain: ]
[lambdarank_position_bias_regularization: 0]
[eval_at: ]
[multi_error_top_k: 1]
[auc_mu_weights: ]
[num_machines: 1]
[local_listen_port: 12400]
[time_out: 120]
[machine_list_filename: ]
[machines: ]
[gpu_platform_id: -1]
[gpu_device_id: -1]
[gpu_device_id_list: ]
[gpu_use_dp: 0]
[num_gpu: 1]

end of parameters

pandas_categorical:[]
