{
"type": "FeatureCollection",
"name": "nashik_district",
"crs": { "type": "name", "properties": { "name": "urn:ogc:def:crs:OGC:1.3:CRS84" } },
"features": [
{ "type": "Feature", "properties": { "id": 14987, "objectid_1": 14987, "objectid": 77830.0, "village": "Mamdapur", "vlcode": "551455", "gram_panchayat_name": " ", "gram_panchayat_code": " ", "block": "Yevla", "bkcode": "207", "subdistric": "Yevla", "sdcode": "4156", "sub_district_head_quarter": "Yevla", "district": "Nashik", "dtcode": "487", "district_head_quarter": "NASHIK", "state": "MH", "stcode": "27", "uqcode": " ", "country": "India", "total_urban_rural": "Rural", "total_households": 663.0, "total_population_village": 3583.0, "avg_household": 5.40422323, "total_geographical_area": 5951.0, "total_male_population_village": 1860.0, "total_female_population_village": 1723.0, "tapwater_treated_status": "Available", "tapwater_untreated_status": "Not Available", "covered_well_status": "Not Available", "covered_well_function_year": "Not Available", "covered_well_functioning_summer": "Not Available", "uncovered_well_status": "Available", "uncovered_well_function_year": "Not Available", "uncovered_well_function_summer": "Not Available", "handpump_status": "Available", "hand_pump_function_year": "Available", "hand_pump_function_summer": "Available", "tubewell_borehole_status": "Not Available", "tube_wells_borehole_function_year": "Not Available", "tube_wells_borehole_function_Summer": "Not Available", "spring_status": "Not Available", "spring_functioning_all_round_year": "Not Available", "spring_functioning_summer_month": "Not Available", "river_canal_status": "Not Available", "tank_pond_lake_status": "Not Available", "others_status": "Not Available", "closed_drainage_status": "Not Available", "open_drainage_status": "Available", "village_pin_code_status": "Available", "forest_area": 2579.0, "area_under_non_agricultural_use": 364.0, "barren_uncultivable_land": 0.0, "permanent_pastures_grazing": 0.0, "land_under_miscellaneous": 0.0, "culturable_waste_land": 0.0, "fallows_land_other_than_current": 0.0, "current_fallows_area": 0.0, "net_area_sown": 3008.0, "total_unirrigated_land": 35.0, "area_irrigated_by_source": 2973.0, "canals_area": 0.0, "wells_tube_wells_area": 35.0, "tanks_lakes_area": 0.0, "waterfall_area": 0.0, "other_source_specify_area": 0.0, "nearest_town_name": "YEVLA", "nearest_town_distance_from_village": 18.0, "shape_leng": 7046.3198841394624, "shape_length": 7046.3198841394624, "shape_area": 3415357.8304364788, "ds_name": "Administrative Boundary", "src_agency": "Survey of India (SOI)", "state_name": "Maharashtra\n" }, "geometry": { "type": "Polygon", "coordinates": [ [ [ 73.469976664739903, 19.760990947776438 ], [ 73.468709537300782, 19.761175106037946 ], [ 73.468187022361448, 19.761549800749769 ], [ 73.468047679584132, 19.762105326699153 ], [ 73.467465893841833, 19.762688149405612 ], [ 73.466729293770882, 19.762710617348848 ], [ 73.466178862121865, 19.762613953826254 ], [ 73.465509062260026, 19.762986215503965 ], [ 73.464588305976918, 19.763005456071202 ], [ 73.463657380781868, 19.763564919898222 ], [ 73.462961049494226, 19.763810265724057 ], [ 73.461503342768637, 19.763994634558564 ], [ 73.461041630338443, 19.764073954568921 ], [ 73.460134624823567, 19.764337526062974 ], [ 73.458697916421855, 19.764382794244625 ], [ 73.457609609801793, 19.764503622768885 ], [ 73.453639807901169, 19.764592385716348 ], [ 73.450777272062055, 19.765084032420162 ], [ 73.448840600321034, 19.766305079184015 ], [ 73.44837644397029, 19.766455091860642 ], [ 73.447785701690194, 19.767508499758488 ], [ 73.446983418801295, 19.769279445278688 ], [ 73.446210812889731, 19.771476867140429 ], [ 73.445377539578189, 19.773366378449083 ], [ 73.444959766063889, 19.774039141190453 ], [ 73.444588177596856, 19.775183428367953 ], [ 73.4442780177, 19.776042860285223 ], [ 73.444216449537365, 19.777345891533429 ], [ 73.444069692840316, 19.778284846699641 ], [ 73.443963061989621, 19.779050061335234 ], [ 73.443435788721317, 19.779668695961952 ], [ 73.443314304817193, 19.780241929271845 ], [ 73.443308769362247, 19.780538153338323 ], [ 73.44322840931514, 19.781782577772386 ], [ 73.443385454327043, 19.782238665291523 ], [ 73.44346308985935, 19.782989472571781 ], [ 73.443326302547803, 19.783405566258207 ], [ 73.443020917496739, 19.783975662032404 ], [ 73.442753251002529, 19.784494069537271 ], [ 73.442952736565957, 19.785382468655087 ], [ 73.442640595653444, 19.785573064696429 ], [ 73.442719882310442, 19.786236928112324 ], [ 73.442873983123462, 19.786849724429452 ], [ 73.442700937398214, 19.787230371051685 ], [ 73.442639780674455, 19.787543094566711 ], [ 73.442554534911523, 19.788371078844307 ], [ 73.442744696597003, 19.789019316711137 ], [ 73.442734714936435, 19.789542186929406 ], [ 73.442710353070623, 19.789855614530119 ], [ 73.442710043917387, 19.790831762709022 ], [ 73.442731592783019, 19.791634192432891 ], [ 73.442517397638241, 19.792240692104794 ], [ 73.442468029558682, 19.792902384055964 ], [ 73.442477403263396, 19.793292546190361 ], [ 73.442636034806398, 19.79366132220445 ], [ 73.442557217163937, 19.794897830195147 ], [ 73.442622779006598, 19.795317329073267 ], [ 73.442771799001932, 19.796191613337907 ], [ 73.442719360149553, 19.796512202751479 ], [ 73.442584519629719, 19.797321514235744 ], [ 73.442703183119008, 19.797856775272109 ], [ 73.442986336913734, 19.798454294952066 ], [ 73.442763913476583, 19.799496461006516 ], [ 73.442808539441941, 19.8000551372674 ], [ 73.442929729636759, 19.800458140154809 ], [ 73.442890570898228, 19.801538463793214 ], [ 73.443103708322099, 19.801866320870229 ], [ 73.443091143487521, 19.802528630744536 ], [ 73.443048387053111, 19.803800592768415 ], [ 73.443261365644773, 19.804222637003217 ], [ 73.443284489759975, 19.804937851217321 ], [ 73.442472992994112, 19.805233148686071 ], [ 73.440834245729263, 19.806198806149553 ], [ 73.439950326962645, 19.807015434759823 ], [ 73.440072331200497, 19.807528110979508 ], [ 73.440550563460064, 19.80851259189949 ], [ 73.440735271086638, 19.810494352180914 ], [ 73.441273530459625, 19.811571720289791 ], [ 73.441652851306443, 19.812584680541306 ], [ 73.441597366745398, 19.813559986575662 ], [ 73.441950067685454, 19.814382182491222 ], [ 73.442553708027006, 19.815560585737078 ], [ 73.442673170034936, 19.816046403756392 ], [ 73.442451097651073, 19.818062497809656 ], [ 73.442559048547025, 19.82012147200837 ], [ 73.442377544207417, 19.823090720909462 ], [ 73.442136034528602, 19.825126210482953 ], [ 73.442026736742378, 19.826110884028992 ], [ 73.441176883534055, 19.826173281280276 ], [ 73.439972816952277, 19.826553657840996 ], [ 73.438689924389323, 19.827194285220244 ], [ 73.437179773106024, 19.828162026134297 ], [ 73.43607593855829, 19.829319053430364 ], [ 73.434118340192825, 19.830575658053533 ], [ 73.432103402900623, 19.831935680476832 ], [ 73.430579151405382, 19.832676625411182 ], [ 73.429753514084808, 19.833061396967203 ], [ 73.428046052084753, 19.832788026399491 ], [ 73.426305880439571, 19.832304830543684 ], [ 73.424747086499323, 19.831964119293332 ], [ 73.423232572665398, 19.832199653212577 ], [ 73.422411158025639, 19.832811213404064 ], [ 73.421588140226831, 19.833444001302365 ], [ 73.421118147028338, 19.833941503799846 ], [ 73.420406254454122, 19.834654149563637 ], [ 73.420150684824335, 19.834909989461291 ], [ 73.419841354057439, 19.835671708997587 ], [ 73.419694915025886, 19.837534511482108 ], [ 73.419372353376247, 19.838969401165809 ], [ 73.419022560688248, 19.83992215104773 ], [ 73.418337578313697, 19.842019825439813 ], [ 73.417328718193957, 19.845440715818679 ], [ 73.417235133895815, 19.845758037585775 ], [ 73.417152005563011, 19.846330697394983 ], [ 73.416620399051894, 19.848117145428475 ], [ 73.417144575088258, 19.848631763141011 ], [ 73.417744350601964, 19.849043009921182 ], [ 73.418000043411695, 19.849223305881267 ], [ 73.418716013777512, 19.849723984365653 ], [ 73.418962378026976, 19.849893533909263 ], [ 73.419723590715336, 19.850060135506354 ], [ 73.419499130544764, 19.850425176932951 ], [ 73.418904918581006, 19.850676536408656 ], [ 73.418895220904759, 19.851181886761925 ], [ 73.418556019489117, 19.851577087174746 ], [ 73.417753669215941, 19.852121065727349 ], [ 73.417685699517037, 19.852782437894529 ], [ 73.417220016654895, 19.8530532758151 ], [ 73.416786757870767, 19.853551391689653 ], [ 73.416890587348561, 19.853901787787276 ], [ 73.416863071449455, 19.854372042619442 ], [ 73.416228381496055, 19.854814419979132 ], [ 73.415102622291144, 19.856300546224091 ], [ 73.413794372997074, 19.858239250940983 ], [ 73.414490437018529, 19.85939307758127 ], [ 73.415163497236662, 19.860618144051383 ], [ 73.415839905893662, 19.861832780657917 ], [ 73.416278079999316, 19.862990787415747 ], [ 73.41675949270244, 19.864631652130402 ], [ 73.417182060803924, 19.867129061461707 ], [ 73.417435060321722, 19.867287853577569 ], [ 73.418293266460054, 19.867800748353186 ], [ 73.42041618164788, 19.868764879137132 ], [ 73.420665005453586, 19.868939053327725 ], [ 73.422078107915652, 19.869928216206191 ], [ 73.42296903035384, 19.870618653058692 ], [ 73.423786341607041, 19.871497240188752 ], [ 73.424933775811368, 19.871817078813702 ], [ 73.426204912844867, 19.871804052307798 ], [ 73.430383382550403, 19.872412820163479 ], [ 73.433316124013132, 19.872812488966083 ], [ 73.433803347857605, 19.872940843300807 ], [ 73.434198125729637, 19.873005727274975 ], [ 73.434549039167194, 19.873063401224304 ], [ 73.434943816749666, 19.873128284105768 ], [ 73.435382262356313, 19.873201003491584 ], [ 73.435817169885084, 19.873285010084874 ], [ 73.436164154754479, 19.87335522370482 ], [ 73.436507593445512, 19.873425956240187 ], [ 73.436779457485429, 19.873575665402889 ], [ 73.436573911971593, 19.873834483113054 ], [ 73.436273838373012, 19.874145418914036 ], [ 73.436003861560252, 19.874471737944887 ], [ 73.435801513088947, 19.8747861987015 ], [ 73.435599166618914, 19.87510065850427 ], [ 73.435329368313745, 19.875519936078437 ], [ 73.435154032943473, 19.875804377299854 ], [ 73.434983227539078, 19.876093742928713 ], [ 73.434791071207314, 19.8764192785919 ], [ 73.434641615520931, 19.876672473004323 ], [ 73.434470809922715, 19.876961836576012 ], [ 73.434300003628124, 19.877251199127457 ], [ 73.434150548107141, 19.877504391532256 ], [ 73.434001092988652, 19.877757583901545 ], [ 73.433830286685733, 19.878046944421357 ], [ 73.433616777036463, 19.878408644895117 ], [ 73.433469620818343, 19.878664436072427 ], [ 73.43332553120463, 19.878923694439205 ], [ 73.433119687817808, 19.879294060001339 ], [ 73.432893261212399, 19.879701463731596 ], [ 73.43268741731859, 19.880071830021581 ], [ 73.432481575327643, 19.880442193554934 ], [ 73.432296316415346, 19.880775521536208 ], [ 73.432152226299536, 19.881034775878653 ], [ 73.431969106443233, 19.881369653451973 ], [ 73.431797750413494, 19.881713062614612 ], [ 73.431609730408283, 19.88209635252506 ], [ 73.43142171130755, 19.882479641529876 ], [ 73.431271296060899, 19.882786271980809 ], [ 73.431139682129739, 19.883054574045744 ], [ 73.431012736844082, 19.883364034211375 ], [ 73.43099683444558, 19.883768086838799 ], [ 73.431005917174915, 19.884256345264053 ], [ 73.431011972395027, 19.884581850416357 ], [ 73.431028486816984, 19.884867459467884 ], [ 73.431115324430365, 19.885320578910626 ], [ 73.431189430684711, 19.885691528500026 ], [ 73.431246688263215, 19.885978093418455 ], [ 73.431300692536965, 19.886248089599857 ], [ 73.431377927786855, 19.886674968080328 ], [ 73.431425778525025, 19.887036580252481 ], [ 73.431461505192956, 19.887319036219274 ], [ 73.43149723025266, 19.887601488509016 ], [ 73.431532955327953, 19.88788394363289 ], [ 73.431573784874047, 19.888206746595504 ], [ 73.431620537028465, 19.888570386141691 ], [ 73.431678772289189, 19.888940812901073 ], [ 73.431746210328328, 19.889354013061894 ], [ 73.431800161281856, 19.889684572763294 ], [ 73.431847368746716, 19.889973811787932 ], [ 73.431896398884902, 19.890342637782364 ], [ 73.431764637124147, 19.890664156925755 ], [ 73.431607721882528, 19.890899984277141 ], [ 73.431418428880647, 19.891165051180884 ], [ 73.431121198286121, 19.8914693203475 ], [ 73.430814005627525, 19.891769140349268 ], [ 73.430476092465753, 19.892098940370946 ], [ 73.430168898845452, 19.892398759337915 ], [ 73.429957087780252, 19.892609937918092 ], [ 73.429747693946382, 19.892822096913566 ], [ 73.429478474389796, 19.893094872759988 ], [ 73.429179341545478, 19.893397956719287 ], [ 73.428910695502708, 19.893670039589864 ], [ 73.428650084343971, 19.893932443161656 ], [ 73.42839119572281, 19.894192771653252 ], [ 73.428161072968948, 19.894424174091647 ], [ 73.427938406782019, 19.894656520947208 ], [ 73.427712485146046, 19.894954582686619 ], [ 73.426941241879959, 19.895891729098491 ], [ 73.426501662565684, 19.896720818193938 ], [ 73.426112883446294, 19.897777724380266 ], [ 73.425972245896574, 19.899344225311676 ], [ 73.426282059597781, 19.900318828475079 ], [ 73.427407218325968, 19.902168646010665 ], [ 73.427987662044501, 19.903598699247144 ], [ 73.427671740743918, 19.903742095273667 ], [ 73.427099266823333, 19.904778300469861 ], [ 73.425472638594442, 19.907045633122291 ], [ 73.424132904671467, 19.908696173587792 ], [ 73.422773240100469, 19.910493575276536 ], [ 73.422129039003124, 19.911761572115367 ], [ 73.422066201828144, 19.912121495409174 ], [ 73.421790324122497, 19.913701693180023 ], [ 73.421485682234618, 19.915178261716662 ], [ 73.42095719127947, 19.916253649765963 ], [ 73.421217785592319, 19.916410976039693 ], [ 73.422406594727903, 19.91707678066436 ], [ 73.423143912221278, 19.917554973613317 ], [ 73.425107712509558, 19.918879119662236 ], [ 73.425353477618671, 19.919045042206228 ], [ 73.426501727830171, 19.919392527939443 ], [ 73.426769216046083, 19.919164790679112 ], [ 73.427163453301901, 19.919473537442226 ], [ 73.428282361252016, 19.920695707751115 ], [ 73.429853887716618, 19.92232625389207 ], [ 73.431366992183712, 19.924130290185733 ], [ 73.433118379802821, 19.925770305366598 ], [ 73.433911440592581, 19.926690202419312 ], [ 73.434813994141763, 19.927664420161705 ], [ 73.435936956396958, 19.929403098342824 ], [ 73.436845410914501, 19.931039854394221 ], [ 73.438104355012868, 19.932647619082129 ], [ 73.438714681542251, 19.93349485916362 ], [ 73.439301846427028, 19.934470701067461 ], [ 73.439238853857276, 19.936805502232684 ], [ 73.439455207564563, 19.938012023529048 ], [ 73.439926761168451, 19.939362356114998 ], [ 73.440675616107796, 19.940682497788814 ], [ 73.441098834355344, 19.94168340654274 ], [ 73.441223782565871, 19.943317366795558 ], [ 73.441351387618695, 19.945805399240058 ], [ 73.44116593644425, 19.946830747900783 ], [ 73.441026105908875, 19.947080690637911 ], [ 73.440402815998198, 19.948194783494113 ], [ 73.439679849591016, 19.949385232637269 ], [ 73.439573876913855, 19.950977119691789 ], [ 73.439546059427997, 19.954951636013902 ], [ 73.439651811397439, 19.955358342860965 ], [ 73.439855830973499, 19.955667186713338 ], [ 73.440243003425508, 19.95540970429715 ], [ 73.440622509702052, 19.955138549893025 ], [ 73.440963199668914, 19.954949557457237 ], [ 73.441272451458218, 19.954788548339188 ], [ 73.441582666894092, 19.954630595888304 ], [ 73.441985596580068, 19.954481290395577 ], [ 73.442391413875924, 19.954341152693019 ], [ 73.442716067662374, 19.954229042143538 ], [ 73.443091574625839, 19.954151373557053 ], [ 73.443523069719021, 19.954132376954743 ], [ 73.443954564689136, 19.954113379103269 ], [ 73.444299760355349, 19.954098180465003 ], [ 73.444602543438961, 19.954083546229256 ], [ 73.444912701385817, 19.954055574243664 ], [ 73.445225071276212, 19.954023598610991 ], [ 73.445582066339895, 19.953987057563882 ], [ 73.445939060236881, 19.953950515620186 ], [ 73.446339066309449, 19.953916003986372 ], [ 73.446779178626386, 19.953895395644064 ], [ 73.447087033390218, 19.953881894073 ], [ 73.447482844724689, 19.953864534683426 ], [ 73.447922635579829, 19.953845248333231 ], [ 73.448318447441494, 19.953827891357388 ], [ 73.448730474505439, 19.953893886330611 ], [ 73.449108809375886, 19.954057978939904 ], [ 73.449274244030022, 19.954400207558006 ], [ 73.449628941735725, 19.954684118446437 ], [ 73.450070022985273, 19.954966840289192 ], [ 73.450364077837932, 19.955155321438678 ], [ 73.450616966766319, 19.955317417565308 ], [ 73.450889310682982, 19.95549798486433 ], [ 73.451224925187262, 19.955757130255595 ], [ 73.451533879110727, 19.956000189420369 ], [ 73.451808504484958, 19.956216239018111 ], [ 73.452083130704764, 19.956432289078794 ], [ 73.452323427839588, 19.95662133163593 ], [ 73.452632381842747, 19.956864389500073 ], [ 73.453010542947311, 19.957160675937967 ], [ 73.453328603873373, 19.957390826104415 ], [ 73.453614268038962, 19.95759123223328 ], [ 73.454007056653907, 19.957866790713304 ], [ 73.454364137559779, 19.958117297632853 ], [ 73.454685510263417, 19.958342755064109 ], [ 73.455002008333324, 19.958564790466916 ], [ 73.455180288386913, 19.958870029494516 ], [ 73.455007259234279, 19.959226489575187 ], [ 73.454853247932363, 19.95951932926517 ], [ 73.454676400816666, 19.959855587769415 ], [ 73.454519203421313, 19.960154483464329 ], [ 73.454381655965662, 19.96041601729355 ], [ 73.454281596454791, 19.960692215981577 ], [ 73.454172228689856, 19.96105487108926 ], [ 73.454050708235073, 19.961457819442511 ], [ 73.453915408192998, 19.961855230063097 ], [ 73.453740105831471, 19.962146211871737 ], [ 73.453551023762287, 19.962431656636564 ], [ 73.453310648135101, 19.962706901115673 ], [ 73.45298327396047, 19.962762942458728 ], [ 73.45260460659685, 19.962808786379213 ], [ 73.452225938972617, 19.962854629339681 ], [ 73.451895372146794, 19.962906956533843 ], [ 73.45166714615344, 19.963069964684976 ], [ 73.451457001179747, 19.963267705364817 ], [ 73.451220628629528, 19.963499648677008 ], [ 73.450999429393505, 19.963755407027946 ], [ 73.450779493933723, 19.964013149052299 ], [ 73.450525467019176, 19.964297307761115 ], [ 73.450193902669781, 19.96462607671408 ], [ 73.449800754546942, 19.965013479720735 ], [ 73.449528573657929, 19.965281679871733 ], [ 73.449286636432802, 19.965520082002879 ], [ 73.449014457312259, 19.965788282451928 ], [ 73.44871203676621, 19.966086283875995 ], [ 73.44843985815443, 19.966354485405386 ], [ 73.448269964244176, 19.966598751575777 ], [ 73.448422404862995, 19.966938451172989 ], [ 73.448589040899876, 19.967311903492334 ], [ 73.448769255546836, 19.967732694615002 ], [ 73.44894188517577, 19.96810965529825 ], [ 73.449120860179448, 19.968433959141727 ], [ 73.449261203029309, 19.968685472209362 ], [ 73.449386099310118, 19.968943308748226 ], [ 73.449479013154772, 19.96930251442982 ], [ 73.449576530229834, 19.969703975000446 ], [ 73.449674047011953, 19.970105433804143 ], [ 73.449761811475881, 19.970466746312816 ], [ 73.449849576506153, 19.970828057076012 ], [ 73.4499665953754, 19.971309804203646 ], [ 73.450047538073022, 19.971711561075391 ], [ 73.450027579477378, 19.972074836199123 ], [ 73.449995108460996, 19.972398014747135 ], [ 73.44996669675416, 19.972680797008852 ], [ 73.449912459462652, 19.973002471901605 ], [ 73.449826953668236, 19.973362667559151 ], [ 73.449750949582153, 19.973682840595988 ], [ 73.449665444020809, 19.974043033716303 ], [ 73.449601456796415, 19.974405052074474 ], [ 73.449633043010238, 19.974734349135531 ], [ 73.449681491713434, 19.975146731375805 ], [ 73.449729939835919, 19.975559111906662 ], [ 73.449765273286701, 19.97584788681996 ], [ 73.449812675194224, 19.97613759559982 ], [ 73.449861496564267, 19.976427413801286 ], [ 73.449910318191854, 19.97671723116008 ], [ 73.449959138135071, 19.977007047590778 ], [ 73.450015982533742, 19.977338098540326 ], [ 73.450096065346344, 19.977707930673766 ], [ 73.450163249463643, 19.977994789413621 ], [ 73.450230434796183, 19.978281649173404 ], [ 73.450316815218088, 19.97865046679825 ], [ 73.450422391002917, 19.979101243271394 ], [ 73.450518368648474, 19.97951103814238 ], [ 73.45061434692974, 19.979920832215974 ], [ 73.450719922966996, 19.980371605343198 ], [ 73.450794534014975, 19.980739354737125 ], [ 73.450845605553425, 19.981104977908672 ], [ 73.450902352816485, 19.981511225549994 ], [ 73.45094774960701, 19.981836221880759 ], [ 73.450982095567355, 19.982158546389819 ], [ 73.450872768423679, 19.982446146589471 ], [ 73.450697131062725, 19.982717720518988 ], [ 73.450477584263339, 19.983057184112351 ], [ 73.45025797845814, 19.983333253180454 ], [ 73.449967146242756, 19.983507091832571 ], [ 73.449705399294743, 19.98330032017757 ], [ 73.449507383521436, 19.983047791068739 ], [ 73.449275600829509, 19.982791663178237 ], [ 73.448827660372174, 19.982657508476539 ], [ 73.448315341737199, 19.982621688724635 ], [ 73.447795530981097, 19.982626572995141 ], [ 73.44737819064629, 19.982646662040818 ], [ 73.447054566941034, 19.982632265180758 ], [ 73.446757792766917, 19.982481699117951 ], [ 73.446389620681273, 19.982279308874041 ], [ 73.445988154338806, 19.98205685438268 ], [ 73.445633761949665, 19.981820224972008 ], [ 73.445280722083012, 19.981570659967929 ], [ 73.444996279029041, 19.981369585194066 ], [ 73.444676278881644, 19.981143376736469 ], [ 73.444356279866355, 19.980917166729405 ], [ 73.444000897052106, 19.980670454356019 ], [ 73.443668919470667, 19.980454842209586 ], [ 73.44333198969035, 19.980273603815554 ], [ 73.443028814849498, 19.980112877665512 ], [ 73.442760248570067, 19.979979509653464 ], [ 73.442369850844358, 19.979907704755711 ], [ 73.441925115682494, 19.979852147313046 ], [ 73.441613801355459, 19.979813256962377 ], [ 73.441302487164904, 19.979774366881028 ], [ 73.440902857390157, 19.979740619133583 ], [ 73.440462128580634, 19.979788003920753 ], [ 73.44002161011278, 19.97984080821098 ], [ 73.43962514291988, 19.979888330581403 ], [ 73.439272727976757, 19.979930573261615 ], [ 73.438964364441517, 19.979967535602587 ], [ 73.438611425989265, 19.980010418847968 ], [ 73.43830078888152, 19.980050162071731 ], [ 73.437901174910593, 19.980101535977525 ], [ 73.437457159735757, 19.980158617793073 ], [ 73.437146347759949, 19.980198575425263 ], [ 73.436746733733798, 19.980249949040711 ], [ 73.436302718450065, 19.980307029304754 ], [ 73.43594807448288, 19.980353690634299 ], [ 73.435513737350504, 19.980427700258655 ], [ 73.435081106164503, 19.980504697539327 ], [ 73.434735002409269, 19.980566294532704 ], [ 73.434432160784823, 19.980620193060606 ], [ 73.434086057264594, 19.980681791351518 ], [ 73.433610163557617, 19.980766487543658 ], [ 73.433177533828641, 19.980843484088002 ], [ 73.432788166285732, 19.980912781273847 ], [ 73.432357948313125, 19.98099434577307 ], [ 73.431896702335493, 19.981196356539371 ], [ 73.431561624225424, 19.981368416231398 ], [ 73.431263777667141, 19.98152135814626 ], [ 73.430968270298123, 19.981696711323671 ], [ 73.43067416545567, 19.981885511211416 ], [ 73.430306532676667, 19.982121511664946 ], [ 73.429902139308822, 19.982381111003324 ], [ 73.429608034311968, 19.982569909974 ], [ 73.429350692785846, 19.982735109939444 ], [ 73.429019823623079, 19.982947509130049 ], [ 73.428725718992823, 19.983136307522226 ], [ 73.428468377220312, 19.983301506151413 ], [ 73.428211034764132, 19.983466705283988 ], [ 73.427953692686046, 19.983631903126572 ], [ 73.427622824803706, 19.983844301515632 ], [ 73.427271081259846, 19.984103070778517 ], [ 73.426929929906109, 19.984377022610389 ], [ 73.426588779091148, 19.984650973828558 ], [ 73.426281743022756, 19.984897529549023 ], [ 73.426042937402229, 19.985089294250557 ], [ 73.425804131974431, 19.985281060488248 ], [ 73.425548210354677, 19.985511996198532 ], [ 73.425241054492133, 19.985809499545926 ], [ 73.42490318331086, 19.986136750573539 ], [ 73.424596028541998, 19.986434251128689 ], [ 73.424258158030156, 19.986761502005315 ], [ 73.423920286919895, 19.987088750438968 ], [ 73.423674561829316, 19.987326749829144 ], [ 73.423447525438121, 19.987578945859859 ], [ 73.423260979482663, 19.987861903217411 ], [ 73.423100476611779, 19.988111558268994 ], [ 73.42287118590022, 19.988468210795237 ], [ 73.422641895993692, 19.98882486135637 ], [ 73.422458464710914, 19.989110182269968 ], [ 73.422275033704111, 19.989395501252936 ], [ 73.422108932047763, 19.989640726083984 ], [ 73.421928835338974, 19.989874874704935 ], [ 73.421671552547409, 19.990209372167463 ], [ 73.421388542475356, 19.990577317825327 ], [ 73.421156987107977, 19.990878363541395 ], [ 73.420925432590735, 19.99117940999972 ], [ 73.420668149796342, 19.991513902745314 ], [ 73.420462322539706, 19.991781498545279 ], [ 73.420279951863449, 19.992062274890049 ], [ 73.420116490470164, 19.992449494368778 ], [ 73.419940983540656, 19.992877851849638 ], [ 73.419781431141999, 19.993267266327358 ], [ 73.419669744786304, 19.993539856404649 ], [ 73.419558058018922, 19.993812445560597 ], [ 73.419446370885083, 19.994085032877301 ], [ 73.419334684265309, 19.994357620233611 ], [ 73.41922299714291, 19.99463020850466 ], [ 73.419111311505674, 19.994902796858305 ], [ 73.418929865514514, 19.995279222913535 ], [ 73.418726524725031, 19.995642663017815 ], [ 73.418563851886177, 19.99593341484659 ], [ 73.41842151441891, 19.996187822132846 ], [ 73.418258841264944, 19.996478572925078 ], [ 73.418096169343002, 19.99676932371705 ], [ 73.417936615432396, 19.997054497890897 ], [ 73.417780179527711, 19.99733409636957 ], [ 73.417623742966299, 19.997613694768578 ], [ 73.417459070649116, 19.997931492576861 ], [ 73.417452861830895, 19.998294781904534 ], [ 73.41747752646134, 19.998626371455057 ], [ 73.41749911010713, 19.998916511459083 ], [ 73.417526859140338, 19.99928954827525 ], [ 73.417508952194439, 19.999688048166526 ], [ 73.417623116363401, 20.000583564972985 ], [ 73.41764907596523, 20.001044710302072 ], [ 73.417645038913591, 20.001943135864956 ], [ 73.417676298561645, 20.003043010072613 ], [ 73.417693186630004, 20.003417958757641 ], [ 73.417503019802581, 20.003834193084494 ], [ 73.417311241481187, 20.004273971 ], [ 73.417007964850541, 20.004942539512754 ], [ 73.415472110097866, 20.006116277367941 ], [ 73.41512592554092, 20.006772413502219 ], [ 73.414930118483554, 20.007208346698981 ], [ 73.414796378496305, 20.007603686868109 ], [ 73.414739193593604, 20.007962664667829 ], [ 73.414717909310212, 20.009040076398417 ], [ 73.414680027523573, 20.010033855209784 ], [ 73.414901619650678, 20.011646696027796 ], [ 73.413710442087449, 20.011535927731511 ], [ 73.413227851880123, 20.011545044618956 ], [ 73.412831193669504, 20.011618503421278 ], [ 73.41172043473631, 20.012435103664881 ], [ 73.411123220524829, 20.012875733492148 ], [ 73.410604928891644, 20.01325976930919 ], [ 73.410091288733753, 20.013639269267131 ], [ 73.409002040898585, 20.014791309850349 ], [ 73.407661639566882, 20.014782511240192 ], [ 73.407735935070718, 20.015308787707671 ], [ 73.407789754166657, 20.015916322334299 ], [ 73.4076357352358, 20.01623697111355 ], [ 73.407413641831567, 20.016456065757499 ], [ 73.407196276407902, 20.01677124346164 ], [ 73.407179566385992, 20.017068251360918 ], [ 73.407141470931535, 20.017391178644832 ], [ 73.407067487023028, 20.01766237146526 ], [ 73.406888389768071, 20.018052944610783 ], [ 73.406697294303925, 20.018294665181944 ], [ 73.406440433404128, 20.01853747591128 ], [ 73.405968600842883, 20.018708111142772 ], [ 73.405681848247198, 20.018778137229056 ], [ 73.405319866506332, 20.018783551431401 ], [ 73.404869579168647, 20.018392017674913 ], [ 73.40451823466492, 20.01803511524384 ], [ 73.404202643545972, 20.017767681446244 ], [ 73.403990020224356, 20.017601773829085 ], [ 73.402535003075855, 20.017640302274341 ], [ 73.401555288045401, 20.017669873265433 ], [ 73.401058191296002, 20.017690273743622 ], [ 73.400575598184929, 20.017755844404412 ], [ 73.400116855031015, 20.017581953495888 ], [ 73.399713055350432, 20.01744656681392 ], [ 73.399290209105033, 20.017277117024001 ], [ 73.398876699825763, 20.017152981677029 ], [ 73.398520768126915, 20.017022102409701 ], [ 73.398064318150261, 20.016855025027578 ], [ 73.397657424923665, 20.016744126617795 ], [ 73.397381874221708, 20.016599918668156 ], [ 73.397098291392538, 20.016482646936648 ], [ 73.39677382965175, 20.016364346400987 ], [ 73.396507536442712, 20.016264598020182 ], [ 73.396209339681917, 20.016151453684106 ], [ 73.395893259175196, 20.016029356725419 ], [ 73.395586688927708, 20.015930827719799 ], [ 73.395317843564428, 20.01584260283278 ], [ 73.394952138503314, 20.015701604337121 ], [ 73.394597220154211, 20.015567478629414 ], [ 73.394231648798993, 20.015430365098872 ], [ 73.39390669591296, 20.015308485922766 ], [ 73.393622161735536, 20.015202448953637 ], [ 73.393294597218031, 20.015088452548298 ], [ 73.39296643098379, 20.014976273450323 ], [ 73.392638823805015, 20.014863765113088 ], [ 73.39231792092788, 20.014747318396694 ], [ 73.391958790954121, 20.014615205797739 ], [ 73.391614199306474, 20.014486782726642 ], [ 73.391307131205508, 20.01433054666882 ], [ 73.391157893411076, 20.014044685133392 ], [ 73.390981234884748, 20.01371446050462 ], [ 73.390643632275953, 20.013483265089373 ], [ 73.390210781363663, 20.013731140422014 ], [ 73.38978198181205, 20.014006024403766 ], [ 73.389349816025899, 20.014257067185408 ], [ 73.389035317897495, 20.014438735213769 ], [ 73.388757239536403, 20.014601936870331 ], [ 73.388409345493216, 20.014804320788588 ], [ 73.388086620320053, 20.014984401860023 ], [ 73.38783709530496, 20.01513070458704 ], [ 73.387558109080572, 20.015298226908737 ], [ 73.387226489504329, 20.01550535612531 ], [ 73.386914425197617, 20.015686524666659 ], [ 73.386548153945782, 20.015867754454163 ], [ 73.386191860084736, 20.016091899477157 ], [ 73.385796709477049, 20.016319320783261 ], [ 73.385444113136174, 20.016514715297316 ], [ 73.385199555615429, 20.01665946632237 ], [ 73.384912953343914, 20.016824266752192 ], [ 73.384665567520074, 20.016973154993188 ], [ 73.38441645149689, 20.017126876434592 ], [ 73.384156225816781, 20.017281914776952 ], [ 73.383896839939752, 20.017434283175756 ], [ 73.383569472408894, 20.017603943927718 ], [ 73.383173018777939, 20.0178466359684 ], [ 73.382856392605177, 20.018037232968972 ], [ 73.382556592379672, 20.018199778673775 ], [ 73.382227219922058, 20.01838914670326 ], [ 73.381930308593581, 20.018571082224092 ], [ 73.381631433244991, 20.018749293841321 ], [ 73.381291684453444, 20.01893812447782 ], [ 73.38100022238784, 20.019102728967159 ], [ 73.380760870096282, 20.019243049270759 ], [ 73.380526912216908, 20.019381763287694 ], [ 73.380207108386884, 20.019572466196426 ], [ 73.379849625738316, 20.01978225539138 ], [ 73.379483035753708, 20.019991369468869 ], [ 73.379095382433135, 20.020274839798823 ], [ 73.378779890023608, 20.020439377061745 ], [ 73.378514607487958, 20.020520854798232 ], [ 73.378170354564602, 20.020633420032595 ], [ 73.377895329802968, 20.02072188127617 ], [ 73.377608455496485, 20.020807686184998 ], [ 73.377234218646521, 20.020922690492903 ], [ 73.376863796532106, 20.021041617421332 ], [ 73.376588960148482, 20.021132887293351 ], [ 73.376318019470062, 20.021223799027648 ], [ 73.376047657080605, 20.021314330256892 ], [ 73.37578220724933, 20.021401637478473 ], [ 73.375471166236522, 20.021505536312279 ], [ 73.375009748379, 20.021661094168536 ], [ 73.374621717179636, 20.021788518048453 ], [ 73.374237443193834, 20.021928465634517 ], [ 73.373841205333804, 20.021925956457086 ], [ 73.37351536542856, 20.02180903809607 ], [ 73.373189527021012, 20.021692119998807 ], [ 73.372904417426739, 20.021589816026655 ], [ 73.372612973100075, 20.021449022570604 ], [ 73.372280659025165, 20.021281127342977 ], [ 73.37195459640381, 20.021144228115094 ], [ 73.37162853436142, 20.021007330030248 ], [ 73.371343230334347, 20.020887542129454 ], [ 73.371057925757782, 20.020767755490873 ], [ 73.370731863570668, 20.020630856331682 ], [ 73.370324570108608, 20.020461845471957 ], [ 73.369918269310247, 20.020300225394379 ], [ 73.369552727268825, 20.020155717470015 ], [ 73.369181013981404, 20.020037686058238 ], [ 73.368825226763633, 20.020041615832241 ], [ 73.368467382778135, 20.02005437057182 ], [ 73.368020078591101, 20.020070314438389 ], [ 73.367572773279875, 20.020086257837761 ], [ 73.367170197858499, 20.020100607013518 ], [ 73.366767624247245, 20.020114956106831 ], [ 73.366369860569577, 20.020137092392847 ], [ 73.366033198333128, 20.020332164944559 ], [ 73.365854780639481, 20.020561397419812 ], [ 73.365676362377286, 20.020790628819935 ], [ 73.365472456969385, 20.021052607719447 ], [ 73.365218720308121, 20.021380550284583 ], [ 73.364969288954555, 20.021753437000353 ], [ 73.364773956665331, 20.022056966159255 ], [ 73.36456963618069, 20.022350386143138 ], [ 73.364319930427314, 20.022731981539845 ], [ 73.364092930616323, 20.023086717154289 ], [ 73.363888631551234, 20.023405978095347 ], [ 73.363707032541342, 20.02368976529457 ], [ 73.363457333211628, 20.024079973189014 ], [ 73.363226122160881, 20.024448433147658 ], [ 73.363102742381614, 20.024773786744671 ], [ 73.363072192838302, 20.025133352035542 ], [ 73.363077831166123, 20.025461471185373 ], [ 73.363082764107219, 20.0257485757386 ], [ 73.363087697161106, 20.026035678543966 ], [ 73.363092630236324, 20.026322781437607 ], [ 73.363118913735676, 20.026687616697085 ], [ 73.363272192541501, 20.027066257396051 ], [ 73.363480056728875, 20.027515467697377 ], [ 73.363653277232515, 20.027889811060305 ], [ 73.36384649763805, 20.028296696235369 ], [ 73.363977628638423, 20.028612484379099 ], [ 73.364232352704931, 20.028863331590482 ], [ 73.364247406594785, 20.029156576768745 ], [ 73.364303706369498, 20.029524680170283 ], [ 73.364349222522733, 20.029853625629077 ], [ 73.364394739918012, 20.030182570315134 ], [ 73.36439113685519, 20.030542905708941 ], [ 73.364263088399042, 20.030841043527928 ], [ 73.364125905670534, 20.031137559953567 ], [ 73.363971573682221, 20.031471140058365 ], [ 73.363852235656694, 20.031730724979926 ], [ 73.363738831729947, 20.031991445573119 ], [ 73.363593924307949, 20.032326828414259 ], [ 73.363432915502528, 20.032699474369085 ], [ 73.363288007556775, 20.033034856292371 ], [ 73.363137624419949, 20.033368562640078 ], [ 73.362973092342529, 20.033697944456549 ], [ 73.362826030852105, 20.033990480219408 ], [ 73.362651244009768, 20.03424533951295 ], [ 73.362238732560854, 20.034399765122998 ], [ 73.361837287864304, 20.034626330405736 ], [ 73.361569411996143, 20.034873139505034 ], [ 73.361330286118118, 20.035136095363601 ], [ 73.361069582665451, 20.035441047618711 ], [ 73.360819076456252, 20.035615013985876 ], [ 73.360506003510224, 20.035763230571096 ], [ 73.360182304216906, 20.035884231308902 ], [ 73.359815155550578, 20.036012702702937 ], [ 73.359407538366113, 20.036154283164766 ], [ 73.359012897329521, 20.036283043517617 ], [ 73.358770211083652, 20.036519276893006 ], [ 73.358588324801858, 20.036771590404999 ], [ 73.358364186648032, 20.037011782209049 ], [ 73.358176964082247, 20.037251897179949 ], [ 73.358076859228845, 20.037540210706137 ], [ 73.358011531990385, 20.037892155603416 ], [ 73.358022261616767, 20.038225298819459 ], [ 73.358035360740047, 20.038543157317758 ], [ 73.3580527614901, 20.038883557804603 ], [ 73.358061423882219, 20.039198981953231 ], [ 73.357993145564379, 20.039528015210941 ], [ 73.357889270829986, 20.039813870284263 ], [ 73.357755802809805, 20.040076108279564 ], [ 73.357575778890066, 20.040303950153643 ], [ 73.357305752290372, 20.040496777007967 ], [ 73.35685645180952, 20.040626694245709 ], [ 73.356322196961045, 20.040652681638502 ], [ 73.355947941518295, 20.040623489885601 ], [ 73.355602740324443, 20.040575102363618 ], [ 73.355257539473172, 20.04052671220871 ], [ 73.354912339706729, 20.040478324054561 ], [ 73.354477927857516, 20.040410195200867 ], [ 73.354083027168542, 20.040338563769321 ], [ 73.353688126812742, 20.040266933133342 ], [ 73.35324934861363, 20.04018734198737 ], [ 73.352767721460992, 20.040096854720087 ], [ 73.352471898624955, 20.04000881871719 ], [ 73.352179163888692, 20.039911966416529 ], [ 73.351802789022273, 20.039787441887906 ], [ 73.351306939720786, 20.039610095265587 ], [ 73.35091147599347, 20.039428739441956 ], [ 73.350614951237517, 20.039261423770263 ], [ 73.350203573448724, 20.038977726949874 ], [ 73.349922737508066, 20.03871604541315 ], [ 73.349712908693803, 20.03849685638593 ], [ 73.349504497012703, 20.038277514123173 ], [ 73.349283118380157, 20.038025007368411 ], [ 73.349019143261415, 20.03772008145479 ], [ 73.348768387186425, 20.037435520083175 ], [ 73.34847718464863, 20.037104465993334 ], [ 73.348236708417872, 20.036830958653653 ], [ 73.347897065600534, 20.036540842670572 ], [ 73.347456361254956, 20.036299060706288 ], [ 73.34709735464304, 20.036209796982344 ], [ 73.346679028809206, 20.03622791592343 ], [ 73.346246447279427, 20.036365054037816 ], [ 73.345944910661657, 20.036499675020369 ], [ 73.345683730581825, 20.036622205488186 ], [ 73.345445195263167, 20.036785019681705 ], [ 73.34523895440033, 20.036981779616376 ], [ 73.345054933715417, 20.03720044674963 ], [ 73.344818337731255, 20.037481589815918 ], [ 73.344586285892319, 20.037765177010208 ], [ 73.344401115215049, 20.038114987665679 ], [ 73.344232795972459, 20.038443187137535 ], [ 73.344078658544987, 20.038706261397579 ], [ 73.343791883751692, 20.039058503916305 ], [ 73.343486663212843, 20.039350674626021 ], [ 73.3432113451113, 20.039591483005029 ], [ 73.342922558365387, 20.039823352994688 ], [ 73.342526573309243, 20.040078195328434 ], [ 73.342129755032545, 20.040318876828412 ], [ 73.341813707736407, 20.040492254804242 ], [ 73.341461451720548, 20.040665535696288 ], [ 73.34109633026776, 20.040789463244636 ], [ 73.340808247297431, 20.040857918250481 ], [ 73.340390605336452, 20.040957069866113 ], [ 73.339922418578936, 20.041075371614983 ], [ 73.339598791561215, 20.041166926402941 ], [ 73.339315617527006, 20.041247036847313 ], [ 73.338992797326796, 20.041338793905286 ], [ 73.338679675569068, 20.041432949290019 ], [ 73.338330139740975, 20.04153955064757 ], [ 73.337974098658165, 20.041646732582787 ], [ 73.337594646771038, 20.041828992757335 ], [ 73.337240083449572, 20.042121768690798 ], [ 73.336983006506927, 20.042392260423856 ], [ 73.336738813995339, 20.042623219665224 ], [ 73.3364319028164, 20.04284280896578 ], [ 73.336092601186465, 20.043076286200261 ], [ 73.33585518030867, 20.043239172947509 ], [ 73.335474270930206, 20.043499961687996 ], [ 73.335152917350584, 20.043719318565401 ], [ 73.334902616985985, 20.043890148969467 ], [ 73.334653769984541, 20.044060874735688 ], [ 73.33440976518132, 20.044231251843968 ], [ 73.334059695491462, 20.044475009558138 ], [ 73.333735669625355, 20.044696069752245 ], [ 73.333481948644405, 20.044868324887112 ], [ 73.333228228949892, 20.045040579708775 ], [ 73.33290525726639, 20.045256614790667 ], [ 73.332592356738175, 20.045450932637031 ], [ 73.33227001231532, 20.045611784160137 ], [ 73.331937921905364, 20.045692514311696 ], [ 73.331596048976422, 20.045607746831386 ], [ 73.331243322427753, 20.045371242745667 ], [ 73.331010262444309, 20.045064782470952 ], [ 73.33084125843817, 20.044782633499008 ], [ 73.330756618700931, 20.044401854411358 ], [ 73.330761115699516, 20.043952645571409 ], [ 73.330808378338304, 20.043606783505833 ], [ 73.330858138135241, 20.043297788095082 ], [ 73.330904706678069, 20.042981225551934 ], [ 73.330954943955263, 20.042619981174262 ], [ 73.331008613151667, 20.042230918304394 ], [ 73.331019529039438, 20.041763166002987 ], [ 73.330514402691421, 20.041629067372 ], [ 73.330025504944388, 20.041635421387191 ], [ 73.329581052915998, 20.04164119857106 ], [ 73.329136600803025, 20.041646975348055 ], [ 73.328647703665823, 20.041653329478979 ], [ 73.32815880643588, 20.041659682924816 ], [ 73.327803243864452, 20.041664305073919 ], [ 73.327492128253382, 20.041668347222956 ], [ 73.327136565589583, 20.041672968700137 ], [ 73.326736559841777, 20.041678167525603 ], [ 73.326380997079553, 20.041682788119008 ], [ 73.326025436097424, 20.041687410705656 ], [ 73.325580984140885, 20.041693187025313 ], [ 73.325092086065766, 20.041699541431548 ], [ 73.324603188915461, 20.041705894278195 ], [ 73.324247626792356, 20.041710513499577 ], [ 73.323892065523907, 20.041715133752671 ], [ 73.323536503213319, 20.041719754032304 ], [ 73.323180941849458, 20.041724373507535 ], [ 73.322781646496949, 20.04174042697003 ], [ 73.322385673398983, 20.041807144265071 ], [ 73.322033907016873, 20.041869664472028 ], [ 73.321726112300951, 20.041924370521986 ], [ 73.321330374048699, 20.041994706124299 ], [ 73.320978609451558, 20.042057226738685 ], [ 73.320538902951782, 20.042135377252574 ], [ 73.320099194872142, 20.042213528268633 ], [ 73.31965948729389, 20.042291677120009 ], [ 73.319307720897243, 20.042354198402098 ], [ 73.31899992667114, 20.042408902655062 ], [ 73.318692130203175, 20.042463607106654 ], [ 73.31825242268566, 20.042541756506452 ], [ 73.317812714605822, 20.042619905533957 ], [ 73.317420543396182, 20.042701961427124 ], [ 73.316992719535293, 20.042819185691336 ], [ 73.316522114259413, 20.04294813115558 ], [ 73.316051507887579, 20.043077078824297 ], [ 73.315580901621743, 20.043206024150859 ], [ 73.315195860004962, 20.043311526900549 ], [ 73.31481081976699, 20.043417027836902 ], [ 73.314425778734332, 20.043522531462898 ], [ 73.314049571096135, 20.043646574334812 ], [ 73.313735280800671, 20.043799061836861 ], [ 73.313422464259887, 20.043954641143387 ], [ 73.31307054434383, 20.044129666054896 ], [ 73.312757727221069, 20.044285244065204 ], [ 73.312405808471837, 20.044460267600268 ], [ 73.311975684546795, 20.044674187862164 ], [ 73.311618259432123, 20.044908616542678 ], [ 73.311395033261633, 20.045170746559563 ], [ 73.311171807183683, 20.045432876359165 ], [ 73.310948581198176, 20.045695005941486 ], [ 73.310729346403321, 20.045952447993507 ], [ 73.310508142678955, 20.046212200177202 ], [ 73.310263026604574, 20.046500032425097 ], [ 73.31002410091584, 20.046791410649945 ], [ 73.309901545702019, 20.047054288185585 ], [ 73.309782706135323, 20.047366878341428 ], [ 73.309649011557156, 20.047718542420064 ], [ 73.309545026391675, 20.047992056888972 ], [ 73.309426186214708, 20.048304645280762 ], [ 73.30928595503967, 20.04869761375528 ], [ 73.309214254437094, 20.049022851885873 ], [ 73.309158796383642, 20.049309391345453 ], [ 73.309095415062018, 20.04963686192287 ], [ 73.309039955710219, 20.049923397809874 ], [ 73.308984497045046, 20.050209934725483 ], [ 73.308921115004551, 20.050537402788901 ], [ 73.308865656012557, 20.050823936175558 ], [ 73.308810197614875, 20.051110472426846 ], [ 73.308746817723744, 20.051437939025153 ], [ 73.308656273181072, 20.051709587272036 ], [ 73.308478014621599, 20.051944023380475 ], [ 73.308274288958899, 20.052211950003713 ], [ 73.308045097920754, 20.05251336531715 ], [ 73.30779043903361, 20.052848272820608 ], [ 73.307586713610519, 20.053116197057197 ], [ 73.307408454291476, 20.053350630532822 ], [ 73.307198289101208, 20.053539873013722 ], [ 73.306784102756751, 20.053648813883722 ], [ 73.30645647225397, 20.053849272599109 ], [ 73.306196175695746, 20.053803451559489 ], [ 73.305854073198205, 20.053893433166628 ], [ 73.305511970192043, 20.053983414915535 ], [ 73.305212630156461, 20.054062148560355 ], [ 73.30478500216266, 20.054174624352004 ], [ 73.304357373353938, 20.054287100766825 ], [ 73.304015271146881, 20.054377081086393 ], [ 73.30363650188265, 20.05449253440975 ], [ 73.303273481437856, 20.054644734354472 ], [ 73.302951699077113, 20.054782129070485 ], [ 73.302629916931352, 20.054919524991892 ], [ 73.30234835809047, 20.055039746148573 ], [ 73.302066799666378, 20.055159967750701 ], [ 73.301704794391753, 20.055314537717067 ], [ 73.301342790219678, 20.055469106917322 ], [ 73.3009807860861, 20.055623677143846 ], [ 73.300535164536115, 20.055807240631953 ], [ 73.300239865043693, 20.055904261099048 ], [ 73.299943507843182, 20.055999498075572 ], [ 73.299604814041487, 20.056108340312079 ], [ 73.299266120657592, 20.056217181835425 ], [ 73.298885089424147, 20.0563396281966 ], [ 73.298504059340374, 20.056462075523552 ], [ 73.298123028509522, 20.056584522810734 ], [ 73.297741997949259, 20.0567069691839 ], [ 73.297318630969059, 20.056843020761804 ], [ 73.296937600779899, 20.056965467036559 ], [ 73.296641243388933, 20.057060704201952 ], [ 73.296217876842363, 20.057196757426997 ], [ 73.295752173391236, 20.05734641519463 ], [ 73.295371143975586, 20.057468862297032 ], [ 73.29498289875059, 20.057543269177479 ], [ 73.29462977449252, 20.057556027616446 ], [ 73.294276651138304, 20.057568785263005 ], [ 73.293879386665182, 20.057583139233515 ], [ 73.293482121088516, 20.057597493020111 ], [ 73.293040716390436, 20.057613440911691 ], [ 73.292511029697181, 20.057632575511668 ], [ 73.292025483624485, 20.057650118058447 ], [ 73.291672359493518, 20.057662875046859 ], [ 73.291317961583417, 20.057656495724281 ], [ 73.290916877418951, 20.057613437303239 ], [ 73.290560357762544, 20.057575161605925 ], [ 73.290248403370157, 20.057541671749327 ], [ 73.289891883912901, 20.057503398128777 ], [ 73.289401670248438, 20.057450770292615 ], [ 73.289000585195154, 20.057407710310972 ], [ 73.288644066270166, 20.057369437384459 ], [ 73.288332111684994, 20.057335947154396 ], [ 73.288020156192616, 20.057302458065244 ], [ 73.287663636767135, 20.057264184591123 ], [ 73.287307116482438, 20.057225912058374 ], [ 73.286906032413441, 20.057182853797233 ], [ 73.286477390565082, 20.057103860739208 ], [ 73.286247639803818, 20.056919800728721 ], [ 73.286034896851902, 20.05670458720806 ], [ 73.285791762297009, 20.056458629349262 ], [ 73.285579019801105, 20.056243416157997 ], [ 73.285335885033831, 20.055997456670848 ], [ 73.28506235819323, 20.05572075351748 ], [ 73.28478883156437, 20.055444048981933 ], [ 73.284515305147181, 20.055167343064248 ], [ 73.284302562891867, 20.054952128172268 ], [ 73.284089819427521, 20.054736912020381 ], [ 73.283785901637032, 20.054429460470896 ], [ 73.283542766648011, 20.054183499146095 ], [ 73.283299631585777, 20.053937537445456 ], [ 73.283026105483245, 20.053660829894795 ], [ 73.282783906513146, 20.053413972908565 ], [ 73.282581449572533, 20.053188919432564 ], [ 73.282381797761289, 20.05296118301036 ], [ 73.282153626255351, 20.052700914446213 ], [ 73.281896931688806, 20.052408109788839 ], [ 73.281611716241812, 20.052082771763125 ], [ 73.281383542981899, 20.051822500208864 ], [ 73.281126849859447, 20.051529694412022 ], [ 73.280818579908228, 20.051169203175199 ], [ 73.280637230412481, 20.050794167836177 ], [ 73.280503535573089, 20.050442511014161 ], [ 73.280354985376945, 20.050051781478256 ], [ 73.28020643517398, 20.049661050077148 ], [ 73.280058212433858, 20.049318600809812 ], [ 73.279734997486457, 20.048990105779062 ], [ 73.279495416938687, 20.048802553310082 ], [ 73.279153158009748, 20.048534622350946 ], [ 73.278845124824116, 20.048293481245217 ], [ 73.278537091643571, 20.048052342275341 ], [ 73.27806846122202, 20.047876125488077 ], [ 73.277673546937223, 20.047852939758748 ], [ 73.277322512461808, 20.047832329256515 ], [ 73.27692759834396, 20.047809143388502 ], [ 73.276576563081591, 20.047788532005132 ], [ 73.276186902388588, 20.047738985746264 ], [ 73.275879501932053, 20.047888669171222 ], [ 73.275572585368323, 20.04812456728536 ], [ 73.27519746487512, 20.048412887809818 ], [ 73.274822344746696, 20.04870120664874 ], [ 73.274549529070853, 20.048910891117185 ], [ 73.274320242464356, 20.049105963105312 ], [ 73.274030292091993, 20.04936273405356 ], [ 73.273740342544286, 20.049619504595942 ], [ 73.273444397083452, 20.049881583682954 ], [ 73.27319038757102, 20.050106524539224 ], [ 73.272864435068229, 20.05039517674124 ], [ 73.272538483187972, 20.050683826571106 ], [ 73.27217993467697, 20.051001340764056 ], [ 73.271821387323882, 20.051318855251854 ], [ 73.271528031246305, 20.051578639367051 ], [ 73.27129986526441, 20.051780693358801 ], [ 73.271071698589978, 20.05198274704485 ], [ 73.270843532148106, 20.052184801387167 ], [ 73.270615367049544, 20.052386853675447 ], [ 73.270354605156712, 20.052617772131679 ], [ 73.270061248166286, 20.05287755485779 ], [ 73.269800487312338, 20.053108471679209 ], [ 73.269572320944505, 20.053310523575856 ], [ 73.269311559319661, 20.053541440610562 ], [ 73.269050798733275, 20.053772357333774 ], [ 73.268790037242312, 20.054003273657699 ], [ 73.268561871693692, 20.054205324376124 ], [ 73.268305382969473, 20.054439786077044 ], [ 73.268068831602562, 20.054690798974988 ], [ 73.267865588571127, 20.054913538109879 ], [ 73.267604276054527, 20.055199917105394 ], [ 73.267342963431716, 20.055486294856102 ], [ 73.267110685778121, 20.055740852803165 ], [ 73.266849372974974, 20.056027229941471 ], [ 73.26661709542347, 20.056281786435868 ], [ 73.266413852392205, 20.056504524188458 ], [ 73.266123504897521, 20.056822719839541 ], [ 73.265804123243612, 20.057172733522087 ], [ 73.265513775795569, 20.057490927425686 ], [ 73.265281498040963, 20.0577454815373 ], [ 73.265078254426953, 20.057968217991718 ], [ 73.26484597699644, 20.058222770723816 ], [ 73.264584664212464, 20.058509144170124 ], [ 73.264352386791145, 20.05876369728562 ], [ 73.264149144093977, 20.058986430136272 ], [ 73.263887831319764, 20.059272800889463 ], [ 73.263626518346555, 20.059559172233872 ], [ 73.263423275163802, 20.059781904371274 ], [ 73.263190998159061, 20.060036456241523 ], [ 73.262929685195729, 20.060322824892818 ], [ 73.262726442596048, 20.060545556392899 ], [ 73.262494163991263, 20.060800105592076 ], [ 73.262261886394796, 20.061054655504094 ], [ 73.262029608881747, 20.061309205167149 ], [ 73.261768296798053, 20.061595571515898 ], [ 73.261536018415555, 20.061850119682166 ], [ 73.261332775085449, 20.062072848901682 ], [ 73.261129532046894, 20.062295577940812 ], [ 73.260926289299888, 20.062518306799564 ], [ 73.260694011630363, 20.062772853161334 ], [ 73.260403664277689, 20.063091035515917 ], [ 73.260113316508679, 20.063409217456613 ], [ 73.259881039616687, 20.063663762968538 ], [ 73.259626187109049, 20.063927125227902 ], [ 73.259302564394062, 20.064297692296972 ], [ 73.259071555596975, 20.064550845974761 ], [ 73.258811670541064, 20.064835642750921 ], [ 73.258551784326642, 20.06512044007825 ], [ 73.258354357223809, 20.06546186552745 ], [ 73.25836847228328, 20.06582161591912 ], [ 73.258403162533739, 20.06614745016633 ], [ 73.258437851010697, 20.066473284430149 ], [ 73.258476877630216, 20.066839847036817 ], [ 73.258524574682639, 20.067287865104731 ], [ 73.258559263893488, 20.067613696980295 ], [ 73.258642127152257, 20.067913744944537 ], [ 73.258881239213153, 20.068087118040474 ], [ 73.259136410788088, 20.068251897016992 ], [ 73.259500940735307, 20.068487295284037 ], [ 73.259829016596683, 20.068699154017644 ], [ 73.260120640985505, 20.068887472656378 ], [ 73.260412264302602, 20.069075789756418 ], [ 73.260740342046461, 20.069287647491215 ], [ 73.261141324561507, 20.069546583782074 ], [ 73.261469401710883, 20.069758439886773 ], [ 73.261797479811463, 20.069970297153279 ], [ 73.262198462552334, 20.070229230613023 ], [ 73.262453633454911, 20.070394006645792 ], [ 73.262795136781591, 20.070658214813633 ], [ 73.262838263626435, 20.071122888791948 ], [ 73.262785455870812, 20.071569295976236 ], [ 73.262737448576374, 20.0719751196043 ], [ 73.262694241784317, 20.072340360546448 ], [ 73.262655835620279, 20.072665017841661 ], [ 73.262611490605607, 20.072946353304644 ], [ 73.26247586134032, 20.073204408183415 ], [ 73.262308581777035, 20.073496197711734 ], [ 73.262099483802274, 20.073860932988268 ], [ 73.261890385653388, 20.074225668156398 ], [ 73.26170219693671, 20.074553929428319 ], [ 73.261514008310044, 20.074882189702652 ], [ 73.261346729574569, 20.07517397521767 ], [ 73.261200360958782, 20.0754292869279 ], [ 73.261053991735039, 20.075684599481558 ], [ 73.260886711954655, 20.075976384772158 ], [ 73.260748706169295, 20.076318108125896 ], [ 73.260740342437629, 20.076694622110974 ], [ 73.260740343229969, 20.077031294110238 ], [ 73.26077814892129, 20.077360074085238 ], [ 73.260878965296186, 20.077675702182436 ], [ 73.260992382305204, 20.078030784551601 ], [ 73.261093197799099, 20.078346411721824 ], [ 73.261181411459049, 20.078622586433333 ], [ 73.261294827306031, 20.07897766604194 ], [ 73.261420846158117, 20.079372199121874 ], [ 73.261546292502373, 20.079719026913526 ], [ 73.261766826300899, 20.07990445613396 ], [ 73.262060107809717, 20.080088092403539 ], [ 73.262353388184252, 20.080271728044103 ], [ 73.262646669414536, 20.080455362225432 ], [ 73.262939950342684, 20.080638998575886 ], [ 73.263233232126566, 20.08082263346709 ], [ 73.263563173186199, 20.081029221411221 ], [ 73.263856453681456, 20.081212856856858 ], [ 73.264172180041953, 20.081359014756913 ], [ 73.264542522103355, 20.081498146316342 ], [ 73.264871715593912, 20.081621817951799 ], [ 73.265200908677997, 20.081745489750887 ], [ 73.265571249881702, 20.081884620516838 ], [ 73.265941592784827, 20.082023751345446 ], [ 73.266435381642353, 20.082209256974348 ], [ 73.266805723343651, 20.082348387409109 ], [ 73.267134916873815, 20.082472059492495 ], [ 73.267546408004193, 20.082626647373136 ], [ 73.267956527645026, 20.082784027425244 ], [ 73.268306295158794, 20.082965025340012 ], [ 73.268690353193392, 20.083175436867492 ], [ 73.268959194414933, 20.083322724922528 ], [ 73.269228035213203, 20.083470013389963 ], [ 73.26953528240297, 20.083638343019974 ], [ 73.269804123504358, 20.083785630454052 ], [ 73.270072964228987, 20.083932917382583 ], [ 73.270380210593956, 20.084101246140428 ], [ 73.270764270140447, 20.08431165603216 ], [ 73.271130726094384, 20.084535743388919 ], [ 73.271374495775234, 20.084956913472475 ], [ 73.271538786818525, 20.085388953327989 ], [ 73.271643337166282, 20.085663886577798 ], [ 73.27177775701243, 20.086017372599688 ], [ 73.271927113702361, 20.086410134164158 ], [ 73.272046598014001, 20.086724341877204 ], [ 73.272166082936167, 20.087038548680653 ], [ 73.272285567450709, 20.087352755448642 ], [ 73.272419988950034, 20.087706237761179 ], [ 73.272557187635002, 20.088141010174343 ], [ 73.27253808334693, 20.088510017652137 ], [ 73.272506821743946, 20.088921039985539 ], [ 73.272472434984081, 20.089373163609444 ], [ 73.272431796071487, 20.089907489634111 ], [ 73.272403660070552, 20.090277405927427 ], [ 73.272378651852208, 20.090606221319014 ], [ 73.272353644621433, 20.090935034109936 ], [ 73.27232863634174, 20.091263846048609 ], [ 73.272300688834065, 20.091592437074539 ], [ 73.272228445625515, 20.091959006467334 ], [ 73.272138374942173, 20.092365562592398 ], [ 73.27203028854484, 20.092853427669567 ], [ 73.271940216790341, 20.093259981303603 ], [ 73.27185014550389, 20.093666534183011 ], [ 73.27177808828219, 20.093991776397772 ], [ 73.271706030801226, 20.094317016852969 ], [ 73.271633973986397, 20.09464225651039 ], [ 73.271570923278915, 20.094926840781486 ], [ 73.271480851958799, 20.095333388730275 ], [ 73.271381773565437, 20.095780591367269 ], [ 73.271291701229188, 20.096187136812762 ], [ 73.271201679613853, 20.096593458327987 ], [ 73.271084965232234, 20.097120249489318 ], [ 73.270995223917481, 20.097525299417175 ], [ 73.270923431897998, 20.09784933822089 ], [ 73.270851638510734, 20.098173377974646 ], [ 73.270770869931027, 20.098537920230619 ], [ 73.270699077837548, 20.098861958397091 ], [ 73.2706362605105, 20.099145490521654 ], [ 73.270555493759446, 20.09951003132889 ], [ 73.270465448313388, 20.099987810815083 ], [ 73.270456171534619, 20.100527680431018 ], [ 73.270498990121482, 20.100968223080475 ], [ 73.270534023847901, 20.101328666461669 ], [ 73.270568266246485, 20.10168908251298 ], [ 73.270588325862178, 20.102009113579211 ], [ 73.270604678978586, 20.102316596269436 ], [ 73.270628604555384, 20.102632939146456 ], [ 73.270651242279641, 20.102918348915079 ], [ 73.270680346501322, 20.103285302409851 ], [ 73.270711393452103, 20.103676605435705 ], [ 73.27073308815811, 20.103955574838327 ], [ 73.270751117868954, 20.104238635628516 ], [ 73.270776744757626, 20.104649856554538 ], [ 73.270790593279372, 20.105079705108786 ], [ 73.270790196149505, 20.105366689765518 ], [ 73.270794275559084, 20.10565738071282 ], [ 73.270799476787275, 20.106028225902293 ], [ 73.270799592428261, 20.106304595669847 ], [ 73.270710021707828, 20.106665054765909 ], [ 73.270485883517622, 20.106942487860579 ], [ 73.270282924933383, 20.107195258943396 ], [ 73.270153817066316, 20.10757366087644 ], [ 73.270042002797709, 20.107952186761889 ], [ 73.269974515723064, 20.108282169090071 ], [ 73.269820236887469, 20.10858111422564 ], [ 73.269664529756923, 20.108907537144717 ], [ 73.269482868517159, 20.109143535619879 ], [ 73.2692743572794, 20.10938644397168 ], [ 73.268951583074326, 20.109723503819801 ], [ 73.268665663681617, 20.109972540863438 ], [ 73.268353374871623, 20.110182356641701 ], [ 73.267905149896748, 20.110350203090082 ], [ 73.267522231108799, 20.110441459293217 ], [ 73.267194391588305, 20.11054142689429 ], [ 73.266824014773249, 20.110620428682644 ], [ 73.266341833277835, 20.110704442545543 ], [ 73.265954291177991, 20.110756926053789 ], [ 73.265615763980477, 20.11078588905611 ], [ 73.265179434286452, 20.11080311819109 ], [ 73.264779523177964, 20.110813000563201 ], [ 73.264379608474314, 20.110831587688875 ], [ 73.263986088505646, 20.110871954887617 ], [ 73.2636856979979, 20.110903718365076 ], [ 73.26334725047198, 20.110939105603169 ], [ 73.263008801747617, 20.11097449294882 ], [ 73.262682747966764, 20.111008842371998 ], [ 73.262334185211998, 20.111049034544763 ], [ 73.261951464662928, 20.111093468813809 ], [ 73.261519515247471, 20.11113618067429 ], [ 73.261069660344106, 20.111181047509241 ], [ 73.260654658585963, 20.111247559430875 ], [ 73.260330537157856, 20.111300089627434 ], [ 73.259875995032772, 20.111316343615719 ], [ 73.259455467336608, 20.111322030245162 ], [ 73.259064138109736, 20.111323795748749 ], [ 73.258716289781063, 20.111325364422559 ], [ 73.258411922307047, 20.111326737488778 ], [ 73.25806875879185, 20.111328283748197 ], [ 73.257646661953771, 20.111330192339835 ], [ 73.257257207313216, 20.111336807302745 ], [ 73.256797820624215, 20.111354560900395 ], [ 73.256377464594237, 20.111366569325778 ], [ 73.255939250154128, 20.111442218409227 ], [ 73.255576294991528, 20.111574095040627 ], [ 73.255257864081926, 20.111700405111282 ], [ 73.25489743823276, 20.111850607269698 ], [ 73.254599705578158, 20.111992214329774 ], [ 73.254335825548907, 20.112133188691384 ], [ 73.254020297864372, 20.11230647426083 ], [ 73.25376155529689, 20.112479019560705 ], [ 73.253502994247839, 20.112693023204788 ], [ 73.253228134675055, 20.112981737044539 ], [ 73.25300695517457, 20.11324371837345 ], [ 73.252831178733913, 20.113460934911583 ], [ 73.252643183285002, 20.113714368573575 ], [ 73.252442867419717, 20.114003901576083 ], [ 73.252322270121283, 20.114241290181301 ], [ 73.252188920177261, 20.114501393629787 ], [ 73.252043111059649, 20.114762989632165 ], [ 73.251923017771276, 20.115015587129932 ], [ 73.251772918994234, 20.115352442929613 ], [ 73.251639498321936, 20.11565186992085 ], [ 73.25149457034874, 20.115988548513755 ], [ 73.251306848561114, 20.116437266265113 ], [ 73.251166055753828, 20.11677380269261 ], [ 73.251062426581669, 20.117031475247263 ], [ 73.250921341200822, 20.117293629119928 ], [ 73.250398758196468, 20.118989465011133 ], [ 73.249967294954374, 20.120290128487895 ], [ 73.249720628594901, 20.120786846962709 ], [ 73.249538543020904, 20.12124738026985 ], [ 73.249324104612455, 20.121636003347639 ], [ 73.249028363504451, 20.122730831307791 ], [ 73.249461914662461, 20.122975351662586 ], [ 73.249706001174744, 20.123097397493531 ], [ 73.249980922020541, 20.123149507080306 ], [ 73.250233445322607, 20.123287503192842 ], [ 73.250353573406869, 20.12353253812643 ], [ 73.250365228798813, 20.123879255006326 ], [ 73.25057483595026, 20.124176912462953 ], [ 73.25107289099391, 20.124158951803466 ], [ 73.251477001464295, 20.124531093945645 ], [ 73.251937447110805, 20.124801058592663 ], [ 73.252156374153742, 20.125169886529246 ], [ 73.252386231274244, 20.125435331470094 ], [ 73.252782837019353, 20.12555191620643 ], [ 73.253099745799787, 20.125669547860632 ], [ 73.253353335983761, 20.12615175206745 ], [ 73.253721475655624, 20.126477230396777 ], [ 73.25406681853508, 20.126654725967121 ], [ 73.254360709844889, 20.126833391870615 ], [ 73.254634789601866, 20.127030023240323 ], [ 73.254685351729066, 20.127583249284335 ], [ 73.254641715271987, 20.128301443541059 ], [ 73.254582750240843, 20.129133139106425 ], [ 73.254516045569318, 20.130074004068653 ], [ 73.254394437674222, 20.131917123750227 ], [ 73.254368538515067, 20.132309650690363 ], [ 73.2542309725943, 20.133915208421822 ], [ 73.254096418864947, 20.134956160123494 ], [ 73.25404285868602, 20.135929368852597 ], [ 73.253954374158397, 20.137837500965869 ], [ 73.256674388940596, 20.13760674818381 ], [ 73.257104722608247, 20.13759796248798 ], [ 73.257437125646092, 20.137577842526252 ], [ 73.25779101754182, 20.137627713379626 ], [ 73.258804041430182, 20.1379751168746 ], [ 73.25911055717178, 20.138080232845439 ], [ 73.260547391383625, 20.13852368788794 ], [ 73.261281419227913, 20.138736406527165 ], [ 73.261914817301857, 20.138894879914634 ], [ 73.262861632605521, 20.139200304978687 ], [ 73.263672012343747, 20.139496615749085 ], [ 73.264224316044221, 20.139659606425596 ], [ 73.264857753704419, 20.139944417622925 ], [ 73.265369142084054, 20.140366991347303 ], [ 73.265751575200838, 20.140730828637778 ], [ 73.266278741019988, 20.141221695277306 ], [ 73.266905791561754, 20.141720681651229 ], [ 73.267455391891588, 20.142221476384581 ], [ 73.267778169876678, 20.142388412655176 ], [ 73.268186526293206, 20.142610156501142 ], [ 73.268553731778653, 20.1429217407129 ], [ 73.268960122773805, 20.143034966132159 ], [ 73.269331934050655, 20.143062288556148 ], [ 73.26960450022338, 20.143123367538649 ], [ 73.269904289972843, 20.143259737643437 ], [ 73.270242744890851, 20.143485073547208 ], [ 73.270500918544144, 20.143691909202385 ], [ 73.270825962198103, 20.143935858240571 ], [ 73.27116521574311, 20.144344754527051 ], [ 73.271301396205871, 20.144604564670367 ], [ 73.271508275650831, 20.144928384490182 ], [ 73.271959665533316, 20.14526210384938 ], [ 73.272451042281816, 20.145459906000188 ], [ 73.273029429836797, 20.145971795683192 ], [ 73.273992863910948, 20.146385476264392 ], [ 73.275467777562355, 20.147124793133742 ], [ 73.276899673331627, 20.147886543157586 ], [ 73.277346708146212, 20.148205225807569 ], [ 73.277913203067271, 20.148578065839846 ], [ 73.278140322378746, 20.148738489835569 ], [ 73.278326560654264, 20.148984769040677 ], [ 73.278587109615714, 20.149276175924115 ], [ 73.279115106858299, 20.150098468194965 ], [ 73.279358736362951, 20.150674569406245 ], [ 73.279556481598959, 20.151329492235465 ], [ 73.279733526169295, 20.151712517048228 ], [ 73.279952778243583, 20.152315093882958 ], [ 73.280105262823099, 20.152771926676756 ], [ 73.280182901362991, 20.153073087370579 ], [ 73.280243005894846, 20.153416392175323 ], [ 73.280278844295523, 20.15372050657605 ], [ 73.280283733776045, 20.154175219251862 ], [ 73.280311139355305, 20.154462696004156 ], [ 73.280389055794956, 20.154865433077784 ], [ 73.280414780206797, 20.155319390265671 ], [ 73.280376651899758, 20.155979034599813 ], [ 73.280321622475938, 20.15644900330166 ], [ 73.28022863435389, 20.156848966919959 ], [ 73.280228792623646, 20.15731069904411 ], [ 73.28018060771835, 20.157578926868592 ], [ 73.280070367860901, 20.157888295400582 ], [ 73.280084566057283, 20.158302389798123 ], [ 73.28014215197301, 20.158588544691053 ], [ 73.280149924168825, 20.158939968615936 ], [ 73.280388478012583, 20.159863696792755 ], [ 73.280515010344033, 20.160306426786338 ], [ 73.280834858657059, 20.161241456269519 ], [ 73.280965234302315, 20.161713921403429 ], [ 73.281147274883566, 20.162668854478483 ], [ 73.281187470451499, 20.163495302941566 ], [ 73.281313472645479, 20.164617797869067 ], [ 73.281415643260004, 20.165828209472487 ], [ 73.281519981258853, 20.166493886098845 ], [ 73.281622965349271, 20.167052194055302 ], [ 73.281591586291583, 20.16755360609022 ], [ 73.281528880574228, 20.168325822198504 ], [ 73.281456843204012, 20.168935559177008 ], [ 73.281349617239002, 20.169573175393747 ], [ 73.281226610440882, 20.170160911998938 ], [ 73.281101764979823, 20.170579334996741 ], [ 73.2810458360659, 20.17095477485049 ], [ 73.28094582361868, 20.171543641311139 ], [ 73.280852226561024, 20.171945441560762 ], [ 73.280768356585355, 20.172477758673494 ], [ 73.280731731941955, 20.173408748037875 ], [ 73.280881599614148, 20.173860897188007 ], [ 73.281030299612866, 20.174242936745625 ], [ 73.281212642343291, 20.174622063980809 ], [ 73.281389094312374, 20.174983762938506 ], [ 73.281487424693765, 20.175239470605817 ], [ 73.281500252224021, 20.175706483719043 ], [ 73.281382577686188, 20.176136690730004 ], [ 73.281211779436305, 20.176557616010928 ], [ 73.281050172356885, 20.177105895493309 ], [ 73.280928314576812, 20.177426545682742 ], [ 73.280814533624437, 20.177740705801035 ], [ 73.280650170369356, 20.178156360173631 ], [ 73.280580594020748, 20.178560703373901 ], [ 73.280581154868955, 20.179045202547702 ], [ 73.280606443866731, 20.179421257787446 ], [ 73.280626468868363, 20.179784838359545 ], [ 73.280641227229779, 20.180050172389656 ], [ 73.280683892013599, 20.180364985569149 ], [ 73.280807884316857, 20.180838114936751 ], [ 73.280904659065342, 20.181285384447236 ], [ 73.28096580533466, 20.181569465787277 ], [ 73.281014173715391, 20.181919981038558 ], [ 73.281048399690818, 20.182199306477322 ], [ 73.281078639811355, 20.182527641217277 ], [ 73.281113217130681, 20.183032403258629 ], [ 73.281141614963389, 20.183348020974265 ], [ 73.281188270342952, 20.183664880154343 ], [ 73.281253649497089, 20.183985503055357 ], [ 73.281299818777754, 20.184430970108586 ], [ 73.281327800260613, 20.184792058019099 ], [ 73.28132888280301, 20.185189157779991 ], [ 73.281333549714375, 20.185619456650745 ], [ 73.281327522114154, 20.186014487887419 ], [ 73.281307190272074, 20.186360836086941 ], [ 73.281292072804177, 20.186642587660462 ], [ 73.281291918664323, 20.187147073350989 ], [ 73.281377277233446, 20.188042482197673 ], [ 73.281308883004982, 20.188406337238753 ], [ 73.281319973295751, 20.188752927799413 ], [ 73.281258008557273, 20.189155933806642 ], [ 73.281204638011332, 20.189556656580713 ], [ 73.281215735065757, 20.189956140233249 ], [ 73.281254984675527, 20.190339594214262 ], [ 73.281317998126681, 20.190676216305153 ], [ 73.281364319213964, 20.190955512907713 ], [ 73.28139165032745, 20.191239154417861 ], [ 73.28143583914958, 20.19158661877124 ], [ 73.281500254732663, 20.191942768951176 ], [ 73.281630025367534, 20.192308583466268 ], [ 73.281750850709969, 20.192816390156171 ], [ 73.281780053703926, 20.193248526544071 ], [ 73.28187989494063, 20.193756256004924 ], [ 73.282040042742338, 20.194201937419582 ], [ 73.282272430149121, 20.194660950961214 ], [ 73.282441263942204, 20.194955374715917 ], [ 73.282550806544862, 20.19521814172758 ], [ 73.282664336371113, 20.195559391507377 ], [ 73.282721704692236, 20.195970224094836 ], [ 73.282725155162268, 20.196346442514109 ], [ 73.282822167690426, 20.196701871645047 ], [ 73.283013740637415, 20.197079111504003 ], [ 73.283101434144072, 20.19737878393213 ], [ 73.283147270635808, 20.197676452390468 ], [ 73.283181347852235, 20.198066317188861 ], [ 73.283489407957077, 20.198555392402465 ], [ 73.28376752472812, 20.198445996438256 ], [ 73.284101410354864, 20.198255118083935 ], [ 73.284579832429941, 20.19817616609841 ], [ 73.285204268019228, 20.19799132887924 ], [ 73.28568029453605, 20.197932786771638 ], [ 73.286412921656023, 20.197774406361777 ], [ 73.286866812644845, 20.197757235223165 ], [ 73.287323737504323, 20.19777771051146 ], [ 73.287854718614895, 20.197854708478562 ], [ 73.288199104790621, 20.19793398357281 ], [ 73.288462216930924, 20.198051474372694 ], [ 73.288784955363113, 20.198239101307259 ], [ 73.289284736824328, 20.198544115868181 ], [ 73.289939814909303, 20.199113521398115 ], [ 73.290219410369318, 20.199537925690695 ], [ 73.290666462607319, 20.20012106727204 ], [ 73.290958050255895, 20.200651751300043 ], [ 73.291249682646523, 20.201135225019119 ], [ 73.291531561799971, 20.201624133692334 ], [ 73.291622203806071, 20.202076962136285 ], [ 73.291904208097932, 20.202598745546343 ], [ 73.29217424745444, 20.203091096519369 ], [ 73.292415712208367, 20.203536887113042 ], [ 73.292776637435452, 20.204005985447086 ], [ 73.293183084420107, 20.204428363802446 ], [ 73.294194422814769, 20.205438205193254 ], [ 73.294868551653522, 20.20608216150897 ], [ 73.295296608007902, 20.206491053914476 ], [ 73.296233892596717, 20.207433133422157 ], [ 73.296764633728316, 20.207884921997213 ], [ 73.297223814148452, 20.208230604392774 ], [ 73.297608748456355, 20.208544605040327 ], [ 73.298192368494256, 20.208870107153114 ], [ 73.298732828227898, 20.209193210268939 ], [ 73.299428752759326, 20.209547866811018 ], [ 73.299940655347882, 20.209694917619526 ], [ 73.30056487846079, 20.209853361191328 ], [ 73.301098310119485, 20.20990990015531 ], [ 73.301464755790889, 20.209938352391863 ], [ 73.302004828737694, 20.209910302544404 ], [ 73.302411721743667, 20.20983139161088 ], [ 73.302713182806528, 20.209732195138187 ], [ 73.303086456207481, 20.209556244974173 ], [ 73.303545767154617, 20.209359864521396 ], [ 73.30417034238981, 20.209064332577803 ], [ 73.304871344449964, 20.208863611852554 ], [ 73.305256573814219, 20.208705679571821 ], [ 73.305548525168774, 20.208559024643026 ], [ 73.306022179914706, 20.208310977005887 ], [ 73.306352092084339, 20.208115548231209 ], [ 73.306871665595366, 20.207830090272736 ], [ 73.307340676673718, 20.207557012463912 ], [ 73.307627814884796, 20.207401300456631 ], [ 73.308137534990735, 20.20707860563013 ], [ 73.308594513031508, 20.206782988912526 ], [ 73.309010863998651, 20.20645784984448 ], [ 73.309389708837969, 20.206150837020175 ], [ 73.310011225471555, 20.205642996898881 ], [ 73.310578401596658, 20.205067492943218 ], [ 73.31130835325574, 20.20429084276164 ], [ 73.311765347690226, 20.203868682318522 ], [ 73.312275160298753, 20.20333827102997 ], [ 73.312624642794418, 20.202981595970328 ], [ 73.312969112200108, 20.202726480080749 ], [ 73.313301657907815, 20.202597918991771 ], [ 73.313686913619264, 20.202460217082592 ], [ 73.313988315038387, 20.202392651520174 ], [ 73.314488243778641, 20.202372452547703 ], [ 73.314851796616168, 20.202392891085722 ], [ 73.315320673017354, 20.202530782640022 ], [ 73.316050122706471, 20.202777160941142 ], [ 73.317090532691722, 20.20325834052316 ], [ 73.3177295449741, 20.203605479195058 ], [ 73.317968274555398, 20.20373516652776 ], [ 73.319142558193107, 20.204295582301771 ], [ 73.319956156855937, 20.204721293565502 ], [ 73.320809662669618, 20.205043525391282 ], [ 73.321370917207034, 20.205341474446765 ], [ 73.32197439212726, 20.205662570141232 ], [ 73.322598629731488, 20.20597212426113 ], [ 73.323186675267706, 20.206214384998347 ], [ 73.323784861602775, 20.206365269163012 ], [ 73.324368606891028, 20.206403915378377 ], [ 73.32509587653243, 20.206286734083264 ], [ 73.325697788512628, 20.205992771132205 ], [ 73.326502790044785, 20.205451502603239 ], [ 73.327826943276293, 20.20464885669514 ], [ 73.328660868232731, 20.204187420402253 ], [ 73.329316441502854, 20.203824154194212 ], [ 73.329857122721592, 20.203609616969878 ], [ 73.330409787375615, 20.203422393537622 ], [ 73.331024580129011, 20.203147022459873 ], [ 73.331649053822375, 20.20295067428572 ], [ 73.332124864775381, 20.202693502817144 ], [ 73.332589291930091, 20.202345758573909 ], [ 73.333390877130782, 20.201745222653578 ], [ 73.334295219061929, 20.201155992090655 ], [ 73.335240269454133, 20.200738460752152 ], [ 73.336175725049671, 20.200424667656691 ], [ 73.336873439875532, 20.200296268799615 ], [ 73.337799940980233, 20.200266981863194 ], [ 73.338726468676867, 20.200209706221806 ], [ 73.339905043157472, 20.200062096678035 ], [ 73.340687231031296, 20.200003431597018 ], [ 73.341550841501189, 20.199757443402952 ], [ 73.342342607124564, 20.199610668635575 ], [ 73.342854597300772, 20.199534135787353 ], [ 73.34347414383177, 20.199601911195046 ], [ 73.343782593922427, 20.19998580976339 ], [ 73.344062151748687, 20.201017848894889 ], [ 73.344103268109137, 20.201433257287551 ], [ 73.344136140788081, 20.201765372461878 ], [ 73.344303223448549, 20.203389002150445 ], [ 73.344479784373149, 20.205136836053146 ], [ 73.344603896536384, 20.206419527982646 ], [ 73.34478074655479, 20.20723698307885 ], [ 73.345091582248301, 20.207864766341071 ], [ 73.345409705053598, 20.208312041432954 ], [ 73.345723022520772, 20.20869367071451 ], [ 73.346210760335765, 20.209285354510339 ], [ 73.346586296554051, 20.209678315518474 ], [ 73.346971334497056, 20.210050992599594 ], [ 73.347490387988955, 20.210385288844986 ], [ 73.348064544315264, 20.210730877344702 ], [ 73.348915984525902, 20.211171375522337 ], [ 73.349430331186397, 20.211383703848089 ], [ 73.350147860783196, 20.211650181044988 ], [ 73.351542473759253, 20.21221040235525 ], [ 73.352437104946006, 20.212553785749996 ], [ 73.352999234679771, 20.212779641717514 ], [ 73.353585382596165, 20.21297168869118 ], [ 73.35431498752979, 20.213071100369941 ], [ 73.354877048299784, 20.213150253776615 ], [ 73.355489541786724, 20.213168337554688 ], [ 73.356115068239063, 20.213111676543189 ], [ 73.356843546480164, 20.212983304000382 ], [ 73.357697614113206, 20.212786854059281 ], [ 73.358302923306866, 20.21252723674386 ], [ 73.358958487018612, 20.212073466833619 ], [ 73.359520793234964, 20.211513485990963 ], [ 73.360189837333436, 20.210832666399202 ], [ 73.360602259856478, 20.21028511991603 ], [ 73.361130978705106, 20.209515104613647 ], [ 73.3614420724833, 20.209022896364786 ], [ 73.361558154073649, 20.208688621682953 ], [ 73.361588001107719, 20.208275414566479 ], [ 73.361463950153421, 20.207783079297041 ], [ 73.36136314165482, 20.207408475826092 ], [ 73.361226932918001, 20.207065018239202 ], [ 73.361049994880588, 20.206778210642103 ], [ 73.360727154987089, 20.20644395444392 ], [ 73.360270253890022, 20.206012626379493 ], [ 73.359727292462679, 20.205737127169922 ], [ 73.359110147052547, 20.20553378656966 ], [ 73.358569621301399, 20.20528766034419 ], [ 73.358026678582107, 20.205012944356653 ], [ 73.357445396710347, 20.204795221062962 ], [ 73.356768420055445, 20.204431658545452 ], [ 73.356206323837711, 20.204205725953706 ], [ 73.355383385231335, 20.203862431343971 ], [ 73.35469457779844, 20.203491981495542 ], [ 73.35419468306884, 20.203236786957437 ], [ 73.353622994346182, 20.20283244022955 ], [ 73.353383873127498, 20.202518556812233 ], [ 73.353194982148068, 20.202229549187383 ], [ 73.353120886256377, 20.201974368895119 ], [ 73.353142417116686, 20.201576946875239 ], [ 73.353293115559225, 20.201228072899585 ], [ 73.353360031313912, 20.200869627701273 ], [ 73.353597248220538, 20.200675709131918 ], [ 73.353745114097677, 20.200441627520117 ], [ 73.353947684344845, 20.200205943824223 ], [ 73.354191264925419, 20.199939337498112 ], [ 73.354582485672424, 20.199608032584088 ], [ 73.355009412297974, 20.199298566160561 ], [ 73.355335904828465, 20.199109920843977 ], [ 73.355689727146114, 20.198922911245571 ], [ 73.356033368642699, 20.198756616806946 ], [ 73.356360889224305, 20.198608932449087 ], [ 73.356846618169016, 20.198422680913097 ], [ 73.357188254305612, 20.198325047610606 ], [ 73.357535835384994, 20.198205892320996 ], [ 73.357817786446844, 20.198095542676505 ], [ 73.358142846832152, 20.197968320985094 ], [ 73.358552489192888, 20.197803261859619 ], [ 73.358941653936, 20.197642138574217 ], [ 73.359297684808254, 20.19749394726329 ], [ 73.359670861931505, 20.197300448163244 ], [ 73.360184239738928, 20.196979360505615 ], [ 73.360505746984742, 20.196778684426977 ], [ 73.360857919917521, 20.19656598702289 ], [ 73.361261883652674, 20.196328766449021 ], [ 73.361673086841279, 20.196115971222191 ], [ 73.361941902500476, 20.195991163363164 ], [ 73.362227128208033, 20.195911761669045 ], [ 73.36254553583754, 20.195842491256833 ], [ 73.363001858724303, 20.195755206313528 ], [ 73.363475152065718, 20.195677549175958 ], [ 73.363801288717099, 20.195626012782682 ], [ 73.364177837086402, 20.19557990018594 ], [ 73.364507994264301, 20.195569439707462 ], [ 73.364836301988547, 20.19556164038891 ], [ 73.365283508736823, 20.195528613003251 ], [ 73.365711092607583, 20.195627662086064 ], [ 73.366158488599439, 20.195774465846007 ], [ 73.366407215837583, 20.195952830859749 ], [ 73.366596190211595, 20.196275780766367 ], [ 73.366751578470186, 20.196621252285496 ], [ 73.366835201198697, 20.196984793988619 ], [ 73.366866362606288, 20.197553885417271 ], [ 73.366835176930991, 20.198030385954056 ], [ 73.36680164314528, 20.198637923278273 ], [ 73.36676774011417, 20.199088352451216 ], [ 73.366593413757812, 20.19973996664767 ], [ 73.3663445834258, 20.200430779024568 ], [ 73.366112891529255, 20.200995494529558 ], [ 73.365918652554768, 20.201550842328089 ], [ 73.36586449596247, 20.202059930581424 ], [ 73.365762999861445, 20.20260313989759 ], [ 73.36579644634719, 20.202991596066735 ], [ 73.365849078940542, 20.203296428400357 ], [ 73.366006984896316, 20.203659961681169 ], [ 73.366349041200422, 20.203964783614751 ], [ 73.366703037354014, 20.204102646819816 ], [ 73.367157218870773, 20.204338843754837 ], [ 73.367885875307124, 20.204349102068807 ], [ 73.368475589254544, 20.204443650660259 ], [ 73.369329508769297, 20.204403027116825 ], [ 73.370286253035786, 20.204394023315611 ], [ 73.371047058452575, 20.204385047597132 ], [ 73.371826948309106, 20.204335413704833 ], [ 73.37229715531565, 20.20431850757512 ], [ 73.372893845635815, 20.204297053537946 ], [ 73.373530145251451, 20.204247377999231 ], [ 73.374030068694637, 20.204344405404886 ], [ 73.374331500507679, 20.204443748886064 ], [ 73.37523332565506, 20.204965471228132 ], [ 73.375508434042246, 20.205109933525975 ], [ 73.375824050558421, 20.205552608816259 ], [ 73.376158950617025, 20.206101327692203 ], [ 73.376524981670357, 20.206762870360564 ], [ 73.376749765267007, 20.207291326880881 ], [ 73.377307053632848, 20.208862944624265 ], [ 73.377594162186682, 20.209651106455553 ], [ 73.377847642472972, 20.210190778221531 ], [ 73.378170626700395, 20.210775590509865 ], [ 73.378567787118655, 20.211141452450576 ], [ 73.379067688107781, 20.211392145209992 ], [ 73.379433666786369, 20.211536676380202 ], [ 73.380699174151829, 20.211796312505236 ], [ 73.381514926951283, 20.211769198437828 ], [ 73.382359359558237, 20.211710404530304 ], [ 73.383110472076055, 20.211699095755954 ], [ 73.383954980032442, 20.211554528371838 ], [ 73.384698997976002, 20.211200006079554 ], [ 73.385392741951136, 20.210795766488296 ], [ 73.386192918355803, 20.21027699917293 ], [ 73.386488421806717, 20.209917277030218 ], [ 73.386676183976903, 20.20944987066374 ], [ 73.3866845415765, 20.208843493781249 ], [ 73.386631935649646, 20.208153611266976 ], [ 73.386500279282942, 20.207451320362555 ], [ 73.38621328199865, 20.206209311503432 ], [ 73.386009896546668, 20.2050463789571 ], [ 73.385868746024329, 20.204158879747006 ], [ 73.385787336951452, 20.202444973603434 ], [ 73.385787401658249, 20.200157499758099 ], [ 73.385959523487685, 20.198741593472334 ], [ 73.386012197948261, 20.198396073125743 ], [ 73.385930877947516, 20.197068318931837 ], [ 73.386062461276993, 20.196345590511449 ], [ 73.386471990467584, 20.19547274004281 ], [ 73.387009558560109, 20.194401325831045 ], [ 73.387495188236713, 20.193762211707956 ], [ 73.388064439520164, 20.193242756910749 ], [ 73.3887365234051, 20.192856506622331 ], [ 73.389399219868906, 20.192800025681176 ], [ 73.39025546119511, 20.192867791411071 ], [ 73.39090847141361, 20.193233541763362 ], [ 73.391449146112919, 20.19377090549699 ], [ 73.391867754607929, 20.194416785655985 ], [ 73.392061492580183, 20.194676413015372 ], [ 73.392697455275595, 20.195960275434238 ], [ 73.393059067958632, 20.196670336925479 ], [ 73.393353286433054, 20.19714220732412 ], [ 73.39375046357587, 20.197699984641616 ], [ 73.394348489260352, 20.198325465558092 ], [ 73.394457331560204, 20.198787235647607 ], [ 73.39522878826466, 20.198686631961138 ], [ 73.395939265028559, 20.198467509011756 ], [ 73.397416281050667, 20.198048780187005 ], [ 73.398972263769878, 20.197566129832719 ], [ 73.399653932890857, 20.197383079276328 ], [ 73.400599389196799, 20.19710828475397 ], [ 73.402863998824458, 20.196450077573616 ], [ 73.405160222769567, 20.195815159188854 ], [ 73.406334672533745, 20.195607211626378 ], [ 73.406760469747326, 20.195769684962833 ], [ 73.407882308869603, 20.19608789419442 ], [ 73.409303255483792, 20.196444434513669 ], [ 73.410303267086107, 20.196731108341663 ], [ 73.412157020077828, 20.197209443105596 ], [ 73.412609207230801, 20.197347113734331 ], [ 73.413463172969131, 20.197502806349391 ], [ 73.41402301256403, 20.1976652900908 ], [ 73.416624461426991, 20.198338776697103 ], [ 73.416974928302793, 20.19866956822128 ], [ 73.417417616233394, 20.199568120753433 ], [ 73.417630652529112, 20.200265957719985 ], [ 73.418670499383566, 20.201986236765549 ], [ 73.419193308384877, 20.202851141421473 ], [ 73.420421344318726, 20.204881158193679 ], [ 73.420755842270367, 20.205434098942799 ], [ 73.420906350926856, 20.205695093464264 ], [ 73.421085833423533, 20.205987120998909 ], [ 73.421379174651705, 20.206461442932156 ], [ 73.421135958365525, 20.206914428814343 ], [ 73.420648325470154, 20.207317757733978 ], [ 73.42022056321585, 20.208013133398783 ], [ 73.420342755195875, 20.208737883551759 ], [ 73.420625233585824, 20.209358814952491 ], [ 73.420846780125373, 20.210000556641376 ], [ 73.420737870812658, 20.210476551848096 ], [ 73.420611056757096, 20.210736268466356 ], [ 73.420163808083004, 20.211303199028556 ], [ 73.419611236570873, 20.211628612636449 ], [ 73.419006049932122, 20.211904214469094 ], [ 73.418235898927293, 20.212166369576597 ], [ 73.417817257673804, 20.212279308386364 ], [ 73.417346040158264, 20.212335815105213 ], [ 73.416989310697033, 20.212410818474073 ], [ 73.416712085628944, 20.212442191629464 ], [ 73.416281526920272, 20.2126500335103 ], [ 73.415989703135892, 20.212826172866624 ], [ 73.415841383581466, 20.213070072452322 ], [ 73.415922824351441, 20.213347765259208 ], [ 73.416162069704441, 20.21356004758896 ], [ 73.416858275787632, 20.213905411448614 ], [ 73.417119123757018, 20.21412444147936 ], [ 73.417291401003141, 20.214429194169696 ], [ 73.417310733781008, 20.215099811737968 ], [ 73.417258122130377, 20.215876672168118 ], [ 73.41730379498118, 20.21657449724183 ], [ 73.417303855460474, 20.217224846546781 ], [ 73.417272970206497, 20.218064970454627 ], [ 73.417452545103302, 20.218818949619724 ], [ 73.417744586033038, 20.219561881758331 ], [ 73.418073550907039, 20.220458849107892 ], [ 73.418223238377607, 20.220934683675313 ], [ 73.418237790682838, 20.221314104330958 ], [ 73.418205638249646, 20.221835976414642 ], [ 73.417965941899297, 20.222901226594399 ], [ 73.417556393950889, 20.223680684428658 ], [ 73.417250224046825, 20.224069239338373 ], [ 73.416951241756109, 20.22429494386239 ], [ 73.41655413032737, 20.224464509908515 ], [ 73.415958348480402, 20.224507600812856 ], [ 73.415247820787854, 20.224458110003248 ], [ 73.414814786704767, 20.224345219151402 ], [ 73.41430518129097, 20.224374715158053 ], [ 73.41397626185487, 20.224537437662512 ], [ 73.413709049021094, 20.224804628103854 ], [ 73.413535022847768, 20.225542306881419 ], [ 73.413329597617562, 20.227251839109261 ], [ 73.413231726308098, 20.228532216051619 ], [ 73.413002363744894, 20.229520492187895 ], [ 73.412908897181794, 20.229923217052558 ], [ 73.412621413439012, 20.230674314278428 ], [ 73.412263238666171, 20.231779351903317 ], [ 73.412232338377507, 20.232364461897081 ], [ 73.412269496190262, 20.232866823791781 ], [ 73.412643981447758, 20.233495623160188 ], [ 73.413680197612834, 20.234662915835148 ], [ 73.414210169924061, 20.235238696168707 ], [ 73.414698457462748, 20.235805253958741 ], [ 73.414514271678016, 20.236202781959392 ], [ 73.41308964457113, 20.237101809201775 ], [ 73.4124054735735, 20.237510663516893 ], [ 73.411888712499575, 20.237736594741573 ], [ 73.411498570054917, 20.23794775853078 ], [ 73.411170925636284, 20.238125095583563 ], [ 73.410857461267454, 20.238350983379046 ], [ 73.410713949875529, 20.238576831737511 ], [ 73.410714097609485, 20.238888445453348 ], [ 73.411010877619574, 20.239258715464281 ], [ 73.411735855430649, 20.239576940337081 ], [ 73.412551758612793, 20.239750553680267 ], [ 73.413566281323739, 20.239908541370323 ], [ 73.413852216299119, 20.240093665688448 ], [ 73.414128648339656, 20.240299089866937 ], [ 73.414401406669597, 20.24061519278089 ], [ 73.414604725763752, 20.240827365959525 ], [ 73.415262900606393, 20.241256279113184 ], [ 73.416318096476289, 20.241599275092522 ], [ 73.416952294102643, 20.241797880408541 ], [ 73.417235685613377, 20.241985232667599 ], [ 73.417454808237196, 20.242265195608034 ], [ 73.417588714622894, 20.242583539304317 ], [ 73.417617593913008, 20.242872586228568 ], [ 73.417421448288636, 20.243387482062577 ], [ 73.416909592036291, 20.243699188691146 ], [ 73.416129545536549, 20.24387776788544 ], [ 73.415103086523317, 20.24399544835169 ], [ 73.414698858742838, 20.243972912064443 ], [ 73.414354193078111, 20.243952636043581 ], [ 73.413980885993382, 20.243973150462423 ], [ 73.413636977408984, 20.244012414073882 ], [ 73.413099512082837, 20.244123328088612 ], [ 73.412825306417673, 20.244376386271725 ], [ 73.412933082436595, 20.244899082205709 ], [ 73.413418941062162, 20.245592250583748 ], [ 73.413821469009434, 20.246105468426073 ], [ 73.414294798017352, 20.246829499559347 ], [ 73.414653927010221, 20.247549741762043 ], [ 73.414879007846736, 20.248249801110301 ], [ 73.415080113458188, 20.248994908320984 ], [ 73.415087132107629, 20.249839942715322 ], [ 73.414960631231736, 20.250315867121689 ], [ 73.414848338661017, 20.25070654450905 ], [ 73.41485823725894, 20.251516285839028 ], [ 73.414364703980283, 20.251776393000682 ], [ 73.413523940964822, 20.251939345539892 ], [ 73.411946526860817, 20.252361664162017 ], [ 73.411620321237805, 20.252600731746004 ], [ 73.411368508627334, 20.25291185076679 ], [ 73.411301669052236, 20.253217704517361 ], [ 73.411403607585541, 20.253629991876274 ], [ 73.411789297871309, 20.25445780124597 ], [ 73.412421007474393, 20.255673523870946 ], [ 73.412863331587076, 20.25629943897837 ], [ 73.41310364453291, 20.256516662414469 ], [ 73.413667517777853, 20.257026356982973 ], [ 73.414314159469384, 20.257488822206561 ], [ 73.414957565482396, 20.257802721233368 ], [ 73.415551506716326, 20.258092483613709 ], [ 73.416066508869108, 20.258554977019283 ], [ 73.415881856545909, 20.258815692553892 ], [ 73.414820351759005, 20.259097408122106 ], [ 73.414177028786483, 20.259340671681727 ], [ 73.41380250321653, 20.259640721336957 ], [ 73.413687633808806, 20.25988247616062 ], [ 73.413942755334219, 20.260297472500753 ], [ 73.41444653345701, 20.260716912472514 ], [ 73.415278790815719, 20.26125280791533 ], [ 73.415522024846808, 20.261525282416937 ], [ 73.415523274480393, 20.26194481162414 ], [ 73.415161347976849, 20.262330919720377 ], [ 73.413934753112343, 20.263078177296425 ], [ 73.413095437364447, 20.263684238374744 ], [ 73.412527346944401, 20.264374823567785 ], [ 73.412209271160862, 20.264922776683807 ], [ 73.412149811897805, 20.2655083167631 ], [ 73.412246272659075, 20.265956625032167 ], [ 73.412543207117508, 20.26618738703382 ], [ 73.412978795827811, 20.266190513458302 ], [ 73.41368857905826, 20.266121807363618 ], [ 73.414459502391992, 20.266108348367126 ], [ 73.414943853859242, 20.26630632979542 ], [ 73.415268046655541, 20.26661881530989 ], [ 73.415658152375727, 20.267308222577508 ], [ 73.41587473330955, 20.267892605013856 ], [ 73.415807887092953, 20.268369687457785 ], [ 73.415548245338883, 20.268667361411335 ], [ 73.415080829652325, 20.26882610203981 ], [ 73.413301679084924, 20.269132263074269 ], [ 73.412903892521044, 20.269491571210164 ], [ 73.412757023488538, 20.270138600175382 ], [ 73.412851258299483, 20.270938829862931 ], [ 73.413278522306328, 20.272126434351204 ], [ 73.413659483787853, 20.272977302343023 ], [ 73.413947132920185, 20.27361975543074 ], [ 73.414233764314758, 20.274125694115749 ], [ 73.415032956831823, 20.274875036338489 ], [ 73.415398387375234, 20.275034823103052 ], [ 73.415889894864236, 20.274962340798446 ], [ 73.416433491426815, 20.274413686257937 ], [ 73.417389687389274, 20.27359008491046 ], [ 73.417902608839839, 20.27331038885135 ], [ 73.418398373451211, 20.273418350825377 ], [ 73.418631324911956, 20.273986381434408 ], [ 73.418680439954358, 20.275133138687476 ], [ 73.419198994539059, 20.275539228848348 ], [ 73.419918809127552, 20.275696227935995 ], [ 73.420937743101035, 20.275493038261274 ], [ 73.42153246924012, 20.275192180072434 ], [ 73.422153860114747, 20.27475647357393 ], [ 73.422419137657769, 20.274648340198205 ], [ 73.422792954336316, 20.274636934685169 ], [ 73.423197406752763, 20.274761240003723 ], [ 73.423461386821131, 20.274968899088766 ], [ 73.423578724337304, 20.275327378756572 ], [ 73.423664689513458, 20.275825099871536 ], [ 73.423826372774258, 20.276121203981774 ], [ 73.424124464701535, 20.276297879650155 ], [ 73.425445031660388, 20.276578231908747 ], [ 73.42596458613032, 20.276812840728496 ], [ 73.426413671167751, 20.277470355407342 ], [ 73.426741477862009, 20.277837091124834 ], [ 73.427234000744548, 20.278095307782429 ], [ 73.427440864060245, 20.278539543645724 ], [ 73.42750089379507, 20.279215920087964 ], [ 73.427651345668622, 20.279765835653333 ], [ 73.427687863471903, 20.280226747646449 ], [ 73.42761100235866, 20.280843403856512 ], [ 73.427307026879461, 20.281203481326557 ], [ 73.42676457715767, 20.281762424103587 ], [ 73.426378262189587, 20.282414384870442 ], [ 73.426266834725624, 20.283215491639773 ], [ 73.426052981863833, 20.28434404612171 ], [ 73.425849211871665, 20.285698431172673 ], [ 73.425483571436047, 20.286752196493335 ], [ 73.425272754511766, 20.287456186396408 ], [ 73.425114025622236, 20.287986223262415 ], [ 73.424714798549559, 20.289319342094029 ], [ 73.424395937025011, 20.290408140960725 ], [ 73.423948788937381, 20.291502928306024 ], [ 73.423083727059819, 20.293257420603247 ], [ 73.422481695438265, 20.293787044024199 ], [ 73.422096095769277, 20.294642059210734 ], [ 73.421499888182623, 20.295741344342261 ], [ 73.420450840521937, 20.296911650347642 ], [ 73.420223237272936, 20.297347552431354 ], [ 73.420177475000798, 20.29820843823191 ], [ 73.420222088325076, 20.299346098736276 ], [ 73.420198781486107, 20.299639394118863 ], [ 73.419947287584876, 20.302824082216478 ], [ 73.420016667338459, 20.304643431710996 ], [ 73.420372794196354, 20.306003194292757 ], [ 73.42044206856535, 20.307344242524042 ], [ 73.420187127589244, 20.308372898583471 ], [ 73.419928745948454, 20.309811523535547 ], [ 73.41967645973827, 20.310163126350989 ], [ 73.41958670343746, 20.310477778095564 ], [ 73.419496947776153, 20.310792428090192 ], [ 73.419373313073763, 20.31122584932309 ], [ 73.419271229328643, 20.311583713305559 ], [ 73.419180289428724, 20.311902505279882 ], [ 73.419089350111548, 20.312221296423751 ], [ 73.419009777740911, 20.312500238476517 ], [ 73.418930205127282, 20.312779178727027 ], [ 73.418830085598387, 20.313138208312985 ], [ 73.418761477757613, 20.313628490184161 ], [ 73.418660976334195, 20.31404478050527 ], [ 73.418454492144846, 20.314318983147711 ], [ 73.418318782226393, 20.314559514310687 ], [ 73.418184733288882, 20.314850995105026 ], [ 73.418029961922244, 20.315224805917836 ], [ 73.417851011568075, 20.315630658754888 ], [ 73.4176551684603, 20.315932393768851 ], [ 73.417466131422984, 20.316190720872765 ], [ 73.41715329016067, 20.316410056428957 ], [ 73.416817018677548, 20.31661021614422 ], [ 73.416537385836463, 20.316727428955272 ], [ 73.416211737217537, 20.316848485933598 ], [ 73.415805247338071, 20.317003746770943 ], [ 73.415477898642095, 20.317256773528925 ], [ 73.415335362879205, 20.317612655081298 ], [ 73.41534872573196, 20.317928207550558 ], [ 73.415448724240719, 20.318184823109615 ], [ 73.415775824872966, 20.318462912180298 ], [ 73.416085536237574, 20.318756411270972 ], [ 73.416321017120381, 20.319050871671649 ], [ 73.416498600984397, 20.319280203619069 ], [ 73.416628856624328, 20.319512168210363 ], [ 73.416762846486563, 20.319831072206991 ], [ 73.416811710396274, 20.320159542514791 ], [ 73.416707254665781, 20.320502116327503 ], [ 73.416452476752397, 20.320821918476216 ], [ 73.416260984108035, 20.321039630167753 ], [ 73.416084874580818, 20.321303499229646 ], [ 73.41605783345814, 20.321688398484781 ], [ 73.416165696274291, 20.322082541828618 ], [ 73.416278805449721, 20.322398242530415 ], [ 73.416377775875347, 20.322674481781164 ], [ 73.416410936646443, 20.322956227394481 ], [ 73.416298817403458, 20.323283791768972 ], [ 73.416156731383296, 20.323589856576437 ], [ 73.416064720861854, 20.323895193478602 ], [ 73.416145677958966, 20.324333728307067 ], [ 73.416177076426195, 20.324734726530217 ], [ 73.416085373180238, 20.324982109104347 ], [ 73.415940647539188, 20.325236710595576 ], [ 73.415590096319789, 20.325469752257671 ], [ 73.415215252100097, 20.325505186903172 ], [ 73.414907873176077, 20.325466729425749 ], [ 73.414600494429948, 20.325428271317243 ], [ 73.414319451638477, 20.325398209485055 ], [ 73.414010690587304, 20.325463340056512 ], [ 73.4138278583507, 20.325692023645253 ], [ 73.413862339511127, 20.32596442405303 ], [ 73.413944231370508, 20.326248845314666 ], [ 73.414136167076308, 20.326512322002756 ], [ 73.414312133855773, 20.32674133811188 ], [ 73.414526837746635, 20.327041944645046 ], [ 73.414685900025503, 20.32741838030357 ], [ 73.414832772917634, 20.327741154393227 ], [ 73.415173428705771, 20.327977667422658 ], [ 73.415513775618464, 20.328038183432813 ], [ 73.415904790298455, 20.328079187613522 ], [ 73.416295804291707, 20.328120189811024 ], [ 73.416643371929069, 20.32815663788276 ], [ 73.416990939757071, 20.328193085147028 ], [ 73.417286519621101, 20.328248841322445 ], [ 73.417544150063833, 20.328386957056878 ], [ 73.417777111821664, 20.328643259479044 ], [ 73.417938307858861, 20.328950838513705 ], [ 73.418086008389182, 20.329314058694749 ], [ 73.418217880486139, 20.329693290801455 ], [ 73.418390190852804, 20.329998750455971 ], [ 73.41847996437393, 20.330339393001033 ], [ 73.418344896936603, 20.330778889890652 ], [ 73.418136872328361, 20.331070587476983 ], [ 73.417879438161478, 20.331351300091658 ], [ 73.417622866010831, 20.331631075745385 ], [ 73.417350447994195, 20.331934550907803 ], [ 73.417124862339904, 20.33227856390312 ], [ 73.417047917269656, 20.332567900021935 ], [ 73.416996734660543, 20.332886023622095 ], [ 73.41704175966828, 20.333268685762235 ], [ 73.417193598729256, 20.333565866432529 ], [ 73.417350007970185, 20.333877808617157 ], [ 73.417431525536287, 20.334249873574308 ], [ 73.417342937562424, 20.334660092287773 ], [ 73.417206822486577, 20.335049577869512 ], [ 73.417031454472507, 20.335312446950546 ], [ 73.416769983573658, 20.335476854868844 ], [ 73.416409329418656, 20.335592196964825 ], [ 73.416067586928619, 20.33561711870086 ], [ 73.415767207249075, 20.335633956533105 ], [ 73.415441589019537, 20.335643268271983 ], [ 73.415126573964926, 20.335646622947525 ], [ 73.414846148332259, 20.335657633461704 ], [ 73.414551749776507, 20.335757504436849 ], [ 73.414291503829702, 20.336042060197727 ], [ 73.414219131978868, 20.336427366258935 ], [ 73.414278279604559, 20.33681055456108 ], [ 73.414350340450085, 20.337096984424726 ], [ 73.414376569225126, 20.337370459256068 ], [ 73.414363747718966, 20.337695644754742 ], [ 73.414214360046401, 20.338103820709517 ], [ 73.413930249911289, 20.338524136745566 ], [ 73.413694289414579, 20.33887321945036 ], [ 73.413486392520355, 20.33918078291283 ], [ 73.413287288178509, 20.339481701699555 ], [ 73.413197004476174, 20.339799972383066 ], [ 73.413148644817042, 20.340126294536805 ], [ 73.413106329456397, 20.34041182601328 ], [ 73.41304787402531, 20.340688746768809 ], [ 73.412908294761081, 20.340964604028471 ], [ 73.412784598325118, 20.341265869381363 ], [ 73.412696154514052, 20.341579360241568 ], [ 73.412607711304872, 20.341892850270121 ], [ 73.412508212768159, 20.342245524904126 ], [ 73.412430824836321, 20.342519825909712 ], [ 73.412353437467573, 20.342794128828441 ], [ 73.41227443549073, 20.34309874924622 ], [ 73.412203260470648, 20.343424822876045 ], [ 73.41220237121675, 20.343805537276971 ], [ 73.412428956606306, 20.344202860186552 ], [ 73.412812062665822, 20.344481060969574 ], [ 73.413051669559948, 20.344715376776239 ], [ 73.413252114307937, 20.344993745204221 ], [ 73.413411522405383, 20.345335306577969 ], [ 73.413488757172175, 20.345640758607086 ], [ 73.413341865521772, 20.346002965489355 ], [ 73.413083816709687, 20.34630761223319 ], [ 73.412798731085843, 20.346543055725014 ], [ 73.41233671219112, 20.346815444692464 ], [ 73.411975102623273, 20.347016605545864 ], [ 73.41172043423569, 20.347156677945591 ], [ 73.411452661449005, 20.347290461587665 ], [ 73.411144873793234, 20.34744251326854 ], [ 73.410875559600342, 20.347575556057667 ], [ 73.410606245750756, 20.347708600258162 ], [ 73.410298458059813, 20.347860651261534 ], [ 73.409934864291145, 20.34807946944829 ], [ 73.409522200406954, 20.348429673099453 ], [ 73.409310664968899, 20.348800412364454 ], [ 73.409226283940356, 20.349160896430266 ], [ 73.409225393568079, 20.349433504235353 ], [ 73.409246089802195, 20.34974245358266 ], [ 73.409278184337893, 20.350077333454916 ], [ 73.409376050122248, 20.35041862842483 ], [ 73.409646522667842, 20.350728902613007 ], [ 73.409957127282865, 20.350950591028891 ], [ 73.410271756166097, 20.35109665613907 ], [ 73.410555830706429, 20.351209615231205 ], [ 73.410848458436604, 20.351307250615601 ], [ 73.411182891617912, 20.351418836288197 ], [ 73.411596498772781, 20.351542676548664 ], [ 73.412034417647263, 20.35161311335564 ], [ 73.412320714093951, 20.351675257431321 ], [ 73.412607010899478, 20.351737399125394 ], [ 73.412933110402165, 20.351814344728197 ], [ 73.413284759446171, 20.351983128217942 ], [ 73.413618759917782, 20.352179154885526 ], [ 73.413727228276912, 20.352501528133512 ], [ 73.413628626094265, 20.352899898517176 ], [ 73.41339099422764, 20.353274575008829 ], [ 73.413110009426305, 20.353594437933708 ], [ 73.412814196308588, 20.353949065994069 ], [ 73.412780244251138, 20.354282813567949 ], [ 73.412845546945277, 20.354623966164578 ], [ 73.413117415268843, 20.354950245429077 ], [ 73.413396751353872, 20.355246978242548 ], [ 73.413445075350211, 20.35570332181172 ], [ 73.413428739825648, 20.356167126529488 ], [ 73.413409374121969, 20.356636988241043 ], [ 73.41335046341662, 20.356990105768556 ], [ 73.413283068732795, 20.357304231765937 ], [ 73.413224180398728, 20.357578704880961 ], [ 73.413165997756082, 20.357849885697881 ], [ 73.413091298184355, 20.358198050197661 ], [ 73.413011058201008, 20.358587835734877 ], [ 73.412954288899257, 20.358955094294174 ], [ 73.412912280789755, 20.359243023068935 ], [ 73.412870272407133, 20.359530953749271 ], [ 73.412830226410009, 20.359902923809695 ], [ 73.412675443437465, 20.360866314394126 ], [ 73.412485252340744, 20.361568031719919 ], [ 73.412174061766493, 20.36271618120664 ], [ 73.411791600108245, 20.36388228722841 ], [ 73.409834428255792, 20.367637377397866 ], [ 73.409070749627318, 20.36877699076339 ], [ 73.40838520520694, 20.370010782253079 ], [ 73.408174619183555, 20.370396090476227 ], [ 73.407822171057873, 20.370804299437719 ], [ 73.407522414853432, 20.371151478206823 ], [ 73.40733600418848, 20.371539778807044 ], [ 73.406452940310757, 20.373379220825164 ], [ 73.406164461110819, 20.374630849039189 ], [ 73.406145766000918, 20.375205364354954 ], [ 73.40612703080069, 20.375786972660489 ], [ 73.406235933532145, 20.378252126765336 ], [ 73.406455488018153, 20.381413953841239 ], [ 73.406457079408042, 20.382520039180882 ], [ 73.40645807122138, 20.383209518059676 ], [ 73.40612356377359, 20.384449753039792 ], [ 73.405342254516199, 20.385420693997698 ], [ 73.404244395598198, 20.385906048644109 ], [ 73.402859034947525, 20.385890870151652 ], [ 73.400097331993337, 20.384821417138099 ], [ 73.399344277088446, 20.384529800565975 ], [ 73.398445886611725, 20.383566650664193 ], [ 73.397884688602531, 20.382964993573292 ], [ 73.396076717388922, 20.381242101668054 ], [ 73.394362955188029, 20.37860754574967 ], [ 73.3908879796371, 20.375762130019169 ], [ 73.39022978716153, 20.375042623150925 ], [ 73.389314862891041, 20.374035184781093 ], [ 73.387688959001551, 20.372872931985743 ], [ 73.385634630871124, 20.371792071073635 ], [ 73.385031539151313, 20.371438438540654 ], [ 73.384743197487936, 20.371269362994795 ], [ 73.382842366964667, 20.372395475751528 ], [ 73.382053646720138, 20.373990935411939 ], [ 73.38118106222241, 20.375686416383317 ], [ 73.38042172808494, 20.377472876810064 ], [ 73.380109765821928, 20.378933466374658 ], [ 73.38008102967423, 20.379223652070809 ], [ 73.379935388534207, 20.380694322356515 ], [ 73.379909826078105, 20.381173399952711 ], [ 73.379843043403028, 20.382424946390895 ], [ 73.380227191917285, 20.384759599986292 ], [ 73.380145050203282, 20.387150395769346 ], [ 73.380286719993876, 20.387986304077561 ], [ 73.379952457131012, 20.389126161532008 ], [ 73.379331840572945, 20.390184300998225 ], [ 73.379463999826299, 20.390543045289618 ], [ 73.380019670118799, 20.391022097893305 ], [ 73.380154053488837, 20.39172371434632 ], [ 73.380024385081697, 20.392217668898827 ], [ 73.379783200809428, 20.393485546596324 ], [ 73.379954477698277, 20.394020917132373 ], [ 73.380647011723511, 20.394367138500627 ], [ 73.381509034463463, 20.394617137310277 ], [ 73.382904977974206, 20.395246538541144 ], [ 73.384423521479107, 20.396207467064983 ], [ 73.386487945932316, 20.397935815185356 ], [ 73.386897921728817, 20.398112903637195 ], [ 73.387294708577699, 20.398284293933433 ], [ 73.387855377537718, 20.398386770155145 ], [ 73.38853517902956, 20.398306450403176 ], [ 73.390113611681159, 20.397720972906498 ], [ 73.39294997340734, 20.396521895351864 ], [ 73.394352600436946, 20.396100167123002 ], [ 73.3951481802942, 20.396087124306437 ], [ 73.395929332483888, 20.396313120308914 ], [ 73.396425538775929, 20.396646813041649 ], [ 73.396776652495973, 20.397063553051296 ], [ 73.396978388890716, 20.397757367358366 ], [ 73.39695897091768, 20.398483372173356 ], [ 73.396807043620555, 20.399608508735195 ], [ 73.397071868129885, 20.400745539668616 ], [ 73.39752896147678, 20.402080035485898 ], [ 73.398026160002331, 20.403807673178733 ], [ 73.398426160541845, 20.404649421998645 ], [ 73.398714340765821, 20.405087583654087 ], [ 73.39927071864885, 20.405568076010205 ], [ 73.399519747498573, 20.405783137349498 ], [ 73.400099368343376, 20.406032509219042 ], [ 73.40084053843708, 20.406134632642541 ], [ 73.401544435302085, 20.406121491534023 ], [ 73.401924347362126, 20.406055896734127 ], [ 73.402433680967931, 20.405759646796842 ], [ 73.402887445913862, 20.405333100616982 ], [ 73.403384756405856, 20.404665294966531 ], [ 73.404812834200612, 20.402971720670077 ], [ 73.405510602740392, 20.402821668911137 ], [ 73.405929634644124, 20.402950990826827 ], [ 73.406213489620825, 20.403366536755289 ], [ 73.406195726466791, 20.404498574385826 ], [ 73.406082141855407, 20.405863440635716 ], [ 73.405640388384185, 20.407348939259627 ], [ 73.405335629309405, 20.408094463274477 ], [ 73.404880640231468, 20.409207467655563 ], [ 73.404748740268673, 20.409530122599392 ], [ 73.404975932612942, 20.410028172317713 ], [ 73.405574101284657, 20.410180869205391 ], [ 73.406174210993314, 20.410128390809152 ], [ 73.406992644318336, 20.409696204506773 ], [ 73.407881892928629, 20.409554129652971 ], [ 73.408623243129327, 20.409668399828295 ], [ 73.409977000127185, 20.409970124341825 ], [ 73.411534207551782, 20.410444372336507 ], [ 73.412333666428722, 20.410724659141543 ], [ 73.412506043935679, 20.41097139020204 ], [ 73.41267832811225, 20.411218027695455 ], [ 73.412871633355607, 20.411857606522069 ], [ 73.412954709715038, 20.412973345628647 ], [ 73.41303616567734, 20.413386327286641 ], [ 73.413198484968291, 20.414209291761772 ], [ 73.413472035029457, 20.41490432284996 ], [ 73.413736447983595, 20.41582482668959 ], [ 73.414025823747906, 20.416208893345051 ], [ 73.414311745291812, 20.41629062734027 ], [ 73.414644421615407, 20.416183702417147 ], [ 73.414877792446376, 20.415928216114633 ], [ 73.415208126512411, 20.415462730203192 ], [ 73.415362741246653, 20.415244582850086 ], [ 73.415667413706657, 20.414713243940746 ], [ 73.415823655994572, 20.414472311048172 ], [ 73.416295005257524, 20.413903091635117 ], [ 73.417193280631778, 20.413075356681002 ], [ 73.418087172041453, 20.412694113444381 ], [ 73.418719907550724, 20.412682785575928 ], [ 73.419191923199946, 20.41280372661323 ], [ 73.41958473177877, 20.41304534547961 ], [ 73.419727327369159, 20.413345616037983 ], [ 73.419643105768998, 20.413723058134277 ], [ 73.41926227340582, 20.414647005545046 ], [ 73.418571122478966, 20.416063718290197 ], [ 73.418443008465673, 20.417150714732383 ], [ 73.418548780334717, 20.417908495701532 ], [ 73.418860269765318, 20.418626727857664 ], [ 73.419502364703249, 20.419958143113639 ], [ 73.420608745970554, 20.421057695771864 ], [ 73.421187523999379, 20.421383556386171 ], [ 73.42158253091192, 20.4216059494529 ], [ 73.422034855103547, 20.421842699975315 ], [ 73.4230822069526, 20.422256802541622 ], [ 73.423096794042394, 20.422685088288183 ], [ 73.422957561380954, 20.422999972618197 ], [ 73.422757745626029, 20.423590420241151 ], [ 73.422656730170942, 20.424093962393787 ], [ 73.422680536774678, 20.424780284451899 ], [ 73.42273217010478, 20.425119350966256 ], [ 73.422725550239804, 20.425451358636295 ], [ 73.422708700889871, 20.426296397221897 ], [ 73.422644566729701, 20.426629076497395 ], [ 73.422247746623924, 20.426825100240116 ], [ 73.421806594556529, 20.426839866107269 ], [ 73.421376886002292, 20.42676460858149 ], [ 73.421011632466474, 20.427011250208288 ], [ 73.420890566365628, 20.427843309852094 ], [ 73.421098716613358, 20.428459684223263 ], [ 73.421303794312493, 20.4288586189952 ], [ 73.421113010270844, 20.42966528963716 ], [ 73.421115585858828, 20.430017200708942 ], [ 73.421368471683266, 20.430314968951432 ], [ 73.421611738786936, 20.430732014899696 ], [ 73.42228108969492, 20.432131170960819 ], [ 73.422351283656866, 20.432452643804275 ], [ 73.422372027839316, 20.432863620811482 ], [ 73.422489965882207, 20.433195023804643 ], [ 73.422632932917537, 20.433472668609571 ], [ 73.422674536093268, 20.433793712849742 ], [ 73.422849068881604, 20.434171329132464 ], [ 73.42295161917319, 20.434678366793989 ], [ 73.423068014415691, 20.434969063215078 ], [ 73.42425443343997, 20.436343161431523 ], [ 73.425143530060225, 20.437110103955046 ], [ 73.426274900813013, 20.438439147260834 ], [ 73.427298959163437, 20.439707581088175 ], [ 73.428113446697736, 20.440716423967991 ], [ 73.428260858106711, 20.440987323530184 ], [ 73.428830009359061, 20.442175504643835 ], [ 73.429283516109024, 20.444128236980035 ], [ 73.429336444183605, 20.44448419288144 ], [ 73.429247077470635, 20.444759633882438 ], [ 73.429247440505193, 20.445219788903096 ], [ 73.42931900238905, 20.445482598506128 ], [ 73.429943406127123, 20.446129809449122 ], [ 73.43008199383921, 20.446393911877646 ], [ 73.430164784828762, 20.446929993619435 ], [ 73.430417435777358, 20.447360790409494 ], [ 73.430550475270749, 20.448201731633343 ], [ 73.430815247100682, 20.448563288790869 ], [ 73.431027374712244, 20.448798409781634 ], [ 73.431087707194052, 20.449082353322844 ], [ 73.431239536392539, 20.44933374056555 ], [ 73.431511598669147, 20.449698927245954 ], [ 73.431340755460397, 20.450575705968273 ], [ 73.431204712971748, 20.450941317886297 ], [ 73.430936514167726, 20.451385154229566 ], [ 73.430852548020823, 20.451753607615821 ], [ 73.430846169423987, 20.452073834452886 ], [ 73.430992508461273, 20.452397224227894 ], [ 73.431274389650426, 20.4530559522224 ], [ 73.431324326839189, 20.453336478474778 ], [ 73.431326253711802, 20.453719755216046 ], [ 73.431203812449482, 20.454092131680031 ], [ 73.431010854227964, 20.454395503237315 ], [ 73.431424629174643, 20.45431704602511 ], [ 73.431943578995345, 20.45400591743461 ], [ 73.432366202272561, 20.453963745619966 ], [ 73.432851403073656, 20.45366548859813 ], [ 73.434497625985358, 20.454754686914381 ], [ 73.435468589147447, 20.455822940355162 ], [ 73.435853069144386, 20.456603808603344 ], [ 73.435909499568666, 20.457026221034976 ], [ 73.436145320892578, 20.457463406508449 ], [ 73.436367773708966, 20.458089895685742 ], [ 73.436563599842771, 20.45848833840936 ], [ 73.4368319156859, 20.45885144897758 ], [ 73.436993787103887, 20.459182811041273 ], [ 73.437472157412913, 20.460162066338469 ], [ 73.437672603913967, 20.4604692666673 ], [ 73.438026717185068, 20.461014012046189 ], [ 73.438387787844874, 20.461842934569383 ], [ 73.438701798273058, 20.462200340527239 ], [ 73.438869264131796, 20.46245585298696 ], [ 73.438966444857385, 20.462872680080384 ], [ 73.439154245760761, 20.463313550433533 ], [ 73.440014215368706, 20.464625834154504 ], [ 73.440353529761268, 20.465143611102082 ], [ 73.440804430521496, 20.465722035713615 ], [ 73.441076633075951, 20.466259084826181 ], [ 73.441200025771579, 20.466742122852317 ], [ 73.441407083916033, 20.467178957443718 ], [ 73.441752908467876, 20.467602471774399 ], [ 73.442192919777128, 20.46802787197057 ], [ 73.442804447682818, 20.4689538218243 ], [ 73.442800397736377, 20.469323118818316 ], [ 73.442445870868426, 20.469660507645401 ], [ 73.442251640555241, 20.469863220018173 ], [ 73.44182437823649, 20.470297931347474 ], [ 73.442262130929478, 20.470708328596917 ], [ 73.443276687396917, 20.472002865901167 ], [ 73.444009279394876, 20.473491028909589 ], [ 73.444837133806445, 20.474773319036551 ], [ 73.445607284203845, 20.475341628975873 ], [ 73.446374015153694, 20.475589732316845 ], [ 73.448164231268322, 20.475964180875231 ], [ 73.449528325966796, 20.476145010676351 ], [ 73.449879019162054, 20.476191500729534 ], [ 73.45075063364736, 20.476307045440645 ], [ 73.452647194977203, 20.47662903190195 ], [ 73.454687098023982, 20.477219604859489 ], [ 73.455517316763377, 20.477658314107693 ], [ 73.456256896152851, 20.478320867937853 ], [ 73.456461624709277, 20.479058373045227 ], [ 73.456761903087084, 20.480418490452642 ], [ 73.456955209011269, 20.482280628178401 ], [ 73.457059613322144, 20.48308216595268 ], [ 73.457192581237976, 20.484102997900727 ], [ 73.457057408052336, 20.487060039190123 ], [ 73.457219081333506, 20.488339698220372 ], [ 73.45747227105629, 20.489294164185615 ], [ 73.457620656210651, 20.489853540283363 ], [ 73.457986363271644, 20.490514079562516 ], [ 73.458652223067574, 20.491288091410887 ], [ 73.459125211180989, 20.491837896146517 ], [ 73.460731441890445, 20.493282490872087 ], [ 73.46273352070672, 20.49482888909786 ], [ 73.46434540099213, 20.495745790242953 ], [ 73.466039321388024, 20.496149862906702 ], [ 73.467672781691689, 20.496462535411489 ], [ 73.467544677230435, 20.496879812837214 ], [ 73.467477365933817, 20.497135802062839 ], [ 73.467445830142935, 20.49776238772867 ], [ 73.467369724501893, 20.498216731415134 ], [ 73.467452671899977, 20.498633291149286 ], [ 73.467616847811726, 20.499153761869184 ], [ 73.467777504469112, 20.499663075242033 ], [ 73.467799889206958, 20.499988252647359 ], [ 73.467760656836248, 20.500376503698728 ], [ 73.467728434172642, 20.500695388549623 ], [ 73.467682669207477, 20.502857018031314 ], [ 73.468057327669129, 20.503809727830223 ], [ 73.468263925700001, 20.504749019002404 ], [ 73.46854296402465, 20.506126180841484 ], [ 73.468328320334479, 20.506461522296512 ], [ 73.46789115368243, 20.506718341882969 ], [ 73.467374168745749, 20.507689614074895 ], [ 73.467218329807167, 20.508110231850676 ], [ 73.467026237102274, 20.508628687581009 ], [ 73.466895512388007, 20.508981513418135 ], [ 73.466929480404872, 20.509722164013219 ], [ 73.467241493485872, 20.510304492989707 ], [ 73.467414580844576, 20.511275553127227 ], [ 73.467755543336494, 20.512246311788573 ], [ 73.467859381063235, 20.512792433856969 ], [ 73.467689084745601, 20.513343968294404 ], [ 73.467550494600687, 20.514152376603594 ], [ 73.467896047950006, 20.514698705886069 ], [ 73.46830416483084, 20.515863591218579 ], [ 73.468890057944449, 20.517380883918243 ], [ 73.469469938970633, 20.519325484788354 ], [ 73.469608273556815, 20.519789293047538 ], [ 73.470075100272837, 20.520550515567667 ], [ 73.470278149294145, 20.52085249011995 ], [ 73.472670045410879, 20.522807438014613 ], [ 73.473553506519949, 20.523524857664697 ], [ 73.479174778554921, 20.527238529377872 ], [ 73.48079896680882, 20.528175443834364 ], [ 73.48121948948986, 20.528418021114053 ], [ 73.481868186776751, 20.528792221367894 ], [ 73.482163988383263, 20.528962853502293 ], [ 73.485908602303212, 20.531122905703942 ], [ 73.487463559596804, 20.532058841286027 ], [ 73.488479423775885, 20.532670289481256 ], [ 73.491496757645848, 20.534831631117136 ], [ 73.49247326072225, 20.535576873221022 ], [ 73.492767995021254, 20.535801791183367 ], [ 73.493142603502065, 20.536641504362333 ], [ 73.493761240027311, 20.538172208453645 ], [ 73.493726094362771, 20.53868155630612 ], [ 73.493657488487372, 20.539098053704958 ], [ 73.493497395494984, 20.53932558952674 ], [ 73.493317438610319, 20.539581532905164 ], [ 73.493072789875811, 20.539731601806924 ], [ 73.492632094111343, 20.540001929183155 ], [ 73.492207178935502, 20.540141909841285 ], [ 73.491097553461017, 20.540507451036635 ], [ 73.490269127158285, 20.540780352366621 ], [ 73.489111205413352, 20.540982972775005 ], [ 73.488792522803308, 20.541038775707406 ], [ 73.48758437077052, 20.541062183591478 ], [ 73.48633732680176, 20.540981980939513 ], [ 73.485396571032084, 20.540921469184383 ], [ 73.485081424299267, 20.540901198533287 ], [ 73.484389533042773, 20.540932017541486 ], [ 73.48394082179982, 20.540952004247021 ], [ 73.482818433016973, 20.541002030574553 ], [ 73.481033860796472, 20.54130444458513 ], [ 73.480739012810687, 20.541354408515947 ], [ 73.478431838501663, 20.541745330781307 ], [ 73.476614998745205, 20.542170875167233 ], [ 73.475836099419141, 20.542684826050021 ], [ 73.475282854804504, 20.543591231064816 ], [ 73.475173207339793, 20.544366659684233 ], [ 73.475519974835464, 20.546642717621303 ], [ 73.476342197793556, 20.550164947474517 ], [ 73.477202774122958, 20.553687203494146 ], [ 73.477280739281838, 20.554096979791954 ], [ 73.477926119371176, 20.557485330414153 ], [ 73.478577998516172, 20.559449133926204 ], [ 73.478990958612314, 20.560063108414255 ], [ 73.479091931921289, 20.560609530496816 ], [ 73.478958876085699, 20.562357366102038 ], [ 73.47864977527189, 20.563657684694171 ], [ 73.478557123867091, 20.564047445179913 ], [ 73.478028678341374, 20.566270457921384 ], [ 73.477830379650925, 20.56710466438836 ], [ 73.477524801887867, 20.569990403221784 ], [ 73.477458755349716, 20.570614078015389 ], [ 73.477002559394776, 20.571569263325571 ], [ 73.476193851869326, 20.572421267100307 ], [ 73.475868930732958, 20.573167174440236 ], [ 73.475475596757207, 20.574070126208614 ], [ 73.474958688644378, 20.575687270555452 ], [ 73.474825969223701, 20.577927459278829 ], [ 73.474659136675086, 20.57953981496668 ], [ 73.474521521835015, 20.580591904997608 ], [ 73.474411505631053, 20.581432989475719 ], [ 73.474354348181862, 20.581869970861415 ], [ 73.474291965606369, 20.582346888230127 ], [ 73.474188752219362, 20.583135958428581 ], [ 73.473777917038305, 20.58383181611185 ], [ 73.473218903100303, 20.584711753105658 ], [ 73.472567017311334, 20.585389647904165 ], [ 73.472020584835917, 20.585809873562521 ], [ 73.470786626261329, 20.586300559060827 ], [ 73.470064347754047, 20.586587766576077 ], [ 73.46855888857759, 20.587428592619272 ], [ 73.467767807138173, 20.587785925708186 ], [ 73.466022405411451, 20.58849592668486 ], [ 73.464061789915348, 20.589637812662971 ], [ 73.46363351747658, 20.589725522904565 ], [ 73.46296804676625, 20.589789132331841 ], [ 73.461524342781871, 20.589613793068651 ], [ 73.460097185468186, 20.589592353156153 ], [ 73.459193378127623, 20.58957877415434 ], [ 73.457754775643053, 20.589967841871005 ], [ 73.454906764519606, 20.591649290721481 ], [ 73.451890724313017, 20.59329903032825 ], [ 73.450945377968623, 20.593623192786268 ], [ 73.450378578517501, 20.593817549663441 ], [ 73.449125531126029, 20.594240735764998 ], [ 73.448809448477064, 20.594257076467724 ], [ 73.448325645792792, 20.594281998981845 ], [ 73.447675273921888, 20.594315633132251 ], [ 73.447391304939643, 20.594137112570618 ], [ 73.445767872294198, 20.594256905280531 ], [ 73.444514407354873, 20.594298620740368 ], [ 73.442506955113004, 20.594067909744641 ], [ 73.440867502684668, 20.593710623221885 ], [ 73.439877000518749, 20.593575114993808 ], [ 73.437952878062561, 20.593421887403601 ], [ 73.436658543065107, 20.59331881062673 ], [ 73.435618462388589, 20.59329616794847 ], [ 73.433611215625859, 20.593456597536132 ], [ 73.432282644881269, 20.593632996885049 ], [ 73.431425936414399, 20.593954397452425 ], [ 73.430878626027337, 20.59430521536715 ], [ 73.429926546992618, 20.595129489122613 ], [ 73.429109670846159, 20.596315578977507 ], [ 73.429076648102978, 20.597607189689583 ], [ 73.429267661179367, 20.59822581431418 ], [ 73.429455927908307, 20.598835539592997 ], [ 73.430103685304658, 20.59933202895812 ], [ 73.431205666424361, 20.599717815714349 ], [ 73.431576039815639, 20.600064176106887 ], [ 73.431410050949765, 20.600312538998416 ], [ 73.430519857026368, 20.600585894923935 ], [ 73.429763616102321, 20.600818116512492 ], [ 73.427226523456767, 20.601658887293826 ], [ 73.427055299715647, 20.602206202280026 ], [ 73.427601306483936, 20.603307208950451 ], [ 73.42760143200978, 20.603806981579517 ], [ 73.427601508361846, 20.604115686828511 ], [ 73.427378059084404, 20.604806652675254 ], [ 73.427395745393227, 20.605181626692403 ], [ 73.427875593446458, 20.605764003754967 ], [ 73.428048569500305, 20.606635587520667 ], [ 73.427936672400946, 20.607174545543355 ], [ 73.427156800277615, 20.608121739292617 ], [ 73.42664375659065, 20.608605059470491 ], [ 73.425890775988066, 20.608867286638066 ], [ 73.425651059531575, 20.609156498386412 ], [ 73.425631688977901, 20.609670406852818 ], [ 73.425530012532491, 20.612021041186441 ], [ 73.425426893660003, 20.612336208440247 ], [ 73.42506695652483, 20.612647619267342 ], [ 73.424434804616638, 20.613112575773044 ], [ 73.423846597748053, 20.614030308761375 ], [ 73.423594905374614, 20.614423003563086 ], [ 73.42344257239489, 20.614881560145296 ], [ 73.423662506182865, 20.615457148444694 ], [ 73.424521272911775, 20.616165941006653 ], [ 73.424895700681063, 20.616784571403667 ], [ 73.424795303697692, 20.617882128804951 ], [ 73.424613141813339, 20.618874021370466 ], [ 73.424522410373768, 20.619368056492082 ], [ 73.424210744046249, 20.620302951493052 ], [ 73.423776972159899, 20.62071579310976 ], [ 73.423271117363029, 20.621189428226579 ], [ 73.423093483105177, 20.62140858383502 ], [ 73.422805946825179, 20.622471086789584 ], [ 73.422739042788606, 20.622891260143447 ], [ 73.422532657663751, 20.623085455602929 ], [ 73.422013940041623, 20.623218107893329 ], [ 73.421535096883986, 20.623474177982075 ], [ 73.421333817738002, 20.624314225686902 ], [ 73.42119219031099, 20.625500897942597 ], [ 73.420917901325708, 20.625985699790494 ], [ 73.420164200409474, 20.627317843851799 ], [ 73.41925519760585, 20.62793467622474 ], [ 73.418479100974594, 20.628021303679443 ], [ 73.416955839845556, 20.627564198730301 ], [ 73.416340740897269, 20.62737753411265 ], [ 73.414421627023358, 20.626632775764708 ], [ 73.413323066259579, 20.62682726025486 ], [ 73.411605804063285, 20.627215985002746 ], [ 73.41127250275612, 20.627134765069737 ], [ 73.410568968054292, 20.626932609016244 ], [ 73.409422227536851, 20.62633534746228 ], [ 73.409087323560485, 20.626078911846903 ], [ 73.40832739855648, 20.62524667661636 ], [ 73.407747310184973, 20.624424769756121 ], [ 73.40721260387761, 20.623968509437532 ], [ 73.407113208333001, 20.624963530877519 ], [ 73.406942455557058, 20.62547369305015 ], [ 73.407096123271572, 20.627479377945505 ], [ 73.40772986767108, 20.628607864113086 ], [ 73.408598249253657, 20.629276091289437 ], [ 73.408830338424778, 20.629425071507764 ], [ 73.409687558953095, 20.63006163120307 ], [ 73.409737009491536, 20.630344198509164 ], [ 73.409118693521748, 20.630966396829336 ], [ 73.408086964039342, 20.631955355920098 ], [ 73.407775931982229, 20.632252390049278 ], [ 73.407383238304888, 20.632629897636402 ], [ 73.407462485823928, 20.633457487324417 ], [ 73.407251443813664, 20.634451902810085 ], [ 73.406887849680999, 20.635501864014863 ], [ 73.404738102671089, 20.637196281043014 ], [ 73.404236717556628, 20.637591467100638 ], [ 73.402672942796983, 20.63855361013594 ], [ 73.398942998970327, 20.640309683171711 ], [ 73.397228877363759, 20.640880993185217 ], [ 73.395463896347337, 20.640932932392424 ], [ 73.394538596351893, 20.640718910956537 ], [ 73.39412200388648, 20.640777008836377 ], [ 73.394015120262111, 20.641260771249595 ], [ 73.393728124910183, 20.64175675506123 ], [ 73.392545319468965, 20.644669589437758 ], [ 73.391982177837079, 20.646056365164647 ], [ 73.392016055725762, 20.648964796277088 ], [ 73.392249874500877, 20.649268590738998 ], [ 73.392670524871065, 20.649774125577071 ], [ 73.393052687792107, 20.650246708252936 ], [ 73.393260383304479, 20.6505035429084 ], [ 73.393513332255509, 20.650816337386797 ], [ 73.394322904889805, 20.651499298783989 ], [ 73.395704901559, 20.652681765688339 ], [ 73.396540434519551, 20.652732738407131 ], [ 73.397070095885041, 20.652765050727904 ], [ 73.398688051566751, 20.652781219731722 ], [ 73.399494667251318, 20.652885859891395 ], [ 73.401723138553322, 20.653102679620204 ], [ 73.403066259162486, 20.653707380688147 ], [ 73.403354612510185, 20.653939948589016 ], [ 73.404539896983721, 20.654370820013405 ], [ 73.405969821552219, 20.655014563060831 ], [ 73.407276737327578, 20.656209083030266 ], [ 73.408167220786083, 20.657002235304159 ], [ 73.408690200895776, 20.65746121892121 ], [ 73.40907506159914, 20.65780827197257 ], [ 73.410097849161602, 20.658775942102455 ], [ 73.411094617612591, 20.659975263279598 ], [ 73.411934899642418, 20.660781009313634 ], [ 73.412458353673742, 20.661466929560195 ], [ 73.413015088349752, 20.661680177306344 ], [ 73.415067259910813, 20.661719887462912 ], [ 73.416598168831896, 20.661718216642083 ], [ 73.417613978028569, 20.661463041366503 ], [ 73.41817309725576, 20.661322588711243 ], [ 73.418903683919623, 20.660935386564439 ], [ 73.419666488746103, 20.660721632459509 ], [ 73.420700344234589, 20.661045243823221 ], [ 73.421412301257959, 20.661302297358613 ], [ 73.422344311798042, 20.661679769093826 ], [ 73.425323526293809, 20.662886326756304 ], [ 73.428015634525352, 20.663333863859048 ], [ 73.429270467909319, 20.663570281303002 ], [ 73.429887221478694, 20.663919179503107 ], [ 73.43008800892602, 20.664101233442658 ], [ 73.430952694824086, 20.664885235541504 ], [ 73.433641258231461, 20.668104463430009 ], [ 73.434395271672287, 20.669942304312894 ], [ 73.434512079183875, 20.671885790420603 ], [ 73.434535329272151, 20.672272634471994 ], [ 73.433988966059459, 20.67403407796759 ], [ 73.433375331310145, 20.67555172733751 ], [ 73.433124193799387, 20.675919278715412 ], [ 73.432509080350471, 20.676819850906021 ], [ 73.432153586464764, 20.677340317942043 ], [ 73.43479610871691, 20.678420817459987 ], [ 73.435948739304322, 20.678879394984254 ], [ 73.438108575222245, 20.679266999626513 ], [ 73.440144399000076, 20.679760200102592 ], [ 73.442092035611196, 20.680232033906215 ], [ 73.443199042893596, 20.680578740886371 ], [ 73.443531971416803, 20.680683011838667 ], [ 73.443845096359325, 20.680961456719412 ], [ 73.444151280062414, 20.681233724905049 ], [ 73.444762421130164, 20.682382786422522 ], [ 73.44504462998502, 20.682913385695816 ], [ 73.445204711867774, 20.683434642944814 ], [ 73.445593456786568, 20.684700457648006 ], [ 73.44616934371183, 20.686575592279155 ], [ 73.448336509253167, 20.692296755019949 ], [ 73.44832380444538, 20.692651485698146 ], [ 73.448274257380717, 20.694034877285944 ], [ 73.448119254483345, 20.694762130752832 ], [ 73.447824781070963, 20.695959586441511 ], [ 73.447316460783142, 20.695982162543828 ], [ 73.446132213370092, 20.696034607465336 ], [ 73.445559403992888, 20.696059973447252 ], [ 73.444753250566777, 20.69635581841036 ], [ 73.44353918955899, 20.69680135923571 ], [ 73.44227191083705, 20.697841914092834 ], [ 73.44144537222796, 20.698925735305256 ], [ 73.440828772148734, 20.699742511003375 ], [ 73.440912121799315, 20.700194387593609 ], [ 73.441020936242552, 20.700727202059408 ], [ 73.441740601642579, 20.702454312493522 ], [ 73.442616386747204, 20.704556064431369 ], [ 73.444173325756054, 20.705983843686756 ], [ 73.444290709169493, 20.706552996197679 ], [ 73.44424466772152, 20.7071352611596 ], [ 73.444220869591689, 20.707409752228237 ], [ 73.444327397649445, 20.707726299296475 ], [ 73.44446161005672, 20.708473001337488 ], [ 73.444761416001441, 20.709236486070594 ], [ 73.445026195962711, 20.70997525376016 ], [ 73.445801473782055, 20.710705962389522 ], [ 73.447439972514303, 20.711724154216991 ], [ 73.447698014032071, 20.711984421982255 ], [ 73.448076870988743, 20.712535003181561 ], [ 73.448477074003605, 20.713247638306139 ], [ 73.448673372422846, 20.713730381830455 ], [ 73.448912119619223, 20.715135666710307 ], [ 73.449039924172993, 20.715508817227803 ], [ 73.449137936839193, 20.716086824330642 ], [ 73.44928496074003, 20.716698732988672 ], [ 73.449101411088137, 20.717221835568377 ], [ 73.449508147787299, 20.71750466850677 ], [ 73.449817302042689, 20.717539450162935 ], [ 73.450464074891741, 20.717293543718561 ], [ 73.451042336213575, 20.716978195958916 ], [ 73.451656092779615, 20.716608366365712 ], [ 73.452692180145803, 20.716239816015399 ], [ 73.454132251755453, 20.716207521092812 ], [ 73.454787799953166, 20.716374448019092 ], [ 73.455778894327167, 20.716626817605835 ], [ 73.456723137465843, 20.716742413770312 ], [ 73.457358227775558, 20.716820162611306 ], [ 73.458356762423435, 20.716950632137113 ], [ 73.459177418302119, 20.716882465065208 ], [ 73.460277245195812, 20.717789800132579 ], [ 73.460829514711264, 20.718110703243958 ], [ 73.461271141315677, 20.718367315634836 ], [ 73.462096983581063, 20.718755370875495 ], [ 73.462540060964116, 20.719393790095936 ], [ 73.462990476630907, 20.719694184556484 ], [ 73.464017933259413, 20.720145354705963 ], [ 73.464531736769359, 20.720596645403628 ], [ 73.465083988898002, 20.720853786388645 ], [ 73.465391280309305, 20.721047839956245 ], [ 73.465693205417253, 20.721523679835432 ], [ 73.466282325227155, 20.721828721224949 ], [ 73.466836715748855, 20.722122215222349 ], [ 73.467511815177531, 20.721928759099004 ], [ 73.46903242290621, 20.721545623748792 ], [ 73.47029045082941, 20.721231908389147 ], [ 73.470994037649959, 20.721108919160592 ], [ 73.472375099557283, 20.720879601452022 ], [ 73.473454626363292, 20.720591909552017 ], [ 73.474019548649181, 20.720440122031466 ], [ 73.474653450453687, 20.720384902338989 ], [ 73.4752001777684, 20.718401329828193 ], [ 73.475231735749176, 20.717935666228239 ], [ 73.475231084099747, 20.717500767434593 ], [ 73.475230827425079, 20.716708954924957 ], [ 73.47524667774239, 20.716307831678076 ], [ 73.475290386611931, 20.71520164632501 ], [ 73.475752671344893, 20.714954805744071 ], [ 73.475645003698091, 20.713491237198113 ], [ 73.47549384801691, 20.711435145806036 ], [ 73.475594655005708, 20.71023493548644 ], [ 73.475631599837882, 20.70986281809428 ], [ 73.475809475817286, 20.709563580433112 ], [ 73.476003224145373, 20.709237635861786 ], [ 73.477805760010014, 20.708631828755802 ], [ 73.478808725868134, 20.708090943984892 ], [ 73.479353722318621, 20.707797033225354 ], [ 73.480166573513429, 20.707086712125349 ], [ 73.480674352944646, 20.706128207536771 ], [ 73.48123444838312, 20.705070944254562 ], [ 73.481665384865053, 20.704310022720616 ], [ 73.48224705558043, 20.703282934126033 ], [ 73.483439234204369, 20.701516643620778 ], [ 73.483580252149395, 20.701140465445683 ], [ 73.483703401651269, 20.700811962963016 ], [ 73.483952045413844, 20.700148684665251 ], [ 73.484297845547971, 20.698787357977107 ], [ 73.484328179740473, 20.698373352298674 ], [ 73.48441686197134, 20.697162976286503 ], [ 73.484241092268761, 20.69566386241905 ], [ 73.484206029585067, 20.693936900453551 ], [ 73.484186126611334, 20.692914680054649 ], [ 73.484174314390941, 20.692290656010535 ], [ 73.484085006126179, 20.691487512175286 ], [ 73.485270211169052, 20.690553013975482 ], [ 73.485873984128432, 20.690013099636648 ], [ 73.48625769476925, 20.689410225987114 ], [ 73.486578609899013, 20.688928402749646 ], [ 73.487493969208472, 20.688702644555526 ], [ 73.488025856826894, 20.688534329239726 ], [ 73.488440211726527, 20.688399395313706 ], [ 73.488971015100418, 20.688209930403374 ], [ 73.489406376021137, 20.68791125188692 ], [ 73.489925500161021, 20.687201925374801 ], [ 73.490270399932115, 20.686345705665822 ], [ 73.490185031474638, 20.685404148087102 ], [ 73.489950923837412, 20.684095853469778 ], [ 73.489083099287839, 20.681250130295247 ], [ 73.488987069508198, 20.680909714770568 ], [ 73.488737339645667, 20.680024438693888 ], [ 73.488677498831777, 20.679151828885097 ], [ 73.488417091449676, 20.678279699293864 ], [ 73.487695423113308, 20.677169552003896 ], [ 73.487547766762646, 20.676940903685072 ], [ 73.4873675542825, 20.676694378066326 ], [ 73.487063720014305, 20.676180438129911 ], [ 73.486627743333941, 20.675674657174863 ], [ 73.486062320502626, 20.675226406871509 ], [ 73.485321545735573, 20.675444798518182 ], [ 73.484820771951263, 20.675765379538056 ], [ 73.484454056451995, 20.676110944894678 ], [ 73.484167868117993, 20.676259224513792 ], [ 73.483744752554358, 20.676301467061581 ], [ 73.483438772876141, 20.676755354030583 ], [ 73.483227341262378, 20.677465452061551 ], [ 73.482967718755631, 20.678356460868415 ], [ 73.48286220594224, 20.678699689760581 ], [ 73.482751886961822, 20.67905873848256 ], [ 73.482546258723843, 20.679464273803877 ], [ 73.482160649294897, 20.679756063856942 ], [ 73.481763939647266, 20.67959191423855 ], [ 73.48147395610674, 20.679409917122442 ], [ 73.481213855011362, 20.679100807815637 ], [ 73.480888943295867, 20.678834411283471 ], [ 73.48066127388762, 20.678646862465389 ], [ 73.480403869846555, 20.678404980751058 ], [ 73.480093464680891, 20.67810578740707 ], [ 73.479741949042051, 20.677789573536625 ], [ 73.4794323776309, 20.677558994065979 ], [ 73.47912687647441, 20.677325200674623 ], [ 73.478930884010012, 20.677110494943392 ], [ 73.478747160755404, 20.67688620050443 ], [ 73.478598880425309, 20.676646272766639 ], [ 73.478777341357059, 20.676339281277933 ], [ 73.478998046694926, 20.675999135085789 ], [ 73.479165334267591, 20.675725818234348 ], [ 73.479279633816873, 20.675482522462289 ], [ 73.479390840866373, 20.675238826741822 ], [ 73.479490353682266, 20.674937940827789 ], [ 73.479600561862839, 20.67458264875669 ], [ 73.479688846106214, 20.674170250124124 ], [ 73.479746338596968, 20.673768262347888 ], [ 73.479792332542871, 20.673446672037969 ], [ 73.479828246575707, 20.673172398301094 ], [ 73.479790315238205, 20.67288263234245 ], [ 73.4796672256535, 20.672608352726005 ], [ 73.479730922159135, 20.672149712549633 ], [ 73.481157853964874, 20.671330383954096 ], [ 73.481678781667199, 20.67110220157571 ], [ 73.481943365185344, 20.670986515659923 ], [ 73.482269125334014, 20.670874857191325 ], [ 73.483269246150087, 20.670566176112917 ], [ 73.483788939708361, 20.670378364200303 ], [ 73.484394283171213, 20.670159323922835 ], [ 73.484609712450833, 20.668940590990619 ], [ 73.48482643597022, 20.667703433158024 ], [ 73.48477770379472, 20.667065239332992 ], [ 73.484728855665978, 20.666425514388184 ], [ 73.484683022186545, 20.665849104269558 ], [ 73.484592824162647, 20.665581622030572 ], [ 73.485951241159, 20.664732206498272 ], [ 73.486337157998634, 20.664515541441727 ], [ 73.486964922916542, 20.664163094005904 ], [ 73.487399253188798, 20.663836814362398 ], [ 73.487788323046701, 20.663874247108378 ], [ 73.4891024995854, 20.663761461002185 ], [ 73.489191310590172, 20.663209383200975 ], [ 73.48835043352166, 20.663134758289488 ], [ 73.48767260557517, 20.663074600137339 ], [ 73.48840949937167, 20.661003139457037 ], [ 73.488737445678737, 20.659666078718725 ], [ 73.488920773338592, 20.658918632813783 ], [ 73.489698370814182, 20.65842698117477 ], [ 73.48923870029013, 20.657886549623097 ], [ 73.488898280123635, 20.657483699112053 ], [ 73.488685373092991, 20.657231747711084 ], [ 73.489239365789942, 20.655734072501552 ], [ 73.490537351037233, 20.655301433242609 ], [ 73.491017379367946, 20.655522612033533 ], [ 73.49141994562514, 20.655505872752936 ], [ 73.492091889607764, 20.654823991511847 ], [ 73.492793672814656, 20.654533291815287 ], [ 73.493990960514182, 20.654142583273924 ], [ 73.494953357982624, 20.653828513093405 ], [ 73.495628775008981, 20.653608097162056 ], [ 73.496147902831936, 20.654748520217197 ], [ 73.496396291524249, 20.655294179357593 ], [ 73.496765251175219, 20.65610469503293 ], [ 73.497193300950528, 20.657423727517415 ], [ 73.497558849414219, 20.658550142870723 ], [ 73.498141280705369, 20.659720800886074 ], [ 73.49837885858787, 20.660193065784011 ], [ 73.499282177872971, 20.659474831222933 ], [ 73.499827333412298, 20.659769319391646 ], [ 73.500420601179627, 20.660288013136309 ], [ 73.50075670165657, 20.660832925061484 ], [ 73.501209891168884, 20.661289262793133 ], [ 73.501782903864878, 20.6616757752934 ], [ 73.502092284730509, 20.661983076139943 ], [ 73.502216792790591, 20.662258594337651 ], [ 73.502233256564793, 20.662595060120111 ], [ 73.502568385962178, 20.663566328285423 ], [ 73.502776628352564, 20.664149012726615 ], [ 73.503234176491745, 20.665061522417883 ], [ 73.503514510276304, 20.665730099693576 ], [ 73.50368661112158, 20.666493498988789 ], [ 73.503800863573389, 20.667506342884064 ], [ 73.503961315019581, 20.668031366812592 ], [ 73.504142823803591, 20.669067954700033 ], [ 73.504257003850668, 20.670350560785785 ], [ 73.50441190432521, 20.670833522361249 ], [ 73.505713706819662, 20.669987919321812 ], [ 73.507341436843291, 20.668891578455259 ], [ 73.507672759819187, 20.668629767925093 ], [ 73.508186661226318, 20.668133296468724 ], [ 73.508551543151228, 20.667851306136658 ], [ 73.50889832990967, 20.667538672472556 ], [ 73.509281430879881, 20.667178879145613 ], [ 73.510129071118541, 20.666560627481665 ], [ 73.510494433067052, 20.66635022993642 ], [ 73.511021981701489, 20.666046432421862 ], [ 73.511908085590292, 20.66604010138747 ], [ 73.512773412829077, 20.666033916391203 ], [ 73.51383618833205, 20.666185776705166 ], [ 73.51472633532201, 20.666423312681442 ], [ 73.51595931717172, 20.666835061550756 ], [ 73.516213352237145, 20.666954784600545 ], [ 73.516995565106868, 20.667323433015877 ], [ 73.517920849303366, 20.667641076187255 ], [ 73.518052581795473, 20.668945244653049 ], [ 73.518038386705527, 20.669867991495089 ], [ 73.518181142347174, 20.670146615449859 ], [ 73.519188315089167, 20.671014206947287 ], [ 73.519434602735842, 20.671243997406979 ], [ 73.519496376481925, 20.671543796654166 ], [ 73.519686507551441, 20.672466530726208 ], [ 73.519750749500446, 20.673225237673986 ], [ 73.519663547268379, 20.674320320850825 ], [ 73.519782924587517, 20.675207819141914 ], [ 73.519873840253837, 20.675639115936178 ], [ 73.519952742850407, 20.67601400626484 ], [ 73.520216324758096, 20.676601274201865 ], [ 73.520323620199235, 20.677375842523759 ], [ 73.520376213356627, 20.677838712465022 ], [ 73.520428604046941, 20.678389768390524 ], [ 73.52058776731549, 20.678777238346573 ], [ 73.520990029043844, 20.678491691232495 ], [ 73.521251837204971, 20.678205018462794 ], [ 73.521383997510057, 20.677852894467058 ], [ 73.521384444930248, 20.677263434172776 ], [ 73.521305685701009, 20.676615399963151 ], [ 73.521409042479192, 20.67625411000078 ], [ 73.521517379994691, 20.675929030152805 ], [ 73.521831825929084, 20.675585994203896 ], [ 73.522850550597681, 20.675127901517268 ], [ 73.523653271941882, 20.675318233074339 ], [ 73.524497805187821, 20.675485792317872 ], [ 73.525071296995463, 20.675614828141967 ], [ 73.525831983510841, 20.675538466899773 ], [ 73.527063006296558, 20.675229649289349 ], [ 73.527838376301702, 20.674990780101353 ], [ 73.529028581102793, 20.674738455090669 ], [ 73.530386958283302, 20.674337343765178 ], [ 73.531219813399929, 20.674175057748503 ], [ 73.531458583921776, 20.673922745251389 ], [ 73.532105571407854, 20.673534113623962 ], [ 73.53244566801942, 20.673343047707551 ], [ 73.532894453919482, 20.673086573055503 ], [ 73.532991600492053, 20.672696925944354 ], [ 73.533076608237508, 20.671467041645478 ], [ 73.53314396502401, 20.670472731265999 ], [ 73.533161397123564, 20.669594386240281 ], [ 73.533257656426372, 20.669335879676279 ], [ 73.533379278762425, 20.669067282228013 ], [ 73.533882234690935, 20.668548694503496 ], [ 73.534283953176129, 20.668062251456593 ], [ 73.534980968750261, 20.667271007621988 ], [ 73.535438508557235, 20.666992362284539 ], [ 73.535728132835828, 20.666829393240899 ], [ 73.536320398040431, 20.666644596422998 ], [ 73.53715850812425, 20.666103139782866 ], [ 73.538024969562144, 20.665776006421513 ], [ 73.53834189158016, 20.665450998668419 ], [ 73.538963794430302, 20.66449611491219 ], [ 73.539900312925582, 20.66322302926898 ], [ 73.540494824549143, 20.66240579143162 ], [ 73.540788705111638, 20.662001806453446 ], [ 73.541852599515622, 20.660392294467229 ], [ 73.542441849144254, 20.659555632174452 ], [ 73.542784247927798, 20.659069457517575 ], [ 73.543117966952437, 20.658690209941657 ], [ 73.543463604663373, 20.65858425321337 ], [ 73.544072509214388, 20.657924627220481 ], [ 73.545103413144361, 20.656432946900985 ], [ 73.545641358424234, 20.655450858589777 ], [ 73.546054476784221, 20.65469012807214 ], [ 73.546676487806835, 20.653604226460665 ], [ 73.547219131867251, 20.652798358690386 ], [ 73.547356255077233, 20.652215824884028 ], [ 73.547589117007078, 20.651798156430736 ], [ 73.547893930204538, 20.651549945019223 ], [ 73.548421415264812, 20.651024063211825 ], [ 73.549468682689536, 20.649956359131156 ], [ 73.549879201049833, 20.649509435828012 ], [ 73.550263235307099, 20.648985694585825 ], [ 73.550548888775907, 20.648716953059914 ], [ 73.550856566037751, 20.648550508194347 ], [ 73.552082277442082, 20.648263746225069 ], [ 73.553138810972641, 20.648063116145259 ], [ 73.553603274411728, 20.647922711497561 ], [ 73.554330530028352, 20.647690995678428 ], [ 73.555040865841406, 20.64735704642117 ], [ 73.555671443870366, 20.647014469405459 ], [ 73.556237437410459, 20.646706972281077 ], [ 73.557339828602309, 20.645993991925611 ], [ 73.557889394728392, 20.64570972138883 ], [ 73.558337716939391, 20.646391761411657 ], [ 73.558946558305905, 20.647448329611048 ], [ 73.55920259494458, 20.647842572958425 ], [ 73.559550658245968, 20.648476478574626 ], [ 73.559783264613543, 20.64886025326982 ], [ 73.560421131608877, 20.649321221133235 ], [ 73.561476425146779, 20.650134513159784 ], [ 73.561873566893695, 20.650393913638805 ], [ 73.563227805220677, 20.650051539793942 ], [ 73.563867402543508, 20.649851700047272 ], [ 73.564198906694273, 20.649737090876165 ], [ 73.564926748550121, 20.649428941198213 ], [ 73.565742452627418, 20.64889748723542 ], [ 73.566178233472371, 20.648673293606436 ], [ 73.566714297867023, 20.648464348487966 ], [ 73.567127067658376, 20.648795019907702 ], [ 73.567515414667383, 20.649454478597299 ], [ 73.567855692605761, 20.650461692451138 ], [ 73.56805469243389, 20.650983127442771 ], [ 73.568194239778393, 20.651348777358695 ], [ 73.569178428969664, 20.651547187051648 ], [ 73.570564127264007, 20.650893702761909 ], [ 73.57084085105366, 20.650728214130257 ], [ 73.571375267914149, 20.650408612572619 ], [ 73.572148042295211, 20.64999551731028 ], [ 73.572937420393885, 20.649566649727632 ], [ 73.573606414532691, 20.649204849028834 ], [ 73.574458791190835, 20.648928033045642 ], [ 73.57489092247765, 20.648426829119199 ], [ 73.575651614094767, 20.647745028883268 ], [ 73.576388413027843, 20.647047472040175 ], [ 73.576769574218602, 20.646619562635394 ], [ 73.577159110079464, 20.646386903162405 ], [ 73.577598233167251, 20.646318183770813 ], [ 73.579139627822883, 20.646346812728623 ], [ 73.579934577308435, 20.64640496673336 ], [ 73.580411939562026, 20.646404922381492 ], [ 73.580995099160717, 20.645987328474394 ], [ 73.582036510955732, 20.645364404135442 ], [ 73.58271618368407, 20.645066427040419 ], [ 73.583574345650973, 20.644779616800381 ], [ 73.583744061179686, 20.644329607899593 ], [ 73.583985003628285, 20.643989603883306 ], [ 73.584239421005194, 20.643481580021149 ], [ 73.584463456184068, 20.64319194959846 ], [ 73.585189780670987, 20.642526544961243 ], [ 73.585616899102178, 20.64226702790609 ], [ 73.585876091264993, 20.642106730558634 ], [ 73.586191723226207, 20.642039033158053 ], [ 73.587384182778166, 20.642038550806333 ], [ 73.58790903176569, 20.641951212600212 ], [ 73.588381999464715, 20.641860238342463 ], [ 73.589261519183452, 20.641680855518171 ], [ 73.589621226832264, 20.641147755729076 ], [ 73.589803876867464, 20.640852849493204 ], [ 73.590158642016178, 20.640380744924084 ], [ 73.591733253240378, 20.639771585662313 ], [ 73.59200196400117, 20.639673275194429 ], [ 73.592427939250342, 20.639549530390369 ], [ 73.593465087083345, 20.639156715633053 ], [ 73.593874657926307, 20.638943002359181 ], [ 73.594391131860277, 20.638524630747561 ], [ 73.594859238536074, 20.637905980194251 ], [ 73.595048807262401, 20.637623748834422 ], [ 73.595651139211199, 20.636758976865092 ], [ 73.596067838036916, 20.636103666060603 ], [ 73.597477815951294, 20.636059111625713 ], [ 73.598201894928962, 20.636114045493557 ], [ 73.599454322729699, 20.636809378750165 ], [ 73.599718839947457, 20.636579812318541 ], [ 73.599858723773195, 20.636354316883505 ], [ 73.601040824093005, 20.635073282019025 ], [ 73.601377776496747, 20.634921643812724 ], [ 73.602320781551441, 20.634497262002906 ], [ 73.603072171168492, 20.633974738826339 ], [ 73.603390629588063, 20.633702409861463 ], [ 73.603651345509789, 20.633552309978246 ], [ 73.604836485615166, 20.632640487279247 ], [ 73.605335981915431, 20.631470211810623 ], [ 73.605473694059455, 20.630831533620825 ], [ 73.605708841251086, 20.63046689920283 ], [ 73.606399890288358, 20.629972454982322 ], [ 73.606934660081578, 20.629606323706405 ], [ 73.607227529633278, 20.62940127071932 ], [ 73.607858934763357, 20.62884912086712 ], [ 73.608141654186056, 20.628601886321025 ], [ 73.609095823460407, 20.627708386280233 ], [ 73.609888877932221, 20.627204841528265 ], [ 73.610270815336051, 20.626966642570736 ], [ 73.61111663365466, 20.626531517406253 ], [ 73.611534787865921, 20.626241515764612 ], [ 73.611944966690416, 20.626022108301338 ], [ 73.612280575793392, 20.625792377888814 ], [ 73.612421486657595, 20.625163324796286 ], [ 73.612560938214074, 20.62470439818134 ], [ 73.612842005032519, 20.624350479735728 ], [ 73.613285871726816, 20.624169213088869 ], [ 73.613611220838507, 20.624215322072182 ], [ 73.614288340385187, 20.624571033634055 ], [ 73.614808435523742, 20.62483718505321 ], [ 73.615212449766204, 20.624804072022823 ], [ 73.615449131537517, 20.624542294611757 ], [ 73.615372369749934, 20.624201311502226 ], [ 73.615240506352634, 20.623910031276587 ], [ 73.615039086113512, 20.62336470187072 ], [ 73.614820887380944, 20.622570936639249 ], [ 73.614754356032421, 20.62204493425331 ], [ 73.614755082735741, 20.621783261092034 ], [ 73.614904049075349, 20.621228080260138 ], [ 73.615305334509628, 20.620545509786425 ], [ 73.61551602388424, 20.620296827030408 ], [ 73.615962831846545, 20.619851018974639 ], [ 73.616254632460183, 20.619476842426412 ], [ 73.616423572450444, 20.619115832174508 ], [ 73.616668025277889, 20.618309859876828 ], [ 73.616824226003999, 20.617986013199562 ], [ 73.617163430081078, 20.617761976271208 ], [ 73.617633092631991, 20.617691758794681 ], [ 73.618211692832915, 20.617617994871015 ], [ 73.61852236199698, 20.617460949584451 ], [ 73.618737207515665, 20.617161731813557 ], [ 73.618854919789939, 20.616849164807597 ], [ 73.61891080374437, 20.616396352560649 ], [ 73.619197758413335, 20.615897288197157 ], [ 73.619661479576209, 20.615429106499661 ], [ 73.619981000047957, 20.615189584127535 ], [ 73.62040122872223, 20.615143071686028 ], [ 73.62088663183556, 20.614961256301463 ], [ 73.621361180204644, 20.614852619590401 ], [ 73.62193229263211, 20.614667550803073 ], [ 73.622183144534844, 20.614384654367107 ], [ 73.622312926663867, 20.614069148600318 ], [ 73.622321682519797, 20.61369972152762 ], [ 73.622285055198986, 20.613407636767747 ], [ 73.622010420441711, 20.61304970619133 ], [ 73.621547560951015, 20.612765173232422 ], [ 73.62134227678969, 20.612411220315195 ], [ 73.621587581316078, 20.612077620519027 ], [ 73.621916423054913, 20.611948957210046 ], [ 73.622239280369271, 20.611843056936632 ], [ 73.622604140561123, 20.611626178765203 ], [ 73.622802767699767, 20.611257223834972 ], [ 73.622867102511094, 20.610783586389779 ], [ 73.622848301066938, 20.610412265435148 ], [ 73.622963560572799, 20.609489732466862 ], [ 73.623564584953485, 20.608103938047741 ], [ 73.623674440155995, 20.607794063223899 ], [ 73.623799463584618, 20.607441401693162 ], [ 73.624003975335498, 20.606864519547297 ], [ 73.624582605111272, 20.604997478123938 ], [ 73.624727615918587, 20.604334192153157 ], [ 73.624977406307309, 20.603191641083548 ], [ 73.625487949567216, 20.601418358980023 ], [ 73.626230204329929, 20.599705581454916 ], [ 73.626389479110898, 20.599317172344215 ], [ 73.626601204003848, 20.598800859626046 ], [ 73.626743034060979, 20.598184050359503 ], [ 73.626998594833353, 20.597362500170014 ], [ 73.627110446650775, 20.597031156670553 ], [ 73.627267945855266, 20.596307279791755 ], [ 73.626920170282432, 20.595557128112286 ], [ 73.626619524371577, 20.594841326386348 ], [ 73.626432286897042, 20.594389373656835 ], [ 73.626698475044364, 20.593270501902094 ], [ 73.626736279053475, 20.592433364335033 ], [ 73.626755738611379, 20.592002420628763 ], [ 73.626786925324765, 20.591347505769949 ], [ 73.626683681819145, 20.590489502414073 ], [ 73.626638069942459, 20.589553949408284 ], [ 73.6266894891357, 20.588444707813498 ], [ 73.626726565707159, 20.587404900749306 ], [ 73.626690472269146, 20.586959945663299 ], [ 73.62677923656976, 20.586284658403663 ], [ 73.626858159185289, 20.584965968031337 ], [ 73.62751755133101, 20.583952039940183 ], [ 73.628099614687471, 20.583188987243631 ], [ 73.629154913225548, 20.58183382664922 ], [ 73.629646430104401, 20.581253395116729 ], [ 73.630315373992957, 20.580648207878646 ], [ 73.630955498277402, 20.58022368474186 ], [ 73.631701283638975, 20.579902985212801 ], [ 73.632432522193554, 20.579826150245793 ], [ 73.633093847025989, 20.579641556944878 ], [ 73.633734536020242, 20.579372177087773 ], [ 73.634384130286392, 20.578945467238057 ], [ 73.635095826894556, 20.578503585074891 ], [ 73.635861132544576, 20.578048794439905 ], [ 73.636784131455187, 20.577495451287096 ], [ 73.637090267328304, 20.577528257171512 ], [ 73.637735907692473, 20.577597441905809 ], [ 73.638364301173368, 20.577664774334469 ], [ 73.639184305918093, 20.577644338766987 ], [ 73.639564805777169, 20.577440816919893 ], [ 73.64010585351042, 20.576985041780652 ], [ 73.640952457925394, 20.576368327102497 ], [ 73.64146237077118, 20.575994829994396 ], [ 73.642329749825009, 20.575352015960231 ], [ 73.643147299889861, 20.574868623003951 ], [ 73.643854216569267, 20.574595025667705 ], [ 73.644683024231725, 20.574154247798546 ], [ 73.645060442289392, 20.573947145260892 ], [ 73.64561007208664, 20.57344111348964 ], [ 73.645899447905492, 20.573174690224132 ], [ 73.647043043781537, 20.572077162856971 ], [ 73.647932294963226, 20.571340801007608 ], [ 73.648572409482782, 20.570875525026171 ], [ 73.649286717808678, 20.570301830771314 ], [ 73.650032358484182, 20.569628855464071 ], [ 73.651130166364197, 20.568549240971759 ], [ 73.651487230065555, 20.56788535062714 ], [ 73.651822711937896, 20.567173963977652 ], [ 73.65208631017731, 20.566451242405773 ], [ 73.652304157367738, 20.565281425233948 ], [ 73.652346046966983, 20.564682991796552 ], [ 73.653978564712091, 20.564750458666932 ], [ 73.654406737194876, 20.564847467619341 ], [ 73.655416187945207, 20.564994138324931 ], [ 73.65629610584881, 20.564975968414938 ], [ 73.656580325020443, 20.564931885108699 ], [ 73.6570104924551, 20.564865167684072 ], [ 73.657487492090425, 20.564723632311495 ], [ 73.657832894197838, 20.56462114168842 ], [ 73.658441615794032, 20.564015780124393 ], [ 73.658833905655925, 20.563201991964828 ], [ 73.659341906690571, 20.562930002449328 ], [ 73.65962381149599, 20.562820573389857 ], [ 73.660119602411626, 20.562626672061608 ], [ 73.660729192525295, 20.562517049119631 ], [ 73.661011233451163, 20.562477247838356 ], [ 73.661833691107631, 20.562411878784729 ], [ 73.662526563535991, 20.562450177602578 ], [ 73.663305000283259, 20.562442568797305 ], [ 73.663809232875067, 20.562499482406704 ], [ 73.664169308944452, 20.562547141438316 ], [ 73.66455496097376, 20.562607757694913 ], [ 73.664962603107057, 20.562698027544634 ], [ 73.665336658286506, 20.562824428801154 ], [ 73.666039340102714, 20.563052380951152 ], [ 73.666530168551489, 20.563217892174613 ], [ 73.666784924220252, 20.563347960849953 ], [ 73.667095858656907, 20.563383066878547 ], [ 73.667583518719923, 20.563438124165593 ], [ 73.668354979885535, 20.563341752474926 ], [ 73.669184930187882, 20.563286404440088 ], [ 73.669590032771382, 20.56329472309686 ], [ 73.669894624604936, 20.563433079502914 ], [ 73.670124833121136, 20.563600137305176 ], [ 73.670411339678338, 20.563918161713111 ], [ 73.670893441436206, 20.564239855634217 ], [ 73.671319104316126, 20.564496442638543 ], [ 73.671798805556918, 20.564694955171181 ], [ 73.672778012527985, 20.565132843682239 ], [ 73.673908954156943, 20.565624845810234 ], [ 73.674709927284027, 20.566220788173876 ], [ 73.675210508272784, 20.56662124061625 ], [ 73.676447584216064, 20.567449983985604 ], [ 73.677170261418169, 20.567939711650698 ], [ 73.677438104415188, 20.568121270642433 ], [ 73.677978790735395, 20.568487774302234 ], [ 73.678557694633682, 20.568938730018711 ], [ 73.679090827204448, 20.569354031004018 ], [ 73.680533024558315, 20.570460033209901 ], [ 73.680952907204798, 20.570805472434969 ], [ 73.68160345420128, 20.571280913915544 ], [ 73.683353708760208, 20.572709887785532 ], [ 73.684891956053519, 20.573658541339753 ], [ 73.686930453636549, 20.574641253230837 ], [ 73.68829003597736, 20.575350816537174 ], [ 73.689273397110583, 20.575864015358587 ], [ 73.689715622756367, 20.576120704742557 ], [ 73.690966491073368, 20.576846757184128 ], [ 73.691455258814116, 20.577074957441511 ], [ 73.691983794177787, 20.577361022292529 ], [ 73.692236981542905, 20.577482888003594 ], [ 73.692971588177301, 20.577755807249314 ], [ 73.69335434029108, 20.57780394788962 ], [ 73.694755082018943, 20.578267932888867 ], [ 73.695275607116074, 20.578500110722132 ], [ 73.695591371416995, 20.578209783516893 ], [ 73.695889283344343, 20.577928868907176 ], [ 73.696524548787963, 20.577025939776227 ], [ 73.697417673232124, 20.575761166631249 ], [ 73.698529732160239, 20.575453568792256 ], [ 73.699687711422058, 20.575253834650177 ], [ 73.700802380114823, 20.575245567489073 ], [ 73.701436172969892, 20.575374843112066 ], [ 73.702849825478438, 20.575663186453713 ], [ 73.704091034988167, 20.57562567026892 ], [ 73.704486237037727, 20.575663517716542 ], [ 73.704767154029597, 20.575597446582222 ], [ 73.706400795212474, 20.575499724046168 ], [ 73.706743945809023, 20.575528233333625 ], [ 73.70733721534269, 20.575577518636518 ], [ 73.707843046847145, 20.575655325752923 ], [ 73.708579619610404, 20.575693283064414 ], [ 73.712106138313516, 20.576075739457025 ], [ 73.712997752247304, 20.576172988443851 ], [ 73.713866708499708, 20.576267762497142 ], [ 73.715470682850068, 20.576442708324848 ], [ 73.715805188940166, 20.576360396916513 ], [ 73.716125156732133, 20.576313180074472 ], [ 73.716435018107489, 20.576178231270209 ], [ 73.716896726803839, 20.576051599859294 ], [ 73.717456622370591, 20.575842234724931 ], [ 73.721046103734281, 20.574499990056012 ], [ 73.72245744552113, 20.574250866916543 ], [ 73.723750757311691, 20.574050805195213 ], [ 73.724672217890074, 20.573910441455848 ], [ 73.724976110269623, 20.573864149639103 ], [ 73.725883211685684, 20.573800961534914 ], [ 73.727283044774524, 20.573957727717094 ], [ 73.729498873949765, 20.574127526690194 ], [ 73.732334161895821, 20.574421295444129 ], [ 73.733123622003205, 20.573331396162125 ], [ 73.734012042209571, 20.571905068557957 ], [ 73.735074343566055, 20.571502965008403 ], [ 73.736420409181434, 20.570993449055596 ], [ 73.738282757622244, 20.570313367554736 ], [ 73.738794441543064, 20.570126512806702 ], [ 73.739518395662316, 20.569862139995333 ], [ 73.740862469235452, 20.569444369076109 ], [ 73.741990850986298, 20.568833461505985 ], [ 73.742335247327404, 20.56841180629695 ], [ 73.742733862390097, 20.567923768757087 ], [ 73.743303026572178, 20.567226917902463 ], [ 73.744109365590674, 20.566087057950899 ], [ 73.744584439194824, 20.564882964677313 ], [ 73.745189638241385, 20.566130503081773 ], [ 73.745943848199133, 20.567778495107348 ], [ 73.746186466851086, 20.56834971835514 ], [ 73.747289663341476, 20.56872828648536 ], [ 73.748584649070693, 20.569021592500519 ], [ 73.749350963697196, 20.569272178717007 ], [ 73.749743425380757, 20.569348965181767 ], [ 73.750227248550232, 20.569439819142247 ], [ 73.750872246736307, 20.569590600196509 ], [ 73.752645539453169, 20.570020077144708 ], [ 73.75309669763287, 20.570129340270807 ], [ 73.754583447522521, 20.570569159685633 ], [ 73.755192728416773, 20.570852284538265 ], [ 73.755915570080475, 20.571189924663145 ], [ 73.756936601483773, 20.571660118860205 ], [ 73.758604763978838, 20.572489796649378 ], [ 73.759410198031546, 20.572858282598236 ], [ 73.760074120280336, 20.573172440801976 ], [ 73.760370536481247, 20.57333540230637 ], [ 73.760597819949183, 20.573593755238768 ], [ 73.761065843161774, 20.574320235920482 ], [ 73.761339000162309, 20.57477658780601 ], [ 73.761686015617101, 20.575407832332001 ], [ 73.761932047848418, 20.576754949358143 ], [ 73.762050086655535, 20.577323963815331 ], [ 73.762129268182107, 20.577705667717304 ], [ 73.76219068369501, 20.578001722879346 ], [ 73.762292057766359, 20.578490407237034 ], [ 73.762412257398196, 20.579069820648606 ], [ 73.762608101763405, 20.580068056210244 ], [ 73.76283284244434, 20.580998552669755 ], [ 73.762944835226108, 20.581915511650454 ], [ 73.76307108927405, 20.583071745287437 ], [ 73.763202068990509, 20.584115050992125 ], [ 73.763258553655518, 20.584614551517344 ], [ 73.76337596932639, 20.585652882644826 ], [ 73.763589267977352, 20.586662743072605 ], [ 73.764081692089874, 20.586703969943123 ], [ 73.764372779649008, 20.586728339810268 ], [ 73.766710659176098, 20.586901103742118 ], [ 73.767538020296129, 20.586921784840293 ], [ 73.768076995944838, 20.587581496886934 ], [ 73.768724330330528, 20.588428975512635 ], [ 73.769409016951826, 20.589325351768966 ], [ 73.769866656909983, 20.589887871503276 ], [ 73.770197985703305, 20.590323887071857 ], [ 73.770405671010437, 20.590597193026785 ], [ 73.771339992196161, 20.591785431764301 ], [ 73.772325852377776, 20.593017841659986 ], [ 73.772671061133479, 20.594111242760558 ], [ 73.773032379337366, 20.59505598088862 ], [ 73.773498700964538, 20.596262827118903 ], [ 73.77435056366491, 20.598245470028367 ], [ 73.77494674642476, 20.599567837899205 ], [ 73.775399951072416, 20.600221839769304 ], [ 73.776063805969613, 20.600585968569838 ], [ 73.776363350568559, 20.600890816700659 ], [ 73.776673226131933, 20.600669406107649 ], [ 73.776925729429578, 20.60049821848132 ], [ 73.77797490108172, 20.599739327853321 ], [ 73.778322559964067, 20.600028778417549 ], [ 73.778619788283748, 20.600562933262818 ], [ 73.779357686758146, 20.60099757312847 ], [ 73.77989934388215, 20.601315730004384 ], [ 73.780629996970958, 20.601509316576788 ], [ 73.781053239169935, 20.601621454899789 ], [ 73.782213463818422, 20.601688105960104 ], [ 73.782888336140061, 20.602098166906789 ], [ 73.783455097553826, 20.60241628571049 ], [ 73.783960958544995, 20.60246952806602 ], [ 73.785309732979286, 20.602580812399427 ], [ 73.786208102429697, 20.602811445608669 ], [ 73.786955425993753, 20.603590960481057 ], [ 73.787754831959845, 20.604327576880539 ], [ 73.788404616188515, 20.604651622834712 ], [ 73.789731179039876, 20.605028887301501 ], [ 73.791274202884864, 20.605272447660557 ], [ 73.791529082170214, 20.605154954565034 ], [ 73.792050549803008, 20.604914569523707 ], [ 73.79238765000504, 20.604727258459199 ], [ 73.793868287905113, 20.603842899369759 ], [ 73.794629801811141, 20.603509509565743 ], [ 73.795135831948443, 20.603287971624521 ], [ 73.796587182838053, 20.602878730557727 ], [ 73.797283096566389, 20.602494422496164 ], [ 73.797524994563105, 20.602295840610967 ], [ 73.79749927863908, 20.601121520091041 ], [ 73.797494703323764, 20.598816424317228 ], [ 73.797853492271997, 20.59869241714485 ], [ 73.798406474147214, 20.598678531458773 ], [ 73.798616412749297, 20.599833236268655 ], [ 73.798808507473296, 20.600324458349583 ], [ 73.799339556380502, 20.600466139291925 ], [ 73.799763062889838, 20.600614897570487 ], [ 73.800171508654856, 20.600758367092254 ], [ 73.800884570870593, 20.601607157457408 ], [ 73.801387555515944, 20.60224473119607 ], [ 73.801557948802525, 20.602451346908918 ], [ 73.802275712894328, 20.603321687594146 ], [ 73.803103049691487, 20.604143611588722 ], [ 73.804460361405233, 20.605943545297723 ], [ 73.805289280576034, 20.606824731434806 ], [ 73.806274874724252, 20.607491484435485 ], [ 73.807069020670426, 20.60838502712755 ], [ 73.807135402861903, 20.608010373882856 ], [ 73.807280979373971, 20.60767340035482 ], [ 73.807580716819388, 20.607528015364132 ], [ 73.808639086579234, 20.608155476404047 ], [ 73.809332092600627, 20.608451104710955 ], [ 73.809694035461376, 20.60844367267698 ], [ 73.810105071514826, 20.608423358184961 ], [ 73.810692384784716, 20.608814111885295 ], [ 73.81114239856025, 20.609019315121873 ], [ 73.811518476892971, 20.609193660835935 ], [ 73.812114948414603, 20.609907010954558 ], [ 73.812473668163022, 20.610284563700116 ], [ 73.81302510545396, 20.610792841994002 ], [ 73.813558159378559, 20.611124524935416 ], [ 73.8142597676175, 20.611612796405161 ], [ 73.814902255303821, 20.612087184374609 ], [ 73.816024331320904, 20.613017806918183 ], [ 73.816746081753351, 20.613358865088745 ], [ 73.817055127736097, 20.613493543445742 ], [ 73.81738386546013, 20.613636799485512 ], [ 73.817696458640583, 20.613657391423036 ], [ 73.818079097255705, 20.613682596657945 ], [ 73.818988996689512, 20.613587095694033 ], [ 73.819590344476921, 20.613440801373653 ], [ 73.82043706783152, 20.613158588585819 ], [ 73.821506001284547, 20.612775829559958 ], [ 73.822848707899709, 20.612294121256713 ], [ 73.82376261310138, 20.611954525998019 ], [ 73.824173208589116, 20.6119402284789 ], [ 73.824516547125938, 20.611981815554774 ], [ 73.825159593641956, 20.612059702775557 ], [ 73.825468997691615, 20.61209806673455 ], [ 73.82595483524058, 20.612486624137805 ], [ 73.827599627170414, 20.613361209996576 ], [ 73.828235937746172, 20.613789984702692 ], [ 73.828745620598838, 20.614193146611957 ], [ 73.829307562743878, 20.614646162264329 ], [ 73.829805907399376, 20.615097144785008 ], [ 73.830403385799073, 20.615664463112996 ], [ 73.830983473466304, 20.616547527277703 ], [ 73.831664244148527, 20.617665462427802 ], [ 73.831918149406221, 20.618043777632899 ], [ 73.832481311031444, 20.618882873583861 ], [ 73.832678240828088, 20.619176289373939 ], [ 73.833743037765629, 20.619582771022465 ], [ 73.835095499941389, 20.620075202592346 ], [ 73.836455250214968, 20.620583479151176 ], [ 73.836776580449481, 20.620721261399005 ], [ 73.837901107879773, 20.620648223262524 ], [ 73.838304493656793, 20.620622022918941 ], [ 73.838196939351349, 20.620929171892719 ], [ 73.837968789696532, 20.621580711960974 ], [ 73.8378435100188, 20.621938477969316 ], [ 73.837454596207948, 20.62306524592282 ], [ 73.8370415835644, 20.624234928355435 ], [ 73.836942252287599, 20.624567835682104 ], [ 73.836775199919856, 20.62521274821701 ], [ 73.836830322566172, 20.625695884018324 ], [ 73.837114344117424, 20.626760198149462 ], [ 73.836406901275041, 20.629690605063974 ], [ 73.836128019036508, 20.630294279061875 ], [ 73.835418058102761, 20.631831069998285 ], [ 73.835261881469123, 20.63281343610042 ], [ 73.834776868273309, 20.634283371062718 ], [ 73.834282165832875, 20.635507484257037 ], [ 73.834051919952032, 20.636061543753076 ], [ 73.833637668536809, 20.636569718573995 ], [ 73.83323440106976, 20.637053951393817 ], [ 73.833089643023854, 20.637652273342244 ], [ 73.833027103113352, 20.638033914777314 ], [ 73.83270996016735, 20.640167737893833 ], [ 73.832800798243568, 20.640775243000956 ], [ 73.833030644753322, 20.642037530357019 ], [ 73.833051382373043, 20.642463108745158 ], [ 73.83296560373698, 20.643044555033384 ], [ 73.832811577303218, 20.644534955906085 ], [ 73.832671952242094, 20.645986831099478 ], [ 73.832700621160456, 20.646316452443301 ], [ 73.83280113608518, 20.647018804308416 ], [ 73.832909256202754, 20.647573812804552 ], [ 73.832680656810837, 20.648809484565476 ], [ 73.832966091251492, 20.648999187036488 ], [ 73.833552148104872, 20.64938306322361 ], [ 73.834262720621851, 20.650208432627625 ], [ 73.835336890118086, 20.651398740655353 ], [ 73.836203205454567, 20.652327336623365 ], [ 73.836393177324652, 20.65255359044896 ], [ 73.837757212846768, 20.654306213511546 ], [ 73.838131359201881, 20.654775900091966 ], [ 73.838608353418692, 20.655873378696853 ], [ 73.838948695395231, 20.657074681950764 ], [ 73.838984658727597, 20.657544432454674 ], [ 73.839058621584144, 20.65852221816499 ], [ 73.83903366516077, 20.658855410768155 ], [ 73.838852208863443, 20.65908719997465 ], [ 73.838514836165885, 20.65966512473064 ], [ 73.838158589384761, 20.660069921261499 ], [ 73.837985742707204, 20.660434509754534 ], [ 73.837914483533083, 20.660719861084051 ], [ 73.837782335617035, 20.660957825653153 ], [ 73.837505350411675, 20.661875082713763 ], [ 73.837145521828688, 20.662490549665741 ], [ 73.836827106575925, 20.663634192336964 ], [ 73.836586567438715, 20.664273087864863 ], [ 73.836124699411386, 20.664507842880084 ], [ 73.835500354041443, 20.664637741395833 ], [ 73.83526155896044, 20.664835435080587 ], [ 73.835122407735582, 20.665104019106959 ], [ 73.834893841362941, 20.665436017744302 ], [ 73.834569850444026, 20.665681249819485 ], [ 73.833893522998693, 20.666199667286239 ], [ 73.833600634626009, 20.666490464778075 ], [ 73.833207391301329, 20.666743172744599 ], [ 73.83273001175705, 20.666831108655529 ], [ 73.832281505913329, 20.666941676042267 ], [ 73.832862467868026, 20.667482624277444 ], [ 73.832018163861534, 20.668705879827979 ], [ 73.831861628329818, 20.668936450502308 ], [ 73.831678688054268, 20.669196249833657 ], [ 73.831498377480926, 20.669471506252997 ], [ 73.83099425904409, 20.670320624816558 ], [ 73.830854912342744, 20.670834207220977 ], [ 73.830668860231171, 20.671474126060758 ], [ 73.830799870967837, 20.67194765297209 ], [ 73.831077882297734, 20.672726664257368 ], [ 73.831184869618994, 20.673264986999293 ], [ 73.831419377728196, 20.673959545947351 ], [ 73.831563101538464, 20.674385222568592 ], [ 73.830629876821973, 20.675101586184493 ], [ 73.830283770636498, 20.674972249008277 ], [ 73.828843051954536, 20.674613660714176 ], [ 73.827023959096792, 20.674188818258269 ], [ 73.826589004043299, 20.674090310658695 ], [ 73.826307656578862, 20.674008665693023 ], [ 73.825259372897293, 20.673721649395965 ], [ 73.82493787802639, 20.673687762498801 ], [ 73.824469999041625, 20.673671857581763 ], [ 73.82362133992757, 20.673764772294273 ], [ 73.822796484027165, 20.673808666514521 ], [ 73.82174220648298, 20.67367817977042 ], [ 73.821044083781914, 20.673601303054291 ], [ 73.8203792598717, 20.673391066094588 ], [ 73.819612020040282, 20.673072589437893 ], [ 73.818151251965105, 20.672295603097954 ], [ 73.81724027170533, 20.6719818795865 ], [ 73.817131491317241, 20.672846070170674 ], [ 73.817056826837558, 20.673386051187165 ], [ 73.817066148527161, 20.674110809179023 ], [ 73.817111559616706, 20.674571482120331 ], [ 73.817221356010478, 20.675193035061945 ], [ 73.817245788123984, 20.675537252985443 ], [ 73.817211684107775, 20.675930839322561 ], [ 73.817175500826238, 20.676456906681732 ], [ 73.817045412212764, 20.677773429235742 ], [ 73.81689850524468, 20.678913620245631 ], [ 73.816714803207617, 20.679471333565857 ], [ 73.816468671872741, 20.679859666766806 ], [ 73.816040010446542, 20.680472379186718 ], [ 73.815149527674038, 20.681900677191887 ], [ 73.815438132154028, 20.682939475232388 ], [ 73.815483570600776, 20.68328945870298 ], [ 73.81515231960411, 20.683899024566088 ], [ 73.814374346874885, 20.685127282877094 ], [ 73.813896545134455, 20.68581129095131 ], [ 73.813565064459894, 20.686117158140533 ], [ 73.813015821472348, 20.686493001099343 ], [ 73.813363504148185, 20.686804714206691 ], [ 73.813639479481552, 20.686942606382736 ], [ 73.813905752772101, 20.687116551312322 ], [ 73.814552008978737, 20.687651140882945 ], [ 73.81367964845056, 20.688808293628217 ], [ 73.813506386635169, 20.689376475465505 ], [ 73.813263714699914, 20.690383653628615 ], [ 73.812865883325429, 20.690942552062008 ], [ 73.812362363933261, 20.691460256620964 ], [ 73.811856266901898, 20.692033087921608 ], [ 73.812125580618286, 20.692292040298081 ], [ 73.812925017557731, 20.692651152225697 ], [ 73.813443327509972, 20.692990084023581 ], [ 73.814856567354411, 20.69414000529498 ], [ 73.815086821222025, 20.69429579960256 ], [ 73.815785031369757, 20.694580568972324 ], [ 73.817121677958383, 20.695095893169167 ], [ 73.817644768038818, 20.695328587906044 ], [ 73.818150994150912, 20.695658534046949 ], [ 73.818933151564664, 20.696268491762403 ], [ 73.819540120088618, 20.69678578367013 ], [ 73.821245987968979, 20.69866733124686 ], [ 73.821497896047035, 20.698875189589547 ], [ 73.821810895506246, 20.698992172735608 ], [ 73.823302460840424, 20.699381517287566 ], [ 73.82364326664765, 20.699600590829661 ], [ 73.82547796211135, 20.700842793883279 ], [ 73.826699647587148, 20.700339076831501 ], [ 73.82730592235886, 20.700268971446349 ], [ 73.828860354942194, 20.700234304036755 ], [ 73.829967522457139, 20.700212824940621 ], [ 73.830291997527965, 20.70020652868801 ], [ 73.831298296931834, 20.700335806310555 ], [ 73.831707743713764, 20.700488673500125 ], [ 73.832872170214614, 20.700921595621004 ], [ 73.833435393799576, 20.701062625765736 ], [ 73.833785689333766, 20.701140448753367 ], [ 73.834541694531822, 20.701502998424491 ], [ 73.834750303386144, 20.701770536052649 ], [ 73.835188234163624, 20.701985152974586 ], [ 73.835416642350495, 20.70217100401711 ], [ 73.835805273829862, 20.70181712260954 ], [ 73.836546943479405, 20.701194360136327 ], [ 73.837223601099325, 20.700738935631481 ], [ 73.83780178454488, 20.700361925910499 ], [ 73.838185511067522, 20.700116957004965 ], [ 73.838369286781116, 20.699874762879919 ], [ 73.838591492921125, 20.699303960714989 ], [ 73.838855956478142, 20.698665859498689 ], [ 73.839164785597291, 20.698020378530874 ], [ 73.84008485505295, 20.697694635506046 ], [ 73.841025333699605, 20.697585255636891 ], [ 73.841973066453875, 20.698169401542764 ], [ 73.842352376054421, 20.698266640809866 ], [ 73.843415574645618, 20.698185284409902 ], [ 73.843993990367935, 20.697829037150619 ], [ 73.844812534916016, 20.697202430645437 ], [ 73.845266388215649, 20.696887560082612 ], [ 73.845687925030006, 20.69680935026798 ], [ 73.846163729925976, 20.696830037064242 ], [ 73.846580850111167, 20.696773077919953 ], [ 73.847182080704869, 20.696753067120991 ], [ 73.848495036064264, 20.696392797708949 ], [ 73.84872243102042, 20.696130582846045 ], [ 73.849193266965628, 20.695998043789579 ], [ 73.85052059921729, 20.695854677677495 ], [ 73.851664622626728, 20.695234288204098 ], [ 73.852787849818341, 20.694534787100526 ], [ 73.853164890346264, 20.694209673752553 ], [ 73.853480166894059, 20.693805460635964 ], [ 73.853711293046842, 20.693630908914198 ], [ 73.853815438674062, 20.693338723556455 ], [ 73.85410289039703, 20.692968641605862 ], [ 73.85458668635242, 20.692661718214051 ], [ 73.855200957092222, 20.692389385899848 ], [ 73.855297112763907, 20.692741522227667 ], [ 73.855367467397443, 20.693439419915826 ], [ 73.855573240786214, 20.694170498484155 ], [ 73.85573215336558, 20.694994956103166 ], [ 73.855958876507017, 20.695769669772265 ], [ 73.856078431244114, 20.696777972707718 ], [ 73.856323681344293, 20.697607327544031 ], [ 73.856231900118388, 20.698109862869003 ], [ 73.856186179789987, 20.699939876053676 ], [ 73.856253185589352, 20.7003936974784 ], [ 73.856527606872874, 20.700699539858011 ], [ 73.856874853931743, 20.700911711894019 ], [ 73.857480667286893, 20.701033234795453 ], [ 73.857827538144818, 20.700937007982002 ], [ 73.858551226338918, 20.700626105319319 ], [ 73.859143202502864, 20.700306442633796 ], [ 73.8594543063533, 20.700138448365113 ], [ 73.860380363988298, 20.700025701872129 ], [ 73.860717295921802, 20.70042776206056 ], [ 73.860612371453186, 20.700903990043095 ], [ 73.860319818527401, 20.701200372577212 ], [ 73.85961090556502, 20.702142467121281 ], [ 73.85960955637448, 20.702699344790179 ], [ 73.859695252962268, 20.70317234209104 ], [ 73.859987515075233, 20.703515731128991 ], [ 73.860495880179116, 20.703840369668374 ], [ 73.86101149904259, 20.703902943990645 ], [ 73.862051486667255, 20.70362801324638 ], [ 73.862622348117881, 20.703237178099116 ], [ 73.863007750852475, 20.70410449146824 ], [ 73.863118374516759, 20.704377642256897 ], [ 73.863591580568738, 20.705546080341126 ], [ 73.863711326142337, 20.707396698553936 ], [ 73.864044987938357, 20.707902874814454 ], [ 73.864423282051732, 20.708301203916754 ], [ 73.864680798447679, 20.708651437326168 ], [ 73.865038376908998, 20.70895390713213 ], [ 73.865272255719347, 20.709109952743368 ], [ 73.866153670857955, 20.70979820162944 ], [ 73.866762304781588, 20.710609857200495 ], [ 73.86682890010357, 20.710929986145672 ], [ 73.866689544056058, 20.711687370081286 ], [ 73.866624073671431, 20.711949930448505 ], [ 73.86652648766254, 20.712708351208249 ], [ 73.86663456231058, 20.713084316384489 ], [ 73.867076136394132, 20.714563429172838 ], [ 73.867268157645114, 20.715403482920212 ], [ 73.867349863799646, 20.71566541443341 ], [ 73.867633088670544, 20.716202934971029 ], [ 73.867909046844971, 20.716850991656017 ], [ 73.868045948393771, 20.717307215171676 ], [ 73.868189020117825, 20.717904217331792 ], [ 73.868298616101455, 20.71926197583819 ], [ 73.868590906729224, 20.720028809582871 ], [ 73.869393589033038, 20.720295770506617 ], [ 73.870470565242613, 20.720815472029617 ], [ 73.870741718903489, 20.721019051887311 ], [ 73.871003151029313, 20.72193621433793 ], [ 73.871086870172519, 20.722229918247926 ], [ 73.871225065173377, 20.722626815686581 ], [ 73.87167297537502, 20.724049016714588 ], [ 73.871896544410518, 20.724734179959718 ], [ 73.872198620413116, 20.725734917902702 ], [ 73.872380869770154, 20.726346166235153 ], [ 73.87259238207568, 20.727124522826728 ], [ 73.872820497967652, 20.72752619779293 ], [ 73.873066857570862, 20.728060156008375 ], [ 73.873376006466074, 20.728392962870963 ], [ 73.87390678081249, 20.729065485846995 ], [ 73.874206350161543, 20.72934671410141 ], [ 73.874321878459256, 20.72968213203324 ], [ 73.875136601039245, 20.729766341023534 ], [ 73.875987714808986, 20.729877886600551 ], [ 73.877482241384939, 20.730040286905574 ], [ 73.878001484573943, 20.730160636521948 ], [ 73.87897256635182, 20.730492756902905 ], [ 73.879840167205501, 20.730921079791457 ], [ 73.880861685147664, 20.731425386744142 ], [ 73.881797814819976, 20.73195155208591 ], [ 73.882439399164994, 20.733034084041019 ], [ 73.882536460814379, 20.733427495647099 ], [ 73.882718485360826, 20.733212615524483 ], [ 73.883012567687828, 20.733297267626796 ], [ 73.88367502236683, 20.733028555930741 ], [ 73.884409471678751, 20.732594967206637 ], [ 73.884997490325745, 20.732452645533225 ], [ 73.886356023219435, 20.731921921978266 ], [ 73.886989698326573, 20.731601209887081 ], [ 73.888739577007783, 20.731700463505963 ], [ 73.889464432833066, 20.731786211214843 ], [ 73.890129277852452, 20.731777079993968 ], [ 73.890593701014538, 20.731545550801037 ], [ 73.891121599940789, 20.731340057602917 ], [ 73.89210756926424, 20.731284331560452 ], [ 73.892512753852571, 20.731261989990646 ], [ 73.893717741042352, 20.731359018794276 ], [ 73.894456927911889, 20.731462909523021 ], [ 73.895263581056668, 20.731837617504109 ], [ 73.895753213241022, 20.731991065970217 ], [ 73.896091652748126, 20.731040393731369 ], [ 73.896432522196676, 20.730361822123321 ], [ 73.89694486962982, 20.729633755707116 ], [ 73.897168910070377, 20.729290145639137 ], [ 73.897720867128257, 20.729010150945996 ], [ 73.899036086440915, 20.728617014962211 ], [ 73.899537776835956, 20.728434019925668 ], [ 73.900291367954381, 20.727914512791184 ], [ 73.900884113654172, 20.727347667509505 ], [ 73.901157664486902, 20.727216680002609 ], [ 73.901662543692836, 20.726804224364038 ], [ 73.902127201868282, 20.72647803543942 ], [ 73.90285200077976, 20.72610315886913 ], [ 73.90351441422159, 20.725967569430335 ], [ 73.903960798475566, 20.725786819430336 ], [ 73.904858375302183, 20.725382425295788 ], [ 73.905235249198114, 20.725506580607107 ], [ 73.905543212629624, 20.725704138242442 ], [ 73.905602926660194, 20.726774209467781 ], [ 73.905797321356005, 20.727090593160977 ], [ 73.906387774414128, 20.726951647393296 ], [ 73.907018837808167, 20.726536021478683 ], [ 73.907834775277607, 20.72595779972352 ], [ 73.908703631921711, 20.725862810680351 ], [ 73.909183736660538, 20.725804007481635 ], [ 73.909714019734437, 20.725602995130966 ], [ 73.910474866071837, 20.725354380390609 ], [ 73.912454961400783, 20.724708147150128 ], [ 73.912766822821197, 20.724662928360832 ], [ 73.914323810200742, 20.724829249346527 ], [ 73.915039947186443, 20.724919947543214 ], [ 73.915589613565004, 20.724937879240883 ], [ 73.91722032742517, 20.724993955914687 ], [ 73.917654800159298, 20.72560136833447 ], [ 73.917723993502648, 20.72633521250561 ], [ 73.917692955377007, 20.727028325942676 ], [ 73.917532610258135, 20.728530229649532 ], [ 73.917492003203392, 20.729250571935907 ], [ 73.917645737190114, 20.729645661043371 ], [ 73.9182267089883, 20.729769701070939 ], [ 73.91899722972434, 20.72986682479387 ], [ 73.919803804218674, 20.729990725090374 ], [ 73.920303044771629, 20.730105729343595 ], [ 73.920904145410915, 20.730324590022132 ], [ 73.921529798353731, 20.730553904896318 ], [ 73.921930244006859, 20.730700675759941 ], [ 73.922245862479016, 20.730875669621096 ], [ 73.922530819808813, 20.73111463484409 ], [ 73.922984710563412, 20.731636054617464 ], [ 73.923697899953979, 20.732394637774615 ], [ 73.923974119308667, 20.732981750988671 ], [ 73.92409681764515, 20.733681752708733 ], [ 73.925398741255648, 20.733966439711406 ], [ 73.926077187501718, 20.734114789254384 ], [ 73.926366950842436, 20.73421732749582 ], [ 73.926893454357597, 20.734403638667064 ], [ 73.92763293440305, 20.734642790475753 ], [ 73.928276163462456, 20.734671918918778 ], [ 73.928383859848779, 20.733503364312881 ], [ 73.928438703622774, 20.732908281501288 ], [ 73.928589357586461, 20.731553352306605 ], [ 73.928742547551863, 20.730044794876203 ], [ 73.928905333046643, 20.729353802779798 ], [ 73.930141492637276, 20.729418910504926 ], [ 73.930540557370904, 20.730802972407556 ], [ 73.93072050672896, 20.731289484458177 ], [ 73.931121925102019, 20.732053919194794 ], [ 73.931530294010273, 20.732715413329107 ], [ 73.931797973104224, 20.732994149185721 ], [ 73.932065741810433, 20.733273067724454 ], [ 73.933098432419044, 20.734331863100401 ], [ 73.934340576577725, 20.735809131053475 ], [ 73.934779481392908, 20.736411031483168 ], [ 73.93511559942479, 20.736697780226461 ], [ 73.935555082202626, 20.737015962572052 ], [ 73.937464320911133, 20.738271304148547 ], [ 73.938510838425287, 20.738959393978007 ], [ 73.939226384341197, 20.739487399906331 ], [ 73.939869980469737, 20.739941147856911 ], [ 73.940878505051998, 20.74076048861988 ], [ 73.941531735602766, 20.741406094570564 ], [ 73.941930365747311, 20.741999876966123 ], [ 73.9421970707252, 20.742394911031369 ], [ 73.942238023355998, 20.742702011436915 ], [ 73.942358504710342, 20.743512743410083 ], [ 73.942379055313964, 20.743872654288783 ], [ 73.942391674765702, 20.744267523511887 ], [ 73.942330155483887, 20.744646278399163 ], [ 73.942284274318993, 20.744912088583369 ], [ 73.942219873498374, 20.745274836477282 ], [ 73.942124284218025, 20.745694197404827 ], [ 73.941913174885613, 20.746071280515554 ], [ 73.941577335414848, 20.746466602534021 ], [ 73.941279957835334, 20.746821226447221 ], [ 73.940742240711259, 20.747105412799552 ], [ 73.941045022057381, 20.747783280846718 ], [ 73.940964541561115, 20.748076265038844 ], [ 73.940576985009287, 20.748167358981924 ], [ 73.940099365326347, 20.7482667796314 ], [ 73.93960018160189, 20.748535811665441 ], [ 73.939114243708104, 20.748705456783018 ], [ 73.938467415445118, 20.748931269803581 ], [ 73.937892952780004, 20.749344632972829 ], [ 73.938200301807512, 20.749687879574882 ], [ 73.938478384559843, 20.749950262630868 ], [ 73.938865161850543, 20.750258467696721 ], [ 73.93912626125632, 20.750517053191526 ], [ 73.939381414666371, 20.750780851813477 ], [ 73.939611876657509, 20.751017275495695 ], [ 73.939823361351003, 20.751234108849477 ], [ 73.940034846736523, 20.751450941944853 ], [ 73.940276542783039, 20.751698751046806 ], [ 73.940548452759984, 20.751977536147432 ], [ 73.940790149750342, 20.752225344492601 ], [ 73.941017346171805, 20.752478044708173 ], [ 73.941069327758044, 20.752748692972325 ], [ 73.941079018147363, 20.753074780575794 ], [ 73.941086351212391, 20.753442794521092 ], [ 73.941074695223094, 20.753899334236021 ], [ 73.941063017234839, 20.754314721470848 ], [ 73.941052506451342, 20.754688568889176 ], [ 73.941043270350903, 20.755017136883193 ], [ 73.941034207795397, 20.755339471516834 ], [ 73.941058490594443, 20.755735064541959 ], [ 73.94116952941404, 20.756192932117209 ], [ 73.941287692932278, 20.756691811901224 ], [ 73.941355674516032, 20.757045620276322 ], [ 73.941414651643782, 20.757360999980786 ], [ 73.941473629010289, 20.757676380665686 ], [ 73.941444870791003, 20.758024265409038 ], [ 73.941252710674107, 20.758381463745533 ], [ 73.941032449386171, 20.758620516484296 ], [ 73.940835622829766, 20.758826808323299 ], [ 73.940584353633966, 20.75909016034667 ], [ 73.940217329750809, 20.759466829839543 ], [ 73.939911291801138, 20.759723559089924 ], [ 73.939623367903536, 20.759938447790582 ], [ 73.939229040261438, 20.76014241952511 ], [ 73.938863979977256, 20.760314376029832 ], [ 73.938559419560747, 20.760381305385685 ], [ 73.938206825835138, 20.760438106272591 ], [ 73.937800846246347, 20.760482489406257 ], [ 73.937480691054304, 20.760492027651608 ], [ 73.937197787641452, 20.760507385802136 ], [ 73.936863794358899, 20.760551980827053 ], [ 73.936568623614605, 20.760585890222345 ], [ 73.936268152602793, 20.760601914096043 ], [ 73.935967682579445, 20.760617935569105 ], [ 73.935636742065483, 20.760641413171729 ], [ 73.935234078269687, 20.760715297160282 ], [ 73.934857914330649, 20.760791501085627 ], [ 73.934565341201306, 20.76085077032468 ], [ 73.934231407133908, 20.760913816561139 ], [ 73.933862392794509, 20.760912618352023 ], [ 73.933408811902538, 20.760875049792993 ], [ 73.932990567177953, 20.760826497156529 ], [ 73.932673003047086, 20.760785956525936 ], [ 73.932391666324122, 20.760733115551634 ], [ 73.931962946778768, 20.760758115913852 ], [ 73.932047322140491, 20.761110404213444 ], [ 73.932183465262241, 20.761408765999576 ], [ 73.932257900475122, 20.761729227859615 ], [ 73.932327192600482, 20.76205153140598 ], [ 73.932405146112686, 20.762414121215524 ], [ 73.932485674433053, 20.762776127770824 ], [ 73.932567847159561, 20.763095520693728 ], [ 73.932640498766347, 20.763374819944296 ], [ 73.932702840956978, 20.763708760634739 ], [ 73.932784073821423, 20.764136800748407 ], [ 73.932838418752937, 20.764503250503118 ], [ 73.932886723916383, 20.764828982708547 ], [ 73.932940498016436, 20.765191582674621 ], [ 73.932992072429982, 20.765506639087658 ], [ 73.933062196560769, 20.765815905711587 ], [ 73.933143580097095, 20.766168366159565 ], [ 73.933253099106025, 20.766594680887561 ], [ 73.933391437609217, 20.766921813840742 ], [ 73.933522024167459, 20.767377486880715 ], [ 73.933548472583311, 20.767770922033669 ], [ 73.933587410381506, 20.768138139171938 ], [ 73.933632157429301, 20.768548455505645 ], [ 73.933672855267773, 20.768921640433284 ], [ 73.933711410895356, 20.769275185680872 ], [ 73.933750231696038, 20.76963115182253 ], [ 73.933789052705279, 20.769987118061763 ], [ 73.933814217711671, 20.770336248147704 ], [ 73.933801061055831, 20.770681210232446 ], [ 73.933749821926412, 20.771133167872136 ], [ 73.933696747250906, 20.771586705580273 ], [ 73.93365992870757, 20.772059314577788 ], [ 73.933741680739772, 20.772491993680656 ], [ 73.933976029203862, 20.772762806406387 ], [ 73.934214834619524, 20.772946634623946 ], [ 73.934493439830632, 20.773153766431466 ], [ 73.934712155013344, 20.773381330296367 ], [ 73.934691315555099, 20.773690627285013 ], [ 73.934655611833776, 20.773967221664183 ], [ 73.934613291314278, 20.774311857611945 ], [ 73.934585382435387, 20.774685288598612 ], [ 73.934678322483578, 20.775115782843429 ], [ 73.934482293674918, 20.775614930476383 ], [ 73.934420815157765, 20.776000026208411 ], [ 73.934290787891754, 20.776818385328141 ], [ 73.933937329988638, 20.779583983205654 ], [ 73.933732657847997, 20.781193386016714 ], [ 73.933575567159082, 20.783250254778068 ], [ 73.933334579552124, 20.784985019216368 ], [ 73.933234047278347, 20.786032446559833 ], [ 73.933166027328781, 20.786741130970132 ], [ 73.933138246108285, 20.787290724535701 ], [ 73.933113783135425, 20.787774683252501 ], [ 73.933209913975688, 20.788276846587955 ], [ 73.933263864704742, 20.78855867045635 ], [ 73.93354737923147, 20.78942170938835 ], [ 73.933434556760275, 20.789854421848094 ], [ 73.933065225833872, 20.790355836552159 ], [ 73.932918337182116, 20.790758710547511 ], [ 73.932984654043892, 20.791875322436027 ], [ 73.933064986471223, 20.792472364261801 ], [ 73.933357272331804, 20.793464643486757 ], [ 73.933585189770753, 20.793938783087771 ], [ 73.933698930256512, 20.794661458985971 ], [ 73.933902813896623, 20.795553496651028 ], [ 73.934042295333555, 20.796355469208429 ], [ 73.934202596486543, 20.796928830020466 ], [ 73.934752910825296, 20.797798602880412 ], [ 73.93520854709584, 20.798383805675535 ], [ 73.935367680284116, 20.79866112589777 ], [ 73.935574584750441, 20.798955159944047 ], [ 73.935760524524269, 20.799272261798702 ], [ 73.935911045480864, 20.799580152848218 ], [ 73.93597543827758, 20.799925287736656 ], [ 73.936036796208143, 20.800278615534651 ], [ 73.936084518777918, 20.800553424954266 ], [ 73.936135677174406, 20.80086822527721 ], [ 73.936141237400847, 20.801233635731066 ], [ 73.936128140970553, 20.801562350664028 ], [ 73.936070299557713, 20.801926539799279 ], [ 73.935859904483891, 20.802268496916184 ], [ 73.935654006541682, 20.802547448877331 ], [ 73.935493924823191, 20.802822077104157 ], [ 73.935318162884329, 20.803141212702233 ], [ 73.935122871215853, 20.803495806764008 ], [ 73.934968158019615, 20.803781147926511 ], [ 73.934845897698835, 20.804045197206268 ], [ 73.934707909391776, 20.804348872796268 ], [ 73.934547987629216, 20.804732909400567 ], [ 73.934415869281054, 20.805170495805235 ], [ 73.934231328778949, 20.805496096145227 ], [ 73.934063520148712, 20.805739150852759 ], [ 73.933871737805802, 20.806016927874463 ], [ 73.933632011241912, 20.806364147847653 ], [ 73.933405927593071, 20.806669531149222 ], [ 73.933186603212633, 20.806928337678205 ], [ 73.93296727903676, 20.807187142144141 ], [ 73.932775368979677, 20.807413597762427 ], [ 73.932550664193897, 20.807670286426404 ], [ 73.93231429748559, 20.807922388141293 ], [ 73.932107235462666, 20.808217793710124 ], [ 73.931977698037485, 20.808601869214986 ], [ 73.931998795571417, 20.808967054221483 ], [ 73.932282768133476, 20.809357684054326 ], [ 73.932580807447096, 20.809647760411615 ], [ 73.932854955066588, 20.809905474682985 ], [ 73.933132472574542, 20.810166355620254 ], [ 73.933381549595694, 20.810400504893476 ], [ 73.933630628600937, 20.810634651081433 ], [ 73.933978132880441, 20.810953078074139 ], [ 73.934273412676831, 20.81120592147812 ], [ 73.93453710258558, 20.811429815105235 ], [ 73.934767829538373, 20.811625721698668 ], [ 73.935031520141024, 20.81184961449485 ], [ 73.935360483733803, 20.812128284136566 ], [ 73.935615101699739, 20.812335445649758 ], [ 73.935889624354758, 20.812554413989854 ], [ 73.936214599320849, 20.812797881065745 ], [ 73.936495909110093, 20.812997074153397 ], [ 73.936742055546404, 20.813171369412146 ], [ 73.937023364925125, 20.813370562411556 ], [ 73.937332345458287, 20.813589348924079 ], [ 73.937564476306349, 20.813753717461395 ], [ 73.937790555360337, 20.813916962400693 ], [ 73.938034143907657, 20.814130536469335 ], [ 73.938300377270068, 20.814438931414159 ], [ 73.938520418360298, 20.814814510102572 ], [ 73.938627049481497, 20.815182138153737 ], [ 73.938723658111329, 20.815516483827651 ], [ 73.93882060523849, 20.815783435380549 ], [ 73.938951826079915, 20.816100436468549 ], [ 73.939103484234636, 20.816427527779663 ], [ 73.939225612014923, 20.816689030101259 ], [ 73.939347738406909, 20.816950530463519 ], [ 73.939469866174235, 20.81721203266072 ], [ 73.939645603983436, 20.817588319582601 ], [ 73.939804052698861, 20.817927587802913 ], [ 73.939944897508354, 20.818229158095701 ], [ 73.940103347840918, 20.81856842434323 ], [ 73.940244192100522, 20.818869993518025 ], [ 73.940367430004542, 20.819133866560122 ], [ 73.940508275466513, 20.819435435629035 ], [ 73.940631513529425, 20.819699306701143 ], [ 73.940754752041258, 20.819963178648912 ], [ 73.940895596418727, 20.820264745605986 ], [ 73.941036440502231, 20.820566311548131 ], [ 73.941183374551272, 20.820868778337058 ], [ 73.941357874777793, 20.821163500248339 ], [ 73.941567825180087, 20.821511873155462 ], [ 73.941798771140384, 20.821895080430014 ], [ 73.942015847975611, 20.822255272687208 ], [ 73.942107889453055, 20.822543467612473 ], [ 73.942140994114425, 20.822939541286598 ], [ 73.94218009584705, 20.823419618682237 ], [ 73.942529553199108, 20.823530720510373 ], [ 73.942933251320454, 20.823513324096663 ], [ 73.943381804153901, 20.823493992736175 ], [ 73.943778185921886, 20.823568368629928 ], [ 73.944048008674073, 20.823844312705489 ], [ 73.944059087082309, 20.82413266664901 ], [ 73.943990519544982, 20.824409709761525 ], [ 73.943751163675941, 20.824684573170398 ], [ 73.943549913026416, 20.824893794540781 ], [ 73.943361208979596, 20.825115583130106 ], [ 73.943145546553666, 20.825369056093603 ], [ 73.942967677590204, 20.825606389795858 ], [ 73.942794141265395, 20.825849944263197 ], [ 73.942620605363956, 20.8260934967807 ], [ 73.942448201128087, 20.826335458090128 ], [ 73.942278628650413, 20.826573449041888 ], [ 73.942057072022621, 20.826799997564663 ], [ 73.941818858336291, 20.826999283756596 ], [ 73.941559392128823, 20.827181836676001 ], [ 73.941308160086066, 20.827325862176782 ], [ 73.94111470158532, 20.827543754547392 ], [ 73.940906914575038, 20.827805483127435 ], [ 73.940765605191658, 20.8281005372728 ], [ 73.940621416892938, 20.828481001158188 ], [ 73.94055895345096, 20.828870095421944 ], [ 73.940531573182213, 20.829144186039422 ], [ 73.940500280512055, 20.829457431576834 ], [ 73.940493928998606, 20.829777580985212 ], [ 73.940512515847487, 20.830104635073425 ], [ 73.940525102504722, 20.830512309033221 ], [ 73.940420620655402, 20.83098795728738 ], [ 73.940296311607909, 20.831328057956252 ], [ 73.940136616628877, 20.831737451707102 ], [ 73.939977426863649, 20.832188131785344 ], [ 73.939891837894322, 20.832535296211358 ], [ 73.939810345809946, 20.832883570110141 ], [ 73.939728853297026, 20.833231844065395 ], [ 73.939638089399068, 20.833579333272869 ], [ 73.939532090846839, 20.833964998334206 ], [ 73.939418119483122, 20.834431385973456 ], [ 73.939388859103147, 20.834796431003177 ], [ 73.93937282667973, 20.835165066947948 ], [ 73.939355013024937, 20.835574659411595 ], [ 73.939337200279383, 20.835984251132924 ], [ 73.939322949068284, 20.836311923650175 ], [ 73.939310479125922, 20.836598636135985 ], [ 73.93929444651873, 20.836967267109934 ], [ 73.939283688212171, 20.83729434105409 ], [ 73.939304415887875, 20.837575388370329 ], [ 73.939335558029484, 20.837935968273388 ], [ 73.939391189668342, 20.83842186500025 ], [ 73.939577597711292, 20.838761255142664 ], [ 73.939893307704338, 20.839027423720374 ], [ 73.94009220609837, 20.839351515199436 ], [ 73.940402213881029, 20.839550257409226 ], [ 73.940672158935357, 20.83977521247466 ], [ 73.940881113326483, 20.839957107602643 ], [ 73.941192479422369, 20.840194309791212 ], [ 73.94164079806157, 20.840052058863645 ], [ 73.942042604270398, 20.839815617117011 ], [ 73.942374908684414, 20.839620073008295 ], [ 73.942633368335379, 20.839467981894359 ], [ 73.942891828244242, 20.839315893150175 ], [ 73.943224133976628, 20.839120349235419 ], [ 73.943556439789432, 20.838924802817267 ], [ 73.943851822997658, 20.838750985583612 ], [ 73.944145452140233, 20.838589740753381 ], [ 73.944474142209017, 20.838441618612375 ], [ 73.94489194969097, 20.838355462356954 ], [ 73.945251195891444, 20.838356400194911 ], [ 73.945626030833708, 20.838410236598989 ], [ 73.945971514780268, 20.838434156750548 ], [ 73.946280269868822, 20.838442520831855 ], [ 73.946633131468104, 20.838452082234181 ], [ 73.946985994053733, 20.838461643764305 ], [ 73.94729474816684, 20.838470008473124 ], [ 73.947647610890002, 20.838479567526722 ], [ 73.948000472602558, 20.83848912754798 ], [ 73.94835333534354, 20.838498686778024 ], [ 73.948699855873357, 20.838512408853894 ], [ 73.949021007547202, 20.8385427830532 ], [ 73.949419503699389, 20.838658968526392 ], [ 73.949700699314292, 20.838847448734256 ], [ 73.949955223125087, 20.839055779593068 ], [ 73.950180379387973, 20.839256763964336 ], [ 73.950437702565893, 20.839486458736527 ], [ 73.950744569455878, 20.839722797616115 ], [ 73.951065339464961, 20.839941480975217 ], [ 73.951350469524371, 20.840135864423704 ], [ 73.951599958216732, 20.84030595087059 ], [ 73.951920392868175, 20.840524832433722 ], [ 73.952303361910865, 20.840797503121362 ], [ 73.952611811379739, 20.841021759053572 ], [ 73.952950780488266, 20.841242021022595 ], [ 73.953220950697059, 20.841410472433051 ], [ 73.953508633286546, 20.841557536246032 ], [ 73.953853756437169, 20.841694305582976 ], [ 73.954135204488452, 20.841751369531956 ], [ 73.954420336951202, 20.841796211237206 ], [ 73.954744752039147, 20.841874223492919 ], [ 73.955149811218249, 20.841980201882901 ], [ 73.95563769380928, 20.842115006088559 ], [ 73.956092313382783, 20.842269722781754 ], [ 73.956466660224862, 20.842393762849486 ], [ 73.956844296547175, 20.84250647108033 ], [ 73.957351643832538, 20.842605423325175 ], [ 73.957735081947845, 20.842548987086531 ], [ 73.958053431113854, 20.842424044616497 ], [ 73.958409438180354, 20.842277800042911 ], [ 73.958725889572875, 20.842147803713416 ], [ 73.959042340302204, 20.84201780764867 ], [ 73.959434329910593, 20.841869161934461 ], [ 73.959782295450779, 20.8417540826219 ], [ 73.960052934259707, 20.841664575606355 ], [ 73.960390394534286, 20.841602168179438 ], [ 73.960777027445801, 20.841588856344195 ], [ 73.961136299131951, 20.841761851307869 ], [ 73.961328571323776, 20.842056106858706 ], [ 73.961545342082985, 20.84240475971249 ], [ 73.961778316118313, 20.842788636699527 ], [ 73.961937829349125, 20.843104759649151 ], [ 73.962110093345231, 20.843456754811797 ], [ 73.962303459565305, 20.843815369062938 ], [ 73.962467037266777, 20.844105045763939 ], [ 73.962651062765673, 20.844430932486592 ], [ 73.962875981697337, 20.844829237380218 ], [ 73.96306000729551, 20.845155122798179 ], [ 73.963324620144036, 20.845626144201646 ], [ 73.963519477648589, 20.8459906384733 ], [ 73.963673440771927, 20.846282715269879 ], [ 73.96382740461614, 20.846574791059854 ], [ 73.963981367226253, 20.84686686576444 ], [ 73.964154575841704, 20.847195449927117 ], [ 73.964370375441405, 20.847590831839092 ], [ 73.964598374660213, 20.847820239452556 ], [ 73.964882706299846, 20.848069604349497 ], [ 73.965103852271199, 20.848263556161939 ], [ 73.965324998932047, 20.848457506760262 ], [ 73.965609331310858, 20.848706871250148 ], [ 73.965862070123606, 20.848928528596517 ], [ 73.966106651292492, 20.849148302904613 ], [ 73.966286767158465, 20.849347089731797 ], [ 73.966279936472588, 20.849624317951008 ], [ 73.966255287493993, 20.849911161617847 ], [ 73.966266148658377, 20.850201290775058 ], [ 73.966287632069708, 20.850616312919545 ], [ 73.966309115657495, 20.851031334284091 ], [ 73.966326304247445, 20.851363350252289 ], [ 73.966345641114444, 20.851736866350468 ], [ 73.966436766192089, 20.852116358201798 ], [ 73.966727209646805, 20.851942861234292 ], [ 73.966967585972696, 20.851754325954673 ], [ 73.967210246155545, 20.85157559678451 ], [ 73.967443347597481, 20.851435144980403 ], [ 73.967758587356613, 20.851178863173317 ], [ 73.968081609955902, 20.850976653272717 ], [ 73.968409884392102, 20.850779892582349 ], [ 73.968864561378226, 20.850569563201027 ], [ 73.969174165773978, 20.850449215219456 ], [ 73.969494881690679, 20.850354165337802 ], [ 73.969839676688665, 20.850313918633244 ], [ 73.97014299337728, 20.850282391651263 ], [ 73.970582562718761, 20.850281945542196 ], [ 73.971072977126994, 20.850330502898935 ], [ 73.971469486027857, 20.850366490197498 ], [ 73.971802456488078, 20.850383095963657 ], [ 73.972133846163771, 20.850398457133483 ], [ 73.972424629124944, 20.850405472244756 ], [ 73.972722344343836, 20.850357874388802 ], [ 73.973106171082478, 20.850288416083011 ], [ 73.973489038948571, 20.850216540264132 ], [ 73.973777035852393, 20.85013592428005 ], [ 73.974184356617585, 20.850010398786139 ], [ 73.97455094512236, 20.84989742520165 ], [ 73.974836069079657, 20.849809558700485 ], [ 73.975121193678049, 20.849721690783632 ], [ 73.975436541628852, 20.849600525570221 ], [ 73.975734375786288, 20.849444783803367 ], [ 73.976069438555783, 20.849269572373547 ], [ 73.976368430981978, 20.849115439246503 ], [ 73.976640049293906, 20.84899445383191 ], [ 73.976990762242281, 20.848840970480584 ], [ 73.977368660351786, 20.848641555838292 ], [ 73.977701700249611, 20.848444755823742 ], [ 73.977960729478241, 20.848291689327343 ], [ 73.978269844224187, 20.848155157783921 ], [ 73.978622504243447, 20.848015958950466 ], [ 73.978992744935297, 20.847909526635561 ], [ 73.979428541564559, 20.847836777199181 ], [ 73.979819619952423, 20.84777855097532 ], [ 73.980153461357986, 20.847814564413106 ], [ 73.980563819500631, 20.847886289812486 ], [ 73.980999966089939, 20.847962522897827 ], [ 73.981339985875792, 20.848009026594479 ], [ 73.981619515443668, 20.848001867525269 ], [ 73.981923590365781, 20.847924963729213 ], [ 73.982239572709446, 20.847752074198826 ], [ 73.982504129564703, 20.847509234432351 ], [ 73.982777135609581, 20.847230279920122 ], [ 73.982996751969893, 20.846978201091353 ], [ 73.98323650248598, 20.846703011245388 ], [ 73.983491499517925, 20.846440228480478 ], [ 73.983720855794374, 20.846246753552688 ], [ 73.984020962077025, 20.84600562946202 ], [ 73.984417909420699, 20.84575499167989 ], [ 73.984744106968762, 20.845552004931559 ], [ 73.985036121904187, 20.845381278755355 ], [ 73.985298759186847, 20.84526546472545 ], [ 73.98556208340888, 20.845152885277837 ], [ 73.985868361422007, 20.845043585864335 ], [ 73.986278331298863, 20.845005378668954 ], [ 73.986653501274944, 20.845028353163919 ], [ 73.987012397428998, 20.845214943704885 ], [ 73.987349051393664, 20.845389968770231 ], [ 73.987669868020674, 20.845589129347101 ], [ 73.987908886364082, 20.845850995973358 ], [ 73.988165727333154, 20.846063124039869 ], [ 73.988394054783228, 20.845842254101186 ], [ 73.988582836382051, 20.845568455870282 ], [ 73.988771616222877, 20.845294657424361 ], [ 73.988985674332369, 20.844989705075015 ], [ 73.989255890002113, 20.84463269062346 ], [ 73.989478350188463, 20.84434310035088 ], [ 73.989699299440488, 20.844058488677959 ], [ 73.989912685477378, 20.843829631409427 ], [ 73.990256221785117, 20.843511570194003 ], [ 73.990589670131683, 20.843339122272415 ], [ 73.990862580215847, 20.843217412342092 ], [ 73.991135488820802, 20.843095701887901 ], [ 73.991447385231723, 20.84295660500684 ], [ 73.991721268745152, 20.842837879547531 ], [ 73.992003434185293, 20.842744519134726 ], [ 73.992365864072454, 20.842624455685925 ], [ 73.992734930464167, 20.842357796738092 ], [ 73.992977322928809, 20.842083412941395 ], [ 73.993231732983588, 20.841815468992454 ], [ 73.993507285720753, 20.841603775915686 ], [ 73.993822572739617, 20.841369959802439 ], [ 73.994228103986458, 20.841133791385129 ], [ 73.994532716912857, 20.840985825693757 ], [ 73.994802889195057, 20.840854589827192 ], [ 73.995075789669542, 20.840722027650209 ], [ 73.995387676460496, 20.840570528660638 ], [ 73.995699563515416, 20.840419029080198 ], [ 73.995980024237369, 20.840310604888884 ], [ 73.996364918502096, 20.840248789685976 ], [ 73.996835342828646, 20.840173238520929 ], [ 73.997210512035196, 20.84009796519835 ], [ 73.997426220696838, 20.839868050284544 ], [ 73.997636073436027, 20.839563972748994 ], [ 73.997869242467033, 20.839226105822057 ], [ 73.998079093255427, 20.838922025989973 ], [ 73.998394730084442, 20.838609147972356 ], [ 73.998671126332511, 20.838371188703391 ], [ 73.998941939136515, 20.838211675886107 ], [ 73.999238507904991, 20.837958436309666 ], [ 73.999530622916794, 20.837634852787659 ], [ 73.999710016941748, 20.837306402513537 ], [ 73.999864786232862, 20.837013862715562 ], [ 74.000000209854548, 20.836757891397351 ], [ 74.000154978841252, 20.836465351471912 ], [ 74.000309748163474, 20.836172810577892 ], [ 74.000452697295415, 20.835929464697273 ], [ 74.00059664993384, 20.835688532267437 ], [ 74.000723536292057, 20.835425177017591 ], [ 74.00087466680236, 20.835131628456164 ], [ 74.001060464316964, 20.834820960475078 ], [ 74.001267820624193, 20.834491177775909 ], [ 74.001686196240385, 20.834472491895934 ], [ 74.002059850374621, 20.834537490270126 ], [ 74.002426493857158, 20.834600339069606 ], [ 74.002860080840804, 20.834671579730742 ], [ 74.003227891590598, 20.834731870735119 ], [ 74.003555533339139, 20.834785578636282 ], [ 74.003914068338759, 20.834804509437443 ], [ 74.004268505500477, 20.834789468912987 ], [ 74.00460243886252, 20.834772377820372 ], [ 74.004898087172535, 20.834756740028592 ], [ 74.005234573437093, 20.834738800574755 ], [ 74.005514856885412, 20.834722411281533 ], [ 74.005890399634154, 20.83459144502682 ], [ 74.006318209409145, 20.834674127787018 ], [ 74.006798778640359, 20.834500479433942 ], [ 74.007872725565392, 20.834042795625354 ], [ 74.008546740868255, 20.833765436481254 ], [ 74.00933553912715, 20.833946544325244 ], [ 74.01045695728827, 20.834279184348524 ], [ 74.011928994124403, 20.834697826616921 ], [ 74.013398740983064, 20.835143521347717 ], [ 74.013892867433171, 20.835028291752732 ], [ 74.015282138989534, 20.834683977021378 ], [ 74.016915619912254, 20.834276203634769 ], [ 74.017814119880128, 20.834048601007268 ], [ 74.019092022413304, 20.833952925468061 ], [ 74.019967651325743, 20.83394892922065 ], [ 74.019694545501551, 20.834731589203152 ], [ 74.019600369516823, 20.834986714579866 ], [ 74.019431957042968, 20.835419690921693 ], [ 74.019083155945694, 20.836316560680523 ], [ 74.018984911854147, 20.836580808841099 ], [ 74.018683618527987, 20.837391207211542 ], [ 74.018392319732598, 20.83822031098763 ], [ 74.018120354476778, 20.838994211573208 ], [ 74.017622203374415, 20.840328502890394 ], [ 74.017561847004288, 20.84082757152354 ], [ 74.017537171369241, 20.841152586090374 ], [ 74.017450264366829, 20.842299840013457 ], [ 74.017353654010961, 20.843133038260461 ], [ 74.017223623706073, 20.84444778585102 ], [ 74.01717455961932, 20.844943992078637 ], [ 74.017136366596532, 20.84534267627086 ], [ 74.017085001126077, 20.845878929496081 ], [ 74.017455432959707, 20.846168478643719 ], [ 74.018047708482328, 20.846631435178775 ], [ 74.01956785127058, 20.847846632032546 ], [ 74.020899587743216, 20.848891607734291 ], [ 74.022390623518191, 20.850115836798764 ], [ 74.022821880589333, 20.850462364588953 ], [ 74.023122072916124, 20.850675177556067 ], [ 74.023387026564649, 20.850761109279915 ], [ 74.024311576714652, 20.851060838893201 ], [ 74.025372358979396, 20.851430164791125 ], [ 74.0258317367296, 20.851590081760314 ], [ 74.026115176179431, 20.851644379908084 ], [ 74.026720548195655, 20.85152728989749 ], [ 74.026994532276504, 20.851389620145508 ], [ 74.027502579861533, 20.850775968044431 ], [ 74.028237460139366, 20.849825353322117 ], [ 74.028643654108905, 20.849290443101719 ], [ 74.028961078269361, 20.848947353137312 ], [ 74.029285385685796, 20.848870699482173 ], [ 74.029523226169303, 20.848730757443132 ], [ 74.029790052876095, 20.848419345383949 ], [ 74.030107481782451, 20.847958779564838 ], [ 74.030667624750166, 20.84725222051037 ], [ 74.030994558754472, 20.846897814497705 ], [ 74.031246954599595, 20.846487042727706 ], [ 74.031453810133343, 20.846021976140879 ], [ 74.031718622173386, 20.845168496650118 ], [ 74.032024242776259, 20.844217856121382 ], [ 74.032387542939489, 20.843375849016638 ], [ 74.032972038210175, 20.84192628025027 ], [ 74.033421924633927, 20.840898988727901 ], [ 74.033568707237393, 20.84044745913803 ], [ 74.03382848149279, 20.839948596808778 ], [ 74.034049847514254, 20.839350155156907 ], [ 74.034196553560278, 20.838941523469888 ], [ 74.034545135208134, 20.838449419017415 ], [ 74.035352765377795, 20.83763458700933 ], [ 74.036525587609432, 20.836393210095064 ], [ 74.036770666375162, 20.836183210150313 ], [ 74.037265518270345, 20.836052476128163 ], [ 74.038147265401648, 20.835698324545881 ], [ 74.039557409626426, 20.835233726977453 ], [ 74.04015552691483, 20.835186637997531 ], [ 74.041118741717796, 20.835123872012524 ], [ 74.042451864429708, 20.8350408253452 ], [ 74.043592703588288, 20.834987134689968 ], [ 74.04516851618142, 20.834967427854874 ], [ 74.045348866880204, 20.835276284549082 ], [ 74.045578738544918, 20.83566994104282 ], [ 74.04588496981043, 20.836131752741199 ], [ 74.046435490608161, 20.836961956874102 ], [ 74.047186709450031, 20.838120701485956 ], [ 74.048211407801261, 20.839537767905011 ], [ 74.048754350056555, 20.839670468757724 ], [ 74.050075078291528, 20.840206179366046 ], [ 74.050902480921593, 20.840498324859549 ], [ 74.052217132011137, 20.841011002146349 ], [ 74.053804644545252, 20.841614532759206 ], [ 74.054604351902398, 20.841935447950167 ], [ 74.056546600685351, 20.842746433066768 ], [ 74.056813608852792, 20.843083508399662 ], [ 74.057922736189965, 20.844226385116158 ], [ 74.059509712603429, 20.845877710799577 ], [ 74.059951486558958, 20.846340820376575 ], [ 74.060163130441694, 20.846711206692703 ], [ 74.060541929128163, 20.847196859557492 ], [ 74.061163759974278, 20.847892661741238 ], [ 74.061966628809486, 20.848722032645355 ], [ 74.062390864389997, 20.848647254180221 ], [ 74.063077944655106, 20.848347104000585 ], [ 74.06481250249098, 20.847744776694633 ], [ 74.065590947185015, 20.847444645331457 ], [ 74.068007808401092, 20.846564670153931 ], [ 74.068884409186893, 20.846919485886339 ], [ 74.070274940011302, 20.847441482127625 ], [ 74.071293277543276, 20.84778734790315 ], [ 74.071788002688194, 20.847961318043989 ], [ 74.073133043240148, 20.848185225614426 ], [ 74.073755166321959, 20.84830282240312 ], [ 74.074394501730367, 20.848408001996962 ], [ 74.075102662824079, 20.848524505926772 ], [ 74.076603769671323, 20.848784658286494 ], [ 74.07715150128368, 20.848879597469683 ], [ 74.077603214917019, 20.848574770493958 ], [ 74.07829453942864, 20.84817077918299 ], [ 74.07919849967746, 20.847642526766272 ], [ 74.080757759261132, 20.846753215721382 ], [ 74.081452069977601, 20.846351448415241 ], [ 74.082835298430396, 20.845795021608268 ], [ 74.084207647336314, 20.845184471638113 ], [ 74.084985950261483, 20.844719535168601 ], [ 74.085754772078374, 20.844164181597893 ], [ 74.086055101770285, 20.843963279262343 ], [ 74.087260940078423, 20.843823529770376 ], [ 74.088841499383761, 20.843658968782215 ], [ 74.089670282666233, 20.843372303282102 ], [ 74.091344662581932, 20.8428938001997 ], [ 74.092012421125077, 20.842769796453947 ], [ 74.092514445460282, 20.84259598514533 ], [ 74.094959938942722, 20.841706594080087 ], [ 74.096515177756444, 20.841274521210515 ], [ 74.097628425837726, 20.841826764427793 ], [ 74.098004935980029, 20.842017809050741 ], [ 74.09871692159534, 20.84237907816604 ], [ 74.099542604474735, 20.84279803786621 ], [ 74.10055643541925, 20.843307150808055 ], [ 74.100954828703209, 20.843507210753629 ], [ 74.101879521783928, 20.843992888278809 ], [ 74.10254051389029, 20.844310276725246 ], [ 74.102524998234372, 20.844603931587688 ], [ 74.102114529447945, 20.845758796112566 ], [ 74.101847739648846, 20.846515270210684 ], [ 74.101307042931012, 20.847501981220006 ], [ 74.100634214637964, 20.848820715778047 ], [ 74.10001536094839, 20.850120219314039 ], [ 74.10006149365077, 20.850386422241666 ], [ 74.100206664017406, 20.850802279127027 ], [ 74.100426988304008, 20.851433421649364 ], [ 74.100880646668443, 20.852866303530249 ], [ 74.101579497975422, 20.853773029650643 ], [ 74.102340261489331, 20.854475982240189 ], [ 74.103309724489122, 20.855313248971079 ], [ 74.104358567055641, 20.855193776037392 ], [ 74.105992059691246, 20.854916216032287 ], [ 74.106902423064184, 20.854749120390871 ], [ 74.108134848773673, 20.854548284290892 ], [ 74.10881468090632, 20.854527975261309 ], [ 74.109710577750732, 20.854765096759436 ], [ 74.111252660452251, 20.855201153388112 ], [ 74.111654428939289, 20.855380156806397 ], [ 74.111913280805609, 20.855819825345733 ], [ 74.112532700645318, 20.857558762008519 ], [ 74.112989480537749, 20.858706016086479 ], [ 74.113101843461195, 20.858988229581509 ], [ 74.113411546773804, 20.859877950925014 ], [ 74.113995214424875, 20.860406314117022 ], [ 74.115080862295272, 20.861467740217215 ], [ 74.115782176191544, 20.862161334974807 ], [ 74.116267948589169, 20.86251248268287 ], [ 74.116675814192547, 20.862474956271168 ], [ 74.11700733591789, 20.862314710301892 ], [ 74.118412763909745, 20.861585319351576 ], [ 74.120281793283539, 20.86063235299979 ], [ 74.121346011042078, 20.861063728673194 ], [ 74.122189139979469, 20.861431828533949 ], [ 74.122907361431331, 20.861736655193145 ], [ 74.123608764342023, 20.862014397653802 ], [ 74.123968989988867, 20.862204642919341 ], [ 74.126492228789019, 20.863395315837455 ], [ 74.128490086781099, 20.864338061497044 ], [ 74.12954077754793, 20.863578028126842 ], [ 74.130085312178736, 20.863184128571387 ], [ 74.132103299473854, 20.861668820053065 ], [ 74.132749420402163, 20.861187773902465 ], [ 74.133095350769679, 20.86099804468822 ], [ 74.135283792021468, 20.85999995559963 ], [ 74.137220095707377, 20.859114597911503 ], [ 74.13794791533762, 20.85857937638912 ], [ 74.138851115119849, 20.857867896388797 ], [ 74.139197147441934, 20.857217566031608 ], [ 74.139869700740334, 20.85604097953 ], [ 74.140097923271767, 20.855688744907702 ], [ 74.14124612142345, 20.854333744924251 ], [ 74.142055582017463, 20.853353628744561 ], [ 74.143376732430426, 20.851736647151199 ], [ 74.143657807173639, 20.851413632386205 ], [ 74.144409076209328, 20.851000292012685 ], [ 74.146014244006707, 20.850216579648219 ], [ 74.14656185332943, 20.850053944235331 ], [ 74.146976194941743, 20.850197951604422 ], [ 74.147308520804259, 20.850437426401797 ], [ 74.147588605611062, 20.850641575132425 ], [ 74.147722294290304, 20.850946339966981 ], [ 74.147955843115241, 20.851210229908482 ], [ 74.148267876039284, 20.851231449272063 ], [ 74.148598999305463, 20.851177097843802 ], [ 74.14898459456883, 20.851160119439548 ], [ 74.149361298436006, 20.851117216400326 ], [ 74.149794350242445, 20.851008555129997 ], [ 74.150302587306214, 20.851181787232782 ], [ 74.150712343783979, 20.851092946863492 ], [ 74.151113874865587, 20.850984634420417 ], [ 74.151439232421538, 20.850753329635904 ], [ 74.151710880246739, 20.850701355357433 ], [ 74.152065957983325, 20.850838428166661 ], [ 74.152483407214248, 20.850999653974128 ], [ 74.152929550206807, 20.851008738380674 ], [ 74.153432010119971, 20.851087114691961 ], [ 74.154569157812958, 20.851125457751841 ], [ 74.156104361373281, 20.851095866583751 ], [ 74.157086261073218, 20.851094504522141 ], [ 74.1578761342045, 20.851130734219371 ], [ 74.15815588966187, 20.851223657277082 ], [ 74.157808306549597, 20.852214613081806 ], [ 74.157645610096878, 20.852685924152954 ], [ 74.157010872843557, 20.854622267406551 ], [ 74.156276480905248, 20.856855601894317 ], [ 74.155332842359527, 20.859619592508114 ], [ 74.157370818338507, 20.861877475974229 ], [ 74.157572281873414, 20.862085799903493 ], [ 74.160312214673482, 20.861949685425515 ], [ 74.160804531768378, 20.861925227681695 ], [ 74.164961083844602, 20.861628599525464 ], [ 74.167445304096958, 20.861458718050176 ], [ 74.169634137140903, 20.861259436234501 ], [ 74.170535094712349, 20.861173432674214 ], [ 74.172872571320156, 20.860407354031757 ], [ 74.173457864791828, 20.860220081798392 ], [ 74.175577566359351, 20.859541831085519 ], [ 74.179096994560879, 20.858361311606295 ], [ 74.179579884939798, 20.858199333848273 ], [ 74.181331047292133, 20.857638757149321 ], [ 74.18320248328682, 20.857044347324397 ], [ 74.185215559814125, 20.856400084789886 ], [ 74.185919062530601, 20.856417708100935 ], [ 74.187973859765066, 20.856469183875806 ], [ 74.19051088161369, 20.856409603335312 ], [ 74.191917754133542, 20.854399306080428 ], [ 74.195432284347703, 20.854644932111238 ], [ 74.198451642427045, 20.856770335339633 ], [ 74.19860147873807, 20.857173324287594 ], [ 74.198935184145725, 20.858070829163186 ], [ 74.200790904264522, 20.85933730517829 ], [ 74.201338587992154, 20.858978677615507 ], [ 74.204708848227455, 20.856836678491664 ], [ 74.205838452589589, 20.856638487687221 ], [ 74.206561555500826, 20.856511619132291 ], [ 74.207218484324059, 20.856396360438392 ], [ 74.208172299642953, 20.856237882957554 ], [ 74.211064872892692, 20.856069444504332 ], [ 74.214257745176724, 20.855830886562206 ], [ 74.215427767661367, 20.855782901464856 ], [ 74.217669493151163, 20.85595118767715 ], [ 74.220800199958859, 20.85624551834913 ], [ 74.223866181356456, 20.856539774925036 ], [ 74.225648975638322, 20.85318311058569 ], [ 74.225908880342672, 20.852692447531471 ], [ 74.226564049829776, 20.851455570853073 ], [ 74.226997368756798, 20.850640759115446 ], [ 74.227251778931489, 20.850181206204208 ], [ 74.230206236838157, 20.849303442179547 ], [ 74.233819955902774, 20.848210627449252 ], [ 74.236580036581074, 20.849272693508272 ], [ 74.238023795968701, 20.849837814950209 ], [ 74.23912016447278, 20.850266959517239 ], [ 74.242350998970707, 20.84954016178127 ], [ 74.242678740142921, 20.849488907915024 ], [ 74.242968275019734, 20.849609028484153 ], [ 74.244994331002346, 20.851629999415621 ], [ 74.24523787822524, 20.852201264806936 ], [ 74.2456150958634, 20.853193446806433 ], [ 74.246332591110345, 20.855087443408955 ], [ 74.247069483427822, 20.857060613981961 ], [ 74.248578012469565, 20.857951476583594 ], [ 74.249170166811908, 20.858301172742234 ], [ 74.249277819175475, 20.858792192496114 ], [ 74.249484499419481, 20.860804180022729 ], [ 74.249962262387626, 20.860765236336032 ], [ 74.252076681085953, 20.860576907722216 ], [ 74.253069103492734, 20.860462341795923 ], [ 74.253276370471497, 20.859678943431039 ], [ 74.253614639906644, 20.858418041526619 ], [ 74.253934317212853, 20.857123091308111 ], [ 74.254156278296634, 20.856061868113994 ], [ 74.254412952208213, 20.855012011015653 ], [ 74.255192964526245, 20.854601510269404 ], [ 74.25705284747113, 20.854164553549257 ], [ 74.25868697996728, 20.853704837356773 ], [ 74.259951105914311, 20.853294637271613 ], [ 74.261247571949113, 20.852797204877344 ], [ 74.262794179395172, 20.852137903848806 ], [ 74.263626562816, 20.85173488712622 ], [ 74.263970015311529, 20.851568596265619 ], [ 74.264394348050828, 20.85147799472832 ], [ 74.265455453736536, 20.852350143532345 ], [ 74.266330724554564, 20.852160244548909 ], [ 74.267308668042361, 20.851921398128411 ], [ 74.268945092396009, 20.851565504983583 ], [ 74.270375570151145, 20.851250207292157 ], [ 74.270927492021656, 20.851128556971588 ], [ 74.271726422832018, 20.850949037199552 ], [ 74.272188831836942, 20.850926785127459 ], [ 74.271647833720507, 20.851659572404511 ], [ 74.270878547588637, 20.852413394720251 ], [ 74.269880795008561, 20.853444872672462 ], [ 74.270269317232547, 20.853404504137782 ], [ 74.271221396607956, 20.853305577228941 ], [ 74.272535743632758, 20.853179904652396 ], [ 74.273480014639006, 20.853083158763962 ], [ 74.274772714678591, 20.852957465925549 ], [ 74.275027259223279, 20.853081808019223 ], [ 74.276336311628654, 20.853669633909977 ], [ 74.277045315042159, 20.853410322297453 ], [ 74.278633796975839, 20.852763059068771 ], [ 74.279366613755414, 20.852639146108995 ], [ 74.279726154063724, 20.852636916912054 ], [ 74.280551439754859, 20.852631802207053 ], [ 74.281053212558788, 20.852628691589285 ], [ 74.281877239735124, 20.852717127810802 ], [ 74.282894638364453, 20.853106955901303 ], [ 74.283222456356242, 20.853329903071639 ], [ 74.283529727830995, 20.853596383172984 ], [ 74.283733675682569, 20.853874265567175 ], [ 74.283932842223862, 20.85422211341195 ], [ 74.284100857037103, 20.854527070939117 ], [ 74.284459066288107, 20.854790488664182 ], [ 74.285124208457816, 20.854710458105519 ], [ 74.286407483074001, 20.854426518499192 ], [ 74.286678247009519, 20.854318009479606 ], [ 74.287576570240233, 20.853958469054252 ], [ 74.287921331889308, 20.853903353190859 ], [ 74.290067199227636, 20.854446133533926 ], [ 74.289898011694007, 20.855202223041758 ], [ 74.289914497676932, 20.855624879550874 ], [ 74.290029650855033, 20.855981854861824 ], [ 74.290267241182306, 20.85637930580733 ], [ 74.29058168867283, 20.856601980258393 ], [ 74.291534854141105, 20.855608131726001 ], [ 74.292199733776613, 20.854925869064672 ], [ 74.292639668816363, 20.85458958340179 ], [ 74.293387143874057, 20.854007339888753 ], [ 74.295329347931371, 20.852499646577474 ], [ 74.295529676741708, 20.852813146114549 ], [ 74.295970207137813, 20.853502537051877 ], [ 74.296396745464477, 20.854083935005466 ], [ 74.29672699548459, 20.853703865030361 ], [ 74.297273032773006, 20.852541056671839 ], [ 74.297811698927205, 20.851342243945183 ], [ 74.297991354324481, 20.850949467057568 ], [ 74.29862957737879, 20.84955411869236 ], [ 74.298884524035557, 20.849012208245796 ], [ 74.301045443032706, 20.849301001605735 ], [ 74.301700320360155, 20.849033535356266 ], [ 74.301947824303625, 20.848848523849249 ], [ 74.30254374973002, 20.848613884132323 ], [ 74.303815776398409, 20.848096326017156 ], [ 74.304185020074343, 20.847946088590966 ], [ 74.304523804649719, 20.847799432072367 ], [ 74.304877167869208, 20.847663968596819 ], [ 74.305324072179289, 20.847492646803488 ], [ 74.306991745672477, 20.846795446549276 ], [ 74.308337463310693, 20.845960339432867 ], [ 74.309563039694154, 20.845220080369074 ], [ 74.311049587055464, 20.84433014252382 ], [ 74.312574253274519, 20.843410059943658 ], [ 74.313266164141396, 20.843080523624071 ], [ 74.314470108747699, 20.842484673397667 ], [ 74.314921918724792, 20.842312108168535 ], [ 74.316058828135951, 20.843109214914829 ], [ 74.316577461556236, 20.843482906302956 ], [ 74.316993385855454, 20.843779773442723 ], [ 74.318260333930922, 20.844303726935888 ], [ 74.318819802568598, 20.844565285389869 ], [ 74.320050418719688, 20.845290362391552 ], [ 74.321095145343421, 20.846083244138427 ], [ 74.321580290222727, 20.846564387719244 ], [ 74.321877678288942, 20.846980835954778 ], [ 74.322168452901337, 20.847668954150322 ], [ 74.322273893982782, 20.848219839969339 ], [ 74.322240887129283, 20.848608213661485 ], [ 74.323508007643454, 20.848494257938764 ], [ 74.325096165979701, 20.84836368164359 ], [ 74.3255261588682, 20.848327589454296 ], [ 74.325059194474818, 20.846867290785923 ], [ 74.324926573199861, 20.845653721738852 ], [ 74.325153069948954, 20.844064004887763 ], [ 74.325269075798118, 20.843359054730154 ], [ 74.325482699944246, 20.842727305152071 ], [ 74.326006975381802, 20.841144358986423 ], [ 74.326230688309167, 20.840487356316572 ], [ 74.327114967204054, 20.839776198569485 ], [ 74.328549551208951, 20.838674559962918 ], [ 74.329188815693527, 20.83817339362971 ], [ 74.329962664605972, 20.837383108012595 ], [ 74.331036840431551, 20.836260998538524 ], [ 74.331750527025847, 20.835670877056838 ], [ 74.3325840792089, 20.835911454637078 ], [ 74.333641060594076, 20.83613518297155 ], [ 74.334354552620113, 20.836209856173237 ], [ 74.334947758601217, 20.836221333513016 ], [ 74.335281584560192, 20.836246202135371 ], [ 74.336105472479474, 20.836388649432958 ], [ 74.337284158085239, 20.836579535579652 ], [ 74.337856059292605, 20.836764991675622 ], [ 74.337844227483856, 20.837680281828273 ], [ 74.337713284281364, 20.838426156889451 ], [ 74.337583919173056, 20.839163032275447 ], [ 74.337375378313681, 20.840450834993764 ], [ 74.337228510425049, 20.841306712679636 ], [ 74.337101002480466, 20.842103763313652 ], [ 74.337083789582252, 20.843140273654672 ], [ 74.337124548784416, 20.843512879129573 ], [ 74.337273357791858, 20.844282913487991 ], [ 74.337508246736533, 20.845556507576372 ], [ 74.337707404820776, 20.846520837859863 ], [ 74.33789685894439, 20.847611463968359 ], [ 74.33805757170002, 20.848465073079478 ], [ 74.338256648864274, 20.84960098652364 ], [ 74.338370634642104, 20.849920484157838 ], [ 74.338585732010799, 20.850149272397381 ], [ 74.338893086495517, 20.850193698798755 ], [ 74.339167065459947, 20.850137216507544 ], [ 74.339695683667955, 20.849796326789548 ], [ 74.340087658738852, 20.849550553836114 ], [ 74.340800986217474, 20.84910328305218 ], [ 74.34150022906168, 20.848665266052496 ], [ 74.341976049552983, 20.848475650225058 ], [ 74.342997162931297, 20.848173231914462 ], [ 74.343970170387408, 20.847995014707077 ], [ 74.344635796999938, 20.847846064065866 ], [ 74.345286893208794, 20.847794234025965 ], [ 74.346102069517798, 20.847766292896658 ], [ 74.346754694513976, 20.847710898412114 ], [ 74.347376177009693, 20.847746311837568 ], [ 74.348226658238573, 20.848618080677664 ], [ 74.348594177164969, 20.849056216280431 ], [ 74.349043300995959, 20.849830847177117 ], [ 74.349744194099429, 20.851181219241006 ], [ 74.349867180696847, 20.851418170365005 ], [ 74.350124004477223, 20.851935438784228 ], [ 74.349754720285077, 20.852478744739368 ], [ 74.349266031983362, 20.853197718785545 ], [ 74.349093108270324, 20.853509241154761 ], [ 74.349031676403371, 20.853819676977931 ], [ 74.349066485095548, 20.854105389140429 ], [ 74.349260957692294, 20.854649579048033 ], [ 74.349541873146578, 20.855442168278991 ], [ 74.3495874224799, 20.855744810128623 ], [ 74.349557317559871, 20.856120864260479 ], [ 74.349203974339446, 20.856967548798149 ], [ 74.348917637953846, 20.858358925578248 ], [ 74.349803032351645, 20.858434665042431 ], [ 74.350553091107827, 20.858498829109529 ], [ 74.350562989553282, 20.857231940724578 ], [ 74.351596203910773, 20.857080797948448 ], [ 74.351219137277525, 20.856220390959479 ], [ 74.351620335919506, 20.856157175654815 ], [ 74.352014575281103, 20.855536290682767 ], [ 74.353516022459885, 20.856234153934498 ], [ 74.353998798654985, 20.856472286895798 ], [ 74.353294068273939, 20.8576058648563 ], [ 74.354054503779963, 20.858566258964149 ], [ 74.355034228499306, 20.857740621035077 ], [ 74.356023662806081, 20.856957440095112 ], [ 74.356466134003924, 20.857715030367363 ], [ 74.357395764977767, 20.856817223909367 ], [ 74.356761566169013, 20.855934259132681 ], [ 74.357129085371767, 20.855491592407958 ], [ 74.35745109771824, 20.854841277829713 ], [ 74.357705646550997, 20.854075744562902 ], [ 74.357703221118982, 20.853648968594882 ], [ 74.35759998242483, 20.853298945202202 ], [ 74.357439036009623, 20.852980536040114 ], [ 74.357148422050386, 20.852650798021848 ], [ 74.357679293818876, 20.852230852979357 ], [ 74.357365353056935, 20.85184247882464 ], [ 74.356172368344559, 20.852776111567572 ], [ 74.35530772909452, 20.852739946695621 ], [ 74.354723997290122, 20.853724555293486 ], [ 74.354554268526897, 20.853509162618877 ], [ 74.354197796308611, 20.852822288411236 ], [ 74.353705483084212, 20.852965581214363 ], [ 74.352529381293508, 20.853465195106065 ], [ 74.352106237933043, 20.852885096888127 ], [ 74.352966329197102, 20.852259678581131 ], [ 74.352810643094344, 20.851597455756213 ], [ 74.351891409848577, 20.851439983977492 ], [ 74.351464987122881, 20.850249819121419 ], [ 74.351933426211588, 20.85001947884518 ], [ 74.352339463484782, 20.849626605643977 ], [ 74.352750221827563, 20.848985264861458 ], [ 74.353134633854225, 20.848079831849255 ], [ 74.354395645528399, 20.848321596748931 ], [ 74.355122012096999, 20.847541112295858 ], [ 74.35578081704567, 20.848166722951571 ], [ 74.356848245521874, 20.847870220510334 ], [ 74.357660192486364, 20.847633194289156 ], [ 74.356949232097023, 20.845386201568417 ], [ 74.357369536498695, 20.845121997150066 ], [ 74.358412009155685, 20.844394980095334 ], [ 74.358921244051174, 20.844029177580119 ], [ 74.359141725501431, 20.844216252600532 ], [ 74.359626985067266, 20.844819628447372 ], [ 74.360249075520798, 20.845432559965445 ], [ 74.36078275192996, 20.84593336486866 ], [ 74.36083714208992, 20.845115519717201 ], [ 74.360871684570014, 20.844596120285328 ], [ 74.360934161679708, 20.843706355048607 ], [ 74.362228856860938, 20.84398200229219 ], [ 74.36273283420195, 20.844093502662307 ], [ 74.364713201497707, 20.844592854263684 ], [ 74.364906970726423, 20.84496142700339 ], [ 74.366288307328944, 20.844851550881483 ], [ 74.366746609928967, 20.844432194627441 ], [ 74.367210429452967, 20.844732839325733 ], [ 74.367460409115324, 20.844397786328379 ], [ 74.368073026729718, 20.844621314011572 ], [ 74.369188986087494, 20.844513259822843 ], [ 74.369523784978583, 20.84447682038018 ], [ 74.369655998266282, 20.84414265625967 ], [ 74.3708858025892, 20.844374178143934 ], [ 74.372074736412415, 20.843869457672533 ], [ 74.371765906723013, 20.842988463690705 ], [ 74.371415224915665, 20.842945217122271 ], [ 74.37096372249016, 20.842715603277856 ], [ 74.37068393467554, 20.842410683116764 ], [ 74.371808005866924, 20.842169018673417 ], [ 74.372159297975927, 20.842335692796347 ], [ 74.372475072837346, 20.842554874316356 ], [ 74.372886467108813, 20.842184767378516 ], [ 74.372490123146022, 20.841678947151163 ], [ 74.373834116694766, 20.841262551830326 ], [ 74.37417005973056, 20.841500104694365 ], [ 74.374739430885569, 20.842017184262865 ], [ 74.374379035432682, 20.842522914463011 ], [ 74.375406110838185, 20.843420640723927 ], [ 74.376321495908059, 20.843103956120174 ], [ 74.377034843442075, 20.842950396533951 ], [ 74.376996326258251, 20.84225485238483 ], [ 74.377400717585459, 20.840791995555264 ], [ 74.378455126609637, 20.841472896197146 ], [ 74.378718938200421, 20.841823112783224 ], [ 74.379580813895089, 20.84156374656833 ], [ 74.379823365658865, 20.841021802368505 ], [ 74.380058747486785, 20.840459522040629 ], [ 74.380448070457859, 20.840017963258955 ], [ 74.380875450251509, 20.840518394925851 ], [ 74.381419669913086, 20.840122682428543 ], [ 74.381791203072382, 20.840343656007594 ], [ 74.381884904165915, 20.840865328208633 ], [ 74.381975148862921, 20.841270148742897 ], [ 74.382458355054936, 20.840872636427072 ], [ 74.382837813825503, 20.840981035745159 ], [ 74.383205795845882, 20.84118999349106 ], [ 74.383466671189211, 20.841483608773423 ], [ 74.383254086136233, 20.841770724937238 ], [ 74.383539988493666, 20.842059805245349 ], [ 74.383802972117877, 20.842606925946399 ], [ 74.384416164273901, 20.842340397131402 ], [ 74.384771697205963, 20.842516569928268 ], [ 74.385349135186871, 20.842762164456634 ], [ 74.385221516581311, 20.843326505316952 ], [ 74.38496929045705, 20.843760096408214 ], [ 74.384892568884666, 20.844019845367743 ], [ 74.384935831273467, 20.844308852607941 ], [ 74.38523376705426, 20.844880152530187 ], [ 74.385123330164205, 20.845309118355871 ], [ 74.384645385037189, 20.845846645311319 ], [ 74.384174730947933, 20.846327649869448 ], [ 74.383658452113963, 20.846822224138645 ], [ 74.383362934565483, 20.847255756026666 ], [ 74.383007536764438, 20.847955832760963 ], [ 74.382596873407323, 20.848621990790683 ], [ 74.382461595663585, 20.848939349802723 ], [ 74.382978742893556, 20.848916648202245 ], [ 74.383450502663337, 20.849450649322058 ], [ 74.383781202809729, 20.84957715906754 ], [ 74.383751700596534, 20.850123602011379 ], [ 74.38436389827271, 20.850425245871357 ], [ 74.384502013232051, 20.851096714146703 ], [ 74.384682193614509, 20.851302299133138 ], [ 74.384961011959803, 20.852091465658894 ], [ 74.385299781258851, 20.852794877712356 ], [ 74.385494289150898, 20.853077780885577 ], [ 74.385760471535093, 20.852870404490655 ], [ 74.386084620040876, 20.852561871198215 ], [ 74.38646896212903, 20.852107110224615 ], [ 74.386776352209679, 20.851677952348446 ], [ 74.386901252154317, 20.851411437801147 ], [ 74.387006912081119, 20.851102129350984 ], [ 74.387110077655493, 20.850741913295803 ], [ 74.387603931507556, 20.850953420859948 ], [ 74.38819635388208, 20.851333631332242 ], [ 74.388119650429473, 20.851807865700213 ], [ 74.388057248325964, 20.852487545198567 ], [ 74.388060934908651, 20.852901870612872 ], [ 74.388413024880933, 20.853490062906474 ], [ 74.38857181206437, 20.853782094788986 ], [ 74.388502019804903, 20.854569489935301 ], [ 74.388533271766917, 20.854982779191729 ], [ 74.388563403940623, 20.855600292910228 ], [ 74.388401442746911, 20.856168267933391 ], [ 74.388175588448419, 20.856543114862777 ], [ 74.38771449511998, 20.856707923221585 ], [ 74.387306517856402, 20.856949295962838 ], [ 74.387594034841968, 20.857068190503721 ], [ 74.387875060135954, 20.857020813024018 ], [ 74.388716957069335, 20.856711323765833 ], [ 74.389248982085505, 20.856554361537498 ], [ 74.389755836133858, 20.856445890313736 ], [ 74.390277097896757, 20.856101462407768 ], [ 74.390850012201042, 20.855534427217393 ], [ 74.3910865236153, 20.8556261637289 ], [ 74.391239505800087, 20.855852518671281 ], [ 74.391293491179326, 20.856217735882101 ], [ 74.391471216409954, 20.856610616059577 ], [ 74.391751437559975, 20.856125012568228 ], [ 74.392114619282225, 20.855539114620953 ], [ 74.392330743758805, 20.855179991713744 ], [ 74.39248679753581, 20.854594003518244 ], [ 74.392599627256601, 20.854220026909594 ], [ 74.392875289798383, 20.854027716481511 ], [ 74.393227233753663, 20.85410918253913 ], [ 74.393457430120549, 20.854435769028193 ], [ 74.393667734367767, 20.854725962948603 ], [ 74.393885236724032, 20.854968746072377 ], [ 74.394231042403945, 20.855271280957741 ], [ 74.394572273707638, 20.855691192746299 ], [ 74.394954120029951, 20.856130773185917 ], [ 74.395182199889149, 20.856389574184288 ], [ 74.395410835278767, 20.856716272615678 ], [ 74.395595896901909, 20.857114784964221 ], [ 74.395552761266771, 20.857502185947578 ], [ 74.395478368812761, 20.857913085744176 ], [ 74.395394384463927, 20.858238294921303 ], [ 74.395298380897529, 20.858683093610967 ], [ 74.39523120191879, 20.859256646565647 ], [ 74.395338643288412, 20.859584277684576 ], [ 74.395764425607751, 20.859734346317499 ], [ 74.39617408404834, 20.859865336745571 ], [ 74.396587014049317, 20.859964059063028 ], [ 74.396929599418954, 20.859939849695952 ], [ 74.396949899566209, 20.859538968730796 ], [ 74.396851176735368, 20.858864046501274 ], [ 74.396775522356904, 20.858412168695921 ], [ 74.396739289978385, 20.857850972119977 ], [ 74.396679262003374, 20.857385777427535 ], [ 74.396607026498614, 20.856956763716813 ], [ 74.396539672714837, 20.856511916653663 ], [ 74.396479533119518, 20.856030883474823 ], [ 74.396474727892354, 20.855746434083471 ], [ 74.396457808048964, 20.855482152987875 ], [ 74.396419260078474, 20.855048599677243 ], [ 74.396361538382379, 20.854634260279479 ], [ 74.396276158136288, 20.854179210441483 ], [ 74.396178663716412, 20.853467839001802 ], [ 74.396128117236245, 20.852937225984114 ], [ 74.396101602614522, 20.852394116835331 ], [ 74.396035450147423, 20.851924459425675 ], [ 74.395952421290659, 20.851464893874191 ], [ 74.395865942678654, 20.851083311192774 ], [ 74.395875446059492, 20.850805566499769 ], [ 74.395832137866023, 20.850398994338253 ], [ 74.395776823024889, 20.849896601810244 ], [ 74.395719105721142, 20.84943711107455 ], [ 74.395625297326546, 20.848967340411271 ], [ 74.395519537451165, 20.848497675025378 ], [ 74.395937383102449, 20.848100160268636 ], [ 74.396309648494665, 20.847759118467444 ], [ 74.396578581324576, 20.847497152259372 ], [ 74.397121348282568, 20.84707255081382 ], [ 74.397921121457713, 20.846417658234319 ], [ 74.398307792960992, 20.846094641597279 ], [ 74.398694428207577, 20.845737746287345 ], [ 74.399066655437011, 20.845376446258665 ], [ 74.399330852504676, 20.844994719733901 ], [ 74.399494045023971, 20.844667212289146 ], [ 74.399669289140121, 20.84417049890093 ], [ 74.399861346663357, 20.84373001258917 ], [ 74.400157868614201, 20.843181266117718 ], [ 74.400420829939961, 20.842849339568506 ], [ 74.400795451434931, 20.842535350673138 ], [ 74.401371840336708, 20.842173942495194 ], [ 74.40185938967393, 20.841884790179659 ], [ 74.402394979544496, 20.84156180631809 ], [ 74.402692685659886, 20.841399224490406 ], [ 74.403040981559968, 20.841200418959037 ], [ 74.403425039897442, 20.841046109289273 ], [ 74.404086971673948, 20.840812956984195 ], [ 74.40395106359523, 20.840285700783337 ], [ 74.403740814885893, 20.839784387904022 ], [ 74.403590548665889, 20.839244719031257 ], [ 74.403479938579949, 20.838831404052371 ], [ 74.403293683928609, 20.838288412498109 ], [ 74.403174725829487, 20.837944010879568 ], [ 74.403032899522827, 20.837511199681369 ], [ 74.402946306336659, 20.837253077083371 ], [ 74.402399891245551, 20.83746316601729 ], [ 74.401803075645716, 20.837611119103116 ], [ 74.400795424858416, 20.837851781305577 ], [ 74.400603312023421, 20.837664334983387 ], [ 74.40044829248302, 20.837201427440956 ], [ 74.400312862695202, 20.83685415258212 ], [ 74.399773289922592, 20.836894416274482 ], [ 74.399410606456328, 20.837000620770674 ], [ 74.399591613610681, 20.837932234744159 ], [ 74.399108114392732, 20.837910686022077 ], [ 74.398627752242021, 20.837858850753875 ], [ 74.397981633604275, 20.837822722961423 ], [ 74.396569275659431, 20.837694232544965 ], [ 74.395961604123826, 20.837628880604555 ], [ 74.395459565189228, 20.837628877722956 ], [ 74.395204980124845, 20.837737366897962 ], [ 74.394715115338641, 20.837958657308018 ], [ 74.394291111092386, 20.838053580250396 ], [ 74.393677368414046, 20.838177855483281 ], [ 74.393323206959067, 20.838293017346281 ], [ 74.392699947481503, 20.838500839946963 ], [ 74.392209957978508, 20.838704074208351 ], [ 74.391763191545223, 20.838952559813094 ], [ 74.391333270535895, 20.839205540123722 ], [ 74.390944290722516, 20.839416697553343 ], [ 74.390399021989907, 20.83962789168643 ], [ 74.389885877942888, 20.839586639402164 ], [ 74.389176461632758, 20.839436109149045 ], [ 74.388734447363277, 20.839338913250849 ], [ 74.388165172487149, 20.839289326088519 ], [ 74.387657053239892, 20.839115593122084 ], [ 74.3875742451403, 20.838720291373679 ], [ 74.387492369752493, 20.838101559509688 ], [ 74.387434741677183, 20.837646538422831 ], [ 74.387388921671672, 20.837049272775445 ], [ 74.387338456851467, 20.836708251254059 ], [ 74.38727830769848, 20.836075975379813 ], [ 74.387223052379852, 20.835741725278222 ], [ 74.387662537274693, 20.835762010598128 ], [ 74.388152520598851, 20.835951588942766 ], [ 74.388452856281972, 20.836071370397089 ], [ 74.389035255910784, 20.836284513502825 ], [ 74.389427973895138, 20.836100622556447 ], [ 74.389872342945424, 20.835811550096775 ], [ 74.390527981265421, 20.835382365372755 ], [ 74.391159578128153, 20.835005207555028 ], [ 74.39167599037502, 20.834700325844594 ], [ 74.392497306467192, 20.83418537299989 ], [ 74.392891207049558, 20.833963997526343 ], [ 74.393760599092531, 20.83345580689992 ], [ 74.394228822713686, 20.833150955565753 ], [ 74.394651573537843, 20.832902485589329 ], [ 74.395232664061993, 20.832565952878358 ], [ 74.39552814979379, 20.832349174013299 ], [ 74.396051675510407, 20.832028432445725 ], [ 74.39639747507114, 20.831795768836439 ], [ 74.39703154179918, 20.831380204331623 ], [ 74.397251161308645, 20.831135084121879 ], [ 74.397218669276313, 20.830729751922039 ], [ 74.397153760170767, 20.830407941602104 ], [ 74.397100889846826, 20.830086214373118 ], [ 74.397071996418731, 20.829797189939281 ], [ 74.397045415848567, 20.829471979997976 ], [ 74.397026172927553, 20.829138900079887 ], [ 74.396990059569902, 20.828778678032062 ], [ 74.397018818164312, 20.82837673955774 ], [ 74.397242109444178, 20.828137282309381 ], [ 74.397544681345394, 20.827780475319031 ], [ 74.397835157033782, 20.827373966350443 ], [ 74.398231538086094, 20.827491339540366 ], [ 74.398964086257294, 20.827728336910088 ], [ 74.399326794255643, 20.827857058733869 ], [ 74.399869621842427, 20.828033106877971 ], [ 74.400184371879021, 20.828177614948018 ], [ 74.400742823563121, 20.828403356885026 ], [ 74.401243388139036, 20.827758159435611 ], [ 74.400823065216827, 20.827353306016349 ], [ 74.399893325539495, 20.826384619772071 ], [ 74.400067032616477, 20.82581996798536 ], [ 74.400183600674779, 20.825246409892625 ], [ 74.400298822453848, 20.824767622275733 ], [ 74.400420329522518, 20.824347758343592 ], [ 74.400717751618174, 20.823912869755645 ], [ 74.401261710845247, 20.823787435118014 ], [ 74.401655505609469, 20.823692517866455 ], [ 74.401924492612537, 20.823626993931594 ], [ 74.402414462853969, 20.823466536009292 ], [ 74.402930765890787, 20.823215837441044 ], [ 74.403108408646617, 20.822930112998378 ], [ 74.403389228063759, 20.822359930525675 ], [ 74.403569288963737, 20.822003050481964 ], [ 74.403756542139959, 20.82159875052168 ], [ 74.403938940571322, 20.821147140225403 ], [ 74.4040829870587, 20.820722633940481 ], [ 74.404217392279406, 20.820433543718629 ], [ 74.404312168186792, 20.820162444860593 ], [ 74.404486219411837, 20.819778503308772 ], [ 74.404669856677884, 20.81943302973924 ], [ 74.40488945787142, 20.819028789184088 ], [ 74.405038333726225, 20.818722986705893 ], [ 74.405232945105354, 20.81848030453731 ], [ 74.405758677742355, 20.818450483575123 ], [ 74.406360346595662, 20.818435764068354 ], [ 74.407354650881544, 20.818399433997158 ], [ 74.407759211687875, 20.818057188129973 ], [ 74.408268139750319, 20.817456395460123 ], [ 74.408729080999137, 20.816848840441661 ], [ 74.409210491059099, 20.816208587213957 ], [ 74.409502126328519, 20.815798652401252 ], [ 74.40983583694549, 20.815328935826106 ], [ 74.41017190002168, 20.814944916725313 ], [ 74.410527233340503, 20.814551947518943 ], [ 74.410868174047764, 20.814156692586604 ], [ 74.41113644936992, 20.813832655594446 ], [ 74.411458709717152, 20.813456483690175 ], [ 74.41171084838949, 20.813235115957852 ], [ 74.412207941539791, 20.813013681439777 ], [ 74.412805898469713, 20.812731294913746 ], [ 74.413146550847358, 20.812531107314982 ], [ 74.413742364595549, 20.81225008528461 ], [ 74.414044896277915, 20.812091899272009 ], [ 74.414676313423769, 20.811800535564728 ], [ 74.415091741437109, 20.811532781432241 ], [ 74.415615108368186, 20.811228916440704 ], [ 74.416131426337017, 20.810969156645093 ], [ 74.416568508609217, 20.810763512551272 ], [ 74.416988551519722, 20.810557967537139 ], [ 74.419745187621231, 20.809211337166321 ], [ 74.421226663688287, 20.808535816983284 ], [ 74.421776554504177, 20.808208249734665 ], [ 74.422139061068577, 20.807955169046373 ], [ 74.422511133274725, 20.807681823434717 ], [ 74.422835211982289, 20.807392696771316 ], [ 74.42326020638437, 20.807010952255734 ], [ 74.424364534061439, 20.806017035766939 ], [ 74.424753381549777, 20.805624000053019 ], [ 74.425023679997253, 20.805371458067537 ], [ 74.425387131756594, 20.805045664900511 ], [ 74.425639162473033, 20.804772447625659 ], [ 74.425996849772091, 20.80443578060342 ], [ 74.426376154294971, 20.804090159541083 ], [ 74.426736280267093, 20.803751280677144 ], [ 74.426966704052305, 20.803579617146653 ], [ 74.427497454135846, 20.80370375341958 ], [ 74.428021067838117, 20.803832312971664 ], [ 74.429635880627544, 20.804251369371027 ], [ 74.430096128532952, 20.804407585691887 ], [ 74.430474500114542, 20.804521486737343 ], [ 74.430975049837585, 20.804186023360977 ], [ 74.431409855392474, 20.80381591604537 ], [ 74.431764859883998, 20.803497021053548 ], [ 74.432088886424694, 20.803187440258089 ], [ 74.432439323269335, 20.8027922213304 ], [ 74.432775351576367, 20.802455561815361 ], [ 74.433130551261598, 20.802112250635144 ], [ 74.4334762830714, 20.801791508246801 ], [ 74.433855609820696, 20.801481955774964 ], [ 74.434232484785596, 20.801172492699859 ], [ 74.434609365908415, 20.800867451874677 ], [ 74.434801373666886, 20.80067547923279 ], [ 74.435543428172622, 20.800691085250349 ], [ 74.436047668167433, 20.800681831617865 ], [ 74.436422327820154, 20.800697501585447 ], [ 74.437317031595782, 20.800607999504138 ], [ 74.4382940605812, 20.800613316795964 ], [ 74.43876632760599, 20.800938372079692 ], [ 74.439198570483867, 20.801256623128555 ], [ 74.439674270249114, 20.801640370173764 ], [ 74.440041273704836, 20.801912724059456 ], [ 74.440522871434808, 20.802245657905662 ], [ 74.440630566343629, 20.802617918035992 ], [ 74.440520317426916, 20.803033484523628 ], [ 74.440441221944354, 20.803467146893755 ], [ 74.440323796800556, 20.803932340905519 ], [ 74.440230293355498, 20.804352395312076 ], [ 74.44003613189571, 20.804975828432191 ], [ 74.439954718820985, 20.805431958541831 ], [ 74.43991877035684, 20.805775170526545 ], [ 74.439835039676979, 20.806330812916027 ], [ 74.439693555428988, 20.80681867750874 ], [ 74.439590551942828, 20.807307512518506 ], [ 74.43949460538343, 20.807663226707938 ], [ 74.439336234069074, 20.808012297000641 ], [ 74.439182780360824, 20.808589283599911 ], [ 74.439094055554179, 20.808858095079689 ], [ 74.439046310225891, 20.809242016693343 ], [ 74.439053582973628, 20.809551395572623 ], [ 74.439033357000426, 20.809940988512064 ], [ 74.439010787325856, 20.81026044411939 ], [ 74.439428729824357, 20.810553954684345 ], [ 74.439685763147054, 20.810727717509426 ], [ 74.440065416317097, 20.811009865540623 ], [ 74.440562713512662, 20.811337155490918 ], [ 74.440959079980786, 20.811594423744964 ], [ 74.441324185328824, 20.811833775393684 ], [ 74.441744587529783, 20.812122586202261 ], [ 74.442232246813873, 20.812486057411576 ], [ 74.442628705029207, 20.812801961339684 ], [ 74.442974618886126, 20.813032220578648 ], [ 74.443315854863741, 20.813345981710764 ], [ 74.443815558948032, 20.813702622973036 ], [ 74.444098970965243, 20.813901289980983 ], [ 74.444421549097356, 20.814095673823136 ], [ 74.444817273996179, 20.814312062208195 ], [ 74.445366893410011, 20.814603673830124 ], [ 74.445752127575403, 20.814849235246985 ], [ 74.446095329224377, 20.815088413751454 ], [ 74.446389624318854, 20.815257055668937 ], [ 74.447058538124807, 20.815664230378569 ], [ 74.447543968850809, 20.816018268152565 ], [ 74.4483281314821, 20.816574868888722 ], [ 74.448833801435441, 20.81631360162114 ], [ 74.449395551239746, 20.81595203821303 ], [ 74.44965250055877, 20.815780307021313 ], [ 74.450118289725921, 20.815479804806142 ], [ 74.450560001908954, 20.815186048166897 ], [ 74.451184201302169, 20.81481988820364 ], [ 74.451650019007758, 20.814544235437577 ], [ 74.452029300285176, 20.814275318736112 ], [ 74.452790350718971, 20.813839198294314 ], [ 74.453258529406199, 20.813574766109905 ], [ 74.453750708689626, 20.813256175584343 ], [ 74.454158877533558, 20.812996239842207 ], [ 74.454617383489492, 20.812752251867789 ], [ 74.455385682529595, 20.812264194635596 ], [ 74.455803307093731, 20.811981683481655 ], [ 74.456194681161634, 20.811833359857264 ], [ 74.456463904314532, 20.812213984601573 ], [ 74.456660989436699, 20.812548152386409 ], [ 74.456824493559495, 20.812814524637592 ], [ 74.457035981906486, 20.813153090145558 ], [ 74.457309248086716, 20.813484376188793 ], [ 74.457754526784157, 20.813963589393136 ], [ 74.458081386022741, 20.814261501242139 ], [ 74.458372124909218, 20.814563967848422 ], [ 74.458756580865895, 20.814947777392614 ], [ 74.459186763295691, 20.81539467557802 ], [ 74.459419874872907, 20.815654229784329 ], [ 74.459848205459238, 20.81601432933779 ], [ 74.460248820339615, 20.81622753324346 ], [ 74.460741223679022, 20.816444022185433 ], [ 74.461240913203326, 20.816626810907263 ], [ 74.46163236782408, 20.816773380215192 ], [ 74.462333799705149, 20.817053097373766 ], [ 74.462735033561529, 20.817190637477836 ], [ 74.463229771211374, 20.817330432799761 ], [ 74.463715091696457, 20.817522164635175 ], [ 74.464135527850146, 20.817666481213156 ], [ 74.464522222917111, 20.817833394307129 ], [ 74.465113173337713, 20.818016045906695 ], [ 74.465562339790495, 20.818185171890676 ], [ 74.465973117248609, 20.81834984055228 ], [ 74.466489669178088, 20.818537099615426 ], [ 74.466837946589962, 20.818611364316844 ], [ 74.46730383811547, 20.81864735243272 ], [ 74.467913955459849, 20.818683140645984 ], [ 74.468307780796991, 20.81871232262105 ], [ 74.468896859137018, 20.81878759287682 ], [ 74.469465518669509, 20.818826872254785 ], [ 74.470032214333756, 20.818833341452255 ], [ 74.470308476874607, 20.818876127556031 ], [ 74.470649635515429, 20.819031859828836 ], [ 74.471420735616562, 20.819327272130742 ], [ 74.471855617689229, 20.819528068992415 ], [ 74.472477826718261, 20.819803158928323 ], [ 74.472823761089842, 20.820001683766389 ], [ 74.473232189378905, 20.8201573151715 ], [ 74.473626131160543, 20.820317568321464 ], [ 74.474126525266414, 20.820545807807608 ], [ 74.474449582716218, 20.820696680899939 ], [ 74.474406574182311, 20.821100932212662 ], [ 74.474387827666732, 20.821707295879289 ], [ 74.474419475508228, 20.822293244541683 ], [ 74.474431721757909, 20.822598005224705 ], [ 74.474460956216973, 20.823176130560615 ], [ 74.474443382574066, 20.823869385826626 ], [ 74.474417969919372, 20.824636645343038 ], [ 74.474444290465925, 20.825270572653483 ], [ 74.4744171108225, 20.825836264664776 ], [ 74.47439466715268, 20.826486677021382 ], [ 74.474476807417972, 20.827175326557818 ], [ 74.474550301543587, 20.827543331927952 ], [ 74.474725759483022, 20.827784801953676 ], [ 74.474966211159042, 20.828139312818479 ], [ 74.475112891716165, 20.828387637961164 ], [ 74.475406198205945, 20.828817687781051 ], [ 74.475591430064867, 20.82913706826076 ], [ 74.475811292576466, 20.82946891226894 ], [ 74.476132307488129, 20.829983515811936 ], [ 74.476461678590283, 20.830462162993189 ], [ 74.476735728212148, 20.830870557871737 ], [ 74.477089131848913, 20.831432750539467 ], [ 74.477351349597555, 20.83185488814879 ], [ 74.477880286292617, 20.832694722126956 ], [ 74.478209706343989, 20.833247649385878 ], [ 74.478617197431461, 20.833834402996771 ], [ 74.479025439879521, 20.833800721234525 ], [ 74.479384170867959, 20.833782623518388 ], [ 74.479930515834567, 20.833759721250097 ], [ 74.480209098836184, 20.833764096132345 ], [ 74.480563391688477, 20.833720997614655 ], [ 74.480641299440776, 20.833465753006141 ], [ 74.480566507331517, 20.832987793262589 ], [ 74.480705285677558, 20.832205616088697 ], [ 74.480784133030113, 20.831636509834386 ], [ 74.480865346638254, 20.831132848356869 ], [ 74.480903142517775, 20.830863666740267 ], [ 74.481112337561143, 20.830605264664658 ], [ 74.481472755335162, 20.830687601191098 ], [ 74.481852252263039, 20.830791330108767 ], [ 74.482368779082719, 20.830917411552932 ], [ 74.482878176081002, 20.831118254538687 ], [ 74.483344288320993, 20.831309858018365 ], [ 74.483846911012748, 20.831479515660362 ], [ 74.48389177100286, 20.831212375610612 ], [ 74.483684917828356, 20.830720288076673 ], [ 74.483574024922078, 20.830225754144845 ], [ 74.483398409647677, 20.829819413881069 ], [ 74.483960298135528, 20.829649741145275 ], [ 74.484555912203732, 20.829531937847641 ], [ 74.485093725832854, 20.829398379325038 ], [ 74.484891854979693, 20.829128647277816 ], [ 74.484620069391909, 20.828741550516732 ], [ 74.48433396375475, 20.828250505578264 ], [ 74.484072576498946, 20.827742802376417 ], [ 74.483932210880866, 20.827408445431058 ], [ 74.483790285430885, 20.826976097554699 ], [ 74.483689045697631, 20.826598916963654 ], [ 74.483384818011444, 20.825984914410554 ], [ 74.483167236797073, 20.825625954232898 ], [ 74.482871303414527, 20.825079683565114 ], [ 74.482611595171164, 20.824643919956223 ], [ 74.482352782223387, 20.82425798999434 ], [ 74.48249355200312, 20.824029823956632 ], [ 74.482959254841944, 20.823763090232831 ], [ 74.483630197127781, 20.823234250341272 ], [ 74.483448263718643, 20.822429280239742 ], [ 74.4833494938391, 20.822064571924667 ], [ 74.483262856939419, 20.821784674011973 ], [ 74.483190548592006, 20.821434657171437 ], [ 74.4834041509597, 20.82121327150135 ], [ 74.483879318016449, 20.820817735894817 ], [ 74.484512996567304, 20.820311591820754 ], [ 74.484956778628685, 20.819975879292599 ], [ 74.48574680233871, 20.819378237657482 ], [ 74.486186086850637, 20.819018840398559 ], [ 74.486490881497559, 20.818795052512112 ], [ 74.486956481983427, 20.818428982200015 ], [ 74.487356906732089, 20.818150896627913 ], [ 74.488118307055743, 20.817617600546406 ], [ 74.488550415152901, 20.817308008182891 ], [ 74.488900760883936, 20.817048061231493 ], [ 74.48919125124155, 20.816824294496101 ], [ 74.489558434698168, 20.816507893487906 ], [ 74.490153796819328, 20.816060428020759 ], [ 74.490487365279321, 20.815784763290026 ], [ 74.491065789959904, 20.815339525076386 ], [ 74.491362259389149, 20.815125964386652 ], [ 74.491630556150852, 20.815225165323707 ], [ 74.491902931955238, 20.815542721679176 ], [ 74.492174512701112, 20.815989655737969 ], [ 74.492340450249898, 20.816264994112625 ], [ 74.49264103034271, 20.816777333102994 ], [ 74.492837338022696, 20.81707587328475 ], [ 74.493182079765688, 20.817635127361179 ], [ 74.493436908124323, 20.818018944376316 ], [ 74.493694221063848, 20.818418406318294 ], [ 74.493974348622743, 20.818655980098196 ], [ 74.494836563992365, 20.818525769334872 ], [ 74.495412832089457, 20.818465574142351 ], [ 74.496224506864749, 20.818373617229021 ], [ 74.496587165233919, 20.818328304327004 ], [ 74.497072217893788, 20.818285004061813 ], [ 74.497449193744345, 20.818250894306658 ], [ 74.497864706313862, 20.818196474587729 ], [ 74.498224884066076, 20.81813072632351 ], [ 74.498839696526971, 20.818028716529362 ], [ 74.499466843324669, 20.818077567633978 ], [ 74.499852371483669, 20.818103874710808 ], [ 74.500272840032153, 20.818151622759334 ], [ 74.500648101664126, 20.81820216479213 ], [ 74.500968464758728, 20.818356567949834 ], [ 74.501239179904317, 20.818545346605251 ], [ 74.501486556186279, 20.818703726759747 ], [ 74.501739064838674, 20.818898272904807 ], [ 74.502151682445103, 20.819191962236953 ], [ 74.50247340168265, 20.819422567070799 ], [ 74.50289296424674, 20.819672711048458 ], [ 74.503274978739739, 20.819554299947185 ], [ 74.503659512680116, 20.819434845437289 ], [ 74.504147361853086, 20.819281714614213 ], [ 74.504656927625248, 20.819119530134905 ], [ 74.50508949407606, 20.818984435881397 ], [ 74.505375294917656, 20.81875883424323 ], [ 74.505191081185103, 20.818390744837806 ], [ 74.504913311941507, 20.81791383969577 ], [ 74.504598140573307, 20.817403210533776 ], [ 74.504432622715456, 20.817102761408606 ], [ 74.504173460939199, 20.816666691967196 ], [ 74.503968766965585, 20.816302977839328 ], [ 74.504297107049126, 20.816124266845065 ], [ 74.504786637719121, 20.816051786171862 ], [ 74.505341691028988, 20.815983365444488 ], [ 74.505693693231521, 20.815935110602965 ], [ 74.505563070555795, 20.815658358142173 ], [ 74.505283478154965, 20.815214453257585 ], [ 74.504975129214188, 20.814752278552422 ], [ 74.50492243696543, 20.814423706151103 ], [ 74.505446483647816, 20.814163328280429 ], [ 74.505922290495022, 20.813915308127413 ], [ 74.506592980625427, 20.813545381503392 ], [ 74.507241876326049, 20.813200426461243 ], [ 74.507138931988791, 20.812805161954287 ], [ 74.506992735305531, 20.812366982834597 ], [ 74.506940176178674, 20.812022905360053 ], [ 74.507430291307656, 20.811877305630595 ], [ 74.507973438360551, 20.811733188791688 ], [ 74.50848767219334, 20.811598090703356 ], [ 74.508569660824719, 20.811286517732722 ], [ 74.508538688996893, 20.810850628917652 ], [ 74.508486315079651, 20.810380822034976 ], [ 74.508462541814524, 20.809922461409428 ], [ 74.508412514273573, 20.809398431545176 ], [ 74.508577668674732, 20.808632237935619 ], [ 74.509061776720245, 20.808585964766667 ], [ 74.510126184957045, 20.808543884569236 ], [ 74.511166468970657, 20.808481493080638 ], [ 74.511601434604856, 20.808443397609413 ], [ 74.511972856015788, 20.808668200639957 ], [ 74.512579016611426, 20.809088135372857 ], [ 74.512872621721158, 20.809276504268638 ], [ 74.513429147518394, 20.809628475438224 ], [ 74.513808558774883, 20.809881783895992 ], [ 74.514231183624162, 20.81015306006995 ], [ 74.514653730433423, 20.810433349835964 ], [ 74.515066773650716, 20.810709148344024 ], [ 74.515463043518679, 20.810966845698005 ], [ 74.515856755451168, 20.811217819259799 ], [ 74.516265016982146, 20.811500437555335 ], [ 74.51668049895504, 20.811769508658841 ], [ 74.517079052346531, 20.812040814115679 ], [ 74.517484851243708, 20.812309713515592 ], [ 74.517885922353429, 20.812565186121279 ], [ 74.518321618345723, 20.812872037932539 ], [ 74.518589766703911, 20.813042760481821 ], [ 74.51889566782603, 20.813261511676107 ], [ 74.519091263785668, 20.813539421088961 ], [ 74.519327667824925, 20.813780275094867 ], [ 74.519782747571682, 20.813934917488357 ], [ 74.520085471517945, 20.813998369349633 ], [ 74.520421796982262, 20.814075476017816 ], [ 74.520920184822586, 20.814220322587758 ], [ 74.521358553090053, 20.814362970170571 ], [ 74.521786198093295, 20.814451284895405 ], [ 74.522271381887364, 20.814576956960895 ], [ 74.522605220114158, 20.814729632435871 ], [ 74.522963015786516, 20.814922926475909 ], [ 74.523356912106834, 20.815173979920406 ], [ 74.523720549343579, 20.815405835412712 ], [ 74.524031779177875, 20.815536828219681 ], [ 74.524371772054096, 20.815607063631326 ], [ 74.5248150914977, 20.815625432397152 ], [ 74.525141719031907, 20.815646023541621 ], [ 74.525484110121482, 20.815691445872815 ], [ 74.525916524401794, 20.815816224634052 ], [ 74.526128564459299, 20.816191058345719 ], [ 74.52626055804626, 20.816595361752146 ], [ 74.52651956340361, 20.817406177815435 ], [ 74.526843064505044, 20.818354844953053 ], [ 74.527118990443412, 20.819204109840783 ], [ 74.527416275581913, 20.820109843475979 ], [ 74.527639218349165, 20.820848378497729 ], [ 74.527845450518626, 20.821408558641497 ], [ 74.527998938600831, 20.821882866308542 ], [ 74.52815234319219, 20.822363982284678 ], [ 74.52828419397548, 20.822788622391844 ], [ 74.528583911823759, 20.82368091215514 ], [ 74.528881366478913, 20.824609114551652 ], [ 74.529166537757689, 20.825465068919389 ], [ 74.529329668269781, 20.825959794643662 ], [ 74.529619834132802, 20.826863244715867 ], [ 74.530058716525673, 20.828148412089046 ], [ 74.530353597804194, 20.829054059236487 ], [ 74.530523891675529, 20.829553370710492 ], [ 74.530783173569404, 20.829901201956279 ], [ 74.531669088422433, 20.830983430146219 ], [ 74.53213479758692, 20.831587828556501 ], [ 74.532323820921064, 20.831773909069057 ], [ 74.532632370070289, 20.831953462998641 ], [ 74.53290143738441, 20.8320530028553 ], [ 74.533217744693559, 20.832190931952344 ], [ 74.533611960596758, 20.832421376723783 ], [ 74.533963762394905, 20.832714772253162 ], [ 74.534188279704665, 20.832958742064267 ], [ 74.534441554629879, 20.833305474663586 ], [ 74.534673198910141, 20.833609347952603 ], [ 74.534990161867142, 20.833981093720958 ], [ 74.535244724323377, 20.83424212823012 ], [ 74.535553521477908, 20.834560934642315 ], [ 74.535889367623795, 20.834808670528595 ], [ 74.536408382565071, 20.835109804722009 ], [ 74.536822655139119, 20.835385744867608 ], [ 74.537059222555982, 20.835581181398492 ], [ 74.537334667396209, 20.835921261249187 ], [ 74.537693067741415, 20.836425294865609 ], [ 74.53833455666458, 20.835531901223685 ], [ 74.538796352900633, 20.834809567984426 ], [ 74.539234045069335, 20.834139684000807 ], [ 74.539883341773148, 20.833224955664335 ], [ 74.540407533041176, 20.832475529288214 ], [ 74.541030379549312, 20.831712667735395 ], [ 74.541662162313955, 20.830896143246644 ], [ 74.541898551188609, 20.83043046606846 ], [ 74.542074094722821, 20.830062585904479 ], [ 74.542228102692789, 20.829739668661794 ], [ 74.542790371843381, 20.829595566649829 ], [ 74.543746890272587, 20.82934542187169 ], [ 74.544751440992457, 20.829079528138333 ], [ 74.545705391805427, 20.828824949743566 ], [ 74.546604218441928, 20.828570293355799 ], [ 74.547584694287437, 20.828315749535438 ], [ 74.548475958271482, 20.828089169885594 ], [ 74.549151564829359, 20.827896596895478 ], [ 74.549721071421828, 20.827709468937581 ], [ 74.550552630711096, 20.827371245463006 ], [ 74.551057306677791, 20.827177244738305 ], [ 74.551972900720173, 20.826857166180471 ], [ 74.552981059578542, 20.826459774478462 ], [ 74.55360384071642, 20.826214075802543 ], [ 74.554259797738013, 20.825955286229846 ], [ 74.555190905337369, 20.825598849307895 ], [ 74.555697891830263, 20.825416193243505 ], [ 74.556666269027986, 20.825220294095377 ], [ 74.557649114815916, 20.824992650923914 ], [ 74.55857905063661, 20.824792167407086 ], [ 74.55950670628539, 20.824580365036429 ], [ 74.560513437413576, 20.824357346791519 ], [ 74.56152993250906, 20.824122983089897 ], [ 74.562447896425496, 20.823915689452551 ], [ 74.562940468415334, 20.823796323175944 ], [ 74.563397048722237, 20.823692678166164 ], [ 74.564054231824969, 20.82354623708131 ], [ 74.564427793830774, 20.823528309956401 ], [ 74.565020093774152, 20.823563608710646 ], [ 74.56544900584862, 20.823689170226022 ], [ 74.566050918066438, 20.824025971873219 ], [ 74.566472868623521, 20.82436903170138 ], [ 74.566720177147417, 20.824626525290842 ], [ 74.567366251737496, 20.825356313493138 ], [ 74.567738418286652, 20.82579690356507 ], [ 74.568317244388425, 20.82644076535254 ], [ 74.568936829302999, 20.827134150312588 ], [ 74.569311404365848, 20.827554481247869 ], [ 74.569916656290786, 20.828229946281489 ], [ 74.570226375113236, 20.828584596105998 ], [ 74.57085803445311, 20.829327841315816 ], [ 74.571143823161805, 20.829662106658205 ], [ 74.571516043419351, 20.830073326697001 ], [ 74.572092430087011, 20.830787133655463 ], [ 74.572387895100533, 20.831153044604829 ], [ 74.572654206915672, 20.831467587805022 ], [ 74.572723873892429, 20.830898594906497 ], [ 74.572786733910178, 20.830074450818898 ], [ 74.57286639680018, 20.829067277276916 ], [ 74.572950886559298, 20.828114311621675 ], [ 74.573064336729303, 20.826784349798736 ], [ 74.573110224768584, 20.826149676007226 ], [ 74.573177790622225, 20.82528704509733 ], [ 74.573224418437178, 20.824872365180003 ], [ 74.573423287106181, 20.82444264285693 ], [ 74.573548296086443, 20.824106222255065 ], [ 74.573757580325065, 20.823514655246854 ], [ 74.573981324857542, 20.822746970641912 ], [ 74.574053493881479, 20.822464693812886 ], [ 74.574104682469766, 20.822074466767802 ], [ 74.574197972839002, 20.821672138723031 ], [ 74.574207685088595, 20.821392109801142 ], [ 74.574234304161223, 20.820852379341453 ], [ 74.574217653842069, 20.820314945731322 ], [ 74.574165102861073, 20.819788733541877 ], [ 74.574117117066237, 20.81937093634777 ], [ 74.574079488992979, 20.819099559039941 ], [ 74.57421830020067, 20.818802639619772 ], [ 74.574775876882796, 20.81850174016196 ], [ 74.575117057947978, 20.818339386264753 ], [ 74.575353720886454, 20.818171271942141 ], [ 74.575638625835069, 20.817910459001272 ], [ 74.575912646221539, 20.817542521876423 ], [ 74.576205874020658, 20.817224250085893 ], [ 74.576484711888554, 20.816946603173133 ], [ 74.576686611908769, 20.816757021921291 ], [ 74.577011014636511, 20.816497407868081 ], [ 74.577306592652121, 20.816262705054672 ], [ 74.577768044634652, 20.815919593613849 ], [ 74.578171737271688, 20.815660087424678 ], [ 74.578611481750755, 20.815411916140018 ], [ 74.578962378677502, 20.815181700747225 ], [ 74.579555941352481, 20.814840879894433 ], [ 74.580024484370441, 20.814662691407101 ], [ 74.580380119585769, 20.814613242302705 ], [ 74.581105663465323, 20.814685792168067 ], [ 74.58171825853951, 20.814821509690361 ], [ 74.582213223674259, 20.814726869292361 ], [ 74.582722631979706, 20.814587061112046 ], [ 74.583232054353147, 20.814413379746259 ], [ 74.583738956486201, 20.814251018977981 ], [ 74.584647325468723, 20.813926163023091 ], [ 74.586533514972274, 20.813260721033792 ], [ 74.58784069026926, 20.812814027180043 ], [ 74.588429394248521, 20.812640339487185 ], [ 74.589193420282854, 20.812464517296156 ], [ 74.589717234457879, 20.81237666244866 ], [ 74.59029380511717, 20.81232255827307 ], [ 74.590728645653158, 20.812282204815453 ], [ 74.59125963394213, 20.812243942567292 ], [ 74.592324014925637, 20.812154058218351 ], [ 74.59326344069018, 20.812122615853827 ], [ 74.594222001789078, 20.81211404433077 ], [ 74.595293502176617, 20.812089471319965 ], [ 74.595752468546991, 20.812064793820525 ], [ 74.596165752408368, 20.812015271864869 ], [ 74.596749563627398, 20.811925139316322 ], [ 74.597237250412334, 20.811839544814738 ], [ 74.597751478045694, 20.811756102629332 ], [ 74.598498755211395, 20.811582389077021 ], [ 74.59913537960766, 20.811397410376227 ], [ 74.599733633512372, 20.811178643720044 ], [ 74.600156609032652, 20.811016150130115 ], [ 74.601000002691265, 20.810612180244622 ], [ 74.601917783558605, 20.81016753212694 ], [ 74.602513662591377, 20.809941951170952 ], [ 74.603777444054941, 20.809481594200083 ], [ 74.604217184123954, 20.809332670862048 ], [ 74.605190224512285, 20.809025764837305 ], [ 74.606526102986436, 20.808592650948093 ], [ 74.607554477030021, 20.808260844560202 ], [ 74.60841451227212, 20.807985655994067 ], [ 74.609404523487086, 20.807662948290655 ], [ 74.610343963093229, 20.807358391288993 ], [ 74.611864625074986, 20.806883396124206 ], [ 74.613162125203601, 20.806464744058029 ], [ 74.614601269833528, 20.806011252210933 ], [ 74.61552630161016, 20.805706513157446 ], [ 74.616184615479085, 20.805473408015242 ], [ 74.61646319546611, 20.805374763741646 ], [ 74.617419514391472, 20.805061107389793 ], [ 74.618315656514071, 20.804758719093432 ], [ 74.619006964488889, 20.804492366784046 ], [ 74.619406485693915, 20.804090438473711 ], [ 74.619819642886625, 20.803611821226962 ], [ 74.62038668192946, 20.80302468179698 ], [ 74.62098493693513, 20.802365393942257 ], [ 74.621645714037939, 20.801627073198063 ], [ 74.622347330962356, 20.800900155372691 ], [ 74.622991199614233, 20.800175307171358 ], [ 74.623378063992902, 20.79978916242926 ], [ 74.623981052672974, 20.799118622283139 ], [ 74.624845964187188, 20.79834624030612 ], [ 74.625476630127295, 20.797763626336003 ], [ 74.626547922201794, 20.796787998110208 ], [ 74.627258909525821, 20.796103831090786 ], [ 74.628272522738172, 20.795058194587586 ], [ 74.629297447112506, 20.794091161759169 ], [ 74.629691005106295, 20.793729024615601 ], [ 74.63067932351241, 20.792736590843223 ], [ 74.631966713069133, 20.7914673204439 ], [ 74.631892260013444, 20.790853104997218 ], [ 74.631823894085301, 20.790202825670203 ], [ 74.631791465057987, 20.78943264439464 ], [ 74.63172790454044, 20.788566616026131 ], [ 74.632113487884467, 20.787449849381616 ], [ 74.632346471274928, 20.786731689727237 ], [ 74.632817346250491, 20.785408302314863 ], [ 74.632966103650276, 20.784955006779992 ], [ 74.63326645449952, 20.784039771904418 ], [ 74.63352924494383, 20.782732290702832 ], [ 74.635000502184241, 20.782691413188857 ], [ 74.635352255577729, 20.782649172399427 ], [ 74.636487090705046, 20.782512892063657 ], [ 74.637442971564326, 20.782289308447087 ], [ 74.638030167121826, 20.782091166057413 ], [ 74.638455599342223, 20.781953224856938 ], [ 74.639808477995061, 20.781607080574446 ], [ 74.642090080453485, 20.780958817138924 ], [ 74.643081938556676, 20.78069451404215 ], [ 74.644508437213418, 20.780326178806309 ], [ 74.645856442221216, 20.779844067697709 ], [ 74.646744237946081, 20.779526547384322 ], [ 74.649047338638169, 20.778622884470984 ], [ 74.65084845493935, 20.777893168910062 ], [ 74.652209161045249, 20.777335015044905 ], [ 74.654028127211973, 20.776787777810682 ], [ 74.655420005096659, 20.776579461495338 ], [ 74.656895932873894, 20.776301140266366 ], [ 74.657841344752597, 20.77610209239198 ], [ 74.65941317604937, 20.775726563645694 ], [ 74.661827454022145, 20.775447876190384 ], [ 74.663622461429725, 20.775347830817626 ], [ 74.664863230298309, 20.775069475996773 ], [ 74.664435232854856, 20.774084875567816 ], [ 74.663968682680661, 20.772858533422678 ], [ 74.66358655833973, 20.77197326985101 ], [ 74.663612526011008, 20.771564329814503 ], [ 74.663696169853182, 20.771071934605715 ], [ 74.663858459572353, 20.769795748054634 ], [ 74.663891836432271, 20.769346204255591 ], [ 74.663927420294868, 20.768883117659549 ], [ 74.663826211050463, 20.768395276050899 ], [ 74.663685509365507, 20.767889412389518 ], [ 74.663282936766947, 20.765453475697459 ], [ 74.66311512969763, 20.763979696107135 ], [ 74.662994393294326, 20.763019721213226 ], [ 74.662802058630675, 20.762620029787907 ], [ 74.661908654930144, 20.761732651356436 ], [ 74.661248295653664, 20.761050732956427 ], [ 74.660988821409148, 20.760709761154423 ], [ 74.660736586923491, 20.760337295150396 ], [ 74.660307188779484, 20.759525412236023 ], [ 74.660002542110774, 20.75902208569822 ], [ 74.659357052960544, 20.759128402330315 ], [ 74.657970593813801, 20.759206675453928 ], [ 74.65649538064541, 20.759063733487661 ], [ 74.656427462320067, 20.758290091593921 ], [ 74.656453776509551, 20.757989938925213 ], [ 74.65649985006695, 20.757464379877124 ], [ 74.656023678399251, 20.75744694930847 ], [ 74.655180939806939, 20.757414263334873 ], [ 74.654331459532301, 20.757337644546553 ], [ 74.653781833120036, 20.757308541488364 ], [ 74.65320460940255, 20.757183248359453 ], [ 74.653371351923212, 20.756554064590329 ], [ 74.653486171849053, 20.75607061868773 ], [ 74.65366576181934, 20.755386165561656 ], [ 74.653653389025706, 20.754878022849461 ], [ 74.653506536931943, 20.754259137863137 ], [ 74.653210976685088, 20.753484452542818 ], [ 74.653100304098317, 20.753086930431024 ], [ 74.653041134050738, 20.75263524138083 ], [ 74.653123599159926, 20.752114561603676 ], [ 74.653466498658645, 20.751775576141846 ], [ 74.653860027054236, 20.751699841586071 ], [ 74.654332751728973, 20.751701991702181 ], [ 74.654863135028705, 20.751710801635475 ], [ 74.655515818028249, 20.751681176590932 ], [ 74.655966872609909, 20.75156804956487 ], [ 74.656233124044093, 20.751354536889963 ], [ 74.656686117449297, 20.750630415545523 ], [ 74.656798910529076, 20.749612138106205 ], [ 74.657157758392287, 20.748631368348857 ], [ 74.657405949273738, 20.747465125424405 ], [ 74.657119560705823, 20.745737423003142 ], [ 74.657434180423465, 20.744734174573253 ], [ 74.657666649990759, 20.743373179078162 ], [ 74.658038268644461, 20.742429030900514 ], [ 74.658875886600683, 20.741453831893626 ], [ 74.660028172065637, 20.740662610880072 ], [ 74.660580163877512, 20.740284684492455 ], [ 74.660636253171006, 20.740014520400411 ], [ 74.660663927920638, 20.739305969693973 ], [ 74.660132508927887, 20.736988778802495 ], [ 74.659894290900198, 20.735950044752219 ], [ 74.659587623248129, 20.734612833667398 ], [ 74.659425779109753, 20.733902904619381 ], [ 74.658705920412643, 20.733967940556909 ], [ 74.658043007527496, 20.7339969347539 ], [ 74.657554929156703, 20.733860790267041 ], [ 74.656723212947298, 20.733431278782056 ], [ 74.656188299356756, 20.732639601207516 ], [ 74.656094197649168, 20.732383983286876 ], [ 74.655732787252177, 20.731402247825962 ], [ 74.655533388766131, 20.730425031001964 ], [ 74.654897458869641, 20.729357564478704 ], [ 74.654724024316053, 20.729066437332861 ], [ 74.654581319173985, 20.728702769202236 ], [ 74.654407399898474, 20.728254940385622 ], [ 74.654231279541889, 20.728049981349994 ], [ 74.653364372289388, 20.727134189026426 ], [ 74.653156069903218, 20.726754188523959 ], [ 74.653828858161575, 20.725565801967136 ], [ 74.653015751550541, 20.724639631810081 ], [ 74.653200954437452, 20.724409060879228 ], [ 74.652973231263346, 20.723792638642319 ], [ 74.652794608674185, 20.723474706654368 ], [ 74.653330412230844, 20.722834843052073 ], [ 74.654425219251266, 20.722024879032915 ], [ 74.654759711022947, 20.721757668701557 ], [ 74.655065681460329, 20.721467534174121 ], [ 74.655354902831704, 20.720581216080092 ], [ 74.655576200151998, 20.718958279704079 ], [ 74.656409568606847, 20.719116240312516 ], [ 74.657689605938103, 20.719662617147065 ], [ 74.658608078722352, 20.71992521411871 ], [ 74.658408862071951, 20.71933172638694 ], [ 74.658288769744516, 20.718549345096402 ], [ 74.658081982721029, 20.717779701897271 ], [ 74.657913852834014, 20.716987875964016 ], [ 74.657765157667455, 20.71618717150875 ], [ 74.657645379971015, 20.715377744852756 ], [ 74.657549703951076, 20.714550491406392 ], [ 74.657478313910531, 20.713705609277813 ], [ 74.657378171029507, 20.712855743933638 ], [ 74.657287609109702, 20.71200603519096 ], [ 74.657187566483955, 20.711156172619745 ], [ 74.657106601098874, 20.710311134912697 ], [ 74.656987202082377, 20.709461041646382 ], [ 74.656963587163887, 20.7091782403728 ], [ 74.656915891281315, 20.708607053354459 ], [ 74.656801466182159, 20.707752538836285 ], [ 74.65665811491705, 20.706902237102604 ], [ 74.65650519531043, 20.706056381751829 ], [ 74.656357054481163, 20.705206094837585 ], [ 74.656103409241723, 20.704350016598536 ], [ 74.655748549233977, 20.703520144873451 ], [ 74.655397648342699, 20.702766897197815 ], [ 74.655067106328161, 20.702316443813039 ], [ 74.654875167537199, 20.701917047489736 ], [ 74.654760508052931, 20.701468919578343 ], [ 74.654212579645048, 20.700736107671577 ], [ 74.65346988074154, 20.699441580181148 ], [ 74.652949211265422, 20.698444234012754 ], [ 74.652564482810561, 20.697707283515637 ], [ 74.652253753636217, 20.696810046700637 ], [ 74.651863280378976, 20.696151191129275 ], [ 74.651275164551024, 20.695687403130375 ], [ 74.650679422388038, 20.695217599283943 ], [ 74.6504173664988, 20.694872295334076 ], [ 74.64972489913481, 20.693959853423458 ], [ 74.650172613030961, 20.693862278719337 ], [ 74.652196288343063, 20.693631152351994 ], [ 74.654781394631414, 20.69339695136863 ], [ 74.655944869730931, 20.693237856362121 ], [ 74.657009613550926, 20.693099352896041 ], [ 74.657716802487528, 20.693007361216655 ], [ 74.658189966553408, 20.692945805615011 ], [ 74.659184698351353, 20.692852637178955 ], [ 74.659679229001782, 20.692795977197985 ], [ 74.662717441677785, 20.692447883182506 ], [ 74.664307946329714, 20.692297785766176 ], [ 74.665794563940892, 20.692412900597585 ], [ 74.66761606681338, 20.693019165210274 ], [ 74.669647878791324, 20.693690880981368 ], [ 74.670886683799253, 20.694056201632492 ], [ 74.671882339629065, 20.694287871625885 ], [ 74.672511501993881, 20.694244919751235 ], [ 74.672989065799229, 20.694055849800996 ], [ 74.673650124631592, 20.694162208045253 ], [ 74.675084172572497, 20.693856777137974 ], [ 74.676584710860197, 20.69360634375003 ], [ 74.677806828408507, 20.693357405482523 ], [ 74.678624771950027, 20.693194501492034 ], [ 74.679491020020365, 20.693005053972076 ], [ 74.682155401584893, 20.692969879670031 ], [ 74.682420899048282, 20.692674790496245 ], [ 74.682810262387946, 20.692185571667299 ], [ 74.68309921529395, 20.692032423036885 ], [ 74.683396402422943, 20.69194009362846 ], [ 74.68405626014632, 20.691748349884612 ], [ 74.685330137739967, 20.691585772597438 ], [ 74.686307048141984, 20.691370306335696 ], [ 74.688063218665462, 20.691009461922775 ], [ 74.689912135117908, 20.690523225946045 ], [ 74.691057141321437, 20.690298275803571 ], [ 74.691694171790047, 20.690009283363974 ], [ 74.692825014990291, 20.689759292357991 ], [ 74.693763357581389, 20.689565877015792 ], [ 74.698691159377219, 20.688263059167642 ], [ 74.700634319757711, 20.687714501841203 ], [ 74.70185294538193, 20.687356923861469 ], [ 74.703198330086551, 20.687226549660412 ], [ 74.704341382842699, 20.687161711551397 ], [ 74.706068805285923, 20.686800380849864 ], [ 74.707522784874939, 20.686409208591694 ], [ 74.709322517122004, 20.686017080774523 ], [ 74.70980497412333, 20.685394494104028 ], [ 74.713130393493699, 20.682990987871996 ], [ 74.714442212762265, 20.682042982867493 ], [ 74.717203792970892, 20.679827756858682 ], [ 74.718677347288477, 20.678694146725451 ], [ 74.71968022821008, 20.677986439762037 ], [ 74.719979318836323, 20.678192843715621 ], [ 74.720466553152519, 20.678258670231727 ], [ 74.720802649333919, 20.67823960296964 ], [ 74.721206764299211, 20.678157866873022 ], [ 74.721884979077146, 20.678024960923693 ], [ 74.722371361891121, 20.677892238421343 ], [ 74.723109743225621, 20.677536378523406 ], [ 74.723589552056922, 20.677135095376837 ], [ 74.723856934154384, 20.676839888015223 ], [ 74.723962519391449, 20.676425501980901 ], [ 74.724135726797627, 20.675980367880783 ], [ 74.724222106906055, 20.675502997550506 ], [ 74.724875263604332, 20.675527493744724 ], [ 74.725567601527786, 20.675828089576292 ], [ 74.726030920762938, 20.676017901743297 ], [ 74.726810448569495, 20.676260636824875 ], [ 74.727183544314329, 20.676368393387811 ], [ 74.728047352614084, 20.676368270080708 ], [ 74.729436538162233, 20.677019008165473 ], [ 74.730070628260478, 20.677373211721399 ], [ 74.730442165249414, 20.677205447439615 ], [ 74.730846853502129, 20.677069682096963 ], [ 74.731593371284589, 20.677262451480079 ], [ 74.732141445961574, 20.67717774802172 ], [ 74.732350059352299, 20.676990255247023 ], [ 74.732291118518077, 20.67669174125956 ], [ 74.732026417880363, 20.676336836762822 ], [ 74.731937289294379, 20.675739898965595 ], [ 74.731709746513502, 20.675498308750409 ], [ 74.731105964538429, 20.675009061659665 ], [ 74.730930818702618, 20.674384246339901 ], [ 74.730882439452756, 20.673781046286596 ], [ 74.730582103900574, 20.672999107640376 ], [ 74.730336223477195, 20.672662615042963 ], [ 74.732995895609847, 20.673854582018667 ], [ 74.733465674266554, 20.672904223721954 ], [ 74.733988446624181, 20.671846651265586 ], [ 74.734805305462075, 20.670514130076715 ], [ 74.73557397172786, 20.668993686330857 ], [ 74.736046737727705, 20.667741138065011 ], [ 74.736189613048452, 20.667002170216335 ], [ 74.736319662923165, 20.665716815688732 ], [ 74.736895187180934, 20.665749758230621 ], [ 74.738985146065247, 20.665951635419148 ], [ 74.740819666458037, 20.666220080594986 ], [ 74.741658928580136, 20.667148252916896 ], [ 74.742320543247303, 20.668030897737655 ], [ 74.742497153040063, 20.668405837440059 ], [ 74.742807762696174, 20.669065253127648 ], [ 74.743034636431148, 20.669789974744681 ], [ 74.743243430554941, 20.670142143124412 ], [ 74.74481539177863, 20.670388195360637 ], [ 74.745234266705282, 20.670012199219798 ], [ 74.746005590735138, 20.669341561089318 ], [ 74.746500500678735, 20.668872541929819 ], [ 74.747496925495142, 20.667767514070775 ], [ 74.747920322480212, 20.667257051339814 ], [ 74.748672879703633, 20.666501738645252 ], [ 74.748840811591677, 20.66525056417623 ], [ 74.750571061295673, 20.665852787384338 ], [ 74.750996369577408, 20.665957387614135 ], [ 74.751642998723881, 20.666116415942447 ], [ 74.752415380957487, 20.666425827740433 ], [ 74.752650011049184, 20.666609773607419 ], [ 74.752724537008888, 20.667644438174168 ], [ 74.752752552367056, 20.668132364333964 ], [ 74.752847865109374, 20.668607372129955 ], [ 74.753078759719017, 20.66895443562511 ], [ 74.754110483871926, 20.668990316672392 ], [ 74.75407278473493, 20.668502420114653 ], [ 74.753975620473511, 20.66735008329351 ], [ 74.753988767126785, 20.666618841498146 ], [ 74.754668245674111, 20.666023316332961 ], [ 74.754958350255393, 20.66576632599218 ], [ 74.75594324780964, 20.664987327130127 ], [ 74.756570291038926, 20.664680123154103 ], [ 74.756770695916842, 20.665071309569825 ], [ 74.757305925703761, 20.666459972727591 ], [ 74.757787485128858, 20.666390779369401 ], [ 74.758309281478233, 20.666493150106586 ], [ 74.758666063289951, 20.66688067201596 ], [ 74.759242964108552, 20.667529668756163 ], [ 74.759580097254258, 20.667810726719136 ], [ 74.759951403885495, 20.66768590124369 ], [ 74.76023470716261, 20.667670602790469 ], [ 74.760589801221457, 20.667669691884271 ], [ 74.760914189923042, 20.667844498270441 ], [ 74.761234050030012, 20.668016984595052 ], [ 74.761388425383814, 20.666657411527165 ], [ 74.761421459699747, 20.665858624314655 ], [ 74.761425199038058, 20.665323592177444 ], [ 74.761157540690277, 20.665016175999607 ], [ 74.761136050969384, 20.664398378720932 ], [ 74.761165368342418, 20.663485731161973 ], [ 74.761631171404744, 20.663454364466286 ], [ 74.763534738291355, 20.663604368011093 ], [ 74.764293513637426, 20.663557752296551 ], [ 74.764653345825465, 20.663137056171863 ], [ 74.765165982731546, 20.662573350497034 ], [ 74.765560295279172, 20.662505051573984 ], [ 74.765968950835088, 20.662717258412165 ], [ 74.766334544470752, 20.662571521660304 ], [ 74.766832575713337, 20.662367906721677 ], [ 74.767659022787484, 20.663054766858355 ], [ 74.768524565944006, 20.662846336293999 ], [ 74.769044104946943, 20.66273418156435 ], [ 74.769686238318172, 20.662650051545452 ], [ 74.769534294199232, 20.663095790059369 ], [ 74.768872006015087, 20.664362278599274 ], [ 74.768513988600574, 20.665049479862816 ], [ 74.7692754024484, 20.666041324011022 ], [ 74.770525198996054, 20.667552818758985 ], [ 74.770748062680468, 20.667721648680601 ], [ 74.771129473775602, 20.667585992518262 ], [ 74.771965300680577, 20.667088679403303 ], [ 74.772065698281352, 20.665857119854572 ], [ 74.772122717422079, 20.665088605954157 ], [ 74.772178834213477, 20.664332244503601 ], [ 74.772347601539877, 20.662988497612449 ], [ 74.772380283823367, 20.662645718450289 ], [ 74.773585950987098, 20.663389202401657 ], [ 74.775234315499674, 20.664462053885611 ], [ 74.77650845996547, 20.665207403848569 ], [ 74.778571599754898, 20.666414288336256 ], [ 74.779297353202082, 20.666742024408382 ], [ 74.779748047956502, 20.666769160735353 ], [ 74.780066869767566, 20.666591708754527 ], [ 74.780609570989569, 20.666552013128328 ], [ 74.780537306628261, 20.665725073652858 ], [ 74.780635468378691, 20.665111978303521 ], [ 74.780657710194816, 20.66482773225685 ], [ 74.781015547140228, 20.664380649257044 ], [ 74.78204955686634, 20.663545773625913 ], [ 74.783456655566809, 20.662593624742289 ], [ 74.784869213758441, 20.662011709504689 ], [ 74.785861799321694, 20.661655904158511 ], [ 74.787740932760912, 20.660974718938306 ], [ 74.788405873157714, 20.660737524273632 ], [ 74.788931730550615, 20.660647861981698 ], [ 74.789726831018925, 20.660624217620015 ], [ 74.790417139930327, 20.660694265929404 ], [ 74.79102497552131, 20.660848234485158 ], [ 74.791455394087308, 20.66095726330175 ], [ 74.79227915909253, 20.661252935747953 ], [ 74.793194648329006, 20.661638172257806 ], [ 74.793492528154886, 20.661841653866237 ], [ 74.794117665827571, 20.661922725093362 ], [ 74.794688739615268, 20.661919306461183 ], [ 74.795103834060342, 20.661702196264667 ], [ 74.795346252104508, 20.661415715950014 ], [ 74.795558866354881, 20.660921128784079 ], [ 74.79583294979146, 20.660011826185311 ], [ 74.795867194544826, 20.659515590638236 ], [ 74.795989026625236, 20.658925310532993 ], [ 74.796195075782535, 20.658521006634711 ], [ 74.796450696260635, 20.658410623628363 ], [ 74.796728681805845, 20.658440445522171 ], [ 74.796944285594066, 20.658614383916497 ], [ 74.797383166396557, 20.659124073574826 ], [ 74.797790259452171, 20.659633811793686 ], [ 74.798107111213127, 20.659873227997103 ], [ 74.798703455089921, 20.659931798407428 ], [ 74.799471772097959, 20.659885152411803 ], [ 74.800015118032377, 20.659884655628979 ], [ 74.800300747103279, 20.659997156723787 ], [ 74.800745455738266, 20.66014154405708 ], [ 74.801320390303943, 20.660223915328238 ], [ 74.801917555810761, 20.660031147255054 ], [ 74.802500212482968, 20.659422816834979 ], [ 74.802803280281253, 20.658920183091521 ], [ 74.802818428892763, 20.658355948787246 ], [ 74.802836002565698, 20.657701457345983 ], [ 74.80266483055091, 20.656263982457119 ], [ 74.802553082315839, 20.654660157450483 ], [ 74.80224447468018, 20.653072411995513 ], [ 74.802040599150203, 20.651544258717966 ], [ 74.801616715157891, 20.649535524944582 ], [ 74.801331107793487, 20.647162375503122 ], [ 74.801076245703825, 20.645493861732241 ], [ 74.800699975072746, 20.643074682179069 ], [ 74.800294129211025, 20.640731875615007 ], [ 74.800087596073055, 20.63902326581335 ], [ 74.800099281894319, 20.638188143499011 ], [ 74.800932594891719, 20.638115040997882 ], [ 74.801791898657072, 20.63807836197666 ], [ 74.80218053250519, 20.63807769052417 ], [ 74.802864431184872, 20.638278420712432 ], [ 74.803768690722208, 20.638504099435615 ], [ 74.804697457602686, 20.638610903065771 ], [ 74.805417459881212, 20.638673809283926 ], [ 74.806691039325997, 20.638478561573329 ], [ 74.807507011721995, 20.638454977344018 ], [ 74.808577245661411, 20.638429352186549 ], [ 74.809842975013154, 20.638017637582028 ], [ 74.810064318577716, 20.637595075036181 ], [ 74.810878569351445, 20.635986685421351 ], [ 74.811715316750664, 20.63450487359755 ], [ 74.812054899346322, 20.6337362506397 ], [ 74.812060334232214, 20.633235071951479 ], [ 74.812550992055478, 20.632452939088942 ], [ 74.81241086919168, 20.63190656109213 ], [ 74.81255937295721, 20.631059253254602 ], [ 74.812819289313964, 20.629233140371429 ], [ 74.812687985565447, 20.628094163308472 ], [ 74.812159040522786, 20.626030232584668 ], [ 74.81169495762623, 20.624612468443953 ], [ 74.811504078387159, 20.623639931067785 ], [ 74.811446149239544, 20.622799553646644 ], [ 74.811804751910472, 20.621606524717489 ], [ 74.812292644988119, 20.619999442023698 ], [ 74.812409950755082, 20.618914299413429 ], [ 74.812343324975004, 20.61694010503744 ], [ 74.812084932899026, 20.614033140391314 ], [ 74.811921199095735, 20.61235202786234 ], [ 74.811741920665042, 20.609894229354129 ], [ 74.811596935065822, 20.609120692351837 ], [ 74.811589066642881, 20.608100218590952 ], [ 74.811476584363888, 20.606545953421673 ], [ 74.811213071452812, 20.603468674608816 ], [ 74.811008461518682, 20.600270131712211 ], [ 74.810826646193405, 20.59848497640392 ], [ 74.810569916225958, 20.59653645431467 ], [ 74.810234322343504, 20.595214834094993 ], [ 74.809806297824949, 20.593580711032928 ], [ 74.809503376111806, 20.592336148171846 ], [ 74.809421624484798, 20.591570905522662 ], [ 74.809246032311336, 20.59044650965394 ], [ 74.809426301596304, 20.58974831716619 ], [ 74.809754445924838, 20.589142033542782 ], [ 74.809632256635155, 20.588474849498368 ], [ 74.80927298521604, 20.588178256299198 ], [ 74.808335500088319, 20.587481270580799 ], [ 74.807171033124504, 20.586874677890243 ], [ 74.806458954643531, 20.586773533576778 ], [ 74.805845309130603, 20.586745045769231 ], [ 74.805324843349737, 20.586974690625063 ], [ 74.804604514545616, 20.587486796180681 ], [ 74.803903501849504, 20.587994600732728 ], [ 74.803301999798862, 20.58816483129354 ], [ 74.802340286629587, 20.588390084808303 ], [ 74.80108278348284, 20.588901540834492 ], [ 74.80072583567447, 20.588812218928744 ], [ 74.800274999892295, 20.588403649628408 ], [ 74.800168646385529, 20.588050439434891 ], [ 74.799877957011418, 20.587456070378458 ], [ 74.79906125560376, 20.585831509126642 ], [ 74.798404832774168, 20.584466228573937 ], [ 74.797583911268376, 20.582805718106574 ], [ 74.796382877195825, 20.581249767936761 ], [ 74.795272202111619, 20.579709714495781 ], [ 74.794965780627194, 20.579545522571159 ], [ 74.793854358300962, 20.579509864273454 ], [ 74.793366473020441, 20.579052993451118 ], [ 74.793086440731713, 20.578788335808152 ], [ 74.792752232509898, 20.57821608889666 ], [ 74.792653322997012, 20.577619182262726 ], [ 74.792460475573748, 20.576420759638982 ], [ 74.792259951717227, 20.575037193062784 ], [ 74.792144258482836, 20.574213138321131 ], [ 74.792101613943956, 20.573909399026217 ], [ 74.792063122986406, 20.573333144678532 ], [ 74.791976945697485, 20.571600839465528 ], [ 74.792143333210717, 20.571297711200938 ], [ 74.792236495326193, 20.571013267946402 ], [ 74.792294319062478, 20.570662577253611 ], [ 74.792312692491862, 20.569863627426166 ], [ 74.79227216754731, 20.569416225351169 ], [ 74.792116718987089, 20.568954237987427 ], [ 74.791972567827003, 20.568541830800189 ], [ 74.791829771680455, 20.568226739973611 ], [ 74.791719257612073, 20.567604679647935 ], [ 74.791616797842849, 20.566899432870599 ], [ 74.791576659559595, 20.566194703606335 ], [ 74.79165839007473, 20.5653150957131 ], [ 74.791928783005389, 20.564719509479062 ], [ 74.792225126020682, 20.564372550219787 ], [ 74.792693637247794, 20.564070143726013 ], [ 74.792870463831932, 20.563840139446224 ], [ 74.792863993477255, 20.563421701555736 ], [ 74.792904305214847, 20.563032629030051 ], [ 74.793097755777424, 20.562665499468682 ], [ 74.79314461090334, 20.562336402368292 ], [ 74.793113473779272, 20.561685912677998 ], [ 74.793201360477525, 20.561325623361363 ], [ 74.79375179440386, 20.560773418420226 ], [ 74.793810419344894, 20.560349556523818 ], [ 74.793539027574653, 20.560069263471558 ], [ 74.793275227662519, 20.55984759848787 ], [ 74.793283920605717, 20.559509120897619 ], [ 74.793405199615705, 20.559164900047701 ], [ 74.793596585734505, 20.558769517213616 ], [ 74.793754587139247, 20.558364644315834 ], [ 74.793750234087582, 20.557890533442976 ], [ 74.793662249053725, 20.557614256532009 ], [ 74.793667026884421, 20.557176395864527 ], [ 74.793598527708767, 20.556439765492371 ], [ 74.793544385581995, 20.555703268326539 ], [ 74.793500444822044, 20.555341655412271 ], [ 74.793499655070164, 20.554975933932077 ], [ 74.793528012443375, 20.554596962040034 ], [ 74.793546283906139, 20.554235950541827 ], [ 74.793513127353123, 20.553761436569157 ], [ 74.793521889687199, 20.552980567111302 ], [ 74.793630874951774, 20.552665595841621 ], [ 74.794000260155229, 20.552651125673062 ], [ 74.794792042047533, 20.552595780645024 ], [ 74.795623670685828, 20.552418780382929 ], [ 74.796754623882308, 20.552050573551437 ], [ 74.798568191363501, 20.551540373796819 ], [ 74.798243022838804, 20.550584276948932 ], [ 74.797649747971889, 20.54743159378328 ], [ 74.797177572991714, 20.545702830480447 ], [ 74.796603681300638, 20.543601624940919 ], [ 74.795720266525024, 20.540667345552645 ], [ 74.79463678073067, 20.538498522690926 ], [ 74.79441890420695, 20.537814586832368 ], [ 74.794153155690879, 20.537241733972841 ], [ 74.793713690893227, 20.537247723414644 ], [ 74.791416167713791, 20.537324411349253 ], [ 74.788763179583427, 20.537465327298047 ], [ 74.786462653235446, 20.537379421613185 ], [ 74.783206552527673, 20.536986119316996 ], [ 74.780428762562124, 20.536701275780569 ], [ 74.776386763765217, 20.536706334118808 ], [ 74.773720339009685, 20.536756519028152 ], [ 74.770476090944015, 20.537017687847754 ], [ 74.770152914009643, 20.537039388456371 ], [ 74.768192123768031, 20.537171050394797 ], [ 74.764389627438518, 20.537200727255698 ], [ 74.761254691206375, 20.537071389006503 ], [ 74.760674896695363, 20.535881300075726 ], [ 74.760362611279064, 20.53463653744787 ], [ 74.759973723601945, 20.532897748551623 ], [ 74.759833322765459, 20.532269979566266 ], [ 74.759723362736395, 20.530973138001936 ], [ 74.759752164064437, 20.529691151113884 ], [ 74.760086978264567, 20.529342303308926 ], [ 74.760780377414477, 20.528658501637185 ], [ 74.76109601741787, 20.528313994981904 ], [ 74.761459751698581, 20.52793390575593 ], [ 74.761896858926661, 20.527437126802376 ], [ 74.762211532148513, 20.527173837272141 ], [ 74.762531708433045, 20.526842921559645 ], [ 74.763026539625187, 20.526328747077592 ], [ 74.763264462349085, 20.526064699396361 ], [ 74.76355547230078, 20.525769661376327 ], [ 74.763793472124902, 20.525501107914241 ], [ 74.764065536538993, 20.525178719162891 ], [ 74.764430981907779, 20.524663228175402 ], [ 74.764796412497503, 20.524143138105536 ], [ 74.765040275452179, 20.523775313375108 ], [ 74.765309243597287, 20.523308434133771 ], [ 74.76551936542036, 20.522953968690711 ], [ 74.765671413769539, 20.522652866644783 ], [ 74.76588868514537, 20.522099796015357 ], [ 74.766193996640496, 20.521384908183791 ], [ 74.766460135497937, 20.520741896682708 ], [ 74.766584241905136, 20.52036398929333 ], [ 74.766751560552336, 20.519972783060453 ], [ 74.766965841978177, 20.519252591303772 ], [ 74.767262162439465, 20.518487972200365 ], [ 74.767563179515349, 20.517728029978272 ], [ 74.767701064691295, 20.517404345603175 ], [ 74.767913508378797, 20.516841997783008 ], [ 74.7680560321147, 20.516531909005082 ], [ 74.768296700090872, 20.516024103481044 ], [ 74.769041907962219, 20.513277458084591 ], [ 74.769165988922893, 20.51287565461492 ], [ 74.769668787201198, 20.511247458707565 ], [ 74.770221880315347, 20.50937922702456 ], [ 74.770805116730557, 20.507813873140694 ], [ 74.770948913076793, 20.507545964336792 ], [ 74.771118488755249, 20.507230027030594 ], [ 74.771834042607267, 20.507119786007774 ], [ 74.772185693792821, 20.506969764460774 ], [ 74.772589619691317, 20.506928218061052 ], [ 74.773025608916257, 20.5068834671548 ], [ 74.77333713793179, 20.506899052475632 ], [ 74.773696430506732, 20.506917042372724 ], [ 74.774455368117501, 20.506994674366627 ], [ 74.774949864520394, 20.507150693795243 ], [ 74.775444352664792, 20.507406211381753 ], [ 74.775698098899213, 20.507537465148932 ], [ 74.776264805027751, 20.507855652627686 ], [ 74.777499587192665, 20.508489953736742 ], [ 74.778905967774236, 20.509208235932466 ], [ 74.779109489943693, 20.509002690362177 ], [ 74.77946403880614, 20.508595191210322 ], [ 74.779668024302012, 20.508415057061473 ], [ 74.780109822639588, 20.507991740985521 ], [ 74.780453899029624, 20.507535015056401 ], [ 74.780711132746418, 20.506839877925728 ], [ 74.780768330030227, 20.506391712991611 ], [ 74.780868453245859, 20.505606615582646 ], [ 74.781034440915121, 20.504351210527741 ], [ 74.781109350034399, 20.503784968615719 ], [ 74.78125946728413, 20.503083237153028 ], [ 74.781462720959425, 20.502614691859893 ], [ 74.781633774203954, 20.502357768065586 ], [ 74.782218435732204, 20.501479714807534 ], [ 74.782354106020904, 20.501245755765339 ], [ 74.782740956619165, 20.500559923748266 ], [ 74.782717839025878, 20.499858678399384 ], [ 74.78256946130098, 20.499562068997204 ], [ 74.782392421160793, 20.499208165413428 ], [ 74.782130743611418, 20.498484010681651 ], [ 74.782091757698822, 20.498022516105316 ], [ 74.782254631979129, 20.497099101339998 ], [ 74.78240282859997, 20.496596152526472 ], [ 74.782593739235352, 20.495901554689194 ], [ 74.782595898382937, 20.495523071479202 ], [ 74.782524156630586, 20.495234024081114 ], [ 74.782385465625381, 20.494782348097406 ], [ 74.782060750946584, 20.494233540006771 ], [ 74.781925776939289, 20.494005321016562 ], [ 74.781544239250422, 20.492963294683825 ], [ 74.781399492022814, 20.492455966835454 ], [ 74.781325533502326, 20.491982441924847 ], [ 74.781198179262873, 20.491142159377766 ], [ 74.781151269864907, 20.490766794074339 ], [ 74.780816459625186, 20.488944214733674 ], [ 74.780726088679344, 20.488598846422654 ], [ 74.780570151710421, 20.488307967241628 ], [ 74.780319029913159, 20.488011462477502 ], [ 74.779886496363659, 20.487698059124657 ], [ 74.777958995339787, 20.486532904164992 ], [ 74.777149369604615, 20.486017497882823 ], [ 74.776151727143017, 20.485354957231124 ], [ 74.77581726783761, 20.48510454701373 ], [ 74.775528573721417, 20.4848475293551 ], [ 74.775244512634629, 20.484486479772496 ], [ 74.77502511266367, 20.484034587212825 ], [ 74.774881773128484, 20.483505999952811 ], [ 74.774776691241613, 20.482873765862323 ], [ 74.774494814655668, 20.481278145674672 ], [ 74.774184344112612, 20.479964942051712 ], [ 74.774149444075704, 20.479648566583602 ], [ 74.774074652145387, 20.478971381060802 ], [ 74.7739244767549, 20.478493091452055 ], [ 74.773691076333549, 20.478060674925 ], [ 74.77306898909157, 20.477187842879321 ], [ 74.772763712906126, 20.476793066903866 ], [ 74.772250550595842, 20.476129721161996 ], [ 74.772087865243662, 20.475795351263912 ], [ 74.771473236891524, 20.474793403255514 ], [ 74.771206971143698, 20.474381261534347 ], [ 74.770484203811947, 20.472949240413399 ], [ 74.770729978042937, 20.472597902981178 ], [ 74.770817834173073, 20.472099486239959 ], [ 74.771850802590663, 20.471893139809566 ], [ 74.773211196768116, 20.47190971282086 ], [ 74.7741142267692, 20.469889163750608 ], [ 74.774435447607715, 20.469713873507512 ], [ 74.775099263502895, 20.469806055604693 ], [ 74.775834858868677, 20.470248697940534 ], [ 74.77638759523964, 20.470725770114154 ], [ 74.777249701734931, 20.471502942770993 ], [ 74.777867527340291, 20.47215361492929 ], [ 74.778245875752802, 20.472441859561609 ], [ 74.778670270282618, 20.472691635849646 ], [ 74.779058375284222, 20.472913056051969 ], [ 74.779868090369703, 20.473035380205133 ], [ 74.780716413755471, 20.473293299453974 ], [ 74.781094949077882, 20.473388225918139 ], [ 74.78217802943675, 20.473628200195158 ], [ 74.783102756810663, 20.473944715971438 ], [ 74.783499406254762, 20.474097246315047 ], [ 74.784396495182904, 20.474442218902333 ], [ 74.78485172040449, 20.474595941586355 ], [ 74.78576208529779, 20.475079498605428 ], [ 74.786816086633394, 20.475762030659933 ], [ 74.787563447044548, 20.476281763657813 ], [ 74.788186329574543, 20.476607226682894 ], [ 74.789259721390025, 20.476905883057192 ], [ 74.789992951244159, 20.477109404277005 ], [ 74.791210034390389, 20.477566079168117 ], [ 74.792182761058427, 20.477920925398202 ], [ 74.792662459966706, 20.477124037466222 ], [ 74.793180476612022, 20.476424274393118 ], [ 74.793957436916799, 20.475530358495419 ], [ 74.794393898654192, 20.474875689157091 ], [ 74.794456435324591, 20.474523518162105 ], [ 74.794840836844472, 20.472748684585028 ], [ 74.795425837232273, 20.472080509977566 ], [ 74.795847733121363, 20.471814279608179 ], [ 74.797247494659558, 20.47135868102179 ], [ 74.797976198251121, 20.470835086776177 ], [ 74.798527902293316, 20.469932115596816 ], [ 74.798614502599975, 20.469159862421932 ], [ 74.798360978094451, 20.468107362423474 ], [ 74.798205754859723, 20.46702309098854 ], [ 74.798141585477097, 20.46656773284457 ], [ 74.798098396404612, 20.466264650792379 ], [ 74.798197505305964, 20.465206854191589 ], [ 74.798247413972035, 20.464674495708636 ], [ 74.798310375632724, 20.464002131879074 ], [ 74.798315281757269, 20.46372496928803 ], [ 74.79832078350843, 20.463412679866472 ], [ 74.798349830025131, 20.461762040417913 ], [ 74.798455813090655, 20.460931072447266 ], [ 74.798571674824075, 20.459309772572738 ], [ 74.798817265636686, 20.457250406384045 ], [ 74.798922417577927, 20.455687949787364 ], [ 74.798952259370282, 20.455245254826551 ], [ 74.799250391443266, 20.453289765437859 ], [ 74.799820705896011, 20.451184292392455 ], [ 74.799956184191956, 20.450684133299806 ], [ 74.80063309968908, 20.448353999548051 ], [ 74.801242629960811, 20.446430241848155 ], [ 74.801693693047184, 20.445674824315919 ], [ 74.801959004745484, 20.445317612953975 ], [ 74.802379138222292, 20.444782178155744 ], [ 74.803126901937219, 20.444281138589947 ], [ 74.803867305178187, 20.443800432901938 ], [ 74.804332125482105, 20.443555115117697 ], [ 74.806278487923223, 20.442729268218272 ], [ 74.806556882432602, 20.442628999015078 ], [ 74.807287583617338, 20.44236901618871 ], [ 74.807756088305581, 20.442219714972921 ], [ 74.808302569581571, 20.44204554816379 ], [ 74.809161971106548, 20.441771672140597 ], [ 74.809726499563894, 20.441591800896187 ], [ 74.810742483851058, 20.441307621269264 ], [ 74.812055631841659, 20.440910551302384 ], [ 74.81247736550003, 20.440707491590448 ], [ 74.813684695842454, 20.440082731493149 ], [ 74.814562291415641, 20.439524818739127 ], [ 74.815219108387538, 20.438955977519484 ], [ 74.815731899887624, 20.438260679997025 ], [ 74.815924219226474, 20.437307765657149 ], [ 74.816307782072997, 20.436336824997849 ], [ 74.816610018566109, 20.435433640344154 ], [ 74.816600783621652, 20.434602641970777 ], [ 74.816270564714145, 20.433762534590745 ], [ 74.815849297028123, 20.432786955101943 ], [ 74.815840051262356, 20.431973808378807 ], [ 74.816008086075698, 20.431075170898669 ], [ 74.816338967610534, 20.430325537394342 ], [ 74.816847211482511, 20.429625669946201 ], [ 74.817173174092886, 20.429381924460856 ], [ 74.817748143202351, 20.429233027462523 ], [ 74.818730441097486, 20.429273903158677 ], [ 74.819956932835353, 20.42949548112307 ], [ 74.821106895635339, 20.429369449884572 ], [ 74.821787410343617, 20.42920708399048 ], [ 74.822463037470285, 20.428882143257709 ], [ 74.824174054951698, 20.427676649727569 ], [ 74.824897781197748, 20.426958736207197 ], [ 74.825449081902931, 20.426389791776028 ], [ 74.827006719501696, 20.425143719070729 ], [ 74.82763456131471, 20.424606400163103 ], [ 74.829244895567925, 20.423116374113714 ], [ 74.829772172796226, 20.422506746349445 ], [ 74.831353762369389, 20.421016717673162 ], [ 74.832063083567959, 20.420416233175715 ], [ 74.832743526880307, 20.419978248924657 ], [ 74.833486308432427, 20.419693864264879 ], [ 74.834602897616321, 20.41895793746783 ], [ 74.835043774810671, 20.418307674798903 ], [ 74.835432022003417, 20.417810996016261 ], [ 74.835777074196514, 20.41752647276487 ], [ 74.835992605738952, 20.41723100281791 ], [ 74.836419359716942, 20.416645969134361 ], [ 74.836697488759327, 20.415760701796824 ], [ 74.837253647273172, 20.414130477718771 ], [ 74.837594522983281, 20.412256076413758 ], [ 74.83770974177159, 20.411280626117588 ], [ 74.837820145413772, 20.410454154206494 ], [ 74.837822091183483, 20.410109962067605 ], [ 74.83782506727303, 20.409586962995252 ], [ 74.837921312709057, 20.408466866231294 ], [ 74.837772880647023, 20.407816481458418 ], [ 74.837569827245673, 20.407586437097095 ], [ 74.836829299874012, 20.407080102626086 ], [ 74.836096409558493, 20.406836067833702 ], [ 74.833926169737296, 20.406605265772757 ], [ 74.832632798837295, 20.406627607326605 ], [ 74.830505570628787, 20.40675357926353 ], [ 74.828670580239844, 20.406936942179158 ], [ 74.828024033811957, 20.406387155959742 ], [ 74.827535718542208, 20.405569594086298 ], [ 74.827133488413409, 20.404796966808103 ], [ 74.82617123216248, 20.40309415273742 ], [ 74.825208899879769, 20.401228664164506 ], [ 74.824457259856302, 20.399887093831445 ], [ 74.824016843428367, 20.39887694541628 ], [ 74.824893654397286, 20.398550251653084 ], [ 74.825832801388842, 20.398134981597195 ], [ 74.826633086895853, 20.397331223571864 ], [ 74.82772542130256, 20.396595357075867 ], [ 74.828848599881781, 20.396098345703905 ], [ 74.830600395623449, 20.39520039687358 ], [ 74.831946697139969, 20.394599984955274 ], [ 74.834390191180461, 20.393457862519426 ], [ 74.835952026529284, 20.392704043917828 ], [ 74.836737725697787, 20.392564117081964 ], [ 74.837547366470574, 20.392433295738762 ], [ 74.838491264932514, 20.391918657502188 ], [ 74.839363279705111, 20.391277410898947 ], [ 74.839981401623987, 20.390595555190032 ], [ 74.840585133225659, 20.38990464615269 ], [ 74.841375876853007, 20.38868977653495 ], [ 74.841500663382291, 20.387971743585595 ], [ 74.841817043990631, 20.387086525586213 ], [ 74.842133555735529, 20.38583098994749 ], [ 74.842598466753117, 20.384751614362564 ], [ 74.84310635369701, 20.384263853160103 ], [ 74.843848737572714, 20.383961389317026 ], [ 74.844749512510944, 20.383844072579766 ], [ 74.845999697210445, 20.383925490301721 ], [ 74.847422327681258, 20.384038792084812 ], [ 74.848385246134839, 20.383831132345293 ], [ 74.849084735877909, 20.38325307705232 ], [ 74.849375424887128, 20.382837768275728 ], [ 74.849539862276799, 20.382602834633296 ], [ 74.849829761023713, 20.382230269417544 ], [ 74.85011965770336, 20.381857614517191 ], [ 74.850670581544549, 20.38124793348328 ], [ 74.850828769344574, 20.380922716297292 ], [ 74.850915214522672, 20.380109884349245 ], [ 74.851025572642911, 20.37929686267276 ], [ 74.85084366307008, 20.378452239930972 ], [ 74.851040156209521, 20.378009657682135 ], [ 74.85127979999244, 20.377594051802468 ], [ 74.851586447239839, 20.376889647987426 ], [ 74.851912484462588, 20.375476002308979 ], [ 74.852085077084652, 20.374464190050396 ], [ 74.852157037200627, 20.373971961371179 ], [ 74.85200923905542, 20.373701182644332 ], [ 74.851414720587798, 20.373393793411804 ], [ 74.851017143236888, 20.373262780699864 ], [ 74.850447154497743, 20.373172285045843 ], [ 74.850184622946927, 20.373056956456345 ], [ 74.849925140206878, 20.372856101395538 ], [ 74.849609161957787, 20.372467617033394 ], [ 74.849039312888223, 20.371636573787011 ], [ 74.848321094688444, 20.370742082657433 ], [ 74.848153485014677, 20.370389811584637 ], [ 74.848167932631156, 20.370082736984301 ], [ 74.848309253846509, 20.36968527539748 ], [ 74.848565539436606, 20.369405221102593 ], [ 74.849140418744895, 20.369127597463265 ], [ 74.849619534818885, 20.368682716034513 ], [ 74.849921265293958, 20.368565326365704 ], [ 74.850280461246314, 20.368538426245713 ], [ 74.85087203931235, 20.368484207972411 ], [ 74.851214481717633, 20.368262873164891 ], [ 74.851372753253131, 20.367917425751106 ], [ 74.851607593298397, 20.366930584549138 ], [ 74.851784901686557, 20.36647897541442 ], [ 74.852192052635274, 20.366022682636277 ], [ 74.852704757164148, 20.365634431578467 ], [ 74.853308242188263, 20.365322908227427 ], [ 74.853903578286577, 20.364897712410659 ], [ 74.854170490469926, 20.364559727683265 ], [ 74.854367050948383, 20.364117060269631 ], [ 74.85444851000571, 20.363678985618936 ], [ 74.854414988164208, 20.363249825556746 ], [ 74.854165954051979, 20.362667234863878 ], [ 74.853653779404709, 20.361836088038434 ], [ 74.853270695958571, 20.361140496184507 ], [ 74.853131899357507, 20.360774690260619 ], [ 74.85313005922437, 20.360431433202891 ], [ 74.853429039944416, 20.360047520397181 ], [ 74.853797852442298, 20.35983978798475 ], [ 74.854238467156293, 20.359654676751422 ], [ 74.85473666730249, 20.359212008205404 ], [ 74.854913930914748, 20.358995283215201 ], [ 74.855072008840452, 20.3587197500641 ], [ 74.855148708047324, 20.358331378774878 ], [ 74.855110516566, 20.358003909435499 ], [ 74.854966752276908, 20.357432583725299 ], [ 74.854871235028483, 20.356795665726036 ], [ 74.854612704304643, 20.355612336187246 ], [ 74.854507397851009, 20.354988974383772 ], [ 74.854234438975425, 20.354528295188668 ], [ 74.853791494352691, 20.353891365205488 ], [ 74.85374841419069, 20.353527802880105 ], [ 74.853817964512388, 20.353055786626509 ], [ 74.853856191229383, 20.352549982885265 ], [ 74.853832305857964, 20.352093836680545 ], [ 74.854002342840928, 20.351689547677204 ], [ 74.853961666498549, 20.351109080019963 ], [ 74.853875487266052, 20.350815565720165 ], [ 74.853842024431444, 20.350485776363357 ], [ 74.853935375271689, 20.35018998551844 ], [ 74.854119662207381, 20.349876073285003 ], [ 74.854263379320329, 20.349532886538231 ], [ 74.854507509335505, 20.348607012662811 ], [ 74.854732725797959, 20.348033408398166 ], [ 74.8550056613023, 20.347617943334054 ], [ 74.855178096236003, 20.347152739415211 ], [ 74.855367266769392, 20.346416566737417 ], [ 74.855331398790412, 20.345942302139402 ], [ 74.85528348081813, 20.345345948196645 ], [ 74.855269071850572, 20.34504800747218 ], [ 74.855336258081508, 20.344627938901191 ], [ 74.85543675951871, 20.344307278242795 ], [ 74.85565465076337, 20.343941438748427 ], [ 74.856157455073586, 20.343594800032026 ], [ 74.856533349609407, 20.34310587569675 ], [ 74.856935643929745, 20.342654291979358 ], [ 74.857146217620155, 20.342387840570023 ], [ 74.857328214799495, 20.342035573945584 ], [ 74.8574479462971, 20.341588430362883 ], [ 74.857560439179821, 20.341148026641388 ], [ 74.857754422399978, 20.340870326303925 ], [ 74.858036967221281, 20.340405051892919 ], [ 74.858266760162834, 20.339966938863487 ], [ 74.858290595765354, 20.339507816202488 ], [ 74.858285979492521, 20.33883781987317 ], [ 74.858352972542477, 20.338051948653298 ], [ 74.858458297157441, 20.337699622665887 ], [ 74.858716835475605, 20.337257073268379 ], [ 74.858788739395635, 20.336782796388587 ], [ 74.858721770708968, 20.336444040414516 ], [ 74.858664264568191, 20.336127878177063 ], [ 74.858712131992974, 20.335752961447643 ], [ 74.858936126315371, 20.335457304826175 ], [ 74.859095230065662, 20.335224540964781 ], [ 74.860253896312429, 20.33529239532772 ], [ 74.861824483002877, 20.335342215132062 ], [ 74.863366138549637, 20.335464256084492 ], [ 74.863983735556886, 20.335396533782962 ], [ 74.864249575224022, 20.334976491846209 ], [ 74.864242457568452, 20.334633267248417 ], [ 74.864137086976001, 20.334217754944678 ], [ 74.863983823217083, 20.333327984566161 ], [ 74.864001170635532, 20.332508937488019 ], [ 74.863983775221158, 20.332153497205887 ], [ 74.863931204415977, 20.331701896715185 ], [ 74.86395511178803, 20.330929544820961 ], [ 74.86397424018007, 20.330157212193676 ], [ 74.863979012888365, 20.329208757526711 ], [ 74.86390241208872, 20.328833795992978 ], [ 74.863708410540539, 20.328174286162771 ], [ 74.863552875503231, 20.327826600848319 ], [ 74.863361274666971, 20.327469579913807 ], [ 74.863174642153325, 20.327135454591115 ], [ 74.862968640054262, 20.326593476001573 ], [ 74.86287296587048, 20.3263133565959 ], [ 74.862820279588249, 20.325834612601952 ], [ 74.862846623552628, 20.325502662695655 ], [ 74.863004619473458, 20.324962950695721 ], [ 74.863169796906007, 20.324533885345943 ], [ 74.86338284877101, 20.324188348800121 ], [ 74.863818522757512, 20.323759296943443 ], [ 74.863907090198452, 20.323373044389502 ], [ 74.86413680200765, 20.322939575232162 ], [ 74.864404951099871, 20.322582731040814 ], [ 74.864572419224586, 20.32226198325468 ], [ 74.864630015886632, 20.321887132836594 ], [ 74.864527022183239, 20.321541580699957 ], [ 74.864477885790919, 20.321147549650089 ], [ 74.864517296368305, 20.320726880507952 ], [ 74.86443848949834, 20.320270148148378 ], [ 74.864194314285768, 20.319940423890145 ], [ 74.864098507195891, 20.319673917745121 ], [ 74.86396727707924, 20.319356874344866 ], [ 74.863720343694368, 20.319231269169975 ], [ 74.863717822141439, 20.318921833971544 ], [ 74.863524039702114, 20.317036027874128 ], [ 74.86347129033912, 20.315789552919245 ], [ 74.863389909511213, 20.31442092986509 ], [ 74.863236169301288, 20.313922696359054 ], [ 74.862676546299554, 20.313905938071077 ], [ 74.862372966820303, 20.313930946580072 ], [ 74.861690278312793, 20.313987180752299 ], [ 74.860522166781649, 20.313946422775864 ], [ 74.860009925214328, 20.313869634446988 ], [ 74.85942587865145, 20.313851550194823 ], [ 74.858439656376149, 20.313855954602996 ], [ 74.85661081714106, 20.31383316595134 ], [ 74.855096842710154, 20.313761722552474 ], [ 74.854989686989853, 20.311977251182789 ], [ 74.854973514682698, 20.31112303280436 ], [ 74.854926134632663, 20.309981805758216 ], [ 74.854886651261864, 20.309066019581454 ], [ 74.854839600542121, 20.308209681421381 ], [ 74.855071205344089, 20.306421568899346 ], [ 74.85517476247604, 20.305431918296478 ], [ 74.855349303497462, 20.304784974318554 ], [ 74.855806896162747, 20.303801408350779 ], [ 74.856280795354323, 20.302857363458362 ], [ 74.85624738070517, 20.302581965509468 ], [ 74.856018148546696, 20.302072491304813 ], [ 74.855897832749037, 20.301805047955405 ], [ 74.855952540827758, 20.300580778344099 ], [ 74.855988878187347, 20.299768030448554 ], [ 74.855998525761777, 20.298760614109852 ], [ 74.855977626230526, 20.298277825085265 ], [ 74.85595855398229, 20.297528902555108 ], [ 74.856070376631266, 20.295788613574015 ], [ 74.856199662874019, 20.295481563246319 ], [ 74.856175791997444, 20.295093155003958 ], [ 74.856142303056345, 20.294406524288256 ], [ 74.856060892722837, 20.293748880881207 ], [ 74.855984220535802, 20.293485150471206 ], [ 74.855845445040572, 20.293173371658327 ], [ 74.855366286982843, 20.292400318651506 ], [ 74.854984856807206, 20.291799216502294 ], [ 74.854691861710634, 20.291407282182561 ], [ 74.854586548290655, 20.2909239773198 ], [ 74.854472395955696, 20.290574501642467 ], [ 74.85423248508539, 20.289189490920062 ], [ 74.854203098466243, 20.288719568316644 ], [ 74.854175070092168, 20.28827250966571 ], [ 74.854148882150668, 20.287348645656838 ], [ 74.85403043975046, 20.286636673757936 ], [ 74.853243545112761, 20.286463986408375 ], [ 74.852738118144259, 20.286463853058127 ], [ 74.85152659007872, 20.286316648753456 ], [ 74.851789862065687, 20.285943513902218 ], [ 74.852461395871245, 20.285471913819791 ], [ 74.854039703460629, 20.284311281661548 ], [ 74.85454387520079, 20.28392741611226 ], [ 74.855549056496855, 20.283173190165162 ], [ 74.856011052169777, 20.28268975536038 ], [ 74.85657228801756, 20.282216727990125 ], [ 74.856887659635177, 20.281955745454454 ], [ 74.857449373042655, 20.28150674352554 ], [ 74.857933804000979, 20.281202917426057 ], [ 74.858248762308946, 20.281005395329554 ], [ 74.859263444298108, 20.280052302243302 ], [ 74.859774955537603, 20.27957425153237 ], [ 74.860724576163676, 20.278681641718197 ], [ 74.861159043024955, 20.278354191283146 ], [ 74.862222056980357, 20.277491430430214 ], [ 74.862594893536937, 20.277193499027199 ], [ 74.863076865143995, 20.276856732017407 ], [ 74.86360538512244, 20.276493652679683 ], [ 74.864181952709089, 20.276217761273248 ], [ 74.865519367771682, 20.276118599783285 ], [ 74.866246973523616, 20.276118604540923 ], [ 74.866851229747013, 20.276061928504252 ], [ 74.867349035707278, 20.276017253563769 ], [ 74.868094924546298, 20.275993130626947 ], [ 74.869157132114708, 20.27589291013194 ], [ 74.870807349612463, 20.275669959056152 ], [ 74.871353753143822, 20.27559554169941 ], [ 74.871760838617348, 20.275536209200173 ], [ 74.872866463167483, 20.275332977495253 ], [ 74.873541427601822, 20.275229021184604 ], [ 74.874919925468618, 20.275003225213279 ], [ 74.875738337542458, 20.274971618783241 ], [ 74.876710279678136, 20.275041735164329 ], [ 74.877876978123723, 20.275145696821344 ], [ 74.878324953979757, 20.274870149378909 ], [ 74.878983496010392, 20.274357238069904 ], [ 74.879725135562026, 20.273919320653587 ], [ 74.880207475539194, 20.273887731543244 ], [ 74.88055331420199, 20.273891958554941 ], [ 74.881921955220463, 20.273685953874899 ], [ 74.882582706692858, 20.273656952857294 ], [ 74.883908423352707, 20.273471767037112 ], [ 74.883940682379531, 20.27283635844401 ], [ 74.884018376131365, 20.271299209289499 ], [ 74.88433030825091, 20.270967120008585 ], [ 74.884649881810603, 20.2699666429018 ], [ 74.885181519683456, 20.270010299024911 ], [ 74.885473276861717, 20.270079449137487 ], [ 74.887607948418719, 20.270603261924933 ], [ 74.888752226594619, 20.270952197414992 ], [ 74.889814505925543, 20.271276145890361 ], [ 74.890180821965586, 20.27138150798611 ], [ 74.890709712697458, 20.271533559027755 ], [ 74.89201633516501, 20.271872201766925 ], [ 74.893988257945466, 20.272192657105165 ], [ 74.895567845032758, 20.272382189630157 ], [ 74.897458424730132, 20.272345915118184 ], [ 74.898257760893841, 20.272386391889544 ], [ 74.899195574598807, 20.272392869323536 ], [ 74.899627510190385, 20.272403905245184 ], [ 74.900095776255142, 20.272467418890024 ], [ 74.900892478545742, 20.272482585320361 ], [ 74.901517334989563, 20.272494363633658 ], [ 74.903608934690141, 20.272476006201543 ], [ 74.90548518328373, 20.272480260208326 ], [ 74.906386704395487, 20.272538258569412 ], [ 74.906954553663553, 20.272574836663964 ], [ 74.90862664699516, 20.272880956815776 ], [ 74.90941962432035, 20.273053216447359 ], [ 74.910499651917519, 20.273346372538018 ], [ 74.910867792688805, 20.273625652452893 ], [ 74.911304611503226, 20.274145374288526 ], [ 74.911733554165579, 20.27502530857009 ], [ 74.91211235789801, 20.275888572658889 ], [ 74.912365965295237, 20.276029915272765 ], [ 74.912651393942227, 20.276177691332563 ], [ 74.912905110691568, 20.276309151504972 ], [ 74.913656623590526, 20.27645352515319 ], [ 74.914284453828458, 20.276372803221108 ], [ 74.91495852380676, 20.276286204730106 ], [ 74.915413199547757, 20.276220920302254 ], [ 74.915872674146684, 20.276154973747509 ], [ 74.917083613058736, 20.275928876131907 ], [ 74.917534692601578, 20.275734032108733 ], [ 74.917948812338594, 20.275467545925448 ], [ 74.918284812640522, 20.275350469222452 ], [ 74.918916524060293, 20.275142538088872 ], [ 74.919835493397841, 20.274884864879898 ], [ 74.92048879525953, 20.274787781353822 ], [ 74.920840480717459, 20.274613552596929 ], [ 74.921204089247894, 20.274261214470993 ], [ 74.921630121421913, 20.273619743878157 ], [ 74.921802120563882, 20.273348599821219 ], [ 74.922357053598063, 20.272427113393721 ], [ 74.922853932817603, 20.271535544786662 ], [ 74.923131969149736, 20.271397013958037 ], [ 74.92504641815313, 20.271107481522968 ], [ 74.926884047797245, 20.27079976754607 ], [ 74.928712497835633, 20.270492178447267 ], [ 74.929626577327397, 20.270338325165863 ], [ 74.930006587939644, 20.270284721154781 ], [ 74.930397081121271, 20.270229725388305 ], [ 74.932109973840255, 20.270201235185745 ], [ 74.932800301309769, 20.270189771270331 ], [ 74.933723558939349, 20.270174412805218 ], [ 74.93482801094811, 20.27024208995233 ], [ 74.934883595653517, 20.269595155962993 ], [ 74.93477564141709, 20.268100890330825 ], [ 74.934363541802227, 20.266989894002325 ], [ 74.934109850917778, 20.265735164762397 ], [ 74.933859384268274, 20.263340396810349 ], [ 74.933628852699457, 20.261475030401083 ], [ 74.933546808757029, 20.259830861609526 ], [ 74.933351497573128, 20.257636118819867 ], [ 74.933268042363721, 20.256998848773499 ], [ 74.932956209926459, 20.255318662093387 ], [ 74.932989044000152, 20.253606770785513 ], [ 74.932885104497842, 20.252605562752446 ], [ 74.932751522972481, 20.251355903126004 ], [ 74.930515623162066, 20.24991969177055 ], [ 74.930253542361157, 20.249779245533738 ], [ 74.927113881691682, 20.248723240610353 ], [ 74.925274254283167, 20.248240497562332 ], [ 74.924089116359909, 20.247929380151415 ], [ 74.921399514336727, 20.247415283649506 ], [ 74.918590275906951, 20.247244413832775 ], [ 74.91725586982443, 20.247376939871206 ], [ 74.916551696914993, 20.247163489710179 ], [ 74.914402793593482, 20.246509186701491 ], [ 74.913366074788073, 20.246015946642732 ], [ 74.91241382918345, 20.245792382091899 ], [ 74.911536169211715, 20.245737476497222 ], [ 74.91075150223547, 20.246767389201057 ], [ 74.907368199263914, 20.246596413140502 ], [ 74.905855634834253, 20.246373968051969 ], [ 74.905496828138368, 20.246321246066273 ], [ 74.905615292050229, 20.245731494702213 ], [ 74.905609782239736, 20.244618639938007 ], [ 74.905899584879876, 20.243229122816704 ], [ 74.906121309740684, 20.242166004708 ], [ 74.906451085587463, 20.24013795786832 ], [ 74.906818054434382, 20.238561110742598 ], [ 74.906991202320867, 20.237696937749249 ], [ 74.907211307867456, 20.236103454928276 ], [ 74.907217371131381, 20.23374007667751 ], [ 74.907243401591117, 20.231413801966028 ], [ 74.907296044135762, 20.230183158073039 ], [ 74.907443740725142, 20.226958296779568 ], [ 74.907601089339138, 20.224437959576743 ], [ 74.907691603734065, 20.222500308383157 ], [ 74.907810803936684, 20.220585158158741 ], [ 74.907927338164853, 20.219489028870697 ], [ 74.908450250774195, 20.21944491202866 ], [ 74.913255659791872, 20.219039415130915 ], [ 74.916576227175824, 20.218550821122118 ], [ 74.921040239316198, 20.217696016641291 ], [ 74.925193401683558, 20.217631707405957 ], [ 74.926256800406378, 20.217581693544862 ], [ 74.92815643914291, 20.217492325387596 ], [ 74.928336187924202, 20.215200774944819 ], [ 74.928330516670925, 20.212477251243975 ], [ 74.928477946476519, 20.210078889851495 ], [ 74.928658939021631, 20.207712040812648 ], [ 74.928806217361441, 20.204532320819826 ], [ 74.928924796682168, 20.201682267748815 ], [ 74.928890498730468, 20.199198075525196 ], [ 74.929038067061683, 20.197273938097045 ], [ 74.92894473677687, 20.195695857365767 ], [ 74.928799162964239, 20.194778485792245 ], [ 74.928611058716669, 20.1935930645183 ], [ 74.928342529056238, 20.191953522536355 ], [ 74.928153191988997, 20.19072505859889 ], [ 74.927978200809264, 20.189645611966498 ], [ 74.927920143973111, 20.187848007172281 ], [ 74.927704348218413, 20.186249172389491 ], [ 74.92747256953497, 20.184864659776746 ], [ 74.927167544945362, 20.183042566781992 ], [ 74.926995475408432, 20.181776147063424 ], [ 74.923417751217315, 20.181554357347746 ], [ 74.923434575397863, 20.181193265219665 ], [ 74.923454639100754, 20.180762677814428 ], [ 74.922636149168994, 20.179335605337627 ], [ 74.922396859734732, 20.178992455420339 ], [ 74.922480947003294, 20.177638447398419 ], [ 74.922515706354602, 20.176454020677259 ], [ 74.921919072139247, 20.175193541286642 ], [ 74.921872931553537, 20.174543848672908 ], [ 74.921821274455354, 20.17381649268701 ], [ 74.922189842496351, 20.173797011413644 ], [ 74.923175548555221, 20.173744902785984 ], [ 74.923452343810368, 20.173730268412434 ], [ 74.924298704592658, 20.172501489798208 ], [ 74.924917229229379, 20.171290189029975 ], [ 74.924927117000422, 20.170776265318143 ], [ 74.924838305868846, 20.169547440807538 ], [ 74.924570230198896, 20.169005471137147 ], [ 74.924561304325536, 20.168645555826846 ], [ 74.924552323142564, 20.1682834413695 ], [ 74.924536286332383, 20.16763691290922 ], [ 74.924643388655113, 20.166182558370345 ], [ 74.924775045802562, 20.165286358748791 ], [ 74.924898858755981, 20.164443562018036 ], [ 74.926046185386426, 20.162672635761538 ], [ 74.926429694629874, 20.162296425002715 ], [ 74.927364077885613, 20.161467183954173 ], [ 74.92861049454838, 20.160503117377989 ], [ 74.928795130656709, 20.158611413694985 ], [ 74.927471576139268, 20.154558488093709 ], [ 74.926400346683224, 20.154573335498114 ], [ 74.925833136550821, 20.154642354488985 ], [ 74.920849483445139, 20.155248700230015 ], [ 74.919673215403677, 20.156102705189479 ], [ 74.916143325203379, 20.15596349889368 ], [ 74.914737086205221, 20.155855401935195 ], [ 74.913984508821216, 20.1554866418569 ], [ 74.912773167395059, 20.155132284459384 ], [ 74.91202019191266, 20.154912006995303 ], [ 74.910494372916077, 20.154943268589918 ], [ 74.909121763009111, 20.154971376427401 ], [ 74.906708101557214, 20.155110469028717 ], [ 74.906933415736916, 20.158010304291683 ], [ 74.906881430392431, 20.160382815443949 ], [ 74.906843411958391, 20.162115807035143 ], [ 74.90672455549246, 20.165453589920055 ], [ 74.906611825128763, 20.167661507860739 ], [ 74.906251490573155, 20.167614541963339 ], [ 74.905246994192595, 20.167581052796152 ], [ 74.90316633460742, 20.167892981601717 ], [ 74.901430298264387, 20.168290778092292 ], [ 74.898718340145066, 20.169117701227556 ], [ 74.898444562195081, 20.169248827908913 ], [ 74.897880076400753, 20.170027171835041 ], [ 74.897140253995872, 20.171588432107782 ], [ 74.896598015537379, 20.173007130798215 ], [ 74.896475597183297, 20.173327419282487 ], [ 74.896026256622292, 20.175237868707999 ], [ 74.896055113490732, 20.176552176652685 ], [ 74.896418839432314, 20.177834894718004 ], [ 74.897036137822795, 20.178918729044078 ], [ 74.895811657553011, 20.180400296775169 ], [ 74.893429504335685, 20.180518001159953 ], [ 74.887364072743424, 20.180710505898439 ], [ 74.88429791583674, 20.181110420250302 ], [ 74.882388721747958, 20.181442090875809 ], [ 74.881605722519581, 20.181486527850691 ], [ 74.881317427089797, 20.181375317456741 ], [ 74.87910559612645, 20.180873293765501 ], [ 74.878210442313474, 20.180670109020085 ], [ 74.87473758651268, 20.180466845502306 ], [ 74.872905333603867, 20.180529720062619 ], [ 74.871020645042449, 20.180401091791154 ], [ 74.869956240383033, 20.180326408320443 ], [ 74.869544927540872, 20.180261744687908 ], [ 74.868341825303901, 20.180157093264238 ], [ 74.86719608925516, 20.180044084858231 ], [ 74.866043226175861, 20.180035044602821 ], [ 74.86493583358714, 20.179976230159941 ], [ 74.864112997828286, 20.179978442691556 ], [ 74.862797515753385, 20.179921874372468 ], [ 74.862004165470069, 20.179917894090355 ], [ 74.860345939596741, 20.179838163194606 ], [ 74.858778771790455, 20.179904932793505 ], [ 74.857805778607386, 20.179925952286744 ], [ 74.856803360313378, 20.179827104899939 ], [ 74.856315733393885, 20.179779015824678 ], [ 74.855757202720156, 20.179750596038311 ], [ 74.855191497433026, 20.179791035874338 ], [ 74.854653071220568, 20.180466346196397 ], [ 74.854654542232879, 20.180915064940681 ], [ 74.854801595254216, 20.181455297989249 ], [ 74.854810111899852, 20.182238555695172 ], [ 74.854857594167598, 20.182606472490896 ], [ 74.854860016947214, 20.182964371785026 ], [ 74.854864653379181, 20.183514319405781 ], [ 74.854869427208655, 20.183995281232356 ], [ 74.854883716548585, 20.184469491593731 ], [ 74.854931457284849, 20.184950375008206 ], [ 74.854974430330003, 20.185217046973033 ], [ 74.855000744250816, 20.185612198398935 ], [ 74.855048589447279, 20.18589899796692 ], [ 74.855077268224733, 20.186366437022667 ], [ 74.855062865485706, 20.186829355809234 ], [ 74.85508897873892, 20.187355576971292 ], [ 74.855103336791842, 20.187822981756373 ], [ 74.855110439324747, 20.188389850988255 ], [ 74.855158235364243, 20.188730829612922 ], [ 74.855081605046635, 20.189485124037379 ], [ 74.855048196750886, 20.189880241802097 ], [ 74.855033602659233, 20.190322916544606 ], [ 74.8550192272793, 20.190727154523895 ], [ 74.855011972249315, 20.191395629245903 ], [ 74.855026387370017, 20.191743277110387 ], [ 74.854999966436964, 20.192003049240853 ], [ 74.855031059723288, 20.192552949530501 ], [ 74.855006954716913, 20.193068932269021 ], [ 74.855009305398639, 20.193476552875193 ], [ 74.855011610715053, 20.194049006165425 ], [ 74.854988915001229, 20.194586471472117 ], [ 74.854930272305097, 20.194927413539272 ], [ 74.854882343673395, 20.195214226609547 ], [ 74.854860752644271, 20.19550783239044 ], [ 74.85478424192091, 20.195785562426305 ], [ 74.854772206221909, 20.19612429785424 ], [ 74.854736287519756, 20.196480970700303 ], [ 74.854717127199166, 20.19684015521052 ], [ 74.854688314691671, 20.197196984198985 ], [ 74.854657226071012, 20.197763735593654 ], [ 74.854633211742723, 20.198389327126701 ], [ 74.854585262196508, 20.198845390610071 ], [ 74.854523067711312, 20.199364892066765 ], [ 74.854482243397669, 20.199845764353174 ], [ 74.854412829477226, 20.200385623658708 ], [ 74.854376967515265, 20.200667793503801 ], [ 74.854354114320856, 20.201006523604388 ], [ 74.854336145840634, 20.201677306218489 ], [ 74.854328988739638, 20.2020611906106 ], [ 74.854315723479345, 20.202463121572499 ], [ 74.854280945061731, 20.20330768236445 ], [ 74.85423307675434, 20.203565157701728 ], [ 74.854254571574259, 20.203994184760401 ], [ 74.854232896463756, 20.204378030135292 ], [ 74.854211291283221, 20.204976568895741 ], [ 74.854184945665608, 20.205724012533434 ], [ 74.854116666895152, 20.206463523533515 ], [ 74.853695580607337, 20.206628417612148 ], [ 74.853275746781051, 20.206613659133723 ], [ 74.852828476313562, 20.20663171227784 ], [ 74.852496303936746, 20.206649340505489 ], [ 74.851881809992818, 20.207451625740763 ], [ 74.851842733952267, 20.207918622577793 ], [ 74.851794791699575, 20.208271022010276 ], [ 74.851746868742751, 20.208869487455672 ], [ 74.851698935000599, 20.209266869258652 ], [ 74.851618731700299, 20.210078686199505 ], [ 74.851593543745963, 20.210398250033357 ], [ 74.851545645312711, 20.21078211363324 ], [ 74.851477406975945, 20.211457283497161 ], [ 74.851421038843966, 20.212107661250393 ], [ 74.851369102862904, 20.212560953064465 ], [ 74.851944846400883, 20.212778472776851 ], [ 74.85187063508188, 20.213469488636168 ], [ 74.851841934146691, 20.213853373011943 ], [ 74.851793993078999, 20.21414018881973 ], [ 74.851786660089303, 20.214530879119135 ], [ 74.851761821554689, 20.214844706465456 ], [ 74.851712475291606, 20.215382232203506 ], [ 74.851690847847934, 20.215668944632913 ], [ 74.851676564536859, 20.215942202830746 ], [ 74.851632139682792, 20.21630806730834 ], [ 74.851607025123741, 20.216721325348253 ], [ 74.85156619481441, 20.217315255650636 ], [ 74.851518412243266, 20.217726258255151 ], [ 74.851491932243476, 20.218017496124293 ], [ 74.85147347848816, 20.218559834410403 ], [ 74.852284016361537, 20.219170982673646 ], [ 74.852498932007833, 20.219373359907284 ], [ 74.852400822361645, 20.220036422027917 ], [ 74.852240321379767, 20.220783892907658 ], [ 74.852192447701938, 20.221129400583205 ], [ 74.852085926567, 20.22177639970743 ], [ 74.852027272380454, 20.222274373196012 ], [ 74.851917295289212, 20.222844435757146 ], [ 74.853092770612548, 20.223759753117935 ], [ 74.853324300712444, 20.224006557594805 ], [ 74.853426400712593, 20.224559866509583 ], [ 74.853455046002253, 20.225106339678515 ], [ 74.853495661702084, 20.225451866914227 ], [ 74.85353146063548, 20.226118081906204 ], [ 74.853550564779226, 20.226513276276719 ], [ 74.853579224860965, 20.227041721539589 ], [ 74.853634198299233, 20.227547527852934 ], [ 74.853667637684296, 20.228010460656773 ], [ 74.853703499662075, 20.228294927561848 ], [ 74.853757261573307, 20.228803130308155 ], [ 74.853799046207953, 20.229279598551489 ], [ 74.853853978681229, 20.229853245014766 ], [ 74.85386112811112, 20.230266470987942 ], [ 74.853428060541347, 20.230745189898318 ], [ 74.853095429854463, 20.231049973085625 ], [ 74.852813039405135, 20.231257693477851 ], [ 74.852222125615086, 20.231779303707025 ], [ 74.851260126411816, 20.232684762108853 ], [ 74.850969342633562, 20.232922914708904 ], [ 74.850061422392983, 20.233133881327763 ], [ 74.849682292810911, 20.233224706209199 ], [ 74.84883638400737, 20.233427357174904 ], [ 74.847845786059466, 20.233666549103301 ], [ 74.847104084328819, 20.233858399104232 ], [ 74.846565724189531, 20.2339712611046 ], [ 74.846149432248538, 20.234072788011861 ], [ 74.84550104469497, 20.234097492017487 ], [ 74.844962648853922, 20.23413574223261 ], [ 74.844450606221969, 20.234205717011562 ], [ 74.843347651798723, 20.234250673697982 ], [ 74.842055637020394, 20.234365620781968 ], [ 74.840888048703675, 20.234451192364968 ], [ 74.839852057833426, 20.234566142750122 ], [ 74.839273114259328, 20.234604442115828 ], [ 74.838944382793642, 20.234624849140829 ], [ 74.837859052633377, 20.234692225924395 ], [ 74.836243954055035, 20.234831916156587 ], [ 74.835021513770599, 20.234946817075645 ], [ 74.8345788014378, 20.234957988874179 ], [ 74.83358099527392, 20.235048090613642 ], [ 74.832801032156524, 20.235097620061318 ], [ 74.832085707346238, 20.235174220128524 ], [ 74.8311046030895, 20.235250810639869 ], [ 74.83026966923353, 20.23527533451626 ], [ 74.829976014217493, 20.235309419101597 ], [ 74.829531514882945, 20.236209941906115 ], [ 74.829460519432473, 20.236914604925083 ], [ 74.829474704958173, 20.237705099973791 ], [ 74.829446752923729, 20.238977542084971 ], [ 74.829392578556948, 20.240044583450928 ], [ 74.829418756040141, 20.240514177859922 ], [ 74.829351500741865, 20.241428893073646 ], [ 74.829291163553464, 20.243152946274094 ], [ 74.82937711331482, 20.243754823902819 ], [ 74.829309984733584, 20.244378032003929 ], [ 74.82924287841584, 20.244709997065797 ], [ 74.829094318811627, 20.245116416093584 ], [ 74.828945949333118, 20.24543259478822 ], [ 74.828445578035996, 20.24640120739214 ], [ 74.828152068725046, 20.246561431421856 ], [ 74.82776235658767, 20.246753309499834 ], [ 74.827304614059045, 20.24665988369923 ], [ 74.826232589740144, 20.246467736560923 ], [ 74.825938468187715, 20.246334362865898 ], [ 74.824995329986436, 20.246613964489519 ], [ 74.824696546013982, 20.246917313079418 ], [ 74.824183900842741, 20.246899082759871 ], [ 74.823899238733659, 20.246977949264096 ], [ 74.823528265104116, 20.247070548505665 ], [ 74.823084375422653, 20.247113305142513 ], [ 74.822634277090287, 20.247036966962135 ], [ 74.82130896439763, 20.246745987871076 ], [ 74.820830501375013, 20.246922567563342 ], [ 74.820597126248643, 20.247155544515952 ], [ 74.82039124160822, 20.247496399560447 ], [ 74.820108156090399, 20.247859871808341 ], [ 74.819823859127581, 20.248295651569773 ], [ 74.819565321656242, 20.248668118296205 ], [ 74.819312797480677, 20.248871296804658 ], [ 74.819028721454202, 20.248940712701081 ], [ 74.818706468763523, 20.249352494941999 ], [ 74.818657422914072, 20.249843286457391 ], [ 74.81843896557838, 20.25014014534678 ], [ 74.817916133819452, 20.25012976587459 ], [ 74.817411202876158, 20.250159056005792 ], [ 74.816858561185043, 20.250164469845497 ], [ 74.816518728663311, 20.250153035537181 ], [ 74.816051018127922, 20.250096451619299 ], [ 74.815687258054155, 20.250156167272479 ], [ 74.815403702974976, 20.250188814254408 ], [ 74.81500484441716, 20.249912873618491 ], [ 74.813908778024341, 20.249221628700052 ], [ 74.813537696809419, 20.249059092563908 ], [ 74.813217161004005, 20.248787987027328 ], [ 74.812964261947656, 20.2485098066422 ], [ 74.812513256739862, 20.247476886390835 ], [ 74.812186448769239, 20.247360431200963 ], [ 74.811851490050785, 20.247276758565018 ], [ 74.811436790676638, 20.247229133158754 ], [ 74.81116715511908, 20.247382626364743 ], [ 74.810820151958254, 20.247352393553239 ], [ 74.810438532921111, 20.246834431927578 ], [ 74.809480630197939, 20.246198556131276 ], [ 74.809150193007312, 20.246059917133078 ], [ 74.808161420692002, 20.246099008508587 ], [ 74.807883546539998, 20.246325701528409 ], [ 74.807609407213377, 20.246466796888996 ], [ 74.80722310778728, 20.24644742473399 ], [ 74.806736230151543, 20.246281801350065 ], [ 74.806732774399194, 20.24591994943486 ], [ 74.806951858508, 20.245556392410716 ], [ 74.80708466615522, 20.245313350190656 ], [ 74.806958391694124, 20.245048379110234 ], [ 74.807303130933988, 20.24473462217701 ], [ 74.806280076890374, 20.24393182225047 ], [ 74.805922557444973, 20.243795746560536 ], [ 74.805777956801037, 20.243555171819075 ], [ 74.805821768533775, 20.243070835401451 ], [ 74.805703279540367, 20.242599877577554 ], [ 74.805445618901857, 20.241723401039852 ], [ 74.805192553931121, 20.241568820843156 ], [ 74.805139018803018, 20.241274024949099 ], [ 74.80469916082896, 20.240668649353548 ], [ 74.804107758957116, 20.239969807406517 ], [ 74.803579605501852, 20.23976273314365 ], [ 74.803217096212919, 20.239479845395223 ], [ 74.802565675602253, 20.238474380653887 ], [ 74.801982698417945, 20.238273777763059 ], [ 74.801417270566944, 20.238188946234107 ], [ 74.800968685266525, 20.23817409957546 ], [ 74.800650563143208, 20.238174053542 ], [ 74.800313130814658, 20.238169290069091 ], [ 74.799981757599227, 20.238157880112173 ], [ 74.799652753145637, 20.238225480612691 ], [ 74.79936751152826, 20.238283816294281 ], [ 74.798989886038228, 20.238341514355636 ], [ 74.798566423334577, 20.238441789663565 ], [ 74.798272106483722, 20.238495924071259 ], [ 74.797963580216049, 20.238579366153559 ], [ 74.797646354543033, 20.238631090861649 ], [ 74.79735445638994, 20.238620869269912 ], [ 74.797038762549178, 20.238388119307359 ], [ 74.796898774427291, 20.238032356523043 ], [ 74.79668014807244, 20.237765589622015 ], [ 74.796272246458386, 20.237031713194519 ], [ 74.795763893642217, 20.237132748106024 ], [ 74.795327288841165, 20.237482909167237 ], [ 74.795240971766361, 20.237758260767965 ], [ 74.794984927873301, 20.237902767533299 ], [ 74.794558909468776, 20.238047145072436 ], [ 74.794036159462294, 20.238094360580124 ], [ 74.793652149917023, 20.238030873852701 ], [ 74.793362789937945, 20.237886195701869 ], [ 74.792826914977482, 20.237538171868284 ], [ 74.792493287665849, 20.237399149954051 ], [ 74.792305696254061, 20.237185474061313 ], [ 74.792086508822905, 20.237003589633233 ], [ 74.79178817586174, 20.236761889625981 ], [ 74.791434721238844, 20.236462726340825 ], [ 74.791161673566677, 20.236238133769824 ], [ 74.790929403532175, 20.236054890424715 ], [ 74.79070319341352, 20.235891864125637 ], [ 74.790377218745775, 20.235615884274996 ], [ 74.7900574584704, 20.235324913989015 ], [ 74.789807886719046, 20.2350891175948 ], [ 74.789558314915439, 20.234853319886863 ], [ 74.789286258994778, 20.234602844381055 ], [ 74.788955449809123, 20.234393604747439 ], [ 74.788653651007294, 20.234225779274098 ], [ 74.788311626161715, 20.234045939948839 ], [ 74.787938430733689, 20.23395885006839 ], [ 74.787596753206273, 20.233947427633407 ], [ 74.787116440212642, 20.233942467345674 ], [ 74.786737413182919, 20.23391925404291 ], [ 74.786446242692136, 20.233929383294747 ], [ 74.786113879271994, 20.233953549731133 ], [ 74.785732990105458, 20.233992963135314 ], [ 74.78544534546819, 20.234018569422087 ], [ 74.785118461528185, 20.234043885524621 ], [ 74.784784953331595, 20.234061591842686 ], [ 74.784491892973122, 20.234075657376241 ], [ 74.784127008208785, 20.234120651518506 ], [ 74.783801008459292, 20.23411800608611 ], [ 74.783673073662243, 20.23376552616055 ], [ 74.783507277995085, 20.233390471211219 ], [ 74.783470525128791, 20.232937107188626 ], [ 74.783437111955379, 20.23252495626701 ], [ 74.783420451126005, 20.232238620578528 ], [ 74.78342060935536, 20.231957714389328 ], [ 74.783420791964744, 20.231636676144671 ], [ 74.783418343607067, 20.231315453110099 ], [ 74.783389558715186, 20.231032504057136 ], [ 74.783352882162816, 20.230748997672372 ], [ 74.783310964317081, 20.230424991183348 ], [ 74.783269534554663, 20.230059746656821 ], [ 74.783259597177818, 20.229690465768378 ], [ 74.783255387142034, 20.229320447900225 ], [ 74.783251644394966, 20.228991542511384 ], [ 74.783244008104774, 20.2286621690168 ], [ 74.783214481468193, 20.22828910369293 ], [ 74.783258086352049, 20.227946116698689 ], [ 74.783342904271393, 20.227518351639773 ], [ 74.783516143137348, 20.227298412734577 ], [ 74.783871800351889, 20.22735319680865 ], [ 74.784207935521593, 20.227424816813411 ], [ 74.784537823589815, 20.227441753044314 ], [ 74.784934602309988, 20.227413045332366 ], [ 74.785285467960648, 20.227457629012804 ], [ 74.785723435737054, 20.227515100548494 ], [ 74.78620035431139, 20.227592100590073 ], [ 74.786546310378952, 20.227650637330658 ], [ 74.786892052927286, 20.227709108768998 ], [ 74.787322923092674, 20.227781795466278 ], [ 74.787667447142027, 20.227839892282617 ], [ 74.787968905603236, 20.227890725416017 ], [ 74.788355384795821, 20.227959796015373 ], [ 74.788820033798444, 20.22806999926371 ], [ 74.789241431333181, 20.228173561251442 ], [ 74.789574127935282, 20.228265765720849 ], [ 74.789899454179661, 20.228373563545873 ], [ 74.790224779906183, 20.22848136247692 ], [ 74.790548312462562, 20.228596857321957 ], [ 74.790868856809695, 20.228725177970492 ], [ 74.791269537122332, 20.228885578261952 ], [ 74.791711006749935, 20.229057406927161 ], [ 74.792076303372767, 20.229171807297178 ], [ 74.79244232110986, 20.229281597546382 ], [ 74.792890767698935, 20.229419386643613 ], [ 74.793302366442134, 20.229557572831542 ], [ 74.793632082703652, 20.229669563142917 ], [ 74.793956041542813, 20.229791709750469 ], [ 74.794294352804911, 20.229975244604518 ], [ 74.794630745915143, 20.230162166867451 ], [ 74.794929761316993, 20.230328318718037 ], [ 74.795227870779783, 20.23048959976532 ], [ 74.795487395505717, 20.230623616512535 ], [ 74.795746919781493, 20.230757632792724 ], [ 74.796043519758953, 20.230910793074262 ], [ 74.796378023186563, 20.231080854803469 ], [ 74.796828724216624, 20.231294874476141 ], [ 74.797204999762485, 20.23147135383384 ], [ 74.79758405754103, 20.231657226548858 ], [ 74.797926880009015, 20.231830149628763 ], [ 74.798306847318102, 20.232022616531925 ], [ 74.798717345172975, 20.232236944490776 ], [ 74.799088806910078, 20.232432389540321 ], [ 74.799500981738461, 20.232615325600822 ], [ 74.799588554921698, 20.232299484176195 ], [ 74.799568257234824, 20.23189295472055 ], [ 74.799507545680726, 20.23149725407421 ], [ 74.799344460838938, 20.231170183482664 ], [ 74.799193509122233, 20.23088105694832 ], [ 74.799061425061225, 20.230628071685448 ], [ 74.798934049392088, 20.230372404354899 ], [ 74.798808557221591, 20.23011566288455 ], [ 74.798665135817558, 20.229822244193862 ], [ 74.798485859798973, 20.22945546845413 ], [ 74.798342439854849, 20.229162048730746 ], [ 74.798216950933437, 20.228907598543312 ], [ 74.798073541468455, 20.228620291679096 ], [ 74.797929849029529, 20.228331739468722 ], [ 74.797764299456276, 20.227989851894133 ], [ 74.797579416399017, 20.227605830952278 ], [ 74.797431510822733, 20.227298611569235 ], [ 74.797283436906696, 20.226993868085366 ], [ 74.797115947301037, 20.226664332744349 ], [ 74.796985545690077, 20.226409951696148 ], [ 74.796855144541993, 20.226155571518174 ], [ 74.796706114095116, 20.22586484924344 ], [ 74.796516597568541, 20.225537184464077 ], [ 74.796338426015154, 20.225245659037835 ], [ 74.796182524762415, 20.224990573088878 ], [ 74.796004351825943, 20.224699045486179 ], [ 74.795800854766597, 20.224374349342025 ], [ 74.795536535143398, 20.223994215060788 ], [ 74.795342082539179, 20.223720132998622 ], [ 74.795155252962459, 20.223445393105592 ], [ 74.79495936329451, 20.223135078872723 ], [ 74.794763474540702, 20.222824764480404 ], [ 74.794589351358567, 20.222548928389898 ], [ 74.794436993441309, 20.222307571567047 ], [ 74.794260565120723, 20.222020954729597 ], [ 74.79406121805745, 20.221694467100281 ], [ 74.793884020944944, 20.221404255824662 ], [ 74.793728972627889, 20.221150318159793 ], [ 74.793546674648013, 20.220868162423635 ], [ 74.793288999500717, 20.220491272277812 ], [ 74.793054749903391, 20.220148645171367 ], [ 74.792825330634955, 20.21980523520957 ], [ 74.792578279761571, 20.219426626788497 ], [ 74.792376147868495, 20.219116852874318 ], [ 74.792172985083695, 20.218807845818123 ], [ 74.791898117953011, 20.218449858723101 ], [ 74.791685477643156, 20.218198948977179 ], [ 74.791446255946852, 20.217916675031805 ], [ 74.791193352070138, 20.217623119117047 ], [ 74.790894214945794, 20.21729406863809 ], [ 74.790610755740346, 20.216943783328848 ], [ 74.79054584566228, 20.21649140727715 ], [ 74.790534116819785, 20.216097008090237 ], [ 74.790522547906022, 20.215781487403845 ], [ 74.790502228631453, 20.215465957465014 ], [ 74.790475917635746, 20.215071543458336 ], [ 74.790428943646475, 20.214593888093187 ], [ 74.790357973499312, 20.214186836898694 ], [ 74.790299965234468, 20.213860846868648 ], [ 74.790265438911433, 20.213574019028044 ], [ 74.790243085580101, 20.21328600013463 ], [ 74.79022073238167, 20.212997980403557 ], [ 74.790188800495301, 20.212586524480432 ], [ 74.790138468136234, 20.212104180207106 ], [ 74.790091521318516, 20.211706976148033 ], [ 74.790049270208058, 20.211349492462936 ], [ 74.789881162681297, 20.210957488744086 ], [ 74.789599126597977, 20.210692487095777 ], [ 74.78926437806652, 20.210443256552246 ], [ 74.788886522868907, 20.21026636204801 ], [ 74.788577568565586, 20.210115282329319 ], [ 74.78822305491498, 20.209940174744741 ], [ 74.787890987729568, 20.209806885901472 ], [ 74.787563547393844, 20.209644827172188 ], [ 74.787219979353651, 20.20938166435343 ], [ 74.786841301772, 20.209024724971375 ], [ 74.786585539230288, 20.208751352600611 ], [ 74.786329777667959, 20.20847798170492 ], [ 74.786074016183861, 20.208204610413041 ], [ 74.785848032388628, 20.207962088740228 ], [ 74.78562431296605, 20.20772036248011 ], [ 74.785428558872539, 20.207508852341892 ], [ 74.785204839965516, 20.207267126449192 ], [ 74.784923709065339, 20.206965617317319 ], [ 74.784669802164842, 20.206694645132242 ], [ 74.784415896226832, 20.206423674427192 ], [ 74.784190200277266, 20.206182809857076 ], [ 74.78387750080114, 20.205931130952898 ], [ 74.783531851401648, 20.205808355470189 ], [ 74.783219412682342, 20.20572577324306 ], [ 74.782876409347324, 20.205710751771313 ], [ 74.782568168707726, 20.205754929096749 ], [ 74.782206393029654, 20.205792650562156 ], [ 74.781841923994037, 20.205827041776793 ], [ 74.781512250577649, 20.205872187403131 ], [ 74.781220099831629, 20.205914193736294 ], [ 74.780900076863261, 20.205955432283581 ], [ 74.780577180004997, 20.205995036184703 ], [ 74.780269593004277, 20.206028977012227 ], [ 74.779948591223075, 20.206050904391287 ], [ 74.779615472904908, 20.206083095943288 ], [ 74.779236638219686, 20.206120593228633 ], [ 74.778867649080155, 20.206143640828174 ], [ 74.778475567213206, 20.20619546863896 ], [ 74.778052961068482, 20.20620528546528 ], [ 74.777653144253819, 20.206207488527696 ], [ 74.77725835566261, 20.206232850386236 ], [ 74.776945206713535, 20.20620836386523 ], [ 74.776657700482914, 20.206296051944459 ], [ 74.776378760881499, 20.206334090585038 ], [ 74.776051427007829, 20.206368556614596 ], [ 74.775743050182356, 20.206397491407358 ], [ 74.775407458027686, 20.20644043134735 ], [ 74.774971658704672, 20.206598046551179 ], [ 74.774541121891261, 20.206698969347038 ], [ 74.774201201413106, 20.206739571246615 ], [ 74.773784004710649, 20.206795739334773 ], [ 74.773309261213626, 20.206866092667546 ], [ 74.772828215146887, 20.206922926034451 ], [ 74.772441337497327, 20.206958119118664 ], [ 74.772048451609777, 20.206992388674195 ], [ 74.771691568209164, 20.207023512797885 ], [ 74.771366133139338, 20.207059934757449 ], [ 74.771028401336807, 20.206959461274327 ], [ 74.77064357058741, 20.206758708433945 ], [ 74.77033552565274, 20.20658273066724 ], [ 74.769960136849434, 20.206351963302872 ], [ 74.769622193443197, 20.206123587801322 ], [ 74.769369526988697, 20.20593797585812 ], [ 74.769017235602249, 20.205690503522654 ], [ 74.768717735148456, 20.205483688146877 ], [ 74.768314358259872, 20.205321266726191 ], [ 74.767902421980153, 20.205294929407593 ], [ 74.767557005208317, 20.205267759772546 ], [ 74.767245991854978, 20.205256806541733 ], [ 74.766877405144555, 20.2052375760762 ], [ 74.766532416124406, 20.205208755019303 ], [ 74.766182122924036, 20.205179949439625 ], [ 74.765768385902035, 20.205130463485528 ], [ 74.765446442140885, 20.205087036983802 ], [ 74.765030282890393, 20.205062256316875 ], [ 74.764568352677543, 20.20504639239752 ], [ 74.764260468992902, 20.205025533646857 ], [ 74.76395547790267, 20.205000802865154 ], [ 74.763599640024708, 20.204975738223276 ], [ 74.76329136528048, 20.204951331434188 ], [ 74.762927543884814, 20.204919227562463 ], [ 74.762538288483597, 20.204872981870519 ], [ 74.762156601157471, 20.204756702523557 ], [ 74.761898665110024, 20.204493431337749 ], [ 74.761696756858342, 20.204233751626255 ], [ 74.761457376421163, 20.203955810884093 ], [ 74.761206929806789, 20.203667013982727 ], [ 74.76092599274314, 20.203301263088871 ], [ 74.760733745782929, 20.203029135378546 ], [ 74.760517467082224, 20.202722991090123 ], [ 74.760276765979157, 20.202383084099459 ], [ 74.760054028841751, 20.202081126867846 ], [ 74.759878962241743, 20.201847455253432 ], [ 74.759703896220699, 20.201613784407989 ], [ 74.759504796336188, 20.201346727834764 ], [ 74.759317411820987, 20.201079630959871 ], [ 74.759156195838329, 20.200846176630911 ], [ 74.758973747690703, 20.200581977484958 ], [ 74.758768699855764, 20.200285050011537 ], [ 74.758586434901559, 20.200021111729008 ], [ 74.758380985206045, 20.199762076505593 ], [ 74.758189044643942, 20.199537993261821 ], [ 74.757942266251177, 20.199249886258052 ], [ 74.75764064587537, 20.198897755107765 ], [ 74.757326249800542, 20.198515985229267 ], [ 74.757055824420746, 20.198227313530889 ], [ 74.756376481881645, 20.197338852677547 ], [ 74.755652907779009, 20.196496916422127 ], [ 74.756680302708276, 20.194327060918166 ], [ 74.756912471536964, 20.193826016362671 ], [ 74.757648241214895, 20.192254504735715 ], [ 74.757797085072468, 20.191974002378146 ], [ 74.758292683084335, 20.190893156482424 ], [ 74.758958751418533, 20.189439275774436 ], [ 74.759933428361521, 20.187906529440063 ], [ 74.760750139477253, 20.186379829928338 ], [ 74.759839094757496, 20.185869551674241 ], [ 74.759062311993006, 20.185706383345028 ], [ 74.757998161623533, 20.185475268953549 ], [ 74.757665772481786, 20.185402784936979 ], [ 74.756046707538943, 20.185096873036958 ], [ 74.755470267395637, 20.18512812075798 ], [ 74.75481121757646, 20.185201075158059 ], [ 74.754350894307137, 20.185242562968725 ], [ 74.753468175733033, 20.185359342070569 ], [ 74.752437178014816, 20.185451216454307 ], [ 74.750884789007316, 20.18562849688271 ], [ 74.749123752858367, 20.185856277264268 ], [ 74.747062045321968, 20.185852312460959 ], [ 74.746530185443632, 20.185837582473201 ], [ 74.745614432169162, 20.186232169572925 ], [ 74.744920804820154, 20.186778538726337 ], [ 74.74393208082823, 20.187200512589676 ], [ 74.742994791808854, 20.187523934600168 ], [ 74.742028666613351, 20.187879172585159 ], [ 74.741447299142564, 20.188035575503601 ], [ 74.741103278517542, 20.188128125241867 ], [ 74.739572774489645, 20.188526600156901 ], [ 74.738924637057252, 20.188603779800783 ], [ 74.737924854737912, 20.188706037202248 ], [ 74.736389362386177, 20.18882894174676 ], [ 74.735502132558139, 20.189102845655267 ], [ 74.734855447398516, 20.189453262035627 ], [ 74.734827722396119, 20.190028583204761 ], [ 74.734842936894864, 20.190402863597971 ], [ 74.734881463108024, 20.190661373281326 ], [ 74.734953544180357, 20.191167933249226 ], [ 74.735099733725292, 20.191585432663 ], [ 74.735133395423375, 20.191872770535145 ], [ 74.735068256171289, 20.19221041037834 ], [ 74.735028688531642, 20.192583065203404 ], [ 74.735059982011578, 20.192917318511928 ], [ 74.735077187510726, 20.193535991390572 ], [ 74.735176963684651, 20.194167097767185 ], [ 74.735223830386019, 20.194560389147743 ], [ 74.735403593117965, 20.194974328885944 ], [ 74.735544333052061, 20.195361460679386 ], [ 74.73573765440355, 20.195671885804195 ], [ 74.735858638139959, 20.195976679190636 ], [ 74.735942555728258, 20.196243046893869 ], [ 74.735962808572779, 20.196654808837707 ], [ 74.735868978484078, 20.197014322743016 ], [ 74.73569217114327, 20.197252656394664 ], [ 74.735435119217712, 20.197388374084301 ], [ 74.734950831234798, 20.197520764329475 ], [ 74.734531040187605, 20.197590484065639 ], [ 74.734255662675352, 20.197277297257813 ], [ 74.734149179519775, 20.196993986083488 ], [ 74.734038924611681, 20.196710613499643 ], [ 74.733640159356227, 20.196016446758691 ], [ 74.73342945900697, 20.195758020666215 ], [ 74.733186454638414, 20.195416077632064 ], [ 74.733002114828466, 20.19514289707886 ], [ 74.732820079731113, 20.19483364505631 ], [ 74.732604613246124, 20.194525225030983 ], [ 74.731660110329386, 20.193273854460656 ], [ 74.731306456462633, 20.193011441115182 ], [ 74.730765549332318, 20.192625767775908 ], [ 74.73049356199445, 20.192504503473042 ], [ 74.730102334118541, 20.192345572339018 ], [ 74.729792516258527, 20.192256576638464 ], [ 74.729459966506667, 20.192200306237684 ], [ 74.729170568040828, 20.192168923562875 ], [ 74.728828426172456, 20.192155547465187 ], [ 74.728015290146303, 20.19219884013852 ], [ 74.727625391066738, 20.192210448612045 ], [ 74.727252347968275, 20.192290815915129 ], [ 74.726943850145346, 20.192355340787657 ], [ 74.726625675429204, 20.192398458885215 ], [ 74.726195155631004, 20.192412262919245 ], [ 74.725587535106186, 20.192351547601096 ], [ 74.725054203019155, 20.192333886913794 ], [ 74.724529792897286, 20.192390236932749 ], [ 74.72364005542174, 20.192819834933939 ], [ 74.723401903812501, 20.193068755139951 ], [ 74.723147282721243, 20.193371450288623 ], [ 74.722897430751431, 20.193674220028999 ], [ 74.722638145399074, 20.193897915781008 ], [ 74.722348803846899, 20.194094561419139 ], [ 74.722020747804905, 20.1941602702145 ], [ 74.721649266843485, 20.194126614385034 ], [ 74.72121143323939, 20.194097462562478 ], [ 74.720786759961342, 20.193942383145686 ], [ 74.720364516462496, 20.193597493215421 ], [ 74.719596855374306, 20.192885619711575 ], [ 74.719115205135623, 20.191436078367751 ], [ 74.719131586956578, 20.190871461780123 ], [ 74.719506511808206, 20.189816624212028 ], [ 74.720130235974494, 20.18900093393724 ], [ 74.72106036524815, 20.188350083622215 ], [ 74.721126791143675, 20.187437674919916 ], [ 74.720215938175826, 20.186839433978175 ], [ 74.719900983355686, 20.186677588546424 ], [ 74.719585104944827, 20.18651968632517 ], [ 74.719259640697103, 20.186294019889381 ], [ 74.71899412080046, 20.186118030215429 ], [ 74.718711761450564, 20.185946596917212 ], [ 74.718465240817395, 20.185769393301975 ], [ 74.718222011711802, 20.185508363717467 ], [ 74.717937025369963, 20.185244388792558 ], [ 74.716979587320267, 20.184059218959501 ], [ 74.716159153804554, 20.183092920480341 ], [ 74.71601178692903, 20.182851579816795 ], [ 74.715949547573913, 20.182500294055473 ], [ 74.715818139697788, 20.181758604939848 ], [ 74.715513779095744, 20.180704096461884 ], [ 74.714986845866306, 20.179803558453361 ], [ 74.714433228199738, 20.178996537437161 ], [ 74.714084338908407, 20.178898755294451 ], [ 74.7137733778289, 20.178790505600603 ], [ 74.713483776433208, 20.178689085225077 ], [ 74.713186021390442, 20.178567273614156 ], [ 74.712919267345328, 20.178408202247024 ], [ 74.712688374306069, 20.178221978051386 ], [ 74.71253690010262, 20.177986883076532 ], [ 74.712319005726982, 20.177787934835376 ], [ 74.712617284787484, 20.176563815682705 ], [ 74.712973196775209, 20.17573021202946 ], [ 74.711888927288243, 20.174143217665517 ], [ 74.711232994364366, 20.173228854157461 ], [ 74.711707990742909, 20.172394302185733 ], [ 74.711976131071623, 20.171923188513169 ], [ 74.711285949114568, 20.171169992149032 ], [ 74.711001681921203, 20.170856396620881 ], [ 74.711185522863019, 20.170643847877002 ], [ 74.711233775128875, 20.170223026434346 ], [ 74.711979409264899, 20.169258365747478 ], [ 74.712957258877026, 20.168715794898795 ], [ 74.713779579822869, 20.167791838436219 ], [ 74.714831359434825, 20.166994126910229 ], [ 74.715476577702532, 20.166047421210688 ], [ 74.716028497493113, 20.165028693308489 ], [ 74.716267131611346, 20.164215593830516 ], [ 74.71651517810173, 20.1631066241649 ], [ 74.716777299388312, 20.161498562635323 ], [ 74.716812545246981, 20.160407723400898 ], [ 74.716690031773624, 20.159418644551472 ], [ 74.716251235219829, 20.157463159288842 ], [ 74.716016300659959, 20.1564989860324 ], [ 74.715831684268721, 20.155692884532755 ], [ 74.715813721972168, 20.153533838731981 ], [ 74.71590130216903, 20.152020799056722 ], [ 74.716010531808209, 20.150828274941428 ], [ 74.715875238962795, 20.150459119482633 ], [ 74.715682258006865, 20.150201033192953 ], [ 74.715407056457195, 20.150177676717224 ], [ 74.715115323181038, 20.150176768253413 ], [ 74.715007431619014, 20.149599930807252 ], [ 74.714953581409262, 20.148495617716858 ], [ 74.714734392745058, 20.148051211180977 ], [ 74.714597037243678, 20.146210734631214 ], [ 74.714594351762486, 20.145734145324699 ], [ 74.714349212220043, 20.143417226376314 ], [ 74.714302908231716, 20.142028421140548 ], [ 74.714265687823456, 20.141385252298775 ], [ 74.714235344627809, 20.140860922109759 ], [ 74.713890046879655, 20.139334397598422 ], [ 74.713600001681002, 20.137900532041247 ], [ 74.71331000744668, 20.136737568926861 ], [ 74.714693745530411, 20.135560348663873 ], [ 74.714781594581112, 20.134555385352328 ], [ 74.713855370306035, 20.133609836836335 ], [ 74.712265371959333, 20.134068810869987 ], [ 74.712083845591579, 20.134302739748776 ], [ 74.711940579679123, 20.13454780485927 ], [ 74.711878581974219, 20.134906913772056 ], [ 74.711833559889001, 20.135433112674235 ], [ 74.711723149772396, 20.135720856348314 ], [ 74.71144389230453, 20.135781017354507 ], [ 74.711103124764037, 20.13567060140932 ], [ 74.710340258443068, 20.135415747984482 ], [ 74.709827328298175, 20.13534144302551 ], [ 74.70948541513981, 20.135352953290546 ], [ 74.709105185087338, 20.1353802136274 ], [ 74.708832612446514, 20.135310362557725 ], [ 74.708680645754256, 20.13500562168915 ], [ 74.708485925265506, 20.134754983959404 ], [ 74.708774555045153, 20.133399782402503 ], [ 74.709252395085684, 20.132735578822466 ], [ 74.710251461540864, 20.131946918032721 ], [ 74.710274870899298, 20.13114517038419 ], [ 74.710599542391208, 20.130004657428866 ], [ 74.710651501722069, 20.129033473033193 ], [ 74.709652342654024, 20.129040195897584 ], [ 74.709207074146093, 20.129167704298197 ], [ 74.708771903147678, 20.129134042469136 ], [ 74.708570896870796, 20.128878244551032 ], [ 74.708475114430314, 20.128533500511153 ], [ 74.70833824418601, 20.127763511965764 ], [ 74.708092208107516, 20.127374867781985 ], [ 74.707967621922265, 20.1269299285659 ], [ 74.707301844468432, 20.1261264268589 ], [ 74.70695503671719, 20.126114490053595 ], [ 74.70661012965661, 20.126214026344659 ], [ 74.706274726802562, 20.125242233998819 ], [ 74.706065731821525, 20.124932194673264 ], [ 74.705563116856752, 20.123882273502566 ], [ 74.706456888951749, 20.122985321354136 ], [ 74.70793434809535, 20.122686564388911 ], [ 74.709050444471075, 20.121850382170702 ], [ 74.70996819965886, 20.121204093999825 ], [ 74.709277381005492, 20.121032985187441 ], [ 74.708719638079472, 20.120923714849699 ], [ 74.708298913123784, 20.120898378301437 ], [ 74.708000017288597, 20.120833134174809 ], [ 74.707652004661512, 20.120653744999366 ], [ 74.707257504552189, 20.120294401684411 ], [ 74.707076327075811, 20.119990841143036 ], [ 74.707074197259672, 20.119265558597284 ], [ 74.70704717295925, 20.11799640520703 ], [ 74.706508716153394, 20.116851673400738 ], [ 74.705698353242269, 20.116301504872173 ], [ 74.705510143999845, 20.11664854909592 ], [ 74.705446969090588, 20.116992936319058 ], [ 74.705454451115244, 20.117383614453683 ], [ 74.705414737021741, 20.117760002563553 ], [ 74.705150951792234, 20.117864845693099 ], [ 74.704849746445788, 20.117789303341819 ], [ 74.70463329761138, 20.117592962610008 ], [ 74.704606792694236, 20.117264383237117 ], [ 74.704732155810433, 20.116878101376301 ], [ 74.70486101005406, 20.116502634427594 ], [ 74.704717352012437, 20.116114869374002 ], [ 74.704432951968599, 20.116201900840849 ], [ 74.704138976985959, 20.116407155845213 ], [ 74.703837653656649, 20.116284557582315 ], [ 74.703546137889376, 20.115971729929239 ], [ 74.703540587588932, 20.114716632104599 ], [ 74.704780813332178, 20.1136185097767 ], [ 74.70526507253274, 20.113312085926239 ], [ 74.705240566886758, 20.113019718002796 ], [ 74.706029000271371, 20.112954885982091 ], [ 74.707544272018026, 20.113020948532029 ], [ 74.709633952104809, 20.113275211959046 ], [ 74.711355488300271, 20.113484377330273 ], [ 74.712534211041756, 20.113603449355601 ], [ 74.713631692532346, 20.113715860234961 ], [ 74.715135495768465, 20.113839259748897 ], [ 74.717120006613456, 20.113885670624121 ], [ 74.719647051841775, 20.113852753764473 ], [ 74.721064847577551, 20.113883546498542 ], [ 74.722437142163287, 20.113824137986111 ], [ 74.723458173849679, 20.114128406661283 ], [ 74.724515006469915, 20.114111990675649 ], [ 74.72683876637501, 20.114036162588867 ], [ 74.728395188122306, 20.114026255100743 ], [ 74.729841698915493, 20.114052460842554 ], [ 74.730037656905324, 20.113864844187205 ], [ 74.729360305662723, 20.112487917764842 ], [ 74.729228388739031, 20.112062117800313 ], [ 74.729113292807554, 20.111690606247691 ], [ 74.729583616821017, 20.110685477761958 ], [ 74.730115966466585, 20.109449833404472 ], [ 74.730435290035359, 20.107990665218601 ], [ 74.730637676223779, 20.106642355374881 ], [ 74.730875844293351, 20.105501721573422 ], [ 74.731178543515639, 20.104049430327326 ], [ 74.73143851136372, 20.103206953219704 ], [ 74.73189895236618, 20.101790680103623 ], [ 74.731852692228884, 20.100376929294459 ], [ 74.731632086145481, 20.09950312060678 ], [ 74.731615939327227, 20.098797878974537 ], [ 74.731590208108742, 20.097673861620237 ], [ 74.732359362058972, 20.096797130020054 ], [ 74.732635973318153, 20.095834930466193 ], [ 74.732539832907761, 20.094904537676637 ], [ 74.7330862432689, 20.09362598724228 ], [ 74.733166434993933, 20.091999920763062 ], [ 74.733084963799129, 20.091749232250681 ], [ 74.732995885236903, 20.090703658576576 ], [ 74.733860579342846, 20.089738875431934 ], [ 74.734349817891584, 20.088550647806983 ], [ 74.735037314915189, 20.087310469726724 ], [ 74.734991346346632, 20.086490668368889 ], [ 74.735062039670339, 20.085011447086316 ], [ 74.735006547481447, 20.084336190434275 ], [ 74.735075614456846, 20.084004183245195 ], [ 74.735459508786917, 20.082576587538771 ], [ 74.735917823705549, 20.080432401483915 ], [ 74.734946349700294, 20.080219216323805 ], [ 74.733691254298762, 20.079953484974439 ], [ 74.733098331758086, 20.07983871818319 ], [ 74.732031123370604, 20.079758166116477 ], [ 74.731109483056287, 20.079688597075098 ], [ 74.73043544326697, 20.079594130161293 ], [ 74.728578058788884, 20.079509513479351 ], [ 74.727261394566582, 20.079598953011761 ], [ 74.725893881575743, 20.079662280827431 ], [ 74.724478770982017, 20.079683489003259 ], [ 74.723393535099689, 20.079684077165396 ], [ 74.721564943276775, 20.079560841626023 ], [ 74.720429508987749, 20.079543351679476 ], [ 74.719253597250983, 20.07961851434429 ], [ 74.718239985030976, 20.079610017115325 ], [ 74.716523912599584, 20.079678712452782 ], [ 74.71447292546533, 20.079659446229339 ], [ 74.712556060970755, 20.079746275735069 ], [ 74.711298638319036, 20.079728801991457 ], [ 74.7098430463125, 20.079871786463553 ], [ 74.709759394010547, 20.07953549597795 ], [ 74.709647378220652, 20.079082981928995 ], [ 74.710384481351269, 20.077649334958213 ], [ 74.710904846489086, 20.076490537595834 ], [ 74.711155094417165, 20.075115108772408 ], [ 74.71077429936912, 20.073739918618756 ], [ 74.710623313645499, 20.073076075767613 ], [ 74.710371672988572, 20.07186109965313 ], [ 74.710622088827293, 20.070711588312129 ], [ 74.710932267424283, 20.06981935149129 ], [ 74.711032054721016, 20.068633683386974 ], [ 74.711178512037066, 20.068283235037072 ], [ 74.711285076864058, 20.068028233950066 ], [ 74.711836588559606, 20.066939444996798 ], [ 74.712242297668112, 20.065744581705026 ], [ 74.713044948379903, 20.065003460401496 ], [ 74.714167779777668, 20.064266609314767 ], [ 74.715015970105867, 20.063611255795234 ], [ 74.715995377379073, 20.062842908388888 ], [ 74.715958196962262, 20.060582399458205 ], [ 74.715876701313803, 20.060117132851389 ], [ 74.716660096760805, 20.059224654567515 ], [ 74.717534139335825, 20.058086030701194 ], [ 74.718618006140488, 20.055969291902144 ], [ 74.719047788522147, 20.055210338446969 ], [ 74.71965179869899, 20.054336053996959 ], [ 74.719785798152941, 20.053646274598862 ], [ 74.719292338356084, 20.053575931346064 ], [ 74.718458105518891, 20.053540533508276 ], [ 74.717669585326306, 20.052154205150902 ], [ 74.717449324393172, 20.051965911834301 ], [ 74.716595278451777, 20.050417081412384 ], [ 74.716042661903913, 20.049545685053584 ], [ 74.71366091265368, 20.046936251262377 ], [ 74.712032467236682, 20.04518222962961 ], [ 74.711788469535122, 20.044868483253172 ], [ 74.710510887092155, 20.044375182764675 ], [ 74.70855897131635, 20.043704023964363 ], [ 74.707514492211786, 20.043275402561445 ], [ 74.706114703458624, 20.042755749759237 ], [ 74.706060746383059, 20.041190046909637 ], [ 74.706230083995038, 20.04062994209033 ], [ 74.707089535179122, 20.039276234751107 ], [ 74.708238264571065, 20.037686343351034 ], [ 74.708608226561353, 20.036965781009407 ], [ 74.708647966744095, 20.03525614745811 ], [ 74.708907538088809, 20.033480834633046 ], [ 74.709088631621228, 20.032455472152296 ], [ 74.710056231451674, 20.032114100552278 ], [ 74.71202457217619, 20.030841656873086 ], [ 74.712795284218572, 20.028914880688493 ], [ 74.712505105797192, 20.027074356671857 ], [ 74.712603975783438, 20.026602719063284 ], [ 74.712793545455085, 20.025859290881975 ], [ 74.713507203570174, 20.02448354668563 ], [ 74.71247170152175, 20.022851310856975 ], [ 74.714786349706515, 20.021614773417831 ], [ 74.716372399315574, 20.020532184385019 ], [ 74.717054316048291, 20.018198953422715 ], [ 74.715719216659835, 20.016697719472312 ], [ 74.71391517054731, 20.015752776354976 ], [ 74.713423021902315, 20.015847888151011 ], [ 74.711234656913078, 20.016038695483729 ], [ 74.708331726478178, 20.016247876840623 ], [ 74.703632224675701, 20.016667781636883 ], [ 74.702096181059986, 20.016831149961437 ], [ 74.700693675192781, 20.016974051356755 ], [ 74.699358127174889, 20.017001688724978 ], [ 74.698866046298775, 20.017060517304188 ], [ 74.698101381389321, 20.017144506292837 ], [ 74.697047810525888, 20.017135805364813 ], [ 74.695661954204866, 20.017136509346301 ], [ 74.69500372889506, 20.016987582638645 ], [ 74.694873340068725, 20.016688448375181 ], [ 74.6945021728679, 20.016145128499776 ], [ 74.694268214770489, 20.015941955057286 ], [ 74.69368006544822, 20.014946260507863 ], [ 74.693344768309373, 20.013266169352363 ], [ 74.692391650696678, 20.01254937293562 ], [ 74.691989395198135, 20.012281946045608 ], [ 74.691453490341885, 20.011932589542788 ], [ 74.690917045224168, 20.011609923712811 ], [ 74.69065177198398, 20.011420301230167 ], [ 74.690132959717019, 20.011042459001146 ], [ 74.689873164164752, 20.010749140010873 ], [ 74.689722136876114, 20.01052152243706 ], [ 74.689243426498592, 20.009828181405226 ], [ 74.688636009199399, 20.008536636265877 ], [ 74.688193560115792, 20.007588242590305 ], [ 74.687851475375638, 20.006438876977217 ], [ 74.687941742221383, 20.005176437205066 ], [ 74.687800247400588, 20.003825995246693 ], [ 74.687307526329249, 20.002392120479502 ], [ 74.686654865575449, 20.001328622458093 ], [ 74.686322544254622, 20.000578955931832 ], [ 74.686013913941949, 19.999618596917852 ], [ 74.686322776975302, 19.998515626441929 ], [ 74.687239503256478, 19.997333072231065 ], [ 74.688162161260479, 19.996033093395098 ], [ 74.688234776450756, 19.995537232521855 ], [ 74.688307390092206, 19.995041372762952 ], [ 74.687184728660142, 19.993761085980903 ], [ 74.684946028885221, 19.991891536414911 ], [ 74.683776879090814, 19.990931472228731 ], [ 74.682247704799821, 19.989630620511253 ], [ 74.681900800280019, 19.989344793115592 ], [ 74.682039712521686, 19.988691038479001 ], [ 74.681916761098194, 19.988135609491774 ], [ 74.682194306618086, 19.986842632553458 ], [ 74.682280664672746, 19.98643063471 ], [ 74.682452110223352, 19.985612689754372 ], [ 74.682702261361953, 19.984639998495897 ], [ 74.682933894662639, 19.983693559484866 ], [ 74.683370966902118, 19.981739241553875 ], [ 74.683609675721343, 19.980801902773326 ], [ 74.683716160657397, 19.980383754548015 ], [ 74.68409483247801, 19.978608693142977 ], [ 74.684374143812647, 19.977577541719651 ], [ 74.684745371046915, 19.976037206093128 ], [ 74.684982265025937, 19.975068588780502 ], [ 74.685413535156258, 19.973177102867652 ], [ 74.685759749044351, 19.971726748738718 ], [ 74.685965116771015, 19.970871640560148 ], [ 74.686336510273762, 19.969335113070947 ], [ 74.68538139261041, 19.968384362555934 ], [ 74.683744536737152, 19.967061254202097 ], [ 74.681595132948829, 19.965769435331865 ], [ 74.680370012076409, 19.96514543124146 ], [ 74.679360009795516, 19.96522653181071 ], [ 74.678303937462218, 19.965311326449772 ], [ 74.677662541398263, 19.965413120792341 ], [ 74.676615739942022, 19.965465571313029 ], [ 74.676197896843945, 19.965717240658186 ], [ 74.675420618739707, 19.96618539404961 ], [ 74.674918153134755, 19.966488023727379 ], [ 74.674097812383764, 19.966300312707684 ], [ 74.673025343315629, 19.964864306673025 ], [ 74.672451360024951, 19.963842351110344 ], [ 74.671801189886281, 19.962464285652743 ], [ 74.671555122753219, 19.961851192547893 ], [ 74.671429987845727, 19.960768789192425 ], [ 74.671689664255339, 19.95938432986663 ], [ 74.671747324678876, 19.958430803199366 ], [ 74.671556592413481, 19.95774951983433 ], [ 74.671190577479564, 19.95644213284071 ], [ 74.670725763035819, 19.955061089816034 ], [ 74.670614781803351, 19.954681321951888 ], [ 74.670393806854776, 19.951937791810916 ], [ 74.670339597210727, 19.950840131415713 ], [ 74.670413691546514, 19.949769986857682 ], [ 74.670471427152307, 19.94893612261728 ], [ 74.670713932792367, 19.946841294406731 ], [ 74.668561491908804, 19.946806403388432 ], [ 74.66381982707243, 19.946658118211783 ], [ 74.660472322586273, 19.946587351034864 ], [ 74.656451849141902, 19.946459902136493 ], [ 74.653848982391253, 19.946419374863602 ], [ 74.651967982869564, 19.946336672526503 ], [ 74.651465678130052, 19.946399199332678 ], [ 74.650876188026544, 19.946564533529173 ], [ 74.646549399905112, 19.947309514589232 ], [ 74.64334272560157, 19.947844969699229 ], [ 74.641159720461133, 19.948255518336886 ], [ 74.63922141342411, 19.948573863387018 ], [ 74.638258975425018, 19.948771528219524 ], [ 74.637843703070473, 19.948744532329084 ], [ 74.637348201208084, 19.948640059832631 ], [ 74.636574129093546, 19.948654582739955 ], [ 74.635885772008152, 19.948692515097616 ], [ 74.635108146846221, 19.948774908919443 ], [ 74.634336263373143, 19.948856776303654 ], [ 74.63383877823469, 19.948910221607356 ], [ 74.633432956068972, 19.948892473627037 ], [ 74.632884635178712, 19.948809992922602 ], [ 74.631353503907931, 19.948626794790862 ], [ 74.630914713147604, 19.948568029519443 ], [ 74.630176126793529, 19.948406766068555 ], [ 74.630054346624448, 19.94901496305943 ], [ 74.629942307187648, 19.950161205546621 ], [ 74.62696244773646, 19.95074765972948 ], [ 74.625282148906976, 19.951054993464762 ], [ 74.624154675230045, 19.951065712717078 ], [ 74.62080460340249, 19.95103150870354 ], [ 74.620615895043827, 19.950771098651447 ], [ 74.617032806441628, 19.951035560869798 ], [ 74.615487594049839, 19.951226824359523 ], [ 74.613861200241871, 19.951417249474101 ], [ 74.61250368816583, 19.95149313493048 ], [ 74.610645279820432, 19.951513916305316 ], [ 74.609795410800601, 19.951473321175438 ], [ 74.608697906628507, 19.9513849509223 ], [ 74.607643514003286, 19.951274403449805 ], [ 74.605792269941006, 19.951096641760394 ], [ 74.602673325606574, 19.951063387787595 ], [ 74.601174742114637, 19.951055454786015 ], [ 74.600164079373911, 19.951056712548766 ], [ 74.600070928745623, 19.951480074889094 ], [ 74.600012048216684, 19.951901775667618 ], [ 74.599909117981028, 19.952523697235851 ], [ 74.59985086695275, 19.952961029861637 ], [ 74.59855178187992, 19.952983149252436 ], [ 74.595341853188017, 19.952971370097561 ], [ 74.592452033272636, 19.952949436151012 ], [ 74.591186177177306, 19.952949365891193 ], [ 74.589380968514035, 19.952911851703888 ], [ 74.588133518280202, 19.952966225715993 ], [ 74.586307144148464, 19.953100065410123 ], [ 74.583563056534544, 19.953282737495933 ], [ 74.581732310165648, 19.953380312297412 ], [ 74.579992030129574, 19.953501391646935 ], [ 74.578830359434789, 19.953574717418473 ], [ 74.57726624549332, 19.953742827052611 ], [ 74.576185416667542, 19.95383949441873 ], [ 74.574028315390095, 19.954068931984391 ], [ 74.572956943060944, 19.954179254102982 ], [ 74.571631758867966, 19.954340927045294 ], [ 74.570943351108781, 19.954378558586765 ], [ 74.570345592698118, 19.954435309291082 ], [ 74.569500102460708, 19.954439618013215 ], [ 74.568838074031987, 19.954471779642947 ], [ 74.56870578814852, 19.95482353569885 ], [ 74.568260596092557, 19.955803195901026 ], [ 74.567987138378868, 19.956285504349683 ], [ 74.567619207529802, 19.956685597276639 ], [ 74.56690685900692, 19.957369350468262 ], [ 74.566270359100059, 19.958007197013728 ], [ 74.565037426362835, 19.959217253505603 ], [ 74.564718222301138, 19.959536258750283 ], [ 74.564331423170714, 19.959922888231038 ], [ 74.563981677409373, 19.960266777024778 ], [ 74.563529139928747, 19.960677086808161 ], [ 74.563027806637763, 19.961046395259423 ], [ 74.562470469197066, 19.961570821512744 ], [ 74.562008125363306, 19.962005859491111 ], [ 74.561172369923753, 19.962768755762866 ], [ 74.560788867641932, 19.963133717599995 ], [ 74.560524545679641, 19.963398236730665 ], [ 74.560299510541, 19.963770496020238 ], [ 74.560005276770497, 19.964060659182561 ], [ 74.559697062538504, 19.964296675080309 ], [ 74.559291781060054, 19.964593498927311 ], [ 74.558655304256419, 19.96506173545966 ], [ 74.557787388377207, 19.965724860273973 ], [ 74.557011061393411, 19.966307911065304 ], [ 74.556046879031669, 19.967015056368158 ], [ 74.55553846101148, 19.967378408522311 ], [ 74.5548751161665, 19.967516990817071 ], [ 74.554400949265158, 19.967615635047995 ], [ 74.553541258644088, 19.967770736918965 ], [ 74.553045789033533, 19.967871637542565 ], [ 74.552379841654769, 19.968031447010905 ], [ 74.551955359529529, 19.968156362843988 ], [ 74.551670179364621, 19.968240314916294 ], [ 74.551137664000763, 19.968424094503206 ], [ 74.550551582347651, 19.968620786677732 ], [ 74.549954050587147, 19.968881717717135 ], [ 74.549438363536552, 19.969053799025765 ], [ 74.548939711881616, 19.969194938152892 ], [ 74.548494871761861, 19.969275403849736 ], [ 74.548066017463327, 19.969348660802215 ], [ 74.547245650406509, 19.969460291062592 ], [ 74.546747703803618, 19.96950362541617 ], [ 74.546336055494194, 19.969534084891311 ], [ 74.546153249921389, 19.969812419917464 ], [ 74.545871866747902, 19.970063682776075 ], [ 74.545549387855246, 19.970258718322643 ], [ 74.545138868592744, 19.970433097050829 ], [ 74.544824225450256, 19.970566751513282 ], [ 74.543397817897812, 19.971174131273965 ], [ 74.54289041487479, 19.97138224407464 ], [ 74.541597142327674, 19.971912671743731 ], [ 74.541092545108427, 19.972146374780063 ], [ 74.53969000484598, 19.972758478116923 ], [ 74.539160910142968, 19.972993872414698 ], [ 74.538878111323655, 19.973119684261107 ], [ 74.538085191009102, 19.973494643632154 ], [ 74.537773711820108, 19.973605444431083 ], [ 74.537149495785229, 19.973827453300316 ], [ 74.536357643171755, 19.974107608991762 ], [ 74.534759346918989, 19.974712959060245 ], [ 74.533386823746042, 19.975194281375423 ], [ 74.533025623815206, 19.975304897905566 ], [ 74.532644349939943, 19.975390187530046 ], [ 74.53220325556002, 19.975479182044968 ], [ 74.531905987602173, 19.975522310462139 ], [ 74.531451906876214, 19.975588179228431 ], [ 74.530083154047077, 19.975780638988866 ], [ 74.529771334498562, 19.975832599727038 ], [ 74.529422375774956, 19.975890708897978 ], [ 74.528201460844244, 19.976083104385744 ], [ 74.527378141395332, 19.976229160550634 ], [ 74.526688680683534, 19.976331149208324 ], [ 74.525717115379678, 19.976486169957084 ], [ 74.525246009538051, 19.976565993861048 ], [ 74.524692519741137, 19.976659775015026 ], [ 74.523744418873008, 19.976834356211789 ], [ 74.523351220967271, 19.97688147243889 ], [ 74.522881452914191, 19.976880296167842 ], [ 74.522691322198739, 19.976607797617135 ], [ 74.5225227229068, 19.976339986547245 ], [ 74.522262705897361, 19.975935963403874 ], [ 74.522051473550007, 19.975662720390527 ], [ 74.52173287938875, 19.97538798413634 ], [ 74.521149062280969, 19.975018966049824 ], [ 74.520733170078202, 19.974813619311192 ], [ 74.520450321125068, 19.974720917857642 ], [ 74.520063432699189, 19.974440571807442 ], [ 74.519863789631415, 19.97405536127156 ], [ 74.519836627263231, 19.973738987009362 ], [ 74.519930555989419, 19.973334199731113 ], [ 74.520066949952792, 19.972897353231289 ], [ 74.52018799405792, 19.972388576659597 ], [ 74.52021205022038, 19.972123067198414 ], [ 74.520237811337793, 19.971838347202592 ], [ 74.520234594907564, 19.971411031564383 ], [ 74.520232442781065, 19.971124911466958 ], [ 74.520158680377719, 19.970352545434466 ], [ 74.520084144865322, 19.969990209345198 ], [ 74.519982094690207, 19.969622010516744 ], [ 74.519896192643216, 19.969356075305775 ], [ 74.519740378042613, 19.968826107498558 ], [ 74.519633666975366, 19.968454420894119 ], [ 74.519534838146186, 19.968096971642662 ], [ 74.517571237854568, 19.968079588577705 ], [ 74.514944162473398, 19.968041276689863 ], [ 74.512455639046223, 19.96799983781186 ], [ 74.512262125759023, 19.968191826570958 ], [ 74.511944581694749, 19.968373359927742 ], [ 74.51149366591595, 19.968517234781707 ], [ 74.511067390286243, 19.968607295825272 ], [ 74.510649699889726, 19.968765179297712 ], [ 74.510368238853218, 19.968929045635509 ], [ 74.510097365242004, 19.969192355777761 ], [ 74.509989290027505, 19.969527448166232 ], [ 74.509989377419714, 19.969992482037959 ], [ 74.510127753415844, 19.970576403902186 ], [ 74.510283733311923, 19.971213324499551 ], [ 74.510319060972904, 19.971630351599593 ], [ 74.510172466738013, 19.97199960427352 ], [ 74.509278945634946, 19.971783563195416 ], [ 74.508644901856869, 19.971677138272312 ], [ 74.506381403963303, 19.971213745132271 ], [ 74.50391093405031, 19.970495367074648 ], [ 74.503135120778595, 19.970269921124135 ], [ 74.501516746272216, 19.969791260963664 ], [ 74.500917902123589, 19.969525131348181 ], [ 74.500831325347491, 19.968779451640039 ], [ 74.499828759779945, 19.968899910358402 ], [ 74.499259184839346, 19.969055923549003 ], [ 74.498693658687856, 19.969989798578329 ], [ 74.498384576403282, 19.970136269604595 ], [ 74.496943748481812, 19.97021110113079 ], [ 74.495915867281823, 19.970212487973146 ], [ 74.494690971606531, 19.970208309370186 ], [ 74.493803334499049, 19.967285405049363 ], [ 74.493751933064488, 19.966841765005721 ], [ 74.493602162138501, 19.966238782200186 ], [ 74.493384104571732, 19.965381824719131 ], [ 74.493148530087765, 19.964398126642287 ], [ 74.492882995484138, 19.96351798450311 ], [ 74.49272747458599, 19.9627911195042 ], [ 74.492584254805891, 19.962113671911574 ], [ 74.490979438167685, 19.962500936358339 ], [ 74.490572314062803, 19.962587519663312 ], [ 74.489047258533503, 19.962911849777068 ], [ 74.487321820431475, 19.963243938799156 ], [ 74.484457320278054, 19.963657142025955 ], [ 74.483393127543167, 19.963774467891703 ], [ 74.482681033030005, 19.963852950091027 ], [ 74.481946768563361, 19.963942318177921 ], [ 74.481565209746776, 19.963988745848333 ], [ 74.480296587985535, 19.964118214961864 ], [ 74.479579387635823, 19.964127806762001 ], [ 74.47936430310169, 19.964477787542783 ], [ 74.479101583782935, 19.964939137644784 ], [ 74.478883922846379, 19.965242459615943 ], [ 74.478398675916111, 19.965894597912015 ], [ 74.478198063497615, 19.966240240875635 ], [ 74.478033469940428, 19.966602807301758 ], [ 74.477997632870341, 19.966943496024452 ], [ 74.478026949284356, 19.967232715470953 ], [ 74.47811811837235, 19.967563762841355 ], [ 74.478190820008464, 19.968092734606284 ], [ 74.478318712384308, 19.968651069973028 ], [ 74.47837806746324, 19.969221296884481 ], [ 74.47846604717796, 19.969763101999629 ], [ 74.478481945896732, 19.970054318121612 ], [ 74.478504659001132, 19.970474966309702 ], [ 74.478555741083952, 19.97172866718369 ], [ 74.478707936115711, 19.972234633350421 ], [ 74.478917994917126, 19.972519182600355 ], [ 74.479175857541549, 19.972838019142248 ], [ 74.479430274321672, 19.973101242004837 ], [ 74.479884876970658, 19.973602981787625 ], [ 74.480186128202973, 19.973886322480208 ], [ 74.480429948731469, 19.974177813179907 ], [ 74.480673805906207, 19.974514861265288 ], [ 74.480878714291904, 19.974924193194621 ], [ 74.480930933511956, 19.975309020575857 ], [ 74.480896083641468, 19.975600653193148 ], [ 74.480769382264327, 19.975881543098136 ], [ 74.480641099552599, 19.976278120168619 ], [ 74.480723985357301, 19.976651545994699 ], [ 74.480916101013946, 19.976878299182474 ], [ 74.481127097643963, 19.977105686421577 ], [ 74.481347359568502, 19.977302927941846 ], [ 74.481593039645773, 19.977507332761284 ], [ 74.481905612020768, 19.977732563726015 ], [ 74.482245733025408, 19.978039566957051 ], [ 74.482661790897737, 19.978451247779361 ], [ 74.482860092389387, 19.978708761640746 ], [ 74.482954741102247, 19.979019658473927 ], [ 74.482976674532836, 19.979279746844579 ], [ 74.482949291544173, 19.979541499026659 ], [ 74.482791318360526, 19.979941428421739 ], [ 74.482624044760186, 19.980269927978934 ], [ 74.482407737113292, 19.980719393336567 ], [ 74.482303814112555, 19.980975826484197 ], [ 74.48229489416228, 19.981460311990926 ], [ 74.482411387034844, 19.98187207146653 ], [ 74.482502741936869, 19.982138485595115 ], [ 74.482635407790582, 19.982519891781969 ], [ 74.482709542386388, 19.982815925225843 ], [ 74.482815151939008, 19.983142621951249 ], [ 74.482842179304612, 19.983414974326266 ], [ 74.482777247776383, 19.983720107392031 ], [ 74.482646577622631, 19.983949700237872 ], [ 74.482381225170457, 19.98416658319276 ], [ 74.48214452783435, 19.984305343321665 ], [ 74.481634560871584, 19.984574759668938 ], [ 74.481148663146996, 19.984857959844202 ], [ 74.481114011990584, 19.9853040557005 ], [ 74.48129090090336, 19.985629610620585 ], [ 74.481450178304414, 19.985853128489477 ], [ 74.481736180341201, 19.986180858247383 ], [ 74.481915593116739, 19.98640904150162 ], [ 74.482115040934673, 19.986691707433064 ], [ 74.482248890674157, 19.987108997768114 ], [ 74.482445026863914, 19.987441539107749 ], [ 74.482650250510446, 19.987656924987427 ], [ 74.482855673455376, 19.987940480137425 ], [ 74.482948695429371, 19.988464561968371 ], [ 74.482849876078561, 19.98889316926871 ], [ 74.482725510352594, 19.989130882931999 ], [ 74.482541096284436, 19.989439287890377 ], [ 74.482379130017108, 19.989850933676419 ], [ 74.48233365015156, 19.99018847043882 ], [ 74.482416916119504, 19.990658895824364 ], [ 74.48262430365763, 19.990973930972885 ], [ 74.482863560203469, 19.991352815966014 ], [ 74.482973774385613, 19.991859263079977 ], [ 74.482909502677501, 19.992175195508256 ], [ 74.482702992291891, 19.992526968463299 ], [ 74.482425269984603, 19.992992105364543 ], [ 74.48232417362594, 19.993395813028645 ], [ 74.48231587645202, 19.993810661793635 ], [ 74.482312083415081, 19.994412396146451 ], [ 74.482086204576888, 19.994761374205034 ], [ 74.481784936569909, 19.994923623887935 ], [ 74.481339677855587, 19.99500518839989 ], [ 74.480891554209904, 19.995188531304439 ], [ 74.480209948627163, 19.995239342291168 ], [ 74.479287341122756, 19.995219223998141 ], [ 74.478674846491018, 19.995252610623453 ], [ 74.475518961060402, 19.995241860811095 ], [ 74.474529137150469, 19.995264799869751 ], [ 74.473462203706461, 19.995289518262716 ], [ 74.472796185720625, 19.995266376616488 ], [ 74.472468054983054, 19.995254973266828 ], [ 74.469545943652022, 19.995292230694719 ], [ 74.468335407152125, 19.995324839189593 ], [ 74.466412720383076, 19.995376610828611 ], [ 74.46372109227498, 19.995453699027212 ], [ 74.462413701403122, 19.995491124410666 ], [ 74.460828315027285, 19.995490725371962 ], [ 74.460455882584057, 19.995492102954227 ], [ 74.459467676808075, 19.995527946809631 ], [ 74.458242997626073, 19.99550150879233 ], [ 74.457545216188564, 19.993416337287645 ], [ 74.456933918335594, 19.991596371751093 ], [ 74.456587495148625, 19.989982920556844 ], [ 74.456335844479497, 19.988583980428885 ], [ 74.455821258881116, 19.987539697900068 ], [ 74.455274555136754, 19.986658238270788 ], [ 74.45479279620811, 19.985653556250863 ], [ 74.454470082279215, 19.984980547174935 ], [ 74.454199044290661, 19.984272540816413 ], [ 74.45385191294902, 19.983309650111728 ], [ 74.453290269459714, 19.981711648663417 ], [ 74.452853821692742, 19.980752563457131 ], [ 74.452378046598909, 19.979950664671335 ], [ 74.451808079523275, 19.979239177386951 ], [ 74.451280483215598, 19.978580982087909 ], [ 74.450525279958768, 19.977930834819706 ], [ 74.448943113889442, 19.976844867640846 ], [ 74.447289506755538, 19.975735471692097 ], [ 74.445509007525345, 19.974818798504749 ], [ 74.444554654304255, 19.974398356713284 ], [ 74.442850154064743, 19.973805552724048 ], [ 74.441839682603629, 19.973576281133756 ], [ 74.441278269277134, 19.973505152691192 ], [ 74.440813462597674, 19.973446264051578 ], [ 74.439182409549531, 19.973520783080314 ], [ 74.438827742906994, 19.973536949768594 ], [ 74.437837818781389, 19.973581843757522 ], [ 74.437165077777223, 19.973560195612983 ], [ 74.435801930523454, 19.973516328683964 ], [ 74.434684830114037, 19.973473150071772 ], [ 74.433908374556196, 19.973533830044456 ], [ 74.431821293860651, 19.973716299512969 ], [ 74.429867874638703, 19.97391396595166 ], [ 74.428786252829369, 19.974106615000764 ], [ 74.427754199868062, 19.974290430856311 ], [ 74.426891643917457, 19.974546033562344 ], [ 74.426040382005098, 19.974798306210701 ], [ 74.424912353185874, 19.975179147194847 ], [ 74.424166997635524, 19.975430785972982 ], [ 74.422203776767859, 19.975998808797375 ], [ 74.421906606778634, 19.976080971591454 ], [ 74.421311065893221, 19.976245581591304 ], [ 74.420276440122834, 19.976392207483642 ], [ 74.418403150752539, 19.976657269549751 ], [ 74.413660142031816, 19.977353877101262 ], [ 74.412440505579795, 19.977530642190473 ], [ 74.411705583087056, 19.977637153534904 ], [ 74.411112797549819, 19.977732399762267 ], [ 74.408648337976587, 19.978128395002674 ], [ 74.406732122195763, 19.978389464452068 ], [ 74.406456240159812, 19.978421662774569 ], [ 74.403719891585666, 19.978740989597203 ], [ 74.401982133958725, 19.978884002183889 ], [ 74.399956389398994, 19.979050691137974 ], [ 74.398667144972151, 19.979111056980866 ], [ 74.398037738324248, 19.979140376864404 ], [ 74.396881196212377, 19.979194244305205 ], [ 74.395803661614877, 19.979311998375284 ], [ 74.392058786902624, 19.97966229360263 ], [ 74.389106226499635, 19.97991130257498 ], [ 74.386186273779089, 19.980155138980294 ], [ 74.385827969303975, 19.980198046325825 ], [ 74.385228425737594, 19.980269841392396 ], [ 74.384668581705839, 19.980375802927902 ], [ 74.384197714899159, 19.980464902818653 ], [ 74.383224093723697, 19.980683244959433 ], [ 74.381725360965461, 19.981110243991736 ], [ 74.381708155181286, 19.980746756548502 ], [ 74.381824686718801, 19.980227343737045 ], [ 74.381783818458302, 19.97973409911295 ], [ 74.381789729887643, 19.979307003392581 ], [ 74.381549035124408, 19.978397667348151 ], [ 74.381250833128703, 19.977837970928562 ], [ 74.38107222423784, 19.977618769957154 ], [ 74.380890408824996, 19.977286594051169 ], [ 74.380296790122415, 19.976568320633945 ], [ 74.380000219686039, 19.976321575864009 ], [ 74.379512422958356, 19.975989996587852 ], [ 74.37865274846969, 19.975581562789941 ], [ 74.377536388171649, 19.974870872305171 ], [ 74.377254262048041, 19.974379731237097 ], [ 74.377190949009673, 19.974121282545358 ], [ 74.377168512138354, 19.973668928722329 ], [ 74.377201886416557, 19.973339354177483 ], [ 74.377204658154255, 19.97280149473162 ], [ 74.377012836962706, 19.972157189948707 ], [ 74.376796485163894, 19.971798040210004 ], [ 74.376355299766857, 19.971995326131236 ], [ 74.375943462352993, 19.972141376467899 ], [ 74.375567303205983, 19.972274770849172 ], [ 74.373636723317986, 19.972883394783956 ], [ 74.372680331574372, 19.973173112947691 ], [ 74.371788169285878, 19.973443366954875 ], [ 74.367985575663127, 19.974575438694679 ], [ 74.366686064338097, 19.974960750927174 ], [ 74.366098738442588, 19.975134878740171 ], [ 74.36580487718058, 19.975220683453834 ], [ 74.364969741909235, 19.975461131877903 ], [ 74.364727172882041, 19.974407982717675 ], [ 74.364411611688865, 19.973386887626603 ], [ 74.364113075078834, 19.972515250950618 ], [ 74.363922196186607, 19.971807639230189 ], [ 74.363661466557559, 19.970633640184463 ], [ 74.363542202856635, 19.969985200527901 ], [ 74.36336396991247, 19.969016128419856 ], [ 74.362983668579403, 19.967158003927825 ], [ 74.362864563995501, 19.966650178163963 ], [ 74.362740167208713, 19.96611977497545 ], [ 74.362629975933515, 19.965541440302804 ], [ 74.362131249954928, 19.965565112300908 ], [ 74.361413751320185, 19.965587713858273 ], [ 74.36098989602722, 19.965641962331031 ], [ 74.360474007107214, 19.965774897113175 ], [ 74.359420380454878, 19.965906167903732 ], [ 74.358563400373967, 19.965990337544074 ], [ 74.358280076703423, 19.966031547038401 ], [ 74.357648328918899, 19.966123478737956 ], [ 74.357116312767715, 19.966220742616606 ], [ 74.356263725896298, 19.966395896567903 ], [ 74.355821787753229, 19.966480173925081 ], [ 74.355498822814567, 19.966541317916693 ], [ 74.355150630706035, 19.966607234175481 ], [ 74.354652258104622, 19.966691363229504 ], [ 74.354181418096715, 19.966767165832128 ], [ 74.352491109868041, 19.967039324065741 ], [ 74.351221744019369, 19.967213130655963 ], [ 74.350804506264353, 19.967298202393369 ], [ 74.350426226667679, 19.96734317832421 ], [ 74.350125116909012, 19.967334794189789 ], [ 74.349637263646372, 19.967346340638372 ], [ 74.349254651506328, 19.967356938434385 ], [ 74.349250755240888, 19.967635589127681 ], [ 74.349303939283601, 19.968608130404725 ], [ 74.349319284172395, 19.969548611361446 ], [ 74.349178040610283, 19.970405707832274 ], [ 74.349126396410099, 19.971349811439236 ], [ 74.348969181415669, 19.972319616700037 ], [ 74.348796749658703, 19.974035234491051 ], [ 74.348657000658591, 19.975127392070497 ], [ 74.348394423416437, 19.977800007098516 ], [ 74.348222245192488, 19.979149484852709 ], [ 74.347991766217746, 19.980565918094417 ], [ 74.347800991237037, 19.981548903027956 ], [ 74.347526690243996, 19.983362577864792 ], [ 74.347316098694563, 19.98472504775027 ], [ 74.345083954372356, 19.984665163748829 ], [ 74.343512705663684, 19.984541311756143 ], [ 74.342590661180779, 19.984484407163325 ], [ 74.341744298867525, 19.984482705376969 ], [ 74.340524936893416, 19.984494332842452 ], [ 74.338555546127054, 19.984451231104522 ], [ 74.336829188973823, 19.984469954954054 ], [ 74.336125504830406, 19.984528834386118 ], [ 74.333867473819495, 19.984604017832638 ], [ 74.332977568499672, 19.984646967983846 ], [ 74.332173620559345, 19.984690975241669 ], [ 74.331024506731566, 19.984798367660581 ], [ 74.330383423189119, 19.984826400876901 ], [ 74.329913516834793, 19.98492431479119 ], [ 74.329457803295526, 19.985017894636805 ], [ 74.328896880517291, 19.985128345383526 ], [ 74.328423429993009, 19.985131290797337 ], [ 74.327657314723098, 19.985207434637079 ], [ 74.326853459131868, 19.985246910990448 ], [ 74.325700897574549, 19.985263720962585 ], [ 74.324711946098162, 19.985201487675823 ], [ 74.323736640709086, 19.985193485081247 ], [ 74.322059336978612, 19.985122297625065 ], [ 74.321676704311926, 19.985130985605409 ], [ 74.321044205779842, 19.985226814405507 ], [ 74.319736121944956, 19.985418015802981 ], [ 74.318941982544814, 19.985448526786165 ], [ 74.317967145469538, 19.985404360116902 ], [ 74.317165560061966, 19.985285575636585 ], [ 74.316682237055034, 19.985269738387778 ], [ 74.316910025058718, 19.984767005595884 ], [ 74.317152971977791, 19.983825405432928 ], [ 74.317280137819949, 19.982968242146974 ], [ 74.317291683078963, 19.981829262099684 ], [ 74.317170832598265, 19.980254595076364 ], [ 74.317050599705809, 19.979303743989739 ], [ 74.316684794289984, 19.978467326808815 ], [ 74.316196396161416, 19.977755242816126 ], [ 74.315689562044753, 19.977523377059477 ], [ 74.315137030758109, 19.977376191031315 ], [ 74.314120225424375, 19.977259108273618 ], [ 74.31331869145572, 19.977144905693752 ], [ 74.312675353332295, 19.976996449071049 ], [ 74.312164295408209, 19.976778938479427 ], [ 74.311856561050831, 19.976416356675049 ], [ 74.311648420471229, 19.975925530279479 ], [ 74.311498222445863, 19.975399293854764 ], [ 74.31129056430126, 19.974876754026106 ], [ 74.310960168598058, 19.974248713842446 ], [ 74.310539055340172, 19.973605899508406 ], [ 74.30991392654424, 19.972861014032762 ], [ 74.309251253680316, 19.972056930888854 ], [ 74.30892354716164, 19.971573488091899 ], [ 74.308800903487167, 19.971128969311991 ], [ 74.308803091293797, 19.970319842923576 ], [ 74.30892476952161, 19.969498725625517 ], [ 74.309286503783682, 19.96846516793272 ], [ 74.308598086242554, 19.968249352755716 ], [ 74.307913177226638, 19.968034618559969 ], [ 74.307112862646989, 19.967789043629288 ], [ 74.30620455949709, 19.967492876425524 ], [ 74.305777578804083, 19.967354779677422 ], [ 74.305228992093205, 19.967177394008324 ], [ 74.304262909752779, 19.966877307717517 ], [ 74.303379959394007, 19.966597557441425 ], [ 74.302838481590669, 19.966809313128518 ], [ 74.302611162194623, 19.967030609928756 ], [ 74.302519629358528, 19.967323752942626 ], [ 74.30240325593681, 19.967850648463841 ], [ 74.302176561457202, 19.968151664015227 ], [ 74.301847955877193, 19.968484607775213 ], [ 74.301633420796506, 19.96884874654355 ], [ 74.301529359640483, 19.96914636875027 ], [ 74.301305073073735, 19.969503418205324 ], [ 74.301066500423218, 19.969704792378334 ], [ 74.300725124214807, 19.969914466162532 ], [ 74.300348659744728, 19.97008432293136 ], [ 74.299746435361186, 19.970402058929636 ], [ 74.299621057045314, 19.970764259667696 ], [ 74.299394541941325, 19.971260803046388 ], [ 74.29924565809965, 19.971803656048241 ], [ 74.299231670750274, 19.97293581948075 ], [ 74.29909853704838, 19.973457646168782 ], [ 74.298440969132272, 19.974074053771879 ], [ 74.297905482015807, 19.974383255164796 ], [ 74.297666565844381, 19.974603064677208 ], [ 74.297339760679321, 19.974818951518706 ], [ 74.296860499780337, 19.974972899110234 ], [ 74.296162950008096, 19.975196964160542 ], [ 74.295723578843464, 19.975449547555794 ], [ 74.295462514665473, 19.975689637426246 ], [ 74.295199255065569, 19.975983278164293 ], [ 74.294637332506895, 19.97684446066857 ], [ 74.293350514316018, 19.978238896371117 ], [ 74.293003472650753, 19.978502533370808 ], [ 74.292376647096859, 19.978795914087016 ], [ 74.292145139899333, 19.979061892349307 ], [ 74.292065978231818, 19.979607400414316 ], [ 74.291971171194874, 19.980051791904007 ], [ 74.291603026098088, 19.980626767463477 ], [ 74.291694296974953, 19.981073185778225 ], [ 74.29177658325581, 19.981599757603441 ], [ 74.291399388652067, 19.981977145063048 ], [ 74.291101204882509, 19.982299546215017 ], [ 74.290578774488168, 19.982946354428012 ], [ 74.290361142499407, 19.983207393468586 ], [ 74.289821996078018, 19.983839116850472 ], [ 74.289189673728146, 19.984576735776784 ], [ 74.288721801456944, 19.984860028874657 ], [ 74.288149831555003, 19.985198911263851 ], [ 74.287781209669348, 19.985417336934297 ], [ 74.287226233831873, 19.985771772889734 ], [ 74.286832257800555, 19.986283358597824 ], [ 74.286548440618205, 19.986676038953487 ], [ 74.286177824700403, 19.987173019500652 ], [ 74.285776223093507, 19.987478615670952 ], [ 74.285743716588769, 19.986778645972528 ], [ 74.285638573057568, 19.98578731205782 ], [ 74.285556072960787, 19.984877619980345 ], [ 74.285450171156455, 19.983940579018526 ], [ 74.285342224926083, 19.983148068713838 ], [ 74.285324846332699, 19.982805209979947 ], [ 74.285276730260208, 19.982083552409875 ], [ 74.28521084865919, 19.981659224717827 ], [ 74.285141070220249, 19.981197271420392 ], [ 74.285120801264071, 19.980805226033915 ], [ 74.285048540014714, 19.980319086181034 ], [ 74.285070316045079, 19.979483102124743 ], [ 74.285051906780808, 19.978722844330537 ], [ 74.285033545328929, 19.978412205870207 ], [ 74.284977041260376, 19.977673807160873 ], [ 74.285004162127407, 19.976797192768867 ], [ 74.28496822198818, 19.97629175368656 ], [ 74.284944648910525, 19.975960211101562 ], [ 74.284930765829927, 19.975272788849576 ], [ 74.284895669567391, 19.974725408369313 ], [ 74.284829796036092, 19.974322266294301 ], [ 74.284903947148123, 19.973545870259173 ], [ 74.28487326879673, 19.972837752574897 ], [ 74.28484338918544, 19.972401296079365 ], [ 74.284654325477518, 19.970604242539814 ], [ 74.284550711294827, 19.968853535422802 ], [ 74.284359737119999, 19.96784751931623 ], [ 74.284058764653849, 19.966456611769306 ], [ 74.28392520217416, 19.965839357573696 ], [ 74.283491486843971, 19.964102376546897 ], [ 74.283055695866622, 19.962505482891032 ], [ 74.282834650299051, 19.961532856281586 ], [ 74.282619874185627, 19.960587804222385 ], [ 74.282304968078179, 19.959557517658368 ], [ 74.281958237640268, 19.958904986624702 ], [ 74.281764940277981, 19.958548714359011 ], [ 74.281410630097838, 19.957933432171018 ], [ 74.281228890101502, 19.95761782404545 ], [ 74.280857718150912, 19.957200757718862 ], [ 74.279965533657375, 19.957700835483823 ], [ 74.279062315437201, 19.958331041811764 ], [ 74.277489270302311, 19.959332110215204 ], [ 74.27681409794171, 19.959730180352821 ], [ 74.275445949342298, 19.960444595655943 ], [ 74.273963062691337, 19.96115302272808 ], [ 74.27297180398358, 19.961596592804728 ], [ 74.272116933681033, 19.961861264615216 ], [ 74.271224830442151, 19.962057451807581 ], [ 74.269595090531467, 19.962348134697155 ], [ 74.268476420146499, 19.962532631975183 ], [ 74.267858794284422, 19.962592508626596 ], [ 74.267123535566654, 19.962663805223084 ], [ 74.266588767140135, 19.962716439675027 ], [ 74.265299369750707, 19.962843342863717 ], [ 74.264804180996833, 19.962858231271937 ], [ 74.264251909232087, 19.962874831390746 ], [ 74.26319172128072, 19.962793140351355 ], [ 74.26275890259295, 19.962739459208986 ], [ 74.262213468803537, 19.962671806449364 ], [ 74.260356707897259, 19.962462132634691 ], [ 74.258712150997084, 19.962333894562878 ], [ 74.256764015407697, 19.962292894551346 ], [ 74.256067284697608, 19.962384474890463 ], [ 74.255638301268647, 19.96244086302498 ], [ 74.254696928559099, 19.96256877479761 ], [ 74.254177080887629, 19.962630469450399 ], [ 74.253700289738106, 19.96268683705285 ], [ 74.252793715113484, 19.962765049176603 ], [ 74.252355950194513, 19.962772384767735 ], [ 74.251736899406382, 19.962782765081265 ], [ 74.250629707682918, 19.962751899415384 ], [ 74.249885675144156, 19.962731121633421 ], [ 74.24919891373392, 19.962710116048925 ], [ 74.24841625224127, 19.962984589125664 ], [ 74.247686881197254, 19.963224560436178 ], [ 74.24772076052848, 19.962365789552681 ], [ 74.247761317295684, 19.961337724161528 ], [ 74.247741624784837, 19.958015262040632 ], [ 74.24775522379079, 19.954025138337194 ], [ 74.247752595066871, 19.95320354432533 ], [ 74.247813963935386, 19.944162982189571 ], [ 74.248069539136139, 19.937600469616289 ], [ 74.248152890736051, 19.935289416225608 ], [ 74.24899170945595, 19.935311323898201 ], [ 74.249809014304546, 19.935348945826746 ], [ 74.250517531673367, 19.935380728459947 ], [ 74.252516151248997, 19.935370649645876 ], [ 74.252802088146211, 19.935369205173362 ], [ 74.25465526877521, 19.935359827637548 ], [ 74.255166601144666, 19.935357241242333 ], [ 74.255650682505305, 19.935340191145169 ], [ 74.25619491691468, 19.935321025752497 ], [ 74.258394424410056, 19.935273125865518 ], [ 74.261513672982034, 19.935097106692957 ], [ 74.263184398174246, 19.93492924201562 ], [ 74.264271128063811, 19.934816861981773 ], [ 74.266233848055322, 19.934621029015833 ], [ 74.267211217317907, 19.934471121416998 ], [ 74.268332348191478, 19.934291421702603 ], [ 74.269298148622369, 19.934111947659829 ], [ 74.271030089811489, 19.933847526822078 ], [ 74.271691348627812, 19.933734172808439 ], [ 74.27204205018144, 19.933616693160467 ], [ 74.272422067750341, 19.933355849768709 ], [ 74.272667044880237, 19.933037106368158 ], [ 74.272897982982229, 19.932610677006384 ], [ 74.273057181030566, 19.932178910375463 ], [ 74.273265263224488, 19.931354366567291 ], [ 74.273470520710546, 19.930394144118143 ], [ 74.273700266831298, 19.92938455801967 ], [ 74.274294536447343, 19.926661911379366 ], [ 74.274640385782078, 19.924903529014145 ], [ 74.274800824067555, 19.924064744998233 ], [ 74.275044256681781, 19.923109582822686 ], [ 74.27532859362671, 19.921965153462644 ], [ 74.275655679596071, 19.920518304847022 ], [ 74.275762243636223, 19.919430319912344 ], [ 74.275817894472794, 19.918572149703675 ], [ 74.275933599815119, 19.917515788801225 ], [ 74.275971108517155, 19.917105717065699 ], [ 74.276001113131272, 19.916701044524988 ], [ 74.275947129990243, 19.915814288748539 ], [ 74.275863215132546, 19.915013115456006 ], [ 74.275707081425281, 19.913926167706233 ], [ 74.275600783616625, 19.913248228865555 ], [ 74.27545607423346, 19.912325320691579 ], [ 74.275359129080925, 19.911707027668601 ], [ 74.275011815636987, 19.909491508762702 ], [ 74.274856372510214, 19.908354835872391 ], [ 74.274579424118969, 19.906371219254492 ], [ 74.275802148780571, 19.906093392231512 ], [ 74.276866082125053, 19.905894797772216 ], [ 74.277723791338943, 19.905734257399995 ], [ 74.279765832315704, 19.905322244022052 ], [ 74.280777080248384, 19.905127484949883 ], [ 74.281705727563718, 19.905031176991624 ], [ 74.282572664382371, 19.904893219511095 ], [ 74.283573417096534, 19.904766096462282 ], [ 74.284598845026224, 19.904585009930241 ], [ 74.285504254259692, 19.904438580821495 ], [ 74.286691391644339, 19.904309394231287 ], [ 74.288679161637532, 19.904000759634446 ], [ 74.289421506857707, 19.903901854594402 ], [ 74.289969447623989, 19.903785290394733 ], [ 74.290018311279439, 19.902578555364592 ], [ 74.290038136696921, 19.902019784789065 ], [ 74.290059268214037, 19.901541227898637 ], [ 74.2901224691701, 19.900714743583574 ], [ 74.290152380183386, 19.900184765688604 ], [ 74.29017372475181, 19.899807033633369 ], [ 74.290213556953972, 19.899363150170799 ], [ 74.290277122537077, 19.898861270070014 ], [ 74.290364770746763, 19.898502959673799 ], [ 74.290662809465161, 19.898422878051662 ], [ 74.291261951894441, 19.898261545806882 ], [ 74.291833123178634, 19.898092608026669 ], [ 74.292527992479279, 19.897903851195867 ], [ 74.29306021197911, 19.89783725209481 ], [ 74.293730797666385, 19.897733001662285 ], [ 74.294449101627876, 19.897633704958359 ], [ 74.29510147139203, 19.897496146462448 ], [ 74.295857605923686, 19.897394381355813 ], [ 74.296341043040272, 19.89734181030704 ], [ 74.296678335851425, 19.897349672458173 ], [ 74.297493049460215, 19.897329561080308 ], [ 74.298153721533254, 19.897243213052914 ], [ 74.299024492606861, 19.897177600593302 ], [ 74.299350394158381, 19.897139220084203 ], [ 74.300097897824486, 19.897051191868751 ], [ 74.301045177532174, 19.896905384999048 ], [ 74.301510035116294, 19.896811988723048 ], [ 74.301946140277849, 19.896731651841645 ], [ 74.302367761008909, 19.896653471507641 ], [ 74.302924862351887, 19.896466296776566 ], [ 74.303324914912693, 19.89622965355322 ], [ 74.303547213106, 19.896065164489663 ], [ 74.30397383745229, 19.895776451400909 ], [ 74.304325634127522, 19.895557276482773 ], [ 74.304572302637439, 19.895352516685943 ], [ 74.304860245830241, 19.895174044695853 ], [ 74.305242108328599, 19.894963447273735 ], [ 74.305620035942709, 19.894777500451003 ], [ 74.306070049524465, 19.894701617519605 ], [ 74.306449502710365, 19.89462792092073 ], [ 74.306790487681241, 19.894594155393278 ], [ 74.307354970654231, 19.894417144999963 ], [ 74.307832837578701, 19.894264504951238 ], [ 74.308250066578211, 19.894165954606279 ], [ 74.308581201548407, 19.894066227846096 ], [ 74.309007989614329, 19.893971997367203 ], [ 74.309427611199055, 19.893831074559177 ], [ 74.309447250737989, 19.893413844402179 ], [ 74.30953510971878, 19.893081891243625 ], [ 74.309803070394267, 19.892843303519136 ], [ 74.310072680827517, 19.892711148556899 ], [ 74.310475680474212, 19.892536016829858 ], [ 74.310851317029346, 19.892400249047061 ], [ 74.311187648662084, 19.892306423053217 ], [ 74.311468219801384, 19.892242719634446 ], [ 74.31223088547317, 19.892173838900927 ], [ 74.312839431174453, 19.892059592090479 ], [ 74.313413935767741, 19.891948283135914 ], [ 74.313865099302816, 19.891846681426181 ], [ 74.314308059900014, 19.891726867254352 ], [ 74.314738579422553, 19.89159576587959 ], [ 74.315052845662507, 19.891437431477399 ], [ 74.315531953755936, 19.891253402914977 ], [ 74.315975066133021, 19.891010418513115 ], [ 74.316430142720037, 19.890734241539555 ], [ 74.316992555860452, 19.89055844824081 ], [ 74.317287160211805, 19.890489384037807 ], [ 74.317599315098889, 19.890483558363272 ], [ 74.318008939169005, 19.89047591407089 ], [ 74.318328298961092, 19.890482035304874 ], [ 74.318934065322182, 19.890481093637533 ], [ 74.319434476998623, 19.890376726283911 ], [ 74.320159183603067, 19.890160015883193 ], [ 74.320753526460322, 19.890036460642158 ], [ 74.321247109588526, 19.889943364158398 ], [ 74.321701462439989, 19.889917560311542 ], [ 74.322026121964143, 19.889884502764023 ], [ 74.322529407439234, 19.88983325769469 ], [ 74.322880762663289, 19.889752932695387 ], [ 74.323209874025224, 19.889704022598583 ], [ 74.323870359502521, 19.889628898521767 ], [ 74.324400236964379, 19.889579047411875 ], [ 74.32492800459741, 19.889524829250949 ], [ 74.325210649975318, 19.889474170057365 ], [ 74.3256243296333, 19.889366901856416 ], [ 74.326016953413784, 19.889235894309671 ], [ 74.326795058400521, 19.888956534959984 ], [ 74.327603429474863, 19.888573664712883 ], [ 74.327871080989709, 19.888488304019365 ], [ 74.328203364200959, 19.888382330878482 ], [ 74.328822817182598, 19.888173250197724 ], [ 74.329207434385879, 19.888015460640819 ], [ 74.329750127652147, 19.887828007358241 ], [ 74.330125835400153, 19.887688535363043 ], [ 74.330743345204198, 19.887546888699639 ], [ 74.331141585321134, 19.887434403828085 ], [ 74.331485229114364, 19.887344282825932 ], [ 74.331952399702814, 19.887332078336698 ], [ 74.332427484175113, 19.887249395139424 ], [ 74.332859288154069, 19.887182470251073 ], [ 74.333234142896558, 19.887135529189013 ], [ 74.333817612047781, 19.887102371470473 ], [ 74.334230331966225, 19.887089584513394 ], [ 74.334643582307208, 19.887166275369626 ], [ 74.335497868908931, 19.887280579413279 ], [ 74.335671169398779, 19.886685497516979 ], [ 74.33586425703524, 19.885544262191967 ], [ 74.335986642544555, 19.884668790712709 ], [ 74.336144981061508, 19.883613053631173 ], [ 74.336267510616409, 19.882404934842377 ], [ 74.3363061626183, 19.882023831794825 ], [ 74.33640764095793, 19.880935678432259 ], [ 74.336533446707961, 19.879151707522237 ], [ 74.336619466252969, 19.877466562817951 ], [ 74.336743812345546, 19.87645552724025 ], [ 74.336938515785221, 19.874523269579438 ], [ 74.33719335583794, 19.872406436286902 ], [ 74.339364224898247, 19.872413292745474 ], [ 74.341491242252644, 19.872363567645671 ], [ 74.342241856293569, 19.872332410708253 ], [ 74.343296454782362, 19.872092638626707 ], [ 74.344221562482261, 19.871891896444087 ], [ 74.345180926547357, 19.871628349682723 ], [ 74.346347736687477, 19.871231786488057 ], [ 74.346942900245025, 19.871040386653622 ], [ 74.348944426317104, 19.871083823460388 ], [ 74.35095538577913, 19.871136333493531 ], [ 74.352889776528357, 19.87118351848089 ], [ 74.356261639052832, 19.871302932411815 ], [ 74.357966846207006, 19.871347064067159 ], [ 74.359275743112931, 19.87137266256488 ], [ 74.360879572878702, 19.871492286095705 ], [ 74.361631660157087, 19.871352568748616 ], [ 74.362910934975091, 19.871320376940663 ], [ 74.362908034641535, 19.871046295271082 ], [ 74.36285638836398, 19.869516784968933 ], [ 74.362816308809499, 19.868329665077116 ], [ 74.362743812001042, 19.866348755957826 ], [ 74.362713717420178, 19.865586304044932 ], [ 74.362673300068082, 19.864562248216622 ], [ 74.362578839351642, 19.863314903510027 ], [ 74.36254034394652, 19.862806577632902 ], [ 74.362518970957751, 19.862344764555822 ], [ 74.36248905716792, 19.861698397085522 ], [ 74.362331625605094, 19.858961467646289 ], [ 74.362205113109511, 19.857088244270585 ], [ 74.36216922761021, 19.856089605000928 ], [ 74.362048245284612, 19.854315303049376 ], [ 74.361976258450241, 19.853315231137756 ], [ 74.361951737172362, 19.852817907158638 ], [ 74.361890839077219, 19.851582810328548 ], [ 74.361890905348787, 19.850651258884056 ], [ 74.361901715627837, 19.85029897218589 ], [ 74.361937763592721, 19.849424141786915 ], [ 74.361958411134125, 19.848924950096581 ], [ 74.361946118911675, 19.848340262598317 ], [ 74.361925230163337, 19.847781442407477 ], [ 74.361974612532734, 19.845911230532284 ], [ 74.361996705315605, 19.845074469368647 ], [ 74.362032824898108, 19.844206976221596 ], [ 74.362049408990401, 19.843696552195571 ], [ 74.362066592936714, 19.843167607164752 ], [ 74.36213532705122, 19.841849456231607 ], [ 74.362173332604726, 19.841056562176625 ], [ 74.362186689250919, 19.840402440586306 ], [ 74.3622375943728, 19.839367351279705 ], [ 74.362331037545957, 19.837610610462761 ], [ 74.362369755469686, 19.836830412067712 ], [ 74.362384399233662, 19.836535301921057 ], [ 74.362390257248848, 19.836238778500771 ], [ 74.362401006915789, 19.835694758203516 ], [ 74.362513550988695, 19.834844066628264 ], [ 74.362628945951769, 19.833414655329889 ], [ 74.363829514793736, 19.833646716005592 ], [ 74.364887195147119, 19.833859010351993 ], [ 74.366702108035113, 19.834225398053299 ], [ 74.368046048623384, 19.834454760056861 ], [ 74.369478232057247, 19.834789507162359 ], [ 74.369339641294147, 19.833847195768943 ], [ 74.369120075535918, 19.832819345763671 ], [ 74.369058796205138, 19.832076068183941 ], [ 74.368870110194237, 19.830541179573242 ], [ 74.368658585336092, 19.828590136712247 ], [ 74.36861817780202, 19.828146706982341 ], [ 74.368430932440646, 19.826091874257195 ], [ 74.368257779716004, 19.824132270639421 ], [ 74.36805914290295, 19.822218454775136 ], [ 74.367975886639826, 19.821416321791254 ], [ 74.367884710767257, 19.820560439474246 ], [ 74.36778588447163, 19.819632741793868 ], [ 74.367772964008282, 19.819237206796771 ], [ 74.367752502980323, 19.818610726399527 ], [ 74.367703248229319, 19.817620795266684 ], [ 74.367666752399927, 19.81688728629176 ], [ 74.367628321187397, 19.816062185717691 ], [ 74.367575100488452, 19.814919562985587 ], [ 74.367515461346017, 19.814013025925181 ], [ 74.367441155884322, 19.812883576943705 ], [ 74.367447301709674, 19.81146848644546 ], [ 74.36785289405347, 19.811231489585452 ], [ 74.368138634360179, 19.811179031857275 ], [ 74.368518158964633, 19.810963249893657 ], [ 74.369012909020185, 19.810489231988189 ], [ 74.369363598587626, 19.810112267520818 ], [ 74.369653038401879, 19.809801141065236 ], [ 74.37015560327086, 19.809043473644572 ], [ 74.370545950219238, 19.808414181803634 ], [ 74.370717674697815, 19.80813733647695 ], [ 74.371116814134155, 19.807260807788676 ], [ 74.37151874404357, 19.806872591070125 ], [ 74.371847437775727, 19.806591860131231 ], [ 74.372685031050679, 19.806127698257384 ], [ 74.373199201719416, 19.805896851962974 ], [ 74.373713633134017, 19.805665884220939 ], [ 74.37414128374553, 19.80534665494686 ], [ 74.373727618316963, 19.80466701319634 ], [ 74.373677915413083, 19.804185744728123 ], [ 74.373685665879719, 19.803911554242799 ], [ 74.373739608168307, 19.803545019253466 ], [ 74.373785931630053, 19.803230257747092 ], [ 74.373654566908627, 19.802374129389626 ], [ 74.373485509874868, 19.802035314894869 ], [ 74.373266014307418, 19.801790414581085 ], [ 74.372802072414586, 19.80161637605628 ], [ 74.372342654542294, 19.801584626486715 ], [ 74.371985511037238, 19.801727125638067 ], [ 74.371727133059565, 19.80187988547511 ], [ 74.371456299232847, 19.802120501998449 ], [ 74.371193691148093, 19.802456235119514 ], [ 74.370595667489724, 19.80308955241286 ], [ 74.370236007088849, 19.803410297846629 ], [ 74.370339551472341, 19.80375657853136 ], [ 74.370329943240009, 19.804205078966643 ], [ 74.370210620867354, 19.804442121759848 ], [ 74.369949833907228, 19.804598511456298 ], [ 74.369126374131426, 19.804788054924426 ], [ 74.368781265121612, 19.805025339964686 ], [ 74.3683972562349, 19.805694801677223 ], [ 74.36803152837237, 19.805879406926053 ], [ 74.367651311805176, 19.805717632179515 ], [ 74.367603424153231, 19.805408421457745 ], [ 74.367704587509323, 19.805122907241625 ], [ 74.367793333862025, 19.804576659983585 ], [ 74.367427130463199, 19.804563219989042 ], [ 74.367105927691554, 19.804606224972449 ], [ 74.367021919687673, 19.804297991800855 ], [ 74.367168054349264, 19.803752878027364 ], [ 74.367159104839715, 19.803194388563213 ], [ 74.366793198614062, 19.803580887257141 ], [ 74.366193736791899, 19.804073898447758 ], [ 74.366177241915224, 19.803564097426221 ], [ 74.36618668224294, 19.803156399453684 ], [ 74.366183854647645, 19.802721896935903 ], [ 74.366069946800451, 19.802365285854158 ], [ 74.36556737650794, 19.802071012869824 ], [ 74.365077741005422, 19.801894534956006 ], [ 74.364485313473182, 19.801951439687908 ], [ 74.364462277016898, 19.802227006723101 ], [ 74.364407806289378, 19.802539797359039 ], [ 74.364301223306711, 19.803151701355105 ], [ 74.363554355153582, 19.802938855593489 ], [ 74.362803656706362, 19.802687731782793 ], [ 74.363031567641002, 19.801729849378823 ], [ 74.362987704443796, 19.801447567574257 ], [ 74.362652018802947, 19.801209609136869 ], [ 74.362044682352902, 19.800764727211952 ], [ 74.361707559014903, 19.800925706426451 ], [ 74.361469107124194, 19.801090761000278 ], [ 74.361118929068709, 19.801203841283623 ], [ 74.360671337197601, 19.801219592237111 ], [ 74.359445955822366, 19.801283414102979 ], [ 74.359444903355495, 19.800897939571971 ], [ 74.359443657311914, 19.800441371381691 ], [ 74.359511760298091, 19.800081811742469 ], [ 74.359582899928114, 19.799706205916795 ], [ 74.359655485947656, 19.79861760101814 ], [ 74.359679730377337, 19.797820264122397 ], [ 74.35967681708145, 19.797444219725794 ], [ 74.359226913891277, 19.797513773107823 ], [ 74.358665005547977, 19.797391315344147 ], [ 74.358325971225113, 19.797173759137085 ], [ 74.358140677563341, 19.796980062290761 ], [ 74.357905034239707, 19.796650852839466 ], [ 74.357560546258696, 19.796461952419893 ], [ 74.357136086166363, 19.796415876953482 ], [ 74.356662009711073, 19.796669860903307 ], [ 74.356389899657557, 19.797000979147906 ], [ 74.356244966188299, 19.797286206366454 ], [ 74.35608356116235, 19.79755540685618 ], [ 74.35571953678128, 19.797799447789416 ], [ 74.355223443471729, 19.797828106452879 ], [ 74.354891037666235, 19.79765290896994 ], [ 74.354474633722674, 19.797168835763252 ], [ 74.354359101575241, 19.796896212703743 ], [ 74.35421651437369, 19.796514604744473 ], [ 74.353990359215729, 19.796235653864152 ], [ 74.353719875864968, 19.796126378100727 ], [ 74.353612489858747, 19.795652662998076 ], [ 74.353454410536813, 19.795221813398534 ], [ 74.352168774884831, 19.795697926352265 ], [ 74.352114349427993, 19.79535375175206 ], [ 74.351145646571027, 19.795481231040636 ], [ 74.349898557472685, 19.795663247539775 ], [ 74.350200870281995, 19.797779432584431 ], [ 74.34901856368613, 19.797958816993294 ], [ 74.34818504536355, 19.798138110494452 ], [ 74.347169663599743, 19.798337709890344 ], [ 74.345074416501589, 19.798568820595804 ], [ 74.34404129533894, 19.798668775997342 ], [ 74.342976183059477, 19.798668653789058 ], [ 74.341945679684727, 19.798583308297324 ], [ 74.340152954151449, 19.798366061601318 ], [ 74.337407188018872, 19.797992152351295 ], [ 74.335194875999463, 19.797724300012298 ], [ 74.33336734920654, 19.797592548400193 ], [ 74.332666802920627, 19.797479609098946 ], [ 74.329522105882646, 19.796277720938516 ], [ 74.328000711842819, 19.795788079082055 ], [ 74.327585277627776, 19.795602810553522 ], [ 74.327111228680423, 19.794074937920087 ], [ 74.326272800350154, 19.791577757512105 ], [ 74.325979308060127, 19.790733244702849 ], [ 74.32560032573565, 19.789512212061059 ], [ 74.325254461733138, 19.78831432980504 ], [ 74.324990945942744, 19.787370725684603 ], [ 74.324762916691483, 19.786278216998983 ], [ 74.324398758843031, 19.784691305200575 ], [ 74.324121078091707, 19.783733830715743 ], [ 74.323634928017754, 19.781996145615508 ], [ 74.323073383828756, 19.779852998282557 ], [ 74.323478261523888, 19.778920190300649 ], [ 74.323840133248055, 19.777998062596239 ], [ 74.324226448982614, 19.777026383328781 ], [ 74.324917936398407, 19.775430379092601 ], [ 74.32532100011548, 19.774621735990394 ], [ 74.325686752508474, 19.773763022449536 ], [ 74.326087635616275, 19.773103540895161 ], [ 74.326256562843227, 19.772662204569347 ], [ 74.326007620332703, 19.772356563532586 ], [ 74.325925064752724, 19.772073317857295 ], [ 74.325800723364736, 19.771737089280691 ], [ 74.325464802442539, 19.77133426491153 ], [ 74.32513889705713, 19.771145112215535 ], [ 74.324626010179017, 19.770907864579474 ], [ 74.324327302581153, 19.770665330758902 ], [ 74.323927634454719, 19.770025861937906 ], [ 74.323662095841414, 19.7694669642989 ], [ 74.323375771548598, 19.769169464589819 ], [ 74.323022490360202, 19.768823061088426 ], [ 74.322645386154434, 19.768738309417081 ], [ 74.32215080873884, 19.768642161491091 ], [ 74.321674225319327, 19.768557612908108 ], [ 74.321360503380916, 19.76842809368538 ], [ 74.321173973130172, 19.768155449783372 ], [ 74.320994607374701, 19.767857081818534 ], [ 74.320867126454829, 19.767556375546736 ], [ 74.320705620138511, 19.767227361240625 ], [ 74.320509772199969, 19.766971106855472 ], [ 74.32014598060708, 19.766779093694467 ], [ 74.31975341208431, 19.766744001864968 ], [ 74.319359680059179, 19.766806107431499 ], [ 74.318965937962048, 19.766880565688972 ], [ 74.318542359797746, 19.766915922633913 ], [ 74.318269881054817, 19.766675824349811 ], [ 74.31811877476477, 19.766374738489166 ], [ 74.317979854332435, 19.765981607195961 ], [ 74.317876808382962, 19.765607798605895 ], [ 74.31779372381007, 19.765302165349667 ], [ 74.317673637712971, 19.764940538161614 ], [ 74.317406684271134, 19.764668542907508 ], [ 74.316895388448359, 19.764704067370261 ], [ 74.316385771798721, 19.764769707716894 ], [ 74.316003557740771, 19.764818937477166 ], [ 74.315666106311554, 19.764862400988665 ], [ 74.315290775432373, 19.764910739795752 ], [ 74.314872639688062, 19.764969780107705 ], [ 74.314447536527013, 19.76506256783945 ], [ 74.31410657339363, 19.765141059812105 ], [ 74.313765609702259, 19.76521955468283 ], [ 74.313296786046834, 19.765327483600689 ], [ 74.312913202131966, 19.765415788143844 ], [ 74.312568835267541, 19.765497040369311 ], [ 74.312223333074826, 19.765579212093304 ], [ 74.311921019276795, 19.765651111737277 ], [ 74.311618705074423, 19.765723012609193 ], [ 74.311186828634618, 19.765825726356958 ], [ 74.310798138544229, 19.76591816874452 ], [ 74.310452637000765, 19.766000338344984 ], [ 74.31006394771461, 19.766092781661907 ], [ 74.309629517752597, 19.766309007141032 ], [ 74.309714922624025, 19.766608833103561 ], [ 74.30984522583924, 19.7668455926303 ], [ 74.309980625550978, 19.767244213795507 ], [ 74.309663320245548, 19.767543597637708 ], [ 74.309234942888907, 19.767745697148609 ], [ 74.308923395754618, 19.767892678651009 ], [ 74.308495075080401, 19.768095125038219 ], [ 74.308105955734192, 19.768280816349478 ], [ 74.307715322993431, 19.76845096817727 ], [ 74.305807763677123, 19.769330363020519 ], [ 74.30324110843668, 19.77048169017279 ], [ 74.30069324677423, 19.771651258941105 ], [ 74.299721736025504, 19.772127059900672 ], [ 74.297684508895557, 19.772982254303766 ], [ 74.294918765699364, 19.774026870629044 ], [ 74.293944571932713, 19.774353289985822 ], [ 74.293207234591677, 19.774483817331411 ], [ 74.292096218037116, 19.774695546300038 ], [ 74.291099574879212, 19.774926646408225 ], [ 74.290182355815872, 19.775276468700756 ], [ 74.288372275243887, 19.775949172524736 ], [ 74.287218426728387, 19.776151131290412 ], [ 74.286280193693074, 19.776297266859942 ], [ 74.284318388245381, 19.776561047324059 ], [ 74.283261502333033, 19.776655890234714 ], [ 74.281309497502576, 19.776906029890874 ], [ 74.279495921158954, 19.777149144592094 ], [ 74.278491848023648, 19.777235501874934 ], [ 74.277514738128531, 19.777353484633792 ], [ 74.275181562611635, 19.77761272842908 ], [ 74.274468030531438, 19.776437083631187 ], [ 74.274231998062874, 19.775923153317724 ], [ 74.274084127859808, 19.775577585842171 ], [ 74.273735658788269, 19.774587585966774 ], [ 74.273043216646585, 19.772951032062426 ], [ 74.272800690775199, 19.772224519199625 ], [ 74.272345742726841, 19.771002457128766 ], [ 74.271820218358741, 19.769386217289682 ], [ 74.271201122223559, 19.767633034554695 ], [ 74.270857651358511, 19.766624925887861 ], [ 74.270574373588687, 19.765748703432624 ], [ 74.270259275322729, 19.764441233154365 ], [ 74.270160144784001, 19.764029897660585 ], [ 74.269726999990482, 19.762297215366587 ], [ 74.269549356130071, 19.761386257231031 ], [ 74.269222812565062, 19.760201971392217 ], [ 74.268215751815973, 19.760166206191101 ], [ 74.267481571554853, 19.7600843051205 ], [ 74.266995515552225, 19.760019227828714 ], [ 74.266611786880404, 19.75980617869012 ], [ 74.26636032631589, 19.75953160670695 ], [ 74.266511627294861, 19.759149339438363 ], [ 74.2665779400497, 19.758860853908953 ], [ 74.266729769733956, 19.758596171725497 ], [ 74.266830643517096, 19.75822671871093 ], [ 74.266268199287225, 19.758165132244113 ], [ 74.265477150468953, 19.75805077369397 ], [ 74.26460318090588, 19.75789086354839 ], [ 74.263548219075489, 19.757704484437976 ], [ 74.262840277863859, 19.757460073149023 ], [ 74.261847434920512, 19.757112529383409 ], [ 74.260613676556005, 19.756580966334276 ], [ 74.25984469247966, 19.756267977531319 ], [ 74.258904870845257, 19.755889446523252 ], [ 74.257912346371057, 19.755510164104891 ], [ 74.256089420159768, 19.754785423106693 ], [ 74.254366098704054, 19.754107178192516 ], [ 74.2527282122972, 19.753452717730443 ], [ 74.251893266011507, 19.753089046242227 ], [ 74.25098658599849, 19.752724527441696 ], [ 74.250100709293463, 19.752242555205566 ], [ 74.249195410540452, 19.751787685387239 ], [ 74.247843665027759, 19.751171712390764 ], [ 74.247812688058801, 19.750864000527429 ], [ 74.247515302858773, 19.750354880103327 ], [ 74.247372685167804, 19.749639926129316 ], [ 74.247326672695749, 19.748840247951463 ], [ 74.247198270429081, 19.747786898738095 ], [ 74.24716510950843, 19.747438944121509 ], [ 74.247043836374402, 19.746895762672285 ], [ 74.246880776957269, 19.745936708156307 ], [ 74.246822216650926, 19.745349149494228 ], [ 74.246809591404471, 19.744074218915284 ], [ 74.245104197872024, 19.744027590893605 ], [ 74.242968025368654, 19.744285065543437 ], [ 74.239416633581357, 19.744420854320595 ], [ 74.236866567159481, 19.744600783646312 ], [ 74.235195161074628, 19.743704001249647 ], [ 74.234322317636682, 19.743349981434513 ], [ 74.233526173657324, 19.742974191909507 ], [ 74.231958868273765, 19.742471483269057 ], [ 74.231225369582305, 19.742389885661641 ], [ 74.227001836707245, 19.742160356393359 ], [ 74.224105078716306, 19.742145234561118 ], [ 74.22414147122835, 19.740995592855516 ], [ 74.224368257375886, 19.739129707872955 ], [ 74.224173461792915, 19.738071006142778 ], [ 74.223906636685257, 19.736834215980714 ], [ 74.223187005523869, 19.736311529923682 ], [ 74.222484008014888, 19.736429006630047 ], [ 74.221746870317602, 19.736604784810083 ], [ 74.221463514176222, 19.736736490275565 ], [ 74.221278729919703, 19.736982460430013 ], [ 74.220768674432037, 19.73729193586545 ], [ 74.220226518182216, 19.737506270619459 ], [ 74.219803152017505, 19.737762648672639 ], [ 74.219078586575463, 19.738055871442977 ], [ 74.218327173615293, 19.738231354494449 ], [ 74.217686528283579, 19.738327094487765 ], [ 74.217328061392791, 19.738372192011134 ], [ 74.216663343063274, 19.738485566390956 ], [ 74.216070254437739, 19.738595377928103 ], [ 74.215626184646609, 19.738621328741033 ], [ 74.215273164739429, 19.73862589839176 ], [ 74.215000004041329, 19.738703641061093 ], [ 74.214673928029029, 19.738825856457506 ], [ 74.213109081079295, 19.738833026355753 ], [ 74.207884269512093, 19.738901740277289 ], [ 74.202038915419323, 19.73899399352646 ], [ 74.19961920612586, 19.73906222356873 ], [ 74.195691612254919, 19.739156176675611 ], [ 74.189655809781001, 19.739223037826559 ], [ 74.189197064427773, 19.739275738401979 ], [ 74.188689625921526, 19.738732038689218 ], [ 74.188157422735642, 19.738081920208121 ], [ 74.185384539474683, 19.734694648168542 ], [ 74.183616075687354, 19.732613509857551 ], [ 74.183036848840828, 19.73241650822602 ], [ 74.181226539553379, 19.731589634184001 ], [ 74.179960926078948, 19.732349595683282 ], [ 74.179079081608663, 19.731803913259327 ], [ 74.178412478701219, 19.731390772206272 ], [ 74.172435144242371, 19.730893497915936 ], [ 74.169477151388577, 19.730593281874445 ], [ 74.167116267492517, 19.73055808750842 ], [ 74.166891028929541, 19.729972875704238 ], [ 74.166398596184337, 19.729388677717026 ], [ 74.165614461714284, 19.728678960588095 ], [ 74.165195827443142, 19.72812271579701 ], [ 74.164989473951138, 19.72744446530724 ], [ 74.164618476755976, 19.726490198126402 ], [ 74.164280469244119, 19.725786167043275 ], [ 74.164197331031815, 19.724945469171651 ], [ 74.164730781667075, 19.724343131143748 ], [ 74.164848726746555, 19.723775890120322 ], [ 74.164708823977577, 19.722248455147771 ], [ 74.164833058897599, 19.720909409610822 ], [ 74.165069393790461, 19.720081987054051 ], [ 74.165110390179237, 19.719229338815968 ], [ 74.16484545701752, 19.718417928540809 ], [ 74.164595039420107, 19.717927272851249 ], [ 74.164062627622144, 19.717143987345846 ], [ 74.163824952758844, 19.716761692323562 ], [ 74.163528438632738, 19.716152996315142 ], [ 74.163319549395752, 19.715432520302134 ], [ 74.162840217298381, 19.714938854144012 ], [ 74.161774269253911, 19.713782893112047 ], [ 74.161484003910132, 19.713400002617863 ], [ 74.160837890150233, 19.712240566815087 ], [ 74.160519718858637, 19.711816577637098 ], [ 74.160071744809215, 19.711458757985888 ], [ 74.159786752304655, 19.711053266686683 ], [ 74.159451825427055, 19.710466597455671 ], [ 74.159175937482217, 19.710083899410591 ], [ 74.158820251507166, 19.709618803792278 ], [ 74.158414979424734, 19.709279481718685 ], [ 74.157891667651441, 19.708861960419977 ], [ 74.157594411131257, 19.708636947597437 ], [ 74.157310389810618, 19.708493283440056 ], [ 74.156974800976101, 19.708276697696554 ], [ 74.156702959804704, 19.707948132651325 ], [ 74.156545219605832, 19.707643635502617 ], [ 74.156545792562937, 19.707282649388553 ], [ 74.156549420285771, 19.706867436776921 ], [ 74.156643052836927, 19.706331488735188 ], [ 74.156975890017293, 19.7059115142746 ], [ 74.157298413053127, 19.705708096593252 ], [ 74.157693170624384, 19.705458184205739 ], [ 74.157806066517168, 19.704906808931806 ], [ 74.157747097696358, 19.704373371061997 ], [ 74.157617682525881, 19.704087277159903 ], [ 74.15763022928077, 19.703554808955705 ], [ 74.157631900124628, 19.702787435023836 ], [ 74.157546388116216, 19.702438885062875 ], [ 74.157376234250364, 19.702070576363148 ], [ 74.157179039079267, 19.701786343254614 ], [ 74.15691379137094, 19.701371357529457 ], [ 74.15648019155077, 19.700807879590389 ], [ 74.156175607327512, 19.70039081810685 ], [ 74.155892709122057, 19.699936968064915 ], [ 74.155832674564934, 19.6995862903463 ], [ 74.155834183799229, 19.699157480316682 ], [ 74.155858432411478, 19.698796786516468 ], [ 74.155673411728941, 19.698408370445719 ], [ 74.155379570470146, 19.697950942588886 ], [ 74.155240757951205, 19.697655743509184 ], [ 74.155154447617576, 19.697361138981819 ], [ 74.155065275929175, 19.696933455527976 ], [ 74.154776449212349, 19.696462524350085 ], [ 74.154574605089167, 19.696238777732965 ], [ 74.154267153942527, 19.696067704572879 ], [ 74.153907419866343, 19.695873427064594 ], [ 74.153531100877785, 19.695587392903473 ], [ 74.153373414819427, 19.695211890464819 ], [ 74.153349414597315, 19.694895641827703 ], [ 74.153287695850011, 19.69454729022301 ], [ 74.153227621488071, 19.694090592868271 ], [ 74.153215698458041, 19.6935984562339 ], [ 74.153443233928968, 19.693362168567827 ], [ 74.153835256940127, 19.692979062570537 ], [ 74.153991893480736, 19.692696858583506 ], [ 74.153983953417168, 19.692263362225194 ], [ 74.153861206299979, 19.691851003210626 ], [ 74.153655956452496, 19.691536826458208 ], [ 74.153361929696572, 19.691095205696325 ], [ 74.152992168671176, 19.690607390017721 ], [ 74.152716023021142, 19.690256217388448 ], [ 74.153118173861571, 19.688512444985772 ], [ 74.152656637618321, 19.687781945950871 ], [ 74.152247310646956, 19.6874019046905 ], [ 74.151879527640773, 19.687112779634319 ], [ 74.15145731127933, 19.686953738993971 ], [ 74.15074813563939, 19.686858716450818 ], [ 74.150277659634, 19.686744207757151 ], [ 74.149950600549829, 19.68644201604161 ], [ 74.149665285083088, 19.686226151835282 ], [ 74.148990167424373, 19.687390907518029 ], [ 74.148262673654955, 19.68920048196739 ], [ 74.147785620491234, 19.690187200168548 ], [ 74.145909603953996, 19.691277642442408 ], [ 74.139492156015237, 19.695052714131076 ], [ 74.135109097598985, 19.690837936148956 ], [ 74.136126691009594, 19.690061352040278 ], [ 74.137021604620116, 19.68920645609132 ], [ 74.138928188379225, 19.686681319882062 ], [ 74.137813430332557, 19.68464441017808 ], [ 74.137027954305978, 19.683577972865532 ], [ 74.138230558616584, 19.68222147825951 ], [ 74.139378990915915, 19.680972815738702 ], [ 74.140245932140701, 19.680067799680465 ], [ 74.141368908228657, 19.678606545371558 ], [ 74.142409301854684, 19.677248048259159 ], [ 74.143472095114817, 19.6750140541298 ], [ 74.144256495768914, 19.673552897250943 ], [ 74.142043804315094, 19.670292050474913 ], [ 74.141091619759123, 19.67018473603445 ], [ 74.137867830137111, 19.670851088433135 ], [ 74.137558979688436, 19.669145375063056 ], [ 74.134782737201618, 19.667258204062804 ], [ 74.13367995052073, 19.667027006870939 ], [ 74.13378209596253, 19.664609097859039 ], [ 74.133669832142942, 19.664133612182528 ], [ 74.132154096380987, 19.661820664365244 ], [ 74.131568848999237, 19.660440760406701 ], [ 74.129919482574238, 19.659430586747785 ], [ 74.129617530482719, 19.659209938704546 ], [ 74.129398441313356, 19.65887302751857 ], [ 74.129210749393991, 19.658662959986284 ], [ 74.128721936548104, 19.658187036896386 ], [ 74.128028169292932, 19.657694923440783 ], [ 74.127493268793842, 19.657426082534894 ], [ 74.126713800014855, 19.657418091622045 ], [ 74.126442851228958, 19.657200040625177 ], [ 74.126119122968717, 19.656839315015681 ], [ 74.125772582737113, 19.656410379542422 ], [ 74.125518998348952, 19.656145201246122 ], [ 74.125405829906128, 19.655733028035982 ], [ 74.125360537239132, 19.655253933128293 ], [ 74.125335684006217, 19.654991816393672 ], [ 74.12533348163457, 19.654495205132548 ], [ 74.125402658425202, 19.654006429235324 ], [ 74.125470420213048, 19.653291863598238 ], [ 74.125322210941079, 19.653001057569988 ], [ 74.125079499029084, 19.652636820894259 ], [ 74.124811773402826, 19.652362347360523 ], [ 74.124562841628602, 19.652106359407863 ], [ 74.124292091415498, 19.652035064976317 ], [ 74.123903585319013, 19.651867442182525 ], [ 74.123648234589595, 19.651724207905886 ], [ 74.123331426470827, 19.651543969226339 ], [ 74.12311550271842, 19.651313193084658 ], [ 74.123100462670976, 19.650714933007922 ], [ 74.123120568982714, 19.650317961068442 ], [ 74.123201404385668, 19.650007520431831 ], [ 74.123416530207649, 19.649649335944808 ], [ 74.123460176281725, 19.649279776008637 ], [ 74.123461690962671, 19.648850990620733 ], [ 74.12347301502912, 19.64840880122858 ], [ 74.123484608585358, 19.647939539722735 ], [ 74.12342800289791, 19.647577650845882 ], [ 74.123372373296334, 19.647303792099827 ], [ 74.123018936400769, 19.646863594302765 ], [ 74.122611807218632, 19.646343619764039 ], [ 74.122275742820506, 19.645856250985389 ], [ 74.121948777018901, 19.645391488001806 ], [ 74.121573768524769, 19.644953237704367 ], [ 74.121294801222589, 19.644607860625911 ], [ 74.121007499074324, 19.644232593472218 ], [ 74.120728854075196, 19.643892676099629 ], [ 74.120533091957796, 19.643422804538869 ], [ 74.120370231220534, 19.643154403175441 ], [ 74.12009459691869, 19.64276715864716 ], [ 74.119884642019372, 19.642461955895531 ], [ 74.119712502075529, 19.642168543395183 ], [ 74.119589215387577, 19.64154486751789 ], [ 74.119037835866138, 19.642333379052829 ], [ 74.118603556307889, 19.643004607722418 ], [ 74.118292904598647, 19.643700219185938 ], [ 74.117932013667854, 19.644083566143767 ], [ 74.117258974068577, 19.644295948561744 ], [ 74.116855660632908, 19.64448907536902 ], [ 74.116576088486852, 19.644693075177685 ], [ 74.116381205226915, 19.644979318472615 ], [ 74.115918491136156, 19.645636816241762 ], [ 74.115424545757165, 19.646474219875444 ], [ 74.114776924447256, 19.646100095225165 ], [ 74.113937678699529, 19.645782100206656 ], [ 74.112702824117008, 19.64578376881385 ], [ 74.11167376331673, 19.645729490533171 ], [ 74.110781344065842, 19.645780841844488 ], [ 74.109693054482747, 19.645865619546903 ], [ 74.108954459115651, 19.645837820137761 ], [ 74.108584818156288, 19.645999892905934 ], [ 74.107467375613865, 19.646124967104864 ], [ 74.106727735537859, 19.646164789384084 ], [ 74.105994122140487, 19.646439406518436 ], [ 74.105376113687782, 19.646643297516601 ], [ 74.104175911090152, 19.64719152298419 ], [ 74.102870724519619, 19.647756446227479 ], [ 74.10187217747783, 19.648208014464274 ], [ 74.101091544041694, 19.648441481329137 ], [ 74.099936601208967, 19.648836721398691 ], [ 74.100127085054325, 19.647891510281369 ], [ 74.100228667266506, 19.646836570825862 ], [ 74.1003741929445, 19.64601251279997 ], [ 74.100461291700356, 19.645616453839558 ], [ 74.100558014603621, 19.644612247472466 ], [ 74.100126805550957, 19.643738836901139 ], [ 74.098822850995631, 19.641017821490159 ], [ 74.098325778839921, 19.640771894521361 ], [ 74.09766143750349, 19.640884908824216 ], [ 74.097357141364952, 19.641147104490571 ], [ 74.096982943819313, 19.641302394219515 ], [ 74.096606710556642, 19.641515183146659 ], [ 74.096026324090232, 19.64183351182545 ], [ 74.095626993351601, 19.642071975793069 ], [ 74.095151108623213, 19.642331949994677 ], [ 74.09449836899924, 19.642621124756594 ], [ 74.093993331071118, 19.642921312566514 ], [ 74.093339742512867, 19.643264606836748 ], [ 74.092762269567388, 19.643622507345896 ], [ 74.09222291606541, 19.643976404271172 ], [ 74.091934341977947, 19.644143956002036 ], [ 74.091306243454639, 19.645020269738154 ], [ 74.090639280375967, 19.645941191823919 ], [ 74.090393743205098, 19.646420964533611 ], [ 74.090102500371259, 19.646798041062389 ], [ 74.089669329131269, 19.647359002859723 ], [ 74.089133178444584, 19.648141775558376 ], [ 74.088831253735961, 19.64856652755627 ], [ 74.088627548279646, 19.648798504091157 ], [ 74.088277089647434, 19.648951730418727 ], [ 74.087673087807943, 19.649169350395539 ], [ 74.086685135109619, 19.649553383513517 ], [ 74.085758742899429, 19.649965146766494 ], [ 74.08528344295226, 19.650184565923556 ], [ 74.084736956110035, 19.649743900192281 ], [ 74.084433225256518, 19.649329075620983 ], [ 74.083927946531091, 19.649001798346443 ], [ 74.083431131375349, 19.649156323982393 ], [ 74.083200818241352, 19.649346779059066 ], [ 74.082927144013027, 19.649606767578089 ], [ 74.082259936011937, 19.650220632882355 ], [ 74.081349060887419, 19.650967004282535 ], [ 74.080802064188461, 19.651415211851393 ], [ 74.080124098040784, 19.651794263137667 ], [ 74.079341064273024, 19.652180986878911 ], [ 74.078686636081883, 19.652578438315384 ], [ 74.078302932290953, 19.652776913293145 ], [ 74.077950601340504, 19.652957863260642 ], [ 74.077866269782206, 19.653235287405323 ], [ 74.078157773985737, 19.653803164982865 ], [ 74.078444305280314, 19.654425710110306 ], [ 74.078501220893301, 19.654903833024907 ], [ 74.07852950067516, 19.655744817039579 ], [ 74.0783423650674, 19.656459996632481 ], [ 74.078139007451469, 19.656980793240063 ], [ 74.077923203660603, 19.657379628089576 ], [ 74.07743190537515, 19.65770707421871 ], [ 74.076806502904518, 19.65792475815276 ], [ 74.076436547022368, 19.658262331253191 ], [ 74.076070768135963, 19.658553121619494 ], [ 74.07570887906482, 19.65877160913211 ], [ 74.075407488169887, 19.65883968803055 ], [ 74.074626471024246, 19.658875935155383 ], [ 74.073638287051324, 19.658851920000735 ], [ 74.072989917788107, 19.658838759329374 ], [ 74.072517510035865, 19.658934245849544 ], [ 74.072366246726119, 19.659314196243592 ], [ 74.071803217896317, 19.66018239752275 ], [ 74.071436462112871, 19.660591167457259 ], [ 74.070650082688374, 19.660644227857944 ], [ 74.069671704578738, 19.660800691273046 ], [ 74.069310420244491, 19.660875466224759 ], [ 74.068967058526113, 19.660946453598012 ], [ 74.067720928789456, 19.661076986113919 ], [ 74.067347250929942, 19.661168270681422 ], [ 74.066953176741805, 19.661152011968685 ], [ 74.066413320493751, 19.661129771896263 ], [ 74.065801595143725, 19.661106117126227 ], [ 74.064783163556413, 19.661083998248866 ], [ 74.063741256271882, 19.661056342849278 ], [ 74.063214326691494, 19.660989602396935 ], [ 74.062749416654412, 19.660930080152898 ], [ 74.062025634104856, 19.660861558465911 ], [ 74.061577221810197, 19.660873524463753 ], [ 74.060980970350215, 19.661054929325278 ], [ 74.060667744619607, 19.661150989589615 ], [ 74.060204409328648, 19.661295428332021 ], [ 74.059548846562208, 19.661626849513237 ], [ 74.058486342144647, 19.662087819000398 ], [ 74.058129038417377, 19.662210983809189 ], [ 74.057656230977216, 19.662215052940841 ], [ 74.056599613422421, 19.662092446134668 ], [ 74.056102522506905, 19.662016664261241 ], [ 74.055786101579415, 19.661968450828862 ], [ 74.055362454830089, 19.661953691345527 ], [ 74.05451372335915, 19.661924163642649 ], [ 74.054086166273706, 19.661892304989053 ], [ 74.053351872733487, 19.661876718988236 ], [ 74.052869343488751, 19.661870170059693 ], [ 74.051900824938727, 19.66201242106678 ], [ 74.051591884564658, 19.662154867823425 ], [ 74.050754371928704, 19.662662928405883 ], [ 74.050186569375924, 19.663093791495562 ], [ 74.049437117940016, 19.663609903705449 ], [ 74.04903363602098, 19.663880641798112 ], [ 74.04860297329968, 19.664171805344097 ], [ 74.048357963093977, 19.664337376971847 ], [ 74.047616637654457, 19.664867834730739 ], [ 74.04739434768986, 19.665108282048955 ], [ 74.047191632404591, 19.665327584569471 ], [ 74.046600484500914, 19.665842478845352 ], [ 74.045662900608448, 19.666660176105847 ], [ 74.044531431227526, 19.666744055261535 ], [ 74.04422366213339, 19.666755656344851 ], [ 74.0438418322573, 19.66677004537711 ], [ 74.043477041693691, 19.666783820639967 ], [ 74.043025693690765, 19.666807298264892 ], [ 74.042722247438988, 19.666823031673676 ], [ 74.041127125852839, 19.666931942632687 ], [ 74.04031150752769, 19.667042900607985 ], [ 74.039575087211361, 19.667177296917181 ], [ 74.038763454235863, 19.667247464959431 ], [ 74.037828880155502, 19.667322358846636 ], [ 74.037464694211423, 19.667351535473436 ], [ 74.037000374825638, 19.667408848877589 ], [ 74.036246441305025, 19.66750190590146 ], [ 74.035482017348343, 19.66759969578565 ], [ 74.034802365350927, 19.667761937785304 ], [ 74.034487212746171, 19.667899625739611 ], [ 74.033986164324901, 19.668234418005063 ], [ 74.03362814246384, 19.668774939250941 ], [ 74.033189244043456, 19.669383145336063 ], [ 74.032789392378035, 19.66955440321075 ], [ 74.032006437039655, 19.669719866428782 ], [ 74.031313479524385, 19.669830912157824 ], [ 74.031006827680741, 19.669925988575258 ], [ 74.030736579507376, 19.670112081066335 ], [ 74.030486285274591, 19.670284466270886 ], [ 74.030007435937307, 19.670724724619959 ], [ 74.029095577047556, 19.670793387885123 ], [ 74.028590133888528, 19.670791018782875 ], [ 74.026874653615906, 19.670983707131978 ], [ 74.026439691489003, 19.671002800652918 ], [ 74.025381598791128, 19.671049257926047 ], [ 74.023612887903326, 19.671020352012203 ], [ 74.023360787434882, 19.671282577090693 ], [ 74.022692155643128, 19.671978070280598 ], [ 74.022284411319617, 19.672360202423658 ], [ 74.021448545609317, 19.673143594648305 ], [ 74.021093901547871, 19.673452835797367 ], [ 74.020883111599957, 19.67363666720976 ], [ 74.019988632869655, 19.673490476480762 ], [ 74.019451801806227, 19.673402753649242 ], [ 74.018033172617336, 19.673209241177243 ], [ 74.017414254486056, 19.673146528080423 ], [ 74.016630071291686, 19.672973282296347 ], [ 74.015647789999562, 19.672657239142143 ], [ 74.015315459915726, 19.672631916091131 ], [ 74.014923766400358, 19.672602067939962 ], [ 74.013956826639131, 19.672218630318167 ], [ 74.012914737339059, 19.671459495695281 ], [ 74.012613342776348, 19.671232141058656 ], [ 74.012061362314796, 19.670815822829447 ], [ 74.011808688501318, 19.670612450016097 ], [ 74.011406551096329, 19.670276613276123 ], [ 74.010891735034718, 19.670502373788203 ], [ 74.010613310157808, 19.670719112596647 ], [ 74.010186144238304, 19.671099154318313 ], [ 74.009929290136668, 19.671327673318928 ], [ 74.00906753900253, 19.672094787875462 ], [ 74.008402927463607, 19.672630856349102 ], [ 74.007949265201091, 19.672361138591906 ], [ 74.007649431458077, 19.672113327146725 ], [ 74.007193754371244, 19.671705741007305 ], [ 74.006793419464643, 19.671347654106068 ], [ 74.005726623549108, 19.670335400907248 ], [ 74.004742972473792, 19.669184435518652 ], [ 74.004150007532857, 19.668263565314529 ], [ 74.003743905001429, 19.66782233388582 ], [ 74.003399781190126, 19.667505807572262 ], [ 74.002692726510489, 19.667937346233639 ], [ 74.001867951463709, 19.668539722635998 ], [ 74.001111788689244, 19.669090170704308 ], [ 74.000643258739146, 19.669118911495389 ], [ 74.00032011661267, 19.669097024208114 ], [ 73.999507535047911, 19.668936848747101 ], [ 73.99922012654477, 19.668620294421451 ], [ 73.997998725529072, 19.667429791119453 ], [ 73.996786149595792, 19.666902947668625 ], [ 73.995098462503776, 19.667181814967346 ], [ 73.9946578888039, 19.667323367365515 ], [ 73.994189671785605, 19.667473799646672 ], [ 73.993052130011819, 19.667839274180956 ], [ 73.991858253772122, 19.667953602207334 ], [ 73.991451076633552, 19.66810279871174 ], [ 73.990707117943145, 19.668375393890777 ], [ 73.989991219515176, 19.668364958775683 ], [ 73.988945497581341, 19.66789041296585 ], [ 73.987811010129263, 19.668120537957154 ], [ 73.987414807803404, 19.668287699298727 ], [ 73.987137474340528, 19.668413847884903 ], [ 73.985631541606779, 19.669098820521562 ], [ 73.985019559920872, 19.669271888634682 ], [ 73.984377570808476, 19.669453439174511 ], [ 73.983806656388495, 19.669614887332354 ], [ 73.983456133966754, 19.669735278348945 ], [ 73.983133277837183, 19.66984616508832 ], [ 73.981773827971125, 19.670313066970827 ], [ 73.981446046151703, 19.670533805253044 ], [ 73.980723261271919, 19.671020544783808 ], [ 73.97990583959286, 19.672060659837186 ], [ 73.979497743034869, 19.67286878898631 ], [ 73.979262472564656, 19.673334679326253 ], [ 73.979059384104204, 19.673736837854541 ], [ 73.97832906942196, 19.674977884634647 ], [ 73.978010950761146, 19.675518403688617 ], [ 73.977553103517167, 19.675521038700815 ], [ 73.976832421632793, 19.675315630522395 ], [ 73.976537124621061, 19.675231473863068 ], [ 73.976261551128232, 19.675203389450193 ], [ 73.974756960690797, 19.675032155223292 ], [ 73.974392288852798, 19.675008224171272 ], [ 73.973956874959597, 19.674944035941671 ], [ 73.973433537081377, 19.674865932423575 ], [ 73.972999838036856, 19.674794253179854 ], [ 73.972647190336957, 19.674626895301842 ], [ 73.972346606105262, 19.674442969089192 ], [ 73.972083595203131, 19.67428203351707 ], [ 73.971820584935386, 19.674121097510323 ], [ 73.97140728214093, 19.673868197365682 ], [ 73.971071724883316, 19.673600521947044 ], [ 73.970762948279543, 19.673307668123797 ], [ 73.970485051556452, 19.673044099356243 ], [ 73.970284451076495, 19.672725213152518 ], [ 73.97012249850637, 19.672378669704667 ], [ 73.969960546777358, 19.672032126221975 ], [ 73.969816589191126, 19.671724085449473 ], [ 73.969683873277816, 19.671459589326147 ], [ 73.969452123516263, 19.671217052379419 ], [ 73.969231612513767, 19.671018059711109 ], [ 73.968886051225041, 19.670794425302223 ], [ 73.968504074982988, 19.670824175354841 ], [ 73.968158033093147, 19.67099589540571 ], [ 73.967697003675838, 19.671200949276251 ], [ 73.967312812261596, 19.671371825562836 ], [ 73.966907577184386, 19.671599855984049 ], [ 73.966608151030243, 19.671814935953929 ], [ 73.966332510860894, 19.672012932165771 ], [ 73.966106808057077, 19.672175057068717 ], [ 73.965864423135173, 19.67235916381679 ], [ 73.96560405228756, 19.672611168188183 ], [ 73.965305643199727, 19.672830381974521 ], [ 73.964987068700964, 19.673029023891267 ], [ 73.964726072214432, 19.673169283756216 ], [ 73.964390027197609, 19.673288899672386 ], [ 73.964011977366738, 19.673423467672588 ], [ 73.963633925763062, 19.673558035611769 ], [ 73.963171863720618, 19.673722505936595 ], [ 73.962709802435711, 19.673886975854458 ], [ 73.962335345327247, 19.674009842023487 ], [ 73.961963764418613, 19.674123345469937 ], [ 73.961633469073362, 19.674224237241408 ], [ 73.961301713991517, 19.674283814594489 ], [ 73.960926846880014, 19.674304361440441 ], [ 73.960564696722258, 19.674286141094843 ], [ 73.960272499992726, 19.67405469962377 ], [ 73.960055127050808, 19.673844537939146 ], [ 73.95983885154979, 19.673581475075334 ], [ 73.959633293754877, 19.673310784903805 ], [ 73.959453430857877, 19.673073931395557 ], [ 73.959196483771336, 19.672735567878661 ], [ 73.958961809047736, 19.672380306804932 ], [ 73.958770648841465, 19.672045363873259 ], [ 73.958537008282065, 19.671635988857457 ], [ 73.958367089360706, 19.671338260236617 ], [ 73.958175929315786, 19.671003314998305 ], [ 73.958006008129615, 19.670705586029609 ], [ 73.957857328507799, 19.67044507164649 ], [ 73.957666169125218, 19.670110125109247 ], [ 73.957496248358595, 19.669812393957372 ], [ 73.957350051542036, 19.669566371906281 ], [ 73.957207167513147, 19.66933967338753 ], [ 73.956900032795701, 19.669180405768188 ], [ 73.956548965652956, 19.669335469790273 ], [ 73.956161774290408, 19.669390187034494 ], [ 73.955798589908838, 19.669721922705534 ], [ 73.953880156959485, 19.671017167008916 ], [ 73.952698411389292, 19.671564600706898 ], [ 73.950569342928233, 19.672008374181384 ], [ 73.949573275121281, 19.671971608182243 ], [ 73.948760410653165, 19.6715042170011 ], [ 73.948188779063869, 19.671469087014582 ], [ 73.947308316780394, 19.671655129200097 ], [ 73.946750543101217, 19.671945145481303 ], [ 73.945447021380744, 19.671145765490259 ], [ 73.944924660250308, 19.670709586786408 ], [ 73.944021751512167, 19.671112079133028 ], [ 73.942893647981791, 19.671281018313731 ], [ 73.941180682389714, 19.670742148385731 ], [ 73.93974935792248, 19.670487112500108 ], [ 73.938550088081243, 19.670637025108661 ], [ 73.938128670074818, 19.670782325714423 ], [ 73.936790218368984, 19.671243796796468 ], [ 73.935793007531402, 19.67127926178215 ], [ 73.933321318512057, 19.670779142433979 ], [ 73.932570681038314, 19.670596872229034 ], [ 73.931689100074152, 19.67085508820432 ], [ 73.931079850459739, 19.671983741675529 ], [ 73.930860318599116, 19.672530531679332 ], [ 73.930748425779839, 19.672809223389503 ], [ 73.930640972056253, 19.673076857621844 ], [ 73.930488923540338, 19.673455674709302 ], [ 73.930144587385016, 19.673816336593287 ], [ 73.929757576379274, 19.673860398645573 ], [ 73.929606415374536, 19.673385583381382 ], [ 73.929296230274119, 19.67258562356324 ], [ 73.928657842592813, 19.672697359219459 ], [ 73.928355813334065, 19.67295127072984 ], [ 73.927529759255904, 19.673011694246078 ], [ 73.925919156543756, 19.67233870896602 ], [ 73.925532471751524, 19.672725297100843 ], [ 73.924828734365306, 19.6734288911547 ], [ 73.924465637252084, 19.674068965483393 ], [ 73.923935314515177, 19.674007621574024 ], [ 73.923575565432444, 19.673966056083501 ], [ 73.923469932714127, 19.675796865707596 ], [ 73.92228336328796, 19.67603719639758 ], [ 73.920507858363848, 19.676611348572621 ], [ 73.919020285847793, 19.67730361475633 ], [ 73.918353556429409, 19.678137976444741 ], [ 73.917413592537272, 19.678617956835676 ], [ 73.915636887658167, 19.679823013145494 ], [ 73.914344328243203, 19.680943374614852 ], [ 73.913430943376184, 19.681289646710081 ], [ 73.912339940225394, 19.681698232628996 ], [ 73.910776576768058, 19.682296507150255 ], [ 73.910521354164217, 19.682394174290941 ], [ 73.909328583234696, 19.682417591939785 ], [ 73.908929926810217, 19.682596853503163 ], [ 73.907627547769167, 19.684401401994901 ], [ 73.90631397837889, 19.687189624381926 ], [ 73.906251459640046, 19.688113908408223 ], [ 73.906543474342229, 19.688930513246952 ], [ 73.906660481885183, 19.689663344445382 ], [ 73.906314856093601, 19.690428297003866 ], [ 73.906200571162884, 19.690681235606668 ], [ 73.905684238414423, 19.6913507720536 ], [ 73.905303524951421, 19.691593476942653 ], [ 73.904863349550538, 19.691975176160415 ], [ 73.904561589671388, 19.692232103601885 ], [ 73.904138112975247, 19.693472145172443 ], [ 73.905037270835493, 19.69479385923178 ], [ 73.905269473302653, 19.695483231338287 ], [ 73.905313950773007, 19.696269192289062 ], [ 73.906725314348094, 19.696885322592617 ], [ 73.907223946815307, 19.697023374049255 ], [ 73.907878240201356, 19.69696971869018 ], [ 73.909252929085127, 19.695716818684776 ], [ 73.90997554532531, 19.695271359428332 ], [ 73.910336441983475, 19.694780088308633 ], [ 73.911471068245291, 19.6942142965103 ], [ 73.912735810547517, 19.693573542625391 ], [ 73.913175886822387, 19.693485070388327 ], [ 73.913561225663742, 19.693847161748693 ], [ 73.913425163813557, 19.694301110300461 ], [ 73.913085249698042, 19.695866772456501 ], [ 73.913047594804823, 19.696723760057409 ], [ 73.912897520743627, 19.697154882260673 ], [ 73.912359301031572, 19.697702163680621 ], [ 73.911379267135757, 19.698139394814234 ], [ 73.911077683604958, 19.698509595988853 ], [ 73.911254193168361, 19.700579198969642 ], [ 73.911284601871998, 19.702396185096475 ], [ 73.909226100195852, 19.703311939353579 ], [ 73.907251077197458, 19.70451560986465 ], [ 73.906623332538899, 19.704989413451528 ], [ 73.905487276583955, 19.704156135114676 ], [ 73.905137494214785, 19.70395704957366 ], [ 73.904877081291033, 19.705614073597289 ], [ 73.904364356541407, 19.706942571856814 ], [ 73.904192295922385, 19.707851718935846 ], [ 73.903267307653451, 19.708713906195328 ], [ 73.902140817489624, 19.709947714026239 ], [ 73.901531653999555, 19.710746792533278 ], [ 73.90078285202928, 19.711038309785746 ], [ 73.899994651430376, 19.711112653557681 ], [ 73.899185657442487, 19.710992655014778 ], [ 73.898805887905056, 19.711172211002193 ], [ 73.897201743308202, 19.712737586485318 ], [ 73.895266468965119, 19.715416757080433 ], [ 73.894923109577931, 19.71623195457374 ], [ 73.894680076797911, 19.717344894627967 ], [ 73.894677872432993, 19.718364850689849 ], [ 73.895011497337009, 19.719220441633738 ], [ 73.895190907051145, 19.719680541573709 ], [ 73.896010604532307, 19.721782516743829 ], [ 73.897055799355769, 19.723972145900067 ], [ 73.897648500174142, 19.72521375765896 ], [ 73.897921748438549, 19.726188981020183 ], [ 73.898026507281941, 19.726563038043516 ], [ 73.898029468706596, 19.726832299598517 ], [ 73.898000575689295, 19.727389304000177 ], [ 73.897985372111435, 19.72768276598239 ], [ 73.897642502532491, 19.728526250995642 ], [ 73.897611309845104, 19.729572890667427 ], [ 73.897531714613521, 19.729836129571694 ], [ 73.897434766427054, 19.730156990752171 ], [ 73.897506102573857, 19.731191285980408 ], [ 73.897526062847689, 19.73148061942328 ], [ 73.897569997635784, 19.732117659837701 ], [ 73.897625239036827, 19.732399773044108 ], [ 73.897724189564229, 19.732905135738935 ], [ 73.898006390394357, 19.733450811268014 ], [ 73.898254977931828, 19.734244021507958 ], [ 73.898323029552984, 19.73482284848745 ], [ 73.898533497113675, 19.735567655818134 ], [ 73.898652235739206, 19.735987543662574 ], [ 73.898674706836985, 19.736958145682141 ], [ 73.898749394229128, 19.73737236422652 ], [ 73.898997035501708, 19.737969280220213 ], [ 73.89918180220603, 19.738639926703385 ], [ 73.899252660815449, 19.739198344942217 ], [ 73.899328611337523, 19.739622341069047 ], [ 73.899523351809592, 19.74004946133309 ], [ 73.899577337008409, 19.740704249747335 ], [ 73.899610021272821, 19.741069779820531 ], [ 73.899533602957661, 19.741468852087831 ], [ 73.899480459221678, 19.741814802072913 ], [ 73.899417885409648, 19.742274773360698 ], [ 73.899195636889871, 19.743909656606927 ], [ 73.899131735080701, 19.744379822002088 ], [ 73.898427305473973, 19.745452753048291 ], [ 73.897716874946425, 19.746015583829944 ], [ 73.896898946429857, 19.74607279134112 ], [ 73.895911566460001, 19.745840523344278 ], [ 73.895525474375063, 19.745810789877424 ], [ 73.894972814086387, 19.74576814795061 ], [ 73.894042688074677, 19.745810174477558 ], [ 73.893612021066645, 19.745829631149441 ], [ 73.892941226545616, 19.74588884959843 ], [ 73.8918518720686, 19.746005375208949 ], [ 73.89104791746125, 19.746252763740216 ], [ 73.890157725357724, 19.746804781659549 ], [ 73.889292695793131, 19.747840976078415 ], [ 73.889170953961624, 19.748443229007812 ], [ 73.889035844275256, 19.74911179575831 ], [ 73.889010370177729, 19.749382313639881 ], [ 73.88897645405703, 19.749743040334454 ], [ 73.888943412805361, 19.750094234216149 ], [ 73.888699403552891, 19.750453080995584 ], [ 73.888140919763103, 19.750245236338788 ], [ 73.887151473884927, 19.748804446669695 ], [ 73.886539611827985, 19.747116656517385 ], [ 73.886410537445514, 19.744790519110232 ], [ 73.886482120849223, 19.742733633849166 ], [ 73.88590177548231, 19.742725226618333 ], [ 73.885408986529939, 19.742718025223404 ], [ 73.884467970020125, 19.742688918620566 ], [ 73.88440207646822, 19.740686051489199 ], [ 73.880966219481635, 19.7407396887006 ], [ 73.880906624356754, 19.738252078601558 ], [ 73.879871065888906, 19.738855332801581 ], [ 73.879436757055814, 19.739017949580663 ], [ 73.878918409714188, 19.73921206694326 ], [ 73.877725398435771, 19.739658833567802 ], [ 73.877177164275082, 19.739667834099002 ], [ 73.876708962639285, 19.739675535411482 ], [ 73.876336667760526, 19.739639307338095 ], [ 73.876009297674244, 19.739607471184822 ], [ 73.874271546947128, 19.740813301296321 ], [ 73.873525784402972, 19.74119501896844 ], [ 73.873387723204431, 19.73950869428505 ], [ 73.873093848823032, 19.739563291814839 ], [ 73.872645787383817, 19.739772968312199 ], [ 73.872079559519989, 19.74006809668877 ], [ 73.87064699684997, 19.740164111623589 ], [ 73.870362944451742, 19.740157223383015 ], [ 73.869740740274196, 19.740142121899332 ], [ 73.868568362796211, 19.740643925702429 ], [ 73.867671498435342, 19.741226453835235 ], [ 73.867253153823754, 19.741651011199103 ], [ 73.866657297658449, 19.742263170584557 ], [ 73.86614354100665, 19.743338759473797 ], [ 73.865719466856277, 19.745629625267124 ], [ 73.865207157343761, 19.747192593058195 ], [ 73.864863297583611, 19.747792270283465 ], [ 73.863843588092692, 19.747651179105166 ], [ 73.862673693787585, 19.74748930562258 ], [ 73.859906730200308, 19.746893475840736 ], [ 73.859625306340291, 19.746894889542606 ], [ 73.859219679815169, 19.746896916457533 ], [ 73.858397473502919, 19.747570749093349 ], [ 73.856319711897427, 19.747427365121858 ], [ 73.855877353590273, 19.74734271495284 ], [ 73.855073007748757, 19.747084006733502 ], [ 73.855552264103181, 19.746335892520172 ], [ 73.856679310526786, 19.744990189800959 ], [ 73.857434755777717, 19.744090438533686 ], [ 73.858172709217186, 19.743086161823392 ], [ 73.8570186013647, 19.743520988133788 ], [ 73.854602058991176, 19.744460126668756 ], [ 73.853700205169503, 19.744803126342561 ], [ 73.852558024769479, 19.745237178006249 ], [ 73.850986000152176, 19.745674324947725 ], [ 73.849924746252555, 19.745514201034752 ], [ 73.849844837127577, 19.744858672159886 ], [ 73.84938692583016, 19.743989879297349 ], [ 73.847827711921454, 19.743646363116209 ], [ 73.845929931150295, 19.743582284224583 ], [ 73.845065742596901, 19.743050458765694 ], [ 73.841757017299955, 19.740600548294974 ], [ 73.841119337355224, 19.740509862636227 ], [ 73.837194246935724, 19.740717879144714 ], [ 73.836517821367565, 19.739791802215034 ], [ 73.83663104963901, 19.739314271524645 ], [ 73.837509875491733, 19.737789249390978 ], [ 73.838671090363661, 19.735842932515634 ], [ 73.838908414389635, 19.735445149635925 ], [ 73.839589133292563, 19.733842805819336 ], [ 73.839600695217882, 19.732474409316328 ], [ 73.839581242139118, 19.730461057232525 ], [ 73.839565888172402, 19.728875096933013 ], [ 73.83959487131348, 19.728537247807136 ], [ 73.839625041045835, 19.728185421681005 ], [ 73.839523049056083, 19.727769564340836 ], [ 73.839446235883202, 19.727456186073958 ], [ 73.838911652181878, 19.724056291717716 ], [ 73.838759901292079, 19.723261247706404 ], [ 73.838266722660421, 19.722059231229832 ], [ 73.83697656946083, 19.720754047388571 ], [ 73.834424519627262, 19.718526026384183 ], [ 73.834000097216347, 19.718155489988842 ], [ 73.832251104128162, 19.717195285115459 ], [ 73.830038137107294, 19.716309464514659 ], [ 73.829361643803551, 19.716162142742583 ], [ 73.8282367298563, 19.715917156730278 ], [ 73.824936245308592, 19.715610734120673 ], [ 73.822015945422208, 19.715382201231016 ], [ 73.820385973545555, 19.715014946173746 ], [ 73.818965092476191, 19.714402450771502 ], [ 73.818600905004246, 19.713074807955703 ], [ 73.818191404240821, 19.711602003534196 ], [ 73.81773504238069, 19.711230277811726 ], [ 73.818035751735749, 19.710927234329763 ], [ 73.817743291772729, 19.708725156602497 ], [ 73.81738010692608, 19.708438396302352 ], [ 73.816688784075907, 19.707892447937176 ], [ 73.815621496219379, 19.70684143526416 ], [ 73.815050947581483, 19.706279535143903 ], [ 73.814663860107757, 19.70603400216925 ], [ 73.814438197615459, 19.705816346587401 ], [ 73.814323046931634, 19.705511257718292 ], [ 73.814146285466762, 19.705042936070331 ], [ 73.814083367257581, 19.704235363419997 ], [ 73.813998711393097, 19.703148776462349 ], [ 73.813963161916263, 19.702692479798227 ], [ 73.813851659917077, 19.701261279335096 ], [ 73.813704186921171, 19.700207162502139 ], [ 73.813578995993637, 19.699312188695394 ], [ 73.813157588782332, 19.698426268003256 ], [ 73.81260931027397, 19.697674192733466 ], [ 73.812366805329873, 19.697353496445501 ], [ 73.812428016763022, 19.695973431249286 ], [ 73.812518035764668, 19.69516076000815 ], [ 73.812607770680742, 19.694350526623936 ], [ 73.812927853702874, 19.691459084784583 ], [ 73.812591753629334, 19.691379078928307 ], [ 73.81207850296434, 19.691256900808188 ], [ 73.811127434854271, 19.691030497139742 ], [ 73.81064131189305, 19.688157564278065 ], [ 73.810086145395061, 19.685134593946458 ], [ 73.809963587939876, 19.683900721294922 ], [ 73.809622251555808, 19.683813155823067 ], [ 73.809123022485053, 19.683685100190353 ], [ 73.808703089698568, 19.683717265572927 ], [ 73.806877088648392, 19.684811275387943 ], [ 73.80612985931127, 19.685287469661429 ], [ 73.805348832742553, 19.686927495466108 ], [ 73.805076301465434, 19.687830509344334 ], [ 73.804988943128905, 19.689345516177617 ], [ 73.805091024713221, 19.689818014469139 ], [ 73.804266219414885, 19.689997465891533 ], [ 73.803218063200134, 19.68829002717348 ], [ 73.801799138231814, 19.688151424571696 ], [ 73.800420473386879, 19.688330342063924 ], [ 73.799399698821432, 19.688462822772049 ], [ 73.797379703609636, 19.688800347016748 ], [ 73.796525219392763, 19.688943123335015 ], [ 73.795255551906408, 19.689289529629647 ], [ 73.794526925239865, 19.689797645954322 ], [ 73.793173341389007, 19.688444990811821 ], [ 73.792856057925093, 19.68813513223262 ], [ 73.792532342698465, 19.687872186706056 ], [ 73.793087532322673, 19.686375920978829 ], [ 73.79321699737558, 19.686079859951683 ], [ 73.793557548070567, 19.685673289734549 ], [ 73.794062676286174, 19.685070187346554 ], [ 73.796073951078526, 19.684012809961271 ], [ 73.798544565741921, 19.683636547989924 ], [ 73.798864357030098, 19.683590097966128 ], [ 73.801173358646281, 19.68365619829612 ], [ 73.801133936593274, 19.682879428060996 ], [ 73.802303694407158, 19.681091835692825 ], [ 73.803186315450716, 19.68021601243165 ], [ 73.803919352947929, 19.679806262267007 ], [ 73.804750892916744, 19.67934139325261 ], [ 73.806653184827596, 19.678232709685755 ], [ 73.80646449461392, 19.677558807905243 ], [ 73.806306740871349, 19.676995508037677 ], [ 73.804855720950755, 19.676564121658725 ], [ 73.803826419137195, 19.677874429587369 ], [ 73.802624157505306, 19.676873452957629 ], [ 73.802236743015726, 19.67655089437682 ], [ 73.799842964839456, 19.677954626899915 ], [ 73.800088717284027, 19.676383253903946 ], [ 73.795620654882526, 19.676356762093494 ], [ 73.794437702096488, 19.673923893945464 ], [ 73.794270052568606, 19.673579105300394 ], [ 73.793845251579555, 19.67359530353308 ], [ 73.793175178208728, 19.67203730042581 ], [ 73.792863474182212, 19.671287964076928 ], [ 73.791812043924679, 19.671141243687796 ], [ 73.791500051716326, 19.669841423120978 ], [ 73.790521470304228, 19.669619020339624 ], [ 73.790196606669682, 19.669200734756547 ], [ 73.789886672189652, 19.668801741768302 ], [ 73.789942351068447, 19.667760050966923 ], [ 73.790223815027005, 19.667740452285759 ], [ 73.790901951968408, 19.667693371151554 ], [ 73.790259939681377, 19.666961222859975 ], [ 73.789971740104448, 19.666581440492031 ], [ 73.789902946858206, 19.665566279462702 ], [ 73.790017915306706, 19.665058869727837 ], [ 73.790376752103356, 19.663474984078746 ], [ 73.789931817641445, 19.663534190651376 ], [ 73.789401824172245, 19.663604730742193 ], [ 73.789078715256593, 19.663104267274448 ], [ 73.788883516555941, 19.662801949513437 ], [ 73.78868869093688, 19.662536228055153 ], [ 73.788403140794713, 19.662355765200967 ], [ 73.788076873424387, 19.662149566869019 ], [ 73.787555063008512, 19.661967364467372 ], [ 73.785885065186321, 19.661011923114721 ], [ 73.785216575745665, 19.660620016342214 ], [ 73.784674568704474, 19.660302275890462 ], [ 73.783900944636557, 19.659803137650343 ], [ 73.781738274131641, 19.659955469416172 ], [ 73.781227915843445, 19.656287914799329 ], [ 73.78000807323555, 19.656233377408821 ], [ 73.779824757381263, 19.653536478436738 ], [ 73.779612609321504, 19.651976451552091 ], [ 73.779818548283004, 19.650792649703689 ], [ 73.780781728808677, 19.649376620986001 ], [ 73.781353928961721, 19.648812124651172 ], [ 73.782044808288376, 19.647987755084952 ], [ 73.783691563636665, 19.647881641259332 ], [ 73.786491827968646, 19.6478020362471 ], [ 73.787665466176392, 19.647761161177719 ], [ 73.789890320495559, 19.646449674961985 ], [ 73.791017980622655, 19.645744668274212 ], [ 73.791932483142105, 19.644666328618641 ], [ 73.793005301536937, 19.642389962363602 ], [ 73.790610248134442, 19.642760094852481 ], [ 73.789378104967355, 19.642597162862288 ], [ 73.787690266583354, 19.64118175676753 ], [ 73.786020473980059, 19.640673686068467 ], [ 73.784638844643069, 19.640332504569241 ], [ 73.783464845483195, 19.640111721697508 ], [ 73.77838848078342, 19.640594682084437 ], [ 73.776407654284526, 19.640998017608059 ], [ 73.777517764183102, 19.637088613637715 ], [ 73.77795543492411, 19.635736880446487 ], [ 73.777523517250643, 19.635792521201516 ], [ 73.777208887854485, 19.635749592788081 ], [ 73.77709863733007, 19.635503818468706 ], [ 73.777085346730686, 19.635096352025911 ], [ 73.777079549256598, 19.634745756666696 ], [ 73.777074583735015, 19.634445446173707 ], [ 73.777069352505293, 19.634129069273584 ], [ 73.77706277176955, 19.633731018373929 ], [ 73.777053172628584, 19.633276336656802 ], [ 73.777029582500646, 19.632990355911883 ], [ 73.776656748000278, 19.63290248529518 ], [ 73.776165067620511, 19.632879479925265 ], [ 73.77577011026105, 19.632858341112769 ], [ 73.775481587569374, 19.632697481116367 ], [ 73.77542184229452, 19.632346343628353 ], [ 73.775391753721877, 19.632074397877496 ], [ 73.775345122982699, 19.631652962252723 ], [ 73.775314378871585, 19.631375105038327 ], [ 73.77527882735447, 19.63105378999515 ], [ 73.775246507362993, 19.630761686572306 ], [ 73.775214186587192, 19.630469582285716 ], [ 73.775177820284185, 19.630095749255201 ], [ 73.775155698069156, 19.629813163037234 ], [ 73.775130565805995, 19.629485601703337 ], [ 73.77510611828933, 19.629166974990468 ], [ 73.775076002576355, 19.628770906681435 ], [ 73.775066080469742, 19.628314483108252 ], [ 73.775109474212684, 19.628009687279384 ], [ 73.775156427313604, 19.627719807647271 ], [ 73.775219013738322, 19.62733341091424 ], [ 73.77520717303365, 19.626975446237473 ], [ 73.77477512729601, 19.627136734133625 ], [ 73.774367072685038, 19.627359657138065 ], [ 73.774063385874371, 19.627525575862009 ], [ 73.773758222986785, 19.627692850124255 ], [ 73.773451830771918, 19.627861183127759 ], [ 73.773113537047621, 19.628047071798331 ], [ 73.772776154659866, 19.628232460035012 ], [ 73.772460885027783, 19.628405696478151 ], [ 73.772159291977857, 19.628571417162703 ], [ 73.771892344887817, 19.62871810183622 ], [ 73.771632701165814, 19.628860771230993 ], [ 73.771377385515677, 19.629001064366189 ], [ 73.771019941929111, 19.629197474025908 ], [ 73.770723136986035, 19.629360564274826 ], [ 73.770318693424869, 19.629583542263504 ], [ 73.770010093573148, 19.62975928449379 ], [ 73.769692831778798, 19.629942538940309 ], [ 73.769326163432439, 19.630154366191917 ], [ 73.768948772724471, 19.630374300382851 ], [ 73.768661589094336, 19.630634188766518 ], [ 73.768404957044055, 19.630948646817156 ], [ 73.768110757682095, 19.631313758796715 ], [ 73.767813765734999, 19.631682335881052 ], [ 73.767518955090154, 19.632048205887081 ], [ 73.767307117059886, 19.632311104369315 ], [ 73.767077602779722, 19.632584587417355 ], [ 73.76684307640032, 19.632842313109755 ], [ 73.766621138129437, 19.633073066375701 ], [ 73.766697860816535, 19.63259949668284 ], [ 73.766755479566612, 19.632280884470578 ], [ 73.766842545269697, 19.631883396053112 ], [ 73.76692271921938, 19.631517371794516 ], [ 73.76699870994905, 19.631162708911866 ], [ 73.767059195778032, 19.630709081957992 ], [ 73.766784428786366, 19.630403605798882 ], [ 73.766496264771462, 19.630186170574348 ], [ 73.766211543788273, 19.62997474229925 ], [ 73.765890868653713, 19.629736614064814 ], [ 73.765655453220205, 19.629561797966414 ], [ 73.765382624125039, 19.629359198182748 ], [ 73.765134596628513, 19.629175016178877 ], [ 73.764886569773381, 19.628990834719467 ], [ 73.764601667995393, 19.628776383416682 ], [ 73.764284341230635, 19.628580603343782 ], [ 73.763847020573294, 19.628176373374185 ], [ 73.76204515050955, 19.629286246048906 ], [ 73.760493112857418, 19.62943406532106 ], [ 73.759527540315105, 19.629581938667201 ], [ 73.759130435793011, 19.629386407998897 ], [ 73.756460339144695, 19.627712107048598 ], [ 73.754675598641626, 19.626696589224064 ], [ 73.752150397570176, 19.624761237452311 ], [ 73.750951002483632, 19.6236795436755 ], [ 73.75010017476157, 19.622971567911961 ], [ 73.749677557177733, 19.622617164866949 ], [ 73.749254106156343, 19.622263695739811 ], [ 73.748872655946172, 19.621925344201163 ], [ 73.748410628246077, 19.621881817329712 ], [ 73.747956904008717, 19.621905487640142 ], [ 73.746640348231978, 19.622035081992745 ], [ 73.745512097892018, 19.622729653576101 ], [ 73.744930060980138, 19.623088024991546 ], [ 73.744489969661402, 19.623395409423917 ], [ 73.743949218871194, 19.623773188402939 ], [ 73.743180778111309, 19.621898226317661 ], [ 73.742718545998358, 19.621917660339953 ], [ 73.74240009773105, 19.62193100906034 ], [ 73.741619388751047, 19.621963789275842 ], [ 73.739940380574069, 19.620580768627434 ], [ 73.739371079883028, 19.620163858658792 ], [ 73.738621466127725, 19.61961484186531 ], [ 73.738207329560737, 19.618753697391593 ], [ 73.737971565177361, 19.617786966426667 ], [ 73.736266301151005, 19.617895420304439 ], [ 73.73569200269587, 19.617881053717809 ], [ 73.7351086566959, 19.617866427582349 ], [ 73.733781446154907, 19.617833189165996 ], [ 73.732555461812709, 19.617818240871383 ], [ 73.731310798592474, 19.618318326911766 ], [ 73.72960922208199, 19.617414031290103 ], [ 73.729361414117093, 19.617856272838061 ], [ 73.728559600711947, 19.619287192913365 ], [ 73.727519775671112, 19.620604344976275 ], [ 73.727121583078599, 19.62126718520225 ], [ 73.726766693649324, 19.621238711385111 ], [ 73.726474925222135, 19.621209994960612 ], [ 73.724801064658266, 19.620814161887218 ], [ 73.721479667244893, 19.619787657851912 ], [ 73.720398174211027, 19.619143125781893 ], [ 73.717856085442463, 19.617741498326183 ], [ 73.71651211295071, 19.617389930772877 ], [ 73.713261754874054, 19.616379220957807 ], [ 73.712817151958319, 19.616164176910527 ], [ 73.712195565352701, 19.615554953459434 ], [ 73.711603255327134, 19.61467076040341 ], [ 73.710777212879535, 19.613368925104265 ], [ 73.710390555554923, 19.612986070373754 ], [ 73.70947956449119, 19.612295218900076 ], [ 73.70861303041022, 19.611656683469434 ], [ 73.708604511322122, 19.610989461512656 ], [ 73.708498241949741, 19.609009849802966 ], [ 73.708454096363738, 19.60747646437418 ], [ 73.708365155861912, 19.606351165266922 ], [ 73.70832193765537, 19.605804161000371 ], [ 73.708298445006349, 19.605507092313527 ], [ 73.708351662925764, 19.604956696408397 ], [ 73.708378323228573, 19.60468107501897 ], [ 73.708468227682502, 19.603751095192155 ], [ 73.709074368168885, 19.601875455913596 ], [ 73.709091859564694, 19.601564053396554 ], [ 73.709086441938595, 19.601236273238325 ], [ 73.708124276712851, 19.600576094806112 ], [ 73.707562289853144, 19.600030547152755 ], [ 73.706675738201852, 19.599169269959159 ], [ 73.705950074676153, 19.598445956937365 ], [ 73.705573817530407, 19.598070913043699 ], [ 73.704597525378219, 19.597177664409461 ], [ 73.704044861464354, 19.59667206056146 ], [ 73.703818286412684, 19.596464668258609 ], [ 73.703384371643196, 19.596291615332625 ], [ 73.702956120603773, 19.596120819557335 ], [ 73.701911674848688, 19.595856597975065 ], [ 73.700970979007707, 19.595618557967043 ], [ 73.699642102720546, 19.595152207107681 ], [ 73.699191318625964, 19.594958706137849 ], [ 73.698402666498993, 19.594379022856671 ], [ 73.697501928981893, 19.593678350993244 ], [ 73.696995888544947, 19.593284737586028 ], [ 73.696674620148158, 19.593347660012739 ], [ 73.696014423717116, 19.593476938287122 ], [ 73.695526466890755, 19.59356202266359 ], [ 73.694258052748822, 19.593783189496989 ], [ 73.693759208573269, 19.593789079414371 ], [ 73.692964850822321, 19.593798460182573 ], [ 73.691828690237188, 19.593843376062853 ], [ 73.690009459072243, 19.593693529054221 ], [ 73.689426133106792, 19.593736753870083 ], [ 73.688780410960206, 19.593953405483518 ], [ 73.688307823350442, 19.594111963962821 ], [ 73.687824137507334, 19.594081393194049 ], [ 73.687059242264212, 19.594032988665369 ], [ 73.684985718987605, 19.593407122157462 ], [ 73.684772914918526, 19.592775219855028 ], [ 73.684645967017076, 19.592161038038729 ], [ 73.684540367099032, 19.591650165011803 ], [ 73.684159035720313, 19.590572345970013 ], [ 73.683987027606079, 19.590328069129203 ], [ 73.683489284590479, 19.589621114473164 ], [ 73.682269431017531, 19.588543303806006 ], [ 73.681935529356906, 19.588440141196671 ], [ 73.681589828697454, 19.588333367077539 ], [ 73.680649462946008, 19.588372355390863 ], [ 73.679643512671106, 19.58860027706119 ], [ 73.679013329458158, 19.588626157186283 ], [ 73.678208922514528, 19.588451595721477 ], [ 73.67767081360941, 19.58833482781359 ], [ 73.676941429570434, 19.588176524205739 ], [ 73.676379550096229, 19.588117666149635 ], [ 73.675810187161133, 19.588474672839599 ], [ 73.675095169669603, 19.589147865545581 ], [ 73.67460169260886, 19.589612470769804 ], [ 73.67355667663999, 19.590418369889342 ], [ 73.673129687467522, 19.59054703865359 ], [ 73.671945077490449, 19.590631853803476 ], [ 73.669658364017096, 19.590716693455555 ], [ 73.669372522250555, 19.590669846789595 ], [ 73.668954399582759, 19.590601272388767 ], [ 73.66844191177475, 19.590426299469403 ], [ 73.668152341100608, 19.589579961276705 ], [ 73.667885758022564, 19.589207035980166 ], [ 73.667503582997014, 19.58888903568214 ], [ 73.667120361288468, 19.588613674612933 ], [ 73.666420352562682, 19.588014455368231 ], [ 73.666188949243349, 19.587611854107145 ], [ 73.666135618878556, 19.587355601556993 ], [ 73.666117742150931, 19.587078150016552 ], [ 73.66597349728687, 19.586775083766224 ], [ 73.665846630509165, 19.586508520870886 ], [ 73.665198587640418, 19.58597173987345 ], [ 73.664972401150735, 19.585784348224589 ], [ 73.663135322158055, 19.58502195939873 ], [ 73.66287531681958, 19.584905305218896 ], [ 73.661337250359608, 19.584214956875417 ], [ 73.660769933384373, 19.584712130160188 ], [ 73.658646809460365, 19.58578069769742 ], [ 73.656211892425205, 19.586672246473526 ], [ 73.655464056628603, 19.586867992853634 ], [ 73.653673509546678, 19.587747478781171 ], [ 73.651568483033145, 19.588070237783921 ], [ 73.651182375143293, 19.588063900387827 ], [ 73.649990377144974, 19.588098263872464 ], [ 73.649744923580954, 19.588659805444205 ], [ 73.64892239327439, 19.589509907278053 ], [ 73.648546492683181, 19.589499187608858 ], [ 73.648065373267613, 19.589197486224101 ], [ 73.646951407462169, 19.588846945889561 ], [ 73.646119508544601, 19.588850801709139 ], [ 73.64567440556236, 19.589042830960526 ], [ 73.643501221769327, 19.589969609671599 ], [ 73.643122166610553, 19.590025159931873 ], [ 73.641818902042104, 19.590124998654478 ], [ 73.641273118709663, 19.590166807986581 ], [ 73.640886513630207, 19.590196433967243 ], [ 73.63946319020836, 19.592365885505867 ], [ 73.638717594393952, 19.593221703080832 ], [ 73.637419887022361, 19.59452965711132 ], [ 73.637094847598689, 19.594750056963331 ], [ 73.636521366755247, 19.595138913994379 ], [ 73.635532121593442, 19.595648370462495 ], [ 73.635100511069041, 19.595870622270731 ], [ 73.634708968395017, 19.59595068433708 ], [ 73.634425298903409, 19.596008686633571 ], [ 73.633597329682857, 19.59589109444159 ], [ 73.633185297591453, 19.595768285637917 ], [ 73.632553490679328, 19.595579966503685 ], [ 73.631849776831416, 19.595255515189184 ], [ 73.630784098839399, 19.594764156270116 ], [ 73.629038022231384, 19.593722559641972 ], [ 73.627182987389361, 19.592642890923901 ], [ 73.626387123758406, 19.592144020243175 ], [ 73.625664285864161, 19.59169091820171 ], [ 73.625157611719473, 19.591225859785517 ], [ 73.622588222638541, 19.589435000911926 ], [ 73.622076285572533, 19.58906516479006 ], [ 73.621244236270726, 19.58846071353096 ], [ 73.61959640774073, 19.587263666830282 ], [ 73.619310871212306, 19.587035061275394 ], [ 73.618552713403787, 19.58642802464572 ], [ 73.617559175685329, 19.587272941907006 ], [ 73.616319287753285, 19.585952576025619 ], [ 73.615930020468127, 19.585613296132355 ], [ 73.615812083590541, 19.586296763175401 ], [ 73.61575124431775, 19.587517800776372 ], [ 73.615660401569997, 19.589341703444429 ], [ 73.615637151694671, 19.590087296759716 ], [ 73.615269466330091, 19.592436884132024 ], [ 73.614898563859114, 19.593665114784745 ], [ 73.614624375439533, 19.594283325249428 ], [ 73.614420676231717, 19.594742353886346 ], [ 73.61418484215389, 19.595037512784526 ], [ 73.613707595635006, 19.595634762665142 ], [ 73.613216455052296, 19.595622113110405 ], [ 73.612422501777914, 19.595473311195047 ], [ 73.611444175402582, 19.595260025755568 ], [ 73.610155979581947, 19.594979058758096 ], [ 73.609820967750181, 19.594921706903616 ], [ 73.608286922790711, 19.594658657729379 ], [ 73.607967172680887, 19.594724260461852 ], [ 73.607654769866514, 19.59478843149893 ], [ 73.607133402132504, 19.594870093395308 ], [ 73.606758852473902, 19.595135732349927 ], [ 73.60631147366405, 19.595453227750333 ], [ 73.605754333814659, 19.595820668575303 ], [ 73.605365816512347, 19.596076964803533 ], [ 73.604761087025238, 19.596424383956773 ], [ 73.604072653450899, 19.596808686644895 ], [ 73.602344447968392, 19.597705623806061 ], [ 73.600327199397526, 19.598374087472358 ], [ 73.599738381551902, 19.598481877358775 ], [ 73.599164801767103, 19.598396386061644 ], [ 73.598414121311464, 19.599142555778649 ], [ 73.59782947194239, 19.599669019334147 ], [ 73.596878303526978, 19.600525445492295 ], [ 73.596250434905087, 19.601090869497167 ], [ 73.595342755220372, 19.601908149790294 ], [ 73.595068018037267, 19.60215949079199 ], [ 73.59427650190041, 19.60288377893691 ], [ 73.593768102346061, 19.602801214305956 ], [ 73.593268314997459, 19.602509045219293 ], [ 73.591965535104336, 19.601711223504374 ], [ 73.591966653083759, 19.602183892762227 ], [ 73.591749802268765, 19.602440526639334 ], [ 73.590548065140311, 19.604000431885115 ], [ 73.590346613330382, 19.60426192669102 ], [ 73.588859807386797, 19.606265695423172 ], [ 73.588368660567284, 19.606973322435636 ], [ 73.587654067537898, 19.607031872535291 ], [ 73.58697630008804, 19.607087403505798 ], [ 73.585653140827716, 19.607095418337313 ], [ 73.585278192757983, 19.606479700141779 ], [ 73.584932216909621, 19.605758459174648 ], [ 73.584350638167464, 19.604961909764178 ], [ 73.584056444016397, 19.604688961739232 ], [ 73.58360488532783, 19.604294731737621 ], [ 73.582541984022626, 19.603706365469442 ], [ 73.582173017730184, 19.603571895349884 ], [ 73.581632112374933, 19.603374729121033 ], [ 73.580495374626224, 19.603185453513547 ], [ 73.5797296251463, 19.603057946480209 ], [ 73.577185846553789, 19.602585786410739 ], [ 73.575892214273836, 19.602569309714603 ], [ 73.576639062426693, 19.603254778436387 ], [ 73.577997781342148, 19.604331126218554 ], [ 73.578635936137246, 19.60493924233511 ], [ 73.579432395628956, 19.605698020171875 ], [ 73.579810177764642, 19.606014405049713 ], [ 73.580394844128264, 19.606503905370477 ], [ 73.582458101509587, 19.608212766572375 ], [ 73.582943342198291, 19.60872441819367 ], [ 73.583347034287726, 19.609150057288733 ], [ 73.584785248407954, 19.611382900355249 ], [ 73.584538381892386, 19.611792448838784 ], [ 73.583275581755046, 19.613030083070264 ], [ 73.582979512839799, 19.61321647338977 ], [ 73.582665628029204, 19.613449308057437 ], [ 73.582329576653578, 19.613698583324886 ], [ 73.582087147398198, 19.613878414043182 ], [ 73.581786151366302, 19.614097696501119 ], [ 73.581378986452179, 19.614291979060585 ], [ 73.58106402497809, 19.614397915428842 ], [ 73.580644111282027, 19.614574510672131 ], [ 73.580334920992769, 19.614785800253298 ], [ 73.580086851335338, 19.614987982430893 ], [ 73.579874734253352, 19.615166437324028 ], [ 73.579666622593706, 19.615395368452731 ], [ 73.579516836055078, 19.615714334340101 ], [ 73.57935552421192, 19.61600100643021 ], [ 73.579151604663153, 19.616323138611609 ], [ 73.578970342191909, 19.61660947902271 ], [ 73.578789079955712, 19.616895818435097 ], [ 73.578585160578839, 19.61721795030974 ], [ 73.578428767085214, 19.617465949664584 ], [ 73.578291170331596, 19.617692324189441 ], [ 73.578100880665431, 19.617893867335042 ], [ 73.577725294570541, 19.617874167960423 ], [ 73.577337853689471, 19.6178363799396 ], [ 73.5770367534423, 19.617808858767017 ], [ 73.576652357831861, 19.617794439628479 ], [ 73.576183558158363, 19.617789198781459 ], [ 73.575804098886181, 19.617842285797764 ], [ 73.575425360174449, 19.617905472570154 ], [ 73.575052810847964, 19.617988525339523 ], [ 73.574692637542583, 19.618111311007613 ], [ 73.574255891859195, 19.618267408181854 ], [ 73.573947712887218, 19.618480572824179 ], [ 73.5736168487893, 19.618737506970252 ], [ 73.573319069827036, 19.618968748970889 ], [ 73.573087464120604, 19.619148601179553 ], [ 73.572823937773251, 19.619280170192049 ], [ 73.572516068303884, 19.619386836222048 ], [ 73.572286942166073, 19.61922966965497 ], [ 73.572054861227372, 19.619000397210691 ], [ 73.571851789535799, 19.618799782475847 ], [ 73.571649718137124, 19.618597030400213 ], [ 73.571457655509235, 19.618372893698098 ], [ 73.571241584124593, 19.618109405827855 ], [ 73.570998506046834, 19.617812981750035 ], [ 73.570782435506047, 19.61754949334696 ], [ 73.570532247028481, 19.617259975170484 ], [ 73.570235143946249, 19.616956864411083 ], [ 73.569996325188868, 19.616715480698353 ], [ 73.569703662704754, 19.616437391092244 ], [ 73.569353393537227, 19.616246483782184 ], [ 73.569078827356662, 19.616408871711947 ], [ 73.568846245364611, 19.616585388853338 ], [ 73.568539415942581, 19.616818179565733 ], [ 73.56819849624236, 19.617076837323349 ], [ 73.56789166839097, 19.617309627921266 ], [ 73.567618931688216, 19.617516553342295 ], [ 73.567302341877365, 19.617731711007931 ], [ 73.567010083527407, 19.617903372607515 ], [ 73.566754357713194, 19.618053575872018 ], [ 73.566498631323483, 19.618203778723728 ], [ 73.566206373767912, 19.618375439883863 ], [ 73.56591183719695, 19.618544234782242 ], [ 73.565634463702821, 19.618667227883627 ], [ 73.565274909986059, 19.618821677117669 ], [ 73.564955306702728, 19.618958965366115 ], [ 73.564675655112026, 19.619079092002359 ], [ 73.564398137006179, 19.619194009072366 ], [ 73.564125953534415, 19.619295900710487 ], [ 73.563853770571328, 19.619397792822344 ], [ 73.563536291536252, 19.61947531722365 ], [ 73.563127792270279, 19.619571927455912 ], [ 73.56321493923393, 19.619887972933221 ], [ 73.563489719659557, 19.620228976114543 ], [ 73.56371901812021, 19.620504111252654 ], [ 73.563976338183039, 19.620780637320255 ], [ 73.564247669560373, 19.621057860898443 ], [ 73.564519001096116, 19.621335084031305 ], [ 73.56488077707138, 19.621704711438699 ], [ 73.565152110400604, 19.621981930835368 ], [ 73.565284765670896, 19.622211749374934 ], [ 73.565221469611259, 19.622477078634827 ], [ 73.565129186927209, 19.622789320503284 ], [ 73.565024936882068, 19.62310696825929 ], [ 73.564920687353549, 19.623424615186902 ], [ 73.564803406927197, 19.623781967270844 ], [ 73.5646600649509, 19.624218728730259 ], [ 73.564555815711643, 19.624536374072033 ], [ 73.564451567033345, 19.624854017667662 ], [ 73.564360348532063, 19.625131956175807 ], [ 73.564256099980582, 19.625449598066652 ], [ 73.564138819078948, 19.625806946944863 ], [ 73.564047601345294, 19.6260848829079 ], [ 73.563958903958422, 19.626364623842619 ], [ 73.563867258159533, 19.626691289732463 ], [ 73.563765099636981, 19.627059466639956 ], [ 73.563640240779819, 19.62750945728666 ], [ 73.563526732169876, 19.62791853806317 ], [ 73.563413223788629, 19.628327619912138 ], [ 73.563322417058686, 19.628654883654004 ], [ 73.563220258790764, 19.629023053833393 ], [ 73.563118100883557, 19.629391225063827 ], [ 73.563014132622357, 19.629710391030827 ], [ 73.562874301004612, 19.630103275476504 ], [ 73.562720485450512, 19.630535448802803 ], [ 73.562594638249863, 19.630889043733323 ], [ 73.562482774612647, 19.631203349910695 ], [ 73.562384893723575, 19.631478368198003 ], [ 73.562287071429708, 19.631752747177142 ], [ 73.562189495281928, 19.632021675279859 ], [ 73.562088613793804, 19.632298229115701 ], [ 73.561972931211059, 19.63261535699305 ], [ 73.56185724913577, 19.632932483106703 ], [ 73.561741566510861, 19.633249609250157 ], [ 73.561625884393493, 19.633566733629848 ], [ 73.561524662535476, 19.633844218310479 ], [ 73.561423440300942, 19.634121702096145 ], [ 73.561323232453233, 19.634399154466561 ], [ 73.561218710504065, 19.63471594874542 ], [ 73.561089324829283, 19.63511190415656 ], [ 73.560998754655927, 19.63538907171198 ], [ 73.560908185075064, 19.635666239345603 ], [ 73.560846772094095, 19.636026648865123 ], [ 73.560829385814387, 19.636390302491083 ], [ 73.560808135730568, 19.636834764972566 ], [ 73.5607926803591, 19.637158009944841 ], [ 73.56077915586242, 19.637440849698315 ], [ 73.560766526519203, 19.637704982804674 ], [ 73.560747334908456, 19.638047876677703 ], [ 73.560722495914774, 19.638382089381061 ], [ 73.560700263898056, 19.638676407991884 ], [ 73.560678032751824, 19.638970726744397 ], [ 73.560655801551874, 19.639265044678805 ], [ 73.560627218480789, 19.63964345268036 ], [ 73.560598636260579, 19.640021859970897 ], [ 73.560573230836908, 19.640358221070212 ], [ 73.560547824360967, 19.640694581339954 ], [ 73.560514057528792, 19.641070536197098 ], [ 73.560452919197175, 19.641477101143789 ], [ 73.560406493753632, 19.641759982554952 ], [ 73.560332771724944, 19.642116917546353 ], [ 73.560138983438364, 19.642590370379072 ], [ 73.559980729624058, 19.642949534471679 ], [ 73.559873717949856, 19.64323902469501 ], [ 73.559875327501473, 19.643594118978285 ], [ 73.559457708281528, 19.64441962932672 ], [ 73.55916827943075, 19.645413443949995 ], [ 73.558735262868822, 19.646340914180172 ], [ 73.557090169979801, 19.647791611504051 ], [ 73.55582623659916, 19.64902734651632 ], [ 73.555209933422006, 19.648804371286083 ], [ 73.554153636531467, 19.648131001103422 ], [ 73.553727812668427, 19.648627834878347 ], [ 73.552161063034319, 19.650796510726238 ], [ 73.550892578730497, 19.652520349511398 ], [ 73.550497030186094, 19.653250676661539 ], [ 73.549851094520051, 19.653339255994538 ], [ 73.548829305363014, 19.653367194123735 ], [ 73.548842066732206, 19.653697440189468 ], [ 73.549114913476473, 19.65466958414309 ], [ 73.549214708900365, 19.655444397613895 ], [ 73.548260263401716, 19.655948233683269 ], [ 73.546998782056107, 19.656541917363519 ], [ 73.545329603351803, 19.657738746637584 ], [ 73.543662379438871, 19.659042563393598 ], [ 73.543768591139454, 19.661559995746636 ], [ 73.543856460008726, 19.662835447252593 ], [ 73.543992100197286, 19.664804705395902 ], [ 73.544034581629873, 19.665421347240212 ], [ 73.544113734666155, 19.666150779807193 ], [ 73.543695992812943, 19.666169762465611 ], [ 73.543472720810584, 19.666349705890187 ], [ 73.542657364530726, 19.667206400219403 ], [ 73.541490833670963, 19.668431991121157 ], [ 73.540597177570049, 19.66928711338635 ], [ 73.540139459481537, 19.669724957907111 ], [ 73.539123724216466, 19.670688721060191 ], [ 73.538360559029485, 19.671412927354172 ], [ 73.537891790915225, 19.671882156343294 ], [ 73.537032307409021, 19.672742381046856 ], [ 73.535369157760613, 19.674313686088638 ], [ 73.534733433024641, 19.674914284265121 ], [ 73.534210371488271, 19.675711782483727 ], [ 73.533744793296833, 19.676593329604511 ], [ 73.533439757740155, 19.677325424857468 ], [ 73.533286800104079, 19.677706615110775 ], [ 73.532676749569987, 19.679492050965894 ], [ 73.532276101422141, 19.680664609151361 ], [ 73.531633936644127, 19.682561738901956 ], [ 73.531142647689265, 19.684050356146315 ], [ 73.530935031050376, 19.684679433102183 ], [ 73.530598026891681, 19.685643960292836 ], [ 73.530334589136615, 19.68639790337318 ], [ 73.529991151545175, 19.687380799004465 ], [ 73.52947922622559, 19.688657728050728 ], [ 73.529069172533738, 19.689680093993598 ], [ 73.528978250895136, 19.690447241502358 ], [ 73.52898901441155, 19.69105347939038 ], [ 73.529010612219508, 19.692269906829399 ], [ 73.529022575482841, 19.692965928636326 ], [ 73.529042339965443, 19.694119678381643 ], [ 73.529132049564979, 19.694930561738161 ], [ 73.529143908251356, 19.695680847558883 ], [ 73.529155862077161, 19.696441162828688 ], [ 73.529150952976096, 19.696838552803062 ], [ 73.529146987471293, 19.697164428169675 ], [ 73.528861631133253, 19.697081371514891 ], [ 73.528553393662634, 19.696991524162197 ], [ 73.527486573705104, 19.696864880710283 ], [ 73.525516443422106, 19.69638112493875 ], [ 73.523934821943683, 19.696108144348624 ], [ 73.522741412986321, 19.696096807880394 ], [ 73.522296956215783, 19.696170520013645 ], [ 73.520768230660209, 19.696454056483631 ], [ 73.520291464207659, 19.696651893946157 ], [ 73.518910426763497, 19.697215187809569 ], [ 73.518088522742744, 19.697265352608202 ], [ 73.515458240260472, 19.697514958491865 ], [ 73.515493372400357, 19.697921822377435 ], [ 73.515587063316886, 19.69871514261316 ], [ 73.515645861554489, 19.699213259121738 ], [ 73.515765501292876, 19.699567066115634 ], [ 73.515948898743275, 19.700077338824276 ], [ 73.516290073764182, 19.701213481700357 ], [ 73.516554505685406, 19.701807905195206 ], [ 73.516540207469589, 19.702112960496919 ], [ 73.516449240243375, 19.702639688690628 ], [ 73.516395428060022, 19.702951528246142 ], [ 73.5164867014809, 19.703247436780085 ], [ 73.516745994299143, 19.703595096374361 ], [ 73.51715974985963, 19.70413951346109 ], [ 73.517413119194458, 19.70447293611543 ], [ 73.518065692126626, 19.705245371518778 ], [ 73.5184314217626, 19.70554929002736 ], [ 73.519016048246456, 19.706011561745754 ], [ 73.520136080842263, 19.70667194429269 ], [ 73.519718893852811, 19.706804309562305 ], [ 73.51944270588497, 19.706891971318072 ], [ 73.518812586048838, 19.706933056394938 ], [ 73.518356616439647, 19.707087303939488 ], [ 73.518105087383049, 19.707233065808076 ], [ 73.517785029398866, 19.707446979663533 ], [ 73.517416324304037, 19.707736262679322 ], [ 73.517062757332226, 19.70802243426823 ], [ 73.516726510440662, 19.708236653771213 ], [ 73.516451323337009, 19.708367536193741 ], [ 73.515903571631156, 19.708570324482132 ], [ 73.515508713166085, 19.708729925894644 ], [ 73.514958569367977, 19.708971511268995 ], [ 73.514615531767959, 19.709047648351184 ], [ 73.514337816256528, 19.709100654350639 ], [ 73.514039787322815, 19.709193884731139 ], [ 73.513670600849281, 19.709402293195424 ], [ 73.513342417933302, 19.709979751225529 ], [ 73.512963565379096, 19.709923485612585 ], [ 73.512602566583652, 19.710080279734949 ], [ 73.512248429887691, 19.71012396729202 ], [ 73.511919888967455, 19.710077714857476 ], [ 73.511556407821374, 19.710049990206024 ], [ 73.511169781799936, 19.710354204493576 ], [ 73.510829967522895, 19.710651355126906 ], [ 73.510316920407234, 19.71101774596934 ], [ 73.509752619705978, 19.711315674688173 ], [ 73.509251346449162, 19.711564752546103 ], [ 73.508947893586026, 19.711704368008398 ], [ 73.508489976497401, 19.711931610574009 ], [ 73.507805301063328, 19.71228608425357 ], [ 73.507094967438888, 19.712730582180832 ], [ 73.506660480196203, 19.712983122547588 ], [ 73.506194801893656, 19.713115281462979 ], [ 73.505743980350431, 19.713220587456249 ], [ 73.504770257127532, 19.713830165952441 ], [ 73.504383222212553, 19.713972745162135 ], [ 73.504024782990527, 19.713993783854171 ], [ 73.503422874403171, 19.714010530886075 ], [ 73.502691324852705, 19.714056744196341 ], [ 73.502346085494693, 19.71414577581519 ], [ 73.501966105632448, 19.714283964864659 ], [ 73.501577205457892, 19.714403923275867 ], [ 73.501302747484743, 19.714521245810605 ], [ 73.501029052621789, 19.714606961907837 ], [ 73.500752631503005, 19.714828316576607 ], [ 73.499917775884157, 19.715571455970277 ], [ 73.49942362719608, 19.715913305038306 ], [ 73.499027219173485, 19.716173192373109 ], [ 73.498817493808545, 19.716558326591752 ], [ 73.49817719165695, 19.717117142763747 ], [ 73.497388343304891, 19.717198719720209 ], [ 73.496171533136632, 19.717581472742708 ], [ 73.495335976689404, 19.717865828926904 ], [ 73.494807091905798, 19.718589177941084 ], [ 73.49408781011941, 19.719539934740517 ], [ 73.493532990260178, 19.720113785725687 ], [ 73.492874449931321, 19.720328985087278 ], [ 73.491983269934479, 19.720767868619809 ], [ 73.491438155570592, 19.721349064559249 ], [ 73.490747150259324, 19.721751664174175 ], [ 73.489421970208113, 19.722190232560475 ], [ 73.488386246189407, 19.722457421031411 ], [ 73.487524386245042, 19.722619082677344 ], [ 73.486858924131468, 19.722987464828542 ], [ 73.486336612241018, 19.723358159046438 ], [ 73.485923019811764, 19.72378428047335 ], [ 73.485650525874391, 19.724065030061382 ], [ 73.484983861374317, 19.725026335125644 ], [ 73.484966502588421, 19.725948117294493 ], [ 73.485139190446887, 19.727415474209288 ], [ 73.485634453100488, 19.728481497511176 ], [ 73.485877913600461, 19.72863901716989 ], [ 73.486735711327412, 19.729159947209439 ], [ 73.488155815184427, 19.729753483738588 ], [ 73.489268272558945, 19.729962049423911 ], [ 73.492873824815931, 19.730022841970044 ], [ 73.495281565508193, 19.729846466934937 ], [ 73.495745068637561, 19.730111282669448 ], [ 73.496987630402373, 19.731187579031026 ], [ 73.498307110027284, 19.732565119161787 ], [ 73.49917850649986, 19.733669264422247 ], [ 73.49955059260067, 19.733824446732136 ], [ 73.500213744934342, 19.73385389477879 ], [ 73.50077380160586, 19.733786490647535 ], [ 73.501966166713132, 19.733354994419791 ], [ 73.502565253951559, 19.733234012077336 ], [ 73.503109994736732, 19.733282446491554 ], [ 73.503495853504091, 19.733507829217196 ], [ 73.503899548995378, 19.733876439655813 ], [ 73.504012115820089, 19.734178612245564 ], [ 73.504027301447664, 19.73468339973002 ], [ 73.503927941538549, 19.735074878139201 ], [ 73.503767649639343, 19.735528896123455 ], [ 73.503561812077265, 19.73581017862471 ], [ 73.503309512168769, 19.736018332955403 ], [ 73.502872766355225, 19.736128475909734 ], [ 73.502057255144834, 19.736327014308515 ], [ 73.501512698389732, 19.73658447759664 ], [ 73.501217205001595, 19.73680977976726 ], [ 73.501043918512494, 19.737132490179579 ], [ 73.501089706055069, 19.737490435612692 ], [ 73.501197294792021, 19.737853933446797 ], [ 73.501477634483464, 19.738423834089591 ], [ 73.501786896653755, 19.738976324804085 ], [ 73.502007671811626, 19.739423131342459 ], [ 73.502091866767529, 19.739887976632836 ], [ 73.502071740748775, 19.740314874720685 ], [ 73.501680102516303, 19.741067691854134 ], [ 73.501254499204919, 19.741851674610064 ], [ 73.501054715036233, 19.742309354080522 ], [ 73.500949557825109, 19.74281853747204 ], [ 73.500977942064168, 19.743081172295067 ], [ 73.501067826555513, 19.743367557376221 ], [ 73.501284690090714, 19.743769130072003 ], [ 73.501634597133958, 19.744195553787051 ], [ 73.501968490422172, 19.744468137254739 ], [ 73.502512236305307, 19.744997395132064 ], [ 73.503012787901739, 19.745543990484542 ], [ 73.503263281212853, 19.745923481754495 ], [ 73.503362308136531, 19.746241630976414 ], [ 73.503396980887345, 19.74661549454153 ], [ 73.5034026568066, 19.747124067104021 ], [ 73.503396176525115, 19.747704673929867 ], [ 73.503460026535947, 19.74837285448832 ], [ 73.503500207147312, 19.749015500977034 ], [ 73.503483361304561, 19.749901420535384 ], [ 73.503447872765477, 19.750755255685082 ], [ 73.503153795016033, 19.751455150815488 ], [ 73.502397295649089, 19.753255557386382 ], [ 73.501355164587437, 19.755059681896096 ], [ 73.500851315167779, 19.757433678045835 ], [ 73.500224519961662, 19.759240413811117 ], [ 73.499401119522958, 19.759935296674538 ], [ 73.49905474728881, 19.760227600968165 ], [ 73.498823742416164, 19.760422546224433 ], [ 73.497740843161338, 19.760817529294926 ], [ 73.496741315910498, 19.761114514096896 ], [ 73.493502936622306, 19.762469089833296 ], [ 73.492511782954892, 19.76270526561564 ], [ 73.491931342453114, 19.762843571352246 ], [ 73.491320631679017, 19.762639292289958 ], [ 73.489237968952594, 19.762187985994423 ], [ 73.487333773725908, 19.761650334111287 ], [ 73.486323640744729, 19.761064908960741 ], [ 73.485498284886631, 19.760027328960817 ], [ 73.48478551689972, 19.759831576085862 ], [ 73.483783264614573, 19.759596937845444 ], [ 73.483469256466591, 19.759356127829204 ], [ 73.482513323498011, 19.759155572054155 ], [ 73.481928153061062, 19.759085959430976 ], [ 73.481238863636548, 19.758795165437245 ], [ 73.480510383601683, 19.758381967508349 ], [ 73.480031261859963, 19.758408700577945 ], [ 73.479690617316365, 19.758492554812857 ], [ 73.479236084199513, 19.758604439099752 ], [ 73.478371505506928, 19.75857232418895 ], [ 73.478201338745592, 19.758813581728312 ], [ 73.476917446643895, 19.759541609631746 ], [ 73.475804458064047, 19.759993356605467 ], [ 73.474468326538442, 19.760563438929815 ], [ 73.472739156512773, 19.760915737038985 ], [ 73.472009366998137, 19.76089577634254 ], [ 73.471065031874545, 19.76086994357507 ], [ 73.469976664739903, 19.760990947776438 ] ] ] } }
]
}
