tree
version=v4
num_class=1
num_tree_per_iteration=1
label_index=0
max_feature_idx=11
objective=tweedie
feature_names=gfs_rain_mm gfs_max_step_rate_mmh gfs_rain_hours_fraction gfs_pwat_mean gfs_rh_mean gfs_rh_max gfs_neighbor_rain_mean gfs_neighbor_rain_max latitude longitude season_sin season_cos
feature_infos=[0:184.47418212890625] [0:47.900390625] [0:1] [11.341145515441895:72.104164123535156] [11.119791984558105:99.666664123535156] [15.875:100] [0:124.46051025390625] [0:184.47418212890625] [15.75:21.75] [72.75:80.75] [-0.9998699426651001:0.48784714937210083] [-0.99997919797897339:0.40221357345581055]
tree_sizes=1667 1747 1740 1746 1748 1753 1737 1740 1746 1742 1758 1751 1749 1756 1762 1756 1754 1753 1756 1765 1741 1751 1741 1744 1754 1756 1764 1748 1758 1760 1751 1759 1762 1753 1760 1751 1760 1758 1756 1769 1770 1762 1768 1755 1753 1766 1756 1759 1764 1767 1755 1757 1777 1767 1773 1771 1769 1768 1762 1772 1777 1774 1771 1770 1781 1776 1768 1766 1759 1765 1766 1766 1778 1771 1760 1765 1772 1765 1765 1766 1760 1779 1773 1779 1774 1775 1781 1782 1760 1762 1768 1777 1772 1775 1773 1782 1772 1760 1777 1769 1766 1772 1776 1753 1767 1774 1759 1758 1762 1773 1763 1760 1778 1769 1771 1770 1766 1765 1769 1766 1765 1773 1776 1770 1763 1787 1768 1779 1769 1769 1777 1767 1751 1779 1779 1744 1755 1784 1785 1772 1772 1738 1767 1768 1757 1765 1791 1744 1768 1758 1755 1773 1760 1759 1763 1753 1765 1769 1766 1755 1774 1758 1767 1761 1767 1759 1742 1768 1765 1773 1757 1755 1742 1762 1768 1759 1769 1766 1742 1766 1759 1764 1748 1768 1748 1751 1749 1757 1742 1761 1759 1763 1763 1758 1748 1762 1738 1766 1748 1763 1739 1758 1764 1734 1759 1757 1752 1767 1762 1740 1746 1753 1738 1747 1758 1763 1753 1754 1756 1747 1744 1755 1751 1754 1745 1760 1759 1751 1752 1747 1761 1757 1759 1753 1765 1746 1769 1766 1767 1759 1745 1750 1760 1763 1753 1750 1753 1761 1751 1750

Tree=0
num_leaves=15
num_cat=0
split_feature=6 6 3 9 3 6 6 6 10 10 10 10 5 7
split_gain=73158.1 11690.6 7780.06 3019.65 1704.94 1683.9 1395.87 870.544 776.318 2151.72 689.302 572.695 640.438 554.492
threshold=3.9867281913757329 16.275644302368168 47.307291030883796 74.125000000000014 63.078125000000007 0.46117901802062994 2.5473475456237797 9.9588274955749529 -0.88189578056335438 -0.83830440044403065 1.0000000180025095e-35 -0.99617367982864369 82.750000000000014 41.34721755981446
decision_type=2 2 2 2 2 2 2 2 2 2 2 2 2 2
left_child=2 4 5 -3 7 -1 8 -2 -4 -10 -11 12 -7 -5
right_child=1 3 6 13 -6 11 -8 -9 9 10 -12 -13 -14 -15
leaf_value=1.9331264844517657 2.0082688128141974 2.0670004307639642 1.9543579792646721 2.0330475960260648 2.0403439956259781 2.0311341573087485 1.9970623634197171 2.0235034587291145 2.0366102586420194 1.9645734999230262 1.9869696300008799 1.9563909945336704 1.9507191971681754 2.048943043865127
leaf_weight=10989.811367154121 15810.424086213112 14151.857338070869 2840.3273922204971 7332.5644973516464 4653.1455582380295 367.67470550537109 5431.0650396347046 9653.1333258152008 903.96655082702637 6222.2139157056808 3496.433065533638 4474.7132917642593 248.92494785785675 7016.8807345628738
leaf_count=7812 5788 1369 1746 1850 1017 94 2268 2859 211 3527 1623 2706 162 1258
internal_value=2.00821 2.03552 1.96244 2.05387 2.01813 1.94199 1.97989 2.01405 1.97299 1.97806 1.97257 1.96136 1.99788 2.04087
internal_weight=93593.1 58618 34975.1 28501.3 30116.7 16081.1 18894 25463.6 13462.9 10622.6 9718.65 5091.31 616.6 14349.4
internal_count=34290 14141 20149 4477 9664 10774 9375 8647 7107 5361 5150 2962 256 3108
is_linear=0
shrinkage=1


Tree=1
num_leaves=15
num_cat=0
split_feature=6 6 3 9 3 6 6 6 3 5 10 2 7 10
split_gain=68465.3 11704.7 7294.36 2972.79 1695.33 1581.58 1133.12 899.952 769.471 706.255 1039.7 562.698 529.146 499.949
threshold=3.7422716617584233 16.275644302368168 47.307291030883796 74.125000000000014 63.265625000000007 0.46117901802062994 1.7042219638824465 9.9588274955749529 61.744791030883796 83.250000000000014 -0.83830440044403065 0.52083334326744091 41.34721755981446 -0.99617367982864369
decision_type=2 2 2 2 2 2 2 2 2 2 2 2 2 2
left_child=2 4 5 11 7 -1 9 -2 -8 10 -4 -3 -5 -7
right_child=1 3 6 12 -6 13 8 -9 -10 -11 -12 -13 -14 -15
leaf_value=-0.074714908342864567 -0.00053623519888191173 0.043653421412201167 0.015392637527691365 0.023942483660285334 0.031544677131563573 -0.011335468247831881 -0.020885514253342036 0.014711874885823841 0.024442703800106051 -0.049837724476412978 -0.034861718230492708 0.062595942565175186 0.039521747207765794 -0.051430658400682276
leaf_weight=10609.574513435364 16926.484038352966 3637.1435772180557 753.59608721733093 7304.7725085020065 4498.1333252191544 577.64141321182251 7449.1405954360962 9745.2302733659744 634.89355194568634 4268.0928856134415 4708.5555512905121 10214.60919547081 6945.3473385572433 4274.1462720632553
leaf_count=7812 6246 584 224 1850 980 246 3486 2890 161 2601 2522 785 1258 2645
internal_value=-4.32949e-06 0.0257717 -0.0459054 0.0444831 0.00888432 -0.0660028 -0.028408 0.00504192 -0.017274 -0.0376038 -0.0278974 0.0576922 0.0315804 -0.0467232
internal_weight=92547.4 59271.7 33275.6 28101.9 31169.8 15461.4 17814.3 26671.7 8084.03 9730.24 5462.15 13851.8 14250.1 4851.79
internal_count=34290 14593 19697 4477 10116 10703 8994 9136 3647 5347 2746 1369 3108 2891
is_linear=0
shrinkage=0.04


Tree=2
num_leaves=15
num_cat=0
split_feature=6 6 3 9 3 6 6 6 3 5 10 7 10 5
split_gain=64016.3 11085.6 7226.92 2755.13 1642.4 1641.81 1075.31 1009.96 712.298 679.585 967.881 596.751 479.442 550.828
threshold=3.7422716617584233 17.215114593505863 47.307291030883796 73.875000000000014 63.078125000000007 0.46117901802062994 1.7042219638824465 9.9588274955749529 61.744791030883796 83.250000000000014 -0.83830440044403065 41.34721755981446 -0.99617367982864369 82.750000000000014
decision_type=2 2 2 2 2 2 2 2 2 2 2 2 2 2
left_child=2 4 5 -3 7 -1 9 -2 -8 10 -4 -5 13 -7
right_child=1 3 6 11 -6 12 8 -9 -10 -11 -12 -13 -14 -15
leaf_value=-0.074325388140154769 -0.0006707402259355491 0.058398232733438311 0.014814811419093923 0.023218204978236529 0.030271924599033665 0.020883351718928488 -0.02010717979352129 0.01503935823122662 0.023583010310634218 -0.048608422838713861 -0.033729489111372038 0.039768235254634472 -0.050213486870933882 -0.056097246073181915
leaf_weight=10246.031469583511 16797.570478439331 11979.124799013138 752.47282493114471 6494.4688093662262 5031.8985863924026 345.14187097549438 7429.1834472417831 10707.865373492241 632.49551618099213 4202.843961596489 4673.351592540741 7839.5411049127579 4204.5611896514893 232.02885580062866
leaf_count=7812 6211 1114 224 1645 1109 91 3486 3132 161 2601 2522 1382 2645 155
internal_value=-7.1745e-06 0.0249282 -0.0448465 0.0442234 0.00930637 -0.0652369 -0.027471 0.00545168 -0.0166295 -0.0364948 -0.0269675 0.0323125 -0.0455341 -0.010906
internal_weight=91568.6 58850.5 32718.1 26313.1 32537.3 15027.8 17690.3 27505.4 8061.68 9628.67 5425.82 14334 4781.73 577.171
internal_count=34290 14593 19697 4141 10452 10703 8994 9343 3647 5347 2746 3027 2891 246
is_linear=0
shrinkage=0.04


Tree=3
num_leaves=15
num_cat=0
split_feature=6 6 3 9 6 3 3 6 10 9 2 8 7 10
split_gain=59847.2 11032 6698.31 2873.35 1583.29 1545.89 914.647 874.516 651.263 795.826 593.227 495.296 475.149 415.314
threshold=3.4773766994476323 16.275644302368168 47.307291030883796 74.125000000000014 0.46117901802062994 63.609375000000007 61.744791030883796 6.4709901809692392 1.0000000180025095e-35 73.875000000000014 0.52083334326744091 19.625000000000004 41.34721755981446 -0.6718577742576598
decision_type=2 2 2 2 2 2 2 2 2 2 2 2 2 2
left_child=2 5 4 10 -1 7 8 -2 9 -4 -3 13 -5 -11
right_child=1 3 6 12 -6 -7 -8 -9 -10 11 -12 -13 -14 -15
leaf_value=-0.073910331117310935 -0.0051958961529224761 0.040996252892364547 -0.0016246644951328718 0.022237284167241463 -0.044970492607997459 0.030670460020852205 0.020283901291470098 0.0095152233272484243 -0.015957748600359735 -0.020178288750453622 0.060662734337871886 -0.047116778553034089 0.037091868273539691 -0.041908917271223499
leaf_weight=9898.5747425556183 10045.715711236 3546.8236563205719 1085.7134109735489 7255.1715847253799 4542.7565433979034 4039.2050733566284 601.16565084457397 18069.105425238609 4277.8749861717224 3357.9035350084305 9751.8863478899002 4854.1218336820602 6814.3731579780579 2502.4783654212952
leaf_count=7812 3938 584 422 1850 2801 869 163 5762 1957 1626 785 2986 1258 1477
internal_value=-1.06841e-05 0.0234894 -0.044944 0.0421456 -0.0648816 0.00759368 -0.0276245 0.00425883 -0.0294388 -0.0342907 0.055487 -0.0375916 0.0294743 -0.0295686
internal_weight=90642.9 59522.3 31120.6 27368.3 14441.3 32154 16679.3 28114.8 16078.1 11800.2 13298.7 10714.5 14069.5 5860.38
internal_count=34290 15046 19244 4477 10613 10569 8631 9700 8468 6511 1369 6089 3108 3103
is_linear=0
shrinkage=0.04


Tree=4
num_leaves=15
num_cat=0
split_feature=6 6 3 9 3 6 6 3 10 10 10 7 6 8
split_gain=55926.7 11048.6 6216.2 2816.91 1580.34 1469.98 1007.27 680.095 687.341 1416.9 759.476 572.921 492.941 485.638
threshold=3.2047569751739506 16.275644302368168 47.442708969116218 73.875000000000014 62.192708969116218 0.46117901802062994 6.4709901809692392 61.744791030883796 -0.90882229804992665 -0.83830440044403065 1.0000000180025095e-35 41.34721755981446 1.5950024127960207 19.875000000000004
decision_type=2 2 2 2 2 2 2 2 2 2 2 2 2 2
left_child=2 4 5 -3 6 -1 -2 8 -4 13 12 -5 -11 -10
right_child=1 3 7 11 -6 -7 -8 -9 9 10 -12 -13 -14 -15
leaf_value=-0.073363705188041542 -0.007027359062819467 0.055630250943731641 -0.046729492668676924 0.021516024980213013 0.02519833324153084 -0.044859612217935954 0.0086633799392500741 0.018059497692128754 0.029467692602426911 -0.047292535268353836 -0.015844481329047755 0.037174946529772081 -0.0249238724202554 -0.024388472800489312
leaf_weight=9648.3852045536041 10739.007164001465 11828.870599150658 2899.1813899278641 7464.4484752416611 5972.3422788381577 4324.2333439588547 16700.498463511467 490.38508248329163 934.88519632816315 3856.8453847169876 4016.2681514024734 7738.2759852409363 2803.7446188926697 355.12165546417236
leaf_count=7869 4339 1176 1820 1904 1428 2723 5369 137 218 2448 1851 1397 1431 180
internal_value=-1.35961e-05 0.0219777 -0.0453191 0.0409811 0.0065879 -0.064619 0.00252185 -0.0276971 -0.0292287 -0.0249179 -0.0296982 0.0295249 -0.0379794 0.0144958
internal_weight=89772.5 60443.4 29329.1 27031.6 33411.8 13972.6 27439.5 15356.4 14866 11966.9 10676.9 15202.7 6660.59 1290.01
internal_count=34290 15613 18677 4477 11136 10592 9708 8085 7948 6128 5730 3301 3879 398
is_linear=0
shrinkage=0.04


Tree=5
num_leaves=15
num_cat=0
split_feature=6 6 3 9 3 6 7 10 10 6 10 7 10 9
split_gain=52282.6 10401.9 6123.62 2603.55 1544.57 1523.48 1084.56 648.644 1686.66 696.387 625.058 512.419 428.419 415.577
threshold=3.2047569751739506 17.215114593505863 47.442708969116218 73.875000000000014 63.078125000000007 0.46117901802062994 13.887834548950197 -0.88189578056335438 -0.83830440044403065 1.6655981540679934 1.0000000180025095e-35 41.34721755981446 -0.6718577742576598 73.625000000000014
decision_type=2 2 2 2 2 2 2 2 2 2 2 2 2 2
left_child=2 4 5 12 6 -1 13 -4 -9 10 -10 -5 -3 -2
right_child=1 3 7 11 -6 -7 -8 8 9 -11 -12 -13 -14 -15
leaf_value=-0.072887398358823643 0.011259809284462043 0.035441877747478825 -0.042754460920795864 0.020734822724627403 0.027280033387417118 -0.043622402852337545 0.011441729688816906 0.026343984470482678 -0.045160272060849403 -0.01486480395894902 -0.019356204019680821 0.036198116193598369 0.058330363676494773 -0.0067070616986088585
leaf_weight=9329.5696266889572 2429.7899057865143 1650.6949232816696 3223.5539090633392 6434.5879859924316 5110.7087631225586 4270.6773066520691 14270.75203204155 1020.6155276298523 4015.0801837444305 4511.2436507940292 2469.3434051275253 7625.2338849306107 9620.092166185379 12955.798696398735
leaf_count=7869 770 291 1996 1645 1148 2723 4364 251 2563 2078 1197 1382 823 5190
internal_value=-1.72165e-05 0.0212272 -0.044271 0.040713 0.00701501 -0.0637753 0.00350669 -0.0268042 -0.0224614 -0.0270311 -0.0354235 0.0291607 0.0550469 -0.00385869
internal_weight=88937.7 60097.7 28840.1 25330.6 34767 13600.2 29656.3 15239.8 12016.3 10995.7 6484.42 14059.8 11270.8 15385.6
internal_count=34290 15613 18677 4141 11472 10592 10324 8085 6089 5838 3760 3027 1114 5960
is_linear=0
shrinkage=0.04


Tree=6
num_leaves=15
num_cat=0
split_feature=6 6 3 9 3 6 7 5 10 2 6 3 11 9
split_gain=48972.5 10901 5030.47 2677.94 1697.61 1185.37 811.419 799 665.761 635.138 635.119 541.156 447.238 566.53
threshold=2.6490032672882085 16.275644302368168 44.765625000000007 74.125000000000014 61.088541030883796 5.1656663417816171 0.90637207031250011 83.250000000000014 -0.83830440044403065 0.52083334326744091 0.38350224494934088 65.411457061767592 -0.88958057761192311 77.125000000000014
decision_type=2 2 2 2 2 2 2 2 2 2 2 2 2 2
left_child=2 4 10 9 5 -2 -4 8 -8 -3 -1 -6 13 -5
right_child=1 3 6 12 11 -7 7 -9 -10 -11 -12 -13 -14 -15
leaf_value=-0.074440805168793228 -0.01189004602924229 0.036947459458740929 -0.048031108668514462 0.017573053183806545 0.014457731587157111 0.0058025300970560838 0.016396474801709634 -0.036141522959945944 -0.021547860138895342 0.057611500943915435 -0.05012525447783623 0.037641418597464858 0.018052411093055349 0.040359041290594616
leaf_weight=7496.9623662233353 8921.0044655799866 3429.2061009407043 3924.4931762218475 2685.3369783163071 5927.0925192832947 18776.046969056129 872.41500186920166 6683.2099468708038 4420.3160400390625 9151.8382453918457 2481.9540516138077 2219.8834712505341 5914.2450512647629 5243.9160884618759
leaf_count=6630 3905 584 2676 697 1700 6273 267 3992 2260 785 1718 392 1544 867
internal_value=-1.97565e-05 0.0192011 -0.0462463 0.0386831 0.00482516 9.94216e-05 -0.0322083 -0.0269517 -0.0152552 0.0520467 -0.0685054 0.0208515 0.0264807 0.0327059
internal_weight=88147.9 62268.6 25879.4 26424.5 35844 27697.1 15900.4 11975.9 5292.73 12581 9978.92 8146.98 13843.5 7929.25
internal_count=34290 16747 17543 4477 12270 10178 9195 6519 2527 1369 8348 2092 3108 1564
is_linear=0
shrinkage=0.04


Tree=7
num_leaves=15
num_cat=0
split_feature=6 6 3 9 3 6 7 5 3 7 10 11 2 9
split_gain=45774.5 10235.1 5017.87 2604.8 1595.07 786.599 778.392 751.063 743.404 672.458 615.976 517.537 502.892 480.687
threshold=2.6490032672882085 16.275644302368168 44.765625000000007 73.875000000000014 58.640625000000007 5.60479760169983 0.90637207031250011 83.250000000000014 65.411457061767592 0.7514476776123048 -0.83830440044403065 -0.88958057761192311 0.52083334326744091 74.125000000000014
decision_type=2 2 2 2 2 2 2 2 2 2 2 2 2 2
left_child=2 4 9 12 5 -2 -4 10 13 -1 -8 -5 -3 -6
right_child=1 3 6 11 8 -7 7 -9 -10 -11 -12 -13 -14 -15
leaf_value=-0.074604455877603573 -0.011291912845880766 0.036645218629037808 -0.046794628119115736 0.032871473866687137 0.029725170668524259 0.0041425830820747689 0.015781858157723812 -0.034985936915469924 0.03647238202973261 -0.050355342873082673 -0.020750079929980948 0.017668229452764049 0.057027434107925989 0.0076169273593863582
leaf_weight=6924.0124632120132 8834.3456658124924 2712.6555587053299 3868.7451231479645 8727.12828373909 1859.9260339736938 13080.832409620285 870.94480001926422 6629.574492931366 2200.4402327537537 2761.1811205148697 4407.6868350505829 6224.7341958284378 8475.1987782716751 9829.8064385652542
leaf_count=6361 3854 453 2676 1684 413 4449 267 3992 392 1987 2260 1617 723 3162
internal_value=-2.15861e-05 0.0185369 -0.0451504 0.0375563 0.00463861 -0.00208392 -0.0311723 -0.026027 0.0152328 -0.0678092 -0.0146857 0.0265741 0.0521597 0.0111793
internal_weight=87407.2 61945.1 25462.1 26139.7 35805.4 21915.2 15777 11908.2 13890.2 9685.19 5278.63 14951.9 11187.9 11689.7
internal_count=34290 16747 17543 4477 12270 8303 9195 6519 3967 8348 2527 3301 1176 3575
is_linear=0
shrinkage=0.04


Tree=8
num_leaves=15
num_cat=0
split_feature=6 6 3 9 3 6 6 10 10 10 3 7 10 6
split_gain=42763 9596.27 4997.25 2397.29 1526.88 1386.38 1113.08 686.38 1545.03 573.284 510.407 485.599 454.202 440.186
threshold=2.6490032672882085 17.215114593505863 47.442708969116218 73.875000000000014 61.088541030883796 0.42244791984558111 5.1656663417816171 -0.88189578056335438 -0.83830440044403065 1.0000000180025095e-35 66.401042938232436 41.34721755981446 -0.6718577742576598 1.5950024127960207
decision_type=2 2 2 2 2 2 2 2 2 2 2 2 2 2
left_child=2 4 5 12 6 -1 -2 -4 -9 13 -6 -5 -3 -10
right_child=1 3 7 11 10 -7 -8 8 9 -11 -12 -13 -14 -15
leaf_value=-0.07164307272582375 -0.011099026769230538 0.031295017468641335 -0.044826201670123557 0.018051502082650051 0.015524660358001015 -0.04222262805151341 0.0059302241716254547 0.027579596040983267 -0.042614148401780974 -0.013705921503346919 0.042176194908377422 0.033196226603451395 0.055075786914683469 -0.019538555013746253
leaf_weight=8326.985102057457 8906.234823346138 1605.6796567440033 2630.6315793991089 6371.4335246086121 7205.5749249458313 3868.1533538103104 19663.639467358589 905.91609489917755 3729.6714723110199 3475.0485060214996 1362.965904712677 7464.7218731641769 9063.1843372583389 2130.6757696866989
leaf_count=7748 3905 291 1761 1645 1991 2610 6505 218 2473 1642 205 1382 823 1091
internal_value=-2.33905e-05 0.0178897 -0.0440532 0.037308 0.00506369 -0.0623957 0.000617557 -0.0266053 -0.0218468 -0.0266919 0.0198524 0.0262583 0.051562 -0.0343194
internal_weight=86710.5 61643.4 25067.1 24505 37138.4 12195.1 28569.9 12871.9 10241.3 9335.4 8568.54 13836.2 10668.9 5860.35
internal_count=34290 16747 17543 4141 12606 10358 10410 7185 5424 5206 2196 3027 1114 3564
is_linear=0
shrinkage=0.04


Tree=9
num_leaves=15
num_cat=0
split_feature=6 6 3 9 3 0 7 6 5 3 2 10 8 8
split_gain=39951.2 9007.25 4969.33 2441.81 1388.87 748.239 730.346 709.583 689.741 658.755 629.581 551.298 486.545 457.204
threshold=2.6490032672882085 16.275644302368168 44.765625000000007 74.125000000000014 58.640625000000007 0.15621185302734378 0.90637207031250011 10.275382041931154 83.250000000000014 65.411457061767592 0.52083334326744091 -0.83830440044403065 19.875000000000004 19.375000000000004
decision_type=2 2 2 2 2 2 2 2 2 2 2 2 2 2
left_child=2 4 5 10 7 -1 -4 12 11 13 -3 -8 -2 -6
right_child=1 3 6 -5 9 -7 8 -9 -10 -11 -12 -13 -14 -15
leaf_value=-0.074003744329284402 -0.0021232771595390003 0.033422879299369442 -0.044523991633304123 0.02372282588127669 0.02504006731063697 -0.048246743515668468 0.015623672010369053 0.010398462016066392 -0.032846326259205957 0.034356594609269375 0.054285384356959031 -0.01904963855085157 -0.017904509480530496 0.0060979023776311612
leaf_weight=6391.8819536566734 12203.888446450233 3344.0976405143738 3759.4604909420013 13655.530647158623 2620.3100923299789 2755.5462163686752 864.78472983837128 5509.8011724948883 6523.8013743162155 2166.2210017442703 8634.0800114870071 4378.9488377571106 4185.2293696403503 9045.7354846000671
leaf_count=6273 4702 584 2676 3108 629 2075 267 1678 3992 392 785 2260 1923 2946
internal_value=-2.55027e-05 0.0172585 -0.0429897 0.0353419 0.00427289 -0.066367 -0.0291498 -0.0019958 -0.0241708 0.0141859 0.0485264 -0.0132938 -0.00617018 0.0103881
internal_weight=86039.3 61364.9 24674.4 25633.7 35731.2 9147.43 15527 21898.9 11767.5 13832.3 11978.2 5243.73 16389.1 11666
internal_count=34290 16747 17543 4477 12270 8348 9195 8303 6519 3967 1369 2527 6625 3575
is_linear=0
shrinkage=0.04


Tree=10
num_leaves=15
num_cat=0
split_feature=6 7 3 2 3 6 0 7 5 10 4 11 10 10
split_gain=37286.9 8438.59 4921.61 2034.83 1512.23 979.277 782.931 696.213 645.976 509.759 475.091 461.218 624.02 408.988
threshold=2.6490032672882085 28.598785400390629 44.765625000000007 0.64583334326744091 61.088541030883796 5.1656663417816171 0.15621185302734378 0.90637207031250011 83.250000000000014 -0.83830440044403065 92.614582061767592 -0.99628248810768116 1.0000000180025095e-35 -0.97661703824996937
decision_type=2 2 2 2 2 2 2 2 2 2 2 2 2 2
left_child=2 4 6 10 5 -2 -1 11 9 -9 -3 12 -4 -8
right_child=1 3 7 -5 -6 -7 13 8 -10 -11 -12 -13 -14 -15
leaf_value=-0.073571418963885415 -0.010514741327224844 0.021361428735866935 -0.059415830403527943 0.051343936897477439 0.019162235705908068 0.0054405121646039023 -0.020569319046009855 0.015035813068570374 -0.031750695131088129 -0.01833272255223559 0.036578900169430315 -0.050630539184495789 0.011875550901494024 -0.056379731021980087
leaf_weight=6176.7392219901085 8893.5669507980347 9697.324364066124 299.7695592045784 8418.4841538667679 9143.9585781097412 19866.954426884651 726.95741283893585 863.46125590801239 6480.5542666912079 4369.1702793836594 5077.9366980791092 2917.9324305057526 495.85907107591629 1989.0069307088852
leaf_count=6273 3905 2255 248 855 2321 6557 434 267 3992 2260 854 2248 180 1641
internal_value=-2.74445e-05 0.0166463 -0.0418964 0.0356391 0.00501189 0.000502818 -0.0655844 -0.0281743 -0.0233167 -0.0127901 0.0266337 -0.0432891 -0.0157832 -0.0470151
internal_weight=85417.7 61098.2 24319.5 23193.7 37904.5 28760.5 8892.7 15426.7 11713.2 5232.63 14775.3 3713.56 795.629 2715.96
internal_count=34290 16747 17543 3964 12783 10462 8348 9195 6519 2527 3109 2676 428 2075
is_linear=0
shrinkage=0.04


Tree=11
num_leaves=15
num_cat=0
split_feature=6 6 3 9 3 6 7 7 5 10 10 7 11 10
split_gain=34800.3 7942.1 4863.16 2204.36 1250.33 982.977 812.197 670.408 604.355 471.272 457.833 441.325 435.98 591.784
threshold=2.6490032672882085 17.215114593505863 44.765625000000007 73.875000000000014 62.046875000000007 6.4709901809692392 0.7514476776123048 0.90637207031250011 83.250000000000014 -0.83830440044403065 -0.6718577742576598 41.34721755981446 -0.99628248810768116 1.0000000180025095e-35
decision_type=2 2 2 2 2 2 2 2 2 2 2 2 2 2
left_child=2 4 6 10 5 -2 -1 12 9 -9 -3 -5 13 -4
right_child=1 3 7 11 -6 -7 -8 8 -10 -11 -12 -13 -14 -15
leaf_value=-0.072935105232508152 -0.0073353858791531225 0.027727914734773349 -0.058480037447727784 0.015662910687675051 0.020165052887658699 0.0072013676779863391 -0.045418233142522461 0.014468459079002413 -0.030677968723973634 -0.017639831115953013 0.051787764349550125 0.030174628055601237 -0.049411116316098465 0.011429032227841036
leaf_weight=6053.1531221270561 12944.553758978844 1573.7665781974792 292.84542071819305 6327.1204073429108 6625.0522298812866 17454.789397835732 2592.9846357107162 862.23733866214752 6440.4114128351212 4360.1340063810349 8610.1233155727386 7327.3449605703354 2871.7921498417854 495.41311597824097
leaf_count=6361 5412 291 248 1645 1618 5576 1987 267 3992 2260 823 1382 2248 180
internal_value=-3.09048e-05 0.016047 -0.0408357 0.0340444 0.0044471 0.00101062 -0.0648066 -0.0272429 -0.0224854 -0.0123036 0.0481313 0.023483 -0.0421981 -0.0153472
internal_weight=84831.7 60862.8 23969 23838.4 37024.4 30399.3 8646.14 15322.8 11662.8 5222.37 10183.9 13654.5 3660.05 788.259
internal_count=34290 16747 17543 4141 12606 10988 8348 9195 6519 2527 1114 3027 2676 428
is_linear=0
shrinkage=0.04


Tree=12
num_leaves=15
num_cat=0
split_feature=6 6 3 9 3 0 5 6 6 3 10 10 2 10
split_gain=32466.7 7573.41 4609.76 2223.93 1183.64 851.416 689.318 716.969 614.245 591.188 581.383 531.284 490.02 485.196
threshold=2.5473475456237797 16.275644302368168 44.765625000000007 73.875000000000014 58.640625000000007 0.15621185302734378 83.250000000000014 1.0864555835723879 10.774863243103029 65.411457061767592 -0.83830440044403065 -0.88189578056335438 0.52083334326744091 1.0000000180025095e-35
decision_type=2 2 2 2 2 2 2 2 2 2 2 2 2 2
left_child=2 4 5 12 8 -1 10 -8 -2 -6 11 -4 -3 -12
right_child=1 3 6 -5 9 -7 7 -9 -10 -11 13 -13 -14 -15
leaf_value=-0.072648151224406321 -0.0057416231423588482 0.030945738320309411 -0.018623959425588352 0.02209132686270452 0.0091444265354986686 -0.044386747061227222 -0.050611159826168296 -0.02479427633006917 0.010192924255892718 0.031962258791764002 -0.03570031272159669 0.035703077728209694 0.051460957350644931 -0.0134919198190922
leaf_weight=5779.6696854829788 17281.995468974113 2610.1398094892502 567.06462621688843 14641.678136825562 11705.170367479324 2606.6665714979172 3010.6972050666809 4173.8167470693588 4966.6893311738968 2138.5523309707642 2738.6544545888901 547.13603925704956 7747.0770101547241 3762.6130565404892
leaf_count=6273 7001 453 300 3301 3605 2051 2366 2462 1497 393 1842 107 723 1916
internal_value=-3.33388e-05 0.0152621 -0.0403122 0.0321752 0.00353617 -0.0639904 -0.0268269 -0.0357234 -0.00217851 0.0127103 -0.0183623 0.00821286 0.0463605 -0.022928
internal_weight=84277.6 61091.3 23186.3 24998.9 36092.4 8386.34 14800 7184.51 22248.7 13843.7 7615.47 1114.2 10357.2 6501.27
internal_count=34290 16973 17317 4477 12496 8324 8993 4828 8498 3998 4165 407 1176 3758
is_linear=0
shrinkage=0.04


Tree=13
num_leaves=15
num_cat=0
split_feature=6 2 3 6 10 7 3 5 7 4 10 10 8 10
split_gain=30280.2 7123.62 4530.08 2345.04 1045.35 882.993 819.084 649.701 701.657 585.233 559.731 771.183 665.603 534.935
threshold=2.5473475456237797 0.47916667163372045 44.765625000000007 10.774863243103029 -0.46092462539672846 0.5008220672607423 58.755208969116218 83.250000000000014 1.2509822845458987 89.843750000000014 -0.6718577742576598 1.0000000180025095e-35 20.125000000000004 -0.73289573192596424
decision_type=2 2 2 2 2 2 2 2 2 2 2 2 2 2
left_child=2 3 5 6 -3 -1 -2 10 -9 -5 12 -12 -4 -11
right_child=1 4 7 9 -6 -7 -8 8 -10 13 11 -13 -14 -15
leaf_value=-0.073025359786577426 -0.0054478872453028442 0.021354245789111714 0.013436994053511273 0.012173181600223308 0.047906113528813188 -0.044886912274097759 0.009611798521399352 -0.058731916375495352 -0.027906103435274995 0.010662317552089717 -0.04367662873918457 -0.012969861900729841 -0.047002632444480941 0.032608944699509444
leaf_weight=5254.3698679804802 17459.102053165436 3221.0028488636017 1473.2651841640472 13781.704556107521 9542.8628742694855 2912.7255171537399 8612.3724756240845 1516.1009096503258 5605.059282541275 2630.2113857269287 2010.0868723988533 3758.3951668739319 342.28410542011261 5632.5994132757187
leaf_count=5947 7066 691 529 3790 1041 2377 2626 1336 3492 729 1473 1916 247 1030
internal_value=-3.53428e-05 0.0147073 -0.0392548 0.00765211 0.0412496 -0.0631242 -0.000469562 -0.0259302 -0.0346151 0.0172491 -0.0177059 -0.0237839 0.00165438 0.0256655
internal_weight=83752.1 60879.9 22872.3 48116 12763.9 8167.1 26071.5 14705.2 7121.16 22044.5 7584.03 5768.48 1815.55 8262.81
internal_count=34290 16973 17317 15241 1732 8324 9692 8993 4828 5549 4165 3389 776 1759
is_linear=0
shrinkage=0.04


Tree=14
num_leaves=15
num_cat=0
split_feature=6 2 3 6 0 10 3 10 10 4 10 9 6 10
split_gain=28238.9 6609.51 4612.28 2278.51 1547.76 848.343 739.911 640.208 1249.76 574.339 546.838 466.825 460.767 442.371
threshold=2.6490032672882085 0.52083334326744091 47.442708969116218 10.774863243103029 0.15621185302734378 -0.46092462539672846 61.901041030883796 -0.88189578056335438 -0.83830440044403065 89.843750000000014 -0.73289573192596424 73.625000000000014 5.1656663417816171 1.0000000180025095e-35
decision_type=2 2 2 2 2 2 2 2 2 2 2 2 2 2
left_child=2 3 4 6 -1 -3 11 -4 -9 -5 -11 -2 -13 -10
right_child=1 5 7 9 -6 -7 -8 8 13 10 -12 12 -14 -15
leaf_value=-0.069721281390372161 0.010930660250647718 0.021870349650864696 -0.039252293776415072 0.01208975808674035 -0.03821368039111768 0.047935570239218468 0.015807349575389314 0.028064203319590648 -0.027906794307540426 0.010292655110046981 0.031805847667653812 -0.013087018196602934 -0.00028337000083606491 -0.0096217886125029989
leaf_weight=6309.1838785409927 3202.1610486507416 2661.7027199268341 2484.0115171670914 14444.171726346016 4278.9466041922569 8671.4294774532318 3872.4517434835434 897.03656959533691 5617.3272901177406 2783.0651303529739 6049.9953788518906 7635.7250678539276 10902.127818465233 3438.045250415802
leaf_count=7106 1024 553 1761 3943 3252 912 1006 218 3564 769 1102 3495 3943 1642
internal_value=-3.81763e-05 0.0143672 -0.0376966 0.00797888 -0.0570843 0.0418632 -0.000254986 -0.0211252 -0.0165313 0.0170312 0.0250662 -0.003128 -0.0055656 -0.021001
internal_weight=83247.4 60222.8 23024.6 48889.7 10588.1 11333.1 25612.5 12436.4 9952.41 23277.2 8833.06 21740 18537.9 9055.37
internal_count=34290 16747 17543 15282 10358 1465 9468 7185 5424 5814 1871 8462 7438 5206
is_linear=0
shrinkage=0.04


Tree=15
num_leaves=15
num_cat=0
split_feature=6 2 3 6 6 10 3 7 5 4 9 4 11 10
split_gain=26328.7 6283.71 4372.73 2172.01 827.546 815.949 716.163 678.761 589.254 537.721 432.655 429.266 425.387 546.196
threshold=2.5473475456237797 0.52083334326744091 44.130208969116218 10.774863243103029 0.035190582275390632 -0.46092462539672846 58.755208969116218 0.90637207031250011 83.250000000000014 91.239582061767592 76.625000000000014 79.255207061767592 -0.99628248810768116 1.0000000180025095e-35
decision_type=2 2 2 2 2 2 2 2 2 2 2 2 2 2
left_child=2 3 4 6 -1 -3 10 12 -9 -5 -2 -8 13 -4
right_child=1 5 7 9 -6 -7 11 8 -10 -11 -12 -13 -14 -15
leaf_value=-0.075131721391783327 -0.0010154442228579304 0.021065074440252483 -0.055786333646377313 0.012316388186349073 -0.047315162758238445 0.046693409447562909 -0.0069509701283136886 -0.0098346278070356973 -0.028221272050535377 0.025542553707939699 -0.014826760835413072 0.01398478268897113 -0.04651216634483081 0.012322200907824592
leaf_weight=3958.4011660814285 12323.998615801334 2653.8448876142502 277.69124203920364 16104.344467878342 3308.698944747448 8549.0875082015991 2043.5666111707687 5157.5225544571877 6135.1502126455307 7120.5046960115433 5125.6504309177399 6556.2088352441788 2951.6075660586357 498.29849576950073
leaf_count=4888 4749 553 253 4346 2995 912 783 2533 3982 1468 2319 1843 2484 182
internal_value=-3.91801e-05 0.0136572 -0.0371834 0.00750139 -0.0626315 0.0406707 -0.00042981 -0.0248042 -0.0198561 0.0163899 -0.0050847 0.00900523 -0.0396084 -0.01284
internal_weight=82764.6 60477.2 22287.4 49274.3 7267.1 11202.9 26049.4 15020.3 11292.7 23224.8 17449.6 8599.78 3727.6 775.99
internal_count=34290 16973 17317 15508 7883 1465 9694 9434 6515 5814 7068 2626 2919 435
is_linear=0
shrinkage=0.04


Tree=16
num_leaves=15
num_cat=0
split_feature=6 7 3 9 3 6 6 7 5 3 3 10 11 10
split_gain=24521.6 5905.49 4280.29 1570.45 1170.35 863.816 834.273 648.54 549.832 482.704 413.83 411.013 399.985 516.208
threshold=2.5473475456237797 30.835103988647464 44.130208969116218 73.875000000000014 63.078125000000007 0.035190582275390632 5.1656663417816171 0.90637207031250011 83.250000000000014 59.328125000000007 50.171875000000007 -0.83830440044403065 -0.99628248810768116 1.0000000180025095e-35
decision_type=2 2 2 2 2 2 2 2 2 2 2 2 2 2
left_child=2 4 5 9 6 -1 -2 12 11 -3 -10 -9 13 -4
right_child=1 3 7 -5 -6 -7 -8 8 10 -11 -12 -13 -14 -15
leaf_value=-0.07478022611865795 -0.0085044855130582738 0.026954241614106478 -0.054771844028661539 0.020863740594208844 0.020345053084218093 -0.046078974261528169 0.0053103255123221615 0.015199522957721066 -0.041599160934355561 0.04880139476947927 -0.019523157113292874 -0.01456993806732163 -0.045276698785994329 0.011859601186385219
leaf_weight=3820.8042520880699 9856.5527376532555 2260.9969599246979 272.00821936130524 11571.49933886528 6058.5619386434555 3263.0453180670738 23948.127442002296 879.98828387260437 2101.0992803573608 6600.7356004714966 4004.0218915343285 4274.4668155312538 2912.2226439118385 497.81609600782394
leaf_count=4888 4316 391 253 2530 1382 2995 7728 275 1595 626 2387 2258 2484 182
internal_value=-4.15344e-05 0.0131536 -0.0361434 0.0306272 0.00418602 -0.0617265 0.00127964 -0.0239481 -0.019122 0.0433005 -0.0272317 -0.00944848 -0.038523 -0.0124746
internal_weight=82321.9 60296.5 22025.5 20433.2 39863.2 7083.85 33804.7 14941.6 11259.6 8861.73 6105.12 5154.46 3682.05 769.824
internal_count=34290 16973 17317 3547 13426 7883 12044 9434 6515 1017 3982 2533 2919 435
is_linear=0
shrinkage=0.04


Tree=17
num_leaves=15
num_cat=0
split_feature=6 2 3 6 10 6 3 5 6 10 10 8 4 4
split_gain=22854.4 5715.91 4100.25 1833.25 917.242 810.365 679.137 604.18 634.733 572.446 650.882 632.326 523.569 468.854
threshold=2.3542284965515141 0.47916667163372045 44.130208969116218 10.774863243103029 -0.46092462539672846 0.035190582275390632 58.755208969116218 83.250000000000014 1.0864555835723879 -0.6718577742576598 1.0000000180025095e-35 20.125000000000004 48.263021469116218 89.843750000000014
decision_type=2 2 2 2 2 2 2 2 2 2 2 2 2 2
left_child=2 3 5 6 -3 -1 -2 9 -9 11 -11 -4 -12 -5
right_child=1 4 7 13 -6 -7 -8 8 -10 10 12 -13 -14 -15
leaf_value=-0.074405550527729986 -0.0052128056118984582 0.018105741126595604 0.014830809294705434 0.010247878411809757 0.043227549107151361 -0.046000106387142491 0.008364839312554188 -0.046140246242945111 -0.021156091070729643 -0.040919162967072036 -0.040478381866793173 -0.044158901285916104 -0.0041703692318556095 0.022387936633853949
leaf_weight=3689.2059129476547 18166.75508582592 3183.1041837930679 1493.9454362988472 13731.970739722252 9064.5236004590988 3120.4195424318314 8700.6980702877045 2997.119985640049 3673.880789577961 1923.1919214725494 796.90446221828461 339.95806121826172 2887.1158769726753 8135.8816372156143
leaf_count=4888 7471 691 546 3790 1041 2935 2673 2539 2253 1484 593 259 1368 1759
internal_value=-4.38126e-05 0.0123332 -0.0360978 0.00618733 0.0367387 -0.061562 -0.000812899 -0.0237406 -0.0324852 -0.015835 -0.022161 0.00353723 -0.0122005 0.0147809
internal_weight=81904.7 60982.9 20921.7 48735.3 12247.6 6809.63 26867.5 14112.1 6671 7441.12 5607.21 1833.9 3684.02 21867.9
internal_count=34290 17425 16865 15693 1732 7823 10144 9042 4792 4250 3445 805 1961 5549
is_linear=0
shrinkage=0.04


Tree=18
num_leaves=15
num_cat=0
split_feature=6 2 3 6 3 10 3 10 10 6 9 6 5 4
split_gain=21294.5 5306.39 4075.8 1802.31 930.544 741.838 687.811 638.638 1200.96 613.381 450.017 428.329 599.173 425.041
threshold=2.4552404880523686 0.52083334326744091 40.807291030883796 12.229960918426515 47.588541030883796 -0.46092462539672846 58.640625000000007 -0.88189578056335438 -0.83830440044403065 0.2814710140228272 76.625000000000014 0.6261885166168214 85.250000000000014 89.843750000000014
decision_type=2 2 2 2 2 2 2 2 2 2 2 2 2 2
left_child=2 3 9 6 11 -3 10 -6 -9 -1 -2 -4 -13 -5
right_child=1 5 4 13 7 -7 -8 8 -10 -11 -12 12 -14 -15
leaf_value=-0.073684805813602816 -0.00037943211890225238 0.018620225902728473 -0.049954487269457941 0.010985380071066381 -0.037911769002083907 0.04322760273742185 0.0084821192156249933 0.030777480410622102 -0.018506615916192817 -0.038028746448851625 -0.013862730923810964 -0.0022118287563665608 -0.045472470125958078 0.022917933697560251
leaf_weight=3905.1051059961319 13532.306335866451 2629.6847754716873 2748.4762964248657 12208.981724977493 2181.8984244465828 8239.3869179487228 10309.67865395546 856.07347667217255 8307.3496222496033 1050.0696322321892 5580.0298664569855 961.42646360397339 1081.7116716504097 7910.625116944313
leaf_count=5296 5176 553 2766 3271 1636 912 3124 197 4895 895 2512 491 915 1651
internal_value=-4.65791e-05 0.0120354 -0.0346297 0.00647552 -0.0248309 0.0373192 0.000164516 -0.0185323 -0.0138454 -0.066312 -0.00432639 -0.0396054 -0.0253344 0.0156951
internal_weight=81502.8 60410.7 21092.1 49541.6 16136.9 10869.1 29422 11345.3 9163.42 4955.17 19112.3 4791.61 2043.14 20119.6
internal_count=34290 17199 17091 15734 10900 1465 10812 6728 5092 6191 7688 4172 1406 4922
is_linear=0
shrinkage=0.04


Tree=19
num_leaves=15
num_cat=0
split_feature=6 7 6 0 3 9 9 3 10 10 6 3 10 10
split_gain=19836.3 5027.04 3941.28 1349.38 1121.42 1052.21 777.142 721.529 596.131 1110.24 408.584 391.136 373.77 361.509
threshold=2.3542284965515141 39.440059661865241 0.0273585319519043 10.409545898437502 47.588541030883796 73.875000000000014 73.875000000000014 61.901041030883796 -0.88189578056335438 -0.83830440044403065 0.46117901802062994 49.640625000000007 1.0000000180025095e-35 -0.99617367982864369
decision_type=2 2 2 2 2 2 2 2 2 2 2 2 2 2
left_child=2 3 -1 7 10 -3 -5 11 -6 -10 -4 -2 -11 -12
right_child=1 5 4 6 8 -7 -8 -9 9 12 13 -13 -14 -15
leaf_value=-0.069180942934408574 -0.014641597917103115 0.043205762012836289 -0.051517522384062008 0.026692604797019195 -0.036582288506953393 0.021627896808815401 0.0082729613540655604 0.014433899592776847 0.030896063311869889 -0.024468838969643043 0.0052266789613389583 -0.0011698579347632703 -0.0063070745999374567 -0.034749096024324633
leaf_weight=4087.3280646204948 4225.3221502900124 6890.5524225234985 2550.4456153512001 4914.9751912355423 2085.9060201048851 7757.6605414152145 14370.940468788147 4136.4979701042175 823.49382126331329 4713.5973693728447 409.78917515277863 18389.010541677475 2967.4512159824371 2795.6347702741623
leaf_count=5440 1990 733 2760 945 1577 1574 4107 1064 186 3099 190 7012 1413 2200
internal_value=-4.85433e-05 0.0114303 -0.0341168 0.00493051 -0.0252753 0.0318232 0.01299 -0.000885283 -0.0174965 -0.0127405 -0.0394776 -0.00369767 -0.0174869 -0.0296378
internal_weight=81118.6 60685 20433.6 46036.7 16346.3 14648.2 19285.9 26750.8 10590.4 8504.54 5755.87 22614.3 7681.05 3205.42
internal_count=34290 17425 16865 15118 11425 2307 5052 10066 6275 4698 5150 9002 4512 2390
is_linear=0
shrinkage=0.04


Tree=20
num_leaves=15
num_cat=0
split_feature=6 6 3 9 6 3 3 0 3 3 9 7 5 5
split_gain=18554.1 5270.29 3197.55 1714.1 1075.41 696.318 601.183 477.798 455.236 436.712 426.695 380.922 489.683 379.986
threshold=1.7042219638824465 16.275644302368168 39.763021469116218 73.875000000000014 4.5887768268585214 48.213541030883796 66.401042938232436 0.2188682556152344 61.744791030883796 59.328125000000007 77.625000000000014 1.3780117034912112 86.250000000000014 79.250000000000014
decision_type=2 2 2 2 2 2 2 2 2 2 2 2 2 2
left_child=2 4 7 9 8 11 -6 -1 -2 -3 13 -4 -13 -7
right_child=1 3 5 -5 6 10 -8 -9 -10 -11 -12 12 -14 -15
leaf_value=-0.072864774185089132 -0.010937107696746532 0.023492023523997367 -0.047378203308097097 0.015944895208581937 0.0041876860630081772 -0.0018097721185595589 0.033659198119606132 -0.032767626293614759 0.016175116012184697 0.043133771189708493 -0.036074408945279676 -0.0071006706570284298 -0.047400687878561207 -0.022576188065384532
leaf_weight=3620.7994847297668 11636.11178034544 2566.2426159381866 3111.4209001064301 14300.128908872604 26152.124090194702 2403.8975576162338 1137.117374420166 602.50020730495453 1065.3778052330017 6937.8008580207825 1854.7105350494385 1134.3974771499634 830.47991096973419 3402.1547392606735
leaf_count=5216 5715 445 3193 3301 8576 1148 184 516 284 731 1362 631 747 2241
internal_value=-4.958e-05 0.00983823 -0.0372095 0.0247314 0.000965247 -0.0271337 0.00543949 -0.0673259 -0.00864113 0.0378907 -0.0194349 -0.0386303 -0.02444 -0.0140139
internal_weight=80755.3 63794.9 16960.4 23804.2 39990.7 12737.1 27289.2 4223.3 12701.5 9504.04 7660.76 5076.3 1964.88 5806.05
internal_count=34290 19236 15054 4477 14759 9322 8760 5732 5999 1176 4751 4571 1378 3389
is_linear=0
shrinkage=0.04


Tree=21
num_leaves=15
num_cat=0
split_feature=6 7 6 2 6 3 3 9 10 10 3 10 3 6
split_gain=17293.9 4914.7 3158.82 1314.89 1183.67 735.186 653.068 524.055 435.903 1169.22 420.387 371.111 365.74 328.996
threshold=1.7042219638824465 30.835103988647464 0.0273585319519043 0.68750000000000011 4.5887768268585214 47.588541030883796 65.911457061767592 73.875000000000014 -0.88189578056335438 -0.83830440044403065 61.744791030883796 1.0000000180025095e-35 48.942708969116218 0.46117901802062994
decision_type=2 2 2 2 2 2 2 2 2 2 2 2 2 2
left_child=2 4 12 -3 10 13 7 -6 -7 -10 -2 -11 -1 -4
right_child=1 3 5 -5 6 8 -8 -9 9 11 -12 -13 -14 -15
leaf_value=-0.071458634480981623 -0.010508234865253419 0.01868522231762524 -0.049076703054658707 0.040612797715357828 0.015452193481631925 -0.037706203975343883 0.028165616300397805 0.0019872627294757494 0.033388497950651318 -0.02864548108290281 0.015565509254235617 -0.0075110369327719018 -0.023079169727196071 -0.028146112687251895
leaf_weight=3559.9280230402946 11627.571304857731 13274.72797191143 2466.9150233268738 6564.4836796522141 5747.4572483301163 1563.5739020705223 2002.6315034627914 23382.925485134125 715.66689300537109 3365.266577064991 1063.6378024816513 2219.2492544651031 294.62724995613098 2571.790330529213
leaf_count=5233 5715 2820 2760 727 1537 1249 365 7788 150 2404 284 1091 207 1960
internal_value=-5.11986e-05 0.0094671 -0.0361814 0.0259743 0.00198585 -0.0266155 0.00618227 0.00465269 -0.0188919 -0.0141181 -0.00830197 -0.0203036 -0.0678989 -0.0385471
internal_weight=80420.5 63663.4 16757 19839.2 43824.2 12902.5 31133 29130.4 7863.76 6300.18 12691.2 5584.52 3854.56 5038.71
internal_count=34290 19236 15054 3547 15689 9614 9690 9325 4894 3645 5999 3495 5440 4720
is_linear=0
shrinkage=0.04


Tree=22
num_leaves=15
num_cat=0
split_feature=6 6 3 9 6 3 3 0 9 7 5 10 3 9
split_gain=16115.2 4582.52 3123.81 1321.06 1078.68 665.9 629.517 500.861 467.086 402.827 595.831 393.931 388.176 367.773
threshold=1.7042219638824465 18.995993614196781 39.763021469116218 73.875000000000014 4.5887768268585214 66.401042938232436 49.640625000000007 0.2188682556152344 73.625000000000014 1.3780117034912112 84.750000000000014 -0.6718577742576598 61.744791030883796 77.625000000000014
decision_type=2 2 2 2 2 2 2 2 2 2 2 2 2 2
left_child=2 4 7 11 12 8 9 -1 -6 -4 -11 -3 -2 -8
right_child=1 3 6 -5 5 -7 13 -9 -10 10 -12 -13 -14 -15
leaf_value=-0.07191223261656611 -0.010095598690458445 0.015601334663803817 -0.042786498038720193 0.016175680285312723 0.016874381852155281 0.032129204064280492 -0.010448399353869943 -0.030612210233574029 0.0024943396910153087 -0.0031613397624406158 -0.041704236106749296 0.040640913819917496 0.014977079828311717 -0.032313330000403817
leaf_weight=3397.0457273721695 11619.693275809288 1208.2970131635666 3694.4104524850845 11566.463041901588 4199.5197662115097 1452.0769603252411 4643.1680765748024 594.12627637386322 25264.827610850334 1330.086615383625 1226.4501574039459 7167.2491250038147 1062.0290656089783 1672.8109890222549
leaf_count=5216 5715 240 3706 2578 1086 238 2631 516 8332 690 1073 763 284 1222
internal_value=-5.224e-05 0.00910856 -0.0351745 0.0249814 0.00184014 0.00586905 -0.025312 -0.0659476 0.00455397 -0.0343133 -0.0218318 0.0370744 -0.00797561 -0.0163231
internal_weight=80098.3 63540.2 16558.1 19942 43598.1 30916.4 12566.9 3991.17 29464.3 6250.95 2556.54 8375.55 12681.7 6315.98
internal_count=34290 19236 15054 3581 15655 9656 9322 5732 9418 5469 1763 1003 5999 3853
is_linear=0
shrinkage=0.04


Tree=23
num_leaves=15
num_cat=0
split_feature=6 7 6 7 2 3 3 9 9 10 10 3 4 3
split_gain=15006.7 4304.85 3083.02 1281.92 879.384 658.594 627.017 541.512 466.861 408.626 1078.36 375.527 459.008 371.27
threshold=1.7042219638824465 39.440059661865241 0.0273585319519043 13.887834548950197 0.68750000000000011 47.588541030883796 63.078125000000007 73.625000000000014 73.625000000000014 -0.88189578056335438 -0.83830440044403065 49.411458969116218 81.463542938232436 48.942708969116218
decision_type=2 2 2 2 2 2 2 2 2 2 2 2 2 2
left_child=2 3 13 6 -3 -4 8 -5 -2 -7 -11 -10 -13 -1
right_child=1 4 5 7 -6 9 -8 -9 11 10 -12 12 -14 -15
leaf_value=-0.070351552652796412 0.009050001462885789 0.019706975055910431 -0.036254603152933045 0.022435430487033031 0.039955661209087501 -0.035871202275988771 0.016912824760119939 0.0068081531047242631 -0.019815626109900425 0.032829937733477255 -0.018856204599156913 -0.011486280898552107 0.0022629819051051591 -0.02150985973504279
leaf_weight=3346.8097499012947 3045.7809742689133 8425.6198785305023 4935.3770688772202 4274.681792974472 5870.0718443393707 1540.2104582190514 2188.3441705703735 20627.919977068901 3386.2643111944199 712.14776492118835 5550.2783814072609 8397.9555641412735 7204.0087170600891 292.50621289014816
leaf_count=5233 1039 1674 4720 864 633 1249 525 6019 1895 150 3495 3882 2705 207
internal_value=-5.3137e-05 0.00876348 -0.0341642 0.00313728 0.0280657 -0.0248173 -0.00341327 0.00950652 -0.0054455 -0.0175087 -0.0128928 -0.00777771 -0.00514296 -0.066565
internal_weight=79798 63420.6 16377.3 49125 14295.7 12738 24222.4 24902.6 22034 7802.64 6262.43 18988.2 15602 3639.32
internal_count=34290 19236 15054 16929 2307 9614 10046 6883 9521 4894 3645 8482 6587 5440
is_linear=0
shrinkage=0.04


Tree=24
num_leaves=15
num_cat=0
split_feature=6 2 3 0 3 10 3 6 3 4 6 5 9 10
split_gain=13966.3 4012.6 3034.25 1491.39 715.007 675.249 556.271 526.476 414.366 396.218 383.63 559.603 364.573 340.432
threshold=1.7042219638824465 0.52083334326744091 39.763021469116218 10.409545898437502 61.901041030883796 -0.46092462539672846 49.640625000000007 0.2814710140228272 49.296875000000007 91.239582061767592 0.60988068580627453 84.750000000000014 73.875000000000014 -0.73289573192596424
decision_type=2 2 2 2 2 2 2 2 2 2 2 2 2 2
left_child=2 3 7 4 8 -3 10 -1 -2 12 -4 -12 -5 -11
right_child=1 5 6 9 -6 -7 -8 -9 -10 13 11 -13 -14 -15
leaf_value=-0.071464281568716731 -0.014826200676769857 0.013291307975510558 -0.040456221185308845 0.021335514591653112 0.013233294652141544 0.037022540671925938 -0.01509800279698109 -0.031115243458005818 -0.0018967139774360778 0.0067293127099482966 -0.00088579204561313408 -0.038453162276648446 0.0055900425441826867 0.026494006335742028
leaf_weight=3107.2232809066772 4860.6112815737724 2583.6139993667603 3624.2859041690826 2846.6978517770767 4310.9221445322037 7792.457595705986 6279.3971465229988 674.36231184005737 21204.226490855217 2073.519096493721 1256.9207512140274 1262.9876579046249 13284.618529438972 4346.5514570474625
leaf_count=5119 2475 553 3717 600 1109 912 3853 613 8408 559 640 1112 3831 789
internal_value=-5.3434e-05 0.00843054 -0.0331644 0.00396634 -0.00181949 0.0311505 -0.0235469 -0.0644705 -0.00431734 0.0117543 -0.0321048 -0.0198692 0.00839163 0.0201512
internal_weight=79508.4 63303.2 16205.2 52927.1 30375.8 10376.1 12423.6 3781.59 26064.8 22551.4 6144.19 2519.91 16131.3 6420.07
internal_count=34290 19236 15054 17771 11992 1465 9322 5732 10883 5779 5469 1752 4431 1348
is_linear=0
shrinkage=0.04


Tree=25
num_leaves=15
num_cat=0
split_feature=6 7 6 3 9 0 3 8 9 11 10 10 10 3
split_gain=12992.8 3753.99 2990.08 1138.25 810.501 793.657 586.577 442.841 439.882 385.606 400.001 382.634 999.253 372.393
threshold=1.7042219638824465 39.440059661865241 0.0273585319519043 61.088541030883796 73.875000000000014 5.000925064086915 47.588541030883796 19.625000000000004 73.875000000000014 -0.88958057761192311 -0.60585239529609669 -0.88189578056335438 -0.83830440044403065 48.942708969116218
decision_type=2 2 2 2 2 2 2 2 2 2 2 2 2 2
left_child=2 3 13 5 -3 -2 -4 -5 -7 -9 -11 -8 -13 -1
right_child=1 4 6 7 -6 8 11 9 -10 10 -12 12 -14 -15
leaf_value=-0.069131465968244238 -0.0081810949580414811 0.036628122319803426 -0.033995635898053309 0.025401901330880845 0.017342035628091158 0.013944213647776963 -0.034084622224125706 0.015210349427315284 0.00079107123738461963 0.0037033799932628896 -0.034848300987453951 0.03234443260594342 -0.017490008095316176 -0.020114929525436524
leaf_weight=3152.1317885518074 14045.689546644688 6503.6486612558365 4848.0595353245735 3428.4284335970879 7641.4580758810043 5337.2568913698196 1520.040499329567 5593.0698753595352 16917.71370446682 3249.9962050914764 475.96168231964111 709.74658715724945 5525.4136380553246 290.84168291091919
leaf_count=5233 6602 733 4720 665 1574 1388 1249 1358 5744 952 220 150 3495 207
internal_value=-5.39245e-05 0.00810975 -0.0321741 0.00287007 0.0262486 -0.000742582 -0.023082 0.0131428 0.00395519 0.00858798 -0.00138106 -0.0161897 -0.0117321 -0.0651309
internal_weight=79239.5 63193.2 16046.2 49048.1 14145.1 36300.7 12603.3 12747.5 22255 9319.03 3725.96 7755.2 6235.16 3442.97
internal_count=34290 19236 15054 16929 2307 13734 9614 3195 7132 2530 1172 4894 3645 5440
is_linear=0
shrinkage=0.04


Tree=26
num_leaves=15
num_cat=0
split_feature=6 2 6 6 3 10 3 4 10 3 6 10 10 4
split_gain=12082.8 3507.6 2935.82 1293.24 726.363 624.344 528.208 436.558 509.717 461.109 386.948 373.278 918.119 386.624
threshold=1.7042219638824465 0.52083334326744091 1.0000000180025095e-35 9.9588274955749529 47.442708969116218 -0.46092462539672846 52.588541030883796 89.031250000000014 -0.73289573192596424 60.984375000000007 0.46117901802062994 -0.88189578056335438 -0.83830440044403065 64.973957061767592
decision_type=2 2 2 2 2 2 2 2 2 2 2 2 2 2
left_child=2 3 -1 6 10 -3 -2 -5 -9 -10 -4 -6 -13 -14
right_child=1 5 4 7 11 -7 -8 8 9 -11 -12 12 13 -15
leaf_value=-0.069394860772625813 -0.0098175757014644458 0.012024865450727158 -0.045376042838171857 0.0058332366251258125 -0.033430833774094192 0.034909564428169081 0.0017256249195164144 0.0042903330534823569 0.011586494173406077 0.032718793712280182 -0.023176403222221868 0.030865522868774031 -0.0062595795284566295 -0.026974134446066902
leaf_weight=2663.6203314065933 9594.154942035675 2574.1700783967972 2753.8243981599808 14389.333729743958 1538.1398811936378 7672.2948542833328 18625.958391606808 3521.3672095537186 3074.0853371620178 3636.3661215305328 2447.8425999879837 708.18508476018906 2847.0984969139099 2933.3693922162056
leaf_count=4566 4554 553 3442 4078 1280 912 6844 986 737 572 1930 153 1539 2144
internal_value=-5.40537e-05 0.00780008 -0.0312037 0.00364192 -0.0234206 0.029195 -0.00220296 0.0103375 0.0166483 0.0231012 -0.0350579 -0.0158107 -0.011544 -0.0168282
internal_weight=78979.8 63087.7 15892.1 52841.3 13228.5 10246.5 28220.1 24621.2 10231.8 6710.45 5201.67 8026.79 6488.65 5780.47
internal_count=34290 19236 15054 17771 10488 1465 11398 6373 2295 1309 5372 5116 3836 3683
is_linear=0
shrinkage=0.04


Tree=27
num_leaves=15
num_cat=0
split_feature=6 7 3 3 2 0 0 3 9 8 11 10 7 5
split_gain=11236.8 3263.27 2879.52 990.49 748.571 697.952 557.301 460.603 404.274 403.732 350.608 370.49 338.773 526.387
threshold=1.7042219638824465 39.440059661865241 39.763021469116218 61.088541030883796 0.68750000000000011 5.000925064086915 0.2188682556152344 49.859375000000007 73.875000000000014 19.625000000000004 -0.88958057761192311 -0.60585239529609669 1.3780117034912112 83.750000000000014
decision_type=2 2 2 2 2 2 2 2 2 2 2 2 2 2
left_child=2 3 6 5 -3 -2 -1 12 -7 -5 -11 -12 -4 -14
right_child=1 4 7 9 -6 8 -8 -9 -10 10 11 -13 13 -15
leaf_value=-0.069216667103697879 -0.0077177943651510275 0.016814029613844622 -0.03660247806520326 0.023983650679882153 0.035712566641245967 0.01325255675428976 -0.025020509014591776 -0.013102647933345602 0.00063528908822049052 0.014213684659414236 0.0032622884401415533 -0.033944633370137131 0.0010860518694851488 -0.03488670007455151
leaf_weight=2930.2228398919106 14034.853231191635 8337.2818609476089 3618.5481268763542 3404.8781002759933 5675.2783317565918 5328.6790944337845 575.97251695394516 6033.0676766633987 16915.041950941086 5575.4347977638245 3247.7950801849365 472.82449793815613 1263.462521135807 1319.7388831377029
leaf_count=5216 6602 1674 3785 665 633 1388 516 3722 5744 1358 952 220 639 1176
internal_value=-5.41613e-05 0.00750153 -0.0302615 0.00262808 0.0245082 -0.000739152 -0.0621395 -0.0210396 0.00366706 0.0122322 0.00788569 -0.00162226 -0.0286937 -0.017419
internal_weight=78733.1 62992.1 15741 48979.5 14012.6 36278.6 3506.2 12234.8 22243.7 12700.9 9296.05 3720.62 6201.75 2583.2
internal_count=34290 19236 15054 16929 2307 13734 5732 9322 7132 3195 2530 1172 5600 1815
is_linear=0
shrinkage=0.04


Tree=28
num_leaves=15
num_cat=0
split_feature=6 2 6 7 3 10 3 4 10 3 9 9 5 6
split_gain=10445.5 3073.85 2789.18 1166.91 638.376 577.731 506.46 437.532 570.727 454.532 406.391 393.732 369.932 342.071
threshold=1.6341090202331545 0.52083334326744091 1.0000000180025095e-35 13.887834548950197 47.442708969116218 -0.46092462539672846 63.078125000000007 89.031250000000014 -0.73289573192596424 60.859375000000007 73.625000000000014 77.625000000000014 79.250000000000014 0.46117901802062994
decision_type=2 2 2 2 2 2 2 2 2 2 2 2 2 2
left_child=2 3 -1 6 13 -3 10 -5 -9 -10 -2 12 -6 -4
right_child=1 5 4 7 11 -7 -8 8 9 -11 -12 -13 -14 -15
leaf_value=-0.068128163441710077 0.0085738655476831488 0.010764224155000517 -0.042944410592947617 0.0047040801163303891 0.0019603058854454412 0.032832325100454564 0.015119053689124241 0.002824757691031549 0.010809826899714253 0.030864118877605515 -0.0070967462386948791 -0.031654593419803742 -0.018189765310853843 -0.021707699630634594
leaf_weight=2513.7678852975368 3051.3779388666153 2565.977481842041 2683.3069639205933 17203.611998915672 2473.1601046919823 7566.3738771677017 2191.3644791841507 4089.532474398613 3437.0232697725296 3873.7424556016922 19286.920506417751 1703.553149163723 3518.2118499875069 2347.458714902401
leaf_count=4566 1047 553 3442 5055 1189 912 527 1191 854 625 8700 1315 2441 1873
internal_value=-5.46759e-05 0.00710809 -0.0297609 0.00325335 -0.022087 0.0272759 -0.00314664 0.00874012 0.0148118 0.0214912 -0.00495041 -0.0147805 -0.00989323 -0.0331601
internal_weight=78505.4 63265.9 15239.5 53133.6 12725.7 10132.4 24529.7 28603.9 11400.3 7310.77 22338.3 7694.93 5991.37 5030.77
internal_count=34290 19464 14826 17999 10260 1465 10274 7725 2670 1479 9747 4945 3630 5315
is_linear=0
shrinkage=0.04


Tree=29
num_leaves=15
num_cat=0
split_feature=6 7 6 6 9 3 9 4 10 9 5 6 10 3
split_gain=9705.95 2865.03 2725.08 902.649 706.508 599.52 500.47 387.475 541.96 370.853 355.733 326.526 356.488 304.973
threshold=1.6341090202331545 39.440059661865241 1.0000000180025095e-35 4.5887768268585214 73.625000000000014 47.442708969116218 73.625000000000014 87.781250000000014 -0.73289573192596424 77.875000000000014 79.250000000000014 0.46117901802062994 -0.97661703824996937 52.588541030883796
decision_type=2 2 2 2 2 2 2 2 2 2 2 2 2 2
left_child=2 3 -1 13 -3 11 -5 -8 -9 10 -7 -4 -13 -2
right_child=1 4 5 6 -6 9 7 8 -10 -11 -12 12 -14 -15
leaf_value=-0.067379767879336805 -0.013540071112411027 0.035162530910216476 -0.041720488326519894 0.01633679925361968 0.016192245628341317 0.0011735510156307004 6.4273229107095545e-05 -0.00059769875481200405 0.01712339706054098 -0.032629798561854592 -0.018095868606470913 0.00277271648979272 -0.03108072630673234 -0.0012210785013049073
leaf_weight=2441.710093319416 5798.8436117172241 4856.1947460174561 2652.7637745440006 5764.8283613920212 9040.988400220871 2642.0096243619919 19308.522092461586 4888.3840565681458 6321.7528623342514 1411.2925293445587 3623.8119338750839 707.68907392024994 1632.9352589845657 7196.3131771087646
leaf_count=4566 3156 527 3442 1340 1780 1289 6494 1587 1509 1115 2541 418 1455 3071
internal_value=-5.44974e-05 0.00683565 -0.0288294 0.00230853 0.0228622 -0.0213059 0.00554786 0.00350051 0.00940849 -0.0142283 -0.00999296 -0.0320872 -0.0209083 -0.00673056
internal_weight=78288 63175.8 15112.2 49278.6 13897.2 12670.5 36283.5 30518.7 11210.1 7677.11 6265.82 4993.39 2340.62 12995.2
internal_count=34290 19464 14826 17157 2307 10260 10930 9590 3096 4945 3830 5315 1873 6227
is_linear=0
shrinkage=0.04


Tree=30
num_leaves=15
num_cat=0
split_feature=6 0 6 9 3 3 3 6 5 11 11 9 11 4
split_gain=9030.67 3053.89 2286.77 1482.52 572.026 553.717 530.692 403.23 367.986 323.539 310.018 886.536 655.761 313.624
threshold=1.1420309543609621 11.571264266967775 1.0000000180025095e-35 74.125000000000014 63.265625000000007 49.515625000000007 59.328125000000007 4.4392168521881112 81.750000000000014 -0.99840793013572682 -0.88958057761192311 77.125000000000014 -0.84352421760559071 88.052082061767592
decision_type=2 2 2 2 2 2 2 2 2 2 2 2 2 2
left_child=2 4 -1 6 7 -4 -3 -2 9 -7 11 -5 -12 -13
right_child=1 3 5 10 -6 8 -8 -9 -10 -11 12 13 -14 -15
leaf_value=-0.066596774313980756 -0.0087196864976847085 0.015231666888371329 -0.031200903252520781 -0.0034039382804335085 0.013543705629433817 -0.042357426467640118 0.032931159897293595 0.00027637828543898313 -0.026570585424270616 0.0021763761684305705 -0.049682936569595902 0.01380414111788464 0.0051121751817223837 0.032491554592703899
leaf_weight=2373.2311037778854 14359.939692795277 4391.7852648496628 5631.1849189400673 3238.841771364212 3368.8241066932678 273.16749846935272 7313.5214747190475 17887.20058131218 1687.5721102356911 2366.1614021062851 343.59001278877258 3105.127565741539 9003.4458123445511 2742.0368177890778
leaf_count=4566 7526 893 5834 940 809 245 890 6285 1338 1136 172 716 2530 410
internal_value=-5.488e-05 0.00583834 -0.0314379 0.0152049 -0.00209177 -0.0229421 0.0263277 -0.00373257 -0.0120996 -0.00271671 0.00812088 0.0133747 0.00299617 0.0226485
internal_weight=78085.6 65754.3 12331.3 30138.3 35616 9958.09 11705.3 32247.1 4326.9 2639.33 18433 9086.01 9347.04 5847.16
internal_count=34290 21171 13119 6551 14620 8553 1783 13811 2719 1381 4768 2066 2702 1126
is_linear=0
shrinkage=0.04


Tree=31
num_leaves=15
num_cat=0
split_feature=6 6 6 9 3 9 3 3 8 10 3 8 11 9
split_gain=8397.33 2826.07 2234.03 1264.55 604.684 542.038 532.782 516.378 361.937 354.663 464.078 401.644 346.97 869.804
threshold=1.1420309543609621 12.229960918426515 1.0000000180025095e-35 74.125000000000014 56.890625000000007 78.375000000000014 61.473958969116218 49.515625000000007 19.375000000000004 -0.96676719188690174 45.109375000000007 20.125000000000004 -0.88958057761192311 77.125000000000014
decision_type=2 2 2 2 2 2 2 2 2 2 2 2 2 2
left_child=2 4 -1 6 5 9 -3 -4 -9 11 -11 -2 13 -5
right_child=1 3 7 12 -6 -7 -8 8 -10 10 -12 -13 -14 -15
leaf_value=-0.065779141496882798 0.010768647052375955 0.01660087644102106 -0.030140770064024588 -0.0025469372330405859 0.0044116948135597203 -0.024884435909853266 0.033852267990574107 0.0012436935149510039 -0.021999535509116562 -0.028022388369638756 -0.0046388106066150023 -0.021175467266629458 0.0023549951493410065 0.022649635358898294
leaf_weight=2308.1954143047333 3886.2480231523514 5949.1397970914841 5597.4849709868431 3451.4373327493668 14395.128113806248 2202.1011058688164 5644.4108066558838 1928.2108778953552 2388.0085805654526 1495.2673963904381 13231.425995230675 731.69365829229355 8703.2079215049744 5970.0624066591263
leaf_count=4566 1446 1123 5834 986 4806 1288 645 1003 1716 1010 5840 399 2498 1130
internal_value=-5.49281e-05 0.0056141 -0.0304703 0.0147359 -0.00193219 -0.00617064 0.0250437 -0.0221335 -0.0116581 -0.00401684 -0.00704784 0.00563775 0.00812216 0.0134334
internal_weight=77882 65660.1 12221.9 29718.3 35941.9 21546.7 11593.6 9913.7 4316.22 19344.6 14726.7 4617.94 18124.7 9421.5
internal_count=34290 21171 13119 6382 14789 9983 1768 8553 2719 8695 6850 1845 4614 2116
is_linear=0
shrinkage=0.04


Tree=32
num_leaves=15
num_cat=0
split_feature=6 3 2 0 6 10 3 5 10 8 10 4 4 7
split_gain=7803.12 2590.73 2341.96 851.586 579.545 494.476 461.749 413.21 577.084 513.094 437.794 496.86 324.746 301.808
threshold=1.7042219638824465 39.763021469116218 0.52083334326744091 10.688066482543947 0.2814710140228272 -0.46092462539672846 49.515625000000007 83.250000000000014 -0.6718577742576598 20.125000000000004 1.0000000180025095e-35 45.963541030883796 80.515625000000014 0.40640830993652349
decision_type=2 2 2 2 2 2 2 2 2 2 2 2 2 2
left_child=1 4 3 6 -1 -4 -2 8 9 13 -10 -12 -8 -3
right_child=2 7 5 -5 -6 -7 12 -9 10 -11 11 -13 -14 -15
leaf_value=-0.066816878651242709 -0.012413402816962911 -0.024101695570488638 0.008687108636805909 0.0088648748573933265 -0.023344767439219712 0.029197597037238326 -0.0044631784486304548 -0.025721651252187418 -0.034681213992770431 -0.035258981129091385 -0.040629999591017159 -0.0015183783243277011 0.0046138329442947526 0.024905533780563864
leaf_weight=2490.7652432024479 5116.1238020062447 219.73248243331909 2549.1482552289963 21781.859913349152 645.61052644252777 7393.1810418367386 11018.788847208023 5232.8210621774197 1641.1105273365974 339.42597013711929 629.63262918591499 2606.5961120724678 14690.731646597385 1333.2269502878189
leaf_count=5119 2600 242 553 5607 613 912 4601 4629 1501 319 660 1525 4963 446
internal_value=-5.49118e-05 -0.0258034 0.00618324 0.00281447 -0.0580729 0.0239668 -0.0014638 -0.0172885 -0.0107133 0.00797532 -0.0179673 -0.00933065 0.000723091 0.0177531
internal_weight=77688.8 15138.9 62549.8 52607.5 3136.38 9942.33 30825.6 12002.5 6769.72 1892.39 4877.34 3236.23 25709.5 1552.96
internal_count=34290 15054 19236 17771 5732 1465 12164 9322 4693 1007 3686 2185 9564 688
is_linear=0
shrinkage=0.04


Tree=33
num_leaves=15
num_cat=0
split_feature=6 0 6 9 3 3 3 3 5 10 8 4 5 3
split_gain=7297.33 2426.89 2132.78 1251.29 492.059 467.048 459.943 348.097 468.275 633.683 392.69 509.385 325.623 311.694
threshold=1.1420309543609621 11.571264266967775 1.0000000180025095e-35 74.125000000000014 63.265625000000007 49.515625000000007 59.328125000000007 49.296875000000007 85.250000000000014 -0.92569038271903981 19.625000000000004 85.989582061767592 81.750000000000014 43.619791030883796
decision_type=2 2 2 2 2 2 2 2 2 2 2 2 2 2
left_child=2 4 -1 6 7 -4 -3 8 9 -2 -9 -12 -7 -11
right_child=1 3 5 -5 -6 12 -8 10 -10 13 11 -13 -14 -15
leaf_value=-0.064226920344727975 0.029209552021189068 0.013567787700923397 -0.028326325673289868 0.0070895254142309058 0.012654290926535009 -0.0018442918789469476 0.030112990464595507 0.0032065414897701656 -0.020568918965862128 -0.058345915724899639 -0.011606180886726747 0.0067201347725048925 -0.02437716236480331 -0.0060592565780369203
leaf_weight=2191.1784591376781 853.40791189670563 4373.8367886543274 5525.9183345139027 18374.112628221512 3361.68579185009 2624.0222278237343 7188.8968955278397 13938.699066281319 3792.6073409318924 195.77162098884583 8877.9906356334686 3321.6155630350113 1668.9111728072166 1221.8122287392616
leaf_count=4566 244 893 5834 4768 809 1381 890 5274 2262 187 4139 1100 1338 605
internal_value=-5.60434e-05 0.00520166 -0.0286915 0.0135896 -0.00186285 -0.020647 0.0238887 -0.00338526 -0.0120033 0.00235619 -0.00137839 -0.0066136 -0.0106765 -0.0139914
internal_weight=77510.5 65500.4 12010 29936.8 35563.6 9818.85 11562.7 32201.9 6063.6 2270.99 26138.3 12199.6 4292.93 1417.58
internal_count=34290 21171 13119 6551 14620 8553 1783 13811 3298 1036 10513 5239 2719 792
is_linear=0
shrinkage=0.04


Tree=34
num_leaves=15
num_cat=0
split_feature=7 6 3 9 3 4 8 11 10 3 10 5 9 11
split_gain=6862.09 3047.11 1376.82 1057.68 861.784 538.239 509.991 501.69 490.353 464.302 441.955 531.979 418.936 416.788
threshold=0.74973106384277355 12.229960918426515 40.807291030883796 74.125000000000014 49.859375000000007 84.192707061767592 19.625000000000004 -0.88958057761192311 -0.6718577742576598 61.473958969116218 -0.96676719188690174 87.750000000000014 76.875000000000014 -0.61351096630096424
decision_type=2 2 2 2 2 2 2 2 2 2 2 2 2 2
left_child=2 4 -1 9 10 6 8 -8 12 -3 11 -2 -6 -12
right_child=1 3 -4 -5 5 -7 7 -9 -10 -11 13 -13 -14 -15
leaf_value=-0.064564051593115748 0.017774862844752919 0.014801954364969141 -0.024930346266600695 0.0071393098039172079 0.016316621029814935 0.0064637713650428094 -0.0021957008560916274 -0.019825229723443666 -0.0057544732322120677 0.030994273196567633 -0.013336413094057632 -0.017110893638076767 -0.022160746770860079 -0.035434870837842018
leaf_weight=2448.6359311640263 1332.4397193193436 5918.1014788150787 3348.4283339381218 18087.427038550377 3964.5152475237846 11641.63002961874 5471.0219833254814 4881.6959865093231 5614.8759383559227 5544.123383641243 5322.8123641908169 1428.404669046402 493.24550247192383 1841.4003392755985
leaf_count=5243 578 1123 3350 4614 1316 3833 2299 2634 2574 645 3406 957 276 1442
internal_value=-5.6016e-05 0.00334017 -0.0418357 0.0131766 -0.00358464 -0.000393979 -0.00430512 -0.0105309 0.00210195 0.0226743 -0.0138719 -0.000267569 0.0119792 -0.0190992
internal_weight=77338.8 71541.7 5797.06 29549.7 41992 32067 20425.4 10352.7 10072.6 11462.2 9925.06 2760.84 4457.76 7164.21
internal_count=34290 25697 8593 6382 19315 12932 9099 4933 4166 1768 6383 1535 1592 4848
is_linear=0
shrinkage=0.04


Tree=35
num_leaves=15
num_cat=0
split_feature=7 0 3 9 3 4 3 10 5 8 10 11 11 8
split_gain=6410.32 2827.13 1354.61 1085.29 808.725 461.599 407.321 357.219 533.44 359.004 353.584 341.6 682.305 340.641
threshold=0.74973106384277355 11.571264266967775 40.807291030883796 74.125000000000014 49.515625000000007 80.515625000000014 59.328125000000007 -0.96676719188690174 87.750000000000014 19.625000000000004 -0.78851500153541554 -0.92540621757507313 -0.95438989996910084 19.625000000000004
decision_type=2 2 2 2 2 2 2 2 2 2 2 2 2 2
left_child=2 4 -1 6 7 13 -3 8 9 -2 -9 12 -7 -6
right_child=1 3 -4 -5 5 11 -8 10 -10 -11 -12 -13 -14 -15
leaf_value=-0.06366158465855723 0.028197069043486241 0.012535516067083266 -0.024032465338549108 0.0065593530725821716 0.00047729146775656554 -0.0014618621765490304 0.0281451741314231 -0.034089030890250276 -0.018783725339284636 -0.023244194001868709 -0.013191292743263291 0.00048598573369067471 0.02885109304080772 -0.011376981856909774
leaf_weight=2385.5848473906517 995.08525714278221 4363.9114023447037 3335.6034351885319 18362.085304021835 7692.2766188383102 2461.7983303666115 7113.197052359581 1753.339771926403 1321.5863201618195 259.74744907021523 5014.037414342165 12036.049716114998 2272.9443243741989 7799.7787944078445
leaf_count=5243 342 893 3350 4768 3323 839 890 1390 911 208 3238 4542 473 3880
internal_value=-5.60843e-05 0.00321073 -0.040721 0.0126023 -0.00352746 -0.000523483 0.0222421 -0.0138765 -0.00118627 0.0173512 -0.0186901 0.00407277 0.0131502 -0.00549795
internal_weight=77167 71445.8 5721.19 29839.2 41606.6 32262.8 11477.1 9343.8 2576.42 1254.83 6767.38 16770.8 4734.74 15492.1
internal_count=34290 25697 8593 6551 19146 13057 1783 6089 1461 550 4628 5854 1312 7203
is_linear=0
shrinkage=0.04


Tree=36
num_leaves=15
num_cat=0
split_feature=7 6 3 9 3 4 8 11 10 3 9 10 5 10
split_gain=5985.15 2614.4 1329.28 911.362 740.358 468.546 446.073 466.733 453.981 413.753 387.402 381.084 455.494 370.307
threshold=0.74973106384277355 12.229960918426515 40.807291030883796 74.125000000000014 49.859375000000007 84.192707061767592 19.625000000000004 -0.88958057761192311 -0.6718577742576598 61.473958969116218 76.875000000000014 -0.96676719188690174 87.750000000000014 -0.78851500153541554
decision_type=2 2 2 2 2 2 2 2 2 2 2 2 2 2
left_child=2 4 -1 9 11 6 8 -8 10 -3 -6 12 -2 -13
right_child=1 3 -4 -5 5 -7 7 -9 -10 -11 -12 13 -14 -15
leaf_value=-0.062725713436267969 0.016524606725573737 0.013645559743382517 -0.023160551707331369 0.0066180077484406302 0.015651773360982186 0.0060225909814133399 -0.0018258601846591414 -0.018846051320819981 -0.0055939775349874796 0.028982639027956041 -0.021399988835321859 -0.033300346626873145 -0.015838460700734122 -0.012354200246485508
leaf_weight=2325.8496801555157 1323.8906937539577 5900.4425791501999 3323.7310753762722 18075.891315340996 3957.5461192131042 11629.371087729931 5468.15914529562 4865.1499918103218 5613.4379270672798 5482.8895424604416 491.75519496202469 1814.3298290967941 1422.9527872800827 5311.6271350681782
leaf_count=5243 578 1123 3350 4614 1316 3833 2299 2634 2574 645 276 1442 957 3406
internal_value=-5.56677e-05 0.00308641 -0.0396128 0.0122132 -0.00333351 -0.00037872 -0.00403093 -0.00986027 0.00196284 0.0210707 0.0114792 -0.0128981 -0.000233799 -0.0177655
internal_weight=77007 71357.4 5649.58 29459.2 41898.2 32025.4 20396 10333.3 10062.7 11383.3 4449.3 9872.8 2746.84 7125.96
internal_count=34290 25697 8593 6382 19315 12932 9099 4933 4166 1768 1592 6383 1535 4848
is_linear=0
shrinkage=0.04


Tree=37
num_leaves=15
num_cat=0
split_feature=6 6 7 6 2 3 5 4 10 11 9 3 4 10
split_gain=5590.61 1899.99 1886.44 675.248 462.036 371.45 318.317 316.238 463.175 295.526 280.027 271.178 240.88 231.672
threshold=1.1420309543609621 1.0000000180025095e-35 39.440059661865241 4.4392168521881112 0.77083334326744091 49.515625000000007 81.750000000000014 87.781250000000014 -0.73289573192596424 -0.99840793013572682 73.875000000000014 59.088541030883796 92.822917938232436 -0.83830440044403065
decision_type=2 2 2 2 2 2 2 2 2 2 2 2 2 2
left_child=1 -1 3 -2 12 -3 9 10 13 -7 -5 -10 -4 -9
right_child=2 5 4 7 -6 6 -8 8 11 -11 -12 -13 -14 -15
leaf_value=-0.060929547511013704 -0.0061402490458886249 -0.025083305273241589 0.007552955542252434 0.010427535506540367 0.028093222517436078 -0.039155956287202323 -0.022892779616945243 0.0038690822186886091 0.005720615059579286 0.0040622526138296309 -0.00097941979211181021 0.02173282596763524 0.021260936036328854 -0.01856512345732576
leaf_weight=1992.397204875946 14949.705531835556 5407.2451977431774 5798.8656657934189 4188.2921514511108 4585.4141743183136 263.33177554607391 1650.5672917962074 5492.4267255067825 2739.9618515968323 2356.9496946930885 18928.69472181797 4484.8964830636978 3186.9730209112167 830.11409676074982
leaf_count=4566 7708 5834 1276 1088 515 245 1338 1610 804 1136 6462 867 516 325
internal_value=-5.55719e-05 -0.0255276 0.00451125 0.00101956 0.0177698 -0.0181289 -0.00924812 0.00394069 0.00878859 -0.000544774 0.0010945 0.0156929 0.0124511 0.000874343
internal_weight=76855.8 11670.5 65185.3 51614.1 13571.3 9678.09 4270.85 36664.4 13547.4 2620.28 23117 7224.86 8985.84 6322.54
internal_count=34290 13119 21171 18864 2307 8553 2719 11156 3606 1381 7550 1671 1792 1935
is_linear=0
shrinkage=0.04


Tree=38
num_leaves=15
num_cat=0
split_feature=7 0 3 9 3 11 3 3 10 5 8 10 8 4
split_gain=5264.81 2292.07 1208.29 942.237 650.609 362.997 351.338 334.632 330.255 495.345 325.964 324.856 314.96 368.473
threshold=0.65660476684570324 10.688066482543947 40.807291030883796 74.125000000000014 49.515625000000007 -0.99628248810768116 59.328125000000007 62.359375000000007 -0.96676719188690174 87.750000000000014 19.625000000000004 -0.78851500153541554 19.125000000000004 47.492187500000007
decision_type=2 2 2 2 2 2 2 2 2 2 2 2 2 2
left_child=2 4 -1 6 8 -4 -3 -6 9 10 -2 -10 -13 -14
right_child=1 3 5 -5 7 -7 -8 -9 11 -11 -12 12 13 -15
leaf_value=-0.061228169393855066 0.027370755874265029 0.011181590961798871 0.0048525961895957348 0.0054858755889362369 -0.0023342172188396989 -0.029128837626704641 0.025363839435080925 0.010219122838506258 -0.032411161221445883 -0.017868746381734121 -0.021261282673668429 -0.019832210834207501 -0.039540774773629592 0.0084728982464016122
leaf_weight=2193.0826954543591 1004.7311053276062 4669.2440632581711 626.97303396463394 19630.749071717262 26845.671590566635 2420.7114777565002 7141.0884507894516 3869.5440379977226 1711.8857851624489 1290.3888556361198 264.9275059401989 3189.201064735651 284.29273173213005 1582.9442348182201
leaf_count=5193 348 975 366 5180 11682 2772 917 987 1409 912 211 2218 280 840
internal_value=-5.4822e-05 0.00278655 -0.0386747 0.0108664 -0.00355975 -0.0221521 0.0197852 -0.00074711 -0.0127994 -0.000552418 0.0170508 -0.0174164 -0.0122322 0.000821101
internal_weight=76725.4 71484.7 5240.77 31441.1 40043.6 3047.68 11810.3 30715.2 9328.37 2560.05 1269.66 6768.32 5056.44 1867.24
internal_count=34290 25959 8331 7072 18887 3138 1892 12669 6218 1471 559 4747 3338 1120
is_linear=0
shrinkage=0.04


Tree=39
num_leaves=15
num_cat=0
split_feature=3 6 2 11 10 3 5 4 7 4 8 10 8 11
split_gain=4923.71 2637.01 1131.5 689.589 897.168 465.639 457.57 589.078 477.166 416.465 399.58 370.982 280.629 565.951
threshold=39.763021469116218 4.4392168521881112 0.64583334326744091 1.0000000180025095e-35 -0.90882229804992665 50.171875000000007 84.750000000000014 50.838541030883796 1.3780117034912112 92.177082061767592 19.375000000000004 -0.73289573192596424 19.625000000000004 -0.88958057761192311
decision_type=2 2 2 2 2 2 2 2 2 2 2 2 2 2
left_child=3 5 9 4 -1 6 7 -2 -9 12 -7 -11 -3 -14
right_child=1 2 -4 -5 -6 10 -8 8 -10 11 -12 -13 13 -15
leaf_value=0.025513511837783762 -0.037029288690513543 0.0063595397681239507 0.022463506452175128 -0.068123703054921131 -0.046647257683525511 0.0028929149306728286 -0.025713305108486604 -0.016476377132151408 0.01073253340756768 0.0016650975784794639 -0.010571982159632873 0.018931853884370142 0.0065058060263978043 -0.008125153660493236
leaf_weight=348.85144087672234 886.22770684957504 17897.830497384071 6705.8449846506119 1571.8623523116112 1124.6300074458122 6416.4769487977028 4221.1673110723495 1841.8772705495358 2291.8889206647873 3123.1939727067947 7790.003576695919 5491.7508062124252 8421.5999289751053 8459.2380741834641
leaf_count=211 986 5213 876 3708 2054 2950 3705 1833 1020 897 4388 1047 2272 3130
internal_value=-5.49364e-05 0.00201473 0.00719563 -0.0497258 -0.0294501 -0.00905174 -0.0160321 -0.00782174 -0.00141187 0.00482694 -0.00449493 0.0126905 0.00287291 -0.000826924
internal_weight=76592.4 73547.1 50099.5 3045.34 1473.48 23447.6 9241.16 5019.99 4133.77 43393.6 14206.5 8614.94 34778.7 16880.8
internal_count=34290 28317 13435 5973 2265 14882 7544 3839 2853 12559 7338 1944 10615 5402
is_linear=0
shrinkage=0.04


Tree=40
num_leaves=15
num_cat=0
split_feature=3 0 9 11 10 3 3 11 10 9 10 11 8 11
split_gain=4636.89 2444.43 1004.58 680.344 840.81 544.706 434.381 421.835 870.405 723.363 476.899 401.826 455.942 359.976
threshold=39.763021469116218 5.000925064086915 73.875000000000014 1.0000000180025095e-35 -0.90882229804992665 49.515625000000007 58.640625000000007 -0.88958057761192311 -0.53536762297153462 77.125000000000014 -0.30239063501358027 1.0000000180025095e-35 19.875000000000004 -0.92540621757507313
decision_type=2 2 2 2 2 2 2 2 2 2 2 2 2 2
left_child=3 5 6 4 -1 11 -3 9 -9 13 -11 -2 -13 -4
right_child=1 2 7 -5 -6 -7 -8 8 -10 10 -12 12 -14 -15
leaf_value=0.024648743517388098 -0.019095824519095445 0.0079900423298791962 0.0026262030107973289 -0.067388382939390895 -0.045432275717824579 -0.0036299128422310313 0.022912316753834806 0.0016272171444302545 -0.039936925927055542 0.028114282983618372 0.0086803851864567863 0.017318513556464885 -0.045001345111261436 -0.024358586934966026
leaf_weight=347.3791611790657 7577.5081459283829 5231.6209505796432 5931.7423466444016 1526.5930041074753 1109.3677835166454 18757.66161096096 7832.564839720726 16803.813572704792 826.69954138994217 3387.7233976125717 5030.6780070066452 985.42661517858505 211.2427659034729 892.22129499912262
leaf_count=211 6505 1332 1699 3708 2054 9164 1086 5263 423 590 1236 438 223 358
internal_value=-5.50824e-05 0.00193586 0.00758317 -0.0487713 -0.0286131 -0.00748537 0.016958 0.00384944 -0.000364781 0.00871802 0.0165491 -0.0157007 0.00575856 -0.000962883
internal_weight=76452.2 73468.9 45937.1 2983.34 1456.75 27531.8 13064.2 32872.9 17630.5 15242.4 8418.4 8774.18 1196.67 6823.96
internal_count=34290 28317 11987 5973 2265 16330 2418 9569 5686 3883 1826 7166 661 2057
is_linear=0
shrinkage=0.04


Tree=41
num_leaves=15
num_cat=0
split_feature=7 0 3 9 6 11 10 3 5 4 3 10 10 9
split_gain=4390.63 1829.2 1117.42 727.81 530.224 345.757 322.488 271.103 348.355 344.829 326.645 243.243 696.212 349.174
threshold=0.65660476684570324 11.571264266967775 39.763021469116218 74.125000000000014 3.2047569751739506 -0.99628248810768116 -0.90882229804992665 61.744791030883796 83.250000000000014 48.263021469116218 40.807291030883796 -0.30239063501358027 -0.38307376205921168 76.625000000000014
decision_type=2 2 2 2 2 2 2 2 2 2 2 2 2 2
left_child=2 4 -1 6 7 -4 -3 8 9 -2 -11 12 13 -6
right_child=1 3 5 -5 11 -7 -8 -9 -10 10 -12 -13 -14 -15
leaf_value=-0.059645002181377978 -0.025333007371785878 0.003645118313209086 0.0054361712424282052 0.0051715725416693597 0.005253611604500389 -0.027560196300912731 0.021255359464181171 0.020668453056212156 -0.014726978902838368 -0.045183030376242182 0.0027053732519575356 -0.0056252608946834263 0.023707315927586382 -0.0066078505247039523
leaf_weight=1945.2580533325672 912.61203104257584 2039.0633821487427 629.57704618573189 18302.397488832474 9269.9760644435883 2491.4942765235901 9251.2034866809845 474.36440861225128 8806.0285662412643 217.26675990223885 5753.7657915651798 7024.7738872170448 2279.0593703985214 6915.2506696581841
leaf_count=5012 744 465 367 4768 3177 2952 1318 134 6312 287 2863 2685 500 2706
internal_value=-5.52116e-05 0.00250737 -0.0359599 0.010108 -0.00289478 -0.020912 0.018087 -0.00855714 -0.00946594 -0.0027125 0.000817849 0.000699934 0.00310985 0.000183819
internal_weight=76312.1 71245.8 5066.33 29592.7 41653.1 3121.07 11290.3 16164 15689.7 6883.64 5971.03 25489.1 18464.3 16185.2
internal_count=34290 25959 8331 6551 19408 3319 1783 10340 10206 3894 3150 9068 6383 5883
is_linear=0
shrinkage=0.04


Tree=42
num_leaves=15
num_cat=0
split_feature=3 6 2 11 10 3 5 7 4 10 4 8 8 11
split_gain=4101.42 2105.44 942.295 686.946 784.188 369.252 373.277 522.357 365.073 426.485 348.207 324.948 280.089 440.056
threshold=39.763021469116218 4.2684674263000497 0.64583334326744091 1.0000000180025095e-35 -0.90882229804992665 49.515625000000007 84.750000000000014 1.4389514923095705 91.239582061767592 -0.73289573192596424 47.492187500000007 19.375000000000004 19.625000000000004 -0.88958057761192311
decision_type=2 2 2 2 2 2 2 2 2 2 2 2 2 2
left_child=3 5 8 4 -1 6 7 -2 12 -10 -9 -7 -3 -14
right_child=1 2 -4 -5 -6 11 -8 10 9 -11 -12 -13 13 -15
leaf_value=0.024788023495621526 -0.021455190690765246 0.0056902348270295236 0.020355107214461033 -0.066032307559512934 -0.043088612273690895 0.0018961368127671044 -0.024516471536487287 -0.040800775845986126 0.00011413658485336399 0.016789306545337689 0.011146932172132995 -0.010008056382825425 0.0049546363551590715 -0.0082741166890335678
leaf_weight=347.27120327949524 2113.1870997548103 17251.262370586395 6647.9444001913071 1450.9617742598057 1079.8405437171459 6804.3451756238937 3685.1952080726624 209.4543548822403 3870.9255675077438 6685.7968205213547 2066.7971703410149 7928.196146607399 8045.2392846345901 8009.5802997350693
leaf_count=211 2393 5087 876 3708 2054 3216 3372 193 1140 1318 929 4559 2223 3011
internal_value=-5.47638e-05 0.00178958 0.00634379 -0.0467268 -0.0264573 -0.00829331 -0.015159 -0.00722733 0.0042119 0.0106867 0.00605311 -0.00451489 0.00215447 -0.00164713
internal_weight=76196 73317.9 50510.7 2878.07 1427.11 22807.2 8074.63 4389.44 43862.8 10556.7 2276.25 14732.5 33306.1 16054.8
internal_count=34290 28317 13655 5973 2265 14662 6887 3515 12779 2458 1122 7775 10321 5234
is_linear=0
shrinkage=0.04


Tree=43
num_leaves=15
num_cat=0
split_feature=3 0 9 11 10 3 3 4 10 10 9 11 8 9
split_gain=3855.48 1950.73 824.355 673.941 733.268 451.867 384.212 375.123 486.295 421.969 396.419 351.804 418.677 314.28
threshold=39.763021469116218 5.000925064086915 73.875000000000014 1.0000000180025095e-35 -0.90882229804992665 49.515625000000007 60.859375000000007 87.781250000000014 -0.38307376205921168 -0.30239063501358027 78.875000000000014 1.0000000180025095e-35 19.875000000000004 74.625000000000014
decision_type=2 2 2 2 2 2 2 2 2 2 2 2 2 2
left_child=3 5 6 4 -1 11 -3 -4 -9 -10 13 -2 -13 -11
right_child=1 2 7 -5 -6 -7 -8 8 9 10 -12 12 -14 -15
leaf_value=0.023942586519654349 -0.01741453615944135 0.0088703029232836406 -0.0001260393294609092 -0.065204645892399743 -0.041882778458344996 -0.0032041694931737755 0.022696710139844187 0.0018367910059526658 0.030257596960021657 0.012564954855107554 0.025095319058632378 0.016957467061280675 -0.04325505578365374 -0.018253163740403654
leaf_weight=345.88741114735603 7523.7557890713215 6983.1564530134201 19586.18958234787 1411.6591794192791 1067.3277315497398 18736.785044193268 6009.9059946537018 7462.3527135848999 2353.821343421936 1049.9153759479523 1330.7389432191849 980.57020622491837 206.90078407526016 1028.707257270813
leaf_count=211 6505 1645 6293 3708 2054 9164 773 2146 367 217 217 438 223 329
internal_value=-5.48395e-05 0.00171902 0.00677092 -0.0457422 -0.0256626 -0.00671029 0.0152907 0.00338992 0.00858916 0.0172958 0.00822265 -0.0142269 0.00592356 -0.00271549
internal_weight=76077.7 73252.8 45804.8 2824.87 1413.22 27448 12993.1 32811.7 13225.5 5763.18 3409.36 8711.23 1187.47 2078.62
internal_count=34290 28317 11987 5973 2265 16330 2418 9569 3276 1130 763 7166 661 546
is_linear=0
shrinkage=0.04


Tree=44
num_leaves=15
num_cat=0
split_feature=7 3 11 11 7 4 11 5 4 9 11 7 5 10
split_gain=3649.85 1492.18 1026.55 781.423 771.14 615.305 378.699 347.897 346.796 333.576 331.61 352.376 258.777 472.442
threshold=0.65660476684570324 61.088541030883796 -0.0590442307293415 -0.88958057761192311 6.5716266632080087 87.468750000000014 -0.99628248810768116 83.250000000000014 48.263021469116218 73.625000000000014 -0.9852197766304015 40.29579162597657 73.750000000000014 -0.6718577742576598
decision_type=2 2 2 2 2 2 2 2 2 2 2 2 2 2
left_child=2 4 6 5 7 -3 -1 8 -2 -9 -6 -12 -10 -14
right_child=1 3 -4 -5 10 -7 -8 9 12 -11 11 -13 13 -15
leaf_value=0.0057554627226058157 -0.023700878549903645 0.0080043749677072614 -0.064114313802880393 0.00030149822668663152 -0.010270336846874693 0.025019884671679832 -0.028171230712620787 0.0066737709114628035 0.014328437615582175 -0.01604111477579977 0.0015760997149159659 0.013891585674870373 0.012953797614495602 -0.014391834698532847
leaf_weight=629.28245621919632 960.1612434387207 6559.9314994812012 1267.3868785500526 6824.780844271183 3152.5695094466209 7101.3223476409912 3020.4966831505299 1164.525858938694 1848.4755193293095 8590.287824422121 26349.653685927391 4309.2336758375168 1655.8759633600712 2529.5936490595341
leaf_count=367 779 1557 3590 1897 1109 1010 4374 555 797 6193 8911 807 751 1593
internal_value=-5.38177e-05 0.0022566 -0.0333101 0.011358 -0.00143412 0.0168729 -0.0223222 -0.00844754 -0.00163139 -0.0133213 0.002043 0.00331502 0.00194715 -0.00356307
internal_weight=75963.6 71046.4 4917.17 20486 50560.4 13661.3 3649.78 16748.9 6994.11 9754.81 33811.5 30658.9 6033.95 4185.47
internal_count=34290 25959 8331 4464 21495 2567 4741 10668 3920 6748 10827 9718 3141 2344
is_linear=0
shrinkage=0.04


Tree=45
num_leaves=15
num_cat=0
split_feature=3 6 2 11 10 7 5 10 10 8 10 4 10 6
split_gain=3442.44 1661.86 790.247 655.187 683.711 316.389 340.458 538.396 330.81 323.189 321.947 307.526 275.446 251.507
threshold=39.763021469116218 4.2684674263000497 0.64583334326744091 1.0000000180025095e-35 -0.90882229804992665 2.3169994354248051 83.250000000000014 -0.6718577742576598 1.0000000180025095e-35 20.125000000000004 0.12214757129549982 92.177082061767592 -0.73289573192596424 0.13298392295837405
decision_type=2 2 2 2 2 2 2 2 2 2 2 2 2 2
left_child=3 5 11 4 -1 6 7 9 -9 -2 -10 -3 -13 -12
right_child=1 2 -4 -5 -6 -7 -8 8 10 -11 13 12 -14 -15
leaf_value=0.02366357355613289 0.021545291740840748 0.0020449813273921763 0.018534446286247234 -0.063710126756123947 -0.040053544651969412 -0.0037278212330783579 -0.023235632212031173 -0.031855877135905208 0.015878627747783688 -0.025919554615352069 -0.04186650340408675 0.0010347922935311704 0.015913590247417748 -0.0064037278638812206
leaf_weight=345.31657299399376 1245.0901049375534 35215.320873856544 6598.8960776329041 1345.5418666303158 1049.2548791766167 14255.129254460335 3406.3377406895161 1238.8355601131916 707.8609973192215 262.62856763601303 423.54413720965385 3138.0203040838242 5439.1901692152023 1183.2291465401649
leaf_count=211 572 10825 876 3708 2054 7369 3425 1263 277 271 658 904 1050 827
internal_value=-5.29961e-05 0.001602 0.00565103 -0.0439046 -0.0241647 -0.0073745 -0.0134905 -0.00686602 -0.0153405 0.0130463 -0.00630393 0.00370211 0.0104852 -0.0161515
internal_weight=75854.2 73114.1 50391.4 2740.11 1394.57 22722.7 8467.53 5061.19 3553.47 1507.72 2314.63 43792.5 8577.21 1606.77
internal_count=34290 28317 13655 5973 2265 14662 7293 3868 3025 843 1762 12779 1954 1485
is_linear=0
shrinkage=0.04


Tree=46
num_leaves=15
num_cat=0
split_feature=3 0 9 11 10 3 3 5 4 7 4 10 10 9
split_gain=3230.35 1544.91 720.412 639.452 638.244 386.903 333.544 315.367 469.79 361.14 314.598 413.077 391.809 354.044
threshold=39.763021469116218 5.000925064086915 73.875000000000014 1.0000000180025095e-35 -0.90882229804992665 49.515625000000007 62.526041030883796 84.750000000000014 50.838541030883796 1.3780117034912112 87.781250000000014 -0.38307376205921168 -0.30239063501358027 78.875000000000014
decision_type=2 2 2 2 2 2 2 2 2 2 2 2 2 2
left_child=3 5 6 4 -1 7 -3 8 -2 -10 -4 -12 -13 -14
right_child=1 2 10 -5 -6 -7 -8 -9 9 -11 11 12 13 -15
leaf_value=0.022848942698327837 -0.033409824377696247 0.0092664040584338296 -0.0003388947039394412 -0.062792789159423879 -0.03887143010355356 -0.0027350462544790035 0.02275008822991114 -0.020891787187489276 -0.013842699550227735 0.011168758110574963 0.0014381026103300399 0.028281854049927398 -0.0033485223863377227 0.023011416944232553
leaf_weight=344.06218591332436 779.7230603992939 8401.9347511529922 19581.251833558083 1311.5767798125744 1038.7433915138245 18704.188055813313 4536.7930246591568 4149.8921209573746 1604.9112993180752 2120.3485717177391 7458.4633166790009 2329.256227016449 2073.9055072069168 1318.764674782753
leaf_count=211 931 1867 6293 3708 2054 9164 551 3593 1706 936 2146 367 546 217
internal_value=-5.31499e-05 0.00153836 0.00603795 -0.0429011 -0.0234077 -0.00597664 0.0140221 -0.0129596 -0.00559267 0.000376977 0.0028781 0.00765065 0.0157154 0.00697266
internal_weight=75753.8 73059.4 45700.4 2694.38 1382.81 27359.1 12938.7 8654.88 4504.98 3725.26 32761.6 13180.4 5721.93 3392.67
internal_count=34290 28317 11987 5973 2265 16330 2418 7166 3573 2642 9569 3276 1130 763
is_linear=0
shrinkage=0.04


Tree=47
num_leaves=15
num_cat=0
split_feature=3 6 7 11 10 7 5 10 10 8 10 11 8 3
split_gain=3029.48 1430.59 687.009 622.999 595.46 291.711 308.305 492.096 311.12 299.401 291.93 285.934 356.038 271.749
threshold=39.763021469116218 4.4392168521881112 44.75297927856446 1.0000000180025095e-35 -0.90882229804992665 2.3169994354248051 83.250000000000014 -0.6718577742576598 1.0000000180025095e-35 20.125000000000004 0.12214757129549982 -0.9852197766304015 20.375000000000004 61.901041030883796
decision_type=2 2 2 2 2 2 2 2 2 2 2 2 2 2
left_child=3 5 -3 4 -1 6 7 9 -9 -2 -10 13 -13 -4
right_child=1 2 11 -5 -6 -7 -8 8 10 -11 -12 12 -14 -15
leaf_value=0.022057279254434705 0.02091217903939906 0.0028341259571053831 -0.015345786734490115 -0.061843605605612501 -0.037702274596905401 -0.0033255888027639642 -0.021946228386827516 -0.030548252720122755 0.015421750077206848 -0.024887346131516028 -0.015114940097775587 0.021538820895396715 -0.0011796034784610932 0.011883994988659011
leaf_weight=342.8966928422451 1241.4350808858871 39039.724236488342 872.42588996887207 1279.4033826887608 1028.9405336081982 14798.035381168127 3388.9964676499367 1229.1807229220867 707.07781875133514 261.14057508111 1597.3926734924316 6864.3293769359589 1312.0656229257584 1691.6236202716827
leaf_count=211 572 11639 204 3708 2054 7589 3425 1263 277 271 1485 1007 321 264
internal_value=-5.22319e-05 0.00147829 0.00530229 -0.0418917 -0.0226628 -0.00671614 -0.0126493 -0.00633115 -0.0144624 0.0127301 -0.00569333 0.0142517 0.0178992 0.00257191
internal_weight=75654.7 73003.4 49780.2 2651.24 1371.84 23223.3 8425.22 5036.23 3533.65 1502.58 2304.47 10740.4 8176.39 2564.05
internal_count=34290 28317 13435 5973 2265 14882 7293 3868 3025 843 1762 1796 1328 468
is_linear=0
shrinkage=0.04


Tree=48
num_leaves=15
num_cat=0
split_feature=7 3 3 11 7 4 9 11 7 5 4 10 11 10
split_gain=2851.81 1214.82 819.769 672.091 604.894 505.083 326.094 312.958 329.294 310.172 388.055 249.574 248.879 231.651
threshold=0.5008220672607423 61.088541030883796 38.169271469116218 -0.88958057761192311 6.5716266632080087 87.468750000000014 78.125000000000014 -0.97631725668907154 40.29579162597657 79.250000000000014 48.263021469116218 -0.99617367982864369 -0.99628248810768116 0.371137484908104
decision_type=2 2 2 2 2 2 2 2 2 2 2 2 2 2
left_child=2 4 -1 5 6 -3 9 -6 13 10 -2 -11 -4 -9
right_child=1 3 12 -5 7 -7 -8 8 -10 11 -12 -13 -14 -15
leaf_value=-0.055441938916981369 -0.026433055292306919 0.0071787868874527427 0.0057659156917370148 -0.00018385482679058446 -0.0078249010890436704 0.022642011513317965 -0.019973362836983574 0.0022693010480201799 0.014789668090129399 -0.036775764416410256 0.009187163019828094 -0.0073859897157090319 -0.02470059122537982 -0.020936444344273712
leaf_weight=1530.688335776329 548.72068911790848 6549.313441991806 533.85316351056099 6822.0712044239044 4785.3258897662163 7023.3272227048874 2815.6706883609295 24870.421937525272 3433.9034324884415 466.70992994308472 3501.0455702841282 9960.8603160381317 2033.8878004550934 687.95346528291702
leaf_count=4678 533 1557 312 1897 1580 1010 2001 8277 623 454 1659 6678 2684 347
internal_value=-5.20286e-05 0.00181267 -0.0324182 0.0100602 -0.00148359 0.015202 -0.00756311 0.00163156 0.00319671 -0.00512524 0.00425464 -0.00876928 -0.0183708 0.00162879
internal_weight=75563.8 71465.3 4098.43 20394.7 51070.6 13572.6 17293 33777.6 28992.3 14477.3 4049.77 10427.6 2567.74 25558.4
internal_count=34290 26616 7674 4464 22152 2567 11325 10827 9247 9324 2192 7132 2996 8624
is_linear=0
shrinkage=0.04


Tree=49
num_leaves=15
num_cat=0
split_feature=3 4 10 11 7 10 3 8 11 10 11 5 10 8
split_gain=2668.87 1236.35 754.422 612.057 608.463 576.034 514.301 442.547 698.456 477.403 393.488 295.44 433.716 335.056
threshold=39.763021469116218 87.781250000000014 -0.73289573192596424 -0.0590442307293415 3.5658359527587895 -0.90882229804992665 59.682291030883796 19.875000000000004 -0.88958057761192311 -0.53536762297153462 -0.95438989996910084 83.250000000000014 -0.6718577742576598 20.125000000000004
decision_type=2 2 2 2 2 2 2 2 2 2 2 2 2 2
left_child=3 4 -3 5 11 -1 -4 -6 10 -10 -9 12 13 -2
right_child=1 2 6 -5 7 -7 -8 8 9 -11 -12 -13 -14 -15
leaf_value=0.024071113609434751 0.019742458997745262 -0.00025460069706749987 0.0046564435129126712 -0.060006046651706335 0.0035986621951350512 -0.035534471959882824 0.020115803996108766 -0.0043540981242566569 -0.011147573226540971 -0.046177182374874101 0.014121416939422328 -0.017577403657587681 -0.01106217710244045 -0.025539459976477021
leaf_weight=330.98198038339615 1492.8768316209316 9062.9657671749592 5482.6522344946861 1238.2920515239239 23278.486535608768 1010.1526158452034 9304.1380679607391 4740.7714845538139 5891.8419157862663 680.26432907581329 2992.1194888949394 5022.9293480813503 4648.3097954392433 298.10705959796906
leaf_count=198 666 2908 1431 3721 7809 2054 1483 1677 2604 439 775 4572 3651 302
internal_value=-5.19029e-05 0.00136794 0.00883431 -0.039879 -0.00226489 -0.0206867 0.0143978 0.000197082 -0.0053356 -0.0149025 0.0028127 -0.0103238 -0.00462869 0.0120065
internal_weight=75474.9 72895.5 23849.8 2579.43 49045.7 1341.13 14786.8 37583.5 14305 6572.11 7732.89 11462.2 6439.29 1790.98
internal_count=34290 28317 5822 5973 22495 2252 2914 13304 5495 3043 2452 9191 4619 968
is_linear=0
shrinkage=0.04


Tree=50
num_leaves=15
num_cat=0
split_feature=3 0 9 11 10 3 3 8 4 10 3 4 5 7
split_gain=2520.48 1236.04 623.521 479.261 548.25 384.874 320.703 264.744 268.343 334.073 295.147 242.384 396.798 341.522
threshold=36.942708969116218 5.000925064086915 74.125000000000014 -0.0590442307293415 -0.88189578056335438 49.515625000000007 58.640625000000007 19.375000000000004 85.401042938232436 0.12214757129549982 63.796875000000007 48.263021469116218 83.250000000000014 1.3780117034912112
decision_type=2 2 2 2 2 2 2 2 2 2 2 2 2 2
left_child=3 5 6 4 -1 11 -3 -7 9 10 -9 -2 13 -13
right_child=1 2 -4 -5 -6 7 -8 8 -10 -11 -12 12 -14 -15
leaf_value=0.026226654160534824 -0.033657861339477069 0.0055648011742325263 0.0019378317238721631 -0.063717578373463729 -0.043098270788159684 0.0030126073464660907 0.017407941634309691 -0.016176067790093576 0.0066757669236207386 0.0055625023657558392 0.018735449556771627 -0.0140099549311324 -0.017359799517963934 0.011129755175211141
leaf_weight=246.83644837141037 753.91268506646156 6838.4976180791855 30845.199458479881 1036.7329430133104 578.27177938818932 8494.3867318034172 7914.4119743108749 6024.8344848155975 1966.2963665723801 1780.068682551384 397.63380801677704 1509.5170404911041 5020.9110400080681 1968.8896591365337
leaf_count=149 1080 1759 9114 3438 1433 3782 1133 3793 689 811 89 1738 4410 872
internal_value=-5.17652e-05 0.00111806 0.00517557 -0.045763 -0.0222294 -0.00550835 0.0119332 -0.00219628 -0.00654483 -0.00972257 -0.0139631 -0.0121694 -0.0101888 0.000202204
internal_weight=75376.4 73514.6 45598.1 1861.84 825.108 27916.5 14752.9 18663.2 10168.8 8202.54 6422.47 9253.23 8499.32 3478.41
internal_count=34290 29270 12006 5020 1582 17264 2892 9164 5382 4693 3882 8100 7020 2610
is_linear=0
shrinkage=0.04


Tree=51
num_leaves=15
num_cat=0
split_feature=6 3 7 11 3 8 10 11 7 5 9 4 11 3
split_gain=2377.86 1117.24 645.749 589.459 497.688 427.54 420.177 294.95 289.452 284.314 387.925 370.59 316.158 269.472
threshold=0.0273585319519043 61.088541030883796 6.5716266632080087 -0.88958057761192311 27.841145515441898 20.625000000000004 -0.30239063501358027 -0.97631725668907154 40.29579162597657 79.250000000000014 76.875000000000014 48.263021469116218 -0.99840793013572682 53.713541030883796
decision_type=2 2 2 2 2 2 2 2 2 2 2 2 2 2
left_child=4 2 9 5 -1 6 -3 -4 -9 11 13 -2 -13 -11
right_child=1 3 7 -5 -6 -7 -8 8 -10 10 -12 12 -14 -15
leaf_value=-0.075868406705445479 -0.02026402568683407 0.029119293503237196 -0.007763258656947809 -0.00047684890887310897 -0.030161745267046611 0.0024236953065262536 0.011910760799240819 0.0014691541480211835 0.013822442062827872 -0.010781726866875228 -0.023148589326864425 -0.038454527332612745 0.0069425812807229169 0.0046738138112813665
leaf_weight=509.4556719660759 1192.2034440338612 3626.1954991817474 4783.8486360311508 6814.164035141468 1580.2978796511889 3739.164542734623 6157.5130416750908 25536.929199069738 3425.2033569812775 7633.6021693646908 3193.5891873836517 239.71915453672409 4514.2928667068481 2349.281322658062
leaf_count=2075 1130 484 1580 1897 3365 987 1099 8624 623 6067 2609 227 2402 1121
internal_value=-5.12998e-05 0.00115496 -0.00191029 0.00911752 -0.041918 0.0139457 0.0183353 0.00141784 0.00293864 -0.00777881 -0.0110511 -0.000514866 0.00450194 -0.00714249
internal_weight=75295.5 73205.7 52868.7 20337 2089.75 13522.9 9783.71 33746 28962.1 19122.7 13176.5 5946.22 4754.01 9982.88
internal_count=34290 28850 24383 4467 5440 2570 1583 10827 9247 13556 9797 3759 2629 7188
is_linear=0
shrinkage=0.04


Tree=52
num_leaves=15
num_cat=0
split_feature=3 4 10 7 11 10 3 8 11 9 11 9 3 11
split_gain=2255.45 1079.32 659.019 533.784 470.395 508.37 443.969 333.498 730.047 399.034 318.975 316.425 311.751 519.638
threshold=36.942708969116218 87.781250000000014 -0.73289573192596424 2.3169994354248051 -0.0590442307293415 -0.88189578056335438 59.682291030883796 19.625000000000004 -0.88958057761192311 76.125000000000014 -0.95438989996910084 77.875000000000014 52.859375000000007 1.0000000180025095e-35
decision_type=2 2 2 2 2 2 2 2 2 2 2 2 2 2
left_child=4 3 -3 11 5 -1 -4 12 10 -10 -9 -2 13 -5
right_child=1 2 6 7 -6 -7 -8 8 9 -11 -12 -13 -14 -15
leaf_value=0.025897560505303462 -0.0083340985362526029 -0.00045323192218483111 0.0042284556393672509 -0.007625326940922085 -0.062300892493296935 -0.041121928698153135 0.018587468985769649 -0.0027071204393722395 0.0007568983365987249 -0.018391766152165458 0.012110523608464457 -0.030991608340825302 0.0069410140466583583 0.013992308198901477
leaf_weight=246.04224780201912 7543.4126597195864 9070.3151349425316 5506.0336540937424 7512.8277273774147 991.62886530160904 565.76499173045158 9250.6953544616699 5968.6302232146263 2430.3207968771458 6107.2380561232567 3781.2562981843948 1120.6780840158463 12809.645224690437 2309.7089891135693
leaf_count=149 6673 2916 1447 3693 3438 1433 1483 2142 1012 3083 1080 1279 3744 718
internal_value=-5.11471e-05 0.0010401 0.00803308 -0.00232221 -0.0439957 -0.0206754 0.0132428 -0.000410466 -0.00442513 -0.0129518 0.00305257 -0.0113294 0.00283454 -0.00252397
internal_weight=75214.2 73410.8 23827 49583.7 1803.44 811.807 14756.7 40919.6 18287.4 8537.56 9749.89 8664.09 22632.2 9822.54
internal_count=34290 29270 5846 23424 5020 1582 2930 15472 7317 4095 3222 7952 8155 4411
is_linear=0
shrinkage=0.04


Tree=53
num_leaves=15
num_cat=0
split_feature=3 3 9 11 10 5 11 5 3 10 10 1 10 3
split_gain=2119.26 1002.57 890.163 456.334 475.276 340.888 266.848 480.43 260.121 248.991 462.105 282.56 247.122 282.047
threshold=36.942708969116218 49.515625000000007 74.125000000000014 -0.0590442307293415 -0.88189578056335438 92.250000000000014 1.0000000180025095e-35 90.750000000000014 48.463541030883796 -0.73289573192596424 -0.6718577742576598 0.093984603881835951 -0.98511216044425953 54.609375000000007
decision_type=2 2 2 2 2 2 2 2 2 2 2 2 2 2
left_child=3 6 12 4 -1 -4 9 -8 -9 -2 -11 -12 -3 -14
right_child=1 2 5 -5 -6 -7 7 8 -10 10 11 -13 13 -15
leaf_value=0.025044720179007333 -0.02169485598013135 -0.0060761935706198748 -0.0035594488489690719 -0.061347229336890907 -0.039955953844173921 0.0033812618894939034 0.015144045366471511 -0.040178681005625147 0.016617777984622276 0.018813141391408546 -0.026629782422484479 -0.0065288062236064171 0.0031420501898402693 0.015761446329265502
leaf_weight=244.94765657186508 3181.3487760722637 1225.0378679037094 21011.174150109291 967.56520652770996 559.69329887628555 24504.934280216694 1522.1052623540163 475.66177809238434 161.76082140207291 870.44094371795654 1550.9739292860031 3959.4404321014881 3822.0110376477242 11070.054538667202
leaf_count=149 2693 403 9595 3438 1433 7159 782 379 42 516 2162 2444 1195 1900
internal_value=-5.05751e-05 0.000999121 0.00303906 -0.0430258 -0.020041 0.000177131 -0.00971384 0.00296355 -0.0256982 -0.0125771 -0.00797764 -0.0122623 0.0111112 0.0125313
internal_weight=75127.1 73354.9 61633.2 1772.21 804.641 45516.1 11721.7 2159.53 637.423 9562.2 6380.86 5510.41 16117.1 14892.1
internal_count=34290 29270 20252 5020 1582 16754 9018 1203 421 7815 5122 4606 3498 3095
is_linear=0
shrinkage=0.04


Tree=54
num_leaves=15
num_cat=0
split_feature=6 3 9 3 5 11 8 10 3 10 3 10 10 10
split_gain=1998.42 982.539 820.945 390.161 314.635 236.863 502.523 454.953 466.493 298.001 232.667 229.973 444.046 656.164
threshold=1.0000000180025095e-35 49.515625000000007 74.125000000000014 28.315104484558109 92.250000000000014 -0.88958057761192311 19.375000000000004 -0.30239063501358027 55.088541030883796 -0.21947178244590757 58.640625000000007 -0.90882229804992665 -0.83830440044403065 -0.73289573192596424
decision_type=2 2 2 2 2 2 2 2 2 2 2 2 2 2
left_child=3 -2 10 -1 5 7 -7 8 -4 -9 -3 -6 -13 -14
right_child=1 2 4 -5 11 6 -8 9 -10 -11 -12 12 13 -15
leaf_value=-0.075185364857961956 -0.0095495098731738001 0.0056465464677917078 -0.024219449977898506 -0.030530813145790897 -0.0028396701035468871 0.0018498711126306445 -0.017021676885473635 -0.021548841997386724 0.022517160319479403 -0.00092427058627129587 0.015289287199880534 0.018110394038892509 -0.022048109747187742 0.0055195733917811386
leaf_weight=480.60688391327858 12068.565820127726 7718.38155823946 388.51728278398514 983.64687569439411 7059.0138729810715 4194.8171188235283 4859.9222486615181 1282.9369884133339 2150.6892949342728 8037.9011731743813 8381.3325859308243 3634.0114782452583 1536.5193918943405 12273.672108650208
leaf_count=2149 9551 2215 247 2417 2521 1710 2813 697 548 3501 1283 862 677 3099
internal_value=-5.02481e-05 0.000876397 0.00292419 -0.0460032 0.000171721 -0.0034301 -0.00829419 0.00029118 0.0152327 -0.00380313 0.0106792 0.00324635 0.00570957 0.00242495
internal_weight=75050.5 73586.3 61517.7 1464.25 45418 20914.8 9054.74 11860 2539.21 9320.84 16099.7 24503.2 17444.2 13810.2
internal_count=34290 29724 20173 4566 16675 9516 4523 4993 795 4198 3498 7159 4638 3776
is_linear=0
shrinkage=0.04


Tree=55
num_leaves=15
num_cat=0
split_feature=3 4 10 11 10 7 3 8 11 10 11 9 7 10
split_gain=1890.38 896.847 569.924 442.391 439.931 439.02 392.285 341.244 539.947 450.434 307.959 286.184 459.97 271.925
threshold=36.942708969116218 87.781250000000014 -0.73289573192596424 -0.0590442307293415 -0.88189578056335438 3.5658359527587895 59.682291030883796 19.875000000000004 -0.88958057761192311 -0.53536762297153462 -0.95438989996910084 77.625000000000014 9.5696926116943377 -0.99871450662612904
decision_type=2 2 2 2 2 2 2 2 2 2 2 2 2 2
left_child=3 5 -3 4 -1 13 -4 -7 10 -10 -9 12 -12 -2
right_child=1 2 6 -5 -6 7 -8 8 9 -11 11 -13 -14 -15
leaf_value=0.024677460102001985 -0.047162568711904149 -0.00058262335356472838 0.0036966368826445647 -0.059781163121052812 -0.038079683174725494 0.0029529625047928342 0.017206252069048331 -0.004051631926662351 -0.0097074395501680587 -0.044070781223844245 0.024454745537805592 0.021959954656598956 -0.025939830216558601 -0.007874420140848019
leaf_weight=244.25405469536781 269.95396602153778 9059.8006465435028 5502.5665817260742 927.85364679992199 548.90912130475044 23358.106937259436 9210.0697648525238 4736.4965217709541 5896.0453602671623 664.25196486711502 504.09737086296082 1844.0007999539375 628.66420960426331 11576.755258589983
leaf_count=149 377 2916 1447 3438 1433 7927 1483 1677 2623 439 137 391 247 9606
internal_value=-5.01094e-05 0.000928729 0.00731072 -0.041244 -0.018622 -0.00213928 0.0121655 -2.38574e-05 -0.00489262 -0.0133102 0.00228264 0.0123212 -0.00347823 -0.00884767
internal_weight=74971.8 73250.8 23772.4 1721.02 793.163 49478.4 14712.6 37631.7 14273.6 6560.3 7713.26 2976.76 1132.76 11846.7
internal_count=34290 29270 5846 5020 1582 23424 2930 13441 5514 3062 2452 775 384 9983
is_linear=0
shrinkage=0.04


Tree=56
num_leaves=15
num_cat=0
split_feature=6 3 9 3 5 10 3 0 5 10 8 11 9 10
split_gain=1781.6 865.614 730.601 401.815 270.902 221.792 241.876 208.012 239.985 535.038 392.097 206.121 449.984 440.933
threshold=1.0000000180025095e-35 49.515625000000007 74.125000000000014 28.315104484558109 92.250000000000014 -0.98511216044425953 54.609375000000007 0.2188682556152344 85.250000000000014 -0.94127440452575672 18.875000000000004 -0.88958057761192311 76.625000000000014 -0.83830440044403065
decision_type=2 2 2 2 2 2 2 2 2 2 2 2 2 2
left_child=3 7 5 -1 11 -3 -7 -2 9 -9 -11 -4 13 -13
right_child=1 2 4 -5 -6 6 -8 8 -10 10 -12 12 -14 -15
leaf_value=-0.074780263470890673 -0.018933106406279425 -0.0062170390851131394 0.00026732547475813553 -0.028594084348946624 0.0029929377538919291 0.0027166702639662139 0.014407903945808058 0.024745320840553982 -0.011267845949836664 -0.025468630521453955 0.005796109626864783 0.0074843031424292683 -0.018065804776191487 -0.017981153829047518
leaf_weight=451.06966187059879 2612.9423845112324 1225.1260911822319 11838.8108715415 971.5165805965662 24473.268457531929 3821.154459297657 11030.281008720398 1109.9920874834061 5763.4501156508923 1144.192640542984 1417.2309458553791 3660.2392416000366 3852.3262733221054 1524.450464785099
leaf_count=2149 3589 403 4993 2417 7159 1195 1900 377 3790 955 840 1356 2266 901
internal_value=-5.01119e-05 0.000814005 0.00273736 -0.0440724 0.000138714 0.0100584 0.0114075 -0.00898049 -0.00618994 0.0017993 -0.00825903 -0.00320703 -0.00774909 -4.36098e-05
internal_weight=74896.1 73473.5 61425.7 1422.59 45349.1 16076.6 14851.4 12047.8 9434.87 3671.42 2561.42 20875.8 9037.02 5184.69
internal_count=34290 29724 20173 4566 16675 3498 3095 9551 5962 2172 1795 9516 4523 2257
is_linear=0
shrinkage=0.04


Tree=57
num_leaves=15
num_cat=0
split_feature=3 4 10 3 7 3 9 8 11 9 10 10 11 9
split_gain=1676.31 785.455 515.197 434.956 379.173 354.652 292.755 270.137 586.734 349.715 300.664 263.96 256.939 267.634
threshold=36.942708969116218 87.781250000000014 -0.73289573192596424 27.841145515441898 2.3169994354248051 59.682291030883796 77.875000000000014 19.625000000000004 -0.88958057761192311 76.125000000000014 -0.99871450662612904 0.371137484908104 -0.95438989996910084 77.625000000000014
decision_type=2 2 2 2 2 2 2 2 2 2 2 2 2 2
left_child=3 4 -3 -1 6 -4 -2 11 12 -10 -11 -6 -9 -14
right_child=1 2 5 -5 7 -7 -8 8 9 10 -12 -13 13 -15
leaf_value=-0.071524569536847438 -0.0067576701726767205 -0.00066675091850510848 0.00340918819403376 -0.025922692304808585 0.0034736077317406404 0.016261695219335154 -0.02868284754775598 -0.0024796049119542312 0.0011456374354733483 0.013066106670461231 -0.019425941218274744 -0.017061528410685853 -0.0017512911092537357 0.019816256560171989
leaf_weight=468.90998412668705 7507.5237627029419 9057.5483964383602 5500.8358609080315 1204.5676010102034 21546.824817270041 9185.0292086601257 1104.3676721453667 5966.3250867128372 2424.6848229765892 482.31412178277969 5585.3599174022675 1030.6319677233696 1572.6449947953224 2189.9880309700966
leaf_count=2171 6673 2916 1447 2849 7584 1483 1279 2142 1012 177 2906 571 564 516
internal_value=-5.00827e-05 0.000860477 0.0068365 -0.0393942 -0.0020128 0.0114588 -0.00962924 -0.000401171 -0.00402189 -0.0116919 -0.0168087 0.00252193 0.00268344 0.0108402
internal_weight=74827.6 73154.1 23743.4 1673.48 49410.7 14685.9 8611.89 40798.8 18221.3 8492.36 6067.67 22577.5 9728.96 3762.63
internal_count=34290 29270 5846 5020 23424 2930 7952 15472 7317 4095 3083 8155 3222 1080
is_linear=0
shrinkage=0.04


Tree=58
num_leaves=15
num_cat=0
split_feature=6 3 9 3 5 10 3 4 9 0 5 10 8 10
split_gain=1588.18 762.2 649.038 403.837 236.706 200.342 216.107 199.795 196.282 183.302 225.145 488.215 363.601 202.416
threshold=1.0000000180025095e-35 49.515625000000007 74.125000000000014 28.315104484558109 90.750000000000014 -0.98511216044425953 54.609375000000007 61.859375000000007 79.625000000000014 0.2188682556152344 85.250000000000014 -0.94127440452575672 18.875000000000004 -0.73289573192596424
decision_type=2 2 2 2 2 2 2 2 2 2 2 2 2 2
left_child=3 9 5 -1 7 -3 -7 8 -4 13 11 -11 -13 -2
right_child=1 2 4 -5 -6 6 -8 -9 -10 10 -12 12 -14 -15
leaf_value=-0.074284048468472849 -0.031139132379018206 -0.0060016367088491698 0.0079265297922992677 -0.02696090945371174 0.0023627062723512713 0.002537441258136635 0.013591901611978756 -0.0058111098781583785 -0.023119859507216491 0.023899384863381282 -0.010745050857908453 -0.024324937519755365 0.0058259268199685847 -0.0083950166662974147
leaf_weight=420.53530795872211 1058.2022319734097 1224.8262254595757 3213.4605076909065 962.97070182859898 28197.196085453033 3820.3804765343666 11007.60143327713 13552.862772881985 342.9246386885643 1104.9684347808361 5756.5314286053181 1138.0582040250301 1416.8537221252918 1544.1623513102531
leaf_count=2149 1758 403 1391 2417 8563 1195 1900 6494 227 377 3790 955 840 1831
internal_value=-4.97318e-05 0.000756253 0.00256104 -0.042199 0.000111081 0.00946691 0.010751 -0.00359818 0.00482033 -0.00844664 -0.00582655 0.00192598 -0.00768907 -0.0178104
internal_weight=74761.5 73378 61359.3 1383.51 45306.4 16052.8 14828 17109.2 3556.39 12018.8 9416.41 3659.88 2554.91 2602.36
internal_count=34290 29724 20173 4566 16675 3498 3095 8112 1618 9551 5962 2172 1795 3589
is_linear=0
shrinkage=0.04


Tree=59
num_leaves=15
num_cat=0
split_feature=6 3 9 3 5 4 4 3 10 9 10 10 11 9
split_gain=1489.12 703.755 598.889 405.898 218.638 189.782 187.318 187.197 223.217 460.251 398.884 223.982 211.068 270.149
threshold=1.0000000180025095e-35 49.515625000000007 74.125000000000014 28.315104484558109 92.250000000000014 86.671875000000014 61.859375000000007 62.359375000000007 -0.83830440044403065 76.625000000000014 -0.90882229804992665 -0.96676719188690174 -0.88958057761192311 75.375000000000014
decision_type=2 2 2 2 2 2 2 2 2 2 2 2 2 2
left_child=3 -2 -3 -1 5 6 -4 8 9 10 11 -8 13 -10
right_child=1 2 4 -5 -6 -7 7 -9 12 -11 -12 -13 -14 -15
leaf_value=-0.074002238746469717 -0.0081254135050366719 0.0090962514186513754 0.0046069039439046748 -0.026022743075284471 0.0026708702930098647 0.015721320799776638 0.0048462489560300148 0.0059886554359924304 -0.021064187455056022 -0.018379964032270824 0.024872686890253237 -0.023726671738297775 -0.01928922406989645 -0.0018059676468096186
leaf_weight=405.62863360345364 11999.174906656146 16039.903320789337 3569.3891828656197 958.5923560410738 24455.533333182335 820.95454895496368 1637.4337994456291 1985.9208826422691 1521.4038943052292 1544.9741222858429 1320.858796775341 577.43374633789062 3069.7838684916496 4796.5515009760857
leaf_count=2149 9551 3498 1622 2417 7159 230 647 534 872 935 318 340 1891 2127
internal_value=-4.97972e-05 0.000725772 0.0024593 -0.0411518 0.000106309 -0.00290217 -0.00368065 -0.00548185 -0.00706237 -0.000305092 0.00765188 -0.00274861 -0.010711 -0.00649531
internal_weight=74703.5 73339.3 61340.1 1364.22 45300.2 20844.7 20023.7 16454.4 14468.4 5080.7 3535.73 2214.87 9387.74 6317.96
internal_count=34290 29724 20173 4566 16675 9516 9286 7664 7130 2240 1305 987 4890 2999
is_linear=0
shrinkage=0.04


Tree=60
num_leaves=15
num_cat=0
split_feature=3 3 9 0 4 8 11 10 10 10 4 10 10 3
split_gain=1404.72 867.189 551.368 348.783 211.721 298.854 394.839 573.866 328.74 412.928 265.021 259.442 588.805 426.895
threshold=28.315104484558109 49.515625000000007 74.125000000000014 0.093984603881835951 92.614582061767592 19.625000000000004 -0.88958057761192311 -0.53536762297153462 -0.30239063501358027 -0.21947178244590757 53.786458969116218 -0.83830440044403065 -0.90882229804992665 60.984375000000007
decision_type=2 2 2 2 2 2 2 2 2 2 2 2 2 2
left_child=-1 3 -3 -2 5 11 8 -8 -7 -10 -9 12 -4 -13
right_child=1 2 4 -5 -6 6 7 10 9 -11 -12 13 -14 -15
leaf_value=-0.068224055114292484 -0.022339185634177472 0.008737375499670649 4.4015190100662748e-05 -0.0057759504654735228 0.0076738086186865888 0.011654963601891402 -0.0066371468343289488 -0.0008941960179031502 -0.026884381442343348 0.00028411211585855722 -0.054019566604665642 -0.0043252724236907273 0.024255352677225353 0.018555115302368943
leaf_weight=460.46718241274357 2525.3271618485451 16031.764005124569 4263.2676137089729 10259.416895806789 5219.9935832023621 3435.6104667782784 10474.823617637157 198.38258039951324 997.86076587438583 7417.1615229845047 608.04344934225082 8680.2908322811127 2559.6455383300781 1514.926353931427
leaf_count=2306 4819 3498 1610 6913 1262 899 4585 92 487 2678 463 3835 555 288
internal_value=-4.95288e-05 0.000391896 0.00236586 -0.00907741 0.000111586 -0.000874926 -0.00383356 -0.00918284 0.0012656 -0.00299366 -0.0412885 0.00314638 0.00917135 -0.000895761
internal_weight=74647 74186.5 61401.8 12784.7 45370 40150 23131.9 11281.2 11850.6 8415.02 806.426 17018.1 6822.91 10195.2
internal_count=34290 31984 20252 11732 16754 15492 9204 5140 4064 3165 555 6288 2165 4123
is_linear=0
shrinkage=0.04


Tree=61
num_leaves=15
num_cat=0
split_feature=3 3 9 0 5 10 8 4 8 11 10 10 10 4
split_gain=1338.6 800.049 508.48 323.575 196.275 362.172 358.791 195.306 276.112 364.706 541.632 303.455 383.107 253.125
threshold=28.315104484558109 49.515625000000007 74.125000000000014 0.093984603881835951 84.750000000000014 -0.94127440452575672 18.875000000000004 92.614582061767592 19.625000000000004 -0.88958057761192311 -0.53536762297153462 -0.30239063501358027 -0.21947178244590757 53.786458969116218
decision_type=2 2 2 2 2 2 2 2 2 2 2 2 2 2
left_child=-1 3 -3 -2 5 -5 -7 8 -4 11 -11 -10 -13 -12
right_child=1 2 7 4 -6 6 -8 -9 9 10 13 12 -14 -15
leaf_value=-0.067576426286825267 -0.021519804327680192 0.0083923224672149948 0.0030250641115594414 0.020562193069497994 -0.009982672149652266 -0.02194502051926555 0.0061903294753917135 0.0073707423164202012 0.011200979048441216 -0.0063739228015049108 -0.00086170856713867932 -0.025947451580673603 0.00027277839540935055 -0.052893158502588078
leaf_weight=446.75524574518204 2517.5456749498844 16024.258131206036 17004.598172187805 1110.8752097189426 6231.5651068091393 1264.5383687615395 1650.3376371860504 5218.1034354567528 3432.7350149154663 10471.991822719574 198.38150894641876 993.35278481245041 7417.1578463315964 596.80947709083557
leaf_count=2306 4819 3498 6288 446 4300 1119 1048 1262 899 4585 92 487 2678 463
internal_value=-4.92528e-05 0.000375814 0.00227247 -0.0087231 -0.00554652 0.00133572 -0.00608178 0.00010649 -0.000841635 -0.0036869 -0.00883199 0.00121457 -0.00287826 -0.0402521
internal_weight=74579 74132.3 61357.4 12774.9 10257.3 4025.75 2914.88 45333.1 40115 23110.4 11267.2 11843.2 8410.51 795.191
internal_count=34290 31984 20252 11732 6913 2613 2167 16754 15492 9204 5140 4064 3165 555
is_linear=0
shrinkage=0.04


Tree=62
num_leaves=15
num_cat=0
split_feature=3 3 9 9 4 10 10 8 0 11 5 10 10 5
split_gain=1274.98 738.358 469.033 301.967 270.699 415.681 191.02 196.309 291.488 313.24 289.678 286.912 470.802 187.703
threshold=28.315104484558109 49.515625000000007 74.125000000000014 78.125000000000014 50.838541030883796 0.44945044815540319 -0.99871450662612904 19.125000000000004 0.40640830993652349 -0.22889263182878491 87.750000000000014 -0.73289573192596424 -0.94127440452575672 90.750000000000014
decision_type=2 2 2 2 2 2 2 2 2 2 2 2 2 2
left_child=-1 3 -3 4 5 -2 -6 8 -8 -10 -11 12 -9 -4
right_child=1 2 13 -5 6 -7 7 11 9 10 -12 -13 -14 -15
leaf_value=-0.066900498697985838 -0.043998898594955912 0.0080605983434687192 -0.0031959098916832323 -0.032776739445667849 -0.031863394706398776 0.0093458395903551605 -0.021813867750373084 0.0020453242644270682 -0.0097580149489343258 0.02631763646725184 -0.0053434473981090113 0.013923900510979003 -0.05479469139926766 0.0021095715593853364
leaf_weight=433.68605513870716 680.06841756403446 16017.336582005024 17150.482225418091 745.10797911882401 387.23359823226929 341.73228520154953 1736.279807060957 1127.7602572143078 3696.3851652443409 899.32835111021996 918.92888110876083 1950.4153530597687 273.49463500082493 28159.923085451126
leaf_count=2306 1443 3498 8191 1258 317 323 2551 1056 2278 276 522 1253 455 8563
internal_value=-4.93852e-05 0.000359907 0.00218171 -0.00838806 -0.00682321 -0.0263213 -0.00496581 -0.0039253 -0.00761917 -0.0030873 0.0104324 0.0040637 -0.00966358 0.000100865
internal_weight=74518.2 74084.5 61327.7 12756.7 12011.6 1021.8 10989.8 10602.6 7250.92 5514.64 1818.26 3351.67 1401.25 45310.4
internal_count=34290 31984 20252 11732 10474 1766 8708 8391 5627 3076 798 2764 1511 16754
is_linear=0
shrinkage=0.04


Tree=63
num_leaves=15
num_cat=0
split_feature=3 3 9 0 5 10 8 9 3 10 10 10 10 10
split_gain=1213.77 691.939 480.963 251.589 283.751 402.538 304.868 265.815 215.341 294.799 337.341 227.365 844.907 484.135
threshold=28.315104484558109 47.307291030883796 74.125000000000014 0.15621185302734378 92.250000000000014 -0.94127440452575672 19.875000000000004 76.375000000000014 61.473958969116218 -0.46092462539672846 -0.60585239529609669 -0.83830440044403065 -0.90882229804992665 -0.73289573192596424
decision_type=2 2 2 2 2 2 2 2 2 2 2 2 2 2
left_child=-1 3 -3 -2 5 7 -7 -5 11 10 -10 12 -4 -13
right_child=1 2 8 4 -6 6 -8 -9 9 -11 -12 13 -14 -15
leaf_value=-0.066196042897900223 -0.021434278869834879 0.0074523943936012586 -0.0050498805339456781 0.02094192743774357 -0.019111325550471212 -0.01871535178442334 0.011667043082272364 -0.025116832177325323 -0.00026708466048144916 0.0084378376102320456 -0.034549965411586087 -0.02309912650045726 0.01546912156364573 -0.0026043872297725678
leaf_weight=421.23540741205215 2364.2117193341255 17299.654418587685 9418.3482275903225 1458.4123495966196 1839.5509593784809 1866.6968557536602 718.3771498799324 214.67133343219757 4148.1682274341583 8545.4560232162476 496.44886076450348 2025.778362840414 4846.6889621317387 18798.586372166872
leaf_count=2306 4808 4006 4283 600 1333 1783 491 214 1174 1915 235 1211 1362 8569
internal_value=-5.01424e-05 0.00034395 0.00173393 -0.010407 -0.00607538 -0.000380751 -0.0102475 0.0148053 -0.00031736 0.00403612 -0.0040639 -0.00195519 0.00193355 -0.00461835
internal_weight=74462.3 74041 65579.1 8461.92 6097.71 4258.16 2585.07 1673.08 48279.5 13190.1 4644.62 35089.4 14265 20824.4
internal_count=34290 31984 22755 9229 4421 3088 2274 814 18749 3324 1409 15425 5645 9780
is_linear=0
shrinkage=0.04


Tree=64
num_leaves=15
num_cat=0
split_feature=3 3 4 8 11 10 11 10 3 10 10 10 0 6
split_gain=1154.94 640.757 456.422 359.546 402.078 485.966 322.773 330.186 276.971 276.189 355.293 400.601 347.191 261.198
threshold=28.315104484558109 48.463541030883796 92.614582061767592 19.625000000000004 -0.88958057761192311 -0.53536762297153462 -0.95438989996910084 -0.21947178244590757 61.609375000000007 -0.6718577742576598 -0.90882229804992665 -0.96676719188690174 7.1853160858154306 0.12123584747314455
decision_type=2 2 2 2 2 2 2 2 2 2 2 2 2 2
left_child=-1 -2 3 8 6 -6 7 -5 9 10 11 -3 -13 -11
right_child=1 2 -4 4 5 -7 -8 -9 -10 13 -12 12 -14 -15
leaf_value=-0.065462945203652312 -0.0088226342255961748 0.0053319040827476041 0.0096987209842506091 -0.023742667572648202 -0.006049455821094547 -0.036407941489911944 0.0098040087269080454 5.3664439433564135e-05 0.012660592852312426 0.029326557727030255 0.013277859969161469 -0.039210233181137068 -0.0016181506529360432 -0.0035549111872312513
leaf_weight=409.37983478605747 10483.551286280155 4787.4252366125584 9954.2752462029457 1062.7662284970284 11247.657340109348 893.6973580121994 4940.9961974024773 6742.0844303369522 4384.8294076919556 379.6945533156395 5700.2600385546684 668.57009822130203 920.26675117015839 11825.073459863663
leaf_count=2306 10474 1576 2064 504 4969 625 1412 2405 683 146 1744 516 261 4605
internal_value=-5.01168e-05 0.000329393 0.00184247 0.000379107 -0.0031371 -0.00834027 0.00182462 -0.00323902 0.00343184 0.00175623 0.00604017 -0.000451476 -0.0177274 -0.00248565
internal_weight=74400.5 73991.1 63507.6 53553.3 24887.2 12141.4 12745.8 7804.85 28666.1 24281.3 12076.5 6376.26 1588.84 12204.8
internal_count=34290 31984 21510 19446 9915 5594 4321 2909 9531 8848 4097 2353 777 4751
is_linear=0
shrinkage=0.04


Tree=65
num_leaves=15
num_cat=0
split_feature=3 3 4 8 11 10 11 10 3 10 10 10 0 0
split_gain=1102.53 606.351 424.509 322.172 424.663 476.032 303.203 313.123 268.965 284.437 359.723 408.354 333.428 239.247
threshold=27.841145515441898 47.307291030883796 92.614582061767592 19.625000000000004 -0.88958057761192311 -0.53536762297153462 -0.95438989996910084 -0.21947178244590757 61.609375000000007 -0.6718577742576598 -0.90882229804992665 -0.96676719188690174 8.1946849822998065 0.15621185302734378
decision_type=2 2 2 2 2 2 2 2 2 2 2 2 2 2
left_child=-1 13 3 8 6 -6 7 -5 9 10 11 -3 -13 -2
right_child=1 2 -4 4 5 -7 -8 -9 -10 -11 -12 12 -14 -15
leaf_value=-0.067510766573609687 -0.020441499404440035 0.0049533316301682293 0.0091413972625314262 -0.022912720411515281 -0.0061158283638816395 -0.035638596906382908 0.0096532978984095203 0.00024711923506544911 0.012168667031165717 -0.0027577307453096949 0.012713551468576188 -0.036388776491744115 -0.00085534215804374436 -0.0055116306719669222
leaf_weight=365.6083023250103 2386.333224684 5115.0690957903862 10093.083577752113 1059.8420880436897 11456.273386001587 927.77086490392685 5012.9486540257931 6914.5281689763069 4380.5043959617615 12794.25091612339 6074.9179864227772 782.97192090749741 893.84479689598083 6083.0655468553305
leaf_count=2171 4940 1747 2114 505 5175 662 1444 2502 683 5142 1922 609 250 4424
internal_value=-4.95824e-05 0.000301988 0.00160505 0.000229555 -0.00308798 -0.00838147 0.00196475 -0.00288059 0.00303154 0.00146352 0.00565873 -0.000670169 -0.0176806 -0.00975651
internal_weight=74341 73975.4 65506 55412.9 25371.4 12384 12987.3 7974.37 30041.6 25661.1 12866.8 6791.89 1676.82 8469.4
internal_count=34290 32119 22755 20641 10288 5837 4451 3007 10353 9670 4528 2606 859 9364
is_linear=0
shrinkage=0.04


Tree=66
num_leaves=15
num_cat=0
split_feature=3 6 0 9 4 9 10 8 4 10 10 10 10 10
split_gain=1050.9 568.009 353.482 265.349 200.202 180.581 200.654 176.17 171.068 215.666 357.615 494.853 353.58 557.72
threshold=27.841145515441898 1.6341090202331545 37.553071975708015 78.125000000000014 95.072917938232436 79.625000000000014 0.371137484908104 17.125000000000004 45.963541030883796 1.0000000180025095e-35 -0.6718577742576598 -0.73289573192596424 -0.83830440044403065 -0.88189578056335438
decision_type=2 2 2 2 2 2 2 2 2 2 2 2 2 2
left_child=-1 3 4 7 5 6 -3 -2 -9 10 11 12 13 -10
right_child=1 2 -4 -5 -6 -7 -8 8 9 -11 -12 -13 -14 -15
leaf_value=-0.066857087875934196 -0.027896124817332821 0.001412244022213733 0.01026559991497826 -0.022732574166630461 0.009708748344680964 -0.0064929625771846843 -0.015566282998555501 -0.022242775886103412 -0.010171982164977961 0.0072152183237580783 -0.018908519846511547 0.02638721820140769 -0.034972336587245273 0.028314393994334872
leaf_weight=354.83022576570511 503.415083989501 43637.102637767792 7082.7561819553375 1572.0220814049244 3718.3371593952179 5830.4324058890343 1122.92322281003 750.35308781266212 2537.8942415714264 2583.2577493786812 2357.4228830039501 904.28611943125725 560.37141227722168 768.08847530186176
leaf_count=2171 667 14829 1092 1994 823 2112 606 1349 3053 1744 2329 497 660 364
internal_value=-4.95824e-05 0.000289064 0.001874 -0.00746266 0.000776225 0.000116118 0.000979531 -0.00523607 -0.00409453 -0.00264945 -0.00623466 8.0947e-05 -0.00617585 -0.00111384
internal_weight=74283.5 73928.7 61391.6 12537.1 54308.8 50590.5 44760 10965.1 10461.7 9711.32 7128.06 4770.64 3866.35 3305.98
internal_count=34290 32119 19462 12657 18370 17547 15435 10663 9996 8647 6903 4574 4077 3417
is_linear=0
shrinkage=0.04


Tree=67
num_leaves=15
num_cat=0
split_feature=3 3 4 8 11 10 9 11 10 4 10 4 3 10
split_gain=1004.47 548.298 350.319 286.074 307.876 426.591 271.938 269.906 283.98 248.087 403.249 229.422 220.453 224.131
threshold=27.289062500000004 49.515625000000007 92.614582061767592 19.625000000000004 -0.88958057761192311 -0.53536762297153462 78.125000000000014 -0.95438989996910084 -0.21947178244590757 50.838541030883796 0.44945044815540319 53.786458969116218 61.609375000000007 -0.6718577742576598
decision_type=2 2 2 2 2 2 2 2 2 2 2 2 2 2
left_child=-1 6 3 12 7 -6 9 8 -5 10 -2 -7 13 -3
right_child=1 2 -4 4 5 11 -8 -9 -10 -11 -12 -13 -14 -15
leaf_value=-0.069252167136638718 -0.042077083877459613 0.0057778239746290993 0.00877791953782062 -0.021998335762320406 -0.0051545668801568746 0.002454230316108866 -0.030449186776585094 0.0090916655898835227 0.00016083796319824389 -0.004019565305868074 0.010308546761025288 -0.046574646208313787 0.011546073287578857 -0.0021670996839530132
leaf_weight=314.08056545257568 674.40833958983421 11199.397334694862 9751.5794875025749 1055.1584467291832 11002.082808881998 198.4560512304306 743.4061226695776 4862.2826466560364 6638.4459100365639 10965.073090434074 345.34394539892673 615.50024819374084 4374.5874366760254 11493.232410609722
leaf_count=2033 1529 3671 2010 504 4750 92 1318 1374 2332 8819 339 484 683 4352
internal_value=-4.94214e-05 0.000263273 0.00183496 0.000515842 -0.00262664 -0.00725548 -0.00728358 0.00173406 -0.00292739 -0.00579831 -0.0244794 -0.0348484 0.00334525 0.00175556
internal_weight=74233 73919 61190.7 51439.1 24371.9 11816 12728.2 12555.9 7693.6 11984.8 1019.75 813.956 27067.2 22692.6
internal_count=34290 32257 20252 18242 9536 5326 12005 4210 2836 10687 1868 576 8706 8023
is_linear=0
shrinkage=0.04


Tree=68
num_leaves=15
num_cat=0
split_feature=3 6 7 11 11 8 3 7 10 10 10 9 10 10
split_gain=959.573 513.862 327.073 287.487 279.027 231.348 207.718 232.16 202.061 366.288 324.087 599.341 390.772 226.276
threshold=27.289062500000004 1.1420309543609621 44.75297927856446 -0.0590442307293415 -0.9852197766304015 20.375000000000004 63.609375000000007 56.65168762207032 -0.6718577742576598 -0.21947178244590757 -0.73289573192596424 75.625000000000014 -0.83830440044403065 -0.134930245578289
decision_type=2 2 2 2 2 2 2 2 2 2 2 2 2 2
left_child=-1 3 -3 8 6 -6 7 -4 10 -10 11 12 -2 -11
right_child=1 2 4 -5 5 -7 -8 -9 9 13 -12 -13 -14 -15
leaf_value=-0.068710122743937396 0.016266241547717965 0.00029780040148671256 0.001003297406764498 -0.026910690061980828 0.01468169129381032 -0.0036374788120341578 0.0075696256246676058 -0.033369126206357382 -0.029900984861520534 0.031641076469485413 0.021147637737830242 -0.033257309656747225 -0.034433301677276644 -0.0072493450490500348
leaf_weight=304.25307741761208 1427.6067971140146 53359.563001602888 668.84956729412079 1140.5517086386681 6677.9642589092255 1312.0660216808319 1307.7643671035767 571.39948725700378 1196.0936630666256 235.2658563554287 971.82347592711449 829.4455744177103 273.04576024413109 3907.5779552906752
leaf_count=2033 890 19372 115 2538 1007 321 204 149 1469 127 589 1072 341 4063
internal_value=-4.97512e-05 0.000251529 0.00157071 -0.00817965 0.00800332 0.0116719 -0.00350181 -0.0151108 -0.00570789 -0.0105913 0.00175502 -0.00580122 0.00782063 -0.00489941
internal_weight=74183.3 73879 63897.6 9981.41 10538 7990.03 2548.01 1240.25 8840.86 5338.94 3501.92 2530.1 1700.65 4142.84
internal_count=34290 32257 21168 11089 1796 1328 468 264 8551 5659 2892 2303 1231 4190
is_linear=0
shrinkage=0.04


Tree=69
num_leaves=15
num_cat=0
split_feature=3 3 9 0 5 10 8 9 10 10 10 11 2 3
split_gain=916.389 485.993 350.199 216.737 270.597 361.454 283.436 238.118 211.98 196.084 263.048 182.102 180.767 162.016
threshold=27.289062500000004 47.307291030883796 74.125000000000014 0.15621185302734378 92.250000000000014 -0.94127440452575672 19.875000000000004 76.375000000000014 -0.98511216044425953 -0.30239063501358027 -0.38307376205921168 1.0000000180025095e-35 0.89583334326744091 62.192708969116218
decision_type=2 2 2 2 2 2 2 2 2 2 2 2 2 2
left_child=-1 3 8 -2 5 7 -7 -5 -3 10 -10 -6 -11 -4
right_child=1 2 13 4 11 6 -8 -9 9 12 -12 -13 -14 -15
leaf_value=-0.068144671200971146 -0.01895130760521304 -0.0086021796921536154 -0.0016344571250697056 0.020989108397251207 -0.010738101669485632 -0.016783369989038791 0.012541743059863006 -0.022856598451073924 0.0083419417808072299 -0.0024249111922373134 0.02648419298393068 -0.041503322726148845 0.011004629339037097 0.0038277336127699249
leaf_weight=294.86311475932598 2381.1728675663471 1388.5401686429977 36773.413845568895 1458.8905335217714 1457.4479523003101 1851.1891721487045 717.56709176301956 212.02802091836929 7461.7664174437523 4354.7462474703789 1533.959343791008 379.0856562256813 2513.4946799278259 11354.630431354046
leaf_count=2033 5072 478 15966 603 975 1785 491 214 1876 1171 191 362 290 2783
internal_value=-4.96588e-05 0.00024065 0.00140863 -0.00877051 -0.00473173 0.000841083 -0.00855796 0.0152209 0.00629458 0.00760765 0.0114875 -0.0174672 0.00250743 -0.000344733
internal_weight=74132.8 73837.9 65380.6 8457.38 6076.21 4239.67 2568.76 1670.92 17252.5 15864 8995.73 1836.53 6868.24 48128
internal_count=34290 32257 22755 9502 4430 3093 2276 817 4006 3528 2067 1337 1461 18749
is_linear=0
shrinkage=0.04


Tree=70
num_leaves=15
num_cat=0
split_feature=3 4 10 7 3 11 10 10 10 9 3 10 11 8
split_gain=874.856 459.354 388.731 299.964 273.351 240.158 216.458 391.798 260.274 216.15 228.306 211.216 309.11 183.31
threshold=27.289062500000004 87.781250000000014 -0.73289573192596424 0.74973106384277355 59.682291030883796 -0.97631725668907154 -0.73289573192596424 -0.6718577742576598 -0.21947178244590757 79.625000000000014 56.682291030883796 0.12214757129549982 -0.99840793013572682 19.625000000000004
decision_type=2 2 2 2 2 2 2 2 2 2 2 2 2 2
left_child=-1 3 -3 6 5 -4 -2 -8 -9 -5 -11 12 -10 -14
right_child=1 2 4 9 -6 -7 7 8 11 10 -12 -13 13 -15
leaf_value=-0.067555411293374071 -0.025664181385496341 -0.0016809714277881823 -0.011723596394584977 -0.00019392386099987234 0.013116798152355596 0.0069392198630448708 0.026835811517495648 -0.039715898994522429 -0.03722323315587258 -0.026073707752896892 -0.0039524388369809186 -0.017416439997149698 0.033344092839727113 -0.01086662209250288
leaf_weight=285.89421189576387 1290.6326900422573 9055.5130658149719 1502.2891618013382 42349.958376690745 9085.2741453647614 3989.9824815392494 466.52381652593613 437.560940772295 167.91070765256882 1030.9496088027954 2609.0333535671234 1127.4708691388369 490.37859389185905 201.07141196727753
leaf_count=2033 2906 2930 408 18140 1483 1046 291 691 217 733 936 2109 199 168
internal_value=-4.90481e-05 0.00023068 0.00482626 -0.00193511 0.00886529 0.00181041 -0.012166 -0.00600494 -0.0124923 -0.000999997 -0.0103261 -0.0061608 0.00866671 0.0205437
internal_weight=74090.4 73804.5 23633.1 50171.5 14577.5 5492.27 4181.55 2890.92 2424.39 45989.9 3639.98 1986.83 859.361 691.45
internal_count=34290 32257 5867 26390 2937 1454 6581 3675 3384 19809 1669 2693 584 367
is_linear=0
shrinkage=0.04


Tree=71
num_leaves=15
num_cat=0
split_feature=3 3 4 8 11 10 11 10 9 4 4 10 10 5
split_gain=834.885 432.725 287.49 251.321 272.905 398.533 247.52 263.654 234.8 219.926 214.913 377.687 199.993 195.684
threshold=27.289062500000004 49.515625000000007 92.614582061767592 19.625000000000004 -0.88958057761192311 -0.53536762297153462 -0.95438989996910084 -0.21947178244590757 78.125000000000014 53.786458969116218 50.838541030883796 0.44945044815540319 0.371137484908104 94.250000000000014
decision_type=2 2 2 2 2 2 2 2 2 2 2 2 2 2
left_child=-1 8 3 12 6 -6 7 -5 10 -7 11 -2 -3 -8
right_child=1 2 -4 4 5 9 13 -9 -10 -11 -12 -13 -14 -15
leaf_value=-0.066942011031886489 -0.03995457127827183 0.0035085887825976152 0.0079131775762441361 -0.021293176512694058 -0.0048668920738336417 0.0026957609183900859 0.013220208431182275 8.8161283094579949e-05 -0.028186594330075948 -0.045347306761243829 -0.0034750191718162749 0.010844436174899854 -0.023996137688413952 -0.0052930277718727207
leaf_weight=277.33054286241531 660.95558536052704 26625.13047337532 9728.6387386918068 1051.8192990422249 10993.136993646622 198.64861452579498 3653.6554119586945 6633.5375825166702 732.65890046954155 606.29437130689621 10924.36746096611 346.03702080249786 410.06120419502258 1203.5190317630768
leaf_count=2033 1529 8494 2010 504 4750 92 1062 2332 1318 484 8819 339 212 312
internal_value=-4.9083e-05 0.000220475 0.00161561 0.000420471 -0.00252689 -0.00688869 0.00158046 -0.00288577 -0.00650303 -0.033713 -0.00512659 -0.0226271 0.00307398 0.00863007
internal_weight=74045.8 73768.5 61104.4 51375.8 24340.6 11798.1 12542.5 7685.36 12664 804.943 11931.4 1006.99 27035.2 4857.17
internal_count=34290 32257 20252 18242 9536 5326 4210 2836 12005 576 10687 1868 8706 1374
is_linear=0
shrinkage=0.04


Tree=72
num_leaves=15
num_cat=0
split_feature=3 3 11 0 11 10 8 9 11 10 10 10 4 11
split_gain=796.424 405.871 340.311 286.361 300.456 263.998 251.53 218.85 204.547 203.163 349.504 290.095 214.716 334.424
threshold=27.289062500000004 61.088541030883796 -0.88958057761192311 0.37550926208496099 -0.99102616310119618 -0.30239063501358027 20.875000000000004 79.375000000000014 -0.96687281131744374 -0.73289573192596424 -0.6718577742576598 -0.21947178244590757 50.838541030883796 -0.99840793013572682
decision_type=2 2 2 2 2 2 2 2 2 2 2 2 2 2
left_child=-1 3 5 9 -5 6 -3 -6 -7 -2 -11 -12 -13 -14
right_child=1 2 -4 4 7 8 -8 -9 -10 10 11 12 13 -15
leaf_value=-0.066304209858811081 -0.018749721039453909 0.020521013927701781 -0.0022503296376283981 -0.0108731817932976 0.001345395091816253 0.007289713803181155 -0.003524585234987354 -0.0088656037340967969 -0.0093116753004577613 0.023081899065703231 -0.034588035069288987 -0.019674676559973389 -0.035668898195122561 0.0096034657139460397
leaf_weight=269.15679942816496 2361.5386313199997 3927.3946220874786 6748.4045866727829 4067.4689899086952 39369.212635815144 7135.2521513104439 838.57489913702011 3651.4666720926762 1405.9031780958176 623.3458069562912 570.16670873761177 931.37861551344395 284.40307128429413 1818.659909427166
leaf_count=2033 3884 574 1897 1797 15763 1418 219 1737 359 384 811 1747 333 1334
internal_value=-4.96726e-05 0.000210099 0.00506236 -0.00160406 -0.000509456 0.00876863 0.0162931 0.000474999 0.0045417 -0.0094008 -0.00411524 -0.00891986 -0.00390195 0.00320282
internal_weight=74002.3 73733.2 20055.5 53677.6 47088.1 13307.1 4765.97 43020.7 8541.16 6589.49 4227.95 3604.61 3034.44 2103.06
internal_count=34290 32257 4467 27790 19297 2570 793 17500 1777 8493 4609 4225 3414 1667
is_linear=0
shrinkage=0.04


Tree=73
num_leaves=15
num_cat=0
split_feature=3 4 10 7 3 11 9 3 10 10 10 10 11 8
split_gain=759.452 388.769 347.431 258.258 232.188 223.205 194.005 212.649 190.809 337.865 235.673 183.924 276.91 166.394
threshold=27.289062500000004 88.718750000000014 -0.73289573192596424 0.74973106384277355 59.682291030883796 -0.97631725668907154 79.625000000000014 56.682291030883796 -0.73289573192596424 -0.6718577742576598 -0.21947178244590757 0.12214757129549982 -0.99840793013572682 19.625000000000004
decision_type=2 2 2 2 2 2 2 2 2 2 2 2 2 2
left_child=-1 3 -3 8 5 -4 -5 -8 -2 -10 -11 12 -12 -14
right_child=1 2 4 6 -6 -7 7 -9 9 10 11 -13 13 -15
leaf_value=-0.065641831491001432 -0.02390217256217644 -0.0018650171141076431 -0.011351936818603789 -4.9229401140933797e-05 0.012923325590313598 0.0073231759479980285 -0.024307354786055644 -0.003597397833132553 0.025237792731523344 -0.037604428964446386 -0.035363890272879617 -0.015948712186489841 0.031995782606505305 -0.010209477999861718
leaf_weight=261.35823259502649 1281.1134856492281 7805.7183009684086 1420.222142457962 44620.183010473847 8162.6651350259781 3525.7911139130592 1069.9200254380703 2948.4114617109299 462.66198396682739 429.09270709753036 164.83730706572533 1119.9725697338581 485.85177597403526 200.79178830981255
leaf_count=2033 2909 2496 380 18821 1305 875 758 1038 291 691 217 2109 199 168
internal_value=-4.94943e-05 0.000200867 0.00481358 -0.00162798 0.0087872 0.00193659 -0.000809093 -0.0092047 -0.0111885 -0.00537362 -0.0114332 -0.0054165 0.00848485 0.0197143
internal_weight=73958.6 73697.2 20914.4 52782.8 13108.7 4946.01 48638.5 4018.33 4144.32 2863.21 2400.55 1971.45 851.481 686.644
internal_count=34290 32257 5056 27201 2560 1255 20617 1796 6584 3675 3384 2693 584 367
is_linear=0
shrinkage=0.04


Tree=74
num_leaves=15
num_cat=0
split_feature=3 3 9 10 10 10 0 5 10 8 9 4 10 2
split_gain=723.899 368.214 289.226 185.83 175.041 218.813 160.797 257.702 328.387 261.777 215.765 176.505 157.235 149.894
threshold=27.289062500000004 47.307291030883796 74.125000000000014 -0.98511216044425953 -0.30239063501358027 -0.38307376205921168 0.15621185302734378 92.250000000000014 -0.94127440452575672 19.875000000000004 76.375000000000014 83.213542938232436 0.44945044815540319 0.89583334326744091
decision_type=2 2 2 2 2 2 2 2 2 2 2 2 2 2
left_child=-1 6 3 -3 5 -5 12 8 10 -10 -8 -9 -2 -6
right_child=1 2 -4 4 13 -7 7 11 9 -11 -12 -13 -14 -15
leaf_value=-0.064954787152990814 -0.019555168316708695 -0.0082982378958994484 -0.00038734139009757602 0.0076956809583967178 -0.0024239520031981393 0.024315741470191689 0.02044431666257264 -0.039097543331017837 -0.015674776901896205 0.012545382582325054 -0.021448747069666273 -0.0096708166362350963 0.017545543201638453 0.0098165743029875914
leaf_weight=253.92059065401554 2164.2550967931747 1387.5381720662117 48045.687439441681 7453.9677709937096 4352.887522816658 1517.9558263421059 1455.3427805751562 412.63995666801929 1842.3934504240751 715.81032547354698 210.3297227025032 1416.0699734985828 184.15335474908352 2506.3356962203979
leaf_count=2033 4780 478 18749 1876 1171 191 603 455 1785 491 214 882 292 290
internal_value=-4.937e-05 0.000191925 0.00120727 0.00565206 0.00688367 0.0105555 -0.0076801 -0.00420622 0.00123955 -0.00774244 0.0149626 -0.016662 -0.0165223 0.00206423
internal_weight=73919.3 73665.4 65264.4 17218.7 15831.1 8971.92 8400.99 6052.59 4223.88 2558.2 1665.67 1828.71 2348.41 6859.22
internal_count=34290 32257 22755 4006 3528 2067 9502 4430 3093 2276 817 1337 5072 1461
is_linear=0
shrinkage=0.04


Tree=75
num_leaves=15
num_cat=0
split_feature=3 4 10 4 3 11 9 3 5 6 10 3 8 9
split_gain=689.734 347.362 306.501 236.152 220.634 198.311 195.837 252.589 205.212 264.502 190.41 176.297 311.249 165.169
threshold=27.289062500000004 87.781250000000014 -0.73289573192596424 45.963541030883796 59.682291030883796 -0.97631725668907154 79.625000000000014 56.682291030883796 74.750000000000014 2.3542284965515141 -0.99871450662612904 44.130208969116218 20.875000000000004 75.875000000000014
decision_type=2 2 2 2 2 2 2 2 2 2 2 2 2 2
left_child=-1 3 -3 13 5 -4 8 -8 11 10 -10 12 -5 -2
right_child=1 2 4 6 -6 -7 7 -9 9 -11 -12 -13 -14 -15
leaf_value=-0.064243083431056058 -0.048042524821233612 -0.0015914289718649691 -0.010868314769652181 -0.032020171465378083 0.011610188347575741 0.0061045659896273698 -0.027530558298003403 -0.0036839460017107444 -0.037438925748003948 0.00060601950355473075 -0.0057374662127330838 0.012322363461994534 0.033801709626875558 -0.011362228175383684
leaf_weight=246.83009643107653 218.41996121406555 9052.6041312515736 1499.6353350877762 365.15366423130035 9047.6391897201538 3984.1291388869286 959.86623001098633 2616.0045286417007 293.04724840819836 30616.20140349865 10532.152400150895 3051.8934336304665 145.30549441277981 1254.4238379746675
leaf_count=2033 576 2930 408 966 1483 1046 876 951 393 10200 9251 1426 161 1590
internal_value=-4.85266e-05 0.00018404 0.0041843 -0.00170174 0.00777963 0.0014404 -0.00121968 -0.0102026 -0.000501707 -0.0012951 -0.00666311 0.00868365 -0.0127155 -0.0173726
internal_weight=73883.3 73636.5 23584 50052.5 14531.4 5483.76 48579.6 3575.87 45003.8 41441.4 10825.2 3562.35 510.459 1472.84
internal_count=34290 32257 5867 26390 2937 1454 24224 1827 22397 19844 9644 2553 1127 2166
is_linear=0
shrinkage=0.04


Tree=76
num_leaves=15
num_cat=0
split_feature=3 3 9 9 4 10 10 5 4 11 10 10 10 0
split_gain=656.873 327.233 228.976 201.009 172.016 277.754 169.979 166.345 230.979 164.303 170.124 158.557 392.669 359.633
threshold=27.289062500000004 49.515625000000007 73.875000000000014 78.375000000000014 48.901041030883796 0.44945044815540319 -0.99871450662612904 92.250000000000014 81.463542938232436 -0.14450262114405629 -0.30239063501358027 -0.94127440452575672 -0.73289573192596424 0.2188682556152344
decision_type=2 2 2 2 2 2 2 2 2 2 2 2 2 2
left_child=-1 3 9 4 5 -2 -6 11 -9 10 -3 13 -13 -8
right_child=1 2 -4 -5 6 -7 7 8 -10 -11 -12 12 -14 -15
leaf_value=-0.06350682786776006 -0.036691531199599531 0.0114130506288614 5.1940447929743868e-05 -0.027748047217296762 -0.028513725801979365 0.010850983988024152 -0.015706535414947303 -0.037815700270254521 -0.0056817378416175839 -0.0072269196437048889 0.0020437982822546085 -0.02591554587526693 0.0019765668219740994 0.017512354720803515
leaf_weight=240.07341829687357 587.9925175756216 7068.8557989001274 47045.749614804983 608.78192304074764 387.92468523979187 279.39031630754471 692.28146666288376 403.04063406586647 2397.6018407642841 1364.018660068512 5530.3357548117638 972.4814088344574 4322.3488257229328 1945.5500358343124
leaf_count=2033 1411 1458 17311 1138 324 310 1521 489 1359 434 1049 1133 3460 860
internal_value=-4.87471e-05 0.000175422 0.00138773 -0.00568865 -0.00452413 -0.0214783 -0.00316563 -0.00219817 -0.0105415 0.00588184 0.00731023 0.000766559 -0.00322452 0.00874169
internal_weight=73846.4 73606.4 61009 12597.4 11988.6 867.383 11121.2 10733.3 2800.64 13963.2 12599.2 7932.66 5294.83 2637.83
internal_count=34290 32257 20252 12005 10867 1721 9146 8822 1848 2941 2507 6974 4593 2381
is_linear=0
shrinkage=0.04


Tree=77
num_leaves=15
num_cat=0
split_feature=3 4 10 4 3 11 9 3 5 6 10 9 8 10
split_gain=625.289 313.283 287.69 208.638 194.279 186.564 183.268 237.693 186.18 243.079 170.68 157.539 147.889 147.265
threshold=27.289062500000004 88.718750000000014 -0.73289573192596424 45.963541030883796 59.682291030883796 -0.97631725668907154 79.625000000000014 56.682291030883796 74.250000000000014 2.3542284965515141 -0.99871450662612904 75.875000000000014 17.375000000000004 0.371137484908104
decision_type=2 2 2 2 2 2 2 2 2 2 2 2 2 2
left_child=-1 3 -3 11 5 -4 8 -8 -5 10 -10 -2 -12 -11
right_child=1 2 4 6 -6 -7 7 -9 9 13 12 -13 -14 -15
leaf_value=-0.062746236979251316 -0.04658356249314205 -0.0017653057004658555 -0.010494911647383084 0.0087211084446361491 0.011723051555984155 0.0065914322131570349 -0.02595233137888437 -0.0035267441193727396 -0.035229723415840457 0.0010588768437644724 -0.01984256839463653 -0.010444480506007152 -0.0037891785847654824 -0.018437504427065449
leaf_weight=233.6376990377903 213.14761906862259 7803.4082438051701 1417.8528182506561 3340.4449767097831 8140.0338405370712 3521.5188353657722 999.77220953255892 2957.9295223355293 294.59103637933731 32211.288684427738 995.31990841031075 1250.451262421906 9818.9074709042907 612.06563383340836
leaf_count=2033 576 2496 380 2383 1305 875 901 1053 397 10501 1098 1590 8390 312
internal_value=-4.92781e-05 0.000166809 0.00431058 -0.0014764 0.00793273 0.00166423 -0.00104773 -0.00929377 -0.00035373 -0.0010474 -0.00615617 -0.0162645 -0.0053006 0.000684317
internal_weight=73810.4 73576.7 20882.8 52693.9 13079.4 4939.37 51230.3 3957.7 47272.6 43932.2 11108.8 1463.6 10814.2 32823.4
internal_count=34290 32257 5056 27201 2560 1255 25035 1954 23081 20698 9885 2166 9488 10813
is_linear=0
shrinkage=0.04


Tree=78
num_leaves=15
num_cat=0
split_feature=3 4 3 8 11 10 11 10 3 5 5 0 10 8
split_gain=594.949 297.116 230.943 216.266 291.2 386.366 225.803 247.305 197.321 197.155 196.838 234.871 295.825 208.328
threshold=27.289062500000004 92.614582061767592 47.307291030883796 19.625000000000004 -0.88958057761192311 -0.53536762297153462 -0.95438989996910084 -0.21947178244590757 55.088541030883796 94.250000000000014 92.250000000000014 0.2188682556152344 -0.94127440452575672 19.875000000000004
decision_type=2 2 2 2 2 2 2 2 2 2 2 2 2 2
left_child=-1 2 10 -4 6 -6 7 -5 -7 -8 11 -2 -13 -14
right_child=1 -3 3 4 5 8 9 -9 -10 -11 -12 12 13 -15
leaf_value=-0.061961636010589273 -0.013685230843291303 0.006440358792516916 0.0023542739996395383 -0.02056719342375549 -0.0050468976390052435 -0.01327892404781752 0.012635676850000643 0.0001079403251171226 -0.051100721881205964 -0.0058633752767134131 -0.019557155347623607 0.015122028414937464 -0.014300817450176202 0.012036292885487005
leaf_weight=227.51044901460409 2456.0501725226641 10331.976446568966 29919.800711840391 1049.1686997115612 11418.881532788277 472.04359513521194 3788.0515486598015 6895.4298094511032 428.81065338850021 1202.948650598526 1622.2559300139546 1609.9640571773052 1706.6644174158573 648.55164214968681
leaf_count=2033 5172 2221 10353 505 5175 335 1132 2502 327 312 1427 752 1607 437
internal_value=-4.98078e-05 0.000158493 -0.00086988 5.41828e-05 -0.00267042 -0.00706654 0.00152084 -0.00266722 -0.0320011 0.00817136 -0.007193 -0.0040183 0.00200807 -0.00700813
internal_weight=73778.1 73550.6 63218.6 55175.1 25255.3 12319.7 12935.6 7944.6 900.854 4991 8043.49 6421.23 3965.18 2355.22
internal_count=34290 32257 30036 20641 10288 5837 4451 3007 662 1444 9395 7968 2796 2044
is_linear=0
shrinkage=0.04


Tree=79
num_leaves=15
num_cat=0
split_feature=3 3 9 11 10 10 8 9 11 5 5 7 3 8
split_gain=565.822 282.487 357.35 195.887 451.293 339.134 234.464 217.516 161.796 160.902 175.889 215.334 201.885 193.118
threshold=27.289062500000004 58.859375000000007 79.125000000000014 -0.88958057761192311 -0.53536762297153462 -0.30239063501358027 20.625000000000004 74.375000000000014 1.0000000180025095e-35 61.875000000000007 74.750000000000014 6.5716266632080087 44.130208969116218 20.625000000000004
decision_type=2 2 2 2 2 2 2 2 2 2 2 2 2 2
left_child=-1 2 9 5 -5 6 -3 -6 -4 -2 12 -12 13 -11
right_child=1 3 8 4 7 -7 -8 -9 -10 10 11 -13 -14 -15
leaf_value=-0.06115346588494304 -0.016723509250796173 0.018514405961269104 -0.010916843853960976 0.0011195270365757309 -0.0046513060885494421 0.0018212773733886521 0.00069120979949291287 -0.054020252718657853 -0.036591958622514513 -0.027365717295481158 -0.0052569071031739537 0.0010244749567764875 0.012335888612352713 0.022030267695801395
leaf_weight=221.67960511147976 975.56211668252945 4337.9360017776489 2669.5473524034023 10687.262512266636 242.3115257024765 10885.80997043848 1622.0826889872551 342.51331102848053 448.95151471346617 414.39696277678013 13656.520554460585 24140.040253251791 2934.5048800110817 161.52609052509069
leaf_count=2033 1517 691 1770 3082 59 2474 440 232 543 1055 10955 7808 1388 243
internal_value=-4.97682e-05 0.000151058 -0.00179999 0.00330039 -0.000780731 0.00602888 0.0136822 -0.0343953 -0.0148228 -0.000832957 -0.000449752 -0.00124667 0.00808908 -0.0132375
internal_weight=73740.6 73519 45401 28117.9 11272.1 16845.8 5960.02 584.825 3118.5 42282.6 41307 37796.6 3510.43 575.923
internal_count=34290 32257 25279 6978 3373 3605 1131 291 2313 22966 21449 18763 2686 1298
is_linear=0
shrinkage=0.04


Tree=80
num_leaves=15
num_cat=0
split_feature=3 7 11 0 8 3 7 10 4 4 9 11 11 11
split_gain=533.363 264.609 239.632 190.21 178.418 164.876 211.172 158.68 142.595 131.564 128.722 216.649 116.284 217.982
threshold=27.841145515441898 44.75297927856446 -0.9852197766304015 0.37550926208496099 20.375000000000004 63.609375000000007 56.65168762207032 -0.98511216044425953 82.953125000000014 94.510417938232436 73.625000000000014 -0.0590442307293415 -0.99840793013572682 -0.99628248810768116
decision_type=2 2 2 2 2 2 2 2 2 2 2 2 2 2
left_child=8 3 5 7 -4 6 -3 -2 -1 -6 11 -5 -9 -14
right_child=1 2 4 10 9 -7 -8 12 -10 -11 -12 -13 13 -15
leaf_value=-0.066522775938829271 -0.025744187604631784 0.00037289389685976393 0.012123211031700984 0.0065804974568570394 -0.012487522308661994 0.0052654136902841467 -0.032495253739413747 -0.028261843246536862 0.020698374023360097 0.014270832657206627 -0.00087346464642955996 -0.015142888538271381 0.018559513987539814 -0.0065429059752677666
leaf_weight=219.69148930907249 649.36726367473602 668.56333553791046 6615.9582524299622 7590.486998707056 898.54088997840881 1303.1873953342438 566.92906188964844 309.52523592114449 24.958418346941471 413.32360911369324 48063.036093369126 794.06634569168091 602.9058301448822 4983.2982032746077
leaf_count=2147 1169 115 1007 1973 245 204 149 344 24 76 19654 313 240 6630
internal_value=-4.97279e-05 0.000154442 0.00603768 -0.00082469 0.00945702 -0.00463072 -0.0149867 -0.00726883 -0.056733 -0.00396918 -7.51822e-05 0.00449203 -0.00515376 -0.00377712
internal_weight=73703.8 73459.2 10466.5 62992.7 7927.82 2538.68 1235.49 6545.1 244.65 1311.86 56447.6 8384.55 5895.73 5586.2
internal_count=34290 32119 1796 30323 1328 468 264 8383 2171 321 21940 2286 7214 6870
is_linear=0
shrinkage=0.04


Tree=81
num_leaves=15
num_cat=0
split_feature=3 3 9 11 7 10 4 11 6 11 10 9 10 4
split_gain=507.305 252.718 233.114 221.119 278.396 222.455 239.712 196.16 181.745 181.618 353.032 415.124 274.685 722.784
threshold=27.841145515441898 62.192708969116218 79.375000000000014 -0.99102616310119618 0.65660476684570324 1.0000000180025095e-35 61.565103530883796 -0.88958057761192311 1.0864555835723879 -0.92540621757507313 -0.53536762297153462 77.625000000000014 -0.30239063501358027 83.088542938232436
decision_type=2 2 2 2 2 2 2 2 2 2 2 2 2 2
left_child=-1 2 3 5 -5 -2 -7 -3 -4 12 -11 -12 13 -6
right_child=1 7 8 4 9 6 -8 -9 -10 10 11 -13 -14 -15
leaf_value=-0.056038388900699884 -0.015000940425922609 0.0075454143938103058 -0.034537204220446621 -0.011230316368108884 -0.031312422936841125 0.023813892971034409 -0.006037491602304627 -0.001952614245097764 -0.007020747318169325 0.0016897783624578483 -0.014565085225085863 0.014331852231492855 0.0023488363991075942 0.026077263109583641
leaf_weight=238.02178481966257 3066.8091251403093 11069.853473007679 402.2950783520937 2980.7899014651775 399.83458468317986 557.22533220052719 1673.0414137542248 5059.2434364557266 4523.5690136551857 26890.659520417452 4478.1811134815216 949.44730865955353 9193.8902766406536 2192.5843273997307
leaf_count=2171 1610 2064 738 5286 254 175 711 1365 1999 11443 2351 343 3375 405
internal_value=-4.91139e-05 0.000147564 -0.00109754 -0.000313648 0.000559274 -0.00804592 0.00156615 0.00456742 -0.00939859 0.0013608 -0.000190157 -0.00947613 0.00560667 0.017054
internal_weight=73675.4 73437.4 57308.3 52382.5 47085.4 5297.08 2230.27 16129.1 4925.86 44104.6 32318.3 5427.63 11786.3 2592.42
internal_count=34290 32119 28690 25953 23457 2496 886 3429 2737 18171 14137 2694 4034 659
is_linear=0
shrinkage=0.04


Tree=82
num_leaves=15
num_cat=0
split_feature=3 4 3 5 8 11 10 11 10 0 10 8 5 3
split_gain=480.154 246.613 177.442 201.642 192.853 242.838 343.415 199.217 230.494 186.877 267.788 189.032 185.816 184.242
threshold=27.841145515441898 92.614582061767592 47.307291030883796 92.250000000000014 19.625000000000004 -0.88958057761192311 -0.53536762297153462 -0.95438989996910084 -0.21947178244590757 0.2188682556152344 -0.94127440452575672 19.875000000000004 94.250000000000014 55.088541030883796
decision_type=2 2 2 2 2 2 2 2 2 2 2 2 2 2
left_child=-1 2 3 9 -4 7 -7 8 -6 -2 -11 -12 -9 -8
right_child=1 -3 4 -5 5 6 13 12 -10 10 11 -13 -14 -15
leaf_value=-0.055053053257430755 -0.011840375979196949 0.0058687385166209831 0.0021846212138093243 -0.018926509827623759 -0.019970903720208738 -0.0046897525407877229 -0.012318857715723875 0.011872025376723381 1.2215763229446307e-05 0.014704934426767791 -0.013338835232694109 0.011767628868002122 -0.0060952555474707692 -0.049114140969426109
leaf_weight=233.05039585381746 2423.8867627456784 10315.402162253857 29886.554035335779 1608.6314212828875 1046.4921048879623 11409.959527492523 471.09759205579758 3774.6819891929626 6889.6095809936523 1606.9495780169964 1701.0994443595409 647.76753127574921 1202.1998744010925 416.09884935617447
leaf_count=2171 5042 2221 10353 1421 505 5175 335 1132 2502 751 1606 437 312 327
internal_value=-4.83689e-05 0.000141223 -0.00079688 -0.00636038 1.17744e-05 -0.00256382 -0.00658204 0.00126703 -0.00266643 -0.00314261 0.00221961 -0.00637411 0.00752488 -0.0302783
internal_weight=73633.5 73400.4 63085 7988.33 55096.7 25210.1 12297.2 12913 7936.1 6379.7 3955.82 2348.87 4976.88 887.196
internal_count=34290 32119 29898 9257 20641 10288 5837 4451 3007 7836 2794 2043 1444 662
is_linear=0
shrinkage=0.04


Tree=83
num_leaves=15
num_cat=0
split_feature=3 3 9 4 11 9 8 4 10 11 10 9 4 8
split_gain=454.182 234.214 344.527 188.929 178.033 168.585 197.842 167.396 217.954 210.168 256.756 367.648 239.912 240.287
threshold=27.841145515441898 56.682291030883796 78.375000000000014 70.057292938232436 -0.99840793013572682 74.125000000000014 18.375000000000004 45.963541030883796 0.44945044815540319 -0.96687281131744374 -0.53536762297153462 76.875000000000014 83.213542938232436 18.375000000000004
decision_type=2 2 2 2 2 2 2 2 2 2 2 2 2 2
left_child=-1 2 4 -4 -2 -3 -7 8 -6 -9 11 -11 13 -12
right_child=1 5 3 -5 7 6 -8 9 -10 10 12 -13 -14 -15
leaf_value=-0.054050717353016975 -0.018185005905915035 0.0069271490015636629 -0.0041685776460196637 -0.024587184579554461 -0.030375580214616168 -0.020643483855069689 0.001336071365673976 0.006953872328424318 0.011753563529204345 0.0028920996486917626 -0.026754227524315732 -0.012935188968700171 0.0021966245037490415 -0.0070844735687389526
leaf_weight=228.34461536258459 913.29058626294136 9780.9534087181091 1353.821754321456 1565.61802752316 612.81068035215139 652.74769920110703 25193.434499770403 5711.4997774511576 272.07125779986382 17689.575319379568 1456.4690496623516 2687.2493277639151 2375.1493504047394 3107.8062907159328
leaf_count=2171 652 1674 1292 1316 1244 242 7747 2645 290 9277 1099 2083 714 1844
internal_value=-4.82124e-05 0.000134534 -0.00206057 -0.0152113 -0.000950046 0.00245999 0.000765443 -0.000475452 -0.0174488 -1.04156e-05 -0.00147059 0.000794196 -0.00810403 -0.0134505
internal_weight=73600.8 73372.5 37745.4 2919.44 34825.9 35627.1 25846.2 33912.6 884.882 33027.7 27316.2 20376.8 6939.42 4564.28
internal_count=34290 32119 22456 2608 19848 9663 7989 19196 1534 17662 15017 11360 3657 2943
is_linear=0
shrinkage=0.04


Tree=84
num_leaves=15
num_cat=0
split_feature=3 4 3 10 10 10 9 10 7 3 9 0 3 10
split_gain=429.359 223.018 170.197 205.216 661.076 339.799 551.638 327.559 293.461 250.325 219.007 213.163 204.45 189.353
threshold=27.841145515441898 94.510417938232436 49.515625000000007 -0.90882229804992665 -0.83830440044403065 -0.73289573192596424 74.125000000000014 -0.96676719188690174 10.500955581665041 61.088541030883796 78.625000000000014 6.5063953399658212 51.026041030883796 -0.99617367982864369
decision_type=2 2 2 2 2 2 2 2 2 2 2 2 2 2
left_child=-1 2 -2 7 12 6 -6 10 -9 -7 13 -8 -5 -4
right_child=1 -3 3 4 5 9 11 8 -10 -11 -12 -13 -14 -15
leaf_value=-0.053032954124742036 -0.0048276466347167866 0.0074351988274710739 -0.0068633961048029024 -0.013422784788657285 0.012413956114849021 -0.0019446349136486311 -0.012032617797587653 -0.029966899055969512 -0.0063059500364562376 0.005083011914642558 -0.012646349700591142 -0.03736310367008279 0.015844440997610242 0.0079912154853368882
leaf_weight=223.89287942647934 12108.298834584653 6104.7188248634338 1926.9003268480301 394.48533916473389 945.10245937108994 20333.162622094154 1168.8428462147713 1200.1972787082195 2731.4115611314774 13462.143425345421 1633.7178839147091 1000.9992454051971 5681.4920201897621 4651.4868640005589
leaf_count=2171 11754 1243 775 168 258 8395 695 830 828 2885 792 479 1470 1547
internal_value=-4.83211e-05 0.000127838 -0.000537628 0.000406006 0.00170329 -0.000311978 -0.0129099 -0.00418135 -0.013644 0.000856134 0.00037111 -0.0239527 0.0139065 0.00363248
internal_weight=73566.9 73343 67238.2 55129.9 42986.2 36910.3 3114.94 12143.7 3931.61 33795.3 8212.11 2169.84 6075.98 6578.39
internal_count=34290 32119 30876 19122 14350 12712 1432 4772 1658 11280 3114 1174 1638 2322
is_linear=0
shrinkage=0.04


Tree=85
num_leaves=15
num_cat=0
split_feature=3 4 5 5 9 10 10 10 9 3 10 10 0 9
split_gain=405.662 207.105 167.235 158.359 140.722 140.703 492.633 571.077 683.458 470.91 446.774 303.144 301.037 253.586
threshold=27.841145515441898 92.614582061767592 88.250000000000014 61.875000000000007 75.875000000000014 -0.90882229804992665 -0.83830440044403065 -0.73289573192596424 73.875000000000014 50.932291030883796 -0.96676719188690174 -0.6718577742576598 1.0000000180025095e-35 78.625000000000014
decision_type=2 2 2 2 2 2 2 2 2 2 2 2 2 2
left_child=2 3 -1 4 -2 10 9 8 -8 -7 12 -9 -5 -14
right_child=1 -3 -4 5 -6 6 7 11 -10 -11 -12 -13 13 -15
leaf_value=-0.068911145791070161 -0.048207409446826097 0.0053725120951133767 0.01046080029048118 -0.031279561184623064 -0.0092158502537946305 -0.013461635305949043 0.011736433543042615 0.015057707411890402 -0.027765514342356457 0.015515050192474131 -0.014453837682738358 -0.00045973239062649087 0.0045463228608346755 -0.012332888083884287
leaf_weight=171.25655341148376 154.40237319469452 10306.93166154623 48.427364461123943 436.29664285480976 1099.403300948441 1056.0446021109819 965.00537747144699 2120.7301948070526 2451.5977341532707 5485.6827852725983 4427.7414394319057 34097.343902796507 9033.7832510471344 1670.2664665430784
leaf_count=2022 413 2221 149 1269 1420 766 282 980 1769 1428 2721 14110 3885 855
internal_value=-4.79935e-05 0.000121844 -0.0520014 -0.000738632 -0.0146991 -0.000450479 0.000658504 -0.0010217 -0.016605 0.0108105 -0.00373645 0.000456692 0.000541452 0.00189439
internal_weight=73524.9 73305.2 219.684 62998.3 1253.81 61744.5 46176.4 39634.7 3416.6 6541.73 15568.1 36218.1 11140.3 10704
internal_count=34290 32119 2171 29898 1833 28065 19335 17141 2051 2194 8730 15090 6009 4740
is_linear=0
shrinkage=0.04


Tree=86
num_leaves=15
num_cat=0
split_feature=3 3 9 4 11 5 10 10 10 7 10 10 3 7
split_gain=386.293 199.277 303.989 172.186 165.225 162.853 159.139 248.164 312.529 298.301 226.527 564.577 459.553 210.231
threshold=27.841145515441898 56.682291030883796 78.375000000000014 70.057292938232436 -0.99840793013572682 88.250000000000014 -0.99871450662612904 -0.96676719188690174 -0.90882229804992665 0.5008220672607423 -0.83830440044403065 -0.78851500153541554 50.932291030883796 1.6887187957763674
decision_type=2 2 2 2 2 2 2 2 2 2 2 2 2 2
left_child=5 2 4 -4 -2 -1 -6 9 -9 -8 12 -12 13 -10
right_child=1 -3 3 -5 6 -7 7 8 10 -11 11 -13 -14 -15
leaf_value=-0.068479824928105712 -0.017491890146096329 0.0022614941945906441 -0.0037594181290101871 -0.023281411232051099 -0.013093664696616356 0.010171667671494387 -0.023495058275069508 -0.014489394615313773 0.015018461979989026 0.0094347212592247563 -0.031272166883963004 -0.00022155659060750003 0.018115547298471389 -0.0243708298281692
leaf_weight=165.68066684901714 911.05035215616226 35589.546526372433 1352.5893725380301 1555.4943725094199 1492.3090508878231 48.381227381527424 455.12012284249067 2671.8185129612684 287.3857289403677 6134.976718261838 966.81645688414574 18536.067422091961 2569.0908967256546 742.08204102516174
leaf_count=2022 652 9663 1292 1316 787 149 1204 1888 276 2546 851 10543 634 467
internal_value=-4.81118e-05 0.000115764 -0.00191133 -0.0142892 -0.000868355 -0.0513532 -0.000410956 0.000181583 -0.00159062 0.00709634 -8.7556e-05 -0.00179129 0.00910492 -0.0132983
internal_weight=73478.4 73264.3 37674.8 2908.08 34766.7 214.062 33855.7 32363.4 25773.3 6590.1 23101.4 19502.9 3598.56 1029.47
internal_count=34290 32119 22456 2608 19848 2171 19196 18409 14659 3750 12771 11394 1377 743
is_linear=0
shrinkage=0.04


Tree=87
num_leaves=15
num_cat=0
split_feature=3 5 4 5 10 10 10 9 3 10 0 10 3 5
split_gain=364.08 212.252 193.145 144.21 155.791 401.255 549.088 595.038 426.056 338.084 249.234 226.707 296.78 220.714
threshold=28.315104484558109 88.250000000000014 94.781250000000014 61.875000000000007 -0.90882229804992665 -0.83830440044403065 -0.73289573192596424 73.875000000000014 50.651041030883796 -0.96676719188690174 1.0000000180025095e-35 -0.6718577742576598 61.088541030883796 74.750000000000014
decision_type=2 2 2 2 2 2 2 2 2 2 2 2 2 2
left_child=1 -1 3 -2 9 8 7 -7 -6 10 -5 -8 13 -13
right_child=2 -3 -4 4 5 6 11 -9 -10 -11 -12 12 -14 -15
leaf_value=-0.067297392159934841 -0.01385045765620189 0.014873367585703909 0.0072590146563386625 -0.029072655874020602 -0.014270017483948799 0.011253148786333728 0.012465394713408304 -0.024669919740290168 0.014063617279659163 -0.012062559961282214 0.0014486478483973983 0.0067531352505851763 0.0048294098292910601 -0.0042385682162273865
leaf_weight=179.56876289844513 1245.0331309437752 58.785638034343719 5578.5331478118896 425.3640915453434 977.85570429265499 992.5106016099453 2505.7952637374401 2747.3910775482655 5790.1923995614052 5148.3966578841209 11009.494361445308 3403.7854171842337 13362.723547339439 20015.040237352252
leaf_count=2148 1794 158 1128 1220 745 293 1078 1890 1516 2888 4849 2096 2848 9639
internal_value=-4.82116e-05 -0.047449 0.000119049 -0.000471927 -0.000216895 0.000901583 -0.000524082 -0.0151274 0.00993996 -0.00357244 0.000264511 0.000873045 7.69549e-05 -0.00263659
internal_weight=73440.5 238.354 73202.1 67623.6 66378.5 49795.3 43027.2 3739.9 6768.05 16583.3 11434.9 39287.3 36781.5 23418.8
internal_count=34290 2306 31984 30856 29062 20105 17844 2183 2261 8957 6069 15661 14583 11735
is_linear=0
shrinkage=0.04


Tree=88
num_leaves=15
num_cat=0
split_feature=3 5 4 10 10 10 9 3 10 9 9 9 6 5
split_gain=345.907 205.454 182.11 200.598 176.109 307.111 286.662 221.828 257.794 126.353 250.241 126.023 151.555 128.027
threshold=28.315104484558109 88.250000000000014 87.781250000000014 -0.73289573192596424 -0.30239063501358027 -0.38307376205921168 78.875000000000014 66.692707061767592 0.20687882602214816 74.375000000000014 77.625000000000014 79.625000000000014 1.6341090202331545 61.875000000000007
decision_type=2 2 2 2 2 2 2 2 2 2 2 2 2 2
left_child=1 -1 11 -4 5 -5 -7 8 9 -6 -11 13 -13 -2
right_child=2 -3 3 4 7 6 -8 -9 -10 10 -12 12 -14 -15
leaf_value=-0.066769215575023563 -0.014287990750784968 0.014449546857516775 -0.0016629154419786302 0.0029686040143943339 -0.0013179004115333251 0.02423293048520344 -0.004877613125343609 0.015049150131737462 0.019485951253440995 -0.031413578978516987 9.5804783563748329e-05 -0.031022425022756175 -0.0054196046441478485 -0.00035254999354051214
leaf_weight=174.02039767801762 1060.2578249424696 58.678332142531872 9022.6895182430744 4520.1833758950233 2769.7097455859184 2838.7592550516129 660.23284816741943 1387.2020320892334 689.3641083240509 773.98060035705566 819.2641806602478 398.06826327741146 3356.662809997797 44868.525884211063
leaf_count=2148 1569 158 2930 1120 535 401 135 188 97 283 178 661 1394 22493
internal_value=-4.7491e-05 -0.0467661 0.000113836 0.00301518 0.00593272 0.00988114 0.0187435 0.00100037 -0.0029011 -0.00651112 -0.0154108 -0.00125806 -0.00828395 -0.000680326
internal_weight=73397.6 232.699 73164.9 23481.4 14458.7 8019.18 3498.99 6439.52 5052.32 4362.95 1593.24 49683.5 3754.73 45928.8
internal_count=34290 2306 31984 5867 2937 1656 536 1281 1093 996 461 26117 2055 24062
is_linear=0
shrinkage=0.04


Tree=89
num_leaves=15
num_cat=0
split_feature=3 5 0 7 9 11 3 8 10 8 10 9 8 10
split_gain=328.561 198.801 172.88 125.697 186.309 115.342 144.526 105.153 100.862 179.475 120.775 233.776 176.797 142.102
threshold=28.315104484558109 88.250000000000014 40.072631835937507 2.3779392242431645 78.375000000000014 -0.9852197766304015 63.984375000000007 20.625000000000004 0.371137484908104 18.375000000000004 0.12214757129549982 79.625000000000014 18.875000000000004 -0.30239063501358027
decision_type=2 2 2 2 2 2 2 2 2 2 2 2 2 2
left_child=1 -1 3 4 -2 6 -4 -6 10 -10 13 12 -12 -5
right_child=2 -3 5 8 7 -7 -8 -9 9 -11 11 -13 -14 -15
leaf_value=-0.066222951309931014 -0.002944820946981059 0.014036905222942099 -0.015845778012410428 0.0011211733105753506 -0.036385404884774472 0.0098855066385186794 0.0080615113965809334 -0.0082040743345719973 -0.027921372346421652 0.00097868155146963896 -0.00031210976331716732 -0.024098726926770758 0.016666345377287114 -0.0038058260641827086
leaf_weight=168.71032487601042 8608.2182237505913 58.577193401753902 709.3254007101059 39607.847148090601 413.24236235022545 4440.1385974884033 889.80456900596619 444.211396291852 540.35127234458923 886.38461774587631 1679.7348272502422 339.59989285469055 2337.5471863150597 12244.81876924634
leaf_count=2148 9256 158 133 14032 765 669 122 598 372 434 632 186 760 4025
internal_value=-4.65708e-05 -0.0460758 0.000109022 -0.000475138 -0.00474196 0.00657974 -0.00260778 -0.0223056 0.000227009 -0.0102014 0.000495242 0.00687597 0.00960081 -4.33385e-05
internal_weight=73368.5 227.288 73141.2 67102 9465.67 6039.27 1599.13 857.454 57636.3 1426.74 56209.5 4356.88 4017.28 51852.7
internal_count=34290 2306 31984 31060 10619 924 255 1363 20441 806 19635 1578 1392 18057
is_linear=0
shrinkage=0.04


Tree=90
num_leaves=15
num_cat=0
split_feature=3 5 4 4 10 8 10 10 10 9 3 10 7 9
split_gain=311.995 192.288 167.735 121.256 141.241 172.164 132.891 372.608 512.454 550.096 394.656 300.85 235.448 222.228
threshold=28.315104484558109 88.250000000000014 94.510417938232436 45.963541030883796 0.44945044815540319 19.875000000000004 -0.90882229804992665 -0.83830440044403065 -0.73289573192596424 73.875000000000014 50.651041030883796 -0.96676719188690174 0.31285285949707037 78.625000000000014
decision_type=2 2 2 2 2 2 2 2 2 2 2 2 2 2
left_child=1 -1 3 4 5 -2 11 10 9 -9 -8 12 -5 -14
right_child=2 -3 -4 6 -6 -7 7 8 -10 -11 -12 -13 13 -15
leaf_value=-0.065658442000327888 -0.044146870180854655 0.013635222911377308 0.006446310657973975 -0.029961177995265608 0.0089205660002361631 -0.0087181053545860795 -0.013785135988500639 0.010671307380374398 0.0007918801792876711 -0.024021786038095412 0.013509880492907024 -0.011410832267317246 0.0038182668160523306 -0.011742933934414834
leaf_weight=163.6294749751687 296.40752351284027 58.481870487332344 6093.799947977066 377.58552265167236 372.56488156318665 762.07251669466496 976.10465721786022 985.58241778612137 38675.754935458302 2709.6135426461697 5774.9100238084793 5073.0608070939779 9303.0025230944157 1723.0743739306927
leaf_count=2148 727 158 1243 1175 361 991 748 291 15285 1881 1514 2871 3994 903
internal_value=-4.63302e-05 -0.0453787 0.000103737 -0.00047463 -0.0119119 -0.019274 -0.000221569 0.000821298 -0.000570804 -0.0147608 0.00953433 -0.00332789 0.000281589 0.00136962
internal_weight=73345.6 222.111 73123.5 67029.7 1431.04 1058.48 65598.7 49122 42371 3695.2 6751.01 16476.7 11403.7 11026.1
internal_count=34290 2306 31984 30741 2079 1718 28662 19719 17457 2172 2262 8943 6072 4897
is_linear=0
shrinkage=0.04


Tree=91
num_leaves=15
num_cat=0
split_feature=6 3 2 11 8 11 4 5 10 10 10 10 3 8
split_gain=283.865 227.547 153.984 115.789 148.741 141.243 98.5953 95.496 96.6176 477.241 428.323 450.741 313.888 294.03
threshold=1.0000000180025095e-35 28.315104484558109 0.85416665673255932 0.28081613034009939 20.875000000000004 0.19741141051054004 95.072917938232436 98.250000000000014 -0.90882229804992665 -0.96676719188690174 -0.83830440044403065 -0.78851500153541554 51.026041030883796 18.875000000000004
decision_type=2 2 2 2 2 2 2 2 2 2 2 2 2 2
left_child=1 -1 6 5 -5 -3 7 8 9 -2 12 13 -10 -12
right_child=2 3 -4 4 -6 -7 -8 -9 10 -11 11 -13 -14 -15
leaf_value=-0.061390735498577549 0.001634626919518301 -0.011030477027306784 0.0079701266007007089 -0.022769730992011329 0.052179937952284594 -0.0626801782312046 0.0056478809782459357 -0.0081429258702916535 -0.0096953269407004453 -0.01385229546219483 -0.0035717667689637756 -5.5695258695834097e-05 0.014263168242687498 -0.039344932339433536
leaf_weight=162.14446667581797 10524.664382569492 671.27596174180508 3896.15474152565 60.599039793014526 75.168762519955635 79.628341570496559 4321.6438990831375 2544.978098616004 1033.6941780298948 4542.2075152471662 700.31947612762451 38663.057933226228 5268.4378855228424 764.13203090429306
leaf_count=2149 5099 1615 469 272 43 487 934 899 700 2571 384 16580 1372 716
internal_value=-4.63615e-05 -0.0205097 0.000256249 -0.0118446 0.0200984 -0.0179916 -0.000185583 -0.000580876 -0.000265382 -0.00304639 0.000638004 -0.000886204 0.0103152 -0.0225164
internal_weight=73308.1 1048.82 72259.3 886.672 135.768 750.904 68363.1 64041.5 61496.5 15066.9 46429.6 40127.5 6302.13 1464.45
internal_count=34290 4566 29724 2417 315 2102 29255 28321 27422 7670 19752 17680 2072 1100
is_linear=0
shrinkage=0.04


Tree=92
num_leaves=15
num_cat=0
split_feature=6 3 3 11 6 11 10 9 3 9 10 8 10 4
split_gain=266.06 219.629 144.349 198.672 191.785 177.221 289.824 344.379 405.035 330.156 492.125 267.181 260.621 651.929
threshold=1.0000000180025095e-35 28.315104484558109 62.192708969116218 -0.99102616310119618 0.21141171455383304 -0.92540621757507313 -0.53536762297153462 76.625000000000014 55.734375000000007 77.625000000000014 -0.46092462539672846 18.625000000000004 -0.30239063501358027 83.088542938232436
decision_type=2 2 2 2 2 2 2 2 2 2 2 2 2 2
left_child=1 -1 3 4 -2 12 7 -7 11 -8 -11 -9 13 -5
right_child=2 -3 -4 5 -6 6 9 8 -10 10 -12 -13 -14 -15
leaf_value=-0.060636414014353747 0.013094937828946936 -0.011472048006960681 0.0035843871628058683 -0.030434925754735071 -0.010527085339506366 0.0033473394927350055 -0.014380413450542098 0.0087371440265151985 0.00042686614537437289 -0.042808979513801651 0.01662006227867922 -0.019732456821278579 0.00126817023204135 0.024064429195238556
leaf_weight=157.92974742874503 601.80752271413803 881.89761358499527 16081.320866763592 400.22658988833427 4909.3652201592922 20329.473573215306 4732.7235234379768 610.09879429638386 6986.7572595179081 248.08877640962601 1313.0216213315725 3450.407265804708 10394.42155392468 2177.9349848031998
leaf_count=2149 328 2417 3429 260 2248 9459 2868 269 2560 199 455 2845 4398 406
internal_value=-4.63402e-05 -0.0199425 0.000245505 -0.000711611 -0.00790959 7.45129e-05 -0.00131425 0.000259044 -0.0054199 -0.00913357 0.00675367 -0.015433 0.00410309 0.0154349
internal_weight=73275.5 1039.83 72235.6 56154.3 5511.17 50643.2 37670.6 31376.7 11047.3 6293.83 1561.11 4060.51 12972.6 2578.16
internal_count=34290 4566 29724 26295 2576 23719 18655 15133 5674 3522 654 3114 5064 666
is_linear=0
shrinkage=0.04


Tree=93
num_leaves=15
num_cat=0
split_feature=3 5 2 4 9 5 10 6 10 10 10 10 4 10
split_gain=247.856 190.071 146.434 110.182 145.028 129.091 174.517 138.114 206.839 180.381 420.331 394.081 280.252 197.481
threshold=28.802083015441898 89.250000000000014 0.85416665673255932 45.963541030883796 75.875000000000014 74.750000000000014 0.371137484908104 2.3542284965515141 -0.98511216044425953 -0.96676719188690174 -0.88189578056335438 -0.83830440044403065 72.244792938232436 -0.78851500153541554
decision_type=2 2 2 2 2 2 2 2 2 2 2 2 2 2
left_child=1 -1 3 4 -2 -5 7 8 -7 12 -11 -12 -10 -13
right_child=2 -3 -4 5 -6 6 -8 -9 9 10 11 13 -14 -15
leaf_value=-0.057129574191242399 -0.042522829202222452 0.017796588416688814 0.0076223304249775576 0.0071831969616277429 -0.0060054865308963321 -0.018696703208229106 -0.018493308227327261 0.00060311215914748062 -0.020943602434543306 -0.02875587756427149 0.022893716017795818 -0.026848678612717305 0.024919320382183047 -0.0023439571169591713
leaf_weight=186.50341301038861 184.74350108206272 62.697987601161003 3893.7419800758362 3663.5561218261719 1228.6084068417549 1373.8755053132772 832.61651550233364 51784.491604834795 271.14785388112068 965.39765964448452 946.5549278408289 553.22300723195076 798.9560930877924 6487.7950964719057
leaf_count=2299 496 142 469 2550 1536 1620 595 16118 461 1274 472 635 467 5156
internal_value=-4.59452e-05 -0.0383568 9.53369e-05 -0.000330943 -0.0113055 -9.84823e-05 -0.00051733 -0.000274662 -0.00425709 -0.00224454 -0.00410702 -0.00106352 0.0131273 -0.00433992
internal_weight=73233.9 249.201 72984.7 69091 1413.35 67677.6 64014.1 63181.4 11397 10023.1 8952.97 7987.57 1070.1 7041.02
internal_count=34290 2441 31849 31380 2032 29348 26798 26203 10085 8465 7537 6263 928 5791
is_linear=0
shrinkage=0.04


Tree=94
num_leaves=15
num_cat=0
split_feature=6 3 4 11 11 8 2 5 6 9 11 7 11 11
split_gain=236.002 205.79 133.151 109.782 140.118 139.574 100.214 98.9883 121.072 148.158 142.587 227.596 193.731 327.694
threshold=1.0000000180025095e-35 28.315104484558109 92.614582061767592 0.28081613034009939 0.19741141051054004 20.875000000000004 0.60416665673255932 98.250000000000014 75.686786651611342 79.625000000000014 -0.99102616310119618 73.374080657958999 -0.96687281131744374 -0.95438989996910084
decision_type=2 2 2 2 2 2 2 2 2 2 2 2 2 2
left_child=1 -1 7 4 -3 -5 -4 8 9 10 11 -2 -12 -14
right_child=2 3 6 5 -6 -7 -8 -9 -10 -11 12 -13 13 -15
leaf_value=-0.059266176647660991 -0.0035026165573679427 -0.0099816281590527148 0.0022840208694541466 -0.021393557813657024 -0.062069934731568577 0.051720059763485926 0.011686242454348454 -0.010529828093166434 0.019198149504696449 -0.0070679240645402106 0.007655802894979271 -0.03781195012602049 -0.014776646971955605 0.00086726558428931928
leaf_weight=150.2972129881382 6781.3886507749557 669.48213078081608 7946.6574574112892 59.880080759525299 76.507754907011986 73.904672279953957 2335.9339158535004 1507.2436356395483 489.51364994049072 4853.5414553880692 6073.2165724784136 304.57837975025177 2244.728002935648 39637.996076226234
leaf_count=2149 2733 1615 1933 272 487 43 288 611 52 2161 2302 90 950 18604
internal_value=-4.57946e-05 -0.0188724 0.000228051 -0.0108078 -0.0168049 0.0204691 0.0044385 -0.000472668 -0.000218232 -0.000383274 0.000208525 -0.00507962 0.000991693 2.21687e-05
internal_weight=73204.9 1030.07 72174.8 879.775 745.99 133.785 10282.6 61892.2 60385 59895.4 55041.9 7085.97 47955.9 41882.7
internal_count=34290 4566 29724 2417 2102 315 2221 27503 26892 26840 24679 2823 21856 19554
is_linear=0
shrinkage=0.04


Tree=95
num_leaves=15
num_cat=0
split_feature=6 3 3 11 10 7 11 10 9 3 9 10 8 10
split_gain=221.153 198.116 128.706 177.815 177.935 251.695 155.274 264.325 311.366 372.794 304.746 460.035 254.102 242.762
threshold=1.0000000180025095e-35 28.315104484558109 62.192708969116218 -0.99102616310119618 1.0000000180025095e-35 11.057567596435549 -0.92540621757507313 -0.53536762297153462 76.625000000000014 55.828125000000007 77.625000000000014 -0.46092462539672846 18.625000000000004 -0.30239063501358027
decision_type=2 2 2 2 2 2 2 2 2 2 2 2 2 2
left_child=1 -1 3 4 -2 -6 13 8 -8 12 -9 -12 -10 -5
right_child=2 -3 -4 6 5 -7 7 10 9 -11 11 -13 -14 -15
leaf_value=-0.058460577223533282 -0.013705122989672665 -0.010466233979933548 0.0033718979195962564 0.01479540767443166 0.00911067227777238 -0.019356597077911455 0.0031974180399076749 -0.013761369232361155 0.0087928471566207488 0.00055805285297368448 -0.041667787506853612 0.016081760083421569 -0.018750194265750041 0.0010990009344087964
leaf_weight=146.62412400916219 3141.9555798768997 875.29578446596861 16073.387658119202 2567.2088159024715 1680.5431207418442 682.14432168006897 20312.770079433918 4724.0472012758255 619.38286827504635 6897.2129725515842 244.96166867017746 1310.5989350825548 3518.0733939036727 10387.848694622517
leaf_count=2149 1632 2417 3429 666 709 235 9459 2868 271 2522 199 455 2881 4398
internal_value=-4.55403e-05 -0.0183424 0.000218587 -0.000685971 -0.00749967 0.000798244 5.82077e-05 -0.00124237 0.000259982 -0.00514329 -0.00871905 0.00657417 -0.0146045 0.00383174
internal_weight=73182.1 1021.92 72160.1 56086.7 5504.64 2362.69 50582.1 37627 31347.4 11034.7 6279.61 1555.56 4137.46 12955.1
internal_count=34290 4566 29724 26295 2576 944 23719 18655 15133 5674 3522 654 3152 5064
is_linear=0
shrinkage=0.04


Tree=96
num_leaves=15
num_cat=0
split_feature=3 5 2 4 9 5 10 6 10 10 10 9 10 10
split_gain=207.902 177.689 130.604 99.5401 134.866 120.68 153.051 121.413 191.551 170.6 263.44 236.96 283.399 331.161
threshold=28.802083015441898 88.250000000000014 0.85416665673255932 45.963541030883796 75.875000000000014 74.750000000000014 0.371137484908104 2.3542284965515141 -0.98511216044425953 -0.6718577742576598 -0.73289573192596424 75.625000000000014 -0.97661703824996937 -0.88189578056335438
decision_type=2 2 2 2 2 2 2 2 2 2 2 2 2 2
left_child=1 -1 3 4 -2 -5 7 8 -7 10 11 12 -10 -14
right_child=2 -3 -4 5 -6 6 -8 -9 9 -11 -12 -13 13 -15
leaf_value=-0.055677254055881573 -0.041115358053718978 0.016415617823389538 0.0071948415787007015 0.0069457921970380414 -0.0056850892492352799 -0.01793350067531229 -0.017369761684497508 0.00054433506287129515 0.031224468549180484 -0.0074036472775468754 0.019653318219791192 -0.013005577580346039 -0.027579964594886139 0.01022848863824133
leaf_weight=171.43925476819277 181.81254142522812 65.935778416693211 3888.4857349395752 3657.7472656071186 1227.9641941487789 1369.827650681138 829.59470671415329 51754.205641388893 543.49736875295639 4891.7085177451372 1155.6709633767605 1716.5140710771084 517.21734309196472 1175.91063131392
leaf_count=2276 496 165 469 2550 1536 1620 595 16118 261 4113 681 1937 714 759
internal_value=-4.51864e-05 -0.0359325 8.14744e-05 -0.000321241 -0.0107656 -0.000100346 -0.000505384 -0.000278317 -0.00401715 -0.00207896 0.00302844 -0.00190619 0.00665189 -0.0015084
internal_weight=73147.5 237.375 72910.2 69021.7 1409.78 67611.9 63954.1 63124.6 11370.3 10000.5 5108.81 3953.14 2236.63 1693.13
internal_count=34290 2441 31849 31380 2032 29348 26798 26203 10085 8465 4352 3671 1734 1473
is_linear=0
shrinkage=0.04


Tree=97
num_leaves=15
num_cat=0
split_feature=3 11 10 10 8 9 11 4 10 5 3 9 7 11
split_gain=198.057 334.179 409.279 227.928 164.575 127.691 231.752 115.249 108.364 102.813 110.01 107.474 94.6231 100.872
threshold=40.807291030883796 -0.0590442307293415 -0.90882229804992665 0.44945044815540319 20.125000000000004 73.625000000000014 -0.0590442307293415 67.255207061767592 -0.30239063501358027 74.250000000000014 27.841145515441898 75.875000000000014 108.41016769409181 -0.99102616310119618
decision_type=2 2 2 2 2 2 2 2 2 2 2 2 2 2
left_child=1 2 -1 7 -3 6 8 -4 -2 10 -6 -11 13 -7
right_child=5 4 3 -5 9 12 -8 -9 -10 11 -12 -13 -14 -15
leaf_value=0.033563933011361471 0.0091699637052343307 -0.04691056235304087 -0.038330326144894913 0.017339301935536119 -0.042498277114185364 -0.0050710604677898334 -0.014658877938547619 -0.0076489746067274853 0.0011013514561574948 0.014222880798096199 0.027326987997367828 -0.049670773034432937 0.012789500407672651 -2.724567804216266e-06
leaf_weight=395.52842731028795 6299.2695191800594 468.76729237288237 404.18286611139774 275.53860012069345 27.855871256440878 7145.1827407479286 948.35351338982582 387.02159458398819 4613.7458183765411 50.956069383770227 136.50892681628466 112.35974900797009 833.46155476570129 51023.072576239705
leaf_count=230 1419 2351 1283 638 487 3064 342 427 986 106 268 595 132 21962
internal_value=-4.4496e-05 -0.011652 -0.000203177 -0.0131107 -0.032152 0.000328669 0.00411197 -0.023881 0.00576701 -0.00955499 0.0121668 -0.0303586 -0.000433041 -0.00062683
internal_weight=73121.8 2258.72 1462.27 1066.74 796.448 70863.1 11861.4 791.204 10913 327.681 164.365 163.316 59001.7 58168.3
internal_count=34290 6385 2578 2348 3807 27905 2747 1710 2405 1456 755 701 25158 25026
is_linear=0
shrinkage=0.04


Tree=98
num_leaves=15
num_cat=0
split_feature=3 5 4 10 10 10 9 3 10 4 7 10 3 10
split_gain=192.238 165.718 123.511 96.7171 317.252 425.771 482.274 348.753 263.368 213.059 312.44 211.026 253.338 206.637
threshold=28.802083015441898 87.750000000000014 94.781250000000014 -0.90882229804992665 -0.83830440044403065 -0.73289573192596424 73.875000000000014 50.651041030883796 -0.96676719188690174 73.848957061767592 10.500955581665041 -0.6718577742576598 60.484375000000007 -0.94127440452575672
decision_type=2 2 2 2 2 2 2 2 2 2 2 2 2 2
left_child=1 -1 3 8 7 6 -6 -5 -2 -10 -11 -7 -13 -12
right_child=2 -3 -4 4 5 11 -8 -9 9 10 13 12 -14 -15
leaf_value=-0.054791886357333709 0.00033756675292076938 0.015129939500238559 0.0057946218782230297 -0.013401454303009337 0.010051564892940569 0.011632351102794409 -0.022372021995296296 0.012283030001750985 0.012969249246873177 -0.027890292013206867 -0.016971483223295013 -0.0029052920939634593 0.0038176260223188778 0.0038211681782768887
leaf_weight=164.0773644335568 11382.574845544994 66.566323921084404 5561.1077346205711 973.88678520917892 989.650764554739 2500.0180647373199 2716.7001239657402 5760.0014171004295 534.65860258042812 1545.0229938775301 1406.8379272818565 23314.973344638944 14546.562524855137 1635.2948716878891
leaf_count=2263 6077 178 1128 750 293 1078 1890 1516 583 1355 514 12991 3223 451
internal_value=-4.38269e-05 -0.0350147 7.64422e-05 -0.000397598 0.000466886 -0.000770017 -0.013707 0.00853973 -0.00305589 -0.0105694 -0.0133573 0.000424167 -0.000321667 -0.00584246
internal_weight=73097.9 230.644 72867.3 67306.2 50801.8 44067.9 3706.35 6733.89 16504.4 5121.81 4587.16 40361.6 37861.5 3042.13
internal_count=34290 2441 31849 30721 21741 19475 2183 2266 8980 2903 2320 17292 16214 965
is_linear=0
shrinkage=0.04


Tree=99
num_leaves=15
num_cat=0
split_feature=3 11 11 8 4 4 10 5 0 9 5 5 10 11
split_gain=182.877 320.753 315.915 224.413 108.01 106.369 101.636 86.492 118.616 130.616 125.205 136.109 170.742 122.906
threshold=36.942708969116218 -0.0590442307293415 -0.88958057761192311 20.875000000000004 94.781250000000014 59.088541030883796 -0.88189578056335438 98.250000000000014 41.933012008666999 79.625000000000014 58.375000000000007 74.750000000000014 0.371137484908104 0.19741141051054004
decision_type=2 2 2 2 2 2 2 2 2 2 2 2 2 2
left_child=1 2 -1 -3 7 -5 -4 8 9 10 -2 -12 13 -13
right_child=4 3 6 5 -6 -7 -8 -9 -10 -11 11 12 -14 -15
leaf_value=-0.03975128856487363 -0.017818899402091876 -0.052311221489676041 0.036569380947309549 0.027367075884180414 0.0055691730097760317 -0.033464870594972489 0.0014466381808138451 -0.0075186477814083172 0.0067978955039655533 -0.0063994012541499648 0.0078257818572327106 -0.00022472755375397627 -0.018588777900578373 0.010664330877591858
leaf_weight=180.29469975084066 590.28643733263016 400.94836296513677 247.72612664103508 96.918544299900532 5556.199795126915 56.002317272126675 263.0704760812223 2484.6742404699326 3902.2827724218369 5244.8104073107243 3661.2187155783176 47909.941748678684 770.20630702376366 1697.9383088946342
leaf_count=687 749 2730 149 350 1126 358 746 844 581 2306 2174 20293 511 686
internal_value=-4.29229e-05 -0.0151198 0.00314743 -0.037228 0.000222571 0.00379544 0.0192165 -0.000227301 5.90302e-05 -0.000382295 0.000197518 0.000400836 -0.000141662 0.000152122
internal_weight=73062.5 1244.96 691.091 553.869 71817.6 152.921 510.797 66261.4 63776.7 59874.4 54629.6 54039.3 50378.1 49607.9
internal_count=34290 5020 1582 3438 29270 708 895 28144 27300 26719 24413 23664 21490 20979
is_linear=0
shrinkage=0.04


Tree=100
num_leaves=15
num_cat=0
split_feature=3 5 3 9 4 10 10 10 7 8 6 7 7 6
split_gain=176.952 154.547 113.651 210.635 144.485 144.467 244.307 243.504 198.399 174.294 206.122 149.341 193.117 128.553
threshold=28.802083015441898 87.750000000000014 56.682291030883796 78.375000000000014 70.057292938232436 -0.99871450662612904 -0.96676719188690174 -0.95468294620513905 0.56347846984863292 20.125000000000004 0.68852305412292492 10.500955581665041 25.377130508422855 2.2277355194091801
decision_type=2 2 2 2 2 2 2 2 2 2 2 2 2 2
left_child=1 -1 3 5 -5 11 8 -8 -7 -10 -11 -2 -13 -6
right_child=2 -3 -4 4 13 6 7 -9 9 10 -12 12 -14 -15
leaf_value=-0.053584218388566772 -0.032901494976459389 0.014501741597102888 0.0016928112019277744 -0.0021400294045252478 -0.037900674991059875 -0.018379874465853787 -0.024304771383374623 -0.0011033683927617142 0.01159420822098095 0.029892168911141565 -0.016683511656766913 0.0060445642512620777 -0.030323803670207952 -0.012340987029009043
leaf_weight=158.35164080932736 402.56309194862843 65.864797633141279 35470.354698747396 1325.7016229331493 444.65687622129917 444.64284394681454 724.79653602838516 25753.613351792097 5179.2933851927519 171.55901128053665 728.30006006360054 773.80003130435944 311.70666182041168 1085.2348537743092
leaf_count=2263 438 178 9663 1245 673 1129 520 14688 1982 98 429 237 112 635
internal_value=-4.22027e-05 -0.0340339 7.17815e-05 -0.00146792 -0.011869 -0.000600396 -4.71333e-05 -0.00175633 0.00687421 0.00877557 -0.00734695 -0.0127072 -0.00475839 -0.020163
internal_weight=73040.4 224.216 72816.2 37345.9 2855.59 34490.3 33002.2 26478.4 6523.8 6079.15 899.859 1488.07 1085.51 1529.89
internal_count=34290 2441 31849 22186 2553 19633 18846 15208 3638 2509 527 787 349 1308
is_linear=0
shrinkage=0.04


Tree=101
num_leaves=15
num_cat=0
split_feature=3 5 4 9 7 5 6 11 7 11 11 11 4 10
split_gain=166.7 147.339 108.308 87.1806 277.727 158.67 157.018 134.711 173.678 150.317 309.982 262.105 410.917 205.277
threshold=28.802083015441898 87.750000000000014 92.614582061767592 79.375000000000014 96.362972259521499 98.250000000000014 1.4466226100921633 -0.99102616310119618 56.65168762207032 -0.96687281131744374 -0.95438989996910084 -0.92540621757507313 85.130207061767592 -0.53536762297153462
decision_type=2 2 2 2 2 2 2 2 2 2 2 2 2 2
left_child=1 -1 3 5 6 7 -5 8 -2 -9 -11 12 -12 -13
right_child=2 -3 -4 4 -6 -7 -8 9 -10 10 11 13 -14 -15
leaf_value=-0.052627981308348844 -0.0029028087807670922 0.014075378808485601 0.0038701588708809484 -0.028458263009017607 0.037748671162598425 -0.016475609850172365 -0.0045730075743711397 0.0067372644890415917 -0.024612508386055901 -0.014483444987089469 -0.0010220333097095793 0.0010535148192606404 0.020530874439146134 -0.0071427278046715253
leaf_weight=155.20749749243259 6401.9184697568417 65.753668908029795 10270.50972032547 455.24372600764036 217.6238157749176 903.17795802652836 6245.5371076464653 6334.50755032897 630.44396638870239 2179.3108804821968 3076.9867132902145 27559.140403486788 2598.06336581707 5922.6631931215525
leaf_count=2263 2715 178 2221 787 19 415 2394 2802 158 926 1384 13976 456 3596
internal_value=-4.2485e-05 -0.0332576 6.74429e-05 -0.000558242 -0.00478597 -3.07061e-05 -0.0062756 0.000246731 -0.00491334 0.00100968 0.000129135 0.00094939 0.00888243 -0.000399733
internal_weight=73016.1 220.961 72795.1 62524.6 6918.4 55606.2 6700.78 54703 7032.36 47670.7 41336.2 39156.9 5675.05 33481.8
internal_count=34290 2441 31849 29628 3200 26428 3181 26013 2873 23140 20338 19412 1840 17572
is_linear=0
shrinkage=0.04


Tree=102
num_leaves=15
num_cat=0
split_feature=6 3 2 10 11 11 11 10 10 4 9 4 9 10
split_gain=160.333 185.559 100.839 93.0077 125.845 77.0166 167.881 251.024 316.034 281.544 254.87 227.062 204.946 204.703
threshold=0.0273585319519043 27.289062500000004 0.85416665673255932 -0.95468294620513905 0.19741141051054004 -0.99102616310119618 -0.92540621757507313 -0.30239063501358027 -0.21947178244590757 80.921875000000014 78.625000000000014 78.807292938232436 76.375000000000014 -0.53536762297153462
decision_type=2 2 2 2 2 2 2 2 2 2 2 2 2 2
left_child=1 -1 5 4 -3 -2 7 9 -9 11 -11 -7 -10 -8
right_child=2 3 -4 -5 -6 6 13 8 12 10 -12 -13 -14 -15
leaf_value=-0.05979884608838907 -0.0039046647408423362 -0.006215054438927288 0.006482967730841901 -0.0035788726027312025 -0.063237833668080598 -0.048870825910416561 0.00022585135574906408 -0.011355266299939349 -0.0019084498928518983 0.018685761392514901 -0.0046703628748672177 0.0060307252010559044 0.0097097863853706241 -0.0072589900918204123
leaf_weight=104.65620528906584 7647.9092781841755 156.56504572927952 3882.3938516378403 1142.0731094665825 88.136775903403759 194.32409676909447 35435.081350184977 2748.3798078596592 4795.6932172477245 3729.4438272118568 924.96294093132019 266.66668742895126 4891.7014636546373 6981.1323515176773
leaf_count=1945 3073 487 469 2401 607 167 15846 1113 1943 677 196 78 1675 3613
internal_value=-4.15855e-05 -0.012934 0.000230891 -0.0085974 -0.0299798 -0.000129907 0.000352646 0.0036405 0.000567237 0.0110804 0.0140441 -0.018182 0.00396616 -0.00100889
internal_weight=72989.1 1491.43 71497.7 1386.77 244.702 67615.3 59967.4 17551.2 12435.8 5115.4 4654.41 460.991 9687.39 42416.2
internal_count=34290 5440 28850 3495 1094 28381 25308 5849 4731 1118 873 245 3618 19459
is_linear=0
shrinkage=0.04


Tree=103
num_leaves=15
num_cat=0
split_feature=3 11 10 10 8 9 11 4 5 9 3 4 11 5
split_gain=151.742 280.532 350.543 219.228 157.61 105.318 213.371 103.797 98.1471 99.8979 94.7703 94.71 84.1917 196.672
threshold=40.807291030883796 -0.0590442307293415 -0.90882229804992665 0.44945044815540319 20.125000000000004 73.625000000000014 -0.0590442307293415 67.255207061767592 74.250000000000014 75.875000000000014 27.841145515441898 71.859375000000014 0.19741141051054004 89.250000000000014
decision_type=2 2 2 2 2 2 2 2 2 2 2 2 2 2
left_child=1 2 -1 7 -3 6 11 -4 10 -10 -6 -2 -7 -14
right_child=5 4 3 -5 8 12 -8 -9 9 -11 -12 -13 13 -15
leaf_value=0.031617775009070544 -0.012008325337179691 -0.044331709254178835 -0.036386947931408516 0.018069818967976405 -0.039248255945756219 -0.00065648152428140095 -0.014307824329002513 -0.0071436212482238809 0.014634793468524501 -0.047335550566094321 0.027701557953390358 0.0061024130821432923 0.024930031222739325 -0.0039227666007993333
leaf_weight=389.75870594382286 465.24095237255096 448.44847610220313 396.58537529408932 273.39226860553026 24.635430421680212 57404.262153685093 946.4745175242424 386.51478913426399 50.510213736444712 106.64617543295026 134.45534588396549 10434.221056193113 657.81388519704342 844.15517173707485
leaf_count=230 262 2351 1283 638 487 24576 342 427 106 595 268 2143 212 370
internal_value=-4.18916e-05 -0.0103133 0.000132955 -0.011854 -0.0295698 0.000281904 0.00371997 -0.0224907 -0.00724519 -0.0280146 0.014109 0.00530878 -0.000410512 0.00887537
internal_weight=72963.1 2210.95 1446.25 1056.49 764.696 70752.2 11845.9 783.1 316.247 157.156 159.091 10899.5 58906.2 1501.97
internal_count=34290 6385 2578 2348 3807 27905 2747 1710 1456 701 755 2405 25158 582
is_linear=0
shrinkage=0.04


Tree=104
num_leaves=15
num_cat=0
split_feature=3 5 3 11 10 7 8 7 11 8 9 7 4 9
split_gain=145.264 135.568 98.3088 144.963 187.577 221.912 147.932 144.841 172.671 200.823 179.049 141.56 136.557 121.747
threshold=28.802083015441898 87.750000000000014 62.359375000000007 -0.99102616310119618 1.0000000180025095e-35 11.057567596435549 18.625000000000004 7.9423427581787118 -0.88958057761192311 20.625000000000004 79.375000000000014 0.62613487243652355 66.130207061767592 79.625000000000014
decision_type=2 2 2 2 2 2 2 2 2 2 2 2 2 2
left_child=1 -1 3 4 12 6 -6 -4 9 -9 -11 -5 -2 -13
right_child=2 -3 7 11 5 -7 -8 8 -10 10 -12 13 -14 -15
leaf_value=-0.05086604968523252 -0.030081395808800555 0.013731837222217687 0.016143700598801939 -0.0085958242343742962 0.022661659357088092 -0.016908512077354585 -0.0008724375289860197 0.0080996149416173464 -0.0048804684633230681 -0.011850569092202692 0.0097220156079545622 0.0010555039168983103 -0.0090101736421157493 -0.0064086470373991653
leaf_weight=147.41522235795856 595.63877341151237 65.032380696386099 1194.3595331907272 2898.5109663680196 738.05186268687248 708.3231920003891 976.36179727315903 7286.9003257751465 4355.4394532442093 1808.2756478786469 910.13077592849731 44850.25427827239 2634.3960877656937 3771.9410587698221
leaf_count=2263 629 178 277 5372 254 240 475 1148 1187 507 187 18693 1106 1774
internal_value=-4.12147e-05 -0.0316119 5.96718e-05 -0.000707576 -0.00677645 0.00163529 0.00940344 0.00287701 0.00175273 0.00464422 -0.00460975 -3.93376e-05 -0.013057 0.000474064
internal_weight=72941 212.448 72728.6 57173.5 5652.77 2422.74 1714.41 15555.1 14360.7 10005.3 2718.41 51520.7 3230.03 48622.2
internal_count=34290 2441 31849 28543 2704 969 729 3306 3029 1842 694 25839 1735 20467
is_linear=0
shrinkage=0.04


Tree=105
num_leaves=15
num_cat=0
split_feature=3 5 4 10 10 10 9 3 10 4 7 10 1 3
split_gain=136.724 129.012 95.0542 89.3845 295.714 394.158 435.936 319.392 238.435 197.176 285.755 196.076 205.944 199.882
threshold=28.802083015441898 88.250000000000014 94.781250000000014 -0.90882229804992665 -0.83830440044403065 -0.73289573192596424 73.875000000000014 50.932291030883796 -0.96676719188690174 73.848957061767592 10.500955581665041 -0.6718577742576598 0.65574645996093761 60.484375000000007
decision_type=2 2 2 2 2 2 2 2 2 2 2 2 2 2
left_child=1 -1 3 8 7 6 -6 -5 -2 -10 -11 12 -7 -13
right_child=2 -3 -4 4 5 11 -8 -9 9 10 -12 13 -14 -15
leaf_value=-0.049633501805678305 0.00031309452438652518 0.013819072913396915 0.0050761426404978298 -0.011662552137642024 0.0094090510977540062 0.020735860002981919 -0.021448918033235991 0.012050494530245275 0.012662822917118833 -0.026737021174920175 -0.0055911574084437608 -0.0025916302339256199 -0.0024953917556227584 0.0033856195198391156
leaf_weight=146.06181038171053 11346.204629600048 63.627233594655991 5554.4008433222771 1065.3575477898121 988.30374184250832 1470.151450574398 2707.1569461226463 5659.6909399032593 529.88971061259508 1532.2863899469376 3039.1161080598831 23269.801247879863 1027.741468667984 14519.874828279018
leaf_count=2276 6077 165 1128 783 293 775 1890 1483 583 1355 965 12991 303 3223
internal_value=-4.03779e-05 -0.0308529 5.69426e-05 -0.00035958 0.000471743 -0.000723914 -0.0131901 0.00827052 -0.00292003 -0.0100842 -0.0127646 0.000425552 0.0112336 -0.000294424
internal_weight=72919.7 209.689 72710 67155.6 50708.1 43983 3695.46 6725.05 16447.5 5101.29 4571.4 40287.6 2497.89 37789.7
internal_count=34290 2441 31849 30721 21741 19475 2183 2266 8980 2903 2320 17292 1078 16214
is_linear=0
shrinkage=0.04


Tree=106
num_leaves=15
num_cat=0
split_feature=3 11 11 8 4 4 10 10 11 2 3 5 6 9
split_gain=132.837 267.716 279.277 213.39 98.6803 83.2016 82.4445 83.5848 80.1398 126.15 74.9438 71.0163 89.8656 123.267
threshold=36.942708969116218 -0.0590442307293415 -0.88958057761192311 20.875000000000004 59.088541030883796 92.614582061767592 -0.88189578056335438 -0.60585239529609669 -0.9852197766304015 0.60416665673255932 31.492187500000004 98.250000000000014 75.686786651611342 79.375000000000014
decision_type=2 2 2 2 2 2 2 2 2 2 2 2 2 2
left_child=1 2 -1 -3 -5 11 -4 -8 -7 -10 -9 12 13 -2
right_child=5 3 6 4 -6 8 7 10 9 -11 -12 -13 -14 -15
leaf_value=-0.037344401834870367 0.00031643350109121136 -0.049305716644150462 0.034479516392265895 0.028791982238020184 -0.030796170427517748 -0.0076279773055156356 -0.031109762631526563 -0.018843549768403325 0.0022676648796923467 0.013795350433060816 0.030359664428582428 -0.0089817320654231782 0.016654914136527664 -0.0056682915081548713
leaf_weight=175.50571951270103 53347.444934621453 376.80730858817697 243.42394025623798 94.598813254386187 53.182750400155783 921.25679433345795 65.493258088827133 56.167732995003462 7443.6379507780075 1892.0312151908875 137.98685306310654 1476.0744108259678 484.34699869155884 6120.1498851180077
leaf_count=687 23666 2730 149 350 358 177 173 415 1817 224 158 572 52 2762
internal_value=-3.93376e-05 -0.0131102 0.00355461 -0.0340056 0.00623298 0.00018364 0.0187053 0.00250845 0.00351489 0.00462844 0.015695 -0.000373558 -0.000158692 -0.000301187
internal_weight=72888.1 1203.17 678.578 524.589 147.782 71684.9 503.072 259.648 10256.9 9335.67 194.155 61428 59951.9 59467.6
internal_count=34290 5020 1582 3438 708 29270 895 746 2218 2041 573 27052 26480 26428
is_linear=0
shrinkage=0.04


Tree=107
num_leaves=15
num_cat=0
split_feature=3 11 10 10 8 10 4 9 11 10 10 5 4 9
split_gain=125.031 242.453 306.878 199.035 144.995 93.6501 93.2123 85.3143 192.161 92.6175 82.6861 100.362 79.4375 88.7135
threshold=40.807291030883796 -0.0590442307293415 -0.90882229804992665 0.44945044815540319 20.125000000000004 -0.95468294620513905 67.255207061767592 73.625000000000014 -0.0590442307293415 -0.30239063501358027 -0.78851500153541554 88.250000000000014 58.744791030883796 75.875000000000014
decision_type=2 2 2 2 2 2 2 2 2 2 2 2 2 2
left_child=1 2 -1 6 -3 -6 -4 8 9 10 -2 -12 -7 -14
right_child=7 4 3 -5 5 12 -8 -9 -10 -11 11 -13 13 -15
leaf_value=0.02989778197031524 0.0023120962833530247 -0.042024784644586068 -0.034487849097456093 0.017631122016736139 -0.030793510525325671 0.034203131517251788 -0.0066700701214937441 -0.00036998655344305158 -0.013770856173322039 0.00054494342359531094 -0.0007645773784222032 0.015078037867379268 0.024823421074685076 -0.041482489271334667
leaf_weight=385.23548862338066 2486.3120374083519 434.81252060458064 390.26837520301342 270.93298127129674 122.20725400745869 94.182995855808258 385.8816432505846 58858.89088074863 945.07476913928986 4607.6811372339725 810.45577490329742 2985.2577863335609 40.233445979654789 52.951817110180855
leaf_count=230 690 2351 1283 638 738 365 427 25158 342 986 242 487 38 315
internal_value=-3.8533e-05 -0.00943662 0.000267561 -0.0109898 -0.0276274 -0.00608257 -0.0211726 0.000253428 0.0033493 0.00485761 0.00800906 0.0117091 0.0114501 -0.0135267
internal_weight=72870.4 2176.71 1432.32 1047.08 744.388 309.576 776.15 70693.7 11834.8 10889.7 6282.03 3795.71 187.368 93.1853
internal_count=34290 6385 2578 2348 3807 1456 1710 27905 2747 2405 1419 729 718 353
is_linear=0
shrinkage=0.04


Tree=108
num_leaves=15
num_cat=0
split_feature=3 11 11 8 4 4 10 10 10 8 10 3 7 3
split_gain=119.48 237.595 245.625 192.488 88.3459 76.7776 76.414 295.823 373.597 254.151 245.035 241.608 249.772 173.175
threshold=36.942708969116218 -0.0590442307293415 -0.88958057761192311 20.875000000000004 59.088541030883796 94.781250000000014 -0.90882229804992665 -0.83830440044403065 -0.78851500153541554 18.875000000000004 -0.96676719188690174 51.026041030883796 1.6887187957763674 55.463541030883796
decision_type=2 2 2 2 2 2 2 2 2 2 2 2 2 2
left_child=1 2 -1 -3 -5 6 10 11 9 13 -2 12 -8 -9
right_child=5 3 -4 4 -6 -7 7 8 -10 -11 -12 -13 -14 -15
leaf_value=-0.035470137262410148 0.00070800376508276745 -0.047302997474052977 0.017478476619363439 0.027453399796618056 -0.029293116473564137 0.0046834393869356452 0.022484002338968669 -0.01540943818057605 5.9060439205598384e-05 -0.03631660443604539 -0.010035270432324809 0.011662056987278194 -0.020846131652601293 0.025703866423464207
leaf_weight=172.43466175347567 10931.365271955729 366.27199576795101 497.18888472393155 93.008316639810801 52.303752269595861 5547.170495569706 273.83772064745426 543.62593638896942 42119.973037719727 747.85740751028061 4906.712583437562 5624.168927192688 764.11962887644768 211.43595743179321
leaf_count=687 5056 2730 895 350 358 1126 165 380 17454 718 2394 1472 468 37
internal_value=-3.7563e-05 -0.0125485 0.00321043 -0.0325205 0.00595516 0.000172075 -0.000207692 0.000555608 -0.00064463 -0.0201077 -0.00262877 0.00839305 -0.00920568 -0.00353051
internal_weight=72851.5 1181.21 669.624 511.584 145.312 71670.3 66123.1 50285 43622.9 1502.92 15838.1 6662.13 1037.96 755.062
internal_count=34290 5020 1582 3438 708 29270 28144 20694 18589 1135 7450 2105 633 417
is_linear=0
shrinkage=0.04


Tree=109
num_leaves=15
num_cat=0
split_feature=6 3 9 2 10 11 5 10 8 11 11 10 10 4
split_gain=113.64 162.758 84.2638 73.7255 68.0338 115.325 81.0652 119.816 107.237 66.7257 145.942 215.856 299.864 259.179
threshold=0.0273585319519043 27.289062500000004 79.375000000000014 0.85416665673255932 -0.95468294620513905 0.19741141051054004 76.750000000000014 -0.134930245578289 18.125000000000004 -0.99102616310119618 -0.92540621757507313 -0.30239063501358027 -0.21947178244590757 80.921875000000014
decision_type=2 2 2 2 2 2 2 2 2 2 2 2 2 2
left_child=1 -1 4 9 5 -3 7 -6 -9 -2 11 13 -13 -11
right_child=3 2 -4 -5 6 -7 -8 8 -10 10 -12 12 -14 -15
leaf_value=-0.057112384664807746 -0.0036347877521971041 -0.0015544532775124663 -0.043070753996357361 0.0055405517094267486 0.028216927592890358 -0.059512743080813682 -0.017154264833194998 0.028854517306270564 -0.013496120705166179 -0.017876975528212536 -0.00094028868112891993 -0.01106870975937313 0.0038614249436065506 0.013152890877420284
leaf_weight=93.622726395726204 7637.337461411953 145.11959226056933 77.023332964628935 3875.3722634315491 254.33567637577653 69.490691229701042 295.56408172473311 102.89991759508848 415.80661646276712 457.20276659727097 42330.297195304185 2746.0597766637802 9681.8967327177525 4641.2970471382141
leaf_count=1945 3073 430 376 469 380 526 656 131 996 245 19459 1113 3618 873
internal_value=-3.71379e-05 -0.0110312 -0.00707791 0.000189849 -0.00428965 -0.0237948 -7.20262e-06 0.00681607 -0.00433535 -0.000118927 0.000330738 0.00339812 0.000550005 0.0103113
internal_weight=72823.3 1453.86 1360.24 71369.5 1283.22 214.61 1068.61 773.042 518.707 67494.1 59856.8 17526.5 12428 5098.5
internal_count=34290 5440 3495 28850 3119 956 2163 1507 1127 28381 25308 5849 4731 1118
is_linear=0
shrinkage=0.04


Tree=110
num_leaves=15
num_cat=0
split_feature=6 3 9 11 11 8 3 7 11 8 9 11 6 8
split_gain=107.422 143.657 101.452 78.0143 124.498 94.0171 70.8692 138.878 148.987 178.725 168.177 129.34 166.336 155.024
threshold=1.0000000180025095e-35 27.289062500000004 79.375000000000014 0.28081613034009939 0.19741141051054004 20.875000000000004 62.359375000000007 7.9423427581787118 -0.88958057761192311 20.625000000000004 79.375000000000014 -0.99102616310119618 0.21141171455383304 18.375000000000004
decision_type=2 2 2 2 2 2 2 2 2 2 2 2 2 2
left_child=1 -1 3 4 -3 -5 11 -8 9 -9 -11 12 13 -2
right_child=6 2 -4 5 -6 -7 7 8 -10 10 -12 -13 -14 -15
leaf_value=-0.056908582152250399 0.039795622094387355 -0.0027664950742463871 -0.050889207668873289 -0.01245724383193123 -0.056969315887987336 0.049664833332953955 0.015537946467871312 0.0073814092971147081 -0.0047326782489623053 -0.011632580791475902 0.0092842471049702467 0.00011727383691012042 -0.0087002185806997895 -0.0017317526283799902
leaf_weight=87.781538084149361 205.13727784156799 620.73925112560391 59.064359575510025 58.058710396289825 56.465123619884253 68.448699209839106 1191.3797280788422 7277.354376912117 4351.7301795482635 1806.8279848098755 909.36824345588684 50747.154017046094 4971.1155486702919 393.91916406154633
leaf_count=1908 59 1480 343 307 476 52 277 1148 1187 507 187 23820 2270 269
internal_value=-3.7325e-05 -0.0132559 -0.00762583 -0.00328801 -0.00879049 0.0233462 0.000141183 0.00253106 0.00143071 0.00411867 -0.00461306 -0.000518794 -0.00629339 0.0133149
internal_weight=72804.5 950.558 862.776 803.712 677.204 126.507 71854 15536.7 14345.3 9993.55 2716.2 56317.3 5570.17 599.056
internal_count=34290 4566 2658 2315 1956 359 29724 3306 3029 1842 694 26418 2598 328
is_linear=0
shrinkage=0.04


Tree=111
num_leaves=15
num_cat=0
split_feature=3 11 11 8 5 10 10 5 5 10 8 9 9 11
split_gain=103.257 222.635 228.792 172.447 79.467 72.7322 75.9061 71.1308 113.386 132.973 117.597 109.805 100.863 216.286
threshold=36.942708969116218 -0.0590442307293415 -0.88958057761192311 20.875000000000004 74.250000000000014 -0.88189578056335438 -0.60585239529609669 61.875000000000007 74.750000000000014 0.371137484908104 18.375000000000004 75.875000000000014 73.625000000000014 -0.0590442307293415
decision_type=2 2 2 2 2 2 2 2 2 2 2 2 2 2
left_child=1 2 -1 -3 -5 -4 -7 11 -9 12 -11 -2 13 -10
right_child=7 3 5 4 -6 6 -8 8 9 10 -12 -13 -14 -15
leaf_value=-0.034169824465970326 -0.046498394121993927 -0.045636710865901188 0.032131833943902524 0.023429913410636022 -0.033322669170221135 -0.030218714527962796 0.014602990772047466 0.0072238905150253446 0.0051838449697600344 -0.029279390457615045 0.0015571370930122484 -0.005435945518566675 -0.00058399112308420175 -0.014389368697520789
leaf_weight=170.20647399127483 98.763695687055588 355.77471839264035 239.00963760912418 101.78482389450073 38.785495243966579 64.712930619716644 191.51409497484565 3580.9643799215555 10600.929432600737 445.54052540659904 340.79193294048309 918.09156735241413 54671.925336837769 968.01992273330688
leaf_count=687 202 2730 149 417 291 173 573 2092 2246 337 182 940 22871 400
internal_value=-3.68054e-05 -0.0117641 0.00343129 -0.0314801 0.00557088 0.0171791 0.00191445 0.000156647 0.000309292 -6.21692e-05 -0.0162079 -0.0102442 0.000134328 0.00352407
internal_weight=72786.8 1161.79 665.443 496.345 140.57 495.237 256.227 71625 70608.2 67027.2 786.332 1016.86 66240.9 11568.9
internal_count=34290 5020 1582 3438 708 895 746 29270 28128 26036 519 1142 25517 2646
is_linear=0
shrinkage=0.04


Tree=112
num_leaves=15
num_cat=0
split_feature=6 3 9 4 5 6 9 11 7 11 9 10 9 11
split_gain=99.0134 147.8 75.6271 66.6965 75.7353 84.9928 99.9678 121.563 229.459 159.302 258.483 175.269 430.488 435.456
threshold=0.0273585319519043 27.289062500000004 79.375000000000014 94.781250000000014 98.250000000000014 75.686786651611342 79.625000000000014 -0.99102616310119618 73.374080657958999 -0.92540621757507313 76.125000000000014 -0.53536762297153462 77.625000000000014 -0.88958057761192311
decision_type=2 2 2 2 2 2 2 2 2 2 2 2 2 2
left_child=1 -1 -3 4 5 6 7 8 -2 10 -9 -11 -13 -14
right_child=3 2 -4 -5 -6 -7 -8 9 -10 11 -12 12 13 -15
leaf_value=-0.055391862217901822 -0.0027882699610991264 -0.0040149540225916658 -0.041259856666663451 0.0043769622257234814 -0.006973432423249425 0.015070649831521293 -0.0052876761232105466 -0.00050296035911258819 -0.03553142008042267 0.00094015794602827542 0.0099179852954038271 -0.012450876808599987 0.025762078471449061 -0.022425661764396171
leaf_weight=88.388428460806608 6778.9212249219418 1270.7954755201936 74.273945584893227 5548.0420845150948 2506.6015005633235 580.11327838897705 5323.2573359757662 7868.313675776124 341.01081335544586 28939.731642547995 7357.3973412066698 4640.9021484553814 1052.0454868078232 399.18381169438362
leaf_count=1945 2686 3119 376 1128 883 61 2249 2835 100 13372 2277 2740 252 267
internal_value=-3.71531e-05 -0.0103725 -0.00664597 0.000173381 -0.000182341 8.87774e-05 -5.45977e-05 0.00043258 -0.00445165 0.00112602 0.00453907 -0.000359124 -0.00651404 0.0123826
internal_weight=72769 1433.46 1345.07 71335.5 65787.5 63280.9 62700.8 57377.5 7119.93 50257.6 15225.7 35031.9 6092.13 1451.23
internal_count=34290 5440 3495 28850 27722 26839 26778 24529 2786 21743 5112 16631 3259 519
is_linear=0
shrinkage=0.04


Tree=113
num_leaves=15
num_cat=0
split_feature=7 9 3 10 11 11 10 4 10 10 9 10 4 8
split_gain=94.1437 126.381 125.095 113.923 95.6273 133.978 98.3052 199.863 184.58 182.116 116.477 87.1836 107.844 80.5534
threshold=0.74973106384277355 73.625000000000014 27.289062500000004 -0.99133047461509693 -0.99840793013572682 -0.99628248810768116 -0.6718577742576598 66.606769561767592 -0.73289573192596424 -0.83830440044403065 74.625000000000014 0.44945044815540319 56.848958969116218 20.875000000000004
decision_type=2 2 2 2 2 2 2 2 2 2 2 2 2 2
left_child=1 -1 -3 -4 -5 -6 8 11 9 10 -7 12 -8 -12
right_child=-2 2 3 4 5 6 7 -9 -10 -11 13 -13 -14 -15
leaf_value=-0.048809118826407566 0.00031240125585351266 -0.044744386081465283 -0.0304466085028233 -0.030385070725731489 0.019285496748636669 0.02515166348402385 -0.016383245034933318 -0.037260570871977747 0.024630718888125278 -0.050750861747648285 -0.016350752643834027 0.023203120844177083 0.0079444354507885919 0.017282876239518866
leaf_weight=87.446844816207886 68707.088864311576 101.55635015293956 215.59693828970194 157.28925362229347 463.69262418150902 211.17108100280166 708.899922542274 319.87591384351254 459.39834699034691 105.69874460995197 444.64003042131662 159.39578365534544 470.08187408745289 133.01822297275066
leaf_count=343 25697 1935 522 217 175 280 1567 573 291 239 1403 253 504 291
internal_value=-3.71631e-05 -0.00595762 -0.00476794 -0.00348723 -0.00172949 -0.000266364 -0.00338352 -0.00986129 0.00457836 -0.00603328 0.00106539 -0.0028606 -0.00671263 -0.00828671
internal_weight=72744.9 4037.76 3950.32 3848.76 3633.16 3475.87 3012.18 1658.25 1353.93 894.528 788.829 1338.38 1178.98 577.658
internal_count=34290 8593 8250 6315 5793 5576 5401 2897 2504 2213 1974 2324 2071 1694
is_linear=0
shrinkage=0.04


Tree=114
num_leaves=15
num_cat=0
split_feature=5 9 5 6 10 10 10 9 10 8 7 11 8 4
split_gain=89.3818 149.525 82.2945 109.774 173.498 176.408 198.36 208.634 232.572 212.434 175.138 162.868 206.335 168.095
threshold=62.375000000000007 75.875000000000014 74.750000000000014 2.2675931453704838 -0.98511216044425953 -0.6718577742576598 -0.73289573192596424 75.625000000000014 -0.83830440044403065 18.625000000000004 1.5651226043701174 -0.96687281131744374 19.875000000000004 74.317707061767592
decision_type=2 2 2 2 2 2 2 2 2 2 2 2 2 2
left_child=1 -1 -2 4 -4 6 7 8 9 -6 -9 -7 -13 -14
right_child=2 -3 3 -5 5 11 -8 10 -10 -11 -12 12 13 -15
leaf_value=-0.044945187360667188 0.0058726950414132173 -0.0050145630264553437 -0.017238655679145107 0.00054946433409836708 -0.0022989423324817357 0.00094907024549127042 0.017888555862561172 -0.03165904654224725 -0.018853630621471926 0.025485825102931649 -0.0031800825645942532 -0.022587173146804491 -0.01528127361654436 0.015309379332502503
leaf_weight=153.91276691481471 3790.3874200619757 1147.6318111754954 1329.0311639122665 56429.556759655476 773.31004383414984 2153.5671424865723 1136.6843572258949 475.61573042720556 427.62140639126301 993.02814414724708 1158.2462457567453 1648.9172263070941 567.76155544817448 542.43291252851486
leaf_count=671 3641 1868 1906 17108 866 1540 675 1282 481 576 894 1872 604 306
internal_value=-3.75113e-05 -0.0103452 0.000153162 -0.000169008 -0.00378145 -0.00193953 0.00337216 -0.0010091 0.00702578 0.013432 -0.0117529 -0.00729918 -0.0136977 -0.00032848
internal_weight=72727.7 1301.54 71426.2 67635.8 11206.2 9877.18 4964.51 3827.82 2193.96 1766.34 1633.86 4912.68 2759.11 1110.19
internal_count=34290 2539 31751 28110 11002 9096 4774 4099 1923 1442 2176 4322 2782 910
is_linear=0
shrinkage=0.04


Tree=115
num_leaves=15
num_cat=0
split_feature=6 3 10 11 4 10 8 10 2 11 3 6 8 11
split_gain=86.7698 136.416 71.6459 116.161 64.5905 116.9 124.719 68.4905 62.4244 57.9419 137.913 133.065 131.252 112.402
threshold=0.0273585319519043 27.289062500000004 -0.95468294620513905 0.19741141051054004 63.911458969116218 -0.134930245578289 18.625000000000004 0.44945044815540319 0.89583334326744091 -0.99102616310119618 64.546875000000014 0.21141171455383304 19.125000000000004 -0.92540621757507313
decision_type=2 2 2 2 2 2 2 2 2 2 2 2 2 2
left_child=1 -1 3 -3 5 -4 -7 -8 9 10 11 12 -2 -11
right_child=8 2 4 -5 -6 6 7 -9 -10 13 -12 -13 -14 -15
leaf_value=-0.053853492819248283 0.031124769614033918 -0.003398447273449266 0.020812786803731675 -0.060467227589269881 -0.024270671009753327 0.018510493951036752 -0.025763575210530076 0.013857175192899394 0.0054658215978032852 0.0029897738448937177 0.0066058475554311713 -0.0080319075687955883 -0.0087118544540156582 -0.00080163209388127335
leaf_weight=84.458857528865337 270.26208075881004 149.61038705706596 328.47618972510099 74.901799242943525 154.46835142374039 183.88493560254574 375.25827402621508 71.449536174535751 3358.9634237289429 17703.713471248746 1707.9441856145859 5490.5934034585953 230.40721955895424 42520.312984209508
leaf_count=1945 96 487 508 607 429 290 1023 151 401 5873 346 2479 163 19492
internal_value=-3.71297e-05 -0.00974973 -0.00621376 -0.0258264 -0.00187354 0.00215586 -0.0079036 -0.0191041 0.000159375 -0.000104573 -0.00336734 -0.00622294 0.0131616 0.000313528
internal_weight=72704.7 1422.51 1338.05 224.512 1113.54 959.069 630.593 446.708 71282.2 67923.2 7699.21 5991.26 500.669 60224
internal_count=34290 5440 3495 1094 2401 1972 1464 1174 28850 28449 3084 2738 259 25365
is_linear=0
shrinkage=0.04


Tree=116
num_leaves=15
num_cat=0
split_feature=3 11 11 8 4 10 10 3 4 11 2 8 11 10
split_gain=83.5958 203.099 207.403 157.088 72.7676 68.2877 71.6853 64.2494 61.2066 70.1482 105.256 63.2894 159.305 295.024
threshold=36.942708969116218 -0.0590442307293415 -0.88958057761192311 20.875000000000004 58.744791030883796 -0.88189578056335438 -0.60585239529609669 31.492187500000004 92.614582061767592 -0.9852197766304015 0.60416665673255932 19.625000000000004 -0.88958057761192311 -0.53536762297153462
decision_type=2 2 2 2 2 2 2 2 2 2 2 2 2 2
left_child=1 2 -1 -3 -5 -4 -7 -8 11 -10 -11 -2 -13 -14
right_child=8 3 5 4 -6 6 7 -9 9 10 -12 12 13 -15
leaf_value=-0.032328465254391904 0.00079132857658746245 -0.043665827726675141 0.031445872410099315 0.026537112029995726 -0.025792698480178761 -0.029408442917712389 -0.018011175210779877 0.028044910537926362 -0.0074265664513083127 0.0018841932088942267 0.012429333341012878 0.0012582633469360113 -0.0032758970554773704 -0.026762855931073054
leaf_weight=167.18563407659531 34466.607790529728 343.80038418620825 237.07405035942793 84.664424162358046 52.229816447943449 63.779932275414467 54.306524332612753 135.16122385859489 921.43458795547485 7438.441646873951 1884.9678008556366 13527.593030527234 12413.557807475328 899.95137441158295
leaf_count=687 14755 2730 149 340 368 173 415 158 177 1817 224 5257 6345 695
internal_value=-3.66558e-05 -0.0106971 0.00381072 -0.0299008 0.0058287 0.0169172 0.00201025 0.0143847 0.000135863 0.00299459 0.00403821 -0.000342666 -0.00179833 -0.0049013
internal_weight=72690.8 1138.2 657.507 480.695 136.894 490.322 253.248 189.468 71552.6 10244.8 9323.41 61307.7 26841.1 13313.5
internal_count=34290 5020 1582 3438 708 895 746 573 29270 2218 2041 27052 12297 7040
is_linear=0
shrinkage=0.04


Tree=117
num_leaves=15
num_cat=0
split_feature=6 9 8 11 10 10 3 9 10 9 10 11 4 4
split_gain=81.3351 151.925 101.818 91.2152 107.934 317.084 176.428 146.849 142.836 393.387 236.422 122.193 189.15 138.791
threshold=1.0864555835723879 78.875000000000014 20.125000000000004 -0.0590442307293415 -0.6718577742576598 -0.21947178244590757 44.609375000000007 73.625000000000014 -0.73289573192596424 75.625000000000014 -0.83830440044403065 -0.99840793013572682 67.484375000000014 50.838541030883796
decision_type=2 2 2 2 2 2 2 2 2 2 2 2 2 2
left_child=1 3 -3 4 8 6 -6 -7 9 10 -1 12 -9 -13
right_child=-2 2 -4 -5 5 7 -8 11 -10 -11 -12 13 -14 -15
leaf_value=0.017000528632763495 0.00047614410558683291 -0.048882422705490182 -0.012158027322070299 -0.013947250399104841 -0.0023758973174860041 -0.042560534549369769 -0.036785087552243988 -0.043829105245568364 0.01864576503884258 -0.025227372276151478 -0.024311184906187045 -0.0068643875579215783 0.009310948152681589 0.011177537000785749
leaf_weight=1369.7941145226359 63393.781466975808 150.80875564366579 487.44430828467011 910.28917820379138 380.7443516254425 99.498557567596436 631.14092439413071 196.35630929470062 863.27362504601479 685.9285796135664 245.51138581335545 998.99187714979053 200.94061344861984 2059.7425634115934
leaf_count=902 21398 495 1003 3506 461 167 872 267 525 974 332 1867 147 1374
internal_value=-3.61959e-05 -0.00352943 -0.022057 -0.00211335 -0.000687738 -0.00461354 -0.0241349 0.00104605 0.00497186 -0.000274158 0.010501 0.00253913 -0.0177944 0.00527868
internal_weight=72674.2 9280.47 638.253 8642.21 7731.92 4567.42 1011.89 3555.53 3164.51 2301.23 1615.31 3456.03 397.297 3058.73
internal_count=34290 12892 1498 11394 7888 5155 1333 3822 2733 2208 1234 3655 414 3241
is_linear=0
shrinkage=0.04


Tree=118
num_leaves=15
num_cat=0
split_feature=7 10 3 11 11 8 10 10 3 10 10 10 11 8
split_gain=76.9141 136.243 115.183 108.834 150.484 139.133 113.43 209.009 167.319 127.851 220.107 156.256 114.019 112.204
threshold=1.3780117034912112 -0.99617367982864369 27.289062500000004 -0.99840793013572682 -0.99628248810768116 18.125000000000004 -0.6718577742576598 -0.21947178244590757 44.609375000000007 -0.73289573192596424 -0.83830440044403065 -0.88189578056335438 -0.22889263182878491 18.625000000000004
decision_type=2 2 2 2 2 2 2 2 2 2 2 2 2 2
left_child=1 -1 -3 5 -5 -4 9 8 -8 10 11 12 -6 -11
right_child=-2 2 3 4 6 -7 7 -9 -10 13 -12 -13 -14 -15
leaf_value=-0.031691288400071391 0.00036755367483762519 -0.04408009106186804 0.01459956146100322 0.018122109071967121 -0.030166665605249502 -0.042873113706105449 -0.0018016431915509935 -0.0017355169222993342 -0.040336665065345619 -0.012283802087975526 -0.041936481952861093 0.022683634666921502 0.00074433549735339712 0.024887013950934973
leaf_weight=256.63029674440622 66260.192893825471 87.216832909733057 85.819825381040573 571.36005795001984 217.08242915570736 196.90056625008583 286.1670623421669 1915.6524309180677 476.33658075332642 153.35349172353745 184.38964207470417 414.16514506936073 976.11952191591263 569.33918088674545
leaf_count=806 23616 1752 58 218 310 287 364 2807 747 153 352 279 2226 315
internal_value=-3.71058e-05 -0.00422087 -0.0029723 -0.002236 -0.00100465 -0.0256153 -0.00317069 -0.00886958 -0.0262902 0.00292133 -0.00283343 0.00211256 -0.00528398 0.0168811
internal_weight=72650.7 6390.53 6133.9 6046.69 5763.97 282.72 5192.61 2678.16 762.504 2514.45 1791.76 1607.37 1193.2 722.693
internal_count=34290 10674 9868 8116 7771 345 7553 3918 1111 3635 3167 2815 2536 468
is_linear=0
shrinkage=0.04


Tree=119
num_leaves=15
num_cat=0
split_feature=5 9 5 11 4 11 9 11 10 6 6 9 4 9
split_gain=74.373 142.446 76.9804 97.5697 96.7065 198.47 169.373 149.816 123.252 169.713 119.309 103.032 96.3727 96.0162
threshold=62.375000000000007 75.875000000000014 74.750000000000014 -0.99840793013572682 72.244792938232436 0.28081613034009939 75.875000000000014 0.19741141051054004 -0.99617367982864369 2.2675931453704838 12.458324432373049 74.125000000000014 76.755207061767592 73.625000000000014
decision_type=2 2 2 2 2 2 2 2 2 2 2 2 2 2
left_child=1 -1 3 -2 -4 7 11 8 9 -6 -9 -7 -11 -10
right_child=2 -3 4 -5 5 6 -8 10 13 12 -12 -13 -14 -15
leaf_value=-0.043571631924885355 -0.029127829390478168 -0.004298377460688064 -0.0039065691918708676 0.0068307217508624127 -0.03508802258158443 -0.026509533376559008 -0.052891341426261715 0.025253641966889683 0.0042222440557361553 -0.021441473550023921 -0.0016792465828513743 0.015622260658801795 -0.0010244292179949462 -1.9934186638684697e-05
leaf_weight=150.76264316216111 105.34850633144379 1143.7161147072911 9524.1607699766755 3670.1394856907427 297.1698999889195 168.25336762145162 180.83732508122921 680.45065279304981 10652.499730244279 417.7034991979599 417.74892163276672 164.76987239718437 2403.091394752264 42654.964361816645
leaf_count=671 120 1868 7503 3521 493 173 310 255 2289 198 107 64 853 15865
internal_value=-3.7575e-05 -0.00946573 0.000136113 0.00567916 -0.000175234 0.000438227 -0.0238387 0.000663304 0.000375851 -0.00732837 0.0151617 -0.00595991 -0.00417746 0.000829051
internal_weight=72631.6 1294.48 71337.1 3775.49 67561.6 58037.5 513.861 57523.6 56425.4 3117.96 1098.2 333.023 2820.79 53307.5
internal_count=34290 2539 31751 3641 28110 20607 547 20060 19698 1544 362 237 1051 18154
is_linear=0
shrinkage=0.04


Tree=120
num_leaves=15
num_cat=0
split_feature=3 11 10 4 8 9 9 8 11 11 10 5 5 11
split_gain=71.7687 174.663 102.05 129.516 257.571 238.553 134.874 84.6066 75.8346 71.7317 69.6504 64.4745 88.1064 201.143
threshold=40.807291030883796 0.36214463412761694 0.44945044815540319 66.606769561767592 20.625000000000004 76.125000000000014 74.625000000000014 17.625000000000004 1.0000000180025095e-35 0.28081613034009939 -0.90882229804992665 58.375000000000007 79.250000000000014 -0.99840793013572682
decision_type=2 2 2 2 2 2 2 2 2 2 2 2 2 2
left_child=1 2 3 4 7 6 8 -1 10 -6 -5 -2 13 -13
right_child=11 -3 -4 5 9 -7 -8 -9 -10 -11 -12 12 -14 -15
leaf_value=-0.0027931818682922892 -0.012886176011660434 -0.062085463153205421 0.017439427372529119 0.020977878852326767 -0.0049935594718233476 -0.048924326120104882 0.02997223103724822 -0.046347148954258607 -0.026482451575764725 0.03705497252017588 -0.0075856559653619572 -0.025637236942155982 -0.00017599543891226265 0.0061385880223433368
leaf_weight=90.465804435312748 579.13830842077732 69.312942538410425 265.66906637325883 220.51558313518763 159.70573705434799 116.30286690965295 278.05419308319688 372.86297048255801 140.31539794430137 84.951439086347818 299.12374553084373 315.54031136631966 63107.843411579728 6514.9993854016066
leaf_count=234 597 1143 638 132 666 566 202 2046 310 134 314 312 23449 3547
internal_value=-3.80205e-05 -0.00729433 -0.00483362 -0.00834934 -0.021326 0.000599474 0.00763307 -0.0383106 -0.00238369 0.0113037 0.00486389 0.000179798 0.000291647 0.00460013
internal_weight=72614.8 2097.28 2027.97 1762.3 707.986 1054.31 938.009 463.329 659.955 244.657 519.639 70517.5 69938.4 6830.54
internal_count=34290 6385 5242 4604 3080 1524 958 2280 756 800 446 27905 27308 3859
is_linear=0
shrinkage=0.04


Tree=121
num_leaves=15
num_cat=0
split_feature=6 9 8 10 3 10 10 3 10 10 10 11 9 4
split_gain=69.0556 137.709 97.2557 76.529 78.1137 66.3608 284.011 156.754 151.565 209.51 198.269 184.362 140.328 119.993
threshold=1.0864555835723879 78.875000000000014 20.125000000000004 -0.99871450662612904 27.289062500000004 -0.6718577742576598 -0.21947178244590757 44.609375000000007 -0.73289573192596424 -0.83830440044403065 -0.88189578056335438 -0.22889263182878491 73.625000000000014 79.255207061767592
decision_type=2 2 2 2 2 2 2 2 2 2 2 2 2 2
left_child=1 3 -3 -1 -5 8 7 -7 9 10 11 -6 -8 -13
right_child=-2 2 -4 4 5 6 12 -9 -10 -11 -12 13 -14 -15
leaf_value=-0.027769289104260759 0.0004327845117025669 -0.047565838278106252 -0.011383356247349123 -0.034798205795238214 -0.028959484630749769 -0.002293588773451614 -0.041752202373794768 -0.034837011547727836 0.017541356444976709 -0.027898773395168889 0.02168168659180501 -0.0034746312262274393 0.0026431807314984891 0.023029527288713325
leaf_weight=159.47572946548462 63379.414082221687 146.89490743726492 484.36975261569023 90.370266810059547 351.87070399522781 380.34669904410839 97.818968869745731 620.86210432648659 859.20087131857872 390.72257852554321 645.14772512018681 1228.2732511311769 3432.5320662818849 330.17443345487118
leaf_count=266 21398 495 1003 1642 459 461 166 872 525 573 369 2363 3459 239
internal_value=-3.80156e-05 -0.00326896 -0.0210052 -0.00191929 -0.00136553 -0.000920714 -0.00418263 -0.0227612 0.00296522 -0.00137525 0.00286527 -0.00364817 0.0011848 0.00236122
internal_weight=72597.5 9218.06 631.265 8586.8 8427.32 8336.95 4531.56 1001.21 3805.39 2946.19 2555.47 1910.32 3530.35 1558.45
internal_count=34290 12892 1498 11394 11128 9486 4958 1333 4528 4003 3430 3061 3625 2602
is_linear=0
shrinkage=0.04


Tree=122
num_leaves=15
num_cat=0
split_feature=3 9 10 10 8 3 10 10 10 7 6 7 3 5
split_gain=66.5118 158.408 134.268 150.286 129.161 154.181 118.115 256.494 231.764 210.04 136.163 179.181 134.644 159.186
threshold=56.682291030883796 78.375000000000014 -0.83830440044403065 -0.99871450662612904 20.625000000000004 46.807291030883796 -0.96676719188690174 -0.99871450662612904 -0.95468294620513905 0.31285285949707037 4.1988372802734384 25.377130508422855 45.567708969116218 79.250000000000014
decision_type=2 2 2 2 2 2 2 2 2 2 2 2 2 2
left_child=1 4 3 -3 6 -6 7 10 -8 -9 -1 -12 -10 -14
right_child=-2 2 -4 -5 5 -7 8 9 12 -11 11 -13 13 -15
leaf_value=-0.035459043631961 0.0012031084696560005 0.010966526180700065 -0.0028453399536808831 -0.026617746841459712 0.0061157832974112281 -0.01517041673690357 -0.023228976184344489 -0.026153717248650662 -0.0078116435947249013 0.0099117011374575889 0.0059250422125700555 -0.02913719723228763 0.0081161435043050432 -0.00089126464749943483
leaf_weight=265.95907697081566 35362.26578477025 193.07645545899868 1663.7520775422454 992.51338038221002 755.45277644135058 1848.1535083651543 714.01079392433167 251.80591710843146 3352.5789658706635 5674.6399283893406 783.03963828086853 309.23836576938629 3852.7549894750118 16558.901090592146
leaf_count=304 9663 146 1510 1448 1440 1349 519 1136 5137 2409 240 112 1872 7005
internal_value=-3.87685e-05 -0.0012188 -0.010248 -0.0204167 -0.000464666 -0.00899455 0.000239748 0.00470383 -0.00109151 0.00829652 -0.0108652 -0.00434697 -0.000407402 0.000815188
internal_weight=72578.1 37215.9 2849.34 1185.59 34366.5 2603.61 31762.9 7284.68 24478.2 5926.45 1358.24 1092.28 23764.2 20411.7
internal_count=34290 24627 3104 1594 21523 2789 18734 4201 14533 3545 656 352 14014 8877
is_linear=0
shrinkage=0.04


Tree=123
num_leaves=15
num_cat=0
split_feature=3 11 11 8 5 9 10 10 3 4 11 10 10 10
split_gain=63.6211 167.729 178.742 140.026 66.4896 59.1063 57.8163 67.9062 58.7023 56.0273 71.2013 60.6419 266.975 325.383
threshold=36.942708969116218 -0.0590442307293415 -0.88958057761192311 20.875000000000004 74.250000000000014 74.625000000000014 -0.88189578056335438 -0.60585239529609669 31.492187500000004 95.072917938232436 -0.9852197766304015 -0.90882229804992665 -0.83830440044403065 -0.73289573192596424
decision_type=2 2 2 2 2 2 2 2 2 2 2 2 2 2
left_child=1 2 -1 5 -5 -3 -4 -8 -9 11 -11 -2 -13 -14
right_child=9 3 6 4 -6 -7 7 8 -10 10 -12 12 13 -15
leaf_value=-0.030162235741955871 -0.0023466155281974266 -0.019557121808848572 0.029435589781483362 0.02303438007198844 -0.03002701541174822 -0.056417807471703128 -0.028550206073786485 -0.01704275870280967 0.027285287379816919 -0.0095942552069151442 0.0058056727223638046 0.0079377406895892941 -0.012000400223489931 0.00039334212151224772
leaf_weight=163.57156066223979 15946.81213722378 161.05083623714745 233.50983341038227 97.593528382480145 36.274149771779776 169.31628914177418 63.135439932346344 53.311783391982317 134.16347150504589 519.39408624172211 4494.9928893446922 6648.8559813499451 3681.6659356355667 40152.741647571325
leaf_count=687 7494 695 149 417 291 2035 173 415 158 101 911 2107 2189 16468
internal_value=-3.86994e-05 -0.00944759 0.00375728 -0.0272651 0.00662224 -0.0405907 0.0159597 0.00215596 0.0142521 0.000110339 0.00417876 -0.000197925 0.00048147 -0.00065261
internal_weight=72556.4 1111.93 647.692 464.235 133.868 330.367 484.121 250.611 187.475 71444.5 5014.39 66430.1 50483.3 43834.4
internal_count=34290 5020 1582 3438 708 2730 895 746 573 29270 1012 28258 20764 18657
is_linear=0
shrinkage=0.04


Tree=124
num_leaves=15
num_cat=0
split_feature=5 9 5 10 8 6 11 7 9 3 8 10 10 10
split_gain=62.7957 133.303 66.854 91.095 115.291 88.271 86.5096 89.7068 88.878 80.8601 118.033 87.7532 77.0026 101.207
threshold=62.375000000000007 75.875000000000014 74.750000000000014 0.371137484908104 18.375000000000004 0.035190582275390632 -0.99840793013572682 5.6952953338623056 79.375000000000014 44.296875000000007 20.625000000000004 0.44945044815540319 0.20687882602214816 -0.30239063501358027
decision_type=2 2 2 2 2 2 2 2 2 2 2 2 2 2
left_child=1 -1 6 5 -5 -4 -2 8 9 10 11 -8 13 -7
right_child=2 -3 3 4 -6 12 7 -9 -10 -11 -12 -13 -14 -15
leaf_value=-0.042086694491539019 -0.027656306535355359 -0.0037625735750792424 -0.015209697473107695 -0.026030348056238474 0.0034566002709523137 0.00078426801374578009 -0.025989457346565388 -0.0073984079062178135 -0.017101087338912326 0.014045211147900765 0.022461334678302039 0.01989966847321456 0.0060957617704526477 -0.0028593286683180823
leaf_weight=147.33865278400481 104.02145525813103 1139.697949886322 585.19586445391178 463.30831100046635 370.68243055045605 46251.52518473193 280.99450794607401 613.42554787546396 175.91427347809076 2347.6960820406675 170.60622913949192 69.635529242455959 3276.2632165253162 16543.98501098156
leaf_count=671 120 1868 2034 375 247 19003 1420 292 206 1077 464 62 1069 5382
internal_value=-3.84537e-05 -0.00872675 0.000120886 -0.000169076 -0.0131503 -2.76273e-06 0.00529584 0.00637811 0.00918374 0.0109027 -0.00324756 -0.0162938 0.000136487 -0.000176272
internal_weight=72540.3 1287.04 71253.3 67491 833.991 66657 3762.29 3658.27 3044.85 2868.93 521.236 350.63 66071.8 62795.5
internal_count=34290 2539 31751 28110 622 27488 3641 3521 3229 3023 1946 1482 25454 24385
is_linear=0
shrinkage=0.04


Tree=125
num_leaves=15
num_cat=0
split_feature=3 9 11 8 8 10 4 10 10 10 0 3 8 10
split_gain=60.9707 144.562 148.156 111.956 110.741 196.131 127.098 120.283 241.758 213.855 182.932 130.31 133.15 135.046
threshold=56.682291030883796 78.875000000000014 1.0000000180025095e-35 20.125000000000004 20.375000000000004 0.12214757129549982 81.067707061767592 -0.96676719188690174 -0.99871450662612904 -0.95468294620513905 1.0000000180025095e-35 45.567708969116218 19.875000000000004 -0.92569038271903981
decision_type=2 2 2 2 2 2 2 2 2 2 2 2 2 2
left_child=1 4 3 -3 7 6 -6 8 -1 -9 -10 12 13 -11
right_child=-2 2 -4 -5 5 -7 -8 9 10 11 -12 -13 -14 -15
leaf_value=-0.010461995794330967 0.0011507445492419865 -0.021316197519422736 -0.034358961450480056 -0.00010831747976594015 -0.018344506900800025 0.0057809206390775714 0.00099461385254965553 -0.022524902865148581 -0.025386939639273326 0.0097605624257969988 0.0098435806395251492 0.00079517399154410728 0.013841556915882253 -0.014441939910047915
leaf_weight=1325.0209762752056 35356.37269410491 546.44082821905613 344.98794807866216 1342.0973746739328 1930.6473114211112 1320.6261825673282 751.11980355530977 701.89426681399345 227.47227668203413 419.89927973411977 5547.8202288560569 19905.644240289927 381.36649537086487 2426.2471691314131
leaf_count=632 9663 543 828 1097 2598 1070 372 514 1055 541 2355 8617 596 3809
internal_value=-3.80779e-05 -0.00116887 -0.0109883 -0.0064038 -0.000535192 -0.00677871 -0.0129607 0.000276447 0.00483871 -0.00108554 0.00837313 -0.000416142 -0.0078458 -0.0108281
internal_weight=72527.7 37171.3 2233.53 1888.54 34937.8 4002.39 2681.77 30935.4 7100.31 23835.1 5775.29 23133.2 3227.51 2846.15
internal_count=34290 24627 2468 1640 22159 4040 2970 18119 4042 14077 3410 13563 4946 4350
is_linear=0
shrinkage=0.04


Tree=126
num_leaves=15
num_cat=0
split_feature=4 9 5 5 4 11 9 11 6 10 10 10 9 8
split_gain=57.9238 120.387 70.58 67.3827 82.5917 178.371 155.534 130.871 113.211 102.153 197.366 264.907 336.224 233.691
threshold=45.963541030883796 75.875000000000014 67.750000000000014 74.750000000000014 72.244792938232436 0.28081613034009939 75.875000000000014 0.19741141051054004 12.458324432373049 -0.90882229804992665 -0.83830440044403065 -0.73289573192596424 73.875000000000014 17.375000000000004
decision_type=2 2 2 2 2 2 2 2 2 2 2 2 2 2
left_child=1 2 -1 -2 -5 7 -7 9 -9 -6 13 12 -12 -11
right_child=3 -3 -4 4 5 6 -8 8 -10 10 11 -13 -14 -15
leaf_value=-0.047008342291584439 0.0054117603280389856 -0.0032317770107324305 0.011507838610438159 -0.0036196262122514394 -0.0025456178612353374 -0.0057186572096957844 -0.051161288926329415 0.02411545473813698 -0.0021504073450937205 -0.017723753085861757 0.0093510421611469798 0.0013830615511280827 -0.017819248841716224 0.010702089299912294
leaf_weight=150.73644019477069 3635.6864182800055 1227.9475250989199 32.378680247813463 9487.5498684942722 14494.900060795248 330.90737172402442 175.01900676451623 673.74298572540283 417.51717150211334 489.2899164557457 1004.4514849483967 32599.969514980912 2537.6873661726713 5249.7045269459486
leaf_count=721 3495 1924 59 7484 6334 237 310 255 107 220 299 9804 1556 1485
internal_value=-3.77997e-05 -0.00800549 -0.0365471 0.000122543 -0.00016403 0.000402546 -0.0227867 0.000614555 0.0142083 0.000346478 0.00134816 0.000252171 -0.0101053 0.00822545
internal_weight=72507.5 1411.06 183.115 71096.4 67460.7 57973.2 505.926 57467.3 1091.26 56376 41881.1 36142.1 3542.14 5738.99
internal_count=34290 2704 780 31586 28091 20607 547 20060 362 19698 13364 11659 1855 1705
is_linear=0
shrinkage=0.04


Tree=127
num_leaves=15
num_cat=0
split_feature=4 9 7 5 6 11 7 11 11 4 11 10 9 8
split_gain=57.0361 57.9577 234.608 120.207 114.264 100.781 159.307 117.333 263.271 152.989 267.36 193.833 312.693 201.62
threshold=92.177082061767592 79.375000000000014 96.362972259521499 98.250000000000014 1.4466226100921633 -0.99102616310119618 56.65168762207032 -0.96687281131744374 -0.95438989996910084 74.317707061767592 -0.90892156958580006 -0.6718577742576598 77.125000000000014 20.125000000000004
decision_type=2 2 2 2 2 2 2 2 2 2 2 2 2 2
left_child=1 3 4 5 -3 6 -1 -7 -9 11 -11 13 -13 -10
right_child=-2 2 -4 -5 -6 7 -8 8 9 10 -12 12 -14 -15
leaf_value=-0.0024620064976666914 0.0025689362590102889 -0.02451129570216954 0.03541744647389436 -0.015104207933334628 -0.003936169294389699 0.005929776204541091 -0.02387306478656806 -0.013514562397813075 0.0052890882202725744 0.011968713053217022 0.00073424868286911711 -0.016424292987144064 0.005518919869803616 -0.016057038813920951
leaf_weight=6301.4133551418781 11315.048174202442 446.53302082046866 213.33267068862915 819.73558665812016 6052.293281018734 6199.3739981800318 590.62048399448395 2153.3737055659294 4366.1082137469202 3912.0553355515003 24578.186967825517 3189.9937940910459 1524.2601061202586 824.45247506909072
leaf_count=2704 2487 1109 19 396 2346 2780 151 921 4229 902 10172 3138 1126 1810
internal_value=-3.73499e-05 -0.000520121 -0.00402142 -8.72672e-05 -0.00542075 0.000147769 -0.00436062 0.000814022 2.93457e-05 0.000795592 0.00228419 -0.00348219 -0.00933605 0.00184992
internal_weight=72486.8 61171.7 6712.16 54459.6 6498.83 53639.8 6892.03 46747.8 40548.4 38395.1 28490.2 9904.81 4714.25 5190.56
internal_count=34290 31803 3474 28329 3455 27933 2855 25078 22298 21377 11074 10303 4264 6039
is_linear=0
shrinkage=0.04


Tree=128
num_leaves=15
num_cat=0
split_feature=2 5 9 5 11 7 9 10 10 4 9 4 4 10
split_gain=53.8143 49.0204 119.438 67.6322 80.7794 82.7532 79.0507 73.9834 264.521 231.136 236.624 204.425 137.014 132.243
threshold=0.89583334326744091 62.375000000000007 75.875000000000014 74.750000000000014 -0.99840793013572682 5.6952953338623056 79.375000000000014 -0.30239063501358027 -0.38307376205921168 80.921875000000014 78.625000000000014 78.807292938232436 85.401042938232436 -0.21947178244590757
decision_type=2 2 2 2 2 2 2 2 2 2 2 2 2 2
left_child=1 2 -1 4 -3 6 -6 8 -5 11 12 -10 -11 -9
right_child=-2 3 -4 7 5 -7 -8 13 9 10 -12 -13 -14 -15
leaf_value=-0.040022868659906903 0.0048959049377235503 -0.026850430744731674 -0.0033228938031576978 -0.00066337206923579165 0.010443288513903892 -0.0071155427086813114 -0.016044486060317796 -0.010596904683998822 -0.047525392027123754 -0.0011203413425955613 -0.0064746779774090824 0.0050702532420451906 0.019312893579977654 -0.0011415229408126819
leaf_weight=142.88153281994164 3354.5353031158447 103.36866000294685 1138.9512481912971 40554.86753708683 2860.7457041069865 612.68107876926661 174.81989586725831 2772.2418570518494 188.06908050179482 625.8908457159996 925.25436449050903 265.95248264074326 3172.1081684827805 15571.341378957033
leaf_count=671 401 120 1868 19520 3023 292 206 1118 167 188 196 78 498 5944
internal_value=-3.64397e-05 -0.000277201 -0.00796574 -0.000129594 0.00507589 0.00612194 0.00882281 -0.000435863 0.000425118 0.00892127 0.0115543 -0.0178024 0.0159574 -0.00258049
internal_weight=72463.7 69109.2 1281.83 67827.3 3751.62 3648.25 3035.57 64075.7 45732.1 5177.27 4723.25 454.022 3798 18343.6
internal_count=34290 33889 2539 31350 3641 3521 3229 27709 20647 1127 882 245 686 7062
is_linear=0
shrinkage=0.04


Tree=129
num_leaves=15
num_cat=0
split_feature=7 10 3 11 8 11 10 10 3 8 10 10 9 11
split_gain=51.461 109.349 98.8442 93.4015 127.92 120.185 98.9261 175.132 155.469 112.018 119.296 184.058 142.917 168.194
threshold=1.3780117034912112 -0.99617367982864369 27.289062500000004 -0.99840793013572682 18.125000000000004 -0.99628248810768116 -0.6718577742576598 -0.21947178244590757 44.609375000000007 18.625000000000004 -0.73289573192596424 -0.83830440044403065 75.625000000000014 -0.14450262114405629
decision_type=2 2 2 2 2 2 2 2 2 2 2 2 2 2
left_child=1 -1 -3 4 -4 -5 9 8 -8 -7 11 12 -11 -14
right_child=-2 2 3 5 -6 6 7 -9 -10 10 -12 -13 13 -15
leaf_value=-0.028422429086295962 0.00029326481774519556 -0.041522683668765499 0.01473253450925124 0.016583564303852136 -0.04055407614651977 -0.0084610350613510549 -0.00050216103556713799 -0.00132015414731528 -0.037739428424932955 0.022454697406962234 0.023840660196653402 -0.048663680670597599 -0.036237245839453258 0.0092756023888661485
leaf_weight=249.48024830967188 66138.468461126089 81.459675313904881 85.639780163764954 567.80749988555908 190.77918879687786 846.05944262817502 285.69938595592976 1902.5856071151793 464.61623597145081 459.05080323293805 564.38300067186356 86.586968615651131 185.19446536898613 338.12150625884533
leaf_count=806 23616 1752 58 218 287 1272 364 2807 747 467 315 201 351 1029
internal_value=-3.63507e-05 -0.00348262 -0.0023654 -0.00169498 -0.0235869 -0.000554599 -0.00250768 -0.00784943 -0.0239417 0.00322496 0.00930737 0.00133719 0.00662737 -0.00757182
internal_weight=72445.9 6307.46 6057.98 5976.52 276.419 5700.1 5132.3 2652.9 750.316 2479.4 1633.34 1068.95 982.367 523.316
internal_count=34290 10674 9868 8116 345 7771 7553 3918 1111 3635 2363 2048 1847 1380
is_linear=0
shrinkage=0.04


Tree=130
num_leaves=15
num_cat=0
split_feature=4 11 10 10 10 3 8 10 8 10 9 3 0 9
split_gain=51.0057 65.3223 60.8445 211.836 289.629 268.568 227.401 207.551 162.206 204.858 336.157 149.403 146.013 142.667
threshold=95.072917938232436 -0.9852197766304015 -0.90882229804992665 -0.83830440044403065 -0.78851500153541554 50.651041030883796 18.875000000000004 -0.96676719188690174 20.875000000000004 -0.95468294620513905 74.625000000000014 55.463541030883796 1.0000000180025095e-35 74.875000000000014
decision_type=2 2 2 2 2 2 2 2 2 2 2 2 2 2
left_child=2 -2 7 5 6 13 11 12 9 10 -9 -5 -1 -4
right_child=1 -3 3 4 -6 -7 -8 8 -10 -11 -12 -13 -14 -15
leaf_value=-0.022228334939634085 -0.0093447214379322636 0.0054068030415179921 -0.0014601944064136971 -0.013412994801392944 -3.8654438183122348e-05 0.010259487061302254 -0.033533081344665386 -0.0015944790127170514 0.0056054448409636679 -0.0061685155185145085 -0.041254201547039154 0.024839521023164994 0.0015088088148209442 -0.033782703322667487
leaf_weight=410.9152239728719 519.18866109848022 4493.4613483548164 647.26740905642509 540.16169863939285 42635.030364219099 5732.9902759790421 728.35839365422726 585.72456151247025 978.39719897694886 2872.2368321772665 807.26260314881802 210.7659307718277 10955.604418870062 311.31803478300571
leaf_count=1915 101 912 394 380 18793 1518 718 232 674 2771 602 37 4887 356
internal_value=-3.67317e-05 0.00384784 -0.00032662 0.000360656 -0.00064632 0.00698131 -0.0179259 -0.00242672 -0.00899347 -0.0123528 -0.0248367 -0.00231063 0.000613143 -0.0124334
internal_weight=72428.7 5012.65 67416 50805.9 44114.3 6691.58 1479.29 16610.1 5243.62 4265.22 1392.99 750.928 11366.5 958.585
internal_count=34290 1013 33277 22196 19928 2268 1135 11081 4279 3605 834 417 6802 750
is_linear=0
shrinkage=0.04


Tree=131
num_leaves=15
num_cat=0
split_feature=2 4 9 5 5 3 11 8 10 9 10 8 6 11
split_gain=49.1753 45.6131 109.284 66.2924 66.0488 71.5525 99.1651 152.869 154.989 121.316 71.3045 111.73 65.8008 74.4926
threshold=0.89583334326744091 45.963541030883796 75.875000000000014 67.750000000000014 74.750000000000014 54.328125000000007 -0.97631725668907154 18.875000000000004 -0.99133047461509693 76.125000000000014 0.371137484908104 18.375000000000004 0.035190582275390632 1.0000000180025095e-35
decision_type=2 2 2 2 2 2 2 2 2 2 2 2 2 2
left_child=1 2 3 -1 5 6 -3 8 -8 -10 12 -12 13 -6
right_child=-2 4 -4 -5 10 -7 7 -9 9 -11 11 -13 -14 -15
leaf_value=-0.045301157925813663 0.0046788188442640497 0.017703780730019835 -0.0028454290205377577 0.011449082039818582 -0.0054198971408900799 -0.0062588396605667207 0.023813782543549919 0.0092922078899263811 -0.043168485258420708 0.00084574648959146544 -0.024663999506581633 0.0045450967009621071 -0.00013532453086539953 -0.039068544790715774
leaf_weight=146.12874446436763 3353.6330368518829 1032.4429613500834 1227.278519269079 32.347808212041855 460.57206423580647 698.03743544220924 107.57271034456789 1380.5498229023069 250.44113700091839 157.9636310711503 459.51764485239983 362.64176636189222 62614.910283032805 119.89996945112944
leaf_count=721 401 583 1924 59 780 383 77 1675 607 170 375 228 25053 1254
internal_value=-3.67098e-05 -0.000267022 -0.00734736 -0.0348983 -0.000117754 0.00511825 0.00785372 0.00236269 -0.0158328 -0.0268998 -0.000415913 -0.0119783 -0.000261746 -0.01344
internal_weight=72403.9 69050.3 1405.76 178.477 67644.5 3627.01 2928.97 1896.53 515.977 408.405 64017.5 822.159 63195.4 580.472
internal_count=34290 33889 2704 780 31185 3495 3112 2529 854 777 27690 603 27087 2034
is_linear=0
shrinkage=0.04


Tree=132
num_leaves=15
num_cat=0
split_feature=3 7 11 8 9 11 7 10 8 4 4 0 10 9
split_gain=48.0785 131.63 124.194 155.938 155.629 108.505 136.456 145.749 146.346 120.636 113.238 93.3293 91.764 154.994
threshold=62.359375000000007 7.9423427581787118 -0.88958057761192311 20.625000000000004 79.375000000000014 -0.99102616310119618 73.374080657958999 1.0000000180025095e-35 19.625000000000004 66.828125000000014 65.911457061767592 1.9393444061279299 -0.60585239529609669 75.375000000000014
decision_type=2 2 2 2 2 2 2 2 2 2 2 2 2 2
left_child=5 -2 3 -3 -5 6 7 9 10 -1 -9 -12 -4 -14
right_child=1 2 12 4 -6 -7 -8 8 -10 -11 11 -13 13 -15
leaf_value=-0.025598649182345567 0.014621997599778464 0.0063755299401206294 -0.0024469866461645623 -0.01158836492691688 0.008563570344415624 4.0569885732319619e-06 -0.033363824094377596 0.027195495244484981 -0.010033668118305248 -0.0059919241450758654 -0.014651886823820973 0.011195202155798596 0.0019916353058821927 -0.0387677813684092
leaf_weight=617.92992933094501 1187.1417111754417 7261.0687198638916 3769.2439329624176 1804.4670766592026 906.14780700206757 51280.365470027551 254.75611424446106 444.27535599470139 827.50386881828308 2458.2640209496021 304.57687145471573 701.07439810037613 282.03122103214264 292.72726023197174
leaf_count=662 277 1148 983 507 187 28280 75 126 404 1032 197 208 52 152
internal_value=-3.63667e-05 0.00193686 0.000866005 0.00332369 -0.00483827 -0.000574586 -0.00584664 -0.00441791 0.0032382 -0.0100703 0.0108462 0.00323396 -0.00476499 -0.0193729
internal_weight=72391.6 15502.8 14315.7 9971.68 2710.61 56888.7 5608.38 5353.62 2277.43 3076.19 1449.93 1005.65 4344 574.758
internal_count=34290 3306 3029 1842 694 30984 2704 2629 935 1694 531 405 1187 204
is_linear=0
shrinkage=0.04


Tree=133
num_leaves=15
num_cat=0
split_feature=4 5 9 7 11 10 11 7 11 11 11 4 9 5
split_gain=46.3909 60.7187 68.5629 220.395 124.688 205.738 95.0824 154.096 93.5697 240.46 141.296 304.616 162.163 151.834
threshold=92.614582061767592 98.250000000000014 79.375000000000014 96.362972259521499 -0.31159031391143793 -0.99871450662612904 -0.99102616310119618 56.65168762207032 -0.96687281131744374 -0.95438989996910084 -0.92540621757507313 85.255207061767592 78.125000000000014 94.250000000000014
decision_type=2 2 2 2 2 2 2 2 2 2 2 2 2 2
left_child=1 2 6 4 -4 -6 7 -1 -8 -10 11 12 -11 -13
right_child=-2 -3 3 -5 5 -7 8 -9 9 10 -12 13 -14 -15
leaf_value=-0.0022516398626262289 0.0024568764532342893 -0.0083489204936347903 -0.0030782744751857989 0.034172352991332283 0.012415487421790048 -0.028828737349851301 0.0053835498871390598 -0.022842830002074072 -0.012748226593710769 -0.0060320468790071979 -0.00011210200967781953 0.024320216723745888 0.01747318846833848 0.0039300793765569544
leaf_weight=6354.8831085711718 10234.627677619457 1497.8985229283571 5087.1254962235689 211.16274118423462 246.56513072550297 741.62376542575657 6296.9653721377254 620.84243512153625 2168.1201020181179 2529.1516628414392 33297.161022083834 1607.0873662233353 555.82774898409843 925.59861707687378
leaf_count=2715 2221 611 2320 19 120 877 2802 158 926 1239 19681 261 152 188
internal_value=-3.57687e-05 -0.000446973 -0.000249101 -0.00419709 -0.00563847 -0.0184957 0.000208878 -0.00414433 0.000851277 0.000154314 0.000879352 0.00673547 -0.00171178 0.0169576
internal_weight=72374.6 62140 60642.1 6286.48 6075.31 988.189 54355.6 6975.73 47379.9 41082.9 38914.8 5617.67 3084.98 2532.69
internal_count=34290 32069 31458 3336 3317 997 28122 2873 25249 22447 21521 1840 1391 449
is_linear=0
shrinkage=0.04


Tree=134
num_leaves=15
num_cat=0
split_feature=3 9 10 10 8 3 4 10 9 10 10 10 7 6
split_gain=45.3721 120.02 123.026 135.009 108.604 142.929 100.141 157.724 103.05 99.8204 216.357 189.322 167.235 125.914
threshold=56.682291030883796 78.375000000000014 -0.83830440044403065 -0.99871450662612904 20.625000000000004 46.807291030883796 81.067707061767592 -0.60585239529609669 75.875000000000014 -0.96676719188690174 -0.99871450662612904 -0.95468294620513905 0.31285285949707037 4.1988372802734384
decision_type=2 2 2 2 2 2 2 2 2 2 2 2 2 2
left_child=1 4 3 -3 9 -6 7 -7 -8 10 13 -11 -12 -1
right_child=-2 2 -4 -5 5 6 8 -9 -10 11 12 -13 -14 -15
leaf_value=-0.033736081662810537 0.00099195850329548323 0.011024264206394872 -0.0018368488854652431 -0.024664356664204135 0.0063871775062464024 -0.036556621595091515 0.020473452720052784 -0.0086670044541050147 -0.016119080773464942 -0.021063366654105083 -0.023397810287670847 -0.0003179659730142502 0.0091347016518947416 -0.003686730283452021
leaf_weight=262.62302923202515 35294.487979650497 192.22760321199894 1659.4121289476752 977.90119777992368 749.93461082875729 516.24622488021851 224.12760877609253 865.83951736986637 228.70757731795311 705.43222373723984 245.82227548025548 23680.975359581411 5660.6700359769166 1089.9404318332672
leaf_count=304 9663 146 1510 1448 1440 553 87 579 130 519 1136 14014 2409 352
internal_value=-3.41627e-05 -0.00101141 -0.00889889 -0.0187147 -0.000354602 -0.00820545 -0.014174 -0.0194574 0.00209206 0.000291446 0.00440235 -0.000934843 0.00770634 -0.00992788
internal_weight=72354.3 37059.9 2829.54 1170.13 34230.3 2584.86 1834.92 1382.09 452.835 31645.5 7259.06 24386.4 5906.49 1352.56
internal_count=34290 24627 3104 1594 21523 2789 1349 1132 217 18734 4201 14533 3545 656
is_linear=0
shrinkage=0.04


Tree=135
num_leaves=15
num_cat=0
split_feature=2 3 11 11 8 4 9 3 10 10 3 9 9 5
split_gain=44.0886 41.3676 151.209 168.377 131.476 59.0213 56.9091 50.1113 48.6823 64.8048 53.516 46.7984 45.1235 44.5808
threshold=0.89583334326744091 36.942708969116218 -0.0590442307293415 -0.88958057761192311 20.875000000000004 58.744791030883796 74.625000000000014 32.523437500000007 -0.88189578056335438 -0.60585239529609669 31.492187500000004 74.125000000000014 77.875000000000014 79.250000000000014
decision_type=2 2 2 2 2 2 2 2 2 2 2 2 2 2
left_child=1 2 3 -1 6 12 7 -4 -5 -10 11 -11 -6 -3
right_child=-2 13 4 8 5 -7 -8 -9 9 10 -12 -13 -14 -15
leaf_value=-0.0286290475032293 0.0044326163464744675 0.0027392808670795858 -0.002802845167010229 0.028825831529589414 -0.010305373091554637 -0.021767514746918511 -0.054400724581983598 -0.04822447956880576 -0.02688111130917015 0.022025187298425852 0.027572909194158082 -0.037018308162430069 0.043269166210801763 -0.00049335479286408883
leaf_weight=160.85797451063991 3350.7732129096985 7678.1885672807693 120.91867188736796 232.41351725161076 28.385264776647091 49.308728832751513 159.41241810657084 39.23553954064846 61.729403302073479 19.180114313960075 133.77749699354172 32.948995776474476 53.614857900887728 60215.610895961523
leaf_count=687 401 5104 547 149 242 368 2035 148 173 26 158 389 98 23765
internal_value=-3.42507e-05 -0.000252438 -0.00790584 0.00460612 -0.0251315 0.00778505 -0.0383187 -0.0180488 0.0164424 0.00353459 0.015264 -0.0152107 0.0263394 -0.000127073
internal_weight=72336.4 68985.6 1091.78 640.908 450.875 131.309 319.567 160.154 480.05 247.636 185.907 52.1291 82.0001 67893.8
internal_count=34290 33889 5020 1582 3438 708 2730 695 895 746 573 415 340 28869
is_linear=0
shrinkage=0.04


Tree=136
num_leaves=15
num_cat=0
split_feature=4 9 11 5 10 8 9 7 6 4 10 9 4 10
split_gain=44.4757 106.343 78.2131 70.9095 85.43 97.0972 77.8615 81.6408 96.607 70.9206 67.5153 134.519 90.4093 69.2583
threshold=48.263021469116218 75.875000000000014 -0.88958057761192311 73.750000000000014 0.371137484908104 18.375000000000004 79.375000000000014 6.06522560119629 1.0864555835723879 70.057292938232436 0.20687882602214816 79.125000000000014 59.432291030883796 -0.30239063501358027
decision_type=2 2 2 2 2 2 2 2 2 2 2 2 2 2
left_child=1 2 -1 6 10 9 7 8 -2 -6 13 12 -12 -5
right_child=3 -3 -4 4 5 -7 -8 -9 -10 -11 11 -13 -14 -15
leaf_value=-0.047091612197375961 0.0043068257810271269 -0.0019756552035323179 -0.0039772782762828559 0.0005199565718107407 -0.039941965899707367 0.0028615671569832881 -0.021131786267493232 -0.0088885185797868936 0.021169725605690082 -0.0084065573599090525 -0.0090942456363998989 -0.018896182370644041 0.010675909795899909 -0.0024694890383273912
leaf_weight=141.15865385532379 1467.5229272190481 1474.5724673997611 122.50896132178605 46632.14231505245 221.4297606498003 356.96294012665749 138.15556651540101 385.09791936725378 856.41275042295456 242.19427421689034 412.83006229996681 309.50686711072922 2697.1963143795729 16868.771331772208
leaf_count=396 2044 2165 548 20974 251 231 163 187 291 131 220 124 854 5711
internal_value=-3.40584e-05 -0.00631812 -0.028752 0.000122433 -0.000138314 -0.0128108 0.00628389 0.00782665 0.0106487 -0.024497 2.0859e-05 0.00547919 0.00801025 -0.000274706
internal_weight=72326.5 1738.24 263.668 70588.2 67741 820.587 2847.19 2709.03 2323.94 463.624 66920.4 3419.53 3110.03 63500.9
internal_count=34290 3109 944 31181 28496 613 2685 2522 2335 382 27883 1198 1074 26685
is_linear=0
shrinkage=0.04


Tree=137
num_leaves=15
num_cat=0
split_feature=4 11 5 8 6 9 11 10 10 11 7 11 9 10
split_gain=43.5183 58.4157 57.4332 65.5275 62.1279 76.4335 101.776 205.409 98.5871 84.4063 200.614 99.5152 200.649 124.348
threshold=95.072917938232436 -0.9852197766304015 98.250000000000014 20.375000000000004 75.686786651611342 79.625000000000014 -0.31159031391143793 -0.98511216044425953 0.12214757129549982 -0.99102616310119618 73.374080657958999 -0.92540621757507313 76.125000000000014 -0.53536762297153462
decision_type=2 2 2 2 2 2 2 2 2 2 2 2 2 2
left_child=2 -2 4 -4 5 9 8 -8 -7 10 -1 12 -11 -13
right_child=1 -3 3 -5 -6 6 7 -9 -10 11 -12 13 -14 -15
leaf_value=-0.0022830637411442685 -0.008926087132221797 0.0050295396594526968 -0.0097547495742678209 0.0042711506206350135 0.012802642711864052 -4.7398020786755681e-05 -0.0038499494985450616 -0.046101041914298611 -0.017156873263304968 -0.00087822689754884554 -0.033177311162785113 0.00073618605576097462 0.0081936328624946184 -0.0054605049651036
leaf_weight=6938.1070805937052 518.65038287639618 4491.0306702852249 1968.5542800799012 714.9023295044899 574.99699807167053 4011.430740326643 582.53790806978941 252.02547692507505 602.48299635201693 8125.3990656733513 333.71064901351929 29458.034445734695 7476.76546895504 6266.3422640152276
leaf_count=2866 101 912 731 190 61 1423 388 431 568 3277 100 16604 2619 4019
internal_value=-3.40974e-05 0.00355497 -0.000302216 -0.00601414 -6.32381e-05 -0.000182705 -0.00470539 -0.0173895 -0.00234595 0.000239276 -0.00378794 0.000811096 0.00347405 -0.00035321
internal_weight=72315 5009.68 67305.3 2683.46 64621.8 64046.8 5448.48 834.563 4613.91 58598.4 7271.82 51326.5 15602.2 35724.4
internal_count=34290 1013 33277 921 32356 32295 2810 819 1991 29485 2966 26519 5896 20623
is_linear=0
shrinkage=0.04


Tree=138
num_leaves=15
num_cat=0
split_feature=10 10 10 9 3 10 9 9 10 10 10 10 10 8
split_gain=42.7704 182.132 298.694 340.579 242.92 158.588 144.137 208.89 228.419 257.085 190.496 467.014 249.973 178.833
threshold=-0.90882229804992665 -0.83830440044403065 -0.73289573192596424 74.125000000000014 50.651041030883796 -0.6718577742576598 77.125000000000014 74.125000000000014 -0.38307376205921168 -0.53536762297153462 -0.46092462539672846 -0.53536762297153462 -0.38307376205921168 19.125000000000004
decision_type=2 2 2 2 2 2 2 2 2 2 2 2 2 2
left_child=-1 4 3 -3 -2 -4 7 -7 9 -9 11 -8 -12 -14
right_child=1 2 5 -5 -6 6 10 8 -10 -11 12 -13 13 -15
leaf_value=-0.0017247450873335956 -0.011848229241144419 0.0072375242166121566 0.00975805240998949 -0.018509907833643893 0.0097513878712027231 0.0021295130731338674 0.0028396611577637303 -0.0029523206870401609 -0.0022726354681212161 -0.025245530318160091 0.019296669528200253 -0.039847650936367975 0.017739199562133944 0.0010038703994568734
leaf_weight=17964.715706188232 955.12839476764202 1154.9902994334698 2811.2272017300129 2756.1120753437281 5789.9815017580986 11927.083745699376 1660.8512066751719 1645.6770923286676 11178.742615230381 1657.3708971440792 1692.1875159144402 523.50372520089149 1125.7913062274456 9457.1046029254794
leaf_count=11430 750 402 1143 1884 1536 3015 768 1116 6138 1116 384 384 363 3861
internal_value=-3.3877e-05 0.000525594 -0.00034725 -0.0109083 0.00666683 0.000602953 -3.1268e-05 -0.00178868 -0.00501417 -0.014223 0.00317653 -0.00765952 0.00511414 0.00281425
internal_weight=72300.5 54335.8 47590.6 3911.1 6745.11 43679.5 40868.3 26408.9 14481.8 3303.05 14459.4 2184.35 12275.1 10582.9
internal_count=34290 22860 20574 2286 2286 18288 17145 11385 8370 2232 5760 1152 4608 4224
is_linear=0
shrinkage=0.04


Tree=139
num_leaves=15
num_cat=0
split_feature=7 10 3 11 8 11 10 10 3 8 10 10 9 8
split_gain=41.0542 98.2154 90.4003 82.6317 120.991 102.152 95.7657 159.538 143.706 102.124 100.411 169.383 124.326 123.088
threshold=1.3780117034912112 -0.99617367982864369 27.289062500000004 -0.99840793013572682 18.125000000000004 -0.99628248810768116 -0.6718577742576598 -0.21947178244590757 44.609375000000007 18.625000000000004 -0.73289573192596424 -0.83830440044403065 75.125000000000014 19.375000000000004
decision_type=2 2 2 2 2 2 2 2 2 2 2 2 2 2
left_child=1 -1 -3 4 -4 -5 9 8 -8 -7 11 12 -11 -14
right_child=-2 2 3 5 -6 6 7 -9 -10 10 -12 -13 13 -15
leaf_value=-0.026907719889581228 0.0002609494069084309 -0.040039812078433469 0.014925407884725538 0.015489496561078835 -0.038902534911958928 -0.0076684630217540893 -0.00038373379996152577 -0.001194866513854728 -0.036264598544352107 0.024062302449544722 0.022709108019428239 -0.046846509368696075 -0.045699767411436006 0.0031661870255498326
leaf_weight=246.1653838865459 66009.501605205238 78.681725658476353 85.652681410312653 564.43381550908089 187.27032224833965 842.31656342744827 285.68415987491608 1895.9733469709754 458.37202441692352 385.00612085685134 561.12597545981407 83.227273970842361 77.995007783174515 507.78426688537002
leaf_count=806 23616 1752 58 218 287 1272 364 2807 747 346 315 201 299 1202
internal_value=-3.29887e-05 -0.00312358 -0.002064 -0.00142774 -0.0221438 -0.000354731 -0.00216281 -0.00742646 -0.0228586 0.00350621 0.00935646 0.00195739 0.00700262 -0.00463417
internal_weight=72269.2 6259.69 6013.52 5934.84 272.923 5661.92 5097.48 2640.03 744.056 2457.46 1615.14 1054.01 970.785 585.779
internal_count=34290 10674 9868 8116 345 7771 7553 3918 1111 3635 2363 2048 1847 1501
is_linear=0
shrinkage=0.04


Tree=140
num_leaves=15
num_cat=0
split_feature=5 9 10 8 9 5 10 8 4 9 11 8 10 10
split_gain=40.6884 103.598 49.4196 85.0724 57.9867 47.4623 64.2413 94.0865 62.0844 57.7475 209.394 74.3159 89.1316 475.805
threshold=62.375000000000007 75.875000000000014 0.44945044815540319 19.875000000000004 76.375000000000014 74.750000000000014 0.371137484908104 18.375000000000004 70.057292938232436 73.625000000000014 -0.0590442307293415 16.625000000000004 -0.83830440044403065 -0.73289573192596424
decision_type=2 2 2 2 2 2 2 2 2 2 2 2 2 2
left_child=1 -1 3 4 -3 -2 9 8 -8 10 -7 -11 -13 -14
right_child=5 2 -4 -5 -6 6 7 -9 -10 11 -12 12 13 -15
leaf_value=-0.037558355447824814 0.0044786953052582575 0.0049762534033372689 0.011200938171464508 -0.00015098933255996462 -0.040106190831262552 0.0042034346269033754 -0.03775103226433154 0.003811330196537593 -0.007962611926805618 0.005177758090412197 -0.01478239165519825 0.0011454086831803501 -0.017609772133407288 -0.00068156984611448428
leaf_weight=136.79431497678161 3722.6524022854865 56.565074378624558 282.10490698367357 645.86321594938636 152.38229182548821 10621.38055677712 212.86768592894077 370.47875965386629 242.02078528702259 3376.6022368818521 998.82754217088223 20120.074279997498 2910.9347357600927 28404.385449081659
leaf_count=671 3641 113 473 914 368 2273 244 247 131 994 565 10070 1997 11589
internal_value=-3.35721e-05 -0.00706357 -0.00280856 -0.00758236 -0.0285332 9.45324e-05 -0.000149387 -0.0111066 -0.0229051 -9.95086e-06 0.00254889 -0.000553161 -0.000931247 -0.00226538
internal_weight=72253.9 1273.71 1136.92 854.811 208.947 70980.2 67257.6 825.367 454.888 66432.2 11620.2 54812 51435.4 31315.3
internal_count=34290 2539 1868 1395 481 31751 28110 622 375 27488 2838 24650 23656 13586
is_linear=0
shrinkage=0.04


Tree=141
num_leaves=15
num_cat=0
split_feature=10 10 10 3 8 7 3 8 9 8 5 4 7 9
split_gain=40.149 162.634 251.088 225.9 200.127 161.52 132.317 115.396 170.311 252.466 237.189 161.085 113.952 106.115
threshold=-0.90882229804992665 -0.83830440044403065 -0.78851500153541554 51.307291030883796 18.875000000000004 1.6887187957763674 55.463541030883796 17.625000000000004 75.875000000000014 18.875000000000004 91.750000000000014 78.192707061767592 9.8846912384033221 79.375000000000014
decision_type=2 2 2 2 2 2 2 2 2 2 2 2 2 2
left_child=-1 3 4 5 6 -2 -3 -5 11 -10 12 -9 -11 -6
right_child=1 2 -4 7 13 -7 -8 8 9 10 -12 -13 -14 -15
leaf_value=-0.0016720101416651493 0.013422197495054466 -0.01212999972862221 0.00020929730508602006 -0.010051970996754754 -0.041132222074665055 -0.018721822883940527 0.023923178507453333 0.031829880863769068 0.027756975915982033 -0.0036244604448230685 0.0055718451846176967 0.0072101131013899665 -0.045635013835954467 -0.0082446589867082067
leaf_weight=17959.083050396293 335.79763314127922 538.3972541987896 46052.509148292243 422.64269715547562 496.90216732025146 841.83665317296982 210.02328741550446 995.43737602233887 664.29391038417816 191.6268402338028 2317.0522583723068 756.91208493709564 214.03709828853607 242.56059956550598
leaf_count=11430 309 380 19431 130 591 519 37 177 109 106 624 190 122 135
internal_value=-3.36664e-05 0.000508812 -0.000316517 0.00631427 -0.0163783 -0.009485 -0.00165335 0.00968143 0.0113369 0.00603705 0.00057402 0.021397 -0.0268929 -0.0308456
internal_weight=72239.1 54280 47540.4 6739.64 1487.88 1177.63 748.421 5562 5139.36 3387.01 2722.72 1752.35 405.664 739.463
internal_count=34290 22860 20574 2286 1143 828 417 1458 1328 961 852 367 228 726
is_linear=0
shrinkage=0.04


Tree=142
num_leaves=15
num_cat=0
split_feature=4 9 10 10 5 3 9 10 8 11 4 10 9 10
split_gain=39.7149 119.162 104.249 102.469 77.3392 88.0014 115.068 78.1265 80.779 74.8148 67.4264 67.3099 125.406 68.5794
threshold=50.838541030883796 76.125000000000014 0.44945044815540319 0.20687882602214816 73.750000000000014 51.901041030883796 76.875000000000014 0.371137484908104 18.375000000000004 -0.97631725668907154 70.057292938232436 0.20687882602214816 79.125000000000014 -0.30239063501358027
decision_type=2 2 2 2 2 2 2 2 2 2 2 2 2 2
left_child=1 2 9 -3 5 -2 -7 11 10 -1 -9 13 -13 -6
right_child=4 3 -4 -5 7 6 -8 8 -10 -11 -12 12 -14 -15
leaf_value=0.00032405022047286126 0.013244467357767371 -0.018690248440134786 0.0045634632252574423 0.0049918402664079079 0.00053210625638926362 -0.024341231408378596 0.0062061587859587476 -0.038726257568232544 0.0023084718589733008 -0.042215339359629199 -0.0076791205925822361 0.0079957342054119487 -0.018056376035231005 -0.0024440549576717906
leaf_weight=84.428815342485905 1459.9878172241151 351.09965989179909 165.90553802624345 1357.1850725710392 46553.210494223982 253.62621682882309 688.80361410975456 210.44414915144444 339.29475290328264 280.54243629053235 241.92150144279003 3064.3310239315033 308.06547868251801 16857.409809678793
leaf_count=164 1706 684 267 1563 20973 159 319 244 218 975 131 1054 124 5709
internal_value=-3.26995e-05 -0.00525263 -0.02143 -3.54438e-05 0.000135784 0.00715822 -0.00234973 -0.000115923 -0.0124512 -0.0328691 -0.0231506 3.39864e-05 0.00552348 -0.000259613
internal_weight=72216.3 2239.16 530.877 1708.28 69977.1 2402.42 942.43 67574.7 791.66 364.971 452.366 66783 3372.4 63410.6
internal_count=34290 3653 1406 2247 30637 2184 478 28453 593 1139 375 27860 1178 26682
is_linear=0
shrinkage=0.04


Tree=143
num_leaves=15
num_cat=0
split_feature=4 11 6 5 8 9 3 7 10 10 11 10 0 11
split_gain=39.5384 56.0718 64.435 51.9384 79.3402 63.1009 73.3292 145.319 89.2275 88.0664 88.9498 68.0959 58.03 56.4511
threshold=94.239582061767592 -0.9852197766304015 34.107130050659187 98.250000000000014 20.375000000000004 79.875000000000014 64.161457061767592 16.761445999145511 -0.134930245578289 -0.99871450662612904 -0.22889263182878491 -0.98511216044425953 1.6252040863037112 -0.99102616310119618
decision_type=2 2 2 2 2 2 2 2 2 2 2 2 2 2
left_child=3 -2 -3 5 -5 13 7 9 -8 -7 12 -12 -11 -1
right_child=1 2 -4 4 -6 6 8 -9 -10 10 11 -13 -14 -15
leaf_value=-0.0030050456511884756 -0.0082462230006106179 0.0016012340020917783 0.010993157236208638 -0.010958370725689663 0.0054654434555809006 0.024564951019320255 -0.0067060560982903153 -0.026504869096256524 0.015600223190283929 -0.017923762160317588 -0.010538126630665246 -0.050059634397961218 0.00078135153985342196 0.00068207085203278591
leaf_weight=7600.1666255295277 630.86571764945984 4358.3314306735992 1581.5820264816284 1615.5408217981458 646.42480194568634 142.8485726416111 604.92987406253815 549.60853922367096 512.24893164634705 301.38127631694078 212.33926880173385 96.034005215391517 1514.2092671692371 51837.889168377966
leaf_count=3046 122 1034 200 651 171 60 156 233 89 433 189 287 646 26973
internal_value=-3.27043e-05 0.00292075 0.00413046 -0.000329183 -0.00625801 -0.000115654 -0.00500893 -0.00843164 0.00361631 -0.00385614 -0.00597895 -0.0251453 -0.00248509 0.000209758
internal_weight=72204.4 6570.78 5939.91 65633.6 2261.97 63371.7 3933.6 2816.42 1117.18 2266.81 2123.96 308.373 1815.59 59438.1
internal_count=34290 1356 1234 32934 822 32112 2093 1848 245 1615 1555 476 1079 30019
is_linear=0
shrinkage=0.04


Tree=144
num_leaves=15
num_cat=0
split_feature=7 9 11 10 4 11 3 10 10 8 3 8 9 10
split_gain=38.6941 96.3568 102.025 82.8313 77.6302 73.7999 102.696 84.7687 221.917 199.97 186.286 136.888 80.2617 73.5066
threshold=1.3780117034912112 77.875000000000014 0.28081613034009939 -0.90882229804992665 58.744791030883796 -0.14450262114405629 40.466146469116218 -0.6718577742576598 -0.21947178244590757 20.625000000000004 44.609375000000007 18.625000000000004 73.875000000000014 -0.73289573192596424
decision_type=2 2 2 2 2 2 2 2 2 2 2 2 2 2
left_child=1 5 3 -3 -4 7 -7 9 10 11 -9 -1 -10 -13
right_child=-2 2 4 -5 -6 6 -8 8 12 -11 -12 13 -14 -15
leaf_value=-0.0019018214319217589 0.00025279869663814429 -0.0473571487383352 0.043444019497109194 -0.013301215988021593 -0.025965993242894884 -0.028533156469839543 0.0012312596929870342 0.0012782197242302271 -0.031615849487975557 -0.035968988617286785 -0.041424052627157995 0.01149760771511394 0.0040272781923915944 0.035049833296685352
leaf_weight=648.88198031485081 65959.228840582073 130.55808528885245 58.849297035485506 604.02516918629408 22.471786927431822 330.59354757145047 390.44376604259014 279.21616293489933 85.823271125555038 132.57182094454765 370.32544088363647 515.07439869642258 2285.3965692818165 380.91265085339546
leaf_count=686 23616 626 135 1093 302 2649 466 348 175 240 634 468 2692 160
internal_value=-3.22632e-05 -0.00303899 -0.0156807 -0.0204488 0.0229242 -0.00108503 -0.0128174 0.000762246 -0.00323854 0.00792019 -0.0235779 0.0120981 0.00248358 0.0220571
internal_weight=72194.4 6235.14 815.904 734.583 81.3211 5419.24 721.037 4698.2 3020.76 1677.44 649.542 1544.87 2371.22 895.987
internal_count=34290 10674 2156 1719 437 8518 3115 5403 3849 1554 982 1314 2867 628
is_linear=0
shrinkage=0.04


Tree=145
num_leaves=15
num_cat=0
split_feature=3 9 4 5 8 10 4 10 0 5 6 7 3 4
split_gain=37.7477 100.645 331.275 105.257 102.244 113.814 148.607 141.464 137.806 128.99 155.103 123.124 112.054 135.408
threshold=56.682291030883796 77.625000000000014 66.606769561767592 64.750000000000014 20.625000000000004 -0.53536762297153462 58.369791030883796 -0.38307376205921168 0.7514476776123048 83.250000000000014 0.04302263259887696 10.063648223876955 46.536458969116218 81.067707061767592
decision_type=2 2 2 2 2 2 2 2 2 2 2 2 2 2
left_child=1 4 3 -3 5 6 -1 8 -7 10 -8 -12 -6 -14
right_child=-2 2 -4 -5 12 7 9 -9 -10 -11 11 -13 13 -15
leaf_value=-0.032119936548038561 0.00090368693821650482 -0.0062308347832524405 -0.016336026511767448 0.012448295545022428 0.0057745916866556559 -0.043913204894534597 -0.027650212990713775 -0.00074713845312486375 -0.0087903762774499995 0.0014239152791547336 0.016625374526419441 -0.0099306130291191442 -0.0218485242069161 0.0051808278772118637
leaf_weight=176.66721699014306 35244.118702173233 758.51972584798932 2459.0500900428742 1261.8888737689704 596.86558537371457 184.33857460319996 138.65624188445508 10626.144866954535 1595.4159834384918 15164.075092393905 2194.7773541212082 306.21539157629013 1074.7488993257284 397.5960593521595
leaf_count=1183 9663 1125 2325 1154 1155 321 777 6072 741 7445 1099 121 928 181
internal_value=-3.248e-05 -0.000925796 -0.00653219 0.00544327 -0.000148463 0.000439764 0.00247211 -0.00250504 -0.0128758 0.00285103 0.0109771 0.0133209 -0.00870808 -0.0145778
internal_weight=72179.1 36935 4479.46 2020.41 32455.5 30386.3 17980.4 12405.9 1779.75 17803.7 2639.65 2500.99 2069.21 1472.34
internal_count=34290 24627 4604 2279 20023 17759 10625 7134 1062 9442 1997 1220 2264 1109
is_linear=0
shrinkage=0.04


Tree=146
num_leaves=15
num_cat=0
split_feature=10 10 10 9 3 0 3 10 9 9 10 10 10 10
split_gain=37.8366 145.881 241.953 292.315 210.268 145.702 256.418 131.799 136.2 179.922 202.616 229.287 171.694 436.609
threshold=-0.90882229804992665 -0.83830440044403065 -0.73289573192596424 74.125000000000014 50.651041030883796 6.5063953399658212 50.171875000000007 -0.6718577742576598 77.125000000000014 74.125000000000014 -0.38307376205921168 -0.53536762297153462 -0.46092462539672846 -0.53536762297153462
decision_type=2 2 2 2 2 2 2 2 2 2 2 2 2 2
left_child=-1 4 3 -3 -2 6 -5 -4 9 -9 11 -11 13 -10
right_child=1 2 7 5 -6 -7 -8 8 12 10 -12 -13 -14 -15
leaf_value=-0.0016238375867625801 -0.011259564972048133 0.0069923368444526094 0.0089275735996528702 -0.035094660335719494 0.0088762312036446984 -0.027889603070692288 0.00056722663376555717 0.001916382295542501 0.0029174024452368287 -0.0027774708768822883 -0.0021372189029475667 -0.023877540615701687 0.0049495617898241079 -0.038530847176658105
leaf_weight=17941.770144866779 951.02592088282108 1152.7740045189857 2802.0521468222141 421.43509377539158 5768.6468221545219 1119.9254231452942 1196.0131118893623 11919.305155169219 1659.8933429121971 1643.2242384403944 11164.202789146453 1644.9439437538385 12257.958504389971 517.53347051143646
leaf_count=11430 750 402 1143 655 1536 541 688 3015 768 1116 6138 1116 4608 384
internal_value=-3.26417e-05 0.000494311 -0.000286981 -0.00981904 0.00600148 -0.0168981 -0.00903983 0.000567437 -1.07115e-05 -0.00172013 -0.00471778 -0.0134136 0.00311025 -0.0071951
internal_weight=72160.7 54218.9 47499.3 3890.15 6719.67 2737.37 1617.45 43609.1 40807.1 26371.7 14452.4 3288.17 14435.4 2177.43
internal_count=34290 22860 20574 2286 2286 1884 1343 18288 17145 11385 8370 2232 5760 1152
is_linear=0
shrinkage=0.04


Tree=147
num_leaves=15
num_cat=0
split_feature=4 9 7 9 10 8 8 5 3 11 8 10 9 3
split_gain=35.9738 90.5047 58.5016 65.0228 45.6214 98.899 50.2239 44.3188 62.1401 83.1605 137.943 138.39 106.838 63.7412
threshold=45.963541030883796 75.875000000000014 0.15621185302734378 75.125000000000014 0.44945044815540319 19.875000000000004 20.625000000000004 74.750000000000014 54.328125000000007 -0.97631725668907154 18.875000000000004 -0.99133047461509693 76.125000000000014 50.651041030883796
decision_type=2 2 2 2 2 2 2 2 2 2 2 2 2 2
left_child=1 2 3 -1 5 -3 -6 8 9 13 11 -11 -13 -2
right_child=7 4 -4 -5 6 -7 -8 -9 -10 10 -12 12 -14 -15
leaf_value=0.015894576884712359 0.0049996958976869215 -0.030043490559476079 -0.054327104988561831 -0.040977113080179157 0.019555007166093121 0.00050244767863686941 -0.013402468472054561 -0.00013865989042587685 -0.0062091029803659848 0.022233040818050536 0.0085110391839216554 -0.041630818047144177 3.3977498338264809e-05 0.025129220820001599
leaf_weight=61.394627116620541 474.95574857294559 203.78318953327835 75.342308565974236 34.11005955003202 232.65125158801675 697.70592158474028 88.294571053236723 67146.621435588226 694.45721280574799 105.80518867447972 1370.5611976254731 243.8025552649051 157.06797992624342 546.51713764667511
leaf_count=259 403 497 216 305 314 936 177 28091 383 77 1675 607 170 180
internal_value=-3.27011e-05 -0.00635163 -0.0319796 -0.0079957 -0.00231275 -0.00690471 0.0102338 9.35158e-05 0.00440901 0.00697795 0.00192694 -0.01553 -0.02608 0.0160453
internal_weight=72133.1 1393.28 170.847 95.5047 1222.43 901.489 320.946 70739.8 3593.17 2898.71 1877.24 506.676 400.871 1021.47
internal_count=34290 2704 780 564 1924 1433 491 31586 3495 3112 2529 854 777 583
is_linear=0
shrinkage=0.04


Tree=148
num_leaves=15
num_cat=0
split_feature=4 5 9 8 10 10 0 4 3 10 9 4 4 10
split_gain=36.0941 50.87 59.7191 53.8082 135.901 210.908 166.322 305.304 138.674 177.777 156.969 219.114 141.317 133.845
threshold=92.614582061767592 98.250000000000014 79.625000000000014 19.625000000000004 -0.73289573192596424 -0.83830440044403065 6.2523365020751962 80.630207061767592 55.734375000000007 -0.90882229804992665 76.625000000000014 72.984375000000014 58.744791030883796 -0.99871450662612904
decision_type=2 2 2 2 2 2 2 2 2 2 2 2 2 2
left_child=1 3 -3 -1 5 8 7 -7 10 -10 11 -5 -12 -14
right_child=-2 2 -4 4 -6 6 -8 -9 9 -11 12 -13 13 -15
leaf_value=0.00083511608682339093 0.0021673033789099735 -0.013941144519148888 0.0023044315149818697 -0.029939748009787777 0.00053109053868275456 -0.043873738402324572 -0.039032712461849063 0.010033411982355614 -0.0050702183249385427 0.010916820442056134 0.028447534158315895 0.0069731354019433311 0.0059986020258497056 -0.024513962157558637
leaf_weight=34061.222421938553 10221.003508746624 909.58078506588936 584.79850322008133 298.51440239883959 17161.656354997307 235.08236326277256 472.19687300920486 477.09753665328026 2723.6693471670151 1852.8601168394089 85.65449021011591 1318.7207033913583 264.25593245029449 1456.1360974702984
leaf_count=16860 2221 429 182 883 8008 370 271 208 1133 487 393 615 242 1988
internal_value=-3.24475e-05 -0.000396247 -0.00763726 -0.000214647 -0.00157144 -0.00549286 -0.0211027 -0.0084731 -0.00313495 0.00142165 -0.00919947 -0.000122866 -0.0172368 -0.0198121
internal_weight=72122.4 61901.4 1494.38 60407.1 26345.8 9184.19 1184.38 712.18 7999.81 4576.53 3423.28 1617.24 1806.05 1720.39
internal_count=34290 32069 611 31458 14598 6590 849 578 5741 1620 4121 1498 2623 2230
is_linear=0
shrinkage=0.04


Tree=149
num_leaves=15
num_cat=0
split_feature=11 3 7 8 6 10 9 0 11 11 11 4 9 9
split_gain=34.8443 115.103 138.482 84.8257 152.899 77.222 81.232 106.749 76.6123 187.642 151.55 205.782 216.912 152.539
threshold=-0.99102616310119618 64.546875000000014 73.374080657958999 18.625000000000004 0.2814710140228272 -0.049391099484637373 74.125000000000014 2.4998188018798833 -0.96687281131744374 -0.95438989996910084 -0.92540621757507313 86.671875000000014 79.125000000000014 76.125000000000014
decision_type=2 2 2 2 2 2 2 2 2 2 2 2 2 2
left_child=1 2 3 4 -1 6 -6 -8 -2 -10 11 -11 13 -13
right_child=8 -3 -4 -5 5 -7 7 -9 9 10 -12 12 -14 -15
leaf_value=0.029071983903641449 0.0038075424119322588 0.0055777293181499777 -0.029973545663128407 -0.0071240721995620695 0.00099240088591018424 0.0035881074181058131 -0.0031500965486382323 -0.047866857502385243 -0.010049336570606431 -0.0011987085346593029 -0.00061079893613256932 0.0080923421208985574 -0.0095038606141477373 0.025299678938534822
leaf_weight=278.75475403666496 8593.7252435237169 2206.9793647527695 315.21169364452362 4094.773461163044 356.33413934707642 1536.5755839049816 170.5938104391098 157.37183570861816 2938.0426971912384 3838.5508494079113 43610.290190964937 1889.4569076299667 633.46020412445068 1482.8428523540497
leaf_count=111 3429 401 89 1994 84 548 109 93 1143 1631 24003 319 133 203
internal_value=-3.22693e-05 -0.00234076 -0.00487877 -0.00359224 0.00220406 -0.00139766 -0.012377 -0.0261251 0.000302496 -0.000252477 0.000310608 0.00542168 0.0117401 0.0157632
internal_weight=72103 9116.59 6909.62 6594.4 2499.63 2220.88 684.3 327.966 62986.4 54392.6 51454.6 7844.31 4005.76 3372.3
internal_count=34290 3429 3028 2939 945 834 286 202 30861 27432 26289 2286 655 522
is_linear=0
shrinkage=0.04


Tree=150
num_leaves=15
num_cat=0
split_feature=7 9 10 10 11 3 10 10 8 3 8 9 3 11
split_gain=35.2996 91.1883 92.4325 101.098 64.562 93.625 77.4971 196.495 180.255 168.361 125.369 75.2437 67.5298 67.2196
threshold=1.3780117034912112 77.875000000000014 -0.95468294620513905 -0.94127440452575672 -0.14450262114405629 40.466146469116218 -0.6718577742576598 -0.21947178244590757 20.625000000000004 44.609375000000007 18.625000000000004 73.875000000000014 38.953125000000007 -0.99840793013572682
decision_type=2 2 2 2 2 2 2 2 2 2 2 2 2 2
left_child=1 4 -3 -4 6 -6 8 9 10 -8 12 -9 -1 -13
right_child=-2 2 3 -5 5 -7 7 11 -10 -11 -12 13 -14 -15
leaf_value=0.024742450046752299 0.00024050371413664726 -0.04589163484581512 0.030800663592057062 -0.01446108157972335 -0.027140301571551857 0.0013595604827949643 0.0011744584019924998 -0.030843173995436284 -0.034495468743977978 -0.039594895461713235 0.021123722036017534 -0.015572048998813979 -0.007712067111659302 0.0061383060872178133
leaf_weight=105.54273702949286 65885.720286600292 113.72997118905187 71.00466219522059 624.66412584483624 326.70471531897783 390.16576227545738 279.03224612772465 85.22542105615139 129.76723021268845 362.94788835942745 889.22662079334259 237.33290940523148 542.73051226139069 2041.6873678602278
leaf_count=112 23616 600 161 1395 2649 466 348 175 240 634 628 282 574 2410
internal_value=-3.13527e-05 -0.00291189 -0.01526 -0.00910971 -0.00100818 -0.012013 0.000723849 -0.00310915 0.00759001 -0.0223747 0.0115394 0.00226595 -0.00184592 0.00376163
internal_weight=72085.5 6199.76 809.399 695.669 5390.36 716.87 4673.49 3006.23 1667.27 641.98 1537.5 2364.25 648.273 2279.02
internal_count=34290 10674 2156 1556 8518 3115 5403 3849 1554 982 1314 2867 686 2692
is_linear=0
shrinkage=0.04


Tree=151
num_leaves=15
num_cat=0
split_feature=4 5 8 10 10 10 4 9 9 10 8 4 9 10
split_gain=34.2504 50.2074 52.712 176.469 143.876 234.918 211.95 160.148 130.596 115.092 141.986 146.824 111.844 105.504
threshold=95.781250000000014 98.250000000000014 19.625000000000004 -0.73289573192596424 -0.88189578056335438 -0.90882229804992665 81.588542938232436 75.125000000000014 79.375000000000014 -0.97661703824996937 20.875000000000004 82.567707061767592 77.125000000000014 -0.60585239529609669
decision_type=2 2 2 2 2 2 2 2 2 2 2 2 2 2
left_child=1 2 -1 4 5 9 7 -6 -9 -4 11 -11 -8 -5
right_child=-2 -3 3 13 6 -7 12 8 -10 10 -12 -13 -14 -15
leaf_value=0.0010063748094685241 0.0036164543394257781 -0.0051880848415607099 -0.002173168048593601 0.0090638500432267521 0.0050854356966679474 0.010502691429343148 0.0066206597932585353 -0.049174940993886807 -0.0027522577263703286 -0.00076733823204086244 -0.00033589306277282972 -0.028913573901547529 -0.014423148233466352 -0.00010227304165999142
leaf_weight=36463.407718943432 3875.324044585228 3110.3951650187373 3763.3541982676834 2272.0914164334536 151.09909391403198 1636.5195942521095 671.07995975017548 484.73688192665577 123.06065714359283 413.62468019500375 833.10101574286819 1037.5540245175362 961.8445089161396 16274.191178355366
leaf_count=17325 773 1016 2535 1010 88 505 238 609 76 1044 832 557 418 7264
internal_value=-3.16212e-05 -0.000239927 -1.93719e-06 -0.00128628 -0.00554189 -0.00285832 -0.0140682 -0.0312545 -0.0401629 -0.00649657 -0.0135387 -0.0210106 -0.00579935 0.00102922
internal_weight=72071.4 68196.1 65085.7 28622.3 10076 7684.15 2391.82 758.897 607.798 6047.63 2284.28 1451.18 1632.92 18546.3
internal_count=34290 33517 32501 15176 6902 5473 1429 773 685 4968 2433 1601 656 8274
is_linear=0
shrinkage=0.04


Tree=152
num_leaves=15
num_cat=0
split_feature=6 9 8 4 5 3 5 10 10 9 10 8 8 3
split_gain=33.9951 95.4319 90.946 54.8434 55.4607 54.3971 76.3826 69.7364 162.328 160.517 125.857 174.672 119.441 106.771
threshold=1.0864555835723879 78.875000000000014 20.125000000000004 85.692707061767592 90.250000000000014 28.315104484558109 85.250000000000014 -0.6718577742576598 -0.21947178244590757 73.875000000000014 -0.88189578056335438 20.375000000000004 18.625000000000004 44.609375000000007
decision_type=2 2 2 2 2 2 2 2 2 2 2 2 2 2
left_child=1 3 -3 4 5 6 -1 10 13 -10 -7 12 -12 -9
right_child=-2 2 -4 -5 -6 7 -8 8 9 -11 11 -13 -14 -15
leaf_value=-0.048277518113252545 0.0002974968263967354 -0.043889801017191497 -0.0082110145696798892 0.018832753527600318 -0.012092389831353535 -0.0041180775318226124 0.021577159161698556 -0.00065020438158398352 -0.04404814816548127 0.0022144480723048001 0.0017387043537022975 -0.020999966369243277 0.025895251033062765 -0.028510979155165966
leaf_weight=62.547862580046058 63040.171408236027 136.64474561624229 473.28454473428428 193.31352066993713 728.93109489232302 1467.5382238924503 22.361734351143241 350.78473335504532 104.51218388974667 3293.2734103351831 519.66899120807648 205.68969032168388 879.84929390251637 575.0013512969017
leaf_count=1684 21398 495 1003 135 1019 2502 93 425 188 3328 391 305 478 846
internal_value=-3.12633e-05 -0.0023262 -0.017344 -0.0011976 -0.00171385 -0.000673077 -0.0292743 -0.000266674 -0.00353456 0.00054203 0.00432459 0.0119989 0.0170763 -0.0181914
internal_weight=72053.6 9013.4 609.929 8403.47 8210.16 7481.23 84.9096 7396.32 4323.57 3397.79 3072.75 1605.21 1399.52 925.786
internal_count=34290 12892 1498 11394 11259 10240 1777 8463 4787 3516 3676 1174 869 1271
is_linear=0
shrinkage=0.04


Tree=153
num_leaves=15
num_cat=0
split_feature=4 9 10 10 10 5 3 9 10 8 4 10 9 10
split_gain=33.4193 104.821 95.207 91.5698 67.9958 64.2882 80.2842 104.469 70.7783 76.7699 62.5266 56.488 113.196 66.9468
threshold=50.838541030883796 76.125000000000014 0.44945044815540319 0.20687882602214816 0.20687882602214816 73.750000000000014 51.901041030883796 76.875000000000014 0.371137484908104 18.375000000000004 70.057292938232436 0.20687882602214816 79.125000000000014 -0.30239063501358027
decision_type=2 2 2 2 2 2 2 2 2 2 2 2 2 2
left_child=1 2 4 -3 -1 6 -2 -8 11 10 -10 13 -13 -7
right_child=5 3 -4 -5 -6 8 7 -9 9 -11 -12 12 -14 -15
leaf_value=-0.0073650173696124871 0.01239414984392272 -0.017638369321870434 0.0046865084151859393 0.0047988564853871001 -0.044000369180251166 0.00055068292890250487 -0.023567944466045775 0.0056215012464042018 -0.037461891928523013 0.0025140621817352476 -0.0074665416095200388 0.00741850002160709 -0.017357454236744105 -0.0023918344980835334
leaf_weight=135.93335209600627 1447.4699170775712 349.26733789779246 165.02831431478262 1353.5558916218579 222.1457631662488 46429.989974498749 251.84984999895096 686.72446087002754 207.9772521853447 338.25473784655333 241.69504971802235 3060.428973197937 307.31820499897003 16842.378045856953
leaf_count=662 1706 684 267 1563 477 20973 159 319 244 218 131 1054 124 5709
internal_value=-3.16324e-05 -0.00483434 -0.0201356 4.54045e-05 -0.0312182 0.000122836 0.00654766 -0.00253928 -0.00010639 -0.0118745 -0.0223441 3.62728e-05 0.00506849 -0.00023309
internal_weight=72040 2225.93 523.107 1702.82 358.079 69814.1 2386.04 938.574 67428 787.927 449.672 66640.1 3367.75 63272.4
internal_count=34290 3653 1406 2247 1139 30637 2184 478 28453 593 375 27860 1178 26682
is_linear=0
shrinkage=0.04


Tree=154
num_leaves=15
num_cat=0
split_feature=2 1 9 10 4 9 8 9 11 10 4 9 10 8
split_gain=32.5398 40.4143 202.178 91.8108 79.4799 68.0446 99.6347 53.0968 62.0504 97.16 54.8933 85.8698 91.2711 69.716
threshold=0.89583334326744091 5.0949096679687509 76.625000000000014 -0.134930245578289 81.588542938232436 79.625000000000014 20.125000000000004 79.625000000000014 1.0000000180025095e-35 -0.97661703824996937 39.377603530883796 75.875000000000014 0.44945044815540319 19.875000000000004
decision_type=2 2 2 2 2 2 2 2 2 2 2 2 2 2
left_child=1 7 3 4 -3 6 -4 10 -9 -10 11 -1 13 -13
right_child=-2 2 5 -5 -6 -7 -8 8 9 -11 -12 12 -14 -15
leaf_value=-0.054672586440995756 0.0038088337698607799 0.0056487452258271852 0.0094876117368104893 -0.028879643690240552 -0.013051283287978749 0.012022778013921135 -0.0070140371987682752 -0.0022898097323814583 -0.0058502927988830066 -0.050704201569342633 0.0006172190242276248 -0.044506171299440352 0.016704733969762582 -0.0064995440143908014
leaf_weight=45.385865913704038 3344.9173641204834 469.12196218967438 933.32126438617706 422.7957592010498 1461.9279042482376 918.74172329902649 1497.2489898204803 6577.3900624960661 283.35693763568997 89.699216775596142 55402.209019212052 85.886716820299625 177.73586482927203 319.59550585225224
leaf_count=359 401 100 182 138 327 167 390 2681 227 342 27837 279 344 516
internal_value=-3.17575e-05 -0.000219848 -0.00343813 -0.0123706 -0.00849703 0.00287566 -0.000651807 7.25766e-05 -0.00321984 -0.0186664 0.000481993 -0.0110877 -0.00599568 -0.0162635
internal_weight=72029.3 68684.4 5703.16 2353.85 1931.05 3349.31 2430.57 62981.3 6950.45 373.056 56030.8 628.604 583.218 405.482
internal_count=34290 33889 1304 565 427 739 572 32585 3250 569 29335 1498 1139 795
is_linear=0
shrinkage=0.04


Tree=155
num_leaves=15
num_cat=0
split_feature=3 7 11 8 9 7 11 7 10 8 4 4 0 8
split_gain=32.4398 119.612 98.2837 134.946 121.667 97.8898 83.626 110.878 119.571 124.978 107.631 88.6771 87.7458 82.1953
threshold=62.359375000000007 7.9423427581787118 -0.88958057761192311 20.375000000000004 79.125000000000014 34.030151367187507 -0.99102616310119618 73.374080657958999 1.0000000180025095e-35 19.625000000000004 66.130207061767592 65.911457061767592 1.9393444061279299 20.875000000000004
decision_type=2 2 2 2 2 2 2 2 2 2 2 2 2 2
left_child=6 -2 3 -3 -5 -6 7 8 10 11 -1 -10 -13 -4
right_child=1 2 13 4 5 -7 -8 -9 9 -11 -12 12 -14 -15
leaf_value=-0.024327962206964926 0.013702923507563093 0.0060894329176549959 -0.0085724055886840945 -0.010023717587514318 -0.0040150942590178413 0.017161752558312086 3.3227260746486941e-05 -0.0302188578627932 0.024788194612110848 -0.0091681561121597765 -0.0052771198569750459 -0.013940100339171417 0.011155527495198271 0.0028666385670045465
leaf_weight=571.80709712207317 1183.0958505868912 6571.0275794267654 2765.1355249881744 1990.2886869907379 780.43609237670898 603.53733515739441 50988.389496665448 248.50341284275055 437.02891445159912 824.69724947214127 2490.0698751211166 303.50135052204132 700.83013993501663 1559.905509352684
leaf_count=629 277 996 769 549 202 95 28280 75 126 404 1065 197 208 418
internal_value=-3.24041e-05 0.00159059 0.000568631 0.00275679 -0.00373083 0.00533284 -0.000476209 -0.00511773 -0.00383834 0.00311287 -0.00896966 0.010169 0.00344771 -0.0044525
internal_weight=72018.3 15453.4 14270.3 9945.29 3374.26 1383.97 56564.8 5576.44 5327.93 2266.06 3061.88 1441.36 1004.33 4325.04
internal_count=34290 3306 3029 1842 846 297 30984 2704 2629 935 1694 531 405 1187
is_linear=0
shrinkage=0.04


Tree=156
num_leaves=15
num_cat=0
split_feature=4 11 6 5 8 6 9 11 10 10 4 10 11 7
split_gain=31.9679 47.2422 46.5362 43.443 57.069 47.5806 60.5151 79.3843 185.985 84.9102 83.852 70.2845 69.1701 175.805
threshold=95.072917938232436 -0.9852197766304015 34.107130050659187 98.250000000000014 20.375000000000004 75.686786651611342 79.625000000000014 -0.31159031391143793 -0.98511216044425953 0.12214757129549982 38.328125000000007 -0.99871450662612904 -0.99102616310119618 73.374080657958999
decision_type=2 2 2 2 2 2 2 2 2 2 2 2 2 2
left_child=3 -2 -3 5 -5 6 12 9 11 -8 -11 -9 13 -1
right_child=1 2 -4 4 -6 -7 7 8 -10 10 -12 -13 -14 -15
leaf_value=-0.0020321052295942878 -0.0081882259778916153 0.0018282845367744588 0.010903034263169346 -0.0087386988853163667 0.0043577004359606443 0.011232421510370263 1.7827660917076652e-05 0.014927836288936756 -0.043470237929663494 0.014117521574827744 -0.022777659149318463 -0.01299613381584111 0.00073673067114495439 -0.031166824860495188
leaf_weight=6915.4365008920431 517.41701519489288 3243.7961153388023 1239.4677844047546 1961.2798400297761 713.93363231420517 572.18320155143738 3998.0222216844559 209.24662780761719 241.96816038526595 107.66810651496053 491.26139535009861 370.21039324440062 51094.218645412475 328.31626856327057
leaf_count=2866 101 758 154 731 190 61 1423 96 431 249 319 292 26519 100
internal_value=-3.14545e-05 0.00304713 0.00437442 -0.000262059 -0.00523726 -5.35929e-05 -0.00015837 -0.00419394 -0.0154938 -0.00211641 -0.0159032 -0.00275094 0.000217759 -0.00343479
internal_weight=72004.4 5000.68 4483.26 67003.7 2675.21 64328.5 63756.3 5418.38 821.425 4596.95 598.93 579.457 58338 7243.75
internal_count=34290 1013 912 33277 921 32356 32295 2810 819 1991 568 388 29485 2966
is_linear=0
shrinkage=0.04


Tree=157
num_leaves=15
num_cat=0
split_feature=3 11 8 10 9 10 9 10 8 3 4 5 10 9
split_gain=32.1474 95.9217 126.415 74.529 141.128 132.905 205.063 165.809 150.297 178.804 211.27 146.334 138.709 138.539
threshold=52.505208969116218 1.0000000180025095e-35 18.125000000000004 -0.96676719188690174 76.875000000000014 -0.73289573192596424 74.875000000000014 -0.6718577742576598 18.375000000000004 51.213541030883796 58.744791030883796 92.250000000000014 -0.83830440044403065 75.375000000000014
decision_type=2 2 2 2 2 2 2 2 2 2 2 2 2 2
left_child=3 -2 -3 4 -1 6 11 13 -8 10 -10 12 -5 -7
right_child=1 2 -4 5 -6 7 8 -9 9 -11 -12 -13 -14 -15
leaf_value=0.005181663523188532 0.00085581602317801573 0.0088870178293695163 -0.015363158814992653 0.015300208371754567 -0.012650449388878047 -0.0022962181658679392 -0.0021898441291845466 -0.0022026801899511102 0.017814446719672927 -0.0052747092524759055 -0.042410055950342342 -0.010410584233011758 -0.020940909755412584 0.023295402418190586
leaf_weight=4895.4202781505883 48440.224945962429 458.61377328634262 1235.6981965303421 990.58904440514743 810.60676776431501 579.17050394415855 666.49830609560013 10399.715897124261 94.122040430083871 476.06615084409714 795.24018773622811 1183.76080757007 184.79096612334251 783.27553603053093
leaf_count=3324 15082 129 548 878 1360 351 607 8226 607 259 1580 764 203 372
internal_value=-3.10556e-05 0.000527071 -0.00877206 -0.00131044 0.00261307 -0.00269791 -0.0086191 -0.000476526 -0.0178668 -0.025377 -0.0357848 -0.000570853 0.00934742 0.0125407
internal_weight=71993.8 50134.5 1694.31 21859.3 5706.03 16153.2 4391.07 11762.2 2031.93 1365.43 889.362 2359.14 1175.38 1362.45
internal_count=34290 15759 677 18531 4684 13847 4898 8949 3053 2446 2187 1845 1081 723
is_linear=0
shrinkage=0.04


Tree=158
num_leaves=15
num_cat=0
split_feature=7 10 3 11 8 11 10 10 10 8 9 4 8 10
split_gain=32.7798 83.5853 79.3051 69.4087 109.988 78.2825 66.6377 119.313 109.474 87.7506 83.7919 122.833 84.4392 83.9977
threshold=1.3780117034912112 -0.99617367982864369 27.289062500000004 -0.99840793013572682 18.125000000000004 -0.99628248810768116 -0.6718577742576598 -0.21947178244590757 -0.53536762297153462 18.875000000000004 76.875000000000014 59.088541030883796 20.625000000000004 -0.97661703824996937
decision_type=2 2 2 2 2 2 2 2 2 2 2 2 2 2
left_child=1 -1 -3 4 -4 -5 9 8 -8 -7 12 -12 -11 -14
right_child=-2 2 3 5 -6 6 7 -9 -10 10 11 -13 13 -15
leaf_value=-0.024971240858940268 0.00023107777259565154 -0.038093580073213243 0.014808238260018609 0.013700083864285234 -0.036664074092470043 -0.0061380041009054956 -0.0087302347524995747 -0.0008784396169034739 -0.041901641976546299 0.022406017256658989 0.031336429177587194 -0.012229673211237082 0.024613082876848755 -0.031596461106869568
leaf_weight=241.07420126534998 65815.221900433302 74.981599858030677 85.409443646669388 557.62558254599571 182.76829786598682 990.10236196964979 502.4054156690836 1879.5612400472164 223.57942278683186 719.25185384228826 112.92966867983341 450.0018706638366 51.776199914515018 88.102014508098364
leaf_count=806 23616 1752 58 218 287 1484 693 2807 418 741 189 943 36 242
internal_value=-3.0389e-05 -0.00281588 -0.00183238 -0.00123874 -0.0203811 -0.000248419 -0.00184677 -0.00625994 -0.0197954 0.00293247 0.00924527 -0.0027146 0.0169653 -0.0103141
internal_weight=71974.8 6159.57 5918.49 5843.51 268.178 5575.34 5017.71 2605.55 725.985 2412.16 1422.06 562.932 859.13 139.878
internal_count=34290 10674 9868 8116 345 7771 7553 3918 1111 3635 2151 1132 1019 278
is_linear=0
shrinkage=0.04


Tree=159
num_leaves=15
num_cat=0
split_feature=3 11 11 8 9 3 5 11 5 10 9 6 10 5
split_gain=30.7222 132.129 151.415 110.664 56.2639 53.1334 45.9554 41.989 138.262 182.035 81.0109 50.9102 49.6452 182.946
threshold=36.942708969116218 -0.0590442307293415 -0.88958057761192311 20.875000000000004 74.625000000000014 32.523437500000007 74.250000000000014 0.19741141051054004 89.750000000000014 -0.95468294620513905 75.125000000000014 13.926351070404055 -0.90882229804992665 79.750000000000014
decision_type=2 2 2 2 2 2 2 2 2 2 2 2 2 2
left_child=1 2 -1 4 5 -3 -5 12 -9 11 -11 -10 13 -2
right_child=7 3 -4 6 -6 -7 -8 8 9 10 -12 -13 -14 -15
leaf_value=-0.02697648517574866 0.021212485503503565 -0.00066704167880330084 0.016208374317670325 0.021648897449120481 -0.052245209253703163 -0.047404891108750902 -0.023894050659767851 0.017852936068723221 0.017561083036224459 -0.0063785663155228661 -0.047099873144677645 -0.003611130601348083 0.00048660807041595868 -0.0028996721736295867
leaf_weight=156.86010451987386 501.20968509465456 120.3078889567405 472.94082249701023 90.412393862381577 147.60086397267878 37.94359128177166 33.328729564324021 833.57749869674444 357.09550909698009 153.63969060778618 156.00696956366301 339.74980473518372 53663.195868082345 14899.024895481765
leaf_count=687 217 547 895 417 2035 148 291 456 123 73 185 87 21427 6702
internal_value=-3.02702e-05 -0.00672782 0.00495337 -0.0233115 -0.035589 -0.0159348 0.00776443 7.16693e-05 0.00600219 -0.00396922 -0.0285077 0.00742573 -8.80305e-05 -0.00208843
internal_weight=71962.9 1059.39 629.801 429.593 305.852 158.251 123.741 70903.5 1840.07 1006.49 309.647 696.845 69063.4 15400.2
internal_count=34290 5020 1582 3438 2730 695 708 29270 924 468 258 210 28346 6919
is_linear=0
shrinkage=0.04


Tree=160
num_leaves=15
num_cat=0
split_feature=6 10 3 11 4 11 3 10 10 10 10 10 9 11
split_gain=30.6193 87.4818 75.6772 63.1323 147.443 61.6011 74.9772 65.2359 119.987 127.125 107.931 90.853 132.679 188.78
threshold=1.0864555835723879 -0.99871450662612904 26.210937500000004 -0.99840793013572682 67.484375000000014 -0.99628248810768116 51.901041030883796 -0.6718577742576598 -0.21947178244590757 -0.134930245578289 -0.53536762297153462 -0.73289573192596424 75.625000000000014 0.11254711449146272
decision_type=2 2 2 2 2 2 2 2 2 2 2 2 2 2
left_child=1 -1 -3 4 -4 6 -5 11 10 -10 -9 12 13 -7
right_child=-2 2 3 5 -6 7 -8 8 9 -11 -12 -13 -14 -15
leaf_value=-0.027934651000165428 0.00028106808898209669 -0.037255268575053894 -0.039309474567342038 0.023175093749615953 0.0069860125509189023 0.0095107236435024774 -0.0024667355836190579 -0.0066581322592191156 0.02678055305329103 -0.0034875481970923316 -0.033427187189481858 0.013025710763179821 -0.011984327551852296 -0.03232248334758505
leaf_weight=186.80428045988083 62987.264378935099 74.275261428207159 198.02019940316677 353.8176241517067 212.00857074558735 1674.9248080011457 349.61227536201477 663.13862429559231 224.00837767124176 2444.5983439832926 370.9232682287693 910.57487717270851 1127.5280686542392 172.55890658311546
leaf_count=343 21398 1760 298 129 171 1372 170 842 126 3304 580 579 2424 794
internal_value=-3.04215e-05 -0.00221521 -0.00160548 -0.00121645 -0.0161604 -0.000440352 0.010715 -0.0014999 -0.00528562 -0.000766466 -0.0167124 0.00211621 -0.0012876 0.0052991
internal_weight=71950.1 8962.79 8775.99 8701.71 410.029 8291.69 703.43 7588.26 3702.67 2668.61 1034.06 3885.59 2975.01 1847.48
internal_count=34290 12892 12549 10789 469 10320 299 10021 4852 3430 1422 5169 4590 2166
is_linear=0
shrinkage=0.04


Tree=161
num_leaves=15
num_cat=0
split_feature=4 7 8 3 6 10 10 5 10 1 5 5 3 6
split_gain=29.6708 48.3297 60.7731 72.0839 59.9474 34.9142 76.5562 87.868 52.4358 54.8771 32.24 31.1689 98.3569 110.183
threshold=92.177082061767592 6.250619888305665 17.125000000000004 58.755208969116218 8.1056356430053729 -0.73289573192596424 -0.88189578056335438 98.250000000000014 -0.30239063501358027 4.3395996093750009 97.750000000000014 96.750000000000014 50.546875000000007 8.1056356430053729
decision_type=2 2 2 2 2 2 2 2 2 2 2 2 2 2
left_child=11 -2 -3 -4 10 6 7 -6 -7 -10 -5 -1 -13 -14
right_child=1 2 3 4 5 8 -8 -9 9 -11 -12 12 13 -15
leaf_value=-9.8807426044646385e-05 0.014386104955495978 0.0071599863393071415 -0.006172266074012508 -0.018371130945549655 -0.0072477457442294392 0.0091259567968697951 -0.016735185013503628 0.012344147382684306 0.0072400184136513709 -0.0080528259349328443 -0.00026748187702399176 -0.015280005911219148 0.012609714379413531 -0.003757244154119049
leaf_weight=55320.353432837874 451.8250347673893 2227.2020472884178 2348.2724003791809 308.14661610126495 681.5426983833313 2367.3261857032776 379.89511787891388 748.46741223335266 723.71263384819031 738.24783861637115 303.61993837356567 889.54258665814996 781.16467687487602 3667.2587534189224
leaf_count=29871 162 420 631 114 193 369 131 155 106 119 87 659 265 1008
internal_value=-3.05464e-05 0.00185155 0.00130288 -0.000227207 0.00201871 0.00331748 -0.00125189 0.00303548 0.00547247 -0.000486885 -0.00967919 -0.000380982 -0.00329403 -0.000839552
internal_weight=71936.6 11278.3 10826.4 8599.23 6250.96 5639.19 1809.91 1430.01 3829.29 1461.96 611.767 60658.3 5337.97 4448.42
internal_count=34290 2487 2325 1905 1274 1073 479 348 594 225 201 31803 1932 1273
is_linear=0
shrinkage=0.04


Tree=162
num_leaves=15
num_cat=0
split_feature=7 9 10 10 9 6 10 4 3 0 11 10 4 3
split_gain=28.7369 73.9704 83.8677 91.8461 56.8522 134.464 66.7709 54.5299 49.3002 67.6693 49.217 111.844 87.1648 77.7221
threshold=1.3780117034912112 77.875000000000014 -0.95468294620513905 -0.94127440452575672 73.625000000000014 0.56712627410888683 0.44945044815540319 39.377603530883796 38.539062500000007 0.15621185302734378 -0.96687281131744374 -0.6718577742576598 58.005208969116218 52.588541030883796
decision_type=2 2 2 2 2 2 2 2 2 2 2 2 2 2
left_child=1 4 -3 -4 5 -1 7 -6 -5 -10 -9 12 -12 -14
right_child=-2 2 3 8 6 -7 -8 10 9 -11 11 -13 13 -15
leaf_value=-0.047941846833752834 0.00021491820295701817 -0.043556774679549805 0.030466313396633252 -0.043607490763412832 -0.022165710588214517 0.012825997924528019 0.022285937257690874 0.0056498471733293053 0.0019472584834215778 -0.025985794176126262 -0.026227837861298186 -0.013884528546616759 0.0061929810529845718 -0.025153544773443906
leaf_weight=106.9102490413934 65795.609141111374 109.27717392332852 68.801295828074217 56.283123629167676 167.23198379576206 95.240638881921768 185.35204159095883 1552.5252536833286 359.45234692841768 203.45608060061932 142.08401757851243 1007.6306743696332 1962.7980672940612 115.59631633758545
leaf_count=392 23616 600 161 705 614 49 393 1428 430 260 1273 1373 2870 126
internal_value=-2.94759e-05 -0.0026437 -0.0138507 -0.00803519 -0.00092355 -0.0207347 -6.59234e-05 -0.000989596 -0.0131327 -0.00869398 -0.000159573 -0.00297114 0.00206098 0.00422642
internal_weight=71928.2 6132.64 797.27 687.993 5335.37 202.151 5133.22 4947.87 619.192 562.908 4780.63 3228.11 2220.48 2078.39
internal_count=34290 10674 2156 1556 8518 441 8077 7684 1395 690 7070 5642 4269 2996
is_linear=0
shrinkage=0.04


Tree=163
num_leaves=15
num_cat=0
split_feature=11 3 7 7 11 11 11 4 9 9 5 4 9 10
split_gain=28.6212 99.3187 114.995 76.5974 86.528 175.461 126.99 180.958 205.799 164.497 126.301 202.216 260.701 214.599
threshold=-0.99102616310119618 64.546875000000014 66.000366210937514 128.20100402832034 -0.96687281131744374 -0.95438989996910084 -0.92540621757507313 86.671875000000014 78.625000000000014 76.125000000000014 91.750000000000014 78.963542938232436 77.375000000000014 0.29008051753044134
decision_type=2 2 2 2 2 2 2 2 2 2 2 2 2 2
left_child=1 2 -1 4 -2 -6 7 10 9 -9 11 12 13 -7
right_child=3 -3 -4 -5 5 6 -8 8 -10 -11 -12 -13 -14 -15
leaf_value=-0.0032176661871939315 0.004142493208767104 0.0052328462922875078 -0.025621557822222744 -0.019430915111020564 -0.0096925312325512516 -0.058005449216732945 -0.0005148298376640351 0.0074459456769174846 -0.0080243676197557009 0.025680828436224403 -0.01515191833294843 0.015532035501522367 0.015049377650735628 -0.0094220070431168222
leaf_weight=6513.5889756828547 8407.5473915636539 2203.5750283002853 369.2522976398468 294.08340704441071 2934.6941044032574 150.22504100203514 43367.846717782319 1886.9196836948395 733.50874733924866 1374.3642466068268 797.848364174366 1160.0744225382805 631.95414215326309 1092.6061270982027
leaf_count=2925 3398 401 103 59 1143 155 23975 319 151 185 249 256 289 682
internal_value=-3.02466e-05 -0.00212603 -0.00449035 0.000273416 0.000372258 -0.000214653 0.000332224 0.00501463 0.0109497 0.0152401 -0.00119616 0.00254791 -0.00556552 -0.0161201
internal_weight=71918.1 9086.42 6882.84 62831.7 62537.6 54130 51195.3 7827.5 3994.79 3261.28 3832.71 3034.86 1874.79 1242.83
internal_count=34290 3429 3028 30861 30802 27404 26261 2286 655 504 1631 1382 1126 837
is_linear=0
shrinkage=0.04


Tree=164
num_leaves=15
num_cat=0
split_feature=4 5 8 6 9 11 7 11 10 10 8 10 4 11
split_gain=27.6272 40.7773 56.1396 43.4685 56.8771 65.2534 158.9 65.0311 176.979 76.7208 82.1458 64.5151 63.8813 60.0307
threshold=94.781250000000014 98.250000000000014 20.375000000000004 75.686786651611342 79.625000000000014 -0.99102616310119618 73.374080657958999 -0.31159031391143793 -0.98511216044425953 0.12214757129549982 19.875000000000004 -0.99871450662612904 54.692708969116218 -0.92540621757507313
decision_type=2 2 2 2 2 2 2 2 2 2 2 2 2 2
left_child=1 3 -3 4 5 6 -1 9 11 -6 -11 -9 -12 -7
right_child=-2 2 -4 -5 7 13 -8 8 -10 10 12 -13 -14 -15
leaf_value=-0.002017868535376042 0.0026833074394236717 -0.0089213657049089477 0.00441248863399677 0.010736150439251848 -0.00014179627729048451 0.0027866213273931391 -0.029834524747140215 0.014794654665692799 -0.042440166126379734 -0.036742080920507639 0.0078654812493306643 -0.011991093415899103 -0.022393533756592837 -0.0002008386350718151
leaf_weight=6889.8698214888573 5522.0506575703621 1808.0351062268019 684.07225900888443 571.20803904533386 3914.5825990736485 15456.311681121588 325.2990950345993 208.6093043088913 231.28958658128977 176.15697911009192 246.61860113963485 369.04611795954406 173.63874459266663 35321.060570659116
leaf_count=2863 1128 701 183 61 1404 5885 100 96 429 193 281 292 94 20580
internal_value=-2.99198e-05 -0.000256384 -0.00525529 -5.97921e-05 -0.000160553 0.000203124 -0.003351 -0.0041109 -0.0144131 -0.00220797 -0.0153247 -0.00214654 -0.00508605 0.000709264
internal_weight=71897.8 66375.8 2492.11 63883.7 63312.5 57992.5 7215.17 5319.94 808.945 4511 596.414 577.655 420.257 50777.4
internal_count=34290 33162 884 32278 32217 29428 2963 2789 817 1972 568 388 375 26465
is_linear=0
shrinkage=0.04


Tree=165
num_leaves=15
num_cat=0
split_feature=4 9 7 9 5 4 11 9 11 0 9 10 6 7
split_gain=27.2315 82.7295 57.2012 62.0149 36.2036 50.6062 128.13 125.502 122.568 109.26 92.7669 72.6879 118.09 89.1469
threshold=45.963541030883796 75.875000000000014 0.15621185302734378 75.125000000000014 74.750000000000014 72.244792938232436 0.28081613034009939 75.875000000000014 0.19741141051054004 2.752161026000977 74.125000000000014 -0.99617367982864369 2.2675931453704838 26.306247711181644
decision_type=2 2 2 2 2 2 2 2 2 2 2 2 2 2
left_child=1 2 3 -1 -2 -6 8 10 11 -10 -8 12 -7 -14
right_child=4 -3 -4 -5 5 6 7 -9 9 -11 -12 -13 13 -15
leaf_value=0.016319830576460862 0.0039984603734177226 -0.0017282868558023748 -0.053046065606317375 -0.039701220127984951 -0.0028569283549065888 -0.029446732385334566 -0.024379093064576113 -0.04640104821181678 0.032954814402205442 0.0052864863869435666 0.015824896854436672 0.00058046010112834082 0.00023787284599124329 -0.018127828120475298
leaf_weight=60.685542905703187 3560.3315756320953 1213.5122935865074 71.724450096487999 32.674978282302618 9345.8637206275016 283.06603924371302 164.89666211046278 161.26751417480409 311.19340966641903 768.00927832722664 163.41472886502743 52947.045145004988 2306.2914726734161 497.68272459506989
leaf_count=259 3495 1924 216 305 7484 493 173 310 149 213 64 18154 901 150
internal_value=-3.00356e-05 -0.00555698 -0.0304731 -0.00683207 7.95726e-05 -0.000129966 0.000313313 -0.0196556 0.000491308 0.0137192 -0.00460821 0.000231738 -0.00571457 -0.00312719
internal_weight=71887.7 1378.6 165.085 93.3605 70509.1 66948.7 57602.9 489.579 57113.3 1079.2 328.311 56034.1 3087.04 2803.97
internal_count=34290 2704 780 564 31586 28091 20607 547 20060 362 237 19698 1544 1051
is_linear=0
shrinkage=0.04


Tree=166
num_leaves=15
num_cat=0
split_feature=2 1 9 10 8 4 4 9 1 10 10 4 3 1
split_gain=26.7756 40.2818 132.759 124.624 57.9674 55.8803 122.937 99.1916 67.6123 63.53 55.502 54.6056 58.6673 59.2557
threshold=0.89583334326744091 3.9001464843750004 76.625000000000014 -0.134930245578289 19.375000000000004 88.718750000000014 75.963542938232436 79.125000000000014 6.5368652343750009 -0.83830440044403065 -0.6718577742576598 81.588542938232436 59.328125000000007 5.9051513671875009
decision_type=2 2 2 2 2 2 2 2 2 2 2 2 2 2
left_child=1 -1 3 11 -4 6 -6 10 -9 -8 -7 -3 -13 -14
right_child=-2 2 4 -5 5 7 9 8 -10 -11 -12 12 13 -15
leaf_value=0.00016458549479983698 0.003455764389201857 0.0042333702545713555 0.01264049060796521 -0.025223797860088947 0.012175189189706391 -0.01455957633848139 0.0029624678777294966 0.0019037109544983207 0.021486826485434068 -0.015841515496590203 0.0030411873721541004 -0.014923311942564655 0.0061730930018142451 -0.010705671271012107
leaf_weight=60007.101744350046 3340.2238984107971 734.26077830791473 636.50059711933136 577.3359802365303 475.50194072723389 461.82833516597748 383.32783007621765 530.00030755996704 593.56571614742279 1065.9571359157562 694.29151046276093 1083.5730167627335 644.58751904964447 648.07067537307739
leaf_count=31867 401 169 120 189 105 146 100 120 86 332 129 296 113 117
internal_value=-3.04631e-05 -0.000201329 -0.0027702 -0.00846656 0.00158624 -0.000139149 -0.00512937 0.00408217 0.0124441 -0.0108953 -0.00411771 -0.00521499 -0.00814552 -0.00232321
internal_weight=71876.1 68535.9 8528.8 3687.83 4840.97 4204.47 1924.79 2279.69 1123.57 1449.28 1156.12 3110.49 2376.23 1292.66
internal_count=34290 33889 2022 884 1138 1018 537 481 206 432 275 695 526 230
is_linear=0
shrinkage=0.04


Tree=167
num_leaves=15
num_cat=0
split_feature=0 9 3 10 5 4 10 8 11 4 11 10 11 6
split_gain=26.7689 136.257 66.6833 85.4352 61.984 52.5854 59.4761 66.0609 63.1035 88.1373 79.4568 59.4305 86.7541 86.5746
threshold=0.37550926208496099 73.375000000000014 27.289062500000004 0.44945044815540319 86.250000000000014 50.838541030883796 -0.99133047461509693 17.875000000000004 -0.99840793013572682 63.057291030883796 -0.97631725668907154 -0.6718577742576598 -0.94137725234031666 0.15251040458679202
decision_type=2 2 2 2 2 2 2 2 2 2 2 2 2 2
left_child=1 -1 4 5 -3 -4 7 -7 9 -8 -10 -12 13 -13
right_child=-2 2 3 -5 -6 6 8 -9 10 -11 11 12 -14 -15
leaf_value=-0.038278922138841792 0.0002073791665706138 -0.053497097646764948 -0.011859581654021558 0.022261701078450519 0.0099204101733401679 0.0090613311859987916 -0.045727100450153914 -0.023273700235979029 0.011643351324607032 -0.00056413633872580459 0.0030418242825204045 -0.023538692161253739 -0.019317916782070711 0.011083779470219816
leaf_weight=146.1824605371803 65700.027008660138 53.266047591343522 729.21011655777693 222.51231567189097 28.968701960518956 130.61709609627724 87.995954588055611 323.20008649304509 1041.9909328073263 193.56396135687828 2076.8747206069529 133.91822089254856 552.44653674960136 445.35455331206322
leaf_count=308 23757 1806 1800 308 165 152 158 636 661 186 3002 233 836 282
internal_value=-2.94127e-05 -0.00254495 -0.00155334 -0.000998427 -0.0335867 -0.0019785 -0.000491759 -0.0139774 0.000914078 -0.0167755 0.00215892 -0.0009742 -0.00826905 0.00256119
internal_weight=71866.1 6166.1 6019.92 5937.68 82.2347 5715.17 4985.96 453.817 4532.14 281.56 4250.58 3208.59 1131.72 579.273
internal_count=34290 10533 10225 8254 1971 7946 6146 788 5358 344 5014 4353 1351 515
is_linear=0
shrinkage=0.04


Tree=168
num_leaves=15
num_cat=0
split_feature=9 5 10 10 4 5 9 4 10 9 9 8 10 10
split_gain=25.5749 121.816 29.5665 151.207 180.862 256.978 220.474 206.425 140.313 122.674 107.951 88.1564 80.7051 305.246
threshold=72.875000000000014 83.250000000000014 -0.30239063501358027 -0.38307376205921168 86.531250000000014 91.750000000000014 78.625000000000014 80.234375000000014 -0.21947178244590757 76.875000000000014 76.125000000000014 19.125000000000004 -0.53536762297153462 -0.46092462539672846
decision_type=2 2 2 2 2 2 2 2 2 2 2 2 2 2
left_child=1 -1 3 12 5 7 10 -5 -4 -10 -6 -11 -2 -14
right_child=2 -3 8 4 6 -7 -8 -9 9 11 -12 -13 13 -15
leaf_value=0.023708560677021446 0.00034701544385360182 -0.004599839917096349 -0.0094922025206440434 -0.021659618041762002 0.0092122275555977101 -0.032775998023014841 -0.0079911812734303669 0.015529507475786703 -0.002495835656274628 0.014470133603501646 0.024525271533859083 0.0020997695186285993 -0.018719335212469244 0.0016687943810604752
leaf_weight=373.62614775821567 35515.363011503592 623.13069893419743 2886.3406072854996 317.19068932533264 1650.7107992172241 371.82681185007095 732.91584920883179 802.34051859378815 13494.158348474652 1036.0941647551954 1370.9774568080902 7334.8400767054409 1714.8103255182505 3631.7966245114803
leaf_count=119 19278 151 1134 199 270 146 151 182 6372 405 186 3429 1134 1134
internal_value=-2.9961e-05 0.00626896 -0.00012031 0.00047832 0.00685781 -0.00487998 0.0115213 0.00479769 -0.00123495 -0.000137254 0.0162755 0.00366172 -0.00034365 -0.00491566
internal_weight=71856.1 996.757 70859.4 46107.9 5245.96 1491.36 3754.6 1119.53 24751.4 21865.1 3021.69 8370.93 40862 5346.61
internal_count=34290 270 34020 22680 1134 527 607 381 11340 10206 456 3834 21546 2268
is_linear=0
shrinkage=0.04


Tree=169
num_leaves=15
num_cat=0
split_feature=8 0 4 8 9 11 1 10 10 10 9 2 10 4
split_gain=25.9248 53.351 71.4768 52.3717 33.2836 166.432 93.0038 68.6207 67.4719 384.457 213.045 211.528 173.764 217.001
threshold=16.625000000000004 2.0011425018310551 81.588542938232436 16.375000000000004 73.625000000000014 -0.0590442307293415 0.97160339355468761 -0.30239063501358027 -0.83830440044403065 -0.73289573192596424 76.125000000000014 0.10416666790843011 -0.90882229804992665 68.432292938232436
decision_type=2 2 2 2 2 2 2 2 2 2 2 2 2 2
left_child=1 2 -1 -3 5 7 -7 -2 12 -10 11 -11 -6 -14
right_child=4 3 -4 -5 8 6 -8 -9 9 10 -12 -13 13 -15
leaf_value=-0.033528070925143538 0.0061188997511799296 0.0014973172151207374 0.00082159146383277415 0.011572548921935296 -0.0011416286959021432 -0.040514793158078093 -0.0079943312131071365 -0.00062278768849484791 -0.015620177112068145 -0.001129065404892235 0.0020465868737483328 -0.012463417374252788 -0.018231163474772438 0.009278720335492938
leaf_weight=123.78474070504308 5775.2653103768826 3003.7802899181843 294.5910861492157 1122.263920545578 14457.345585897565 158.39710044115782 742.65597760677338 4136.515697710216 2880.5783233940601 8699.2259312868118 20759.654845714569 3761.7677937150002 482.41470150649548 5437.8986748158932
leaf_count=194 1344 736 187 233 10020 351 225 960 2004 5980 8880 1172 397 1607
internal_value=-2.88364e-05 0.00288845 -0.0104074 0.00428034 -0.00022665 0.00180446 -0.0144668 0.00330978 -0.000616004 -0.00165439 -0.000434738 -0.00456521 0.00122342 0.00698325
internal_weight=71836.1 4544.42 418.376 4126.04 67291.7 10812.8 901.053 9911.78 56478.9 36101.2 33220.6 12461 20377.7 5920.31
internal_count=34290 1350 381 969 32940 2880 576 2304 30060 18036 16032 7152 12024 2004
is_linear=0
shrinkage=0.04


Tree=170
num_leaves=15
num_cat=0
split_feature=4 9 8 5 8 10 10 4 10 9 9 0 10 4
split_gain=26.1314 37.382 59.8909 37.0848 42.2219 144.238 134.574 202.68 193.687 140.447 124.186 106.792 124.69 119.699
threshold=95.781250000000014 78.125000000000014 20.375000000000004 98.250000000000014 19.625000000000004 -0.73289573192596424 -0.88189578056335438 81.588542938232436 -0.90882229804992665 75.125000000000014 79.375000000000014 6.2523365020751962 -0.83830440044403065 91.968750000000014
decision_type=2 2 2 2 2 2 2 2 2 2 2 2 2 2
left_child=3 -2 -3 4 -1 6 8 9 -6 -8 -11 -9 -13 -14
right_child=1 2 -4 -5 5 -7 7 11 -10 10 -12 12 13 -15
leaf_value=0.00089760690987124726 0.00048905236131225238 0.0013332744767091218 0.019246194884265086 -0.0044692330404753119 -0.0057353365369056421 0.00093723330871286451 0.0040496678150125079 0.0076318572756403739 0.0097230083958382285 -0.047649706198377419 -0.0023481800095601054 0.0025502130545756781 -0.039247855186891258 -0.0013509579666097981
leaf_weight=36338.92123570852 2657.2548110485077 709.55739498138428 499.78399038314819 3102.3708412870765 6014.4301982615143 18487.278410259634 149.15777875483036 622.51187112927437 1632.6619857549667 474.20611557364464 123.07438665628433 447.76782143115997 347.6437206864357 211.55827224254608
leaf_count=17325 506 171 96 1016 4968 8274 88 272 505 609 76 114 198 72
internal_value=-2.88565e-05 0.00316109 0.00892882 -0.000211248 -6.23222e-06 -0.00115808 -0.00501701 -0.0132915 -0.00241821 -0.0302695 -0.0386935 -0.0052414 -0.0131933 -0.0254524
internal_weight=71818.2 3866.6 1209.34 67951.6 64849.2 28510.3 10023 2375.92 7647.09 746.438 597.281 1629.48 1006.97 559.202
internal_count=34290 773 267 33517 32501 15176 6902 1429 5473 773 685 656 384 270
is_linear=0
shrinkage=0.04


Tree=171
num_leaves=15
num_cat=0
split_feature=4 9 10 10 10 9 5 3 9 10 8 4 10 9
split_gain=26.4526 92.304 82.0539 78.4681 67.7352 53.907 51.2644 73.63 94.6845 61.2069 71.6018 59.9479 52.4941 96.095
threshold=50.838541030883796 76.125000000000014 0.44945044815540319 0.20687882602214816 0.20687882602214816 75.125000000000014 73.750000000000014 51.901041030883796 76.875000000000014 0.371137484908104 18.375000000000004 70.057292938232436 0.20687882602214816 79.125000000000014
decision_type=2 2 2 2 2 2 2 2 2 2 2 2 2 2
left_child=1 2 4 -3 5 -1 7 -2 -9 12 11 -11 -8 -14
right_child=6 3 -4 -5 -6 -7 9 8 -10 10 -12 -13 13 -15
leaf_value=0.018047926507501852 0.011499911672318853 -0.016183204680601904 0.0042797080106032996 0.0046521733439082551 -0.042211965017925686 -0.026590321006378828 -0.00022306981150000847 -0.022932028609497369 0.0049452064290077882 -0.036163051714127009 0.0028169846460855056 -0.0067534231062720256 0.0070548306303193035 -0.015858649775450241
leaf_weight=64.290998224169016 1434.3582577966154 346.76218134351075 163.71751296520233 1347.7616948895156 215.96441519260406 70.20041337236762 63084.118242509663 250.00238424539566 683.84058517217636 204.94963164627552 337.11898751556873 241.33331629633904 3054.3234921693802 304.78609645366669
leaf_count=280 1706 684 267 1563 477 382 26682 159 319 244 218 131 1054 124
internal_value=-2.84317e-05 -0.00431811 -0.0188168 0.000249444 -0.029255 -0.00567786 0.000108909 0.00586798 -0.00284226 -9.56512e-05 -0.0110701 -0.0212312 3.70361e-05 0.00489424
internal_weight=71803.5 2208.7 514.173 1694.52 350.456 134.491 69594.8 2368.2 933.843 67226.6 783.402 446.283 66443.2 3359.11
internal_count=34290 3653 1406 2247 1139 662 30637 2184 478 28453 593 375 27860 1178
is_linear=0
shrinkage=0.04


Tree=172
num_leaves=15
num_cat=0
split_feature=4 9 9 7 10 8 8 9 5 11 3 3 8 9
split_gain=25.0615 76.6982 53.8643 56.409 31.3276 85.8636 46.7092 39.2576 30.8405 111.741 99.8909 99.7337 97.8924 77.056
threshold=45.963541030883796 75.875000000000014 75.125000000000014 0.2188682556152344 0.44945044815540319 19.875000000000004 20.625000000000004 76.375000000000014 79.250000000000014 -0.99840793013572682 58.192708969116218 38.169271469116218 20.625000000000004 74.875000000000014
decision_type=2 2 2 2 2 2 2 2 2 2 2 2 2 2
left_child=1 2 3 -1 5 7 -6 -3 9 -2 11 12 13 -11
right_child=8 4 -4 -5 6 -7 -8 -9 -10 10 -12 -13 -14 -15
leaf_value=0.015636821021019261 -0.020381801300396071 0.0027891893451603583 -0.051075784910141461 -0.039276274375658858 0.017851744887009736 0.0013444150546413993 -0.013974115543360545 -0.03651915636113532 -0.0001958772607650607 -0.0045153927484071999 -0.01913729052144782 0.0060559000135020817 0.011613330139691354 -0.053423373508242201
leaf_weight=60.285096693783998 301.54054713249207 49.92911022529006 72.531471338123083 28.216095715761185 229.89567288011312 695.09055346436799 87.602143380790949 149.5094548240304 63694.519429020584 95.926167648285627 271.19691878557205 5839.7811717018485 115.55522841401398 102.50870524719357
leaf_count=259 312 126 442 79 314 936 177 371 25602 465 139 3235 602 1231
internal_value=-2.86191e-05 -0.00534145 -0.0296326 -0.0058833 -0.00168543 -0.00550438 0.00876281 -0.0273211 7.64568e-05 0.00264817 0.00378892 0.00485801 -0.0164497 -0.0323588
internal_weight=71794.1 1373.06 161.033 88.5012 1212.03 894.529 317.498 199.439 70421 6726.51 6424.97 6153.77 313.99 198.435
internal_count=34290 2704 780 338 1924 1433 491 497 31586 5984 5672 5533 2298 1696
is_linear=0
shrinkage=0.04


Tree=173
num_leaves=15
num_cat=0
split_feature=4 11 7 10 7 8 9 10 5 8 9 10 4 10
split_gain=24.8385 40.2767 53.1629 37.2476 50.5761 70.3565 49.3551 43.1662 29.9965 62.4771 46.9357 55.3809 74.4173 54.5831
threshold=94.239582061767592 -0.9852197766304015 73.374080657958999 -0.73289573192596424 9.3079090118408221 18.875000000000004 78.375000000000014 -0.60585239529609669 98.250000000000014 20.375000000000004 79.875000000000014 0.12214757129549982 53.786458969116218 -0.30239063501358027
decision_type=2 2 2 2 2 2 2 2 2 2 2 2 2 2
left_child=8 -2 3 4 -3 -6 -7 -5 10 -10 -1 13 -13 -12
right_child=1 2 -4 7 5 6 -8 -9 9 -11 11 12 -14 -15
leaf_value=0.00017846141843451578 -0.0071646411280685334 0.011102923724692073 0.012549123906998043 0.012866784159193415 0.0046363622435319782 -0.024052217313001351 -0.0052929855867447076 0.0018404619554228305 -0.0089704948002872157 0.0056138647624977538 -0.0064432432926265579 -0.0011100240041353614 -0.032715966868161833 0.003895873081826139
leaf_weight=59083.084605585784 628.60862147808075 341.04887813329697 838.94755625724792 730.43006443977356 655.21126914024353 338.3911464214325 642.52765774726868 2374.7692874670029 1607.1682166084647 645.04955178499222 2144.5324680749327 237.99966577813029 221.74202260375023 1295.4136504232883
leaf_count=30019 122 113 101 139 163 118 189 411 651 171 1250 317 131 395
internal_value=-2.95948e-05 0.00231471 0.00334176 0.00177868 -0.00249734 -0.00543214 -0.0121157 0.00449991 -0.000265612 -0.00478079 -0.000102686 -0.00434145 -0.0170825 -0.00254973
internal_weight=71784.9 6549.93 5921.33 5082.38 1977.18 1636.13 980.919 3105.2 65235 2252.22 62982.8 3899.69 459.742 3439.95
internal_count=34290 1356 1234 1133 583 470 307 550 32934 822 32112 2093 448 1645
is_linear=0
shrinkage=0.04


Tree=174
num_leaves=15
num_cat=0
split_feature=11 3 1 7 11 11 3 11 4 9 9 5 4 9
split_gain=24.3925 88.4954 100.474 70.8247 72.2505 155.497 100.357 98.5472 152.226 178.902 124.058 103.076 179.735 235.901
threshold=-0.99102616310119618 64.546875000000014 5.2185058593750009 128.20100402832034 -0.96687281131744374 -0.95438989996910084 42.526041030883796 -0.92540621757507313 86.671875000000014 79.125000000000014 76.125000000000014 91.750000000000014 78.963542938232436 77.375000000000014
decision_type=2 2 2 2 2 2 2 2 2 2 2 2 2 2
left_child=1 2 -1 4 6 -6 -2 8 11 10 -10 12 13 -7
right_child=3 -3 -4 -5 5 7 -8 -9 9 -11 -12 -13 -14 -15
leaf_value=-0.0029648325521866546 -0.019356889106265963 0.0049855223791870828 -0.02326299162678843 -0.018740305409467785 -0.0091162897628229642 -0.015618184464940208 0.0046105354540356474 -0.00042027335558199265 0.0066926908944527639 -0.009376614353944367 0.022265796147822696 -0.013898856921834646 0.014391210339015468 0.014106365442740002
leaf_weight=6475.6054109781981 270.00347796827555 2200.6249755620956 396.07691872119904 292.60438287258148 2931.9482160210609 1234.4753391742706 8121.9170869141817 43297.08938433975 1883.9561327695847 632.15328526496887 1462.8016135692596 792.81380277872086 1156.7022918462753 629.35676421225071
leaf_count=2898 669 401 130 59 1143 837 2729 23975 319 133 203 249 256 289
internal_value=-2.88019e-05 -0.00196502 -0.00419891 0.000251869 0.000346882 -0.000190004 0.00379521 0.000325631 0.00446065 0.00991354 0.0135912 -0.00125101 0.00213831 -0.00553795
internal_weight=71778.1 9072.31 6871.68 62705.8 62413.2 54021.3 8391.92 51089.3 7792.26 3978.91 3346.76 3813.35 3020.53 1863.83
internal_count=34290 3429 3028 30861 30802 27404 3398 26261 2286 655 522 1631 1382 1126
is_linear=0
shrinkage=0.04


Tree=175
num_leaves=15
num_cat=0
split_feature=4 9 10 10 10 9 5 3 9 10 8 4 10 9
split_gain=24.8063 82.7525 75.8194 70.6747 64.1034 49.5791 44.829 67.4808 86.4532 57.3469 66.8291 56.8637 49.9884 82.9727
threshold=50.838541030883796 76.125000000000014 0.44945044815540319 0.20687882602214816 0.20687882602214816 75.125000000000014 73.750000000000014 51.901041030883796 76.875000000000014 0.371137484908104 18.375000000000004 70.057292938232436 0.20687882602214816 79.125000000000014
decision_type=2 2 2 2 2 2 2 2 2 2 2 2 2 2
left_child=1 2 4 -3 5 -1 7 -2 -9 12 11 -11 -8 -14
right_child=6 3 -4 -5 -6 -7 9 8 -10 10 -12 -13 13 -15
leaf_value=0.017480873357550761 0.01089598084959662 -0.015497900782814279 0.0041897029635358136 0.0043062880059052582 -0.040900071277502427 -0.025423684153773798 -0.00021195953133903097 -0.022089430414689741 0.004592604372080508 -0.035190028687189102 0.0026851078304142963 -0.0064985007345284363 0.0067880850489505694 -0.014552530171916062
leaf_weight=64.1594134029001 1430.7594148013741 345.49579351767898 163.16052682697773 1345.3944911211729 211.84397673606873 69.423641225323081 63062.271120324731 248.90519362688065 683.18080991506577 203.23712681233883 337.15180192887783 241.24560511112213 3052.1005771160126 303.28140872716904
leaf_count=280 1706 684 267 1563 477 382 26682 159 319 244 218 131 1054 124
internal_value=-2.81586e-05 -0.00419107 -0.0180052 0.000125879 -0.0281444 -0.00522387 0.000104635 0.00549633 -0.00284694 -8.65258e-05 -0.0107211 -0.0205679 4.18171e-05 0.00478438
internal_weight=71761.6 2199.48 508.588 1690.89 345.427 133.583 69562.1 2362.85 932.086 67199.3 781.635 444.483 66417.7 3355.38
internal_count=34290 3653 1406 2247 1139 662 30637 2184 478 28453 593 375 27860 1178
is_linear=0
shrinkage=0.04


Tree=176
num_leaves=15
num_cat=0
split_feature=8 0 10 4 8 9 11 0 1 10 10 9 2 10
split_gain=23.6255 47.9425 68.9097 54.593 48.2917 29.1328 152.219 89.3665 69.2813 67.5038 337.561 189.879 199.8 156.052
threshold=16.625000000000004 2.0011425018310551 -0.96676719188690174 85.989582061767592 16.375000000000004 73.625000000000014 -0.0590442307293415 6.6947937011718759 0.71754455566406261 -0.83830440044403065 -0.73289573192596424 76.125000000000014 0.10416666790843011 -0.90882229804992665
decision_type=2 2 2 2 2 2 2 2 2 2 2 2 2 2
left_child=1 2 -1 -4 -3 6 -2 8 -8 13 -11 12 -12 -7
right_child=5 4 3 -5 -6 9 7 -9 -10 10 11 -13 -14 -15
leaf_value=0.0074044949123444918 0.0031221606591458136 0.0014042754664262509 -0.038094803222085034 0.0010792502274572101 0.011084170682793323 -0.0009828413724881789 -0.058973364547090103 -0.0060967210870937648 -0.013631605185482778 -0.014737696589949299 -0.0010402125251951749 0.0018638958897355009 -0.012064688723554054 0.0067214374801609243
leaf_weight=191.86958932876587 9907.3659985363483 3002.8173508942127 137.40183467790484 87.475730419158936 1120.6381643414497 14449.465742977336 88.055415272712708 670.19802391529083 140.59355020523071 2868.1113648861647 8684.1792546436191 20737.253460709006 3755.7582834362984 5911.7849001735449
leaf_count=122 2304 736 209 50 233 10020 317 187 72 2004 5980 8880 1172 2004
internal_value=-2.83049e-05 0.00275788 -0.00987164 -0.0240128 0.0040758 -0.000217275 0.00168345 -0.0138973 -0.0344322 -0.000581878 -0.00162157 -0.000479504 -0.00438265 0.00125846
internal_weight=71753 4540.2 416.747 224.878 4123.46 67212.8 10806.2 898.847 228.649 56406.6 36045.3 33177.2 12439.9 20361.3
internal_count=34290 1350 381 259 969 32940 2880 576 389 30060 18036 16032 7152 12024
is_linear=0
shrinkage=0.04


Tree=177
num_leaves=15
num_cat=0
split_feature=4 11 11 5 8 8 10 10 4 10 9 9 9 3
split_gain=23.8331 34.7261 41.9834 28.9943 44.3956 36.7086 120.248 129.563 187.383 165.544 130.593 119.138 116.85 103.103
threshold=95.072917938232436 -0.9852197766304015 -0.96687281131744374 98.250000000000014 20.375000000000004 19.625000000000004 -0.73289573192596424 -0.88189578056335438 81.588542938232436 -0.90882229804992665 75.125000000000014 79.375000000000014 77.125000000000014 48.088541030883796
decision_type=2 2 2 2 2 2 2 2 2 2 2 2 2 2
left_child=3 -2 -3 5 -5 -1 7 9 10 -7 -9 -12 -10 -8
right_child=1 2 -4 4 -6 6 13 8 12 -11 11 -13 -14 -15
leaf_value=0.00078965848539064125 -0.0070155725079072756 0.012596860706235813 0.0020643510123365318 -0.0073945833470469716 0.0041621300161119061 -0.0052490641117020134 0.010468086383954056 0.0038195063767444606 0.0077020184769420828 0.0090869666852121406 -0.046384428918187573 -0.0020019035838525767 -0.014107405743002056 -0.00014890249941620172
leaf_weight=35938.735534010455 515.68042683601379 704.41557717323303 3766.5432576537132 1954.9199025407434 713.0233536362648 5912.2290848400444 1583.9464521966875 148.88299544155598 659.84434458613396 1627.1846342384815 466.55252757668495 123.11429566144943 917.64204452931881 16705.204264968634
leaf_count=17260 101 86 826 731 190 4937 2023 88 233 504 609 76 407 6219
internal_value=-2.85124e-05 0.00263331 0.00377249 -0.000228092 -0.004298 -5.73641e-05 -0.00113875 -0.0046957 -0.0129285 -0.00213915 -0.0292794 -0.0374876 -0.00500256 0.000781021
internal_weight=71737.9 4986.64 4470.96 66751.3 2667.94 64083.3 28144.6 9855.45 2316.04 7539.41 738.55 589.667 1577.49 18289.2
internal_count=34290 1013 912 33277 921 32356 15096 6854 1413 5441 773 685 640 8242
is_linear=0
shrinkage=0.04


Tree=178
num_leaves=15
num_cat=0
split_feature=4 9 7 9 10 8 8 9 5 9 3 11 3 9
split_gain=24.9493 70.2595 50.951 53.0041 28.4494 77.8201 43.7877 38.3177 26.1906 103.38 114.808 89.8826 84.2903 94.7232
threshold=45.963541030883796 75.875000000000014 0.15621185302734378 75.125000000000014 0.44945044815540319 19.875000000000004 20.625000000000004 76.375000000000014 79.250000000000014 72.875000000000014 58.192708969116218 -0.99840793013572682 38.169271469116218 77.125000000000014
decision_type=2 2 2 2 2 2 2 2 2 2 2 2 2 2
left_child=1 2 3 -1 5 7 -6 -3 9 -2 11 -11 13 -13
right_child=8 4 -4 -5 6 -7 -8 -9 -10 10 -12 12 -14 -15
leaf_value=0.014958924287697038 0.02998884988877791 0.0032330219681454588 -0.050911587534610947 -0.037467720996719724 0.016948597921138637 0.0010183638295686067 -0.013859652360195729 -0.035502075553972105 -0.00017405344807675405 -0.020414263690799506 -0.021512086173444699 -0.032281542158346402 0.0048709845486390145 0.011098583881013405
leaf_weight=60.055789278820157 191.30955344624817 49.828235026448965 66.699947662651539 30.87422201782465 229.18501390516758 694.30565299466252 87.547021489590406 148.14869628101587 63645.039348745719 237.20061457157135 308.26042154431343 189.81975263543427 5669.4456427618861 117.61648705415428
leaf_count=259 64 126 216 305 314 936 177 371 25602 267 177 1539 3197 740
internal_value=-2.78119e-05 -0.00534117 -0.0288387 -0.00638775 -0.00185814 -0.00549879 0.00811557 -0.0263508 7.6883e-05 0.0024492 0.00155221 0.0027617 0.00374649 -0.0160213
internal_weight=71725.3 1366.64 157.63 90.93 1209.01 892.283 316.732 197.977 70358.7 6713.65 6522.34 6214.08 5976.88 307.436
internal_count=34290 2704 780 564 1924 1433 491 497 31586 5984 5920 5743 5476 2279
is_linear=0
shrinkage=0.04


Tree=179
num_leaves=15
num_cat=0
split_feature=10 10 10 4 9 4 9 8 4 9 10 10 9 9
split_gain=24.732 125.301 123.245 166.219 186.855 172.931 86.7433 81.2184 80.5716 99.5498 78.7707 276.674 654.702 291.662
threshold=-0.30239063501358027 -0.21947178244590757 -0.38307376205921168 81.192707061767592 78.375000000000014 78.963542938232436 76.875000000000014 19.125000000000004 85.546875000000014 76.125000000000014 -0.53536762297153462 -0.46092462539672846 77.625000000000014 77.875000000000014
decision_type=2 2 2 2 2 2 2 2 2 2 2 2 2 2
left_child=2 -2 10 5 8 -4 -3 -8 -5 -10 -1 13 -13 -12
right_child=1 6 3 4 -6 -7 7 -9 9 -11 11 12 -14 -15
leaf_value=0.00045806659239657648 -0.0087841478740030825 -0.0019536968228133747 -0.043583165079156577 -0.00057371179019392166 -0.0066303333950269066 0.0036910244236203278 0.013600319452118786 0.0017059496392745413 0.0088924398223999054 0.023331159076434502 -0.0091617645489706061 -0.01238767897514452 0.021807716236384569 -0.049237101268235821
leaf_weight=35906.143625576049 2930.2965268194675 13821.195368016139 188.31632426381111 621.88641139864922 1014.8540856838226 298.24739950895309 1031.7500907666981 7322.5909919533879 1822.3383810520172 1350.5029923915863 1382.4452206641436 2183.5971819162369 1489.6085904538631 352.71214950084686
leaf_count=19431 1143 6453 171 182 214 87 405 3429 302 187 867 834 309 276
internal_value=-2.8198e-05 -0.00103985 0.000516919 0.00624968 0.00851598 -0.015604 -9.51866e-06 0.00320386 0.0125802 0.0151459 -0.000220637 -0.00471164 0.0015227 -0.0177763
internal_weight=71716.5 25105.8 46610.7 5296.15 4809.58 486.564 22175.5 8354.34 3794.73 3172.84 41314.5 5408.36 3673.21 1735.16
internal_count=34290 11430 22860 1143 885 258 10287 3834 671 489 21717 2286 1143 1143
is_linear=0
shrinkage=0.04


Tree=180
num_leaves=15
num_cat=0
split_feature=4 8 10 6 6 4 9 8 5 5 3 11 3 6
split_gain=24.6336 74.5794 96.3791 71.7093 59.6505 55.1847 55.1251 47.1032 68.5735 37.8725 63.0874 58.9874 67.0895 69.3988
threshold=50.838541030883796 18.875000000000004 0.44945044815540319 1.0000000180025095e-35 1.0000000180025095e-35 31.036458015441898 78.375000000000014 20.875000000000004 58.375000000000007 73.750000000000014 54.234375000000007 -0.97631725668907154 50.348958969116218 0.49304366111755377
decision_type=2 2 2 2 2 2 2 2 2 2 2 2 2 2
left_child=1 2 3 -1 6 -6 -3 8 -7 10 11 -2 13 -13
right_child=9 4 -4 -5 5 7 -8 -9 -10 -11 -12 12 -14 -15
leaf_value=0.0017806491053821453 0.016535779676178891 -0.0069997310925997763 0.0022589952361151892 -0.053312885073490163 0.023434412610492252 -0.012082177547941855 -0.049160545770298637 -0.012582591567044915 0.009805776819080814 -7.1253612830770861e-05 -0.0074884599369861669 -0.0067625811147175308 -0.01151293397638675 0.018443963805702537
leaf_weight=48.934498403221369 793.27536594867706 203.99042236618698 155.62585099041462 129.21357682719827 151.1825969517231 300.98314144462347 49.611656537279487 366.61552341282368 785.95272174477577 67141.953575590625 490.23729082942009 264.18424337357283 358.86065047979355 451.8460171893239
leaf_count=346 363 1049 189 307 197 348 439 320 458 28453 277 1193 181 170
internal_value=-2.77911e-05 -0.00418324 -0.0210177 -0.0395273 -0.000968019 0.00195217 -0.0182382 -0.000569921 0.003636 0.000104442 0.00506489 0.00840352 0.00220944 0.00921279
internal_weight=71692.5 2192.11 333.774 178.148 1858.34 1604.73 253.602 1453.55 1086.94 69500.4 2358.4 1868.17 1074.89 716.03
internal_count=34290 3653 842 653 2811 1323 1488 1126 806 30637 2184 1907 1544 1363
is_linear=0
shrinkage=0.04


Tree=181
num_leaves=15
num_cat=0
split_feature=6 9 8 4 5 3 8 10 10 10 3 8 10 8
split_gain=24.0766 78.8534 84.2342 53.3126 53.8469 57.2311 53.381 45.4257 49.006 109.237 103.645 101.59 99.8812 168.31
threshold=1.0864555835723879 78.875000000000014 20.125000000000004 85.255207061767592 93.250000000000014 33.513021469116218 21.625000000000004 -0.99871450662612904 -0.6718577742576598 -0.21947178244590757 44.609375000000007 19.875000000000004 -0.88189578056335438 20.375000000000004
decision_type=2 2 2 2 2 2 2 2 2 2 2 2 2 2
left_child=1 3 -3 4 6 -6 7 -1 12 10 -10 -12 -9 -14
right_child=-2 2 -4 -5 5 -7 -8 8 9 -11 11 -13 13 -15
leaf_value=-0.02268713296073669 0.00024823553249898959 -0.041873371807871707 -0.0070322089651101982 0.017796745052456084 0.011699030740596805 -0.029574460877740832 0.027663140605328908 -0.0041984256113773164 0.00092141484615890332 -0.0002291963750308706 -0.03990101888049067 -0.0055802311068838227 0.014431659279901348 -0.022238370994575877
leaf_weight=135.24977771937847 62799.04971049726 130.68357668630779 465.59761257842183 216.05705307424068 60.629863262176514 184.04725475609303 83.436679020524025 1639.9659713823348 372.7015964537859 3342.4964429680258 326.56019802391529 241.64154753088951 1472.9091735780239 213.09822341799736
leaf_count=246 21398 495 1003 156 103 309 92 4147 448 3737 572 287 963 334
internal_value=-2.77019e-05 -0.00197418 -0.0157792 -0.000945481 -0.00148984 -0.0192359 -0.000887551 -0.0012656 -0.000826381 -0.00364757 -0.0155336 -0.0259913 0.00280701 0.00959048
internal_weight=71684.1 8885.07 596.281 8288.79 8072.74 244.677 7828.06 7744.62 7609.37 4283.4 940.903 568.202 3325.97 1686.01
internal_count=34290 12892 1498 11394 11238 412 10826 10734 10488 5044 1307 859 5444 1297
is_linear=0
shrinkage=0.04


Tree=182
num_leaves=15
num_cat=0
split_feature=10 10 10 4 9 3 4 9 5 9 8 10 10 9
split_gain=23.0396 115.095 113.697 153.404 172.727 156.19 129.895 81.5654 75.639 134.124 74.7831 71.6877 254.966 604.405
threshold=-0.30239063501358027 -0.21947178244590757 -0.38307376205921168 81.192707061767592 78.375000000000014 62.901041030883796 78.963542938232436 76.875000000000014 94.250000000000014 75.625000000000014 19.125000000000004 -0.53536762297153462 -0.46092462539672846 77.625000000000014
decision_type=2 2 2 2 2 2 2 2 2 2 2 2 2 2
left_child=2 -2 11 5 8 6 -4 -3 9 -5 -9 -1 -13 -14
right_child=1 7 3 4 -6 -7 -8 10 -10 -11 -12 12 13 -15
leaf_value=0.00043714118680625281 -0.0084288928659122971 -0.0019021184391615085 -0.05578583405877046 0.005834952214892412 -0.0063788955672571916 0.012497175471207673 -0.0035480339552089969 0.013089520266731635 0.0062901006357589245 0.02719131077025538 0.001663963969625099 -0.017072894392273719 -0.011881213326835607 0.021011783605264185
leaf_weight=35898.98058706522 2928.5303519964218 13816.315685238689 152.56574732065201 867.15754249691963 1014.5826234817505 189.62135291099548 141.51746451854706 1029.303278516978 1876.674008846283 1045.364250421524 7319.059741538018 1727.8291002064943 2180.8935216963291 1485.1078126132488
leaf_count=19431 1143 6453 166 202 214 37 55 405 303 166 3429 1143 834 309
internal_value=-2.778e-05 -0.00100443 0.000498553 0.0060096 0.00818362 -0.0150487 -0.0324748 -1.6746e-05 0.0120958 0.0176687 0.00310058 -0.000209696 -0.00450047 0.00148554
internal_weight=71673.5 25093.2 46580.3 5287.48 4803.78 483.705 294.083 22164.7 3789.2 1912.52 8348.36 41292.8 5393.83 3666
internal_count=34290 11430 22860 1143 885 258 221 10287 671 368 3834 21717 2286 1143
is_linear=0
shrinkage=0.04


Tree=183
num_leaves=15
num_cat=0
split_feature=9 1 4 10 6 3 8 3 10 10 9 8 4 10
split_gain=23.9606 122.186 79.8501 84.0639 102.941 80.3335 73.973 71.6172 63.4762 291.787 171.13 168.321 136.486 136.088
threshold=74.125000000000014 9.3658447265625018 68.630207061767592 -0.88189578056335438 2.1033346652984624 31.966145515441898 18.875000000000004 34.471353530883796 -0.83830440044403065 -0.73289573192596424 75.375000000000014 19.125000000000004 90.531250000000014 -0.90882229804992665
decision_type=2 2 2 2 2 2 2 2 2 2 2 2 2 2
left_child=1 2 5 4 7 -1 -7 -4 13 -10 11 12 -11 -2
right_child=8 -3 3 -5 -6 6 -8 -9 9 10 -12 -13 -14 -15
leaf_value=0.021590438995035998 -0.00083062638986658444 -0.018336146096157774 0.0042171142142710819 0.0037562898081775877 -0.00059042600662087086 -0.039650732747249326 -0.0056482395543341803 -0.031667819149516191 -0.014101475357274891 -0.015467534330479838 0.0010477599437327255 0.0020240927475636207 0.0044759553627722656 0.0065472144948349143
leaf_weight=68.844377186149359 13393.263260450214 479.88038372993469 120.00838367640972 13415.543440550566 4380.0598311424255 168.37977972626686 241.65165273100138 282.33903945982456 2690.0131427496672 2974.0900009069592 24824.499185863882 2269.3362608514726 662.85021406412125 5681.5500057935715
leaf_count=252 9420 91 208 3342 1311 251 201 374 1884 2332 11280 1296 164 1884
internal_value=-2.6876e-05 0.00118326 0.00170386 0.00213448 -0.00241169 -0.0140898 -0.0208061 -0.0212716 -0.00046876 -0.00151925 -0.000409417 -0.0065169 -0.0118281 0.00137146
internal_weight=71652.3 19156.7 18676.8 18198 4782.41 478.876 410.031 402.347 52495.6 33420.8 30730.8 5906.28 3636.94 19074.8
internal_count=34290 6030 5939 5235 1893 704 452 582 28260 16956 15072 3792 2496 11304
is_linear=0
shrinkage=0.04


Tree=184
num_leaves=15
num_cat=0
split_feature=4 11 7 10 7 8 9 10 8 3 1 0 4 5
split_gain=23.427 33.4913 48.5543 31.6083 47.6272 62.6425 46.8092 39.9052 29.2383 33.8278 28.9232 86.498 50.7859 64.507
threshold=94.239582061767592 -0.9852197766304015 73.374080657958999 -0.73289573192596424 9.3079090118408221 18.875000000000004 78.375000000000014 -0.60585239529609669 18.125000000000004 65.911457061767592 3.9001464843750004 40.072631835937507 85.401042938232436 90.750000000000014
decision_type=2 2 2 2 2 2 2 2 2 2 2 2 2 2
left_child=10 -2 3 4 -3 -6 -7 -5 -9 -10 -1 12 13 -12
right_child=1 2 -4 7 5 6 -8 8 9 -11 11 -13 -14 -15
leaf_value=5.5559667255909672e-05 -0.0064012390609248446 0.010946081072447957 0.011997829316900957 0.012252886724149483 0.0043976277995933823 -0.023063398220732664 -0.0047887861837319322 0.0059793633231145565 -0.0098829153019194555 0.003537735034648336 -0.014828899668033399 0.0021954725429897287 -0.010585625542256926 0.0016227408022672269
leaf_weight=57275.857678228989 627.53235256671906 341.02895921468735 837.05025577545166 729.31728363037109 655.01608073711395 337.03484559059143 641.77814090251923 1202.0968693494797 550.1162257194519 619.36680793762207 467.23552599549294 3448.4728990793228 2164.1713578701019 1740.4822797775269
leaf_count=31111 122 113 101 139 163 118 189 198 118 95 170 589 615 449
internal_value=-2.67978e-05 0.00225151 0.00318832 0.00169414 -0.00224739 -0.00510033 -0.0114171 0.00420269 0.0016453 -0.00283527 -0.000256325 -0.00253486 -0.00625908 -0.00196091
internal_weight=71636.6 6540.34 5912.81 5075.76 1974.86 1633.83 978.813 3100.9 2371.58 1169.48 65096.2 7820.36 4371.89 2207.72
internal_count=34290 1356 1234 1133 583 470 307 550 411 213 32934 1823 1234 619
is_linear=0
shrinkage=0.04


Tree=185
num_leaves=15
num_cat=0
split_feature=4 9 10 10 9 10 8 5 3 9 10 8 4 3
split_gain=23.192 71.3655 97.583 58.2064 73.9003 46.5671 44.3703 34.9441 59.7663 76.8495 49.3507 61.3934 66.2434 54.8555
threshold=50.838541030883796 75.875000000000014 0.44945044815540319 0.20687882602214816 75.125000000000014 0.20687882602214816 19.625000000000004 73.750000000000014 51.901041030883796 76.875000000000014 0.371137484908104 18.125000000000004 70.057292938232436 47.588541030883796
decision_type=2 2 2 2 2 2 2 2 2 2 2 2 2 2
left_child=1 2 3 4 -1 6 -3 8 -2 -10 -9 12 -12 -13
right_child=7 5 -4 -5 -6 -7 -8 10 9 -11 11 13 -14 -15
leaf_value=0.017421402582163705 0.0099626218125809171 -0.037361122261074201 0.0071912799233488671 -0.047945841702046597 -0.040792160561504816 0.002709296020355639 -0.0050580017240258257 5.2523282199701336e-05 -0.021172149813180118 0.0040375635675667567 -0.038448417128876249 0.016166123306901873 -0.0052676049044949828 -0.012229564985897308
leaf_weight=64.196093302220106 1425.7161845844239 71.264810003340244 139.14716262556612 146.56019082665443 40.548303911462426 1423.6755387894809 300.57045193389058 66311.553400419652 247.70162975788116 681.37038508057594 166.88123860955238 184.98951682448387 213.98810367286205 212.23756191134453
leaf_count=280 1706 234 228 392 297 1687 535 27860 159 319 215 145 118 115
internal_value=-2.59228e-05 -0.00406368 -0.0191118 -0.0331323 -0.0080411 -0.000616828 -0.0128401 0.000102311 0.00487081 -0.00298817 -6.6461e-05 -0.00995384 -0.020999 0.0011354
internal_weight=71630.4 2185.96 390.452 251.305 104.744 1795.51 371.835 69444.4 2354.79 929.072 67089.6 778.096 380.869 397.227
internal_count=34290 3653 1197 969 577 2456 769 30637 2184 478 28453 593 333 260
is_linear=0
shrinkage=0.04


Tree=186
num_leaves=15
num_cat=0
split_feature=11 3 7 8 10 9 7 6 7 9 9 6 8 9
split_gain=22.571 78.0651 95.8217 75.4775 110.46 123.288 84.7547 148.548 66.1733 61.6522 70.9327 61.1253 50.6822 47.0068
threshold=-0.99102616310119618 64.546875000000014 66.000366210937514 18.625000000000004 -0.049391099484637373 75.125000000000014 48.061752319335945 4.0494382381439218 128.20100402832034 77.125000000000014 75.125000000000014 37.944782257080085 19.375000000000004 79.625000000000014
decision_type=2 2 2 2 2 2 2 2 2 2 2 2 2 2
left_child=1 2 3 4 6 -6 7 -1 11 10 -5 -2 -11 -3
right_child=8 13 -4 9 5 -7 -8 -9 -10 12 -12 -13 -14 -15
leaf_value=0.0016362403741322442 7.2445579055902322e-06 0.00063615171341403504 -0.023401327977252348 -0.0021012470017427419 0.00011113681871451242 0.022059104486768892 0.0067241320949859955 -0.045023905777363836 -0.018154540615212236 0.013153920424712848 -0.016947746106610137 0.0051166878855714781 -0.0038753935400793037 0.013122676482813239
leaf_weight=216.1674579679966 58286.064018957317 1509.3543672561646 364.57527196407318 882.73080992698669 1143.0815187692642 618.26638196408749 261.10383892059326 197.79548299312592 291.23577189445496 317.05403301119804 1237.3450342714787 3983.547859787941 1623.5341930687428 690.50102925300598
leaf_count=129 30185 282 103 385 410 240 40 116 59 105 745 617 755 119
internal_value=-2.66374e-05 -0.00189014 -0.0039906 -0.00283292 0.00271919 0.00797646 -0.0108326 -0.0217059 0.000243796 -0.0061612 -0.0108436 0.000335647 -0.000987336 0.0046384
internal_weight=71622.4 9061.51 6861.65 6497.08 2436.41 1761.35 675.067 413.963 62560.8 4060.66 2120.08 62269.6 1940.59 2199.86
internal_count=34290 3429 3028 2925 935 650 285 245 30861 1990 1130 30802 860 401
is_linear=0
shrinkage=0.04


Tree=187
num_leaves=15
num_cat=0
split_feature=8 3 4 1 4 0 3 3 4 9 11 0 10 10
split_gain=22.41 41.9443 64.3951 42.7184 40.839 33.5045 26.8473 75.8249 36.4548 26.3672 134.346 79.0918 63.7777 282.954
threshold=16.625000000000004 52.765625000000007 81.463542938232436 1.4659881591796877 86.822917938232436 3.5649776458740239 29.606770515441898 26.210937500000004 51.445312500000007 73.625000000000014 -0.0590442307293415 6.6947937011718759 -0.83830440044403065 -0.73289573192596424
decision_type=2 2 2 2 2 2 2 2 2 2 2 2 2 2
left_child=1 2 5 -3 -5 -1 7 -2 -9 10 -8 -12 -11 -14
right_child=6 3 -4 4 -6 -7 9 8 -10 12 11 -13 13 -15
leaf_value=-0.032775064652165065 -0.044699079557361028 0.012307913869664372 0.00097274184223619317 -0.0061493527737223634 0.0057915362362748061 -0.0029401680640418139 0.0029968381700509793 -0.024735982361792683 0.012598346283724776 0.001288829604381562 -0.032735988324005795 -0.0057876628231573694 -0.013554795458419495 -0.00047341021008347569
leaf_weight=134.86640449427068 62.43623848259449 948.24755352735519 1230.8539517372847 642.99147635698318 1470.7767748832703 105.57379478216171 9889.6776946038008 38.808242682367563 125.75184648670256 20169.818193566054 221.4299688488245 669.9624832868576 2856.0439185500145 33044.361292541027
leaf_count=204 1736 258 515 119 212 42 2294 422 519 9877 304 187 2004 15597
internal_value=-2.61397e-05 0.00268943 -0.00283526 0.00534521 0.00213562 -0.0209068 -0.000210411 -0.0133738 0.00206736 -0.000161728 0.00164808 -0.0130533 -0.000510177 -0.00152106
internal_weight=71611.6 4533.31 1471.29 3062.02 2113.77 240.44 67078.3 226.996 164.56 66851.3 10781.1 891.392 56070.2 35900.4
internal_count=34290 1350 761 589 331 246 32940 2677 941 30263 2785 491 27478 17601
is_linear=0
shrinkage=0.04


Tree=188
num_leaves=15
num_cat=0
split_feature=4 9 9 7 10 8 8 4 5 9 3 11 3 8
split_gain=21.3338 63.2581 48.3218 47.8038 24.0935 70.1288 39.2521 37.9343 22.8553 96.2362 102.415 85.3522 75.9059 88.6675
threshold=45.963541030883796 75.875000000000014 75.125000000000014 0.2188682556152344 0.44945044815540319 19.875000000000004 20.625000000000004 39.377603530883796 79.250000000000014 72.875000000000014 58.192708969116218 -0.99840793013572682 38.169271469116218 20.625000000000004
decision_type=2 2 2 2 2 2 2 2 2 2 2 2 2 2
left_child=1 2 3 -1 5 7 -6 -3 9 -2 11 -11 13 -13
right_child=8 4 -4 -5 6 -7 -8 -9 -10 10 -12 12 -14 -15
leaf_value=0.014624942629652058 0.028965410977402163 -0.041071514977094062 -0.048505426480627049 -0.036806355722955271 0.015933269350824567 0.0011337880031717391 -0.013285986687094584 -0.0060561309265565379 -0.00016431413254871553 -0.020086737745030465 -0.020402995559926432 -0.030887889149755706 0.0045954181396366924 0.011327378276145883
leaf_weight=59.676228759810328 189.68636523000896 92.927137250080705 67.7135658133775 25.767341420054436 227.61202538758516 693.1066147852689 87.204570770263672 102.6821097265929 63554.77850051783 235.57805237174034 306.92815375328064 190.36137172952294 5653.4405109286308 114.6028611548245
leaf_count=259 64 332 442 79 314 936 177 165 25602 267 177 1677 3197 602
internal_value=-2.65724e-05 -0.00495788 -0.0275695 -0.00492461 -0.00167679 -0.00503189 0.00752935 -0.0249575 7.00528e-05 0.00229019 0.00142539 0.00256923 0.00352919 -0.015303
internal_weight=71602.1 1356.69 153.157 85.4436 1203.53 888.716 314.817 195.609 70245.4 6690.6 6500.91 6193.98 5958.4 304.964
internal_count=34290 2704 780 338 1924 1433 491 497 31586 5984 5920 5743 5476 2279
is_linear=0
shrinkage=0.04


Tree=189
num_leaves=15
num_cat=0
split_feature=10 10 10 4 9 3 4 5 9 8 10 4 10 7
split_gain=21.1481 107.733 101.992 142.122 224.202 168.256 110.007 93.974 103.316 73.3537 107.041 124.772 128.852 93.6333
threshold=-0.30239063501358027 -0.21947178244590757 -0.38307376205921168 84.192707061767592 78.375000000000014 63.078125000000007 79.390625000000014 94.250000000000014 75.625000000000014 18.375000000000004 0.29008051753044134 74.171875000000014 0.44945044815540319 0.7514476776123048
decision_type=2 2 2 2 2 2 2 2 2 2 2 2 2 2
left_child=2 -2 -1 5 7 6 -4 8 -5 10 13 12 -12 -3
right_child=1 9 3 4 -6 -7 -8 -9 -10 -11 11 -13 -14 -15
leaf_value=-0.00019338805054175756 -0.0081486055241810022 0.019157591211291358 -0.046343630855562694 0.0085015988892620051 -0.0086863061880175247 0.01150004500881106 -0.0088168313448783106 0.0071970669771853632 0.029411086884967855 0.0014571402334688243 -0.041343822076139097 -0.0012887371872002584 -0.003868745288590038 -0.0025023302659581393
leaf_weight=41260.428441947326 2926.6287497878075 321.89472685009241 178.45155537128448 682.67793834209442 915.32879853248596 389.77984571456909 371.87317630648613 1844.5066315531731 893.79030847549438 15760.955840039998 360.18531864136457 611.72431999444962 246.45559606328607 4829.2905417084694
leaf_count=21717 1143 299 177 139 197 75 139 286 130 7614 455 187 249 1483
internal_value=-2.71261e-05 -0.000963578 0.000477291 0.00570279 0.00875602 -0.00826947 -0.0221839 0.0134463 0.0205763 -6.90147e-06 -0.00362278 -0.0141826 -0.0267285 -0.00107995
internal_weight=71594 25057.1 46536.8 5276.41 4336.3 940.105 550.325 3420.97 1576.47 22130.5 6369.55 1218.37 606.641 5151.19
internal_count=34290 11430 22860 1143 752 391 316 555 269 10287 2673 891 704 1782
is_linear=0
shrinkage=0.04


Tree=190
num_leaves=15
num_cat=0
split_feature=8 6 7 4 11 7 8 10 1 0 9 11 7 10
split_gain=21.6639 112.509 57.8783 41.5034 33.6881 45.6478 28.9377 26.8092 25.6654 27.0472 24.1015 133.097 100.979 62.8048
threshold=16.875000000000004 2.0164310932159428 0.43816566467285162 82.567707061767592 -0.9852197766304015 87.02588272094728 16.375000000000004 -0.30239063501358027 0.46949386596679693 6.4394474029541025 73.625000000000014 0.11254711449146272 20.325136184692386 -0.83830440044403065
decision_type=2 2 2 2 2 2 2 2 2 2 2 2 2 2
left_child=1 2 -1 -4 -3 6 8 -8 -6 -10 11 -2 -13 -12
right_child=10 4 3 -5 5 -7 7 -9 9 -11 13 12 -14 -15
leaf_value=0.010409398539677253 0.0024449631742486312 -0.0031890455472022533 -0.043213064080142721 -0.0096605198034738233 0.010189527587648765 0.017860382156863943 0.010083084469220502 -0.0012801694545186001 -0.0099726584820223133 0.0013868101902973834 0.0012187605323857784 -0.045606199020920987 -0.0046936286594611637 -0.0015849028147917662
leaf_weight=67.405583642423153 10016.099820312113 946.83569943904877 126.30733202397823 123.63459587097168 374.59655526280403 386.89448714256287 1435.7838619351387 425.00872254371643 402.43704146146774 1610.5526616573334 20042.181630084291 140.00291482172906 256.67808353900909 35223.853831838816
leaf_count=136 2418 221 212 112 145 38 384 128 190 324 11844 308 64 17766
internal_value=-2.65756e-05 0.00229112 -0.0201577 -0.0285616 0.00363476 0.00503635 0.00379027 0.00750168 0.00085945 -0.000959943 -0.000235391 0.00152808 -0.0206291 -0.000568084
internal_weight=71578.3 5899.46 317.348 249.942 5582.11 4635.27 4248.38 1860.79 2387.59 2012.99 65678.8 10412.8 396.681 55266
internal_count=34290 1890 460 324 1430 1209 1171 512 659 514 32400 2790 372 29610
is_linear=0
shrinkage=0.04


Tree=191
num_leaves=15
num_cat=0
split_feature=11 3 7 8 10 9 9 7 9 11 11 3 7 8
split_gain=20.3921 70.8943 89.3548 66.6626 103.91 116.388 75.6356 62.7222 57.8077 57.485 113.815 86.408 84.7669 86.2919
threshold=-0.99102616310119618 64.546875000000014 73.374080657958999 18.625000000000004 -0.049391099484637373 75.125000000000014 74.375000000000014 128.20100402832034 77.375000000000014 -0.96687281131744374 -0.95438989996910084 42.526041030883796 4.8181056976318368 18.875000000000004
decision_type=2 2 2 2 2 2 2 2 2 2 2 2 2 2
left_child=1 2 3 4 6 -6 -1 9 -5 11 -11 -2 13 -13
right_child=7 -3 -4 8 5 -7 -8 -9 -10 10 -12 12 -14 -15
leaf_value=-0.00011546838717200789 -0.018185934304152822 0.0044225583048039868 -0.024313031190265757 -0.0099899782270196011 -1.2714985781143833e-05 0.021208318352695665 -0.027064434092627345 -0.017697502734514148 -0.00035876539013228226 -0.007804942384474628 0.00028244117224293479 -0.0091406801610086439 0.0019712730484103143 0.015419676906485257
leaf_weight=421.88586068153381 267.26714018732309 2199.1732407808304 304.18398451805115 2339.2849147319794 1184.1488800942898 615.38839928805828 255.60075807571411 290.67842149734497 1729.6642934978008 2925.1584543287754 50936.150961304083 255.18061250448227 6326.7549912929535 1520.4643672704697
leaf_count=115 669 401 89 1232 418 240 172 59 762 1143 26261 229 1646 854
internal_value=-2.62883e-05 -0.00179883 -0.0038032 -0.00277898 0.00238292 0.0073976 -0.0107672 0.000230761 -0.00591764 0.000320162 -0.000159511 0.00340003 0.00415509 0.0118276
internal_weight=71571 9049.33 6850.16 6545.97 2477.02 1799.54 677.487 62521.7 4068.95 62231 53861.3 8369.67 8102.4 1775.64
internal_count=34290 3429 3028 2939 945 658 287 30861 1994 30802 27404 3398 2729 1083
is_linear=0
shrinkage=0.04


Tree=192
num_leaves=15
num_cat=0
split_feature=7 9 11 10 4 9 6 10 11 11 3 4 10 10
split_gain=21.0551 71.9606 77.9961 61.6137 57.8665 51.7171 113.312 54.7717 42.546 54.5273 84.6656 40.7001 38.3183 83.6283
threshold=1.3780117034912112 77.875000000000014 0.28081613034009939 -0.90882229804992665 58.744791030883796 73.625000000000014 0.56712627410888683 0.44945044815540319 -0.95438989996910084 -0.92540621757507313 51.026041030883796 39.377603530883796 1.0000000180025095e-35 -0.6718577742576598
decision_type=2 2 2 2 2 2 2 2 2 2 2 2 2 2
left_child=1 5 3 -3 -4 6 -1 11 -5 -10 -11 -7 13 -13
right_child=-2 2 4 8 -6 7 -8 -9 9 10 -12 12 -14 -15
leaf_value=-0.045468967494654157 0.00018280026587606552 -0.04176690663988903 0.040108149118432967 -0.024598534141046909 -0.021898161257403338 -0.019177549212990423 0.011235428302847994 0.020705419263030055 0.023845904754862816 -0.036832355477164735 0.0052139780126909474 0.0022182829017240468 0.0055028341351754185 -0.011246906269319543
leaf_weight=101.50676714815199 65506.149957180023 119.73430502042174 53.005973659455776 219.90455716103315 20.649065800011158 161.70399897173047 93.246996283531189 180.96501966565847 75.437007427215576 102.15750835649669 194.54105272889137 2201.8597220871598 1443.125811740756 1086.2829328775406
leaf_count=392 23616 626 135 377 302 614 49 393 77 484 155 4269 1323 1478
internal_value=-2.6048e-05 -0.00227897 -0.0134146 -0.0175498 0.0217607 -0.000574469 -0.0198013 0.000238366 -0.0114474 -0.00281779 -0.0106749 -0.000599809 0.000113189 -0.00227123
internal_weight=71560.3 6054.12 785.429 711.774 73.655 5268.69 194.754 5073.94 592.04 372.136 296.699 4892.97 4731.27 3288.14
internal_count=34290 10674 2156 1719 437 8518 441 8077 1093 716 639 7684 7070 5747
is_linear=0
shrinkage=0.04


Tree=193
num_leaves=15
num_cat=0
split_feature=4 8 10 6 6 9 4 8 5 7 5 0 5 3
split_gain=20.8232 65.1299 84.9124 69.7259 51.8196 52.8425 49.6802 42.3474 59.9407 35.0529 34.7773 30.0279 28.681 54.1904
threshold=50.838541030883796 18.875000000000004 0.44945044815540319 1.0000000180025095e-35 1.0000000180025095e-35 78.375000000000014 31.036458015441898 20.875000000000004 58.375000000000007 4.0065765380859384 54.125000000000007 0.56347846984863292 73.750000000000014 54.234375000000007
decision_type=2 2 2 2 2 2 2 2 2 2 2 2 2 2
left_child=1 2 3 -1 5 10 -6 8 -8 11 -3 -9 13 -2
right_child=12 4 -4 -5 6 -7 7 9 -10 -11 -12 -13 -14 -15
leaf_value=0.0027841779579611693 0.0075329877608705164 0.011993167072966724 0.0019958634164955616 -0.051574594445989004 0.022338110435927497 -0.047889672385000324 -0.011287918695198025 -0.01412181684341487 0.0092272939869805885 -0.025544984197123598 -0.018832346359901286 0.013342384821156492 -5.7492568942441842e-05 -0.0072194800233458837
leaf_weight=48.558315315283835 1856.6329289805144 83.379544211551547 155.22064469568431 123.51424503698945 149.56077961623669 47.477557761594653 299.16236238181591 113.82062669098377 783.51694010198116 149.78226181864738 119.08557440713048 101.66632810235023 67031.850303167477 488.64185556769371
leaf_count=346 1907 368 189 307 197 439 348 163 458 103 681 54 28453 277
internal_value=-2.60825e-05 -0.00386209 -0.0197559 -0.0375421 -0.000864932 -0.0170812 0.00185206 -0.000539493 0.00345668 -0.0119489 -0.00620079 -0.00113158 9.52423e-05 0.00442423
internal_weight=71551.9 2174.75 327.293 172.073 1847.45 249.943 1597.51 1447.95 1082.68 365.269 202.465 215.487 69377.1 2345.27
internal_count=34290 3653 842 653 2811 1488 1323 1126 806 320 1049 217 30637 2184
is_linear=0
shrinkage=0.04


Tree=194
num_leaves=15
num_cat=0
split_feature=8 0 10 4 8 4 7 3 3 4 9 11 2 4
split_gain=20.7251 38.9434 61.7092 49.1264 41.9287 25.7886 39.6099 25.1893 71.5961 34.2519 23.0911 118.653 70.8256 59.1189
threshold=16.625000000000004 2.0011425018310551 -0.96676719188690174 85.989582061767592 16.375000000000004 81.192707061767592 46.121978759765632 29.606770515441898 26.210937500000004 48.263021469116218 73.625000000000014 -0.0590442307293415 0.14583333581686023 71.515625000000014
decision_type=2 2 2 2 2 2 2 2 2 2 2 2 2 2
left_child=1 2 -1 -4 5 -3 -7 8 -2 -10 11 13 -13 -9
right_child=7 4 3 -5 -6 6 -8 10 9 -11 -12 12 -14 -15
leaf_value=0.0074231658498542684 -0.043763789451475084 0.0098474741460543944 -0.036092867240812211 0.0012179092393743739 0.010312683019871689 -0.0047260823238149761 0.0052427396750503721 -0.011640527624615617 -0.02676708630948707 0.011267344554459227 -0.00048285111280607786 -0.027331496623771517 -0.0038415671216668152 0.0034587889188809062
leaf_weight=191.1834681481123 61.063421059399843 454.00667259097099 133.13912378437817 87.429674953222275 1116.9927980303764 1419.585630685091 1124.9848515987396 414.60863149166107 30.490162054076791 132.53452451899648 56021.818948477507 303.88946244120598 583.33183336257935 9470.1285731941462
leaf_count=122 1736 133 209 50 233 441 162 290 354 587 27478 337 154 2004
internal_value=-2.62897e-05 0.00258696 -0.00886791 -0.0224318 0.00377033 0.00128108 -0.000312233 -0.000203544 -0.01303 0.0020062 -0.000156625 0.00153773 -0.0123125 0.00280323
internal_weight=71545.2 4527.32 411.752 220.569 4115.57 2998.58 2544.57 67017.9 224.088 163.025 66793.8 10772 887.221 9884.74
internal_count=34290 1350 381 259 969 736 603 32940 2677 941 30263 2785 491 2294
is_linear=0
shrinkage=0.04


Tree=195
num_leaves=15
num_cat=0
split_feature=4 9 8 10 4 5 8 0 8 10 4 5 9 10
split_gain=20.0224 31.1646 82.8725 45.455 31.4599 27.3122 42.5982 35.064 35.0428 108.178 119.36 106.754 106.674 145.131
threshold=95.072917938232436 78.125000000000014 18.875000000000004 -0.94127440452575672 97.989582061767592 98.250000000000014 20.375000000000004 6.5063953399658212 19.625000000000004 -0.73289573192596424 72.984375000000014 75.250000000000014 76.375000000000014 -0.98511216044425953
decision_type=2 2 2 2 2 2 2 2 2 2 2 2 2 2
left_child=5 2 4 -3 -2 8 7 -7 -1 10 11 -10 -12 -14
right_child=1 3 -4 -5 -6 6 -8 -9 9 -11 12 -13 13 -15
leaf_value=0.00078519081016910992 0.0055405986908046738 0.0158692636241985 -0.013534142526330697 0.0019655727295504349 -0.0041020078516553517 -0.017283362827878585 0.0041237581675333604 -0.004303016372104263 0.0069712525593711742 0.00072242268992823153 0.0032119686805710348 -0.028137573763814268 0.0029072783403343676 -0.010199008137178415
leaf_weight=35830.307245178148 2062.6440873742104 565.34105563163757 562.77707302570343 1072.0940027236938 715.13624513149261 413.38827508687973 712.7332888841629 1537.9163548946381 173.38202660810202 18233.559113668278 2836.9462155755609 556.15430648997426 1954.2176221031696 4311.907696897164
leaf_count=17260 367 111 146 256 133 316 190 415 1048 8242 1223 1294 1015 2274
internal_value=-2.64585e-05 0.00241531 0.000189306 0.00689953 0.00304654 -0.000209746 -0.00416258 -0.00720038 -4.36897e-05 -0.00110167 -0.00447888 -0.0198302 -0.00320782 -0.0061153
internal_weight=71538.5 4977.99 3340.56 1637.44 2777.78 66560.5 2664.04 1951.3 63896.5 28066.2 9832.61 729.536 9103.07 6266.13
internal_count=34290 1013 646 367 500 33277 921 731 32356 15096 6854 2342 4512 3289
is_linear=0
shrinkage=0.04


Tree=196
num_leaves=15
num_cat=0
split_feature=4 10 8 8 5 11 7 6 10 7 8 5 6 11
split_gain=20.4425 83.1755 137.564 84.3936 82.6595 78.9623 55.8236 66.1906 63.5596 53.7401 43.9786 41.3731 40.7522 62.8389
threshold=55.130208969116218 0.44945044815540319 20.125000000000004 20.625000000000004 71.250000000000014 -0.92540621757507313 4.8807621002197275 0.12123584747314455 0.12214757129549982 6.4960956573486337 18.625000000000004 67.250000000000014 0.04302263259887696 0.28081613034009939
decision_type=2 2 2 2 2 2 2 2 2 2 2 2 2 2
left_child=1 2 5 9 12 6 7 8 -1 11 -10 -3 13 -4
right_child=-2 3 4 -5 -6 -7 -8 -9 10 -11 -12 -13 -14 -15
leaf_value=0.029201601795382382 0.00012370989635341148 0.0090521700079422857 -0.02074417749944359 -0.020445572444959596 -0.023342556687608412 -0.035122804816675436 0.0066856467680415609 -0.026258715773259604 0.010924972026371677 -0.0018775533979113112 -0.029207341415289582 0.034168864927008838 0.0082337579687604915 0.02561013537525152
leaf_weight=65.625113606452942 68210.943497542292 236.56978723406792 173.96672498248518 120.84810343571007 168.35095127299428 275.84235288016498 211.86665517091751 378.01555562019348 60.526101507246494 231.2641863822937 85.307696342468262 202.38707160949707 1064.5921135097742 43.210323803126812
leaf_count=26 29548 434 659 241 147 1200 81 404 138 111 278 94 663 266
internal_value=-2.58315e-05 -0.00308206 -0.0066183 0.0081001 0.00144806 -0.0173058 -0.0104668 -0.0166488 0.00131504 0.0136905 -0.0132422 0.0216169 0.00501273 -0.0101395
internal_weight=71529.3 3318.37 2527.3 791.069 1450.12 1077.18 801.341 589.474 211.459 670.221 145.834 438.957 1281.77 217.177
internal_count=34290 4742 3862 880 1735 2127 927 846 442 639 416 528 1588 925
is_linear=0
shrinkage=0.04


Tree=197
num_leaves=15
num_cat=0
split_feature=11 3 1 7 11 11 3 7 8 9 3 3 11 4
split_gain=19.9261 64.8437 85.472 59.0003 52.2139 107.001 78.3756 81.0934 127.59 80.0253 74.3453 108.445 65.3998 113.275
threshold=-0.99102616310119618 64.546875000000014 5.2185058593750009 128.20100402832034 -0.96687281131744374 -0.95438989996910084 42.526041030883796 4.8181056976318368 18.625000000000004 78.125000000000014 60.609375000000007 55.557291030883796 -0.92540621757507313 86.671875000000014
decision_type=2 2 2 2 2 2 2 2 2 2 2 2 2 2
left_child=1 2 -1 4 6 -6 -2 8 -8 -10 11 -9 13 -7
right_child=3 -3 -4 -5 5 12 7 10 9 -11 -12 -13 -14 -15
leaf_value=-0.0025598130018735766 -0.017374916761988594 0.0041715877695244511 -0.021362303721747581 -0.017174163565246245 -0.0075560523968554207 -0.0012797407341472878 -0.020902317876281086 0.0042382228529485441 0.019731162477772443 -0.0012898401632193087 0.0064548019586319182 -0.010094473716046489 -0.00032044050346610671 0.0083838380354035631
leaf_weight=6449.4908938407898 265.4000369310379 2198.8866821527481 392.29604852199554 290.14800596237183 2923.9647924304008 3783.1937182694674 158.97968758642673 1861.4055219292641 1237.5393908619881 373.45765240490437 2949.5688930749893 1514.3388743400574 43166.418199886568 3955.237850189209
leaf_count=2898 669 401 130 59 1143 1631 172 623 643 268 535 488 23975 655
internal_value=-2.51961e-05 -0.00177823 -0.00369704 0.000228953 0.000315643 -0.000141559 0.00325257 0.00396998 0.0114885 0.0149021 0.00183654 -0.00221292 0.000287128 0.00366835
internal_weight=71520.3 9040.67 6841.79 62479.7 62189.5 53828.8 8360.69 8095.29 1769.98 1611 6325.31 3375.74 50904.8 7738.43
internal_count=34290 3429 3028 30861 30802 27404 3398 2729 1083 911 1646 1111 26261 2286
is_linear=0
shrinkage=0.04


Tree=198
num_leaves=15
num_cat=0
split_feature=4 10 8 3 7 8 5 9 7 7 5 10 10 8
split_gain=19.6324 78.1854 127.299 101.475 85.3535 78.7755 67.0017 53.8659 50.1704 45.613 39.2816 45.4132 51.903 46.4101
threshold=55.130208969116218 0.44945044815540319 19.875000000000004 48.828125000000007 0.093984603881835951 20.625000000000004 70.750000000000014 74.875000000000014 6.4960956573486337 4.8807621002197275 74.750000000000014 0.371137484908104 0.20687882602214816 18.625000000000004
decision_type=2 2 2 2 2 2 2 2 2 2 2 2 2 2
left_child=1 2 3 4 7 8 -4 -1 -3 -5 -2 12 -12 -13
right_child=10 5 6 9 -6 -7 -8 -9 -10 -11 11 13 -14 -15
leaf_value=0.019302595533611282 0.005898801780156262 0.020919846706800041 0.0035468351494695603 -0.014621810792600885 -0.048896704214847653 -0.019785558090786411 -0.019465972325335045 -0.02387496584698608 -0.0017966783836313332 0.0095192595535527006 -0.00018111936103927493 -0.016994571229474426 0.0050808107369722756 0.004641535396376701
leaf_weight=51.134849824011326 1812.4794091563672 437.25374556332827 1404.6448699841276 331.55789491534233 217.43403988331556 120.48085947148502 215.95619510114193 120.93651083111763 231.25784593820572 177.5574836730957 62564.730754629709 469.67081382870674 3130.2970980256796 223.98132102191448
leaf_count=229 1655 528 1797 221 554 241 190 807 111 64 26301 388 1063 141
internal_value=-2.48263e-05 -0.00302466 -0.00645925 -0.018355 -0.0332145 0.00783043 0.000280302 -0.0103699 0.0132376 -0.00616087 0.00012153 -3.79249e-05 7.10759e-05 -0.010074
internal_weight=71509.4 3308.21 2519.22 898.621 389.505 788.992 1620.6 172.071 668.512 509.115 68201.2 66388.7 65695 693.652
internal_count=34290 4742 3862 1875 1590 880 1987 1036 639 285 29548 27893 27364 529
is_linear=0
shrinkage=0.04


Tree=199
num_leaves=15
num_cat=0
split_feature=4 11 9 11 0 9 11 10 11 11 9 8 0 11
split_gain=19.196 111.01 122.074 120.283 106.149 80.5269 69.6818 213.739 87.7372 85.7588 97.8264 77.0224 244.306 108.603
threshold=72.244792938232436 0.28081613034009939 75.875000000000014 0.19741141051054004 2.752161026000977 74.125000000000014 0.28081613034009939 -0.92569038271903981 0.11254711449146272 1.0000000180025095e-35 76.125000000000014 18.375000000000004 0.093984603881835951 -0.99102616310119618
decision_type=2 2 2 2 2 2 2 2 2 2 2 2 2 2
left_child=6 3 5 -2 -5 -3 8 -8 9 11 -11 12 -1 -13
right_child=1 2 -4 4 -6 -7 7 -9 -10 10 -12 13 -14 -15
leaf_value=0.012986094598594013 0.00020812028491087639 -0.022268339893079268 -0.045030504155559606 0.032670985664823189 0.0052992205513641326 0.015352643323308495 0.024194512441520405 -0.054938891772331307 -0.02238024144303756 0.020658487067519656 -0.017529183483612751 -0.0090882656961168116 -0.0156153557542053 0.0014341518602616408
leaf_weight=624.42742811888456 55817.952354261652 161.71330730803311 158.20163598284125 308.00866394862533 767.19059187173843 163.1111862808466 388.78016742318869 43.843944388441741 305.31815864518285 498.04691614583135 118.96303963288665 1909.9868356138468 1854.0490575954318 8381.0409227851778
leaf_count=740 19698 173 310 149 213 64 656 1083 1259 360 278 1284 1489 6534
internal_value=-2.47464e-05 0.000300528 -0.018408 0.000465778 0.0135937 -0.00358215 -0.00134463 0.0141016 -0.00185254 -0.00135166 0.0129765 -0.00206319 -0.00836324 -0.00053262
internal_weight=71500.6 57376.2 483.026 56893.2 1075.2 324.824 14124.5 432.624 13691.8 13386.5 617.01 12769.5 2478.48 10291
internal_count=34290 20607 547 20060 362 237 13683 1739 11944 10685 638 10047 2229 7818
is_linear=0
shrinkage=0.04


Tree=200
num_leaves=15
num_cat=0
split_feature=8 3 4 1 4 0 3 3 4 4 11 9 5 5
split_gain=18.7409 36.1883 56.727 40.1933 36.9787 29.4233 24.5447 65.8044 32.1678 21.673 21.5806 153.83 98.3844 118.437
threshold=16.625000000000004 52.765625000000007 81.463542938232436 1.4659881591796877 89.989582061767592 3.5649776458740239 29.606770515441898 26.210937500000004 48.263021469116218 81.067707061767592 0.19741141051054004 78.375000000000014 90.750000000000014 77.250000000000014
decision_type=2 2 2 2 2 2 2 2 2 2 2 2 2 2
left_child=1 2 5 9 -5 -1 7 -2 -9 -3 -8 12 13 -12
right_child=6 3 -4 4 -6 -7 10 8 -10 -11 11 -13 -14 -15
leaf_value=-0.03108000375635589 -0.042761211455363893 0.019388279036393445 0.00088067933506277949 -0.0037123848906136657 0.0067951927735619777 -0.0029527353154906043 -0.00026746767339102981 -0.026403577965594626 0.010602000242740632 0.0066774348623212798 -0.019429524864363057 -0.032705365604577964 -0.0043556624550889064 0.020525465016605904
leaf_weight=131.61324103549123 59.397279873490334 350.48646757006645 1228.8241638839245 1002.3194134235382 1108.8430296182632 105.52326184511185 64943.825628835708 30.079274796880782 131.14241695217788 595.05021306872368 120.50662444531918 145.51352494582534 646.47083895653486 885.88466627895832
leaf_count=204 1736 95 515 173 158 42 28669 354 587 163 515 360 278 441
internal_value=-2.46209e-05 0.00246168 -0.0026804 0.00492915 0.00181847 -0.0197668 -0.00019323 -0.0129457 0.00154584 0.011693 -0.000147211 0.00415075 0.00774768 0.0154558
internal_weight=71485.5 4522.66 1465.96 3056.7 2111.16 237.137 66962.8 220.619 161.222 945.537 66742.2 1798.38 1652.86 1006.39
internal_count=34290 1350 761 589 331 246 32940 2677 941 258 30263 1594 1234 956
is_linear=0
shrinkage=0.04


Tree=201
num_leaves=15
num_cat=0
split_feature=3 11 3 9 5 8 0 10 10 4 11 8 1 3
split_gain=18.1387 74.8892 227.442 134.559 127.647 112.71 89.6448 85.5019 152.616 94.7113 72.3148 112.657 71.9877 64.3454
threshold=52.505208969116218 1.0000000180025095e-35 38.169271469116218 76.625000000000014 83.250000000000014 20.125000000000004 3.6937236785888676 -0.95468294620513905 -0.92569038271903981 67.963542938232436 1.0000000180025095e-35 18.125000000000004 3.7216186523437504 48.088541030883796
decision_type=2 2 2 2 2 2 2 2 2 2 2 2 2 2
left_child=1 12 7 4 -4 6 -5 -3 9 -9 -2 -12 -1 -6
right_child=10 2 3 5 13 -7 -8 8 -10 -11 11 -13 -14 -15
leaf_value=-0.0016797934115808611 0.00068066800051727052 -0.038470550771141511 0.024240963849951305 0.01863621434810428 -0.0046750351360755433 -0.038425554871479972 -0.017087115038689579 0.027805872841488131 -0.056045542659794861 -0.033372227833308843 0.0089839068496806312 -0.013953773508213481 -0.019113395070011929 0.010973201962268477
leaf_weight=17566.145693887025 48192.568870604038 221.37589999567717 852.98347730189562 209.66366352140903 631.64755959808826 138.90080764889717 200.19636982679367 145.90090894326568 46.793414573185146 35.18694955855608 456.52711340785027 1227.64520829916 367.60676378011703 1184.9260993301868
leaf_count=13355 15082 1678 298 167 346 211 115 532 1135 229 129 548 138 327
internal_value=-2.47568e-05 -0.00099247 0.00420088 0.00795137 0.0116515 -0.00982541 0.00120397 -0.0218601 -0.0039219 0.0137816 0.000394584 -0.00770361 -0.00205804 0.00554044
internal_weight=71478.1 21601.3 3667.58 3218.32 2669.56 548.761 409.86 449.257 227.881 181.088 49876.7 1684.17 17933.8 1816.57
internal_count=34290 18531 5038 1464 971 493 282 3574 1896 761 15759 677 13493 673
is_linear=0
shrinkage=0.04


Tree=202
num_leaves=15
num_cat=0
split_feature=4 9 8 8 3 5 8 10 4 5 3 9 10 4
split_gain=17.6859 35.8793 51.5069 32.1709 28.6922 27.4105 33.5693 101.743 110.072 99.3084 93.9821 93.0263 134.841 191.746
threshold=95.781250000000014 78.125000000000014 20.375000000000004 18.375000000000004 57.328125000000007 98.250000000000014 19.625000000000004 -0.73289573192596424 72.984375000000014 75.250000000000014 47.984375000000007 76.375000000000014 -0.98511216044425953 80.515625000000014
decision_type=2 2 2 2 2 2 2 2 2 2 2 2 2 2
left_child=5 3 -3 4 -2 6 -1 8 9 -8 -9 -10 -13 -14
right_child=1 2 -4 -5 -6 -7 7 10 11 -11 -12 12 13 -15
leaf_value=0.00080914020240194814 -0.0013100080317756031 0.0012215090884182863 0.017873929873201175 -0.007548576500895474 0.0084485993319188806 -0.0038416649529988472 0.0069578385792761037 0.010172674524621006 0.0029190798339145296 -0.027130241680997105 -0.00012991022364099955 0.0029862546451104315 -0.029973326540109629 -0.0061778552778578334
leaf_weight=36150.428077562712 1217.3567187786102 707.57179057598114 496.419713139534 657.97110319137573 773.32371687889099 3093.300615593791 170.47876899968833 1526.4697445295751 2846.6441261954606 551.49259802233428 16874.855039596558 1952.9985442962497 614.95837640948594 3829.6702647954226
leaf_count=17325 272 171 96 146 88 1016 1048 1997 1228 1294 6277 1015 676 1641
internal_value=-2.52852e-05 0.00260365 0.00826737 -1.35611e-05 0.00252727 -0.000175813 1.08112e-06 -0.00102852 -0.0042793 -0.0191105 0.00073485 -0.00308224 -0.00575332 -0.00958972
internal_weight=71463.9 3852.64 1203.99 2648.65 1990.68 67611.3 64518 28367.6 9966.24 721.971 18401.3 9244.27 6397.63 4444.63
internal_count=34290 773 267 506 360 33517 32501 15176 6902 2342 8274 4560 3332 2317
is_linear=0
shrinkage=0.04


Tree=203
num_leaves=15
num_cat=0
split_feature=4 10 8 8 11 5 7 6 10 7 8 8 5 6
split_gain=18.6643 73.5877 116.566 73.8252 73.2684 71.4264 47.8844 60.8555 59.5191 46.2899 42.2533 39.7035 39.6544 38.1504
threshold=55.130208969116218 0.44945044815540319 20.125000000000004 20.625000000000004 -0.92540621757507313 71.250000000000014 4.8807621002197275 0.12123584747314455 0.12214757129549982 6.4960956573486337 18.625000000000004 20.875000000000004 67.250000000000014 0.04302263259887696
decision_type=2 2 2 2 2 2 2 2 2 2 2 2 2 2
left_child=1 2 4 9 6 13 7 8 -1 12 -10 -5 -3 -4
right_child=-2 3 5 11 -6 -7 -8 -9 10 -11 -12 -13 -14 -15
leaf_value=0.028811325352700725 0.00011797537095537058 0.0080310804557925768 -0.010268262347690625 0.0066914110429851896 -0.033546469531624268 -0.021988191984596211 0.006249043899443636 -0.024668404237961204 0.011217598795330914 -0.0016175553383843272 -0.028156546589774841 -0.035402635976384038 0.032584022288626058 0.0075640558955041232
leaf_weight=65.296782806515694 68156.25123148784 235.91459851898253 215.1442639157176 50.792260898277164 270.07919687591493 167.12410113215446 211.50501316785812 374.07564336061478 60.285454757511616 231.16005939245224 84.314652606844902 69.293294172734022 199.81493579223752 1062.5753913968801
leaf_count=26 29548 434 925 64 1200 147 81 404 138 111 278 177 94 663
internal_value=-2.45965e-05 -0.00295448 -0.0062935 0.00758876 -0.0161988 0.00113297 -0.00963061 -0.0153984 0.00183118 0.0128281 -0.0123726 -0.0191848 0.0202263 0.00444945
internal_weight=71453.6 3297.38 2510.4 786.975 1065.56 1444.84 795.478 583.973 209.897 666.89 144.6 120.086 435.73 1277.72
internal_count=34290 4742 3862 880 2127 1735 927 846 442 639 416 241 528 1588
is_linear=0
shrinkage=0.04


Tree=204
num_leaves=15
num_cat=0
split_feature=10 10 10 4 9 3 4 5 9 10 10 9 9 9
split_gain=17.9196 85.4356 83.6031 126.655 143.122 140.966 122.013 71.1293 118.607 70.9725 233.862 569.664 280.003 156.003
threshold=-0.30239063501358027 -0.21947178244590757 -0.38307376205921168 81.192707061767592 78.375000000000014 63.078125000000007 78.963542938232436 94.250000000000014 75.625000000000014 -0.53536762297153462 -0.46092462539672846 77.625000000000014 77.875000000000014 73.625000000000014
decision_type=2 2 2 2 2 2 2 2 2 2 2 2 2 2
left_child=2 -2 9 5 7 6 -4 8 -5 -1 12 13 -11 -12
right_child=1 -3 3 4 -6 -7 -8 -9 -10 10 11 -13 -14 -15
leaf_value=0.00047725119237387864 -0.007289456157688317 -3.3750455511041599e-05 -0.054013359694086355 0.0050405003723514741 -0.0061028282600650218 0.012610145226299526 -0.0035127366543822635 0.0051093404630228254 0.025166051046572019 -0.0081163751529880011 0.0049114064230479518 0.020285371439912967 -0.047686082071582217 -0.018478687353123868
leaf_weight=35812.023705651984 2922.9005869626999 22065.432245288044 146.2537506967783 865.42185080051422 1013.9328153133392 183.38653171062469 147.38449019193649 1872.7210515141487 1034.3551723957062 1378.2491313815117 634.15418660640717 1480.9964710474014 345.18937039375305 1543.3523318171501
leaf_count=19431 1143 10287 166 202 214 35 57 303 166 867 105 309 276 729
internal_value=-2.42499e-05 -0.000887606 0.000440311 0.00517737 0.00714825 -0.0140902 -0.0305062 0.0107231 0.0161461 -0.000167174 -0.00444114 0.00129737 -0.016498 -0.0116841
internal_weight=71445.8 24988.3 46457.4 5263.46 4786.43 477.025 293.638 3772.5 1899.78 41194 5381.94 3658.5 1723.44 2177.51
internal_count=34290 11430 22860 1143 885 258 223 671 368 21717 2286 1143 1143 834
is_linear=0
shrinkage=0.04


Tree=205
num_leaves=15
num_cat=0
split_feature=4 7 7 9 9 11 2 4 8 10 10 8 9 9
split_gain=17.4104 46.0701 60.6397 54.3286 109.212 54.431 41.6559 38.2631 33.4608 31.7368 277.421 284.967 264.929 83.3167
threshold=92.614582061767592 7.6290607452392587 23.500013351440433 77.875000000000014 74.375000000000014 -0.9852197766304015 0.43750000000000006 96.135417938232436 19.875000000000004 -0.96676719188690174 -0.95468294620513905 20.875000000000004 74.625000000000014 78.625000000000014
decision_type=2 2 2 2 2 2 2 2 2 2 2 2 2 2
left_child=9 -2 -3 4 5 -4 7 -7 -5 13 11 12 -11 -1
right_child=1 2 3 8 -6 6 -8 -9 -10 10 -12 -13 -14 -15
leaf_value=0.0031629853924310153 0.012796053935499725 -0.0045075385019901423 -0.0064968979019502972 0.00033785279204456809 -0.012526392066079384 0.0050720870875496172 0.0085872102116975411 -0.0081355711084857597 0.0118098042623507 -0.0042001508383402684 -0.00018518412156952186 0.0099900351067498203 -0.045045201513783023 -0.0065310551056738551
leaf_weight=9226.7662777956575 527.47170686721802 2476.422812640667 758.85682892799377 579.0993378162384 830.71524083614349 864.93728089332581 2203.3157482147217 561.61936593055725 1356.8713721036911 429.43882459402084 48919.208257558756 414.31841647624969 618.50916591286659 1656.4287127330899
leaf_count=5482 179 756 145 113 211 180 253 130 254 193 24542 112 541 1199
internal_value=-2.41714e-05 0.00150776 0.00086434 0.00273088 0.000597813 0.00312757 0.00516422 -0.000168211 0.00841679 -0.000278615 -0.000701832 -0.0177503 -0.0286994 0.00167827
internal_weight=71424 10159.3 9631.84 7155.42 5219.44 4388.73 3629.87 1426.56 1935.97 61264.7 50381.5 1462.27 1047.95 10883.2
internal_count=34290 2221 2042 1286 919 708 563 310 367 32069 25388 846 734 6681
is_linear=0
shrinkage=0.04


Tree=206
num_leaves=15
num_cat=0
split_feature=1 0 9 11 11 5 9 4 4 3 3 9 10 11
split_gain=18.088 59.126 56.0265 108.104 53.5078 53.0791 43.3047 67.5223 81.8101 53.1408 38.6354 37.4387 48.6687 63.6363
threshold=3.9001464843750004 41.933012008666999 78.875000000000014 -0.9852197766304015 -0.9852197766304015 98.250000000000014 77.125000000000014 78.494792938232436 91.968750000000014 60.744791030883796 61.609375000000007 79.625000000000014 -0.99871450662612904 -0.22889263182878491
decision_type=2 2 2 2 2 2 2 2 2 2 2 2 2 2
left_child=11 4 3 -3 -2 10 -6 -8 9 -9 -5 -1 -13 -14
right_child=1 2 -4 5 6 -7 7 8 -10 -11 -12 12 13 -15
leaf_value=0.00057353492517677764 -0.015034312494113187 -0.013961645812790208 0.011937461794369861 -0.0012272074354349794 -0.0065306468042210034 -0.0056550563376365692 0.015419935674386721 0.0024994442871636357 0.0055811093259877384 -0.017442382135936591 0.009708488369512441 0.013674957604767517 -0.0017906966634112071 -0.013790000495443447
leaf_weight=54884.708850586787 643.84527516365051 715.17606782913208 709.76204597949982 762.41581499576569 2518.983126103878 808.82614016532898 406.23694694042206 318.03161644935608 1027.1098890304565 605.22590219974518 1558.785412311554 260.57145720720291 5395.1421170346439 795.45164494030178
leaf_count=28966 204 134 122 150 677 140 83 91 205 208 178 113 2230 789
internal_value=-2.37069e-05 -0.00159276 0.00177654 -0.000151064 -0.00436969 0.00307311 -0.00290571 0.000991348 -0.00213996 -0.0106657 0.00613678 0.000234446 -0.00264329 -0.00337197
internal_weight=71410.3 10074.4 4554.97 3845.2 5519.43 3130.03 4875.59 2356.6 1950.37 923.258 2321.2 61335.9 6451.17 6190.59
internal_count=34290 2192 724 602 1468 468 1264 587 504 299 328 32098 3132 3019
is_linear=0
shrinkage=0.04


Tree=207
num_leaves=15
num_cat=0
split_feature=3 11 3 9 5 8 0 10 10 4 11 8 1 10
split_gain=17.6602 68.1059 210.194 122.196 119.519 104.106 83.9112 80.1643 146.794 89.573 66.8692 102.205 65.2224 61.8463
threshold=52.505208969116218 1.0000000180025095e-35 38.169271469116218 76.625000000000014 83.250000000000014 20.125000000000004 3.6937236785888676 -0.95468294620513905 -0.92569038271903981 67.963542938232436 1.0000000180025095e-35 18.125000000000004 3.7216186523437504 -0.99133047461509693
decision_type=2 2 2 2 2 2 2 2 2 2 2 2 2 2
left_child=1 12 7 4 -4 6 -5 -3 9 -9 -2 -12 -1 -13
right_child=10 2 3 5 -6 -7 -8 8 -10 -11 11 13 -14 -15
leaf_value=-0.0016339939654695754 0.00066615248939145145 -0.037387166442474085 0.023317079372864504 0.018055887031668629 0.0051976591616348941 -0.037119001883789124 -0.016549503188096032 0.027188482405152651 -0.055523437793069175 -0.032595002303104324 0.0084994885067394416 -0.026752145950891499 -0.018251461925099053 -0.0071983294425401381
leaf_weight=17552.358821397647 48147.594532251358 218.82681220583618 849.40722668915987 208.99292029440403 1815.0851949006319 136.8433710038662 199.73286381363869 145.17056572064757 45.368657022714615 34.601280551403761 456.17875015735626 365.2040331363678 366.51526102423668 860.72302734851837
leaf_count=13355 15082 1678 298 167 673 211 115 532 1135 229 129 223 138 325
internal_value=-2.29501e-05 -0.000978498 0.00398445 0.00758082 0.0111046 -0.00941294 0.00116205 -0.0212246 -0.00374677 0.0135705 0.000390965 -0.00740112 -0.00199386 -0.0133593
internal_weight=71402.6 21572.9 3654.03 3210.06 2664.49 545.569 408.726 443.967 225.141 179.772 49829.7 1682.11 17918.9 1225.93
internal_count=34290 18531 5038 1464 971 493 282 3574 1896 761 15759 677 13493 548
is_linear=0
shrinkage=0.04


Tree=208
num_leaves=15
num_cat=0
split_feature=4 11 5 11 0 11 8 3 11 5 3 3 10 8
split_gain=17.7107 100.368 108.274 100.577 97.2353 65.0257 82.8403 119.958 79.9346 86.0081 126.712 127.625 88.9105 112.665
threshold=72.244792938232436 0.28081613034009939 90.750000000000014 0.19741141051054004 5.7528018951416025 -0.99840793013572682 19.125000000000004 52.432291030883796 -0.97631725668907154 83.250000000000014 53.963541030883796 34.002603530883796 -0.99617367982864369 18.375000000000004
decision_type=2 2 2 2 2 2 2 2 2 2 2 2 2 2
left_child=5 3 -3 -2 -5 6 7 -1 -7 12 11 -11 -10 -14
right_child=1 2 -4 4 -6 8 -8 -9 9 10 -12 -13 13 -15
leaf_value=-0.022518119424665323 0.0002100779080212585 0.0043611256998971537 -0.033225630765690385 0.026264395566213121 0.0020217080894801092 0.0042705877414658333 -0.02366782191391183 0.027338203087140897 0.014091093075923562 0.023697483145799256 0.0070292859670965215 -0.017739612855321135 -0.011851784607281424 0.00082353351998161299
leaf_weight=126.13833138346672 55763.0418649856 203.87889596261084 272.66930314339697 447.78235547617078 618.24741446971893 3756.0797254443169 425.03913071751595 144.30562916398048 593.26859289780259 111.3711816854775 553.62858575582504 1586.4856235459447 1396.1268177330494 5391.398119430989
leaf_count=153 19698 213 334 200 162 2217 388 61 512 335 214 1588 1792 6423
internal_value=-2.37668e-05 0.000288656 -0.0176171 0.000444953 0.0125009 -0.00129359 -0.013043 0.00413526 -0.000664699 -0.00259406 -0.00940049 -0.0147773 -0.000497992 -0.00181081
internal_weight=71389.5 57305.6 476.548 56829.1 1066.03 14083.8 695.483 270.444 13388.4 9632.28 2251.49 1697.86 7380.79 6787.52
internal_count=34290 20607 547 20060 362 13683 602 214 13081 10864 2137 1923 8727 8215
is_linear=0
shrinkage=0.04


Tree=209
num_leaves=15
num_cat=0
split_feature=4 10 8 3 7 8 5 9 7 7 8 5 5 3
split_gain=17.2935 69.4299 109.406 94.1573 79.0626 69.5261 57.9836 49.6797 43.2116 39.5163 37.7537 37.19 34.7268 43.7081
threshold=55.130208969116218 0.44945044815540319 19.875000000000004 48.828125000000007 0.093984603881835951 20.625000000000004 70.750000000000014 74.875000000000014 6.4960956573486337 4.8807621002197275 20.875000000000004 67.250000000000014 74.750000000000014 51.901041030883796
decision_type=2 2 2 2 2 2 2 2 2 2 2 2 2 2
left_child=1 2 3 4 7 8 -4 -1 11 -5 -7 -3 13 -2
right_child=12 5 6 9 -6 10 -8 -9 -10 -11 -12 -13 -14 -15
leaf_value=0.019054870942041516 0.010840913993430993 0.0078514514323435366 0.0031814628641896503 -0.013428202637899128 -0.047068500785044744 0.0065478801249811459 -0.018274804027520762 -0.022699405770179384 -0.0014698134416095269 0.0090790368206210472 -0.034564338641760846 0.031681834226112773 -3.5567965969771199e-05 -0.0016529105972548593
leaf_weight=49.990077987313271 1036.3195217438042 235.7581279668957 1401.4540246035904 329.31980547308922 211.25481087714434 50.75337927043438 214.80924705602229 119.06148991920054 231.0308153629303 177.01015305519104 68.59732368029654 198.44651062786579 66282.923346083611 769.84440177679062
leaf_count=229 1253 434 1797 221 554 64 190 807 111 64 177 94 27893 402
internal_value=-2.28318e-05 -0.00284741 -0.00609562 -0.0172173 -0.0317451 0.00740861 0.000141304 -0.00964267 0.0124919 -0.00551379 -0.018651 0.0196582 0.000114341 0.00555587
internal_weight=71376.6 3287.49 2502.9 886.636 380.306 784.586 1616.26 169.052 665.235 506.33 119.351 434.205 68089.1 1806.16
internal_count=34290 4742 3862 1875 1590 880 1987 1036 639 285 241 528 29548 1655
is_linear=0
shrinkage=0.04


Tree=210
num_leaves=15
num_cat=0
split_feature=1 0 9 11 11 5 4 5 4 9 10 11 4 3
split_gain=16.7419 54.022 51.6673 100.164 49.9564 49.0241 39.4703 126.81 43.1113 55.0368 41.325 38.6365 47.6638 35.2159
threshold=3.9001464843750004 41.933012008666999 78.875000000000014 -0.9852197766304015 -0.9852197766304015 98.250000000000014 77.921875000000014 91.750000000000014 92.822917938232436 78.125000000000014 -0.78851500153541554 -0.96687281131744374 90.531250000000014 61.609375000000007
decision_type=2 2 2 2 2 2 2 2 2 2 2 2 2 2
left_child=-1 4 3 -3 -2 13 7 -6 10 -10 -8 -12 -13 -5
right_child=1 2 -4 5 6 -7 8 -9 9 -11 11 12 -14 -15
leaf_value=0.0002258740238169066 -0.01449988652168446 -0.013464638860573008 0.011451274980432431 -0.0011456539449558902 -0.010279176446682277 -0.0054475729787529107 -0.0020667734737877608 0.019764265260595194 -0.0071915062829378028 0.0086390638532979763 -0.00306454043287787 -0.024518754766412403 -0.0054446062698454423 0.0092978246698061217
leaf_weight=61302.309033509344 642.96733462810516 714.33204913139343 709.08080089092255 762.13286960124969 428.72446686029434 808.6451678276062 1245.1857256889343 432.54072332382202 636.9940949678421 736.0008020401001 502.49943232536316 526.71392554044724 362.96422934532166 1557.7965092658997
leaf_count=32098 204 134 122 150 146 140 327 79 137 144 123 212 96 178
internal_value=-2.25309e-05 -0.00153269 0.00168883 -0.000162468 -0.00418836 0.00294099 -0.00277371 0.00491523 -0.00444118 0.00129675 -0.00741559 -0.0121026 -0.0170278 0.00588651
internal_weight=71368.9 10066.6 4551.99 3842.91 5514.59 3128.57 4871.62 861.265 4010.36 1372.99 2637.36 1392.18 889.678 2319.93
internal_count=34290 2192 724 602 1468 468 1264 225 1039 281 758 431 308 328
is_linear=0
shrinkage=0.04


Tree=211
num_leaves=15
num_cat=0
split_feature=3 10 5 4 4 0 3 3 11 10 11 10 6 11
split_gain=16.6665 57.0239 42.8184 19.1621 37.6979 61.7576 30.3275 54.7554 82.4643 74.9336 38.2537 50.6443 42.0393 30.8575
threshold=29.606770515441898 -0.92569038271903981 89.250000000000014 31.036458015441898 39.377603530883796 0.53129196166992199 31.966145515441898 36.098958969116218 -0.0590442307293415 -0.88189578056335438 -0.14450262114405629 -0.95468294620513905 1.5172719955444338 0.19741141051054004
decision_type=2 2 2 2 2 2 2 2 2 2 2 2 2 2
left_child=1 -1 -3 -2 5 -5 10 8 9 -8 -6 12 -12 -9
right_child=3 2 -4 4 6 -7 7 13 -10 -11 11 -13 -14 -15
leaf_value=0.0031957695070741988 0.010961875129422387 -0.050108108383781692 0.012355467740336794 -0.02708078681690855 0.030698783562842735 0.0017696246054089214 0.020841885346644801 -6.2365477022590946e-05 -0.044170312274779702 -0.022692718009403357 -0.038739078391170592 0.018863112913423193 0.016664511721568236 0.0052011280045435038
leaf_weight=162.21754342969507 234.88620411604643 51.424218075349927 14.3276509065181 195.60990317538381 96.620798923075199 259.08911840617657 103.33841401338577 68081.958937268704 92.012769803404808 109.97707903385162 46.894704129546881 84.238325066864491 18.953157871961594 1809.9945744723082
leaf_count=1237 552 1440 35 490 87 201 54 27723 526 340 365 241 14 985
internal_value=-2.20661e-05 -0.0103742 -0.0367898 1.4017e-05 -2.53343e-05 -0.0112598 5.03566e-05 -7.93854e-07 -0.0163729 -0.0016241 0.0135132 0.000140843 -0.022625 7.53923e-05
internal_weight=71361.5 227.969 65.7519 71133.6 70898.7 454.699 70444 70197.3 305.328 213.315 246.707 150.086 65.8479 69892
internal_count=34290 2712 1475 31578 31026 691 30335 29628 920 394 707 620 379 28708
is_linear=0
shrinkage=0.04


Tree=212
num_leaves=15
num_cat=0
split_feature=10 10 8 4 9 6 10 3 8 7 8 3 9 5
split_gain=16.6182 102.739 179.57 205.842 163.772 145.948 140.232 177.504 121.169 121.766 108.973 172.913 114.623 108.054
threshold=-0.90882229804992665 -0.83830440044403065 17.625000000000004 68.432292938232436 74.875000000000014 6.6816508769989023 -0.78851500153541554 50.057291030883796 18.875000000000004 3.8825511932373051 19.375000000000004 54.703125000000007 74.625000000000014 90.250000000000014
decision_type=2 2 2 2 2 2 2 2 2 2 2 2 2 2
left_child=-1 2 -2 4 -4 10 7 -3 -9 -10 12 -12 -5 -7
right_child=1 6 3 5 -6 13 -8 8 9 -11 11 -13 -14 -15
leaf_value=-0.0010823107428283576 -0.013548039486534991 -0.038631910801245416 0.01028650661321018 0.012020023785908853 -0.037480176961397445 -0.012356261362810227 6.0956272725447183e-05 0.0083552549656645755 0.01063763539212789 -0.028387940340724525 -0.016055261782803528 0.022721815684759356 0.043537064177474973 0.0077317823269883613
leaf_weight=17743.268579446711 727.115593791008 304.60538996756077 181.50289756059647 346.85734441876411 262.88781151920557 469.76015830039978 45500.137201687321 550.89604321122169 167.59503281116486 422.40795451402664 273.10125702619553 481.28549563884735 431.93381544947624 3491.8982663750648
leaf_count=11430 318 497 77 164 296 179 19431 204 145 297 218 129 61 844
internal_value=-2.19223e-05 0.000329294 0.00496827 0.00727301 -0.018368 0.0094058 -0.000331282 -0.0125101 -0.00499053 -0.0173171 0.0198109 0.00863173 0.0301524 0.00529971
internal_weight=71355.3 53612 6666.34 5939.23 444.391 5494.84 46945.6 1445.5 1140.9 590.003 1533.18 754.387 778.791 3961.66
internal_count=34290 22860 2286 1968 373 1595 20574 1143 646 442 572 347 225 1023
is_linear=0
shrinkage=0.04


Tree=213
num_leaves=15
num_cat=0
split_feature=8 0 10 4 8 4 7 3 3 4 1 9 11 4
split_gain=16.9632 34.4424 52.4712 45.5829 37.4183 22.7704 35.8412 21.253 57.7225 28.8195 21.2235 106.296 92.0477 57.7506
threshold=16.625000000000004 2.0011425018310551 -0.96676719188690174 85.989582061767592 16.375000000000004 81.192707061767592 46.121978759765632 29.606770515441898 26.210937500000004 48.263021469116218 5.2185058593750009 78.875000000000014 -0.9852197766304015 86.531250000000014
decision_type=2 2 2 2 2 2 2 2 2 2 2 2 2 2
left_child=1 2 -1 -4 5 -3 -7 8 -2 -10 -9 12 -12 -14
right_child=7 4 3 -5 -6 6 -8 10 9 -11 11 -13 13 -15
leaf_value=0.0065780847000210608 -0.040754193689278184 0.0091686373963745602 -0.034443109986845077 0.0015388549214528943 0.009644785994942914 -0.0045903207308602353 0.0048963961035339209 8.3877610595270251e-05 -0.025243923218845429 0.01007832820081022 -0.018254963629817614 0.0073892657631528568 0.0034773576141840924 -0.0065798044827543676
leaf_weight=190.23397336900234 56.411621626466513 452.5034913122654 130.28661463037133 87.469692826271057 1114.1609334945679 1418.4738716334105 1124.0045219659805 60672.046101231128 29.247901155613363 128.57227893266827 719.51842844486237 1346.6530902385712 1442.6324593424797 2424.5975381135941
leaf_count=122 1736 133 209 50 233 441 162 28969 354 587 192 266 336 500
internal_value=-2.14144e-05 0.0023454 -0.00847688 -0.021076 0.00345578 0.0011047 -0.000390855 -0.000182069 -0.0122099 0.00142925 -0.000139729 -0.00241882 -0.00531802 -0.00282949
internal_weight=71336.8 4517.13 407.99 217.756 4109.14 2994.98 2542.48 66819.7 214.232 157.82 66605.4 5933.4 4586.75 3867.23
internal_count=34290 1350 381 259 969 736 603 32940 2677 941 30263 1294 1028 836
is_linear=0
shrinkage=0.04


Tree=214
num_leaves=15
num_cat=0
split_feature=4 9 10 8 3 5 10 11 7 3 10 10 4 8
split_gain=16.6557 27.8546 46.146 29.3564 26.7118 25.4299 24.3458 171.404 198.63 118.42 112.119 102.932 168.941 181.704
threshold=95.781250000000014 78.125000000000014 -0.94127440452575672 18.375000000000004 57.328125000000007 98.750000000000014 -0.90882229804992665 -0.22889263182878491 10.500955581665041 56.776041030883796 -0.94127440452575672 -0.83830440044403065 68.432292938232436 17.375000000000004
decision_type=2 2 2 2 2 2 2 2 2 2 2 2 2 2
left_child=6 3 -3 4 5 -2 7 8 9 -1 -10 12 -8 -14
right_child=1 2 -4 -5 -6 -7 11 -9 10 -11 -12 -13 13 -15
leaf_value=-0.031295102141485939 0.0061396219117680253 0.016830778899025803 0.00099999952615102911 -0.0069811352021565366 0.0083661450226258146 -0.0055547067698131711 -0.017429191759137271 0.00096706160602553907 -0.011321501293586507 -0.0077466732997663514 0.0040622397331260716 -0.0004297447289124022 -0.016138172035725786 0.0087674881815610652
leaf_weight=744.42327110469341 464.82587647438049 482.38395774364471 718.94322288036346 657.11392343044281 772.36898922920227 751.17823624610901 482.20595526695251 12162.997470692731 1293.095449924469 648.97701263427734 1775.9474250078201 44243.4561090637 492.73486065864563 5639.9697420299053
leaf_count=794 97 90 177 146 88 175 400 9104 446 324 492 20083 225 1649
internal_value=-2.14492e-05 0.00253167 0.00752825 0.000223234 0.00264993 -0.00105746 -0.000167693 -0.00149554 -0.00818208 -0.0205922 -0.00245081 0.000266795 0.00491281 0.00672048
internal_weight=71330.6 3846.81 1201.33 2645.49 1988.37 1216 67483.8 16625.4 4462.44 1393.4 3069.04 50858.4 6614.91 6132.7
internal_count=34290 773 267 506 360 272 33517 11160 2056 1118 938 22357 2274 1874
is_linear=0
shrinkage=0.04


Tree=215
num_leaves=15
num_cat=0
split_feature=9 5 4 11 11 0 9 9 6 11 10 3 5 0
split_gain=16.4601 103.808 19.509 109.366 89.7397 96.0589 87.5426 74.2395 92.6618 65.7029 163.813 63.4319 63.6445 61.1434
threshold=72.875000000000014 83.250000000000014 74.015625000000014 0.28081613034009939 0.19741141051054004 5.7528018951416025 75.875000000000014 73.625000000000014 1.8844664096832278 0.28081613034009939 -0.92569038271903981 30.736979484558109 85.250000000000014 6.003427505493165
decision_type=2 2 2 2 2 2 2 2 2 2 2 2 2 2
left_child=1 -1 7 4 -4 -6 -5 8 -2 11 -11 12 -9 -13
right_child=2 -3 3 6 5 -7 -8 9 -10 10 -12 13 -14 -15
leaf_value=0.021349620460072605 -0.037732285689255407 -0.0049305284851399872 0.00020137568277915315 -0.0055014692906753425 0.02628460605889257 0.0017528409576365556 -0.042585774123637794 -0.042210597075119954 -0.0037726077070864253 0.021736982350157769 -0.051448041874552562 9.216715031903245e-05 0.014667277650436175 -0.0070367899540894627
leaf_weight=366.68465337157249 176.31528929248452 621.18979914113879 52802.265922022983 284.18819369375706 418.93040046095848 618.17667919397354 145.25127079710364 92.762878285720944 387.53574556112289 414.09641803614795 36.0381880979985 12673.292501151562 32.053626384586096 2249.5773755609989
leaf_count=119 356 151 18203 216 168 162 273 1283 159 661 1014 10538 132 855
internal_value=-2.12054e-05 0.00505437 -9.39144e-05 0.000268601 0.000432475 0.011972 -0.0193816 -0.00131758 -0.0153205 -0.000789031 0.0139383 -0.0012475 -0.0275956 -0.000990481
internal_weight=71318.4 987.874 70330.5 54268.8 53839.4 1037.11 429.439 16061.7 563.851 15497.8 450.135 15047.7 124.817 14922.9
internal_count=34290 270 34020 19022 18533 330 489 14998 515 14483 1675 12808 1415 11393
is_linear=0
shrinkage=0.04


Tree=216
num_leaves=15
num_cat=0
split_feature=8 6 6 6 4 5 10 3 1 0 7 8 11 4
split_gain=15.87 97.6093 46.1644 37.7107 30.8529 48.1435 44.2392 63.6325 35.5609 35.5397 28.533 21.1954 47.0389 74.5365
threshold=16.875000000000004 2.0164310932159428 0.22686123847961429 1.7042219638824465 91.239582061767592 98.250000000000014 -0.53536762297153462 52.859375000000007 0.40597915649414068 25.571966171264652 10.063648223876955 17.625000000000004 1.0000000180025095e-35 85.692707061767592
decision_type=2 2 2 2 2 2 2 2 2 2 2 2 2 2
left_child=1 2 -1 -4 6 -6 8 -8 -3 -9 -10 12 13 -2
right_child=11 4 3 -5 5 -7 7 9 10 -11 -12 -13 -14 -15
leaf_value=0.0081641899781673636 -0.0086478134620266763 0.016372104933246916 -0.037044002828647851 -0.0033367104169084272 0.012492338951420701 0.00043036588241934088 -0.017036501918591331 0.00870774352435927 -0.005996628311941552 -0.0041760828732908531 0.0065466449341968474 2.7074233077391462e-05 0.0073461632701657311 0.00085172154697154493
leaf_weight=67.864499017596245 2543.1622711755335 360.03159883618355 161.20921505987644 81.152818158268929 1140.7012884616852 976.20972323417664 401.8602646291256 526.65723234415054 418.22325944900513 897.91290676593781 844.99538934230804 59493.894870214164 672.13213152810931 2721.4769089818001
leaf_count=142 1687 133 259 59 199 220 217 148 188 126 199 29520 480 713
internal_value=-2.1626e-05 0.00196588 -0.0191774 -0.0268722 0.00320863 0.00698607 0.000863688 -0.00339041 0.00563327 0.000641624 0.00236511 -0.000200685 -0.00247555 -0.00375253
internal_weight=71307.5 5876.82 310.227 242.362 5566.59 2116.91 3449.68 1826.43 1623.25 1424.57 1263.22 65430.7 5936.77 5264.64
internal_count=34290 1890 460 318 1430 419 1011 491 520 274 387 32400 2880 2400
is_linear=0
shrinkage=0.04


Tree=217
num_leaves=15
num_cat=0
split_feature=1 0 9 11 5 9 4 6 4 10 9 10 11 1
split_gain=15.8855 50.2347 59.2014 99.7598 53.2174 44.9913 53.0243 54.2773 54.2814 38.5762 35.7749 45.2181 54.5417 109.193
threshold=3.9001464843750004 40.072631835937507 79.125000000000014 -0.9852197766304015 98.250000000000014 76.625000000000014 75.963542938232436 29.515457153320316 92.822917938232436 -0.88189578056335438 79.625000000000014 -0.99871450662612904 -0.22889263182878491 1.4041900634765627
decision_type=2 2 2 2 2 2 2 2 2 2 2 2 2 2
left_child=10 5 3 -3 -5 9 -7 8 -8 -2 -1 -12 -13 -14
right_child=1 2 -4 4 -6 6 7 -9 -10 -11 11 12 13 -15
leaf_value=0.00055291555370248649 -0.0020272300240453765 -0.0130900923160569 0.012443206101109234 0.0055977480365322343 -0.0058787615300282979 0.011492301641925239 -0.0047049443581427585 -0.011170458192687763 0.0092902739062600912 -0.013085398200055054 0.01314628757573348 -0.001831686389862044 -0.034301628193782276 -0.0027821164680439537
leaf_weight=54801.559446249157 849.34640383720398 773.05609059333801 656.0218585729599 2508.3168439865112 850.51594614982605 435.96118354797363 1121.2645193338394 898.79029178619385 705.31427299976349 1255.3862608075142 260.23563477396965 5392.2452332843095 240.73187246546149 552.59110435843468
leaf_count=28966 209 152 108 364 152 100 335 247 139 386 113 2230 557 232
internal_value=-2.09487e-05 -0.00149293 0.00146967 -0.000324154 0.0026741 -0.0041819 -0.00114873 -0.00323983 0.000741253 -0.00868406 0.000221091 -0.00259303 -0.00329544 -0.0129549
internal_weight=71301.3 10054 4787.91 4131.89 3358.83 5266.06 3161.33 2725.37 1826.58 2104.73 61247.4 6445.8 6185.57 793.323
internal_count=34290 2192 776 668 516 1416 821 721 474 595 32098 3132 3019 789
is_linear=0
shrinkage=0.04


Tree=218
num_leaves=15
num_cat=0
split_feature=4 9 8 2 6 10 11 7 3 10 8 9 10 3
split_gain=15.5534 24.9656 42.8751 27.2085 29.86 23.9728 157.936 183.871 110.701 103.969 98.5206 263.765 95.5244 160.557
threshold=95.781250000000014 78.125000000000014 20.375000000000004 0.43750000000000006 16.275644302368168 -0.90882229804992665 -0.22889263182878491 10.500955581665041 56.776041030883796 -0.94127440452575672 20.875000000000004 75.125000000000014 -0.83830440044403065 50.651041030883796
decision_type=2 2 2 2 2 2 2 2 2 2 2 2 2 2
left_child=5 3 -3 4 -2 6 7 8 -1 10 11 -9 13 -7
right_child=1 2 -4 -5 -6 12 -8 9 -10 -11 -12 -13 -14 -15
leaf_value=-0.03026467309045909 0.0018756622674759042 0.00077163466639416315 0.015984196453376769 0.0041924221116539026 -0.010165423481139642 -0.010474378917577624 0.00088426403766632075 0.0013829568276660412 -0.0074646307368831013 0.0038783127294594781 0.0043690276635657641 -0.042667246473850125 -0.00040172385539654569 0.007277668983082638
leaf_weight=739.8467403948307 682.6289234161377 707.20010209083557 493.03324162960052 1353.9222964048386 607.76992237567902 933.26722813397646 12152.136012762785 474.94429308176041 648.75236269831657 1775.5890057086945 437.82227325439453 379.34336239099503 44231.466809492558 5676.0801822543144
leaf_count=794 195 171 96 177 134 750 9104 121 324 492 118 207 20083 1524
internal_value=-2.05433e-05 0.00244736 0.00718023 0.000261384 -0.00386421 -0.000161896 -0.00148032 -0.00790359 -0.0198697 -0.00239347 -0.0109398 -0.018706 0.000269214 0.00474697
internal_weight=71293.8 3844.55 1200.23 2644.32 1290.4 67449.2 16608.4 4456.3 1388.6 3067.7 1292.11 854.288 50840.8 6609.35
internal_count=34290 773 267 506 329 33517 11160 2056 1118 938 446 328 22357 2274
is_linear=0
shrinkage=0.04


Tree=219
num_leaves=15
num_cat=0
split_feature=1 9 11 2 4 5 4 3 8 9 6 5 1 4
split_gain=15.9295 76.8921 94.3317 85.0591 80.8449 101.433 58.1666 54.3688 63.8705 36.7331 42.332 65.5509 45.9152 51.1226
threshold=5.0949096679687509 78.875000000000014 -0.9852197766304015 0.89583334326744091 86.531250000000014 95.250000000000014 88.864582061767592 62.526041030883796 20.375000000000004 79.625000000000014 1.0864555835723879 46.125000000000007 0.53215026855468761 96.552082061767592
decision_type=2 2 2 2 2 2 2 2 2 2 2 2 2 2
left_child=9 2 -2 4 5 -4 -3 -6 -9 -1 11 -11 -12 -14
right_child=1 6 3 -5 7 -7 -8 8 -10 10 12 -13 13 -15
leaf_value=0.00050273053359720077 -0.015790897358295242 -0.0042756460288436784 -0.0088762769078960975 0.010222997951821964 -0.016259489111071293 0.011899325650923944 0.012662691033088059 0.0040022041969189123 -0.013963567873348199 0.016729173630453158 0.0087387749639066675 -0.027248974903608211 -0.0040777766255222945 0.0089387011383483903
leaf_weight=57667.959071011283 887.59354543685913 497.47029387950897 641.80291610956192 777.73509645462036 931.73329544067383 852.87034130096436 870.68405246734619 742.29161643981934 523.76707744598389 55.853059489279985 570.13752911984921 212.90974325686693 5537.9288924783468 509.93213450908661
leaf_count=29621 222 128 189 71 255 165 144 107 138 198 276 634 2033 109
internal_value=-2.04934e-05 -0.00187002 -0.00403158 -0.00163674 -0.00417635 0.00297901 0.00653093 -0.00902554 -0.00353178 0.000172729 -0.00258408 -0.017584 -0.00192377 -0.00295443
internal_weight=71280.7 6725.95 5357.79 4470.2 3692.47 1494.67 1368.15 2197.79 1266.06 64554.7 6886.76 268.763 6618 6047.86
internal_count=34290 1419 1147 925 854 354 272 500 245 32871 3250 832 2418 2142
is_linear=0
shrinkage=0.04


Tree=220
num_leaves=15
num_cat=0
split_feature=10 4 7 7 8 10 8 1 4 5 9 1 3 10
split_gain=15.1471 115.107 138.917 82.0746 75.5289 158.105 133.154 132.428 84.8347 71.7585 59.387 56.7522 43.3439 40.3752
threshold=-0.99617367982864369 69.276042938232436 3.3744335174560551 26.306247711181644 18.625000000000004 -0.99871450662612904 20.125000000000004 2.3414611816406254 86.114582061767592 95.250000000000014 75.625000000000014 0.15621185302734378 52.942708969116218 -0.96676719188690174
decision_type=2 2 2 2 2 2 2 2 2 2 2 2 2 2
left_child=1 11 10 4 8 6 7 -6 -4 12 -3 -1 -7 -2
right_child=13 2 3 -5 5 9 -8 -9 -10 -11 -12 -13 -14 -15
leaf_value=-0.010300499373142714 0.002855808626817849 -0.0036575093415643534 0.017990353669011444 -0.0173125013334696 -0.023554658012258121 -0.016546744440811167 0.019279408267358973 0.010218005313447402 -0.0084443542870624583 -0.0011343672605650509 -0.047659952951519466 0.021575992842955003 -0.047312884710277094 -0.00023115657810007711
leaf_weight=100.52671027556062 7624.3013102533296 74.429459754377604 585.44550530612469 504.05986070632935 371.91990685462952 178.0951152741909 472.0911141037941 336.80437278747559 271.63720971345901 165.84820622205734 147.4445001296699 399.78018596768379 163.07884395122528 59876.649053619243
leaf_count=431 4572 108 199 153 187 102 169 87 125 80 409 111 125 27432
internal_value=-1.98808e-05 -0.00248011 -0.00523213 -0.00289752 7.03212e-05 -0.00483016 0.00324905 -0.00766505 0.00961083 -0.0230553 -0.034422 0.0150213 -0.0330584 0.000118262
internal_weight=71272.1 3771.16 3270.85 3048.98 2544.92 1687.84 1180.82 708.724 857.083 507.022 221.874 500.307 341.174 67501
internal_count=34290 2286 1744 1227 1074 750 443 274 324 307 517 542 227 32004
is_linear=0
shrinkage=0.04


Tree=221
num_leaves=15
num_cat=0
split_feature=10 10 5 4 10 3 7 10 8 4 9 8 4 3
split_gain=15.6302 86.9444 155.558 126.717 194.964 146.257 94.7558 81.1367 151.149 172.694 155.542 140.055 163.844 137.18
threshold=-0.90882229804992665 -0.96676719188690174 98.250000000000014 73.848957061767592 -0.94127440452575672 55.265625000000007 11.939477920532228 -0.83830440044403065 17.625000000000004 68.432292938232436 74.875000000000014 19.375000000000004 81.588542938232436 54.515625000000007
decision_type=2 2 2 2 2 2 2 2 2 2 2 2 2 2
left_child=1 -1 3 4 -3 6 -5 8 -2 10 -10 12 -11 -13
right_child=7 2 -4 5 -6 -7 -8 -9 9 11 -12 13 -14 -15
leaf_value=0.0010385754994273503 -0.012562382588856747 0.017944877693675722 0.0070798136445294844 -0.030950386769041542 -0.055282117198988637 -0.0053838710700101966 -0.0095868842625597833 -0.0002662884693072293 0.010756928116353632 0.025719980096405901 -0.035867955405733426 -0.0175107214600469 0.0047601443137028562 0.0062888729283986358
leaf_weight=11383.635663772002 724.84633001685143 493.19804282486439 1364.2028222233057 719.81597264111042 46.064728950150311 3043.619820356369 649.39149045944214 46915.728406056762 181.60676066577435 1240.1063083559275 258.99008871614933 433.6510404497385 1154.5395897328854 2650.868036866188
leaf_count=6858 318 771 345 982 1099 1121 254 20574 77 286 296 284 310 715
internal_value=-2.03189e-05 -0.00105015 -0.00480598 -0.00809559 0.00993643 -0.0103341 -0.0211019 0.000320272 0.00445018 0.00656857 -0.0170173 0.00852018 0.0157377 0.00285165
internal_weight=71260.3 17699.9 6316.29 4952.09 539.263 4412.83 1369.21 53560.3 6644.61 5919.76 440.597 5479.16 2394.65 3084.52
internal_count=34290 11430 4572 4227 1870 2357 1236 22860 2286 1968 373 1595 596 999
is_linear=0
shrinkage=0.04


Tree=222
num_leaves=15
num_cat=0
split_feature=8 6 6 4 4 5 10 3 1 0 7 8 10 4
split_gain=15.0781 91.1582 43.1552 35.8763 29.0097 43.7465 40.8097 59.163 32.9071 32.6988 26.2578 18.5444 42.7839 63.0706
threshold=16.875000000000004 2.0164310932159428 0.22686123847961429 82.567707061767592 91.239582061767592 98.250000000000014 -0.53536762297153462 52.859375000000007 0.40597915649414068 25.571966171264652 10.063648223876955 17.625000000000004 -0.30239063501358027 90.531250000000014
decision_type=2 2 2 2 2 2 2 2 2 2 2 2 2 2
left_child=1 2 -1 -4 6 -6 8 -8 -3 -9 -10 12 -2 -14
right_child=11 4 3 -5 5 -7 7 9 10 -11 -12 -13 13 -15
leaf_value=0.0078740931790923559 0.00018990320265785822 0.015765635267848646 -0.04019119340175336 -0.0086016571918934668 0.012034308680105053 0.00052837450512633938 -0.016417363389000367 0.0083796923665262497 -0.0057414258624625758 -0.0039815238106385969 0.006294742499463009 1.7948027882357727e-05 -0.012007597088494129 0.0024008624846397013
leaf_weight=67.739849472418427 3840.2609359519556 359.3803146481514 118.54401828348637 122.12448368966579 1139.276221871376 975.54553252458572 401.10760346055031 526.38987427949905 418.05470553040504 897.48041379451752 844.28300929069519 59440.568256638013 1346.0368892177939 745.59465491771698
leaf_count=142 1920 133 205 113 199 220 217 148 188 126 199 29520 827 133
internal_value=-2.06076e-05 0.00191784 -0.0185741 -0.0260513 0.00311668 0.00678141 0.000841921 -0.0032455 0.00542514 0.000641061 0.00228129 -0.000195198 -0.00232391 -0.00689738
internal_weight=71242.4 5869.93 308.408 240.669 5561.52 2114.82 3446.7 1824.98 1621.72 1423.87 1262.34 65372.5 5931.89 2091.63
internal_count=34290 1890 460 318 1430 419 1011 491 520 274 387 32400 2880 960
is_linear=0
shrinkage=0.04


Tree=223
num_leaves=15
num_cat=0
split_feature=1 3 10 9 6 7 8 4 9 9 9 10 11 1
split_gain=15.0337 46.9966 73.217 54.1522 45.2229 82.1319 40.4 39.6902 37.3954 33.7917 31.6535 41.2509 50.5514 101.533
threshold=3.9001464843750004 59.328125000000007 -0.88189578056335438 76.625000000000014 37.944782257080085 33.364534378051765 20.625000000000004 90.343750000000014 75.125000000000014 77.125000000000014 79.625000000000014 -0.99871450662612904 -0.22889263182878491 1.4041900634765627
decision_type=2 2 2 2 2 2 2 2 2 2 2 2 2 2
left_child=10 2 8 -4 5 7 9 -3 -2 -7 -1 -12 -13 -14
right_child=1 4 3 -5 -6 6 -8 -9 -10 -11 11 12 13 -15
leaf_value=0.00052751056538590121 -0.0071597673580104312 -0.0009825663015211861 -0.015555882450164059 0.0006815282857258638 0.0033144366048940142 -0.010935254809671169 -0.013920577393445949 0.013842403345651431 0.0069025810609266783 0.0019375185147375582 0.012633329948467617 -0.0016958957755577341 -0.033132595269680098 -0.002639657054626311
leaf_weight=54758.867485076189 468.31501340866089 644.83807194232941 1204.1131269037724 446.99756067991257 3747.1760824918747 507.90152764320374 901.53111505508423 499.95645368099213 777.15884220600128 841.62829858064651 259.00335958600044 5388.7091357354075 238.25509027764201 552.30072200298309
leaf_count=28966 121 191 364 127 562 108 267 97 173 182 113 2230 557 232
internal_value=-2.01767e-05 -0.00145323 -0.00573193 -0.0112045 0.000292991 -0.00304093 -0.00745535 0.00561833 0.00158536 -0.00299615 0.000215319 -0.00243335 -0.00310359 -0.0124203
internal_weight=71236.8 10039.6 2896.58 1651.11 7143.03 3395.86 2251.06 1144.79 1245.47 1349.53 61197.1 6438.27 6179.26 790.556
internal_count=34290 2192 785 491 1407 845 557 288 294 290 32098 3132 3019 789
is_linear=0
shrinkage=0.04


Tree=224
num_leaves=15
num_cat=0
split_feature=10 4 7 7 8 10 8 1 4 5 9 1 3 10
split_gain=15.2061 107.289 130.676 75.637 69.7681 144.192 122.885 122.682 78.8296 70.1847 57.0056 52.6194 42.0077 36.3079
threshold=-0.99617367982864369 69.276042938232436 3.3744335174560551 26.306247711181644 18.625000000000004 -0.99871450662612904 20.125000000000004 2.3414611816406254 86.114582061767592 95.250000000000014 75.625000000000014 0.15621185302734378 52.588541030883796 -0.96676719188690174
decision_type=2 2 2 2 2 2 2 2 2 2 2 2 2 2
left_child=1 11 10 4 8 6 7 -6 -4 12 -3 -1 -7 -2
right_child=13 2 3 -5 5 9 -8 -9 -10 -11 -12 -13 -14 -15
leaf_value=-0.009945579402262995 0.0027147350439103955 -0.003531229151285471 0.017235710781039817 -0.016738792501731044 -0.022849463144528914 -0.014613805076961726 0.018395884168848943 0.0096911497229093795 -0.0082547175215538764 -0.00062355788990757076 -0.046714264753869972 0.02075794448377391 -0.044943183346623082 -0.00021310404507455982
leaf_weight=100.50085804611444 7621.8942574588582 74.42209243401885 584.00669011473656 503.09722149372101 370.65846693515778 160.52096131443977 470.51964771747589 336.55868601799011 271.53396973013878 165.85813635587692 145.23758875299245 398.49483320116997 177.79019367694855 59848.861081113108
leaf_count=431 4572 108 199 153 187 92 169 87 125 80 409 111 135 27432
internal_value=-1.99161e-05 -0.002489 -0.00515062 -0.00288926 -3.38964e-05 -0.00475387 0.00296615 -0.00752302 0.00914173 -0.0222129 -0.0335992 0.0144291 -0.0321715 0.000118348
internal_weight=71230 3759.2 3260.2 3040.54 2537.45 1681.91 1177.74 707.217 855.541 504.169 219.66 498.996 338.311 67470.8
internal_count=34290 2286 1744 1227 1074 750 443 274 324 307 517 542 227 32004
is_linear=0
shrinkage=0.04


Tree=225
num_leaves=15
num_cat=0
split_feature=10 10 5 4 10 3 7 8 8 7 9 8 9 10
split_gain=15.4424 79.0732 144.359 116.652 185.735 136.325 88.1007 77.5854 126.48 92.9398 81.7237 77.2033 75.7058 73.5991
threshold=-0.90882229804992665 -0.96676719188690174 98.250000000000014 73.848957061767592 -0.94127440452575672 55.265625000000007 11.939477920532228 21.125000000000004 19.125000000000004 6.4960956573486337 76.375000000000014 20.625000000000004 75.875000000000014 -0.83830440044403065
decision_type=2 2 2 2 2 2 2 2 2 2 2 2 2 2
left_child=1 -1 3 4 -3 6 12 8 -7 -10 -11 -12 -5 -2
right_child=13 2 -4 5 -6 7 -8 -9 9 10 11 -13 -14 -15
leaf_value=0.00094838511053063352 0.0042549679314579751 0.017305040926072761 0.0068218136555777773 -0.016960618884548976 -0.054784991964606865 0.0039136313146055767 -0.0092752537878804889 0.010269281431613573 0.0045375006186226729 -0.005380069851491226 -0.036150983517992369 -0.011254217026312017 -0.044210359539859023 -0.0002401871978188892
leaf_weight=11370.06532542035 6634.2718388363719 492.12211713939905 1363.6229306012392 398.19529540278018 44.798666905611753 941.48374903202057 648.97552508115768 428.58684545755386 328.74629428982735 480.38892108201981 499.6745970249176 364.09228599071503 316.89833971112967 46906.987021734938
leaf_count=6858 2286 771 345 460 1099 285 254 120 174 152 261 129 522 20574
internal_value=-2.02974e-05 -0.00104468 -0.00462903 -0.00780211 0.0095387 -0.00994834 -0.020369 -0.00517456 -0.00776507 -0.0143063 -0.0189139 -0.0261488 -0.0299108 0.000318186
internal_weight=71218.9 17677.7 6307.59 4943.96 536.921 4407.04 1364.07 3042.97 2614.39 1672.9 1344.16 863.767 715.094 53541.3
internal_count=34290 11430 4572 4227 1870 2357 1236 1121 1001 716 542 390 982 22860
is_linear=0
shrinkage=0.04


Tree=226
num_leaves=15
num_cat=0
split_feature=9 5 4 11 5 11 0 9 6 11 11 6 10 4
split_gain=15.015 95.667 19.1031 88.2158 83.5805 77.5364 90.5752 68.3014 88.5376 55.275 92.1268 96.155 123.986 86.3551
threshold=72.875000000000014 83.250000000000014 74.015625000000014 0.28081613034009939 90.750000000000014 0.19741141051054004 5.7528018951416025 73.625000000000014 1.8844664096832278 -0.99840793013572682 -0.97631725668907154 4.5887768268585214 -0.134930245578289 49.575521469116218
decision_type=2 2 2 2 2 2 2 2 2 2 2 2 2 2
left_child=1 -1 7 5 -5 -4 -7 8 -2 -9 11 13 -13 -11
right_child=2 -3 3 4 -6 6 -8 9 -10 10 -12 12 -14 -15
leaf_value=0.020513371164994049 -0.036825196297239848 -0.0047469351412381244 0.00020026913005856823 0.0052267717585946435 -0.030417233193966317 0.025136207349697019 0.0012718819279688915 -0.010657333132760545 -0.0035182260371485405 -0.0092882348341451933 -0.002179194998782513 0.0074064953527345247 -0.021383944356213273 0.010712727674086361
leaf_weight=365.23445730097592 174.18098047189415 620.86120955646038 52726.195440848358 158.36584769561887 266.03807985596359 415.39264105260372 617.83305609226227 838.97061356902122 387.3186143040657 379.08761832118034 10586.258861997165 488.21837425231934 435.752894282341 2745.7468488812447
leaf_count=119 356 151 18203 157 332 168 162 677 159 571 11511 131 218 1375
internal_value=-2.10615e-05 0.00483088 -9.05539e-05 0.000268442 -0.0174801 0.000415006 0.0111613 -0.00130242 -0.0147615 -0.000795612 -0.000216506 0.00490075 -0.00633672 0.00824268
internal_weight=71205.5 986.096 70219.4 54183.8 424.404 53759.4 1033.23 16035.5 561.5 15474 14635.1 4048.81 923.971 3124.83
internal_count=34290 270 34020 19022 489 18533 330 14998 515 14483 13806 2295 349 1946
is_linear=0
shrinkage=0.04


Tree=227
num_leaves=15
num_cat=0
split_feature=10 4 7 7 8 10 8 1 4 5 9 1 9 4
split_gain=14.5825 100.472 122.949 69.8818 64.7015 134.51 113.919 113.823 73.1074 65.9499 54.3955 48.9913 41.2013 31.6814
threshold=-0.99617367982864369 69.276042938232436 3.3744335174560551 26.306247711181644 18.625000000000004 -0.99871450662612904 20.125000000000004 2.3414611816406254 86.114582061767592 95.250000000000014 75.625000000000014 0.15621185302734378 76.375000000000014 72.244792938232436
decision_type=2 2 2 2 2 2 2 2 2 2 2 2 2 2
left_child=1 11 10 4 8 6 7 -6 -4 12 -3 -1 -7 -2
right_child=13 2 3 -5 5 9 -8 -9 -10 -11 -12 -13 -14 -15
leaf_value=-0.0095794073309490614 -0.0016308680935119386 -0.003438374150606487 0.016563925570874459 -0.016154942984749884 -0.022082850705149024 -0.013276760671473318 0.01769320543073526 0.0092903353999986456 -0.0079929096866619836 -0.00064230016435721778 -0.045707565501456132 0.020065087938871802 -0.043368494724959163 0.00054481484230111191
leaf_weight=100.41871191374958 13329.255668436177 74.403671279549599 582.84895567595959 502.24564826488495 369.44681054353714 151.89018484950066 469.4436132311821 336.32729816436768 271.42880201339722 165.85852289199829 143.04560690559447 397.45359779894352 183.77864333987236 54117.010560399853
leaf_count=431 12941 108 199 153 187 79 169 87 125 80 409 111 148 19063
internal_value=-2.07846e-05 -0.00244228 -0.00502234 -0.00283291 -8.34108e-05 -0.00463768 0.00281968 -0.00728835 0.00875715 -0.0215503 -0.0327523 0.0139469 -0.0312642 0.000114483
internal_weight=71194.9 3748.59 3250.72 3033.27 2531.02 1676.75 1175.22 705.774 854.278 501.527 217.449 497.872 335.669 67446.3
internal_count=34290 2286 1744 1227 1074 750 443 274 324 307 517 542 227 32004
is_linear=0
shrinkage=0.04


Tree=228
num_leaves=15
num_cat=0
split_feature=10 10 5 4 10 3 7 8 8 7 9 8 9 6
split_gain=14.3088 72.1663 132.893 108.913 177.199 124.384 82.7448 71.7863 117.43 86.3627 76.606 72.7518 71.5841 73.0027
threshold=-0.90882229804992665 -0.96676719188690174 98.250000000000014 73.848957061767592 -0.94127440452575672 55.265625000000007 11.939477920532228 21.125000000000004 19.125000000000004 6.4960956573486337 76.375000000000014 20.625000000000004 75.875000000000014 0.89081525802612316
decision_type=2 2 2 2 2 2 2 2 2 2 2 2 2 2
left_child=1 -1 3 4 -3 6 12 8 -7 -10 -11 -12 13 -5
right_child=-2 2 -4 5 -6 7 -8 -9 9 10 11 -13 -14 -15
leaf_value=0.00089628734263454168 0.00030455329979193162 0.016823056411483052 0.0065485159209875046 -0.042113787800935824 -0.054244207767610256 0.0037497047328109174 -0.0088099462645704358 0.009855327398285858 0.0043456192745189529 -0.0051781637827494932 -0.035070128265620441 -0.010863782202952636 -0.042868928967109421 -0.0050494596287259698
leaf_weight=11357.692564473487 53533.349881255999 491.35421006940305 1363.2181136906147 103.72664735279977 43.475772295147181 941.32001662254333 647.95604479312897 428.27622210979462 328.70663222670555 480.28795254230499 495.59542083740234 363.81338912248611 312.34158040210605 293.43422394990921
leaf_count=6858 22860 771 345 257 1099 285 254 120 174 152 261 129 522 203
internal_value=-2.11288e-05 -0.0010081 -0.00443684 -0.00748846 0.00929897 -0.00956398 -0.0195469 -0.00500468 -0.00749973 -0.0138159 -0.0182704 -0.025303 -0.0288421 -0.0162845
internal_weight=71184.5 17651.2 6293.51 4930.29 534.83 4395.46 1357.46 3038 2609.72 1668.4 1339.7 859.409 709.502 397.161
internal_count=34290 11430 4572 4227 1870 2357 1236 1121 1001 716 542 390 982 460
is_linear=0
shrinkage=0.04


Tree=229
num_leaves=15
num_cat=0
split_feature=1 9 11 2 4 5 4 3 8 9 10 3 10 8
split_gain=14.5806 68.2147 87.2718 76.7957 75.3093 91.78 52.4785 49.3544 58.9211 32.4693 36.5055 40.2383 107.583 66.3061
threshold=5.0949096679687509 78.875000000000014 -0.9852197766304015 0.89583334326744091 86.531250000000014 95.250000000000014 88.864582061767592 62.526041030883796 20.375000000000004 79.625000000000014 -0.99871450662612904 56.890625000000007 -0.90882229804992665 19.875000000000004
decision_type=2 2 2 2 2 2 2 2 2 2 2 2 2 2
left_child=9 2 -2 4 5 -4 -3 -6 -9 -1 -11 12 -12 -14
right_child=1 6 3 -5 7 -7 -8 8 -10 10 11 -13 13 -15
leaf_value=0.00047323675365509475 -0.015153999194263393 -0.0041356435245360253 -0.0083153428972945198 0.0097459450397026845 -0.015532262324016378 0.01146446869053162 0.011958107175577437 0.0038421983659150502 -0.013425589554298374 0.011809287446246873 -0.03040674119090124 -0.0015831252756746297 -0.018921526461889694 0.0047561173863386562
leaf_weight=57581.96217114199 885.70132339000702 497.36747539043427 640.98871064186096 777.0789201259613 929.07045114040375 850.91345703601837 868.96231293678284 741.95054221153259 522.63068890571594 257.30327197909355 280.37141917925328 5482.986758261919 252.37336035072803 602.30076604522765
leaf_count=29621 222 128 189 71 255 165 144 107 138 113 608 1749 254 526
internal_value=-2.22177e-05 -0.0017932 -0.00383122 -0.0015264 -0.00394288 0.00296859 0.00612456 -0.00862773 -0.00339221 0.000162769 -0.00243128 -0.00301885 -0.0098068 -0.00250834
internal_weight=71172 6714.66 5348.33 4462.63 3685.55 1491.9 1366.33 2193.65 1264.58 64457.3 6875.34 6618.03 1135.05 854.674
internal_count=34290 1419 1147 925 854 354 272 500 245 32871 3250 3137 1388 780
is_linear=0
shrinkage=0.04


Tree=230
num_leaves=15
num_cat=0
split_feature=10 5 5 4 1 3 8 6 6 6 4 10 10 10
split_gain=14.6353 94.2403 93.8507 71.0479 63.601 41.2118 37.8851 37.7111 43.3907 33.9478 30.6092 128.3 93.6385 79.0938
threshold=-0.99617367982864369 81.750000000000014 93.750000000000014 86.114582061767592 0.2188682556152344 57.526041030883796 18.625000000000004 1.1109709739685061 3.2528221607208256 0.32084584236145025 72.244792938232436 -0.96676719188690174 -0.94127440452575672 -0.96676719188690174
decision_type=2 2 2 2 2 2 2 2 2 2 2 2 2 2
left_child=1 4 7 -4 6 -5 -1 9 -9 -3 11 -2 -13 -12
right_child=10 2 3 5 -6 -7 -8 8 -10 -11 13 12 -14 -15
leaf_value=0.0060193401990439356 -0.018644683239529797 -0.0085539198286914003 0.0099174231826375681 -0.015871217085152368 0.020120303796185693 0.001792777018106459 -0.034273571220690593 0.0045000457797581177 -0.01294242419874341 -0.044358285547899341 0.0045083142916740081 0.016997306587401919 -0.0013634805208742929 -5.22202840609513e-05
leaf_weight=78.428549084812403 651.26702944282442 90.829741106368601 813.10684526525438 379.91795229911804 411.80431926250458 440.48115831613541 43.750865606591105 274.48144119977951 1120.1738688349724 85.26495561003685 6966.4450076706707 441.17363671772182 12234.122111711651 47132.300862277858
leaf_count=123 1638 358 319 185 106 132 210 182 490 181 2934 721 10582 16129
internal_value=-2.19572e-05 -0.00245133 -0.00505798 0.00165747 0.0128082 -0.00657026 -0.0112006 -0.0119748 -0.00949449 -0.0286464 0.00011342 -0.00160229 -0.000698648 0.000536501
internal_weight=71163.5 3738.24 3204.26 1633.51 533.984 820.399 122.179 1570.75 1394.66 176.095 67425.3 13326.6 12675.3 54098.7
internal_count=34290 2286 1847 636 439 317 333 1211 672 539 32004 12941 11303 19063
is_linear=0
shrinkage=0.04


Tree=231
num_leaves=15
num_cat=0
split_feature=10 10 3 10 3 7 8 7 4 9 9 9 10 5
split_gain=14.6509 67.7707 141.551 132.698 165.361 131.587 110.787 112.858 100.988 244.182 76.059 67.6641 67.3719 124.124
threshold=-0.90882229804992665 -0.83830440044403065 51.307291030883796 -0.78851500153541554 50.057291030883796 1.751375198364258 18.875000000000004 3.8825511932373051 78.192707061767592 75.875000000000014 74.125000000000014 78.875000000000014 -0.96676719188690174 98.250000000000014
decision_type=2 2 2 2 2 2 2 2 2 2 2 2 2 2
left_child=12 2 5 4 -3 -2 -6 -8 9 -4 -10 -12 -1 -14
right_child=1 3 8 -5 6 -7 7 -9 10 -11 11 -13 13 -15
leaf_value=0.00081858178181354205 0.012284711231278053 -0.037464086470086637 0.025920883291783339 0.00015262815727666614 0.007914371938372227 -0.017020486101200272 0.010245082339686795 -0.027374872222103729 -0.010772475607800168 -0.009987281040109661 0.0087982674591256665 -0.0038074238319274257 -0.0072945191187899026 0.0062786379352254363
leaf_weight=11348.437328474596 329.33098737895489 301.34600572288036 1039.8620346784592 45456.42493114993 549.83532875776291 821.29492993652821 167.33380037546158 420.00213250517845 504.95277684926987 411.77867484092712 2619.8041598200798 905.35860496759415 4916.8464989503846 1362.4685977175832
leaf_count=6858 315 497 197 19431 204 513 145 297 150 195 612 304 4227 345
internal_value=-2.19156e-05 0.000307505 0.00408574 -0.000228367 -0.0121046 -0.0085662 -0.0048531 -0.0166724 0.00676288 0.0157377 0.0034684 0.00555756 -0.00102143 -0.00433887
internal_weight=71155.1 53527.3 6632.38 46894.9 1438.52 1150.63 1137.17 587.336 5481.76 1451.64 4030.12 3525.16 17627.8 6279.32
internal_count=34290 22860 2286 20574 1143 828 646 442 1458 392 1066 916 11430 4572
is_linear=0
shrinkage=0.04


Tree=232
num_leaves=15
num_cat=0
split_feature=1 3 10 10 10 9 11 11 8 7 10 9 1 9
split_gain=14.5164 43.1341 61.2132 52.3838 42.1833 55.0669 35.0426 74.5949 67.2192 106.926 33.0586 31.0091 29.1065 27.2712
threshold=3.9001464843750004 59.328125000000007 -0.88189578056335438 0.20687882602214816 -0.73289573192596424 79.375000000000014 -0.9852197766304015 -0.99628248810768116 20.125000000000004 33.364534378051765 -0.90882229804992665 76.125000000000014 6.8389892578125009 79.625000000000014
decision_type=2 2 2 2 2 2 2 2 2 2 2 2 2 2
left_child=13 2 10 -4 5 -3 7 -6 11 -10 -2 -8 -11 -1
right_child=1 4 3 -5 6 -7 8 -9 9 12 -12 -13 -14 -15
leaf_value=0.00049995925786323599 -0.0047876483143012563 -0.010924032879853548 -0.015153391547682452 0.00034367885876458748 0.0059989001755618174 0.0068455991814286498 0.0039872833484031764 -0.012131283031914004 0.010266365756399337 -0.01951821496457162 0.0080966708188363115 0.012749167997828287 -0.0051210265251357594 -0.0022506428172589161
leaf_weight=54686.237625883892 671.91991710662842 987.55847728252411 1152.04041659832 495.73326653242111 665.14252495765686 370.28707826137543 1886.0383793115616 756.17730665206909 556.14106273651123 399.13000553846359 571.14481997489929 987.68907153606415 527.51128089427948 6427.0503833219409
leaf_count=28966 180 297 355 136 122 84 210 170 122 122 114 165 115 3132
internal_value=-2.15276e-05 -0.00143062 -0.00553432 -0.0105429 0.000242705 -0.00604919 0.00173713 -0.0036813 0.00351364 -0.00337349 0.00116671 0.00706601 -0.0116036 0.000210047
internal_weight=71139.8 10026.5 2890.84 1647.77 7135.68 1357.85 5777.83 1421.32 4356.51 1482.78 1243.06 2873.73 926.641 61113.3
internal_count=34290 2192 785 491 1407 381 1026 292 734 359 294 375 237 32098
is_linear=0
shrinkage=0.04


Tree=233
num_leaves=15
num_cat=0
split_feature=10 4 7 7 8 9 1 8 4 9 1 8 4 10
split_gain=13.9978 87.5465 112.378 63.8189 60.6052 66.209 96.6555 74.024 64.5063 51.7779 42.6032 32.6688 28.9018 119.313
threshold=-0.99617367982864369 69.276042938232436 3.3744335174560551 26.306247711181644 18.625000000000004 78.875000000000014 2.3414611816406254 19.625000000000004 86.114582061767592 75.625000000000014 0.15621185302734378 20.375000000000004 72.244792938232436 -0.96676719188690174
decision_type=2 2 2 2 2 2 2 2 2 2 2 2 2 2
left_child=1 10 9 4 8 6 7 -6 -4 -3 -1 -7 13 -2
right_child=12 2 3 -5 5 11 -8 -9 -10 -11 -12 -13 -14 -15
leaf_value=-0.0090276945647257325 -0.018007895032940546 -0.0030441998439531227 0.015818179550312776 -0.015467840804459947 -0.033432853639462246 -0.0032937025726867725 0.0075557651364741157 -0.0078050996203219737 -0.0072764525431005048 -0.044338795674662056 0.018661679273461646 0.015449630303966337 0.00052260571434639572 -0.00068519853278547224
leaf_weight=100.01057829521596 649.92765264213085 74.24497451633215 581.18260449171066 501.04865026473999 281.99733114242554 276.14045476913452 333.09295952320099 490.2396045923233 271.12045618891716 140.01753614284098 395.40553097426891 288.50989764928818 54079.699115042575 12670.567874131724
leaf_count=431 1638 108 199 153 170 114 93 258 125 409 111 115 19063 11303
internal_value=-2.09173e-05 -0.0023985 -0.0048104 -0.00272348 -9.0061e-05 -0.00450908 -0.0101403 -0.0177713 0.00847331 -0.0315112 0.0129386 0.00648416 0.000111439 -0.00155613
internal_weight=71133.2 3733.01 3237.59 3023.33 2522.28 1669.98 1105.33 772.237 852.303 214.263 495.416 564.65 67400.2 13320.5
internal_count=34290 2286 1744 1227 1074 750 521 428 324 517 542 229 32004 12941
is_linear=0
shrinkage=0.04


Tree=234
num_leaves=15
num_cat=0
split_feature=1 11 8 3 3 10 10 10 4 9 10 10 9 10
split_gain=14.5855 64.9561 108.456 118.535 71.2773 58.8141 64.5142 102.038 171.125 107.834 104.698 155.327 137.984 229.086
threshold=0.59394836425781261 -0.99840793013572682 19.125000000000004 50.651041030883796 59.328125000000007 -0.98511216044425953 -0.6718577742576598 -0.73289573192596424 65.661457061767592 77.625000000000014 -0.96676719188690174 -0.88189578056335438 76.375000000000014 -0.97661703824996937
decision_type=2 2 2 2 2 2 2 2 2 2 2 2 2 2
left_child=1 2 3 -1 -4 -3 7 8 9 -7 12 -12 -10 -14
right_child=-2 5 4 -5 -6 6 -8 -9 10 -11 11 -13 13 -15
leaf_value=-0.023744638831744127 -0.00035877285866427286 -0.0056305358572376427 -0.040570827097391675 0.017254030693294984 0.00019113488339649338 -0.028775120385321165 0.00010178482373227347 0.01476377771485184 0.022972225446449734 0.016113691191638694 -0.0091975912448629023 0.008228211200005827 -0.04450826876739588 0.025487761654516387
leaf_weight=158.62170934677124 52781.525954112411 1679.7752884635702 204.11215978860855 286.76099881529808 98.669376015663147 385.17305832356215 9493.2284243516624 1398.986253708601 871.32437436282635 94.553931877017021 1315.2001856826246 2095.5687369927764 127.70763993263245 133.01771201379597
leaf_count=174 16428 2297 296 158 53 1943 7996 768 505 530 1423 1377 191 151
internal_value=-2.10755e-05 0.000949988 -0.0104381 0.00225955 -0.0280987 0.00144554 0.00219854 0.00528832 0.00260092 -0.0196368 0.00502503 0.00149434 0.0154521 -0.0095258
internal_weight=71124.2 18342.7 748.164 445.383 302.782 17594.5 15914.8 6421.53 5022.55 479.727 4542.82 3410.77 1132.05 260.725
internal_count=34290 17862 681 332 349 17181 14884 6888 6120 2473 3647 2800 847 342
is_linear=0
shrinkage=0.04


Tree=235
num_leaves=15
num_cat=0
split_feature=4 8 9 9 8 10 7 2 1 0 4 5 4 5
split_gain=13.9001 23.4042 38.6426 78.6823 48.6773 41.2864 26.7917 25.1188 22.1614 48.8188 42.4319 44.7112 62.3233 43.3476
threshold=94.239582061767592 17.125000000000004 78.375000000000014 73.625000000000014 20.375000000000004 -0.78851500153541554 41.34721755981446 0.22916666418313983 3.9001464843750004 40.072631835937507 85.401042938232436 90.750000000000014 77.921875000000014 96.250000000000014
decision_type=2 2 2 2 2 2 2 2 2 2 2 2 2 2
left_child=8 -2 3 -3 7 -5 -7 -4 -1 10 11 -10 -13 -12
right_child=1 2 4 5 -6 6 -8 -9 9 -11 13 12 -14 -15
leaf_value=7.552150948690149e-05 0.0060917387615522425 0.0038420435866804489 0.0037489582461626269 -0.019952804028839376 0.011425114327376574 0.00078260698493821349 -0.01200214082003003 -0.0080881970486874517 -0.011873724149284968 0.0013657179717494051 -0.016147597876979294 0.012870148159662543 -0.0032500530833631707 -0.0044195602636849241
leaf_weight=56843.547311923467 1496.877301633358 1502.4010577201843 722.89957177639008 391.0423469543457 905.75714266300201 593.32963907718658 446.80997776985168 447.48138761520386 460.59310036897659 3424.1084015369415 814.86751937866211 543.3425544500351 1186.2935621142387 1330.0658612251282
leaf_count=31111 273 215 177 145 193 158 91 104 170 589 262 117 332 353
internal_value=-2.08081e-05 0.00173847 0.000418683 -0.00253084 0.00457074 -0.0091816 -0.00483212 -0.000836692 -0.00019848 -0.00220082 -0.00501117 -0.00107529 0.00190313 -0.0089831
internal_weight=71109.4 6506.6 5009.72 2933.58 2076.14 1431.18 1040.14 1170.38 64602.8 7759.27 4335.16 2190.23 1729.64 2144.93
internal_count=34290 1356 1083 609 474 394 249 281 32934 1823 1234 619 449 615
is_linear=0
shrinkage=0.04


Tree=236
num_leaves=15
num_cat=0
split_feature=9 5 4 11 5 11 3 9 6 11 10 10 10 4
split_gain=13.5838 86.6222 15.7971 73.6629 77.8412 66.2485 83.8831 63.9328 84.2579 49.4805 132.763 58.2957 234.832 141.935
threshold=72.875000000000014 83.250000000000014 74.015625000000014 0.28081613034009939 90.750000000000014 0.19741141051054004 50.265625000000007 73.625000000000014 1.8844664096832278 0.28081613034009939 -0.92569038271903981 -0.21947178244590757 -0.53536762297153462 57.609375000000007
decision_type=2 2 2 2 2 2 2 2 2 2 2 2 2 2
left_child=1 -1 7 5 -5 -4 -7 8 -2 11 -11 12 13 -9
right_child=2 -3 3 4 -6 6 -8 9 -10 10 -12 -13 -14 -15
leaf_value=0.019568354473551808 -0.035892696476887025 -0.0045057474059681697 0.00017523312741195846 0.0057637531182120018 -0.028659685597541378 0.02182687320004268 -0.00076678615584711732 -0.043601926991238341 -0.0033035901742686224 0.019057620966069111 -0.049150838198045596 0.00086884418603967674 -0.023236767790580381 0.00026762766654298312
leaf_weight=363.45088617876172 172.33202168159187 620.48935693502426 52666.998348862864 158.13836838677526 262.58758646063507 495.86474107950926 533.53218120336533 100.98389846738428 387.13525277376175 409.13036962226033 31.865266559645534 9261.6454760916531 862.94834180176258 4776.8200037116185
leaf_count=119 356 151 18203 157 332 160 170 674 159 661 1014 6780 870 4484
internal_value=-2.03869e-05 0.0045995 -8.65072e-05 0.000240051 -0.0160465 0.000373588 0.0103252 -0.00118975 -0.0142343 -0.00069939 0.0122105 -0.00109463 -0.00425435 -0.00081493
internal_weight=71103.9 983.94 70120 54117.1 420.726 53696.4 1029.4 16002.9 559.467 15443.4 440.996 15002.4 5740.75 4877.8
internal_count=34290 270 34020 19022 489 18533 330 14998 515 14483 1675 12808 6028 5158
is_linear=0
shrinkage=0.04


Tree=237
num_leaves=15
num_cat=0
split_feature=3 11 8 11 11 4 9 10 9 4 5 4 9 3
split_gain=13.6545 60.5273 78.689 45.1384 64.1707 96.3907 105.103 64.421 168.706 139.029 94.6439 97.4341 89.9371 87.8571
threshold=52.505208969116218 1.0000000180025095e-35 18.125000000000004 -0.99840793013572682 -0.96687281131744374 50.838541030883796 75.125000000000014 -0.53536762297153462 76.875000000000014 58.005208969116218 78.750000000000014 74.317707061767592 74.375000000000014 50.442708969116218
decision_type=2 2 2 2 2 2 2 2 2 2 2 2 2 2
left_child=3 -2 -3 -1 5 -5 -7 8 9 12 -10 -12 -6 -9
right_child=1 2 -4 4 7 6 -8 13 10 -11 11 -13 -14 -15
leaf_value=-0.012361555953672911 0.00060460469589079531 0.0068977182405472702 -0.012353060854236375 -0.012135224809107224 0.0168089821948262 -0.0006653618542768725 0.01421191708272803 -0.0016753911213691639 0.0086947829311016783 0.002242011789802822 -0.031151989130865743 -0.0086293608906670375 -0.052349963404834013 -0.013365083418456457
leaf_weight=512.87117202579975 48006.043935656548 453.74791792035103 1215.2492420375347 470.41622611135244 29.361184717155993 1472.183047965169 1546.3205711096525 3065.9057875815779 292.42875603493303 10944.565180388279 437.57064407784492 1011.6923815058544 100.48268519807607 1533.4673776626587
leaf_count=422 15082 129 548 871 161 913 689 3235 971 7252 1050 1013 1091 863
internal_value=-2.09975e-05 0.000343001 -0.00709967 -0.000864785 -0.000571176 0.00436495 0.00699936 -0.00156392 -0.000104039 0.00172205 -0.0116028 -0.015761 -0.0365551 -0.00561382
internal_weight=71092.3 49675 1669 21417.3 20904.4 3488.92 3018.5 17415.5 12816.1 11074.4 1741.69 1449.26 129.844 4599.37
internal_count=34290 15759 677 18531 18109 2473 1602 15636 11538 8504 3034 2063 1252 4098
is_linear=0
shrinkage=0.04


Tree=238
num_leaves=15
num_cat=0
split_feature=1 11 8 3 3 10 10 10 4 9 10 10 9 10
split_gain=14.0394 58.7588 103.308 109.272 66.9186 53.7756 58.5746 95.8132 155.882 97.1408 96.0743 143.626 127.086 213.53
threshold=0.59394836425781261 -0.99840793013572682 19.125000000000004 50.651041030883796 59.328125000000007 -0.98511216044425953 -0.6718577742576598 -0.73289573192596424 65.661457061767592 77.625000000000014 -0.96676719188690174 -0.88189578056335438 76.375000000000014 -0.97661703824996937
decision_type=2 2 2 2 2 2 2 2 2 2 2 2 2 2
left_child=1 2 3 -1 -4 -3 7 8 9 -7 12 -12 -10 -14
right_child=-2 5 4 -5 -6 6 -8 -9 10 -11 11 -13 13 -15
leaf_value=-0.022599626176009777 -0.00035247363001640234 -0.0053656394176043436 -0.03943207378432019 0.016843732279463747 0.00013677705834653941 -0.027605315905926839 0.00012653426398868424 0.014263776956466814 0.022007966209343401 0.015196967809486791 -0.0088913535091204553 0.0078728825416907768 -0.043394845170647296 0.024539089787681562
leaf_weight=157.70985494554043 52768.366128727794 1678.3270770534873 201.79512058198452 286.23140659928322 98.668950498104095 380.7974357586354 9485.7965406049043 1396.0562240183353 867.64792467467487 93.707154172472656 1313.8907837718725 2093.8213058039546 125.63389185070992 132.02722322382033
leaf_count=174 16428 2297 296 158 53 1943 7996 768 505 530 1423 1377 191 151
internal_value=-2.12923e-05 0.000932387 -0.00992629 0.00246131 -0.0272405 0.00140327 0.00212409 0.00507351 0.00246479 -0.0188798 0.0047722 0.00139503 0.0147962 -0.00932486
internal_weight=71080.5 18312.1 744.405 443.941 300.464 17567.7 15889.4 6403.58 5007.53 474.505 4533.02 3407.71 1125.31 257.661
internal_count=34290 17862 681 332 349 17181 14884 6888 6120 2473 3647 2800 847 342
is_linear=0
shrinkage=0.04


Tree=239
num_leaves=15
num_cat=0
split_feature=3 11 8 11 3 9 5 8 0 8 10 4 3 5
split_gain=13.4292 55.9714 72.3625 42.2843 169.181 85.7396 85.0013 84.0089 68.294 68.0719 59.5157 110.694 117.812 110.102
threshold=52.505208969116218 1.0000000180025095e-35 18.125000000000004 1.0000000180025095e-35 38.169271469116218 76.625000000000014 83.250000000000014 20.125000000000004 4.6936511993408212 20.625000000000004 -0.73289573192596424 65.182292938232436 38.169271469116218 79.750000000000014
decision_type=2 2 2 2 2 2 2 2 2 2 2 2 2 2
left_child=3 -2 -3 10 9 6 -6 8 -7 -5 11 -1 -13 -14
right_child=1 2 -4 4 5 7 -8 -9 -10 -11 -12 12 13 -15
leaf_value=-0.027313986506926069 0.00059138803605040841 0.0066056786972510826 -0.011861381638618836 -0.030928509632663994 0.019649377682939912 0.013883476587628747 0.0042558438410943786 -0.03341610889120275 -0.018637946924668084 0.0025926133632205744 4.505244027949464e-05 0.020645860276753684 0.022371031155162063 -0.005946683067672375
leaf_weight=311.26124957576394 48001.212396591902 453.49315822124481 1214.0349794328213 280.18356567341834 832.94465720653534 248.85112968087196 1803.0939784497023 132.50191285461187 147.89614233374596 138.85278136748821 11564.728986483067 286.75252966955304 209.51820605993271 5441.4748055487871
leaf_count=394 15082 129 548 2620 298 196 673 211 86 954 8949 250 95 3805
internal_value=-2.10017e-05 0.000339907 -0.0068204 -0.000858271 0.0030945 0.00628702 0.00923128 -0.00817966 0.00144776 -0.0202088 -0.00165619 -0.0047947 -0.00352649 -0.00482157
internal_weight=71066.8 49668.7 1667.53 21398.1 3584.32 3165.29 2636.04 529.249 396.747 419.036 17813.7 6249.01 5937.75 5650.99
internal_count=34290 15759 677 18531 5038 1464 971 493 282 3574 13493 4544 4150 3900
is_linear=0
shrinkage=0.04


Tree=240
num_leaves=15
num_cat=0
split_feature=1 9 2 7 4 5 3 9 4 9 6 5 1 4
split_gain=13.4678 62.5807 74.7197 96.6097 66.1136 91.817 64.1474 38.6779 36.5044 27.0862 34.8467 59.2896 41.8932 42.4966
threshold=5.2185058593750009 78.875000000000014 0.89583334326744091 96.362972259521499 87.468750000000014 95.250000000000014 62.526041030883796 76.625000000000014 89.031250000000014 79.625000000000014 1.0864555835723879 46.125000000000007 0.53215026855468761 96.552082061767592
decision_type=2 2 2 2 2 2 2 2 2 2 2 2 2 2
left_child=9 2 3 4 5 7 -6 -2 -3 -1 11 -11 -12 -14
right_child=1 8 -4 -5 6 -7 -8 -9 -10 10 12 -13 13 -15
leaf_value=0.00043583010943634676 -0.017767255813454515 -0.0026032268492899913 0.0058544986224956085 -0.022175336723789837 -0.017353671907296041 0.010474087108335108 -0.0025265158710444028 0.00034401890848981758 0.010883042884600494 0.016560006930704693 0.008575658428002406 -0.025290492551372275 -0.0036268589109423274 0.0082472688103662727
leaf_weight=57764.817680626176 341.63029688596725 502.89190566539764 1009.3605363368988 509.41149044036865 797.39689934253693 906.33590412139893 1107.7392499446869 392.88530534505844 837.71614336967468 55.690137658268213 568.75425326824188 208.71956369280815 5543.0720068067312 509.17018759250641
leaf_count=29680 121 126 104 135 235 181 209 106 140 198 276 634 2036 109
internal_value=-2.06089e-05 -0.00176719 -0.0038012 -0.00622137 -0.00381793 0.00205881 -0.00884825 -0.00832738 0.00586014 0.00015293 -0.00221483 -0.0159312 -0.00162074 -0.00260402
internal_weight=71055.6 6405.37 5064.76 4055.4 3545.99 1640.85 1905.14 734.516 1340.61 64650.2 6885.41 264.41 6621 6052.24
internal_count=34290 1357 1091 987 852 408 444 227 266 32933 3253 832 2421 2145
is_linear=0
shrinkage=0.04


Tree=241
num_leaves=15
num_cat=0
split_feature=4 7 8 8 9 9 10 8 7 3 8 9 11 7
split_gain=12.8495 45.3279 48.5595 42.5157 47.2554 76.2467 70.6513 74.8849 64.163 46.8983 42.2354 39.1488 37.7336 31.7259
threshold=92.177082061767592 6.250619888305665 17.125000000000004 21.375000000000004 73.625000000000014 77.625000000000014 -0.46092462539672846 20.375000000000004 28.135728836059574 61.234375000000007 18.125000000000004 80.125000000000014 -0.97631725668907154 21.192026138305668
decision_type=2 2 2 2 2 2 2 2 2 2 2 2 2 2
left_child=13 -2 -3 4 10 12 7 9 -9 -7 -4 -8 -6 -1
right_child=1 2 3 -5 5 6 11 8 -10 -11 -12 -13 -14 -15
leaf_value=0.00035722090405081348 0.013391206014556749 0.0059447920752956993 0.0092622981739246771 0.0094370623248696568 -0.019879655785317307 -0.0011171304058197064 0.013175392324510413 -0.0082618353899514916 0.011731508904716166 -0.020588752946116191 -0.0013397434518373455 -0.00027516586510449955 -0.0065427834543953511 -0.0016420992727470729
leaf_weight=41610.229173080064 449.36801998317242 2210.341465651989 1022.8491365909576 596.60753440856934 407.1973375082016 317.47479569911957 762.82336664199829 450.5186288356781 547.23752510547638 516.29172074794769 1409.4351613521576 619.34124684333801 1874.790346801281 18253.727243840694
leaf_count=27308 162 420 124 135 113 94 110 140 109 184 242 114 540 4495
internal_value=-2.01459e-05 0.00122314 0.00068982 -0.000683472 -0.00146691 -0.0035178 0.000459755 -0.00467257 0.00271893 -0.0133744 0.00315791 0.00723031 -0.00907465 -0.000252757
internal_weight=71048.2 11184.3 10734.9 8524.57 7927.96 5495.67 3213.69 1831.52 997.756 833.767 2432.28 1382.16 2281.99 59864
internal_count=34290 2487 2325 1905 1770 1404 751 527 249 278 366 224 653 31803
is_linear=0
shrinkage=0.04


Tree=242
num_leaves=15
num_cat=0
split_feature=3 11 3 5 11 11 4 9 8 4 10 9 4 9
split_gain=12.8584 51.4426 68.9422 55.4565 39.7235 59.2919 89.3047 106.442 64.0446 62.272 59.13 153.701 123.505 89.0282
threshold=52.505208969116218 1.0000000180025095e-35 53.713541030883796 95.750000000000014 -0.99840793013572682 -0.96687281131744374 52.070312500000007 75.125000000000014 17.375000000000004 85.838542938232436 -0.53536762297153462 76.875000000000014 58.005208969116218 74.375000000000014
decision_type=2 2 2 2 2 2 2 2 2 2 2 2 2 2
left_child=4 -2 -3 -4 -1 6 -6 8 9 -8 11 12 13 -7
right_child=1 2 3 -5 5 10 7 -9 -10 -11 -12 -13 -14 -15
leaf_value=-0.01164072036691717 0.00057492868717644514 0.0069975515315874931 -0.018520434284874394 -0.0014475419692427524 -0.01036421771701318 0.017551688895651524 -0.028586882685097629 0.01443242336365025 0.0040300619652086376 0.004294041246932675 -0.0053989137640215613 -0.011118965190361851 0.0021098958206853687 -0.051039007573108156
leaf_weight=511.24955777823925 47988.84229400754 431.54433545470238 702.27883875370026 532.46695101261139 549.41204695403576 29.535963750444353 202.12351773679256 1480.6263560950756 1104.4456579685211 149.60195904970169 4597.1504733040929 1734.1873722178861 10930.909734445624 97.18739858828485
leaf_count=422 15082 147 346 184 948 161 185 633 658 49 4098 3034 7252 1091
internal_value=-1.93064e-05 0.000333864 -0.00653324 -0.0112984 -0.000838845 -0.00056341 0.00418292 0.00695608 -0.000738367 -0.0151228 -0.00151869 -0.00011795 0.00162432 -0.034839
internal_weight=71041.6 49655.1 1666.29 1234.75 21386.4 20875.2 3486.21 2936.8 1456.17 351.725 17389 12791.8 11057.6 126.723
internal_count=34290 15759 677 530 18531 18109 2473 1525 892 234 15636 11538 8504 1252
is_linear=0
shrinkage=0.04


Tree=243
num_leaves=15
num_cat=0
split_feature=1 11 8 3 3 10 5 6 10 5 0 8 10 6
split_gain=12.8777 52.8071 98.1727 100.436 62.5669 49.1975 56.7449 68.936 55.6996 97.4657 82.8722 76.6587 124.713 96.6741
threshold=0.59394836425781261 -0.99840793013572682 19.125000000000004 50.651041030883796 59.328125000000007 -0.98511216044425953 77.750000000000014 2.2675931453704838 -0.6718577742576598 93.250000000000014 2.1865367889404301 19.875000000000004 -0.60585239529609669 0.13298392295837405
decision_type=2 2 2 2 2 2 2 2 2 2 2 2 2 2
left_child=1 2 3 -1 -4 6 -3 -8 9 10 -7 12 -10 -13
right_child=-2 5 4 -5 -6 8 7 -9 11 -11 -12 13 -14 -15
leaf_value=-0.021463471029648882 -0.00033669076036646869 0.012583124567886001 -0.03827576062689212 0.016421543149750334 6.058329552562473e-05 0.005410880552587826 -0.014222811167455756 0.0040570627691410496 -0.020341667508536325 -0.0044972130782791097 0.020374497319484989 -0.010056456309939107 -0.00078331893986736934 0.0076913022398766009
leaf_weight=156.90211541950703 52746.998883575201 230.04317759629339 199.46644543111324 285.69684633612633 98.67839527130127 4345.3349169930443 958.48468488175422 486.97269436717033 557.45083558559418 1369.4841973539442 671.80879187583923 570.93845750577748 5416.556549243629 2936.5887016505003
leaf_count=174 16428 488 296 158 53 5703 1588 221 546 985 200 1313 4453 1684
internal_value=-1.95723e-05 0.000894622 -0.00942495 0.00264393 -0.0263812 0.00134058 -0.00513928 -0.00809302 0.00203039 0.00491159 0.00748749 8.3397e-05 -0.00267015 0.00476177
internal_weight=71031.4 18284.4 740.744 442.599 298.145 17543.7 1675.5 1445.46 15868.2 6386.63 5017.14 9481.53 5974.01 3507.53
internal_count=34290 17862 681 332 349 17181 2297 1809 14884 6888 5903 7996 4999 2997
is_linear=0
shrinkage=0.04


Tree=244
num_leaves=15
num_cat=0
split_feature=1 9 11 2 4 5 3 8 8 10 9 10 3 10
split_gain=12.6205 56.505 75.932 65.587 64.9222 76.2811 35.8478 39.0943 33.6227 25.5381 24.5553 33.9423 34.7894 95.4959
threshold=5.2185058593750009 78.875000000000014 -0.9852197766304015 0.89583334326744091 86.989582061767592 95.250000000000014 62.526041030883796 20.125000000000004 20.625000000000004 -0.46092462539672846 79.625000000000014 -0.99871450662612904 56.890625000000007 -0.90882229804992665
decision_type=2 2 2 2 2 2 2 2 2 2 2 2 2 2
left_child=10 2 -2 4 5 -4 9 -8 -3 -6 -1 -12 13 -13
right_child=1 8 3 -5 6 -7 7 -9 -10 -11 11 12 -14 -15
leaf_value=0.00041805150272015734 -0.014491832017751663 -0.0015652110227505015 -0.008219835879419473 0.0093604913396439782 -0.006126298803414869 0.010184993327781687 0.0031247877452123991 -0.011253505456322026 0.011073222106984002 -0.020348402322363898 0.01165141793077148 -0.028559769841543035 -0.0013433101436902879 -0.0021490991720077681
leaf_weight=57742.040194449946 838.3871054649353 592.77893435955048 588.47220528125763 724.66406393051147 377.07106339931488 866.04658162593842 630.57669258117676 550.06470131874084 746.72873449325562 483.82085597515106 256.15802589058876 276.58791834302247 5495.501684576273 852.3464145809412
leaf_count=29680 212 130 175 66 107 170 88 141 136 132 113 608 1752 780
internal_value=-1.93026e-05 -0.00171099 -0.00364497 -0.00143221 -0.00370984 0.00272824 -0.00827871 -0.00364998 0.00553953 -0.0143996 0.000148677 -0.00210658 -0.00267205 -0.00900421
internal_weight=71021.2 6398.61 5059.1 4220.72 3496.05 1454.52 2041.53 1180.64 1339.51 860.892 64622.6 6880.59 6624.44 1128.93
internal_count=34290 1357 1091 879 813 345 468 229 266 239 32933 3253 3140 1388
is_linear=0
shrinkage=0.04


Tree=245
num_leaves=15
num_cat=0
split_feature=4 7 8 8 9 9 10 8 7 3 8 9 11 7
split_gain=12.4543 42.1602 44.7187 38.5739 42.9615 68.9051 65.5534 68.5557 58.7043 43.6939 39.1409 36.0373 34.1017 28.8866
threshold=92.177082061767592 6.250619888305665 17.125000000000004 21.375000000000004 73.625000000000014 77.625000000000014 -0.46092462539672846 20.375000000000004 28.135728836059574 61.234375000000007 18.125000000000004 80.125000000000014 -0.97631725668907154 21.192026138305668
decision_type=2 2 2 2 2 2 2 2 2 2 2 2 2 2
left_child=13 -2 -3 4 10 12 7 9 -9 -7 -4 -8 -6 -1
right_child=1 2 3 -5 5 6 11 8 -10 -11 -12 -13 -14 -15
leaf_value=0.0003341361370243262 0.012947166810552314 0.0057343392923403392 0.0089149777005672667 0.0090166675755911831 -0.018908469530094122 -0.0010092700000746463 0.012683869383682867 -0.007927016354910936 0.01120373806444112 -0.01980995350901622 -0.0012936716588915138 -0.00022564195111752795 -0.0062119365108628021 -0.0015739156898797266
leaf_weight=41588.894970180467 448.85517686605453 2209.5970616340637 1022.1066484451294 596.02264630794525 405.74615824222565 317.41194438934326 761.90041446685791 450.26497876644135 546.68877041339874 514.81227540969849 1409.2158842086792 619.34786081314087 1873.9376745820045 18249.824750363827
leaf_count=27308 162 420 124 135 113 94 110 140 109 184 242 114 540 4495
internal_value=-1.90964e-05 0.00120541 0.000690913 -0.00062782 -0.00137437 -0.00333131 0.000451751 -0.004496 0.00257754 -0.0128313 0.00303568 0.00697468 -0.0086165 -0.00024812
internal_weight=71014.6 11175.9 10727.1 8517.46 7921.43 5490.11 3210.43 1829.18 996.954 832.224 2431.32 1381.25 2279.68 59838.7
internal_count=34290 2487 2325 1905 1770 1404 751 527 249 278 366 224 653 31803
is_linear=0
shrinkage=0.04


Tree=246
num_leaves=15
num_cat=0
split_feature=3 11 8 5 9 11 3 9 8 5 10 10 4 0
split_gain=12.2317 46.6035 65.6835 45.8853 49.0227 38.7643 154.611 74.5163 78.6082 77.3181 66.5553 109.726 72.784 64.0223
threshold=52.505208969116218 1.0000000180025095e-35 17.625000000000004 90.750000000000014 74.625000000000014 1.0000000180025095e-35 38.169271469116218 76.625000000000014 20.125000000000004 83.250000000000014 -0.95468294620513905 -0.92569038271903981 67.963542938232436 4.6936511993408212
decision_type=2 2 2 2 2 2 2 2 2 2 2 2 2 2
left_child=5 -2 -3 -4 -5 -1 10 9 13 -8 -7 12 -12 -9
right_child=1 2 3 4 -6 6 7 8 -10 -11 11 -13 -14 -15
leaf_value=-0.001581792593024673 0.00055556410179649369 0.0094810878594843318 -0.025497123269736566 -0.020425525484825156 -0.0014151099905233121 -0.034327329703162761 0.018719381848788078 0.013798491774042588 -0.032087365932092486 0.0040211575436452538 0.024363216707178399 -0.051607353069658163 -0.030661013501297633 -0.017735736570516886
leaf_weight=17796.202231172472 47973.041017889977 325.75063592195511 235.01215201616287 275.82898074388504 827.6656918823719 208.02193474117666 830.06228100508451 248.41148789972067 130.80868373438716 1802.4754444807768 139.35724478866905 36.352618476375937 32.186887355521321 147.32635805010796
leaf_count=13493 15082 95 145 97 340 1678 298 196 211 673 532 1135 229 86
internal_value=-1.82953e-05 0.00032618 -0.00621401 -0.010117 -0.00644596 -0.00081794 0.00297213 0.00601999 -0.0075072 0.00876184 -0.0193918 -0.00274623 0.0119155 0.00177039
internal_weight=71008.5 49637.3 1664.26 1338.51 1103.49 21371.2 3575 3159.08 526.547 2632.54 415.919 207.897 171.544 395.738
internal_count=34290 15759 677 582 437 18531 5038 1464 493 971 3574 1896 761 282
is_linear=0
shrinkage=0.04


Tree=247
num_leaves=15
num_cat=0
split_feature=4 11 9 9 11 6 11 8 3 11 6 10 5 3
split_gain=11.9178 57.9607 81.7908 74.0262 56.9131 73.1443 47.7323 65.9507 99.6127 64.101 75.0206 99.0899 67.5765 106.978
threshold=72.244792938232436 0.28081613034009939 75.625000000000014 74.125000000000014 0.19741141051054004 12.458324432373049 -0.99840793013572682 19.125000000000004 52.505208969116218 -0.97631725668907154 4.4392168521881112 -0.134930245578289 83.250000000000014 53.963541030883796
decision_type=2 2 2 2 2 2 2 2 2 2 2 2 2 2
left_child=6 4 3 -3 -2 -6 7 8 -1 10 -8 -12 -11 -14
right_child=1 2 -4 -5 5 -7 9 -9 -10 12 11 -13 13 -15
leaf_value=-0.019436926731109402 0.0001784945203253881 -0.018920304632466904 -0.035212483067992059 0.018188827258031899 0.017830836108878114 -0.0034853604404310569 0.0067805661366457807 -0.020801862574772359 0.026262718463035416 -0.00040227537489769178 0.006460525582026623 -0.021565870645090329 -0.013321991034199577 0.0067960468870964007
leaf_weight=129.64764653146267 55532.650506522506 157.08540027961135 156.94850687123835 147.27924398332834 634.69258761778474 415.28970980644226 2969.6038808748126 416.91251799464226 136.38891744613647 7303.1749897897243 406.1927342414856 367.94181269407272 1675.8368919314817 549.46468684077263
leaf_count=157 19698 173 319 55 255 107 1916 388 57 8727 113 188 1923 214
internal_value=-1.92311e-05 0.000237168 -0.0135851 -0.000949229 0.00035462 0.00949228 -0.00106614 -0.0112243 0.00419005 -0.000527332 0.00389462 -0.00706791 -0.00226924 -0.00833822
internal_weight=70999.1 57043.9 461.313 304.365 56582.6 1049.98 13955.2 682.949 266.037 13272.2 3743.74 774.135 9528.48 2225.3
internal_count=34290 20607 547 228 20060 362 13683 602 214 13081 2217 301 10864 2137
is_linear=0
shrinkage=0.04


Tree=248
num_leaves=15
num_cat=0
split_feature=1 9 11 2 4 5 9 11 4 9 10 8 10 3
split_gain=11.8521 50.6524 70.898 59.1297 61.0906 71.8173 32.7818 44.8811 31.667 22.7548 33.4293 75.4251 37.2101 36.1089
threshold=5.2185058593750009 78.875000000000014 -0.9852197766304015 0.89583334326744091 86.531250000000014 95.250000000000014 77.375000000000014 -0.95438989996910084 89.031250000000014 79.625000000000014 0.12214757129549982 19.875000000000004 0.29008051753044134 50.651041030883796
decision_type=2 2 2 2 2 2 2 2 2 2 2 2 2 2
left_child=9 2 -2 4 5 -4 7 -6 -3 -1 -11 -12 -13 -14
right_child=1 8 3 -5 6 -7 -8 -9 -10 10 11 12 13 -15
leaf_value=0.00040304568201981236 -0.013980386791663631 -0.0026657299668761702 -0.0076836713730257071 0.0088978373630575463 -0.021618804509539857 0.010395146472602874 1.7420318300984285e-06 -0.0063194498012484361 0.0098958747012725529 -0.0012387687043376526 -0.034935256071549951 -0.014574322602981849 0.025143429892471456 -0.0072502353062162033
leaf_weight=57720.847249839455 837.16368699073792 502.67730033397675 583.91053819656372 724.17306756973267 431.27920246124268 824.28065526485443 607.35163116455078 1045.5849791765213 835.7415988445282 6388.7381726205349 137.2048815432936 162.99353171885014 96.128537574782968 91.401538789272308
leaf_count=29680 212 126 174 66 116 160 140 223 140 2719 180 149 150 55
internal_value=-1.90577e-05 -0.0016593 -0.00349145 -0.0013528 -0.00351689 0.00289609 -0.00783614 -0.0110164 0.00520826 0.000143714 -0.00202796 -0.0119095 -0.00149741 0.0101777
internal_weight=70989.5 6392.16 5053.74 4216.58 3492.41 1408.19 2084.22 1476.86 1338.42 64597.3 6876.47 487.728 350.524 187.53
internal_count=34290 1357 1091 879 813 334 479 339 266 32933 3253 534 354 205
is_linear=0
shrinkage=0.04


Tree=249
num_leaves=15
num_cat=0
split_feature=4 9 10 7 3 3 9 1 11 8 3 3 5 3
split_gain=11.7335 63.0143 51.8222 63.0577 37.1837 72.5129 16.7018 16.0946 49.5763 87.934 91.1823 59.046 51.373 91.0275
threshold=39.377603530883796 76.125000000000014 0.29008051753044134 3.3744335174560551 44.942708969116218 32.523437500000007 75.875000000000014 0.59394836425781261 -0.99840793013572682 19.125000000000004 50.651041030883796 59.328125000000007 92.250000000000014 54.609375000000007
decision_type=2 2 2 2 2 2 2 2 2 2 2 2 2 2
left_child=1 6 3 -3 5 -4 -1 8 9 10 -2 -11 -10 -14
right_child=7 2 4 -5 -6 -7 -8 -9 12 11 -12 -13 13 -15
leaf_value=-0.050565203324985666 -0.020545702125719777 -0.036650594938763839 -0.028926405942130886 0.0094568981543768308 -0.0083385092744600615 0.021220109198826154 -0.0058089375630035528 -0.00031738627536316761 0.0026079710000030351 -0.036764266022203826 0.015630267469689169 0.00047280422373246458 -0.0074127247536693256 0.0067784210283509455
leaf_weight=36.410492692142725 156.04361626505852 98.655885845422745 36.832100946456194 67.861104011535645 174.49146181344986 272.06362283229828 25.066293499432504 52602.029263973236 13627.381604908966 196.64762581884861 284.62900242209435 98.656950235366821 2266.9444501940161 1039.4858494102955
leaf_count=359 174 298 425 34 151 417 72 16350 13251 296 158 53 1819 433
internal_value=-1.89412e-05 -0.0050592 -0.000874768 -0.0188611 0.00582435 0.0138453 -0.0382219 3.35077e-05 0.00107728 -0.00894775 0.0024844 -0.025083 0.00152303 -0.00293734
internal_weight=70983.2 711.381 649.904 166.517 483.387 308.896 61.4768 70271.8 17669.8 735.977 440.673 295.305 16933.8 3306.43
internal_count=34290 1756 1325 332 993 842 431 32534 16184 681 332 349 15503 2252
is_linear=0
shrinkage=0.04


end of trees

feature_importances:
season_sin=748
gfs_pwat_mean=472
longitude=442
season_cos=353
gfs_rh_mean=342
latitude=308
gfs_rh_max=233
gfs_neighbor_rain_mean=222
gfs_neighbor_rain_max=194
gfs_rain_mm=86
gfs_max_step_rate_mmh=50
gfs_rain_hours_fraction=50

parameters:
[boosting: gbdt]
[objective: tweedie]
[metric: tweedie]
[tree_learner: serial]
[device_type: cpu]
[data_sample_strategy: bagging]
[data: ]
[valid: ]
[num_iterations: 250]
[learning_rate: 0.04]
[num_leaves: 15]
[num_threads: 4]
[seed: 42]
[deterministic: 1]
[force_col_wise: 1]
[force_row_wise: 0]
[histogram_pool_size: -1]
[max_depth: -1]
[min_data_in_leaf: 100]
[min_sum_hessian_in_leaf: 0.001]
[bagging_fraction: 1]
[pos_bagging_fraction: 1]
[neg_bagging_fraction: 1]
[bagging_freq: 0]
[bagging_seed: 400]
[bagging_by_query: 0]
[feature_fraction: 1]
[feature_fraction_bynode: 1]
[feature_fraction_seed: 30056]
[extra_trees: 0]
[extra_seed: 12879]
[early_stopping_round: 0]
[early_stopping_min_delta: 0]
[first_metric_only: 0]
[max_delta_step: 0]
[lambda_l1: 0]
[lambda_l2: 20]
[linear_lambda: 0]
[min_gain_to_split: 0]
[drop_rate: 0.1]
[max_drop: 50]
[skip_drop: 0.5]
[xgboost_dart_mode: 0]
[uniform_drop: 0]
[drop_seed: 17869]
[top_rate: 0.2]
[other_rate: 0.1]
[min_data_per_group: 100]
[max_cat_threshold: 32]
[cat_l2: 10]
[cat_smooth: 10]
[max_cat_to_onehot: 4]
[top_k: 20]
[monotone_constraints: ]
[monotone_constraints_method: basic]
[monotone_penalty: 0]
[feature_contri: ]
[forcedsplits_filename: ]
[refit_decay_rate: 0.9]
[cegb_tradeoff: 1]
[cegb_penalty_split: 0]
[cegb_penalty_feature_lazy: ]
[cegb_penalty_feature_coupled: ]
[path_smooth: 0]
[interaction_constraints: ]
[verbosity: -1]
[saved_feature_importance_type: 0]
[use_quantized_grad: 0]
[num_grad_quant_bins: 4]
[quant_train_renew_leaf: 0]
[stochastic_rounding: 1]
[linear_tree: 0]
[max_bin: 255]
[max_bin_by_feature: ]
[min_data_in_bin: 3]
[bin_construct_sample_cnt: 200000]
[data_random_seed: 175]
[is_enable_sparse: 1]
[enable_bundle: 1]
[use_missing: 1]
[zero_as_missing: 0]
[feature_pre_filter: 1]
[pre_partition: 0]
[two_round: 0]
[header: 0]
[label_column: ]
[weight_column: ]
[group_column: ]
[ignore_column: ]
[categorical_feature: ]
[forcedbins_filename: ]
[precise_float_parser: 0]
[parser_config_file: ]
[objective_seed: 16083]
[num_class: 1]
[is_unbalance: 0]
[scale_pos_weight: 1]
[sigmoid: 1]
[boost_from_average: 1]
[reg_sqrt: 0]
[alpha: 0.9]
[fair_c: 1]
[poisson_max_delta_step: 0.7]
[tweedie_variance_power: 1.5]
[lambdarank_truncation_level: 30]
[lambdarank_norm: 1]
[label_gain: ]
[lambdarank_position_bias_regularization: 0]
[eval_at: ]
[multi_error_top_k: 1]
[auc_mu_weights: ]
[num_machines: 1]
[local_listen_port: 12400]
[time_out: 120]
[machine_list_filename: ]
[machines: ]
[gpu_platform_id: -1]
[gpu_device_id: -1]
[gpu_device_id_list: ]
[gpu_use_dp: 0]
[num_gpu: 1]

end of parameters

pandas_categorical:[]
