tree
version=v4
num_class=1
num_tree_per_iteration=1
label_index=0
max_feature_idx=11
objective=binary sigmoid:1
feature_names=gfs_rain_mm gfs_max_step_rate_mmh gfs_rain_hours_fraction gfs_pwat_mean gfs_rh_mean gfs_rh_max gfs_neighbor_rain_mean gfs_neighbor_rain_max latitude longitude season_sin season_cos
feature_infos=[0:320.03173828125] [0:46.3623046875] [0:1] [10.359375:73.9375] [13.9375:99.5625] [20.125:100] [0:216.8958740234375] [0:320.03173828125] [15.75:21.75] [72.75:80.75] [-0.99944460391998291:0.42667409777641296] [-0.99994218349456787:0.46421048045158386]
tree_sizes=1691 1738 1749 1752 1736 1750 1749 1752 1758 1755 1748 1763 1760 1755 1749 1747 1747 1743 1745 1756 1753 1742 1751 1746 1747 1740 1750 1751 1747 1750 1756 1750 1756 1756 1748 1760 1757 1765 1768 1756 1756 1753 1747 1758 1754 1748 1759 1750 1751 1760 1763 1763 1759 1764 1744 1751 1744 1771 1763 1757 1770 1756 1768 1771 1753 1748 1762 1755 1764 1762 1771 1757 1752 1763 1766 1776 1761 1766 1762 1758 1769 1768 1744 1771 1768 1769 1752 1760 1756 1763 1756 1769 1773 1763 1772 1769 1775 1761 1768 1774 1762 1761 1761 1751 1770 1766 1764 1761 1765 1754 1759 1772 1765 1771 1764 1763 1756 1763 1758 1773 1747 1753 1759 1748 1759 1756 1768 1759 1750 1760 1760 1763 1760 1757 1761 1760 1766 1755 1768 1768 1751 1780 1759 1760 1760 1765 1764 1758 1762 1769 1749 1750 1770 1760 1765 1758 1767 1767 1751 1771 1759 1769 1757 1760 1767 1764 1767 1772 1765 1761 1774 1756 1767 1753 1764 1764 1759 1749 1764 1748 1771 1758 1756 1762 1764 1763 1754 1764 1767 1766 1768 1768 1755 1771 1771 1762 1753 1755 1773 1771 1760 1757 1747 1749 1749 1761 1771 1757 1757 1747 1752 1753 1761 1767 1759 1761 1766 1769 1765 1767 1761 1772 1757 1765 1765 1771 1773 1755 1767 1745 1754 1764 1771 1758 1778 1757 1766 1758 1763 1765 1769 1772 1754 1751 1759 1760 1751 1775 1755 1756

Tree=0
num_leaves=15
num_cat=0
split_feature=7 9 3 11 3 4 9 7 10 10 9 8 4 9
split_gain=3865.65 893.104 530.663 207.713 200.736 176.271 94.9358 91.8119 88.7202 84.6748 69.9279 65.179 41.5103 38.2062
threshold=20.942473411560062 73.875000000000014 56.171875000000007 -0.16148620098829267 50.421875000000007 82.515625000000014 78.375000000000014 2.6904702186584477 -0.94087398052215565 -0.72110775113105763 74.375000000000014 19.125000000000004 87.203125000000014 73.625000000000014
decision_type=2 2 2 2 2 2 2 2 2 2 2 2 2 2
left_child=2 3 7 4 -2 -3 -7 -1 10 -8 -4 -10 -13 -9
right_child=1 5 8 -5 -6 6 9 13 11 -11 -12 12 -14 -15
leaf_value=-2.0933750887252951 -2.0534555691850613 -2.0435716265843209 -2.0278863878996818 -2.057649615761735 -1.8678422317131511 -2.0112243815166941 -2.020866330820934 -2.048739938834073 -2.0133695163752079 -1.9272601344590197 -2.0837244747238586 -2.0535032697433038 -2.0258196353642259 -2.0779564162868605
leaf_weight=1294.7412187233567 10.751828514039515 123.39481696486473 28.135626018047333 10.952797271311281 143.19023955613375 176.55105326324701 44.615064114332199 68.530346229672432 91.340300180017948 63.305158540606499 144.79798961430788 432.88670316338539 90.636909529566765 721.77929174154997
leaf_count=12885 107 1228 280 109 1425 1757 444 682 909 630 1441 4308 902 7183
internal_value=-2.05719 -1.96414 -2.07626 -1.88952 -1.87889 -2.00073 -1.98426 -2.08675 -2.04845 -1.95423 -2.07254 -2.04141 -2.04773 -2.07528
internal_weight=3445.61 572.761 2872.85 164.895 153.942 407.866 284.471 2085.05 787.798 107.92 172.934 614.864 523.524 790.31
internal_count=34290 5700 28590 1641 1532 4059 2831 20750 7840 1074 1721 6119 5210 7865
is_linear=0
shrinkage=1


Tree=1
num_leaves=15
num_cat=0
split_feature=7 2 3 9 7 10 11 10 9 8 4 3 9 4
split_gain=3420.2 715.456 506.879 161.601 90.6243 81.8159 67.6276 68.2918 66.5865 58.3114 37.7814 37.6361 36.2703 32.1749
threshold=20.942473411560062 0.56250000000000011 56.171875000000007 73.625000000000014 2.6904702186584477 -0.94087398052215565 1.0000000180025095e-35 1.0000000180025095e-35 74.375000000000014 19.125000000000004 87.203125000000014 63.109375000000007 73.625000000000014 75.890625000000014
decision_type=2 2 2 2 2 2 2 2 2 2 2 2 2 2
left_child=2 3 4 -2 -1 8 7 -5 -4 13 -11 -12 -6 -7
right_child=1 -3 5 6 12 9 -8 -9 -10 10 11 -13 -14 -15
leaf_value=-0.035751786655232577 0.10898859993402271 0.15254186500113842 0.02823753341390825 0.05403302074350793 0.0081499337976197947 -0.00144529093561126 -0.0090792674470032541 0.0086011538508690265 -0.026074577641276499 0.0035395865338634837 0.0092457194068037585 0.060624204975075743 -0.020276033679448399 0.051443497228274147
leaf_weight=1258.8516334444284 59.990717962384224 163.82241951674223 28.778091073036194 277.93370874226093 68.979354947805405 21.6170254945755 33.75024838000536 74.734663069248199 141.84742184728384 434.12337237596512 71.441740989685059 21.411933898925781 710.2518854290247 72.853533037006855
leaf_count=12885 528 1467 280 2652 682 208 328 725 1441 4308 694 208 7183 701
internal_value=6.30993e-05 0.0843876 -0.0185833 0.0539079 -0.0290575 0.0084195 0.0404142 0.0453837 -0.0149126 0.0150908 0.00907427 0.0297377 -0.0176187 0.0412033
internal_weight=3440.39 610.232 2830.16 446.409 2038.08 792.073 386.419 352.668 170.626 621.448 526.977 92.8537 779.231 94.4706
internal_count=34290 5700 28590 4233 20750 7840 3705 3377 1721 6119 5210 902 7865 909
is_linear=0
shrinkage=0.04


Tree=2
num_leaves=15
num_cat=0
split_feature=7 9 3 9 3 7 10 11 11 9 10 10 11 8
split_gain=3036.85 546.065 485.094 136.313 110.998 89.4142 75.8507 73.7521 63.6688 63.3943 60.449 59.3297 54.4099 52.3093
threshold=20.942473411560062 73.875000000000014 56.171875000000007 78.625000000000014 50.296875000000007 2.6904702186584477 -0.94087398052215565 -0.9911728799343108 -0.24558732658624646 74.375000000000014 -0.72110775113105763 1.0000000180025095e-35 1.0000000180025095e-35 19.125000000000004
decision_type=2 2 2 2 2 2 2 2 2 2 2 2 2 2
left_child=2 4 5 11 -2 -1 9 -5 -6 -4 -9 12 -3 -8
right_child=1 3 6 7 8 -7 13 10 -10 -11 -12 -13 -14 -15
leaf_value=-0.035324679372647438 0.0034021083627241216 0.044876183727200855 0.027213546952592926 -0.00059670724625878835 0.14275183410944547 -0.017161675697537796 0.038900928367044035 0.031550777009861426 0.022238774388424486 -0.025622491125185092 0.10877406670965685 -0.0040955275221171003 -0.0078865591356217513 0.0087727088707064815
leaf_weight=1224.0578005090356 11.720505177974699 210.90389331430197 29.40606564283371 16.254886530339718 176.13149033486843 768.52883204817772 97.34744419157505 45.723039127886295 15.764608383178709 138.98740392178297 77.826349914073944 61.97022495418787 29.882586866617203 529.68355442583561
leaf_count=12885 112 1935 280 151 1388 7865 909 423 141 1441 670 590 290 5210
internal_value=0.000117802 0.0768974 -0.0180984 0.0482659 0.129245 -0.0285595 0.00816507 0.0794281 0.135885 -0.0144864 0.0885729 0.0298459 0.0382255 0.014508
internal_weight=3434.19 646.178 2788.01 442.561 203.617 1992.59 795.424 139.804 191.896 168.393 123.549 302.757 240.786 627.031
internal_count=34290 5700 28590 4059 1641 20750 7840 1244 1529 1721 1093 2815 2225 6119
is_linear=0
shrinkage=0.04


Tree=3
num_leaves=15
num_cat=0
split_feature=7 3 2 9 7 10 9 11 10 8 9 4 7 10
split_gain=2719.16 462.437 462.434 113.232 88.1598 69.8332 60.3451 53.1162 50.471 48.8425 34.7629 28.5053 37.4333 28.1634
threshold=20.942473411560062 56.171875000000007 0.56250000000000011 73.625000000000014 2.6904702186584477 -0.94087398052215565 74.375000000000014 1.0000000180025095e-35 1.0000000180025095e-35 20.625000000000004 73.625000000000014 87.203125000000014 7.0755600929260263 -0.991642266511917
decision_type=2 2 2 2 2 2 2 2 2 2 2 2 2 2
left_child=1 4 3 -2 13 6 -3 8 -5 11 -6 -7 -13 -1
right_child=2 5 -4 7 10 9 -8 -9 -10 -11 -12 12 -14 -15
leaf_value=-0.0098101084010694724 0.089511803145594163 0.026233212438225816 0.12060393198410736 0.046159160226786025 0.0084739873270874184 0.015278527266699999 -0.025174344772759455 -0.008823324826689339 0.0076291923867669214 3.1292963685421885e-05 -0.019383962184174527 -0.0050579420625799084 0.054744606645614535 -0.036620008615324433
leaf_weight=84.991308748722076 70.643115073442459 30.019474625587463 196.95133638381958 301.44112398475409 68.500783249735832 307.04833699762821 136.21573489904404 33.432156324386597 76.235876925289631 251.85040898621082 689.78170145303011 17.332433506846428 57.275612011551857 1105.3489230200648
leaf_count=920 528 280 1467 2652 682 2958 1441 328 725 2463 7183 163 535 11965
internal_value=0.000161526 -0.0176358 0.0706723 0.0462655 -0.0280646 0.00783962 -0.0140707 0.0350264 0.0391565 0.0138437 -0.0167143 0.0225029 0.0427194 -0.0348995
internal_weight=3427.07 2748.36 678.704 481.752 1948.62 799.742 166.235 411.109 377.677 633.507 758.282 381.656 74.608 1190.34
internal_count=34290 28590 5700 4233 20750 7840 1721 3705 3377 6119 7865 3656 698 12885
is_linear=0
shrinkage=0.04


Tree=4
num_leaves=15
num_cat=0
split_feature=7 3 2 9 3 10 4 9 8 9 11 3 4 3
split_gain=2439.43 441.137 380.003 126.596 87.0175 64.4499 60.342 57.4332 45.5603 40.8915 40.4809 42.297 33.5976 35.4719
threshold=20.942473411560062 56.171875000000007 0.68750000000000011 73.625000000000014 45.890625000000007 -0.94087398052215565 82.515625000000014 74.375000000000014 19.125000000000004 73.875000000000014 1.0000000180025095e-35 48.390625000000007 87.203125000000014 63.109375000000007
decision_type=2 2 2 2 2 2 2 2 2 2 2 2 2 2
left_child=1 4 3 -2 -1 7 -5 -3 -7 -6 11 -8 -10 -14
right_child=2 5 -4 6 9 8 10 -9 12 -11 -12 -13 13 -15
leaf_value=-0.037648399294492582 0.08771578332873943 0.025294364938750046 0.11862503573183208 0.010714154175305834 0.0025002793723955382 0.035528825245129118 -0.0097794163559788115 -0.024730101866839854 0.0027192744482557401 -0.022233046966563676 -0.0027943902363750752 0.05110159304337019 0.0077989322028718779 0.0562337736173543
leaf_weight=806.98804571479559 90.172432854771614 30.618295073509216 153.95079895108938 133.6605764105916 115.44075028598309 101.79599810391665 13.169063620269297 133.53024604916573 440.93987126648426 983.73627277463675 24.819084078073502 294.19364438951015 73.632825754582882 23.077202498912811
leaf_count=8915 627 280 1042 1225 1194 909 118 1441 4308 10641 240 2448 694 208
internal_value=0.000190687 -0.0171793 0.0651418 0.0467286 -0.0275741 0.00754845 0.0355105 -0.0136654 0.0132434 -0.0196372 0.0443129 0.048055 0.00790111 0.0270125
internal_weight=3419.73 2709.76 709.966 556.015 1906.17 803.594 465.842 164.149 639.446 1099.18 332.182 307.363 537.65 96.71
internal_count=34290 28590 5700 4658 20750 7840 4031 1721 6119 11835 2806 2566 5210 902
is_linear=0
shrinkage=0.04


Tree=5
num_leaves=15
num_cat=0
split_feature=7 3 9 9 7 0 10 9 11 10 10 8 11 11
split_gain=2198.78 421.514 319.042 106.1 87.3429 72.716 59.7708 54.6529 53.7602 47.0521 46.0587 42.4631 37.8788 37.4586
threshold=20.942473411560062 56.171875000000007 73.875000000000014 78.625000000000014 2.6904702186584477 10.556530952453615 -0.94087398052215565 74.375000000000014 -0.9911728799343108 1.0000000180025095e-35 -0.94087398052215565 20.625000000000004 1.0000000180025095e-35 -0.24558732658624646
decision_type=2 2 2 2 2 2 2 2 2 2 2 2 2 2
left_child=1 4 5 9 -1 -2 7 -3 -5 12 -10 -8 -4 -7
right_child=2 6 3 8 -6 13 11 -9 10 -11 -12 -13 -14 -15
leaf_value=-0.034098177042079021 0.014591572235739187 0.024394955360261487 0.035618123991974213 -0.0015709396890043526 -0.015704421593118582 0.10743929898569723 0.020659662069509116 -0.024289741930137741 0.014959413117635368 -0.0057067033520161016 0.082226279371877306 -0.00015530780354502802 -0.0077136737448159293 0.016819517705604543
leaf_weight=1129.3240734785795 23.588813751935959 31.202545762062073 234.52118998020887 16.92007640004158 735.81572762131691 210.77226006239653 391.67412359267473 130.92872569710016 30.274982810020447 64.641547977924347 112.27085100114346 252.81734927743673 29.678330451250076 16.025954097509384
leaf_count=12885 181 280 1935 151 7865 1331 3656 1441 253 590 840 2463 290 129
internal_value=0.000230809 -0.0167228 0.0603742 0.038893 -0.0270853 0.0962915 0.00731379 -0.0132703 0.0644703 0.0235045 0.0715381 0.0127356 0.0305502 0.102918
internal_weight=3410.46 2671.76 738.694 488.307 1865.14 250.387 806.623 162.131 159.466 328.841 142.546 644.491 264.2 226.798
internal_count=34290 28590 5700 4059 20750 1641 7840 1721 1244 2815 1093 6119 2225 1460
is_linear=0
shrinkage=0.04


Tree=6
num_leaves=15
num_cat=0
split_feature=7 3 2 9 3 11 8 4 9 3 10 10 4 3
split_gain=1991.19 400.89 275.897 94.9474 87.1667 57.7634 58.2363 48.1169 39.2482 37.9856 33.8095 66.5308 42.8043 33.324
threshold=20.942473411560062 56.171875000000007 0.68750000000000011 73.625000000000014 45.890625000000007 1.0000000180025095e-35 19.125000000000004 82.515625000000014 73.875000000000014 58.515625000000007 -0.991642266511917 -0.99574989080429066 87.015625000000014 48.265625000000007
decision_type=2 2 2 2 2 2 2 2 2 2 2 2 2 2
left_child=1 4 3 -2 -1 6 -3 -5 -6 -8 11 -10 -13 -9
right_child=2 5 -4 7 8 -7 9 13 10 -11 -12 12 -14 -15
leaf_value=-0.036974663236353872 0.074567832867559705 0.032446943146753789 0.099135096178713342 0.0092594208593333466 0.0031073348373973726 -0.02868446251156602 -0.0090121692364113458 -0.0098847941786079207 -0.023201693696652807 0.011144286068304752 -0.023950166787223108 0.04817499883531464 -0.015032326622990942 0.041165629155337086
leaf_weight=763.14389347285032 100.55799083411694 129.32775626331568 174.37864553928375 137.14850556850433 113.91405553370714 48.085345879197121 207.22699271142483 14.35438898205757 68.654741503298283 426.14182042330503 833.84526658058167 31.503657065331936 14.259032025933264 338.53626234084368
leaf_count=8915 627 1144 1042 1225 1194 512 2044 128 752 4140 9380 353 156 2678
internal_value=0.000254276 -0.0162887 0.0562239 0.0407218 -0.0265975 0.00700107 0.00992639 0.0311248 -0.0185962 0.00447546 -0.0212137 -0.000675095 0.0298983 0.0386703
internal_weight=3401.08 2636.1 764.976 590.597 1825.32 810.782 762.697 490.039 1062.18 633.369 948.263 114.417 45.7627 352.891
internal_count=34290 28590 5700 4658 20750 7840 7328 4031 11835 6184 10641 1261 509 2806
is_linear=0
shrinkage=0.04


Tree=7
num_leaves=15
num_cat=0
split_feature=7 3 2 9 11 9 4 6 3 0 10 8 11 3
split_gain=1806.61 382.608 236.367 110.009 79.8807 69.8368 53.1576 49.25 49.0533 37.0933 35.5299 40.0172 33.1571 33.6199
threshold=20.942473411560062 53.109375000000007 0.81250000000000011 73.625000000000014 1.0000000180025095e-35 74.125000000000014 82.515625000000014 0.13272911310195926 58.046875000000007 1.9424557685852053 -0.90843567252159108 20.625000000000004 1.0000000180025095e-35 48.515625000000007
decision_type=2 2 2 2 2 2 2 2 2 2 2 2 2 2
left_child=1 7 3 -2 5 9 -5 -1 -7 -3 -10 -12 13 -8
right_child=2 4 -4 6 -6 8 12 -9 10 -11 11 -13 -14 -15
leaf_value=-0.038876764066314046 0.073292054506240933 -0.011244645565995406 0.099440896321402447 0.0080626678373539127 -0.031863077669036871 -0.0084643210757302523 -0.0088793677772638097 -0.022502722518559816 -0.011107191089458358 0.040342520861968469 0.025428961753450618 0.00040309543901386179 -0.0036278380726522895 0.043146348427103139
leaf_weight=565.66443023085594 122.76143290102482 18.360452122986317 131.7814888805151 141.77444693446159 84.787586197257042 451.59019000828266 14.452077545225618 894.57786812633276 93.104704841971397 96.496139317750931 215.512356325984 181.80501574277878 25.593467399477959 353.5292097851634
leaf_count=6847 723 181 734 1250 930 4781 127 10258 975 882 1979 1757 241 2625
internal_value=0.000266292 -0.0158654 0.0524835 0.0404251 0.00150798 0.00472724 0.0305203 -0.0292852 0.000854682 0.0316514 0.00943123 0.0145457 0.037829 0.0407507
internal_weight=3391.79 2601.9 789.892 658.111 1141.66 1056.87 535.349 1460.24 942.012 114.857 490.422 397.317 393.575 367.981
internal_count=34290 28590 5700 4966 11485 10555 4243 17105 9492 1063 4711 3736 2993 2752
is_linear=0
shrinkage=0.04


Tree=8
num_leaves=15
num_cat=0
split_feature=7 3 9 9 11 3 9 6 11 10 3 10 11 0
split_gain=1646.69 347.227 232.388 87.1794 73.3191 64.1293 56.5403 49.3069 49.1907 51.82 46.8906 38.1037 42.0272 31.6621
threshold=19.988787651062015 53.109375000000007 73.875000000000014 78.625000000000014 1.0000000180025095e-35 56.921875000000007 74.125000000000014 0.13272911310195926 -0.9911728799343108 -0.72110775113105763 58.140625000000007 1.0000000180025095e-35 1.0000000180025095e-35 1.9424557685852053
decision_type=2 2 2 2 2 2 2 2 2 2 2 2 2 2
left_child=1 7 5 11 6 -2 13 -1 -5 -10 -8 12 -4 -3
right_child=2 4 3 8 -6 -7 10 -9 9 -11 -12 -13 -14 -15
leaf_value=-0.038569290477724942 0.034402268421197917 -0.011075899981165498 0.029174365432168003 -0.0033996196505443168 -0.032158956549604718 0.088782106747301054 -0.0085792513433424582 -0.021997920025871764 0.019198041726769366 0.074499341549711315 0.0090564957268469155 -0.0072297229995917731 -0.011736922940871182 0.036326111047335269
leaf_weight=547.88621775060892 84.529541715979576 18.20249043405056 265.35239285230637 20.276436984539032 78.536448948085308 208.1572992503643 454.56694898754358 872.26002707332373 57.447595842182636 104.22565572708845 470.62973845005035 68.433251716196537 35.692909359931946 95.595363274216652
leaf_count=6847 539 181 2062 177 884 1148 4837 10188 449 681 4488 607 353 849
internal_value=0.000275516 -0.0158549 0.0480132 0.0308641 0.000860751 0.0762819 0.00391689 -0.0288379 0.0525113 0.0591258 0.000393523 0.0180548 0.0238948 0.0282217
internal_weight=3381.79 2537.68 844.115 551.428 1117.53 292.687 1038.99 1420.15 181.95 161.673 925.197 369.479 301.045 113.798
internal_count=34290 28274 6016 4329 11239 1687 10355 17035 1307 1130 9325 3022 2415 1030
is_linear=0
shrinkage=0.04


Tree=9
num_leaves=15
num_cat=0
split_feature=7 3 2 11 11 9 9 6 3 5 0 10 8 1
split_gain=1504.71 332.227 203.473 74.7577 69.9283 61.9273 51.5634 49.3614 43.3417 35.4197 29.0376 28.2082 31.7049 29.2344
threshold=19.988787651062015 53.109375000000007 0.56250000000000011 1.0000000180025095e-35 1.0000000180025095e-35 73.625000000000014 74.125000000000014 0.13272911310195926 58.140625000000007 91.750000000000014 1.9424557685852053 -0.90843567252159108 20.625000000000004 0.65574645996093761
decision_type=2 2 2 2 2 2 2 2 2 2 2 2 2 2
left_child=1 7 3 5 6 -2 10 -1 -8 -7 -3 -10 -13 -14
right_child=2 4 -4 -5 -6 9 8 -9 11 -11 -12 12 13 -15
leaf_value=-0.038264091250699621 0.063438354087724455 -0.010909886401691353 0.073534449495280749 -0.012734783563092364 -0.031793572420593476 0.0047733819563759976 -0.0083052554095428416 -0.021517845701392303 -0.010169179838030498 0.032244152738127238 0.034340819524861871 0.023041350064560248 0.015606863982532216 -0.013773815465781374
leaf_weight=530.67392399907112 90.09448766708374 18.047775469720364 268.52892903983593 48.884539656341076 76.531987451016903 103.65273430943489 451.50406452268362 856.81445819139481 87.741674222052097 354.20053595304489 98.178704231977463 209.11302947252989 84.76568216830492 92.255346067249775
leaf_count=6847 502 181 1467 461 884 889 4837 10188 919 2697 849 1871 814 884
internal_value=0.000286681 -0.0154448 0.0451565 0.0304183 0.000817569 0.0345811 0.0037675 -0.0283755 0.000376935 0.0264852 0.0267441 0.00865057 0.0132172 0.000451116
internal_weight=3370.99 2505.63 865.361 596.832 1118.14 547.948 1041.61 1387.49 925.38 457.853 116.226 473.876 386.134 177.021
internal_count=34290 28274 6016 4549 11239 4088 10355 17035 9325 3586 1030 4488 3569 1698
is_linear=0
shrinkage=0.04


Tree=10
num_leaves=15
num_cat=0
split_feature=7 3 9 9 11 3 3 9 11 10 3 4 10 11
split_gain=1374.53 317.749 184.595 75.3925 66.7203 51.591 49.8307 47.0495 41.526 43.3078 40.103 39.2839 33.9854 34.662
threshold=19.988787651062015 53.109375000000007 73.875000000000014 78.625000000000014 1.0000000180025095e-35 56.921875000000007 45.328125000000007 74.125000000000014 -0.9911728799343108 -0.72110775113105763 58.140625000000007 88.718750000000014 1.0000000180025095e-35 1.0000000180025095e-35
decision_type=2 2 2 2 2 2 2 2 2 2 2 2 2 2
left_child=1 6 5 12 7 -2 -1 -3 -5 -10 -9 -11 13 -4
right_child=2 4 3 8 -6 -7 -8 10 9 11 -12 -13 -14 -15
leaf_value=-0.036092736789826045 0.030410562408930388 0.025366058336915139 0.025742418040409106 -0.0037167241850486611 -0.031431333231825682 0.077518124376204867 -0.019573461735700341 -0.0080384929174677558 0.01714871222705848 0.023662298314598765 0.008274189553677742 0.084608983238907795 -0.0078206229762296641 -0.011329490842213795
leaf_weight=651.01947156339884 88.557353861629963 118.55287524312735 276.85081282258034 20.517244599759579 74.587399795651436 224.08287968486547 704.89973770081997 448.55274711549282 59.532721556723118 47.373767264187336 476.82217326760292 64.375806175172329 69.457407772541046 35.118109114468098
leaf_count=8507 539 1030 2062 177 884 1148 8528 4837 449 310 4488 371 607 353
internal_value=0.00028528 -0.0150422 0.0424855 0.0274163 0.000778097 0.0668053 -0.0279142 0.00362702 0.0469617 0.0527861 0.00036424 0.0662861 0.0157378 0.0211381
internal_weight=3360.3 2474.43 885.866 573.226 1118.52 312.64 1355.92 1043.93 191.8 171.282 925.375 111.75 381.426 311.969
internal_count=34290 28274 6016 4329 11239 1687 17035 10355 1307 1130 9325 681 3022 2415
is_linear=0
shrinkage=0.04


Tree=11
num_leaves=15
num_cat=0
split_feature=7 3 2 11 9 11 6 4 7 10 6 9 10 5
split_gain=1262.43 303.746 167.54 79.3193 76.9032 63.6727 50.2485 43.9965 57.0782 38.8304 35.717 27.4337 60.1982 118.157
threshold=19.988787651062015 53.109375000000007 0.81250000000000011 1.0000000180025095e-35 73.625000000000014 1.0000000180025095e-35 0.11727958917617799 83.515625000000014 7.4463486671447763 1.0000000180025095e-35 18.230679512023929 77.125000000000014 -0.72110775113105763 87.250000000000014
decision_type=2 2 2 2 2 2 2 2 2 2 2 2 2 2
left_child=1 6 3 4 -2 7 -1 11 -9 10 -6 -3 13 -13
right_child=2 5 -4 -5 9 -7 -8 8 -10 -11 -12 12 -14 -15
leaf_value=-0.037838942728938896 0.060566470570323445 -0.0094455621231299448 0.077012407790520251 -0.013151129991227497 0.015353773023430174 -0.031072084255955774 -0.020584318098025182 -0.0071359142741062621 0.024995947380857413 0.0028277793947164022 0.040116106522995722 0.082718035007925683 -0.0053808641639242968 -0.0027676198147844494
leaf_weight=491.69594085216522 136.57787026464939 381.24459600448608 152.52716633677483 50.755345955491066 193.30767168104649 72.701287344098091 833.67553752660751 122.71656327694654 240.80990296602249 99.621402785181999 270.69702076166868 22.455619387328625 215.98638755083084 63.06456758081913
leaf_count=6736 697 3836 734 476 1448 884 10299 1245 2267 846 1815 235 2113 659
internal_value=0.000303672 -0.0146456 0.0401896 0.0309067 0.0343768 0.000739713 -0.0274529 0.00349153 0.0143426 0.0261725 0.0308607 -0.00252982 0.00625848 0.0311026
internal_weight=3347.84 2444.35 903.486 750.959 700.204 1118.98 1325.37 1046.28 363.526 563.626 464.005 682.751 301.507 85.5202
internal_count=34290 28274 6016 5282 4806 11239 17035 10355 3512 4109 3263 6843 3007 894
is_linear=0
shrinkage=0.04


Tree=12
num_leaves=15
num_cat=0
split_feature=7 3 2 11 9 11 3 9 3 10 6 10 10 9
split_gain=1158.39 290.969 149.353 72.1668 69.1532 60.9263 50.2389 42.8055 36.3014 34.6912 31.3143 28.4699 56.9239 32.4801
threshold=19.988787651062015 53.109375000000007 0.81250000000000011 1.0000000180025095e-35 73.625000000000014 1.0000000180025095e-35 45.328125000000007 74.125000000000014 58.140625000000007 1.0000000180025095e-35 18.230679512023929 -0.991642266511917 -0.99574989080429066 73.875000000000014
decision_type=2 2 2 2 2 2 2 2 2 2 2 2 2 2
left_child=1 6 3 4 -2 7 -1 -3 -9 10 -6 12 -8 -13
right_child=2 5 -4 -5 9 -7 11 8 -10 -11 -12 13 -14 -15
leaf_value=-0.035435817862903639 0.057068496593571806 0.023932660979118864 0.072316831649691951 -0.012865739474279476 0.014656504614734778 -0.030715689499745277 -0.018654829175627271 -0.0077733298360933489 0.0077392535653861708 0.0027288987239551133 0.037724110285026938 0.0037974536290652436 0.036051448218813759 -0.024900408723237909
leaf_weight=615.09392506629229 140.29791030287743 121.05311024934053 157.13324126601219 50.259747967123985 195.31340869516134 70.872237965464592 62.022708207368851 445.62559777498245 481.16723140329123 99.822434470057487 277.47102202475071 65.844264440238476 28.439609341323376 524.5038493797183
leaf_count=8507 697 1030 734 476 1448 884 749 4837 4488 846 1815 761 339 6679
internal_value=0.000322155 -0.0142435 0.0380287 0.0293024 0.0325452 0.000740984 -0.0269938 0.00340403 0.000273765 0.0248133 0.0291762 -0.018573 0.00195721 -0.0216801
internal_weight=3334.92 2414.62 920.298 763.165 712.905 1118.72 1295.9 1047.85 926.793 572.607 472.784 680.81 90.4623 590.348
internal_count=34290 28274 6016 5282 4806 11239 17035 10355 9325 4109 3263 8528 1088 7440
is_linear=0
shrinkage=0.04


Tree=13
num_leaves=15
num_cat=0
split_feature=7 3 9 9 11 3 11 6 9 11 10 3 4 10
split_gain=1064.69 277.795 136.205 80.3391 59.4991 63.3796 58.1656 50.8951 39.2242 34.0147 38.3999 33.5707 33.1112 26.3165
threshold=19.988787651062015 53.109375000000007 74.125000000000014 78.625000000000014 -0.16148620098829267 50.296875000000007 1.0000000180025095e-35 0.11727958917617799 74.125000000000014 -0.9911728799343108 -0.72110775113105763 58.140625000000007 88.718750000000014 -0.90843567252159108
decision_type=2 2 2 2 2 2 2 2 2 2 2 2 2 2
left_child=1 7 4 -4 5 -2 8 -1 -3 -5 -11 -10 -12 -13
right_child=2 6 3 9 -6 -7 -8 -9 11 10 12 13 -14 -15
leaf_value=-0.037280002385585806 -0.003388851477460212 0.022764501046473908 0.0093775106720010055 -0.0041253194995974837 -0.0060351951145381976 0.061849010925848838 -0.030362023631897182 -0.019590043607331038 -0.0075208758927718415 0.014239223168090936 0.020667005849977715 -0.010603096557386915 0.07407982186965055 0.0117655440889834
leaf_weight=462.99088364094496 23.355162359774113 123.15649361163378 348.09796098619699 20.828545182943344 21.13943649828434 340.06991840898991 69.09882915019989 804.14604914933443 442.88851813971996 62.620293118059635 49.561972677707672 88.884682156145573 70.140744253993034 395.09219837933779
leaf_count=6736 183 1030 2669 177 166 1691 884 10299 4837 449 310 919 371 3569
internal_value=0.000329292 -0.0138594 0.0360424 0.0220133 0.0540699 0.0576985 0.000703709 -0.0265325 0.00327734 0.0408837 0.0459251 0.000261857 0.0580894 0.00739969
internal_weight=3322.07 2386.26 935.814 551.25 384.565 363.425 1119.12 1267.14 1050.02 203.152 182.323 926.865 119.703 483.977
internal_count=34290 28274 6016 3976 2040 1874 11239 17035 10355 1307 1130 9325 681 4488
is_linear=0
shrinkage=0.04


Tree=14
num_leaves=15
num_cat=0
split_feature=7 3 2 3 11 9 7 8 5 10 4 9 10 7
split_gain=980.2 266.747 124.791 62.2835 61.9369 55.1569 46.9778 37.0006 30.5822 28.4823 36.5134 39.2419 26.4115 24.0579
threshold=19.988787651062015 50.421875000000007 0.81250000000000011 58.515625000000007 1.0000000180025095e-35 73.625000000000014 3.374111652374268 19.625000000000004 91.750000000000014 0.30648292601108557 40.195312500000007 76.625000000000014 1.0000000180025095e-35 4.5643687248229989
decision_type=2 2 2 2 2 2 2 2 2 2 2 2 2 2
left_child=1 9 4 6 5 -2 -3 -8 -7 -1 -11 -12 -10 -5
right_child=2 3 -4 13 -6 8 7 -9 12 10 11 -13 -14 -15
leaf_value=-0.032098293973406536 0.050714482710046083 -0.022202906230785066 0.064880751403257164 0.027276863008720367 -0.012675072182107058 0.0029354912351360796 0.0059685791758394289 -0.013252383447142843 0.029880772819389327 -0.02995559755181907 -0.0091972416981519287 0.041517793870330048 7.6098417313108009e-05 0.0045696221174571219
leaf_weight=836.73449844866991 147.10888113081455 258.77904001623392 164.32102334499359 73.146558351814747 49.951023638248444 111.6101967766881 355.3660326525569 260.46892374753952 423.46982669085264 56.868336729705334 61.371788173913956 15.62521408498287 53.401940517127514 440.82154039293528
leaf_count=11737 697 3188 734 682 476 910 3863 2907 2780 811 837 208 419 4041
internal_value=0.000330099 -0.0134884 0.0342216 -0.00214376 0.0263566 0.0292724 -0.00856927 -0.00232211 0.0224216 -0.0293475 -0.0102164 0.00753306 0.0266805 0.00870188
internal_weight=3309.04 2359.18 949.863 1388.58 785.542 735.591 874.614 615.835 588.482 970.6 133.865 76.997 476.872 513.968
internal_count=34290 28274 6016 14681 5282 4806 9958 6770 4109 13593 1856 1045 3199 4723
is_linear=0
shrinkage=0.04


Tree=15
num_leaves=15
num_cat=0
split_feature=7 3 2 3 11 9 7 11 9 3 10 4 9 7
split_gain=901.776 255.873 113.552 58.2784 56.635 50.4864 42.7882 36.3018 31.1586 29.2335 28.0628 35.472 37.1298 26.9433
threshold=19.988787651062015 50.421875000000007 0.81250000000000011 59.515625000000007 1.0000000180025095e-35 73.625000000000014 3.374111652374268 1.0000000180025095e-35 73.875000000000014 66.984375000000014 0.30648292601108557 40.195312500000007 76.625000000000014 4.5643687248229989
decision_type=2 2 2 2 2 2 2 2 2 2 2 2 2 2
left_child=1 10 4 6 5 -2 -3 8 -8 -7 -1 -12 -13 -5
right_child=2 3 -4 13 -6 9 7 -9 -10 -11 11 12 -14 -15
leaf_value=-0.031690811454723841 0.048104096429096313 -0.020297895500143284 0.061476301361281918 0.032518785520392439 -0.012398641436423379 0.017460757279497842 0.021077848867146153 -0.025318188477334524 -0.0023786429465870967 0.048297672553126482 -0.029631149213749333 -0.0089729680547827578 0.04015712202473222 0.0054346088360399522
leaf_weight=814.30666889995337 149.91390705108643 268.39420802891254 167.52308648824692 53.966891698539257 49.477696448564529 551.36838288605213 87.681320279836655 73.178995117545128 554.13983491808176 45.067025892436504 55.439360566437244 60.899090096354485 16.174828313291073 348.49735995382071
leaf_count=11737 697 3322 734 489 476 3838 784 947 5968 271 811 837 208 3171
internal_value=0.00033476 -0.0131125 0.0325006 -0.00206347 0.0250436 0.0277845 -0.00728418 -0.00197974 0.00136595 0.0212822 -0.0289076 -0.00989149 0.00748679 0.0104339
internal_weight=3296.03 2332.68 963.35 1385.86 795.827 746.349 983.394 715 641.821 596.435 946.82 132.513 77.0739 402.464
internal_count=34290 28274 6016 14681 5282 4806 11021 7699 6752 4109 13593 1856 1045 3660
is_linear=0
shrinkage=0.04


Tree=16
num_leaves=15
num_cat=0
split_feature=7 3 2 6 10 9 11 9 9 4 10 10 9 8
split_gain=832.245 241.189 110.342 75.616 38.003 40.4779 36.6316 33.524 38.3367 29.7411 34.7199 50.1577 53.3026 37.0489
threshold=19.166421890258793 55.984375000000007 0.56250000000000011 0.13272911310195926 -0.94087398052215565 74.375000000000014 1.0000000180025095e-35 73.875000000000014 79.125000000000014 90.531250000000014 -0.72110775113105763 -0.77784499526023854 77.625000000000014 19.125000000000004
decision_type=2 2 2 2 2 2 2 2 2 2 2 2 2 2
left_child=1 3 6 -1 5 -3 7 -2 -9 10 11 -6 -13 -12
right_child=2 4 -4 -5 9 -7 -8 8 -10 -11 13 12 -14 -15
leaf_value=-0.03631410828195536 0.038612326995019979 0.01947561882932565 0.049629365864736319 -0.016096398764055331 0.0050480637569555679 -0.023017790894028219 -0.0093714424311116158 0.0090542802975817505 0.034429035826131028 0.031049706158719093 0.02118077935207506 0.0015537363533779131 0.08458111928216816 -0.006251856759727943
leaf_weight=442.29483580216765 156.94902497529984 31.624906837940216 313.90392130613327 1026.2719159945846 118.74691974371672 116.62520962953568 50.703833110630512 363.07076819241047 121.69369668513536 63.682410605251789 79.129048302769661 21.112862296402454 12.744372539222239 363.78500489145517
leaf_count=6968 825 269 1467 13344 1115 1395 510 2712 816 536 649 186 109 3389
internal_value=0.000348862 -0.0130382 0.0302908 -0.0225916 0.00446314 -0.0127155 0.0203766 0.0229393 0.016536 0.00858717 0.00525427 0.0204737 0.0526101 -0.000647503
internal_weight=3282.34 2276.02 1006.32 1468.57 807.451 148.25 692.417 641.713 484.764 659.201 595.518 152.604 33.8572 442.914
internal_count=34290 27960 6330 20312 7648 1664 4863 4353 3528 5984 5448 1410 295 4038
is_linear=0
shrinkage=0.04


Tree=17
num_leaves=15
num_cat=0
split_feature=7 3 2 3 9 9 4 10 4 9 10 10 3 11
split_gain=765.707 231.162 102.691 58.9254 48.1704 38.8464 37.2577 28.3348 35.0899 35.6326 25.2694 64.9012 24.5791 23.261
threshold=19.166421890258793 50.421875000000007 0.81250000000000011 58.140625000000007 73.625000000000014 73.875000000000014 82.515625000000014 0.30648292601108557 40.195312500000007 76.375000000000014 -0.991642266511917 -0.99574989080429066 66.984375000000014 -0.98518332839012135
decision_type=2 2 2 2 2 2 2 2 2 2 2 2 2 2
left_child=1 7 4 5 -2 -3 -6 10 -9 -10 11 -1 13 -8
right_child=2 3 -4 -5 6 -7 12 8 9 -11 -12 -13 -14 -15
leaf_value=-0.026405831400359455 0.040668251437642272 0.013417922286752995 0.055995623037745829 0.0077918281561805249 0.0010337652010814042 -0.012188742306581716 0.036769497563811891 -0.029038100256669634 -0.009348299477145057 0.037889127538081629 -0.033774746649471006 0.033119267631850351 0.047910528845498117 0.0126019156960137
leaf_weight=78.701522171497345 168.15832789987326 92.31221716850996 172.3830648958683 554.0970545783639 185.83715721219778 701.08759225159883 70.963959068059921 52.902986720204353 56.090872578322887 19.623229444026947 671.70546150580049 22.640033699572086 40.606750339269638 380.50972314178944
leaf_count=1133 796 899 734 5050 1552 8452 452 811 791 251 10274 299 224 2572
internal_value=0.000377449 -0.0126444 0.0288245 -0.00205404 0.0221233 -0.00895274 0.0164896 -0.0280832 -0.00892895 0.00825343 -0.0309645 -0.00984073 0.0220582 0.0177993
internal_weight=3267.62 2249.16 1018.46 1347.5 846.076 793.4 677.918 901.664 128.617 75.7141 773.047 101.342 492.08 451.474
internal_count=34290 27960 6330 14401 5596 9351 4800 13559 1853 1042 11706 1432 3248 3024
is_linear=0
shrinkage=0.04


Tree=18
num_leaves=15
num_cat=0
split_feature=7 3 2 3 9 9 9 10 4 9 10 9 3 10
split_gain=708.743 221.863 93.9103 57.5804 43.69 40.8003 34.9819 28.7812 33.5 33.2144 26.3321 26.7365 26.3756 26.2622
threshold=19.166421890258793 49.921875000000007 0.81250000000000011 58.140625000000007 73.625000000000014 73.875000000000014 78.875000000000014 0.30648292601108557 40.195312500000007 76.375000000000014 1.0000000180025095e-35 75.875000000000014 48.765625000000007 -0.991642266511917
decision_type=2 2 2 2 2 2 2 2 2 2 2 2 2 2
left_child=1 7 4 5 -2 -3 10 13 -9 -10 11 12 -6 -1
right_child=2 3 -4 -5 6 -7 -8 8 9 -11 -12 -13 -14 -15
leaf_value=-0.0091792172416535461 0.03872026953966267 0.013310206537156874 0.053386851423458281 0.0074484602298819404 -0.011152854230364466 -0.012236016017646852 0.029956741137776188 -0.028590339895872986 -0.0090125426520148207 0.037062776029230832 -0.0090033522789496698 0.0037653530427658875 0.02894665380704281 -0.034254400328402594
leaf_weight=94.456686079502106 170.50996889919043 98.676792249083519 174.50634099543095 557.30968169122934 19.740563116967678 727.93936794996262 185.04177813231945 50.965458832681179 54.239528298377991 19.00602912902832 85.854283459484577 224.27783028781414 168.55380864441395 622.32198832184076
leaf_count=1356 796 968 734 5050 168 8933 1154 802 772 236 702 1611 1165 9843
internal_value=0.000399327 -0.0122844 0.0275489 -0.00233069 0.0211682 -0.00894406 0.015813 -0.0282295 -0.00868409 0.00832838 0.00960894 0.0137193 0.0240755 -0.0312889
internal_weight=3253.4 2224.92 1028.48 1383.93 853.978 826.616 683.468 840.99 124.211 73.2456 498.426 412.572 188.294 716.779
internal_count=34290 27960 6330 14951 5596 9901 4800 13009 1810 1008 3646 2944 1333 11199
is_linear=0
shrinkage=0.04


Tree=19
num_leaves=15
num_cat=0
split_feature=7 3 2 11 9 11 3 9 7 6 3 0 10 8
split_gain=655.091 219.348 82.6555 51.8925 51.3377 46.3574 44.2045 36.8275 29.2978 27.331 24.9952 24.5123 23.438 25.5589
threshold=19.988787651062015 50.421875000000007 0.81250000000000011 1.0000000180025095e-35 73.875000000000014 1.0000000180025095e-35 58.046875000000007 73.625000000000014 3.374111652374268 0.078253448009490981 66.984375000000014 1.9373059272766116 -0.90843567252159108 20.625000000000004
decision_type=2 2 2 2 2 2 2 2 2 2 2 2 2 2
left_child=1 9 5 4 11 7 8 -2 -6 -1 -9 -3 -8 -14
right_child=2 3 -4 -5 6 -7 12 10 -10 -11 -12 -13 13 -15
leaf_value=-0.036350658138147855 0.039968792850410877 -0.0092644281786872992 0.050987454675253875 -0.027829993417756327 -0.020629553460221543 -0.012730511390672737 -0.010471349112261505 0.014311036663360603 -0.0027500921026350884 -0.019989940549501272 0.041671621046024024 0.0284540103979448 0.018773371913396741 -0.00060854466009883804
leaf_weight=345.61721698194742 158.35684323310852 24.155079707503319 176.3122149258852 91.278745986521244 214.28043106943369 49.94242587685585 91.822030015289783 573.34831462800503 412.02553224563599 516.92522400990129 48.640892677009106 118.14684078842402 226.68217692524195 192.66250043362379
leaf_count=5996 697 251 734 1230 2853 476 947 3838 4757 7597 271 969 1909 1765
internal_value=0.000401945 -0.0116654 0.0268844 -0.00162871 0.000639544 0.0206872 -0.00232446 0.0230907 -0.00931635 -0.0272208 0.0176822 0.0216988 0.00627056 0.0102463
internal_weight=3240.2 2233.6 1006.6 1371.05 1279.77 830.288 1137.47 780.346 626.306 862.542 621.989 142.302 511.167 419.345
internal_count=34290 28274 6016 14681 13451 5282 12231 4806 7610 13593 4109 1220 4621 3674
is_linear=0
shrinkage=0.04


Tree=20
num_leaves=15
num_cat=0
split_feature=7 3 4 11 3 11 9 3 3 8 10 10 9 9
split_gain=606.441 204.01 82.8603 72.1728 59.0986 52.9686 48.9941 49.334 48.052 43.8221 34.0092 57.1461 33.5617 56.8363
threshold=19.166421890258793 49.921875000000007 85.515625000000014 -0.16148620098829267 56.546875000000007 1.0000000180025095e-35 73.875000000000014 57.390625000000007 48.765625000000007 20.375000000000004 -0.86928081512451161 -0.90843567252159108 74.125000000000014 78.125000000000014
decision_type=2 2 2 2 2 2 2 2 2 2 2 2 2 2
left_child=1 -1 4 8 -2 6 -3 10 -4 -6 11 -8 -10 -14
right_child=2 5 3 -5 9 -7 7 -9 12 -11 -12 -13 13 -15
leaf_value=-0.027383138519917995 -0.013661150864647397 0.020594815979826084 -0.013786776221280208 -0.0070582108567579975 0.028666581870300179 -0.028731241237531395 -0.0087686509014709684 0.0055614644824696002 0.050958367530782658 -0.0041680908243741871 -0.016865095462605634 0.038752633272977149 0.0064471017268936393 0.041351388859774733
leaf_weight=802.14492126554251 107.51431060582399 143.75460265576839 18.767689399421215 57.268427975475788 198.08162961900234 90.617899011820555 138.11456020176411 563.54467558860779 268.77962674200535 86.118131712079048 407.09966605529189 34.63360583782196 134.23260537534952 176.52402728796005
leaf_count=13009 845 1242 145 450 1187 1253 1726 5164 1243 628 5134 432 864 968
internal_value=0.000393742 -0.0116121 0.025133 0.0336852 0.00987907 -0.00216965 0.000111332 -0.00277376 0.0376872 0.0190971 -0.01079 0.00379119 0.0397585 0.0275758
internal_weight=3227.2 2179.91 1047.29 655.572 391.714 1377.77 1287.15 1143.39 598.304 284.2 579.848 172.748 579.536 310.757
internal_count=34290 27960 6330 3670 2660 14951 13698 12456 3220 1815 7292 2158 3075 1832
is_linear=0
shrinkage=0.04


Tree=21
num_leaves=15
num_cat=0
split_feature=7 3 2 3 4 11 3 8 10 9 3 8 11 10
split_gain=559.734 195.399 76.4409 61.9977 36.2683 56.4358 42.3975 35.9997 35.0017 34.1705 33.9952 27.1106 26.0331 24.4543
threshold=19.166421890258793 47.453125000000007 0.81250000000000011 56.171875000000007 86.828125000000014 -0.16148620098829267 56.546875000000007 20.375000000000004 -0.94087398052215565 75.125000000000014 48.890625000000007 19.125000000000004 -0.98518332839012135 0.30648292601108557
decision_type=2 2 2 2 2 2 2 2 2 2 2 2 2 2
left_child=1 -1 4 13 6 10 -2 12 9 -5 -6 -10 -8 -3
right_child=2 3 -4 8 5 -7 7 -9 11 -11 -12 -13 -14 -15
leaf_value=-0.03011932036524614 -0.0099250331459362958 -0.013644739538342511 0.047002692185514859 0.01442662130051111 -0.012439004273600243 -0.011475565717755916 0.0053814438073663045 -0.0026834546462058055 0.024332505359807795 -0.023705877840914266 0.032776212087266478 0.0039323423302516898 0.036685226270707687 0.011850694814275864
leaf_weight=607.27210200577974 119.67753087729216 703.98382921144366 178.86903266608715 38.551567882299423 18.405545867979527 48.014735363423824 73.118109486997128 96.881700441241264 112.51359875500202 102.29956419765949 404.38188318163157 542.72115844488144 116.66415984928608 50.54542700946331
leaf_count=10360 946 9482 734 344 142 377 487 695 868 1265 2258 4961 691 680
internal_value=0.00038981 -0.0112737 0.02399 -0.0036036 0.0183539 0.025777 0.00894756 0.01696 0.00414501 -0.0127728 0.0303349 0.00805231 0.0262876 -0.0116749
internal_weight=3213.9 2157.89 1056.01 1550.62 877.144 470.802 406.342 286.664 796.086 140.851 422.787 655.235 189.782 754.529
internal_count=34290 27960 6330 17600 5596 2777 2819 1873 7438 1609 2400 5829 1178 10162
is_linear=0
shrinkage=0.04


Tree=22
num_leaves=15
num_cat=0
split_feature=7 3 4 11 3 3 3 8 9 9 8 10 8 10
split_gain=519.351 164.39 111.125 79.5731 48.5687 46.6594 44.3054 40.5977 29.4235 74.1566 27.1899 24.9426 31.7743 40.6181
threshold=15.496838092803957 47.453125000000007 85.515625000000014 -0.16148620098829267 55.984375000000007 56.171875000000007 48.765625000000007 20.375000000000004 74.125000000000014 78.375000000000014 19.125000000000004 0.30648292601108557 19.875000000000004 -0.52077846229076374
decision_type=2 2 2 2 2 2 2 2 2 2 2 2 2 2
left_child=1 -1 5 6 11 -2 -4 -7 -8 -10 -6 12 13 -3
right_child=2 4 3 -5 10 7 8 -9 9 -11 -12 -13 -14 -15
leaf_value=-0.029619901832168331 -0.013572327954739834 0.0017843204632252236 -0.013474868252010021 -0.0078331510727891827 0.018204581250352622 0.02138841968947857 0.047005603194841122 -0.0060436891035524198 0.0055709549889395088 0.042349693875009392 -0.001078422241268507 0.011870623879653043 -0.027333535008512808 -0.021950425408694879
leaf_weight=587.08212281763554 128.68022006750107 280.55289179831743 19.876203373074532 71.017070330679417 126.1743958517909 252.15523671358824 284.81902122497559 115.63621737807989 166.52596781402826 183.23602011799812 576.54777926206589 49.776307079941034 185.95955246314406 172.76034884527326
leaf_count=10294 1196 3731 166 615 1039 1605 1326 915 1114 996 5594 665 2624 2410
internal_value=0.000387209 -0.0122371 0.0206992 0.0304827 -0.00458891 0.00577629 0.0347494 0.0128967 0.0366254 0.0260874 0.00279182 -0.0119825 -0.0141436 -0.00780643
internal_weight=3200.8 1978.85 1221.95 725.474 1391.77 496.472 654.457 367.791 634.581 349.762 702.722 689.049 639.273 453.313
internal_count=34290 26357 7933 4217 16063 3716 3602 2520 3436 2110 6633 9430 8765 6141
is_linear=0
shrinkage=0.04


Tree=23
num_leaves=15
num_cat=0
split_feature=7 3 4 11 3 3 3 8 9 9 8 7 10 8
split_gain=480.545 158.137 101.258 72.5708 46.3707 43.2988 40.9322 37.217 26.9439 66.8177 25.0183 22.7579 22.6174 30.1376
threshold=15.496838092803957 47.296875000000007 85.515625000000014 -0.16148620098829267 55.984375000000007 56.171875000000007 48.765625000000007 20.375000000000004 74.125000000000014 78.375000000000014 19.125000000000004 20.605802536010746 0.30648292601108557 19.875000000000004
decision_type=2 2 2 2 2 2 2 2 2 2 2 2 2 2
left_child=1 -1 5 6 12 -2 -4 11 -8 -10 -6 -7 13 -3
right_child=2 4 3 -5 10 7 8 -9 9 -11 -12 -13 -14 -15
leaf_value=-0.02940991519644999 -0.013211334905655941 -0.0077042383449845231 -0.013269700848634776 -0.0076219015935676043 0.017379761626219983 -0.0016548261672966163 0.044735441522001235 -0.0058584236578546897 0.0053555088885891278 0.040111583079641119 -0.0010375683094082315 0.026261499138661062 0.010646034060902983 -0.026805350671645623
leaf_weight=562.78892075642943 127.47967179119587 456.83501249551773 19.689204670488834 70.628287144005299 127.79129637777805 56.556929931044579 288.24384317547083 115.16357954591513 167.08897231519222 186.76294756680727 576.07629412412643 198.22091457992792 52.064547996968031 182.85509495064616
leaf_count=10148 1196 6241 166 615 1039 478 1326 915 1114 996 5594 1127 692 2643
internal_value=0.00037332 -0.0118953 0.0197878 0.0290632 -0.0045167 0.00553489 0.0330871 0.012341 0.0348665 0.0248642 0.00269401 0.0203951 -0.0117232 -0.0138114
internal_weight=3188.25 1958.41 1229.83 732.413 1395.62 497.421 661.785 369.941 642.096 353.852 703.868 254.778 691.755 639.69
internal_count=34290 26357 7933 4217 16209 3716 3602 2520 3436 2110 6633 1605 9576 8884
is_linear=0
shrinkage=0.04


Tree=24
num_leaves=15
num_cat=0
split_feature=3 7 7 4 8 10 10 2 11 9 3 10 5 4
split_gain=445.425 142.372 132.165 53.8709 42.3207 42.0403 65.0568 33.2653 31.0411 28.0587 23.0494 22.0932 22.5462 21.5404
threshold=56.078125000000007 23.89880466461182 2.6904702186584477 92.218750000000014 20.375000000000004 -0.991642266511917 -0.99574989080429066 0.81250000000000011 1.0000000180025095e-35 73.625000000000014 48.640625000000007 0.30648292601108557 59.375000000000007 87.203125000000014
decision_type=2 2 2 2 2 2 2 2 2 2 2 2 2 2
left_child=2 4 5 9 8 6 -1 -3 13 -4 -5 -7 -13 -2
right_child=1 7 3 10 -6 11 -8 -9 -10 -11 -12 12 -14 -15
leaf_value=-0.024873027583320672 0.0087339938925035422 0.022031669155202768 0.011544375307851643 -0.012753984332478503 -0.0046286037688007707 -0.032830097002990569 0.041732929443623237 0.044525863156429195 -0.019439484502211377 -0.01085415027303536 0.027498916291875536 -0.027398523179039173 0.0060844582191576339 0.027325916290215968
leaf_weight=34.90125435963273 377.27180214971304 506.93343348801136 87.30574294179678 16.026630885899067 421.36624985188246 573.60802428424358 21.210934907197952 164.7321397960186 29.874179042875767 618.69954838231206 91.168143890798092 38.689587995409966 58.557018920779228 134.78029028326273
leaf_count=622 3172 2855 764 160 4008 10350 298 666 363 7779 622 690 904 1037
internal_value=0.00036344 0.0148169 -0.0149729 -0.00371609 0.00476648 -0.0271283 0.00465487 0.0286765 0.0119762 -0.00784259 0.0204216 -0.0298445 -0.00963807 0.0144709
internal_weight=3175.12 1634.96 1540.17 813.2 963.293 726.967 56.1122 671.666 541.926 706.005 107.195 670.855 97.2466 512.052
internal_count=34290 12101 22189 9325 8580 12864 920 3521 4572 8543 782 11944 1594 4209
is_linear=0
shrinkage=0.04


Tree=25
num_leaves=15
num_cat=0
split_feature=0 6 3 9 6 11 4 11 9 8 4 10 10 10
split_gain=415.838 157 90.0477 74.0666 43.0192 39.3867 79.1502 32.1041 31.756 32.868 32.4606 31.0063 56.085 33.9525
threshold=2.3126006126403813 18.230679512023929 58.421875000000007 73.625000000000014 0.078253448009490981 -0.32787269353866572 87.593750000000014 1.0000000180025095e-35 74.625000000000014 18.375000000000004 86.203125000000014 -0.991642266511917 -0.99574989080429066 0.30648292601108557
decision_type=2 2 2 2 2 2 2 2 2 2 2 2 2 2
left_child=2 3 4 -2 -1 6 -5 8 10 -10 -3 12 -6 -13
right_child=1 7 -4 5 11 -7 -8 -9 9 -11 -12 13 -14 -15
leaf_value=-0.03496813592199615 0.024547300420216304 0.014279953855434596 0.013439997222780636 -0.0036228793061901417 -0.021945590361921282 -0.01350632326771805 0.02316167003584663 -0.013786903098056405 -0.017199100209586485 0.021418328510117188 0.045810551878059859 -0.023271464472742802 0.03489473759771719 0.0019687229318092474
leaf_weight=320.51578787714243 196.67571976780891 98.489853858947754 109.0122938528657 677.36271918192506 37.750118620693684 278.1712600775063 216.86450695246458 19.472453013062477 24.405337274074554 326.81350287050009 214.33481974154711 510.59661480039358 34.4035749360919 98.059993833303452
leaf_count=6402 1365 430 971 6679 583 3313 1759 177 165 1857 952 7722 454 1461
internal_value=0.000358481 0.011 -0.0191603 0.00306054 -0.0229031 -0.000895238 0.0032374 0.0263637 0.0279097 0.0179528 0.0373381 -0.0163872 0.00684767 -0.0192718
internal_weight=3162.93 2052.59 1110.34 1369.07 1001.33 1172.4 894.227 683.516 664.044 351.219 312.825 680.81 72.1537 608.657
internal_count=34290 16697 17593 13116 16622 11751 8438 3581 3404 2022 1382 10220 1037 9183
is_linear=0
shrinkage=0.04


Tree=26
num_leaves=15
num_cat=0
split_feature=3 7 7 4 10 10 8 2 11 9 4 10 5 3
split_gain=391.386 121.452 120.119 45.9319 40.4238 58.8158 38.0012 31.4065 28.7502 24.2456 22.0624 21.1996 21.6568 20.9543
threshold=56.078125000000007 2.6904702186584477 23.89880466461182 92.218750000000014 -0.991642266511917 -0.99574989080429066 20.375000000000004 0.81250000000000011 1.0000000180025095e-35 73.625000000000014 74.953125000000014 0.30648292601108557 59.375000000000007 48.640625000000007
decision_type=2 2 2 2 2 2 2 2 2 2 2 2 2 2
left_child=1 4 6 9 5 -1 8 -4 -2 -3 -7 -6 -13 -5
right_child=2 3 7 13 11 10 -8 -9 -10 -11 -12 12 -14 -15
leaf_value=-0.024258042552244129 0.013635439279946229 0.010421473565308788 0.020094764052869238 -0.012817882788438255 -0.032159921440089237 0.058253265347794847 -0.0044527042308620205 0.041614005695087476 -0.019112979327774438 -0.010316944902873359 -0.0016614664698601722 -0.026995969537968231 0.0059961868299248768 0.025137076530599899
leaf_weight=33.294290468096733 517.69607010483742 88.737137921154499 515.87293926626444 16.063551858067513 543.13226601853967 9.3786236122250575 419.62895306944847 165.28410591185093 29.32377640530467 609.44137866795063 13.162711918354033 37.389223195612431 58.682013530284166 93.520834125578403
leaf_count=622 4209 764 2855 160 10350 126 4008 666 363 7779 172 690 904 622
internal_value=0.000352121 -0.0143116 0.0137367 -0.00358724 -0.0263262 0.00479309 0.00449143 0.0263545 0.0112677 -0.00746432 0.0389339 -0.0291075 -0.00928297 0.0184538
internal_weight=3150.61 1502.8 1647.81 807.763 695.039 55.8356 966.649 681.157 547.02 698.179 22.5413 639.204 96.0712 109.584
internal_count=34290 22189 12101 9325 12864 920 8580 3521 4572 8543 298 11944 1594 782
is_linear=0
shrinkage=0.04


Tree=27
num_leaves=15
num_cat=0
split_feature=3 7 9 11 4 7 3 3 9 10 5 10 11 11
split_gain=368.276 172.476 50.6314 44.6649 42.7133 40.6554 36.954 30.3078 29.66 78.4866 99.5208 41.2216 49.8252 36.444
threshold=49.921875000000007 20.942473411560062 74.125000000000014 1.0000000180025095e-35 83.515625000000014 7.4463486671447763 66.984375000000014 44.984375000000007 77.375000000000014 -0.72110775113105763 88.250000000000014 -0.98469310998916615 -0.9911728799343108 -0.9985557198524474
decision_type=2 2 2 2 2 2 2 2 2 2 2 2 2 2
left_child=7 3 -3 4 8 -6 -4 -1 11 10 -10 -2 13 -13
right_child=1 2 6 -5 5 -7 -8 -9 9 -11 -12 12 -14 -15
leaf_value=-0.031232319590130859 0.026554844829247286 0.031286982061132888 0.0080309583707311623 -0.025232614256655076 -0.0060902137468962884 0.018933917702815838 0.03762795730755146 -0.013596135995129439 0.073322437579665736 -0.0072824648982468248 -0.0029530762723948044 -0.019453990017496429 -0.017464359820197506 0.025698802337256754
leaf_weight=411.42537785694003 29.295330844819546 406.75711926072836 516.11225900799036 92.377077735960484 142.48692067340016 297.93050343543291 61.65598501265049 325.95314560830593 32.510890729725361 219.96444289386272 54.080083563923836 24.904189478605986 453.83491238206625 69.465961404144764
leaf_count=8306 365 1806 3277 1362 1525 2680 298 5080 346 2314 595 312 5267 757
internal_value=0.000345011 0.0079574 0.0206366 -0.0010176 0.00102154 0.0109251 0.0123426 -0.0240013 -0.00404473 0.0057691 0.0340691 -0.00927295 -0.0120548 0.0124648
internal_weight=3138.75 2401.38 984.525 1416.85 1324.47 440.417 577.768 737.379 884.056 306.555 86.591 577.5 548.205 94.3702
internal_count=34290 20904 5381 15523 14161 4205 3575 13386 9956 3255 941 6701 6336 1069
is_linear=0
shrinkage=0.04


Tree=28
num_leaves=15
num_cat=0
split_feature=3 9 3 4 3 11 3 11 11 10 7 10 3 10
split_gain=346.66 158.561 88.9345 59.6309 49.7195 36.361 29.9101 28.3512 23.239 22.2009 41.234 27.2707 21.1953 19.9594
threshold=49.921875000000007 74.125000000000014 66.984375000000014 87.781250000000014 55.796875000000007 -0.9911728799343108 44.984375000000007 1.0000000180025095e-35 -0.076191127300262437 -0.991642266511917 1.0618329048156741 0.30648292601108557 60.171875000000007 -0.99574989080429066
decision_type=2 2 2 2 2 2 2 2 2 2 2 2 2 2
left_child=6 3 4 5 -3 -2 -1 13 12 10 -8 -11 -5 -6
right_child=1 2 -4 8 7 -7 9 -9 -10 11 -12 -13 -14 -15
leaf_value=-0.030868069149135407 0.036643139172921411 -0.01071113136582391 0.040720944415655852 0.025701746969375591 0.028803585747917831 0.0046649228202085792 0.04538281271519283 -0.024438259119169241 -0.0010611129417194463 -0.023856544645444303 -0.01298129665295155 0.0045443012500044361 0.054902453313364366 0.0039678839183103932
leaf_weight=400.09530248865485 54.801918942481279 509.62208031490445 68.137436807155609 162.21666554361582 35.138039439916611 270.6590366140008 10.046377710998057 34.426554135978222 22.255399614572525 211.43874007835984 37.582608390599489 63.15062341094017 109.27791606634855 1137.5354798287153
leaf_count=8306 329 6867 342 886 284 1781 142 512 195 3485 552 901 471 9237
internal_value=0.000351303 0.00767314 0.00153321 0.0247696 -0.000473192 0.0118592 -0.0235681 0.00395326 0.037406 -0.0132295 0.00910988 -0.0174598 0.0404157 0.00518259
internal_weight=3126.38 2404.07 1784.86 619.211 1716.72 325.461 722.314 1207.1 293.75 322.218 47.629 274.589 271.495 1172.67
internal_count=34290 20904 17242 3662 16900 2110 13386 10033 1552 5080 694 4386 1357 9521
is_linear=0
shrinkage=0.04


Tree=29
num_leaves=15
num_cat=0
split_feature=3 7 9 11 4 7 3 3 9 10 5 10 11 11
split_gain=326.042 149.774 42.6205 41.4831 37.4843 36.1154 31.151 29.6617 27.826 73.2274 90.3075 39.3102 45.9792 33.9858
threshold=49.921875000000007 20.942473411560062 74.125000000000014 1.0000000180025095e-35 83.515625000000014 7.4463486671447763 66.984375000000014 45.328125000000007 77.375000000000014 -0.72110775113105763 88.250000000000014 -0.98469310998916615 -0.9911728799343108 -0.9985557198524474
decision_type=2 2 2 2 2 2 2 2 2 2 2 2 2 2
left_child=7 3 -3 4 8 -6 -4 -1 11 10 -10 -2 13 -13
right_child=1 2 6 -5 5 -7 -8 -9 9 -11 -12 12 -14 -15
leaf_value=-0.030182015736067699 0.025854497958477482 0.028897054463771457 0.0075833694868754457 -0.024656619998591662 -0.0059466156887424768 0.017584470981334789 0.034543136820342789 -0.012419486512209022 0.069112028214021404 -0.007082000014981161 -0.0029110858242523373 -0.019264139704622183 -0.016985100476084897 0.024261783907977185
leaf_weight=404.31481088325381 29.752419419586658 410.05089010298252 519.014742590487 89.441126246005297 141.92659582570195 303.67263530939817 63.279859162867069 303.03646524995565 34.326401431113482 218.81636553630233 54.005536261945963 24.575266312807798 446.811788123101 71.111532445997
leaf_count=8582 365 1806 3277 1362 1525 2680 298 4804 346 2314 595 312 5267 757
internal_value=0.000370214 0.00740854 0.019155 -0.000984757 0.000956041 0.0101562 0.0115629 -0.0231231 -0.00382791 0.00564843 0.0326697 -0.0089332 -0.0116925 0.0116852
internal_weight=3114.14 2406.79 992.345 1414.44 1325 445.599 582.295 707.351 879.399 307.148 88.3319 572.251 542.499 95.6868
internal_count=34290 20904 5381 15523 14161 4205 3575 13386 9956 3255 941 6701 6336 1069
is_linear=0
shrinkage=0.04


Tree=30
num_leaves=15
num_cat=0
split_feature=3 6 9 10 4 10 9 5 7 9 10 6 8 11
split_gain=306.807 139.298 55.1405 38.3456 56.486 41.8392 115.823 73.8473 34.3904 32.2948 30.4594 30.1868 34.422 55.4146
threshold=49.921875000000007 18.230679512023929 74.125000000000014 -0.94087398052215565 87.593750000000014 -0.72110775113105763 77.375000000000014 87.250000000000014 7.5744509696960458 75.875000000000014 -0.991642266511917 1.5432223677635195 19.375000000000004 -0.94134241342544545
decision_type=2 2 2 2 2 2 2 2 2 2 2 2 2 2
left_child=-1 2 -2 9 5 6 -5 -8 -6 10 -4 -7 13 -13
right_child=1 -3 3 4 8 11 7 -9 -10 -11 -12 12 -14 -15
leaf_value=-0.022692153727747019 0.015336909074510009 0.022021875806440876 0.025931940849896518 -0.015900623374372092 -0.0092642536206265051 -0.022819835741648978 0.080641789068058745 0.012102570145635793 0.027968797630903267 -0.022945667727518115 -0.013422556696692487 -0.0030950491274681162 -0.0097043353067838376 0.04410372507074125
leaf_weight=693.34400489926338 323.24026215821505 691.93256629258394 36.699495557695627 110.27782642096281 41.1682512126863 148.97878233343363 24.118819106370211 79.664626374840736 147.77258570492268 205.51752832531929 51.909908413887024 125.45244064927101 385.3347462490201 36.758630380034447
leaf_count=13386 2381 3521 414 1408 395 2156 217 776 1093 2558 706 1281 3640 358
internal_value=0.000373855 0.00714524 0.000965205 -0.00253795 0.000966258 -0.00327102 0.0115035 0.0384867 0.0197459 -0.0148651 0.00465073 -0.00800599 -0.00331325 0.0112676
internal_weight=3102.17 2408.83 1716.89 1393.65 1099.53 910.586 214.061 103.783 188.941 294.127 88.6094 696.525 547.546 162.211
internal_count=34290 20904 17383 15002 11324 9836 2401 993 1488 3678 1120 7435 5279 1639
is_linear=0
shrinkage=0.04


Tree=31
num_leaves=15
num_cat=0
split_feature=3 7 9 3 4 10 10 4 10 4 10 11 9 9
split_gain=288.294 101.176 88.7522 57.532 40.6675 40.6644 53.9995 35.2498 22.6714 23.0563 22.4717 55.0835 54.8055 35.1255
threshold=56.078125000000007 2.6904702186584477 74.125000000000014 66.984375000000014 87.781250000000014 -0.991642266511917 -0.99574989080429066 92.218750000000014 0.30648292601108557 42.804687500000007 -0.99902859330177296 -0.24558732658624646 77.125000000000014 78.125000000000014
decision_type=2 2 2 2 2 2 2 2 2 2 2 2 2 2
left_child=1 5 4 10 -2 6 -1 -3 -7 -10 12 13 -4 -12
right_child=2 7 3 -5 -6 8 -8 -9 9 -11 11 -13 -14 -15
leaf_value=-0.022907804341871438 0.013755576731526796 -0.006589272391004616 0.060959010191423711 0.036908073000929263 0.040212129729746644 -0.030799897054341611 0.038616310701492698 0.015997022650394935 -0.024545555600791139 0.0097600092303870654 -0.0017455772902831602 -0.024747976910084964 -0.012272254432733179 0.012632013754245539
leaf_weight=29.985208060592413 224.57659423351288 678.9466001726687 14.119473360478876 70.248932555317879 190.59528513997793 487.67186772450805 22.686428349465132 111.84287520125508 39.019081581383944 50.136614639312029 562.49597880244255 88.890828412026167 20.897947251796722 498.66443545371294
leaf_count=622 1175 8543 86 342 890 10350 298 782 798 796 4664 1089 189 3666
internal_value=0.00038201 -0.0127707 0.0115835 0.00607617 0.027191 -0.0244758 0.00692624 -0.00307904 -0.0274792 -0.0070003 0.00366629 0.00242738 0.0286814 0.00511949
internal_weight=3090.78 1420.29 1670.49 1255.32 415.172 629.499 52.6716 790.789 576.828 89.1557 1185.07 1150.05 35.0174 1061.16
internal_count=34290 22189 12101 10036 2065 12864 920 9325 11944 1594 9694 9419 275 8330
is_linear=0
shrinkage=0.04


Tree=32
num_leaves=15
num_cat=0
split_feature=3 9 3 11 4 3 6 11 11 3 8 10 10 4
split_gain=274.2 120.648 69.793 50.7764 48.0679 39.8258 30.6428 27.5178 24.0866 21.1742 19.81 31.5916 25.3283 20.2563
threshold=49.921875000000007 74.125000000000014 66.984375000000014 1.0000000180025095e-35 87.781250000000014 55.796875000000007 0.046952068805694587 -0.9911728799343108 1.0000000180025095e-35 60.171875000000007 19.625000000000004 -0.52077846229076374 -0.65903896093368519 91.468750000000014
decision_type=2 2 2 2 2 2 2 2 2 2 2 2 2 2
left_child=6 3 5 4 7 10 -1 -2 -7 -6 11 12 -3 -13
right_child=1 2 -4 -5 9 8 -8 -9 -10 -11 -12 13 -14 -15
leaf_value=-0.033691154162565934 0.033460469699991072 0.00066375562839006918 0.035426752346556713 -0.018894248221263715 0.022490485840322885 0.0045059208862149444 -0.014643501425598105 0.0054625369818665989 -0.023391594346005695 0.049721055343648624 -0.019695670582582099 -0.021849287807286441 0.038248884821826479 0.017367573739503817
leaf_weight=226.76711933687329 56.233151007443666 170.24571930989623 71.077749781310558 32.659766655415297 171.81905551999807 1182.3591879792511 441.71240078657866 256.41226764395833 31.963959336280823 111.74719470739365 180.51806094497442 121.42933577671647 14.68428063392639 9.5184100344777089
leaf_count=5585 329 2179 342 318 928 9521 7801 1606 512 481 2694 1770 164 60
internal_value=0.000390563 0.00669996 0.00130698 0.0214687 0.0242213 -0.000503651 -0.021896 0.0122073 0.00340447 0.0357903 -0.00982559 -0.00334811 0.0070898 -0.0170752
internal_weight=3079.15 2410.67 1781.8 628.871 596.212 1710.72 668.48 312.645 1214.32 283.566 496.396 315.878 184.93 130.948
internal_count=34290 20904 17242 3662 3344 16900 13386 1935 10033 1409 6867 4173 2343 1830
is_linear=0
shrinkage=0.04


Tree=33
num_leaves=15
num_cat=0
split_feature=3 6 9 10 4 10 9 10 10 10 7 9 6 4
split_gain=258.113 112.443 43.2796 34.4255 48.6867 39.5087 104.953 71.6282 73.0067 39.5546 30.9304 30.8463 30.4179 29.1226
threshold=49.921875000000007 18.230679512023929 74.125000000000014 -0.94087398052215565 87.593750000000014 -0.72110775113105763 77.375000000000014 -0.77784499526023854 -0.8288312256336211 -0.90843567252159108 7.5744509696960458 75.875000000000014 0.046952068805694587 67.890625000000014
decision_type=2 2 2 2 2 2 2 2 2 2 2 2 2 2
left_child=12 2 -2 11 5 6 13 8 9 -8 -6 -4 -1 -5
right_child=1 -3 3 4 10 -7 7 -9 -10 -11 -12 -13 -14 -15
leaf_value=-0.033404792643406712 0.013460691496148189 0.01974114431413623 0.0048989202060207961 0.021071201547758243 -0.0092109586915024126 -0.0076103314081326506 -0.0075535301203761389 0.086443345524817014 -0.023756901704085519 0.053450885435824311 0.025924154961755874 -0.022190584114808433 -0.014258729865672866 -0.023204230393485861
leaf_weight=219.87378464639187 329.87555396929383 699.17416664958 88.025735858827829 13.358858149498699 41.060362216085196 688.91349247470498 17.560588531196117 14.765030682086943 34.502830497920513 39.631648927927017 151.56774132698774 199.035022161901 436.14104844257236 94.423512455075979
leaf_count=5585 2381 3521 1120 204 395 7435 165 109 333 386 1093 2558 7801 1204
internal_value=0.000392094 0.00646725 0.000883211 -0.00226626 0.00103254 -0.00296074 0.0113636 0.0364861 0.0144038 0.0376158 0.0182729 -0.0141057 -0.0214743 -0.0152775
internal_weight=3067.91 2411.89 1712.72 1382.84 1095.78 903.156 214.242 106.46 91.6951 57.1922 192.628 287.061 656.015 107.782
internal_count=34290 20904 17383 15002 11324 9836 2401 993 884 551 1488 3678 13386 1408
is_linear=0
shrinkage=0.04


Tree=34
num_leaves=15
num_cat=0
split_feature=3 9 3 11 4 3 3 11 11 10 7 10 3 8
split_gain=242.96 104.642 62.6372 47.1176 44.6187 35.2478 30.3406 26.0074 22.2121 21.9881 39.9034 25.5562 21.1805 18.7982
threshold=49.921875000000007 74.125000000000014 66.984375000000014 1.0000000180025095e-35 87.781250000000014 55.796875000000007 44.796875000000007 -0.9911728799343108 1.0000000180025095e-35 -0.991642266511917 1.0618329048156741 0.30648292601108557 60.171875000000007 19.625000000000004
decision_type=2 2 2 2 2 2 2 2 2 2 2 2 2 2
left_child=6 3 5 4 7 13 -1 -2 -7 10 -8 -11 -6 -3
right_child=1 2 -4 -5 12 8 9 -9 -10 11 -12 -13 -14 -15
leaf_value=-0.029115881334921434 0.031611136260852504 -0.0030778286376261215 0.033317138496357833 -0.018837296620657563 0.020858136554110885 0.0041706948207768284 0.046179681968668021 0.0046361974111357 -0.02289005159982193 -0.021752923422299855 -0.011771567851480702 0.0059239364549703126 0.047364947726927495 -0.01911273794425801
leaf_weight=339.80462709441781 57.133319642394781 313.50737811625004 72.199845664203167 32.567237783223391 173.88232500106096 1186.9417037703097 10.222616542130707 258.25391414016485 30.850721605122089 197.21729781478643 35.665961656719446 61.089723691344261 111.89762222766876 176.25889272987843
leaf_count=8164 329 4173 342 318 928 9521 145 1606 512 3592 563 922 481 2694
internal_value=0.000394211 0.00624352 0.00120245 0.0199308 0.0225699 -0.000525431 -0.0210548 0.0111164 0.00312638 -0.0108094 0.0112371 -0.015252 0.0336561 -0.00937199
internal_weight=3057.49 2413.49 1779.76 633.734 601.167 1707.56 644 315.387 1217.79 304.196 45.8886 258.307 285.78 489.766
internal_count=34290 20904 17242 3662 3344 16900 13386 1935 10033 5222 708 4514 1409 6867
is_linear=0
shrinkage=0.04


Tree=35
num_leaves=15
num_cat=0
split_feature=3 0 4 3 9 11 10 9 6 10 10 10 3 9
split_gain=227.885 98.172 42.4362 70.2389 31.8538 30.5681 31.2545 48.5766 30.5185 28.7711 28.5919 45.215 27.5897 26.7566
threshold=49.921875000000007 18.944013595581058 90.906250000000014 63.609375000000007 75.125000000000014 1.0000000180025095e-35 -0.98469310998916615 77.875000000000014 0.046952068805694587 -0.52077846229076374 -0.94087398052215565 -0.86928081512451161 60.484375000000007 74.125000000000014
decision_type=2 2 2 2 2 2 2 2 2 2 2 2 2 2
left_child=8 2 5 4 -4 6 7 -2 -1 -6 12 -12 -8 -3
right_child=1 13 3 -5 9 -7 10 -9 -10 -11 11 -13 -14 -15
leaf_value=-0.032870843291801871 0.033248056400232595 0.027124708201023872 0.020484339729184248 0.05593826588473335 -0.017607016530253462 -0.021725138620157392 -0.031425021997869569 -0.017758186252509082 -0.013399709509221177 0.022477358986502521 0.020095759794622893 -0.0030487891957920806 0.010995401231671588 0.010622398497075938
leaf_weight=207.78229688480496 77.2324636913836 307.22109537571669 87.59822778776288 35.037528000771999 97.898794028908014 93.522931776940823 70.966148816049099 28.257800858467817 424.00126757845283 19.293155126273632 134.49223044142127 1053.3916162550449 22.083869121968746 387.94606716185808
leaf_count=5585 775 1308 546 196 899 1430 904 330 7801 123 1344 10660 194 2195
internal_value=0.000393948 0.00601452 0.00082532 0.0157418 0.00449948 -0.00176958 -0.000133652 0.0189323 -0.0206156 -0.00869322 -0.00197073 -0.000139008 -0.0211931 0.01847
internal_weight=3046.73 2414.94 1719.77 239.828 204.79 1479.95 1386.42 105.49 631.784 117.192 1280.93 1187.88 93.05 695.167
internal_count=34290 20904 17401 1764 1568 15637 14207 1105 13386 1022 13102 12004 1098 3503
is_linear=0
shrinkage=0.04


Tree=36
num_leaves=15
num_cat=0
split_feature=0 9 3 4 10 4 9 6 8 11 3 10 10 10
split_gain=215.039 81.4079 65.7022 50.5763 42.8157 53.3838 66.6352 39.5702 38.9887 33.5777 32.8957 27.2998 47.0834 34.4669
threshold=2.3126006126403813 73.875000000000014 58.421875000000007 82.890625000000014 -0.72110775113105763 91.093750000000014 77.875000000000014 0.078253448009490981 17.125000000000004 1.0000000180025095e-35 60.265625000000007 -0.991642266511917 -0.99574989080429066 0.30648292601108557
decision_type=2 2 2 2 2 2 2 2 2 2 2 2 2 2
left_child=2 9 7 -3 -5 -6 8 -1 -7 10 -2 12 -9 -13
right_child=1 3 -4 4 5 6 -8 11 -10 -11 -12 13 -14 -15
leaf_value=-0.032248452947025559 0.012919303068332865 -0.005365157658898701 0.012096729026175897 -0.00030060794701291431 0.004689965921437618 0.027218583486619988 0.050885894239505992 -0.019816606767830251 -0.017566517475186744 -0.014900106551342917 0.034252736790272464 -0.020125615140041228 0.033413479907688386 0.0059248384208514839
leaf_weight=241.67720848321915 303.12574505805969 673.68697547912598 111.21399469301105 410.82393468543887 255.39599177986383 38.781805902719498 105.65528337657452 32.936674777418375 46.678075488656759 27.239543419331312 220.03351555764675 444.70447566360235 35.35980686545372 89.007206164300442
leaf_count=6402 1879 7142 971 3620 1823 214 513 583 259 277 970 7722 454 1461
internal_value=0.000392065 0.00759276 -0.0151373 0.00274857 0.00910123 0.0173937 0.0323176 -0.0189242 0.00406463 0.0204988 0.0228227 -0.0127102 0.00906875 -0.0157241
internal_weight=3036.32 2081.42 954.899 1531.02 857.335 446.511 191.115 843.685 85.4599 550.399 523.159 602.008 68.2965 533.712
internal_count=34290 16697 17593 13571 6429 2809 986 16622 473 3126 2849 10220 1037 9183
is_linear=0
shrinkage=0.04


Tree=37
num_leaves=15
num_cat=0
split_feature=3 6 11 9 3 8 2 7 10 11 10 10 10 10
split_gain=205.231 94.6817 35.2004 35.9167 31.6815 28.1784 24.3838 24.1134 21.6602 47.8985 20.4857 29.8671 57.1629 23.7308
threshold=47.734375000000007 18.230679512023929 1.0000000180025095e-35 73.875000000000014 52.640625000000007 20.375000000000004 0.81250000000000011 45.009613037109382 -0.97692421078681935 -0.076191127300262437 -0.94087398052215565 -0.86928081512451161 -0.90843567252159108 -0.98469310998916615
decision_type=2 2 2 2 2 2 2 2 2 2 2 2 2 2
left_child=8 2 3 -2 -5 10 -3 -8 9 -1 13 12 -12 -6
right_child=1 6 -4 4 5 -7 7 -9 -10 -11 11 -13 -14 -15
leaf_value=0.024901804024545254 0.014030333477513895 0.011991264091027716 -0.019835309655707237 -0.012185252726384472 0.010366353483013015 -0.0049409125727786956 0.0015429008605625028 0.036698800684097359 -0.027524466791134038 -0.025115491864152038 0.0026901124053135147 0.0060551431425878311 0.066997380424944755 -0.023756995601904619
leaf_weight=34.113752219825983 285.02095737308264 532.88581336289644 112.44215585291386 300.69462073221803 45.39286183565855 507.59452442452312 41.267671748995781 136.295465528965 376.75604008510709 51.231181304901838 52.565192140638828 478.27975432574749 20.538323540240526 49.331686846911907
leaf_count=659 1943 2830 1769 4888 496 4936 168 560 9002 1209 462 4588 187 593
internal_value=0.000392615 0.0048628 5.18572e-05 0.0015483 -0.00105497 0.00200417 0.0170583 0.0295115 -0.0235676 -0.00419077 0.00744489 0.0103754 0.0312681 -0.0084483
internal_weight=3024.41 2562.31 1851.86 1739.42 1454.4 1153.7 710.449 177.563 462.101 85.3449 646.108 551.383 73.1035 94.7245
internal_count=34290 23420 19862 18093 16150 11262 3558 728 10870 1868 6326 5237 649 1089
is_linear=0
shrinkage=0.04


Tree=38
num_leaves=15
num_cat=0
split_feature=3 7 11 2 9 9 10 10 10 4 3 10 11 5
split_gain=193.492 88.3325 34.2279 31.2146 25.6477 26.9395 56.9626 79.4723 41.6923 34.2579 29.9602 27.4153 27.1099 36.813
threshold=47.734375000000007 21.254038810729984 1.0000000180025095e-35 0.81250000000000011 73.875000000000014 77.375000000000014 -0.90843567252159108 -0.8288312256336211 -0.98469310998916615 81.640625000000014 58.515625000000007 -0.72110775113105763 -0.9911728799343108 85.250000000000014
decision_type=2 2 2 2 2 2 2 2 2 2 2 2 2 2
left_child=-1 2 4 -3 -2 8 -7 -8 -6 10 -10 -11 -9 -14
right_child=1 3 -4 -5 5 6 7 12 9 11 -12 -13 13 -15
leaf_value=-0.023147844487446254 0.01307189815080672 0.010035933716502077 -0.02266253485512312 0.028272357248837726 0.020362027349709867 -0.019501001605725547 0.051824962803714111 -0.014927369874646853 -0.021294695466591823 -0.0094839559455103598 0.0019161214888373231 0.018361814998870695 0.029293018878415955 0.00051458673276344859
leaf_weight=452.43122378364205 194.63576636090875 840.36540203541517 92.020971339195967 178.47345688939095 62.065228715538979 104.54161186516285 45.774877388030291 76.208607763051987 347.33173263818026 100.60959546640515 113.30825404822826 87.899833705276251 82.126487389206886 236.66939031332731
leaf_count=10870 1537 4701 1574 734 788 1199 426 802 5363 1176 1044 956 1026 2094
internal_value=0.000390966 0.00469481 -0.00135859 0.0137133 0.000282043 -0.00187285 0.00471878 0.0110602 -0.00691779 -0.0100567 -0.0157431 0.00401603 0.00406629 0.00921992
internal_weight=3014.46 2562.03 1543.19 1018.84 1451.17 1256.54 545.321 440.779 711.215 649.149 460.64 188.509 395.004 318.796
internal_count=34290 23420 17985 5435 16411 14874 5547 4348 9327 8539 6407 2132 3922 3120
is_linear=0
shrinkage=0.04


Tree=39
num_leaves=15
num_cat=0
split_feature=3 7 11 2 9 3 10 10 10 7 10 4 5 9
split_gain=183.597 89.5568 30.0369 29.6028 25.3382 29.9752 44.1287 34.664 24.7968 24.201 23.9582 23.196 19.1213 39.0501
threshold=45.890625000000007 21.254038810729984 1.0000000180025095e-35 0.81250000000000011 73.875000000000014 54.046875000000007 -0.98469310998916615 -0.99574989080429066 0.30648292601108557 45.009613037109382 -0.94087398052215565 84.828125000000014 57.375000000000007 76.375000000000014
decision_type=2 2 2 2 2 2 2 2 2 2 2 2 2 2
left_child=-1 2 4 -3 -2 6 7 -6 -8 -5 -7 -9 -10 -14
right_child=1 3 -4 9 5 10 8 11 12 -11 -12 -13 13 -15
leaf_value=-0.026233778497978661 0.012085825414127879 0.0096008891713814781 -0.02137701810039155 0.00042957772341091141 -0.0099099758324158911 -0.013772445577137391 -0.019663041901059958 0.052642679499907204 -0.017609816769794766 0.034669684221880631 0.0044988184711760842 -0.0060961544089341794 -0.013153211968531768 0.046268677357369351
leaf_weight=344.87155417725444 205.20584164187312 851.13014597445726 96.914447847753763 42.595318138599396 32.383386265486479 114.65807579830289 329.72151938453317 19.692715220153335 15.541282888501881 135.26330475509167 769.22990018501878 9.5766735374927503 20.967238944023848 16.887099981307983
leaf_count=9010 1688 4768 1706 174 491 1410 5968 231 256 560 7334 120 338 236
internal_value=0.000388655 0.00401061 -0.00183304 0.0131302 -0.000338935 -0.00240866 -0.0106386 0.0170246 -0.015714 0.0273418 0.00187637 0.0387508 0.00738452 0.0201863
internal_weight=3004.64 2659.77 1630.78 1028.99 1533.86 1328.66 444.77 61.6528 383.117 177.859 883.888 29.2694 53.3956 37.8543
internal_count=34290 25280 19778 5502 18072 16384 7640 842 6798 734 8744 351 830 574
is_linear=0
shrinkage=0.04


Tree=40
num_leaves=15
num_cat=0
split_feature=3 3 8 9 11 11 3 0 10 4 10 9 4 11
split_gain=173.538 84.8806 52.7837 42.883 36.9352 43.2077 37.9224 31.4177 31.2737 55.2336 30.226 41.3835 23.8109 21.9525
threshold=45.890625000000007 60.859375000000007 20.375000000000004 74.625000000000014 -0.9911728799343108 -0.97646176815032948 66.234375000000014 3.4442782402038579 -0.65903896093368519 90.906250000000014 -0.98469310998916615 76.625000000000014 92.906250000000014 -0.076191127300262437
decision_type=2 2 2 2 2 2 2 2 2 2 2 2 2 2
left_child=-1 2 7 -3 -5 -6 8 10 9 -7 13 -12 -10 -2
right_child=1 3 -4 4 5 6 -8 -9 12 -11 11 -13 -14 -15
leaf_value=-0.025833467815021858 0.032770655261200328 0.028732330172849752 -0.013591741399183904 -0.014386094248278412 0.038877227644903513 0.035821700142355313 0.028987411998413318 0.0069195041877115364 -0.014008260573237277 -0.0071640380687891993 -0.017383271071278576 0.0077057752049388226 0.015675267540319112 -0.0058785220968874119
leaf_weight=336.68382639810443 33.561052314937115 221.36883651465178 392.7096070125699 81.172696985304356 63.656673841178417 71.432164046913385 80.355544820427895 931.71816786751151 185.07178647071123 88.85845111310482 295.37743712216616 143.70196065679193 37.056999757885933 32.70619510859251
leaf_count=9010 394 1064 4847 632 385 538 374 7648 1409 531 4787 1967 195 509
internal_value=0.000379455 0.00386696 -0.000972805 0.0143209 0.00832209 0.012222 0.00709673 0.00261483 0.00128491 0.0138409 -0.00528307 -0.00919414 -0.00817051 0.0167549
internal_weight=2995.43 2658.75 1829.77 828.973 607.604 526.432 462.775 1437.06 382.419 160.291 505.347 439.079 222.129 66.2672
internal_count=34290 25280 20152 5128 4064 3432 3047 15305 2673 1069 7657 6754 1604 903
is_linear=0
shrinkage=0.04


Tree=41
num_leaves=15
num_cat=0
split_feature=11 4 10 3 7 9 3 10 4 9 10 8 3 8
split_gain=166.668 99.6161 60.5524 63.1176 54.5597 46.3549 34.1528 32.52 33.9653 45.539 38.6154 28.2281 30.9405 27.0336
threshold=1.0000000180025095e-35 82.515625000000014 -0.86928081512451161 57.484375000000007 7.4463486671447763 73.875000000000014 63.109375000000007 0.30648292601108557 40.195312500000007 76.375000000000014 0.38703845441341406 18.875000000000004 55.171875000000007 20.625000000000004
decision_type=2 2 2 2 2 2 2 2 2 2 2 2 2 2
left_child=1 2 -1 5 -3 -4 11 -7 -9 -10 -11 12 -6 -5
right_child=-2 4 3 13 6 7 -8 8 9 10 -12 -13 -14 -15
leaf_value=0.014191786835379338 -0.027317866053230326 -0.0081955693138349127 0.011056609501645878 0.010291871387027545 0.0034143297625668406 -0.024410439627839082 0.024196052819547904 -0.024104453736494249 -0.009262280993377071 0.063939863624360188 -0.011905230640562488 0.0014238197605668235 0.025157525833132983 -0.0087727834980279272
leaf_weight=217.17059779167175 291.68281135894358 190.23586328327656 75.574010767042637 290.01502502709627 187.71875713765621 457.29869123548269 363.87273842841387 35.850702494382858 43.7183579467237 15.998705361038448 7.5998945124447337 395.18277678266168 239.19898864626884 174.45952332764864
leaf_count=3040 6858 2337 796 2139 1462 8278 1783 844 767 213 113 2868 1215 1577
internal_value=0.000387552 0.00356658 -0.00426636 -0.0080971 0.0110201 -0.0160929 0.0141872 -0.0200086 0.000298302 0.0158388 0.0452576 0.00928769 0.0161775 0.00306452
internal_weight=2985.58 2693.89 1317.69 1100.51 1376.21 636.04 1185.97 560.466 103.168 67.317 23.5986 822.101 426.918 464.475
internal_count=34290 27432 17767 14727 9665 11011 7328 10215 1937 1093 326 5545 2677 3716
is_linear=0
shrinkage=0.04


Tree=42
num_leaves=15
num_cat=0
split_feature=11 4 10 3 7 9 10 4 9 3 4 8 3 8
split_gain=157.74 91.8753 56.0235 59.271 50.3737 43.9266 31.4584 32.7092 42.9523 31.2499 27.2583 26.0327 28.4427 25.0295
threshold=1.0000000180025095e-35 82.515625000000014 -0.86928081512451161 57.484375000000007 7.4463486671447763 73.875000000000014 0.30648292601108557 40.195312500000007 76.625000000000014 63.109375000000007 88.531250000000014 18.875000000000004 55.171875000000007 20.625000000000004
decision_type=2 2 2 2 2 2 2 2 2 2 2 2 2 2
left_child=1 2 -1 5 -3 -4 -7 -8 -9 11 -11 12 -6 -5
right_child=-2 4 3 13 9 6 7 8 -10 10 -12 -13 -14 -15
leaf_value=0.013527088647349413 -0.026910802876314366 -0.007946319856041776 0.010641298940422981 0.009848431928358525 0.0032854568808570041 -0.02396263870873367 -0.023822416133480857 -0.0077536470048828656 0.045701878087276361 0.0060028895713340894 0.030293952247307746 0.0013685002816805315 0.02410048195250062 -0.0085080110441174868
leaf_weight=219.65894407406449 284.69601425714791 189.00750124827027 76.151166718453169 291.81338752061129 188.05628272145987 447.77893393114209 35.076637603342533 46.673921540379524 21.085127472877502 118.34970707446337 247.53060577064753 395.51273699104786 240.55144049972296 173.33875300735235
leaf_count=3040 6858 2337 796 2139 1462 8278 844 816 277 623 1160 2868 1215 1577
internal_value=0.000379476 0.00344437 -0.00410759 -0.00783462 0.0105831 -0.015674 -0.0195589 0.000395999 0.015505 0.0136088 0.023155 0.00892243 0.0155213 0.00293917
internal_weight=2975.28 2690.59 1311.58 1091.92 1379.01 626.766 550.615 102.836 67.759 1190 365.88 824.12 428.608 465.152
internal_count=34290 27432 17767 14727 9665 11011 10215 1937 1093 7328 1783 5545 2677 3716
is_linear=0
shrinkage=0.04


Tree=43
num_leaves=15
num_cat=0
split_feature=3 3 8 9 11 11 3 11 7 10 9 6 1 11
split_gain=150.809 68.1736 46.7115 38.7519 33.2478 40.5616 32.6776 28.5888 26.0111 44.2432 27.3327 23.1724 22.3476 21.7314
threshold=45.890625000000007 60.859375000000007 20.375000000000004 74.625000000000014 -0.9911728799343108 -0.97646176815032948 66.234375000000014 -0.95453116297721852 3.503501415252686 -0.98469310998916615 76.625000000000014 2.9917761087417607 2.4719238281250004 -0.92554321885108937
decision_type=2 2 2 2 2 2 2 2 2 2 2 2 2 2
left_child=-1 2 8 -3 -5 -6 7 -7 9 -2 -11 -9 -13 -4
right_child=1 3 13 4 5 6 -8 11 -10 10 -12 12 -14 -15
leaf_value=-0.024832088367304321 0.026589536908907373 0.026584728703433147 0.0022791356076704221 -0.01429411705060123 0.036486670540590273 -0.02000483594178875 0.026175235560028536 0.033100312211627562 0.0051358762997448775 -0.023171865405001643 0.0042916853698699159 -0.0062006475455064075 0.015279898663133298 -0.018396971069345187
leaf_weight=317.23952827602625 31.004877243191004 221.05189801380038 106.32823825255036 80.825304828584194 64.995773799717426 65.840595886111259 81.72874154150486 23.552534282207489 1162.2234532833099 159.64048957452178 77.497570268809795 193.60833937302232 101.90217561647296 277.61884021759033
leaf_count=9010 410 1064 1364 632 385 464 374 192 10540 3095 1260 1488 529 3483
internal_value=0.000373742 0.00355721 -0.000819703 0.0128805 0.00725001 0.0109249 0.0060113 0.000648348 0.00253989 -0.00828749 -0.014561 0.00583887 0.00170563 -0.0128417
internal_weight=2965.06 2647.82 1814.31 833.505 612.453 531.628 466.632 384.904 1430.37 268.143 237.138 319.063 295.511 383.947
internal_count=34290 25280 20152 5128 4064 3432 3047 2673 15305 4765 4355 2209 2017 4847
is_linear=0
shrinkage=0.04


Tree=44
num_leaves=15
num_cat=0
split_feature=11 4 10 3 0 9 10 4 9 10 9 3 10 6
split_gain=145.721 80.6605 52.0765 53.4959 44.8673 41.3737 30.9914 31.6504 39.4488 35.9703 29.9703 36.2835 28.7156 24.8942
threshold=1.0000000180025095e-35 82.515625000000014 -0.86928081512451161 57.484375000000007 4.0043234825134286 73.875000000000014 0.30648292601108557 40.195312500000007 76.375000000000014 0.38703845441341406 75.875000000000014 66.984375000000014 0.053682003635913141 2.8255732059478764
decision_type=2 2 2 2 2 2 2 2 2 2 2 2 2 2
left_child=1 2 -1 5 -3 -4 -7 -8 -9 -10 12 -12 -6 -5
right_child=-2 4 3 13 10 6 7 8 9 -11 11 -13 -14 -15
leaf_value=0.013078664437360856 -0.026336143680983227 -0.0063824503953836473 0.010385772659680069 0.02031270894119893 0.022523253310637741 -0.023376310974935813 -0.023363166969522335 -0.0085179258987147823 0.059741985189981701 -0.012070458254312218 0.0024715919205585651 0.031317177697473622 -0.0044109256787091145 -0.0018648607614276161
leaf_weight=221.2562249712646 274.69324446097016 214.69150817394257 76.41701465845108 81.706380501389503 509.03278820961714 435.35883685015142 33.832335168495774 42.434146355837584 17.392326530069116 7.7268582098186007 530.84283245354891 61.13241209089756 65.21193677559495 384.3760859593749
leaf_count=3040 6858 2599 796 711 2863 8278 844 767 213 113 3611 265 327 3005
internal_value=0.000375184 0.00328631 -0.00383672 -0.00747942 0.00995357 -0.015057 -0.0189223 0.000903835 0.015618 0.0420933 0.0130178 0.00637656 0.0194191 0.00269877
internal_weight=2956.1 2681.41 1300.5 1079.24 1380.91 613.162 536.745 101.386 67.5533 25.1192 1166.22 591.975 574.245 466.082
internal_count=34290 27432 17767 14727 9665 11011 10215 1937 1093 326 7066 3876 3190 3716
is_linear=0
shrinkage=0.04


Tree=45
num_leaves=15
num_cat=0
split_feature=6 3 9 8 11 11 3 11 3 11 3 6 1 4
split_gain=139.663 64.8224 38.0067 34.3447 34.0464 46.5887 32.6463 29.1743 26.3133 24.7753 20.1827 19.0804 20.8303 17.3675
threshold=0.13272911310195926 60.484375000000007 74.375000000000014 20.375000000000004 -0.9911728799343108 -0.97646176815032948 66.234375000000014 -0.95453116297721852 49.921875000000007 -0.92554321885108937 64.421875000000014 1.9309893250465395 2.4719238281250004 91.468750000000014
decision_type=2 2 2 2 2 2 2 2 2 2 2 2 2 2
left_child=-1 3 -3 8 -4 10 7 -7 -2 -5 -6 -9 -13 -8
right_child=1 2 4 9 5 6 13 11 -10 -11 -12 12 -14 -15
leaf_value=-0.028452282284514654 -0.0087123947208664239 0.025014466799276179 -0.014794900926803231 0.005015183647289808 0.048616162399901505 -0.020154581977850188 -0.0016887297441674273 0.032027875538769165 0.0041011662416076504 -0.018147202761405398 0.003498512892460079 -0.0050225628580751296 0.014780367435503979 0.034647212569382906
leaf_weight=226.78792127594352 307.59706410765648 230.64690829068422 86.154602728784084 90.230589579790831 44.388404339551926 71.163833126425743 26.389478117227554 17.880712762475014 1164.848474573344 261.31895910575986 25.437817521393299 226.20944844931364 110.20916144922376 57.866364017128944
leaf_count=7068 6066 1083 679 1104 289 511 133 134 11001 3484 126 1782 577 253
internal_value=0.000371724 0.00296482 0.0116461 -0.00138136 0.0064198 0.00996189 0.00506555 0.000143237 0.0013435 -0.0122523 0.0366183 0.00507929 0.00193014 0.0251258
internal_weight=2947.13 2720.34 896.347 1824 665.7 579.545 509.719 425.463 1472.45 351.55 69.8262 354.299 336.419 84.2558
internal_count=34290 27222 5567 21655 4484 3805 3390 3004 17067 4588 415 2493 2359 386
is_linear=0
shrinkage=0.04


Tree=46
num_leaves=15
num_cat=0
split_feature=11 3 8 3 10 4 5 9 10 9 10 4 9 9
split_gain=134.137 72.2135 48.753 40.7346 31.2282 48.5492 44.0902 37.3643 28.3262 52.3399 27.8732 26.322 32.2119 24.3344
threshold=1.0000000180025095e-35 56.078125000000007 19.125000000000004 66.984375000000014 -0.86928081512451161 84.203125000000014 89.250000000000014 73.875000000000014 -0.99574989080429066 77.125000000000014 0.30648292601108557 40.195312500000007 76.375000000000014 78.125000000000014
decision_type=2 2 2 2 2 2 2 2 2 2 2 2 2 2
left_child=1 4 -3 8 6 7 -1 -6 9 -4 -9 -12 -13 -10
right_child=-2 2 3 -5 5 -7 -8 10 13 -11 11 12 -14 -15
leaf_value=0.024382820751502769 -0.025733493243253393 0.019048981139955096 0.057538090800931814 0.027044785152704198 0.0088471546835948017 0.0069874783882970829 -0.0059811296700533981 -0.02466971543027912 -0.0058079996919948732 -0.013861416181229505 -0.022932259707296423 -0.0087533941204494155 0.036889718826755617 0.0060573071937814263
leaf_weight=102.92431355640292 264.81757596135139 459.91984128206968 17.544843189418316 90.266703449189663 74.359528597444296 196.60505379736423 187.31615984253585 360.93692648969591 539.66320236772299 18.099441535770893 32.709798188880086 41.758673332631588 25.021960593760014 526.71162370592356
leaf_count=1621 6858 2524 100 404 806 1661 2295 7658 4356 172 844 768 319 3904
internal_value=0.000374318 0.0031319 0.00826295 0.00385665 -0.00516547 -0.0094994 0.00566418 -0.0155939 0.00150909 0.0293318 -0.0197452 -0.00074069 0.012909 5.62205e-05
internal_weight=2938.66 2673.84 1652.21 1192.29 1021.63 731.392 290.24 534.787 1102.02 35.6443 460.427 99.4904 66.7806 1066.37
internal_count=34290 27432 11460 8936 15972 12056 3916 10395 8532 272 9589 1931 1087 8260
is_linear=0
shrinkage=0.04


Tree=47
num_leaves=15
num_cat=0
split_feature=6 3 8 9 11 11 9 10 3 11 7 4 10 3
split_gain=127.905 57.7904 33.122 31.9062 28.7926 35.0207 28.499 27.7294 24.3472 22.9161 22.3363 19.8607 28.421 16.6164
threshold=0.13272911310195926 60.859375000000007 20.375000000000004 74.625000000000014 -0.9911728799343108 -0.97646176815032948 79.125000000000014 -0.90843567252159108 49.921875000000007 -0.92554321885108937 24.353277206420902 90.718750000000014 -0.52077846229076374 64.421875000000014
decision_type=2 2 2 2 2 2 2 2 2 2 2 2 2 2
left_child=-1 2 8 -3 -5 13 10 -8 -2 -4 -7 12 -9 -6
right_child=1 3 9 4 5 6 7 11 -10 -11 -12 -13 -14 -15
leaf_value=-0.027836082607992911 -0.0082280024092206191 0.023883844787702172 0.0045352391757994956 -0.013805342196087178 0.044430489374148861 -0.014676463842891667 -0.0087124438837866899 0.03095813665526281 0.0041208847677233198 -0.017145988551043538 0.0081439011885769928 0.032319656024726209 -0.0099959861289270063 0.003203263273931274
leaf_weight=216.64530278742313 303.16253694146872 220.72547902911901 96.707822073251009 79.619075454771519 41.723190113902092 129.15685508772731 51.409413069486618 21.869399458169937 1206.5161326006055 271.8026718236506 109.47984170913696 96.617779634892941 58.980138912796974 25.394955433905125
leaf_count=7068 6066 1064 1160 632 260 1131 354 144 11259 3612 567 465 383 125
internal_value=0.00037802 0.00281811 -0.00109504 0.01144 0.00635634 0.00974843 0.00516701 0.0146804 0.00156592 -0.0115156 -0.00438694 0.021653 0.00502446 0.0331481
internal_weight=2929.81 2713.17 1878.19 834.976 614.251 534.632 467.513 228.877 1509.68 368.51 238.637 177.467 80.8495 67.1181
internal_count=34290 27222 22097 5125 4061 3429 3044 1346 17325 4772 1698 992 527 385
is_linear=0
shrinkage=0.04


Tree=48
num_leaves=15
num_cat=0
split_feature=11 3 10 4 9 5 10 4 4 3 9 4 3 1
split_gain=123.499 64.0255 43.4171 47.6131 39.4379 36.0649 35.3215 35.4347 26.8445 25.6473 24.7848 20.1751 19.2789 18.5122
threshold=1.0000000180025095e-35 57.390625000000007 -0.86928081512451161 85.703125000000014 74.375000000000014 88.250000000000014 0.30648292601108557 40.195312500000007 87.781250000000014 68.156250000000014 76.875000000000014 66.890625000000014 50.421875000000007 0.99220275878906261
decision_type=2 2 2 2 2 2 2 2 2 2 2 2 2 2
left_child=1 2 5 6 8 -1 12 -8 -3 -6 11 -9 -4 -7
right_child=-2 4 3 -5 9 13 7 10 -10 -11 -12 -13 -14 -15
leaf_value=0.026437790122874508 -0.025131220157057387 0.0086500166823806589 -0.028901658013006485 0.0073825851921409122 0.003251964929964565 -0.0083751056205218725 -0.022510688167290276 -0.011055492984689467 0.031346542150261433 0.031908834581562656 0.043297988134356827 0.025371657568454938 -0.011785891876266073 0.012014176458016598
leaf_weight=95.207579597830772 255.53030456230044 197.66165522485971 166.29840261116624 215.27244516089559 1050.9905046448112 162.15981935895979 31.649435771629214 48.29038742929697 158.01550371944904 32.99321635812521 19.347632825374603 17.960110668092966 373.3840751349926 97.039889816194773
leaf_count=1426 6858 977 4496 1624 7806 2266 844 838 705 142 231 257 5044 776
internal_value=0.000375285 0.00298869 -0.00369666 -0.00844501 0.0086573 0.00781599 -0.0136965 0.00545828 0.0198653 0.00468646 0.0181045 0.00241305 -0.0179043 -0.000427901
internal_weight=2921.8 2666.27 1226.61 872.202 1439.66 354.407 656.93 117.248 355.677 1083.98 85.5981 66.2505 539.682 259.2
internal_count=34290 27432 17802 13334 9630 4468 11710 2170 1682 7948 1326 1095 9540 3042
is_linear=0
shrinkage=0.04


Tree=49
num_leaves=15
num_cat=0
split_feature=6 3 8 9 11 11 9 10 11 0 9 10 10 7
split_gain=117.018 50.8484 30.8581 27.9731 26.9861 32.7243 26.4827 25.6842 21.5868 21.1962 29.332 28.4827 29.9152 20.8263
threshold=0.13272911310195926 60.859375000000007 20.375000000000004 74.625000000000014 -0.9911728799343108 -0.97646176815032948 79.125000000000014 -0.90843567252159108 -0.92554321885108937 2.2514462471008305 76.375000000000014 -0.991642266511917 0.38703845441341406 24.353277206420902
decision_type=2 2 2 2 2 2 2 2 2 2 2 2 2 2
left_child=-1 2 9 -3 -5 -6 13 -8 -4 10 11 -2 -13 -7
right_child=1 3 8 4 5 6 7 -9 -10 -11 -12 12 -14 -15
leaf_value=-0.027210070645159231 0.014581041590700901 0.022421084832981185 0.0043953322021967481 -0.013569859617437813 0.031734215170057326 -0.014384266652403417 -0.0085571511697450885 0.020650593381838164 -0.016671879620112004 0.0045372435515496365 0.0087175920578612467 -0.021412706281943198 0.018503151963396362 0.0076695383270961098
leaf_weight=207.0827068015933 37.430079944431782 220.38583934307098 96.949612129479647 79.075567707419395 68.139373362064362 128.09006905555725 51.205163337290287 178.59290297329426 267.41781274601817 1075.9834861904383 136.28829157724977 237.57388404384255 18.611941821873188 110.06409503519535
leaf_count=7068 563 1064 1160 632 385 1131 354 992 3612 9527 2116 4780 339 567
internal_value=0.000380647 0.00267639 -0.00100837 0.0107549 0.0060011 0.00927212 0.00483472 0.0139783 -0.0111294 0.0015543 -0.00578137 -0.0126381 -0.0173829 -0.00438744
internal_weight=2912.89 2705.81 1870.26 835.553 615.167 536.092 467.952 229.798 364.367 1505.89 429.904 293.616 256.186 238.154
internal_count=34290 27222 22097 5125 4061 3429 3044 1346 4772 17325 7798 5682 5119 1698
is_linear=0
shrinkage=0.04


Tree=50
num_leaves=15
num_cat=0
split_feature=11 3 8 3 10 9 10 9 5 4 9 11 11 10
split_gain=113.94 56.4279 44.8878 35.166 34.2184 55.999 25.4419 36.6574 33.4166 25.213 23.8442 32.5568 79.7732 27.4655
threshold=1.0000000180025095e-35 55.171875000000007 18.875000000000004 66.984375000000014 -0.99574989080429066 77.125000000000014 -0.86928081512451161 74.125000000000014 90.250000000000014 82.765625000000014 78.125000000000014 -0.9911728799343108 -0.97646176815032948 -0.96635594964027394
decision_type=2 2 2 2 2 2 2 2 2 2 2 2 2 2
left_child=1 6 -3 4 5 -4 8 -8 -1 -9 -6 -12 -13 -14
right_child=-2 2 3 -5 10 -7 7 9 -10 -11 11 12 13 -15
leaf_value=0.019287343072770448 -0.024547155858488587 0.017898047540554941 0.058495256107745128 0.024258997645508464 -0.005404625663015584 -0.013255448177675083 0.0044060614729530528 -0.019643152925608223 -0.0077609595966467507 0.0059485702372776943 -0.016947718946810988 0.049232737932166523 -0.02376174492764466 0.0063329266616660874
leaf_weight=116.98144492134452 247.01829504407942 430.69501593708992 20.683028936386108 96.393628902733326 643.55109991133213 19.862922202795744 199.49178666621447 370.68892333470285 139.70129592716694 63.643090922385454 68.837918762117624 49.705811552703381 35.054390385746956 402.68480204418302
leaf_count=1800 6858 2405 114 430 5336 193 2039 8428 1773 742 636 287 396 2853
internal_value=0.000372119 0.00285402 0.00696523 0.00323087 0.0012377 0.0305778 -0.00527963 -0.00949753 0.00506925 -0.0157964 -0.00023888 0.00571742 0.00946004 0.00299001
internal_weight=2904.99 2657.98 1767.47 1336.77 1240.38 40.546 890.507 633.824 256.683 434.332 1199.83 556.283 487.445 437.739
internal_count=34290 27432 12650 10245 9815 307 14782 11209 3573 9170 9508 4172 3536 3249
is_linear=0
shrinkage=0.04


Tree=51
num_leaves=15
num_cat=0
split_feature=11 4 10 3 7 10 5 9 6 10 9 3 10 7
split_gain=107.828 52.6116 40.804 40.5497 34.1541 31.9173 34.6041 30.4323 28.9903 36.0155 28.5268 25.6242 22.2196 23.4149
threshold=1.0000000180025095e-35 82.515625000000014 -0.86928081512451161 59.515625000000007 7.4463486671447763 0.30648292601108557 57.875000000000007 76.625000000000014 1.9309893250465395 0.13918624445796016 77.875000000000014 50.421875000000007 0.053682003635913141 45.009613037109382
decision_type=2 2 2 2 2 2 2 2 2 2 2 2 2 2
left_child=1 2 -1 5 -3 11 -7 -8 -5 10 -10 -4 13 -6
right_child=-2 4 3 8 12 6 7 -9 9 -11 -12 -13 -14 -15
leaf_value=0.011639463338464882 -0.024135837913851283 -0.0072835622543952969 -0.028970303574495301 0.032153296605894055 0.0083789778832689815 -0.022074160293421925 0.0011316786958080107 0.044669430369963736 0.0055073139243832529 0.033489944819189134 -0.019696402215362896 -0.0097993498800292497 -0.008163326310750901 0.021911654562570618
leaf_weight=226.57213496230543 241.62961360812187 185.13162057101727 147.15985085442662 33.792740561068058 843.71329529210925 30.208163229748607 67.130962079390883 22.723545800894499 156.72527866065502 24.63046745210886 103.35611678659916 457.37544206902385 80.700379010289907 275.40047266334295
leaf_count=3040 6858 2337 4288 258 5617 783 1148 269 1211 148 849 5773 451 1260
internal_value=0.000375454 0.00277033 -0.00308918 -0.00644717 0.00810964 -0.0115793 0.00641668 0.01827 0.00522266 0.000125633 -0.00519988 -0.0152444 0.0105653 0.0120355
internal_weight=2896.25 2654.62 1269.67 1043.1 1384.95 724.598 120.063 89.8545 318.505 284.712 260.081 604.535 1199.81 1119.11
internal_count=34290 27432 17767 14727 9665 12261 2200 1417 2466 2208 2060 10061 7328 6877
is_linear=0
shrinkage=0.04


Tree=52
num_leaves=15
num_cat=0
split_feature=6 3 8 9 11 11 9 10 11 11 7 8 7 9
split_gain=103.604 43.7186 29.4158 25.5278 23.2381 28.3595 24.3693 23.6083 19.6977 41.7226 27.5124 19.874 19.3627 22.3407
threshold=0.078253448009490981 60.859375000000007 20.375000000000004 74.625000000000014 -0.9911728799343108 -0.97646176815032948 79.125000000000014 -0.90843567252159108 -0.9911728799343108 -0.95453116297721852 55.064033508300788 19.875000000000004 49.92256164550782 77.625000000000014
decision_type=2 2 2 2 2 2 2 2 2 2 2 2 2 2
left_child=-1 2 8 -3 -5 -6 -7 -8 10 11 -2 12 13 -10
right_child=1 3 -4 4 5 6 7 -9 9 -11 -12 -13 -14 -15
leaf_value=-0.028232363213007129 0.020140692508790827 0.020995920932353349 -0.010948200202854927 -0.012971826924468638 0.029036788846225545 -0.0046306851080245535 -0.008623189653652304 0.019266149992660235 -0.028188682062888239 0.0029543371968178546 -0.016542131210299151 0.012411591248747807 0.005244145803139289 0.014814174087514918
leaf_weight=169.56240587309003 143.50226858630776 219.59655737876892 364.06943024322391 77.631964445114136 69.629264362156391 238.26392622292042 51.137323040515184 181.03505477309227 157.17108634114265 1124.4733250644058 24.824032865464687 23.068091433495283 35.591752894222736 9.3348087221384031
leaf_count=6409 1462 1064 4902 632 385 1699 354 994 1773 13973 152 236 170 85
internal_value=0.000368842 0.00234536 -0.00105451 0.00983377 0.0053315 0.00833179 0.00420809 0.0129266 0.00142991 -0.000257304 0.0135486 -0.0152288 -0.0192173 -0.0244477
internal_weight=2888.89 2719.33 1882.03 837.294 617.698 540.066 470.436 232.172 1517.97 1349.64 168.326 225.166 202.098 166.506
internal_count=34290 27881 22753 5128 4064 3432 3047 1348 17851 16237 1614 2264 2028 1858
is_linear=0
shrinkage=0.04


Tree=53
num_leaves=15
num_cat=0
split_feature=11 3 8 3 10 9 9 10 11 11 10 4 4 10
split_gain=99.3843 47.9875 40.4922 32.0243 29.2328 51.3147 25.0823 28.4257 32.8974 56.3375 46.8378 58.8525 49.1317 21.5628
threshold=1.0000000180025095e-35 55.171875000000007 19.125000000000004 66.984375000000014 -0.99574989080429066 77.125000000000014 78.125000000000014 -0.96635594964027394 -0.9911728799343108 -0.97646176815032948 -0.65903896093368519 90.718750000000014 90.906250000000014 -0.86928081512451161
decision_type=2 2 2 2 2 2 2 2 2 2 2 2 2 2
left_child=1 13 -3 4 5 -4 -6 -8 -9 -10 12 -12 -11 -1
right_child=-2 2 3 -5 6 -7 7 8 9 10 11 -13 -14 -15
leaf_value=0.0045168073479116147 -0.023557452993431604 0.015538320843692164 0.055125425769128052 0.022981247750070793 -0.0067017925484638497 -0.014171460966369214 -0.023048935440898952 -0.015601480939117182 0.045035519990667579 0.032760299731712302 -0.021020005011702782 0.022796014148020939 -0.00521291687054839 -0.008887503373834614
leaf_weight=259.48928119055927 233.95707753486931 522.19803494587541 19.550592668354511 90.354000829160213 575.91390454024076 18.619958892464638 33.427539817988873 65.432445716112852 49.468335025012493 119.10317275300622 140.625951718539 51.932814113795757 81.695046633481979 621.32266768999398
leaf_count=3573 6858 2990 104 404 4895 184 386 624 279 952 1099 263 470 11209
internal_value=0.000356451 0.00262909 0.00640531 0.00239305 0.000420005 0.0280716 -0.00100133 0.00508217 0.00773491 0.0117083 0.00554087 -0.00816987 0.0182381 -0.00492595
internal_weight=2883.09 2649.13 1768.32 1246.12 1155.77 38.1706 1117.6 541.685 508.258 442.825 393.357 192.559 200.798 880.812
internal_count=34290 27432 12650 9660 9256 288 8968 4073 3687 3063 2784 1362 1422 14782
is_linear=0
shrinkage=0.04


Tree=54
num_leaves=15
num_cat=0
split_feature=6 11 9 3 3 4 3 8 10 7 7 5 5 11
split_gain=95.7025 40.1492 38.243 28.1161 21.9031 23.4364 21.6272 20.7074 20.2451 29.7464 18.5648 23.5759 26.0908 19.4878
threshold=0.078253448009490981 1.0000000180025095e-35 73.875000000000014 52.640625000000007 60.265625000000007 87.593750000000014 68.156250000000014 19.125000000000004 -0.98469310998916615 1.0618329048156741 49.92256164550782 72.750000000000014 57.875000000000007 -0.94134241342544545
decision_type=2 2 2 2 2 2 2 2 2 2 2 2 2 2
left_child=-1 2 4 8 7 -6 -5 -2 9 -4 11 12 -10 -14
right_child=1 -3 3 6 5 -7 -8 -9 10 -11 -12 -13 13 -15
leaf_value=-0.027685380857811186 0.0097169654914319968 -0.017552505275725105 0.03887721414665362 0.0023354853090067885 0.0072599555710450327 0.034037297659182709 0.028294646190520436 -0.013985376188573317 -0.019364579489828573 -0.0066864319885310197 0.020088873402230336 -0.018739885022460961 -0.012534495438537224 0.030146157274160163
leaf_weight=162.49841782823205 310.07632067427039 135.33697094768286 15.080450035631655 1526.6611297987401 114.79369504749775 103.58082653582096 33.44296383112669 53.431341223418713 25.840153431519866 53.055329784750938 10.648982696235178 280.98285044357181 11.319121461361645 38.648186013102531
leaf_count=6409 2155 2754 168 13138 519 467 143 435 611 681 62 5833 291 624
internal_value=0.000362311 0.00223264 0.00339862 0.000725709 0.0122372 0.0217513 0.00324305 0.00568535 -0.00803722 0.00993184 -0.01171 -0.013675 0.00509118 0.0196584
internal_weight=2875.4 2712.9 2577.56 1995.68 581.882 218.375 1560.1 363.508 435.575 68.1358 367.439 356.79 75.8075 49.9673
internal_count=34290 27881 25127 21551 3576 986 13281 2590 8270 849 7421 7359 1526 915
is_linear=0
shrinkage=0.04


Tree=55
num_leaves=15
num_cat=0
split_feature=6 11 9 3 3 4 3 10 7 7 10 8 5 9
split_gain=91.0869 37.8331 35.3982 25.8764 20.7667 22.1734 20.5978 19.6785 38.7284 20.0787 25.0142 19.389 17.2259 28.1682
threshold=0.078253448009490981 1.0000000180025095e-35 73.875000000000014 52.640625000000007 60.265625000000007 87.593750000000014 68.156250000000014 -0.86928081512451161 1.0618329048156741 49.92256164550782 0.30648292601108557 19.125000000000004 57.375000000000007 76.375000000000014
decision_type=2 2 2 2 2 2 2 2 2 2 2 2 2 2
left_child=-1 2 4 7 11 -6 -5 8 -4 10 -9 -2 -12 -14
right_child=1 -3 3 6 5 -7 -8 9 -10 -11 12 -13 13 -15
leaf_value=-0.027339800786752119 0.0093210660410613586 -0.017172083239035362 0.032459729585892681 0.0022399247589757871 0.0070119611300165476 0.033074423026447114 0.02755950792516991 -0.023023746785929108 -0.0082081402098334484 0.019741760028292994 -0.018890400143031168 -0.013654156858030864 -0.0083184338563431874 0.036058726469186009
leaf_weight=158.30834042839706 311.14373567327857 133.28682636097074 33.093663942068815 1528.9265299811959 114.80656678974628 102.92800350487232 33.49404339492321 197.59570918232203 109.38105557858944 10.752320945262907 21.439745910465717 53.031711246818304 37.592475431039929 21.89305442944169
leaf_count=6409 2155 2754 570 13138 519 467 143 4536 1619 62 503 435 716 264
internal_value=0.000361682 0.00216876 0.00329404 0.000720461 0.0117965 0.0210783 0.00312417 -0.00773134 0.00407096 -0.0134316 -0.0159491 0.00543873 0.00246437 0.0129776
internal_weight=2867.67 2709.37 2576.08 1994.17 581.91 217.735 1562.42 431.748 142.475 289.273 278.521 364.175 80.9253 59.4855
internal_count=34290 27881 25127 21551 3576 986 13281 8270 2189 6081 6019 2590 1483 980
is_linear=0
shrinkage=0.04


Tree=56
num_leaves=15
num_cat=0
split_feature=6 11 9 3 3 4 3 10 7 11 8 7 5 4
split_gain=86.6823 35.6461 32.7729 23.8198 19.6903 20.9878 19.6211 18.7366 26.8207 18.42 22.8089 17.2263 21.7298 24.0672
threshold=0.078253448009490981 1.0000000180025095e-35 73.875000000000014 52.640625000000007 60.265625000000007 87.593750000000014 68.156250000000014 -0.98469310998916615 1.0618329048156741 -0.9911728799343108 19.125000000000004 49.92256164550782 72.750000000000014 40.195312500000007
decision_type=2 2 2 2 2 2 2 2 2 2 2 2 2 2
left_child=-1 2 4 7 9 -6 -5 8 -4 -2 -11 12 13 -9
right_child=1 -3 3 6 5 -7 -8 11 -10 10 -12 -13 -14 -15
leaf_value=-0.026992567803804622 0.025765201825735579 -0.016796222531754054 0.036714289882292708 0.0021484062735712232 0.006772561406044676 0.032145973537863297 0.026849296776707169 -0.019680088780247438 -0.0063105787544434867 0.0060995802545073755 -0.019551051021253679 0.01940057718984629 -0.017984000417650019 0.018200548617327412
leaf_weight=154.27043750137091 39.084126219153404 131.30682520009577 15.941789761185644 1531.1006145142019 114.81696207821369 102.25611607730389 33.533017456531525 23.225539859384298 52.427180297672749 277.46007942967117 48.262837395071983 10.853422820568083 272.87122408859432 52.761413088068366
leaf_count=6409 234 2754 168 13138 519 467 143 603 681 1956 400 62 5833 923
internal_value=0.000360126 0.00210618 0.00319226 0.000714176 0.011373 0.0204287 0.00300998 -0.0074368 0.00976044 0.00520283 0.00138773 -0.0110473 -0.0129952 0.00493416
internal_weight=2860.17 2705.9 2574.59 1992.71 581.88 217.073 1564.63 428.081 68.369 364.807 325.723 359.712 348.858 75.987
internal_count=34290 27881 25127 21551 3576 986 13281 8270 849 2590 2356 7421 7359 1526
is_linear=0
shrinkage=0.04


Tree=57
num_leaves=15
num_cat=0
split_feature=6 11 9 9 10 10 8 11 11 11 10 6 10 3
split_gain=82.5145 33.6034 30.4833 22.842 70.3546 60.5166 43.8087 42.3141 34.0879 32.7804 70.6005 29.2051 38.3498 25.1649
threshold=0.078253448009490981 1.0000000180025095e-35 73.875000000000014 77.375000000000014 -0.98469310998916615 -0.96635594964027394 18.125000000000004 -0.9911728799343108 -0.97646176815032948 -0.99624565243720997 1.0000000180025095e-35 1.5857890248298647 -0.72110775113105763 66.984375000000014
decision_type=2 2 2 2 2 2 2 2 2 2 2 2 2 2
left_child=-1 2 -2 4 6 -5 -4 -7 -9 10 -6 12 -10 -13
right_child=1 -3 3 5 9 7 -8 8 11 -11 -12 13 -14 -15
leaf_value=-0.026643806073990958 0.010991091457849194 -0.016425017594534359 -0.012444183237238723 -0.024087717686994137 0.034222514304113875 -0.014024310336183777 0.034383400944501909 0.033762733792650858 0.052168785931115194 -0.0096310130425836145 -0.022492638265171498 0.0018598343792491751 -0.00099366417296358335 0.027926578062973599
leaf_weight=150.37916226126254 581.61144932359457 129.3945733755827 32.222844310104847 80.972518589347601 66.229521401226521 96.980611450970173 96.491369042545557 83.171314546838403 31.521830964833498 855.36688919179142 41.580826476216316 523.11606150865555 36.255034008994699 47.37593474984169
leaf_count=6409 3576 2754 336 1019 642 908 940 558 318 11527 473 3974 654 202
internal_value=0.000363393 0.00205101 0.00309972 0.000708452 -0.00315615 0.00536679 0.0225634 0.00878603 0.0121479 -0.00698225 0.0122516 0.00839113 0.0299844 0.00489708
internal_weight=2852.67 2702.29 2572.9 1991.28 1091.89 899.393 128.714 818.421 721.44 963.177 107.81 638.269 67.7769 570.492
internal_count=34290 27881 25127 21551 13918 7633 1276 6614 5706 12642 1115 5148 972 4176
is_linear=0
shrinkage=0.04


Tree=58
num_leaves=15
num_cat=0
split_feature=6 11 9 3 10 10 9 8 9 4 10 6 10 5
split_gain=78.5343 31.6723 27.867 21.3909 19.4367 65.3556 44.8481 52.1758 44.5711 31.8009 31.0083 34.0247 25.8645 28.1967
threshold=0.078253448009490981 1.0000000180025095e-35 73.875000000000014 68.156250000000014 -0.86928081512451161 -0.90843567252159108 76.875000000000014 18.125000000000004 77.125000000000014 94.156250000000014 -0.98469310998916615 5.1183388233184823 -0.44560900330543513 78.750000000000014
decision_type=2 2 2 2 2 2 2 2 2 2 2 2 2 2
left_child=-1 2 -2 4 5 6 7 -4 -7 12 -9 -12 13 -6
right_child=1 -3 3 -5 9 8 -8 10 -10 -11 11 -13 -14 -15
leaf_value=-0.026293651984474323 0.010543222768840186 -0.016058558083836421 -0.015130601602214654 0.025670153393241885 0.02191002577692255 -0.00074950767829804507 -0.012669634633053184 0.037506002191089058 0.054793429579688982 0.016379153967003193 -0.01645673784828957 0.023794548514439073 -2.3922522127676573e-05 -0.014054401071255745
leaf_weight=146.62914193794131 582.88810111954808 127.54775005578995 70.164363067597151 33.504701539874077 20.088966248556972 34.735716711729765 217.5211839042604 82.081155613064766 46.072385430335999 111.27915091440082 46.703979417681694 48.635082636028528 834.457838781178 443.21662752516568
leaf_count=6409 3576 2754 853 143 424 522 2105 778 380 563 766 370 8930 5717
internal_value=0.000365347 0.00199647 0.00300909 0.000717574 3.43024e-05 0.00630807 -1.95436e-05 0.0112108 0.0355062 -0.00245065 0.0221055 0.00464206 -0.00428933 -0.0116528
internal_weight=2845.53 2698.9 2571.35 1988.46 1954.96 545.914 465.106 247.585 80.8081 1409.04 177.42 95.3391 1297.76 463.306
internal_count=34290 27881 25127 21551 21408 5774 4872 2767 902 15634 1914 1136 15071 6141
is_linear=0
shrinkage=0.04


Tree=59
num_leaves=15
num_cat=0
split_feature=6 3 8 11 2 11 11 11 7 8 7 9 11 9
split_gain=74.7742 30.4595 26.932 18.9598 18.3344 17.0093 15.6936 41.2283 25.5642 19.4182 16.9225 21.2881 16.5639 17.7676
threshold=0.078253448009490981 60.859375000000007 20.375000000000004 -0.92554321885108937 0.81250000000000011 -0.9911728799343108 -0.9911728799343108 -0.95453116297721852 55.064033508300788 19.875000000000004 49.92256164550782 77.625000000000014 -0.9985557198524474 77.125000000000014
decision_type=2 2 2 2 2 2 2 2 2 2 2 2 2 2
left_child=-1 2 6 -4 5 -3 8 9 12 10 11 -8 -2 -14
right_child=1 4 3 -5 -6 -7 7 -9 -10 -11 -12 -13 13 -15
leaf_value=-0.025942245757038466 -0.0019399369941395022 -0.0083151043398172007 0.0039689537369150254 -0.015789788414843242 0.022778130159959605 0.0081000918821226217 -0.027800303191287689 0.0031398782371097854 -0.016661680685263639 0.012191004497809273 0.0040996482351726591 0.014171149220753109 0.032735670859768827 -0.0048182219487226509
leaf_weight=143.01518614217639 43.088947856798768 102.78366435319185 97.999527830630541 260.11393505521119 101.13544945418835 630.9554628059268 153.03702370636165 1111.3757730051875 24.697996862232685 23.184657528996468 35.553086705505848 9.5684593729674798 83.277415016666055 19.233859371393919
leaf_count=6409 461 760 1216 3686 464 3904 1773 13973 152 236 170 85 822 179
internal_value=0.000373314 0.00195003 -0.000911573 -0.0104588 0.0082013 0.005641 0.00147064 -6.27389e-05 0.012216 -0.0150709 -0.0190857 -0.0240489 0.0185352 0.0260533
internal_weight=2839.02 2696.01 1861.13 358.113 834.875 733.739 1503.02 1332.72 170.298 221.343 198.159 162.605 145.6 102.511
internal_count=34290 27881 22753 4902 5128 4664 17851 16237 1614 2264 2028 1858 1462 1001
is_linear=0
shrinkage=0.04


Tree=60
num_leaves=15
num_cat=0
split_feature=3 4 10 10 9 9 10 10 11 10 10 10 11 11
split_gain=71.2608 28.8513 46.8106 23.5146 38.7941 27.291 36.7294 87.1009 64.9327 47.3542 34.1926 67.2989 31.7243 29.7089
threshold=45.890625000000007 87.781250000000014 -0.94087398052215565 -0.991642266511917 77.625000000000014 77.125000000000014 -0.72110775113105763 -0.77784499526023854 -0.90888795256614674 0.13918624445796016 -0.8288312256336211 -0.90843567252159108 -0.9911728799343108 -0.9985557198524474
decision_type=2 2 2 2 2 2 2 2 2 2 2 2 2 2
left_child=-1 3 -3 4 -2 12 7 10 9 -8 11 -7 13 -5
right_child=1 2 -4 5 -6 6 8 -9 -10 -11 -12 -13 -14 -15
leaf_value=-0.019609874598798583 0.021419309541568676 -0.0078654863596458631 0.013482276894604656 -0.012990920838437706 -0.019630079999721967 -0.011356097691267551 -0.0017322463943412407 0.072795050780580073 -0.027345867679532298 0.032115234019911156 -0.022714691624070832 0.041399376693490558 -0.0096177022955892862 0.018548977165428329
leaf_weight=240.18258461542428 139.28639288246632 203.53162593580782 645.05799121409655 55.076891448348761 30.884744280949235 66.953875875100493 255.4708676058799 18.55368160828948 99.767933413386345 68.379424666985869 34.268461991101503 54.301428811624646 801.53886584565043 121.67207961529493
leaf_count=9010 1393 1788 3702 655 476 971 2199 123 1251 786 370 478 9883 1205
internal_value=0.000356829 0.00234091 0.00829887 -0.000615712 0.0126882 -0.00219324 0.00444942 0.0188708 -0.00206037 0.00686677 0.00487618 0.0147858 -0.00625948 0.0083993
internal_weight=2834.93 2594.74 848.59 1746.15 170.171 1575.98 597.696 174.077 423.618 323.85 155.524 121.255 978.288 176.749
internal_count=34290 25280 5490 19790 1869 17921 6178 1942 4236 2985 1819 1449 11743 1860
is_linear=0
shrinkage=0.04


Tree=61
num_leaves=15
num_cat=0
split_feature=6 11 9 4 11 3 8 10 9 9 10 11 11 3
split_gain=68.9728 28.7485 25.1494 24.3683 24.8725 21.3227 16.7398 21.751 42.562 35.356 30.0523 32.2885 41.3737 36.4898
threshold=0.078253448009490981 1.0000000180025095e-35 73.625000000000014 87.781250000000014 -0.9911728799343108 55.265625000000007 18.875000000000004 -0.99574989080429066 77.125000000000014 78.125000000000014 -0.96635594964027394 -0.9911728799343108 -0.97646176815032948 64.421875000000014
decision_type=2 2 2 2 2 2 2 2 2 2 2 2 2 2
left_child=-1 2 3 4 -2 -4 -7 8 -8 -9 -11 -12 13 -13
right_child=1 -3 5 -5 -6 6 7 9 -10 10 11 12 -14 -15
leaf_value=-0.02537975497086643 0.025466044366443282 -0.015518675277807609 -0.0045591667689789794 0.022958610877998012 -0.00225447267082728 0.013453625135371294 0.051275303282267252 -0.0067634545822914576 -0.012329345158569765 -0.022489236182105982 -0.013388255145944017 0.056361717005786294 0.0077119267183340017 -0.00089767915579227065
leaf_weight=137.48272393643856 45.59504447132349 124.83652765490115 718.49463333003223 157.50080481544137 233.66019299998879 220.31948499754071 18.26350973546505 535.30038950592279 18.917494595050812 32.549737431108952 70.618422787636518 38.216470770537853 453.7465893663466 24.763644248247147
leaf_count=6409 232 2754 11793 773 1505 1401 90 4761 192 395 623 213 3034 115
internal_value=0.000358324 0.00184983 0.00280758 0.0113272 0.00367103 0.000972538 0.00381032 0.00183595 0.0259202 0.000632849 0.00703158 0.00935427 0.0128454 0.0390575
internal_weight=2830.27 2692.78 2567.95 436.756 279.255 2131.19 1412.7 1192.38 37.181 1155.2 619.895 587.345 516.727 62.9801
internal_count=34290 27881 25127 2510 1737 22617 10824 9423 282 9141 4380 3985 3362 328
is_linear=0
shrinkage=0.04


Tree=62
num_leaves=15
num_cat=0
split_feature=6 2 11 10 10 10 9 10 8 7 3 10 7 3
split_gain=65.6481 27.2727 23.8838 27.5193 37.0048 33.5361 31.9363 38.5525 31.0305 22.9033 19.7879 19.9143 19.3347 20.481
threshold=0.078253448009490981 0.81250000000000011 1.0000000180025095e-35 -0.86928081512451161 -0.77784499526023854 -0.94087398052215565 76.625000000000014 -0.98469310998916615 18.375000000000004 45.009613037109382 47.734375000000007 0.38703845441341406 32.964134216308601 43.921875000000007
decision_type=2 2 2 2 2 2 2 2 2 2 2 2 2 2
left_child=-1 2 3 5 -5 6 7 8 -2 -3 11 -6 13 -9
right_child=1 9 -4 4 10 -7 -8 12 -10 -11 -12 -13 -14 -15
leaf_value=-0.025025700608500054 -0.00056031480705514961 -0.0070271608308959998 -0.015164345308724736 -0.018085976158267104 -0.022142817866713946 0.019681705372775013 -0.011044982312280779 0.019657675541027351 0.035027775201914961 0.024357469440515783 0.0022466596708221368 0.011311441006350009 0.019779270441668353 -0.020980334255450796
leaf_weight=134.20045064948499 60.507100142538548 40.106595233082771 123.14531975239515 162.44645385816693 85.484264623373747 241.96592301130295 174.15097815915942 7.9298561215400687 88.174394480884075 122.98940923810005 1456.8492053002119 24.935382138937712 15.429696336388586 84.515025518834591
leaf_count=6409 555 174 2754 2196 2172 2163 1843 205 772 560 12854 575 72 986
internal_value=0.000363797 0.00180652 0.000719969 0.00165267 -0.00103399 0.00839154 0.00145694 0.0101283 0.0221957 0.0167152 0.000939061 -0.014012 -0.00737403 -0.014618
internal_weight=2822.83 2688.63 2525.53 2402.39 1729.72 672.673 430.707 256.556 148.681 163.096 1567.27 110.42 107.875 92.4449
internal_count=34290 27881 27147 24393 17797 6596 4433 2590 1327 734 15601 2747 1263 1191
is_linear=0
shrinkage=0.04


Tree=63
num_leaves=15
num_cat=0
split_feature=6 2 11 10 10 10 9 8 10 7 3 4 3 10
split_gain=62.3855 25.5075 22.4983 25.7053 34.8033 30.302 30.0272 36.0157 27.5233 21.6231 19.0124 19.7963 15.7065 19.1148
threshold=0.078253448009490981 0.81250000000000011 1.0000000180025095e-35 -0.86928081512451161 -0.77784499526023854 -0.94087398052215565 76.625000000000014 18.375000000000004 -0.98469310998916615 45.009613037109382 66.453125000000014 90.906250000000014 47.734375000000007 0.38703845441341406
decision_type=2 2 2 2 2 2 2 2 2 2 2 2 2 2
left_child=-1 2 3 5 -5 6 7 -2 -9 -3 12 -12 13 -6
right_child=1 9 -4 4 10 -7 -8 8 -10 -11 11 -13 -14 -15
leaf_value=-0.024670950945175411 -0.0072524950246272892 -0.0068318020959387236 -0.014815039787778279 -0.017650562600892299 -0.021778585789505592 0.018741058217791089 -0.010724257154019597 0.03325233903029693 -0.0002076336285904833 0.02366807541143226 -0.0016939030428933114 0.031002478699415883 0.00092144658413143466 0.010996855981573629
leaf_weight=131.03695177845657 106.57433458976448 40.173849537968636 121.51191874593496 160.33237752318382 83.806085458025336 244.88869890011847 172.81061909720302 90.192393336445093 60.784880857914686 122.1095025241375 50.484975181519985 45.553017169237137 1362.6745661757886 25.189665339887142
leaf_count=6409 1083 174 2754 2196 2172 2163 1843 772 735 560 255 194 12405 575
internal_value=0.000350857 0.00174431 0.000695393 0.00159541 -0.00100673 0.00809196 0.00146915 0.00983385 0.0213325 0.0161966 0.000896365 0.0164852 -0.00032832 -0.0136734
internal_weight=2818.12 2687.09 2524.8 2403.29 1728.04 675.251 430.362 257.552 150.977 162.283 1567.71 96.038 1471.67 108.996
internal_count=34290 27881 27147 24393 17797 6596 4433 2590 1507 734 15601 449 15152 2747
is_linear=0
shrinkage=0.04


Tree=64
num_leaves=15
num_cat=0
split_feature=6 4 3 8 10 9 5 3 3 9 10 8 10 11
split_gain=59.2849 24.3314 22.5381 23.4066 22.7631 34.7712 18.4448 15.42 15.218 21.3932 14.4362 14.0388 13.902 25.4745
threshold=0.078253448009490981 94.968750000000014 56.171875000000007 19.125000000000004 -0.99902859330177296 77.125000000000014 85.250000000000014 66.984375000000014 63.609375000000007 74.375000000000014 -0.72110775113105763 20.375000000000004 -0.8288312256336211 -0.24558732658624646
decision_type=2 2 2 2 2 2 2 2 2 2 2 2 2 2
left_child=-1 2 11 -4 5 -5 10 12 9 -3 -6 -2 13 -8
right_child=1 8 3 4 6 -7 7 -9 -10 -11 -12 -13 -14 -15
leaf_value=-0.024315671356804996 -0.0022033833106955541 0.016021920328246456 0.011200423138856542 0.045906805131770798 0.0325078732496418 -0.012134288874779714 0.0094360178802468837 0.01260519842530998 0.027817775271288259 -0.013386059509769134 0.0042760299078174269 -0.0160839393736915 -0.0083738524781224195 -0.016230686308630695
leaf_weight=127.98781692050397 837.68389741331339 81.493823993951082 433.71482756361365 20.795393034815788 18.574871193617582 16.478692464530468 203.78028288856149 70.322102054953575 65.871017847210169 46.261260431259871 150.87715259194374 117.33596709370613 556.03113907203078 65.847475161775947
leaf_count=6409 13225 431 2500 100 147 171 1514 314 303 319 1363 2414 4139 941
internal_value=0.00033904 0.00168533 0.000569814 0.00355287 0.000399005 0.0249702 -0.000904872 -0.00323898 0.0146419 0.00500253 0.0104758 -0.00420372 -0.00485464 0.00247984
internal_weight=2813.06 2685.07 2491.44 1536.42 1102.71 37.2741 1065.43 895.981 193.626 127.755 169.452 955.02 825.659 269.628
internal_count=34290 27881 26828 11189 8689 271 8418 6908 1053 750 1510 15639 6594 2455
is_linear=0
shrinkage=0.04


Tree=65
num_leaves=15
num_cat=0
split_feature=6 11 9 4 11 3 3 3 8 10 9 9 10 6
split_gain=56.4096 23.5699 21.3672 21.5695 23.6056 18.3018 15.214 13.906 16.3733 18.548 33.653 21.1089 23.321 28.1503
threshold=0.078253448009490981 1.0000000180025095e-35 73.625000000000014 87.781250000000014 -0.9911728799343108 55.453125000000007 52.640625000000007 68.156250000000014 18.875000000000004 -0.99574989080429066 77.125000000000014 78.125000000000014 -0.96635594964027394 1.2734189629554751
decision_type=2 2 2 2 2 2 2 2 2 2 2 2 2 2
left_child=-1 2 3 4 -2 -4 -6 8 -7 10 -10 -11 -13 -14
right_child=1 -3 5 -5 6 7 -8 -9 9 11 -12 12 13 -15
leaf_value=-0.023960030017342 0.024415890178609203 -0.0143910971026517 -0.0042316672238172891 0.021344475927889319 0.016200742236265407 0.0123605163442112 -0.0071911764036836669 0.023586634769051519 0.045266380108368247 -0.0061904902865894005 -0.011497382785567698 -0.021595889826912119 0.035220155626325085 0.0039059896187051946
leaf_weight=125.04879064671695 45.678734458982944 119.52592633478343 734.24701936356723 156.44459780305624 36.304249295964837 211.68652264401317 197.09888081252575 33.336897000670433 18.465559810400009 520.53286985680461 18.110375016927719 30.877262435853481 31.222165912389755 528.38829638808966
leaf_count=6409 232 2754 12036 773 493 1325 1012 143 86 4606 189 392 268 3572
internal_value=0.000343707 0.00164587 0.0024996 0.0103632 0.0031917 0.000807808 -0.00256124 0.00348712 0.00265931 0.000688744 0.0230315 -0.000441063 0.004664 0.00680811
internal_weight=2806.97 2681.92 2562.39 435.526 279.082 2126.87 233.403 1392.62 1359.28 1147.6 36.5759 1111.02 590.488 559.61
internal_count=34290 27881 25127 2510 1737 22617 1505 10581 10438 9113 275 8838 4232 3840
is_linear=0
shrinkage=0.04


Tree=66
num_leaves=15
num_cat=0
split_feature=6 3 8 11 9 3 6 9 1 11 11 7 9 10
split_gain=53.7037 22.5652 23.2964 17.2834 16.3425 19.5745 20.9814 14.3704 13.8391 18.9832 38.0073 33.1172 36.8728 17.8071
threshold=0.078253448009490981 60.859375000000007 20.375000000000004 -0.92554321885108937 75.625000000000014 68.156250000000014 1.9309893250465395 77.125000000000014 3.0761718750000004 -0.9911728799343108 -0.94134241342544545 45.009613037109382 77.375000000000014 -0.44560900330543513
decision_type=2 2 2 2 2 2 2 2 2 2 2 2 2 2
left_child=-1 2 8 7 -3 6 -6 -4 9 -2 11 12 -11 -12
right_child=1 4 3 -5 5 -7 -8 -9 -10 10 13 -13 -14 -15
leaf_value=-0.023604193341954037 0.015194527381736376 0.015128629167024189 -0.011051942290194594 -0.015053498965002098 0.028625378535319206 0.02699497078091033 -0.0011921559115176071 0.015035072524476096 -0.011319752368194895 -0.023691775829305737 0.0019318806259189096 0.018719620714241034 0.017445185721904361 0.016298788025585202
leaf_weight=122.21578780002892 145.63564587011933 251.56173812970519 42.068310882896185 252.73070278204978 20.556091226637363 30.266923323273659 530.89147633686662 55.981492878869176 107.12385452911258 198.44346087798476 839.09298329614103 30.465123020112514 26.489639919251204 147.02331234328449
leaf_count=6409 1447 1382 517 3686 144 129 3473 699 634 2328 11103 149 236 1954
internal_value=0.0003558 0.00161598 -0.00086274 -0.00984178 0.00699597 0.00309306 0.000882294 0.00386627 0.00134723 0.00247244 0.000762843 -0.0124169 -0.0178183 0.0043553
internal_weight=2800.55 2678.33 1845.05 350.781 833.276 581.714 551.448 98.0498 1494.27 1387.15 1241.51 255.398 224.933 986.116
internal_count=34290 27881 22753 4902 5128 3746 3617 1216 17851 17217 15770 2713 2564 13057
is_linear=0
shrinkage=0.04


Tree=67
num_leaves=15
num_cat=0
split_feature=11 3 10 5 4 10 5 9 4 8 3 10 3 6
split_gain=52.1545 24.9823 24.5325 32.5553 27.8715 32.5769 29.7941 23.3808 19.9503 17.185 16.6635 15.6839 15.0415 13.7626
threshold=1.0000000180025095e-35 57.390625000000007 -0.86928081512451161 88.250000000000014 85.703125000000014 0.30648292601108557 57.375000000000007 76.625000000000014 66.890625000000014 19.125000000000004 66.984375000000014 -0.99574989080429066 48.890625000000007 1.9765734672546389
decision_type=2 2 2 2 2 2 2 2 2 2 2 2 2 2
left_child=1 2 3 11 5 12 -7 8 -8 -3 13 -1 -4 -11
right_child=-2 9 4 -5 -6 6 7 -9 -10 10 -12 -13 -14 -15
leaf_value=-0.0065398958260299272 -0.019005871344304672 0.012662633442569338 -0.028012509074298947 -0.0017519566280352651 0.0056654889595281598 -0.020647202235434897 -0.011879642030232316 0.041385108565894051 0.024678642934213079 0.014611904069423198 0.017550789050497003 0.029260120368642676 -0.010450324302196286 -0.00054469246660845776
leaf_weight=16.252358227968216 186.37634578719735 363.67824600636959 99.420268094167113 262.78265662491322 215.71940528415143 25.184502862393856 44.026461154222488 22.903802178800106 18.245510954409838 87.141215119510889 89.271420940756798 83.374095443636179 383.20912917144597 898.68775472790003
leaf_count=230 6858 1915 3677 3042 1624 763 884 266 257 796 404 1196 5863 6515
internal_value=0.000359907 0.00187686 -0.00243918 0.00599418 -0.0062719 -0.0106577 0.00786958 0.0186242 0.0022272 0.00537526 0.00272389 0.023303 -0.0150388 0.00105896
internal_weight=2796.27 2609.9 1171.12 362.409 808.709 592.99 110.36 85.1758 62.272 1438.78 1075.1 99.6265 482.629 985.829
internal_count=34290 27432 17802 4468 13334 11710 2170 1407 1141 9630 7715 1426 9540 7311
is_linear=0
shrinkage=0.04


Tree=68
num_leaves=15
num_cat=0
split_feature=3 4 10 11 3 8 11 10 11 5 9 4 9 7
split_gain=49.5335 21.7761 16.0311 20.5401 16.8359 15.3272 19.1103 15.9681 44.4024 30.1512 38.3458 24.6232 24.9147 22.8597
threshold=45.890625000000007 94.968750000000014 -0.94087398052215565 1.0000000180025095e-35 18.777343750000004 19.125000000000004 1.0000000180025095e-35 -0.72110775113105763 -0.90888795256614674 86.750000000000014 77.375000000000014 90.156250000000014 78.125000000000014 20.942473411560062
decision_type=2 2 2 2 2 2 2 2 2 2 2 2 2 2
left_child=2 5 3 -1 -5 -2 7 9 -9 10 -7 -10 -13 -11
right_child=1 -3 -4 4 -6 6 -8 8 11 13 -12 12 -14 -15
leaf_value=0.020548958454355733 0.0047021092829692534 0.014248488261220299 -0.0242048066566651 0.019474078778372407 -0.022328273945852128 -0.0036744218470902406 -0.02297384919811123 0.0014393782057802659 -0.025357931531003075 -0.0056638994255778967 0.04845393515035732 -0.01902329102080795 0.022742021619980041 0.012478592858894529
leaf_weight=23.432593429461122 960.51133378595114 191.57511612027884 142.62681122682989 3.4999707508832207 45.569997997954488 35.678315402939916 45.033229505643249 632.19313860870898 170.59609129652381 308.4741092287004 31.269011810421944 23.093857042491436 29.373410411179066 147.96408469974995
leaf_count=546 9634 1034 5964 215 2285 533 1154 5865 2212 3523 273 117 135 800
internal_value=0.000357381 0.00194734 -0.0172258 -0.00123164 -0.0145711 0.000848608 -0.00178036 -0.000769457 -0.00410315 0.00462859 0.0262182 -0.0186374 0.00418208 0.000494316
internal_weight=2790.89 2575.76 215.129 72.5026 49.07 2384.19 1423.68 1378.64 855.256 523.386 66.9473 223.063 52.4673 456.438
internal_count=34290 25280 9010 3046 2500 24246 14612 13458 8329 5129 806 2464 252 4323
is_linear=0
shrinkage=0.04


Tree=69
num_leaves=15
num_cat=0
split_feature=6 4 3 10 9 10 8 3 6 10 10 8 3 10
split_gain=47.4887 20.0477 17.7199 19.4775 28.437 21.3833 25.1352 24.2736 22.1347 27.7479 27.4 18.8008 24.0563 18.4993
threshold=0.078253448009490981 94.968750000000014 56.171875000000007 -0.99902859330177296 77.125000000000014 -0.94087398052215565 18.875000000000004 61.296875000000007 3.8508340120315556 -0.86928081512451161 -0.44560900330543513 20.625000000000004 59.515625000000007 -0.20267342031002042
decision_type=2 2 2 2 2 2 2 2 2 2 2 2 2 2
left_child=-1 2 -2 4 -4 7 13 -5 -8 -10 -11 12 -12 -7
right_child=1 -3 3 5 -6 6 8 -9 9 10 11 -13 -14 -15
leaf_value=-0.022743319365732033 -0.0037740217175275034 0.013263832841992469 0.039390973413145597 -0.020249370779880826 -0.010036629400111994 0.021741780478204218 0.012056865016668222 0.0068658383854639559 0.016140616150740628 -0.015748501359213227 -0.012636813431848139 -0.010489460369469022 0.011536362277178526 0.0019451310175191716
leaf_weight=115.69926027022302 943.81489870138466 193.74036416783929 32.361778423190117 113.01826400309801 18.519590456038713 169.09194529801607 199.97790064290166 74.455672394484282 94.227472893893719 231.64718739688396 68.794142618775368 145.59940075874329 253.0938897356391 132.87743079662323
leaf_count=6409 15639 1053 154 1445 188 879 1823 495 639 1603 570 1120 1561 712
internal_value=0.000347388 0.00150911 0.000491025 0.00313052 0.0236448 0.00212127 0.0039784 -0.00985675 0.000813415 -0.00224743 -0.00510569 0.000597732 0.00593304 0.0136925
internal_weight=2786.92 2671.22 2477.48 1533.66 50.8814 1482.78 1295.31 187.474 993.34 793.362 699.135 467.487 321.888 301.969
internal_count=34290 27881 26828 11189 342 10847 8907 1940 7316 5493 4854 3251 2131 1591
is_linear=0
shrinkage=0.04


Tree=70
num_leaves=15
num_cat=0
split_feature=11 4 10 9 10 10 11 11 10 5 10 10 9 3
split_gain=45.2802 21.452 26.6298 30.6023 40.1684 54.6815 47.0118 39.6301 30.5834 29.2621 28.9314 46.7357 23.8974 29.8561
threshold=1.0000000180025095e-35 83.890625000000014 -0.98469310998916615 77.125000000000014 -0.72110775113105763 -0.77784499526023854 -0.92554321885108937 -0.95453116297721852 -0.99574989080429066 57.375000000000007 -0.86928081512451161 -0.90843567252159108 73.875000000000014 58.515625000000007
decision_type=2 2 2 2 2 2 2 2 2 2 2 2 2 2
left_child=1 2 8 12 5 10 7 -6 -1 -9 11 -5 -4 -14
right_child=-2 -3 3 4 6 -7 -8 9 -10 -11 -12 -13 13 -15
leaf_value=-0.0018041126205091884 -0.018076606098628604 0.0055203171325098038 0.0037611133125197973 -0.016387436552836226 -0.0020350446174348799 0.063596698236143848 -0.021846853147554999 -0.01258183259609124 0.035626941208963418 0.043122037819875995 -0.016966764057781372 0.042941847963411814 -0.016890472931567004 0.0033874137630835049
leaf_weight=74.493464982137084 178.62603893037885 1232.1888342760503 193.73746190778911 21.733968092128634 185.7549385484308 18.730877868831158 110.0782105140388 9.8560969643294793 42.874189298599958 44.412296421825886 36.909474493935704 32.471484296023846 454.40346434526145 145.99768730998039
leaf_count=760 6858 8413 1447 317 2094 113 1634 230 435 346 524 269 9559 1291
internal_value=0.000340135 0.0017318 -0.00170243 -0.00348358 0.00460117 0.0236195 -0.00231984 0.0076271 0.0150657 0.0323414 0.00543347 0.0211482 -0.0081641 -0.0120093
internal_weight=2782.27 2603.64 1371.45 1254.09 459.947 109.846 350.102 240.023 117.368 54.2684 91.1149 54.2055 794.139 600.401
internal_count=34290 27432 19019 17824 5527 1223 4304 2670 1195 576 1110 586 12297 10850
is_linear=0
shrinkage=0.04


Tree=71
num_leaves=15
num_cat=0
split_feature=6 2 7 11 10 10 10 9 10 8 7 3 6 3
split_gain=43.6217 18.3951 19.9163 14.8566 19.1857 31.7987 24.9976 24.791 33.6758 24.6782 18.2678 21.1139 16.2808 15.096
threshold=0.13272911310195926 0.81250000000000011 45.009613037109382 1.0000000180025095e-35 -0.86928081512451161 -0.77784499526023854 -0.94087398052215565 76.875000000000014 -0.98469310998916615 18.375000000000004 32.964134216308601 43.921875000000007 4.6657965183258066 62.640625000000007
decision_type=2 2 2 2 2 2 2 2 2 2 2 2 2 2
left_child=-1 3 -3 4 6 -6 7 8 9 12 11 -10 -2 -13
right_child=1 2 -4 -5 5 -7 -8 -9 10 -11 -12 13 -14 -15
leaf_value=-0.020296297798120998 0.017917777000433916 -0.007796039603633142 0.021323523262482987 -0.012470474324355567 -0.017132207949912319 0.00089784046213276338 0.016491127779407519 -0.011062875781588504 0.020033812430838092 0.029285945844760356 0.018557885363578049 -0.026417923134326522 -0.014624093255317099 0.011504080366040845
leaf_weight=134.77386483363807 22.043442402034998 39.68981871008873 118.52464561164379 111.02180507965386 153.99449313059449 1542.3423447180539 249.70786286517978 154.83415872231126 7.7517590224742881 100.12207741290331 15.268579877912996 78.735546641051769 39.464718881994486 8.4742099866271001
leaf_count=7068 266 174 560 2692 2147 15152 2137 1664 195 838 72 988 289 48
internal_value=0.00035039 0.00154821 0.0139635 0.000652139 0.00136526 -0.000919502 0.00695701 0.000888958 0.00798759 0.0187281 -0.0082188 -0.0150037 -0.00142676 -0.0212744
internal_weight=2776.75 2641.98 158.214 2483.76 2372.74 1696.34 676.402 426.694 271.86 161.63 110.23 94.9615 61.5082 87.2098
internal_count=34290 27222 734 26488 23796 17299 6497 4360 2696 1393 1303 1231 555 1036
is_linear=0
shrinkage=0.04


Tree=72
num_leaves=15
num_cat=0
split_feature=6 4 3 10 9 8 9 11 10 10 11 11 3 9
split_gain=41.618 17.5558 14.959 18.0618 25.8642 19.156 16.3779 21.943 31.1865 24.1021 27.5914 31.1227 37.0072 18.2076
threshold=0.078253448009490981 94.968750000000014 56.171875000000007 -0.99902859330177296 77.125000000000014 19.125000000000004 78.125000000000014 -0.24558732658624646 -0.59209755063056935 -0.36714491248130793 -0.9911728799343108 -0.97646176815032948 64.421875000000014 79.375000000000014
decision_type=2 2 2 2 2 2 2 2 2 2 2 2 2 2
left_child=-1 2 -2 4 -4 -5 -7 8 -8 -10 -11 12 -12 -13
right_child=1 -3 3 5 -6 6 7 -9 9 10 11 13 -14 -15
leaf_value=-0.021819948465229826 -0.0034881166543366125 0.012392051599046692 0.03734984534836179 0.0089037911612197141 -0.0097464938122425997 -0.0058000117236385301 0.018109844065938609 -0.021494686242316711 -0.018639199221397514 -0.013901464812858238 0.05077681324926217 -0.016619326445392858 -0.00591513701732088 0.012302925121677138
leaf_weight=109.36689052823931 936.2380400095135 194.27828400954604 33.076275497674942 421.28427469357848 18.278775755316019 537.21276441588998 191.07725231349468 30.307549504563212 76.742163464426994 67.437820620834827 34.587303124368191 43.109793402254581 22.090838707983494 57.76866265386343
leaf_count=6409 15639 1053 154 2429 188 4487 1291 541 574 589 190 292 104 350
internal_value=0.000342633 0.0014085 0.000451692 0.0028718 0.0225535 0.0018983 -0.00099838 0.0039646 0.00630756 -0.0018275 0.0049602 0.0136899 0.0329011 -0.000761593
internal_weight=2772.86 2663.49 2469.21 1532.97 51.3551 1481.62 1060.33 523.121 492.814 301.737 224.994 157.557 56.6781 100.878
internal_count=34290 27881 26828 11189 342 10847 8418 3931 3390 2099 1525 936 294 642
is_linear=0
shrinkage=0.04


Tree=73
num_leaves=15
num_cat=0
split_feature=3 4 3 9 10 11 3 10 8 4 10 3 11 10
split_gain=39.6789 16.1468 14.2773 19.8647 13.9708 16.5949 16.4339 15.2292 13.7473 16.3412 13.4852 12.134 19.3694 41.4207
threshold=45.328125000000007 94.968750000000014 63.609375000000007 74.375000000000014 -0.94087398052215565 -0.076191127300262437 18.777343750000004 0.38703845441341406 20.625000000000004 83.171875000000014 -0.28596631437540049 59.078125000000007 -0.16148620098829267 -0.94087398052215565
decision_type=2 2 2 2 2 2 2 2 2 2 2 2 2 2
left_child=4 8 3 10 5 -1 -7 -6 11 -10 -3 12 13 -2
right_child=1 2 -4 -5 7 6 -8 -9 9 -11 -12 -13 -14 -15
leaf_value=0.01971636460136833 -0.028311112897504823 0.023051450169570619 0.024935481152207305 -0.014117456400459829 -0.029629340491794411 0.02001239477621403 -0.021302357324966732 0.0031622879793258684 -0.010803590269653756 0.0029344820463699621 -0.0063864699970871573 0.00649582811266247 0.010194438461369122 2.0219057338083917e-05
leaf_weight=19.502133447676897 71.01454553194344 54.613699693232775 65.467914640903473 46.955346971750259 97.049942455254495 3.2937245871871701 42.225989612750709 23.633869151584804 296.00225384160876 234.39043212682009 26.638762786984444 684.03720743022859 214.1883236374706 889.21165210567415
leaf_count=461 1014 295 303 319 4807 215 2280 819 3846 1848 122 4187 2879 10895
internal_value=0.000334364 0.00166876 0.0122056 0.00321749 -0.0165804 -0.000947505 -0.0131166 -0.023671 0.000720233 -0.00484646 0.0140451 0.00234362 -0.0001431 -0.00260995
internal_weight=2768.23 2582.52 193.676 128.208 185.706 65.0218 45.5197 120.684 2388.84 530.393 81.2525 1858.45 1174.41 960.226
internal_count=34290 25708 1039 736 8582 2956 2495 5626 24669 5694 417 18975 14788 11909
is_linear=0
shrinkage=0.04


Tree=74
num_leaves=15
num_cat=0
split_feature=11 5 9 10 9 3 10 7 4 11 3 9 2 10
split_gain=38.46 18.4587 15.4674 19.2103 30.267 23.665 24.9437 43.8456 17.9645 21.4765 17.7456 17.5832 15.3442 15.9792
threshold=1.0000000180025095e-35 58.875000000000007 73.625000000000014 0.30648292601108557 76.375000000000014 50.515625000000007 -0.86928081512451161 1.0618329048156741 87.781250000000014 -0.9911728799343108 52.640625000000007 74.875000000000014 0.81250000000000011 1.0000000180025095e-35
decision_type=2 2 2 2 2 2 2 2 2 2 2 2 2 2
left_child=1 -1 8 5 -5 6 7 11 9 -3 -11 -4 13 -7
right_child=-2 2 3 4 -6 12 -8 -9 -10 10 -12 -13 -14 -15
leaf_value=-0.020907235640381196 -0.017035888648948849 0.022562458204287931 -0.0065779789628254461 -0.0033085844667653458 0.039800599502593265 0.0020997644613319358 -0.020823789784762344 -0.014023508542229633 0.018860543440458195 0.017078513888431731 -0.0081177011364994191 0.043152276004317952 0.018209508785890047 -0.0091285278996026051
leaf_weight=37.28201618231833 170.47023092675954 45.777488637715578 9.0178213231265527 48.609413420781493 29.984932370483875 1518.8400750737637 147.01260356232524 68.622450418770313 154.5243420265615 36.78101610019803 197.08260595425963 23.643354902043939 63.327399179339409 213.65213527716696
leaf_count=1244 6858 232 196 935 320 13579 4563 1116 773 501 1014 444 285 2230
internal_value=0.000319861 0.00158197 0.00206961 0.000629988 0.0178756 -0.000199867 -0.0112868 0.00370729 0.00877048 0.00230818 -0.00312166 0.0321381 0.00144048 0.000626708
internal_weight=2764.63 2594.16 2556.88 2122.71 78.5943 2044.12 248.296 101.284 434.165 279.641 233.864 32.6612 1795.82 1732.49
internal_count=34290 27432 26188 23668 1255 22413 6319 1756 2520 1747 1515 640 16094 15809
is_linear=0
shrinkage=0.04


Tree=75
num_leaves=15
num_cat=0
split_feature=6 2 7 10 11 10 10 10 9 8 10 9 11 11
split_gain=36.7641 15.4121 18.3259 13.0087 12.5058 19.1592 28.4874 23.0389 25.0823 31.6282 21.9549 15.0403 31.4279 33.8084
threshold=0.046952068805694587 0.81250000000000011 45.009613037109382 0.13918624445796016 1.0000000180025095e-35 -0.86928081512451161 -0.77784499526023854 -0.94087398052215565 76.625000000000014 18.375000000000004 -0.96635594964027394 77.375000000000014 -0.9911728799343108 -0.97646176815032948
decision_type=2 2 2 2 2 2 2 2 2 2 2 2 2 2
left_child=-1 4 -3 -4 5 7 -7 8 9 -2 -11 -8 -13 -14
right_child=1 2 3 -5 -6 6 11 -9 -10 10 -12 12 13 -15
leaf_value=-0.021956895590773892 -0.0075112061670453102 -0.0079945998394694347 0.025386166084122364 -0.0046800590643726291 -0.011618963012334184 -0.016544316595834611 -0.0025071085458510172 0.015724014526044883 -0.010422793904322292 0.026386726532140404 -0.0058301050146941135 -0.013625327005323973 0.03022720880085128 0.0042282416613322943
leaf_weight=93.706625105813146 107.63389070704579 39.557353973388672 94.56910714507103 21.851563557982445 110.27140117995441 153.50920903962106 972.04767563194036 254.11302371323109 169.88845035247505 118.52708688005805 36.427239563316107 95.713856536895037 82.329410750418901 409.63092783652246
leaf_count=5950 1102 174 459 101 2809 2235 11004 2178 1856 1146 378 925 551 3422
internal_value=0.00032381 0.00126459 0.0127088 0.0198841 0.0004586 0.00110501 -0.00116816 0.00664969 0.000858491 0.00837832 0.0190124 0.000535477 0.00548497 0.00959003
internal_weight=2759.78 2666.07 155.978 116.421 2510.09 2399.82 1713.23 686.59 432.477 262.588 154.954 1559.72 587.674 491.96
internal_count=34290 28340 734 560 27606 24797 18137 6660 4482 2626 1524 15902 4898 3973
is_linear=0
shrinkage=0.04


Tree=76
num_leaves=15
num_cat=0
split_feature=6 3 4 8 0 10 4 10 4 11 10 11 5 3
split_gain=34.9566 15.068 20.1844 16.1365 20.5044 27.1785 26.332 19.3579 20.6105 18.1248 31.2238 24.762 24.2364 24.2698
threshold=0.046952068805694587 66.015625000000014 91.843750000000014 19.125000000000004 1.9373059272766116 -0.98469310998916615 76.484375000000014 0.38703845441341406 66.078125000000014 -0.97646176815032948 -0.72110775113105763 1.0000000180025095e-35 84.750000000000014 53.859375000000007
decision_type=2 2 2 2 2 2 2 2 2 2 2 2 2 2
left_child=-1 3 -3 4 5 6 -2 8 -7 -5 11 12 13 -11
right_child=1 2 -4 9 -6 7 -8 -9 -10 10 -12 -13 -14 -15
leaf_value=-0.021614051882831383 0.041196698752351026 -0.0011074120822425976 0.024609569596677715 0.0067598183816883128 0.0068426546827089251 0.0048886407554162535 -0.0094225139825730702 0.016515947708045538 -0.023012030360230473 -0.004079129598827144 -0.011689514645137587 -0.021858461726796192 0.0011197625253936902 0.044594815591653562
leaf_weight=91.742568879388273 15.481432169675825 93.223811134696007 78.884288251399994 258.45476552750915 857.2421040572226 49.609789269044995 19.496091313660145 17.880682723596692 137.18262447696179 21.491545121185482 517.36863363813609 45.971168180927634 528.98874098435044 23.076459873467684
leaf_count=5950 225 483 357 2449 6982 1279 360 352 3189 419 5554 1345 5165 181
internal_value=0.000309481 0.00121979 0.0120147 0.000384613 0.00397627 -0.00601421 0.0198184 -0.0118001 -0.0158458 -0.0024551 -0.00463061 0.00144551 0.00398694 0.0271301
internal_weight=2756.09 2664.35 172.108 2492.24 1096.89 239.651 34.9775 204.673 186.792 1395.35 1136.9 619.528 573.557 44.568
internal_count=34290 28340 840 27500 12387 5405 585 4820 4468 15113 12664 7110 5765 600
is_linear=0
shrinkage=0.04


Tree=77
num_leaves=15
num_cat=0
split_feature=6 3 8 11 1 11 11 7 9 8 10 7 10 3
split_gain=33.2848 14.4446 20.7065 15.8932 15.519 16.3674 37.4289 29.2175 34.0126 15.523 14.3845 18.9776 18.3333 26.3692
threshold=0.046952068805694587 60.859375000000007 20.375000000000004 -0.92554321885108937 3.0761718750000004 -0.9911728799343108 -0.94134241342544545 45.009613037109382 77.375000000000014 19.875000000000004 -0.44560900330543513 0.93759298324584972 -0.86928081512451161 48.765625000000007
decision_type=2 2 2 2 2 2 2 2 2 2 2 2 2 2
left_child=-1 2 4 -4 5 -2 7 8 9 -7 12 -12 -8 -14
right_child=1 -3 3 -5 -6 6 10 -9 -10 -11 11 -13 13 -15
leaf_value=-0.021272258138361422 0.014246432790370352 0.0055003538838468789 0.0037354663378578309 -0.014451989621727199 -0.012159922053576371 -0.026748341154981783 0.0071181668804187782 0.017089752283598075 0.01618307020320792 0.0056883121385528099 -0.010009022504694702 0.02126310456263563 -0.024531140387485571 0.0010524928692659729
leaf_weight=89.847962403669953 146.61839123629034 830.9288777243346 98.229324790649116 246.3498801086098 106.56285410001874 174.11112198326737 485.05307825095952 30.266858614981174 27.191848849877715 19.731912307441235 26.846864692866802 121.87790741212666 62.707734422758222 285.43388176336884
leaf_count=5950 1501 5128 1256 3744 634 2149 6307 149 238 219 574 1439 2007 2995
internal_value=0.000311307 0.00119302 -0.000800024 -0.00934679 0.00127908 0.00247586 0.000871428 -0.0123235 -0.017435 -0.0232233 0.00442698 0.0151008 0.0022124 -0.00463802
internal_weight=2751.76 2661.91 1830.98 344.579 1486.4 1379.84 1233.22 251.302 221.035 193.843 981.919 148.725 833.195 348.142
internal_count=34290 28340 23212 5000 18212 17578 16077 2755 2606 2368 13322 2013 11309 5002
is_linear=0
shrinkage=0.04


Tree=78
num_leaves=15
num_cat=0
split_feature=11 5 9 10 9 3 10 7 9 4 11 3 7 2
split_gain=32.2942 17.2373 13.5238 17.9888 28.4287 20.3241 21.9829 41.1476 16.3646 15.9396 19.6861 17.0622 14.1832 13.6952
threshold=1.0000000180025095e-35 58.875000000000007 73.625000000000014 0.30648292601108557 76.625000000000014 50.515625000000007 -0.86928081512451161 1.0618329048156741 74.875000000000014 87.781250000000014 -0.9911728799343108 52.640625000000007 15.270888805389406 0.93750000000000011
decision_type=2 2 2 2 2 2 2 2 2 2 2 2 2 2
left_child=1 -1 9 5 -5 6 7 8 -4 10 -3 -12 -8 -7
right_child=-2 2 3 4 -6 13 12 -9 -10 -11 11 -13 -14 -15
leaf_value=-0.020505033973430793 -0.015964417360257398 0.021462997513209143 -0.0066141043459088016 -0.0024245091460872617 0.03951248596646894 0.00063175435633702076 -0.02529133219339182 -0.013987140064836643 0.040885715382397221 0.017700163824054205 0.016636567507291023 -0.0080139793818871027 0.0040182286781047169 0.021039487976679715
leaf_weight=36.234781747683883 162.76497288700193 45.949953395873308 9.0141424592584354 51.907302756793797 27.624858163297176 1760.5091128088534 113.87697895616293 68.471922717988491 24.712137743830681 153.76024666801095 37.139038942754269 196.76162309199572 26.710103288292885 34.294322311878204
leaf_count=1244 6858 232 196 983 272 15934 4322 1116 444 773 501 1014 241 160
internal_value=0.000292013 0.00142945 0.00189815 0.000549846 0.0171546 -0.000258725 -0.0106533 0.00326286 0.0304541 0.00816679 0.00209757 -0.00309777 -0.0199159 0.00124926
internal_weight=2749.73 2586.97 2550.73 2117.12 79.5322 2037.59 242.785 102.198 33.7263 433.611 279.851 233.901 140.587 1794.8
internal_count=34290 27432 26188 23668 1255 22413 6319 1756 640 2520 1747 1515 4563 16094
is_linear=0
shrinkage=0.04


Tree=79
num_leaves=15
num_cat=0
split_feature=6 4 3 9 10 8 4 3 6 1 11 10 1 1
split_gain=30.6158 13.3921 13.5575 17.4559 12.3279 12.1684 15.5505 11.6814 14.4585 18.4678 19.9073 26.5623 14.0935 13.0887
threshold=0.046952068805694587 94.968750000000014 63.609375000000007 74.375000000000014 -0.28596631437540049 20.625000000000004 83.171875000000014 56.078125000000007 0.67193359136581432 1.8676757812500002 -0.94134241342544545 -0.28596631437540049 3.0281066894531254 2.3002624511718754
decision_type=2 2 2 2 2 2 2 2 2 2 2 2 2 2
left_child=-1 5 3 4 -3 7 -7 13 -9 -10 11 -11 -12 -2
right_child=1 2 -4 -5 -6 6 -8 8 9 10 12 -13 -14 -15
leaf_value=-0.020704031662177352 -0.00015806290236841024 0.020923816761716289 0.023182389716507795 -0.014002465292835236 -0.0068389986900288411 -0.010789792939008294 0.0026327709635471696 0.028336848117612851 -0.00031934345724458517 0.042351732167154425 0.0091694733883350612 0.0089159426808055591 -0.011829058751270317 -0.01707156756571088
leaf_weight=86.809957521036267 779.58668846543878 55.638935428112745 64.886494927108288 46.700645498931408 26.751852825284004 294.83036468271166 234.5164919923991 19.575655974447727 707.16307419352233 37.386493921279907 99.30721690133214 161.78007885068655 69.509981572628021 60.838075894862413
leaf_count=5950 13595 306 303 319 125 3913 1865 164 5222 199 569 913 360 487
internal_value=0.000299315 0.00113463 0.0107339 0.00220634 0.0123343 0.000298761 -0.00496384 0.00177436 0.00446349 0.00351926 0.0105322 0.0184844 0.000186241 -0.00175078
internal_weight=2745.28 2658.47 193.978 129.091 82.3908 2464.49 529.347 1935.15 1094.72 1075.15 367.984 199.167 168.817 840.425
internal_count=34290 28340 1053 750 431 27287 5778 21509 7427 7263 2041 1112 929 14082
is_linear=0
shrinkage=0.04


Tree=80
num_leaves=15
num_cat=0
split_feature=11 5 9 9 10 10 10 6 4 10 10 8 10 11
split_gain=29.5763 16.3168 12.3649 19.6534 52.7932 45.8197 59.3127 36.8068 33.9239 74.8594 40.3856 25.3419 30.1812 24.7065
threshold=1.0000000180025095e-35 57.875000000000007 74.125000000000014 77.375000000000014 -0.98469310998916615 -0.90843567252159108 -0.86928081512451161 1.2035742402076723 91.843750000000014 -0.72110775113105763 0.13918624445796016 20.875000000000004 -0.96635594964027394 -0.99624565243720997
decision_type=2 2 2 2 2 2 2 2 2 2 2 2 2 2
left_child=1 -1 -3 4 -4 11 -7 -8 10 -10 -9 -5 -13 -6
right_child=-2 2 3 5 13 6 7 8 9 -11 -12 12 -14 -15
leaf_value=-0.020881466380302163 -0.015420527630909706 0.0063357697706855941 0.017990093330772776 -0.021447813141330752 0.0095714000708539727 0.044021630258805663 0.029809799037473862 -0.0084496739691297656 -0.024362159603363253 0.033097463195632219 0.023694162426243712 -0.019027707279003374 0.02876353679497886 -0.010064141278854528
leaf_weight=31.751531424000859 159.14578888844699 684.39372376166284 133.25756407342851 127.22546319290996 102.28564582485706 49.891008745878935 64.088436915539205 406.01860089786351 34.628900103271008 103.99724595248699 53.680841889232397 19.693287549540401 27.957971464842558 743.18476580735296
leaf_count=1158 6858 4824 1194 1230 1193 345 985 3280 202 478 420 297 198 11628
internal_value=0.000302605 0.00138278 0.0018203 0.000114453 -0.00375802 0.00437518 0.0088796 0.00502021 0.0014866 0.0174821 -0.00386474 -0.0130005 0.00922627 -0.00752233
internal_weight=2741.2 2582.05 2550.3 1865.91 978.728 887.182 712.305 662.414 598.326 138.626 459.699 174.877 47.6513 845.47
internal_count=34290 27432 26274 21450 14015 7435 5710 5365 4380 680 3700 1725 495 12821
is_linear=0
shrinkage=0.04


Tree=81
num_leaves=15
num_cat=0
split_feature=6 3 8 0 10 4 10 4 11 10 10 7 9 9
split_gain=28.4596 12.2177 14.7889 17.8159 24.6301 24.2318 17.9811 19.9346 14.807 15.6006 22.248 21.1451 26.1138 20.6861
threshold=0.046952068805694587 66.984375000000014 19.125000000000004 1.9373059272766116 -0.98469310998916615 76.484375000000014 0.38703845441341406 66.078125000000014 1.0000000180025095e-35 -0.86928081512451161 -0.20267342031002042 20.942473411560062 76.875000000000014 77.375000000000014
decision_type=2 2 2 2 2 2 2 2 2 2 2 2 2 2
left_child=-1 2 3 4 5 -2 7 -6 9 11 13 -4 -13 -11
right_child=1 -3 8 -5 6 -7 -8 -9 -10 10 -12 12 -14 -15
leaf_value=-0.020198149458718038 0.038969801239657521 0.013320002393170535 -0.0017891161949466115 0.0065739862466814491 0.0051514546361145696 -0.0092986428247112396 0.01592306810497519 -0.022379744997871796 -0.021043050687756189 -0.016707847467482911 0.0036112872311506229 0.033657501197110772 0.0014312837800379231 -0.0020474010858965892
leaf_weight=84.230178129859269 16.327025251463056 104.97266864031553 261.91711811348796 868.36210753768682 49.178892432712018 19.341204505413771 18.224666116759181 132.55174514744431 43.583464039489627 258.9769902927801 374.2875590575859 55.777311816811562 89.761881686747074 358.25566563755274
leaf_count=5950 225 491 3085 7040 1279 360 352 3189 1345 3215 4005 284 497 2973
internal_value=0.000309824 0.00110763 0.000504342 0.00395101 -0.0054737 0.0188588 -0.0111343 -0.0151573 -0.00215134 -0.00127449 -0.00396597 0.00515419 0.0163561 -0.00852992
internal_weight=2735.75 2651.52 2546.55 1103.99 235.624 35.6682 199.955 181.731 1442.56 1398.98 991.52 407.456 145.539 617.233
internal_count=34290 28340 27849 12445 5405 585 4820 4468 15404 14059 10193 3866 781 6188
is_linear=0
shrinkage=0.04


Tree=82
num_leaves=15
num_cat=0
split_feature=6 4 10 9 9 8 4 5 9 9 3 3 1 1
split_gain=27.1173 11.386 12.4222 28.7864 12.8516 9.94744 12.8478 10.7882 16.5353 11.9588 13.9305 10.0119 13.0266 12.6164
threshold=0.13272911310195926 94.968750000000014 -0.72110775113105763 76.625000000000014 77.625000000000014 20.625000000000004 83.171875000000014 85.250000000000014 75.375000000000014 78.125000000000014 62.265625000000007 56.078125000000007 2.3002624511718754 1.8676757812500002
decision_type=2 2 2 2 2 2 2 2 2 2 2 2 2 2
left_child=-1 5 3 -3 -4 11 7 9 -9 10 -7 12 -2 -13
right_child=1 2 4 -5 -6 6 -8 8 -10 -11 -12 13 -14 -15
leaf_value=-0.017197741161984074 5.0934632026048607e-05 0.018953595185856521 0.0041894068790526671 -0.01941166100960454 0.031123352902258313 -0.018671534465325757 0.002470156116701378 0.0073192177811999704 -0.02139241143067843 0.01304439774488751 0.010520596362449886 0.0010780893429998446 -0.016885500928244347 0.010060113671218594
leaf_weight=114.80230428744107 752.41951113380492 39.624589845538139 65.577925078570843 45.95418493449688 42.246714323759079 53.594656877219677 234.40985531546175 29.84170233272016 133.86419454030693 43.798755198717117 24.688303887844086 723.15134459547698 60.414824716746807 367.20651891455054
leaf_count=7068 12671 225 326 310 192 828 1865 388 1692 598 231 5368 487 2041
internal_value=0.000303585 0.00119601 0.0100545 -0.00142244 0.0179609 0.00041253 -0.00438738 -0.00980578 -0.0159316 -0.00050507 -0.0091977 0.00175647 -0.00158315 0.00422974
internal_weight=2731.6 2616.79 193.403 85.5788 107.825 2423.39 520.197 285.788 163.706 122.082 78.283 1903.19 812.834 1090.36
internal_count=34290 27222 1053 535 518 26169 5602 3737 2080 1657 1059 20567 13158 7409
is_linear=0
shrinkage=0.04


Tree=83
num_leaves=15
num_cat=0
split_feature=11 5 9 10 9 10 9 8 5 10 1 4 11 3
split_gain=26.0056 15.5409 10.5967 17.0557 25.5851 19.2724 25.2313 20.2343 15.4736 18.3243 17.7154 14.1805 18.3993 16.3976
threshold=1.0000000180025095e-35 58.875000000000007 73.625000000000014 0.30648292601108557 76.375000000000014 1.0000000180025095e-35 77.125000000000014 16.875000000000004 78.750000000000014 -0.72110775113105763 1.1775970458984377 87.781250000000014 -0.9911728799343108 52.640625000000007
decision_type=2 2 2 2 2 2 2 2 2 2 2 2 2 2
left_child=1 -1 11 5 -5 8 7 -7 9 -4 -10 12 -3 -14
right_child=-2 2 3 4 -6 6 -8 -9 10 -11 -12 -13 13 -15
leaf_value=-0.019842927644137216 -0.014668045477596656 0.020334925780749798 0.035295453452297225 -0.0031264324614983081 0.036189538766602372 0.0078054443000418229 0.004389539774617866 -0.025609121915577099 -0.0031431608072250866 -0.00087657534140399935 0.0049969135452760591 0.016314275489254008 0.015871364105860822 -0.0082122732791906679
leaf_weight=34.611246732994914 154.26111439149827 46.037555143237114 25.457189137116075 48.130048213526607 31.95071467012167 26.333981233648956 108.33705586381257 125.63108794856817 957.33867161348462 42.335780653171241 740.91496083699167 152.70364164561033 37.775642551481724 196.36015475168824
leaf_count=1244 6858 232 475 935 320 204 1151 2374 12799 680 4730 773 501 1014
internal_value=0.000292383 0.00129518 0.00173611 0.000537364 0.0166572 -0.000256263 -0.0100052 -0.0195844 0.00127661 0.0176528 0.000425021 0.00728801 0.0016092 -0.00338335
internal_weight=2728.18 2573.92 2539.31 2106.43 80.0808 2026.35 260.302 151.965 1766.05 67.793 1698.25 432.877 280.173 234.136
internal_count=34290 27432 26188 23668 1255 22413 3729 2578 18684 1155 17529 2520 1747 1515
is_linear=0
shrinkage=0.04


Tree=84
num_leaves=15
num_cat=0
split_feature=6 3 8 1 11 11 11 7 9 8 10 7 10 3
split_gain=25.1031 10.8527 17.6638 14.7787 14.4797 14.0511 34.7794 26.8457 31.6173 15.2241 12.4974 17.4251 16.2049 24.1724
threshold=0.046952068805694587 60.859375000000007 20.375000000000004 3.0761718750000004 -0.92554321885108937 -0.9911728799343108 -0.94134241342544545 45.009613037109382 77.375000000000014 19.875000000000004 -0.44560900330543513 0.93759298324584972 -0.86928081512451161 48.765625000000007
decision_type=2 2 2 2 2 2 2 2 2 2 2 2 2 2
left_child=-1 2 3 5 -4 -2 7 8 9 -7 12 -12 -8 -14
right_child=1 -3 4 -5 -6 6 10 -9 -10 -11 11 -13 13 -15
leaf_value=-0.019356560708413417 0.013238766586419665 0.0047753938349429995 0.0037473426410852681 -0.011965806480387356 -0.013664268952901664 -0.026202295405405352 0.0068056054751832852 0.01627452681494607 0.015273679329802364 0.0058784778822997567 -0.0098780223402789753 0.020038576059947535 -0.023801564376313884 0.0010878258271436751
leaf_weight=80.220696195028722 147.8544300859794 827.3539796192199 98.011584179475904 105.36570646427572 239.5820084027946 169.76760303135961 484.84563559759408 30.164616376161575 27.728528968989849 19.593853466212749 26.608948661014438 123.48781655170023 59.446734497323632 284.22161117196083
leaf_count=5950 1501 5128 1256 634 3744 2149 6307 149 238 219 574 1439 2007 2995
internal_value=0.000298911 0.0010361 -0.000700304 0.0012131 -0.00868239 0.00238114 0.000880072 -0.0119519 -0.016916 -0.0226383 0.00429662 0.0141971 0.00221065 -0.00428967
internal_weight=2724.25 2644.03 1816.68 1479.09 337.594 1373.72 1225.87 247.255 217.09 189.361 978.611 150.097 828.514 343.668
internal_count=34290 28340 23212 18212 5000 17578 16077 2755 2606 2368 13322 2013 11309 5002
is_linear=0
shrinkage=0.04


Tree=85
num_leaves=15
num_cat=0
split_feature=11 5 7 9 8 10 9 10 9 8 6 10 10 9
split_gain=24.0598 14.9415 9.7626 9.74714 17.1493 14.3447 26.2546 15.4014 27.9538 15.5562 26.0107 18.0517 23.8624 14.1267
threshold=1.0000000180025095e-35 58.875000000000007 19.166421890258793 74.125000000000014 17.625000000000004 0.30648292601108557 76.125000000000014 1.0000000180025095e-35 77.125000000000014 19.125000000000004 22.053632736206058 -0.11788205802440642 -0.28596631437540049 79.875000000000014
decision_type=2 2 2 2 2 2 2 2 2 2 2 2 2 2
left_child=1 -1 -2 -3 -5 7 -7 9 -9 10 11 12 -6 -8
right_child=2 3 -4 4 5 6 13 8 -10 -11 -12 -13 -14 -15
leaf_value=-0.019600193621530398 -0.019047153341063997 0.0056770577264946744 0.0031977910827356514 -0.013166915081636883 0.013828729160798275 -0.010546794920500939 0.042855680056494601 -0.024079318782511849 0.0040520639687910047 -0.00036032444104680463 -0.015336589244572043 0.037272138840392051 -0.015218888888711661 -0.0037177970586675935
leaf_weight=34.029677307233214 117.27008430846035 683.73805497959256 34.274471407756209 123.15053281653672 221.15921976789832 23.093075284734368 26.112576503306627 87.438542054966092 109.01415257249027 1147.0143079254776 41.826706975698471 26.458693189546466 38.29465526342392 9.6077644545584899
leaf_count=1244 6333 4824 525 2000 3409 537 299 1858 1151 11124 213 236 462 75
internal_value=0.000280134 0.00123867 -0.0142298 0.00166932 0.000145816 0.00123312 0.0179109 0.000441326 -0.00953683 0.00188034 0.00929187 0.0136619 0.00875903 0.0334906
internal_weight=2722.48 2570.94 151.545 2536.91 1853.17 1730.02 58.8134 1671.21 196.453 1474.75 327.739 285.913 259.454 35.7203
internal_count=34290 27432 6858 26188 21364 19364 911 18453 3009 15444 4320 4107 3871 374
is_linear=0
shrinkage=0.04


Tree=86
num_leaves=15
num_cat=0
split_feature=3 8 10 11 10 6 9 6 3 9 0 10 5 9
split_gain=22.934 12.4213 16.9941 25.4781 25.0555 44.3206 28.2146 26.6853 16.1221 16.0338 15.727 14.6096 13.0074 20.7262
threshold=44.796875000000007 19.125000000000004 -0.28596631437540049 -0.9911728799343108 -0.59209755063056935 1.8357977271080019 74.625000000000014 0.60941129922866832 66.984375000000014 74.875000000000014 5.0066113471984872 -0.99574989080429066 85.250000000000014 77.125000000000014
decision_type=2 2 2 2 2 2 2 2 2 2 2 2 2 2
left_child=-1 2 4 -4 7 -6 -7 9 12 -2 -9 -12 13 -3
right_child=1 8 3 -5 5 6 -8 10 -10 -11 11 -13 -14 -15
leaf_value=-0.014011533393187534 -0.0046232077378748175 -0.0049025449093753675 0.0093864047002146789 -0.010457558248300169 -0.018747598946985088 0.012378355759038824 0.047961279390711278 -0.010447075667885686 0.013834675293604895 0.041554621729418408 -0.01205861384148656 0.0086455656154283828 -0.0042665051409737555 0.014552776899510898
leaf_weight=149.0983357001096 11.752192662097512 164.34944212250412 159.69718329049647 225.47960416413844 26.21020360570401 115.22796236351132 50.141611067578197 139.1839852090925 87.428370825946331 21.906599968671799 49.172395501285791 262.46473486535251 1107.7230920419097 151.05232342518866
leaf_count=8164 263 2663 1370 2213 683 661 438 2079 404 452 409 2110 10333 2048
internal_value=0.000263336 0.00119265 0.00446785 -0.0021729 0.00820505 0.0197167 0.027178 0.00305176 -0.00113664 0.0297177 -0.000116951 0.0048485 -0.00223538 0.00472718
internal_weight=2720.89 2571.79 1061.24 385.177 676.06 191.58 165.37 484.48 1510.55 33.6588 450.821 311.637 1423.12 315.402
internal_count=34290 26126 10678 3583 7095 1782 1099 5313 15448 715 4598 2519 15044 4711
is_linear=0
shrinkage=0.04


Tree=87
num_leaves=15
num_cat=0
split_feature=6 4 3 9 10 8 4 4 10 11 11 3 6 1
split_gain=22.3262 10.5526 12.0557 14.7523 10.8869 9.59364 13.2182 10.0848 17.5798 9.0203 9.92034 11.3963 13.5887 15.4286
threshold=0.046952068805694587 94.968750000000014 63.609375000000007 74.375000000000014 -0.28596631437540049 20.625000000000004 83.171875000000014 89.406250000000014 -0.65903896093368519 0.26428173482418066 0.18053535372018817 56.078125000000007 0.67193359136581432 1.8676757812500002
decision_type=2 2 2 2 2 2 2 2 2 2 2 2 2 2
left_child=-1 5 3 4 -3 9 -7 8 -8 10 11 -2 -13 -14
right_child=1 2 -4 -5 -6 6 7 -9 -10 -11 -12 12 13 -15
leaf_value=-0.018597541888713032 -0.0021096045640174527 0.01889436784477231 0.021303740184639076 -0.013439128938279778 -0.0069759368361969123 -0.0099631736159572562 0.019719569532380896 -0.0062256295394701143 -0.0068737872558009309 -0.017609381649660204 0.021783383791360328 0.027111499302081798 -0.00034277008646794885 0.0096355111657189067
leaf_weight=76.832034979015589 806.8556892098859 56.276286214590073 64.025635100901127 45.778115257620811 26.693701826035976 287.74588298797607 76.590557048097253 103.02068849280477 54.051084980368614 18.847241678275168 19.392800309695303 19.981477309018373 698.81603383086622 363.15759395435452
leaf_count=5950 13306 306 303 319 125 3913 785 702 378 484 499 162 5063 1995
internal_value=0.000271568 0.000956101 0.00950079 0.00155605 0.0108329 0.000211828 -0.00449992 0.00248295 0.00926512 0.00151983 0.00188946 0.0014591 0.00411041 0.00318449
internal_weight=2718.06 2641.23 192.774 128.748 82.97 2448.46 521.408 233.662 130.642 1927.05 1908.2 1888.81 1081.96 1061.97
internal_count=34290 28340 1053 750 431 27287 5778 1865 1163 21509 21025 20526 7220 7058
is_linear=0
shrinkage=0.04


Tree=88
num_leaves=15
num_cat=0
split_feature=11 5 7 3 10 9 9 6 3 0 10 9 1 4
split_gain=21.6078 14.1686 8.92209 8.86424 15.4183 21.3438 14.8569 15.5058 18.0157 13.0081 22.0512 20.3104 16.3377 15.8322
threshold=1.0000000180025095e-35 57.875000000000007 19.166421890258793 60.859375000000007 0.30648292601108557 76.625000000000014 75.625000000000014 1.8357977271080019 68.156250000000014 2.3731112480163579 -0.98469310998916615 77.375000000000014 3.0281066894531254 74.453125000000014
decision_type=2 2 2 2 2 2 2 2 2 2 2 2 2 2
left_child=1 -1 -2 4 9 -6 -5 -8 -9 10 13 -12 -11 -3
right_child=2 3 -4 6 5 -7 7 8 -10 12 11 -13 -14 -15
leaf_value=-0.019999722898252321 -0.018376722822195782 0.031794906916150667 0.0029473699717648696 0.012971539772359967 -0.00057290136774329557 0.033385682030057401 0.025245721794430517 -0.0024225254498169597 0.022815690521411424 0.0028551497225218414 -0.015502666348932673 0.0037841626019364995 -0.011875438689817013 -0.0022608147890156652
leaf_weight=29.714700491167605 113.3272157702595 17.921469459310174 34.535453677177429 236.5883577466011 68.981575687415898 31.035361837595701 20.543100401759148 530.57006955519319 29.311129793524742 1041.1978902034461 286.09589966014028 112.81398277450353 116.06049664691091 45.814802506938577
leaf_count=1158 6333 188 525 1304 1181 287 134 3429 129 9258 7479 1660 672 553
internal_value=0.00027087 0.00117143 -0.0136384 0.0015739 -6.82933e-05 0.013772 0.00494997 0.0013571 -0.000359906 -0.00108037 -0.00660069 -0.010128 0.00120118 0.0126219
internal_weight=2714.51 2566.65 147.863 2536.93 1719.92 100.017 817.013 580.424 559.881 1619.9 462.646 398.91 1157.26 63.7363
internal_count=34290 27432 6858 26274 21278 1468 4996 3692 3558 19810 9880 9139 9930 741
is_linear=0
shrinkage=0.04


Tree=89
num_leaves=15
num_cat=0
split_feature=6 11 11 11 9 4 3 5 7 0 10 9 11 10
split_gain=20.4157 9.96487 9.98218 13.4417 11.8595 9.51791 9.34653 9.88432 29.3225 20.8792 26.6314 23.1803 19.5567 17.9515
threshold=0.046952068805694587 0.26428173482418066 0.18053535372018817 1.0000000180025095e-35 76.625000000000014 40.195312500000007 38.640625000000007 78.750000000000014 6.8090558052062997 2.3731112480163579 -0.98469310998916615 79.625000000000014 -0.94134241342544545 -0.20267342031002042
decision_type=2 2 2 2 2 2 2 2 2 2 2 2 2 2
left_child=-1 2 3 5 -4 -2 -7 8 12 10 -9 13 -8 -12
right_child=1 -3 4 -5 -6 6 7 9 -10 -11 11 -13 -14 -15
leaf_value=-0.018008141607890906 -0.0179287509456162 -0.018711193607312968 0.031587526135549313 -0.01534716625106382 -0.0089564011124683221 0.023233889347850166 0.00036690436664583526 0.013928574764376686 -0.015753414306868999 0.0024497832789529099 -0.019409587767374208 0.014931021954782383 0.02875994351980523 0.0027732305376271644
leaf_weight=74.359346620738506 20.268319169990718 20.788826008327305 14.686349064111711 59.106847078539431 6.6438657930120817 11.92015692964196 63.937814370729029 62.186477223411202 38.678857058286667 1903.07623010315 253.97595645207912 31.478750951588154 80.87964869197458 68.342319232411683
leaf_count=5950 650 579 385 1664 181 346 1174 686 485 14201 5228 299 1344 1118
internal_value=0.000278209 0.000925778 0.0012227 0.000904805 0.020736 0.00140096 0.00169702 0.00141104 0.00986602 0.000663397 -0.0072466 -0.0115146 0.0177899 -0.0148189
internal_weight=2710.33 2635.97 2615.18 2593.85 21.3302 2534.74 2514.48 2502.56 183.496 2319.06 415.984 353.797 144.817 322.318
internal_count=34290 28340 27761 27195 566 25531 24881 24535 3003 21532 7331 6645 2518 6346
is_linear=0
shrinkage=0.04


Tree=90
num_leaves=15
num_cat=0
split_feature=6 4 10 9 9 8 4 4 10 3 11 11 10 3
split_gain=19.402 9.6935 11.9137 25.73 12.2668 8.95364 12.2521 9.40284 16.3659 8.30277 8.28174 9.24955 29.8384 29.9259
threshold=0.046952068805694587 94.968750000000014 -0.72110775113105763 76.875000000000014 77.625000000000014 20.625000000000004 83.171875000000014 89.406250000000014 -0.65903896093368519 17.675781250000004 0.26428173482418066 -0.16148620098829267 -0.94087398052215565 43.421875000000007
decision_type=2 2 2 2 2 2 2 2 2 2 2 2 2 2
left_child=9 5 3 -3 -4 10 -7 8 -8 -1 11 12 13 -2
right_child=1 2 4 -5 -6 6 7 -9 -10 -11 -12 -13 -14 -15
leaf_value=0.0080037316584706461 0.02500801424003166 0.016878782536756263 0.0035777255366534065 -0.019400955129545875 0.029737482435227284 -0.0096750703929273235 0.018841258391982304 -0.0061039267266707591 -0.0067558695901649502 -0.02178444323744055 -0.017069931394934391 0.0085455881871841811 0.0022916022283116333 -0.022452138019959714
leaf_weight=7.4284925498068324 8.06789458170533 41.169578373432159 65.31723328307271 44.224557921290398 41.874213993549347 285.36994578782469 77.62213590182364 102.72518946044147 53.936718037351966 65.642275022342801 18.087481727823615 258.02993475832045 1518.9584754779935 120.22544984146953
leaf_count=679 199 232 326 303 192 3913 785 702 378 5271 484 3532 15876 1418
internal_value=0.00026672 0.000893931 0.00908658 -0.0020262 0.0168661 0.000179558 -0.00438015 0.00232304 0.00884024 -0.017687 0.00144389 0.00179515 0.000647918 -0.0164973
internal_weight=2708.68 2635.61 192.586 85.3941 107.191 2443.02 519.654 234.284 131.559 73.0708 1923.37 1905.28 1647.25 128.293
internal_count=34290 28340 1053 535 518 27287 5778 1865 1163 5950 21509 21025 17493 1617
is_linear=0
shrinkage=0.04


Tree=91
num_leaves=15
num_cat=0
split_feature=11 5 9 2 10 9 10 3 10 9 8 10 10 4
split_gain=19.0505 13.1605 8.517 8.33737 15.5136 17.227 15.7279 35.667 21.7507 20.5606 29.223 18.951 16.0731 13.6635
threshold=1.0000000180025095e-35 58.875000000000007 76.875000000000014 0.93750000000000011 0.30648292601108557 76.625000000000014 -0.86928081512451161 48.890625000000007 -0.94087398052215565 76.625000000000014 18.375000000000004 -0.96635594964027394 -0.77784499526023854 66.890625000000014
decision_type=2 2 2 2 2 2 2 2 2 2 2 2 2 2
left_child=1 -1 -2 4 6 13 8 -8 9 10 -3 -12 -9 -6
right_child=2 3 -4 -5 5 -7 7 12 -10 -11 11 -13 -14 -15
leaf_value=-0.018806546816295934 -0.0045907463245955533 -0.0085069699241509394 -0.02453085321249077 0.011743268489073221 -0.011104477782344609 0.032544466839749625 -0.023406376397249878 -0.012913875900114471 0.013808877734682293 -0.010628328140551981 0.023190302818714412 -0.0062832485073943921 0.0010059743187202336 0.017693788421439954
leaf_weight=32.200008964166045 99.684101521968842 111.93286368995905 44.258539319038391 101.12972842156887 42.0520144617185 31.352200113236904 94.887901955284178 126.36397146992385 263.39964179880917 169.28266094997525 122.95213635638356 36.577449794858694 1405.2067278120667 25.946647657081485
leaf_count=1244 4302 1130 2556 504 861 272 3754 1445 2278 1872 1161 383 12232 296
internal_value=0.00025798 0.00109524 -0.0129665 0.00149389 0.000974944 0.0150409 0.000252456 -0.00191047 0.00516325 -0.000378721 0.00630361 0.0164854 -0.000294157 0.00140815
internal_weight=2707.23 2563.28 143.943 2531.08 2429.95 99.3509 2330.6 1626.46 704.145 440.745 271.462 159.53 1531.57 67.9987
internal_count=34290 27432 6858 26188 25684 1429 24255 17431 6824 4546 2674 1544 13677 1157
is_linear=0
shrinkage=0.04


Tree=92
num_leaves=15
num_cat=0
split_feature=11 4 7 3 1 1 10 8 10 10 3 3 10 4
split_gain=18.0843 12.6689 8.36163 8.32025 13.2526 13.5088 18.958 14.1062 18.1083 23.9295 33.9229 26.7135 25.1928 21.7127
threshold=1.0000000180025095e-35 40.195312500000007 19.166421890258793 60.859375000000007 3.1791687011718754 1.8676757812500002 0.30648292601108557 20.375000000000004 -0.98469310998916615 -0.94087398052215565 48.890625000000007 42.890625000000007 -0.86928081512451161 88.156250000000014
decision_type=2 2 2 2 2 2 2 2 2 2 2 2 2 2
left_child=1 -1 -2 4 5 6 7 8 13 11 -11 -10 -12 -3
right_child=2 3 -4 -5 -6 -7 -8 -9 9 10 12 -13 -14 -15
leaf_value=-0.019791703735507486 -0.0174510441986289 0.021142286596628229 0.0031942275220289773 0.0046942086579074664 -0.012484163816235053 0.010319508895378679 0.015063589304843535 -0.0098576589966264845 0.021802276533078705 -0.019232450670248313 0.018745286481472972 -0.025905502433405819 5.4916996290211471e-05 -0.010032051925926225
leaf_weight=25.914325976744294 108.23934038449079 102.28362435474992 34.26878903247416 815.50520610064268 109.4929220713675 188.54864963516593 94.461829469539225 261.57843423355371 6.961710385978221 100.99595758225769 122.27252587489784 86.468126583844423 611.26255833357573 36.605450835078955
leaf_count=1221 6333 990 525 4996 646 1179 1333 4055 168 3564 1029 1206 6682 363
internal_value=0.000240203 0.00105295 -0.0127044 0.00141909 -0.000169007 0.000810562 -0.000575053 -0.00189402 0.00020404 -0.0018943 0.000438319 -0.0191333 0.00358524 0.0126975
internal_weight=2704.86 2562.35 142.508 2536.44 1720.93 1611.44 1422.89 1328.43 1066.85 927.961 834.531 93.4298 733.535 138.889
internal_count=34290 27432 6858 26211 21215 20569 19390 18057 14002 12649 11275 1374 7711 1353
is_linear=0
shrinkage=0.04


Tree=93
num_leaves=15
num_cat=0
split_feature=5 11 9 4 10 9 10 10 5 6 8 3 8 10
split_gain=17.3613 13.8298 10.2818 8.29743 10.5709 22.2381 8.89169 22.3675 16.83 21.7382 20.6941 20.2199 13.2644 12.9138
threshold=58.875000000000007 1.0000000180025095e-35 76.875000000000014 95.406250000000014 -0.72110775113105763 79.625000000000014 -0.86928081512451161 -0.77784499526023854 88.250000000000014 6.3195393085479745 17.875000000000004 45.671875000000007 20.375000000000004 -0.72110775113105763
decision_type=2 2 2 2 2 2 2 2 2 2 2 2 2 2
left_child=-1 3 -3 6 5 -5 8 -8 12 11 -11 -10 -2 -9
right_child=1 2 -4 4 -6 -7 7 13 9 10 -12 -13 -14 -15
leaf_value=-0.021249034055949106 0.021845801933670458 -0.0020507620743588991 -0.023719618922708376 0.013287817799723007 0.01763334509440705 -0.023301179662970153 -0.014765499862053649 0.012922863596318022 0.019320730680985561 -0.011394445598268875 0.011997596608384172 -0.012969622129189054 -0.0080510083625683557 -0.00036090343711533154
leaf_weight=38.964103584177792 104.15706608071923 91.839467557147145 41.275742853991687 45.883906699717045 87.540209781378508 24.663144081830978 145.28856711275876 107.20445349160582 18.421367120929062 59.200042501091957 274.74914625287056 183.19277116470039 18.38795411400497 1461.8000071384013
leaf_count=1995 1283 3687 2420 261 425 171 2281 1049 437 368 1920 2253 264 15476
internal_value=0.00022328 0.000693405 -0.0109904 0.00138939 0.0097202 -0.00182502 0.000757639 -0.000767753 0.00463655 0.00133349 0.0074413 -0.00854189 0.0168596 0.000697958
internal_weight=2702.57 2663.6 133.115 2530.49 158.087 70.5471 2372.4 1714.29 658.108 535.563 333.949 201.614 122.545 1569
internal_count=34290 32295 6107 26188 857 432 25331 18806 6525 4978 2288 2690 1547 16525
is_linear=0
shrinkage=0.04


Tree=94
num_leaves=15
num_cat=0
split_feature=5 11 9 10 10 4 4 10 9 10 10 10 9 9
split_gain=16.6561 13.1359 9.98998 8.26155 14.5167 11.9104 7.70401 9.98532 21.2574 8.25036 21.0368 16.1272 58.2185 31.5424
threshold=58.875000000000007 1.0000000180025095e-35 76.875000000000014 -0.97692421078681935 -0.95498320460319508 75.109375000000014 95.406250000000014 -0.72110775113105763 79.625000000000014 -0.86928081512451161 -0.77784499526023854 -0.90843567252159108 77.125000000000014 76.875000000000014
decision_type=2 2 2 2 2 2 2 2 2 2 2 2 2 2
left_child=-1 6 3 -3 5 -5 9 8 -8 11 -11 13 -13 -2
right_child=1 2 -4 4 -6 -7 7 -9 -10 10 -12 12 -14 -15
leaf_value=-0.020965328088538168 0.0081995430488916096 -0.011761046936749148 -0.023439839848568862 -0.0083015197698286837 -0.0085358826373642515 0.035609242274478974 0.012881369079888006 0.017060008527113774 -0.022947599831045443 -0.014384565107473579 0.00067599948027953309 -0.010106117170105976 0.040600817021444593 -0.011196410925864623
leaf_weight=38.197939151898026 358.91096664965153 45.629170450381935 40.355095571838319 5.1263126581907299 28.083774712868035 12.830306893214582 46.065732635557652 87.53510956466198 24.35583446547389 143.73231385089457 1569.5480667548254 57.864522868767381 54.900183064863086 187.90910474583507
leaf_count=1995 3420 1434 2420 355 1629 269 261 425 171 2281 16525 759 384 1962
internal_value=0.00020709 0.000664832 -0.010765 -0.00198648 0.00832882 0.0253046 0.00134082 0.00937142 -0.00184517 0.000732376 -0.000738879 0.00446326 0.0169782 0.00137444
internal_weight=2701.04 2662.85 132.025 91.6696 46.0404 17.9566 2530.82 157.957 70.4216 2372.87 1713.28 659.585 112.765 546.82
internal_count=34290 32295 6107 3687 2253 624 26188 857 432 25331 18806 6525 1143 5382
is_linear=0
shrinkage=0.04


Tree=95
num_leaves=15
num_cat=0
split_feature=5 11 9 10 10 4 3 2 10 9 7 4 10 3
split_gain=15.9837 12.3944 9.7667 7.94281 13.8407 11.4376 7.60871 7.57838 13.9378 16.1854 13.0465 12.9243 12.8389 32.3325
threshold=58.875000000000007 1.0000000180025095e-35 76.875000000000014 -0.97692421078681935 -0.95498320460319508 75.109375000000014 18.777343750000004 0.93750000000000011 0.30648292601108557 76.625000000000014 61.883068084716804 66.890625000000014 -0.86928081512451161 48.890625000000007
decision_type=2 2 2 2 2 2 2 2 2 2 2 2 2 2
left_child=-1 7 3 -3 5 -5 -6 8 12 11 -9 -10 -2 -14
right_child=1 2 -4 4 6 -7 -8 10 9 -11 -12 -13 13 -15
leaf_value=-0.020684036799440517 0.0045284229777112295 -0.011519470303145946 -0.023161659743230235 -0.0082474875425502664 0.012185450702755988 0.034621341318232447 -0.016628218686050779 -0.0020543599901695761 -0.011149522890097848 0.030795237786758245 0.023681541739267106 0.016746425834334572 -0.022703429504343908 -0.00033450165746325345
leaf_weight=37.455792358145118 709.03949213773012 45.151809917762876 39.464482131414115 5.0853536399081376 5.2504134466871646 13.231037263758479 22.612745635211468 57.188504815101624 42.126662983559072 32.360869873315096 43.059763178229332 26.494688794016838 90.934140516445041 1529.6099482402205
leaf_count=1995 6824 1434 2420 355 493 269 1136 276 861 272 228 296 3754 13677
internal_value=0.000192767 0.000638633 -0.0105115 -0.0018664 0.0082008 0.0246268 -0.00837568 0.00129278 0.000800986 0.0140384 0.0111002 0.000969712 0.000112559 -0.00185117
internal_weight=2699.07 2661.61 130.796 91.3314 46.1795 18.3164 27.8632 2530.81 2430.57 100.982 100.248 68.6214 2329.58 1620.54
internal_count=34290 32295 6107 3687 2253 624 1629 26188 25684 1429 504 1157 24255 17431
is_linear=0
shrinkage=0.04


Tree=96
num_leaves=15
num_cat=0
split_feature=5 11 9 10 10 4 3 1 1 10 9 11 10 9
split_gain=15.351 11.6765 9.57071 7.67084 13.1284 10.9839 7.49168 13.1228 13.253 16.7006 13.2914 12.723 19.3554 42.1968
threshold=58.875000000000007 1.0000000180025095e-35 76.875000000000014 -0.97692421078681935 -0.95498320460319508 75.109375000000014 60.859375000000007 3.0281066894531254 1.8676757812500002 0.30648292601108557 76.625000000000014 -0.9911728799343108 -0.36714491248130793 77.125000000000014
decision_type=2 2 2 2 2 2 2 2 2 2 2 2 2 2
left_child=-1 6 3 -3 5 -5 7 8 9 11 -11 -2 -13 -14
right_child=1 2 -4 4 -6 -7 -8 -9 -10 10 -12 12 13 -15
leaf_value=-0.020405208286511888 0.0081458257048636282 -0.011281998355531127 -0.022885149404532342 -0.0081940656565336247 -0.0081649298102835811 0.033656941226069048 0.004357730200869412 -0.012087167625379841 0.010382081421561162 0.001503031320852372 0.029530825858707567 -0.00061004681423537741 -0.021064161090191574 0.016364965564999751
leaf_weight=36.736816643737257 158.92715860437602 44.688561734743416 38.602812296710908 5.0449742432683733 27.585701708681881 13.630640337243674 816.01390571147203 118.17061606794596 180.54204570874572 63.751011589542031 30.19733289629221 926.30695176217705 190.46776666119695 46.34379992634058
leaf_count=1995 2146 1434 2420 355 1629 269 4996 702 1123 1100 256 12593 2807 465
internal_value=0.000186014 0.000620507 -0.0102492 -0.0017275 0.00812164 0.0239604 0.00125295 -0.000257792 0.000756493 -0.000598294 0.0141138 -0.00183853 -0.00331742 -0.0130353
internal_weight=2697.01 2660.27 129.553 90.9499 46.2613 18.6756 2530.72 1714.71 1596.54 1415.99 93.9483 1322.05 1163.12 236.812
internal_count=34290 32295 6107 3687 2253 624 26188 21192 20490 19367 1356 18011 15865 3272
is_linear=0
shrinkage=0.04


Tree=97
num_leaves=15
num_cat=0
split_feature=6 11 8 0 10 10 9 11 10 9 10 4 7 8
split_gain=14.7697 7.98816 8.04213 13.194 15.9482 40.7348 21.4466 20.3742 15.5582 20.3644 14.6397 18.9214 14.0133 14.0897
threshold=0.13272911310195926 0.26428173482418066 19.125000000000004 1.9373059272766116 -0.28596631437540049 -0.59209755063056935 74.625000000000014 -0.9911728799343108 -0.98469310998916615 75.375000000000014 0.38703845441341406 67.421875000000014 48.517299652099616 17.375000000000004
decision_type=2 2 2 2 2 2 2 2 2 2 2 2 2 2
left_child=-1 2 3 8 5 -5 -7 12 9 -2 11 -10 -6 -14
right_child=1 -3 -4 4 7 6 -8 -9 10 -11 -12 -13 13 -15
leaf_value=-0.013702506597960264 -0.0086722514941883818 -0.017285229713383629 -0.00084163745026359974 0.0024149131940489539 0.016669330326702196 0.011855784927940935 0.043600573138528019 -0.0096436925133963052 0.0058024205889538319 0.035684308260556977 0.014595857951231497 -0.021726274528291196 0.011593755836630542 -0.022105212391346992
leaf_weight=97.425870013423264 21.606746604666114 18.575915739871562 1494.8861540528014 389.25330595672131 99.681395441293716 110.23862754181027 50.427113108336926 181.61316084302962 47.040967339649796 12.194861652329562 17.597765393555164 112.47669198177755 20.174145691096783 22.295307420194149
leaf_count=7068 372 552 15022 3572 690 591 420 1383 1118 161 314 2788 106 133
internal_value=0.000177264 0.000798448 0.00106066 0.00365034 0.00580138 0.00983132 0.025543 -0.0012173 -0.00499065 0.0146469 -0.00984425 -0.0138662 0.00940995 -0.00751051
internal_weight=2695.49 2598.06 2579.49 1084.6 873.683 549.919 160.666 323.764 210.917 33.8016 177.115 159.518 142.151 42.4695
internal_count=34290 27222 26670 11648 6895 4583 1011 2312 4753 533 4220 3906 929 239
is_linear=0
shrinkage=0.04


Tree=98
num_leaves=15
num_cat=0
split_feature=5 11 9 10 10 4 3 9 8 7 3 11 11 9
split_gain=14.6013 10.6687 9.42904 7.6287 12.2499 10.4537 7.3906 7.36027 14.9781 11.3234 11.2576 10.9547 16.0062 14.1877
threshold=58.875000000000007 1.0000000180025095e-35 76.875000000000014 -0.97692421078681935 -0.95498320460319508 75.109375000000014 18.777343750000004 74.125000000000014 17.625000000000004 42.305301666259773 63.609375000000007 -0.9911728799343108 -0.92554321885108937 73.125000000000014
decision_type=2 2 2 2 2 2 2 2 2 2 2 2 2 2
left_child=-1 7 3 -3 5 -5 -6 10 9 -9 11 -2 -13 -14
right_child=1 2 -4 4 6 -7 -8 8 -10 -11 -12 12 13 -15
leaf_value=-0.02005971343013083 0.014602613197453176 -0.011050706956807413 -0.022530481395753584 -0.0080642166151271427 0.012289693260360304 0.032760260095277383 -0.016089067698028418 -0.017702317321109915 0.00089437702821786914 0.0086692110663548101 0.015829532023865077 -0.010333477819879311 -0.011038466497598431 0.0081167377155351161
leaf_weight=35.855481674894691 76.971277307718992 44.235554326325655 37.520768725313246 4.9472055779770043 5.2009079707786467 14.007354049012063 21.786632522940636 100.27407495304942 1729.5158894248307 20.148738883435726 100.97773589193821 148.00284536276013 58.595029879361391 295.67838802747428
leaf_count=1995 477 1434 2420 355 493 269 1136 1876 19364 124 501 1014 395 2437
internal_value=0.000183297 0.000604161 -0.00985458 -0.00144798 0.00834541 0.0234353 -0.00771687 0.00120516 -0.000115696 -0.0126836 0.00469808 0.00229403 -7.91604e-05 0.004528
internal_weight=2693.72 2657.86 127.698 90.1777 45.9421 18.9546 26.9875 2530.16 1849.94 120.423 680.225 579.248 502.276 354.273
internal_count=34290 32295 6107 3687 2253 624 1629 26188 21364 2000 4824 4323 3846 2832
is_linear=0
shrinkage=0.04


Tree=99
num_leaves=15
num_cat=0
split_feature=5 11 9 10 10 4 3 3 10 10 10 8 6 10
split_gain=14.0156 10.0401 9.22695 7.35557 11.6033 10.0408 7.21696 7.1531 8.91172 17.011 16.9879 31.5985 25.521 42.701
threshold=58.875000000000007 1.0000000180025095e-35 76.875000000000014 -0.97692421078681935 -0.95498320460319508 75.109375000000014 18.777343750000004 66.984375000000014 -0.86928081512451161 -0.94087398052215565 -0.44560900330543513 18.375000000000004 1.3088241219520571 -0.72110775113105763
decision_type=2 2 2 2 2 2 2 2 2 2 2 2 2 2
left_child=-1 7 3 -3 5 -5 -6 8 9 -2 11 -10 13 -13
right_child=1 2 -4 4 6 -7 -8 -9 10 -11 -12 12 -14 -15
leaf_value=-0.019786539236526436 -0.00055012559625277398 -0.010821313132245866 -0.022258011178423239 -0.0080128469775242912 0.012157276690159828 0.031842289561631681 -0.015876991083345445 0.010574450086562118 0.0091002573610407984 0.011914607745517565 0.0020859349503133816 0.029230164504307887 -0.015241313736764534 -0.019043681951547077
leaf_weight=35.186216101050377 439.4434759747237 43.799233882687986 36.721929855644703 4.9087577033787992 5.2638254798948791 14.403180428780614 21.468160909600556 102.98931805789471 148.93748569488525 269.48112597782165 1101.8836806984618 43.671254010871053 387.67494577169418 35.928156780079007
leaf_count=1995 4533 1434 2420 355 493 269 1136 491 2077 2283 11037 780 3728 1259
internal_value=0.000168423 0.0005786 -0.00960852 -0.00132694 0.00824657 0.0227892 -0.00751627 0.00115958 0.000676903 0.00438496 -0.000885974 -0.00609873 -0.0111179 0.00799245
internal_weight=2691.76 2656.57 126.565 89.8432 46.0439 19.3119 26.732 2530.01 2427.02 708.925 1718.1 616.212 467.274 79.5994
internal_count=34290 32295 6107 3687 2253 624 1629 26188 25697 6816 18881 7844 5767 2039
is_linear=0
shrinkage=0.04


Tree=100
num_leaves=15
num_cat=0
split_feature=5 11 9 10 10 4 3 2 7 10 9 4 10 9
split_gain=13.462 9.46323 9.02318 7.08669 10.9863 9.6451 7.04677 6.95727 12.8672 12.7208 14.0551 12.3939 11.6745 10.1231
threshold=58.875000000000007 1.0000000180025095e-35 76.875000000000014 -0.97692421078681935 -0.95498320460319508 75.109375000000014 18.777343750000004 0.93750000000000011 61.883068084716804 0.30648292601108557 76.625000000000014 66.890625000000014 0.22366141527891162 73.625000000000014
decision_type=2 2 2 2 2 2 2 2 2 2 2 2 2 2
left_child=-1 7 3 -3 5 -5 -6 9 -9 12 11 -11 13 -2
right_child=1 2 -4 4 6 -7 -8 8 -10 10 -12 -13 -14 -15
leaf_value=-0.019515967756495108 0.0067275929853737593 -0.010595933964832724 -0.021987436687188514 -0.0079620475796555994 0.012025376631000614 0.030947848204780807 -0.015667746345635385 -0.0024113583738780715 0.023140953615908299 -0.01098272320978206 0.028562700592572227 0.016318428710835144 -0.014468153210603046 -0.00060297647733962808
leaf_weight=34.537552525289357 336.81002625450492 43.37569441460073 35.948698015883565 4.8708409341052201 5.326797301881018 14.796640700660644 21.15807684417814 56.882216319441795 42.432871222496033 41.834060367196798 33.694580085575581 26.758183479309082 66.082391762174666 1925.7029059696943
leaf_count=1995 1913 1434 2420 355 493 269 1136 276 228 861 272 296 968 21374
internal_value=0.000159128 0.000558971 -0.00937005 -0.0012139 0.00814133 0.0221556 -0.00732045 0.00112099 0.010555 0.000652574 0.0132277 0.00094719 -7.74662e-06 0.000537679
internal_weight=2690.21 2655.67 125.477 89.5281 46.1524 19.6675 26.4849 2530.2 99.3151 2430.88 102.287 68.5922 2328.6 2262.51
internal_count=34290 32295 6107 3687 2253 624 1629 26188 504 25684 1429 1157 24255 23287
is_linear=0
shrinkage=0.04


Tree=101
num_leaves=15
num_cat=0
split_feature=5 11 9 4 10 9 11 3 1 10 9 10 7 7
split_gain=12.9403 8.9365 8.8183 6.85153 9.65517 19.8049 7.21261 7.04321 19.0795 15.0378 21.5856 11.3417 13.9951 14.8198
threshold=58.875000000000007 1.0000000180025095e-35 76.875000000000014 95.406250000000014 -0.72110775113105763 79.625000000000014 -0.9668370485305785 56.078125000000007 2.1354675292968754 -0.99574989080429066 77.125000000000014 0.30648292601108557 6.8090558052062997 0.93759298324584972
decision_type=2 2 2 2 2 2 2 2 2 2 2 2 2 2
left_child=-1 3 -3 7 5 -5 -6 8 11 10 -9 -2 13 -13
right_child=1 2 -4 4 6 -7 -8 9 -10 -11 -12 12 -14 -15
leaf_value=-0.019248035348120886 -0.0022158759067217445 -0.0011085135455469258 -0.021718818264266648 0.011993058266627872 -0.00057914414874478339 -0.022642911053979517 0.022524529350692366 0.03293960957697678 -0.020521542676161086 0.0012297686844370246 -0.0095676757780747846 -0.0043742880931822107 -0.012967967233705014 0.028898167183116868
leaf_weight=33.90876935608685 691.0255551468581 89.231261112727225 35.200146116316319 46.3302391320467 28.470117695629597 24.083416562527418 58.582576833665371 35.150581926107407 63.827660012990236 1479.7179400809109 18.095817949622869 24.967405981384218 14.067018531262873 45.034727673977613
leaf_count=1995 12717 3687 2420 261 133 171 292 157 441 10528 189 546 179 574
internal_value=0.000156306 0.000546367 -0.00913905 0.0010908 0.0086737 -0.00224164 0.016272 0.000519064 -0.00239243 0.00212269 0.0198256 -0.000420881 0.0119238 0.018696
internal_weight=2687.69 2653.78 124.431 2529.35 157.466 70.4137 87.0527 2371.89 838.922 1532.96 53.2464 775.095 84.0692 70.0021
internal_count=34290 32295 6107 26188 857 432 425 25331 14457 10874 346 14016 1299 1120
is_linear=0
shrinkage=0.04


Tree=102
num_leaves=15
num_cat=0
split_feature=6 3 8 3 11 11 7 9 3 10 4 11 10 5
split_gain=12.469 7.85475 7.27497 12.0095 10.4189 25.2035 27.5903 22.7858 24.098 22.1813 22.5892 21.3291 21.1795 18.9415
threshold=0.046952068805694587 17.675781250000004 19.125000000000004 66.984375000000014 -0.97646176815032948 -0.9911728799343108 6.8090558052062997 78.125000000000014 64.265625000000014 -0.72110775113105763 93.968750000000014 -0.90888795256614674 0.30648292601108557 84.750000000000014
decision_type=2 2 2 2 2 2 2 2 2 2 2 2 2 2
left_child=1 -1 -2 4 5 6 -4 -7 -9 13 11 12 -11 -6
right_child=2 -3 3 -5 9 7 -8 8 -10 10 -12 -13 -14 -15
leaf_value=0.008985326507643606 0.0030534955629949239 -0.019565710614056785 0.014461849365043654 0.011825178388573698 0.020754015029845502 -0.00083110759324532101 -0.016842102375712632 0.043595555125470253 -0.0054242139025938666 -0.0096218766366853083 0.013239903420376191 -0.021998056483077587 0.015572653641418561 -0.0010120876032613986
leaf_weight=6.8878922080621114 1111.0959064718336 56.728646627627313 52.906783116050065 86.261747196316719 51.969313248991966 60.34485683683306 102.09609400480986 40.454657171852887 16.351722568273544 254.68486737366766 46.512337274849415 190.06989957019687 47.386689503677189 562.30589202325791
leaf_count=679 12532 5271 687 404 881 616 858 296 82 2228 221 2618 645 6272
internal_value=0.000144313 -0.0150647 0.000624488 -0.0011778 -0.00211766 0.00468798 -0.00572555 0.0172919 0.031747 -0.0037767 -0.00954814 -0.0121348 -0.00494795 0.00142573
internal_weight=2686.06 63.6165 2622.44 1511.34 1425.08 272.154 155.003 117.151 56.8064 1152.93 538.654 492.141 302.072 614.275
internal_count=34290 5950 28340 15808 15404 2539 1545 994 378 12865 5712 5491 2873 7153
is_linear=0
shrinkage=0.04


Tree=103
num_leaves=15
num_cat=0
split_feature=5 11 9 3 6 4 9 9 10 4 4 8 10 10
split_gain=12.4309 8.71793 8.3646 6.6478 12.4227 15.2221 14.6095 21.392 15.7035 52.258 30.2242 16.7193 13.3952 13.3498
threshold=57.875000000000007 1.0000000180025095e-35 76.875000000000014 60.859375000000007 2.9917761087417607 83.265625000000014 74.625000000000014 77.875000000000014 -0.72110775113105763 91.843750000000014 91.656250000000014 19.625000000000004 -0.77784499526023854 -0.65903896093368519
decision_type=2 2 2 2 2 2 2 2 2 2 2 2 2 2
left_child=-1 3 -3 -2 13 -6 -7 12 10 -10 -9 -11 -8 -5
right_child=1 2 -4 4 5 6 7 8 9 11 -12 -13 -14 -15
leaf_value=-0.019686224612306746 -0.00036163098482455485 -0.0012549019030915715 -0.021441517638254297 0.037870455676953706 -0.0058100143046111294 0.016365918819671404 0.0043268058563479183 0.016963180281193806 -0.0055047298859616537 0.00064362696978001932 -0.019755539605822922 0.038847936869580116 -0.026254073696659767 0.0013714869202216577
leaf_weight=29.614298577420413 1715.795861126855 89.629257305525243 34.444647480733693 14.582872856408356 229.93840333819389 139.00796939432621 28.662853926420212 41.53110434114933 120.29975818842649 23.634902343153954 68.166629746556282 73.66382098197937 41.463533826172352 32.828538335859776
leaf_count=1836 21278 3744 2436 81 1768 697 164 254 676 108 383 337 251 277
internal_value=0.000153959 0.000520977 -0.0090575 0.00105816 0.00398855 0.00247143 0.00610247 0.00190045 0.00632429 0.012182 -0.00538187 0.0312598 -0.0155683 0.0205028
internal_weight=2683.26 2653.65 124.074 2529.58 813.78 766.369 536.431 397.423 327.296 217.598 109.698 97.2987 70.1264 47.4114
internal_count=34290 32454 6180 26274 4996 4638 2870 2173 1758 1121 637 445 415 358
is_linear=0
shrinkage=0.04


Tree=104
num_leaves=15
num_cat=0
split_feature=5 11 9 10 10 7 3 4 3 9 10 10 8 5
split_gain=11.9803 8.31852 8.11556 6.6273 10.6875 7.41796 6.51477 9.38113 7.71047 13.1697 28.2543 21.6242 31.4441 22.8985
threshold=57.875000000000007 1.0000000180025095e-35 76.875000000000014 -0.97692421078681935 -0.9259815216064452 35.17406082153321 38.640625000000007 70.359375000000014 57.390625000000007 77.125000000000014 -0.90843567252159108 -0.98469310998916615 18.875000000000004 89.250000000000014
decision_type=2 2 2 2 2 2 2 2 2 2 2 2 2 2
left_child=-1 6 3 -3 5 -5 7 -2 9 11 -11 13 -13 -8
right_child=1 2 -4 4 -6 -7 8 -9 -10 10 -12 12 -14 -15
leaf_value=-0.019435118005578036 -0.0071601066764447408 -0.010348894120650265 -0.02117706125202079 0.022437362469944596 -0.013706368628133769 -0.008177021249030518 0.028832055286183211 0.029758259004591205 0.0027058727063629679 -0.015842503337139543 0.015997603351070588 -0.00060973694633848744 -0.017515918413123395 -0.0020266790236277356
leaf_weight=29.066579389385879 7.7386639053002027 42.911117048002779 33.7437913576141 30.863058038987219 10.265965947881339 5.487688183784484 42.242951542139053 8.4307209104299528 1424.0713312625885 43.967126470059156 138.95752800349146 520.00806656759232 247.27752454951406 94.515079114586115
leaf_count=1836 484 1434 2436 1203 1049 58 362 224 9630 703 2103 7208 4687 873
internal_value=0.000152342 0.000511095 -0.00887275 -0.00121501 0.00777557 0.0165538 0.00103489 0.0179001 0.000785703 -0.00173341 0.00753748 -0.00373182 -0.00636475 0.00996764
internal_weight=2679.55 2650.48 123.272 89.5278 46.6167 36.3507 2527.21 16.1694 2511.04 1086.97 182.925 904.044 767.286 136.758
internal_count=34290 32454 6180 3744 2310 1261 26274 708 25566 15936 2806 13130 11895 1235
is_linear=0
shrinkage=0.04


Tree=105
num_leaves=15
num_cat=0
split_feature=5 11 9 3 4 3 10 9 8 9 11 11 3 10
split_gain=11.5424 7.75294 7.9245 6.50965 8.83719 7.12801 11.9309 20.1884 14.1322 16.9573 21.7765 38.8391 32.0707 16.8798
threshold=58.875000000000007 1.0000000180025095e-35 76.875000000000014 38.640625000000007 70.359375000000014 55.171875000000007 -0.99574989080429066 77.125000000000014 18.875000000000004 78.125000000000014 -0.9911728799343108 -0.97646176815032948 64.421875000000014 -0.59209755063056935
decision_type=2 2 2 2 2 2 2 2 2 2 2 2 2 2
left_child=-1 3 -3 4 -2 -5 7 -7 -8 -10 -11 12 -12 -13
right_child=1 2 -4 5 -6 6 8 -9 9 10 11 13 -14 -15
leaf_value=-0.018493697238454329 -0.006890037205486782 -0.0010668346447022486 -0.020867731459941363 -0.0024295545963783959 0.029164451250142265 0.029462435118051508 0.007683957326536651 -0.010209447223656834 -0.0051151428015278064 -0.014129411034642722 0.04718877809300942 0.0083840141433690289 -0.0039510036985483769 -0.0061600028449796153
leaf_weight=32.173582787625492 7.5179506195709136 89.104944138787687 32.936817889101803 761.54709970671684 8.6608173698186857 40.001729622483253 412.26400009915233 18.865260295569897 651.29308387823403 73.413973513990641 41.268905602395535 282.21263816952705 24.621051326394081 202.53181696683168
leaf_count=1995 465 3687 2420 12865 224 183 2327 202 5476 678 213 2069 115 1371
internal_value=0.000140171 0.000503751 -0.00859654 0.00100786 0.0178634 0.000758662 0.00216065 0.0173838 0.00143225 -0.000676099 0.00397172 0.00679571 0.0316091 0.00230405
internal_weight=2678.41 2646.24 122.042 2524.2 16.1788 2508.02 1746.47 58.867 1687.61 1275.34 624.048 550.634 65.89 484.744
internal_count=34290 32295 6107 26188 689 25499 12634 385 12249 9922 4446 3768 328 3440
is_linear=0
shrinkage=0.04


Tree=106
num_leaves=15
num_cat=0
split_feature=5 11 8 4 10 9 6 6 1 11 11 1 9 11
split_gain=11.1407 7.68884 6.29448 15.3365 10.1443 12.0558 16.3194 9.86604 11.0811 19.8025 18.9279 10.7838 9.33801 9.32171
threshold=57.875000000000007 0.34607414901256567 20.625000000000004 83.171875000000014 -0.97692421078681935 77.625000000000014 7.29744577407837 61.174804687500007 3.0761718750000004 -0.94134241342544545 -0.9668370485305785 1.8676757812500002 76.625000000000014 -0.94134241342544545
decision_type=2 2 2 2 2 2 2 2 2 2 2 2 2 2
left_child=-1 2 7 -4 12 6 -6 8 11 10 -10 13 -5 -2
right_child=1 -3 3 4 5 -7 -8 -9 9 -11 -12 -13 -14 -15
leaf_value=-0.01894950579254736 -0.0038089650170849121 -0.017899841165205467 -0.0091939289074579583 0.0075917872499760269 0.015265853031112392 0.012383600510496711 -0.017242070662364262 0.015903946978125194 -0.0060870016972701746 -0.018790635938358679 0.027213454304652211 0.0089046407011052417 -0.021410868641710698 0.0028263701013098671
leaf_weight=28.038236399181187 472.43397771846503 15.932366480119525 283.94717583153397 16.103226877748966 20.687662806361914 165.54704566299915 46.707688678056002 56.046371355652809 65.921549998223782 94.457429671660066 21.050354965031147 294.95911881700158 25.088594321161509 1068.2351138321683
leaf_count=1836 5425 1807 4525 134 232 1043 297 295 386 552 111 1875 404 15368
internal_value=0.000143576 0.00048639 0.000731915 -0.0029703 0.00366294 0.00699248 -0.00605349 0.00174741 0.00120177 -0.00772782 0.00555396 0.00215813 -0.0112972 0.00076896
internal_weight=2675.16 2647.12 2631.19 558.081 274.134 232.942 67.3954 2073.1 2017.06 181.429 86.9719 1835.63 41.1918 1540.67
internal_count=34290 32454 30647 6635 2110 1572 529 24012 23717 1049 497 22668 538 20793
is_linear=0
shrinkage=0.04


Tree=107
num_leaves=15
num_cat=0
split_feature=5 11 9 10 10 4 3 3 4 5 7 6 0 10
split_gain=10.7284 7.54354 7.53523 6.3022 10.1827 9.36235 6.96959 6.16248 8.75327 7.13545 24.1723 16.7875 15.8797 22.5667
threshold=57.875000000000007 1.0000000180025095e-35 76.875000000000014 -0.97692421078681935 -0.95498320460319508 75.109375000000014 18.777343750000004 38.640625000000007 70.359375000000014 79.750000000000014 6.8090558052062997 0.11727958917617799 2.3731112480163579 -0.98469310998916615
decision_type=2 2 2 2 2 2 2 2 2 2 2 2 2 2
left_child=-1 7 3 -3 5 -5 -6 8 -2 10 11 -9 13 -11
right_child=1 2 -4 4 6 -7 -8 9 -10 12 -12 -13 -14 -15
leaf_value=-0.018706053411284104 -0.0070166017114370958 -0.010148557390356989 -0.020603917917658265 -0.0081289165326350506 0.011916322985266844 0.029550111968884851 -0.015619835719569862 -0.010747867684371169 0.028547440219958448 0.012065195179470047 -0.014495347025191226 0.018722014667427515 0.0015782004834396046 -0.011200002144360737
leaf_weight=27.537485056556761 7.6251119272783425 42.546247876249254 32.274556304328144 4.997768938541415 5.3796383803710368 15.428535647690294 21.105149281211197 24.0924550043419 8.9031563103198987 64.85151431709528 45.705239824950695 149.34193059429526 1889.6950045097619 334.01954732649028
leaf_count=1836 484 1434 2436 366 501 269 1174 1209 224 692 570 2345 14096 6654
internal_value=0.000130323 0.000465221 -0.0085212 -0.00119376 0.00753371 0.0208704 -0.00730613 0.000962172 0.0172819 0.000718721 0.00729324 0.0139402 3.14533e-05 -0.0070219
internal_weight=2673.5 2645.97 121.732 89.4573 46.9111 20.4263 26.4848 2524.23 16.5283 2507.71 219.14 173.434 2288.57 398.871
internal_count=34290 32454 6180 3744 2310 635 1675 26274 708 25566 4124 3554 21442 7346
is_linear=0
shrinkage=0.04


Tree=108
num_leaves=15
num_cat=0
split_feature=5 11 3 8 5 9 11 10 4 9 10 11 11 3
split_gain=10.3381 7.1144 5.91632 8.02533 14.3922 16.5172 19.1167 17.9048 17.5344 15.1205 12.7455 19.406 29.6929 19.6286
threshold=58.875000000000007 0.34607414901256567 66.984375000000014 19.125000000000004 85.250000000000014 77.125000000000014 -0.9911728799343108 -0.90843567252159108 74.765625000000014 79.875000000000014 -0.8288312256336211 -0.97646176815032948 -0.9911728799343108 63.984375000000007
decision_type=2 2 2 2 2 2 2 2 2 2 2 2 2 2
left_child=-1 2 3 -2 5 8 -7 -8 -5 -9 -6 12 -12 -13
right_child=1 -3 -4 4 10 6 7 9 -10 -11 11 13 -14 -15
leaf_value=-0.017783654694881697 0.0028106602593615184 -0.017416390663809157 0.0093078887614854566 -0.0091876850974087106 0.0012479236529240275 -0.0066187134017489258 -0.011698043773733822 0.03290011625156572 0.017728433963438213 -0.0058111095474829046 -0.011942471528586816 -0.015328936021365976 0.01930809972751682 0.0030819158116578448
leaf_weight=30.64658428914845 1102.4924951978028 15.181242327671496 101.72170169651508 138.64457338582724 457.42199172545224 40.221788546070457 10.581821457017211 82.456709169782698 31.586181367747486 12.741886212490497 75.884718929417431 379.86451329570264 80.285980796441436 112.85344580560923
leaf_count=1995 13207 1768 491 3248 5231 531 758 948 303 128 635 3881 517 649
internal_value=0.000119835 0.00045957 0.000693709 0.000276266 -0.00169966 0.00559493 0.0146036 0.0224425 -0.00285461 0.0276095 -0.00384711 -0.00736868 0.00449128 -0.0111563
internal_weight=2672.59 2641.94 2626.76 2525.04 1422.54 316.233 146.002 105.78 170.231 95.1986 1106.31 648.889 156.171 492.718
internal_count=34290 32295 30527 30036 16829 5916 2365 1834 3551 1076 10913 5682 1152 4530
is_linear=0
shrinkage=0.04


Tree=109
num_leaves=15
num_cat=0
split_feature=5 11 4 3 9 10 8 4 4 10 10 9 7 7
split_gain=9.97351 7.12484 5.90629 10.6528 10.6161 7.92976 7.53896 9.86757 9.15678 15.2447 7.8695 15.9207 11.6297 17.0524
threshold=57.875000000000007 0.34607414901256567 94.968750000000014 64.859375000000014 74.375000000000014 -0.28596631437540049 20.625000000000004 83.171875000000014 89.406250000000014 -0.65903896093368519 -0.20267342031002042 75.375000000000014 12.184846401214601 2.3126006126403813
decision_type=2 2 2 2 2 2 2 2 2 2 2 2 2 2
left_child=-1 2 6 4 5 -4 -2 10 9 -9 11 -8 13 -12
right_child=1 -3 3 -5 -6 -7 7 8 -10 -11 12 -13 -14 -15
leaf_value=-0.018235819669422927 0.001266534106152614 -0.017444940014383955 0.015989553133028432 0.020583176448567452 -0.010250890358613601 -0.0057647573218711622 0.0066149457806044696 0.01796939949128732 -0.0063793850566569114 -0.0067648737926875851 -0.011865182958705785 -0.019864277547611969 -0.0143191380216542 0.02008613089161751
leaf_weight=26.597051672637463 1923.8822796549648 15.229683625511823 57.85958006978035 44.887330563738942 59.115113995969296 28.190272949635983 36.994176571257412 78.082300460897386 102.07551453635097 53.143572339788079 27.583063723519444 130.41932783881202 39.402128357440233 47.041316593065858
leaf_count=1836 23204 1807 311 221 387 134 641 785 702 378 645 2400 369 470
internal_value=0.00011105 0.00043114 0.000665651 0.00710167 0.000945323 0.00911962 0.000110376 -0.0040966 0.00193014 0.00838265 -0.00888909 -0.0139315 -0.000511603 0.00826445
internal_weight=2670.5 2643.91 2628.68 190.052 145.165 86.0499 2438.62 514.741 233.301 131.226 281.44 167.414 114.027 74.6244
internal_count=34290 32454 30647 1053 832 445 29594 6390 1865 1163 4525 3041 1484 1115
is_linear=0
shrinkage=0.04


Tree=110
num_leaves=15
num_cat=0
split_feature=3 10 10 8 8 10 11 9 11 8 7 10 10 3
split_gain=9.6298 17.7416 14.603 10.7547 11.5077 9.24693 7.65306 17.6843 23.9613 24.3853 17.9415 17.2952 14.9245 13.5748
threshold=45.890625000000007 -0.94087398052215565 0.38703845441341406 18.625000000000004 20.625000000000004 -0.99574989080429066 -0.32787269353866572 76.625000000000014 -0.16148620098829267 17.625000000000004 32.964134216308601 -0.86928081512451161 -0.77784499526023854 62.640625000000007
decision_type=2 2 2 2 2 2 2 2 2 2 2 2 2 2
left_child=1 3 -3 -1 5 -5 11 8 10 -10 13 -2 -13 -8
right_child=6 2 -4 4 -6 -7 7 -9 9 -11 -12 12 -14 -15
leaf_value=-0.0082896312990568197 0.01090299856264856 -0.024838592834523623 0.00652348853974057 -0.0058348729544260092 -0.0087770736121705467 0.03622826520499868 -0.025811728480181043 -0.012787375904391243 -0.0114316132501068 0.016601896395815035 0.012485436084090874 -0.011792633622123941 0.0014230791990636014 0.01045253860417719
leaf_weight=26.34110757894814 268.23377364873886 77.018463624175638 22.082036948762834 4.4645408075302901 7.9992160708643487 16.917032425291836 69.570643058046699 184.68558027502149 51.966269140131772 164.21003036759794 21.053780227899551 129.1956350794062 1616.9760199487209 8.8059447333216649
leaf_count=1002 2165 5111 853 293 681 1070 907 2650 617 1778 102 1704 15309 48
internal_value=9.74561e-05 -0.00898334 -0.0179284 0.00745875 0.0192168 0.0288702 0.000723005 -0.00361364 0.00219674 0.00946558 -0.0125454 0.00182498 0.00032281 -0.0204406
internal_weight=2669.52 154.822 99.1005 55.7219 29.3808 21.3816 2514.7 500.292 315.607 216.176 99.4304 2014.41 1746.17 78.3766
internal_count=34290 9010 5964 3046 2044 1363 25280 6102 3452 2395 1057 19178 17013 955
is_linear=0
shrinkage=0.04


Tree=111
num_leaves=15
num_cat=0
split_feature=5 11 9 10 10 4 3 3 4 3 9 10 10 8
split_gain=9.51851 6.78605 7.14078 6.31577 9.20447 8.97467 6.93527 6.04321 8.28193 7.04937 12.0985 25.6695 18.6881 28.1367
threshold=57.875000000000007 1.0000000180025095e-35 76.875000000000014 -0.97692421078681935 -0.95498320460319508 75.109375000000014 18.777343750000004 38.640625000000007 70.359375000000014 57.390625000000007 77.125000000000014 -0.90843567252159108 -0.98469310998916615 18.875000000000004
decision_type=2 2 2 2 2 2 2 2 2 2 2 2 2 2
left_child=-1 7 3 -3 5 -5 -6 8 -2 10 12 -12 -9 -14
right_child=1 2 -4 4 6 -7 -8 9 -10 -11 11 -13 13 -15
leaf_value=-0.017947275233290875 -0.0068461949866041021 -0.010072771059675968 -0.020113386377717295 -0.0081130465620859443 0.012196014441061021 0.028529515287909323 -0.015272484331503895 0.0089272341924683304 0.027791516509762033 0.0024669263857318938 -0.015422016252651083 0.01500799407422268 -0.00076762359393557037 -0.016879054614451518
leaf_weight=26.030351109337062 7.4869556711055365 42.407647767104208 31.070534251630306 4.98606616444886 5.2456089914776411 15.906083030626176 20.558144251815975 139.04619296267629 9.2028688704594952 1420.304341904819 43.100068422034383 141.06883139628917 520.01054795365781 241.75992580037564
leaf_count=1836 484 1434 2436 366 501 269 1174 1235 224 9630 703 2103 7208 4687
internal_value=8.77867e-05 0.000398965 -0.00817324 -0.0010859 0.00764878 0.0200936 -0.00680136 0.000868529 0.0169914 0.000627402 -0.0017817 0.00707351 -0.00370643 -0.00618185
internal_weight=2668.18 2642.15 120.174 89.1036 46.6959 20.8921 25.8038 2521.98 16.6898 2505.29 1084.99 184.169 900.817 761.77
internal_count=34290 32454 6180 3744 2310 635 1675 26274 708 25566 15936 2806 13130 11895
is_linear=0
shrinkage=0.04


Tree=112
num_leaves=15
num_cat=0
split_feature=5 11 5 11 10 10 7 0 10 11 9 10 3 5
split_gain=9.17457 6.53716 5.60488 20.6735 12.3102 13.6821 12.9675 8.54047 11.039 11.7138 19.7327 17.2483 16.7978 15.352
threshold=57.875000000000007 0.34607414901256567 78.750000000000014 -0.94134241342544545 -0.95498320460319508 0.38703845441341406 6.8090558052062997 2.3126006126403813 0.38703845441341406 -0.16148620098829267 79.625000000000014 -0.99574989080429066 37.507812500000007 90.750000000000014
decision_type=2 2 2 2 2 2 2 2 2 2 2 2 2 2
left_child=-1 2 3 -2 -5 6 -6 8 9 10 12 -11 -4 -13
right_child=1 -3 7 4 5 -7 -8 -9 -10 11 -12 13 -14 -15
leaf_value=-0.017714855366803572 -0.0061083912925937924 -0.016930680140790168 0.020808601537135447 -0.011908195995147426 0.030542916893590399 -0.0065669642140521725 -0.0078240813386271195 0.0011655127395695656 0.01745558166149757 -0.015079532123136584 0.014601354460063269 0.026442867962669672 -0.014874631638255961 -0.0068263876440413894
leaf_weight=25.588376601226628 101.01976544642821 14.466661589220164 5.4948689602315417 8.2990149180404824 80.250193893443793 16.538438422605395 8.1487019136548025 1972.3549937494099 14.344288988038896 26.931083884090185 30.772180324420333 41.03815492708236 297.42887094896287 24.256292603909969
leaf_count=1836 2300 1807 185 788 1733 341 117 16026 232 832 303 834 6485 471
internal_value=7.83176e-05 0.000382523 0.000605079 0.0065122 0.0169981 0.0208244 0.0262152 3.12613e-05 -0.00487994 -0.00638132 -0.00975353 0.00538393 -0.0129787 0.015381
internal_weight=2666.93 2641.34 2626.88 214.256 113.236 104.937 88.3989 2412.62 440.266 425.921 333.696 92.2255 302.924 65.2944
internal_count=34290 32454 30647 5279 2979 2191 1850 25368 9342 9110 6973 2137 6670 1305
is_linear=0
shrinkage=0.04


Tree=113
num_leaves=15
num_cat=0
split_feature=5 11 9 10 10 7 3 4 3 6 11 11 10 0
split_gain=8.85871 6.17341 7.05019 6.21885 8.60494 6.94087 5.92278 7.76826 6.63687 13.0478 13.1949 14.2574 14.4433 18.6246
threshold=58.875000000000007 1.0000000180025095e-35 76.875000000000014 -0.97692421078681935 -0.9259815216064452 35.17406082153321 38.640625000000007 70.359375000000014 60.859375000000007 2.9917761087417607 -0.9911728799343108 -0.94134241342544545 -0.52077846229076374 10.255265235900881
decision_type=2 2 2 2 2 2 2 2 2 2 2 2 2 2
left_child=-1 6 3 -3 5 -5 7 -2 -8 -10 -11 -12 -13 -14
right_child=1 2 -4 4 -6 -7 8 -9 9 10 11 12 13 -15
leaf_value=-0.016828835642181669 -0.0066215946085750243 -0.0098280302756547071 -0.019796908367855505 0.02090283547554176 -0.012415358274108184 -0.0082436452550835922 -0.00083503061558843348 0.027042784175449409 0.020452953188364639 -0.0098713243529074766 0.011371023223610516 0.0042692981127372912 0.0064031871329075134 -0.022472262780412249
leaf_weight=28.708683871198446 7.3042082088068154 41.957310023717582 30.318971924483776 32.016352409496903 8.8837165506556612 5.5357597321271887 1692.3779395660385 9.5074030030518752 47.216039083898067 107.84688363969326 246.23993533104658 291.49636145681143 48.099624246358871 68.214093968272209
leaf_count=1995 465 1434 2420 1180 1015 58 20503 224 358 780 1436 1640 407 375
internal_value=7.61032e-05 0.000385434 -0.00783564 -0.000837124 0.0077997 0.0152346 0.000831659 0.0167655 0.000592442 0.00352633 0.00198103 0.00417028 -0.000505937 -0.0113438
internal_weight=2665.72 2637.01 118.712 88.3931 46.4358 37.5521 2518.3 16.8116 2501.49 809.113 761.897 654.05 407.81 116.314
internal_count=34290 32295 6107 3687 2253 1238 26188 689 25499 4996 4638 3858 2422 782
is_linear=0
shrinkage=0.04


Tree=114
num_leaves=15
num_cat=0
split_feature=5 11 2 7 10 9 10 4 9 4 3 10 9 10
split_gain=8.54615 6.20241 5.67197 12.1052 11.2729 12.355 10.4286 10.2453 6.29821 11.4728 15.4023 10.4393 43.541 19.9363
threshold=57.875000000000007 0.34607414901256567 0.93750000000000011 61.883068084716804 0.30648292601108557 77.125000000000014 0.22366141527891162 69.484375000000014 73.625000000000014 90.343750000000014 53.484375000000007 1.0000000180025095e-35 78.375000000000014 0.13918624445796016
decision_type=2 2 2 2 2 2 2 2 2 2 2 2 2 2
left_child=-1 2 4 -4 6 7 8 -6 9 10 -2 -10 -13 -14
right_child=1 -3 3 -5 5 -7 -8 -9 11 -11 -12 12 13 -15
leaf_value=-0.017266546036525873 0.017021861600953325 -0.016617442730766929 -0.0031622375203969855 0.021635983560855891 -0.00726072561284467 0.027542991346910867 -0.014168337198255634 0.017695915605579926 0.00015611242046975607 0.016686519327123832 -0.0041098247189128847 -0.021166991420171068 -0.001495245554053688 0.038532261372397604
leaf_weight=24.757746525108814 51.082129218615592 14.01759738428518 56.253553360700607 40.831178933382034 57.569264042191207 29.059566596522927 65.319307003635913 19.968873165547848 1813.696630618535 76.853251542896032 227.14783089235425 130.75151082454249 42.974378859624267 14.947617830708621
leaf_count=1836 728 1807 276 228 1051 212 985 204 22516 390 1215 2293 433 116
internal_value=6.75993e-05 0.000358707 0.000574208 0.00918147 0.000174398 0.0118116 -0.000430133 0.00147713 6.6506e-05 0.00482655 0.000651229 -0.000816984 -0.00928967 0.0160731
internal_weight=2665.23 2640.47 2626.46 97.0847 2529.37 106.598 2422.77 77.5381 2357.45 355.083 278.23 2002.37 188.674 57.922
internal_count=34290 32454 30647 504 30143 1467 28676 1255 27691 2333 1943 25358 2842 549
is_linear=0
shrinkage=0.04


Tree=115
num_leaves=15
num_cat=0
split_feature=5 11 9 10 10 4 3 4 3 3 4 3 10 9
split_gain=8.26184 6.12235 6.67319 5.66623 8.35905 8.69197 6.89378 5.66153 5.88502 5.62158 7.60732 6.36243 11.0156 18.2936
threshold=57.875000000000007 1.0000000180025095e-35 76.875000000000014 -0.97692421078681935 -0.95498320460319508 80.265625000000014 18.777343750000004 80.015625000000014 45.171875000000007 38.640625000000007 70.359375000000014 55.171875000000007 -0.99574989080429066 77.125000000000014
decision_type=2 2 2 2 2 2 2 2 2 2 2 2 2 2
left_child=-1 9 3 7 5 -5 -6 8 -3 10 -2 -11 13 -13
right_child=1 2 -4 4 6 -7 -8 -9 -10 11 -12 12 -14 -15
leaf_value=-0.017042034876602684 -0.0066742306125707187 -0.010621647947849649 -0.019561760379979139 -0.006716910542924474 0.012233455494012802 0.028341307184114442 -0.015152547192173514 -0.017800843083646514 0.015369102357309244 -0.0024325465510118931 0.026420435954087874 0.027881216485508901 0.0012038880175940121 -0.0098917989872396896
leaf_weight=24.352265178225935 7.3524599811062243 7.0740543622523573 29.78348782658577 7.4304658379405764 5.2272446723654893 14.225753695704041 20.375098277814686 23.75884166918695 10.779605283401905 761.85173183958977 9.7638160223141295 40.515483736991882 1681.7586469445378 18.585830446332693
leaf_count=1836 484 536 2436 438 501 197 1174 560 338 12927 224 183 12254 202
internal_value=8.03754e-05 0.000365429 -0.00782324 -0.00101841 0.00717508 0.0188628 -0.00664811 -0.00963214 0.00490002 0.000809588 0.0162682 0.000575729 0.00190492 0.0165049
internal_weight=2662.83 2638.48 118.655 88.8711 47.2586 21.6562 25.6023 41.6125 17.8537 2519.83 17.1163 2502.71 1740.86 59.1013
internal_count=34290 32454 6180 3744 2310 635 1675 1434 874 26274 708 25566 12639 385
is_linear=0
shrinkage=0.04


Tree=116
num_leaves=15
num_cat=0
split_feature=11 4 8 4 10 9 6 6 1 11 11 1 10 9
split_gain=8.00573 6.32645 5.4911 13.2176 9.43454 11.1821 15.9172 8.77318 10.5873 19.0314 17.9242 9.52711 9.19342 8.5135
threshold=0.34607414901256567 40.195312500000007 20.625000000000004 83.171875000000014 -0.97692421078681935 77.625000000000014 7.29744577407837 61.174804687500007 3.0761718750000004 -0.94134241342544545 -0.9668370485305785 1.8402099609375002 -0.28596631437540049 76.875000000000014
decision_type=2 2 2 2 2 2 2 2 2 2 2 2 2 2
left_child=1 -1 7 -4 13 6 -6 8 11 10 -10 -3 -9 -5
right_child=-2 2 3 4 5 -7 -8 12 9 -11 -12 -13 -14 -15
leaf_value=-0.015710536549008666 -0.018436834208496445 0.00061361028560691442 -0.0087213459345432467 0.0065326669090932654 0.014922900983790115 0.011637775599923709 -0.01716893824373002 0.024509270696090168 -0.0060490784498139164 -0.018600797311420135 0.026357322879566769 0.0081815668033155507 -0.0032717305021724452 -0.021294553319729955
leaf_weight=18.77416383381933 16.857710300944746 1532.022600102704 280.83201048802584 17.238335523754358 20.882997816428542 166.22734499722719 46.461781028658152 31.648835703730583 65.382196288555861 93.999719994142652 21.143077030777931 303.12855560518801 23.549734339118004 23.385135324671865
leaf_count=1236 2286 20787 4592 147 232 1043 297 168 386 552 111 1935 127 391
internal_value=7.83888e-05 0.000333902 0.0005665 -0.00290069 0.00324847 0.00645294 -0.00607919 0.00151462 0.00100384 -0.00774242 0.00533148 0.00193841 0.014939 -0.0112267
internal_weight=2661.53 2644.68 2625.9 555.028 274.196 233.572 67.3448 2070.87 2015.68 180.525 86.5253 1835.15 55.1986 40.6235
internal_count=34290 32004 30768 6702 2110 1572 529 24066 23771 1049 497 22722 295 538
is_linear=0
shrinkage=0.04


Tree=117
num_leaves=15
num_cat=0
split_feature=11 4 5 7 6 3 9 10 0 10 11 9 10 3
split_gain=7.77478 6.12221 5.56808 19.5636 12.4707 12.1635 10.1072 13.7845 7.46795 10.4576 11.0774 18.4457 16.2166 15.8857
threshold=0.34607414901256567 40.195312500000007 78.750000000000014 6.8090558052062997 0.14061480760574344 22.617187500000004 77.125000000000014 1.0000000180025095e-35 2.3126006126403813 0.38703845441341406 -0.16148620098829267 79.625000000000014 -0.99574989080429066 37.507812500000007
decision_type=2 2 2 2 2 2 2 2 2 2 2 2 2 2
left_child=1 -1 3 4 5 -3 7 -6 9 10 11 13 -12 -4
right_child=-2 2 8 -5 6 -7 -8 -9 -10 -11 12 -13 -14 -15
leaf_value=-0.015520277575981862 -0.018252779287683065 0.020858064387630177 0.020047181306084964 -0.01493784682426012 0.019473029787977207 -0.014517999648021371 0.027719631860869599 -0.0076494543738675194 0.0010331352539160452 0.017004322528471214 -0.014740710777961885 0.014016725434093076 0.014885486415840438 -0.014472793065336052
leaf_weight=18.494979042559862 16.554408980999142 2.3293326240964225 5.7948900135233989 37.263659093528986 36.85780525021255 36.152474377769977 56.584481094032526 46.884840525686741 1971.5356131196022 14.574407417327164 26.354214757680893 31.121454807929695 65.882789113093168 293.41179656237364
leaf_count=1236 2286 217 185 504 694 2461 613 911 16026 232 832 303 1305 6485
internal_value=6.98527e-05 0.000320816 0.000548961 0.00641152 0.0119159 -0.00597579 0.0169557 0.00574076 -2.54134e-05 -0.00463589 -0.00611698 -0.00942623 0.00530229 -0.0125901
internal_weight=2659.8 2643.24 2624.75 216.073 178.809 38.4818 140.327 83.7426 2408.68 437.14 422.565 330.328 92.237 299.207
internal_count=34290 32004 30768 5400 4896 2678 2218 1605 25368 9342 9110 6973 2137 6670
is_linear=0
shrinkage=0.04


Tree=118
num_leaves=15
num_cat=0
split_feature=5 11 9 10 10 7 4 5 3 4 5 7 10 7
split_gain=7.6044 5.63685 6.48216 5.55032 7.72427 6.4747 5.49115 5.67496 5.37696 7.22567 6.18153 20.5727 15.0911 14.6289
threshold=57.875000000000007 1.0000000180025095e-35 76.875000000000014 -0.97692421078681935 -0.9259815216064452 35.17406082153321 80.015625000000014 87.250000000000014 38.640625000000007 70.359375000000014 79.750000000000014 6.8090558052062997 -0.72110775113105763 2.6904702186584477
decision_type=2 2 2 2 2 2 2 2 2 2 2 2 2 2
left_child=-1 8 3 6 5 -5 7 -3 9 -2 11 12 -10 -14
right_child=1 2 -4 4 -6 -7 -8 -9 10 -11 -12 -13 13 -15
leaf_value=-0.016526107931569445 -0.0065731491034960281 -0.0092861528609911228 -0.01922347031800261 0.019567051793148039 -0.012059475723853725 -0.0082427849398649198 -0.017559827613581932 0.016179047905560885 0.031305133612395404 0.02561991839376724 -0.00010048449365254681 -0.013752267839464007 -0.0041948212762104231 0.019312773361293684
leaf_weight=23.433078180067241 7.2722911559976664 9.621000627055766 29.017984692938626 33.088181806728244 8.5282970466651005 5.5389119647443286 23.384991114027798 8.2921971939504129 32.150842193514109 10.100042694248257 2278.9078098395839 44.313481720164418 95.369308464694768 49.108397986739874
leaf_count=1836 484 523 2436 1203 1049 58 560 351 543 224 21442 570 2486 525
internal_value=7.64503e-05 0.000347507 -0.00754499 -0.00087527 0.00721061 0.0141277 -0.0094482 0.00481826 0.000772398 0.0158378 0.00054283 0.00663585 0.0126294 0.00517226
internal_weight=2658.13 2634.69 117.472 88.4536 47.1554 38.6271 41.2982 17.9132 2517.22 17.3723 2499.85 220.942 176.629 144.478
internal_count=34290 32454 6180 3744 2310 1261 1434 874 26274 708 25566 4124 3554 3011
is_linear=0
shrinkage=0.04


Tree=119
num_leaves=15
num_cat=0
split_feature=11 4 2 7 10 9 4 10 3 10 7 10 10 9
split_gain=7.38957 5.77748 5.14947 11.624 11.171 10.4791 10.1717 9.78763 5.84589 22.5534 17.5896 8.74252 18.7328 14.5561
threshold=0.34607414901256567 40.195312500000007 0.93750000000000011 61.883068084716804 0.30648292601108557 76.875000000000014 66.890625000000014 0.22366141527891162 48.890625000000007 -0.86928081512451161 1.0618329048156741 -0.94087398052215565 -0.86928081512451161 76.375000000000014
decision_type=2 2 2 2 2 2 2 2 2 2 2 2 2 2
left_child=1 -1 4 -4 7 6 -6 8 9 10 -3 13 -13 -10
right_child=-2 2 3 -5 5 -7 -8 -9 11 -11 -12 12 -14 -15
leaf_value=-0.015174507934301964 -0.017922294712771753 0.019252402085941218 -0.0032648540141012468 0.021062670197429766 -0.0092911885235434019 0.024985556068252826 0.015152115769607104 -0.013817472211864889 0.0020171332160345092 -0.020420049000080428 -0.0078332875035935483 0.011549644794917782 0.00015583408191441404 -0.012024512809851052
leaf_weight=17.992639554198831 16.021592157427222 50.291822446044534 56.177644640207291 40.242432504892349 44.275897393003106 34.56073050852865 27.417620010674 64.530334840528667 258.54170497786254 78.892793969251215 67.235578806139529 254.47927531599998 1457.077536188066 190.31463530380279
leaf_count=1236 2286 2618 276 228 843 267 296 945 2667 3387 1527 1909 13145 2660
internal_value=7.40658e-05 0.000317029 0.000537232 0.00876273 0.000157129 0.0117581 0.00132264 -0.000444098 3.52533e-05 -0.00623533 0.00487136 0.000657326 0.00196373 -0.00419548
internal_weight=2658.05 2642.03 2624.04 96.4201 2527.62 106.254 71.6935 2421.36 2356.83 196.42 117.527 2160.41 1711.56 448.856
internal_count=34290 32004 30768 504 30264 1406 1139 28858 27913 7532 4145 20381 15054 5327
is_linear=0
shrinkage=0.04


Tree=120
num_leaves=15
num_cat=0
split_feature=5 4 3 9 10 3 8 9 9 11 10 4 4 4
split_gain=7.2043 5.35949 10.0176 10.0406 7.41895 6.66878 6.50972 9.25048 17.4143 11.9392 24.292 20.1613 17.3484 25.7959
threshold=58.875000000000007 94.968750000000014 64.859375000000014 74.375000000000014 -0.28596631437540049 51.921875000000007 20.625000000000004 75.375000000000014 78.125000000000014 -0.24558732658624646 -0.72110775113105763 90.906250000000014 92.031250000000014 68.140625000000014
decision_type=2 2 2 2 2 2 2 2 2 2 2 2 2 2
left_child=-1 6 3 4 5 -3 -2 -8 -9 10 11 -10 13 -12
right_child=1 2 -4 -5 -6 -7 7 8 9 -11 12 -13 -14 -15
leaf_value=-0.015568400666770841 0.0008898429527624725 -0.0029556293704646971 0.019633115510059237 -0.010282192638508726 -0.00577795480517505 0.021860218309452104 0.0069021725831503048 -0.015483862261727327 0.029000848424957999 -0.019140686319313975 0.014910109371314517 -0.0098722191143497933 0.01873442903966642 -0.019815360006983102
leaf_weight=26.334848089609295 1927.8866482786834 18.399325929582119 44.27479880861938 58.980634476989508 28.046759285032749 39.367642723023891 84.207351822406054 174.42712477594614 57.998380628414452 22.910826917737722 30.670539790764451 18.047227546572685 20.208581618964672 104.52257852442563
leaf_count=1995 24550 121 221 387 134 190 1226 2628 492 929 317 113 90 897
internal_value=6.86124e-05 0.000341511 0.0064883 0.000573984 0.00856868 0.0152288 -0.000183478 -0.00409918 -0.006471 0.000387794 0.00368959 0.0196408 -0.00546558 -0.0110311
internal_weight=2656.28 2629.95 189.069 144.794 85.8137 57.767 2440.88 512.993 428.785 254.358 231.447 76.0456 155.402 135.193
internal_count=34290 32295 1053 832 445 311 31242 6692 5466 2838 1909 605 1304 1214
is_linear=0
shrinkage=0.04


Tree=121
num_leaves=15
num_cat=0
split_feature=11 4 5 7 11 10 9 3 10 9 0 10 11 9
split_gain=7.13052 5.45042 5.00913 17.5609 11.6277 14.0035 11.776 9.75277 9.63105 10.78 6.69626 9.81122 10.2022 17.3902
threshold=0.34607414901256567 40.195312500000007 78.750000000000014 6.8090558052062997 -0.94134241342544545 -0.95498320460319508 79.875000000000014 54.234375000000007 0.38703845441341406 76.375000000000014 2.3126006126403813 0.38703845441341406 -0.16148620098829267 79.625000000000014
decision_type=2 2 2 2 2 2 2 2 2 2 2 2 2 2
left_child=1 -1 3 4 7 -6 8 -3 9 -7 11 12 13 -4
right_child=-2 2 10 -5 5 6 -8 -9 -10 -11 -12 -13 -14 -15
leaf_value=-0.014836531617058673 -0.017697585042102063 -0.013580369333258182 -0.012189921244376279 -0.014370590624365144 -0.012219672909757173 0.0083942605553720909 -0.010392273063802733 0.0099278738040204026 -0.0029196554372150846 0.04131320789616668 0.00097331500758552963 0.016443325334295492 0.0050602008229737108 0.013600091744067351
leaf_weight=17.515151518397033 15.667668680660425 32.551111663226038 295.39085939992219 36.356184313073754 8.6147657758556289 38.487362028565258 5.3101767110638312 41.20494623016566 12.270956941880284 42.205837641842663 1970.229358385317 14.860844238661228 92.633905223105103 31.367819023318589
leaf_count=1236 2286 1441 6670 504 867 1149 52 512 225 650 16026 232 2137 303
internal_value=6.90018e-05 0.000306803 0.00051955 0.00606776 0.0112036 0.0185514 0.022859 -0.0011309 0.026262 0.0303981 -2.7092e-05 -0.004409 -0.00586271 -0.00907254
internal_weight=2654.67 2639 2621.48 217.001 180.645 106.889 98.2743 73.7561 92.9642 80.6932 2404.48 434.253 419.393 326.759
internal_count=34290 32004 30768 5400 4896 2943 2076 1953 2024 1799 25368 9342 9110 6973
is_linear=0
shrinkage=0.04


Tree=122
num_leaves=15
num_cat=0
split_feature=11 8 10 10 10 6 9 11 5 6 5 11 10 9
split_gain=6.93341 5.51087 10.5395 13.2549 20.5652 33.0404 26.3935 18.4222 25.9277 19.9808 24.6379 17.2491 18.7001 15.618
threshold=0.34607414901256567 19.125000000000004 -0.99574989080429066 -0.28596631437540049 -0.59209755063056935 1.8357977271080019 74.625000000000014 -0.16148620098829267 96.750000000000014 14.044421672821047 81.750000000000014 -0.9911728799343108 0.38703845441341406 74.875000000000014
decision_type=2 2 2 2 2 2 2 2 2 2 2 2 2 2
left_child=1 2 -1 4 7 -6 -7 9 -9 10 -4 -5 -13 -11
right_child=-2 -3 3 11 5 6 -8 8 -10 13 -12 12 -14 -15
leaf_value=-0.010500132822912315 -0.017522441668213002 -0.001265549301746416 0.019529881552961807 0.0074656975070518453 -0.016425904177097318 0.0095610473474706335 0.042705710801429035 0.024292065921959489 -0.014033318161145877 0.019930396468309953 -0.012967919940180683 -0.012705219024610984 0.016070873866717447 -0.010491995853432882
leaf_weight=74.259443818125874 15.396698606200514 1518.6810291991569 25.79438700992614 159.87427211180329 25.408145558089018 114.96791941486299 53.337122276425362 84.609511931892484 23.837394701316953 69.234553817659616 224.8418399952352 214.2395263123326 25.105346329975873 24.026714980602264
leaf_count=966 2286 18480 662 1449 810 684 438 1641 291 334 3223 2415 483 128
internal_value=6.46137e-05 0.000298316 0.00240472 0.00350144 0.00696381 0.0172029 0.023485 0.00203627 0.0149945 -0.00264959 -0.00842729 -0.00216664 -0.00868026 0.011624
internal_weight=2653.61 2638.22 1119.54 1045.28 646.058 193.713 168.305 452.344 108.447 343.897 250.636 399.219 239.345 93.2613
internal_count=34290 32004 13524 12558 8211 1932 1122 6279 1932 4347 3885 4347 2898 462
is_linear=0
shrinkage=0.04


Tree=123
num_leaves=15
num_cat=0
split_feature=11 8 3 3 5 10 9 3 6 11 11 10 0 4
split_gain=6.77133 6.02612 8.16406 5.83521 12.0201 11.8199 10.274 5.68782 12.96 11.903 13.5392 13.1183 17.7996 15.2723
threshold=1.0000000180025095e-35 19.625000000000004 16.882812500000004 44.984375000000007 95.750000000000014 -0.95498320460319508 73.625000000000014 60.859375000000007 2.9917761087417607 -0.9911728799343108 -0.94134241342544545 -0.52077846229076374 10.255265235900881 83.015625000000014
decision_type=2 2 2 2 2 2 2 2 2 2 2 2 2 2
left_child=7 3 -3 -2 5 6 -5 -1 -9 -10 -11 -12 13 -13
right_child=1 2 -4 4 -6 -7 -8 8 9 10 11 12 -14 -15
leaf_value=-0.00075486484375467653 -0.0121903273669897 0.010487613014814759 -0.02330415490011109 -0.00558226910072155 -0.012916963990126807 -0.011277697854877054 0.032965926034206817 0.020120183523933299 -0.0095700367070115418 0.010828699713131787 0.0038277885060464278 -0.011228428747567017 -0.021997382799186293 0.02250995933613947
leaf_weight=1723.8656234778464 26.893992411904037 2.1651577628217629 35.590750158764422 8.0569317080080527 18.750755680724978 7.2266234126873305 22.616199356503785 47.321031492203474 106.74132856726646 246.19313215464354 290.72448094189167 26.218843653798103 67.812085181474686 21.973767720162868
leaf_count=22436 2493 223 2927 131 333 163 588 358 780 1436 1640 262 375 145
internal_value=7.38453e-05 -0.00845025 -0.0184057 -0.00126504 0.00574902 0.0162558 0.0246336 0.000545445 0.00327422 0.00173565 0.00381343 -0.00074142 -0.0110715 0.006245
internal_weight=2652.15 121.3 37.7559 83.5445 56.6505 37.8998 30.6731 2530.85 806.985 759.664 652.922 406.729 116.005 48.1926
internal_count=34290 6858 3150 3708 1215 882 719 27432 4996 4638 3858 2422 782 407
is_linear=0
shrinkage=0.04


Tree=124
num_leaves=15
num_cat=0
split_feature=5 11 3 8 9 5 3 4 5 7 10 7 0 10
split_gain=6.70788 5.24143 6.15021 8.6024 12.6415 7.75962 5.35406 6.8744 5.50381 18.2924 13.3239 13.0976 10.5117 17.1624
threshold=57.875000000000007 1.0000000180025095e-35 18.777343750000004 18.875000000000004 74.875000000000014 85.750000000000014 38.640625000000007 70.359375000000014 79.750000000000014 6.8090558052062997 -0.72110775113105763 2.6904702186584477 2.3731112480163579 -0.98469310998916615
decision_type=2 2 2 2 2 2 2 2 2 2 2 2 2 2
left_child=-1 6 -3 4 -4 -6 7 -2 9 10 -8 -12 13 -10
right_child=1 2 3 -5 5 -7 8 -9 12 -11 11 -13 -14 -15
leaf_value=-0.015765474272366024 -0.0063775683217134772 0.011797314378603388 -0.01107919365754588 -0.019692917852695769 -0.0063633485036613925 0.027190739183882272 0.029068683360896134 0.025162776260096515 0.010400905078528276 -0.013187561179465169 -0.0041321043002817684 0.018004569948341743 0.0011345885030945289 -0.0097814598728053048
leaf_weight=22.144295927137136 7.1153054796159294 6.9753135046921662 39.578784980811179 49.925013779196888 7.1611485048197236 12.831657656468449 33.497421190142632 10.291594496928154 66.724548486992717 43.348335532471538 94.987936138641089 50.21676242724061 1887.3731357771903 319.3659994835034
leaf_count=1836 484 796 1242 3307 520 315 543 224 692 570 2486 525 14096 6654
internal_value=6.78424e-05 0.000319193 -0.00732015 -0.0101719 0.000751478 0.0180003 0.000728275 0.0157535 0.000499052 0.00623329 0.0117975 0.00477638 -0.000110487 -0.00595306
internal_weight=2651.54 2629.39 116.472 109.497 59.5716 19.9928 2512.92 17.4069 2495.51 222.05 178.702 145.205 2273.46 386.091
internal_count=34290 32454 6180 5384 2077 835 26274 708 25566 4124 3554 3011 21442 7346
is_linear=0
shrinkage=0.04


Tree=125
num_leaves=15
num_cat=0
split_feature=11 8 10 10 10 6 9 11 5 0 4 9 11 10
split_gain=6.52091 5.29213 10.0264 12.2617 19.2287 30.7446 23.9335 16.6663 23.7532 18.8602 33.0544 17.5215 16.1109 17.9034
threshold=0.34607414901256567 19.125000000000004 -0.99574989080429066 -0.28596631437540049 -0.59209755063056935 1.8357977271080019 74.625000000000014 -0.16148620098829267 96.750000000000014 5.0066113471984872 67.890625000000014 75.125000000000014 -0.9911728799343108 0.38703845441341406
decision_type=2 2 2 2 2 2 2 2 2 2 2 2 2 2
left_child=1 2 -1 4 7 -6 -7 9 -9 10 -4 -11 -5 -14
right_child=-2 -3 3 12 5 6 -8 8 -10 11 -12 -13 13 -15
leaf_value=-0.010256328350494186 -0.017128095582849626 -0.0012340336211671735 0.01976107624693426 0.0072539823084683368 -0.016074562470687268 0.0092541898787744797 0.040694747073259575 0.022947282008288498 -0.013711210217024969 0.01161881626867514 -0.021976553845014669 -0.011626804466118556 -0.0123257523553981 0.015767631122976175
leaf_weight=73.800858980044723 14.800176799762992 1516.2965133688413 22.609972910955548 160.28928111772984 24.828354000113904 115.05599167011678 54.686753772199154 86.448414166457951 23.506315067410469 152.56628251262009 110.85322166513652 55.876828610897064 212.9622432407923 25.314417144749314
leaf_count=966 2286 18480 679 1449 810 684 438 1641 291 954 2210 504 2415 483
internal_value=7.52192e-05 0.000300135 0.00236453 0.00343173 0.00675823 0.0166313 0.0226053 0.00198216 0.0142063 -0.00251688 -0.0132519 0.00491506 -0.00202864 -0.00835125
internal_weight=2649.9 2635.1 1118.8 1045 646.432 194.571 169.743 451.861 109.955 341.906 133.463 208.443 398.566 238.277
internal_count=34290 32004 13524 12558 8211 1932 1122 6279 1932 4347 2889 1458 4347 2898
is_linear=0
shrinkage=0.04


Tree=126
num_leaves=15
num_cat=0
split_feature=5 11 9 8 10 10 10 3 11 7 8 10 4 9
split_gain=6.46252 5.04466 19.5438 22.1886 20.7653 16.7182 19.3934 11.3018 18.209 15.7986 26.534 23.8612 35.4988 33.1494
threshold=57.875000000000007 -0.32787269353866572 76.875000000000014 17.625000000000004 -0.96635594964027394 -0.86928081512451161 -0.77784499526023854 66.234375000000014 -0.98518332839012135 10.825288295745851 17.125000000000004 -0.72110775113105763 86.828125000000014 76.375000000000014
decision_type=2 2 2 2 2 2 2 2 2 2 2 2 2 2
left_child=-1 5 3 -3 -5 -2 -7 9 -9 11 -11 12 13 -8
right_child=1 2 -4 4 -6 6 7 8 -10 10 -12 -13 -14 -15
leaf_value=-0.015533882126873705 0.01006037192746251 -0.012958028575786427 -0.013259581452090989 0.013247639270419843 -0.0098856949115701809 -0.013558223445477736 -0.004268021406905036 -0.0075691782978582565 0.020553388912041629 0.011491556573933951 -0.0064501938079146934 0.0015944348546730455 -0.0066172543194165968 0.059079602069515104
leaf_weight=21.769947828259319 275.18886939622462 95.223524800967425 176.38531500799581 223.62439323030412 67.029526496306062 139.01013991516083 15.073029201477764 43.127174586057663 87.660922490060329 140.47301709279418 743.07472188211977 563.27157224202529 32.297036996111274 25.38092240318656
leaf_count=1836 2286 1531 4140 3266 1815 2286 312 239 426 804 5045 9824 312 168
internal_value=7.77228e-05 0.000323505 -0.00297109 0.00215344 0.00761974 0.00124065 -0.000211949 0.00106109 0.0115061 2.43088e-05 -0.00340646 0.0047488 0.0235613 0.0418731
internal_weight=2648.59 2626.82 562.263 385.877 290.654 2064.56 1789.37 1650.36 130.788 1519.57 883.548 636.023 72.751 40.454
internal_count=34290 32454 10752 6612 5081 21702 19416 17130 665 16465 5849 10616 792 480
is_linear=0
shrinkage=0.04


Tree=127
num_leaves=15
num_cat=0
split_feature=5 11 3 8 9 5 10 3 4 3 9 10 8 10
split_gain=6.26193 5.1327 6.0972 8.29204 11.7446 7.54077 5.26426 5.01032 6.91024 5.51943 10.5712 22.1502 16.5915 15.7852
threshold=56.375000000000007 1.0000000180025095e-35 18.777343750000004 18.875000000000004 74.875000000000014 85.750000000000014 -0.9259815216064452 38.640625000000007 70.359375000000014 57.390625000000007 77.125000000000014 -0.90843567252159108 19.125000000000004 -0.72110775113105763
decision_type=2 2 2 2 2 2 2 2 2 2 2 2 2 2
left_child=-1 7 6 4 -4 -6 -3 8 -2 10 12 -12 -9 -13
right_child=1 2 3 -5 5 -7 -8 9 -10 -11 11 13 -14 -15
leaf_value=-0.016067897691836981 -0.0065767563593847169 0.021928329771673697 -0.010871872420293955 -0.01951625519300464 -0.0065095349624562128 0.026118200315512236 -0.0072843908134062087 -0.00013381720575520093 0.024683277993082155 0.0021224195123680373 -0.01472147366519394 0.026852443860246274 -0.012206483815958903 0.0016934714403873314
leaf_weight=17.878855254501104 7.2750771986320641 2.5847599599510431 39.243109987583011 49.394718155264854 7.2758670914918211 13.317552908789365 4.4110553232021621 659.41576361469924 10.496357552707194 1416.1064588055015 41.65277442894876 57.548761915415525 231.88235102826729 88.183635603636503
leaf_count=1584 515 215 1244 3393 535 315 595 8845 224 9630 703 663 4320 1509
internal_value=8.13221e-05 0.000311649 -0.0072551 -0.0101041 0.000608215 0.0170629 0.0117584 0.000716205 0.01518 0.000493268 -0.0016452 0.00654801 -0.00347363 0.0136701
internal_weight=2646.67 2628.79 116.227 109.231 59.8365 20.5934 6.99582 2512.56 17.7714 2494.79 1078.68 187.385 891.298 145.732
internal_count=34290 32706 6297 5487 2094 850 810 26409 739 25670 16040 2875 13165 2172
is_linear=0
shrinkage=0.04


Tree=128
num_leaves=15
num_cat=0
split_feature=11 8 4 10 9 6 10 4 4 6 1 11 11 1
split_gain=6.10438 5.08598 13.1937 8.20931 10.1431 15.415 8.19059 17.9064 8.94998 8.02772 9.59161 17.7841 16.5945 8.99447
threshold=0.34607414901256567 20.625000000000004 83.171875000000014 -0.97692421078681935 77.625000000000014 7.29744577407837 -0.8288312256336211 93.031250000000014 90.906250000000014 61.174804687500007 3.0761718750000004 -0.94134241342544545 -0.9668370485305785 1.8402099609375002
decision_type=2 2 2 2 2 2 2 2 2 2 2 2 2 2
left_child=1 9 -3 -4 5 -5 8 -8 -6 10 13 12 -12 -1
right_child=-2 2 3 4 6 -7 7 -9 -10 -11 11 -13 -14 -15
leaf_value=0.00033355269813856804 -0.016713327913669532 -0.0088336386101615615 -0.010547758998627489 0.014693632128207814 0.029452118505965269 -0.016899861160598197 -0.00784052833407692 0.020691125284132975 -0.00085174298942990851 0.014124373845649055 -0.0059415382602135275 -0.018173746815956144 0.025195699856016426 0.0076761708456043881
leaf_weight=1538.7999630318955 14.194082313682882 281.72821624251083 39.391860246658325 20.996979400515556 35.938290757127106 45.898439604789019 73.836207423359156 36.94388360530138 20.099460490979254 54.322090499103069 65.197223518043756 93.084208101965487 21.316821731626987 303.47115872614086
leaf_count=21584 2286 5030 538 232 271 297 463 191 118 295 386 552 111 1936
internal_value=8.01522e-05 0.000296157 -0.00303955 0.0031324 0.00608787 -0.00588385 0.0110046 0.0033836 0.0212177 0.00120807 0.0007261 -0.0076171 0.00502097 0.00161253
internal_weight=2645.22 2631.02 554.833 273.105 233.713 66.8954 166.818 110.78 56.0378 2076.19 2021.87 179.598 86.514 1842.27
internal_count=34290 32004 7140 2110 1572 529 1043 654 389 24864 24569 1049 497 23520
is_linear=0
shrinkage=0.04


Tree=129
num_leaves=15
num_cat=0
split_feature=5 10 10 11 9 9 3 8 10 7 7 10 5 9
split_gain=6.02236 4.79496 19.2207 17.5582 17.0752 24.5698 13.2129 13.4309 17.2014 24.2026 17.711 15.9103 13.554 18.4043
threshold=56.375000000000007 -0.44560900330543513 -0.52077846229076374 -0.95453116297721852 76.875000000000014 78.375000000000014 63.109375000000007 20.375000000000004 -0.59209755063056935 30.937671661376957 3.6245226860046391 -0.65903896093368519 89.750000000000014 77.375000000000014
decision_type=2 2 2 2 2 2 2 2 2 2 2 2 2 2
left_child=-1 2 6 -3 -5 -6 7 8 11 10 -10 12 13 -2
right_child=1 3 -4 4 5 -7 -8 -9 9 -11 -12 -13 -14 -15
leaf_value=-0.015828554996448824 0.0020889498936375755 -0.0013546659240271403 -0.016521342813354739 0.0017739090705410352 0.033952164541124007 0.003106123774171154 0.010170533498245645 -0.008558258544081156 -0.0099093389500705103 -0.015668507104341239 0.036241636634328958 -0.017540183067982069 -0.0026765013185273026 0.025818686499211034
leaf_weight=17.524083328898996 217.080127841793 761.24434436950833 100.4166837958619 239.88257354311645 64.315572386607528 89.829699385445565 162.96869868412614 289.71435960615054 7.6057958202436557 12.735834531486033 44.358708582818508 60.897607477381825 524.01040035905316 50.689437595196068
leaf_count=1584 5540 7695 1143 2721 558 576 851 5122 342 62 401 740 5793 1162
internal_value=8.43855e-05 0.000309437 -0.0011995 0.0022178 0.0088517 0.0183975 0.000145041 -0.0013522 0.00105757 0.0182524 0.0286101 -0.000635569 0.00106471 0.00806325
internal_weight=2643.27 2625.75 1470.48 1155.27 394.028 154.145 1370.06 1207.09 917.378 64.7003 51.9645 852.678 791.78 267.77
internal_count=34290 32706 21156 11550 3855 1134 20013 19162 14040 805 743 13235 12495 6702
is_linear=0
shrinkage=0.04


Tree=130
num_leaves=15
num_cat=0
split_feature=11 4 3 9 10 3 10 8 9 9 4 10 11 4
split_gain=5.95171 4.77895 9.0883 10.121 8.36527 6.31047 6.30274 6.0287 9.22911 16.0437 11.7045 9.64782 22.4744 18.1521
threshold=0.34607414901256567 94.968750000000014 63.609375000000007 74.375000000000014 -0.28596631437540049 51.921875000000007 -0.72110775113105763 20.625000000000004 75.375000000000014 78.125000000000014 76.921875000000014 -0.72110775113105763 -0.24558732658624646 90.906250000000014
decision_type=2 2 2 2 2 2 2 2 2 2 2 2 2 2
left_child=1 7 3 4 5 -3 -4 -1 10 -10 -9 12 13 -11
right_child=-2 2 6 -5 -6 -7 -8 8 9 11 -12 -13 -14 -15
leaf_value=0.00083753433017795921 -0.016551675077788604 -0.0030017478465649223 -0.00091608531674731324 -0.012864523609917916 -0.0076801269973549111 0.021112431756060524 0.023477590332389889 -0.0075294342902679579 -0.01506701306517301 0.027106001963963289 0.017659045312756045 -0.0056879704991589916 -0.017761068961443589 -0.0096406029574752118
leaf_weight=1929.0525123984553 13.963450081646441 18.368029166013002 21.782619507983327 44.244487073272467 26.422791346907616 38.306462649255991 38.694150745868683 37.83167863311246 172.33233833592385 59.473021863028407 46.002059300430119 157.82196737872437 20.527734240982682 17.888704307377338
leaf_count=24056 2286 121 107 319 125 185 196 798 2710 492 449 1598 735 113
internal_value=8.73783e-05 0.000300072 0.00612329 -0.000455998 0.00736476 0.0145527 0.0166473 -0.000194121 -0.0039673 -0.00633913 0.00703137 0.000209146 0.00906875 0.018374
internal_weight=2642.71 2628.75 187.819 127.342 83.0973 56.6745 60.4768 2440.93 511.878 428.044 83.8337 255.711 97.8895 77.3617
internal_count=34290 32004 1053 750 431 306 303 30951 6895 5648 1247 2938 1340 605
is_linear=0
shrinkage=0.04


Tree=131
num_leaves=15
num_cat=0
split_feature=5 2 7 10 3 10 7 8 9 9 4 10 9 1
split_gain=5.80116 4.60517 10.9064 9.45108 8.95837 26.2881 17.6985 9.41443 9.19015 8.52046 10.5897 7.98232 6.92898 6.76854
threshold=58.875000000000007 0.93750000000000011 61.883068084716804 0.30648292601108557 48.890625000000007 -0.94087398052215565 1.0618329048156741 17.875000000000004 78.125000000000014 76.125000000000014 70.359375000000014 -0.99574989080429066 73.625000000000014 3.2821655273437504
decision_type=2 2 2 2 2 2 2 2 2 2 2 2 2 2
left_child=-1 3 -3 4 5 6 7 -2 11 10 -5 -9 -8 -6
right_child=1 2 -4 9 13 -7 12 8 -10 -11 -12 -13 -14 -15
leaf_value=-0.014298570879278114 -0.0077489345910013155 -0.0034113148769771341 0.020216701860659811 -0.0099758118140137377 0.0010112246333129206 -0.020036025203244257 0.011138501625852368 -0.0047406447603141081 -0.0064415975228813774 0.020828633995764293 0.016684656643157689 0.036857403830097731 -0.013848249102777597 -0.0056746579302131804
leaf_weight=24.152166760526597 6.5953917130827895 55.98186469078064 39.218878366053104 43.602446208707988 1951.0168051654473 110.377318917308 7.6474605221301308 3.7645212090574161 4.9157537063583723 44.346813383512199 18.12819516658783 29.755055232439194 45.562926390208304 256.24170590750873
leaf_count=1995 209 276 228 874 19513 5890 150 342 484 378 177 1229 1145 1400
internal_value=8.13755e-05 0.000321512 0.00814242 -3.54587e-05 -0.000587903 -0.00812543 0.00638204 0.0208302 0.0267079 0.0106437 2.04307e-05 0.0321599 -0.00819529 0.000191071
internal_weight=2641.31 2617.16 95.2007 2521.95 2415.88 208.618 98.2411 45.0307 38.4353 106.077 61.7306 33.5196 53.2104 2207.26
internal_count=34290 32295 504 31791 30362 9449 3559 2264 2055 1429 1051 1571 1295 20913
is_linear=0
shrinkage=0.04


Tree=132
num_leaves=15
num_cat=0
split_feature=5 11 3 8 9 5 10 3 4 5 7 6 3 10
split_gain=5.63774 4.54054 6.05039 7.98483 11.1874 7.2463 4.92835 4.90383 6.51497 5.21942 16.865 12.2544 9.42043 13.9305
threshold=56.375000000000007 1.0000000180025095e-35 18.777343750000004 18.875000000000004 74.875000000000014 85.750000000000014 -0.9259815216064452 38.640625000000007 70.359375000000014 79.750000000000014 6.8090558052062997 0.11727958917617799 50.296875000000007 -0.98469310998916615
decision_type=2 2 2 2 2 2 2 2 2 2 2 2 2 2
left_child=-1 7 6 4 -4 -6 -3 8 -2 10 11 -9 13 -11
right_child=1 2 3 -5 5 -7 -8 9 -10 12 -12 -13 -14 -15
leaf_value=-0.015433038845528773 -0.0063817576611832983 0.021591712561735723 -0.010611765564514833 -0.019107892068229378 -0.0064533377378922455 0.025448439117253727 -0.0069477810914305637 -0.010020344117241007 0.02405547237268214 0.0075107708421823125 -0.012792866792155142 0.015100581802620756 0.00069255148355528763 -0.013900100057516908
leaf_weight=16.952471393626183 7.1249796883203116 2.705873160623014 38.789228387176991 48.163273870479316 7.2314726058393743 13.629564628005026 4.1669976850971571 23.063124124426395 10.767950508743523 53.819356476888061 42.708029029890895 159.08678886480629 2065.0409960551187 146.87483659060672
leaf_count=1584 515 215 1244 3393 535 315 595 1236 224 613 574 2418 16675 4154
internal_value=8.35753e-05 0.000299871 -0.00685946 -0.00975036 0.000705943 0.0166439 0.0119954 0.000678859 0.0149641 0.000457841 0.0060059 0.0112432 -0.000140497 -0.00799811
internal_weight=2640.12 2623.17 114.686 107.814 59.6503 20.861 6.87287 2508.49 17.8929 2490.59 224.858 182.15 2265.74 200.694
internal_count=34290 32706 6297 5487 2094 850 810 26409 739 25670 4228 3654 21442 4767
is_linear=0
shrinkage=0.04


Tree=133
num_leaves=15
num_cat=0
split_feature=11 8 10 10 10 6 9 11 10 11 5 6 5 9
split_gain=5.5091 4.59856 9.27167 11.4767 17.1152 28.0058 21.267 15.2554 17.1803 14.7375 21.6515 17.8013 21.7968 13.7883
threshold=0.34607414901256567 19.125000000000004 -0.99574989080429066 -0.28596631437540049 -0.59209755063056935 1.8357977271080019 74.625000000000014 -0.9911728799343108 0.38703845441341406 -0.16148620098829267 96.750000000000014 14.044421672821047 81.750000000000014 74.875000000000014
decision_type=2 2 2 2 2 2 2 2 2 2 2 2 2 2
left_child=1 2 -1 4 9 -6 -7 -5 -9 11 -11 12 -4 -13
right_child=-2 -3 3 7 5 6 -8 8 -10 10 -12 13 -14 -15
leaf_value=-0.0099704431458518851 -0.016087321342023998 -0.0011547391248646901 0.018046352413669819 0.0069698507149886695 -0.015711374943804694 0.0086884934829879069 0.038116252414266256 -0.012143923492282634 0.015320309694288102 0.02150760355802819 -0.013448408167144233 0.018945193192244844 -0.012280754185116623 -0.0098094731357769565
leaf_weight=73.19555617403239 13.317509490530936 1508.9352297978476 26.82258004322648 160.48375102877617 24.23089361935854 115.06868324056268 56.448693376034498 211.84550234349445 25.601744536310434 88.400820614304394 23.156837964430451 68.638784818351269 219.78445628611371 23.618671659380198
leaf_count=966 2286 18480 662 1449 810 684 438 2415 483 1641 291 334 3223 128
internal_value=7.73068e-05 0.000280244 0.00220445 0.00322931 0.00644767 0.0157246 0.0213426 -0.00205521 -0.00822258 0.00191891 0.0133101 -0.002364 -0.00787585 0.0111476
internal_weight=2639.55 2626.23 1117.3 1044.1 646.17 195.748 171.517 397.931 237.447 450.422 111.558 338.864 246.607 92.2575
internal_count=34290 32004 13524 12558 8211 1932 1122 4347 2898 6279 1932 4347 3885 462
is_linear=0
shrinkage=0.04


Tree=134
num_leaves=15
num_cat=0
split_feature=5 4 10 10 10 9 5 4 7 6 9 11 10 11
split_gain=5.45444 4.58408 8.74014 5.18677 5.37794 24.3631 5.16794 7.38638 18.9711 12.5154 16.9488 29.3046 33 30.7887
threshold=56.375000000000007 94.968750000000014 -0.97692421078681935 -0.11788205802440642 -0.72110775113105763 76.875000000000014 97.250000000000014 87.781250000000014 7.4463486671447763 3.8508340120315556 77.125000000000014 -0.40773391723632807 -0.72110775113105763 -0.90888795256614674
decision_type=2 2 2 2 2 2 2 2 2 2 2 2 2 2
left_child=-1 6 -3 4 5 -4 7 9 -9 10 -2 12 -12 -14
right_child=1 2 3 -5 -6 -7 -8 8 -10 -11 11 -13 13 -15
leaf_value=-0.015236452341384073 -0.0011840374029285755 -0.012497753431194992 0.022288805880134672 -0.0055910501525347845 0.017386728829719967 -0.016236686717840836 -0.0054716488301393808 -0.013236970257640396 0.0083696627867038825 -0.0033974484422217128 0.037177496633044295 -0.015192803993165176 0.01570663717496713 -0.020643797424851437
leaf_weight=16.674459848552942 447.95933935558423 17.750929858535528 29.070925034582615 21.266767047345638 81.994927857071161 36.713476002216339 244.38953178655356 59.2220020564273 376.8156142346561 1071.8194470256567 65.53645277582109 37.605198388919234 95.79981228010729 35.557984856888652
leaf_count=1584 12261 158 161 108 410 216 1838 738 2422 9755 643 2152 1125 719
internal_value=8.43083e-05 0.000296382 0.00601423 0.00907465 0.0116001 0.00201544 -0.000187733 0.000446007 0.00498326 -0.000725217 0.00344883 0.0116965 0.0177595 0.00443914
internal_weight=2638.18 2621.5 186.797 169.046 147.779 65.7844 2434.71 2190.32 436.038 1754.28 682.459 234.499 196.894 131.358
internal_count=34290 32706 1053 895 787 377 31653 29815 3160 26655 16900 4639 2487 1844
is_linear=0
shrinkage=0.04


Tree=135
num_leaves=15
num_cat=0
split_feature=11 4 3 9 8 5 10 9 3 9 4 11 9 5
split_gain=5.30953 4.4349 4.13456 9.15508 5.24038 12.2852 11.5824 20.2309 20.5531 9.90267 19.1881 18.0587 16.5035 16.2076
threshold=0.34607414901256567 40.195312500000007 68.156250000000014 78.875000000000014 19.125000000000004 85.250000000000014 -0.99902859330177296 77.125000000000014 54.046875000000007 76.375000000000014 82.671875000000014 -0.92554321885108937 73.875000000000014 90.250000000000014
decision_type=2 2 2 2 2 2 2 2 2 2 2 2 2 2
left_child=1 -1 4 -4 9 -6 7 8 -7 10 11 12 -3 -11
right_child=-2 2 3 -5 5 6 -8 -9 -10 13 -12 -13 -14 -15
leaf_value=-0.013682200382153913 -0.015864569888219108 0.0019520875486011861 -0.0065042139208002347 0.021080212196402003 0.0053421738970515541 -0.0075664934221587182 -0.0043312790121724119 -0.013461203282509701 0.038639024830803746 0.02159660679143385 0.0051905055517879814 0.0011481256165510895 -0.02422979310647452 -0.0012559466357314874
leaf_weight=15.94607793772593 13.015866378787903 52.697862694039941 20.875410996377468 24.983961194753647 320.47512808302417 14.979120571166275 1076.0703491591848 20.05442694015801 24.631662532687187 80.962674112059176 555.0538717797026 223.46747911721468 99.545326713938266 93.639610151294619
leaf_count=1236 2286 384 109 117 6154 190 10554 271 106 1276 4251 4598 1983 775
internal_value=7.76997e-05 0.000276231 0.000465094 0.0103616 0.000209018 -0.00136013 -0.00331106 0.0115568 0.0244898 0.00226365 0.000536101 -0.00625486 -0.0159928 0.0104712
internal_weight=2636.4 2623.38 2607.44 45.8594 2561.58 1456.21 1135.74 59.6652 39.6108 1105.37 930.765 375.711 152.243 174.602
internal_count=34290 32004 30768 226 30542 17275 11121 567 296 13267 11216 6965 2367 2051
is_linear=0
shrinkage=0.04


Tree=136
num_leaves=15
num_cat=0
split_feature=5 10 10 11 1 8 4 11 3 8 3 8 10 7
split_gain=5.20632 4.35599 18.2588 14.4695 15.5572 12.8811 14.8349 11.8537 33.4563 20.7618 11.8298 11.9621 15.5765 22.882
threshold=58.875000000000007 -0.44560900330543513 -0.52077846229076374 -0.95453116297721852 3.5568237304687504 18.125000000000004 93.593750000000014 -0.97646176815032948 65.015625000000014 17.125000000000004 63.109375000000007 20.375000000000004 -0.59209755063056935 30.937671661376957
decision_type=2 2 2 2 2 2 2 2 2 2 2 2 2 2
left_child=-1 2 10 7 -5 -4 -7 -3 9 -9 11 12 -2 -14
right_child=1 3 5 4 -6 6 -8 8 -10 -11 -12 -13 13 -15
leaf_value=-0.013699859032506669 -0.00060801841100125873 0.0020484371117763965 0.0075559882579363767 0.0049225832337335485 0.028963008523922688 -0.02813714583276802 0.0092208078752717328 0.012876496782231793 0.018347267891247951 -0.021111781459178115 0.0096717577697680353 -0.0081048285208620459 0.027285139475911879 -0.015570078015482222
leaf_weight=23.188802356366068 849.39597714459524 541.76674661226571 19.353623717091978 361.52637134026736 31.354642730206251 69.147951119113714 10.843042865395544 20.550781107973307 40.391044162213802 153.44303577532992 162.33818865939975 285.75570547580719 52.871081649325788 12.701070830225943
leaf_count=1995 13122 5432 246 3573 178 848 49 171 206 1769 851 5045 743 62
internal_value=7.62303e-05 0.000301753 -0.00114048 0.00212543 0.00815121 -0.0161433 -0.0222417 -0.00113481 -0.00866749 -0.0161837 0.00017061 -0.00125136 0.00101664 0.0172853
internal_weight=2634.63 2611.44 1462.41 1149.03 392.881 99.3446 79.991 756.152 214.385 173.994 1363.06 1200.72 914.968 65.5722
internal_count=34290 32295 20966 11329 3751 1143 897 7578 2146 1940 19823 18972 13927 805
is_linear=0
shrinkage=0.04


Tree=137
num_leaves=15
num_cat=0
split_feature=11 4 2 7 10 10 7 7 3 10 1 9 10 10
split_gain=5.14303 4.20865 3.87499 10.5169 12.1658 8.87621 8.55711 13.5739 8.0115 7.92967 5.02551 18.0453 11.154 16.3156
threshold=0.34607414901256567 40.195312500000007 0.93750000000000011 45.009613037109382 0.053682003635913141 0.30648292601108557 0.93759298324584972 6.8090558052062997 54.140625000000007 0.22366141527891162 3.2821655273437504 77.625000000000014 -0.72110775113105763 -0.28596631437540049
decision_type=2 2 2 2 2 2 2 2 2 2 2 2 2 2
left_child=1 -1 5 -4 -5 9 -7 -8 -9 10 -3 -12 -13 -14
right_child=-2 2 3 4 -6 6 7 8 -10 -11 11 12 13 -15
leaf_value=-0.013392003830366414 -0.015670346223972249 0.00067137484696368373 -0.010091172248074319 0.022943229595844911 -0.006842840834547728 -0.0063310819827120616 0.024908399380881265 -0.016633822840773974 0.011243216558067566 -0.012630541365523001 -0.014494016862500063 -0.0094021925008050348 0.02601905046545034 -0.0048370358494744491
leaf_weight=15.575354040134696 12.757266347762195 2090.5555214122869 23.611594825983047 49.607974365353584 21.069988280534744 25.834867666475475 54.555781971663237 15.809799160808327 12.110938645899294 62.113996407482773 129.73317320737988 37.021049976348877 42.073753163218498 39.605407178401947
leaf_count=1236 2286 26557 109 288 107 507 613 223 63 945 770 195 196 195
internal_value=8.24562e-05 0.000277346 0.000460578 0.0076639 0.0145129 0.000131459 0.010383 0.0158323 -0.00489608 -0.000412928 1.58553e-05 -0.00513934 0.00570052 0.0130488
internal_weight=2632.04 2619.28 2603.7 94.2896 70.678 2509.41 108.311 82.4765 27.9207 2401.1 2338.99 248.433 118.7 81.6792
internal_count=34290 32004 30768 504 395 30264 1406 899 286 28858 27913 1356 586 391
is_linear=0
shrinkage=0.04


Tree=138
num_leaves=15
num_cat=0
split_feature=11 3 6 1 10 8 11 11 9 7 8 9 9 10
split_gain=5.00845 4.10879 11.8931 10.8998 10.2978 10.1855 13.1735 21.0565 22.0246 28.4234 15.2033 12.2415 13.2098 11.7656
threshold=0.34607414901256567 60.859375000000007 2.9917761087417607 3.1791687011718754 -0.65903896093368519 20.625000000000004 -0.9911728799343108 -0.94134241342544545 77.375000000000014 49.92256164550782 19.875000000000004 78.875000000000014 73.125000000000014 -0.59209755063056935
decision_type=2 2 2 2 2 2 2 2 2 2 2 2 2 2
left_child=1 3 4 5 -3 6 -1 8 9 10 -8 12 -9 -14
right_child=-2 2 -4 -5 -6 -7 7 11 -10 -11 -12 -13 13 -15
leaf_value=0.011384687230274543 -0.015521007407787817 0.033593117258652785 0.0011333477392058079 -0.012039966265923501 0.0014859167615715279 -0.0072646913045615446 -0.023907079933787323 -0.013371505194348592 0.014302463446699616 0.017331936454104496 0.0054038350022338885 -0.0095604285437060239 0.0021866343432749183 0.012346378541867967
leaf_weight=162.74434082396328 12.561216210946439 15.426018286496399 761.54790332727134 108.30761099141091 32.689000248908997 239.27640964975581 167.40290935989469 47.498804299160838 33.928506397642195 22.987013474106789 25.661859188694507 102.3846491323784 660.42668219236657 238.42546525783837
leaf_count=1937 2286 85 4766 704 277 4921 2437 452 438 114 384 1489 10524 3476
internal_value=7.14954e-05 0.000263362 0.00259639 -0.000797789 0.0186209 4.97626e-05 0.00132922 -8.43971e-05 -0.0100642 -0.0147784 -0.0198696 0.00243826 0.00390738 0.00509164
internal_weight=2631.27 2618.71 809.663 1809.04 48.115 1700.74 1461.46 1298.72 249.98 216.052 193.065 1048.74 946.351 898.852
internal_count=34290 32004 5128 26876 362 26172 21251 19314 3373 2935 2821 15941 14452 14000
is_linear=0
shrinkage=0.04


Tree=139
num_leaves=15
num_cat=0
split_feature=5 10 10 4 10 8 4 3 8 10 7 7 10 10
split_gain=4.941 4.15753 17.5281 13.2083 13.8358 12.1258 14.2357 10.7374 10.8465 14.0198 21.5741 15.7168 15.1414 18.2756
threshold=56.375000000000007 -0.44560900330543513 -0.52077846229076374 90.718750000000014 0.053682003635913141 18.125000000000004 93.593750000000014 63.109375000000007 20.375000000000004 -0.59209755063056935 30.937671661376957 3.6245226860046391 -0.89013355970382679 -0.90843567252159108
decision_type=2 2 2 2 2 2 2 2 2 2 2 2 2 2
left_child=-1 2 7 -3 -5 -4 -7 8 9 12 11 -11 13 -2
right_child=1 3 5 4 -6 6 -8 -9 -10 10 -12 -13 -14 -15
leaf_value=-0.014669367277975987 -9.4238656275217914e-05 0.00015919209122686295 0.0071266682489382676 0.016491358981544097 -0.0087019385892450514 -0.027678362367026255 0.0089751591688414772 0.0091957510759958037 -0.0077679030881489123 -0.009870354972439566 -0.015482853705544733 0.032929112415415733 -0.0080026001852170105 0.018551861662076088
leaf_weight=15.889458661898969 493.03032586304471 979.86759854573756 19.50657335203141 142.99922564439476 30.776990314945579 68.267488342244178 10.86456488072872 162.33078173734248 283.56324858311564 7.5719268647953859 12.696303620934485 46.471944903954864 275.17327554989606 81.352342231199145
leaf_count=1584 7802 10666 246 711 173 848 49 851 5122 342 62 401 4618 815
internal_value=7.29178e-05 0.000273199 -0.00113832 0.00204951 0.0115918 -0.0158847 -0.0218505 0.000143886 -0.00121144 0.00094015 0.016261 0.0258862 -0.000609767 0.00308207
internal_weight=2630.36 2614.47 1460.83 1153.64 173.776 98.6386 79.1321 1362.19 1199.86 916.296 66.7402 54.0439 849.556 574.383
internal_count=34290 32706 21156 11550 884 1143 897 20013 19162 14040 805 743 13235 8617
is_linear=0
shrinkage=0.04


Tree=140
num_leaves=15
num_cat=0
split_feature=3 8 1 10 10 7 4 4 9 10 10 1 0 3
split_gain=4.86581 10.3598 9.42139 8.73427 16.6586 13.946 15.858 12.5283 16.4163 10.6709 13.0829 9.46633 11.3688 8.1325
threshold=57.390625000000007 20.625000000000004 4.0237426757812509 0.22366141527891162 0.13918624445796016 3.6892175674438481 87.593750000000014 81.640625000000014 77.875000000000014 -0.44560900330543513 -0.28596631437540049 2.0736694335937504 11.449384689331056 58.234375000000007
decision_type=2 2 2 2 2 2 2 2 2 2 2 2 2 2
left_child=1 2 -1 4 5 6 13 8 -7 -9 11 12 -11 -2
right_child=3 -3 -4 -5 -6 7 -8 9 -10 10 -12 -13 -14 -15
leaf_value=0.000364254535314181 -0.002368720862505246 -0.012305705100522977 -0.016267123822765309 -0.011596568909433757 0.026021157276915688 0.00048826409752838486 -0.011681386274519328 -0.00056516409028031604 -0.016966602785181691 0.016440533055253729 0.0020343143825327045 0.030484577659889326 -0.0090418375374361048 0.028562172084231029
leaf_weight=1052.4366178466007 13.199370206333695 113.5099723204039 37.434296879917383 56.151940260082483 26.0438227429986 234.75549590121955 13.995001271367071 569.8568476755172 115.26676644291729 49.253945253789425 224.90084002912045 38.944418959319592 30.519326597452164 52.077320866286755
leaf_count=19964 163 4002 250 382 143 1969 170 3841 1085 355 1217 203 157 389
internal_value=6.95728e-05 -0.00178733 -0.000489833 0.00164076 0.00234296 0.00150856 0.0159455 0.000368438 -0.00586621 0.00283191 0.00818684 0.0178685 0.00683334 0.0232191
internal_weight=2628.35 1203.38 1089.87 1424.97 1368.81 1342.77 79.2717 1263.5 350.022 913.475 343.619 118.718 79.7733 65.2767
internal_count=34290 24216 20214 10074 9692 9549 722 8827 3054 5773 1932 715 512 552
is_linear=0
shrinkage=0.04


Tree=141
num_leaves=15
num_cat=0
split_feature=11 4 4 10 9 5 4 10 6 9 10 10 11 11
split_gain=4.82109 3.98358 3.63303 6.89592 16.4341 6.27823 6.7447 18.3666 13.3427 14.9638 22.2641 30.7056 28.3067 20.5808
threshold=0.34607414901256567 40.195312500000007 95.406250000000014 -0.72110775113105763 79.625000000000014 97.250000000000014 87.781250000000014 -0.94087398052215565 3.8508340120315556 77.125000000000014 -0.90843567252159108 -0.72110775113105763 -0.90888795256614674 -0.16148620098829267
decision_type=2 2 2 2 2 2 2 2 2 2 2 2 2 2
left_child=1 -1 5 4 -4 6 8 -8 9 13 -11 -12 -13 -3
right_child=-2 2 3 -5 -6 -7 7 -9 -10 10 11 12 -14 -15
leaf_value=-0.013106258484558358 -0.015294690165960837 -0.0048088127710119331 0.010113165509072937 0.012619130322999677 -0.021683183275622093 -0.0055195076657740729 -0.0092493557902688008 0.0092357184247619916 -0.0031356814932913192 -0.013123215430407712 0.035258753484291076 0.014589822566911362 -0.020314054450894507 0.015356959471011114
leaf_weight=15.214591680560259 12.268245094455777 354.85175793478265 46.310627799481153 83.978389728814363 23.179207885637879 267.29566881433129 94.647792540490627 348.39637893997133 1064.5661559766158 33.333827285561711 66.841999599710107 97.596527978777885 34.845753395929933 83.304638338740915
leaf_count=1236 2286 8662 267 425 178 1975 1009 2197 9755 1449 643 1140 719 2349
internal_value=7.33982e-05 0.000261084 0.000438815 0.0060326 -0.00296852 4.17158e-05 0.000768104 0.0050578 -0.000372235 0.00397736 0.0117316 0.0167067 0.00394623 -0.000471775
internal_weight=2626.63 2614.36 2599.15 153.468 69.4898 2445.68 2178.38 443.044 1735.34 670.775 232.618 199.284 132.442 438.156
internal_count=34290 32004 30768 870 445 29898 27923 3206 24717 14962 3951 2502 1859 11011
is_linear=0
shrinkage=0.04


Tree=142
num_leaves=15
num_cat=0
split_feature=11 4 2 7 10 9 4 10 7 9 4 3 10 0
split_gain=4.69955 3.86491 3.46575 10.3799 8.19364 8.31842 8.88281 7.07915 5.46432 4.94616 9.70528 15.6692 10.6362 8.7982
threshold=0.34607414901256567 40.195312500000007 0.93750000000000011 70.435668945312514 0.30648292601108557 77.125000000000014 69.484375000000014 0.22366141527891162 4.7484755516052255 73.625000000000014 90.343750000000014 53.484375000000007 1.0000000180025095e-35 1.9373059272766116
decision_type=2 2 2 2 2 2 2 2 2 2 2 2 2 2
left_child=1 -1 4 -4 7 6 -6 9 -8 10 11 13 -13 -3
right_child=-2 2 3 -5 5 -7 8 -9 -10 -11 -12 12 -14 -15
leaf_value=-0.012951082560036565 -0.01515029163204887 -0.0054072178921673163 -0.0027217926485940394 0.020926434319030997 -0.0071065159872580512 0.022219112897991146 0.024943192605465587 -0.012034487209158361 -0.0033911232454923875 -0.0007939690572748312 0.015193221090063432 -0.0081139679567851994 0.012121029928994671 0.024168980146787065
leaf_weight=15.024501683190463 12.084116318728773 13.691677656956015 63.182655654847622 30.189843378961086 55.826977505348623 32.476485228165984 10.404617432504894 61.008351683150977 10.401032224297522 1981.9122172174975 75.886826122179627 192.74750872980803 33.01675271987915 37.231939988210797
leaf_count=1236 2286 369 319 185 974 228 119 945 85 25580 390 1061 154 359
internal_value=6.67424e-05 0.000251661 0.000426371 0.00726709 0.000115796 0.00993276 0.00120486 -0.000409883 0.0160589 -6.44559e-06 0.00422541 0.000395872 -0.00440914 0.0169345
internal_weight=2625.09 2613 2597.98 93.3725 2504.6 109.109 76.6326 2395.5 20.8056 2334.49 352.575 276.688 225.764 50.9236
internal_count=34290 32004 30768 504 30264 1406 1178 28858 204 27913 2333 1943 1215 728
is_linear=0
shrinkage=0.04


Tree=143
num_leaves=15
num_cat=0
split_feature=3 8 1 10 10 7 4 9 3 10 10 5 10 10
split_gain=4.65324 9.75574 9.07086 8.24579 15.8368 12.3508 14.5927 11.8076 13.7582 8.68334 14.2002 11.7206 8.14699 7.89911
threshold=57.390625000000007 20.625000000000004 4.0237426757812509 0.22366141527891162 0.13918624445796016 3.6892175674438481 87.968750000000014 75.875000000000014 68.156250000000014 -0.20267342031002042 -0.44560900330543513 91.750000000000014 -0.11788205802440642 -0.65903896093368519
decision_type=2 2 2 2 2 2 2 2 2 2 2 2 2 2
left_child=1 2 -1 4 5 6 13 9 -9 10 11 -7 -11 -2
right_child=3 -3 -4 -5 -6 7 -8 8 -10 12 -12 -13 -14 -15
leaf_value=0.0003529732213719747 0.03234116648995139 -0.012002119630665102 -0.016011633913613998 -0.011278047542378131 0.025362654340716828 -0.010040012495820426 -0.011845654058194162 -0.0035135659657707942 0.018751247629008268 -0.016245127798804344 0.019959555583614667 0.0082712124179068584 0.0036091716174055095 0.0047135087623999287
leaf_weight=1051.5695581808686 30.315493621863425 112.17389207705855 37.100728433579206 55.784001138061285 26.130115978419781 63.331988448277116 13.103019308298824 805.86113438382745 27.175930470228195 30.600320816040039 100.01875681430101 153.35524057969451 80.134290680289268 36.696958035230637
leaf_count=19964 213 4002 250 382 143 448 165 6085 128 175 638 897 456 344
internal_value=7.95443e-05 -0.00173848 -0.000483499 0.00161709 0.00229849 0.00148272 0.0150064 0.0004022 -0.00236462 0.00565912 0.00888824 0.00252318 -0.00352322 0.0217728
internal_weight=2623.35 1200.84 1088.67 1422.51 1366.72 1340.59 80.1155 1260.48 833.037 427.441 316.706 216.687 110.735 67.0125
internal_count=34290 24216 20214 10074 9692 9549 722 8827 6213 2614 1983 1345 631 557
is_linear=0
shrinkage=0.04


Tree=144
num_leaves=15
num_cat=0
split_feature=11 4 5 4 10 9 4 9 8 8 9 9 3 11
split_gain=4.58263 3.7379 3.50529 9.70519 7.78673 9.73348 7.6887 6.81299 5.46112 6.07144 9.0825 11.1087 10.368 8.54636
threshold=0.34607414901256567 40.195312500000007 97.750000000000014 95.156250000000014 -0.72110775113105763 73.625000000000014 94.406250000000014 77.375000000000014 21.625000000000004 20.625000000000004 78.125000000000014 75.625000000000014 58.609375000000007 -0.98518332839012135
decision_type=2 2 2 2 2 2 2 2 2 2 2 2 2 2
left_child=1 -1 3 8 5 -4 -6 -8 9 -3 11 12 -11 -13
right_child=-2 2 4 -5 6 -7 7 -9 -10 10 -12 13 -14 -15
leaf_value=-0.012760094382570896 -0.014989138776537667 0.0013960798917221321 0.0082970143265511734 0.017900071421296532 -0.007044046113550563 -0.013040658847418117 0.00024995190918491539 0.020446401732490856 0.01653534893542085 -0.013905687930154594 0.0018417116968061191 0.0032129037338376855 0.010760934656141292 -0.019312671600864754
leaf_weight=14.79224036214873 11.880945491604505 1783.5172832435928 28.865329787135124 33.068029385060072 55.177721524611115 137.88002994749695 57.718587681651115 30.587817892432213 13.840833102352915 22.330136931035668 230.91279582586139 27.211532486602664 57.967741528525949 115.33543432829902
leaf_count=1236 2286 22231 159 181 310 1175 293 151 229 697 2565 357 520 1900
internal_value=8.58715e-05 0.000268013 0.000439339 0.000988562 -0.00341948 -0.00885389 0.00320649 0.00972948 0.000584694 0.000340382 -0.00369285 -0.00910716 0.00249632 -0.0151464
internal_weight=2621.09 2609.21 2594.41 2284.18 310.229 166.745 143.484 88.3064 2251.12 2237.27 453.758 222.845 80.2979 142.547
internal_count=34290 32004 30768 28680 2088 1334 754 444 28499 28270 6039 3474 1217 2257
is_linear=0
shrinkage=0.04


Tree=145
num_leaves=15
num_cat=0
split_feature=11 5 5 7 10 10 7 9 11 3 10 0 8 11
split_gain=4.47037 3.65188 3.28743 13.1805 9.04024 16.1162 11.829 7.27492 6.2816 5.92984 5.36946 8.23502 8.2675 9.32287
threshold=0.34607414901256567 54.875000000000007 78.750000000000014 6.8090558052062997 -0.72110775113105763 -0.95498320460319508 2.6904702186584477 76.625000000000014 -0.90888795256614674 59.890625000000007 0.38703845441341406 2.3126006126403813 17.625000000000004 -0.16148620098829267
decision_type=2 2 2 2 2 2 2 2 2 2 2 2 2 2
left_child=1 -1 3 4 5 -3 7 9 -9 -6 11 12 -4 -14
right_child=-2 2 10 -5 6 -7 -8 8 -10 -11 -12 -13 13 -15
leaf_value=-0.013341438877472776 -0.014848782466197086 -0.011484906655276819 -0.017675839992720616 -0.013206253334781797 -0.017031179553617291 0.030691696385447359 0.015904441027922323 0.012323654093712711 -0.011389192156677677 0.0096376440112706276 0.014384679882225542 0.00082096550832503918 -0.0060859038637551682 0.0080764183722473789
leaf_weight=11.221722136251627 11.706104653887449 7.8948206421919158 52.515304372180253 34.501697132363915 48.727417893707752 35.481550688389689 49.38581788353622 35.51536660362035 8.3001704127527756 2.9388216733932486 20.644377565942705 1944.5906369937584 276.16511607961729 80.479896195232868
leaf_count=1017 2286 821 1493 506 1796 975 511 813 174 23 297 15961 5774 1843
internal_value=8.18654e-05 0.000261352 0.000421632 0.00485544 0.00911623 0.0218134 0.00312946 -0.00508822 0.00567003 -0.013248 -3.13925e-05 -0.000277966 -0.00529565 -0.0026309
internal_weight=2620.07 2608.36 2597.14 222.746 188.244 43.3764 144.868 95.4818 43.8155 51.6662 2374.4 2353.75 409.16 356.645
internal_count=34290 32004 30987 5619 5113 1796 3317 2806 987 1819 25368 25071 9110 7617
is_linear=0
shrinkage=0.04


Tree=146
num_leaves=15
num_cat=0
split_feature=11 3 7 7 3 10 3 10 9 1 4 9 11 10
split_gain=4.37914 5.89264 7.81207 7.75793 5.27717 4.90745 4.35375 12.3888 15.076 8.44346 10.9778 7.47375 14.4429 9.73068
threshold=1.0000000180025095e-35 18.777343750000004 19.166421890258793 24.775886535644535 54.578125000000007 -0.9259815216064452 55.453125000000007 -0.99574989080429066 77.125000000000014 2.0942687988281254 92.718750000000014 74.125000000000014 -0.98518332839012135 -0.86928081512451161
decision_type=2 2 2 2 2 2 2 2 2 2 2 2 2 2
left_child=6 5 -3 4 -4 -2 9 8 -8 11 -11 12 -1 -13
right_child=1 2 3 -5 -6 -7 7 -9 -10 10 -12 13 -14 -15
leaf_value=0.022923185431591744 0.021274483799077284 -0.015718768924331227 0.025211617556825373 -0.0099059303469283926 -0.0039553438644676494 -0.0070269665905394185 0.027720573035984721 0.00086371024759194603 -0.0080747306855742246 -0.021961090636076316 0.0069407056490025255 0.0034082207324511939 4.2629820087917132e-05 -0.0074610037867372109
leaf_weight=36.567930742632598 2.820798025932163 75.494569404050708 8.4009078349918145 16.046889929100871 8.0422326531261188 4.2309417626820496 38.176641002297401 1629.7218899950385 16.952701091766357 46.389495000243187 19.405767761170864 202.64454772043973 201.27180813346058 313.30987012106925
leaf_count=307 215 5381 155 215 155 737 169 11897 197 346 96 2857 2341 9222
internal_value=7.39025e-05 -0.00694471 -0.00979039 0.00472543 0.0166044 0.0116529 0.000448754 0.0016067 0.0174939 -0.00191324 -0.0138059 -0.000545177 0.00506574 -0.00322416
internal_weight=2619.48 115.036 107.985 32.49 16.4431 7.05174 2504.44 1684.85 55.1293 819.589 65.7953 753.794 237.84 515.954
internal_count=34290 6858 5906 525 310 952 27432 12263 366 15169 442 14727 2648 12079
is_linear=0
shrinkage=0.04


Tree=147
num_leaves=15
num_cat=0
split_feature=5 10 10 11 9 9 8 4 8 4 11 3 8 3
split_gain=4.28373 3.47476 16.2759 12.6069 14.5766 23.2569 11.6745 13.3396 10.5212 12.7933 10.0674 29.8805 19.5597 11.075
threshold=56.375000000000007 -0.44560900330543513 -0.52077846229076374 -0.95453116297721852 76.875000000000014 78.375000000000014 18.125000000000004 93.593750000000014 19.875000000000004 71.890625000000014 -0.97646176815032948 65.015625000000014 17.125000000000004 64.421875000000014
decision_type=2 2 2 2 2 2 2 2 2 2 2 2 2 2
left_child=-1 2 -2 10 8 -6 -4 -8 9 -5 13 12 -12 -3
right_child=1 3 6 4 5 -7 7 -9 -10 -11 11 -13 -14 -15
leaf_value=-0.013857367552584113 0.00020348097432256658 0.0043098961398562886 0.007138445212268342 -0.008956724744895157 0.03096596784884259 0.0016338079194805123 -0.027006437196432392 0.0085759779661215285 -0.013493038571138774 0.011158068695158093 0.012738381208648474 0.017288278875202488 -0.020312263549105498 -0.0099328105773562846
leaf_weight=14.821340254973618 1355.2268560905941 455.37966119125485 19.471637368202209 56.533857356291264 66.867919027805328 90.852484552655369 66.768225469626486 10.912479937076567 43.130236842203885 139.86782326642424 20.348845142871141 40.379898399114609 149.57962593110278 87.453367471694946
leaf_count=1584 20013 4964 246 983 558 576 848 49 601 1137 171 206 1801 553
internal_value=8.08527e-05 0.000265287 -0.00103003 0.00189029 0.00747166 0.0161549 -0.0153341 -0.0212754 0.000949805 0.00507539 -0.00117078 -0.00819207 -0.0154298 0.0017439
internal_weight=2617.59 2602.77 1452.38 1150.39 397.252 157.72 97.1523 77.6807 239.532 196.402 753.141 210.308 169.928 542.833
internal_count=34290 32706 21156 11550 3855 1134 1143 897 2721 2120 7695 2178 1972 5517
is_linear=0
shrinkage=0.04


Tree=148
num_leaves=15
num_cat=0
split_feature=11 5 5 4 10 9 4 9 8 8 9 9 3 10
split_gain=4.25946 3.42461 3.3665 9.12636 7.17134 9.18802 7.2204 6.6399 5.33016 5.69702 8.66252 10.6315 9.83559 8.2178
threshold=0.34607414901256567 54.875000000000007 97.750000000000014 95.156250000000014 -0.72110775113105763 73.625000000000014 94.406250000000014 77.375000000000014 21.625000000000004 20.625000000000004 78.125000000000014 75.625000000000014 58.609375000000007 -0.72110775113105763
decision_type=2 2 2 2 2 2 2 2 2 2 2 2 2 2
left_child=1 -1 3 8 5 -4 -6 -8 9 -3 11 12 -11 -12
right_child=-2 2 4 -5 6 -7 7 -9 -10 10 13 -13 -14 -15
leaf_value=-0.013001868054534065 -0.014575766995737233 0.0013308226837622399 0.0080413229608708343 0.017332845302902602 -0.0069334290330097829 -0.012703066881734823 3.6236210195935029e-05 0.019906206380498743 0.016282114744673632 -0.013644753678635694 0.010520503687724357 -0.014860370054036384 0.010429692283356032 -0.0038407705168512865
leaf_weight=10.847657790873198 11.371154573280362 1785.6292376732454 28.884320860728621 33.129566058516502 55.161555467173457 136.9547156598419 57.740962296724319 30.511701799929142 13.957656511571257 21.975897059310228 83.809127708896995 141.23801278183237 58.264934549108148 147.16490230709314
leaf_count=1017 2286 22408 159 181 310 1175 293 151 228 701 1255 2299 520 1307
internal_value=7.67849e-05 0.000251293 0.000405745 0.000943235 -0.00338197 -0.00861343 0.0029813 0.00931444 0.000551676 0.000310231 -0.00360342 -0.00891394 0.00242943 0.00179334
internal_weight=2616.64 2605.27 2594.42 2285.17 309.253 165.839 143.414 88.2527 2252.04 2238.08 452.453 221.479 80.2408 230.974
internal_count=34290 32004 30987 28899 2088 1334 754 444 28718 28490 6082 3520 1221 2562
is_linear=0
shrinkage=0.04


Tree=149
num_leaves=15
num_cat=0
split_feature=11 4 5 7 11 10 9 10 3 9 10 0 9 10
split_gain=4.15823 3.35486 3.5337 12.7644 8.56981 10.7114 10.8069 8.16086 7.93361 6.85248 5.23407 7.49446 8.23828 17.2203
threshold=0.34607414901256567 40.195312500000007 78.750000000000014 6.8090558052062997 -0.94134241342544545 -0.95498320460319508 79.875000000000014 0.38703845441341406 54.234375000000007 76.375000000000014 0.38703845441341406 2.3126006126403813 75.375000000000014 -0.72110775113105763
decision_type=2 2 2 2 2 2 2 2 2 2 2 2 2 2
left_child=1 -1 3 4 8 -6 7 9 -3 -7 11 12 -4 -14
right_child=-2 2 10 -5 5 6 -8 -9 -10 -11 -12 -13 13 -15
leaf_value=-0.012215170008356369 -0.014440906434006924 -0.012797340423196895 -0.011318470855143179 -0.012850322965547913 -0.011532644953593765 0.0077650807868390546 -0.011105143496851462 -0.0034083096527317007 0.008479844829216621 0.034551734225801385 0.014150705554126071 0.00074411689740193311 0.0077894307464765949 -0.012687708537636445
leaf_weight=14.136285056825725 11.208324058679862 31.058292550966144 169.66884179320186 33.954383708536625 7.9467814378440371 39.121529671829194 5.600626931525766 12.557817707769571 42.504592437297106 45.985978189855814 20.778688341379166 1943.9323984021321 150.20737579185516 87.027855195105076
leaf_count=1236 2286 1441 4242 504 867 1149 52 225 512 650 297 15961 2988 1880
internal_value=7.46065e-05 0.000246645 0.000407723 0.00504643 0.00926901 0.0154059 0.0190137 0.0223349 -0.0013187 0.0260592 -5.87212e-05 -0.00030263 -0.00510391 -0.000124865
internal_weight=2615.69 2604.48 2590.35 218.73 184.776 111.213 103.266 97.6653 73.5629 85.1075 2371.62 2350.84 406.904 237.235
internal_count=34290 32004 30768 5400 4896 2943 2076 2024 1953 1799 25368 25071 9110 4868
is_linear=0
shrinkage=0.04


Tree=150
num_leaves=15
num_cat=0
split_feature=11 8 8 9 11 10 4 4 3 10 3 9 7 7
split_gain=4.05434 3.29849 3.99975 11.4761 11.9237 16.7884 14.2134 16.266 9.47208 9.9839 9.07105 10.0659 10.0509 9.07795
threshold=0.34607414901256567 21.625000000000004 20.625000000000004 78.125000000000014 -0.24558732658624646 -0.59209755063056935 93.031250000000014 68.140625000000014 61.078125000000007 -0.8288312256336211 58.421875000000007 75.625000000000014 11.260449886322023 36.820079803466804
decision_type=2 2 2 2 2 2 2 2 2 2 2 2 2 2
left_child=1 2 -1 10 5 8 7 -7 9 -5 -4 -12 -13 -14
right_child=-2 -3 3 4 -6 6 -8 -9 -10 -11 11 12 13 -15
leaf_value=0.00085635805969484812 -0.01430784393376539 0.012057507298951201 -0.019149921384569411 0.013343754752081547 -0.017620128043088445 0.011256575873634694 0.020654613690603955 -0.015864593377141103 0.024323502533421099 -0.013385421569854892 0.0080201965897358854 0.0049361812564028447 -0.025493013488672337 0.0018018662589530257
leaf_weight=2065.1389137674123 11.049275690689681 17.203200153075159 72.802253303583711 29.372704804874957 21.845201889052987 33.912031840533018 13.235177621245382 98.565896488726139 60.645781442523003 21.041127354837954 63.474110994488001 38.449825240299106 44.061491298489273 24.441331721842289
leaf_count=24864 2286 252 2240 265 777 588 58 797 329 294 553 410 454 123
internal_value=6.21626e-05 0.000231714 6.11755e-05 -0.00300111 0.00249837 0.00535955 -0.00354634 -0.00835619 0.0158024 0.00155459 -0.00901193 -0.0031248 -0.0099606 -0.017548
internal_weight=2615.24 2604.19 2586.99 521.847 278.618 256.773 145.713 132.478 111.06 50.4138 243.229 170.427 106.953 68.5028
internal_count=34290 32004 31752 6888 3108 2331 1443 1385 888 559 3780 1540 987 577
is_linear=0
shrinkage=0.04


Tree=151
num_leaves=15
num_cat=0
split_feature=5 10 10 8 4 11 1 8 11 9 6 7 8 11
split_gain=3.97582 3.33764 15.2136 11.1502 12.5416 10.9683 14.7642 9.86754 18.1463 16.1213 28.672 12.3283 14.429 14.1695
threshold=58.875000000000007 -0.44560900330543513 -0.52077846229076374 18.125000000000004 93.593750000000014 -0.95453116297721852 3.5568237304687504 19.875000000000004 -0.9911728799343108 78.875000000000014 30.352239608764652 48.517299652099616 17.375000000000004 -0.9985557198524474
decision_type=2 2 2 2 2 2 2 2 2 2 2 2 2 2
left_child=-1 2 -2 -4 -5 7 -7 8 11 10 -10 13 -13 -3
right_child=1 5 3 4 -6 6 -8 -9 9 -11 -12 12 -14 -15
leaf_value=-0.012295453817013319 0.00016952102297698797 -0.0075168820230767965 0.0069874900077616688 -0.026429295845574109 0.0081871395535314407 0.004012885597779777 0.02743655043597332 0.0046833984336228599 -0.022576637996530757 0.011154579788963439 0.0092019852986072632 0.0094782197114781468 -0.025015610640471374 0.014899029540808836
leaf_weight=21.053132737288252 1353.6098824590445 50.680971185676754 19.496401011012495 65.514723060652614 10.95438578724861 364.08591931127012 30.70617002248764 282.6440774933435 167.76632792130113 28.580680811777711 47.65387874096632 19.477917701005936 25.788330078125 126.2184120840393
leaf_count=1995 19823 594 246 848 49 3573 178 2877 2252 163 250 106 166 1170
internal_value=5.64056e-05 0.000250022 -0.00101923 -0.0149241 -0.0208011 0.00184873 0.0070698 -0.00101626 -0.00452256 -0.0116465 -0.0153622 0.00361723 -0.0118169 0.00836575
internal_weight=2614.23 2593.18 1449.58 95.9655 76.4691 1143.6 394.792 748.811 466.167 244.001 215.42 222.166 45.2662 176.899
internal_count=34290 32295 20966 1143 897 11329 3751 7578 4701 2665 2502 2036 272 1764
is_linear=0
shrinkage=0.04


Tree=152
num_leaves=15
num_cat=0
split_feature=11 3 11 11 4 5 11 4 5 10 10 10 3 3
split_gain=3.94177 3.32118 6.4423 4.3083 8.24061 7.19204 5.90301 6.48355 5.92945 3.95141 16.117 12.4219 13.6808 11.243
threshold=0.34607414901256567 26.335937500000004 0.26428173482418066 0.18053535372018817 80.265625000000014 95.750000000000014 1.0000000180025095e-35 80.015625000000014 87.250000000000014 -0.86928081512451161 -0.77784499526023854 -0.94087398052215565 47.859375000000007 61.296875000000007
decision_type=2 2 2 2 2 2 2 2 2 2 2 2 2 2
left_child=1 -1 3 6 -5 -6 9 8 -8 11 -11 12 -3 -14
right_child=-2 2 -4 4 5 -7 7 -9 -10 10 -12 -13 13 -15
leaf_value=0.013891943648543893 -0.014156398536997978 0.015218664044969521 -0.016396033786239671 -0.0086640649262580745 0.030615750566472994 -0.0043297048075010662 -0.0097262941460099714 -0.019759866315025118 0.01539628725621507 -0.012896731901220799 0.0005485907354448533 0.0091896098953149728 -0.0077758729489905837 0.0069874046817683527
leaf_weight=8.1280903923325223 10.870090516284106 48.924206227064133 17.469533186405897 9.0999355618841964 11.066793520003559 7.2389732850715509 11.319435126613827 28.202246496453881 10.085652142763136 136.05084296362475 1646.1685775201768 277.31526956241578 296.99627537094057 94.232941973954439
leaf_count=794 2286 846 716 665 200 119 696 925 462 2286 18284 2286 3172 553
internal_value=5.41152e-05 0.000220991 7.22026e-05 0.000309278 0.0122574 0.0217512 8.64162e-05 -0.0114052 0.00383009 0.00040319 -0.000609527 0.00286712 -0.00134259 -0.00405305
internal_weight=2613.17 2602.3 2594.17 2576.7 27.4057 18.3058 2549.3 49.6073 21.4051 2499.69 1782.22 717.469 440.153 391.229
internal_count=34290 32004 31210 30494 984 319 29510 2083 1158 27427 20570 6857 4571 3725
is_linear=0
shrinkage=0.04


Tree=153
num_leaves=15
num_cat=0
split_feature=5 11 3 8 9 5 3 4 3 10 9 9 9 8
split_gain=3.87751 3.21798 6.10127 7.28792 10.1895 6.8203 5.07392 6.02184 4.52359 12.0421 14.1312 8.39426 8.58071 8.50116
threshold=54.875000000000007 1.0000000180025095e-35 18.777343750000004 18.875000000000004 74.875000000000014 85.750000000000014 38.640625000000007 70.359375000000014 55.453125000000007 -0.99574989080429066 77.125000000000014 77.375000000000014 78.625000000000014 19.625000000000004
decision_type=2 2 2 2 2 2 2 2 2 2 2 2 2 2
left_child=-1 6 -3 4 -4 -6 7 -2 11 10 -10 13 -13 -8
right_child=1 2 3 -5 5 -7 8 -9 9 -11 -12 12 -14 -15
leaf_value=-0.013827126850834322 -0.0060038257492803461 0.01287279165827657 -0.010093161790649157 -0.018145803125972415 -0.0063981160143992888 0.024374995227545177 -0.0016813170809352731 0.023620674775520892 0.026962885576958862 0.00074718682694461288 -0.0078033264868520216 0.015730449176171567 -0.0060824889118155203 -0.013452817379956785
leaf_weight=11.8280235924758 6.8278375905938473 6.4285619449801734 37.863889321219176 45.377287225332111 7.1867630169726935 14.128307060804216 599.73875502962619 10.946837388910351 38.386316627264023 1627.6787266861647 16.729433044791222 57.724997738841921 32.288885883055627 99.330467435065657
leaf_count=1359 536 834 1249 3476 549 315 9413 224 169 11896 197 1042 567 2464
internal_value=5.07832e-05 0.000218945 -0.00589542 -0.00893106 0.000933375 0.0159248 0.000536323 0.0150872 0.00031144 0.0014792 0.0171422 -0.00215393 0.00822262 -0.00368158
internal_weight=2612.47 2600.64 110.985 104.556 59.179 21.3151 2489.65 17.7747 2471.88 1682.79 55.1157 789.083 90.0139 699.069
internal_count=34290 32931 6423 5589 2113 864 26508 760 25748 12262 366 13486 1609 11877
is_linear=0
shrinkage=0.04


Tree=154
num_leaves=15
num_cat=0
split_feature=11 8 9 11 10 7 7 8 5 10 9 4 10 10
split_gain=3.81818 3.2202 8.47824 16.6195 21.3113 21.7927 26.138 18.5529 13.1861 12.3418 11.4447 11.1058 10.8404 10.9571
threshold=0.34607414901256567 19.125000000000004 76.375000000000014 -0.92554321885108937 -0.59209755063056935 14.507102966308596 0.93759298324584972 16.875000000000004 90.250000000000014 -0.59209755063056935 73.625000000000014 85.515625000000014 1.0000000180025095e-35 -0.11788205802440642
decision_type=2 2 2 2 2 2 2 2 2 2 2 2 2 2
left_child=1 2 3 7 -5 6 -6 -1 -4 -10 -9 -7 13 -12
right_child=-2 -3 8 4 5 11 -8 10 9 -11 12 -13 -14 -15
leaf_value=0.0083456432423387149 -0.013979117136485253 -0.00099276560822033027 0.01914401957682161 -0.00020861321782330048 -0.0083989571127463143 -0.01418172115407307 0.041569758690561141 -0.00048203309026564374 -0.01196608452004301 0.012276455749508617 -0.014609205448348657 0.011027718624711955 -0.027313557122503124 0.009239269447140111
leaf_weight=86.845809449441731 10.662662114249541 1489.215267626103 84.356362889055163 436.77122364798561 14.34379081847146 26.678633999079466 49.188008127734065 100.89019046723843 54.400967124849558 41.404799666255713 61.656678361818194 49.934713535010815 72.203814431093633 32.547444837167859
leaf_count=567 2286 18480 1397 6075 461 148 739 567 538 249 837 272 1395 279
internal_value=5.45806e-05 0.000218377 0.00183036 0.000219961 0.00435844 0.0168404 0.0309783 -0.00639441 0.00929919 -0.00117831 -0.0114311 0.00113066 -0.0173053 -0.00619452
internal_weight=2611.1 2600.44 1111.22 931.06 576.916 140.145 63.5318 354.144 180.162 95.8058 267.298 76.6133 166.408 94.2041
internal_count=34290 32004 13524 11340 7695 1620 1200 3645 2184 787 3078 420 2511 1116
is_linear=0
shrinkage=0.04


Tree=155
num_leaves=15
num_cat=0
split_feature=5 8 4 3 9 10 3 8 6 6 10 10 6 4
split_gain=3.78757 3.16895 3.43355 7.56646 7.92362 6.45611 6.46804 5.23235 7.6096 9.48744 28.0751 19.4201 11.0413 12.4675
threshold=54.875000000000007 21.625000000000004 94.968750000000014 64.859375000000014 74.375000000000014 -0.28596631437540049 51.921875000000007 20.625000000000004 0.73429495096206676 3.8508340120315556 -0.8288312256336211 -0.77784499526023854 5.9235649108886728 90.906250000000014
decision_type=2 2 2 2 2 2 2 2 2 2 2 2 2 2
left_child=-1 2 7 4 5 6 -4 -2 -9 11 12 -10 -11 -14
right_child=1 -3 3 -5 -6 -7 -8 8 9 10 -12 -13 13 -15
leaf_value=-0.013695357426955488 0.00057770262497686868 0.011791357525362662 -0.0036653442835070243 0.016800460859070852 -0.0097473044096760726 -0.0059761829432310211 0.020280161354850813 -0.016734407330387661 -0.01418913787351561 -0.011560259673189821 -0.013824655048336829 0.016603362276564487 0.021118775223695811 -0.0067163737053235854
leaf_weight=11.674655794631688 1918.5225880523212 17.328678807476535 18.463491458445787 41.225934753194451 57.108723825775087 27.860263746231794 37.878141731023788 45.767255619866773 30.71266911085695 17.743453172966838 206.31366337090731 80.748607163317502 74.863142807036638 24.436612530611455
leaf_count=1359 24989 255 121 218 386 134 185 2091 612 272 1826 895 767 180
internal_value=5.41974e-05 0.000220075 5.2357e-05 0.00505487 -2.99285e-05 0.00716661 0.0135286 -0.000366905 -0.00401025 -0.00199397 -0.00541737 0.00725078 0.00925705 0.0142912
internal_weight=2610.65 2598.97 2581.64 182.537 141.311 84.2019 56.3416 2399.11 480.585 434.818 323.357 111.461 117.043 99.2998
internal_count=34290 32931 32676 1044 826 440 306 31632 6643 4552 3045 1507 1219 947
is_linear=0
shrinkage=0.04


Tree=156
num_leaves=15
num_cat=0
split_feature=11 3 11 11 4 5 11 4 5 11 3 10 9 1
split_gain=3.70617 3.266 6.14172 4.29009 7.85887 6.86255 5.42372 6.29569 5.67172 3.77412 3.6453 11.1928 13.3816 8.10454
threshold=0.34607414901256567 26.335937500000004 0.26428173482418066 0.18053535372018817 80.265625000000014 95.750000000000014 1.0000000180025095e-35 80.015625000000014 87.250000000000014 0.26428173482418066 55.453125000000007 -0.99574989080429066 77.125000000000014 2.0942687988281254
decision_type=2 2 2 2 2 2 2 2 2 2 2 2 2 2
left_child=1 9 3 6 -5 -6 10 8 -8 -1 13 12 -12 -3
right_child=-2 2 -4 4 5 -7 7 -9 -10 -11 11 -13 -14 -15
leaf_value=-0.0055485292826587054 -0.013819682244988767 -0.00045531068573698131 -0.016104766792633764 -0.0084385949022646543 0.029940266311236328 -0.0042317472823952974 -0.0095006942650846336 -0.019363154927475607 0.015101904737962631 0.020636867162456198 0.026037020980338721 0.00072469544940820534 -0.0077256110813751326 -0.013488038660197472
leaf_weight=3.1803867509588581 10.478592556668444 750.55956006748602 17.071113374549896 8.9019525316543895 11.327913228422405 7.1761609166860572 11.099995501339437 27.439862880855799 10.235763091128318 5.020543709397316 38.641124919056892 1626.8158930763602 16.671615157276392 65.196926581673324
leaf_count=367 2286 14722 716 665 200 119 696 925 462 427 169 11897 197 442
internal_value=4.87185e-05 0.000209719 6.18875e-05 0.000292444 0.0122151 0.0213734 6.99534e-05 -0.0110132 0.00389847 0.0137488 0.000372132 0.00143172 0.0165115 -0.00179476
internal_weight=2609.82 2599.34 2591.14 2574.07 27.406 18.5041 2546.66 48.7756 21.3358 8.20093 2497.89 1682.13 55.3127 815.756
internal_count=34290 32004 31210 30494 984 319 29510 2083 1158 794 27427 12263 366 15164
is_linear=0
shrinkage=0.04


Tree=157
num_leaves=15
num_cat=0
split_feature=5 10 10 4 10 8 4 3 4 9 3 8 1 9
split_gain=3.67731 3.26799 14.2405 10.6739 11.7849 10.5821 12.0867 8.68455 10.3827 20.8306 12.8659 11.7625 10.9024 10.5504
threshold=54.875000000000007 -0.44560900330543513 -0.52077846229076374 90.718750000000014 0.053682003635913141 18.125000000000004 93.593750000000014 63.109375000000007 89.406250000000014 75.375000000000014 60.859375000000007 20.375000000000004 1.4247894287109377 73.125000000000014
decision_type=2 2 2 2 2 2 2 2 2 2 2 2 2 2
left_child=-1 2 7 -3 -5 -4 -7 8 10 -10 11 13 -13 -2
right_child=1 3 5 4 -6 6 -8 -9 9 -11 -12 12 -14 -15
leaf_value=-0.013541671200845413 -0.014425469900629623 8.1589686013373963e-05 0.0067400084787541904 0.01489631923677753 -0.0083368786184895346 -0.025926360150594657 0.0080637396731681101 0.0082568534978291128 0.0034210896427712585 -0.016553885211905033 0.014624054037630932 -0.013553706598356087 0.0091693792130546712 0.0034569766513249944
leaf_weight=11.497888287995009 38.002246239222586 976.67133324360475 19.628905735909939 142.85867062956095 30.493493616580963 64.576526573859155 10.954971611499785 161.44766451884061 147.54181034862995 156.77230261079967 80.019494105130434 143.09670003363863 27.557056090794504 598.12114584608935
leaf_count=1359 429 10765 246 711 173 848 49 851 1112 1443 565 3876 346 11517
internal_value=4.45681e-05 0.000207703 -0.00105105 0.00178317 0.0103699 -0.014554 -0.0203404 9.71973e-05 -0.00112688 -0.0072556 0.0010899 -0.000573765 -0.00930743 0.00198152
internal_weight=2609.24 2597.74 1447.72 1150.02 173.352 95.1604 75.5315 1352.56 1191.11 304.314 886.797 806.777 170.654 636.123
internal_count=34290 32931 21282 11649 884 1143 897 20139 19288 2555 16733 16168 4222 11946
is_linear=0
shrinkage=0.04


Tree=158
num_leaves=15
num_cat=0
split_feature=11 5 4 10 9 4 9 8 8 4 10 6 4 1
split_gain=3.60169 3.27349 8.51547 6.39817 8.46387 6.52099 6.15258 5.01824 4.88363 8.26488 6.74942 15.6288 10.5686 10.1167
threshold=0.34607414901256567 97.750000000000014 95.156250000000014 -0.72110775113105763 73.625000000000014 94.406250000000014 77.375000000000014 21.625000000000004 20.625000000000004 83.171875000000014 -0.8288312256336211 5.9235649108886728 90.906250000000014 0.65574645996093761
decision_type=2 2 2 2 2 2 2 2 2 2 2 2 2 2
left_child=1 2 7 4 -3 -5 -7 8 -1 -10 11 -11 -13 -12
right_child=-2 3 -4 5 -6 6 -8 -9 9 10 13 12 -14 -15
leaf_value=0.0010564916400789641 -0.013674276809447486 0.00754462660755443 0.016577141196183771 -0.0068746945269388092 -0.012442021459698898 -0.00026737609299155938 0.018798511085592197 0.015533400468369754 -0.007887787600572016 -0.01278060253099738 0.01288757902684542 0.025466318315167262 -0.0055936653748225795 -0.010314780328977969
leaf_weight=1791.4570618513972 10.312565200030802 28.815762028098106 32.969210416078568 55.068684944882989 135.76744128298014 57.602250151336193 30.203032486140728 14.293076455127446 261.56488660536706 20.215936880558729 23.738117590546608 48.965376308187842 15.15567346010357 81.215849138796329
leaf_count=23029 2286 159 181 310 1175 293 151 229 4881 333 218 414 119 512
internal_value=3.48653e-05 0.000193389 0.000722623 -0.00355114 -0.00850438 0.00249837 0.00856167 0.000347392 0.000114125 -0.00351616 0.00270112 0.010022 0.0185405 -0.00384414
internal_weight=2607.34 2597.03 2289.58 307.457 164.583 142.874 87.8053 2256.61 2242.31 450.856 189.291 84.337 64.121 104.954
internal_count=34290 32004 29916 2088 1334 754 444 29735 29506 6477 1596 866 533 730
is_linear=0
shrinkage=0.04


Tree=159
num_leaves=15
num_cat=0
split_feature=5 11 9 8 10 10 10 1 10 9 8 7 10 4
split_gain=3.56573 3.25891 15.0702 20.345 18.9861 13.6654 15.5609 9.97474 18.4472 15.2904 14.7177 9.6179 19.7874 27.2779
threshold=54.875000000000007 -0.32787269353866572 76.875000000000014 17.625000000000004 -0.96635594964027394 -0.86928081512451161 -0.77784499526023854 0.97160339355468761 -0.90843567252159108 74.875000000000014 20.375000000000004 10.825288295745851 -0.72110775113105763 86.828125000000014
decision_type=2 2 2 2 2 2 2 2 2 2 2 2 2 2
left_child=-1 5 3 -3 -5 7 -7 8 -2 -10 -11 12 13 -8
right_child=1 2 -4 4 -6 6 11 -9 9 10 -12 -13 -14 -15
leaf_value=-0.013377230823803968 -0.011511312625388639 -0.012656936819040614 -0.011791603146394341 0.012537873869401162 -0.0097628817835070901 -0.012528831221818739 0.037128344089780344 0.016387706151346052 -0.011371734930788626 0.030846890365215072 -0.0046617943968821048 -0.0017066077032252608 0.0016276401821933434 -0.0056526244674924035
leaf_weight=11.31069482071325 72.65949884057045 92.913660424528643 167.23257682984695 223.73774937726557 65.041504539083689 134.50789152644575 42.002288316376507 125.09364197403193 17.502069504931569 42.989633571356535 19.883044476620853 994.84519285336137 565.30980041343719 31.198393637314439
leaf_count=1359 667 1546 4215 3292 1942 2286 480 754 261 407 197 6493 10079 312
internal_value=4.16064e-05 0.000201964 -0.00248048 0.00198301 0.00720807 0.000938691 -0.000392891 0.00886118 0.00152578 0.0132568 0.0212025 0.000745979 0.00450306 0.0215947
internal_weight=2606.23 2594.92 548.925 381.693 288.779 2045.99 1767.86 278.128 153.034 80.3747 62.8727 1633.36 638.51 73.2007
internal_count=34290 32931 10995 6780 5234 21936 19650 2286 1532 865 604 17364 10871 792
is_linear=0
shrinkage=0.04


Tree=160
num_leaves=15
num_cat=0
split_feature=3 1 8 11 10 10 7 4 4 9 10 10 1 0
split_gain=3.48967 7.69847 8.61524 12.6421 7.35774 15.318 11.282 12.961 10.3685 15.2339 8.93228 11.1956 9.36913 10.5775
threshold=57.390625000000007 4.0237426757812509 20.375000000000004 -0.92554321885108937 0.22366141527891162 0.13918624445796016 3.6892175674438481 87.593750000000014 81.640625000000014 77.875000000000014 -0.44560900330543513 -0.28596631437540049 2.0736694335937504 11.449384689331056
decision_type=2 2 2 2 2 2 2 2 2 2 2 2 2 2
left_child=1 2 -1 -4 5 6 7 -2 9 -8 -10 12 13 -12
right_child=4 -3 3 -5 -6 -7 8 -9 10 -11 11 -13 -14 -15
leaf_value=0.00054177927441350748 0.020541288345853382 -0.015849750000689177 0.0069487232409504423 -0.016216987770836418 -0.010871173671674655 0.024665945896716779 0.00058301084832172311 -0.011038859600014127 -0.00069541466264251258 -0.016340249521465504 0.014998006503614937 0.0016399206464508083 0.028866964032026026 -0.009410054109205512
leaf_weight=1012.3191265251953 66.927403599955142 37.379714626818895 41.450026207137853 99.863190517760813 54.933397494256496 26.241821452975273 233.36992096528411 13.399601619690655 564.60246968921274 112.78798078373075 50.404246062040329 223.91415063291788 38.024989262223244 30.315879598259926
leaf_count=18840 552 262 1180 3934 382 143 1969 170 3841 1085 355 1217 203 157
internal_value=3.98894e-05 -0.00154167 -0.00081587 -0.00940295 0.0013741 0.00201911 0.0012157 0.0141229 0.000179706 -0.0055224 0.00242748 0.00732769 0.0162705 0.00578284
internal_weight=2605.93 1191.01 1153.63 141.313 1414.92 1359.99 1333.75 80.327 1253.42 346.158 907.262 342.659 118.745 80.7201
internal_count=34290 24216 23954 5114 10074 9692 9549 722 8827 3054 5773 1932 715 512
is_linear=0
shrinkage=0.04


Tree=161
num_leaves=15
num_cat=0
split_feature=5 11 9 8 10 10 10 6 3 9 7 10 3 4
split_gain=3.47478 2.97974 13.9587 19.0449 17.6922 12.9242 14.434 9.33092 13.2106 11.5611 8.86277 18.4649 27.1901 30.8221
threshold=54.875000000000007 -0.32787269353866572 76.875000000000014 17.625000000000004 -0.96635594964027394 -0.86928081512451161 -0.77784499526023854 14.044421672821047 59.890625000000007 74.625000000000014 10.825288295745851 -0.65903896093368519 51.078125000000007 87.015625000000014
decision_type=2 2 2 2 2 2 2 2 2 2 2 2 2 2
left_child=-1 5 3 -3 -5 7 -7 8 9 -2 11 12 -8 -14
right_child=1 2 -4 4 -6 6 10 -9 -10 -11 -12 -13 13 -15
leaf_value=-0.013237142904568183 -0.0073805200336747702 -0.01231356774528059 -0.011388230724366405 0.012045009638038964 -0.0094992859024788795 -0.01213970143264342 -0.013782181857849071 0.019974348818086698 -0.012889498177787154 0.013927578919341772 -0.0016577819904539676 0.0011143041256462362 0.042493857904208898 -0.0037970560650802043
leaf_weight=11.152755042305214 41.319402047432959 92.255569972796366 165.42631698562764 225.28214051155373 64.656588135054335 133.05912875989452 20.015290208626539 64.485220454633236 40.837073892354965 132.11361352726817 993.56062085367739 540.82483783038333 49.531025342643261 29.840935911983252
leaf_count=1359 445 1546 4215 3292 1942 2286 821 317 253 1271 6493 9257 508 285
internal_value=4.33567e-05 0.000201345 -0.00236724 0.00190948 0.00693766 0.00090524 -0.000391492 0.00860029 0.00376423 0.00861283 0.000700557 0.00429987 0.0185438 0.0278287
internal_weight=2604.36 2593.21 547.621 382.194 289.939 2045.59 1766.83 278.755 214.27 173.433 1633.77 640.212 99.3873 79.372
internal_count=34290 32931 10995 6780 5234 21936 19650 2286 1969 1716 17364 10871 1614 793
is_linear=0
shrinkage=0.04


Tree=162
num_leaves=15
num_cat=0
split_feature=3 1 8 11 9 10 10 7 4 1 4 9 3 9
split_gain=3.4512 7.3445 8.1327 12.0997 7.14025 6.96601 14.5975 9.79396 11.8714 10.0316 16.8091 15.1497 12.2408 11.569
threshold=57.390625000000007 4.0237426757812509 20.375000000000004 -0.92554321885108937 77.125000000000014 0.22366141527891162 0.13918624445796016 3.6892175674438481 87.593750000000014 1.9500732421875002 87.781250000000014 77.875000000000014 62.984375000000007 73.875000000000014
decision_type=2 2 2 2 2 2 2 2 2 2 2 2 2 2
left_child=1 2 -1 4 -4 6 7 8 -2 10 11 13 -12 -9
right_child=5 -3 3 -5 -6 -7 -8 9 -10 -11 12 -13 -14 -15
leaf_value=0.00048860069717020726 0.019271875707270816 -0.015539668525370814 -0.0086779022399330989 -0.015934124052686408 0.015860657823431667 -0.010568129076534623 0.024069401039781644 -0.010175902803861327 -0.010856748505925294 0.0047730616545054476 -0.0009156964826920477 -0.014852573708306172 0.016651930421428717 0.0040777394726970659
leaf_weight=1013.1233871947043 67.892762898467481 37.153591768816113 15.846004385966806 98.649195187957957 25.824140531010926 54.719767924398184 26.367383860051632 124.1201509013772 13.243063023313878 465.54313525557518 159.27088880911469 190.36599779501557 83.403413292951882 228.71821093652397
leaf_count=18840 552 262 562 3934 618 382 143 619 170 2649 1163 1827 437 2132
internal_value=3.79339e-05 -0.00153495 -0.000826673 -0.00919938 0.00674123 0.00136557 0.00199242 0.00120613 0.0131798 0.00023471 -0.00250548 -0.00635084 0.00593019 -0.00121325
internal_weight=2604.24 1190.6 1153.44 140.319 41.6701 1413.64 1358.93 1332.56 81.1358 1251.42 785.879 543.204 242.674 352.838
internal_count=34290 24216 23954 5114 1180 10074 9692 9549 722 8827 6178 4578 1600 2751
is_linear=0
shrinkage=0.04


Tree=163
num_leaves=15
num_cat=0
split_feature=5 10 10 8 4 11 1 8 11 6 9 7 8 11
split_gain=3.3945 2.96682 13.3392 10.1146 11.3916 9.65519 14.0506 8.71691 17.5824 15.3396 27.3251 11.6402 13.6167 13.3609
threshold=54.875000000000007 -0.44560900330543513 -0.52077846229076374 18.125000000000004 93.593750000000014 -0.95453116297721852 3.5568237304687504 19.875000000000004 -0.9911728799343108 32.679927825927741 78.875000000000014 48.517299652099616 17.375000000000004 -0.9985557198524474
decision_type=2 2 2 2 2 2 2 2 2 2 2 2 2 2
left_child=-1 2 -2 -4 -5 7 -7 8 11 10 -10 13 -13 -3
right_child=1 5 3 4 -6 6 -8 -9 9 -11 -12 12 -14 -15
leaf_value=-0.013119229096511056 9.9007205798601328e-05 -0.0072864173858487192 0.0066090490639646362 -0.025343062602628856 0.0077309309416106762 0.0036360026840497012 0.026498417228720358 0.0043256664084659578 -0.021716869705622598 0.0072871906692956543 0.014085830262367713 0.0092475702071204494 -0.02435381918003169 0.014479765473624411
leaf_weight=11.020917310379444 1347.603484851541 50.424159250687808 19.701314490288496 63.530506740324199 11.006067246198652 370.48660196829587 30.317280292510986 284.49244056968018 169.53731351252645 44.962426066398621 27.115070015192032 19.340254820883274 25.377820171415806 127.89917135192081
leaf_count=1359 20139 596 246 848 49 3729 178 2992 2295 238 161 106 166 1188
internal_value=3.5021e-05 0.000190989 -0.00101203 -0.0141356 -0.019857 0.00169088 0.00654257 -0.00100747 -0.00431651 -0.0113874 -0.0159357 0.00364993 -0.0114546 0.00821086
internal_weight=2602.81 2591.79 1441.84 94.2379 74.5366 1149.95 400.804 749.149 464.656 241.615 196.652 223.041 44.7181 178.323
internal_count=34290 32931 21282 1143 897 11649 3907 7742 4750 2694 2456 2056 272 1784
is_linear=0
shrinkage=0.04


Tree=164
num_leaves=15
num_cat=0
split_feature=11 3 11 11 4 5 11 4 5 11 3 10 9 10
split_gain=3.34826 3.31879 5.68975 4.21508 7.64777 6.41047 5.18842 6.06373 5.43528 3.79265 3.53843 10.3017 11.7945 7.94565
threshold=0.34607414901256567 26.335937500000004 0.26428173482418066 0.18053535372018817 80.265625000000014 95.750000000000014 1.0000000180025095e-35 80.015625000000014 87.250000000000014 0.26428173482418066 55.453125000000007 -0.99574989080429066 77.125000000000014 -0.99574989080429066
decision_type=2 2 2 2 2 2 2 2 2 2 2 2 2 2
left_child=1 9 3 6 -5 -6 10 8 -8 -1 13 12 -12 -3
right_child=-2 2 -4 4 5 -7 7 -9 -10 -11 11 -13 -14 -15
leaf_value=-0.0055425680574536567 -0.013282155234807849 -0.013188532923291776 -0.01565362756358046 -0.008359417011589064 0.029193755954357862 -0.0040347547624161213 -0.0093843452565157085 -0.019109973053730606 0.014671005400199937 0.020749772810092368 0.024681095834916317 0.0006990024588273342 -0.0072260153926557227 -0.00045286971679998976
leaf_weight=3.1757048342842591 9.8736357016023231 67.779618298634887 16.466796262655407 8.8296750443987566 11.621631368994715 7.0508741224184623 10.983473044820132 26.939889295957983 10.458369413856415 4.9745472813956439 38.909905299544334 1621.0214732987806 16.246615212410688 747.56014512991533
leaf_count=367 2286 777 716 665 200 119 696 925 462 427 169 11897 197 14387
internal_value=3.35854e-05 0.00018562 3.6515e-05 0.000257369 0.0120628 0.0210488 3.62931e-05 -0.0108351 0.00376661 0.0138458 0.000332003 0.00137905 0.0158608 -0.00180201
internal_weight=2601.89 2592.02 2583.87 2567.4 27.5022 18.6725 2539.9 48.3817 21.4418 8.15025 2491.52 1676.18 55.1565 815.34
internal_count=34290 32004 31210 30494 984 319 29510 2083 1158 794 27427 12263 366 15164
is_linear=0
shrinkage=0.04


Tree=165
num_leaves=15
num_cat=0
split_feature=5 8 4 5 10 9 3 5 4 10 10 6 6 9
split_gain=3.30269 2.93669 3.08324 5.03055 5.17204 12.3141 4.74174 4.45273 5.9634 17.4835 10.5947 9.62215 9.03533 12.5659
threshold=58.875000000000007 21.625000000000004 95.406250000000014 97.750000000000014 -0.72110775113105763 76.625000000000014 62.046875000000007 97.250000000000014 87.781250000000014 -0.94087398052215565 0.053682003635913141 2.592341542243958 3.8508340120315556 77.125000000000014
decision_type=2 2 2 2 2 2 2 2 2 2 2 2 2 2
left_child=-1 2 7 -4 5 -5 -6 8 12 -10 11 -11 13 -2
right_child=1 -3 3 4 6 -7 -8 -9 9 10 -12 -13 -14 -15
leaf_value=-0.011404036670063598 -0.0012550143121278026 0.011315095949096519 0.016624388111830396 0.0093186430509075886 -0.0014851569026033983 -0.019483183105563157 0.016717278588386255 -0.0050621054750911842 -0.0097276074513920462 -0.011255595091307915 -0.011353465318009678 0.012174622642761954 -0.0030699648424633531 0.0099205528155384658
leaf_weight=19.811577137326822 434.71575693087652 17.516355188097805 25.634142071008682 28.539292369037867 41.174827054142952 29.84957623668015 24.422800205647945 260.57646237965673 92.135431093163788 15.254877502098678 23.320931462571025 306.08239264041185 1049.8517826190218 232.16631747200154
leaf_count=1995 11891 248 142 158 204 227 133 1949 1001 156 161 1856 9708 4461
internal_value=3.0025e-05 0.000204791 4.18808e-05 0.00525588 0.000922767 -0.00661967 0.00761439 -0.000321801 0.000293077 0.00435747 0.00844976 0.010468 -0.000779309 0.00281119
internal_weight=2601.05 2581.24 2563.72 149.621 123.986 58.3889 65.5976 2414.1 2153.53 436.794 344.658 321.337 1716.73 666.882
internal_count=34290 32295 32047 864 722 385 337 31183 29234 3174 2173 2012 26060 16352
is_linear=0
shrinkage=0.04


Tree=166
num_leaves=15
num_cat=0
split_feature=11 3 11 11 4 5 11 4 5 11 8 10 10 8
split_gain=3.27129 3.2521 5.4941 4.12229 7.43978 6.12937 4.90643 5.87501 5.27996 3.72013 3.43946 3.39177 12.7793 10.8164
threshold=0.34607414901256567 26.335937500000004 0.26428173482418066 0.18053535372018817 80.265625000000014 95.750000000000014 1.0000000180025095e-35 80.015625000000014 87.250000000000014 0.26428173482418066 19.625000000000004 -0.86928081512451161 -0.77784499526023854 17.875000000000004
decision_type=2 2 2 2 2 2 2 2 2 2 2 2 2 2
left_child=1 9 3 6 -5 -6 11 8 -8 -1 -10 13 -13 -3
right_child=-2 2 -4 4 5 -7 7 -9 10 -11 -12 12 -14 -15
leaf_value=-0.0055134988818346621 -0.013162120727970144 -0.0073272858829499729 -0.015443973297268286 -0.0082790203864755909 0.028607849121830439 -0.0039379831631317893 -0.0092791313270249205 -0.018814463329685172 0.020163118267756179 0.020493879597776838 -0.0051339884615435863 -0.0117387934345343 0.00039551354013581136 0.0048709251579004513
leaf_weight=3.1566791762597841 9.7418680558912438 125.00642404798418 16.200939149130136 8.7609164598397928 11.858016327023508 6.991413381882011 10.885128270369025 26.40267997700721 7.7102580410428327 5.078252216335386 2.8787560537457466 131.58454890875146 1642.6780269448645 590.98295305389911
leaf_count=367 2286 1206 716 665 200 119 696 925 272 427 190 2286 18284 5651
internal_value=2.90419e-05 0.000179127 3.12371e-05 0.000247652 0.0119089 0.0207235 2.86842e-05 -0.0105833 0.00372952 0.0136808 0.0144256 0.000315403 -0.00062522 0.00259997
internal_weight=2599.92 2590.17 2581.94 2565.74 27.6103 18.8494 2538.13 47.8768 21.4741 8.23493 10.589 2490.25 1774.26 715.989
internal_count=34290 32004 31210 30494 984 319 29510 2083 1158 794 462 27427 20570 6857
is_linear=0
shrinkage=0.04


Tree=167
num_leaves=15
num_cat=0
split_feature=7 10 10 10 11 7 10 3 4 6 10 9 7 4
split_gain=3.2357 15.9616 25.4417 14.0922 11.1547 11.0869 9.31348 9.0801 8.82176 7.27156 14.6103 10.3319 9.89189 9.1569
threshold=2.6904702186584477 -0.72110775113105763 -0.77784499526023854 0.30648292601108557 -0.9911728799343108 1.0618329048156741 -0.94087398052215565 50.046875000000007 70.359375000000014 3.8508340120315556 -0.20267342031002042 79.625000000000014 7.9378366470336923 82.515625000000014
decision_type=2 2 2 2 2 2 2 2 2 2 2 2 2 2
left_child=1 2 5 4 -3 6 7 -1 -5 10 -2 -12 -11 -14
right_child=9 3 -4 8 -6 -7 -8 -9 -10 12 11 -13 13 -15
leaf_value=0.018703558812153662 0.0001654425668632652 -0.00067274463634119379 0.028424725339888483 -0.0040468005796421612 -0.025012601538403047 -0.014650189038318629 -0.010318023849371968 -0.0086524885492034083 0.022714004573576023 -0.010595465423670611 0.020298809840356986 -0.0078156732474515406 -0.0038727943265869742 0.0023385554942372158
leaf_weight=51.613880946766585 280.78462611977011 44.242498222272843 34.074679715558887 54.694103144109249 82.637436816468835 57.104673346504569 25.942038339097053 13.297793325968085 7.409227702766656 122.64524926804006 100.97023274190724 14.239129578694699 537.22814012505114 1172.9652176713571
leaf_count=2546 4401 1196 385 1526 3517 1371 2842 236 86 1486 1348 108 5459 7783
internal_value=2.01205e-05 -0.00333846 0.00487422 -0.0109585 -0.0177727 -0.00328833 0.00520772 0.0123814 0.0039012 0.000603916 0.00537919 0.0161819 -0.000474735 0.000365153
internal_weight=2599.85 371.016 182.033 188.983 126.88 147.958 90.8537 64.9117 62.1033 2228.83 395.994 115.209 1832.84 1710.19
internal_count=34290 13705 7380 6325 4713 6995 5624 2782 1612 20585 5857 1456 14728 13242
is_linear=0
shrinkage=0.04


Tree=168
num_leaves=15
num_cat=0
split_feature=5 8 8 5 1 10 9 1 3 4 3 3 10 10
split_gain=3.21232 2.78997 3.11936 8.05935 10.8039 12.4271 13.4504 10.2609 9.83658 10.6673 10.8857 8.16046 13.8352 12.4637
threshold=54.875000000000007 21.625000000000004 19.125000000000004 85.250000000000014 1.7200469970703127 -0.99902859330177296 77.625000000000014 3.0075073242187504 42.078125000000007 93.218750000000014 63.859375000000007 54.140625000000007 -0.72110775113105763 -0.28596631437540049
decision_type=2 2 2 2 2 2 2 2 2 2 2 2 2 2
left_child=-1 2 -2 11 8 -6 7 -7 -5 -10 -11 -4 -13 -14
right_child=1 -3 3 4 5 6 -8 -9 9 10 -12 12 13 -15
leaf_value=-0.01284071507211061 0.0015935929363504447 0.010974189672734674 -0.0036795038020367345 0.017436611710205781 0.022539786509043834 0.00065700879891427073 0.0053829342537946171 -0.019155295284354192 -0.0081085658643689149 -0.0036520299733147853 0.024597902281939813 0.027484909385444751 -0.013203695712447519 0.0086582561450020308
leaf_weight=10.711942710913716 1111.5967557190452 17.70067800860852 120.84984367131256 9.6495009565260244 23.348119597882032 83.389843784272671 256.83248635753989 61.411902555264533 636.94309455342591 46.610283482819796 15.091725597158073 29.633447233587503 37.510943563655019 136.89667001739144
leaf_count=1359 14215 255 5191 451 134 633 1463 404 7573 422 73 262 480 1375
internal_value=2.04003e-05 0.000171728 1.31442e-05 -0.00119693 -0.00278708 0.00219264 -3.24908e-06 -0.00905052 -0.00575311 -0.00654975 0.00758757 0.00418975 0.00876297 0.00308164
internal_weight=2598.18 2587.47 2569.76 1458.17 1133.28 424.982 401.634 144.802 708.295 698.645 61.702 324.891 204.041 174.408
internal_count=34290 32931 32676 18461 11153 2634 2500 1037 8519 8068 495 7308 2117 1855
is_linear=0
shrinkage=0.04


Tree=169
num_leaves=15
num_cat=0
split_feature=5 5 4 6 6 7 11 8 3 11 9 9 11 3
split_gain=3.14552 2.80403 7.47232 5.50269 11.1425 9.72311 5.51687 4.34701 4.41792 6.22211 10.2675 9.58526 5.81384 16.6989
threshold=54.875000000000007 97.750000000000014 95.656250000000014 14.044421672821047 29.276244163513187 151.13818359375003 -0.94134241342544545 21.625000000000004 66.984375000000014 -0.9985557198524474 78.875000000000014 73.875000000000014 -0.97646176815032948 64.421875000000014
decision_type=2 2 2 2 2 2 2 2 2 2 2 2 2 2
left_child=-1 2 7 -3 -5 6 -6 8 9 10 11 -2 13 -11
right_child=1 3 -4 4 5 -7 -8 -9 -10 12 -12 -13 -14 -15
leaf_value=-0.01271777515347693 0.0050701407344151839 -0.0099627943100203797 0.018369458523110862 0.0094891848351794459 0.0009916606226498322 0.010595919835609551 -0.01899813298071399 0.014401442711622308 0.0089468801932068662 0.0076298655881340974 0.011223479174922541 -0.023480301194207191 -0.00075521215975575789 -0.014685907952699086
leaf_weight=10.578900839202104 17.757286997511983 103.10389650240541 17.575390662997961 97.338400458917022 28.561166666448116 20.241183154284954 55.337405644357204 14.834750925656406 68.01381678134203 347.55263470392674 13.699459083378313 46.093832526355982 1711.4605172818992 43.904552534222603
leaf_count=1359 103 1031 98 526 138 110 283 233 339 3810 160 776 25021 303
internal_value=3.6982e-05 0.000186393 0.000675989 -0.00329573 0.000707629 -0.00770681 -0.0133122 0.000378895 0.000160225 -0.000192678 -0.0100691 -0.0162248 0.000262969 0.00453481
internal_weight=2596.05 2585.47 2280.89 304.582 201.478 104.14 83.8986 2263.32 2248.48 2180.47 77.5506 63.8511 2102.92 391.457
internal_count=34290 32931 30843 2088 1057 531 421 30745 30512 30173 1039 879 29134 4113
is_linear=0
shrinkage=0.04


Tree=170
num_leaves=15
num_cat=0
split_feature=11 3 11 11 4 5 11 4 5 11 8 10 10 10
split_gain=3.12778 3.08671 5.3407 3.91278 7.22423 5.90448 4.69283 5.66995 5.15429 3.66872 3.35366 3.29557 11.5636 10.5164
threshold=0.34607414901256567 26.335937500000004 0.26428173482418066 0.18053535372018817 80.265625000000014 95.750000000000014 1.0000000180025095e-35 80.015625000000014 87.250000000000014 0.26428173482418066 19.625000000000004 -0.86928081512451161 -0.77784499526023854 -0.94087398052215565
decision_type=2 2 2 2 2 2 2 2 2 2 2 2 2 2
left_child=1 9 3 6 -5 -6 11 8 -8 -1 -10 13 -13 -3
right_child=-2 2 -4 4 5 -7 7 -9 10 -11 -12 12 -14 -15
leaf_value=-0.0055611546977490248 -0.012919562859555653 -0.0013332763611990212 -0.015266964068066805 -0.0082556815432357818 0.02792073379416047 -0.0039183026016810004 -0.0092206520135340447 -0.018541734312499281 0.01982214161774554 0.020074409372250503 -0.0051033350794020176 -0.011251379807428116 0.00035534721967036713 0.0083530247026156017
leaf_weight=3.1879848917014879 9.4788616735022497 436.51337622106075 15.978017405141143 8.7423293851315993 12.136936819180848 6.9770626053214064 10.832137859892102 25.902604190632701 7.8606438678689283 5.2499932306818664 2.8599406499415636 129.78714549494907 1640.4975311108865 279.10531816631556
leaf_count=367 2286 4571 716 665 200 119 696 925 272 427 190 2286 18284 2286
internal_value=3.70152e-05 0.000183316 3.83976e-05 0.000251432 0.0115825 0.0202378 3.70908e-05 -0.0103744 0.00364124 0.0132895 0.0141793 0.000317058 -0.000611779 0.00256896
internal_weight=2595.11 2585.63 2577.19 2561.22 27.8563 19.114 2533.36 47.4553 21.5527 8.43798 10.7206 2485.9 1770.28 715.619
internal_count=34290 32004 31210 30494 984 319 29510 2083 1158 794 462 27427 20570 6857
is_linear=0
shrinkage=0.04


Tree=171
num_leaves=15
num_cat=0
split_feature=5 2 7 10 7 7 3 4 1 9 10 10 7 10
split_gain=3.06369 2.70305 9.93633 6.86957 7.07932 10.0418 7.6832 6.93727 5.91032 15.1917 8.47492 16.7147 7.58376 12.9185
threshold=54.875000000000007 0.93750000000000011 70.435668945312514 0.30648292601108557 0.93759298324584972 6.8090558052062997 54.140625000000007 54.890625000000007 3.2821655273437504 77.375000000000014 -0.72110775113105763 -0.28596631437540049 45.009613037109382 -0.11788205802440642
decision_type=2 2 2 2 2 2 2 2 2 2 2 2 2 2
left_child=-1 3 -3 7 -5 -6 -7 -2 12 -10 -11 -12 -9 -14
right_child=1 2 -4 4 5 6 -8 8 9 10 11 -13 13 -15
leaf_value=-0.012586570573686553 -0.013829196003078555 -0.0033408366631304323 0.019890103608350772 -0.0061491979428851375 0.020960065084039057 -0.016166669647134334 0.011172901401569672 -8.9359409172280228e-05 -0.0147988447906767 -0.0089006378439504732 0.023046693322757994 -0.0069080100567280173 0.018456271639785356 -0.0088235110853798326
leaf_weight=10.437683622585608 41.651050872402266 62.325383014976978 28.947638384997845 26.603788300417364 59.403456157073379 15.288670632988216 12.140666201710699 1994.8159068950918 123.04301033820957 39.51104698330164 45.370915643870831 41.625283151865005 67.065242446959019 26.500880114734173
leaf_count=1359 2601 319 185 601 696 225 63 26350 752 219 218 212 335 155
internal_value=3.06154e-05 0.000177844 0.00627769 -9.36645e-05 0.00874071 0.0135998 -0.00445707 -0.000584148 -0.000232885 -0.0058085 0.0037622 0.010102 0.00048215 0.0105366
internal_weight=2594.73 2584.29 91.273 2493.02 113.437 86.8328 27.4293 2379.58 2337.93 249.55 126.507 86.9962 2088.38 93.5661
internal_count=34290 32931 504 32427 1585 984 288 30842 28241 1401 649 430 26840 490
is_linear=0
shrinkage=0.04


Tree=172
num_leaves=15
num_cat=0
split_feature=11 3 11 6 11 9 8 11 4 3 4 3 10 10
split_gain=3.02412 3.64569 5.30687 3.8249 5.89835 4.60622 5.09398 3.17508 7.78902 5.17675 5.98667 4.57238 10.3403 5.8539
threshold=0.34607414901256567 25.976562500000004 0.26428173482418066 0.046952068805694587 0.18053535372018817 76.375000000000014 17.375000000000004 1.0000000180025095e-35 80.015625000000014 38.640625000000007 70.359375000000014 45.890625000000007 -0.98469310998916615 0.38703845441341406
decision_type=2 2 2 2 2 2 2 2 2 2 2 2 2 2
left_child=1 -1 3 -3 7 6 -6 9 -9 10 -5 12 -11 -14
right_child=-2 2 -4 4 5 -7 -8 8 -10 11 -12 -13 13 -15
leaf_value=0.014589874395482618 -0.012750020306392433 -0.01100643476087401 -0.015240191019700342 -0.0067683834006426191 -0.0030114934409809385 -0.0055930208969122222 0.027353694391228076 0.0072895877494316809 -0.018278011222307305 0.01450408183333016 0.023448187443813245 0.00051669174730761532 -0.019157486855852852 0.0045032720977501092
leaf_weight=7.7662832683417937 9.2977809165604395 27.604457360226661 15.971833894494919 5.0586202079430249 7.1877362905070248 5.3263368038460603 12.51391322351992 18.363262648694217 25.43684121593833 8.5803171414881927 10.988448814488946 2375.3672150485218 50.786446234676987 13.334751774091272
leaf_count=711 2286 2815 740 283 115 199 251 720 922 120 212 22477 2131 308
internal_value=2.97033e-05 0.000173245 1.77441e-05 0.000230296 0.000438022 0.0147875 0.0203392 0.00017896 -0.00863388 0.000403862 0.0154525 0.000180798 -0.00853755 -0.0143362
internal_weight=2593.58 2584.29 2576.52 2560.55 2532.94 25.028 19.7016 2507.92 43.8001 2464.12 16.0471 2448.07 72.7015 64.1212
internal_count=34290 32004 31293 30553 27738 565 366 27173 1642 25531 495 25036 2559 2439
is_linear=0
shrinkage=0.04


Tree=173
num_leaves=15
num_cat=0
split_feature=5 5 4 6 6 7 11 8 3 11 9 9 11 9
split_gain=2.96129 2.6405 7.10753 5.1787 10.4617 9.05479 5.2025 4.20151 4.0478 5.70123 9.86627 9.2189 5.4781 38.791
threshold=54.875000000000007 97.750000000000014 95.656250000000014 14.044421672821047 29.276244163513187 151.13818359375003 -0.94134241342544545 21.625000000000004 66.984375000000014 -0.9985557198524474 78.875000000000014 73.875000000000014 -0.99624565243720997 77.125000000000014
decision_type=2 2 2 2 2 2 2 2 2 2 2 2 2 2
left_child=-1 2 7 -3 -5 6 -6 8 9 10 11 -2 13 -11
right_child=1 3 -4 4 5 -7 -8 -9 -10 12 -12 -13 -14 -15
leaf_value=-0.012414339883270391 0.0049962828918435447 -0.0096990362235239869 0.017909426339138185 0.009173611597386961 0.00096836183848640254 0.010212003683893318 -0.018462921739163987 0.014115337069851698 0.0085609050021976871 0.021080971931961887 0.011065264639878714 -0.023035287962369748 -0.00031357883421083795 -0.019515077402655956
leaf_weight=10.253574322676284 17.770716233178973 102.50425847247243 17.549262687563896 97.356300135143101 28.524423360824585 20.079928889870644 54.952008903026581 14.974541015923021 67.84893473982811 88.509900560602546 13.780352529138325 45.096873718313873 1974.7032303963788 39.167242344468832
leaf_count=1359 103 1031 98 526 138 110 283 233 339 697 160 776 28085 352
internal_value=2.8255e-05 0.000172663 0.000647364 -0.003213 0.000674627 -0.00750708 -0.0129193 0.000357633 0.000142216 -0.000195395 -0.00969522 -0.0158182 0.000239045 0.00767106
internal_weight=2593.07 2582.82 2279.4 303.417 200.913 103.556 83.4764 2261.85 2246.88 2179.03 76.6479 62.8676 2102.38 127.677
internal_count=34290 32931 30843 2088 1057 531 421 30745 30512 30173 1039 879 29134 1049
is_linear=0
shrinkage=0.04


Tree=174
num_leaves=15
num_cat=0
split_feature=11 3 11 6 11 9 8 11 11 4 3 4 5 3
split_gain=2.95264 3.55172 5.14487 3.64213 5.66398 4.44501 4.89164 3.18111 3.03705 7.53358 5.00939 5.78808 4.51587 4.29484
threshold=0.34607414901256567 25.976562500000004 0.26428173482418066 0.046952068805694587 0.18053535372018817 76.375000000000014 17.375000000000004 0.26428173482418066 1.0000000180025095e-35 80.015625000000014 38.640625000000007 70.359375000000014 87.250000000000014 55.171875000000007
decision_type=2 2 2 2 2 2 2 2 2 2 2 2 2 2
left_child=1 7 3 -3 8 6 -6 -1 10 12 11 -5 -10 -12
right_child=-2 2 -4 4 5 -7 -8 -9 9 -11 13 -13 -14 -15
leaf_value=-0.0048079843547451659 -0.012625416967242363 -0.010779314085846189 -0.015053892581839475 -0.0067015533631642954 -0.0029858103576863859 -0.0055438486485897579 0.026696582691234049 0.02025148863227166 -0.0070832465978890027 -0.018037838792679166 -0.0023261213733481302 0.022971323575486785 0.01615584309850444 0.0012788494420433458
leaf_weight=2.6998255078215143 9.1660632879938913 27.249107440002263 15.738932888256384 5.0114914500154581 7.1723769707605305 5.2935696928761891 12.797432921826838 5.1742103425785899 8.8480772092007118 25.015886346809566 742.78436628077179 11.200584113597868 9.6362134078517538 1704.0061411997303
leaf_count=308 2286 2815 740 283 115 199 251 403 391 922 12456 212 329 12580
internal_value=3.11399e-05 0.000172735 1.88418e-05 0.000227567 0.00042959 0.0144537 0.0198762 0.0143745 0.000174941 -0.00846501 0.000394489 0.0151635 0.00713174 0.000174484
internal_weight=2591.79 2582.63 2574.75 2559.02 2531.77 25.2634 19.9698 7.87404 2506.5 43.5002 2463 16.2121 18.4843 2446.79
internal_count=34290 32004 31293 30553 27738 565 366 711 27173 1642 25531 495 720 25036
is_linear=0
shrinkage=0.04


Tree=175
num_leaves=15
num_cat=0
split_feature=11 3 11 8 9 11 10 7 7 7 8 4 3 11
split_gain=2.89014 3.47543 4.99536 3.50526 7.85208 17.1223 17.7886 20.4184 23.1991 16.8438 21.1714 11.4815 11.1586 10.6236
threshold=0.34607414901256567 25.976562500000004 0.26428173482418066 19.125000000000004 76.375000000000014 -0.92554321885108937 -0.59209755063056935 14.507102966308596 0.93759298324584972 17.117428779602054 17.125000000000004 80.828125000000014 43.921875000000007 0.18053535372018817
decision_type=2 2 2 2 2 2 2 2 2 2 2 2 2 2
left_child=1 -1 3 4 5 9 12 8 -8 -3 -11 -6 -7 -14
right_child=-2 2 -4 -5 11 6 7 -9 -10 10 -12 -13 13 -15
leaf_value=0.014195438812383401 -0.012516624135494311 -0.017835709580209195 -0.014880325199128431 -0.0010505478723826225 0.018061174232695213 -0.01839833256210234 -0.0080679367599862713 0.00071309379129062551 0.039089604336893576 0.014026424024808177 -0.0086799618452830761 -0.0010152120740855213 0.00036625955900738884 0.023298331665503096
leaf_weight=7.9639130900613955 9.0520464838482422 112.21337674558163 15.523271674290298 1465.9338183263317 86.6924822058063 26.138749698642641 14.012371308170257 76.37952645868063 50.909889313392341 86.116148509085178 152.50992579199374 91.994682288728654 380.21967710601166 15.396999201737342
leaf_count=711 2286 2267 740 17649 1368 1138 461 420 739 470 908 712 4214 207
internal_value=3.00511e-05 0.000169907 1.74009e-05 0.000222506 0.00191876 0.000344244 0.00461114 0.015909 0.0294084 -0.006383 -3.46039e-05 0.00912637 0.000277075 0.00233695
internal_weight=2591.06 2582 2574.04 2558.52 1092.58 913.897 563.057 141.302 64.9223 350.839 238.626 178.687 421.755 395.617
internal_count=34290 32004 31293 30553 12904 10824 7179 1620 1200 3645 1378 2080 5559 4421
is_linear=0
shrinkage=0.04


Tree=176
num_leaves=15
num_cat=0
split_feature=4 11 3 11 11 11 4 5 11 3 4 5 4 3
split_gain=2.8915 2.49241 3.34441 4.94708 3.12019 3.0706 6.93479 5.55674 4.29697 5.14054 5.08168 4.92045 4.73332 3.42519
threshold=40.195312500000007 0.34607414901256567 25.976562500000004 0.26428173482418066 0.26428173482418066 0.18053535372018817 80.265625000000014 95.750000000000014 1.0000000180025095e-35 38.640625000000007 80.015625000000014 87.250000000000014 64.421875000000014 55.453125000000007
decision_type=2 2 2 2 2 2 2 2 2 2 2 2 2 2
left_child=-1 2 4 5 -2 8 -7 -8 9 12 11 -10 -4 -11
right_child=1 -3 3 -5 -6 6 7 -9 10 13 -12 -13 -14 -15
leaf_value=-0.011644292327841841 -0.0048162630059281107 -0.011650048707658536 -0.006298941157325641 -0.014709161056269378 0.019873349301627347 -0.0085539871093745726 0.026239512532793816 -0.0040638663741626602 -0.009190520169156632 -0.0019433086178931747 -0.01780437612474594 0.013586223169396922 0.0214079383650542 0.0012318631815137955
leaf_weight=13.479357331059871 2.7046503787860257 8.168635791866107 3.6127482331357923 15.312752422643824 5.3295104266144335 9.0002632653340715 12.823088095523419 7.0546900788322082 10.808343647979202 781.00298699690029 24.618844945915043 11.037942249327896 13.223245763219891 1672.3688265206292
leaf_count=1495 303 2027 276 740 399 693 200 119 715 13375 926 463 296 12263
internal_value=3.62596e-05 0.000186557 0.000313905 0.000162208 0.0140554 0.000365636 0.010296 0.0188404 0.000171409 0.000437986 -0.00986784 0.00331078 0.0152705 0.000213543
internal_weight=2590.55 2577.07 2568.9 2560.86 8.03416 2545.55 28.878 19.8778 2516.67 2470.21 46.4651 21.8463 16.836 2453.37
internal_count=34290 32795 30768 30066 702 29326 1012 319 28314 26210 2104 1178 572 25638
is_linear=0
shrinkage=0.04


Tree=177
num_leaves=15
num_cat=0
split_feature=5 8 8 9 11 10 4 4 9 11 3 10 4 3
split_gain=2.81867 2.47524 2.81563 11.6702 11.0972 14.3056 11.9279 16.8446 7.47037 7.653 7.03875 8.96706 6.93945 6.89137
threshold=54.875000000000007 21.625000000000004 20.625000000000004 78.125000000000014 -0.24558732658624646 -0.59209755063056935 93.031250000000014 68.140625000000014 75.625000000000014 -0.98518332839012135 61.078125000000007 -0.8288312256336211 90.906250000000014 58.609375000000007
decision_type=2 2 2 2 2 2 2 2 2 2 2 2 2 2
left_child=-1 2 -2 8 5 10 7 -7 13 -10 11 -5 -12 -4
right_child=1 -3 3 4 -6 6 -8 -9 9 -11 12 -13 -14 -15
leaf_value=-0.012161614268719749 0.00068749684691992656 0.010293189376516366 -0.012717739654508592 0.01326619894521538 -0.016765828740852366 0.012846602303803044 0.019313197096935665 -0.01501788952362869 0.0036640685590658925 -0.017088307105561047 0.033493464500596731 -0.01234989669674697 0.0056531999805320768 0.0073863209811059899
leaf_weight=9.9873385750688595 2051.3632467184216 18.097658158279955 20.713752659969032 29.289099387824535 20.639898255933076 31.967699385248125 13.284625157713888 96.246185260824859 27.502575707156211 127.32065633730963 25.377998687326908 19.726184609346092 35.481248579919338 63.008251598104835
leaf_count=1359 25797 255 742 265 987 321 58 797 360 2190 136 294 193 536
internal_value=3.20011e-05 0.00017239 2.17168e-05 -0.00257839 0.00301385 0.00575387 -0.00269558 -0.00727438 -0.00869507 -0.0134044 0.0153747 0.00236563 0.0226754 0.000919175
internal_weight=2590.01 2580.02 2561.92 510.558 272.013 251.373 141.499 128.214 238.545 154.823 109.875 49.0153 60.8592 83.722
internal_count=34290 32931 32676 6879 3051 2064 1176 1118 3828 2550 888 559 329 1278
is_linear=0
shrinkage=0.04


Tree=178
num_leaves=15
num_cat=0
split_feature=11 3 11 6 11 9 8 11 11 4 3 4 5 3
split_gain=2.76342 3.31761 4.71121 3.40405 4.99457 4.13424 4.79275 3.07732 2.72625 7.12723 4.66805 5.52055 4.24069 4.06077
threshold=0.34607414901256567 25.976562500000004 0.26428173482418066 0.046952068805694587 0.18053535372018817 76.375000000000014 17.375000000000004 0.26428173482418066 1.0000000180025095e-35 80.015625000000014 38.640625000000007 70.359375000000014 87.250000000000014 45.890625000000007
decision_type=2 2 2 2 2 2 2 2 2 2 2 2 2 2
left_child=1 7 3 -3 8 6 -6 -1 10 12 11 -5 -10 -12
right_child=-2 2 -4 4 5 -7 -8 -9 9 -11 13 -13 -14 -15
leaf_value=-0.0048218398334883509 -0.012283890522913803 -0.010474510788872132 -0.014533514943771418 -0.0066661671320526021 -0.0032408127589282736 -0.0055378406259291267 0.025442917671502464 0.019606866090904652 -0.0068968200338410815 -0.017547443828476072 -0.008102988900285539 0.022145670764004574 0.015622905309099648 0.00048268607237304155
leaf_weight=2.7084867819212359 8.8109442577697319 26.776202076114714 15.097047841874881 4.9830834977328804 7.309575876221067 5.2887130081653586 13.329713759012519 5.440544918179512 8.6955426810309309 24.178751043975353 71.519598744343966 11.570222420617936 9.9026404917240125 2373.4307511458173
leaf_count=308 2286 2815 740 283 115 199 251 403 391 922 2559 212 329 22477
internal_value=3.64677e-05 0.000172699 2.30485e-05 0.000221122 0.000415568 0.0134875 0.0186888 0.0138304 0.000174438 -0.00805974 0.00038134 0.0145706 0.00697593 0.00016783
internal_weight=2589.04 2580.23 2572.08 2556.98 2530.21 25.928 20.6393 8.14903 2504.28 42.7769 2461.5 16.5533 18.5982 2444.95
internal_count=34290 32004 31293 30553 27738 565 366 711 27173 1642 25531 495 720 25036
is_linear=0
shrinkage=0.04


Tree=179
num_leaves=15
num_cat=0
split_feature=5 5 4 10 9 4 3 8 4 9 8 3 8 11
split_gain=2.72983 2.50116 6.79493 4.87773 7.549 5.77903 5.34949 4.31078 5.81235 4.76485 3.92581 3.78073 5.319 5.28935
threshold=54.875000000000007 97.750000000000014 95.656250000000014 -0.72110775113105763 73.625000000000014 94.406250000000014 64.703125000000014 17.125000000000004 94.156250000000014 80.125000000000014 21.625000000000004 66.984375000000014 19.625000000000004 -0.9985557198524474
decision_type=2 2 2 2 2 2 2 2 2 2 2 2 2 2
left_child=-1 2 10 4 -3 -5 -7 -6 9 -9 11 13 -13 -2
right_child=1 3 -4 5 7 6 -8 8 -10 -11 -12 12 -14 -15
leaf_value=-0.012001124438454587 -0.0093789014286831604 0.007545789099513406 0.017512251177296951 -0.0066639491497010707 0.0018363285345746317 0.00027653080408322008 0.018502357850956046 -0.010073482184622546 -0.0220967899782709 0.0084939815658970404 0.013598528573181043 -0.0052219685968961727 0.014209688113829243 0.00023009626127018366
leaf_weight=9.8206504054833186 75.806926469318569 28.477226799353957 17.541386686265469 54.643638365902007 27.342273443937302 62.662913240492344 24.508896000683308 35.492279940284789 51.296395917423069 18.075892575085163 15.228833016473798 21.406374014914036 46.353192925453186 2100.069137288956
leaf_count=1359 1039 159 98 310 310 312 132 321 380 164 233 114 225 29134
internal_value=3.2656e-05 0.000170484 0.000632461 -0.00312966 -0.00751738 0.00215651 0.0078974 -0.0113272 -0.0145038 -0.00320226 0.000348837 0.000139551 0.00827984 -0.000187052
internal_weight=2588.73 2578.91 2276.41 302.5 160.684 141.815 87.1718 132.207 104.865 53.5682 2258.86 2243.64 67.7596 2175.88
internal_count=34290 32931 30843 2088 1334 754 444 1175 865 485 30745 30512 339 30173
is_linear=0
shrinkage=0.04


Tree=180
num_leaves=15
num_cat=0
split_feature=11 3 11 8 10 11 8 0 10 4 10 10 10 9
split_gain=2.70169 3.24207 4.58061 3.2965 7.51091 13.9251 19.7083 13.2731 12.473 13.9881 12.2888 9.91851 22.2497 16.739
threshold=0.34607414901256567 25.976562500000004 0.26428173482418066 19.125000000000004 -0.99574989080429066 -0.16148620098829267 17.375000000000004 1.9373059272766116 0.38703845441341406 67.421875000000014 -0.72110775113105763 -0.28596631437540049 -0.59209755063056935 74.625000000000014
decision_type=2 2 2 2 2 2 2 2 2 2 2 2 2 2
left_child=1 -1 3 4 -3 7 -7 8 9 10 -6 12 -9 -14
right_child=-2 2 -4 -5 5 6 -8 11 -10 -11 -12 -13 13 -15
leaf_value=0.013649796130493665 -0.012170468257919087 -0.0092319123681995265 -0.014371583732368926 -0.0010187877235464811 0.021950527001870151 -0.010031140903062763 0.024418128171290934 -0.00019684032719704766 0.012808456931407282 -0.019934226110918021 -0.0080552088145506816 -0.0018632501864303849 0.0064196092143616072 0.032299635470347324
leaf_weight=8.2413339992053789 8.6948676968459022 70.859464381821454 14.90085917082615 1463.395904750796 14.067473901901392 24.227034473791718 74.476553056854755 262.68319970741868 21.921112968586385 100.28637706115842 42.277784845791757 314.41971287038177 109.68398715555668 57.643173646181822
leaf_count=711 2286 966 740 17649 336 353 959 2254 410 2877 1426 2312 591 420
internal_value=3.63458e-05 0.000170834 2.25885e-05 0.000217437 0.00186183 0.00279372 0.015697 0.00111018 -0.00813251 -0.0121817 0.00322402 0.00348183 0.00729922 0.0178317
internal_weight=2587.78 2579.08 2570.84 2555.94 1092.55 1021.69 98.7036 922.983 178.553 156.632 56.3453 744.43 430.01 167.327
internal_count=34290 32004 31293 30553 12904 11938 1312 10626 5049 4639 1762 5577 3265 1011
is_linear=0
shrinkage=0.04


Tree=181
num_leaves=15
num_cat=0
split_feature=4 4 2 7 1 9 10 10 1 4 3 6 8 4
split_gain=2.67941 2.42423 2.51089 9.4962 5.52681 13.9686 7.40321 15.8404 6.50505 6.17774 11.5042 6.877 15.7135 14.4665
threshold=40.195312500000007 42.804687500000007 0.93750000000000011 70.435668945312514 3.2821655273437504 77.375000000000014 -0.72110775113105763 -0.28596631437540049 1.8882751464843752 93.031250000000014 63.609375000000007 3.8508340120315556 18.875000000000004 77.984375000000014
decision_type=2 2 2 2 2 2 2 2 2 2 2 2 2 2
left_child=-1 -2 4 -4 8 -6 -7 -8 9 11 -11 -3 13 -13
right_child=1 2 3 -5 5 6 7 -9 -10 10 -12 12 -14 -15
leaf_value=-0.011271230422817117 0.01104065688664599 0.0017227874979499705 -0.0033996556556463416 0.01936307037441071 -0.014230751007274913 -0.0083563794680294023 0.022153574458389513 -0.0068452316688458418 0.0053568410762014178 0.00055423762073274804 0.023844225831326671 -0.011333732132724334 -0.0071002751771769568 0.0069750523602426012
leaf_weight=13.060839100508018 12.522940028226001 721.94638018589467 62.251734063029289 28.423223972320557 123.26381179876626 39.08467834815383 45.177480541169643 42.562139876186848 341.43728154618293 133.76387603487819 25.929957232438028 69.095812307670712 630.01556764077395 298.13879769295454
leaf_count=1495 409 17468 319 185 774 219 218 218 2291 966 127 885 6328 2388
internal_value=4.46279e-05 0.000188527 5.03246e-05 0.00594529 -0.000212054 -0.00561603 0.00355478 0.009427 0.000441329 -0.000498944 0.00656887 -0.00122345 -0.00334828 0.00312278
internal_weight=2586.67 2573.61 2561.09 90.675 2470.42 250.088 126.824 87.7396 2220.33 1878.89 159.694 1719.2 997.25 367.235
internal_count=34290 32795 32386 504 31882 1429 655 436 30453 28162 1093 27069 9601 3273
is_linear=0
shrinkage=0.04


Tree=182
num_leaves=15
num_cat=0
split_feature=11 3 11 6 11 9 8 11 11 4 3 4 5 8
split_gain=2.65726 3.13435 4.46303 3.24668 4.56088 3.92902 4.40281 3.02843 2.66465 6.86959 4.49052 5.352 4.09837 3.90841
threshold=0.34607414901256567 25.976562500000004 0.26428173482418066 0.046952068805694587 0.18053535372018817 76.375000000000014 17.375000000000004 0.26428173482418066 1.0000000180025095e-35 80.015625000000014 38.640625000000007 70.359375000000014 85.250000000000014 19.625000000000004
decision_type=2 2 2 2 2 2 2 2 2 2 2 2 2 2
left_child=1 7 3 -3 8 6 -6 -1 10 12 11 -5 -10 -14
right_child=-2 2 -4 4 5 -7 -8 -9 9 -11 -12 -13 13 -15
leaf_value=-0.0048671027091154893 -0.012075468390063184 -0.010253480337883123 -0.014210046843136166 -0.0066173786400382127 -0.0031504850187211975 -0.0055298794667953356 0.024272052039429021 0.019157696291925767 -0.0079361669354331942 -0.017348077015898654 0.00018136948648860167 0.021694717490872623 0.020318067283004008 -0.0056804943253967021
leaf_weight=2.7370263100601715 8.598358797375111 26.444795159623027 14.708437188994138 4.947756607085469 7.2568571427837076 5.2827399009838691 13.85338007006794 5.6293703895062208 5.9939881926402476 23.838341969065368 2441.0248965090141 11.77413421589881 9.5372522668912989 3.2290414678864172
leaf_count=308 2286 2815 740 283 115 199 251 403 287 922 25036 212 250 183
internal_value=5.12724e-05 0.000184456 3.80849e-05 0.000229975 0.000419356 0.0128469 0.0178987 0.013408 0.000187268 -0.00796529 0.000391726 0.014276 0.00675678 0.0142887
internal_weight=2584.86 2576.26 2567.89 2553.18 2526.74 26.393 21.1102 8.3664 2500.35 42.5986 2457.75 16.7219 18.7603 12.7663
internal_count=34290 32004 31293 30553 27738 565 366 711 27173 1642 25531 495 720 433
is_linear=0
shrinkage=0.04


Tree=183
num_leaves=15
num_cat=0
split_feature=5 5 4 6 6 7 11 8 3 8 11 9 9 11
split_gain=2.61564 2.3897 6.46334 4.79463 9.76527 8.32224 4.86894 3.80168 3.46923 5.04062 4.8498 9.37336 9.03719 5.58699
threshold=54.875000000000007 97.750000000000014 95.656250000000014 14.044421672821047 29.276244163513187 151.13818359375003 -0.94134241342544545 21.625000000000004 66.984375000000014 19.625000000000004 -0.9985557198524474 78.875000000000014 73.875000000000014 -0.97646176815032948
decision_type=2 2 2 2 2 2 2 2 2 2 2 2 2 2
left_child=-1 2 7 -3 -5 6 -6 8 10 -10 11 12 -2 -12
right_child=1 3 -4 4 5 -7 -8 -9 9 -11 13 -13 -14 -15
leaf_value=-0.011777287119957278 0.0052502443948299641 -0.0093230573716345765 0.017104137125475056 0.0089005231775807284 0.00096151727149285581 0.0097996429017276291 -0.017852877548286607 0.01337395353197008 -0.0051498528700256877 0.013741003401475542 0.004423394880310719 0.011052195399081656 -0.022415089449191079 -0.00076455953922223885
leaf_weight=9.5907252253964526 17.699268210679293 101.42571236286312 17.508092172443867 97.086648526601493 28.484081652015448 19.848676919937134 54.323684234172106 15.343615015503017 21.415021374821663 46.256964035332203 391.26881605549715 13.779207909479736 43.673659481108189 1707.068613254698
leaf_count=1359 103 1031 98 526 138 110 283 233 114 225 4113 160 776 25021
internal_value=4.83572e-05 0.000182823 0.000633891 -0.00305041 0.000693364 -0.00725417 -0.0124531 0.000356956 0.000150333 0.00795187 -0.000162858 -0.00899597 -0.0151072 0.000235448
internal_weight=2584.77 2575.18 2274.01 301.169 199.743 102.656 82.8078 2256.51 2241.16 67.672 2173.49 75.1521 61.3729 2098.34
internal_count=34290 32931 30843 2088 1057 531 421 30745 30512 339 30173 1039 879 29134
is_linear=0
shrinkage=0.04


Tree=184
num_leaves=15
num_cat=0
split_feature=11 3 11 7 11 4 5 3 10 4 5 6 3 9
split_gain=2.59516 3.06677 4.32722 3.12363 3.45429 5.21618 5.22517 3.57579 5.73244 4.60889 3.40079 13.5734 8.23874 7.20333
threshold=0.34607414901256567 25.976562500000004 0.26428173482418066 0.3756165504455567 0.18053535372018817 80.265625000000014 95.750000000000014 38.640625000000007 -0.98469310998916615 72.796875000000014 79.750000000000014 3.7284851074218754 50.296875000000007 75.625000000000014
decision_type=2 2 2 2 2 2 2 2 2 2 2 2 2 2
left_child=1 -1 3 -3 7 -6 -7 8 -5 -10 11 -9 13 -12
right_child=-2 2 -4 4 5 6 -8 10 9 -11 12 -13 -14 -15
leaf_value=0.01324320347303019 -0.011957876191168096 -0.0070945762024128538 -0.014034379474768833 -0.0079150038050460614 -0.0076198214170536249 0.024894660509587708 -0.0041230761008626956 0.0096489685158642775 -0.0035918427019937882 0.027329441563702841 -0.012181225970676153 -0.012632241238687253 0.00038828475011998758 0.0041340993075027746
leaf_weight=8.451769956154747 8.479771612910552 70.072361960541457 14.501460282132028 4.645048015285286 5.713583487551662 13.366536247543992 7.0849980916827908 168.38388930400833 4.9728408535011095 7.5493490360677242 138.72824528859928 38.408060966990888 2045.2066784081981 48.124355788342655
leaf_count=711 2286 4138 740 205 224 195 119 2796 208 139 3144 530 17506 1349
internal_value=5.15006e-05 0.000182894 3.78298e-05 0.000226285 0.000488009 0.0113298 0.0177737 0.000281923 0.0125956 0.0203925 9.34998e-05 0.00476157 -0.000377425 -0.00798574
internal_weight=2583.69 2575.21 2566.76 2552.26 2482.18 26.1651 20.4515 2456.02 17.1672 12.5222 2438.85 206.792 2232.06 186.853
internal_count=34290 32004 31293 30553 26415 538 314 25877 552 347 25325 3326 21999 4493
is_linear=0
shrinkage=0.04


Tree=185
num_leaves=15
num_cat=0
split_feature=5 2 7 10 9 9 3 4 1 9 10 10 7 10
split_gain=2.56771 2.27282 9.06397 6.30312 6.62102 8.20102 7.95346 6.23261 4.99344 13.2529 7.00398 14.6365 6.70614 12.0656
threshold=54.875000000000007 0.93750000000000011 70.435668945312514 0.30648292601108557 77.125000000000014 79.625000000000014 43.421875000000007 54.890625000000007 3.2821655273437504 77.375000000000014 -0.72110775113105763 -0.28596631437540049 45.009613037109382 -0.11788205802440642
decision_type=2 2 2 2 2 2 2 2 2 2 2 2 2 2
left_child=-1 3 -3 7 6 -6 -5 -2 12 -10 -11 -12 -9 -14
right_child=1 2 -4 4 5 -7 -8 8 9 10 11 -13 13 -15
leaf_value=-0.011686794118248647 -0.013232612283157046 -0.0033076036641417582 0.018976213908537948 0.017369394212802085 0.028147193370920857 -0.0034052269731628007 -0.0057559744006970013 -9.2361680171768685e-05 -0.013820038631742138 -0.0080265378466820459 0.021486948515016903 -0.0065760705602306907 0.017563965113710178 -0.0087645774976503974
leaf_weight=9.4981292828451824 40.343499370850623 62.320238709449768 28.07727625221014 12.915271710138766 21.231076968833804 13.649741460569201 66.125268429517746 1989.0623001612257 121.35342532768846 38.835519222542644 45.107866711914539 41.410341404378414 67.119145385921001 26.353866528719664
leaf_count=1359 2601 319 185 387 170 92 936 26350 752 219 218 212 335 155
internal_value=4.8567e-05 0.000181648 0.00579761 -6.7451e-05 0.00837759 0.0190586 0.000767196 -0.000540178 -0.000209557 -0.00536403 0.00359733 0.00934235 0.000446283 0.00990443
internal_weight=2583.4 2573.9 90.3975 2483.51 113.921 34.8808 79.0405 2369.59 2329.24 246.707 125.354 86.5182 2082.54 93.473
internal_count=34290 32931 504 32427 1585 262 1323 30842 28241 1401 649 430 26840 490
is_linear=0
shrinkage=0.04


Tree=186
num_leaves=15
num_cat=0
split_feature=4 5 4 9 10 4 9 4 9 10 10 3 8 8
split_gain=2.54086 2.25031 6.18929 4.55174 5.52649 6.13411 4.63731 4.59757 4.14863 4.00794 6.28981 3.96003 3.81329 3.71227
threshold=40.195312500000007 97.750000000000014 95.156250000000014 73.875000000000014 -0.72110775113105763 94.593750000000014 77.625000000000014 94.156250000000014 80.125000000000014 -0.36714491248130793 -0.94087398052215565 51.921875000000007 21.625000000000004 20.625000000000004
decision_type=2 2 2 2 2 2 2 2 2 2 2 2 2 2
left_child=-1 2 12 9 7 -6 -7 8 -5 10 -3 -12 13 -2
right_child=1 3 -4 4 5 6 -8 -9 -10 -11 11 -13 -14 -15
leaf_value=-0.011013547792633914 0.00092277120305551453 -0.0040867417667325651 0.014172831068608982 -0.0085658979653774961 -0.0093317015504314985 -0.0034764324870963622 0.016118668891267961 -0.018711135976485268 0.0084575461094471074 -0.0052726274120222447 -0.00050961826909233781 0.022424758843359524 0.013345432402712729 -0.003096167466038286
leaf_weight=12.769708532607181 1778.8222328263801 31.161955133080482 32.780328389257193 39.590715417638421 31.992105210199952 22.589795988053083 27.603553421795368 49.507604020647705 18.066629094071686 41.107175998389721 15.546262104995547 22.844350203871727 15.347123526269568 442.25168670620769
leaf_count=1495 23819 235 181 420 181 108 142 370 164 206 145 117 240 6467
internal_value=5.53179e-05 0.000194981 0.000632737 -0.0029487 -0.00647237 0.00131203 0.00882199 -0.0117097 -0.0024273 0.00314847 0.00819154 0.016144 0.00031041 0.000102046
internal_weight=2581.98 2569.21 2269.2 300.01 189.35 82.1855 50.1933 107.165 57.6573 110.66 69.5526 38.3906 2236.42 2221.07
internal_count=34290 32795 30707 2088 1385 431 250 954 584 703 497 262 30526 30286
is_linear=0
shrinkage=0.04


Tree=187
num_leaves=15
num_cat=0
split_feature=11 3 11 11 6 11 9 8 11 4 3 8 5 3
split_gain=2.51627 3.0014 4.19835 2.97121 2.96919 4.19575 3.74361 4.22623 2.50497 6.64307 4.20131 4.04726 3.98464 3.57251
threshold=0.34607414901256567 25.976562500000004 0.26428173482418066 0.26428173482418066 0.046952068805694587 0.18053535372018817 76.375000000000014 17.375000000000004 1.0000000180025095e-35 80.015625000000014 37.507812500000007 18.625000000000004 87.250000000000014 55.171875000000007
decision_type=2 2 2 2 2 2 2 2 2 2 2 2 2 2
left_child=1 3 4 -1 -3 8 7 -7 10 12 11 -6 -10 -12
right_child=-2 2 -4 -5 5 6 -8 -9 9 -11 13 -13 -14 -15
leaf_value=-0.004879864802407252 -0.011801817740634395 -0.0098630436411576271 -0.013860765498535781 0.018784293217292657 -0.0045725247556220308 -0.0032062468825228879 -0.0055165980569775296 0.023402248122728567 -0.0067867406275957942 -0.017069834308873565 -0.0020925813199466573 0.021672334165031969 0.014976540844816312 0.0011969705049513432
leaf_weight=2.7449833140708488 8.323849468957631 25.863162150606513 14.298848920967428 5.788233507424593 5.4665345153771323 7.2843388700857821 5.2733253566548219 14.240511293523012 8.6031074551865476 23.380184999667108 742.56978349713609 7.5451437467709184 10.227411981672047 1699.5696116108447
leaf_count=308 2286 2815 740 403 121 115 199 251 391 922 12580 250 329 12580
internal_value=5.64879e-05 0.00018559 4.1708e-05 0.0130872 0.000226922 0.000407028 0.012274 0.0171903 0.000183185 -0.00774645 0.000381009 0.0145561 0.0066592 0.000187859
internal_weight=2581.18 2572.86 2564.32 8.53322 2550.02 2524.16 26.7982 21.5249 2497.36 42.2107 2455.15 13.0117 18.8305 2442.14
internal_count=34290 32004 31293 711 30553 27738 565 366 27173 1642 25531 371 720 25160
is_linear=0
shrinkage=0.04


Tree=188
num_leaves=15
num_cat=0
split_feature=11 3 11 8 9 11 10 7 7 7 8 4 3 4
split_gain=2.46537 2.93096 4.08062 3.02923 7.06536 15.5732 15.9211 19.1496 20.9257 15.6436 19.4945 11.0879 10.6355 9.85442
threshold=0.34607414901256567 25.976562500000004 0.26428173482418066 19.125000000000004 76.375000000000014 -0.92554321885108937 -0.59209755063056935 14.507102966308596 0.93759298324584972 17.117428779602054 17.125000000000004 84.578125000000014 43.921875000000007 85.515625000000014
decision_type=2 2 2 2 2 2 2 2 2 2 2 2 2 2
left_child=1 -1 3 4 5 9 12 8 -8 -3 -11 -6 -7 -9
right_child=-2 2 -4 -5 11 6 7 13 -10 10 -12 -13 -14 -15
leaf_value=0.012910162883549592 -0.011703933309301836 -0.017313609808426791 -0.013703780996629779 -0.00096590119749462885 0.01500234636642043 -0.018119858996985119 -0.0078547176093776826 -0.013988380417995661 0.036878971780793676 0.013458172624162766 -0.0083575658887131508 -0.0042810099203418094 0.0022406230091500646 0.0097726888970015354
leaf_weight=8.6260546068660897 8.2269517467357201 109.95476741530001 14.116942381951956 1458.9534089688677 117.98966600326821 25.559910669224337 13.798076552804558 26.579616544768214 52.459124615415931 85.855986021459103 152.07088542543352 61.74832958728075 394.85812954371795 49.755508322268724
leaf_count=711 2286 2267 740 17649 1638 1138 461 148 739 470 908 442 4421 272
internal_value=5.41304e-05 0.000181742 3.93112e-05 0.000221475 0.00179864 0.000298014 0.00435819 0.0149876 0.0279019 -0.00615266 -5.22072e-05 0.0086123 0.000236143 0.000312715
internal_weight=2580.55 2572.33 2563.7 2549.58 1090.63 910.892 563.01 142.592 66.2572 347.882 237.927 179.738 420.418 76.3351
internal_count=34290 32004 31293 30553 12904 10824 7179 1620 1200 3645 1378 2080 5559 420
is_linear=0
shrinkage=0.04


Tree=189
num_leaves=15
num_cat=0
split_feature=4 4 10 11 9 8 11 10 1 5 3 4 3 4
split_gain=2.47886 2.23879 2.40504 11.5839 12.4604 16.9012 11.7921 11.5482 8.73775 16.9209 8.03746 7.99883 8.05826 7.85554
threshold=40.195312500000007 42.804687500000007 -0.89013355970382679 -0.32787269353866572 76.875000000000014 18.625000000000004 -0.24558732658624646 -0.77784499526023854 0.97160339355468761 88.250000000000014 54.359375000000007 83.640625000000014 63.359375000000007 87.781250000000014
decision_type=2 2 2 2 2 2 2 2 2 2 2 2 2 2
left_child=-1 -2 3 8 5 -5 -7 11 9 -3 -10 -4 -13 -8
right_child=1 2 7 4 -6 6 13 -9 10 -11 -12 12 -14 -15
leaf_value=-0.010903987034834892 0.010586626643809303 0.016209265620588588 -0.018121676077252524 -0.0058397846437047941 -0.010333837205663363 -0.0079218222749043183 0.018736610385173626 0.00020541677876621632 -0.0052298984523730342 -0.0081527852595673026 0.018815334016646371 0.0098564187467910756 -0.014417634841737255 -0.0019285231423885555
leaf_weight=12.649433595826848 12.703053019242359 53.915197728201747 78.174462308641523 187.17105876654387 159.71604182804003 33.125701751559973 122.80020096362568 1608.9147566924803 17.874230273067951 99.487730415537953 108.00375878810883 37.838556210510433 15.246817111968992 32.671231991611421
leaf_count=1495 409 640 2739 3008 3829 375 2531 16810 163 892 591 421 77 310
internal_value=4.9268e-05 0.000187089 5.35567e-05 0.00182145 -0.0016451 0.00238353 0.0103221 -0.000785476 0.00813386 0.00129152 0.0151521 -0.0113525 0.000847027 0.0146691
internal_weight=2580.29 2567.64 2554.94 814.765 535.484 375.768 188.597 1740.17 279.281 153.403 125.878 131.26 53.0854 155.471
internal_count=34290 32795 32386 12339 10053 6224 3216 20047 2286 1532 754 3237 498 2841
is_linear=0
shrinkage=0.04


Tree=190
num_leaves=15
num_cat=0
split_feature=7 10 10 10 11 7 4 3 7 9 6 10 9 7
split_gain=2.43337 14.6687 22.9013 13.0171 10.9811 10.6962 7.88617 7.80116 11.8627 13.1277 6.64479 12.2428 9.53979 8.73501
threshold=2.6904702186584477 -0.72110775113105763 -0.77784499526023854 0.30648292601108557 -0.9911728799343108 1.0618329048156741 70.359375000000014 51.265625000000007 0.43805837631225591 74.625000000000014 3.8508340120315556 -0.20267342031002042 79.625000000000014 7.9378366470336923
decision_type=2 2 2 2 2 2 2 2 2 2 2 2 2 2
left_child=1 2 5 4 -3 7 -5 8 -1 -10 11 -2 -13 -12
right_child=10 3 -4 6 -6 -7 -8 -9 9 -11 13 12 -14 -15
leaf_value=-0.0030316512318910951 0.0002793468239136621 -0.00016219643191360084 0.027120274545002571 -0.0037714704243999868 -0.02438201716058877 -0.014214563057781342 0.021438316278354585 -0.013110545820129311 -0.0081552089398662757 0.033228542164836464 -0.010073247277045203 0.018812660801389946 -0.0079103592867627408 0.00030043810964090561
leaf_weight=47.399687774013728 279.33198453951627 43.31028987839818 34.587423915043473 53.929544689366594 79.107771980343387 55.920043290127069 7.8654628060758105 11.48642752598971 7.8979715835303095 23.270615818910301 120.54756593797356 103.05641215015203 14.248689617961643 1697.5619318415411
leaf_count=4684 4401 1196 385 1526 3517 1371 86 265 215 460 1486 1348 108 13242
internal_value=4.39471e-05 -0.00289448 0.00495819 -0.0103233 -0.0170394 -0.00292816 0.00389468 0.00538977 0.0102059 0.0236533 0.000549488 0.00510688 0.0148873 -0.000489497
internal_weight=2579.52 364.775 180.562 184.213 122.418 145.975 61.795 90.0547 78.5683 31.1686 2214.75 396.637 117.305 1818.11
internal_count=34290 13705 7380 6325 4713 6995 1612 5624 5359 675 20585 5857 1456 14728
is_linear=0
shrinkage=0.04


Tree=191
num_leaves=15
num_cat=0
split_feature=5 8 10 11 4 11 9 8 11 3 10 9 10 1
split_gain=2.42089 2.14519 2.54394 11.2666 11.9442 11.9381 24.0862 22.2946 11.2525 14.0677 12.9946 11.1163 10.8598 8.22125
threshold=58.875000000000007 21.625000000000004 -0.89013355970382679 -0.32787269353866572 88.343750000000014 -0.16148620098829267 77.875000000000014 19.875000000000004 -0.076191127300262437 56.078125000000007 -0.991642266511917 74.875000000000014 -0.77784499526023854 0.86517333984375011
decision_type=2 2 2 2 2 2 2 2 2 2 2 2 2 2
left_child=-1 2 3 13 5 7 8 -5 11 10 -10 -7 -4 -2
right_child=1 -3 12 4 -6 6 -8 -9 9 -11 -12 -13 -14 -15
leaf_value=-0.0099838184655027407 0.00070439083645391074 0.0095625714108955439 -0.011138590402125502 -0.021539505902533788 -0.0096684490401570573 0.00048641494309816614 -0.020040916181689575 0.011453297965527754 -0.012797798159904214 0.019703371480315274 0.010207512062140798 0.032230516996028878 0.00014561282611591858 0.01416440456110786
leaf_weight=17.947157985996455 134.98066793102771 18.517641823273152 129.08464414696209 57.122374143451452 171.27270371094346 25.450574513524771 27.173224837053567 40.305821269750595 69.372310820501298 45.149863697588444 51.038974986877292 42.5714106336236 1605.6597316288389 142.86190231889486
leaf_count=1995 1396 248 3087 996 1750 211 1565 578 1315 431 2622 324 16900 872
internal_value=4.6285e-05 0.000193419 5.10537e-05 0.00187922 -0.0015676 0.00261243 0.00697564 -0.00826443 0.0114513 0.00466172 -0.00298151 0.0231626 -0.000811443 0.0081117
internal_weight=2578.51 2560.56 2542.04 807.3 529.457 358.185 260.756 97.4282 233.583 165.561 120.411 68.022 1734.74 277.843
internal_count=34290 32295 32047 12060 9792 8042 6468 1574 4903 4368 3937 535 19987 2268
is_linear=0
shrinkage=0.04


Tree=192
num_leaves=15
num_cat=0
split_feature=5 2 7 10 9 9 3 4 1 9 6 4 10 10
split_gain=2.37486 2.07221 8.61123 5.81489 6.37131 7.65788 7.54748 5.8311 4.69761 12.7831 6.22086 6.11093 5.89498 12.3476
threshold=54.875000000000007 0.93750000000000011 70.435668945312514 0.30648292601108557 77.125000000000014 79.625000000000014 43.421875000000007 54.890625000000007 3.2821655273437504 77.625000000000014 32.679927825927741 79.203125000000014 -0.72110775113105763 -0.28596631437540049
decision_type=2 2 2 2 2 2 2 2 2 2 2 2 2 2
left_child=-1 3 -3 7 6 -6 -5 -2 10 11 -9 -10 -11 -14
right_child=1 2 -4 4 5 -7 -8 8 9 12 -12 -13 13 -15
leaf_value=-0.0113116911901866 -0.012874608575239423 -0.0032858797018962046 0.018481809444634952 0.016690594418827497 0.027174510484253983 -0.003301757682000815 -0.0057531098623377613 6.4891551825448847e-05 0.0049732945356867472 -0.0070538124993095898 0.013244615783882543 -0.016041553835919826 0.021102180448414047 -0.0054464418248181606
leaf_weight=9.121921628713606 39.588810240151361 62.31167971342802 27.64479199051857 13.263036914169787 21.594999371096492 13.593933245167134 65.999983448535204 2039.7709797553252 16.925509557127953 35.186525747179985 38.962941966950893 112.85962762590498 40.639360263943672 39.976290136575699
leaf_count=1359 2601 319 185 387 170 92 936 26651 140 195 189 668 196 202
internal_value=4.77285e-05 0.000175168 0.00554852 -6.27233e-05 0.00803125 0.0184712 0.00060861 -0.000518695 -0.000200203 -0.00521088 0.000435788 -0.0130028 0.00415082 0.00947134
internal_weight=2577.44 2568.32 89.9565 2478.36 114.452 35.1889 79.263 2363.91 2324.32 245.587 2078.73 129.785 115.802 80.6157
internal_count=34290 32931 504 32427 1585 262 1323 30842 28241 1401 26840 808 593 398
is_linear=0
shrinkage=0.04


Tree=193
num_leaves=15
num_cat=0
split_feature=4 10 10 8 4 3 4 10 6 10 3 8 11 10
split_gain=2.34017 2.09897 13.2692 9.7652 9.94521 8.52945 7.93408 9.63051 7.74649 15.7322 13.9649 18.4629 11.4082 19.2391
threshold=40.195312500000007 -0.44560900330543513 -0.52077846229076374 18.125000000000004 89.765625000000014 52.140625000000007 90.718750000000014 0.053682003635913141 28.415819168090824 0.053682003635913141 62.640625000000007 17.625000000000004 -0.94134241342544545 -0.11788205802440642
decision_type=2 2 2 2 2 2 2 2 2 2 2 2 2 2
left_child=-1 2 -2 -4 5 -5 8 -8 10 -10 11 -3 13 -13
right_child=1 6 3 4 -6 -7 7 -9 9 -11 -12 12 -14 -15
leaf_value=-0.010634581874573791 0.00028264650898079144 -0.013196224174882388 0.0064256931386398285 0.0048898358735103989 0.0023216721844352577 -0.031478958476496607 0.012973928783154063 -0.0079930842232700996 0.015971210975196177 -0.011848001530296966 -0.010531103004236961 -0.0090574518534302876 0.013127971268229009 0.0075816037568041611
leaf_weight=12.353867816738783 1330.0813781516626 96.878862121142447 19.617424787953496 6.4678535773418835 21.250827036798 45.403022651560605 142.54923331364989 30.093115869909525 93.255385890603065 29.022239722311497 186.30135893449187 170.65122466068715 145.36050160974264 246.93459677416831
leaf_count=1495 20300 1207 246 277 104 516 711 173 496 179 1409 1754 1730 3693
internal_value=5.69558e-05 0.000190389 -0.000829943 -0.0140063 -0.0196906 -0.0268453 0.00145507 0.00886879 -1.93286e-05 0.00863108 -0.00143988 0.00136133 0.00423337 0.000678674
internal_weight=2576.22 2563.87 1422.82 92.7391 73.1217 51.8709 1141.05 172.642 968.404 122.278 846.127 659.825 562.946 417.586
internal_count=34290 32795 21443 1143 897 793 11352 884 10468 675 9793 8384 7177 5447
is_linear=0
shrinkage=0.04


Tree=194
num_leaves=15
num_cat=0
split_feature=11 3 11 8 9 11 7 10 7 7 8 5 10 3
split_gain=2.32459 2.82305 3.98501 2.95077 6.50997 14.5729 14.9881 14.4457 17.7906 19.0221 12.7079 10.2714 10.1592 10.1068
threshold=0.34607414901256567 25.976562500000004 0.26428173482418066 19.125000000000004 76.375000000000014 -0.92554321885108937 8.3800792694091815 -0.59209755063056935 14.507102966308596 0.93759298324584972 16.625000000000004 90.250000000000014 -0.59209755063056935 43.921875000000007
decision_type=2 2 2 2 2 2 2 2 2 2 2 2 2 2
left_child=1 -1 3 4 5 6 -3 13 9 -9 -8 -6 -13 -7
right_child=-2 2 -4 -5 11 7 10 8 -10 -11 -12 12 -14 -15
leaf_value=0.012626995035316165 -0.011428277351762273 -0.020550509041720399 -0.013581922075696799 -0.00096559632617485068 0.016811531765329672 -0.017752285763611399 0.012335874433231024 -0.0076385499437919046 0.00015405892991657955 0.034994433772250956 -0.0059551170868488027 -0.011134001761274484 0.010975651408113693 0.0022295287321471785
leaf_weight=8.7754314604680967 7.9572944885585448 66.126328876242042 13.974601672729476 1455.5883681790438 86.39600887754932 24.892617243807763 61.853577019646764 13.592638889793305 76.288225872442126 53.889413120225072 217.54397475719452 52.268974642269313 41.738290689885616 394.40098892664537
leaf_count=711 2286 1793 740 17649 1320 1138 343 461 420 739 1509 511 249 4421
internal_value=4.44476e-05 0.000168072 2.77329e-05 0.000207812 0.00176536 0.000318892 -0.00594983 0.00423783 0.0143124 0.026624 -0.00135227 0.00829156 -0.00111418 0.000289038
internal_weight=2575.29 2567.33 2558.55 2544.58 1088.99 908.588 345.524 563.064 143.77 67.4821 279.398 180.403 94.0073 419.294
internal_count=34290 32004 31293 30553 12904 10824 3645 7179 1620 1200 1852 2080 760 5559
is_linear=0
shrinkage=0.04


Tree=195
num_leaves=15
num_cat=0
split_feature=7 10 10 10 11 7 4 3 7 9 6 10 11 5
split_gain=2.31698 13.939 21.5208 12.1296 10.6223 10.071 7.69112 7.54893 11.8044 12.6344 6.18835 11.0215 13.5106 8.57314
threshold=2.6904702186584477 -0.72110775113105763 -0.77784499526023854 0.30648292601108557 -0.9911728799343108 1.0618329048156741 70.359375000000014 50.640625000000007 0.43805837631225591 74.625000000000014 3.8508340120315556 -0.90843567252159108 -0.16148620098829267 81.250000000000014
decision_type=2 2 2 2 2 2 2 2 2 2 2 2 2 2
left_child=1 2 5 4 -3 7 -5 8 -1 -10 11 12 -2 -12
right_child=10 3 -4 6 -6 -7 -8 -9 9 -11 13 -13 -14 -15
leaf_value=-0.0031758979111272661 -0.020054033772967519 -0.00012364646712900907 0.026169060818350784 -0.0039376478472218195 -0.024009402919547635 -0.01391017181269677 0.02085014705419462 -0.011597027711727697 -0.0078268365819779955 0.03342879662101382 -0.013940669415843132 0.0085363071877478901 0.005923511697883346 8.3984030346491122e-05
leaf_weight=44.847476585069671 37.593354789540172 43.236378319561481 35.061921587213874 54.073922923533246 77.286857667379081 55.157366374507546 8.0824955590069276 15.669208409264682 7.6399837397038963 22.038874811027199 52.603787058033049 302.75881848298013 57.106540392152965 1761.8384135374799
leaf_count=4656 629 1196 385 1526 3517 1371 86 319 211 438 701 4136 1092 14027
internal_value=4.21953e-05 -0.00283203 0.0048142 -0.0101134 -0.0166778 -0.00287919 0.00357668 0.0051669 0.0103995 0.0239332 0.000535163 0.00492727 -0.00608752 -0.00047017
internal_weight=2575 363.094 180.415 182.68 120.523 145.353 62.1564 90.1955 74.5263 29.6789 2211.9 397.459 94.6999 1814.44
internal_count=34290 13705 7380 6325 4713 6995 1612 5624 5305 649 20585 5857 1721 14728
is_linear=0
shrinkage=0.04


Tree=196
num_leaves=15
num_cat=0
split_feature=5 5 4 6 6 7 11 7 3 8 8 7 8 9
split_gain=2.27712 2.0809 5.80697 4.4576 9.24552 7.56879 4.36414 3.72329 10.8986 13.6264 7.26605 13.018 9.18814 11.88
threshold=54.875000000000007 97.750000000000014 95.656250000000014 14.044421672821047 29.276244163513187 151.13818359375003 -0.94134241342544545 29.741621017456058 59.890625000000007 16.875000000000004 17.625000000000004 17.260336875915531 18.875000000000004 74.625000000000014
decision_type=2 2 2 2 2 2 2 2 2 2 2 2 2 2
left_child=-1 2 7 -3 -5 6 -6 10 9 -9 11 -2 13 -12
right_child=1 3 -4 4 5 -7 -8 8 -10 -11 12 -13 -14 -15
leaf_value=-0.011121113560225857 -0.011617058697813345 -0.0089503749581840604 0.016212376627815616 0.0087332146822246739 0.00077885752050321365 0.0093195040946337567 -0.017167485401458803 0.0073808852592392371 0.002353902329870945 -0.015005911400332037 -0.0015736956103093915 0.0082044362337236176 0.00032590032593896137 0.012506921613153948
leaf_weight=8.9336451673880202 145.9361508754082 100.20891339331865 17.423519320785999 96.575151070952415 28.382460832595825 19.538925044238567 53.468622617423534 44.959756631404161 272.41524051129818 148.15976099669933 146.49444540124387 61.068760252557695 1193.9244170477614 236.84815729758702
leaf_count=1359 2926 1031 98 526 138 110 283 235 1424 920 2283 485 18151 4321
internal_value=3.84732e-05 0.000163064 0.00058347 -0.00286932 0.000747691 -0.00704428 -0.0120135 0.000320647 -0.002792 -0.00959053 0.00115472 -0.00556185 0.00209482 0.00731479
internal_weight=2574.34 2565.4 2267.23 298.174 197.965 101.39 81.8511 2249.81 465.535 193.12 1784.27 207.005 1577.27 383.343
internal_count=34290 32931 30843 2088 1057 531 421 30745 2579 1155 28166 3411 24755 6604
is_linear=0
shrinkage=0.04


Tree=197
num_leaves=15
num_cat=0
split_feature=11 3 11 11 8 11 11 9 9 3 4 7 10 3
split_gain=2.26014 2.75073 3.87196 2.9177 2.7249 6.2611 18.9271 21.5954 14.6298 19.329 15.3444 9.87955 9.35385 32.4578
threshold=0.34607414901256567 25.976562500000004 0.26428173482418066 0.26428173482418066 19.125000000000004 -0.97646176815032948 -0.9911728799343108 76.625000000000014 76.625000000000014 64.421875000000014 61.359375000000007 1.4358401298522951 -0.72110775113105763 65.859375000000014
decision_type=2 2 2 2 2 2 2 2 2 2 2 2 2 2
left_child=1 3 4 -1 -3 6 7 -6 -8 10 -10 -9 -7 -14
right_child=-2 2 -4 -5 5 12 8 11 9 -11 -12 -13 13 -15
leaf_value=-0.0049784021694706769 -0.011301088358997832 0.0016927587624539328 -0.013430494994765516 0.018128479398563324 0.011769043001797888 0.0011996740734117601 -0.0056900637758544063 0.0072621474112283795 -0.0065850388643511441 -0.0061089407750127755 0.036119698695253159 -0.019366886228923026 -0.010089643439128753 0.014354563514800599
leaf_weight=2.8073281862307322 7.8346546737011513 1089.4220476672053 13.800825541606171 6.071037732064724 62.973123095929623 599.52353836409748 33.713130083633587 16.805569247808307 9.5243911873549205 23.752777926623821 61.078084141016006 89.121058130636811 470.48677410720848 87.29894732683897
leaf_count=308 2286 12904 740 403 756 7750 504 404 333 114 369 820 6153 446
internal_value=3.65478e-05 0.000158281 1.95113e-05 0.0124344 0.000196689 -0.0009318 0.00407501 -0.00460315 0.0145958 0.0215715 0.0301768 -0.0146597 -0.00226396 -0.00589943
internal_weight=2574.21 2566.38 2557.5 8.87837 2543.7 1454.28 296.968 168.9 128.068 94.3553 70.6025 105.927 1157.31 557.786
internal_count=34290 32004 31293 711 30553 17649 3300 1980 1320 816 702 1224 14349 6599
is_linear=0
shrinkage=0.04


Tree=198
num_leaves=15
num_cat=0
split_feature=3 1 8 11 10 4 10 8 9 4 5 10 11 11
split_gain=2.28638 6.30329 6.83809 10.7603 6.42654 10.8964 11.5227 10.4987 10.3366 9.18612 8.53657 12.0459 17.732 14.74
threshold=57.390625000000007 4.0237426757812509 20.375000000000004 -0.92554321885108937 -0.89013355970382679 77.984375000000014 0.053682003635913141 18.875000000000004 76.375000000000014 70.546875000000014 91.250000000000014 -0.90843567252159108 -0.16148620098829267 -0.076191127300262437
decision_type=2 2 2 2 2 2 2 2 2 2 2 2 2 2
left_child=1 2 4 -4 10 6 8 -7 -6 -8 11 12 -1 -14
right_child=-2 -3 3 -5 5 7 9 -9 -10 -11 -12 -13 13 -15
leaf_value=-0.015279534930696391 0.0011242520971732517 -0.014411742746943346 0.0065536794998885262 -0.014957284686326709 -0.020503819346366345 0.0066597070379540947 -0.0042669626362092832 -0.0088935414329985273 0.00056500950849992337 0.017442817830677897 -0.0015606046304401495 0.023714622548908097 0.024587489618083772 -0.0015724737249026468
leaf_weight=40.263196714222431 1397.8022029362619 35.560870807617903 41.325704895891249 94.297064236132428 102.625657428056 256.58366768620908 99.270290361484513 73.873759163543582 52.010389368282631 22.405932439491153 193.38311874354258 49.253992857411504 45.084090773016214 68.498697801027447
leaf_count=778 10074 262 1180 3934 3473 2528 2752 919 1443 316 2576 542 305 3208
internal_value=3.83619e-05 -0.00125124 -0.000598679 -0.00840279 0.00059992 -0.00197162 -0.00756921 0.00287366 -0.0141644 0.00162876 0.00444106 0.0097832 0.00310792 0.0109377
internal_weight=2572.24 1174.44 1138.88 135.623 1003.25 606.77 276.312 330.457 154.636 121.676 396.483 203.1 153.846 113.583
internal_count=34290 24216 23954 5114 18840 11431 7984 3447 4916 3068 7409 4833 4291 3513
is_linear=0
shrinkage=0.04


Tree=199
num_leaves=15
num_cat=0
split_feature=4 8 10 11 9 8 11 10 7 10 4 9 7 10
split_gain=2.1863 2.10409 2.20358 10.3696 11.0415 15.3728 12.4661 10.2214 8.47734 15.0362 20.2556 22.9894 17.9673 16.233
threshold=40.195312500000007 21.625000000000004 -0.89013355970382679 -0.32787269353866572 76.875000000000014 18.625000000000004 -0.24558732658624646 -0.77784499526023854 10.825288295745851 -0.72110775113105763 86.828125000000014 76.375000000000014 2.6904702186584477 0.30648292601108557
decision_type=2 2 2 2 2 2 2 2 2 2 2 2 2 2
left_child=-1 2 3 -2 5 -5 -7 -4 9 10 11 -9 13 -11
right_child=1 -3 7 4 -6 6 -8 8 -10 12 -12 -13 -14 -15
leaf_value=-0.010348042076063189 0.0076859433444964719 0.0094324242625990189 -0.010835740656232535 -0.0056199967049673193 -0.009820583654714575 -0.0089892415552263721 0.014345292027553627 -0.0050572024082478776 -0.0021665903366474937 -0.016728685982067455 -0.005277255063732683 0.045052180659115058 0.0059018452811559043 0.0071163678368492828
leaf_weight=12.046937145292757 279.0890946071595 18.606820636428893 128.08381587755866 186.09743135422468 157.43318614829332 31.764425300061703 153.9009349218104 15.664158474653957 977.95529199577868 114.670344655402 30.706315737217665 28.827387508004904 380.67479370068759 55.263973564840853
leaf_count=1495 2268 263 3261 3035 3833 366 2846 309 6461 4301 309 168 4490 885
internal_value=3.56753e-05 0.000164441 2.3395e-05 0.00172326 -0.00158673 0.00222346 0.00986718 -0.000780582 0.000146042 0.00371519 0.018402 0.0313129 0.0011347 -0.00904129
internal_weight=2570.78 2558.74 2540.13 808.285 529.196 371.763 185.665 1731.85 1603.76 625.807 75.1979 44.4915 550.609 169.934
internal_count=34290 32795 32532 12348 10080 6247 3212 20184 16923 10462 786 477 9676 5186
is_linear=0
shrinkage=0.04


Tree=200
num_leaves=15
num_cat=0
split_feature=11 3 11 11 7 11 4 5 3 10 4 3 5 8
split_gain=2.16161 2.68734 3.74156 2.86234 2.57518 3.25092 5.03687 4.7992 3.32413 5.29189 5.03869 3.12157 10.8857 6.83845
threshold=0.34607414901256567 25.976562500000004 0.26428173482418066 0.26428173482418066 0.3756165504455567 0.18053535372018817 80.265625000000014 95.750000000000014 38.640625000000007 -0.98469310998916615 70.359375000000014 50.296875000000007 71.750000000000014 19.125000000000004
decision_type=2 2 2 2 2 2 2 2 2 2 2 2 2 2
left_child=1 3 4 -1 -3 8 -7 -8 9 -6 -11 12 -10 -14
right_child=-2 2 -4 -5 5 6 7 -9 11 10 -12 -13 13 -15
leaf_value=-0.0049547994404249866 -0.011090419549386199 -0.0065364390921799822 -0.013244401404356225 0.017896217229747411 -0.0077120284449155524 -0.0076029219659293551 0.023949746453604454 -0.0039459210394533727 0.010883762934400699 -0.0050579977788030462 0.026150699618777726 0.0005531342930228544 -0.0029596782952529743 -0.018501066651526711
leaf_weight=2.7922646680381131 7.6337851155549279 67.938548089470714 13.589531990699468 6.1725668031722307 4.5092711485922363 5.6976575832814005 13.7596323331818 6.9652857491746536 45.326288526877761 3.8431715290062121 9.1039827391505224 2168.6559530138038 165.97759072901681 48.132716050371528
leaf_count=308 2286 4138 740 403 205 224 195 119 926 187 160 19183 3749 1467
internal_value=3.79114e-05 0.000156697 1.91201e-05 0.0122721 0.000193006 0.000428931 0.0109161 0.0172408 0.000227994 0.0120533 0.0194399 4.52004e-05 -0.00393637 -0.00773551
internal_weight=2570.1 2562.46 2553.5 8.96483 2539.91 2471.97 26.4226 20.7249 2445.55 17.4564 12.9472 2428.09 259.437 214.11
internal_count=34290 32004 31293 711 30553 26415 538 314 25877 552 347 25325 6142 5216
is_linear=0
shrinkage=0.04


Tree=201
num_leaves=15
num_cat=0
split_feature=5 8 4 5 5 4 6 10 6 2 5 10 10 3
split_gain=2.15298 2.03801 2.20941 3.74364 3.32312 4.3457 15.3275 9.37305 9.4292 11.5885 9.64339 8.00671 17.9314 19.2056
threshold=54.875000000000007 21.625000000000004 95.406250000000014 99.250000000000014 97.250000000000014 87.781250000000014 3.4940063953399663 -0.94087398052215565 22.652502059936527 0.56250000000000011 95.750000000000014 -0.991642266511917 -0.99574989080429066 55.265625000000007
decision_type=2 2 2 2 2 2 2 2 2 2 2 2 2 2
left_child=-1 2 4 -4 5 11 -7 -8 -9 -10 -11 12 13 -2
right_child=1 -3 3 -5 -6 6 7 8 9 10 -12 -13 -14 -15
leaf_value=-0.010863230907964257 -0.015209547601719043 0.009268166276124909 0.0078312428438214836 -0.0049000559632779049 -0.0044300244530447053 -0.014946328094439392 -0.0054508798043866472 0.014098808221224748 -0.012302287198946374 0.01964912741283251 -0.0054033317245091948 -0.0016437057865926975 0.0199948033709022 0.01410882064801958
leaf_weight=8.6839496358297747 66.88071205560118 18.685844007413834 110.0833969078958 36.035289045423269 254.9042850388214 42.789209408219904 72.947796263732016 201.86762047745287 48.508912049233913 37.273768678307533 31.038968525826931 1527.1667552522849 71.319740723818541 41.474942015483975
leaf_count=1359 1490 255 653 211 1949 561 711 1283 248 211 160 24207 575 417
internal_value=3.54273e-05 0.000156276 1.74837e-05 0.00447956 -0.000289441 0.000239902 0.0037184 0.00638476 0.00925583 4.95739e-05 0.00962035 -0.000678258 0.00687037 -0.00353765
internal_weight=2569.66 2560.98 2542.29 146.119 2396.17 2141.27 434.426 391.637 318.689 116.822 68.3127 1706.84 179.675 108.356
internal_count=34290 32931 32676 864 31812 29863 3174 2613 1902 619 371 26689 2482 1907
is_linear=0
shrinkage=0.04


Tree=202
num_leaves=15
num_cat=0
split_feature=11 3 11 11 8 11 11 9 9 3 4 7 1 4
split_gain=2.11102 2.63173 3.62193 2.80592 2.50402 6.07209 17.3314 20.3997 13.5268 18.0249 14.2746 9.77738 9.06918 12.6439
threshold=0.34607414901256567 25.976562500000004 0.26428173482418066 0.26428173482418066 19.125000000000004 -0.97646176815032948 -0.9911728799343108 76.625000000000014 76.625000000000014 64.421875000000014 61.359375000000007 1.4358401298522951 1.4247894287109377 62.921875000000007
decision_type=2 2 2 2 2 2 2 2 2 2 2 2 2 2
left_child=1 3 4 -1 -3 6 7 12 -8 10 -10 -9 13 -6
right_child=-2 2 -4 -5 5 -7 8 11 9 -11 -12 -13 -14 -15
leaf_value=-0.0049249039198304761 -0.010981447238778363 0.0016218812596134407 -0.013070529442555733 0.01767651219749005 -0.007269267469749042 -0.0022115451096373752 -0.0055100535106632877 0.0074924060543577389 -0.006478514885697311 -0.005989136993209002 0.034635499238825647 -0.018946865309046771 -0.0077010490543032916 0.02814446597510897
leaf_weight=2.7733030659146589 7.5310202706605187 1088.7703842089977 13.395903446711598 6.2696111523546278 13.389606622047721 1153.1035753518809 33.523767048958689 16.649738137610257 9.440878564026205 23.750595353543758 61.915228113532066 87.874426523223519 17.0255291685462 32.764385238289833
leaf_count=308 2286 12904 740 403 346 14349 504 404 333 114 369 820 131 279
internal_value=3.6577e-05 0.000153837 1.74208e-05 0.0121268 0.00018814 -0.000896256 0.00403807 -0.00432658 0.0140583 0.0207148 0.0289684 -0.0142084 0.0115073 0.018779
internal_weight=2568.18 2560.65 2551.6 9.04291 2538.21 1449.44 296.334 167.704 128.63 95.1067 71.3561 104.524 63.1795 46.154
internal_count=34290 32004 31293 711 30553 17649 3300 1980 1320 816 702 1224 756 625
is_linear=0
shrinkage=0.04


Tree=203
num_leaves=15
num_cat=0
split_feature=3 6 1 11 11 7 8 10 6 3 4 7 8 3
split_gain=2.10955 7.79008 7.75476 7.74997 11.0464 8.71016 17.4891 8.52367 10.4972 13.3248 12.8938 10.2977 8.31073 9.57789
threshold=60.859375000000007 2.9917761087417607 3.0761718750000004 -0.9911728799343108 -0.94134241342544545 10.379505157470705 20.625000000000004 -0.86928081512451161 8.0614328384399432 66.984375000000014 82.671875000000014 98.195243835449233 18.125000000000004 61.671875000000007
decision_type=2 2 2 2 2 2 2 2 2 2 2 2 2 2
left_child=2 -2 -1 12 5 -5 -7 -6 10 11 -9 -10 -3 -14
right_child=1 3 -4 4 7 6 -8 8 9 -11 -12 -13 13 -15
leaf_value=4.2902625123714263e-06 0.014551773204679397 0.01016560882840134 -0.010159780305490368 -0.0069331011365580605 0.00487673972178635 0.018669613649495501 -0.0048543318515374611 -0.0095348988092729646 -0.018969395623477544 0.0087462985300517972 0.021758895206909962 0.0060253996460546792 0.0086445267891041757 -0.018562016211172785
leaf_weight=1667.8666747307871 49.366399518214166 15.055291339755057 109.42099600099027 35.156196989119053 160.46134997345507 142.70124090462923 63.261790804564953 24.077309470623732 134.43368409201503 33.104149967432022 24.150297574698925 21.958477690815926 13.857105039060114 72.417556811124086
leaf_count=28406 362 90 756 279 1027 758 399 257 819 171 158 118 105 585
internal_value=3.65412e-05 0.0017311 -0.000727567 0.000516393 0.00221325 0.00862053 0.0116541 -0.00189337 -0.00648695 -0.0105598 0.00792039 -0.0151747 -0.00878941 -0.0133877
internal_weight=2567.29 790.001 1777.29 740.634 639.304 241.119 205.963 398.185 237.724 189.496 48.2276 156.392 101.33 86.2747
internal_count=34290 5128 29162 4766 3986 1436 1157 2550 1523 1108 415 937 780 690
is_linear=0
shrinkage=0.04


Tree=204
num_leaves=15
num_cat=0
split_feature=4 4 7 3 10 10 7 4 1 4 9 7 10 4
split_gain=2.10278 1.98453 2.0684 2.03658 6.21402 12.9458 7.80781 10.0612 8.4306 13.395 12.6051 15.4992 11.5673 10.9232
threshold=40.195312500000007 42.804687500000007 2.3126006126403813 57.390625000000007 0.22366141527891162 0.13918624445796016 3.6892175674438481 87.593750000000014 1.9500732421875002 87.781250000000014 78.875000000000014 11.260449886322023 -0.44560900330543513 92.031250000000014
decision_type=2 2 2 2 2 2 2 2 2 2 2 2 2 2
left_child=-1 2 -2 -3 5 6 7 -5 9 10 11 12 -8 -10
right_child=1 3 -4 4 -6 -7 8 -9 13 -11 -12 -13 -14 -15
leaf_value=-0.010171095135314707 -0.0033565620756261867 -0.0011969982437767422 0.015161236147556384 0.017149300012579229 -0.010255662061613654 0.022334496630564589 -0.0060154460576422597 -0.01050083123344382 0.0086901601567897866 0.0050724987549563361 -0.016041211193329234 -0.0083782396326365482 0.013835858774830576 -0.0037034113615742686
leaf_weight=11.861456314334644 5.6939890042413008 1145.5285909913946 7.2499342765659094 68.639747741632164 53.992323994636536 26.831802293658257 60.497150054667145 12.878777461126445 291.2868537614122 240.95677259005606 126.44947737036273 243.43684880668297 105.50240735709667 164.9812494404614
leaf_count=1495 352 22312 57 552 382 143 642 170 1772 1600 1271 1769 896 877
internal_value=4.22673e-05 0.000168365 0.0099229 4.15704e-05 0.00106086 0.0016603 0.00090997 0.0115728 3.1615e-05 -0.00248538 -0.00594395 -0.00222368 0.00673231 0.00424146
internal_weight=2565.79 2553.93 12.9439 2540.98 1395.45 1341.46 1314.63 81.5185 1233.11 776.843 535.886 409.436 166 456.268
internal_count=34290 32795 409 32386 10074 9692 9549 722 8827 6178 4578 3307 1538 2649
is_linear=0
shrinkage=0.04


Tree=205
num_leaves=15
num_cat=0
split_feature=5 5 4 6 6 7 11 7 3 10 10 10 4 8
split_gain=2.06902 1.92125 5.47086 4.27515 8.63876 7.19899 4.1019 3.77204 9.96941 9.78431 12.1319 14.527 9.47256 6.92191
threshold=54.875000000000007 97.750000000000014 95.656250000000014 14.044421672821047 29.276244163513187 151.13818359375003 -0.94134241342544545 29.741621017456058 57.203125000000007 -0.77784499526023854 -0.44560900330543513 -0.28596631437540049 85.515625000000014 17.625000000000004
decision_type=2 2 2 2 2 2 2 2 2 2 2 2 2 2
left_child=-1 2 7 -3 -5 6 -6 13 12 -10 -11 -12 -9 -2
right_child=1 3 -4 4 5 -7 -8 8 9 10 11 -13 -14 -15
leaf_value=-0.010674141881179697 -0.0054247667407977271 -0.0087303098161063703 0.015747308431404258 0.008495332877301429 0.00076214795878096491 0.0091711977306166755 -0.016664868077390337 -0.023129614800792671 0.013042354592582009 -0.014902690159455209 0.018402417766365697 -0.0034017721196377493 -0.0012399978164899495 0.0020680407620945595
leaf_weight=8.5038750693202001 205.7511179021094 99.608562102075666 17.369226645678282 96.449556396342814 28.294609185308218 19.439958862960339 53.050776850432158 44.844774400815368 60.527645863592625 71.242668770253658 45.7214225679636 174.04057569801807 66.470320409163833 1573.3062456492335
leaf_count=1359 3411 1031 98 526 138 110 283 335 310 362 237 955 380 24755
internal_value=4.39459e-05 0.000162197 0.00056669 -0.00275784 0.000784476 -0.00677948 -0.011649 0.000310879 -0.00283153 0.000645597 -0.00260578 0.00229124 -0.0122382 0.00115081
internal_weight=2564.62 2556.12 2259.27 296.843 197.235 100.785 81.3454 2241.9 462.847 351.532 291.005 219.762 111.315 1779.06
internal_count=34290 32931 30843 2088 1057 531 421 30745 2579 1864 1554 1192 715 28166
is_linear=0
shrinkage=0.04


Tree=206
num_leaves=15
num_cat=0
split_feature=11 3 11 11 8 10 11 8 0 10 4 10 9 10
split_gain=2.06357 2.56259 3.51717 2.74997 2.50169 5.65184 11.0365 15.9431 11.2192 10.248 13.2365 10.5912 8.40941 8.39463
threshold=0.34607414901256567 25.976562500000004 0.26428173482418066 0.26428173482418066 19.125000000000004 -0.99574989080429066 -0.16148620098829267 17.375000000000004 1.9373059272766116 0.38703845441341406 67.421875000000014 -0.8288312256336211 76.375000000000014 -0.28596631437540049
decision_type=2 2 2 2 2 2 2 2 2 2 2 2 2 2
left_child=1 3 4 -1 5 -3 8 -8 9 10 11 -7 -13 -10
right_child=-2 2 -4 -5 -6 6 7 -9 13 -11 -12 12 -14 -15
leaf_value=-0.0049033137472397157 -0.01087630861555024 -0.0081356942377334811 -0.012914003130378899 0.017427523197815622 -0.00089905010178160819 0.022868551045993123 -0.0095254890562742542 0.021338875256562237 0.0065771110327065624 0.011036767868275921 -0.019212038041485437 -0.015329171821421657 0.010611385945745216 -0.0018622821536122369
leaf_weight=2.7596192741766554 7.4325676511507472 68.580431017559022 13.220107451081274 6.3804000965319574 1447.3361090649851 9.2981758550740761 23.669869131874293 77.79505340824835 430.19175603147596 23.088120008818805 96.340581515338272 31.100578464567661 15.259423921583219 312.24394707474858
leaf_count=308 2286 966 740 403 17649 192 353 959 3265 410 2877 1227 343 2312
internal_value=3.68466e-05 0.000152721 1.76996e-05 0.0119474 0.000185705 0.00161947 0.00241998 0.0137559 0.000899682 -0.00768251 -0.0114786 0.00344746 -0.00616604 0.00307204
internal_weight=2564.7 2557.26 2548.12 9.14002 2534.9 1087.57 1018.99 101.465 917.523 175.087 151.999 55.6582 46.36 742.436
internal_count=34290 32004 31293 711 30553 12904 11938 1312 10626 5049 4639 1762 1570 5577
is_linear=0
shrinkage=0.04


Tree=207
num_leaves=15
num_cat=0
split_feature=4 4 4 9 10 10 10 3 10 5 0 5 1 0
split_gain=2.02438 1.93235 2.02979 5.23926 8.31129 5.93062 4.16678 6.29761 5.97611 8.77062 6.60401 5.84322 9.19397 6.25399
threshold=40.195312500000007 42.804687500000007 58.882812500000007 76.375000000000014 0.30648292601108557 -0.89013355970382679 0.38703845441341406 47.140625000000007 0.22366141527891162 85.750000000000014 0.62538385391235363 78.750000000000014 0.69694519042968761 2.3126006126403813
decision_type=2 2 2 2 2 2 2 2 2 2 2 2 2 2
left_child=-1 -2 3 5 -5 -3 8 -8 11 10 -10 12 -4 -13
right_child=1 2 6 4 -6 -7 7 -9 9 -11 -12 13 -14 -15
leaf_value=-0.010010790324187016 0.0097780241806402785 0.0066622968456977582 0.014492800084526556 -0.0081883379032415323 0.013625389603314077 -0.017969324986926469 0.021310087506834902 -0.005897720700906388 -0.011024991074495505 -0.017233668220668314 0.01410453771691045 -0.0045142483815320258 -0.012332296868509956 0.0010255904894800217
leaf_weight=11.696269922656937 12.994931654538957 9.534752394538371 75.760019211564213 41.006717489566654 32.18038747087121 39.166244990890846 14.965639349073173 10.993137411773203 9.3274027542211098 52.519994860514998 22.731553351506591 375.08535188110545 9.6493535526096803 1846.0082517610863
leaf_count=1495 409 726 2325 1512 240 1695 238 93 229 465 262 8970 133 15498
internal_value=3.66543e-05 0.000160194 3.49288e-05 -0.00461613 0.00226892 -0.0126113 0.000305434 0.0122356 7.54939e-05 -0.00927922 0.0053665 0.00049535 0.0096973 5.81176e-05
internal_weight=2563.62 2551.92 2538.93 121.888 73.1871 48.701 2417.04 25.9588 2391.08 84.579 32.059 2306.5 85.4094 2221.09
internal_count=34290 32795 32386 4173 1752 2421 28213 331 27882 956 491 26926 2458 24468
is_linear=0
shrinkage=0.04


Tree=208
num_leaves=15
num_cat=0
split_feature=5 8 3 11 10 6 11 4 5 5 3 7 10 9
split_gain=1.99445 1.93575 2.11803 3.91267 2.91454 2.60687 3.94075 3.60907 4.57374 3.22977 4.1242 9.00567 17.3373 14.7157
threshold=58.875000000000007 21.625000000000004 20.695312500000004 0.26428173482418066 -0.9259815216064452 0.046952068805694587 0.18053535372018817 80.265625000000014 95.750000000000014 68.750000000000014 50.296875000000007 1.0618329048156741 -0.8288312256336211 74.875000000000014
decision_type=2 2 2 2 2 2 2 2 2 2 2 2 2 2
left_child=-1 2 4 5 -2 -4 9 -8 -9 -7 11 12 13 -11
right_child=1 -3 3 -5 -6 6 7 8 -10 10 -12 -13 -14 -15
leaf_value=-0.0091913956685705164 0.017449860981115509 0.0090326781526762732 -0.009541852213260137 -0.012900142754327484 -0.0052469004929319978 0.0080584798435902015 -0.0051658405445417525 0.023291747860358977 -0.0038902805758807856 -0.0087138250170888925 0.00038527487155059305 -0.0092670174477845219 -0.012193468719735595 0.029808814397134446
leaf_weight=16.973819374106824 4.3032451737672091 18.795990989077836 24.084824613062665 17.587050746195018 3.0054414197802535 58.042193133383989 6.184977296274158 14.042656607925894 6.9293670309707514 12.491032975260167 2134.026778221596 184.16431154916063 32.801505965180695 29.77454374358058
leaf_count=1995 233 248 2466 1749 798 819 252 195 119 289 18805 4292 1508 522
internal_value=3.28624e-05 0.000165508 2.91664e-05 -9.01849e-05 0.0111093 0.000101404 0.000270746 0.0117243 0.0167956 5e-05 -0.0002094 -0.0047818 0.00585655 0.0192819
internal_weight=2563.21 2546.23 2527.44 2520.13 7.30869 2502.54 2478.46 27.157 20.972 2451.3 2393.26 259.231 75.0671 42.2656
internal_count=34290 32295 32047 31016 1031 29267 26801 566 314 26235 25416 6611 2319 811
is_linear=0
shrinkage=0.04


Tree=209
num_leaves=15
num_cat=0
split_feature=5 8 8 9 11 10 4 4 9 11 3 10 7 3
split_gain=1.95793 1.8389 2.15104 11.0915 11.0802 14.0194 10.5168 17.0787 7.92922 8.27922 6.5611 8.54035 7.42714 6.3146
threshold=54.875000000000007 21.625000000000004 20.625000000000004 77.875000000000014 -0.24558732658624646 -0.59209755063056935 92.031250000000014 68.140625000000014 75.625000000000014 -0.98518332839012135 61.078125000000007 -0.8288312256336211 9.764742851257326 58.609375000000007
decision_type=2 2 2 2 2 2 2 2 2 2 2 2 2 2
left_child=-1 2 -2 8 5 10 7 -7 13 -10 11 12 -5 -4
right_child=1 -3 3 4 -6 6 -8 -9 9 -11 -12 -13 -14 -15
leaf_value=-0.010433380791633954 0.00059995569919793002 0.0087745808224423301 -0.012199611611664708 -0.0051563221862252892 -0.016866008797855308 0.01218697528667744 0.016086789600624752 -0.015461866933606865 0.0043087695626117988 -0.01816256861103166 0.021769870540102088 -0.011682649011251987 0.023115699708148824 0.0071590192315262773
leaf_weight=8.2782822008011845 2032.819474654505 18.952619576593861 20.004792756866664 14.959704058710487 20.841771652223542 34.890300620812923 19.176320970058441 93.298580371774733 24.486565716098994 110.12673142249696 64.087078649550676 20.855779425241053 16.543295100331306 63.132125513628125
leaf_count=1359 25797 255 742 172 1068 356 85 831 324 1977 351 322 115 536
internal_value=3.48304e-05 0.000149557 1.69039e-05 -0.00227489 0.00287621 0.00551452 -0.0027045 -0.0073073 -0.00868412 -0.0140464 0.0147877 0.00258651 0.0129014 0.00103844
internal_weight=2562.45 2554.18 2535.22 502.403 284.653 263.811 147.365 128.189 217.75 134.613 116.446 52.3588 31.503 83.1369
internal_count=34290 32931 32676 6879 3300 2232 1272 1187 3579 2301 960 609 287 1278
is_linear=0
shrinkage=0.04


Tree=210
num_leaves=15
num_cat=0
split_feature=5 5 4 9 10 4 4 9 10 10 9 3 7 3
split_gain=1.91808 1.9052 5.24336 4.16556 4.30688 5.49363 4.76309 4.3994 3.78251 5.38239 3.74339 3.69837 3.56422 9.49598
threshold=54.875000000000007 97.750000000000014 95.656250000000014 73.875000000000014 -0.72110775113105763 94.593750000000014 94.156250000000014 77.625000000000014 -0.36714491248130793 -0.94087398052215565 80.125000000000014 51.921875000000007 29.741621017456058 57.203125000000007
decision_type=2 2 2 2 2 2 2 2 2 2 2 2 2 2
left_child=-1 2 12 8 6 -6 10 -7 9 -3 -5 -11 -2 -14
right_child=1 3 -4 4 5 7 -8 -9 -10 11 -12 -13 13 -15
leaf_value=-0.0103425352847281 0.0011160901565540819 -0.0035604523185360989 0.015418593693753351 -0.0076462420061906098 -0.0092167716515512855 -0.0037530157241979396 -0.017956747019479413 0.015190487856705646 -0.0051087606170195686 -0.00062269228706423587 0.0085442917978707927 0.021426794153233022 -0.011967369770969002 0.00063229718911173396
leaf_weight=8.1943263203138468 1778.0116019789129 30.637452711351216 17.336379244923592 38.538623481057584 31.725874094292521 22.543105080723763 48.526826517656446 27.23915072530508 40.940308853983879 15.496799304150043 17.904756536241621 22.615156345069408 110.65109771676362 351.0469702668488
leaf_count=1359 28166 235 98 420 181 108 370 142 206 145 164 117 715 1864
internal_value=3.41615e-05 0.000147592 0.000550485 -0.00276338 -0.00616566 0.000799692 -0.0108366 0.00799517 0.00307951 0.00800806 -0.0016186 0.0153325 0.000299952 -0.00275886
internal_weight=2561.41 2553.21 2257.05 296.168 186.478 81.5081 104.97 49.7823 109.69 68.7494 56.4434 38.112 2239.71 461.698
internal_count=34290 32931 30843 2088 1385 431 954 250 703 497 584 262 30745 2579
is_linear=0
shrinkage=0.04


Tree=211
num_leaves=15
num_cat=0
split_feature=8 11 11 9 9 3 8 7 5 4 10 3 10 4
split_gain=1.91518 5.60577 15.3047 18.8742 12.9903 20.8338 12.301 9.09218 8.43152 14.0581 8.24856 29.7112 13.9194 13.4741
threshold=19.125000000000004 -0.97646176815032948 -0.9911728799343108 76.625000000000014 78.125000000000014 64.421875000000014 19.875000000000004 1.4358401298522951 89.250000000000014 62.921875000000007 -0.72110775113105763 64.578125000000014 0.30648292601108557 90.531250000000014
decision_type=2 2 2 2 2 2 2 2 2 2 2 2 2 2
left_child=-1 2 3 8 6 -6 -4 -5 9 -2 13 12 -12 -3
right_child=1 10 4 7 5 -7 -8 -9 -10 -11 11 -13 -14 -15
leaf_value=0.001275255354338476 -0.0080904647831730112 0.0045521861361103337 -0.016628692501140706 0.0071286861906333385 0.034738639417616499 -0.0054282347239139684 0.011562720539276995 -0.018360712519893331 -0.0070970191436893898 0.028573665490669246 -0.013838215577513933 0.0094974662515456866 0.0053439678066120513 -0.0083435117445462576
leaf_weight=1103.0197631320916 14.111676289234309 451.22285012132488 23.61602590046823 16.872064565308392 45.318715370958671 23.200852237641811 37.35967137129046 86.109324192628264 18.144017936661839 31.481873360462487 352.39266143692657 138.21182946115732 61.224884257186204 159.07316023530439
leaf_count=14490 354 8600 318 404 375 111 516 820 134 268 4509 776 1315 1300
internal_value=3.02307e-05 -0.00091596 0.0038312 -0.00407594 0.0131946 0.0229845 -0.000766201 -0.0137045 0.0110385 0.018219 -0.00217031 -0.00562506 -0.0108833 0.00103284
internal_weight=2561.36 1458.34 296.214 166.719 129.495 68.5196 60.9757 102.981 63.7376 45.5935 1162.13 551.829 413.618 610.296
internal_count=34290 19800 3300 1980 1320 486 834 1224 756 622 16500 6600 5824 9900
is_linear=0
shrinkage=0.04


Tree=212
num_leaves=15
num_cat=0
split_feature=7 10 10 10 11 7 4 3 7 9 6 10 9 7
split_gain=1.92977 11.1981 19.6236 10.9421 9.76736 9.09285 7.15848 6.8562 10.4474 11.4138 5.7386 9.91779 8.45395 8.1767
threshold=2.6904702186584477 -0.72110775113105763 -0.77784499526023854 0.30648292601108557 -0.9911728799343108 1.0618329048156741 70.359375000000014 50.640625000000007 0.43805837631225591 74.625000000000014 3.8508340120315556 -0.20267342031002042 79.625000000000014 6.3809752464294442
decision_type=2 2 2 2 2 2 2 2 2 2 2 2 2 2
left_child=1 2 5 4 -3 7 -5 8 -1 -10 11 -2 -13 -12
right_child=10 3 -4 6 -6 -7 -8 -9 9 -11 13 12 -14 -15
leaf_value=-0.0032763983469247431 0.00031686467477856785 5.127758751257638e-05 0.024521971214029704 -0.0037241072251999485 -0.023016873836888049 -0.013672792321849075 0.020160944221742586 -0.011436492899128356 -0.0078118769669013287 0.030907928406416194 -0.015184168339802984 0.017054592008174482 -0.0078684134415215948 2.4387183003120919e-07
leaf_weight=44.658474453142844 277.76315772440284 42.902502361219376 35.421933952718973 53.487472666660324 72.484241180354729 54.357166172936559 8.3332708217203599 15.41884721862152 7.5893917870707837 23.12639869004488 38.625648896675557 105.56568802893162 14.134222156368194 1765.6517348308116
leaf_count=4656 4401 1196 385 1526 3517 1371 86 319 211 438 456 1348 108 14272
internal_value=3.58457e-05 -0.00260742 0.00420244 -0.00926903 -0.0156993 -0.00312541 0.00363661 0.0045175 0.00949497 0.022033 0.000484977 0.00471237 0.0134065 -0.000487725
internal_weight=2559.52 357.78 180.572 177.207 115.387 145.15 61.8207 90.7931 75.3743 30.7158 2201.74 397.463 119.7 1804.28
internal_count=34290 13705 7380 6325 4713 6995 1612 5624 5305 649 20585 5857 1456 14728
is_linear=0
shrinkage=0.04


Tree=213
num_leaves=15
num_cat=0
split_feature=5 8 3 11 10 6 11 4 5 5 3 7 10 9
split_gain=1.90137 1.79799 2.08333 3.79547 2.8669 2.46596 3.7825 3.48246 4.37014 2.89638 3.96319 8.23362 15.7006 13.4583
threshold=58.875000000000007 21.625000000000004 20.695312500000004 0.26428173482418066 -0.9259815216064452 0.046952068805694587 0.18053535372018817 80.265625000000014 95.750000000000014 68.750000000000014 50.296875000000007 1.0618329048156741 -0.8288312256336211 74.875000000000014
decision_type=2 2 2 2 2 2 2 2 2 2 2 2 2 2
left_child=-1 2 4 5 -2 -4 9 -8 -9 -7 11 12 13 -11
right_child=1 -3 3 -5 -6 6 7 8 -10 10 -12 -13 -14 -15
leaf_value=-0.0089988780099299406 0.017281676568961561 0.0086895545031627341 -0.0093111122743506532 -0.012737474104698075 -0.0052172878608121274 0.0076102305829010668 -0.0051140037274925122 0.02272521998969022 -0.0038251788901663493 -0.0086227051498580128 0.00038626319862902243 -0.0090036078517017198 -0.011872481281705476 0.027953404750849904
leaf_weight=16.745667141629383 4.3721559490077198 18.986828008200973 23.762648996897042 17.380132090067491 2.9860202963463953 58.515311921946704 6.1484335432760444 14.294199804775419 6.8895727554336181 12.417292516212909 2130.4200540194288 182.7916879830882 32.238922901917249 30.843293508980423
leaf_count=1995 233 248 2466 1749 798 819 252 195 119 289 18805 4292 1508 522
internal_value=3.58053e-05 0.000165104 3.31199e-05 -8.55941e-05 0.011012 0.000102881 0.000267208 0.0114671 0.016426 5.01793e-05 -0.000196668 -0.00468698 0.00546089 0.0180479
internal_weight=2558.79 2542.05 2523.06 2515.7 7.35818 2498.32 2474.56 27.3322 21.1838 2447.23 2388.71 258.291 75.4995 43.2606
internal_count=34290 32295 32047 31016 1031 29267 26801 566 314 26235 25416 6611 2319 811
is_linear=0
shrinkage=0.04


Tree=214
num_leaves=15
num_cat=0
split_feature=4 3 11 10 7 11 4 5 5 3 3 7 10 9
split_gain=1.8675 1.98246 4.55333 3.01461 2.69924 3.30117 3.63297 4.18566 3.07582 4.96411 3.90738 8.32718 14.6574 11.9682
threshold=40.195312500000007 19.742187500000004 0.26428173482418066 -0.9259815216064452 0.093662738800048842 0.18053535372018817 80.265625000000014 95.750000000000014 68.750000000000014 50.859375000000007 50.296875000000007 1.0618329048156741 -0.8288312256336211 74.875000000000014
decision_type=2 2 2 2 2 2 2 2 2 2 2 2 2 2
left_child=-1 3 4 -2 -3 8 -7 -8 9 -6 11 12 13 -10
right_child=1 2 -4 -5 5 6 7 -9 10 -11 -12 -13 -14 -15
leaf_value=-0.0096680377788810161 0.017410402130295464 -0.010253308781064655 -0.013596139526283231 -0.0054318038323515729 0.014517236329054573 -0.0055009933063979851 0.022121200183238314 -0.0037890973230108654 -0.0077741934587160005 -0.0041305894868850354 0.00051628032520110805 -0.00890705810323251 -0.011108690007224521 0.026574819535724787
leaf_weight=11.34277979179751 4.3164018271490932 18.609996410552412 18.598972925567068 3.1284015515120691 37.75369459670037 6.4400951690040555 14.572087817825379 6.8678592666983596 12.822557174134998 26.043606116436422 2149.1773011568002 182.45642824377865 33.631480473093688 32.310265057720244
leaf_count=1495 223 2094 2073 871 534 286 197 119 329 458 19023 4322 1692 574
internal_value=3.70796e-05 0.000155302 3.94203e-05 0.0108483 0.000246266 0.000405049 0.0108088 0.0159984 0.000202085 0.00773577 -5.93303e-05 -0.00449504 0.00545938 0.0174254
internal_weight=2558.07 2546.73 2539.28 7.4448 2520.69 2502.08 27.88 21.4399 2474.2 63.7973 2410.4 261.221 78.7643 45.1328
internal_count=34290 32795 31701 1094 29628 27534 602 316 26932 992 25940 6917 2595 903
is_linear=0
shrinkage=0.04


Tree=215
num_leaves=15
num_cat=0
split_feature=3 11 7 3 9 10 11 4 5 3 10 4 10 10
split_gain=2.31149 4.92682 3.04058 2.90795 2.86761 2.66021 2.62201 4.50954 4.04113 2.91982 5.40436 4.26038 2.67619 10.216
threshold=18.777343750000004 0.26428173482418066 0.3756165504455567 54.234375000000007 74.125000000000014 -0.9259815216064452 0.18053535372018817 80.265625000000014 95.750000000000014 38.640625000000007 -0.98469310998916615 72.796875000000014 -0.94087398052215565 -0.98469310998916615
decision_type=2 2 2 2 2 2 2 2 2 2 2 2 2 2
left_child=5 2 3 4 -2 -1 9 -8 -9 10 -4 -12 13 -11
right_child=1 -3 6 -5 -6 -7 7 8 -10 12 11 -13 -14 -15
leaf_value=0.017472312609713873 0.005696536228790793 -0.014123312848907887 -0.0080795204166866606 0.0053307622786894007 -0.012849649536415072 -0.0048008183100034232 -0.0075270081839098274 0.021661857897872273 -0.0037534129689914832 0.0021962849200156654 -0.0036908954544534519 0.025448711873902768 0.00067229762826958304 -0.0096776551622588039
leaf_weight=4.2888509128242731 4.3624452860094598 19.399904969497584 4.7803956218995181 11.369955051690338 53.222480999305844 2.7152924441033965 5.642604446969929 14.774141090922059 6.8464036863297215 270.4360671476461 4.9837658745236686 8.2252099104225618 1970.6466263718903 175.71027525048703
leaf_count=215 197 2477 221 181 4051 737 225 195 119 3596 208 139 19661 2068
internal_value=3.55132e-05 -8.70675e-05 0.000130403 -0.00713706 -0.0103384 0.0116771 0.000389813 0.00972205 0.0156775 0.000206959 0.0112102 0.0188528 3.37209e-05 -0.00269472
internal_weight=2557.4 2550.4 2531 68.9549 57.5849 7.00414 2462.05 27.2631 21.6205 2434.78 17.9894 13.209 2416.79 446.146
internal_count=34290 33338 30861 4429 4248 952 26432 539 314 25893 568 347 25325 5664
is_linear=0
shrinkage=0.04


Tree=216
num_leaves=15
num_cat=0
split_feature=3 11 6 11 9 8 10 11 4 3 5 8 3 10
split_gain=2.26885 4.76846 2.86922 3.27851 3.23125 3.68593 2.61932 2.48976 5.99434 3.95824 3.90264 3.69551 2.82574 9.71816
threshold=18.777343750000004 0.26428173482418066 0.046952068805694587 0.18053535372018817 76.375000000000014 17.375000000000004 -0.9259815216064452 1.0000000180025095e-35 80.015625000000014 37.507812500000007 87.250000000000014 18.625000000000004 55.171875000000007 -0.99574989080429066
decision_type=2 2 2 2 2 2 2 2 2 2 2 2 2 2
left_child=6 2 -2 7 5 -5 -1 9 10 11 -9 -4 -11 -14
right_child=1 -3 3 4 -6 -7 -8 8 -10 12 -12 -13 13 -15
leaf_value=0.017296565577304791 -0.0097949442108293677 -0.013938510496727069 -0.0044067737950644085 -0.0033139856032035875 -0.0054610702793933029 0.020923452052254401 -0.0047806329704089866 -0.0070476037470325308 -0.016751646663065028 -0.0019216310097081865 0.014198320852522137 0.02069707331011918 0.014870056865520629 0.00035589456080350372
leaf_weight=4.360896491445601 25.788791741244495 19.141252848901786 5.3283664062619192 7.3087366772815647 5.2314450084231785 15.342352647334335 2.7023925387766203 8.8186013121157902 22.798659542109817 734.55114771542139 10.63053571525961 7.900146814994514 57.374232105910778 1629.8304984448478
leaf_count=215 3100 2477 121 115 199 252 737 404 924 12580 336 250 385 12195
internal_value=3.81801e-05 -8.34358e-05 0.000129812 0.000308753 0.010676 0.0152161 0.0115591 0.000107496 -0.00779382 0.000306964 0.00587592 0.0140191 0.000117848 0.00101788
internal_weight=2557.11 2550.04 2530.9 2505.11 27.8825 22.6511 7.06329 2477.23 42.2478 2434.98 19.4491 13.2285 2421.76 1687.2
internal_count=34290 33338 30861 27761 566 367 952 27195 1664 25531 740 371 25160 12580
is_linear=0
shrinkage=0.04


Tree=217
num_leaves=15
num_cat=0
split_feature=3 11 10 6 11 4 11 4 3 5 8 9 10 10
split_gain=1.99761 4.4158 2.84322 2.75856 3.12467 3.13874 2.3849 5.81243 3.8477 3.78664 3.5974 2.71068 21.6397 34.7048
threshold=19.210937500000004 0.26428173482418066 -0.9259815216064452 0.046952068805694587 0.18053535372018817 80.265625000000014 1.0000000180025095e-35 80.015625000000014 37.507812500000007 87.250000000000014 18.625000000000004 77.375000000000014 -0.90843567252159108 -0.86928081512451161
decision_type=2 2 2 2 2 2 2 2 2 2 2 2 2 2
left_child=2 3 -1 -2 6 -6 8 9 10 -8 -5 -10 -13 -14
right_child=1 -3 -4 4 5 -7 7 -9 11 -11 -12 12 13 -15
leaf_value=0.017035891158948449 -0.0096265074060591545 -0.013511647496922021 -0.0052538276852198322 -0.0043731845082693914 -0.0050823509868842334 0.015089649614103253 -0.0069757735317974206 -0.016530578512428892 -0.00087594911040620772 0.013936955222296727 0.020358549894990072 -0.010547998053215671 0.029985190293742105 0.0018181156102465646
leaf_weight=4.4693891853094101 25.545327320927754 18.532017642748542 3.0107523371698326 5.3085354832001022 6.1256767376326051 21.958316802978516 8.7601551059633511 22.453880060464144 1558.8320518755354 10.768953517545013 8.0399757747072709 160.54703526757658 59.001899167895317 642.91768939024769
leaf_count=218 3100 2342 869 121 252 314 404 924 17535 336 250 1717 344 5564
internal_value=4.29288e-05 -7.21612e-05 0.0107701 0.000131463 0.000306453 0.0104059 0.000109488 -0.00764058 0.000304295 0.00577299 0.0137989 0.000117463 0.00189213 0.00495089
internal_weight=2556.27 2548.79 7.48014 2530.26 2504.71 28.084 2476.63 41.983 2434.65 19.5291 13.3485 2421.3 862.467 701.92
internal_count=34290 33203 1087 30861 27761 566 27195 1664 25531 740 371 25160 7625 5908
is_linear=0
shrinkage=0.04


Tree=218
num_leaves=15
num_cat=0
split_feature=8 11 11 9 9 3 8 7 1 4 10 3 10 11
split_gain=2.04793 5.1912 14.3274 17.7639 12.1936 19.6304 11.7061 8.88619 7.98329 11.2484 7.56752 27.8175 13.962 13.1417
threshold=19.125000000000004 -0.97646176815032948 -0.9911728799343108 76.625000000000014 78.125000000000014 64.421875000000014 19.875000000000004 1.4358401298522951 1.4247894287109377 62.296875000000007 -0.72110775113105763 65.859375000000014 -0.59209755063056935 -0.95453116297721852
decision_type=2 2 2 2 2 2 2 2 2 2 2 2 2 2
left_child=-1 2 3 8 6 -6 -4 -5 9 -2 -3 12 -12 -14
right_child=1 10 4 7 5 -7 -8 -9 -10 -11 11 -13 13 -15
leaf_value=0.0013378091823417423 -0.0075442453117162767 0.00092389169299387911 -0.016357590382086409 0.0071126980038905066 0.033491719392535035 -0.0053923952418040693 0.011150874698055525 -0.018071077305492102 -0.0074261662136932954 0.025750855161760504 -0.023719831211829755 0.013324698606890704 -0.016674614415208733 -0.00099797083753530146
leaf_weight=1100.1354271881282 12.522354232612996 610.62448738352396 23.401526563102379 16.865587169770151 45.697852808749303 23.199008069932461 37.678302676882595 85.286961758509278 16.908438239246607 34.739022891968489 71.062279947567731 86.669198647141457 103.59602142195217 287.20079774549231
leaf_count=14490 332 9900 318 404 375 111 516 820 131 293 1138 446 1230 3786
internal_value=4.86567e-05 -0.000930703 0.00363676 -0.00402691 0.0126727 0.0221311 -0.000823643 -0.0134294 0.0105754 0.0173089 -0.00214011 -0.00546348 -0.00939585 -0.00576317
internal_weight=2555.59 1455.45 296.299 166.322 129.977 68.8969 61.0798 102.153 64.1698 47.2614 1159.15 548.528 461.859 390.797
internal_count=34290 19800 3300 1980 1320 486 834 1224 756 625 16500 6600 6154 5016
is_linear=0
shrinkage=0.04


Tree=219
num_leaves=15
num_cat=0
split_feature=3 11 10 7 3 9 10 8 7 10 7 11 9 10
split_gain=1.95501 4.28831 2.79892 2.6824 2.74232 2.75621 2.33255 10.301 10.0708 15.4027 17.8982 12.9269 10.9075 23.5561
threshold=19.210937500000004 0.26428173482418066 -0.9259815216064452 0.3756165504455567 54.234375000000007 74.125000000000014 -0.86928081512451161 17.625000000000004 9.2484712600708026 -0.90843567252159108 1.0618329048156741 -0.16148620098829267 76.375000000000014 -0.90843567252159108
decision_type=2 2 2 2 2 2 2 2 2 2 2 2 2 2
left_child=2 3 -1 4 5 -2 7 -5 9 10 -9 -12 13 -10
right_child=1 -3 -4 6 -6 -7 -8 8 12 -11 11 -13 -14 -15
leaf_value=0.016849486506805587 0.0056776398655443098 -0.013350871408830716 -0.0052350469764894259 -0.0080111453731677718 0.0052795751506682052 -0.012413158578049146 -0.00045408306852097197 0.01334760539594726 0.018950565080981745 0.012888279238152826 -0.023359053555104578 -0.0012569999226833607 0.0012530829078209072 -0.01747698821022858
leaf_weight=4.5468697790056467 4.3714455331210038 18.316199949709699 2.9984305179677895 114.25659554451704 11.37384815700352 52.212709028273821 1698.0101714832708 34.964970721397549 175.04709395952523 61.831386985257268 74.392756919376552 81.147135991603136 203.37715038890019 17.198093961924314
leaf_count=218 197 2342 869 1308 181 4051 17785 637 1400 568 1180 1439 1981 134
internal_value=4.50293e-05 -6.90812e-05 0.0106444 0.000131175 -0.00673475 -0.00989781 0.000373608 0.00218195 0.00416538 -0.00199662 -0.00759325 -0.0132851 0.00800258 0.014352
internal_weight=2554.04 2546.5 7.5453 2528.18 67.958 56.5842 2460.23 762.215 647.959 252.336 190.505 155.54 395.622 192.245
internal_count=34290 33203 1087 30861 4429 4248 26432 8647 7339 3824 3256 2619 3515 1534
is_linear=0
shrinkage=0.04


Tree=220
num_leaves=15
num_cat=0
split_feature=3 11 7 11 4 10 11 4 5 8 3 8 9 10
split_gain=2.14117 4.3452 2.5745 2.69414 3.24361 2.49798 2.46007 5.42723 3.72475 3.59283 3.50189 3.62133 2.55532 20.1509
threshold=18.777343750000004 0.26428173482418066 0.093662738800048842 0.18053535372018817 80.265625000000014 -0.9259815216064452 1.0000000180025095e-35 80.015625000000014 85.250000000000014 19.625000000000004 37.507812500000007 18.625000000000004 77.375000000000014 -0.90843567252159108
decision_type=2 2 2 2 2 2 2 2 2 2 2 2 2 2
left_child=5 2 -2 6 -5 -1 10 8 -8 -10 11 -4 -12 -14
right_child=1 -3 3 4 -6 -7 7 -9 9 -11 12 -13 13 -15
leaf_value=0.01676051439348418 -0.009994372526760463 -0.013426045858753266 -0.0045956075580393333 -0.0054960433566667586 0.014481301906608148 -0.0047216270763897061 -0.0081772627323820606 -0.016383855164332554 0.018348769443956914 -0.0058253863583319554 -0.00084759468476161125 0.019748905910653956 -0.010216909471689307 0.0047775114566049708
leaf_weight=4.5830351039767265 19.626829519867897 18.44046315853484 5.4679567713756105 6.434829110279682 22.33567551150918 2.6647638371214262 6.1892084705177721 22.226730091497302 10.473029371816663 3.3194547989405683 1560.568543540081 8.3081029145978373 159.32207344565541 703.28802723507397
leaf_count=215 2617 2477 137 286 316 737 320 927 271 186 17813 280 1723 5985
internal_value=4.02939e-05 -7.84581e-05 0.000123561 0.000281188 0.00959163 0.0111939 9.72471e-05 -0.00775932 0.00523094 0.0125264 0.000295378 0.0130866 0.000116127 0.00183932
internal_weight=2553.25 2546 2527.56 2507.93 28.7705 7.2478 2479.16 42.2084 19.9817 13.7925 2436.95 13.7761 2423.18 862.61
internal_count=34290 33338 30861 28244 602 952 27642 1704 777 457 25938 417 25521 7708
is_linear=0
shrinkage=0.04


Tree=221
num_leaves=15
num_cat=0
split_feature=3 11 7 11 4 10 11 4 5 3 4 10 9 10
split_gain=2.10145 4.20401 2.48341 2.55227 3.11995 2.45872 2.3703 5.23699 3.64449 3.40409 3.61002 2.56356 19.6222 12.1622
threshold=18.777343750000004 0.26428173482418066 0.093662738800048842 0.18053535372018817 80.265625000000014 -0.9259815216064452 1.0000000180025095e-35 80.015625000000014 87.250000000000014 37.507812500000007 72.796875000000014 -0.98469310998916615 77.625000000000014 -0.94087398052215565
decision_type=2 2 2 2 2 2 2 2 2 2 2 2 2 2
left_child=5 2 -2 6 -5 -1 9 8 -8 10 -4 12 -11 -13
right_child=1 -3 3 4 -6 -7 7 -9 -10 11 -12 13 -14 -15
leaf_value=0.016584890633024398 -0.0098445107018742886 -0.013250848527126361 -0.0049900424611695011 -0.00544951012056608 0.014092850161221047 -0.0047020571663197496 -0.0071353715233479021 -0.016167642619375196 0.01315752811436764 0.0089722716457574722 0.019242527583788006 -0.0097776242120224816 -0.017162830896651892 0.00059368323419359227
leaf_weight=4.656608484685421 19.436902523972094 18.206095409928821 4.7875884175300589 6.4016343513503697 22.579546601511538 2.6523104802472508 8.8995695433113742 21.897170416079462 11.190376508515326 204.34188210591674 9.1068586912006122 178.71800739131868 38.445235591381788 2001.5755453736056
leaf_count=215 2617 2477 272 286 316 737 431 927 346 1634 145 2209 616 21062
internal_value=3.66361e-05 -8.1133e-05 0.000117026 0.000271504 0.0093136 0.0110738 9.21003e-05 -0.00763383 0.00509302 0.000286268 0.0128752 0.00010927 0.00384254 -0.000337598
internal_weight=2552.9 2545.59 2527.38 2507.94 28.9812 7.30892 2478.96 41.9871 20.0899 2436.98 13.8944 2423.08 242.787 2180.29
internal_count=34290 33338 30861 28244 602 952 27642 1704 777 25938 417 25521 2250 23271
is_linear=0
shrinkage=0.04


Tree=222
num_leaves=15
num_cat=0
split_feature=9 8 2 8 1 3 8 4 10 9 7 4 0 6
split_gain=1.98246 11.7138 14.1836 21.1491 13.5805 11.0652 10.7604 15.3764 10.6753 15.7736 9.30977 8.26032 8.61784 8.00509
threshold=74.125000000000014 17.625000000000004 0.43750000000000006 19.875000000000004 1.4453887939453127 64.109375000000014 18.875000000000004 80.578125000000014 -0.98469310998916615 75.375000000000014 4.8772215843200692 68.796875000000014 10.68398952484131 3.8508340120315556
decision_type=2 2 2 2 2 2 2 2 2 2 2 2 2 2
left_child=-1 -2 4 -4 6 -5 7 8 9 -3 -9 -6 -13 -8
right_child=1 2 3 5 11 -7 13 10 -10 -11 -12 12 -14 -15
leaf_value=0.0018343408027540621 -0.01170494936867437 -0.0089859588583770366 -0.023877732271199919 0.012323432081053479 -0.010122907853983351 -0.0080441903047412805 0.0011000777012746938 -0.0050555160209631612 -0.0059790923464624023 0.030836788567092703 0.025555635325070089 0.022634888310405638 0.0061429879020750734 -0.0063030614177391735
leaf_weight=687.97402339987457 121.78483030200005 16.035524339880798 72.094411365687847 55.461132682859898 22.371393017470837 78.417547687888145 454.31016860436648 12.717325199395416 129.00719605572522 15.908168448600916 56.351766359061003 47.533781809266657 332.29078787891194 450.47249818360433
leaf_count=6030 2520 222 415 314 246 381 11482 223 3739 244 497 525 2448 5004
internal_value=2.98785e-05 -0.000648252 0.000248324 -0.00911947 0.00160472 0.000898439 -0.000662687 0.00671293 -0.000593802 0.0150832 0.0200498 0.00773057 0.00923589 -0.00264239
internal_weight=2552.73 1864.76 1742.97 205.973 1537 133.879 1134.8 230.02 160.951 31.9437 69.0691 402.196 379.825 904.783
internal_count=34290 28260 25740 1110 24630 695 21411 4925 4205 466 720 3219 2973 16486
is_linear=0
shrinkage=0.04


Tree=223
num_leaves=15
num_cat=0
split_feature=3 11 10 7 11 9 8 11 4 5 3 8 9 10
split_gain=2.06319 4.0631 2.41582 2.40292 2.39738 3.0629 3.40767 2.2979 5.04692 3.52342 3.30337 3.51502 2.55488 18.1296
threshold=18.777343750000004 0.26428173482418066 -0.9259815216064452 0.093662738800048842 0.18053535372018817 76.375000000000014 17.375000000000004 1.0000000180025095e-35 80.015625000000014 87.250000000000014 37.507812500000007 18.625000000000004 77.375000000000014 -0.90843567252159108
decision_type=2 2 2 2 2 2 2 2 2 2 2 2 2 2
left_child=2 3 -1 -2 7 6 -6 10 9 -9 11 -5 -12 -14
right_child=1 -3 -4 4 5 -7 -8 8 -10 -11 12 -13 13 -15
leaf_value=0.0164062484547449 -0.0097086255953644299 -0.013071011894796827 -0.0046760703170764528 -0.0046161216304153969 -0.0035651131293127965 -0.0058447466740970027 0.019020035205695247 -0.007077664088693889 -0.015963503786339688 0.01284257195165266 -0.00085842890457041179 0.019212373387670074 -0.0096865712357204255 0.0045960864336522782
leaf_weight=4.7319117952138186 19.266323390882462 17.966961966943927 2.6357951139798379 5.4788149830419561 7.4429531949572327 5.4923190292902282 16.279561685863882 8.8521247443277407 21.589833938982338 11.362220252864061 1560.003249382833 8.5330487289465946 157.39190296363086 704.92305440362543
leaf_count=215 2617 2477 737 137 117 210 275 431 927 346 17813 280 1723 5985
internal_value=3.42222e-05 -8.2623e-05 0.0109586 0.000111667 0.000263357 0.00900552 0.0135445 8.90224e-05 -0.00752948 0.00493769 0.000279988 0.0126595 0.000105297 0.0018287
internal_weight=2551.95 2544.58 7.36771 2526.62 2507.35 29.2148 23.7225 2478.13 41.8042 20.2143 2436.33 14.0119 2422.32 862.315
internal_count=34290 33338 952 30861 28244 602 392 27642 1704 777 25938 417 25521 7708
is_linear=0
shrinkage=0.04


Tree=224
num_leaves=15
num_cat=0
split_feature=3 11 8 10 11 5 3 10 7 10 3 11 3 7
split_gain=2.02335 3.93277 2.43615 5.31691 7.33785 13.0024 10.2063 9.92734 14.7496 7.77533 15.6059 12.3647 13.3274 10.1963
threshold=18.777343750000004 0.26428173482418066 19.125000000000004 -0.99574989080429066 -0.16148620098829267 96.750000000000014 43.921875000000007 -0.94087398052215565 32.964134216308601 -0.28596631437540049 48.640625000000007 -0.9911728799343108 43.421875000000007 48.517299652099616
decision_type=2 2 2 2 2 2 2 2 2 2 2 2 2 2
left_child=-1 2 3 -2 7 6 -6 8 -5 10 -9 13 -13 -11
right_child=1 -3 -4 4 5 -7 -8 9 -10 11 -12 12 -14 -15
leaf_value=0.010837643149171542 -0.0079743020500432967 -0.012900760280589578 -0.00096638482719374084 -0.020215224388078448 -0.010038263686199691 -0.011176686914403815 0.021467936100642966 -0.012125359000033782 0.011598470137238651 0.011794351981022508 0.0084960476466208312 0.017186444363691208 -0.010391761796674344 -0.0084633372474407758
leaf_weight=7.4297250653617075 67.921179251745343 17.744369256775826 1441.0245001327712 54.701411716639996 7.5501074746716759 18.452374949119985 79.355057389941067 50.230485093314201 18.5564293153584 118.43874313216656 403.17645736318082 13.625137347495182 214.03983266046271 39.32062466070056
leaf_count=952 966 2477 17820 871 398 233 818 1918 95 1210 3395 559 2339 239
internal_value=3.16327e-05 -8.42108e-05 0.000106426 0.00152249 0.00229797 0.0113804 0.0173649 0.00102716 -0.0113975 0.0023524 0.00579577 -0.00178441 -0.00748669 0.0063611
internal_weight=2551.57 2544.14 2526.39 1085.37 1017.45 105.358 86.9052 912.089 73.2578 838.831 453.407 385.424 227.665 157.759
internal_count=34290 33338 30861 13041 12075 1449 1216 10626 966 9660 5313 4347 2898 1449
is_linear=0
shrinkage=0.04


Tree=225
num_leaves=15
num_cat=0
split_feature=3 11 10 7 10 8 7 10 7 11 9 10 10 8
split_gain=1.97598 3.80527 2.38252 2.32648 2.58787 9.66949 9.53159 14.1093 16.5243 12.0413 8.68994 22.0007 16.8032 12.889
threshold=18.777343750000004 0.26428173482418066 -0.9259815216064452 0.3756165504455567 -0.86928081512451161 17.625000000000004 9.2484712600708026 -0.90843567252159108 1.0618329048156741 -0.16148620098829267 76.375000000000014 -0.90843567252159108 -0.90843567252159108 20.875000000000004
decision_type=2 2 2 2 2 2 2 2 2 2 2 2 2 2
left_child=2 3 -1 -2 5 -5 7 8 -7 -10 11 -8 13 -12
right_child=1 -3 -4 4 -6 6 10 -9 9 -11 12 -13 -14 -15
leaf_value=0.016114335891052507 -0.0063373288655156814 -0.01273289275424104 -0.0047015003398579074 -0.0076853007275923821 -0.00054682602742999603 0.012734464980702765 0.017914529867478903 0.012282602814919654 -0.022745321150986108 -0.0012703880663364031 -0.010085086015736672 -0.017250906155318293 0.022172968262794197 0.01146700585189946
leaf_weight=4.8557592816650867 66.861446829047054 17.527258142014034 2.6519574911799273 113.39278976432979 1699.4013510481454 35.270936000626534 176.92924896907061 62.454575059935451 72.132093541324139 81.032740846276283 126.40478904731572 17.021607935428619 30.336096476763487 44.904540356248617
leaf_count=215 4429 2477 737 1308 17785 637 1400 568 1180 1439 1319 134 182 480
internal_value=2.57203e-05 -8.88977e-05 0.0106892 9.81588e-05 0.000322834 0.0022319 0.00414978 -0.0018728 -0.00729279 -0.0128428 0.00787566 0.0135042 0.00173185 -0.00382754
internal_weight=2551.18 2543.67 7.50772 2526.14 2459.28 759.879 646.487 250.89 188.436 153.165 395.596 193.951 201.645 171.309
internal_count=34290 33338 952 30861 26432 8647 7339 3824 3256 2619 3515 1534 1981 1799
is_linear=0
shrinkage=0.04


Tree=226
num_leaves=15
num_cat=0
split_feature=4 5 5 11 4 4 7 0 3 9 11 11 11 11
split_gain=1.9472 3.55928 3.05475 4.09226 4.12455 3.9239 12.7886 8.64138 6.99726 9.72379 19.8079 16.2449 16.073 18.2306
threshold=95.406250000000014 99.250000000000014 97.250000000000014 -0.99624565243720997 87.968750000000014 87.781250000000014 7.4463486671447763 11.000382900238039 63.484375000000007 77.125000000000014 -0.16148620098829267 -0.076191127300262437 -0.9911728799343108 -0.9985557198524474
decision_type=2 2 2 2 2 2 2 2 2 2 2 2 2 2
left_child=2 -2 5 -4 -5 8 -7 -8 9 10 12 -11 13 -1
right_child=1 -3 3 4 -6 6 7 -9 -10 11 -12 -13 -14 -15
leaf_value=-0.012415440585213076 0.0075114969929682739 -0.0048945448936848004 0.0094275221811644869 0.0057819641155963707 -0.0076105789090458453 -0.011697802335198942 0.013618459744532732 0.0014329989587389474 -0.0075927838416849922 0.006879801079879122 0.0085985863229917879 -0.01649195082186378 -0.0073775397427871146 0.014322071772613403
leaf_weight=41.597794114146382 109.52695912495255 35.946265735663474 14.021749459207056 28.570374825969338 211.70100446464494 56.309587157797068 136.55625201389194 243.22068373113871 183.59096850454807 469.72532997163944 207.08714219368994 33.680317008518614 668.27365672565065 110.35868086805567
leaf_count=632 657 213 80 302 1593 745 1069 1392 1313 5790 5289 2455 11507 1253
internal_value=2.68861e-05 0.00422491 -0.00025983 -0.00423564 -0.00569616 0.000245023 0.00354449 0.00627663 -0.000625491 0.000297296 -0.0019315 0.00474569 -0.00473147 0.00641001
internal_weight=2550.17 145.473 2404.69 254.293 240.271 2150.4 436.087 379.777 1714.31 1530.72 1027.32 503.406 820.23 151.956
internal_count=34290 870 33420 1975 1895 31445 3206 2461 28239 26926 18681 8245 13392 1885
is_linear=0
shrinkage=0.04


Tree=227
num_leaves=15
num_cat=0
split_feature=9 2 8 8 1 3 8 4 10 9 7 4 0 6
split_gain=2.04951 10.8236 18.7487 13.2848 12.4406 10.2704 10.1601 14.1453 9.3636 15.0905 8.3902 7.8013 7.93101 7.55717
threshold=74.125000000000014 0.43750000000000006 19.875000000000004 17.625000000000004 1.4453887939453127 64.109375000000014 18.875000000000004 80.578125000000014 -0.98469310998916615 75.375000000000014 4.8772215843200692 68.796875000000014 10.68398952484131 3.8508340120315556
decision_type=2 2 2 2 2 2 2 2 2 2 2 2 2 2
left_child=-1 3 -3 -2 6 -4 7 8 9 -5 -9 -6 -13 -8
right_child=1 2 5 4 11 -7 13 10 -10 -11 -12 12 -14 -15
leaf_value=0.0018606159859448869 -0.011667289026050123 -0.021982923501856745 0.011859756835297173 -0.0092062191242957957 -0.0099992046757113456 -0.0077563926449218216 0.0010317475140594213 -0.004815666707027811 -0.0056663556280169619 0.029348266530110818 0.024335254080765582 0.021564849882444531 0.0058376928488228855 -0.0061693765661441219
leaf_weight=687.20828900428023 113.11508284322917 78.633767256513238 55.628893755376339 16.180831983219832 22.233351653441787 78.283834546804428 454.24291223473847 12.524803506210445 127.756088742055 16.424254528712481 57.296422296203673 48.358356271404773 333.26754805026576 448.71330135734752
leaf_count=6030 2468 467 314 222 246 381 11482 223 3739 244 497 525 2448 5004
internal_value=2.48654e-05 -0.000664986 -0.00874512 0.000468055 0.00149955 0.000874601 -0.000675815 0.00648751 -0.000561864 0.0139891 0.0191981 0.00734703 0.00880522 -0.00260291
internal_weight=2549.87 1862.66 212.546 1650.11 1537 133.913 1133.14 230.182 160.361 32.6051 69.8212 403.859 381.626 902.956
internal_count=34290 28260 1162 27098 24630 695 21411 4925 4205 466 720 3219 2973 16486
is_linear=0
shrinkage=0.04


Tree=228
num_leaves=15
num_cat=0
split_feature=2 7 7 10 5 10 7 10 8 7 9 4 10 8
split_gain=1.92864 8.14867 4.62674 7.28179 9.54439 6.05878 5.79063 5.73689 7.14993 7.05199 8.5347 6.27367 5.69938 5.34241
threshold=0.93750000000000011 70.435668945312514 57.417510986328132 -0.11788205802440642 95.750000000000014 -0.44560900330543513 45.009613037109382 0.30648292601108557 16.125000000000004 0.93759298324584972 79.875000000000014 54.890625000000007 -0.28596631437540049 20.875000000000004
decision_type=2 2 2 2 2 2 2 2 2 2 2 2 2 2
left_child=2 -2 6 4 -4 13 7 8 -1 -9 -11 -10 -8 -6
right_child=1 -3 3 -5 5 -7 12 9 11 10 -12 -13 -14 -15
leaf_value=-0.013612700916728266 -0.0033171177104278104 0.017963359511901544 0.014671096745746896 -0.017694597589500299 -0.019524842131993674 0.0043193687005920736 0.015500833890370148 -0.0066794365993484142 -0.013011079478157639 0.017221858158562517 -0.0087757352980688819 0.00013175972159267955 -0.0025163082530290128 0.0018853560770896902
leaf_weight=46.173002590425313 61.926117360591888 26.873416632413864 27.007440350949764 40.294495638459921 38.220940433442593 40.284383095800877 55.606647089123726 27.33685334213078 39.843081427272409 76.502346143592149 12.32440443150699 1997.0963773895055 36.898255035281181 22.64720543473959
leaf_count=445 319 185 130 272 210 186 300 1028 3287 1093 106 26410 208 111
internal_value=2.89191e-05 0.00524125 -0.000199961 -0.00622535 -0.000717524 -0.00656989 0.000292953 -0.000158407 -0.000672168 0.00780014 0.0126649 -0.000249327 0.00914442 -0.0130626
internal_weight=2549.03 88.7995 2460.24 168.454 128.16 101.153 2291.78 2199.28 2083.11 116.164 88.8268 2036.94 92.5049 60.8681
internal_count=34290 504 33786 909 637 507 32877 32369 30142 2227 1199 29697 508 321
is_linear=0
shrinkage=0.04


Tree=229
num_leaves=15
num_cat=0
split_feature=8 10 0 4 10 3 11 3 7 7 9 10 8 6
split_gain=1.94496 5.00982 5.89352 5.3354 5.31589 12.0967 11.1571 12.6934 9.19725 10.6613 15.2304 8.91607 8.16651 7.65403
threshold=19.125000000000004 -0.99574989080429066 13.263738155364992 76.046875000000014 -0.28596631437540049 43.921875000000007 -0.9911728799343108 43.421875000000007 57.417510986328132 19.166421890258793 75.625000000000014 0.053682003635913141 16.375000000000004 22.053632736206058
decision_type=2 2 2 2 2 2 2 2 2 2 2 2 2 2
left_child=1 2 3 -1 5 -3 8 -8 9 10 11 -6 13 -7
right_child=-2 4 -4 -5 6 12 7 -9 -10 -11 -12 -13 -14 -15
leaf_value=-0.012702908768002461 -0.00093278737463133455 -0.014649952031380531 -0.017871232196084368 0.0089168412289226447 -0.019844858407105856 -0.013402886676236236 0.016873892426424834 -0.0099571328691837151 -0.010205769736640278 0.019720730475902008 0.018165027574097506 0.010299013436606205 0.0072257419064038842 0.0094686796770908216
leaf_weight=7.9334411462768903 1450.7372759997379 31.916391534148715 26.048490933142602 33.888540240004659 37.198995698709041 47.818012212170288 13.786022328771649 212.66536239348352 27.627115685492754 65.416055433452129 20.43814942939207 7.5716522480361155 547.0098844813183 18.684005707502365
leaf_count=236 19800 2511 202 528 433 410 559 2339 177 370 294 175 6161 95
internal_value=2.33217e-05 0.00128067 -0.00793513 0.00203293 0.00202742 0.00419853 -0.0016426 -0.00708691 0.006069 0.0104092 -0.00136823 -0.0131409 0.00561062 -0.0062735
internal_weight=2548.74 1098 67.8705 41.822 1030.13 645.428 384.703 226.451 158.252 130.625 65.2088 44.7706 613.512 66.502
internal_count=34290 14490 966 764 13524 9177 4347 2898 1449 1272 902 608 6666 505
is_linear=0
shrinkage=0.04


Tree=230
num_leaves=15
num_cat=0
split_feature=3 11 10 8 0 7 4 4 5 1 9 4 10 9
split_gain=1.9629 3.65405 2.32297 2.21117 7.09517 9.57631 15.5399 12.0229 8.36933 7.5275 7.114 6.57504 6.14534 11.6373
threshold=18.777343750000004 0.26428173482418066 -0.9259815216064452 18.875000000000004 1.9373059272766116 10.13617515563965 85.515625000000014 89.406250000000014 95.750000000000014 0.11479854583740236 76.875000000000014 89.968750000000014 0.38703845441341406 74.875000000000014
decision_type=2 2 2 2 2 2 2 2 2 2 2 2 2 2
left_child=2 3 -1 4 9 7 10 -6 -8 12 -7 -10 13 -2
right_child=1 -3 -4 -5 5 6 8 -9 11 -11 -12 -13 -14 -15
leaf_value=0.015962116119984004 -0.014304954018303801 -0.012530829705274369 -0.0046345878599175919 -0.00081582578352812655 0.015435158763503475 -0.0095430953998098516 0.012920465003846988 -0.0093906433366456061 -0.010735702964730903 -0.01386409955479137 0.010286527255719508 0.0041615027759037224 0.016205930207084846 0.0087650765819687754
leaf_weight=4.9205680731683969 49.368386262794957 17.256864436902106 2.6094396697590119 1591.7098231976852 143.21519872453064 200.81362395733595 134.89134808257222 24.384546049870551 41.627160247415304 68.441039298661053 16.656119463965297 186.37622117064893 14.34154592361301 51.770923012401909
leaf_count=215 1701 2477 737 19602 1810 1588 812 253 283 1565 131 1102 248 1766
internal_value=1.91472e-05 -9.52113e-05 0.0106429 8.76858e-05 0.00161565 0.00334751 0.000780045 0.0112071 0.00574177 -0.00506494 -0.0072859 0.000795249 0.00142679 -0.00299848
internal_weight=2548.38 2540.85 7.53001 2523.6 931.886 747.964 580.364 167.6 362.895 183.922 217.47 228.003 115.481 101.139
internal_count=34290 33338 952 30861 11259 5979 3916 2063 2197 5280 1719 1385 3715 3467
is_linear=0
shrinkage=0.04


Tree=231
num_leaves=15
num_cat=0
split_feature=3 1 1 10 4 10 8 7 9 9 9 0 10 6
split_gain=1.87317 7.04016 6.82365 6.96815 19.3865 10.5281 14.0535 12.1805 15.2787 10.1723 9.72704 9.49257 8.20344 17.1969
threshold=60.859375000000007 3.0761718750000004 1.8676757812500002 -0.11788205802440642 72.265625000000014 -0.36714491248130793 20.375000000000004 48.517299652099616 77.125000000000014 73.125000000000014 77.625000000000014 6.4350485801696786 -0.59209755063056935 1.5857890248298647
decision_type=2 2 2 2 2 2 2 2 2 2 2 2 2 2
left_child=1 2 3 5 10 6 9 8 -7 -1 -5 -6 -11 -14
right_child=-2 -3 -4 4 11 7 -8 -9 -10 12 -12 -13 13 -15
leaf_value=-0.01429239991701162 0.0016248734431021958 -0.0097394346427124509 0.006593780402815717 -0.008969991507190446 0.023975924821033223 -0.020703935888491315 -0.010498408746403438 0.013845638083058371 0.009445917578409832 0.00053340351286054299 0.0072505497398975809 0.0023668208434416121 -0.012891982923219331 0.016902421233632975
leaf_weight=41.30058356479276 782.78719614213333 108.01248854212463 198.5539171108976 145.93211019295268 64.247260090429336 114.30540030216798 175.86853189836256 10.828635722398756 21.163349933922291 610.68841800710652 73.857700018910691 60.882941884920001 24.222553259693086 114.95678593683988
leaf_count=459 5128 756 1447 3816 726 1458 4776 51 154 11778 1433 379 965 964
internal_value=2.03205e-05 -0.000701613 -3.27009e-06 -0.000978573 0.00384592 -0.00251473 -0.000896673 -0.0118161 -0.0153846 0.00144392 -0.00336916 0.0152369 0.00265941 0.0107488
internal_weight=2547.61 1764.82 1656.81 1458.25 344.92 1113.33 967.037 146.297 135.469 791.168 219.79 125.13 749.868 139.179
internal_count=34290 29162 28406 26959 6354 20605 18942 1663 1612 14166 5249 1105 13707 1929
is_linear=0
shrinkage=0.04


Tree=232
num_leaves=15
num_cat=0
split_feature=3 11 10 7 10 10 7 10 3 4 10 8 3 10
split_gain=1.93581 3.53312 2.28839 2.17912 2.29863 7.67344 8.34605 16.0838 19.1663 24.8803 17.3326 13.5944 12.0374 15.1847
threshold=18.777343750000004 0.26428173482418066 -0.9259815216064452 0.093662738800048842 -0.86928081512451161 -0.77784499526023854 10.825288295745851 -0.65903896093368519 51.078125000000007 87.015625000000014 -0.59209755063056935 17.125000000000004 66.234375000000014 -0.59209755063056935
decision_type=2 2 2 2 2 2 2 2 2 2 2 2 2 2
left_child=2 3 -1 -2 -5 -6 7 8 -7 -10 -9 -8 13 -13
right_child=1 -3 -4 4 5 6 11 10 9 -11 -12 12 -14 -15
leaf_value=0.015827867570072162 -0.0093238700082578212 -0.012358231942115447 -0.0046088463949902486 0.002005382745864588 -0.0094585096906958863 -0.011799256559662392 0.0086715510358200149 -0.023275915091517864 0.0373125727505218 -0.0038899254290910806 0.0027349891623030015 -0.01781820653853592 0.0069858370595910638 -0.0030956375904596036
leaf_weight=4.9779935255646706 18.787067373050377 17.037187387235463 2.5931305984267956 778.84883930417709 123.16466338047758 17.328863785602152 139.74288801942021 24.48043955815956 51.112558182328939 29.80353032425046 504.7491559709888 122.01652053371072 117.37783559411764 594.13521123491228
leaf_count=215 2617 2477 737 9090 2256 755 823 695 506 285 8164 831 625 4214
internal_value=2.03026e-05 -9.34581e-05 0.0105625 8.60081e-05 0.000230002 -0.0005859 0.00020507 0.00373616 0.0170765 0.0243733 0.000728039 -0.00210084 -0.00406772 -0.00601998
internal_weight=2546.16 2538.58 7.57112 2521.55 2502.76 1723.91 1600.75 627.475 98.245 80.9161 529.23 973.272 833.53 716.152
internal_count=34290 33338 952 30861 28244 19154 16898 10405 1546 791 8859 6493 5670 5045
is_linear=0
shrinkage=0.04


Tree=233
num_leaves=15
num_cat=0
split_feature=3 11 7 7 9 3 4 3 10 9 1 4 8 11
split_gain=1.89874 3.46907 6.06128 6.30183 3.1504 2.55688 5.58582 2.57593 8.87381 8.8729 6.2848 9.4162 7.3968 25.8563
threshold=18.777343750000004 1.0000000180025095e-35 19.166421890258793 24.775886535644535 75.875000000000014 38.640625000000007 72.796875000000014 55.453125000000007 -0.99574989080429066 77.125000000000014 2.0942687988281254 92.718750000000014 19.625000000000004 -0.92554321885108937
decision_type=2 2 2 2 2 2 2 2 2 2 2 2 2 2
left_child=-1 5 -3 4 -4 6 -2 10 9 -9 12 -12 -7 -14
right_child=1 2 3 -5 -6 7 -8 8 -10 -11 11 -13 13 -15
leaf_value=0.010440686528783187 -0.0066535098866728846 -0.012695651714928901 0.021189909531869906 -0.0085726905927367026 -0.0031106031061321378 0.0015807040475433614 0.019365686007758363 0.021883884814856949 0.0003063344855663301 -0.0062200554510801866 -0.020096664616676571 0.00681857326566398 0.012671217335626024 -0.018319651192213623
leaf_weight=7.6343633939977726 9.457794770132752 64.545608869753778 10.891897376626735 14.511554118245838 5.5473488494753829 558.72563679772429 11.557540069334207 39.204777173697948 1594.2048551691696 15.344322321936486 43.639474974945188 18.912354201078415 49.47179992729798 101.76181286619976
leaf_count=952 1022 5381 163 215 147 9555 192 169 11897 197 342 96 1413 2549
internal_value=1.19588e-05 -0.000100807 -0.00687545 0.00548121 0.0157832 0.000217785 0.0101215 4.96101e-05 0.000940986 0.0144306 -0.00182857 -0.0122785 -0.000596674 -0.00788596
internal_weight=2545.41 2537.78 95.4964 30.9508 16.4392 2442.28 21.0153 2421.27 1648.75 54.5491 772.511 62.5518 709.959 151.234
internal_count=34290 33338 5906 525 310 27432 1214 26218 12263 366 13955 438 13517 3962
is_linear=0
shrinkage=0.04


Tree=234
num_leaves=15
num_cat=0
split_feature=3 11 10 7 10 8 7 10 11 3 2 10 7 10
split_gain=1.84993 3.3417 2.25511 2.06817 2.1986 7.67543 9.38493 12.0056 17.8373 29.4135 7.88352 7.14509 7.65444 15.2268
threshold=18.777343750000004 0.26428173482418066 -0.9259815216064452 0.093662738800048842 -0.86928081512451161 17.625000000000004 9.2484712600708026 -0.90843567252159108 -0.16148620098829267 42.078125000000007 0.68750000000000011 -0.77784499526023854 10.825288295745851 -0.65903896093368519
decision_type=2 2 2 2 2 2 2 2 2 2 2 2 2 2
left_child=2 3 -1 -2 5 -5 7 8 9 -7 -8 -6 13 -13
right_child=1 -3 -4 4 11 6 10 -9 -10 -11 -12 12 -14 -15
leaf_value=0.015537971214948548 -0.0091183075686030405 -0.012080149623353256 -0.0046326123394492772 -0.0068074681580097178 -0.0091718466747671284 0.021179449495274189 0.0087072097191173634 0.010921813238120344 0.003813069463836923 -0.02653535209633006 -0.011951694427699429 0.016507832506615635 -0.0020304848588685335 0.00063324800687175706
leaf_weight=5.1031665029004216 18.535877043148503 16.687515707570128 2.608179443399421 115.70473615592346 122.21262305648997 10.130982700735329 381.79461210034788 64.373220670968294 111.68405757891014 80.211173852905631 14.773444920778273 98.729441138915718 971.61660041008145 530.07065321551636
leaf_count=215 2617 2477 737 1387 2256 184 3445 613 1932 1459 70 1546 6493 8859
internal_value=1.67603e-05 -9.47928e-05 0.010296 7.90801e-05 0.000219027 0.00195543 0.00363935 -0.00208573 -0.00684091 -0.0183156 0.00740073 -0.000579307 0.00018195 0.00355779
internal_weight=2544.24 2536.52 7.71135 2519.84 2501.3 778.672 662.967 266.399 202.026 90.3422 396.568 1722.63 1600.42 628.8
internal_count=34290 33338 952 30861 28244 9090 7703 4188 3575 1643 3515 19154 16898 10405
is_linear=0
shrinkage=0.04


Tree=235
num_leaves=15
num_cat=0
split_feature=2 7 7 9 8 9 7 6 10 10 7 9 8 4
split_gain=1.82304 7.94494 4.06803 6.90842 11.0778 7.16629 5.35423 5.47591 5.40357 4.84541 6.43482 8.06921 6.37214 6.22483
threshold=0.93750000000000011 70.435668945312514 57.417510986328132 77.375000000000014 17.125000000000004 79.375000000000014 45.009613037109382 28.415819168090824 -0.28596631437540049 0.30648292601108557 0.93759298324584972 79.875000000000014 16.125000000000004 54.890625000000007
decision_type=2 2 2 2 2 2 2 2 2 2 2 2 2 2
left_child=2 -2 6 4 -4 -5 7 9 -8 12 -11 -12 -1 -14
right_child=1 -3 3 5 -6 -7 8 -9 -10 10 11 -13 13 -15
leaf_value=-0.01262121539202888 -0.0033409967282972764 0.017704274239990183 0.0069389217249311002 0.011344824143584661 -0.019344311139256581 -0.0086933484695538334 0.014957583630012244 -0.011674757132846334 -0.0025526546988613058 -0.0064419865403757296 0.01646246973233377 -0.0087108682422498748 -0.012702110591404761 0.00046075184063524823
leaf_weight=45.292501667048782 61.793718330562115 26.606530889868736 24.459444142878056 43.725137397646904 66.537004826590419 32.767325170338154 55.615299761295319 44.398911656811833 36.854940365999937 27.05902316304855 77.393945870455354 12.292559118475763 39.212220296962187 1950.2851201152662
leaf_count=443 319 185 122 216 404 167 300 223 208 1028 1093 106 3287 26189
internal_value=1.37098e-05 0.00509097 -0.000208695 -0.0058738 -0.0123022 0.0027383 0.000253234 -0.000181109 0.0087658 0.000161414 0.00745103 0.012053 -0.000325278 7.74782e-05
internal_weight=2544.29 88.4002 2455.89 167.489 90.9964 76.4925 2288.4 2195.93 92.4702 2151.54 116.746 89.6865 2034.79 1989.5
internal_count=34290 504 33786 909 526 383 32877 32369 508 32146 2227 1199 29919 29476
is_linear=0
shrinkage=0.04


Tree=236
num_leaves=15
num_cat=0
split_feature=8 8 9 11 10 4 4 9 11 6 7 10 5 10
split_gain=1.82926 2.39044 9.60296 8.03304 14.0333 10.8345 11.3346 6.54927 6.61778 6.13906 9.56993 10.369 10.6436 7.20972
threshold=21.625000000000004 20.625000000000004 78.125000000000014 -0.24558732658624646 -0.59209755063056935 93.031250000000014 68.140625000000014 75.625000000000014 -0.98518332839012135 54.109422683715827 57.417510986328132 -0.11788205802440642 97.250000000000014 -0.11788205802440642
decision_type=2 2 2 2 2 2 2 2 2 2 2 2 2 2
left_child=1 9 7 4 -4 6 -6 -3 -9 10 13 12 -12 -1
right_child=-2 2 3 -5 5 -7 -8 8 -10 -11 11 -13 -14 -15
leaf_value=-0.00062889691680611929 0.0086055399921163671 0.00085986632762379239 0.014458811138377228 -0.014893805292102571 0.0084418882691734316 0.017719599412319344 -0.014273906238832854 0.0032117595261564259 -0.016206792425399925 0.011243256736425353 0.011668958141428409 -0.023760407845806412 -0.01453123691845728 0.005204566912796956
leaf_weight=1446.4036155217327 18.990835645236075 82.789406620897353 108.50669865682721 18.040940031176433 35.444389886921272 13.228244081139563 92.793986566364765 27.657887366600335 122.16027402691543 61.595278099179268 36.428530320525169 34.736084640026093 24.275187972933054 421.43731939862482
leaf_count=19870 270 1350 888 999 588 58 797 360 2340 378 192 235 125 5840
internal_value=7.23289e-06 -0.000124529 -0.00254349 0.00256347 0.0048334 -0.00342587 -0.00770351 -0.00816488 -0.0126659 0.000492552 4.52838e-05 -0.0111354 0.000186967 0.00072849
internal_weight=2544.49 2525.5 500.622 268.014 249.973 141.467 128.238 232.608 149.818 2024.88 1963.28 95.4398 60.7037 1867.84
internal_count=34290 34020 7380 3330 2331 1443 1385 4050 2700 26640 26262 552 317 25710
is_linear=0
shrinkage=0.04


Tree=237
num_leaves=15
num_cat=0
split_feature=3 11 10 8 10 0 0 10 11 7 8 9 9 10
split_gain=1.83649 3.20319 2.2105 2.00059 6.84598 8.17026 6.59678 9.7667 13.8096 10.6351 12.8691 8.85382 9.76009 8.40222
threshold=18.777343750000004 0.26428173482418066 -0.9259815216064452 18.875000000000004 -0.99574989080429066 12.506067752838137 1.9373059272766116 -0.20267342031002042 -0.9911728799343108 45.009613037109382 16.375000000000004 75.625000000000014 73.875000000000014 -0.98469310998916615
decision_type=2 2 2 2 2 2 2 2 2 2 2 2 2 2
left_child=2 3 -1 4 5 -2 13 9 11 10 -8 12 -9 -6
right_child=1 -3 -4 -5 6 -7 7 8 -10 -11 -12 -13 -14 -15
leaf_value=0.015406676100278198 0.0030038607998540507 -0.011880464441549294 -0.0045851277987624794 -0.00079648106205116849 0.011151196172042249 -0.021634573569898907 -0.011209057256166135 0.0093625837964852725 -0.011606085070462901 0.020616736156587628 0.0073480853777180815 0.021210501534572847 -0.012065809634016114 -0.0080513734048622762
leaf_weight=5.1600213795900345 34.531188592780381 16.438323417911306 2.5781084102345622 1588.0845849097241 28.050235370639712 23.2292311610654 52.918144520372152 56.143135040998459 110.46576340682805 63.269085444509983 349.9975581811741 24.646846700459719 41.467206753790379 146.75824408885092
leaf_count=215 641 2477 737 19602 364 193 383 302 932 345 2980 175 338 4606
internal_value=5.59159e-06 -0.000105545 0.0102425 6.42358e-05 0.00151758 -0.00992075 0.00247884 0.00420387 -0.00235819 0.00744196 0.004496 0.0064547 -0.000244495 -0.00414158
internal_weight=2543.74 2536 7.73813 2519.56 931.477 57.7604 873.716 698.908 232.723 466.185 402.916 122.257 97.6103 174.808
internal_count=34290 33338 952 30861 11259 834 10425 5455 1747 3708 3363 815 640 4970
is_linear=0
shrinkage=0.04


Tree=238
num_leaves=15
num_cat=0
split_feature=5 6 4 0 9 11 10 4 11 3 9 3 5 10
split_gain=1.81319 1.77317 8.51294 10.0337 8.38203 11.5921 24.2059 13.2659 7.80433 12.9419 8.78449 10.6176 8.25469 13.9584
threshold=54.875000000000007 3.8508340120315556 89.765625000000014 2.3126006126403813 77.625000000000014 -0.40773391723632807 -0.72110775113105763 63.796875000000007 -0.16148620098829267 42.078125000000007 74.875000000000014 44.359375000000007 82.250000000000014 -0.20267342031002042
decision_type=2 2 2 2 2 2 2 2 2 2 2 2 2 2
left_child=-1 2 3 4 8 6 -6 -8 9 -2 -10 -12 -11 -14
right_child=1 -3 -4 -5 5 -7 7 -9 10 12 11 -13 13 -15
leaf_value=-0.010120371232885936 0.014414164887978739 -0.00056178149945725791 -0.012723837848030821 0.010714706915568395 0.031557114699728807 -0.012813713087121523 0.011526351270263328 -0.016001139763873275 -0.0066819549050773598 -0.0013963837867561782 -0.0072705036867460838 0.023488386142036834 -0.020887968035014425 0.0060574635576718947
leaf_weight=7.9796182980062431 26.46385069238022 1795.3864764366299 40.664136533159763 172.95155166042969 40.7250115131028 18.398968219873495 38.266473826253787 34.309864901471883 35.477865067776293 141.39319871505722 15.045052592991849 36.997305203229189 107.59487059619278 30.541514561045915
leaf_count=1359 1236 14725 598 2188 346 1651 550 489 1464 3470 1857 399 3370 588
internal_value=7.01837e-06 0.000117902 0.00174083 0.0029142 4.66943e-05 0.00808735 0.0128947 -0.00213251 -0.00290533 -0.00587335 0.0066339 0.0150464 -0.00862823 -0.0149178
internal_weight=2542.2 2534.22 738.83 698.166 525.214 131.7 113.301 72.5763 393.514 305.993 87.5202 52.0424 279.53 138.136
internal_count=34290 32931 18206 17608 15420 3036 1385 1039 12384 8664 3720 2256 7428 3958
is_linear=0
shrinkage=0.04


Tree=239
num_leaves=15
num_cat=0
split_feature=3 11 8 9 5 7 3 4 3 10 9 1 4 8
split_gain=1.83234 3.10763 5.97722 6.16472 4.20949 2.93569 2.3155 5.29689 2.44684 8.34404 8.43787 5.80519 8.86872 7.10062
threshold=18.777343750000004 1.0000000180025095e-35 18.875000000000004 74.875000000000014 85.750000000000014 19.371450424194339 38.640625000000007 72.796875000000014 55.453125000000007 -0.99574989080429066 77.125000000000014 2.0942687988281254 92.718750000000014 19.625000000000004
decision_type=2 2 2 2 2 2 2 2 2 2 2 2 2 2
left_child=-1 6 3 5 -5 -3 7 -2 11 10 -10 13 -13 -8
right_child=1 2 -4 4 -6 -7 8 -9 9 -11 -12 12 -14 -15
leaf_value=0.010233456626096055 -0.0066437118820964723 -0.013250316018140227 -0.015544834055735913 -0.0052592494877407312 0.019067140623005387 0.0041990372520414581 0.0015168043315021711 0.018536151835839326 0.021240765799760999 0.00029011582107718354 -0.006139910121259742 -0.019543770640245924 0.0066246541379017167 -0.0077782616766347706
leaf_weight=7.7415297012776128 9.4393871962092835 20.309422570746392 38.466080952552147 6.3154312785482061 16.447078104829416 12.800317903980611 558.63871204596944 11.938113525509833 39.299754157662392 1592.4639903502539 15.283644465729592 42.956737422384322 18.884711198508739 150.3076925361529
leaf_count=952 1022 1098 3722 582 315 189 9555 192 169 11897 197 342 96 3962
internal_value=8.79758e-06 -0.000102351 -0.00654799 0.00211091 0.0130147 -0.00746347 0.000198164 0.00958064 3.72891e-05 0.000906234 0.0139835 -0.00179546 -0.0118866 -0.000613236
internal_weight=2541.29 2533.55 94.3383 55.8722 22.7625 33.1097 2439.21 21.3775 2417.84 1647.05 54.5834 770.788 61.8414 708.946
internal_count=34290 33338 5906 2184 897 1287 27432 1214 26218 12263 366 13955 438 13517
is_linear=0
shrinkage=0.04


Tree=240
num_leaves=15
num_cat=0
split_feature=3 11 10 7 3 9 10 8 9 10 7 3 10 11
split_gain=1.78597 3.02329 2.1748 1.99035 2.2297 2.6259 2.07063 8.27871 8.22504 24.6501 7.99911 8.29144 8.33987 21.7001
threshold=18.777343750000004 0.26428173482418066 -0.9259815216064452 0.3756165504455567 54.234375000000007 74.125000000000014 -0.86928081512451161 17.625000000000004 79.625000000000014 -0.90843567252159108 9.2484712600708026 46.046875000000007 -0.90843567252159108 -0.16148620098829267
decision_type=2 2 2 2 2 2 2 2 2 2 2 2 2 2
left_child=2 3 -1 4 5 -2 7 -5 10 -10 11 -9 13 -13
right_child=1 -3 -4 6 -6 -7 -8 8 9 -11 -12 12 -14 -15
leaf_value=0.015209043898189712 0.0059068576028589561 -0.011595442315693519 -0.0045749410344266281 -0.0072391501914104255 0.0048167798919609454 -0.011489244360145298 -0.00050797277509656861 0.014905133475441413 -0.019319603207102267 0.01920848139125993 0.009155872188908452 -0.022965526175749571 0.0080896923026672601 0.0049948505550870895
leaf_weight=5.246245875954628 4.2561716290656468 16.085456527071074 2.5716638959711409 112.19335518497974 11.354317693039773 49.754931867355481 1692.739206591621 26.783932556398213 57.963517786003649 21.620455242693424 341.12500643450767 62.776604490354657 52.402887217700481 83.504381278995425
leaf_count=215 197 2477 737 1308 181 4051 17785 695 812 114 2990 1105 479 1144
internal_value=1.04811e-05 -9.94577e-05 0.0100909 6.48755e-05 -0.00594066 -0.00889263 0.000271814 0.00198069 0.00375077 -0.00709711 0.00546449 -0.000411384 -0.00365049 -0.00832338
internal_weight=2540.38 2532.56 7.81791 2516.47 65.3654 54.0111 2451.11 758.37 646.177 79.584 566.593 225.468 198.684 146.281
internal_count=34290 33338 952 30861 4429 4248 26432 8647 7339 926 6413 3423 2728 2249
is_linear=0
shrinkage=0.04


Tree=241
num_leaves=15
num_cat=0
split_feature=4 10 10 8 4 10 7 9 6 3 10 5 11 6
split_gain=1.75621 1.82169 11.477 9.13108 9.0387 7.90372 14.9138 13.9877 15.0578 7.90859 16.2837 10.0874 13.4778 8.44403
threshold=40.195312500000007 -0.44560900330543513 -0.52077846229076374 18.125000000000004 94.156250000000014 -0.59209755063056935 30.937671661376957 78.375000000000014 2.5309056043624882 63.109375000000007 -0.65903896093368519 84.250000000000014 -0.076191127300262437 18.230679512023929
decision_type=2 2 2 2 2 2 2 2 2 2 2 2 2 2
left_child=-1 2 5 -4 -5 9 7 8 -7 10 11 12 -2 -13
right_child=1 -3 3 4 -6 6 -8 -9 -10 -11 -12 13 -14 -15
leaf_value=-0.0094370944509356691 0.016276843920597101 0.0013094638357316094 0.006490175707057939 -0.023517299732721767 0.0072599752538271443 -0.0092945291134700885 -0.015238424476193866 -0.0079403243611905899 0.031862245726780758 0.0073223191231727072 -0.018753133331146202 -0.0037087635965085426 -0.0090739648977402453 0.0067532322204658718
leaf_weight=11.099939801148137 92.258680898230523 1128.7449888146948 19.18998393137008 61.696790545247495 9.0271580815315229 8.3509476380422694 12.722617741674183 17.301477372646332 48.984613792970777 150.74278469290584 64.995061841327697 753.79155213711783 32.813645435497165 127.95368853583932
leaf_count=1495 1692 11352 246 857 40 434 62 225 422 822 958 10754 4144 787
internal_value=1.08871e-05 0.000126094 -0.000833114 -0.0132486 -0.0188545 0.000205518 0.0106154 0.0173115 0.0250143 -0.00069723 -0.00193859 -0.000509006 0.00929183 -0.00207447
internal_weight=2539.67 2528.57 1399.83 89.9139 70.7239 1309.92 87.3597 74.637 57.3356 1222.56 1071.81 1006.82 125.072 881.745
internal_count=34290 32795 21443 1143 897 20300 1143 1081 856 19157 18335 17377 5836 11541
is_linear=0
shrinkage=0.04


Tree=242
num_leaves=15
num_cat=0
split_feature=3 11 10 8 10 0 0 10 11 7 8 9 7 7
split_gain=1.78994 2.88849 2.13688 1.88414 6.6368 7.8471 5.96106 9.09527 13.0405 10.3077 12.0308 8.40462 9.42143 9.39973
threshold=18.777343750000004 0.26428173482418066 -0.9259815216064452 18.875000000000004 -0.99574989080429066 12.506067752838137 1.9373059272766116 -0.20267342031002042 -0.9911728799343108 45.009613037109382 16.125000000000004 75.625000000000014 19.166421890258793 48.517299652099616
decision_type=2 2 2 2 2 2 2 2 2 2 2 2 2 2
left_child=2 3 -1 4 5 -2 -6 9 11 10 -8 12 -9 -14
right_child=1 -3 -4 -5 6 -7 7 8 -10 -11 -12 -13 13 -15
leaf_value=0.015139523587908177 0.0028568652939425987 -0.011383615900412227 -0.0045201278069841198 -0.00078247274773307997 -0.0039132824331622497 -0.021358831000146399 -0.013495653372458343 -0.013529929172672935 -0.011292202225524692 0.020153437644234769 0.0066016635540145753 0.020572072702939259 0.018942836548802081 -0.0058460508578541213
leaf_weight=5.2767362389713526 34.57476241979748 15.830728742177596 2.5370928454212835 1584.8971426084172 173.37400382081978 22.913365170359612 35.454571034759283 32.646539583802223 110.21438363008201 62.99052270501852 368.39939194824547 24.954974520951509 32.081185661256313 32.594787567853928
leaf_count=215 641 2477 737 19602 4970 193 256 265 932 345 3107 175 180 195
internal_value=3.58468e-06 -0.000106485 0.010096 5.37448e-05 0.001465 -0.00981656 0.00241142 0.0040446 -0.00229235 0.00716498 0.00428375 0.00626667 -0.000283069 0.00801991
internal_weight=2538.74 2530.93 7.81383 2515.1 930.198 57.4881 872.71 699.336 232.492 466.844 403.854 122.277 97.3225 64.676
internal_count=34290 33338 952 30861 11259 834 10425 5455 1747 3708 3363 815 640 375
is_linear=0
shrinkage=0.04


Tree=243
num_leaves=15
num_cat=0
split_feature=8 8 9 11 10 4 6 6 3 7 9 10 0 6
split_gain=1.77049 2.13117 9.13064 7.53171 12.849 11.8069 12.9233 6.90546 6.36911 7.76728 9.51894 8.97127 8.41542 5.66753
threshold=21.625000000000004 20.625000000000004 78.125000000000014 -0.24558732658624646 -0.86928081512451161 93.031250000000014 10.395195960998537 8.7590351104736346 57.484375000000007 11.260449886322023 75.875000000000014 -0.90843567252159108 4.1910052299499521 54.109422683715827
decision_type=2 2 2 2 2 2 2 2 2 2 2 2 2 2
left_child=1 13 8 4 7 6 -6 -4 -3 12 11 -11 -10 -1
right_child=-2 2 3 -5 5 -7 -8 -9 9 10 -12 -13 -14 -15
leaf_value=2.5638446979789333e-05 0.0084555679767378197 -0.018146981886817373 -0.00053976854224408995 -0.014487236134147697 0.0047137805910617394 0.016244440462259872 -0.015658511870930012 0.026821384345587021 -0.0039172691092509478 0.016983432849535112 -0.01789297107891406 -0.010326902667891397 0.018508877775428121 0.010803405079646704
leaf_weight=1959.044316243846 19.045187019277364 51.540050352574326 19.483578756451607 17.509852270362899 90.548221182078123 32.873096033930779 74.651522155851126 32.277388140559196 55.058109455741942 19.116576557978988 61.850572431460023 19.410430170595646 23.846728113479912 61.309149280190468
leaf_count=26262 270 2313 155 999 1308 178 512 178 585 125 564 172 291 378
internal_value=2.62491e-06 -0.000127411 -0.00241735 0.00255902 0.00473896 -0.000468229 -0.005189 0.0192422 -0.00792556 -0.00346078 -0.0100285 0.00439705 0.00523261 0.000455389
internal_weight=2537.56 2518.52 498.166 267.344 249.834 198.073 165.2 51.761 230.822 179.282 100.378 38.527 78.9048 2020.35
internal_count=34290 34020 7380 3330 2331 1998 1820 333 4050 1737 861 297 876 26640
is_linear=0
shrinkage=0.04


Tree=244
num_leaves=15
num_cat=0
split_feature=3 11 8 9 5 7 3 4 8 7 11 6 1 7
split_gain=1.76329 2.79607 5.70479 5.80678 3.93467 2.84963 2.27839 5.05243 2.23922 15.3774 7.43634 7.00601 11.8302 5.55846
threshold=18.777343750000004 1.0000000180025095e-35 18.875000000000004 74.875000000000014 85.750000000000014 19.371450424194339 38.640625000000007 72.796875000000014 17.125000000000004 17.260336875915531 -0.90888795256614674 5.9235649108886728 0.30212402343750006 29.741621017456058
decision_type=2 2 2 2 2 2 2 2 2 2 2 2 2 2
left_child=-1 6 3 5 -5 -3 7 -2 9 10 -8 12 -12 -10
right_child=1 2 -4 4 -6 -7 8 -9 13 -11 11 -13 -14 -15
leaf_value=0.010018394591231947 -0.0064826437741957099 -0.012976074958012278 -0.015137234071150878 -0.0051036009174607998 0.018452577385605701 0.0042038584465529331 -0.022250059726246368 0.018148870216200815 0.00074047589851166155 0.0102287023623421 -0.0093870221137589884 -0.012914177622903754 0.022726517521558711 -0.003946723200432896
leaf_weight=7.8539391309022895 9.3072271430864948 19.938824162702076 37.558843988459557 6.2014532547909793 16.75414540967904 12.785948645323513 21.845962523017079 12.117883649654685 1658.2836186611094 161.87050470709801 19.222054793965071 20.1720070540905 18.689304699189961 513.72771494835615
leaf_count=952 1022 1098 3722 582 315 189 357 192 21267 904 496 157 212 2825
internal_value=8.81492e-06 -0.000100655 -0.00624533 0.00216787 0.0126756 -0.00721524 0.000183566 0.00948495 2.3742e-05 0.00351998 -0.00939433 -9.85302e-05 0.00882547 -0.000394043
internal_weight=2536.33 2528.48 93.2392 55.6804 22.9556 32.7248 2435.24 21.4251 2413.81 241.8 79.9293 58.0834 37.9114 2172.01
internal_count=34290 33338 5906 2184 897 1287 27432 1214 26218 2126 1222 865 708 24092
is_linear=0
shrinkage=0.04


Tree=245
num_leaves=15
num_cat=0
split_feature=3 1 1 1 11 10 4 10 8 7 9 9 11 7
split_gain=1.72872 6.46504 6.29082 6.24952 7.8378 6.05247 17.9924 9.98097 12.3697 11.2947 14.54 9.74586 9.19572 11.7079
threshold=60.859375000000007 3.0761718750000004 1.8676757812500002 0.65574645996093761 -0.94134241342544545 -0.11788205802440642 72.265625000000014 -0.36714491248130793 20.375000000000004 48.517299652099616 77.125000000000014 73.125000000000014 -0.9985557198524474 39.101457595825202
decision_type=2 2 2 2 2 2 2 2 2 2 2 2 2 2
left_child=1 2 5 4 -2 7 -7 8 11 10 -9 -1 -8 -14
right_child=3 -3 -4 -5 -6 6 12 9 -10 -11 -12 -13 13 -15
leaf_value=-0.014086288132798353 -0.00094674270660687694 -0.0094003201600670119 0.0063201529313765418 -0.00010052316842068052 0.017555230868589664 -0.0034358660104106464 -0.0059544427718014681 -0.020218747689259797 -0.0099342986761463935 0.013192920014256024 0.0091824517583156528 0.002553679899091998 0.02317654367971524 -0.0077076825305241996
leaf_weight=40.928014407516457 64.6159334667027 106.57885675504804 198.10782982409 656.30380963115022 59.112061437219381 219.57904258323833 20.094758227467537 112.73313002614304 172.03629760851618 10.949208378791807 21.295438837260008 747.5717069884995 92.696615143679082 13.653575673699377
leaf_count=459 520 756 1447 4165 443 5249 176 1458 4776 51 154 13707 843 86
internal_value=7.00103e-06 -0.000688449 -1.97399e-05 0.00155086 0.00910554 -0.000959155 0.00352606 -0.00240073 -0.00082186 -0.0114936 -0.0149615 0.00136287 0.014434 0.0186191
internal_weight=2536.26 1756.22 1649.65 780.032 123.728 1451.54 346.024 1105.51 960.536 144.978 134.029 788.5 126.445 106.35
internal_count=34290 29162 28406 5128 963 26959 6354 20605 18942 1663 1612 14166 1105 929
is_linear=0
shrinkage=0.04


Tree=246
num_leaves=15
num_cat=0
split_feature=8 1 11 10 8 7 10 4 6 8 4 10 10 7
split_gain=1.7452 2.0454 6.24996 19.7609 8.022 9.50743 7.14511 11.6086 13.6942 8.9251 8.76313 7.54648 7.41273 6.65184
threshold=21.625000000000004 1.8676757812500002 -0.94134241342544545 -0.28596631437540049 17.375000000000004 48.517299652099616 -0.86928081512451161 96.093750000000014 19.995345115661625 18.625000000000004 90.906250000000014 -0.98469310998916615 -0.94087398052215565 98.195243835449233
decision_type=2 2 2 2 2 2 2 2 2 2 2 2 2 2
left_child=1 -1 3 -3 -5 -6 9 8 -8 11 -11 -4 -12 -10
right_child=-2 2 6 4 5 -7 7 -9 13 10 12 -13 -14 -15
leaf_value=-0.00080314842333997403 0.0083958636989046181 0.024420629895368261 -0.020368482608524478 0.012737671738655672 0.0034114390161627895 -0.013145234925676017 0.0061840278137381011 0.013227763715377641 -0.021545323199294215 0.016181501087578688 -0.012819292135980445 0.0048698904212581004 0.0092373871563504375 -0.00024773237876337599
leaf_weight=1856.8449503638549 19.067525185528211 51.348075971007347 19.62956116348505 44.84942390397191 124.68628056161106 71.949375063180923 45.651551350951195 21.898866012692451 89.749894317239523 76.274775847326964 30.761079871095717 24.574166188016534 27.77733813226223 30.441344797611237
leaf_count=29816 270 296 178 246 804 435 349 137 478 605 202 191 130 153
internal_value=6.0259e-06 -0.000123246 0.00175808 0.00592421 0.000424204 -0.00330097 -0.00170264 -0.00682036 -0.0106063 0.00381055 0.00871041 -0.00919141 -0.002666 -0.0169561
internal_weight=2535.5 2516.44 659.592 292.833 241.485 196.636 366.759 187.742 165.843 179.017 134.813 44.2037 58.5384 120.191
internal_count=34290 34020 4204 1781 1485 1239 2423 1117 980 1306 937 369 332 631
is_linear=0
shrinkage=0.04


Tree=247
num_leaves=15
num_cat=0
split_feature=3 11 10 7 6 4 5 0 9 10 10 10 1 6
split_gain=1.72588 2.75686 2.11044 1.77257 2.17925 8.55624 7.70319 7.49063 8.22037 19.8134 12.3252 11.9989 10.9828 10.353
threshold=18.777343750000004 0.26428173482418066 -0.9259815216064452 0.3756165504455567 3.8508340120315556 89.765625000000014 81.250000000000014 2.3126006126403813 74.875000000000014 -0.72110775113105763 0.38703845441341406 -0.20267342031002042 0.13561248779296878 1.5432223677635195
decision_type=2 2 2 2 2 2 2 2 2 2 2 2 2 2
left_child=2 3 -1 -2 5 7 -6 8 10 12 13 -11 -10 -5
right_child=1 -3 -4 4 6 -7 -8 -9 9 11 -12 -13 -14 -15
leaf_value=0.014927809931681774 -0.005632362806742299 -0.011154432356539861 -0.0045319473597310294 -0.020984584075907555 -0.013369885025927409 -0.012369082387590562 5.5913141013589286e-05 0.010040788285048405 0.021886087555200488 -0.017190790342564488 0.013507251126002283 0.0026274823970162441 0.00073519963393777106 0.0026999541847164705
leaf_weight=5.3694364316761494 64.568975870730355 15.552140924730336 2.5445181333925566 63.589450156781822 51.178558763116598 40.042076856829226 1733.2705240207724 174.06337297521532 83.602435317821801 58.205562762450427 18.900363557040691 118.81113100796938 65.579020158387721 39.296273594722152
leaf_count=215 4429 2477 737 1920 694 597 13704 2166 1462 1659 231 2027 1152 820
internal_value=1.48911e-05 -9.36518e-05 0.00990686 6.24489e-05 0.000257198 0.00218154 -0.000473063 0.00347431 0.000602846 0.00390146 -0.00753639 -0.00497263 0.0137744 -0.0129713
internal_weight=2534.57 2526.66 7.91395 2511.11 2446.54 662.09 1784.45 622.048 447.984 326.198 121.786 177.017 149.181 102.886
internal_count=34290 33338 952 30861 26432 12034 14398 11437 9271 6300 2971 3686 2614 2740
is_linear=0
shrinkage=0.04


Tree=248
num_leaves=15
num_cat=0
split_feature=7 7 7 7 7 3 8 8 9 3 5 8 10 5
split_gain=1.69352 5.49846 6.5084 8.31067 8.03621 6.53333 6.9488 6.12619 8.84799 9.7337 7.28229 7.08091 7.02818 18.8665
threshold=151.13818359375003 107.23257064819337 70.435668945312514 57.417510986328132 45.009613037109382 63.484375000000007 17.125000000000004 17.625000000000004 74.125000000000014 57.578125000000007 81.750000000000014 19.125000000000004 -0.11788205802440642 84.250000000000014
decision_type=2 2 2 2 2 2 2 2 2 2 2 2 2 2
left_child=1 2 3 4 7 6 -6 8 9 -1 -10 12 -9 -14
right_child=-2 -3 -4 -5 5 -7 -8 11 10 -11 -12 -13 13 -15
leaf_value=0.0059270037201530354 0.007022751314746209 -0.012333158436268775 0.010780594423875488 -0.012168488208858646 0.013922333555705744 0.020820138164492172 -0.0059656552760466129 0.0014744838723057836 0.0059412707629853878 -0.010824046148784891 -0.017986777462576979 -0.001214449183288157 -0.0046908748576018032 0.022380594050365896
leaf_weight=130.56821477855556 33.907343119382858 37.841431103646755 68.742304228246212 70.112564178183675 25.975947637110949 32.414845153689384 53.489577323198318 492.10210170794744 14.936736390925942 67.919105209410191 85.639735636068508 1282.3812011172995 61.642710945103317 76.628035210538656
leaf_count=1463 192 199 398 404 139 171 309 7241 670 358 1739 18936 1469 602
internal_value=7.6696e-06 -0.000142433 0.000142748 -0.000249529 0.000210871 0.00980406 0.00202763 -0.00035789 -0.00549035 -0.000271055 -0.0140371 0.000493093 0.00389731 0.0112441
internal_weight=2534.3 2500.39 2462.55 2393.81 2323.7 111.88 79.4655 2211.82 299.064 198.487 100.576 1912.75 630.373 138.271
internal_count=34290 34098 33899 33501 33097 619 448 32478 4230 1821 2409 28248 9312 2071
is_linear=0
shrinkage=0.04


Tree=249
num_leaves=15
num_cat=0
split_feature=8 1 11 10 8 7 10 10 4 6 8 3 6 10
split_gain=1.69369 1.90559 4.82724 18.8211 7.85705 8.47793 7.13373 6.72338 10.7143 12.8574 8.67972 8.39921 7.95882 6.97694
threshold=21.625000000000004 1.8402099609375002 -0.94134241342544545 -0.28596631437540049 17.375000000000004 48.517299652099616 -0.11788205802440642 -0.86928081512451161 96.093750000000014 19.995345115661625 18.625000000000004 65.171875000000014 24.108539581298832 -0.98469310998916615
decision_type=2 2 2 2 2 2 2 2 2 2 2 2 2 2
left_child=1 -1 3 -3 -5 -6 -7 10 9 -9 13 12 -12 -4
right_child=-2 2 7 4 5 6 -8 8 -10 -11 11 -13 -14 -15
leaf_value=-0.00077587918099348413 0.0082722782877353695 0.023360963907715089 -0.019502557673870172 0.012223043961429926 0.0027142111905499988 0.00077246876961150842 -0.021677120541391953 0.0060780596062558062 0.012964983699587438 -0.016082661425788868 0.0028739090209183027 -0.0090791371051758725 0.023248997244447928 0.0046821009074661923
leaf_weight=1846.1028147590114 19.132349647348747 51.620565786957741 20.051350068300962 45.388743788003922 127.91507581621408 35.482325851917267 36.732792858034372 47.113273208960891 21.776087261736393 121.22002507001162 72.627762273419648 20.207660540938377 43.057350896298885 24.696247627958655
leaf_count=29746 270 298 187 250 824 164 273 361 137 638 620 102 225 195
internal_value=1.42721e-05 -0.000113369 0.00168718 0.00531912 5.18871e-05 -0.00356822 -0.0128715 -0.00134692 -0.00629029 -0.0098935 0.00396402 0.00876996 0.0127665 -0.0088317
internal_weight=2533.12 2513.99 667.889 297.14 245.519 200.13 72.2151 370.75 190.109 168.333 180.64 135.893 115.685 44.7476
internal_count=34290 34020 4274 1809 1511 1261 437 2465 1136 999 1329 947 845 382
is_linear=0
shrinkage=0.04


end of trees

feature_importances:
season_sin=691
season_cos=486
longitude=461
gfs_pwat_mean=458
gfs_rh_mean=360
latitude=270
gfs_neighbor_rain_max=264
gfs_rh_max=197
gfs_neighbor_rain_mean=148
gfs_max_step_rate_mmh=73
gfs_rain_mm=47
gfs_rain_hours_fraction=45

parameters:
[boosting: gbdt]
[objective: binary]
[metric: binary_logloss]
[tree_learner: serial]
[device_type: cpu]
[data_sample_strategy: bagging]
[data: ]
[valid: ]
[num_iterations: 250]
[learning_rate: 0.04]
[num_leaves: 15]
[num_threads: 4]
[seed: 42]
[deterministic: 1]
[force_col_wise: 1]
[force_row_wise: 0]
[histogram_pool_size: -1]
[max_depth: -1]
[min_data_in_leaf: 100]
[min_sum_hessian_in_leaf: 0.001]
[bagging_fraction: 1]
[pos_bagging_fraction: 1]
[neg_bagging_fraction: 1]
[bagging_freq: 0]
[bagging_seed: 400]
[bagging_by_query: 0]
[feature_fraction: 1]
[feature_fraction_bynode: 1]
[feature_fraction_seed: 30056]
[extra_trees: 0]
[extra_seed: 12879]
[early_stopping_round: 0]
[early_stopping_min_delta: 0]
[first_metric_only: 0]
[max_delta_step: 0]
[lambda_l1: 0]
[lambda_l2: 20]
[linear_lambda: 0]
[min_gain_to_split: 0]
[drop_rate: 0.1]
[max_drop: 50]
[skip_drop: 0.5]
[xgboost_dart_mode: 0]
[uniform_drop: 0]
[drop_seed: 17869]
[top_rate: 0.2]
[other_rate: 0.1]
[min_data_per_group: 100]
[max_cat_threshold: 32]
[cat_l2: 10]
[cat_smooth: 10]
[max_cat_to_onehot: 4]
[top_k: 20]
[monotone_constraints: ]
[monotone_constraints_method: basic]
[monotone_penalty: 0]
[feature_contri: ]
[forcedsplits_filename: ]
[refit_decay_rate: 0.9]
[cegb_tradeoff: 1]
[cegb_penalty_split: 0]
[cegb_penalty_feature_lazy: ]
[cegb_penalty_feature_coupled: ]
[path_smooth: 0]
[interaction_constraints: ]
[verbosity: -1]
[saved_feature_importance_type: 0]
[use_quantized_grad: 0]
[num_grad_quant_bins: 4]
[quant_train_renew_leaf: 0]
[stochastic_rounding: 1]
[linear_tree: 0]
[max_bin: 255]
[max_bin_by_feature: ]
[min_data_in_bin: 3]
[bin_construct_sample_cnt: 200000]
[data_random_seed: 175]
[is_enable_sparse: 1]
[enable_bundle: 1]
[use_missing: 1]
[zero_as_missing: 0]
[feature_pre_filter: 1]
[pre_partition: 0]
[two_round: 0]
[header: 0]
[label_column: ]
[weight_column: ]
[group_column: ]
[ignore_column: ]
[categorical_feature: ]
[forcedbins_filename: ]
[precise_float_parser: 0]
[parser_config_file: ]
[objective_seed: 16083]
[num_class: 1]
[is_unbalance: 0]
[scale_pos_weight: 1]
[sigmoid: 1]
[boost_from_average: 1]
[reg_sqrt: 0]
[alpha: 0.9]
[fair_c: 1]
[poisson_max_delta_step: 0.7]
[tweedie_variance_power: 1.5]
[lambdarank_truncation_level: 30]
[lambdarank_norm: 1]
[label_gain: ]
[lambdarank_position_bias_regularization: 0]
[eval_at: ]
[multi_error_top_k: 1]
[auc_mu_weights: ]
[num_machines: 1]
[local_listen_port: 12400]
[time_out: 120]
[machine_list_filename: ]
[machines: ]
[gpu_platform_id: -1]
[gpu_device_id: -1]
[gpu_device_id_list: ]
[gpu_use_dp: 0]
[num_gpu: 1]

end of parameters

pandas_categorical:[]
