tree
version=v4
num_class=1
num_tree_per_iteration=1
label_index=0
max_feature_idx=11
objective=tweedie
feature_names=gfs_rain_mm gfs_max_step_rate_mmh gfs_rain_hours_fraction gfs_pwat_mean gfs_rh_mean gfs_rh_max gfs_neighbor_rain_mean gfs_neighbor_rain_max latitude longitude season_sin season_cos
feature_infos=[0:222.98126220703125] [0:56.689453125] [0:1] [9.109375:72.395835876464844] [12.790364265441895:99.604164123535156] [19.25:100] [0:186.81048583984375] [0:222.98126220703125] [15.75:21.75] [72.75:80.75] [-0.99937063455581665:0.44216814637184143] [-0.99960929155349731:0.44890594482421875]
tree_sizes=1662 1750 1749 1747 1750 1751 1757 1754 1750 1756 1757 1753 1762 1753 1757 1769 1771 1757 1773 1763 1761 1760 1771 1761 1772 1770 1764 1774 1760 1767 1776 1770 1761 1768 1766 1780 1771 1757 1772 1766 1763 1771 1766 1784 1770 1774 1766 1783 1771 1768 1770 1775 1760 1769 1783 1777 1778 1765 1789 1773 1786 1759 1787 1779 1779 1767 1784 1781 1766 1786 1772 1780 1793 1774 1759 1764 1772 1755 1777 1776 1764 1777 1771 1784 1780 1764 1770 1776 1770 1770 1753 1757 1761 1759 1748 1765 1756 1755 1773 1752 1765 1758 1769 1767 1769 1771 1758 1759 1763 1750 1756 1763 1757 1760 1761 1757 1756 1772 1765 1759 1765 1762 1779 1762 1762 1755 1748 1776 1761 1751 1753 1749 1758 1753 1737 1755 1773 1761 1756 1751 1758 1752 1775 1755 1757 1757 1767 1751 1761 1757 1731 1742 1759 1765 1736 1755 1749 1755 1739 1752 1747 1758 1767 1761 1767 1745 1751 1752 1758 1745 1751 1752 1764 1761 1772 1760 1762 1732 1755 1766 1764 1743 1750 1761 1758 1754 1762 1742 1743 1766 1742 1750 1761 1747 1754 1757 1782 1738 1746 1737 1747 1749 1762 1766 1758 1763 1759 1757 1761 1763 1773 1764 1753 1742 1766 1757 1743 1744 1745 1762 1768 1742 1749 1763 1760 1753 1738 1739 1740 1728 1746 1745 1763 1735 1742 1765 1764 1754 1750 1757 1756 1753 1760 1726 1743 1738 1768 1742 1743 1765

Tree=0
num_leaves=15
num_cat=0
split_feature=6 3 9 11 3 3 4 6 6 8 7 7 9 10
split_gain=49570.6 13487.2 6784.4 3300.18 3003.61 2092.43 1988.72 1144.3 1076.31 1106.93 948.107 900.812 629.58 518.466
threshold=7.7475874423980722 51.994791030883796 73.875000000000014 1.0000000180025095e-35 44.005208969116218 58.953125000000007 81.234375000000014 16.568032264709476 2.8689980506896977 19.625000000000004 4.6259522438049325 18.560028076171879 74.125000000000014 -0.9769422411918639
decision_type=2 2 2 2 2 2 2 2 2 2 2 2 2 2
left_child=1 4 7 6 10 8 -4 -2 -3 -10 -1 -8 -6 -14
right_child=2 5 3 -5 12 -7 11 -9 9 -11 -12 -13 13 -15
leaf_value=1.9773498278688211 2.0771121550956724 2.0186602760167465 2.0468205781393447 2.0158138293465919 2.0250605827488015 2.0517831144223027 2.0544356073396766 2.1008961184078219 2.0503507764973508 2.0207700507816519 2.0161746753044216 2.0778622857713374 2.0227129923775062 2.0003908778522552
leaf_weight=10511.934551239014 4570.9972093105316 8873.0894014835358 6235.0748821496964 2276.667484998703 2954.7889572381973 9413.1953021287918 3293.7858903408051 12142.922576189041 5089.6973173618317 3332.547755241394 1153.4011569023132 13498.122354865074 2069.8322041034698 9781.9188970327377
leaf_count=6862 925 4139 2116 1093 1294 2984 1004 1160 1646 1524 553 2692 929 5369
internal_value=2.04221 2.01656 2.07467 2.06159 1.99633 2.03662 2.06613 2.09444 2.02837 2.03862 1.98114 2.07329 2.00837 2.00425
internal_weight=95198 53180.4 42017.6 25303.7 26471.9 26708.5 23027 16713.9 17295.3 8422.25 11665.3 16791.9 14806.5 11851.8
internal_count=34290 25300 8990 6905 15007 10293 5812 2085 7309 3170 7415 3696 7592 6298
is_linear=0
shrinkage=1


Tree=1
num_leaves=15
num_cat=0
split_feature=6 3 9 3 11 4 6 11 11 8 6 11 6 7
split_gain=46158.3 13043.5 6330.97 3484.18 2980.8 1834.13 1629.18 1486.15 1597.65 1290.08 1069.8 1017.68 979.391 762.563
threshold=7.9980523586273202 47.807291030883796 73.875000000000014 58.307291030883796 1.0000000180025095e-35 81.234375000000014 2.814053058624268 0.32990126311779028 0.24766915291547778 19.625000000000004 16.568032264709476 -0.17842198908329007 2.0481079816818242 18.560028076171879
decision_type=2 2 2 2 2 2 2 2 2 2 2 2 2 2
left_child=1 7 10 6 5 -4 11 8 12 -8 -2 -3 -1 -7
right_child=2 3 4 -5 -6 13 9 -9 -10 -11 -12 -13 -14 -15
leaf_value=-0.058451343164820611 0.034106043812490119 -0.031980133311705745 0.0045756265419922698 0.0074469137546240363 -0.025141903681378263 0.012428118864159824 0.001815959952677208 -0.079426858651740026 -0.010002102502370989 -0.027686004910414619 0.057582551305004649 0.00047608731040880232 -0.029288118802103351 0.034543790402509669
leaf_weight=9857.9466022253036 4358.387207865715 12771.012915849686 6010.4248516559601 11222.858272910118 2196.6556537151337 3102.3717685937881 7436.8775171041489 2984.8854234218597 1578.7585144042969 3460.4098320007324 11886.299962997437 1757.5398956537247 2345.078401684761 13380.12279522419
leaf_count=6322 882 6542 2036 3656 1056 937 2625 2219 660 1699 1160 636 1173 2687
internal_value=-1.37043e-06 -0.0244896 0.0319499 -0.0111077 0.019165 0.0235105 -0.019297 -0.0536919 -0.0480111 -0.00758588 0.0513336 -0.0280586 -0.0529041 0.0304012
internal_weight=94349.6 53415.4 40934.3 36648.7 24689.6 22492.9 25425.8 16766.7 13781.8 10897.3 16244.7 14528.6 12203 16482.5
internal_count=34290 25532 8758 15158 6716 5660 11502 10374 8155 4324 2042 7178 7495 3624
is_linear=0
shrinkage=0.04


Tree=2
num_leaves=15
num_cat=0
split_feature=6 3 9 3 11 4 6 8 11 11 6 11 6 7
split_gain=42957.1 12505.9 6059.72 3483.61 2761.22 1712.68 1683.01 1451.65 1342.1 1724.04 1058.47 910.6 728.8 717.063
threshold=7.9980523586273202 47.015625000000007 73.875000000000014 57.942708969116218 1.0000000180025095e-35 81.234375000000014 2.0481079816818242 19.625000000000004 0.32990126311779028 0.24766915291547778 16.568032264709476 -0.17842198908329007 2.0876839160919194 18.560028076171879
decision_type=2 2 2 2 2 2 2 2 2 2 2 2 2 2
left_child=1 8 10 6 5 -4 11 -8 9 12 -2 -3 -1 -7
right_child=2 3 4 -5 -6 13 7 -9 -10 -11 -12 -13 -14 -15
leaf_value=-0.059292340162369402 0.032987991198346826 -0.033954075805610197 0.0043937841872241533 0.0062153274197347588 -0.024241135783436809 0.011945718000193029 -0.00099459120963235983 -0.029425341741329415 -0.079401824503793475 -0.0091692545861394668 0.056453377758529037 0.001467632597048052 -0.031120006638305418 0.033413416828865984
leaf_weight=8718.0381951332092 4327.1879261732101 11228.294371962547 6009.6514631509781 12101.523826599121 2188.0715917348862 3099.4174339771271 9202.302543759346 4159.0838648080826 2867.4062954187393 1553.9677691459656 11644.453245997429 1293.0738300085068 1854.9166505336761 13282.176068663597
leaf_count=5797 882 5958 2036 4003 1056 937 3383 2105 2218 647 1160 463 958 2687
internal_value=-3.65188e-06 -0.0237166 0.030973 -0.0114935 0.0184843 0.0226774 -0.0197717 -0.00987516 -0.0546241 -0.0486443 0.0501451 -0.0302996 -0.0544179 0.0293712
internal_weight=93529.6 52978.6 40551 37984.3 24579.3 22391.2 25882.8 13361.4 14994.3 12126.9 15971.6 12521.4 10573 16381.6
internal_count=34290 25532 8758 15912 6716 5660 11909 5488 9620 7402 2042 6421 6755 3624
is_linear=0
shrinkage=0.04


Tree=3
num_leaves=15
num_cat=0
split_feature=7 3 9 3 11 4 6 11 11 6 8 6 11 3
split_gain=40048.8 11295.9 6482.94 3345.61 2685.7 1908.38 1346.34 1268.42 1518.75 1134.76 1121.76 912.783 762.063 705.91
threshold=12.191390991210939 47.015625000000007 73.875000000000014 57.942708969116218 1.0000000180025095e-35 81.234375000000014 16.568032264709476 0.32990126311779028 0.24766915291547778 1.9692242145538332 19.625000000000004 11.467945575714113 -0.17842198908329007 41.307291030883796
decision_type=2 2 2 2 2 2 2 2 2 2 2 2 2 2
left_child=1 7 6 9 5 -4 -2 8 13 12 -11 -7 -3 -1
right_child=2 3 4 -5 -6 11 -8 -9 -10 10 -12 -13 -14 -15
leaf_value=-0.066440018754977584 0.0304013480852834 -0.032837037169274025 0.002468298528666472 0.0056211461795306348 -0.022476356549212852 0.010038460032505176 0.05530097899254402 -0.079373379027462457 -0.010413898290167249 -0.0033904879656510172 -0.029710161325232187 0.032078309660586099 0.00065685310416881864 -0.044545511475105271
leaf_weight=4408.8941652774811 5122.8647791147232 10921.560394287109 7081.7560653686523 11117.119258403778 2626.7792067527771 3905.1184487342834 11416.721390366554 2744.5519491434097 1455.87093937397 7898.1742757558823 3840.3313547372818 13398.640613079071 1205.8851462602615 5610.0105708837509
leaf_count=3184 1098 5837 2466 3695 1258 1210 1160 2209 618 2995 1976 2751 436 3397
internal_value=-6.09663e-06 -0.0247299 0.027924 -0.0124965 0.0158288 0.01997 0.0476348 -0.0547673 -0.0487541 -0.0209337 -0.012037 0.0271217 -0.029511 -0.0542935
internal_weight=92754.3 49202.4 43551.9 34983.1 27012.3 24385.5 16539.6 14219.3 11474.8 23866 11738.5 17303.8 12127.4 10018.9
internal_count=34290 24347 9943 14939 7685 6427 2258 9408 7199 11244 4971 3961 6273 6581
is_linear=0
shrinkage=0.04


Tree=4
num_leaves=15
num_cat=0
split_feature=7 3 9 3 11 4 3 11 11 6 9 7 3 3
split_gain=37234.5 10820.9 6164.82 3148.17 2485.28 1776.42 1350.46 1318.13 1463.8 976.409 1166.87 858.941 719.213 690.933
threshold=12.191390991210939 47.015625000000007 73.875000000000014 55.411458969116218 1.0000000180025095e-35 81.234375000000014 57.567708969116218 0.32990126311779028 0.24766915291547778 1.6500413417816164 76.625000000000014 18.560028076171879 41.307291030883796 62.161458969116218
decision_type=2 2 2 2 2 2 2 2 2 2 2 2 2 2
left_child=1 7 6 9 5 13 -2 8 12 -3 -11 -7 -1 -4
right_child=2 3 4 -5 -6 11 -8 -9 -10 10 -12 -13 -14 -15
leaf_value=-0.065604877345406307 0.028490788642886702 -0.032951337305356404 -0.0059135676388432533 0.00050217103321906068 -0.021652506622019049 0.0098272277267296669 0.053917873473683334 -0.07934620184356328 -0.010009776394756585 -0.0064838040323109648 -0.040066490806219539 0.031072729505472074 -0.043307356729979422 0.021120313330375919
leaf_weight=4289.1148076057434 4826.3741270303726 8952.4118354320526 4921.1348044872284 16710.183001160622 2618.5879184007645 3984.1518216133118 11469.833167433739 2637.828586101532 1454.8902912139893 7079.604167342186 2145.0127772092819 13232.60395359993 5541.5735583305359 2160.3562295436859
leaf_count=3184 1041 4856 1900 6042 1258 1235 1217 2209 618 2827 1214 2726 3397 566
internal_value=-8.79664e-06 -0.0239447 0.0270262 -0.0120327 0.0152521 0.0192438 0.0464314 -0.0537321 -0.0476154 -0.0235439 -0.0143626 0.0261734 -0.0531492 0.00236993
internal_weight=92023.7 48810.6 43213 34887.2 26916.8 24298.2 16296.2 13923.4 11285.6 18177 9224.62 17216.8 9830.69 7081.49
internal_count=34290 24347 9943 14939 7685 6427 2258 9408 7199 8897 4041 3961 6581 2466
is_linear=0
shrinkage=0.04


Tree=5
num_leaves=15
num_cat=0
split_feature=6 3 9 3 11 11 11 4 6 8 10 3 3 11
split_gain=34677.6 10916.3 5259.98 2913.52 2205.74 1487.71 1545.11 1378.47 1215.73 1159.53 1095.89 1069.12 774.816 738.912
threshold=7.9980523586273202 47.015625000000007 73.875000000000014 55.411458969116218 1.0000000180025095e-35 0.32990126311779028 0.24766915291547778 87.343750000000014 1.9241228699684145 19.375000000000004 -0.9550008475780486 57.567708969116218 41.015625000000007 -0.17842198908329007
decision_type=2 2 2 2 2 2 2 2 2 2 2 2 2 2
left_child=1 5 11 8 7 6 12 -4 13 -10 -9 -2 -1 -3
right_child=2 3 4 -5 -6 -7 -8 10 9 -11 -12 -13 -14 -15
leaf_value=-0.0646754461554849 0.029050439219331526 -0.035009130442607672 0.010343495598474028 0.0012017843172711304 -0.02176491668218853 -0.079320746845094048 -0.0080188242964669317 -0.010890378166299031 -0.0023862590882737099 -0.032874360987636513 0.034145170964231482 0.053091973135180423 -0.04157895891917051 -3.309972793976904e-05
leaf_weight=4049.5856029987335 4153.828711271286 8595.1221399307251 11034.086381316185 18219.198890328407 2166.4243649244308 2546.429814696312 1550.9387907981873 935.63554000854492 7015.1033179759979 2771.5945113897324 10153.284043192863 11097.216331362724 5958.7734236717224 1088.5861231088638
leaf_count=3084 862 4842 3356 6521 1056 2218 647 360 2645 1501 1944 1180 3671 403
internal_value=-1.14696e-05 -0.0215428 0.0281897 -0.0102967 0.0166072 -0.0515345 -0.0452869 0.0203811 -0.0210465 -0.0110699 0.0303325 0.0465906 -0.0510346 -0.0310855
internal_weight=91335.8 51795.3 39540.5 37689.6 24289.4 14105.7 11559.3 22123 19470.4 9786.7 11088.9 15251 10008.4 9683.71
internal_count=34290 25532 8758 15912 6716 9620 7402 5660 9391 4146 2304 2042 6755 5245
is_linear=0
shrinkage=0.04


Tree=6
num_leaves=15
num_cat=0
split_feature=7 3 9 3 11 4 11 11 0 6 9 11 3 6
split_gain=32289.1 10113.7 5355.07 2760.38 2161.23 1499.06 1420.56 1366.96 1268.56 983.376 892.831 834.393 740.126 680.306
threshold=12.506818771362306 47.015625000000007 73.875000000000014 58.307291030883796 1.0000000180025095e-35 81.234375000000014 0.32990126311779028 0.24766915291547778 16.815519332885746 2.814053058624268 76.625000000000014 -0.17842198908329007 41.015625000000007 11.467945575714113
decision_type=2 2 2 2 2 2 2 2 2 2 2 2 2 2
left_child=1 6 8 9 5 -4 7 12 -2 11 -11 -3 -1 -7
right_child=2 3 4 -5 -6 13 -8 -9 -10 10 -12 -13 -14 -15
leaf_value=-0.064393469640864509 0.026724303444937498 -0.027975718979135419 0.0027270754672193555 0.0062065931618347815 -0.02042738167631666 0.0093980119274549318 -0.079289458917588623 -0.0092777926248918414 0.051858373383168468 -3.4245262796369296e-05 -0.026193638233501217 0.00043205416345474808 -0.041255794879305772 0.029156072586611584
leaf_weight=3886.9132055044174 4651.7212270498276 13338.079678297043 6837.8578534126282 10638.615588188171 2507.2127116918564 3567.3780409097672 2441.5766096115112 1472.6440485715866 10937.351859331131 6721.9260747432709 3007.8872462511063 1887.4521552324295 5621.4910616874695 13166.472828269005
leaf_count=3055 1014 7075 2362 3485 1216 1096 2213 626 1182 2466 1515 696 3538 2751
internal_value=-1.41037e-05 -0.0220165 0.0258668 -0.0108459 0.0147614 0.0185184 -0.0515784 -0.0452841 0.0444023 -0.0181147 -0.00815834 -0.0244582 -0.0508295 0.0249602
internal_weight=90684.6 49016.6 41668 35594 26078.9 23571.7 13422.6 10981 15589.1 24955.3 9729.81 15225.5 9508.4 16733.9
internal_count=34290 24669 9621 15237 7425 6209 9432 7219 2196 11752 3981 7771 6593 3847
is_linear=0
shrinkage=0.04


Tree=7
num_leaves=15
num_cat=0
split_feature=7 3 9 3 11 11 4 11 6 6 9 3 7 3
split_gain=29984.1 9645.36 5073.39 2603.11 1998.8 1466.08 1393.44 1310.12 1246.96 860.288 1097.16 746.529 639.126 614.512
threshold=12.506818771362306 47.015625000000007 73.875000000000014 55.411458969116218 1.0000000180025095e-35 0.32990126311779028 81.234375000000014 0.24766915291547778 16.568032264709476 1.6500413417816164 76.625000000000014 41.015625000000007 18.560028076171879 61.786458969116218
decision_type=2 2 2 2 2 2 2 2 2 2 2 2 2 2
left_child=1 5 8 9 6 7 13 11 -2 -3 -11 -1 -8 -4
right_child=2 3 4 -5 -6 -7 12 -9 -10 10 -12 -13 -14 -15
leaf_value=-0.063476440687218277 0.025937899380353013 -0.029972818271904612 -0.0057894226190350218 0.00069635852490535204 -0.01966808134422646 -0.079258442916255042 0.0092018234629520548 -0.0089164548447773651 0.05079981122786581 -0.0051537178405132982 -0.037629011845663321 -0.040037525756979678 0.028211707985813749 0.019631847964293524
leaf_weight=3787.6599508523941 4731.3402554988861 8784.9468449354172 4584.9196271896362 17268.360717177391 2500.7524344921112 2346.7484694719315 3646.662297129631 1471.8568873405457 10656.778779864311 7324.0807523727417 2137.2903608083725 5562.6700638532639 13016.584809303284 2252.6258285045624
leaf_count=3055 1036 4856 1766 6232 1216 2213 1121 626 1160 2911 1238 3538 2726 596
internal_value=-1.63828e-05 -0.021292 0.0250067 -0.0104376 0.0142152 -0.0505044 0.0178344 -0.0441346 0.0431992 -0.020964 -0.0125537 -0.0496475 0.0240675 0.00261843
internal_weight=90073.3 48683.6 41389.7 35514.7 26001.5 13168.9 23500.8 10822.2 15388.1 18246.3 9461.37 9350.33 16663.2 6837.55
internal_count=34290 24669 9621 15237 7425 9432 6209 7219 2196 9005 4149 6593 3847 2362
is_linear=0
shrinkage=0.04


Tree=8
num_leaves=15
num_cat=0
split_feature=6 3 9 3 11 11 11 4 3 10 6 8 3 3
split_gain=27879.1 9318.08 4615.04 2402.35 1810.19 1603.88 1372.19 1208.39 1127.34 1001.36 946.834 998.143 762.729 716.573
threshold=7.7475874423980722 47.015625000000007 73.875000000000014 55.411458969116218 1.0000000180025095e-35 0.32990126311779028 0.24766915291547778 88.151042938232436 60.140625000000007 -0.9550008475780486 1.9241228699684145 19.375000000000004 41.015625000000007 53.557291030883796
decision_type=2 2 2 2 2 2 2 2 2 2 2 2 2 2
left_child=1 5 8 10 7 6 12 13 -2 -9 -3 -12 -1 -4
right_child=2 3 4 -5 -6 -7 -8 9 -10 -11 11 -13 -14 -15
leaf_value=-0.061880611846013345 0.029977800072027876 -0.028225466732218783 -0.015277050756925255 0.0011090836635009069 -0.019842706331573982 -0.079227593406499944 -0.0069519799894885237 -0.011698495416718862 0.052431641714933148 0.031856961944697039 -0.0021716547687270558 -0.03098575987729861 -0.038310570637980983 0.013147357866992223
leaf_weight=3746.8552812337875 6415.0126340389252 9518.703816652298 1625.8460838794708 17849.367939114571 2216.9700320959091 2260.3380651473999 1542.3715825080872 917.7606155872345 8414.143012046814 9390.0101317167282 6798.4864274263382 2664.4173871278763 5746.7136393785477 10391.111166119576
leaf_count=3080 1234 5245 682 6406 1093 2217 644 351 851 1810 2578 1472 3658 2969
internal_value=-1.87192e-05 -0.0198007 0.0251651 -0.00942721 0.0145003 -0.0484782 -0.0420483 0.0179254 0.0427717 0.0279638 -0.0193258 -0.0103329 -0.0477236 0.00928266
internal_weight=89498.1 50127.3 39370.9 36831 24541.7 13296.3 11035.9 22324.7 14829.2 10307.8 18981.6 9462.9 9493.57 12017
internal_count=34290 25300 8990 15701 6905 9599 7382 5812 2085 2161 9295 4050 6738 3651
is_linear=0
shrinkage=0.04


Tree=9
num_leaves=15
num_cat=0
split_feature=6 3 9 3 11 11 6 11 8 3 4 3 11 3
split_gain=25947.2 10106.1 3575.69 2496.95 1854.83 1377.05 1289.91 1183.84 1012.66 999.153 885.806 752.471 688.124 608.115
threshold=10.356143474578859 47.682291030883796 73.875000000000014 58.953125000000007 0.32990126311779028 1.0000000180025095e-35 2.814053058624268 0.24766915291547778 19.625000000000004 41.015625000000007 81.234375000000014 60.140625000000007 -0.17842198908329007 55.130208969116218
decision_type=2 2 2 2 2 2 2 2 2 2 2 2 2 2
left_child=1 4 11 6 7 10 12 9 -8 -1 -4 -2 13 -3
right_child=2 3 5 -5 -6 -7 8 -9 -10 -11 -12 -13 -14 -15
leaf_value=-0.060904094888304332 0.032177873063238049 -0.029909456558353212 0.0047489353084284461 0.0090836115480294258 -0.079199155111615252 -0.018190853302645613 0.0028643459729127681 -0.0070272427459664669 -0.019482762403396879 -0.034912607641627652 0.025508796182639352 0.052163675109792036 0.0021696967483161569 -0.011329378979684064
leaf_weight=3669.6508574485779 5073.6824961900711 9041.683854341507 4324.8431361913681 11771.646857500076 2187.5036966204643 1579.1488789319992 10113.859592080116 1609.3065338134766 4753.9764162302017 7041.3614914417267 13845.915937185287 7985.5614490509033 1811.4206068515778 4141.964942574501
leaf_count=3088 904 5120 1436 3661 2229 774 3501 675 2274 4367 2998 790 664 1809
internal_value=-2.08963e-05 -0.0165344 0.0282295 -0.00650785 -0.0452599 0.0174632 -0.0126558 -0.0391153 -0.00429769 -0.0439143 0.0205784 0.04446 -0.0209262 -0.0240981
internal_weight=88951.5 56142.4 32809.2 41634.6 14507.8 19749.9 29862.9 12320.3 14867.8 10711 18170.8 13059.2 14995.1 13183.6
internal_count=34290 27388 6902 17029 10359 5208 13368 8130 5775 7455 4434 1694 7593 6929
is_linear=0
shrinkage=0.04


Tree=10
num_leaves=15
num_cat=0
split_feature=7 3 9 3 4 11 10 11 3 3 0 8 10 11
split_gain=24153.2 8348.48 4295.84 2233.46 1652.31 1465.29 1314.66 1235.81 1169.58 1031.35 846.982 830.451 817.172 742.404
threshold=12.506818771362306 46.411458969116218 73.875000000000014 57.942708969116218 87.343750000000014 0.32990126311779028 -0.9550008475780486 0.24766915291547778 57.567708969116218 53.557291030883796 1.3760805130004885 19.625000000000004 0.32279463112354284 -0.17842198908329007
decision_type=2 2 2 2 2 2 2 2 2 2 2 2 2 2
left_child=1 5 8 10 9 7 -6 12 -2 -4 13 -12 -1 -3
right_child=2 3 4 -5 6 -7 -8 -9 -10 -11 11 -13 -14 -15
leaf_value=-0.055822688098049265 0.022683452424188989 -0.028268737698191299 -0.017303315101083832 0.0047819483917060793 -0.011856417306528338 -0.079178393278689377 0.028971559131689126 -0.0078874124495982405 0.047212135859086679 0.0091367331431226034 -0.0026379262792504466 -0.023794797579310023 -0.027014743762496209 0.0039351383871961297
leaf_weight=5892.8776301145554 4536.3820972442627 10035.426380753517 2969.684711098671 11482.032428145409 1429.0632337331772 2079.8907940983772 10175.645146131516 1458.0388473272324 10320.617681503296 11204.213675022125 8889.8720436692238 4441.03373503685 2231.958219408989 1287.4631425142288
leaf_count=4696 1001 5664 1355 3821 580 2209 2038 620 1195 3452 3458 2318 1413 470
internal_value=-2.27388e-05 -0.0192936 0.0226434 -0.00978432 0.0127536 -0.0486899 0.023932 -0.0419215 0.0397632 0.0035805 -0.0165667 -0.00971117 -0.0479947 -0.0246065
internal_weight=88434.2 47798.6 40635.6 36135.8 25778.6 11662.8 11604.7 9582.87 14857 14173.9 24653.8 13330.9 8124.84 11322.9
internal_count=34290 24669 9621 15731 7425 8938 2618 6729 2196 4807 11910 5776 6109 6134
is_linear=0
shrinkage=0.04


Tree=11
num_leaves=15
num_cat=0
split_feature=6 3 9 3 11 11 6 11 8 10 6 4 3 11
split_gain=22472.5 9080.69 3216.79 2388.39 1637.72 1314.91 1256.61 1223.05 867.051 789.648 890.823 777.662 725.021 597.193
threshold=10.356143474578859 46.411458969116218 73.875000000000014 58.953125000000007 0.32990126311779028 0.24766915291547778 2.814053058624268 1.0000000180025095e-35 19.625000000000004 0.32279463112354284 1.1256024241447451 81.234375000000014 60.140625000000007 -0.17842198908329007
decision_type=2 2 2 2 2 2 2 2 2 2 2 2 2 2
left_child=1 4 12 6 5 9 13 11 -8 10 -1 -4 -2 -3
right_child=2 3 7 -5 -6 -7 8 -9 -10 -11 -12 -13 -14 -15
leaf_value=-0.063256876169117501 0.030019094305529005 -0.023198606206716432 0.0043962429130325678 0.008423863033835877 -0.079150299289371062 -0.0057537350695769434 0.0019969350329050871 -0.017369047726518091 -0.018419742968917303 -0.025757420500807059 -0.028915254730613866 0.023870364159369793 0.0498145928853942 1.1803529840391281e-05
leaf_weight=4287.4715050458908 5008.4043575525284 14412.326335787773 4322.0427578687668 11758.224936962128 2016.4156089425087 1567.4178293943405 10551.247655034065 1574.99766933918 4839.2851147651672 2355.1526658535004 1754.5426737070084 13737.144666314125 7735.9438892602921 2022.146013379097
leaf_count=3750 904 7737 1436 3661 2224 653 3702 774 2332 1480 1077 2998 790 772
internal_value=-2.46315e-05 -0.0154585 0.0264543 -0.00697114 -0.0462697 -0.0394708 -0.0126608 0.01627 -0.00443831 -0.0457359 -0.0534127 0.0192197 0.0420944 -0.0203462
internal_weight=87942.8 55564.2 32378.5 43583.2 11981 9964.58 31825 19634.2 15390.5 8397.17 6042.01 18059.2 12744.3 16434.5
internal_count=34290 27388 6902 18204 9184 6960 14543 5208 6034 6307 4827 4434 1694 8509
is_linear=0
shrinkage=0.04


Tree=12
num_leaves=15
num_cat=0
split_feature=6 3 9 3 11 11 11 6 8 10 6 4 3 9
split_gain=20843.7 8604.02 3046.32 2247.63 1667.42 1252.27 1130.93 1016.59 1011.99 772.906 884.231 722.333 704.321 691.653
threshold=10.356143474578859 46.411458969116218 73.875000000000014 55.213541030883796 0.32990126311779028 0.24766915291547778 1.0000000180025095e-35 1.9241228699684145 19.625000000000004 0.32279463112354284 1.1256024241447451 81.234375000000014 60.140625000000007 74.125000000000014
decision_type=2 2 2 2 2 2 2 2 2 2 2 2 2 2
left_child=1 4 12 7 5 9 11 -3 -9 10 -1 -4 -2 -5
right_child=2 3 6 13 -6 -7 -8 8 -10 -11 -12 -13 -14 -15
leaf_value=-0.062296791944796759 0.028986453332088453 -0.025460209070609478 0.0042217133579748826 0.01980243199563355 -0.079113690435107215 -0.0055276284076156207 -0.016714536897764257 -0.0017194590187953724 -0.030224305088517089 -0.024838862145728058 -0.027917668128871771 0.022998885461733343 0.048580898707974711 -0.00060557319926694397
leaf_weight=4181.872914493084 4980.6466828584671 9745.9831471443176 4321.5287123918533 3067.6849335432053 1938.2385846972466 1567.0958350896835 1572.0496046543121 9130.3588694930077 2530.1300585269928 2345.4990550279617 1745.4527086615562 13689.129779219627 7618.0416513681412 19046.020051121712
leaf_count=3750 904 5526 1436 793 2224 653 774 3442 1446 1480 1077 2998 790 6997
internal_value=-2.66512e-05 -0.0149202 0.0255587 -0.00670314 -0.0452192 -0.0383958 0.0156618 -0.0159361 -0.00794569 -0.0445936 -0.0523009 0.0185031 0.0408928 0.00224083
internal_weight=87479.7 55298.3 32181.4 43520.2 11778.2 9839.92 19582.7 21406.5 11660.5 8272.82 5927.33 18010.7 12598.7 22113.7
internal_count=34290 27388 6902 18204 9184 6960 5208 10414 4888 6307 4827 4434 1694 7790
is_linear=0
shrinkage=0.04


Tree=13
num_leaves=15
num_cat=0
split_feature=7 3 9 3 4 11 10 11 2 3 10 6 9 4
split_gain=19396.2 7053.67 3763.4 2051.19 1461.59 1353.7 1231.23 1187.76 1143.37 860.19 854.595 687.581 932.539 645.544
threshold=12.191390991210939 45.255208969116218 73.875000000000014 55.411458969116218 87.510417938232436 0.32990126311779028 -0.9550008475780486 0.24766915291547778 0.52083334326744091 53.557291030883796 0.32279463112354284 1.5329629182815554 76.625000000000014 36.104166030883796
decision_type=2 2 2 2 2 2 2 2 2 2 2 2 2 2
left_child=1 5 8 11 9 7 -6 10 -2 -4 -1 -3 -13 -12
right_child=2 3 4 -5 6 -7 -8 -9 -10 -11 13 12 -14 -15
leaf_value=-0.057468670651699791 0.025010510562178134 -0.02609825085554561 -0.016113767061993717 0.00060237556296754979 -0.013014621191227777 -0.079063194808975903 0.02653307206392598 -0.0072839548379086726 0.047467365529047546 0.0075585485888239306 -0.052212360442598665 -0.0047604063520748415 -0.034181078425740863 -0.0053397243744834847
leaf_weight=4515.8443432450294 7386.1758861541748 9627.8881482481956 3089.5349354743958 16659.036241412163 1427.1117377281189 1838.5264567732811 10064.757792592049 1406.7999060153961 7292.2496123313904 11671.669463634491 797.73174750804901 7964.0886447429657 2183.0836575031281 1118.0941987037659
leaf_count=4002 1485 5642 1413 6042 585 2199 2044 600 773 3643 673 3300 1313 576
internal_value=-2.86644e-05 -0.0178152 0.0200075 -0.00973984 0.0109242 -0.0481361 0.0216078 -0.0406993 0.0362165 0.00258881 -0.047963 -0.0184442 -0.0111448 -0.0251948
internal_weight=87042.6 46111.1 40931.5 36434.1 26253.1 9677 11491.9 7838.47 14678.4 14761.2 6431.67 19775.1 10147.2 1915.83
internal_count=34290 24347 9943 16297 7685 8050 2629 5851 2258 5056 5251 10255 4613 1249
is_linear=0
shrinkage=0.04


Tree=14
num_leaves=15
num_cat=0
split_feature=6 3 9 3 11 11 6 11 8 10 6 3 4 11
split_gain=18026.6 7709.94 2711.83 2001.96 1714.05 1142.72 1005.79 1002.49 748.333 734.115 885.559 688.41 631.106 562.722
threshold=10.356143474578859 46.411458969116218 73.875000000000014 58.953125000000007 0.32990126311779028 0.24766915291547778 2.814053058624268 1.0000000180025095e-35 19.625000000000004 0.32279463112354284 1.1256024241447451 60.140625000000007 81.234375000000014 -0.17842198908329007
decision_type=2 2 2 2 2 2 2 2 2 2 2 2 2 2
left_child=1 4 11 6 5 9 13 12 -8 10 -1 -2 -4 -3
right_child=2 3 7 -5 -6 -7 8 -9 -10 -11 -12 -13 -14 -15
leaf_value=-0.060462269038068596 0.026780015324424401 -0.021173804543580192 0.003931084875548818 0.0078589831909011924 -0.07903587432765638 -0.0050082173015982044 0.0018608581168634611 -0.015923665412781066 -0.017149021174541115 -0.023146894582898172 -0.025734709067734923 0.046298670775192917 0.021499478584080453 0.0013571655070584757
leaf_weight=3998.0029358267784 4922.4455137252808 14280.436760187149 4319.3100638389587 11743.209978938103 1791.7616646289825 1566.3158832788467 10539.155193567276 1568.4696480035782 4810.2737019062042 2321.7084094285965 1724.5099314451218 7416.3501039743423 13600.799299120903 2022.0499322414398
leaf_count=3750 904 7737 1436 3661 2224 653 3702 774 2332 1480 1077 790 2998 772
internal_value=-3.09302e-05 -0.013936 0.0239033 -0.00623658 -0.0431764 -0.0363406 -0.0114678 0.0145887 -0.00411111 -0.0424139 -0.050123 0.0385678 0.017274 -0.018381
internal_weight=86624.8 54797.4 31827.4 43395.1 11402.3 9610.54 31651.9 19488.6 15349.4 8044.22 5722.51 12338.8 17920.1 16302.5
internal_count=34290 27388 6902 18204 9184 6960 14543 5208 6034 6307 4827 1694 4434 8509
is_linear=0
shrinkage=0.04


Tree=15
num_leaves=15
num_cat=0
split_feature=3 6 3 9 3 4 11 11 11 9 10 11 10 10
split_gain=16930.6 6634.3 3437.53 1940.46 1250.58 1103.66 1002.32 906.184 1127.01 742.529 743.275 725.887 560.041 1088.73
threshold=52.078125000000007 13.523617267608644 40.026041030883796 73.875000000000014 60.223958969116218 87.177082061767592 -0.99896219372749318 0.32990126311779028 0.24766915291547778 74.125000000000014 -0.99567621946334828 1.0000000180025095e-35 -0.76694479584693898 -0.89015004038810719
decision_type=2 2 2 2 2 2 2 2 2 2 2 2 2 2
left_child=2 4 7 -3 6 -4 -2 8 -1 -8 -11 -5 13 -12
right_child=1 3 5 11 -6 -7 9 -9 -10 10 12 -13 -14 -15
leaf_value=-0.057332811083306547 -0.039984981167579037 0.040968942749529037 -0.023358393150319484 0.020217331951104821 0.012231832700362176 0.0019327476425513234 0.012741773384720779 -0.079008715561488876 -0.010931307917312656 0.018625179497006754 -0.007292748893432453 -0.019553332569533299 -0.0025248582392913823 -0.043184180610008761
leaf_weight=2830.5380730032921 1164.9236309528351 10307.485026478767 16946.354668438435 13046.166379928589 10684.459622859955 3293.7211828231812 4297.2856546640396 1695.5139970183372 1201.5197931528091 1829.153865814209 5020.3883630037308 762.59634828567505 11320.445648193359 1836.4203990697861
leaf_count=2712 688 1282 9784 2999 3050 1153 1234 2188 538 526 2073 393 4526 1144
internal_value=-3.25854e-05 0.011601 -0.0270215 0.0278406 0.00075878 -0.0192449 -0.00406016 -0.0543399 -0.0436278 -0.00230675 -0.0055486 0.0179959 -0.00799897 -0.017003
internal_weight=86237 60269.3 25967.6 24116.2 36153.1 20240.1 25468.6 5727.57 4032.06 24303.7 20006.4 13808.8 18177.3 6856.81
internal_count=34290 17915 16375 4674 13241 10937 10191 5438 3250 9503 8269 3392 7743 3217
is_linear=0
shrinkage=0.04


Tree=16
num_leaves=15
num_cat=0
split_feature=3 6 3 9 9 3 11 11 11 7 9 10 11 10
split_gain=15715.5 6026.24 3461.61 1835.41 1188.06 1115.17 933.634 1086.35 921.299 805.925 675.926 662.165 647.844 594.427
threshold=52.348958969116218 13.523617267608644 40.026041030883796 73.875000000000014 74.375000000000014 60.432291030883796 0.32990126311779028 0.24766915291547778 -0.99896219372749318 4.690110683441163 73.875000000000014 -0.99567621946334828 1.0000000180025095e-35 -0.96628439426422108
decision_type=2 2 2 2 2 2 2 2 2 2 2 2 2 2
left_child=2 5 6 -3 9 8 7 -1 -2 -4 -10 -12 -5 -13
right_child=1 3 4 12 -6 -7 -8 -9 10 -11 11 13 -14 -15
leaf_value=-0.056210857879134622 -0.038305852738874949 0.039899266721906017 -0.026508023909633131 0.019504825640394987 -0.025153502581902656 0.012242664040771623 -0.078966830992861281 -0.010509070436506156 0.013771143298474592 0.0025393608344253856 0.01811422995794832 -0.026738625990819446 -0.018452954975174664 -0.0043675583695495287
leaf_weight=2773.1314653754234 1140.925056219101 10150.784293055534 2084.2292202711105 12911.096440315247 13496.125776588917 10048.670993566513 1629.8892968297005 1200.6254708766937 3736.7799859046936 5572.725586950779 1833.3109689950943 2131.5041753053665 746.52508616447449 16406.276675820351
leaf_count=2712 675 1270 1321 2972 8040 2849 2188 538 1034 1991 525 1101 384 6690
internal_value=-3.44637e-05 0.0114791 -0.0254577 0.0270216 -0.0180208 0.000986271 -0.0533672 -0.0425244 -0.00349976 -0.00541582 -0.00182215 -0.00469321 0.0174061 -0.00696586
internal_weight=85862.6 59105.9 26756.7 23808.4 21153.1 35297.5 5603.65 3973.76 25248.8 7656.95 24107.9 20371.1 13657.6 18537.8
internal_count=34290 17500 16790 4626 11352 12874 5438 3250 10025 3312 9350 8316 3356 7791
is_linear=0
shrinkage=0.04


Tree=17
num_leaves=15
num_cat=0
split_feature=3 6 3 9 3 9 11 11 11 7 11 8 6 9
split_gain=14586 5726.11 3212.14 1748.23 1076.53 993.028 960.082 1045.08 871.256 712.437 614.607 579.556 574.649 521.906
threshold=52.078125000000007 13.523617267608644 40.026041030883796 74.125000000000014 59.421875000000007 74.375000000000014 0.32990126311779028 0.24766915291547778 -0.99896219372749318 4.690110683441163 1.0000000180025095e-35 19.125000000000004 2.0481079816818242 73.875000000000014
decision_type=2 2 2 2 2 2 2 2 2 2 2 2 2 2
left_child=2 4 6 -3 8 9 7 -1 -2 -4 -5 12 -10 -6
right_child=1 3 5 10 13 -7 -8 -9 11 -11 -12 -13 -14 -15
leaf_value=-0.055066425870663419 -0.040221826521072521 0.037764334472338353 -0.026083401011207298 0.018111856072370435 0.02846178374446616 -0.024549810346896312 -0.078923126280491931 -0.010102573606453192 -0.017612104132497329 0.0017324213995254152 -0.019470477611990354 -0.008158045620873227 0.0096455945882770629 0.0064095337734463914
leaf_weight=2719.0611608624458 1024.0435566902161 10898.223582863808 2024.8449254631996 12223.919035792351 2016.2167494297028 12835.837097287178 1566.8412694334984 1199.7994841337204 1467.4146145582199 5262.8184328079224 722.2658793926239 13079.802911400795 7369.840106844902 11102.035810232162
leaf_count=2712 637 1436 1298 2859 393 7730 2188 538 772 1909 379 5710 2263 3466
internal_value=-3.61876e-05 0.0107652 -0.0252909 0.0259645 0.000705728 -0.0178615 -0.0523806 -0.0414215 -0.00451978 -0.00604632 0.0159883 -0.00281651 0.00508994 0.00983703
internal_weight=85513 59903.8 25609.2 23844.4 36059.4 20123.5 5485.7 3918.86 22941.1 7287.66 12946.2 21917.1 8837.25 13118.3
internal_count=34290 17915 16375 4674 13241 10937 5438 3250 9382 3207 3238 8745 3035 3859
is_linear=0
shrinkage=0.04


Tree=18
num_leaves=15
num_cat=0
split_feature=7 3 2 3 11 11 11 4 10 11 11 6 6 9
split_gain=13562.2 5665.22 2647.19 1608.99 1293.1 1292.93 1162.87 872.347 622.535 554.759 772.109 639.905 537.811 777.906
threshold=12.506818771362306 44.005208969116218 0.64583334326744091 55.411458969116218 0.32990126311779028 1.0000000180025095e-35 0.24766915291547778 80.338542938232436 0.32279463112354284 -0.96651518344879139 -0.99896219372749318 0.25416612625122076 1.8454939126968386 76.625000000000014
decision_type=2 2 2 2 2 2 2 2 2 2 2 2 2 2
left_child=1 4 5 12 6 7 8 -2 -1 10 -5 -11 -3 -14
right_child=2 3 -4 9 -6 -7 -8 -9 -10 11 -12 -13 13 -15
leaf_value=-0.055863343920943748 0.0026165689427101479 -0.021764669713331002 0.039841118899494904 -0.026717476667662225 -0.078844110278027596 -0.011682336701947493 -0.0050532814292799299 0.018920628581026194 -0.024789356771102514 0.036843026796871438 0.015055763815358548 -0.0071796084664118263 -0.003054554551594332 -0.031031123934985652
leaf_weight=3465.2501451969147 6871.6776715517044 11237.265362977982 6826.8868360519409 789.37167024612427 1507.6781088709831 3187.9020581245422 1391.6109799146652 22336.804081201553 1536.6984332799911 537.55213379859924 5701.8738195896149 10141.322289705276 7667.2547154426575 1988.1739114522934
leaf_count=3448 2310 6718 847 409 2194 1428 592 5036 1106 109 1670 4044 3166 1213
internal_value=-3.77559e-05 -0.0147783 0.0172348 -0.00836853 -0.0455571 0.0124493 -0.0374863 0.0150893 -0.0464535 0.000704498 0.00990944 -0.00489887 -0.0158185 -0.00886752
internal_weight=85187.3 45964.1 39223.3 38062.8 7901.24 32396.4 6393.56 29208.5 5001.95 17170.1 6491.25 10678.9 20892.7 9655.43
internal_count=34290 24669 9621 17329 7340 8774 5146 7346 4554 6232 2079 4153 11097 4379
is_linear=0
shrinkage=0.04


Tree=19
num_leaves=15
num_cat=0
split_feature=3 6 11 9 7 9 3 11 11 10 3 11 9 6
split_gain=12708.2 5170.47 3017.14 1586.49 1490 1045.59 995.884 779.165 682.342 657.677 631.947 924.427 610.315 593.794
threshold=51.734375000000007 13.523617267608644 0.32990126311779028 74.125000000000014 2.0636916160583501 73.875000000000014 61.421875000000007 -0.99896219372749318 -0.99591398239135731 -0.99904707074165333 43.588541030883796 0.24766915291547778 76.625000000000014 1.0000000180025095e-35
decision_type=2 2 2 2 2 2 2 2 2 2 2 2 2 2
left_child=2 5 4 -3 10 -2 7 -7 -8 -6 11 -1 -11 -13
right_child=1 3 -4 -5 9 6 8 -9 -10 12 -12 13 -14 -15
leaf_value=-0.052570988103539051 0.016383771749496168 0.03555880917896144 -0.078455903881653841 0.014781117491619582 -0.061176437217968928 -0.038140046415764566 0.034786848665137753 -0.0046043998253586784 0.0042955822207351871 -0.006049693314475686 -0.022929957774689643 0.015405804115192939 -0.036057674957994175 -0.041762054265470035
leaf_weight=3585.565385222435 5511.6621440649033 10797.432644963264 1542.0958884954453 12992.761706352234 385.11954152584076 1143.7507003545761 1494.2598782777786 23634.050863146782 5263.2296004295349 10202.44416230917 5991.5347265601158 616.88600933551788 1195.4965783953667 517.26472735404968
leaf_count=3594 1429 1452 2279 3268 314 707 283 9677 1655 4539 3778 198 797 320
internal_value=-3.91976e-05 0.00968991 -0.0246516 0.0242332 -0.0208966 0.000342681 -0.00246955 -0.00618193 0.0111208 -0.0110526 -0.0316848 -0.0426552 -0.00925479 -0.0109392
internal_weight=84873.6 60837.1 24036.4 23790.2 22494.3 37047 31535.3 24777.8 6757.49 11783.1 10711.3 4719.72 11397.9 1134.15
internal_count=34290 18471 15819 4720 13540 13751 12322 10384 1938 5650 7890 4112 5336 518
is_linear=0
shrinkage=0.04


Tree=20
num_leaves=15
num_cat=0
split_feature=3 6 11 7 9 3 3 11 11 9 10 10 6 11
split_gain=11800.8 4514.11 3118.03 1651.64 1632.38 810.416 717.503 828.141 699.441 699.117 716.967 583.303 575.302 565.587
threshold=52.348958969116218 12.363132476806642 0.32990126311779028 2.50389575958252 73.875000000000014 60.432291030883796 44.005208969116218 0.24766915291547778 -0.99896219372749318 76.875000000000014 -0.99904707074165333 0.32279463112354284 1.0000000180025095e-35 1.0000000180025095e-35
decision_type=2 2 2 2 2 2 2 2 2 2 2 2 2 2
left_child=2 5 3 6 -3 8 7 11 -2 10 -5 -1 -9 -6
right_child=1 4 -4 9 13 -7 -8 12 -10 -11 -12 -13 -14 -15
leaf_value=-0.061029095163669979 -0.034489584057487754 0.035016014637001915 -0.078316946930729645 -0.059044654985277778 0.016174306828210666 0.010443020255037102 -0.021240591962785042 0.014830948131474404 -0.0020375605733402476 -0.0399089235028681 -0.0043780186122246616 -0.02686435175256003 -0.041246474126010374 -0.017020698393001434
leaf_weight=2596.4955034255981 1093.9432199001312 10245.409396886826 1486.2908263206482 377.4599541425705 14010.403323411942 9125.1135115623474 6766.2769029736519 615.95956492424011 23166.660678982735 1057.1686111092567 11425.02936476469 1223.0029330253601 525.0454660654068 856.4555116891861
leaf_count=2891 669 1351 2281 305 3305 2633 4199 198 9102 734 4905 947 330 440
internal_value=-4.12932e-05 0.00993381 -0.0224124 -0.0189719 0.0227384 0.000294529 -0.0298183 -0.0413862 -0.00352807 -0.00905017 -0.00622326 -0.0502865 -0.0112397 0.0142417
internal_weight=84570.7 58498 26072.7 24586.4 25112.3 33385.7 11726.8 4960.5 24260.6 12859.7 11802.5 3819.5 1141.01 14866.9
internal_count=34290 17500 16790 14509 5096 12404 8565 4366 9771 5944 5210 3838 528 3745
is_linear=0
shrinkage=0.04


Tree=21
num_leaves=15
num_cat=0
split_feature=3 6 11 9 7 9 3 11 11 10 10 0 3 11
split_gain=10975.6 4594.98 2865.31 1527.85 1236.29 876.361 822.878 731.603 651.286 652.135 816.428 629.357 572.842 840.965
threshold=51.473958969116218 12.363132476806642 0.32990126311779028 73.875000000000014 2.0636916160583501 74.125000000000014 64.234375000000014 -0.99896219372749318 -0.96651518344879139 -0.99567621946334828 -0.99904707074165333 2.06444263458252 43.588541030883796 0.24766915291547778
decision_type=2 2 2 2 2 2 2 2 2 2 2 2 2 2
left_child=2 5 4 -3 12 11 7 -7 -9 10 -10 -2 13 -1
right_child=1 3 -4 -5 -6 6 -8 8 9 -11 -12 -13 -14 -15
leaf_value=-0.050272269246080067 -0.017526639000546494 0.03357967893831975 -0.078286886968060784 0.013619781400376075 -0.010728982257333033 -0.034261420186136961 0.022532548113691448 0.0063045276055787485 -0.038064165329779139 -0.010044268601677927 0.025043098645087036 0.018988146572862324 -0.021425258634015995 -0.010228013866736588
leaf_weight=3462.9244485497475 871.34494030475616 10320.143830537796 1426.6291561126709 15215.34320962429 11053.937460899353 1279.1514059901237 1839.6314647197723 7691.7990692853928 384.52227914333344 17134.76208460331 1739.1722830533981 5046.1294968128204 5700.6253506541252 1121.1686470508575
leaf_count=3594 409 1385 2279 3858 5366 776 430 2660 218 7493 440 1234 3630 518
internal_value=-4.43683e-05 0.00873641 -0.0237608 0.0217065 -0.0200455 -0.000473939 -0.003245 -0.00493962 -0.00352353 -0.00745131 0.0133682 0.0135704 -0.0300185 -0.0405653
internal_weight=84287.3 61522 22765.3 25535.5 21338.7 35986.5 30069 28229.4 26950.3 19258.5 2123.69 5917.47 10284.7 4584.09
internal_count=34290 18903 15387 5243 13108 13660 12017 11587 10811 8151 658 1643 7742 4112
is_linear=0
shrinkage=0.04


Tree=22
num_leaves=15
num_cat=0
split_feature=7 3 2 11 3 11 11 4 10 4 11 6 11 11
split_gain=10191.6 4463.4 2198.95 1348.31 1255.43 1036.19 972.331 823.467 638.754 527.693 482.119 612.842 575.126 482.04
threshold=12.191390991210939 44.005208969116218 0.64583334326744091 0.32990126311779028 55.411458969116218 1.0000000180025095e-35 0.24766915291547778 80.338542938232436 0.32279463112354284 82.005207061767592 -0.96651518344879139 0.25416612625122076 -0.99896219372749318 -0.98485535383224476
decision_type=2 2 2 2 2 2 2 2 2 2 2 2 2 2
left_child=1 3 5 6 13 7 8 -2 9 -1 12 -12 -6 -3
right_child=2 4 -4 -5 10 -7 -8 -9 -10 -11 11 -13 -14 -15
leaf_value=-0.059693464256232065 0.00090079420752466933 0.00032231783288080406 0.035718992438307375 -0.078626749967704343 -0.022770494542661304 -0.010679703160889944 -0.003800030262589937 0.016538254368230948 -0.020151865348352099 -0.017095876610457767 0.036217772246529327 -0.0070100054777625445 0.013867528230333279 -0.016770662840954364
leaf_weight=2641.3226379752159 7068.8211152553558 3113.6534835100174 6605.9169458150864 1286.395763874054 763.90453803539276 3322.3481573462486 1372.8351563215256 22673.242948710918 1502.1348025202751 588.1373924612999 534.88769567012787 9717.8418974876404 5525.6068475246429 17297.791414439678
leaf_count=3036 2413 1398 847 2190 403 1488 591 5195 1105 408 109 3902 1628 9577
internal_value=-4.53255e-05 -0.0132195 0.0146804 -0.0415533 -0.00753326 0.010458 -0.0335095 0.0128248 -0.0420773 -0.0520887 0.000657425 -0.00468868 0.00935951 -0.0141655
internal_weight=84014.8 44344.5 39670.3 7390.83 36953.7 33064.4 6104.43 29742.1 4731.59 3229.46 16542.2 10252.7 6289.51 20411.4
internal_count=34290 24347 9943 7330 17017 9096 5140 7608 4549 3444 6042 4011 2031 10975
is_linear=0
shrinkage=0.04


Tree=23
num_leaves=15
num_cat=0
split_feature=3 9 11 3 7 3 11 10 9 10 3 11 10 10
split_gain=9530.69 3805.27 2949.9 1549.3 1374.99 985.778 918.942 665.055 676.13 575.221 564.322 768.454 593.175 538.026
threshold=52.348958969116218 74.125000000000014 0.32990126311779028 62.421875000000007 2.1264553070068364 60.223958969116218 -0.99896219372749318 -0.99904707074165333 76.875000000000014 -0.10079899430274962 43.588541030883796 0.24766915291547778 0.32279463112354284 -0.92599865794181813
decision_type=2 2 2 2 2 2 2 2 2 2 2 2 2 2
left_child=2 5 4 6 10 -2 -3 -6 -9 -5 11 12 -1 -7
right_child=1 3 -4 9 7 13 -8 8 -10 -11 -12 -13 -14 -15
leaf_value=-0.060001160994980783 0.015657108488285307 -0.037492495782213454 -0.078050257453840255 0.010351818592719449 -0.058278965810870408 0.0079892539613210019 -0.00075171904400368934 -0.0040905934121737396 -0.035928994718156811 0.032066009468131769 -0.019971772155396847 -0.009685423771457034 -0.023823810235780056 0.039474742098866547
leaf_weight=2239.2380269169807 8216.8301671743393 1110.93345028162 1325.3258503675461 8849.0239638090134 397.55356884002686 1006.2572002410889 29551.649075984955 11873.385879337788 1153.5576961040497 2498.8333852291107 6394.6213128566742 1120.1728669404984 1125.9713933467865 6900.463467001915
leaf_count=2711 1931 705 2281 2311 337 227 11061 5184 801 467 4063 518 895 798
internal_value=-4.61932e-05 0.00891247 -0.0203575 0.00256834 -0.0171499 0.0254187 -0.00210644 -0.00856487 -0.00696069 0.0151814 -0.0277076 -0.0385986 -0.0481088 0.035498
internal_weight=83763.8 58134 25629.8 42010.4 24304.5 16123.6 30662.6 13424.5 13026.9 11347.9 10880 4485.38 3365.21 7906.72
internal_count=34290 17500 16790 14544 14509 2956 11766 6322 5985 2778 8187 4124 3606 1025
is_linear=0
shrinkage=0.04


Tree=24
num_leaves=15
num_cat=0
split_feature=6 3 11 9 3 11 10 6 10 9 11 4 10 6
split_gain=8926.66 4506.72 1775.05 1356.46 1141.53 820.659 792.272 726.963 693.333 749.036 692.658 874.25 678.844 629.627
threshold=11.467945575714113 46.411458969116218 0.32990126311779028 73.875000000000014 58.953125000000007 0.24766915291547778 0.32279463112354284 1.1256024241447451 -0.99904707074165333 73.875000000000014 -0.17842198908329007 83.484375000000014 -0.81911277770996083 0.019553303718566898
decision_type=2 2 2 2 2 2 2 2 2 2 2 2 2 2
left_child=1 2 5 -2 8 6 7 -1 -3 -10 11 12 -11 -14
right_child=3 4 -4 -5 -6 -7 -8 -9 9 10 -12 -13 13 -15
leaf_value=-0.052244990881150553 0.029199228802814784 -0.057060342839685141 -0.078538542374347126 0.011224164015924621 0.0061492332023598134 -0.00096187013589393367 -0.012834414987888015 -0.019847042488608035 0.0075286559377627819 -0.0353870365556853 0.0030306945570519519 0.0015053571768686917 0.023551292867621251 -0.015684459309067693
leaf_weight=3385.4788490533829 10926.286811709404 434.93762922286987 1218.3646661043167 17503.29007089138 12681.456023812294 1569.545499920845 2233.5546731352806 1695.7303968071938 4640.9743536114693 2785.8009936213493 5369.876024544239 5099.7791265249252 670.93094444274902 13297.878660857677
leaf_count=3750 1576 302 2229 4634 3940 658 1480 1092 1523 1768 2110 1973 225 7030
internal_value=-4.78531e-05 -0.00944218 -0.0335566 0.0181482 -0.00401368 -0.0272254 -0.0328428 -0.0415532 -0.0080051 -0.00730016 -0.00983173 -0.0129921 -0.0174013 -0.013769
internal_weight=83513.9 55084.3 10102.7 28429.6 44981.6 8884.31 7314.76 5081.21 32300.2 31865.2 27224.3 21854.4 16754.6 13968.8
internal_count=34290 28080 9209 6210 18871 6980 6322 4842 14931 14629 13106 10996 9023 7255
is_linear=0
shrinkage=0.04


Tree=25
num_leaves=15
num_cat=0
split_feature=3 6 11 9 7 9 3 11 11 0 10 10 10 10
split_gain=8330.49 3526.87 2669.15 1102.8 957.694 778.417 726.851 687.672 621.741 576.311 566.432 525.378 1080.85 885.692
threshold=51.473958969116218 13.523617267608644 0.32990126311779028 73.875000000000014 2.0636916160583501 74.125000000000014 61.057291030883796 -0.99896219372749318 -0.99591398239135731 2.06444263458252 -0.99567621946334828 -0.76694479584693898 -0.89015004038810719 -0.92599865794181813
decision_type=2 2 2 2 2 2 2 2 2 2 2 2 2 2
left_child=2 5 4 -3 -1 9 7 -7 -8 -2 -9 12 13 -12
right_child=1 3 -4 -5 -6 6 8 10 -10 -11 11 -13 -14 -15
leaf_value=-0.026554227058895756 -0.017259095707397899 0.030167519936961217 -0.077937000174763085 0.012495403460264547 -0.0094348677278699063 -0.037150758343524895 0.030891089915953629 0.015510160013994651 0.0023838240366678598 0.017496798351444826 -0.014365295790077306 -0.0015628646550628225 -0.039888747752548935 0.022788909138598403
leaf_weight=10009.423940598965 869.30734932422638 9609.4299890995026 1225.5650322437286 13798.428079843521 10995.049222946167 1062.1422824859619 1529.2533383369446 2039.8006031513214 5851.6693536043167 5505.1754941940308 4457.6766502857208 13009.546408951283 1999.8226461410522 1312.7623279094696
leaf_count=7742 409 1298 2279 3459 5366 710 304 616 1859 1329 2085 5229 1279 326
internal_value=-4.94582e-05 0.00758544 -0.0210033 0.0197697 -0.0176104 1.12219e-06 -0.00259831 -0.00598856 0.00835776 0.0127179 -0.00450685 -0.0064848 -0.0147003 -0.00586328
internal_weight=83275.1 61045 22230 23407.9 21004.5 37637.2 31262.7 23881.8 7380.92 6374.48 22819.6 20779.8 7770.26 5770.44
internal_count=34290 18903 15387 4757 13108 14146 12408 10245 2163 1738 9535 8919 3690 2411
is_linear=0
shrinkage=0.04


Tree=26
num_leaves=15
num_cat=0
split_feature=3 9 11 3 7 3 11 9 10 3 11 10 6 10
split_gain=7713.04 3074.79 2767.62 1279.63 1119.48 892.665 794.059 600.475 627.937 594.938 692.883 569.866 541.691 524.165
threshold=52.348958969116218 74.125000000000014 0.32990126311779028 62.421875000000007 2.50389575958252 60.223958969116218 -0.99896219372749318 76.875000000000014 -0.99904707074165333 43.588541030883796 0.24766915291547778 0.32279463112354284 1.0000000180025095e-35 -0.18581509590148923
decision_type=2 2 2 2 2 2 2 2 2 2 2 2 2 2
left_child=2 5 4 6 9 -2 -3 8 -6 10 11 -1 -12 -5
right_child=1 3 -4 13 7 -7 -8 -9 -10 -11 12 -13 -14 -15
leaf_value=-0.057219718960683709 0.01368170869824524 -0.035129354099196201 -0.077747055753064953 0.0078636456241277936 -0.05592468612206445 0.032680045289360971 -0.00068353146591080248 -0.036416674692760768 -0.0031021631163340715 -0.017202219753041696 0.016186428806570546 -0.021756051102104709 -0.038529258726111952 0.026335393985226472
leaf_weight=2176.0455436706543 8165.8726344704628 1091.1601048111916 1182.1327797174454 7685.3859479427338 351.98936533927917 7750.0898729562759 29491.874922037125 1026.4084390997887 11387.461105108261 6861.6353165507317 618.20736384391785 1136.050579726696 511.56123101711273 3613.368575334549
leaf_count=2762 1931 705 2281 2042 305 1025 11061 734 4905 4365 198 911 329 736
internal_value=-4.93873e-05 0.00800785 -0.0184832 0.00231665 -0.0155104 0.0229621 -0.00193467 -0.00737517 -0.00477839 -0.0246689 -0.0360743 -0.0452593 -0.00882818 0.0138071
internal_weight=83049.2 57797.8 25251.5 41881.8 24069.4 15916 30583 12765.9 11739.5 11303.5 4441.86 3312.1 1129.77 11298.8
internal_count=34290 17500 16790 14544 14509 2956 11766 5944 5210 8565 4200 3673 527 2778
is_linear=0
shrinkage=0.04


Tree=27
num_leaves=15
num_cat=0
split_feature=6 3 3 11 11 9 11 4 10 10 9 3 10 11
split_gain=7253.27 3896.41 1412.52 1159.22 1035.96 936.589 758.628 594.903 580.519 696.147 703.397 646.206 560.148 536.635
threshold=11.467945575714113 40.026041030883796 51.994791030883796 -0.26220933347940439 0.32990126311779028 74.125000000000014 0.24766915291547778 86.010417938232436 -0.99904707074165333 -0.99567621946334828 74.125000000000014 61.057291030883796 0.24037779867649081 -0.99591398239135731
decision_type=2 2 2 2 2 2 2 2 2 2 2 2 2 2
left_child=1 4 -3 5 6 -2 12 -7 -4 -10 -11 -12 -1 -13
right_child=3 2 8 -5 -6 7 -8 -9 9 10 11 13 -14 -15
leaf_value=-0.063915090414670916 0.028272025333650558 -0.014620486778210894 -0.04092467471139561 -0.0039021874577038103 -0.078365035584041176 0.0022516349939036783 -0.0066754392027537938 0.019454001128281148 0.023815953354459764 0.013093126366080182 -0.0073003710600071294 0.029485142887983696 -0.02405435938903731 0.0011522885351565784
leaf_weight=1275.1995769739151 11009.903264403343 17147.421838879585 537.80518412590027 3872.4846057891846 1057.1097683310509 5416.2623431682587 1176.0559788942337 7920.9344135522842 1865.9274959564209 4632.9082669615746 19789.532006561756 1365.1133149862289 1065.7279955744743 4703.2111927270889
leaf_count=1782 1585 10112 301 1378 2184 1634 538 1613 460 1265 8704 273 930 1531
internal_value=-5.11886e-05 -0.0085587 -0.00531985 0.0164086 -0.0438152 0.0196396 -0.0330461 0.0124819 -0.000465627 0.000231713 -0.00122622 -0.00379993 -0.0461256 0.00760189
internal_weight=82835.6 54616 50041.9 28219.6 4574.09 24347.1 3516.98 13337.2 32894.5 32356.7 30490.8 25857.9 2340.93 6068.32
internal_count=34290 28080 22646 6210 5434 4832 3250 3247 12534 12233 11773 10508 2712 1804
is_linear=0
shrinkage=0.04


Tree=28
num_leaves=15
num_cat=0
split_feature=7 3 2 3 11 10 11 4 10 11 0 9 9 10
split_gain=6721.4 3337.24 1562.19 1030.61 1022.36 929.715 762.949 563.666 531.731 750.065 724.16 638.392 597.87 517.003
threshold=12.506818771362306 40.369791030883796 0.64583334326744091 55.411458969116218 0.32990126311779028 -0.99904707074165333 0.24766915291547778 80.942707061767592 -0.99904707074165333 -0.17842198908329007 1.812100410461426 75.875000000000014 77.375000000000014 0.24037779867649081
decision_type=2 2 2 2 2 2 2 2 2 2 2 2 2 2
left_child=1 4 5 8 6 -2 13 -7 -3 10 -10 -12 -11 -1
right_child=2 3 -4 -5 -6 7 -8 -9 9 12 11 -13 -14 -15
leaf_value=-0.062115751550717101 -0.038926879305215455 -0.057715809610112877 0.030296678473865808 0.00054118505584869233 -0.078281078884546079 0.00051625961400733882 -0.0062505943397238098 0.012766031280040729 -0.021046191399574955 0.0096242625459346236 0.0043984181351134138 -0.022076394303867142 -0.034980945406285262 -0.023984183858661294
leaf_weight=1323.0077032446861 625.73384517431259 389.35196453332901 6366.4375163316727 17013.411477804184 1008.2445028424263 8118.9802533388138 1190.7571412324905 23138.120069921017 11732.214143574238 3606.4557426571846 4365.7221600413322 2163.6990318894386 534.45977216959 1055.3908740878105
leaf_count=1876 383 360 847 6232 2172 2828 544 5563 7791 1396 1721 1260 378 939
internal_value=-5.13299e-05 -0.0106397 0.0122341 -0.00690914 -0.04291 0.00861061 -0.0325375 0.00958654 -0.0124662 -0.011629 -0.0151112 -0.00441535 0.00372669 -0.0455363
internal_weight=82632 44382.7 38249.3 39805.3 4577.4 31882.8 3569.16 31257.1 22791.9 22402.6 18261.6 6529.42 4140.92 2378.4
internal_count=34290 24669 9621 19138 5531 8774 3359 8391 12906 12546 10772 2981 1774 2815
is_linear=0
shrinkage=0.04


Tree=29
num_leaves=15
num_cat=0
split_feature=3 6 11 9 10 9 3 10 7 4 11 6 11 10
split_gain=6257.65 3562.17 1984.96 996.178 721.988 846.016 624.243 707.389 587.688 566.13 884.08 652.001 503.455 479.817
threshold=48.057291030883796 11.467945575714113 0.32990126311779028 74.125000000000014 -0.99904707074165333 73.875000000000014 61.057291030883796 -0.99567621946334828 2.50389575958252 81.359375000000014 -0.96651518344879139 0.019553303718566898 -0.99591398239135731 -0.9550008475780486
decision_type=2 2 2 2 2 2 2 2 2 2 2 2 2 2
left_child=2 4 8 13 -2 -6 7 -7 -1 11 -11 -9 -8 -3
right_child=1 3 -4 -5 5 6 12 9 -10 10 -12 -13 -14 -15
leaf_value=-0.027937752358756854 -0.044680706891333466 -0.0017265741718133201 -0.078189616015316793 0.009282634349468917 0.012185934360939885 0.016236967323740768 0.028432664802577862 0.025425160047946899 -0.0095643596520575865 0.021865519328503048 -0.0070408630614159622 -0.014251076800398482 0.0011080418375701403 0.027136963305761999
leaf_weight=7292.5007707476616 623.77804505825043 1005.2083399295807 1038.7445551753044 15817.025297224522 5774.498009622097 1983.2606154680252 1371.5388553142548 671.96526795625687 4547.0479764342308 2145.345291852951 7738.6876129508018 16871.264387190342 4809.5622663497925 10748.53583574295
leaf_count=6315 387 259 2267 4201 1647 602 276 218 2419 566 3352 8689 1562 1530
internal_value=-5.34873e-05 0.00469021 -0.0256436 0.0158555 -0.00264501 -0.00198985 -0.00429532 -0.00672363 -0.0209094 -0.00839453 -0.000735201 -0.0127041 0.00724331 0.0246697
internal_weight=82439 69560.7 12878.3 27570.8 41989.9 41366.1 35591.6 29410.5 11839.5 27427.3 9884.03 17543.2 6181.1 11753.7
internal_count=34290 23289 11001 5990 17299 16912 15265 13427 8734 12825 3918 8907 1838 1789
is_linear=0
shrinkage=0.04


Tree=30
num_leaves=15
num_cat=0
split_feature=3 6 11 11 9 9 11 11 10 10 10 10 9 5
split_gain=5853.4 2512.7 2408.53 818.101 751.592 690.872 602.788 783.591 669.307 1318.99 972.014 630.93 625.026 587.871
threshold=51.473958969116218 13.523617267608644 0.32990126311779028 1.0000000180025095e-35 74.375000000000014 73.875000000000014 -0.99896219372749318 -0.96651518344879139 -0.89015004038810719 -0.92599865794181813 -0.76694479584693898 -0.70910638570785511 77.125000000000014 94.250000000000014
decision_type=2 2 2 2 2 2 2 2 2 2 2 2 2 2
left_child=2 6 4 5 -1 -3 -2 -8 9 12 -10 -12 -9 -13
right_child=1 3 -4 -5 -6 -7 7 8 10 -11 11 13 -14 -15
leaf_value=-0.0043150550301139356 -0.025292879035053412 0.026685522048174013 -0.077420728047487813 -0.018527556017954232 -0.020376117919797432 0.012309266015388558 0.01027159964396988 0.0046070020912184866 -0.029572501903764769 0.027749997137886249 0.022073960058203435 -0.011708251428082158 -0.017010845183629754 0.013961539389551475
leaf_weight=7111.9600760340691 1436.6055940389633 9189.5446667671204 1015.7660113573074 993.47531342506409 13583.451854348183 12922.878654360771 10289.145336925983 5839.5461980700493 2840.6246587634087 2852.6723345518112 1346.6063392162323 7743.4004512429237 3352.1216043233871 1731.2543604373932
leaf_count=3466 851 1243 2279 472 9642 3042 3240 2017 1600 599 354 3451 1563 471
internal_value=-5.25703e-05 0.00633815 -0.0178614 0.0167043 -0.0148662 0.0183025 -6.6123e-05 0.000954185 -0.00278028 0.00409048 -0.00883468 -0.0033464 -0.00329666 -0.00699822
internal_weight=82249.1 60537.9 21711.2 23105.9 20695.4 22112.4 37432 35995.4 25706.2 12044.3 13661.9 10821.3 9191.67 9474.65
internal_count=34290 18903 15387 4757 13108 4285 14146 13295 10055 4179 5876 4276 3580 3922
is_linear=0
shrinkage=0.04


Tree=31
num_leaves=15
num_cat=0
split_feature=3 6 11 2 11 10 9 10 7 3 10 4 11 6
split_gain=5463.08 3046.58 1926.39 874.802 676.182 671.35 759.036 583.515 557.331 553.256 654.132 497.537 795.65 596.241
threshold=48.057291030883796 11.467945575714113 0.32990126311779028 0.81250000000000011 1.0000000180025095e-35 -0.99904707074165333 73.875000000000014 -0.9769422411918639 2.5665521621704106 61.057291030883796 -0.99567621946334828 81.359375000000014 -0.96651518344879139 0.019553303718566898
decision_type=2 2 2 2 2 2 2 2 2 2 2 2 2 2
left_child=2 5 7 4 -3 -2 -7 -1 -9 10 -8 13 -13 -12
right_child=1 3 -4 -5 -6 6 9 8 -10 -11 11 12 -14 -15
leaf_value=-0.039479251002085325 -0.043255383868867431 0.013350848549302278 -0.078020618513271536 0.030793278150263413 -0.014351152455032903 0.011654745629760993 0.01583807969634948 -0.022983989768503861 -0.0033406723881752999 0.0068980866224445086 0.024636603908217047 0.020798488919080444 -0.006672129506022151 -0.013402428859039544
leaf_weight=1953.8498538732529 614.36319649219513 21449.0851790905 961.29734551906586 4514.245102763176 1492.8679065108299 5760.3842142820358 1978.5951137542725 6095.4332086443901 3727.3032882213593 6167.5988686084747 668.28797042369843 2137.172992348671 7719.4787175059319 16820.636384367943
leaf_count=2029 387 4750 2267 546 694 1647 602 4891 1814 1838 218 566 3352 8689
internal_value=-5.20849e-05 0.00437375 -0.0241077 0.0147234 0.0115373 -0.00241738 -0.00178851 -0.0195821 -0.0155521 -0.00397572 -0.00626589 -0.00787563 -0.000685745 -0.0119224
internal_weight=82060.6 69322.7 12737.9 27456.2 22942 41866.5 41252.2 11776.6 9822.74 35491.8 29324.2 27345.6 9856.65 17488.9
internal_count=34290 23289 11001 5990 5444 17299 16912 8734 6705 15265 13427 12825 3918 8907
is_linear=0
shrinkage=0.04


Tree=32
num_leaves=15
num_cat=0
split_feature=3 11 9 3 9 3 4 10 4 11 3 11 10 11
split_gain=5074.48 2420.07 2017.96 857.461 838.118 695.448 575.095 812.828 717.457 659.644 568.113 629.147 691.374 522.003
threshold=52.536458969116218 0.32990126311779028 73.875000000000014 64.526042938232436 74.375000000000014 60.223958969116218 80.484375000000014 -0.9550008475780486 85.859375000000014 1.0000000180025095e-35 44.234375000000007 0.24766915291547778 0.32279463112354284 -0.99896219372749318
decision_type=2 2 2 2 2 2 2 2 2 2 2 2 2 2
left_child=1 4 5 6 -1 -2 13 8 9 -8 11 12 -6 -4
right_child=2 -3 3 -5 10 -7 7 -9 -10 -11 -12 -13 -14 -15
leaf_value=-0.0022119293210863121 0.010452767407808769 -0.077074070457703814 -0.03116941907269654 0.0168881385872694 -0.053242213288742034 0.02825816120893344 0.022015358458321886 0.0088583959738707373 -0.024505465375083565 -0.022612902811091597 -0.013167852120543135 -0.003798529767914928 -0.015121004852383107 -0.0035633717376551011
leaf_weight=8384.2966807484627 6806.6235432624817 945.33437240123749 1162.260849237442 5543.3321139812469 2020.7058447599411 7308.10424888134 1484.1251717209816 15810.48719316721 2524.5921354293823 799.12195646762848 11612.625648975372 1095.6404863595963 1247.4957837462425 15142.786274194717
leaf_count=3863 1588 2282 737 1221 2699 977 380 4530 1221 434 6751 507 964 6136
internal_value=-5.18555e-05 -0.0149342 0.00660719 0.00224872 -0.0124615 0.0196987 4.29417e-05 0.00448037 -0.00989372 0.00633503 -0.0178309 -0.0301232 -0.0388716 -0.00556697
internal_weight=81887.5 25306.1 56581.4 42466.7 24360.8 14114.7 36923.4 20618.3 4807.84 2283.25 15976.5 4363.84 3268.2 16305
internal_count=34290 17066 17224 14659 14784 2565 13438 6565 2035 814 10921 4170 3663 6873
is_linear=0
shrinkage=0.04


Tree=33
num_leaves=15
num_cat=0
split_feature=3 6 11 2 10 9 11 3 11 3 10 9 11 6
split_gain=4750.46 2714.08 1811.75 785.376 645.872 661.391 588.401 679.897 580.627 501.563 523.352 466.025 456.459 921.828
threshold=47.682291030883796 11.467945575714113 0.32990126311779028 0.72916665673255932 -0.99904707074165333 73.875000000000014 0.24766915291547778 33.351562500000007 1.0000000180025095e-35 64.234375000000014 -0.99567621946334828 75.375000000000014 -0.96651518344879139 0.019553303718566898
decision_type=2 2 2 2 2 2 2 2 2 2 2 2 2 2
left_child=2 4 6 8 -2 -6 7 -1 -3 10 -7 -8 -12 -14
right_child=1 3 -4 -5 5 9 11 -9 -10 -11 12 -13 13 -15
leaf_value=-0.063689122117265684 -0.042381787689389522 0.012130438791215104 -0.077832807031189208 0.027526529706213009 0.010577472329337985 0.014589161746971762 0.022928378586285634 -0.019939236316156423 -0.013557787016380283 0.017847164633579521 0.00080541852920212507 -0.018923810640781805 0.042652571789248785 -0.010664582535681479
leaf_weight=594.48198425769806 617.48782557249069 20636.659747838974 888.99500852823257 5299.4607838392258 5901.1757400035858 2058.5723873972893 868.3802455663681 8647.4650735855103 1494.5531784296036 1608.6048367023468 10341.932172834873 797.68754041194916 512.34040457010269 21452.310070455074
leaf_count=917 398 4637 2266 681 1706 633 263 6701 697 386 4151 441 108 10305
internal_value=-5.24114e-05 0.00391073 -0.0235096 0.0137143 -0.00242136 -0.00181216 -0.0189479 -0.0228849 0.010385 -0.00384931 -0.0048747 0.00290341 -0.00612319 -0.00938325
internal_weight=81720.1 69923.1 11797 27430.7 42492.4 41874.9 10908 9241.95 22131.2 35973.8 34365.2 1666.07 32306.6 21964.7
internal_count=34290 23702 10588 6015 17687 17289 8322 7618 5334 15583 15197 704 14564 10413
is_linear=0
shrinkage=0.04


Tree=34
num_leaves=15
num_cat=0
split_feature=3 11 9 3 10 7 3 4 10 4 11 11 9 10
split_gain=4415.88 2268.1 1790.94 757.104 723.768 724.33 637.855 600.024 739.365 797.378 628.969 595.365 513.872 504.14
threshold=52.348958969116218 0.32990126311779028 73.875000000000014 62.421875000000007 -0.99904707074165333 2.1264553070068364 60.328125000000007 80.338542938232436 -0.9550008475780486 85.859375000000014 1.0000000180025095e-35 -0.99896219372749318 76.875000000000014 -0.18581509590148923
decision_type=2 2 2 2 2 2 2 2 2 2 2 2 2 2
left_child=1 4 6 7 -1 -6 -2 11 9 10 -9 -4 -7 -5
right_child=2 -3 3 13 5 12 -8 8 -10 -11 -12 -13 -14 -15
leaf_value=-0.056039161398990435 0.0098613119540182578 -0.076780075317736021 -0.036641257730230421 0.0050317047428995202 -0.018747782906490221 -0.0019837343590746064 0.026851931727473341 0.021334687686567357 0.0089768806832112233 -0.027087635580505167 -0.021771103162286771 -0.004927356159955547 -0.030224701509895723 0.023139076650830936
leaf_weight=560.39999461174011 7127.2635385990143 875.21672332286835 998.65987664461136 7706.3806241750717 10138.001548230648 11787.616118371487 7067.2441079616547 1532.5767022371292 12374.018359839916 2193.9182005524635 812.75579285621643 13673.42130625248 1110.1113013029099 3604.8121576309204
leaf_count=642 1658 2281 698 2057 7882 5184 946 394 3670 1122 447 5765 801 743
internal_value=-5.2155e-05 -0.0142614 0.00604131 0.00196283 -0.0118794 -0.0107574 0.0183466 -0.00121858 0.0039144 -0.0098648 0.00633895 -0.00713291 -0.00445748 0.0108331
internal_weight=81562.4 24471.3 57091.1 42896.5 23596.1 23035.7 14194.5 31585.4 16913.3 4539.25 2345.33 14672.1 12897.7 11311.2
internal_count=34290 16790 17500 14896 14509 13867 2604 12096 5633 1963 841 6463 5985 2800
is_linear=0
shrinkage=0.04


Tree=35
num_leaves=15
num_cat=0
split_feature=3 6 11 9 10 10 9 10 3 10 11 6 10 10
split_gain=4139.28 2310.69 1794.45 703.419 565.778 593.202 602.474 510.248 494.803 491.44 933.551 774.531 670.401 956.706
threshold=48.057291030883796 11.467945575714113 0.32990126311779028 74.125000000000014 -0.99904707074165333 0.15618373081088069 73.875000000000014 -0.9769422411918639 43.588541030883796 -0.26945737004280085 -0.99896219372749318 0.019553303718566898 -0.89015004038810719 -0.81911277770996083
decision_type=2 2 2 2 2 2 2 2 2 2 2 2 2 2
left_child=2 4 7 -3 -2 6 -6 8 -1 11 -11 -8 -13 -14
right_child=1 3 -4 -5 5 -7 9 -9 -10 10 -12 12 13 -15
leaf_value=-0.054377686875324238 -0.040152341947389328 0.020336956938523304 -0.077630945321968708 0.0073201642746226307 0.012181889872410421 -0.020196560301782789 0.043217223915471725 -0.013395409083498495 -0.013007217057324653 -0.025182234788444613 0.0097866307650793134 0.00097942155439474676 -0.03949844639289464 -0.0082370945448025229
leaf_weight=1038.7740854620934 597.2150651216507 11522.611589789391 824.0932397544384 15734.731146275997 5292.0405157804489 2544.2498242855072 489.6823143362999 9738.0195282697678 850.16841238737106 1397.686737716198 8828.0865004062653 10130.262414634228 1822.0104205608368 10598.882597386837
leaf_count=1509 387 1789 2267 4201 1449 1409 99 6705 520 885 2899 3997 1218 4956
internal_value=-5.26737e-05 0.00378158 -0.0212598 0.0128337 -0.00213867 -0.00156708 -0.000327998 -0.0171379 -0.0360892 -0.00232419 0.00496716 -0.00556167 -0.00665823 -0.0128789
internal_weight=81408.5 68957.5 12451.1 27257.3 41700.1 41102.9 38558.7 11627 1888.94 33266.6 10225.8 23040.8 22551.2 12420.9
internal_count=34290 23289 11001 5990 17299 16912 15503 8734 2029 14054 3784 10270 10171 6174
is_linear=0
shrinkage=0.04


Tree=36
num_leaves=15
num_cat=0
split_feature=7 11 2 3 10 11 10 11 11 6 11 10 9 4
split_gain=3872.3 2228.97 1135.84 952.155 718.965 704.688 560.871 528.531 875.652 826.198 494.725 725.802 595.364 490.599
threshold=8.8837981224060076 0.32990126311779028 0.64583334326744091 44.005208969116218 -0.99904707074165333 0.24766915291547778 0.32279463112354284 -0.96651518344879139 -0.99896219372749318 0.011721253395080568 -0.17842198908329007 -0.99904707074165333 77.375000000000014 80.942707061767592
decision_type=2 2 2 2 2 2 2 2 2 2 2 2 2 2
left_child=1 3 4 5 -2 6 -1 8 -5 -9 -11 -12 -13 -6
right_child=2 -3 -4 7 13 -7 -8 9 -10 10 11 12 -14 -15
leaf_value=-0.04286636465162643 -0.032354919603191347 -0.075808192846959513 0.023727657497143222 -0.030473973644724296 -0.00093240227604552404 0.0015091604864798031 -0.011252033145225186 0.032954997707204531 0.0075395486020376446 -0.013483303145481233 -0.052077852393675184 0.014973494590942974 -0.023544693211830389 0.0089949031164420334
leaf_weight=2638.6426562666893 777.236707508564 780.10571691393852 6153.6249516010284 1089.469312608242 11343.11062681675 1322.824375629425 1383.0671865940094 710.06140667200089 7675.2031161785126 16491.272235095501 344.51411253213882 3057.6471812725067 792.3448543548584 26697.033329963684
leaf_count=3363 486 2211 847 757 4180 582 1069 221 2827 9073 284 1036 443 6911
internal_value=-5.35675e-05 -0.00977181 0.00778852 -0.00827902 0.00525081 -0.0238096 -0.0321037 -0.005513 0.00275576 -0.00889966 -0.0103668 0.00189194 0.00696558 0.00603577
internal_weight=81256.2 36285.2 44971 35505 38817.4 5344.53 4021.71 30160.5 8764.67 21395.8 20685.8 4194.51 3849.99 38040.1
internal_count=34290 21866 12424 19655 11577 5014 4432 14641 3584 11057 10836 1763 1479 11091
is_linear=0
shrinkage=0.04


Tree=37
num_leaves=15
num_cat=0
split_feature=3 11 7 9 2 3 10 10 3 11 10 8 7 4
split_gain=3652.46 2093.18 1418.31 674.004 530.337 438.013 570.931 418.931 406.541 397.204 561.495 620.774 396.276 388.551
threshold=52.536458969116218 0.32990126311779028 20.748281478881839 74.375000000000014 0.81250000000000011 44.005208969116218 -0.9769422411918639 0.15618373081088069 27.341146469116214 -0.99896219372749318 -0.26945737004280085 20.375000000000004 4.690110683441163 76.557292938232436
decision_type=2 2 2 2 2 2 2 2 2 2 2 2 2 2
left_child=1 3 7 12 -4 6 -5 9 -8 13 11 -11 -1 -2
right_child=2 -3 4 5 -6 -7 8 -9 -10 10 -12 -13 -14 -15
leaf_value=-0.014960780414435465 -0.030731394921648714 -0.076279449224995008 0.010260567751048279 -0.057825523447126957 0.02576593343043064 -0.01154726607365263 0.022843457404318968 -0.021885674535912829 -0.023944671665802723 0.00373532076918564 0.010748380435779994 -0.010263823618417061 0.0041314238270469799 0.027457865802363011
leaf_weight=2442.8488559126854 1035.5766642689705 784.92267093062401 18724.35690766573 755.21059042215347 4350.2133002281189 11657.491696119308 313.3671208024025 1289.1631817221642 3035.4076520800591 14114.109542250633 8618.3612778186798 7881.8344967365265 5903.1189684867859 205.95964765548706
leaf_count=1733 705 2282 4288 1230 539 6852 98 654 2741 4996 2601 3392 2130 49
internal_value=-5.43011e-05 -0.0128045 0.00559365 -0.0106763 0.0132036 -0.0155382 -0.0267635 0.000291087 -0.0194568 0.00120172 0.00210681 -0.00128578 -0.00147923 -0.0207961
internal_weight=81111.9 24892.4 56219.6 24107.4 23074.6 15761.5 4103.99 33145 3348.77 31855.8 30614.3 21995.9 8345.97 1241.54
internal_count=34290 17066 17224 14784 4827 10921 4069 12397 2839 11743 10989 8388 3863 754
is_linear=0
shrinkage=0.04


Tree=38
num_leaves=15
num_cat=0
split_feature=3 11 9 3 9 3 9 10 4 10 4 11 11 10
split_gain=3376.83 2033.07 1344.42 639.687 625.659 564.645 460.783 441.738 415.966 649.521 609.836 526.042 396.934 387.257
threshold=52.536458969116218 0.32990126311779028 73.875000000000014 64.526042938232436 74.125000000000014 59.703125000000007 79.125000000000014 -0.92599865794181813 80.484375000000014 -0.9550008475780486 85.567707061767592 1.0000000180025095e-35 -0.17842198908329007 -0.99904707074165333
decision_type=2 2 2 2 2 2 2 2 2 2 2 2 2 2
left_child=1 4 5 8 -1 -2 13 -7 12 10 11 -10 -4 -6
right_child=2 -3 3 -5 6 7 -8 -9 9 -11 -12 -13 -14 -15
leaf_value=0.00064535875691971111 0.0071230153971323209 -0.076071990835547609 -0.007115977251260004 0.014510307327603465 -0.050302268122675783 -0.00020664051083172895 -0.040574392195547586 0.02723237756345016 0.020979890090532284 0.00760669963432289 -0.022059497869527829 -0.020339374224109776 0.012480309337661486 -0.011508973800995071
leaf_weight=6226.9153493642807 6197.0021092891693 756.21477273106575 14378.085519373417 5505.3190025091171 404.45506563782692 1092.7854053974152 975.73108920454979 6626.6024222373962 1395.3136237859726 15756.811380147934 2626.6673762798309 737.6922544836998 1850.0200906395912 16459.123921632767
leaf_count=2726 1481 2282 6259 1221 501 250 960 834 353 4530 1276 406 614 10597
internal_value=-5.43965e-05 -0.0123348 0.00537533 0.00182076 -0.0102705 0.0161488 -0.0140773 0.0233575 -8.73278e-05 0.00369622 -0.00922699 0.00663358 -0.00486937 -0.0124979
internal_weight=80988.7 24822.4 56166.3 42249.9 24066.2 13916.4 17839.3 7719.39 36744.6 20516.5 4759.67 2133.01 16228.1 16863.6
internal_count=34290 17066 17224 14659 14784 2565 12058 1084 13438 6565 2035 759 6873 11098
is_linear=0
shrinkage=0.04


Tree=39
num_leaves=15
num_cat=0
split_feature=3 6 11 10 10 9 11 3 3 10 11 4 9 4
split_gain=3181.75 1783.21 1609.14 566.476 548.68 541.389 507.216 646.418 462.11 492.82 441.288 432.615 421.655 390.348
threshold=47.682291030883796 13.523617267608644 0.32990126311779028 -0.9550008475780486 -0.99904707074165333 73.875000000000014 0.24766915291547778 33.351562500000007 61.057291030883796 -0.99567621946334828 -0.99591398239135731 85.859375000000014 75.875000000000014 81.359375000000014
decision_type=2 2 2 2 2 2 2 2 2 2 2 2 2 2
left_child=2 4 6 -3 -2 -6 7 -1 9 -7 -10 -5 -8 -11
right_child=1 3 -4 11 5 8 12 -9 10 13 -12 -13 -14 -15
leaf_value=-0.060971459276275522 -0.037485840722300851 -0.0044881014584842137 -0.077165093808390095 0.0065742147938118783 0.0095138094552149576 0.013401582140761403 0.020576413127751211 -0.016573339570280135 0.0255735395626757 -0.0098391602169380539 0.0012681188011695965 0.018629987885579583 -0.020285577900797904 -0.00021174659071929443
leaf_weight=543.35063052177429 646.44606775045395 2900.0001893639565 708.6784853041172 7419.0580334663391 6739.9388595819473 2173.1722598075867 1013.6131604909897 8519.9127845168114 1488.9792112112045 18167.559611022472 5758.7472094297409 13437.396038293839 644.06373071670532 10705.550898313522
leaf_count=917 429 1000 2266 1729 1876 672 326 6701 307 9336 1815 2321 378 4217
internal_value=-5.41949e-05 0.00316644 -0.0195914 0.0120502 -0.0014569 -0.000923306 -0.0156491 -0.0193634 -0.0027643 -0.00488727 0.00631808 0.0143519 0.00464758 -0.00627213
internal_weight=80866.5 69436.8 11429.6 23756.5 45680.4 45033.9 10720.9 9063.26 38294 31046.3 7247.73 20856.5 1657.68 28873.1
internal_count=34290 23702 10588 5050 18652 18223 8322 7618 16347 14225 2122 4050 704 13553
is_linear=0
shrinkage=0.04


Tree=40
num_leaves=15
num_cat=0
split_feature=3 11 9 7 9 10 3 10 3 11 6 10 6 8
split_gain=2963.54 2056.34 1118.01 937.49 744.778 631.099 453.233 444.71 362.114 629.647 472.122 425.705 389.49 370.658
threshold=55.213541030883796 0.32990126311779028 73.875000000000014 2.1264553070068364 77.375000000000014 -0.99904707074165333 64.526042938232436 -0.9550008475780486 42.158853530883796 0.24766915291547778 1.0000000180025095e-35 0.24037779867649081 0.18012374639511111 18.375000000000004
decision_type=2 2 2 2 2 2 2 2 2 2 2 2 2 2
left_child=1 3 7 8 5 -5 -4 -2 9 11 -11 -1 13 -10
right_child=2 -3 6 4 -6 -7 -8 -9 12 10 -12 -13 -14 -15
leaf_value=-0.05486993117214789 -0.0025706894396211552 -0.075150659208409701 0.0008971263115706903 -0.044418812458340479 -0.027790476042821512 0.00054447745625630392 0.013452814562348906 0.020248748162895361 -0.028596009555739377 0.020228138642386994 -0.032045078414320728 -0.020099138001244514 -0.018949054198767034 0.0050862595856951843
leaf_weight=1250.3339740633965 1569.3206166028976 710.22375902533531 27887.797910928726 491.76834404468536 1715.5099904835224 20753.419456064701 5489.4998651742935 10333.987193465233 626.03143721818924 624.29009556770325 464.32533764839172 1076.2540405988693 5035.6860365271568 2720.1274727582932
leaf_count=2060 426 2286 9613 437 1175 8352 1221 1602 525 198 313 1041 3550 1491
internal_value=-5.4055e-05 -0.00870973 0.00672673 -0.00730967 -0.00259575 -0.000537098 0.00296896 0.017241 -0.0164645 -0.027429 -0.00224375 -0.0390937 -0.0119423 -0.0013478
internal_weight=80748.6 35468 45280.6 34757.7 22960.7 21245.2 33377.3 11903.3 11797 3415.2 1088.62 2326.59 8381.84 3346.16
internal_count=34290 21428 12862 19142 9964 8789 10834 2028 9178 3612 511 3101 5566 2016
is_linear=0
shrinkage=0.04


Tree=41
num_leaves=15
num_cat=0
split_feature=3 7 11 11 3 11 3 11 11 6 10 9 2 10
split_gain=2764.48 1562.12 1538.71 545.659 477.26 451.905 609.449 438.794 698.913 471.437 476.256 517.805 430.763 412.611
threshold=47.682291030883796 17.993974685668949 0.32990126311779028 1.0000000180025095e-35 58.953125000000007 0.24766915291547778 33.351562500000007 -0.99896219372749318 -0.98485535383224476 0.019553303718566898 -0.89015004038810719 78.375000000000014 0.85416665673255932 -0.76694479584693898
decision_type=2 2 2 2 2 2 2 2 2 2 2 2 2 2
left_child=2 4 5 12 7 6 -1 -2 -9 -10 11 -11 -3 -12
right_child=1 3 -4 -5 -6 -7 -8 8 9 10 13 -13 -14 -15
leaf_value=-0.059415450474035979 -0.03051168602855079 0.009422685140969991 -0.076894963908972172 -0.011495468648047617 0.0044279301242790784 0.0045773367129714046 -0.015480351450962276 0.010645541248651632 0.029525116596881708 0.0024594845879418086 -0.024894335291802322 -0.030466776456292286 0.02377088208884269 -0.0084659534958938
leaf_weight=520.94018876552582 1015.165189743042 22788.15919482708 657.15481507778168 1736.7200588583946 12521.133574485779 1648.6442734003067 8479.166342407465 4376.3961958885193 539.70572674274445 8247.2580761313438 3222.2403877973557 822.03006213903427 3921.5609223842621 10134.66118067503
leaf_count=917 744 5159 2266 809 3937 704 6701 1552 158 3262 1990 518 484 5089
internal_value=-5.52629e-05 0.00293727 -0.0183775 0.0101317 -0.00207169 -0.0146289 -0.0181495 -0.00494267 -0.00397173 -0.00676405 -0.00766291 -0.000585387 0.0115455 -0.0124605
internal_weight=80630.9 69325 11305.9 28446.4 40878.6 10648.8 9000.11 28357.5 27342.3 22965.9 22426.2 9069.29 26709.7 13356.9
internal_count=34290 23702 10588 6452 17250 8322 7618 13313 12569 11017 10859 3780 5643 7079
is_linear=0
shrinkage=0.04


Tree=42
num_leaves=15
num_cat=0
split_feature=3 11 9 7 9 10 3 10 10 4 10 10 10 9
split_gain=2562.7 1918.8 991.003 837.605 707.379 586.042 403.097 399.934 348.496 560.579 474.099 828.719 509.047 535.305
threshold=55.213541030883796 0.32990126311779028 73.875000000000014 2.0009279251098637 77.375000000000014 -0.99904707074165333 64.526042938232436 -0.9550008475780486 0.32279463112354284 25.476562500000004 -0.70910638570785511 -0.76694479584693898 -0.8652246594429015 75.375000000000014
decision_type=2 2 2 2 2 2 2 2 2 2 2 2 2 2
left_child=1 3 7 8 5 -5 -4 -2 10 -10 11 12 13 -1
right_child=2 -3 6 4 -6 -7 -8 -9 9 -11 -12 -13 -14 -15
leaf_value=0.0057407625412533208 -0.0026125221375278428 -0.074660177278699738 0.000761175170529179 -0.043032572839594385 -0.026939057140043687 0.0005593734008504371 0.012611114010385728 0.019035202692977087 -0.049862248127582234 0.0088598398896203873 -0.028546239085258766 0.025177328359947172 -0.046251885242927962 -0.02552166631084055
leaf_weight=1628.352449208498 1568.7766698598862 660.41013270616531 27872.783869087696 485.2962412238121 1725.8230585157871 21017.781813800335 5479.9113190174103 10289.036752223969 287.85350871086121 1657.1407204866409 4342.6828730404377 848.17009323835373 792.81518298387527 1862.3732394576073
leaf_count=993 426 2286 9613 438 1199 8518 1221 1602 374 959 3742 347 822 1750
internal_value=-5.55653e-05 -0.00812796 0.00624966 -0.00681749 -0.00245203 -0.000463513 0.00271453 0.0161717 -0.0156777 -0.000249909 -0.0188377 -0.010543 -0.0177 -0.0109888
internal_weight=80519.2 35308.7 45210.5 34648.3 23228.9 21503.1 33352.7 11857.8 11419.4 1944.99 9474.39 5131.71 4283.54 3490.73
internal_count=34290 21428 12862 19142 10155 8956 10834 2028 8987 1333 7654 3912 3565 2743
is_linear=0
shrinkage=0.04


Tree=43
num_leaves=15
num_cat=0
split_feature=3 11 6 10 10 11 10 6 10 10 10 9 10 10
split_gain=2428.56 1462.83 1357.57 490.808 489.748 468.443 726.854 580.802 744.655 862.341 747.343 474.032 481.837 449.618
threshold=47.682291030883796 0.32990126311779028 13.523617267608644 -0.99904707074165333 0.15618373081088069 -0.99896219372749318 -0.26945737004280085 0.019553303718566898 -0.89015004038810719 -0.92599865794181813 -0.81911277770996083 77.125000000000014 -0.9769422411918639 -0.96628439426422108
decision_type=2 2 2 2 2 2 2 2 2 2 2 2 2 2
left_child=1 -1 3 -2 5 -5 7 -7 9 11 -10 12 -9 -4
right_child=2 -3 13 4 -6 6 -8 8 10 -11 -12 -13 -14 -15
leaf_value=-0.013767638345062033 -0.035674286728414252 -0.076597991810598315 -0.0046222464991630937 -0.021123206358199059 -0.01713575749484365 0.040127902525134138 0.010111081744466996 0.011463313963086206 -0.029200721403405742 0.023112370265907952 -0.0050434235761938383 -0.014007870207382709 -0.0092629290368911026 0.012517996036356978
leaf_weight=10592.592768996954 634.88956809043884 609.67377734184265 2763.172519505024 1556.101674079895 2734.333831012249 493.00430792570114 10575.760712742805 5040.6349081993103 2409.8084009885788 2929.1048138141632 13163.247909605503 3253.75225263834 2762.6921743750572 20886.093486666679
leaf_count=8322 429 2266 957 971 1511 106 3318 1605 1473 659 5792 1564 1224 4093
internal_value=-5.64382e-05 -0.0173175 0.00274192 -0.00129538 -0.0007938 0.000273089 0.00110258 -0.00207224 -0.00280273 0.00389387 -0.00881423 -0.00122979 0.00412047 0.0105131
internal_weight=80404.9 11202.3 69202.6 45553.3 44918.4 42184.1 40628 30052.2 29559.2 13986.2 15573.1 11057.1 7803.33 23649.3
internal_count=34290 10588 23702 18652 18223 16712 15741 12423 12317 5052 7265 4393 2829 5050
is_linear=0
shrinkage=0.04


Tree=44
num_leaves=15
num_cat=0
split_feature=3 3 10 9 11 4 11 10 10 9 10 11 11 5
split_gain=2275.16 1602.77 876.225 850.631 816.933 720.504 894.413 613.753 585.893 544.27 464.326 438.81 858.588 419.573
threshold=38.533853530883796 58.494791030883796 -0.99904707074165333 74.125000000000014 0.32990126311779028 88.656250000000014 -0.17842198908329007 -0.9550008475780486 -0.96628439426422108 78.375000000000014 -0.9550008475780486 -0.98485535383224476 -0.99591398239135731 75.250000000000014
decision_type=2 2 2 2 2 2 2 2 2 2 2 2 2 2
left_child=4 2 -2 10 8 6 11 -7 -1 13 -3 12 -4 -8
right_child=1 3 5 -5 -6 7 9 -9 -10 -11 -12 -13 -14 -15
leaf_value=-0.058403907692463064 -0.043123624687015374 -0.0085187839825546854 -0.018262116963448084 0.0039776969320907945 -0.076642662292248448 -0.01260897712911018 0.047656229619390873 0.014232827850117159 -0.013265581220664764 -0.028187915429140245 0.021282800283632209 -0.010885069991277514 0.013319274251687567 0.0073856322596900581
leaf_weight=577.76278164982796 856.02756109833717 917.84995114803314 2191.5377662181854 22413.242799580097 548.82638528943062 1736.4974083900452 421.42182552814484 6101.7331680655479 2082.6876261234283 637.44856533408165 8419.7358671426773 22801.395420670509 3631.7611541152 6951.5952128469944
leaf_count=1090 785 261 1268 6565 2174 756 93 1454 1623 428 1181 12676 1251 2685
internal_value=-5.60265e-05 0.00132168 -0.00350528 0.00821082 -0.032949 -0.00272366 -0.00507888 0.00826928 -0.0234308 0.00672365 0.0183415 -0.00838414 0.00141212 0.00981009
internal_weight=80289.5 77080.2 45329.4 31750.8 3209.28 44473.4 36635.2 7838.23 2660.45 8010.47 9337.59 28624.7 5823.3 7373.02
internal_count=34290 29403 21396 8007 4887 20611 18401 2210 2713 3206 1442 15195 2519 2778
is_linear=0
shrinkage=0.04


Tree=45
num_leaves=15
num_cat=0
split_feature=3 6 11 10 10 3 11 4 5 10 9 11 4 0
split_gain=2125.75 1494.79 811.502 706.771 563.1 508.015 499.097 639.976 489.545 440.711 410.043 407.249 413.746 350.517
threshold=38.533853530883796 13.523617267608644 0.32990126311779028 -0.99904707074165333 -0.96628439426422108 58.307291030883796 -0.17842198908329007 83.484375000000014 74.750000000000014 -0.81911277770996083 78.625000000000014 -0.26220933347940439 85.859375000000014 1.8756151199340823
decision_type=2 2 2 2 2 2 2 2 2 2 2 2 2 2
left_child=2 3 4 -2 -1 6 7 9 -8 -5 -10 12 -3 -11
right_child=1 11 -4 5 -6 -7 8 -9 10 13 -12 -13 -14 -15
leaf_value=-0.057370091629345144 -0.037275565192033316 0.003976373047621275 -0.076495168675563469 -0.023468670674621956 -0.012754042651301756 0.0041068893907252818 0.046715218762307491 0.0031821345641888038 0.0049840347320025532 -0.012324686351604322 -0.030243449501064456 -0.0042353288589192049 0.015729047465697362 -0.00080679687997260209
leaf_weight=565.26372668147087 897.36916625499725 7465.2463042736053 528.34090211987495 3449.2304770052433 2080.420779556036 15882.068744421005 398.29703202843666 7477.9257225394249 6640.6014573276043 10892.881977409124 554.34375333786011 2980.9555993378162 13453.700625181198 6905.6005277037621
leaf_count=1090 778 1766 2174 2351 1623 4962 91 2833 2678 7204 383 1052 2357 2948
internal_value=-5.6023e-05 0.00127007 -0.032032 -0.00246928 -0.0226454 -0.00185689 -0.00446565 -0.00687562 0.00464551 -0.010415 0.00219358 0.00957289 0.0115427 -0.0078618
internal_weight=80172.2 76998.2 3174.03 53098.3 2645.68 52200.9 36318.9 28725.6 7593.24 21247.7 7194.95 23899.9 20918.9 17798.5
internal_count=34290 29403 4887 24228 2713 23450 18488 15336 3152 12503 3061 5175 4123 10152
is_linear=0
shrinkage=0.04


Tree=46
num_leaves=15
num_cat=0
split_feature=11 3 10 0 9 8 11 11 10 11 9 4 10 8
split_gain=2030.01 1672.39 824.853 795.005 778.331 559.084 438.91 444.43 416.181 368.001 547.056 354.158 366.927 434.299
threshold=0.32990126311779028 58.494791030883796 -0.99904707074165333 1.3760805130004885 74.125000000000014 19.625000000000004 -0.99591398239135731 -0.98485535383224476 -0.9550008475780486 -0.92591995000839222 74.375000000000014 27.471353530883793 0.32279463112354284 18.375000000000004
decision_type=2 2 2 2 2 2 2 2 2 2 2 2 2 2
left_child=1 2 -1 11 8 6 -5 -8 -3 10 -9 -4 -13 -14
right_child=-2 4 3 5 -6 -7 7 9 -10 -11 -12 12 13 -15
leaf_value=-0.041149858326959395 -0.073689336980441875 -0.0081164945039889618 -0.046586449448269514 -0.020795795543080999 0.0035700980534679166 -0.0089512376829240202 0.020674901956621094 0.0034804580595736538 0.020123024806489056 0.0052838465442314334 -0.03180180573166904 -0.011619981392819794 -0.031832239698656027 0.014447812285580803
leaf_weight=929.18646755814552 574.61630290746689 916.38475716114044 400.99897193908691 1092.6849693655968 22403.720720469952 7462.4186750352383 2521.1098666787148 1820.49293166399 8384.7180098295212 15566.055405259132 1122.0943299531937 14742.902672261 377.20174944400787 1760.9781956076622
leaf_count=942 2286 261 531 501 6565 3660 601 507 1181 5262 646 10115 325 907
internal_value=-5.62109e-05 0.000494393 -0.00423013 -0.00348092 0.00761495 0.000501963 0.00369595 0.00498707 0.0173293 0.00283018 -0.0100976 -0.0102918 -0.00937557 0.0060641
internal_weight=80075.6 79500.9 47796.1 46866.9 31704.8 29584.9 22122.4 21029.8 9301.1 18508.6 2942.59 17282.1 16881.1 2138.18
internal_count=34290 32004 23997 23055 8007 11177 7517 7016 1442 6415 1153 11878 11347 1232
is_linear=0
shrinkage=0.04


Tree=47
num_leaves=15
num_cat=0
split_feature=11 4 10 11 11 4 10 11 10 3 4 10 10 0
split_gain=1942.92 1556.72 996.687 850.44 1082.48 483.303 823.555 442.843 421.152 346.963 336.492 327.251 347.585 447.439
threshold=0.32990126311779028 81.234375000000014 -0.9550008475780486 -0.99157634377479542 -0.99896219372749318 88.656250000000014 -0.43016152083873743 -0.95491972565650929 -0.89015004038810719 60.432291030883796 85.052082061767592 -0.99904707074165333 -0.98462021350860585 1.0000000180025095e-35
decision_type=2 2 2 2 2 2 2 2 2 2 2 2 2 2
left_child=1 3 10 4 -1 6 8 -5 -4 -6 -3 -9 -13 -14
right_child=-2 2 5 7 9 -7 -8 11 -10 -11 -12 12 13 -15
leaf_value=-0.022735574722508641 -0.073331482891144328 0.0046548668217867911 0.0064018563961384381 -0.018808322358586899 0.0072740580860284655 0.014021650805678354 0.012741754115384935 -0.033884114260126705 -0.012445342384197613 0.027493733216696636 -0.011741333587659898 0.0059030616808717186 0.0048728920069929871 -0.0101859503600597
leaf_weight=1568.6683794856071 554.8215743303299 3045.6752525269985 3106.5476863384247 5329.7405849099159 3879.401581466198 15981.733179807663 8725.8917215466499 642.14298695325851 4813.0051552951336 2087.2623198032379 5778.5120874047279 3701.3343686461449 3868.7004874050617 16893.795026481152
leaf_count=993 2286 1194 889 2978 1480 3373 1999 684 1999 390 2507 1662 2469 9387
internal_value=-5.6616e-05 0.000473593 0.00583207 -0.00537602 0.00664189 0.00905671 0.00427863 -0.00835385 -0.00505478 0.0144155 -0.00608444 -0.00612126 -0.00536544 -0.00737803
internal_weight=79977.2 79422.4 41451.4 37971 7535.33 32627.2 16645.4 30435.7 7919.55 5966.66 8824.19 25106 24463.8 20762.5
internal_count=34290 32004 11961 20043 2863 8260 4887 17180 2888 1870 3701 14202 13518 11856
is_linear=0
shrinkage=0.04


Tree=48
num_leaves=15
num_cat=0
split_feature=11 3 10 0 9 8 11 11 10 11 9 11 3 10
split_gain=1859.18 1466 743.38 716.867 707.138 502.11 407.742 394.661 367.247 343.698 489.766 341.027 646.984 469.555
threshold=0.32990126311779028 58.494791030883796 -0.99904707074165333 1.3760805130004885 74.125000000000014 19.625000000000004 -0.99591398239135731 -0.98485535383224476 -0.9550008475780486 -0.92591995000839222 74.375000000000014 0.24766915291547778 33.351562500000007 -0.98462021350860585
decision_type=2 2 2 2 2 2 2 2 2 2 2 2 2 2
left_child=1 2 -1 11 8 6 -5 -8 -3 10 -9 12 -4 -14
right_child=-2 4 3 5 -6 -7 7 9 -10 -11 -12 -13 13 -15
leaf_value=-0.039307692710454312 -0.072954101475183539 -0.007504183532219412 -0.056758658694924434 -0.020090814584411112 0.003274024598060254 -0.0084481356419469512 0.019604032240452044 0.0030680558323183198 0.019042230699157753 0.0051280571927908407 -0.030406473421929193 0.0083492696085296879 0.014403660037603128 -0.012020304761251465
leaf_weight=914.16816779971123 535.87081252038479 915.47822940349579 470.24621039628983 1089.8461735248566 22376.510185599327 7451.2231079041958 2511.7035329341888 1818.610952436924 8349.9352324008942 15558.339461416006 1112.9975770711899 1506.8809769749641 1148.0117293000221 14115.403253883123
leaf_count=942 2286 261 898 501 6565 3660 601 507 1181 5262 646 624 470 9886
internal_value=-5.57803e-05 0.000454848 -0.00397323 -0.00326628 0.00712809 0.00051731 0.00354616 0.00479071 0.0164088 0.00275944 -0.00976061 -0.00974278 -0.0114839 -0.0100166
internal_weight=79875.2 79339.4 47697.4 46783.3 31641.9 29542.7 22091.5 21001.7 9265.41 18489.9 2931.61 17240.5 15733.7 15263.4
internal_count=34290 32004 23997 23055 8007 11177 7517 7016 1442 6415 1153 11878 11254 10356
is_linear=0
shrinkage=0.04


Tree=49
num_leaves=15
num_cat=0
split_feature=11 3 9 9 10 7 8 10 10 10 10 9 10 11
split_gain=1778.54 1373.39 664.56 624.294 504.127 495.297 404.384 373.304 574.488 606.203 518.33 347.136 373.394 293.709
threshold=0.32990126311779028 55.213541030883796 73.875000000000014 78.875000000000014 -0.99904707074165333 2.0009279251098637 19.125000000000004 0.32279463112354284 -0.70910638570785511 -0.76694479584693898 -0.9550008475780486 75.375000000000014 -0.9769422411918639 -0.94102901220321644
decision_type=2 2 2 2 2 2 2 2 2 2 2 2 2 2
left_child=1 3 13 4 -1 6 -6 8 9 10 11 -8 -13 -3
right_child=-2 2 -4 -5 5 -7 7 -9 -10 -11 -12 12 -14 -15
leaf_value=-0.039477588857812634 -0.072556387844307721 0.019755926595476273 0.0021439927058754678 -0.029767450339249719 -0.019771211785265076 -0.00028732859853530535 0.026809395593212305 0.016601387176165078 -0.025401496041750456 0.039498707516864885 -0.039546826301832906 -0.058666327350127542 0.0034235933644941297 0.0070584546782308322
leaf_weight=622.2247326374054 517.73254878818989 5662.7726145982742 33227.119480490685 1608.1102216541767 4566.571018576622 21910.232306450605 654.91213250160217 1131.1825368404388 1913.2184835672379 559.6104611158371 542.4822706580162 185.18492409586906 625.23388803005219 6055.935350894928
leaf_count=703 2286 798 10834 1458 3883 9169 269 630 1655 152 545 376 302 1230
internal_value=-5.59005e-05 0.000435833 0.00503575 -0.00558787 -0.00438171 -0.00367701 -0.0109588 -0.00374308 -0.00893019 0.00344553 -0.00689355 0.00556479 -0.0118355 0.0132174
internal_weight=79782.5 79264.8 44945.8 34319 32710.9 32088.6 10178.4 5611.82 4480.64 2567.42 2007.81 1465.33 810.419 11718.7
internal_count=34290 32004 12862 19142 17684 16981 7812 3929 3299 1644 1492 947 678 2028
is_linear=0
shrinkage=0.04


Tree=50
num_leaves=15
num_cat=0
split_feature=11 6 3 9 2 10 10 11 10 8 11 0 8 11
split_gain=1700.95 1302.05 591.852 364.121 354.014 300.783 296.947 270.317 410.484 500.07 468.373 344.956 335.426 315.618
threshold=0.32990126311779028 11.467945575714113 51.994791030883796 79.125000000000014 0.85416665673255932 0.15618373081088069 -0.99904707074165333 -0.99896219372749318 -0.26945737004280085 20.375000000000004 0.24766915291547778 1.0000000180025095e-35 21.125000000000004 0.24766915291547778
decision_type=2 2 2 2 2 2 2 2 2 2 2 2 2 2
left_child=1 2 3 6 -3 7 -1 12 9 11 -11 -9 -4 -13
right_child=-2 4 5 -5 -6 -7 -8 8 -10 10 -12 13 -14 -15
leaf_value=-0.041395890525079325 -0.072137544316199426 0.0056312651298079195 -0.029327516706601844 -0.033902299820269516 0.018714345506318193 -0.018044140515971249 -0.0068262650029036675 0.042498738158098556 0.0090106125476080295 -0.012463307015751539 0.032055082950973882 0.0029821568067785547 0.017281938113300869 -0.036552074364846719
leaf_weight=387.34020894765854 500.37655104696751 23472.607908070087 923.75784838199615 862.78114777803421 3840.6009089946747 1388.3491994142532 18401.861147552729 325.60240459442139 8550.3906978964806 6728.223596394062 381.69549512863159 13300.563957214355 319.6110697388649 311.18531632423401
leaf_count=539 2286 5694 667 919 484 725 11840 60 2640 3149 92 4905 113 177
internal_value=-5.59436e-05 0.000417589 -0.00330362 -0.008771 0.00748327 3.35029e-05 -0.00758218 0.000858458 0.00163085 -0.00137287 -0.00999013 0.0030311 -0.0172625 0.00202604
internal_weight=79694.9 79194.6 51881.4 19652 27313.2 32229.4 18789.2 30841 29597.7 21047.3 7109.92 13937.4 1243.37 13611.7
internal_count=34290 32004 25826 13298 6178 12528 12379 11803 11023 8383 3241 5142 780 5082
is_linear=0
shrinkage=0.04


Tree=51
num_leaves=15
num_cat=0
split_feature=11 4 10 11 11 4 10 11 4 3 4 0 10 8
split_gain=1626.29 1235.2 833.05 741.679 943.791 442.048 708.036 421.503 313.318 301.058 296.061 336.965 832.554 618.779
threshold=0.32990126311779028 81.234375000000014 -0.9550008475780486 -0.99157634377479542 -0.99896219372749318 88.656250000000014 -0.35110740363597864 -0.95491972565650929 85.052082061767592 60.432291030883796 25.476562500000004 1.0000000180025095e-35 -0.96628439426422108 18.125000000000004
decision_type=2 2 2 2 2 2 2 2 2 2 2 2 2 2
left_child=1 3 8 4 -1 6 -4 -5 -3 -6 -9 12 -12 -14
right_child=-2 2 5 7 9 -7 -8 10 -10 -11 11 -13 13 -15
leaf_value=-0.021134663588069605 -0.071696786103686488 0.0046464171720666195 -0.0039799095222055585 -0.017837356821027921 0.0070369605228934352 0.012886694723606913 0.012594158890252092 -0.045443897752813642 -0.011187189813639144 0.025926044842310911 -0.031358019817580324 -0.0069988982988351987 -0.04857671755667968 0.019347548895761998
leaf_weight=1555.7493236064911 483.7737188488245 3040.8348467648029 9056.8279684484005 5302.5348652005196 3875.0045424699783 15934.259481489658 7540.9023734927177 272.70062816143036 5769.1385282278061 2070.8040297031403 763.46467682719231 20734.843795269728 212.02013468742371 3007.9975073933601
leaf_count=993 2286 1194 3194 2978 1480 3373 1693 376 2507 390 1139 11153 236 1298
internal_value=-5.53707e-05 0.000400586 0.00517755 -0.00482464 0.00642318 0.00813148 0.00355634 -0.00761233 -0.00572394 0.0136805 -0.00543028 -0.00495245 0.00568147 0.0146029
internal_weight=79620.9 79137.1 41342 37795.1 7501.56 32532 16597.7 30293.6 8809.97 5945.81 24991 24718.3 3983.48 3220.02
internal_count=34290 32004 11961 20043 2863 8260 4887 17180 3701 1870 14202 13826 2673 1534
is_linear=0
shrinkage=0.04


Tree=52
num_leaves=15
num_cat=0
split_feature=3 3 11 10 4 11 10 9 5 9 6 11 9 10
split_gain=1566.01 968.924 685.774 646.14 507.785 660.548 493.686 476.465 386.776 358.228 335.697 745.78 593.951 348.34
threshold=38.533853530883796 60.328125000000007 0.32990126311779028 -0.99904707074165333 81.234375000000014 -0.17842198908329007 -0.96628439426422108 73.875000000000014 74.750000000000014 73.625000000000014 0.0273585319519043 -0.94102901220321644 76.125000000000014 0.40282487869262701
decision_type=2 2 2 2 2 2 2 2 2 2 2 2 2 2
left_child=2 3 6 -2 5 9 -1 -3 -7 -5 11 -11 -13 -12
right_child=1 7 -4 4 -6 8 -8 -9 -10 10 13 12 -14 -15
leaf_value=-0.054137703936450975 -0.033765525634631678 0.016763681636452522 -0.075310482234472675 0.0074737962321480547 0.0030110671904578674 0.045577459962588503 -0.0112380805576526 0.0041863782726860163 0.0049923205529661613 -0.032465885296939626 -0.011954948425636956 -0.025215756506677196 0.041530608676473707 0.012572109802249541
leaf_weight=528.53353706002235 981.40168076753616 6758.5342872142792 409.87783291935921 2235.6431532502174 23595.246668040752 390.55731603503227 2051.2675066590309 16745.378444671631 4526.6524367630482 486.96020546555519 18721.443233728409 265.61620792746544 870.23089987039566 958.90081751346588
leaf_count=1090 880 946 2174 756 7835 91 1623 4562 1943 516 10975 247 228 424
internal_value=-5.53213e-05 0.00105735 -0.0283578 -0.00193906 -0.00132625 -0.00492227 -0.020376 0.00781415 0.00838743 -0.0077074 -0.00930609 0.00810253 0.0257558 -0.0107483
internal_weight=79526.2 76536.6 2989.68 53032.7 52051.3 28456 2579.8 23503.9 4917.21 23538.8 21303.2 1622.81 1135.85 19680.3
internal_count=34290 29403 4887 23895 23015 15180 2713 5508 2034 13146 12390 991 475 11399
is_linear=0
shrinkage=0.04


Tree=53
num_leaves=15
num_cat=0
split_feature=11 3 9 9 10 7 8 10 10 10 10 9 10 3
split_gain=1494.35 1083.78 539.075 529.794 418.122 419.046 363.712 335.302 507.809 546.821 481.181 312.563 340.658 268.354
threshold=0.32990126311779028 55.213541030883796 78.875000000000014 73.875000000000014 -0.99904707074165333 2.0009279251098637 19.125000000000004 0.32279463112354284 -0.70910638570785511 -0.76694479584693898 -0.9550008475780486 75.375000000000014 -0.9769422411918639 33.351562500000007
decision_type=2 2 2 2 2 2 2 2 2 2 2 2 2 2
left_child=1 2 4 -3 -1 6 13 8 9 10 11 -8 -13 -6
right_child=-2 3 -4 -5 5 -7 7 -9 -10 -11 -12 12 -14 -15
leaf_value=-0.036269042012718543 -0.07093645706421714 0.011782902917799969 -0.027654678914234294 0.0018769511481354626 -0.065903285934741318 -0.00013272170092165018 0.026039899233128754 0.016213137907455665 -0.02360153380819539 0.038154296375513916 -0.03791457103723303 -0.057009224435762756 0.0034745450232553832 -0.016284391837171362
leaf_weight=605.66219142079353 453.05315195024014 11666.048259973526 1581.8267460167408 33163.448053598404 164.58078873157501 21884.381365299225 649.86139243841171 1125.3684562444687 1896.1666270494461 551.38324368000031 534.55305856466293 174.82984015345573 624.70589464902878 4364.3406323492527
leaf_count=703 2286 2028 1458 10834 295 9169 269 630 1655 152 545 376 302 3588
internal_value=-5.46044e-05 0.000369813 -0.00499629 0.0044589 -0.00387974 -0.00324385 -0.00998082 -0.00310269 -0.0080587 0.00365947 -0.00621251 0.00583646 -0.0108196 -0.0183694
internal_weight=79440.2 78987.2 34157.7 44829.5 32575.8 31970.2 10085.8 5556.87 4431.5 2535.33 1983.95 1449.4 799.536 4528.92
internal_count=34290 32004 19142 12862 17684 16981 7812 3929 3299 1644 1492 947 678 3883
is_linear=0
shrinkage=0.04


Tree=54
num_leaves=15
num_cat=0
split_feature=11 7 3 10 2 11 1 8 11 10 10 9 10 6
split_gain=1427.59 1024.79 454.105 459.263 363.879 348.658 475.516 468.966 452.628 411.262 458.873 581.413 377.182 375.516
threshold=0.32990126311779028 12.506818771362306 40.369791030883796 -0.96628439426422108 0.81250000000000011 -0.96651518344879139 0.052142143249511726 18.125000000000004 -0.99896219372749318 -0.89015004038810719 -0.92599865794181813 76.875000000000014 -0.81911277770996083 2.5168240070343022
decision_type=2 2 2 2 2 2 2 2 2 2 2 2 2 2
left_child=1 2 3 -1 -3 8 7 -7 -4 10 11 -8 -11 -14
right_child=-2 4 5 -5 -6 6 9 -9 -10 12 -12 -13 13 -15
leaf_value=-0.047702292510945529 -0.070436257329361429 0.0037599606825425304 -0.018968275109679238 -0.010444212690913597 0.016202433103795842 -0.039312141909123112 0.0030921434811732765 0.017454242694469404 0.0065324261650958103 -0.025772410216658118 0.020806271610246709 -0.019596474618577792 -0.013658654206438144 -9.3362979398468174e-05
leaf_weight=659.74951428174973 438.45758746564388 32929.852819979191 1246.4434656500816 2476.2595137059689 4229.5930261611938 240.82203641533852 5945.6041265726089 2226.0670028328896 9237.5437462627888 2256.2192503809929 1394.4138126969337 2573.5842960774899 8005.9477077722549 5504.7178614735603
leaf_count=1308 2286 9023 850 2051 546 259 2572 1079 3448 1593 357 1468 5169 2281
internal_value=-5.53799e-05 0.000353348 -0.00394493 -0.0185351 0.00518415 -0.00275155 -0.00506981 0.011641 0.0034703 -0.00668287 -0.000296964 -0.00379177 -0.0106926 -0.00813999
internal_weight=79365.3 78926.8 41767.4 3136.01 37159.4 38631.4 28147.4 2466.89 10484 25680.5 9913.6 8519.19 15766.9 13510.7
internal_count=34290 32004 22435 3359 9569 19076 14778 1338 4298 13440 4397 4040 9043 7450
is_linear=0
shrinkage=0.04


Tree=55
num_leaves=15
num_cat=0
split_feature=11 3 10 4 9 4 7 11 10 8 11 10 10 6
split_gain=1363.37 967.086 586.207 554.138 396.646 361.326 331.108 329.681 313.856 367.108 380.982 345.895 297.946 441.142
threshold=0.32990126311779028 60.328125000000007 -0.99904707074165333 81.234375000000014 73.875000000000014 29.860676765441898 79.406692504882827 -0.96651518344879139 -0.98462021350860585 20.125000000000004 0.078333009034395232 0.40282487869262701 -0.96628439426422108 0.0273585319519043
decision_type=2 2 2 2 2 2 2 2 2 2 2 2 2 2
left_child=1 2 -1 5 -3 -4 7 -5 9 10 -7 12 -10 -14
right_child=-2 4 3 6 -6 8 -8 -9 11 -11 -12 -13 13 -15
leaf_value=-0.031825961701062541 -0.069911638747727642 0.01532616990863722 -0.038500367217087418 0.012868328440743098 0.0038333643118328622 0.019964045264858118 -0.030461969420121242 0.00092947720137079651 -0.029756156527531209 -0.021059760570584143 -0.013310262748047917 0.012078819903056748 0.0097916842551410161 -0.0084661915156239755
leaf_weight=1052.8624192178249 424.51075583696365 6731.309947013855 502.65397456288338 4600.3990884423256 16737.580484211445 2268.0041957497597 454.24561655521393 18611.405749648809 913.57888641953468 635.86683422327042 709.51204359531403 1503.9951043128967 2328.0377026200294 21816.017454326153
leaf_count=1037 2286 946 667 1079 4562 662 153 6710 1085 477 508 745 1298 12075
internal_value=-5.54679e-05 0.000338178 -0.00254495 -0.00196615 0.00713996 -0.00551232 0.00263141 0.00330471 -0.00493767 0.00609774 0.0119992 -0.00644236 -0.00756277 -0.00669907
internal_weight=79290 78865.5 55396.6 54343.7 23468.9 30677.7 23666.1 23211.8 30175 3613.38 2977.52 26561.6 25057.6 24144.1
internal_count=34290 32004 26496 25459 5508 17517 7942 7789 16850 1647 1170 15203 14458 13373
is_linear=0
shrinkage=0.04


Tree=56
num_leaves=15
num_cat=0
split_feature=11 6 10 3 10 3 10 4 4 9 10 4 10 1
split_gain=1301.57 913.011 535.947 452.151 517.544 336.742 325.627 311.381 289.902 243.502 403.923 385.934 342.03 527.167
threshold=0.32990126311779028 16.568032264709476 -0.99904707074165333 51.473958969116218 -0.99567621946334828 65.973957061767592 -0.96628439426422108 27.471353530883793 85.859375000000014 74.125000000000014 -0.96628439426422108 88.656250000000014 -0.43016152083873743 0.031220912933349613
decision_type=2 2 2 2 2 2 2 2 2 2 2 2 2 2
left_child=1 2 -1 7 -5 9 -3 -4 -8 -6 -11 12 13 -12
right_child=-2 6 3 4 5 -7 8 -9 -10 10 11 -13 -14 -15
leaf_value=-0.030865789841433615 -0.069361977312246664 -0.0074045476308523305 -0.041639891804712281 0.018585983124035012 0.0059148852926072309 0.022595883222006747 0.0024437302058966481 -0.0060293862148232307 0.013367687090125811 -0.016731778735524231 0.027460758684131087 0.01004929578355405 0.00080129385432489914 -0.011761422374753477
leaf_weight=1000.5462476313114 411.18859252333641 1985.0358977913857 382.38831952214241 2426.0156881213188 6617.1904355883598 972.03505957126617 5910.8354259729385 18017.284417450428 11391.202494978905 2883.3281841278076 568.02759647369385 4223.869525372982 14092.69329482317 8339.3487117886543
leaf_count=986 2286 706 538 618 1725 174 1357 11690 1946 1478 165 1122 5472 4027
internal_value=-5.5335e-05 0.000323777 -0.0021273 -0.00162558 0.000755908 -0.000400821 0.00788252 -0.00681386 0.0096429 -0.00102147 -0.00254891 -0.0010356 -0.00307826 -0.00920429
internal_weight=79221 78809.8 59522.7 58522.2 40122.5 37696.5 19287.1 18399.7 17302 36724.5 30107.3 27223.9 23000.1 8907.38
internal_count=34290 32004 27995 27009 14781 14163 4009 12228 3303 13989 12264 10786 9664 4192
is_linear=0
shrinkage=0.04


Tree=57
num_leaves=15
num_cat=0
split_feature=11 3 9 9 10 7 8 10 10 10 10 9 10 3
split_gain=1242.13 847.108 470.313 410.676 344.185 345.224 335.699 314.888 473.627 489.386 447.204 287.005 360.164 260.874
threshold=0.32990126311779028 55.213541030883796 78.875000000000014 73.875000000000014 -0.99904707074165333 2.0009279251098637 19.125000000000004 0.32279463112354284 -0.70910638570785511 -0.76694479584693898 -0.9550008475780486 75.625000000000014 -0.9769422411918639 33.351562500000007
decision_type=2 2 2 2 2 2 2 2 2 2 2 2 2 2
left_child=1 2 4 -3 -1 6 13 8 9 10 11 -8 -13 -6
right_child=-2 3 -4 -5 5 -7 7 -9 -10 -11 -12 12 -14 -15
leaf_value=-0.033121235669048663 -0.068786703389581927 0.010388946805238561 -0.025762382602916519 0.0016543404835709431 -0.065030304722253046 -1.315861087834977e-05 0.023798053802769892 0.016390094219957373 -0.022224405544913627 0.037007473699459274 -0.03597336873835285 -0.065714632334963025 0.0029675756598451447 -0.015046148218196418
leaf_weight=592.06583404541016 398.46777227520943 11625.600986242294 1559.5236895680428 33108.38651227951 156.23260125517845 21857.003223419189 727.47094789147377 1121.6050978302956 1884.6542277336121 545.37094789743423 527.34302189946175 134.57027322053909 575.23830413818359 4339.9395583570004
leaf_count=703 2286 2028 1458 10834 295 9169 321 630 1655 152 545 342 284 3588
internal_value=-5.42547e-05 0.000310879 -0.00444469 0.00392794 -0.0034053 -0.00283282 -0.00897581 -0.00234606 -0.0071805 0.00420176 -0.00518614 0.00644848 -0.0114977 -0.0170633
internal_weight=79153.5 78755 34021 44734 32461.5 31869.4 10012.4 5516.25 4394.65 2509.99 1964.62 1437.28 709.809 4496.17
internal_count=34290 32004 19142 12862 17684 16981 7812 3929 3299 1644 1492 947 626 3883
is_linear=0
shrinkage=0.04


Tree=58
num_leaves=15
num_cat=0
split_feature=11 6 10 3 10 10 10 10 5 8 9 0 10 10
split_gain=1184.87 804.416 480.672 419.665 449.582 380.837 1032.15 543.361 509.947 469.902 382.012 616.043 451.536 307.883
threshold=0.32990126311779028 16.568032264709476 -0.99904707074165333 38.533853530883796 -0.96628439426422108 -0.89015004038810719 -0.81911277770996083 -0.92599865794181813 75.250000000000014 18.875000000000004 77.625000000000014 1.688504219055176 -0.43016152083873743 -0.99567621946334828
decision_type=2 2 2 2 2 2 2 2 2 2 2 2 2 2
left_child=1 2 -1 4 -4 7 9 8 -5 -7 11 12 -8 -10
right_child=-2 -3 3 5 -6 6 10 -9 13 -11 -12 -13 -14 -15
leaf_value=-0.029352472610525843 -0.068185316153664979 0.0073950897239432002 -0.054980505055163595 0.043870696137381489 -0.0097394120348073352 -0.0077316183128615622 -0.023279345873287994 0.018207240761303405 0.010251157274058701 -0.038359364693419835 0.0050546289446075955 0.0015327561738248693 -0.0053590607384534205 -0.0040279564394723397
leaf_weight=990.9867781996727 386.32585503160954 19266.574998736382 408.74141299724579 401.95846310257912 2026.9642604589462 1474.3682544827461 3390.2034823596478 3461.5643074512482 3109.4289104640484 1769.2371135652065 11161.694348394871 13999.383677661419 6661.4788700938225 10579.548111051321
leaf_count=986 2286 4009 933 92 1623 830 2786 782 1006 1294 4177 4986 3799 4701
internal_value=-5.49891e-05 0.000296681 -0.00200605 -0.00153248 -0.0177174 -0.000822558 -0.00305055 0.00405674 0.000559662 -0.0245703 -0.00105544 -0.00389287 -0.0114374 -0.000774255
internal_weight=79088.5 78702.1 59435.6 58444.6 2435.71 56008.9 38456.4 17552.5 14090.9 3243.61 35212.8 24051.1 10051.7 13689
internal_count=34290 32004 27995 27009 2556 24453 17872 6581 5799 2124 15748 11571 6585 5707
is_linear=0
shrinkage=0.04


Tree=59
num_leaves=15
num_cat=0
split_feature=11 3 4 11 9 9 10 4 11 4 9 11 3 10
split_gain=1129.81 755.438 454.357 339.13 328.844 324.431 315.469 454.539 388.658 346.232 426.772 297.853 547.331 537.724
threshold=0.32990126311779028 61.057291030883796 81.234375000000014 -0.99591398239135731 73.875000000000014 73.625000000000014 -0.9550008475780486 88.302082061767592 -0.96651518344879139 89.156250000000014 74.125000000000014 0.24766915291547778 42.158853530883796 0.32279463112354284
decision_type=2 2 2 2 2 2 2 2 2 2 2 2 2 2
left_child=1 2 5 -3 -5 -1 9 8 -8 -4 -11 12 13 -7
right_child=-2 3 6 4 -6 11 7 -9 -10 10 -12 -13 -14 -15
leaf_value=0.0074547512467082015 -0.067557390992928873 0.018658642889869421 0.00060430289545865105 0.013695996332105989 0.0012857130739170758 -0.043008144348623441 0.011082776401878816 0.011300368686092474 -0.0064228597077759702 -0.00063145627947674531 -0.035430587870558583 0.0087098483712114271 -0.0058353872926103344 -0.0042941481212277876
leaf_weight=2913.6012890934944 374.74118825793266 3258.115067243576 5228.0287719666958 4652.7863049507141 12722.304825842381 1295.4648422300816 2858.0627907514572 8734.2260819673538 6861.5618714988232 1121.8671194016933 1115.1787151694298 1906.8552598357201 24939.758774727583 1027.1439884006977
leaf_count=1002 2286 582 2229 658 3493 2351 727 2038 2713 381 666 786 13509 869
internal_value=-5.48838e-05 0.000283901 -0.00205468 0.00685349 0.00462093 -0.00523537 0.00188342 0.00468898 -0.00126313 -0.005046 -0.0181392 -0.00650718 -0.00757713 -0.0260702
internal_weight=79009.7 78635 58001.7 20633.2 17375.1 32082.8 25918.9 18453.9 9719.62 7465.07 2237.05 29169.2 27262.4 2322.61
internal_count=34290 32004 27271 4733 4151 18517 8754 5478 3440 3276 1047 17515 16729 3220
is_linear=0
shrinkage=0.04


Tree=60
num_leaves=15
num_cat=0
split_feature=11 4 11 11 10 11 4 10 4 10 4 0 10 8
split_gain=1076.87 701.725 595.268 823.42 571.812 436.338 339.811 530.575 279.345 262.184 245.522 297.069 592.825 500.118
threshold=0.32990126311779028 81.234375000000014 -0.99157634377479542 -0.99896219372749318 -0.9550008475780486 -0.95491972565650929 88.656250000000014 -0.35110740363597864 83.348957061767592 -0.89015004038810719 25.476562500000004 1.0000000180025095e-35 -0.96628439426422108 18.375000000000004
decision_type=2 2 2 2 2 2 2 2 2 2 2 2 2 2
left_child=1 2 3 -1 8 -4 7 9 -3 -6 -7 12 -12 -14
right_child=-2 4 5 -5 6 10 -8 -9 -10 -11 11 -13 13 -15
leaf_value=-0.019458372215171993 -0.066902589788339129 0.0090389486424219592 -0.016635819292504211 0.013187320613571793 0.0052159530365121802 -0.041331406539197334 0.010513362915529097 0.010171360932350437 -0.0087415029414168524 -0.0091117724499986206 -0.026017273760232162 -0.0054539388417922949 -0.031604457099643629 0.019434908044584712
leaf_weight=1542.2422081828117 363.69286414980888 1751.9693316221237 5267.8914561867714 5921.0321635901928 3092.5102751851082 258.42876070737839 15843.422391057014 7492.1148184537888 7015.0723807811737 5944.3416647017002 707.94300553202629 20579.057252049446 326.03222730755806 2838.7824504673481
leaf_count=993 2286 654 2978 1870 889 376 3373 1693 3047 2305 1139 11153 327 1207
internal_value=-5.40092e-05 0.000272328 -0.00368886 0.0064073 0.00387748 -0.00620496 0.00633097 0.00231419 -0.00517585 -0.00420798 -0.00396959 -0.00354126 0.00659813 0.0140115
internal_weight=78944.5 78580.8 37441.4 7463.27 41139.4 29978.1 32372.4 16529 8767.04 9036.85 24710.2 24451.8 3872.76 3164.81
internal_count=34290 32004 20043 2863 11961 17180 8260 4887 3701 3194 14202 13826 2673 1534
is_linear=0
shrinkage=0.04


Tree=61
num_leaves=15
num_cat=0
split_feature=11 3 10 4 7 10 9 8 11 11 9 1 11 8
split_gain=1025.93 664.398 430.406 399.203 317.018 305.485 329.238 324.603 329.748 305.188 297.898 284.352 281.554 283.692
threshold=0.32990126311779028 61.057291030883796 -0.99904707074165333 81.234375000000014 67.077541351318374 -0.98462021350860585 74.125000000000014 20.125000000000004 0.078333009034395232 -0.99591398239135731 73.875000000000014 5.6442260742187509 -0.96651518344879139 20.625000000000004
decision_type=2 2 2 2 2 2 2 2 2 2 2 2 2 2
left_child=1 2 -1 5 11 7 -7 8 -4 -3 -11 12 13 -5
right_child=-2 9 3 4 -6 6 -8 -9 -10 10 -12 -13 -14 -15
leaf_value=-0.026744437463675601 -0.066220669550263858 0.017646362444769876 0.019349247998928697 0.0070569796832192803 -0.022131081627321723 0.0046347844665871442 -0.0076814391258750135 -0.019129326799546577 -0.0116334574033098 0.01295744813181726 0.001136030383530709 0.024604175668512165 7.4273142637356379e-05 0.035747586100206806
leaf_weight=1077.6381524205208 353.16068312525749 3246.5837336778641 2276.5492961406708 4003.878083884716 804.14526438713074 4052.2227782607079 23783.192763119936 634.96112406253815 707.67940270900726 4643.1393022537231 12716.275395333767 925.54859387874603 19025.483256936073 622.96903038024902
leaf_count=1057 2286 582 665 988 236 1651 14534 478 510 658 3493 157 6890 105
internal_value=-5.372e-05 0.000260666 -0.00193429 -0.00145464 0.00227623 -0.00446477 -0.00588643 0.00644157 0.0119735 0.0064256 0.00430919 0.00309214 0.00223027 0.0110572
internal_weight=78873.4 78520.3 57914.3 56836.6 25382 31454.6 27835.4 3619.19 2984.23 20606 17359.4 24577.9 23652.3 4626.85
internal_count=34290 32004 27271 26214 8376 17838 16185 1653 1175 4733 4151 8140 7983 1093
is_linear=0
shrinkage=0.04


Tree=62
num_leaves=15
num_cat=0
split_feature=11 6 10 3 10 10 10 10 5 8 9 0 10 10
split_gain=976.98 623.969 405.618 368.818 400.971 346.369 932.051 455.992 479.111 448.352 331.892 527.575 406.27 314.187
threshold=0.32990126311779028 16.568032264709476 -0.99904707074165333 38.533853530883796 -0.96628439426422108 -0.89015004038810719 -0.81911277770996083 -0.92599865794181813 75.250000000000014 18.875000000000004 77.625000000000014 1.688504219055176 -0.43016152083873743 -0.70910638570785511
decision_type=2 2 2 2 2 2 2 2 2 2 2 2 2 2
left_child=1 2 -1 4 -4 7 9 8 -5 -7 11 12 -8 -12
right_child=-2 -3 3 5 -6 6 10 -9 -10 -11 13 -13 -14 -15
leaf_value=-0.027059540503579966 -0.065511489561469752 0.0065095901003499879 -0.052625042990805573 0.042970774996848718 -0.0091621342728723347 -0.0069320843073143266 -0.021839765628791245 0.016971871689342773 -0.00051750736838979464 -0.036926102956589504 0.021858791215821034 0.0014551476317321225 -0.0048013760706845333 0.0021405733579786565
leaf_weight=978.55768021941185 343.12505356967449 19220.362043321133 391.80141884088516 397.70995002985001 2015.8739424347878 1472.9554753005505 3367.8634586930275 3445.4283046126366 13666.098874866962 1747.9158219099045 1473.8415818810463 13988.005563676357 6650.7611486315727 9658.4286980926991
leaf_count=986 2286 4009 933 92 1623 830 2786 782 5707 1294 456 4986 3799 3721
internal_value=-5.20162e-05 0.000250816 -0.00178083 -0.00134722 -0.0166101 -0.000683755 -0.00281127 0.00397516 0.000771571 -0.0233368 -0.000917671 -0.00356418 -0.0105611 0.00478566
internal_weight=78818.7 78475.6 59255.2 58276.7 2407.68 55869 38359.8 17509.2 14063.8 3220.87 35138.9 24006.6 10018.6 11132.3
internal_count=34290 32004 27995 27009 2556 24453 17872 6581 5799 2124 15748 11571 6585 4177
is_linear=0
shrinkage=0.04


Tree=63
num_leaves=15
num_cat=0
split_feature=11 9 3 7 9 10 10 1 0 3 10 9 10 10
split_gain=929.88 589.964 487.161 357.576 290.186 252.164 268.436 338.521 228.739 230.633 236.242 375.361 383.661 346.817
threshold=0.32990126311779028 73.625000000000014 52.713541030883796 4.2516231536865243 79.125000000000014 1.0000000180025095e-35 -0.18581509590148923 1.0128021240234377 1.0000000180025095e-35 67.552082061767592 -0.99567621946334828 78.375000000000014 -0.99904707074165333 -0.96628439426422108
decision_type=2 2 2 2 2 2 2 2 2 2 2 2 2 2
left_child=1 3 4 -1 -3 6 8 -8 -4 10 11 12 -10 -12
right_child=-2 2 5 -5 -6 -7 7 -9 9 -11 13 -13 -14 -15
leaf_value=-0.015112293792219378 -0.06477502675126226 -0.0052170049358872999 0.027721374538432514 0.0098699318559738094 -0.028266665315189538 -0.0067482200011821872 -0.0031287090510079742 0.016156785403220769 -0.015449404754918411 0.021772103163644824 -0.013494500312202508 -0.015083667878433966 0.027336528604809427 0.00032247151318052906
leaf_weight=974.07764562964439 333.56713502109051 20940.324261903763 476.02529913187027 12102.598194301128 893.50092586874962 5631.6634763479233 2183.1677970290184 4319.8233057260513 402.38961488008499 763.0787525177002 3285.583069562912 661.54351377487183 1704.1028691530228 24078.468577563763
leaf_count=604 2286 13220 125 2336 976 2328 785 944 257 126 1529 317 342 8115
internal_value=-5.17074e-05 0.000240059 -0.00131269 0.00798878 -0.00618527 0.00113438 0.00230941 0.00969257 0.000773746 0.000340878 -0.000215938 0.0108769 0.019095 -0.00134517
internal_weight=78749.9 78416.3 65339.7 13076.7 21833.8 43505.8 37874.2 6502.99 31371.2 30895.2 30132.1 2768.04 2106.49 27364.1
internal_count=34290 32004 29064 2940 14196 14868 12540 1729 10811 10686 10560 916 599 9644
is_linear=0
shrinkage=0.04


Tree=64
num_leaves=15
num_cat=0
split_feature=11 3 10 4 11 11 10 10 10 8 9 9 3 7
split_gain=884.635 549.986 367.033 349.614 301.886 321.375 359.106 709.385 623.523 501.945 427.418 413.645 460.134 471.534
threshold=0.32990126311779028 61.057291030883796 -0.99904707074165333 29.860676765441898 -0.99896219372749318 -0.98485535383224476 -0.89015004038810719 -0.81911277770996083 -0.92599865794181813 18.875000000000004 77.875000000000014 78.125000000000014 56.203125000000007 2.6901483535766606
decision_type=2 2 2 2 2 2 2 2 2 2 2 2 2 2
left_child=1 2 -1 -4 -5 -6 8 9 10 -8 -7 -9 -13 -14
right_child=-2 -3 3 4 5 6 7 11 -10 -11 -12 12 13 -15
leaf_value=-0.02478502600097995 -0.064011374771839824 0.00584353994398909 -0.03452696411432582 -0.018693931564838357 0.007078263635286043 0.0021383997278310511 -0.0062371795203201835 -0.0046283330999850464 0.018718108971352756 -0.039154185873662532 -0.015707724237564249 -0.0096133696047238388 0.040961186709019125 0.0057637314183123416
leaf_weight=1067.7600285112858 324.46861240267754 20575.170648694038 483.01734602451324 1486.5777101516724 7601.0314064025879 13221.216021239758 1461.8040997982025 21413.497101336718 3136.9514949321747 1502.5953096151352 2542.9188548028469 1314.5634511113167 974.37417531013489 1591.853502869606
leaf_count=1057 2286 4733 667 957 2485 5791 827 10351 705 1282 1555 852 173 569
internal_value=-5.04067e-05 0.000230657 -0.00176876 -0.00132698 -0.00102971 -0.00054353 -0.00177446 -0.0046278 0.00249191 -0.0230727 -0.000756621 -0.0024496 0.00953432 0.0193413
internal_weight=78697.8 78373.3 57798.2 56730.4 56247.4 54760.8 47159.8 28258.7 18901.1 2964.4 15764.1 25294.3 3880.79 2566.23
internal_count=34290 32004 27271 26214 25547 24590 22105 14054 8051 2109 7346 11945 1594 742
is_linear=0
shrinkage=0.04


Tree=65
num_leaves=15
num_cat=0
split_feature=11 9 3 0 10 10 9 8 3 10 1 4 10 9
split_gain=841.134 539.088 451.128 360.603 282.485 252.132 243.371 229.264 320.165 224.274 285.49 223.008 210.826 372.951
threshold=0.32990126311779028 74.125000000000014 53.067708969116218 2.1864295005798344 1.0000000180025095e-35 -0.92599865794181813 79.125000000000014 21.125000000000004 62.557291030883796 -0.18581509590148923 0.82397460937500011 67.130207061767592 -0.99567621946334828 78.375000000000014
decision_type=2 2 2 2 2 2 2 2 2 2 2 2 2 2
left_child=1 3 6 -1 9 -5 -3 8 -6 12 11 -11 13 -4
right_child=-2 2 4 5 7 -7 -8 -9 -10 10 -12 -13 -14 -15
leaf_value=-0.0072636646435938739 -0.06322075715868436 -0.0058415213447747961 0.020549528297409345 -0.00136612938117363 -0.018428695018312222 0.010270635193289942 -0.02675730342603436 0.009397260060899677 0.010890788396377025 0.014706896923036646 0.014376653053288141 -0.015769789296710645 -0.00064063269760519499 -0.014199489766666212
leaf_weight=2928.043143928051 315.81176628172398 17659.79889434576 1858.0855158567429 3761.9675616919994 3071.4044210910797 14216.499816417694 919.70822113752365 908.67490208148956 724.04620361328125 572.80207407474518 4307.6515198945999 1075.9772430062294 25656.604748129845 654.6291092634201
leaf_count=1731 2286 11764 514 1116 1596 2781 1003 326 161 171 997 448 9082 314
internal_value=-5.00524e-05 0.000220762 -0.00178209 0.00571704 0.000671222 0.00783685 -0.00690454 -0.00849687 -0.0128077 0.00193925 0.00897728 -0.00513252 0.00044574 0.0114558
internal_weight=78631.7 78315.9 57409.4 20906.5 38829.9 17978.5 18579.5 4704.13 3795.45 34125.8 5956.43 1648.78 28169.3 2512.71
internal_count=34290 32004 26376 5628 13609 3897 12767 2083 1757 11526 1616 619 9910 828
is_linear=0
shrinkage=0.04


Tree=66
num_leaves=15
num_cat=0
split_feature=11 9 4 11 11 11 10 4 4 11 7 0 8 10
split_gain=799.368 503.013 393.969 331.372 572.31 397.671 312.359 373.078 361.87 420.49 309.771 265.331 517.368 475.557
threshold=0.32990126311779028 73.625000000000014 81.234375000000014 -0.99157634377479542 -0.99896219372749318 -0.95491972565650929 -0.9550008475780486 88.463542938232436 88.656250000000014 -0.96651518344879139 4.2516231536865243 1.0000000180025095e-35 18.125000000000004 -0.9769422411918639
decision_type=2 2 2 2 2 2 2 2 2 2 2 2 2 2
left_child=1 10 3 4 -3 -5 7 -4 9 -8 -1 12 -7 -14
right_child=-2 2 6 5 -6 11 8 -9 -10 -11 -12 -13 13 -15
leaf_value=-0.01414678841074923 -0.062403530894515377 -0.018609113405142669 0.0017897902633799718 -0.016752198247951107 0.0098843701486503316 -0.048340245692016948 0.0094443409860342567 -0.017145427451766278 0.0088155777254013343 -0.0064765482586063442 0.0091248331966359252 -0.0059408373455178401 -0.025924571896311397 0.015266742992057887
leaf_weight=972.39004716277122 307.57945267856121 1416.7315185070038 4373.0292403399944 4685.269048333168 5234.183590233326 246.25536748766899 4050.2371476888657 2665.0726109147072 12693.922001719475 7610.1566447913647 12083.142745316029 18614.157736361027 504.36813795566559 3127.7979045510292
leaf_count=604 2286 954 1891 2788 1765 347 1009 1287 2914 3007 2336 10596 922 1584
internal_value=-4.89586e-05 0.000211934 -0.00122325 -0.00421689 0.00377729 -0.00617455 0.00200335 -0.00540855 0.00414798 -0.000939726 0.00737255 -0.00395826 0.00553859 0.00943621
internal_weight=78584.3 78276.7 65221.2 33828.8 6650.92 27177.8 31392.4 7038.1 24354.3 11660.4 13055.5 22492.6 3878.42 3632.17
internal_count=34290 32004 29064 18956 2719 16237 10108 3178 6930 4016 2940 13449 2853 2506
is_linear=0
shrinkage=0.04


Tree=67
num_leaves=15
num_cat=0
split_feature=3 9 4 4 10 10 11 11 10 10 11 5 8 10
split_gain=779.34 439.646 423.512 326.11 844.67 288.299 327.248 259.966 430.977 710.641 388.186 387.427 376.523 296.643
threshold=33.351562500000007 73.625000000000014 54.528646469116218 88.656250000000014 -0.9550008475780486 -0.98462021350860585 0.32990126311779028 -0.98485535383224476 -0.90836843848228443 -0.81911277770996083 -0.99896219372749318 69.750000000000014 18.875000000000004 -0.70910638570785511
decision_type=2 2 2 2 2 2 2 2 2 2 2 2 2 2
left_child=2 -2 -1 7 -5 -4 -7 10 11 12 -3 -9 -10 -11
right_child=1 3 5 4 -6 6 -8 8 9 13 -12 -13 -14 -15
leaf_value=-0.059451191292940651 0.0071736560160552167 -0.01494994317073586 -0.066612152566161015 -0.016540899563423681 0.0084676245112906678 0.0079547561653539409 -0.061995383198586329 0.039099351647329805 -0.0089459975311624758 0.0057240477809124149 0.0064708108049584788 0.00044942106358679688 -0.040866531163403205 -0.006906121926271002
leaf_weight=477.49574802815914 13036.227427169681 1581.875944018364 115.57733765244484 2584.4317751228809 12687.869951605797 655.45549041032791 107.21131746470928 408.11040672659874 1031.9551695883274 3523.9984777867794 8731.6320008337498 13533.796559229493 1409.6869167089462 18639.815190523863
leaf_count=1743 2941 997 355 1245 2914 370 914 110 682 1698 2820 6323 1215 9963
internal_value=-4.88917e-05 0.000482981 -0.0298903 -0.000878832 0.0042195 -0.0128523 -0.00321137 -0.00247348 -0.00398233 -0.00716405 0.00316274 0.00163518 -0.0275577 -0.0048946
internal_weight=78525.1 77169.4 1355.74 64133.2 15272.3 878.244 762.667 48860.9 38547.4 24605.5 10313.5 13941.9 2441.64 22163.8
internal_count=34290 30908 3382 27967 4159 1639 1284 23808 19991 13558 3817 6433 1897 11661
is_linear=0
shrinkage=0.04


Tree=68
num_leaves=15
num_cat=0
split_feature=3 11 10 9 10 7 8 4 10 10 9 5 6 3
split_gain=743.562 462.176 427.81 417.56 331.925 254.435 243.296 283.829 240.808 1101.19 612.439 348.341 265.483 321.024
threshold=38.533853530883796 0.32990126311779028 -0.99904707074165333 74.125000000000014 -0.96628439426422108 0.2187609672546387 18.375000000000004 21.720052719116214 -0.89015004038810719 -0.81911277770996083 77.125000000000014 73.750000000000014 0.0273585319519043 56.109375000000007
decision_type=2 2 2 2 2 2 2 2 2 2 2 2 2 2
left_child=1 4 -2 -4 5 -1 -6 -8 11 -10 -11 -5 -12 -14
right_child=2 -3 3 8 6 -7 7 -9 9 10 12 -13 13 -15
leaf_value=-0.070842252917577758 -0.023483075528940165 -0.071198648256851474 0.0059436180867618827 0.044838384696226634 -0.050938170169209818 -0.010387788492224855 -0.054041676794697686 0.0014819152416061642 -0.028296084950887805 -0.006010632854226771 0.027758008951021367 0.0024182557248010467 -0.0089865586884250778 0.0059373765979167624
leaf_weight=249.22737583518028 1133.8641832470894 242.70131503790617 20354.139337778091 295.80066573619843 170.13547343015671 203.56321772933006 141.30050534009933 1687.525731086731 2462.1011435985565 17544.276248067617 735.10520336031914 16404.816211462021 2737.8796175420284 14101.122334063053
leaf_count=785 986 2174 5189 61 212 305 258 1153 1784 8954 318 6261 1784 4066
internal_value=-4.94221e-05 -0.0206195 0.000687326 0.00106072 -0.015077 -0.0452526 -0.00786132 -0.0033462 -0.00077177 -0.0025475 -0.000727228 0.00322233 0.00454805 0.00350309
internal_weight=78463.6 2694.45 75769.1 74635.2 2451.75 452.791 1998.96 1828.83 54281.1 37580.5 35118.4 16700.6 17574.1 16839
internal_count=34290 4887 29403 28417 2713 1090 1623 1411 23228 16906 15122 6322 6168 5850
is_linear=0
shrinkage=0.04


Tree=69
num_leaves=15
num_cat=0
split_feature=11 3 10 4 11 11 8 11 10 10 10 8 9 3
split_gain=699.537 424.639 314.738 302.285 251.376 246.959 269.436 245.813 303.342 572.903 540.085 440.06 388.175 397.842
threshold=0.32990126311779028 61.057291030883796 -0.99904707074165333 29.860676765441898 -0.99591398239135731 -0.99896219372749318 20.875000000000004 -0.98485535383224476 -0.89015004038810719 -0.81911277770996083 -0.92599865794181813 18.875000000000004 78.125000000000014 56.203125000000007
decision_type=2 2 2 2 2 2 2 2 2 2 2 2 2 2
left_child=1 2 -1 -4 -3 6 -5 -7 10 11 -9 -10 -11 -14
right_child=-2 4 3 5 -6 7 -8 8 9 12 -12 -13 13 -15
leaf_value=-0.022980192614492433 -0.060552372635250803 0.015346892882760746 -0.032359595761233595 -0.025529643506599871 0.0032030444319826618 0.0062187825812491564 0.015971981320306909 -0.00063128021727706289 -0.0051859951461846092 -0.0043183038020470441 0.017531651264109441 -0.036207404558495637 -0.0084029685172440118 0.018592801541510197
leaf_weight=1058.6288470923901 284.57941527664661 3221.5771305561066 472.76645210385323 1172.9690402150154 17312.20825356245 7586.2509638667107 302.02485966682434 15710.906261086464 1458.8897944688797 21378.433169156313 3123.2748855352402 1463.6925600469112 1309.0069573819637 2548.9655921459198
leaf_count=1057 2286 582 667 821 4151 2485 136 7346 827 10351 705 1282 852 742
internal_value=-5.03058e-05 0.000185537 -0.00157564 -0.0011668 0.00512139 -0.000892267 -0.0169316 -0.000452764 -0.00153196 -0.00415907 0.00239608 -0.0208627 -0.00220967 0.00943706
internal_weight=78404.2 78119.6 57585.8 56527.2 20533.8 56054.4 1474.99 54579.4 46993.2 28159 18834.2 2922.58 25236.4 3857.97
internal_count=34290 32004 27271 26214 4733 25547 957 24590 22105 14054 8051 2109 11945 1594
is_linear=0
shrinkage=0.04


Tree=70
num_leaves=15
num_cat=0
split_feature=3 4 10 9 4 10 11 9 10 6 9 6 9 10
split_gain=672.898 399.848 378.763 396.661 281.885 668.835 373.055 689.611 456.373 548.272 345.64 343.599 592.76 579.926
threshold=33.351562500000007 54.528646469116218 -0.99904707074165333 73.625000000000014 88.656250000000014 -0.9550008475780486 -0.17842198908329007 78.625000000000014 -0.43016152083873743 0.0273585319519043 76.875000000000014 2.0481079816818242 75.625000000000014 -0.70910638570785511
decision_type=2 2 2 2 2 2 2 2 2 2 2 2 2 2
left_child=1 -1 -2 -4 6 -6 8 -8 9 10 -5 13 -13 -11
right_child=2 -3 3 4 5 -7 7 -9 -10 11 -12 12 -14 -15
leaf_value=-0.057797188999496964 -0.021661366583352385 -0.01166481323366078 0.0071822846971613518 -0.01396349537201123 -0.014873303583877756 0.0079368626038399531 0.0097399567163252224 -0.026848530847696894 -2.2749703903726643e-05 -0.0073710812943712026 0.042679692009337064 0.0075585171347120885 -0.013066148861844096 -0.032662755205538928
leaf_weight=453.56848599016666 1201.2441361248493 860.78692925721407 12884.354366995394 244.89601594209671 2435.5573778450489 12670.34410315752 7390.1960289701819 907.95984890311956 23163.080542653799 3518.6602694988251 503.96444898843765 3463.27167314291 6186.4089725613594 2466.963721960783
leaf_count=1743 1134 1639 2836 221 1124 2914 2965 606 10164 2507 103 1237 2811 2286
internal_value=-4.97669e-05 -0.0282122 0.000437921 0.000793595 -0.000515855 0.00424433 -0.0020199 0.00568162 -0.00363796 -0.00874269 0.0242746 -0.0103531 -0.00566363 -0.0178691
internal_weight=78351.3 1314.36 77036.9 75835.7 62951.3 15105.9 47845.4 8298.16 39547.2 16384.2 748.86 15635.3 9649.68 5985.62
internal_count=34290 3382 30908 29774 26938 4038 22900 3571 19329 9165 324 8841 4048 4793
is_linear=0
shrinkage=0.04


Tree=71
num_leaves=15
num_cat=0
split_feature=11 3 10 4 11 11 8 2 11 10 10 10 8 9
split_gain=649.559 379.919 269.602 276.548 231.21 230.306 250.805 225.295 221.055 270.24 527.571 489.113 407.963 363.464
threshold=0.32990126311779028 61.057291030883796 -0.99904707074165333 29.860676765441898 -0.99591398239135731 -0.99896219372749318 20.875000000000004 0.85416665673255932 -0.98485535383224476 -0.89015004038810719 -0.81911277770996083 -0.92599865794181813 18.875000000000004 78.125000000000014
decision_type=2 2 2 2 2 2 2 2 2 2 2 2 2 2
left_child=1 2 -1 -4 -3 6 -5 -6 -7 11 12 -10 -11 -12
right_child=-2 4 3 5 7 8 -8 -9 9 10 13 -13 -14 -15
leaf_value=-0.021366344357744985 -0.059417905321830999 0.014658994716962279 -0.03110214998352738 -0.0246895487672554 0.0015588488348478003 0.0058974979752335231 0.015394335867264809 0.017419073057745784 -0.00062534091687828505 -0.004950453333006981 -0.0041077675097696493 0.016681086260086388 -0.03489346983937288 0.0092205734753658449
leaf_weight=1051.9814259111881 273.76073697209358 3216.427154302597 467.85550102591515 1168.3101339936256 15747.894150435925 7583.1624375283718 301.51326298713684 1557.144421339035 15692.989371657372 1458.5372005105019 21355.843815982342 3114.4754170775414 1449.1005507707596 3846.3004865646362
leaf_count=1057 2286 582 667 821 3982 2485 136 169 7346 827 10351 705 1282 1594
internal_value=-4.93655e-05 0.000174148 -0.00149375 -0.0011159 0.00484361 -0.000854224 -0.0163706 0.00300445 -0.000429909 -0.00145468 -0.00393671 0.00225524 -0.0200098 -0.00206792
internal_weight=78285.3 78011.5 57490.1 56438.1 20521.5 55970.2 1469.82 17305 54500.4 46917.2 28109.8 18807.5 2907.64 25202.1
internal_count=34290 32004 27271 26214 4733 25547 957 4151 24590 22105 14054 8051 2109 11945
is_linear=0
shrinkage=0.04


Tree=72
num_leaves=15
num_cat=0
split_feature=11 0 10 4 10 3 11 6 10 6 10 11 10 10
split_gain=615.869 361.379 323.835 263.24 215.579 355.401 494.903 529.678 310.61 231.454 347.071 216.157 261.394 386.885
threshold=0.32990126311779028 21.38471603393555 -0.99904707074165333 27.471353530883793 0.40282487869262701 38.533853530883796 0.24766915291547778 1.0000000180025095e-35 0.15618373081088069 0.32890588045120245 0.32279463112354284 -0.99896219372749318 -0.26945737004280085 -0.89015004038810719
decision_type=2 2 2 2 2 2 2 2 2 2 2 2 2 2
left_child=1 2 -1 -4 5 6 -5 -8 11 10 -10 -7 13 -13
right_child=-2 -3 3 4 -6 8 7 -9 9 -11 -12 12 -14 -15
leaf_value=-0.023289242642753422 -0.058495772115387527 0.0059520918669513801 -0.034269643517005864 -0.046862650181255114 0.014320336276933684 -0.013529745912377636 0.021502213846585693 -0.036203839299667369 -0.020554761979911525 -0.015914678892151216 0.023414079514963979 0.0034735640078705039 0.0058785172498600777 -0.0043546180327225532
leaf_weight=1016.6366594135761 267.39861480891705 14123.097614645958 352.60927346348763 616.80947434902191 1502.2943737506866 1702.9409925341606 609.73692852258682 407.17070782184601 477.86173152923584 3295.684978723526 660.35992133617401 18922.139827668667 12659.792791545391 21623.771116048098
leaf_count=1038 2286 2784 538 1377 771 1046 195 318 492 1857 298 6958 3929 10403
internal_value=-4.86496e-05 0.000166742 -0.00111444 -0.000748342 -0.000548252 -0.00091915 -0.0192095 -0.00185598 -0.00040931 -0.0105686 0.00491838 0.000414607 0.000865837 -0.000701417
internal_weight=78238.3 77970.9 63847.8 62831.2 62478.6 60976.3 1633.72 1016.91 59342.6 4433.91 1138.22 54908.6 53205.7 40545.9
internal_count=34290 32004 29220 28182 27644 26873 1890 513 24983 2647 790 22336 21290 17361
is_linear=0
shrinkage=0.04


Tree=73
num_leaves=15
num_cat=0
split_feature=3 4 9 10 11 4 10 11 7 11 9 10 6 9
split_gain=584.089 380.851 334.759 275.969 270.389 237.921 708.199 247.279 226.932 221.25 493.322 403.427 509.56 318.795
threshold=33.351562500000007 54.528646469116218 73.625000000000014 -0.98462021350860585 0.32990126311779028 88.656250000000014 -0.9550008475780486 -0.17842198908329007 4.2516231536865243 -0.17842198908329007 78.375000000000014 -0.43016152083873743 0.0273585319519043 76.875000000000014
decision_type=2 2 2 2 2 2 2 2 2 2 2 2 2 2
left_child=1 -1 8 -3 -5 9 7 -7 -2 11 -11 12 13 -4
right_child=2 3 5 4 -6 6 -8 -9 -10 10 -12 -13 -14 -15
leaf_value=-0.056298719265776995 -0.012322368788156995 -0.065403498116280184 -0.013060828153623267 0.0083954752091275637 -0.058584915776488236 -0.037816015279118056 0.0074621724583185745 -0.0085397375633841782 0.0077378489452508579 0.0070708769999383103 -0.019983087642836884 -5.8090772539419678e-05 -0.0098162703340336759 0.041516913904690818
leaf_weight=432.75332340598106 957.44232853502035 105.54872697591782 244.01348659396172 651.52985835075378 92.608913168311119 588.99162083864212 12657.393507063389 1985.8015363812447 12050.798773117363 7970.4501086547971 1227.1051823869348 23134.346998542547 15593.044527888298 498.29376435279846
leaf_count=1743 591 355 221 370 914 359 2914 886 2350 3643 836 10164 8841 103
internal_value=-4.88299e-05 -0.0266117 0.000400911 -0.0105448 -0.00125549 -0.000790315 0.00356947 -0.0154766 0.00624471 -0.00215577 0.00342591 -0.00345754 -0.00826593 0.023704
internal_weight=78190.1 1282.44 76907.7 849.687 744.139 63899.4 15232.2 2574.79 13008.2 48667.3 9197.56 39469.7 16335.4 742.307
internal_count=34290 3382 30908 1639 1284 27967 4159 1245 2941 23808 4479 19329 9165 324
is_linear=0
shrinkage=0.04


Tree=74
num_leaves=15
num_cat=0
split_feature=11 9 3 11 10 4 9 8 7 6 4 9 6 3
split_gain=560.96 325.306 315.153 299.905 438.337 296.252 276.079 312.401 258.813 247.678 237.297 304.405 199.016 194.422
threshold=0.32990126311779028 74.125000000000014 44.234375000000007 0.24766915291547778 0.32279463112354284 21.720052719116214 76.875000000000014 21.125000000000004 4.2516231536865243 0.20717382431030276 55.692708969116218 75.875000000000014 1.0000000180025095e-35 64.526042938232436
decision_type=2 2 2 2 2 2 2 2 2 2 2 2 2 2
left_child=1 8 3 4 6 -6 7 -3 9 -1 -5 -12 -4 -14
right_child=-2 2 12 10 5 -7 -8 -9 -10 -11 11 -13 13 -15
leaf_value=0.013255194754942197 -0.056975387182426451 -0.029493748691371634 0.021619985915234247 -0.028036631537619122 -0.051678898380800177 0.0069504716636788338 -0.061002377317810046 0.024655049932277944 0.0058276100418727366 -0.018765665460549832 0.041165135035120093 -0.0049839369876411958 -0.0016667317544387711 0.0063587096756183275
leaf_weight=523.49859890341759 255.98972736299038 1251.1635642051697 618.94973587989807 245.39680570363998 137.01072320342064 1112.6992243528366 372.52809345722198 181.38851121068001 18967.160864174366 1340.0364830493927 380.67014348506927 524.00118887424469 46863.766509234905 5364.735671877861
leaf_count=309 2286 1914 239 171 270 753 928 137 4379 940 75 287 20387 1215
internal_value=-4.92887e-05 0.000152398 -0.00140979 -0.0119226 -0.0184444 -0.000190081 -0.0309418 -0.0223924 0.00442824 -0.00972523 0.0054198 0.0149052 -0.000569133 -0.000840267
internal_weight=78139 77883 57052.3 4204.86 3054.79 1249.71 1805.08 1432.55 20830.7 1863.54 1150.07 904.671 52847.5 52228.5
internal_count=34290 32004 26376 4535 4002 1023 2979 2051 5628 1249 533 362 21841 21602
is_linear=0
shrinkage=0.04


Tree=75
num_leaves=15
num_cat=0
split_feature=11 3 10 4 11 10 10 3 11 3 8 9 3 11
split_gain=531.071 310.23 227.941 226.721 209.168 206.901 317.199 244.604 355.455 361.024 289.999 268.974 289.222 246.02
threshold=0.32990126311779028 61.057291030883796 -0.99904707074165333 29.860676765441898 -0.99591398239135731 0.40282487869262701 0.15618373081088069 46.411458969116218 0.24766915291547778 38.533853530883796 21.375000000000004 75.375000000000014 27.341146469116214 -0.99896219372749318
decision_type=2 2 2 2 2 2 2 2 2 2 2 2 2 2
left_child=1 2 -1 -4 -3 6 7 8 9 10 -5 -10 -13 -9
right_child=-2 4 3 5 -6 -7 -8 13 11 -11 -12 12 -14 -15
leaf_value=-0.01969479059560603 -0.055999594782498704 0.013713936580210402 -0.0285070622643556 -0.062168736713829519 0.0026178029677880778 0.013666716435867124 -0.010727304832666236 -0.015295344143342606 0.023315720826828569 -0.01067738883985578 0.025813269176918844 0.024730005626439479 -0.02681393647892346 0.0012839631502570698
leaf_weight=1045.339115947485 250.49337665736675 3208.7613172531128 455.98969811201096 368.36060290038586 17291.968960285187 1521.9286876916885 5042.3496431410313 1461.5591264367104 788.93250072002411 2991.8097504675388 59.456539988517761 242.9096839427948 502.33959722518921 42864.949060797691
leaf_count=1057 2286 582 667 1038 4151 751 2968 955 246 2551 55 71 358 16554
internal_value=-4.89635e-05 0.00014541 -0.0013645 -0.00101729 0.00436624 -0.000782697 -0.0011924 -0.000212834 -0.00862407 -0.0157724 -0.0493345 0.00730714 -0.00980625 0.000730649
internal_weight=78097.1 77846.7 57345.9 56300.6 20500.7 55844.6 54322.7 49280.3 4953.81 3419.63 427.817 1534.18 745.249 44326.5
internal_count=34290 32004 27271 26214 4733 25547 24796 21828 4319 3644 1093 675 429 17509
is_linear=0
shrinkage=0.04


Tree=76
num_leaves=15
num_cat=0
split_feature=3 4 9 10 11 3 7 11 10 3 10 10 10 9
split_gain=510.452 351.684 285.319 253.975 236.988 219.568 191.722 195.803 233.856 173.079 215.605 306.014 294.267 268.151
threshold=33.351562500000007 54.528646469116218 73.625000000000014 -0.98462021350860585 0.32990126311779028 67.552082061767592 4.2516231536865243 -0.94102901220321644 -0.26945737004280085 52.713541030883796 -0.99567621946334828 -0.96628439426422108 -0.9769422411918639 78.375000000000014
decision_type=2 2 2 2 2 2 2 2 2 2 2 2 2 2
left_child=1 -1 6 -3 -5 9 -2 8 -8 -4 13 12 -12 -11
right_child=2 3 5 4 -6 -7 7 -9 -10 10 11 -13 -14 -15
leaf_value=-0.054604085700533746 -0.011328912351840864 -0.064291337070530613 -0.0040157751067042193 0.007900025917412035 -0.05653464039871646 0.019410150342746194 0.029687313446924914 0.0028839521434769243 0.008582418385669548 0.018259595405771087 -0.0066386123634948049 0.00075604845677155889 -0.039064287026807046 -0.010772152869200245
leaf_weight=412.02862110733986 954.60861144214869 97.781994372606277 20578.807306580245 645.27530065178871 85.867340981960297 834.14455318450928 1065.8310353755951 7125.1160250082612 3849.6782661676407 2081.3939607143402 2746.1067233681679 36405.287473738194 518.1711597442627 656.98820769786835
leaf_count=1743 591 355 13098 370 914 138 105 1643 602 599 1194 12286 335 317
internal_value=-4.85555e-05 -0.0252923 0.00036573 -0.00977924 -0.00097116 -0.000734799 0.00576336 0.00713502 0.0132604 -0.00100766 0.00045326 -0.000298494 -0.0119924 0.0112667
internal_weight=78057.1 1240.95 76816.1 828.925 731.143 63820.9 12995.2 12040.6 4915.51 62986.8 42407.9 39669.6 3264.28 2738.38
internal_count=34290 3382 30908 1639 1284 27967 2941 2350 707 27829 14731 13815 1529 916
is_linear=0
shrinkage=0.04


Tree=77
num_leaves=15
num_cat=0
split_feature=11 9 3 11 10 4 9 8 0 4 9 10 3 6
split_gain=481.996 282.464 260.39 260.097 401.942 271.297 270.472 286.77 223.656 217.581 226.494 196.051 192.175 187.882
threshold=0.32990126311779028 74.125000000000014 44.234375000000007 0.24766915291547778 0.32279463112354284 21.720052719116214 76.875000000000014 21.125000000000004 2.1864295005798344 57.359375000000007 75.875000000000014 -0.92599865794181813 50.317708969116218 1.0000000180025095e-35
decision_type=2 2 2 2 2 2 2 2 2 2 2 2 2 2
left_child=1 8 3 4 6 -6 7 -3 -1 -5 -11 -10 -2 -4
right_child=12 2 13 9 5 -7 -8 -9 11 10 -12 -13 -14 -15
leaf_value=-0.0061398194167609334 -0.066614180294981853 -0.027653596145006842 0.021026258688890007 -0.021373143710607886 -0.049792109972645077 0.0071368342679546505 -0.059576547481656694 0.024387635017523637 -0.0023256334751925707 0.041486340640662381 -0.00098779659878679032 0.007945532169234517 0.029661182183296102 -0.00082631415694769993
leaf_weight=2907.1927388906479 213.50284890830517 1235.0264587849379 617.20172399282455 327.94200706481934 131.91385543346405 1111.8800778985023 357.30697682499886 180.07315368950367 3753.468140989542 318.9988699555397 490.79713755846024 14145.510391235352 26.959895521402359 52202.656503647566
leaf_count=1731 2275 1914 239 215 270 753 928 137 1116 60 258 2781 11 21602
internal_value=-4.84421e-05 0.000133435 -0.00132336 -0.0109414 -0.017058 0.000406656 -0.0291816 -0.0207837 0.00412003 0.00528845 0.0163405 0.00579145 -0.0543714 -0.000563104
internal_weight=78020.4 77780 56973.8 4153.94 3016.2 1243.79 1772.41 1415.1 20806.2 1137.74 809.796 17899 240.463 52819.9
internal_count=34290 32004 26376 4535 4002 1023 2979 2051 5628 533 318 3897 2286 21841
is_linear=0
shrinkage=0.04


Tree=78
num_leaves=15
num_cat=0
split_feature=11 4 10 10 10 8 6 3 8 9 11 10 10 8
split_gain=458.29 267.341 424.24 239.733 439.982 514.576 451.547 381.659 326.52 461.286 466.31 323.333 372.949 297.744
threshold=0.32990126311779028 90.385417938232436 -0.9550008475780486 -0.43016152083873743 -0.89015004038810719 20.375000000000004 0.0273585319519043 66.989582061767592 17.875000000000004 76.375000000000014 1.0000000180025095e-35 0.15618373081088069 0.32279463112354284 18.125000000000004
decision_type=2 2 2 2 2 2 2 2 2 2 2 2 2 2
left_child=1 3 -3 4 8 6 -6 -7 -1 -10 -11 -5 -13 -14
right_child=-2 2 -4 11 5 7 -8 -9 9 10 -12 12 13 -15
leaf_value=-0.01153228864306791 -0.053705919286568343 -0.0094343790487981579 0.0082191986441042669 0.0039792211582570175 0.02967277729303907 -0.023983150244301383 -0.0059907885554328346 0.035075133995769649 0.0093807703372174485 0.0028212202537735522 -0.019099351436859788 -0.015154482343902223 -0.018930126182914817 0.0085349098463387701
leaf_weight=2858.8898932039738 233.84873872995377 2645.8511266112328 11930.984304189682 22506.515946924686 580.03772011399269 3584.9025462567806 10723.551544815302 166.84599876403809 8498.0114044845104 4642.5338341891766 2309.8569425046444 3471.3042705059052 775.10600915551186 3055.3066843450069
leaf_count=1414 2286 1090 2469 7259 229 2259 5736 20 3433 1682 1966 2164 489 1794
internal_value=-4.78371e-05 0.000127321 0.00500635 -0.00099972 -0.00332789 -0.00838859 -0.00411155 -0.0211847 0.000838036 0.00313895 -0.00449555 0.0016067 -0.00569715 0.00290774
internal_weight=77983.5 77749.7 14576.8 63172.9 33364.6 15055.3 11303.6 3751.75 18309.3 15450.4 6952.39 29808.2 7301.72 3830.41
internal_count=34290 32004 3559 28445 16739 8244 5965 2279 8495 7081 3648 11706 4447 2283
is_linear=0
shrinkage=0.04


Tree=79
num_leaves=15
num_cat=0
split_feature=3 4 10 9 10 11 4 11 9 6 3 11 11 10
split_gain=442.636 331.019 266.765 259.587 244.09 208.789 200.971 294.241 375.311 401.627 394.231 289.753 403.699 332.278
threshold=33.351562500000007 54.528646469116218 -0.99904707074165333 73.625000000000014 -0.98462021350860585 0.32990126311779028 81.234375000000014 -0.17842198908329007 77.125000000000014 5.5949137210845956 56.015625000000007 -0.99157634377479542 -0.99896219372749318 0.40282487869262701
decision_type=2 2 2 2 2 2 2 2 2 2 2 2 2 2
left_child=1 -1 -2 -4 -3 -6 7 11 9 -9 -10 12 -5 -13
right_child=2 4 3 6 5 -7 -8 8 10 -11 -12 13 -14 -15
leaf_value=-0.052936187393020653 -0.018333811474864299 -0.063461989197870078 0.0058092894743122167 -0.015935676113954557 0.0078882225500156913 -0.054231859877999194 0.0018783991469540685 0.020353455942865601 -0.035646188445159023 -0.0056766011904187605 0.032384277106645647 -0.0080534655889565789 0.0081235205363169322 0.011355348403274432
leaf_weight=395.67631350457668 1185.4479264616966 92.996505171060562 12841.383743725717 1398.6412893533707 642.63310584425926 79.578986577689648 30752.170960977674 2645.1532285585999 556.37852304428816 1461.0955044552684 161.36250996589661 18995.333103865385 5215.3345630168915 1507.1707845032215
leaf_count=1743 1134 355 2836 954 370 914 9727 1050 512 654 34 11382 1765 860
internal_value=-4.67162e-05 -0.0238435 0.000334992 0.00063276 -0.00879342 -0.000233567 -0.000429067 -0.00265047 0.00643376 0.0111088 -0.0198883 -0.0042701 0.00300308 -0.00661702
internal_weight=77930.4 1210.88 76719.5 75534 815.209 722.212 62692.6 31940.5 4823.99 4106.25 717.741 27116.5 6613.98 20502.5
internal_count=34290 3382 30908 29774 1639 1284 26938 17211 2250 1704 546 14961 2719 12242
is_linear=0
shrinkage=0.04


Tree=80
num_leaves=15
num_cat=0
split_feature=3 4 10 9 10 8 3 10 9 3 6 11 4 10
split_gain=416.042 313.127 246.691 240.051 234.666 219.68 225.43 213.891 251.249 448.292 479.138 198.604 191.898 404.21
threshold=33.351562500000007 54.528646469116218 -0.99904707074165333 74.125000000000014 -0.98462021350860585 17.625000000000004 47.536458969116218 -0.99567621946334828 78.625000000000014 54.932291030883796 5.4319293498992929 0.32990126311779028 87.177082061767592 -0.96628439426422108
decision_type=2 2 2 2 2 2 2 2 2 2 2 2 2 2
left_child=1 -1 -2 -4 -3 6 -5 8 9 10 -7 -6 -9 -14
right_child=2 4 3 5 11 7 -8 12 -10 -11 -12 -13 13 -15
leaf_value=-0.051829492859819859 -0.017649736256559686 -0.062963467807832907 0.0043044250863542959 -0.026133081462111449 0.0075851704521685071 0.026372470277482477 -0.0042918818917065888 -0.0021406400823376012 -0.016778804198145144 0.035879367056179196 -0.020601241866384901 -0.053485569938330556 -0.013060211017711027 0.0068505872962177474
leaf_weight=388.53391286730766 1182.9652889966965 90.198568090796471 20464.464016474783 986.38851328194141 642.38040328025818 617.39652985334396 3084.4896403551102 36062.90194234252 433.19779741764069 998.44818091392517 743.7515664100647 77.777574770152569 1922.49963337183 10191.36569994688
leaf_count=1743 1134 355 5390 923 370 175 1340 17869 204 153 326 914 945 2449
internal_value=-4.67711e-05 -0.0232326 0.000321665 0.000607829 -0.00860342 -0.000767658 -0.00968597 -5.18432e-05 0.01067 0.015808 0.000778693 -0.000277537 -0.000677558 0.00367438
internal_weight=77886.8 1198.89 76687.9 75504.9 810.357 55040.4 4070.88 50969.6 2792.79 2359.6 1361.15 720.158 48176.8 12113.9
internal_count=34290 3382 30908 29774 1639 24384 2263 22121 858 654 501 1284 21263 3394
is_linear=0
shrinkage=0.04


Tree=81
num_leaves=15
num_cat=0
split_feature=3 4 10 10 9 11 11 3 10 10 8 5 9 0
split_gain=390.95 295.858 228.089 225.587 225.343 188.898 184.282 183.074 166.575 802.211 316.804 293.527 288.062 300.761
threshold=33.351562500000007 54.528646469116218 -0.99904707074165333 -0.98462021350860585 73.625000000000014 0.32990126311779028 0.16360588744282725 67.552082061767592 -0.90836843848228443 -0.81911277770996083 18.875000000000004 69.750000000000014 77.125000000000014 1.7511606216430666
decision_type=2 2 2 2 2 2 2 2 2 2 2 2 2 2
left_child=1 -1 -2 -3 6 -5 -4 8 11 10 -10 -6 13 -11
right_child=2 3 4 5 7 -7 -8 -9 9 12 -12 -13 -14 -15
leaf_value=-0.050710283793544787 -0.016988588631859588 -0.062455289778111947 0.0063516204029597061 0.0072935500823848821 0.03602032371615152 -0.052730584707642442 -0.01868435611816378 0.018036599942637909 -0.005850669902274769 -0.0092049397236511274 -0.033460695098701421 0.0017289064870795736 0.0033211868537273205 0.0001657103473808818
leaf_weight=381.80459631979465 1180.6691998541355 87.512375131249428 12366.840816617012 642.14683824777603 388.31498110294342 76.056971080601215 469.98425535857677 829.52683651447296 1103.7401647716761 9014.9107029139996 1691.3640091717243 18473.149391248822 17213.072790771723 13927.615227282047
leaf_count=1743 1134 355 2604 370 110 914 232 138 714 6319 1359 7283 6338 4677
internal_value=-4.69713e-05 -0.0226299 0.00030867 -0.00841749 0.000583671 -0.000319342 0.00540736 -0.000406232 -0.000659491 -0.0020353 -0.022677 0.0024723 -0.000587926 -0.00352115
internal_weight=77846.7 1187.52 76659.2 805.716 75478.5 718.204 12836.8 62641.7 61812.2 42950.7 2795.1 18861.5 40155.6 22942.5
internal_count=34290 3382 30908 1639 29774 1284 2836 26938 26800 19407 2073 7393 17334 10996
is_linear=0
shrinkage=0.04


Tree=82
num_leaves=15
num_cat=0
split_feature=3 8 9 10 9 10 6 8 8 10 10 9 5 0
split_gain=368.983 351.224 299.223 213.867 210.716 189.837 185.37 182.995 167.18 208.783 773.279 388.264 286.05 241.63
threshold=38.533853530883796 18.375000000000004 75.625000000000014 -0.99904707074165333 74.125000000000014 -0.96628439426422108 2.7116596698760991 19.875000000000004 17.625000000000004 -0.89015004038810719 -0.81911277770996083 77.125000000000014 77.750000000000014 1.0000000180025095e-35
decision_type=2 2 2 2 2 2 2 2 2 2 2 2 2 2
left_child=1 -1 -3 6 -5 -4 -2 -7 -6 12 -11 -12 -10 -13
right_child=3 2 5 4 8 7 -8 -9 9 10 11 13 -14 -15
leaf_value=-0.055284227771060464 -0.048790312885209693 0.0079763204052945482 -0.059314912320875671 0.004191875762401368 -0.008422772311563043 -0.043534443365510857 -0.0083742225561278926 -0.0059619749956982097 0.036654456231375802 -0.024657738912595265 -0.004881369625334234 0.021702832349875741 0.0029976983423703903 0.0026660633478900703
leaf_weight=287.08071203529835 211.9111379981041 911.91173552721739 167.22000889480114 20273.389532148838 4013.5278178155422 256.63918443024158 894.24188441038132 862.52828055620193 395.45212838053703 2175.6984896659851 14837.523647129536 1122.1267539560795 15045.603833377361 16351.736514151096
leaf_count=938 370 1160 628 5189 2170 721 616 1440 118 1616 7562 498 5594 5670
internal_value=-4.71667e-05 -0.0151488 -0.00945619 0.000455031 0.000717365 -0.0217469 -0.0168459 -0.0151909 -0.000589562 4.32399e-05 -0.0016875 -0.00012649 0.00390596 0.00391197
internal_weight=77806.6 2485.38 2198.3 75321.2 74215.1 1286.39 1106.15 1119.17 53941.7 49928.1 34487.1 32311.4 15441.1 17473.9
internal_count=34290 4887 3949 29403 28417 2789 986 2161 23228 21058 15346 13730 5712 6168
is_linear=0
shrinkage=0.04


Tree=83
num_leaves=15
num_cat=0
split_feature=3 4 10 2 10 11 11 11 10 10 10 5 8 2
split_gain=354.339 281.96 213.46 195.2 183.846 178.673 159.985 298.439 265.309 480.033 295.56 299.923 292.196 234.904
threshold=33.351562500000007 54.528646469116218 -0.98462021350860585 0.85416665673255932 -0.99904707074165333 0.32990126311779028 -0.99896219372749318 -0.98485535383224476 -0.90836843848228443 -0.81911277770996083 -0.92599865794181813 69.750000000000014 18.875000000000004 0.27083332836627966
decision_type=2 2 2 2 2 2 2 2 2 2 2 2 2 2
left_child=1 -1 -3 4 -2 -4 -6 -8 10 12 11 -9 -10 -12
right_child=3 2 5 -5 6 -7 7 8 9 -11 13 -13 -14 -15
leaf_value=-0.049472539852677015 -0.015735504485649584 -0.061564434437380564 0.0072951896397020124 0.0091773216943531379 -0.011345070421915338 -0.051744616966450573 0.0062583984173782414 0.033991336976868028 -0.0039606836184435642 -0.0014063067485831308 0.016335807728903605 -0.00068024148767482483 -0.027819318336352594 -0.0028962478881918658
leaf_weight=373.00526459515095 1174.1194565296173 83.291910782456398 640.1342496573925 3739.3497846126556 1885.6828452944756 73.649215787649155 11587.318458199501 388.95885077118874 1478.1112255528569 32696.37210547924 3709.7345429062843 16697.696439050138 1850.0218524634838 1389.2475126981735
leaf_count=1743 1134 355 370 484 1081 914 3361 113 850 14328 808 6980 1437 332
internal_value=-4.74137e-05 -0.0217062 -0.00781953 0.000289023 -0.000169556 -4.09361e-05 8.97209e-05 0.00040181 -0.000765752 -0.00288437 0.0026739 0.000147836 -0.01731 0.0111051
internal_weight=77766.7 1170.08 797.075 76596.6 72857.3 713.783 71683.1 69797.5 58210.1 36024.5 22185.6 17086.7 3328.13 5098.98
internal_count=34290 3382 1639 30908 30424 1284 29290 28209 24848 16615 8233 7093 2287 1140
is_linear=0
shrinkage=0.04


Tree=84
num_leaves=15
num_cat=0
split_feature=3 4 10 4 10 5 11 3 9 10 10 10 6 10
split_gain=332.858 265.73 205.081 187.946 363.779 212.025 169.867 168.299 245.022 229.375 231.789 413.636 283.157 252.201
threshold=33.351562500000007 54.528646469116218 -0.98462021350860585 90.385417938232436 -0.9550008475780486 96.750000000000014 0.32990126311779028 55.130208969116218 78.375000000000014 -0.99567621946334828 -0.43016152083873743 -0.50603522360324849 0.26610195636749273 -0.89015004038810719
decision_type=2 2 2 2 2 2 2 2 2 2 2 2 2 2
left_child=1 -1 -3 5 -5 7 -4 8 -2 -9 11 12 -11 -14
right_child=3 2 6 4 -6 -7 -8 9 -10 10 -12 -13 13 -15
leaf_value=-0.048334708720185048 -0.0014176927660974443 -0.061030163485322905 0.0070145586847345023 -0.0090185396181826048 0.0073436820926199922 -0.0097899157148386481 -0.050973691516501454 0.015515539190595095 -0.017308642117126752 0.028924656956048032 0.0037465325960891363 -0.028164881781750944 0.0036300723429383694 -0.009573542044953344
leaf_weight=367.10694689303637 25414.754504866898 80.88414566218853 639.91893184185028 2640.7063528895378 11909.307216644287 3817.093271844089 72.106528721749783 1847.1053610444069 1633.9106834083796 457.5503648519516 18628.823915839195 977.72493660449982 4843.9547100067139 4399.1223386526108
leaf_count=1743 14682 355 370 1090 2469 1444 914 564 1491 108 5327 427 1499 1807
internal_value=-4.72685e-05 -0.0211299 -0.00765515 0.000277562 0.00436577 -0.000682637 -9.01194e-05 -8.22015e-05 -0.00238969 0.00192144 0.00105467 -0.00363962 -0.00111486 -0.00266112
internal_weight=77730.1 1160.02 792.91 76570.1 14550 62020 712.025 58202.9 27048.7 31154.3 29307.2 10678.4 9700.63 9243.08
internal_count=34290 3382 1639 30908 3559 27349 1284 25905 16173 9732 9168 3841 3414 3306
is_linear=0
shrinkage=0.04


Tree=85
num_leaves=15
num_cat=0
split_feature=3 8 4 10 9 9 11 3 10 4 4 7 6 10
split_gain=312.613 262.736 227.833 182.981 188.342 171.876 167.781 164.942 149.79 299.547 147.797 145.419 193.893 142.316
threshold=33.351562500000007 19.125000000000004 52.002603530883796 -0.99904707074165333 73.625000000000014 75.375000000000014 0.16360588744282725 67.552082061767592 0.40282487869262701 36.104166030883796 56.536458969116218 4.2516231536865243 0.21914988756179812 -0.90836843848228443
decision_type=2 2 2 2 2 2 2 2 2 2 2 2 2 2
left_child=1 -1 -3 -2 6 -4 11 8 9 -6 -7 12 -5 -11
right_child=3 2 5 4 7 10 -8 -9 -10 13 -12 -13 -14 -15
leaf_value=-0.060541572036919997 -0.015284390306833094 -0.047772128248241855 0.026844848754901313 0.022924471689956337 -0.035559029985625781 -0.057063725228810175 -0.018085042302960656 0.017134174439524665 0.011693666924041547 0.0021580823727290312 -0.003418833215559209 0.0069610980496986174 -0.021708336497436455 -0.002040732547236464
leaf_weight=195.84269242733717 1171.8399803191423 193.79252284020185 226.02823380380869 190.27738556265831 377.47339475154877 81.169997595250607 468.99915753304958 827.38652718067169 1517.8257628381252 18834.444162175059 453.6546890810132 11567.93054240942 597.10334587097168 40991.375749543309
leaf_count=1136 1134 901 173 87 536 300 232 138 865 7393 872 2133 384 18006
internal_value=-4.72925e-05 -0.0205629 -0.0112874 0.000266354 0.000512116 -0.00100902 0.004924 -0.000393736 -0.000634176 -0.000948762 -0.013324 0.00582522 -0.0106217 -0.000718577
internal_weight=77695.1 1150.49 954.645 76544.7 75372.8 760.853 12824.3 62548.5 61721.1 60203.3 534.825 12355.3 787.381 59825.8
internal_count=34290 3382 2246 30908 29774 1345 2836 26938 26800 25935 1172 2604 471 25399
is_linear=0
shrinkage=0.04


Tree=86
num_leaves=15
num_cat=0
split_feature=3 8 9 8 10 6 9 10 8 10 9 3 6 11
split_gain=301.123 334.745 275.166 179.053 174.207 178.495 174.475 161.14 153.565 179.047 230.247 404.893 439.926 153.221
threshold=38.533853530883796 18.375000000000004 75.625000000000014 19.875000000000004 -0.99904707074165333 2.6103929281234746 74.125000000000014 -0.96628439426422108 17.625000000000004 -0.99567621946334828 78.625000000000014 55.026041030883796 5.4319293498992929 -0.99896219372749318
decision_type=2 2 2 2 2 2 2 2 2 2 2 2 2 2
left_child=1 -1 -3 -4 5 -2 -6 -5 -8 10 11 12 -10 -11
right_child=4 2 3 7 6 -7 8 -9 9 13 -12 -13 -14 -15
leaf_value=-0.053757113596005678 -0.048054469788566916 0.0084885419554838349 -0.046231931527255958 -0.053264714314121261 0.0038019841121831929 -0.0072877430105312991 -0.0080600603010459425 -0.0049057212619661632 0.025319105212224684 -0.013954415001312913 -0.016370612506880055 0.034196420798972497 -0.019678491096052259 -0.00014001201901397674
leaf_weight=276.16532858461142 195.31761342287064 901.71992480009794 300.31682736426592 107.60015620291233 20253.883232779801 903.26167592406273 4011.710594534874 852.37723365426064 614.19044584035873 1301.7097983956337 432.95753926038742 978.58406126499176 749.38045382499695 45788.906378358603
leaf_count=938 358 1160 924 425 5189 628 2170 1440 175 858 204 151 328 19342
internal_value=-4.73706e-05 -0.0138241 -0.00827723 -0.0202181 0.000402684 -0.0152653 0.000638928 -0.0113025 -0.000551114 5.59722e-05 0.00989216 0.0148444 0.000662697 -0.000527641
internal_weight=77668.1 2438.18 2162.01 1260.29 75229.9 1098.58 74131.3 959.977 53877.4 49865.7 2775.11 2342.15 1363.57 47090.6
internal_count=34290 4887 3949 2789 29403 986 28417 1865 23228 21058 858 654 503 20200
is_linear=0
shrinkage=0.04


Tree=87
num_leaves=15
num_cat=0
split_feature=3 8 10 3 7 11 4 10 9 11 11 11 9 10
split_gain=284.086 248.52 219.345 168.203 189.947 180.8 168.565 525.22 367.849 156.564 253.401 196.02 321.188 307.12
threshold=33.351562500000007 19.125000000000004 -0.94080436229705799 61.057291030883796 67.077541351318374 -0.99591398239135731 89.510417938232436 -0.9550008475780486 74.625000000000014 -0.99591398239135731 -0.98485535383224476 -0.17842198908329007 78.625000000000014 -0.99904707074165333
decision_type=2 2 2 2 2 2 2 2 2 2 2 2 2 2
left_child=1 -1 -3 4 6 -5 9 8 -8 -2 -11 -12 13 -13
right_child=3 2 -4 5 -6 -7 7 -9 -10 10 11 12 -14 -15
leaf_value=-0.059426070875241578 -0.010342546597409519 -0.00037243618533471407 -0.045735291577541075 0.012060769166945743 -0.017405422719779597 0.0017275659620959775 0.0014588275317241339 0.0097074142510522859 -0.033164270587510293 0.007805078524489242 -0.0037037206487048014 -0.018580213603879233 -0.018623028808728216 0.007346372441888304
leaf_weight=188.22703740000725 2992.4641462564468 744.08317020535469 201.3914594873786 3196.4881398677826 1071.6800272464752 17244.89122569561 1125.9461886584759 6883.3753281235695 848.40889728069305 4731.5193583071232 28215.686940461397 781.31347547471523 993.06766374409199 8416.7772526964545
leaf_count=1136 1611 721 1525 582 328 4151 412 1548 533 1575 15206 839 726 3397
internal_value=-4.76862e-05 -0.0197487 -0.0107822 0.000249354 -0.000883351 0.00335361 -0.000555139 0.00449276 -0.0136026 -0.00152593 -0.000909821 -0.00198695 0.00276411 0.00510856
internal_weight=77635.3 1133.7 945.475 76501.6 56060.2 20441.4 54988.6 8857.73 1974.36 46130.8 43138.4 38406.8 10191.2 9198.09
internal_count=34290 3382 2246 30908 26175 4733 25847 2493 945 23354 21743 20168 4962 4236
is_linear=0
shrinkage=0.04


Tree=88
num_leaves=15
num_cat=0
split_feature=3 8 9 10 11 3 2 10 6 11 11 4 6 10
split_gain=266.579 355.973 316.051 195.349 154.05 162.55 152.224 135.423 177.172 138.93 243.324 240.994 233.529 219.578
threshold=40.026041030883796 18.125000000000004 75.625000000000014 -0.96628439426422108 0.32990126311779028 26.388020515441898 0.85416665673255932 -0.99904707074165333 2.6103929281234746 -0.99896219372749318 -0.98485535383224476 67.359375000000014 0.070394575595855727 -0.90836843848228443
decision_type=2 2 2 2 2 2 2 2 2 2 2 2 2 2
left_child=1 -1 -3 -4 5 -5 7 8 -2 -9 11 12 -11 -12
right_child=6 2 3 4 -6 -7 -8 9 -10 10 13 -13 -14 -15
leaf_value=-0.049925775428353872 -0.049718431817768034 0.0088565936662967255 -0.054903448317939425 0.022428473682873065 -0.059386933829969582 -0.015460679051639904 0.0082673716669070581 -0.010447437958587345 -0.0065323204520066989 -0.016270580886160329 0.0026086579857725802 0.0023414497319711805 0.019243918647564834 -0.0025254806541070911
leaf_weight=327.67340073734522 165.14792677760124 1144.7733939811587 191.23068258166313 204.53502464294434 84.880930602550507 944.78292116522789 3732.1608121395111 1881.151083111763 897.83400157094002 316.98703134059906 21523.811369530857 8538.9494061470032 2713.5294946432114 34932.699020117521
leaf_count=918 293 1425 728 64 1230 1073 484 1081 622 220 7618 2370 760 15404
internal_value=-4.76841e-05 -0.0119087 -0.00671382 -0.0191681 -0.0128439 -0.00844956 0.000415495 3.69858e-07 -0.0140361 0.000217757 0.00051567 0.00579502 0.0154468 -0.000567881
internal_weight=77600.1 2897.88 2570.2 1425.43 1234.2 1149.32 74702.3 70970.1 1062.98 69907.1 68026 11569.5 3030.52 56456.5
internal_count=34290 5438 4520 3095 2367 1137 28852 28368 915 27453 26372 3350 980 23022
is_linear=0
shrinkage=0.04


Tree=89
num_leaves=15
num_cat=0
split_feature=3 4 10 0 1 11 3 10 10 10 8 5 10 8
split_gain=259.928 238.181 189.514 156.396 152.866 148.325 147.382 139.025 138.899 461.492 294.648 245.929 275.49 189.223
threshold=33.351562500000007 54.528646469116218 -0.98462021350860585 21.38471603393555 2.1972656250000004 0.32990126311779028 65.973957061767592 -0.99904707074165333 -0.90836843848228443 -0.81911277770996083 18.875000000000004 69.750000000000014 -0.92599865794181813 20.125000000000004
decision_type=2 2 2 2 2 2 2 2 2 2 2 2 2 2
left_child=1 -1 -3 6 -5 -4 7 -2 11 10 -10 -9 -13 -14
right_child=3 2 5 4 -6 -7 -8 8 9 -11 -12 12 13 -15
leaf_value=-0.045599619034126244 -0.015732259724175527 -0.059430688123815058 0.0074290804739377608 0.012161360680206748 0.0018989617047493854 -0.048354169975031391 0.011437604594132952 0.033054522762997328 -0.0032947445947350534 -0.00076451903913342227 -0.027700584033654857 -0.00095234265959249196 0.016871254963126598 -0.0032858631774345553
leaf_weight=346.50019794330001 979.62837478518486 74.417462840676308 631.69901180267334 2917.0468466281891 11147.924104630947 66.380217179656029 1559.7580006122589 382.8654271364212 1462.3188445344567 37658.501226484776 1721.0346060991287 14951.476831361651 2644.9087591767311 1026.3317515850067
leaf_count=1743 1029 355 370 417 2372 914 302 113 846 17056 1403 6521 564 285
internal_value=-4.80388e-05 -0.0190158 -0.00624181 0.000234485 0.00404161 0.000925637 -0.000624842 -0.000937812 -0.00069047 -0.00200474 -0.01658 0.00213296 0.00146246 0.0112489
internal_weight=77570.8 1119 772.497 76451.8 14065 698.079 62386.8 60827.1 59847.4 40841.9 3183.35 19005.6 18622.7 3671.24
internal_count=34290 3382 1639 30908 2789 1284 28119 27817 26788 19305 2249 7483 7370 849
is_linear=0
shrinkage=0.04


Tree=90
num_leaves=15
num_cat=0
split_feature=3 8 4 9 4 10 5 10 9 3 7 8 4 6
split_gain=244.142 236.544 197.95 152.052 150.666 309.399 197.242 159.798 147.295 260.352 146.556 142.881 140.635 136.545
threshold=33.351562500000007 19.125000000000004 52.002603530883796 75.375000000000014 90.385417938232436 -0.9550008475780486 96.750000000000014 -0.70910638570785511 73.625000000000014 60.932291030883796 44.256877899169929 19.625000000000004 56.536458969116218 4.7134459018707284
decision_type=2 2 2 2 2 2 2 2 2 2 2 2 2 2
left_child=1 -1 -3 -4 6 8 -2 -8 -6 11 -9 13 -5 -10
right_child=4 2 3 12 5 -7 7 10 9 -11 -12 -13 -14 -15
leaf_value=-0.058173771942746984 -5.5545632323445067e-05 -0.044691590582110967 0.025982484005302692 -0.055796191901858749 0.0075922411876505162 0.0066353800774278373 -0.015990405554667672 0.008367754285305392 0.0091594112433099183 0.0053699431455850408 -0.019188354841893959 -0.039921092998116137 -0.0024544987634338238 -0.025915673141336859
leaf_weight=179.11561395972967 58096.472076527774 184.37781424075365 223.92987072467804 76.641254965215921 667.50284653902054 11892.317439675331 2307.9335174188018 1093.914024412632 276.9030002951622 707.57222008705139 407.28177976608276 542.94697105884552 446.74384724348783 437.34470072388649
leaf_count=1136 25905 901 173 300 152 2469 1059 274 128 227 111 364 872 219
internal_value=-4.75076e-05 -0.0184976 -0.00980768 -0.000260561 0.000225408 0.00388894 -0.000635127 -0.00942838 -0.00847564 -0.013956 0.000737659 -0.0247467 -0.0120317 -0.0124385
internal_weight=77541 1110.81 931.693 747.315 76430.2 14524.6 61905.6 3809.13 2632.27 1964.77 1501.2 1257.19 523.385 714.248
internal_count=34290 3382 2246 1345 30908 3559 27349 1444 1090 938 385 711 1172 347
is_linear=0
shrinkage=0.04


Tree=91
num_leaves=15
num_cat=0
split_feature=3 8 9 4 10 11 4 0 1 3 10 4 10 8
split_gain=231.229 297.947 212.503 140.32 151.186 141.12 136.995 136.681 140.675 132.456 137.961 257.529 133.942 241.999
threshold=35.434896469116218 18.875000000000004 75.875000000000014 60.442708969116218 0.24037779867649081 0.24766915291547778 25.476562500000004 21.38471603393555 2.1972656250000004 65.973957061767592 0.40282487869262701 36.104166030883796 0.15618373081088069 18.625000000000004
decision_type=2 2 2 2 2 2 2 2 2 2 2 2 2 2
left_child=1 -1 -3 4 -4 -5 -6 9 -9 10 11 -2 -13 -14
right_child=7 2 3 5 6 -7 -8 8 -10 -11 -12 12 13 -15
leaf_value=-0.056702253920790924 -0.034091182712076284 0.0094814953839870361 -0.059488341178304822 -0.052249280198049669 -0.036863360825568701 0.0072439380588933261 0.026198285906462948 0.011624223741759712 0.0017748006989677864 0.010902821679604007 0.011769429387641035 -0.00038010605697413771 -0.022325653769767563 -0.00147606594172963
leaf_weight=214.64167018607259 356.7684930562973 620.57506579533219 209.04344074428082 58.302859112620354 104.61515662074089 326.66234739497304 80.200925141572952 2913.679824590683 11143.260976344347 1558.1924760341644 1338.019067376852 54375.874635070562 1256.2161992192268 2959.2141508162022
leaf_count=1079 505 848 1034 264 224 434 43 417 2372 302 715 23562 886 1605
internal_value=-4.787e-05 -0.0149355 -0.00782057 -0.0214992 -0.0376796 -0.00390174 -0.00961175 0.000272567 0.00382997 -0.000536993 -0.000836192 -0.00112621 -0.000913921 -0.00776542
internal_weight=77515.3 1614.04 1399.4 778.825 393.86 384.965 184.816 75901.2 14056.9 61844.3 60286.1 58948.1 58591.3 4215.43
internal_count=34290 3926 2847 1999 1301 698 267 30364 2789 27575 27273 26558 26053 2491
is_linear=0
shrinkage=0.04


Tree=92
num_leaves=15
num_cat=0
split_feature=3 8 11 9 10 3 2 11 11 4 6 8 7 10
split_gain=220.012 300.064 237.936 205.818 199.533 146.756 128.882 122.359 238.596 228.206 217.778 207.69 202.484 157.346
threshold=38.533853530883796 18.375000000000004 0.32990126311779028 75.625000000000014 -0.96628439426422108 26.388020515441898 0.85416665673255932 -0.99896219372749318 -0.98485535383224476 67.359375000000014 0.070394575595855727 21.125000000000004 33.041381835937507 -0.90836843848228443
decision_type=2 2 2 2 2 2 2 2 2 2 2 2 2 2
left_child=1 -1 3 -3 -5 -6 7 11 9 10 -9 -2 -11 -10
right_child=6 2 -4 4 5 -7 -8 8 13 12 -12 -13 -14 -15
leaf_value=-0.051028196187418447 -0.016216890231157331 0.011355863961370434 -0.059012633699047023 -0.054897386176974018 0.021541574901950088 -0.015122440908626512 0.007562422345162456 -0.01572616250605955 0.0017676649144255858 -0.0011087843105024706 0.018546645355780714 0.017866308464488247 0.013854124314084133 -0.0024984065793920811
leaf_weight=258.81947851926088 1547.1855402588844 856.79378116130829 111.02680563554168 146.62175685167313 203.46825623512268 797.02525515854359 3727.9496600627899 317.55841732025146 22777.774413391948 6720.0869207978249 2707.5271257162094 332.51740539073944 1823.2706047296524 35163.177738904953
leaf_count=938 958 679 1675 628 64 903 484 222 8746 2078 760 123 301 15731
internal_value=-4.80758e-05 -0.0119861 -0.00677498 -0.00332619 -0.0142991 -0.00739011 0.000332265 -4.73073e-05 0.000226358 0.00546593 0.0148692 -0.010063 0.00210941 -0.000821295
internal_weight=77490.8 2373.76 2114.94 2003.91 1147.12 1000.49 75117 71389.1 69509.4 11568.4 3025.09 1879.7 8543.36 57941
internal_count=34290 4887 3949 2274 1595 967 29403 28919 27838 3361 982 1081 2379 24477
is_linear=0
shrinkage=0.04


Tree=93
num_leaves=15
num_cat=0
split_feature=3 8 4 10 4 10 5 10 9 3 7 8 9 4
split_gain=209.885 214.398 182.662 135.082 133.892 286.385 185.094 146.012 136.234 242.075 134.661 134.555 131.891 131.468
threshold=33.351562500000007 19.125000000000004 52.002603530883796 0.40282487869262701 90.385417938232436 -0.9550008475780486 96.750000000000014 -0.70910638570785511 73.625000000000014 60.932291030883796 44.256877899169929 19.625000000000004 75.375000000000014 56.536458969116218
decision_type=2 2 2 2 2 2 2 2 2 2 2 2 2 2
left_child=1 3 -3 -1 6 8 -2 -8 -6 11 -9 -10 -4 -14
right_child=4 2 12 -5 5 -7 7 10 9 -11 -12 -13 13 -15
leaf_value=-0.069475493107132164 -4.7345717409099732e-05 -0.043146586868562119 0.024548855270600772 0.019232565575505102 0.0071945048560862505 0.0062986402011684173 -0.015412357508324247 0.0079106635806297614 -0.012057930014677087 0.0050779410532327028 -0.018533315404218133 -0.038813744077742816 -0.054435375262668395 -0.0018784026940956906
leaf_weight=145.3009002879262 58066.135717153549 178.82203188538551 222.09756220877171 23.965750485658646 667.18489688634872 11885.829337656498 2303.9325988143682 1092.3458386659622 712.28379192948341 707.36622041463852 406.17390716075897 537.65390348434448 72.416118878871202 441.69175494462252
leaf_count=1123 25905 901 173 13 152 2469 1059 274 347 227 111 364 300 872
internal_value=-4.75573e-05 -0.0173613 -0.00912617 -0.0562106 0.000202714 0.00365811 -0.000608617 -0.00913453 -0.00825754 -0.0135442 0.000593327 -0.0239968 5.98632e-05 -0.0110426
internal_weight=77463.2 1084.29 915.027 169.267 76378.9 14510.3 61868.6 3802.45 2624.49 1957.3 1498.52 1249.94 736.205 514.108
internal_count=34290 3382 2246 1136 30908 3559 27349 1444 1090 938 385 711 1345 1172
is_linear=0
shrinkage=0.04


Tree=94
num_leaves=15
num_cat=0
split_feature=3 8 9 4 10 11 4 9 10 4 11 3 7 6
split_gain=197.794 271.163 186.48 127.002 147 130.096 127.806 122.069 146.343 243.028 140.761 139.069 123.242 195.581
threshold=35.434896469116218 18.875000000000004 75.875000000000014 60.442708969116218 0.24037779867649081 0.24766915291547778 25.476562500000004 73.625000000000014 0.40282487869262701 36.104166030883796 0.16360588744282725 67.552082061767592 4.2516231536865243 0.21914988756179812
decision_type=2 2 2 2 2 2 2 2 2 2 2 2 2 2
left_child=1 -1 -3 4 -4 -5 -6 10 9 -9 12 -11 13 -2
right_child=7 2 3 5 6 -7 -8 8 -10 11 -12 -13 -14 -15
leaf_value=-0.054960836387077688 0.02340386510668473 0.008982708547174258 -0.058116873059411378 -0.050862410121140442 -0.035123318820532962 0.0070767316907534876 0.026014633695763831 -0.032914203443665024 0.012969396835205349 -0.00078617298385412113 -0.017437953102868626 0.01556743086378363 0.0056406694413797445 -0.021459441214702574
leaf_weight=202.72477424889803 188.84507060050964 616.20473384857178 198.88811453804374 55.670243740081787 102.5680370926857 325.55191768333316 79.944192409515381 353.77221629023552 1248.1669266521931 60512.638672150671 462.32474032789469 823.61760437488556 11663.637850940228 605.04767960309982
leaf_count=1079 84 848 1034 264 224 434 43 505 641 26156 224 138 2218 398
internal_value=-4.77617e-05 -0.0139588 -0.00723079 -0.0202262 -0.0359394 -0.00349779 -0.00841917 0.00024587 -0.00048145 -0.000757714 0.00378423 -0.000561575 0.00459852 -0.0104748
internal_weight=77439.6 1581.55 1378.83 762.623 381.4 381.222 182.512 75858.1 62938.2 61690 12919.9 61336.3 12457.5 793.893
internal_count=34290 3926 2847 1999 1301 698 267 30364 27440 26799 2924 26294 2700 482
is_linear=0
shrinkage=0.04


Tree=95
num_leaves=15
num_cat=0
split_feature=3 8 9 10 11 3 10 4 4 10 6 9 10 10
split_gain=188.165 323.654 252.599 174.975 132.359 129.789 122.713 204.773 204.493 121.903 169.504 120.281 126.257 178.303
threshold=40.026041030883796 18.125000000000004 75.625000000000014 -0.96628439426422108 0.32990126311779028 26.388020515441898 0.24037779867649081 59.307291030883796 21.720052719116214 -0.99904707074165333 2.6103929281234746 73.625000000000014 0.40282487869262701 0.15618373081088069
decision_type=2 2 2 2 2 2 2 2 2 2 2 2 2 2
left_child=1 -1 -3 -4 5 -5 7 -7 -8 10 -2 -11 13 -13
right_child=9 2 3 4 -6 6 8 -9 -10 11 -12 12 -14 -15
leaf_value=-0.047384366674729145 -0.048327312106818864 0.0087383119118922496 -0.051751206996637676 0.020894212507730662 -0.05644502484694195 -0.061948224963720419 -0.04205486328469972 -0.0060672543456439078 0.014910232903154155 0.0040683181020721186 -0.0057457940574277165 0.00019759703415563303 0.014223872855461997 -0.0079323065472653997
leaf_weight=310.5463692843914 161.38426151871681 1128.2626096010208 176.38666647672653 202.72311520576477 73.72688790038228 156.04652704298496 114.79726153612137 272.00020235776901 380.13763144612312 12706.88128362596 896.25114178657532 55241.126833707094 934.74833941459656 4662.0314800143242
leaf_count=918 293 1425 728 64 1230 268 262 227 316 2759 622 22164 396 2618
internal_value=-4.78078e-05 -0.0101633 -0.00520835 -0.0166069 -0.0106746 -0.0067439 -0.0131287 -0.0282948 0.000577286 0.000336453 -0.0130196 0.000532012 -0.000207691 -0.000437558
internal_weight=77417.1 2814.63 2504.08 1375.82 1199.43 1125.7 922.982 428.047 494.935 74602.4 1057.64 73544.8 60837.9 59903.2
internal_count=34290 5438 4520 3095 2367 1137 1073 495 578 28852 915 27937 25178 24782
is_linear=0
shrinkage=0.04


Tree=96
num_leaves=15
num_cat=0
split_feature=3 11 10 8 3 9 4 10 10 10 3 5 0 3
split_gain=179.284 206.413 167.978 232.484 142.881 175.276 120.299 253.529 141.284 368.272 348.038 254.933 233.739 200.816
threshold=33.351562500000007 0.32990126311779028 -0.96628439426422108 21.625000000000004 27.341146469116214 75.125000000000014 91.010417938232436 -0.9550008475780486 -0.43016152083873743 -0.50603522360324849 58.848958969116218 69.750000000000014 4.8828005790710458 45.255208969116218
decision_type=2 2 2 2 2 2 2 2 2 2 2 2 2 2
left_child=1 2 3 -1 -4 -6 8 -8 9 11 12 -2 -11 -13
right_child=6 -3 4 -5 5 -7 7 -9 -10 10 -12 13 -14 -15
leaf_value=-0.066399304477536211 0.028245886616820308 -0.060766469754717958 0.018557742447479351 0.038518903762710159 0.015854915410854473 -0.033584177973906455 -0.0080179815887529132 0.0063175360683907422 0.0014451040601482035 -0.018401332715864006 -0.0423536144657852 -0.012419229567076889 0.016129245281757808 -0.00072375887946124777
leaf_weight=126.48067654669285 441.76251972466707 124.96202412620187 323.44319647550583 29.524790108203888 168.59445117413998 285.30808275938034 2403.4326923489571 10658.927307903767 30048.491337299347 936.6893265247345 652.77009546756744 2542.7730967327952 448.50890702009201 28201.328331425786
leaf_count=672 160 2120 112 9 93 376 996 2187 11595 683 290 2832 123 12042
internal_value=-4.88781e-05 -0.016245 -0.00913453 -0.0444223 -0.001116 -0.0153267 0.000179864 0.00367162 -0.00054193 -0.00233884 -0.0187281 -0.0012565 -0.00715035 -0.00169851
internal_weight=77393 1058.31 933.351 156.005 777.346 453.903 76334.7 13062.4 63272.3 33223.8 2037.97 31185.9 1385.2 30744.1
internal_count=34290 3382 1262 681 581 469 30908 3183 27725 16130 1096 15034 806 14874
is_linear=0
shrinkage=0.04


Tree=97
num_leaves=15
num_cat=0
split_feature=3 8 11 9 10 8 10 6 10 10 8 6 4 4
split_gain=171.042 265.31 218.073 157.497 176.359 145.376 115.781 154.077 122.299 225.917 242.865 254.402 236.677 175.947
threshold=38.533853530883796 18.125000000000004 0.32990126311779028 75.625000000000014 -0.96628439426422108 19.875000000000004 -0.99904707074165333 2.7116596698760991 0.15618373081088069 0.32279463112354284 18.375000000000004 0.32890588045120245 46.359375000000007 70.421875000000014
decision_type=2 2 2 2 2 2 2 2 2 2 2 2 2 2
left_child=1 -1 3 -3 -5 -6 7 -2 -8 -10 13 -12 -13 -11
right_child=6 2 -4 4 5 -7 8 -9 9 10 11 12 -14 -15
leaf_value=-0.054901130097295026 -0.042981638476131463 0.0091873351454811771 -0.057591220780437082 -0.051899421895542537 -0.033721717187932806 0.0017630533587991047 0.0010013073991424677 -0.0051027938038379793 -0.010950534295801529 -0.029290306441379234 0.027982346727965655 -0.021831896317943366 0.012134974555790407 0.0057554750857677795
leaf_weight=179.26330537348986 195.11564058065414 888.43225461244583 106.05705630406737 141.56094865500927 221.8236495256424 774.85492983460426 66963.675366200507 889.80154919624329 3890.001613765955 497.70022451877594 818.85509222745895 488.2404697239399 906.6432774066925 401.2841260433197
leaf_count=744 370 736 1769 651 303 684 24795 616 2006 383 336 428 339 130
internal_value=-4.8363e-05 -0.0107169 -0.00652751 -0.00331865 -0.0130701 -0.00664255 0.000283054 -0.0125698 0.000474923 -0.00454716 0.00347403 0.0105751 0.000105266 -0.0138619
internal_weight=77363.3 2311.99 2132.73 2026.67 1138.24 996.679 75051.3 1084.92 73966.4 7002.72 3112.72 2213.74 1394.88 898.984
internal_count=34290 4887 4143 2374 1638 987 29403 986 28417 3622 1616 1103 767 513
is_linear=0
shrinkage=0.04


Tree=98
num_leaves=15
num_cat=0
split_feature=3 8 11 10 7 3 7 11 11 11 7 4 10 10
split_gain=162.817 248.377 155.308 138.712 195.616 108.918 182.757 152.257 133.37 180.072 158.867 214.201 132.094 347.018
threshold=35.434896469116218 18.875000000000004 0.32990126311779028 -0.96628439426422108 0.2187609672546387 61.057291030883796 67.077541351318374 -0.99591398239135731 -0.99591398239135731 -0.98485535383224476 1.4375567436218264 63.234375000000007 -0.90836843848228443 -0.92599865794181813
decision_type=2 2 2 2 2 2 2 2 2 2 2 2 2 2
left_child=1 -1 3 4 -3 6 8 -7 -2 10 -10 -12 13 -11
right_child=5 2 -4 -5 -6 7 -8 -9 9 12 11 -13 -14 -15
leaf_value=-0.053245963832312511 -0.0080767032765552901 -0.064960434059878086 -0.052977782357874634 0.0023530401883899957 0.028004799535383162 0.010714903949074584 -0.016939893599983637 0.0012190624039085719 -0.011266114918062897 -0.00045823335747910898 0.030726336270097673 0.0061305846226433194 -0.0024499488661082901 0.01459923809901156
leaf_weight=190.95234172046185 3359.2793630361557 96.154921248555183 85.859774902462959 1127.7590937614441 39.090667843818665 3185.9858852624893 1067.8415099382401 17220.119765639305 650.9553057551384 15346.541252851486 640.6089836359024 4111.2861086726189 27321.151985473931 2893.5994939208031
leaf_count=1079 1679 511 1439 854 43 582 328 4151 389 7271 160 1164 13990 650
internal_value=-4.92077e-05 -0.0128416 -0.00642733 -0.0024863 -0.0379441 0.000213987 -0.000706439 0.00271068 -0.000381219 0.000128995 0.0070196 0.00956125 -0.000690844 0.00194384
internal_weight=77337.2 1539.82 1348.86 1263 135.246 75797.4 55391.3 20406.1 54323.4 50964.1 5402.85 4751.9 45561.3 18240.1
internal_count=34290 3926 2847 1408 554 30364 25631 4733 25303 23624 1713 1324 21911 7921
is_linear=0
shrinkage=0.04


Tree=99
num_leaves=15
num_cat=0
split_feature=3 8 9 4 10 4 2 11 11 4 6 8 6 9
split_gain=152.798 236.004 150.925 115.183 132.891 114.266 107.8 110.938 201.01 212.989 193.512 192.461 184.773 175.707
threshold=35.434896469116218 18.875000000000004 75.875000000000014 60.442708969116218 0.24037779867649081 25.476562500000004 0.85416665673255932 -0.99896219372749318 -0.98485535383224476 67.359375000000014 0.070394575595855727 21.125000000000004 19.7026481628418 76.875000000000014
decision_type=2 2 2 2 2 2 2 2 2 2 2 2 2 2
left_child=1 -1 -3 4 -4 -6 7 11 9 10 -9 -2 -11 -14
right_child=6 2 3 -5 5 -7 -8 8 -10 12 -12 -13 13 -15
leaf_value=-0.052245817027520486 -0.015618524925308127 0.0083518619326627668 -0.055865442219587072 -0.0022826911756213021 -0.033230508276207743 0.024956899607474537 0.0068246625390259094 -0.014829733410545594 -0.00083059321197404337 -0.0015443261200390251 0.017518861872245526 0.017218097894255841 0.0014858226939685366 0.025320648943194336
leaf_weight=187.28158867359161 1543.7143454551697 608.18486443907022 183.21119593456388 373.04662016779184 100.14277279376984 79.113915175199509 3722.6529316902161 316.76624020934105 58633.936201289296 6555.0391991138458 2696.7918393015862 331.98701739311218 1090.851745724678 889.83056330680847
leaf_count=1079 958 848 1034 698 224 43 484 222 25438 2065 760 123 181 133
internal_value=-4.85463e-05 -0.012477 -0.00624918 -0.018224 -0.0336533 -0.00762248 0.000205766 -0.000137973 0.000119901 0.00493851 0.0140432 -0.00968632 0.00169875 0.0123398
internal_weight=77312.6 1530.98 1343.7 735.515 362.468 179.257 75781.6 72058.9 70183.2 11549.3 3013.56 1875.7 8535.72 1980.68
internal_count=34290 3926 2847 1999 1301 267 30364 29880 28799 3361 982 1081 2379 314
is_linear=0
shrinkage=0.04


Tree=100
num_leaves=15
num_cat=0
split_feature=3 8 9 11 10 7 4 7 0 2 3 10 4 9
split_gain=143.079 224.211 147.978 125.708 108.735 195.529 106.792 127.152 156.887 153.756 125.818 115.294 208.574 114.195
threshold=35.434896469116218 18.875000000000004 79.375000000000014 0.32990126311779028 -0.96628439426422108 0.2187609672546387 95.052082061767592 56.370162963867195 21.38471603393555 0.89583334326744091 65.973957061767592 0.40282487869262701 36.104166030883796 76.625000000000014
decision_type=2 2 2 2 2 2 2 2 2 2 2 2 2 2
left_child=1 -1 3 4 5 -3 7 8 10 -9 11 12 -2 -13
right_child=6 2 -4 -5 -6 -7 -8 9 -10 -11 -12 13 -14 -15
leaf_value=-0.051233596057703792 -0.031094534559660377 -0.062372118345153361 -0.046587133187135241 -0.047527590533342483 0.005994394064657617 0.034840726740571523 0.0061495806311307648 -0.013815821218168198 0.0051662923599678544 0.0043307779763219435 0.011204121354471044 0.00097313610317321443 -0.00091510824459150198 0.024758889602617292
leaf_weight=183.80883463472128 348.84100088477135 79.355992123484612 110.35657021030784 69.079462859779596 1045.4414197057486 34.096868634223938 4515.1931131482124 2222.5254248380661 8814.5406635552645 1108.5263559818268 1402.4793574810028 786.63274624943733 56039.373031415045 529.9180748462677
leaf_count=1079 505 433 505 1169 718 22 1002 634 1730 146 270 463 25366 248
internal_value=-4.74592e-05 -0.0121092 -0.00606058 -0.00173027 0.00175962 -0.0323131 0.000197987 -0.000180777 0.000194438 -0.00778709 -0.000548501 -0.000837925 -0.00111277 0.0107742
internal_weight=77290.2 1522.14 1338.33 1227.97 1158.89 113.453 75768 71252.8 67921.8 3331.05 59107.2 57704.8 56388.2 1316.55
internal_count=34290 3926 2847 2342 1173 455 30364 29362 28582 780 26852 26582 25871 711
is_linear=0
shrinkage=0.04


Tree=101
num_leaves=15
num_cat=0
split_feature=3 8 11 9 10 8 10 6 9 8 10 3 6 9
split_gain=136.673 244.679 191.536 141.719 159.889 132.365 106.56 145.852 111.138 131.777 161.475 213.355 362.538 299.564
threshold=38.533853530883796 18.125000000000004 0.32990126311779028 75.625000000000014 -0.96628439426422108 19.875000000000004 -0.99904707074165333 2.6103929281234746 74.125000000000014 17.625000000000004 -0.99567621946334828 52.348958969116218 3.7210822105407719 78.375000000000014
decision_type=2 2 2 2 2 2 2 2 2 2 2 2 2 2
left_child=1 -1 3 -3 -5 -6 7 -2 -8 -10 11 12 -11 -13
right_child=6 2 -4 4 5 -7 8 -9 9 10 -12 13 -14 -15
leaf_value=-0.053127532641420595 -0.042889425539040724 0.0091379891221614103 -0.055219154401270079 -0.050054058112306066 -0.032197299637456919 0.0019459802141776992 0.0029581875207052282 -0.005093902210520888 -0.0074838579580540502 0.019514615036069615 -0.0005116806094493775 0.023421973218222727 -0.036479910740424525 -0.01425113231020619
leaf_weight=170.37093949690461 181.58937591314316 882.89715103805065 97.982670422643423 133.90155544131994 216.84668184816837 771.24890433251858 20202.650848604739 900.57516425848007 4002.9994324818254 342.17987650632858 46948.526566281915 1648.8053334951401 360.49657356739044 408.93376392126083
leaf_count=744 358 736 1769 651 303 684 5189 628 2170 126 20200 339 218 175
internal_value=-4.73518e-05 -0.00966648 -0.005678 -0.00273535 -0.0120749 -0.00603719 0.000246716 -0.0120993 0.000430694 -0.000520718 4.27992e-05 0.00940911 -0.00942701 0.0158701
internal_weight=77270 2273.25 2102.88 2004.89 1122 988.096 74996.8 1082.16 73914.6 53711.9 49708.9 2760.42 702.676 2057.74
internal_count=34290 4887 4143 2374 1638 987 29403 986 28417 23228 21058 858 344 514
is_linear=0
shrinkage=0.04


Tree=102
num_leaves=15
num_cat=0
split_feature=3 4 10 4 10 9 3 8 5 11 10 10 6 8
split_gain=130.851 198.807 149.322 102.936 229.791 130.564 186.215 149.367 128.62 131.146 103.337 368.813 443.565 380.64
threshold=33.351562500000007 54.528646469116218 -0.98462021350860585 91.010417938232436 -0.9550008475780486 73.375000000000014 60.932291030883796 19.625000000000004 96.750000000000014 -0.99591398239135731 -0.90836843848228443 -0.43016152083873743 0.0273585319519043 18.875000000000004
decision_type=2 2 2 2 2 2 2 2 2 2 2 2 2 2
left_child=1 -1 -3 8 5 -5 7 -7 10 -10 -2 12 -12 -14
right_child=3 2 -4 4 -6 6 -8 -9 9 -11 11 -13 13 -15
leaf_value=-0.040377038260304587 0.0027371438293021678 -0.054419913542292447 0.0037478047077040152 0.013734319348836765 0.0058954968873672631 -0.0096139315844383649 0.0044826651075055863 -0.03743838033511078 0.015528920699860249 -0.0091481446379006598 0.025831644793711514 0.0015585437611620168 0.00031727172935518708 -0.013341565832097765
leaf_weight=300.10793375968933 15786.701265066862 58.873291186988354 657.17772388085723 365.30101448297501 10648.668748497963 811.90826177597046 725.25339508056641 498.70099240541458 358.29411739110947 4063.485380448401 636.20383135974407 28770.323703736067 5452.2795590162277 8111.8049101531506
leaf_count=1743 6915 355 1284 66 2187 362 227 341 59 1551 279 11301 2727 4893
internal_value=-4.8101e-05 -0.0141671 -0.00238346 0.000143777 0.00337513 -0.00775853 -0.0117111 -0.020605 -0.000524527 -0.00708766 -2.83748e-05 -0.00104518 -0.0063152 -0.00785882
internal_weight=77245.1 1016.16 716.051 76228.9 13049.8 2401.16 2035.86 1310.61 63179.1 4421.78 58757.3 42970.6 14200.3 13564.1
internal_count=34290 3382 1639 30908 3183 996 930 703 27725 1610 26115 19200 7899 7620
is_linear=0
shrinkage=0.04


Tree=103
num_leaves=15
num_cat=0
split_feature=3 8 7 9 11 11 10 6 11 4 11 4 6 0
split_gain=123.33 276.979 210.732 255.132 187.738 174.856 96.3001 146.393 99.3189 187.436 150.083 193.784 180.896 172.185
threshold=40.026041030883796 18.125000000000004 2.4403810501098637 79.375000000000014 -0.96651518344879139 0.32990126311779028 -0.99904707074165333 2.6103929281234746 -0.99896219372749318 66.890625000000014 -0.98485535383224476 67.130207061767592 0.070394575595855727 2.1897554397583012
decision_type=2 2 2 2 2 2 2 2 2 2 2 2 2 2
left_child=1 -1 3 4 -3 -6 7 -2 9 -8 11 12 -10 -13
right_child=6 2 -4 -5 5 -7 8 -9 10 -11 -12 13 -14 -15
leaf_value=-0.043879201044847299 -0.045257135337981959 -0.061526680382119489 0.027515508321882681 -0.057027732531297073 0.0010020799295977635 -0.055134525741692725 -0.025189732841882261 -0.0050125845130761185 -0.014485167678060216 -0.00041571861947818509 -0.00013083389292364354 -0.010591513798587316 0.017086086906491743 0.0042790014312337017
leaf_weight=291.75985761359334 154.07789500057697 67.594162583351135 282.77310268208385 138.35763496160507 1876.0566466674209 73.158161487430334 669.17130786180496 895.51084539294243 310.91388988494873 1681.5700129270554 58998.84462954849 1466.5131859183311 2623.7603584527969 7687.2288262844086
leaf_count=918 293 203 200 613 2072 1432 580 622 218 563 23376 646 741 1813
internal_value=-4.72393e-05 -0.00836644 -0.003794 -0.00811726 -0.00423486 -0.00164341 0.000259793 -0.0116562 0.000433226 -0.007621 0.000701635 0.00475809 0.0136659 0.00187871
internal_weight=77217.3 2729.7 2437.94 2155.17 2016.81 1949.21 74487.6 1049.59 73438 2350.74 71087.3 12088.4 2934.67 9153.74
internal_count=34290 5438 4520 4320 3707 3504 28852 915 27937 1143 26794 3418 959 2459
is_linear=0
shrinkage=0.04


Tree=104
num_leaves=15
num_cat=0
split_feature=4 10 3 10 8 10 6 10 10 9 4 4 10 9
split_gain=118.403 145.877 222.542 221.069 205.107 173.884 174.981 259.554 158.842 154.047 151.531 147.881 145.096 137.654
threshold=27.471353530883793 0.40282487869262701 38.533853530883796 -0.94080436229705799 18.625000000000004 0.15618373081088069 0.32890588045120245 0.32279463112354284 0.24037779867649081 75.875000000000014 85.192707061767592 59.671875000000007 -0.96628439426422108 73.375000000000014
decision_type=2 2 2 2 2 2 2 2 2 2 2 2 2 2
left_child=-1 2 3 4 -2 -4 7 -7 -5 -6 13 -11 -13 -8
right_child=1 -3 5 8 9 6 10 -9 -10 11 -12 12 -14 -15
leaf_value=-0.024009382812939906 -0.049550667244463401 0.012089084997540619 0.00068970984256628686 -0.059664835914619324 0.014245914879754351 -0.014877096451478364 0.0028112250985993987 0.023483448735248866 -0.0008571759880606698 -0.050771412414135624 0.0027260215229267331 -0.044366691843310511 0.0082607705656285429 -0.017692692197226714
leaf_weight=308.56292796134949 137.53573735803366 1558.3758452534676 67960.972206480801 234.61957966163754 540.79949176311493 466.78753274679184 632.80771207809448 655.86601787805557 104.13188889622688 121.16991819441319 1137.1630128622055 87.92163448035717 357.13516616821289 2889.3382859230042
leaf_count=540 356 798 25781 2491 397 492 177 298 125 265 236 414 171 1749
internal_value=-4.83113e-05 5.40712e-05 -0.000198056 -0.0149411 -0.00684584 0.000122452 -0.00652447 0.00755232 -0.042643 -0.000755078 -0.00993403 -0.0150797 -0.00359676 -0.0140138
internal_weight=77193.2 76884.6 75326.2 1583.31 1244.56 73742.9 5781.96 1122.65 338.751 1107.03 4659.31 566.227 445.057 3522.15
internal_count=34290 33750 32952 4219 1603 28733 2952 790 2616 1247 2162 850 585 1926
is_linear=0
shrinkage=0.04


Tree=105
num_leaves=15
num_cat=0
split_feature=3 4 10 4 10 5 10 10 8 6 9 5 6 10
split_gain=112.281 183.573 140.792 96.0034 295.617 144.372 112.485 402.322 524.994 374.513 241.265 218.526 213.678 356.034
threshold=33.351562500000007 54.528646469116218 -0.98462021350860585 88.656250000000014 -0.9550008475780486 96.750000000000014 -0.90836843848228443 -0.43016152083873743 20.375000000000004 0.0273585319519043 78.875000000000014 69.750000000000014 0.74295848608016979 -0.98462021350860585
decision_type=2 2 2 2 2 2 2 2 2 2 2 2 2 2
left_child=1 -1 -3 5 -5 6 11 8 9 -8 -10 -2 13 -13
right_child=3 2 -4 4 -6 -7 7 -9 10 -11 -12 12 -14 -15
leaf_value=-0.038814782223335065 0.032335204314008686 -0.053313758316946194 0.0039895293213146645 -0.0081644881462883505 0.0048983486537122279 -0.010200860265484763 0.028300305202305892 0.0014527260445755699 -0.029429523947545402 -0.0044302565447465444 -0.006870187374398035 0.011930713682374736 0.0034578749640844569 -0.031601251431051892
leaf_weight=291.71679067611694 369.0554122030735 56.434019483625889 651.58857747912407 3348.7241803407669 15650.09555888176 2424.9557611644268 574.51830490678549 27004.858199208975 2016.8159052729607 9468.0011961460114 1232.7766021490097 492.77008368074894 12868.669750712812 718.49089135974646
leaf_count=1743 113 355 1284 1450 3373 1009 245 10919 1551 5287 583 446 5126 806
internal_value=-4.86158e-05 -0.0132337 -0.00191706 0.000127868 0.00258973 -0.000690869 -0.000266055 -0.00135176 -0.0070431 -0.00250526 -0.0209657 0.00275956 0.00193958 -0.0139853
internal_weight=77169.5 999.739 708.023 76169.7 18998.8 57170.9 54746 40297 13292.1 10042.5 3249.59 14449 14079.9 1211.26
internal_count=34290 3382 1639 30908 4823 26085 25076 18585 7666 5532 2134 6491 6378 1252
is_linear=0
shrinkage=0.04


Tree=106
num_leaves=15
num_cat=0
split_feature=4 10 3 10 8 10 6 10 10 9 4 4 10 7
split_gain=108.709 134.199 203.557 209.189 194.75 163.883 161.969 240.664 152.107 143.294 141.052 138.536 135.605 132.612
threshold=27.471353530883793 0.40282487869262701 38.533853530883796 -0.94080436229705799 18.625000000000004 0.15618373081088069 0.32890588045120245 0.32279463112354284 0.24037779867649081 75.875000000000014 59.671875000000007 85.192707061767592 -0.96628439426422108 0.500929355621338
decision_type=2 2 2 2 2 2 2 2 2 2 2 2 2 2
left_child=13 2 3 4 -2 -4 7 -7 -5 -6 -11 -8 -12 -1
right_child=1 -3 5 8 9 6 11 -9 -10 10 12 -13 -14 -15
leaf_value=-0.039558954402024317 -0.048496808360645266 0.011598689894537391 0.00066374605125626648 -0.058662486773400455 0.013920194290525812 -0.014380154010479006 -0.013530566922206808 0.022598323735091311 -0.00087715684805256798 -0.049735318091563785 -0.043153237957710998 0.0024807617664560203 0.0081089349925514351 0.014199699779207028
leaf_weight=211.90071547776461 134.82546102255583 1556.9163537621498 67933.465847760439 227.75473272055387 537.88160614669323 466.19042494893074 3516.8541946411133 653.44331693649292 104.13228937983513 118.34909591078758 85.904317356646061 1137.0249561071396 356.2981418967247 95.02499657869339
leaf_count=460 356 798 25781 2491 397 492 1926 298 125 265 414 236 171 80
internal_value=-4.78207e-05 5.01084e-05 -0.000191778 -0.0143741 -0.0064969 0.000113197 -0.00634471 0.00721916 -0.0416122 -0.000566644 -0.0144683 -0.00962484 -0.00328587 -0.0230647
internal_weight=77136 76829 75272.1 1565.15 1233.26 73707 5773.51 1119.63 331.887 1098.43 560.552 4653.88 442.202 306.926
internal_count=34290 33750 32952 4219 1603 28733 2952 790 2616 1247 850 2162 585 540
is_linear=0
shrinkage=0.04


Tree=107
num_leaves=15
num_cat=0
split_feature=3 9 8 10 4 10 11 4 6 9 6 10 11 3
split_gain=105.65 211.633 156.156 117.193 271.357 236.706 228.955 156.566 188.239 358.775 157.015 304.713 225.475 222.023
threshold=55.130208969116218 79.125000000000014 20.625000000000004 -0.99567621946334828 85.421875000000014 -0.9550008475780486 -0.17842198908329007 80.630207061767592 1.6500413417816164 77.625000000000014 0.28159171342849737 -0.35110740363597864 -0.99157634377479542 60.432291030883796
decision_type=2 2 2 2 2 2 2 2 2 2 2 2 2 2
left_child=1 -1 -3 4 -2 6 -5 10 9 -9 11 -7 13 -12
right_child=3 2 -4 5 -6 7 -8 8 -10 -11 12 -13 -14 -15
leaf_value=-0.0011408021244306689 0.01937025291485571 -0.03171783147517919 -0.0027583972894576394 -0.0316135932669021 -0.011516826540100254 0.035505441917925186 -0.0045129727028335124 -0.011641243807662309 0.0026642037430681239 0.029852673729207579 -0.0047287631188693271 -0.013953731229979291 -0.006836248541191082 0.013108699940130655
leaf_weight=31601.301342613995 1519.6581954956055 621.67233924940228 563.87299658358097 575.17745417356491 630.51204890012741 463.49869215488434 3142.3942801952362 470.2469037771225 23559.098433315754 1055.5367653369904 2179.6243112683296 324.51489144563675 8154.4498346447945 2252.2230671048164
leaf_count=19724 435 911 654 301 295 92 1195 227 5247 234 913 185 3376 501
internal_value=-4.81106e-05 -0.00176904 -0.0182183 0.00122502 0.0102903 0.000758209 -0.00885267 0.00169134 0.00355389 0.0170791 -0.00180215 0.0152962 -0.00289523 0.00435423
internal_weight=77113.8 32786.8 1185.55 44326.9 2150.17 42176.8 3717.57 38459.2 25084.9 1525.78 13374.3 788.014 12586.3 4431.85
internal_count=34290 21289 1565 13001 730 12271 1496 10775 5708 461 5067 277 4790 1414
is_linear=0
shrinkage=0.04


Tree=108
num_leaves=15
num_cat=0
split_feature=1 10 4 10 10 10 9 10 4 9 5 8 4 11
split_gain=101.288 189.673 297.668 241.479 759.067 463.318 317.792 302.268 266.924 255.155 235.242 219.378 195.917 182.653
threshold=0.26092529296875006 0.32279463112354284 50.411458969116218 -0.70910638570785511 -0.76694479584693898 -0.43016152083873743 75.625000000000014 -0.8652246594429015 85.322917938232436 75.875000000000014 70.250000000000014 18.125000000000004 60.057291030883796 -0.99896219372749318
decision_type=2 2 2 2 2 2 2 2 2 2 2 2 2 2
left_child=1 2 -1 4 7 8 -6 9 -5 10 -4 -3 -11 -7
right_child=-2 11 3 5 6 13 -8 -9 -10 12 -12 -13 -14 -15
leaf_value=-0.029163353460311653 0.00072290120500041245 -0.02424677869072342 0.029663112518140914 -0.027690038745310015 -0.0028270578498720647 -0.023083499448315906 0.040678902340962129 -0.024404537244624953 0.010152459017103191 -0.054351818375355077 0.0013365938762870848 0.013691723137052319 -0.0074007006280309732 0.0013237193312927054
leaf_weight=715.50172682106495 60157.526728134602 263.52687066793442 597.87488680332899 2064.4396586716175 363.16374561190605 526.93386620283127 985.66287016868591 960.03891295194626 337.4653587937355 138.4976420737803 1956.5229037217796 1776.8529614061117 1495.2597403638065 4745.6821422576904
leaf_count=1839 20196 251 394 2041 255 477 220 987 146 739 1563 1177 1714 2291
internal_value=-4.63751e-05 -0.00277789 -0.00434731 -0.00305505 0.00261621 -0.00785049 0.029095 -0.00440698 -0.0223333 0.000271207 0.00814556 0.00860395 -0.01199 -0.0011935
internal_weight=77085 16927.4 14887 14171.5 6497.02 7674.52 1348.83 5148.19 2401.91 4188.16 2554.4 2040.38 1633.76 5272.62
internal_count=34290 14094 12666 10827 5872 4955 475 5397 2187 4410 1957 1428 2453 2768
is_linear=0
shrinkage=0.04


Tree=109
num_leaves=15
num_cat=0
split_feature=4 7 10 3 10 8 10 8 3 4 4 10 9 10
split_gain=102.046 123.928 122.466 185.827 191.6 182.723 149.133 150.487 183.436 221.12 154.551 148.58 124.383 173.568
threshold=27.471353530883793 0.500929355621338 0.40282487869262701 38.533853530883796 -0.94080436229705799 18.625000000000004 0.15618373081088069 18.625000000000004 46.098958969116218 38.388019561767585 72.473957061767592 0.24037779867649081 75.375000000000014 -0.96628439426422108
decision_type=2 2 2 2 2 2 2 2 2 2 2 2 2 2
left_child=1 -1 3 4 5 -2 -5 -8 9 -9 -10 -6 -7 -14
right_child=2 -3 -4 6 11 12 7 8 10 -11 -12 -13 13 -15
leaf_value=-0.03855786108941809 -0.047362303512711666 0.01358862940099236 0.01108962267506248 0.00063278969999451236 -0.057505097544165988 0.016085084779425888 -0.014918237684588449 -0.019993374084807961 -0.013709603449404329 0.024386316563672177 0.0053874421070526082 -0.0002655186497577886 -0.05111015607619368 -0.0010154117369496735
leaf_weight=208.93204890191555 131.97891689091921 94.696109414100647 1554.503749191761 67879.4880701527 220.22082449495792 420.24512854218483 1984.5889478027821 220.52460959553719 1753.2646307945251 719.92281568050385 1083.7313870787621 104.22562143206596 118.78657091408968 550.34209963679314
leaf_count=460 356 80 798 25781 2491 285 1008 261 1094 332 257 125 637 325
internal_value=-4.5575e-05 -0.0224596 4.89346e-05 -0.000182221 -0.0138179 -0.00627479 0.000107679 -0.00605917 -0.00135074 0.0137801 -0.00642789 -0.0402005 -0.000532873 -0.0111337
internal_weight=77045.5 303.628 76741.8 75187.3 1545.8 1221.35 73641.5 5762.03 3777.44 940.447 2837 324.446 1089.37 669.129
internal_count=34290 540 33750 32952 4219 1603 28733 2952 1944 593 1351 2616 1247 962
is_linear=0
shrinkage=0.04


Tree=110
num_leaves=15
num_cat=0
split_feature=4 7 0 2 3 7 11 10 10 10 3 9 4 10
split_gain=96.0308 115.899 140.595 137.046 112.784 107.885 103.326 108.959 107.837 89.9661 132.491 88.6566 87.151 136.915
threshold=95.052082061767592 56.370162963867195 21.38471603393555 0.89583334326744091 65.973957061767592 22.439146041870121 -0.92591995000839222 -0.26945737004280085 -0.57816752791404713 -0.70910638570785511 55.921875000000007 77.375000000000014 27.471353530883793 0.40282487869262701
decision_type=2 2 2 2 2 2 2 2 2 2 2 2 2 2
left_child=1 2 4 -3 12 -6 7 -4 9 10 -8 -9 -1 -14
right_child=-2 3 6 -5 5 -7 8 11 -10 -11 -12 -13 13 -15
leaf_value=-0.021777159542731184 0.0056043706137413295 -0.013368608898072429 0.022354703724177409 0.0037765467037180005 0.019965879195753905 -0.0022385759373963867 0.013353734754346223 0.0017033730557860049 -0.0099833804390342708 0.01580449323194448 -0.0055546264279741717 0.0156835150122927 -0.0012001295693396263 0.011120367847949954
leaf_weight=301.4094538167119 4510.1482349336147 2218.1236989498138 795.34176003932953 1107.8015749454498 790.69128119945526 609.77147495746613 854.11439244449139 2370.59226167202 1149.4630354642868 782.5108470916748 1823.3034675717354 1029.7741953134537 57220.082765072584 1460.5959207117558
leaf_count=540 1003 634 92 146 140 130 245 375 249 122 459 188 29200 767
internal_value=-4.57101e-05 -0.000398578 -4.69442e-05 -0.00766945 -0.000735958 0.0104025 0.00466905 0.00919488 0.00052748 0.00405672 0.000531556 0.0060041 -0.00100386 -0.000889781
internal_weight=77023.7 72513.6 69187.7 3325.93 60382.6 1400.46 8805.1 4195.71 4609.39 3459.93 2677.42 3400.37 58982.1 58680.7
internal_count=34290 33287 32507 780 30777 270 1730 655 1075 826 704 563 30507 29967
is_linear=0
shrinkage=0.04


Tree=111
num_leaves=15
num_cat=0
split_feature=3 8 9 11 10 7 11 4 11 4 7 6 9 3
split_gain=91.9803 193.927 122.377 86.5791 88.6272 177.047 85.1122 163.202 139.442 183.93 163.788 160.645 114.622 109.951
threshold=35.434896469116218 18.875000000000004 79.375000000000014 0.32990126311779028 -0.96628439426422108 0.2187609672546387 -0.99896219372749318 66.890625000000014 -0.98485535383224476 67.359375000000014 33.041381835937507 0.070394575595855727 76.875000000000014 67.552082061767592
decision_type=2 2 2 2 2 2 2 2 2 2 2 2 2 2
left_child=1 -1 3 4 5 -3 7 -2 9 11 -11 -8 -12 -10
right_child=6 2 -4 -5 -6 -7 8 -9 13 10 12 -13 -14 -15
leaf_value=-0.04829877890918715 -0.023771908797608259 -0.060551270615804093 -0.042883161191219259 -0.040917085808611871 0.0060491735366327076 0.034106051624030548 -0.013495033039241495 -0.00060254392328111485 -0.00064331353835548721 -0.0017201531572957507 0.0044014583397457121 0.016037707542843831 0.023299071083450886 0.01076953080490914
leaf_weight=164.68308345228434 665.16222441196442 70.421182282269001 99.957727037370205 59.244740001857281 1026.7487091422081 32.774555593729019 315.4792754650116 1680.7513777017593 59764.631105549634 6723.4353946447372 1616.3004379272461 2685.4534352421761 741.48159217834473 1361.8497384786606
leaf_count=1079 580 433 505 1169 718 22 222 563 25592 2080 254 760 113 200
internal_value=-4.32886e-05 -0.00993997 -0.00437678 -0.000484362 0.00231035 -0.0298321 0.000149725 -0.00731742 0.000390937 0.00431379 0.0014662 0.0128642 0.0104904 -0.000385605
internal_weight=77008.4 1453.83 1289.15 1189.19 1129.94 103.196 75554.5 2345.91 73208.6 12082.2 9081.22 3000.93 2357.78 61126.5
internal_count=34290 3926 2847 2342 1173 455 30364 1143 29221 3429 2447 982 367 25792
is_linear=0
shrinkage=0.04


Tree=112
num_leaves=15
num_cat=0
split_feature=4 10 5 10 9 3 8 6 4 7 3 10 9 8
split_gain=90.3143 188.329 146.148 120.374 115.112 207.458 120.969 132.639 116.19 111.232 103.73 181.03 173.379 195.228
threshold=90.385417938232436 -0.9550008475780486 96.750000000000014 -0.70910638570785511 73.625000000000014 60.932291030883796 19.625000000000004 4.7134459018707284 95.656250000000014 44.256877899169929 53.734375000000007 -0.99567621946334828 79.125000000000014 20.625000000000004
decision_type=2 2 2 2 2 2 2 2 2 2 2 2 2 2
left_child=2 4 10 -4 -2 6 7 -6 -7 -5 12 -12 -1 -14
right_child=1 -3 3 9 5 8 -8 -9 -10 -11 11 -13 13 -15
leaf_value=-0.0015930447552514684 0.0072901861206200944 0.0049426245064323714 -0.014005936657124128 0.0072078144282581207 0.010839085611749075 -0.010752543797950953 -0.035844737022182042 -0.023756473108138016 0.020863828525485531 -0.016904350165742137 0.01216347397009215 0.00041019332634761012 -0.03848221107984999 -0.0010349460632928429
leaf_weight=22401.367664817721 666.04323822259903 11858.544038236141 2295.4578123092651 1088.6870526969433 276.41757544875145 348.42089581489563 524.14314591884613 432.22441485524178 357.88628947734833 402.88295829296112 2218.0501582622528 33246.404844582081 421.52796463668346 451.84768460690975
leaf_count=16201 152 2469 1081 274 128 142 364 219 85 111 704 11003 781 576
internal_value=-4.30686e-05 0.00280317 -0.000702152 -0.00829716 -0.00689905 -0.0117975 -0.0215799 -0.0103348 0.00540087 0.000557466 -0.00020983 0.00115172 -0.00228367 -0.0195655
internal_weight=76989.9 14463.7 62526.2 3787.03 2605.14 1939.09 1232.79 708.642 706.307 1491.57 58739.2 35464.5 23274.7 873.376
internal_count=34290 3559 30731 1466 1090 938 711 347 227 385 29265 11707 17558 1357
is_linear=0
shrinkage=0.04


Tree=113
num_leaves=15
num_cat=0
split_feature=9 8 3 6 11 4 10 10 11 10 9 6 10 4
split_gain=88.2458 146.876 311.422 157.094 131.292 200.954 124.382 120.857 178.439 121.29 115.001 138.33 109.508 191.76
threshold=74.125000000000014 18.125000000000004 40.369791030883796 0.078240036964416518 -0.99896219372749318 71.619792938232436 0.24037779867649081 -0.8652246594429015 0.16360588744282725 -0.96628439426422108 76.125000000000014 21.191663742065433 0.40282487869262701 36.104166030883796
decision_type=2 2 2 2 2 2 2 2 2 2 2 2 2 2
left_child=-1 2 -2 -4 5 -3 7 8 10 -10 11 -5 13 -6
right_child=1 4 3 6 12 -7 -8 -9 9 -11 -12 -13 -14 -15
leaf_value=0.002189045428478037 -0.057073683255154092 -0.024605840344746409 -0.038254874017657564 -0.023583977900345891 -0.02844074842698658 0.0097881883678259552 -0.02366428889534233 0.0019296366526209083 0.02905041143517359 -0.0094067992101797768 0.0061385277453749791 0.012294973960496626 0.012062336807618906 0.00017488220377573726
leaf_weight=20706.775204699486 167.43898367881775 787.53763866424561 197.97859361767769 1397.0493737459183 357.74847600236535 396.23644250631332 447.58534958958626 4055.8411255478859 267.84946668148041 227.25059103220701 334.98826849460602 183.12909859418869 1204.2641406357288 46238.598718915135
leaf_count=6030 629 652 250 856 637 143 295 1977 78 143 128 54 795 21623
internal_value=-4.22623e-05 -0.000863941 -0.0061574 -0.00480192 -7.51381e-05 -0.013122 -0.00373639 -0.00228826 -0.00934333 0.0117187 -0.014853 -0.0193242 0.000253318 -5.69252e-05
internal_weight=76970.3 56263.5 7279.11 7111.67 48984.4 1183.77 6913.69 6466.11 2410.27 495.1 1915.17 1580.18 47800.6 46596.3
internal_count=34290 28260 4410 3781 23850 795 3531 3236 1259 221 1038 910 23055 22260
is_linear=0
shrinkage=0.04


Tree=114
num_leaves=15
num_cat=0
split_feature=3 8 9 10 11 10 7 10 9 11 1 7 6 4
split_gain=85.698 180.816 113.232 87.2417 81.7137 83.4066 170.651 81.6741 88.1658 128.082 117.125 131.458 162.888 131.113
threshold=35.434896469116218 18.875000000000004 79.375000000000014 0.24037779867649081 0.32990126311779028 -0.96628439426422108 0.2187609672546387 -0.99904707074165333 73.625000000000014 0.16360588744282725 2.1492004394531254 4.2516231536865243 0.18012374639511111 78.192707061767592
decision_type=2 2 2 2 2 2 2 2 2 2 2 2 2 2
left_child=1 3 4 -1 5 6 -3 -2 9 10 11 12 -9 -13
right_child=7 2 -4 -5 -6 -7 -8 8 -10 -11 -12 13 -14 -15
leaf_value=-0.064619192965570393 -0.010408485956942819 -0.060032483300589641 -0.041664981321249135 -0.0022038918380265621 -0.040066387175484879 0.005755496380324499 0.033519522598079471 0.023195823845980752 -0.00031938945830000531 -0.016925733879140942 -0.0016780691860827667 0.019293576384428017 -0.018661343166899873 0.0058182379100674688
leaf_weight=109.41480704024434 1135.6479863971472 68.321823507547379 97.89077016711235 51.557076036930084 58.340954910963774 1026.2333403080702 32.401928052306175 177.20904970169067 61611.573089234531 461.38294489681721 3832.4171341657639 1406.0976152420044 599.87541851401329 6280.9567638635635
leaf_count=1017 1102 433 505 62 1169 718 22 77 26443 224 576 309 385 1248
internal_value=-4.20808e-05 -0.00962684 -0.00427786 -0.0470813 -0.00055002 0.00215867 -0.0293703 0.000143744 0.000307635 0.00333147 0.0041178 0.00673984 -0.00877358 0.00832679
internal_weight=76949.3 1444.16 1283.19 160.972 1185.3 1126.96 100.724 75505.2 74369.5 12757.9 12296.6 8464.14 777.084 7687.05
internal_count=34290 3926 2847 1079 2342 1173 455 30364 29262 2819 2595 2019 462 1557
is_linear=0
shrinkage=0.04


Tree=115
num_leaves=15
num_cat=0
split_feature=4 7 10 3 10 8 10 10 6 10 4 9 8 9
split_gain=85.1411 135.824 102.852 150.762 168.653 160.944 139.231 125.343 161.257 179.38 118.061 125.303 158.434 112.663
threshold=29.860676765441898 0.500929355621338 0.40282487869262701 38.533853530883796 -0.94080436229705799 18.625000000000004 0.24037779867649081 0.15618373081088069 0.32890588045120245 0.32279463112354284 83.885417938232436 73.375000000000014 20.125000000000004 75.375000000000014
decision_type=2 2 2 2 2 2 2 2 2 2 2 2 2 2
left_child=1 -1 3 4 5 -2 -6 -5 9 -9 11 -10 -13 -7
right_child=2 -3 -4 7 6 13 -8 8 10 -11 -12 12 -14 -15
leaf_value=-0.03386395003880982 -0.04505190568260857 0.013000811054639221 0.010379744552152893 0.00058695571413522362 -0.05539138887332988 0.015679967502621045 0.00051696357864535825 -0.011216783545238264 0.003743134614238375 0.021375667611285194 0.0015043717110752536 -0.023562653447415764 -0.003560967961850198 -0.010343040624098821
leaf_weight=264.87430878728628 125.16631714254618 138.27187797427177 1493.7111773192883 67818.685555614531 207.33437267318368 416.70134072005749 103.28086316585541 438.96340942382812 597.12636798620224 644.28623646497726 1276.6274327039719 1745.358595430851 1001.0565116405487 661.73540167510509
leaf_count=561 356 114 751 25781 2473 285 123 444 171 296 267 1165 541 962
internal_value=-4.22581e-05 -0.0179354 5.66612e-05 -0.000151546 -0.0125617 -0.00551141 -0.0378949 0.000107393 -0.00557716 0.00820437 -0.00882983 -0.0127611 -0.0163506 -0.000185495
internal_weight=76933.2 403.146 76530 75036.3 1514.22 1203.6 310.615 73522.1 5703.42 1083.25 4620.17 3343.54 2746.42 1078.44
internal_count=34290 675 33615 32864 4199 1603 2596 28665 2884 740 2144 1877 1706 1247
is_linear=0
shrinkage=0.04


Tree=116
num_leaves=15
num_cat=0
split_feature=4 7 2 0 3 7 11 10 10 4 7 10 9 9
split_gain=80.9208 108.518 122.791 117.154 98.9464 101.256 90.956 103.12 101.117 86.2912 81.0021 80.9423 126.324 104.595
threshold=95.052082061767592 56.370162963867195 0.89583334326744091 21.38471603393555 65.973957061767592 22.439146041870121 -0.92591995000839222 -0.26945737004280085 -0.57816752791404713 86.447917938232436 32.25903511047364 -0.70910638570785511 75.875000000000014 74.125000000000014
decision_type=2 2 2 2 2 2 2 2 2 2 2 2 2 2
left_child=1 3 -3 4 -1 -6 7 -5 11 -9 -2 12 13 -8
right_child=10 2 -4 6 5 -7 8 9 -10 -11 -12 -13 -14 -15
leaf_value=-0.00090610889056756921 -0.0022465237545503001 -0.012808824214265765 0.0034303014497648254 0.021361918442673745 0.019074780999275381 -0.0024455191789726407 -0.0016750486869036396 -0.00041345408677365136 -0.0097840951916152094 0.012341540400075342 0.0090083710430770916 0.014972855975792764 -0.0094186467681459558 0.019181457347980723
leaf_weight=58898.131116803735 1548.587070196867 2213.8217210173607 1107.1466240882874 792.02539658546448 788.20936441421509 609.57633376121521 824.5983372926712 1849.142365694046 1148.722527384758 1546.5268571376801 2957.0055338144302 780.83415293693542 1153.5409548282623 696.43574552237988
leaf_count=30507 477 634 146 92 140 130 152 346 249 217 526 122 375 177
internal_value=-4.191e-05 -0.000366131 -0.00740689 -2.56447e-05 -0.000655042 0.00978764 0.00428257 0.00853364 0.000395805 0.00543394 0.00514719 0.00381686 0.000472939 0.00799952
internal_weight=76914.3 72408.7 3320.97 69087.7 60295.9 1397.79 8791.83 4187.69 4604.13 3395.67 4505.59 3455.41 2674.58 1521.03
internal_count=34290 33287 780 32507 30777 270 1730 655 1075 563 1003 826 704 329
is_linear=0
shrinkage=0.04


Tree=117
num_leaves=15
num_cat=0
split_feature=4 7 10 3 10 8 10 10 6 10 9 10 10 3
split_gain=79.1136 111.723 97.2228 144.383 166.955 152.342 133.659 121.231 135.982 184.602 114.058 107.993 408.731 348.847
threshold=27.471353530883793 0.500929355621338 0.40282487869262701 38.533853530883796 -0.94080436229705799 18.625000000000004 0.24037779867649081 0.15618373081088069 0.32890588045120245 0.32279463112354284 76.625000000000014 -0.43016152083873743 -0.50603522360324849 58.848958969116218
decision_type=2 2 2 2 2 2 2 2 2 2 2 2 2 2
left_child=1 -1 3 4 5 -2 -6 11 9 -9 -4 12 -5 -14
right_child=2 -3 10 7 6 -7 -8 8 -10 -11 -12 -13 13 -15
leaf_value=-0.03573042954498528 -0.044038520945997403 0.013960826991514184 0.0024258665201163008 0.0002353735258418619 -0.054778482921714576 -0.00013867507138472622 -1.4815553433499896e-05 -0.011994491828673562 -0.0084874420545112943 0.020576876768173255 0.025568884048501248 0.0025826412993391751 -0.0064891770019094774 -0.040765577144224852
leaf_weight=201.69356267899275 123.32065937668085 94.362652957439423 1064.7784534692764 39567.403718598187 206.33908307552338 1077.3305483981967 104.12074860930443 461.5274572968483 4631.6283371150494 645.1742542386055 484.47128960490227 26055.477698802948 1501.1338538527489 681.77723729610443
leaf_count=460 356 80 609 16637 2491 1247 125 492 2162 298 189 8001 839 304
internal_value=-3.95888e-05 -0.020011 4.27986e-05 -0.000163181 -0.0123206 -0.00529537 -0.0375245 8.98981e-05 -0.0054823 0.00702185 0.00989664 0.000562945 -0.000698138 -0.0174675
internal_weight=76900.5 296.056 76604.5 75055.2 1511.11 1200.65 310.46 73544.1 5738.33 1106.7 1549.25 67805.8 41750.3 2182.91
internal_count=34290 540 33750 32952 4219 1603 2616 28733 2952 790 798 25781 17780 1143
is_linear=0
shrinkage=0.04


Tree=118
num_leaves=15
num_cat=0
split_feature=10 9 8 3 10 8 3 7 10 9 4 10 10 9
split_gain=76.0095 85.4612 128.939 170.518 137.66 202.44 173.061 410.095 116.766 179.164 124.64 105.557 648.758 270.05
threshold=-0.99904707074165333 74.125000000000014 17.625000000000004 47.536458969116218 -0.99567621946334828 20.625000000000004 55.307291030883796 10.160636901855471 -0.99166062474250782 75.875000000000014 86.447917938232436 -0.90836843848228443 -0.81911277770996083 77.125000000000014
decision_type=2 2 2 2 2 2 2 2 2 2 2 2 2 2
left_child=-1 -2 3 -3 5 6 7 -4 9 -6 -11 -10 -13 -14
right_child=1 2 4 -5 8 -7 -8 -9 11 10 -12 12 13 -15
leaf_value=-0.010175740232369293 0.0023241539528653528 -0.022068376816719006 0.027162571970570495 -0.0029073921835113528 0.0056555086270729154 -0.012886045946002841 0.027299457406944436 -0.017096065695249643 0.0027965069803329383 -0.035319886097490802 0.010214112954655413 -0.022431489200778296 -0.0039629945502338811 0.0033157085363156465
leaf_weight=1145.7601069584489 20453.131810232997 963.28844728693366 632.6399564743042 3074.9581134319305 442.47204418480396 547.97566318511963 893.28533542156219 669.04981559514999 12497.065375849605 508.54877405613661 108.14173370599747 2195.6965541169047 15215.563009887934 17530.33009326458
leaf_count=1143 5829 1096 160 1340 261 249 171 278 6006 550 47 2574 8058 6528
internal_value=-3.9597e-05 0.0001164 -0.00070101 -0.00756431 -0.000157378 0.00852732 0.0139413 0.0044998 -0.000651882 -0.0136624 -0.0272651 -0.000355762 -0.00148414 -6.67363e-05
internal_weight=76877.9 75732.1 55279 4038.25 51240.8 2742.95 2194.98 1301.69 48497.8 1059.16 616.691 47438.7 34941.6 32745.9
internal_count=34290 33147 27318 2436 24882 858 609 438 24024 858 597 23166 17160 14586
is_linear=0
shrinkage=0.04


Tree=119
num_leaves=15
num_cat=0
split_feature=4 9 10 3 8 11 4 9 4 10 10 8 3 0
split_gain=75.4102 125.187 90.7389 131.738 163.035 131.685 153.875 137.031 144.762 115.721 112.793 135.911 163.245 155.556
threshold=29.860676765441898 78.375000000000014 0.40282487869262701 37.244791030883796 18.875000000000004 0.16360588744282725 50.411458969116218 76.125000000000014 60.442708969116218 0.24037779867649081 0.15618373081088069 18.625000000000004 46.567708969116218 0.71840286254882824
decision_type=2 2 2 2 2 2 2 2 2 2 2 2 2 2
left_child=1 -1 3 4 -2 9 -7 -8 -9 -6 -5 -12 13 -13
right_child=2 -3 -4 10 5 6 7 8 -10 -11 11 12 -14 -15
leaf_value=0.0003938008321011294 -0.04647360067550612 -0.044475822823314755 0.0097595211353954797 0.00053722813593997233 -0.057714721209088923 -0.055517158856358384 0.019262641541357858 -0.045438358885106007 0.0028140194594168722 0.010586557024198919 -0.013707518666055634 0.020402377788192302 -0.0057293972474250525 -0.020382611707857427
leaf_weight=256.48230413347483 175.48715972714126 142.17718634009361 1490.8503598570824 67937.298659939319 111.50604226440191 55.687321309000254 441.82896142080426 120.52149512059987 333.44272997230291 49.01509827375412 1983.2210391014814 804.73794716596603 2782.0683106780052 165.84428200125694
leaf_count=312 1135 363 751 26037 520 664 362 615 519 45 1029 474 1318 146
internal_value=-3.85797e-05 -0.0169686 5.41176e-05 -0.000141459 -0.0127271 -0.00667452 -0.000716814 0.00382791 -0.0113732 -0.0379967 8.18779e-05 -0.00529455 -0.000799316 0.0131626
internal_weight=76850.2 398.659 76451.5 74960.7 1287.49 1112 951.481 895.793 453.964 160.521 73673.2 5735.87 3752.65 970.582
internal_count=34290 675 33615 32864 3860 2725 2160 1496 1134 565 29004 2967 1938 620
is_linear=0
shrinkage=0.04


Tree=120
num_leaves=15
num_cat=0
split_feature=11 8 11 4 0 3 6 3 10 9 8 10 7 9
split_gain=74.5064 149.255 124.134 177.321 148.664 189.384 147.653 101.415 137.472 295.852 252.266 185.321 203.139 146.468
threshold=-0.99896219372749318 21.125000000000004 -0.98485535383224476 67.130207061767592 2.1897554397583012 51.182291030883796 0.070394575595855727 53.067708969116218 -0.99166062474250782 76.375000000000014 17.875000000000004 -0.98462021350860585 3.6920070648193364 74.125000000000014
decision_type=2 2 2 2 2 2 2 2 2 2 2 2 2 2
left_child=1 -1 3 6 5 -5 -2 8 9 10 -4 12 -10 -13
right_child=2 -3 7 4 -6 -7 -8 -9 11 -11 -12 13 -14 -15
leaf_value=-0.011147074562591151 -0.013013623503860395 0.017182385434783093 -0.029371204323034361 0.016810804682369243 0.0033799988127076758 -0.017730771943780609 0.015533713959321172 0.00064976983935334358 0.029264485869155581 -0.035882686272140044 0.003962502843467987 0.0032647419247695056 -0.0069938107500291582 -0.0047036146571775087
leaf_weight=2009.9157430529594 310.53030690550804 330.35011696815491 454.67853473126888 306.1045785844326 7673.3213093280792 1165.7267599105835 2612.3512933254242 40508.413486242294 604.61454129964113 584.78283216059208 1532.3971046507359 5097.7116838172078 398.47497743368149 13242.758552148938
leaf_count=1020 220 123 401 125 1813 530 741 12904 201 772 921 2557 192 11770
internal_value=-3.95244e-05 -0.0070364 0.000182122 0.00389232 0.00114146 -0.0104179 0.012433 -0.000536165 -0.00272684 -0.0113786 -0.00388152 -0.00156596 0.0150058 -0.00248768
internal_weight=76832.1 2340.27 74491.9 12068 9145.15 1471.83 2922.88 62423.8 21915.4 2571.86 1987.08 19343.6 1003.09 18340.5
internal_count=34290 1143 33147 3429 2468 655 961 29718 16814 2094 1322 14720 393 14327
is_linear=0
shrinkage=0.04


Tree=121
num_leaves=15
num_cat=0
split_feature=2 7 1 4 10 4 4 4 10 10 3 6 4 7
split_gain=73.9755 84.1854 108.17 220.214 96.8157 75.4837 81.685 72.3768 72.0606 317.599 329.138 161.082 148.057 122.717
threshold=0.85416665673255932 62.697172164916999 5.5892944335937509 88.302082061767592 1.0000000180025095e-35 94.468750000000014 83.213542938232436 86.447917938232436 -0.43016152083873743 -0.50603522360324849 58.848958969116218 3.7210822105407719 69.255207061767592 0.15621185302734378
decision_type=2 2 2 2 2 2 2 2 2 2 2 2 2 2
left_child=1 2 8 -4 5 6 -3 -2 9 -1 11 12 -11 -10
right_child=7 4 3 -5 -6 -7 -8 -9 13 10 -12 -13 -14 -15
leaf_value=-0.00056921843029591644 -0.0017570641775352352 0.004138497649110162 -0.010648098042762731 0.019386086960405394 -0.024620152257906227 0.0058568962158084331 -0.016666327991500789 0.0097465162511215803 -0.010793258123178629 0.012034754768615586 -0.040765010730715513 0.0084108738482616147 -0.026954727320345612 0.0017749840123070719
leaf_weight=37861.489232696593 1388.464072227478 446.30637466907501 562.42873547971249 1185.2076308727264 417.05837935209274 784.64802837371826 871.82113611698151 2322.2985479831696 1281.8106560707092 192.05421453714371 609.18350350856781 662.31701463460922 630.00929343700409 27594.160439386964
leaf_count=19955 200 121 212 196 144 150 243 284 1420 105 289 201 530 10240
internal_value=-3.82902e-05 -0.00031861 -6.11204e-05 0.00970929 -0.00747343 -0.00387268 -0.00966543 0.00545585 -0.000311942 -0.00141192 -0.0165023 -0.00613536 -0.0177763 0.00120999
internal_weight=76809.3 73098.5 70578.7 1747.64 2519.83 2102.78 1318.13 3710.76 68831 39955.1 2093.56 1484.38 822.064 28876
internal_count=34290 33806 33148 408 658 514 364 484 32740 21080 1125 836 635 11660
is_linear=0
shrinkage=0.04


Tree=122
num_leaves=15
num_cat=0
split_feature=8 11 11 3 10 10 3 6 4 10 9 8 10 3
split_gain=73.8372 145.252 121.312 97.7868 178.203 175.008 99.6916 97.1156 90.6827 81.6885 83.3878 126.127 151.689 202.208
threshold=21.375000000000004 -0.98485535383224476 -0.99896219372749318 32.622396469116218 -0.96628439426422108 -0.94080436229705799 29.380208015441898 0.10172277688980104 62.359375000000007 -0.99904707074165333 74.125000000000014 17.625000000000004 -0.99567621946334828 52.348958969116218
decision_type=2 2 2 2 2 2 2 2 2 2 2 2 2 2
left_child=2 -2 8 4 -4 6 -6 -7 -1 -5 -11 -12 13 -13
right_child=1 -3 3 9 5 7 -8 -9 -10 10 11 12 -14 -15
leaf_value=-0.027104982013474489 0.020823752652560291 0.001184986014328067 -0.064019762572197395 -0.010636230389374493 0.016712783742367378 -0.058669088520808099 -0.017789508225915997 0.014285739202226855 -0.0057166381891157712 0.0025433268053971581 -0.0074679849471614695 -0.0097061609080216285 -0.00053568767405001879 0.015617751952995739
leaf_weight=369.88675963878632 764.45235377550125 2610.8311883173883 80.123668827116489 1088.5753554925323 345.42225384712219 109.45878048799932 192.27980613708496 28.946452312171459 1801.3027076125145 19269.069034136832 3871.1016832366586 658.52479976415634 43611.806711878628 1988.220814883709
leaf_count=372 192 1248 620 1095 116 2109 168 58 723 5138 2180 323 19458 490
internal_value=-3.76021e-05 0.00572934 -0.000304229 -1.91032e-05 -0.0141389 -0.00655807 0.00417942 -0.0435339 -0.00957453 0.00013635 0.000308342 -0.000551423 3.03597e-05 0.00929148
internal_weight=76790 3375.28 73414.7 71243.5 756.231 676.107 537.702 138.405 2171.19 70487.3 69398.7 50129.7 46258.6 2646.75
internal_count=34290 1440 32850 31755 3071 2451 284 2167 1095 28684 27589 22451 20271 813
is_linear=0
shrinkage=0.04


Tree=123
num_leaves=15
num_cat=0
split_feature=8 11 11 3 10 10 6 3 5 10 7 10 2 7
split_gain=68.2583 134.66 112.181 92.4704 172.712 166.061 93.7222 92.6268 84.9577 77.4621 101.39 121.725 76.7712 108.929
threshold=21.375000000000004 -0.98485535383224476 -0.99896219372749318 32.622396469116218 -0.96628439426422108 -0.94080436229705799 0.086058676242828383 29.380208015441898 76.750000000000014 -0.90836843848228443 9.6314907073974627 -0.57816752791404713 0.85416665673255932 62.697172164916999
decision_type=2 2 2 2 2 2 2 2 2 2 2 2 2 2
left_child=2 -2 8 4 -4 7 -7 -6 -1 -3 11 -11 13 -5
right_child=1 9 3 12 5 6 -8 -9 -10 10 -12 -13 -14 -15
leaf_value=-0.02418961066122351 0.020066477564792438 0.0093307120706438602 -0.063606479078001113 0.00014564854951019482 0.016109027720448449 -0.058137936080772015 0.013456885021134265 -0.01717902842419454 -0.004993051419995633 -0.018826533507229189 -0.016565728902288874 0.012971316372324767 0.0061340632080817336 -0.0086519620052276543
leaf_weight=456.00630170106888 762.3677459359169 1067.1551098115742 77.599533841013908 64937.098375320435 344.79637515544891 106.01431054249406 29.590895563364029 191.86753553152084 1713.0621690750122 249.673693113029 636.01134806871414 657.96840381622314 3231.1790680885315 2312.6896510124207
leaf_count=422 192 480 620 27645 116 2108 59 168 673 241 224 303 422 617
internal_value=-3.75432e-05 0.00550903 -0.000293874 -1.97681e-05 -0.0138075 -0.00638774 -0.0427934 0.00401829 -0.0092129 0.00113796 -0.00457274 0.00400706 0.0001308 -0.00015938
internal_weight=76773.1 3373.18 73399.9 71230.8 749.869 672.269 135.605 536.664 2169.07 2610.81 1543.65 907.642 70481 67249.8
internal_count=34290 1440 32850 31755 3071 2451 2167 284 1095 1248 768 544 28684 28262
is_linear=0
shrinkage=0.04


Tree=124
num_leaves=15
num_cat=0
split_feature=4 5 7 1 4 10 10 3 0 6 9 8 4 7
split_gain=68.723 87.1402 86.1733 125.618 191.085 112.409 305.082 313.496 156.672 137.716 124.479 164.683 335.675 228.867
threshold=95.656250000000014 98.750000000000014 56.370162963867195 5.5892944335937509 88.302082061767592 -0.43016152083873743 -0.50603522360324849 58.848958969116218 3.5622954368591313 0.49335211515426641 73.625000000000014 19.875000000000004 41.882812500000007 3.6240935325622563
decision_type=2 2 2 2 2 2 2 2 2 2 2 2 2 2
left_child=2 -2 3 5 -5 6 -1 8 9 -8 -7 12 -12 -13
right_child=1 -3 -4 4 -6 10 7 -9 -10 -11 11 13 -14 -15
leaf_value=-0.00079542707344949445 0.012368969368936977 -0.00026022805676695912 -0.0063967126808796362 -0.0082839581640061274 0.022261443167429097 0.0072251959138191222 0.0026560765872026071 -0.03860619516772712 0.0091949481480819734 -0.030036686735724651 -0.039923518729631874 0.010581740347570286 -0.0016540323955468118 -0.00068770807221023148
leaf_weight=36591.775101594627 1566.7076778411865 1944.7565307617188 3510.872764647007 488.67155829071999 924.30895680189133 5198.1473940312862 339.78337115049362 667.06480896472931 627.21591234207153 492.61873912811279 358.3926710486412 4727.5685108155012 11983.198708921671 7337.2323036193848
leaf_count=19577 318 457 819 181 145 991 236 303 192 401 552 2406 5332 2380
internal_value=-3.75295e-05 0.00541267 -0.000300219 8.45621e-06 0.0117293 -0.000237303 -0.00165566 -0.0163115 -0.0057384 -0.0169424 0.00161756 0.000418296 -0.00282815 0.00373841
internal_weight=76758.3 3511.46 73246.9 69736 1412.98 68323 38718.5 2126.68 1459.62 832.402 29604.5 24406.4 12341.6 12064.8
internal_count=34290 775 33515 32696 326 32370 20709 1132 829 637 11661 10670 5884 4786
is_linear=0
shrinkage=0.04


Tree=125
num_leaves=15
num_cat=0
split_feature=4 9 9 10 3 8 11 4 7 10 10 8 6 4
split_gain=64.9525 117.247 114.751 80.8408 109.781 151.087 113.852 139.712 126.496 109.618 101.442 254.876 234.221 114.531
threshold=32.291666030883796 78.375000000000014 76.875000000000014 0.40282487869262701 37.244791030883796 18.875000000000004 0.16360588744282725 50.411458969116218 0.28141736984252935 0.24037779867649081 0.24037779867649081 18.875000000000004 0.32890588045120245 85.192707061767592
decision_type=2 2 2 2 2 2 2 2 2 2 2 2 2 2
left_child=1 2 -1 4 5 -2 9 -8 -9 -7 -6 -12 -13 -14
right_child=3 -3 -4 -5 10 6 7 8 -10 -11 11 12 13 -15
leaf_value=-0.035439826517866022 -0.044770051403461686 -0.040306514367249816 0.013315992575652996 0.0093948873058284348 0.00043056882638161758 -0.055916279624044947 -0.054115977374434174 0.011526167213115833 -0.024336122713863869 0.011167548941254393 -0.019587417117865272 0.022537722730298682 -0.011524747103316755 0.010910321785980797
leaf_weight=87.315733056515455 169.2620744984597 159.30617721378803 255.57804991304874 1435.847483932972 69674.208464067429 103.94970254600048 51.806404691189528 707.64041425660253 181.16207422688603 48.38935974240303 1416.3864838182926 616.89614981412888 1348.3096050620079 478.35222971439362
leaf_count=170 1129 386 254 714 26950 511 653 1296 200 44 812 306 774 91
internal_value=-3.67816e-05 -0.0140959 -0.000368305 5.95093e-05 -0.000122163 -0.0117257 -0.00589564 -0.00041065 0.00384176 -0.0357845 8.01451e-05 -0.00621482 0.00163258 -0.00559509
internal_weight=76734.4 502.2 342.894 76232.2 74796.4 1262.21 1092.95 940.609 888.802 152.339 73534.2 3859.94 2443.56 1826.66
internal_count=34290 810 424 33480 32766 3833 2704 2149 1496 555 28933 1983 1171 865
is_linear=0
shrinkage=0.04


Tree=126
num_leaves=15
num_cat=0
split_feature=7 4 7 3 8 7 9 10 7 3 4 8 3 4
split_gain=64.6133 141.962 107.906 145.042 101.51 129.15 127.955 91.3919 86.6616 81.2273 77.2287 73.6513 161.299 134.522
threshold=31.604146957397464 86.447917938232436 62.697172164916999 60.807291030883796 19.375000000000004 45.650768280029304 77.125000000000014 -0.18581509590148923 79.406692504882827 62.046875000000007 78.192707061767592 17.625000000000004 47.536458969116218 67.588542938232436
decision_type=2 2 2 2 2 2 2 2 2 2 2 2 2 2
left_child=11 4 -3 -4 5 9 -6 -8 -5 10 -2 12 13 -1
right_child=1 2 3 8 6 -7 7 -9 -10 -11 -12 -13 -14 -15
leaf_value=-0.038029088596228069 0.015416983830479529 0.0072589470620804588 -0.017289483711891544 -0.0085619092355021433 -0.022207231139671931 -0.0076744939026982496 -0.012781472820058124 0.012252387111220587 0.0093799549522633925 0.018941102788604062 -0.0057486925182629279 -0.00010857551150498471 -0.0012891414775523106 -0.0093946718550374352
leaf_weight=321.41034059226513 400.84866696596146 7862.5059888958931 708.4050555229187 617.15495121479034 826.21050798892975 1538.6975483745337 454.93195676803589 438.7031397819519 1317.2989947795868 660.60260677337646 781.33504575490952 53717.868940783665 5834.2523713409901 1236.182297475636
leaf_count=668 115 1398 193 125 282 396 156 96 197 70 193 27164 2250 987
internal_value=-3.75885e-05 0.00225781 0.00491323 -0.0020674 -0.00320842 0.000826327 -0.0110597 -0.000492671 0.00362687 0.00793057 0.00156514 -0.000624353 -0.00436219 -0.0157106
internal_weight=76716.4 15606.7 10505.4 2642.86 5101.33 3381.48 1719.85 893.635 1934.45 1842.79 1182.18 61109.7 7391.85 1557.59
internal_count=34290 3221 1913 515 1308 774 534 252 322 378 308 31069 3905 1655
is_linear=0
shrinkage=0.04


Tree=127
num_leaves=15
num_cat=0
split_feature=8 11 11 3 10 10 6 3 4 10 9 8 10 3
split_gain=61.3107 123.376 105.691 84.9613 163.328 154.077 90.1422 83.083 81.6073 74.5662 72.4555 108.131 140.492 186.978
threshold=21.375000000000004 -0.98485535383224476 -0.99896219372749318 32.622396469116218 -0.96628439426422108 -0.94080436229705799 0.10172277688980104 29.380208015441898 62.359375000000007 -0.99904707074165333 74.125000000000014 17.625000000000004 -0.99567621946334828 52.348958969116218
decision_type=2 2 2 2 2 2 2 2 2 2 2 2 2 2
left_child=2 -2 8 4 -4 7 -7 -6 -1 -5 -11 -12 13 -13
right_child=1 -3 3 9 5 6 -8 -9 -10 10 11 12 -14 -15
leaf_value=-0.025646656552605143 0.019182224826109449 0.0010400930785873282 -0.062893253704312854 -0.010170025705325457 0.015256210881314592 -0.057048139716192069 0.013804029853809279 -0.016350399792396927 -0.0052927648249487492 0.0023782298371109074 -0.0069174029880780686 -0.0093223145290257884 -0.00051374396745472429 0.015039474945988321
leaf_weight=366.80186349153519 760.04972738027573 2606.0644429177046 73.530351847410202 1086.9313758686185 343.43229842185974 102.79175426065922 28.71663748472929 190.62798315286636 1799.9064792990685 19256.097119435668 3864.4884160757065 658.12007039785385 43578.664261404425 1985.2394306063652
leaf_count=372 192 1248 620 1095 116 2109 58 168 723 5138 2180 323 19458 490
internal_value=-3.67545e-05 0.00522559 -0.000279657 -1.35104e-05 -0.013324 -0.0061727 -0.0417967 0.00379155 -0.00894153 0.000129915 0.00029425 -0.000507579 3.10875e-05 0.00894964
internal_weight=76701.5 3366.11 73335.3 71168.6 739.099 665.569 131.508 534.06 2166.71 70429.5 69342.6 50086.5 46222 2643.36
internal_count=34290 1440 32850 31755 3071 2451 2167 284 1095 28684 27589 22451 20271 813
is_linear=0
shrinkage=0.04


Tree=128
num_leaves=15
num_cat=0
split_feature=4 5 7 2 9 10 10 3 6 1 4 7 10 9
split_gain=60.1849 80.1755 75.5816 84.9845 97.1272 81.4943 296.532 294.509 147.952 137.779 136.21 118.004 189.137 146.851
threshold=95.656250000000014 98.750000000000014 67.077541351318374 0.77083334326744091 75.875000000000014 -0.43016152083873743 -0.50603522360324849 58.848958969116218 3.7210822105407719 5.5892944335937509 69.255207061767592 0.15621185302734378 0.24037779867649081 75.875000000000014
decision_type=2 2 2 2 2 2 2 2 2 2 2 2 2 2
left_child=2 -2 5 4 -4 6 9 8 10 -1 -8 12 -7 -14
right_child=1 -3 3 -5 -6 11 7 -9 -10 -11 -12 -13 13 -15
leaf_value=-0.00080877346800918765 0.011745297475291488 -0.00037374676100727726 -0.024901284893016934 0.0032981515283344565 -0.0042530650637483567 -0.030252111250771554 0.011961152201454271 -0.037477074407101914 0.0087322440458319616 0.014960024196057155 -0.02548871913289702 0.0019895257097716831 -0.021559959317490898 0.013406952178566417
leaf_weight=36746.016614545137 1564.3064621686935 1943.8993980586529 613.87806934118271 770.62346291542053 881.92635864019394 460.41342806816101 191.46864265203476 660.82287561893463 640.38494646549225 888.48006963729858 624.79884231090546 29888.505834832788 273.28757601976395 537.62865060567856
leaf_count=19620 318 457 212 103 243 581 105 303 194 187 530 10598 311 528
internal_value=-3.66895e-05 0.00506607 -0.000282636 -0.00744075 -0.0129438 -5.18207e-05 -0.00125211 -0.0157449 -0.00551182 -0.000428753 -0.0166283 0.00147926 -0.0103619 0.00138742
internal_weight=76686.4 3508.21 73178.2 2266.43 1495.8 70911.8 39752 2117.48 1456.65 37634.5 816.267 31159.8 1271.33 810.916
internal_count=34290 775 33515 558 455 32957 20939 1132 829 19807 635 12018 1420 839
is_linear=0
shrinkage=0.04


Tree=129
num_leaves=15
num_cat=0
split_feature=4 7 10 4 3 8 9 6 10 3 8 8 4 8
split_gain=60.9921 115.834 76.2813 99.2582 175.091 129.335 107.289 84.2495 244.662 184.637 179.968 151.864 139.996 81.8902
threshold=32.291666030883796 0.34375190734863287 0.40282487869262701 50.411458969116218 34.986978530883796 20.125000000000004 76.625000000000014 1.0000000180025095e-35 -0.9769422411918639 35.856771469116218 18.625000000000004 20.875000000000004 58.223958969116218 18.375000000000004
decision_type=2 2 2 2 2 2 2 2 2 2 2 2 2 2
left_child=1 -1 3 4 -2 -6 -7 8 12 11 -10 -9 -5 -4
right_child=2 -3 13 7 5 6 -8 9 10 -11 -12 -13 -14 -15
leaf_value=-0.031023208250508916 -0.05996520557718777 0.006493666199634051 -0.0056195516154267126 0.011046796868371135 -0.020420816461696339 -0.015639472191952913 0.012994823081861697 -0.046576451442714169 -0.031954781608337375 5.8511669873055445e-05 0.021598569229947226 0.0063957447601723852 -0.060029603018934612 0.015162731413196127
leaf_weight=262.6068152859807 85.068727724254131 235.72235602140427 416.41758435964584 63.181033350527287 599.99872967600822 298.12271031737328 594.62860463559628 225.55358336865902 93.217643190175295 71509.924753859639 1043.0253879241645 127.02143090218306 95.624656528234482 1017.2379094958305
leaf_count=590 1091 220 261 132 589 241 319 506 419 27634 1249 118 468 453
internal_value=-3.6159e-05 -0.013711 5.68829e-05 -0.000119604 -0.00998213 -0.00637856 0.0032996 9.57752e-05 0.0101289 -8.78012e-05 0.0167283 -0.0281734 -0.0336791 0.00913207
internal_weight=76667.4 498.329 76169 74735.4 1577.82 1492.75 892.751 73157.5 1295.05 71862.5 1136.24 352.575 158.806 1433.66
internal_count=34290 810 33480 32766 2240 1149 560 30526 2268 28258 1668 624 600 714
is_linear=0
shrinkage=0.04


Tree=130
num_leaves=15
num_cat=0
split_feature=2 6 1 4 4 4 3 4 11 8 3 8 11 4
split_gain=58.3781 64.805 73.4987 181.307 66.0894 64.8772 91.3755 64.4047 57.0989 140.356 107.748 144.877 89.7248 192.309
threshold=0.85416665673255932 39.128978729248054 5.7128906250000009 88.302082061767592 95.656250000000014 83.213542938232436 62.296875000000007 86.447917938232436 -0.99896219372749318 21.125000000000004 63.213541030883796 18.125000000000004 -0.98485535383224476 67.359375000000014
decision_type=2 2 2 2 2 2 2 2 2 2 2 2 2 2
left_child=1 2 8 -4 5 -3 -7 -2 9 10 11 -1 13 -10
right_child=7 4 3 -5 -6 6 -8 -9 12 -11 -12 -13 -14 -15
leaf_value=0.0023495552321822866 -0.0019575686219540818 0.0017026184289773549 -0.0096375794425249198 0.016877131178785781 0.0057976635522045093 -0.031561599574801133 -0.0072464032584440711 0.0089015569906523706 0.011920389645340186 0.01584389579140261 0.010492392422163878 -0.026495369536891657 -0.00075184211192148734 -6.5473006523469754e-06
leaf_weight=407.12480300664902 1385.8829469680786 418.454913854599 611.29165300726891 1185.873807489872 444.85805940628052 394.09985589981079 655.03420865535736 2317.1869518756866 2936.692542552948 327.80552452802658 258.91856718063354 841.9942781329155 56406.216846335679 8057.9351574480534
leaf_count=204 200 121 236 200 82 137 148 284 969 123 52 698 28546 2290
internal_value=-3.69027e-05 -0.000286184 -8.95403e-05 0.00785155 -0.00751359 -0.0115722 -0.0167998 0.00484882 -0.000297874 -0.00721946 -0.0123746 -0.0172051 -0.00010726 0.00319503
internal_weight=76649.4 72946.3 71033.9 1797.17 1912.45 1467.59 1049.13 3703.07 69236.7 1835.84 1508.04 1249.12 67400.8 10994.6
internal_count=34290 33806 33318 436 488 406 285 484 32882 1077 954 902 31805 3259
is_linear=0
shrinkage=0.04


Tree=131
num_leaves=15
num_cat=0
split_feature=4 7 10 4 3 8 9 4 9 6 10 3 8 8
split_gain=57.0888 96.6338 77.9177 118.384 169.642 136.901 99.897 95.3602 87.4473 77.4817 229.404 172.555 168.676 143.751
threshold=27.471353530883793 0.500929355621338 0.40282487869262701 50.411458969116218 34.986978530883796 20.125000000000004 76.625000000000014 47.856769561767585 76.625000000000014 1.0000000180025095e-35 -0.9769422411918639 35.856771469116218 18.625000000000004 20.875000000000004
decision_type=2 2 2 2 2 2 2 2 2 2 2 2 2 2
left_child=1 -1 3 4 -2 7 -4 -6 -7 10 -5 13 -12 -11
right_child=2 -3 6 9 5 8 -8 -9 -10 11 12 -13 -14 -15
leaf_value=-0.032440570095289521 -0.059862610219395873 0.014033697731962809 0.0018887301791306033 -0.033031845044466143 -0.033073380780078446 -0.015077167476050991 0.023619279043217686 -0.0012025540908609828 0.010341268882757706 -0.045465148248377683 -0.031167566699054742 5.662385455498857e-05 0.02081917774640803 0.0062021020945547825
leaf_weight=192.3899732939899 85.306470416486263 93.987090259790421 1059.1953859329224 156.15442137420177 391.91294068098068 297.63793450593948 480.18578320741653 238.87622042000294 662.09830771386623 222.23333617299795 92.548140371218324 71496.104580909014 1040.0537907686085 126.98876646161079
leaf_count=460 1122 80 609 600 497 241 189 161 405 506 419 27634 1249 118
internal_value=-3.54975e-05 -0.0172676 3.36432e-05 -0.000150782 -0.0105989 -0.00724607 0.00888323 -0.021412 0.00231152 9.14627e-05 0.00973664 -8.42133e-05 0.0161041 -0.027359
internal_weight=76635.7 286.377 76349.3 74809.9 1675.83 1590.53 1539.38 630.789 959.736 73134.1 1288.76 71845.3 1132.6 349.222
internal_count=34290 540 33750 32952 2426 1304 798 658 646 30526 2268 28258 1668 624
is_linear=0
shrinkage=0.04


Tree=132
num_leaves=15
num_cat=0
split_feature=7 4 7 3 8 9 7 10 7 3 4 10 10 8
split_gain=55.8958 122.413 95.5839 128.186 93.1014 116.904 115.93 83.096 78.4191 74.8783 70.9038 68.3275 413.89 281.878
threshold=31.604146957397464 86.447917938232436 62.697172164916999 60.807291030883796 19.375000000000004 77.125000000000014 45.650768280029304 -0.18581509590148923 79.406692504882827 62.046875000000007 78.192707061767592 -0.90836843848228443 -0.81911277770996083 18.875000000000004
decision_type=2 2 2 2 2 2 2 2 2 2 2 2 2 2
left_child=11 4 -3 -4 6 -6 9 -7 -5 10 -2 -1 13 -13
right_child=1 2 3 8 5 7 -8 -9 -10 -11 -12 12 -14 -15
leaf_value=0.0012970640249233792 0.014800052754401799 0.006775475453342698 -0.016371432752557553 -0.0082629825207085634 -0.021193867282421164 -0.012139839048141705 -0.0071740413486655339 0.011747125430026996 0.0088157876597655203 0.018211380103503209 -0.0054970701225093366 -0.0024036159454260209 -0.00034752380552714724 -0.026204550087485734
leaf_weight=20530.313716914505 399.93476524949074 7854.4018675088882 704.22123956680298 616.25751304626465 822.87753444910049 454.21749252080917 1536.7795458883047 438.13103878498077 1315.1936869621277 658.69559872150421 780.84074521064758 1475.1242127362639 37310.680249929428 1721.0086534004658
leaf_count=10507 115 1398 193 125 282 156 396 96 197 70 193 1249 17164 2149
internal_value=-3.60037e-05 0.00210075 0.00456797 -0.00201197 -0.00298048 -0.010511 0.000884611 -0.000411248 0.00333772 0.00762193 0.00150967 -0.000581984 -0.00153452 -0.0153029
internal_weight=76618.7 15581.6 10490.1 2635.67 5091.48 1715.23 3376.25 892.349 1931.45 1839.47 1180.78 61037.1 40506.8 3196.13
internal_count=34290 3221 1913 515 1308 534 774 252 322 378 308 31069 20562 3398
is_linear=0
shrinkage=0.04


Tree=133
num_leaves=15
num_cat=0
split_feature=8 11 11 3 10 10 6 4 10 7 9 5 10 3
split_gain=55.4663 110.336 93.6856 78.0913 149.268 136.411 86.8956 71.6702 70.8882 92.822 119.147 71.489 94.4098 69.1187
threshold=21.375000000000004 -0.98485535383224476 -0.99896219372749318 32.622396469116218 -0.96628439426422108 -0.94080436229705799 0.10172277688980104 66.890625000000014 -0.90836843848228443 10.434222221374513 74.875000000000014 94.250000000000014 -0.43016152083873743 29.380208015441898
decision_type=2 2 2 2 2 2 2 2 2 2 2 2 2 2
left_child=2 -2 7 4 -4 13 -7 -1 -3 10 -10 12 -12 -6
right_child=1 8 3 -5 5 6 -8 -9 9 -11 11 -13 -14 -15
leaf_value=-0.019561358065694836 0.018199747887558054 0.0088606539677811014 -0.06185414984103664 0.00012051901638666315 0.013701839563426792 -0.055776572356380713 0.014009305435419934 -0.0036479580926724237 -0.016401761260177752 -0.016421711367265713 -0.019330839586353298 0.031732053621731975 0.017622607599955757 -0.01530687711006818
leaf_weight=631.06798553466797 757.31607502698898 1065.0116917826235 68.174430295825005 70357.613707311451 340.61433309316635 98.122663384303451 28.557887297123671 1528.9682322740555 305.14868701249361 603.39709466695786 160.1400244385004 201.72282814979553 267.81580168008804 187.36501786112785
leaf_count=562 192 480 620 28684 116 2109 58 533 217 210 154 49 138 168
internal_value=-3.50239e-05 0.00497438 -0.000266169 -1.5659e-05 -0.012917 -0.00613827 -0.0402795 -0.00843396 0.00101752 -0.00445682 0.00344828 0.0132766 0.00354903 0.00322452
internal_weight=76601 3360.55 73240.5 71080.4 722.834 654.66 126.681 2160.04 2603.24 1538.22 934.827 629.679 427.956 527.979
internal_count=34290 1440 32850 31755 3071 2451 2167 1095 1248 768 558 341 292 284
is_linear=0
shrinkage=0.04


Tree=134
num_leaves=15
num_cat=0
split_feature=10 8 6 3 4 9 7 9 9 11 1 7 6 4
split_gain=55.4096 76.9963 109.662 159.354 89.6596 76.1059 89.7331 69.3227 57.9814 140.313 111.125 114.66 150.089 125.038
threshold=-0.99904707074165333 19.875000000000004 25.70529937744141 46.567708969116218 87.989582061767592 75.875000000000014 12.303400039672853 74.625000000000014 73.625000000000014 0.16360588744282725 2.1492004394531254 4.2516231536865243 0.21914988756179812 78.192707061767592
decision_type=2 2 2 2 2 2 2 2 2 2 2 2 2 2
left_child=1 2 3 7 -5 -3 -7 -1 9 10 11 12 -2 -13
right_child=8 5 -4 4 -6 6 -8 -9 -10 -11 -12 13 -14 -15
leaf_value=0.024137595309828685 0.02015825303057615 0.025098186487143747 0.018535373634687023 -0.054195735071044145 -0.011790217692221546 0.0066400770191396095 -0.034877639730945334 -0.020315995366007592 -0.00040207959378690545 -0.017903535634230801 -0.0022470439291395212 0.018197597126731632 -0.018479465031898172 0.0050113629892950748
leaf_weight=108.60950183868408 200.39345106482506 150.6902980953455 98.703864991664886 222.24058729410172 139.35302758216858 236.10027669370174 104.74610334634781 80.351979821920395 62678.01271295175 495.3868902400136 3820.3427513837814 1397.8907088637352 588.35049602389336 6267.0989218950272
leaf_count=79 104 96 43 269 109 257 103 187 30102 420 576 309 388 1248
internal_value=-3.47755e-05 -0.00870758 -0.0175439 -0.0244352 -0.0393277 0.0031937 -0.00734474 0.00509938 9.86337e-05 0.00255314 0.00340656 0.00596076 -0.00840717 0.00745728
internal_weight=76588.3 1140.8 649.259 550.555 361.594 491.537 340.846 188.961 75447.5 12769.5 12274.1 8453.73 788.744 7664.99
internal_count=34290 1143 687 644 378 456 360 266 33147 3045 2625 2049 492 1557
is_linear=0
shrinkage=0.04


Tree=135
num_leaves=15
num_cat=0
split_feature=4 9 9 10 3 8 10 10 10 8 6 9 10 7
split_gain=53.6399 109.792 107.022 65.4983 89.0493 127.357 96.7784 100.24 87.831 233.676 219.699 129.376 151.978 96.862
threshold=32.291666030883796 78.375000000000014 76.875000000000014 0.40282487869262701 37.244791030883796 18.875000000000004 -0.94080436229705799 0.24037779867649081 0.24037779867649081 18.875000000000004 0.74295848608016979 77.125000000000014 0.32279463112354284 20.748281478881839
decision_type=2 2 2 2 2 2 2 2 2 2 2 2 2 2
left_child=1 2 -1 4 5 -2 -7 -8 -6 -10 -11 12 -12 -13
right_child=3 -3 -4 -5 8 6 7 -9 9 10 11 13 -14 -15
leaf_value=-0.034083262777440927 -0.041901394135424139 -0.038699392998928994 0.013434586080193678 0.0084714211064007977 0.00039529494390942591 -0.00016781978448360935 -0.052083471373285402 0.011743558825085978 -0.018647169805072715 0.018618419750741248 -0.039242850173518161 -0.01246210446836927 -0.00015716960973056744 0.012216289152556598
leaf_weight=84.781442496925592 159.76555959135294 154.49212276935577 254.54011049866676 1430.5768480598927 69581.33185159415 914.67619435489178 104.21554572694004 48.39862397313118 1408.206183552742 801.27070698142052 317.3253179192543 411.16678607463837 301.68973362445831 601.84452360868454
leaf_count=170 1129 386 254 714 26950 1060 1600 44 812 420 201 273 153 124
internal_value=-3.38907e-05 -0.0129146 0.000325723 5.30859e-05 -0.000110467 -0.0107097 -0.00535569 -0.0328266 6.95375e-05 -0.00580241 0.00172257 -0.0066977 -0.0207948 0.00215234
internal_weight=76574.3 493.814 339.322 76080.5 74649.9 1227.06 1067.29 152.614 73422.8 3841.5 2433.3 1632.03 619.015 1013.01
internal_count=34290 810 424 33480 32766 3833 2704 1644 28933 1983 1171 751 354 397
is_linear=0
shrinkage=0.04


Tree=136
num_leaves=15
num_cat=0
split_feature=3 7 7 4 8 7 10 10 10 8 10 9 1 1
split_gain=53.9343 55.1443 112.337 116.733 131.716 135.013 83.8732 72.3601 372.36 260.551 193.888 152.713 146.155 142.704
threshold=67.552082061767592 62.697172164916999 31.604146957397464 86.447917938232436 19.375000000000004 39.012193679809577 0.070834906771779074 -0.90836843848228443 -0.81911277770996083 18.875000000000004 -0.92599865794181813 73.625000000000014 2.0736694335937504 1.6788482666015627
decision_type=2 2 2 2 2 2 2 2 2 2 2 2 2 2
left_child=1 2 7 4 -4 -6 -3 10 9 13 -1 -11 -10 -9
right_child=-2 6 3 -5 5 -7 -8 8 12 11 -12 -13 -14 -15
leaf_value=-0.0005338152772871791 0.0074613803339183809 -0.0023323619619136948 0.00321608090958372 0.0065670597705387058 -0.0035650250024076569 -0.031255645555468975 -0.019731027803389714 0.0025876065631592533 0.00040330222849044355 0.0089242539482667933 0.0096186832974262722 -0.029284994888733588 -0.007475406764891588 -0.033203233509060966
leaf_weight=16821.439776485786 1485.6510969400406 2452.2647891044617 2661.2273996472359 7550.2158044576645 915.78262376785278 390.95053505897522 523.12913167476654 1287.4391621984541 32689.309729993343 178.48924804106355 3645.0820152759552 1532.7210119236261 4237.7076843976974 186.49083286523819
leaf_count=9647 224 559 572 1356 273 148 160 1162 15747 117 849 2032 1357 87
internal_value=-3.44536e-05 -0.000184741 3.61926e-05 0.00365365 -0.0018951 -0.0121958 -0.00550269 -0.000652595 -0.00163982 -0.0147179 0.00128197 -0.0252425 -0.000504408 -0.00232476
internal_weight=76557.9 75072.2 72096.9 11518.2 3967.96 1306.73 2975.39 60578.7 40112.2 3185.14 20466.5 1711.21 36927 1473.93
internal_count=34290 34066 33347 2349 993 421 719 30998 20502 3398 10496 2149 17104 1249
is_linear=0
shrinkage=0.04


Tree=137
num_leaves=15
num_cat=0
split_feature=8 11 11 3 10 10 6 4 10 10 7 9 5 10
split_gain=52.2478 102.03 86.9535 69.5052 145.489 124.469 82.7884 68.2523 64.1473 63.8412 85.4387 111.524 67.1815 87.2983
threshold=21.375000000000004 -0.98485535383224476 -0.99896219372749318 32.622396469116218 -0.96628439426422108 -0.94080436229705799 0.086058676242828383 62.359375000000007 -0.99904707074165333 -0.90836843848228443 10.434222221374513 74.875000000000014 94.250000000000014 -0.43016152083873743
decision_type=2 2 2 2 2 2 2 2 2 2 2 2 2 2
left_child=2 -2 7 4 -4 -6 -7 -1 -5 -3 11 -11 13 -13
right_child=1 9 3 8 5 6 -8 -9 -10 10 -12 12 -14 -15
leaf_value=-0.02350915843845415 0.017563141466564413 0.0084647666318050391 -0.061321506017754247 -0.0094799870645882866 0.0032355268594782445 -0.05469161401154958 0.013448829767962339 -0.004803109861804095 0.00026296997922026845 -0.015807489468456924 -0.015675161664459505 -0.018540850065416479 0.030901050582779178 0.017050332499302483
leaf_weight=362.32865744829178 755.79588580131531 1064.2705762907863 65.660011000931263 1078.3771740496159 526.83622178435326 93.013645123690367 29.096181254833937 1795.8142192363739 69233.478069569916 304.43182627856731 601.89235651493073 159.52048078179359 200.40528380870819 267.0810721218586
leaf_count=372 192 480 620 1095 284 2108 59 723 27589 217 210 154 49 138
internal_value=-3.41047e-05 0.00483308 -0.000258384 -1.69625e-05 -0.0122571 -0.00560779 -0.0388475 -0.00813068 0.000110888 0.00102327 -0.0041843 0.00341448 0.0129475 0.0035073
internal_weight=76538 3353.4 73184.6 71026.5 714.606 648.946 122.11 2158.14 70311.9 2597.6 1533.33 931.439 627.007 426.602
internal_count=34290 1440 32850 31755 3071 2451 2167 1095 28684 1248 768 558 341 292
is_linear=0
shrinkage=0.04


Tree=138
num_leaves=15
num_cat=0
split_feature=2 4 11 6 1 4 4 4 3 1 10 10 3 9
split_gain=51.9617 57.0899 88.1838 55.813 66.5827 157.506 59.1764 63.5932 83.0618 55.2492 50.803 255.821 279.354 136.193
threshold=0.85416665673255932 89.677082061767592 -0.94102901220321644 39.128978729248054 5.7128906250000009 88.463542938232436 95.656250000000014 83.213542938232436 62.296875000000007 7.2235107421875009 -0.43016152083873743 -0.50603522360324849 59.817708969116218 78.625000000000014
decision_type=2 2 2 2 2 2 2 2 2 2 2 2 2 2
left_child=3 2 -2 4 10 9 7 -5 -9 -6 11 -1 13 -13
right_child=1 -3 -4 6 5 -7 -8 8 -10 -11 -12 12 -14 -15
leaf_value=-0.00045964576773934444 0.0065489099033925373 0.010900542153907603 -0.0095856097626801067 0.0022793147593090819 0.004057994205954164 0.016047028422371851 0.0056124943047545783 -0.030205080890973682 -0.0069445255250937532 -0.019291102852944199 0.00098659133509941652 -0.011078500169363884 -0.040610318438303129 0.022287304853818104
leaf_weight=37972.07582760416 1470.0878186225891 1395.5089995861053 831.92974233627319 418.09828597307205 290.31844474375248 1168.3116886019707 444.14502036571503 389.88263535499573 654.52448713779449 331.33252228796482 29093.711056493223 1367.5087828636169 489.79011654853821 208.88036572933197
leaf_count=20012 173 169 142 121 92 197 82 137 148 147 11745 819 242 64
internal_value=-3.39842e-05 0.00457885 0.00068569 -0.000269372 -8.68618e-05 0.00748665 -0.00698685 -0.0108372 -0.0160322 -0.00860019 -0.000285063 -0.00120914 -0.0148468 -0.00643351
internal_weight=76526.1 3697.53 2302.02 72828.6 70921.9 1789.96 1906.65 1462.51 1044.41 621.651 69132 40038.3 2066.18 1576.39
internal_count=34290 484 315 33806 33318 436 488 406 285 239 32882 21137 1125 883
is_linear=0
shrinkage=0.04


Tree=139
num_leaves=15
num_cat=0
split_feature=4 9 9 7 10 4 3 8 3 6 6 10 3 8
split_gain=50.4159 103.27 100.24 66.1514 59.9382 84.6193 152.2 116.515 87.8807 113.38 75.794 208.63 156.411 154.974
threshold=32.291666030883796 78.375000000000014 76.875000000000014 0.500929355621338 0.40282487869262701 50.411458969116218 34.986978530883796 18.875000000000004 46.859375000000007 0.14088302850723269 1.0000000180025095e-35 -0.9769422411918639 35.856771469116218 18.625000000000004
decision_type=2 2 2 2 2 2 2 2 2 2 2 2 2 2
left_child=1 2 -1 -3 5 6 -2 -8 9 -9 11 -7 -12 -13
right_child=4 3 -4 -5 -6 10 7 8 -10 -11 12 13 -14 -15
leaf_value=-0.033192584991643362 -0.057906292134997067 -0.055380690345673687 0.01294167264132836 -0.0022131010717869547 0.0081065942870502863 -0.031595633061277814 -0.034345970235261945 0.020360864456924303 -0.011549462288383496 -0.014546588829149328 -0.026263189161816611 -0.029926999685443045 5.2529663799761412e-05 0.020240127810425383
leaf_weight=83.909114301204681 76.892456999048591 94.513900682330132 254.23509179055691 58.193242132663727 1429.6479680240154 152.47341844439507 181.10995596647263 427.96685536205769 669.15316408872604 205.83438497781754 343.21089238673449 91.043863950297236 71410.136740796268 1033.4614827204496
leaf_count=170 1091 322 254 64 714 600 234 274 464 177 624 419 27634 1249
internal_value=-3.3214e-05 -0.0125572 0.000279353 -0.0377223 5.09322e-05 -0.000105598 -0.00926115 -0.00600426 -0.0016051 0.00892607 9.25759e-05 0.00967601 -8.06271e-05 0.0157264
internal_weight=76511.8 490.851 338.144 152.707 76020.9 74591.3 1560.96 1484.06 1302.95 633.801 73030.3 1276.98 71753.3 1124.51
internal_count=34290 810 424 386 33480 32766 2240 1149 915 451 30526 2268 28258 1668
is_linear=0
shrinkage=0.04


Tree=140
num_leaves=15
num_cat=0
split_feature=7 8 10 10 10 9 11 4 3 10 9 10 8 9
split_gain=49.1189 352.851 202.072 659.303 499.869 260.434 245.17 172.028 171.293 157.112 335.41 142.67 124.473 115.508
threshold=0.93888044357299816 18.375000000000004 -0.70910638570785511 -0.76694479584693898 -0.50603522360324849 75.375000000000014 -0.94102901220321644 58.984375000000007 46.411458969116218 -0.9550008475780486 74.125000000000014 -0.9769422411918639 18.625000000000004 75.375000000000014
decision_type=2 2 2 2 2 2 2 2 2 2 2 2 2 2
left_child=1 8 3 5 -4 9 7 -6 -1 -3 -11 12 -7 -8
right_child=-2 2 4 -5 6 11 13 -9 -10 10 -12 -13 -14 -15
leaf_value=-0.037902978333683932 0.00031049974321107075 0.021577152842503975 -0.039485063931445803 0.037810986331632525 -0.024224986642131911 0.017958466357140539 -0.0062849124702042862 0.0030759654480277429 -0.0087633876687260165 0.028137067177494601 -0.055365892931264267 -0.0091803608161202584 -0.058215035553905586 0.018106832024821301
leaf_weight=570.03860367462039 68569.542777400464 705.71753767877817 564.53095370531082 849.44644957780838 733.43702874332666 32.303722143173218 409.36490273475647 716.42740954458714 748.31991076469421 138.85011058673263 131.14066784642637 996.50736155733466 165.24654743075371 1165.8773510456085
leaf_count=1437 25210 394 680 209 922 37 292 378 560 200 416 1963 794 798
internal_value=-3.44367e-05 -0.00301137 0.000779212 0.00837662 -0.00562191 -0.00338679 0.000915299 -0.0108764 -0.021741 0.0118111 -0.0134434 -0.0157956 -0.0452532 0.0117687
internal_weight=76496.8 7927.21 6608.85 3019.21 3589.64 2169.77 3025.11 1449.86 1318.36 975.708 269.991 1194.06 197.55 1575.24
internal_count=34290 9080 7083 4013 3070 3804 2390 1300 1997 1010 616 2794 831 1090
is_linear=0
shrinkage=0.04


Tree=141
num_leaves=15
num_cat=0
split_feature=4 9 9 10 4 3 8 4 9 8 4 5 11 10
split_gain=49.7865 101.803 76.049 59.9011 89.9226 148.468 119.862 88.4925 87.2897 78.4001 71.9161 69.9084 197.276 150.739
threshold=29.860676765441898 78.375000000000014 77.375000000000014 0.40282487869262701 50.411458969116218 34.986978530883796 20.125000000000004 47.856769561767585 76.625000000000014 18.375000000000004 67.130207061767592 71.750000000000014 -0.99896219372749318 0.24037779867649081
decision_type=2 2 2 2 2 2 2 2 2 2 2 2 2 2
left_child=1 2 -1 4 5 -2 7 -7 -8 10 -5 12 -6 -13
right_child=3 -3 -4 9 11 6 8 -9 -10 -11 -12 13 -14 -15
leaf_value=-0.023237200131367618 -0.057651079157394251 -0.040120547718586697 0.018422723765245206 -0.018509142709278153 -0.032198291425995146 -0.031568031906308483 -0.014504890900701348 -0.00049617015939057581 0.011124056705850142 0.013689017729069868 0.014188785139280439 0.00023010554202955517 0.011063557981693036 -0.0097186990475069037
leaf_weight=98.919646752998233 76.386592857539654 130.31902959942818 150.94273144006729 266.72335451841354 165.60626655817032 368.90414267778397 296.653823569417 236.47307060658932 629.3828059732914 1058.5283506214619 154.19916233420372 68426.6706361752 1896.1668474078178 2506.6624664068222
leaf_count=173 1115 363 139 207 196 463 241 161 358 481 63 27587 1638 1105
internal_value=-3.43749e-05 -0.0141061 0.00142988 3.96299e-05 -0.000119437 -0.00941776 -0.00629971 -0.0198347 0.0027808 0.00795536 -0.00643045 8.78928e-05 0.00731272 -0.000124109
internal_weight=76462.5 380.181 249.862 76082.4 74602.9 1607.8 1531.41 605.377 926.037 1479.45 420.923 72995.1 2061.77 70933.3
internal_count=34290 675 312 33615 32864 2338 1223 624 599 751 270 30526 1834 28692
is_linear=0
shrinkage=0.04


Tree=142
num_leaves=15
num_cat=0
split_feature=3 7 7 4 8 7 10 10 10 8 8 9 4 8
split_gain=48.5973 50.0627 102.668 103.675 120.301 125.675 75.1252 67.0138 339.762 243.11 183.15 255.138 241.073 169.148
threshold=67.552082061767592 62.697172164916999 31.604146957397464 86.447917938232436 19.375000000000004 39.012193679809577 0.070834906771779074 -0.90836843848228443 -0.81911277770996083 18.875000000000004 17.875000000000004 76.875000000000014 79.807292938232436 20.875000000000004
decision_type=2 2 2 2 2 2 2 2 2 2 2 2 2 2
left_child=1 2 7 4 -4 -6 -3 10 9 -9 -1 -12 13 -13
right_child=-2 6 3 -5 5 -7 -8 8 -10 -11 11 12 -14 -15
leaf_value=-0.0072938127330053823 0.0070829725950332413 -0.0022504877441643237 0.0031409743589153887 0.0062388084355175953 -0.0032952010351117466 -0.030079999006750333 -0.018748571735303636 -0.0021297052189652079 -0.00049312656192429148 -0.024308913772935165 0.0069155641217749312 -0.031322645288376083 0.00031181705538664551 0.00047649688568112395
leaf_weight=3346.6315772552043 1484.6078563928604 2449.8768513202667 2659.6290710866451 7544.8502062559128 914.88853764533997 387.86918497085571 520.74466454982758 1471.1825607195497 36870.480870842934 1700.2073129620403 10220.499825535342 713.2372846994549 5743.6273408345878 420.56161989271641
leaf_count=1812 224 559 572 1356 273 148 160 1249 17104 2149 4748 1200 2243 493
internal_value=-3.47456e-05 -0.000177558 3.30849e-05 0.00349285 -0.00174084 -0.0116041 -0.00524861 -0.000626055 -0.00157716 -0.014098 0.00123645 0.00291268 -0.00303879 -0.0197235
internal_weight=76448.9 74964.3 71993.7 11507.2 3962.39 1302.76 2970.62 60486.4 40041.9 3171.39 20444.6 17097.9 6877.43 1133.8
internal_count=34290 34066 33347 2349 993 421 719 30998 20502 3398 10496 8684 3936 1693
is_linear=0
shrinkage=0.04


Tree=143
num_leaves=15
num_cat=0
split_feature=8 11 11 3 8 8 3 10 10 6 3 4 10 8
split_gain=48.0147 94.2886 80.1847 64.218 106.528 92.7443 63.8553 133.627 110.771 78.111 60.3697 58.5178 57.8784 61.3671
threshold=21.375000000000004 -0.98485535383224476 -0.99896219372749318 63.078125000000007 18.125000000000004 20.875000000000004 32.622396469116218 -0.96628439426422108 -0.94080436229705799 0.10172277688980104 29.380208015441898 74.255207061767592 -0.99904707074165333 19.875000000000004
decision_type=2 2 2 2 2 2 2 2 2 2 2 2 2 2
left_child=2 -2 3 4 -1 11 7 -4 10 -10 -9 -6 13 -8
right_child=1 -3 6 -5 5 -7 12 8 9 -11 -12 -13 -14 -15
leaf_value=0.0017478972477908046 0.016887931076864714 0.00096928840203789745 -0.060282201313206454 0.003186853696414181 -0.033612848626948223 0.0018684641622060258 -0.016686101170805899 0.012530058053855309 -0.053265767133373797 0.013611332524315145 -0.0146970442680949 -0.0081887340126769754 0.00024864806398495147 0.0025674235116041649
leaf_weight=565.86316066980362 754.09668976068497 2590.0879047568887 61.144960723817348 603.09783220291138 531.4727543592453 236.45248168706894 641.89349558949471 339.06275969743729 89.109401730820537 28.225452624261379 184.98961895704269 217.94888240098953 69150.935059156269 433.68557377904654
leaf_count=227 192 1248 620 103 548 129 687 116 2109 58 168 88 27589 408
internal_value=-3.44596e-05 0.00463792 -0.00024947 -0.00781491 -0.012077 -0.0198891 -1.7492e-05 -0.0118481 -0.0055475 -0.0375388 0.00273197 -0.026624 0.000104199 -0.00901771
internal_weight=76428.1 3344.18 73083.9 2154.84 1551.74 985.874 70929 702.532 641.387 117.335 524.052 749.422 70226.5 1075.58
internal_count=34290 1440 32850 1095 992 765 31755 3071 2451 2167 284 636 28684 1095
is_linear=0
shrinkage=0.04


Tree=144
num_leaves=15
num_cat=0
split_feature=4 7 9 8 10 3 8 11 10 4 9 8 10 8
split_gain=46.4746 94.3722 55.3411 61.5254 50.9709 72.1216 112.95 73.0347 124.127 105.218 103.027 99.8947 70.7163 208.075
threshold=32.291666030883796 0.34375190734863287 78.375000000000014 19.875000000000004 0.40282487869262701 37.244791030883796 18.625000000000004 0.16360588744282725 0.24037779867649081 54.869791030883796 76.125000000000014 20.125000000000004 0.24037779867649081 18.875000000000004
decision_type=2 2 2 2 2 2 2 2 2 2 2 2 2 2
left_child=1 2 3 -1 5 6 -2 8 -8 -9 -11 -12 -7 -14
right_child=4 -3 -4 -5 -6 12 7 9 -10 10 11 -13 13 -15
leaf_value=-0.037247822953782088 -0.044512166236895079 0.0060621740714553209 -0.052454068584754369 0.0071072209823482462 0.007483977467306108 0.00035389772188254711 -0.053566491823805303 -0.026640549512143247 0.014983605733400636 0.021731033639745906 -0.041166431050766089 0.0032152125422633721 -0.017383422240273377 0.0018940522997256141
leaf_weight=68.790012458339334 113.55060412362218 232.82740511000156 79.437032982707024 102.76017919555306 1425.966673463583 69487.128031589091 94.849746450781822 182.29007977247238 55.544755816459656 333.59245109930634 86.039664577692747 335.22135703265667 1399.3033557236195 2419.8587077558041
leaf_count=148 929 220 290 152 714 26950 538 1100 49 263 417 537 812 1171
internal_value=-3.45672e-05 -0.0121432 -0.0282324 -0.0127108 4.57613e-05 -9.85659e-05 -0.00973979 -0.00537094 -0.029462 -0.000969919 0.00575692 -0.00730443 6.20144e-05 -0.00522279
internal_weight=76417.2 483.815 250.987 171.55 75933.3 74507.4 1201.09 1087.54 150.395 937.144 754.853 421.261 73306.3 3819.16
internal_count=34290 810 590 300 33480 32766 3833 2904 587 2317 1217 954 28933 1983
is_linear=0
shrinkage=0.04


Tree=145
num_leaves=15
num_cat=0
split_feature=2 4 11 6 1 4 4 4 3 1 1 0 3 10
split_gain=46.6589 53.5794 79.5068 50.2072 60.7069 141.044 54.4605 59.3863 76.4889 50.2207 48.1322 118.326 121.306 76.417
threshold=0.85416665673255932 89.677082061767592 -0.94102901220321644 39.128978729248054 5.7128906250000009 88.463542938232436 95.656250000000014 83.213542938232436 62.296875000000007 7.2235107421875009 1.8676757812500002 21.38471603393555 65.973957061767592 -0.89015004038810719
decision_type=2 2 2 2 2 2 2 2 2 2 2 2 2 2
left_child=3 2 -2 4 10 9 7 -5 -9 -6 11 12 -1 -12
right_child=1 -3 -4 6 5 -7 -8 8 -10 -11 13 -13 -14 -15
leaf_value=-0.00021296978102320577 0.0061360604547498641 0.010466419004893691 -0.0091888679810507353 0.0023326679239553841 0.0039611493556264915 0.015262336628245617 0.0054517696374075369 -0.029039556014325191 -0.0066662436746325804 -0.018328442762383143 0.0011093118650632916 0.013604923734370824 0.014339035272894577 -0.0043647486962989914
leaf_weight=50216.81516200304 1469.1623320579529 1393.6689546108246 831.38037919998169 417.82897102832794 290.01545362174511 1165.6200444698334 443.74207890033722 386.84193360805511 654.35206735134125 329.51813136041164 6882.5174022465944 1032.0022894144058 913.58206641674042 9977.55715239048
leaf_count=27540 173 169 142 121 92 197 82 137 148 147 2222 142 157 2821
internal_value=-3.54907e-05 0.00433751 0.000566406 -0.000258802 -8.55937e-05 0.00715575 -0.00663647 -0.010337 -0.0153694 -0.00809669 -0.000274898 0.000325783 5.25459e-05 -0.00213149
internal_weight=76404.6 3694.21 2300.54 72710.4 70807.6 1785.15 1902.77 1459.02 1041.19 619.534 69022.5 52162.4 51130.4 16860.1
internal_count=34290 484 315 33806 33318 436 488 406 285 239 32882 27839 27697 5043
is_linear=0
shrinkage=0.04


Tree=146
num_leaves=15
num_cat=0
split_feature=0 1 3 7 10 10 1 10 10 4 1 8 10 10
split_gain=43.9268 87.7526 63.0123 113.168 94.6843 57.3621 54.2983 158.749 218.471 205.189 129.637 89.7537 87.7356 109.667
threshold=21.38471603393555 2.0736694335937504 65.973957061767592 19.200754165649418 -0.50603522360324849 -0.35110740363597864 1.5758514404296877 -0.89015004038810719 -0.70910638570785511 92.802082061767592 4.2709350585937509 17.875000000000004 1.0000000180025095e-35 -0.18581509590148923
decision_type=2 2 2 2 2 2 2 2 2 2 2 2 2 2
left_child=2 5 6 -4 -5 -2 -1 10 9 -9 11 -8 13 -10
right_child=1 -3 3 4 -6 -7 7 8 12 -11 -12 -13 -14 -15
leaf_value=-3.3193649714809763e-05 0.0019385937443823814 0.00056324760778910811 0.022420726696664027 0.010820144911988133 -0.013011055950584612 0.014556065304384974 -0.012968695278677585 -0.031053668268923196 -0.0064939305719056819 0.0019709480711807069 0.021806894266432512 0.0018936070009311853 -0.010454525693385532 0.0064006063864373774
leaf_weight=46812.911072989926 1034.664306640625 11560.90683427453 512.33072566986084 552.95234370231628 479.14381814002991 1302.0884032249451 718.47053398191929 965.09150755405426 2159.6528438925743 430.19908833503723 455.01971833407879 5414.7645062431693 1970.3364854454994 2025.9090393781662
leaf_count=26338 182 2455 87 94 121 152 323 509 692 96 94 1834 826 487
internal_value=-3.40281e-05 0.00199832 -0.000486463 0.0074406 -0.000280355 0.00903318 -0.000689696 -0.00286013 -0.00681146 -0.0209875 0.00167563 0.000116087 -0.00354078 -0.000251918
internal_weight=76394.4 13897.7 62496.8 1544.43 1032.1 2336.75 60952.4 14139.4 7551.19 1395.29 6588.25 6133.24 6155.9 4185.56
internal_count=34290 2789 31501 302 215 334 31199 4861 2610 605 2251 2157 2005 1179
is_linear=0
shrinkage=0.04


Tree=147
num_leaves=15
num_cat=0
split_feature=4 7 9 8 10 4 3 8 3 6 6 10 3 8
split_gain=43.9217 89.3634 53.5005 58.2917 48.5008 69.0865 134.979 102.087 80.2815 104.174 66.9086 181.613 137.568 135.502
threshold=32.291666030883796 0.34375190734863287 78.375000000000014 19.875000000000004 0.40282487869262701 50.411458969116218 34.986978530883796 18.875000000000004 46.859375000000007 0.14088302850723269 1.0000000180025095e-35 -0.9769422411918639 35.856771469116218 18.625000000000004
decision_type=2 2 2 2 2 2 2 2 2 2 2 2 2 2
left_child=1 2 3 -1 5 6 -2 -8 9 -9 11 -7 -12 -13
right_child=4 -3 -4 -5 -6 10 7 8 -10 -11 12 13 -14 -15
leaf_value=-0.036405189692023866 -0.05592878007845057 0.005849227863956241 -0.051666486790751656 0.0068795949361686584 0.007301879317566793 -0.030044866279969974 -0.032266704550772581 0.019768815829479737 -0.010849472861439211 -0.013775986531586227 -0.02484107145052351 -0.028304205903757214 4.4976427145410694e-05 0.018989834455763823
leaf_weight=68.027046097442508 70.379978848621249 232.77267660200596 77.746425837278366 102.72337028197944 1425.634548842907 146.98830725625157 176.88284462690353 425.05261722207069 666.65779221057892 205.00835719704628 337.18486658483744 89.188033651560545 71331.918552421033 1023.4364803712815
leaf_count=148 1091 220 290 152 714 600 234 274 464 177 624 419 27634 1249
internal_value=-3.26161e-05 -0.011834 -0.0276002 -0.012374 4.53143e-05 -9.55216e-05 -0.0084138 -0.00542593 -0.00133014 0.00876603 8.2844e-05 0.00914891 -7.90036e-05 0.0147659
internal_weight=76379.6 481.27 248.497 170.75 75898.3 74472.7 1543.98 1473.6 1296.72 630.061 72928.7 1259.61 71669.1 1112.62
internal_count=34290 810 590 300 33480 32766 2240 1149 915 451 30526 2268 28258 1668
is_linear=0
shrinkage=0.04


Tree=148
num_leaves=15
num_cat=0
split_feature=8 11 11 3 8 8 7 8 6 11 10 10 9 5
split_gain=44.2135 86.1487 74.6626 58.8711 97.3582 86.637 58.6529 307.11 172.059 196.801 230.961 362.539 195.871 190.929
threshold=21.375000000000004 -0.98485535383224476 -0.99896219372749318 63.078125000000007 18.125000000000004 20.875000000000004 0.93888044357299816 18.375000000000004 0.17215758562088015 -0.96651518344879139 -0.76694479584693898 -0.70910638570785511 75.375000000000014 75.750000000000014
decision_type=2 2 2 2 2 2 2 2 2 2 2 2 2 2
left_child=2 -2 3 4 -1 -6 7 -4 9 13 12 -12 -11 -9
right_child=1 -3 6 -5 5 -7 -8 8 -10 10 11 -13 -14 -15
leaf_value=0.001572329144949181 0.016177263543222502 0.00094632235751113852 -0.02114521838595192 0.0029840214008099004 -0.025672471064549982 0.0018796739332653915 0.00036816011468740587 -0.03405793250186101 -0.010672113469589529 0.011733603575155451 0.038370094197702508 0.0041759163956702604 -0.0166085822640262 0.013333699596909181
leaf_weight=565.82154768705368 752.31973266601562 2588.2155587598681 1267.0448537971824 603.07335996627808 745.21800994873047 236.4166277050972 63769.978125145659 355.62346366047859 1596.9653287306428 694.07051950506866 754.43318441510201 1396.3008710294962 841.77826581150293 199.51549865305424
leaf_count=227 192 1248 1957 103 636 129 23348 462 1342 790 171 1234 2356 95
internal_value=-3.37452e-05 0.00445234 -0.000240121 -0.00754778 -0.0116379 -0.0191318 -1.6323e-05 -0.00345819 0.000439124 0.00465284 0.00801146 0.0164135 -0.00381418 -0.0171541
internal_weight=76366.8 3340.54 73026.2 2150.53 1547.46 981.635 70875.7 7105.73 5838.69 4241.72 3686.58 2150.73 1535.85 555.139
internal_count=34290 1440 32850 1095 992 765 31755 8407 6450 5108 4551 1405 3146 557
is_linear=0
shrinkage=0.04


Tree=149
num_leaves=15
num_cat=0
split_feature=4 5 7 7 1 4 10 10 3 9 3 8 7 9
split_gain=42.1706 74.6568 59.9069 57.2955 85.6081 133.773 86.0461 244.755 260.211 128.165 131.672 117.214 272.803 250.156
threshold=95.656250000000014 98.750000000000014 42.80891418457032 56.370162963867195 5.5892944335937509 88.463542938232436 -0.43016152083873743 -0.50603522360324849 59.817708969116218 78.625000000000014 50.515625000000007 19.125000000000004 1.001858711242676 74.125000000000014
decision_type=2 2 2 2 2 2 2 2 2 2 2 2 2 2
left_child=3 -2 -3 4 6 -6 7 11 9 10 -9 12 13 -1
right_child=1 2 -4 -5 5 -7 -8 8 -10 -11 -12 -13 -14 -15
leaf_value=0.021521736556752432 0.010699126562025483 -0.0082281141916197148 0.0056963676869898616 -0.0052263109389883459 -0.006823897263308054 0.018771997165854128 0.0014374820800099844 0.0039633990910957527 -0.038623829214723328 0.021562378318208585 -0.020985304232938061 -0.0026915251530343692 0.0035724799730506873 -0.020969693177073135
leaf_weight=249.36184440739453 1560.0160267353058 931.53035828471184 1009.3580836057663 3488.3669283986092 493.08174593746662 901.39310157299042 29450.370123237371 562.54714596271515 520.53595155477524 208.13913810253143 809.3746589422226 20240.238089395687 14617.720129126683 1303.5329220592976
leaf_count=398 318 277 180 819 183 143 11661 322 250 64 496 11278 5756 2145
internal_value=-3.25736e-05 0.00424297 -0.00100245 -0.000239164 1.31056e-05 0.00975286 -0.00018955 -0.00143387 -0.0146441 -0.00636013 -0.0108453 -0.000664133 0.00187368 -0.0139596
internal_weight=76345.6 3500.9 1940.89 72844.7 69356.3 1394.47 67961.8 38511.4 2100.6 1580.06 1371.92 36410.9 16170.6 1552.89
internal_count=34290 775 457 33515 32696 326 32370 20709 1132 882 818 19577 8299 2543
is_linear=0
shrinkage=0.04


Tree=150
num_leaves=15
num_cat=0
split_feature=10 8 6 3 4 9 7 9 9 11 4 10 0 10
split_gain=42.0228 69.6475 102.216 152.618 88.8374 68.0795 88.6377 63.2041 43.0177 130.328 106.484 150.266 145.32 108.358
threshold=-0.99904707074165333 19.875000000000004 25.70529937744141 46.567708969116218 87.989582061767592 75.875000000000014 12.303400039672853 74.625000000000014 73.625000000000014 0.16360588744282725 78.067707061767592 0.15618373081088069 4.0024995803833017 0.070834906771779074
decision_type=2 2 2 2 2 2 2 2 2 2 2 2 2 2
left_child=1 2 3 7 -5 -3 -7 -1 9 10 11 13 -12 -2
right_child=8 5 -4 4 -6 6 -8 -9 -10 -11 12 -13 -14 -15
leaf_value=0.024066980900784796 0.010897991043865603 0.024445375969924018 0.018673959449348475 -0.05269804501607929 -0.010502976508127539 0.007517063441810746 -0.033859126944446649 -0.018560324429640066 -0.00034782939169159519 -0.017537546423607508 -0.018484698540918273 -0.0025782441178224752 0.0025069086408532558 0.03592675647437054
leaf_weight=108.40636482834816 809.1185780018568 149.80073037743568 98.375001013278961 215.8093549311161 138.88646271824837 234.89736564457417 103.70140463113785 79.356283783912659 62455.320781346411 494.11846374161541 537.97445023059845 755.64416080713272 9720.8501335382462 424.24034404754639
leaf_count=79 246 96 43 269 109 257 103 187 30102 420 297 328 1696 58
internal_value=-3.1512e-05 -0.00762263 -0.0160989 -0.0228447 -0.0376184 0.00369493 -0.00633673 0.00599852 8.44799e-05 0.00220069 0.00302429 0.0114465 0.00137228 0.0199431
internal_weight=76326.5 1129.23 640.833 542.458 354.696 488.4 338.599 187.763 75197.3 12741.9 12247.8 1989 10258.8 1233.36
internal_count=34290 1143 687 644 378 456 360 266 33147 3045 2625 632 1993 304
is_linear=0
shrinkage=0.04


Tree=151
num_leaves=15
num_cat=0
split_feature=4 9 9 7 8 11 11 6 5 3 8 8 7 4
split_gain=41.6328 85.1738 90.7891 59.1311 45.3327 74.8 71.4417 67.2806 93.5695 54.7338 90.3535 80.7063 58.3228 56.3793
threshold=32.291666030883796 78.375000000000014 76.875000000000014 0.500929355621338 21.375000000000004 -0.98485535383224476 -0.99896219372749318 1.4696225523948672 94.250000000000014 63.078125000000007 18.125000000000004 20.875000000000004 8.6899280548095721 71.307292938232436
decision_type=2 2 2 2 2 2 2 2 2 2 2 2 2 2
left_child=1 2 -1 -3 6 -6 9 -7 -9 10 12 13 -2 -12
right_child=4 3 -4 -5 5 7 -8 8 -10 -11 11 -13 -14 -15
leaf_value=-0.032194675593474872 0.015547507931931753 -0.052652329094940165 0.012134433213952999 -0.0018495498524420105 0.015531619193341274 0.011345865180360633 5.5841131948880963e-05 -0.014641452635252333 0.0039913067451598384 0.00283664237428587 -0.033590291940691103 0.0017702271976137249 -0.0094928083633210279 -0.010281278739932391
leaf_weight=81.540055504068732 243.66704428195953 87.185961231589317 251.78525836765766 57.992746591567993 750.99942052364349 736.40920105390251 70375.352958507836 658.79963687062263 1165.7216981649399 603.00491261482239 447.21961683034897 236.40794175863266 322.03902387619019 295.03450375795364
leaf_count=170 129 322 254 64 192 505 31004 331 353 103 488 129 98 148
internal_value=-3.06083e-05 -0.0115524 8.18252e-05 -0.0350399 4.51192e-05 0.00460723 -0.000164433 0.00130809 -0.00282243 -0.00731734 -0.0112676 -0.0185039 0.00145543 -0.0248382
internal_weight=76313.2 478.504 333.325 145.179 75834.7 3311.93 72522.7 2560.93 1824.52 2147.37 1544.37 978.662 565.706 742.254
internal_count=34290 810 424 386 33480 1381 32099 1189 684 1095 992 765 227 636
is_linear=0
shrinkage=0.04


Tree=152
num_leaves=15
num_cat=0
split_feature=3 8 11 11 7 4 7 3 8 8 4 7 3 10
split_gain=40.8771 39.5429 73.1381 61.482 55.3809 93.5717 54.8929 53.2128 84.0459 75.2453 53.0242 53.7906 52.6378 124.686
threshold=68.322917938232436 21.375000000000004 -0.98485535383224476 -0.99896219372749318 0.75123310089111339 81.609375000000014 9.8832964897155779 63.078125000000007 18.125000000000004 20.875000000000004 71.307292938232436 0.68857669830322277 32.622396469116218 -0.96628439426422108
decision_type=2 2 2 2 2 2 2 2 2 2 2 2 2 2
left_child=1 3 -3 7 -4 -6 -7 8 -1 10 11 -10 13 -5
right_child=-2 2 4 12 5 6 -8 -9 9 -11 -12 -13 -14 -15
leaf_value=0.0014070237999670502 0.0088813785990300778 0.014949032244133867 0.015115069735577738 -0.059157800285541413 -0.014785168908578082 0.013484055806780375 -0.0019012617302296439 0.0030824687972268749 -0.011602996520068616 0.0017049745481557614 -0.009902689767674477 -0.042409274310312703 -6.7968671077819295e-06 -0.0049533997784056505
leaf_weight=565.12607157230377 794.72751545906067 749.859623670578 353.31463950499892 56.767328877002001 596.67333625257015 552.88926029205322 1041.5458934307098 597.94713294506073 156.2702362537384 236.40301382541656 294.83027267456055 287.7175058722496 69386.345519978553 633.22392050735652
leaf_count=227 111 192 343 620 370 214 313 102 157 129 148 331 28582 2451
internal_value=-3.04015e-05 -0.000126525 0.00414579 -0.000322512 0.000870235 -0.00154268 0.00353473 -0.00697206 -0.0108646 -0.0178612 -0.0240018 -0.0325339 -0.000117678 -0.0109537
internal_weight=76303.6 75508.9 3294.28 72214.6 2544.42 2191.11 1594.44 2138.29 1540.35 975.221 738.818 443.988 70076.3 689.991
internal_count=34290 34179 1432 32747 1240 897 527 1094 992 765 636 488 31653 3071
is_linear=0
shrinkage=0.04


Tree=153
num_leaves=15
num_cat=0
split_feature=2 4 6 1 10 3 9 1 7 3 0 10 10 5
split_gain=39.571 50.798 47.211 50.5041 99.3944 99.7238 93.354 64.7984 102.351 94.4233 71.7154 69.7846 204.801 71.3195
threshold=0.85416665673255932 86.447917938232436 39.128978729248054 4.0786743164062509 -0.10079899430274962 56.015625000000007 77.375000000000014 1.8676757812500002 31.604146957397464 65.973957061767592 14.198112487792971 -0.89015004038810719 -0.76694479584693898 96.250000000000014
decision_type=2 2 2 2 2 2 2 2 2 2 2 2 2 2
left_child=2 -2 3 7 5 -5 -6 8 9 -1 -10 13 -13 -9
right_child=1 -3 -4 4 6 -7 -8 11 10 -11 -12 12 -14 -15
leaf_value=-0.00031481824278314609 -0.0020513006961077403 0.0076045015776904645 -0.0064253656960208605 0.018400087050434732 -0.019027963599489005 0.0028647834500045728 0.008715148766682352 0.0040720104601065735 0.00066836054134271708 0.013080644871281364 0.013768194769494053 -0.02834650255698147 -0.0033534194749520558 -0.0047795097882058837
leaf_weight=48558.046826828271 1381.7601211071014 2309.5765988826752 1899.728466629982 919.77492795884609 478.42017531394958 2262.3789411187172 302.54639577865601 3696.6206412762403 1213.6445991843939 836.79527068138123 1474.8865747451782 541.99577832221985 8043.2692744731903 2375.2072570025921
leaf_count=27175 200 284 488 202 203 538 68 1251 306 144 214 294 2191 732
internal_value=-3.015e-05 0.00399852 -0.000236022 -6.79514e-05 0.00430757 0.00744201 -0.00833104 -0.000328987 0.000332427 -8.26841e-05 0.00790333 -0.00267655 -0.00499347 0.000605106
internal_weight=76294.7 3691.34 72603.3 70703.6 3963.12 3182.15 780.967 66740.5 52083.4 49394.8 2688.53 14657.1 8585.27 6071.83
internal_count=34290 484 33806 33318 1011 740 271 32307 27839 27319 520 4468 2485 1983
is_linear=0
shrinkage=0.04


Tree=154
num_leaves=15
num_cat=0
split_feature=10 8 6 3 4 9 7 9 4 7 9 8 10 3
split_gain=39.5957 65.1032 95.0994 143.764 85.9338 63.69 83.4124 59.2888 40.2095 82.5001 49.3247 49.1317 43.9469 73.7413
threshold=-0.99904707074165333 19.875000000000004 25.70529937744141 46.567708969116218 87.989582061767592 75.875000000000014 12.303400039672853 74.625000000000014 32.291666030883796 0.34375190734863287 78.625000000000014 19.875000000000004 0.40282487869262701 38.533853530883796
decision_type=2 2 2 2 2 2 2 2 2 2 2 2 2 2
left_child=1 2 3 7 -5 -3 -7 -1 9 10 11 -2 13 -10
right_child=8 5 -4 4 -6 6 -8 -9 12 -11 -12 -13 -14 -15
leaf_value=0.023343332439693842 -0.035547990843158989 0.023644755875959472 0.017927110490822202 -0.051681794288332555 -0.010096097015348025 0.0072386244375102484 -0.032993936227636314 -0.017998931383717293 -0.0092729572122072744 0.0056766143963340853 -0.05224578625722047 0.0039565999967467189 0.0070682522352199665 0.00019567407049909027
leaf_weight=107.9565107524395 66.864516627043486 149.15756173431873 98.064213275909424 211.86059412360191 138.79589289426804 234.79062363505363 102.87593626976013 79.143747389316559 1320.5162989459932 232.10358943045139 65.196986101567745 111.56523637101054 1424.3603958189487 71940.028375037014
leaf_count=79 148 96 43 269 109 257 103 187 4005 220 264 178 714 27618
internal_value=-2.89039e-05 -0.00741904 -0.0156555 -0.0222028 -0.0366544 0.00353153 -0.00617846 0.00580612 8.3424e-05 -0.011271 -0.0266228 -0.0129381 0.000158748 2.25184e-05
internal_weight=76283.3 1122.65 635.821 537.757 350.656 486.824 337.667 187.1 75160.6 475.73 243.627 178.43 74684.9 73260.5
internal_count=34290 1143 687 644 378 456 360 266 33147 810 590 326 32337 31623
is_linear=0
shrinkage=0.04


Tree=155
num_leaves=15
num_cat=0
split_feature=4 5 7 7 5 1 4 10 10 3 0 8 4 8
split_gain=37.9526 69.1362 54.9868 53.5799 79.4765 75.0753 120.225 76.4186 227.189 244.117 130.356 115.573 154.038 108.312
threshold=95.656250000000014 98.750000000000014 39.896249771118171 56.370162963867195 97.250000000000014 5.5892944335937509 88.463542938232436 -0.43016152083873743 -0.50603522360324849 58.848958969116218 4.8828005790710458 19.125000000000004 69.463542938232436 19.125000000000004
decision_type=2 2 2 2 2 2 2 2 2 2 2 2 2 2
left_child=3 -2 -3 5 -5 7 -7 8 13 10 11 -10 -13 -1
right_child=1 2 -4 4 -6 6 -8 -9 9 -11 -12 12 -14 -15
leaf_value=0.0018378566062231263 0.010244344563081931 -0.0088560526076944864 0.0046542184690898016 -0.00038009923115933815 -0.012822194837451867 -0.0065680445893306297 0.017726483863536733 0.0013631088290099846 -0.029538707492476095 -0.034200546255300772 0.010869868201733246 0.030524962501683694 -0.014869536921899056 -0.0025525501825218494
leaf_weight=16152.883778501302 1558.6852493286133 810.06480938196182 1130.1370475292206 2191.2174552083015 1295.248598575592 492.09654639661312 897.912593126297 29426.329225756228 395.43452650308609 643.62821614742279 523.48562610149384 150.8323170542717 379.00723457336426 20226.739059384912
leaf_count=8299 318 254 203 479 340 183 143 11661 350 303 143 56 280 11278
internal_value=-2.90972e-05 0.00402812 -0.00101934 -0.000225214 -0.0050492 1.89073e-05 0.00915447 -0.000170756 -0.00134407 -0.0140971 -0.00482188 -0.0137418 -0.00130657 -0.000603231
internal_weight=76273.7 3498.89 1940.2 72774.8 3486.47 69288.3 1390.01 67898.3 38472 2092.39 1448.76 925.274 529.84 36379.6
internal_count=34290 775 457 33515 819 32696 326 32370 20709 1132 829 686 336 19577
is_linear=0
shrinkage=0.04


Tree=156
num_leaves=15
num_cat=0
split_feature=4 9 9 7 10 8 4 8 9 11 9 5 9 10
split_gain=37.7175 78.854 84.6082 54.8455 41.3532 64.5552 63.7201 194.466 109.563 89.6013 66.5822 58.6777 167.833 138.48
threshold=32.291666030883796 78.375000000000014 76.875000000000014 0.500929355621338 0.40282487869262701 18.125000000000004 47.856769561767585 19.875000000000004 76.875000000000014 -0.94102901220321644 78.125000000000014 71.750000000000014 77.375000000000014 0.24037779867649081
decision_type=2 2 2 2 2 2 2 2 2 2 2 2 2 2
left_child=1 2 -1 -3 6 -6 7 -2 9 -9 -10 12 -8 -13
right_child=4 3 -4 -5 5 -7 11 8 10 -11 -12 13 -14 -15
leaf_value=-0.031244133571754103 -0.036031378906596884 -0.051310769040496008 0.011727353628417519 -0.0020223666821448049 -0.0081415181220096805 0.011465748404201089 0.011517197905246674 0.0017474284628100256 0.023943919746976815 -0.042003580923373598 -0.0057209953684726582 0.00018606442163608084 -0.013597561991313342 -0.0092770222377970783
leaf_weight=80.475795287638903 297.56792984157801 84.019428580999374 251.16734014451504 57.943730175495148 339.09390932321548 1084.7561042606831 1940.022482637316 163.82831533253193 293.42684037052095 115.64868062734604 186.68127227760851 68290.893544996157 525.776401553303 2547.2345459759235
leaf_count=170 885 322 254 64 220 494 1593 147 218 311 174 27603 689 1146
internal_value=-2.83286e-05 -0.0110496 0.000116016 -0.0339271 4.34443e-05 0.00674813 -8.67155e-05 -0.00974483 0.00121313 -0.017953 0.0126418 5.5189e-05 0.00609572 -0.000156737
internal_weight=76258.5 473.606 331.643 141.963 75784.9 1423.85 74361.1 1057.15 759.585 279.477 480.108 73303.9 2465.8 70838.1
internal_count=34290 810 424 386 33480 714 32766 1735 850 458 392 31031 2282 28749
is_linear=0
shrinkage=0.04


Tree=157
num_leaves=15
num_cat=0
split_feature=3 8 11 11 7 4 7 1 3 8 8 4 4 8
split_gain=37.8365 37.133 66.5498 58.4004 50.7836 86.6918 50.7374 50.1486 49.5426 77.6399 70.1749 50.3902 47.3531 220.65
threshold=68.322917938232436 21.375000000000004 -0.98485535383224476 -0.99896219372749318 0.75123310089111339 81.609375000000014 9.8832964897155779 2.1972656250000004 63.078125000000007 18.125000000000004 20.875000000000004 74.255207061767592 48.515625000000007 19.875000000000004
decision_type=2 2 2 2 2 2 2 2 2 2 2 2 2 2
left_child=1 3 -3 8 -4 -6 -7 -8 9 -1 11 -11 13 -5
right_child=-2 2 4 12 5 6 7 -9 -10 10 -12 -13 -14 -15
leaf_value=0.0012290980531801375 0.0085497963751677182 0.014335044970115441 0.014565067114804741 -0.02445068957382128 -0.014176441431698541 0.013043452142240621 -0.012473241841562734 0.0051882389450858676 0.0029028630159207841 -0.029866976058644325 0.0015874249721811449 -0.0063342635423369233 6.9695958687220243e-05 0.0031859740909222834
leaf_weight=565.0686742067337 793.86056542396545 748.71751993894577 351.81504261121154 674.56087663769722 595.46850244700909 552.17304182052612 402.98542785644531 637.69520831108093 597.84344518184662 517.75473356246948 236.26514965295792 217.26104146242142 67984.378338899463 1370.4094282761216
leaf_count=227 111 192 343 1367 370 214 154 159 102 548 129 88 28841 1445
internal_value=-2.87141e-05 -0.000121213 0.00402234 -0.000311118 0.000894386 -0.00141545 0.00347173 -0.0017571 -0.00679816 -0.0105619 -0.0173081 -0.0232631 -0.000111536 -0.00607887
internal_weight=76246.3 75452.4 3288.85 72163.5 2540.14 2188.32 1592.85 1040.68 2134.19 1536.35 971.281 735.016 70029.3 2044.97
internal_count=34290 34179 1432 32747 1240 897 527 313 1094 992 765 636 31653 2812
is_linear=0
shrinkage=0.04


Tree=158
num_leaves=15
num_cat=0
split_feature=10 8 6 3 4 9 7 0 9 11 4 10 0 10
split_gain=36.6882 61.7807 89.2259 135.905 62.595 59.7033 78.3399 54.2287 37.0905 120.025 100.867 139.035 132.936 101.137
threshold=-0.99904707074165333 19.875000000000004 25.70529937744141 44.838541030883796 83.484375000000014 75.875000000000014 12.303400039672853 6.4342975616455087 73.625000000000014 0.16360588744282725 78.067707061767592 0.15618373081088069 4.0024995803833017 0.070834906771779074
decision_type=2 2 2 2 2 2 2 2 2 2 2 2 2 2
left_child=1 2 3 -1 -5 -3 -7 -6 9 10 11 13 -12 -2
right_child=8 5 -4 4 7 6 -8 -9 -10 -11 12 -13 -14 -15
leaf_value=0.0093764355519191621 0.010517689666666654 0.023008357812201532 0.017337259526209153 -0.053129900427998401 -0.03470095954758512 0.0070615573761862597 -0.032022394219372953 0.0023414809415284502 -0.0003215992807776663 -0.01691623957285706 -0.017787781731160232 -0.0024374243647281024 0.0023138921058922573 0.034767845605597647
leaf_weight=153.03430649638176 808.13868568837643 148.68410946428776 97.772901058197021 148.57149788737297 121.89636835455894 234.74236495792866 101.98907548189163 109.78047266602516 62390.269997995347 493.0279141459614 536.54580340534449 755.69694748520851 9716.2121333479881 420.53778600692749
leaf_count=223 246 96 43 218 136 257 103 67 30102 420 297 328 1696 58
internal_value=-2.78417e-05 -0.00716103 -0.0152244 -0.0216052 -0.0339196 0.00350927 -0.00590782 -0.0183571 8.00525e-05 0.00204596 0.00283629 0.0110438 0.00122935 0.0192417
internal_weight=76236.9 1116.47 631.056 533.283 380.248 485.416 336.731 231.677 75120.4 12730.2 12237.1 1984.37 10252.8 1228.68
internal_count=34290 1143 687 644 421 456 360 203 33147 3045 2625 632 1993 304
is_linear=0
shrinkage=0.04


Tree=159
num_leaves=15
num_cat=0
split_feature=3 10 10 3 9 3 8 7 10 5 10 3 3 6
split_gain=35.0014 42.3272 227.207 229.852 119.275 119.747 102.455 195.744 263.066 214.954 371.624 329.823 175.167 172.03
threshold=67.552082061767592 -0.43016152083873743 -0.50603522360324849 59.817708969116218 78.625000000000014 50.515625000000007 19.375000000000004 1.001858711242676 -0.64602515101432789 84.750000000000014 -0.8652246594429015 42.671875000000007 48.828125000000007 0.14088302850723269
decision_type=2 2 2 2 2 2 2 2 2 2 2 2 2 2
left_child=1 2 6 4 5 -4 7 8 -1 10 11 -9 -11 -8
right_child=-2 -3 3 -5 -6 -7 13 9 -10 12 -12 -13 -14 -15
leaf_value=-0.0043867011114328254 0.006020495301812573 0.0009273586501817281 0.003624429636154349 -0.036466772622503044 0.020966032436086184 -0.019897537758856991 0.0092785426963871206 0.03520321613341635 -0.046957148278446902 -0.0078085397616810331 0.031060601809987109 -0.015905872238454508 0.0032758452691648982 -0.0035575516191645334
leaf_weight=1632.4280581213534 1481.0009208917618 32801.212068021297 577.82877445220947 513.06953370571136 207.40918707847595 824.66658878326416 1823.6551788784564 253.92663867771626 251.87551605701447 2726.5493219867349 1079.7373111844063 750.37047116458416 13452.379198342562 17848.917055174708
leaf_count=2570 224 12472 327 251 64 501 2617 134 370 1865 362 456 4115 7962
internal_value=-2.72928e-05 -0.000148704 -0.000990275 -0.0136779 -0.00605688 -0.0102918 -0.000307313 0.0016968 -0.0105105 0.00296643 0.0149941 -0.0025484 0.00140052 -0.00235943
internal_weight=76225 74744 41942.8 2122.97 1609.9 1402.5 39819.8 20147.3 1884.3 18263 2084.03 1004.3 16178.9 19672.6
internal_count=34290 34066 21594 1143 892 828 20451 9872 2940 6932 952 590 5980 10579
is_linear=0
shrinkage=0.04


Tree=160
num_leaves=15
num_cat=0
split_feature=4 9 9 7 10 8 4 3 8 7 11 10 5 9
split_gain=34.7981 75.8157 79.1275 52.806 38.9128 59.7966 57.8967 126.601 90.9489 80.8808 165.293 67.7511 66.1805 163.25
threshold=32.291666030883796 78.375000000000014 76.875000000000014 0.500929355621338 0.40282487869262701 18.375000000000004 50.411458969116218 34.986978530883796 18.625000000000004 1.1263132095336916 -0.96651518344879139 0.24037779867649081 71.750000000000014 77.375000000000014
decision_type=2 2 2 2 2 2 2 2 2 2 2 2 2 2
left_child=1 2 -1 -3 6 -6 7 -2 -9 10 -10 -11 13 -8
right_child=4 3 -4 -5 5 -7 12 8 9 11 -12 -13 -14 -15
leaf_value=-0.030243778114172015 -0.054699596949019186 -0.050510286371923847 0.011473430855116672 -0.0019742297621623594 -0.0060377617568632006 0.011742020162873941 0.012970781108119698 -0.03421163839196005 -0.020518230755026103 0.0068465671091156727 0.019200875758665473 -0.021543197760168421 -0.00012700579465162214 -0.01429579164161523
leaf_weight=79.457536367699504 66.897066770121455 82.323912285268307 250.89189621806145 57.815154373645782 414.36178624629974 1007.8253136575222 1611.2193104755133 131.84104664623737 223.43326419591904 187.47021299600601 524.92574927210808 394.20403283834457 70736.899819288403 429.97756826877594
leaf_count=170 1091 322 254 64 261 453 1258 186 223 89 293 358 28692 576
internal_value=-2.64953e-05 -0.0106464 0.00028568 -0.0332338 4.22776e-05 0.00654989 -8.40031e-05 -0.00773681 -0.0048785 -0.00150707 0.00711677 -0.0124699 7.88326e-05 0.0071441
internal_weight=76199.5 470.488 330.349 140.139 75729.1 1422.19 74306.9 1528.77 1461.87 1330.03 748.359 581.674 72778.1 2041.2
internal_count=34290 810 424 386 33480 714 32766 2240 1149 963 516 447 30526 1834
is_linear=0
shrinkage=0.04


Tree=161
num_leaves=15
num_cat=0
split_feature=4 5 7 5 1 4 10 10 3 6 6 8 7 9
split_gain=34.9021 64.1606 51.3904 75.4899 69.6424 111.645 67.0209 194.507 216.002 115.545 133.505 95.4954 235.102 231.59
threshold=95.656250000000014 98.750000000000014 56.370162963867195 98.250000000000014 5.5892944335937509 88.463542938232436 -0.43016152083873743 -0.50603522360324849 59.817708969116218 3.7816196680068974 0.49335211515426641 19.125000000000004 1.001858711242676 74.125000000000014
decision_type=2 2 2 2 2 2 2 2 2 2 2 2 2 2
left_child=2 -2 4 -4 6 -6 7 11 9 10 -9 12 13 -1
right_child=1 -3 3 -5 5 -7 -8 8 -10 -11 -12 -13 -14 -15
leaf_value=0.021143765767482767 0.0098557927794400667 -0.00099825971730545899 -0.0019607023193092547 -0.016567053447044958 -0.00632512147843754 0.017100943107751582 0.0012781012253235244 0.0039344160871107462 -0.035286758716915688 0.0060327526219169439 -0.028093553188599473 -0.0024054967995592014 0.0032946021418212936 -0.019809788411428938
leaf_weight=248.45695666968822 1557.4379057884216 1939.3930835127831 2792.1077013015747 692.42120909690857 491.67455653846264 896.12325799465179 29396.882564678788 337.24118447303772 506.87638932466507 725.84684509038925 506.38548970222473 20214.23581052199 14588.550634274259 1294.5166493020952
leaf_count=398 318 457 631 188 183 143 11661 237 250 219 426 11278 5756 2145
internal_value=-2.72999e-05 0.00386454 -0.000215529 -0.00494116 2.3763e-05 0.00882951 -0.000158981 -0.00125859 -0.013106 -0.00558864 -0.0154957 -0.00057494 0.00171905 -0.0130291
internal_weight=76188.2 3496.83 72691.3 3484.53 69206.8 1387.8 67819 38422.1 2076.35 1569.47 843.627 36345.8 16131.5 1542.97
internal_count=34290 775 33515 819 32696 326 32370 20709 1132 882 663 19577 8299 2543
is_linear=0
shrinkage=0.04


Tree=162
num_leaves=15
num_cat=0
split_feature=3 11 8 6 9 10 4 10 10 10 7 8 11 1
split_gain=34.9907 94.2804 137.251 128.124 171.987 133.574 116.078 177.45 133.71 131.853 92.0262 86.8207 81.2406 120.723
threshold=62.046875000000007 -0.99591398239135731 20.125000000000004 8.5129961967468279 76.375000000000014 -0.64602515101432789 81.609375000000014 -0.70910638570785511 -0.57816752791404713 -0.35110740363597864 62.697172164916999 20.625000000000004 -0.99591398239135731 2.5749206542968754
decision_type=2 2 2 2 2 2 2 2 2 2 2 2 2 2
left_child=10 2 -2 4 -3 -6 11 -8 -9 -10 12 -5 13 -1
right_child=1 3 -4 6 5 -7 7 8 9 -11 -12 -13 -14 -15
leaf_value=-0.0040935669838606135 -0.00022266293149751857 0.0092464775923221561 0.017789794953575324 -0.00052222445170341562 0.0031096189964511952 -0.021091994646226318 -0.0029993447337862871 0.018162846129424894 -0.0095141078068214611 0.0076582589140856338 -0.010405578515572299 -0.021879618878581728 0.00016186410898357863 -0.03441279304740974
leaf_weight=3510.5344956815243 1409.3624008893967 661.11786425113678 1281.3769439458847 732.39219379425049 499.03586798906326 1291.5670553445816 4048.2046139240265 1482.1533144712448 867.14262044429779 3710.2642036676407 1437.3543518781662 502.5428740978241 54534.187984082848 204.28279691934586
leaf_count=1681 231 183 247 198 172 518 945 232 200 602 424 196 28371 90
internal_value=-2.67897e-05 0.00160336 0.00842315 0.000262828 -0.00799104 -0.0143872 0.00205782 0.00347642 0.00779832 0.00437789 -0.000477419 -0.00942356 -0.000228944 -0.00593621
internal_weight=76171.5 16485.2 2690.74 13794.4 2451.72 1790.6 11342.7 10107.8 6059.56 4577.41 59686.4 1234.94 58249 3714.82
internal_count=34290 3724 478 3246 873 690 2373 1979 1034 802 30566 394 30142 1771
is_linear=0
shrinkage=0.04


Tree=163
num_leaves=15
num_cat=0
split_feature=8 11 11 10 7 9 5 10 3 10 10 6 3 4
split_gain=34.3716 58.5152 56.9232 53.8326 69.8923 104.167 57.5949 74.7379 47.5107 119.656 98.3652 71.5773 47.4912 45.4237
threshold=21.375000000000004 -0.98485535383224476 -0.99896219372749318 -0.90836843848228443 10.434222221374513 74.875000000000014 94.250000000000014 -0.43016152083873743 32.622396469116218 -0.96628439426422108 -0.94080436229705799 0.10172277688980104 27.341146469116214 57.825521469116218
decision_type=2 2 2 2 2 2 2 2 2 2 2 2 2 2
left_child=2 -2 13 -3 5 -5 7 -7 9 -4 12 -12 -11 -1
right_child=1 3 8 4 -6 6 -8 -9 -10 10 11 -13 -14 -15
leaf_value=-0.024319581781039858 0.013637070765762432 0.0078934407418743396 -0.058441928746823399 -0.015432263396107876 -0.014185019806464326 -0.016901638926773266 0.029192625132572713 0.016234909103866095 9.0927871377196465e-05 0.014084295282814494 -0.051458296924795775 0.01317390494822176 -0.0092830353418359504 -0.0046484904259787088
leaf_weight=190.41557303071022 747.24577039480209 1057.5222762078047 54.218142300844193 303.09765718132257 597.75245046615601 157.46473785303533 197.55155044794083 263.44185303151608 70011.823898479342 274.86441522836685 82.597150914371014 27.950530994683504 244.78591150045395 1944.7061652243137
leaf_count=227 192 480 620 217 210 154 49 138 28684 85 2109 58 199 868
internal_value=-2.62563e-05 0.00393905 -0.000208268 0.00104339 -0.00376523 0.00315115 0.0124567 0.00363389 -1.30443e-05 -0.0103494 -0.00454144 -0.0356022 0.00314081 -0.00661222
internal_weight=76155.4 3324.08 72831.4 2576.83 1519.31 921.556 618.458 420.907 70696.2 684.416 630.198 110.548 519.65 2135.12
internal_count=34290 1440 32850 1248 768 558 341 292 31755 3071 2451 2167 284 1095
is_linear=0
shrinkage=0.04


Tree=164
num_leaves=15
num_cat=0
split_feature=2 4 11 6 1 10 3 9 1 0 8 10 4 10
split_gain=33.9037 46.328 67.5781 40.9037 42.1096 86.0627 87.5035 84.2075 58.0321 104.566 82.7404 78.4224 108.316 246.751
threshold=0.85416665673255932 89.677082061767592 -0.94102901220321644 39.128978729248054 4.0786743164062509 -0.10079899430274962 56.015625000000007 77.375000000000014 2.0736694335937504 21.38471603393555 18.375000000000004 -0.89015004038810719 93.052082061767592 -0.70910638570785511
decision_type=2 2 2 2 2 2 2 2 2 2 2 2 2 2
left_child=3 2 -2 4 8 6 -6 -7 9 -1 -10 -12 13 -13
right_child=1 -3 -4 -5 5 7 -8 -9 10 -11 11 12 -14 -15
leaf_value=-8.5078650305557506e-05 0.0053392660178752374 0.0094129386332386222 -0.0087989317249816349 -0.005983636556305255 0.017156894161873833 -0.01804572783093868 0.0025757621054003539 0.0083318693216920224 -0.010292262495320488 0.0097176276977978711 0.0031751629641120446 -0.031925377250826385 0.0081114145927303535 -0.0034117652583088159
leaf_weight=53585.788128076121 1467.7108201980591 1389.7971379756927 829.98311519622803 1896.1224614977837 914.90037220716476 475.67275243997574 2258.6050401329994 302.46311044692993 1981.3958937674761 1779.5406899452209 3707.978386849165 531.81470185518265 917.84581279754639 4106.5832058191299
leaf_count=28616 173 169 142 488 202 203 538 68 678 262 1139 267 172 1173
internal_value=-2.63056e-05 0.00370457 0.000200346 -0.000217143 -6.05374e-05 0.00394071 0.00686053 -0.00784084 -0.00029902 0.000233393 -0.002916 -0.00131962 -0.00431986 -0.00680402
internal_weight=76146.2 3687.49 2297.69 72458.7 70562.6 3951.64 3173.51 778.136 66610.9 55365.3 11245.6 9264.22 5556.24 4638.4
internal_count=34290 484 315 33806 33318 1011 740 271 32307 28878 3429 2751 1612 1440
is_linear=0
shrinkage=0.04


Tree=165
num_leaves=15
num_cat=0
split_feature=10 6 3 9 9 9 4 7 9 8 10 3 8 0
split_gain=34.0962 60.0373 108.514 60.4834 191.363 104.347 33.6579 72.7079 44.1579 45.3053 34.9031 67.8471 108.99 86.6592
threshold=-0.99904707074165333 2.7116596698760991 38.942708969116218 75.875000000000014 78.625000000000014 74.125000000000014 32.291666030883796 0.34375190734863287 78.625000000000014 19.875000000000004 0.40282487869262701 38.533853530883796 18.625000000000004 1.1881113052368166
decision_type=2 2 2 2 2 2 2 2 2 2 2 2 2 2
left_child=1 2 -1 5 -5 -3 7 8 9 -2 11 12 13 -8
right_child=6 3 -4 4 -6 -7 10 -9 -10 -11 -12 -13 -14 -15
leaf_value=0.011966455515361216 -0.034168809863195607 -0.015757560138722971 -0.040723510195308801 -0.048818887825221612 0.0084424790757344874 0.020615092224281536 -0.056921975991804381 0.0054616475747364703 -0.050083626903054144 0.0040133755950393655 0.0063117295891434669 0.00019123934720398318 -0.0043503420772846224 0.0025310092519921406
leaf_weight=83.24416533857584 65.170883065089583 183.7144655585289 164.73168341815472 131.44673523306847 231.18281120061874 316.86603626608849 102.32016897201538 231.01364473998547 60.987738370895386 110.7070200163871 1421.0410381257534 71823.925755985081 1153.0772464182228 55.325379261747003
leaf_count=180 148 142 347 160 131 183 947 220 264 178 714 27618 2961 97
internal_value=-2.5437e-05 -0.00691825 -0.0234628 -0.0017418 -0.0137806 0.00717369 7.84701e-05 -0.0103936 -0.0250784 -0.0121791 0.000146958 2.54808e-05 -0.00892398 -0.0381212
internal_weight=76134.8 1111.19 247.976 863.21 362.63 500.581 75023.6 467.879 236.866 175.878 74555.7 73134.6 1310.72 157.646
internal_count=34290 1143 527 616 291 325 33147 810 590 326 32337 31623 4005 1044
is_linear=0
shrinkage=0.04


Tree=166
num_leaves=15
num_cat=0
split_feature=3 9 10 4 10 11 9 4 8 4 4 3 4 7
split_gain=32.9062 137.985 110.997 227.774 213.639 215.26 113.27 106.839 116.648 105.796 113.925 141.157 99.536 193.228
threshold=55.130208969116218 79.375000000000014 -0.99567621946334828 85.421875000000014 -0.9550008475780486 -0.17842198908329007 74.625000000000014 84.338542938232436 20.875000000000004 78.609375000000014 94.739582061767592 58.223958969116218 78.192707061767592 3.0636191368103032
decision_type=2 2 2 2 2 2 2 2 2 2 2 2 2 2
left_child=1 -1 3 -2 5 6 -4 8 -3 -7 11 -11 -6 -14
right_child=2 7 4 -5 12 9 -8 -9 -10 10 -12 -13 13 -15
leaf_value=-0.00054352884305510537 0.018037135091369463 -0.035408085235224367 -0.0113371729022986 -0.01042163584602168 -0.0022078020660860425 0.017920627611721033 -0.047547324797069648 0.0087822632236368766 -0.00219995137272932 -0.0019707185408658796 0.008407891700466916 -0.022004099866427367 0.015410251779258475 0.0015194570116361184
leaf_weight=31288.017995065078 1486.9540249705315 444.60408517345786 274.80248093605042 626.1254791021347 10411.249079048634 280.79717469215393 295.82400494813919 203.85133057832718 270.61080892197788 1238.7404496073723 589.08783578872681 1017.9232060909271 1688.0455282926559 26007.770127534866
leaf_count=19971 435 846 68 295 4073 79 233 112 360 510 171 435 542 6160
internal_value=-2.65356e-05 -0.000997328 0.000685532 0.00958588 0.000231277 -0.00892247 -0.0310836 -0.0161055 -0.023245 -0.00470597 -0.00704808 -0.0111212 0.00112359 0.0023766
internal_weight=76124.4 32207.1 43917.3 2113.08 41804.2 3697.18 570.626 919.066 715.215 3126.55 2845.75 2256.66 38107.1 27695.8
internal_count=34290 21289 13001 730 12271 1496 301 1318 1206 1195 1116 945 10775 6702
is_linear=0
shrinkage=0.04


Tree=167
num_leaves=15
num_cat=0
split_feature=10 8 3 6 4 9 7 0 10 10 8 0 8 9
split_gain=33.1922 57.0098 78.592 111.361 61.2221 51.6799 73.0891 50.7573 34.0684 319.283 182.115 167.127 153.399 292.365
threshold=-0.99904707074165333 19.875000000000004 44.838541030883796 24.915361404418949 83.484375000000014 75.875000000000014 12.303400039672853 6.4342975616455087 -0.90836843848228443 -0.81911277770996083 20.125000000000004 0.31263828277587896 18.125000000000004 76.625000000000014
decision_type=2 2 2 2 2 2 2 2 2 2 2 2 2 2
left_child=1 2 -1 4 -4 -3 -7 -6 12 10 11 -10 -2 -14
right_child=8 5 3 -5 7 6 -8 -9 9 -11 -12 -13 13 -15
leaf_value=0.0094237624779089126 -0.0049408801640914157 0.02166294870784154 -0.05227432625851676 0.012310354167984617 -0.033297058416460683 0.0071131379401476111 -0.030799459566738616 0.0025984042361191749 0.012249683377184135 0.00032274133933014821 -0.02808065933610138 -0.012516669368777154 0.0077761917059252627 -0.0024401035838840799
leaf_weight=152.26536093652248 4845.1896750256419 147.12378418445587 137.64578601717949 103.75985091924667 120.1801241338253 234.43917614966631 100.41994014382362 109.62574750185013 551.27611235715449 48889.125521376729 866.1306405775249 1847.1502036899328 9693.6879677064717 8307.4656061213464
leaf_count=223 2214 96 210 51 136 257 103 67 1131 19431 1152 1146 3888 4185
internal_value=-2.62287e-05 -0.00684457 -0.0146465 -0.0224915 -0.0324469 0.00342917 -0.00535144 -0.0173365 7.60679e-05 -0.00048819 -0.0125605 -0.00676992 0.00136346 0.00306393
internal_weight=76105.5 1105.46 623.477 471.212 367.452 481.983 334.859 229.806 75000 52153.7 3264.56 2398.43 22846.3 18001.2
internal_count=34290 1143 687 464 413 456 360 203 33147 22860 3429 2277 10287 8073
is_linear=0
shrinkage=0.04


Tree=168
num_leaves=15
num_cat=0
split_feature=8 11 11 10 9 6 5 4 3 10 10 6 3 4
split_gain=31.6098 54.2387 53.51 48.9151 66.3894 124.767 53.4202 43.8254 43.3118 115.427 92.0609 67.9605 43.6969 42.1059
threshold=21.375000000000004 -0.98485535383224476 -0.99896219372749318 -0.90836843848228443 74.875000000000014 1.7739057540893557 95.750000000000014 79.807292938232436 32.622396469116218 -0.96628439426422108 -0.94080436229705799 0.10172277688980104 27.341146469116214 57.825521469116218
decision_type=2 2 2 2 2 2 2 2 2 2 2 2 2 2
left_child=2 -2 13 -3 -5 7 -7 -6 9 -4 12 -12 -11 -1
right_child=1 3 8 4 5 6 -8 -9 -10 10 11 -13 -14 -15
leaf_value=-0.023496113935742229 0.013121042942698499 0.007521208831377974 -0.057848726142801885 -0.017933061289975852 0.0060899152086783658 -0.015928679435730779 0.0048551648585550018 0.034156835400869674 8.7624881518936473e-05 0.013618618863341075 -0.050422392091258622 0.012820382938471583 -0.0088141628591622279 -0.0045229121052423491
leaf_weight=189.62191274762154 746.41168469190598 1055.8805024623871 52.230608962476254 367.00206120312214 192.00066703744233 472.78425717353821 318.0828350186348 165.18737779557705 69958.72535257414 274.54690557718277 80.163645323365927 27.852090816944838 244.31252327561378 1944.3458387851715
leaf_count=227 192 480 620 240 178 229 80 41 28684 85 2109 58 199 868
internal_value=-2.62173e-05 0.00378038 -0.000200734 0.000988181 -0.00360352 0.00120587 -0.00765595 0.0201928 -1.13498e-05 -0.00991814 -0.00425952 -0.0346599 0.00312072 -0.00641136
internal_weight=76089.1 3317.35 72771.8 2570.94 1515.06 1148.06 790.867 357.188 70637.8 679.106 626.875 108.016 518.859 2133.97
internal_count=34290 1440 32850 1248 768 528 309 219 31755 3071 2451 2167 284 1095
is_linear=0
shrinkage=0.04


Tree=169
num_leaves=15
num_cat=0
split_feature=10 0 3 9 9 9 8 3 10 8 10 4 10 9
split_gain=31.3401 55.8825 85.9762 51.5494 174.466 63.0629 35.1692 34.9444 31.2219 137.836 180.068 121.054 103.087 179.652
threshold=-0.99904707074165333 2.06444263458252 38.942708969116218 75.875000000000014 78.625000000000014 74.125000000000014 20.125000000000004 55.026041030883796 0.15618373081088069 17.875000000000004 0.32279463112354284 71.140625000000014 0.24037779867649081 77.875000000000014
decision_type=2 2 2 2 2 2 2 2 2 2 2 2 2 2
left_child=1 2 -1 5 -5 -3 -4 -7 -2 -10 11 -11 -13 -14
right_child=8 3 6 4 -6 7 -8 -9 9 10 -12 12 13 -15
leaf_value=0.010319940667202347 0.00034685151104115743 -0.011811565767379444 -0.048582949360330918 -0.045485514288629486 0.0093586049820208999 0.0027576355588098968 -0.008033919566626942 0.028815564034248321 -0.013094532678690603 -0.013330981000117823 0.0071906330628083368 0.018737375024508923 -0.025156482230607246 0.010884231031368721
leaf_weight=79.171505160629749 67409.592390714213 175.11539900302887 113.56285193562508 134.71654999256134 218.56029206514359 158.99189448356628 58.34353032708168 161.89619714021683 1508.2926018238068 1746.6267855986953 3042.5339163467288 413.61002051830292 376.21656426787376 483.25846600532532
leaf_count=175 28575 138 243 170 122 153 87 55 804 1509 1884 119 164 92
internal_value=-2.61213e-05 -0.00666679 -0.0224837 -0.00158102 -0.0128719 0.00664805 -0.0370925 0.0168238 7.30845e-05 -0.00235908 0.000346183 -0.00655193 0.00281101 -0.00510513
internal_weight=76080.5 1100.36 251.078 849.28 353.277 496.003 171.906 320.888 74980.1 7570.54 6062.25 3019.71 1273.09 859.475
internal_count=34290 1143 505 638 292 346 330 208 33147 4572 3768 1884 375 256
is_linear=0
shrinkage=0.04


Tree=170
num_leaves=15
num_cat=0
split_feature=4 8 6 10 5 9 6 11 8 3 7 10 8 10
split_gain=31.3835 279.751 127.328 175.04 69.315 103.757 135.996 93.1562 119.138 118.797 110.19 89.6166 105.921 129.755
threshold=46.359375000000007 19.875000000000004 0.71952939033508312 0.24037779867649081 71.750000000000014 77.625000000000014 0.4304006695747376 -0.94102901220321644 18.125000000000004 33.351562500000007 1.8747568130493166 0.24037779867649081 17.875000000000004 0.32279463112354284
decision_type=2 2 2 2 2 2 2 2 2 2 2 2 2 2
left_child=1 -1 3 -3 5 7 -7 10 -9 -10 -2 -6 -13 -14
right_child=4 2 -4 -5 11 6 -8 8 9 -11 -12 12 13 -15
leaf_value=-0.029676503029599687 -0.014544285392637529 -0.029533414086755024 -0.020485260897010527 0.017115324191083081 0.00017197361596791062 -0.036568929859958313 0.0052312185701151115 -0.020971910428604374 0.0001038366559723053 0.028859803279539038 0.011442087897618317 -0.017854251562147833 -0.011236659858197048 0.0072347234645357486
leaf_weight=510.33385152369738 415.62215922027826 130.66680703312159 238.50767305493355 915.15338070690632 68150.338960057124 173.21665806509554 338.77745035290718 103.46651591360569 316.61544064432383 820.31275737285614 631.79737696051598 928.16705311834812 1200.0826261341572 1194.8155442178249
leaf_count=1155 344 501 207 707 27607 492 155 298 725 273 286 515 518 507
internal_value=-2.59477e-05 -0.00522318 0.00479952 0.0108421 0.000101005 0.00625224 -0.00975365 0.00988771 0.0172144 0.020992 0.00105124 -0.000141637 -0.0065358 -0.00203768
internal_weight=76067.9 1794.66 1284.33 1045.82 74273.2 2799.81 511.994 2287.81 1240.39 1136.93 1047.42 71473.4 3323.07 2394.9
internal_count=34290 2570 1415 1208 31720 2573 647 1926 1296 998 630 29147 1540 1025
is_linear=0
shrinkage=0.04


Tree=171
num_leaves=15
num_cat=0
split_feature=2 4 6 4 4 3 1 4 1 1 7 3 3 9
split_gain=32.0627 43.9371 37.4223 40.6101 57.1035 67.9008 38.7888 88.4336 42.5019 38.0657 88.6277 79.6464 66.089 62.7825
threshold=0.85416665673255932 85.859375000000014 39.128978729248054 95.656250000000014 83.213542938232436 62.296875000000007 5.8502197265625009 88.302082061767592 7.3333740234375009 1.8676757812500002 31.604146957397464 65.973957061767592 57.942708969116218 74.625000000000014
decision_type=2 2 2 2 2 2 2 2 2 2 2 2 2 2
left_child=2 -2 6 4 -4 -6 9 8 -8 10 11 -1 -12 -11
right_child=1 -3 3 -5 5 -7 7 -9 -10 13 12 -13 -14 -15
leaf_value=-0.00027458817425692387 -0.0027523305561945829 0.0065725700890256322 0.003434908726715185 0.004716759081011661 -0.026886398382715702 -0.0057402213325009931 0.0048610867737091433 0.012279921581952388 -0.016441767156089949 -0.0062405113969642391 0.0020997080387510371 0.012049092602738348 0.014833891612741075 -0.0005009084108948263
leaf_weight=48394.286553474143 1174.2447006702423 2511.4492852687836 417.60801440477371 442.76875853538513 381.46168947219849 652.85981416702271 262.57946968078613 1129.9655364155769 308.11125919222832 3976.4709259495139 1585.5791227817535 833.88307118415833 1097.0851633548737 12882.951646260917
leaf_count=27175 172 312 121 82 137 148 85 193 140 965 372 144 148 4096
internal_value=-2.61e-05 0.00360288 -0.000211874 -0.00572952 -0.00893594 -0.0139011 -6.19417e-05 0.00587009 -0.00680743 -0.000210302 0.000326136 -6.10271e-05 0.00737863 -0.00186044
internal_weight=76051.3 3685.69 72365.6 1894.7 1451.93 1034.32 70470.9 1700.66 570.691 68770.3 51910.8 49228.2 2682.66 16859.4
internal_count=34290 484 33806 488 406 285 33318 418 225 32900 27839 27319 520 5061
is_linear=0
shrinkage=0.04


Tree=172
num_leaves=15
num_cat=0
split_feature=3 9 10 4 10 11 9 4 8 10 0 10 6 3
split_gain=30.9303 127.944 104.394 210.83 199.731 202.327 107.938 100.053 108.279 107.774 99.4747 91.6296 195.933 175.664
threshold=55.130208969116218 79.375000000000014 -0.99567621946334828 85.052082061767592 -0.9550008475780486 -0.17842198908329007 74.625000000000014 84.338542938232436 20.625000000000004 0.32279463112354284 4.1913270950317392 -0.99166062474250782 5.4319293498992929 51.182291030883796
decision_type=2 2 2 2 2 2 2 2 2 2 2 2 2 2
left_child=1 11 3 -2 5 6 -4 8 -3 -10 -7 12 13 -1
right_child=2 7 4 -5 -6 10 -8 -9 9 -11 -12 -13 -14 -15
leaf_value=-0.0074652429615068919 0.01799792287298066 -0.037613967641252868 -0.010992639063452089 -0.0088086430047997193 0.0010879044227002025 0.0081168092796799745 -0.046449883858235438 0.0085180143311443784 -0.023115346559249152 0.019524323274691596 -0.0085189287772698026 0.00022241062847644293 -0.016132820013621346 0.018938882350304716
leaf_weight=990.37955841049552 1422.530636370182 353.09027116931975 274.5730015039444 681.1577160358429 38085.672935128212 738.60505127906799 291.55039727687836 203.65721595287323 217.89268772862852 138.89658749103546 2383.2570999264717 27896.406510366127 1714.3966653645039 651.55109846591949
leaf_count=1177 414 707 68 316 10775 263 233 112 394 105 932 17666 902 226
internal_value=-2.50411e-05 -0.000966904 0.00066556 0.00931695 0.000225632 -0.00863686 -0.0302148 -0.015559 -0.0225106 -0.00636065 -0.00455645 -0.000530689 -0.00675438 0.00311427
internal_weight=76043.6 32166.3 43877.3 2103.69 41773.7 3687.99 566.123 913.537 709.88 356.789 3121.86 31252.7 3356.33 1641.93
internal_count=34290 21289 13001 730 12271 1496 301 1318 1206 499 1195 19971 2305 1403
is_linear=0
shrinkage=0.04


Tree=173
num_leaves=15
num_cat=0
split_feature=4 6 10 10 10 3 9 3 4 1 2 9 10 6
split_gain=30.6311 72.8897 66.8988 32.1104 201.171 197.183 121.625 118.18 82.065 80.4257 94.9425 209.714 186.084 105.325
threshold=33.697916030883796 0.019553303718566898 0.40282487869262701 -0.43016152083873743 -0.50603522360324849 58.848958969116218 77.875000000000014 50.515625000000007 71.619792938232436 2.1492004394531254 0.68750000000000011 75.375000000000014 -0.18581509590148923 18.799791336059574
decision_type=2 2 2 2 2 2 2 2 2 2 2 2 2 2
left_child=1 -1 -3 4 -2 6 7 8 -6 -5 11 -11 -13 -14
right_child=3 2 -4 9 5 -7 -8 -9 -10 10 -12 12 13 -15
leaf_value=-0.028127917218231553 -4.8415080391035845e-05 -0.017710292305664118 0.014541052550013853 0.002175672404086755 0.021104934372489836 -0.031018692976858536 0.020337637083144764 -0.020973525372456829 -0.0086315500243069176 -0.018784501546591149 0.0037669090307133396 -0.014545467727864648 -0.0034811536057314432 0.010543059827933583
leaf_weight=188.47842837311327 40483.266839528456 156.12422619760036 227.69166804850101 24124.908854268491 230.37301462888718 630.98687720298767 242.34688764810562 657.87110495567322 346.58209079504013 1366.0064815878868 2792.0143775939941 1183.0167273283005 1649.8158825039864 1745.8617998957634
leaf_count=540 20514 202 204 9590 102 304 83 429 225 422 367 372 546 390
internal_value=-2.50163e-05 -0.00908599 0.00119482 4.60986e-05 -0.000678589 -0.0126657 -0.00451644 -0.00964071 0.00355125 0.000985196 -0.00229956 -0.00515184 -0.00102067 0.0037488
internal_weight=76025.3 572.294 383.816 75453.1 42591.4 2108.16 1477.17 1234.83 576.955 32861.6 8736.72 5944.7 4578.69 3395.68
internal_count=34290 946 406 33344 21657 1143 839 756 327 11687 2097 1730 1308 936
is_linear=0
shrinkage=0.04


Tree=174
num_leaves=15
num_cat=0
split_feature=4 7 7 10 6 1 8 10 10 8 8 9 4 8
split_gain=30.9037 44.1233 67.5628 89.1415 88.2278 64.0276 60.632 59.4039 282.946 215.333 165.351 216.792 196.798 192.339
threshold=94.739582061767592 45.650768280029304 31.604146957397464 -0.35110740363597864 18.799791336059574 5.0262451171875009 16.875000000000004 -0.90836843848228443 -0.81911277770996083 19.125000000000004 17.875000000000004 77.125000000000014 80.213542938232436 20.875000000000004
decision_type=2 2 2 2 2 2 2 2 2 2 2 2 2 2
left_child=1 2 7 5 -5 -4 -3 10 9 -9 -1 -12 13 -13
right_child=-2 6 3 4 -6 -7 -8 8 -10 -11 11 12 -14 -15
leaf_value=-0.0069604410365129944 0.0030078961473154644 0.0032295934850563911 -0.0028431435483696282 -0.0049516416333984271 0.011444375823697551 0.012093585399739298 -0.0063634168749269991 -0.002704498431883428 -0.00029725878224592771 -0.023778958152893052 0.0064549490053251906 -0.032707322638237134 0.00023991529194367035 0.0027796797657271121
leaf_weight=3140.6646069455892 5001.1457882523537 1435.7995462417603 3084.1274052858353 634.86963319778442 2767.6721243858337 518.93667604029179 3841.4573449790478 1619.4902070127428 36254.84024412185 1479.3132148776203 10490.392113022506 613.99754466116428 4734.0858384631574 392.86888360977173
leaf_count=1749 1131 227 759 174 417 107 958 1443 16967 1941 5028 1084 1848 457
internal_value=-2.48257e-05 -0.000239208 4.37992e-05 0.00375095 0.00837404 -0.000636976 -0.00375108 -0.000399567 -0.00129196 -0.012853 0.00141276 0.0030395 -0.00320227 -0.0190762
internal_weight=76009.7 71008.5 65731.3 7005.61 3402.54 3603.06 5277.26 58725.7 39353.6 3098.8 19372 16231.3 5740.95 1006.87
internal_count=34290 33159 31974 1457 591 866 1185 30517 20351 3384 10166 8417 3389 1541
is_linear=0
shrinkage=0.04


Tree=175
num_leaves=15
num_cat=0
split_feature=3 8 11 11 3 8 8 7 4 7 8 9 11 10
split_gain=29.4048 29.1916 49.9855 48.8016 40.6638 68.8824 66.76 55.492 45.4364 55.4721 40.0709 170.75 288.986 243.806
threshold=68.322917938232436 21.375000000000004 -0.99157634377479542 -0.99896219372749318 63.078125000000007 18.125000000000004 20.875000000000004 8.6899280548095721 71.307292938232436 0.68857669830322277 20.625000000000004 77.625000000000014 0.24766915291547778 -0.26945737004280085
decision_type=2 2 2 2 2 2 2 2 2 2 2 2 2 2
left_child=1 3 -3 4 5 7 8 -1 9 -7 -5 12 -12 -13
right_child=-2 2 -4 10 -6 6 -8 -9 -10 -11 11 13 -14 -15
leaf_value=0.015201553099165717 0.0075503261304880808 0.014414864127008936 0.0013242506718096582 0.00035529443395138213 0.0025758168466112484 -0.0090354412086055009 0.002328604427041366 -0.0092395470193870326 -0.0088743103843273614 -0.040011578124302817 -0.0098611435975582903 -0.0035336207791492615 0.026083235566799284 0.012069046513606166
leaf_weight=243.38039821386337 791.24815726280212 544.50524294376373 2724.1632650438696 57340.842570032924 597.30464816093445 154.42026349902153 236.24726897478104 321.50632518529892 293.90935784578323 280.31417101621628 5145.2299751192331 4486.3222020752728 365.49203565344214 2467.3882920891047
leaf_count=129 111 144 1288 25667 102 157 129 98 148 331 2649 2191 306 840
internal_value=-2.43325e-05 -0.000106018 0.00357933 -0.000274431 -0.00621427 -0.00963532 -0.0160231 0.00145058 -0.0218765 -0.02989 -9.17066e-05 -0.00214535 -0.00739148 0.00202142
internal_weight=75992.3 75201 3268.67 71932.4 2127.08 1529.78 964.891 564.887 728.644 434.734 69805.3 12464.4 5510.72 6953.71
internal_count=34290 34179 1432 32747 1094 992 765 227 636 488 31653 5986 2955 3031
is_linear=0
shrinkage=0.04


Tree=176
num_leaves=15
num_cat=0
split_feature=4 7 9 7 5 1 4 10 10 3 0 6 8 7
split_gain=29.1079 60.6145 61.9131 40.6178 66.2509 55.8844 89.7259 51.3026 165.482 185.531 105.262 122.518 88.8695 219.194
threshold=95.656250000000014 27.614307403564457 73.875000000000014 56.370162963867195 97.250000000000014 5.5892944335937509 88.463542938232436 -0.43016152083873743 -0.50603522360324849 59.817708969116218 3.5622954368591313 0.49335211515426641 19.125000000000004 1.001858711242676
decision_type=2 2 2 2 2 2 2 2 2 2 2 2 2 2
left_child=3 -2 -3 5 -5 7 -7 8 12 10 11 -10 13 -1
right_child=1 2 -4 4 -6 6 -8 -9 9 -11 -12 -13 -14 -15
leaf_value=-0.012552811697541466 -0.0046738606788189509 -0.0004642678939228641 0.012262836136912664 -0.00014080705545343612 -0.011522144211537603 -0.0056943102595441867 0.015367126515879473 0.0011122929997208831 0.0039393189564104784 -0.032835192712028435 0.0059233579629074445 -0.026843691995904719 -0.0022492484300161079 0.0032545470444530129
leaf_weight=1533.3350964486599 1008.0651601850986 1058.239161491394 1424.3290188312531 2186.1775727272034 1288.3703434467316 488.82787093520164 890.66478258371353 29330.84476621449 336.17106008529663 498.34710276126862 727.02930694818497 499.50068587064743 20147.873652519658 14562.399502262473
leaf_count=2543 329 182 264 479 340 183 143 11661 237 250 226 419 11278 5756
internal_value=-2.33663e-05 0.00353382 0.00687733 -0.000195585 -0.00440282 1.74417e-05 0.00792921 -0.000146223 -0.00110998 -0.0120792 -0.00512878 -0.0146578 -0.00047988 0.00173497
internal_weight=75980.2 3490.63 2482.57 72489.5 3474.55 69015 1379.49 67635.5 38304.7 2061.05 1562.7 835.672 36243.6 16095.7
internal_count=34290 775 446 33515 819 32696 326 32370 20709 1132 882 656 19577 8299
is_linear=0
shrinkage=0.04


Tree=177
num_leaves=15
num_cat=0
split_feature=4 10 9 5 5 10 6 3 7 9 1 6 8 11
split_gain=29.3389 68.153 67.2508 90.1526 46.6988 28.8033 51.873 97.7114 52.6168 132.39 62.5679 30.634 204.8 188.915
threshold=33.697916030883796 0.40282487869262701 76.875000000000014 35.375000000000007 30.812500000000004 -0.99904707074165333 2.7116596698760991 38.942708969116218 12.383222579956056 75.875000000000014 2.8221130371093754 0.011721253395080568 18.375000000000004 -0.96651518344879139
decision_type=2 2 2 2 2 2 2 2 2 2 2 2 2 2
left_child=1 -1 -3 4 -4 6 7 -2 -8 10 -10 12 -7 -14
right_child=5 2 3 -5 -6 11 8 -9 9 -11 -12 -13 13 -15
leaf_value=-0.024622540577844691 0.011640388064061273 -0.022199498573667646 -0.038305363490901127 0.032131348357886176 0.010387377092918443 -0.040426613603738691 0.010283265174006196 -0.038582159421947419 -0.011284881908165137 -0.036428226418471724 0.021237190137518788 6.9100855308125858e-06 -0.027941196815330211 0.012840827498471027
leaf_weight=232.78953448683023 82.93390329182148 99.982591897249222 42.72931757569313 145.08587972819805 50.051778435707092 127.65573919378221 342.10000619292259 160.14927713572979 171.92106431722641 168.62348031997681 168.56807070970535 72315.513720415533 184.66462580114603 1674.2448112256825
leaf_count=490 180 161 162 72 61 744 227 347 136 180 73 28342 254 2861
internal_value=-2.306e-05 -0.00890333 0.00269852 0.014074 -0.0148537 4.64938e-05 -0.00633688 -0.0218652 -0.00150227 -0.00951096 0.00510098 0.000142186 0.00501738 0.00853523
internal_weight=75967 570.639 337.85 237.867 92.7811 75396.4 1094.3 243.083 851.213 509.113 340.489 74302.1 1986.57 1858.91
internal_count=34290 946 456 295 223 33344 1143 527 616 389 209 32201 3859 3115
is_linear=0
shrinkage=0.04


Tree=178
num_leaves=15
num_cat=0
split_feature=3 9 10 4 10 11 9 8 9 4 4 3 7 9
split_gain=29.0618 116.003 98.9308 197.023 187.249 189.837 101.579 94.1809 119.067 91.8477 102.89 130.469 90.0068 483.572
threshold=55.130208969116218 79.375000000000014 -0.99567621946334828 84.046875000000014 -0.9550008475780486 -0.17842198908329007 74.625000000000014 20.375000000000004 80.375000000000014 78.609375000000014 94.739582061767592 58.223958969116218 2.7537703514099126 77.375000000000014
decision_type=2 2 2 2 2 2 2 2 2 2 2 2 2 2
left_child=1 -1 3 -2 5 6 -4 8 -3 -7 11 -11 13 -6
right_child=2 7 4 -5 12 9 -8 -9 -10 10 -12 -13 -14 -15
leaf_value=-0.00052300383323272822 0.019054042221930724 -0.043474095502265282 -0.010755955572154996 -0.0057393360784993852 -0.011380756753532943 0.016714933986333762 -0.045278942298534124 -0.0035120146079693098 0.0034973425000677867 -0.0016989337996445681 0.0080886076244270234 -0.020980996512793476 0.00040434169469737434 0.017958445900931399
leaf_weight=31217.763124031946 1250.5258328318596 264.71112177334726 274.38570046424866 847.39766478538513 1428.0718881487846 279.1688848733902 287.30935716629028 521.831488057971 119.89536264538765 1237.945400595665 588.03658401966095 1013.3709481358528 34267.793674886227 2357.4925875663757
leaf_count=19971 361 518 68 369 710 79 233 676 124 510 171 435 9291 774
internal_value=-2.36789e-05 -0.000937298 0.000646036 0.00907982 0.000217929 -0.00837265 -0.0293643 -0.0148863 -0.0293824 -0.0044287 -0.00660994 -0.0104866 0.0010527 0.00688884
internal_weight=75955.7 32124.2 43831.5 2097.92 41733.6 3680.22 561.695 906.438 384.606 3118.52 2839.35 2251.32 38053.4 3785.56
internal_count=34290 21289 13001 730 12271 1496 301 1318 642 1195 1116 945 10775 1484
is_linear=0
shrinkage=0.04


Tree=179
num_leaves=15
num_cat=0
split_feature=3 11 8 6 9 10 4 10 10 10 8 7 11 1
split_gain=28.7455 78.2136 126.442 116.833 164.164 128.038 101.38 155.894 123.908 111.679 79.0081 75.8427 73.8542 111.866
threshold=62.046875000000007 -0.99591398239135731 20.125000000000004 8.5129961967468279 76.375000000000014 -0.64602515101432789 81.609375000000014 -0.70910638570785511 -0.57816752791404713 -0.35110740363597864 20.625000000000004 62.697172164916999 -0.99591398239135731 2.5749206542968754
decision_type=2 2 2 2 2 2 2 2 2 2 2 2 2 2
left_child=11 2 -2 4 -3 -6 10 -8 -9 -10 -5 12 13 -1
right_child=1 3 -4 6 5 -7 7 8 9 -11 -12 -13 -14 -15
leaf_value=-0.0038896391841423536 -0.0006119827830490805 0.0091783118339962364 0.016692921931311694 -0.00031264006756056244 0.0032122839452761683 -0.020506887568974869 -0.0027971101518170583 0.017326338230879999 -0.0087707422912179037 0.0070598468177581024 -0.020711827529110799 -0.0094650874790739459 0.00016626877588974065 -0.033253067905628611
leaf_weight=3502.8534863591194 1408.7126220464706 660.69429022073746 1275.6904075145721 731.71241819858551 498.02524924278259 1286.5700657367706 4041.5650957226753 1477.6108541488647 864.01040613651276 3700.931853890419 500.19990861415863 1431.1981644034386 54354.576367730275 201.42224228382111
leaf_count=1681 231 183 247 198 172 518 945 232 200 602 196 424 28371 90
internal_value=-2.36201e-05 0.00145554 0.00767434 0.000233064 -0.00765915 -0.0139254 0.001949 0.00327621 0.00733419 0.00403839 -0.00879399 -0.000432877 -0.000207043 -0.00565629
internal_weight=75935.8 16445.7 2684.4 13761.3 2445.29 1784.6 11316 10084.1 6042.55 4564.94 1231.91 59490.1 58058.9 3704.28
internal_count=34290 3724 478 3246 873 690 2373 1979 1034 802 394 30566 30142 1771
is_linear=0
shrinkage=0.04


Tree=180
num_leaves=15
num_cat=0
split_feature=4 8 6 10 10 5 9 6 10 10 9 7 2 3
split_gain=27.8267 257.355 117.148 160.278 62.1752 61.3919 98.3285 124.511 87.5825 97.6876 345.22 123.442 92.5643 91.2377
threshold=46.359375000000007 19.875000000000004 0.71952939033508312 0.24037779867649081 0.32279463112354284 71.750000000000014 77.625000000000014 0.49335211515426641 0.24037779867649081 0.32279463112354284 77.375000000000014 0.68857669830322277 0.81250000000000011 45.255208969116218
decision_type=2 2 2 2 2 2 2 2 2 2 2 2 2 2
left_child=1 4 3 -3 -1 6 -2 -8 13 10 12 -11 -10 -7
right_child=5 2 -4 -5 -6 8 7 -9 9 11 -12 -13 -14 -15
leaf_value=-0.057030386123486612 0.0094423326165495643 -0.028358719176491881 -0.019624304430328938 0.016509398933967682 -0.020330414707095974 -0.0064089220969523325 -0.034835088597853447 0.0050041992728992145 -0.036068509492838338 -0.025871075685966236 0.0079129922409488067 0.0042938021797408075 -0.0037810911441660943 0.00050359441395390339
leaf_weight=86.260509302839637 2278.8347679059952 129.05298992618918 237.22151666879654 909.84577580541372 417.98566317558289 3186.0821682158858 178.15512277372181 331.09279248118401 710.10081540048122 232.65606677532196 670.87406224012375 1520.7029502093792 182.64286231994629 64849.794220596552
leaf_count=656 1926 501 207 707 499 4251 497 150 496 219 165 631 29 23356
internal_value=-2.31885e-05 -0.00493681 0.00468818 0.0105055 -0.0285448 9.61031e-05 0.00589746 -0.00972288 -0.000132171 -0.00645914 -0.0136605 4.45423e-05 -0.0296905 0.000178097
internal_weight=75921.3 1780.37 1276.12 1038.9 504.246 74140.9 2788.08 509.248 71352.9 3316.98 1563.62 1753.36 892.744 68035.9
internal_count=34290 2570 1415 1208 1155 31720 2573 647 29147 1540 690 850 525 27607
is_linear=0
shrinkage=0.04


Tree=181
num_leaves=15
num_cat=0
split_feature=4 7 9 10 9 4 8 9 11 7 10 3 5 9
split_gain=27.9717 59.5088 50.5457 37.6046 76.9669 68.7171 163.845 84.007 87.7407 63.1112 55.0717 51.0742 60.4645 48.7855
threshold=27.471353530883793 0.500929355621338 78.625000000000014 0.40282487869262701 76.625000000000014 47.856769561767585 19.875000000000004 76.875000000000014 -0.94102901220321644 0.31317472457885748 0.32279463112354284 38.119791030883796 83.750000000000014 78.125000000000014
decision_type=2 2 2 2 2 2 2 2 2 2 2 2 2 2
left_child=1 2 -1 5 9 6 10 8 -8 -5 -2 -11 -13 -9
right_child=3 -3 -4 4 -6 -7 7 13 -10 11 -12 12 -14 -15
leaf_value=-0.0061239456956435467 -0.055451901992205448 0.011644222464016833 -0.049464171423395327 -0.020019800440417981 0.019334104862339094 4.6851979626989374e-05 0.002058736995856189 0.018156606234764849 -0.041405642480022618 0.021170709105702845 -0.018453179220121067 -0.011911539404851736 0.011664296705614656 -0.0054510118167103013
leaf_weight=104.41776847653091 105.31022761762142 91.512854933738708 62.177485942840576 182.9075148999691 468.23470187187195 72998.692939672619 161.74902027100325 325.77198892645538 114.70970282331109 205.03957635164261 201.70889973640442 351.058225274086 307.93011927604675 222.94067654386163
leaf_count=184 756 80 276 189 189 31031 147 268 326 102 192 201 117 232
internal_value=-2.43674e-05 -0.0126868 -0.0258676 2.21792e-05 0.00621876 -0.000106117 -0.00979848 -0.000295555 -0.0175524 0.000100549 -0.0337593 0.00471642 -0.00087601 0.0087105
internal_weight=75904.2 258.108 166.595 75646.1 1515.17 74130.9 1132.19 825.171 276.459 1046.94 307.019 864.028 658.988 548.713
internal_count=34290 540 460 33750 798 32952 1921 973 473 609 948 420 318 500
is_linear=0
shrinkage=0.04


Tree=182
num_leaves=15
num_cat=0
split_feature=10 8 3 6 4 0 9 7 10 10 8 10 2 9
split_gain=27.174 49.8923 76.2501 95.0909 61.868 47.747 42.2778 64.6337 31.1372 267.293 160.627 140.779 160.452 191.919
threshold=-0.99904707074165333 19.875000000000004 44.838541030883796 24.915361404418949 83.484375000000014 6.4342975616455087 75.875000000000014 12.303400039672853 -0.90836843848228443 -0.81911277770996083 18.875000000000004 -0.92599865794181813 0.27083332836627966 76.625000000000014
decision_type=2 2 2 2 2 2 2 2 2 2 2 2 2 2
left_child=1 2 -1 4 -4 -6 -3 -8 11 10 -10 -2 -13 -14
right_child=8 6 3 -5 5 -7 7 -9 9 -11 -12 12 13 -15
leaf_value=0.010128046796899262 -0.00037609213787004103 0.020027244888197133 -0.050909356390439184 0.010995794265998463 -0.031397898021156834 0.0034183771542638103 0.0070923785242300551 -0.028787843809424851 -0.0017088805370221872 0.0002695206139654497 -0.019555183779801061 0.011586414241572971 0.0073367102084109471 -0.022794739006616289
leaf_weight=150.68817001581192 17757.362170530483 144.78236013650894 133.05356067419052 102.22193789482117 118.24549236893654 109.2941258251667 233.5148594379425 98.244289249181747 1470.0650152051821 48765.151814192533 1780.2073505762964 3642.0116707086563 859.49966096878052 530.6272679567337
leaf_count=223 9144 96 210 51 136 67 257 103 1251 19431 2178 808 177 158
internal_value=-2.47634e-05 -0.00623729 -0.0136035 -0.0214297 -0.0307165 -0.0157496 0.00341192 -0.00456555 6.74075e-05 -0.000472776 -0.0115433 0.00129967 0.00719118 -0.00432498
internal_weight=75895 1090.04 613.503 462.815 360.593 227.54 476.542 331.759 74804.9 52015.4 3250.27 22789.5 5032.14 1390.13
internal_count=34290 1143 687 464 413 203 456 360 33147 22860 3429 10287 1143 335
is_linear=0
shrinkage=0.04


Tree=183
num_leaves=15
num_cat=0
split_feature=0 1 10 1 10 10 8 1 4 10 3 11 5 9
split_gain=26.8298 64.375 55.2642 50.1921 111.555 176.464 106.242 104.036 86.365 135.085 76.5203 120.854 107.558 101.719
threshold=21.38471603393555 2.1492004394531254 -0.35110740363597864 1.5758514404296877 -0.89015004038810719 -0.8652246594429015 17.625000000000004 4.2709350585937509 91.739582061767592 -0.70910638570785511 62.421875000000007 -0.26220933347940439 93.750000000000014 77.875000000000014
decision_type=2 2 2 2 2 2 2 2 2 2 2 2 2 2
left_child=3 2 -2 -1 6 -6 -5 10 9 -7 11 13 -13 -8
right_child=1 -3 -4 4 5 8 7 -9 -10 -11 -12 12 -14 -15
leaf_value=0.00025885006492214858 0.00055481695474308198 0.0002398037057111327 0.012221626994031645 -0.014733832705841689 -0.030820209193247031 -0.025547514666026082 0.0054172621111468833 0.02164577158512937 0.0048206043975582372 -0.0043601935389205159 -0.008144542527289092 0.0060630863429258323 -0.0089318836717925121 0.027101989460390413
leaf_weight=47193.209570936859 1147.8698264360428 11192.475511804223 1482.5778477191925 571.44507549703121 398.82144755125046 505.77639776468277 1042.5077084302902 425.15111784636974 1396.8627070188522 5936.0706863105297 1040.6315994858742 1635.1568447723985 1403.9486875534058 508.56049752235413
leaf_count=26459 206 2407 176 264 254 241 272 79 282 1997 284 630 652 87
internal_value=-2.47339e-05 0.00156764 0.00717309 -0.000379812 -0.00240506 -0.00550769 0.00145632 0.00302751 -0.00414467 -0.00609762 0.00155011 0.00377377 -0.000877114 0.0127817
internal_weight=75881.1 13822.9 2630.45 62058.1 14864.9 8237.53 6627.4 6055.96 7838.71 6441.85 5630.81 4590.17 3039.11 1551.07
internal_count=34290 2789 382 31501 5042 2774 2268 2004 2520 2238 1925 1641 1282 359
is_linear=0
shrinkage=0.04


Tree=184
num_leaves=15
num_cat=0
split_feature=4 6 10 11 8 9 3 7 5 8 3 10 10 10
split_gain=26.5877 64.5145 55.2096 27.3484 72.2477 44.3568 86.954 50.9429 40.5127 176.157 138.77 113.113 477.755 450.487
threshold=33.697916030883796 0.019553303718566898 0.40282487869262701 -0.99896219372749318 21.125000000000004 75.375000000000014 63.213541030883796 53.416299819946296 83.250000000000014 17.875000000000004 46.255208969116218 -0.70910638570785511 -0.57816752791404713 -0.81911277770996083
decision_type=2 2 2 2 2 2 2 2 2 2 2 2 2 2
left_child=1 -1 -3 4 5 7 -7 -2 9 10 -5 13 -13 -11
right_child=3 2 -4 8 -6 6 -8 -9 -10 11 -12 12 -14 -15
leaf_value=-0.026692354739711585 0.0029657492416089383 -0.016112793468847746 0.013347113282714746 -0.035413542825193885 0.012757429199655423 -0.021217364106898312 0.010152337085203666 -0.015255254632425686 -0.0002769964705079412 0.00038426561961812488 -0.0046062441938042381 -0.035558752701776358 0.0035674635083400037 0.032404936682772674
leaf_weight=183.70684903860092 858.76117649674416 154.207405179739 224.99236808717251 283.22820437233895 323.41228270530701 616.01933211088181 168.63715207576752 321.21852564811707 59247.187575645745 2371.8525145417079 1058.9478870034218 510.18785029649734 8566.3456749990582 979.38564121723175
leaf_count=540 343 202 204 746 123 577 41 59 22198 3709 585 544 4133 286
internal_value=-2.39091e-05 -0.00853386 0.00115975 4.19518e-05 -0.00424501 -0.00714425 -0.0143907 -0.00216603 0.000177413 0.00213014 -0.0115318 0.00362176 0.00129485 0.0098789
internal_weight=75868.1 562.907 379.2 75305.2 2288.05 1964.64 784.656 1179.98 73017.1 13769.9 1342.18 12427.8 9076.53 3351.24
internal_count=34290 946 406 33344 1143 1020 618 402 32201 10003 1331 8672 4677 3995
is_linear=0
shrinkage=0.04


Tree=185
num_leaves=15
num_cat=0
split_feature=3 11 8 6 9 10 4 10 10 8 1 0 3 7
split_gain=26.3544 70.8147 117.007 109.464 151.323 118.266 93.6935 116.908 117.878 154.618 85.103 76.3961 72.683 68.9774
threshold=62.046875000000007 -0.99591398239135731 20.125000000000004 8.5129961967468279 76.375000000000014 -0.64602515101432789 77.380207061767592 -0.70910638570785511 -0.57816752791404713 20.875000000000004 2.5131225585937504 9.6246242523193377 63.213541030883796 62.697172164916999
decision_type=2 2 2 2 2 2 2 2 2 2 2 2 2 2
left_child=13 2 -2 4 -3 -6 -5 11 -9 10 -10 -8 -7 -1
right_child=1 3 -4 6 5 12 7 8 9 -11 -12 -13 -14 -15
leaf_value=-0.0002004338695236112 -0.00065472765404785919 0.0087538550308135198 0.016001156191575321 -0.014317158387573144 0.0030324701833834905 -0.0087049031138764395 0.011572559268494613 0.015794336986055483 0.011182381177307101 -0.015545402442938267 0.00028361802633703452 -0.0046651829405459115 -0.028177071537389419 -0.0090351776693116202
leaf_weight=57993.374937326647 1408.15096616745 660.11804008483887 1273.1976497173309 523.79607653617859 497.66503173112869 570.96644151210785 512.38785606622696 1492.6723855733871 2226.6368833780289 608.32029032707214 2342.7990795373917 3598.5260295271873 712.24388134479523 1429.3350936174393
leaf_count=30142 231 183 247 189 172 208 112 242 350 191 432 857 310 424
internal_value=-2.38188e-05 0.00139327 0.00731398 0.000229411 -0.00741706 -0.0134418 0.00189061 0.00270309 0.00596629 0.00308314 0.00562005 -0.00259507 -0.0197795 -0.00041591
internal_weight=75850.2 16427.5 2681.35 13746.1 2440.99 1780.88 11305.1 10781.3 6670.43 5177.76 4569.44 4110.91 1283.21 59422.7
internal_count=34290 3724 478 3246 873 690 2373 2184 1215 973 782 969 518 30566
is_linear=0
shrinkage=0.04


Tree=186
num_leaves=15
num_cat=0
split_feature=4 7 9 7 7 10 6 8 7 8 1 1 8 3
split_gain=26.5749 38.0912 38.1505 36.9615 56.6159 77.0856 77.494 56.3698 54.7959 74.3108 54.2327 51.3364 48.1981 127.866
threshold=94.739582061767592 39.896249771118171 73.875000000000014 45.650768280029304 31.604146957397464 -0.35110740363597864 18.799791336059574 16.625000000000004 27.614307403564457 19.875000000000004 5.0262451171875009 2.3208618164062504 17.625000000000004 47.536458969116218
decision_type=2 2 2 2 2 2 2 2 2 2 2 2 2 2
left_child=3 -2 -3 4 8 10 -7 -5 12 -10 -6 -8 13 -1
right_child=1 2 -4 7 5 6 11 -9 9 -11 -12 -13 -14 -15
leaf_value=-0.013593064437475391 -0.00070225616935294351 0.00072442585825330382 0.010654319312544331 0.0041452988329276838 -0.0026805939238227746 -0.0047548233874710986 0.016125386977792467 -0.005676237671736032 -0.012390645948921203 0.0027740510521351552 0.011086795627777476 0.0051463078415509567 0.00030163319746962246 -0.00035319115894976631
leaf_weight=1481.6348632909358 2498.514456897974 1113.7474007606506 1382.5703752040863 1196.0136216878891 3078.3291884064674 633.99795114994049 1357.3300260305405 4071.9550952464342 1328.8884630948305 828.2509617805481 517.23476581275463 1403.4381129741669 49700.958242954686 5243.8019742369652
leaf_count=1633 694 180 257 186 759 174 157 999 382 198 107 260 26221 2083
internal_value=-2.30354e-05 0.00279094 0.00626501 -0.000222172 3.72393e-05 0.00343445 0.00773868 -0.00343916 -0.000369158 -0.00659604 -0.000649733 0.0106213 -0.000128856 -0.00330163
internal_weight=75836.7 4994.83 2496.32 70841.8 65573.9 6990.33 3394.77 5267.97 58583.5 2157.14 3595.56 2760.77 56426.4 6725.44
internal_count=34290 1131 437 33159 31974 1457 591 1185 30517 580 866 417 29937 3716
is_linear=0
shrinkage=0.04


Tree=187
num_leaves=15
num_cat=0
split_feature=11 8 8 3 11 4 6 3 6 3 9 7 9 3
split_gain=25.4043 65.994 42.0823 82.2909 35.8307 177.716 131.393 210.987 109.023 88.3141 95.9748 66.6334 125.992 427.234
threshold=-0.99896219372749318 21.125000000000004 18.125000000000004 62.296875000000007 -0.98485535383224476 67.130207061767592 2.0481079816818242 51.182291030883796 0.070394575595855727 53.380208969116218 76.375000000000014 33.041381835937507 76.375000000000014 62.817708969116218
decision_type=2 2 2 2 2 2 2 2 2 2 2 2 2 2
left_child=1 2 -1 -4 5 8 7 -7 -2 -10 -11 12 -8 -14
right_child=4 -3 3 -5 -6 6 11 -9 9 10 -12 -13 13 -15
leaf_value=0.00079647782520357699 -0.011421042654832568 0.012102949536387742 -0.018930120832189871 0.0022603223162975181 -0.00028221590110181967 0.020346811998735826 0.0040048542546131443 -0.022834653398058652 0.025020540532255869 -0.0065800558512955744 0.013897996422580107 0.0067746064859352589 -0.024959470615577461 0.0078884612967480092
leaf_weight=716.19943314790726 303.36431410908699 323.04318654537201 792.8637917637825 452.56124114990234 61558.008525928482 212.98523354530334 3214.2206572294235 834.23743218183517 729.03681761026382 482.38617432117462 1379.1654540300369 2327.5141376256943 1199.2039741277695 1303.855251789093
leaf_count=246 220 123 687 87 29718 91 840 408 231 172 338 367 477 285
internal_value=-2.20003e-05 -0.00415733 -0.00693022 -0.0113159 0.00010756 0.00210652 -0.000647184 -0.0138356 0.010703 0.0133614 0.00857796 0.00109966 -0.00122618 -0.00792193
internal_weight=75828.6 2284.67 1961.62 1245.43 73544 11986 9092.02 1047.22 2893.95 2590.59 1861.55 8044.79 5717.28 2503.06
internal_count=34290 1143 1020 774 33147 3429 2468 499 961 741 510 1969 1602 762
is_linear=0
shrinkage=0.04


Tree=188
num_leaves=15
num_cat=0
split_feature=4 7 9 10 9 4 8 9 11 8 6 10 9 5
split_gain=25.3232 55.2281 49.3244 35.3582 69.0121 64.7104 153.053 78.9006 82.8976 60.28 138.381 53.6823 44.982 43.2839
threshold=27.471353530883793 0.500929355621338 78.625000000000014 0.40282487869262701 76.625000000000014 47.856769561767585 19.875000000000004 76.875000000000014 -0.94102901220321644 20.375000000000004 0.65680593252182018 0.32279463112354284 78.125000000000014 71.750000000000014
decision_type=2 2 2 2 2 2 2 2 2 2 2 2 2 2
left_child=1 2 -1 5 9 6 11 8 -8 10 -5 -2 -9 -7
right_child=3 -3 -4 4 -6 13 7 12 -10 -11 -12 -13 -14 -15
leaf_value=-0.0055792850918333029 -0.054548784275929782 0.011304192462953402 -0.048527183585201819 -0.031379894358090951 0.018476244072084935 0.0052686627784778355 0.0018989910881321503 0.017466204584420601 -0.040483066199963454 0.018555725719936019 0.004895981515003275 -0.017844265089879238 -0.00521971838894544 -0.00013485380119516963
leaf_weight=104.16020469367504 102.44845952931792 91.298246562480927 60.558996513485909 207.62805607914925 466.89840260148048 2434.4577467720956 161.69771428406239 324.76349402591586 113.3266383279115 207.11307445168495 629.70942261815071 201.25690838694572 222.83205012790859 70483.975966511294
leaf_count=184 756 80 276 240 189 2282 147 268 326 93 276 192 232 28749
internal_value=-2.1065e-05 -0.0121148 -0.0249136 2.3109e-05 0.00603933 -0.000101288 -0.00953117 -0.000353937 -0.0171255 0.000236994 -0.00462126 -0.032831 0.00837603 4.69434e-05
internal_weight=75812.1 256.017 164.719 75556.1 1511.35 74044.8 1126.33 822.62 275.024 1044.45 837.337 303.705 547.596 72918.4
internal_count=34290 540 460 33750 798 32952 1921 973 473 609 516 948 500 31031
is_linear=0
shrinkage=0.04


Tree=189
num_leaves=15
num_cat=0
split_feature=3 8 11 11 3 10 10 6 1 7 4 10 9 10
split_gain=25.2962 25.5171 42.216 40.0559 40.0014 108.128 78.2263 62.7786 39.3588 67.7933 44.984 41.358 102.427 43.779
threshold=68.322917938232436 21.375000000000004 -0.98485535383224476 -0.99896219372749318 32.622396469116218 -0.96628439426422108 -0.94080436229705799 0.10172277688980104 4.8889160156250009 4.9445986747741708 82.296875000000014 -0.96628439426422108 74.875000000000014 -0.43016152083873743
decision_type=2 2 2 2 2 2 2 2 2 2 2 2 2 2
left_child=1 3 -3 -1 5 -5 -7 -8 9 11 -11 -4 -13 -14
right_child=-2 2 8 4 -6 6 7 -9 -10 10 -12 12 13 -15
leaf_value=-0.0056485513467852714 0.007012442809830011 0.011600644604783255 0.023150405587015276 -0.057005033421337802 6.3756093219759021e-06 0.0025099252414304113 -0.048607828121023981 0.012479052745293793 0.014368312151344044 -0.019270892995735388 -0.0023981498305667929 -0.015342289301005072 -0.00099081066688673264 0.023273417237747437
leaf_weight=2117.5935456156731 789.29286909103394 742.31387478113174 181.98722422122955 49.580444682389498 68966.035617608577 517.16775113344193 75.751205364242196 27.817828910425305 283.41554069519043 327.55498784780502 953.98049446940422 291.65651447884738 191.73442638292909 286.86526839435101
leaf_count=1094 111 192 127 620 28582 284 2109 58 53 187 332 225 185 131
internal_value=-2.16168e-05 -9.74788e-05 0.00335295 -0.000255109 -8.95237e-05 -0.00967051 -0.00422839 -0.0328362 0.000848457 -0.000979186 -0.00694061 0.00702147 0.00272126 0.013903
internal_weight=75802.7 75013.5 3259.51 71753.9 69636.4 670.317 620.737 103.569 2517.19 2233.78 1281.54 952.243 770.256 478.6
internal_count=34290 34179 1432 32747 31653 3071 2451 2167 1240 1187 519 668 541 316
is_linear=0
shrinkage=0.04


Tree=190
num_leaves=15
num_cat=0
split_feature=10 8 10 4 10 9 4 8 6 6 4 8 5 5
split_gain=24.4289 111.24 147.109 107.552 91.6914 144.635 90.5475 89.3222 104.036 70.7214 137.399 75.1668 75.8403 61.3311
threshold=0.15618373081088069 17.875000000000004 0.32279463112354284 71.140625000000014 0.24037779867649081 77.875000000000014 75.328125000000014 20.125000000000004 0.90700238943099987 0.71952939033508312 46.359375000000007 19.125000000000004 41.375000000000007 71.750000000000014
decision_type=2 2 2 2 2 2 2 2 2 2 2 2 2 2
left_child=-1 6 3 7 -5 -6 -2 8 -3 11 -11 -4 -13 -10
right_child=1 2 9 4 5 -7 -8 -9 13 10 -12 12 -14 -15
leaf_value=0.00021688932513272739 -0.023582752162271788 -0.040316101769409557 -0.005224940528914257 0.017877833394356446 -0.022807287779757317 0.0096648816118196541 -0.0036147516223223974 -0.0029445985403090324 0.0083704958728277341 -0.020277530268141882 0.0073546973017342265 -0.0080809765294549158 0.020297913359333723 -0.018886289261492165
leaf_weight=68292.045003096573 602.91801333427429 284.75958886742592 305.57062587141991 412.24935245513916 371.18053737282753 482.06791031360626 893.24325910210609 840.4305565059185 173.02510178089142 371.02228599786758 1071.9438236355782 163.12345226854086 1099.4265588968992 432.25434324145317
leaf_count=29718 555 503 280 119 164 92 249 655 86 347 407 333 517 265
internal_value=-2.13642e-05 -0.00218469 0.000258066 -0.00599731 0.00284586 -0.00466 -0.0118663 -0.012423 -0.0211116 0.00648054 6.96872e-05 0.0123046 0.0165625 -0.0110762
internal_weight=75795.3 7503.22 6007.05 2995.97 1265.5 853.248 1496.16 1730.47 890.039 3011.09 1442.97 1568.12 1262.55 605.279
internal_count=34290 4572 3768 1884 375 256 804 1509 854 1884 754 1130 850 351
is_linear=0
shrinkage=0.04


Tree=191
num_leaves=15
num_cat=0
split_feature=10 0 3 1 8 3 2 8 10 10 8 0 9 8
split_gain=24.4725 49.4177 77.385 45.1269 41.2257 45.2517 100.59 33.6727 29.487 234.391 153.287 157.073 131.742 128.938
threshold=-0.99904707074165333 2.06444263458252 38.942708969116218 3.3233642578125004 19.875000000000004 47.276041030883796 0.22916666418313983 20.125000000000004 -0.90836843848228443 -0.81911277770996083 20.125000000000004 0.31263828277587896 77.875000000000014 18.125000000000004
decision_type=2 2 2 2 2 2 2 2 2 2 2 2 2 2
left_child=1 2 -1 4 5 -3 -7 -4 13 10 11 -10 -12 -2
right_child=8 3 7 -5 -6 6 -8 -9 9 -11 12 -13 -14 -15
leaf_value=0.010081680240741167 -0.004519173441560673 0.01430065520941382 -0.046540913476564819 -0.020146143104106673 0.013585936132911243 -0.036510175617020323 0.0093901693195093811 -0.0070151874348439091 0.012891778578892192 0.00023511147997178246 -0.045276717578173323 -0.01113984766829167 -0.012523685766738742 0.0028284284617994954
leaf_weight=78.911767512559891 4835.4270807495341 112.14123499393463 109.55548325181007 142.47314137220383 311.86431303620338 133.29847067594528 139.36230656504631 58.045311540365219 549.9398584458977 48684.427999742329 310.26935224235058 1839.2891318053007 542.35672466084361 17934.84232549835
leaf_count=175 2214 102 243 120 180 156 80 87 1131 19431 603 1146 549 8073
internal_value=-2.14212e-05 -0.00592887 -0.0209369 -0.00113524 0.00320634 -0.00546146 -0.0140112 -0.0350592 6.60026e-05 -0.000460283 -0.0108407 -0.00554728 -0.025207 0.00126552
internal_weight=75782.2 1085.65 246.513 839.139 696.666 384.802 272.661 167.601 74696.6 51926.3 3241.86 2389.23 852.626 22770.3
internal_count=34290 1143 505 638 518 338 236 330 33147 22860 3429 2277 1152 10287
is_linear=0
shrinkage=0.04


Tree=192
num_leaves=15
num_cat=0
split_feature=4 8 10 6 7 5 11 10 10 9 2 8 4 3
split_gain=24.5189 129.313 75.8483 169.157 146.974 63.0661 123.922 67.5716 98.5977 315.238 92.2636 91.9351 134.279 76.7355
threshold=50.411458969116218 18.625000000000004 0.24037779867649081 0.019553303718566898 1.1873602867126467 71.750000000000014 -0.99896219372749318 0.24037779867649081 0.32279463112354284 77.375000000000014 0.85416665673255932 17.625000000000004 70.598957061767592 45.255208969116218
decision_type=2 2 2 2 2 2 2 2 2 2 2 2 2 2
left_child=1 -1 3 -3 -4 6 -2 13 9 10 -9 12 -10 -7
right_child=5 2 4 -5 -6 7 -8 8 11 -11 -12 -13 -14 -15
leaf_value=-0.030987350577142501 -0.02549590446975003 -0.042305027699138326 0.011956679430558777 0.0041151160030338417 -0.011095287277376884 -0.0058718075381971923 0.0097680060623714926 -0.034740760880047392 -0.040005220029715474 0.0076278886767865732 -0.0017357783691438903 0.0066463767579166182 0.0035911894211208524 0.00047797732408218761
leaf_weight=233.49277413915843 154.54887819290161 188.11931206006557 1107.2936572805047 308.8669278472662 709.39119899272919 3175.3077732268721 1930.2688143979758 704.13022124767303 170.50178316235542 667.3313148021698 169.38983464241028 1225.7457900345325 270.73302721977234 64754.79452252388
leaf_count=644 196 1039 966 177 559 4234 1656 489 175 163 26 518 95 23353
internal_value=-2.19254e-05 -0.00386432 -0.000884993 -0.0144127 0.00293239 0.000112757 0.00693645 -8.91163e-05 -0.00574379 -0.012969 -0.0285227 0.00100932 -0.0142595 0.000179524
internal_weight=75769.9 2547.16 2313.67 496.986 1816.68 73222.8 2084.82 71137.9 3207.83 1540.85 873.52 1666.98 441.235 67930.1
internal_count=34290 3385 2741 1216 1525 30905 1852 29053 1466 678 515 788 270 27587
is_linear=0
shrinkage=0.04


Tree=193
num_leaves=15
num_cat=0
split_feature=4 9 10 5 4 6 8 10 11 9 8 3 10 7
split_gain=24.3996 60.7275 112.822 88.1866 45.4985 23.9047 155.036 150.356 169.113 116.371 90.8955 52.8021 72.8285 52.7939
threshold=33.697916030883796 76.625000000000014 0.40282487869262701 35.375000000000007 21.720052719116214 1.0000000180025095e-35 18.375000000000004 -0.9769422411918639 -0.96651518344879139 75.125000000000014 21.125000000000004 23.848958015441898 -0.94080436229705799 0.93888044357299816
decision_type=2 2 2 2 2 2 2 2 2 2 2 2 2 2
left_child=1 -1 -3 4 -4 6 -2 9 -9 -8 11 12 -10 -7
right_child=5 2 3 -5 -6 13 7 8 10 -11 -12 -13 -14 -15
leaf_value=-0.038233403566887147 -0.043381206567560469 -0.022829488629633736 -0.03473685058063971 0.029952459749250759 0.013531528406829663 -0.0037937891655198943 0.00915584248774968 -0.027008077243806591 0.012671396724086653 -0.05673087100290803 -0.00860062145116622 0.024628367247546249 -0.042629307595527896 0.00024025819765686925
leaf_weight=70.966501489281654 81.169004248455167 217.35555274784565 52.418137818574905 175.53827784955502 40.301424905657768 5599.9654324278235 67.894481278955936 143.42606691271067 168.69638299942017 77.630177322775126 188.49068623222411 913.40482861828059 27.769116443581879 67929.099722048268
leaf_count=199 677 424 197 92 34 4639 104 223 48 579 339 569 1102 25064
internal_value=-2.27233e-05 -0.00821988 -0.00249491 0.014422 -0.0150782 4.0118e-05 0.00474581 0.00771602 0.0117226 -0.0285993 0.0163459 0.0206598 0.00163852 -6.79225e-05
internal_weight=75754.1 556.58 485.613 268.258 92.7196 75197.5 1668.48 1587.31 1441.79 145.525 1298.36 1109.87 196.465 73529.1
internal_count=34290 946 747 323 231 33344 3641 2964 2281 683 2058 1719 1150 29703
is_linear=0
shrinkage=0.04


Tree=194
num_leaves=15
num_cat=0
split_feature=8 8 10 10 11 4 7 7 8 3 0 10 3 10
split_gain=23.8133 75.604 83.6028 109.2 87.1479 74.4551 90.6461 75.5705 104.275 67.4885 63.4459 73.8465 62.1297 57.3823
threshold=16.875000000000004 17.625000000000004 0.24037779867649081 -0.94080436229705799 0.16360588744282725 79.651042938232436 7.3155641555786142 38.265037536621101 16.375000000000004 48.057291030883796 1.0627985000610354 -0.26945737004280085 54.932291030883796 -0.90836843848228443
decision_type=2 2 2 2 2 2 2 2 2 2 2 2 2 2
left_child=5 2 3 4 12 9 -7 8 -8 -1 -5 -12 -2 -3
right_child=1 13 -4 10 -6 6 7 -9 -10 -11 11 -13 -14 -15
leaf_value=-0.030659840082237794 -0.025999110486061655 0.0019134887829600578 -0.021798090878797062 -0.01032934497359213 0.0031746531526089133 0.01762370834232729 -0.012565489189853675 0.0063054818791776681 0.0048330090663365396 -0.0023237135568103173 0.006952558886172514 -0.0049124523705304773 -0.0047916696982830001 -0.00065934924349012199
leaf_weight=166.89886231720448 659.9425021559 20448.04589477554 397.38131980597973 759.56156494934112 386.18292451649904 652.38091699779034 1049.2379955351353 2780.8357888460159 1121.1606354787946 493.02257207036018 2111.5627605244517 1366.4047275185585 343.18804216384888 43006.372035144828
leaf_count=280 489 9840 288 806 192 284 369 443 315 199 639 379 87 19680
internal_value=-2.38407e-05 -0.000237041 -0.00451174 -0.00321806 -0.0128635 0.00233432 0.0038392 0.00195934 -0.0036159 -0.0101812 -1.01448e-05 0.00228966 -0.0189792 0.000170084
internal_weight=75742.2 69478.6 6024.22 5626.84 1389.31 6263.54 5603.62 4951.23 2170.4 659.921 4237.53 3477.97 1003.13 63454.4
internal_count=34290 32400 2880 2592 768 1890 1411 1127 684 479 1824 1018 576 29520
is_linear=0
shrinkage=0.04


Tree=195
num_leaves=15
num_cat=0
split_feature=4 5 7 7 5 1 4 10 10 3 9 3 8 7
split_gain=23.4414 56.3294 46.008 33.114 60.8065 46.2441 76.0443 45.6453 150.912 170.106 109.718 112.462 92.2836 196.025
threshold=95.656250000000014 98.750000000000014 39.896249771118171 56.370162963867195 97.250000000000014 5.5892944335937509 88.463542938232436 -0.43016152083873743 -0.50603522360324849 58.848958969116218 77.875000000000014 50.515625000000007 19.125000000000004 1.001858711242676
decision_type=2 2 2 2 2 2 2 2 2 2 2 2 2 2
left_child=3 -2 -3 5 -5 7 -7 8 12 10 11 -10 13 -1
right_child=1 2 -4 4 -6 6 -8 -9 9 -11 -12 -13 -14 -15
leaf_value=-0.011745721686668802 0.0088008802066306107 -0.008558389912185398 0.0038220364633499578 0.00010161641812470773 -0.010813086941102962 -0.0053489378078046433 0.014092009993197855 0.001055038901936274 0.0042092543236830222 -0.028691588527612888 0.019739617318947984 -0.02011139999152663 -0.0022485512887831125 0.003251891034223982
leaf_weight=1522.5073770843446 1550.1732201576233 807.81127214431763 1125.346712231636 2182.4858168959618 1284.6313977837563 485.85510528087616 886.29808723926544 29211.940191507339 557.81700795888901 620.17347931861877 241.5861548781395 634.1772004365921 20087.115834319033 14533.975766541436
leaf_count=2543 318 254 203 479 340 183 143 11661 322 303 83 424 11278 5756
internal_value=-2.36954e-05 0.00317176 -0.00138605 -0.000178594 -0.00398131 1.41942e-05 0.00723036 -0.000134796 -0.00104481 -0.0115386 -0.00382547 -0.00884843 -0.000442484 0.00181694
internal_weight=75731.9 3483.33 1933.16 72248.6 3467.12 68781.4 1372.15 67409.3 38197.4 2053.75 1433.58 1191.99 36143.6 16056.5
internal_count=34290 775 457 33515 819 32696 326 32370 20709 1132 829 746 19577 8299
is_linear=0
shrinkage=0.04


Tree=196
num_leaves=15
num_cat=0
split_feature=3 8 11 3 10 4 6 10 11 8 11 9 10 5
split_gain=23.3608 23.4161 39.1563 38.0149 100.388 75.8789 84.2985 135.807 37.5948 37.0304 222.839 232.885 214.618 183.445
threshold=68.322917938232436 21.375000000000004 -0.99157634377479542 32.622396469116218 -0.96628439426422108 62.359375000000007 1.0000000180025095e-35 -0.94080436229705799 -0.99896219372749318 20.625000000000004 0.24766915291547778 77.625000000000014 -0.26945737004280085 90.750000000000014
decision_type=2 2 2 2 2 2 2 2 2 2 2 2 2 2
left_child=1 3 -3 4 -1 6 7 -6 -5 -10 11 -11 13 -13
right_child=-2 2 -4 8 5 -7 -8 -9 9 10 -12 12 -14 -15
leaf_value=-0.056154878585767926 0.0067385235281087743 0.012833296542435793 0.0012131805952928299 -0.0053824096389522083 0.0090539494680990356 0.016329425468227986 -0.043590341664639175 -0.049236728427556324 0.00043508897516191149 -0.0093675127141173327 0.028181027262423334 -0.018046215616704022 0.011340842809114338 0.0012303579663112978
leaf_weight=47.099679309874773 788.80218470096588 541.09218913316727 2712.349827663973 2116.4321315288544 285.20019200444221 179.4258147533983 91.308195199817419 61.002516333013773 56725.454251119867 5116.0942614004016 359.55476117134094 1025.1600873470306 2445.9560713022947 3225.0087364315987
leaf_count=620 111 144 1288 1094 118 357 126 1850 23299 2569 103 691 805 1115
internal_value=-2.3125e-05 -9.60842e-05 0.00321237 -0.000247109 -0.00963174 -0.0044282 -0.0132827 -0.00334523 -0.000156667 5.37594e-06 -0.00199469 -0.0029593 0.00195014 -0.00348198
internal_weight=75719.9 74931.1 3253.44 71677.7 664.036 616.937 437.511 346.203 71013.7 68897.2 12171.8 11812.2 6696.12 4250.17
internal_count=34290 34179 1432 32747 3071 2451 2094 1968 29676 28582 5283 5180 2611 1806
is_linear=0
shrinkage=0.04


Tree=197
num_leaves=15
num_cat=0
split_feature=4 9 10 5 4 10 8 4 10 9 3 2 3 5
split_gain=23.1453 56.958 106.26 82.4315 42.731 24.387 135.864 142.671 97.3507 201.004 180.222 100.333 90.6085 79.6494
threshold=33.697916030883796 76.625000000000014 0.40282487869262701 35.375000000000007 21.720052719116214 0.32279463112354284 17.875000000000004 70.421875000000014 0.24037779867649081 77.125000000000014 49.421875000000007 0.81250000000000011 44.838541030883796 73.250000000000014
decision_type=2 2 2 2 2 2 2 2 2 2 2 2 2 2
left_child=1 -1 -3 4 -4 8 7 -7 -2 10 13 -12 -8 -10
right_child=5 2 3 -5 -6 6 12 -9 9 -11 11 -13 -14 -15
leaf_value=-0.037271599890901473 0.00013624772679115811 -0.022228678106988406 -0.033811087799548466 0.029054677694425796 0.013087018461294418 -0.03336127066777906 0.016627502846934924 0.0051223161271211201 0.021635953464615072 0.0056238932945291264 -0.037673633454197393 -0.0035279774108335029 0.0012653582389188739 -0.015432682118897728
leaf_weight=69.981384527869523 70044.610247350298 216.63151669502258 51.737385131418705 174.42596537619829 40.212443068623543 277.42543977499008 1016.9368626177311 310.44078874588013 179.87012618780136 865.54460552334785 605.49138259887695 182.21159303188324 1516.1298436522484 154.06943318247795
leaf_count=199 30671 424 197 92 34 277 519 107 164 268 406 29 743 160
internal_value=-2.32456e-05 -0.00803208 -0.00248215 0.0140077 -0.0146272 3.78063e-05 0.00348799 -0.0135389 -0.000112607 -0.00879823 -0.019831 -0.030058 0.00751466 0.00462797
internal_weight=75705.7 552.989 483.007 266.376 91.9498 75152.7 3120.93 587.866 72031.8 1987.19 1121.64 787.703 2533.07 333.94
internal_count=34290 946 747 323 231 33344 1646 384 31698 1027 759 435 1262 324
is_linear=0
shrinkage=0.04


Tree=198
num_leaves=15
num_cat=0
split_feature=4 8 6 10 10 5 9 6 11 8 3 7 9 10
split_gain=24.4539 203.184 94.4175 121.319 54.3739 48.0024 91.642 105.504 74.0323 95.5326 111.097 91.712 81.5999 66.0668
threshold=46.359375000000007 19.875000000000004 0.85642933845520031 0.24037779867649081 0.32279463112354284 71.750000000000014 77.625000000000014 0.4304006695747376 -0.94102901220321644 18.125000000000004 33.351562500000007 1.8747568130493166 75.375000000000014 0.24037779867649081
decision_type=2 2 2 2 2 2 2 2 2 2 2 2 2 2
left_child=1 4 3 -3 -1 6 8 -8 11 -10 12 -2 -11 -7
right_child=5 2 -4 -5 -6 13 7 -9 9 10 -12 -13 -14 -15
leaf_value=-0.054082141236198727 -0.013478995059590399 -0.025574248927819388 -0.021153220554864696 0.013567694795168301 -0.018522292318835652 0.00015464820709414117 -0.033983611096491048 0.0032924290713711281 -0.0192322812746301 0.01380830152869526 0.026361315668156263 0.010304873642505317 -0.025739732885481127 -0.0056399968836323032
leaf_weight=76.927585988305509 412.83260960876942 127.15044227056205 183.98577833175659 942.06734822690487 410.67161903530359 67905.853096598759 167.37195792980492 336.74060469865799 101.19118019472808 196.30142512917519 806.56094309687614 627.55741092562675 116.01325370837003 3281.1104252487421
leaf_count=656 344 502 170 743 499 27607 492 155 298 247 273 286 478 1540
internal_value=-2.33492e-05 -0.0046821 0.00390732 0.00852885 -0.0260424 8.75531e-05 0.00523962 -0.00990824 0.00867506 0.0152768 0.0186807 0.000791076 -0.0015473 -0.000113944
internal_weight=75692.3 1740.8 1253.2 1069.22 487.599 73951.5 2764.57 504.113 2260.46 1220.07 1118.88 1040.39 312.315 71187
internal_count=34290 2570 1415 1245 1155 31720 2573 647 1926 1296 998 630 725 29147
is_linear=0
shrinkage=0.04


Tree=199
num_leaves=15
num_cat=0
split_feature=4 8 6 10 10 4 9 5 9 6 11 8 3 7
split_gain=23.0848 189.533 88.1242 121.077 53.6784 44.699 52.2856 44.161 85.1088 98.9087 68.6164 89.0526 103.381 84.8803
threshold=46.359375000000007 19.875000000000004 0.71952939033508312 0.24037779867649081 0.32279463112354284 27.471353530883793 78.125000000000014 71.750000000000014 77.625000000000014 0.4304006695747376 -0.94102901220321644 18.125000000000004 33.351562500000007 1.8747568130493166
decision_type=2 2 2 2 2 2 2 2 2 2 2 2 2 2
left_child=1 4 3 -3 -1 6 -5 8 10 -10 13 -12 -13 -2
right_child=7 2 -4 5 -6 -7 -8 -9 9 -11 11 12 -14 -15
leaf_value=-0.053344596171016161 -0.012979508089873 -0.025453573342755057 -0.01739387657857755 0.017371402373339562 -0.017854144591330164 0.018270364361272051 -0.023328132040169307 -0.00010945038074026317 -0.033008219484420315 0.0031683302414024727 -0.018633180726733815 -0.0015184653273416099 0.025442989062021453 0.0099119954948340971
leaf_weight=75.183613820932806 412.35049089789391 124.46218964550644 235.24386277794838 76.870788335800171 409.76576195657253 727.96829700469971 86.421896986663342 71186.310377374291 166.04359757620841 336.71689197421074 100.91568999923766 311.50797756481916 803.0409482717514 627.1359606385231
leaf_count=656 344 501 207 78 499 387 242 29147 492 155 298 725 273 286
internal_value=-2.40291e-05 -0.00455693 0.00373657 0.0088718 -0.0252513 0.0141187 -0.00436375 8.3589e-05 0.00503153 -0.00958521 0.00834607 0.0147185 0.0180135 0.000757643
internal_weight=75679.9 1735.92 1250.97 1015.72 484.949 891.261 163.293 73944 2757.71 502.76 2254.95 1215.46 1114.55 1039.49
internal_count=34290 2570 1415 1208 1155 707 320 31720 2573 647 1926 1296 998 630
is_linear=0
shrinkage=0.04


Tree=200
num_leaves=15
num_cat=0
split_feature=10 0 3 9 9 9 8 3 8 6 7 7 3 9
split_gain=22.4817 45.277 74.1599 45.7822 161.115 53.6249 33.3335 26.5052 24.7954 216.448 161.127 160.443 165.629 170.087
threshold=-0.99904707074165333 2.06444263458252 38.942708969116218 75.875000000000014 78.625000000000014 74.125000000000014 20.125000000000004 55.026041030883796 19.125000000000004 1.0672912001609804 6.3226103782653817 3.0636191368103032 53.067708969116218 74.625000000000014
decision_type=2 2 2 2 2 2 2 2 2 2 2 2 2 2
left_child=1 2 -1 5 -5 -3 -4 -7 9 -2 -11 -10 13 -13
right_child=8 3 6 4 -6 7 -8 -9 11 10 -12 12 -14 -15
leaf_value=0.010149770332661498 -0.0071538887201197674 -0.010483999032939409 -0.045608053899105494 -0.043849428838307718 0.0093690795180379968 0.0036623916801475959 -0.006432875522686874 0.026695569580043838 0.0036441706718752004 0.0083579332027890248 0.00071258560578037363 0.0046885919556974558 -0.0010995394328023851 -0.016952837835646165
leaf_weight=78.870296739041805 4596.5847649034113 172.70139187574387 107.74338427186012 130.05034698545933 217.5285459458828 157.9479264318943 57.955039724707603 158.72743010520935 10641.835557213984 5443.9114891979843 22902.45857109502 787.53077295795083 28094.991809517145 2119.8445455618203
leaf_count=175 5070 138 243 170 122 153 87 55 8260 2456 6481 329 9097 1454
internal_value=-2.44579e-05 -0.00569722 -0.0201237 -0.00111037 -0.0118456 0.00668005 -0.0340746 0.0161073 5.93031e-05 0.000879008 0.00218573 -0.000589241 -0.00204381 -0.0110988
internal_weight=75668.7 1081.52 244.569 836.956 347.579 489.377 165.698 316.675 74587.2 32943 28346.4 41644.2 31002.4 2907.38
internal_count=34290 1143 505 638 292 346 330 208 33147 14007 8937 19140 10880 1783
is_linear=0
shrinkage=0.04


Tree=201
num_leaves=15
num_cat=0
split_feature=4 8 10 6 5 9 5 5 5 9 6 11 3 10
split_gain=22.0451 109.276 57.9222 91.2835 62.5383 60.5134 129.247 70.6273 50.2117 109.33 122.48 64.3806 60.963 52.5116
threshold=50.411458969116218 18.625000000000004 0.32279463112354284 0.71952939033508312 53.875000000000007 76.625000000000014 66.250000000000014 36.375000000000007 71.750000000000014 77.375000000000014 0.49335211515426641 -0.96651518344879139 28.346354484558109 0.24037779867649081
decision_type=2 2 2 2 2 2 2 2 2 2 2 2 2 2
left_child=1 -1 4 5 -3 6 -4 -7 9 11 -11 -2 -13 -10
right_child=8 2 3 -5 -6 7 -8 -9 13 10 -12 12 -14 -15
leaf_value=-0.028924236052291163 -0.00021276805911916316 -0.04390009313806241 -0.02738670281176106 -0.010709630352493114 -0.0059397931691356799 -0.0093901829391927222 0.018565882789237265 0.022091138445298482 0.00015969548925775856 -0.036923821551711249 0.0053952240179163382 -0.0074051847002403384 0.020069344303374887 -0.005076813219540276
leaf_weight=227.7817751551047 554.26495337486267 58.875357689335942 167.75224432349205 484.80542051792145 672.82028429489583 128.19663788378239 185.20556211471558 591.70441164076328 67882.819452680647 160.43109031394124 267.23606660962105 138.68134751543403 945.93912113830447 3188.817811563611
leaf_count=644 304 411 195 394 1092 294 82 273 27587 457 120 499 472 1466
internal_value=-2.42119e-05 -0.00368977 -0.000950291 0.00341218 -0.010081 0.00987279 -0.0035717 0.0163828 0.000102917 0.00621888 -0.0114203 0.010904 0.0164859 -7.66165e-05
internal_weight=75655.3 2517.14 2289.36 1557.66 731.696 1072.86 352.958 719.901 73138.2 2066.55 427.667 1638.89 1084.62 71071.6
internal_count=34290 3385 2741 1238 1503 844 277 567 30905 1852 577 1275 971 29053
is_linear=0
shrinkage=0.04


Tree=202
num_leaves=15
num_cat=0
split_feature=3 10 4 7 8 3 8 7 4 10 7 11 6 10
split_gain=21.8758 21.9658 76.1788 71.9832 149.37 44.2033 76.4926 56.2617 87.9241 82.8065 131.325 78.1606 52.0956 195.911
threshold=68.322917938232436 0.40282487869262701 36.104166030883796 0.31317472457885748 19.875000000000004 37.244791030883796 18.625000000000004 0.28141736984252935 72.807292938232436 -0.96628439426422108 0.2187609672546387 0.32990126311779028 0.20717382431030276 -0.70910638570785511
decision_type=2 2 2 2 2 2 2 2 2 2 2 2 2 2
left_child=1 2 -1 4 -3 6 -4 9 -9 10 -8 -11 13 -7
right_child=-2 3 5 -5 -6 12 7 8 -10 11 -12 -13 -14 -15
leaf_value=-0.019313891178433528 0.0065195385224107406 -0.041201922507153682 -0.03838903170929709 0.008494527995511288 0.010935503681752471 0.013162144148141043 -0.054770921947507767 -0.035337925636163489 0.014366001934637941 0.0094994262593163445 0.033514334798837198 -0.037865791517005386 -0.0002560938365016172 -0.0040631166903386589
leaf_weight=312.07697037048638 788.61037230491638 135.42030169069767 98.350138820707798 1343.553195297718 187.85091769695282 2037.5736919865012 70.219389911741018 165.20976904034615 69.103352852165699 667.50632316619158 22.85350651293993 41.006300401873887 67548.980284042656 2156.5796566605568
leaf_count=688 111 245 869 672 226 1274 622 257 128 381 8 1430 25686 1693
internal_value=-2.44237e-05 -9.50872e-05 -0.000199043 0.00441782 -0.0120332 -0.000111913 -0.00787746 -0.00430837 -0.0207023 0.000871086 -0.0309994 0.00579381 1.30204e-05 0.00432789
internal_weight=75644.9 74856.3 73189.5 1666.82 323.271 72877.4 1134.25 1035.9 234.313 801.586 93.0729 708.513 71743.1 4194.15
internal_count=34290 34179 33036 1143 471 32348 3695 2826 385 2441 630 1811 28653 2967
is_linear=0
shrinkage=0.04


Tree=203
num_leaves=15
num_cat=0
split_feature=4 7 9 7 9 11 4 0 10 10 10 1 3 1
split_gain=21.859 33.1925 33.4596 33.0354 49.8391 121.789 89.6894 190.699 97.1722 93.7117 105.058 60.1245 54.3701 51.6992
threshold=94.739582061767592 39.896249771118171 73.875000000000014 45.650768280029304 73.625000000000014 0.16360588744282725 78.067707061767592 3.5622954368591313 0.15618373081088069 0.070834906771779074 -0.81911277770996083 2.3208618164062504 66.989582061767592 5.6442260742187509
decision_type=2 2 2 2 2 2 2 2 2 2 2 2 2 2
left_child=3 -2 -3 4 5 6 8 -8 9 10 -1 -9 13 -6
right_child=1 2 -4 -5 12 -7 7 11 -10 -11 -12 -13 -14 -15
leaf_value=0.025871795537781246 -0.00073156805208314383 0.00058608575643395212 0.0098912306298363558 -0.0032493672343731927 -0.00072699786121667301 -0.016373461874817134 -0.022525631895568155 0.0049093651609625304 -0.00039313248307200533 0.033129644964006284 -0.0028624901445642162 -0.0054509472663743196 0.010671117236260819 0.0088509059516629681
leaf_weight=340.28341639041901 2497.3735247850418 1112.3544244766235 1379.5976269245148 5260.1340341567993 53936.793243868276 491.05481009185314 467.18733161687851 5944.2096872329712 716.49182584881783 415.83881151676178 459.99734216928482 1037.6429105997086 677.57181644439697 897.0986419916153
leaf_count=109 694 180 257 1185 28935 420 311 1165 318 58 145 174 126 213
internal_value=-2.49366e-05 0.00252844 0.00577535 -0.000205936 3.98259e-05 0.00265551 0.00368424 0.00167908 0.0113166 0.0181102 0.00968838 0.00335844 -0.000426163 -0.000567131
internal_weight=75633.6 4989.33 2491.95 70644.3 65384.2 9872.71 9381.65 7449.04 1932.61 1216.12 800.281 6981.85 55511.5 54833.9
internal_count=34290 1131 437 33159 31974 2700 2280 1650 630 312 254 1339 29274 29148
is_linear=0
shrinkage=0.04


Tree=204
num_leaves=15
num_cat=0
split_feature=2 4 11 1 10 10 9 7 11 3 9 3 9 11
split_gain=21.3968 42.6606 53.8651 29.2969 87.2135 163.337 128.45 156.122 128.246 217.114 86.3746 161.085 83.6742 82.5486
threshold=0.85416665673255932 89.677082061767592 -0.94102901220321644 1.8676757812500002 -0.89015004038810719 -0.8652246594429015 75.625000000000014 30.205106735229496 -0.26220933347940439 62.421875000000007 77.875000000000014 55.921875000000007 75.875000000000014 -0.95491972565650929
decision_type=2 2 2 2 2 2 2 2 2 2 2 2 2 2
left_child=3 2 -2 -1 8 -6 13 -8 9 10 11 -5 -13 -7
right_child=1 -3 -4 4 5 6 7 -9 -10 -11 -12 12 -14 -15
leaf_value=0.00033061585589501624 0.0041854447570032222 0.0084324721541514398 -0.008450611672689394 0.019379014570854367 -0.029362154392332224 -0.014514694647044945 -0.0053314547475476351 0.0056611388527440442 -0.0033974625245201538 -0.0053356473696892807 0.028556005847312774 0.0096199573510711255 -0.014402603140360608 -0.0026288095388642464
leaf_weight=51621.902915969491 1463.3348431587219 1385.0075421333313 828.58800196647644 1208.8739008903503 360.86360013484955 1950.920871257782 4196.1943325698376 4035.749766767025 3890.2211348339915 1501.4891594648361 490.9251321554184 427.71337234973907 462.71619915962219 1798.9710318446159
leaf_count=27847 173 169 142 220 211 516 1365 928 1629 343 79 84 147 437
internal_value=-2.3474e-05 0.00294434 -0.000416394 -0.000175924 -0.00146153 -0.0035664 -0.00274186 5.83757e-05 0.00179407 0.00672245 0.0136996 0.00998865 -0.00290565 -0.00885676
internal_weight=75623.5 3676.93 2291.92 71946.5 20324.6 12342.7 11981.8 8231.94 7981.94 4091.72 2590.23 2099.3 890.43 3749.89
internal_count=34290 484 315 33806 5959 3457 3246 2293 2502 873 530 451 231 953
is_linear=0
shrinkage=0.04


Tree=205
num_leaves=15
num_cat=0
split_feature=3 9 10 4 10 11 9 4 7 9 10 10 6 9
split_gain=22.0543 106.084 95.9132 181.921 173.147 176.333 97.6514 95.0153 86.56 439.954 297.661 179.214 154.221 100.162
threshold=55.130208969116218 79.375000000000014 -0.99567621946334828 85.859375000000014 -0.9550008475780486 -0.17842198908329007 74.625000000000014 84.338542938232436 2.7537703514099126 77.375000000000014 -0.18581509590148923 -0.43016152083873743 0.65680593252182018 74.875000000000014
decision_type=2 2 2 2 2 2 2 2 2 2 2 2 2 2
left_child=1 -1 3 -2 5 6 -4 -3 9 11 -11 -6 -12 -13
right_child=2 7 4 -5 8 -7 -8 -9 -10 10 12 13 -14 -15
leaf_value=-0.00042648624052476223 0.015894036937355034 -0.021243755662243451 -0.010259321313451766 -0.010597420984055132 -0.039286311940205945 -0.0043347285159291453 -0.044176503018156205 0.0091098371140981519 0.00030741793295188159 0.026241718471165413 -0.024001177818836684 -0.024713730416687719 0.013311011039683324 0.0026907074512169749
leaf_weight=31034.654154653661 1537.8692542910576 687.27069475408643 274.10374593734741 549.38987535238266 263.42587178945541 3109.480210185051 283.69690507650375 202.64296260476112 34165.379664689302 1670.4179077148438 328.26121336221695 258.27018231153488 342.4450991153717 902.03092196583748
leaf_count=19971 461 1206 68 269 213 1195 233 112 9291 420 238 131 116 366
internal_value=-2.26091e-05 -0.000821461 0.000561296 0.00888679 0.000139474 -0.00813581 -0.0284416 -0.0142836 0.000943435 0.00668305 0.0172906 -0.0107575 -0.00511675 -0.00372462
internal_weight=75609.3 31924.6 43684.8 2087.26 41597.5 3667.28 557.801 889.914 37930.2 3764.85 2341.12 1423.73 670.706 1160.3
internal_count=34290 21289 13001 730 12271 1496 301 1318 10775 1484 774 710 354 497
is_linear=0
shrinkage=0.04


Tree=206
num_leaves=15
num_cat=0
split_feature=10 6 3 7 9 1 8 7 11 7 7 3 9 8
split_gain=21.3478 42.7382 83.9974 51.2743 113.904 55.6706 23.6437 200.942 157.049 144.942 161.718 140.718 215.903 129.429
threshold=-0.99904707074165333 2.7116596698760991 38.942708969116218 12.383222579956056 75.875000000000014 2.8221130371093754 19.125000000000004 1.001858711242676 -0.99591398239135731 3.1261682510375981 7.6900005340576181 53.067708969116218 74.625000000000014 18.125000000000004
decision_type=2 2 2 2 2 2 2 2 2 2 2 2 2 2
left_child=1 2 -1 -3 5 -5 7 8 -2 -8 -11 12 -12 -10
right_child=6 3 -4 4 -6 -7 9 -9 13 10 11 -13 -14 -15
leaf_value=0.011118827477342927 0.019977924470225086 0.010469721062248452 -0.035738607784645479 -0.011101616232540941 -0.034463486023680177 0.019776295181179595 0.0034202062466824885 0.0017979096715473686 -0.024984943793979478 -0.007137063070817338 0.0098901185962398889 0.00041249724636521507 -0.024122529172711366 -0.0057795379781368532
leaf_weight=82.414620704948902 244.03095266222954 339.78977152705193 154.50593760609627 169.05806994438171 164.34521359205246 166.23143097758293 10751.161102190614 30204.278959246352 855.56053917948157 7353.7076864503324 432.5815509557724 22174.221407353878 882.86343485116959 1612.9527639867738
leaf_count=180 129 227 347 136 180 73 8334 10333 1541 3607 139 6463 597 2004
internal_value=-2.29275e-05 -0.00556397 -0.0198422 -0.00116609 -0.00917772 0.00445867 5.85866e-05 0.000859274 -0.00952912 -0.000575165 -0.00196916 -0.00034659 -0.0129569 -0.0125832
internal_weight=75587.7 1076.35 236.921 839.424 499.635 335.29 74511.4 32916.8 2712.54 41594.5 30843.4 23489.7 1315.44 2468.51
internal_count=34290 1143 527 616 389 209 33147 14007 3674 19140 10806 7199 736 3545
is_linear=0
shrinkage=0.04


Tree=207
num_leaves=15
num_cat=0
split_feature=8 11 1 10 7 4 10 7 5 3 10 4 9 11
split_gain=20.6961 38.5791 59.5156 40.9728 55.1729 83.3255 46.706 36.2779 64.5455 34.5156 92.5798 68.8131 43.0969 35.2491
threshold=21.375000000000004 -0.97685924172401417 0.86517333984375011 -0.90836843848228443 10.434222221374513 81.463542938232436 -0.43016152083873743 20.748281478881839 88.750000000000014 32.622396469116218 -0.96628439426422108 54.869791030883796 75.375000000000014 -0.99896219372749318
decision_type=2 2 2 2 2 2 2 2 2 2 2 2 2 2
left_child=9 2 -2 7 5 6 -5 8 -3 10 -1 12 -12 -11
right_child=1 3 -4 4 -6 -7 -8 -9 -10 13 11 -13 -14 -15
leaf_value=-0.05500085241485269 -0.0014288249154457361 0.01672912946194309 0.020081884116959027 -0.0257736885454583 -0.013131524560564409 0.014410504034467 0.00087043926704441727 0.016191487445046764 -0.0082845274534391906 -0.0051371099249691004 -0.0062842386831820952 0.003994105666047733 -0.047162919075504073 7.6042915841611832e-05
leaf_weight=44.002182256430387 366.23000705987215 239.80000406689942 442.59587967395782 157.62424840033054 578.06131732463837 442.40947335958481 255.33357886970043 372.38592135906219 432.77729693800211 2119.0781105160713 100.29307760950178 448.79587407596409 60.053078509867191 69513.126183221117
leaf_count=620 154 188 86 195 202 164 159 81 211 1095 561 1038 852 28684
internal_value=-2.27834e-05 0.00307151 0.0105426 0.000568453 -0.00380361 0.00265624 -0.0100203 0.00652463 0.000859373 -0.000164309 -0.00917967 -0.0042265 -0.0251266 -7.95674e-05
internal_weight=75572.6 3287.22 808.826 2478.39 1433.43 855.367 412.958 1044.96 672.577 72285.3 653.144 609.142 160.346 71632.2
internal_count=34290 1440 240 1200 720 518 354 480 399 32850 3071 2451 1413 29779
is_linear=0
shrinkage=0.04


Tree=208
num_leaves=15
num_cat=0
split_feature=3 9 10 11 7 3 8 10 7 11 4 7 3 7
split_gain=20.632 61.6506 123.254 91.6471 108.51 106.267 122.105 63.9558 60.0483 63.3383 103.322 282.128 123.959 119.489
threshold=62.046875000000007 78.625000000000014 -0.92599865794181813 -0.99591398239135731 29.477691650390629 66.578125000000014 19.875000000000004 1.0000000180025095e-35 62.697172164916999 -0.99591398239135731 72.307292938232436 9.507787227630617 59.140625000000007 13.621759414672853
decision_type=2 2 2 2 2 2 2 2 2 2 2 2 2 2
left_child=8 2 -2 -3 5 6 -5 -4 9 10 13 -12 -13 -1
right_child=1 3 7 4 -6 -7 -8 -9 -10 -11 11 12 -14 -15
leaf_value=0.0038507340962570446 -0.0105274950026735 0.0089857119056645368 0.0064681228322224487 0.0017394328037239712 0.0036549221658075527 0.011021351677719478 -0.014280639049711757 -0.0036876308810660959 -0.0084282652583379889 0.00017740181613035315 -0.03719439972968417 -0.01213011878404842 0.01479829841178444 -0.027236431093296241
leaf_weight=1889.8197495341301 888.05819541215897 1120.055067896843 6929.4993003606796 1079.4342484474182 2264.4143050312996 437.06921648979187 2530.3540441393852 1144.0277197360992 1423.7800094485283 54063.239358147606 496.96051985025406 660.72693127393723 437.3549171090126 200.69713598489761
leaf_count=1066 214 234 1329 290 493 83 888 193 424 28371 290 243 61 111
internal_value=-2.28513e-05 0.00123201 0.00346243 -0.00145977 -0.00333605 -0.00724657 -0.00950697 0.00502348 -0.000370792 -0.000169288 -0.00522838 -0.0128277 -0.00133195 0.000636434
internal_weight=75565.5 16392.9 8961.59 7431.33 6311.27 4046.86 3609.79 8073.53 59172.6 57748.8 3685.56 1595.04 1098.08 2090.52
internal_count=34290 3724 1736 1988 1754 1261 1178 1522 30566 30142 1771 594 304 1177
is_linear=0
shrinkage=0.04


Tree=209
num_leaves=15
num_cat=0
split_feature=10 4 7 8 3 8 7 4 10 7 11 6 10 10
split_gain=20.5386 70.349 66.1003 141.921 41.698 70.6879 52.1887 83.3958 76.4341 124.264 73.252 46.7953 178.463 352.877
threshold=0.40282487869262701 36.104166030883796 0.31317472457885748 19.625000000000004 37.244791030883796 18.625000000000004 0.28141736984252935 72.807292938232436 -0.96628439426422108 0.2187609672546387 0.32990126311779028 0.20717382431030276 -0.70910638570785511 -0.76694479584693898
decision_type=2 2 2 2 2 2 2 2 2 2 2 2 2 2
left_child=1 -1 3 -2 5 -3 8 -8 9 -7 -10 12 13 -6
right_child=2 4 -4 -5 11 6 7 -9 10 -11 -12 -13 -14 -15
leaf_value=-0.018519364391068979 -0.044733121453904803 -0.037187434502114466 0.0082434515155315885 0.0079267847780693443 -0.0013833109072232963 -0.053835919972054919 -0.034392796034490088 0.014082370627950123 0.0090785884120753307 0.032781513043061657 -0.037070509056940752 -0.00017187479566120768 -0.0038328633116857308 0.032248496700324189
leaf_weight=311.07375624682754 108.66273593902588 96.509149314835668 1342.4344782531261 212.16423829644918 1195.5694882646203 67.669191218912601 163.51277392730117 69.030363952741027 666.40693994611502 22.374724641442299 40.156190874986351 68266.518164366484 2154.1586875915527 835.02835029363632
leaf_count=688 203 869 672 268 1027 622 257 128 381 8 1430 25797 1693 247
internal_value=-2.26659e-05 -0.000122164 0.00434632 -0.0114873 -3.93713e-05 -0.0076109 -0.00418131 -0.0200273 0.000821621 -0.0302665 0.00550755 8.03337e-05 0.00417589 0.0126265
internal_weight=75551.3 73888 1663.26 320.827 73576.9 1125.66 1029.15 232.543 796.607 90.0439 706.563 72451.3 4184.76 2030.6
internal_count=34290 33147 1143 471 32459 3695 2826 385 2441 630 1811 28764 2967 1274
is_linear=0
shrinkage=0.04


Tree=210
num_leaves=15
num_cat=0
split_feature=1 10 10 10 4 9 10 9 4 4 11 3 8 11
split_gain=20.8339 109.546 506.154 380.379 237.531 233.509 219.061 113.478 156.549 121.8 109.095 162.296 105.686 265.486
threshold=0.26092529296875006 -0.70910638570785511 -0.76694479584693898 -0.50603522360324849 83.484375000000014 75.375000000000014 -0.8652246594429015 75.875000000000014 60.057291030883796 83.213542938232436 -0.34405803680419916 50.317708969116218 19.375000000000004 -0.97685924172401417
decision_type=2 2 2 2 2 2 2 2 2 2 2 2 2 2
left_child=1 2 6 4 -3 -4 7 9 -9 -1 -10 -12 -5 -14
right_child=-2 3 5 12 -6 -7 -8 8 10 -11 11 -13 13 -15
leaf_value=0.0099086651134331349 0.00032443745023113125 -0.02876030921373407 -0.0058684520181331683 -0.0054163018364263606 0.007458486942200868 0.033975747287626028 -0.020275115154784775 -0.048505289385823637 0.018591796902319907 -0.014570487482537378 -8.6458464378746006e-05 -0.033931132979445569 -0.0087923194061994767 0.011023448579455471
leaf_weight=2153.6706987386569 59308.791763613001 1332.1344840824604 298.92043572664261 3640.3068372756243 359.61890977621078 1000.9610303938389 929.77345408499241 115.57326301652938 269.85679522156715 364.24644438549876 880.60554581321776 285.33816680312157 1701.4331789091229 2896.298093535006
leaf_count=2363 20196 1526 221 2646 173 258 987 1149 136 273 1366 212 1139 1645
internal_value=-2.31254e-05 -0.00129215 0.00282859 -0.00390656 -0.021064 0.0248631 -0.00297718 0.00105498 -0.00739824 0.00628055 -0.00346845 -0.00880171 -0.000340644 0.00368412
internal_weight=75537.5 16228.7 6298.95 9929.79 1691.75 1299.88 4999.06 4069.29 1551.37 2517.92 1435.8 1165.94 8238.04 4597.73
internal_count=34290 14094 6965 7129 1699 479 6486 5499 2863 2636 1714 1578 5430 2784
is_linear=0
shrinkage=0.04


Tree=211
num_leaves=15
num_cat=0
split_feature=8 6 7 7 3 9 7 10 10 9 11 10 3 3
split_gain=21.7569 178.042 125.644 123.516 142.913 141.551 126.048 116.107 260.428 102.754 110.286 218.553 168.663 139.342
threshold=19.125000000000004 1.0672912001609804 6.3226103782653817 3.1261682510375981 53.067708969116218 73.375000000000014 7.6900005340576181 -0.99166062474250782 -0.89015004038810719 77.625000000000014 -0.96651518344879139 -0.8652246594429015 52.078125000000007 33.986978530883796
decision_type=2 2 2 2 2 2 2 2 2 2 2 2 2 2
left_child=1 9 -3 -2 5 -5 -6 -7 -9 10 12 13 -1 -12
right_child=3 2 -4 4 6 7 -8 8 -10 -11 11 -13 -14 -15
leaf_value=0.012685626417933955 0.0030517876819133459 0.0073137410664924161 0.00061598308893850171 0.016983785033670297 -0.0062193175956465141 -0.026661105684792685 0.0003316072862306757 0.0095596335997444049 -0.020096298710380524 0.021675233270944397 -0.045316951751458889 -0.018629973601421278 -0.026016316961066332 0.0060453482589980304
leaf_weight=771.53086730837822 10832.037379135378 5534.7292987275869 23212.733970323578 258.55028913170099 5917.699300378561 717.53032624721527 22527.64482536912 793.65241248905659 1122.231500595808 178.87194827664644 71.125064860098064 2206.2600398361683 213.60186240077019 1152.4458500668406
leaf_count=534 8615 2633 6728 90 2665 519 6707 366 838 136 1060 2355 183 861
internal_value=-2.31444e-05 0.000740205 0.00190969 -0.000626753 -0.00189941 -0.0103397 -0.00103464 -0.0131302 -0.00783952 -0.00655477 -0.0077911 -0.0111648 0.00394336 0.0023789
internal_weight=75510.6 33341.3 28747.5 42169.3 31337.3 2891.96 28445.3 2633.41 1915.88 4593.84 4414.96 3429.83 985.133 1223.57
internal_count=34290 14490 9361 19800 11185 1813 9372 1723 1204 5129 4993 4276 717 1921
is_linear=0
shrinkage=0.04


Tree=212
num_leaves=15
num_cat=0
split_feature=4 5 7 0 6 7 2 10 10 3 9 3 7 8
split_gain=20.2309 51.8591 40.8763 32.9449 29.8866 48.9854 54.3666 34.917 139.37 158.171 103.766 106.351 77.6346 73.3175
threshold=95.656250000000014 98.750000000000014 42.80891418457032 12.688779830932619 39.128978729248054 85.916946411132827 0.97916665673255932 -0.43016152083873743 -0.50603522360324849 58.848958969116218 77.875000000000014 50.515625000000007 19.406104087829593 19.125000000000004
decision_type=2 2 2 2 2 2 2 2 2 2 2 2 2 2
left_child=4 -2 3 -3 7 6 -6 8 13 10 11 -10 -11 -1
right_child=1 2 -4 -5 5 -7 -8 -9 9 12 -12 -13 -14 -15
leaf_value=0.0017692987699937459 0.0083544394390541125 -0.0011973684502874266 0.0041346514525443167 -0.016433294086072768 -0.01604869075748518 0.0020719790389340594 -0.0011348737807352627 0.0010127451250033005 0.0042977692525314297 -0.044368080212119472 0.019421927046432964 -0.019378938990740398 -0.014652985505825791 -0.0018131239708423133
leaf_weight=16335.866848406382 1547.3912234902382 563.65403360128403 1002.9840009212494 364.21812134981155 792.67458081245422 1115.7066529393196 760.19016885757446 30265.8051494807 556.9792640209198 245.30321669578552 241.30520635843277 631.61834961175919 366.90897798538208 20700.664259530604
leaf_count=8389 318 183 180 94 210 257 104 11999 322 188 83 424 114 11425
internal_value=-2.29802e-05 0.00294763 -0.00142662 -0.00739849 -0.00016724 -0.00430512 -0.00885504 -6.80724e-06 -0.000796549 -0.0109176 -0.00349878 -0.00839647 -0.0275863 -0.000232907
internal_weight=75491.3 3478.25 1930.86 927.872 72013 2668.57 1552.86 69344.5 39078.6 2042.12 1429.9 1188.6 612.212 37036.5
internal_count=34290 775 457 277 33515 571 314 32944 20945 1131 829 746 302 19814
is_linear=0
shrinkage=0.04


Tree=213
num_leaves=15
num_cat=0
split_feature=4 8 6 10 10 3 4 9 5 9 7 11 8 3
split_gain=20.3277 157.286 70.7495 102.463 53.1514 39.0578 38.9121 45.3884 38.5296 70.8457 84.9572 58.7924 78.3272 94.2441
threshold=46.359375000000007 19.875000000000004 0.71952939033508312 0.24037779867649081 0.32279463112354284 49.536458969116218 27.471353530883793 78.125000000000014 71.750000000000014 77.625000000000014 0.68857669830322277 -0.94102901220321644 18.125000000000004 32.622396469116218
decision_type=2 2 2 2 2 2 2 2 2 2 2 2 2 2
left_child=1 4 3 5 -1 -3 7 -5 9 11 -11 -2 -13 -14
right_child=8 2 -4 6 -6 -7 -8 -9 -10 10 -12 12 13 -15
leaf_value=-0.051763460628733951 0.00073273194100056884 -0.049902292868749608 -0.015701017272717496 0.015844812169992072 -0.01612671609541096 -0.0055539343155474588 0.016615588431124689 -0.022231349632391987 -0.0001022309219055292 -0.034671081197539082 0.0013437170268034587 -0.017784919865195235 -0.002728516072023123 0.023623659662989367
leaf_weight=71.36669257376343 1037.4480014368892 36.454429785721004 234.16884219646454 76.13015553355217 405.18302395939827 86.206736147403717 722.68071506917477 85.717003375291824 71026.945086941123 124.98548251669854 373.08789291977882 99.325134111568332 288.4220133125782 813.60706534981728
leaf_count=656 630 440 207 78 499 61 387 242 29147 459 188 298 710 288
internal_value=-2.28985e-05 -0.00429887 0.00326254 0.00789138 -0.0233335 -0.0238823 0.0127282 -0.00454815 7.7824e-05 0.00471742 -0.00868333 0.00774922 0.0136972 0.0168011
internal_weight=75481.7 1717.91 1241.36 1007.19 476.55 122.661 884.528 161.847 73763.8 2736.88 498.073 2238.8 1201.35 1102.03
internal_count=34290 2570 1415 1208 1155 501 707 320 31720 2573 647 1926 1296 998
is_linear=0
shrinkage=0.04


Tree=214
num_leaves=15
num_cat=0
split_feature=7 8 6 6 11 4 10 10 9 10 10 4 10 10
split_gain=20.5114 175.993 146.068 134.078 119.877 146.689 143.105 272.756 167.802 162.861 164.522 156.518 117.51 190.808
threshold=0.93888044357299816 18.375000000000004 0.078240036964416518 0.17215758562088015 -0.96651518344879139 58.588541030883796 -0.76694479584693898 -0.70910638570785511 75.125000000000014 -0.9769422411918639 -0.9550008475780486 54.096353530883796 -0.50603522360324849 -0.70910638570785511
decision_type=2 2 2 2 2 2 2 2 2 2 2 2 2 2
left_child=1 2 -1 4 5 -3 8 -8 -6 -10 -11 -9 13 -5
right_child=-2 3 -4 12 6 -7 7 11 9 10 -12 -13 -14 -15
leaf_value=-0.03777114671876395 0.00019684305874049989 -0.026837730323030974 -0.0071201520827083951 -0.0036022272092588519 0.013003144029695228 0.008589507259646972 0.033550766374850369 0.012936261836026206 -0.048369700239837055 0.0045753828254564291 -0.037892659283187573 -0.014612491021583825 0.00088304298754106119 -0.042973624082698988
leaf_weight=326.12253983411938 67893.003592655063 380.64876221865416 931.7946227453649 490.50568693131208 703.90898508671671 336.65600533783436 726.54543223977089 958.61229706555605 147.26982320100069 645.49803501367569 167.38005809113383 478.64425298571587 972.04834665358067 313.72742873430252
leaf_count=1086 25210 548 911 472 734 171 171 877 813 362 1461 437 612 425
internal_value=-2.36895e-05 -0.00199445 -0.0155334 0.000740176 0.00438061 -0.0104285 0.00719548 0.01393 -0.00162294 -0.0123922 -0.00486916 0.00368717 -0.00852005 -0.0196309
internal_weight=75472.4 7579.36 1257.92 6321.45 4545.16 717.305 3827.86 2163.8 1664.06 960.148 812.878 1437.26 1776.28 804.233
internal_count=34290 9080 1997 7083 5574 719 4855 1485 3370 2636 1823 1314 1509 897
is_linear=0
shrinkage=0.04


Tree=215
num_leaves=15
num_cat=0
split_feature=4 8 6 10 10 3 5 9 7 10 10 9 7 3
split_gain=20.6021 145.721 65.2348 84.6844 51.1694 40.9807 35.6587 64.886 78.2851 54.2273 74.9974 264.659 95.2307 81.5249
threshold=46.359375000000007 19.875000000000004 0.85642933845520031 0.24037779867649081 0.32279463112354284 49.536458969116218 71.750000000000014 77.625000000000014 0.68857669830322277 0.24037779867649081 0.32279463112354284 77.375000000000014 0.68857669830322277 44.648437500000007
decision_type=2 2 2 2 2 2 2 2 2 2 2 2 2 2
left_child=1 4 3 5 -1 -3 7 -2 -9 -8 11 -11 -12 -14
right_child=6 2 -4 -5 -6 -7 9 8 -10 10 12 -13 13 -15
leaf_value=-0.050935831702028915 0.007450579872629347 -0.049158306086998539 -0.017961278147901664 0.011034662964212719 -0.015692283580649998 -0.0041369806599212836 0.00014745171074484169 -0.033429752331225082 0.0012855150995216152 -0.025805639225367463 -0.022641099930054528 0.007314401244231261 0.020447605720132357 -0.00096425043689398957
leaf_weight=69.470700544305146 2233.0979735115543 35.218340815976262 182.13600727915764 931.69968068599701 404.47895336896181 88.189380407333374 67738.425199562684 123.33604905661196 373.07547843456268 868.73882964253426 223.37253111600876 669.91971784830093 356.95971953868866 1153.4547563195229
leaf_count=656 1926 440 170 743 499 62 27607 459 188 525 219 165 155 476
internal_value=-2.43746e-05 -0.00433762 0.00295014 0.00682692 -0.0227114 -0.0220491 7.68661e-05 0.00454645 -0.00830033 -9.61671e-05 -0.00510925 -0.0114766 0.00060794 0.00429715
internal_weight=75451.6 1711.19 1237.24 1055.11 473.95 123.408 73740.4 2729.51 496.412 71010.9 3272.45 1538.66 1733.79 1510.41
internal_count=34290 2570 1415 1245 1155 502 31720 2573 647 29147 1540 690 850 631
is_linear=0
shrinkage=0.04


Tree=216
num_leaves=15
num_cat=0
split_feature=4 7 9 10 3 3 4 9 3 4 5 8 11 6
split_gain=19.7758 49.8649 40.499 24.8084 44.8376 47.5458 50.3325 105.687 44.7954 82.1584 79.9008 55.9808 55.0259 129.829
threshold=27.471353530883793 0.500929355621338 78.625000000000014 0.40282487869262701 52.630208969116218 38.119791030883796 67.588542938232436 76.875000000000014 38.533853530883796 54.869791030883796 69.250000000000014 20.625000000000004 0.24766915291547778 0.1487955451011658
decision_type=2 2 2 2 2 2 2 2 2 2 2 2 2 2
left_child=1 2 -1 8 5 -5 7 -7 9 11 -11 -2 13 -12
right_child=3 -3 -4 4 -6 6 -8 -9 -10 10 12 -13 -14 -15
leaf_value=-0.0056054088010991975 -0.013130190819970093 0.011313087035397627 -0.045685872805590451 0.013569295581511943 0.022247445534226085 -0.021442880620809183 0.013141161882737312 0.0094929346959691293 4.3753018355592233e-05 0.019872315996475706 -0.053411060798979226 -0.052568475034997793 9.7113491093185882e-05 0.0003520447797785818
leaf_weight=100.16009189561009 220.65641028899699 89.652985945343971 55.914687313139439 390.8355718255043 190.18420517444611 386.95248103141785 218.77062523365021 296.50207763910294 72388.215530969203 196.67101550847292 99.77335862070322 69.743684715591371 557.15022889524698 179.02126301452518
leaf_count=184 1363 80 276 260 47 269 88 134 28733 228 669 490 1100 369
internal_value=-2.53015e-05 -0.0109182 -0.0235228 1.3189e-05 0.00510019 0.00227771 -0.00280189 -0.00813372 -9.05292e-05 -0.00732896 -0.00186711 -0.0253787 -0.00732653 -0.0211756
internal_weight=75440.2 245.728 156.075 75194.5 1483.24 1293.06 902.225 683.455 73711.2 1323.02 1032.62 290.4 835.945 278.795
internal_count=34290 540 460 33750 798 751 491 403 32952 4219 2366 1853 2138 1038
is_linear=0
shrinkage=0.04


Tree=217
num_leaves=15
num_cat=0
split_feature=4 8 6 10 10 3 5 3 9 5 9 6 11 7
split_gain=19.8336 135.778 61.0174 83.9762 49.4954 37.3114 34.8042 35.5165 59.2928 32.7111 60.1858 73.937 51.6749 72.2453
threshold=46.359375000000007 19.875000000000004 0.71952939033508312 0.24037779867649081 0.32279463112354284 49.536458969116218 41.375000000000007 38.119791030883796 77.375000000000014 71.750000000000014 77.625000000000014 0.4304006695747376 -0.94102901220321644 1.8747568130493166
decision_type=2 2 2 2 2 2 2 2 2 2 2 2 2 2
left_child=1 4 3 5 -1 -3 -5 -8 -9 10 12 -12 13 -2
right_child=9 2 -4 6 -6 -7 7 8 -10 -11 11 -13 -14 -15
leaf_value=-0.050067606550053691 -0.012119556800665492 -0.048231788469171699 -0.014843709064957871 -0.0065264950007592861 -0.015193955533331542 -0.0045274361856580689 0.026609154243424124 -0.010380597356098746 0.017627203236496795 -9.1888827717186538e-05 -0.028809194467770759 0.0028649481854703322 0.012757771626536114 0.009032983876546349
leaf_weight=67.904776499606669 410.52486152201891 33.765400844626129 233.48613235354424 134.11295903474092 403.62617702037096 86.069216191768646 249.53776882588863 169.40483406186104 326.98241217434406 71001.606397378258 159.03632657136768 336.23815357685089 1193.6528395228088 626.0863164961338
leaf_count=656 344 440 207 271 499 61 128 128 180 29147 492 155 1296 286
internal_value=-2.54313e-05 -0.00426537 0.0027769 0.00710199 -0.0220489 -0.021979 0.0114623 0.0147826 0.00803698 7.37444e-05 0.00435781 -0.00802929 0.00715553 0.000585189
internal_weight=75432 1704.89 1233.36 999.873 471.531 119.835 880.038 745.925 496.387 73727.1 2725.54 495.274 2230.26 1036.61
internal_count=34290 2570 1415 1208 1155 501 707 436 308 31720 2573 647 1926 630
is_linear=0
shrinkage=0.04


Tree=218
num_leaves=15
num_cat=0
split_feature=3 8 7 9 4 4 10 8 5 6 7 6 8 10
split_gain=20.2071 80.7281 55.9109 46.3406 62.7318 33.7993 65.7172 97.2484 88.7281 61.7393 56.3896 23.0962 197.435 157.167
threshold=35.434896469116218 18.875000000000004 4.6259522438049325 79.375000000000014 76.838542938232436 57.359375000000007 0.24037779867649081 19.875000000000004 67.250000000000014 1.0000000180025095e-35 0.28141736984252935 0.24248510599136355 18.125000000000004 -0.70910638570785511
decision_type=2 2 2 2 2 2 2 2 2 2 2 2 2 2
left_child=1 2 -1 5 -5 6 7 8 -3 -8 -7 12 -2 -14
right_child=11 3 -4 4 -6 10 9 -9 -10 -11 -12 -13 13 -15
leaf_value=-0.04855190646301015 -0.017971637711621292 0.02091873969445987 0.010510942842178636 -0.047151629759512891 0.018498429497608274 0.014386489530685321 -0.012479028477005261 -0.042026666130043154 -0.037397822971645421 0.024098670373263562 -0.017827134316347609 -0.00013265167865249871 0.013939925259954852 -0.0011122822541514467
leaf_weight=82.987795284949243 629.54160977900028 113.76907375827432 25.887247001752257 53.132048598490655 21.277000464498997 412.50081486999989 116.15778114646673 127.6351770106703 40.781413277611136 145.78236615657806 90.74313710257411 69101.231550991535 1989.4942528605461 2473.1772018224001
leaf_count=1034 776 300 45 488 17 679 194 798 139 76 156 26312 1239 2037
internal_value=-2.57334e-05 -0.00506786 -0.0350567 -0.00159419 -0.0284373 0.00080996 -0.00599761 -0.0187945 0.0030088 0.00814364 0.00811846 5.92441e-05 0.0026536 0.00563037
internal_weight=75424.1 1230.65 108.875 1121.78 74.409 1047.37 544.126 282.186 154.55 261.94 503.244 74193.4 5092.21 4462.67
internal_count=34290 3926 1079 2847 505 2342 1507 1237 439 270 835 30364 4052 3276
is_linear=0
shrinkage=0.04


Tree=219
num_leaves=15
num_cat=0
split_feature=8 6 7 7 3 9 7 3 10 10 10 10 10 9
split_gain=20.3364 153.498 114.661 107.471 130.818 131.148 116.862 114.828 101.445 419.424 490.7 223.59 214.51 162.724
threshold=19.125000000000004 1.0672912001609804 6.3226103782653817 3.1261682510375981 53.067708969116218 73.375000000000014 7.6900005340576181 45.942708969116218 -0.43016152083873743 -0.70910638570785511 -0.76694479584693898 -0.8652246594429015 -0.18581509590148923 75.375000000000014
decision_type=2 2 2 2 2 2 2 2 2 2 2 2 2 2
left_child=1 -1 -3 8 5 -5 -6 -7 9 10 11 13 -10 -2
right_child=3 2 -4 4 6 7 -8 -9 12 -11 -12 -13 -14 -15
leaf_value=-0.0060833626167849436 0.016803965323349816 0.0069598097634479888 0.00055993662482099532 0.016432802509803512 -0.0059631593291529488 0.0076603275323362174 0.00034600255947426074 -0.015962922894986947 0.018668689482299938 -0.019859495347687762 0.030703758226660556 -0.026873104421548 0.0014748180052989407 -0.0048012801238322637
leaf_weight=4567.3406625650823 822.3454783577472 5531.6197896730155 23207.423766268417 258.11507338285446 5914.5355781912804 372.7132232002914 22522.521972775459 2252.495913207531 1634.119847536087 1387.1104066073895 925.04553127288818 477.80425173044205 3907.2796491608024 1633.3375748405233
leaf_count=5129 651 2633 6728 90 2665 264 6707 1459 470 1241 239 571 2732 2711
internal_value=-2.60498e-05 0.000712278 0.00179575 -0.000610118 -0.00179596 -0.00988424 -0.000969489 -0.0125765 0.00282994 -0.00115636 0.00563499 -0.00242457 0.00659407 0.00251107
internal_weight=75413.8 33306.4 28739 42107.4 31320.4 2883.32 28437.1 2625.21 10787 5245.64 3858.53 2933.49 5541.4 2455.68
internal_count=34290 14490 9361 19800 11185 1813 9372 1723 8615 5413 4172 3933 3202 3362
is_linear=0
shrinkage=0.04


Tree=220
num_leaves=15
num_cat=0
split_feature=1 10 10 10 7 9 10 9 8 11 3 11 11 9
split_gain=20.5433 82.7692 417.345 320.02 210.624 200.372 183.171 95.9414 81.1324 220.33 115.614 111.152 104.502 89.4468
threshold=0.26092529296875006 -0.70910638570785511 -0.76694479584693898 -0.50603522360324849 3.3158540725708012 75.375000000000014 -0.8652246594429015 79.375000000000014 19.375000000000004 -0.97685924172401417 52.796875000000007 -0.99591398239135731 -0.99157634377479542 74.625000000000014
decision_type=2 2 2 2 2 2 2 2 2 2 2 2 2 2
left_child=1 2 6 4 -3 -4 7 -1 10 12 11 -5 -10 -11
right_child=-2 3 5 8 -6 -7 -8 -9 9 13 -12 -13 -14 -15
leaf_value=0.002151719231776122 0.00031959941024498447 -0.026969336951512539 -0.0058975914583605221 0.017504812831839106 0.0065607441029177415 0.031097348563330334 -0.01882475122641171 -0.025926496425721084 -0.0028107444370943889 -0.01193816829324045 -0.017567261407578586 -0.0042226344811094572 -0.026594686352618618 0.012160028885784713
leaf_weight=3853.653581475839 59272.643940534443 1295.7048182636499 298.44970899820328 427.68263891339302 379.34607121348381 980.01127114892006 923.88879960775375 185.03001136798412 1333.1347299814224 255.90138831734657 840.35089448094368 2357.7168224528432 361.99522179365158 2623.7697212174535
leaf_count=4924 20196 1506 221 205 193 258 987 575 714 160 528 1913 425 1485
internal_value=-2.47818e-05 -0.00129015 0.00231119 -0.00356614 -0.019388 0.0225033 -0.00296015 0.000743912 -0.000295046 0.0032411 -0.00475009 -0.000785495 -0.0081407 0.00995098
internal_weight=75389.3 16116.6 6241.03 9875.6 1675.05 1278.46 4962.57 4038.68 8200.55 4574.8 3625.75 2785.4 1695.13 2879.67
internal_count=34290 14094 6965 7129 1699 479 6486 5499 5430 2784 2646 2118 1139 1645
is_linear=0
shrinkage=0.04


Tree=221
num_leaves=15
num_cat=0
split_feature=4 8 6 10 10 3 4 9 3 9 5 10 9 7
split_gain=20.2782 122.834 55.0114 68.1805 47.9465 38.3044 31.8409 39.8495 34.2789 34.1592 29.9461 55.9225 124.93 160.56
threshold=46.359375000000007 19.875000000000004 0.85642933845520031 0.24037779867649081 0.32279463112354284 49.536458969116218 29.860676765441898 78.125000000000014 38.119791030883796 77.625000000000014 71.750000000000014 0.32279463112354284 75.375000000000014 0.68857669830322277
decision_type=2 2 2 2 2 2 2 2 2 2 2 2 2 2
left_child=1 4 3 5 -1 -3 7 -5 -8 -10 11 12 -2 -14
right_child=10 2 -4 6 -6 -7 8 -9 9 -11 -12 -13 13 -15
leaf_value=-0.049133519563189773 0.013743409844730426 -0.047342973466130971 -0.016827449713073782 0.012536296960120883 -0.014596681710564149 -0.0033205128218425852 0.02666511803382586 -0.019782136340576264 -0.0040374054776144332 0.01618114029358899 -8.2794098299638198e-05 0.017071673885535391 -0.024582691175276762 0.0036169586842467829
leaf_weight=66.231504877097905 838.09090071823448 32.427572847343981 181.50598978996277 103.14060832560062 402.48834809660912 88.179709434509277 207.81223472952843 102.09288680553436 224.16559782624245 288.89165356755257 70952.966342423111 430.1710549890995 455.8792421920225 993.14497372508049
leaf_count=656 683 440 170 102 499 62 95 266 155 125 29147 176 1199 515
internal_value=-2.45683e-05 -0.00432187 0.00239014 0.00597561 -0.0212878 -0.0202073 0.00974052 -0.00386946 0.0136152 0.00752719 7.55627e-05 0.00418092 0.0016294 -0.00546886
internal_weight=75367.2 1696.94 1228.22 1046.71 468.72 120.607 926.103 205.233 720.869 513.057 73670.3 2717.29 2287.12 1449.02
internal_count=34290 2570 1415 1245 1155 502 743 368 375 280 31720 2573 2397 1714
is_linear=0
shrinkage=0.04


Tree=222
num_leaves=15
num_cat=0
split_feature=3 8 10 6 6 9 4 8 5 5 8 7 3 9
split_gain=20.1625 74.7353 54.8683 41.3188 81.0791 68.1889 60.3082 66.1836 79.6278 75.0135 23.2936 114.806 128.334 124.433
threshold=35.434896469116218 18.875000000000004 0.24037779867649081 0.47755390405654913 0.1487955451011658 79.375000000000014 57.359375000000007 20.625000000000004 81.250000000000014 67.750000000000014 19.125000000000004 3.1261682510375981 53.067708969116218 73.375000000000014
decision_type=2 2 2 2 2 2 2 2 2 2 2 2 2 2
left_child=1 2 -1 4 5 6 7 9 -9 -3 -2 -12 13 -13
right_child=10 3 -4 -5 -6 -7 -8 8 -10 -11 11 12 -14 -15
leaf_value=-0.053665729114799852 0.000849106351845154 0.010905789968460684 0.00089859042006386141 0.02160816612742263 -0.036733945173706248 -0.042754399331835641 0.012613623288000456 -0.042881116919058992 0.022964095606045939 -0.035753912502104267 0.0032123464750794051 0.015851558628751899 -0.00094129102884747727 -0.01244482597313765
leaf_weight=61.923435683362186 33106.17806809023 277.14560941420496 45.053584739565849 90.127219904214144 89.470141068100929 37.076256555505097 439.24099408276379 108.52492575347424 24.250051558017731 47.759614188224077 9736.8445452079177 257.61318669468164 28435.242587924004 2602.2506892681122
leaf_count=1017 13184 725 62 69 151 461 717 546 8 170 6008 90 9372 1710
internal_value=-2.45681e-05 -0.00508186 -0.0341639 -0.00173465 -0.00416499 -0.000340422 0.00230718 -0.00769802 -0.0294232 0.00237148 6.00406e-05 -0.000576712 -0.0017569 -0.00980354
internal_weight=75358.7 1220.57 106.977 1113.59 1023.47 933.997 896.921 457.68 132.775 324.905 74138.1 41032 31295.1 2859.86
internal_count=34290 3926 1079 2847 2778 2627 2166 1449 554 895 30364 17180 11172 1800
is_linear=0
shrinkage=0.04


Tree=223
num_leaves=15
num_cat=0
split_feature=7 8 3 6 11 6 3 11 9 10 10 10 9 10
split_gain=21.0414 139.333 177.19 105.72 78.4855 77.0009 68.6569 119.545 109.521 95.7903 213.458 133.563 121.619 252.645
threshold=0.93888044357299816 18.125000000000004 46.411458969116218 0.19560009241104129 -0.95491972565650929 0.30522197484970098 41.856771469116218 -0.96651518344879139 79.375000000000014 -0.70910638570785511 -0.76694479584693898 0.32279463112354284 74.125000000000014 -0.9550008475780486
decision_type=2 2 2 2 2 2 2 2 2 2 2 2 2 2
left_child=1 2 -1 6 -4 -2 7 -3 -9 10 12 -11 -8 -14
right_child=5 3 4 -5 -6 -7 9 8 -10 11 -12 -13 13 -15
leaf_value=-0.038001102646446336 0.017704491096951686 -0.055575265443769464 0.01598494064637675 -0.0085369859535073516 -0.013379667596896429 9.3609877362389965e-05 0.027691140725042987 0.0011271015210612947 -0.044440011583676185 -0.0074001573906422539 0.028729647233453059 0.016833060385939274 0.010658185029786396 -0.041258658264916613
leaf_weight=349.57896768581122 379.59490398317575 47.622148707509041 212.48935049772263 1685.2025720998645 370.83288457989693 67471.076528783888 160.13727501034737 1580.3406262462959 69.110875302925706 1184.9141160100698 740.77456682920456 501.35920244455338 370.42414048314095 225.29379916191101
leaf_count=1127 187 256 117 1464 324 25023 52 3298 580 974 194 210 224 260
internal_value=-2.50948e-05 -0.00203294 -0.0163262 4.15291e-05 -0.00250759 0.000197323 0.0030267 -0.0034445 -0.00129165 0.00647701 0.0137711 -8.23333e-05 -0.00125162 -0.00967859
internal_weight=75348.8 7498.08 932.901 6565.18 583.322 67850.7 4879.98 1697.07 1649.45 3182.9 1496.63 1686.27 755.855 595.718
internal_count=34290 9080 1568 7512 441 25210 6048 4134 3878 1914 730 1184 536 484
is_linear=0
shrinkage=0.04


Tree=224
num_leaves=15
num_cat=0
split_feature=1 3 10 10 10 4 9 10 10 9 4 9 11 3
split_gain=20.5086 75.9487 73.1753 364.921 291.767 199.673 181.612 164.63 96.3582 87.1442 78.7878 75.7015 190.63 140.623
threshold=0.26092529296875006 41.307291030883796 -0.70910638570785511 -0.76694479584693898 -0.50603522360324849 83.484375000000014 76.125000000000014 -0.8652246594429015 -0.64602515101432789 79.375000000000014 76.005207061767592 75.375000000000014 -0.97685924172401417 52.348958969116218
decision_type=2 2 2 2 2 2 2 2 2 2 2 2 2 2
left_child=2 -2 3 7 5 8 -5 9 -4 -1 -11 13 -13 -6
right_child=1 -3 4 6 11 -7 -8 -9 -10 10 -12 12 -14 -15
leaf_value=0.0020311836641011254 0.016148316196023482 0.0001890277245613018 -0.013923885066272963 0.00077253109966128088 0.00046844940765683988 0.0075224571459540689 0.032212383127784711 -0.017891169527438484 -0.036201016466288864 -0.05488676909465081 -0.003527402411998296 -0.0074246641115101241 0.0090627316098952811 -0.017170070907808688
leaf_weight=3843.6828665323555 461.01365675032139 58806.938732758164 636.48439040780067 456.47910192608833 2401.2799384444952 359.03687205910683 810.87147840857506 920.52194294333458 672.3450975716114 62.903870488516986 119.91861107572913 1767.3773035258055 2998.849552616477 1014.2268143296242
leaf_count=4924 392 19804 681 307 1698 173 172 987 845 471 104 1278 1883 571
internal_value=-2.5101e-05 0.000318572 -0.0012919 0.00210276 -0.0034336 -0.0185756 0.0210762 -0.00282323 -0.0257403 0.000692937 -0.0248684 -0.0003091 0.00294352 -0.00483873
internal_weight=75331.9 59268 16064 6214.38 9849.6 1667.87 1267.35 4947.03 1308.83 4026.51 182.822 8181.73 4766.23 3415.51
internal_count=34290 20196 14094 6965 7129 1699 479 6486 1526 5499 575 5430 3161 2269
is_linear=0
shrinkage=0.04


Tree=225
num_leaves=15
num_cat=0
split_feature=4 8 3 7 5 11 9 10 3 9 10 10 9 2
split_gain=21.5145 102.406 59.42 40.7739 40.1014 74.855 40.8579 87.4604 70.5816 48.603 38.8757 83.3898 254.207 78.1575
threshold=51.520833969116218 18.375000000000004 32.622396469116218 1.1898279190063479 71.750000000000014 -0.99896219372749318 75.125000000000014 0.24037779867649081 51.651041030883796 75.375000000000014 0.24037779867649081 0.32279463112354284 77.375000000000014 0.85416665673255932
decision_type=2 2 2 2 2 2 2 2 2 2 2 2 2 2
left_child=1 3 -3 -1 5 -2 -7 8 9 -8 -6 12 13 -12
right_child=4 2 -4 -5 10 6 7 -9 -10 -11 11 -13 -14 -15
leaf_value=-0.049851549097678201 -0.020191718488623337 -0.030191329692593329 6.0150806911600598e-05 -0.012328082432606221 0.00015945104977184047 0.017258835835704107 0.0081224131668071655 0.022410277998764782 0.0075189176164920882 -0.023662613526225212 -0.031245824303878348 0.0019265028801108467 0.0073493618184610364 -0.00084824838143841797
leaf_weight=75.236023308709264 141.03743299841881 88.435933088883758 2474.3573487401009 126.49812307953835 67629.878539239056 541.4198178127408 93.317163744010031 279.89230221509933 460.60177624225616 270.21788270305842 679.1902169585228 1617.900372415781 664.69544661045074 169.22758555412292
leaf_count=470 182 1030 2055 102 27578 368 57 110 172 730 484 765 161 26
internal_value=-2.50258e-05 -0.00347545 -0.00120946 -0.0295566 0.00010738 0.00599241 0.00845227 0.00390325 -0.00276412 -0.0155055 -4.28498e-05 -0.00438582 -0.0110724 -0.0253418
internal_weight=75311.9 2764.53 2562.79 201.734 72547.4 1786.49 1645.45 1104.03 824.137 363.535 70760.9 3131.01 1513.11 848.418
internal_count=34290 3657 3085 572 30633 1619 1437 1069 959 787 29014 1436 671 510
is_linear=0
shrinkage=0.04


Tree=226
num_leaves=15
num_cat=0
split_feature=4 8 6 10 10 3 4 9 3 9 7 5 3 3
split_gain=20.4295 112.435 49.8769 64.7299 44.7348 34.9153 27.6742 36.8385 29.0617 27.7355 27.4162 26.1737 53.1293 65.365
threshold=46.359375000000007 19.875000000000004 0.71952939033508312 0.24037779867649081 0.32279463112354284 49.536458969116218 29.860676765441898 78.375000000000014 38.119791030883796 77.625000000000014 0.500929355621338 71.750000000000014 53.901041030883796 33.351562500000007
decision_type=2 2 2 2 2 2 2 2 2 2 2 2 2 2
left_child=1 4 3 5 -1 -3 7 -5 -8 -10 -9 12 13 -2
right_child=11 2 -4 6 -6 -7 8 10 9 -11 -12 -13 -14 -15
leaf_value=-0.047998209453916363 -0.0081116330967753152 -0.046185265107127872 -0.013842373395352256 0.010903007665177353 -0.01422476750990417 -0.0034376863458556147 0.025580390953375665 -0.03551618245225055 -0.0029844280098715987 0.016039364183326698 0.0054025034040140231 -7.2679204682856168e-05 -0.0049351821564486776 0.010791321202230341
leaf_weight=63.857898399233818 341.7801552368328 30.731965007260442 232.91715458035469 117.31531955301762 401.10444454848766 86.028897762298584 205.98044005036354 48.814653113484383 213.50118699669838 252.01954051852226 34.788682460784912 70910.52798905503 762.34549340605736 1599.9715016745031
leaf_count=656 1260 440 207 122 499 61 95 204 144 105 37 29147 451 862
internal_value=-2.51844e-05 -0.00435119 0.00208309 0.00603298 -0.0206514 -0.0197978 0.00985627 -0.00294628 0.0136613 0.00755097 -0.0207333 7.51116e-05 0.00392276 0.00741531
internal_weight=75301.7 1687.06 1222.1 989.181 464.962 116.761 872.42 200.919 671.501 465.521 83.6033 73614.6 2704.1 1941.75
internal_count=34290 2570 1415 1208 1155 501 707 363 344 249 241 31720 2573 2122
is_linear=0
shrinkage=0.04


Tree=227
num_leaves=15
num_cat=0
split_feature=8 6 7 4 3 4 0 10 9 7 3 9 11 3
split_gain=20.2362 125.809 108.478 92.8664 191.797 122.572 105.668 150.432 157.458 118.989 93.4214 88.0504 114.554 168.783
threshold=19.125000000000004 1.0672912001609804 6.3226103782653817 71.796875000000014 48.942708969116218 66.890625000000014 4.0024995803833017 -0.9769422411918639 75.125000000000014 4.6259522438049325 50.317708969116218 77.375000000000014 -0.97685924172401417 51.911458969116218
decision_type=2 2 2 2 2 2 2 2 2 2 2 2 2 2
left_child=1 11 3 4 5 -3 7 8 10 -9 -5 12 13 -1
right_child=-2 2 -4 6 -6 -7 -8 9 -10 -11 -12 -13 -14 -15
leaf_value=0.013948552715821946 -0.00060874865523478981 0.0074362483195306644 0.00048824182552073856 -0.020521003651802795 0.0019895261567478405 0.04105322127318832 0.018229588430152252 -0.012437453596553396 0.033902584578813594 0.0052828789546195175 0.014350021296250546 0.015437583788182472 -0.010229079624916869 -0.030675100637942942
leaf_weight=724.09916311502457 42021.552507284097 282.27212320268154 23203.506751932204 196.89319439977407 906.56578892469406 478.2514563202858 612.71596648544073 1358.899462165311 362.38333085179329 1066.4653085954487 263.77757704257965 283.20915527548641 3388.6326298546046 146.36088046431541
leaf_count=504 19800 164 6728 179 449 131 189 855 110 463 93 239 4243 143
internal_value=-2.53529e-05 0.000711337 0.00169011 0.00671476 0.0145493 0.0290864 0.00327454 0.000359439 0.014928 -0.00466611 -0.000787757 -0.00546005 -0.0069153 0.00592499
internal_weight=75295.6 33274 28731.7 5528.22 1667.09 760.524 3861.13 3248.42 823.054 2425.36 460.671 4542.3 4259.09 870.46
internal_count=34290 14490 9361 2633 744 295 1889 1700 382 1318 272 5129 4890 647
is_linear=0
shrinkage=0.04


Tree=228
num_leaves=15
num_cat=0
split_feature=4 8 3 7 9 8 9 5 0 5 5 11 9 10
split_gain=19.7065 95.7155 54.9147 38.9732 38.6035 103.949 40.6605 54.598 43.213 37.3989 36.1914 68.8247 37.9356 80.2021
threshold=51.520833969116218 18.375000000000004 32.622396469116218 1.1898279190063479 79.375000000000014 20.625000000000004 76.625000000000014 67.750000000000014 1.0627985000610354 81.750000000000014 71.750000000000014 -0.99896219372749318 75.125000000000014 0.24037779867649081
decision_type=2 2 2 2 2 2 2 2 2 2 2 2 2 2
left_child=1 3 9 -1 6 -6 7 -4 -8 -3 11 -2 -13 -14
right_child=10 2 4 -5 5 -7 8 -9 -10 -11 -12 12 13 -15
leaf_value=-0.0488102087473265 -0.019447721025273788 -0.038586240656751272 -0.012039170049538979 -0.011938275645708386 -0.044213141148331275 0.0059577308615910776 0.010148019072477124 0.0076545626183584601 -0.0069049863486571553 0.017077691797988598 -3.9435435407527779e-05 0.016556033254381181 -0.0027068148739696879 0.021442067878327503
leaf_weight=73.204803579486907 140.50365179777145 75.197734735906124 572.49976148456335 126.4187790453434 89.873189523816109 155.68109260499477 1012.8102786689997 346.17813219130039 293.36875647306442 11.986945480108259 70739.955881766044 540.13170772790909 822.88039075396955 278.62016355991364
leaf_count=470 182 1025 524 102 185 142 777 221 206 5 29014 368 959 110
internal_value=-2.34462e-05 -0.00333019 -0.001145 -0.0286733 7.05592e-05 -0.0143518 0.00177601 -0.00461316 0.00627153 -0.0291745 0.000103157 0.00570081 0.00806139 0.003675
internal_weight=75279.3 2757.22 2557.6 199.624 2470.41 245.554 2224.86 918.678 1306.18 87.1847 72522.1 1782.14 1641.63 1101.5
internal_count=34290 3657 3085 572 2055 327 1728 745 983 1030 30633 1619 1437 1069
is_linear=0
shrinkage=0.04


Tree=229
num_leaves=15
num_cat=0
split_feature=10 8 3 6 4 0 3 6 10 3 9 9 3 7
split_gain=19.5677 45.2773 69.269 80.3292 62.3388 42.237 34.9759 25.6764 24.4202 218.183 173.329 174.846 156.399 322.357
threshold=-0.99904707074165333 19.875000000000004 44.838541030883796 24.915361404418949 83.484375000000014 6.4342975616455087 58.953125000000007 2.6103929281234746 -0.99567621946334828 50.890625000000007 78.375000000000014 75.375000000000014 55.307291030883796 10.81359386444092
decision_type=2 2 2 2 2 2 2 2 2 2 2 2 2 2
left_child=1 2 7 4 -4 -6 -3 -1 9 -2 11 -11 13 -13
right_child=8 6 3 -5 5 -7 -8 -9 -10 10 -12 12 -14 -15
leaf_value=-0.006169657104075979 -0.018952853403474353 -0.0063594547612610061 -0.049243805786357231 0.0099994128066573235 -0.028771164128016568 0.0040455861591336927 0.014645587531844653 0.024074358603546661 -0.00010366026014506434 -0.0033847565101210709 -0.014894486506252339 0.031168583307985886 0.031898147209899537 -0.01892086191590996
leaf_weight=72.43133483082056 561.22082288563251 245.69325865805149 127.8303100168705 100.70381933450699 115.80739283561707 108.58408263325691 225.09102755784988 75.566293746232986 70850.983210742474 767.77898693084717 429.9199481010437 399.42186033725739 806.35238194465637 384.54781627655029
leaf_count=169 351 350 210 51 136 67 106 54 32004 235 195 88 117 157
internal_value=-2.36705e-05 -0.00533992 -0.0124484 -0.0200029 -0.0286573 -0.0138595 0.00387102 0.0103003 5.45328e-05 0.00338175 0.00798062 0.0122413 0.0197336 0.00673955
internal_weight=75271.9 1071.71 600.923 452.926 352.222 224.391 470.784 147.998 74200.2 3349.24 2788.02 2358.1 1590.32 783.97
internal_count=34290 1143 687 464 413 203 456 223 33147 1143 792 597 362 245
is_linear=0
shrinkage=0.04


Tree=230
num_leaves=15
num_cat=0
split_feature=3 11 8 6 9 10 4 10 10 8 1 0 3 9
split_gain=19.4634 57.2527 105.388 92.3189 138.419 110.205 82.1313 98.2976 105.155 135.425 74.5424 70.9033 65.2855 58.4359
threshold=62.046875000000007 -0.99591398239135731 20.125000000000004 8.5129961967468279 76.375000000000014 -0.64602515101432789 77.380207061767592 -0.70910638570785511 -0.57816752791404713 20.875000000000004 2.1972656250000004 9.6246242523193377 63.213541030883796 79.625000000000014
decision_type=2 2 2 2 2 2 2 2 2 2 2 2 2 2
left_child=-1 2 -2 4 -3 -6 -5 11 -9 10 -10 -8 -7 -12
right_child=1 3 -4 6 5 12 7 8 9 -11 13 -13 -14 -15
leaf_value=-0.00036237717498863886 -0.0010260449749400372 0.0085794109639493587 0.014802547092606035 -0.013527510906663516 0.0032160565609997273 -0.0083132528622884266 0.011230503085437238 0.014731626815303557 0.01157518027829648 -0.014746540783253213 0.0040442642956014267 -0.004422575154490258 -0.026826981011901296 -0.0098579106399905199
leaf_weight=58878.189083598554 1406.3974698781967 658.95829296112061 1266.3985772132874 521.83142077922821 497.11357438564301 568.70238852500916 511.72162681818008 1487.6334167718887 1729.9747368097305 606.70313012599945 2229.9439097642899 3591.566044986248 706.11925369501114 596.45858526229858
leaf_count=30566 231 183 247 189 172 208 112 242 271 191 357 857 310 154
internal_value=-2.30365e-05 0.00119572 0.00652795 0.000147945 -0.00688952 -0.0126738 0.00167463 0.00243604 0.00543373 0.00270822 0.0050867 -0.00242547 -0.0188239 0.00106182
internal_weight=75257.7 16379.5 2672.8 13706.7 2430.89 1771.94 11275.8 10754 6650.71 5163.08 4556.38 4103.29 1274.82 2826.4
internal_count=34290 3724 478 3246 873 690 2373 2184 1215 973 782 969 518 511
is_linear=0
shrinkage=0.04


Tree=231
num_leaves=15
num_cat=0
split_feature=8 11 1 10 4 6 7 5 4 8 6 7 4 3
split_gain=19.4367 38.4182 50.9926 36.243 54.173 87.7984 35.6021 51.877 34.2732 27.8524 115.134 102.328 82.6157 183.861
threshold=21.375000000000004 -0.97685924172401417 0.86517333984375011 -0.90836843848228443 81.609375000000014 5.5949137210845956 20.748281478881839 88.750000000000014 50.411458969116218 19.125000000000004 1.0672912001609804 6.4411640167236337 71.796875000000014 48.942708969116218
decision_type=2 2 2 2 2 2 2 2 2 2 2 2 2 2
left_child=9 2 -2 6 8 -6 7 -3 -5 10 -1 12 13 -12
right_child=1 3 -4 4 5 -7 -8 -9 -10 -11 11 -13 -14 -15
leaf_value=-0.0052192727536743491 -0.00067885490620677932 0.014930221308761673 0.019296358128661241 0.0037942549904330224 0.015129893544437818 -0.0092123609647743483 0.015673015196941423 -0.0076826662279290614 -0.019488431383523522 -0.00088836200227131656 0.028200665019012871 0.0004463605698410625 0.0032635585941031518 0.001712215963688841
leaf_weight=4535.1066573159769 365.16075825691223 233.38555650226772 440.90574824810028 127.07575092092156 425.89995640516281 486.96607393026352 371.56812614202499 431.74093453586102 385.38309883140028 38732.476779168472 755.19590923190117 23095.803358858451 3939.942653786391 919.2049226462841
leaf_count=5129 154 188 86 124 156 152 81 211 288 18360 295 6686 1923 457
internal_value=-2.22436e-05 0.00298524 0.0104499 0.000476792 -0.00364359 0.00222547 0.00610354 0.00045616 -0.0137893 -0.000159587 0.000689497 0.00162584 0.00645908 0.013851
internal_weight=75245.8 3268.09 806.067 2462.02 1425.32 912.866 1036.69 665.126 512.459 71977.7 33245.3 28710.1 5614.34 1674.4
internal_count=34290 1440 240 1200 720 308 480 399 412 32850 14490 9361 2675 752
is_linear=0
shrinkage=0.04


Tree=232
num_leaves=15
num_cat=0
split_feature=4 7 8 9 10 10 2 7 10 6 7 3 6 9
split_gain=19.0044 32.0225 46.902 47.4893 118.312 72.4614 81.3387 41.5806 67.046 66.6199 54.5211 90.3051 66.5698 78.0263
threshold=94.739582061767592 45.650768280029304 16.625000000000004 76.125000000000014 -0.64602515101432789 -0.26945737004280085 0.85416665673255932 31.604146957397464 -0.35110740363597864 18.799791336059574 22.879028320312504 65.973957061767592 14.101338386535646 79.875000000000014
decision_type=2 2 2 2 2 2 2 2 2 2 2 2 2 2
left_child=1 7 -3 5 -5 -4 -7 10 -9 -10 11 -1 -12 -14
right_child=-2 2 3 4 -6 6 -8 8 9 -11 12 -13 13 -15
leaf_value=-0.00011438110943378602 0.002361611688120577 0.0037311629818502869 -0.00020185852992420946 -0.016398967109948738 0.0077464273355579193 -0.022757689737350609 -0.004360557877677469 -0.0008423504137066094 -0.0046137804076692148 0.0096703526710924855 -0.012148464658150945 0.012830502593170152 0.00029046324182064893 -0.016194151004853018
leaf_weight=51614.998293085024 4981.7379070222378 1194.847406744957 1015.9169423133135 446.08404922485352 1050.4363209009171 788.48624449968338 755.53601455688477 3587.3981568664312 631.11809927225113 2749.5942571163177 1240.0024103373289 856.89987301826477 3821.646418094635 502.08544707298279
leaf_count=28805 1131 186 221 147 253 273 105 866 174 417 435 156 968 153
internal_value=-2.06927e-05 -0.000190244 -0.0031887 -0.00523528 0.000427795 -0.00852352 -0.0139263 5.2891e-05 0.00296792 0.00699231 -0.000298007 0.000101825 -0.0040557 -0.00168953
internal_weight=75236.8 70255 5251.31 4056.46 1496.52 2559.94 1544.02 65003.7 6968.11 3380.71 58035.6 52471.9 5563.73 4323.73
internal_count=34290 33159 1185 999 400 599 378 31974 1457 591 30517 28961 1556 1121
is_linear=0
shrinkage=0.04


Tree=233
num_leaves=15
num_cat=0
split_feature=10 8 3 6 4 0 9 7 6 10 3 9 9 3
split_gain=18.3174 42.4545 64.7331 75.8395 59.9557 39.8658 34.5394 57.8406 24.0746 22.8776 203.694 160.497 157.516 144.991
threshold=-0.99904707074165333 19.875000000000004 44.838541030883796 24.915361404418949 83.484375000000014 6.4342975616455087 75.875000000000014 12.303400039672853 2.6103929281234746 -0.99567621946334828 50.890625000000007 78.625000000000014 75.375000000000014 55.307291030883796
decision_type=2 2 2 2 2 2 2 2 2 2 2 2 2 2
left_child=1 2 8 4 -4 -6 -3 -8 -1 10 -2 12 -12 -14
right_child=9 6 3 -5 5 -7 7 -9 -10 -11 11 -13 13 -15
leaf_value=-0.0059956265765766983 -0.018323655502523396 0.018848846668026064 -0.048267291277037945 0.0097194551635671443 -0.027959682776731488 0.003958955710488295 0.0074472329602816838 -0.026725811916603576 0.023305857139387608 -9.7695099645100946e-05 -0.0032424252415100417 -0.015463342262950772 0.0061219195029424437 0.030121590530755304
leaf_weight=72.509660489857197 559.8297995775938 142.6198620647192 125.61362993717194 100.60863757133484 115.14908242225647 108.51912239193916 231.54359591752291 96.130040526390076 75.177741140127182 70821.696983225644 767.63728606700897 391.40791517496109 789.72132527828217 829.97335433959961
leaf_count=169 351 96 210 51 136 67 257 103 54 32004 235 181 252 124
internal_value=-2.03216e-05 -0.0051731 -0.0120835 -0.0194217 -0.0278874 -0.0134196 0.00374231 -0.00353885 0.00992052 5.52507e-05 0.00328098 0.00773348 0.0116335 0.0186374
internal_weight=75228.1 1067.87 597.578 449.89 349.282 223.668 470.293 327.674 147.687 74160.3 3338.57 2778.74 2387.33 1619.69
internal_count=34290 1143 687 464 413 203 456 360 223 33147 1143 792 611 376
is_linear=0
shrinkage=0.04


Tree=234
num_leaves=15
num_cat=0
split_feature=4 8 6 10 10 6 5 9 9 4 5 3 3 3
split_gain=18.1821 101.716 45.4799 61.0442 43.5196 33.8047 26.2046 32.2323 31.199 25.2666 24.3458 48.4033 54.0862 84.478
threshold=46.359375000000007 19.875000000000004 0.71952939033508312 0.24037779867649081 0.32279463112354284 0.011721253395080568 46.125000000000007 78.125000000000014 76.625000000000014 41.882812500000007 71.750000000000014 55.213541030883796 33.351562500000007 44.838541030883796
decision_type=2 2 2 2 2 2 2 2 2 2 2 2 2 2
left_child=1 4 3 5 -1 -3 7 -5 -8 -6 11 12 -2 -14
right_child=10 2 -4 6 9 -7 8 -9 -10 -11 -12 -13 13 -15
leaf_value=-0.04692002374746964 -0.0077709764789898918 -0.037708191152953881 -0.013211621081624152 0.013302167164169928 -0.020306667972294686 0.0017989882530201795 0.0014795918038214716 -0.016067376156557477 0.019481811942078108 0.00050469811516974683 -6.8074081232885814e-05 -0.0065663077600535379 0.023503199167336071 0.0039838827501271342
leaf_weight=62.07959745824337 340.72340983711183 53.729745867662132 232.34436720609665 90.280220240354538 260.76125182956457 62.112784951925278 240.26248225569725 111.44702431559563 427.33222568035126 138.39910480380058 70839.297818821855 555.64626449346542 468.93761458434165 1333.9168096780777
leaf_count=656 1260 456 207 84 399 45 168 256 199 100 29147 319 248 746
internal_value=-2.00078e-05 -0.00411129 0.0020109 0.00579247 -0.0196836 -0.019379 0.00950711 -0.00290917 0.0132344 -0.0134111 7.44811e-05 0.00378873 0.00650879 0.00926319
internal_weight=75217.3 1678.75 1217.51 985.164 461.24 115.843 869.322 201.727 667.595 399.16 73538.5 2699.22 2143.58 1802.85
internal_count=34290 2570 1415 1208 1155 501 707 340 367 499 31720 2573 2254 994
is_linear=0
shrinkage=0.04


Tree=235
num_leaves=15
num_cat=0
split_feature=8 6 7 7 7 3 9 4 10 3 9 11 10 3
split_gain=18.0276 106.466 95.6823 88.5083 111.847 107.701 174.063 95.8151 131.587 118.82 83.0131 93.9812 183.981 156.131
threshold=19.125000000000004 1.0672912001609804 6.4411640167236337 3.1261682510375981 7.6900005340576181 53.234375000000007 74.625000000000014 78.609375000000014 -0.26945737004280085 46.859375000000007 77.625000000000014 -0.95491972565650929 -0.8652246594429015 52.078125000000007
decision_type=2 2 2 2 2 2 2 2 2 2 2 2 2 2
left_child=1 10 -3 7 -5 6 -6 -2 9 -9 11 13 -13 -1
right_child=3 2 -4 4 5 -7 -8 8 -10 -11 -12 12 -14 -15
leaf_value=0.011234807122399985 0.00052390144519823051 0.0062523973326825523 0.00043582634420822025 -0.0059153809453911365 0.0085134396737251827 0.00037482667492751858 -0.020752777921085062 0.03046197033661048 0.023668344545202769 -0.00076153814886747106 0.020683537279812075 0.0027529763744182094 -0.016895442251526168 -0.024762163306963365
leaf_weight=903.17360853403807 8305.7276023179293 5609.1493875663728 23087.216011703014 7451.6117575317621 477.76592230796814 22407.584292709827 940.87242102622986 204.51766623929143 717.33374261856079 1476.7394770681858 173.75689047854394 1208.5915397722274 2023.0243532508612 224.01776146888733
leaf_count=713 7598 2675 6686 3706 165 6669 645 102 152 763 136 1921 2163 196
internal_value=-2.01186e-05 0.000675743 0.00157633 -0.000570954 -0.00164529 -0.000305986 -0.0109152 0.00256545 0.00957206 0.00335013 -0.00500787 -0.00612181 -0.0095754 0.0037738
internal_weight=75211.1 33228.9 28696.4 41982.2 31277.8 23826.2 1418.64 10704.3 2398.59 1681.26 4532.56 4358.81 3231.62 1127.19
internal_count=34290 14490 9361 19800 11185 7479 810 8615 1017 865 5129 4993 4084 909
is_linear=0
shrinkage=0.04


Tree=236
num_leaves=15
num_cat=0
split_feature=8 11 1 10 4 6 4 7 5 11 8 9 11 10
split_gain=18.0846 35.4535 47.3618 33.8744 50.0763 81.4081 36.672 33.0186 47.6971 26.8696 29.6789 158.961 229.357 162.328
threshold=21.375000000000004 -0.97685924172401417 0.86517333984375011 -0.90836843848228443 81.609375000000014 5.5949137210845956 49.817708969116218 20.748281478881839 88.750000000000014 -0.99896219372749318 20.625000000000004 77.625000000000014 0.24766915291547778 -0.26945737004280085
decision_type=2 2 2 2 2 2 2 2 2 2 2 2 2 2
left_child=9 2 -2 7 6 -6 -5 8 -3 -1 -11 12 -12 -13
right_child=1 3 -4 4 5 -7 -8 -9 -10 10 11 13 -14 -15
leaf_value=-0.004574437598641525 -0.00065960468223349707 0.014368426578038024 0.018601186974983221 0.0050144209606050776 0.014573683430186024 -0.0088820308326752057 -0.019119892350312633 0.015142005492174314 -0.0073314939197672005 0.00036747294289537157 -0.0090725232330152693 -0.0022583362419158664 0.023446968510897292 0.010509802510171647
leaf_weight=2112.4301161170006 365.16061892360449 232.88007921539247 439.81287348270416 124.38685671426356 424.98740690946579 486.65579795837402 386.93140610307455 370.80235850811005 431.36978837102652 57398.493726075627 5101.7464113272727 4535.3990845289081 353.26015538536012 2431.4134226962924
leaf_count=1095 154 188 86 121 156 152 291 81 211 25752 2652 2205 306 840
internal_value=-1.89415e-05 0.00288436 0.0100597 0.000472278 -0.00351464 0.00213062 -0.0132811 0.00591611 0.000473912 -0.000151405 -1.63137e-05 -0.00178745 -0.00688864 0.00221507
internal_weight=75195.7 3262.99 804.973 2458.01 1422.96 911.643 511.318 1035.05 664.25 71932.7 69820.3 12421.8 5455.01 6966.81
internal_count=34290 1440 240 1200 720 308 412 480 399 32850 31755 6003 2958 3045
is_linear=0
shrinkage=0.04


Tree=237
num_leaves=15
num_cat=0
split_feature=3 9 5 6 0 4 0 7 10 8 4 10 7 11
split_gain=18.0801 55.4524 80.3413 72.5594 97.1935 64.3914 60.9707 84.0946 83.912 88.6918 58.5678 90.4735 53.0131 54.0267
threshold=62.046875000000007 79.625000000000014 90.250000000000014 9.3399209976196307 11.636495590209963 85.421875000000014 7.0689082145690927 14.313554763793947 -0.8652246594429015 20.625000000000004 82.942707061767592 -0.8652246594429015 62.697172164916999 -0.99591398239135731
decision_type=2 2 2 2 2 2 2 2 2 2 2 2 2 2
left_child=12 6 -3 -4 -5 -6 10 -8 9 -9 -2 -12 13 -1
right_child=1 2 3 4 5 -7 7 8 -10 -11 11 -13 -14 -15
leaf_value=-0.004837342000868417 0.00075500201455391141 0.011714076984152529 -0.017539121113243281 0.012360229685968655 -0.017732742276309003 -0.0024232995187067996 0.017100200100847548 -0.013238196231821009 0.0049241673185710932 0.0035910479874827379 0.0012804102114406992 -0.028618238717439515 -0.0079235411056404643 0.00016683396103648107
leaf_weight=3668.8357839882374 1552.7966656088829 529.74595332145691 571.58118981122971 576.15205937623978 528.30306172370911 2261.5990182161331 700.2175213098526 928.68334376811981 7038.236514210701 1047.8695635795593 323.29694700241089 301.18306136131287 1420.6143195033073 53736.898899676278
leaf_count=1771 482 122 225 124 166 533 154 203 1241 248 98 128 424 28371
internal_value=-1.76421e-05 0.00115776 -0.00263392 -0.00461365 -0.00232818 -0.00542792 0.00258414 0.00393916 0.00288129 -0.00436957 -0.00344275 -0.0135801 -0.000344804 -0.000154559
internal_weight=75186 16359.7 4467.38 3937.64 3366.05 2789.9 11892.3 9715.01 9014.79 1976.55 2177.28 624.48 58826.3 57405.7
internal_count=34290 3724 1170 1048 823 699 2554 1846 1692 451 708 226 30566 30142
is_linear=0
shrinkage=0.04


Tree=238
num_leaves=15
num_cat=0
split_feature=3 8 10 7 9 6 4 8 5 5 8 7 3 10
split_gain=18.1269 67.886 52.5832 37.7919 57.622 53.3649 54.1373 60.7957 73.464 69.2082 19.33 97.3523 109.225 111.881
threshold=35.434896469116218 18.875000000000004 0.24037779867649081 2.4403810501098637 79.375000000000014 0.1487955451011658 57.359375000000007 20.625000000000004 81.250000000000014 67.750000000000014 19.125000000000004 3.0636191368103032 53.067708969116218 -0.8652246594429015
decision_type=2 2 2 2 2 2 2 2 2 2 2 2 2 2
left_child=1 2 -1 4 5 6 7 9 -9 -3 -2 -12 13 -13
right_child=10 3 -4 -5 -6 -7 -8 8 -10 -11 11 12 -14 -15
leaf_value=-0.052468545750898751 0.00078207353159107746 0.010485070423112752 0.0013542523317591282 0.024019438948595338 -0.036729907843460426 -0.027491174884422064 0.011912275457138376 -0.041557390432586556 0.022083713995985552 -0.034599144276468763 0.0030119709503788755 -0.0024336021614611756 -0.0008389305537078813 -0.018401283630901738
leaf_weight=59.291661592200398 33034.359682753682 274.50693266186863 44.276336148381233 65.134420193731785 58.249541668221354 88.789630858227611 437.79129692725837 105.9665890103206 23.893516421318054 46.915604781359434 9558.7665718048811 1728.3245463743806 28479.489432185888 1170.8266988992691
leaf_count=1017 13184 725 62 44 502 135 717 546 8 170 5934 988 9406 852
internal_value=-1.7386e-05 -0.00484376 -0.0329638 -0.00165837 -0.00369688 -0.00103243 0.00215662 -0.00741128 -0.0284633 0.00226319 6.25117e-05 -0.000518236 -0.00159486 -0.00896407
internal_weight=75176.6 1204.82 103.568 1101.25 1036.11 977.864 889.074 451.283 129.86 321.423 73971.8 40937.4 31378.6 2899.15
internal_count=34290 3926 1079 2847 2803 2301 2166 1449 554 895 30364 17180 11246 1840
is_linear=0
shrinkage=0.04


Tree=239
num_leaves=15
num_cat=0
split_feature=4 7 8 9 10 11 2 5 1 10 9 11 4 6
split_gain=17.7596 29.724 43.1314 50.3305 108.815 68.6443 74.9449 41.1945 39.6559 65.2123 41.9458 118.66 91.1463 171.195
threshold=94.739582061767592 45.650768280029304 16.875000000000004 76.125000000000014 -0.64602515101432789 -0.95491972565650929 0.89583334326744091 94.250000000000014 5.6442260742187509 -0.89015004038810719 73.625000000000014 0.16360588744282725 78.067707061767592 3.6655604839324956
decision_type=2 2 2 2 2 2 2 2 2 2 2 2 2 2
left_child=1 8 -3 5 -5 6 -4 -7 10 -10 11 12 -1 -14
right_child=-2 2 3 4 -6 7 -8 -9 9 -11 -12 -13 13 -15
leaf_value=0.011072100326650066 0.0022850506015091063 0.0028157336937656131 -0.023957700472973881 -0.015721227839553552 0.0074537125794217176 -0.011706332416795267 -0.0037297079516471167 0.0039985714774461341 0.019018214613623595 -0.0019567249604742517 -0.0005043575273837971 -0.016458984907893555 -0.021755698069596908 0.0029163821210951581
leaf_weight=1920.1243144720793 4980.0878084897995 1432.987659573555 687.85378867387772 445.08929765224457 1049.9590209722519 400.44309340417385 514.73548698425293 715.17077958583832 438.23082356154919 484.61973071098328 54180.013137259986 490.43767469003797 461.02776151895523 6967.1268231868744
leaf_count=630 1131 227 207 147 253 121 68 162 81 138 29056 420 307 1342
internal_value=-1.8247e-05 -0.000182279 -0.00307251 -0.0052884 0.000437869 -0.00895353 -0.0155023 -0.0017455 5.20792e-05 0.00819571 -6.78368e-05 0.00233215 0.00335102 0.0013308
internal_weight=75167.9 70187.8 5246.24 3813.25 1495.05 2318.2 1202.59 1115.61 64941.6 922.851 64018.7 9838.72 9348.28 7428.15
internal_count=34290 33159 1185 958 400 558 275 283 31974 219 31755 2699 2279 1649
is_linear=0
shrinkage=0.04


Tree=240
num_leaves=15
num_cat=0
split_feature=3 6 0 9 7 10 11 5 3 6 7 4 9 1
split_gain=18.1944 20.2504 38.5528 52.0788 52.1417 61.7208 50.4283 43.8248 79.2845 42.4628 42.1609 77.8468 61.153 69.4287
threshold=68.322917938232436 39.128978729248054 21.38471603393555 79.625000000000014 32.25903511047364 -0.50603522360324849 -0.26220933347940439 90.250000000000014 63.078125000000007 20.162701606750492 22.879028320312504 82.546875000000014 73.875000000000014 1.6788482666015627
decision_type=2 2 2 2 2 2 2 2 2 2 2 2 2 2
left_child=1 2 10 6 -5 -6 7 8 -4 -8 -1 -12 13 -13
right_child=-2 -3 3 4 5 -7 9 -9 -10 -11 11 12 -14 -15
leaf_value=7.8777840141017649e-05 0.0059615854177675212 -0.0033123876910375167 -0.008799186725077927 -0.01655457500036615 0.010836336048225776 -0.0089543267555365919 0.0074586017172188993 0.0061441594151275579 0.0088659637601371175 -0.009481374820793604 -0.0097618772303326683 -0.0018582625139116503 0.0021547676823031069 -0.018686240624139275
leaf_weight=53247.817426128313 785.44476091861725 2961.8502395153046 928.32927221059799 404.54103553295135 450.66363137960434 523.05164098739624 319.42183873057365 6105.6428705453873 691.80634129047394 778.15062554180622 2028.4834291338921 1456.4588348269463 3957.2252615392208 519.58284449577332
leaf_count=29282 111 633 205 120 88 130 93 1046 84 312 797 295 972 122
internal_value=-1.80325e-05 -8.27683e-05 5.20734e-05 0.00232613 -0.0048564 0.00023911 0.00345653 0.00459647 -0.00123994 -0.00450615 -0.000327573 -0.00303862 -0.000714973 -0.00642593
internal_weight=75158.5 74373 71411.2 10201.6 1378.26 973.715 8823.35 7725.78 1620.14 1097.57 61209.6 7961.75 5933.27 1976.04
internal_count=34290 34179 33546 2078 338 218 1740 1335 289 405 31468 2186 1389 417
is_linear=0
shrinkage=0.04


Tree=241
num_leaves=15
num_cat=0
split_feature=3 8 10 6 6 4 8 5 5 11 6 4 10 10
split_gain=17.1565 64.7305 50.6717 36.7387 72.1789 41.9862 56.5333 72.185 62.1155 36.5188 77.3512 26.486 18.6151 162.674
threshold=35.434896469116218 18.875000000000004 0.24037779867649081 0.47755390405654913 0.1487955451011658 57.359375000000007 20.625000000000004 81.750000000000014 67.750000000000014 0.24766915291547778 0.058633089065551765 25.476562500000004 -0.90836843848228443 -0.81911277770996083
decision_type=2 2 2 2 2 2 2 2 2 2 2 2 2 2
left_child=1 2 -1 4 5 6 8 -8 11 10 -7 -3 -2 -14
right_child=12 3 -4 -5 -6 9 7 -9 -10 -11 -12 -13 13 -15
leaf_value=-0.051776534965135679 0.0010088340692936534 -0.015796938275045327 0.0012666530462806592 0.020494079958479499 -0.034985654967417061 -0.047078045879898868 -0.040499209310327959 0.023015479728314716 -0.034140677463471387 0.012648441235851998 0.023859387338628892 0.013728087612743901 -0.0090921772460004126 0.0002187774258268073
leaf_weight=57.89546748297289 22836.55186541006 42.300599616020918 44.250447146594524 89.063119683414698 87.269499259069562 33.93255415558815 113.62483715359122 22.39220654964447 46.800611118786037 395.66927959397435 28.369336798787117 237.71520191151649 3182.8207556195557 47932.857433199883
leaf_count=1017 9197 130 62 69 151 336 631 7 193 636 31 663 2260 18907
internal_value=-1.77053e-05 -0.00472392 -0.0323529 -0.00161844 -0.00393276 -0.000308535 -0.00862174 -0.0284329 0.000787621 0.00810215 -0.016828 0.00851215 5.98719e-05 -0.000364317
internal_weight=75151.5 1199.28 102.146 1097.14 1008.07 920.805 462.833 136.017 326.816 457.971 62.3019 280.016 73952.2 51115.7
internal_count=34290 3926 1079 2847 2778 2627 1624 638 986 1003 367 793 30364 21167
is_linear=0
shrinkage=0.04


Tree=242
num_leaves=15
num_cat=0
split_feature=8 11 4 5 10 2 0 10 6 3 10 11 6 10
split_gain=16.8997 33.0362 28.7254 65.5835 33.3851 30.4297 30.8542 27.4922 29.5737 24.313 107.115 52.4561 29.085 102.448
threshold=21.375000000000004 -0.99157634377479542 79.807292938232436 86.750000000000014 -0.90836843848228443 0.14583333581686023 23.374164581298832 -0.57816752791404713 5.2535622119903573 35.434896469116218 -0.96628439426422108 0.32990126311779028 1.0000000180025095e-35 0.24037779867649081
decision_type=2 2 2 2 2 2 2 2 2 2 2 2 2 2
left_child=9 -2 3 4 -3 7 -7 8 -4 10 -1 12 -12 -14
right_child=1 2 5 -5 -6 6 -8 -9 -10 -11 11 -13 13 -15
leaf_value=-0.051492310019436334 0.011666992816573678 0.014664046308364025 -0.0072182222001731253 -0.022243089535511847 -0.0047214049661584495 -0.0077254384937091762 0.006390049614776845 0.016041446738211691 0.01127580742249594 -5.5275550817480388e-05 0.0055614283135831501 -0.037058418780530483 -0.025886396404752821 0.012973174019988171
leaf_weight=57.259427124634385 537.05230313539505 197.59746415540576 250.8297381401062 232.96322314441204 391.70306822657585 525.86240702867508 434.29416358470917 422.00753712654114 264.09448081254959 70817.864993080497 566.2398571446538 46.009520691819489 215.79495592415333 184.11148964613676
leaf_count=726 144 166 163 172 315 181 94 116 89 29150 468 2046 293 167
internal_value=-1.85104e-05 0.00279097 0.000965637 -0.00519985 0.00204668 0.00366434 -0.00134067 0.00871423 0.00233395 -0.000146517 -0.0060767 -0.00255948 -0.000198324 -0.00823019
internal_weight=75143.7 3256.4 2719.35 822.264 589.301 1897.09 960.157 936.932 514.924 71887.3 1069.42 1012.16 966.146 399.906
internal_count=34290 1440 1296 653 481 643 275 368 252 32850 3700 2974 928 460
is_linear=0
shrinkage=0.04


Tree=243
num_leaves=15
num_cat=0
split_feature=4 8 7 6 10 9 5 10 3 4 4 3 9 9
split_gain=16.8859 94.037 42.8445 40.9826 51.9735 38.3908 67.7486 36.7393 33.7409 27.1812 23.2953 33.3205 31.6203 28.6062
threshold=46.359375000000007 19.875000000000004 9.507787227630617 0.85642933845520031 0.24037779867649081 76.875000000000014 70.750000000000014 0.40282487869262701 42.158853530883796 39.606771469116218 29.860676765441898 38.119791030883796 78.125000000000014 77.625000000000014
decision_type=2 2 2 2 2 2 2 2 2 2 2 2 2 2
left_child=1 2 5 4 8 6 -1 9 -3 -7 12 -12 -6 -13
right_child=-2 3 -4 -5 10 7 -8 -9 -10 -11 11 13 -14 -15
leaf_value=-0.043785879951159602 7.232870230472962e-05 -0.045766405715001172 0.012061935066319815 -0.014694528118825368 0.011302606298074265 -0.037065264395169009 0.013729293235596065 0.0091157964188606083 -0.0031045556849560196 -0.00071221017654720276 0.024609015166932324 -0.0047683430731000169 -0.017681026664399073 0.013732018534952109
leaf_weight=173.25414717802778 73466.205113441683 26.748547439463437 50.649087011814117 180.33639743924141 101.57821805775166 63.088300943374634 29.686441615223885 86.468128021806479 90.08897702395916 55.811905412003398 203.86362624168396 223.31852117180824 100.33760749548674 286.24177038669586
leaf_count=778 31720 431 31 170 102 158 23 104 71 61 95 155 266 125
internal_value=-1.86273e-05 -0.00397 -0.01898 0.00192734 0.00505554 -0.0232141 -0.0348956 -0.00959825 -0.0181331 -0.0225607 0.00833987 0.0116633 -0.00339562 0.00575023
internal_weight=75137.7 1671.47 458.958 1212.51 1032.18 408.309 202.941 205.368 116.838 118.9 915.34 713.424 201.916 509.56
internal_count=34290 2570 1155 1415 1245 1124 801 323 502 219 743 375 368 280
is_linear=0
shrinkage=0.04


Tree=244
num_leaves=15
num_cat=0
split_feature=3 6 0 9 6 9 10 4 9 5 1 3 8 9
split_gain=16.6927 18.9205 34.891 47.9328 48.5052 47.5002 87.4428 60.8776 44.9782 46.4494 60.3684 58.8491 43.812 42.1891
threshold=68.322917938232436 39.128978729248054 21.38471603393555 79.625000000000014 24.915361404418949 77.375000000000014 -0.26945737004280085 92.406250000000014 75.625000000000014 92.750000000000014 1.8196105957031252 63.078125000000007 19.125000000000004 74.125000000000014
decision_type=2 2 2 2 2 2 2 2 2 2 2 2 2 2
left_child=1 2 -1 5 -5 8 7 -7 9 11 -11 -4 -10 -12
right_child=-2 -3 3 4 -6 6 -8 -9 12 10 13 -13 -14 -15
leaf_value=-0.00031166187979992304 0.0057094804559249595 -0.0032026844023920567 -0.0062866666750209148 -0.014776544045270215 0.00080547391279173848 -0.0067231872190597957 0.021595487309801431 0.013736620505253004 -0.014604803739547367 0.017391622798003593 0.0013426869684893179 0.0064322481186852602 0.00084852252640610934 0.012547484366134653
leaf_weight=61187.90857487265 785.23424065113068 2961.6347357034683 1385.8117323666811 472.86856812238693 903.99105143547058 534.01803606748581 581.42585575580597 381.69817161560059 450.84481239318848 614.37076544761658 2453.7405893206596 973.68783557415009 774.12238097190857 670.74056962132454
leaf_count=31468 111 633 265 137 201 173 94 71 171 75 385 115 221 170
internal_value=-1.88022e-05 -8.08222e-05 4.95586e-05 0.00221339 -0.00468096 0.00329774 0.00974285 0.0019164 0.00195719 0.00336284 0.00612454 -0.00102804 -0.00498227 0.00381256
internal_weight=75132.1 74346.9 71385.2 10197.3 1376.86 8820.46 1497.14 915.716 7323.32 6098.35 3738.85 2359.5 1224.97 3124.48
internal_count=34290 34179 33546 2078 338 1740 338 244 1402 1010 630 380 392 555
is_linear=0
shrinkage=0.04


Tree=245
num_leaves=15
num_cat=0
split_feature=10 8 3 2 8 3 6 10 3 9 9 3 6 7
split_gain=16.6195 40.829 60.0618 72.3169 48.8714 32.6325 22.806 22.0599 188.79 148.438 153.928 135.464 297.219 94.233
threshold=-0.99904707074165333 19.875000000000004 44.838541030883796 0.27083332836627966 17.125000000000004 58.953125000000007 2.6103929281234746 -0.99567621946334828 50.890625000000007 78.375000000000014 75.375000000000014 55.307291030883796 5.4319293498992929 6.7525148391723642
decision_type=2 2 2 2 2 2 2 2 2 2 2 2 2 2
left_child=1 2 6 4 -4 -3 -1 8 13 10 -10 12 -12 -2
right_child=7 5 3 -5 -6 -7 -8 -9 9 -11 11 -13 -14 -15
leaf_value=-0.0059683129311858445 -0.0031712293402576508 -0.0060912934023895386 -0.0047011830205561812 0.00041295981972971083 -0.042553786034263255 0.014230759809283865 0.022554668328761553 -9.5906552449220484e-05 -0.0031699486049369288 -0.013684900789136166 0.035793959048265087 0.029961655402941715 -0.013430740612038566 -0.03595978643895742
leaf_weight=72.535585880279541 325.10609120130539 244.98107478767633 82.954865545034409 186.53977790474892 177.31393298506737 224.26064383983612 74.786033064126968 70733.202521136031 767.28876745700836 428.46112406253815 307.86104547977448 796.79938530921936 471.01791423559189 232.52242434024811
leaf_count=169 196 350 79 123 262 106 54 32004 235 195 56 117 189 155
internal_value=-1.76703e-05 -0.00493612 -0.0117395 -0.0188411 -0.0316855 0.00380576 0.00947628 5.42613e-05 0.00322643 0.00751607 0.0114761 0.0185585 0.00643491 -0.0176152
internal_weight=75125.6 1063.37 594.13 446.809 260.269 469.242 147.322 74062.3 3329.06 2771.43 2342.97 1575.68 778.879 557.629
internal_count=34290 1143 687 464 341 456 223 33147 1143 792 597 362 245 351
is_linear=0
shrinkage=0.04


Tree=246
num_leaves=15
num_cat=0
split_feature=8 8 10 10 11 4 7 6 1 3 3 10 10 9
split_gain=16.447 63.197 81.3314 81.7487 80.0975 60.4615 82.8028 66.3281 94.5876 57.2738 56.0203 50.8058 176.001 157.174
threshold=16.875000000000004 17.625000000000004 -0.94080436229705799 0.24037779867649081 0.16360588744282725 79.651042938232436 7.3155641555786142 16.568032264709476 1.3835906982421877 54.932291030883796 48.057291030883796 -0.90836843848228443 -0.81911277770996083 76.625000000000014
decision_type=2 2 2 2 2 2 2 2 2 2 2 2 2 2
left_child=5 2 4 -4 9 10 -7 8 -8 -2 -1 13 -13 -3
right_child=1 11 3 -5 -6 6 7 -9 -10 -11 -12 12 -14 -15
leaf_value=-0.028357385085976843 -0.025209986055539226 0.0048663187713728247 0.00010893722930886056 -0.018632763902633933 0.0028872190062257585 0.016524281174458821 0.00034681694025079737 0.0049475947898796509 -0.021537672517114154 -0.0047883937532569613 -0.0022684521902050577 -0.010636306659632024 5.3314581115585602e-05 -0.0022489183894366552
leaf_weight=162.06716019753367 654.96604285389185 11604.600899300538 4223.7473537693731 388.35717268288136 383.23377078212798 647.50509870052338 1373.7685077115893 3178.4681724309921 390.15831270813942 342.20758831501007 490.58720353245735 2606.1471891594119 40009.023481670767 8657.7004631021991
leaf_count=280 489 5160 1824 288 192 284 460 523 144 87 199 2952 16728 4680
internal_value=-1.72265e-05 -0.000195636 -0.00411352 -0.00154282 -0.0125578 0.00194539 0.00329851 0.00150618 -0.00468095 -0.0184337 -0.00939738 0.000178945 -0.000605096 0.00182689
internal_weight=75112.5 68870 5992.51 4612.1 1380.41 6242.55 5589.9 4942.39 1763.93 997.174 652.654 62877.5 42615.2 20262.3
internal_count=34290 32400 2880 2112 768 1890 1411 1127 604 576 479 29520 19680 9840
is_linear=0
shrinkage=0.04


Tree=247
num_leaves=15
num_cat=0
split_feature=11 9 8 4 10 6 7 10 6 9 4 3 9 8
split_gain=16.0151 231.94 151.733 303.746 237.123 150.801 200.581 120.531 117.842 125.229 107.298 101.824 75.5591 59.9544
threshold=1.0000000180025095e-35 75.625000000000014 20.375000000000004 83.885417938232436 -0.96628439426422108 2.2043199539184575 11.314201354980471 -0.96628439426422108 8.6600213050842303 73.875000000000014 62.661458969116218 28.346354484558109 77.875000000000014 18.375000000000004
decision_type=2 2 2 2 2 2 2 2 2 2 2 2 2 2
left_child=-1 5 3 -3 -4 11 7 -7 -8 -10 -6 -2 -12 -11
right_child=1 2 4 -5 10 6 8 -9 9 13 12 -13 -14 -15
leaf_value=0.00016467409773023459 -0.015948982941703133 -0.033503326922890458 -0.017444344021830996 0.0017678776496471726 -0.013903129826343686 -0.0083025104731434506 0.020232102169341841 -0.045151791517895855 -0.016316164491982525 -0.0014609086586189408 0.038845985242020389 0.019035044630463589 0.0082336576030706109 0.022005243057176972
leaf_weight=68459.794428609312 134.21207971684635 906.80389039684087 632.73775744624436 671.97402927279472 135.52461392432451 492.32026093453169 582.12793366983533 187.0166233330965 500.5480985045433 364.54080478101969 261.048514155671 1199.5129002057947 263.73207893967628 309.61935624480247
leaf_count=27432 962 1997 783 343 523 319 200 163 175 227 69 797 191 109
internal_value=-1.74672e-05 -0.00188975 -0.0104165 -0.0186566 -0.000224746 0.00462645 -0.00131105 -0.019448 0.00584215 -0.00150813 0.0163037 0.015331 0.0243286 0.00963981
internal_weight=75101.5 6641.72 2871.82 1578.78 1293.04 3769.9 2436.17 679.337 1756.84 1174.71 660.305 1333.72 524.781 674.16
internal_count=34290 6858 3906 2340 1566 2952 1193 482 711 511 783 1759 260 336
is_linear=0
shrinkage=0.04


Tree=248
num_leaves=15
num_cat=0
split_feature=4 9 5 9 8 0 10 8 1 10 6 6 5 11
split_gain=15.9388 67.9678 88.3399 63.4735 63.7765 53.8826 52.3188 40.7682 34.7488 32.7716 56.3258 31.6857 26.1956 68.1922
threshold=50.411458969116218 76.625000000000014 60.125000000000007 79.875000000000014 20.875000000000004 1.0627985000610354 0.40282487869262701 18.625000000000004 0.92697143554687511 0.32279463112354284 0.0273585319519043 0.32041668891906744 71.750000000000014 -0.99896219372749318
decision_type=2 2 2 2 2 2 2 2 2 2 2 2 2 2
left_child=1 2 8 5 -5 9 7 -4 -1 10 -3 -11 13 -2
right_child=12 3 6 4 -6 -7 -8 -9 -10 11 -12 -13 -14 -15
leaf_value=-0.040674626936485637 -0.019831131172026614 -0.018455231922544092 -0.034036657587364821 -0.047256636384906583 0.00636414753756294 -0.011555001554679277 0.0098095945147119012 -0.0062846901307973607 0.006870253563724219 0.018191179600152159 0.014103982752514883 0.0014782563753640175 -3.8873913140874477e-05 0.0067133201649073092
leaf_weight=161.57986683305353 149.41794261336327 153.2223336994648 88.329925870988518 58.983403293415904 56.83932008035481 244.73583155870438 243.640236094594 455.0149646140635 22.358912765979767 532.40043070167303 147.40679863095284 275.94531810283661 70628.802461879328 1863.2152610830963
leaf_count=815 196 549 247 172 62 199 144 528 18 383 79 189 29053 1656
internal_value=-1.72626e-05 -0.00318353 -0.0112834 0.00224771 -0.0238802 0.00479833 -0.00506367 -0.0118445 -0.0347883 0.00854806 -0.00260661 0.0126593 8.99581e-05 0.00456692
internal_weight=75081.9 2440.46 970.924 1469.53 115.823 1353.71 786.985 543.345 183.939 1108.97 300.629 808.346 72641.4 2012.63
internal_count=34290 3385 1752 1633 234 1399 919 775 833 1200 628 572 30905 1852
is_linear=0
shrinkage=0.04


Tree=249
num_leaves=15
num_cat=0
split_feature=8 7 11 8 9 3 6 10 10 11 2 5 7 6
split_gain=16.0275 92.8578 123.127 91.1373 134.657 106.608 98.9146 90.6207 100.758 81.3171 122.139 108.082 90.8582 160.811
threshold=19.125000000000004 1.001858711242676 -0.99591398239135731 18.125000000000004 74.125000000000014 42.158853530883796 0.019553303718566898 0.15618373081088069 -0.81911277770996083 -0.99591398239135731 0.22916666418313983 98.250000000000014 21.848524093627933 16.196840286254886
decision_type=2 2 2 2 2 2 2 2 2 2 2 2 2 2
left_child=1 2 -1 5 -5 -4 -6 8 -8 10 -3 12 -11 -14
right_child=-2 9 3 4 6 -7 7 -9 -10 11 -12 -13 13 -15
leaf_value=0.019719390748543113 -0.00053773700530256377 -0.01468799208141558 -0.050527116442206282 0.02161310542679511 0.0076872149211340288 -0.012805067839751683 -0.0034450270933066782 0.0079599058723473955 -0.03374277955435076 0.0045001011497233226 0.0028645067048453233 -0.0049088741658898632 -0.011429704688209056 0.0022443760417996403
leaf_weight=240.66218101978302 41902.371910835616 1203.9423364698887 131.83119018189609 262.35929519869387 395.15925147477537 696.62336407601833 291.17168305628002 192.21256245672703 442.48569080233574 16500.178364316002 1305.3978743553162 3289.0710398070514 1724.4585123211145 6497.1259640008211
leaf_count=129 19800 639 818 256 758 723 291 159 560 7115 198 939 566 1339
internal_value=-1.78326e-05 0.000638818 -0.00651156 -0.00926963 -0.0035514 -0.0198573 -0.00879693 -0.0158461 -0.0221288 0.00126411 -0.00560646 0.00188317 0.00279005 -0.000644508
internal_weight=75075.1 33172.7 2652.51 2411.84 1583.39 828.455 1321.03 925.87 733.657 30520.2 2509.34 28010.8 24721.8 8221.58
internal_count=34290 14490 3694 3565 2024 1541 1768 1010 851 10796 837 9959 9020 1905
is_linear=0
shrinkage=0.04


end of trees

feature_importances:
season_sin=729
gfs_pwat_mean=470
longitude=424
season_cos=420
gfs_rh_mean=375
latitude=316
gfs_neighbor_rain_mean=252
gfs_neighbor_rain_max=243
gfs_rh_max=97
gfs_max_step_rate_mmh=66
gfs_rain_mm=65
gfs_rain_hours_fraction=43

parameters:
[boosting: gbdt]
[objective: tweedie]
[metric: tweedie]
[tree_learner: serial]
[device_type: cpu]
[data_sample_strategy: bagging]
[data: ]
[valid: ]
[num_iterations: 250]
[learning_rate: 0.04]
[num_leaves: 15]
[num_threads: 4]
[seed: 42]
[deterministic: 1]
[force_col_wise: 1]
[force_row_wise: 0]
[histogram_pool_size: -1]
[max_depth: -1]
[min_data_in_leaf: 100]
[min_sum_hessian_in_leaf: 0.001]
[bagging_fraction: 1]
[pos_bagging_fraction: 1]
[neg_bagging_fraction: 1]
[bagging_freq: 0]
[bagging_seed: 400]
[bagging_by_query: 0]
[feature_fraction: 1]
[feature_fraction_bynode: 1]
[feature_fraction_seed: 30056]
[extra_trees: 0]
[extra_seed: 12879]
[early_stopping_round: 0]
[early_stopping_min_delta: 0]
[first_metric_only: 0]
[max_delta_step: 0]
[lambda_l1: 0]
[lambda_l2: 20]
[linear_lambda: 0]
[min_gain_to_split: 0]
[drop_rate: 0.1]
[max_drop: 50]
[skip_drop: 0.5]
[xgboost_dart_mode: 0]
[uniform_drop: 0]
[drop_seed: 17869]
[top_rate: 0.2]
[other_rate: 0.1]
[min_data_per_group: 100]
[max_cat_threshold: 32]
[cat_l2: 10]
[cat_smooth: 10]
[max_cat_to_onehot: 4]
[top_k: 20]
[monotone_constraints: ]
[monotone_constraints_method: basic]
[monotone_penalty: 0]
[feature_contri: ]
[forcedsplits_filename: ]
[refit_decay_rate: 0.9]
[cegb_tradeoff: 1]
[cegb_penalty_split: 0]
[cegb_penalty_feature_lazy: ]
[cegb_penalty_feature_coupled: ]
[path_smooth: 0]
[interaction_constraints: ]
[verbosity: -1]
[saved_feature_importance_type: 0]
[use_quantized_grad: 0]
[num_grad_quant_bins: 4]
[quant_train_renew_leaf: 0]
[stochastic_rounding: 1]
[linear_tree: 0]
[max_bin: 255]
[max_bin_by_feature: ]
[min_data_in_bin: 3]
[bin_construct_sample_cnt: 200000]
[data_random_seed: 175]
[is_enable_sparse: 1]
[enable_bundle: 1]
[use_missing: 1]
[zero_as_missing: 0]
[feature_pre_filter: 1]
[pre_partition: 0]
[two_round: 0]
[header: 0]
[label_column: ]
[weight_column: ]
[group_column: ]
[ignore_column: ]
[categorical_feature: ]
[forcedbins_filename: ]
[precise_float_parser: 0]
[parser_config_file: ]
[objective_seed: 16083]
[num_class: 1]
[is_unbalance: 0]
[scale_pos_weight: 1]
[sigmoid: 1]
[boost_from_average: 1]
[reg_sqrt: 0]
[alpha: 0.9]
[fair_c: 1]
[poisson_max_delta_step: 0.7]
[tweedie_variance_power: 1.5]
[lambdarank_truncation_level: 30]
[lambdarank_norm: 1]
[label_gain: ]
[lambdarank_position_bias_regularization: 0]
[eval_at: ]
[multi_error_top_k: 1]
[auc_mu_weights: ]
[num_machines: 1]
[local_listen_port: 12400]
[time_out: 120]
[machine_list_filename: ]
[machines: ]
[gpu_platform_id: -1]
[gpu_device_id: -1]
[gpu_device_id_list: ]
[gpu_use_dp: 0]
[num_gpu: 1]

end of parameters

pandas_categorical:[]
