panchayat_id,panchayat_name,village_name,block_name,district_name,centroid_lat,centroid_lon,dist_to_coast_km,dist_to_water_km,historical_rain_bias,elevation_mean,elevation_std,elevation_min,elevation_max,slope_mean,aspect_mean,lulc_tree_pct,lulc_shrub_pct,lulc_grass_pct,lulc_crop_pct,lulc_urban_pct,lulc_water_pct,lulc_bare_pct,block_rain_mean,block_temp_max,block_temp_min,layer_b_deviation,layer_c_residual,downscaled_rain_pred,rain_ci_lower_80,rain_ci_upper_80,rain_ci_lower_95,rain_ci_upper_95,uncertainty_std,confidence_level,dominant_factor,forecast_source,forecast_status,forecast_issued_date,forecast_valid_date,forecast_source_url,observed_24h_mm,observed_24h_date,observed_24h_status,downscaled_tmax_pred,downscaled_tmin_pred,downscaled_rh_pred
MH_487_551455,Mamdapur,Mamdapur,Yevla,Nashik,20.14253,74.54449,190.49,16.52,-15.0,470.7,32.9,431.2,510.1,3.2,250.9,12.0,14.0,10.0,58.0,4.0,2.0,0.0,25.0,29.5,21.0,-2.53,-0.6773027034906773,21.18,16.45,25.87,11.62,29.19,4.67,MODERATE,Rain-Shadow Plateau Topography,Manual demo override,MANUAL_OVERRIDE,,2026-09-09,,,,NOT_REQUESTED,30.2,21.7,68.5
MH_487_551429,Deshmane Bk,Deshmane Bk,Yevla,Nashik,20.05804,74.3154,165.93,20.34,-11.6,498.2,34.9,456.3,540.0,3.2,241.2,12.0,14.0,10.0,58.0,4.0,2.0,0.0,25.0,29.5,21.0,-2.53,-0.13087591059659176,21.68,17.46,26.14,11.98,30.18,4.57,MODERATE,Rain-Shadow Plateau Topography,Manual demo override,MANUAL_OVERRIDE,,2026-09-09,,,,NOT_REQUESTED,30.0,21.5,68.7
MH_487_551428,Jaulke,Jaulke,Yevla,Nashik,20.08183,74.34169,168.83,18.88,-12.2,495.0,34.6,453.5,536.5,3.2,242.4,12.0,14.0,10.0,58.0,4.0,2.0,0.0,25.0,29.5,21.0,-2.53,-0.1894052426256924,21.6,17.12,26.22,11.76,30.1,4.62,MODERATE,Rain-Shadow Plateau Topography,Manual demo override,MANUAL_OVERRIDE,,2026-09-09,,,,NOT_REQUESTED,30.0,21.5,68.6
MH_487_551098,Bhavli Kh,Bhavli Kh,Igatpuri,Nashik,19.64294,73.59913,88.0,33.81,37.0,774.5,54.2,709.4,839.5,14.5,211.2,52.0,18.0,8.0,16.0,2.0,4.0,0.0,25.0,29.5,21.0,3.06,1.8229297092040846,29.41,24.07,33.9,19.32,38.75,4.86,MODERATE,Orographic Sahyadri Elevation Gradient,Manual demo override,MANUAL_OVERRIDE,,2026-09-09,,,,NOT_REQUESTED,28.0,19.5,71.8
MH_487_551093,Pimpri Sadroddin,Pimpri Sadroddin,Igatpuri,Nashik,19.67517,73.55401,84.73,29.55,42.4,803.0,56.2,735.5,870.4,14.5,209.3,52.0,18.0,8.0,16.0,2.0,4.0,0.0,25.0,29.5,21.0,3.85,1.7810836955827478,29.86,24.62,35.34,19.86,38.9,4.88,MODERATE,Orographic Sahyadri Elevation Gradient,Manual demo override,MANUAL_OVERRIDE,,2026-09-09,,,,NOT_REQUESTED,27.8,19.3,71.9
MH_487_551094,Fangul Gavhan,Fangul Gavhan,Igatpuri,Nashik,19.65585,73.56094,84.67,31.76,41.8,797.9,55.9,730.9,865.0,14.5,209.6,52.0,18.0,8.0,16.0,2.0,4.0,0.0,25.0,29.5,21.0,3.41,1.811948565657365,29.51,25.07,33.82,19.82,38.47,4.66,MODERATE,Orographic Sahyadri Elevation Gradient,Manual demo override,MANUAL_OVERRIDE,,2026-09-09,,,,NOT_REQUESTED,27.8,19.3,71.8
MH_487_551092,Nandgaonsado,Nandgaonsado,Igatpuri,Nashik,19.66435,73.58612,87.47,31.21,38.8,783.2,54.8,717.5,849.0,14.5,210.6,52.0,18.0,8.0,16.0,2.0,4.0,0.0,25.0,29.5,21.0,3.41,1.8006758640931975,29.63,25.26,34.05,19.25,38.25,4.73,MODERATE,Orographic Sahyadri Elevation Gradient,Manual demo override,MANUAL_OVERRIDE,,2026-09-09,,,,NOT_REQUESTED,27.9,19.4,71.9
MH_487_551097,Manwede,Manwede,Igatpuri,Nashik,19.63078,73.58948,86.63,34.94,38.3,779.7,54.6,714.2,845.2,14.5,210.8,52.0,18.0,8.0,16.0,2.0,4.0,0.0,25.0,29.5,21.0,3.06,1.8434444607693266,29.02,24.33,33.6,18.43,37.38,4.91,MODERATE,Orographic Sahyadri Elevation Gradient,Manual demo override,MANUAL_OVERRIDE,,2026-09-09,,,,NOT_REQUESTED,27.9,19.4,71.6
MH_487_551095,Borli,Borli,Igatpuri,Nashik,19.63276,73.57183,84.93,34.44,40.6,790.4,55.3,724.0,856.7,14.5,210.0,52.0,18.0,8.0,16.0,2.0,4.0,0.0,25.0,29.5,21.0,3.06,1.8425262005052592,29.18,24.59,34.02,19.72,38.05,4.62,MODERATE,Orographic Sahyadri Elevation Gradient,Manual demo override,MANUAL_OVERRIDE,,2026-09-09,,,,NOT_REQUESTED,27.9,19.4,71.7
MH_487_551104,Jamunde,Jamunde,Igatpuri,Nashik,19.61161,73.59493,86.58,37.14,37.6,775.6,54.3,710.4,840.7,14.5,211.0,52.0,18.0,8.0,16.0,2.0,4.0,0.0,25.0,29.5,21.0,3.06,1.8647972528300059,29.43,25.26,33.03,19.34,38.4,4.7,MODERATE,Orographic Sahyadri Elevation Gradient,Manual demo override,MANUAL_OVERRIDE,,2026-09-09,,,,NOT_REQUESTED,28.0,19.5,71.8
MH_487_551091,Taloshi,Taloshi,Igatpuri,Nashik,19.67421,73.60656,89.85,30.62,35.9,771.4,54.0,706.6,836.2,14.5,211.5,52.0,18.0,8.0,16.0,2.0,4.0,0.0,25.0,29.5,21.0,3.41,1.760672743932178,29.54,24.69,34.69,19.27,37.15,4.68,MODERATE,Orographic Sahyadri Elevation Gradient,Manual demo override,MANUAL_OVERRIDE,,2026-09-09,,,,NOT_REQUESTED,28.0,19.5,71.8
MH_487_551103,Gavhande,Gavhande,Igatpuri,Nashik,19.62776,73.61304,88.9,35.79,34.9,765.4,53.6,701.1,829.7,14.5,211.7,52.0,18.0,8.0,16.0,2.0,4.0,0.0,25.0,29.5,21.0,3.06,1.8345559015232753,29.27,24.64,34.58,19.82,37.76,4.6,MODERATE,Orographic Sahyadri Elevation Gradient,Manual demo override,MANUAL_OVERRIDE,,2026-09-09,,,,NOT_REQUESTED,28.0,19.5,71.7
MH_487_551090,Talogha,Talogha,Igatpuri,Nashik,19.67789,73.62255,91.57,30.71,33.3,762.0,53.3,698.0,825.9,14.5,212.1,52.0,18.0,8.0,16.0,2.0,4.0,0.0,25.0,29.5,21.0,3.41,1.7306851744229153,29.59,25.24,33.88,20.36,37.48,4.48,MODERATE,Orographic Sahyadri Elevation Gradient,Manual demo override,MANUAL_OVERRIDE,,2026-09-09,,,,NOT_REQUESTED,28.1,19.6,71.8
MH_487_551096,Waghyachiwadi,Waghyachiwadi,Igatpuri,Nashik,19.62456,73.57243,84.72,35.36,40.5,789.6,55.3,723.3,856.0,14.5,210.0,52.0,18.0,8.0,16.0,2.0,4.0,0.0,25.0,29.5,21.0,3.06,1.8519395298318977,29.46,24.29,34.67,19.48,37.23,4.59,MODERATE,Orographic Sahyadri Elevation Gradient,Manual demo override,MANUAL_OVERRIDE,,2026-09-09,,,,NOT_REQUESTED,27.9,19.4,71.8
MH_487_551105,Kurungwadi,Kurungwadi,Igatpuri,Nashik,19.60888,73.62907,89.95,38.25,32.2,755.0,52.8,691.6,818.3,14.5,212.4,52.0,18.0,8.0,16.0,2.0,4.0,0.0,25.0,29.5,21.0,3.06,1.8487346614138263,29.22,24.15,34.13,20.17,37.35,4.56,MODERATE,Orographic Sahyadri Elevation Gradient,Manual demo override,MANUAL_OVERRIDE,,2026-09-09,,,,NOT_REQUESTED,28.1,19.6,71.7
MH_487_551099,Kaluste,Kaluste,Igatpuri,Nashik,19.65201,73.63224,91.61,33.76,31.7,755.0,52.8,691.6,818.4,14.5,212.6,52.0,18.0,8.0,16.0,2.0,4.0,0.0,25.0,29.5,21.0,3.06,1.7759540615211231,29.08,23.59,34.18,19.36,37.66,4.68,MODERATE,Orographic Sahyadri Elevation Gradient,Manual demo override,MANUAL_OVERRIDE,,2026-09-09,,,,NOT_REQUESTED,28.1,19.6,71.6
MH_487_551102,Nirpan,Nirpan,Igatpuri,Nashik,19.63783,73.65177,93.1,35.93,3.3,742.6,52.0,680.2,805.0,14.5,213.4,52.0,18.0,8.0,16.0,2.0,4.0,0.0,25.0,29.5,21.0,3.06,1.780415116408379,29.18,23.62,33.81,19.68,37.57,4.61,MODERATE,Orographic Sahyadri Elevation Gradient,Manual demo override,MANUAL_OVERRIDE,,2026-09-09,,,,NOT_REQUESTED,28.2,19.7,71.7
MH_487_551100,Bharwaj,Bharwaj,Igatpuri,Nashik,19.66025,73.65508,94.17,33.75,3.3,741.7,51.9,679.4,803.9,14.5,213.5,52.0,18.0,8.0,16.0,2.0,4.0,0.0,25.0,29.5,21.0,3.06,1.7311339669417556,29.07,24.76,34.23,19.62,37.67,4.57,MODERATE,Orographic Sahyadri Elevation Gradient,Manual demo override,MANUAL_OVERRIDE,,2026-09-09,,,,NOT_REQUESTED,28.2,19.7,71.6
MH_487_551101,Manjargaon,Manjargaon,Igatpuri,Nashik,19.65782,73.67119,95.69,34.68,2.9,731.9,51.2,670.5,793.3,14.5,214.2,52.0,18.0,8.0,16.0,2.0,4.0,0.0,25.0,29.5,21.0,3.06,1.716680552996021,29.14,23.66,34.5,19.8,37.76,4.77,MODERATE,Orographic Sahyadri Elevation Gradient,Manual demo override,MANUAL_OVERRIDE,,2026-09-09,,,,NOT_REQUESTED,28.3,19.8,71.7
MH_487_551106,Ambewadi,Ambewadi,Igatpuri,Nashik,19.61169,73.6675,93.92,39.24,3.0,732.0,51.2,670.6,793.5,14.5,214.0,52.0,18.0,8.0,16.0,2.0,4.0,0.0,25.0,29.5,21.0,3.06,1.8080871679788273,29.0,24.14,34.08,19.44,36.99,4.69,MODERATE,Orographic Sahyadri Elevation Gradient,Manual demo override,MANUAL_OVERRIDE,,2026-09-09,,,,NOT_REQUESTED,28.3,19.8,71.6
MH_487_551107,Khadked,Khadked,Igatpuri,Nashik,19.61785,73.69353,96.73,39.7,2.4,716.7,50.2,656.4,776.9,14.5,215.1,52.0,18.0,8.0,16.0,2.0,4.0,0.0,25.0,29.5,21.0,3.06,1.768234451045207,29.0,23.73,33.09,19.68,37.81,4.55,MODERATE,Orographic Sahyadri Elevation Gradient,Manual demo override,MANUAL_OVERRIDE,,2026-09-09,,,,NOT_REQUESTED,28.4,19.9,71.6
MH_487_551125,Kanadwadi,Kanadwadi,Igatpuri,Nashik,19.64879,73.68956,97.24,36.43,2.5,720.5,50.4,660.0,780.9,14.5,215.0,52.0,18.0,8.0,16.0,2.0,4.0,0.0,25.0,29.5,21.0,3.06,1.7136128232815675,29.31,24.65,35.61,19.83,37.39,4.61,MODERATE,Orographic Sahyadri Elevation Gradient,Manual demo override,MANUAL_OVERRIDE,,2026-09-09,,,,NOT_REQUESTED,28.4,19.9,71.7
MH_487_551108,Indore,Indore,Igatpuri,Nashik,19.62467,73.71219,98.82,39.91,2.0,705.8,49.4,646.5,765.1,14.5,215.9,52.0,18.0,8.0,16.0,2.0,4.0,0.0,25.0,29.5,21.0,3.06,1.733422312248183,29.24,24.77,33.28,19.0,38.26,4.84,MODERATE,Orographic Sahyadri Elevation Gradient,Manual demo override,MANUAL_OVERRIDE,,2026-09-09,,,,NOT_REQUESTED,28.5,20.0,71.7
MH_487_551124,Pardeshiwadi,Pardeshiwadi,Igatpuri,Nashik,19.67419,73.69114,98.24,34.03,2.4,720.7,50.4,660.2,781.1,14.5,215.0,52.0,18.0,8.0,16.0,2.0,4.0,0.0,25.0,29.5,21.0,3.06,1.6541727532505044,29.03,23.41,33.55,19.72,38.08,4.7,MODERATE,Orographic Sahyadri Elevation Gradient,Manual demo override,MANUAL_OVERRIDE,,2026-09-09,,,,NOT_REQUESTED,28.4,19.9,71.6
MH_487_551138,Ramnagar,Ramnagar,Igatpuri,Nashik,19.6336,73.75313,103.21,39.82,1.1,681.6,47.7,624.4,738.9,14.5,217.6,52.0,18.0,8.0,16.0,2.0,4.0,0.0,25.0,29.5,21.0,3.06,1.6651315131121336,29.13,24.5,34.03,19.69,37.4,4.61,MODERATE,Orographic Sahyadri Elevation Gradient,Manual demo override,MANUAL_OVERRIDE,,2026-09-09,,,,NOT_REQUESTED,28.6,20.1,71.7
MH_487_551134,Sonoshi,Sonoshi,Igatpuri,Nashik,19.65626,73.77528,106.11,37.14,0.6,669.4,46.9,613.1,725.6,14.5,218.6,52.0,18.0,8.0,16.0,2.0,4.0,0.0,25.0,29.5,21.0,3.06,1.591560569923995,29.02,24.3,33.5,19.36,38.05,4.66,MODERATE,Orographic Sahyadri Elevation Gradient,Manual demo override,MANUAL_OVERRIDE,,2026-09-09,,,,NOT_REQUESTED,28.7,20.2,71.6
MH_487_551133,Maidara Dhanoshi,Maidara Dhanoshi,Igatpuri,Nashik,19.67449,73.78941,108.08,35.08,0.2,661.7,46.3,606.1,717.3,14.5,219.2,52.0,18.0,8.0,16.0,2.0,4.0,0.0,25.0,29.5,21.0,3.06,1.5357230162526636,28.91,23.27,33.57,19.3,37.82,4.79,MODERATE,Orographic Sahyadri Elevation Gradient,Manual demo override,MANUAL_OVERRIDE,,2026-09-09,,,,NOT_REQUESTED,28.8,20.3,71.6
MH_487_551137,Wasali,Wasali,Igatpuri,Nashik,19.63739,73.73714,101.7,39.6,1.4,691.4,48.4,633.3,749.5,14.5,217.0,52.0,18.0,8.0,16.0,2.0,4.0,0.0,25.0,29.5,21.0,3.06,1.6779901607322671,29.1,24.89,33.83,19.0,37.87,4.8,MODERATE,Orographic Sahyadri Elevation Gradient,Manual demo override,MANUAL_OVERRIDE,,2026-09-09,,,,NOT_REQUESTED,28.6,20.1,71.6
MH_487_551135,Barshingave,Barshingave,Igatpuri,Nashik,19.65344,73.75663,104.14,37.59,1.0,680.4,47.6,623.3,737.5,14.5,217.8,52.0,18.0,8.0,16.0,2.0,4.0,0.0,25.0,29.5,21.0,3.06,1.6210016150065056,29.05,24.22,33.92,18.57,37.2,4.65,MODERATE,Orographic Sahyadri Elevation Gradient,Manual demo override,MANUAL_OVERRIDE,,2026-09-09,,,,NOT_REQUESTED,28.6,20.1,71.6
MH_487_551126,Khed,Khed,Igatpuri,Nashik,19.66018,73.71128,99.78,36.44,2.0,707.9,49.6,648.4,767.5,14.5,215.9,52.0,18.0,8.0,16.0,2.0,4.0,0.0,25.0,29.5,21.0,3.06,1.6624776206794032,28.95,23.96,33.1,19.75,37.55,4.66,MODERATE,Orographic Sahyadri Elevation Gradient,Manual demo override,MANUAL_OVERRIDE,,2026-09-09,,,,NOT_REQUESTED,28.5,20.0,71.6
MH_487_551127,Adharwad,Adharwad,Igatpuri,Nashik,19.68402,73.73472,102.91,34.51,1.5,695.0,48.6,636.6,753.3,14.5,216.9,52.0,18.0,8.0,16.0,2.0,4.0,0.0,25.0,29.5,21.0,3.06,1.5798163647039598,29.1,24.72,33.51,18.61,36.76,4.53,MODERATE,Orographic Sahyadri Elevation Gradient,Manual demo override,MANUAL_OVERRIDE,,2026-09-09,,,,NOT_REQUESTED,28.5,20.0,71.6
MH_487_551089,Avachitwadi,Avachitwadi,Igatpuri,Nashik,19.67735,73.6445,93.72,31.57,29.6,748.8,52.4,685.9,811.7,14.5,213.1,52.0,18.0,8.0,16.0,2.0,4.0,0.0,25.0,29.5,21.0,3.41,1.7034358861586154,29.25,23.94,34.54,19.2,37.39,4.73,MODERATE,Orographic Sahyadri Elevation Gradient,Manual demo override,MANUAL_OVERRIDE,,2026-09-09,,,,NOT_REQUESTED,28.2,19.7,71.7
MH_487_551136,Rahulnagar,Rahulnagar,Igatpuri,Nashik,19.65539,73.74719,103.25,37.48,1.2,686.2,48.0,628.6,743.8,14.5,217.4,52.0,18.0,8.0,16.0,2.0,4.0,0.0,25.0,29.5,21.0,3.06,1.6287499712067364,28.85,24.75,33.44,18.98,37.22,4.66,MODERATE,Orographic Sahyadri Elevation Gradient,Manual demo override,MANUAL_OVERRIDE,,2026-09-09,,,,NOT_REQUESTED,28.6,20.1,71.5
MH_487_550859,Mulvad,Mulvad,Trimbakeshwar,Nashik,20.07584,73.28617,59.29,29.62,18.0,981.7,68.7,899.3,1064.1,14.5,198.0,52.0,18.0,8.0,16.0,2.0,4.0,0.0,25.0,29.5,21.0,4.23,-0.28994230321227443,28.39,22.28,32.57,18.07,38.02,4.85,MODERATE,Orographic Sahyadri Elevation Gradient,Manual demo override,MANUAL_OVERRIDE,,2026-09-09,,,,NOT_REQUESTED,26.6,18.1,71.4
MH_487_550855,Berwal,Berwal,Trimbakeshwar,Nashik,20.11415,73.31123,62.8,29.96,22.1,968.4,67.8,887.0,1049.8,14.5,199.1,52.0,18.0,8.0,16.0,2.0,4.0,0.0,25.0,29.5,21.0,4.23,-0.4483405137367307,28.01,23.19,32.21,18.91,37.64,4.8,MODERATE,Orographic Sahyadri Elevation Gradient,Manual demo override,MANUAL_OVERRIDE,,2026-09-09,,,,NOT_REQUESTED,26.7,18.2,71.2
MH_487_550854,Ozar Khed,Ozar Khed,Trimbakeshwar,Nashik,20.12497,73.26692,58.67,34.33,15.2,995.5,69.7,911.8,1079.1,14.5,197.2,52.0,18.0,8.0,16.0,2.0,4.0,0.0,25.0,29.5,21.0,4.22,-0.4166008024736668,28.01,22.63,32.69,18.97,37.02,4.81,MODERATE,Orographic Sahyadri Elevation Gradient,Manual demo override,MANUAL_OVERRIDE,,2026-09-09,,,,NOT_REQUESTED,26.6,18.1,71.2
MH_487_550853,Kadegahan,Kadegahan,Trimbakeshwar,Nashik,20.13861,73.28455,60.88,33.84,17.8,985.5,69.0,902.7,1068.3,14.5,198.0,52.0,18.0,8.0,16.0,2.0,4.0,0.0,25.0,29.5,21.0,4.22,-0.4825982873897302,28.01,23.0,32.76,17.79,36.73,4.71,MODERATE,Orographic Sahyadri Elevation Gradient,Manual demo override,MANUAL_OVERRIDE,,2026-09-09,,,,NOT_REQUESTED,26.6,18.1,71.2
MH_487_550864,Rayate,Rayate,Trimbakeshwar,Nashik,20.07545,73.32335,63.09,26.33,24.1,959.4,67.2,878.7,1040.0,14.5,199.6,52.0,18.0,8.0,16.0,2.0,4.0,0.0,25.0,29.5,21.0,4.23,-0.3334043605874622,27.98,23.44,32.72,18.67,36.18,4.49,MODERATE,Orographic Sahyadri Elevation Gradient,Manual demo override,MANUAL_OVERRIDE,,2026-09-09,,,,NOT_REQUESTED,26.5,18.0,71.2
MH_487_550874,Vatakapada,Vatakapada,Trimbakeshwar,Nashik,20.05276,73.34046,64.44,23.44,27.0,948.1,66.4,868.4,1027.8,14.5,200.3,52.0,18.0,8.0,16.0,2.0,4.0,0.0,25.0,29.5,21.0,4.23,-0.2685588713721048,28.02,22.38,32.72,18.04,37.17,4.83,MODERATE,Orographic Sahyadri Elevation Gradient,Manual demo override,MANUAL_OVERRIDE,,2026-09-09,,,,NOT_REQUESTED,26.6,18.1,71.2
MH_487_550873,Bhagohol,Bhagohol,Trimbakeshwar,Nashik,20.0717,73.34739,65.49,24.05,28.2,944.8,66.1,865.5,1024.1,14.5,200.6,52.0,18.0,8.0,16.0,2.0,4.0,0.0,25.0,29.5,21.0,4.23,-0.3452341805701865,28.06,22.84,33.13,18.04,36.77,4.76,MODERATE,Orographic Sahyadri Elevation Gradient,Manual demo override,MANUAL_OVERRIDE,,2026-09-09,,,,NOT_REQUESTED,26.6,18.1,71.2
MH_487_550865,Bhutmokhada,Bhutmokhada,Trimbakeshwar,Nashik,20.08388,73.34739,65.73,24.9,28.2,945.3,66.2,865.9,1024.8,14.5,200.6,52.0,18.0,8.0,16.0,2.0,4.0,0.0,25.0,29.5,21.0,4.23,-0.38936943594797274,28.09,23.64,32.58,17.84,36.16,4.59,MODERATE,Orographic Sahyadri Elevation Gradient,Manual demo override,MANUAL_OVERRIDE,,2026-09-09,,,,NOT_REQUESTED,26.6,18.1,71.2
MH_487_550871,Gavatha,Gavatha,Trimbakeshwar,Nashik,20.06168,73.39725,70.45,19.38,36.4,914.4,64.0,837.6,991.2,14.5,202.7,52.0,18.0,8.0,16.0,2.0,4.0,0.0,25.0,29.5,21.0,4.06,-0.3438788540465605,27.91,22.31,33.82,18.32,36.55,4.8,MODERATE,Orographic Sahyadri Elevation Gradient,Manual demo override,MANUAL_OVERRIDE,,2026-09-09,,,,NOT_REQUESTED,26.8,18.3,71.2
MH_487_550866,Kotambi Harsul,Kotambi Harsul,Trimbakeshwar,Nashik,20.10677,73.36093,67.64,25.61,30.6,938.2,65.7,859.4,1017.1,14.5,201.2,52.0,18.0,8.0,16.0,2.0,4.0,0.0,25.0,29.5,21.0,4.22,-0.4846123939832192,28.16,23.34,33.28,18.46,36.43,4.76,MODERATE,Orographic Sahyadri Elevation Gradient,Manual demo override,MANUAL_OVERRIDE,,2026-09-09,,,,NOT_REQUESTED,26.6,18.1,71.3
MH_487_550872,Murambi,Murambi,Trimbakeshwar,Nashik,20.06012,73.37138,67.76,21.29,32.3,929.9,65.1,851.8,1008.0,14.5,201.6,52.0,18.0,8.0,16.0,2.0,4.0,0.0,25.0,29.5,21.0,4.22,-0.32242389478863376,28.26,24.11,33.57,18.99,36.88,4.77,MODERATE,Orographic Sahyadri Elevation Gradient,Manual demo override,MANUAL_OVERRIDE,,2026-09-09,,,,NOT_REQUESTED,26.7,18.2,71.3
MH_487_550870,Rautmal,Rautmal,Trimbakeshwar,Nashik,20.07375,73.39979,70.92,20.16,36.8,913.4,63.9,836.8,990.1,14.5,202.8,52.0,18.0,8.0,16.0,2.0,4.0,0.0,25.0,29.5,21.0,4.06,-0.3914838798146613,27.98,23.05,32.43,19.34,36.25,4.37,MODERATE,Orographic Sahyadri Elevation Gradient,Manual demo override,MANUAL_OVERRIDE,,2026-09-09,,,,NOT_REQUESTED,26.8,18.3,71.2
MH_487_550849,Hatlondhi,Hatlondhi,Trimbakeshwar,Nashik,20.13195,73.37559,69.8,26.75,33.0,930.6,65.1,852.5,1008.7,14.5,201.8,52.0,18.0,8.0,16.0,2.0,4.0,0.0,25.0,29.5,21.0,4.22,-0.5876778809592192,27.66,23.62,32.88,18.3,35.86,4.45,MODERATE,Orographic Sahyadri Elevation Gradient,Manual demo override,MANUAL_OVERRIDE,,2026-09-09,,,,NOT_REQUESTED,26.7,18.2,71.1
MH_487_550867,Kalamuste,Kalamuste,Trimbakeshwar,Nashik,20.1004,73.3795,69.38,23.78,33.7,926.8,64.9,848.9,1004.7,14.5,201.9,52.0,18.0,8.0,16.0,2.0,4.0,0.0,25.0,29.5,21.0,4.22,-0.47899378650540525,28.1,22.67,32.84,17.15,36.38,4.74,MODERATE,Orographic Sahyadri Elevation Gradient,Manual demo override,MANUAL_OVERRIDE,,2026-09-09,,,,NOT_REQUESTED,26.7,18.2,71.2
MH_487_550868,Shirasgaon,Shirasgaon,Trimbakeshwar,Nashik,20.09034,73.38466,69.69,22.58,34.5,923.3,64.6,845.7,1000.8,14.5,202.2,52.0,18.0,8.0,16.0,2.0,4.0,0.0,25.0,29.5,21.0,4.06,-0.4457061865535427,27.93,23.05,32.48,19.23,36.72,4.52,MODERATE,Orographic Sahyadri Elevation Gradient,Manual demo override,MANUAL_OVERRIDE,,2026-09-09,,,,NOT_REQUESTED,26.7,18.2,71.2
MH_487_550875,Deola,Deola,Trimbakeshwar,Nashik,20.03693,73.38935,69.29,18.23,35.2,918.1,64.3,840.9,995.2,14.5,202.4,52.0,18.0,8.0,16.0,2.0,4.0,0.0,25.0,29.5,21.0,4.06,-0.24357777487180898,27.89,23.48,33.46,17.33,36.64,4.89,MODERATE,Orographic Sahyadri Elevation Gradient,Manual demo override,MANUAL_OVERRIDE,,2026-09-09,,,,NOT_REQUESTED,26.8,18.3,71.2
MH_487_550850,Rajivnagar,Rajivnagar,Trimbakeshwar,Nashik,20.12794,73.37462,69.59,26.46,32.9,931.0,65.2,852.7,1009.2,14.5,201.7,52.0,18.0,8.0,16.0,2.0,4.0,0.0,25.0,29.5,21.0,4.22,-0.5727933311787949,27.79,22.13,33.39,18.11,36.19,4.81,MODERATE,Orographic Sahyadri Elevation Gradient,Manual demo override,MANUAL_OVERRIDE,,2026-09-09,,,,NOT_REQUESTED,26.7,18.2,71.1
MH_487_550856,Garmal,Garmal,Trimbakeshwar,Nashik,20.10853,73.29137,60.63,31.19,18.8,980.1,68.6,897.7,1062.4,14.5,198.2,52.0,18.0,8.0,16.0,2.0,4.0,0.0,25.0,29.5,21.0,4.23,-0.4030052906211229,27.98,22.77,32.29,18.88,36.18,4.55,MODERATE,Orographic Sahyadri Elevation Gradient,Manual demo override,MANUAL_OVERRIDE,,2026-09-09,,,,NOT_REQUESTED,26.7,18.2,71.2
MH_487_550857,Koulpondha,Koulpondha,Trimbakeshwar,Nashik,20.10641,73.30695,62.15,29.76,21.4,970.6,67.9,889.1,1052.1,14.5,198.9,52.0,18.0,8.0,16.0,2.0,4.0,0.0,25.0,29.5,21.0,4.23,-0.4177352732923682,28.02,23.69,33.55,18.87,36.21,4.57,MODERATE,Orographic Sahyadri Elevation Gradient,Manual demo override,MANUAL_OVERRIDE,,2026-09-09,,,,NOT_REQUESTED,26.7,18.2,71.2
MH_487_550858,Ghytipada,Ghytipada,Trimbakeshwar,Nashik,20.10694,73.32082,63.57,28.67,23.7,962.3,67.4,881.4,1043.2,14.5,199.5,52.0,18.0,8.0,16.0,2.0,4.0,0.0,25.0,29.5,21.0,4.23,-0.4378198026294683,28.26,23.74,33.07,17.98,36.77,4.83,MODERATE,Orographic Sahyadri Elevation Gradient,Manual demo override,MANUAL_OVERRIDE,,2026-09-09,,,,NOT_REQUESTED,26.5,18.0,71.3
MH_487_550863,Karanj Jali,Karanj Jali,Trimbakeshwar,Nashik,20.06466,73.29449,59.91,28.24,19.3,976.2,68.3,894.3,1058.2,14.5,198.4,52.0,18.0,8.0,16.0,2.0,4.0,0.0,25.0,29.5,21.0,4.23,-0.26201297497681814,28.18,23.18,33.81,18.7,37.36,4.79,MODERATE,Orographic Sahyadri Elevation Gradient,Manual demo override,MANUAL_OVERRIDE,,2026-09-09,,,,NOT_REQUESTED,26.4,17.9,71.3
MH_487_550862,Chourapada,Chourapada,Trimbakeshwar,Nashik,20.06971,73.29307,59.86,28.65,19.1,977.3,68.4,895.2,1059.4,14.5,198.3,52.0,18.0,8.0,16.0,2.0,4.0,0.0,25.0,29.5,21.0,4.23,-0.27772373722287447,28.07,23.05,33.49,19.08,36.35,4.66,MODERATE,Orographic Sahyadri Elevation Gradient,Manual demo override,MANUAL_OVERRIDE,,2026-09-09,,,,NOT_REQUESTED,26.4,17.9,71.2
MH_487_550860,Savarvada,Savarvada,Trimbakeshwar,Nashik,20.07769,73.30071,60.81,28.43,20.3,973.1,68.1,891.3,1054.8,14.5,198.6,52.0,18.0,8.0,16.0,2.0,4.0,0.0,25.0,29.5,21.0,4.23,-0.31438261525065914,28.29,23.19,33.45,18.56,36.31,4.47,MODERATE,Orographic Sahyadri Elevation Gradient,Manual demo override,MANUAL_OVERRIDE,,2026-09-09,,,,NOT_REQUESTED,26.4,17.9,71.3
MH_487_550824,Chinch Ohol,Chinch Ohol,Trimbakeshwar,Nashik,20.14602,73.35451,68.1,29.34,29.5,943.9,66.1,864.5,1023.2,14.5,200.9,52.0,18.0,8.0,16.0,2.0,4.0,0.0,25.0,29.5,21.0,4.22,-0.6083762056055634,27.84,22.92,32.44,18.16,36.21,4.68,MODERATE,Orographic Sahyadri Elevation Gradient,Manual demo override,MANUAL_OVERRIDE,,2026-09-09,,,,NOT_REQUESTED,26.6,18.1,71.1
MH_487_550921,Harshewadi,Harshewadi,Trimbakeshwar,Nashik,19.90902,73.45148,75.72,8.9,42.9,875.0,61.3,801.5,948.6,14.5,205.0,52.0,18.0,8.0,16.0,2.0,4.0,0.0,25.0,29.5,21.0,1.39,0.30892584623365343,25.98,21.06,30.67,15.74,34.11,4.76,MODERATE,Orographic Sahyadri Elevation Gradient,Manual demo override,MANUAL_OVERRIDE,,2026-09-09,,,,NOT_REQUESTED,27.1,18.6,70.4
MH_487_550936,Met Chandrachi,Met Chandrachi,Trimbakeshwar,Nashik,19.85746,73.42948,74.19,13.95,40.7,885.9,62.0,811.5,960.3,14.5,204.0,52.0,18.0,8.0,16.0,2.0,4.0,0.0,25.0,29.5,21.0,4.06,0.5961554896399751,29.05,24.17,33.49,18.73,37.95,4.84,MODERATE,Orographic Sahyadri Elevation Gradient,Manual demo override,MANUAL_OVERRIDE,,2026-09-09,,,,NOT_REQUESTED,27.0,18.5,71.6
MH_487_551028,Karhole,Karhole,Igatpuri,Nashik,19.79599,73.58303,91.27,16.95,39.2,791.0,55.4,724.5,857.5,14.5,210.5,52.0,18.0,8.0,16.0,2.0,4.0,0.0,25.0,29.5,21.0,2.32,1.175632473655363,27.69,23.66,31.99,18.2,36.22,4.53,MODERATE,Orographic Sahyadri Elevation Gradient,Manual demo override,MANUAL_OVERRIDE,,2026-09-09,,,,NOT_REQUESTED,27.6,19.1,71.1
MH_487_550925,Take Harsha,Take Harsha,Trimbakeshwar,Nashik,19.88808,73.45259,76.08,9.94,43.0,873.4,61.1,800.1,946.7,14.5,205.0,52.0,18.0,8.0,16.0,2.0,4.0,0.0,25.0,29.5,21.0,1.39,0.4275779762815425,26.29,21.53,30.56,16.82,34.56,4.67,MODERATE,Orographic Sahyadri Elevation Gradient,Manual demo override,MANUAL_OVERRIDE,,2026-09-09,,,,NOT_REQUESTED,27.1,18.6,70.5
MH_487_550935,Avhate,Avhate,Trimbakeshwar,Nashik,19.86152,73.4614,77.41,11.3,43.7,866.9,60.7,794.1,939.8,14.5,205.4,52.0,18.0,8.0,16.0,2.0,4.0,0.0,25.0,29.5,21.0,1.39,0.5896918553037279,26.1,20.86,30.24,16.82,34.46,4.5,MODERATE,Orographic Sahyadri Elevation Gradient,Manual demo override,MANUAL_OVERRIDE,,2026-09-09,,,,NOT_REQUESTED,27.1,18.6,70.4
MH_487_550937,Met Humbhachi,Met Humbhachi,Trimbakeshwar,Nashik,19.83761,73.43063,74.72,15.41,40.9,884.3,61.9,810.0,958.6,14.5,204.1,52.0,18.0,8.0,16.0,2.0,4.0,0.0,25.0,29.5,21.0,4.06,0.7097057347215023,28.94,24.11,33.52,18.98,37.3,4.74,MODERATE,Orographic Sahyadri Elevation Gradient,Manual demo override,MANUAL_OVERRIDE,,2026-09-09,,,,NOT_REQUESTED,27.0,18.5,71.6
MH_487_550927,Zarwad Kh,Zarwad Kh,Trimbakeshwar,Nashik,19.89469,73.48984,79.87,6.56,44.9,851.4,59.6,779.8,922.9,14.5,206.6,52.0,18.0,8.0,16.0,2.0,4.0,0.0,25.0,29.5,21.0,1.3,0.39816268260253906,26.3,21.19,30.92,16.04,34.22,4.67,MODERATE,Orographic Sahyadri Elevation Gradient,Manual demo override,MANUAL_OVERRIDE,,2026-09-09,,,,NOT_REQUESTED,27.2,18.7,70.5
MH_487_550934,Aswaliharsha,Aswaliharsha,Trimbakeshwar,Nashik,19.87036,73.48919,80.14,8.84,44.9,850.7,59.5,779.3,922.1,14.5,206.5,52.0,18.0,8.0,16.0,2.0,4.0,0.0,25.0,29.5,21.0,1.48,0.5542841678991356,26.2,20.41,30.59,17.08,35.36,4.6,MODERATE,Orographic Sahyadri Elevation Gradient,Manual demo override,MANUAL_OVERRIDE,,2026-09-09,,,,NOT_REQUESTED,27.2,18.7,70.5
MH_487_550939,Alwand,Alwand,Trimbakeshwar,Nashik,19.8438,73.48423,80.09,11.72,44.8,852.4,59.7,780.8,924.1,14.5,206.3,52.0,18.0,8.0,16.0,2.0,4.0,0.0,25.0,29.5,21.0,1.48,0.7203385039245918,26.47,21.87,31.32,18.08,34.71,4.41,MODERATE,Orographic Sahyadri Elevation Gradient,Manual demo override,MANUAL_OVERRIDE,,2026-09-09,,,,NOT_REQUESTED,27.2,18.7,70.6
MH_487_550938,Deogaon,Deogaon,Trimbakeshwar,Nashik,19.82135,73.45411,77.49,15.4,43.1,869.5,60.9,796.4,942.6,14.5,205.1,52.0,18.0,8.0,16.0,2.0,4.0,0.0,25.0,29.5,21.0,1.39,0.8256663997860437,26.33,20.99,30.68,16.77,34.59,4.57,MODERATE,Orographic Sahyadri Elevation Gradient,Manual demo override,MANUAL_OVERRIDE,,2026-09-09,,,,NOT_REQUESTED,27.1,18.6,70.5
MH_487_550943,Take Deogaon,Take Deogaon,Trimbakeshwar,Nashik,19.78477,73.4716,80.24,18.31,44.3,857.4,60.0,785.4,929.4,14.5,205.8,52.0,18.0,8.0,16.0,2.0,4.0,0.0,25.0,29.5,21.0,1.48,1.0654547059794106,26.8,22.72,31.6,17.0,35.12,4.57,MODERATE,Orographic Sahyadri Elevation Gradient,Manual demo override,MANUAL_OVERRIDE,,2026-09-09,,,,NOT_REQUESTED,27.2,18.7,70.7
MH_487_550942,Vaviharsha,Vaviharsha,Trimbakeshwar,Nashik,19.81264,73.48915,81.28,14.79,44.9,848.1,59.4,776.8,919.4,14.5,206.5,52.0,18.0,8.0,16.0,2.0,4.0,0.0,25.0,29.5,21.0,1.48,0.9239600375683248,26.69,22.25,32.83,16.94,35.21,4.65,MODERATE,Orographic Sahyadri Elevation Gradient,Manual demo override,MANUAL_OVERRIDE,,2026-09-09,,,,NOT_REQUESTED,27.2,18.7,70.7
MH_487_550941,Zarwad Bk,Zarwad Bk,Trimbakeshwar,Nashik,19.8262,73.51028,83.14,12.82,44.9,836.0,58.5,765.8,906.2,14.5,207.4,52.0,18.0,8.0,16.0,2.0,4.0,0.0,25.0,29.5,21.0,2.32,0.8686175982969535,27.4,22.78,32.27,16.53,35.7,4.79,MODERATE,Orographic Sahyadri Elevation Gradient,Manual demo override,MANUAL_OVERRIDE,,2026-09-09,,,,NOT_REQUESTED,27.3,18.8,71.0
MH_487_550940,Dapure,Dapure,Trimbakeshwar,Nashik,19.8481,73.51685,83.37,10.31,44.7,833.1,58.3,763.1,903.0,14.5,207.7,52.0,18.0,8.0,16.0,2.0,4.0,0.0,25.0,29.5,21.0,2.32,0.7344053632583311,27.4,22.69,32.12,17.85,35.51,4.68,MODERATE,Orographic Sahyadri Elevation Gradient,Manual demo override,MANUAL_OVERRIDE,,2026-09-09,,,,NOT_REQUESTED,27.3,18.8,71.0
MH_487_550932,Kharoli,Kharoli,Trimbakeshwar,Nashik,19.87329,73.53403,84.74,7.43,44.0,823.9,57.7,754.6,893.1,14.5,208.4,52.0,18.0,8.0,16.0,2.0,4.0,0.0,25.0,29.5,21.0,2.33,0.5936945008355141,27.18,22.81,32.42,18.39,35.17,4.61,MODERATE,Orographic Sahyadri Elevation Gradient,Manual demo override,MANUAL_OVERRIDE,,2026-09-09,,,,NOT_REQUESTED,27.4,18.9,70.9
MH_487_550933,Samundi,Samundi,Trimbakeshwar,Nashik,19.87715,73.5083,82.02,7.35,44.9,839.5,58.8,768.9,910.1,14.5,207.3,52.0,18.0,8.0,16.0,2.0,4.0,0.0,25.0,29.5,21.0,2.32,0.5282800902507253,27.29,23.14,32.63,16.63,35.4,4.7,MODERATE,Orographic Sahyadri Elevation Gradient,Manual demo override,MANUAL_OVERRIDE,,2026-09-09,,,,NOT_REQUESTED,27.3,18.8,70.9
MH_487_550928,Dhadoshi,Dhadoshi,Trimbakeshwar,Nashik,19.89419,73.51669,82.67,5.28,44.8,835.2,58.5,765.0,905.4,14.5,207.7,52.0,18.0,8.0,16.0,2.0,4.0,0.0,25.0,29.5,21.0,2.32,0.42272586917340355,26.88,21.65,32.07,17.29,36.7,4.84,MODERATE,Orographic Sahyadri Elevation Gradient,Manual demo override,MANUAL_OVERRIDE,,2026-09-09,,,,NOT_REQUESTED,27.3,18.8,70.8
MH_487_550929,Kojoli,Kojoli,Trimbakeshwar,Nashik,19.88558,73.53397,84.57,6.07,44.0,824.5,57.7,755.2,893.7,14.5,208.4,52.0,18.0,8.0,16.0,2.0,4.0,0.0,25.0,29.5,21.0,2.33,0.5100314798137885,27.33,21.99,31.75,17.16,35.76,4.69,MODERATE,Orographic Sahyadri Elevation Gradient,Manual demo override,MANUAL_OVERRIDE,,2026-09-09,,,,NOT_REQUESTED,27.4,18.9,70.9
MH_487_550930,Bhilmal,Bhilmal,Trimbakeshwar,Nashik,19.90266,73.54729,85.76,4.53,43.0,817.2,57.2,748.6,885.9,14.5,209.0,52.0,18.0,8.0,16.0,2.0,4.0,0.0,25.0,29.5,21.0,2.33,0.42587546118417774,27.19,21.96,31.91,17.16,35.1,4.53,MODERATE,Orographic Sahyadri Elevation Gradient,Manual demo override,MANUAL_OVERRIDE,,2026-09-09,,,,NOT_REQUESTED,27.4,18.9,70.9
MH_487_551031,Ondli,Ondli,Igatpuri,Nashik,19.8015,73.55031,87.8,15.55,42.8,810.9,56.8,742.7,879.0,14.5,209.1,52.0,18.0,8.0,16.0,2.0,4.0,0.0,25.0,29.5,21.0,2.76,1.0937409309457042,28.02,22.37,33.13,18.25,36.11,4.66,MODERATE,Orographic Sahyadri Elevation Gradient,Manual demo override,MANUAL_OVERRIDE,,2026-09-09,,,,NOT_REQUESTED,27.4,18.9,71.2
MH_487_550931,Pahine,Pahine,Trimbakeshwar,Nashik,19.89143,73.56209,87.42,6.36,41.7,807.9,56.6,739.9,875.8,14.5,209.6,52.0,18.0,8.0,16.0,2.0,4.0,0.0,25.0,29.5,21.0,2.76,0.5413771699569754,27.55,22.4,32.74,16.98,36.35,4.9,MODERATE,Orographic Sahyadri Elevation Gradient,Manual demo override,MANUAL_OVERRIDE,,2026-09-09,,,,NOT_REQUESTED,27.4,18.9,71.0
MH_487_550916,Trimbakeshwar,Trimbakeshwar,Trimbakeshwar,Nashik,19.9174,73.53813,84.67,2.65,43.7,823.4,57.6,754.3,892.5,14.5,208.6,52.0,18.0,8.0,16.0,2.0,4.0,0.0,25.0,29.5,21.0,2.33,0.3007261830705515,26.77,21.78,31.8,17.13,35.09,4.55,MODERATE,Orographic Sahyadri Elevation Gradient,Manual demo override,MANUAL_OVERRIDE,,2026-09-09,,,,NOT_REQUESTED,27.4,18.9,70.7
MH_487_550924,Mulegaon,Mulegaon,Trimbakeshwar,Nashik,19.90114,73.6063,91.92,9.07,35.9,781.8,54.7,716.1,847.4,14.5,211.5,52.0,18.0,8.0,16.0,2.0,4.0,0.0,25.0,29.5,21.0,2.32,0.6315128325045329,27.49,22.46,32.69,17.96,36.26,4.7,MODERATE,Orographic Sahyadri Elevation Gradient,Manual demo override,MANUAL_OVERRIDE,,2026-09-09,,,,NOT_REQUESTED,27.6,19.1,71.0
MH_487_551033,Dhargaon,Dhargaon,Igatpuri,Nashik,19.78526,73.51028,84.14,17.33,44.9,834.2,58.4,764.1,904.2,14.5,207.4,52.0,18.0,8.0,16.0,2.0,4.0,0.0,25.0,29.5,21.0,2.32,1.129627877762798,27.87,22.53,33.3,18.18,35.96,4.56,MODERATE,Orographic Sahyadri Elevation Gradient,Manual demo override,MANUAL_OVERRIDE,,2026-09-09,,,,NOT_REQUESTED,27.3,18.8,71.1
MH_487_551022,Mhasurli,Mhasurli,Igatpuri,Nashik,19.82896,73.53442,85.56,12.36,43.9,821.7,57.5,752.7,890.7,14.5,208.4,52.0,18.0,8.0,16.0,2.0,4.0,0.0,25.0,29.5,21.0,2.33,0.8894429463083101,27.66,23.22,32.25,17.5,35.78,4.62,MODERATE,Orographic Sahyadri Elevation Gradient,Manual demo override,MANUAL_OVERRIDE,,2026-09-09,,,,NOT_REQUESTED,27.4,18.9,71.1
MH_487_551032,Nagosali,Nagosali,Igatpuri,Nashik,19.80611,73.53443,86.06,14.9,43.9,820.6,57.4,751.7,889.5,14.5,208.4,52.0,18.0,8.0,16.0,2.0,4.0,0.0,25.0,29.5,21.0,2.33,1.0380754451965433,27.82,23.51,32.3,18.0,36.74,4.77,MODERATE,Orographic Sahyadri Elevation Gradient,Manual demo override,MANUAL_OVERRIDE,,2026-09-09,,,,NOT_REQUESTED,27.4,18.9,71.1
MH_487_551034,Walvihir,Walvihir,Igatpuri,Nashik,19.76851,73.53687,87.3,19.08,43.8,817.5,57.2,748.8,886.1,14.5,208.5,52.0,18.0,8.0,16.0,2.0,4.0,0.0,25.0,29.5,21.0,2.33,1.281679545374795,27.99,23.51,32.25,18.44,36.44,4.58,MODERATE,Orographic Sahyadri Elevation Gradient,Manual demo override,MANUAL_OVERRIDE,,2026-09-09,,,,NOT_REQUESTED,27.4,18.9,71.2
MH_487_551078,Tringalwadi,Tringalwadi,Igatpuri,Nashik,19.73626,73.54626,86.67,22.72,43.1,810.4,56.7,742.3,878.4,14.5,208.9,52.0,18.0,8.0,16.0,2.0,4.0,0.0,25.0,29.5,21.0,2.76,1.498198029513665,28.63,23.44,33.71,18.76,37.63,4.82,MODERATE,Orographic Sahyadri Elevation Gradient,Manual demo override,MANUAL_OVERRIDE,,2026-09-09,,,,NOT_REQUESTED,27.4,18.9,71.5
MH_487_551083,Chinchale Khair,Chinchale Khair,Igatpuri,Nashik,19.72306,73.50706,82.33,24.24,45.0,833.3,58.3,763.3,903.3,14.5,207.3,52.0,18.0,8.0,16.0,2.0,4.0,0.0,25.0,29.5,21.0,2.32,1.480557097900575,28.25,22.7,33.23,18.54,36.15,4.66,MODERATE,Orographic Sahyadri Elevation Gradient,Manual demo override,MANUAL_OVERRIDE,,2026-09-09,,,,NOT_REQUESTED,27.3,18.8,71.3
MH_487_551080,Balayduri,Balayduri,Igatpuri,Nashik,19.71504,73.59069,89.95,25.81,38.2,782.8,54.8,717.0,848.5,14.5,210.8,52.0,18.0,8.0,16.0,2.0,4.0,0.0,25.0,29.5,21.0,3.41,1.6433678603500597,29.47,24.15,34.13,20.98,37.84,4.45,MODERATE,Orographic Sahyadri Elevation Gradient,Manual demo override,MANUAL_OVERRIDE,,2026-09-09,,,,NOT_REQUESTED,27.6,19.1,71.8
MH_487_551084,Awal Khed,Awal Khed,Igatpuri,Nashik,19.71743,73.53084,84.32,24.75,44.2,818.8,57.3,750.0,887.5,14.5,208.3,52.0,18.0,8.0,16.0,2.0,4.0,0.0,25.0,29.5,21.0,2.33,1.5717031924424782,28.0,22.62,33.96,18.09,36.11,4.68,MODERATE,Orographic Sahyadri Elevation Gradient,Manual demo override,MANUAL_OVERRIDE,,2026-09-09,,,,NOT_REQUESTED,27.4,18.9,71.2
MH_487_551079,Pardevi,Pardevi,Igatpuri,Nashik,19.72028,73.5766,88.82,24.91,40.0,791.5,55.4,725.0,857.9,14.5,210.2,52.0,18.0,8.0,16.0,2.0,4.0,0.0,25.0,29.5,21.0,2.32,1.625036089280757,28.17,23.21,32.11,17.56,36.86,4.84,MODERATE,Orographic Sahyadri Elevation Gradient,Manual demo override,MANUAL_OVERRIDE,,2026-09-09,,,,NOT_REQUESTED,27.6,19.1,71.3
MH_487_251445,Igatpuri,Igatpuri,Central,Nashik,19.69771,73.55966,86.21,27.12,41.9,800.6,56.0,733.4,867.8,14.5,209.5,12.0,14.0,10.0,58.0,4.0,2.0,0.0,25.0,29.5,21.0,4.5,1.7522453885624547,30.45,25.5,35.0,20.87,39.3,4.77,MODERATE,Orographic Sahyadri Elevation Gradient,Manual demo override,MANUAL_OVERRIDE,,2026-09-09,,,,NOT_REQUESTED,27.5,19.0,72.2
MH_487_551085,Titoli,Titoli,Igatpuri,Nashik,19.69303,73.58816,88.78,28.13,38.5,783.3,54.8,717.5,849.1,14.5,210.7,52.0,18.0,8.0,16.0,2.0,4.0,0.0,25.0,29.5,21.0,3.41,1.7374202906207568,29.29,23.88,34.81,19.55,38.15,4.79,MODERATE,Orographic Sahyadri Elevation Gradient,Manual demo override,MANUAL_OVERRIDE,,2026-09-09,,,,NOT_REQUESTED,27.6,19.1,71.7
MH_487_551087,Bortembhe,Bortembhe,Igatpuri,Nashik,19.69638,73.60519,90.58,28.21,36.1,773.2,54.1,708.3,838.1,14.5,211.4,52.0,18.0,8.0,16.0,2.0,4.0,0.0,25.0,29.5,21.0,3.41,1.700872819365981,29.59,24.41,34.6,20.64,38.1,4.56,MODERATE,Orographic Sahyadri Elevation Gradient,Manual demo override,MANUAL_OVERRIDE,,2026-09-09,,,,NOT_REQUESTED,27.7,19.2,71.8
MH_487_551086,Takeghoti,Takeghoti,Igatpuri,Nashik,19.7072,73.60084,90.6,26.93,36.7,776.3,54.3,711.2,841.5,14.5,211.2,52.0,18.0,8.0,16.0,2.0,4.0,0.0,25.0,29.5,21.0,3.41,1.6665038620875117,29.52,24.8,34.6,20.05,38.03,4.6,MODERATE,Orographic Sahyadri Elevation Gradient,Manual demo override,MANUAL_OVERRIDE,,2026-09-09,,,,NOT_REQUESTED,27.7,19.2,71.8
MH_487_551077,Adwan,Adwan,Igatpuri,Nashik,19.73242,73.59648,91.27,24.11,37.4,780.1,54.6,714.5,845.6,14.5,211.1,52.0,18.0,8.0,16.0,2.0,4.0,0.0,25.0,29.5,21.0,2.32,1.5501957532182313,28.14,24.3,32.4,18.38,36.72,4.37,MODERATE,Orographic Sahyadri Elevation Gradient,Manual demo override,MANUAL_OVERRIDE,,2026-09-09,,,,NOT_REQUESTED,27.7,19.2,71.3
MH_487_551038,Pimpalgaon Bhatata,Pimpalgaon Bhatata,Igatpuri,Nashik,19.75437,73.57241,90.01,21.11,40.5,795.5,55.7,728.7,862.3,14.5,210.0,52.0,18.0,8.0,16.0,2.0,4.0,0.0,25.0,29.5,21.0,2.32,1.4180467316970191,28.1,23.65,33.91,18.61,36.2,4.59,MODERATE,Orographic Sahyadri Elevation Gradient,Manual demo override,MANUAL_OVERRIDE,,2026-09-09,,,,NOT_REQUESTED,27.6,19.1,71.2
MH_487_551040,Dharnoli,Dharnoli,Igatpuri,Nashik,19.74555,73.59092,91.34,22.54,38.1,784.0,54.9,718.1,849.9,14.5,210.8,52.0,18.0,8.0,16.0,2.0,4.0,0.0,25.0,29.5,21.0,2.32,1.47890357374105,28.44,23.82,33.06,19.52,36.99,4.64,MODERATE,Orographic Sahyadri Elevation Gradient,Manual demo override,MANUAL_OVERRIDE,,2026-09-09,,,,NOT_REQUESTED,27.6,19.1,71.4
MH_487_551035,Bhavli Bk,Bhavli Bk,Igatpuri,Nashik,19.77851,73.57156,90.54,18.48,40.6,797.1,55.8,730.1,864.1,14.5,210.0,52.0,18.0,8.0,16.0,2.0,4.0,0.0,25.0,29.5,21.0,2.32,1.268541593301867,27.8,23.58,32.1,18.61,35.55,4.42,MODERATE,Orographic Sahyadri Elevation Gradient,Manual demo override,MANUAL_OVERRIDE,,2026-09-09,,,,NOT_REQUESTED,27.5,19.0,71.1
MH_487_551030,Saturli,Saturli,Igatpuri,Nashik,19.8029,73.56461,89.23,15.67,41.4,802.4,56.2,734.9,869.8,14.5,209.7,52.0,18.0,8.0,16.0,2.0,4.0,0.0,25.0,29.5,21.0,2.76,1.1072054329918806,28.11,23.15,32.79,17.94,36.48,4.7,MODERATE,Orographic Sahyadri Elevation Gradient,Manual demo override,MANUAL_OVERRIDE,,2026-09-09,,,,NOT_REQUESTED,27.5,19.0,71.2
MH_487_551029,Awali Dumala,Awali Dumala,Igatpuri,Nashik,19.80289,73.57365,90.15,15.91,40.4,796.9,55.8,730.0,863.9,14.5,210.1,52.0,18.0,8.0,16.0,2.0,4.0,0.0,25.0,29.5,21.0,2.32,1.1207361913539573,27.8,23.54,32.15,18.2,36.01,4.73,MODERATE,Orographic Sahyadri Elevation Gradient,Manual demo override,MANUAL_OVERRIDE,,2026-09-09,,,,NOT_REQUESTED,27.6,19.1,71.1
MH_487_551037,Korapgaon,Korapgaon,Igatpuri,Nashik,19.76813,73.58649,92.0,20.0,38.7,787.7,55.1,721.6,853.8,14.5,210.6,52.0,18.0,8.0,16.0,2.0,4.0,0.0,25.0,29.5,21.0,2.32,1.3456711978430103,27.86,23.62,33.11,18.48,35.73,4.54,MODERATE,Orographic Sahyadri Elevation Gradient,Manual demo override,MANUAL_OVERRIDE,,2026-09-09,,,,NOT_REQUESTED,27.6,19.1,71.1
MH_487_551039,Kurnoli,Kurnoli,Igatpuri,Nashik,19.7581,73.60056,92.84,21.53,36.8,778.8,54.5,713.4,844.2,14.5,211.2,52.0,18.0,8.0,16.0,2.0,4.0,0.0,25.0,29.5,21.0,2.32,1.410068919625012,28.17,23.28,33.39,18.19,36.94,4.8,MODERATE,Orographic Sahyadri Elevation Gradient,Manual demo override,MANUAL_OVERRIDE,,2026-09-09,,,,NOT_REQUESTED,27.7,19.2,71.3
MH_487_551064,Waki,Waki,Igatpuri,Nashik,19.7477,73.6173,93.95,23.25,34.2,768.3,53.8,703.7,832.8,14.5,211.9,52.0,18.0,8.0,16.0,2.0,4.0,0.0,25.0,29.5,21.0,2.32,1.4645848549944507,27.93,22.74,32.42,18.86,36.61,4.68,MODERATE,Orographic Sahyadri Elevation Gradient,Manual demo override,MANUAL_OVERRIDE,,2026-09-09,,,,NOT_REQUESTED,27.7,19.2,71.2
MH_487_551063,Biturli,Biturli,Igatpuri,Nashik,19.7625,73.6185,94.75,21.8,34.0,768.2,53.8,703.7,832.8,14.5,212.0,52.0,18.0,8.0,16.0,2.0,4.0,0.0,25.0,29.5,21.0,2.32,1.3897237727120562,27.94,23.31,32.45,18.57,36.58,4.57,MODERATE,Orographic Sahyadri Elevation Gradient,Manual demo override,MANUAL_OVERRIDE,,2026-09-09,,,,NOT_REQUESTED,27.7,19.2,71.2
MH_487_551027,Rayambe,Rayambe,Igatpuri,Nashik,19.78947,73.59802,92.96,18.19,37.1,781.7,54.7,716.1,847.4,14.5,211.1,52.0,18.0,8.0,16.0,2.0,4.0,0.0,25.0,29.5,21.0,2.32,1.2309363061960485,27.93,23.37,32.92,17.69,36.1,4.75,MODERATE,Orographic Sahyadri Elevation Gradient,Manual demo override,MANUAL_OVERRIDE,,2026-09-09,,,,NOT_REQUESTED,27.6,19.1,71.2
MH_487_551025,Ahurli,Ahurli,Igatpuri,Nashik,19.82231,73.58279,90.67,14.2,39.2,792.3,55.5,725.7,858.9,14.5,210.5,52.0,18.0,8.0,16.0,2.0,4.0,0.0,25.0,29.5,21.0,2.32,1.0164771376616484,27.63,21.81,32.01,17.81,36.0,4.71,MODERATE,Orographic Sahyadri Elevation Gradient,Manual demo override,MANUAL_OVERRIDE,,2026-09-09,,,,NOT_REQUESTED,27.6,19.1,71.1
MH_487_551026,Nandadgaon,Nandadgaon,Igatpuri,Nashik,19.81822,73.5944,91.94,15.12,37.7,785.2,55.0,719.2,851.2,14.5,211.0,52.0,18.0,8.0,16.0,2.0,4.0,0.0,25.0,29.5,21.0,2.32,1.0598361463311423,27.7,23.33,32.31,18.58,35.55,4.3,MODERATE,Orographic Sahyadri Elevation Gradient,Manual demo override,MANUAL_OVERRIDE,,2026-09-09,,,,NOT_REQUESTED,27.6,19.1,71.1
MH_487_551036,Kawanai,Kawanai,Igatpuri,Nashik,19.78905,73.61934,95.15,19.21,33.8,768.9,53.8,704.3,833.5,14.5,212.0,52.0,18.0,8.0,16.0,2.0,4.0,0.0,25.0,29.5,21.0,2.32,1.251724247722697,27.62,22.97,32.6,17.81,36.58,4.68,MODERATE,Orographic Sahyadri Elevation Gradient,Manual demo override,MANUAL_OVERRIDE,,2026-09-09,,,,NOT_REQUESTED,27.7,19.2,71.0
MH_487_551024,Wanjole,Wanjole,Igatpuri,Nashik,19.83167,73.57111,89.28,12.79,40.7,799.8,56.0,732.6,867.0,14.5,210.0,52.0,18.0,8.0,16.0,2.0,4.0,0.0,25.0,29.5,21.0,2.48,0.9381220180545035,27.96,22.6,33.64,18.33,36.5,4.6,MODERATE,Orographic Sahyadri Elevation Gradient,Manual demo override,MANUAL_OVERRIDE,,2026-09-09,,,,NOT_REQUESTED,27.5,19.0,71.2
MH_487_551041,Kusegaon,Kusegaon,Igatpuri,Nashik,19.86674,73.57807,89.4,9.57,39.8,797.2,55.8,730.2,864.1,14.5,210.3,52.0,18.0,8.0,16.0,2.0,4.0,0.0,25.0,29.5,21.0,2.32,0.7375570037281165,27.38,22.46,31.72,17.72,35.46,4.58,MODERATE,Orographic Sahyadri Elevation Gradient,Manual demo override,MANUAL_OVERRIDE,,2026-09-09,,,,NOT_REQUESTED,27.5,19.0,71.0
MH_487_551042,Shirsate,Shirsate,Igatpuri,Nashik,19.8654,73.6043,92.14,11.36,36.2,781.4,54.7,715.7,847.0,14.5,211.4,52.0,18.0,8.0,16.0,2.0,4.0,0.0,25.0,29.5,21.0,2.32,0.8127635693194357,27.3,22.39,31.85,18.17,35.94,4.43,MODERATE,Orographic Sahyadri Elevation Gradient,Manual demo override,MANUAL_OVERRIDE,,2026-09-09,,,,NOT_REQUESTED,27.7,19.2,70.9
MH_487_551043,Modale,Modale,Igatpuri,Nashik,19.85848,73.62139,94.01,13.17,33.5,770.8,54.0,706.0,835.6,14.5,212.1,52.0,18.0,8.0,16.0,2.0,4.0,0.0,25.0,29.5,21.0,2.32,0.891171428929518,27.49,22.64,32.2,17.27,36.66,4.91,MODERATE,Orographic Sahyadri Elevation Gradient,Manual demo override,MANUAL_OVERRIDE,,2026-09-09,,,,NOT_REQUESTED,27.7,19.2,71.0
MH_487_551052,Sanjegaon,Sanjegaon,Igatpuri,Nashik,19.82806,73.61544,93.91,15.32,34.5,773.0,54.1,708.1,837.9,14.5,211.8,52.0,18.0,8.0,16.0,2.0,4.0,0.0,25.0,29.5,21.0,2.32,1.0387939461569555,27.75,23.47,32.56,17.61,35.76,4.64,MODERATE,Orographic Sahyadri Elevation Gradient,Manual demo override,MANUAL_OVERRIDE,,2026-09-09,,,,NOT_REQUESTED,27.7,19.2,71.1
MH_487_550926,Dahalewadi,Dahalewadi,Trimbakeshwar,Nashik,19.89782,73.45729,76.45,8.93,43.4,871.0,61.0,797.8,944.2,14.5,205.2,52.0,18.0,8.0,16.0,2.0,4.0,0.0,25.0,29.5,21.0,1.39,0.3718882457582744,26.12,21.28,31.05,15.84,35.05,4.73,MODERATE,Orographic Sahyadri Elevation Gradient,Manual demo override,MANUAL_OVERRIDE,,2026-09-09,,,,NOT_REQUESTED,27.1,18.6,70.4
MH_487_550944,Met Yelyachi,Met Yelyachi,Trimbakeshwar,Nashik,19.76649,73.46382,80.01,20.5,43.8,861.2,60.3,788.8,933.6,14.5,205.5,52.0,18.0,8.0,16.0,2.0,4.0,0.0,25.0,29.5,21.0,1.48,1.1555220675478595,26.85,22.35,31.55,17.13,35.06,4.67,MODERATE,Orographic Sahyadri Elevation Gradient,Manual demo override,MANUAL_OVERRIDE,,2026-09-09,,,,NOT_REQUESTED,27.1,18.6,70.7
MH_487_550991,Ambebahula,Ambebahula,Nashik,Nashik,19.8875,73.72808,104.74,13.11,1.6,708.1,49.6,648.6,767.6,14.5,216.6,8.0,6.0,4.0,72.0,6.0,4.0,0.0,25.0,29.5,21.0,2.57,1.009220943780196,27.83,23.04,32.91,17.86,36.49,4.74,MODERATE,Orographic Sahyadri Elevation Gradient,Manual demo override,MANUAL_OVERRIDE,,2026-09-09,,,,NOT_REQUESTED,28.1,19.6,71.1
MH_487_550989,Dahegaon,Dahegaon,Nashik,Nashik,19.89501,73.64883,96.41,13.39,28.9,756.0,52.9,692.5,819.5,14.5,213.3,8.0,6.0,4.0,72.0,6.0,4.0,0.0,25.0,29.5,21.0,2.57,0.7957324222931552,27.62,22.48,31.37,17.04,35.28,4.65,MODERATE,Orographic Sahyadri Elevation Gradient,Manual demo override,MANUAL_OVERRIDE,,2026-09-09,,,,NOT_REQUESTED,27.8,19.3,71.0
MH_487_550985,Pimplad Nashik,Pimplad Nashik,Nashik,Nashik,19.91426,73.68373,99.88,13.94,2.6,735.9,51.5,674.1,797.7,14.5,214.7,8.0,6.0,4.0,72.0,6.0,4.0,0.0,25.0,29.5,21.0,2.57,0.8292135949202359,27.68,22.58,32.87,18.28,36.26,4.7,MODERATE,Orographic Sahyadri Elevation Gradient,Manual demo override,MANUAL_OVERRIDE,,2026-09-09,,,,NOT_REQUESTED,27.9,19.4,71.1
MH_487_550987,Rajur Bahula,Rajur Bahula,Nashik,Nashik,19.90886,73.71099,102.77,12.23,2.0,719.3,50.4,658.8,779.8,14.5,215.9,8.0,6.0,4.0,72.0,6.0,4.0,0.0,25.0,29.5,21.0,2.57,0.9187126684991551,27.76,22.22,31.91,17.87,35.97,4.75,MODERATE,Orographic Sahyadri Elevation Gradient,Manual demo override,MANUAL_OVERRIDE,,2026-09-09,,,,NOT_REQUESTED,28.0,19.5,71.1
MH_487_550990,Gaulane,Gaulane,Nashik,Nashik,19.89749,73.75443,107.39,10.94,1.0,692.7,48.5,634.5,750.9,14.5,217.7,8.0,6.0,4.0,72.0,6.0,4.0,0.0,25.0,29.5,21.0,2.57,1.0265590238933904,28.06,23.06,33.09,18.86,35.45,4.53,MODERATE,Orographic Sahyadri Elevation Gradient,Manual demo override,MANUAL_OVERRIDE,,2026-09-09,,,,NOT_REQUESTED,28.2,19.7,71.2
MH_487_551017,Vanjarwadi,Vanjarwadi,Nashik,Nashik,19.82771,73.77669,110.58,18.1,0.5,676.2,47.3,619.5,733.0,14.5,218.6,8.0,6.0,4.0,72.0,6.0,4.0,0.0,25.0,29.5,21.0,2.57,1.1884475755938517,28.0,23.74,32.86,18.77,36.41,4.52,MODERATE,Orographic Sahyadri Elevation Gradient,Manual demo override,MANUAL_OVERRIDE,,2026-09-09,,,,NOT_REQUESTED,28.3,19.8,71.2
MH_487_551016,Lohshingve,Lohshingve,Nashik,Nashik,19.83356,73.79513,112.39,17.4,0.1,665.4,46.6,609.5,721.4,14.5,219.4,8.0,6.0,4.0,72.0,6.0,4.0,0.0,25.0,29.5,21.0,2.57,1.1725801217505774,27.88,23.27,33.99,18.92,35.91,4.6,MODERATE,Orographic Sahyadri Elevation Gradient,Manual demo override,MANUAL_OVERRIDE,,2026-09-09,,,,NOT_REQUESTED,28.4,19.9,71.2
MH_487_551015,Lahvit,Lahvit,Nashik,Nashik,19.84184,73.82438,115.3,16.86,-0.5,557.1,39.0,510.3,603.9,3.2,220.6,8.0,6.0,4.0,72.0,6.0,4.0,0.0,25.0,29.5,21.0,1.03,1.1422722961933458,26.46,21.86,31.12,17.18,34.38,4.51,MODERATE,Horticultural Orchard Microclimate,Manual demo override,MANUAL_OVERRIDE,,2026-09-09,,,,NOT_REQUESTED,29.1,20.6,70.6
MH_487_551014,Bhagur Rural,Bhagur Rural,Nashik,Nashik,19.85972,73.83992,116.68,15.4,-0.9,555.2,38.9,508.5,601.9,3.2,221.3,8.0,6.0,4.0,72.0,6.0,4.0,0.0,25.0,29.5,21.0,2.57,1.0984722184046274,28.04,23.6,32.86,18.45,36.2,4.57,MODERATE,Horticultural Orchard Microclimate,Manual demo override,MANUAL_OVERRIDE,,2026-09-09,,,,NOT_REQUESTED,29.1,20.6,71.2
MH_487_551054,Mundegaon,Mundegaon,Igatpuri,Nashik,19.77727,73.65185,98.61,22.13,3.3,748.9,52.4,686.0,811.7,14.5,213.4,52.0,18.0,8.0,16.0,2.0,4.0,0.0,25.0,29.5,21.0,2.32,1.3250097525233426,28.0,22.58,33.9,17.92,36.24,4.83,MODERATE,Orographic Sahyadri Elevation Gradient,Manual demo override,MANUAL_OVERRIDE,,2026-09-09,,,,NOT_REQUESTED,27.9,19.4,71.2
MH_487_277292,Deolali,Deolali,Central,Nashik,19.88176,73.79133,111.38,12.04,0.2,669.9,46.9,613.6,726.2,14.5,219.2,12.0,14.0,10.0,58.0,4.0,2.0,0.0,25.0,29.5,21.0,2.63,1.081368636221663,27.86,22.91,32.46,17.93,36.77,4.64,MODERATE,Orographic Sahyadri Elevation Gradient,Manual demo override,MANUAL_OVERRIDE,,2026-09-09,,,,NOT_REQUESTED,28.4,19.9,71.1
MH_487_551081,Senvad Bk,Senvad Bk,Igatpuri,Nashik,19.68921,73.66121,95.8,31.08,3.1,739.3,51.8,677.1,801.4,14.5,213.8,52.0,18.0,8.0,16.0,2.0,4.0,0.0,25.0,29.5,21.0,3.41,1.6503726723814396,29.54,24.55,34.7,19.84,38.88,4.75,MODERATE,Orographic Sahyadri Elevation Gradient,Manual demo override,MANUAL_OVERRIDE,,2026-09-09,,,,NOT_REQUESTED,28.3,19.8,71.8
MH_487_551082,Khairgaon,Khairgaon,Igatpuri,Nashik,19.70456,73.66773,97.03,29.88,3.0,736.1,51.5,674.3,797.9,14.5,214.0,52.0,18.0,8.0,16.0,2.0,4.0,0.0,25.0,29.5,21.0,3.41,1.5972792432127685,29.41,24.21,34.07,19.28,38.12,4.8,MODERATE,Orographic Sahyadri Elevation Gradient,Manual demo override,MANUAL_OVERRIDE,,2026-09-09,,,,NOT_REQUESTED,28.3,19.8,71.8
MH_487_551076,Deole,Deole,Igatpuri,Nashik,19.72007,73.65409,96.31,27.69,3.3,744.9,52.1,682.4,807.5,14.5,213.5,52.0,18.0,8.0,16.0,2.0,4.0,0.0,25.0,29.5,21.0,3.41,1.5588343820376962,29.12,23.67,34.62,19.99,37.16,4.57,MODERATE,Orographic Sahyadri Elevation Gradient,Manual demo override,MANUAL_OVERRIDE,,2026-09-09,,,,NOT_REQUESTED,27.9,19.4,71.6
MH_487_551088,Kanchangaon,Kanchangaon,Igatpuri,Nashik,19.68884,73.64077,93.77,30.24,30.3,751.5,52.6,688.4,814.7,14.5,212.9,52.0,18.0,8.0,16.0,2.0,4.0,0.0,25.0,29.5,21.0,3.41,1.676581186104458,29.38,25.1,34.72,19.12,37.9,4.82,MODERATE,Orographic Sahyadri Elevation Gradient,Manual demo override,MANUAL_OVERRIDE,,2026-09-09,,,,NOT_REQUESTED,28.2,19.7,71.8
MH_487_551065,Khambale,Khambale,Igatpuri,Nashik,19.73286,73.6316,94.67,25.37,31.8,759.0,53.1,695.3,822.7,14.5,212.5,52.0,18.0,8.0,16.0,2.0,4.0,0.0,25.0,29.5,21.0,2.32,1.5266289867605343,28.04,23.11,32.82,18.18,36.77,4.68,MODERATE,Orographic Sahyadri Elevation Gradient,Manual demo override,MANUAL_OVERRIDE,,2026-09-09,,,,NOT_REQUESTED,27.8,19.3,71.2
MH_487_551053,Manik Khamb,Manik Khamb,Igatpuri,Nashik,19.75504,73.63937,96.39,23.53,30.5,755.4,52.9,691.9,818.8,14.5,212.9,52.0,18.0,8.0,16.0,2.0,4.0,0.0,25.0,29.5,21.0,2.32,1.424754160553878,28.17,23.18,32.9,18.28,36.95,4.81,MODERATE,Orographic Sahyadri Elevation Gradient,Manual demo override,MANUAL_OVERRIDE,,2026-09-09,,,,NOT_REQUESTED,27.8,19.3,71.3
MH_487_551051,Mukane,Mukane,Igatpuri,Nashik,19.80395,73.64935,97.89,19.61,28.8,751.6,52.6,688.4,814.7,14.5,213.3,52.0,18.0,8.0,16.0,2.0,4.0,0.0,25.0,29.5,21.0,2.32,1.202410031309039,27.7,24.11,33.17,17.98,36.18,4.66,MODERATE,Orographic Sahyadri Elevation Gradient,Manual demo override,MANUAL_OVERRIDE,,2026-09-09,,,,NOT_REQUESTED,27.8,19.3,71.1
MH_487_551068,Waghere,Waghere,Igatpuri,Nashik,19.76492,73.68549,101.25,25.37,2.6,728.1,51.0,666.9,789.3,14.5,214.8,52.0,18.0,8.0,16.0,2.0,4.0,0.0,25.0,29.5,21.0,2.32,1.3760799155224628,27.87,23.07,32.45,18.42,36.65,4.64,MODERATE,Orographic Sahyadri Elevation Gradient,Manual demo override,MANUAL_OVERRIDE,,2026-09-09,,,,NOT_REQUESTED,28.0,19.5,71.1
MH_487_551070,Garudeshwar,Garudeshwar,Igatpuri,Nashik,19.77387,73.70116,103.15,25.72,2.2,719.1,50.3,658.8,779.5,14.5,215.4,52.0,18.0,8.0,16.0,2.0,4.0,0.0,25.0,29.5,21.0,3.41,1.3422380607453746,29.01,24.23,33.91,18.77,37.87,4.77,MODERATE,Orographic Sahyadri Elevation Gradient,Manual demo override,MANUAL_OVERRIDE,,2026-09-09,,,,NOT_REQUESTED,28.1,19.6,71.6
MH_487_551071,Malunje,Malunje,Igatpuri,Nashik,19.76108,73.72064,104.47,26.47,1.8,706.9,49.5,647.5,766.3,14.5,216.3,52.0,18.0,8.0,16.0,2.0,4.0,0.0,25.0,29.5,21.0,3.41,1.3794329369620828,29.07,24.13,33.57,18.94,37.15,4.64,MODERATE,Orographic Sahyadri Elevation Gradient,Manual demo override,MANUAL_OVERRIDE,,2026-09-09,,,,NOT_REQUESTED,28.1,19.6,71.6
MH_487_551074,Somaj,Somaj,Igatpuri,Nashik,19.74584,73.69381,101.23,27.56,2.4,722.3,50.6,661.6,783.0,14.5,215.1,52.0,18.0,8.0,16.0,2.0,4.0,0.0,25.0,29.5,21.0,3.41,1.4405920220909367,29.35,25.42,35.24,19.38,37.93,4.77,MODERATE,Orographic Sahyadri Elevation Gradient,Manual demo override,MANUAL_OVERRIDE,,2026-09-09,,,,NOT_REQUESTED,28.0,19.5,71.7
MH_487_551073,Mogare,Mogare,Igatpuri,Nashik,19.7437,73.70678,102.4,28.61,2.1,714.4,50.0,654.4,774.4,14.5,215.7,52.0,18.0,8.0,16.0,2.0,4.0,0.0,25.0,29.5,21.0,3.41,1.4405746816814198,29.25,24.15,34.84,19.25,36.98,4.57,MODERATE,Orographic Sahyadri Elevation Gradient,Manual demo override,MANUAL_OVERRIDE,,2026-09-09,,,,NOT_REQUESTED,28.1,19.6,71.7
MH_487_551072,Samnere,Samnere,Igatpuri,Nashik,19.74554,73.729,104.64,27.92,1.6,701.2,49.1,642.2,760.1,14.5,216.6,52.0,18.0,8.0,16.0,2.0,4.0,0.0,25.0,29.5,21.0,3.41,1.421818522710042,29.23,24.89,33.21,19.26,38.21,4.7,MODERATE,Orographic Sahyadri Elevation Gradient,Manual demo override,MANUAL_OVERRIDE,,2026-09-09,,,,NOT_REQUESTED,28.2,19.7,71.7
MH_487_551069,Senvad Kh,Senvad Kh,Igatpuri,Nashik,19.78666,73.69454,102.9,24.22,2.4,723.7,50.7,662.8,784.5,14.5,215.2,52.0,18.0,8.0,16.0,2.0,4.0,0.0,25.0,29.5,21.0,2.32,1.2966809167787638,27.94,23.15,32.65,18.34,36.87,4.62,MODERATE,Orographic Sahyadri Elevation Gradient,Manual demo override,MANUAL_OVERRIDE,,2026-09-09,,,,NOT_REQUESTED,28.0,19.5,71.2
MH_487_551055,Padli Deshmukh,Padli Deshmukh,Igatpuri,Nashik,19.80134,73.68391,101.49,22.29,2.6,730.7,51.1,669.4,792.0,14.5,214.7,52.0,18.0,8.0,16.0,2.0,4.0,0.0,25.0,29.5,21.0,2.32,1.2379660783380009,28.06,23.61,32.48,18.7,36.38,4.49,MODERATE,Orographic Sahyadri Elevation Gradient,Manual demo override,MANUAL_OVERRIDE,,2026-09-09,,,,NOT_REQUESTED,28.0,19.5,71.2
MH_487_551056,Janori,Janori,Igatpuri,Nashik,19.80605,73.70313,103.37,22.38,2.2,719.4,50.4,658.9,779.9,14.5,215.5,52.0,18.0,8.0,16.0,2.0,4.0,0.0,25.0,29.5,21.0,2.32,1.2307224801931012,28.01,22.37,32.71,18.74,35.96,4.6,MODERATE,Orographic Sahyadri Elevation Gradient,Manual demo override,MANUAL_OVERRIDE,,2026-09-09,,,,NOT_REQUESTED,28.1,19.6,71.2
MH_487_551057,Laxminagar,Laxminagar,Igatpuri,Nashik,19.79865,73.71143,104.38,22.81,2.0,714.1,50.0,654.1,774.1,14.5,215.9,52.0,18.0,8.0,16.0,2.0,4.0,0.0,25.0,29.5,21.0,2.32,1.2590264511637854,27.81,23.11,32.23,18.69,36.53,4.57,MODERATE,Orographic Sahyadri Elevation Gradient,Manual demo override,MANUAL_OVERRIDE,,2026-09-09,,,,NOT_REQUESTED,28.1,19.6,71.1
MH_487_551061,Nandgaon Bk,Nandgaon Bk,Igatpuri,Nashik,19.79787,73.72957,106.26,22.28,1.6,703.2,49.2,644.1,762.2,14.5,216.6,52.0,18.0,8.0,16.0,2.0,4.0,0.0,25.0,29.5,21.0,2.32,1.2649755957111815,27.9,23.49,32.55,18.05,36.44,4.67,MODERATE,Orographic Sahyadri Elevation Gradient,Manual demo override,MANUAL_OVERRIDE,,2026-09-09,,,,NOT_REQUESTED,28.2,19.7,71.2
MH_487_551058,Krishnanagar,Krishnanagar,Igatpuri,Nashik,19.80383,73.72939,106.12,21.65,1.6,703.5,49.2,644.5,762.6,14.5,216.6,52.0,18.0,8.0,16.0,2.0,4.0,0.0,25.0,29.5,21.0,2.32,1.246927145567616,27.96,22.52,33.69,18.68,36.53,4.73,MODERATE,Orographic Sahyadri Elevation Gradient,Manual demo override,MANUAL_OVERRIDE,,2026-09-09,,,,NOT_REQUESTED,28.2,19.7,71.2
MH_487_551044,Gadgadsangvi,Gadgadsangvi,Igatpuri,Nashik,19.87334,73.64811,96.58,14.4,29.0,755.4,52.9,692.0,818.9,14.5,213.2,52.0,18.0,8.0,16.0,2.0,4.0,0.0,25.0,29.5,21.0,2.32,0.8855691288202735,27.68,23.15,32.11,18.43,36.43,4.59,MODERATE,Orographic Sahyadri Elevation Gradient,Manual demo override,MANUAL_OVERRIDE,,2026-09-09,,,,NOT_REQUESTED,27.8,19.3,71.1
MH_487_551045,Murambi,Murambi,Igatpuri,Nashik,19.84122,73.64675,96.91,16.42,29.3,754.8,52.8,691.4,818.2,14.5,213.2,52.0,18.0,8.0,16.0,2.0,4.0,0.0,25.0,29.5,21.0,2.32,1.0267729340647067,27.61,23.32,32.69,17.94,35.57,4.5,MODERATE,Orographic Sahyadri Elevation Gradient,Manual demo override,MANUAL_OVERRIDE,,2026-09-09,,,,NOT_REQUESTED,27.8,19.3,71.0
MH_487_551047,Lahamagewadi,Lahamagewadi,Igatpuri,Nashik,19.88004,73.69375,101.24,15.83,2.4,728.4,51.0,667.2,789.6,14.5,215.1,52.0,18.0,8.0,16.0,2.0,4.0,0.0,25.0,29.5,21.0,2.32,0.965413582684356,27.53,21.91,32.91,18.92,35.36,4.46,MODERATE,Orographic Sahyadri Elevation Gradient,Manual demo override,MANUAL_OVERRIDE,,2026-09-09,,,,NOT_REQUESTED,28.0,19.5,71.0
MH_487_551046,Wadivarhe,Wadivarhe,Igatpuri,Nashik,19.85619,73.6754,99.65,17.83,2.8,738.3,51.7,676.2,800.3,14.5,214.4,52.0,18.0,8.0,16.0,2.0,4.0,0.0,25.0,29.5,21.0,2.32,1.0146925747919404,27.65,23.18,32.28,17.27,36.03,4.84,MODERATE,Orographic Sahyadri Elevation Gradient,Manual demo override,MANUAL_OVERRIDE,,2026-09-09,,,,NOT_REQUESTED,27.9,19.4,71.1
MH_487_551050,Gondedumala,Gondedumala,Igatpuri,Nashik,19.83004,73.68347,100.9,20.17,2.6,732.3,51.3,670.7,793.8,14.5,214.7,52.0,18.0,8.0,16.0,2.0,4.0,0.0,25.0,29.5,21.0,2.32,1.1272373728116014,27.84,23.09,32.88,18.41,37.02,4.62,MODERATE,Orographic Sahyadri Elevation Gradient,Manual demo override,MANUAL_OVERRIDE,,2026-09-09,,,,NOT_REQUESTED,28.0,19.5,71.1
MH_487_551049,Kurhegaon,Kurhegaon,Igatpuri,Nashik,19.83164,73.69941,102.52,19.99,2.3,722.8,50.6,662.1,783.5,14.5,215.4,52.0,18.0,8.0,16.0,2.0,4.0,0.0,25.0,29.5,21.0,2.32,1.138761010165941,27.74,22.89,32.58,18.72,35.82,4.62,MODERATE,Orographic Sahyadri Elevation Gradient,Manual demo override,MANUAL_OVERRIDE,,2026-09-09,,,,NOT_REQUESTED,28.0,19.5,71.1
MH_487_551048,Belgaon Kurhe,Belgaon Kurhe,Igatpuri,Nashik,19.844,73.7161,104.04,17.98,1.9,713.3,49.9,653.4,773.2,14.5,216.1,52.0,18.0,8.0,16.0,2.0,4.0,0.0,25.0,29.5,21.0,2.32,1.1154842987300466,27.72,23.09,32.37,17.37,35.78,4.7,MODERATE,Orographic Sahyadri Elevation Gradient,Manual demo override,MANUAL_OVERRIDE,,2026-09-09,,,,NOT_REQUESTED,28.1,19.6,71.1
MH_487_551059,Nandurvaidya,Nandurvaidya,Igatpuri,Nashik,19.82577,73.74169,106.99,18.95,1.3,697.1,48.8,638.6,755.7,14.5,217.2,52.0,18.0,8.0,16.0,2.0,4.0,0.0,25.0,29.5,21.0,2.32,1.1871722034652579,27.89,23.03,32.37,18.06,36.1,4.7,MODERATE,Orographic Sahyadri Elevation Gradient,Manual demo override,MANUAL_OVERRIDE,,2026-09-09,,,,NOT_REQUESTED,28.2,19.7,71.2
MH_487_551060,Sakur,Sakur,Igatpuri,Nashik,19.79586,73.77302,110.77,21.66,0.6,677.0,47.4,620.1,733.9,14.5,218.5,52.0,18.0,8.0,16.0,2.0,4.0,0.0,25.0,29.5,21.0,2.32,1.2652494792127889,28.01,23.08,32.31,17.72,35.72,4.48,MODERATE,Orographic Sahyadri Elevation Gradient,Manual demo override,MANUAL_OVERRIDE,,2026-09-09,,,,NOT_REQUESTED,28.3,19.8,71.2
MH_487_551066,Daundat,Daundat,Igatpuri,Nashik,19.7352,73.66155,97.66,26.61,3.1,741.2,51.9,678.9,803.4,14.5,213.8,52.0,18.0,8.0,16.0,2.0,4.0,0.0,25.0,29.5,21.0,3.41,1.4971227016583153,29.36,24.16,33.94,18.68,38.54,4.85,MODERATE,Orographic Sahyadri Elevation Gradient,Manual demo override,MANUAL_OVERRIDE,,2026-09-09,,,,NOT_REQUESTED,27.9,19.4,71.7
MH_487_551109,Shenit,Shenit,Igatpuri,Nashik,19.80921,73.80677,114.0,20.18,-0.2,559.2,39.1,512.3,606.1,3.2,219.9,52.0,18.0,8.0,16.0,2.0,4.0,0.0,25.0,29.5,21.0,2.33,1.2185962422601015,27.9,23.22,33.54,18.04,36.43,4.67,MODERATE,Rain-Shadow Plateau Topography,Manual demo override,MANUAL_OVERRIDE,,2026-09-09,,,,NOT_REQUESTED,29.1,20.6,71.2
MH_487_551062,Ghoti Kh,Ghoti Kh,Igatpuri,Nashik,19.76805,73.76001,108.58,24.88,0.9,683.6,47.8,626.2,740.9,14.5,217.9,52.0,18.0,8.0,16.0,2.0,4.0,0.0,25.0,29.5,21.0,2.32,1.3419623822228863,28.0,23.06,33.71,18.24,36.81,4.8,MODERATE,Orographic Sahyadri Elevation Gradient,Manual demo override,MANUAL_OVERRIDE,,2026-09-09,,,,NOT_REQUESTED,28.3,19.8,71.2
MH_487_551110,Pimpalgaon Dukra,Pimpalgaon Dukra,Igatpuri,Nashik,19.77971,73.79693,112.65,23.39,0.1,661.9,46.3,606.4,717.5,14.5,219.5,52.0,18.0,8.0,16.0,2.0,4.0,0.0,25.0,29.5,21.0,2.33,1.290532315790401,27.97,23.41,32.55,18.25,36.11,4.64,MODERATE,Orographic Sahyadri Elevation Gradient,Manual demo override,MANUAL_OVERRIDE,,2026-09-09,,,,NOT_REQUESTED,28.4,19.9,71.2
MH_487_551113,Kawaddara,Kawaddara,Igatpuri,Nashik,19.76427,73.78541,110.9,25.1,0.3,668.1,46.8,612.0,724.3,14.5,219.0,52.0,18.0,8.0,16.0,2.0,4.0,0.0,25.0,29.5,21.0,2.32,1.335143081757038,28.12,22.74,32.78,18.84,37.19,4.87,MODERATE,Orographic Sahyadri Elevation Gradient,Manual demo override,MANUAL_OVERRIDE,,2026-09-09,,,,NOT_REQUESTED,28.4,19.9,71.2
MH_487_551111,Pimpalgaon Ghadaga,Pimpalgaon Ghadaga,Igatpuri,Nashik,19.77832,73.8222,115.05,23.78,-0.5,557.3,39.0,510.5,604.1,3.2,220.5,52.0,18.0,8.0,16.0,2.0,4.0,0.0,25.0,29.5,21.0,0.78,1.2723228972042957,26.37,21.71,31.61,17.13,34.55,4.62,MODERATE,Rain-Shadow Plateau Topography,Manual demo override,MANUAL_OVERRIDE,,2026-09-09,,,,NOT_REQUESTED,29.1,20.6,70.5
MH_487_551112,Ninavi,Ninavi,Igatpuri,Nashik,19.75898,73.82174,114.24,25.9,-0.5,557.4,39.0,510.6,604.2,3.2,220.5,52.0,18.0,8.0,16.0,2.0,4.0,0.0,25.0,29.5,21.0,0.78,1.3144237449843963,26.43,21.89,31.11,16.71,35.12,4.7,MODERATE,Rain-Shadow Plateau Topography,Manual demo override,MANUAL_OVERRIDE,,2026-09-09,,,,NOT_REQUESTED,29.1,20.6,70.6
MH_487_551118,Dhamangaon,Dhamangaon,Igatpuri,Nashik,19.73123,73.76642,107.75,28.88,0.8,678.1,47.5,621.1,735.1,14.5,218.2,52.0,18.0,8.0,16.0,2.0,4.0,0.0,25.0,29.5,21.0,3.41,1.4314981943985885,29.33,24.39,34.18,19.36,38.83,4.93,MODERATE,Orographic Sahyadri Elevation Gradient,Manual demo override,MANUAL_OVERRIDE,,2026-09-09,,,,NOT_REQUESTED,28.3,19.8,71.7
MH_487_551114,Bharvir Kh,Bharvir Kh,Igatpuri,Nashik,19.74153,73.78912,110.37,27.63,0.2,664.9,46.5,609.1,720.7,14.5,219.1,52.0,18.0,8.0,16.0,2.0,4.0,0.0,25.0,29.5,21.0,3.42,1.3858549737264145,29.23,24.14,33.72,19.69,37.33,4.59,MODERATE,Orographic Sahyadri Elevation Gradient,Manual demo override,MANUAL_OVERRIDE,,2026-09-09,,,,NOT_REQUESTED,28.4,19.9,71.7
MH_487_551120,Gambhirwadi,Gambhirwadi,Igatpuri,Nashik,19.72059,73.7747,108.17,30.0,0.6,672.6,47.1,616.1,729.1,14.5,218.5,52.0,18.0,8.0,16.0,2.0,4.0,0.0,25.0,29.5,21.0,3.41,1.4493780083300265,29.25,24.62,33.38,19.23,37.62,4.68,MODERATE,Orographic Sahyadri Elevation Gradient,Manual demo override,MANUAL_OVERRIDE,,2026-09-09,,,,NOT_REQUESTED,28.7,20.2,71.7
MH_487_551119,Adsare Kh,Adsare Kh,Igatpuri,Nashik,19.71294,73.77941,108.36,30.83,0.5,669.4,46.9,613.2,725.7,14.5,218.7,52.0,18.0,8.0,16.0,2.0,4.0,0.0,25.0,29.5,21.0,3.41,1.4624306155564437,29.34,24.78,34.76,19.46,37.39,4.64,MODERATE,Orographic Sahyadri Elevation Gradient,Manual demo override,MANUAL_OVERRIDE,,2026-09-09,,,,NOT_REQUESTED,28.7,20.2,71.7
MH_487_551116,Bhandardarawadi,Bhandardarawadi,Igatpuri,Nashik,19.72504,73.82945,113.76,29.75,-0.7,556.5,39.0,509.7,603.3,3.2,220.8,52.0,18.0,8.0,16.0,2.0,4.0,0.0,25.0,29.5,21.0,0.78,1.3784714028078964,26.63,22.2,31.39,16.6,35.05,4.7,MODERATE,Rain-Shadow Plateau Topography,Manual demo override,MANUAL_OVERRIDE,,2026-09-09,,,,NOT_REQUESTED,29.4,20.9,70.7
MH_487_551115,Bharvir Bk,Bharvir Bk,Igatpuri,Nashik,19.73529,73.81109,112.3,28.41,-0.2,558.7,39.1,511.7,605.6,3.2,220.1,52.0,18.0,8.0,16.0,2.0,4.0,0.0,25.0,29.5,21.0,3.42,1.3776694202092998,29.18,24.95,33.56,19.88,37.59,4.57,MODERATE,Rain-Shadow Plateau Topography,Manual demo override,MANUAL_OVERRIDE,,2026-09-09,,,,NOT_REQUESTED,29.1,20.6,71.7
MH_487_551117,Adsare Bk,Adsare Bk,Igatpuri,Nashik,19.7028,73.79911,109.97,31.95,0.0,657.2,46.0,602.0,712.4,14.5,219.6,52.0,18.0,8.0,16.0,2.0,4.0,0.0,25.0,29.5,21.0,3.42,1.462945904504502,29.36,23.66,34.0,19.87,38.31,4.73,MODERATE,Orographic Sahyadri Elevation Gradient,Manual demo override,MANUAL_OVERRIDE,,2026-09-09,,,,NOT_REQUESTED,28.8,20.3,71.7
MH_487_551132,Taked Kh,Taked Kh,Igatpuri,Nashik,19.6848,73.7759,107.05,33.97,0.5,670.3,46.9,614.0,726.6,14.5,218.6,52.0,18.0,8.0,16.0,2.0,4.0,0.0,25.0,29.5,21.0,3.06,1.5301381025928182,28.89,23.17,33.44,19.64,36.83,4.62,MODERATE,Orographic Sahyadri Elevation Gradient,Manual demo override,MANUAL_OVERRIDE,,2026-09-09,,,,NOT_REQUESTED,28.7,20.2,71.6
MH_487_551123,Pimpalgaon Mor,Pimpalgaon Mor,Igatpuri,Nashik,19.69963,73.68951,98.98,31.51,2.5,722.8,50.6,662.1,783.5,14.5,215.0,52.0,18.0,8.0,16.0,2.0,4.0,0.0,25.0,29.5,21.0,3.41,1.5889053372922401,29.13,24.39,34.31,18.81,38.17,5.01,MODERATE,Orographic Sahyadri Elevation Gradient,Manual demo override,MANUAL_OVERRIDE,,2026-09-09,,,,NOT_REQUESTED,28.4,19.9,71.7
MH_487_551122,Dhamani,Dhamani,Igatpuri,Nashik,19.69535,73.70908,100.76,33.03,2.0,710.8,49.8,651.1,770.6,14.5,215.8,52.0,18.0,8.0,16.0,2.0,4.0,0.0,25.0,29.5,21.0,3.41,1.5798144344234628,29.38,24.71,33.71,20.02,37.88,4.45,MODERATE,Orographic Sahyadri Elevation Gradient,Manual demo override,MANUAL_OVERRIDE,,2026-09-09,,,,NOT_REQUESTED,28.4,19.9,71.8
MH_487_551121,Belgaon Tarhale,Belgaon Tarhale,Igatpuri,Nashik,19.71066,73.73044,103.43,31.68,1.6,698.7,48.9,640.0,757.4,14.5,216.7,52.0,18.0,8.0,16.0,2.0,4.0,0.0,25.0,29.5,21.0,3.41,1.517582699922905,29.13,24.41,33.8,20.48,37.31,4.53,MODERATE,Orographic Sahyadri Elevation Gradient,Manual demo override,MANUAL_OVERRIDE,,2026-09-09,,,,NOT_REQUESTED,28.5,20.0,71.7
MH_487_551075,Ubhade,Ubhade,Igatpuri,Nashik,19.72753,73.67961,99.1,28.34,2.7,730.0,51.1,668.7,791.3,14.5,214.5,52.0,18.0,8.0,16.0,2.0,4.0,0.0,25.0,29.5,21.0,3.41,1.5116036576618659,29.17,24.78,33.49,19.58,37.76,4.62,MODERATE,Orographic Sahyadri Elevation Gradient,Manual demo override,MANUAL_OVERRIDE,,2026-09-09,,,,NOT_REQUESTED,28.0,19.5,71.7
MH_487_551213,Belu,Belu,Sinnar,Nashik,19.79644,73.8292,116.48,21.91,-0.7,556.5,39.0,509.7,603.3,3.2,220.8,12.0,14.0,10.0,58.0,4.0,2.0,0.0,25.0,29.5,21.0,1.09,1.2276526534894932,26.65,21.84,30.99,17.53,35.24,4.62,MODERATE,Rain-Shadow Plateau Topography,Manual demo override,MANUAL_OVERRIDE,,2026-09-09,,,,NOT_REQUESTED,29.1,20.6,70.7
MH_487_551212,Agas Khind,Agas Khind,Sinnar,Nashik,19.80372,73.84457,118.0,21.48,-1.0,554.7,38.8,508.1,601.2,3.2,221.5,12.0,14.0,10.0,58.0,4.0,2.0,0.0,25.0,29.5,21.0,2.63,1.197504842513708,28.25,23.73,33.29,18.92,36.85,4.61,MODERATE,Rain-Shadow Plateau Topography,Manual demo override,MANUAL_OVERRIDE,,2026-09-09,,,,NOT_REQUESTED,29.1,20.6,71.3
MH_487_550988,Raigadnagar,Raigadnagar,Nashik,Nashik,19.8936,73.70894,102.68,13.66,2.0,719.8,50.4,659.4,780.3,14.5,215.8,8.0,6.0,4.0,72.0,6.0,4.0,0.0,25.0,29.5,21.0,2.57,0.9561373492739672,27.88,23.11,32.32,17.95,35.86,4.58,MODERATE,Orographic Sahyadri Elevation Gradient,Manual demo override,MANUAL_OVERRIDE,,2026-09-09,,,,NOT_REQUESTED,28.0,19.5,71.2
MH_487_551067,Umbarkon,Umbarkon,Igatpuri,Nashik,19.74636,73.66859,98.82,25.96,3.0,737.4,51.6,675.5,799.4,14.5,214.1,52.0,18.0,8.0,16.0,2.0,4.0,0.0,25.0,29.5,21.0,3.41,1.4509144659445146,29.15,24.64,34.8,19.26,37.26,4.64,MODERATE,Orographic Sahyadri Elevation Gradient,Manual demo override,MANUAL_OVERRIDE,,2026-09-09,,,,NOT_REQUESTED,27.9,19.4,71.7
MH_487_551129,Ghodewadi,Ghodewadi,Igatpuri,Nashik,19.69124,73.75378,105.06,33.44,1.0,683.8,47.9,626.4,741.3,14.5,217.7,52.0,18.0,8.0,16.0,2.0,4.0,0.0,25.0,29.5,21.0,3.06,1.5412151451529894,28.94,23.84,34.14,18.91,38.07,4.62,MODERATE,Orographic Sahyadri Elevation Gradient,Manual demo override,MANUAL_OVERRIDE,,2026-09-09,,,,NOT_REQUESTED,28.6,20.1,71.6
MH_487_551130,Sherawadi,Sherawadi,Igatpuri,Nashik,19.70216,73.76748,106.8,32.09,0.7,676.1,47.3,619.3,732.9,14.5,218.2,52.0,18.0,8.0,16.0,2.0,4.0,0.0,25.0,29.5,21.0,3.41,1.5004585851698824,29.23,24.95,33.59,20.45,37.34,4.36,MODERATE,Orographic Sahyadri Elevation Gradient,Manual demo override,MANUAL_OVERRIDE,,2026-09-09,,,,NOT_REQUESTED,28.7,20.2,71.7
MH_487_551131,Taked Bk,Taked Bk,Igatpuri,Nashik,19.6934,73.76265,106.02,33.1,0.8,678.6,47.5,621.6,735.6,14.5,218.0,52.0,18.0,8.0,16.0,2.0,4.0,0.0,25.0,29.5,21.0,3.41,1.5261851255778665,29.13,24.35,34.18,19.2,37.36,4.78,MODERATE,Orographic Sahyadri Elevation Gradient,Manual demo override,MANUAL_OVERRIDE,,2026-09-09,,,,NOT_REQUESTED,28.6,20.1,71.7
MH_487_550892,Metkawara,Metkawara,Trimbakeshwar,Nashik,19.99628,73.45621,75.95,9.93,43.3,876.1,61.3,802.5,949.7,14.5,205.2,52.0,18.0,8.0,16.0,2.0,4.0,0.0,25.0,29.5,21.0,1.39,-0.0942497422783408,25.77,20.72,31.12,16.08,33.61,4.68,MODERATE,Orographic Sahyadri Elevation Gradient,Manual demo override,MANUAL_OVERRIDE,,2026-09-09,,,,NOT_REQUESTED,27.1,18.6,70.3
MH_487_551128,Bambalewadi,Bambalewadi,Igatpuri,Nashik,19.70036,73.75529,105.52,32.41,1.0,683.3,47.8,626.0,740.7,14.5,217.7,52.0,18.0,8.0,16.0,2.0,4.0,0.0,25.0,29.5,21.0,3.41,1.517971345078588,29.19,24.35,33.44,19.36,38.56,4.75,MODERATE,Orographic Sahyadri Elevation Gradient,Manual demo override,MANUAL_OVERRIDE,,2026-09-09,,,,NOT_REQUESTED,28.6,20.1,71.7
MH_487_550890,Nandgaon,Nandgaon,Trimbakeshwar,Nashik,20.03091,73.44233,74.74,13.64,42.1,886.0,62.0,811.6,960.4,14.5,204.6,52.0,18.0,8.0,16.0,2.0,4.0,0.0,25.0,29.5,21.0,4.06,-0.23023268629032798,28.17,23.11,34.31,18.31,36.7,4.72,MODERATE,Orographic Sahyadri Elevation Gradient,Manual demo override,MANUAL_OVERRIDE,,2026-09-09,,,,NOT_REQUESTED,27.0,18.5,71.3
MH_487_550891,Torangan,Torangan,Trimbakeshwar,Nashik,19.99787,73.4314,73.36,12.15,41.0,891.1,62.4,816.2,965.9,14.5,204.1,52.0,18.0,8.0,16.0,2.0,4.0,0.0,25.0,29.5,21.0,4.06,-0.10008338183890955,28.35,23.0,33.9,19.0,36.4,4.51,MODERATE,Orographic Sahyadri Elevation Gradient,Manual demo override,MANUAL_OVERRIDE,,2026-09-09,,,,NOT_REQUESTED,27.0,18.5,71.3
MH_487_550893,Welunje,Welunje,Trimbakeshwar,Nashik,20.0171,73.48049,78.6,10.01,44.7,862.5,60.4,790.0,935.0,14.5,206.2,52.0,18.0,8.0,16.0,2.0,4.0,0.0,25.0,29.5,21.0,1.39,-0.15984413231850073,25.56,20.8,30.71,15.55,34.48,4.83,MODERATE,Orographic Sahyadri Elevation Gradient,Manual demo override,MANUAL_OVERRIDE,,2026-09-09,,,,NOT_REQUESTED,27.1,18.6,70.2
MH_487_550905,Amboli,Amboli,Trimbakeshwar,Nashik,19.98368,73.49073,79.51,6.36,44.9,854.8,59.8,783.1,926.6,14.5,206.6,52.0,18.0,8.0,16.0,2.0,4.0,0.0,25.0,29.5,21.0,1.3,-0.035706667356381006,25.59,20.28,31.05,16.64,33.8,4.6,MODERATE,Orographic Sahyadri Elevation Gradient,Manual demo override,MANUAL_OVERRIDE,,2026-09-09,,,,NOT_REQUESTED,27.2,18.7,70.2
MH_487_550906,Ambai,Ambai,Trimbakeshwar,Nashik,19.96187,73.47249,77.6,6.48,44.3,864.8,60.5,792.2,937.4,14.5,205.8,52.0,18.0,8.0,16.0,2.0,4.0,0.0,25.0,29.5,21.0,1.39,0.043652334424177104,25.79,20.54,30.79,15.0,34.43,4.8,MODERATE,Orographic Sahyadri Elevation Gradient,Manual demo override,MANUAL_OVERRIDE,,2026-09-09,,,,NOT_REQUESTED,27.1,18.6,70.3
MH_487_550920,Umbharande,Umbharande,Trimbakeshwar,Nashik,19.93313,73.45056,75.42,8.34,42.9,876.7,61.4,803.0,950.3,14.5,204.9,52.0,18.0,8.0,16.0,2.0,4.0,0.0,25.0,29.5,21.0,4.06,0.1822654604121227,28.86,23.88,33.14,19.88,37.6,4.52,MODERATE,Orographic Sahyadri Elevation Gradient,Manual demo override,MANUAL_OVERRIDE,,2026-09-09,,,,NOT_REQUESTED,27.0,18.5,71.5
MH_487_550907,Kachurli,Kachurli,Trimbakeshwar,Nashik,19.94695,73.4997,80.49,3.26,45.0,847.8,59.3,776.6,918.9,14.5,207.0,52.0,18.0,8.0,16.0,2.0,4.0,0.0,25.0,29.5,21.0,1.4,0.10310189739597853,25.81,21.41,30.53,16.16,34.29,4.66,MODERATE,Orographic Sahyadri Elevation Gradient,Manual demo override,MANUAL_OVERRIDE,,2026-09-09,,,,NOT_REQUESTED,27.2,18.7,70.3
MH_487_550919,Kalmuste,Kalmuste,Trimbakeshwar,Nashik,19.92343,73.47156,77.68,6.38,44.3,863.6,60.5,791.0,936.2,14.5,205.8,52.0,18.0,8.0,16.0,2.0,4.0,0.0,25.0,29.5,21.0,1.39,0.22732855474038802,25.81,20.09,31.21,16.79,35.07,4.71,MODERATE,Orographic Sahyadri Elevation Gradient,Manual demo override,MANUAL_OVERRIDE,,2026-09-09,,,,NOT_REQUESTED,27.1,18.6,70.3
MH_487_550917,Metghar Killa,Metghar Killa,Trimbakeshwar,Nashik,19.91663,73.51979,82.77,2.81,44.6,834.4,58.4,764.3,904.5,14.5,207.8,52.0,18.0,8.0,16.0,2.0,4.0,0.0,25.0,29.5,21.0,2.32,0.27213548155263056,26.82,21.04,31.77,17.67,34.57,4.5,MODERATE,Orographic Sahyadri Elevation Gradient,Manual demo override,MANUAL_OVERRIDE,,2026-09-09,,,,NOT_REQUESTED,27.3,18.8,70.7
MH_487_550918,Talegaon Trimbak,Talegaon Trimbak,Trimbakeshwar,Nashik,19.92495,73.50102,80.75,3.46,45.0,846.0,59.2,775.0,917.1,14.5,207.0,52.0,18.0,8.0,16.0,2.0,4.0,0.0,25.0,29.5,21.0,1.4,0.21377094686777362,26.02,22.18,30.65,16.62,33.54,4.38,MODERATE,Orographic Sahyadri Elevation Gradient,Manual demo override,MANUAL_OVERRIDE,,2026-09-09,,,,NOT_REQUESTED,27.2,18.7,70.4
MH_487_550908,Sapgaon,Sapgaon,Trimbakeshwar,Nashik,19.95449,73.51423,81.98,2.31,44.8,839.4,58.8,768.9,910.0,14.5,207.6,52.0,18.0,8.0,16.0,2.0,4.0,0.0,25.0,29.5,21.0,2.32,0.07536663624327213,26.86,22.31,31.59,17.3,35.59,4.62,MODERATE,Orographic Sahyadri Elevation Gradient,Manual demo override,MANUAL_OVERRIDE,,2026-09-09,,,,NOT_REQUESTED,27.3,18.8,70.7
MH_487_550904,Shirasgaon,Shirasgaon,Trimbakeshwar,Nashik,19.97184,73.51331,81.86,3.95,44.8,840.7,58.9,770.1,911.4,14.5,207.6,52.0,18.0,8.0,16.0,2.0,4.0,0.0,25.0,29.5,21.0,1.4,0.021271194649343645,25.65,21.08,30.25,15.91,34.39,4.65,MODERATE,Orographic Sahyadri Elevation Gradient,Manual demo override,MANUAL_OVERRIDE,,2026-09-09,,,,NOT_REQUESTED,27.3,18.8,70.3
MH_487_550909,Pimplad Trimbak,Pimplad Trimbak,Trimbakeshwar,Nashik,19.9637,73.53249,83.87,2.65,44.1,828.9,58.0,759.3,898.5,14.5,208.4,52.0,18.0,8.0,16.0,2.0,4.0,0.0,25.0,29.5,21.0,2.33,0.0757644504750163,26.67,22.66,31.75,17.31,34.99,4.66,MODERATE,Orographic Sahyadri Elevation Gradient,Manual demo override,MANUAL_OVERRIDE,,2026-09-09,,,,NOT_REQUESTED,27.3,18.8,70.7
MH_487_550914,Pegalwadi Tryambak,Pegalwadi Tryambak,Trimbakeshwar,Nashik,19.94162,73.5561,86.4,2.73,42.3,813.7,57.0,745.3,882.1,14.5,209.4,52.0,18.0,8.0,16.0,2.0,4.0,0.0,25.0,29.5,21.0,2.76,0.23311456383194035,27.58,22.56,31.62,18.12,36.39,4.67,MODERATE,Orographic Sahyadri Elevation Gradient,Manual demo override,MANUAL_OVERRIDE,,2026-09-09,,,,NOT_REQUESTED,27.4,18.9,71.0
MH_487_251441,Trimbak,Trimbak,Central,Nashik,19.93911,73.53111,83.8,0.15,44.1,828.6,58.0,759.0,898.2,14.5,208.3,12.0,14.0,10.0,58.0,4.0,2.0,0.0,25.0,29.5,21.0,2.63,0.13519120311908722,26.87,22.09,31.86,17.12,35.18,4.7,MODERATE,Orographic Sahyadri Elevation Gradient,Manual demo override,MANUAL_OVERRIDE,,2026-09-09,,,,NOT_REQUESTED,27.3,18.8,70.7
MH_487_550923,Vadholi,Vadholi,Trimbakeshwar,Nashik,19.92852,73.62046,93.19,9.54,33.7,774.5,54.2,709.5,839.5,14.5,212.1,52.0,18.0,8.0,16.0,2.0,4.0,0.0,25.0,29.5,21.0,2.32,0.5582619184890174,27.27,22.12,31.51,17.79,36.52,4.63,MODERATE,Orographic Sahyadri Elevation Gradient,Manual demo override,MANUAL_OVERRIDE,,2026-09-09,,,,NOT_REQUESTED,27.7,19.2,70.9
MH_487_550962,Shivangaon,Shivangaon,Nashik,Nashik,20.02768,73.62434,93.67,13.87,33.0,776.6,54.4,711.4,841.9,14.5,212.2,8.0,6.0,4.0,72.0,6.0,4.0,0.0,25.0,29.5,21.0,2.57,0.2309735853795332,26.77,21.31,32.84,17.23,34.97,4.7,MODERATE,Orographic Sahyadri Elevation Gradient,Manual demo override,MANUAL_OVERRIDE,,2026-09-09,,,,NOT_REQUESTED,27.7,19.2,70.7
MH_487_550913,Anjanneri,Anjanneri,Trimbakeshwar,Nashik,19.95277,73.59483,90.41,6.92,37.6,791.0,55.4,724.5,857.5,14.5,211.0,52.0,18.0,8.0,16.0,2.0,4.0,0.0,25.0,29.5,21.0,2.32,0.35432188538414466,26.92,22.88,31.35,16.94,35.18,4.46,MODERATE,Orographic Sahyadri Elevation Gradient,Manual demo override,MANUAL_OVERRIDE,,2026-09-09,,,,NOT_REQUESTED,27.6,19.1,70.8
MH_487_550912,Chokore,Chokore,Trimbakeshwar,Nashik,19.98325,73.60271,91.21,8.99,36.4,787.6,55.1,721.5,853.7,14.5,211.3,52.0,18.0,8.0,16.0,2.0,4.0,0.0,25.0,29.5,21.0,2.32,0.2792940587488763,27.06,22.34,31.16,17.49,34.84,4.54,MODERATE,Orographic Sahyadri Elevation Gradient,Manual demo override,MANUAL_OVERRIDE,,2026-09-09,,,,NOT_REQUESTED,27.6,19.1,70.8
MH_487_550903,Dhumodi,Dhumodi,Trimbakeshwar,Nashik,19.993,73.51585,82.16,6.08,44.8,840.2,58.8,769.6,910.7,14.5,207.7,52.0,18.0,8.0,16.0,2.0,4.0,0.0,25.0,29.5,21.0,2.32,-0.03790839895138617,26.81,22.27,32.2,16.57,34.37,4.58,MODERATE,Orographic Sahyadri Elevation Gradient,Manual demo override,MANUAL_OVERRIDE,,2026-09-09,,,,NOT_REQUESTED,27.3,18.8,70.7
MH_487_550910,Talwade Trimbak,Talwade Trimbak,Trimbakeshwar,Nashik,19.9719,73.55869,86.6,4.64,42.0,813.5,56.9,745.2,881.8,14.5,209.5,52.0,18.0,8.0,16.0,2.0,4.0,0.0,25.0,29.5,21.0,2.76,0.13686639890063446,27.27,22.06,32.52,17.72,36.07,4.71,MODERATE,Orographic Sahyadri Elevation Gradient,Manual demo override,MANUAL_OVERRIDE,,2026-09-09,,,,NOT_REQUESTED,27.4,18.9,70.9
MH_487_550900,Ganeshgaon Waghera,Ganeshgaon Waghera,Trimbakeshwar,Nashik,20.015,73.518,82.49,8.43,44.7,839.9,58.8,769.3,910.4,14.5,207.8,52.0,18.0,8.0,16.0,2.0,4.0,0.0,25.0,29.5,21.0,2.32,-0.10119925653301196,26.71,22.05,31.65,17.48,34.99,4.62,MODERATE,Orographic Sahyadri Elevation Gradient,Manual demo override,MANUAL_OVERRIDE,,2026-09-09,,,,NOT_REQUESTED,27.3,18.8,70.7
MH_487_550902,Bramhanwade,Bramhanwade,Trimbakeshwar,Nashik,19.99549,73.53859,84.55,6.24,43.7,826.6,57.9,757.2,896.1,14.5,208.6,52.0,18.0,8.0,16.0,2.0,4.0,0.0,25.0,29.5,21.0,2.33,0.004415385756534071,26.77,22.82,32.27,16.93,35.37,4.62,MODERATE,Orographic Sahyadri Elevation Gradient,Manual demo override,MANUAL_OVERRIDE,,2026-09-09,,,,NOT_REQUESTED,27.4,18.9,70.7
MH_487_550911,Beze,Beze,Trimbakeshwar,Nashik,19.99354,73.57562,88.41,7.63,40.1,804.3,56.3,736.8,871.9,14.5,210.2,52.0,18.0,8.0,16.0,2.0,4.0,0.0,25.0,29.5,21.0,2.76,0.13463039941736474,27.16,22.35,31.81,17.15,35.94,4.69,MODERATE,Orographic Sahyadri Elevation Gradient,Manual demo override,MANUAL_OVERRIDE,,2026-09-09,,,,NOT_REQUESTED,27.5,19.0,70.9
MH_487_550899,Divyachapada,Divyachapada,Trimbakeshwar,Nashik,20.0193,73.54229,85.06,8.91,43.4,825.5,57.8,756.1,894.9,14.5,208.8,52.0,18.0,8.0,16.0,2.0,4.0,0.0,25.0,29.5,21.0,2.33,-0.055867477893953445,26.75,22.2,32.06,16.73,35.61,4.76,MODERATE,Orographic Sahyadri Elevation Gradient,Manual demo override,MANUAL_OVERRIDE,,2026-09-09,,,,NOT_REQUESTED,27.4,18.9,70.7
MH_487_550898,Pmpri Trimbak,Pmpri Trimbak,Trimbakeshwar,Nashik,20.00967,73.56611,87.48,8.62,41.2,810.8,56.8,742.6,878.9,14.5,209.8,52.0,18.0,8.0,16.0,2.0,4.0,0.0,25.0,29.5,21.0,2.76,0.04986961249566904,27.37,22.74,32.14,17.91,35.66,4.47,MODERATE,Orographic Sahyadri Elevation Gradient,Manual demo override,MANUAL_OVERRIDE,,2026-09-09,,,,NOT_REQUESTED,27.4,18.9,70.9
MH_487_550897,Hirdi,Hirdi,Trimbakeshwar,Nashik,20.03232,73.56535,87.56,10.91,41.3,812.2,56.9,744.0,880.5,14.5,209.7,52.0,18.0,8.0,16.0,2.0,4.0,0.0,25.0,29.5,21.0,2.76,-0.022750116412388995,27.17,22.45,32.49,17.71,35.8,4.68,MODERATE,Orographic Sahyadri Elevation Gradient,Manual demo override,MANUAL_OVERRIDE,,2026-09-09,,,,NOT_REQUESTED,27.4,18.9,70.9
MH_487_550961,Govindrur,Govindrur,Nashik,Nashik,20.02752,73.58639,89.71,11.38,38.8,799.4,56.0,732.2,866.6,14.5,210.6,8.0,6.0,4.0,72.0,6.0,4.0,0.0,25.0,29.5,21.0,2.81,0.0711386902395534,27.46,22.42,32.87,18.24,35.23,4.65,MODERATE,Orographic Sahyadri Elevation Gradient,Manual demo override,MANUAL_OVERRIDE,,2026-09-09,,,,NOT_REQUESTED,27.5,19.0,71.0
MH_487_550965,Rajewadi,Rajewadi,Nashik,Nashik,20.01274,73.59616,90.63,10.64,37.4,792.9,55.5,726.3,859.5,14.5,211.0,8.0,6.0,4.0,72.0,6.0,4.0,0.0,25.0,29.5,21.0,2.57,0.15704195077665495,27.01,21.71,31.58,17.86,34.91,4.54,MODERATE,Orographic Sahyadri Elevation Gradient,Manual demo override,MANUAL_OVERRIDE,,2026-09-09,,,,NOT_REQUESTED,27.6,19.1,70.8
MH_487_550964,Ganeshgaon Trambak,Ganeshgaon Trambak,Nashik,Nashik,20.0126,73.62258,93.39,12.6,33.3,777.0,54.4,711.7,842.3,14.5,212.1,8.0,6.0,4.0,72.0,6.0,4.0,0.0,25.0,29.5,21.0,2.57,0.2704381139276551,27.2,22.74,31.26,18.08,35.63,4.48,MODERATE,Orographic Sahyadri Elevation Gradient,Manual demo override,MANUAL_OVERRIDE,,2026-09-09,,,,NOT_REQUESTED,27.7,19.2,70.9
MH_487_550901,Vinayaknagar,Vinayaknagar,Trimbakeshwar,Nashik,20.01119,73.51449,82.1,8.08,44.8,841.8,58.9,771.1,912.5,14.5,207.6,52.0,18.0,8.0,16.0,2.0,4.0,0.0,25.0,29.5,21.0,1.4,-0.0959145351702833,25.44,19.26,30.25,15.16,34.44,4.98,MODERATE,Orographic Sahyadri Elevation Gradient,Manual demo override,MANUAL_OVERRIDE,,2026-09-09,,,,NOT_REQUESTED,27.3,18.8,70.2
MH_487_550915,Pegalwadi,Pegalwadi,Trimbakeshwar,Nashik,19.92497,73.56754,87.69,4.27,41.1,806.1,56.4,738.4,873.8,14.5,209.8,52.0,18.0,8.0,16.0,2.0,4.0,0.0,25.0,29.5,21.0,2.76,0.3631136488068457,27.31,22.29,32.0,17.45,36.14,4.77,MODERATE,Orographic Sahyadri Elevation Gradient,Manual demo override,MANUAL_OVERRIDE,,2026-09-09,,,,NOT_REQUESTED,27.5,19.0,70.9
MH_487_550869,Nandurkipada,Nandurkipada,Trimbakeshwar,Nashik,20.08525,73.41517,72.72,20.12,39.0,904.7,63.3,828.8,980.7,14.5,203.4,52.0,18.0,8.0,16.0,2.0,4.0,0.0,25.0,29.5,21.0,4.06,-0.44102560093363985,27.78,22.89,32.24,18.23,36.29,4.75,MODERATE,Orographic Sahyadri Elevation Gradient,Manual demo override,MANUAL_OVERRIDE,,2026-09-09,,,,NOT_REQUESTED,26.9,18.4,71.1
MH_487_550877,Adgaon,Adgaon,Trimbakeshwar,Nashik,20.03683,73.41494,71.95,16.14,38.9,902.7,63.2,826.9,978.5,14.5,203.4,52.0,18.0,8.0,16.0,2.0,4.0,0.0,25.0,29.5,21.0,4.06,-0.25266105978332687,28.26,23.98,33.12,18.32,37.24,4.75,MODERATE,Orographic Sahyadri Elevation Gradient,Manual demo override,MANUAL_OVERRIDE,,2026-09-09,,,,NOT_REQUESTED,26.9,18.4,71.3
MH_487_550846,Gadadvane,Gadadvane,Trimbakeshwar,Nashik,20.08342,73.43106,74.32,19.01,40.9,895.1,62.7,819.9,970.4,14.5,204.1,52.0,18.0,8.0,16.0,2.0,4.0,0.0,25.0,29.5,21.0,4.06,-0.435376107919284,28.15,23.93,33.21,19.21,36.23,4.37,MODERATE,Orographic Sahyadri Elevation Gradient,Manual demo override,MANUAL_OVERRIDE,,2026-09-09,,,,NOT_REQUESTED,26.9,18.4,71.3
MH_487_550887,Kharwal,Kharwal,Trimbakeshwar,Nashik,20.06096,73.43405,74.25,16.78,41.3,892.3,62.5,817.3,967.3,14.5,204.2,52.0,18.0,8.0,16.0,2.0,4.0,0.0,25.0,29.5,21.0,4.06,-0.34771734123076964,28.18,24.0,32.81,18.54,36.27,4.55,MODERATE,Orographic Sahyadri Elevation Gradient,Manual demo override,MANUAL_OVERRIDE,,2026-09-09,,,,NOT_REQUESTED,26.9,18.4,71.3
MH_487_550889,Varasvihir,Varasvihir,Trimbakeshwar,Nashik,20.05239,73.46442,77.28,14.25,43.9,873.7,61.2,800.3,947.1,14.5,205.5,52.0,18.0,8.0,16.0,2.0,4.0,0.0,25.0,29.5,21.0,1.39,-0.3019862439280432,25.36,20.81,30.58,15.52,33.6,4.76,MODERATE,Orographic Sahyadri Elevation Gradient,Manual demo override,MANUAL_OVERRIDE,,2026-09-09,,,,NOT_REQUESTED,27.1,18.6,70.1
MH_487_550885,Vaghera,Vaghera,Trimbakeshwar,Nashik,20.06253,73.49368,80.45,14.14,45.0,856.6,60.0,784.6,928.6,14.5,206.7,52.0,18.0,8.0,16.0,2.0,4.0,0.0,25.0,29.5,21.0,1.39,-0.3065546097256557,25.16,20.29,29.51,15.45,33.49,4.64,MODERATE,Orographic Sahyadri Elevation Gradient,Manual demo override,MANUAL_OVERRIDE,,2026-09-09,,,,NOT_REQUESTED,27.2,18.7,70.1
MH_487_550790,Devivchamal,Devivchamal,Peint,Nashik,20.1454,73.47846,80.57,23.46,44.6,869.5,60.9,796.4,942.5,14.5,206.1,52.0,18.0,8.0,16.0,2.0,4.0,0.0,25.0,29.5,21.0,1.48,-0.6626859796672171,25.57,21.3,30.62,15.41,33.89,4.84,MODERATE,Orographic Sahyadri Elevation Gradient,Manual demo override,MANUAL_OVERRIDE,,2026-09-09,,,,NOT_REQUESTED,27.1,18.6,70.2
MH_487_550791,Patharpada,Patharpada,Peint,Nashik,20.13819,73.49382,81.95,22.36,45.0,859.9,60.2,787.7,932.2,14.5,206.7,52.0,18.0,8.0,16.0,2.0,4.0,0.0,25.0,29.5,21.0,1.39,-0.6096753745252506,25.0,20.54,29.41,15.72,33.14,4.55,MODERATE,Orographic Sahyadri Elevation Gradient,Manual demo override,MANUAL_OVERRIDE,,2026-09-09,,,,NOT_REQUESTED,27.1,18.6,70.0
MH_487_550894,Gorthan,Gorthan,Trimbakeshwar,Nashik,20.03488,73.51532,82.37,10.66,44.8,842.4,59.0,771.6,913.2,14.5,207.6,52.0,18.0,8.0,16.0,2.0,4.0,0.0,25.0,29.5,21.0,1.4,-0.17073952094283618,25.48,20.72,30.4,16.48,33.87,4.41,MODERATE,Orographic Sahyadri Elevation Gradient,Manual demo override,MANUAL_OVERRIDE,,2026-09-09,,,,NOT_REQUESTED,27.3,18.8,70.2
MH_487_550845,Belpali,Belpali,Trimbakeshwar,Nashik,20.09079,73.44492,75.88,18.98,42.4,887.1,62.1,812.6,961.7,14.5,204.7,52.0,18.0,8.0,16.0,2.0,4.0,0.0,25.0,29.5,21.0,1.39,-0.4615047934373084,25.28,20.66,29.39,15.69,34.56,4.65,MODERATE,Orographic Sahyadri Elevation Gradient,Manual demo override,MANUAL_OVERRIDE,,2026-09-09,,,,NOT_REQUESTED,27.0,18.5,70.1
MH_487_550844,Waygholpada,Waygholpada,Trimbakeshwar,Nashik,20.09075,73.457,77.13,18.42,43.4,879.9,61.6,806.0,953.8,14.5,205.2,52.0,18.0,8.0,16.0,2.0,4.0,0.0,25.0,29.5,21.0,1.39,-0.45544681272712834,25.15,19.47,30.19,15.66,33.77,4.72,MODERATE,Orographic Sahyadri Elevation Gradient,Manual demo override,MANUAL_OVERRIDE,,2026-09-09,,,,NOT_REQUESTED,27.0,18.5,70.1
MH_487_550840,Jategaon Kh,Jategaon Kh,Trimbakeshwar,Nashik,20.08801,73.50637,82.16,16.64,45.0,850.1,59.5,778.7,921.5,14.5,207.3,52.0,18.0,8.0,16.0,2.0,4.0,0.0,25.0,29.5,21.0,1.4,-0.3798098327012644,25.43,20.43,30.61,14.68,34.23,4.94,MODERATE,Orographic Sahyadri Elevation Gradient,Manual demo override,MANUAL_OVERRIDE,,2026-09-09,,,,NOT_REQUESTED,27.2,18.7,70.2
MH_487_550886,Ghodhadyachapada,Ghodhadyachapada,Trimbakeshwar,Nashik,20.05641,73.50514,81.56,13.2,45.0,849.5,59.5,778.1,920.9,14.5,207.2,52.0,18.0,8.0,16.0,2.0,4.0,0.0,25.0,29.5,21.0,1.4,-0.26480573428767,25.68,20.88,30.8,16.02,34.57,4.69,MODERATE,Orographic Sahyadri Elevation Gradient,Manual demo override,MANUAL_OVERRIDE,,2026-09-09,,,,NOT_REQUESTED,27.2,18.7,70.3
MH_487_550888,Virnagar,Virnagar,Trimbakeshwar,Nashik,20.05269,73.43068,73.78,16.27,40.9,894.0,62.6,818.8,969.1,14.5,204.1,52.0,18.0,8.0,16.0,2.0,4.0,0.0,25.0,29.5,21.0,4.06,-0.3159387765253511,28.1,23.25,33.05,18.02,36.61,4.65,MODERATE,Orographic Sahyadri Elevation Gradient,Manual demo override,MANUAL_OVERRIDE,,2026-09-09,,,,NOT_REQUESTED,26.9,18.4,71.2
MH_487_550811,Amlon,Amlon,Peint,Nashik,20.13521,73.51418,83.95,21.77,44.8,847.6,59.3,776.4,918.7,14.5,207.6,52.0,18.0,8.0,16.0,2.0,4.0,0.0,25.0,29.5,21.0,1.4,-0.5543622854645058,25.17,20.74,29.96,15.46,33.77,4.65,MODERATE,Orographic Sahyadri Elevation Gradient,Manual demo override,MANUAL_OVERRIDE,,2026-09-09,,,,NOT_REQUESTED,27.2,18.7,70.1
MH_487_550831,Khairaipali,Khairaipali,Trimbakeshwar,Nashik,20.14333,73.41083,73.68,25.81,38.4,910.0,63.7,833.5,986.4,14.5,203.3,52.0,18.0,8.0,16.0,2.0,4.0,0.0,25.0,29.5,21.0,4.06,-0.6600552415622071,27.81,22.87,32.12,16.86,36.69,4.92,MODERATE,Orographic Sahyadri Elevation Gradient,Manual demo override,MANUAL_OVERRIDE,,2026-09-09,,,,NOT_REQUESTED,26.8,18.3,71.1
MH_487_550848,Thanapada,Thanapada,Trimbakeshwar,Nashik,20.11979,73.40416,72.37,23.93,37.4,912.9,63.9,836.2,989.6,14.5,203.0,52.0,18.0,8.0,16.0,2.0,4.0,0.0,25.0,29.5,21.0,4.06,-0.5682278838059476,27.99,22.54,32.55,19.08,36.25,4.4,MODERATE,Orographic Sahyadri Elevation Gradient,Manual demo override,MANUAL_OVERRIDE,,2026-09-09,,,,NOT_REQUESTED,26.8,18.3,71.2
MH_487_550847,Nirgude,Nirgude,Trimbakeshwar,Nashik,20.10998,73.42887,74.65,21.65,40.7,897.6,62.8,822.3,973.0,14.5,204.0,52.0,18.0,8.0,16.0,2.0,4.0,0.0,25.0,29.5,21.0,4.06,-0.539262886608587,28.02,22.86,32.64,18.28,37.36,4.75,MODERATE,Orographic Sahyadri Elevation Gradient,Manual demo override,MANUAL_OVERRIDE,,2026-09-09,,,,NOT_REQUESTED,26.9,18.4,71.2
MH_487_550792,Chikadi,Chikadi,Peint,Nashik,20.1403,73.48764,81.37,22.71,44.9,863.7,60.5,791.1,936.3,14.5,206.5,52.0,18.0,8.0,16.0,2.0,4.0,0.0,25.0,29.5,21.0,1.48,-0.6286548971679026,25.31,20.27,30.02,15.1,33.45,4.63,MODERATE,Orographic Sahyadri Elevation Gradient,Manual demo override,MANUAL_OVERRIDE,,2026-09-09,,,,NOT_REQUESTED,27.1,18.6,70.1
MH_487_550794,Homepada,Homepada,Peint,Nashik,20.13362,73.48033,80.46,22.15,44.7,867.8,60.7,795.0,940.7,14.5,206.2,52.0,18.0,8.0,16.0,2.0,4.0,0.0,25.0,29.5,21.0,1.48,-0.6096821170649337,25.32,19.71,30.17,14.97,33.13,4.59,MODERATE,Orographic Sahyadri Elevation Gradient,Manual demo override,MANUAL_OVERRIDE,,2026-09-09,,,,NOT_REQUESTED,27.1,18.6,70.1
MH_487_550836,Harsul,Harsul,Trimbakeshwar,Nashik,20.11791,73.45716,77.72,21.2,43.4,881.0,61.7,807.0,955.0,14.5,205.2,52.0,18.0,8.0,16.0,2.0,4.0,0.0,25.0,29.5,21.0,1.39,-0.5645296742024275,25.14,20.8,30.15,14.63,33.1,4.74,MODERATE,Orographic Sahyadri Elevation Gradient,Manual demo override,MANUAL_OVERRIDE,,2026-09-09,,,,NOT_REQUESTED,27.0,18.5,70.1
MH_487_550837,Sapatpali,Sapatpali,Trimbakeshwar,Nashik,20.12454,73.48597,80.81,21.03,44.8,864.0,60.5,791.4,936.6,14.5,206.4,52.0,18.0,8.0,16.0,2.0,4.0,0.0,25.0,29.5,21.0,1.48,-0.563580697042413,25.1,20.03,29.5,15.81,33.24,4.58,MODERATE,Orographic Sahyadri Elevation Gradient,Manual demo override,MANUAL_OVERRIDE,,2026-09-09,,,,NOT_REQUESTED,27.1,18.6,70.0
MH_487_550838,Chirapali,Chirapali,Trimbakeshwar,Nashik,20.11388,73.49305,81.3,19.72,45.0,859.3,60.2,787.1,931.5,14.5,206.7,52.0,18.0,8.0,16.0,2.0,4.0,0.0,25.0,29.5,21.0,1.39,-0.5080298122753091,25.24,20.2,29.86,15.74,34.67,4.56,MODERATE,Orographic Sahyadri Elevation Gradient,Manual demo override,MANUAL_OVERRIDE,,2026-09-09,,,,NOT_REQUESTED,27.1,18.6,70.1
MH_487_550834,Dalpatpur,Dalpatpur,Trimbakeshwar,Nashik,20.13281,73.44066,76.41,23.38,41.9,891.6,62.4,816.7,966.5,14.5,204.5,52.0,18.0,8.0,16.0,2.0,4.0,0.0,25.0,29.5,21.0,1.39,-0.6299762841739392,25.08,19.25,30.79,15.43,33.98,4.74,MODERATE,Orographic Sahyadri Elevation Gradient,Manual demo override,MANUAL_OVERRIDE,,2026-09-09,,,,NOT_REQUESTED,26.9,18.4,70.0
MH_487_550835,Chikhalpada,Chikhalpada,Trimbakeshwar,Nashik,20.13911,73.44993,77.51,23.67,42.8,886.3,62.0,811.9,960.7,14.5,204.9,52.0,18.0,8.0,16.0,2.0,4.0,0.0,25.0,29.5,21.0,1.39,-0.6543750907657868,24.9,19.39,29.38,15.77,33.06,4.61,MODERATE,Orographic Sahyadri Elevation Gradient,Manual demo override,MANUAL_OVERRIDE,,2026-09-09,,,,NOT_REQUESTED,27.0,18.5,70.0
MH_487_550843,Chinchwad,Chinchwad,Trimbakeshwar,Nashik,20.09342,73.48108,79.65,17.81,44.7,865.6,60.6,792.8,938.3,14.5,206.2,52.0,18.0,8.0,16.0,2.0,4.0,0.0,25.0,29.5,21.0,1.39,-0.44301078227680346,25.21,21.22,29.97,15.45,33.15,4.34,MODERATE,Orographic Sahyadri Elevation Gradient,Manual demo override,MANUAL_OVERRIDE,,2026-09-09,,,,NOT_REQUESTED,27.1,18.6,70.1
MH_487_550842,Khoripada,Khoripada,Trimbakeshwar,Nashik,20.09976,73.47881,79.54,18.55,44.6,867.2,60.7,794.4,940.0,14.5,206.1,52.0,18.0,8.0,16.0,2.0,4.0,0.0,25.0,29.5,21.0,1.39,-0.471191985313749,25.24,20.88,30.12,14.88,33.52,4.69,MODERATE,Orographic Sahyadri Elevation Gradient,Manual demo override,MANUAL_OVERRIDE,,2026-09-09,,,,NOT_REQUESTED,27.1,18.6,70.1
MH_487_550833,Hattipada,Hattipada,Trimbakeshwar,Nashik,20.12661,73.44512,76.7,22.57,42.4,888.6,62.2,814.0,963.3,14.5,204.7,52.0,18.0,8.0,16.0,2.0,4.0,0.0,25.0,29.5,21.0,1.39,-0.6044981046672477,25.18,20.33,29.48,15.84,33.56,4.62,MODERATE,Orographic Sahyadri Elevation Gradient,Manual demo override,MANUAL_OVERRIDE,,2026-09-09,,,,NOT_REQUESTED,27.0,18.5,70.1
MH_487_550809,Dhanshet,Dhanshet,Peint,Nashik,20.14651,73.53647,86.49,22.97,43.8,834.7,58.4,764.6,904.8,14.5,208.5,52.0,18.0,8.0,16.0,2.0,4.0,0.0,25.0,29.5,21.0,2.33,-0.5378771300176479,26.05,20.69,30.83,15.59,34.8,4.82,MODERATE,Orographic Sahyadri Elevation Gradient,Manual demo override,MANUAL_OVERRIDE,,2026-09-09,,,,NOT_REQUESTED,27.3,18.8,70.4
MH_487_550812,Sasune,Sasune,Peint,Nashik,20.12186,73.53732,86.01,20.24,43.8,833.1,58.3,763.1,903.0,14.5,208.6,52.0,18.0,8.0,16.0,2.0,4.0,0.0,25.0,29.5,21.0,2.33,-0.433494497016904,26.21,21.24,30.56,16.17,34.54,4.73,MODERATE,Orographic Sahyadri Elevation Gradient,Manual demo override,MANUAL_OVERRIDE,,2026-09-09,,,,NOT_REQUESTED,27.3,18.8,70.5
MH_487_550813,Kulwandi,Kulwandi,Peint,Nashik,20.13559,73.55561,88.18,21.91,42.3,822.7,57.6,753.6,891.9,14.5,209.3,52.0,18.0,8.0,16.0,2.0,4.0,0.0,25.0,29.5,21.0,2.33,-0.4242944492764452,26.06,21.07,30.94,16.03,34.94,4.64,MODERATE,Orographic Sahyadri Elevation Gradient,Manual demo override,MANUAL_OVERRIDE,,2026-09-09,,,,NOT_REQUESTED,27.4,18.9,70.4
MH_487_550839,Saraste,Saraste,Trimbakeshwar,Nashik,20.11881,73.51511,83.66,19.94,44.8,846.3,59.2,775.2,917.3,14.5,207.6,52.0,18.0,8.0,16.0,2.0,4.0,0.0,25.0,29.5,21.0,1.4,-0.4832038303643232,25.33,20.45,30.96,16.27,34.22,4.68,MODERATE,Orographic Sahyadri Elevation Gradient,Manual demo override,MANUAL_OVERRIDE,,2026-09-09,,,,NOT_REQUESTED,27.2,18.7,70.1
MH_487_550817,Dhulghat,Dhulghat,Peint,Nashik,20.14102,73.60241,93.09,23.6,36.5,794.9,55.6,728.2,861.6,14.5,211.3,52.0,18.0,8.0,16.0,2.0,4.0,0.0,25.0,29.5,21.0,2.32,-0.2380529979956834,26.31,20.97,31.33,17.25,34.85,4.71,MODERATE,Orographic Sahyadri Elevation Gradient,Manual demo override,MANUAL_OVERRIDE,,2026-09-09,,,,NOT_REQUESTED,27.6,19.1,70.5
MH_487_550816,Pate,Pate,Peint,Nashik,20.14593,73.58577,91.5,23.63,38.8,805.1,56.4,737.4,872.8,14.5,210.6,52.0,18.0,8.0,16.0,2.0,4.0,0.0,25.0,29.5,21.0,2.76,-0.33463067765540294,26.75,22.64,31.61,16.89,35.13,4.61,MODERATE,Orographic Sahyadri Elevation Gradient,Manual demo override,MANUAL_OVERRIDE,,2026-09-09,,,,NOT_REQUESTED,27.5,19.0,70.7
MH_487_550895,Malegaon,Malegaon,Trimbakeshwar,Nashik,20.03726,73.5386,84.82,10.85,43.7,828.5,58.0,758.9,898.1,14.5,208.6,52.0,18.0,8.0,16.0,2.0,4.0,0.0,25.0,29.5,21.0,2.33,-0.12266635783014944,26.49,20.94,31.57,17.02,35.09,4.76,MODERATE,Orographic Sahyadri Elevation Gradient,Manual demo override,MANUAL_OVERRIDE,,2026-09-09,,,,NOT_REQUESTED,27.3,18.8,70.6
MH_487_550896,Rohile,Rohile,Trimbakeshwar,Nashik,20.05218,73.56488,87.71,13.0,41.4,813.4,56.9,745.1,881.7,14.5,209.7,52.0,18.0,8.0,16.0,2.0,4.0,0.0,25.0,29.5,21.0,2.76,-0.08828516636398213,27.01,21.75,31.8,17.69,36.04,4.67,MODERATE,Orographic Sahyadri Elevation Gradient,Manual demo override,MANUAL_OVERRIDE,,2026-09-09,,,,NOT_REQUESTED,27.4,18.9,70.8
MH_487_550880,Shivaji Nagar,Shivaji Nagar,Trimbakeshwar,Nashik,20.10644,73.5635,88.38,18.84,41.5,816.7,57.2,748.0,885.3,14.5,209.7,52.0,18.0,8.0,16.0,2.0,4.0,0.0,25.0,29.5,21.0,2.33,-0.2828791637093788,26.33,21.61,30.88,16.94,34.48,4.36,MODERATE,Orographic Sahyadri Elevation Gradient,Manual demo override,MANUAL_OVERRIDE,,2026-09-09,,,,NOT_REQUESTED,27.4,18.9,70.5
MH_487_550841,Jategaon Bk,Jategaon Bk,Trimbakeshwar,Nashik,20.10183,73.51667,83.48,18.05,44.8,844.6,59.1,773.7,915.5,14.5,207.7,52.0,18.0,8.0,16.0,2.0,4.0,0.0,25.0,29.5,21.0,1.4,-0.4109321662736324,25.23,20.62,30.27,16.67,33.6,4.48,MODERATE,Orographic Sahyadri Elevation Gradient,Manual demo override,MANUAL_OVERRIDE,,2026-09-09,,,,NOT_REQUESTED,27.2,18.7,70.1
MH_487_550884,Kone,Kone,Trimbakeshwar,Nashik,20.06928,73.53037,84.34,14.38,44.2,834.9,58.4,764.8,905.0,14.5,208.3,52.0,18.0,8.0,16.0,2.0,4.0,0.0,25.0,29.5,21.0,2.33,-0.2538035673138697,26.23,20.84,30.96,16.9,34.22,4.6,MODERATE,Orographic Sahyadri Elevation Gradient,Manual demo override,MANUAL_OVERRIDE,,2026-09-09,,,,NOT_REQUESTED,27.3,18.8,70.5
MH_487_550883,Sapte,Sapte,Trimbakeshwar,Nashik,20.06743,73.54979,86.33,14.32,42.8,823.2,57.6,754.0,892.3,14.5,209.1,52.0,18.0,8.0,16.0,2.0,4.0,0.0,25.0,29.5,21.0,2.33,-0.19039775653814187,26.62,20.84,31.58,15.42,35.46,4.91,MODERATE,Orographic Sahyadri Elevation Gradient,Manual demo override,MANUAL_OVERRIDE,,2026-09-09,,,,NOT_REQUESTED,27.4,18.9,70.6
MH_487_550878,Mahadeo Nagar,Mahadeo Nagar,Trimbakeshwar,Nashik,20.0934,73.5351,85.22,17.07,43.9,833.1,58.3,763.2,903.1,14.5,208.5,52.0,18.0,8.0,16.0,2.0,4.0,0.0,25.0,29.5,21.0,2.33,-0.3292499976507209,26.45,22.05,31.84,16.82,35.83,4.77,MODERATE,Orographic Sahyadri Elevation Gradient,Manual demo override,MANUAL_OVERRIDE,,2026-09-09,,,,NOT_REQUESTED,27.3,18.8,70.6
MH_487_550879,Somnathnagar,Somnathnagar,Trimbakeshwar,Nashik,20.10743,73.54639,86.64,18.7,43.1,827.0,57.9,757.5,896.5,14.5,208.9,52.0,18.0,8.0,16.0,2.0,4.0,0.0,25.0,29.5,21.0,2.33,-0.34741385810820924,26.23,21.04,31.66,16.24,35.53,4.94,MODERATE,Orographic Sahyadri Elevation Gradient,Manual demo override,MANUAL_OVERRIDE,,2026-09-09,,,,NOT_REQUESTED,27.4,18.9,70.5
MH_487_550963,Pimpalgaon Garudeshwar,Pimpalgaon Garudeshwar,Nashik,Nashik,20.0235,73.64716,96.02,15.37,29.2,762.8,53.4,698.7,826.8,14.5,213.2,8.0,6.0,4.0,72.0,6.0,4.0,0.0,25.0,29.5,21.0,2.57,0.3458450328272028,27.48,23.01,32.37,18.26,36.28,4.63,MODERATE,Orographic Sahyadri Elevation Gradient,Manual demo override,MANUAL_OVERRIDE,,2026-09-09,,,,NOT_REQUESTED,27.8,19.3,71.0
MH_487_550882,Vele,Vele,Trimbakeshwar,Nashik,20.08309,73.5569,87.3,16.16,42.2,819.6,57.4,750.7,888.5,14.5,209.4,52.0,18.0,8.0,16.0,2.0,4.0,0.0,25.0,29.5,21.0,2.33,-0.22183770513713122,26.41,21.79,30.8,17.06,35.03,4.63,MODERATE,Orographic Sahyadri Elevation Gradient,Manual demo override,MANUAL_OVERRIDE,,2026-09-09,,,,NOT_REQUESTED,27.4,18.9,70.6
MH_487_550881,Holdar Nagar,Holdar Nagar,Trimbakeshwar,Nashik,20.10343,73.57474,89.48,18.76,40.2,809.8,56.7,741.8,877.9,14.5,210.1,52.0,18.0,8.0,16.0,2.0,4.0,0.0,25.0,29.5,21.0,2.76,-0.2281901232202595,26.91,22.7,30.98,17.43,35.28,4.59,MODERATE,Orographic Sahyadri Elevation Gradient,Manual demo override,MANUAL_OVERRIDE,,2026-09-09,,,,NOT_REQUESTED,27.4,18.9,70.8
MH_487_550952,Devargaon,Devargaon,Nashik,Nashik,20.07009,73.58247,89.76,15.47,39.3,803.7,56.3,736.1,871.2,14.5,210.5,8.0,6.0,4.0,72.0,6.0,4.0,0.0,25.0,29.5,21.0,3.3,-0.08186627666123021,27.53,23.28,32.39,17.02,37.39,5.0,MODERATE,Orographic Sahyadri Elevation Gradient,Manual demo override,MANUAL_OVERRIDE,,2026-09-09,,,,NOT_REQUESTED,27.5,19.0,71.0
MH_487_550951,Kashyapnagar,Kashyapnagar,Nashik,Nashik,20.08664,73.58414,90.17,17.26,39.1,803.4,56.2,736.0,870.9,14.5,210.5,8.0,6.0,4.0,72.0,6.0,4.0,0.0,25.0,29.5,21.0,3.3,-0.1312661864526057,27.61,22.23,32.8,17.71,36.25,4.82,MODERATE,Orographic Sahyadri Elevation Gradient,Manual demo override,MANUAL_OVERRIDE,,2026-09-09,,,,NOT_REQUESTED,27.5,19.0,71.0
MH_487_550950,Vaishnavnagar,Vaishnavnagar,Nashik,Nashik,20.10161,73.59054,91.08,19.05,38.2,800.2,56.0,733.0,867.4,14.5,210.8,8.0,6.0,4.0,72.0,6.0,4.0,0.0,25.0,29.5,21.0,3.3,-0.1560818425243942,27.75,22.31,33.11,17.58,36.73,4.89,MODERATE,Orographic Sahyadri Elevation Gradient,Manual demo override,MANUAL_OVERRIDE,,2026-09-09,,,,NOT_REQUESTED,27.5,19.0,71.1
MH_487_550945,Ladchi,Ladchi,Nashik,Nashik,20.1164,73.61652,94.03,21.6,34.3,785.3,55.0,719.3,851.3,14.5,211.9,8.0,6.0,4.0,72.0,6.0,4.0,0.0,25.0,29.5,21.0,2.57,-0.0876860431509058,26.86,21.65,31.15,16.58,35.94,4.75,MODERATE,Orographic Sahyadri Elevation Gradient,Manual demo override,MANUAL_OVERRIDE,,2026-09-09,,,,NOT_REQUESTED,27.6,19.1,70.7
MH_487_550949,Indiranagar,Indiranagar,Nashik,Nashik,20.08753,73.60604,92.45,18.23,35.9,790.3,55.3,724.0,856.7,14.5,211.5,8.0,6.0,4.0,72.0,6.0,4.0,0.0,25.0,29.5,21.0,2.57,-0.0406943936098329,26.75,21.65,31.22,17.89,35.29,4.59,MODERATE,Orographic Sahyadri Elevation Gradient,Manual demo override,MANUAL_OVERRIDE,,2026-09-09,,,,NOT_REQUESTED,27.6,19.1,70.7
MH_487_550953,Dhondegaon,Dhondegaon,Nashik,Nashik,20.07284,73.62028,93.71,17.53,33.7,781.1,54.7,715.5,846.8,14.5,212.1,8.0,6.0,4.0,72.0,6.0,4.0,0.0,25.0,29.5,21.0,2.57,0.07086697282269276,27.13,22.75,32.56,17.28,36.12,4.62,MODERATE,Orographic Sahyadri Elevation Gradient,Manual demo override,MANUAL_OVERRIDE,,2026-09-09,,,,NOT_REQUESTED,27.6,19.1,70.9
MH_487_550959,Shastrinagar,Shastrinagar,Nashik,Nashik,20.05529,73.60701,92.12,15.14,35.8,788.3,55.2,722.0,854.5,14.5,211.5,8.0,6.0,4.0,72.0,6.0,4.0,0.0,25.0,29.5,21.0,2.57,0.0682945465766298,27.11,22.06,31.83,17.15,35.77,4.69,MODERATE,Orographic Sahyadri Elevation Gradient,Manual demo override,MANUAL_OVERRIDE,,2026-09-09,,,,NOT_REQUESTED,27.6,19.1,70.8
MH_487_550960,Gangamhalungi,Gangamhalungi,Nashik,Nashik,20.0408,73.59305,90.52,13.0,37.8,796.0,55.7,729.2,862.8,14.5,210.9,8.0,6.0,4.0,72.0,6.0,4.0,0.0,25.0,29.5,21.0,2.57,0.055946917163610985,26.91,22.27,32.79,17.55,35.95,4.8,MODERATE,Orographic Sahyadri Elevation Gradient,Manual demo override,MANUAL_OVERRIDE,,2026-09-09,,,,NOT_REQUESTED,27.6,19.1,70.8
MH_487_550958,Subhashnagar,Subhashnagar,Nashik,Nashik,20.03974,73.61115,92.39,13.96,35.1,785.1,55.0,719.1,851.1,14.5,211.7,8.0,6.0,4.0,72.0,6.0,4.0,0.0,25.0,29.5,21.0,2.57,0.13546991810115672,26.97,22.57,31.65,17.51,35.26,4.52,MODERATE,Orographic Sahyadri Elevation Gradient,Manual demo override,MANUAL_OVERRIDE,,2026-09-09,,,,NOT_REQUESTED,27.6,19.1,70.8
MH_487_550819,Umbardahad,Umbardahad,Peint,Nashik,20.1284,73.58545,91.08,21.74,38.9,804.5,56.3,736.9,872.1,14.5,210.6,52.0,18.0,8.0,16.0,2.0,4.0,0.0,25.0,29.5,21.0,2.76,-0.2728917948685275,26.95,21.99,31.38,17.63,34.86,4.52,MODERATE,Orographic Sahyadri Elevation Gradient,Manual demo override,MANUAL_OVERRIDE,,2026-09-09,,,,NOT_REQUESTED,27.5,19.0,70.8
MH_487_550818,Donwade,Donwade,Peint,Nashik,20.12201,73.58353,90.75,21.0,39.1,805.4,56.4,737.7,873.1,14.5,210.5,52.0,18.0,8.0,16.0,2.0,4.0,0.0,25.0,29.5,21.0,2.76,-0.25835879009664525,26.6,21.54,32.2,17.06,35.2,4.75,MODERATE,Orographic Sahyadri Elevation Gradient,Manual demo override,MANUAL_OVERRIDE,,2026-09-09,,,,NOT_REQUESTED,27.5,19.0,70.6
MH_487_550566,Tilloli,Tilloli,Dindori,Nashik,20.14103,73.69568,102.64,19.47,2.3,738.9,51.7,676.9,801.0,14.5,215.2,8.0,6.0,4.0,72.0,6.0,4.0,0.0,25.0,29.5,21.0,2.57,0.23679365891113868,27.17,20.51,32.19,17.35,35.45,4.75,MODERATE,Orographic Sahyadri Elevation Gradient,Manual demo override,MANUAL_OVERRIDE,,2026-09-09,,,,NOT_REQUESTED,27.9,19.4,70.9
MH_487_550565,Rawalgaon,Rawalgaon,Dindori,Nashik,20.13848,73.71759,104.84,18.16,1.9,725.7,50.8,664.7,786.6,14.5,216.1,8.0,6.0,4.0,72.0,6.0,4.0,0.0,25.0,29.5,21.0,2.57,0.3491364887961943,27.33,22.35,32.3,18.82,35.23,4.44,MODERATE,Orographic Sahyadri Elevation Gradient,Manual demo override,MANUAL_OVERRIDE,,2026-09-09,,,,NOT_REQUESTED,28.0,19.5,70.9
MH_487_550567,June Dhagur,June Dhagur,Dindori,Nashik,20.11596,73.73052,105.77,15.32,1.6,716.9,50.2,656.7,777.1,14.5,216.7,8.0,6.0,4.0,72.0,6.0,4.0,0.0,25.0,29.5,21.0,2.57,0.4601509502629038,27.39,22.32,32.05,17.97,35.84,4.66,MODERATE,Orographic Sahyadri Elevation Gradient,Manual demo override,MANUAL_OVERRIDE,,2026-09-09,,,,NOT_REQUESTED,28.1,19.6,71.0
MH_487_550568,Navedhagur,Navedhagur,Dindori,Nashik,20.10441,73.72646,105.16,14.35,1.7,718.8,50.3,658.5,779.2,14.5,216.5,8.0,6.0,4.0,72.0,6.0,4.0,0.0,25.0,29.5,21.0,2.57,0.47106645775376843,27.31,22.93,32.45,17.54,36.45,4.75,MODERATE,Orographic Sahyadri Elevation Gradient,Manual demo override,MANUAL_OVERRIDE,,2026-09-09,,,,NOT_REQUESTED,28.1,19.6,70.9
MH_487_550569,Gawalwadi,Gawalwadi,Dindori,Nashik,20.10003,73.76849,109.45,12.44,0.7,693.4,48.5,635.2,751.6,14.5,218.3,8.0,6.0,4.0,72.0,6.0,4.0,0.0,25.0,29.5,21.0,2.57,0.6348408726415784,27.49,22.99,32.94,17.73,35.36,4.6,MODERATE,Orographic Sahyadri Elevation Gradient,Manual demo override,MANUAL_OVERRIDE,,2026-09-09,,,,NOT_REQUESTED,28.2,19.7,71.0
MH_487_550564,Deherewadi,Deherewadi,Dindori,Nashik,20.13473,73.75081,108.19,16.61,1.1,705.6,49.4,646.3,764.9,14.5,217.5,8.0,6.0,4.0,72.0,6.0,4.0,0.0,25.0,29.5,21.0,2.57,0.5025620194431552,27.3,22.43,32.58,16.81,35.93,4.76,MODERATE,Orographic Sahyadri Elevation Gradient,Manual demo override,MANUAL_OVERRIDE,,2026-09-09,,,,NOT_REQUESTED,28.1,19.6,70.9
MH_487_550570,Ramshej,Ramshej,Dindori,Nashik,20.11729,73.78369,111.28,14.17,0.4,685.1,48.0,627.5,742.7,14.5,218.9,8.0,6.0,4.0,72.0,6.0,4.0,0.0,25.0,29.5,21.0,2.57,0.644955237285158,27.56,23.32,32.6,17.65,35.84,4.64,MODERATE,Orographic Sahyadri Elevation Gradient,Manual demo override,MANUAL_OVERRIDE,,2026-09-09,,,,NOT_REQUESTED,28.3,19.8,71.0
MH_487_550571,Pimpalnare,Pimpalnare,Dindori,Nashik,20.12213,73.81248,114.33,14.88,-0.3,558.5,39.1,511.6,605.4,3.2,220.1,8.0,6.0,4.0,72.0,6.0,4.0,0.0,25.0,29.5,21.0,2.57,0.6978371754650526,27.42,22.82,32.1,17.94,36.31,4.63,MODERATE,Horticultural Orchard Microclimate,Manual demo override,MANUAL_OVERRIDE,,2026-09-09,,,,NOT_REQUESTED,29.1,20.6,71.0
MH_487_550660,Talegaon Dindori,Talegaon Dindori,Dindori,Nashik,20.14354,73.83215,116.73,17.63,-0.7,556.1,38.9,509.5,602.8,3.2,221.0,8.0,6.0,4.0,72.0,6.0,4.0,0.0,25.0,29.5,21.0,1.03,0.7036871508393556,25.92,20.88,30.81,16.23,34.5,4.75,MODERATE,Horticultural Orchard Microclimate,Manual demo override,MANUAL_OVERRIDE,,2026-09-09,,,,NOT_REQUESTED,29.1,20.6,70.4
MH_487_550669,Khatwad,Khatwad,Dindori,Nashik,20.1206,73.84994,118.18,15.81,-1.1,554.0,38.8,507.4,600.6,3.2,221.7,8.0,6.0,4.0,72.0,6.0,4.0,0.0,25.0,29.5,21.0,2.57,0.7164414007346634,27.62,22.84,31.88,17.81,36.12,4.61,MODERATE,Horticultural Orchard Microclimate,Manual demo override,MANUAL_OVERRIDE,,2026-09-09,,,,NOT_REQUESTED,29.1,20.6,71.0
MH_487_550967,Manoli,Manoli,Nashik,Nashik,20.09063,73.71176,103.44,13.86,2.0,727.0,50.9,665.9,788.1,14.5,215.9,8.0,6.0,4.0,72.0,6.0,4.0,0.0,25.0,29.5,21.0,2.57,0.4435054271554972,27.08,23.18,32.25,17.03,35.08,4.66,MODERATE,Orographic Sahyadri Elevation Gradient,Manual demo override,MANUAL_OVERRIDE,,2026-09-09,,,,NOT_REQUESTED,28.0,19.5,70.8
MH_487_550670,Dhakambe,Dhakambe,Dindori,Nashik,20.09761,73.82896,115.68,12.64,-0.7,556.5,39.0,509.7,603.3,3.2,220.8,8.0,6.0,4.0,72.0,6.0,4.0,0.0,25.0,29.5,21.0,1.03,0.7413260560226977,26.02,21.27,31.36,16.1,34.56,4.72,MODERATE,Horticultural Orchard Microclimate,Manual demo override,MANUAL_OVERRIDE,,2026-09-09,,,,NOT_REQUESTED,29.1,20.6,70.4
MH_487_550671,Varvandi,Varvandi,Dindori,Nashik,20.07831,73.8506,117.69,11.68,-1.1,553.9,38.8,507.4,600.5,3.2,221.7,8.0,6.0,4.0,72.0,6.0,4.0,0.0,25.0,29.5,21.0,2.57,0.7620982324686145,27.66,23.01,32.34,18.03,36.1,4.76,MODERATE,Horticultural Orchard Microclimate,Manual demo override,MANUAL_OVERRIDE,,2026-09-09,,,,NOT_REQUESTED,29.1,20.6,71.1
MH_487_550922,Khambale,Khambale,Trimbakeshwar,Nashik,19.95445,73.63485,94.59,11.08,31.3,767.0,53.7,702.6,831.5,14.5,212.7,52.0,18.0,8.0,16.0,2.0,4.0,0.0,25.0,29.5,21.0,2.32,0.5157692476898887,27.09,21.54,31.99,17.37,36.2,4.8,MODERATE,Orographic Sahyadri Elevation Gradient,Manual demo override,MANUAL_OVERRIDE,,2026-09-09,,,,NOT_REQUESTED,27.7,19.2,70.8
MH_487_251442,Nashik,Nashik,Central,Nashik,19.99613,73.80592,112.47,1.8,-0.1,559.3,39.2,512.2,606.3,3.2,219.8,12.0,14.0,10.0,58.0,4.0,2.0,0.0,25.0,29.5,21.0,2.63,0.9665294052784753,27.93,23.32,32.35,18.68,37.1,4.72,MODERATE,Riparian Godavari River Valley,Manual demo override,MANUAL_OVERRIDE,,2026-09-09,,,,NOT_REQUESTED,29.1,20.6,71.2
MH_487_550948,Sapgaon,Sapgaon,Nashik,Nashik,20.09344,73.63271,95.3,20.06,31.6,774.6,54.2,709.5,839.6,14.5,212.6,8.0,6.0,4.0,72.0,6.0,4.0,0.0,25.0,29.5,21.0,2.57,0.0631450083266986,26.84,21.87,31.46,16.74,35.77,4.78,MODERATE,Orographic Sahyadri Elevation Gradient,Manual demo override,MANUAL_OVERRIDE,,2026-09-09,,,,NOT_REQUESTED,27.7,19.2,70.7
MH_487_550946,Naikwadi,Naikwadi,Nashik,Nashik,20.10793,73.65402,97.74,19.33,3.3,762.4,53.4,698.4,826.5,14.5,213.5,8.0,6.0,4.0,72.0,6.0,4.0,0.0,25.0,29.5,21.0,2.57,0.12171452446491116,27.07,21.64,32.23,17.3,35.76,4.77,MODERATE,Orographic Sahyadri Elevation Gradient,Manual demo override,MANUAL_OVERRIDE,,2026-09-09,,,,NOT_REQUESTED,27.8,19.3,70.8
MH_487_550947,Vadgaon,Vadgaon,Nashik,Nashik,20.10419,73.68498,100.87,16.78,2.6,743.7,52.1,681.2,806.2,14.5,214.8,8.0,6.0,4.0,72.0,6.0,4.0,0.0,25.0,29.5,21.0,2.57,0.28326794487302737,27.18,21.91,31.92,16.71,35.97,4.87,MODERATE,Orographic Sahyadri Elevation Gradient,Manual demo override,MANUAL_OVERRIDE,,2026-09-09,,,,NOT_REQUESTED,27.9,19.4,70.9
MH_487_550956,Nagalwadi,Nagalwadi,Nashik,Nashik,20.05962,73.64155,95.76,17.33,30.1,767.8,53.7,703.3,832.2,14.5,212.9,8.0,6.0,4.0,72.0,6.0,4.0,0.0,25.0,29.5,21.0,2.57,0.20966959717475758,27.33,23.09,31.57,17.84,35.61,4.57,MODERATE,Orographic Sahyadri Elevation Gradient,Manual demo override,MANUAL_OVERRIDE,,2026-09-09,,,,NOT_REQUESTED,27.7,19.2,70.9
MH_487_550966,Ganeshgaon Naik,Ganeshgaon Naik,Nashik,Nashik,19.99213,73.63724,94.84,12.62,30.9,767.3,53.7,702.9,831.7,14.5,212.8,8.0,6.0,4.0,72.0,6.0,4.0,0.0,25.0,29.5,21.0,2.57,0.39951024055408135,27.26,22.35,31.59,17.99,35.97,4.57,MODERATE,Orographic Sahyadri Elevation Gradient,Manual demo override,MANUAL_OVERRIDE,,2026-09-09,,,,NOT_REQUESTED,27.7,19.2,70.9
MH_487_550957,Ozarkhede,Ozarkhede,Nashik,Nashik,20.04243,73.63991,95.41,16.18,30.4,768.0,53.8,703.4,832.5,14.5,212.9,8.0,6.0,4.0,72.0,6.0,4.0,0.0,25.0,29.5,21.0,2.57,0.2550516982015738,27.32,22.63,32.28,18.21,35.22,4.55,MODERATE,Orographic Sahyadri Elevation Gradient,Manual demo override,MANUAL_OVERRIDE,,2026-09-09,,,,NOT_REQUESTED,27.7,19.2,70.9
MH_487_550954,Girnare,Girnare,Nashik,Nashik,20.07165,73.66133,97.95,16.22,3.1,756.4,52.9,692.9,819.9,14.5,213.8,8.0,6.0,4.0,72.0,6.0,4.0,0.0,25.0,29.5,21.0,2.57,0.26538310445732577,27.05,22.6,32.11,16.92,35.48,4.74,MODERATE,Orographic Sahyadri Elevation Gradient,Manual demo override,MANUAL_OVERRIDE,,2026-09-09,,,,NOT_REQUESTED,27.8,19.3,70.8
MH_487_550955,Dugaon,Dugaon,Nashik,Nashik,20.07313,73.69601,101.57,13.49,2.3,735.7,51.5,673.9,797.5,14.5,215.2,8.0,6.0,4.0,72.0,6.0,4.0,0.0,25.0,29.5,21.0,2.57,0.42168738610415163,27.24,22.13,32.31,17.52,35.99,4.87,MODERATE,Orographic Sahyadri Elevation Gradient,Manual demo override,MANUAL_OVERRIDE,,2026-09-09,,,,NOT_REQUESTED,27.9,19.4,70.9
MH_487_550977,Gangavarhe,Gangavarhe,Nashik,Nashik,20.01506,73.68357,99.77,11.46,2.6,740.5,51.8,678.4,802.7,14.5,214.7,8.0,6.0,4.0,72.0,6.0,4.0,0.0,25.0,29.5,21.0,2.57,0.5331722644780618,27.71,23.04,32.24,17.46,36.19,4.78,MODERATE,Orographic Sahyadri Elevation Gradient,Manual demo override,MANUAL_OVERRIDE,,2026-09-09,,,,NOT_REQUESTED,27.9,19.4,71.1
MH_487_550973,Mahadeopur,Mahadeopur,Nashik,Nashik,20.05413,73.70667,102.47,11.25,2.1,728.4,51.0,667.2,789.6,14.5,215.7,8.0,6.0,4.0,72.0,6.0,4.0,0.0,25.0,29.5,21.0,2.57,0.5225444155081128,27.57,23.34,32.55,17.95,35.7,4.55,MODERATE,Orographic Sahyadri Elevation Gradient,Manual demo override,MANUAL_OVERRIDE,,2026-09-09,,,,NOT_REQUESTED,28.0,19.5,71.0
MH_487_550976,Sawargaon,Sawargaon,Nashik,Nashik,20.02147,73.70455,101.99,9.59,2.1,728.2,51.0,667.0,789.4,14.5,215.6,8.0,6.0,4.0,72.0,6.0,4.0,0.0,25.0,29.5,21.0,2.57,0.6057411645165439,27.49,23.02,31.91,17.38,35.33,4.5,MODERATE,Orographic Sahyadri Elevation Gradient,Manual demo override,MANUAL_OVERRIDE,,2026-09-09,,,,NOT_REQUESTED,28.0,19.5,71.0
MH_487_550978,Dudgaon,Dudgaon,Nashik,Nashik,19.97794,73.65435,96.6,13.66,3.3,756.4,52.9,692.9,819.9,14.5,213.5,8.0,6.0,4.0,72.0,6.0,4.0,0.0,25.0,29.5,21.0,2.57,0.5182277469422736,27.37,22.85,31.89,17.15,36.11,4.75,MODERATE,Orographic Sahyadri Elevation Gradient,Manual demo override,MANUAL_OVERRIDE,,2026-09-09,,,,NOT_REQUESTED,27.8,19.3,70.9
MH_487_550979,Wasali,Wasali,Nashik,Nashik,19.9919,73.68481,99.81,10.99,2.6,738.8,51.7,676.7,800.8,14.5,214.8,8.0,6.0,4.0,72.0,6.0,4.0,0.0,25.0,29.5,21.0,2.57,0.604605928613646,27.56,22.71,32.61,17.77,36.33,4.85,MODERATE,Orographic Sahyadri Elevation Gradient,Manual demo override,MANUAL_OVERRIDE,,2026-09-09,,,,NOT_REQUESTED,27.9,19.4,71.0
MH_487_550983,Talegaon Anjaneri,Talegaon Anjaneri,Nashik,Nashik,19.945,73.65982,97.22,13.58,3.2,751.6,52.6,688.5,814.8,14.5,213.7,8.0,6.0,4.0,72.0,6.0,4.0,0.0,25.0,29.5,21.0,2.57,0.6472046963381876,27.59,22.42,31.71,18.68,36.09,4.5,MODERATE,Orographic Sahyadri Elevation Gradient,Manual demo override,MANUAL_OVERRIDE,,2026-09-09,,,,NOT_REQUESTED,27.8,19.3,71.0
MH_487_550984,Jategaon,Jategaon,Nashik,Nashik,19.92068,73.65155,96.48,12.89,3.3,755.5,52.9,692.0,819.0,14.5,213.4,8.0,6.0,4.0,72.0,6.0,4.0,0.0,25.0,29.5,21.0,2.57,0.7034324113984571,27.54,22.95,32.33,18.02,36.59,4.67,MODERATE,Orographic Sahyadri Elevation Gradient,Manual demo override,MANUAL_OVERRIDE,,2026-09-09,,,,NOT_REQUESTED,27.8,19.3,71.0
MH_487_550982,Mahirawani,Mahirawani,Nashik,Nashik,19.96312,73.67678,98.95,12.2,2.8,742.3,52.0,679.9,804.7,14.5,214.4,8.0,6.0,4.0,72.0,6.0,4.0,0.0,25.0,29.5,21.0,2.57,0.6552346417464483,27.34,22.36,31.68,18.02,35.47,4.57,MODERATE,Orographic Sahyadri Elevation Gradient,Manual demo override,MANUAL_OVERRIDE,,2026-09-09,,,,NOT_REQUESTED,27.9,19.4,70.9
MH_487_550981,Belgaon Dhaga,Belgaon Dhaga,Nashik,Nashik,19.96256,73.70214,101.6,9.68,2.2,727.0,50.9,666.0,788.1,14.5,215.5,8.0,6.0,4.0,72.0,6.0,4.0,0.0,25.0,29.5,21.0,2.57,0.7525810901029131,27.48,22.6,32.85,17.29,35.41,4.66,MODERATE,Orographic Sahyadri Elevation Gradient,Manual demo override,MANUAL_OVERRIDE,,2026-09-09,,,,NOT_REQUESTED,28.0,19.5,71.0
MH_487_550980,Tiradshet,Tiradshet,Nashik,Nashik,19.97513,73.72032,103.5,7.47,1.8,716.7,50.2,656.4,776.9,14.5,216.3,8.0,6.0,4.0,72.0,6.0,4.0,0.0,25.0,29.5,21.0,2.57,0.7883063947940417,27.7,23.12,32.85,18.52,35.79,4.49,MODERATE,Orographic Sahyadri Elevation Gradient,Manual demo override,MANUAL_OVERRIDE,,2026-09-09,,,,NOT_REQUESTED,28.1,19.6,71.1
MH_487_550986,Sarul,Sarul,Nashik,Nashik,19.93336,73.70727,102.23,10.7,2.1,722.6,50.6,661.9,783.4,14.5,215.7,8.0,6.0,4.0,72.0,6.0,4.0,0.0,25.0,29.5,21.0,2.57,0.8445126837075273,27.92,22.89,33.57,17.67,36.75,4.84,MODERATE,Orographic Sahyadri Elevation Gradient,Manual demo override,MANUAL_OVERRIDE,,2026-09-09,,,,NOT_REQUESTED,28.0,19.5,71.2
MH_487_551139,Ghoti Bk,Ghoti Bk,Central,Nashik,19.71357,73.6252,93.23,27.08,32.9,762.0,53.3,698.0,826.0,14.5,212.3,12.0,14.0,10.0,58.0,4.0,2.0,0.0,25.0,29.5,21.0,3.72,1.6119277221375208,29.52,24.92,35.28,19.8,37.82,4.69,MODERATE,Orographic Sahyadri Elevation Gradient,Manual demo override,MANUAL_OVERRIDE,,2026-09-09,,,,NOT_REQUESTED,27.8,19.3,71.8
MH_487_999999,Water Body,Water Body,Central,Nashik,19.74852,73.71783,103.67,27.89,1.8,708.0,49.6,648.5,767.5,14.5,216.1,12.0,14.0,10.0,58.0,4.0,2.0,0.0,25.0,29.5,21.0,3.72,1.4194068451876405,29.54,25.17,34.46,18.81,37.89,4.61,MODERATE,Orographic Sahyadri Elevation Gradient,Manual demo override,MANUAL_OVERRIDE,,2026-09-09,,,,NOT_REQUESTED,28.1,19.6,71.8
MH_487_550968,Dari,Dari,Nashik,Nashik,20.08553,73.74066,106.36,11.81,1.3,709.5,49.7,649.8,769.1,14.5,217.1,8.0,6.0,4.0,72.0,6.0,4.0,0.0,25.0,29.5,21.0,2.57,0.5750470624907781,27.43,22.59,32.4,17.92,36.74,4.84,MODERATE,Orographic Sahyadri Elevation Gradient,Manual demo override,MANUAL_OVERRIDE,,2026-09-09,,,,NOT_REQUESTED,28.1,19.6,71.0
MH_487_550972,Yashwantnagar,Yashwantnagar,Nashik,Nashik,20.05821,73.72632,104.56,10.09,1.7,716.8,50.2,656.6,777.1,14.5,216.5,8.0,6.0,4.0,72.0,6.0,4.0,0.0,25.0,29.5,21.0,2.57,0.5930905729956639,27.55,22.25,32.44,17.81,36.39,4.74,MODERATE,Orographic Sahyadri Elevation Gradient,Manual demo override,MANUAL_OVERRIDE,,2026-09-09,,,,NOT_REQUESTED,28.1,19.6,71.0
MH_487_550971,Mungsare,Mungsare,Nashik,Nashik,20.06377,73.73377,105.39,10.09,1.5,712.6,49.9,652.7,772.5,14.5,216.8,8.0,6.0,4.0,72.0,6.0,4.0,0.0,25.0,29.5,21.0,2.57,0.6068836583215591,27.58,21.79,32.41,18.14,36.38,4.84,MODERATE,Orographic Sahyadri Elevation Gradient,Manual demo override,MANUAL_OVERRIDE,,2026-09-09,,,,NOT_REQUESTED,28.1,19.6,71.0
MH_487_550974,Jalalpur,Jalalpur,Nashik,Nashik,20.03995,73.73026,104.8,8.36,1.6,713.6,50.0,653.6,773.6,14.5,216.7,8.0,6.0,4.0,72.0,6.0,4.0,0.0,25.0,29.5,21.0,2.57,0.6600997329577193,27.47,22.81,31.91,17.94,35.66,4.64,MODERATE,Orographic Sahyadri Elevation Gradient,Manual demo override,MANUAL_OVERRIDE,,2026-09-09,,,,NOT_REQUESTED,28.1,19.6,71.0
MH_487_550970,Chandshi,Chandshi,Nashik,Nashik,20.03966,73.7533,107.2,6.72,1.1,699.8,49.0,641.0,758.6,14.5,217.6,8.0,6.0,4.0,72.0,6.0,4.0,0.0,25.0,29.5,21.0,2.57,0.7451077719382698,27.89,23.32,33.03,18.3,36.63,4.61,MODERATE,Orographic Sahyadri Elevation Gradient,Manual demo override,MANUAL_OVERRIDE,,2026-09-09,,,,NOT_REQUESTED,28.2,19.7,71.2
MH_487_550969,Matori,Matori,Nashik,Nashik,20.06806,73.7597,108.13,9.24,0.9,697.2,48.8,638.7,755.8,14.5,217.9,8.0,6.0,4.0,72.0,6.0,4.0,0.0,25.0,29.5,21.0,2.57,0.6852725297914035,27.73,22.85,32.1,17.5,35.93,4.73,MODERATE,Orographic Sahyadri Elevation Gradient,Manual demo override,MANUAL_OVERRIDE,,2026-09-09,,,,NOT_REQUESTED,28.2,19.7,71.1
MH_487_551019,Vilholi,Vilholi,Central,Nashik,19.92483,73.73106,104.75,9.51,1.6,708.0,49.6,648.5,767.5,14.5,216.7,12.0,14.0,10.0,58.0,4.0,2.0,0.0,25.0,29.5,21.0,2.63,0.9288161372764866,27.92,22.89,32.6,17.96,36.59,4.76,MODERATE,Orographic Sahyadri Elevation Gradient,Manual demo override,MANUAL_OVERRIDE,,2026-09-09,,,,NOT_REQUESTED,28.1,19.6,71.2
MH_487_999999,Kas,Kas,Central,Nashik,20.02434,73.65293,96.63,14.82,3.3,759.3,53.2,695.5,823.2,14.5,213.4,12.0,14.0,10.0,58.0,4.0,2.0,0.0,25.0,29.5,21.0,2.63,0.36924809100636957,27.31,22.71,31.44,17.52,35.79,4.59,MODERATE,Orographic Sahyadri Elevation Gradient,Manual demo override,MANUAL_OVERRIDE,,2026-09-09,,,,NOT_REQUESTED,27.8,19.3,70.9
MH_487_551263,Shindewadi,Shindewadi,Sinnar,Nashik,19.77076,74.11966,144.26,34.4,-7.2,521.6,36.5,477.8,565.4,3.2,233.0,12.0,14.0,10.0,58.0,4.0,2.0,0.0,25.0,29.5,21.0,-2.61,0.7874611315260396,22.59,18.04,27.16,13.05,31.29,4.63,MODERATE,Rain-Shadow Plateau Topography,Manual demo override,MANUAL_OVERRIDE,,2026-09-09,,,,NOT_REQUESTED,29.7,21.2,69.0
MH_487_551154,Maparwadi,Maparwadi,Sinnar,Nashik,19.87877,74.00219,133.38,25.05,-4.5,535.7,37.5,490.7,580.7,3.2,228.1,12.0,14.0,10.0,58.0,4.0,2.0,0.0,25.0,29.5,21.0,2.63,0.7653082110025612,27.75,23.04,32.52,17.63,36.11,4.64,MODERATE,Rain-Shadow Plateau Topography,Manual demo override,MANUAL_OVERRIDE,,2026-09-09,,,,NOT_REQUESTED,29.3,20.8,71.1
MH_487_551192,Bhokani,Bhokani,Sinnar,Nashik,19.81646,74.15064,148.86,29.61,-7.9,517.9,36.3,474.4,561.5,3.2,234.3,12.0,14.0,10.0,58.0,4.0,2.0,0.0,25.0,29.5,21.0,-2.63,0.6191769825206224,22.42,18.07,27.53,12.77,30.76,4.6,MODERATE,Rain-Shadow Plateau Topography,Manual demo override,MANUAL_OVERRIDE,,2026-09-09,,,,NOT_REQUESTED,30.0,21.5,69.0
MH_487_551156,Kedarpur,Kedarpur,Sinnar,Nashik,19.84818,74.09078,142.91,25.85,-6.5,525.1,36.8,480.9,569.3,3.2,231.8,12.0,14.0,10.0,58.0,4.0,2.0,0.0,25.0,29.5,21.0,-2.52,0.6463209858364855,22.59,17.77,26.91,12.93,31.17,4.59,MODERATE,Rain-Shadow Plateau Topography,Manual demo override,MANUAL_OVERRIDE,,2026-09-09,,,,NOT_REQUESTED,29.8,21.3,69.0
MH_487_551157,Shahapur,Shahapur,Sinnar,Nashik,19.8486,74.10028,143.9,25.75,-6.8,524.0,36.7,479.9,568.0,3.2,232.2,12.0,14.0,10.0,58.0,4.0,2.0,0.0,25.0,29.5,21.0,-2.52,0.6264111532129915,22.47,18.02,27.31,12.69,30.87,4.63,MODERATE,Rain-Shadow Plateau Topography,Manual demo override,MANUAL_OVERRIDE,,2026-09-09,,,,NOT_REQUESTED,29.8,21.3,69.0
MH_487_551189,Dharangaon,Dharangaon,Sinnar,Nashik,19.83913,74.1652,150.76,27.4,-8.2,516.2,36.1,472.9,559.5,3.2,234.9,12.0,14.0,10.0,58.0,4.0,2.0,0.0,25.0,29.5,21.0,-2.53,0.5358766995255045,22.3,17.82,27.05,12.99,31.04,4.57,MODERATE,Rain-Shadow Plateau Topography,Manual demo override,MANUAL_OVERRIDE,,2026-09-09,,,,NOT_REQUESTED,29.9,21.4,68.9
MH_487_551421,Dahegaon Patoda,Dahegaon Patoda,Yevla,Nashik,20.10432,74.34825,169.71,19.64,-12.3,494.2,34.6,452.7,535.7,3.2,242.6,12.0,14.0,10.0,58.0,4.0,2.0,0.0,25.0,29.5,21.0,-2.53,-0.23173688209849938,21.61,17.16,26.34,12.12,30.06,4.64,MODERATE,Rain-Shadow Plateau Topography,Manual demo override,MANUAL_OVERRIDE,,2026-09-09,,,,NOT_REQUESTED,30.0,21.5,68.6
MH_487_551431,Manori Bk,Manori Bk,Yevla,Nashik,20.03845,74.32541,166.87,18.74,-11.8,497.0,34.8,455.2,538.7,3.2,241.7,12.0,14.0,10.0,58.0,4.0,2.0,0.0,25.0,29.5,21.0,-2.53,-0.10183219307773654,21.72,17.05,26.6,11.41,30.51,4.74,MODERATE,Rain-Shadow Plateau Topography,Manual demo override,MANUAL_OVERRIDE,,2026-09-09,,,,NOT_REQUESTED,30.0,21.5,68.7
MH_487_551489,Bhingare,Bhingare,Yevla,Nashik,20.00663,74.37998,172.47,12.56,-13.0,490.4,34.3,449.2,531.6,3.2,244.0,12.0,14.0,10.0,58.0,4.0,2.0,0.0,25.0,29.5,21.0,-2.52,-0.07761958920252944,21.65,17.1,26.41,11.97,29.75,4.62,MODERATE,Rain-Shadow Plateau Topography,Manual demo override,MANUAL_OVERRIDE,,2026-09-09,,,,NOT_REQUESTED,30.1,21.6,68.7
MH_487_551426,Satare,Satare,Yevla,Nashik,20.0816,74.37808,172.62,15.64,-13.0,490.6,34.3,449.5,531.8,3.2,243.9,12.0,14.0,10.0,58.0,4.0,2.0,0.0,25.0,29.5,21.0,-2.52,-0.2202866397156466,21.63,17.4,26.05,11.77,30.4,4.69,MODERATE,Rain-Shadow Plateau Topography,Manual demo override,MANUAL_OVERRIDE,,2026-09-09,,,,NOT_REQUESTED,30.1,21.6,68.7
MH_487_551162,Bhatwadi,Bhatwadi,Sinnar,Nashik,19.82639,73.98893,132.59,27.63,-4.3,537.3,37.6,492.2,582.4,3.2,227.5,12.0,14.0,10.0,58.0,4.0,2.0,0.0,25.0,29.5,21.0,2.63,0.9130814292124552,27.83,23.18,32.56,18.23,36.4,4.63,MODERATE,Rain-Shadow Plateau Topography,Manual demo override,MANUAL_OVERRIDE,,2026-09-09,,,,NOT_REQUESTED,29.2,20.7,71.1
MH_487_551514,Garkhede,Garkhede,Yevla,Nashik,20.03097,74.60891,196.44,11.89,-15.0,462.9,32.4,424.1,501.8,3.2,253.6,12.0,14.0,10.0,58.0,4.0,2.0,0.0,25.0,29.5,21.0,-2.53,-0.5094338443156359,21.34,16.95,25.9,11.78,29.72,4.61,MODERATE,Rain-Shadow Plateau Topography,Manual demo override,MANUAL_OVERRIDE,,2026-09-09,,,,NOT_REQUESTED,30.2,21.7,68.5
MH_487_551236,Padali,Padali,Sinnar,Nashik,19.68348,73.94586,124.14,37.78,-3.3,542.5,38.0,496.9,588.1,3.2,225.7,12.0,14.0,10.0,58.0,4.0,2.0,0.0,25.0,29.5,21.0,2.22,1.2889954635243601,27.88,23.29,32.85,18.04,36.49,4.67,MODERATE,Rain-Shadow Plateau Topography,Manual demo override,MANUAL_OVERRIDE,,2026-09-09,,,,NOT_REQUESTED,29.5,21.0,71.2
MH_487_551237,Sonewadi,Sonewadi,Sinnar,Nashik,19.67768,74.03542,133.09,43.19,-5.3,531.7,37.2,487.1,576.4,3.2,229.5,12.0,14.0,10.0,58.0,4.0,2.0,0.0,25.0,29.5,21.0,2.22,1.147183779560818,27.72,22.98,32.3,18.09,36.22,4.63,MODERATE,Rain-Shadow Plateau Topography,Manual demo override,MANUAL_OVERRIDE,,2026-09-09,,,,NOT_REQUESTED,29.6,21.1,71.1
MH_487_551238,Bhojapur,Bhojapur,Sinnar,Nashik,19.67347,74.06161,135.66,45.23,-5.9,528.6,37.0,484.2,573.0,3.2,230.6,12.0,14.0,10.0,58.0,4.0,2.0,0.0,25.0,29.5,21.0,-1.81,1.1105894234163656,23.7,19.14,28.88,14.51,32.32,4.62,MODERATE,Rain-Shadow Plateau Topography,Manual demo override,MANUAL_OVERRIDE,,2026-09-09,,,,NOT_REQUESTED,29.6,21.1,69.5
MH_487_551240,Kasarwadi,Kasarwadi,Sinnar,Nashik,19.66638,74.08383,137.76,46.07,-6.4,525.9,36.8,481.8,570.1,3.2,231.5,12.0,14.0,10.0,58.0,4.0,2.0,0.0,25.0,29.5,21.0,-1.81,1.0874979333639487,23.57,18.92,28.22,13.85,32.17,4.7,MODERATE,Rain-Shadow Plateau Topography,Manual demo override,MANUAL_OVERRIDE,,2026-09-09,,,,NOT_REQUESTED,29.7,21.2,69.4
MH_487_551241,Nalwadi,Nalwadi,Sinnar,Nashik,19.66664,74.11713,141.18,45.97,-7.1,521.9,36.5,478.1,565.7,3.2,232.9,12.0,14.0,10.0,58.0,4.0,2.0,0.0,25.0,29.5,21.0,-2.61,1.0305243496633296,22.63,17.78,27.1,13.0,31.17,4.64,MODERATE,Rain-Shadow Plateau Topography,Manual demo override,MANUAL_OVERRIDE,,2026-09-09,,,,NOT_REQUESTED,29.7,21.2,69.1
MH_487_551143,Bramhan Wade,Bramhan Wade,Sinnar,Nashik,19.92481,73.93579,126.13,16.87,-3.1,543.7,38.1,498.0,589.4,3.2,225.3,12.0,14.0,10.0,58.0,4.0,2.0,0.0,25.0,29.5,21.0,2.63,0.8277246478634002,27.75,23.29,32.43,18.22,36.37,4.65,MODERATE,Rain-Shadow Plateau Topography,Manual demo override,MANUAL_OVERRIDE,,2026-09-09,,,,NOT_REQUESTED,29.2,20.7,71.1
MH_487_551169,Mahajanpur,Mahajanpur,Sinnar,Nashik,19.9226,74.24913,158.87,22.75,-10.1,506.1,35.4,463.6,548.6,3.2,238.5,12.0,14.0,10.0,58.0,4.0,2.0,0.0,25.0,29.5,21.0,-2.53,0.20581883677837723,22.02,17.58,26.74,12.12,30.09,4.6,MODERATE,Rain-Shadow Plateau Topography,Manual demo override,MANUAL_OVERRIDE,,2026-09-09,,,,NOT_REQUESTED,30.0,21.5,68.8
MH_487_551179,Ujjani,Ujjani,Sinnar,Nashik,19.89981,74.25475,159.58,25.1,-10.2,505.4,35.4,462.9,547.9,3.2,238.7,12.0,14.0,10.0,58.0,4.0,2.0,0.0,25.0,29.5,21.0,-2.53,0.25732061013168256,22.08,17.78,26.72,12.53,30.93,4.63,MODERATE,Rain-Shadow Plateau Topography,Manual demo override,MANUAL_OVERRIDE,,2026-09-09,,,,NOT_REQUESTED,30.0,21.5,68.8
MH_487_550995,Madsangavi,Madsangavi,Nashik,Nashik,19.99873,73.8811,120.33,9.57,-1.8,550.3,38.5,504.1,596.5,3.2,223.0,8.0,6.0,4.0,72.0,6.0,4.0,0.0,25.0,29.5,21.0,2.57,0.8376260019365777,27.7,23.21,32.17,18.34,36.22,4.56,MODERATE,Horticultural Orchard Microclimate,Manual demo override,MANUAL_OVERRIDE,,2026-09-09,,,,NOT_REQUESTED,29.1,20.6,71.1
MH_487_551010,Nanegaon,Nanegaon,Nashik,Nashik,19.89301,73.86958,119.43,13.62,-1.6,551.6,38.6,505.3,598.0,3.2,222.5,8.0,6.0,4.0,72.0,6.0,4.0,0.0,25.0,29.5,21.0,2.57,1.0112062152036017,27.91,23.2,32.56,18.15,36.96,4.76,MODERATE,Horticultural Orchard Microclimate,Manual demo override,MANUAL_OVERRIDE,,2026-09-09,,,,NOT_REQUESTED,29.1,20.6,71.2
MH_487_551009,Shewge Darna,Shewge Darna,Nashik,Nashik,19.91266,73.86544,118.86,11.67,-1.5,552.1,38.7,505.7,598.6,3.2,222.3,8.0,6.0,4.0,72.0,6.0,4.0,0.0,25.0,29.5,21.0,2.57,0.9885521516160427,27.93,23.59,32.61,17.88,36.15,4.66,MODERATE,Horticultural Orchard Microclimate,Manual demo override,MANUAL_OVERRIDE,,2026-09-09,,,,NOT_REQUESTED,29.1,20.6,71.2
MH_487_551201,Saradwadi,Saradwadi,Sinnar,Nashik,19.84848,73.97169,130.52,24.67,-3.9,539.4,37.8,494.0,584.8,3.2,226.8,12.0,14.0,10.0,58.0,4.0,2.0,0.0,25.0,29.5,21.0,2.63,0.9010931486207104,27.99,23.28,32.18,18.11,36.53,4.67,MODERATE,Rain-Shadow Plateau Topography,Manual demo override,MANUAL_OVERRIDE,,2026-09-09,,,,NOT_REQUESTED,29.2,20.7,71.2
MH_487_551008,Palse,Palse,Nashik,Nashik,19.91029,73.8865,121.07,13.43,-1.9,549.6,38.5,503.4,595.8,3.2,223.2,8.0,6.0,4.0,72.0,6.0,4.0,0.0,25.0,29.5,21.0,2.57,0.9572942101678339,27.85,23.47,32.98,18.3,36.51,4.71,MODERATE,Horticultural Orchard Microclimate,Manual demo override,MANUAL_OVERRIDE,,2026-09-09,,,,NOT_REQUESTED,29.2,20.7,71.1
MH_487_551007,Shinde,Shinde,Nashik,Nashik,19.91439,73.90997,123.49,15.1,-2.5,546.8,38.3,500.8,592.8,3.2,224.2,8.0,6.0,4.0,72.0,6.0,4.0,0.0,25.0,29.5,21.0,2.57,0.9046937356795682,27.79,22.5,32.52,18.52,36.06,4.63,MODERATE,Horticultural Orchard Microclimate,Manual demo override,MANUAL_OVERRIDE,,2026-09-09,,,,NOT_REQUESTED,29.2,20.7,71.1
MH_487_551013,Rahuri,Rahuri,Nashik,Nashik,19.86168,73.85435,118.16,15.77,-1.2,553.5,38.7,507.0,599.9,3.2,221.9,8.0,6.0,4.0,72.0,6.0,4.0,0.0,25.0,29.5,21.0,2.57,1.0805347829233602,28.02,23.22,32.9,18.57,36.09,4.64,MODERATE,Horticultural Orchard Microclimate,Manual demo override,MANUAL_OVERRIDE,,2026-09-09,,,,NOT_REQUESTED,29.1,20.6,71.2
MH_487_551012,Donwade,Donwade,Nashik,Nashik,19.86676,73.87225,119.96,16.18,-1.6,551.3,38.6,505.0,597.7,3.2,222.6,8.0,6.0,4.0,72.0,6.0,4.0,0.0,25.0,29.5,21.0,2.57,1.049402979199448,27.97,23.44,32.88,18.62,36.91,4.69,MODERATE,Horticultural Orchard Microclimate,Manual demo override,MANUAL_OVERRIDE,,2026-09-09,,,,NOT_REQUESTED,29.1,20.6,71.2
MH_487_551195,Mohu,Mohu,Sinnar,Nashik,19.90314,73.93894,126.59,18.32,-3.1,543.3,38.0,497.7,588.9,3.2,225.4,12.0,14.0,10.0,58.0,4.0,2.0,0.0,25.0,29.5,21.0,2.63,0.8611773350639297,27.84,23.38,32.93,17.97,36.27,4.61,MODERATE,Rain-Shadow Plateau Topography,Manual demo override,MANUAL_OVERRIDE,,2026-09-09,,,,NOT_REQUESTED,29.2,20.7,71.1
MH_487_551194,Chincholi,Chincholi,Sinnar,Nashik,19.88294,73.92171,124.95,18.2,-2.7,545.4,38.2,499.6,591.2,3.2,224.7,12.0,14.0,10.0,58.0,4.0,2.0,0.0,25.0,29.5,21.0,2.63,0.9359897866321737,27.9,22.94,33.26,18.25,36.37,4.69,MODERATE,Rain-Shadow Plateau Topography,Manual demo override,MANUAL_OVERRIDE,,2026-09-09,,,,NOT_REQUESTED,29.2,20.7,71.2
MH_487_551197,Vadgaon Pingala,Vadgaon Pingala,Sinnar,Nashik,19.86757,73.89571,122.4,17.53,-2.2,548.5,38.4,502.4,594.6,3.2,223.6,12.0,14.0,10.0,58.0,4.0,2.0,0.0,25.0,29.5,21.0,2.63,1.0116978346152015,28.03,23.19,33.55,18.57,36.97,4.72,MODERATE,Rain-Shadow Plateau Topography,Manual demo override,MANUAL_OVERRIDE,,2026-09-09,,,,NOT_REQUESTED,29.2,20.7,71.2
MH_487_551196,Mohdari,Mohdari,Sinnar,Nashik,19.8776,73.94968,127.92,20.85,-3.4,542.0,37.9,496.6,587.5,3.2,225.9,12.0,14.0,10.0,58.0,4.0,2.0,0.0,25.0,29.5,21.0,2.63,0.8874830220300166,27.9,23.51,32.28,17.92,35.89,4.58,MODERATE,Rain-Shadow Plateau Topography,Manual demo override,MANUAL_OVERRIDE,,2026-09-09,,,,NOT_REQUESTED,29.2,20.7,71.2
MH_487_551152,Wadzire,Wadzire,Sinnar,Nashik,19.90614,73.96633,129.43,20.66,-3.7,540.0,37.8,494.7,585.4,3.2,226.6,12.0,14.0,10.0,58.0,4.0,2.0,0.0,25.0,29.5,21.0,2.63,0.7902213147357455,27.8,23.15,32.49,17.9,36.81,4.72,MODERATE,Rain-Shadow Plateau Topography,Manual demo override,MANUAL_OVERRIDE,,2026-09-09,,,,NOT_REQUESTED,29.2,20.7,71.1
MH_487_551145,Deshwandi,Deshwandi,Sinnar,Nashik,19.91411,74.00826,133.76,21.29,-4.7,535.0,37.5,490.0,580.0,3.2,228.3,12.0,14.0,10.0,58.0,4.0,2.0,0.0,25.0,29.5,21.0,2.63,0.6657989374622661,27.45,22.92,32.69,17.52,35.98,4.7,MODERATE,Rain-Shadow Plateau Topography,Manual demo override,MANUAL_OVERRIDE,,2026-09-09,,,,NOT_REQUESTED,29.3,20.8,71.0
MH_487_551150,Baragaon Pimpri,Baragaon Pimpri,Sinnar,Nashik,19.89238,74.04673,137.91,21.89,-5.6,530.4,37.1,485.9,574.9,3.2,230.0,12.0,14.0,10.0,58.0,4.0,2.0,0.0,25.0,29.5,21.0,1.7,0.6253721039463843,26.48,22.12,30.82,16.91,34.92,4.59,MODERATE,Rain-Shadow Plateau Topography,Manual demo override,MANUAL_OVERRIDE,,2026-09-09,,,,NOT_REQUESTED,29.3,20.8,70.6
MH_487_551153,Malegaon,Malegaon,Sinnar,Nashik,19.87774,73.97591,130.65,23.1,-4.0,538.9,37.7,493.7,584.1,3.2,227.0,12.0,14.0,10.0,58.0,4.0,2.0,0.0,25.0,29.5,21.0,2.63,0.8286096279727941,27.9,23.12,32.27,18.23,36.64,4.64,MODERATE,Rain-Shadow Plateau Topography,Manual demo override,MANUAL_OVERRIDE,,2026-09-09,,,,NOT_REQUESTED,29.2,20.7,71.2
MH_487_551199,Jamgaon,Jamgaon,Sinnar,Nashik,19.84936,73.91813,124.94,20.59,-2.7,545.8,38.2,500.0,591.7,3.2,224.6,12.0,14.0,10.0,58.0,4.0,2.0,0.0,25.0,29.5,21.0,2.63,1.005454823427513,28.01,23.52,33.11,18.44,36.69,4.73,MODERATE,Rain-Shadow Plateau Topography,Manual demo override,MANUAL_OVERRIDE,,2026-09-09,,,,NOT_REQUESTED,29.2,20.7,71.2
MH_487_551202,Chandrapur,Chandrapur,Sinnar,Nashik,19.8322,73.92077,125.44,22.24,-2.7,545.5,38.2,499.7,591.3,3.2,224.7,12.0,14.0,10.0,58.0,4.0,2.0,0.0,25.0,29.5,21.0,2.63,1.0335658363625158,27.97,22.94,32.64,18.24,36.29,4.61,MODERATE,Rain-Shadow Plateau Topography,Manual demo override,MANUAL_OVERRIDE,,2026-09-09,,,,NOT_REQUESTED,29.2,20.7,71.2
MH_487_551200,Paste,Paste,Sinnar,Nashik,19.84952,73.947,127.94,22.66,-3.3,542.4,38.0,496.8,588.0,3.2,225.8,12.0,14.0,10.0,58.0,4.0,2.0,0.0,25.0,29.5,21.0,2.63,0.9497075011584728,27.91,22.88,32.8,17.98,36.22,4.69,MODERATE,Rain-Shadow Plateau Topography,Manual demo override,MANUAL_OVERRIDE,,2026-09-09,,,,NOT_REQUESTED,29.2,20.7,71.2
MH_487_551198,Vinchur Dalvi,Vinchur Dalvi,Sinnar,Nashik,19.84726,73.87022,119.99,17.95,-1.6,551.6,38.6,505.3,597.9,3.2,222.5,12.0,14.0,10.0,58.0,4.0,2.0,0.0,25.0,29.5,21.0,2.63,1.0857245011058676,28.04,23.46,32.65,18.28,36.7,4.72,MODERATE,Rain-Shadow Plateau Topography,Manual demo override,MANUAL_OVERRIDE,,2026-09-09,,,,NOT_REQUESTED,29.1,20.6,71.2
MH_487_551204,Pandhurli,Pandhurli,Sinnar,Nashik,19.82608,73.85682,118.9,19.52,-1.3,553.2,38.7,506.7,599.6,3.2,222.0,12.0,14.0,10.0,58.0,4.0,2.0,0.0,25.0,29.5,21.0,2.63,1.140849560976977,28.05,23.24,32.97,18.47,36.73,4.72,MODERATE,Rain-Shadow Plateau Topography,Manual demo override,MANUAL_OVERRIDE,,2026-09-09,,,,NOT_REQUESTED,29.1,20.6,71.2
MH_487_551203,Sawatamalinagar,Sawatamalinagar,Sinnar,Nashik,19.82754,73.87889,121.16,20.31,-1.8,550.5,38.5,504.3,596.7,3.2,222.9,12.0,14.0,10.0,58.0,4.0,2.0,0.0,25.0,29.5,21.0,2.63,1.1096149691736956,28.15,23.22,32.52,18.77,36.73,4.59,MODERATE,Rain-Shadow Plateau Topography,Manual demo override,MANUAL_OVERRIDE,,2026-09-09,,,,NOT_REQUESTED,29.2,20.7,71.3
MH_487_551214,Aundhewadi,Aundhewadi,Sinnar,Nashik,19.75997,73.85026,117.09,26.34,-1.1,554.0,38.8,507.4,600.5,3.2,221.7,12.0,14.0,10.0,58.0,4.0,2.0,0.0,25.0,29.5,21.0,2.63,1.279681592775078,28.22,23.72,33.19,18.53,36.44,4.61,MODERATE,Rain-Shadow Plateau Topography,Manual demo override,MANUAL_OVERRIDE,,2026-09-09,,,,NOT_REQUESTED,29.1,20.6,71.3
MH_487_551211,Borkhind,Borkhind,Sinnar,Nashik,19.79545,73.86662,120.07,23.07,-1.5,552.0,38.6,505.7,598.3,3.2,222.4,12.0,14.0,10.0,58.0,4.0,2.0,0.0,25.0,29.5,21.0,2.63,1.1875147435437743,28.05,23.49,32.72,18.75,36.72,4.64,MODERATE,Rain-Shadow Plateau Topography,Manual demo override,MANUAL_OVERRIDE,,2026-09-09,,,,NOT_REQUESTED,29.1,20.6,71.2
MH_487_551215,Dhondbar,Dhondbar,Sinnar,Nashik,19.76231,73.87728,119.83,26.91,-1.7,550.7,38.6,504.4,597.0,3.2,222.8,12.0,14.0,10.0,58.0,4.0,2.0,0.0,25.0,29.5,21.0,2.63,1.239008929406231,28.18,23.5,32.57,18.73,36.63,4.51,MODERATE,Rain-Shadow Plateau Topography,Manual demo override,MANUAL_OVERRIDE,,2026-09-09,,,,NOT_REQUESTED,29.2,20.7,71.3
MH_487_551210,Shivade,Shivade,Sinnar,Nashik,19.79169,73.89113,122.32,24.46,-2.1,549.1,38.4,503.0,595.1,3.2,223.4,12.0,14.0,10.0,58.0,4.0,2.0,0.0,25.0,29.5,21.0,2.63,1.1605212987651101,28.07,23.47,32.83,18.37,35.91,4.56,MODERATE,Rain-Shadow Plateau Topography,Manual demo override,MANUAL_OVERRIDE,,2026-09-09,,,,NOT_REQUESTED,29.2,20.7,71.2
MH_487_551205,Ghorwad,Ghorwad,Sinnar,Nashik,19.81879,73.89682,123.15,22.07,-2.2,548.4,38.4,502.3,594.5,3.2,223.7,12.0,14.0,10.0,58.0,4.0,2.0,0.0,25.0,29.5,21.0,2.63,1.09935488778615,28.18,23.5,32.95,18.25,36.55,4.71,MODERATE,Rain-Shadow Plateau Topography,Manual demo override,MANUAL_OVERRIDE,,2026-09-09,,,,NOT_REQUESTED,29.2,20.7,71.3
MH_487_551206,Khaparale,Khaparale,Sinnar,Nashik,19.81834,73.92291,125.86,23.61,-2.8,545.3,38.2,499.4,591.1,3.2,224.8,12.0,14.0,10.0,58.0,4.0,2.0,0.0,25.0,29.5,21.0,2.63,1.056817056759971,28.03,23.52,33.24,18.04,36.1,4.7,MODERATE,Rain-Shadow Plateau Topography,Manual demo override,MANUAL_OVERRIDE,,2026-09-09,,,,NOT_REQUESTED,29.2,20.7,71.2
MH_487_551216,Konambe,Konambe,Sinnar,Nashik,19.77329,73.91394,123.86,27.36,-2.6,546.3,38.2,500.5,592.2,3.2,224.4,12.0,14.0,10.0,58.0,4.0,2.0,0.0,25.0,29.5,21.0,2.63,1.1612741143719107,28.1,23.27,33.19,18.25,36.67,4.72,MODERATE,Rain-Shadow Plateau Topography,Manual demo override,MANUAL_OVERRIDE,,2026-09-09,,,,NOT_REQUESTED,29.2,20.7,71.2
MH_487_551217,Jayprakashnagar,Jayprakashnagar,Sinnar,Nashik,19.75895,73.95213,127.13,30.78,-3.4,541.7,37.9,496.3,587.2,3.2,226.0,12.0,14.0,10.0,58.0,4.0,2.0,0.0,25.0,29.5,21.0,2.63,1.1252746850471251,28.0,23.6,32.81,18.37,36.64,4.66,MODERATE,Rain-Shadow Plateau Topography,Manual demo override,MANUAL_OVERRIDE,,2026-09-09,,,,NOT_REQUESTED,29.5,21.0,71.2
MH_487_551208,Sonari,Sonari,Sinnar,Nashik,19.78414,73.95697,128.51,28.79,-3.5,541.2,37.9,495.7,586.6,3.2,226.2,12.0,14.0,10.0,58.0,4.0,2.0,0.0,25.0,29.5,21.0,2.63,1.0646341580113434,27.98,23.53,32.5,18.13,36.19,4.61,MODERATE,Rain-Shadow Plateau Topography,Manual demo override,MANUAL_OVERRIDE,,2026-09-09,,,,NOT_REQUESTED,29.2,20.7,71.2
MH_487_551221,Dubere,Dubere,Sinnar,Nashik,19.77251,73.97715,130.09,31.11,-4.0,538.7,37.7,493.5,584.0,3.2,227.0,12.0,14.0,10.0,58.0,4.0,2.0,0.0,25.0,29.5,21.0,2.63,1.0516257373786542,28.05,23.8,32.41,18.45,36.09,4.55,MODERATE,Rain-Shadow Plateau Topography,Manual demo override,MANUAL_OVERRIDE,,2026-09-09,,,,NOT_REQUESTED,29.5,21.0,71.2
MH_487_551228,Adwadi,Adwadi,Sinnar,Nashik,19.73491,73.93158,124.27,32.0,-3.0,544.2,38.1,498.5,589.9,3.2,225.1,12.0,14.0,10.0,58.0,4.0,2.0,0.0,25.0,29.5,21.0,2.63,1.20949276829686,28.11,23.74,32.56,18.28,36.52,4.61,MODERATE,Rain-Shadow Plateau Topography,Manual demo override,MANUAL_OVERRIDE,,2026-09-09,,,,NOT_REQUESTED,29.5,21.0,71.2
MH_487_551227,Krishnanagar,Krishnanagar,Sinnar,Nashik,19.74024,73.97551,128.84,33.88,-3.9,538.9,37.7,493.7,584.2,3.2,227.0,12.0,14.0,10.0,58.0,4.0,2.0,0.0,25.0,29.5,21.0,2.22,1.1223574692002802,27.65,23.11,32.04,18.08,36.24,4.63,MODERATE,Rain-Shadow Plateau Topography,Manual demo override,MANUAL_OVERRIDE,,2026-09-09,,,,NOT_REQUESTED,29.5,21.0,71.1
MH_487_551207,Harsule,Harsule,Sinnar,Nashik,19.81494,73.9538,129.12,25.93,-3.5,541.5,37.9,496.1,587.0,3.2,226.1,12.0,14.0,10.0,58.0,4.0,2.0,0.0,25.0,29.5,21.0,2.63,1.0069834648821683,27.92,23.41,32.37,18.26,36.46,4.66,MODERATE,Rain-Shadow Plateau Topography,Manual demo override,MANUAL_OVERRIDE,,2026-09-09,,,,NOT_REQUESTED,29.2,20.7,71.2
MH_487_551163,Shastrinagar,Shastrinagar,Sinnar,Nashik,19.82277,73.96859,130.53,26.35,-3.8,539.8,37.8,494.4,585.1,3.2,226.7,12.0,14.0,10.0,58.0,4.0,2.0,0.0,25.0,29.5,21.0,2.63,0.9619289214012013,27.91,23.48,32.46,17.95,36.23,4.65,MODERATE,Rain-Shadow Plateau Topography,Manual demo override,MANUAL_OVERRIDE,,2026-09-09,,,,NOT_REQUESTED,29.2,20.7,71.2
MH_487_551164,Wadgaon Sinnar,Wadgaon Sinnar,Sinnar,Nashik,19.80396,73.97521,131.04,28.34,-3.9,539.0,37.7,493.7,584.2,3.2,227.0,12.0,14.0,10.0,58.0,4.0,2.0,0.0,25.0,29.5,21.0,2.63,0.9887162112905058,28.03,22.84,32.76,18.57,36.37,4.7,MODERATE,Rain-Shadow Plateau Topography,Manual demo override,MANUAL_OVERRIDE,,2026-09-09,,,,NOT_REQUESTED,29.2,20.7,71.2
MH_487_551218,Manegaon,Manegaon,Sinnar,Nashik,19.80263,74.01333,134.75,31.29,-4.8,534.4,37.4,489.5,579.3,3.2,228.6,12.0,14.0,10.0,58.0,4.0,2.0,0.0,25.0,29.5,21.0,2.63,0.9160250196376303,28.0,23.43,32.87,18.03,36.54,4.67,MODERATE,Rain-Shadow Plateau Topography,Manual demo override,MANUAL_OVERRIDE,,2026-09-09,,,,NOT_REQUESTED,29.6,21.1,71.2
MH_487_551219,Dhondvirnagar,Dhondvirnagar,Sinnar,Nashik,19.80122,74.03679,137.02,31.93,-5.3,531.6,37.2,486.9,576.2,3.2,229.5,12.0,14.0,10.0,58.0,4.0,2.0,0.0,25.0,29.5,21.0,1.7,0.8720390653043859,26.95,22.49,31.95,17.12,35.38,4.63,MODERATE,Rain-Shadow Plateau Topography,Manual demo override,MANUAL_OVERRIDE,,2026-09-09,,,,NOT_REQUESTED,29.6,21.1,70.8
MH_487_551222,Patole,Patole,Sinnar,Nashik,19.7773,74.00578,133.1,32.69,-4.6,535.3,37.5,490.3,580.3,3.2,228.2,12.0,14.0,10.0,58.0,4.0,2.0,0.0,25.0,29.5,21.0,2.63,0.9870248571095714,28.05,23.27,32.01,18.27,36.63,4.67,MODERATE,Rain-Shadow Plateau Topography,Manual demo override,MANUAL_OVERRIDE,,2026-09-09,,,,NOT_REQUESTED,29.6,21.1,71.2
MH_487_551226,Ramnagar,Ramnagar,Sinnar,Nashik,19.76512,74.01508,133.61,34.34,-4.8,534.2,37.4,489.3,579.1,3.2,228.6,12.0,14.0,10.0,58.0,4.0,2.0,0.0,25.0,29.5,21.0,2.22,0.9959695835381761,27.57,23.24,32.55,18.04,35.73,4.62,MODERATE,Rain-Shadow Plateau Topography,Manual demo override,MANUAL_OVERRIDE,,2026-09-09,,,,NOT_REQUESTED,29.6,21.1,71.0
MH_487_551234,Ashapur,Ashapur,Sinnar,Nashik,19.70036,73.95483,125.53,36.53,-3.5,541.4,37.9,495.9,586.9,3.2,226.1,12.0,14.0,10.0,58.0,4.0,2.0,0.0,25.0,29.5,21.0,2.22,1.2401450438369548,27.82,23.09,32.6,18.43,36.18,4.57,MODERATE,Rain-Shadow Plateau Topography,Manual demo override,MANUAL_OVERRIDE,,2026-09-09,,,,NOT_REQUESTED,29.5,21.0,71.1
MH_487_551235,Thangaon,Thangaon,Sinnar,Nashik,19.71102,73.93104,123.45,34.35,-2.9,544.3,38.1,498.6,590.0,3.2,225.1,12.0,14.0,10.0,58.0,4.0,2.0,0.0,25.0,29.5,21.0,2.22,1.2585123445213582,27.87,23.14,32.01,17.89,36.58,4.65,MODERATE,Rain-Shadow Plateau Topography,Manual demo override,MANUAL_OVERRIDE,,2026-09-09,,,,NOT_REQUESTED,29.5,21.0,71.1
MH_487_551233,Hivare,Hivare,Sinnar,Nashik,19.71004,73.98634,129.0,37.29,-4.2,537.6,37.6,492.5,582.8,3.2,227.4,12.0,14.0,10.0,58.0,4.0,2.0,0.0,25.0,29.5,21.0,2.22,1.1658950130135597,27.81,23.11,32.83,17.68,36.32,4.74,MODERATE,Rain-Shadow Plateau Topography,Manual demo override,MANUAL_OVERRIDE,,2026-09-09,,,,NOT_REQUESTED,29.5,21.0,71.1
MH_487_551232,Pimpale,Pimpale,Sinnar,Nashik,19.69923,74.00055,130.13,39.12,-4.5,535.9,37.5,490.9,580.9,3.2,228.0,12.0,14.0,10.0,58.0,4.0,2.0,0.0,25.0,29.5,21.0,2.22,1.16330335578619,27.68,23.24,32.29,17.78,35.72,4.62,MODERATE,Rain-Shadow Plateau Topography,Manual demo override,MANUAL_OVERRIDE,,2026-09-09,,,,NOT_REQUESTED,29.6,21.1,71.1
MH_487_551231,Chapadgaon,Chapadgaon,Sinnar,Nashik,19.70945,74.04895,135.31,41.31,-5.6,530.1,37.1,485.6,574.6,3.2,230.1,12.0,14.0,10.0,58.0,4.0,2.0,0.0,25.0,29.5,21.0,2.22,1.0555142324321416,27.57,22.85,32.7,18.25,36.1,4.73,MODERATE,Rain-Shadow Plateau Topography,Manual demo override,MANUAL_OVERRIDE,,2026-09-09,,,,NOT_REQUESTED,29.6,21.1,71.0
MH_487_551229,Dhulwad,Dhulwad,Sinnar,Nashik,19.72074,74.02012,132.72,38.41,-5.0,533.6,37.4,488.7,578.5,3.2,228.8,12.0,14.0,10.0,58.0,4.0,2.0,0.0,25.0,29.5,21.0,2.22,1.083023456629294,27.58,23.02,32.59,17.74,35.62,4.63,MODERATE,Rain-Shadow Plateau Topography,Manual demo override,MANUAL_OVERRIDE,,2026-09-09,,,,NOT_REQUESTED,29.6,21.1,71.0
MH_487_551230,Dapur,Dapur,Sinnar,Nashik,19.74022,74.05147,136.47,38.27,-5.7,529.8,37.1,485.3,574.3,3.2,230.2,12.0,14.0,10.0,58.0,4.0,2.0,0.0,25.0,29.5,21.0,1.29,0.9830785156788113,26.62,21.62,31.46,17.11,35.15,4.65,MODERATE,Rain-Shadow Plateau Topography,Manual demo override,MANUAL_OVERRIDE,,2026-09-09,,,,NOT_REQUESTED,29.6,21.1,70.6
MH_487_551225,Dattanagar,Dattanagar,Sinnar,Nashik,19.76166,74.05452,137.44,35.87,-5.7,529.5,37.1,484.9,574.0,3.2,230.3,12.0,14.0,10.0,58.0,4.0,2.0,0.0,25.0,29.5,21.0,-1.81,0.9288796743076866,23.42,19.2,28.57,13.18,32.01,4.71,MODERATE,Rain-Shadow Plateau Topography,Manual demo override,MANUAL_OVERRIDE,,2026-09-09,,,,NOT_REQUESTED,29.6,21.1,69.4
MH_487_551223,Gonde,Gonde,Sinnar,Nashik,19.78755,74.05828,138.68,32.97,-5.8,529.0,37.0,484.6,573.4,3.2,230.4,12.0,14.0,10.0,58.0,4.0,2.0,0.0,25.0,29.5,21.0,-1.47,0.8615741584655529,23.76,19.02,28.62,13.98,32.24,4.77,MODERATE,Rain-Shadow Plateau Topography,Manual demo override,MANUAL_OVERRIDE,,2026-09-09,,,,NOT_REQUESTED,29.6,21.1,69.5
MH_487_551160,Kundewadi,Kundewadi,Sinnar,Nashik,19.83258,74.0314,136.92,28.71,-5.2,532.2,37.3,487.5,577.0,3.2,229.3,12.0,14.0,10.0,58.0,4.0,2.0,0.0,25.0,29.5,21.0,1.7,0.8095386178748146,26.97,22.41,31.74,17.49,34.96,4.58,MODERATE,Rain-Shadow Plateau Topography,Manual demo override,MANUAL_OVERRIDE,,2026-09-09,,,,NOT_REQUESTED,29.3,20.8,70.8
MH_487_551155,Kundewadi,Kundewadi,Sinnar,Nashik,19.83397,74.04092,137.89,28.29,-5.4,531.1,37.2,486.4,575.7,3.2,229.7,12.0,14.0,10.0,58.0,4.0,2.0,0.0,25.0,29.5,21.0,1.7,0.7859194960201841,26.89,22.39,31.53,17.12,35.24,4.61,MODERATE,Rain-Shadow Plateau Topography,Manual demo override,MANUAL_OVERRIDE,,2026-09-09,,,,NOT_REQUESTED,29.3,20.8,70.8
MH_487_251447,Sinnar,Sinnar,Central,Nashik,19.84631,74.01099,134.63,27.97,-4.7,534.7,37.4,489.8,579.6,3.2,228.5,12.0,14.0,10.0,58.0,4.0,2.0,0.0,25.0,29.5,21.0,2.63,0.8217163693704354,27.72,23.32,32.73,17.71,36.37,4.73,MODERATE,Rain-Shadow Plateau Topography,Manual demo override,MANUAL_OVERRIDE,,2026-09-09,,,,NOT_REQUESTED,29.3,20.8,71.1
MH_487_551159,Musalgaon,Musalgaon,Sinnar,Nashik,19.8342,74.06394,140.28,27.75,-5.9,528.3,37.0,483.9,572.7,3.2,230.7,12.0,14.0,10.0,58.0,4.0,2.0,0.0,25.0,29.5,21.0,-2.52,0.7369988580510213,22.54,17.6,27.46,13.26,30.67,4.64,MODERATE,Rain-Shadow Plateau Topography,Manual demo override,MANUAL_OVERRIDE,,2026-09-09,,,,NOT_REQUESTED,29.8,21.3,69.0
MH_487_251444,Bhagur,Bhagur,Central,Nashik,19.87838,73.85179,117.71,13.99,-1.2,553.8,38.8,507.2,600.3,3.2,221.8,12.0,14.0,10.0,58.0,4.0,2.0,0.0,25.0,29.5,21.0,2.63,1.0564248733245072,27.9,23.37,33.16,18.19,36.48,4.7,MODERATE,Rain-Shadow Plateau Topography,Manual demo override,MANUAL_OVERRIDE,,2026-09-09,,,,NOT_REQUESTED,29.1,20.6,71.2
MH_487_551151,Sundarpur,Sundarpur,Sinnar,Nashik,19.89693,74.01799,134.88,22.51,-4.9,533.8,37.4,489.0,578.7,3.2,228.8,12.0,14.0,10.0,58.0,4.0,2.0,0.0,25.0,29.5,21.0,2.63,0.6833501325630825,27.75,23.06,32.23,18.03,35.87,4.59,MODERATE,Rain-Shadow Plateau Topography,Manual demo override,MANUAL_OVERRIDE,,2026-09-09,,,,NOT_REQUESTED,29.3,20.8,71.1
MH_487_551255,Marhal Bk,Marhal Bk,Sinnar,Nashik,19.78459,74.1714,149.89,33.47,-8.4,515.4,36.1,472.1,558.8,3.2,235.2,12.0,14.0,10.0,58.0,4.0,2.0,0.0,25.0,29.5,21.0,-2.63,0.6653968900650875,22.4,17.88,26.78,12.54,30.87,4.63,MODERATE,Rain-Shadow Plateau Topography,Manual demo override,MANUAL_OVERRIDE,,2026-09-09,,,,NOT_REQUESTED,30.0,21.5,69.0
MH_487_551209,Sonambe,Sonambe,Sinnar,Nashik,19.78273,73.93756,126.54,27.73,-3.1,543.5,38.0,497.9,589.1,3.2,225.4,12.0,14.0,10.0,58.0,4.0,2.0,0.0,25.0,29.5,21.0,2.63,1.1023465791985974,28.07,23.49,33.14,18.57,36.72,4.67,MODERATE,Rain-Shadow Plateau Topography,Manual demo override,MANUAL_OVERRIDE,,2026-09-09,,,,NOT_REQUESTED,29.2,20.7,71.2
MH_487_551239,Chas,Chas,Sinnar,Nashik,19.6965,74.09057,139.19,42.69,-6.5,525.1,36.8,481.0,569.3,3.2,231.8,12.0,14.0,10.0,58.0,4.0,2.0,0.0,25.0,29.5,21.0,-1.81,1.010419391527263,23.54,19.34,27.9,13.65,31.67,4.57,MODERATE,Rain-Shadow Plateau Topography,Manual demo override,MANUAL_OVERRIDE,,2026-09-09,,,,NOT_REQUESTED,29.7,21.2,69.4
MH_487_551264,Dodi Kh,Dodi Kh,Sinnar,Nashik,19.77632,74.1531,147.8,34.07,-7.9,517.6,36.2,474.2,561.1,3.2,234.4,12.0,14.0,10.0,58.0,4.0,2.0,0.0,25.0,29.5,21.0,-2.63,0.716051060499277,22.49,17.97,27.49,12.45,30.97,4.73,MODERATE,Rain-Shadow Plateau Topography,Manual demo override,MANUAL_OVERRIDE,,2026-09-09,,,,NOT_REQUESTED,30.0,21.5,69.0
MH_487_551269,Nandur Shingote,Nandur Shingote,Sinnar,Nashik,19.71484,74.13697,144.39,40.7,-7.6,519.6,36.4,475.9,563.2,3.2,233.8,12.0,14.0,10.0,58.0,4.0,2.0,0.0,25.0,29.5,21.0,-2.62,0.8893642614107048,22.67,18.28,27.33,13.04,31.11,4.59,MODERATE,Rain-Shadow Plateau Topography,Manual demo override,MANUAL_OVERRIDE,,2026-09-09,,,,NOT_REQUESTED,30.0,21.5,69.1
MH_487_551224,Shivajinagar,Shivajinagar,Sinnar,Nashik,19.7709,74.08381,140.67,34.48,-6.4,525.9,36.8,481.8,570.1,3.2,231.5,12.0,14.0,10.0,58.0,4.0,2.0,0.0,25.0,29.5,21.0,-2.61,0.8523889287305626,22.64,17.7,27.19,12.8,30.61,4.63,MODERATE,Rain-Shadow Plateau Topography,Manual demo override,MANUAL_OVERRIDE,,2026-09-09,,,,NOT_REQUESTED,29.7,21.2,69.1
MH_487_551193,Khambale,Khambale,Sinnar,Nashik,19.79575,74.12283,145.39,31.64,-7.3,521.3,36.5,477.5,565.1,3.2,233.2,12.0,14.0,10.0,58.0,4.0,2.0,0.0,25.0,29.5,21.0,-2.61,0.7203191419843288,22.46,17.98,27.14,12.44,30.96,4.69,MODERATE,Rain-Shadow Plateau Topography,Manual demo override,MANUAL_OVERRIDE,,2026-09-09,,,,NOT_REQUESTED,29.7,21.2,69.0
MH_487_551261,Suregaon,Suregaon,Sinnar,Nashik,19.7529,74.09251,140.98,36.42,-6.6,524.9,36.7,480.9,568.9,3.2,231.9,12.0,14.0,10.0,58.0,4.0,2.0,0.0,25.0,29.5,21.0,-2.61,0.8788087030921573,22.58,17.7,27.69,12.44,30.87,4.75,MODERATE,Rain-Shadow Plateau Topography,Manual demo override,MANUAL_OVERRIDE,,2026-09-09,,,,NOT_REQUESTED,29.7,21.2,69.0
MH_487_551262,Dodi Bk,Dodi Bk,Sinnar,Nashik,19.75006,74.11794,143.46,36.7,-7.2,521.8,36.5,478.0,565.6,3.2,233.0,12.0,14.0,10.0,58.0,4.0,2.0,0.0,25.0,29.5,21.0,-2.61,0.8400546980233423,22.55,17.84,27.01,13.02,30.87,4.57,MODERATE,Rain-Shadow Plateau Topography,Manual demo override,MANUAL_OVERRIDE,,2026-09-09,,,,NOT_REQUESTED,29.7,21.2,69.0
MH_487_551265,Manori,Manori,Sinnar,Nashik,19.74439,74.15626,147.16,37.63,-8.0,517.2,36.2,473.8,560.7,3.2,234.6,12.0,14.0,10.0,58.0,4.0,2.0,0.0,25.0,29.5,21.0,-2.63,0.7879465832475897,22.46,17.5,27.37,12.89,30.59,4.68,MODERATE,Rain-Shadow Plateau Topography,Manual demo override,MANUAL_OVERRIDE,,2026-09-09,,,,NOT_REQUESTED,30.0,21.5,69.0
MH_487_551266,Kankori,Kankori,Sinnar,Nashik,19.75296,74.17725,149.53,37.04,-8.5,514.7,36.0,471.5,557.9,3.2,235.4,12.0,14.0,10.0,58.0,4.0,2.0,0.0,25.0,29.5,21.0,-2.63,0.7330945824659005,22.46,17.58,27.33,13.26,30.74,4.58,MODERATE,Rain-Shadow Plateau Topography,Manual demo override,MANUAL_OVERRIDE,,2026-09-09,,,,NOT_REQUESTED,30.0,21.5,69.0
MH_487_551268,Fattepur,Fattepur,Sinnar,Nashik,19.74462,74.20688,152.3,38.64,-9.2,511.2,35.8,468.2,554.1,3.2,236.7,12.0,14.0,10.0,58.0,4.0,2.0,0.0,25.0,29.5,21.0,-2.63,0.7063172500785866,22.29,17.53,26.76,12.25,30.83,4.71,MODERATE,Rain-Shadow Plateau Topography,Manual demo override,MANUAL_OVERRIDE,,2026-09-09,,,,NOT_REQUESTED,30.1,21.6,68.9
MH_487_551158,Datli,Datli,Sinnar,Nashik,19.81315,74.09247,142.96,29.73,-6.6,524.9,36.7,480.9,568.9,3.2,231.9,12.0,14.0,10.0,58.0,4.0,2.0,0.0,25.0,29.5,21.0,-2.61,0.732977153937979,22.5,17.53,27.24,12.71,30.66,4.71,MODERATE,Rain-Shadow Plateau Topography,Manual demo override,MANUAL_OVERRIDE,,2026-09-09,,,,NOT_REQUESTED,29.7,21.2,69.0
MH_487_551020,Sansari,Sansari,Central,Nashik,19.90962,73.85047,117.31,10.95,-1.1,553.9,38.8,507.4,600.5,3.2,221.7,12.0,14.0,10.0,58.0,4.0,2.0,0.0,25.0,29.5,21.0,2.63,1.0127787619218505,28.01,22.9,33.21,18.51,36.13,4.69,MODERATE,Rain-Shadow Plateau Topography,Manual demo override,MANUAL_OVERRIDE,,2026-09-09,,,,NOT_REQUESTED,29.1,20.6,71.2
MH_487_551267,Nirhale,Nirhale,Sinnar,Nashik,19.76113,74.20564,152.64,36.84,-9.1,511.3,35.8,468.4,554.3,3.2,236.6,12.0,14.0,10.0,58.0,4.0,2.0,0.0,25.0,29.5,21.0,-2.63,0.6687961926810676,22.3,17.53,26.9,12.24,30.76,4.72,MODERATE,Rain-Shadow Plateau Topography,Manual demo override,MANUAL_OVERRIDE,,2026-09-09,,,,NOT_REQUESTED,30.1,21.6,68.9
MH_487_551259,Ghotewadi,Ghotewadi,Sinnar,Nashik,19.77358,74.19524,151.95,35.22,-8.9,512.6,35.9,469.5,555.7,3.2,236.2,12.0,14.0,10.0,58.0,4.0,2.0,0.0,25.0,29.5,21.0,-2.63,0.6546771624298166,22.31,17.66,26.9,12.85,30.85,4.64,MODERATE,Rain-Shadow Plateau Topography,Manual demo override,MANUAL_OVERRIDE,,2026-09-09,,,,NOT_REQUESTED,30.0,21.5,68.9
MH_487_551256,Marhal Kh,Marhal Kh,Sinnar,Nashik,19.78647,74.19877,152.7,33.93,-9.0,512.1,35.9,469.1,555.2,3.2,236.3,12.0,14.0,10.0,58.0,4.0,2.0,0.0,25.0,29.5,21.0,-2.63,0.6175846469475851,22.38,17.82,26.94,12.59,30.62,4.73,MODERATE,Rain-Shadow Plateau Topography,Manual demo override,MANUAL_OVERRIDE,,2026-09-09,,,,NOT_REQUESTED,30.1,21.6,69.0
MH_487_551260,Gulapur,Gulapur,Sinnar,Nashik,19.76232,74.23528,155.67,37.67,-9.8,507.8,35.5,465.2,550.4,3.2,237.9,12.0,14.0,10.0,58.0,4.0,2.0,0.0,25.0,29.5,21.0,-2.63,0.6215726203653723,22.2,17.48,26.99,12.27,30.41,4.66,MODERATE,Rain-Shadow Plateau Topography,Manual demo override,MANUAL_OVERRIDE,,2026-09-09,,,,NOT_REQUESTED,30.1,21.6,68.9
MH_487_551258,Kahandalwadi,Kahandalwadi,Sinnar,Nashik,19.77165,74.25975,158.41,35.72,-10.3,504.8,35.3,462.5,547.2,3.2,238.9,12.0,14.0,10.0,58.0,4.0,2.0,0.0,25.0,29.5,21.0,-2.63,0.5644440273404514,22.27,17.71,27.22,12.37,30.41,4.59,MODERATE,Rain-Shadow Plateau Topography,Manual demo override,MANUAL_OVERRIDE,,2026-09-09,,,,NOT_REQUESTED,30.1,21.6,68.9
MH_487_551257,Fulenagar,Fulenagar,Sinnar,Nashik,19.79089,74.22305,155.28,34.25,-9.5,509.2,35.6,466.5,552.0,3.2,237.4,12.0,14.0,10.0,58.0,4.0,2.0,0.0,25.0,29.5,21.0,-2.63,0.5704294339523726,22.35,17.48,27.04,12.47,30.94,4.72,MODERATE,Rain-Shadow Plateau Topography,Manual demo override,MANUAL_OVERRIDE,,2026-09-09,,,,NOT_REQUESTED,30.1,21.6,68.9
MH_487_551251,Dusangwadi,Dusangwadi,Sinnar,Nashik,19.79955,74.27647,160.92,32.3,-10.7,502.8,35.2,460.6,545.1,3.2,239.6,12.0,14.0,10.0,58.0,4.0,2.0,0.0,25.0,29.5,21.0,-2.63,0.4756634920750198,22.25,17.71,26.97,12.35,30.47,4.65,MODERATE,Rain-Shadow Plateau Topography,Manual demo override,MANUAL_OVERRIDE,,2026-09-09,,,,NOT_REQUESTED,30.1,21.6,68.9
MH_487_551250,Maldhon,Maldhon,Sinnar,Nashik,19.79058,74.29199,162.21,31.86,-11.1,501.0,35.1,458.8,543.1,3.2,240.3,12.0,14.0,10.0,58.0,4.0,2.0,0.0,25.0,29.5,21.0,-2.63,0.4763347198666444,22.19,17.36,27.03,12.48,30.84,4.65,MODERATE,Rain-Shadow Plateau Topography,Manual demo override,MANUAL_OVERRIDE,,2026-09-09,,,,NOT_REQUESTED,30.1,21.6,68.9
MH_487_551188,Khopadi Bk,Khopadi Bk,Sinnar,Nashik,19.85291,74.1185,145.75,25.27,-7.2,521.8,36.5,478.0,565.6,3.2,233.0,12.0,14.0,10.0,58.0,4.0,2.0,0.0,25.0,29.5,21.0,-2.52,0.5800710174051898,22.4,17.65,27.34,12.93,30.58,4.57,MODERATE,Rain-Shadow Plateau Topography,Manual demo override,MANUAL_OVERRIDE,,2026-09-09,,,,NOT_REQUESTED,29.9,21.4,69.0
MH_487_551191,Khopadi Kh,Khopadi Kh,Sinnar,Nashik,19.83044,74.12153,146.32,27.78,-7.2,521.4,36.5,477.6,565.2,3.2,233.1,12.0,14.0,10.0,58.0,4.0,2.0,0.0,25.0,29.5,21.0,-2.52,0.6340558641590018,22.48,17.87,27.5,12.87,30.93,4.67,MODERATE,Rain-Shadow Plateau Topography,Manual demo override,MANUAL_OVERRIDE,,2026-09-09,,,,NOT_REQUESTED,29.9,21.4,69.0
MH_487_551190,Fardapur,Fardapur,Sinnar,Nashik,19.84195,74.14456,148.58,26.71,-7.8,518.7,36.3,475.1,562.2,3.2,234.1,12.0,14.0,10.0,58.0,4.0,2.0,0.0,25.0,29.5,21.0,-2.53,0.5627921627380299,22.34,17.59,27.08,12.32,30.72,4.72,MODERATE,Rain-Shadow Plateau Topography,Manual demo override,MANUAL_OVERRIDE,,2026-09-09,,,,NOT_REQUESTED,29.9,21.4,68.9
MH_487_551173,Nimgaon Deopur,Nimgaon Deopur,Sinnar,Nashik,19.91466,74.10229,143.57,18.4,-6.8,523.7,36.7,479.7,567.8,3.2,232.3,12.0,14.0,10.0,58.0,4.0,2.0,0.0,25.0,29.5,21.0,-2.52,0.4383681782600737,22.36,17.94,26.83,12.89,30.94,4.63,MODERATE,Rain-Shadow Plateau Topography,Manual demo override,MANUAL_OVERRIDE,,2026-09-09,,,,NOT_REQUESTED,29.8,21.3,68.9
MH_487_551254,Pangari Kh,Pangari Kh,Sinnar,Nashik,19.80859,74.21007,154.53,31.94,-9.2,510.8,35.8,467.8,553.8,3.2,236.8,12.0,14.0,10.0,58.0,4.0,2.0,0.0,25.0,29.5,21.0,-2.63,0.5455727769412055,22.29,17.52,27.44,12.67,30.81,4.73,MODERATE,Rain-Shadow Plateau Topography,Manual demo override,MANUAL_OVERRIDE,,2026-09-09,,,,NOT_REQUESTED,30.1,21.6,68.9
MH_487_551253,Pangari Bk,Pangari Bk,Sinnar,Nashik,19.82396,74.19326,153.36,29.77,-8.8,512.8,35.9,469.7,555.9,3.2,236.1,12.0,14.0,10.0,58.0,4.0,2.0,0.0,25.0,29.5,21.0,-2.63,0.531627740791993,22.2,17.48,27.36,12.06,30.59,4.66,MODERATE,Rain-Shadow Plateau Topography,Manual demo override,MANUAL_OVERRIDE,,2026-09-09,,,,NOT_REQUESTED,30.0,21.5,68.9
MH_487_551187,Deopur,Deopur,Sinnar,Nashik,19.86548,74.16336,150.3,24.5,-8.2,516.4,36.1,473.1,559.7,3.2,234.9,12.0,14.0,10.0,58.0,4.0,2.0,0.0,25.0,29.5,21.0,-2.53,0.46809289777844265,22.32,17.66,27.51,12.9,30.32,4.62,MODERATE,Rain-Shadow Plateau Topography,Manual demo override,MANUAL_OVERRIDE,,2026-09-09,,,,NOT_REQUESTED,29.9,21.4,68.9
MH_487_551176,Eklahare,Eklahare,Sinnar,Nashik,19.88591,74.14326,148.03,21.86,-7.7,518.8,36.3,475.2,562.4,3.2,234.0,12.0,14.0,10.0,58.0,4.0,2.0,0.0,25.0,29.5,21.0,-2.53,0.4445315256619433,22.28,17.59,26.96,12.82,30.66,4.59,MODERATE,Rain-Shadow Plateau Topography,Manual demo override,MANUAL_OVERRIDE,,2026-09-09,,,,NOT_REQUESTED,29.9,21.4,68.9
MH_487_551174,Gulvanch,Gulvanch,Sinnar,Nashik,19.88,74.09626,143.18,22.29,-6.7,524.4,36.7,480.4,568.5,3.2,232.0,12.0,14.0,10.0,58.0,4.0,2.0,0.0,25.0,29.5,21.0,-2.52,0.5494310293897885,22.45,17.79,27.62,13.1,30.58,4.65,MODERATE,Rain-Shadow Plateau Topography,Manual demo override,MANUAL_OVERRIDE,,2026-09-09,,,,NOT_REQUESTED,29.8,21.3,69.0
MH_487_551175,Kirtangali,Kirtangali,Sinnar,Nashik,19.90387,74.14727,148.33,19.97,-7.8,518.3,36.3,474.8,561.9,3.2,234.2,12.0,14.0,10.0,58.0,4.0,2.0,0.0,25.0,29.5,21.0,-2.53,0.38650691175347124,22.16,17.37,26.97,12.56,30.2,4.58,MODERATE,Rain-Shadow Plateau Topography,Manual demo override,MANUAL_OVERRIDE,,2026-09-09,,,,NOT_REQUESTED,29.9,21.4,68.9
MH_487_551177,Nimgaon Sinner,Nimgaon Sinner,Sinnar,Nashik,19.8964,74.18134,151.93,21.73,-8.6,514.2,36.0,471.0,557.4,3.2,235.6,12.0,14.0,10.0,58.0,4.0,2.0,0.0,25.0,29.5,21.0,-2.53,0.35559197120569336,22.2,17.24,27.38,12.72,30.64,4.69,MODERATE,Rain-Shadow Plateau Topography,Manual demo override,MANUAL_OVERRIDE,,2026-09-09,,,,NOT_REQUESTED,29.9,21.4,68.9
MH_487_551178,Pimpalgaon,Pimpalgaon,Sinnar,Nashik,19.90544,74.22105,156.02,22.61,-9.5,509.5,35.7,466.6,552.3,3.2,237.3,12.0,14.0,10.0,58.0,4.0,2.0,0.0,25.0,29.5,21.0,-2.53,0.2800853867187397,22.11,17.56,26.57,12.41,30.64,4.62,MODERATE,Rain-Shadow Plateau Topography,Manual demo override,MANUAL_OVERRIDE,,2026-09-09,,,,NOT_REQUESTED,29.9,21.4,68.8
MH_487_551186,Panchale,Panchale,Sinnar,Nashik,19.86856,74.20967,155.1,25.72,-9.2,510.8,35.8,467.9,553.8,3.2,236.8,12.0,14.0,10.0,58.0,4.0,2.0,0.0,25.0,29.5,21.0,-2.53,0.391954678615717,22.21,17.73,27.13,12.45,30.82,4.66,MODERATE,Rain-Shadow Plateau Topography,Manual demo override,MANUAL_OVERRIDE,,2026-09-09,,,,NOT_REQUESTED,29.9,21.4,68.9
MH_487_551185,Shrirampur,Shrirampur,Sinnar,Nashik,19.88037,74.23808,157.97,25.92,-9.9,507.4,35.5,464.8,550.0,3.2,238.0,12.0,14.0,10.0,58.0,4.0,2.0,0.0,25.0,29.5,21.0,-2.53,0.32531001374349755,22.13,17.56,26.88,12.36,30.31,4.66,MODERATE,Rain-Shadow Plateau Topography,Manual demo override,MANUAL_OVERRIDE,,2026-09-09,,,,NOT_REQUESTED,30.0,21.5,68.9
MH_487_551184,Rampur,Rampur,Sinnar,Nashik,19.88539,74.26736,160.99,27.18,-10.5,503.9,35.3,461.6,546.3,3.2,239.2,12.0,14.0,10.0,58.0,4.0,2.0,0.0,25.0,29.5,21.0,-2.53,0.2794744762343711,22.04,17.26,26.56,12.21,30.33,4.58,MODERATE,Rain-Shadow Plateau Topography,Manual demo override,MANUAL_OVERRIDE,,2026-09-09,,,,NOT_REQUESTED,30.0,21.5,68.8
MH_487_551183,Karwadi,Karwadi,Sinnar,Nashik,19.87714,74.27997,162.36,26.75,-10.8,502.4,35.2,460.2,544.6,3.2,239.8,12.0,14.0,10.0,58.0,4.0,2.0,0.0,25.0,29.5,21.0,-2.53,0.28575404689130013,22.11,17.83,26.15,12.68,30.52,4.54,MODERATE,Rain-Shadow Plateau Topography,Manual demo override,MANUAL_OVERRIDE,,2026-09-09,,,,NOT_REQUESTED,30.0,21.5,68.8
MH_487_551242,Mith Sagare,Mith Sagare,Sinnar,Nashik,19.84612,74.23451,157.9,29.08,-9.8,507.9,35.6,465.1,550.6,3.2,237.8,12.0,14.0,10.0,58.0,4.0,2.0,0.0,25.0,29.5,21.0,-2.53,0.41691488125768084,22.26,17.91,26.79,12.47,30.57,4.7,MODERATE,Rain-Shadow Plateau Topography,Manual demo override,MANUAL_OVERRIDE,,2026-09-09,,,,NOT_REQUESTED,29.9,21.4,68.9
MH_487_551182,Shaha,Shaha,Sinnar,Nashik,19.8537,74.27879,162.44,28.27,-10.8,502.5,35.2,460.3,544.8,3.2,239.7,12.0,14.0,10.0,58.0,4.0,2.0,0.0,25.0,29.5,21.0,-2.53,0.34344465840402366,22.03,17.52,26.49,12.32,30.36,4.68,MODERATE,Rain-Shadow Plateau Topography,Manual demo override,MANUAL_OVERRIDE,,2026-09-09,,,,NOT_REQUESTED,30.0,21.5,68.8
MH_487_551252,Wavi,Wavi,Sinnar,Nashik,19.812,74.24764,158.41,33.09,-10.1,506.3,35.4,463.8,548.8,3.2,238.4,12.0,14.0,10.0,58.0,4.0,2.0,0.0,25.0,29.5,21.0,-2.63,0.48416857922598344,22.07,17.46,26.94,12.17,30.82,4.71,MODERATE,Rain-Shadow Plateau Topography,Manual demo override,MANUAL_OVERRIDE,,2026-09-09,,,,NOT_REQUESTED,30.1,21.6,68.8
MH_487_551243,Pimparwadi,Pimparwadi,Sinnar,Nashik,19.82507,74.27324,161.39,30.67,-10.6,503.2,35.2,461.0,545.5,3.2,239.5,12.0,14.0,10.0,58.0,4.0,2.0,0.0,25.0,29.5,21.0,-2.63,0.4190007890624354,22.15,17.83,27.03,12.28,30.41,4.6,MODERATE,Rain-Shadow Plateau Topography,Manual demo override,MANUAL_OVERRIDE,,2026-09-09,,,,NOT_REQUESTED,30.1,21.6,68.9
MH_487_551344,Dongargaon,Dongargaon,Niphad,Nashik,20.07351,74.2403,158.21,13.63,-9.9,507.2,35.5,464.6,549.8,3.2,238.1,8.0,6.0,4.0,72.0,6.0,4.0,0.0,25.0,29.5,21.0,-2.53,-0.12049559586057197,21.77,17.13,27.04,11.98,30.38,4.66,MODERATE,Horticultural Orchard Microclimate,Manual demo override,MANUAL_OVERRIDE,,2026-09-09,,,,NOT_REQUESTED,30.0,21.5,68.7
MH_487_550672,Shivnai,Shivnai,Dindori,Nashik,20.09175,73.86672,119.52,13.86,-1.5,552.0,38.6,505.7,598.3,3.2,222.4,8.0,6.0,4.0,72.0,6.0,4.0,0.0,25.0,29.5,21.0,2.57,0.7276237435535474,27.56,22.47,32.0,18.11,35.8,4.6,MODERATE,Horticultural Orchard Microclimate,Manual demo override,MANUAL_OVERRIDE,,2026-09-09,,,,NOT_REQUESTED,29.1,20.6,71.0
MH_487_550674,Jaulakedindori,Jaulakedindori,Dindori,Nashik,20.06974,73.9085,123.62,15.23,-2.4,547.0,38.3,501.0,592.9,3.2,224.2,8.0,6.0,4.0,72.0,6.0,4.0,0.0,25.0,29.5,21.0,2.57,0.6687037569844025,27.52,22.91,31.95,17.75,36.03,4.59,MODERATE,Horticultural Orchard Microclimate,Manual demo override,MANUAL_OVERRIDE,,2026-09-09,,,,NOT_REQUESTED,29.2,20.7,71.0
MH_487_550994,Sultanpur,Sultanpur,Nashik,Nashik,20.01556,73.88803,121.11,10.63,-2.0,549.4,38.5,503.2,595.6,3.2,223.3,8.0,6.0,4.0,72.0,6.0,4.0,0.0,25.0,29.5,21.0,2.57,0.7957664809464984,27.72,23.18,32.55,18.26,35.91,4.6,MODERATE,Horticultural Orchard Microclimate,Manual demo override,MANUAL_OVERRIDE,,2026-09-09,,,,NOT_REQUESTED,29.2,20.7,71.1
MH_487_550673,Janori,Janori,Dindori,Nashik,20.09764,73.89715,122.75,16.39,-2.2,548.3,38.4,502.3,594.4,3.2,223.7,8.0,6.0,4.0,72.0,6.0,4.0,0.0,25.0,29.5,21.0,2.57,0.6661270592194731,27.54,22.6,32.17,18.16,36.13,4.72,MODERATE,Horticultural Orchard Microclimate,Manual demo override,MANUAL_OVERRIDE,,2026-09-09,,,,NOT_REQUESTED,29.2,20.7,71.0
MH_487_550668,Ambedindori,Ambedindori,Dindori,Nashik,20.11717,73.86618,119.81,16.23,-1.5,552.1,38.6,505.7,598.4,3.2,222.4,8.0,6.0,4.0,72.0,6.0,4.0,0.0,25.0,29.5,21.0,2.57,0.7047977840029285,27.58,22.54,32.55,17.56,35.94,4.73,MODERATE,Horticultural Orchard Microclimate,Manual demo override,MANUAL_OVERRIDE,,2026-09-09,,,,NOT_REQUESTED,29.1,20.6,71.0
MH_487_550667,Ganorwadi Ganeshgaon,Ganorwadi Ganeshgaon,Dindori,Nashik,20.12591,73.88662,122.05,18.17,-1.9,549.6,38.5,503.4,595.8,3.2,223.2,8.0,6.0,4.0,72.0,6.0,4.0,0.0,25.0,29.5,21.0,2.57,0.6657097565263161,27.38,22.86,32.22,18.32,35.68,4.45,MODERATE,Horticultural Orchard Microclimate,Manual demo override,MANUAL_OVERRIDE,,2026-09-09,,,,NOT_REQUESTED,29.2,20.7,71.0
MH_487_550666,Mohadi,Mohadi,Dindori,Nashik,20.14366,73.90502,124.24,20.89,-2.4,547.4,38.3,501.4,593.4,3.2,224.0,8.0,6.0,4.0,72.0,6.0,4.0,0.0,25.0,29.5,21.0,2.57,0.6120536169054801,27.51,22.56,32.34,17.64,35.93,4.67,MODERATE,Horticultural Orchard Microclimate,Manual demo override,MANUAL_OVERRIDE,,2026-09-09,,,,NOT_REQUESTED,29.2,20.7,71.0
MH_487_551011,Belatgavhan,Belatgavhan,Nashik,Nashik,19.92432,73.85664,117.87,10.09,-1.3,553.2,38.7,506.8,599.6,3.2,222.0,8.0,6.0,4.0,72.0,6.0,4.0,0.0,25.0,29.5,21.0,2.57,0.9855781412073128,27.91,23.11,32.92,18.6,36.36,4.69,MODERATE,Horticultural Orchard Microclimate,Manual demo override,MANUAL_OVERRIDE,,2026-09-09,,,,NOT_REQUESTED,29.1,20.6,71.2
MH_487_551006,Chandgiri,Chandgiri,Nashik,Nashik,19.93688,73.92656,125.12,15.45,-2.8,544.8,38.1,499.1,590.5,3.2,224.9,8.0,6.0,4.0,72.0,6.0,4.0,0.0,25.0,29.5,21.0,2.57,0.8282236750669426,27.65,22.75,32.09,18.27,35.8,4.61,MODERATE,Horticultural Orchard Microclimate,Manual demo override,MANUAL_OVERRIDE,,2026-09-09,,,,NOT_REQUESTED,29.2,20.7,71.1
MH_487_551005,Mohagaon,Mohagaon,Nashik,Nashik,19.94033,73.9089,123.26,13.6,-2.5,546.9,38.3,501.0,592.9,3.2,224.2,8.0,6.0,4.0,72.0,6.0,4.0,0.0,25.0,29.5,21.0,2.57,0.8640214140194917,27.71,22.82,32.87,17.84,36.01,4.72,MODERATE,Horticultural Orchard Microclimate,Manual demo override,MANUAL_OVERRIDE,,2026-09-09,,,,NOT_REQUESTED,29.2,20.7,71.1
MH_487_551004,Babhaleshwar,Babhaleshwar,Nashik,Nashik,19.94323,73.8964,121.95,12.28,-2.2,548.4,38.4,502.4,594.5,3.2,223.6,8.0,6.0,4.0,72.0,6.0,4.0,0.0,25.0,29.5,21.0,2.57,0.8872070016630661,27.82,23.33,33.15,18.09,36.09,4.64,MODERATE,Horticultural Orchard Microclimate,Manual demo override,MANUAL_OVERRIDE,,2026-09-09,,,,NOT_REQUESTED,29.2,20.7,71.1
MH_487_551002,Jakhori,Jakhori,Nashik,Nashik,19.95519,73.94096,126.57,16.24,-3.2,543.1,38.0,497.5,588.7,3.2,225.5,8.0,6.0,4.0,72.0,6.0,4.0,0.0,25.0,29.5,21.0,2.57,0.7583195887229781,27.58,23.12,32.9,17.55,35.78,4.68,MODERATE,Horticultural Orchard Microclimate,Manual demo override,MANUAL_OVERRIDE,,2026-09-09,,,,NOT_REQUESTED,29.2,20.7,71.0
MH_487_551003,Kotamgaon,Kotamgaon,Nashik,Nashik,19.96048,73.91403,123.75,13.37,-2.6,546.3,38.2,500.5,592.2,3.2,224.4,8.0,6.0,4.0,72.0,6.0,4.0,0.0,25.0,29.5,21.0,2.57,0.8187955946222149,27.68,23.24,33.04,17.96,36.23,4.69,MODERATE,Horticultural Orchard Microclimate,Manual demo override,MANUAL_OVERRIDE,,2026-09-09,,,,NOT_REQUESTED,29.2,20.7,71.1
MH_487_551001,Hinganwedhe,Hinganwedhe,Nashik,Nashik,19.96987,73.93245,125.67,15.05,-3.0,544.1,38.1,498.4,589.8,3.2,225.2,8.0,6.0,4.0,72.0,6.0,4.0,0.0,25.0,29.5,21.0,2.57,0.754932744686844,27.55,22.64,32.16,17.91,35.85,4.63,MODERATE,Horticultural Orchard Microclimate,Manual demo override,MANUAL_OVERRIDE,,2026-09-09,,,,NOT_REQUESTED,29.2,20.7,71.0
MH_487_550999,Gangapadali,Gangapadali,Nashik,Nashik,19.98849,73.93575,126.02,15.23,-3.1,543.7,38.1,498.0,589.4,3.2,225.3,8.0,6.0,4.0,72.0,6.0,4.0,0.0,25.0,29.5,21.0,2.57,0.7132669289297803,27.65,23.05,32.4,17.94,35.86,4.58,MODERATE,Horticultural Orchard Microclimate,Manual demo override,MANUAL_OVERRIDE,,2026-09-09,,,,NOT_REQUESTED,29.2,20.7,71.1
MH_487_551000,Kalavi,Kalavi,Nashik,Nashik,19.99001,73.9472,127.22,16.43,-3.3,542.3,38.0,496.7,587.9,3.2,225.8,8.0,6.0,4.0,72.0,6.0,4.0,0.0,25.0,29.5,21.0,2.57,0.6770670410634885,27.57,22.89,32.45,17.87,35.54,4.54,MODERATE,Horticultural Orchard Microclimate,Manual demo override,MANUAL_OVERRIDE,,2026-09-09,,,,NOT_REQUESTED,29.2,20.7,71.0
MH_487_550993,Vinchurgavali,Vinchurgavali,Nashik,Nashik,20.03102,73.89836,122.27,12.21,-2.2,548.2,38.4,502.1,594.3,3.2,223.7,8.0,6.0,4.0,72.0,6.0,4.0,0.0,25.0,29.5,21.0,2.57,0.7473974684081379,27.57,23.04,32.44,17.63,35.87,4.59,MODERATE,Horticultural Orchard Microclimate,Manual demo override,MANUAL_OVERRIDE,,2026-09-09,,,,NOT_REQUESTED,29.2,20.7,71.0
MH_487_550996,Shilapur,Shilapur,Nashik,Nashik,20.00703,73.90413,122.76,12.07,-2.3,547.5,38.3,501.5,593.5,3.2,224.0,8.0,6.0,4.0,72.0,6.0,4.0,0.0,25.0,29.5,21.0,2.57,0.7695523800932903,27.69,23.21,32.59,18.09,36.03,4.64,MODERATE,Horticultural Orchard Microclimate,Manual demo override,MANUAL_OVERRIDE,,2026-09-09,,,,NOT_REQUESTED,29.2,20.7,71.1
MH_487_550997,Odha,Odha,Nashik,Nashik,20.02283,73.91885,124.36,13.95,-2.7,545.7,38.2,499.9,591.6,3.2,224.6,8.0,6.0,4.0,72.0,6.0,4.0,0.0,25.0,29.5,21.0,2.57,0.7055946093457022,27.57,23.08,32.06,17.79,35.91,4.66,MODERATE,Horticultural Orchard Microclimate,Manual demo override,MANUAL_OVERRIDE,,2026-09-09,,,,NOT_REQUESTED,29.2,20.7,71.0
MH_487_550998,Lakhalgaon,Lakhalgaon,Nashik,Nashik,20.0138,73.93614,126.13,15.5,-3.1,543.7,38.1,497.9,589.4,3.2,225.3,8.0,6.0,4.0,72.0,6.0,4.0,0.0,25.0,29.5,21.0,2.57,0.6695569772628985,27.58,22.66,32.8,18.46,35.5,4.44,MODERATE,Horticultural Orchard Microclimate,Manual demo override,MANUAL_OVERRIDE,,2026-09-09,,,,NOT_REQUESTED,29.2,20.7,71.0
MH_487_550992,Pimpri Sayyad,Pimpri Sayyad,Nashik,Nashik,20.05156,73.94234,126.99,17.33,-3.2,542.9,38.0,497.3,588.5,3.2,225.6,8.0,6.0,4.0,72.0,6.0,4.0,0.0,25.0,29.5,21.0,2.57,0.5929987673186096,27.39,22.38,32.16,17.88,35.81,4.67,MODERATE,Horticultural Orchard Microclimate,Manual demo override,MANUAL_OVERRIDE,,2026-09-09,,,,NOT_REQUESTED,29.2,20.7,71.0
MH_487_551142,Songiri,Songiri,Sinnar,Nashik,19.93761,73.9494,127.5,17.65,-3.4,542.1,37.9,496.6,587.6,3.2,225.9,12.0,14.0,10.0,58.0,4.0,2.0,0.0,25.0,29.5,21.0,2.63,0.7692467052016422,27.74,23.29,32.64,17.93,35.97,4.66,MODERATE,Rain-Shadow Plateau Topography,Manual demo override,MANUAL_OVERRIDE,,2026-09-09,,,,NOT_REQUESTED,29.2,20.7,71.1
MH_487_551141,Naigaon,Naigaon,Sinnar,Nashik,19.94983,73.98003,130.67,19.85,-4.1,538.4,37.7,493.2,583.6,3.2,227.2,12.0,14.0,10.0,58.0,4.0,2.0,0.0,25.0,29.5,21.0,2.63,0.6602608367809384,27.69,23.03,33.03,18.05,36.63,4.69,MODERATE,Rain-Shadow Plateau Topography,Manual demo override,MANUAL_OVERRIDE,,2026-09-09,,,,NOT_REQUESTED,29.2,20.7,71.1
MH_487_551144,Jaygaon,Jaygaon,Sinnar,Nashik,19.92864,73.97923,130.65,20.92,-4.0,538.5,37.7,493.3,583.7,3.2,227.1,12.0,14.0,10.0,58.0,4.0,2.0,0.0,25.0,29.5,21.0,2.63,0.7087848153091371,27.73,23.2,32.62,18.36,36.4,4.67,MODERATE,Rain-Shadow Plateau Topography,Manual demo override,MANUAL_OVERRIDE,,2026-09-09,,,,NOT_REQUESTED,29.2,20.7,71.1
MH_487_551146,Patpimpri,Patpimpri,Sinnar,Nashik,19.91864,74.05442,138.55,18.86,-5.7,529.5,37.1,484.9,574.0,3.2,230.3,12.0,14.0,10.0,58.0,4.0,2.0,0.0,25.0,29.5,21.0,-1.4,0.536169144688273,23.38,18.84,27.99,13.82,31.71,4.62,MODERATE,Rain-Shadow Plateau Topography,Manual demo override,MANUAL_OVERRIDE,,2026-09-09,,,,NOT_REQUESTED,29.4,20.9,69.4
MH_487_551147,Hiwargaon,Hiwargaon,Sinnar,Nashik,19.95011,74.10745,143.98,14.45,-6.9,523.1,36.6,479.2,567.0,3.2,232.5,12.0,14.0,10.0,58.0,4.0,2.0,0.0,25.0,29.5,21.0,-2.52,0.3207069647579536,22.17,17.43,26.55,13.34,30.38,4.55,MODERATE,Rain-Shadow Plateau Topography,Manual demo override,MANUAL_OVERRIDE,,2026-09-09,,,,NOT_REQUESTED,29.8,21.3,68.9
MH_487_551149,Keru Patilnagar,Keru Patilnagar,Sinnar,Nashik,19.93407,74.11095,144.39,16.23,-7.0,522.7,36.6,478.8,566.6,3.2,232.7,12.0,14.0,10.0,58.0,4.0,2.0,0.0,25.0,29.5,21.0,-2.52,0.36282901464939776,22.19,17.32,27.27,12.71,30.64,4.62,MODERATE,Rain-Shadow Plateau Topography,Manual demo override,MANUAL_OVERRIDE,,2026-09-09,,,,NOT_REQUESTED,29.9,21.4,68.9
MH_487_551148,Komalwadi,Komalwadi,Sinnar,Nashik,19.94282,74.14325,147.74,15.64,-7.7,518.8,36.3,475.2,562.4,3.2,234.0,12.0,14.0,10.0,58.0,4.0,2.0,0.0,25.0,29.5,21.0,-2.53,0.27760956584795093,22.1,17.17,26.79,12.73,30.43,4.63,MODERATE,Rain-Shadow Plateau Topography,Manual demo override,MANUAL_OVERRIDE,,2026-09-09,,,,NOT_REQUESTED,29.9,21.4,68.8
MH_487_551172,Vadangali,Vadangali,Sinnar,Nashik,19.92969,74.15525,149.04,17.37,-8.0,517.4,36.2,473.9,560.8,3.2,234.5,12.0,14.0,10.0,58.0,4.0,2.0,0.0,25.0,29.5,21.0,-2.53,0.2982517608088315,22.12,17.67,26.53,11.93,30.37,4.71,MODERATE,Rain-Shadow Plateau Topography,Manual demo override,MANUAL_OVERRIDE,,2026-09-09,,,,NOT_REQUESTED,29.9,21.4,68.8
MH_487_551165,Chondhi,Chondhi,Sinnar,Nashik,19.94658,74.1875,152.35,16.9,-8.7,513.5,35.9,470.4,556.6,3.2,235.9,12.0,14.0,10.0,58.0,4.0,2.0,0.0,25.0,29.5,21.0,-2.53,0.20594031118203124,22.1,17.45,26.76,12.28,30.6,4.64,MODERATE,Rain-Shadow Plateau Topography,Manual demo override,MANUAL_OVERRIDE,,2026-09-09,,,,NOT_REQUESTED,29.9,21.4,68.8
MH_487_551170,Mendhi,Mendhi,Sinnar,Nashik,19.93001,74.19293,152.97,18.79,-8.8,512.8,35.9,469.8,555.9,3.2,236.1,12.0,14.0,10.0,58.0,4.0,2.0,0.0,25.0,29.5,21.0,-2.53,0.24632181095038755,22.05,17.56,26.48,12.45,30.74,4.61,MODERATE,Rain-Shadow Plateau Topography,Manual demo override,MANUAL_OVERRIDE,,2026-09-09,,,,NOT_REQUESTED,29.9,21.4,68.8
MH_487_551171,Khadangali,Khadangali,Sinnar,Nashik,19.91494,74.18331,152.03,19.89,-8.6,514.0,36.0,470.8,557.2,3.2,235.7,12.0,14.0,10.0,58.0,4.0,2.0,0.0,25.0,29.5,21.0,-2.53,0.3009429841421452,22.09,17.53,26.22,12.75,30.59,4.59,MODERATE,Rain-Shadow Plateau Topography,Manual demo override,MANUAL_OVERRIDE,,2026-09-09,,,,NOT_REQUESTED,29.9,21.4,68.8
MH_487_551166,Somthane,Somthane,Sinnar,Nashik,19.9374,74.21691,155.45,19.4,-9.4,510.0,35.7,467.1,552.8,3.2,237.1,12.0,14.0,10.0,58.0,4.0,2.0,0.0,25.0,29.5,21.0,-2.53,0.199454959945754,21.92,17.2,26.72,12.44,30.38,4.66,MODERATE,Rain-Shadow Plateau Topography,Manual demo override,MANUAL_OVERRIDE,,2026-09-09,,,,NOT_REQUESTED,29.9,21.4,68.8
MH_487_551167,Sangavi,Sangavi,Sinnar,Nashik,19.94197,74.23793,157.64,20.35,-9.9,507.4,35.5,464.8,550.0,3.2,238.0,12.0,14.0,10.0,58.0,4.0,2.0,0.0,25.0,29.5,21.0,-2.53,0.1672367151215264,22.03,16.85,27.03,12.29,30.27,4.69,MODERATE,Rain-Shadow Plateau Topography,Manual demo override,MANUAL_OVERRIDE,,2026-09-09,,,,NOT_REQUESTED,30.0,21.5,68.8
MH_487_276417,Dahiwadi,Dahiwadi,Central,Nashik,19.92382,74.26501,160.53,23.75,-10.5,504.2,35.3,461.8,546.6,3.2,239.1,12.0,14.0,10.0,58.0,4.0,2.0,0.0,25.0,29.5,21.0,-2.53,0.18767764327027667,21.95,17.03,26.66,12.29,30.62,4.73,MODERATE,Rain-Shadow Plateau Topography,Manual demo override,MANUAL_OVERRIDE,,2026-09-09,,,,NOT_REQUESTED,30.0,21.5,68.8
MH_487_551140,Jogaltembhi,Jogaltembhi,Sinnar,Nashik,19.96582,73.95851,128.39,17.81,-3.6,541.0,37.9,495.5,586.5,3.2,226.3,12.0,14.0,10.0,58.0,4.0,2.0,0.0,25.0,29.5,21.0,2.63,0.6891760711756824,27.52,22.51,33.09,18.26,36.15,4.67,MODERATE,Rain-Shadow Plateau Topography,Manual demo override,MANUAL_OVERRIDE,,2026-09-09,,,,NOT_REQUESTED,29.2,20.7,71.0
MH_487_551299,Sakore,Sakore,Niphad,Nashik,20.14179,73.94872,128.72,18.19,-3.3,542.2,38.0,496.6,587.8,3.2,225.8,8.0,6.0,4.0,72.0,6.0,4.0,0.0,25.0,29.5,21.0,2.57,0.4838333912472406,27.44,23.11,32.3,17.99,35.48,4.57,MODERATE,Horticultural Orchard Microclimate,Manual demo override,MANUAL_OVERRIDE,,2026-09-09,,,,NOT_REQUESTED,29.2,20.7,71.0
MH_487_551300,Amrut Nagar,Amrut Nagar,Niphad,Nashik,20.09727,73.92082,125.2,18.14,-2.7,545.5,38.2,499.7,591.3,3.2,224.7,8.0,6.0,4.0,72.0,6.0,4.0,0.0,25.0,29.5,21.0,2.57,0.6055205984344382,27.49,22.84,32.1,18.03,36.37,4.66,MODERATE,Horticultural Orchard Microclimate,Manual demo override,MANUAL_OVERRIDE,,2026-09-09,,,,NOT_REQUESTED,29.2,20.7,71.0
MH_487_551301,Vijay Nagar,Vijay Nagar,Niphad,Nashik,20.08557,73.9632,129.47,15.34,-3.7,540.4,37.8,495.1,585.8,3.2,226.5,8.0,6.0,4.0,72.0,6.0,4.0,0.0,25.0,29.5,21.0,2.57,0.4802441956531776,27.36,22.78,31.83,17.66,35.39,4.61,MODERATE,Horticultural Orchard Microclimate,Manual demo override,MANUAL_OVERRIDE,,2026-09-09,,,,NOT_REQUESTED,29.2,20.7,70.9
MH_487_551277,Narayangaon,Narayangaon,Niphad,Nashik,20.05914,73.98078,131.06,13.69,-4.1,538.3,37.7,493.1,583.5,3.2,227.2,8.0,6.0,4.0,72.0,6.0,4.0,0.0,25.0,29.5,21.0,2.57,0.4485739326168312,27.26,22.56,31.73,17.76,35.67,4.6,MODERATE,Horticultural Orchard Microclimate,Manual demo override,MANUAL_OVERRIDE,,2026-09-09,,,,NOT_REQUESTED,29.2,20.7,70.9
MH_487_551281,Chitegaon,Chitegaon,Niphad,Nashik,20.02969,73.96842,129.57,15.81,-3.8,539.8,37.8,494.4,585.1,3.2,226.7,8.0,6.0,4.0,72.0,6.0,4.0,0.0,25.0,29.5,21.0,2.57,0.5391785407167194,27.53,23.02,32.51,18.21,35.95,4.62,MODERATE,Horticultural Orchard Microclimate,Manual demo override,MANUAL_OVERRIDE,,2026-09-09,,,,NOT_REQUESTED,29.2,20.7,71.0
MH_487_551282,Chehedi Kh,Chehedi Kh,Niphad,Nashik,20.01351,73.95059,127.64,16.98,-3.4,541.9,37.9,496.4,587.4,3.2,225.9,8.0,6.0,4.0,72.0,6.0,4.0,0.0,25.0,29.5,21.0,2.57,0.6254754808668408,27.52,22.94,32.38,17.74,36.01,4.69,MODERATE,Horticultural Orchard Microclimate,Manual demo override,MANUAL_OVERRIDE,,2026-09-09,,,,NOT_REQUESTED,29.2,20.7,71.0
MH_487_551283,Varhe Davna,Varhe Davna,Niphad,Nashik,20.00228,73.9603,128.61,17.85,-3.6,540.8,37.9,495.3,586.2,3.2,226.3,8.0,6.0,4.0,72.0,6.0,4.0,0.0,25.0,29.5,21.0,2.57,0.6144409290389814,27.4,22.63,32.19,18.04,35.86,4.67,MODERATE,Horticultural Orchard Microclimate,Manual demo override,MANUAL_OVERRIDE,,2026-09-09,,,,NOT_REQUESTED,29.2,20.7,71.0
MH_487_551285,Lalpadi,Lalpadi,Niphad,Nashik,19.98949,73.9637,128.94,18.15,-3.7,540.4,37.8,495.0,585.7,3.2,226.5,8.0,6.0,4.0,72.0,6.0,4.0,0.0,25.0,29.5,21.0,2.57,0.6276835500609314,27.68,23.08,32.61,18.43,35.94,4.64,MODERATE,Horticultural Orchard Microclimate,Manual demo override,MANUAL_OVERRIDE,,2026-09-09,,,,NOT_REQUESTED,29.2,20.7,71.1
MH_487_551286,Darna Sangvi,Darna Sangvi,Niphad,Nashik,19.97991,73.97466,130.08,17.99,-3.9,539.0,37.7,493.8,584.3,3.2,226.9,8.0,6.0,4.0,72.0,6.0,4.0,0.0,25.0,29.5,21.0,2.57,0.6125975169239535,27.42,22.64,32.12,17.95,35.78,4.57,MODERATE,Horticultural Orchard Microclimate,Manual demo override,MANUAL_OVERRIDE,,2026-09-09,,,,NOT_REQUESTED,29.2,20.7,71.0
MH_487_551386,Sawali,Sawali,Niphad,Nashik,19.96917,73.99084,131.77,17.52,-4.3,537.1,37.6,492.0,582.2,3.2,227.6,8.0,6.0,4.0,72.0,6.0,4.0,0.0,25.0,29.5,21.0,2.57,0.5856784840344798,27.55,23.25,31.77,17.99,35.9,4.59,MODERATE,Horticultural Orchard Microclimate,Manual demo override,MANUAL_OVERRIDE,,2026-09-09,,,,NOT_REQUESTED,29.2,20.7,71.0
MH_487_551385,Chatori,Chatori,Niphad,Nashik,19.97955,74.00384,133.13,15.74,-4.6,535.5,37.5,490.5,580.5,3.2,228.2,8.0,6.0,4.0,72.0,6.0,4.0,0.0,25.0,29.5,21.0,2.57,0.5214364928978373,27.42,22.77,32.2,17.96,35.6,4.54,MODERATE,Horticultural Orchard Microclimate,Manual demo override,MANUAL_OVERRIDE,,2026-09-09,,,,NOT_REQUESTED,29.2,20.7,71.0
MH_487_551284,Shimpi Takali,Shimpi Takali,Niphad,Nashik,19.99678,73.98124,130.79,16.33,-4.1,538.3,37.7,493.0,583.5,3.2,227.2,8.0,6.0,4.0,72.0,6.0,4.0,0.0,25.0,29.5,21.0,2.57,0.5572046049235638,27.48,23.17,32.15,18.02,35.76,4.59,MODERATE,Horticultural Orchard Microclimate,Manual demo override,MANUAL_OVERRIDE,,2026-09-09,,,,NOT_REQUESTED,29.2,20.7,71.0
MH_487_551280,Nagapur,Nagapur,Niphad,Nashik,20.00977,73.99279,132.03,14.52,-4.3,536.9,37.6,491.7,582.0,3.2,227.7,8.0,6.0,4.0,72.0,6.0,4.0,0.0,25.0,29.5,21.0,2.57,0.49175403660994554,27.26,22.14,31.88,17.62,35.75,4.69,MODERATE,Horticultural Orchard Microclimate,Manual demo override,MANUAL_OVERRIDE,,2026-09-09,,,,NOT_REQUESTED,29.2,20.7,70.9
MH_487_551388,Pimpalgaon Nipani,Pimpalgaon Nipani,Niphad,Nashik,19.94839,74.0245,135.32,17.15,-5.1,533.1,37.3,488.3,577.8,3.2,229.0,8.0,6.0,4.0,72.0,6.0,4.0,0.0,25.0,29.5,21.0,2.57,0.5359497395046794,27.39,22.9,32.31,17.92,35.9,4.63,MODERATE,Horticultural Orchard Microclimate,Manual demo override,MANUAL_OVERRIDE,,2026-09-09,,,,NOT_REQUESTED,29.3,20.8,71.0
MH_487_551389,Talwade,Talwade,Niphad,Nashik,19.94805,74.04896,137.87,16.0,-5.6,530.1,37.1,485.6,574.6,3.2,230.1,8.0,6.0,4.0,72.0,6.0,4.0,0.0,25.0,29.5,21.0,1.65,0.4687346542209583,26.48,22.13,31.51,16.7,35.1,4.73,MODERATE,Horticultural Orchard Microclimate,Manual demo override,MANUAL_OVERRIDE,,2026-09-09,,,,NOT_REQUESTED,29.3,20.8,70.6
MH_487_551390,Mahajanpur,Mahajanpur,Niphad,Nashik,19.95499,74.06939,139.99,14.53,-6.1,527.7,36.9,483.4,572.0,3.2,230.9,8.0,6.0,4.0,72.0,6.0,4.0,0.0,25.0,29.5,21.0,-1.45,0.3945715274987542,23.33,18.67,28.07,13.64,31.53,4.56,MODERATE,Horticultural Orchard Microclimate,Manual demo override,MANUAL_OVERRIDE,,2026-09-09,,,,NOT_REQUESTED,29.4,20.9,69.3
MH_487_551396,Shrirampur,Shrirampur,Niphad,Nashik,19.96978,74.08963,142.09,12.44,-6.5,525.2,36.8,481.1,569.4,3.2,231.8,8.0,6.0,4.0,72.0,6.0,4.0,0.0,25.0,29.5,21.0,-2.52,0.29874100151508604,22.12,17.83,27.11,12.2,30.09,4.64,MODERATE,Horticultural Orchard Microclimate,Manual demo override,MANUAL_OVERRIDE,,2026-09-09,,,,NOT_REQUESTED,29.9,21.4,68.8
MH_487_551315,Deopur,Deopur,Niphad,Nashik,20.13326,74.07767,141.94,6.82,-6.2,526.7,36.9,482.4,571.0,3.2,231.3,8.0,6.0,4.0,72.0,6.0,4.0,0.0,25.0,29.5,21.0,-2.52,0.012583942781317529,21.83,17.45,26.48,11.98,30.17,4.64,MODERATE,Horticultural Orchard Microclimate,Manual demo override,MANUAL_OVERRIDE,,2026-09-09,,,,NOT_REQUESTED,29.8,21.3,68.7
MH_487_551397,Mhalsakore,Mhalsakore,Niphad,Nashik,19.97815,74.11805,145.06,11.36,-7.2,521.8,36.5,478.0,565.6,3.2,233.0,8.0,6.0,4.0,72.0,6.0,4.0,0.0,25.0,29.5,21.0,-2.52,0.21021472620519374,22.0,17.05,26.87,12.62,30.24,4.57,MODERATE,Horticultural Orchard Microclimate,Manual demo override,MANUAL_OVERRIDE,,2026-09-09,,,,NOT_REQUESTED,29.9,21.4,68.8
MH_487_551400,Tarukhedle,Tarukhedle,Niphad,Nashik,19.97495,74.14867,148.26,12.36,-7.8,518.2,36.3,474.6,561.7,3.2,234.2,8.0,6.0,4.0,72.0,6.0,4.0,0.0,25.0,29.5,21.0,-2.53,0.17016169343259527,22.05,17.43,26.48,12.56,30.9,4.59,MODERATE,Horticultural Orchard Microclimate,Manual demo override,MANUAL_OVERRIDE,,2026-09-09,,,,NOT_REQUESTED,29.9,21.4,68.8
MH_487_551401,Tamaswadi,Tamaswadi,Niphad,Nashik,19.97339,74.17434,150.94,13.63,-8.4,515.1,36.1,471.8,558.4,3.2,235.3,8.0,6.0,4.0,72.0,6.0,4.0,0.0,25.0,29.5,21.0,-2.53,0.14320461819552827,21.97,17.35,26.6,12.79,30.55,4.6,MODERATE,Horticultural Orchard Microclimate,Manual demo override,MANUAL_OVERRIDE,,2026-09-09,,,,NOT_REQUESTED,29.9,21.4,68.8
MH_487_551402,Karanji Kh,Karanji Kh,Niphad,Nashik,19.97089,74.19751,153.37,15.19,-8.9,512.3,35.9,469.2,555.4,3.2,236.3,8.0,6.0,4.0,72.0,6.0,4.0,0.0,25.0,29.5,21.0,-2.53,0.1272227421882025,21.91,17.27,26.69,12.57,30.38,4.56,MODERATE,Horticultural Orchard Microclimate,Manual demo override,MANUAL_OVERRIDE,,2026-09-09,,,,NOT_REQUESTED,29.9,21.4,68.8
MH_487_551403,Bramhanwade,Bramhanwade,Niphad,Nashik,19.96271,74.21728,155.44,17.2,-9.4,509.9,35.7,467.1,552.8,3.2,237.1,8.0,6.0,4.0,72.0,6.0,4.0,0.0,25.0,29.5,21.0,-2.53,0.13172266704006916,21.83,17.37,26.43,12.34,30.04,4.6,MODERATE,Horticultural Orchard Microclimate,Manual demo override,MANUAL_OVERRIDE,,2026-09-09,,,,NOT_REQUESTED,30.0,21.5,68.7
MH_487_551357,Kalgaon,Kalgaon,Niphad,Nashik,19.98206,74.24501,158.33,17.82,-10.0,506.6,35.5,464.0,549.2,3.2,238.3,8.0,6.0,4.0,72.0,6.0,4.0,0.0,25.0,29.5,21.0,-2.53,0.062020763211687764,21.81,17.39,26.36,12.17,30.02,4.58,MODERATE,Horticultural Orchard Microclimate,Manual demo override,MANUAL_OVERRIDE,,2026-09-09,,,,NOT_REQUESTED,30.0,21.5,68.7
MH_487_551364,Kanlad,Kanlad,Niphad,Nashik,19.97771,74.26964,160.9,20.19,-10.6,503.6,35.3,461.3,546.0,3.2,239.3,8.0,6.0,4.0,72.0,6.0,4.0,0.0,25.0,29.5,21.0,-2.53,0.05585610855818911,21.88,17.54,26.92,12.11,30.09,4.62,MODERATE,Horticultural Orchard Microclimate,Manual demo override,MANUAL_OVERRIDE,,2026-09-09,,,,NOT_REQUESTED,30.0,21.5,68.8
MH_487_551363,Shirwade Wakad,Shirwade Wakad,Niphad,Nashik,19.98755,74.30036,164.12,20.91,-11.3,500.0,35.0,458.0,542.0,3.2,240.6,8.0,6.0,4.0,72.0,6.0,4.0,0.0,25.0,29.5,21.0,-2.53,0.01429037276466825,21.81,17.12,26.39,12.24,30.03,4.69,MODERATE,Horticultural Orchard Microclimate,Manual demo override,MANUAL_OVERRIDE,,2026-09-09,,,,NOT_REQUESTED,30.0,21.5,68.7
MH_487_551362,Wakad,Wakad,Niphad,Nashik,20.00968,74.29863,163.97,21.07,-11.2,500.2,35.0,458.2,542.2,3.2,240.5,8.0,6.0,4.0,72.0,6.0,4.0,0.0,25.0,29.5,21.0,-2.53,-0.030576291351893478,21.72,16.91,26.29,11.86,30.36,4.73,MODERATE,Horticultural Orchard Microclimate,Manual demo override,MANUAL_OVERRIDE,,2026-09-09,,,,NOT_REQUESTED,30.0,21.5,68.7
MH_487_551356,Khedale Zunge,Khedale Zunge,Niphad,Nashik,19.98989,74.22342,156.08,15.52,-9.5,509.2,35.6,466.5,551.9,3.2,237.4,8.0,6.0,4.0,72.0,6.0,4.0,0.0,25.0,29.5,21.0,-2.53,0.05711067451510459,21.78,17.65,26.75,11.94,29.96,4.58,MODERATE,Horticultural Orchard Microclimate,Manual demo override,MANUAL_OVERRIDE,,2026-09-09,,,,NOT_REQUESTED,30.0,21.5,68.7
MH_487_551358,Rui,Rui,Niphad,Nashik,20.01513,74.23974,157.84,15.35,-9.9,507.2,35.5,464.6,549.8,3.2,238.1,8.0,6.0,4.0,72.0,6.0,4.0,0.0,25.0,29.5,21.0,-2.53,-0.011280137121044058,21.83,17.26,26.61,11.86,30.08,4.64,MODERATE,Horticultural Orchard Microclimate,Manual demo override,MANUAL_OVERRIDE,,2026-09-09,,,,NOT_REQUESTED,30.0,21.5,68.7
MH_487_551359,Deogaon,Deogaon,Niphad,Nashik,20.02346,74.26635,160.64,17.5,-10.5,504.0,35.3,461.7,546.4,3.2,239.2,8.0,6.0,4.0,72.0,6.0,4.0,0.0,25.0,29.5,21.0,-2.53,-0.041332988817560305,21.72,17.41,26.49,11.99,30.21,4.66,MODERATE,Horticultural Orchard Microclimate,Manual demo override,MANUAL_OVERRIDE,,2026-09-09,,,,NOT_REQUESTED,30.0,21.5,68.7
MH_487_551355,Sarole Thadi,Sarole Thadi,Niphad,Nashik,20.00295,74.20063,153.72,12.77,-9.0,511.9,35.8,469.0,554.9,3.2,236.4,8.0,6.0,4.0,72.0,6.0,4.0,0.0,25.0,29.5,21.0,-2.53,0.038531193818290954,21.77,16.86,26.42,12.31,30.11,4.62,MODERATE,Horticultural Orchard Microclimate,Manual demo override,MANUAL_OVERRIDE,,2026-09-09,,,,NOT_REQUESTED,29.9,21.4,68.7
MH_487_551399,Khangaon Thadi,Khangaon Thadi,Niphad,Nashik,20.00397,74.14329,147.73,9.14,-7.7,518.8,36.3,475.2,562.4,3.2,234.0,8.0,6.0,4.0,72.0,6.0,4.0,0.0,25.0,29.5,21.0,-2.53,0.08539938519533027,21.89,17.39,26.22,12.25,30.16,4.51,MODERATE,Horticultural Orchard Microclimate,Manual demo override,MANUAL_OVERRIDE,,2026-09-09,,,,NOT_REQUESTED,29.9,21.4,68.8
MH_487_551398,Majargaon,Majargaon,Niphad,Nashik,20.00635,74.12109,145.42,8.27,-7.2,521.5,36.5,477.7,565.3,3.2,233.1,8.0,6.0,4.0,72.0,6.0,4.0,0.0,25.0,29.5,21.0,-2.52,0.11087365661274866,21.89,17.06,26.29,12.38,30.3,4.51,MODERATE,Horticultural Orchard Microclimate,Manual demo override,MANUAL_OVERRIDE,,2026-09-09,,,,NOT_REQUESTED,29.9,21.4,68.8
MH_487_551393,Chapadgaon,Chapadgaon,Niphad,Nashik,20.01954,74.10143,143.41,6.78,-6.8,523.8,36.7,479.8,567.9,3.2,232.3,8.0,6.0,4.0,72.0,6.0,4.0,0.0,25.0,29.5,21.0,-2.52,0.10598438644476166,21.9,17.73,26.43,12.63,30.32,4.44,MODERATE,Horticultural Orchard Microclimate,Manual demo override,MANUAL_OVERRIDE,,2026-09-09,,,,NOT_REQUESTED,29.9,21.4,68.8
MH_487_551394,Bhuse,Bhuse,Niphad,Nashik,19.99851,74.09905,143.1,9.13,-6.7,524.1,36.7,480.1,568.2,3.2,232.2,8.0,6.0,4.0,72.0,6.0,4.0,0.0,25.0,29.5,21.0,-2.52,0.18312029542689193,22.11,17.65,27.07,12.57,30.51,4.65,MODERATE,Horticultural Orchard Microclimate,Manual demo override,MANUAL_OVERRIDE,,2026-09-09,,,,NOT_REQUESTED,29.9,21.4,68.8
MH_487_551395,Aurangpur,Aurangpur,Niphad,Nashik,19.97858,74.08075,141.16,11.68,-6.3,526.3,36.8,482.1,570.5,3.2,231.4,8.0,6.0,4.0,72.0,6.0,4.0,0.0,25.0,29.5,21.0,-2.52,0.29326290179816245,22.16,17.56,27.01,12.44,30.7,4.69,MODERATE,Horticultural Orchard Microclimate,Manual demo override,MANUAL_OVERRIDE,,2026-09-09,,,,NOT_REQUESTED,29.8,21.3,68.9
MH_487_551391,Bhendali,Bhendali,Niphad,Nashik,19.98602,74.06209,139.22,11.59,-5.9,528.5,37.0,484.1,572.9,3.2,230.6,8.0,6.0,4.0,72.0,6.0,4.0,0.0,25.0,29.5,21.0,-1.45,0.32222181803368116,23.25,18.8,28.21,13.51,31.49,4.67,MODERATE,Horticultural Orchard Microclimate,Manual demo override,MANUAL_OVERRIDE,,2026-09-09,,,,NOT_REQUESTED,29.3,20.8,69.3
MH_487_551387,Ramnagar,Ramnagar,Niphad,Nashik,19.97983,74.02942,135.8,13.96,-5.2,532.5,37.3,487.7,577.2,3.2,229.2,8.0,6.0,4.0,72.0,6.0,4.0,0.0,25.0,29.5,21.0,1.65,0.43959616895314596,26.39,21.62,31.6,16.46,34.27,4.55,MODERATE,Horticultural Orchard Microclimate,Manual demo override,MANUAL_OVERRIDE,,2026-09-09,,,,NOT_REQUESTED,29.3,20.8,70.6
MH_487_551384,Songaon,Songaon,Niphad,Nashik,20.00148,74.03033,135.93,12.06,-5.2,532.4,37.3,487.6,577.1,3.2,229.3,8.0,6.0,4.0,72.0,6.0,4.0,0.0,25.0,29.5,21.0,1.65,0.3807615208027991,26.41,21.94,31.0,17.49,34.78,4.45,MODERATE,Horticultural Orchard Microclimate,Manual demo override,MANUAL_OVERRIDE,,2026-09-09,,,,NOT_REQUESTED,29.3,20.8,70.6
MH_487_551383,Saikhede,Saikhede,Niphad,Nashik,20.02128,74.03091,136.05,10.53,-5.2,532.3,37.3,487.5,577.1,3.2,229.3,8.0,6.0,4.0,72.0,6.0,4.0,0.0,25.0,29.5,21.0,1.65,0.32964313493839026,26.34,21.86,30.77,16.24,34.8,4.72,MODERATE,Horticultural Orchard Microclimate,Manual demo override,MANUAL_OVERRIDE,,2026-09-09,,,,NOT_REQUESTED,29.3,20.8,70.5
MH_487_551382,Shingave,Shingave,Niphad,Nashik,20.03145,74.05314,138.42,8.03,-5.7,529.6,37.1,485.1,574.1,3.2,230.2,8.0,6.0,4.0,72.0,6.0,4.0,0.0,25.0,29.5,21.0,1.64,0.22153755272735773,26.37,21.79,31.43,16.1,35.27,4.73,MODERATE,Horticultural Orchard Microclimate,Manual demo override,MANUAL_OVERRIDE,,2026-09-09,,,,NOT_REQUESTED,29.3,20.8,70.5
MH_487_551392,Karanjgaon,Karanjgaon,Niphad,Nashik,20.01029,74.07275,140.38,8.67,-6.1,527.3,36.9,483.0,571.5,3.2,231.1,8.0,6.0,4.0,72.0,6.0,4.0,0.0,25.0,29.5,21.0,-2.52,0.21622523117087966,22.11,17.29,26.68,12.6,30.26,4.65,MODERATE,Horticultural Orchard Microclimate,Manual demo override,MANUAL_OVERRIDE,,2026-09-09,,,,NOT_REQUESTED,29.8,21.3,68.8
MH_487_551279,Chandori,Chandori,Niphad,Nashik,20.03763,74.00434,133.36,12.0,-4.6,535.5,37.5,490.5,580.5,3.2,228.2,8.0,6.0,4.0,72.0,6.0,4.0,0.0,25.0,29.5,21.0,2.57,0.3947289275287384,27.32,22.89,32.13,17.88,35.85,4.64,MODERATE,Horticultural Orchard Microclimate,Manual demo override,MANUAL_OVERRIDE,,2026-09-09,,,,NOT_REQUESTED,29.2,20.7,70.9
MH_487_551278,Gondegaon,Gondegaon,Niphad,Nashik,20.04627,74.039,137.03,8.31,-5.4,531.3,37.2,486.7,576.0,3.2,229.6,8.0,6.0,4.0,72.0,6.0,4.0,0.0,25.0,29.5,21.0,1.65,0.24110605932082807,26.21,22.05,31.0,16.86,34.42,4.59,MODERATE,Horticultural Orchard Microclimate,Manual demo override,MANUAL_OVERRIDE,,2026-09-09,,,,NOT_REQUESTED,29.3,20.8,70.5
MH_487_551302,Banganganagar,Banganganagar,Niphad,Nashik,20.08411,73.97609,130.8,13.99,-4.0,538.9,37.7,493.6,584.1,3.2,227.0,8.0,6.0,4.0,72.0,6.0,4.0,0.0,25.0,29.5,21.0,2.57,0.434708443285558,27.31,22.59,31.79,17.4,35.83,4.69,MODERATE,Horticultural Orchard Microclimate,Manual demo override,MANUAL_OVERRIDE,,2026-09-09,,,,NOT_REQUESTED,29.2,20.7,70.9
MH_487_551276,Datyane,Datyane,Niphad,Nashik,20.0766,73.99253,132.43,12.27,-4.3,536.9,37.6,491.8,582.0,3.2,227.7,8.0,6.0,4.0,72.0,6.0,4.0,0.0,25.0,29.5,21.0,2.57,0.3803274496021387,27.32,22.79,31.84,17.87,36.09,4.71,MODERATE,Horticultural Orchard Microclimate,Manual demo override,MANUAL_OVERRIDE,,2026-09-09,,,,NOT_REQUESTED,29.2,20.7,70.9
MH_487_551275,Oney,Oney,Niphad,Nashik,20.06993,74.00591,133.76,10.93,-4.6,535.3,37.5,490.3,580.3,3.2,228.2,8.0,6.0,4.0,72.0,6.0,4.0,0.0,25.0,29.5,21.0,2.57,0.33559806415370796,27.29,22.29,32.31,17.45,35.64,4.66,MODERATE,Horticultural Orchard Microclimate,Manual demo override,MANUAL_OVERRIDE,,2026-09-09,,,,NOT_REQUESTED,29.2,20.7,70.9
MH_487_551274,Mauje Sukene,Mauje Sukene,Niphad,Nashik,20.06699,74.03067,136.32,8.41,-5.2,532.3,37.3,487.6,577.1,3.2,229.3,8.0,6.0,4.0,72.0,6.0,4.0,0.0,25.0,29.5,21.0,1.65,0.237132741890872,26.17,21.36,30.87,16.07,34.92,4.71,MODERATE,Horticultural Orchard Microclimate,Manual demo override,MANUAL_OVERRIDE,,2026-09-09,,,,NOT_REQUESTED,29.3,20.8,70.5
MH_487_551270,Dixi,Dixi,Niphad,Nashik,20.10338,73.97942,131.36,13.88,-4.0,538.5,37.7,493.2,583.7,3.2,227.1,8.0,6.0,4.0,72.0,6.0,4.0,0.0,25.0,29.5,21.0,2.57,0.40351460697670843,27.3,22.52,31.51,17.62,35.41,4.61,MODERATE,Horticultural Orchard Microclimate,Manual demo override,MANUAL_OVERRIDE,,2026-09-09,,,,NOT_REQUESTED,29.2,20.7,70.9
MH_487_551271,Jivhale,Jivhale,Niphad,Nashik,20.09896,73.99146,132.56,12.56,-4.3,537.0,37.6,491.9,582.1,3.2,227.6,8.0,6.0,4.0,72.0,6.0,4.0,0.0,25.0,29.5,21.0,2.57,0.3611511942598635,27.2,22.21,32.11,17.79,36.07,4.64,MODERATE,Horticultural Orchard Microclimate,Manual demo override,MANUAL_OVERRIDE,,2026-09-09,,,,NOT_REQUESTED,29.2,20.7,70.9
MH_487_551272,Thergaon,Thergaon,Niphad,Nashik,20.09489,73.99938,133.33,11.67,-4.5,536.1,37.5,491.1,581.1,3.2,228.0,8.0,6.0,4.0,72.0,6.0,4.0,0.0,25.0,29.5,21.0,2.57,0.3335076733208172,27.23,22.79,32.44,17.71,35.24,4.58,MODERATE,Horticultural Orchard Microclimate,Manual demo override,MANUAL_OVERRIDE,,2026-09-09,,,,NOT_REQUESTED,29.2,20.7,70.9
MH_487_551298,Kokangaon,Kokangaon,Niphad,Nashik,20.13068,73.97687,131.46,15.0,-4.0,538.8,37.7,493.5,584.0,3.2,227.0,8.0,6.0,4.0,72.0,6.0,4.0,0.0,25.0,29.5,21.0,2.57,0.39345781144684705,27.29,22.96,31.34,17.59,35.73,4.59,MODERATE,Horticultural Orchard Microclimate,Manual demo override,MANUAL_OVERRIDE,,2026-09-09,,,,NOT_REQUESTED,29.2,20.7,70.9
MH_487_551297,Shirasgaon,Shirasgaon,Niphad,Nashik,20.13053,73.99979,133.83,12.81,-4.5,536.0,37.5,491.0,581.0,3.2,228.0,8.0,6.0,4.0,72.0,6.0,4.0,0.0,25.0,29.5,21.0,2.57,0.30817623151007933,27.17,23.06,32.03,17.48,35.69,4.63,MODERATE,Horticultural Orchard Microclimate,Manual demo override,MANUAL_OVERRIDE,,2026-09-09,,,,NOT_REQUESTED,29.2,20.7,70.9
MH_487_551273,Kasabe Sukene,Kasabe Sukene,Niphad,Nashik,20.09902,74.02246,135.78,9.38,-5.0,533.3,37.3,488.5,578.1,3.2,228.9,8.0,6.0,4.0,72.0,6.0,4.0,0.0,25.0,29.5,21.0,2.57,0.23527364572496703,27.1,22.5,31.82,17.59,35.42,4.63,MODERATE,Horticultural Orchard Microclimate,Manual demo override,MANUAL_OVERRIDE,,2026-09-09,,,,NOT_REQUESTED,29.3,20.8,70.8
MH_487_551293,Behed,Behed,Niphad,Nashik,20.14679,74.00857,134.99,12.94,-4.7,535.0,37.4,490.1,579.9,3.2,228.4,8.0,6.0,4.0,72.0,6.0,4.0,0.0,25.0,29.5,21.0,2.57,0.2697214035140972,27.17,22.66,32.14,17.29,35.79,4.73,MODERATE,Horticultural Orchard Microclimate,Manual demo override,MANUAL_OVERRIDE,,2026-09-09,,,,NOT_REQUESTED,29.2,20.7,70.9
MH_487_551294,Narayan Tembhi,Narayan Tembhi,Niphad,Nashik,20.14617,74.02561,136.74,11.48,-5.1,532.9,37.3,488.2,577.7,3.2,229.1,8.0,6.0,4.0,72.0,6.0,4.0,0.0,25.0,29.5,21.0,1.65,0.206690878007562,26.31,21.75,30.77,16.57,34.68,4.65,MODERATE,Horticultural Orchard Microclimate,Manual demo override,MANUAL_OVERRIDE,,2026-09-09,,,,NOT_REQUESTED,29.3,20.8,70.5
MH_487_551296,Vadali Najik,Vadali Najik,Niphad,Nashik,20.12291,74.03339,137.21,9.32,-5.3,532.0,37.2,487.4,576.6,3.2,229.4,8.0,6.0,4.0,72.0,6.0,4.0,0.0,25.0,29.5,21.0,1.65,0.17874848991210976,26.1,21.5,31.1,17.0,34.64,4.54,MODERATE,Horticultural Orchard Microclimate,Manual demo override,MANUAL_OVERRIDE,,2026-09-09,,,,NOT_REQUESTED,29.3,20.8,70.4
MH_487_551295,Karsul,Karsul,Niphad,Nashik,20.14284,74.04534,138.73,9.72,-5.5,530.6,37.1,486.0,575.1,3.2,229.9,8.0,6.0,4.0,72.0,6.0,4.0,0.0,25.0,29.5,21.0,1.65,0.13323033671835852,26.1,21.56,30.84,16.56,34.59,4.67,MODERATE,Horticultural Orchard Microclimate,Manual demo override,MANUAL_OVERRIDE,,2026-09-09,,,,NOT_REQUESTED,29.3,20.8,70.4
MH_487_551366,Raulas,Raulas,Niphad,Nashik,20.12117,74.0665,140.62,6.45,-6.0,528.0,37.0,483.6,572.4,3.2,230.8,8.0,6.0,4.0,72.0,6.0,4.0,0.0,25.0,29.5,21.0,-2.52,0.04608773814765951,21.81,17.02,26.86,12.58,30.25,4.57,MODERATE,Horticultural Orchard Microclimate,Manual demo override,MANUAL_OVERRIDE,,2026-09-09,,,,NOT_REQUESTED,29.8,21.3,68.7
MH_487_551365,Pimpri,Pimpri,Niphad,Nashik,20.09827,74.06537,140.23,5.08,-6.0,528.2,37.0,483.8,572.6,3.2,230.7,8.0,6.0,4.0,72.0,6.0,4.0,0.0,25.0,29.5,21.0,-2.52,0.04930246097319653,21.79,17.13,26.46,12.36,30.36,4.64,MODERATE,Horticultural Orchard Microclimate,Manual demo override,MANUAL_OVERRIDE,,2026-09-09,,,,NOT_REQUESTED,29.8,21.3,68.7
MH_487_551370,Pimpalas,Pimpalas,Niphad,Nashik,20.07127,74.05982,139.39,5.33,-5.8,528.8,37.0,484.4,573.2,3.2,230.5,8.0,6.0,4.0,72.0,6.0,4.0,0.0,25.0,29.5,21.0,-1.45,0.10293992581785773,22.98,18.27,27.75,13.43,31.58,4.65,MODERATE,Horticultural Orchard Microclimate,Manual demo override,MANUAL_OVERRIDE,,2026-09-09,,,,NOT_REQUESTED,29.3,20.8,69.2
MH_487_551371,Kothure,Kothure,Niphad,Nashik,20.06166,74.08353,141.78,3.44,-6.4,526.0,36.8,481.8,570.1,3.2,231.5,8.0,6.0,4.0,72.0,6.0,4.0,0.0,25.0,29.5,21.0,-2.52,0.02081563629143192,21.92,17.44,26.68,12.26,30.54,4.63,MODERATE,Horticultural Orchard Microclimate,Manual demo override,MANUAL_OVERRIDE,,2026-09-09,,,,NOT_REQUESTED,29.8,21.3,68.8
MH_487_551369,Rasalpur,Rasalpur,Niphad,Nashik,20.07856,74.09627,143.25,1.44,-6.7,524.4,36.7,480.4,568.5,3.2,232.0,8.0,6.0,4.0,72.0,6.0,4.0,0.0,25.0,29.5,21.0,-2.52,-0.07765843625099995,21.72,17.46,26.61,11.6,30.04,4.68,MODERATE,Horticultural Orchard Microclimate,Manual demo override,MANUAL_OVERRIDE,,2026-09-09,,,,NOT_REQUESTED,29.9,21.4,68.7
MH_487_551372,Kurudgaon,Kurudgaon,Niphad,Nashik,20.04863,74.10406,143.83,3.54,-6.8,523.5,36.6,479.6,567.4,3.2,232.4,8.0,6.0,4.0,72.0,6.0,4.0,0.0,25.0,29.5,21.0,-2.52,-0.003607615843773432,21.77,17.12,26.47,11.61,30.35,4.69,MODERATE,Horticultural Orchard Microclimate,Manual demo override,MANUAL_OVERRIDE,,2026-09-09,,,,NOT_REQUESTED,29.9,21.4,68.7
MH_487_551381,Kathargaon,Kathargaon,Niphad,Nashik,20.03577,74.12589,146.04,5.19,-7.3,520.9,36.5,477.1,564.7,3.2,233.3,8.0,6.0,4.0,72.0,6.0,4.0,0.0,25.0,29.5,21.0,-2.52,0.0025443203746594507,21.76,16.94,26.46,12.17,30.15,4.67,MODERATE,Horticultural Orchard Microclimate,Manual demo override,MANUAL_OVERRIDE,,2026-09-09,,,,NOT_REQUESTED,29.9,21.4,68.7
MH_487_551380,Sundarpur,Sundarpur,Niphad,Nashik,20.04566,74.134,146.94,4.57,-7.5,519.9,36.4,476.2,563.6,3.2,233.6,8.0,6.0,4.0,72.0,6.0,4.0,0.0,25.0,29.5,21.0,-2.52,-0.039071128087896013,21.69,16.86,26.69,11.82,30.02,4.6,MODERATE,Horticultural Orchard Microclimate,Manual demo override,MANUAL_OVERRIDE,,2026-09-09,,,,NOT_REQUESTED,29.9,21.4,68.7
MH_487_551373,Jalgaon,Jalgaon,Niphad,Nashik,20.06142,74.11814,145.39,2.23,-7.2,521.8,36.5,478.0,565.6,3.2,233.0,8.0,6.0,4.0,72.0,6.0,4.0,0.0,25.0,29.5,21.0,-2.52,-0.07662022505186203,21.76,17.4,27.0,11.87,30.11,4.58,MODERATE,Horticultural Orchard Microclimate,Manual demo override,MANUAL_OVERRIDE,,2026-09-09,,,,NOT_REQUESTED,29.9,21.4,68.7
MH_487_551367,Gitakunj,Gitakunj,Niphad,Nashik,20.11165,74.0933,143.28,3.93,-6.6,524.8,36.7,480.8,568.8,3.2,231.9,8.0,6.0,4.0,72.0,6.0,4.0,0.0,25.0,29.5,21.0,-2.52,-0.059843126748412995,21.65,17.03,26.65,11.54,29.86,4.69,MODERATE,Horticultural Orchard Microclimate,Manual demo override,MANUAL_OVERRIDE,,2026-09-09,,,,NOT_REQUESTED,29.9,21.4,68.7
MH_487_276279,Niphad,Niphad,Central,Nashik,20.09211,74.11758,145.59,1.56,-7.1,521.9,36.5,478.1,565.7,3.2,232.9,12.0,14.0,10.0,58.0,4.0,2.0,0.0,25.0,29.5,21.0,-2.52,-0.1390584565047504,21.73,17.09,26.15,11.89,30.68,4.69,MODERATE,Riparian Godavari River Valley,Manual demo override,MANUAL_OVERRIDE,,2026-09-09,,,,NOT_REQUESTED,29.9,21.4,68.7
MH_487_551316,Nandurdi,Nandurdi,Niphad,Nashik,20.13461,74.09921,144.19,6.18,-6.7,524.1,36.7,480.1,568.1,3.2,232.2,8.0,6.0,4.0,72.0,6.0,4.0,0.0,25.0,29.5,21.0,-2.52,-0.05126401042515631,21.78,17.25,25.99,11.98,30.39,4.66,MODERATE,Horticultural Orchard Microclimate,Manual demo override,MANUAL_OVERRIDE,,2026-09-09,,,,NOT_REQUESTED,29.9,21.4,68.7
MH_487_551317,Khede,Khede,Niphad,Nashik,20.13756,74.1204,146.42,6.49,-7.2,521.6,36.5,477.8,565.4,3.2,233.1,8.0,6.0,4.0,72.0,6.0,4.0,0.0,25.0,29.5,21.0,-2.52,-0.0932673588625118,21.7,17.07,26.01,11.93,29.76,4.56,MODERATE,Horticultural Orchard Microclimate,Manual demo override,MANUAL_OVERRIDE,,2026-09-09,,,,NOT_REQUESTED,29.9,21.4,68.7
MH_487_551318,Ugaon,Ugaon,Niphad,Nashik,20.13724,74.15366,149.86,7.83,-8.0,517.6,36.2,474.1,561.0,3.2,234.5,8.0,6.0,4.0,72.0,6.0,4.0,0.0,25.0,29.5,21.0,-2.53,-0.13296181841105542,21.68,17.35,26.07,12.06,30.27,4.68,MODERATE,Horticultural Orchard Microclimate,Manual demo override,MANUAL_OVERRIDE,,2026-09-09,,,,NOT_REQUESTED,29.9,21.4,68.7
MH_487_551319,Shivadi,Shivadi,Niphad,Nashik,20.12028,74.13928,148.16,5.42,-7.6,519.3,36.4,475.6,563.0,3.2,233.8,8.0,6.0,4.0,72.0,6.0,4.0,0.0,25.0,29.5,21.0,-2.53,-0.13230850113938356,21.51,16.77,26.63,11.68,29.88,4.71,MODERATE,Horticultural Orchard Microclimate,Manual demo override,MANUAL_OVERRIDE,,2026-09-09,,,,NOT_REQUESTED,29.9,21.4,68.6
MH_487_551374,Shriram Nagar,Shriram Nagar,Niphad,Nashik,20.08546,74.14925,148.82,4.14,-7.9,518.1,36.3,474.5,561.7,3.2,234.3,8.0,6.0,4.0,72.0,6.0,4.0,0.0,25.0,29.5,21.0,-2.53,-0.13086591082491364,21.66,17.06,26.62,11.82,30.21,4.72,MODERATE,Horticultural Orchard Microclimate,Manual demo override,MANUAL_OVERRIDE,,2026-09-09,,,,NOT_REQUESTED,29.9,21.4,68.7
MH_487_551379,Shivare,Shivare,Niphad,Nashik,20.05862,74.1445,148.11,4.32,-7.8,518.7,36.3,475.1,562.2,3.2,234.1,8.0,6.0,4.0,72.0,6.0,4.0,0.0,25.0,29.5,21.0,-2.53,-0.08170595441131175,21.66,16.9,26.81,11.71,29.89,4.67,MODERATE,Horticultural Orchard Microclimate,Manual demo override,MANUAL_OVERRIDE,,2026-09-09,,,,NOT_REQUESTED,29.9,21.4,68.7
MH_487_551353,Dindori,Dindori,Niphad,Nashik,20.02833,74.14363,147.85,6.73,-7.7,518.8,36.3,475.2,562.3,3.2,234.0,8.0,6.0,4.0,72.0,6.0,4.0,0.0,25.0,29.5,21.0,-2.53,0.007344277380101685,21.71,17.1,26.45,12.01,30.58,4.61,MODERATE,Horticultural Orchard Microclimate,Manual demo override,MANUAL_OVERRIDE,,2026-09-09,,,,NOT_REQUESTED,29.9,21.4,68.7
MH_487_551354,Nandur Madhyameshwar,Nandur Madhyameshwar,Niphad,Nashik,20.01173,74.17089,150.64,9.9,-8.3,515.5,36.1,472.2,558.8,3.2,235.2,8.0,6.0,4.0,72.0,6.0,4.0,0.0,25.0,29.5,21.0,-2.53,0.03473302709075567,21.93,17.36,26.93,12.18,30.01,4.63,MODERATE,Horticultural Orchard Microclimate,Manual demo override,MANUAL_OVERRIDE,,2026-09-09,,,,NOT_REQUESTED,29.9,21.4,68.8
MH_487_551352,Gajarwadi,Gajarwadi,Niphad,Nashik,20.04106,74.16778,150.43,7.43,-8.3,515.9,36.1,472.5,559.2,3.2,235.0,8.0,6.0,4.0,72.0,6.0,4.0,0.0,25.0,29.5,21.0,-2.53,-0.04335728610873892,21.71,16.89,26.73,12.07,29.7,4.59,MODERATE,Horticultural Orchard Microclimate,Manual demo override,MANUAL_OVERRIDE,,2026-09-09,,,,NOT_REQUESTED,29.9,21.4,68.7
MH_487_551378,Naitale,Naitale,Niphad,Nashik,20.06826,74.17199,151.05,6.6,-8.4,515.4,36.1,472.0,558.7,3.2,235.2,8.0,6.0,4.0,72.0,6.0,4.0,0.0,25.0,29.5,21.0,-2.53,-0.10301739251864163,21.73,17.16,26.48,11.85,29.96,4.69,MODERATE,Horticultural Orchard Microclimate,Manual demo override,MANUAL_OVERRIDE,,2026-09-09,,,,NOT_REQUESTED,29.9,21.4,68.7
MH_487_551377,Rampur,Rampur,Niphad,Nashik,20.08587,74.17182,151.18,6.49,-8.4,515.4,36.1,472.1,558.7,3.2,235.2,8.0,6.0,4.0,72.0,6.0,4.0,0.0,25.0,29.5,21.0,-2.53,-0.1283444910489225,21.65,17.23,26.2,11.37,30.07,4.72,MODERATE,Horticultural Orchard Microclimate,Manual demo override,MANUAL_OVERRIDE,,2026-09-09,,,,NOT_REQUESTED,29.9,21.4,68.7
MH_487_551327,Thetale,Thetale,Niphad,Nashik,20.13804,74.17991,152.6,9.74,-8.5,514.4,36.0,471.2,557.6,3.2,235.6,8.0,6.0,4.0,72.0,6.0,4.0,0.0,25.0,29.5,21.0,-2.53,-0.15009459601431238,21.68,16.76,26.67,11.88,30.09,4.71,MODERATE,Horticultural Orchard Microclimate,Manual demo override,MANUAL_OVERRIDE,,2026-09-09,,,,NOT_REQUESTED,29.9,21.4,68.7
MH_487_551328,Vitthalwadi,Vitthalwadi,Niphad,Nashik,20.12483,74.19409,153.9,10.1,-8.9,512.7,35.9,469.6,555.8,3.2,236.2,8.0,6.0,4.0,72.0,6.0,4.0,0.0,25.0,29.5,21.0,-2.53,-0.15568760218296412,21.71,16.72,26.41,11.85,30.25,4.68,MODERATE,Horticultural Orchard Microclimate,Manual demo override,MANUAL_OVERRIDE,,2026-09-09,,,,NOT_REQUESTED,29.9,21.4,68.7
MH_487_551329,Subhash Nagar,Subhash Nagar,Niphad,Nashik,20.09923,74.19149,153.35,8.77,-8.8,513.0,35.9,469.9,556.1,3.2,236.0,8.0,6.0,4.0,72.0,6.0,4.0,0.0,25.0,29.5,21.0,-2.53,-0.14146959262795425,21.67,16.96,26.97,12.42,30.21,4.61,MODERATE,Horticultural Orchard Microclimate,Manual demo override,MANUAL_OVERRIDE,,2026-09-09,,,,NOT_REQUESTED,29.9,21.4,68.7
MH_487_551331,Vinchur,Vinchur,Niphad,Nashik,20.11263,74.22085,156.54,12.13,-9.5,509.5,35.7,466.7,552.3,3.2,237.3,8.0,6.0,4.0,72.0,6.0,4.0,0.0,25.0,29.5,21.0,-2.53,-0.15867752631908325,21.73,17.0,26.6,11.65,30.41,4.79,MODERATE,Horticultural Orchard Microclimate,Manual demo override,MANUAL_OVERRIDE,,2026-09-09,,,,NOT_REQUESTED,30.0,21.5,68.7
MH_487_551333,Bramhangaon Vinchur,Bramhangaon Vinchur,Niphad,Nashik,20.14507,74.25298,160.26,16.59,-10.2,505.6,35.4,463.2,548.1,3.2,238.6,8.0,6.0,4.0,72.0,6.0,4.0,0.0,25.0,29.5,21.0,-2.53,-0.19679797807866095,21.5,16.9,26.62,11.98,29.79,4.63,MODERATE,Horticultural Orchard Microclimate,Manual demo override,MANUAL_OVERRIDE,,2026-09-09,,,,NOT_REQUESTED,30.0,21.5,68.6
MH_487_551332,Nimgaon Wakada,Nimgaon Wakada,Niphad,Nashik,20.12616,74.24981,159.7,15.48,-10.1,506.0,35.4,463.5,548.5,3.2,238.5,8.0,6.0,4.0,72.0,6.0,4.0,0.0,25.0,29.5,21.0,-2.53,-0.1822974812390388,21.74,17.02,26.61,11.44,30.03,4.7,MODERATE,Horticultural Orchard Microclimate,Manual demo override,MANUAL_OVERRIDE,,2026-09-09,,,,NOT_REQUESTED,30.0,21.5,68.7
MH_487_551338,Pachore Kh,Pachore Kh,Niphad,Nashik,20.12376,74.26681,161.44,17.08,-10.5,504.0,35.3,461.6,546.3,3.2,239.2,8.0,6.0,4.0,72.0,6.0,4.0,0.0,25.0,29.5,21.0,-2.53,-0.19076353105226257,21.6,16.96,26.55,11.78,29.61,4.6,MODERATE,Horticultural Orchard Microclimate,Manual demo override,MANUAL_OVERRIDE,,2026-09-09,,,,NOT_REQUESTED,30.0,21.5,68.6
MH_487_551336,Shiwapur,Shiwapur,Niphad,Nashik,20.1278,74.29614,164.53,20.15,-11.2,500.5,35.0,458.5,542.5,3.2,240.4,8.0,6.0,4.0,72.0,6.0,4.0,0.0,25.0,29.5,21.0,-2.53,-0.21640715575210617,21.75,17.28,26.42,11.94,29.98,4.61,MODERATE,Horticultural Orchard Microclimate,Manual demo override,MANUAL_OVERRIDE,,2026-09-09,,,,NOT_REQUESTED,30.0,21.5,68.7
MH_487_551335,Pachore Bk,Pachore Bk,Niphad,Nashik,20.13153,74.28105,163.01,18.76,-10.8,502.3,35.2,460.0,544.5,3.2,239.8,8.0,6.0,4.0,72.0,6.0,4.0,0.0,25.0,29.5,21.0,-2.53,-0.20796940468842806,21.65,17.11,26.36,12.29,30.29,4.7,MODERATE,Horticultural Orchard Microclimate,Manual demo override,MANUAL_OVERRIDE,,2026-09-09,,,,NOT_REQUESTED,30.0,21.5,68.7
MH_487_551337,Maralgoi Kh,Maralgoi Kh,Niphad,Nashik,20.11268,74.284,163.11,18.53,-10.9,501.9,35.1,459.8,544.0,3.2,239.9,8.0,6.0,4.0,72.0,6.0,4.0,0.0,25.0,29.5,21.0,-2.53,-0.19081052293027753,21.56,17.02,26.02,12.27,29.79,4.5,MODERATE,Horticultural Orchard Microclimate,Manual demo override,MANUAL_OVERRIDE,,2026-09-09,,,,NOT_REQUESTED,30.0,21.5,68.6
MH_487_551339,Mavalgoi Bk,Mavalgoi Bk,Niphad,Nashik,20.10154,74.27088,161.63,16.97,-10.6,503.5,35.2,461.3,545.7,3.2,239.4,8.0,6.0,4.0,72.0,6.0,4.0,0.0,25.0,29.5,21.0,-2.53,-0.1699561011821589,21.57,16.71,26.37,11.61,30.26,4.66,MODERATE,Horticultural Orchard Microclimate,Manual demo override,MANUAL_OVERRIDE,,2026-09-09,,,,NOT_REQUESTED,30.0,21.5,68.6
MH_487_551340,Hanumannagar,Hanumannagar,Niphad,Nashik,20.09597,74.24992,159.4,14.72,-10.1,506.0,35.4,463.5,548.5,3.2,238.5,8.0,6.0,4.0,72.0,6.0,4.0,0.0,25.0,29.5,21.0,-2.53,-0.15340630085710286,21.61,16.82,26.62,11.94,30.22,4.71,MODERATE,Horticultural Orchard Microclimate,Manual demo override,MANUAL_OVERRIDE,,2026-09-09,,,,NOT_REQUESTED,30.0,21.5,68.6
MH_487_551341,Golegaon,Golegaon,Niphad,Nashik,20.08744,74.27136,161.55,16.87,-10.6,503.4,35.2,461.2,545.7,3.2,239.4,8.0,6.0,4.0,72.0,6.0,4.0,0.0,25.0,29.5,21.0,-2.53,-0.1523037769890151,21.69,17.0,26.31,12.37,30.22,4.59,MODERATE,Horticultural Orchard Microclimate,Manual demo override,MANUAL_OVERRIDE,,2026-09-09,,,,NOT_REQUESTED,30.0,21.5,68.7
MH_487_551345,Dahegaon,Dahegaon,Niphad,Nashik,20.0782,74.27462,161.82,17.19,-10.7,503.0,35.2,460.8,545.3,3.2,239.5,8.0,6.0,4.0,72.0,6.0,4.0,0.0,25.0,29.5,21.0,-2.53,-0.14085850251985396,21.74,17.03,26.26,12.02,30.36,4.63,MODERATE,Horticultural Orchard Microclimate,Manual demo override,MANUAL_OVERRIDE,,2026-09-09,,,,NOT_REQUESTED,30.0,21.5,68.7
MH_487_551347,Bharwas,Bharwas,Niphad,Nashik,20.06405,74.27768,162.04,17.6,-10.7,502.7,35.2,460.4,544.9,3.2,239.7,8.0,6.0,4.0,72.0,6.0,4.0,0.0,25.0,29.5,21.0,-2.53,-0.12044304575772116,21.64,17.07,26.9,12.18,30.05,4.61,MODERATE,Horticultural Orchard Microclimate,Manual demo override,MANUAL_OVERRIDE,,2026-09-09,,,,NOT_REQUESTED,30.0,21.5,68.7
MH_487_551330,Vishnu Nagar,Vishnu Nagar,Niphad,Nashik,20.08681,74.22066,156.27,11.58,-9.5,509.5,35.7,466.7,552.4,3.2,237.3,8.0,6.0,4.0,72.0,6.0,4.0,0.0,25.0,29.5,21.0,-2.53,-0.13334890167659297,21.61,17.09,26.73,12.01,30.07,4.61,MODERATE,Horticultural Orchard Microclimate,Manual demo override,MANUAL_OVERRIDE,,2026-09-09,,,,NOT_REQUESTED,30.0,21.5,68.6
MH_487_551343,Bokaddare,Bokaddare,Niphad,Nashik,20.07547,74.19868,153.89,9.28,-9.0,512.2,35.9,469.1,555.2,3.2,236.3,8.0,6.0,4.0,72.0,6.0,4.0,0.0,25.0,29.5,21.0,-2.53,-0.11511440918300907,21.68,16.71,26.67,11.94,30.4,4.76,MODERATE,Horticultural Orchard Microclimate,Manual demo override,MANUAL_OVERRIDE,,2026-09-09,,,,NOT_REQUESTED,29.9,21.4,68.7
MH_487_551351,Dharangaon Khadak,Dharangaon Khadak,Niphad,Nashik,20.04853,74.19406,153.22,9.45,-8.9,512.7,35.9,469.6,555.8,3.2,236.2,8.0,6.0,4.0,72.0,6.0,4.0,0.0,25.0,29.5,21.0,-2.53,-0.06709014399297682,21.77,16.89,26.07,12.46,30.01,4.53,MODERATE,Horticultural Orchard Microclimate,Manual demo override,MANUAL_OVERRIDE,,2026-09-09,,,,NOT_REQUESTED,29.9,21.4,68.7
MH_487_551350,Dharangaon Veer,Dharangaon Veer,Niphad,Nashik,20.03738,74.21178,155.01,11.64,-9.3,510.6,35.7,467.7,553.4,3.2,236.9,8.0,6.0,4.0,72.0,6.0,4.0,0.0,25.0,29.5,21.0,-2.53,-0.04834330608207132,21.74,17.16,26.36,11.97,30.56,4.68,MODERATE,Horticultural Orchard Microclimate,Manual demo override,MANUAL_OVERRIDE,,2026-09-09,,,,NOT_REQUESTED,29.9,21.4,68.7
MH_487_551349,Dhanore,Dhanore,Niphad,Nashik,20.03673,74.2342,157.34,13.84,-9.8,507.9,35.6,465.2,550.6,3.2,237.8,8.0,6.0,4.0,72.0,6.0,4.0,0.0,25.0,29.5,21.0,-2.53,-0.05448009597986594,21.65,17.17,26.36,12.11,30.32,4.7,MODERATE,Horticultural Orchard Microclimate,Manual demo override,MANUAL_OVERRIDE,,2026-09-09,,,,NOT_REQUESTED,30.0,21.5,68.7
MH_487_551348,Nandgaon,Nandgaon,Niphad,Nashik,20.05438,74.24471,158.54,14.36,-10.0,506.6,35.5,464.0,549.2,3.2,238.3,8.0,6.0,4.0,72.0,6.0,4.0,0.0,25.0,29.5,21.0,-2.53,-0.09106944188498176,21.76,17.39,26.59,12.29,30.04,4.56,MODERATE,Horticultural Orchard Microclimate,Manual demo override,MANUAL_OVERRIDE,,2026-09-09,,,,NOT_REQUESTED,30.0,21.5,68.7
MH_487_551430,Deshmane Kh,Deshmane Kh,Yevla,Nashik,20.05269,74.29132,163.39,19.18,-11.1,501.0,35.1,458.9,543.2,3.2,240.2,12.0,14.0,10.0,58.0,4.0,2.0,0.0,25.0,29.5,21.0,-2.53,-0.10807224791677171,21.64,16.87,27.1,11.92,29.91,4.62,MODERATE,Rain-Shadow Plateau Topography,Manual demo override,MANUAL_OVERRIDE,,2026-09-09,,,,NOT_REQUESTED,30.0,21.5,68.7
MH_487_551360,Mahadevnagar,Mahadevnagar,Niphad,Nashik,20.03784,74.26053,160.1,16.41,-10.4,504.7,35.3,462.4,547.1,3.2,238.9,8.0,6.0,4.0,72.0,6.0,4.0,0.0,25.0,29.5,21.0,-2.53,-0.06689049122742816,21.74,17.03,26.54,12.09,29.98,4.63,MODERATE,Horticultural Orchard Microclimate,Manual demo override,MANUAL_OVERRIDE,,2026-09-09,,,,NOT_REQUESTED,30.0,21.5,68.7
MH_487_551247,Pathare Kh,Pathare Kh,Sinnar,Nashik,19.82335,74.3549,169.53,24.82,-12.5,493.4,34.5,452.0,534.8,3.2,242.9,12.0,14.0,10.0,58.0,4.0,2.0,0.0,25.0,29.5,21.0,-2.53,0.3234985562419286,22.04,17.35,27.06,12.33,30.57,4.72,MODERATE,Rain-Shadow Plateau Topography,Manual demo override,MANUAL_OVERRIDE,,2026-09-09,,,,NOT_REQUESTED,30.0,21.5,68.8
MH_487_551180,Bharatpur,Bharatpur,Sinnar,Nashik,19.87872,74.3117,165.66,23.86,-11.5,498.6,34.9,456.7,540.5,3.2,241.1,12.0,14.0,10.0,58.0,4.0,2.0,0.0,25.0,29.5,21.0,-2.53,0.24814814165105878,22.01,17.27,26.81,12.22,30.25,4.64,MODERATE,Rain-Shadow Plateau Topography,Manual demo override,MANUAL_OVERRIDE,,2026-09-09,,,,NOT_REQUESTED,30.0,21.5,68.8
MH_487_551181,Laxmanpur,Laxmanpur,Sinnar,Nashik,19.86394,74.32087,166.73,24.07,-11.7,497.5,34.8,455.7,539.3,3.2,241.5,12.0,14.0,10.0,58.0,4.0,2.0,0.0,25.0,29.5,21.0,-2.53,0.2720175357900659,22.12,17.37,26.87,11.82,31.0,4.81,MODERATE,Rain-Shadow Plateau Topography,Manual demo override,MANUAL_OVERRIDE,,2026-09-09,,,,NOT_REQUESTED,30.0,21.5,68.8
MH_487_551244,Mirgaon,Mirgaon,Sinnar,Nashik,19.83499,74.30078,164.47,27.76,-11.3,499.9,35.0,457.9,541.9,3.2,240.6,12.0,14.0,10.0,58.0,4.0,2.0,0.0,25.0,29.5,21.0,-2.53,0.3616811507312527,22.11,17.43,26.63,12.86,30.48,4.56,MODERATE,Rain-Shadow Plateau Topography,Manual demo override,MANUAL_OVERRIDE,,2026-09-09,,,,NOT_REQUESTED,30.0,21.5,68.8
MH_487_551245,Kolgaonmal,Kolgaonmal,Sinnar,Nashik,19.86098,74.34548,169.32,22.36,-12.3,494.5,34.6,453.0,536.1,3.2,242.5,12.0,14.0,10.0,58.0,4.0,2.0,0.0,25.0,29.5,21.0,-2.53,0.25164898068242525,22.06,17.52,26.83,12.18,30.44,4.68,MODERATE,Rain-Shadow Plateau Topography,Manual demo override,MANUAL_OVERRIDE,,2026-09-09,,,,NOT_REQUESTED,30.0,21.5,68.8
MH_487_551246,Pathare Bk,Pathare Bk,Sinnar,Nashik,19.8393,74.33174,167.7,25.07,-12.0,496.2,34.7,454.6,537.8,3.2,241.9,12.0,14.0,10.0,58.0,4.0,2.0,0.0,25.0,29.5,21.0,-2.53,0.3153960372364426,22.14,17.37,27.06,12.52,30.18,4.61,MODERATE,Rain-Shadow Plateau Topography,Manual demo override,MANUAL_OVERRIDE,,2026-09-09,,,,NOT_REQUESTED,30.0,21.5,68.9
MH_487_551249,Sayale,Sayale,Sinnar,Nashik,19.79333,74.31734,164.85,29.88,-11.6,497.9,34.9,456.0,539.8,3.2,241.3,12.0,14.0,10.0,58.0,4.0,2.0,0.0,25.0,29.5,21.0,-2.63,0.43722030516481863,22.06,17.11,26.83,12.46,30.51,4.61,MODERATE,Rain-Shadow Plateau Topography,Manual demo override,MANUAL_OVERRIDE,,2026-09-09,,,,NOT_REQUESTED,30.1,21.6,68.8
MH_487_551248,Waregaon,Waregaon,Sinnar,Nashik,19.81763,74.33032,166.89,26.94,-11.9,496.4,34.7,454.7,538.0,3.2,241.9,12.0,14.0,10.0,58.0,4.0,2.0,0.0,25.0,29.5,21.0,-2.53,0.3658925920251322,22.08,17.2,26.81,12.53,30.62,4.68,MODERATE,Rain-Shadow Plateau Topography,Manual demo override,MANUAL_OVERRIDE,,2026-09-09,,,,NOT_REQUESTED,30.0,21.5,68.8
MH_487_551346,Wahegaon,Wahegaon,Niphad,Nashik,20.0758,74.30963,165.45,20.85,-11.5,498.8,34.9,457.0,540.7,3.2,241.0,8.0,6.0,4.0,72.0,6.0,4.0,0.0,25.0,29.5,21.0,-2.53,-0.15678317396522945,21.63,17.14,26.99,12.09,29.97,4.6,MODERATE,Horticultural Orchard Microclimate,Manual demo override,MANUAL_OVERRIDE,,2026-09-09,,,,NOT_REQUESTED,30.0,21.5,68.7
MH_487_551420,Shirasgaon Lauki,Shirasgaon Lauki,Yevla,Nashik,20.10306,74.32494,167.27,21.58,-11.8,497.0,34.8,455.2,538.8,3.2,241.6,12.0,14.0,10.0,58.0,4.0,2.0,0.0,25.0,29.5,21.0,-2.53,-0.20912936218058403,21.6,16.85,26.01,12.03,29.72,4.56,MODERATE,Rain-Shadow Plateau Topography,Manual demo override,MANUAL_OVERRIDE,,2026-09-09,,,,NOT_REQUESTED,30.0,21.5,68.6
MH_487_551418,Lauki Shiras,Lauki Shiras,Yevla,Nashik,20.12519,74.32175,167.16,22.67,-11.7,497.4,34.8,455.6,539.2,3.2,241.5,12.0,14.0,10.0,58.0,4.0,2.0,0.0,25.0,29.5,21.0,-2.53,-0.23620563085971577,21.63,17.02,26.25,11.97,29.87,4.57,MODERATE,Rain-Shadow Plateau Topography,Manual demo override,MANUAL_OVERRIDE,,2026-09-09,,,,NOT_REQUESTED,30.0,21.5,68.7
MH_487_551419,Valadgaon,Valadgaon,Yevla,Nashik,20.10719,74.307,165.44,20.79,-11.4,499.2,34.9,457.3,541.0,3.2,240.9,12.0,14.0,10.0,58.0,4.0,2.0,0.0,25.0,29.5,21.0,-2.53,-0.2005786616086076,21.6,16.76,26.24,11.92,29.9,4.7,MODERATE,Rain-Shadow Plateau Topography,Manual demo override,MANUAL_OVERRIDE,,2026-09-09,,,,NOT_REQUESTED,30.0,21.5,68.6
MH_487_551342,Gondegaon,Gondegaon,Niphad,Nashik,20.09166,74.30096,164.67,19.98,-11.3,499.9,35.0,457.9,541.9,3.2,240.6,8.0,6.0,4.0,72.0,6.0,4.0,0.0,25.0,29.5,21.0,-2.53,-0.1751012588308647,21.67,17.15,26.68,11.87,29.87,4.58,MODERATE,Horticultural Orchard Microclimate,Manual demo override,MANUAL_OVERRIDE,,2026-09-09,,,,NOT_REQUESTED,30.0,21.5,68.7
MH_487_551437,Satyagaon,Satyagaon,Yevla,Nashik,19.99385,74.32918,167.14,17.86,-11.9,496.5,34.8,454.7,538.3,3.2,241.8,12.0,14.0,10.0,58.0,4.0,2.0,0.0,25.0,29.5,21.0,-2.53,-0.017429777582451636,21.75,17.05,26.33,11.97,30.32,4.72,MODERATE,Rain-Shadow Plateau Topography,Manual demo override,MANUAL_OVERRIDE,,2026-09-09,,,,NOT_REQUESTED,30.0,21.5,68.7
MH_487_551436,Mukhed,Mukhed,Yevla,Nashik,20.01095,74.33275,167.54,17.52,-12.0,496.1,34.7,454.4,537.7,3.2,242.0,12.0,14.0,10.0,58.0,4.0,2.0,0.0,25.0,29.5,21.0,-2.53,-0.05381014094671149,21.69,16.95,26.58,11.64,29.89,4.67,MODERATE,Rain-Shadow Plateau Topography,Manual demo override,MANUAL_OVERRIDE,,2026-09-09,,,,NOT_REQUESTED,30.0,21.5,68.7
MH_487_551432,Jalgaon Neur,Jalgaon Neur,Yevla,Nashik,20.05498,74.34896,169.41,16.92,-12.4,494.1,34.6,452.6,535.6,3.2,242.7,12.0,14.0,10.0,58.0,4.0,2.0,0.0,25.0,29.5,21.0,-2.53,-0.1476685809445517,21.64,17.25,26.25,11.74,29.69,4.64,MODERATE,Rain-Shadow Plateau Topography,Manual demo override,MANUAL_OVERRIDE,,2026-09-09,,,,NOT_REQUESTED,30.0,21.5,68.7
MH_487_551427,Pimpalgaon Lep,Pimpalgaon Lep,Yevla,Nashik,20.07825,74.36011,170.73,17.01,-12.6,492.8,34.5,451.4,534.2,3.2,243.1,12.0,14.0,10.0,58.0,4.0,2.0,0.0,25.0,29.5,21.0,-2.53,-0.19825509040881456,21.66,17.06,26.79,12.55,30.23,4.6,MODERATE,Rain-Shadow Plateau Topography,Manual demo override,MANUAL_OVERRIDE,,2026-09-09,,,,NOT_REQUESTED,30.0,21.5,68.7
MH_487_551435,Neurgaon,Neurgaon,Yevla,Nashik,20.02714,74.36557,171.02,14.37,-12.7,492.1,34.4,450.9,533.4,3.2,243.4,12.0,14.0,10.0,58.0,4.0,2.0,0.0,25.0,29.5,21.0,-2.53,-0.10691852316670197,21.7,16.99,26.72,11.9,30.28,4.7,MODERATE,Rain-Shadow Plateau Topography,Manual demo override,MANUAL_OVERRIDE,,2026-09-09,,,,NOT_REQUESTED,30.1,21.6,68.7
MH_487_551490,Mahalkhede Patoda,Mahalkhede Patoda,Yevla,Nashik,19.99133,74.38647,173.12,11.9,-13.2,489.6,34.3,448.5,530.8,3.2,244.2,12.0,14.0,10.0,58.0,4.0,2.0,0.0,25.0,29.5,21.0,-2.52,-0.053095943817379705,21.72,17.01,26.72,11.97,29.98,4.66,MODERATE,Rain-Shadow Plateau Topography,Manual demo override,MANUAL_OVERRIDE,,2026-09-09,,,,NOT_REQUESTED,30.1,21.6,68.7
MH_487_551491,Mahalkhede Chandvad,Mahalkhede Chandvad,Yevla,Nashik,19.98424,74.37099,171.5,13.59,-12.8,491.5,34.4,450.2,532.8,3.2,243.6,12.0,14.0,10.0,58.0,4.0,2.0,0.0,25.0,29.5,21.0,-2.52,-0.027716874405512758,21.77,17.05,26.37,12.07,30.19,4.71,MODERATE,Rain-Shadow Plateau Topography,Manual demo override,MANUAL_OVERRIDE,,2026-09-09,,,,NOT_REQUESTED,30.1,21.6,68.7
MH_487_551492,Nimgaon Madh,Nimgaon Madh,Yevla,Nashik,19.98872,74.42786,177.44,7.64,-14.1,484.7,33.9,444.0,525.3,3.2,246.0,12.0,14.0,10.0,58.0,4.0,2.0,0.0,25.0,29.5,21.0,-2.52,-0.08230261985003169,21.74,17.27,26.22,12.17,29.67,4.53,MODERATE,Riparian Godavari River Valley,Manual demo override,MANUAL_OVERRIDE,,2026-09-09,,,,NOT_REQUESTED,30.1,21.6,68.7
MH_487_551488,Satali,Satali,Yevla,Nashik,20.01182,74.39803,174.36,10.73,-13.5,488.2,34.2,447.2,529.3,3.2,244.7,12.0,14.0,10.0,58.0,4.0,2.0,0.0,25.0,29.5,21.0,-2.52,-0.100868354224366,21.84,17.46,26.71,12.18,30.39,4.66,MODERATE,Rain-Shadow Plateau Topography,Manual demo override,MANUAL_OVERRIDE,,2026-09-09,,,,NOT_REQUESTED,30.1,21.6,68.7
MH_487_551434,Purangaon,Purangaon,Yevla,Nashik,20.05246,74.37989,172.63,13.84,-13.0,490.4,34.3,449.3,531.6,3.2,244.0,12.0,14.0,10.0,58.0,4.0,2.0,0.0,25.0,29.5,21.0,-2.52,-0.16602734198998773,21.7,17.08,26.14,11.75,30.08,4.68,MODERATE,Rain-Shadow Plateau Topography,Manual demo override,MANUAL_OVERRIDE,,2026-09-09,,,,NOT_REQUESTED,30.1,21.6,68.7
MH_487_551433,Shevage,Shevage,Yevla,Nashik,20.0647,74.38267,172.99,14.21,-13.1,490.1,34.3,448.9,531.2,3.2,244.1,12.0,14.0,10.0,58.0,4.0,2.0,0.0,25.0,29.5,21.0,-2.52,-0.19198356605498548,21.5,16.67,26.01,12.14,29.72,4.55,MODERATE,Rain-Shadow Plateau Topography,Manual demo override,MANUAL_OVERRIDE,,2026-09-09,,,,NOT_REQUESTED,30.1,21.6,68.6
MH_487_551422,Patoda,Patoda,Yevla,Nashik,20.11126,74.36613,171.63,18.67,-12.7,492.1,34.4,450.8,533.3,3.2,243.4,12.0,14.0,10.0,58.0,4.0,2.0,0.0,25.0,29.5,21.0,-2.53,-0.2611923175534735,21.45,16.28,26.33,11.89,30.04,4.74,MODERATE,Rain-Shadow Plateau Topography,Manual demo override,MANUAL_OVERRIDE,,2026-09-09,,,,NOT_REQUESTED,30.1,21.6,68.6
MH_487_551423,Kanadi,Kanadi,Yevla,Nashik,20.13995,74.38507,173.91,19.65,-13.2,489.8,34.3,448.6,531.0,3.2,244.2,12.0,14.0,10.0,58.0,4.0,2.0,0.0,25.0,29.5,21.0,-2.52,-0.3326689394227984,21.52,17.05,26.55,11.73,29.99,4.74,MODERATE,Rain-Shadow Plateau Topography,Manual demo override,MANUAL_OVERRIDE,,2026-09-09,,,,NOT_REQUESTED,30.1,21.6,68.6
MH_487_551424,Thangaon,Thangaon,Yevla,Nashik,20.12264,74.39466,174.71,17.52,-13.4,488.6,34.2,447.6,529.7,3.2,244.6,12.0,14.0,10.0,58.0,4.0,2.0,0.0,25.0,29.5,21.0,-2.52,-0.3157935775732425,21.53,16.61,26.19,11.52,30.0,4.69,MODERATE,Rain-Shadow Plateau Topography,Manual demo override,MANUAL_OVERRIDE,,2026-09-09,,,,NOT_REQUESTED,30.1,21.6,68.6
MH_487_551473,Khairgavhan,Khairgavhan,Yevla,Nashik,20.12804,74.41557,176.94,16.75,-13.9,486.1,34.0,445.3,526.9,3.2,245.5,12.0,14.0,10.0,58.0,4.0,2.0,0.0,25.0,29.5,21.0,-2.52,-0.35645568358603447,21.51,16.97,26.13,11.39,30.01,4.76,MODERATE,Rain-Shadow Plateau Topography,Manual demo override,MANUAL_OVERRIDE,,2026-09-09,,,,NOT_REQUESTED,30.1,21.6,68.6
MH_487_551470,Dhanakwadi,Dhanakwadi,Yevla,Nashik,20.14378,74.42434,178.03,17.83,-14.0,485.1,34.0,444.3,525.9,3.2,245.8,12.0,14.0,10.0,58.0,4.0,2.0,0.0,25.0,29.5,21.0,-2.52,-0.40270250061803275,21.43,16.85,26.53,11.85,29.73,4.62,MODERATE,Rain-Shadow Plateau Topography,Manual demo override,MANUAL_OVERRIDE,,2026-09-09,,,,NOT_REQUESTED,30.1,21.6,68.6
MH_487_551425,Pimpri,Pimpri,Yevla,Nashik,20.09611,74.40306,175.34,14.72,-13.6,487.6,34.1,446.7,528.6,3.2,244.9,12.0,14.0,10.0,58.0,4.0,2.0,0.0,25.0,29.5,21.0,-2.52,-0.27446414003413566,21.54,16.9,26.66,11.87,29.8,4.63,MODERATE,Rain-Shadow Plateau Topography,Manual demo override,MANUAL_OVERRIDE,,2026-09-09,,,,NOT_REQUESTED,30.1,21.6,68.6
MH_487_551477,Antarveli,Antarveli,Yevla,Nashik,20.08961,74.43122,178.22,12.28,-14.2,484.3,33.9,443.6,524.9,3.2,246.1,12.0,14.0,10.0,58.0,4.0,2.0,0.0,25.0,29.5,21.0,-2.52,-0.2937794180680328,21.47,16.53,26.16,11.54,29.8,4.69,MODERATE,Rain-Shadow Plateau Topography,Manual demo override,MANUAL_OVERRIDE,,2026-09-09,,,,NOT_REQUESTED,30.1,21.6,68.6
MH_487_551486,Dahegaon Dhul,Dahegaon Dhul,Yevla,Nashik,20.0664,74.40287,175.1,12.55,-13.6,487.7,34.1,446.7,528.6,3.2,244.9,12.0,14.0,10.0,58.0,4.0,2.0,0.0,25.0,29.5,21.0,-2.52,-0.21298546120607342,21.61,17.34,26.47,11.95,30.07,4.66,MODERATE,Rain-Shadow Plateau Topography,Manual demo override,MANUAL_OVERRIDE,,2026-09-09,,,,NOT_REQUESTED,30.1,21.6,68.6
MH_487_551487,Erandgaon Bk,Erandgaon Bk,Yevla,Nashik,20.04246,74.38966,173.6,12.46,-13.3,489.2,34.2,448.2,530.3,3.2,244.4,12.0,14.0,10.0,58.0,4.0,2.0,0.0,25.0,29.5,21.0,-2.52,-0.15405786618617553,21.61,16.99,26.46,12.14,30.16,4.64,MODERATE,Rain-Shadow Plateau Topography,Manual demo override,MANUAL_OVERRIDE,,2026-09-09,,,,NOT_REQUESTED,30.1,21.6,68.6
MH_487_551485,Erandgaon Kh,Erandgaon Kh,Yevla,Nashik,20.03981,74.41002,175.71,10.39,-13.7,486.8,34.1,445.9,527.7,3.2,245.2,12.0,14.0,10.0,58.0,4.0,2.0,0.0,25.0,29.5,21.0,-2.52,-0.1645307883303516,21.74,17.27,26.19,11.84,30.1,4.65,MODERATE,Rain-Shadow Plateau Topography,Manual demo override,MANUAL_OVERRIDE,,2026-09-09,,,,NOT_REQUESTED,30.1,21.6,68.7
MH_487_551478,Dhulgaon,Dhulgaon,Yevla,Nashik,20.07569,74.41822,176.76,11.99,-13.9,485.8,34.0,445.0,526.6,3.2,245.6,12.0,14.0,10.0,58.0,4.0,2.0,0.0,25.0,29.5,21.0,-2.52,-0.24748022750879184,21.63,16.86,26.64,11.92,30.06,4.71,MODERATE,Rain-Shadow Plateau Topography,Manual demo override,MANUAL_OVERRIDE,,2026-09-09,,,,NOT_REQUESTED,30.1,21.6,68.7
MH_487_551484,Rayate,Rayate,Yevla,Nashik,20.0491,74.43353,178.21,8.83,-14.3,484.0,33.9,443.3,524.7,3.2,246.2,12.0,14.0,10.0,58.0,4.0,2.0,0.0,25.0,29.5,21.0,-2.52,-0.20286886506222615,21.7,17.12,26.38,11.81,30.03,4.65,MODERATE,Riparian Godavari River Valley,Manual demo override,MANUAL_OVERRIDE,,2026-09-09,,,,NOT_REQUESTED,30.1,21.6,68.7
MH_487_551474,Devargaon,Devargaon,Yevla,Nashik,20.11109,74.43046,178.32,14.33,-14.2,484.3,33.9,443.7,525.0,3.2,246.1,12.0,14.0,10.0,58.0,4.0,2.0,0.0,25.0,29.5,21.0,-2.52,-0.34256081691304263,21.34,16.79,26.43,11.86,29.86,4.69,MODERATE,Rain-Shadow Plateau Topography,Manual demo override,MANUAL_OVERRIDE,,2026-09-09,,,,NOT_REQUESTED,30.1,21.6,68.5
MH_487_551472,Tandulwadi,Tandulwadi,Yevla,Nashik,20.13673,74.44085,179.66,16.41,-14.4,483.1,33.8,442.5,523.7,3.2,246.5,12.0,14.0,10.0,58.0,4.0,2.0,0.0,25.0,29.5,21.0,-2.52,-0.41775992782704446,21.38,16.42,26.08,11.38,29.85,4.75,MODERATE,Rain-Shadow Plateau Topography,Manual demo override,MANUAL_OVERRIDE,,2026-09-09,,,,NOT_REQUESTED,30.1,21.6,68.6
MH_487_551471,Kasarkhede,Kasarkhede,Yevla,Nashik,20.14865,74.4419,179.91,17.61,-14.4,483.0,33.8,442.4,523.5,3.2,246.6,12.0,14.0,10.0,58.0,4.0,2.0,0.0,25.0,29.5,21.0,-2.52,-0.4457579602570735,21.43,16.77,26.03,11.43,30.05,4.68,MODERATE,Rain-Shadow Plateau Topography,Manual demo override,MANUAL_OVERRIDE,,2026-09-09,,,,NOT_REQUESTED,30.1,21.6,68.6
MH_487_551482,Babhulgaon Kh,Babhulgaon Kh,Yevla,Nashik,20.06056,74.45722,180.74,8.08,-14.8,481.1,33.7,440.7,521.6,3.2,247.2,12.0,14.0,10.0,58.0,4.0,2.0,0.0,25.0,29.5,21.0,-2.52,-0.2512794927042648,21.77,17.44,26.58,12.05,30.19,4.63,MODERATE,Riparian Godavari River Valley,Manual demo override,MANUAL_OVERRIDE,,2026-09-09,,,,NOT_REQUESTED,30.1,21.6,68.7
MH_487_551449,Savkhede,Savkhede,Yevla,Nashik,20.14518,74.45747,181.48,16.74,-14.8,481.1,33.7,440.7,521.5,3.2,247.2,12.0,14.0,10.0,58.0,4.0,2.0,0.0,25.0,29.5,21.0,-2.52,-0.46974777890670644,21.31,16.95,26.6,11.9,29.56,4.59,MODERATE,Rain-Shadow Plateau Topography,Manual demo override,MANUAL_OVERRIDE,,2026-09-09,,,,NOT_REQUESTED,30.1,21.6,68.5
MH_487_551475,Savargaon,Savargaon,Yevla,Nashik,20.10398,74.45091,180.39,12.65,-14.6,481.9,33.7,441.5,522.3,3.2,246.9,12.0,14.0,10.0,58.0,4.0,2.0,0.0,25.0,29.5,21.0,-2.52,-0.35670111900650564,21.41,16.9,25.83,11.61,29.99,4.58,MODERATE,Rain-Shadow Plateau Topography,Manual demo override,MANUAL_OVERRIDE,,2026-09-09,,,,NOT_REQUESTED,30.1,21.6,68.6
MH_487_551479,Bhatgaon,Bhatgaon,Yevla,Nashik,20.06844,74.44128,179.12,9.77,-14.4,483.0,33.8,442.5,523.6,3.2,246.5,12.0,14.0,10.0,58.0,4.0,2.0,0.0,25.0,29.5,21.0,-2.52,-0.2545538142072499,21.55,16.33,25.92,11.54,29.82,4.68,MODERATE,Riparian Godavari River Valley,Manual demo override,MANUAL_OVERRIDE,,2026-09-09,,,,NOT_REQUESTED,30.1,21.6,68.6
MH_487_551480,Dhanore,Dhanore,Yevla,Nashik,20.07864,74.46013,181.15,9.69,-14.9,480.8,33.7,440.3,521.2,3.2,247.3,12.0,14.0,10.0,58.0,4.0,2.0,0.0,25.0,29.5,21.0,-2.52,-0.30308952180120197,21.56,16.93,26.17,11.79,29.99,4.71,MODERATE,Riparian Godavari River Valley,Manual demo override,MANUAL_OVERRIDE,,2026-09-09,,,,NOT_REQUESTED,30.1,21.6,68.6
MH_487_551493,Chichodi Bk,Chichodi Bk,Yevla,Nashik,20.02039,74.42134,176.82,8.53,-14.0,485.4,34.0,444.6,526.2,3.2,245.7,12.0,14.0,10.0,58.0,4.0,2.0,0.0,25.0,29.5,21.0,-2.52,-0.13504106763715468,21.56,16.86,27.09,11.63,29.82,4.67,MODERATE,Riparian Godavari River Valley,Manual demo override,MANUAL_OVERRIDE,,2026-09-09,,,,NOT_REQUESTED,30.1,21.6,68.6
MH_487_551494,Chichodi Kh,Chichodi Kh,Yevla,Nashik,20.01909,74.4422,178.99,6.4,-14.4,482.9,33.8,442.4,523.5,3.2,246.6,12.0,14.0,10.0,58.0,4.0,2.0,0.0,25.0,29.5,21.0,-2.52,-0.14925820199365,21.68,16.83,26.59,12.21,30.05,4.59,MODERATE,Riparian Godavari River Valley,Manual demo override,MANUAL_OVERRIDE,,2026-09-09,,,,NOT_REQUESTED,30.1,21.6,68.7
MH_487_551496,Badapur,Badapur,Yevla,Nashik,20.00433,74.46819,181.68,3.36,-15.0,479.8,33.6,439.5,520.1,3.2,247.7,12.0,14.0,10.0,58.0,4.0,2.0,0.0,25.0,29.5,21.0,-2.52,-0.14925679854983673,21.71,17.38,25.85,12.19,30.18,4.61,MODERATE,Riparian Godavari River Valley,Manual demo override,MANUAL_OVERRIDE,,2026-09-09,,,,NOT_REQUESTED,30.1,21.6,68.7
MH_487_551495,Paregaon,Paregaon,Yevla,Nashik,20.02316,74.46879,181.78,4.16,-15.0,479.7,33.6,439.4,520.1,3.2,247.7,12.0,14.0,10.0,58.0,4.0,2.0,0.0,25.0,29.5,21.0,-2.52,-0.18006204558795258,21.64,16.84,26.14,11.53,30.17,4.71,MODERATE,Riparian Godavari River Valley,Manual demo override,MANUAL_OVERRIDE,,2026-09-09,,,,NOT_REQUESTED,30.1,21.6,68.7
MH_487_251450,Yevla,Yevla,Central,Nashik,20.03536,74.48981,184.02,4.07,-15.0,477.2,33.4,437.1,517.3,3.2,248.6,12.0,14.0,10.0,58.0,4.0,2.0,0.0,25.0,29.5,21.0,-2.52,-0.22419087113826872,21.48,16.95,26.41,11.86,29.95,4.69,MODERATE,Riparian Godavari River Valley,Manual demo override,MANUAL_OVERRIDE,,2026-09-09,,,,NOT_REQUESTED,30.2,21.7,68.6
MH_487_551481,Babhulgaon Bk,Babhulgaon Bk,Yevla,Nashik,20.06351,74.485,183.65,7.23,-15.0,477.8,33.4,437.7,517.9,3.2,248.4,12.0,14.0,10.0,58.0,4.0,2.0,0.0,25.0,29.5,21.0,-2.52,-0.294837010859309,21.45,17.07,25.97,11.66,29.79,4.65,MODERATE,Riparian Godavari River Valley,Manual demo override,MANUAL_OVERRIDE,,2026-09-09,,,,NOT_REQUESTED,30.2,21.7,68.6
MH_487_551459,Nandur,Nandur,Yevla,Nashik,20.08903,74.48313,183.62,10.06,-15.0,478.0,33.5,437.8,518.2,3.2,248.3,12.0,14.0,10.0,58.0,4.0,2.0,0.0,25.0,29.5,21.0,-2.52,-0.3702575267024081,21.45,16.83,26.37,11.6,29.47,4.58,MODERATE,Rain-Shadow Plateau Topography,Manual demo override,MANUAL_OVERRIDE,,2026-09-09,,,,NOT_REQUESTED,30.2,21.7,68.6
MH_487_551450,Ankute,Ankute,Yevla,Nashik,20.12663,74.4749,183.1,14.32,-15.0,479.0,33.5,438.8,519.2,3.2,247.9,12.0,14.0,10.0,58.0,4.0,2.0,0.0,25.0,29.5,21.0,-2.52,-0.46016590543542973,21.38,16.75,26.07,11.83,29.7,4.63,MODERATE,Rain-Shadow Plateau Topography,Manual demo override,MANUAL_OVERRIDE,,2026-09-09,,,,NOT_REQUESTED,30.2,21.7,68.6
MH_487_551451,Kusmadi,Kusmadi,Yevla,Nashik,20.14298,74.50723,186.63,15.92,-15.0,475.1,33.3,435.2,515.1,3.2,249.3,12.0,14.0,10.0,58.0,4.0,2.0,0.0,25.0,29.5,21.0,-2.52,-0.579843593537202,21.21,16.5,26.42,11.28,29.69,4.76,MODERATE,Rain-Shadow Plateau Topography,Manual demo override,MANUAL_OVERRIDE,,2026-09-09,,,,NOT_REQUESTED,30.2,21.7,68.5
MH_487_551458,Dhamode,Dhamode,Yevla,Nashik,20.10855,74.50014,185.55,12.07,-15.0,476.0,33.3,436.0,515.9,3.2,249.0,12.0,14.0,10.0,58.0,4.0,2.0,0.0,25.0,29.5,21.0,-2.52,-0.46433337238374595,21.36,17.0,26.23,11.99,29.81,4.61,MODERATE,Rain-Shadow Plateau Topography,Manual demo override,MANUAL_OVERRIDE,,2026-09-09,,,,NOT_REQUESTED,30.2,21.7,68.5
MH_487_551460,Ganeshpur,Ganeshpur,Yevla,Nashik,20.08104,74.50331,185.67,9.02,-15.0,475.6,33.3,435.6,515.6,3.2,249.1,12.0,14.0,10.0,58.0,4.0,2.0,0.0,25.0,29.5,21.0,-2.52,-0.38767915852284995,21.47,17.11,26.43,11.69,29.8,4.6,MODERATE,Riparian Godavari River Valley,Manual demo override,MANUAL_OVERRIDE,,2026-09-09,,,,NOT_REQUESTED,30.2,21.7,68.6
MH_487_551497,Kotamgaon Kh,Kotamgaon Kh,Yevla,Nashik,20.03355,74.50719,185.83,3.81,-15.0,475.1,33.3,435.2,515.1,3.2,249.3,12.0,14.0,10.0,58.0,4.0,2.0,0.0,25.0,29.5,21.0,-2.52,-0.2631648680894182,21.57,16.68,25.83,12.26,29.82,4.49,MODERATE,Riparian Godavari River Valley,Manual demo override,MANUAL_OVERRIDE,,2026-09-09,,,,NOT_REQUESTED,30.2,21.7,68.6
MH_487_551468,Nagde,Nagde,Yevla,Nashik,20.03591,74.52226,187.41,4.62,-15.0,473.3,33.1,433.6,513.0,3.2,249.9,12.0,14.0,10.0,58.0,4.0,2.0,0.0,25.0,29.5,21.0,-2.53,-0.308156212385366,21.5,16.41,26.4,11.66,29.91,4.66,MODERATE,Riparian Godavari River Valley,Manual demo override,MANUAL_OVERRIDE,,2026-09-09,,,,NOT_REQUESTED,30.2,21.7,68.6
MH_487_551500,Nandesar,Nandesar,Yevla,Nashik,20.00673,74.49359,184.33,1.0,-15.0,476.8,33.4,436.7,516.8,3.2,248.7,12.0,14.0,10.0,58.0,4.0,2.0,0.0,25.0,29.5,21.0,-2.52,-0.1895739884705582,21.62,17.23,26.28,12.17,30.09,4.53,MODERATE,Riparian Godavari River Valley,Manual demo override,MANUAL_OVERRIDE,,2026-09-09,,,,NOT_REQUESTED,30.2,21.7,68.6
MH_487_551498,Kotamgaon Bk,Kotamgaon Bk,Yevla,Nashik,20.0189,74.52198,187.33,3.11,-15.0,473.4,33.1,433.6,513.1,3.2,249.9,12.0,14.0,10.0,58.0,4.0,2.0,0.0,25.0,29.5,21.0,-2.53,-0.27111066755428165,21.55,16.71,26.64,12.03,29.91,4.6,MODERATE,Riparian Godavari River Valley,Manual demo override,MANUAL_OVERRIDE,,2026-09-09,,,,NOT_REQUESTED,30.2,21.7,68.6
MH_487_551530,Pimpalgaon Jalal,Pimpalgaon Jalal,Yevla,Nashik,19.97925,74.49387,184.34,2.39,-15.0,476.7,33.4,436.7,516.8,3.2,248.7,12.0,14.0,10.0,58.0,4.0,2.0,0.0,25.0,29.5,21.0,-2.52,-0.14653871704770485,21.57,16.85,25.9,11.91,29.85,4.6,MODERATE,Riparian Godavari River Valley,Manual demo override,MANUAL_OVERRIDE,,2026-09-09,,,,NOT_REQUESTED,30.2,21.7,68.6
MH_487_551499,Adgaon Chothava,Adgaon Chothava,Yevla,Nashik,19.99311,74.51641,186.7,1.88,-15.0,474.0,33.2,434.2,513.9,3.2,249.7,12.0,14.0,10.0,58.0,4.0,2.0,0.0,25.0,29.5,21.0,-2.53,-0.21100260505190063,21.57,17.15,26.87,12.24,29.85,4.57,MODERATE,Riparian Godavari River Valley,Manual demo override,MANUAL_OVERRIDE,,2026-09-09,,,,NOT_REQUESTED,30.2,21.7,68.6
MH_487_551476,Gopalwadi,Gopalwadi,Yevla,Nashik,20.09091,74.44161,179.31,11.81,-14.4,483.0,33.8,442.4,523.6,3.2,246.5,12.0,14.0,10.0,58.0,4.0,2.0,0.0,25.0,29.5,21.0,-2.52,-0.31025732201895445,21.52,17.12,25.73,11.75,29.87,4.61,MODERATE,Rain-Shadow Plateau Topography,Manual demo override,MANUAL_OVERRIDE,,2026-09-09,,,,NOT_REQUESTED,30.1,21.6,68.6
MH_487_551517,Gondgaon,Gondgaon,Yevla,Nashik,20.00477,74.60884,196.37,11.38,-15.0,462.9,32.4,424.1,501.8,3.2,253.6,12.0,14.0,10.0,58.0,4.0,2.0,0.0,25.0,29.5,21.0,-2.53,-0.4399908095978843,21.27,16.57,25.54,11.64,29.35,4.52,MODERATE,Rain-Shadow Plateau Topography,Manual demo override,MANUAL_OVERRIDE,,2026-09-09,,,,NOT_REQUESTED,30.2,21.7,68.5
MH_487_551506,Saigaon,Saigaon,Yevla,Nashik,20.06307,74.58011,193.57,10.92,-15.0,466.4,32.6,427.3,505.5,3.2,252.4,12.0,14.0,10.0,58.0,4.0,2.0,0.0,25.0,29.5,21.0,-2.53,-0.5308587998133912,21.24,16.65,25.58,11.45,29.57,4.68,MODERATE,Rain-Shadow Plateau Topography,Manual demo override,MANUAL_OVERRIDE,,2026-09-09,,,,NOT_REQUESTED,30.2,21.7,68.5
MH_487_551453,Lahit,Lahit,Yevla,Nashik,20.14165,74.66251,202.75,23.16,-15.0,456.5,32.0,418.1,494.9,3.2,255.8,12.0,14.0,10.0,58.0,4.0,2.0,0.0,25.0,29.5,21.0,-2.53,-0.9637123347751098,20.84,16.57,25.62,11.03,29.25,4.58,MODERATE,Rain-Shadow Plateau Topography,Manual demo override,MANUAL_OVERRIDE,,2026-09-09,,,,NOT_REQUESTED,30.3,21.8,68.3
MH_487_551465,Matulthan,Matulthan,Yevla,Nashik,20.07245,74.52887,188.28,8.6,-15.0,472.5,33.1,432.8,512.3,3.2,250.2,12.0,14.0,10.0,58.0,4.0,2.0,0.0,25.0,29.5,21.0,-2.53,-0.4248709180246003,21.38,16.68,26.11,11.71,29.85,4.64,MODERATE,Riparian Godavari River Valley,Manual demo override,MANUAL_OVERRIDE,,2026-09-09,,,,NOT_REQUESTED,30.2,21.7,68.6
MH_487_551467,Balhegaon,Balhegaon,Yevla,Nashik,20.05296,74.5264,187.92,6.5,-15.0,472.8,33.1,433.1,512.6,3.2,250.1,12.0,14.0,10.0,58.0,4.0,2.0,0.0,25.0,29.5,21.0,-2.53,-0.3624474303077951,21.39,16.76,26.03,11.17,29.79,4.67,MODERATE,Riparian Godavari River Valley,Manual demo override,MANUAL_OVERRIDE,,2026-09-09,,,,NOT_REQUESTED,30.2,21.7,68.6
MH_487_551469,Mahalgaaon,Mahalgaaon,Yevla,Nashik,20.06073,74.55697,191.15,9.0,-15.0,469.2,32.8,429.8,508.5,3.2,251.4,12.0,14.0,10.0,58.0,4.0,2.0,0.0,25.0,29.5,21.0,-2.53,-0.46505306201951785,21.3,16.66,25.92,11.85,29.3,4.54,MODERATE,Riparian Godavari River Valley,Manual demo override,MANUAL_OVERRIDE,,2026-09-09,,,,NOT_REQUESTED,30.2,21.7,68.5
MH_487_551515,Dhamangaon,Dhamangaon,Yevla,Nashik,20.04159,74.54816,190.14,6.83,-15.0,470.2,32.9,430.7,509.7,3.2,251.0,12.0,14.0,10.0,58.0,4.0,2.0,0.0,25.0,29.5,21.0,-2.53,-0.3902904614050041,21.38,16.86,25.9,11.44,30.38,4.73,MODERATE,Riparian Godavari River Valley,Manual demo override,MANUAL_OVERRIDE,,2026-09-09,,,,NOT_REQUESTED,30.2,21.7,68.6
MH_487_551507,Panjarwadi,Panjarwadi,Yevla,Nashik,20.05066,74.5974,195.31,11.63,-15.0,464.3,32.5,425.3,503.3,3.2,253.1,12.0,14.0,10.0,58.0,4.0,2.0,0.0,25.0,29.5,21.0,-2.53,-0.5375957234560668,21.25,16.52,26.3,11.64,29.52,4.69,MODERATE,Rain-Shadow Plateau Topography,Manual demo override,MANUAL_OVERRIDE,,2026-09-09,,,,NOT_REQUESTED,30.2,21.7,68.5
MH_487_551527,Undirwadi,Undirwadi,Yevla,Nashik,19.98311,74.54479,189.66,5.04,-15.0,470.6,32.9,431.1,510.1,3.2,250.9,12.0,14.0,10.0,58.0,4.0,2.0,0.0,25.0,29.5,21.0,-2.53,-0.25095776198509384,21.55,16.98,26.27,11.97,30.08,4.61,MODERATE,Riparian Godavari River Valley,Manual demo override,MANUAL_OVERRIDE,,2026-09-09,,,,NOT_REQUESTED,30.2,21.7,68.6
MH_487_551526,Bokate,Bokate,Yevla,Nashik,19.97215,74.5854,193.9,9.45,-15.0,465.8,32.6,426.6,504.9,3.2,252.6,12.0,14.0,10.0,58.0,4.0,2.0,0.0,25.0,29.5,21.0,-2.53,-0.3117936212998848,21.42,16.31,25.89,11.47,29.71,4.67,MODERATE,Riparian Godavari River Valley,Manual demo override,MANUAL_OVERRIDE,,2026-09-09,,,,NOT_REQUESTED,30.2,21.7,68.6
MH_487_551528,Dugalgaon,Dugalgaon,Yevla,Nashik,19.95883,74.58215,193.58,9.73,-15.0,466.1,32.6,427.0,505.3,3.2,252.5,12.0,14.0,10.0,58.0,4.0,2.0,0.0,25.0,29.5,21.0,-2.53,-0.2752501986969012,21.61,17.3,26.44,12.06,29.79,4.63,MODERATE,Riparian Godavari River Valley,Manual demo override,MANUAL_OVERRIDE,,2026-09-09,,,,NOT_REQUESTED,30.2,21.7,68.6
MH_487_551525,Deolane,Deolane,Yevla,Nashik,19.96372,74.61733,197.25,12.91,-15.0,461.9,32.3,423.2,500.7,3.2,253.9,12.0,14.0,10.0,58.0,4.0,2.0,0.0,25.0,29.5,21.0,-2.53,-0.35521922091304775,21.41,16.65,26.09,11.83,29.56,4.61,MODERATE,Rain-Shadow Plateau Topography,Manual demo override,MANUAL_OVERRIDE,,2026-09-09,,,,NOT_REQUESTED,30.2,21.7,68.6
MH_487_551516,Andarsul,Andarsul,Yevla,Nashik,20.01321,74.56649,191.96,7.1,-15.0,468.0,32.8,428.7,507.4,3.2,251.8,12.0,14.0,10.0,58.0,4.0,2.0,0.0,25.0,29.5,21.0,-2.53,-0.3658086891028288,21.39,16.82,26.31,11.36,29.6,4.62,MODERATE,Riparian Godavari River Valley,Manual demo override,MANUAL_OVERRIDE,,2026-09-09,,,,NOT_REQUESTED,30.2,21.7,68.6
MH_487_551524,Suregaon Rasta,Suregaon Rasta,Yevla,Nashik,19.98574,74.6292,198.48,13.59,-15.0,460.5,32.2,421.9,499.1,3.2,254.4,12.0,14.0,10.0,58.0,4.0,2.0,0.0,25.0,29.5,21.0,-2.53,-0.4329708350823783,21.42,16.65,26.12,11.61,30.09,4.74,MODERATE,Rain-Shadow Plateau Topography,Manual demo override,MANUAL_OVERRIDE,,2026-09-09,,,,NOT_REQUESTED,30.3,21.8,68.6
MH_487_551529,Khamgaon,Khamgaon,Yevla,Nashik,19.95518,74.65123,200.8,16.57,-15.0,457.9,32.0,419.5,496.3,3.2,255.4,12.0,14.0,10.0,58.0,4.0,2.0,0.0,25.0,29.5,21.0,-2.53,-0.3967969224812891,21.35,16.59,26.19,11.9,29.64,4.62,MODERATE,Rain-Shadow Plateau Topography,Manual demo override,MANUAL_OVERRIDE,,2026-09-09,,,,NOT_REQUESTED,30.3,21.8,68.5
MH_487_551522,Bhaykhede,Bhaykhede,Yevla,Nashik,19.97554,74.67856,203.64,18.86,-15.0,454.6,31.8,416.4,492.7,3.2,256.5,12.0,14.0,10.0,58.0,4.0,2.0,0.0,25.0,29.5,21.0,-2.53,-0.49676138261959957,21.44,17.02,26.33,11.47,29.57,4.64,MODERATE,Rain-Shadow Plateau Topography,Manual demo override,MANUAL_OVERRIDE,,2026-09-09,,,,NOT_REQUESTED,30.3,21.8,68.6
MH_487_551523,Deothan,Deothan,Yevla,Nashik,19.98192,74.65606,201.29,16.43,-15.0,457.3,32.0,418.9,495.7,3.2,255.6,12.0,14.0,10.0,58.0,4.0,2.0,0.0,25.0,29.5,21.0,-2.53,-0.47394431443069984,21.34,16.53,26.11,11.68,29.78,4.65,MODERATE,Rain-Shadow Plateau Topography,Manual demo override,MANUAL_OVERRIDE,,2026-09-09,,,,NOT_REQUESTED,30.3,21.8,68.5
MH_487_551519,Pimpalkhute Kh,Pimpalkhute Kh,Yevla,Nashik,20.01362,74.66482,202.24,17.29,-15.0,456.2,31.9,417.9,494.5,3.2,255.9,12.0,14.0,10.0,58.0,4.0,2.0,0.0,25.0,29.5,21.0,-2.53,-0.5753955437966648,21.34,17.0,26.14,12.03,29.31,4.47,MODERATE,Rain-Shadow Plateau Topography,Manual demo override,MANUAL_OVERRIDE,,2026-09-09,,,,NOT_REQUESTED,30.3,21.8,68.5
MH_487_551521,Bhulegaon,Bhulegaon,Yevla,Nashik,20.00351,74.67749,203.54,18.55,-15.0,454.7,31.8,416.5,492.9,3.2,256.5,12.0,14.0,10.0,58.0,4.0,2.0,0.0,25.0,29.5,21.0,-2.53,-0.570193726108212,21.22,16.73,26.04,11.29,29.37,4.6,MODERATE,Rain-Shadow Plateau Topography,Manual demo override,MANUAL_OVERRIDE,,2026-09-09,,,,NOT_REQUESTED,30.3,21.8,68.5
MH_487_551520,Adsuregaon,Adsuregaon,Yevla,Nashik,20.02517,74.70243,206.19,21.33,-15.0,451.7,31.6,413.8,489.6,3.2,257.5,12.0,14.0,10.0,58.0,4.0,2.0,0.0,25.0,29.5,21.0,-0.0,-0.6726265206540916,23.61,18.79,28.36,13.96,32.1,4.57,MODERATE,Rain-Shadow Plateau Topography,Manual demo override,MANUAL_OVERRIDE,,2026-09-09,,,,NOT_REQUESTED,30.3,21.8,69.4
MH_487_551513,Kautkhede,Kautkhede,Yevla,Nashik,20.03474,74.62701,198.34,13.82,-15.0,460.8,32.3,422.0,499.5,3.2,254.3,12.0,14.0,10.0,58.0,4.0,2.0,0.0,25.0,29.5,21.0,-2.53,-0.559386344021698,21.31,16.79,26.07,11.18,29.56,4.72,MODERATE,Rain-Shadow Plateau Topography,Manual demo override,MANUAL_OVERRIDE,,2026-09-09,,,,NOT_REQUESTED,30.3,21.8,68.5
MH_487_551512,Talwade,Talwade,Yevla,Nashik,20.02357,74.64032,199.7,14.89,-15.0,459.2,32.1,420.6,497.7,3.2,254.9,12.0,14.0,10.0,58.0,4.0,2.0,0.0,25.0,29.5,21.0,-2.53,-0.5558179656282384,21.15,16.78,25.73,11.65,30.25,4.66,MODERATE,Rain-Shadow Plateau Topography,Manual demo override,MANUAL_OVERRIDE,,2026-09-09,,,,NOT_REQUESTED,30.3,21.8,68.5
MH_487_551505,Angulgaon,Angulgaon,Yevla,Nashik,20.06206,74.62848,198.61,15.09,-15.0,460.6,32.2,421.9,499.2,3.2,254.4,12.0,14.0,10.0,58.0,4.0,2.0,0.0,25.0,29.5,21.0,-2.53,-0.641385013828946,21.2,16.63,25.61,11.26,29.64,4.61,MODERATE,Rain-Shadow Plateau Topography,Manual demo override,MANUAL_OVERRIDE,,2026-09-09,,,,NOT_REQUESTED,30.3,21.8,68.5
MH_487_551511,Dongarogaon,Dongarogaon,Yevla,Nashik,20.03989,74.67468,203.34,18.78,-15.0,455.0,31.9,416.8,493.3,3.2,256.3,12.0,14.0,10.0,58.0,4.0,2.0,0.0,25.0,29.5,21.0,-2.53,-0.6679117775594016,21.18,16.29,26.39,11.3,29.53,4.65,MODERATE,Rain-Shadow Plateau Topography,Manual demo override,MANUAL_OVERRIDE,,2026-09-09,,,,NOT_REQUESTED,30.3,21.8,68.5
MH_487_551510,Vaghale,Vaghale,Yevla,Nashik,20.05565,74.7091,207.0,22.7,-15.0,450.9,31.6,413.0,488.8,3.2,257.8,12.0,14.0,10.0,58.0,4.0,2.0,0.0,25.0,29.5,21.0,-0.0,-0.771570819638909,23.4,18.92,28.29,13.31,31.97,4.71,MODERATE,Rain-Shadow Plateau Topography,Manual demo override,MANUAL_OVERRIDE,,2026-09-09,,,,NOT_REQUESTED,30.3,21.8,69.4
MH_487_551509,Bharam,Bharam,Yevla,Nashik,20.06538,74.69294,205.36,21.43,-15.0,452.8,31.7,414.8,490.9,3.2,257.1,12.0,14.0,10.0,58.0,4.0,2.0,0.0,25.0,29.5,21.0,-0.0,-0.7749143707196549,23.58,19.41,28.17,13.72,31.54,4.56,MODERATE,Rain-Shadow Plateau Topography,Manual demo override,MANUAL_OVERRIDE,,2026-09-09,,,,NOT_REQUESTED,30.3,21.8,69.4
MH_487_551503,Rahadi,Rahadi,Yevla,Nashik,20.09569,74.71803,208.15,25.14,-15.0,449.8,31.5,412.0,487.6,3.2,258.2,12.0,14.0,10.0,58.0,4.0,2.0,0.0,25.0,29.5,21.0,-0.0,-0.9054394172941947,23.57,18.71,28.32,13.79,32.14,4.73,MODERATE,Rain-Shadow Plateau Topography,Manual demo override,MANUAL_OVERRIDE,,2026-09-09,,,,NOT_REQUESTED,30.3,21.8,69.4
MH_487_551508,Kolam Bk,Kolam Bk,Yevla,Nashik,20.07101,74.67332,203.34,19.75,-15.0,455.2,31.9,416.9,493.5,3.2,256.3,12.0,14.0,10.0,58.0,4.0,2.0,0.0,25.0,29.5,21.0,-2.53,-0.7579993911482632,21.01,16.46,25.76,11.28,29.18,4.6,MODERATE,Rain-Shadow Plateau Topography,Manual demo override,MANUAL_OVERRIDE,,2026-09-09,,,,NOT_REQUESTED,30.3,21.8,68.4
MH_487_551504,Kolam Kh,Kolam Kh,Yevla,Nashik,20.08315,74.65431,201.43,18.58,-15.0,457.5,32.0,419.1,495.9,3.2,255.5,12.0,14.0,10.0,58.0,4.0,2.0,0.0,25.0,29.5,21.0,-2.53,-0.7592481965542522,21.07,16.38,25.61,11.52,29.33,4.57,MODERATE,Rain-Shadow Plateau Topography,Manual demo override,MANUAL_OVERRIDE,,2026-09-09,,,,NOT_REQUESTED,30.3,21.8,68.4
MH_487_551502,Kharvandi,Kharvandi,Yevla,Nashik,20.10243,74.68757,205.03,22.66,-15.0,453.5,31.7,415.5,491.5,3.2,256.9,12.0,14.0,10.0,58.0,4.0,2.0,0.0,25.0,29.5,21.0,-1.94,-0.8803708673768953,21.48,16.8,26.67,11.72,29.72,4.59,MODERATE,Rain-Shadow Plateau Topography,Manual demo override,MANUAL_OVERRIDE,,2026-09-09,,,,NOT_REQUESTED,30.3,21.8,68.6
MH_487_551501,Devdari,Devdari,Yevla,Nashik,20.12496,74.68935,205.39,24.17,-15.0,453.3,31.7,415.2,491.3,3.2,257.0,12.0,14.0,10.0,58.0,4.0,2.0,0.0,25.0,29.5,21.0,-1.94,-0.9553262270270441,21.49,16.81,26.27,11.94,29.57,4.55,MODERATE,Rain-Shadow Plateau Topography,Manual demo override,MANUAL_OVERRIDE,,2026-09-09,,,,NOT_REQUESTED,30.3,21.8,68.6
MH_487_551464,Nyaharkhede Bk,Nyaharkhede Bk,Yevla,Nashik,20.08266,74.60294,196.07,14.15,-15.0,463.6,32.5,424.6,502.6,3.2,253.3,12.0,14.0,10.0,58.0,4.0,2.0,0.0,25.0,29.5,21.0,-2.53,-0.6448362340781977,21.17,16.75,25.23,11.44,29.58,4.63,MODERATE,Rain-Shadow Plateau Topography,Manual demo override,MANUAL_OVERRIDE,,2026-09-09,,,,NOT_REQUESTED,30.2,21.7,68.5
MH_487_551462,Rendale,Rendale,Yevla,Nashik,20.10297,74.62785,198.81,17.59,-15.0,460.7,32.2,422.0,499.3,3.2,254.4,12.0,14.0,10.0,58.0,4.0,2.0,0.0,25.0,29.5,21.0,-2.53,-0.7657027060870674,21.06,16.52,25.38,11.42,29.37,4.56,MODERATE,Rain-Shadow Plateau Topography,Manual demo override,MANUAL_OVERRIDE,,2026-09-09,,,,NOT_REQUESTED,30.3,21.8,68.4
MH_487_551461,Vaibothi,Vaibothi,Yevla,Nashik,20.09609,74.59448,195.28,14.55,-15.0,464.7,32.5,425.7,503.7,3.2,253.0,12.0,14.0,10.0,58.0,4.0,2.0,0.0,25.0,29.5,21.0,-2.53,-0.6654097863922153,21.17,16.9,25.99,11.43,29.65,4.72,MODERATE,Rain-Shadow Plateau Topography,Manual demo override,MANUAL_OVERRIDE,,2026-09-09,,,,NOT_REQUESTED,30.2,21.7,68.5
MH_487_551456,Kolgaon,Kolgaon,Yevla,Nashik,20.11813,74.59908,195.94,16.72,-15.0,464.1,32.5,425.1,503.1,3.2,253.2,12.0,14.0,10.0,58.0,4.0,2.0,0.0,25.0,29.5,21.0,-2.53,-0.7458603040687516,20.99,16.33,25.57,11.09,29.63,4.78,MODERATE,Rain-Shadow Plateau Topography,Manual demo override,MANUAL_OVERRIDE,,2026-09-09,,,,NOT_REQUESTED,30.2,21.7,68.4
MH_487_551452,Hadap Sawargaon,Hadap Sawargaon,Yevla,Nashik,20.1442,74.52699,188.69,16.28,-15.0,472.8,33.1,433.0,512.5,3.2,250.1,12.0,14.0,10.0,58.0,4.0,2.0,0.0,25.0,29.5,21.0,-2.53,-0.6348835397714525,21.21,16.8,25.9,11.37,29.52,4.68,MODERATE,Rain-Shadow Plateau Topography,Manual demo override,MANUAL_OVERRIDE,,2026-09-09,,,,NOT_REQUESTED,30.2,21.7,68.5
MH_487_551457,Nagarsul,Nagarsul,Yevla,Nashik,20.1059,74.5506,190.79,12.91,-15.0,469.9,32.9,430.4,509.4,3.2,251.1,12.0,14.0,10.0,58.0,4.0,2.0,0.0,25.0,29.5,21.0,-2.53,-0.5826959166353138,21.31,16.78,25.74,11.88,29.42,4.53,MODERATE,Rain-Shadow Plateau Topography,Manual demo override,MANUAL_OVERRIDE,,2026-09-09,,,,NOT_REQUESTED,30.2,21.7,68.5
MH_487_551018,Samangaon,Samangaon,Central,Nashik,19.96464,73.89354,121.6,11.18,-2.1,548.8,38.4,502.7,594.9,3.2,223.5,12.0,14.0,10.0,58.0,4.0,2.0,0.0,25.0,29.5,21.0,2.63,0.8609371620524409,27.79,23.03,33.01,18.67,36.25,4.64,MODERATE,Rain-Shadow Plateau Topography,Manual demo override,MANUAL_OVERRIDE,,2026-09-09,,,,NOT_REQUESTED,29.2,20.7,71.1
MH_487_551021,Eklahare,Eklahare,Central,Nashik,19.98334,73.90845,123.16,12.4,-2.4,547.0,38.3,501.0,592.9,3.2,224.2,12.0,14.0,10.0,58.0,4.0,2.0,0.0,25.0,29.5,21.0,2.63,0.7958446947885258,27.61,22.76,32.68,17.93,35.68,4.58,MODERATE,Rain-Shadow Plateau Topography,Manual demo override,MANUAL_OVERRIDE,,2026-09-09,,,,NOT_REQUESTED,29.2,20.7,71.0
MH_487_551404,Ozar,Ozar,Central,Nashik,20.102,73.94218,127.48,17.69,-3.2,542.9,38.0,497.3,588.5,3.2,225.6,12.0,14.0,10.0,58.0,4.0,2.0,0.0,25.0,29.5,21.0,2.63,0.5358654712032366,27.46,22.81,32.13,17.86,36.12,4.68,MODERATE,Rain-Shadow Plateau Topography,Manual demo override,MANUAL_OVERRIDE,,2026-09-09,,,,NOT_REQUESTED,29.2,20.7,71.0
MH_487_551405,Lasalgaon,Lasalgaon,Central,Nashik,20.14351,74.23108,157.97,14.48,-9.7,508.3,35.6,465.6,551.0,3.2,237.7,12.0,14.0,10.0,58.0,4.0,2.0,0.0,25.0,29.5,21.0,-2.53,-0.18085912984448443,21.55,16.86,26.48,11.4,30.07,4.69,MODERATE,Rain-Shadow Plateau Topography,Manual demo override,MANUAL_OVERRIDE,,2026-09-09,,,,NOT_REQUESTED,29.9,21.4,68.6
MH_487_999999,Water Body,Water Body,Central,Nashik,20.02979,74.10022,143.33,5.68,-6.8,524.0,36.7,479.9,568.0,3.2,232.2,12.0,14.0,10.0,58.0,4.0,2.0,0.0,25.0,29.5,21.0,-2.52,0.07322746571999415,21.81,17.2,26.9,12.51,30.05,4.62,MODERATE,Riparian Godavari River Valley,Manual demo override,MANUAL_OVERRIDE,,2026-09-09,,,,NOT_REQUESTED,29.8,21.3,68.7
MH_487_550771,Savalghat,Savalghat,Peint,Nashik,20.25603,73.60572,94.71,35.29,36.0,798.1,55.9,731.0,865.2,14.5,211.4,52.0,18.0,8.0,16.0,2.0,4.0,0.0,25.0,29.5,21.0,3.06,-0.5321140424251116,26.93,21.86,31.95,16.21,35.26,4.97,MODERATE,Orographic Sahyadri Elevation Gradient,Manual demo override,MANUAL_OVERRIDE,,2026-09-09,,,,NOT_REQUESTED,27.8,19.3,70.8
MH_487_550814,Waghyachibari,Waghyachibari,Peint,Nashik,20.16022,73.58,91.26,25.04,39.6,809.2,56.6,741.3,877.1,14.5,210.4,52.0,18.0,8.0,16.0,2.0,4.0,0.0,25.0,29.5,21.0,2.76,-0.41377170968707466,26.79,21.67,32.32,16.66,34.46,4.61,MODERATE,Orographic Sahyadri Elevation Gradient,Manual demo override,MANUAL_OVERRIDE,,2026-09-09,,,,NOT_REQUESTED,27.4,18.9,70.7
MH_487_550603,Takanchapada,Takanchapada,Dindori,Nashik,20.3409,73.77679,113.41,39.04,0.5,699.3,48.9,640.6,757.9,14.5,218.6,8.0,6.0,4.0,72.0,6.0,4.0,0.0,25.0,29.5,21.0,3.3,0.14416955431154224,27.74,23.37,32.15,18.56,36.03,4.54,MODERATE,Orographic Sahyadri Elevation Gradient,Manual demo override,MANUAL_OVERRIDE,,2026-09-09,,,,NOT_REQUESTED,28.5,20.0,71.1
MH_487_549755,Khadki Digar,Khadki Digar,Surgana,Nashik,20.42686,73.45675,82.85,54.67,43.3,895.2,62.7,819.9,970.4,14.5,205.2,52.0,18.0,8.0,16.0,2.0,4.0,0.0,25.0,29.5,21.0,1.55,-0.7884816863209143,25.15,20.2,29.93,15.23,34.91,4.9,MODERATE,Orographic Sahyadri Elevation Gradient,Manual demo override,MANUAL_OVERRIDE,,2026-09-09,,,,NOT_REQUESTED,27.3,18.8,70.1
MH_487_550807,Murmuti,Murmuti,Peint,Nashik,20.16199,73.56231,89.51,24.91,41.6,819.9,57.4,751.0,888.8,14.5,209.6,52.0,18.0,8.0,16.0,2.0,4.0,0.0,25.0,29.5,21.0,2.33,-0.5013946038795938,26.4,21.75,31.51,16.35,34.96,4.7,MODERATE,Orographic Sahyadri Elevation Gradient,Manual demo override,MANUAL_OVERRIDE,,2026-09-09,,,,NOT_REQUESTED,27.4,18.9,70.6
MH_487_549748,Gurtembhi,Gurtembhi,Surgana,Nashik,20.43894,73.51698,89.24,55.5,44.7,859.6,60.2,787.3,931.8,14.5,207.7,52.0,18.0,8.0,16.0,2.0,4.0,0.0,25.0,29.5,21.0,1.73,-0.658403898893059,25.46,20.79,30.81,15.82,35.2,4.9,MODERATE,Orographic Sahyadri Elevation Gradient,Manual demo override,MANUAL_OVERRIDE,,2026-09-09,,,,NOT_REQUESTED,27.4,18.9,70.2
MH_487_550826,Shindpada,Shindpada,Trimbakeshwar,Nashik,20.1633,73.36273,69.29,30.36,30.9,939.7,65.8,860.8,1018.7,14.5,201.2,52.0,18.0,8.0,16.0,2.0,4.0,0.0,25.0,29.5,21.0,4.22,-0.6732594499383644,27.8,22.57,33.02,17.8,37.87,4.87,MODERATE,Orographic Sahyadri Elevation Gradient,Manual demo override,MANUAL_OVERRIDE,,2026-09-09,,,,NOT_REQUESTED,26.9,18.4,71.1
MH_487_550827,Boripada,Boripada,Trimbakeshwar,Nashik,20.1563,73.35837,68.82,30.0,30.1,942.0,65.9,862.9,1021.1,14.5,201.1,52.0,18.0,8.0,16.0,2.0,4.0,0.0,25.0,29.5,21.0,4.22,-0.645710002444609,27.9,22.58,32.8,17.88,35.9,4.8,MODERATE,Orographic Sahyadri Elevation Gradient,Manual demo override,MANUAL_OVERRIDE,,2026-09-09,,,,NOT_REQUESTED,26.9,18.4,71.2
MH_487_549759,Kahandolpada,Kahandolpada,Surgana,Nashik,20.38844,73.38711,74.66,52.05,34.9,935.2,65.5,856.6,1013.8,14.5,202.3,52.0,18.0,8.0,16.0,2.0,4.0,0.0,25.0,29.5,21.0,4.91,-0.8779313511947869,28.36,23.99,33.99,18.66,37.28,4.68,MODERATE,Orographic Sahyadri Elevation Gradient,Manual demo override,MANUAL_OVERRIDE,,2026-09-09,,,,NOT_REQUESTED,26.9,18.4,71.3
MH_487_550748,Umbarpada Bhuvan,Umbarpada Bhuvan,Peint,Nashik,20.23693,73.42807,76.08,34.69,40.6,903.8,63.3,827.9,979.8,14.5,204.0,52.0,18.0,8.0,16.0,2.0,4.0,0.0,25.0,29.5,21.0,0.77,-0.9788784050313013,24.23,19.36,28.93,13.89,32.25,4.8,MODERATE,Orographic Sahyadri Elevation Gradient,Manual demo override,MANUAL_OVERRIDE,,2026-09-09,,,,NOT_REQUESTED,27.2,18.7,69.7
MH_487_550412,Vijaynagar,Vijaynagar,Chandvad,Nashik,20.34625,74.05316,142.08,30.19,-5.7,529.6,37.1,485.1,574.1,3.2,230.2,4.0,22.0,14.0,52.0,3.0,1.0,4.0,25.0,29.5,21.0,0.56,0.12547260114774703,24.95,20.38,29.36,15.08,33.72,4.67,MODERATE,Rain-Shadow Plateau Topography,Manual demo override,MANUAL_OVERRIDE,,2026-09-09,,,,NOT_REQUESTED,29.6,21.1,70.0
MH_487_550852,Khadakohol,Khadakohol,Trimbakeshwar,Nashik,20.15043,73.29959,62.79,33.57,20.2,977.0,68.4,894.9,1059.1,14.5,198.6,52.0,18.0,8.0,16.0,2.0,4.0,0.0,25.0,29.5,21.0,4.22,-0.5393161716469459,28.06,22.37,34.28,17.81,36.91,4.95,MODERATE,Orographic Sahyadri Elevation Gradient,Manual demo override,MANUAL_OVERRIDE,,2026-09-09,,,,NOT_REQUESTED,26.7,18.2,71.2
MH_487_550749,Hanumantpada,Hanumantpada,Peint,Nashik,20.22582,73.43529,76.78,33.29,41.4,899.0,62.9,823.5,974.5,14.5,204.3,52.0,18.0,8.0,16.0,2.0,4.0,0.0,25.0,29.5,21.0,1.39,-0.9659350429583995,24.8,20.2,29.05,15.35,33.41,4.72,MODERATE,Orographic Sahyadri Elevation Gradient,Manual demo override,MANUAL_OVERRIDE,,2026-09-09,,,,NOT_REQUESTED,27.3,18.8,69.9
MH_487_550820,Deodongari,Deodongari,Trimbakeshwar,Nashik,20.17941,73.29584,62.23,36.15,19.6,980.6,68.6,898.2,1062.9,14.5,198.4,52.0,18.0,8.0,16.0,2.0,4.0,0.0,25.0,29.5,21.0,4.22,-0.6084803846838884,28.26,22.81,33.33,17.54,38.18,4.95,MODERATE,Orographic Sahyadri Elevation Gradient,Manual demo override,MANUAL_OVERRIDE,,2026-09-09,,,,NOT_REQUESTED,26.7,18.2,71.3
MH_487_550821,Bafanvihir,Bafanvihir,Trimbakeshwar,Nashik,20.19599,73.3094,63.6,36.62,21.8,973.2,68.1,891.5,1054.9,14.5,199.0,52.0,18.0,8.0,16.0,2.0,4.0,0.0,25.0,29.5,21.0,4.22,-0.6708399284106545,27.93,23.87,32.37,18.97,36.94,4.46,MODERATE,Orographic Sahyadri Elevation Gradient,Manual demo override,MANUAL_OVERRIDE,,2026-09-09,,,,NOT_REQUESTED,26.7,18.2,71.2
MH_487_550822,Deodongara,Deodongara,Trimbakeshwar,Nashik,20.18018,73.32961,65.74,33.93,25.2,960.3,67.2,879.7,1041.0,14.5,199.8,52.0,18.0,8.0,16.0,2.0,4.0,0.0,25.0,29.5,21.0,4.22,-0.6679419959995994,28.11,22.53,32.05,18.28,36.53,4.65,MODERATE,Orographic Sahyadri Elevation Gradient,Manual demo override,MANUAL_OVERRIDE,,2026-09-09,,,,NOT_REQUESTED,26.8,18.3,71.2
MH_487_550761,Dhanpada,Dhanpada,Peint,Nashik,20.21552,73.42582,75.76,32.51,40.3,904.2,63.3,828.2,980.2,14.5,203.9,52.0,18.0,8.0,16.0,2.0,4.0,0.0,25.0,29.5,21.0,1.39,-0.92182993261134,24.83,19.79,29.3,15.15,33.15,4.59,MODERATE,Orographic Sahyadri Elevation Gradient,Manual demo override,MANUAL_OVERRIDE,,2026-09-09,,,,NOT_REQUESTED,27.2,18.7,69.9
MH_487_550823,Kas,Kas,Trimbakeshwar,Nashik,20.20643,73.35204,68.05,34.97,29.0,948.1,66.4,868.4,1027.7,14.5,200.8,52.0,18.0,8.0,16.0,2.0,4.0,0.0,25.0,29.5,21.0,4.22,-0.770661673018764,27.89,22.68,33.5,19.54,34.92,4.38,MODERATE,Orographic Sahyadri Elevation Gradient,Manual demo override,MANUAL_OVERRIDE,,2026-09-09,,,,NOT_REQUESTED,26.9,18.4,71.2
MH_487_550851,Goldari,Goldari,Trimbakeshwar,Nashik,20.1532,73.33395,66.29,31.33,25.9,956.5,67.0,876.1,1036.9,14.5,200.0,52.0,18.0,8.0,16.0,2.0,4.0,0.0,25.0,29.5,21.0,4.23,-0.6006205334698743,28.06,23.66,32.96,17.62,37.16,4.73,MODERATE,Orographic Sahyadri Elevation Gradient,Manual demo override,MANUAL_OVERRIDE,,2026-09-09,,,,NOT_REQUESTED,26.8,18.3,71.2
MH_487_549775,Ambepada,Ambepada,Surgana,Nashik,20.42187,73.57665,94.69,52.93,40.0,823.0,57.6,753.9,892.1,14.5,210.2,52.0,18.0,8.0,16.0,2.0,4.0,0.0,25.0,29.5,21.0,3.22,-0.5292891888720351,27.05,22.46,32.13,17.61,34.95,4.53,MODERATE,Orographic Sahyadri Elevation Gradient,Manual demo override,MANUAL_OVERRIDE,,2026-09-09,,,,NOT_REQUESTED,27.7,19.2,70.8
MH_487_550829,Kharshet,Kharshet,Trimbakeshwar,Nashik,20.18561,73.39408,72.45,30.78,36.0,921.9,64.5,844.5,999.3,14.5,202.6,52.0,18.0,8.0,16.0,2.0,4.0,0.0,25.0,29.5,21.0,4.06,-0.7858049254508946,27.6,22.62,32.47,17.61,36.14,4.76,MODERATE,Orographic Sahyadri Elevation Gradient,Manual demo override,MANUAL_OVERRIDE,,2026-09-09,,,,NOT_REQUESTED,27.1,18.6,71.0
MH_487_550828,Behedpada,Behedpada,Trimbakeshwar,Nashik,20.15309,73.38703,71.58,28.01,34.9,924.7,64.7,847.0,1002.3,14.5,202.3,52.0,18.0,8.0,16.0,2.0,4.0,0.0,25.0,29.5,21.0,4.06,-0.6723020143446242,27.75,22.57,32.19,18.78,35.65,4.48,MODERATE,Orographic Sahyadri Elevation Gradient,Manual demo override,MANUAL_OVERRIDE,,2026-09-09,,,,NOT_REQUESTED,26.7,18.2,71.1
MH_487_550825,Dol Ohol,Dol Ohol,Trimbakeshwar,Nashik,20.17552,73.36414,69.37,31.4,31.1,939.4,65.8,860.5,1018.4,14.5,201.3,52.0,18.0,8.0,16.0,2.0,4.0,0.0,25.0,29.5,21.0,4.22,-0.7113937884518836,27.94,23.02,33.41,18.22,35.82,4.67,MODERATE,Orographic Sahyadri Elevation Gradient,Manual demo override,MANUAL_OVERRIDE,,2026-09-09,,,,NOT_REQUESTED,26.9,18.4,71.2
MH_487_550744,Belpada,Belpada,Peint,Nashik,20.25995,73.43049,76.51,37.06,40.9,903.4,63.2,827.6,979.2,14.5,204.1,52.0,18.0,8.0,16.0,2.0,4.0,0.0,25.0,29.5,21.0,0.77,-1.0188583561553946,24.01,19.14,29.53,14.45,31.93,4.58,MODERATE,Orographic Sahyadri Elevation Gradient,Manual demo override,MANUAL_OVERRIDE,,2026-09-09,,,,NOT_REQUESTED,27.2,18.7,69.6
MH_487_550746,Gaondhond,Gaondhond,Peint,Nashik,20.2471,73.41919,75.22,36.06,39.5,909.6,63.7,833.2,986.0,14.5,203.6,52.0,18.0,8.0,16.0,2.0,4.0,0.0,25.0,29.5,21.0,4.06,-0.9793767713355519,27.48,22.49,32.22,17.94,36.47,4.61,MODERATE,Orographic Sahyadri Elevation Gradient,Manual demo override,MANUAL_OVERRIDE,,2026-09-09,,,,NOT_REQUESTED,27.2,18.7,71.0
MH_487_550745,Adgaon,Adgaon,Peint,Nashik,20.24848,73.43037,76.4,35.84,40.8,903.0,63.2,827.1,978.8,14.5,204.1,52.0,18.0,8.0,16.0,2.0,4.0,0.0,25.0,29.5,21.0,0.77,-1.0043899237604148,23.79,18.67,28.18,14.71,31.51,4.52,MODERATE,Orographic Sahyadri Elevation Gradient,Manual demo override,MANUAL_OVERRIDE,,2026-09-09,,,,NOT_REQUESTED,27.2,18.7,69.5
MH_487_550743,Garmal,Garmal,Peint,Nashik,20.24965,73.44577,78.01,35.54,42.4,893.8,62.6,818.7,968.9,14.5,204.7,52.0,18.0,8.0,16.0,2.0,4.0,0.0,25.0,29.5,21.0,0.77,-1.03811620093909,23.99,19.98,29.3,14.51,32.51,4.6,MODERATE,Orographic Sahyadri Elevation Gradient,Manual demo override,MANUAL_OVERRIDE,,2026-09-09,,,,NOT_REQUESTED,27.3,18.8,69.6
MH_487_550747,Bilkas,Bilkas,Peint,Nashik,20.23077,73.41784,74.98,34.39,39.3,909.7,63.7,833.2,986.1,14.5,203.5,52.0,18.0,8.0,16.0,2.0,4.0,0.0,25.0,29.5,21.0,4.06,-0.9461335805862733,27.55,22.33,31.95,17.09,35.6,4.64,MODERATE,Orographic Sahyadri Elevation Gradient,Manual demo override,MANUAL_OVERRIDE,,2026-09-09,,,,NOT_REQUESTED,27.2,18.7,71.0
MH_487_550750,Bhuwan,Bhuwan,Peint,Nashik,20.23188,73.45407,78.76,33.41,43.1,888.0,62.2,813.3,962.6,14.5,205.1,52.0,18.0,8.0,16.0,2.0,4.0,0.0,25.0,29.5,21.0,0.77,-1.0144616732157012,24.25,19.38,29.6,15.23,31.92,4.65,MODERATE,Orographic Sahyadri Elevation Gradient,Manual demo override,MANUAL_OVERRIDE,,2026-09-09,,,,NOT_REQUESTED,27.3,18.8,69.7
MH_487_550742,Andhrute,Andhrute,Peint,Nashik,20.24662,73.46686,80.18,34.73,44.0,881.0,61.7,806.9,955.0,14.5,205.6,52.0,18.0,8.0,16.0,2.0,4.0,0.0,25.0,29.5,21.0,0.86,-1.0758401370940784,24.45,19.89,29.15,14.48,33.26,4.77,MODERATE,Orographic Sahyadri Elevation Gradient,Manual demo override,MANUAL_OVERRIDE,,2026-09-09,,,,NOT_REQUESTED,27.4,18.9,69.8
MH_487_550763,Borpada,Borpada,Peint,Nashik,20.19504,73.4225,75.4,30.5,39.9,905.3,63.4,829.2,981.4,14.5,203.7,52.0,18.0,8.0,16.0,2.0,4.0,0.0,25.0,29.5,21.0,4.06,-0.8540384243089576,27.57,22.96,32.07,18.71,36.47,4.54,MODERATE,Orographic Sahyadri Elevation Gradient,Manual demo override,MANUAL_OVERRIDE,,2026-09-09,,,,NOT_REQUESTED,27.2,18.7,71.0
MH_487_550762,Khamshet,Khamshet,Peint,Nashik,20.2016,73.4364,76.85,30.69,41.5,897.2,62.8,821.9,972.6,14.5,204.3,52.0,18.0,8.0,16.0,2.0,4.0,0.0,25.0,29.5,21.0,1.39,-0.8928659051125702,25.06,19.9,29.15,15.62,34.36,4.65,MODERATE,Orographic Sahyadri Elevation Gradient,Manual demo override,MANUAL_OVERRIDE,,2026-09-09,,,,NOT_REQUESTED,27.3,18.8,70.0
MH_487_550760,Khadki,Khadki,Peint,Nashik,20.21066,73.45126,78.4,31.2,42.9,888.7,62.2,814.1,963.4,14.5,205.0,52.0,18.0,8.0,16.0,2.0,4.0,0.0,25.0,29.5,21.0,1.39,-0.9411641997370246,24.68,20.31,29.44,15.12,32.81,4.53,MODERATE,Orographic Sahyadri Elevation Gradient,Manual demo override,MANUAL_OVERRIDE,,2026-09-09,,,,NOT_REQUESTED,27.3,18.8,69.9
MH_487_550751,Ambapani,Ambapani,Peint,Nashik,20.22503,73.46616,80.0,32.39,44.0,880.4,61.6,806.5,954.3,14.5,205.6,52.0,18.0,8.0,16.0,2.0,4.0,0.0,25.0,29.5,21.0,1.48,-1.0093140817307418,24.83,19.83,30.08,14.61,33.79,4.94,MODERATE,Orographic Sahyadri Elevation Gradient,Manual demo override,MANUAL_OVERRIDE,,2026-09-09,,,,NOT_REQUESTED,27.4,18.9,69.9
MH_487_550786,Kharpadi,Kharpadi,Peint,Nashik,20.18232,73.43646,76.88,28.66,41.5,896.3,62.7,821.1,971.6,14.5,204.3,52.0,18.0,8.0,16.0,2.0,4.0,0.0,25.0,29.5,21.0,1.39,-0.8234155438060458,24.81,19.41,29.32,14.93,32.5,4.59,MODERATE,Orographic Sahyadri Elevation Gradient,Manual demo override,MANUAL_OVERRIDE,,2026-09-09,,,,NOT_REQUESTED,26.9,18.4,69.9
MH_487_550785,Ghotwihira,Ghotwihira,Peint,Nashik,20.19167,73.45209,78.49,29.14,43.0,887.4,62.1,812.9,961.9,14.5,205.0,52.0,18.0,8.0,16.0,2.0,4.0,0.0,25.0,29.5,21.0,1.39,-0.8695441350240106,24.94,20.09,29.69,15.85,33.02,4.56,MODERATE,Orographic Sahyadri Elevation Gradient,Manual demo override,MANUAL_OVERRIDE,,2026-09-09,,,,NOT_REQUESTED,27.0,18.5,70.0
MH_487_550759,Umbrad,Umbrad,Peint,Nashik,20.21057,73.47177,80.54,30.69,44.3,876.4,61.3,802.9,950.0,14.5,205.8,52.0,18.0,8.0,16.0,2.0,4.0,0.0,25.0,29.5,21.0,1.48,-0.9554541252953037,24.92,20.04,29.74,15.41,33.62,4.71,MODERATE,Orographic Sahyadri Elevation Gradient,Manual demo override,MANUAL_OVERRIDE,,2026-09-09,,,,NOT_REQUESTED,27.4,18.9,70.0
MH_487_550752,Chafyachapada,Chafyachapada,Peint,Nashik,20.22029,73.48632,82.08,31.5,44.8,868.1,60.8,795.2,941.1,14.5,206.4,52.0,18.0,8.0,16.0,2.0,4.0,0.0,25.0,29.5,21.0,1.48,-0.9992858880811017,24.95,20.6,29.22,15.92,33.28,4.39,MODERATE,Orographic Sahyadri Elevation Gradient,Manual demo override,MANUAL_OVERRIDE,,2026-09-09,,,,NOT_REQUESTED,27.5,19.0,70.0
MH_487_550783,Dongarshet,Dongarshet,Peint,Nashik,20.19434,73.48556,81.98,28.66,44.8,867.4,60.7,794.6,940.2,14.5,206.4,52.0,18.0,8.0,16.0,2.0,4.0,0.0,25.0,29.5,21.0,1.48,-0.8771407444491451,25.04,20.15,29.34,15.92,34.0,4.71,MODERATE,Orographic Sahyadri Elevation Gradient,Manual demo override,MANUAL_OVERRIDE,,2026-09-09,,,,NOT_REQUESTED,27.1,18.6,70.0
MH_487_550784,Pimpalwati,Pimpalwati,Peint,Nashik,20.18495,73.4823,81.66,27.69,44.7,868.9,60.8,796.0,941.9,14.5,206.3,52.0,18.0,8.0,16.0,2.0,4.0,0.0,25.0,29.5,21.0,1.48,-0.8363474351505358,25.03,20.27,30.0,15.22,33.01,4.58,MODERATE,Orographic Sahyadri Elevation Gradient,Manual demo override,MANUAL_OVERRIDE,,2026-09-09,,,,NOT_REQUESTED,27.1,18.6,70.0
MH_487_550741,Tondawal,Tondawal,Peint,Nashik,20.23468,73.49194,82.72,33.01,44.9,865.4,60.6,792.7,938.1,14.5,206.7,52.0,18.0,8.0,16.0,2.0,4.0,0.0,25.0,29.5,21.0,1.39,-1.065911948278782,24.7,19.79,29.21,14.48,33.78,4.87,MODERATE,Orographic Sahyadri Elevation Gradient,Manual demo override,MANUAL_OVERRIDE,,2026-09-09,,,,NOT_REQUESTED,27.2,18.7,69.9
MH_487_550793,Wadpada,Wadpada,Peint,Nashik,20.1723,73.46891,80.31,26.61,44.1,876.4,61.3,802.8,950.0,14.5,205.7,52.0,18.0,8.0,16.0,2.0,4.0,0.0,25.0,29.5,21.0,1.48,-0.7884210300685695,25.05,20.0,29.14,15.62,33.21,4.53,MODERATE,Orographic Sahyadri Elevation Gradient,Manual demo override,MANUAL_OVERRIDE,,2026-09-09,,,,NOT_REQUESTED,27.0,18.5,70.0
MH_487_550758,Kahandolpada,Kahandolpada,Peint,Nashik,20.20854,73.49937,83.42,30.03,45.0,859.8,60.2,787.5,932.0,14.5,207.0,52.0,18.0,8.0,16.0,2.0,4.0,0.0,25.0,29.5,21.0,1.39,-0.9280722584996253,24.85,20.87,29.61,15.55,34.38,4.56,MODERATE,Orographic Sahyadri Elevation Gradient,Manual demo override,MANUAL_OVERRIDE,,2026-09-09,,,,NOT_REQUESTED,27.2,18.7,69.9
MH_487_550729,Khokartale,Khokartale,Peint,Nashik,20.25865,73.47978,81.62,35.82,44.6,873.8,61.2,800.3,947.2,14.5,206.2,52.0,18.0,8.0,16.0,2.0,4.0,0.0,25.0,29.5,21.0,0.86,-1.1233543151333223,24.1,19.36,28.34,14.59,32.69,4.58,MODERATE,Orographic Sahyadri Elevation Gradient,Manual demo override,MANUAL_OVERRIDE,,2026-09-09,,,,NOT_REQUESTED,27.4,18.9,69.6
MH_487_550753,Kasatvihir,Kasatvihir,Peint,Nashik,20.21643,73.50901,84.44,30.82,44.9,854.3,59.8,782.6,926.1,14.5,207.4,52.0,18.0,8.0,16.0,2.0,4.0,0.0,25.0,29.5,21.0,1.4,-0.9467756298201855,24.95,19.48,30.34,14.93,32.34,4.62,MODERATE,Orographic Sahyadri Elevation Gradient,Manual demo override,MANUAL_OVERRIDE,,2026-09-09,,,,NOT_REQUESTED,27.3,18.8,70.0
MH_487_550782,Mankapur,Mankapur,Peint,Nashik,20.18902,73.50917,84.45,27.78,44.9,853.0,59.7,781.4,924.6,14.5,207.4,52.0,18.0,8.0,16.0,2.0,4.0,0.0,25.0,29.5,21.0,1.4,-0.8113244198832881,24.83,19.39,28.95,14.89,33.84,4.78,MODERATE,Orographic Sahyadri Elevation Gradient,Manual demo override,MANUAL_OVERRIDE,,2026-09-09,,,,NOT_REQUESTED,27.2,18.7,69.9
MH_487_550795,Shevkhandi,Shevkhandi,Peint,Nashik,20.15877,73.49793,82.91,24.56,45.0,858.4,60.1,786.3,930.5,14.5,206.9,52.0,18.0,8.0,16.0,2.0,4.0,0.0,25.0,29.5,21.0,1.39,-0.6937334685498432,24.98,19.68,29.44,15.46,34.38,4.62,MODERATE,Orographic Sahyadri Elevation Gradient,Manual demo override,MANUAL_OVERRIDE,,2026-09-09,,,,NOT_REQUESTED,27.2,18.7,70.0
MH_487_550796,Bardapada,Bardapada,Peint,Nashik,20.16308,73.51301,84.55,24.87,44.8,849.5,59.5,778.1,920.9,14.5,207.5,52.0,18.0,8.0,16.0,2.0,4.0,0.0,25.0,29.5,21.0,1.4,-0.6803510582541324,25.08,20.82,30.26,15.6,33.71,4.65,MODERATE,Orographic Sahyadri Elevation Gradient,Manual demo override,MANUAL_OVERRIDE,,2026-09-09,,,,NOT_REQUESTED,27.2,18.7,70.0
MH_487_550830,Sawarpada,Sawarpada,Trimbakeshwar,Nashik,20.16116,73.41231,74.37,27.49,38.6,909.9,63.7,833.4,986.3,14.5,203.3,52.0,18.0,8.0,16.0,2.0,4.0,0.0,25.0,29.5,21.0,4.06,-0.7261517572740872,27.8,23.5,33.79,17.92,35.72,4.73,MODERATE,Orographic Sahyadri Elevation Gradient,Manual demo override,MANUAL_OVERRIDE,,2026-09-09,,,,NOT_REQUESTED,26.8,18.3,71.1
MH_487_550788,Nachlondhi,Nachlondhi,Peint,Nashik,20.17775,73.45693,79.03,27.52,43.4,883.8,61.9,809.6,958.1,14.5,205.2,52.0,18.0,8.0,16.0,2.0,4.0,0.0,25.0,29.5,21.0,1.39,-0.8141203953349808,24.59,20.18,29.49,14.65,33.12,4.66,MODERATE,Orographic Sahyadri Elevation Gradient,Manual demo override,MANUAL_OVERRIDE,,2026-09-09,,,,NOT_REQUESTED,27.0,18.5,69.8
MH_487_550773,Nirgude Karanjali,Nirgude Karanjali,Peint,Nashik,20.22814,73.58087,91.97,32.48,39.5,811.7,56.8,743.6,879.9,14.5,210.4,52.0,18.0,8.0,16.0,2.0,4.0,0.0,25.0,29.5,21.0,3.85,-0.6310885064343433,27.48,22.72,31.96,17.25,36.12,4.63,MODERATE,Orographic Sahyadri Elevation Gradient,Manual demo override,MANUAL_OVERRIDE,,2026-09-09,,,,NOT_REQUESTED,27.7,19.2,71.0
MH_487_550832,Torangan,Torangan,Trimbakeshwar,Nashik,20.16003,73.43929,77.04,26.24,41.8,893.6,62.6,818.5,968.7,14.5,204.5,52.0,18.0,8.0,16.0,2.0,4.0,0.0,25.0,29.5,21.0,1.39,-0.7386323780407084,24.87,20.24,29.49,14.46,33.46,4.83,MODERATE,Orographic Sahyadri Elevation Gradient,Manual demo override,MANUAL_OVERRIDE,,2026-09-09,,,,NOT_REQUESTED,26.9,18.4,69.9
MH_487_550732,Khambala,Khambala,Peint,Nashik,20.24084,73.50243,83.85,33.58,45.0,859.4,60.2,787.1,931.6,14.5,207.1,52.0,18.0,8.0,16.0,2.0,4.0,0.0,25.0,29.5,21.0,0.77,-1.0883481144421816,23.84,18.47,29.26,14.65,32.0,4.68,MODERATE,Orographic Sahyadri Elevation Gradient,Manual demo override,MANUAL_OVERRIDE,,2026-09-09,,,,NOT_REQUESTED,27.2,18.7,69.5
MH_487_550787,Phanaspada,Phanaspada,Peint,Nashik,20.1788,73.43089,76.31,28.5,40.9,899.5,63.0,823.9,975.1,14.5,204.1,52.0,18.0,8.0,16.0,2.0,4.0,0.0,25.0,29.5,21.0,1.39,-0.8059804050618771,24.86,20.06,29.75,15.28,33.98,4.6,MODERATE,Orographic Sahyadri Elevation Gradient,Manual demo override,MANUAL_OVERRIDE,,2026-09-09,,,,NOT_REQUESTED,26.9,18.4,69.9
MH_487_550789,Wazvad,Wazvad,Peint,Nashik,20.15706,73.47328,80.37,24.85,44.4,873.1,61.1,799.8,946.4,14.5,205.9,52.0,18.0,8.0,16.0,2.0,4.0,0.0,25.0,29.5,21.0,1.48,-0.718661155745078,24.99,20.21,30.17,15.58,32.88,4.63,MODERATE,Orographic Sahyadri Elevation Gradient,Manual demo override,MANUAL_OVERRIDE,,2026-09-09,,,,NOT_REQUESTED,27.1,18.6,70.0
MH_487_550768,Gawandhpada,Gawandhpada,Peint,Nashik,20.26139,73.57612,91.66,36.06,40.1,816.1,57.1,747.6,884.6,14.5,210.2,52.0,18.0,8.0,16.0,2.0,4.0,0.0,25.0,29.5,21.0,3.06,-0.7194561663571722,26.71,21.58,31.67,16.58,35.0,4.69,MODERATE,Orographic Sahyadri Elevation Gradient,Manual demo override,MANUAL_OVERRIDE,,2026-09-09,,,,NOT_REQUESTED,27.7,19.2,70.7
MH_487_550731,Peint,Peint,Peint,Nashik,20.2628,73.5167,85.5,35.92,44.7,851.8,59.6,780.3,923.3,14.5,207.7,52.0,18.0,8.0,16.0,2.0,4.0,0.0,25.0,29.5,21.0,1.04,-1.0955542894127468,24.56,19.17,29.04,15.82,33.04,4.59,MODERATE,Orographic Sahyadri Elevation Gradient,Manual demo override,MANUAL_OVERRIDE,,2026-09-09,,,,NOT_REQUESTED,27.5,19.0,69.8
MH_487_550810,Abheti,Abheti,Peint,Nashik,20.15002,73.51537,84.44,23.4,44.8,847.5,59.3,776.4,918.7,14.5,207.6,52.0,18.0,8.0,16.0,2.0,4.0,0.0,25.0,29.5,21.0,1.4,-0.6157751066552365,25.18,20.59,30.95,15.95,33.84,4.56,MODERATE,Orographic Sahyadri Elevation Gradient,Manual demo override,MANUAL_OVERRIDE,,2026-09-09,,,,NOT_REQUESTED,27.2,18.7,70.1
MH_487_550797,Gawandh,Gawandh,Peint,Nashik,20.17313,73.51797,85.34,25.95,44.7,847.0,59.3,775.8,918.2,14.5,207.8,52.0,18.0,8.0,16.0,2.0,4.0,0.0,25.0,29.5,21.0,1.4,-0.7130667968350825,24.91,19.87,29.09,15.59,33.88,4.62,MODERATE,Orographic Sahyadri Elevation Gradient,Manual demo override,MANUAL_OVERRIDE,,2026-09-09,,,,NOT_REQUESTED,27.2,18.7,70.0
MH_487_550798,Palashi Bk,Palashi Bk,Peint,Nashik,20.16563,73.53266,86.61,25.09,44.1,837.9,58.7,767.4,908.3,14.5,208.4,52.0,18.0,8.0,16.0,2.0,4.0,0.0,25.0,29.5,21.0,2.33,-0.6331368441543253,26.01,20.93,31.06,16.91,34.91,4.69,MODERATE,Orographic Sahyadri Elevation Gradient,Manual demo override,MANUAL_OVERRIDE,,2026-09-09,,,,NOT_REQUESTED,27.3,18.8,70.4
MH_487_550781,Raitale,Raitale,Peint,Nashik,20.18724,73.52888,86.51,27.49,44.3,841.1,58.9,770.4,911.8,14.5,208.2,52.0,18.0,8.0,16.0,2.0,4.0,0.0,25.0,29.5,21.0,1.4,-0.7430616373252061,25.03,20.66,29.97,15.12,32.97,4.46,MODERATE,Orographic Sahyadri Elevation Gradient,Manual demo override,MANUAL_OVERRIDE,,2026-09-09,,,,NOT_REQUESTED,27.3,18.8,70.0
MH_487_550806,Ruipetha,Ruipetha,Peint,Nashik,20.17322,73.57165,90.76,26.29,40.6,814.8,57.0,746.4,883.2,14.5,210.0,52.0,18.0,8.0,16.0,2.0,4.0,0.0,25.0,29.5,21.0,3.85,-0.5018261151321227,27.56,23.42,32.76,17.48,35.97,4.68,MODERATE,Orographic Sahyadri Elevation Gradient,Manual demo override,MANUAL_OVERRIDE,,2026-09-09,,,,NOT_REQUESTED,27.4,18.9,71.0
MH_487_550757,Ekadare,Ekadare,Peint,Nashik,20.2,73.53379,87.01,28.91,44.0,838.7,58.7,768.3,909.2,14.5,208.4,52.0,18.0,8.0,16.0,2.0,4.0,0.0,25.0,29.5,21.0,3.42,-0.7818106161562165,27.05,22.01,31.65,17.71,35.37,4.65,MODERATE,Orographic Sahyadri Elevation Gradient,Manual demo override,MANUAL_OVERRIDE,,2026-09-09,,,,NOT_REQUESTED,27.3,18.8,70.8
MH_487_550754,Jambhulmal,Jambhulmal,Peint,Nashik,20.21198,73.5259,86.19,30.25,44.4,844.0,59.1,773.1,914.9,14.5,208.1,52.0,18.0,8.0,16.0,2.0,4.0,0.0,25.0,29.5,21.0,1.4,-0.8680287486091567,24.86,20.75,28.99,15.53,33.3,4.63,MODERATE,Orographic Sahyadri Elevation Gradient,Manual demo override,MANUAL_OVERRIDE,,2026-09-09,,,,NOT_REQUESTED,27.5,19.0,69.9
MH_487_550738,Kotambi,Kotambi,Peint,Nashik,20.25075,73.54603,88.45,34.59,43.1,833.7,58.4,763.6,903.7,14.5,208.9,52.0,18.0,8.0,16.0,2.0,4.0,0.0,25.0,29.5,21.0,3.06,-0.8951600518278666,26.33,21.65,31.27,16.52,35.53,4.8,MODERATE,Orographic Sahyadri Elevation Gradient,Manual demo override,MANUAL_OVERRIDE,,2026-09-09,,,,NOT_REQUESTED,27.6,19.1,70.5
MH_487_550778,Dhabyachapada,Dhabyachapada,Peint,Nashik,20.21905,73.60956,94.94,31.68,35.4,794.1,55.6,727.4,860.8,14.5,211.6,52.0,18.0,8.0,16.0,2.0,4.0,0.0,25.0,29.5,21.0,3.41,-0.4385275156589752,27.06,22.58,31.81,17.25,35.5,4.61,MODERATE,Orographic Sahyadri Elevation Gradient,Manual demo override,MANUAL_OVERRIDE,,2026-09-09,,,,NOT_REQUESTED,27.9,19.4,70.8
MH_487_550739,Usthale,Usthale,Peint,Nashik,20.233,73.52643,86.31,32.58,44.4,844.6,59.1,773.7,915.5,14.5,208.1,52.0,18.0,8.0,16.0,2.0,4.0,0.0,25.0,29.5,21.0,1.4,-0.9588348293429325,24.94,19.97,30.95,14.65,33.64,4.65,MODERATE,Orographic Sahyadri Elevation Gradient,Manual demo override,MANUAL_OVERRIDE,,2026-09-09,,,,NOT_REQUESTED,27.5,19.0,70.0
MH_487_550815,Fanaspada,Fanaspada,Peint,Nashik,20.15361,73.58365,91.47,24.41,39.1,806.7,56.5,738.9,874.5,14.5,210.5,52.0,18.0,8.0,16.0,2.0,4.0,0.0,25.0,29.5,21.0,2.76,-0.3723687054906817,26.6,22.19,31.97,16.25,35.14,4.57,MODERATE,Orographic Sahyadri Elevation Gradient,Manual demo override,MANUAL_OVERRIDE,,2026-09-09,,,,NOT_REQUESTED,27.5,19.0,70.6
MH_487_550755,Hanumantpada,Hanumantpada,Peint,Nashik,20.22789,73.55201,88.96,32.09,42.6,829.1,58.0,759.5,898.7,14.5,209.2,52.0,18.0,8.0,16.0,2.0,4.0,0.0,25.0,29.5,21.0,3.42,-0.8006160177248548,26.91,22.05,32.04,16.2,35.22,4.75,MODERATE,Orographic Sahyadri Elevation Gradient,Manual demo override,MANUAL_OVERRIDE,,2026-09-09,,,,NOT_REQUESTED,27.6,19.1,70.8
MH_487_550780,Gonde,Gonde,Peint,Nashik,20.20824,73.56261,90.02,30.02,41.6,821.8,57.5,752.8,890.8,14.5,209.6,52.0,18.0,8.0,16.0,2.0,4.0,0.0,25.0,29.5,21.0,3.42,-0.675971349935431,27.1,22.25,32.52,17.66,35.33,4.6,MODERATE,Orographic Sahyadri Elevation Gradient,Manual demo override,MANUAL_OVERRIDE,,2026-09-09,,,,NOT_REQUESTED,27.7,19.2,70.8
MH_487_550800,Dolharmal,Dolharmal,Peint,Nashik,20.19025,73.55783,89.53,27.98,42.1,823.9,57.7,754.6,893.1,14.5,209.4,52.0,18.0,8.0,16.0,2.0,4.0,0.0,25.0,29.5,21.0,3.42,-0.6332419843535649,27.1,21.67,32.09,16.5,35.91,4.98,MODERATE,Orographic Sahyadri Elevation Gradient,Manual demo override,MANUAL_OVERRIDE,,2026-09-09,,,,NOT_REQUESTED,27.4,18.9,70.8
MH_487_550799,Shingdari,Shingdari,Peint,Nashik,20.17991,73.54633,88.35,26.73,43.1,830.3,58.1,760.6,900.0,14.5,208.9,52.0,18.0,8.0,16.0,2.0,4.0,0.0,25.0,29.5,21.0,3.42,-0.6428530617640472,27.09,21.97,32.29,17.23,35.09,4.57,MODERATE,Orographic Sahyadri Elevation Gradient,Manual demo override,MANUAL_OVERRIDE,,2026-09-09,,,,NOT_REQUESTED,27.3,18.8,70.8
MH_487_550808,Cholmukh,Cholmukh,Peint,Nashik,20.16484,73.54986,88.33,25.09,42.8,827.5,57.9,758.0,897.0,14.5,209.1,52.0,18.0,8.0,16.0,2.0,4.0,0.0,25.0,29.5,21.0,2.33,-0.5653699700710924,26.09,21.08,30.92,16.53,34.4,4.66,MODERATE,Orographic Sahyadri Elevation Gradient,Manual demo override,MANUAL_OVERRIDE,,2026-09-09,,,,NOT_REQUESTED,27.4,18.9,70.4
MH_487_550805,Kohor,Kohor,Peint,Nashik,20.17906,73.5911,92.89,27.34,38.1,803.4,56.2,736.0,870.8,14.5,210.8,52.0,18.0,8.0,16.0,2.0,4.0,0.0,25.0,29.5,21.0,3.85,-0.4247984552579594,27.72,22.56,32.39,17.77,36.08,4.63,MODERATE,Orographic Sahyadri Elevation Gradient,Manual demo override,MANUAL_OVERRIDE,,2026-09-09,,,,NOT_REQUESTED,27.5,19.0,71.1
MH_487_550804,Hanumannagar,Hanumannagar,Peint,Nashik,20.18385,73.61774,95.71,28.08,34.1,787.6,55.1,721.5,853.7,14.5,211.9,52.0,18.0,8.0,16.0,2.0,4.0,0.0,25.0,29.5,21.0,3.41,-0.2960843731429861,27.44,22.67,32.73,17.23,35.46,4.86,MODERATE,Orographic Sahyadri Elevation Gradient,Manual demo override,MANUAL_OVERRIDE,,2026-09-09,,,,NOT_REQUESTED,27.6,19.1,71.0
MH_487_550803,Lingawane,Lingawane,Peint,Nashik,20.19439,73.61657,95.65,29.06,34.3,788.8,55.2,722.6,855.0,14.5,211.9,52.0,18.0,8.0,16.0,2.0,4.0,0.0,25.0,29.5,21.0,3.41,-0.33304724653463175,27.4,21.83,32.49,17.33,35.69,4.72,MODERATE,Orographic Sahyadri Elevation Gradient,Manual demo override,MANUAL_OVERRIDE,,2026-09-09,,,,NOT_REQUESTED,27.6,19.1,71.0
MH_487_550801,Bhaygaon,Bhaygaon,Peint,Nashik,20.19936,73.59128,93.01,29.54,38.1,804.2,56.3,736.6,871.8,14.5,210.8,52.0,18.0,8.0,16.0,2.0,4.0,0.0,25.0,29.5,21.0,3.85,-0.48962087491082795,27.63,21.68,33.24,18.0,35.92,4.64,MODERATE,Orographic Sahyadri Elevation Gradient,Manual demo override,MANUAL_OVERRIDE,,2026-09-09,,,,NOT_REQUESTED,27.8,19.3,71.1
MH_487_550802,Aad Bk,Aad Bk,Peint,Nashik,20.2084,73.61041,95.01,30.68,35.3,793.1,55.5,726.5,859.7,14.5,211.6,52.0,18.0,8.0,16.0,2.0,4.0,0.0,25.0,29.5,21.0,3.41,-0.40657710242571854,27.44,21.91,32.08,18.74,34.93,4.37,MODERATE,Orographic Sahyadri Elevation Gradient,Manual demo override,MANUAL_OVERRIDE,,2026-09-09,,,,NOT_REQUESTED,27.9,19.4,71.0
MH_487_550694,Abasa,Abasa,Peint,Nashik,20.32727,73.47771,82.35,43.41,44.6,878.1,61.5,804.3,951.9,14.5,206.1,52.0,18.0,8.0,16.0,2.0,4.0,0.0,25.0,29.5,21.0,0.86,-0.995707555779916,24.35,19.36,28.8,14.55,33.27,4.68,MODERATE,Orographic Sahyadri Elevation Gradient,Manual demo override,MANUAL_OVERRIDE,,2026-09-09,,,,NOT_REQUESTED,27.4,18.9,69.7
MH_487_550779,Aad Kh,Aad Kh,Peint,Nashik,20.21308,73.58881,92.76,30.98,38.4,806.3,56.4,738.6,874.0,14.5,210.7,52.0,18.0,8.0,16.0,2.0,4.0,0.0,25.0,29.5,21.0,3.85,-0.5442571367330719,27.74,22.98,32.56,18.31,36.56,4.69,MODERATE,Orographic Sahyadri Elevation Gradient,Manual demo override,MANUAL_OVERRIDE,,2026-09-09,,,,NOT_REQUESTED,27.8,19.3,71.1
MH_487_550777,Shinde,Shinde,Peint,Nashik,20.22372,73.60712,94.69,32.25,35.8,795.8,55.7,729.0,862.6,14.5,211.5,52.0,18.0,8.0,16.0,2.0,4.0,0.0,25.0,29.5,21.0,3.41,-0.46400857868741735,27.31,23.06,31.84,16.8,35.61,4.8,MODERATE,Orographic Sahyadri Elevation Gradient,Manual demo override,MANUAL_OVERRIDE,,2026-09-09,,,,NOT_REQUESTED,27.8,19.3,70.9
MH_487_550776,Gangodbari,Gangodbari,Peint,Nashik,20.23535,73.60904,94.93,33.19,35.5,795.2,55.7,728.3,862.0,14.5,211.6,52.0,18.0,8.0,16.0,2.0,4.0,0.0,25.0,29.5,21.0,3.41,-0.4776224387025378,27.5,22.72,32.5,17.17,35.61,4.73,MODERATE,Orographic Sahyadri Elevation Gradient,Manual demo override,MANUAL_OVERRIDE,,2026-09-09,,,,NOT_REQUESTED,27.8,19.3,71.0
MH_487_550775,Tilbhat,Tilbhat,Peint,Nashik,20.24578,73.60643,94.71,34.3,35.9,797.2,55.8,730.2,864.2,14.5,211.5,52.0,18.0,8.0,16.0,2.0,4.0,0.0,25.0,29.5,21.0,3.06,-0.51244101871222,26.75,21.56,31.66,17.37,35.51,4.66,MODERATE,Orographic Sahyadri Elevation Gradient,Manual demo override,MANUAL_OVERRIDE,,2026-09-09,,,,NOT_REQUESTED,27.8,19.3,70.7
MH_487_550756,Deogaon,Deogaon,Peint,Nashik,20.23468,73.56984,90.84,33.03,40.8,818.7,57.3,749.9,887.4,14.5,209.9,52.0,18.0,8.0,16.0,2.0,4.0,0.0,25.0,29.5,21.0,3.42,-0.7134747417672102,26.86,22.17,32.06,16.82,35.57,4.71,MODERATE,Orographic Sahyadri Elevation Gradient,Manual demo override,MANUAL_OVERRIDE,,2026-09-09,,,,NOT_REQUESTED,27.7,19.2,70.7
MH_487_550772,Karanjali,Karanjali,Peint,Nashik,20.25037,73.57834,91.82,34.88,39.8,814.3,57.0,745.9,882.7,14.5,210.3,52.0,18.0,8.0,16.0,2.0,4.0,0.0,25.0,29.5,21.0,3.07,-0.6918028295523644,26.67,21.35,30.58,16.98,35.52,4.81,MODERATE,Orographic Sahyadri Elevation Gradient,Manual demo override,MANUAL_OVERRIDE,,2026-09-09,,,,NOT_REQUESTED,27.7,19.2,70.7
MH_487_550774,Sambarpada,Sambarpada,Peint,Nashik,20.23804,73.59363,93.34,33.8,37.8,804.5,56.3,737.0,872.1,14.5,210.9,52.0,18.0,8.0,16.0,2.0,4.0,0.0,25.0,29.5,21.0,3.07,-0.5759793699290365,26.66,22.28,32.7,17.63,35.18,4.74,MODERATE,Orographic Sahyadri Elevation Gradient,Manual demo override,MANUAL_OVERRIDE,,2026-09-09,,,,NOT_REQUESTED,27.8,19.3,70.7
MH_487_550740,Bhedamal,Bhedamal,Peint,Nashik,20.22537,73.51966,85.58,31.75,44.7,848.3,59.4,777.1,919.6,14.5,207.8,52.0,18.0,8.0,16.0,2.0,4.0,0.0,25.0,29.5,21.0,1.4,-0.9555298456610243,24.93,20.06,30.68,14.71,34.01,4.86,MODERATE,Orographic Sahyadri Elevation Gradient,Manual demo override,MANUAL_OVERRIDE,,2026-09-09,,,,NOT_REQUESTED,27.5,19.0,70.0
MH_487_550710,Palashi Kh,Palashi Kh,Peint,Nashik,20.31329,73.48851,83.21,41.73,44.9,871.0,61.0,797.8,944.2,14.5,206.5,52.0,18.0,8.0,16.0,2.0,4.0,0.0,25.0,29.5,21.0,0.86,-1.0248124800868421,24.03,18.62,28.27,13.99,32.77,4.67,MODERATE,Orographic Sahyadri Elevation Gradient,Manual demo override,MANUAL_OVERRIDE,,2026-09-09,,,,NOT_REQUESTED,27.2,18.7,69.6
MH_487_550711,Badagi,Badagi,Peint,Nashik,20.30036,73.49201,83.37,40.27,44.9,868.3,60.8,795.4,941.3,14.5,206.7,52.0,18.0,8.0,16.0,2.0,4.0,0.0,25.0,29.5,21.0,0.77,-1.058393121768212,24.08,19.59,29.08,15.0,32.5,4.53,MODERATE,Orographic Sahyadri Elevation Gradient,Manual demo override,MANUAL_OVERRIDE,,2026-09-09,,,,NOT_REQUESTED,27.2,18.7,69.6
MH_487_550712,Jamale,Jamale,Peint,Nashik,20.30462,73.50598,84.88,40.62,45.0,860.1,60.2,787.9,932.4,14.5,207.3,52.0,18.0,8.0,16.0,2.0,4.0,0.0,25.0,29.5,21.0,1.04,-1.022956616864778,24.38,19.03,30.04,14.87,32.8,4.7,MODERATE,Orographic Sahyadri Elevation Gradient,Manual demo override,MANUAL_OVERRIDE,,2026-09-09,,,,NOT_REQUESTED,27.2,18.7,69.8
MH_487_550713,Jale,Jale,Peint,Nashik,20.28759,73.50454,84.5,38.74,45.0,860.2,60.2,788.0,932.5,14.5,207.2,52.0,18.0,8.0,16.0,2.0,4.0,0.0,25.0,29.5,21.0,0.77,-1.0788923764575036,24.05,20.11,28.88,14.44,32.64,4.61,MODERATE,Orographic Sahyadri Elevation Gradient,Manual demo override,MANUAL_OVERRIDE,,2026-09-09,,,,NOT_REQUESTED,27.2,18.7,69.6
MH_487_550730,Shirale,Shirale,Peint,Nashik,20.27384,73.50326,84.21,37.23,45.0,860.4,60.2,788.1,932.6,14.5,207.1,52.0,18.0,8.0,16.0,2.0,4.0,0.0,25.0,29.5,21.0,0.77,-1.12585745075152,24.03,19.46,28.61,13.61,32.57,4.78,MODERATE,Orographic Sahyadri Elevation Gradient,Manual demo override,MANUAL_OVERRIDE,,2026-09-09,,,,NOT_REQUESTED,27.2,18.7,69.6
MH_487_550724,Wangani,Wangani,Peint,Nashik,20.2772,73.48679,82.53,37.77,44.8,870.4,60.9,797.3,943.5,14.5,206.4,52.0,18.0,8.0,16.0,2.0,4.0,0.0,25.0,29.5,21.0,0.86,-1.1212666647970988,24.04,19.67,29.17,14.85,31.56,4.31,MODERATE,Orographic Sahyadri Elevation Gradient,Manual demo override,MANUAL_OVERRIDE,,2026-09-09,,,,NOT_REQUESTED,27.4,18.9,69.6
MH_487_550723,Kelvihir,Kelvihir,Peint,Nashik,20.27874,73.4727,81.09,38.14,44.3,878.9,61.5,805.1,952.7,14.5,205.9,52.0,18.0,8.0,16.0,2.0,4.0,0.0,25.0,29.5,21.0,0.86,-1.1021493085905087,24.12,19.52,28.59,14.08,32.07,4.77,MODERATE,Orographic Sahyadri Elevation Gradient,Manual demo override,MANUAL_OVERRIDE,,2026-09-09,,,,NOT_REQUESTED,27.4,18.9,69.6
MH_487_550718,Nalshet,Nalshet,Peint,Nashik,20.30013,73.42657,76.61,41.48,40.4,907.6,63.5,831.4,983.8,14.5,203.9,52.0,18.0,8.0,16.0,2.0,4.0,0.0,25.0,29.5,21.0,0.77,-1.0122552659791368,24.14,19.89,29.15,14.4,33.09,4.69,MODERATE,Orographic Sahyadri Elevation Gradient,Manual demo override,MANUAL_OVERRIDE,,2026-09-09,,,,NOT_REQUESTED,27.2,18.7,69.7
MH_487_550719,Rajbari,Rajbari,Peint,Nashik,20.29918,73.43714,77.69,41.1,41.6,901.2,63.1,825.5,976.9,14.5,204.4,52.0,18.0,8.0,16.0,2.0,4.0,0.0,25.0,29.5,21.0,0.77,-1.0284030900492636,23.99,19.87,28.49,13.13,32.63,4.79,MODERATE,Orographic Sahyadri Elevation Gradient,Manual demo override,MANUAL_OVERRIDE,,2026-09-09,,,,NOT_REQUESTED,27.2,18.7,69.6
MH_487_550727,Kalampada,Kalampada,Peint,Nashik,20.28043,73.43131,76.82,39.23,40.9,903.8,63.3,827.9,979.8,14.5,204.1,52.0,18.0,8.0,16.0,2.0,4.0,0.0,25.0,29.5,21.0,0.77,-1.0289655722941131,23.88,18.85,28.97,13.96,32.28,4.73,MODERATE,Orographic Sahyadri Elevation Gradient,Manual demo override,MANUAL_OVERRIDE,,2026-09-09,,,,NOT_REQUESTED,27.2,18.7,69.6
MH_487_550726,Lavhali,Lavhali,Peint,Nashik,20.28279,73.44183,77.94,39.21,42.1,897.6,62.8,822.3,973.0,14.5,204.6,52.0,18.0,8.0,16.0,2.0,4.0,0.0,25.0,29.5,21.0,0.77,-1.0475689056166242,24.2,18.4,29.65,14.48,32.66,4.87,MODERATE,Orographic Sahyadri Elevation Gradient,Manual demo override,MANUAL_OVERRIDE,,2026-09-09,,,,NOT_REQUESTED,27.3,18.8,69.7
MH_487_550728,Ranvihir,Ranvihir,Peint,Nashik,20.26897,73.43761,77.34,37.83,41.6,899.5,63.0,823.9,975.1,14.5,204.4,52.0,18.0,8.0,16.0,2.0,4.0,0.0,25.0,29.5,21.0,0.77,-1.0396472924086089,23.81,18.86,29.13,13.82,31.64,4.71,MODERATE,Orographic Sahyadri Elevation Gradient,Manual demo override,MANUAL_OVERRIDE,,2026-09-09,,,,NOT_REQUESTED,27.3,18.8,69.5
MH_487_550720,Kumbhale,Kumbhale,Peint,Nashik,20.30211,73.46396,80.5,40.85,43.8,885.2,62.0,810.8,959.6,14.5,205.5,52.0,18.0,8.0,16.0,2.0,4.0,0.0,25.0,29.5,21.0,0.86,-1.0540668533095952,23.97,18.32,28.98,14.25,32.9,4.83,MODERATE,Orographic Sahyadri Elevation Gradient,Manual demo override,MANUAL_OVERRIDE,,2026-09-09,,,,NOT_REQUESTED,27.4,18.9,69.6
MH_487_550304,Maldhe,Maldhe,Central,Nashik,20.58827,74.50749,193.27,65.42,-15.0,475.1,33.3,435.1,515.1,3.2,249.3,12.0,14.0,10.0,58.0,4.0,2.0,0.0,25.0,29.5,21.0,-2.61,-0.619525576605614,21.02,16.29,25.96,11.1,29.37,4.66,MODERATE,Rain-Shadow Plateau Topography,Manual demo override,MANUAL_OVERRIDE,,2026-09-09,,,,NOT_REQUESTED,30.2,21.7,68.4
MH_487_550725,Sadadpada,Sadadpada,Peint,Nashik,20.278,73.45665,79.42,38.36,43.3,888.5,62.2,813.9,963.2,14.5,205.2,52.0,18.0,8.0,16.0,2.0,4.0,0.0,25.0,29.5,21.0,0.77,-1.076279858124957,23.8,18.2,28.19,13.82,32.65,4.78,MODERATE,Orographic Sahyadri Elevation Gradient,Manual demo override,MANUAL_OVERRIDE,,2026-09-09,,,,NOT_REQUESTED,27.3,18.8,69.5
MH_487_550717,Sawarna,Sawarna,Peint,Nashik,20.31551,73.43726,77.97,42.86,41.6,901.8,63.1,826.1,977.6,14.5,204.4,52.0,18.0,8.0,16.0,2.0,4.0,0.0,25.0,29.5,21.0,0.77,-1.0088736489898356,23.93,19.59,28.86,13.65,31.55,4.61,MODERATE,Orographic Sahyadri Elevation Gradient,Manual demo override,MANUAL_OVERRIDE,,2026-09-09,,,,NOT_REQUESTED,27.2,18.7,69.6
MH_487_550721,Derapada,Derapada,Peint,Nashik,20.29425,73.44775,78.71,40.32,42.6,894.6,62.6,819.5,969.7,14.5,204.8,52.0,18.0,8.0,16.0,2.0,4.0,0.0,25.0,29.5,21.0,0.77,-1.048327131949363,23.93,19.4,28.49,13.05,32.53,4.84,MODERATE,Orographic Sahyadri Elevation Gradient,Manual demo override,MANUAL_OVERRIDE,,2026-09-09,,,,NOT_REQUESTED,27.3,18.8,69.6
MH_487_550722,Borichibari,Borichibari,Peint,Nashik,20.29109,73.47078,81.05,39.53,44.2,880.6,61.6,806.7,954.5,14.5,205.8,52.0,18.0,8.0,16.0,2.0,4.0,0.0,25.0,29.5,21.0,0.86,-1.0802627606146966,24.27,19.52,30.0,15.08,32.44,4.59,MODERATE,Orographic Sahyadri Elevation Gradient,Manual demo override,MANUAL_OVERRIDE,,2026-09-09,,,,NOT_REQUESTED,27.4,18.9,69.7
MH_487_549760,Bhati,Bhati,Surgana,Nashik,20.37284,73.41158,76.66,49.69,38.5,919.8,64.4,842.6,997.1,14.5,203.3,52.0,18.0,8.0,16.0,2.0,4.0,0.0,25.0,29.5,21.0,0.77,-0.9069440971479494,24.16,19.36,28.85,14.57,32.87,4.78,MODERATE,Orographic Sahyadri Elevation Gradient,Manual demo override,MANUAL_OVERRIDE,,2026-09-09,,,,NOT_REQUESTED,27.1,18.6,69.7
MH_487_550302,Soyagaon,Soyagaon,Central,Nashik,20.52678,74.55081,196.33,58.81,-15.0,469.9,32.9,430.4,509.4,3.2,251.1,12.0,14.0,10.0,58.0,4.0,2.0,0.0,25.0,29.5,21.0,-2.63,-0.7376494671585438,20.96,16.47,26.14,11.58,29.5,4.62,MODERATE,Rain-Shadow Plateau Topography,Manual demo override,MANUAL_OVERRIDE,,2026-09-09,,,,NOT_REQUESTED,30.3,21.8,68.4
MH_487_550676,Ambe,Ambe,Peint,Nashik,20.37954,73.49368,85.15,49.02,45.0,870.9,61.0,797.7,944.1,14.5,206.7,52.0,18.0,8.0,16.0,2.0,4.0,0.0,25.0,29.5,21.0,1.04,-0.8408431850947125,24.71,19.94,29.83,15.08,33.28,4.58,MODERATE,Orographic Sahyadri Elevation Gradient,Manual demo override,MANUAL_OVERRIDE,,2026-09-09,,,,NOT_REQUESTED,27.2,18.7,69.9
MH_487_550675,Gandole,Gandole,Peint,Nashik,20.36807,73.47574,83.04,47.94,44.5,881.1,61.7,807.1,955.2,14.5,206.0,52.0,18.0,8.0,16.0,2.0,4.0,0.0,25.0,29.5,21.0,0.86,-0.8948903020569109,24.23,19.45,29.24,15.3,32.76,4.62,MODERATE,Orographic Sahyadri Elevation Gradient,Manual demo override,MANUAL_OVERRIDE,,2026-09-09,,,,NOT_REQUESTED,27.4,18.9,69.7
MH_487_550697,Bhatvihira,Bhatvihira,Peint,Nashik,20.32147,73.50805,85.37,42.48,44.9,859.6,60.2,787.4,931.9,14.5,207.3,52.0,18.0,8.0,16.0,2.0,4.0,0.0,25.0,29.5,21.0,1.04,-0.968344348073496,24.51,19.8,29.03,14.92,33.68,4.74,MODERATE,Orographic Sahyadri Elevation Gradient,Manual demo override,MANUAL_OVERRIDE,,2026-09-09,,,,NOT_REQUESTED,27.2,18.7,69.8
MH_487_550704,Asarbari,Asarbari,Peint,Nashik,20.3145,73.59296,94.02,41.53,37.9,808.4,56.6,740.5,876.3,14.5,210.9,52.0,18.0,8.0,16.0,2.0,4.0,0.0,25.0,29.5,21.0,3.07,-0.621433730724759,26.76,21.46,31.86,17.18,34.84,4.62,MODERATE,Orographic Sahyadri Elevation Gradient,Manual demo override,MANUAL_OVERRIDE,,2026-09-09,,,,NOT_REQUESTED,27.8,19.3,70.7
MH_487_550706,Kopurli Bk,Kopurli Bk,Peint,Nashik,20.3133,73.55984,90.58,41.63,41.9,828.2,58.0,758.6,897.8,14.5,209.5,52.0,18.0,8.0,16.0,2.0,4.0,0.0,25.0,29.5,21.0,3.06,-0.7909867031817893,26.59,21.44,31.41,17.11,35.88,4.76,MODERATE,Orographic Sahyadri Elevation Gradient,Manual demo override,MANUAL_OVERRIDE,,2026-09-09,,,,NOT_REQUESTED,27.6,19.1,70.6
MH_487_550685,Kapurne,Kapurne,Peint,Nashik,20.35167,73.4852,83.62,46.01,44.8,874.7,61.2,801.3,948.1,14.5,206.4,52.0,18.0,8.0,16.0,2.0,4.0,0.0,25.0,29.5,21.0,0.86,-0.924627263549612,24.16,19.22,29.1,14.94,32.87,4.64,MODERATE,Orographic Sahyadri Elevation Gradient,Manual demo override,MANUAL_OVERRIDE,,2026-09-09,,,,NOT_REQUESTED,27.4,18.9,69.7
MH_487_550716,Kayare,Kayare,Peint,Nashik,20.33824,73.43338,78.03,45.42,41.2,905.2,63.4,829.1,981.3,14.5,204.2,52.0,18.0,8.0,16.0,2.0,4.0,0.0,25.0,29.5,21.0,0.77,-0.9706114413190559,24.18,19.59,28.79,14.02,33.22,4.59,MODERATE,Orographic Sahyadri Elevation Gradient,Manual demo override,MANUAL_OVERRIDE,,2026-09-09,,,,NOT_REQUESTED,27.2,18.7,69.7
MH_487_550693,Sadadpada,Sadadpada,Peint,Nashik,20.34633,73.46496,81.43,45.69,43.9,886.6,62.1,812.1,961.1,14.5,205.5,52.0,18.0,8.0,16.0,2.0,4.0,0.0,25.0,29.5,21.0,0.86,-0.9558947159771892,24.18,19.28,29.88,15.22,32.35,4.53,MODERATE,Orographic Sahyadri Elevation Gradient,Manual demo override,MANUAL_OVERRIDE,,2026-09-09,,,,NOT_REQUESTED,27.3,18.8,69.7
MH_487_550695,Bhoradha,Bhoradha,Peint,Nashik,20.32376,73.4882,83.36,42.89,44.9,871.6,61.0,798.4,944.8,14.5,206.5,52.0,18.0,8.0,16.0,2.0,4.0,0.0,25.0,29.5,21.0,0.86,-0.9959157353344401,24.26,19.98,29.05,15.23,33.13,4.63,MODERATE,Orographic Sahyadri Elevation Gradient,Manual demo override,MANUAL_OVERRIDE,,2026-09-09,,,,NOT_REQUESTED,27.2,18.7,69.7
MH_487_550705,Phanaspada,Phanaspada,Peint,Nashik,20.30679,73.57465,92.01,41.05,40.3,819.0,57.3,750.3,887.8,14.5,210.1,52.0,18.0,8.0,16.0,2.0,4.0,0.0,25.0,29.5,21.0,3.06,-0.7237458766549082,26.34,21.56,31.88,17.08,34.67,4.66,MODERATE,Orographic Sahyadri Elevation Gradient,Manual demo override,MANUAL_OVERRIDE,,2026-09-09,,,,NOT_REQUESTED,27.7,19.2,70.5
MH_487_550764,Ubhidhond,Ubhidhond,Peint,Nashik,20.29635,73.59173,93.64,39.86,38.0,808.3,56.6,740.4,876.2,14.5,210.9,52.0,18.0,8.0,16.0,2.0,4.0,0.0,25.0,29.5,21.0,3.07,-0.6367721917686564,26.68,21.99,31.77,16.38,34.81,4.8,MODERATE,Orographic Sahyadri Elevation Gradient,Manual demo override,MANUAL_OVERRIDE,,2026-09-09,,,,NOT_REQUESTED,27.8,19.3,70.7
MH_487_550765,Mangone,Mangone,Peint,Nashik,20.2815,73.59584,93.9,38.23,37.4,805.2,56.4,737.5,872.8,14.5,211.0,52.0,18.0,8.0,16.0,2.0,4.0,0.0,25.0,29.5,21.0,3.07,-0.6125673241561194,26.75,22.05,31.28,17.83,35.48,4.5,MODERATE,Orographic Sahyadri Elevation Gradient,Manual demo override,MANUAL_OVERRIDE,,2026-09-09,,,,NOT_REQUESTED,27.8,19.3,70.7
MH_487_550770,Kumbharbari,Kumbharbari,Peint,Nashik,20.26926,73.60476,94.71,36.58,36.1,799.3,55.9,732.2,866.3,14.5,211.4,52.0,18.0,8.0,16.0,2.0,4.0,0.0,25.0,29.5,21.0,3.06,-0.5524175075113334,27.06,22.05,31.4,16.96,36.36,4.93,MODERATE,Orographic Sahyadri Elevation Gradient,Manual demo override,MANUAL_OVERRIDE,,2026-09-09,,,,NOT_REQUESTED,27.8,19.3,70.8
MH_487_550766,Pawarpada,Pawarpada,Peint,Nashik,20.2729,73.58622,92.81,37.48,38.8,810.5,56.7,742.5,878.6,14.5,210.6,52.0,18.0,8.0,16.0,2.0,4.0,0.0,25.0,29.5,21.0,3.07,-0.6660992532276249,26.83,22.04,31.13,16.27,35.12,4.8,MODERATE,Orographic Sahyadri Elevation Gradient,Manual demo override,MANUAL_OVERRIDE,,2026-09-09,,,,NOT_REQUESTED,27.7,19.2,70.7
MH_487_550769,Inambari,Inambari,Peint,Nashik,20.26398,73.59366,93.51,36.63,37.8,805.7,56.4,738.0,873.4,14.5,210.9,52.0,18.0,8.0,16.0,2.0,4.0,0.0,25.0,29.5,21.0,3.07,-0.6143173373323613,26.84,21.44,31.78,16.9,36.33,4.97,MODERATE,Orographic Sahyadri Elevation Gradient,Manual demo override,MANUAL_OVERRIDE,,2026-09-09,,,,NOT_REQUESTED,27.8,19.3,70.7
MH_487_550734,Ambapur,Ambapur,Peint,Nashik,20.2665,73.53446,87.38,36.31,43.9,841.3,58.9,770.6,912.0,14.5,208.4,52.0,18.0,8.0,16.0,2.0,4.0,0.0,25.0,29.5,21.0,1.05,-0.9835884112402521,24.4,19.84,28.87,14.12,32.5,4.72,MODERATE,Orographic Sahyadri Elevation Gradient,Manual demo override,MANUAL_OVERRIDE,,2026-09-09,,,,NOT_REQUESTED,27.5,19.0,69.8
MH_487_550709,Hatrundi,Hatrundi,Peint,Nashik,20.31364,73.52269,86.75,41.55,44.5,850.5,59.5,779.1,921.9,14.5,208.0,52.0,18.0,8.0,16.0,2.0,4.0,0.0,25.0,29.5,21.0,1.04,-0.9486910473318684,24.28,20.05,28.34,14.67,32.6,4.7,MODERATE,Orographic Sahyadri Elevation Gradient,Manual demo override,MANUAL_OVERRIDE,,2026-09-09,,,,NOT_REQUESTED,27.5,19.0,69.7
MH_487_550708,Mohpada,Mohpada,Peint,Nashik,20.30565,73.53985,88.4,40.67,43.6,839.8,58.8,769.3,910.4,14.5,208.7,52.0,18.0,8.0,16.0,2.0,4.0,0.0,25.0,29.5,21.0,3.06,-0.8996283351601909,26.56,22.03,31.34,17.33,35.03,4.71,MODERATE,Orographic Sahyadri Elevation Gradient,Manual demo override,MANUAL_OVERRIDE,,2026-09-09,,,,NOT_REQUESTED,27.6,19.1,70.6
MH_487_550714,Junothi,Junothi,Peint,Nashik,20.29826,73.52485,86.74,39.84,44.4,848.5,59.4,777.2,919.8,14.5,208.0,52.0,18.0,8.0,16.0,2.0,4.0,0.0,25.0,29.5,21.0,1.04,-0.9815798185446309,24.5,19.91,30.03,15.38,32.08,4.48,MODERATE,Orographic Sahyadri Elevation Gradient,Manual demo override,MANUAL_OVERRIDE,,2026-09-09,,,,NOT_REQUESTED,27.5,19.0,69.8
MH_487_550707,Khirkidepada,Khirkidepada,Peint,Nashik,20.30472,73.54974,89.41,40.61,42.8,833.9,58.4,763.8,904.0,14.5,209.1,52.0,18.0,8.0,16.0,2.0,4.0,0.0,25.0,29.5,21.0,3.06,-0.8544449970975699,26.52,21.6,31.0,16.16,34.69,4.76,MODERATE,Orographic Sahyadri Elevation Gradient,Manual demo override,MANUAL_OVERRIDE,,2026-09-09,,,,NOT_REQUESTED,27.6,19.1,70.6
MH_487_550715,Tirdhe,Tirdhe,Peint,Nashik,20.29067,73.54252,88.47,39.01,43.4,837.6,58.6,767.2,907.9,14.5,208.8,52.0,18.0,8.0,16.0,2.0,4.0,0.0,25.0,29.5,21.0,3.06,-0.9140394595398764,26.32,21.53,30.81,17.69,34.13,4.36,MODERATE,Orographic Sahyadri Elevation Gradient,Manual demo override,MANUAL_OVERRIDE,,2026-09-09,,,,NOT_REQUESTED,27.6,19.1,70.5
MH_487_550736,Patali,Patali,Peint,Nashik,20.28819,73.57951,92.28,39.06,39.7,815.3,57.1,746.7,883.8,14.5,210.3,52.0,18.0,8.0,16.0,2.0,4.0,0.0,25.0,29.5,21.0,3.07,-0.708139671286662,26.81,21.87,32.06,17.73,35.02,4.76,MODERATE,Orographic Sahyadri Elevation Gradient,Manual demo override,MANUAL_OVERRIDE,,2026-09-09,,,,NOT_REQUESTED,27.7,19.2,70.7
MH_487_550735,Jambvihir,Jambvihir,Peint,Nashik,20.28681,73.56088,90.33,38.7,41.8,826.4,57.8,757.0,895.7,14.5,209.6,52.0,18.0,8.0,16.0,2.0,4.0,0.0,25.0,29.5,21.0,3.06,-0.8162269769321846,26.44,21.33,31.67,16.28,35.75,4.8,MODERATE,Orographic Sahyadri Elevation Gradient,Manual demo override,MANUAL_OVERRIDE,,2026-09-09,,,,NOT_REQUESTED,27.6,19.1,70.6
MH_487_550767,Umbarpada Karanjali,Umbarpada Karanjali,Peint,Nashik,20.2752,73.57356,91.52,37.55,40.4,818.2,57.3,749.5,887.0,14.5,210.1,52.0,18.0,8.0,16.0,2.0,4.0,0.0,25.0,29.5,21.0,3.06,-0.7434540672291389,26.21,21.45,31.68,17.15,34.55,4.59,MODERATE,Orographic Sahyadri Elevation Gradient,Manual demo override,MANUAL_OVERRIDE,,2026-09-09,,,,NOT_REQUESTED,27.7,19.2,70.5
MH_487_550684,Shivshet,Shivshet,Peint,Nashik,20.36905,73.52094,87.66,47.72,44.6,854.0,59.8,782.3,925.8,14.5,207.9,52.0,18.0,8.0,16.0,2.0,4.0,0.0,25.0,29.5,21.0,1.04,-0.8081473740225917,24.5,19.84,29.38,14.42,33.59,4.7,MODERATE,Orographic Sahyadri Elevation Gradient,Manual demo override,MANUAL_OVERRIDE,,2026-09-09,,,,NOT_REQUESTED,27.5,19.0,69.8
MH_487_550521,Tetmala,Tetmala,Dindori,Nashik,20.38145,73.57837,93.81,48.81,39.8,820.1,57.4,751.3,889.0,14.5,210.3,8.0,6.0,4.0,72.0,6.0,4.0,0.0,25.0,29.5,21.0,3.31,-0.5956397850924346,27.15,22.02,32.16,17.34,35.24,4.59,MODERATE,Orographic Sahyadri Elevation Gradient,Manual demo override,MANUAL_OVERRIDE,,2026-09-09,,,,NOT_REQUESTED,27.7,19.2,70.9
MH_487_550737,Borwath,Borwath,Peint,Nashik,20.26637,73.55697,89.71,36.4,42.2,827.8,57.9,758.3,897.3,14.5,209.4,52.0,18.0,8.0,16.0,2.0,4.0,0.0,25.0,29.5,21.0,3.06,-0.8424975479946661,26.51,21.39,31.59,16.51,34.47,4.72,MODERATE,Orographic Sahyadri Elevation Gradient,Manual demo override,MANUAL_OVERRIDE,,2026-09-09,,,,NOT_REQUESTED,27.6,19.1,70.6
MH_487_550733,Dhondmal,Dhondmal,Peint,Nashik,20.27391,73.53691,87.7,37.14,43.8,840.2,58.8,769.6,910.7,14.5,208.6,52.0,18.0,8.0,16.0,2.0,4.0,0.0,25.0,29.5,21.0,3.06,-0.9654757507764518,26.4,22.39,31.21,16.29,34.68,4.71,MODERATE,Orographic Sahyadri Elevation Gradient,Manual demo override,MANUAL_OVERRIDE,,2026-09-09,,,,NOT_REQUESTED,27.6,19.1,70.6
MH_487_550686,Mhasgan,Mhasgan,Peint,Nashik,20.35916,73.52813,88.17,46.61,44.3,849.3,59.4,778.0,920.6,14.5,208.2,52.0,18.0,8.0,16.0,2.0,4.0,0.0,25.0,29.5,21.0,1.05,-0.8130118292237261,24.51,19.72,29.5,14.19,33.0,4.7,MODERATE,Orographic Sahyadri Elevation Gradient,Manual demo override,MANUAL_OVERRIDE,,2026-09-09,,,,NOT_REQUESTED,27.5,19.0,69.8
MH_487_550692,Dabhadi,Dabhadi,Peint,Nashik,20.34053,73.51922,86.87,44.55,44.7,853.8,59.8,782.0,925.6,14.5,207.8,52.0,18.0,8.0,16.0,2.0,4.0,0.0,25.0,29.5,21.0,1.04,-0.8864523496060999,24.65,19.36,29.0,14.99,32.66,4.65,MODERATE,Orographic Sahyadri Elevation Gradient,Manual demo override,MANUAL_OVERRIDE,,2026-09-09,,,,NOT_REQUESTED,27.5,19.0,69.9
MH_487_550691,Kalune,Kalune,Peint,Nashik,20.34618,73.53387,88.48,45.17,44.0,845.3,59.2,774.2,916.3,14.5,208.4,52.0,18.0,8.0,16.0,2.0,4.0,0.0,25.0,29.5,21.0,1.05,-0.8273999102176472,24.54,20.04,28.67,15.36,33.65,4.59,MODERATE,Orographic Sahyadri Elevation Gradient,Manual demo override,MANUAL_OVERRIDE,,2026-09-09,,,,NOT_REQUESTED,27.5,19.0,69.8
MH_487_550698,Domkhadak,Domkhadak,Peint,Nashik,20.33672,73.53595,88.51,44.12,43.9,843.6,59.1,772.7,914.5,14.5,208.5,52.0,18.0,8.0,16.0,2.0,4.0,0.0,25.0,29.5,21.0,1.05,-0.8434424692255545,24.57,19.29,29.5,14.43,33.61,4.83,MODERATE,Orographic Sahyadri Elevation Gradient,Manual demo override,MANUAL_OVERRIDE,,2026-09-09,,,,NOT_REQUESTED,27.5,19.0,69.8
MH_487_550696,Surgane,Surgane,Peint,Nashik,20.32602,73.51437,86.1,42.95,44.8,856.0,59.9,784.2,927.9,14.5,207.6,52.0,18.0,8.0,16.0,2.0,4.0,0.0,25.0,29.5,21.0,1.04,-0.9394620825489713,24.56,18.73,29.48,14.58,32.8,4.78,MODERATE,Orographic Sahyadri Elevation Gradient,Manual demo override,MANUAL_OVERRIDE,,2026-09-09,,,,NOT_REQUESTED,27.5,19.0,69.8
MH_487_550524,Nanashi,Nanashi,Dindori,Nashik,20.35326,73.61042,96.48,44.53,35.3,799.6,56.0,732.4,866.8,14.5,211.6,8.0,6.0,4.0,72.0,6.0,4.0,0.0,25.0,29.5,21.0,3.39,-0.5048508313191286,27.17,22.32,31.26,17.74,35.91,4.56,MODERATE,Orographic Sahyadri Elevation Gradient,Manual demo override,MANUAL_OVERRIDE,,2026-09-09,,,,NOT_REQUESTED,27.8,19.3,70.9
MH_487_550687,Malegaon,Malegaon,Peint,Nashik,20.36032,73.55059,90.49,46.79,42.8,835.9,58.5,765.7,906.1,14.5,209.1,52.0,18.0,8.0,16.0,2.0,4.0,0.0,25.0,29.5,21.0,3.06,-0.7375129347042916,26.62,20.79,31.46,17.1,35.07,4.75,MODERATE,Orographic Sahyadri Elevation Gradient,Manual demo override,MANUAL_OVERRIDE,,2026-09-09,,,,NOT_REQUESTED,27.6,19.1,70.6
MH_487_550690,Kakadpada,Kakadpada,Peint,Nashik,20.35251,73.55719,91.0,45.96,42.2,831.5,58.2,761.7,901.4,14.5,209.4,52.0,18.0,8.0,16.0,2.0,4.0,0.0,25.0,29.5,21.0,3.06,-0.7296711598150274,26.79,21.78,31.74,16.24,35.3,4.9,MODERATE,Orographic Sahyadri Elevation Gradient,Manual demo override,MANUAL_OVERRIDE,,2026-09-09,,,,NOT_REQUESTED,27.6,19.1,70.7
MH_487_550699,Kopurli Kh,Kopurli Kh,Peint,Nashik,20.3245,73.54761,89.49,42.79,43.0,836.0,58.5,765.8,906.2,14.5,209.0,52.0,18.0,8.0,16.0,2.0,4.0,0.0,25.0,29.5,21.0,3.06,-0.8261318541691428,26.67,22.13,31.21,16.99,35.33,4.62,MODERATE,Orographic Sahyadri Elevation Gradient,Manual demo override,MANUAL_OVERRIDE,,2026-09-09,,,,NOT_REQUESTED,27.6,19.1,70.7
MH_487_550700,Pimpalpada,Pimpalpada,Peint,Nashik,20.33543,73.56255,91.22,44.1,41.6,827.6,57.9,758.1,897.0,14.5,209.6,52.0,18.0,8.0,16.0,2.0,4.0,0.0,25.0,29.5,21.0,3.06,-0.7408838733312417,26.74,21.44,32.22,17.44,35.19,4.64,MODERATE,Orographic Sahyadri Elevation Gradient,Manual demo override,MANUAL_OVERRIDE,,2026-09-09,,,,NOT_REQUESTED,27.6,19.1,70.7
MH_487_550688,Umarpada,Umarpada,Peint,Nashik,20.34694,73.54514,89.65,45.28,43.2,838.5,58.7,768.1,909.0,14.5,208.9,52.0,18.0,8.0,16.0,2.0,4.0,0.0,25.0,29.5,21.0,3.06,-0.786618980912458,26.52,21.64,31.06,15.88,35.48,4.98,MODERATE,Orographic Sahyadri Elevation Gradient,Manual demo override,MANUAL_OVERRIDE,,2026-09-09,,,,NOT_REQUESTED,27.6,19.1,70.6
MH_487_550299,Dyane,Dyane,Central,Nashik,20.56868,74.53266,195.37,63.33,-15.0,472.1,33.0,432.5,511.7,3.2,250.4,12.0,14.0,10.0,58.0,4.0,2.0,0.0,25.0,29.5,21.0,-2.63,-0.6448496514570687,21.06,16.57,25.59,11.62,29.38,4.65,MODERATE,Rain-Shadow Plateau Topography,Manual demo override,MANUAL_OVERRIDE,,2026-09-09,,,,NOT_REQUESTED,30.3,21.8,68.4
MH_487_550689,Kalambari,Kalambari,Peint,Nashik,20.36489,73.57107,92.68,47.44,40.7,823.8,57.7,754.5,893.0,14.5,210.0,52.0,18.0,8.0,16.0,2.0,4.0,0.0,25.0,29.5,21.0,3.06,-0.6525180301211928,26.6,21.66,31.63,17.02,34.89,4.6,MODERATE,Orographic Sahyadri Elevation Gradient,Manual demo override,MANUAL_OVERRIDE,,2026-09-09,,,,NOT_REQUESTED,27.7,19.2,70.6
MH_487_550701,Jogmodi,Jogmodi,Peint,Nashik,20.34278,73.57465,92.6,45.03,40.3,820.6,57.4,751.8,889.5,14.5,210.1,52.0,18.0,8.0,16.0,2.0,4.0,0.0,25.0,29.5,21.0,3.06,-0.6758495017558522,26.88,21.88,32.1,17.91,35.71,4.76,MODERATE,Orographic Sahyadri Elevation Gradient,Manual demo override,MANUAL_OVERRIDE,,2026-09-09,,,,NOT_REQUESTED,27.7,19.2,70.8
MH_487_550702,Vadabari,Vadabari,Peint,Nashik,20.34005,73.5886,93.99,44.24,38.5,812.1,56.8,744.0,880.3,14.5,210.7,52.0,18.0,8.0,16.0,2.0,4.0,0.0,25.0,29.5,21.0,3.07,-0.6173707807386011,26.78,21.54,31.88,16.92,35.04,4.72,MODERATE,Orographic Sahyadri Elevation Gradient,Manual demo override,MANUAL_OVERRIDE,,2026-09-09,,,,NOT_REQUESTED,27.7,19.2,70.7
MH_487_550703,Harangaon,Harangaon,Peint,Nashik,20.32601,73.58841,93.73,42.88,38.5,811.6,56.8,743.5,879.8,14.5,210.7,52.0,18.0,8.0,16.0,2.0,4.0,0.0,25.0,29.5,21.0,3.07,-0.6343730630237968,26.69,21.39,31.58,17.46,34.23,4.6,MODERATE,Orographic Sahyadri Elevation Gradient,Manual demo override,MANUAL_OVERRIDE,,2026-09-09,,,,NOT_REQUESTED,27.7,19.2,70.7
MH_487_550530,Deoghar,Deoghar,Dindori,Nashik,20.32091,73.62393,97.31,40.67,33.1,790.1,55.3,723.7,856.4,14.5,212.2,8.0,6.0,4.0,72.0,6.0,4.0,0.0,25.0,29.5,21.0,3.31,-0.45990399681593747,27.1,22.19,32.25,16.92,35.33,4.72,MODERATE,Orographic Sahyadri Elevation Gradient,Manual demo override,MANUAL_OVERRIDE,,2026-09-09,,,,NOT_REQUESTED,27.9,19.4,70.8
MH_487_550553,Chachadgaon,Chachadgaon,Dindori,Nashik,20.22346,73.68427,102.74,28.21,2.6,749.5,52.5,686.5,812.5,14.5,214.7,8.0,6.0,4.0,72.0,6.0,4.0,0.0,25.0,29.5,21.0,3.66,-0.020772221979042427,27.9,23.59,32.31,17.81,36.06,4.54,MODERATE,Orographic Sahyadri Elevation Gradient,Manual demo override,MANUAL_OVERRIDE,,2026-09-09,,,,NOT_REQUESTED,27.9,19.4,71.2
MH_487_550519,Savarpathali,Savarpathali,Dindori,Nashik,20.37806,73.61467,97.43,46.87,34.6,798.2,55.9,731.1,865.3,14.5,211.8,8.0,6.0,4.0,72.0,6.0,4.0,0.0,25.0,29.5,21.0,3.31,-0.46156742715508703,27.01,21.68,31.83,17.42,35.3,4.69,MODERATE,Orographic Sahyadri Elevation Gradient,Manual demo override,MANUAL_OVERRIDE,,2026-09-09,,,,NOT_REQUESTED,27.8,19.3,70.8
MH_487_550525,Radtodi,Radtodi,Dindori,Nashik,20.34053,73.60833,96.03,43.34,35.6,800.3,56.0,733.1,867.5,14.5,211.5,8.0,6.0,4.0,72.0,6.0,4.0,0.0,25.0,29.5,21.0,3.61,-0.5256344612447473,27.31,22.65,31.37,16.47,36.43,4.73,MODERATE,Orographic Sahyadri Elevation Gradient,Manual demo override,MANUAL_OVERRIDE,,2026-09-09,,,,NOT_REQUESTED,27.8,19.3,70.9
MH_487_550523,Dhondalpada,Dhondalpada,Dindori,Nashik,20.34295,73.625,97.79,42.86,32.9,790.4,55.3,724.1,856.8,14.5,212.3,8.0,6.0,4.0,72.0,6.0,4.0,0.0,25.0,29.5,21.0,3.31,-0.44673461138367715,27.31,21.8,32.69,17.96,36.68,4.85,MODERATE,Orographic Sahyadri Elevation Gradient,Manual demo override,MANUAL_OVERRIDE,,2026-09-09,,,,NOT_REQUESTED,27.9,19.4,70.9
MH_487_550557,Dhaur,Dhaur,Dindori,Nashik,20.19891,73.67638,101.89,26.08,2.8,753.1,52.7,689.9,816.4,14.5,214.4,8.0,6.0,4.0,72.0,6.0,4.0,0.0,25.0,29.5,21.0,3.66,-0.008853266714493756,28.13,23.48,33.43,18.66,36.84,4.69,MODERATE,Orographic Sahyadri Elevation Gradient,Manual demo override,MANUAL_OVERRIDE,,2026-09-09,,,,NOT_REQUESTED,27.8,19.3,71.3
MH_487_550542,Jalkhed,Jalkhed,Dindori,Nashik,20.2598,73.66752,101.17,32.61,3.0,761.2,53.3,697.2,825.1,14.5,214.0,8.0,6.0,4.0,72.0,6.0,4.0,0.0,25.0,29.5,21.0,3.66,-0.18111942669104858,27.77,22.46,32.91,17.89,36.41,4.76,MODERATE,Orographic Sahyadri Elevation Gradient,Manual demo override,MANUAL_OVERRIDE,,2026-09-09,,,,NOT_REQUESTED,28.1,19.6,71.1
MH_487_550541,Golshi,Golshi,Dindori,Nashik,20.26112,73.63222,97.5,34.35,31.7,782.4,54.8,716.7,848.2,14.5,212.6,8.0,6.0,4.0,72.0,6.0,4.0,0.0,25.0,29.5,21.0,3.31,-0.38200991264143497,27.44,22.57,31.33,18.61,36.1,4.55,MODERATE,Orographic Sahyadri Elevation Gradient,Manual demo override,MANUAL_OVERRIDE,,2026-09-09,,,,NOT_REQUESTED,27.9,19.4,71.0
MH_487_550555,Zaralipada,Zaralipada,Dindori,Nashik,20.23099,73.63147,97.26,31.5,31.8,781.5,54.7,715.9,847.2,14.5,212.5,8.0,6.0,4.0,72.0,6.0,4.0,0.0,25.0,29.5,21.0,3.66,-0.33585240978798664,27.49,22.76,33.35,18.0,36.67,4.7,MODERATE,Orographic Sahyadri Elevation Gradient,Manual demo override,MANUAL_OVERRIDE,,2026-09-09,,,,NOT_REQUESTED,27.9,19.4,71.0
MH_487_550554,Ambegaon,Ambegaon,Dindori,Nashik,20.22912,73.65344,99.54,30.17,3.3,768.2,53.8,703.7,832.8,14.5,213.4,8.0,6.0,4.0,72.0,6.0,4.0,0.0,25.0,29.5,21.0,3.66,-0.20486517549368613,27.69,22.5,31.98,17.76,36.33,4.83,MODERATE,Orographic Sahyadri Elevation Gradient,Manual demo override,MANUAL_OVERRIDE,,2026-09-09,,,,NOT_REQUESTED,28.0,19.5,71.1
MH_487_550543,Kokangaon Bk,Kokangaon Bk,Dindori,Nashik,20.24947,73.69399,103.86,30.54,2.4,744.8,52.1,682.3,807.3,14.5,215.1,8.0,6.0,4.0,72.0,6.0,4.0,0.0,25.0,29.5,21.0,3.66,-0.02111547610692263,28.04,23.41,33.79,18.12,36.19,4.8,MODERATE,Orographic Sahyadri Elevation Gradient,Manual demo override,MANUAL_OVERRIDE,,2026-09-09,,,,NOT_REQUESTED,28.2,19.7,71.2
MH_487_550556,Pophalwade,Pophalwade,Dindori,Nashik,20.2024,73.64696,98.82,27.94,29.2,770.9,54.0,706.1,835.7,14.5,213.2,8.0,6.0,4.0,72.0,6.0,4.0,0.0,25.0,29.5,21.0,3.66,-0.18166991211774128,27.74,23.2,32.39,17.9,37.22,4.62,MODERATE,Orographic Sahyadri Elevation Gradient,Manual demo override,MANUAL_OVERRIDE,,2026-09-09,,,,NOT_REQUESTED,27.7,19.2,71.1
MH_487_550558,Pimpraj,Pimpraj,Dindori,Nashik,20.18787,73.6406,98.14,26.97,30.3,774.1,54.2,709.1,839.1,14.5,212.9,8.0,6.0,4.0,72.0,6.0,4.0,0.0,25.0,29.5,21.0,3.66,-0.18016991600612275,27.9,23.13,33.1,17.91,36.21,4.61,MODERATE,Orographic Sahyadri Elevation Gradient,Manual demo override,MANUAL_OVERRIDE,,2026-09-09,,,,NOT_REQUESTED,27.7,19.2,71.2
MH_487_550559,Vilwandi,Vilwandi,Dindori,Nashik,20.15713,73.63045,96.32,24.96,32.0,778.8,54.5,713.4,844.2,14.5,212.5,8.0,6.0,4.0,72.0,6.0,4.0,0.0,25.0,29.5,21.0,2.57,-0.1471862169645062,26.51,21.55,31.53,16.04,34.82,4.81,MODERATE,Orographic Sahyadri Elevation Gradient,Manual demo override,MANUAL_OVERRIDE,,2026-09-09,,,,NOT_REQUESTED,27.7,19.2,70.6
MH_487_550560,Kochargaon,Kochargaon,Dindori,Nashik,20.15246,73.66437,99.68,22.33,3.1,758.2,53.1,694.5,822.0,14.5,213.9,8.0,6.0,4.0,72.0,6.0,4.0,0.0,25.0,29.5,21.0,2.57,0.04570106017763176,27.13,21.85,31.54,17.62,35.95,4.59,MODERATE,Orographic Sahyadri Elevation Gradient,Manual demo override,MANUAL_OVERRIDE,,2026-09-09,,,,NOT_REQUESTED,27.8,19.3,70.9
MH_487_550561,Bhoryachapada,Bhoryachapada,Dindori,Nashik,20.15267,73.68294,101.58,21.27,2.6,747.1,52.3,684.3,809.9,14.5,214.7,8.0,6.0,4.0,72.0,6.0,4.0,0.0,25.0,29.5,21.0,2.57,0.1420501752587623,27.13,22.18,32.52,17.37,36.29,4.85,MODERATE,Orographic Sahyadri Elevation Gradient,Manual demo override,MANUAL_OVERRIDE,,2026-09-09,,,,NOT_REQUESTED,27.9,19.4,70.9
MH_487_550562,Nalegaon,Nalegaon,Dindori,Nashik,20.17745,73.71342,105.27,22.32,1.9,729.9,51.1,668.6,791.3,14.5,216.0,8.0,6.0,4.0,72.0,6.0,4.0,0.0,25.0,29.5,21.0,2.57,0.23800078184388523,27.05,21.91,31.92,16.91,35.48,4.69,MODERATE,Orographic Sahyadri Elevation Gradient,Manual demo override,MANUAL_OVERRIDE,,2026-09-09,,,,NOT_REQUESTED,28.0,19.5,70.8
MH_487_550552,Umrale Bk,Umrale Bk,Dindori,Nashik,20.20653,73.72565,107.03,25.0,1.7,723.9,50.7,663.1,784.7,14.5,216.5,8.0,6.0,4.0,72.0,6.0,4.0,0.0,25.0,29.5,21.0,2.57,0.23442231725949222,26.98,21.73,31.37,18.38,35.77,4.58,MODERATE,Orographic Sahyadri Elevation Gradient,Manual demo override,MANUAL_OVERRIDE,,2026-09-09,,,,NOT_REQUESTED,28.0,19.5,70.8
MH_487_550563,Rasegaon,Rasegaon,Dindori,Nashik,20.15741,73.7578,109.35,18.92,0.9,702.4,49.2,643.4,761.4,14.5,217.8,8.0,6.0,4.0,72.0,6.0,4.0,0.0,25.0,29.5,21.0,2.57,0.48811416618043674,27.34,21.92,32.06,16.6,35.85,4.76,MODERATE,Orographic Sahyadri Elevation Gradient,Manual demo override,MANUAL_OVERRIDE,,2026-09-09,,,,NOT_REQUESTED,28.2,19.7,70.9
MH_487_550551,Jambutake,Jambutake,Dindori,Nashik,20.19006,73.75947,110.26,22.47,0.9,702.9,49.2,643.8,761.9,14.5,217.9,8.0,6.0,4.0,72.0,6.0,4.0,0.0,25.0,29.5,21.0,2.57,0.4337743658231936,27.29,22.73,32.02,17.65,35.79,4.7,MODERATE,Orographic Sahyadri Elevation Gradient,Manual demo override,MANUAL_OVERRIDE,,2026-09-09,,,,NOT_REQUESTED,28.2,19.7,70.9
MH_487_550647,Pade,Pade,Dindori,Nashik,20.23377,73.8063,115.5,27.16,-0.1,559.2,39.1,512.3,606.2,3.2,219.9,8.0,6.0,4.0,72.0,6.0,4.0,0.0,25.0,29.5,21.0,3.66,0.5178479884913986,28.62,24.1,33.55,19.23,37.12,4.58,MODERATE,Horticultural Orchard Microclimate,Manual demo override,MANUAL_OVERRIDE,,2026-09-09,,,,NOT_REQUESTED,29.1,20.6,71.4
MH_487_550549,Kadawa Mhalungi,Kadawa Mhalungi,Dindori,Nashik,20.25365,73.81315,116.3,29.42,-0.3,558.4,39.1,511.5,605.3,3.2,220.2,8.0,6.0,4.0,72.0,6.0,4.0,0.0,25.0,29.5,21.0,3.66,0.467906288299787,28.53,23.57,33.07,18.5,36.85,4.72,MODERATE,Horticultural Orchard Microclimate,Manual demo override,MANUAL_OVERRIDE,,2026-09-09,,,,NOT_REQUESTED,29.4,20.9,71.4
MH_487_550545,Waghad,Waghad,Dindori,Nashik,20.2413,73.72355,106.9,28.79,1.7,726.7,50.9,665.6,787.8,14.5,216.4,8.0,6.0,4.0,72.0,6.0,4.0,0.0,25.0,29.5,21.0,3.66,0.14630914825708138,28.23,23.06,33.28,19.15,37.44,4.73,MODERATE,Orographic Sahyadri Elevation Gradient,Manual demo override,MANUAL_OVERRIDE,,2026-09-09,,,,NOT_REQUESTED,28.0,19.5,71.3
MH_487_550615,Nigdol,Nigdol,Dindori,Nashik,20.25446,73.75421,110.16,29.64,1.0,708.9,49.6,649.4,768.4,14.5,217.7,8.0,6.0,4.0,72.0,6.0,4.0,0.0,25.0,29.5,21.0,3.66,0.25835370943542096,28.19,22.97,32.72,18.46,36.63,4.72,MODERATE,Orographic Sahyadri Elevation Gradient,Manual demo override,MANUAL_OVERRIDE,,2026-09-09,,,,NOT_REQUESTED,28.4,19.9,71.3
MH_487_550546,Umrale Kh,Umrale Kh,Dindori,Nashik,20.25383,73.78243,113.1,29.35,0.4,692.0,48.4,633.9,750.0,14.5,218.9,8.0,6.0,4.0,72.0,6.0,4.0,0.0,25.0,29.5,21.0,3.66,0.37280340428128933,28.31,23.51,32.59,19.08,36.62,4.58,MODERATE,Orographic Sahyadri Elevation Gradient,Manual demo override,MANUAL_OVERRIDE,,2026-09-09,,,,NOT_REQUESTED,28.6,20.1,71.3
MH_487_550550,Hatnore,Hatnore,Dindori,Nashik,20.22449,73.77064,111.75,26.15,0.7,697.7,48.8,639.2,756.3,14.5,218.4,8.0,6.0,4.0,72.0,6.0,4.0,0.0,25.0,29.5,21.0,3.66,0.40633719811504454,28.26,23.4,33.0,19.18,36.25,4.48,MODERATE,Orographic Sahyadri Elevation Gradient,Manual demo override,MANUAL_OVERRIDE,,2026-09-09,,,,NOT_REQUESTED,28.2,19.7,71.3
MH_487_550641,Valkhed,Valkhed,Dindori,Nashik,20.23175,73.83465,118.45,27.28,-0.8,555.8,38.9,509.2,602.5,3.2,221.1,8.0,6.0,4.0,72.0,6.0,4.0,0.0,25.0,29.5,21.0,1.03,0.5890357381331305,25.88,21.21,30.36,16.37,33.88,4.58,MODERATE,Horticultural Orchard Microclimate,Manual demo override,MANUAL_OVERRIDE,,2026-09-09,,,,NOT_REQUESTED,29.1,20.6,70.4
MH_487_550648,Nilwandi,Nilwandi,Dindori,Nashik,20.21057,73.79945,114.74,24.55,0.0,679.8,47.6,622.7,736.9,14.5,219.6,8.0,6.0,4.0,72.0,6.0,4.0,0.0,25.0,29.5,21.0,2.57,0.5639971740530569,27.6,22.71,32.78,17.8,35.66,4.71,MODERATE,Orographic Sahyadri Elevation Gradient,Manual demo override,MANUAL_OVERRIDE,,2026-09-09,,,,NOT_REQUESTED,28.3,19.8,71.0
MH_487_550658,Madakijamb,Madakijamb,Dindori,Nashik,20.18619,73.79967,114.27,21.84,0.0,678.6,47.5,621.6,735.6,14.5,219.6,8.0,6.0,4.0,72.0,6.0,4.0,0.0,25.0,29.5,21.0,2.57,0.6112604894430039,27.61,23.36,32.31,17.99,36.0,4.55,MODERATE,Orographic Sahyadri Elevation Gradient,Manual demo override,MANUAL_OVERRIDE,,2026-09-09,,,,NOT_REQUESTED,28.3,19.8,71.0
MH_487_550659,Indore,Indore,Dindori,Nashik,20.1589,73.79375,113.07,18.79,0.1,680.9,47.7,623.7,738.1,14.5,219.3,8.0,6.0,4.0,72.0,6.0,4.0,0.0,25.0,29.5,21.0,2.57,0.6197659830372418,27.49,21.84,31.94,17.86,36.59,4.67,MODERATE,Orographic Sahyadri Elevation Gradient,Manual demo override,MANUAL_OVERRIDE,,2026-09-09,,,,NOT_REQUESTED,28.3,19.8,71.0
MH_487_550657,Wanarwadi,Wanarwadi,Dindori,Nashik,20.17551,73.82769,116.9,21.0,-0.6,556.7,39.0,509.9,603.5,3.2,220.8,8.0,6.0,4.0,72.0,6.0,4.0,0.0,25.0,29.5,21.0,1.03,0.6977883065281222,26.12,21.49,30.93,16.63,34.76,4.64,MODERATE,Horticultural Orchard Microclimate,Manual demo override,MANUAL_OVERRIDE,,2026-09-09,,,,NOT_REQUESTED,29.1,20.6,70.4
MH_487_550533,Shiwarpada,Shiwarpada,Dindori,Nashik,20.32895,73.65813,100.97,40.12,3.2,769.9,53.9,705.2,834.6,14.5,213.6,8.0,6.0,4.0,72.0,6.0,4.0,0.0,25.0,29.5,21.0,3.31,-0.29394607883968327,27.35,22.42,32.45,18.08,36.63,4.72,MODERATE,Orographic Sahyadri Elevation Gradient,Manual demo override,MANUAL_OVERRIDE,,2026-09-09,,,,NOT_REQUESTED,28.0,19.5,70.9
MH_487_276276,Dindori,Dindori,Central,Nashik,20.19592,73.84621,119.25,23.64,-1.0,554.5,38.8,507.9,601.0,3.2,221.5,12.0,14.0,10.0,58.0,4.0,2.0,0.0,25.0,29.5,21.0,2.63,0.7039980583066135,27.74,23.05,32.05,17.87,36.06,4.68,MODERATE,Rain-Shadow Plateau Topography,Manual demo override,MANUAL_OVERRIDE,,2026-09-09,,,,NOT_REQUESTED,29.1,20.6,71.1
MH_487_550544,Shreeramnagar,Shreeramnagar,Dindori,Nashik,20.24953,73.69682,104.15,30.45,2.3,743.1,52.0,680.7,805.5,14.5,215.3,8.0,6.0,4.0,72.0,6.0,4.0,0.0,25.0,29.5,21.0,3.66,-0.0064248586894208115,27.91,22.65,33.12,18.71,36.87,4.8,MODERATE,Orographic Sahyadri Elevation Gradient,Manual demo override,MANUAL_OVERRIDE,,2026-09-09,,,,NOT_REQUESTED,28.2,19.7,71.2
MH_487_550594,Vanare,Vanare,Dindori,Nashik,20.37108,73.69167,105.16,43.6,2.4,751.7,52.6,688.6,814.8,14.5,215.1,8.0,6.0,4.0,72.0,6.0,4.0,0.0,25.0,29.5,21.0,3.3,-0.16626166271821147,27.48,22.25,33.34,17.44,36.84,4.84,MODERATE,Orographic Sahyadri Elevation Gradient,Manual demo override,MANUAL_OVERRIDE,,2026-09-09,,,,NOT_REQUESTED,28.2,19.7,71.0
MH_487_550528,Charose,Charose,Dindori,Nashik,20.34449,73.67976,103.45,41.06,2.7,757.6,53.0,694.0,821.2,14.5,214.5,8.0,6.0,4.0,72.0,6.0,4.0,0.0,25.0,29.5,21.0,3.31,-0.2033563883798927,27.56,21.84,32.6,18.48,36.49,4.76,MODERATE,Orographic Sahyadri Elevation Gradient,Manual demo override,MANUAL_OVERRIDE,,2026-09-09,,,,NOT_REQUESTED,28.1,19.6,71.0
MH_487_550526,Ambad,Ambad,Dindori,Nashik,20.36536,73.65148,100.93,44.17,3.3,775.6,54.3,710.4,840.7,14.5,213.4,8.0,6.0,4.0,72.0,6.0,4.0,0.0,25.0,29.5,21.0,3.31,-0.3221379110141825,27.38,22.96,32.4,17.49,36.04,4.77,MODERATE,Orographic Sahyadri Elevation Gradient,Manual demo override,MANUAL_OVERRIDE,,2026-09-09,,,,NOT_REQUESTED,28.0,19.5,71.0
MH_487_550529,Badagichapada,Badagichapada,Dindori,Nashik,20.33851,73.64213,99.47,41.71,30.0,780.0,54.6,714.4,845.5,14.5,213.0,8.0,6.0,4.0,72.0,6.0,4.0,0.0,25.0,29.5,21.0,3.31,-0.3691022648959813,27.22,22.27,32.35,17.74,36.09,4.7,MODERATE,Orographic Sahyadri Elevation Gradient,Manual demo override,MANUAL_OVERRIDE,,2026-09-09,,,,NOT_REQUESTED,27.9,19.4,70.9
MH_487_550532,Kaudasar,Kaudasar,Dindori,Nashik,20.30905,73.6409,98.9,38.74,30.3,779.4,54.6,713.8,844.9,14.5,212.9,8.0,6.0,4.0,72.0,6.0,4.0,0.0,25.0,29.5,21.0,3.31,-0.3724575945097294,27.3,22.75,31.68,17.28,35.96,4.62,MODERATE,Orographic Sahyadri Elevation Gradient,Manual demo override,MANUAL_OVERRIDE,,2026-09-09,,,,NOT_REQUESTED,27.9,19.4,70.9
MH_487_550599,Devapur,Devapur,Dindori,Nashik,20.34927,73.73135,108.85,40.42,1.5,726.9,50.9,665.8,788.0,14.5,216.7,8.0,6.0,4.0,72.0,6.0,4.0,0.0,25.0,29.5,21.0,3.3,-0.008708818311384274,27.76,22.83,32.5,18.28,37.2,4.72,MODERATE,Orographic Sahyadri Elevation Gradient,Manual demo override,MANUAL_OVERRIDE,,2026-09-09,,,,NOT_REQUESTED,28.3,19.8,71.1
MH_487_550540,Mahaje,Mahaje,Dindori,Nashik,20.28981,73.62595,97.12,37.48,32.8,787.5,55.1,721.4,853.6,14.5,212.3,8.0,6.0,4.0,72.0,6.0,4.0,0.0,25.0,29.5,21.0,3.31,-0.44426809876025974,27.09,21.68,31.95,16.65,36.53,4.9,MODERATE,Orographic Sahyadri Elevation Gradient,Manual demo override,MANUAL_OVERRIDE,,2026-09-09,,,,NOT_REQUESTED,27.9,19.4,70.8
MH_487_550539,Sadrale,Sadrale,Dindori,Nashik,20.28985,73.67049,101.74,35.6,2.9,760.7,53.3,696.8,824.7,14.5,214.2,8.0,6.0,4.0,72.0,6.0,4.0,0.0,25.0,29.5,21.0,3.31,-0.20578611268824712,27.4,21.79,31.81,17.3,35.74,4.56,MODERATE,Orographic Sahyadri Elevation Gradient,Manual demo override,MANUAL_OVERRIDE,,2026-09-09,,,,NOT_REQUESTED,28.1,19.6,71.0
MH_487_550534,Vani Kh,Vani Kh,Dindori,Nashik,20.32125,73.68085,103.2,38.55,2.7,755.9,52.9,692.5,819.4,14.5,214.6,8.0,6.0,4.0,72.0,6.0,4.0,0.0,25.0,29.5,21.0,3.31,-0.18471893786318946,27.38,22.53,32.76,17.48,35.81,4.81,MODERATE,Orographic Sahyadri Elevation Gradient,Manual demo override,MANUAL_OVERRIDE,,2026-09-09,,,,NOT_REQUESTED,28.1,19.6,71.0
MH_487_550536,Joran,Joran,Dindori,Nashik,20.31584,73.70104,105.22,37.4,2.2,743.6,52.1,681.1,806.1,14.5,215.4,8.0,6.0,4.0,72.0,6.0,4.0,0.0,25.0,29.5,21.0,3.3,-0.08899710952132893,27.52,23.03,31.99,18.28,36.49,4.58,MODERATE,Orographic Sahyadri Elevation Gradient,Manual demo override,MANUAL_OVERRIDE,,2026-09-09,,,,NOT_REQUESTED,28.2,19.7,71.0
MH_487_550537,Joranpada,Joranpada,Dindori,Nashik,20.28868,73.69148,103.91,34.77,2.4,748.1,52.4,685.2,811.0,14.5,215.0,8.0,6.0,4.0,72.0,6.0,4.0,0.0,25.0,29.5,21.0,3.3,-0.09903659968535,27.53,21.81,32.06,18.23,35.5,4.53,MODERATE,Orographic Sahyadri Elevation Gradient,Manual demo override,MANUAL_OVERRIDE,,2026-09-09,,,,NOT_REQUESTED,28.2,19.7,71.0
MH_487_549766,Modhalpada,Modhalpada,Surgana,Nashik,20.41064,73.49349,86.0,52.47,45.0,872.4,61.1,799.1,945.7,14.5,206.7,52.0,18.0,8.0,16.0,2.0,4.0,0.0,25.0,29.5,21.0,1.73,-0.768070493720504,25.51,21.34,30.2,16.26,33.83,4.63,MODERATE,Orographic Sahyadri Elevation Gradient,Manual demo override,MANUAL_OVERRIDE,,2026-09-09,,,,NOT_REQUESTED,27.1,18.6,70.2
MH_487_550538,Thepanwadi,Thepanwadi,Dindori,Nashik,20.27979,73.70774,105.51,33.35,2.1,737.9,51.7,675.9,800.0,14.5,215.7,8.0,6.0,4.0,72.0,6.0,4.0,0.0,25.0,29.5,21.0,3.3,-0.0066120899539517655,27.57,23.18,31.9,18.23,36.17,4.67,MODERATE,Orographic Sahyadri Elevation Gradient,Manual demo override,MANUAL_OVERRIDE,,2026-09-09,,,,NOT_REQUESTED,28.3,19.8,71.0
MH_487_550535,Pimpalgaon Dhum,Pimpalgaon Dhum,Dindori,Nashik,20.32556,73.72329,107.65,37.96,1.7,730.7,51.1,669.4,792.0,14.5,216.4,8.0,6.0,4.0,72.0,6.0,4.0,0.0,25.0,29.5,21.0,3.3,-0.008637548199947477,27.62,23.34,32.57,18.16,35.84,4.53,MODERATE,Orographic Sahyadri Elevation Gradient,Manual demo override,MANUAL_OVERRIDE,,2026-09-09,,,,NOT_REQUESTED,28.3,19.8,71.0
MH_487_550600,Bandharpada,Bandharpada,Dindori,Nashik,20.37274,73.76379,112.6,42.65,0.8,708.5,49.6,649.0,768.0,14.5,218.1,8.0,6.0,4.0,72.0,6.0,4.0,0.0,25.0,29.5,21.0,3.3,0.060016703487639884,27.84,23.08,32.58,17.11,36.44,4.72,MODERATE,Orographic Sahyadri Elevation Gradient,Manual demo override,MANUAL_OVERRIDE,,2026-09-09,,,,NOT_REQUESTED,28.4,19.9,71.1
MH_487_549767,Khiramani,Khiramani,Surgana,Nashik,20.40898,73.50823,87.43,52.2,44.9,863.5,60.4,791.0,935.9,14.5,207.3,52.0,18.0,8.0,16.0,2.0,4.0,0.0,25.0,29.5,21.0,1.73,-0.7424995943636729,25.38,20.18,30.46,15.56,33.05,4.52,MODERATE,Orographic Sahyadri Elevation Gradient,Manual demo override,MANUAL_OVERRIDE,,2026-09-09,,,,NOT_REQUESTED,27.2,18.7,70.2
MH_487_550598,Deothan,Deothan,Dindori,Nashik,20.34726,73.72869,108.54,40.24,1.6,728.4,51.0,667.2,789.6,14.5,216.6,8.0,6.0,4.0,72.0,6.0,4.0,0.0,25.0,29.5,21.0,3.3,-0.015634488653225375,27.39,22.37,32.78,17.57,37.15,4.99,MODERATE,Orographic Sahyadri Elevation Gradient,Manual demo override,MANUAL_OVERRIDE,,2026-09-09,,,,NOT_REQUESTED,28.3,19.8,71.0
MH_487_550605,Phopshi,Phopshi,Dindori,Nashik,20.33235,73.84913,120.77,38.57,-1.1,554.1,38.8,507.5,600.7,3.2,221.7,8.0,6.0,4.0,72.0,6.0,4.0,0.0,25.0,29.5,21.0,2.22,0.2943611197089185,26.84,22.55,32.25,17.07,35.45,4.66,MODERATE,Horticultural Orchard Microclimate,Manual demo override,MANUAL_OVERRIDE,,2026-09-09,,,,NOT_REQUESTED,29.4,20.9,70.7
MH_487_550597,Deothanpada,Deothanpada,Dindori,Nashik,20.35878,73.72413,108.27,41.58,1.7,731.7,51.2,670.2,793.1,14.5,216.4,8.0,6.0,4.0,72.0,6.0,4.0,0.0,25.0,29.5,21.0,3.3,-0.043506345545013786,27.4,22.34,32.17,17.61,36.04,4.68,MODERATE,Orographic Sahyadri Elevation Gradient,Manual demo override,MANUAL_OVERRIDE,,2026-09-09,,,,NOT_REQUESTED,28.3,19.8,71.0
MH_487_550613,Nalwadpada,Nalwadpada,Dindori,Nashik,20.29447,73.73826,108.82,34.28,1.4,720.3,50.4,659.8,780.8,14.5,217.0,8.0,6.0,4.0,72.0,6.0,4.0,0.0,25.0,29.5,21.0,3.3,0.10236331725843739,27.84,23.34,32.87,18.77,36.42,4.67,MODERATE,Orographic Sahyadri Elevation Gradient,Manual demo override,MANUAL_OVERRIDE,,2026-09-09,,,,NOT_REQUESTED,28.4,19.9,71.1
MH_487_550527,Devalipada,Devalipada,Dindori,Nashik,20.35932,73.65496,101.17,43.42,3.3,773.2,54.1,708.3,838.1,14.5,213.5,8.0,6.0,4.0,72.0,6.0,4.0,0.0,25.0,29.5,21.0,3.31,-0.3092886510426222,27.12,22.92,31.5,16.7,35.75,4.69,MODERATE,Orographic Sahyadri Elevation Gradient,Manual demo override,MANUAL_OVERRIDE,,2026-09-09,,,,NOT_REQUESTED,28.0,19.5,70.8
MH_487_550531,Chelharpada,Chelharpada,Dindori,Nashik,20.32007,73.62976,97.9,40.33,32.1,786.5,55.1,720.4,852.7,14.5,212.5,8.0,6.0,4.0,72.0,6.0,4.0,0.0,25.0,29.5,21.0,3.31,-0.43069003789776844,27.31,23.18,31.74,16.67,36.4,4.68,MODERATE,Orographic Sahyadri Elevation Gradient,Manual demo override,MANUAL_OVERRIDE,,2026-09-09,,,,NOT_REQUESTED,27.9,19.4,70.9
MH_487_550612,Kokangaon Kh,Kokangaon Kh,Dindori,Nashik,20.33398,73.75341,110.89,38.44,1.0,713.0,49.9,653.1,772.9,14.5,217.6,8.0,6.0,4.0,72.0,6.0,4.0,0.0,25.0,29.5,21.0,3.3,0.08683260413657122,27.85,22.87,32.89,18.38,36.47,4.72,MODERATE,Orographic Sahyadri Elevation Gradient,Manual demo override,MANUAL_OVERRIDE,,2026-09-09,,,,NOT_REQUESTED,28.4,19.9,71.1
MH_487_550601,Koshimbe,Koshimbe,Dindori,Nashik,20.37545,73.77709,114.02,42.88,0.5,700.6,49.0,641.8,759.4,14.5,218.6,8.0,6.0,4.0,72.0,6.0,4.0,0.0,25.0,29.5,21.0,3.3,0.08907906053812843,27.66,22.49,32.63,17.84,36.15,4.6,MODERATE,Orographic Sahyadri Elevation Gradient,Manual demo override,MANUAL_OVERRIDE,,2026-09-09,,,,NOT_REQUESTED,28.5,20.0,71.1
MH_487_550614,Nalwadi,Nalwadi,Dindori,Nashik,20.28595,73.76827,111.86,32.99,0.7,701.9,49.1,643.0,760.8,14.5,218.3,8.0,6.0,4.0,72.0,6.0,4.0,0.0,25.0,29.5,21.0,3.66,0.23577095261712325,28.22,22.32,32.97,18.56,36.48,4.81,MODERATE,Orographic Sahyadri Elevation Gradient,Manual demo override,MANUAL_OVERRIDE,,2026-09-09,,,,NOT_REQUESTED,28.5,20.0,71.3
MH_487_550602,Dahivi,Dahivi,Dindori,Nashik,20.35111,73.79144,115.08,40.15,0.2,690.9,48.4,632.9,749.0,14.5,219.2,8.0,6.0,4.0,72.0,6.0,4.0,0.0,25.0,29.5,21.0,3.3,0.161635269369097,27.71,23.05,32.1,18.11,35.66,4.71,MODERATE,Orographic Sahyadri Elevation Gradient,Manual demo override,MANUAL_OVERRIDE,,2026-09-09,,,,NOT_REQUESTED,28.6,20.1,71.1
MH_487_550611,Pimparkhed,Pimparkhed,Dindori,Nashik,20.32477,73.77432,112.92,37.26,0.6,700.0,49.0,641.2,758.8,14.5,218.5,8.0,6.0,4.0,72.0,6.0,4.0,0.0,25.0,29.5,21.0,3.3,0.1683204490686606,27.61,23.02,32.72,17.24,36.46,4.76,MODERATE,Orographic Sahyadri Elevation Gradient,Manual demo override,MANUAL_OVERRIDE,,2026-09-09,,,,NOT_REQUESTED,28.5,20.0,71.0
MH_487_550610,Khedale,Khedale,Dindori,Nashik,20.3203,73.80047,115.57,36.74,-0.0,559.9,39.2,512.9,607.0,3.2,219.6,8.0,6.0,4.0,72.0,6.0,4.0,0.0,25.0,29.5,21.0,3.31,0.24615721243475192,27.84,22.72,32.29,17.69,35.79,4.69,MODERATE,Horticultural Orchard Microclimate,Manual demo override,MANUAL_OVERRIDE,,2026-09-09,,,,NOT_REQUESTED,29.4,20.9,71.1
MH_487_550604,Malegaon,Malegaon,Dindori,Nashik,20.34263,73.82197,118.1,39.35,-0.5,557.4,39.0,510.6,604.2,3.2,220.5,8.0,6.0,4.0,72.0,6.0,4.0,0.0,25.0,29.5,21.0,0.68,0.23770842637811135,25.28,20.44,30.1,15.73,33.48,4.67,MODERATE,Horticultural Orchard Microclimate,Manual demo override,MANUAL_OVERRIDE,,2026-09-09,,,,NOT_REQUESTED,29.4,20.9,70.1
MH_487_550621,Punegaon,Punegaon,Dindori,Nashik,20.35854,73.83223,119.4,41.22,-0.7,556.1,38.9,509.5,602.8,3.2,221.0,8.0,6.0,4.0,72.0,6.0,4.0,0.0,25.0,29.5,21.0,0.68,0.2202746966817305,25.19,20.74,29.57,15.61,33.34,4.53,MODERATE,Horticultural Orchard Microclimate,Manual demo override,MANUAL_OVERRIDE,,2026-09-09,,,,NOT_REQUESTED,29.4,20.9,70.1
MH_487_550609,Karanjwan,Karanjwan,Dindori,Nashik,20.30754,73.80882,116.29,35.36,-0.2,558.9,39.1,512.0,605.9,3.2,220.0,8.0,6.0,4.0,72.0,6.0,4.0,0.0,25.0,29.5,21.0,3.31,0.2958062838255877,27.88,22.91,32.54,18.07,36.65,4.68,MODERATE,Horticultural Orchard Microclimate,Manual demo override,MANUAL_OVERRIDE,,2026-09-09,,,,NOT_REQUESTED,29.4,20.9,71.2
MH_487_550547,Oze,Oze,Dindori,Nashik,20.27866,73.79648,114.73,32.1,0.1,684.7,47.9,627.2,742.1,14.5,219.5,8.0,6.0,4.0,72.0,6.0,4.0,0.0,25.0,29.5,21.0,3.66,0.3451386845223869,28.48,23.54,32.86,18.84,37.54,4.65,MODERATE,Orographic Sahyadri Elevation Gradient,Manual demo override,MANUAL_OVERRIDE,,2026-09-09,,,,NOT_REQUESTED,28.6,20.1,71.4
MH_487_550548,Mheluske,Mheluske,Dindori,Nashik,20.27235,73.81842,116.96,31.54,-0.4,557.8,39.0,511.0,604.6,3.2,220.4,8.0,6.0,4.0,72.0,6.0,4.0,0.0,25.0,29.5,21.0,1.03,0.4170121385976812,25.94,21.51,30.6,16.36,34.02,4.63,MODERATE,Horticultural Orchard Microclimate,Manual demo override,MANUAL_OVERRIDE,,2026-09-09,,,,NOT_REQUESTED,29.4,20.9,70.4
MH_487_550607,Dahegaon,Dahegaon,Dindori,Nashik,20.30714,73.84306,119.84,35.7,-1.0,554.8,38.8,508.3,601.4,3.2,221.4,8.0,6.0,4.0,72.0,6.0,4.0,0.0,25.0,29.5,21.0,2.22,0.35017468575781285,26.95,22.24,32.2,17.07,35.25,4.69,MODERATE,Horticultural Orchard Microclimate,Manual demo override,MANUAL_OVERRIDE,,2026-09-09,,,,NOT_REQUESTED,29.4,20.9,70.8
MH_487_550608,Lakhamapur,Lakhamapur,Dindori,Nashik,20.27794,73.84532,119.8,32.53,-1.0,554.6,38.8,508.0,601.1,3.2,221.5,8.0,6.0,4.0,72.0,6.0,4.0,0.0,25.0,29.5,21.0,2.57,0.43540049891908783,27.38,22.39,32.15,17.7,35.97,4.7,MODERATE,Horticultural Orchard Microclimate,Manual demo override,MANUAL_OVERRIDE,,2026-09-09,,,,NOT_REQUESTED,29.4,20.9,71.0
MH_487_549758,Khobale Digar,Khobale Digar,Surgana,Nashik,20.40174,73.40711,77.08,52.92,37.9,923.8,64.7,846.2,1001.5,14.5,203.1,52.0,18.0,8.0,16.0,2.0,4.0,0.0,25.0,29.5,21.0,1.47,-0.8627818178741076,24.89,20.51,29.14,15.2,32.13,4.4,MODERATE,Orographic Sahyadri Elevation Gradient,Manual demo override,MANUAL_OVERRIDE,,2026-09-09,,,,NOT_REQUESTED,27.1,18.6,70.0
MH_487_549761,Khirdi,Khirdi,Surgana,Nashik,20.3875,73.41816,77.75,51.11,39.4,916.5,64.2,839.5,993.6,14.5,203.6,52.0,18.0,8.0,16.0,2.0,4.0,0.0,25.0,29.5,21.0,1.47,-0.8844983336501343,24.86,20.23,30.07,15.55,32.69,4.53,MODERATE,Orographic Sahyadri Elevation Gradient,Manual demo override,MANUAL_OVERRIDE,,2026-09-09,,,,NOT_REQUESTED,27.1,18.6,69.9
MH_487_549757,Bhenshet,Bhenshet,Surgana,Nashik,20.41144,73.43827,80.5,53.29,41.7,905.6,63.4,829.5,981.6,14.5,204.4,52.0,18.0,8.0,16.0,2.0,4.0,0.0,25.0,29.5,21.0,1.55,-0.8349042569077875,24.95,20.57,29.73,16.19,33.15,4.47,MODERATE,Orographic Sahyadri Elevation Gradient,Manual demo override,MANUAL_OVERRIDE,,2026-09-09,,,,NOT_REQUESTED,27.2,18.7,70.0
MH_487_549756,Kelavan,Kelavan,Surgana,Nashik,20.42015,73.44744,81.7,54.08,42.6,900.4,63.0,824.8,976.0,14.5,204.8,52.0,18.0,8.0,16.0,2.0,4.0,0.0,25.0,29.5,21.0,1.55,-0.8111283540887249,25.13,20.86,29.49,15.84,33.26,4.47,MODERATE,Orographic Sahyadri Elevation Gradient,Manual demo override,MANUAL_OVERRIDE,,2026-09-09,,,,NOT_REQUESTED,27.3,18.8,70.1
MH_487_549754,Undohal,Undohal,Surgana,Nashik,20.43303,73.43732,81.13,55.67,41.6,907.1,63.5,830.9,983.3,14.5,204.4,52.0,18.0,8.0,16.0,2.0,4.0,0.0,25.0,29.5,21.0,1.55,-0.7969923070692646,25.31,21.2,30.67,16.41,33.99,4.55,MODERATE,Orographic Sahyadri Elevation Gradient,Manual demo override,MANUAL_OVERRIDE,,2026-09-09,,,,NOT_REQUESTED,27.2,18.7,70.1
MH_487_549753,Sarmal,Sarmal,Surgana,Nashik,20.44803,73.44058,82.0,57.26,41.9,905.8,63.4,829.7,981.9,14.5,204.5,52.0,18.0,8.0,16.0,2.0,4.0,0.0,25.0,29.5,21.0,1.55,-0.7683133597903045,25.23,20.03,30.3,15.27,33.47,4.6,MODERATE,Orographic Sahyadri Elevation Gradient,Manual demo override,MANUAL_OVERRIDE,,2026-09-09,,,,NOT_REQUESTED,27.2,18.7,70.1
MH_487_549752,Mandve,Mandve,Surgana,Nashik,20.45644,73.44539,82.79,58.1,42.4,903.3,63.2,827.5,979.1,14.5,204.7,52.0,18.0,8.0,16.0,2.0,4.0,0.0,25.0,29.5,21.0,1.55,-0.7489943466788574,24.79,18.13,29.39,15.65,33.61,4.68,MODERATE,Orographic Sahyadri Elevation Gradient,Manual demo override,MANUAL_OVERRIDE,,2026-09-09,,,,NOT_REQUESTED,27.2,18.7,69.9
MH_487_549724,Karanjul,Karanjul,Surgana,Nashik,20.46976,73.45435,84.18,59.43,43.2,898.5,62.9,823.0,974.0,14.5,205.1,52.0,18.0,8.0,16.0,2.0,4.0,0.0,25.0,29.5,21.0,1.55,-0.7157870093343398,25.3,20.11,30.37,15.16,33.54,4.59,MODERATE,Orographic Sahyadri Elevation Gradient,Manual demo override,MANUAL_OVERRIDE,,2026-09-09,,,,NOT_REQUESTED,27.3,18.8,70.1
MH_487_549723,Rakshasbhuvan,Rakshasbhuvan,Surgana,Nashik,20.48961,73.467,86.21,61.47,44.0,891.8,62.4,817.0,966.7,14.5,205.6,52.0,18.0,8.0,16.0,2.0,4.0,0.0,25.0,29.5,21.0,1.82,-0.6657241698914187,25.48,21.14,29.96,15.77,33.73,4.5,MODERATE,Orographic Sahyadri Elevation Gradient,Manual demo override,MANUAL_OVERRIDE,,2026-09-09,,,,NOT_REQUESTED,27.3,18.8,70.2
MH_487_549751,Ambode,Ambode,Surgana,Nashik,20.4421,73.46641,84.33,56.22,44.0,890.0,62.3,815.3,964.8,14.5,205.6,52.0,18.0,8.0,16.0,2.0,4.0,0.0,25.0,29.5,21.0,1.55,-0.7467853207699411,25.2,21.16,30.75,15.61,33.65,4.58,MODERATE,Orographic Sahyadri Elevation Gradient,Manual demo override,MANUAL_OVERRIDE,,2026-09-09,,,,NOT_REQUESTED,27.3,18.8,70.1
MH_487_549763,Zagadpada,Zagadpada,Surgana,Nashik,20.42323,73.47208,84.25,54.07,44.3,885.8,62.0,811.4,960.2,14.5,205.8,52.0,18.0,8.0,16.0,2.0,4.0,0.0,25.0,29.5,21.0,1.55,-0.7757806488833294,25.22,20.89,29.96,15.36,33.43,4.56,MODERATE,Orographic Sahyadri Elevation Gradient,Manual demo override,MANUAL_OVERRIDE,,2026-09-09,,,,NOT_REQUESTED,27.3,18.8,70.1
MH_487_549762,Khokarvihir,Khokarvihir,Surgana,Nashik,20.39964,73.46621,82.93,51.54,44.0,888.3,62.2,813.6,962.9,14.5,205.6,52.0,18.0,8.0,16.0,2.0,4.0,0.0,25.0,29.5,21.0,1.55,-0.8332674083583513,25.0,20.12,29.52,16.01,33.54,4.57,MODERATE,Orographic Sahyadri Elevation Gradient,Manual demo override,MANUAL_OVERRIDE,,2026-09-09,,,,NOT_REQUESTED,27.3,18.8,70.0
MH_487_549764,Ambupada,Ambupada,Surgana,Nashik,20.42455,73.48713,85.8,54.07,44.9,876.8,61.4,803.1,950.5,14.5,206.5,52.0,18.0,8.0,16.0,2.0,4.0,0.0,25.0,29.5,21.0,1.82,-0.7491222305653972,25.2,19.11,30.68,15.26,33.11,4.86,MODERATE,Orographic Sahyadri Elevation Gradient,Manual demo override,MANUAL_OVERRIDE,,2026-09-09,,,,NOT_REQUESTED,27.2,18.7,70.1
MH_487_549750,Bedse,Bedse,Surgana,Nashik,20.43679,73.48737,86.22,55.42,44.9,877.2,61.4,803.6,950.9,14.5,206.5,52.0,18.0,8.0,16.0,2.0,4.0,0.0,25.0,29.5,21.0,1.82,-0.7233933986269029,25.53,20.83,30.12,15.77,33.7,4.65,MODERATE,Orographic Sahyadri Elevation Gradient,Manual demo override,MANUAL_OVERRIDE,,2026-09-09,,,,NOT_REQUESTED,27.2,18.7,70.2
MH_487_549768,Kalmane,Kalmane,Surgana,Nashik,20.40498,73.52144,88.65,51.71,44.6,855.4,59.9,783.5,927.2,14.5,207.9,52.0,18.0,8.0,16.0,2.0,4.0,0.0,25.0,29.5,21.0,1.73,-0.7212880923323388,25.41,21.15,30.75,15.01,33.48,4.71,MODERATE,Orographic Sahyadri Elevation Gradient,Manual demo override,MANUAL_OVERRIDE,,2026-09-09,,,,NOT_REQUESTED,27.5,19.0,70.2
MH_487_549772,Sayalpada,Sayalpada,Surgana,Nashik,20.40869,73.5425,90.87,52.13,43.4,842.9,59.0,772.1,913.7,14.5,208.8,52.0,18.0,8.0,16.0,2.0,4.0,0.0,25.0,29.5,21.0,1.75,-0.657555335128123,25.45,20.84,31.61,14.69,34.67,4.98,MODERATE,Orographic Sahyadri Elevation Gradient,Manual demo override,MANUAL_OVERRIDE,,2026-09-09,,,,NOT_REQUESTED,27.5,19.0,70.2
MH_487_549771,Bhegu,Bhegu,Surgana,Nashik,20.41684,73.53368,90.22,53.02,44.0,848.6,59.4,777.3,919.8,14.5,208.4,52.0,18.0,8.0,16.0,2.0,4.0,0.0,25.0,29.5,21.0,1.75,-0.6640514019755965,25.4,20.87,30.41,15.79,33.48,4.64,MODERATE,Orographic Sahyadri Elevation Gradient,Manual demo override,MANUAL_OVERRIDE,,2026-09-09,,,,NOT_REQUESTED,27.5,19.0,70.2
MH_487_549765,Kotamba,Kotamba,Surgana,Nashik,20.42426,73.50726,87.8,53.9,45.0,864.7,60.5,792.1,937.3,14.5,207.3,52.0,18.0,8.0,16.0,2.0,4.0,0.0,25.0,29.5,21.0,1.73,-0.7107798527364994,25.29,20.11,29.66,15.04,33.51,4.82,MODERATE,Orographic Sahyadri Elevation Gradient,Manual demo override,MANUAL_OVERRIDE,,2026-09-09,,,,NOT_REQUESTED,27.2,18.7,70.1
MH_487_549725,Amdabarhe,Amdabarhe,Surgana,Nashik,20.47979,73.48441,87.5,60.21,44.8,880.9,61.7,806.9,955.0,14.5,206.3,52.0,18.0,8.0,16.0,2.0,4.0,0.0,25.0,29.5,21.0,1.82,-0.6499922815095711,25.53,20.68,30.17,16.9,33.69,4.39,MODERATE,Orographic Sahyadri Elevation Gradient,Manual demo override,MANUAL_OVERRIDE,,2026-09-09,,,,NOT_REQUESTED,27.4,18.9,70.2
MH_487_549749,Thangaon,Thangaon,Surgana,Nashik,20.45779,73.48906,87.13,57.73,44.9,877.2,61.4,803.5,950.8,14.5,206.5,52.0,18.0,8.0,16.0,2.0,4.0,0.0,25.0,29.5,21.0,1.82,-0.6796156500716442,25.61,20.54,30.4,15.68,34.65,4.62,MODERATE,Orographic Sahyadri Elevation Gradient,Manual demo override,MANUAL_OVERRIDE,,2026-09-09,,,,NOT_REQUESTED,27.2,18.7,70.2
MH_487_549747,Gopalpur,Gopalpur,Surgana,Nashik,20.45665,73.51961,90.1,57.46,44.7,858.8,60.1,786.7,930.9,14.5,207.8,52.0,18.0,8.0,16.0,2.0,4.0,0.0,25.0,29.5,21.0,1.73,-0.617289504572976,25.6,21.05,31.22,15.68,33.59,4.54,MODERATE,Orographic Sahyadri Elevation Gradient,Manual demo override,MANUAL_OVERRIDE,,2026-09-09,,,,NOT_REQUESTED,27.5,19.0,70.2
MH_487_549731,Pimpalchond,Pimpalchond,Surgana,Nashik,20.47154,73.50932,89.62,59.14,44.9,865.6,60.6,792.9,938.3,14.5,207.4,52.0,18.0,8.0,16.0,2.0,4.0,0.0,25.0,29.5,21.0,1.73,-0.6131175558484668,25.42,20.79,30.49,16.02,33.6,4.56,MODERATE,Orographic Sahyadri Elevation Gradient,Manual demo override,MANUAL_OVERRIDE,,2026-09-09,,,,NOT_REQUESTED,27.2,18.7,70.2
MH_487_549727,Gahale,Gahale,Surgana,Nashik,20.48059,73.50883,89.92,60.15,44.9,866.3,60.6,793.6,939.1,14.5,207.4,52.0,18.0,8.0,16.0,2.0,4.0,0.0,25.0,29.5,21.0,1.73,-0.5985275330539104,25.43,19.25,30.82,15.43,34.0,4.89,MODERATE,Orographic Sahyadri Elevation Gradient,Manual demo override,MANUAL_OVERRIDE,,2026-09-09,,,,NOT_REQUESTED,27.2,18.7,70.2
MH_487_549728,Kahandolsa,Kahandolsa,Surgana,Nashik,20.4835,73.51926,91.05,60.44,44.7,860.2,60.2,788.0,932.4,14.5,207.8,52.0,18.0,8.0,16.0,2.0,4.0,0.0,25.0,29.5,21.0,1.73,-0.5698561574060973,25.67,20.78,30.76,15.88,33.9,4.68,MODERATE,Orographic Sahyadri Elevation Gradient,Manual demo override,MANUAL_OVERRIDE,,2026-09-09,,,,NOT_REQUESTED,27.4,18.9,70.3
MH_487_549678,Palashet,Palashet,Surgana,Nashik,20.48869,73.54232,93.5,61.03,43.4,846.6,59.3,775.4,917.8,14.5,208.8,52.0,18.0,8.0,16.0,2.0,4.0,0.0,25.0,29.5,21.0,1.75,-0.5044544282081388,25.59,20.13,29.86,15.69,34.24,4.72,MODERATE,Orographic Sahyadri Elevation Gradient,Manual demo override,MANUAL_OVERRIDE,,2026-09-09,,,,NOT_REQUESTED,27.5,19.0,70.2
MH_487_549730,Katambi,Katambi,Surgana,Nashik,20.47535,73.53104,91.9,59.53,44.1,852.8,59.7,781.1,924.4,14.5,208.3,52.0,18.0,8.0,16.0,2.0,4.0,0.0,25.0,29.5,21.0,1.75,-0.5555670298875658,25.45,21.0,30.44,15.6,33.57,4.67,MODERATE,Orographic Sahyadri Elevation Gradient,Manual demo override,MANUAL_OVERRIDE,,2026-09-09,,,,NOT_REQUESTED,27.5,19.0,70.2
MH_487_549679,Merdand,Merdand,Surgana,Nashik,20.47268,73.54832,93.5,59.26,42.9,842.3,59.0,771.5,913.1,14.5,209.0,52.0,18.0,8.0,16.0,2.0,4.0,0.0,25.0,29.5,21.0,1.75,-0.5163351595221815,25.73,21.4,29.99,16.27,34.44,4.59,MODERATE,Orographic Sahyadri Elevation Gradient,Manual demo override,MANUAL_OVERRIDE,,2026-09-09,,,,NOT_REQUESTED,27.5,19.0,70.3
MH_487_549732,Vaghanakhi,Vaghanakhi,Surgana,Nashik,20.45663,73.53612,91.73,57.45,43.8,848.9,59.4,777.6,920.2,14.5,208.5,52.0,18.0,8.0,16.0,2.0,4.0,0.0,25.0,29.5,21.0,1.75,-0.5771844834540696,25.47,19.98,30.48,15.4,33.38,4.74,MODERATE,Orographic Sahyadri Elevation Gradient,Manual demo override,MANUAL_OVERRIDE,,2026-09-09,,,,NOT_REQUESTED,27.5,19.0,70.2
MH_487_549769,Barhe,Barhe,Surgana,Nashik,20.43201,73.5203,89.34,54.72,44.6,857.3,60.0,785.3,929.3,14.5,207.9,52.0,18.0,8.0,16.0,2.0,4.0,0.0,25.0,29.5,21.0,1.73,-0.6650305473290432,25.49,20.93,30.13,15.86,34.25,4.7,MODERATE,Orographic Sahyadri Elevation Gradient,Manual demo override,MANUAL_OVERRIDE,,2026-09-09,,,,NOT_REQUESTED,27.5,19.0,70.2
MH_487_549746,Hatti,Hatti,Surgana,Nashik,20.4416,73.53284,90.9,55.78,44.0,850.2,59.5,778.8,921.6,14.5,208.4,52.0,18.0,8.0,16.0,2.0,4.0,0.0,25.0,29.5,21.0,1.75,-0.6147765471690294,25.56,20.99,29.86,15.35,34.34,4.65,MODERATE,Orographic Sahyadri Elevation Gradient,Manual demo override,MANUAL_OVERRIDE,,2026-09-09,,,,NOT_REQUESTED,27.5,19.0,70.2
MH_487_549770,Alivdand,Alivdand,Surgana,Nashik,20.43117,73.53645,90.93,54.62,43.8,847.5,59.3,776.4,918.7,14.5,208.5,52.0,18.0,8.0,16.0,2.0,4.0,0.0,25.0,29.5,21.0,1.75,-0.6267054653009485,25.54,20.65,30.89,15.07,34.38,4.85,MODERATE,Orographic Sahyadri Elevation Gradient,Manual demo override,MANUAL_OVERRIDE,,2026-09-09,,,,NOT_REQUESTED,27.5,19.0,70.2
MH_487_549745,Gadga,Gadga,Surgana,Nashik,20.44162,73.54615,92.23,55.8,43.1,842.2,59.0,771.4,913.0,14.5,208.9,52.0,18.0,8.0,16.0,2.0,4.0,0.0,25.0,29.5,21.0,1.75,-0.5800751112341942,25.67,20.66,30.15,15.99,32.88,4.52,MODERATE,Orographic Sahyadri Elevation Gradient,Manual demo override,MANUAL_OVERRIDE,,2026-09-09,,,,NOT_REQUESTED,27.5,19.0,70.3
MH_487_549744,Sambarkhal,Sambarkhal,Surgana,Nashik,20.44933,73.56136,94.0,56.37,41.7,833.4,58.3,763.4,903.4,14.5,209.6,52.0,18.0,8.0,16.0,2.0,4.0,0.0,25.0,29.5,21.0,3.22,-0.5237033544612274,27.02,22.29,31.25,17.7,34.64,4.46,MODERATE,Orographic Sahyadri Elevation Gradient,Manual demo override,MANUAL_OVERRIDE,,2026-09-09,,,,NOT_REQUESTED,27.6,19.1,70.8
MH_487_549733,Mahismal,Mahismal,Surgana,Nashik,20.46615,73.56795,95.21,57.79,41.0,830.2,58.1,760.5,899.9,14.5,209.9,52.0,18.0,8.0,16.0,2.0,4.0,0.0,25.0,29.5,21.0,3.22,-0.4751485374754423,27.1,21.97,33.28,17.42,34.87,4.62,MODERATE,Orographic Sahyadri Elevation Gradient,Manual demo override,MANUAL_OVERRIDE,,2026-09-09,,,,NOT_REQUESTED,27.6,19.1,70.8
MH_487_549773,Wanganpada,Wanganpada,Surgana,Nashik,20.42717,73.54763,91.93,54.2,43.0,840.6,58.8,770.1,911.2,14.5,209.0,52.0,18.0,8.0,16.0,2.0,4.0,0.0,25.0,29.5,21.0,2.11,-0.6048079163185459,25.92,21.15,29.72,16.87,33.77,4.24,MODERATE,Orographic Sahyadri Elevation Gradient,Manual demo override,MANUAL_OVERRIDE,,2026-09-09,,,,NOT_REQUESTED,27.6,19.1,70.4
MH_487_549776,Jahule,Jahule,Surgana,Nashik,20.41419,73.55977,92.77,52.82,41.9,832.8,58.3,762.8,902.7,14.5,209.5,52.0,18.0,8.0,16.0,2.0,4.0,0.0,25.0,29.5,21.0,3.22,-0.5956795090038015,26.85,22.81,31.45,16.74,35.04,4.56,MODERATE,Orographic Sahyadri Elevation Gradient,Manual demo override,MANUAL_OVERRIDE,,2026-09-09,,,,NOT_REQUESTED,27.6,19.1,70.7
MH_487_549777,Suktale,Suktale,Surgana,Nashik,20.41139,73.57927,94.66,51.76,39.7,821.0,57.5,752.0,890.0,14.5,210.3,52.0,18.0,8.0,16.0,2.0,4.0,0.0,25.0,29.5,21.0,3.22,-0.539688760838476,27.1,21.3,31.59,18.27,35.68,4.52,MODERATE,Orographic Sahyadri Elevation Gradient,Manual demo override,MANUAL_OVERRIDE,,2026-09-09,,,,NOT_REQUESTED,27.7,19.2,70.8
MH_487_549778,Tapupada,Tapupada,Surgana,Nashik,20.41379,73.58977,95.78,51.55,38.3,814.8,57.0,746.4,883.2,14.5,210.8,52.0,18.0,8.0,16.0,2.0,4.0,0.0,25.0,29.5,21.0,3.22,-0.5012374736002706,27.15,22.61,31.69,17.79,35.72,4.65,MODERATE,Orographic Sahyadri Elevation Gradient,Manual demo override,MANUAL_OVERRIDE,,2026-09-09,,,,NOT_REQUESTED,27.7,19.2,70.9
MH_487_549774,Haste,Haste,Surgana,Nashik,20.42784,73.56573,93.76,54.02,41.3,829.8,58.1,760.1,899.5,14.5,209.8,52.0,18.0,8.0,16.0,2.0,4.0,0.0,25.0,29.5,21.0,3.22,-0.5514509084170456,26.95,22.0,31.77,17.41,34.95,4.57,MODERATE,Orographic Sahyadri Elevation Gradient,Manual demo override,MANUAL_OVERRIDE,,2026-09-09,,,,NOT_REQUESTED,27.6,19.1,70.8
MH_487_549742,Jambhulpada,Jambhulpada,Surgana,Nashik,20.4394,73.58242,95.79,54.46,39.3,820.3,57.4,751.4,889.2,14.5,210.5,52.0,18.0,8.0,16.0,2.0,4.0,0.0,25.0,29.5,21.0,3.22,-0.48082024781388955,26.97,21.58,31.68,17.0,36.28,4.96,MODERATE,Orographic Sahyadri Elevation Gradient,Manual demo override,MANUAL_OVERRIDE,,2026-09-09,,,,NOT_REQUESTED,27.7,19.2,70.8
MH_487_549780,Mastemani,Mastemani,Surgana,Nashik,20.41577,73.60108,96.98,51.28,36.7,808.1,56.6,740.1,876.0,14.5,211.2,52.0,18.0,8.0,16.0,2.0,4.0,0.0,25.0,29.5,21.0,3.22,-0.46077750603594736,27.0,22.57,31.48,17.3,34.13,4.31,MODERATE,Orographic Sahyadri Elevation Gradient,Manual demo override,MANUAL_OVERRIDE,,2026-09-09,,,,NOT_REQUESTED,27.8,19.3,70.8
MH_487_549779,Hemadpada,Hemadpada,Surgana,Nashik,20.42565,73.59408,96.55,52.58,37.7,812.7,56.9,744.4,881.0,14.5,211.0,52.0,18.0,8.0,16.0,2.0,4.0,0.0,25.0,29.5,21.0,3.22,-0.4680489682466576,27.23,22.36,32.51,17.55,35.36,4.63,MODERATE,Orographic Sahyadri Elevation Gradient,Manual demo override,MANUAL_OVERRIDE,,2026-09-09,,,,NOT_REQUESTED,27.7,19.2,70.9
MH_487_549781,Mangdhe,Mangdhe,Surgana,Nashik,20.41988,73.62006,99.01,50.98,33.7,796.9,55.8,729.9,863.8,14.5,212.0,52.0,18.0,8.0,16.0,2.0,4.0,0.0,25.0,29.5,21.0,3.22,-0.39258895313820286,26.98,22.53,31.39,17.62,35.27,4.59,MODERATE,Orographic Sahyadri Elevation Gradient,Manual demo override,MANUAL_OVERRIDE,,2026-09-09,,,,NOT_REQUESTED,27.8,19.3,70.8
MH_487_549739,Sadudne,Sadudne,Surgana,Nashik,20.43175,73.61544,98.88,52.39,34.5,800.2,56.0,733.0,867.4,14.5,211.8,52.0,18.0,8.0,16.0,2.0,4.0,0.0,25.0,29.5,21.0,3.22,-0.39184272176070795,27.02,22.74,32.59,16.36,34.85,4.74,MODERATE,Orographic Sahyadri Elevation Gradient,Manual demo override,MANUAL_OVERRIDE,,2026-09-09,,,,NOT_REQUESTED,27.8,19.3,70.8
MH_487_549743,Bijurpada,Bijurpada,Surgana,Nashik,20.45305,73.57899,95.88,56.0,39.7,823.0,57.6,753.9,892.1,14.5,210.3,52.0,18.0,8.0,16.0,2.0,4.0,0.0,25.0,29.5,21.0,3.22,-0.46715898213648327,27.24,22.59,32.26,17.36,35.04,4.47,MODERATE,Orographic Sahyadri Elevation Gradient,Manual demo override,MANUAL_OVERRIDE,,2026-09-09,,,,NOT_REQUESTED,27.7,19.2,70.9
MH_487_549741,Mankhed,Mankhed,Surgana,Nashik,20.44011,73.59905,97.48,53.87,37.0,810.4,56.7,742.3,878.4,14.5,211.2,52.0,18.0,8.0,16.0,2.0,4.0,0.0,25.0,29.5,21.0,3.22,-0.42977201792220215,27.09,22.95,32.21,17.02,35.38,4.56,MODERATE,Orographic Sahyadri Elevation Gradient,Manual demo override,MANUAL_OVERRIDE,,2026-09-09,,,,NOT_REQUESTED,27.7,19.2,70.8
MH_487_549734,Galwad,Galwad,Surgana,Nashik,20.4779,73.57755,96.57,58.6,39.9,825.0,57.7,755.7,894.2,14.5,210.3,52.0,18.0,8.0,16.0,2.0,4.0,0.0,25.0,29.5,21.0,3.22,-0.42872400980677,27.3,22.68,32.6,17.75,35.99,4.65,MODERATE,Orographic Sahyadri Elevation Gradient,Manual demo override,MANUAL_OVERRIDE,,2026-09-09,,,,NOT_REQUESTED,27.7,19.2,70.9
MH_487_549735,Ronghane,Ronghane,Surgana,Nashik,20.46534,73.58186,96.57,57.14,39.4,821.8,57.5,752.8,890.8,14.5,210.4,52.0,18.0,8.0,16.0,2.0,4.0,0.0,25.0,29.5,21.0,3.22,-0.438011363883277,27.0,21.88,32.12,16.3,35.75,4.79,MODERATE,Orographic Sahyadri Elevation Gradient,Manual demo override,MANUAL_OVERRIDE,,2026-09-09,,,,NOT_REQUESTED,27.7,19.2,70.8
MH_487_549736,Nadagdari,Nadagdari,Surgana,Nashik,20.46414,73.59421,97.75,56.54,37.7,814.4,57.0,746.0,882.8,14.5,211.0,52.0,18.0,8.0,16.0,2.0,4.0,0.0,25.0,29.5,21.0,3.22,-0.4055064836809842,27.19,22.57,32.15,18.01,35.77,4.59,MODERATE,Orographic Sahyadri Elevation Gradient,Manual demo override,MANUAL_OVERRIDE,,2026-09-09,,,,NOT_REQUESTED,27.7,19.2,70.9
MH_487_549740,Bhatvihir,Bhatvihir,Surgana,Nashik,20.45626,73.60308,98.38,55.39,36.4,808.7,56.6,740.8,876.6,14.5,211.3,52.0,18.0,8.0,16.0,2.0,4.0,0.0,25.0,29.5,21.0,3.22,-0.3929225248642362,27.19,21.71,32.7,17.92,35.59,4.69,MODERATE,Orographic Sahyadri Elevation Gradient,Manual demo override,MANUAL_OVERRIDE,,2026-09-09,,,,NOT_REQUESTED,27.8,19.3,70.9
MH_487_549737,Wadpada,Wadpada,Surgana,Nashik,20.45366,73.61574,99.56,54.67,34.4,801.0,56.1,733.6,868.3,14.5,211.9,52.0,18.0,8.0,16.0,2.0,4.0,0.0,25.0,29.5,21.0,3.22,-0.3607376690274651,27.09,21.64,32.27,17.02,35.93,4.8,MODERATE,Orographic Sahyadri Elevation Gradient,Manual demo override,MANUAL_OVERRIDE,,2026-09-09,,,,NOT_REQUESTED,27.8,19.3,70.8
MH_487_549680,Khadakmal,Khadakmal,Surgana,Nashik,20.48893,73.56288,95.53,60.33,41.6,834.3,58.4,764.2,904.4,14.5,209.6,52.0,18.0,8.0,16.0,2.0,4.0,0.0,25.0,29.5,21.0,3.22,-0.44999074383990634,27.16,21.44,33.03,17.38,35.63,4.65,MODERATE,Orographic Sahyadri Elevation Gradient,Manual demo override,MANUAL_OVERRIDE,,2026-09-09,,,,NOT_REQUESTED,27.6,19.1,70.9
MH_487_549684,Umbarde,Umbarde,Surgana,Nashik,20.4788,73.60638,99.46,57.63,35.9,807.7,56.5,739.9,875.5,14.5,211.5,52.0,18.0,8.0,16.0,2.0,4.0,0.0,25.0,29.5,21.0,3.22,-0.3494648651249702,27.23,21.87,32.03,16.88,37.34,4.83,MODERATE,Orographic Sahyadri Elevation Gradient,Manual demo override,MANUAL_OVERRIDE,,2026-09-09,,,,NOT_REQUESTED,27.8,19.3,70.9
MH_487_550678,Diksal,Diksal,Peint,Nashik,20.39541,73.52674,88.92,50.64,44.4,851.8,59.6,780.2,923.3,14.5,208.1,52.0,18.0,8.0,16.0,2.0,4.0,0.0,25.0,29.5,21.0,1.05,-0.7298570829358915,24.63,19.67,28.5,15.51,33.34,4.49,MODERATE,Orographic Sahyadri Elevation Gradient,Manual demo override,MANUAL_OVERRIDE,,2026-09-09,,,,NOT_REQUESTED,27.5,19.0,69.9
MH_487_550679,Toranmal,Toranmal,Peint,Nashik,20.39293,73.53886,90.08,50.37,43.7,844.4,59.1,773.4,915.3,14.5,208.6,52.0,18.0,8.0,16.0,2.0,4.0,0.0,25.0,29.5,21.0,1.05,-0.702342472271874,24.55,19.79,29.32,15.06,33.13,4.65,MODERATE,Orographic Sahyadri Elevation Gradient,Manual demo override,MANUAL_OVERRIDE,,2026-09-09,,,,NOT_REQUESTED,27.5,19.0,69.8
MH_487_550680,Pahuchibari,Pahuchibari,Peint,Nashik,20.39919,73.55851,92.23,51.15,42.0,832.9,58.3,762.9,902.8,14.5,209.5,52.0,18.0,8.0,16.0,2.0,4.0,0.0,25.0,29.5,21.0,3.22,-0.6295623546577748,27.07,22.6,31.97,17.97,35.84,4.74,MODERATE,Orographic Sahyadri Elevation Gradient,Manual demo override,MANUAL_OVERRIDE,,2026-09-09,,,,NOT_REQUESTED,27.6,19.1,70.8
MH_487_550681,Wirmal,Wirmal,Peint,Nashik,20.38212,73.56511,92.47,49.3,41.3,828.1,58.0,758.5,897.7,14.5,209.7,52.0,18.0,8.0,16.0,2.0,4.0,0.0,25.0,29.5,21.0,3.06,-0.6417252162894405,26.76,22.24,31.08,16.55,34.71,4.66,MODERATE,Orographic Sahyadri Elevation Gradient,Manual demo override,MANUAL_OVERRIDE,,2026-09-09,,,,NOT_REQUESTED,27.6,19.1,70.7
MH_487_550682,Karanjkhed,Karanjkhed,Peint,Nashik,20.38598,73.54978,91.01,49.63,42.8,837.5,58.6,767.2,907.8,14.5,209.1,52.0,18.0,8.0,16.0,2.0,4.0,0.0,25.0,29.5,21.0,3.06,-0.6846781245476167,26.8,21.87,31.65,16.77,34.71,4.65,MODERATE,Orographic Sahyadri Elevation Gradient,Manual demo override,MANUAL_OVERRIDE,,2026-09-09,,,,NOT_REQUESTED,27.6,19.1,70.7
MH_487_550683,Amdongra,Amdongra,Peint,Nashik,20.37981,73.53756,89.61,48.91,43.7,844.6,59.1,773.6,915.5,14.5,208.6,52.0,18.0,8.0,16.0,2.0,4.0,0.0,25.0,29.5,21.0,1.05,-0.7358765129832168,24.83,19.74,29.71,15.08,33.37,4.64,MODERATE,Orographic Sahyadri Elevation Gradient,Manual demo override,MANUAL_OVERRIDE,,2026-09-09,,,,NOT_REQUESTED,27.5,19.0,69.9
MH_487_550677,Mohadand,Mohadand,Peint,Nashik,20.384,73.52016,87.95,49.38,44.6,855.2,59.9,783.3,927.1,14.5,207.8,52.0,18.0,8.0,16.0,2.0,4.0,0.0,25.0,29.5,21.0,1.04,-0.7734948644176217,24.64,20.06,29.03,13.53,33.41,4.86,MODERATE,Orographic Sahyadri Elevation Gradient,Manual demo override,MANUAL_OVERRIDE,,2026-09-09,,,,NOT_REQUESTED,27.5,19.0,69.9
MH_487_550517,Mokhnal,Mokhnal,Dindori,Nashik,20.40937,73.62239,98.97,49.8,33.4,795.0,55.6,728.3,861.7,14.5,212.1,8.0,6.0,4.0,72.0,6.0,4.0,0.0,25.0,29.5,21.0,3.31,-0.3975076560429503,27.18,21.52,31.84,17.49,35.84,4.69,MODERATE,Orographic Sahyadri Elevation Gradient,Manual demo override,MANUAL_OVERRIDE,,2026-09-09,,,,NOT_REQUESTED,27.8,19.3,70.9
MH_487_550518,Dehare,Dehare,Dindori,Nashik,20.39863,73.60928,97.37,49.2,35.4,802.4,56.2,734.9,869.8,14.5,211.6,8.0,6.0,4.0,72.0,6.0,4.0,0.0,25.0,29.5,21.0,3.61,-0.45680119453728535,27.54,22.01,32.6,17.96,35.06,4.55,MODERATE,Orographic Sahyadri Elevation Gradient,Manual demo override,MANUAL_OVERRIDE,,2026-09-09,,,,NOT_REQUESTED,27.8,19.3,71.0
MH_487_276277,Deola,Deola,Central,Nashik,20.48446,73.55534,94.62,60.19,42.3,838.6,58.7,768.2,909.0,14.5,209.3,12.0,14.0,10.0,58.0,4.0,2.0,0.0,25.0,29.5,21.0,3.47,-0.47752063586002375,27.41,22.66,32.44,17.67,36.41,4.78,MODERATE,Orographic Sahyadri Elevation Gradient,Manual demo override,MANUAL_OVERRIDE,,2026-09-09,,,,NOT_REQUESTED,27.6,19.1,71.0
MH_487_550522,Chikadi,Chikadi,Dindori,Nashik,20.38703,73.57738,93.84,49.41,39.9,821.0,57.5,752.0,890.0,14.5,210.3,8.0,6.0,4.0,72.0,6.0,4.0,0.0,25.0,29.5,21.0,3.31,-0.5893885688749975,27.08,22.35,31.44,18.08,35.52,4.6,MODERATE,Orographic Sahyadri Elevation Gradient,Manual demo override,MANUAL_OVERRIDE,,2026-09-09,,,,NOT_REQUESTED,27.7,19.2,70.8
MH_487_550520,Gandole,Gandole,Dindori,Nashik,20.38938,73.58588,94.76,49.25,38.8,816.0,57.1,747.5,884.5,14.5,210.6,8.0,6.0,4.0,72.0,6.0,4.0,0.0,25.0,29.5,21.0,3.4,-0.5549004649995745,27.3,21.35,33.48,17.26,35.66,4.91,MODERATE,Orographic Sahyadri Elevation Gradient,Manual demo override,MANUAL_OVERRIDE,,2026-09-09,,,,NOT_REQUESTED,27.7,19.2,70.9
MH_487_549673,Bival,Bival,Surgana,Nashik,20.49071,73.62619,101.83,58.24,32.7,796.4,55.7,729.5,863.2,14.5,212.3,52.0,18.0,8.0,16.0,2.0,4.0,0.0,25.0,29.5,21.0,3.22,-0.28261953182616534,27.38,22.67,32.68,18.53,35.28,4.53,MODERATE,Orographic Sahyadri Elevation Gradient,Manual demo override,MANUAL_OVERRIDE,,2026-09-09,,,,NOT_REQUESTED,27.8,19.3,71.0
MH_487_549722,Bhawada,Bhawada,Surgana,Nashik,20.50031,73.47577,87.5,62.56,44.5,887.1,62.1,812.5,961.6,14.5,206.0,52.0,18.0,8.0,16.0,2.0,4.0,0.0,25.0,29.5,21.0,1.82,-0.6349295995318034,25.32,20.3,30.86,15.58,33.85,4.85,MODERATE,Orographic Sahyadri Elevation Gradient,Manual demo override,MANUAL_OVERRIDE,,2026-09-09,,,,NOT_REQUESTED,27.3,18.8,70.1
MH_487_549717,Sule,Sule,Surgana,Nashik,20.52453,73.48207,89.16,65.19,44.7,884.4,61.9,810.1,958.6,14.5,206.2,52.0,18.0,8.0,16.0,2.0,4.0,0.0,25.0,29.5,21.0,0.36,-0.5920756476434159,24.35,19.14,28.8,13.7,33.6,4.96,MODERATE,Orographic Sahyadri Elevation Gradient,Manual demo override,MANUAL_OVERRIDE,,2026-09-09,,,,NOT_REQUESTED,27.3,18.8,69.7
MH_487_549718,Wangan Sule,Wangan Sule,Surgana,Nashik,20.53097,73.50803,91.92,65.75,44.9,869.1,60.8,796.1,942.0,14.5,207.3,52.0,18.0,8.0,16.0,2.0,4.0,0.0,25.0,29.5,21.0,0.28,-0.529251750849678,23.93,18.46,28.48,13.83,32.35,4.69,MODERATE,Orographic Sahyadri Elevation Gradient,Manual demo override,MANUAL_OVERRIDE,,2026-09-09,,,,NOT_REQUESTED,27.1,18.6,69.6
MH_487_549635,Mhaiskhadak,Mhaiskhadak,Surgana,Nashik,20.55701,73.4927,91.67,68.72,45.0,879.4,61.6,805.5,953.4,14.5,206.7,52.0,18.0,8.0,16.0,2.0,4.0,0.0,25.0,29.5,21.0,0.28,-0.5396369239331994,24.03,18.06,29.8,14.11,32.04,4.87,MODERATE,Orographic Sahyadri Elevation Gradient,Manual demo override,MANUAL_OVERRIDE,,2026-09-09,,,,NOT_REQUESTED,27.0,18.5,69.6
MH_487_549634,Baflun,Baflun,Surgana,Nashik,20.54993,73.51201,93.16,67.85,44.9,867.5,60.7,794.7,940.4,14.5,207.5,52.0,18.0,8.0,16.0,2.0,4.0,0.0,25.0,29.5,21.0,0.28,-0.5017359322053057,24.14,18.08,29.3,14.0,32.79,4.94,MODERATE,Orographic Sahyadri Elevation Gradient,Manual demo override,MANUAL_OVERRIDE,,2026-09-09,,,,NOT_REQUESTED,27.1,18.6,69.7
MH_487_549721,Bendwal,Bendwal,Surgana,Nashik,20.50203,73.48677,88.63,62.66,44.8,880.5,61.6,806.6,954.5,14.5,206.4,52.0,18.0,8.0,16.0,2.0,4.0,0.0,25.0,29.5,21.0,1.82,-0.6114982263892597,25.74,20.99,30.63,15.77,33.8,4.69,MODERATE,Orographic Sahyadri Elevation Gradient,Manual demo override,MANUAL_OVERRIDE,,2026-09-09,,,,NOT_REQUESTED,27.4,18.9,70.3
MH_487_549720,Awalpada,Awalpada,Surgana,Nashik,20.51014,73.49459,89.73,63.5,45.0,876.2,61.3,802.6,949.8,14.5,206.8,52.0,18.0,8.0,16.0,2.0,4.0,0.0,25.0,29.5,21.0,1.73,-0.5843489862218393,25.7,21.18,32.1,16.1,34.23,4.73,MODERATE,Orographic Sahyadri Elevation Gradient,Manual demo override,MANUAL_OVERRIDE,,2026-09-09,,,,NOT_REQUESTED,27.1,18.6,70.3
MH_487_549726,Dudhawal,Dudhawal,Surgana,Nashik,20.49555,73.50657,90.28,61.82,45.0,868.4,60.8,795.4,941.3,14.5,207.3,52.0,18.0,8.0,16.0,2.0,4.0,0.0,25.0,29.5,21.0,1.73,-0.5794309005922494,25.53,20.96,29.45,15.73,34.97,4.66,MODERATE,Orographic Sahyadri Elevation Gradient,Manual demo override,MANUAL_OVERRIDE,,2026-09-09,,,,NOT_REQUESTED,27.2,18.7,70.2
MH_487_549719,Amdapalsan,Amdapalsan,Surgana,Nashik,20.51147,73.51227,91.49,63.57,44.9,865.7,60.6,792.9,938.4,14.5,207.5,52.0,18.0,8.0,16.0,2.0,4.0,0.0,25.0,29.5,21.0,1.73,-0.5434787892019965,25.35,19.59,30.01,15.35,33.9,4.69,MODERATE,Orographic Sahyadri Elevation Gradient,Manual demo override,MANUAL_OVERRIDE,,2026-09-09,,,,NOT_REQUESTED,27.2,18.7,70.1
MH_487_549668,Payarpada,Payarpada,Surgana,Nashik,20.51759,73.52924,93.38,64.23,44.2,855.7,59.9,783.9,927.6,14.5,208.2,52.0,18.0,8.0,16.0,2.0,4.0,0.0,25.0,29.5,21.0,1.75,-0.4944225728618707,25.62,20.43,30.11,16.69,34.08,4.59,MODERATE,Orographic Sahyadri Elevation Gradient,Manual demo override,MANUAL_OVERRIDE,,2026-09-09,,,,NOT_REQUESTED,27.5,19.0,70.2
MH_487_549800,Kumsadi,Kumsadi,Kalwan,Nashik,20.57675,73.82353,124.37,62.8,-0.5,557.2,39.0,510.4,604.0,3.2,220.6,12.0,14.0,10.0,58.0,4.0,2.0,0.0,25.0,29.5,21.0,1.54,-0.07561031777026839,25.87,21.68,30.79,16.3,34.52,4.56,MODERATE,Rain-Shadow Plateau Topography,Manual demo override,MANUAL_OVERRIDE,,2026-09-09,,,,NOT_REQUESTED,29.4,20.9,70.3
MH_487_549621,Nimbarpada,Nimbarpada,Surgana,Nashik,20.5913,73.46873,91.17,72.7,44.1,895.4,62.7,820.1,970.6,14.5,205.7,52.0,18.0,8.0,16.0,2.0,4.0,0.0,25.0,29.5,21.0,0.36,-0.5700080752809585,24.26,20.03,28.48,14.82,32.71,4.54,MODERATE,Orographic Sahyadri Elevation Gradient,Manual demo override,MANUAL_OVERRIDE,,2026-09-09,,,,NOT_REQUESTED,27.2,18.7,69.7
MH_487_549622,Umbarthan,Umbarthan,Surgana,Nashik,20.58475,73.50518,94.2,71.74,45.0,873.2,61.1,799.9,946.5,14.5,207.2,52.0,18.0,8.0,16.0,2.0,4.0,0.0,25.0,29.5,21.0,0.28,-0.49822959962595736,24.06,19.6,30.29,13.7,32.39,4.75,MODERATE,Orographic Sahyadri Elevation Gradient,Manual demo override,MANUAL_OVERRIDE,,2026-09-09,,,,NOT_REQUESTED,27.0,18.5,69.6
MH_487_549620,Borchond,Borchond,Surgana,Nashik,20.59722,73.48287,92.78,73.24,44.7,887.2,62.1,812.6,961.7,14.5,206.3,52.0,18.0,8.0,16.0,2.0,4.0,0.0,25.0,29.5,21.0,0.36,-0.5417415887303014,24.11,18.9,28.79,14.78,33.13,4.62,MODERATE,Orographic Sahyadri Elevation Gradient,Manual demo override,MANUAL_OVERRIDE,,2026-09-09,,,,NOT_REQUESTED,27.3,18.8,69.6
MH_487_549619,Rasha,Rasha,Surgana,Nashik,20.60287,73.47691,92.54,73.92,44.5,891.0,62.4,816.1,965.9,14.5,206.0,52.0,18.0,8.0,16.0,2.0,4.0,0.0,25.0,29.5,21.0,0.36,-0.5522358438887262,24.11,19.0,28.73,14.49,33.3,4.61,MODERATE,Orographic Sahyadri Elevation Gradient,Manual demo override,MANUAL_OVERRIDE,,2026-09-09,,,,NOT_REQUESTED,27.3,18.8,69.6
MH_487_549609,Mohapada,Mohapada,Surgana,Nashik,20.63786,73.52952,99.21,76.99,44.2,861.0,60.3,788.6,933.4,14.5,208.2,52.0,18.0,8.0,16.0,2.0,4.0,0.0,25.0,29.5,21.0,0.29,-0.45469237178393307,24.13,18.97,28.98,14.06,32.28,4.56,MODERATE,Orographic Sahyadri Elevation Gradient,Manual demo override,MANUAL_OVERRIDE,,2026-09-09,,,,NOT_REQUESTED,27.4,18.9,69.7
MH_487_549667,Patali,Patali,Surgana,Nashik,20.53068,73.53343,94.34,65.68,44.0,853.8,59.8,782.1,925.6,14.5,208.4,52.0,18.0,8.0,16.0,2.0,4.0,0.0,25.0,29.5,21.0,0.68,-0.4677526181717561,24.52,20.3,29.25,14.64,34.52,4.78,MODERATE,Orographic Sahyadri Elevation Gradient,Manual demo override,MANUAL_OVERRIDE,,2026-09-09,,,,NOT_REQUESTED,27.5,19.0,69.8
MH_487_549677,Palsan,Palsan,Surgana,Nashik,20.50155,73.53608,93.39,62.44,43.8,850.9,59.6,779.4,922.4,14.5,208.5,52.0,18.0,8.0,16.0,2.0,4.0,0.0,25.0,29.5,21.0,1.75,-0.49997085426733767,25.3,20.76,29.53,15.96,34.03,4.53,MODERATE,Orographic Sahyadri Elevation Gradient,Manual demo override,MANUAL_OVERRIDE,,2026-09-09,,,,NOT_REQUESTED,27.5,19.0,70.1
MH_487_549669,Umbarde,Umbarde,Surgana,Nashik,20.50806,73.55264,95.26,62.7,42.6,841.3,58.9,770.6,912.0,14.5,209.2,52.0,18.0,8.0,16.0,2.0,4.0,0.0,25.0,29.5,21.0,1.75,-0.4472559655461705,25.7,21.16,30.3,15.26,34.19,4.76,MODERATE,Orographic Sahyadri Elevation Gradient,Manual demo override,MANUAL_OVERRIDE,,2026-09-09,,,,NOT_REQUESTED,27.5,19.0,70.3
MH_487_549682,Kukudmunda,Kukudmunda,Surgana,Nashik,20.50459,73.57548,97.35,61.44,40.2,827.4,57.9,757.9,896.9,14.5,210.2,52.0,18.0,8.0,16.0,2.0,4.0,0.0,25.0,29.5,21.0,3.22,-0.3911935611576717,27.25,22.57,31.81,17.24,35.53,4.51,MODERATE,Orographic Sahyadri Elevation Gradient,Manual demo override,MANUAL_OVERRIDE,,2026-09-09,,,,NOT_REQUESTED,27.6,19.1,70.9
MH_487_549666,Hatrundi,Hatrundi,Surgana,Nashik,20.5306,73.55821,96.72,64.79,42.1,838.9,58.7,768.5,909.4,14.5,209.4,52.0,18.0,8.0,16.0,2.0,4.0,0.0,25.0,29.5,21.0,0.68,-0.4019338733911165,24.66,19.94,28.75,15.36,32.95,4.6,MODERATE,Orographic Sahyadri Elevation Gradient,Manual demo override,MANUAL_OVERRIDE,,2026-09-09,,,,NOT_REQUESTED,27.6,19.1,69.9
MH_487_549665,Alangun,Alangun,Surgana,Nashik,20.55302,73.55355,97.25,67.29,42.5,842.8,59.0,772.0,913.6,14.5,209.2,52.0,18.0,8.0,16.0,2.0,4.0,0.0,25.0,29.5,21.0,0.68,-0.3925472054956698,24.76,20.12,29.12,14.79,33.01,4.71,MODERATE,Orographic Sahyadri Elevation Gradient,Manual demo override,MANUAL_OVERRIDE,,2026-09-09,,,,NOT_REQUESTED,27.5,19.0,69.9
MH_487_549633,Torandongri,Torandongri,Surgana,Nashik,20.55305,73.53302,95.29,68.11,44.0,855.1,59.9,783.2,927.0,14.5,208.4,52.0,18.0,8.0,16.0,2.0,4.0,0.0,25.0,29.5,21.0,0.29,-0.44743932277169884,24.14,18.92,28.73,14.78,32.63,4.76,MODERATE,Orographic Sahyadri Elevation Gradient,Manual demo override,MANUAL_OVERRIDE,,2026-09-09,,,,NOT_REQUESTED,27.5,19.0,69.7
MH_487_549632,Dodichapada,Dodichapada,Surgana,Nashik,20.56694,73.52021,94.73,69.72,44.6,863.4,60.4,790.9,935.9,14.5,207.8,52.0,18.0,8.0,16.0,2.0,4.0,0.0,25.0,29.5,21.0,0.28,-0.4705596252119691,24.05,18.74,28.82,14.23,33.32,4.83,MODERATE,Orographic Sahyadri Elevation Gradient,Manual demo override,MANUAL_OVERRIDE,,2026-09-09,,,,NOT_REQUESTED,27.4,18.9,69.6
MH_487_549683,Morchonda,Morchonda,Surgana,Nashik,20.5043,73.59664,99.41,60.64,37.3,814.7,57.0,746.3,883.1,14.5,211.1,52.0,18.0,8.0,16.0,2.0,4.0,0.0,25.0,29.5,21.0,3.22,-0.3355581880048657,27.25,22.26,32.08,16.99,35.54,4.65,MODERATE,Orographic Sahyadri Elevation Gradient,Manual demo override,MANUAL_OVERRIDE,,2026-09-09,,,,NOT_REQUESTED,27.7,19.2,70.9
MH_487_549628,Kothule,Kothule,Surgana,Nashik,20.58193,73.55884,99.08,70.1,42.0,840.9,58.9,770.2,911.6,14.5,209.5,52.0,18.0,8.0,16.0,2.0,4.0,0.0,25.0,29.5,21.0,0.68,-0.36580987648597235,24.81,20.16,30.05,14.63,32.82,4.67,MODERATE,Orographic Sahyadri Elevation Gradient,Manual demo override,MANUAL_OVERRIDE,,2026-09-09,,,,NOT_REQUESTED,27.6,19.1,69.9
MH_487_549627,Ambatha,Ambatha,Surgana,Nashik,20.5889,73.55352,98.91,71.01,42.5,844.4,59.1,773.5,915.3,14.5,209.2,52.0,18.0,8.0,16.0,2.0,4.0,0.0,25.0,29.5,21.0,0.68,-0.3801774830161616,24.69,20.42,29.51,14.88,32.96,4.66,MODERATE,Orographic Sahyadri Elevation Gradient,Manual demo override,MANUAL_OVERRIDE,,2026-09-09,,,,NOT_REQUESTED,27.5,19.0,69.9
MH_487_549623,Subhashnagar,Subhashnagar,Surgana,Nashik,20.60133,73.54209,98.46,72.73,43.4,851.8,59.6,780.3,923.3,14.5,208.8,52.0,18.0,8.0,16.0,2.0,4.0,0.0,25.0,29.5,21.0,0.68,-0.41094506008825854,24.67,19.44,29.97,15.04,33.01,4.64,MODERATE,Orographic Sahyadri Elevation Gradient,Manual demo override,MANUAL_OVERRIDE,,2026-09-09,,,,NOT_REQUESTED,27.5,19.0,69.9
MH_487_549675,Mani,Mani,Surgana,Nashik,20.51537,73.61538,101.67,61.19,34.5,804.0,56.3,736.4,871.5,14.5,211.8,52.0,18.0,8.0,16.0,2.0,4.0,0.0,25.0,29.5,21.0,3.22,-0.2728881168090441,27.23,22.27,32.17,17.65,35.26,4.64,MODERATE,Orographic Sahyadri Elevation Gradient,Manual demo override,MANUAL_OVERRIDE,,2026-09-09,,,,NOT_REQUESTED,27.8,19.3,70.9
MH_487_550576,Shindpada,Shindpada,Dindori,Nashik,20.42864,73.6898,106.3,49.88,2.5,755.4,52.9,691.9,818.9,14.5,215.0,8.0,6.0,4.0,72.0,6.0,4.0,0.0,25.0,29.5,21.0,3.31,-0.1736175353614377,27.48,22.75,33.46,18.66,36.46,4.65,MODERATE,Orographic Sahyadri Elevation Gradient,Manual demo override,MANUAL_OVERRIDE,,2026-09-09,,,,NOT_REQUESTED,28.1,19.6,71.0
MH_487_549646,Bhormal,Bhormal,Surgana,Nashik,20.57647,73.58161,100.97,68.74,39.4,827.0,57.9,757.5,896.5,14.5,210.4,52.0,18.0,8.0,16.0,2.0,4.0,0.0,25.0,29.5,21.0,0.68,-0.3012087745041609,24.71,18.82,30.02,14.66,33.92,4.94,MODERATE,Orographic Sahyadri Elevation Gradient,Manual demo override,MANUAL_OVERRIDE,,2026-09-09,,,,NOT_REQUESTED,27.6,19.1,69.9
MH_487_549671,Hanumantmal,Hanumantmal,Surgana,Nashik,20.53092,73.60849,101.6,63.06,35.6,808.8,56.6,740.9,876.7,14.5,211.6,52.0,18.0,8.0,16.0,2.0,4.0,0.0,25.0,29.5,21.0,3.22,-0.2661660867794096,27.25,22.82,32.26,17.25,36.06,4.73,MODERATE,Orographic Sahyadri Elevation Gradient,Manual demo override,MANUAL_OVERRIDE,,2026-09-09,,,,NOT_REQUESTED,27.8,19.3,70.9
MH_487_549824,Daregaon Hatgad,Daregaon Hatgad,Kalwan,Nashik,20.53701,73.80612,121.24,59.89,-0.1,559.3,39.1,512.3,606.2,3.2,219.9,12.0,14.0,10.0,58.0,4.0,2.0,0.0,25.0,29.5,21.0,3.47,-0.03892742785539011,27.74,23.15,33.01,18.63,36.22,4.61,MODERATE,Rain-Shadow Plateau Topography,Manual demo override,MANUAL_OVERRIDE,,2026-09-09,,,,NOT_REQUESTED,29.4,20.9,71.1
MH_487_549648,Palvihir,Palvihir,Surgana,Nashik,20.56334,73.58256,100.47,67.32,39.3,825.8,57.8,756.5,895.2,14.5,210.5,52.0,18.0,8.0,16.0,2.0,4.0,0.0,25.0,29.5,21.0,0.68,-0.302015635600726,24.6,19.59,30.32,14.55,32.45,4.67,MODERATE,Orographic Sahyadri Elevation Gradient,Manual demo override,MANUAL_OVERRIDE,,2026-09-09,,,,NOT_REQUESTED,27.6,19.1,69.8
MH_487_549664,Pratapgad,Pratapgad,Surgana,Nashik,20.54749,73.58013,99.55,65.74,39.6,826.6,57.9,757.1,896.0,14.5,210.4,52.0,18.0,8.0,16.0,2.0,4.0,0.0,25.0,29.5,21.0,0.68,-0.3215819537259588,24.88,19.89,30.74,15.35,33.84,4.87,MODERATE,Orographic Sahyadri Elevation Gradient,Manual demo override,MANUAL_OVERRIDE,,2026-09-09,,,,NOT_REQUESTED,27.6,19.1,70.0
MH_487_549670,Ganeshnagar,Ganeshnagar,Surgana,Nashik,20.52989,73.58473,99.26,63.74,39.0,823.0,57.6,753.9,892.1,14.5,210.6,52.0,18.0,8.0,16.0,2.0,4.0,0.0,25.0,29.5,21.0,3.22,-0.32951617693812174,27.37,23.26,31.88,17.28,35.37,4.59,MODERATE,Orographic Sahyadri Elevation Gradient,Manual demo override,MANUAL_OVERRIDE,,2026-09-09,,,,NOT_REQUESTED,27.7,19.2,70.9
MH_487_549676,Khobala Mani,Khobala Mani,Surgana,Nashik,20.51568,73.59253,99.45,61.98,37.9,817.7,57.2,749.0,886.3,14.5,210.9,52.0,18.0,8.0,16.0,2.0,4.0,0.0,25.0,29.5,21.0,3.22,-0.3289457077349454,27.21,22.1,32.3,17.06,36.72,4.89,MODERATE,Orographic Sahyadri Elevation Gradient,Manual demo override,MANUAL_OVERRIDE,,2026-09-09,,,,NOT_REQUESTED,27.7,19.2,70.9
MH_487_549663,Suryagad,Suryagad,Surgana,Nashik,20.5446,73.60915,102.22,64.49,35.5,809.0,56.6,741.1,876.9,14.5,211.6,52.0,18.0,8.0,16.0,2.0,4.0,0.0,25.0,29.5,21.0,0.68,-0.24497795585009438,24.51,20.24,29.46,14.54,32.89,4.73,MODERATE,Orographic Sahyadri Elevation Gradient,Manual demo override,MANUAL_OVERRIDE,,2026-09-09,,,,NOT_REQUESTED,27.8,19.3,69.8
MH_487_549642,Bhavandagad,Bhavandagad,Surgana,Nashik,20.5865,73.60048,103.22,69.21,36.8,816.1,57.1,747.6,884.6,14.5,211.2,52.0,18.0,8.0,16.0,2.0,4.0,0.0,25.0,29.5,21.0,0.68,-0.24930685402644226,24.94,19.92,29.02,15.47,32.61,4.48,MODERATE,Orographic Sahyadri Elevation Gradient,Manual demo override,MANUAL_OVERRIDE,,2026-09-09,,,,NOT_REQUESTED,27.7,19.2,70.0
MH_487_549643,Bhadar,Bhadar,Surgana,Nashik,20.58607,73.61851,104.92,68.65,34.0,805.3,56.4,737.6,872.9,14.5,212.0,52.0,18.0,8.0,16.0,2.0,4.0,0.0,25.0,29.5,21.0,0.68,-0.20337679076350026,25.16,20.47,29.65,15.83,32.92,4.5,MODERATE,Orographic Sahyadri Elevation Gradient,Manual demo override,MANUAL_OVERRIDE,,2026-09-09,,,,NOT_REQUESTED,27.8,19.3,70.1
MH_487_549640,Devaldari,Devaldari,Surgana,Nashik,20.60152,73.61673,105.46,70.36,34.3,807.0,56.5,739.2,874.8,14.5,211.9,52.0,18.0,8.0,16.0,2.0,4.0,0.0,25.0,29.5,21.0,0.68,-0.2306021722393894,24.75,20.5,28.95,15.43,33.19,4.56,MODERATE,Orographic Sahyadri Elevation Gradient,Manual demo override,MANUAL_OVERRIDE,,2026-09-09,,,,NOT_REQUESTED,27.8,19.3,69.9
MH_487_549641,Walutzira,Walutzira,Surgana,Nashik,20.60459,73.59693,103.74,71.24,37.3,819.0,57.3,750.3,887.8,14.5,211.1,52.0,18.0,8.0,16.0,2.0,4.0,0.0,25.0,29.5,21.0,0.68,-0.27662438592905203,24.96,20.44,30.57,15.39,33.2,4.58,MODERATE,Orographic Sahyadri Elevation Gradient,Manual demo override,MANUAL_OVERRIDE,,2026-09-09,,,,NOT_REQUESTED,27.7,19.2,70.0
MH_487_549649,Khokari,Khokari,Surgana,Nashik,20.55387,73.60693,102.4,65.54,35.8,810.8,56.8,742.6,878.9,14.5,211.5,52.0,18.0,8.0,16.0,2.0,4.0,0.0,25.0,29.5,21.0,0.68,-0.23834508422045514,24.69,20.06,29.0,14.91,32.77,4.54,MODERATE,Orographic Sahyadri Elevation Gradient,Manual demo override,MANUAL_OVERRIDE,,2026-09-09,,,,NOT_REQUESTED,27.7,19.2,69.9
MH_487_549645,Umbarpada,Umbarpada,Surgana,Nashik,20.57246,73.60817,103.32,67.49,35.6,810.9,56.8,742.7,879.0,14.5,211.5,52.0,18.0,8.0,16.0,2.0,4.0,0.0,25.0,29.5,21.0,0.68,-0.2195653688098958,24.92,19.76,30.67,16.1,33.4,4.58,MODERATE,Orographic Sahyadri Elevation Gradient,Manual demo override,MANUAL_OVERRIDE,,2026-09-09,,,,NOT_REQUESTED,27.7,19.2,70.0
MH_487_549626,Satkhamb,Satkhamb,Surgana,Nashik,20.59301,73.5873,102.28,70.3,38.6,824.3,57.7,755.1,893.5,14.5,210.7,52.0,18.0,8.0,16.0,2.0,4.0,0.0,25.0,29.5,21.0,0.68,-0.2903719801646879,24.84,19.52,30.26,15.78,33.61,4.8,MODERATE,Orographic Sahyadri Elevation Gradient,Manual demo override,MANUAL_OVERRIDE,,2026-09-09,,,,NOT_REQUESTED,27.7,19.2,69.9
MH_487_549625,Amzar,Amzar,Surgana,Nashik,20.60457,73.57693,101.86,71.86,40.0,831.0,58.2,761.2,900.9,14.5,210.2,52.0,18.0,8.0,16.0,2.0,4.0,0.0,25.0,29.5,21.0,0.68,-0.32552875396855757,24.54,19.13,29.28,15.03,33.39,4.46,MODERATE,Orographic Sahyadri Elevation Gradient,Manual demo override,MANUAL_OVERRIDE,,2026-09-09,,,,NOT_REQUESTED,27.6,19.1,69.8
MH_487_549624,Dolhare,Dolhare,Surgana,Nashik,20.61,73.55587,100.17,73.14,42.3,843.9,59.1,773.0,914.8,14.5,209.3,52.0,18.0,8.0,16.0,2.0,4.0,0.0,25.0,29.5,21.0,0.68,-0.3807211257046406,24.57,20.4,29.82,14.76,33.66,4.78,MODERATE,Orographic Sahyadri Elevation Gradient,Manual demo override,MANUAL_OVERRIDE,,2026-09-09,,,,NOT_REQUESTED,27.5,19.0,69.8
MH_487_549630,Gopalnagar,Gopalnagar,Surgana,Nashik,20.59682,73.5289,97.01,72.76,44.3,859.5,60.2,787.3,931.8,14.5,208.2,52.0,18.0,8.0,16.0,2.0,4.0,0.0,25.0,29.5,21.0,0.29,-0.44207374755187356,24.21,20.11,28.74,15.16,32.16,4.51,MODERATE,Orographic Sahyadri Elevation Gradient,Manual demo override,MANUAL_OVERRIDE,,2026-09-09,,,,NOT_REQUESTED,27.4,18.9,69.7
MH_487_549629,Krishnanagar,Krishnanagar,Surgana,Nashik,20.57128,73.52784,95.65,70.18,44.3,859.0,60.1,786.9,931.1,14.5,208.2,52.0,18.0,8.0,16.0,2.0,4.0,0.0,25.0,29.5,21.0,0.29,-0.44971242342648093,24.31,18.0,29.43,14.81,33.26,4.75,MODERATE,Orographic Sahyadri Elevation Gradient,Manual demo override,MANUAL_OVERRIDE,,2026-09-09,,,,NOT_REQUESTED,27.5,19.0,69.7
MH_487_549738,Murumdari,Murumdari,Surgana,Nashik,20.44051,73.63052,100.65,52.79,32.0,791.5,55.4,725.0,858.0,14.5,212.5,52.0,18.0,8.0,16.0,2.0,4.0,0.0,25.0,29.5,21.0,3.22,-0.33501328706211214,27.2,22.75,32.73,17.93,35.26,4.6,MODERATE,Orographic Sahyadri Elevation Gradient,Manual demo override,MANUAL_OVERRIDE,,2026-09-09,,,,NOT_REQUESTED,27.9,19.4,70.9
MH_487_549631,Kathipada,Kathipada,Surgana,Nashik,20.56957,73.54313,97.01,69.4,43.4,849.8,59.5,778.4,921.2,14.5,208.8,52.0,18.0,8.0,16.0,2.0,4.0,0.0,25.0,29.5,21.0,0.68,-0.41113485040874564,24.59,19.67,29.21,14.86,32.47,4.61,MODERATE,Orographic Sahyadri Elevation Gradient,Manual demo override,MANUAL_OVERRIDE,,2026-09-09,,,,NOT_REQUESTED,27.5,19.0,69.8
MH_487_549647,Umbarvihir,Umbarvihir,Surgana,Nashik,20.57088,73.57558,100.15,68.35,40.1,830.3,58.1,760.6,900.1,14.5,210.2,52.0,18.0,8.0,16.0,2.0,4.0,0.0,25.0,29.5,21.0,0.68,-0.3198388075376238,24.62,19.94,29.81,14.95,32.97,4.79,MODERATE,Orographic Sahyadri Elevation Gradient,Manual demo override,MANUAL_OVERRIDE,,2026-09-09,,,,NOT_REQUESTED,27.6,19.1,69.8
MH_487_549650,Jamunmatha,Jamunmatha,Surgana,Nashik,20.55212,73.60265,101.91,65.49,36.4,813.3,56.9,745.0,881.5,14.5,211.3,52.0,18.0,8.0,16.0,2.0,4.0,0.0,25.0,29.5,21.0,0.68,-0.25213469695419755,24.78,20.09,30.05,14.57,34.05,4.9,MODERATE,Orographic Sahyadri Elevation Gradient,Manual demo override,MANUAL_OVERRIDE,,2026-09-09,,,,NOT_REQUESTED,27.7,19.2,69.9
MH_487_549782,Warambhe,Warambhe,Surgana,Nashik,20.42832,73.64129,101.39,51.15,30.2,784.5,54.9,718.6,850.4,14.5,212.9,52.0,18.0,8.0,16.0,2.0,4.0,0.0,25.0,29.5,21.0,3.22,-0.31570309751897185,27.3,22.42,32.76,18.86,36.33,4.5,MODERATE,Orographic Sahyadri Elevation Gradient,Manual demo override,MANUAL_OVERRIDE,,2026-09-09,,,,NOT_REQUESTED,27.9,19.4,70.9
MH_487_549712,Chikadi,Chikadi,Surgana,Nashik,20.45518,73.63957,101.99,54.05,30.5,786.7,55.1,720.6,852.9,14.5,212.9,52.0,18.0,8.0,16.0,2.0,4.0,0.0,25.0,29.5,21.0,3.22,-0.2927089071415125,27.07,22.9,31.48,17.43,36.09,4.64,MODERATE,Orographic Sahyadri Elevation Gradient,Manual demo override,MANUAL_OVERRIDE,,2026-09-09,,,,NOT_REQUESTED,27.9,19.4,70.8
MH_487_549713,Pilukpada,Pilukpada,Surgana,Nashik,20.44278,73.6647,104.15,52.02,3.0,771.1,54.0,706.3,835.9,14.5,213.9,52.0,18.0,8.0,16.0,2.0,4.0,0.0,25.0,29.5,21.0,3.22,-0.2358102896720376,27.43,23.35,32.09,17.73,35.56,4.63,MODERATE,Orographic Sahyadri Elevation Gradient,Manual demo override,MANUAL_OVERRIDE,,2026-09-09,,,,NOT_REQUESTED,28.0,19.5,71.0
MH_487_549711,Salbhoye,Salbhoye,Surgana,Nashik,20.46829,73.64818,103.27,55.2,29.0,782.2,54.8,716.4,847.9,14.5,213.2,52.0,18.0,8.0,16.0,2.0,4.0,0.0,25.0,29.5,21.0,3.22,-0.2566410016984536,27.27,22.47,32.25,17.61,35.64,4.59,MODERATE,Orographic Sahyadri Elevation Gradient,Manual demo override,MANUAL_OVERRIDE,,2026-09-09,,,,NOT_REQUESTED,27.9,19.4,70.9
MH_487_549714,Rokadpada,Rokadpada,Surgana,Nashik,20.46755,73.67406,105.83,54.46,2.8,766.6,53.7,702.2,831.0,14.5,214.3,52.0,18.0,8.0,16.0,2.0,4.0,0.0,25.0,29.5,21.0,3.22,-0.19642985650910602,27.49,23.28,32.06,16.75,35.87,4.63,MODERATE,Orographic Sahyadri Elevation Gradient,Manual demo override,MANUAL_OVERRIDE,,2026-09-09,,,,NOT_REQUESTED,28.0,19.5,71.0
MH_487_549715,Dangrale,Dangrale,Surgana,Nashik,20.45735,73.70072,108.2,52.79,2.2,750.1,52.5,687.1,813.1,14.5,215.4,52.0,18.0,8.0,16.0,2.0,4.0,0.0,25.0,29.5,21.0,3.21,-0.14106629904489715,27.31,22.92,32.8,16.61,35.66,4.77,MODERATE,Orographic Sahyadri Elevation Gradient,Manual demo override,MANUAL_OVERRIDE,,2026-09-09,,,,NOT_REQUESTED,28.2,19.7,70.9
MH_487_549716,Rahude,Rahude,Surgana,Nashik,20.45361,73.73352,111.39,51.89,1.5,730.3,51.1,669.0,791.6,14.5,216.8,52.0,18.0,8.0,16.0,2.0,4.0,0.0,25.0,29.5,21.0,3.21,-0.07220337936845059,27.34,22.79,31.85,17.72,36.14,4.65,MODERATE,Orographic Sahyadri Elevation Gradient,Manual demo override,MANUAL_OVERRIDE,,2026-09-09,,,,NOT_REQUESTED,28.3,19.8,70.9
MH_487_549705,Harantekadi,Harantekadi,Surgana,Nashik,20.47816,73.72696,111.45,54.68,1.6,735.3,51.5,673.5,797.1,14.5,216.5,52.0,18.0,8.0,16.0,2.0,4.0,0.0,25.0,29.5,21.0,3.21,-0.09031387291937502,27.47,21.67,32.34,17.95,35.91,4.66,MODERATE,Orographic Sahyadri Elevation Gradient,Manual demo override,MANUAL_OVERRIDE,,2026-09-09,,,,NOT_REQUESTED,28.3,19.8,71.0
MH_487_549706,Shinde,Shinde,Surgana,Nashik,20.48822,73.70654,109.72,56.08,2.1,748.0,52.4,685.2,810.9,14.5,215.7,52.0,18.0,8.0,16.0,2.0,4.0,0.0,25.0,29.5,21.0,3.21,-0.12520601048413232,27.64,23.22,32.93,17.73,35.7,4.78,MODERATE,Orographic Sahyadri Elevation Gradient,Manual demo override,MANUAL_OVERRIDE,,2026-09-09,,,,NOT_REQUESTED,28.2,19.7,71.1
MH_487_549710,Malegaon,Malegaon,Surgana,Nashik,20.48355,73.65173,104.12,56.74,3.3,780.7,54.7,715.1,846.4,14.5,213.4,52.0,18.0,8.0,16.0,2.0,4.0,0.0,25.0,29.5,21.0,3.22,-0.23306435400875533,27.23,22.32,31.68,17.53,36.06,4.75,MODERATE,Orographic Sahyadri Elevation Gradient,Manual demo override,MANUAL_OVERRIDE,,2026-09-09,,,,NOT_REQUESTED,27.9,19.4,70.9
MH_487_550577,Deosane,Deosane,Dindori,Nashik,20.43328,73.71719,109.2,49.87,1.9,739.2,51.7,677.1,801.2,14.5,216.1,8.0,6.0,4.0,72.0,6.0,4.0,0.0,25.0,29.5,21.0,3.3,-0.10292483786706773,27.64,22.94,33.22,17.11,36.32,4.68,MODERATE,Orographic Sahyadri Elevation Gradient,Manual demo override,MANUAL_OVERRIDE,,2026-09-09,,,,NOT_REQUESTED,28.3,19.8,71.1
MH_487_550573,Bhanwad,Bhanwad,Dindori,Nashik,20.41461,73.6582,102.73,49.18,3.2,773.7,54.2,708.7,838.8,14.5,213.6,8.0,6.0,4.0,72.0,6.0,4.0,0.0,25.0,29.5,21.0,3.31,-0.2735832681147096,27.3,22.31,31.63,17.04,34.83,4.49,MODERATE,Orographic Sahyadri Elevation Gradient,Manual demo override,MANUAL_OVERRIDE,,2026-09-09,,,,NOT_REQUESTED,28.0,19.5,70.9
MH_487_550593,Palasvihir,Palasvihir,Dindori,Nashik,20.39009,73.65157,101.47,46.77,3.3,776.6,54.4,711.3,841.9,14.5,213.4,8.0,6.0,4.0,72.0,6.0,4.0,0.0,25.0,29.5,21.0,3.31,-0.31089406444208134,27.37,22.45,32.76,16.62,36.53,4.87,MODERATE,Orographic Sahyadri Elevation Gradient,Manual demo override,MANUAL_OVERRIDE,,2026-09-09,,,,NOT_REQUESTED,28.0,19.5,70.9
MH_487_550592,Vare,Vare,Dindori,Nashik,20.39896,73.6898,105.57,46.66,2.5,754.1,52.8,690.7,817.4,14.5,215.0,8.0,6.0,4.0,72.0,6.0,4.0,0.0,25.0,29.5,21.0,3.31,-0.17685106098632178,27.47,22.82,32.23,18.09,36.77,4.72,MODERATE,Orographic Sahyadri Elevation Gradient,Manual demo override,MANUAL_OVERRIDE,,2026-09-09,,,,NOT_REQUESTED,28.1,19.6,71.0
MH_487_550575,Wagdeopada,Wagdeopada,Dindori,Nashik,20.4175,73.69462,106.5,48.57,2.4,752.0,52.6,688.9,815.1,14.5,215.2,8.0,6.0,4.0,72.0,6.0,4.0,0.0,25.0,29.5,21.0,3.3,-0.16161801037584134,27.45,22.85,32.18,16.72,35.82,4.73,MODERATE,Orographic Sahyadri Elevation Gradient,Manual demo override,MANUAL_OVERRIDE,,2026-09-09,,,,NOT_REQUESTED,28.2,19.7,71.0
MH_487_550591,Talyachapada,Talyachapada,Dindori,Nashik,20.4017,73.71116,107.81,46.51,2.0,741.4,51.9,679.1,803.7,14.5,215.9,8.0,6.0,4.0,72.0,6.0,4.0,0.0,25.0,29.5,21.0,3.3,-0.11145971229786045,27.56,23.04,32.7,17.94,36.18,4.75,MODERATE,Orographic Sahyadri Elevation Gradient,Manual demo override,MANUAL_OVERRIDE,,2026-09-09,,,,NOT_REQUESTED,28.2,19.7,71.0
MH_487_550590,Deopada,Deopada,Dindori,Nashik,20.40931,73.72579,109.48,47.1,1.7,732.9,51.3,671.4,794.5,14.5,216.5,8.0,6.0,4.0,72.0,6.0,4.0,0.0,25.0,29.5,21.0,3.3,-0.07336147817506983,27.54,22.72,32.21,17.48,35.44,4.61,MODERATE,Orographic Sahyadri Elevation Gradient,Manual demo override,MANUAL_OVERRIDE,,2026-09-09,,,,NOT_REQUESTED,28.3,19.8,71.0
MH_487_550589,Karanjali,Karanjali,Dindori,Nashik,20.40638,73.73992,110.85,46.59,1.4,724.3,50.7,663.5,785.2,14.5,217.1,8.0,6.0,4.0,72.0,6.0,4.0,0.0,25.0,29.5,21.0,3.3,-0.03487254272100244,27.55,22.9,32.06,17.76,36.19,4.47,MODERATE,Orographic Sahyadri Elevation Gradient,Manual demo override,MANUAL_OVERRIDE,,2026-09-09,,,,NOT_REQUESTED,28.3,19.8,71.0
MH_487_550595,Vanjole,Vanjole,Dindori,Nashik,20.3836,73.71839,108.16,44.4,1.8,736.2,51.5,674.4,798.0,14.5,216.2,8.0,6.0,4.0,72.0,6.0,4.0,0.0,25.0,29.5,21.0,3.3,-0.08130692408538226,27.73,21.29,32.88,18.01,36.01,4.78,MODERATE,Orographic Sahyadri Elevation Gradient,Manual demo override,MANUAL_OVERRIDE,,2026-09-09,,,,NOT_REQUESTED,28.3,19.8,71.1
MH_487_549799,Babkhede,Babkhede,Kalwan,Nashik,20.56641,73.80206,121.88,62.9,-0.0,559.8,39.2,512.7,606.8,3.2,219.7,12.0,14.0,10.0,58.0,4.0,2.0,0.0,25.0,29.5,21.0,3.47,-0.07416971002535296,27.8,23.16,32.43,17.55,36.08,4.69,MODERATE,Rain-Shadow Plateau Topography,Manual demo override,MANUAL_OVERRIDE,,2026-09-09,,,,NOT_REQUESTED,29.4,20.9,71.1
MH_487_550596,Titave,Titave,Dindori,Nashik,20.37728,73.74047,110.29,43.37,1.3,722.7,50.6,662.0,783.4,14.5,217.1,8.0,6.0,4.0,72.0,6.0,4.0,0.0,25.0,29.5,21.0,3.3,-0.009499916169016832,27.63,23.3,32.32,17.72,36.35,4.65,MODERATE,Orographic Sahyadri Elevation Gradient,Manual demo override,MANUAL_OVERRIDE,,2026-09-09,,,,NOT_REQUESTED,28.4,19.9,71.1
MH_487_550574,Borvand,Borvand,Dindori,Nashik,20.41047,73.65417,102.22,48.86,3.3,776.0,54.3,710.8,841.1,14.5,213.5,8.0,6.0,4.0,72.0,6.0,4.0,0.0,25.0,29.5,21.0,3.31,-0.28936037661343955,27.26,22.4,31.96,17.54,36.05,4.65,MODERATE,Orographic Sahyadri Elevation Gradient,Manual demo override,MANUAL_OVERRIDE,,2026-09-09,,,,NOT_REQUESTED,28.0,19.5,70.9
MH_487_550578,Sarsale,Sarsale,Dindori,Nashik,20.42989,73.74701,112.13,49.12,1.2,721.1,50.5,660.5,781.7,14.5,217.4,8.0,6.0,4.0,72.0,6.0,4.0,0.0,25.0,29.5,21.0,3.3,-0.03338592572356854,27.61,23.3,32.14,18.03,36.49,4.61,MODERATE,Orographic Sahyadri Elevation Gradient,Manual demo override,MANUAL_OVERRIDE,,2026-09-09,,,,NOT_REQUESTED,28.4,19.9,71.0
MH_487_550579,Karanjkhed,Karanjkhed,Dindori,Nashik,20.42889,73.7672,114.16,48.86,0.7,709.0,49.6,649.5,768.5,14.5,218.2,8.0,6.0,4.0,72.0,6.0,4.0,0.0,25.0,29.5,21.0,3.3,0.008546353642567468,27.54,22.9,32.53,18.0,35.99,4.56,MODERATE,Orographic Sahyadri Elevation Gradient,Manual demo override,MANUAL_OVERRIDE,,2026-09-09,,,,NOT_REQUESTED,28.4,19.9,71.0
MH_487_550580,Chausale,Chausale,Dindori,Nashik,20.41469,73.78593,115.73,47.23,0.3,697.1,48.8,638.5,755.7,14.5,219.0,8.0,6.0,4.0,72.0,6.0,4.0,0.0,25.0,29.5,21.0,3.3,0.05788914076210797,27.62,22.87,32.09,18.0,35.81,4.54,MODERATE,Orographic Sahyadri Elevation Gradient,Manual demo override,MANUAL_OVERRIDE,,2026-09-09,,,,NOT_REQUESTED,28.5,20.0,71.0
MH_487_550581,Pingalwadi,Pingalwadi,Dindori,Nashik,20.43172,73.79858,117.42,49.13,0.0,690.3,48.3,632.3,748.2,14.5,219.5,8.0,6.0,4.0,72.0,6.0,4.0,0.0,25.0,29.5,21.0,3.3,0.0598550147317166,27.57,22.99,32.21,17.81,35.84,4.69,MODERATE,Orographic Sahyadri Elevation Gradient,Manual demo override,MANUAL_OVERRIDE,,2026-09-09,,,,NOT_REQUESTED,28.6,20.1,71.0
MH_487_550584,Kolher,Kolher,Dindori,Nashik,20.40725,73.84365,121.47,45.79,-1.0,554.8,38.8,508.2,601.3,3.2,221.4,8.0,6.0,4.0,72.0,6.0,4.0,0.0,25.0,29.5,21.0,1.97,0.1505090011546952,26.28,21.45,30.94,16.61,34.48,4.66,MODERATE,Horticultural Orchard Microclimate,Manual demo override,MANUAL_OVERRIDE,,2026-09-09,,,,NOT_REQUESTED,29.4,20.9,70.5
MH_487_550588,Eklahare,Eklahare,Dindori,Nashik,20.40982,73.76439,113.43,46.76,0.8,709.8,49.7,650.2,769.4,14.5,218.1,8.0,6.0,4.0,72.0,6.0,4.0,0.0,25.0,29.5,21.0,3.3,0.019935270056907445,27.79,23.04,32.68,18.1,34.93,4.48,MODERATE,Orographic Sahyadri Elevation Gradient,Manual demo override,MANUAL_OVERRIDE,,2026-09-09,,,,NOT_REQUESTED,28.4,19.9,71.1
MH_487_550586,Haste Dumala,Haste Dumala,Dindori,Nashik,20.39533,73.80694,117.47,45.11,-0.2,559.2,39.1,512.2,606.1,3.2,219.9,8.0,6.0,4.0,72.0,6.0,4.0,0.0,25.0,29.5,21.0,3.31,0.11964135761525066,27.74,22.91,32.47,18.1,36.32,4.66,MODERATE,Horticultural Orchard Microclimate,Manual demo override,MANUAL_OVERRIDE,,2026-09-09,,,,NOT_REQUESTED,29.4,20.9,71.1
MH_487_549862,Amdar,Amdar,Kalwan,Nashik,20.51251,73.81359,121.18,57.17,-0.3,558.4,39.1,511.4,605.3,3.2,220.2,12.0,14.0,10.0,58.0,4.0,2.0,0.0,25.0,29.5,21.0,3.47,-0.007151881340654741,27.78,23.23,32.76,18.35,36.47,4.61,MODERATE,Rain-Shadow Plateau Topography,Manual demo override,MANUAL_OVERRIDE,,2026-09-09,,,,NOT_REQUESTED,29.4,20.9,71.1
MH_487_550582,Pimpri Anchala,Pimpri Anchala,Dindori,Nashik,20.41334,73.82469,119.66,47.21,-0.6,557.0,39.0,510.2,603.8,3.2,220.6,8.0,6.0,4.0,72.0,6.0,4.0,0.0,25.0,29.5,21.0,0.68,0.11987841022350637,25.15,20.6,29.64,15.2,33.69,4.59,MODERATE,Horticultural Orchard Microclimate,Manual demo override,MANUAL_OVERRIDE,,2026-09-09,,,,NOT_REQUESTED,29.4,20.9,70.1
MH_487_549702,Kharude,Kharude,Surgana,Nashik,20.45024,73.81013,119.05,51.22,-0.2,558.8,39.1,511.9,605.7,3.2,220.0,52.0,18.0,8.0,16.0,2.0,4.0,0.0,25.0,29.5,21.0,3.22,0.05520493275086172,27.54,22.83,32.19,18.28,35.99,4.56,MODERATE,Rain-Shadow Plateau Topography,Manual demo override,MANUAL_OVERRIDE,,2026-09-09,,,,NOT_REQUESTED,29.4,20.9,71.0
MH_487_550585,Maledumala,Maledumala,Dindori,Nashik,20.37992,73.83624,120.18,43.63,-0.8,555.7,38.9,509.0,602.3,3.2,221.1,8.0,6.0,4.0,72.0,6.0,4.0,0.0,25.0,29.5,21.0,0.68,0.18621568915485995,25.23,20.43,30.1,15.56,33.7,4.66,MODERATE,Horticultural Orchard Microclimate,Manual demo override,MANUAL_OVERRIDE,,2026-09-09,,,,NOT_REQUESTED,29.4,20.9,70.1
MH_487_550583,Dagadpimpri,Dagadpimpri,Dindori,Nashik,20.41958,73.82441,119.77,47.9,-0.5,557.1,39.0,510.3,603.9,3.2,220.6,8.0,6.0,4.0,72.0,6.0,4.0,0.0,25.0,29.5,21.0,0.68,0.11093721772948319,25.27,20.68,30.22,15.66,33.75,4.65,MODERATE,Horticultural Orchard Microclimate,Manual demo override,MANUAL_OVERRIDE,,2026-09-09,,,,NOT_REQUESTED,29.4,20.9,70.1
MH_487_550587,Khoripada,Khoripada,Dindori,Nashik,20.38034,73.80179,116.65,43.42,-0.0,559.8,39.2,512.7,606.8,3.2,219.7,8.0,6.0,4.0,72.0,6.0,4.0,0.0,25.0,29.5,21.0,3.31,0.13325327478958648,27.83,22.93,33.07,18.14,36.29,4.73,MODERATE,Horticultural Orchard Microclimate,Manual demo override,MANUAL_OVERRIDE,,2026-09-09,,,,NOT_REQUESTED,29.4,20.9,71.1
MH_487_549704,Sanjaynagar,Sanjaynagar,Surgana,Nashik,20.45064,73.75635,113.62,51.34,1.0,716.5,50.2,656.2,776.7,14.5,217.8,52.0,18.0,8.0,16.0,2.0,4.0,0.0,25.0,29.5,21.0,3.21,-0.027634471196929872,27.29,22.84,32.25,17.71,35.63,4.71,MODERATE,Orographic Sahyadri Elevation Gradient,Manual demo override,MANUAL_OVERRIDE,,2026-09-09,,,,NOT_REQUESTED,28.4,19.9,70.9
MH_487_549703,Umbarpada Digar,Umbarpada Digar,Surgana,Nashik,20.4524,73.77423,115.47,51.44,0.6,705.8,49.4,646.5,765.1,14.5,218.5,52.0,18.0,8.0,16.0,2.0,4.0,0.0,25.0,29.5,21.0,3.21,0.0015906108842485736,27.52,23.09,32.1,16.79,35.45,4.8,MODERATE,Orographic Sahyadri Elevation Gradient,Manual demo override,MANUAL_OVERRIDE,,2026-09-09,,,,NOT_REQUESTED,28.5,20.0,71.0
MH_487_549701,Ghagbari,Ghagbari,Surgana,Nashik,20.45358,73.78995,117.1,51.55,0.2,696.4,48.8,637.9,755.0,14.5,219.2,52.0,18.0,8.0,16.0,2.0,4.0,0.0,25.0,29.5,21.0,3.21,0.024513097933822364,27.4,22.32,31.85,17.51,35.92,4.68,MODERATE,Orographic Sahyadri Elevation Gradient,Manual demo override,MANUAL_OVERRIDE,,2026-09-09,,,,NOT_REQUESTED,28.5,20.0,71.0
MH_487_549700,Sarad,Sarad,Surgana,Nashik,20.47177,73.75978,114.55,53.66,0.9,715.4,50.1,655.2,775.5,14.5,217.9,52.0,18.0,8.0,16.0,2.0,4.0,0.0,25.0,29.5,21.0,3.21,-0.034738465788978386,27.64,22.38,32.29,17.66,37.12,4.68,MODERATE,Orographic Sahyadri Elevation Gradient,Manual demo override,MANUAL_OVERRIDE,,2026-09-09,,,,NOT_REQUESTED,28.4,19.9,71.1
MH_487_549699,Chikhali,Chikhali,Surgana,Nashik,20.48715,73.76199,115.23,55.36,0.9,714.7,50.0,654.7,774.7,14.5,218.0,52.0,18.0,8.0,16.0,2.0,4.0,0.0,25.0,29.5,21.0,3.21,-0.04088135414976826,27.61,22.81,31.69,18.41,35.79,4.35,MODERATE,Orographic Sahyadri Elevation Gradient,Manual demo override,MANUAL_OVERRIDE,,2026-09-09,,,,NOT_REQUESTED,28.4,19.9,71.0
MH_487_549883,Devali Karhad,Devali Karhad,Kalwan,Nashik,20.48746,73.80124,119.18,55.33,-0.0,559.9,39.2,512.8,606.9,3.2,219.7,12.0,14.0,10.0,58.0,4.0,2.0,0.0,25.0,29.5,21.0,3.47,0.006469123423841973,27.86,23.16,32.38,18.17,36.03,4.6,MODERATE,Rain-Shadow Plateau Topography,Manual demo override,MANUAL_OVERRIDE,,2026-09-09,,,,NOT_REQUESTED,29.4,20.9,71.1
MH_487_549901,Jamale,Jamale,Kalwan,Nashik,20.44514,73.83057,121.0,49.98,-0.7,556.3,38.9,509.7,603.0,3.2,220.9,12.0,14.0,10.0,58.0,4.0,2.0,0.0,25.0,29.5,21.0,0.68,0.0849665112870574,25.12,20.21,29.81,15.49,33.4,4.68,MODERATE,Rain-Shadow Plateau Topography,Manual demo override,MANUAL_OVERRIDE,,2026-09-09,,,,NOT_REQUESTED,29.4,20.9,70.0
MH_487_549886,Wadpada,Wadpada,Kalwan,Nashik,20.46768,73.80283,118.78,53.13,-0.1,559.7,39.2,512.6,606.7,3.2,219.7,12.0,14.0,10.0,58.0,4.0,2.0,0.0,25.0,29.5,21.0,3.47,0.02774935684589347,27.81,22.89,32.64,18.25,36.31,4.7,MODERATE,Rain-Shadow Plateau Topography,Manual demo override,MANUAL_OVERRIDE,,2026-09-09,,,,NOT_REQUESTED,29.4,20.9,71.1
MH_487_549888,Mohpada,Mohpada,Kalwan,Nashik,20.46308,73.82584,120.98,51.89,-0.6,556.9,39.0,510.1,603.7,3.2,220.7,12.0,14.0,10.0,58.0,4.0,2.0,0.0,25.0,29.5,21.0,1.54,0.05846549993607816,25.93,21.41,30.54,15.59,34.51,4.79,MODERATE,Rain-Shadow Plateau Topography,Manual demo override,MANUAL_OVERRIDE,,2026-09-09,,,,NOT_REQUESTED,29.4,20.9,70.4
MH_487_549890,Ambika Ozar,Ambika Ozar,Kalwan,Nashik,20.46654,73.84817,123.33,50.92,-1.1,554.2,38.8,507.7,600.8,3.2,221.6,12.0,14.0,10.0,58.0,4.0,2.0,0.0,25.0,29.5,21.0,2.67,0.07465349728033782,27.13,22.45,32.05,17.23,35.55,4.73,MODERATE,Rain-Shadow Plateau Topography,Manual demo override,MANUAL_OVERRIDE,,2026-09-09,,,,NOT_REQUESTED,29.4,20.9,70.9
MH_487_549820,Bhakurde,Bhakurde,Kalwan,Nashik,20.52492,73.8502,125.23,56.41,-1.1,554.0,38.8,507.4,600.5,3.2,221.7,12.0,14.0,10.0,58.0,4.0,2.0,0.0,25.0,29.5,21.0,2.67,0.004059148231008415,26.99,22.34,31.42,16.9,35.48,4.68,MODERATE,Rain-Shadow Plateau Topography,Manual demo override,MANUAL_OVERRIDE,,2026-09-09,,,,NOT_REQUESTED,29.4,20.9,70.8
MH_487_549885,Sukapur Hatgad,Sukapur Hatgad,Kalwan,Nashik,20.47006,73.79635,118.19,53.38,0.1,693.3,48.5,635.1,751.5,14.5,219.4,12.0,14.0,10.0,58.0,4.0,2.0,0.0,25.0,29.5,21.0,3.47,0.017469679171456257,27.72,23.37,32.21,17.52,36.61,4.73,MODERATE,Orographic Sahyadri Elevation Gradient,Manual demo override,MANUAL_OVERRIDE,,2026-09-09,,,,NOT_REQUESTED,28.5,20.0,71.1
MH_487_549884,Khirad,Khirad,Kalwan,Nashik,20.4918,73.78371,117.55,55.8,0.4,701.9,49.1,643.0,760.8,14.5,218.9,12.0,14.0,10.0,58.0,4.0,2.0,0.0,25.0,29.5,21.0,3.47,-0.017041341775658903,27.76,23.36,32.34,17.86,36.35,4.64,MODERATE,Orographic Sahyadri Elevation Gradient,Manual demo override,MANUAL_OVERRIDE,,2026-09-09,,,,NOT_REQUESTED,28.5,20.0,71.1
MH_487_549821,Kosurde,Kosurde,Kalwan,Nashik,20.52572,73.82984,123.22,57.53,-0.7,556.4,38.9,509.7,603.1,3.2,220.9,12.0,14.0,10.0,58.0,4.0,2.0,0.0,25.0,29.5,21.0,1.54,-0.009681473959178668,25.82,21.43,30.6,15.99,34.28,4.68,MODERATE,Rain-Shadow Plateau Topography,Manual demo override,MANUAL_OVERRIDE,,2026-09-09,,,,NOT_REQUESTED,29.4,20.9,70.3
MH_487_549887,Palasdar,Palasdar,Kalwan,Nashik,20.47203,73.82182,120.81,52.95,-0.5,557.4,39.0,510.6,604.2,3.2,220.5,12.0,14.0,10.0,58.0,4.0,2.0,0.0,25.0,29.5,21.0,1.54,0.0441618568410307,25.83,21.47,30.68,16.02,34.41,4.63,MODERATE,Rain-Shadow Plateau Topography,Manual demo override,MANUAL_OVERRIDE,,2026-09-09,,,,NOT_REQUESTED,29.4,20.9,70.3
MH_487_549882,Tirhal Bk,Tirhal Bk,Kalwan,Nashik,20.48182,73.84843,123.77,52.35,-1.1,554.2,38.8,507.6,600.7,3.2,221.6,12.0,14.0,10.0,58.0,4.0,2.0,0.0,25.0,29.5,21.0,2.67,0.055971725137797544,27.02,22.57,31.72,17.46,35.87,4.7,MODERATE,Rain-Shadow Plateau Topography,Manual demo override,MANUAL_OVERRIDE,,2026-09-09,,,,NOT_REQUESTED,29.4,20.9,70.8
MH_487_549707,Waghdhond,Waghdhond,Surgana,Nashik,20.49555,73.68183,107.51,57.34,2.7,763.2,53.4,699.1,827.3,14.5,214.6,52.0,18.0,8.0,16.0,2.0,4.0,0.0,25.0,29.5,21.0,3.22,-0.16515803572302773,27.47,22.81,32.48,18.16,35.21,4.54,MODERATE,Orographic Sahyadri Elevation Gradient,Manual demo override,MANUAL_OVERRIDE,,2026-09-09,,,,NOT_REQUESTED,28.1,19.6,71.0
MH_487_549708,Sabardara,Sabardara,Surgana,Nashik,20.50785,73.6622,105.99,59.11,3.1,775.5,54.3,710.4,840.7,14.5,213.8,52.0,18.0,8.0,16.0,2.0,4.0,0.0,25.0,29.5,21.0,3.22,-0.19064232826074484,27.18,22.19,31.52,17.02,36.06,4.83,MODERATE,Orographic Sahyadri Elevation Gradient,Manual demo override,MANUAL_OVERRIDE,,2026-09-09,,,,NOT_REQUESTED,28.0,19.5,70.9
MH_487_549709,Bhintghar,Bhintghar,Surgana,Nashik,20.49677,73.65244,104.64,58.15,3.3,780.9,54.7,715.3,846.5,14.5,213.4,52.0,18.0,8.0,16.0,2.0,4.0,0.0,25.0,29.5,21.0,3.22,-0.21848680380118246,27.34,22.65,32.88,18.08,36.42,4.69,MODERATE,Orographic Sahyadri Elevation Gradient,Manual demo override,MANUAL_OVERRIDE,,2026-09-09,,,,NOT_REQUESTED,27.9,19.4,70.9
MH_487_549694,Mohapada,Mohapada,Surgana,Nashik,20.50779,73.70097,109.82,58.32,2.2,752.3,52.7,689.0,815.5,14.5,215.4,52.0,18.0,8.0,16.0,2.0,4.0,0.0,25.0,29.5,21.0,3.21,-0.13131575805949605,27.43,22.78,32.49,17.52,36.62,4.88,MODERATE,Orographic Sahyadri Elevation Gradient,Manual demo override,MANUAL_OVERRIDE,,2026-09-09,,,,NOT_REQUESTED,28.2,19.7,71.0
MH_487_549693,Chirai,Chirai,Surgana,Nashik,20.52159,73.69915,110.13,59.86,2.3,754.0,52.8,690.6,817.3,14.5,215.4,52.0,18.0,8.0,16.0,2.0,4.0,0.0,25.0,29.5,21.0,3.22,-0.1321323926136453,27.44,23.35,32.78,17.66,35.89,4.69,MODERATE,Orographic Sahyadri Elevation Gradient,Manual demo override,MANUAL_OVERRIDE,,2026-09-09,,,,NOT_REQUESTED,28.1,19.6,71.0
MH_487_549695,Roti,Roti,Surgana,Nashik,20.50445,73.72902,112.49,57.56,1.6,735.3,51.5,673.5,797.1,14.5,216.6,52.0,18.0,8.0,16.0,2.0,4.0,0.0,25.0,29.5,21.0,3.21,-0.0927416187604449,27.59,22.86,32.88,18.16,36.1,4.68,MODERATE,Orographic Sahyadri Elevation Gradient,Manual demo override,MANUAL_OVERRIDE,,2026-09-09,,,,NOT_REQUESTED,28.3,19.8,71.0
MH_487_549657,Ladgaon,Ladgaon,Surgana,Nashik,20.53114,73.68808,109.38,61.1,2.5,761.1,53.3,697.1,825.0,14.5,214.9,52.0,18.0,8.0,16.0,2.0,4.0,0.0,25.0,29.5,21.0,3.22,-0.1436062025013683,27.53,22.28,32.54,18.37,36.04,4.56,MODERATE,Orographic Sahyadri Elevation Gradient,Manual demo override,MANUAL_OVERRIDE,,2026-09-09,,,,NOT_REQUESTED,28.1,19.6,71.0
MH_487_549656,Chinchpada,Chinchpada,Surgana,Nashik,20.541,73.67518,108.5,62.43,2.8,769.2,53.8,704.7,833.8,14.5,214.4,52.0,18.0,8.0,16.0,2.0,4.0,0.0,25.0,29.5,21.0,3.22,-0.15464233168154032,27.29,22.04,32.15,17.74,35.37,4.72,MODERATE,Orographic Sahyadri Elevation Gradient,Manual demo override,MANUAL_OVERRIDE,,2026-09-09,,,,NOT_REQUESTED,28.0,19.5,70.9
MH_487_549822,Dalwat,Dalwat,Kalwan,Nashik,20.5435,73.83374,124.2,59.04,-0.8,556.0,38.9,509.3,602.6,3.2,221.0,12.0,14.0,10.0,58.0,4.0,2.0,0.0,25.0,29.5,21.0,1.54,-0.028508722528642186,25.8,20.97,30.17,16.2,34.16,4.64,MODERATE,Rain-Shadow Plateau Topography,Manual demo override,MANUAL_OVERRIDE,,2026-09-09,,,,NOT_REQUESTED,29.4,20.9,70.3
MH_487_549690,Nagshewadi,Nagshewadi,Surgana,Nashik,20.52598,73.72646,112.98,59.97,1.7,737.8,51.6,675.9,799.7,14.5,216.5,52.0,18.0,8.0,16.0,2.0,4.0,0.0,25.0,29.5,21.0,3.21,-0.10188355464408068,27.41,23.06,32.67,17.56,36.12,4.62,MODERATE,Orographic Sahyadri Elevation Gradient,Manual demo override,MANUAL_OVERRIDE,,2026-09-09,,,,NOT_REQUESTED,28.3,19.8,71.0
MH_487_549692,Hatti Bk,Hatti Bk,Surgana,Nashik,20.54049,73.69817,110.72,61.96,2.3,755.4,52.9,691.9,818.9,14.5,215.3,52.0,18.0,8.0,16.0,2.0,4.0,0.0,25.0,29.5,21.0,3.22,-0.13313849669317432,27.19,22.6,32.36,16.7,36.05,4.86,MODERATE,Orographic Sahyadri Elevation Gradient,Manual demo override,MANUAL_OVERRIDE,,2026-09-09,,,,NOT_REQUESTED,28.1,19.6,70.9
MH_487_549672,Ahmadgavhan,Ahmadgavhan,Surgana,Nashik,20.52452,73.64943,105.35,61.22,28.8,783.9,54.9,718.1,849.8,14.5,213.3,52.0,18.0,8.0,16.0,2.0,4.0,0.0,25.0,29.5,21.0,3.22,-0.19623146934942648,27.56,22.94,32.42,17.57,35.62,4.7,MODERATE,Orographic Sahyadri Elevation Gradient,Manual demo override,MANUAL_OVERRIDE,,2026-09-09,,,,NOT_REQUESTED,27.9,19.4,71.0
MH_487_549661,Udaypur,Udaypur,Surgana,Nashik,20.54474,73.6391,105.13,63.66,30.6,791.1,55.4,724.6,857.5,14.5,212.8,52.0,18.0,8.0,16.0,2.0,4.0,0.0,25.0,29.5,21.0,3.22,-0.1899957081800804,27.23,20.98,32.45,17.75,36.19,4.94,MODERATE,Orographic Sahyadri Elevation Gradient,Manual demo override,MANUAL_OVERRIDE,,2026-09-09,,,,NOT_REQUESTED,27.9,19.4,70.9
MH_487_549662,Garmal,Garmal,Surgana,Nashik,20.54015,73.64229,105.26,63.08,30.0,788.9,55.2,722.7,855.2,14.5,213.0,52.0,18.0,8.0,16.0,2.0,4.0,0.0,25.0,29.5,21.0,3.22,-0.1906737947983922,27.49,22.54,32.71,17.39,36.15,4.62,MODERATE,Orographic Sahyadri Elevation Gradient,Manual demo override,MANUAL_OVERRIDE,,2026-09-09,,,,NOT_REQUESTED,27.9,19.4,71.0
MH_487_549823,Jamle,Jamle,Kalwan,Nashik,20.53979,73.81714,122.43,59.55,-0.4,557.9,39.1,511.0,604.9,3.2,220.3,12.0,14.0,10.0,58.0,4.0,2.0,0.0,25.0,29.5,21.0,1.54,-0.03439604514947571,25.77,21.51,30.47,15.77,34.59,4.73,MODERATE,Rain-Shadow Plateau Topography,Manual demo override,MANUAL_OVERRIDE,,2026-09-09,,,,NOT_REQUESTED,29.4,20.9,70.3
MH_487_549660,Malgavhan,Malgavhan,Surgana,Nashik,20.54046,73.63744,104.8,63.24,30.8,791.9,55.4,725.4,858.3,14.5,212.8,52.0,18.0,8.0,16.0,2.0,4.0,0.0,25.0,29.5,21.0,3.22,-0.19691403612169597,27.31,22.92,32.74,16.96,34.73,4.53,MODERATE,Orographic Sahyadri Elevation Gradient,Manual demo override,MANUAL_OVERRIDE,,2026-09-09,,,,NOT_REQUESTED,27.9,19.4,70.9
MH_487_549651,Wadpada,Wadpada,Surgana,Nashik,20.56069,73.62694,104.61,65.7,32.6,799.1,55.9,732.0,866.1,14.5,212.3,52.0,18.0,8.0,16.0,2.0,4.0,0.0,25.0,29.5,21.0,1.04,-0.18669355559380182,25.11,19.49,30.53,15.34,33.72,4.76,MODERATE,Orographic Sahyadri Elevation Gradient,Manual demo override,MANUAL_OVERRIDE,,2026-09-09,,,,NOT_REQUESTED,27.8,19.3,70.0
MH_487_549659,Umaremal,Umaremal,Surgana,Nashik,20.53057,73.66948,107.54,61.41,2.9,772.2,54.1,707.3,837.1,14.5,214.1,52.0,18.0,8.0,16.0,2.0,4.0,0.0,25.0,29.5,21.0,3.22,-0.16483680510147727,27.44,22.21,31.91,17.93,35.09,4.58,MODERATE,Orographic Sahyadri Elevation Gradient,Manual demo override,MANUAL_OVERRIDE,,2026-09-09,,,,NOT_REQUESTED,28.0,19.5,71.0
MH_487_549674,Vadmal,Vadmal,Surgana,Nashik,20.50697,73.631,102.89,59.83,31.9,794.2,55.6,727.5,860.9,14.5,212.5,52.0,18.0,8.0,16.0,2.0,4.0,0.0,25.0,29.5,21.0,3.22,-0.25029819727776725,27.17,21.74,32.38,17.03,35.44,4.81,MODERATE,Orographic Sahyadri Elevation Gradient,Manual demo override,MANUAL_OVERRIDE,,2026-09-09,,,,NOT_REQUESTED,27.9,19.4,70.9
MH_487_549691,Vanjulpada,Vanjulpada,Surgana,Nashik,20.52498,73.71199,111.51,60.04,2.0,746.4,52.3,683.7,809.2,14.5,215.9,52.0,18.0,8.0,16.0,2.0,4.0,0.0,25.0,29.5,21.0,3.21,-0.11737719239637145,27.54,22.41,32.09,17.29,36.23,4.79,MODERATE,Orographic Sahyadri Elevation Gradient,Manual demo override,MANUAL_OVERRIDE,,2026-09-09,,,,NOT_REQUESTED,28.2,19.7,71.0
MH_487_549658,Bubli,Bubli,Surgana,Nashik,20.52219,73.67256,107.53,60.43,2.9,770.0,53.9,705.3,834.6,14.5,214.2,52.0,18.0,8.0,16.0,2.0,4.0,0.0,25.0,29.5,21.0,3.22,-0.16537704164142644,27.63,23.0,32.1,17.5,35.92,4.79,MODERATE,Orographic Sahyadri Elevation Gradient,Manual demo override,MANUAL_OVERRIDE,,2026-09-09,,,,NOT_REQUESTED,28.0,19.5,71.1
MH_487_549686,Mothamal,Mothamal,Surgana,Nashik,20.55475,73.73758,115.12,63.03,1.4,732.4,51.3,670.9,794.0,14.5,217.0,52.0,18.0,8.0,16.0,2.0,4.0,0.0,25.0,29.5,21.0,3.21,-0.10627811874583973,27.42,22.45,32.5,17.48,36.39,4.7,MODERATE,Orographic Sahyadri Elevation Gradient,Manual demo override,MANUAL_OVERRIDE,,2026-09-09,,,,NOT_REQUESTED,28.3,19.8,71.0
MH_487_549644,Nawapur,Nawapur,Surgana,Nashik,20.57487,73.62817,105.34,67.19,32.4,799.0,55.9,731.9,866.0,14.5,212.4,52.0,18.0,8.0,16.0,2.0,4.0,0.0,25.0,29.5,21.0,1.04,-0.17673332878859,25.24,19.99,30.49,15.85,34.02,4.63,MODERATE,Orographic Sahyadri Elevation Gradient,Manual demo override,MANUAL_OVERRIDE,,2026-09-09,,,,NOT_REQUESTED,27.8,19.3,70.1
MH_487_549685,Shribhuvan,Shribhuvan,Surgana,Nashik,20.55865,73.71956,113.51,63.66,1.8,743.4,52.0,681.0,805.8,14.5,216.2,52.0,18.0,8.0,16.0,2.0,4.0,0.0,25.0,29.5,21.0,3.21,-0.12191282526636708,27.42,22.65,32.22,17.75,35.76,4.66,MODERATE,Orographic Sahyadri Elevation Gradient,Manual demo override,MANUAL_OVERRIDE,,2026-09-09,,,,NOT_REQUESTED,28.2,19.7,71.0
MH_487_549653,Talpada,Talpada,Surgana,Nashik,20.55495,73.66475,108.03,64.16,3.0,776.1,54.3,711.0,841.3,14.5,213.9,52.0,18.0,8.0,16.0,2.0,4.0,0.0,25.0,29.5,21.0,3.22,-0.16014647649532224,27.33,22.57,32.11,17.79,36.43,4.7,MODERATE,Orographic Sahyadri Elevation Gradient,Manual demo override,MANUAL_OVERRIDE,,2026-09-09,,,,NOT_REQUESTED,28.0,19.5,70.9
MH_487_549652,Karanjali,Karanjali,Surgana,Nashik,20.56799,73.646,106.76,66.0,29.4,788.0,55.2,721.7,854.2,14.5,213.1,52.0,18.0,8.0,16.0,2.0,4.0,0.0,25.0,29.5,21.0,1.04,-0.16941149516911058,25.18,20.42,30.89,15.07,33.18,4.63,MODERATE,Orographic Sahyadri Elevation Gradient,Manual demo override,MANUAL_OVERRIDE,,2026-09-09,,,,NOT_REQUESTED,27.9,19.4,70.1
MH_487_251434,Surgana,Surgana,Central,Nashik,20.55562,73.64305,105.95,64.73,29.9,789.2,55.2,722.9,855.4,14.5,213.0,12.0,14.0,10.0,58.0,4.0,2.0,0.0,25.0,29.5,21.0,1.07,-0.17613364891192534,25.08,19.99,30.79,14.7,33.91,4.88,MODERATE,Orographic Sahyadri Elevation Gradient,Manual demo override,MANUAL_OVERRIDE,,2026-09-09,,,,NOT_REQUESTED,27.9,19.4,70.0
MH_487_549655,Durgapur,Durgapur,Surgana,Nashik,20.55937,73.68289,109.97,64.29,2.6,765.4,53.6,701.1,829.8,14.5,214.7,52.0,18.0,8.0,16.0,2.0,4.0,0.0,25.0,29.5,21.0,3.22,-0.14774585345623278,27.49,22.66,32.52,17.14,36.43,4.68,MODERATE,Orographic Sahyadri Elevation Gradient,Manual demo override,MANUAL_OVERRIDE,,2026-09-09,,,,NOT_REQUESTED,28.0,19.5,71.0
MH_487_549654,Karwande,Karwande,Surgana,Nashik,20.5587,73.70278,111.88,63.89,2.2,753.5,52.7,690.2,816.7,14.5,215.5,52.0,18.0,8.0,16.0,2.0,4.0,0.0,25.0,29.5,21.0,3.22,-0.13387261938768125,27.41,22.47,32.39,17.62,36.06,4.77,MODERATE,Orographic Sahyadri Elevation Gradient,Manual demo override,MANUAL_OVERRIDE,,2026-09-09,,,,NOT_REQUESTED,28.1,19.6,71.0
MH_487_549696,Ghodambe,Ghodambe,Surgana,Nashik,20.50827,73.75008,114.71,57.78,1.1,722.8,50.6,662.1,783.5,14.5,217.5,52.0,18.0,8.0,16.0,2.0,4.0,0.0,25.0,29.5,21.0,3.21,-0.0678342815423309,27.38,22.31,32.16,18.24,35.71,4.52,MODERATE,Orographic Sahyadri Elevation Gradient,Manual demo override,MANUAL_OVERRIDE,,2026-09-09,,,,NOT_REQUESTED,28.4,19.9,71.0
MH_487_549688,Sajole,Sajole,Surgana,Nashik,20.52023,73.7778,117.87,58.97,0.5,706.7,49.5,647.3,766.1,14.5,218.7,52.0,18.0,8.0,16.0,2.0,4.0,0.0,25.0,29.5,21.0,3.21,-0.046468191695873434,27.39,22.81,32.41,17.79,35.68,4.65,MODERATE,Orographic Sahyadri Elevation Gradient,Manual demo override,MANUAL_OVERRIDE,,2026-09-09,,,,NOT_REQUESTED,28.5,20.0,71.0
MH_487_549687,Hatgad,Hatgad,Surgana,Nashik,20.54604,73.76302,117.3,61.89,0.8,716.8,50.2,656.5,777.0,14.5,218.0,52.0,18.0,8.0,16.0,2.0,4.0,0.0,25.0,29.5,21.0,3.21,-0.0802082553291795,27.73,23.0,32.27,18.69,36.44,4.59,MODERATE,Orographic Sahyadri Elevation Gradient,Manual demo override,MANUAL_OVERRIDE,,2026-09-09,,,,NOT_REQUESTED,28.4,19.9,71.1
MH_487_549689,Pohali,Pohali,Surgana,Nashik,20.52359,73.74811,115.03,59.49,1.2,724.7,50.7,663.9,785.5,14.5,217.4,52.0,18.0,8.0,16.0,2.0,4.0,0.0,25.0,29.5,21.0,3.21,-0.07819442281714535,27.44,22.08,32.97,17.56,35.73,4.64,MODERATE,Orographic Sahyadri Elevation Gradient,Manual demo override,MANUAL_OVERRIDE,,2026-09-09,,,,NOT_REQUESTED,28.3,19.8,71.0
MH_487_549863,Wadale,Wadale,Kalwan,Nashik,20.49923,73.82441,121.86,55.32,-0.5,557.1,39.0,510.3,603.9,3.2,220.6,12.0,14.0,10.0,58.0,4.0,2.0,0.0,25.0,29.5,21.0,1.54,0.016331407151062863,25.92,21.05,30.81,16.61,34.22,4.62,MODERATE,Rain-Shadow Plateau Topography,Manual demo override,MANUAL_OVERRIDE,,2026-09-09,,,,NOT_REQUESTED,29.4,20.9,70.4
MH_487_549861,Lingame,Lingame,Kalwan,Nashik,20.51085,73.79753,119.53,57.92,0.1,694.5,48.6,636.1,752.8,14.5,219.5,12.0,14.0,10.0,58.0,4.0,2.0,0.0,25.0,29.5,21.0,3.47,-0.019596138233024713,27.73,23.04,32.1,17.72,36.35,4.6,MODERATE,Orographic Sahyadri Elevation Gradient,Manual demo override,MANUAL_OVERRIDE,,2026-09-09,,,,NOT_REQUESTED,28.5,20.0,71.1
MH_487_549828,Tatani,Tatani,Kalwan,Nashik,20.53877,73.79511,120.21,60.67,0.1,697.2,48.8,638.6,755.7,14.5,219.4,12.0,14.0,10.0,58.0,4.0,2.0,0.0,25.0,29.5,21.0,3.47,-0.048830763596966746,27.73,23.63,32.07,18.41,35.82,4.48,MODERATE,Orographic Sahyadri Elevation Gradient,Manual demo override,MANUAL_OVERRIDE,,2026-09-09,,,,NOT_REQUESTED,28.5,20.0,71.1
MH_487_549827,Shrungarwadi,Shrungarwadi,Kalwan,Nashik,20.55486,73.7815,119.44,62.82,0.4,706.1,49.4,646.8,765.3,14.5,218.8,12.0,14.0,10.0,58.0,4.0,2.0,0.0,25.0,29.5,21.0,3.47,-0.07463349895462995,27.92,22.92,32.77,18.13,35.84,4.68,MODERATE,Orographic Sahyadri Elevation Gradient,Manual demo override,MANUAL_OVERRIDE,,2026-09-09,,,,NOT_REQUESTED,28.5,20.0,71.2
MH_487_549798,Dhanoli,Dhanoli,Kalwan,Nashik,20.57748,73.78676,120.8,64.78,0.3,703.9,49.3,644.8,763.1,14.5,219.0,12.0,14.0,10.0,58.0,4.0,2.0,0.0,25.0,29.5,21.0,0.42,-0.09552826927807691,24.81,20.15,29.61,14.79,32.82,4.67,MODERATE,Orographic Sahyadri Elevation Gradient,Manual demo override,MANUAL_OVERRIDE,,2026-09-09,,,,NOT_REQUESTED,28.5,20.0,69.9
MH_487_549797,Chaphapada,Chaphapada,Kalwan,Nashik,20.59506,73.7902,121.82,66.27,0.2,702.7,49.2,643.6,761.7,14.5,219.2,12.0,14.0,10.0,58.0,4.0,2.0,0.0,25.0,29.5,21.0,0.42,-0.11485065699732132,24.82,20.24,28.94,15.09,33.03,4.7,MODERATE,Orographic Sahyadri Elevation Gradient,Manual demo override,MANUAL_OVERRIDE,,2026-09-09,,,,NOT_REQUESTED,28.5,20.0,69.9
MH_487_549825,Jirwade,Jirwade,Kalwan,Nashik,20.55485,73.81544,122.78,61.08,-0.3,558.1,39.1,511.2,605.1,3.2,220.2,12.0,14.0,10.0,58.0,4.0,2.0,0.0,25.0,29.5,21.0,3.47,-0.05286952428116203,27.77,23.01,32.16,18.27,36.48,4.67,MODERATE,Rain-Shadow Plateau Topography,Manual demo override,MANUAL_OVERRIDE,,2026-09-09,,,,NOT_REQUESTED,29.4,20.9,71.1
MH_487_549826,Shepupada,Shepupada,Kalwan,Nashik,20.56178,73.81083,122.57,61.99,-0.2,558.7,39.1,511.8,605.6,3.2,220.1,12.0,14.0,10.0,58.0,4.0,2.0,0.0,25.0,29.5,21.0,3.47,-0.0637217411047647,27.67,23.11,32.6,17.75,36.22,4.75,MODERATE,Rain-Shadow Plateau Topography,Manual demo override,MANUAL_OVERRIDE,,2026-09-09,,,,NOT_REQUESTED,29.4,20.9,71.1
MH_487_549801,Bhandane,Bhandane,Kalwan,Nashik,20.56631,73.83976,125.59,60.98,-0.9,555.2,38.9,508.5,601.9,3.2,221.3,12.0,14.0,10.0,58.0,4.0,2.0,0.0,25.0,29.5,21.0,2.67,-0.05434464122797511,26.99,22.25,31.39,16.95,35.33,4.63,MODERATE,Rain-Shadow Plateau Topography,Manual demo override,MANUAL_OVERRIDE,,2026-09-09,,,,NOT_REQUESTED,29.4,20.9,70.8
MH_487_549796,Virshet,Virshet,Kalwan,Nashik,20.59539,73.82059,124.79,64.77,-0.5,557.5,39.0,510.7,604.3,3.2,220.5,12.0,14.0,10.0,58.0,4.0,2.0,0.0,25.0,29.5,21.0,0.42,-0.1016176237756251,24.68,19.51,29.21,15.61,33.56,4.61,MODERATE,Rain-Shadow Plateau Topography,Manual demo override,MANUAL_OVERRIDE,,2026-09-09,,,,NOT_REQUESTED,29.4,20.9,69.9
MH_487_549697,Borgaon,Borgaon,Surgana,Nashik,20.50677,73.76405,116.06,57.53,0.8,714.4,50.0,654.4,774.4,14.5,218.1,52.0,18.0,8.0,16.0,2.0,4.0,0.0,25.0,29.5,21.0,3.21,-0.050767547196807185,27.57,22.77,32.69,17.73,35.69,4.71,MODERATE,Orographic Sahyadri Elevation Gradient,Manual demo override,MANUAL_OVERRIDE,,2026-09-09,,,,NOT_REQUESTED,28.4,19.9,71.0
MH_487_549865,Desgaon,Desgaon,Kalwan,Nashik,20.49513,73.84363,123.66,53.88,-1.0,554.8,38.8,508.2,601.3,3.2,221.4,12.0,14.0,10.0,58.0,4.0,2.0,0.0,25.0,29.5,21.0,2.67,0.036247608002198325,27.07,22.16,32.08,17.21,35.72,4.75,MODERATE,Rain-Shadow Plateau Topography,Manual demo override,MANUAL_OVERRIDE,,2026-09-09,,,,NOT_REQUESTED,29.4,20.9,70.8
MH_487_549864,Bendipada,Bendipada,Kalwan,Nashik,20.51042,73.84352,124.11,55.34,-1.0,554.8,38.8,508.2,601.3,3.2,221.4,12.0,14.0,10.0,58.0,4.0,2.0,0.0,25.0,29.5,21.0,2.67,0.017744911167182274,26.95,22.42,31.56,16.86,35.6,4.7,MODERATE,Rain-Shadow Plateau Topography,Manual demo override,MANUAL_OVERRIDE,,2026-09-09,,,,NOT_REQUESTED,29.4,20.9,70.8
MH_487_549698,Hiradipada,Hiradipada,Surgana,Nashik,20.49839,73.77371,116.75,56.56,0.6,708.2,49.6,648.7,767.7,14.5,218.5,52.0,18.0,8.0,16.0,2.0,4.0,0.0,25.0,29.5,21.0,3.21,-0.033817184002637356,27.64,22.92,31.81,18.14,36.27,4.66,MODERATE,Orographic Sahyadri Elevation Gradient,Manual demo override,MANUAL_OVERRIDE,,2026-09-09,,,,NOT_REQUESTED,28.5,20.0,71.1
MH_487_549618,Guhijambhulpada,Guhijambhulpada,Surgana,Nashik,20.61699,73.44458,90.39,75.8,42.3,911.0,63.8,834.5,987.6,14.5,204.7,52.0,18.0,8.0,16.0,2.0,4.0,0.0,25.0,29.5,21.0,0.36,-0.6062309330885794,24.12,19.85,29.02,14.27,32.42,4.73,MODERATE,Orographic Sahyadri Elevation Gradient,Manual demo override,MANUAL_OVERRIDE,,2026-09-09,,,,NOT_REQUESTED,27.1,18.6,69.6
MH_487_549639,Shrirampur,Shrirampur,Surgana,Nashik,20.61629,73.61394,105.9,72.02,34.7,809.4,56.7,741.3,877.4,14.5,211.8,52.0,18.0,8.0,16.0,2.0,4.0,0.0,25.0,29.5,21.0,0.68,-0.2582814136766578,24.84,20.29,29.72,15.03,33.2,4.61,MODERATE,Orographic Sahyadri Elevation Gradient,Manual demo override,MANUAL_OVERRIDE,,2026-09-09,,,,NOT_REQUESTED,27.8,19.3,69.9
MH_487_549638,Vijaynagar,Vijaynagar,Surgana,Nashik,20.62334,73.60091,105.03,73.13,36.7,817.5,57.2,748.9,886.1,14.5,211.2,52.0,18.0,8.0,16.0,2.0,4.0,0.0,25.0,29.5,21.0,0.68,-0.2924155276329958,24.95,19.79,29.94,15.16,33.51,4.67,MODERATE,Orographic Sahyadri Elevation Gradient,Manual demo override,MANUAL_OVERRIDE,,2026-09-09,,,,NOT_REQUESTED,27.7,19.2,70.0
MH_487_549637,Karanjul Surgana,Karanjul Surgana,Surgana,Nashik,20.62886,73.5897,104.26,74.04,38.3,824.5,57.7,755.2,893.7,14.5,210.8,52.0,18.0,8.0,16.0,2.0,4.0,0.0,25.0,29.5,21.0,0.68,-0.32170315067124833,24.73,18.97,29.69,15.24,32.85,4.71,MODERATE,Orographic Sahyadri Elevation Gradient,Manual demo override,MANUAL_OVERRIDE,,2026-09-09,,,,NOT_REQUESTED,27.7,19.2,69.9
MH_487_549636,Udaldari,Udaldari,Surgana,Nashik,20.62449,73.56883,102.11,74.23,40.9,836.8,58.6,766.5,907.1,14.5,209.9,52.0,18.0,8.0,16.0,2.0,4.0,0.0,25.0,29.5,21.0,0.68,-0.36113191090963376,24.59,19.73,29.75,14.69,33.03,4.69,MODERATE,Orographic Sahyadri Elevation Gradient,Manual demo override,MANUAL_OVERRIDE,,2026-09-09,,,,NOT_REQUESTED,27.6,19.1,69.8
MH_487_549607,Malgonde,Malgonde,Surgana,Nashik,20.63957,73.56784,102.8,75.85,41.0,838.1,58.7,767.6,908.5,14.5,209.8,52.0,18.0,8.0,16.0,2.0,4.0,0.0,25.0,29.5,21.0,0.68,-0.37799149175579083,24.48,19.43,29.32,15.34,32.69,4.57,MODERATE,Orographic Sahyadri Elevation Gradient,Manual demo override,MANUAL_OVERRIDE,,2026-09-09,,,,NOT_REQUESTED,27.6,19.1,69.8
MH_487_549606,Pimpalsond,Pimpalsond,Surgana,Nashik,20.6548,73.52957,100.15,78.75,44.2,861.7,60.3,789.4,934.1,14.5,208.2,52.0,18.0,8.0,16.0,2.0,4.0,0.0,25.0,29.5,21.0,0.29,-0.4663176730411703,24.01,18.49,29.14,13.84,32.02,4.79,MODERATE,Orographic Sahyadri Elevation Gradient,Manual demo override,MANUAL_OVERRIDE,,2026-09-09,,,,NOT_REQUESTED,27.4,18.9,69.6
MH_487_549608,Khuntavihir,Khuntavihir,Surgana,Nashik,20.63141,73.54422,100.2,75.79,43.3,851.9,59.6,780.4,923.4,14.5,208.9,52.0,18.0,8.0,16.0,2.0,4.0,0.0,25.0,29.5,21.0,0.68,-0.42006949394315696,24.6,19.65,29.54,15.72,32.82,4.59,MODERATE,Orographic Sahyadri Elevation Gradient,Manual demo override,MANUAL_OVERRIDE,,2026-09-09,,,,NOT_REQUESTED,27.5,19.0,69.8
MH_487_549610,Ranvihir,Ranvihir,Surgana,Nashik,20.62305,73.52582,98.08,75.59,44.4,862.5,60.4,790.1,935.0,14.5,208.1,52.0,18.0,8.0,16.0,2.0,4.0,0.0,25.0,29.5,21.0,0.29,-0.4549032935291071,24.2,19.28,28.86,14.47,31.82,4.64,MODERATE,Orographic Sahyadri Elevation Gradient,Manual demo override,MANUAL_OVERRIDE,,2026-09-09,,,,NOT_REQUESTED,27.4,18.9,69.7
MH_487_549611,Galbari,Galbari,Surgana,Nashik,20.6199,73.51049,96.51,75.63,44.9,871.6,61.0,798.4,944.8,14.5,207.4,52.0,18.0,8.0,16.0,2.0,4.0,0.0,25.0,29.5,21.0,0.28,-0.4861794486466149,24.24,19.38,29.37,13.85,32.94,4.73,MODERATE,Orographic Sahyadri Elevation Gradient,Manual demo override,MANUAL_OVERRIDE,,2026-09-09,,,,NOT_REQUESTED,27.1,18.6,69.7
MH_487_549612,Karanjul,Karanjul,Surgana,Nashik,20.6179,73.49012,94.55,75.49,44.9,883.7,61.9,809.5,958.0,14.5,206.6,52.0,18.0,8.0,16.0,2.0,4.0,0.0,25.0,29.5,21.0,0.28,-0.526636923932772,23.86,18.63,29.11,13.79,32.61,4.76,MODERATE,Orographic Sahyadri Elevation Gradient,Manual demo override,MANUAL_OVERRIDE,,2026-09-09,,,,NOT_REQUESTED,27.0,18.5,69.5
MH_487_549617,Mandha,Mandha,Surgana,Nashik,20.62373,73.42782,89.29,76.77,40.5,921.4,64.5,844.0,998.8,14.5,204.0,52.0,18.0,8.0,16.0,2.0,4.0,0.0,25.0,29.5,21.0,0.36,-0.6306892576634144,24.26,19.1,28.79,14.17,33.66,4.89,MODERATE,Orographic Sahyadri Elevation Gradient,Manual demo override,MANUAL_OVERRIDE,,2026-09-09,,,,NOT_REQUESTED,27.1,18.6,69.7
MH_487_549605,Wangan,Wangan,Surgana,Nashik,20.65412,73.50511,97.92,79.45,45.0,876.4,61.3,802.8,949.9,14.5,207.2,52.0,18.0,8.0,16.0,2.0,4.0,0.0,25.0,29.5,21.0,0.28,-0.5108175790734116,24.02,19.55,28.72,13.84,32.01,4.67,MODERATE,Orographic Sahyadri Elevation Gradient,Manual demo override,MANUAL_OVERRIDE,,2026-09-09,,,,NOT_REQUESTED,27.0,18.5,69.6
MH_487_549602,Udmal,Udmal,Surgana,Nashik,20.66357,73.48145,96.37,80.62,44.7,891.0,62.4,816.1,965.9,14.5,206.2,52.0,18.0,8.0,16.0,2.0,4.0,0.0,25.0,29.5,21.0,0.36,-0.5564402321269424,24.33,18.79,28.3,14.62,32.86,4.63,MODERATE,Orographic Sahyadri Elevation Gradient,Manual demo override,MANUAL_OVERRIDE,,2026-09-09,,,,NOT_REQUESTED,27.3,18.8,69.7
MH_487_549596,Hadkaichond,Hadkaichond,Surgana,Nashik,20.69108,73.47822,97.76,83.69,44.6,894.2,62.6,819.0,969.3,14.5,206.1,52.0,18.0,8.0,16.0,2.0,4.0,0.0,25.0,29.5,21.0,0.36,-0.578001527384598,24.13,19.25,29.22,14.51,32.5,4.58,MODERATE,Orographic Sahyadri Elevation Gradient,Manual demo override,MANUAL_OVERRIDE,,2026-09-09,,,,NOT_REQUESTED,27.2,18.7,69.7
MH_487_549595,Chandrapur,Chandrapur,Surgana,Nashik,20.71436,73.47027,98.54,86.33,44.2,900.0,63.0,824.4,975.6,14.5,205.8,52.0,18.0,8.0,16.0,2.0,4.0,0.0,25.0,29.5,21.0,0.36,-0.6063840200446061,24.13,19.08,29.25,14.74,33.39,4.71,MODERATE,Orographic Sahyadri Elevation Gradient,Manual demo override,MANUAL_OVERRIDE,,2026-09-09,,,,NOT_REQUESTED,27.2,18.7,69.7
MH_487_549593,Bardipada,Bardipada,Surgana,Nashik,20.70679,73.44849,96.21,85.69,42.7,912.7,63.9,836.0,989.4,14.5,204.8,52.0,18.0,8.0,16.0,2.0,4.0,0.0,25.0,29.5,21.0,0.36,-0.6293547290092832,23.98,19.61,28.73,14.13,32.05,4.68,MODERATE,Orographic Sahyadri Elevation Gradient,Manual demo override,MANUAL_OVERRIDE,,2026-09-09,,,,NOT_REQUESTED,27.1,18.6,69.6
MH_487_549594,Chinchale,Chinchale,Surgana,Nashik,20.70144,73.45796,96.67,85.0,43.4,906.8,63.5,830.6,983.0,14.5,205.2,52.0,18.0,8.0,16.0,2.0,4.0,0.0,25.0,29.5,21.0,0.36,-0.6134350065961833,24.05,18.94,28.19,13.84,31.55,4.48,MODERATE,Orographic Sahyadri Elevation Gradient,Manual demo override,MANUAL_OVERRIDE,,2026-09-09,,,,NOT_REQUESTED,27.2,18.7,69.6
MH_487_549597,Gondune,Gondune,Surgana,Nashik,20.68312,73.45917,95.62,82.96,43.5,905.2,63.4,829.2,981.3,14.5,205.3,52.0,18.0,8.0,16.0,2.0,4.0,0.0,25.0,29.5,21.0,0.36,-0.600704362335258,23.91,18.72,28.88,14.62,31.63,4.48,MODERATE,Orographic Sahyadri Elevation Gradient,Manual demo override,MANUAL_OVERRIDE,,2026-09-09,,,,NOT_REQUESTED,27.2,18.7,69.6
MH_487_549598,Ranjune,Ranjune,Surgana,Nashik,20.66797,73.45204,94.06,81.35,43.0,908.8,63.6,832.5,985.2,14.5,205.0,52.0,18.0,8.0,16.0,2.0,4.0,0.0,25.0,29.5,21.0,0.36,-0.6037847487848639,24.15,19.97,28.46,13.85,32.68,4.64,MODERATE,Orographic Sahyadri Elevation Gradient,Manual demo override,MANUAL_OVERRIDE,,2026-09-09,,,,NOT_REQUESTED,27.1,18.6,69.7
MH_487_549599,Kukudne,Kukudne,Surgana,Nashik,20.66563,73.436,92.53,81.28,41.5,918.4,64.3,841.2,995.5,14.5,204.3,52.0,18.0,8.0,16.0,2.0,4.0,0.0,25.0,29.5,21.0,0.36,-0.6255363704664013,24.2,18.83,30.7,13.99,33.08,4.95,MODERATE,Orographic Sahyadri Elevation Gradient,Manual demo override,MANUAL_OVERRIDE,,2026-09-09,,,,NOT_REQUESTED,27.1,18.6,69.7
MH_487_549600,Deshmukh Nagar,Deshmukh Nagar,Surgana,Nashik,20.65609,73.44091,92.37,80.17,42.0,915.0,64.0,838.2,991.8,14.5,204.5,52.0,18.0,8.0,16.0,2.0,4.0,0.0,25.0,29.5,21.0,0.36,-0.6158257694700767,24.37,19.3,29.26,14.51,33.12,4.72,MODERATE,Orographic Sahyadri Elevation Gradient,Manual demo override,MANUAL_OVERRIDE,,2026-09-09,,,,NOT_REQUESTED,27.1,18.6,69.7
MH_487_549601,Songir,Songir,Surgana,Nashik,20.65557,73.46585,94.52,79.85,44.0,900.0,63.0,824.4,975.6,14.5,205.6,52.0,18.0,8.0,16.0,2.0,4.0,0.0,25.0,29.5,21.0,0.36,-0.5780948689242276,24.34,19.49,29.95,14.63,33.1,4.82,MODERATE,Orographic Sahyadri Elevation Gradient,Manual demo override,MANUAL_OVERRIDE,,2026-09-09,,,,NOT_REQUESTED,27.2,18.7,69.7
MH_487_549615,Raghatvihir,Raghatvihir,Surgana,Nashik,20.64541,73.40967,89.0,79.44,38.2,933.2,65.3,854.9,1011.6,14.5,203.2,52.0,18.0,8.0,16.0,2.0,4.0,0.0,25.0,29.5,21.0,1.89,-0.6554952183966531,25.63,20.03,29.76,16.03,34.95,4.81,MODERATE,Orographic Sahyadri Elevation Gradient,Manual demo override,MANUAL_OVERRIDE,,2026-09-09,,,,NOT_REQUESTED,26.9,18.4,70.3
MH_487_549613,Chinchpada,Chinchpada,Surgana,Nashik,20.63474,73.47865,94.45,77.44,44.6,891.4,62.4,816.5,966.3,14.5,206.1,52.0,18.0,8.0,16.0,2.0,4.0,0.0,25.0,29.5,21.0,0.36,-0.550544982471694,24.05,19.63,28.07,14.42,32.7,4.67,MODERATE,Orographic Sahyadri Elevation Gradient,Manual demo override,MANUAL_OVERRIDE,,2026-09-09,,,,NOT_REQUESTED,27.3,18.8,69.6
MH_487_549614,Sundarban,Sundarban,Surgana,Nashik,20.64584,73.46469,93.85,78.78,43.9,900.2,63.0,824.6,975.8,14.5,205.5,52.0,18.0,8.0,16.0,2.0,4.0,0.0,25.0,29.5,21.0,0.36,-0.5768913566118922,24.33,19.48,30.23,13.47,34.21,5.08,MODERATE,Orographic Sahyadri Elevation Gradient,Manual demo override,MANUAL_OVERRIDE,,2026-09-09,,,,NOT_REQUESTED,27.2,18.7,69.7
MH_487_549604,Pangarne,Pangarne,Surgana,Nashik,20.67154,73.47048,95.89,81.58,44.2,897.9,62.9,822.4,973.4,14.5,205.8,52.0,18.0,8.0,16.0,2.0,4.0,0.0,25.0,29.5,21.0,0.36,-0.5778488200757819,24.2,19.01,28.83,15.14,32.67,4.57,MODERATE,Orographic Sahyadri Elevation Gradient,Manual demo override,MANUAL_OVERRIDE,,2026-09-09,,,,NOT_REQUESTED,27.2,18.7,69.7
MH_487_549616,Fanaspada,Fanaspada,Surgana,Nashik,20.64478,73.4265,90.43,79.11,40.4,923.1,64.6,845.6,1000.6,14.5,203.9,52.0,18.0,8.0,16.0,2.0,4.0,0.0,25.0,29.5,21.0,0.36,-0.6336044497506843,24.29,19.9,30.47,14.01,32.64,4.9,MODERATE,Orographic Sahyadri Elevation Gradient,Manual demo override,MANUAL_OVERRIDE,,2026-09-09,,,,NOT_REQUESTED,27.1,18.6,69.7
MH_487_549603,Deogaon,Deogaon,Surgana,Nashik,20.6752,73.47209,96.25,81.97,44.3,897.1,62.8,821.8,972.5,14.5,205.8,52.0,18.0,8.0,16.0,2.0,4.0,0.0,25.0,29.5,21.0,0.36,-0.5773258843833913,24.39,19.08,28.82,14.53,33.08,4.6,MODERATE,Orographic Sahyadri Elevation Gradient,Manual demo override,MANUAL_OVERRIDE,,2026-09-09,,,,NOT_REQUESTED,27.2,18.7,69.8
MH_487_550662,Korhate,Korhate,Dindori,Nashik,20.1669,73.88126,122.22,21.86,-1.8,550.2,38.5,504.0,596.4,3.2,223.0,8.0,6.0,4.0,72.0,6.0,4.0,0.0,25.0,29.5,21.0,2.57,0.6538838475757194,27.55,23.26,32.18,17.95,35.98,4.54,MODERATE,Horticultural Orchard Microclimate,Manual demo override,MANUAL_OVERRIDE,,2026-09-09,,,,NOT_REQUESTED,29.1,20.6,71.0
MH_487_551289,Pachorewani,Pachorewani,Niphad,Nashik,20.20938,74.02516,137.85,16.89,-5.1,533.0,37.3,488.2,577.7,3.2,229.1,8.0,6.0,4.0,72.0,6.0,4.0,0.0,25.0,29.5,21.0,1.65,0.21036166631515207,26.28,21.73,31.25,16.66,34.78,4.65,MODERATE,Horticultural Orchard Microclimate,Manual demo override,MANUAL_OVERRIDE,,2026-09-09,,,,NOT_REQUESTED,29.3,20.8,70.5
MH_487_551320,Sarole Kh,Sarole Kh,Niphad,Nashik,20.17889,74.14577,149.67,11.61,-7.8,518.5,36.3,474.9,562.1,3.2,234.1,8.0,6.0,4.0,72.0,6.0,4.0,0.0,25.0,29.5,21.0,-2.53,-0.09419047945393481,21.76,17.18,26.92,11.96,30.52,4.69,MODERATE,Horticultural Orchard Microclimate,Manual demo override,MANUAL_OVERRIDE,,2026-09-09,,,,NOT_REQUESTED,29.9,21.4,68.7
MH_487_550626,Mulane,Mulane,Dindori,Nashik,20.37007,73.94534,131.26,36.54,-3.3,542.6,38.0,497.0,588.2,3.2,225.7,8.0,6.0,4.0,72.0,6.0,4.0,0.0,25.0,29.5,21.0,2.22,0.2279956507792742,26.92,22.4,31.89,16.92,35.29,4.69,MODERATE,Horticultural Orchard Microclimate,Manual demo override,MANUAL_OVERRIDE,,2026-09-09,,,,NOT_REQUESTED,29.5,21.0,70.8
MH_487_551292,Umbarkhed,Umbarkhed,Niphad,Nashik,20.16283,73.97001,131.28,17.28,-3.8,539.6,37.8,494.2,585.0,3.2,226.7,8.0,6.0,4.0,72.0,6.0,4.0,0.0,25.0,29.5,21.0,2.57,0.3998429433589381,27.37,22.61,32.13,17.47,36.34,4.68,MODERATE,Horticultural Orchard Microclimate,Manual demo override,MANUAL_OVERRIDE,,2026-09-09,,,,NOT_REQUESTED,29.2,20.7,70.9
MH_487_550630,Kasbe Vani,Kasbe Vani,Dindori,Nashik,20.33422,73.89824,125.88,35.88,-2.2,548.2,38.4,502.1,594.3,3.2,223.7,8.0,6.0,4.0,72.0,6.0,4.0,0.0,25.0,29.5,21.0,2.22,0.30536822360923543,26.85,21.71,31.55,17.2,35.72,4.75,MODERATE,Horticultural Orchard Microclimate,Manual demo override,MANUAL_OVERRIDE,,2026-09-09,,,,NOT_REQUESTED,29.5,21.0,70.7
MH_487_549931,Wadale[Wani,Wadale[Wani,Kalwan,Nashik,20.36949,73.99402,136.27,34.39,-4.4,536.7,37.6,491.6,581.8,3.2,227.7,12.0,14.0,10.0,58.0,4.0,2.0,0.0,25.0,29.5,21.0,1.29,0.1876847036541861,25.75,20.79,31.09,15.59,33.79,4.74,MODERATE,Rain-Shadow Plateau Topography,Manual demo override,MANUAL_OVERRIDE,,2026-09-09,,,,NOT_REQUESTED,29.5,21.0,70.3
MH_487_550623,Mandane,Mandane,Dindori,Nashik,20.3783,73.89867,126.58,39.83,-2.2,548.2,38.4,502.1,594.2,3.2,223.7,8.0,6.0,4.0,72.0,6.0,4.0,0.0,25.0,29.5,21.0,2.22,0.22822508273369901,26.81,21.98,31.21,17.11,35.17,4.6,MODERATE,Horticultural Orchard Microclimate,Manual demo override,MANUAL_OVERRIDE,,2026-09-09,,,,NOT_REQUESTED,29.5,21.0,70.7
MH_487_550624,Chandikapur,Chandikapur,Dindori,Nashik,20.36866,73.90655,127.23,38.48,-2.4,547.2,38.3,501.3,593.2,3.2,224.1,8.0,6.0,4.0,72.0,6.0,4.0,0.0,25.0,29.5,21.0,2.22,0.24376558064176435,26.73,22.0,31.21,17.31,34.98,4.53,MODERATE,Horticultural Orchard Microclimate,Manual demo override,MANUAL_OVERRIDE,,2026-09-09,,,,NOT_REQUESTED,29.5,21.0,70.7
MH_487_550625,Bhatode,Bhatode,Dindori,Nashik,20.37175,73.92292,128.97,37.86,-2.8,545.2,38.2,499.4,591.1,3.2,224.8,8.0,6.0,4.0,72.0,6.0,4.0,0.0,25.0,29.5,21.0,2.22,0.23580867689121152,26.81,22.22,32.1,16.59,34.98,4.69,MODERATE,Horticultural Orchard Microclimate,Manual demo override,MANUAL_OVERRIDE,,2026-09-09,,,,NOT_REQUESTED,29.5,21.0,70.7
MH_487_550620,Pandane,Pandane,Dindori,Nashik,20.36844,73.85556,121.97,41.64,-1.3,553.3,38.7,506.9,599.8,3.2,221.9,8.0,6.0,4.0,72.0,6.0,4.0,0.0,25.0,29.5,21.0,2.22,0.22627226388021526,26.82,22.44,31.9,17.19,34.73,4.52,MODERATE,Horticultural Orchard Microclimate,Manual demo override,MANUAL_OVERRIDE,,2026-09-09,,,,NOT_REQUESTED,29.5,21.0,70.7
MH_487_550622,Ambaner,Ambaner,Dindori,Nashik,20.36158,73.87115,123.47,40.02,-1.6,551.5,38.6,505.1,597.8,3.2,222.6,8.0,6.0,4.0,72.0,6.0,4.0,0.0,25.0,29.5,21.0,2.22,0.2493020041111293,26.79,21.96,31.3,16.8,35.27,4.73,MODERATE,Horticultural Orchard Microclimate,Manual demo override,MANUAL_OVERRIDE,,2026-09-09,,,,NOT_REQUESTED,29.5,21.0,70.7
MH_487_550606,Vaglud,Vaglud,Dindori,Nashik,20.31228,73.85621,121.26,36.5,-1.3,553.3,38.7,506.8,599.7,3.2,222.0,8.0,6.0,4.0,72.0,6.0,4.0,0.0,25.0,29.5,21.0,2.22,0.3474521737358613,26.86,22.24,31.65,17.38,35.1,4.64,MODERATE,Horticultural Orchard Microclimate,Manual demo override,MANUAL_OVERRIDE,,2026-09-09,,,,NOT_REQUESTED,29.5,21.0,70.7
MH_487_550661,Akrale,Akrale,Dindori,Nashik,20.1511,73.86276,120.02,19.46,-1.4,552.5,38.7,506.0,598.9,3.2,222.2,8.0,6.0,4.0,72.0,6.0,4.0,0.0,25.0,29.5,21.0,2.57,0.6920126463853671,27.62,22.95,32.23,17.75,36.0,4.61,MODERATE,Horticultural Orchard Microclimate,Manual demo override,MANUAL_OVERRIDE,,2026-09-09,,,,NOT_REQUESTED,29.1,20.6,71.0
MH_487_550665,Kurnoli,Kurnoli,Dindori,Nashik,20.16099,73.93204,127.33,20.65,-3.0,544.2,38.1,498.4,589.9,3.2,225.1,8.0,6.0,4.0,72.0,6.0,4.0,0.0,25.0,29.5,21.0,2.57,0.5233312227605612,27.5,22.61,32.07,17.65,35.52,4.54,MODERATE,Horticultural Orchard Microclimate,Manual demo override,MANUAL_OVERRIDE,,2026-09-09,,,,NOT_REQUESTED,29.2,20.7,71.0
MH_487_550664,Chinchkhed,Chinchkhed,Dindori,Nashik,20.17467,73.9505,129.49,19.7,-3.4,541.9,37.9,496.5,587.4,3.2,225.9,8.0,6.0,4.0,72.0,6.0,4.0,0.0,25.0,29.5,21.0,2.57,0.4561425279711199,27.41,23.33,31.84,17.72,36.03,4.62,MODERATE,Horticultural Orchard Microclimate,Manual demo override,MANUAL_OVERRIDE,,2026-09-09,,,,NOT_REQUESTED,29.2,20.7,71.0
MH_487_550663,Khadak Sukene,Khadak Sukene,Dindori,Nashik,20.16902,73.91551,125.78,22.59,-2.6,546.1,38.2,500.3,592.0,3.2,224.5,8.0,6.0,4.0,72.0,6.0,4.0,0.0,25.0,29.5,21.0,2.57,0.5656740833536558,27.4,22.85,32.33,17.38,36.04,4.71,MODERATE,Horticultural Orchard Microclimate,Manual demo override,MANUAL_OVERRIDE,,2026-09-09,,,,NOT_REQUESTED,29.2,20.7,71.0
MH_487_550656,Palkhed,Palkhed,Dindori,Nashik,20.18798,73.88773,123.31,24.26,-2.0,549.5,38.5,503.3,595.7,3.2,223.3,8.0,6.0,4.0,72.0,6.0,4.0,0.0,25.0,29.5,21.0,2.57,0.6219118808116685,27.46,22.99,32.37,17.15,36.22,4.79,MODERATE,Horticultural Orchard Microclimate,Manual demo override,MANUAL_OVERRIDE,,2026-09-09,,,,NOT_REQUESTED,29.2,20.7,71.0
MH_487_550655,Lokhandewadi,Lokhandewadi,Dindori,Nashik,20.19375,73.91242,125.97,24.2,-2.5,546.5,38.3,500.5,592.5,3.2,224.3,8.0,6.0,4.0,72.0,6.0,4.0,0.0,25.0,29.5,21.0,2.57,0.5509731193040861,27.49,22.73,32.29,18.04,36.27,4.67,MODERATE,Horticultural Orchard Microclimate,Manual demo override,MANUAL_OVERRIDE,,2026-09-09,,,,NOT_REQUESTED,29.2,20.7,71.0
MH_487_550650,Pimpalgaon Ketaki,Pimpalgaon Ketaki,Dindori,Nashik,20.21348,73.87704,122.8,26.46,-1.7,550.8,38.6,504.4,597.1,3.2,222.8,8.0,6.0,4.0,72.0,6.0,4.0,0.0,25.0,29.5,21.0,2.57,0.6079416332798931,27.61,23.09,32.84,17.1,35.92,4.75,MODERATE,Horticultural Orchard Microclimate,Manual demo override,MANUAL_OVERRIDE,,2026-09-09,,,,NOT_REQUESTED,29.1,20.6,71.0
MH_487_550645,Gondegaon,Gondegaon,Dindori,Nashik,20.22088,73.98527,134.02,20.37,-4.2,537.8,37.6,492.6,582.9,3.2,227.4,8.0,6.0,4.0,72.0,6.0,4.0,0.0,25.0,29.5,21.0,2.57,0.32125668502148924,27.2,22.59,32.03,17.33,35.65,4.61,MODERATE,Horticultural Orchard Microclimate,Manual demo override,MANUAL_OVERRIDE,,2026-09-09,,,,NOT_REQUESTED,29.2,20.7,70.9
MH_487_550640,Awankhed,Awankhed,Dindori,Nashik,20.23968,73.85786,120.89,28.65,-1.3,553.1,38.7,506.6,599.5,3.2,222.0,8.0,6.0,4.0,72.0,6.0,4.0,0.0,25.0,29.5,21.0,2.57,0.5624423831681359,27.44,22.78,31.9,18.0,36.15,4.6,MODERATE,Horticultural Orchard Microclimate,Manual demo override,MANUAL_OVERRIDE,,2026-09-09,,,,NOT_REQUESTED,29.1,20.6,71.0
MH_487_550639,Parmori,Parmori,Dindori,Nashik,20.26089,73.87516,122.8,31.41,-1.7,551.0,38.6,504.7,597.3,3.2,222.8,8.0,6.0,4.0,72.0,6.0,4.0,0.0,25.0,29.5,21.0,2.57,0.48656774881721,27.48,22.71,32.3,17.62,36.03,4.71,MODERATE,Horticultural Orchard Microclimate,Manual demo override,MANUAL_OVERRIDE,,2026-09-09,,,,NOT_REQUESTED,29.5,21.0,71.0
MH_487_550651,Rajapur,Rajapur,Dindori,Nashik,20.21891,73.90393,125.65,26.48,-2.3,547.5,38.3,501.6,593.5,3.2,224.0,8.0,6.0,4.0,72.0,6.0,4.0,0.0,25.0,29.5,21.0,2.57,0.5373378020502277,27.45,22.86,32.14,17.96,35.52,4.57,MODERATE,Horticultural Orchard Microclimate,Manual demo override,MANUAL_OVERRIDE,,2026-09-09,,,,NOT_REQUESTED,29.2,20.7,71.0
MH_487_550652,Materewadi,Materewadi,Dindori,Nashik,20.22116,73.92613,127.97,24.79,-2.8,544.9,38.1,499.1,590.6,3.2,224.9,8.0,6.0,4.0,72.0,6.0,4.0,0.0,25.0,29.5,21.0,2.57,0.47979920456488595,27.46,22.9,31.9,17.94,35.89,4.66,MODERATE,Horticultural Orchard Microclimate,Manual demo override,MANUAL_OVERRIDE,,2026-09-09,,,,NOT_REQUESTED,29.2,20.7,71.0
MH_487_550646,Jaulakevani,Jaulakevani,Dindori,Nashik,20.20708,73.96352,131.49,20.82,-3.7,540.4,37.8,495.0,585.7,3.2,226.5,8.0,6.0,4.0,72.0,6.0,4.0,0.0,25.0,29.5,21.0,2.57,0.3926689179883162,27.24,22.57,32.08,17.51,35.36,4.57,MODERATE,Horticultural Orchard Microclimate,Manual demo override,MANUAL_OVERRIDE,,2026-09-09,,,,NOT_REQUESTED,29.2,20.7,70.9
MH_487_550653,Jopul,Jopul,Dindori,Nashik,20.19842,73.93674,128.56,22.37,-3.1,543.6,38.1,497.9,589.3,3.2,225.3,8.0,6.0,4.0,72.0,6.0,4.0,0.0,25.0,29.5,21.0,2.57,0.477893291744789,27.47,22.45,32.4,17.32,35.99,4.77,MODERATE,Horticultural Orchard Microclimate,Manual demo override,MANUAL_OVERRIDE,,2026-09-09,,,,NOT_REQUESTED,29.2,20.7,71.0
MH_487_550642,Varkhede,Varkhede,Dindori,Nashik,20.24491,73.90294,125.61,28.34,-2.3,547.6,38.3,501.7,593.6,3.2,223.9,8.0,6.0,4.0,72.0,6.0,4.0,0.0,25.0,29.5,21.0,2.57,0.48954513464994454,27.35,22.34,31.84,18.0,35.61,4.67,MODERATE,Horticultural Orchard Microclimate,Manual demo override,MANUAL_OVERRIDE,,2026-09-09,,,,NOT_REQUESTED,29.2,20.7,70.9
MH_487_550644,Bopegaon,Bopegaon,Dindori,Nashik,20.22838,73.94546,130.0,23.82,-3.3,542.5,38.0,496.9,588.1,3.2,225.7,8.0,6.0,4.0,72.0,6.0,4.0,0.0,25.0,29.5,21.0,2.57,0.4216844902756142,27.3,22.39,31.9,17.83,35.88,4.58,MODERATE,Horticultural Orchard Microclimate,Manual demo override,MANUAL_OVERRIDE,,2026-09-09,,,,NOT_REQUESTED,29.2,20.7,70.9
MH_487_550643,Khedgaon,Khedgaon,Dindori,Nashik,20.24209,73.97134,132.74,23.12,-3.9,539.4,37.8,494.1,584.8,3.2,226.8,8.0,6.0,4.0,72.0,6.0,4.0,0.0,25.0,29.5,21.0,2.57,0.34272784773176,27.36,22.7,31.83,17.87,35.8,4.59,MODERATE,Horticultural Orchard Microclimate,Manual demo override,MANUAL_OVERRIDE,,2026-09-09,,,,NOT_REQUESTED,29.2,20.7,70.9
MH_487_550635,Shindwad,Shindwad,Dindori,Nashik,20.25737,74.00201,136.0,22.72,-4.5,535.8,37.5,490.8,580.8,3.2,228.1,8.0,6.0,4.0,72.0,6.0,4.0,0.0,25.0,29.5,21.0,1.65,0.2582267136843639,26.17,21.78,30.91,16.57,34.66,4.6,MODERATE,Horticultural Orchard Microclimate,Manual demo override,MANUAL_OVERRIDE,,2026-09-09,,,,NOT_REQUESTED,29.2,20.7,70.5
MH_487_550634,Tisgaon,Tisgaon,Dindori,Nashik,20.2781,73.96627,132.39,26.65,-3.7,540.0,37.8,494.7,585.4,3.2,226.6,8.0,6.0,4.0,72.0,6.0,4.0,0.0,25.0,29.5,21.0,2.57,0.3179579156755308,27.24,22.7,31.66,17.92,35.57,4.56,MODERATE,Horticultural Orchard Microclimate,Manual demo override,MANUAL_OVERRIDE,,2026-09-09,,,,NOT_REQUESTED,29.2,20.7,70.9
MH_487_550636,Sonjamb,Sonjamb,Dindori,Nashik,20.25792,73.94146,129.69,26.47,-3.2,543.0,38.0,497.4,588.6,3.2,225.5,8.0,6.0,4.0,72.0,6.0,4.0,0.0,25.0,29.5,21.0,2.57,0.3924152139735382,27.26,22.22,32.48,17.92,35.6,4.69,MODERATE,Horticultural Orchard Microclimate,Manual demo override,MANUAL_OVERRIDE,,2026-09-09,,,,NOT_REQUESTED,29.2,20.7,70.9
MH_487_550633,Talegaon Vani,Talegaon Vani,Dindori,Nashik,20.28523,73.93867,129.57,28.99,-3.1,543.4,38.0,497.8,589.0,3.2,225.4,8.0,6.0,4.0,72.0,6.0,4.0,0.0,25.0,29.5,21.0,2.57,0.3566852391362791,27.17,22.41,32.37,17.35,35.93,4.76,MODERATE,Horticultural Orchard Microclimate,Manual demo override,MANUAL_OVERRIDE,,2026-09-09,,,,NOT_REQUESTED,29.2,20.7,70.9
MH_487_550632,Ozarkhed,Ozarkhed,Dindori,Nashik,20.28412,73.89388,124.9,32.0,-2.1,548.7,38.4,502.7,594.8,3.2,223.5,8.0,6.0,4.0,72.0,6.0,4.0,0.0,25.0,29.5,21.0,2.57,0.41331256995479154,27.3,22.78,32.01,17.58,35.53,4.58,MODERATE,Horticultural Orchard Microclimate,Manual demo override,MANUAL_OVERRIDE,,2026-09-09,,,,NOT_REQUESTED,29.5,21.0,70.9
MH_487_550631,Krishnagaon,Krishnagaon,Dindori,Nashik,20.29718,73.87533,123.09,34.39,-1.7,551.0,38.6,504.6,597.3,3.2,222.8,8.0,6.0,4.0,72.0,6.0,4.0,0.0,25.0,29.5,21.0,2.22,0.39021157489694824,27.01,22.33,31.81,17.7,35.76,4.65,MODERATE,Horticultural Orchard Microclimate,Manual demo override,MANUAL_OVERRIDE,,2026-09-09,,,,NOT_REQUESTED,29.5,21.0,70.8
MH_487_550628,Sangamner,Sangamner,Dindori,Nashik,20.33591,73.94629,130.88,33.19,-3.3,542.4,38.0,496.8,588.0,3.2,225.7,8.0,6.0,4.0,72.0,6.0,4.0,0.0,25.0,29.5,21.0,2.57,0.27292258954029064,27.18,22.75,32.2,17.46,35.29,4.62,MODERATE,Horticultural Orchard Microclimate,Manual demo override,MANUAL_OVERRIDE,,2026-09-09,,,,NOT_REQUESTED,29.5,21.0,70.9
MH_487_551287,Antarweli,Antarweli,Niphad,Nashik,20.20442,73.98099,133.22,19.31,-4.1,538.3,37.7,493.0,583.5,3.2,227.2,8.0,6.0,4.0,72.0,6.0,4.0,0.0,25.0,29.5,21.0,2.57,0.34278662955172906,27.19,23.1,31.82,17.67,35.54,4.52,MODERATE,Horticultural Orchard Microclimate,Manual demo override,MANUAL_OVERRIDE,,2026-09-09,,,,NOT_REQUESTED,29.2,20.7,70.9
MH_487_551288,Mukhed,Mukhed,Niphad,Nashik,20.2056,73.99831,135.02,18.19,-4.5,536.2,37.5,491.2,581.2,3.2,227.9,8.0,6.0,4.0,72.0,6.0,4.0,0.0,25.0,29.5,21.0,2.57,0.2903456391810769,27.1,22.69,32.2,17.23,35.19,4.6,MODERATE,Horticultural Orchard Microclimate,Manual demo override,MANUAL_OVERRIDE,,2026-09-09,,,,NOT_REQUESTED,29.2,20.7,70.8
MH_487_551291,Pimpalgaon Baswant,Pimpalgaon Baswant,Niphad,Nashik,20.17603,73.99303,133.89,16.22,-4.3,536.8,37.6,491.7,582.0,3.2,227.7,8.0,6.0,4.0,72.0,6.0,4.0,0.0,25.0,29.5,21.0,2.57,0.3166307778566579,27.29,22.52,31.78,17.47,35.69,4.64,MODERATE,Horticultural Orchard Microclimate,Manual demo override,MANUAL_OVERRIDE,,2026-09-09,,,,NOT_REQUESTED,29.2,20.7,70.9
MH_487_551290,Ahergaon,Ahergaon,Niphad,Nashik,20.18398,74.02855,137.69,14.35,-5.1,532.6,37.3,487.8,577.3,3.2,229.2,8.0,6.0,4.0,72.0,6.0,4.0,0.0,25.0,29.5,21.0,1.65,0.19887890116780602,26.29,21.91,31.36,16.74,34.58,4.57,MODERATE,Horticultural Orchard Microclimate,Manual demo override,MANUAL_OVERRIDE,,2026-09-09,,,,NOT_REQUESTED,29.3,20.8,70.5
MH_487_551310,Lonwadi,Lonwadi,Niphad,Nashik,20.16675,74.03941,138.5,12.14,-5.4,531.3,37.2,486.6,575.9,3.2,229.7,8.0,6.0,4.0,72.0,6.0,4.0,0.0,25.0,29.5,21.0,1.65,0.16021655155160955,26.22,21.63,30.85,16.73,34.47,4.56,MODERATE,Horticultural Orchard Microclimate,Manual demo override,MANUAL_OVERRIDE,,2026-09-09,,,,NOT_REQUESTED,29.3,20.8,70.5
MH_487_551303,Shirwade Wani,Shirwade Wani,Niphad,Nashik,20.20901,74.04726,140.1,15.77,-5.6,530.3,37.1,485.8,574.8,3.2,230.0,8.0,6.0,4.0,72.0,6.0,4.0,0.0,25.0,29.5,21.0,1.65,0.14751708694603408,26.19,21.75,31.25,16.88,34.53,4.56,MODERATE,Horticultural Orchard Microclimate,Manual demo override,MANUAL_OVERRIDE,,2026-09-09,,,,NOT_REQUESTED,29.3,20.8,70.5
MH_487_551304,Gorthan,Gorthan,Niphad,Nashik,20.21166,74.06599,142.08,15.34,-6.0,528.1,37.0,483.7,572.5,3.2,230.8,8.0,6.0,4.0,72.0,6.0,4.0,0.0,25.0,29.5,21.0,-2.52,0.09814926321646436,22.02,17.35,26.68,12.7,30.11,4.56,MODERATE,Horticultural Orchard Microclimate,Manual demo override,MANUAL_OVERRIDE,,2026-09-09,,,,NOT_REQUESTED,29.8,21.3,68.8
MH_487_551305,Redgaon,Redgaon,Niphad,Nashik,20.22917,74.09429,145.35,16.67,-6.6,524.7,36.7,480.6,568.7,3.2,232.0,8.0,6.0,4.0,72.0,6.0,4.0,0.0,25.0,29.5,21.0,-2.52,0.03958748579209339,21.76,16.9,26.56,12.05,30.24,4.71,MODERATE,Horticultural Orchard Microclimate,Manual demo override,MANUAL_OVERRIDE,,2026-09-09,,,,NOT_REQUESTED,29.9,21.4,68.7
MH_487_551306,Nandur Kh,Nandur Kh,Niphad,Nashik,20.21529,74.10738,146.4,15.05,-6.9,523.1,36.6,479.2,567.0,3.2,232.5,8.0,6.0,4.0,72.0,6.0,4.0,0.0,25.0,29.5,21.0,-2.52,0.0033520224588401057,21.83,17.12,26.77,12.07,29.9,4.61,MODERATE,Horticultural Orchard Microclimate,Manual demo override,MANUAL_OVERRIDE,,2026-09-09,,,,NOT_REQUESTED,29.9,21.4,68.7
MH_487_551308,Wavi,Wavi,Niphad,Nashik,20.20272,74.08897,144.26,13.82,-6.5,525.3,36.8,481.2,569.5,3.2,231.7,8.0,6.0,4.0,72.0,6.0,4.0,0.0,25.0,29.5,21.0,-2.52,0.03592318514808728,21.76,16.79,26.95,11.81,30.12,4.73,MODERATE,Horticultural Orchard Microclimate,Manual demo override,MANUAL_OVERRIDE,,2026-09-09,,,,NOT_REQUESTED,29.9,21.4,68.7
MH_487_551309,Palkhed,Palkhed,Niphad,Nashik,20.18367,74.06542,141.48,12.43,-6.0,528.1,37.0,483.7,572.5,3.2,230.7,8.0,6.0,4.0,72.0,6.0,4.0,0.0,25.0,29.5,21.0,-2.52,0.08582813054460028,21.88,17.56,26.58,12.04,30.22,4.6,MODERATE,Horticultural Orchard Microclimate,Manual demo override,MANUAL_OVERRIDE,,2026-09-09,,,,NOT_REQUESTED,29.8,21.3,68.8
MH_487_551311,Davachwadi,Davachwadi,Niphad,Nashik,20.1521,74.06394,140.79,9.35,-5.9,528.3,37.0,483.9,572.7,3.2,230.7,8.0,6.0,4.0,72.0,6.0,4.0,0.0,25.0,29.5,21.0,-2.52,0.07170314212686602,21.8,17.73,26.5,12.29,29.7,4.54,MODERATE,Horticultural Orchard Microclimate,Manual demo override,MANUAL_OVERRIDE,,2026-09-09,,,,NOT_REQUESTED,29.8,21.3,68.7
MH_487_551312,Kumbhari,Kumbhari,Niphad,Nashik,20.16967,74.08473,143.22,10.31,-6.4,525.8,36.8,481.7,570.0,3.2,231.6,8.0,6.0,4.0,72.0,6.0,4.0,0.0,25.0,29.5,21.0,-2.52,0.021963197664975898,21.88,17.24,26.98,12.09,30.8,4.73,MODERATE,Horticultural Orchard Microclimate,Manual demo override,MANUAL_OVERRIDE,,2026-09-09,,,,NOT_REQUESTED,29.8,21.3,68.8
MH_487_551314,Panchkeshwar,Panchkeshwar,Niphad,Nashik,20.15375,74.08907,143.41,8.49,-6.5,525.3,36.8,481.2,569.5,3.2,231.7,8.0,6.0,4.0,72.0,6.0,4.0,0.0,25.0,29.5,21.0,-2.52,-0.003982115427521924,21.71,17.31,26.17,11.98,30.46,4.63,MODERATE,Horticultural Orchard Microclimate,Manual demo override,MANUAL_OVERRIDE,,2026-09-09,,,,NOT_REQUESTED,29.9,21.4,68.7
MH_487_551313,Ranwad,Ranwad,Niphad,Nashik,20.17656,74.11352,146.31,10.74,-7.1,522.4,36.6,478.5,566.3,3.2,232.8,8.0,6.0,4.0,72.0,6.0,4.0,0.0,25.0,29.5,21.0,-2.52,-0.04019779355542295,21.75,16.82,26.69,12.28,30.14,4.61,MODERATE,Horticultural Orchard Microclimate,Manual demo override,MANUAL_OVERRIDE,,2026-09-09,,,,NOT_REQUESTED,29.9,21.4,68.7
MH_487_551307,Sawargaon,Sawargaon,Niphad,Nashik,20.20386,74.12827,148.32,13.9,-7.4,520.6,36.4,476.9,564.3,3.2,233.4,8.0,6.0,4.0,72.0,6.0,4.0,0.0,25.0,29.5,21.0,-2.52,-0.045772538196973,21.71,16.99,26.55,11.88,30.38,4.66,MODERATE,Horticultural Orchard Microclimate,Manual demo override,MANUAL_OVERRIDE,,2026-09-09,,,,NOT_REQUESTED,29.9,21.4,68.7
MH_487_551321,Bramhangaon Vanas,Bramhangaon Vanas,Niphad,Nashik,20.15632,74.13737,148.45,8.96,-7.6,519.5,36.4,475.8,563.2,3.2,233.8,8.0,6.0,4.0,72.0,6.0,4.0,0.0,25.0,29.5,21.0,-2.53,-0.10073412362928615,21.78,17.11,27.31,12.24,30.17,4.7,MODERATE,Horticultural Orchard Microclimate,Manual demo override,MANUAL_OVERRIDE,,2026-09-09,,,,NOT_REQUESTED,29.9,21.4,68.7
MH_487_551323,Khadak Malegaon,Khadak Malegaon,Niphad,Nashik,20.18737,74.17306,152.63,13.63,-8.4,515.2,36.1,471.9,558.6,3.2,235.3,8.0,6.0,4.0,72.0,6.0,4.0,0.0,25.0,29.5,21.0,-2.53,-0.12471219672301033,21.71,16.86,26.22,12.12,29.85,4.64,MODERATE,Horticultural Orchard Microclimate,Manual demo override,MANUAL_OVERRIDE,,2026-09-09,,,,NOT_REQUESTED,29.9,21.4,68.7
MH_487_551322,Vanasgaon,Vanasgaon,Niphad,Nashik,20.15508,74.15835,150.6,9.76,-8.1,517.0,36.2,473.6,560.4,3.2,234.7,8.0,6.0,4.0,72.0,6.0,4.0,0.0,25.0,29.5,21.0,-2.53,-0.12679800156003526,21.74,17.22,26.69,12.09,30.68,4.68,MODERATE,Horticultural Orchard Microclimate,Manual demo override,MANUAL_OVERRIDE,,2026-09-09,,,,NOT_REQUESTED,29.9,21.4,68.7
MH_487_551326,Khangaon Najik,Khangaon Najik,Niphad,Nashik,20.15811,74.17616,152.49,11.1,-8.5,514.9,36.0,471.7,558.1,3.2,235.4,8.0,6.0,4.0,72.0,6.0,4.0,0.0,25.0,29.5,21.0,-2.53,-0.14202149221516666,21.59,16.97,26.18,11.79,30.1,4.67,MODERATE,Horticultural Orchard Microclimate,Manual demo override,MANUAL_OVERRIDE,,2026-09-09,,,,NOT_REQUESTED,29.9,21.4,68.6
MH_487_551325,Kotamgaon,Kotamgaon,Niphad,Nashik,20.14843,74.20234,155.06,12.28,-9.1,511.7,35.8,468.8,554.7,3.2,236.5,8.0,6.0,4.0,72.0,6.0,4.0,0.0,25.0,29.5,21.0,-2.53,-0.163410908140823,21.72,17.23,26.61,11.7,30.2,4.69,MODERATE,Horticultural Orchard Microclimate,Manual demo override,MANUAL_OVERRIDE,,2026-09-09,,,,NOT_REQUESTED,29.9,21.4,68.7
MH_487_551324,Takali Vinchur,Takali Vinchur,Niphad,Nashik,20.17217,74.22077,157.31,15.45,-9.5,509.5,35.7,466.7,552.3,3.2,237.3,8.0,6.0,4.0,72.0,6.0,4.0,0.0,25.0,29.5,21.0,-2.53,-0.17818333875232192,21.56,17.03,26.58,11.93,29.82,4.62,MODERATE,Horticultural Orchard Microclimate,Manual demo override,MANUAL_OVERRIDE,,2026-09-09,,,,NOT_REQUESTED,30.0,21.5,68.6
MH_487_550410,Kundane,Kundane,Chandvad,Nashik,20.35864,74.05913,142.85,31.43,-5.8,528.9,37.0,484.5,573.3,3.2,230.5,4.0,22.0,14.0,52.0,3.0,1.0,4.0,25.0,29.5,21.0,-2.61,0.11260423673994445,21.9,17.09,26.53,11.87,30.04,4.63,MODERATE,Rain-Shadow Plateau Topography,Manual demo override,MANUAL_OVERRIDE,,2026-09-09,,,,NOT_REQUESTED,29.6,21.1,68.8
MH_487_551334,Welapur,Welapur,Niphad,Nashik,20.15282,74.26386,161.49,17.99,-10.4,504.3,35.3,462.0,546.7,3.2,239.1,8.0,6.0,4.0,72.0,6.0,4.0,0.0,25.0,29.5,21.0,-2.53,-0.2098336786115199,21.64,16.73,26.23,12.23,30.09,4.63,MODERATE,Horticultural Orchard Microclimate,Manual demo override,MANUAL_OVERRIDE,,2026-09-09,,,,NOT_REQUESTED,30.0,21.5,68.7
MH_487_549979,Kanchane,Kanchane,Deola,Nashik,20.37751,74.11481,148.87,33.09,-7.1,522.2,36.6,478.3,566.1,3.2,232.8,4.0,22.0,14.0,52.0,3.0,1.0,4.0,25.0,29.5,21.0,-2.61,0.03174395259980045,21.81,17.14,26.5,12.63,30.62,4.66,MODERATE,Rain-Shadow Plateau Topography,Manual demo override,MANUAL_OVERRIDE,,2026-09-09,,,,NOT_REQUESTED,29.7,21.2,68.7
MH_487_550417,Dudhkhede,Dudhkhede,Chandvad,Nashik,20.35074,73.96433,132.94,33.72,-3.7,540.3,37.8,494.9,585.6,3.2,226.5,4.0,22.0,14.0,52.0,3.0,1.0,4.0,25.0,29.5,21.0,2.22,0.2367836373834542,26.75,21.77,31.22,16.83,35.48,4.63,MODERATE,Rain-Shadow Plateau Topography,Manual demo override,MANUAL_OVERRIDE,,2026-09-09,,,,NOT_REQUESTED,29.5,21.0,70.7
MH_487_550405,Nawapur,Nawapur,Chandvad,Nashik,20.35332,73.98714,135.33,32.99,-4.2,537.5,37.6,492.4,582.7,3.2,227.5,4.0,22.0,14.0,52.0,3.0,1.0,4.0,25.0,29.5,21.0,2.62,0.2097724223325656,27.24,22.48,32.29,17.46,35.9,4.65,MODERATE,Rain-Shadow Plateau Topography,Manual demo override,MANUAL_OVERRIDE,,2026-09-09,,,,NOT_REQUESTED,29.5,21.0,70.9
MH_487_550416,Paregaon,Paregaon,Chandvad,Nashik,20.33597,73.98223,134.6,31.43,-4.1,538.1,37.7,492.9,583.4,3.2,227.3,4.0,22.0,14.0,52.0,3.0,1.0,4.0,25.0,29.5,21.0,2.62,0.2322464004716781,27.15,22.5,31.78,17.64,35.69,4.62,MODERATE,Rain-Shadow Plateau Topography,Manual demo override,MANUAL_OVERRIDE,,2026-09-09,,,,NOT_REQUESTED,29.5,21.0,70.9
MH_487_550406,Indira Nagar,Indira Nagar,Chandvad,Nashik,20.35042,74.00558,137.2,31.98,-4.6,535.3,37.5,490.3,580.3,3.2,228.2,4.0,22.0,14.0,52.0,3.0,1.0,4.0,25.0,29.5,21.0,1.7,0.18974542542614897,26.26,21.54,30.99,15.98,34.96,4.75,MODERATE,Rain-Shadow Plateau Topography,Manual demo override,MANUAL_OVERRIDE,,2026-09-09,,,,NOT_REQUESTED,29.6,21.1,70.5
MH_487_550419,Borale,Borale,Chandvad,Nashik,20.30188,73.9621,132.15,29.1,-3.6,540.5,37.8,495.2,585.9,3.2,226.4,4.0,22.0,14.0,52.0,3.0,1.0,4.0,25.0,29.5,21.0,2.62,0.29760543318911714,27.38,23.04,32.4,17.63,36.38,4.68,MODERATE,Rain-Shadow Plateau Topography,Manual demo override,MANUAL_OVERRIDE,,2026-09-09,,,,NOT_REQUESTED,29.2,20.7,71.0
MH_487_550418,Shivare,Shivare,Chandvad,Nashik,20.31619,73.96285,132.37,30.42,-3.7,540.5,37.8,495.1,585.8,3.2,226.4,4.0,22.0,14.0,52.0,3.0,1.0,4.0,25.0,29.5,21.0,2.62,0.27929896888362504,27.25,22.58,32.54,17.98,35.38,4.61,MODERATE,Rain-Shadow Plateau Topography,Manual demo override,MANUAL_OVERRIDE,,2026-09-09,,,,NOT_REQUESTED,29.5,21.0,70.9
MH_487_550420,Chikhalambe,Chikhalambe,Chandvad,Nashik,20.3191,73.98137,134.32,29.78,-4.1,538.2,37.7,493.0,583.5,3.2,227.2,4.0,22.0,14.0,52.0,3.0,1.0,4.0,25.0,29.5,21.0,2.62,0.24987955359354827,27.21,22.91,31.56,17.95,35.73,4.58,MODERATE,Rain-Shadow Plateau Topography,Manual demo override,MANUAL_OVERRIDE,,2026-09-09,,,,NOT_REQUESTED,29.5,21.0,70.9
MH_487_550421,Bahaduri,Bahaduri,Chandvad,Nashik,20.2933,73.99533,135.53,26.57,-4.4,536.6,37.6,491.4,581.7,3.2,227.8,4.0,22.0,14.0,52.0,3.0,1.0,4.0,25.0,29.5,21.0,2.63,0.2490091607482072,27.24,22.49,32.24,17.82,35.97,4.66,MODERATE,Rain-Shadow Plateau Topography,Manual demo override,MANUAL_OVERRIDE,,2026-09-09,,,,NOT_REQUESTED,29.2,20.7,70.9
MH_487_550415,Dahyane,Dahyane,Chandvad,Nashik,20.32706,74.00194,136.54,29.7,-4.5,535.8,37.5,490.8,580.8,3.2,228.1,4.0,22.0,14.0,52.0,3.0,1.0,4.0,25.0,29.5,21.0,1.7,0.21244235466204142,26.24,21.4,30.98,16.95,34.57,4.58,MODERATE,Rain-Shadow Plateau Topography,Manual demo override,MANUAL_OVERRIDE,,2026-09-09,,,,NOT_REQUESTED,29.6,21.1,70.5
MH_487_550407,Jaitapur,Jaitapur,Chandvad,Nashik,20.35211,74.02941,139.69,31.4,-5.2,532.5,37.3,487.7,577.2,3.2,229.2,4.0,22.0,14.0,52.0,3.0,1.0,4.0,25.0,29.5,21.0,1.7,0.15684474266818077,26.23,21.72,30.83,16.63,34.9,4.62,MODERATE,Rain-Shadow Plateau Topography,Manual demo override,MANUAL_OVERRIDE,,2026-09-09,,,,NOT_REQUESTED,29.6,21.1,70.5
MH_487_550408,Hatti,Hatti,Chandvad,Nashik,20.37271,74.04423,141.51,33.26,-5.5,530.7,37.1,486.2,575.2,3.2,229.9,4.0,22.0,14.0,52.0,3.0,1.0,4.0,25.0,29.5,21.0,0.56,0.12659139839188235,25.11,20.52,29.68,15.37,33.21,4.59,MODERATE,Rain-Shadow Plateau Topography,Manual demo override,MANUAL_OVERRIDE,,2026-09-09,,,,NOT_REQUESTED,29.6,21.1,70.0
MH_487_550409,Sherisalaiban,Sherisalaiban,Chandvad,Nashik,20.36817,74.06994,144.1,32.31,-6.1,527.6,36.9,483.3,571.9,3.2,230.9,4.0,22.0,14.0,52.0,3.0,1.0,4.0,25.0,29.5,21.0,-2.61,0.09459578656813165,21.8,17.18,26.37,12.17,30.02,4.61,MODERATE,Rain-Shadow Plateau Topography,Manual demo override,MANUAL_OVERRIDE,,2026-09-09,,,,NOT_REQUESTED,29.7,21.2,68.7
MH_487_550422,Jambutke,Jambutke,Chandvad,Nashik,20.31175,74.01974,138.23,27.44,-4.9,533.6,37.4,488.8,578.5,3.2,228.8,4.0,22.0,14.0,52.0,3.0,1.0,4.0,25.0,29.5,21.0,1.7,0.1935537422982349,26.27,21.74,30.85,16.19,34.79,4.63,MODERATE,Rain-Shadow Plateau Topography,Manual demo override,MANUAL_OVERRIDE,,2026-09-09,,,,NOT_REQUESTED,29.3,20.8,70.5
MH_487_550414,Ekrukhe,Ekrukhe,Chandvad,Nashik,20.3259,74.03462,139.92,28.45,-5.3,531.8,37.2,487.2,576.5,3.2,229.5,4.0,22.0,14.0,52.0,3.0,1.0,4.0,25.0,29.5,21.0,1.7,0.16196159105634914,26.17,21.58,30.59,16.16,34.07,4.59,MODERATE,Rain-Shadow Plateau Topography,Manual demo override,MANUAL_OVERRIDE,,2026-09-09,,,,NOT_REQUESTED,29.3,20.8,70.5
MH_487_550413,Dhodambe,Dhodambe,Chandvad,Nashik,20.33126,74.06344,142.97,28.36,-5.9,528.4,37.0,484.0,572.8,3.2,230.7,4.0,22.0,14.0,52.0,3.0,1.0,4.0,25.0,29.5,21.0,-2.52,0.11381908174985464,21.9,17.48,27.1,11.8,30.25,4.67,MODERATE,Rain-Shadow Plateau Topography,Manual demo override,MANUAL_OVERRIDE,,2026-09-09,,,,NOT_REQUESTED,29.8,21.3,68.8
MH_487_550411,Kanmandale,Kanmandale,Chandvad,Nashik,20.3498,74.08986,145.92,30.07,-6.5,525.2,36.8,481.1,569.4,3.2,231.8,4.0,22.0,14.0,52.0,3.0,1.0,4.0,25.0,29.5,21.0,-2.61,0.0701328975995566,21.75,17.38,26.52,12.5,30.22,4.65,MODERATE,Rain-Shadow Plateau Topography,Manual demo override,MANUAL_OVERRIDE,,2026-09-09,,,,NOT_REQUESTED,29.7,21.2,68.7
MH_487_550428,Pimpalnare,Pimpalnare,Chandvad,Nashik,20.28938,74.02786,138.89,24.81,-5.1,532.7,37.3,487.9,577.4,3.2,229.2,4.0,22.0,14.0,52.0,3.0,1.0,4.0,25.0,29.5,21.0,1.7,0.18858133477115593,26.1,21.22,31.29,15.99,34.14,4.68,MODERATE,Rain-Shadow Plateau Topography,Manual demo override,MANUAL_OVERRIDE,,2026-09-09,,,,NOT_REQUESTED,29.3,20.8,70.4
MH_487_550423,Goharan,Goharan,Chandvad,Nashik,20.30269,74.05836,142.17,25.34,-5.8,529.0,37.0,484.6,573.4,3.2,230.5,4.0,22.0,14.0,52.0,3.0,1.0,4.0,25.0,29.5,21.0,-2.52,0.12745569768337164,21.86,17.03,26.57,12.08,30.71,4.69,MODERATE,Rain-Shadow Plateau Topography,Manual demo override,MANUAL_OVERRIDE,,2026-09-09,,,,NOT_REQUESTED,29.8,21.3,68.7
MH_487_550491,Jopul,Jopul,Chandvad,Nashik,20.24555,74.16043,152.46,19.15,-8.1,516.7,36.2,473.3,560.2,3.2,234.7,4.0,22.0,14.0,52.0,3.0,1.0,4.0,25.0,29.5,21.0,-2.53,-0.07304076412806691,21.73,16.61,26.72,12.11,30.43,4.7,MODERATE,Rain-Shadow Plateau Topography,Manual demo override,MANUAL_OVERRIDE,,2026-09-09,,,,NOT_REQUESTED,29.9,21.4,68.7
MH_487_550424,Bhayale,Bhayale,Chandvad,Nashik,20.31185,74.08179,144.68,25.95,-6.3,526.2,36.8,482.0,570.3,3.2,231.4,4.0,22.0,14.0,52.0,3.0,1.0,4.0,25.0,29.5,21.0,-2.52,0.08528590927876793,21.88,17.07,27.07,12.26,30.47,4.7,MODERATE,Rain-Shadow Plateau Topography,Manual demo override,MANUAL_OVERRIDE,,2026-09-09,,,,NOT_REQUESTED,29.8,21.3,68.8
MH_487_550425,Shinde,Shinde,Chandvad,Nashik,20.31977,74.10278,146.94,26.67,-6.8,523.7,36.7,479.6,567.7,3.2,232.3,4.0,22.0,14.0,52.0,3.0,1.0,4.0,25.0,29.5,21.0,-2.52,0.05033675090152341,21.95,17.24,26.93,12.67,30.25,4.61,MODERATE,Rain-Shadow Plateau Topography,Manual demo override,MANUAL_OVERRIDE,,2026-09-09,,,,NOT_REQUESTED,29.9,21.4,68.8
MH_487_550432,Puri,Puri,Chandvad,Nashik,20.35028,74.12082,149.14,30.07,-7.2,521.5,36.5,477.7,565.3,3.2,233.1,4.0,22.0,14.0,52.0,3.0,1.0,4.0,25.0,29.5,21.0,-2.61,0.024117828791829984,21.84,17.36,27.01,12.7,30.15,4.56,MODERATE,Rain-Shadow Plateau Topography,Manual demo override,MANUAL_OVERRIDE,,2026-09-09,,,,NOT_REQUESTED,29.7,21.2,68.7
MH_487_550433,Kheldari,Kheldari,Chandvad,Nashik,20.36086,74.1465,151.93,31.46,-7.8,518.4,36.3,474.9,562.0,3.2,234.2,4.0,22.0,14.0,52.0,3.0,1.0,4.0,25.0,29.5,21.0,-2.63,-0.012913728595824531,21.68,17.45,26.39,12.25,29.78,4.59,MODERATE,Rain-Shadow Plateau Topography,Manual demo override,MANUAL_OVERRIDE,,2026-09-09,,,,NOT_REQUESTED,30.0,21.5,68.7
MH_487_550444,Shelu,Shelu,Chandvad,Nashik,20.33122,74.14726,151.67,28.2,-7.8,518.3,36.3,474.8,561.9,3.2,234.2,4.0,22.0,14.0,52.0,3.0,1.0,4.0,25.0,29.5,21.0,-2.53,-0.018311150079107556,21.77,17.52,27.44,11.85,29.96,4.63,MODERATE,Rain-Shadow Plateau Topography,Manual demo override,MANUAL_OVERRIDE,,2026-09-09,,,,NOT_REQUESTED,29.9,21.4,68.7
MH_487_550434,Shirur,Shirur,Chandvad,Nashik,20.35916,74.16529,153.85,31.57,-8.2,516.2,36.1,472.8,559.5,3.2,234.9,4.0,22.0,14.0,52.0,3.0,1.0,4.0,25.0,29.5,21.0,-2.63,-0.040694529254123465,21.67,17.31,26.42,11.96,29.8,4.58,MODERATE,Rain-Shadow Plateau Topography,Manual demo override,MANUAL_OVERRIDE,,2026-09-09,,,,NOT_REQUESTED,30.0,21.5,68.7
MH_487_549913,Kalwan Kh,Kalwan Kh,Kalwan,Nashik,20.46636,74.04318,143.15,43.52,-5.5,530.8,37.2,486.2,575.5,3.2,229.8,12.0,14.0,10.0,58.0,4.0,2.0,0.0,25.0,29.5,21.0,0.5,0.06678032001920226,25.05,20.63,29.67,14.83,33.65,4.65,MODERATE,Rain-Shadow Plateau Topography,Manual demo override,MANUAL_OVERRIDE,,2026-09-09,,,,NOT_REQUESTED,29.6,21.1,70.0
MH_487_550445,Bhutyane,Bhutyane,Chandvad,Nashik,20.31987,74.12872,149.63,26.74,-7.4,520.6,36.4,476.9,564.2,3.2,233.4,4.0,22.0,14.0,52.0,3.0,1.0,4.0,25.0,29.5,21.0,-2.52,0.008353158464811232,21.84,16.84,26.35,11.82,30.4,4.75,MODERATE,Rain-Shadow Plateau Topography,Manual demo override,MANUAL_OVERRIDE,,2026-09-09,,,,NOT_REQUESTED,29.9,21.4,68.7
MH_487_550446,Malsane,Malsane,Chandvad,Nashik,20.30344,74.13686,150.33,25.0,-7.6,519.6,36.4,475.9,563.3,3.2,233.7,4.0,22.0,14.0,52.0,3.0,1.0,4.0,25.0,29.5,21.0,-2.53,-0.008912653064075186,21.88,17.24,27.45,11.41,30.11,4.76,MODERATE,Rain-Shadow Plateau Topography,Manual demo override,MANUAL_OVERRIDE,,2026-09-09,,,,NOT_REQUESTED,29.9,21.4,68.8
MH_487_550447,Sogras,Sogras,Chandvad,Nashik,20.30866,74.15212,151.96,25.8,-7.9,517.7,36.2,474.3,561.2,3.2,234.4,4.0,22.0,14.0,52.0,3.0,1.0,4.0,25.0,29.5,21.0,-2.53,-0.031786941058167574,21.75,17.12,26.45,12.21,30.2,4.6,MODERATE,Rain-Shadow Plateau Topography,Manual demo override,MANUAL_OVERRIDE,,2026-09-09,,,,NOT_REQUESTED,29.9,21.4,68.7
MH_487_550443,Adgaon,Adgaon,Chandvad,Nashik,20.32436,74.16791,153.75,27.84,-8.3,515.9,36.1,472.5,559.2,3.2,235.1,4.0,22.0,14.0,52.0,3.0,1.0,4.0,25.0,29.5,21.0,-2.53,-0.05167393312013242,21.83,17.18,26.63,11.98,30.06,4.69,MODERATE,Rain-Shadow Plateau Topography,Manual demo override,MANUAL_OVERRIDE,,2026-09-09,,,,NOT_REQUESTED,29.9,21.4,68.7
MH_487_550442,Asarkhede,Asarkhede,Chandvad,Nashik,20.34253,74.1777,154.95,30.03,-8.5,514.7,36.0,471.5,557.9,3.2,235.5,4.0,22.0,14.0,52.0,3.0,1.0,4.0,25.0,29.5,21.0,-2.63,-0.06213004440434572,21.53,16.85,26.63,11.98,29.84,4.55,MODERATE,Rain-Shadow Plateau Topography,Manual demo override,MANUAL_OVERRIDE,,2026-09-09,,,,NOT_REQUESTED,30.0,21.5,68.6
MH_487_550439,Indraiwadi,Indraiwadi,Chandvad,Nashik,20.36407,74.21237,158.79,33.34,-9.3,510.5,35.7,467.7,553.4,3.2,236.9,4.0,22.0,14.0,52.0,3.0,1.0,4.0,25.0,29.5,21.0,-2.63,-0.11209012423318361,21.59,16.57,26.31,12.09,29.76,4.54,MODERATE,Rain-Shadow Plateau Topography,Manual demo override,MANUAL_OVERRIDE,,2026-09-09,,,,NOT_REQUESTED,30.1,21.6,68.6
MH_487_549910,Sakore,Sakore,Kalwan,Nashik,20.44601,73.98664,136.92,42.68,-4.2,537.6,37.6,492.5,582.7,3.2,227.4,12.0,14.0,10.0,58.0,4.0,2.0,0.0,25.0,29.5,21.0,1.29,0.12413337266003295,25.79,21.34,31.09,15.55,34.56,4.76,MODERATE,Rain-Shadow Plateau Topography,Manual demo override,MANUAL_OVERRIDE,,2026-09-09,,,,NOT_REQUESTED,29.5,21.0,70.3
MH_487_550440,Shivajinagar,Shivajinagar,Chandvad,Nashik,20.34474,74.18834,156.08,30.55,-8.7,513.4,35.9,470.3,556.5,3.2,235.9,4.0,22.0,14.0,52.0,3.0,1.0,4.0,25.0,29.5,21.0,-2.63,-0.07778904863688824,21.6,17.4,25.73,11.52,29.54,4.53,MODERATE,Rain-Shadow Plateau Topography,Manual demo override,MANUAL_OVERRIDE,,2026-09-09,,,,NOT_REQUESTED,30.0,21.5,68.6
MH_487_550441,Deogaon,Deogaon,Chandvad,Nashik,20.33108,74.19359,156.48,29.25,-8.9,512.8,35.9,469.7,555.8,3.2,236.1,4.0,22.0,14.0,52.0,3.0,1.0,4.0,25.0,29.5,21.0,-2.53,-0.08895785417357392,21.73,16.68,26.48,12.43,30.12,4.6,MODERATE,Rain-Shadow Plateau Topography,Manual demo override,MANUAL_OVERRIDE,,2026-09-09,,,,NOT_REQUESTED,29.9,21.4,68.7
MH_487_550450,Shirsane,Shirsane,Chandvad,Nashik,20.29181,74.15346,151.98,23.98,-8.0,517.6,36.2,474.1,561.0,3.2,234.4,4.0,22.0,14.0,52.0,3.0,1.0,4.0,25.0,29.5,21.0,-2.53,-0.03985085704635262,21.87,17.73,26.41,11.89,30.0,4.59,MODERATE,Rain-Shadow Plateau Topography,Manual demo override,MANUAL_OVERRIDE,,2026-09-09,,,,NOT_REQUESTED,29.9,21.4,68.7
MH_487_550451,Chinchole,Chinchole,Chandvad,Nashik,20.29703,74.17329,154.08,25.02,-8.4,515.2,36.1,471.9,558.5,3.2,235.3,4.0,22.0,14.0,52.0,3.0,1.0,4.0,25.0,29.5,21.0,-2.53,-0.06916199067209934,21.64,16.97,26.18,11.55,30.3,4.7,MODERATE,Rain-Shadow Plateau Topography,Manual demo override,MANUAL_OVERRIDE,,2026-09-09,,,,NOT_REQUESTED,29.9,21.4,68.7
MH_487_550429,Dhondgavhan,Dhondgavhan,Chandvad,Nashik,20.22317,74.00766,136.36,19.17,-4.7,535.1,37.5,490.1,580.1,3.2,228.3,4.0,22.0,14.0,52.0,3.0,1.0,4.0,25.0,29.5,21.0,1.7,0.25787665005310506,26.31,21.58,31.0,16.99,35.18,4.73,MODERATE,Rain-Shadow Plateau Topography,Manual demo override,MANUAL_OVERRIDE,,2026-09-09,,,,NOT_REQUESTED,29.3,20.8,70.5
MH_487_550430,Dhotarkhede,Dhotarkhede,Chandvad,Nashik,20.22561,74.07016,142.8,16.72,-6.1,527.6,36.9,483.3,571.9,3.2,230.9,4.0,22.0,14.0,52.0,3.0,1.0,4.0,25.0,29.5,21.0,-2.52,0.0933598133326829,21.89,17.35,27.12,12.13,30.79,4.7,MODERATE,Rain-Shadow Plateau Topography,Manual demo override,MANUAL_OVERRIDE,,2026-09-09,,,,NOT_REQUESTED,29.8,21.3,68.8
MH_487_550453,Talwade,Talwade,Chandvad,Nashik,20.29461,74.19265,156.07,25.37,-8.8,512.9,35.9,469.8,556.0,3.2,236.1,4.0,22.0,14.0,52.0,3.0,1.0,4.0,25.0,29.5,21.0,-2.53,-0.10006480114190129,21.64,16.89,26.22,11.73,30.0,4.65,MODERATE,Rain-Shadow Plateau Topography,Manual demo override,MANUAL_OVERRIDE,,2026-09-09,,,,NOT_REQUESTED,29.9,21.4,68.7
MH_487_550427,Vadner Bhairao,Vadner Bhairao,Chandvad,Nashik,20.25539,74.04616,140.59,20.61,-5.5,530.5,37.1,485.9,575.0,3.2,229.9,4.0,22.0,14.0,52.0,3.0,1.0,4.0,25.0,29.5,21.0,0.58,0.15586076271516233,25.04,20.39,30.06,15.57,33.71,4.65,MODERATE,Rain-Shadow Plateau Topography,Manual demo override,MANUAL_OVERRIDE,,2026-09-09,,,,NOT_REQUESTED,29.8,21.3,70.0
MH_487_550431,Khadakjamb,Khadakjamb,Chandvad,Nashik,20.24929,74.08887,145.02,18.95,-6.5,525.3,36.8,481.2,569.5,3.2,231.7,4.0,22.0,14.0,52.0,3.0,1.0,4.0,25.0,29.5,21.0,-2.52,0.06027431296073058,21.97,17.34,26.72,12.2,30.47,4.63,MODERATE,Rain-Shadow Plateau Topography,Manual demo override,MANUAL_OVERRIDE,,2026-09-09,,,,NOT_REQUESTED,29.9,21.4,68.8
MH_487_550426,Vadalibhoi,Vadalibhoi,Chandvad,Nashik,20.28095,74.10794,147.16,22.35,-6.9,523.0,36.6,479.1,567.0,3.2,232.5,4.0,22.0,14.0,52.0,3.0,1.0,4.0,25.0,29.5,21.0,-2.52,0.033870376126790565,21.92,17.17,26.69,12.02,29.87,4.64,MODERATE,Rain-Shadow Plateau Topography,Manual demo override,MANUAL_OVERRIDE,,2026-09-09,,,,NOT_REQUESTED,29.9,21.4,68.8
MH_487_550490,Khadakozar,Khadakozar,Chandvad,Nashik,20.23858,74.12465,148.66,17.7,-7.3,521.0,36.5,477.2,564.8,3.2,233.2,4.0,22.0,14.0,52.0,3.0,1.0,4.0,25.0,29.5,21.0,-2.52,-0.015899410607964667,21.7,17.09,26.84,11.57,30.32,4.68,MODERATE,Rain-Shadow Plateau Topography,Manual demo override,MANUAL_OVERRIDE,,2026-09-09,,,,NOT_REQUESTED,29.9,21.4,68.7
MH_487_550508,Gurhale,Gurhale,Chandvad,Nashik,20.22569,74.14433,150.4,16.59,-7.7,518.7,36.3,475.1,562.2,3.2,234.1,4.0,22.0,14.0,52.0,3.0,1.0,4.0,25.0,29.5,21.0,-2.53,-0.05856197003206173,21.85,17.33,26.65,11.96,30.39,4.7,MODERATE,Rain-Shadow Plateau Topography,Manual demo override,MANUAL_OVERRIDE,,2026-09-09,,,,NOT_REQUESTED,29.9,21.4,68.7
MH_487_550452,Bharvir,Bharvir,Chandvad,Nashik,20.30952,74.18886,155.79,26.82,-8.7,513.3,35.9,470.3,556.4,3.2,235.9,4.0,22.0,14.0,52.0,3.0,1.0,4.0,25.0,29.5,21.0,-2.53,-0.08850526710708838,21.7,17.48,26.42,12.01,30.43,4.61,MODERATE,Rain-Shadow Plateau Topography,Manual demo override,MANUAL_OVERRIDE,,2026-09-09,,,,NOT_REQUESTED,29.9,21.4,68.7
MH_487_550448,Narayangaon,Narayangaon,Chandvad,Nashik,20.26664,74.14678,151.13,21.11,-7.8,518.4,36.3,474.8,561.9,3.2,234.2,4.0,22.0,14.0,52.0,3.0,1.0,4.0,25.0,29.5,21.0,-2.53,-0.03980442444360916,21.85,17.35,27.2,12.29,30.65,4.7,MODERATE,Rain-Shadow Plateau Topography,Manual demo override,MANUAL_OVERRIDE,,2026-09-09,,,,NOT_REQUESTED,29.9,21.4,68.7
MH_487_550449,Bhatgaon,Bhatgaon,Chandvad,Nashik,20.2753,74.17297,153.9,22.69,-8.4,515.2,36.1,471.9,558.6,3.2,235.3,4.0,22.0,14.0,52.0,3.0,1.0,4.0,25.0,29.5,21.0,-2.53,-0.07791649107849746,21.63,16.95,26.36,11.82,29.79,4.6,MODERATE,Rain-Shadow Plateau Topography,Manual demo override,MANUAL_OVERRIDE,,2026-09-09,,,,NOT_REQUESTED,29.9,21.4,68.7
MH_487_550458,Parsul,Parsul,Chandvad,Nashik,20.2698,74.19306,155.97,22.82,-8.8,512.8,35.9,469.8,555.9,3.2,236.1,4.0,22.0,14.0,52.0,3.0,1.0,4.0,25.0,29.5,21.0,-2.53,-0.11144848852890607,21.68,17.25,26.59,12.25,30.08,4.59,MODERATE,Rain-Shadow Plateau Topography,Manual demo override,MANUAL_OVERRIDE,,2026-09-09,,,,NOT_REQUESTED,29.9,21.4,68.7
MH_487_550454,Mangrul,Mangrul,Chandvad,Nashik,20.32658,74.20886,158.02,29.29,-9.2,510.9,35.8,468.0,553.9,3.2,236.8,4.0,22.0,14.0,52.0,3.0,1.0,4.0,25.0,29.5,21.0,-2.53,-0.11346092184440117,21.8,16.99,26.65,12.18,30.44,4.67,MODERATE,Rain-Shadow Plateau Topography,Manual demo override,MANUAL_OVERRIDE,,2026-09-09,,,,NOT_REQUESTED,29.9,21.4,68.7
MH_487_550457,Ganur,Ganur,Chandvad,Nashik,20.29629,74.21513,158.43,26.44,-9.3,510.2,35.7,467.3,553.0,3.2,237.0,4.0,22.0,14.0,52.0,3.0,1.0,4.0,25.0,29.5,21.0,-2.53,-0.13412190812263014,21.71,17.3,26.44,11.83,29.97,4.7,MODERATE,Rain-Shadow Plateau Topography,Manual demo override,MANUAL_OVERRIDE,,2026-09-09,,,,NOT_REQUESTED,29.9,21.4,68.7
MH_487_550456,Nimgavhan,Nimgavhan,Chandvad,Nashik,20.28765,74.23974,160.93,26.77,-9.9,507.2,35.5,464.6,549.8,3.2,238.1,4.0,22.0,14.0,52.0,3.0,1.0,4.0,25.0,29.5,21.0,-2.53,-0.17728742450747256,21.66,17.25,26.75,12.05,30.1,4.56,MODERATE,Rain-Shadow Plateau Topography,Manual demo override,MANUAL_OVERRIDE,,2026-09-09,,,,NOT_REQUESTED,30.0,21.5,68.7
MH_487_550459,Tisgaon,Tisgaon,Chandvad,Nashik,20.27275,74.2168,158.46,24.16,-9.4,510.0,35.7,467.1,552.8,3.2,237.1,4.0,22.0,14.0,52.0,3.0,1.0,4.0,25.0,29.5,21.0,-2.53,-0.1464625434428985,21.67,17.35,26.38,12.18,29.85,4.58,MODERATE,Rain-Shadow Plateau Topography,Manual demo override,MANUAL_OVERRIDE,,2026-09-09,,,,NOT_REQUESTED,30.0,21.5,68.7
MH_487_550507,Devergaon,Devergaon,Chandvad,Nashik,20.22069,74.1717,153.11,16.92,-8.4,515.4,36.1,472.1,558.7,3.2,235.2,4.0,22.0,14.0,52.0,3.0,1.0,4.0,25.0,29.5,21.0,-2.53,-0.10421525868766356,21.72,17.25,26.5,12.09,29.93,4.62,MODERATE,Rain-Shadow Plateau Topography,Manual demo override,MANUAL_OVERRIDE,,2026-09-09,,,,NOT_REQUESTED,29.9,21.4,68.7
MH_487_550492,Bhoyegaon,Bhoyegaon,Chandvad,Nashik,20.24435,74.1842,154.88,19.85,-8.6,513.9,36.0,470.7,557.1,3.2,235.7,4.0,22.0,14.0,52.0,3.0,1.0,4.0,25.0,29.5,21.0,-2.53,-0.11011669689315969,21.7,16.75,26.7,12.37,29.97,4.61,MODERATE,Rain-Shadow Plateau Topography,Manual demo override,MANUAL_OVERRIDE,,2026-09-09,,,,NOT_REQUESTED,29.9,21.4,68.7
MH_487_550493,Urdhul,Urdhul,Chandvad,Nashik,20.24143,74.20645,157.1,20.58,-9.1,511.2,35.8,468.3,554.2,3.2,236.7,4.0,22.0,14.0,52.0,3.0,1.0,4.0,25.0,29.5,21.0,-2.53,-0.14378356430636263,21.67,17.34,26.53,12.32,29.84,4.5,MODERATE,Rain-Shadow Plateau Topography,Manual demo override,MANUAL_OVERRIDE,,2026-09-09,,,,NOT_REQUESTED,29.9,21.4,68.7
MH_487_550460,Bopane,Bopane,Chandvad,Nashik,20.25801,74.22918,159.68,23.38,-9.7,508.5,35.6,465.8,551.2,3.2,237.6,4.0,22.0,14.0,52.0,3.0,1.0,4.0,25.0,29.5,21.0,-2.53,-0.17104792982571296,21.55,16.97,26.24,11.72,30.19,4.68,MODERATE,Rain-Shadow Plateau Topography,Manual demo override,MANUAL_OVERRIDE,,2026-09-09,,,,NOT_REQUESTED,30.0,21.5,68.6
MH_487_550506,Hirapur,Hirapur,Chandvad,Nashik,20.21613,74.21077,157.03,18.43,-9.2,510.7,35.7,467.9,553.5,3.2,236.9,4.0,22.0,14.0,52.0,3.0,1.0,4.0,25.0,29.5,21.0,-2.53,-0.15905598484788613,21.67,17.03,27.02,12.02,30.36,4.75,MODERATE,Rain-Shadow Plateau Topography,Manual demo override,MANUAL_OVERRIDE,,2026-09-09,,,,NOT_REQUESTED,29.9,21.4,68.7
MH_487_550509,Pimplad,Pimplad,Chandvad,Nashik,20.19697,74.2177,157.4,17.19,-9.4,509.9,35.7,467.0,552.7,3.2,237.1,4.0,22.0,14.0,52.0,3.0,1.0,4.0,25.0,29.5,21.0,-2.53,-0.1724889989472506,21.69,17.13,26.37,12.35,29.89,4.62,MODERATE,Rain-Shadow Plateau Topography,Manual demo override,MANUAL_OVERRIDE,,2026-09-09,,,,NOT_REQUESTED,30.0,21.5,68.7
MH_487_550504,Pate,Pate,Chandvad,Nashik,20.22358,74.25863,162.1,22.26,-10.3,505.0,35.3,462.6,547.3,3.2,238.9,4.0,22.0,14.0,52.0,3.0,1.0,4.0,25.0,29.5,21.0,-2.53,-0.22117540071681785,21.6,16.49,26.08,12.08,30.24,4.7,MODERATE,Rain-Shadow Plateau Topography,Manual demo override,MANUAL_OVERRIDE,,2026-09-09,,,,NOT_REQUESTED,30.0,21.5,68.6
MH_487_550494,Dighwad,Dighwad,Chandvad,Nashik,20.24612,74.23753,160.38,22.77,-9.8,507.5,35.5,464.9,550.1,3.2,238.0,4.0,22.0,14.0,52.0,3.0,1.0,4.0,25.0,29.5,21.0,-2.53,-0.18724063751432035,21.67,17.13,26.64,11.55,30.03,4.64,MODERATE,Rain-Shadow Plateau Topography,Manual demo override,MANUAL_OVERRIDE,,2026-09-09,,,,NOT_REQUESTED,30.0,21.5,68.7
MH_487_550461,Hivarkhede,Hivarkhede,Chandvad,Nashik,20.27239,74.24506,161.4,25.62,-10.0,506.6,35.5,464.0,549.2,3.2,238.3,4.0,22.0,14.0,52.0,3.0,1.0,4.0,25.0,29.5,21.0,-2.53,-0.19140230019835533,21.59,17.22,26.44,11.8,30.28,4.69,MODERATE,Rain-Shadow Plateau Topography,Manual demo override,MANUAL_OVERRIDE,,2026-09-09,,,,NOT_REQUESTED,30.0,21.5,68.6
MH_487_550455,Pathar Shembe,Pathar Shembe,Chandvad,Nashik,20.29318,74.25992,163.07,28.4,-10.3,504.8,35.3,462.4,547.2,3.2,238.9,4.0,22.0,14.0,52.0,3.0,1.0,4.0,25.0,29.5,21.0,-2.53,-0.21061367110711338,21.65,17.09,26.22,11.81,29.87,4.59,MODERATE,Rain-Shadow Plateau Topography,Manual demo override,MANUAL_OVERRIDE,,2026-09-09,,,,NOT_REQUESTED,30.0,21.5,68.7
MH_487_550462,Nhanave,Nhanave,Chandvad,Nashik,20.26494,74.26771,163.72,26.34,-10.5,503.9,35.3,461.5,546.2,3.2,239.2,4.0,22.0,14.0,52.0,3.0,1.0,4.0,25.0,29.5,21.0,-2.53,-0.23117199418147708,21.62,16.99,26.34,11.57,30.47,4.73,MODERATE,Rain-Shadow Plateau Topography,Manual demo override,MANUAL_OVERRIDE,,2026-09-09,,,,NOT_REQUESTED,30.0,21.5,68.6
MH_487_550495,Dahiwad,Dahiwad,Chandvad,Nashik,20.23209,74.24331,160.69,21.9,-10.0,506.8,35.5,464.2,549.4,3.2,238.2,4.0,22.0,14.0,52.0,3.0,1.0,4.0,25.0,29.5,21.0,-2.53,-0.19872663138638555,21.67,16.92,26.78,12.26,30.23,4.64,MODERATE,Rain-Shadow Plateau Topography,Manual demo override,MANUAL_OVERRIDE,,2026-09-09,,,,NOT_REQUESTED,30.0,21.5,68.7
MH_487_550496,Kazisangvi,Kazisangvi,Chandvad,Nashik,20.23953,74.26278,162.83,23.85,-10.4,504.5,35.3,462.1,546.8,3.2,239.0,4.0,22.0,14.0,52.0,3.0,1.0,4.0,25.0,29.5,21.0,-2.53,-0.22640407665840095,21.62,16.82,26.52,12.42,30.36,4.69,MODERATE,Rain-Shadow Plateau Topography,Manual demo override,MANUAL_OVERRIDE,,2026-09-09,,,,NOT_REQUESTED,30.0,21.5,68.6
MH_487_550497,Soni Sangvi,Soni Sangvi,Chandvad,Nashik,20.23336,74.27684,164.16,24.37,-10.7,502.8,35.2,460.5,545.0,3.2,239.6,4.0,22.0,14.0,52.0,3.0,1.0,4.0,25.0,29.5,21.0,-2.53,-0.24812813570067582,21.63,16.86,26.54,12.22,29.7,4.54,MODERATE,Rain-Shadow Plateau Topography,Manual demo override,MANUAL_OVERRIDE,,2026-09-09,,,,NOT_REQUESTED,30.0,21.5,68.7
MH_487_550505,Koltek,Koltek,Chandvad,Nashik,20.21496,74.24625,160.66,20.68,-10.0,506.4,35.5,463.8,549.0,3.2,238.3,4.0,22.0,14.0,52.0,3.0,1.0,4.0,25.0,29.5,21.0,-2.53,-0.2048161512632322,21.57,16.93,26.63,11.83,30.17,4.64,MODERATE,Rain-Shadow Plateau Topography,Manual demo override,MANUAL_OVERRIDE,,2026-09-09,,,,NOT_REQUESTED,30.0,21.5,68.6
MH_487_550510,Narayankhede,Narayankhede,Chandvad,Nashik,20.20501,74.25603,161.49,20.63,-10.3,505.3,35.4,462.8,547.8,3.2,238.8,4.0,22.0,14.0,52.0,3.0,1.0,4.0,25.0,29.5,21.0,-2.53,-0.21733549871049415,21.52,16.87,26.45,11.96,30.03,4.61,MODERATE,Rain-Shadow Plateau Topography,Manual demo override,MANUAL_OVERRIDE,,2026-09-09,,,,NOT_REQUESTED,30.0,21.5,68.6
MH_487_550503,Redgaon Kh,Redgaon Kh,Chandvad,Nashik,20.21744,74.28017,164.2,23.43,-10.8,502.4,35.2,460.1,544.6,3.2,239.8,4.0,22.0,14.0,52.0,3.0,1.0,4.0,25.0,29.5,21.0,-2.53,-0.2513778621625803,21.51,17.01,26.39,11.51,29.94,4.69,MODERATE,Rain-Shadow Plateau Topography,Manual demo override,MANUAL_OVERRIDE,,2026-09-09,,,,NOT_REQUESTED,30.0,21.5,68.6
MH_487_550512,Vaki Kh,Vaki Kh,Chandvad,Nashik,20.17771,74.26155,161.61,19.19,-10.4,504.6,35.3,462.3,547.0,3.2,239.0,4.0,22.0,14.0,52.0,3.0,1.0,4.0,25.0,29.5,21.0,-2.53,-0.2185597165681534,21.47,16.86,26.32,11.64,29.96,4.66,MODERATE,Rain-Shadow Plateau Topography,Manual demo override,MANUAL_OVERRIDE,,2026-09-09,,,,NOT_REQUESTED,30.0,21.5,68.6
MH_487_550513,Vaki Bk,Vaki Bk,Chandvad,Nashik,20.17197,74.28792,164.25,21.2,-11.0,501.4,35.1,459.3,543.6,3.2,240.1,4.0,22.0,14.0,52.0,3.0,1.0,4.0,25.0,29.5,21.0,-2.53,-0.24452191928673253,21.52,17.03,26.44,11.89,29.67,4.61,MODERATE,Rain-Shadow Plateau Topography,Manual demo override,MANUAL_OVERRIDE,,2026-09-09,,,,NOT_REQUESTED,30.0,21.5,68.6
MH_487_550514,Kalkhode,Kalkhode,Chandvad,Nashik,20.19291,74.29426,165.23,22.97,-11.1,500.7,35.0,458.7,542.7,3.2,240.4,4.0,22.0,14.0,52.0,3.0,1.0,4.0,25.0,29.5,21.0,-2.53,-0.2631847660963638,21.57,16.86,25.92,11.36,30.01,4.67,MODERATE,Rain-Shadow Plateau Topography,Manual demo override,MANUAL_OVERRIDE,,2026-09-09,,,,NOT_REQUESTED,30.0,21.5,68.6
MH_487_550511,Vahegaonsal,Vahegaonsal,Chandvad,Nashik,20.19597,74.26713,162.48,20.87,-10.5,503.9,35.3,461.6,546.3,3.2,239.2,4.0,22.0,14.0,52.0,3.0,1.0,4.0,25.0,29.5,21.0,-2.53,-0.22978712494218603,21.6,17.02,26.23,12.18,30.28,4.63,MODERATE,Rain-Shadow Plateau Topography,Manual demo override,MANUAL_OVERRIDE,,2026-09-09,,,,NOT_REQUESTED,30.0,21.5,68.6
MH_487_550498,Vitave,Vitave,Chandvad,Nashik,20.24405,74.29344,166.07,26.45,-11.1,500.8,35.1,458.7,542.9,3.2,240.3,4.0,22.0,14.0,52.0,3.0,1.0,4.0,25.0,29.5,21.0,-2.53,-0.27587298954584216,21.57,17.02,27.07,11.42,30.04,4.74,MODERATE,Rain-Shadow Plateau Topography,Manual demo override,MANUAL_OVERRIDE,,2026-09-09,,,,NOT_REQUESTED,30.0,21.5,68.6
MH_487_550499,Panhale,Panhale,Chandvad,Nashik,20.26572,74.2863,165.67,27.66,-10.9,501.6,35.1,459.5,543.8,3.2,240.0,4.0,22.0,14.0,52.0,3.0,1.0,4.0,25.0,29.5,21.0,-2.53,-0.2637409624517817,21.61,17.0,26.38,12.17,29.54,4.63,MODERATE,Rain-Shadow Plateau Topography,Manual demo override,MANUAL_OVERRIDE,,2026-09-09,,,,NOT_REQUESTED,30.0,21.5,68.6
MH_487_550478,Harsul,Harsul,Chandvad,Nashik,20.28946,74.28661,165.82,29.7,-10.9,501.6,35.1,459.5,543.7,3.2,240.0,4.0,22.0,14.0,52.0,3.0,1.0,4.0,25.0,29.5,21.0,-2.63,-0.26182516411036166,21.4,17.02,26.15,12.14,29.55,4.55,MODERATE,Rain-Shadow Plateau Topography,Manual demo override,MANUAL_OVERRIDE,,2026-09-09,,,,NOT_REQUESTED,30.1,21.6,68.6
MH_487_550477,Harnul,Harnul,Chandvad,Nashik,20.3076,74.2887,166.16,31.44,-11.0,501.4,35.1,459.2,543.5,3.2,240.1,4.0,22.0,14.0,52.0,3.0,1.0,4.0,25.0,29.5,21.0,-2.63,-0.263130807373066,21.36,17.26,26.48,11.05,29.6,4.74,MODERATE,Rain-Shadow Plateau Topography,Manual demo override,MANUAL_OVERRIDE,,2026-09-09,,,,NOT_REQUESTED,30.1,21.6,68.5
MH_487_550475,Kalamdare,Kalamdare,Chandvad,Nashik,20.32728,74.28527,165.97,33.02,-10.9,501.8,35.1,459.6,543.9,3.2,240.0,4.0,22.0,14.0,52.0,3.0,1.0,4.0,25.0,29.5,21.0,-2.63,-0.2526369295094457,21.37,16.65,25.65,11.5,29.93,4.71,MODERATE,Rain-Shadow Plateau Topography,Manual demo override,MANUAL_OVERRIDE,,2026-09-09,,,,NOT_REQUESTED,30.1,21.6,68.5
MH_487_550476,Sutarkhede,Sutarkhede,Chandvad,Nashik,20.31511,74.29729,167.11,32.64,-11.2,500.3,35.0,458.3,542.3,3.2,240.5,4.0,22.0,14.0,52.0,3.0,1.0,4.0,25.0,29.5,21.0,-2.63,-0.27982970925613104,21.47,16.78,26.34,11.76,29.86,4.72,MODERATE,Rain-Shadow Plateau Topography,Manual demo override,MANUAL_OVERRIDE,,2026-09-09,,,,NOT_REQUESTED,30.1,21.6,68.6
MH_487_550438,Vadbare,Vadbare,Chandvad,Nashik,20.36356,74.25137,162.83,34.81,-10.2,505.8,35.4,463.4,548.3,3.2,238.6,4.0,22.0,14.0,52.0,3.0,1.0,4.0,25.0,29.5,21.0,-2.63,-0.17976921051022005,21.54,17.01,26.44,12.17,30.15,4.65,MODERATE,Rain-Shadow Plateau Topography,Manual demo override,MANUAL_OVERRIDE,,2026-09-09,,,,NOT_REQUESTED,30.1,21.6,68.6
MH_487_550437,Rahod,Rahod,Chandvad,Nashik,20.35214,74.28568,166.26,35.38,-10.9,501.7,35.1,459.6,543.8,3.2,240.0,4.0,22.0,14.0,52.0,3.0,1.0,4.0,25.0,29.5,21.0,-2.63,-0.24982971632471754,21.42,16.47,25.91,11.73,29.95,4.7,MODERATE,Rain-Shadow Plateau Topography,Manual demo override,MANUAL_OVERRIDE,,2026-09-09,,,,NOT_REQUESTED,30.1,21.6,68.6
MH_487_551407,Ambegaon,Ambegaon,Yevla,Nashik,20.1529,74.28437,163.62,19.93,-10.9,501.9,35.1,459.8,544.0,3.2,239.9,12.0,14.0,10.0,58.0,4.0,2.0,0.0,25.0,29.5,21.0,-2.53,-0.22835856807773885,21.64,17.06,26.5,11.84,30.25,4.66,MODERATE,Rain-Shadow Plateau Topography,Manual demo override,MANUAL_OVERRIDE,,2026-09-09,,,,NOT_REQUESTED,30.0,21.5,68.7
MH_487_550627,Babapur,Babapur,Dindori,Nashik,20.35235,73.94149,130.6,35.02,-3.2,543.0,38.0,497.4,588.6,3.2,225.5,8.0,6.0,4.0,72.0,6.0,4.0,0.0,25.0,29.5,21.0,2.22,0.2542041967177784,26.76,22.19,31.4,16.9,35.06,4.63,MODERATE,Horticultural Orchard Microclimate,Manual demo override,MANUAL_OVERRIDE,,2026-09-09,,,,NOT_REQUESTED,29.5,21.0,70.7
MH_487_550638,Ghodewadi,Ghodewadi,Dindori,Nashik,20.26732,73.90954,126.42,29.52,-2.5,546.9,38.3,500.9,592.8,3.2,224.2,8.0,6.0,4.0,72.0,6.0,4.0,0.0,25.0,29.5,21.0,2.57,0.43243550364136796,27.19,22.57,32.17,17.51,35.41,4.67,MODERATE,Horticultural Orchard Microclimate,Manual demo override,MANUAL_OVERRIDE,,2026-09-09,,,,NOT_REQUESTED,29.5,21.0,70.9
MH_487_550654,Dhamanwadi,Dhamanwadi,Dindori,Nashik,20.19125,73.92778,127.49,22.69,-2.9,544.7,38.1,498.9,590.4,3.2,225.0,8.0,6.0,4.0,72.0,6.0,4.0,0.0,25.0,29.5,21.0,2.57,0.5107003055922079,27.4,22.99,31.76,17.74,35.63,4.64,MODERATE,Horticultural Orchard Microclimate,Manual demo override,MANUAL_OVERRIDE,,2026-09-09,,,,NOT_REQUESTED,29.2,20.7,71.0
MH_487_549926,Kanherwadi,Kanherwadi,Kalwan,Nashik,20.41094,73.9863,136.18,39.0,-4.2,537.6,37.6,492.5,582.8,3.2,227.4,12.0,14.0,10.0,58.0,4.0,2.0,0.0,25.0,29.5,21.0,1.29,0.15687654136432666,25.67,21.35,30.49,15.92,33.53,4.54,MODERATE,Rain-Shadow Plateau Topography,Manual demo override,MANUAL_OVERRIDE,,2026-09-09,,,,NOT_REQUESTED,29.5,21.0,70.3
MH_487_550637,Ambevani,Ambevani,Dindori,Nashik,20.26325,73.92302,127.8,28.21,-2.8,545.2,38.2,499.4,591.1,3.2,224.8,8.0,6.0,4.0,72.0,6.0,4.0,0.0,25.0,29.5,21.0,2.57,0.41875593476203976,27.34,22.87,32.45,17.49,35.86,4.76,MODERATE,Horticultural Orchard Microclimate,Manual demo override,MANUAL_OVERRIDE,,2026-09-09,,,,NOT_REQUESTED,29.2,20.7,70.9
MH_487_549933,Machidhodap,Machidhodap,Kalwan,Nashik,20.37987,74.06538,143.8,33.67,-6.0,528.2,37.0,483.8,572.6,3.2,230.7,12.0,14.0,10.0,58.0,4.0,2.0,0.0,25.0,29.5,21.0,-2.61,0.09656355601899515,21.75,16.94,26.23,12.32,30.34,4.68,MODERATE,Rain-Shadow Plateau Topography,Manual demo override,MANUAL_OVERRIDE,,2026-09-09,,,,NOT_REQUESTED,29.7,21.2,68.7
MH_487_549932,Mehadar,Mehadar,Kalwan,Nashik,20.38333,74.01968,139.14,35.02,-4.9,533.6,37.4,488.8,578.5,3.2,228.8,12.0,14.0,10.0,58.0,4.0,2.0,0.0,25.0,29.5,21.0,1.29,0.14939309984849583,25.85,21.14,30.37,15.94,33.87,4.6,MODERATE,Rain-Shadow Plateau Topography,Manual demo override,MANUAL_OVERRIDE,,2026-09-09,,,,NOT_REQUESTED,29.6,21.1,70.3
MH_487_549928,Otur,Otur,Kalwan,Nashik,20.40985,74.01536,139.14,37.98,-4.8,534.2,37.4,489.3,579.0,3.2,228.6,12.0,14.0,10.0,58.0,4.0,2.0,0.0,25.0,29.5,21.0,1.29,0.13444794333085336,25.71,21.0,30.53,15.82,34.32,4.7,MODERATE,Rain-Shadow Plateau Topography,Manual demo override,MANUAL_OVERRIDE,,2026-09-09,,,,NOT_REQUESTED,29.6,21.1,70.3
MH_487_549930,Mulane,Mulane,Kalwan,Nashik,20.38635,73.96449,133.49,37.29,-3.7,540.3,37.8,494.9,585.6,3.2,226.5,12.0,14.0,10.0,58.0,4.0,2.0,0.0,25.0,29.5,21.0,2.22,0.19644765431130523,26.73,22.4,31.92,16.29,34.82,4.65,MODERATE,Rain-Shadow Plateau Topography,Manual demo override,MANUAL_OVERRIDE,,2026-09-09,,,,NOT_REQUESTED,29.5,21.0,70.7
MH_487_549929,Narul,Narul,Kalwan,Nashik,20.39614,73.98706,135.99,37.42,-4.2,537.6,37.6,492.4,582.7,3.2,227.5,12.0,14.0,10.0,58.0,4.0,2.0,0.0,25.0,29.5,21.0,1.29,0.17004427072300332,25.86,21.1,30.32,16.21,34.54,4.7,MODERATE,Rain-Shadow Plateau Topography,Manual demo override,MANUAL_OVERRIDE,,2026-09-09,,,,NOT_REQUESTED,29.5,21.0,70.3
MH_487_549906,Saptashrungagad,Saptashrungagad,Kalwan,Nashik,20.39984,73.91588,128.73,40.93,-2.6,546.1,38.2,500.3,591.9,3.2,224.5,12.0,14.0,10.0,58.0,4.0,2.0,0.0,25.0,29.5,21.0,2.22,0.19661916947421784,26.6,21.68,31.36,16.68,35.4,4.72,MODERATE,Rain-Shadow Plateau Topography,Manual demo override,MANUAL_OVERRIDE,,2026-09-09,,,,NOT_REQUESTED,29.5,21.0,70.6
MH_487_549925,Pimpri Markanda,Pimpri Markanda,Kalwan,Nashik,20.40175,73.93573,130.81,40.13,-3.1,543.7,38.1,498.0,589.4,3.2,225.3,12.0,14.0,10.0,58.0,4.0,2.0,0.0,25.0,29.5,21.0,2.22,0.19132458922655562,26.84,21.75,31.75,17.13,35.56,4.76,MODERATE,Rain-Shadow Plateau Topography,Manual demo override,MANUAL_OVERRIDE,,2026-09-09,,,,NOT_REQUESTED,29.5,21.0,70.7
MH_487_549924,Pimpripale,Pimpripale,Kalwan,Nashik,20.41303,73.9538,132.88,40.46,-3.5,541.5,37.9,496.1,587.0,3.2,226.1,12.0,14.0,10.0,58.0,4.0,2.0,0.0,25.0,29.5,21.0,2.22,0.17215504142142946,26.81,22.18,32.2,16.51,35.06,4.69,MODERATE,Rain-Shadow Plateau Topography,Manual demo override,MANUAL_OVERRIDE,,2026-09-09,,,,NOT_REQUESTED,29.5,21.0,70.7
MH_487_549909,Athambe,Athambe,Kalwan,Nashik,20.43228,73.97043,134.97,41.79,-3.8,539.5,37.8,494.2,584.9,3.2,226.8,12.0,14.0,10.0,58.0,4.0,2.0,0.0,25.0,29.5,21.0,2.22,0.1450252818522956,26.73,21.96,31.58,16.78,34.72,4.55,MODERATE,Rain-Shadow Plateau Topography,Manual demo override,MANUAL_OVERRIDE,,2026-09-09,,,,NOT_REQUESTED,29.5,21.0,70.7
MH_487_549920,Dahyane,Dahyane,Kalwan,Nashik,20.44498,74.06563,144.98,40.85,-6.0,528.1,37.0,483.7,572.5,3.2,230.8,12.0,14.0,10.0,58.0,4.0,2.0,0.0,25.0,29.5,21.0,-2.61,0.06337971675541215,21.8,17.36,26.94,12.05,30.67,4.68,MODERATE,Rain-Shadow Plateau Topography,Manual demo override,MANUAL_OVERRIDE,,2026-09-09,,,,NOT_REQUESTED,29.7,21.2,68.7
MH_487_549923,Sadadvihir,Sadadvihir,Kalwan,Nashik,20.42292,73.99285,137.08,40.04,-4.3,536.9,37.6,491.7,582.0,3.2,227.7,12.0,14.0,10.0,58.0,4.0,2.0,0.0,25.0,29.5,21.0,1.29,0.14149492496553343,25.79,21.19,30.76,16.14,34.53,4.71,MODERATE,Rain-Shadow Plateau Topography,Manual demo override,MANUAL_OVERRIDE,,2026-09-09,,,,NOT_REQUESTED,29.5,21.0,70.3
MH_487_549927,Kurdane,Kurdane,Kalwan,Nashik,20.4169,74.04033,141.84,38.16,-5.4,531.2,37.2,486.5,575.8,3.2,229.7,12.0,14.0,10.0,58.0,4.0,2.0,0.0,25.0,29.5,21.0,0.5,0.10578740161619885,24.96,20.39,29.57,15.29,33.4,4.61,MODERATE,Rain-Shadow Plateau Topography,Manual demo override,MANUAL_OVERRIDE,,2026-09-09,,,,NOT_REQUESTED,29.6,21.1,70.0
MH_487_549922,Shirasamani,Shirasamani,Kalwan,Nashik,20.43724,74.02134,140.29,40.79,-5.0,533.4,37.3,488.7,578.2,3.2,228.9,12.0,14.0,10.0,58.0,4.0,2.0,0.0,25.0,29.5,21.0,0.5,0.10813549474967014,25.02,20.56,30.19,15.5,33.04,4.56,MODERATE,Rain-Shadow Plateau Topography,Manual demo override,MANUAL_OVERRIDE,,2026-09-09,,,,NOT_REQUESTED,29.6,21.1,70.0
MH_487_549912,Jirwade Otur,Jirwade Otur,Kalwan,Nashik,20.45173,74.02414,140.88,42.29,-5.0,533.1,37.3,488.3,577.9,3.2,229.0,12.0,14.0,10.0,58.0,4.0,2.0,0.0,25.0,29.5,21.0,0.5,0.0940920613992253,24.99,20.2,29.9,15.45,33.68,4.64,MODERATE,Rain-Shadow Plateau Topography,Manual demo override,MANUAL_OVERRIDE,,2026-09-09,,,,NOT_REQUESTED,29.6,21.1,70.0
MH_487_549921,Bhusani,Bhusani,Kalwan,Nashik,20.44058,74.04883,143.17,40.6,-5.6,530.1,37.1,485.6,574.7,3.2,230.1,12.0,14.0,10.0,58.0,4.0,2.0,0.0,25.0,29.5,21.0,0.5,0.08187286602109524,24.78,20.04,29.3,15.26,33.5,4.63,MODERATE,Rain-Shadow Plateau Topography,Manual demo override,MANUAL_OVERRIDE,,2026-09-09,,,,NOT_REQUESTED,29.6,21.1,69.9
MH_487_549914,Manur,Manur,Kalwan,Nashik,20.47214,74.02066,140.98,44.59,-5.0,533.5,37.3,488.8,578.3,3.2,228.9,12.0,14.0,10.0,58.0,4.0,2.0,0.0,25.0,29.5,21.0,0.5,0.07837110801903541,24.9,20.13,29.67,15.04,33.83,4.68,MODERATE,Rain-Shadow Plateau Topography,Manual demo override,MANUAL_OVERRIDE,,2026-09-09,,,,NOT_REQUESTED,29.6,21.1,70.0
MH_487_276278,Kalwan,Kalwan,Central,Nashik,20.48488,74.04863,144.13,45.47,-5.6,530.2,37.1,485.6,574.7,3.2,230.0,12.0,14.0,10.0,58.0,4.0,2.0,0.0,25.0,29.5,21.0,0.25,0.04608825782304977,24.68,20.0,29.38,14.94,33.03,4.66,MODERATE,Rain-Shadow Plateau Topography,Manual demo override,MANUAL_OVERRIDE,,2026-09-09,,,,NOT_REQUESTED,29.6,21.1,69.9
MH_487_549874,Pale Bk,Pale Bk,Kalwan,Nashik,20.46682,73.99515,138.26,44.65,-4.4,536.6,37.6,491.5,581.7,3.2,227.8,12.0,14.0,10.0,58.0,4.0,2.0,0.0,25.0,29.5,21.0,1.29,0.10006076868228253,25.71,20.99,30.12,15.72,34.28,4.75,MODERATE,Rain-Shadow Plateau Topography,Manual demo override,MANUAL_OVERRIDE,,2026-09-09,,,,NOT_REQUESTED,29.6,21.1,70.3
MH_487_549877,Dahyanepale,Dahyanepale,Kalwan,Nashik,20.4791,73.95535,134.51,47.22,-3.5,541.4,37.9,495.9,586.8,3.2,226.1,12.0,14.0,10.0,58.0,4.0,2.0,0.0,25.0,29.5,21.0,1.97,0.09817778683505753,26.41,22.01,31.6,17.36,34.9,4.56,MODERATE,Rain-Shadow Plateau Topography,Manual demo override,MANUAL_OVERRIDE,,2026-09-09,,,,NOT_REQUESTED,29.5,21.0,70.6
MH_487_549873,Pale Kh,Pale Kh,Kalwan,Nashik,20.48564,73.99806,139.01,46.59,-4.5,536.2,37.5,491.2,581.2,3.2,227.9,12.0,14.0,10.0,58.0,4.0,2.0,0.0,25.0,29.5,21.0,1.05,0.07883639821213627,25.37,20.57,29.73,15.3,33.62,4.62,MODERATE,Rain-Shadow Plateau Topography,Manual demo override,MANUAL_OVERRIDE,,2026-09-09,,,,NOT_REQUESTED,29.6,21.1,70.1
MH_487_549896,Savakipale,Savakipale,Kalwan,Nashik,20.46284,73.96752,135.35,45.09,-3.8,539.9,37.8,494.5,585.3,3.2,226.6,12.0,14.0,10.0,58.0,4.0,2.0,0.0,25.0,29.5,21.0,2.22,0.11503141067496062,26.64,22.01,31.57,16.9,35.18,4.73,MODERATE,Rain-Shadow Plateau Topography,Manual demo override,MANUAL_OVERRIDE,,2026-09-09,,,,NOT_REQUESTED,29.5,21.0,70.7
MH_487_549875,Kalamthe,Kalamthe,Kalwan,Nashik,20.4747,73.97328,136.22,46.15,-3.9,539.2,37.7,494.0,584.4,3.2,226.9,12.0,14.0,10.0,58.0,4.0,2.0,0.0,25.0,29.5,21.0,1.04,0.1017770860349082,25.53,20.92,30.59,15.83,34.22,4.64,MODERATE,Rain-Shadow Plateau Topography,Manual demo override,MANUAL_OVERRIDE,,2026-09-09,,,,NOT_REQUESTED,29.5,21.0,70.2
MH_487_549871,Asoli,Asoli,Kalwan,Nashik,20.48203,73.9787,136.96,46.75,-4.0,538.6,37.7,493.3,583.8,3.2,227.1,12.0,14.0,10.0,58.0,4.0,2.0,0.0,25.0,29.5,21.0,1.04,0.09318996753246683,25.5,20.99,29.82,15.9,34.36,4.69,MODERATE,Rain-Shadow Plateau Topography,Manual demo override,MANUAL_OVERRIDE,,2026-09-09,,,,NOT_REQUESTED,29.5,21.0,70.2
MH_487_549876,Vithewadipale,Vithewadipale,Kalwan,Nashik,20.46967,73.95707,134.45,46.17,-3.5,541.2,37.9,495.7,586.6,3.2,226.2,12.0,14.0,10.0,58.0,4.0,2.0,0.0,25.0,29.5,21.0,1.97,0.10908363027481903,26.45,21.57,31.11,16.46,35.02,4.75,MODERATE,Rain-Shadow Plateau Topography,Manual demo override,MANUAL_OVERRIDE,,2026-09-09,,,,NOT_REQUESTED,29.5,21.0,70.6
MH_487_549870,Barde,Barde,Kalwan,Nashik,20.49071,73.9599,135.27,48.28,-3.6,540.8,37.9,495.3,586.3,3.2,226.3,12.0,14.0,10.0,58.0,4.0,2.0,0.0,25.0,29.5,21.0,1.97,0.08375962678716804,26.36,21.63,31.34,16.58,35.09,4.65,MODERATE,Rain-Shadow Plateau Topography,Manual demo override,MANUAL_OVERRIDE,,2026-09-09,,,,NOT_REQUESTED,29.5,21.0,70.5
MH_487_549878,Abhona,Abhona,Kalwan,Nashik,20.48029,73.9411,133.1,47.87,-3.2,543.1,38.0,497.5,588.7,3.2,225.5,12.0,14.0,10.0,58.0,4.0,2.0,0.0,25.0,29.5,21.0,1.97,0.09588965499899198,26.43,21.94,30.66,17.1,34.73,4.52,MODERATE,Rain-Shadow Plateau Topography,Manual demo override,MANUAL_OVERRIDE,,2026-09-09,,,,NOT_REQUESTED,29.5,21.0,70.6
MH_487_549879,Bhagurdi,Bhagurdi,Kalwan,Nashik,20.48283,73.91909,130.94,49.02,-2.7,545.7,38.2,499.9,591.5,3.2,224.6,12.0,14.0,10.0,58.0,4.0,2.0,0.0,25.0,29.5,21.0,1.97,0.08890583193401014,26.38,22.06,30.84,16.62,34.84,4.54,MODERATE,Rain-Shadow Plateau Topography,Manual demo override,MANUAL_OVERRIDE,,2026-09-09,,,,NOT_REQUESTED,29.5,21.0,70.6
MH_487_549894,Dattanagar,Dattanagar,Kalwan,Nashik,20.47042,73.92305,131.02,47.59,-2.8,545.2,38.2,499.4,591.1,3.2,224.8,12.0,14.0,10.0,58.0,4.0,2.0,0.0,25.0,29.5,21.0,1.97,0.10576334359777717,26.32,21.42,30.81,16.45,34.39,4.65,MODERATE,Rain-Shadow Plateau Topography,Manual demo override,MANUAL_OVERRIDE,,2026-09-09,,,,NOT_REQUESTED,29.5,21.0,70.5
MH_487_549895,Vanjari,Vanjari,Kalwan,Nashik,20.46443,73.94202,132.8,46.2,-3.2,543.0,38.0,497.4,588.6,3.2,225.6,12.0,14.0,10.0,58.0,4.0,2.0,0.0,25.0,29.5,21.0,1.97,0.11532623640922228,26.44,21.89,31.1,16.72,34.86,4.57,MODERATE,Rain-Shadow Plateau Topography,Manual demo override,MANUAL_OVERRIDE,,2026-09-09,,,,NOT_REQUESTED,29.5,21.0,70.6
MH_487_549898,Jamshet,Jamshet,Kalwan,Nashik,20.44562,73.89769,127.84,46.3,-2.2,548.3,38.4,502.2,594.4,3.2,223.7,12.0,14.0,10.0,58.0,4.0,2.0,0.0,25.0,29.5,21.0,1.97,0.13114755193830946,26.37,21.52,30.86,16.52,34.7,4.64,MODERATE,Rain-Shadow Plateau Topography,Manual demo override,MANUAL_OVERRIDE,,2026-09-09,,,,NOT_REQUESTED,29.5,21.0,70.5
MH_487_549908,Gobapur,Gobapur,Kalwan,Nashik,20.44128,73.94877,132.95,43.55,-3.3,542.1,38.0,496.5,587.7,3.2,225.8,12.0,14.0,10.0,58.0,4.0,2.0,0.0,25.0,29.5,21.0,2.22,0.141647246000056,26.66,22.41,31.43,16.32,34.8,4.61,MODERATE,Rain-Shadow Plateau Topography,Manual demo override,MANUAL_OVERRIDE,,2026-09-09,,,,NOT_REQUESTED,29.5,21.0,70.7
MH_487_549907,Katalgaon,Katalgaon,Kalwan,Nashik,20.44053,73.93152,131.17,44.2,-3.0,544.2,38.1,498.5,589.9,3.2,225.1,12.0,14.0,10.0,58.0,4.0,2.0,0.0,25.0,29.5,21.0,2.22,0.14376300196500244,26.7,22.04,31.18,16.93,35.16,4.64,MODERATE,Rain-Shadow Plateau Topography,Manual demo override,MANUAL_OVERRIDE,,2026-09-09,,,,NOT_REQUESTED,29.5,21.0,70.7
MH_487_549897,Kundane Kanashi,Kundane Kanashi,Kalwan,Nashik,20.45637,73.92411,130.78,46.12,-2.8,545.1,38.2,499.3,590.9,3.2,224.8,12.0,14.0,10.0,58.0,4.0,2.0,0.0,25.0,29.5,21.0,1.97,0.12364091890375271,26.51,21.98,31.58,16.75,34.88,4.64,MODERATE,Rain-Shadow Plateau Topography,Manual demo override,MANUAL_OVERRIDE,,2026-09-09,,,,NOT_REQUESTED,29.5,21.0,70.6
MH_487_549904,Nanduri,Nanduri,Kalwan,Nashik,20.42636,73.92046,129.73,43.29,-2.7,545.5,38.2,499.7,591.4,3.2,224.7,12.0,14.0,10.0,58.0,4.0,2.0,0.0,25.0,29.5,21.0,2.22,0.16118504462801106,26.7,22.24,31.32,17.14,35.01,4.59,MODERATE,Rain-Shadow Plateau Topography,Manual demo override,MANUAL_OVERRIDE,,2026-09-09,,,,NOT_REQUESTED,29.5,21.0,70.7
MH_487_549905,Daregaonwani,Daregaonwani,Kalwan,Nashik,20.41522,73.8985,127.25,43.32,-2.2,548.2,38.4,502.1,594.3,3.2,223.7,12.0,14.0,10.0,58.0,4.0,2.0,0.0,25.0,29.5,21.0,2.22,0.17284067393530472,26.68,22.19,31.54,17.45,34.9,4.61,MODERATE,Rain-Shadow Plateau Topography,Manual demo override,MANUAL_OVERRIDE,,2026-09-09,,,,NOT_REQUESTED,29.5,21.0,70.7
MH_487_549903,Mohandari,Mohandari,Kalwan,Nashik,20.43226,73.89679,127.44,45.04,-2.2,548.4,38.4,502.3,594.5,3.2,223.7,12.0,14.0,10.0,58.0,4.0,2.0,0.0,25.0,29.5,21.0,2.22,0.1487575823042537,26.65,21.83,31.68,17.23,35.2,4.66,MODERATE,Rain-Shadow Plateau Topography,Manual demo override,MANUAL_OVERRIDE,,2026-09-09,,,,NOT_REQUESTED,29.5,21.0,70.7
MH_487_549902,Bilwadi,Bilwadi,Kalwan,Nashik,20.42722,73.86299,123.88,46.42,-1.4,552.4,38.7,506.0,598.9,3.2,222.2,12.0,14.0,10.0,58.0,4.0,2.0,0.0,25.0,29.5,21.0,1.97,0.13814777447849907,26.45,21.81,31.26,16.92,34.96,4.67,MODERATE,Rain-Shadow Plateau Topography,Manual demo override,MANUAL_OVERRIDE,,2026-09-09,,,,NOT_REQUESTED,29.5,21.0,70.6
MH_487_549899,Chinchore,Chinchore,Kalwan,Nashik,20.44957,73.88392,126.53,47.38,-1.9,549.9,38.5,503.7,596.1,3.2,223.1,12.0,14.0,10.0,58.0,4.0,2.0,0.0,25.0,29.5,21.0,1.97,0.1201053554544589,26.49,21.96,31.24,17.43,34.43,4.49,MODERATE,Rain-Shadow Plateau Topography,Manual demo override,MANUAL_OVERRIDE,,2026-09-09,,,,NOT_REQUESTED,29.5,21.0,70.6
MH_487_549893,Amburdi Bk,Amburdi Bk,Kalwan,Nashik,20.45821,73.90716,129.1,47.08,-2.4,547.1,38.3,501.2,593.1,3.2,224.1,12.0,14.0,10.0,58.0,4.0,2.0,0.0,25.0,29.5,21.0,1.97,0.11766077903132784,26.52,22.07,30.96,16.49,34.81,4.6,MODERATE,Rain-Shadow Plateau Topography,Manual demo override,MANUAL_OVERRIDE,,2026-09-09,,,,NOT_REQUESTED,29.5,21.0,70.6
MH_487_549892,Amburdi Kh,Amburdi Kh,Kalwan,Nashik,20.46894,73.8989,128.53,48.53,-2.2,548.1,38.4,502.1,594.2,3.2,223.8,12.0,14.0,10.0,58.0,4.0,2.0,0.0,25.0,29.5,21.0,1.97,0.10096201607584793,26.26,21.5,31.73,16.25,34.71,4.79,MODERATE,Rain-Shadow Plateau Topography,Manual demo override,MANUAL_OVERRIDE,,2026-09-09,,,,NOT_REQUESTED,29.5,21.0,70.5
MH_487_549880,Mohamukh,Mohamukh,Kalwan,Nashik,20.47779,73.8975,128.62,49.47,-2.2,548.3,38.4,502.2,594.4,3.2,223.7,12.0,14.0,10.0,58.0,4.0,2.0,0.0,25.0,29.5,21.0,1.97,0.08885009164020169,26.33,21.44,30.87,16.63,34.36,4.57,MODERATE,Rain-Shadow Plateau Topography,Manual demo override,MANUAL_OVERRIDE,,2026-09-09,,,,NOT_REQUESTED,29.5,21.0,70.5
MH_487_549867,Chankapur,Chankapur,Kalwan,Nashik,20.48881,73.90282,129.45,50.33,-2.3,547.7,38.3,501.7,593.6,3.2,223.9,12.0,14.0,10.0,58.0,4.0,2.0,0.0,25.0,29.5,21.0,1.97,0.07627461281833298,26.46,21.74,31.41,16.78,34.9,4.66,MODERATE,Rain-Shadow Plateau Topography,Manual demo override,MANUAL_OVERRIDE,,2026-09-09,,,,NOT_REQUESTED,29.5,21.0,70.6
MH_487_549889,Bordaivat,Bordaivat,Kalwan,Nashik,20.45725,73.86615,124.91,49.06,-1.5,552.1,38.6,505.7,598.4,3.2,222.4,12.0,14.0,10.0,58.0,4.0,2.0,0.0,25.0,29.5,21.0,1.97,0.09972037826418338,26.38,22.17,31.0,16.99,34.34,4.47,MODERATE,Rain-Shadow Plateau Topography,Manual demo override,MANUAL_OVERRIDE,,2026-09-09,,,,NOT_REQUESTED,29.5,21.0,70.6
MH_487_549881,Tirhal Kh,Tirhal Kh,Kalwan,Nashik,20.49281,73.88333,127.59,51.63,-1.9,550.0,38.5,503.8,596.2,3.2,223.1,12.0,14.0,10.0,58.0,4.0,2.0,0.0,25.0,29.5,21.0,2.67,0.06305641536819882,26.99,22.06,31.49,17.36,35.73,4.65,MODERATE,Rain-Shadow Plateau Topography,Manual demo override,MANUAL_OVERRIDE,,2026-09-09,,,,NOT_REQUESTED,29.5,21.0,70.8
MH_487_549900,Devaliwani,Devaliwani,Kalwan,Nashik,20.44697,73.85526,123.55,48.7,-1.2,553.4,38.7,506.9,599.8,3.2,221.9,12.0,14.0,10.0,58.0,4.0,2.0,0.0,25.0,29.5,21.0,1.98,0.10538445723423406,26.47,21.5,30.74,16.63,34.81,4.66,MODERATE,Rain-Shadow Plateau Topography,Manual demo override,MANUAL_OVERRIDE,,2026-09-09,,,,NOT_REQUESTED,29.5,21.0,70.6
MH_487_550617,Goldari,Goldari,Dindori,Nashik,20.39711,73.89843,126.89,41.6,-2.2,548.2,38.4,502.1,594.3,3.2,223.7,8.0,6.0,4.0,72.0,6.0,4.0,0.0,25.0,29.5,21.0,2.22,0.1991085376432626,26.71,21.96,31.02,16.48,34.72,4.67,MODERATE,Horticultural Orchard Microclimate,Manual demo override,MANUAL_OVERRIDE,,2026-09-09,,,,NOT_REQUESTED,29.5,21.0,70.7
MH_487_550618,Chamdari,Chamdari,Dindori,Nashik,20.3888,73.88553,125.41,41.56,-1.9,549.7,38.5,503.5,595.9,3.2,223.2,8.0,6.0,4.0,72.0,6.0,4.0,0.0,25.0,29.5,21.0,2.22,0.20845898251474457,26.84,21.94,32.0,17.21,35.09,4.71,MODERATE,Horticultural Orchard Microclimate,Manual demo override,MANUAL_OVERRIDE,,2026-09-09,,,,NOT_REQUESTED,29.5,21.0,70.7
MH_487_550616,Ahiwantwadi,Ahiwantwadi,Dindori,Nashik,20.40085,73.87074,124.12,43.54,-1.6,551.5,38.6,505.2,597.8,3.2,222.6,8.0,6.0,4.0,72.0,6.0,4.0,0.0,25.0,29.5,21.0,2.22,0.18233918408203142,26.75,21.79,31.74,17.08,34.81,4.57,MODERATE,Horticultural Orchard Microclimate,Manual demo override,MANUAL_OVERRIDE,,2026-09-09,,,,NOT_REQUESTED,29.5,21.0,70.7
MH_487_550619,Jirwade,Jirwade,Dindori,Nashik,20.38253,73.867,123.39,42.12,-1.5,552.0,38.6,505.6,598.3,3.2,222.4,8.0,6.0,4.0,72.0,6.0,4.0,0.0,25.0,29.5,21.0,2.22,0.2097150136538107,26.75,22.09,31.74,17.03,34.98,4.63,MODERATE,Horticultural Orchard Microclimate,Manual demo override,MANUAL_OVERRIDE,,2026-09-09,,,,NOT_REQUESTED,29.5,21.0,70.7
MH_487_549847,Mokbhanagi,Mokbhanagi,Kalwan,Nashik,20.55588,74.02596,143.76,53.64,-5.1,532.9,37.3,488.1,577.6,3.2,229.1,12.0,14.0,10.0,58.0,4.0,2.0,0.0,25.0,29.5,21.0,0.95,-0.025685418838506658,25.28,20.54,30.05,15.43,33.37,4.67,MODERATE,Rain-Shadow Plateau Topography,Manual demo override,MANUAL_OVERRIDE,,2026-09-09,,,,NOT_REQUESTED,29.6,21.1,70.1
MH_487_549976,Hanmantpada,Hanmantpada,Deola,Nashik,20.39405,74.0497,142.4,35.48,-5.6,530.0,37.1,485.5,574.6,3.2,230.1,4.0,22.0,14.0,52.0,3.0,1.0,4.0,25.0,29.5,21.0,0.5,0.10917156614051976,25.1,20.43,30.08,15.3,33.44,4.68,MODERATE,Rain-Shadow Plateau Topography,Manual demo override,MANUAL_OVERRIDE,,2026-09-09,,,,NOT_REQUESTED,29.6,21.1,70.0
MH_487_549975,Warshi,Warshi,Deola,Nashik,20.41185,74.07603,145.42,37.07,-6.2,526.9,36.9,482.6,571.2,3.2,231.2,4.0,22.0,14.0,52.0,3.0,1.0,4.0,25.0,29.5,21.0,-2.61,0.07072369802482387,21.7,17.3,26.72,11.93,29.94,4.62,MODERATE,Rain-Shadow Plateau Topography,Manual demo override,MANUAL_OVERRIDE,,2026-09-09,,,,NOT_REQUESTED,29.7,21.2,68.7
MH_487_549809,Hingave,Hingave,Kalwan,Nashik,20.49329,73.97567,136.94,48.04,-4.0,538.9,37.7,493.7,584.2,3.2,227.0,12.0,14.0,10.0,58.0,4.0,2.0,0.0,25.0,29.5,21.0,1.04,0.07932584884261652,25.53,21.16,30.24,15.64,33.92,4.62,MODERATE,Rain-Shadow Plateau Topography,Manual demo override,MANUAL_OVERRIDE,,2026-09-09,,,,NOT_REQUESTED,29.5,21.0,70.2
MH_487_549891,Ozar,Ozar,Kalwan,Nashik,20.47209,73.87501,126.19,50.02,-1.7,551.0,38.6,504.7,597.3,3.2,222.8,12.0,14.0,10.0,58.0,4.0,2.0,0.0,25.0,29.5,21.0,1.97,0.08576693153786107,26.32,21.8,31.05,16.67,34.99,4.64,MODERATE,Rain-Shadow Plateau Topography,Manual demo override,MANUAL_OVERRIDE,,2026-09-09,,,,NOT_REQUESTED,29.5,21.0,70.5
MH_487_549911,Sakorepada,Sakorepada,Kalwan,Nashik,20.44355,74.00536,138.78,41.87,-4.6,535.4,37.5,490.4,580.4,3.2,228.2,12.0,14.0,10.0,58.0,4.0,2.0,0.0,25.0,29.5,21.0,1.29,0.1148971062254399,25.64,20.68,30.25,15.83,34.23,4.68,MODERATE,Rain-Shadow Plateau Topography,Manual demo override,MANUAL_OVERRIDE,,2026-09-09,,,,NOT_REQUESTED,29.6,21.1,70.3
MH_487_549845,Gangavan,Gangavan,Kalwan,Nashik,20.53491,74.07119,147.71,50.74,-6.1,527.5,36.9,483.2,571.7,3.2,231.0,12.0,14.0,10.0,58.0,4.0,2.0,0.0,25.0,29.5,21.0,-2.61,-0.0208392332402427,21.75,16.94,26.8,12.24,29.82,4.64,MODERATE,Rain-Shadow Plateau Topography,Manual demo override,MANUAL_OVERRIDE,,2026-09-09,,,,NOT_REQUESTED,29.7,21.2,68.7
MH_487_549839,Dhaner Digar,Dhaner Digar,Kalwan,Nashik,20.59126,74.02495,144.78,57.54,-5.1,533.0,37.3,488.2,577.8,3.2,229.0,12.0,14.0,10.0,58.0,4.0,2.0,0.0,25.0,29.5,21.0,0.95,-0.07752726172596117,25.18,20.71,29.98,15.58,33.39,4.63,MODERATE,Rain-Shadow Plateau Topography,Manual demo override,MANUAL_OVERRIDE,,2026-09-09,,,,NOT_REQUESTED,29.6,21.1,70.1
MH_487_549859,Nakode,Nakode,Kalwan,Nashik,20.50986,74.04909,144.8,48.22,-5.6,530.1,37.1,485.6,574.6,3.2,230.1,12.0,14.0,10.0,58.0,4.0,2.0,0.0,25.0,29.5,21.0,0.25,0.02047682323331134,24.53,19.94,29.3,15.34,32.97,4.51,MODERATE,Rain-Shadow Plateau Topography,Manual demo override,MANUAL_OVERRIDE,,2026-09-09,,,,NOT_REQUESTED,29.6,21.1,69.8
MH_487_549858,Patvihir,Patvihir,Kalwan,Nashik,20.52074,74.03766,143.94,49.59,-5.3,531.5,37.2,486.8,576.1,3.2,229.6,12.0,14.0,10.0,58.0,4.0,2.0,0.0,25.0,29.5,21.0,0.25,0.014812311658883576,24.49,19.71,29.24,14.74,32.76,4.64,MODERATE,Rain-Shadow Plateau Topography,Manual demo override,MANUAL_OVERRIDE,,2026-09-09,,,,NOT_REQUESTED,29.6,21.1,69.8
MH_487_549846,Kakane,Kakane,Kalwan,Nashik,20.54832,74.05223,146.18,52.42,-5.7,529.7,37.1,485.2,574.3,3.2,230.2,12.0,14.0,10.0,58.0,4.0,2.0,0.0,25.0,29.5,21.0,0.94,-0.026983447023239782,25.17,20.24,30.15,15.58,33.43,4.6,MODERATE,Rain-Shadow Plateau Topography,Manual demo override,MANUAL_OVERRIDE,,2026-09-09,,,,NOT_REQUESTED,29.6,21.1,70.1
MH_487_549841,Bijore,Bijore,Kalwan,Nashik,20.56584,74.07572,149.05,54.14,-6.2,526.9,36.9,482.6,571.2,3.2,231.2,12.0,14.0,10.0,58.0,4.0,2.0,0.0,25.0,29.5,21.0,-2.61,-0.06117783151116447,21.67,17.28,26.48,11.97,30.67,4.74,MODERATE,Rain-Shadow Plateau Topography,Manual demo override,MANUAL_OVERRIDE,,2026-09-09,,,,NOT_REQUESTED,29.7,21.2,68.7
MH_487_549840,Dare Bhanagi,Dare Bhanagi,Kalwan,Nashik,20.58152,74.04974,146.94,56.12,-5.6,530.0,37.1,485.5,574.6,3.2,230.1,12.0,14.0,10.0,58.0,4.0,2.0,0.0,25.0,29.5,21.0,0.95,-0.07145290818023421,25.22,20.27,29.56,15.97,34.07,4.68,MODERATE,Rain-Shadow Plateau Topography,Manual demo override,MANUAL_OVERRIDE,,2026-09-09,,,,NOT_REQUESTED,29.6,21.1,70.1
MH_487_549857,Khedgaon,Khedgaon,Kalwan,Nashik,20.53366,74.03165,143.69,51.1,-5.2,532.2,37.3,487.4,577.0,3.2,229.3,12.0,14.0,10.0,58.0,4.0,2.0,0.0,25.0,29.5,21.0,0.95,0.0018420755007938455,25.36,21.01,30.59,15.42,33.73,4.73,MODERATE,Rain-Shadow Plateau Topography,Manual demo override,MANUAL_OVERRIDE,,2026-09-09,,,,NOT_REQUESTED,29.6,21.1,70.1
MH_487_549856,Ravalji,Ravalji,Kalwan,Nashik,20.53653,74.00438,141.03,51.94,-4.6,535.5,37.5,490.5,580.5,3.2,228.2,12.0,14.0,10.0,58.0,4.0,2.0,0.0,25.0,29.5,21.0,0.95,0.009372744647748631,25.23,20.4,29.78,14.88,33.68,4.67,MODERATE,Rain-Shadow Plateau Topography,Manual demo override,MANUAL_OVERRIDE,,2026-09-09,,,,NOT_REQUESTED,29.6,21.1,70.1
MH_487_549860,Eklahare,Eklahare,Kalwan,Nashik,20.50293,74.01633,141.3,48.03,-4.9,534.0,37.4,489.2,578.9,3.2,228.7,12.0,14.0,10.0,58.0,4.0,2.0,0.0,25.0,29.5,21.0,0.25,0.04802249574608601,24.7,20.28,29.24,15.36,32.68,4.58,MODERATE,Rain-Shadow Plateau Topography,Manual demo override,MANUAL_OVERRIDE,,2026-09-09,,,,NOT_REQUESTED,29.6,21.1,69.9
MH_487_549807,Balapur,Balapur,Kalwan,Nashik,20.52064,73.97612,137.73,50.95,-4.0,538.9,37.7,493.6,584.1,3.2,227.0,12.0,14.0,10.0,58.0,4.0,2.0,0.0,25.0,29.5,21.0,1.74,0.03996361419599238,26.11,21.48,31.02,16.42,34.54,4.7,MODERATE,Rain-Shadow Plateau Topography,Manual demo override,MANUAL_OVERRIDE,,2026-09-09,,,,NOT_REQUESTED,29.5,21.0,70.4
MH_487_549848,Desrane,Desrane,Kalwan,Nashik,20.56597,74.00205,141.69,55.2,-4.5,535.8,37.5,490.8,580.8,3.2,228.1,12.0,14.0,10.0,58.0,4.0,2.0,0.0,25.0,29.5,21.0,0.95,-0.03271713759710322,25.28,21.07,30.23,15.61,33.58,4.55,MODERATE,Rain-Shadow Plateau Topography,Manual demo override,MANUAL_OVERRIDE,,2026-09-09,,,,NOT_REQUESTED,29.6,21.1,70.1
MH_487_549838,Ganore,Ganore,Kalwan,Nashik,20.59844,74.00088,142.63,58.76,-4.5,535.9,37.5,490.9,580.9,3.2,228.0,12.0,14.0,10.0,58.0,4.0,2.0,0.0,25.0,29.5,21.0,0.95,-0.08272277579719646,25.09,20.32,30.16,15.25,33.26,4.65,MODERATE,Rain-Shadow Plateau Topography,Manual demo override,MANUAL_OVERRIDE,,2026-09-09,,,,NOT_REQUESTED,29.6,21.1,70.0
MH_487_549808,Gopalkhadi,Gopalkhadi,Kalwan,Nashik,20.49839,73.97186,136.69,48.7,-3.9,539.4,37.8,494.0,584.7,3.2,226.8,12.0,14.0,10.0,58.0,4.0,2.0,0.0,25.0,29.5,21.0,1.04,0.07271929717384444,25.39,20.73,29.78,15.12,33.98,4.64,MODERATE,Rain-Shadow Plateau Topography,Manual demo override,MANUAL_OVERRIDE,,2026-09-09,,,,NOT_REQUESTED,29.5,21.0,70.2
MH_487_549872,Wadi Bk,Wadi Bk,Kalwan,Nashik,20.50798,73.99435,139.22,49.09,-4.4,536.7,37.6,491.6,581.8,3.2,227.8,12.0,14.0,10.0,58.0,4.0,2.0,0.0,25.0,29.5,21.0,1.04,0.052511852592213304,25.37,20.22,30.47,15.5,33.73,4.75,MODERATE,Rain-Shadow Plateau Topography,Manual demo override,MANUAL_OVERRIDE,,2026-09-09,,,,NOT_REQUESTED,29.5,21.0,70.1
MH_487_549837,Hundyamokh,Hundyamokh,Kalwan,Nashik,20.60941,73.98986,141.93,60.19,-4.3,537.2,37.6,492.1,582.3,3.2,227.6,12.0,14.0,10.0,58.0,4.0,2.0,0.0,25.0,29.5,21.0,0.94,-0.09845251310537526,25.18,21.02,30.23,15.63,33.98,4.71,MODERATE,Rain-Shadow Plateau Topography,Manual demo override,MANUAL_OVERRIDE,,2026-09-09,,,,NOT_REQUESTED,29.5,21.0,70.1
MH_487_549835,Dahyane Digar,Dahyane Digar,Kalwan,Nashik,20.59552,73.97394,139.87,59.05,-3.9,539.1,37.7,493.9,584.4,3.2,226.9,12.0,14.0,10.0,58.0,4.0,2.0,0.0,25.0,29.5,21.0,1.74,-0.07382294572421351,26.04,21.13,31.28,16.8,34.92,4.65,MODERATE,Rain-Shadow Plateau Topography,Manual demo override,MANUAL_OVERRIDE,,2026-09-09,,,,NOT_REQUESTED,29.5,21.0,70.4
MH_487_549849,Nalid,Nalid,Kalwan,Nashik,20.57422,73.98192,139.94,56.55,-4.1,538.2,37.7,492.9,583.4,3.2,227.2,12.0,14.0,10.0,58.0,4.0,2.0,0.0,25.0,29.5,21.0,1.74,-0.04121085235741124,26.0,21.49,30.91,15.73,34.56,4.71,MODERATE,Rain-Shadow Plateau Topography,Manual demo override,MANUAL_OVERRIDE,,2026-09-09,,,,NOT_REQUESTED,29.5,21.0,70.4
MH_487_549805,Shiv Bhandane,Shiv Bhandane,Kalwan,Nashik,20.56159,73.96648,138.0,55.6,-3.7,540.0,37.8,494.7,585.4,3.2,226.6,12.0,14.0,10.0,58.0,4.0,2.0,0.0,25.0,29.5,21.0,1.74,-0.01992289751294916,25.93,20.82,30.76,16.18,34.08,4.71,MODERATE,Rain-Shadow Plateau Topography,Manual demo override,MANUAL_OVERRIDE,,2026-09-09,,,,NOT_REQUESTED,29.5,21.0,70.4
MH_487_549855,Inshi,Inshi,Kalwan,Nashik,20.54831,73.97436,138.37,53.96,-3.9,539.1,37.7,493.8,584.3,3.2,226.9,12.0,14.0,10.0,58.0,4.0,2.0,0.0,25.0,29.5,21.0,1.74,-0.0006144701465981335,26.01,21.46,30.54,16.01,34.43,4.65,MODERATE,Rain-Shadow Plateau Topography,Manual demo override,MANUAL_OVERRIDE,,2026-09-09,,,,NOT_REQUESTED,29.5,21.0,70.4
MH_487_549806,Jamle Pale,Jamle Pale,Kalwan,Nashik,20.52681,73.95925,136.21,52.11,-3.6,540.9,37.9,495.4,586.4,3.2,226.3,12.0,14.0,10.0,58.0,4.0,2.0,0.0,25.0,29.5,21.0,1.74,0.03272470712566485,26.08,21.33,30.79,16.18,34.09,4.6,MODERATE,Rain-Shadow Plateau Topography,Manual demo override,MANUAL_OVERRIDE,,2026-09-09,,,,NOT_REQUESTED,29.5,21.0,70.4
MH_487_549850,Bhandane Pimpale,Bhandane Pimpale,Kalwan,Nashik,20.57276,73.96684,138.4,56.79,-3.8,540.0,37.8,494.6,585.3,3.2,226.6,12.0,14.0,10.0,58.0,4.0,2.0,0.0,25.0,29.5,21.0,1.74,-0.03719832481685171,25.91,21.31,30.54,16.31,34.33,4.54,MODERATE,Rain-Shadow Plateau Topography,Manual demo override,MANUAL_OVERRIDE,,2026-09-09,,,,NOT_REQUESTED,29.5,21.0,70.4
MH_487_549853,Pimple Kh,Pimple Kh,Kalwan,Nashik,20.58185,73.93583,135.62,58.68,-3.1,543.7,38.1,498.0,589.4,3.2,225.3,12.0,14.0,10.0,58.0,4.0,2.0,0.0,25.0,29.5,21.0,2.67,-0.051213343470282495,26.8,22.18,31.95,17.52,35.34,4.59,MODERATE,Rain-Shadow Plateau Topography,Manual demo override,MANUAL_OVERRIDE,,2026-09-09,,,,NOT_REQUESTED,29.5,21.0,70.7
MH_487_549854,Mohobari,Mohobari,Kalwan,Nashik,20.56187,73.92789,134.16,56.85,-2.9,544.7,38.1,498.9,590.4,3.2,225.0,12.0,14.0,10.0,58.0,4.0,2.0,0.0,25.0,29.5,21.0,2.67,-0.021182044126709473,26.94,22.43,31.34,17.62,34.92,4.48,MODERATE,Rain-Shadow Plateau Topography,Manual demo override,MANUAL_OVERRIDE,,2026-09-09,,,,NOT_REQUESTED,29.5,21.0,70.8
MH_487_549814,Golakhal,Golakhal,Kalwan,Nashik,20.53418,73.93373,133.87,53.74,-3.0,544.0,38.1,498.2,589.7,3.2,225.2,12.0,14.0,10.0,58.0,4.0,2.0,0.0,25.0,29.5,21.0,2.67,0.020701623573416202,27.02,22.72,31.64,17.49,35.56,4.56,MODERATE,Rain-Shadow Plateau Topography,Manual demo override,MANUAL_OVERRIDE,,2026-09-09,,,,NOT_REQUESTED,29.5,21.0,70.8
MH_487_549810,Dhekale,Dhekale,Kalwan,Nashik,20.51445,73.94966,134.89,51.12,-3.4,542.0,37.9,496.6,587.5,3.2,225.9,12.0,14.0,10.0,58.0,4.0,2.0,0.0,25.0,29.5,21.0,2.67,0.05060960770915375,27.01,22.61,31.52,17.1,35.23,4.6,MODERATE,Rain-Shadow Plateau Topography,Manual demo override,MANUAL_OVERRIDE,,2026-09-09,,,,NOT_REQUESTED,29.5,21.0,70.8
MH_487_549811,Belbare,Belbare,Kalwan,Nashik,20.50942,73.93952,133.72,50.95,-3.1,543.3,38.0,497.7,588.9,3.2,225.5,12.0,14.0,10.0,58.0,4.0,2.0,0.0,25.0,29.5,21.0,2.67,0.05686487095019534,27.1,22.42,31.51,17.73,34.97,4.52,MODERATE,Rain-Shadow Plateau Topography,Manual demo override,MANUAL_OVERRIDE,,2026-09-09,,,,NOT_REQUESTED,29.5,21.0,70.8
MH_487_549869,Gosrane,Gosrane,Kalwan,Nashik,20.49477,73.93938,133.31,49.43,-3.1,543.3,38.0,497.7,588.9,3.2,225.5,12.0,14.0,10.0,58.0,4.0,2.0,0.0,25.0,29.5,21.0,1.97,0.0768966841286514,26.44,21.89,30.98,16.8,34.81,4.67,MODERATE,Rain-Shadow Plateau Topography,Manual demo override,MANUAL_OVERRIDE,,2026-09-09,,,,NOT_REQUESTED,29.5,21.0,70.6
MH_487_549868,Jaipur,Jaipur,Kalwan,Nashik,20.49906,73.9194,131.41,50.66,-2.7,545.7,38.2,499.8,591.5,3.2,224.6,12.0,14.0,10.0,58.0,4.0,2.0,0.0,25.0,29.5,21.0,1.97,0.06742916771891962,26.32,21.76,31.17,16.36,34.73,4.7,MODERATE,Rain-Shadow Plateau Topography,Manual demo override,MANUAL_OVERRIDE,,2026-09-09,,,,NOT_REQUESTED,29.5,21.0,70.5
MH_487_549816,Karambhel Kanashi,Karambhel Kanashi,Kalwan,Nashik,20.52123,73.88848,128.94,54.23,-2.0,549.4,38.5,503.2,595.6,3.2,223.3,12.0,14.0,10.0,58.0,4.0,2.0,0.0,25.0,29.5,21.0,2.67,0.027415501700492485,27.07,22.86,31.67,17.21,35.54,4.66,MODERATE,Rain-Shadow Plateau Topography,Manual demo override,MANUAL_OVERRIDE,,2026-09-09,,,,NOT_REQUESTED,29.5,21.0,70.8
MH_487_549817,Khadakwan,Khadakwan,Kalwan,Nashik,20.50554,73.88446,128.07,52.84,-1.9,549.9,38.5,503.7,596.1,3.2,223.1,12.0,14.0,10.0,58.0,4.0,2.0,0.0,25.0,29.5,21.0,2.67,0.04679579401849847,27.02,22.26,31.86,17.7,35.25,4.6,MODERATE,Rain-Shadow Plateau Topography,Manual demo override,MANUAL_OVERRIDE,,2026-09-09,,,,NOT_REQUESTED,29.5,21.0,70.8
MH_487_549866,Sarale Digar,Sarale Digar,Kalwan,Nashik,20.50854,73.8636,126.07,54.14,-1.4,552.4,38.7,505.9,598.8,3.2,222.3,12.0,14.0,10.0,58.0,4.0,2.0,0.0,25.0,29.5,21.0,2.67,0.03244692031614266,27.09,22.81,31.62,18.05,35.13,4.49,MODERATE,Rain-Shadow Plateau Topography,Manual demo override,MANUAL_OVERRIDE,,2026-09-09,,,,NOT_REQUESTED,29.5,21.0,70.8
MH_487_549818,Karambhel Hatgad,Karambhel Hatgad,Kalwan,Nashik,20.52646,73.8669,126.94,55.74,-1.5,552.0,38.6,505.7,598.3,3.2,222.4,12.0,14.0,10.0,58.0,4.0,2.0,0.0,25.0,29.5,21.0,2.67,0.01097108553602474,27.02,22.33,32.0,17.33,35.53,4.71,MODERATE,Rain-Shadow Plateau Topography,Manual demo override,MANUAL_OVERRIDE,,2026-09-09,,,,NOT_REQUESTED,29.5,21.0,70.8
MH_487_549804,Karmale,Karmale,Kalwan,Nashik,20.54678,73.90605,131.5,56.09,-2.4,547.3,38.3,501.3,593.2,3.2,224.1,12.0,14.0,10.0,58.0,4.0,2.0,0.0,25.0,29.5,21.0,2.67,-0.0028379998124932384,26.9,22.46,31.81,16.98,35.0,4.69,MODERATE,Rain-Shadow Plateau Topography,Manual demo override,MANUAL_OVERRIDE,,2026-09-09,,,,NOT_REQUESTED,29.5,21.0,70.8
MH_487_549815,Warkhede,Warkhede,Kalwan,Nashik,20.54386,73.89144,129.95,56.39,-2.1,549.0,38.4,502.9,595.1,3.2,223.4,12.0,14.0,10.0,58.0,4.0,2.0,0.0,25.0,29.5,21.0,2.67,-0.002839396096234,27.01,22.42,32.37,17.63,35.59,4.64,MODERATE,Rain-Shadow Plateau Topography,Manual demo override,MANUAL_OVERRIDE,,2026-09-09,,,,NOT_REQUESTED,29.5,21.0,70.8
MH_487_549803,Verule,Verule,Kalwan,Nashik,20.55324,73.87918,129.04,57.87,-1.8,550.5,38.5,504.3,596.7,3.2,222.9,12.0,14.0,10.0,58.0,4.0,2.0,0.0,25.0,29.5,21.0,2.67,-0.020196709917932352,26.94,22.42,31.45,17.36,35.42,4.57,MODERATE,Rain-Shadow Plateau Topography,Manual demo override,MANUAL_OVERRIDE,,2026-09-09,,,,NOT_REQUESTED,29.5,21.0,70.8
MH_487_549794,Lakhani,Lakhani,Kalwan,Nashik,20.56824,73.90784,132.39,58.24,-2.4,547.1,38.3,501.1,593.0,3.2,224.1,12.0,14.0,10.0,58.0,4.0,2.0,0.0,25.0,29.5,21.0,2.67,-0.034015451299221455,26.91,22.21,32.01,17.36,35.61,4.72,MODERATE,Rain-Shadow Plateau Topography,Manual demo override,MANUAL_OVERRIDE,,2026-09-09,,,,NOT_REQUESTED,29.5,21.0,70.8
MH_487_549793,Sule,Sule,Kalwan,Nashik,20.58578,73.9204,134.24,59.61,-2.7,545.6,38.2,499.7,591.4,3.2,224.7,12.0,14.0,10.0,58.0,4.0,2.0,0.0,25.0,29.5,21.0,2.67,-0.0587830295289098,26.91,22.32,31.48,17.15,35.89,4.74,MODERATE,Rain-Shadow Plateau Topography,Manual demo override,MANUAL_OVERRIDE,,2026-09-09,,,,NOT_REQUESTED,29.5,21.0,70.8
MH_487_549792,Jaidar,Jaidar,Kalwan,Nashik,20.58271,73.89714,131.83,60.14,-2.2,548.3,38.4,502.3,594.4,3.2,223.7,12.0,14.0,10.0,58.0,4.0,2.0,0.0,25.0,29.5,21.0,2.67,-0.05804818883303226,26.92,22.34,31.79,17.55,35.32,4.71,MODERATE,Rain-Shadow Plateau Topography,Manual demo override,MANUAL_OVERRIDE,,2026-09-09,,,,NOT_REQUESTED,29.5,21.0,70.8
MH_487_549795,Punegaon,Punegaon,Kalwan,Nashik,20.57415,73.87503,129.35,60.16,-1.7,551.0,38.6,504.7,597.3,3.2,222.8,12.0,14.0,10.0,58.0,4.0,2.0,0.0,25.0,29.5,21.0,2.67,-0.05132994923778389,26.96,22.36,31.82,17.76,35.2,4.57,MODERATE,Rain-Shadow Plateau Topography,Manual demo override,MANUAL_OVERRIDE,,2026-09-09,,,,NOT_REQUESTED,29.5,21.0,70.8
MH_487_549802,Ambapur,Ambapur,Kalwan,Nashik,20.56351,73.8696,128.44,59.32,-1.6,551.6,38.6,505.3,598.0,3.2,222.5,12.0,14.0,10.0,58.0,4.0,2.0,0.0,25.0,29.5,21.0,2.67,-0.03805816260779818,26.92,22.31,31.59,17.53,34.94,4.54,MODERATE,Rain-Shadow Plateau Topography,Manual demo override,MANUAL_OVERRIDE,,2026-09-09,,,,NOT_REQUESTED,29.5,21.0,70.8
MH_487_549819,Shingashi,Shingashi,Kalwan,Nashik,20.54525,73.85577,126.45,58.13,-1.3,553.3,38.7,506.9,599.7,3.2,221.9,12.0,14.0,10.0,58.0,4.0,2.0,0.0,25.0,29.5,21.0,2.67,-0.019091005720674434,27.06,22.05,31.78,17.06,35.38,4.67,MODERATE,Rain-Shadow Plateau Topography,Manual demo override,MANUAL_OVERRIDE,,2026-09-09,,,,NOT_REQUESTED,29.5,21.0,70.8
MH_487_549790,Koswan,Koswan,Kalwan,Nashik,20.59859,73.85733,128.5,63.4,-1.3,553.1,38.7,506.7,599.6,3.2,222.0,12.0,14.0,10.0,58.0,4.0,2.0,0.0,25.0,29.5,21.0,2.67,-0.09257108069642542,26.88,22.51,31.05,16.94,35.76,4.7,MODERATE,Rain-Shadow Plateau Topography,Manual demo override,MANUAL_OVERRIDE,,2026-09-09,,,,NOT_REQUESTED,29.5,21.0,70.8
MH_487_549791,Khadaki,Khadaki,Kalwan,Nashik,20.59698,73.89724,132.36,61.62,-2.2,548.3,38.4,502.3,594.4,3.2,223.7,12.0,14.0,10.0,58.0,4.0,2.0,0.0,25.0,29.5,21.0,2.67,-0.07987505898731742,26.93,22.47,31.97,17.38,35.43,4.62,MODERATE,Rain-Shadow Plateau Topography,Manual demo override,MANUAL_OVERRIDE,,2026-09-09,,,,NOT_REQUESTED,29.5,21.0,70.8
MH_487_549832,Sheri Digar,Sheri Digar,Kalwan,Nashik,20.60145,73.91589,134.35,61.41,-2.6,546.1,38.2,500.3,591.9,3.2,224.5,12.0,14.0,10.0,58.0,4.0,2.0,0.0,25.0,29.5,21.0,2.67,-0.08396789730570421,26.81,22.19,31.84,17.19,35.15,4.62,MODERATE,Rain-Shadow Plateau Topography,Manual demo override,MANUAL_OVERRIDE,,2026-09-09,,,,NOT_REQUESTED,29.5,21.0,70.7
MH_487_549813,Kanashi,Kanashi,Kalwan,Nashik,20.51521,73.91487,131.41,52.5,-2.6,546.2,38.2,500.4,592.1,3.2,224.4,12.0,14.0,10.0,58.0,4.0,2.0,0.0,25.0,29.5,21.0,2.67,0.04417071592535823,27.07,22.06,31.65,16.98,36.12,4.83,MODERATE,Rain-Shadow Plateau Topography,Manual demo override,MANUAL_OVERRIDE,,2026-09-09,,,,NOT_REQUESTED,29.5,21.0,70.8
MH_487_549852,Dharde Digar,Dharde Digar,Kalwan,Nashik,20.57751,73.9514,137.02,57.74,-3.4,541.8,37.9,496.4,587.3,3.2,226.0,12.0,14.0,10.0,58.0,4.0,2.0,0.0,25.0,29.5,21.0,1.74,-0.04396900211026932,26.07,21.87,30.91,16.8,34.59,4.59,MODERATE,Rain-Shadow Plateau Topography,Manual demo override,MANUAL_OVERRIDE,,2026-09-09,,,,NOT_REQUESTED,29.5,21.0,70.4
MH_487_549834,Savarpada,Savarpada,Kalwan,Nashik,20.60139,73.94489,137.2,60.48,-3.3,542.6,38.0,497.0,588.2,3.2,225.7,12.0,14.0,10.0,58.0,4.0,2.0,0.0,25.0,29.5,21.0,1.74,-0.08195471591369483,26.08,21.29,31.16,16.85,34.75,4.63,MODERATE,Rain-Shadow Plateau Topography,Manual demo override,MANUAL_OVERRIDE,,2026-09-09,,,,NOT_REQUESTED,29.5,21.0,70.4
MH_487_549812,Gangapur,Gangapur,Kalwan,Nashik,20.53963,73.91764,132.43,54.9,-2.6,545.9,38.2,500.0,591.7,3.2,224.5,12.0,14.0,10.0,58.0,4.0,2.0,0.0,25.0,29.5,21.0,2.67,0.010133901772121567,26.99,22.09,31.72,17.4,35.45,4.6,MODERATE,Rain-Shadow Plateau Topography,Manual demo override,MANUAL_OVERRIDE,,2026-09-09,,,,NOT_REQUESTED,29.5,21.0,70.8
MH_487_549851,Padgan,Padgan,Kalwan,Nashik,20.55419,73.94871,135.99,55.34,-3.3,542.2,38.0,496.6,587.8,3.2,225.8,12.0,14.0,10.0,58.0,4.0,2.0,0.0,25.0,29.5,21.0,1.74,-0.008067084072636734,26.03,21.16,31.01,16.48,34.11,4.62,MODERATE,Rain-Shadow Plateau Topography,Manual demo override,MANUAL_OVERRIDE,,2026-09-09,,,,NOT_REQUESTED,29.5,21.0,70.4
MH_487_549919,Niwane,Niwane,Kalwan,Nashik,20.45647,74.08998,147.71,41.91,-6.5,525.2,36.8,481.0,569.4,3.2,231.8,12.0,14.0,10.0,58.0,4.0,2.0,0.0,25.0,29.5,21.0,-2.61,0.033331954834308765,21.73,17.12,27.07,11.8,30.43,4.72,MODERATE,Rain-Shadow Plateau Topography,Manual demo override,MANUAL_OVERRIDE,,2026-09-09,,,,NOT_REQUESTED,29.7,21.2,68.7
MH_487_549918,Bhendi,Bhendi,Kalwan,Nashik,20.49187,74.09751,149.27,45.82,-6.7,524.3,36.7,480.3,568.3,3.2,232.1,12.0,14.0,10.0,58.0,4.0,2.0,0.0,25.0,29.5,21.0,-2.61,0.0023566633322655312,21.8,16.98,26.73,11.94,30.0,4.61,MODERATE,Rain-Shadow Plateau Topography,Manual demo override,MANUAL_OVERRIDE,,2026-09-09,,,,NOT_REQUESTED,29.7,21.2,68.7
MH_487_549936,Bhaur,Bhaur,Deola,Nashik,20.49553,74.13364,153.04,46.27,-7.5,520.0,36.4,476.3,563.6,3.2,233.6,4.0,22.0,14.0,52.0,3.0,1.0,4.0,25.0,29.5,21.0,-2.61,-0.03088507629564474,21.57,16.81,25.91,12.08,30.01,4.66,MODERATE,Rain-Shadow Plateau Topography,Manual demo override,MANUAL_OVERRIDE,,2026-09-09,,,,NOT_REQUESTED,29.7,21.2,68.6
MH_487_549963,Warwandi,Warwandi,Deola,Nashik,20.4737,74.11773,150.92,43.78,-7.1,521.9,36.5,478.1,565.7,3.2,232.9,4.0,22.0,14.0,52.0,3.0,1.0,4.0,25.0,29.5,21.0,-2.61,-0.002724789626409197,21.62,17.21,26.41,11.95,29.4,4.56,MODERATE,Rain-Shadow Plateau Topography,Manual demo override,MANUAL_OVERRIDE,,2026-09-09,,,,NOT_REQUESTED,29.7,21.2,68.6
MH_487_549941,Satwaichiwadi,Satwaichiwadi,Deola,Nashik,20.47849,74.18533,157.93,45.0,-8.7,513.8,36.0,470.6,557.0,3.2,235.8,4.0,22.0,14.0,52.0,3.0,1.0,4.0,25.0,29.5,21.0,-2.63,-0.07569039506576021,21.7,16.6,26.32,12.13,30.07,4.58,MODERATE,Rain-Shadow Plateau Topography,Manual demo override,MANUAL_OVERRIDE,,2026-09-09,,,,NOT_REQUESTED,30.0,21.5,68.7
MH_487_549964,Matane,Matane,Deola,Nashik,20.46059,74.14653,153.58,42.49,-7.8,518.4,36.3,474.9,562.0,3.2,234.2,4.0,22.0,14.0,52.0,3.0,1.0,4.0,25.0,29.5,21.0,-2.63,-0.024645643888688267,21.82,17.2,26.29,12.31,30.3,4.61,MODERATE,Rain-Shadow Plateau Topography,Manual demo override,MANUAL_OVERRIDE,,2026-09-09,,,,NOT_REQUESTED,30.0,21.5,68.7
MH_487_549939,Vithewadi,Vithewadi,Deola,Nashik,20.49117,74.15715,155.33,45.98,-8.0,517.1,36.2,473.7,560.6,3.2,234.6,4.0,22.0,14.0,52.0,3.0,1.0,4.0,25.0,29.5,21.0,-2.63,-0.050471456872175864,21.73,16.93,26.89,12.09,30.34,4.72,MODERATE,Rain-Shadow Plateau Topography,Manual demo override,MANUAL_OVERRIDE,,2026-09-09,,,,NOT_REQUESTED,30.0,21.5,68.7
MH_487_549965,Deola,Deola,Deola,Nashik,20.45748,74.17615,156.56,42.54,-8.5,514.9,36.0,471.7,558.1,3.2,235.4,4.0,22.0,14.0,52.0,3.0,1.0,4.0,25.0,29.5,21.0,-2.63,-0.056192199138605736,21.67,16.52,26.38,12.0,30.29,4.71,MODERATE,Rain-Shadow Plateau Topography,Manual demo override,MANUAL_OVERRIDE,,2026-09-09,,,,NOT_REQUESTED,30.0,21.5,68.7
MH_487_549974,Kharde,Kharde,Deola,Nashik,20.42906,74.11345,149.58,38.82,-7.1,522.4,36.6,478.5,566.3,3.2,232.8,4.0,22.0,14.0,52.0,3.0,1.0,4.0,25.0,29.5,21.0,-2.61,0.022161689014097822,21.81,17.45,26.56,12.34,30.34,4.63,MODERATE,Rain-Shadow Plateau Topography,Manual demo override,MANUAL_OVERRIDE,,2026-09-09,,,,NOT_REQUESTED,29.7,21.2,68.7
MH_487_549977,Sheri,Sheri,Deola,Nashik,20.39134,74.0899,146.51,34.68,-6.5,525.2,36.8,481.1,569.4,3.2,231.8,4.0,22.0,14.0,52.0,3.0,1.0,4.0,25.0,29.5,21.0,-2.61,0.06171984583925368,21.71,16.93,26.37,11.91,30.03,4.58,MODERATE,Rain-Shadow Plateau Topography,Manual demo override,MANUAL_OVERRIDE,,2026-09-09,,,,NOT_REQUESTED,29.7,21.2,68.7
MH_487_549978,Kankapur,Kankapur,Deola,Nashik,20.4017,74.1121,148.96,35.77,-7.0,522.5,36.6,478.6,566.5,3.2,232.7,4.0,22.0,14.0,52.0,3.0,1.0,4.0,25.0,29.5,21.0,-2.61,0.03137896853501105,21.79,17.12,26.19,12.12,30.12,4.66,MODERATE,Rain-Shadow Plateau Topography,Manual demo override,MANUAL_OVERRIDE,,2026-09-09,,,,NOT_REQUESTED,29.7,21.2,68.7
MH_487_549980,Wadali Wakhari,Wadali Wakhari,Deola,Nashik,20.39864,74.12909,150.67,35.49,-7.4,520.5,36.4,476.8,564.2,3.2,233.4,4.0,22.0,14.0,52.0,3.0,1.0,4.0,25.0,29.5,21.0,-2.61,0.010381607302901262,21.71,17.41,25.78,12.21,29.72,4.52,MODERATE,Rain-Shadow Plateau Topography,Manual demo override,MANUAL_OVERRIDE,,2026-09-09,,,,NOT_REQUESTED,29.7,21.2,68.7
MH_487_549981,Bhavade,Bhavade,Deola,Nashik,20.3887,74.15281,152.96,34.62,-7.9,517.7,36.2,474.2,561.1,3.2,234.4,4.0,22.0,14.0,52.0,3.0,1.0,4.0,25.0,29.5,21.0,-2.63,-0.020773643276566965,21.65,17.08,26.24,11.84,29.96,4.57,MODERATE,Rain-Shadow Plateau Topography,Manual demo override,MANUAL_OVERRIDE,,2026-09-09,,,,NOT_REQUESTED,30.0,21.5,68.7
MH_487_549985,Kapashi,Kapashi,Deola,Nashik,20.39406,74.17835,155.68,35.64,-8.5,514.6,36.0,471.4,557.8,3.2,235.5,4.0,22.0,14.0,52.0,3.0,1.0,4.0,25.0,29.5,21.0,-2.63,-0.056948506641838904,21.74,17.28,26.55,11.98,30.28,4.75,MODERATE,Rain-Shadow Plateau Topography,Manual demo override,MANUAL_OVERRIDE,,2026-09-09,,,,NOT_REQUESTED,30.0,21.5,68.7
MH_487_549973,Wajgaon,Wajgaon,Deola,Nashik,20.43155,74.14089,152.44,39.22,-7.7,519.1,36.3,475.5,562.7,3.2,233.9,4.0,22.0,14.0,52.0,3.0,1.0,4.0,25.0,29.5,21.0,-2.63,-0.009822423577443,21.66,16.78,26.54,12.35,30.35,4.71,MODERATE,Rain-Shadow Plateau Topography,Manual demo override,MANUAL_OVERRIDE,,2026-09-09,,,,NOT_REQUESTED,30.0,21.5,68.7
MH_487_549972,Rameshwar,Rameshwar,Deola,Nashik,20.42934,74.1645,154.83,39.26,-8.2,516.3,36.1,472.9,559.6,3.2,234.9,4.0,22.0,14.0,52.0,3.0,1.0,4.0,25.0,29.5,21.0,-2.63,-0.03832302436970743,21.64,16.74,26.21,12.18,30.48,4.63,MODERATE,Rain-Shadow Plateau Topography,Manual demo override,MANUAL_OVERRIDE,,2026-09-09,,,,NOT_REQUESTED,30.0,21.5,68.7
MH_487_549982,Subhashnagar,Subhashnagar,Deola,Nashik,20.41793,74.17809,156.03,38.24,-8.5,514.6,36.0,471.4,557.8,3.2,235.5,4.0,22.0,14.0,52.0,3.0,1.0,4.0,25.0,29.5,21.0,-2.63,-0.05615257257467214,21.7,16.71,26.0,12.16,30.23,4.61,MODERATE,Rain-Shadow Plateau Topography,Manual demo override,MANUAL_OVERRIDE,,2026-09-09,,,,NOT_REQUESTED,30.0,21.5,68.7
MH_487_549940,Zirepimple,Zirepimple,Deola,Nashik,20.48787,74.15322,154.86,45.58,-7.9,517.6,36.2,474.2,561.1,3.2,234.4,4.0,22.0,14.0,52.0,3.0,1.0,4.0,25.0,29.5,21.0,-2.63,-0.0446093404216055,21.72,17.41,26.62,12.21,30.18,4.72,MODERATE,Rain-Shadow Plateau Topography,Manual demo override,MANUAL_OVERRIDE,,2026-09-09,,,,NOT_REQUESTED,30.0,21.5,68.7
MH_487_549942,Malwadi,Malwadi,Deola,Nashik,20.47685,74.19742,159.13,45.06,-8.9,512.3,35.9,469.2,555.4,3.2,236.3,4.0,22.0,14.0,52.0,3.0,1.0,4.0,25.0,29.5,21.0,-2.63,-0.09197216111030468,21.56,16.88,26.66,12.32,30.06,4.62,MODERATE,Rain-Shadow Plateau Topography,Manual demo override,MANUAL_OVERRIDE,,2026-09-09,,,,NOT_REQUESTED,30.1,21.6,68.6
MH_487_550500,Gangave,Gangave,Chandvad,Nashik,20.25851,74.31329,168.4,29.06,-11.5,498.4,34.9,456.5,540.3,3.2,241.2,4.0,22.0,14.0,52.0,3.0,1.0,4.0,25.0,29.5,21.0,-2.53,-0.31345083652189293,21.43,16.86,26.04,11.82,29.98,4.63,MODERATE,Rain-Shadow Plateau Topography,Manual demo override,MANUAL_OVERRIDE,,2026-09-09,,,,NOT_REQUESTED,30.0,21.5,68.6
MH_487_549943,Fulemalwadi,Fulemalwadi,Deola,Nashik,20.47885,74.20923,160.38,45.54,-9.2,510.9,35.8,467.9,553.9,3.2,236.8,4.0,22.0,14.0,52.0,3.0,1.0,4.0,25.0,29.5,21.0,-2.63,-0.11073654517878885,21.63,16.97,26.24,12.33,30.22,4.64,MODERATE,Rain-Shadow Plateau Topography,Manual demo override,MANUAL_OVERRIDE,,2026-09-09,,,,NOT_REQUESTED,30.1,21.6,68.7
MH_487_549968,Khadaktale,Khadaktale,Deola,Nashik,20.47024,74.26445,165.86,46.29,-10.5,504.3,35.3,461.9,546.6,3.2,239.1,4.0,22.0,14.0,52.0,3.0,1.0,4.0,25.0,29.5,21.0,-2.63,-0.20248810481488413,21.56,16.69,26.68,11.92,30.18,4.74,MODERATE,Rain-Shadow Plateau Topography,Manual demo override,MANUAL_OVERRIDE,,2026-09-09,,,,NOT_REQUESTED,30.1,21.6,68.6
MH_487_549967,Khuntewadi,Khuntewadi,Deola,Nashik,20.46563,74.22988,162.23,44.67,-9.7,508.4,35.6,465.7,551.1,3.2,237.7,4.0,22.0,14.0,52.0,3.0,1.0,4.0,25.0,29.5,21.0,-2.63,-0.1411300843330362,21.52,17.0,26.02,12.47,29.87,4.49,MODERATE,Rain-Shadow Plateau Topography,Manual demo override,MANUAL_OVERRIDE,,2026-09-09,,,,NOT_REQUESTED,30.1,21.6,68.6
MH_487_549966,Vijaynagar,Vijaynagar,Deola,Nashik,20.46361,74.21011,160.16,43.92,-9.2,510.8,35.8,467.8,553.7,3.2,236.8,4.0,22.0,14.0,52.0,3.0,1.0,4.0,25.0,29.5,21.0,-2.63,-0.1078396142951629,21.6,17.04,26.74,12.04,29.73,4.53,MODERATE,Rain-Shadow Plateau Topography,Manual demo override,MANUAL_OVERRIDE,,2026-09-09,,,,NOT_REQUESTED,30.1,21.6,68.6
MH_487_549970,Shrirampur,Shrirampur,Deola,Nashik,20.44145,74.21124,159.85,41.56,-9.3,510.7,35.7,467.8,553.5,3.2,236.9,4.0,22.0,14.0,52.0,3.0,1.0,4.0,25.0,29.5,21.0,-2.63,-0.10692949013043436,21.61,16.84,26.52,11.49,30.06,4.75,MODERATE,Rain-Shadow Plateau Topography,Manual demo override,MANUAL_OVERRIDE,,2026-09-09,,,,NOT_REQUESTED,30.1,21.6,68.6
MH_487_549971,Gunjalnagar,Gunjalnagar,Deola,Nashik,20.43678,74.19078,157.67,40.56,-8.8,513.1,35.9,470.0,556.2,3.2,236.0,4.0,22.0,14.0,52.0,3.0,1.0,4.0,25.0,29.5,21.0,-2.63,-0.07469192232921133,21.76,17.32,26.36,12.01,30.48,4.71,MODERATE,Rain-Shadow Plateau Topography,Manual demo override,MANUAL_OVERRIDE,,2026-09-09,,,,NOT_REQUESTED,30.0,21.5,68.7
MH_487_549969,Pimpalgaon,Pimpalgaon,Deola,Nashik,20.44803,74.24467,163.41,43.27,-10.0,506.6,35.5,464.0,549.2,3.2,238.3,4.0,22.0,14.0,52.0,3.0,1.0,4.0,25.0,29.5,21.0,-2.63,-0.164776383202655,21.52,17.12,26.33,12.17,30.43,4.59,MODERATE,Rain-Shadow Plateau Topography,Manual demo override,MANUAL_OVERRIDE,,2026-09-09,,,,NOT_REQUESTED,30.1,21.6,68.6
MH_487_549952,Meshi,Meshi,Deola,Nashik,20.46096,74.29031,168.34,46.35,-11.0,501.2,35.1,459.0,543.3,3.2,240.2,4.0,22.0,14.0,52.0,3.0,1.0,4.0,25.0,29.5,21.0,-2.63,-0.24974900704731684,21.48,16.71,26.0,12.41,30.21,4.63,MODERATE,Rain-Shadow Plateau Topography,Manual demo override,MANUAL_OVERRIDE,,2026-09-09,,,,NOT_REQUESTED,30.1,21.6,68.6
MH_487_549984,Bhilwad,Bhilwad,Deola,Nashik,20.40071,74.19691,157.7,36.8,-8.9,512.4,35.9,469.3,555.5,3.2,236.3,4.0,22.0,14.0,52.0,3.0,1.0,4.0,25.0,29.5,21.0,-2.63,-0.08456273664596989,21.62,17.48,26.47,11.88,29.83,4.53,MODERATE,Rain-Shadow Plateau Topography,Manual demo override,MANUAL_OVERRIDE,,2026-09-09,,,,NOT_REQUESTED,30.0,21.5,68.6
MH_487_549983,Wakhari,Wakhari,Deola,Nashik,20.41365,74.22544,160.84,39.01,-9.6,508.9,35.6,466.2,551.7,3.2,237.5,4.0,22.0,14.0,52.0,3.0,1.0,4.0,25.0,29.5,21.0,-2.63,-0.13056416574716168,21.57,17.04,25.81,11.61,29.92,4.67,MODERATE,Rain-Shadow Plateau Topography,Manual demo override,MANUAL_OVERRIDE,,2026-09-09,,,,NOT_REQUESTED,30.1,21.6,68.6
MH_487_549953,Dahiwad,Dahiwad,Deola,Nashik,20.41662,74.28201,166.73,41.51,-10.8,502.2,35.2,459.9,544.4,3.2,239.8,4.0,22.0,14.0,52.0,3.0,1.0,4.0,25.0,29.5,21.0,-2.63,-0.23526905943536197,21.49,17.03,26.47,11.69,29.62,4.6,MODERATE,Rain-Shadow Plateau Topography,Manual demo override,MANUAL_OVERRIDE,,2026-09-09,,,,NOT_REQUESTED,30.1,21.6,68.6
MH_487_550516,Chandvad,Chandvad,Central,Nashik,20.32611,74.24344,161.61,30.71,-10.0,506.8,35.5,464.2,549.4,3.2,238.2,12.0,14.0,10.0,58.0,4.0,2.0,0.0,25.0,29.5,21.0,-2.63,-0.16789342077019762,21.65,17.14,26.36,11.33,29.88,4.64,MODERATE,Rain-Shadow Plateau Topography,Manual demo override,MANUAL_OVERRIDE,,2026-09-09,,,,NOT_REQUESTED,30.1,21.6,68.7
MH_487_551406,Pimpalgaon Najik,Pimpalgaon Najik,Central,Nashik,20.15992,74.24746,159.89,16.88,-10.1,506.3,35.4,463.8,548.8,3.2,238.4,12.0,14.0,10.0,58.0,4.0,2.0,0.0,25.0,29.5,21.0,-2.53,-0.19920783705694906,21.53,17.33,26.11,12.01,30.14,4.6,MODERATE,Rain-Shadow Plateau Topography,Manual demo override,MANUAL_OVERRIDE,,2026-09-09,,,,NOT_REQUESTED,30.0,21.5,68.6
MH_487_549948,Deopurpade,Deopurpade,Deola,Nashik,20.49285,74.29593,169.54,49.83,-11.2,500.5,35.0,458.5,542.5,3.2,240.4,4.0,22.0,14.0,52.0,3.0,1.0,4.0,25.0,29.5,21.0,-2.63,-0.2629505590983713,21.43,16.58,26.2,11.35,29.48,4.7,MODERATE,Rain-Shadow Plateau Topography,Manual demo override,MANUAL_OVERRIDE,,2026-09-09,,,,NOT_REQUESTED,30.1,21.6,68.6
MH_487_550486,Raypur,Raypur,Chandvad,Nashik,20.2476,74.34454,171.39,30.77,-12.3,494.7,34.6,453.1,536.2,3.2,242.5,4.0,22.0,14.0,52.0,3.0,1.0,4.0,25.0,29.5,21.0,-2.63,-0.37173674479876145,21.32,16.71,25.99,11.54,29.67,4.65,MODERATE,Rain-Shadow Plateau Topography,Manual demo override,MANUAL_OVERRIDE,,2026-09-09,,,,NOT_REQUESTED,30.2,21.7,68.5
MH_487_550435,Rajderwadi,Rajderwadi,Chandvad,Nashik,20.38419,74.21163,158.98,35.45,-9.3,510.6,35.7,467.8,553.4,3.2,236.9,4.0,22.0,14.0,52.0,3.0,1.0,4.0,25.0,29.5,21.0,-2.63,-0.10905947279028033,21.59,16.91,26.37,12.47,30.23,4.67,MODERATE,Rain-Shadow Plateau Topography,Manual demo override,MANUAL_OVERRIDE,,2026-09-09,,,,NOT_REQUESTED,30.1,21.6,68.6
MH_487_550436,Nandurtek,Nandurtek,Chandvad,Nashik,20.38198,74.25955,163.91,37.03,-10.3,504.9,35.3,462.5,547.2,3.2,238.9,4.0,22.0,14.0,52.0,3.0,1.0,4.0,25.0,29.5,21.0,-2.63,-0.19408424166547594,21.56,16.68,26.54,11.79,30.01,4.56,MODERATE,Rain-Shadow Plateau Topography,Manual demo override,MANUAL_OVERRIDE,,2026-09-09,,,,NOT_REQUESTED,30.1,21.6,68.6
MH_487_549960,Ramnagar,Ramnagar,Deola,Nashik,20.40118,74.25889,164.1,38.95,-10.3,504.9,35.3,462.6,547.3,3.2,238.9,4.0,22.0,14.0,52.0,3.0,1.0,4.0,25.0,29.5,21.0,-2.63,-0.19147620919340239,21.44,16.77,26.34,11.81,29.74,4.62,MODERATE,Rain-Shadow Plateau Topography,Manual demo override,MANUAL_OVERRIDE,,2026-09-09,,,,NOT_REQUESTED,30.1,21.6,68.6
MH_487_550489,Katarwadi,Katarwadi,Chandvad,Nashik,20.21441,74.39988,176.49,26.03,-13.5,488.0,34.2,447.0,529.1,3.2,244.8,4.0,22.0,14.0,52.0,3.0,1.0,4.0,25.0,29.5,21.0,-2.52,-0.4639478143934011,21.25,16.68,26.08,11.72,29.67,4.63,MODERATE,Rain-Shadow Plateau Topography,Manual demo override,MANUAL_OVERRIDE,,2026-09-09,,,,NOT_REQUESTED,30.1,21.6,68.5
MH_487_549935,Bagadu,Bagadu,Kalwan,Nashik,20.50737,74.11066,150.98,47.52,-7.0,522.7,36.6,478.8,566.6,3.2,232.6,12.0,14.0,10.0,58.0,4.0,2.0,0.0,25.0,29.5,21.0,-2.61,-0.02052993501158263,21.65,17.14,26.69,12.01,29.78,4.55,MODERATE,Rain-Shadow Plateau Topography,Manual demo override,MANUAL_OVERRIDE,,2026-09-09,,,,NOT_REQUESTED,29.7,21.2,68.7
MH_487_549934,Pilakos,Pilakos,Kalwan,Nashik,20.52701,74.11829,152.26,49.71,-7.2,521.8,36.5,478.0,565.6,3.2,233.0,12.0,14.0,10.0,58.0,4.0,2.0,0.0,25.0,29.5,21.0,-2.61,-0.04337417579351932,21.82,17.14,26.53,12.81,29.77,4.48,MODERATE,Rain-Shadow Plateau Topography,Manual demo override,MANUAL_OVERRIDE,,2026-09-09,,,,NOT_REQUESTED,29.7,21.2,68.7
MH_487_549843,Chacher,Chacher,Kalwan,Nashik,20.5554,74.10894,152.09,52.86,-7.0,522.9,36.6,479.0,566.8,3.2,232.6,12.0,14.0,10.0,58.0,4.0,2.0,0.0,25.0,29.5,21.0,-2.61,-0.06633938482652085,21.58,17.01,25.8,12.2,30.13,4.6,MODERATE,Rain-Shadow Plateau Topography,Manual demo override,MANUAL_OVERRIDE,,2026-09-09,,,,NOT_REQUESTED,29.7,21.2,68.6
MH_487_549842,Visapur,Visapur,Kalwan,Nashik,20.55766,74.09264,150.51,53.14,-6.6,524.9,36.7,480.8,568.9,3.2,231.9,12.0,14.0,10.0,58.0,4.0,2.0,0.0,25.0,29.5,21.0,-2.61,-0.0596847999877768,21.71,16.88,26.02,12.18,30.0,4.59,MODERATE,Rain-Shadow Plateau Topography,Manual demo override,MANUAL_OVERRIDE,,2026-09-09,,,,NOT_REQUESTED,29.7,21.2,68.7
MH_487_549844,Bhadvan,Bhadvan,Kalwan,Nashik,20.52929,74.09256,149.71,49.99,-6.6,524.9,36.7,480.9,568.9,3.2,231.9,12.0,14.0,10.0,58.0,4.0,2.0,0.0,25.0,29.5,21.0,-2.61,-0.02791692053542052,21.72,17.32,26.23,12.18,29.83,4.59,MODERATE,Rain-Shadow Plateau Topography,Manual demo override,MANUAL_OVERRIDE,,2026-09-09,,,,NOT_REQUESTED,29.7,21.2,68.7
MH_487_550318,Nagapur,Nagapur,Nandgaon,Nashik,20.26073,74.47614,185.16,29.1,-15.0,478.9,33.5,438.7,519.1,3.2,248.0,4.0,22.0,14.0,52.0,3.0,1.0,4.0,25.0,29.5,21.0,-2.52,-0.723452462620322,21.03,16.56,25.58,11.09,29.46,4.65,MODERATE,Rain-Shadow Plateau Topography,Manual demo override,MANUAL_OVERRIDE,,2026-09-09,,,,NOT_REQUESTED,30.2,21.7,68.4
MH_487_549916,Navi Bej,Navi Bej,Kalwan,Nashik,20.50025,74.07489,147.17,46.87,-6.2,527.0,36.9,482.7,571.3,3.2,231.1,12.0,14.0,10.0,58.0,4.0,2.0,0.0,25.0,29.5,21.0,-2.61,0.01259324892699471,21.76,16.94,26.58,12.05,30.14,4.71,MODERATE,Rain-Shadow Plateau Topography,Manual demo override,MANUAL_OVERRIDE,,2026-09-09,,,,NOT_REQUESTED,29.7,21.2,68.7
MH_487_550152,Bramhangaon,Bramhangaon,Baglan,Nashik,20.55104,74.28848,170.12,55.59,-11.0,501.4,35.1,459.3,543.5,3.2,240.1,12.0,14.0,10.0,58.0,4.0,2.0,0.0,25.0,29.5,21.0,-2.63,-0.2710047466951524,21.42,16.66,26.07,11.94,29.61,4.56,MODERATE,Rain-Shadow Plateau Topography,Manual demo override,MANUAL_OVERRIDE,,2026-09-09,,,,NOT_REQUESTED,30.1,21.6,68.6
MH_487_550145,Navi Shemali,Navi Shemali,Baglan,Nashik,20.55257,74.25026,166.28,54.54,-10.1,506.0,35.4,463.5,548.4,3.2,238.5,12.0,14.0,10.0,58.0,4.0,2.0,0.0,25.0,29.5,21.0,-2.63,-0.2084418227036694,21.4,16.65,25.71,11.96,29.38,4.51,MODERATE,Rain-Shadow Plateau Topography,Manual demo override,MANUAL_OVERRIDE,,2026-09-09,,,,NOT_REQUESTED,30.1,21.6,68.6
MH_487_550151,Shemali,Shemali,Baglan,Nashik,20.56306,74.25726,167.26,55.87,-10.3,505.1,35.4,462.6,547.6,3.2,238.8,12.0,14.0,10.0,58.0,4.0,2.0,0.0,25.0,29.5,21.0,-2.63,-0.22711175107951656,21.44,16.83,26.65,11.65,29.35,4.59,MODERATE,Rain-Shadow Plateau Topography,Manual demo override,MANUAL_OVERRIDE,,2026-09-09,,,,NOT_REQUESTED,30.1,21.6,68.6
MH_487_550150,Ajmir Saundane,Ajmir Saundane,Baglan,Nashik,20.60052,74.26472,169.05,60.08,-10.5,504.2,35.3,461.9,546.6,3.2,239.1,12.0,14.0,10.0,58.0,4.0,2.0,0.0,25.0,29.5,21.0,-2.63,-0.27456163873974804,21.46,16.77,26.37,12.25,29.96,4.65,MODERATE,Rain-Shadow Plateau Topography,Manual demo override,MANUAL_OVERRIDE,,2026-09-09,,,,NOT_REQUESTED,30.1,21.6,68.6
MH_487_550144,Thengode,Thengode,Baglan,Nashik,20.53632,74.19721,160.49,51.55,-8.9,512.3,35.9,469.3,555.4,3.2,236.3,12.0,14.0,10.0,58.0,4.0,2.0,0.0,25.0,29.5,21.0,-2.63,-0.122179963523279,21.57,17.3,26.23,11.73,30.07,4.61,MODERATE,Rain-Shadow Plateau Topography,Manual demo override,MANUAL_OVERRIDE,,2026-09-09,,,,NOT_REQUESTED,30.1,21.6,68.6
MH_487_550135,Arai,Arai,Baglan,Nashik,20.55095,74.23292,164.48,53.91,-9.7,508.1,35.6,465.3,550.8,3.2,237.8,12.0,14.0,10.0,58.0,4.0,2.0,0.0,25.0,29.5,21.0,-2.63,-0.17989653034030123,21.44,16.84,26.03,11.68,29.93,4.65,MODERATE,Rain-Shadow Plateau Topography,Manual demo override,MANUAL_OVERRIDE,,2026-09-09,,,,NOT_REQUESTED,30.1,21.6,68.6
MH_487_550141,More Nagar,More Nagar,Baglan,Nashik,20.58248,74.17727,159.74,56.31,-8.5,514.7,36.0,471.5,557.9,3.2,235.4,12.0,14.0,10.0,58.0,4.0,2.0,0.0,25.0,29.5,21.0,-2.63,-0.13856685806765612,21.49,16.59,26.08,12.35,29.79,4.52,MODERATE,Rain-Shadow Plateau Topography,Manual demo override,MANUAL_OVERRIDE,,2026-09-09,,,,NOT_REQUESTED,30.0,21.5,68.6
MH_487_550136,Malegaon Tilwan,Malegaon Tilwan,Baglan,Nashik,20.58595,74.19121,161.24,56.89,-8.8,513.1,35.9,470.0,556.1,3.2,236.0,12.0,14.0,10.0,58.0,4.0,2.0,0.0,25.0,29.5,21.0,-2.63,-0.15127039554302057,21.58,17.0,26.13,11.79,30.09,4.63,MODERATE,Rain-Shadow Plateau Topography,Manual demo override,MANUAL_OVERRIDE,,2026-09-09,,,,NOT_REQUESTED,30.0,21.5,68.6
MH_487_550140,Pimpaldar,Pimpaldar,Baglan,Nashik,20.56664,74.14763,156.3,54.25,-7.8,518.3,36.3,474.7,561.8,3.2,234.2,12.0,14.0,10.0,58.0,4.0,2.0,0.0,25.0,29.5,21.0,-2.63,-0.10257753093389735,21.62,17.23,26.33,11.91,29.87,4.62,MODERATE,Rain-Shadow Plateau Topography,Manual demo override,MANUAL_OVERRIDE,,2026-09-09,,,,NOT_REQUESTED,30.0,21.5,68.6
MH_487_550142,Darhane,Darhane,Baglan,Nashik,20.56652,74.18084,159.64,54.6,-8.6,514.3,36.0,471.1,557.5,3.2,235.6,12.0,14.0,10.0,58.0,4.0,2.0,0.0,25.0,29.5,21.0,-2.63,-0.12612956647157791,21.48,17.02,25.82,11.62,30.04,4.63,MODERATE,Rain-Shadow Plateau Topography,Manual demo override,MANUAL_OVERRIDE,,2026-09-09,,,,NOT_REQUESTED,30.0,21.5,68.6
MH_487_550130,Sarwar,Sarwar,Baglan,Nashik,20.59976,74.083,150.84,57.86,-6.4,526.0,36.8,481.9,570.2,3.2,231.5,12.0,14.0,10.0,58.0,4.0,2.0,0.0,25.0,29.5,21.0,-2.61,-0.1119101053293069,21.66,17.26,26.36,12.01,29.95,4.64,MODERATE,Rain-Shadow Plateau Topography,Manual demo override,MANUAL_OVERRIDE,,2026-09-09,,,,NOT_REQUESTED,29.7,21.2,68.7
MH_487_550138,Khamtane,Khamtane,Baglan,Nashik,20.58915,74.15628,157.83,56.82,-8.0,517.2,36.2,473.8,560.7,3.2,234.6,12.0,14.0,10.0,58.0,4.0,2.0,0.0,25.0,29.5,21.0,-2.63,-0.13397844005464135,21.62,16.88,26.16,12.19,29.98,4.58,MODERATE,Rain-Shadow Plateau Topography,Manual demo override,MANUAL_OVERRIDE,,2026-09-09,,,,NOT_REQUESTED,30.0,21.5,68.6
MH_487_550139,Navegaon,Navegaon,Baglan,Nashik,20.57968,74.12529,154.44,55.58,-7.3,521.0,36.5,477.2,564.8,3.2,233.3,12.0,14.0,10.0,58.0,4.0,2.0,0.0,25.0,29.5,21.0,-2.61,-0.10469315048291397,21.61,17.47,26.42,11.93,29.65,4.58,MODERATE,Rain-Shadow Plateau Topography,Manual demo override,MANUAL_OVERRIDE,,2026-09-09,,,,NOT_REQUESTED,29.7,21.2,68.6
MH_487_550128,Nirpur,Nirpur,Baglan,Nashik,20.60039,74.13989,156.53,57.95,-7.6,519.2,36.3,475.7,562.8,3.2,233.9,12.0,14.0,10.0,58.0,4.0,2.0,0.0,25.0,29.5,21.0,-2.63,-0.14025129596566893,21.62,17.22,26.25,11.98,29.97,4.62,MODERATE,Rain-Shadow Plateau Topography,Manual demo override,MANUAL_OVERRIDE,,2026-09-09,,,,NOT_REQUESTED,30.0,21.5,68.6
MH_487_550127,Nave Nirpur,Nave Nirpur,Baglan,Nashik,20.6103,74.12959,155.82,59.0,-7.4,520.4,36.4,476.8,564.1,3.2,233.4,12.0,14.0,10.0,58.0,4.0,2.0,0.0,25.0,29.5,21.0,-2.61,-0.14950122982040912,21.53,17.2,26.41,11.78,29.68,4.61,MODERATE,Rain-Shadow Plateau Topography,Manual demo override,MANUAL_OVERRIDE,,2026-09-09,,,,NOT_REQUESTED,29.7,21.2,68.6
MH_487_550131,Wadi Chaulher,Wadi Chaulher,Baglan,Nashik,20.58393,74.10161,152.19,56.04,-6.8,523.8,36.7,479.8,567.8,3.2,232.3,12.0,14.0,10.0,58.0,4.0,2.0,0.0,25.0,29.5,21.0,-2.61,-0.09796284354625541,21.65,17.19,25.95,11.9,30.15,4.66,MODERATE,Rain-Shadow Plateau Topography,Manual demo override,MANUAL_OVERRIDE,,2026-09-09,,,,NOT_REQUESTED,29.7,21.2,68.7
MH_487_550129,Tilwan,Tilwan,Baglan,Nashik,20.59957,74.11264,153.78,57.77,-7.0,522.5,36.6,478.6,566.4,3.2,232.7,12.0,14.0,10.0,58.0,4.0,2.0,0.0,25.0,29.5,21.0,-2.61,-0.1252424786522856,21.6,16.85,25.97,12.59,30.19,4.62,MODERATE,Rain-Shadow Plateau Topography,Manual demo override,MANUAL_OVERRIDE,,2026-09-09,,,,NOT_REQUESTED,29.7,21.2,68.6
MH_487_251435,Satana,Satana,Central,Nashik,20.59134,74.21297,163.58,57.86,-9.3,510.4,35.7,467.6,553.3,3.2,236.9,12.0,14.0,10.0,58.0,4.0,2.0,0.0,25.0,29.5,21.0,-2.63,-0.18138005800054882,21.49,16.93,26.14,11.73,29.94,4.7,MODERATE,Rain-Shadow Plateau Topography,Manual demo override,MANUAL_OVERRIDE,,2026-09-09,,,,NOT_REQUESTED,30.1,21.6,68.6
MH_487_549937,Khamkhede,Khamkhede,Deola,Nashik,20.54438,74.13672,154.58,51.71,-7.6,519.6,36.4,475.9,563.3,3.2,233.7,4.0,22.0,14.0,52.0,3.0,1.0,4.0,25.0,29.5,21.0,-2.62,-0.07283119101563253,21.6,16.74,26.76,12.1,29.85,4.61,MODERATE,Rain-Shadow Plateau Topography,Manual demo override,MANUAL_OVERRIDE,,2026-09-09,,,,NOT_REQUESTED,29.7,21.2,68.6
MH_487_549938,Savaki [Lohoner,Savaki [Lohoner,Deola,Nashik,20.52654,74.16152,156.62,49.94,-8.1,516.6,36.2,473.2,560.1,3.2,234.8,4.0,22.0,14.0,52.0,3.0,1.0,4.0,25.0,29.5,21.0,-2.63,-0.07811896391662598,21.57,16.94,25.89,11.78,30.19,4.64,MODERATE,Rain-Shadow Plateau Topography,Manual demo override,MANUAL_OVERRIDE,,2026-09-09,,,,NOT_REQUESTED,30.0,21.5,68.6
MH_487_549917,Bej,Bej,Kalwan,Nashik,20.51115,74.08598,148.57,48.01,-6.4,525.7,36.8,481.5,569.8,3.2,231.6,12.0,14.0,10.0,58.0,4.0,2.0,0.0,25.0,29.5,21.0,-2.61,-0.005539971874853958,21.73,17.13,26.24,12.21,29.96,4.59,MODERATE,Rain-Shadow Plateau Topography,Manual demo override,MANUAL_OVERRIDE,,2026-09-09,,,,NOT_REQUESTED,29.7,21.2,68.7
MH_487_550143,Indiranagar,Indiranagar,Baglan,Nashik,20.56836,74.17548,159.15,54.73,-8.4,514.9,36.0,471.7,558.1,3.2,235.4,12.0,14.0,10.0,58.0,4.0,2.0,0.0,25.0,29.5,21.0,-2.63,-0.12349922748249195,21.6,16.95,26.5,11.94,30.63,4.71,MODERATE,Rain-Shadow Plateau Topography,Manual demo override,MANUAL_OVERRIDE,,2026-09-09,,,,NOT_REQUESTED,30.0,21.5,68.6
MH_487_549944,Lohoner,Lohoner,Deola,Nashik,20.50517,74.20728,160.76,48.35,-9.2,511.1,35.8,468.2,554.1,3.2,236.7,4.0,22.0,14.0,52.0,3.0,1.0,4.0,25.0,29.5,21.0,-2.63,-0.1187511657523346,21.48,16.65,26.13,11.71,29.76,4.68,MODERATE,Rain-Shadow Plateau Topography,Manual demo override,MANUAL_OVERRIDE,,2026-09-09,,,,NOT_REQUESTED,30.1,21.6,68.6
MH_487_549945,Khalap,Khalap,Deola,Nashik,20.49642,74.22998,162.88,47.96,-9.7,508.4,35.6,465.7,551.1,3.2,237.7,4.0,22.0,14.0,52.0,3.0,1.0,4.0,25.0,29.5,21.0,-2.63,-0.1495686219246753,21.58,16.63,26.74,11.84,29.88,4.63,MODERATE,Rain-Shadow Plateau Topography,Manual demo override,MANUAL_OVERRIDE,,2026-09-09,,,,NOT_REQUESTED,30.1,21.6,68.6
MH_487_549946,Vasol,Vasol,Deola,Nashik,20.49868,74.25303,165.28,48.89,-10.2,505.6,35.4,463.2,548.1,3.2,238.6,4.0,22.0,14.0,52.0,3.0,1.0,4.0,25.0,29.5,21.0,-2.63,-0.18843454614556787,21.5,16.99,26.08,11.95,29.82,4.6,MODERATE,Rain-Shadow Plateau Topography,Manual demo override,MANUAL_OVERRIDE,,2026-09-09,,,,NOT_REQUESTED,30.1,21.6,68.6
MH_487_549947,Phule Nagar,Phule Nagar,Deola,Nashik,20.50125,74.27434,167.51,49.88,-10.7,503.1,35.2,460.8,545.3,3.2,239.5,4.0,22.0,14.0,52.0,3.0,1.0,4.0,25.0,29.5,21.0,-2.63,-0.22605292202288152,21.44,16.82,26.22,12.16,29.99,4.64,MODERATE,Rain-Shadow Plateau Topography,Manual demo override,MANUAL_OVERRIDE,,2026-09-09,,,,NOT_REQUESTED,30.1,21.6,68.6
MH_487_251440,Manmad,Manmad,Central,Nashik,20.25131,74.43167,180.41,28.84,-14.2,484.2,33.9,443.5,524.9,3.2,246.1,12.0,14.0,10.0,58.0,4.0,2.0,0.0,25.0,29.5,21.0,-2.52,-0.5808607464440384,21.22,16.58,26.16,11.44,29.8,4.63,MODERATE,Rain-Shadow Plateau Topography,Manual demo override,MANUAL_OVERRIDE,,2026-09-09,,,,NOT_REQUESTED,30.1,21.6,68.5
MH_487_550322,Anakwade,Anakwade,Nandgaon,Nashik,20.20857,74.43033,179.53,24.31,-14.2,484.4,33.9,443.7,525.0,3.2,246.1,4.0,22.0,14.0,52.0,3.0,1.0,4.0,25.0,29.5,21.0,-2.52,-0.5272225333650781,21.25,16.66,26.2,11.69,29.96,4.71,MODERATE,Rain-Shadow Plateau Topography,Manual demo override,MANUAL_OVERRIDE,,2026-09-09,,,,NOT_REQUESTED,30.1,21.6,68.5
MH_487_550323,Vanjarwadi,Vanjarwadi,Nandgaon,Nashik,20.20982,74.46349,182.98,23.64,-14.9,480.4,33.6,440.1,520.7,3.2,247.5,4.0,22.0,14.0,52.0,3.0,1.0,4.0,25.0,29.5,21.0,-2.52,-0.6148551103273867,21.25,16.42,26.26,11.59,29.43,4.6,MODERATE,Rain-Shadow Plateau Topography,Manual demo override,MANUAL_OVERRIDE,,2026-09-09,,,,NOT_REQUESTED,30.1,21.6,68.5
MH_487_550321,Satane,Satane,Nandgaon,Nashik,20.23436,74.456,182.61,26.46,-14.8,481.3,33.7,440.8,521.7,3.2,247.2,4.0,22.0,14.0,52.0,3.0,1.0,4.0,25.0,29.5,21.0,-2.52,-0.630499531108321,21.14,16.7,25.89,11.77,29.6,4.62,MODERATE,Rain-Shadow Plateau Topography,Manual demo override,MANUAL_OVERRIDE,,2026-09-09,,,,NOT_REQUESTED,30.1,21.6,68.5
MH_487_550320,Karhi,Karhi,Nandgaon,Nashik,20.23001,74.48011,185.02,25.66,-15.0,478.4,33.5,438.2,518.6,3.2,248.2,4.0,22.0,14.0,52.0,3.0,1.0,4.0,25.0,29.5,21.0,-2.52,-0.6957025337120957,21.18,16.63,25.9,11.51,29.61,4.63,MODERATE,Rain-Shadow Plateau Topography,Manual demo override,MANUAL_OVERRIDE,,2026-09-09,,,,NOT_REQUESTED,30.2,21.7,68.5
MH_487_550319,Ekwai,Ekwai,Nandgaon,Nashik,20.2417,74.49962,187.23,26.88,-15.0,476.0,33.3,436.1,516.0,3.2,249.0,4.0,22.0,14.0,52.0,3.0,1.0,4.0,25.0,29.5,21.0,-2.52,-0.7759574339822526,21.08,16.6,25.77,11.08,29.63,4.73,MODERATE,Rain-Shadow Plateau Topography,Manual demo override,MANUAL_OVERRIDE,,2026-09-09,,,,NOT_REQUESTED,30.2,21.7,68.4
MH_487_550502,Salsane,Salsane,Chandvad,Nashik,20.21676,74.30406,166.65,25.33,-11.3,499.5,35.0,457.5,541.5,3.2,240.8,4.0,22.0,14.0,52.0,3.0,1.0,4.0,25.0,29.5,21.0,-2.53,-0.2870610740071297,21.57,17.07,26.67,11.21,30.2,4.79,MODERATE,Rain-Shadow Plateau Topography,Manual demo override,MANUAL_OVERRIDE,,2026-09-09,,,,NOT_REQUESTED,30.0,21.5,68.6
MH_487_550515,Talegaon Rohi,Talegaon Rohi,Chandvad,Nashik,20.18956,74.32846,168.71,25.86,-11.9,496.6,34.8,454.8,538.3,3.2,241.8,4.0,22.0,14.0,52.0,3.0,1.0,4.0,25.0,29.5,21.0,-2.53,-0.309146989898105,21.52,16.55,25.9,12.08,29.54,4.46,MODERATE,Rain-Shadow Plateau Topography,Manual demo override,MANUAL_OVERRIDE,,2026-09-09,,,,NOT_REQUESTED,30.0,21.5,68.6
MH_487_550501,Nimbale,Nimbale,Chandvad,Nashik,20.2334,74.32076,168.67,27.84,-11.7,497.5,34.8,455.7,539.3,3.2,241.5,4.0,22.0,14.0,52.0,3.0,1.0,4.0,25.0,29.5,21.0,-2.53,-0.3209364648146331,21.41,16.85,25.95,11.26,29.8,4.63,MODERATE,Rain-Shadow Plateau Topography,Manual demo override,MANUAL_OVERRIDE,,2026-09-09,,,,NOT_REQUESTED,30.0,21.5,68.6
MH_487_550487,Vadgaon Pangu,Vadgaon Pangu,Chandvad,Nashik,20.22632,74.3724,173.86,28.47,-12.9,491.3,34.4,450.0,532.6,3.2,243.6,4.0,22.0,14.0,52.0,3.0,1.0,4.0,25.0,29.5,21.0,-2.52,-0.41623708624291467,21.43,16.8,26.29,11.76,29.91,4.73,MODERATE,Rain-Shadow Plateau Topography,Manual demo override,MANUAL_OVERRIDE,,2026-09-09,,,,NOT_REQUESTED,30.1,21.6,68.6
MH_487_550488,Rapali,Rapali,Chandvad,Nashik,20.23534,74.39631,176.48,28.32,-13.4,488.4,34.2,447.4,529.5,3.2,244.6,4.0,22.0,14.0,52.0,3.0,1.0,4.0,25.0,29.5,21.0,-2.52,-0.47652870935603375,21.41,16.84,25.68,11.96,29.61,4.53,MODERATE,Rain-Shadow Plateau Topography,Manual demo override,MANUAL_OVERRIDE,,2026-09-09,,,,NOT_REQUESTED,30.1,21.6,68.6
MH_487_550484,Wagdardi,Wagdardi,Chandvad,Nashik,20.2523,74.38872,176.02,30.37,-13.2,489.4,34.3,448.2,530.5,3.2,244.3,4.0,22.0,14.0,52.0,3.0,1.0,4.0,25.0,29.5,21.0,-2.61,-0.4714692247564207,21.29,16.53,26.39,11.64,30.06,4.72,MODERATE,Rain-Shadow Plateau Topography,Manual demo override,MANUAL_OVERRIDE,,2026-09-09,,,,NOT_REQUESTED,30.2,21.7,68.5
MH_487_550485,Bhadane,Bhadane,Chandvad,Nashik,20.25442,74.36467,173.59,31.62,-12.7,492.2,34.5,450.8,533.6,3.2,243.3,4.0,22.0,14.0,52.0,3.0,1.0,4.0,25.0,29.5,21.0,-2.63,-0.41746703110182004,21.32,16.69,26.22,11.69,29.28,4.56,MODERATE,Rain-Shadow Plateau Topography,Manual demo override,MANUAL_OVERRIDE,,2026-09-09,,,,NOT_REQUESTED,30.2,21.7,68.5
MH_487_551408,Somthan Desh,Somthan Desh,Yevla,Nashik,20.15312,74.308,166.07,22.21,-11.4,499.0,34.9,457.2,540.9,3.2,240.9,12.0,14.0,10.0,58.0,4.0,2.0,0.0,25.0,29.5,21.0,-2.53,-0.2525070250782753,21.53,16.91,26.44,11.92,29.69,4.56,MODERATE,Rain-Shadow Plateau Topography,Manual demo override,MANUAL_OVERRIDE,,2026-09-09,,,,NOT_REQUESTED,30.0,21.5,68.6
MH_487_551409,Nilkhede,Nilkhede,Yevla,Nashik,20.14909,74.32776,168.07,24.0,-11.9,496.7,34.8,454.9,538.4,3.2,241.8,12.0,14.0,10.0,58.0,4.0,2.0,0.0,25.0,29.5,21.0,-2.53,-0.27060324965252475,21.57,16.54,25.97,11.83,30.26,4.64,MODERATE,Rain-Shadow Plateau Topography,Manual demo override,MANUAL_OVERRIDE,,2026-09-09,,,,NOT_REQUESTED,30.0,21.5,68.6
MH_487_551410,Murami,Murami,Yevla,Nashik,20.15921,74.34849,170.35,23.74,-12.3,494.2,34.6,452.7,535.7,3.2,242.6,12.0,14.0,10.0,58.0,4.0,2.0,0.0,25.0,29.5,21.0,-2.53,-0.30834513478934766,21.43,16.96,26.22,12.0,29.66,4.61,MODERATE,Rain-Shadow Plateau Topography,Manual demo override,MANUAL_OVERRIDE,,2026-09-09,,,,NOT_REQUESTED,30.0,21.5,68.6
MH_487_551411,Katarni,Katarni,Yevla,Nashik,20.19163,74.36818,172.85,25.37,-12.8,491.8,34.4,450.5,533.1,3.2,243.5,12.0,14.0,10.0,58.0,4.0,2.0,0.0,25.0,29.5,21.0,-2.52,-0.37584210108711485,21.42,16.65,26.99,11.97,29.71,4.68,MODERATE,Rain-Shadow Plateau Topography,Manual demo override,MANUAL_OVERRIDE,,2026-09-09,,,,NOT_REQUESTED,30.1,21.6,68.6
MH_487_551417,Adgaon Repal,Adgaon Repal,Yevla,Nashik,20.14739,74.36211,171.61,21.82,-12.6,492.5,34.5,451.1,533.9,3.2,243.2,12.0,14.0,10.0,58.0,4.0,2.0,0.0,25.0,29.5,21.0,-2.53,-0.311755329624131,21.48,17.1,25.9,12.2,30.11,4.5,MODERATE,Rain-Shadow Plateau Topography,Manual demo override,MANUAL_OVERRIDE,,2026-09-09,,,,NOT_REQUESTED,30.0,21.5,68.6
MH_487_551416,Vikharni,Vikharni,Yevla,Nashik,20.16012,74.39495,175.18,20.91,-13.4,488.6,34.2,447.6,529.6,3.2,244.6,12.0,14.0,10.0,58.0,4.0,2.0,0.0,25.0,29.5,21.0,-2.52,-0.38078418643575873,21.39,16.68,26.13,11.45,29.99,4.69,MODERATE,Rain-Shadow Plateau Topography,Manual demo override,MANUAL_OVERRIDE,,2026-09-09,,,,NOT_REQUESTED,30.1,21.6,68.6
MH_487_551412,Visapur,Visapur,Yevla,Nashik,20.18651,74.40593,176.68,22.95,-13.6,487.3,34.1,446.4,528.2,3.2,245.0,12.0,14.0,10.0,58.0,4.0,2.0,0.0,25.0,29.5,21.0,-2.52,-0.441209354395412,21.32,16.49,26.13,12.0,29.73,4.61,MODERATE,Rain-Shadow Plateau Topography,Manual demo override,MANUAL_OVERRIDE,,2026-09-09,,,,NOT_REQUESTED,30.1,21.6,68.5
MH_487_551415,Gujarkhede,Gujarkhede,Yevla,Nashik,20.1564,74.41277,176.98,19.63,-13.8,486.5,34.1,445.5,527.4,3.2,245.3,12.0,14.0,10.0,58.0,4.0,2.0,0.0,25.0,29.5,21.0,-2.52,-0.4058002052395457,21.29,16.83,26.02,11.45,29.78,4.71,MODERATE,Rain-Shadow Plateau Topography,Manual demo override,MANUAL_OVERRIDE,,2026-09-09,,,,NOT_REQUESTED,30.1,21.6,68.5
MH_487_551414,Balapur,Balapur,Yevla,Nashik,20.16019,74.4255,178.35,19.44,-14.1,484.9,33.9,444.3,525.6,3.2,245.9,12.0,14.0,10.0,58.0,4.0,2.0,0.0,25.0,29.5,21.0,-2.52,-0.43662780803320056,21.3,16.89,25.6,11.93,29.6,4.54,MODERATE,Rain-Shadow Plateau Topography,Manual demo override,MANUAL_OVERRIDE,,2026-09-09,,,,NOT_REQUESTED,30.1,21.6,68.5
MH_487_550471,Mesankhede Bk,Mesankhede Bk,Chandvad,Nashik,20.30102,74.37141,174.72,36.06,-12.9,491.4,34.4,450.2,532.7,3.2,243.6,4.0,22.0,14.0,52.0,3.0,1.0,4.0,25.0,29.5,21.0,-2.61,-0.4480011969969938,21.25,16.69,26.41,11.61,29.81,4.69,MODERATE,Rain-Shadow Plateau Topography,Manual demo override,MANUAL_OVERRIDE,,2026-09-09,,,,NOT_REQUESTED,30.2,21.7,68.5
MH_487_551413,Gorakhnagar,Gorakhnagar,Yevla,Nashik,20.1749,74.43278,179.29,20.68,-14.2,484.1,33.9,443.4,524.7,3.2,246.2,12.0,14.0,10.0,58.0,4.0,2.0,0.0,25.0,29.5,21.0,-2.52,-0.4785747433053314,21.34,16.78,26.56,11.56,29.51,4.63,MODERATE,Rain-Shadow Plateau Topography,Manual demo override,MANUAL_OVERRIDE,,2026-09-09,,,,NOT_REQUESTED,30.1,21.6,68.5
MH_487_551448,Kusur,Kusur,Yevla,Nashik,20.14969,74.4809,183.97,16.76,-15.0,478.3,33.5,438.1,518.5,3.2,248.2,12.0,14.0,10.0,58.0,4.0,2.0,0.0,25.0,29.5,21.0,-2.52,-0.5328489961703976,21.22,16.4,26.91,11.66,29.36,4.6,MODERATE,Rain-Shadow Plateau Topography,Manual demo override,MANUAL_OVERRIDE,,2026-09-09,,,,NOT_REQUESTED,30.2,21.7,68.5
MH_487_551438,Ankai,Ankai,Yevla,Nashik,20.17719,74.45895,182.03,20.16,-14.8,480.9,33.7,440.5,521.4,3.2,247.3,12.0,14.0,10.0,58.0,4.0,2.0,0.0,25.0,29.5,21.0,-2.52,-0.5426522559568083,21.32,16.47,25.99,12.15,30.19,4.68,MODERATE,Rain-Shadow Plateau Topography,Manual demo override,MANUAL_OVERRIDE,,2026-09-09,,,,NOT_REQUESTED,30.1,21.6,68.5
MH_487_550256,Erandgaon,Erandgaon,Malegaon,Nashik,20.37567,74.44724,183.27,42.13,-14.6,482.3,33.8,441.8,522.9,3.2,246.8,4.0,22.0,14.0,52.0,3.0,1.0,4.0,25.0,29.5,21.0,-2.61,-0.6485974053073865,21.0,16.76,25.53,11.24,29.23,4.65,MODERATE,Rain-Shadow Plateau Topography,Manual demo override,MANUAL_OVERRIDE,,2026-09-09,,,,NOT_REQUESTED,30.2,21.7,68.4
MH_487_551440,Chandgaon,Chandgaon,Yevla,Nashik,20.18179,74.48185,184.47,20.3,-15.0,478.2,33.5,438.0,518.4,3.2,248.2,12.0,14.0,10.0,58.0,4.0,2.0,0.0,25.0,29.5,21.0,-2.52,-0.6102636624269397,21.16,16.22,25.8,11.27,29.69,4.76,MODERATE,Rain-Shadow Plateau Topography,Manual demo override,MANUAL_OVERRIDE,,2026-09-09,,,,NOT_REQUESTED,30.2,21.7,68.5
MH_487_551441,Naygavhan,Naygavhan,Yevla,Nashik,20.16984,74.5023,186.43,18.89,-15.0,475.7,33.3,435.8,515.7,3.2,249.1,12.0,14.0,10.0,58.0,4.0,2.0,0.0,25.0,29.5,21.0,-2.52,-0.637251778744529,21.24,16.66,25.73,11.37,29.44,4.58,MODERATE,Rain-Shadow Plateau Topography,Manual demo override,MANUAL_OVERRIDE,,2026-09-09,,,,NOT_REQUESTED,30.2,21.7,68.5
MH_487_550325,Ghadeghewadi,Ghadeghewadi,Nandgaon,Nashik,20.22302,74.52323,189.36,24.92,-15.0,473.2,33.1,433.5,512.9,3.2,250.0,4.0,22.0,14.0,52.0,3.0,1.0,4.0,25.0,29.5,21.0,-2.53,-0.8211074937607691,21.06,16.56,26.21,11.38,29.58,4.66,MODERATE,Rain-Shadow Plateau Topography,Manual demo override,MANUAL_OVERRIDE,,2026-09-09,,,,NOT_REQUESTED,30.2,21.7,68.4
MH_487_550313,Khadgaon,Khadgaon,Nandgaon,Nashik,20.31695,74.49028,187.21,35.26,-15.0,477.2,33.4,437.1,517.2,3.2,248.6,4.0,22.0,14.0,52.0,3.0,1.0,4.0,25.0,29.5,21.0,-2.61,-0.8074796263286658,20.9,16.3,25.61,11.51,28.88,4.54,MODERATE,Rain-Shadow Plateau Topography,Manual demo override,MANUAL_OVERRIDE,,2026-09-09,,,,NOT_REQUESTED,30.3,21.8,68.4
MH_487_550326,Narayangaon,Narayangaon,Nandgaon,Nashik,20.19681,74.51759,188.38,21.96,-15.0,473.9,33.2,434.0,513.7,3.2,249.7,4.0,22.0,14.0,52.0,3.0,1.0,4.0,25.0,29.5,21.0,-2.53,-0.7458779723147217,21.16,16.68,26.29,11.71,29.29,4.59,MODERATE,Rain-Shadow Plateau Topography,Manual demo override,MANUAL_OVERRIDE,,2026-09-09,,,,NOT_REQUESTED,30.2,21.7,68.5
MH_487_551439,Basantnagar,Basantnagar,Yevla,Nashik,20.16996,74.47609,183.72,19.06,-15.0,478.9,33.5,438.7,519.1,3.2,248.0,12.0,14.0,10.0,58.0,4.0,2.0,0.0,25.0,29.5,21.0,-2.52,-0.5692689152384156,21.3,16.54,26.37,11.11,29.56,4.71,MODERATE,Rain-Shadow Plateau Topography,Manual demo override,MANUAL_OVERRIDE,,2026-09-09,,,,NOT_REQUESTED,30.2,21.7,68.5
MH_487_550324,Malegaon Karyat,Malegaon Karyat,Nandgaon,Nashik,20.2182,74.5082,187.73,24.28,-15.0,475.0,33.3,435.1,515.0,3.2,249.3,4.0,22.0,14.0,52.0,3.0,1.0,4.0,25.0,29.5,21.0,-2.52,-0.7626365742605657,20.93,16.57,25.28,11.09,29.47,4.69,MODERATE,Rain-Shadow Plateau Topography,Manual demo override,MANUAL_OVERRIDE,,2026-09-09,,,,NOT_REQUESTED,30.2,21.7,68.4
MH_487_550481,Mesankhede Kh,Mesankhede Kh,Chandvad,Nashik,20.28068,74.37555,175.04,33.81,-12.9,490.9,34.4,449.7,532.2,3.2,243.8,4.0,22.0,14.0,52.0,3.0,1.0,4.0,25.0,29.5,21.0,-2.61,-0.45341410684276606,21.26,16.35,25.73,11.49,29.92,4.65,MODERATE,Rain-Shadow Plateau Topography,Manual demo override,MANUAL_OVERRIDE,,2026-09-09,,,,NOT_REQUESTED,30.2,21.7,68.5
MH_487_550350,Bangaon Kh,Bangaon Kh,Nandgaon,Nashik,20.2394,74.66375,204.13,31.64,-15.0,456.3,31.9,418.1,494.6,3.2,255.9,4.0,22.0,14.0,52.0,3.0,1.0,4.0,25.0,29.5,21.0,-2.63,-1.304945528707594,20.43,15.46,25.24,10.96,28.93,4.64,MODERATE,Rain-Shadow Plateau Topography,Manual demo override,MANUAL_OVERRIDE,,2026-09-09,,,,NOT_REQUESTED,30.4,21.9,68.2
MH_487_550257,Chondhi,Chondhi,Malegaon,Nashik,20.37066,74.48144,186.77,41.26,-15.0,478.2,33.5,438.0,518.4,3.2,248.2,4.0,22.0,14.0,52.0,3.0,1.0,4.0,25.0,29.5,21.0,-2.61,-0.7611364797644974,20.88,16.29,25.35,11.39,29.26,4.62,MODERATE,Rain-Shadow Plateau Topography,Manual demo override,MANUAL_OVERRIDE,,2026-09-09,,,,NOT_REQUESTED,30.3,21.8,68.4
MH_487_550315,Astagaon,Astagaon,Nandgaon,Nashik,20.2918,74.4695,184.88,32.6,-15.0,479.7,33.6,439.3,520.0,3.2,247.7,4.0,22.0,14.0,52.0,3.0,1.0,4.0,25.0,29.5,21.0,-2.61,-0.726446168772542,21.02,16.58,25.53,11.15,29.06,4.61,MODERATE,Rain-Shadow Plateau Topography,Manual demo override,MANUAL_OVERRIDE,,2026-09-09,,,,NOT_REQUESTED,30.3,21.8,68.4
MH_487_550314,Panzandev,Panzandev,Nandgaon,Nashik,20.29838,74.50105,188.21,33.18,-15.0,475.9,33.3,435.9,515.8,3.2,249.0,4.0,22.0,14.0,52.0,3.0,1.0,4.0,25.0,29.5,21.0,-2.61,-0.8405164934645715,20.89,16.18,25.59,11.28,29.39,4.71,MODERATE,Rain-Shadow Plateau Topography,Manual demo override,MANUAL_OVERRIDE,,2026-09-09,,,,NOT_REQUESTED,30.3,21.8,68.4
MH_487_550316,Dhotane Bk,Dhotane Bk,Nandgaon,Nashik,20.28424,74.50796,188.85,31.62,-15.0,475.0,33.3,435.1,515.0,3.2,249.3,4.0,22.0,14.0,52.0,3.0,1.0,4.0,25.0,29.5,21.0,-2.61,-0.8564616735499306,20.81,16.02,25.28,11.06,29.01,4.62,MODERATE,Rain-Shadow Plateau Topography,Manual demo override,MANUAL_OVERRIDE,,2026-09-09,,,,NOT_REQUESTED,30.3,21.8,68.3
MH_487_550317,Panewadi,Panewadi,Nandgaon,Nashik,20.267,74.50381,188.12,29.69,-15.0,475.5,33.3,435.6,515.5,3.2,249.2,4.0,22.0,14.0,52.0,3.0,1.0,4.0,25.0,29.5,21.0,-2.61,-0.8243564483240255,20.88,16.05,25.58,11.24,29.46,4.7,MODERATE,Rain-Shadow Plateau Topography,Manual demo override,MANUAL_OVERRIDE,,2026-09-09,,,,NOT_REQUESTED,30.3,21.8,68.4
MH_487_550312,Navsari,Navsari,Nandgaon,Nashik,20.33227,74.49781,188.11,36.95,-15.0,476.3,33.3,436.3,516.2,3.2,248.9,4.0,22.0,14.0,52.0,3.0,1.0,4.0,25.0,29.5,21.0,-2.61,-0.8351872897009589,20.88,16.43,25.66,10.87,29.66,4.76,MODERATE,Rain-Shadow Plateau Topography,Manual demo override,MANUAL_OVERRIDE,,2026-09-09,,,,NOT_REQUESTED,30.3,21.8,68.4
MH_487_550311,Bhardi,Bhardi,Nandgaon,Nashik,20.34746,74.50425,188.91,38.64,-15.0,475.5,33.3,435.5,515.4,3.2,249.2,4.0,22.0,14.0,52.0,3.0,1.0,4.0,25.0,29.5,21.0,-2.61,-0.8549361474499537,20.87,15.67,25.47,10.83,29.56,4.66,MODERATE,Rain-Shadow Plateau Topography,Manual demo override,MANUAL_OVERRIDE,,2026-09-09,,,,NOT_REQUESTED,30.3,21.8,68.3
MH_487_550305,Boygaon,Boygaon,Nandgaon,Nashik,20.36608,74.50305,188.96,40.71,-15.0,475.6,33.3,435.7,515.6,3.2,249.1,4.0,22.0,14.0,52.0,3.0,1.0,4.0,25.0,29.5,21.0,-2.61,-0.8399098952929563,20.86,16.35,25.38,11.22,29.22,4.56,MODERATE,Rain-Shadow Plateau Topography,Manual demo override,MANUAL_OVERRIDE,,2026-09-09,,,,NOT_REQUESTED,30.3,21.8,68.3
MH_487_549962,Giranare,Giranare,Deola,Nashik,20.34962,74.3673,174.7,40.25,-12.8,491.9,34.4,450.6,533.2,3.2,243.4,4.0,22.0,14.0,52.0,3.0,1.0,4.0,25.0,29.5,21.0,-2.61,-0.4368498427285865,21.24,16.64,26.24,11.44,29.39,4.57,MODERATE,Rain-Shadow Plateau Topography,Manual demo override,MANUAL_OVERRIDE,,2026-09-09,,,,NOT_REQUESTED,30.2,21.7,68.5
MH_487_549961,Kumbharde,Kumbharde,Deola,Nashik,20.36468,74.34341,172.38,39.94,-12.2,494.8,34.6,453.3,536.3,3.2,242.4,4.0,22.0,14.0,52.0,3.0,1.0,4.0,25.0,29.5,21.0,-2.63,-0.3762708675081343,21.28,16.82,25.75,11.67,29.84,4.66,MODERATE,Rain-Shadow Plateau Topography,Manual demo override,MANUAL_OVERRIDE,,2026-09-09,,,,NOT_REQUESTED,30.2,21.7,68.5
MH_487_550474,Dongargaon,Dongargaon,Chandvad,Nashik,20.32681,74.30648,168.17,34.26,-11.4,499.2,34.9,457.3,541.1,3.2,240.9,4.0,22.0,14.0,52.0,3.0,1.0,4.0,25.0,29.5,21.0,-2.63,-0.29797588649484574,21.35,16.72,25.85,11.86,29.86,4.6,MODERATE,Rain-Shadow Plateau Topography,Manual demo override,MANUAL_OVERRIDE,,2026-09-09,,,,NOT_REQUESTED,30.1,21.6,68.5
MH_487_550463,Uswad,Uswad,Chandvad,Nashik,20.33919,74.32348,170.05,36.43,-11.8,497.2,34.8,455.4,538.9,3.2,241.6,4.0,22.0,14.0,52.0,3.0,1.0,4.0,25.0,29.5,21.0,-2.63,-0.33417252719187596,21.42,16.81,26.3,11.46,30.03,4.69,MODERATE,Rain-Shadow Plateau Topography,Manual demo override,MANUAL_OVERRIDE,,2026-09-09,,,,NOT_REQUESTED,30.1,21.6,68.6
MH_487_550473,Dugaon,Dugaon,Chandvad,Nashik,20.29769,74.3155,168.88,32.34,-11.6,498.1,34.9,456.3,540.0,3.2,241.3,4.0,22.0,14.0,52.0,3.0,1.0,4.0,25.0,29.5,21.0,-2.63,-0.31991276612711833,21.42,16.81,25.92,11.83,29.56,4.63,MODERATE,Rain-Shadow Plateau Topography,Manual demo override,MANUAL_OVERRIDE,,2026-09-09,,,,NOT_REQUESTED,30.1,21.6,68.6
MH_487_550479,Ahirkhede,Ahirkhede,Chandvad,Nashik,20.2763,74.30459,167.62,29.81,-11.4,499.4,35.0,457.4,541.4,3.2,240.8,4.0,22.0,14.0,52.0,3.0,1.0,4.0,25.0,29.5,21.0,-2.63,-0.2979055119302432,21.3,16.83,25.65,11.33,29.65,4.56,MODERATE,Rain-Shadow Plateau Topography,Manual demo override,MANUAL_OVERRIDE,,2026-09-09,,,,NOT_REQUESTED,30.1,21.6,68.5
MH_487_550480,Pimpalgaon Dhabli,Pimpalgaon Dhabli,Chandvad,Nashik,20.27485,74.3312,170.39,31.66,-12.0,496.3,34.7,454.6,537.9,3.2,241.9,4.0,22.0,14.0,52.0,3.0,1.0,4.0,25.0,29.5,21.0,-2.63,-0.3518125588102348,21.31,16.59,26.23,11.92,29.66,4.6,MODERATE,Rain-Shadow Plateau Topography,Manual demo override,MANUAL_OVERRIDE,,2026-09-09,,,,NOT_REQUESTED,30.2,21.7,68.5
MH_487_550472,Kokankhede,Kokankhede,Chandvad,Nashik,20.30698,74.34096,171.6,34.9,-12.2,495.1,34.7,453.4,536.7,3.2,242.3,4.0,22.0,14.0,52.0,3.0,1.0,4.0,25.0,29.5,21.0,-2.63,-0.3760906622630483,21.4,16.8,25.9,12.17,30.0,4.59,MODERATE,Rain-Shadow Plateau Topography,Manual demo override,MANUAL_OVERRIDE,,2026-09-09,,,,NOT_REQUESTED,30.2,21.7,68.6
MH_487_550464,Daregaon,Daregaon,Chandvad,Nashik,20.31973,74.37238,174.96,37.97,-12.9,491.3,34.4,450.0,532.6,3.2,243.6,4.0,22.0,14.0,52.0,3.0,1.0,4.0,25.0,29.5,21.0,-2.61,-0.4519303022168597,21.28,16.59,26.04,11.54,29.68,4.65,MODERATE,Rain-Shadow Plateau Topography,Manual demo override,MANUAL_OVERRIDE,,2026-09-09,,,,NOT_REQUESTED,30.2,21.7,68.5
MH_487_550469,Nimon,Nimon,Chandvad,Nashik,20.32138,74.41038,178.93,36.94,-13.7,486.8,34.1,445.8,527.7,3.2,245.2,4.0,22.0,14.0,52.0,3.0,1.0,4.0,25.0,29.5,21.0,-2.61,-0.5530755460240461,21.12,16.04,26.1,11.47,29.47,4.62,MODERATE,Rain-Shadow Plateau Topography,Manual demo override,MANUAL_OVERRIDE,,2026-09-09,,,,NOT_REQUESTED,30.2,21.7,68.4
MH_487_550466,Vad,Vad,Chandvad,Nashik,20.35138,74.41353,179.52,40.1,-13.8,486.4,34.0,445.6,527.2,3.2,245.4,4.0,22.0,14.0,52.0,3.0,1.0,4.0,25.0,29.5,21.0,-2.61,-0.5591512883906783,21.16,16.32,26.19,11.71,29.62,4.66,MODERATE,Rain-Shadow Plateau Topography,Manual demo override,MANUAL_OVERRIDE,,2026-09-09,,,,NOT_REQUESTED,30.2,21.7,68.5
MH_487_550465,Varadi,Varadi,Chandvad,Nashik,20.33851,74.40808,178.83,38.84,-13.7,487.0,34.1,446.1,528.0,3.2,245.1,4.0,22.0,14.0,52.0,3.0,1.0,4.0,25.0,29.5,21.0,-2.61,-0.5460304974126248,21.16,16.56,25.86,11.39,29.6,4.62,MODERATE,Rain-Shadow Plateau Topography,Manual demo override,MANUAL_OVERRIDE,,2026-09-09,,,,NOT_REQUESTED,30.2,21.7,68.5
MH_487_550467,Kanadgaon,Kanadgaon,Chandvad,Nashik,20.34741,74.44793,183.05,39.01,-14.6,482.2,33.8,441.7,522.8,3.2,246.8,4.0,22.0,14.0,52.0,3.0,1.0,4.0,25.0,29.5,21.0,-2.61,-0.6624340394006757,21.0,16.18,25.75,11.55,29.17,4.63,MODERATE,Rain-Shadow Plateau Topography,Manual demo override,MANUAL_OVERRIDE,,2026-09-09,,,,NOT_REQUESTED,30.2,21.7,68.4
MH_487_550468,Kundalgaon,Kundalgaon,Chandvad,Nashik,20.31877,74.44428,182.43,35.92,-14.5,482.7,33.8,442.1,523.2,3.2,246.7,4.0,22.0,14.0,52.0,3.0,1.0,4.0,25.0,29.5,21.0,-2.61,-0.6533133182306045,21.11,16.43,25.96,11.48,29.66,4.7,MODERATE,Rain-Shadow Plateau Topography,Manual demo override,MANUAL_OVERRIDE,,2026-09-09,,,,NOT_REQUESTED,30.2,21.7,68.4
MH_487_550470,Dongaon,Dongaon,Chandvad,Nashik,20.30302,74.4033,178.06,35.17,-13.6,487.6,34.1,446.7,528.5,3.2,244.9,4.0,22.0,14.0,52.0,3.0,1.0,4.0,25.0,29.5,21.0,-2.61,-0.5310615588062364,21.26,16.83,25.53,11.56,29.49,4.61,MODERATE,Rain-Shadow Plateau Topography,Manual demo override,MANUAL_OVERRIDE,,2026-09-09,,,,NOT_REQUESTED,30.2,21.7,68.5
MH_487_550483,Dahegaon Manmad,Dahegaon Manmad,Chandvad,Nashik,20.28719,74.43451,181.21,32.66,-14.3,483.9,33.9,443.2,524.5,3.2,246.2,4.0,22.0,14.0,52.0,3.0,1.0,4.0,25.0,29.5,21.0,-2.61,-0.6142451701668183,21.17,16.57,25.83,11.3,29.58,4.65,MODERATE,Rain-Shadow Plateau Topography,Manual demo override,MANUAL_OVERRIDE,,2026-09-09,,,,NOT_REQUESTED,30.2,21.7,68.5
MH_487_550482,Shingve,Shingve,Chandvad,Nashik,20.2775,74.40373,177.96,32.45,-13.6,487.6,34.1,446.6,528.5,3.2,245.0,4.0,22.0,14.0,52.0,3.0,1.0,4.0,25.0,29.5,21.0,-2.61,-0.5234729372952739,21.07,16.48,25.88,11.59,29.48,4.62,MODERATE,Rain-Shadow Plateau Topography,Manual demo override,MANUAL_OVERRIDE,,2026-09-09,,,,NOT_REQUESTED,30.2,21.7,68.4
MH_487_550345,Bejgaon,Bejgaon,Nandgaon,Nashik,20.26126,74.52624,190.32,29.18,-15.0,472.9,33.1,433.1,512.6,3.2,250.1,4.0,22.0,14.0,52.0,3.0,1.0,4.0,25.0,29.5,21.0,-2.53,-0.8985800393663969,20.93,16.22,25.59,10.88,29.41,4.69,MODERATE,Rain-Shadow Plateau Topography,Manual demo override,MANUAL_OVERRIDE,,2026-09-09,,,,NOT_REQUESTED,30.2,21.7,68.4
MH_487_550346,Mohegaon,Mohegaon,Nandgaon,Nashik,20.24504,74.54261,191.72,27.61,-15.0,470.9,33.0,431.3,510.5,3.2,250.8,4.0,22.0,14.0,52.0,3.0,1.0,4.0,25.0,29.5,21.0,-2.53,-0.9321072761904754,20.87,16.24,25.71,11.3,29.56,4.63,MODERATE,Rain-Shadow Plateau Topography,Manual demo override,MANUAL_OVERRIDE,,2026-09-09,,,,NOT_REQUESTED,30.2,21.7,68.3
MH_487_550356,Bhalur,Bhalur,Nandgaon,Nashik,20.22518,74.5664,193.85,25.98,-15.0,468.0,32.8,428.7,507.4,3.2,251.8,4.0,22.0,14.0,52.0,3.0,1.0,4.0,25.0,29.5,21.0,-2.53,-0.9732733152919717,20.85,16.16,25.41,11.07,29.31,4.61,MODERATE,Rain-Shadow Plateau Topography,Manual demo override,MANUAL_OVERRIDE,,2026-09-09,,,,NOT_REQUESTED,30.2,21.7,68.3
MH_487_550357,Lohshingve,Lohshingve,Nandgaon,Nashik,20.1951,74.56672,193.44,22.79,-15.0,468.0,32.8,428.6,507.4,3.2,251.8,4.0,22.0,14.0,52.0,3.0,1.0,4.0,25.0,29.5,21.0,-2.53,-0.8938955735854719,20.89,16.23,25.45,11.36,28.96,4.63,MODERATE,Rain-Shadow Plateau Topography,Manual demo override,MANUAL_OVERRIDE,,2026-09-09,,,,NOT_REQUESTED,30.2,21.7,68.4
MH_487_550358,Soygaon,Soygaon,Nandgaon,Nashik,20.20393,74.60739,197.77,25.3,-15.0,463.1,32.4,424.2,502.0,3.2,253.5,4.0,22.0,14.0,52.0,3.0,1.0,4.0,25.0,29.5,21.0,-2.53,-1.0437358562033368,20.74,16.24,25.67,10.87,28.99,4.67,MODERATE,Rain-Shadow Plateau Topography,Manual demo override,MANUAL_OVERRIDE,,2026-09-09,,,,NOT_REQUESTED,30.3,21.8,68.3
MH_487_550359,Bhauri,Bhauri,Nandgaon,Nashik,20.20643,74.64272,201.47,27.37,-15.0,458.9,32.1,420.4,497.4,3.2,255.0,4.0,22.0,14.0,52.0,3.0,1.0,4.0,25.0,29.5,21.0,-2.53,-1.1446867986654754,20.67,16.02,24.92,10.88,29.0,4.57,MODERATE,Rain-Shadow Plateau Topography,Manual demo override,MANUAL_OVERRIDE,,2026-09-09,,,,NOT_REQUESTED,30.3,21.8,68.3
MH_487_550347,Laxminagar,Laxminagar,Nandgaon,Nashik,20.24803,74.57666,195.28,28.72,-15.0,466.8,32.7,427.6,506.0,3.2,252.2,4.0,22.0,14.0,52.0,3.0,1.0,4.0,25.0,29.5,21.0,-2.53,-1.0653703517748583,20.77,16.13,25.37,11.15,29.33,4.69,MODERATE,Rain-Shadow Plateau Topography,Manual demo override,MANUAL_OVERRIDE,,2026-09-09,,,,NOT_REQUESTED,30.2,21.7,68.3
MH_487_550355,Wadali Bk,Wadali Bk,Nandgaon,Nashik,20.22804,74.61812,199.24,28.2,-15.0,461.8,32.3,423.1,500.6,3.2,254.0,4.0,22.0,14.0,52.0,3.0,1.0,4.0,25.0,29.5,21.0,-2.53,-1.1526740197386942,20.55,15.49,25.62,11.06,29.17,4.71,MODERATE,Rain-Shadow Plateau Topography,Manual demo override,MANUAL_OVERRIDE,,2026-09-09,,,,NOT_REQUESTED,30.3,21.8,68.2
MH_487_550354,Wadali Kh,Wadali Kh,Nandgaon,Nashik,20.22749,74.63329,200.8,28.87,-15.0,460.0,32.2,421.4,498.6,3.2,254.6,4.0,22.0,14.0,52.0,3.0,1.0,4.0,25.0,29.5,21.0,-2.53,-1.1940496074028382,20.69,16.14,25.4,11.02,28.77,4.51,MODERATE,Rain-Shadow Plateau Topography,Manual demo override,MANUAL_OVERRIDE,,2026-09-09,,,,NOT_REQUESTED,30.3,21.8,68.3
MH_487_550353,Khirdipatode,Khirdipatode,Nandgaon,Nashik,20.22068,74.658,203.25,29.57,-15.0,457.0,32.0,418.6,495.4,3.2,255.6,4.0,22.0,14.0,52.0,3.0,1.0,4.0,25.0,29.5,21.0,-2.63,-1.227426091868987,20.43,15.58,25.02,11.33,28.58,4.55,MODERATE,Rain-Shadow Plateau Topography,Manual demo override,MANUAL_OVERRIDE,,2026-09-09,,,,NOT_REQUESTED,30.4,21.9,68.2
MH_487_550348,Morzar,Morzar,Nandgaon,Nashik,20.24845,74.63206,201.0,30.88,-15.0,460.2,32.2,421.5,498.8,3.2,254.5,4.0,22.0,14.0,52.0,3.0,1.0,4.0,25.0,29.5,21.0,-2.63,-1.2614372326691403,20.49,15.91,25.31,10.81,28.74,4.61,MODERATE,Rain-Shadow Plateau Topography,Manual demo override,MANUAL_OVERRIDE,,2026-09-09,,,,NOT_REQUESTED,30.4,21.9,68.2
MH_487_550349,Bangaon Bk,Bangaon Bk,Nandgaon,Nashik,20.24621,74.65272,203.1,31.68,-15.0,457.7,32.0,419.3,496.1,3.2,255.4,4.0,22.0,14.0,52.0,3.0,1.0,4.0,25.0,29.5,21.0,-2.63,-1.3075431211364006,20.42,15.87,25.59,10.39,29.34,4.77,MODERATE,Rain-Shadow Plateau Topography,Manual demo override,MANUAL_OVERRIDE,,2026-09-09,,,,NOT_REQUESTED,30.4,21.9,68.2
MH_487_550351,Takli Bk,Takli Bk,Nandgaon,Nashik,20.23464,74.68057,205.79,32.19,-15.0,454.3,31.8,416.2,492.5,3.2,256.6,4.0,22.0,14.0,52.0,3.0,1.0,4.0,25.0,29.5,21.0,-2.63,-1.313284597032028,20.46,15.79,25.28,10.65,28.93,4.73,MODERATE,Rain-Shadow Plateau Topography,Manual demo override,MANUAL_OVERRIDE,,2026-09-09,,,,NOT_REQUESTED,30.4,21.9,68.2
MH_487_550352,Takli Kh,Takli Kh,Nandgaon,Nashik,20.23103,74.69449,207.18,32.75,-15.0,452.7,31.7,414.6,490.7,3.2,257.2,4.0,22.0,14.0,52.0,3.0,1.0,4.0,25.0,29.5,21.0,-0.0,-1.315909431370343,23.08,18.54,27.82,13.73,31.12,4.55,MODERATE,Rain-Shadow Plateau Topography,Manual demo override,MANUAL_OVERRIDE,,2026-09-09,,,,NOT_REQUESTED,30.1,21.6,69.2
MH_487_550390,Kasabkhede,Kasabkhede,Nandgaon,Nashik,20.20806,74.71605,209.08,32.31,-15.0,450.1,31.5,412.3,487.9,3.2,258.1,4.0,22.0,14.0,52.0,3.0,1.0,4.0,25.0,29.5,21.0,-0.0,-1.2592742531861472,23.07,18.75,28.05,13.5,31.49,4.57,MODERATE,Rain-Shadow Plateau Topography,Manual demo override,MANUAL_OVERRIDE,,2026-09-09,,,,NOT_REQUESTED,30.1,21.6,69.2
MH_487_551446,Pimpalkhute Tisare,Pimpalkhute Tisare,Yevla,Nashik,20.15717,74.57733,194.07,19.25,-15.0,466.7,32.7,427.5,506.0,3.2,252.2,12.0,14.0,10.0,58.0,4.0,2.0,0.0,25.0,29.5,21.0,-2.53,-0.8120846085184379,21.02,16.7,25.67,11.6,29.32,4.54,MODERATE,Rain-Shadow Plateau Topography,Manual demo override,MANUAL_OVERRIDE,,2026-09-09,,,,NOT_REQUESTED,30.2,21.7,68.4
MH_487_551444,Rajapur,Rajapur,Yevla,Nashik,20.1727,74.62144,198.83,23.01,-15.0,461.4,32.3,422.7,500.2,3.2,254.1,12.0,14.0,10.0,58.0,4.0,2.0,0.0,25.0,29.5,21.0,-2.53,-0.9789191469144156,20.74,16.0,25.2,11.55,28.82,4.53,MODERATE,Rain-Shadow Plateau Topography,Manual demo override,MANUAL_OVERRIDE,,2026-09-09,,,,NOT_REQUESTED,30.3,21.8,68.3
MH_487_550391,Pohi,Pohi,Nandgaon,Nashik,20.19953,74.74368,211.84,33.76,-15.0,446.8,31.3,409.2,484.3,3.2,259.2,4.0,22.0,14.0,52.0,3.0,1.0,4.0,25.0,29.5,21.0,-0.0,-1.2507916676577855,23.11,18.14,27.97,13.46,31.56,4.68,MODERATE,Rain-Shadow Plateau Topography,Manual demo override,MANUAL_OVERRIDE,,2026-09-09,,,,NOT_REQUESTED,30.2,21.7,69.2
MH_487_551447,Jaydare,Jaydare,Yevla,Nashik,20.16602,74.53365,189.64,18.79,-15.0,472.0,33.0,432.4,511.6,3.2,250.4,12.0,14.0,10.0,58.0,4.0,2.0,0.0,25.0,29.5,21.0,-2.53,-0.7145109971352652,21.07,16.83,25.45,11.13,29.39,4.61,MODERATE,Rain-Shadow Plateau Topography,Manual demo override,MANUAL_OVERRIDE,,2026-09-09,,,,NOT_REQUESTED,30.2,21.7,68.4
MH_487_551442,Aherwadi,Aherwadi,Yevla,Nashik,20.17276,74.5508,191.5,19.93,-15.0,469.9,32.9,430.4,509.4,3.2,251.1,12.0,14.0,10.0,58.0,4.0,2.0,0.0,25.0,29.5,21.0,-2.53,-0.7828275406300939,21.06,16.21,25.95,11.2,29.76,4.64,MODERATE,Rain-Shadow Plateau Topography,Manual demo override,MANUAL_OVERRIDE,,2026-09-09,,,,NOT_REQUESTED,30.2,21.7,68.4
MH_487_551454,Khirdisathe,Khirdisathe,Yevla,Nashik,20.14778,74.56083,192.25,17.62,-15.0,468.7,32.8,429.3,508.1,3.2,251.6,12.0,14.0,10.0,58.0,4.0,2.0,0.0,25.0,29.5,21.0,-2.53,-0.7378196332540266,21.07,16.19,26.05,11.46,29.82,4.64,MODERATE,Rain-Shadow Plateau Topography,Manual demo override,MANUAL_OVERRIDE,,2026-09-09,,,,NOT_REQUESTED,30.2,21.7,68.4
MH_487_550310,Dhaner,Dhaner,Nandgaon,Nashik,20.33693,74.52683,191.16,37.57,-15.0,472.8,33.1,433.1,512.5,3.2,250.1,4.0,22.0,14.0,52.0,3.0,1.0,4.0,25.0,29.5,21.0,-2.63,-0.9455682347068864,20.74,15.93,25.18,11.1,29.44,4.64,MODERATE,Rain-Shadow Plateau Topography,Manual demo override,MANUAL_OVERRIDE,,2026-09-09,,,,NOT_REQUESTED,30.3,21.8,68.3
MH_487_551443,Somthanjosh,Somthanjosh,Yevla,Nashik,20.18861,74.67369,204.44,27.73,-15.0,455.2,31.9,416.9,493.4,3.2,256.3,12.0,14.0,10.0,58.0,4.0,2.0,0.0,25.0,29.5,21.0,-2.53,-1.1431296007363403,20.64,15.82,25.44,10.83,28.97,4.69,MODERATE,Rain-Shadow Plateau Topography,Manual demo override,MANUAL_OVERRIDE,,2026-09-09,,,,NOT_REQUESTED,30.3,21.8,68.3
MH_487_550343,Mandwad,Mandwad,Nandgaon,Nashik,20.26729,74.60215,198.25,31.58,-15.0,463.7,32.5,424.7,502.7,3.2,253.3,4.0,22.0,14.0,52.0,3.0,1.0,4.0,25.0,29.5,21.0,-2.63,-1.2096723805717238,20.56,15.94,25.31,10.66,29.26,4.72,MODERATE,Rain-Shadow Plateau Topography,Manual demo override,MANUAL_OVERRIDE,,2026-09-09,,,,NOT_REQUESTED,30.4,21.9,68.2
MH_487_550389,Manikpunj,Manikpunj,Nandgaon,Nashik,20.25091,74.71167,209.26,35.59,-15.0,450.6,31.5,412.8,488.4,3.2,257.9,4.0,22.0,14.0,52.0,3.0,1.0,4.0,25.0,29.5,21.0,-0.0,-1.3884040730786658,22.99,18.07,27.39,13.52,31.61,4.64,MODERATE,Rain-Shadow Plateau Topography,Manual demo override,MANUAL_OVERRIDE,,2026-09-09,,,,NOT_REQUESTED,30.1,21.6,69.2
MH_487_551445,Panhalsathe,Panhalsathe,Yevla,Nashik,20.1513,74.59423,195.76,19.49,-15.0,464.7,32.5,425.7,503.7,3.2,253.0,12.0,14.0,10.0,58.0,4.0,2.0,0.0,25.0,29.5,21.0,-2.53,-0.8392841840721272,20.99,16.56,26.47,11.36,29.53,4.69,MODERATE,Rain-Shadow Plateau Topography,Manual demo override,MANUAL_OVERRIDE,,2026-09-09,,,,NOT_REQUESTED,30.2,21.7,68.4
MH_487_550360,Wakhari,Wakhari,Nandgaon,Nashik,20.37334,74.59767,198.86,42.75,-15.0,464.3,32.5,425.3,503.3,3.2,253.1,4.0,22.0,14.0,52.0,3.0,1.0,4.0,25.0,29.5,21.0,-2.63,-1.2048509012991742,20.46,15.6,25.51,10.66,28.84,4.67,MODERATE,Rain-Shadow Plateau Topography,Manual demo override,MANUAL_OVERRIDE,,2026-09-09,,,,NOT_REQUESTED,30.4,21.9,68.2
MH_487_549992,Ganeshnagar,Ganeshnagar,Baglan,Nashik,20.81621,74.04826,156.24,56.05,-5.6,530.2,37.1,485.7,574.7,3.2,230.0,12.0,14.0,10.0,58.0,4.0,2.0,0.0,25.0,29.5,21.0,0.95,-0.5049032215027006,24.77,20.19,29.87,15.28,33.17,4.65,MODERATE,Rain-Shadow Plateau Topography,Manual demo override,MANUAL_OVERRIDE,,2026-09-09,,,,NOT_REQUESTED,29.6,21.1,69.9
MH_487_550327,Dhotane Kh,Dhotane Kh,Nandgaon,Nashik,20.29581,74.52606,190.8,33.0,-15.0,472.9,33.1,433.2,512.6,3.2,250.1,4.0,22.0,14.0,52.0,3.0,1.0,4.0,25.0,29.5,21.0,-2.63,-0.9344509503970504,20.66,15.98,25.74,10.92,29.07,4.71,MODERATE,Rain-Shadow Plateau Topography,Manual demo override,MANUAL_OVERRIDE,,2026-09-09,,,,NOT_REQUESTED,30.3,21.8,68.3
MH_487_550306,Darhel,Darhel,Nandgaon,Nashik,20.36993,74.52613,191.4,41.22,-15.0,472.9,33.1,433.1,512.6,3.2,250.1,4.0,22.0,14.0,52.0,3.0,1.0,4.0,25.0,29.5,21.0,-2.63,-0.9226079130640541,20.77,15.98,25.96,11.03,29.15,4.69,MODERATE,Rain-Shadow Plateau Topography,Manual demo override,MANUAL_OVERRIDE,,2026-09-09,,,,NOT_REQUESTED,30.3,21.8,68.3
MH_487_550309,Kondhar,Kondhar,Nandgaon,Nashik,20.33602,74.55434,194.02,37.79,-15.0,469.5,32.9,430.0,509.0,3.2,251.3,4.0,22.0,14.0,52.0,3.0,1.0,4.0,25.0,29.5,21.0,-2.63,-1.0595813634940165,20.74,16.24,25.62,11.2,29.02,4.62,MODERATE,Rain-Shadow Plateau Topography,Manual demo override,MANUAL_OVERRIDE,,2026-09-09,,,,NOT_REQUESTED,30.3,21.8,68.3
MH_487_550344,Shashrinagar,Shashrinagar,Nandgaon,Nashik,20.27225,74.5528,193.26,30.77,-15.0,469.7,32.9,430.2,509.1,3.2,251.2,4.0,22.0,14.0,52.0,3.0,1.0,4.0,25.0,29.5,21.0,-2.63,-1.0170590161365403,20.65,16.28,25.31,10.8,28.92,4.64,MODERATE,Rain-Shadow Plateau Topography,Manual demo override,MANUAL_OVERRIDE,,2026-09-09,,,,NOT_REQUESTED,30.3,21.8,68.3
MH_487_550328,Hiswal Kh,Hiswal Kh,Nandgaon,Nashik,20.2973,74.54338,192.61,33.37,-15.0,470.8,33.0,431.2,510.4,3.2,250.8,4.0,22.0,14.0,52.0,3.0,1.0,4.0,25.0,29.5,21.0,-2.63,-1.005528120138875,20.7,15.74,25.25,11.09,29.14,4.59,MODERATE,Rain-Shadow Plateau Topography,Manual demo override,MANUAL_OVERRIDE,,2026-09-09,,,,NOT_REQUESTED,30.3,21.8,68.3
MH_487_550308,Parekarwadi,Parekarwadi,Nandgaon,Nashik,20.34854,74.57424,196.19,39.52,-15.0,467.1,32.7,427.9,506.3,3.2,252.1,4.0,22.0,14.0,52.0,3.0,1.0,4.0,25.0,29.5,21.0,-2.63,-1.138292155327722,20.59,16.0,25.46,10.78,28.89,4.67,MODERATE,Rain-Shadow Plateau Topography,Manual demo override,MANUAL_OVERRIDE,,2026-09-09,,,,NOT_REQUESTED,30.3,21.8,68.2
MH_487_550307,Nandur,Nandur,Nandgaon,Nashik,20.35309,74.56421,195.19,39.83,-15.0,468.3,32.8,428.9,507.7,3.2,251.7,4.0,22.0,14.0,52.0,3.0,1.0,4.0,25.0,29.5,21.0,-2.63,-1.0913410758578892,20.52,15.78,25.2,10.67,29.22,4.75,MODERATE,Rain-Shadow Plateau Topography,Manual demo override,MANUAL_OVERRIDE,,2026-09-09,,,,NOT_REQUESTED,30.3,21.8,68.2
MH_487_550329,Hiswal Bk,Hiswal Bk,Nandgaon,Nashik,20.30955,74.57537,196.01,35.31,-15.0,467.0,32.7,427.7,506.2,3.2,252.2,4.0,22.0,14.0,52.0,3.0,1.0,4.0,25.0,29.5,21.0,-2.63,-1.1517681759202507,20.57,16.42,25.05,10.73,29.05,4.63,MODERATE,Rain-Shadow Plateau Topography,Manual demo override,MANUAL_OVERRIDE,,2026-09-09,,,,NOT_REQUESTED,30.3,21.8,68.2
MH_487_550330,Hirenagar,Hirenagar,Nandgaon,Nashik,20.31997,74.59684,198.32,36.99,-15.0,464.4,32.5,425.4,503.4,3.2,253.1,4.0,22.0,14.0,52.0,3.0,1.0,4.0,25.0,29.5,21.0,-2.63,-1.2544237802492442,20.47,16.01,25.12,11.45,28.84,4.62,MODERATE,Rain-Shadow Plateau Topography,Manual demo override,MANUAL_OVERRIDE,,2026-09-09,,,,NOT_REQUESTED,30.4,21.9,68.2
MH_487_550331,Nandgaon Rural,Nandgaon Rural,Nandgaon,Nashik,20.31552,74.62835,201.57,37.56,-15.0,460.6,32.2,422.0,499.2,3.2,254.4,4.0,22.0,14.0,52.0,3.0,1.0,4.0,25.0,29.5,21.0,-2.63,-1.4082117285205915,20.42,16.08,24.91,10.58,28.79,4.65,MODERATE,Rain-Shadow Plateau Topography,Manual demo override,MANUAL_OVERRIDE,,2026-09-09,,,,NOT_REQUESTED,30.4,21.9,68.2
MH_487_550334,Hinganwadi,Hinganwadi,Nandgaon,Nashik,20.34346,74.60061,198.89,39.61,-15.0,463.9,32.5,424.9,502.9,3.2,253.2,4.0,22.0,14.0,52.0,3.0,1.0,4.0,25.0,29.5,21.0,-2.63,-1.2596873276659764,20.47,15.36,25.14,10.82,29.01,4.63,MODERATE,Rain-Shadow Plateau Topography,Manual demo override,MANUAL_OVERRIDE,,2026-09-09,,,,NOT_REQUESTED,30.4,21.9,68.2
MH_487_550333,Fulenagar,Fulenagar,Nandgaon,Nashik,20.33468,74.61096,199.89,38.98,-15.0,462.7,32.4,423.8,501.6,3.2,253.7,4.0,22.0,14.0,52.0,3.0,1.0,4.0,25.0,29.5,21.0,-2.63,-1.315246058905683,20.37,15.82,25.26,10.9,28.5,4.65,MODERATE,Rain-Shadow Plateau Topography,Manual demo override,MANUAL_OVERRIDE,,2026-09-09,,,,NOT_REQUESTED,30.4,21.9,68.1
MH_487_550332,Shriramnagar,Shriramnagar,Nandgaon,Nashik,20.32567,74.61195,199.93,38.05,-15.0,462.6,32.4,423.7,501.4,3.2,253.7,4.0,22.0,14.0,52.0,3.0,1.0,4.0,25.0,29.5,21.0,-2.63,-1.3257692333870943,20.44,15.63,25.44,10.71,29.15,4.7,MODERATE,Rain-Shadow Plateau Topography,Manual demo override,MANUAL_OVERRIDE,,2026-09-09,,,,NOT_REQUESTED,30.4,21.9,68.2
MH_487_550336,Krantinagar,Krantinagar,Nandgaon,Nashik,20.28776,74.63043,201.53,34.77,-15.0,460.3,32.2,421.7,499.0,3.2,254.5,4.0,22.0,14.0,52.0,3.0,1.0,4.0,25.0,29.5,21.0,-2.63,-1.376744898925625,20.32,15.52,24.86,10.18,29.04,4.74,MODERATE,Rain-Shadow Plateau Topography,Manual demo override,MANUAL_OVERRIDE,,2026-09-09,,,,NOT_REQUESTED,30.4,21.9,68.1
MH_487_550342,Azadnagar,Azadnagar,Nandgaon,Nashik,20.26603,74.59445,197.43,31.18,-15.0,464.7,32.5,425.7,503.7,3.2,253.0,4.0,22.0,14.0,52.0,3.0,1.0,4.0,25.0,29.5,21.0,-2.63,-1.1756918633172921,20.56,15.9,24.95,11.07,29.05,4.59,MODERATE,Rain-Shadow Plateau Topography,Manual demo override,MANUAL_OVERRIDE,,2026-09-09,,,,NOT_REQUESTED,30.4,21.9,68.2
MH_487_550338,Gangadhari,Gangadhari,Nandgaon,Nashik,20.29839,74.67652,206.47,37.95,-15.0,454.8,31.8,416.7,493.0,3.2,256.4,4.0,22.0,14.0,52.0,3.0,1.0,4.0,25.0,29.5,21.0,-2.63,-1.5196466861201268,20.12,15.15,25.24,10.7,28.66,4.66,MODERATE,Rain-Shadow Plateau Topography,Manual demo override,MANUAL_OVERRIDE,,2026-09-09,,,,NOT_REQUESTED,30.4,21.9,68.0
MH_487_550341,Dahegaon,Dahegaon,Nandgaon,Nashik,20.26525,74.6458,202.71,33.19,-15.0,458.5,32.1,420.0,497.0,3.2,255.1,4.0,22.0,14.0,52.0,3.0,1.0,4.0,25.0,29.5,21.0,-2.63,-1.358534019052098,20.35,15.59,24.65,10.89,28.48,4.64,MODERATE,Rain-Shadow Plateau Topography,Manual demo override,MANUAL_OVERRIDE,,2026-09-09,,,,NOT_REQUESTED,30.4,21.9,68.1
MH_487_550340,Tandulwadi,Tandulwadi,Nandgaon,Nashik,20.268,74.67677,205.94,35.05,-15.0,454.8,31.8,416.6,492.9,3.2,256.4,4.0,22.0,14.0,52.0,3.0,1.0,4.0,25.0,29.5,21.0,-2.63,-1.4246665121436717,20.24,15.83,25.02,10.74,28.37,4.6,MODERATE,Rain-Shadow Plateau Topography,Manual demo override,MANUAL_OVERRIDE,,2026-09-09,,,,NOT_REQUESTED,30.4,21.9,68.1
MH_487_550339,Pokhari Patode,Pokhari Patode,Nandgaon,Nashik,20.28488,74.70023,208.66,37.95,-15.0,452.0,31.6,414.1,489.9,3.2,257.4,4.0,22.0,14.0,52.0,3.0,1.0,4.0,25.0,29.5,21.0,-0.0,-1.479402853233996,22.91,18.69,27.7,13.07,31.0,4.58,MODERATE,Rain-Shadow Plateau Topography,Manual demo override,MANUAL_OVERRIDE,,2026-09-09,,,,NOT_REQUESTED,30.1,21.6,69.2
MH_487_550335,Girnanagar,Girnanagar,Nandgaon,Nashik,20.31655,74.64117,202.91,38.16,-15.0,459.1,32.1,420.5,497.6,3.2,254.9,4.0,22.0,14.0,52.0,3.0,1.0,4.0,25.0,29.5,21.0,-2.63,-1.4730386227904146,20.22,15.54,25.25,10.33,28.88,4.75,MODERATE,Rain-Shadow Plateau Topography,Manual demo override,MANUAL_OVERRIDE,,2026-09-09,,,,NOT_REQUESTED,30.4,21.9,68.1
MH_487_251439,Nandgaon,Nandgaon,Central,Nashik,20.30242,74.65454,204.22,37.3,-15.0,457.5,32.0,419.1,495.9,3.2,255.5,12.0,14.0,10.0,58.0,4.0,2.0,0.0,25.0,29.5,21.0,-2.63,-1.5154002573701533,20.07,16.07,24.9,10.02,28.17,4.5,MODERATE,Rain-Shadow Plateau Topography,Manual demo override,MANUAL_OVERRIDE,,2026-09-09,,,,NOT_REQUESTED,30.4,21.9,68.0
MH_487_550387,Jalgaon Bk,Jalgaon Bk,Nandgaon,Nashik,20.26491,74.74207,212.62,38.81,-15.0,447.0,31.3,409.4,484.5,3.2,259.2,4.0,22.0,14.0,52.0,3.0,1.0,4.0,25.0,29.5,21.0,-0.0,-1.4229489688415,22.87,18.28,27.38,13.53,31.32,4.58,MODERATE,Rain-Shadow Plateau Topography,Manual demo override,MANUAL_OVERRIDE,,2026-09-09,,,,NOT_REQUESTED,30.2,21.7,69.1
MH_487_550386,Jalgaon Kh,Jalgaon Kh,Nandgaon,Nashik,20.29839,74.73802,212.79,41.45,-15.0,447.4,31.3,409.9,485.0,3.2,259.0,4.0,22.0,14.0,52.0,3.0,1.0,4.0,25.0,29.5,21.0,-0.0,-1.483380508131422,22.85,18.28,27.32,13.23,31.44,4.61,MODERATE,Rain-Shadow Plateau Topography,Manual demo override,MANUAL_OVERRIDE,,2026-09-09,,,,NOT_REQUESTED,30.2,21.7,69.1
MH_487_550378,Babhulwadi,Babhulwadi,Nandgaon,Nashik,20.31017,74.71815,210.89,41.33,-15.0,449.8,31.5,412.0,487.6,3.2,258.2,4.0,22.0,14.0,52.0,3.0,1.0,4.0,25.0,29.5,21.0,-0.0,-1.5080023673198364,22.87,18.27,27.81,12.82,31.5,4.68,MODERATE,Rain-Shadow Plateau Topography,Manual demo override,MANUAL_OVERRIDE,,2026-09-09,,,,NOT_REQUESTED,30.2,21.7,69.1
MH_487_550379,Doctorwadi,Doctorwadi,Nandgaon,Nashik,20.30622,74.70325,209.31,40.12,-15.0,451.6,31.6,413.7,489.5,3.2,257.5,4.0,22.0,14.0,52.0,3.0,1.0,4.0,25.0,29.5,21.0,-0.0,-1.51475766859075,22.69,18.31,27.47,13.18,30.76,4.57,MODERATE,Rain-Shadow Plateau Topography,Manual demo override,MANUAL_OVERRIDE,,2026-09-09,,,,NOT_REQUESTED,30.1,21.6,69.1
MH_487_550337,Malharwadi,Malharwadi,Nandgaon,Nashik,20.27874,74.65877,204.28,35.15,-15.0,456.9,32.0,418.5,495.3,3.2,255.7,4.0,22.0,14.0,52.0,3.0,1.0,4.0,25.0,29.5,21.0,-2.63,-1.4384339414358194,20.29,15.48,24.88,10.42,28.49,4.67,MODERATE,Rain-Shadow Plateau Topography,Manual demo override,MANUAL_OVERRIDE,,2026-09-09,,,,NOT_REQUESTED,30.4,21.9,68.1
MH_487_550361,Pimprale,Pimprale,Nandgaon,Nashik,20.37157,74.63452,202.67,43.64,-15.0,459.9,32.2,421.2,498.5,3.2,254.6,4.0,22.0,14.0,52.0,3.0,1.0,4.0,25.0,29.5,21.0,-2.63,-1.345464460902237,20.35,15.65,24.78,10.86,28.79,4.61,MODERATE,Rain-Shadow Plateau Topography,Manual demo override,MANUAL_OVERRIDE,,2026-09-09,,,,NOT_REQUESTED,30.4,21.9,68.1
MH_487_550377,New_Panzan,New_Panzan,Nandgaon,Nashik,20.33723,74.72106,211.37,44.03,-15.0,449.5,31.5,411.7,487.3,3.2,258.3,4.0,22.0,14.0,52.0,3.0,1.0,4.0,25.0,29.5,21.0,-0.0,-1.5121384740088462,22.79,17.77,27.3,13.27,30.99,4.66,MODERATE,Rain-Shadow Plateau Topography,Manual demo override,MANUAL_OVERRIDE,,2026-09-09,,,,NOT_REQUESTED,30.2,21.7,69.1
MH_487_550375,Aswaldara,Aswaldara,Nandgaon,Nashik,20.35401,74.69098,208.37,44.12,-15.0,453.1,31.7,415.0,491.1,3.2,257.0,4.0,22.0,14.0,52.0,3.0,1.0,4.0,25.0,29.5,21.0,-0.0,-1.495983449526601,22.85,18.1,27.26,13.53,31.17,4.56,MODERATE,Rain-Shadow Plateau Topography,Manual demo override,MANUAL_OVERRIDE,,2026-09-09,,,,NOT_REQUESTED,30.1,21.6,69.1
MH_487_550238,Nandgaon,Nandgaon,Malegaon,Nashik,20.4755,74.38023,177.84,52.23,-13.1,490.4,34.3,449.2,531.5,3.2,244.0,4.0,22.0,14.0,52.0,3.0,1.0,4.0,25.0,29.5,21.0,-2.61,-0.42457235570343943,21.35,16.94,25.86,11.96,29.51,4.56,MODERATE,Rain-Shadow Plateau Topography,Manual demo override,MANUAL_OVERRIDE,,2026-09-09,,,,NOT_REQUESTED,30.2,21.7,68.5
MH_487_550239,Saundane,Saundane,Malegaon,Nashik,20.45396,74.39936,179.43,51.38,-13.5,488.1,34.2,447.0,529.1,3.2,244.8,4.0,22.0,14.0,52.0,3.0,1.0,4.0,25.0,29.5,21.0,-2.61,-0.47386230620572783,21.19,16.54,26.12,11.83,30.04,4.59,MODERATE,Rain-Shadow Plateau Topography,Manual demo override,MANUAL_OVERRIDE,,2026-09-09,,,,NOT_REQUESTED,30.2,21.7,68.5
MH_487_550376,Sakore,Sakore,Nandgaon,Nashik,20.34721,74.68417,207.61,43.13,-15.0,453.9,31.8,415.7,492.1,3.2,256.7,4.0,22.0,14.0,52.0,3.0,1.0,4.0,25.0,29.5,21.0,-2.63,-1.504194524660496,20.17,15.88,24.85,10.85,28.81,4.61,MODERATE,Rain-Shadow Plateau Topography,Manual demo override,MANUAL_OVERRIDE,,2026-09-09,,,,NOT_REQUESTED,30.4,21.9,68.1
MH_487_550374,Muldongari,Muldongari,Nandgaon,Nashik,20.36595,74.73768,213.33,47.66,-15.0,447.5,31.3,409.9,485.0,3.2,259.0,4.0,22.0,14.0,52.0,3.0,1.0,4.0,25.0,29.5,21.0,-0.0,-1.4935867024742664,22.86,18.29,27.75,13.28,31.36,4.6,MODERATE,Rain-Shadow Plateau Topography,Manual demo override,MANUAL_OVERRIDE,,2026-09-09,,,,NOT_REQUESTED,30.2,21.7,69.1
MH_487_550237,Nandgaon Kh,Nandgaon Kh,Malegaon,Nashik,20.4923,74.41114,181.33,55.52,-13.8,486.7,34.1,445.7,527.6,3.2,245.3,4.0,22.0,14.0,52.0,3.0,1.0,4.0,25.0,29.5,21.0,-2.61,-0.47844421669033976,21.14,16.61,26.21,11.47,29.33,4.6,MODERATE,Rain-Shadow Plateau Topography,Manual demo override,MANUAL_OVERRIDE,,2026-09-09,,,,NOT_REQUESTED,30.2,21.7,68.5
MH_487_550240,Kaulane,Kaulane,Malegaon,Nashik,20.4952,74.49562,190.06,55.07,-15.0,476.5,33.4,436.4,516.6,3.2,248.8,4.0,22.0,14.0,52.0,3.0,1.0,4.0,25.0,29.5,21.0,-2.61,-0.6441994079574218,20.94,16.09,26.12,11.16,29.58,4.7,MODERATE,Rain-Shadow Plateau Topography,Manual demo override,MANUAL_OVERRIDE,,2026-09-09,,,,NOT_REQUESTED,30.3,21.8,68.4
MH_487_550236,Vake,Vake,Malegaon,Nashik,20.49236,74.43011,183.28,55.23,-14.2,484.4,33.9,443.7,525.1,3.2,246.1,4.0,22.0,14.0,52.0,3.0,1.0,4.0,25.0,29.5,21.0,-2.61,-0.5145894662844804,21.19,16.74,26.12,11.63,29.16,4.58,MODERATE,Rain-Shadow Plateau Topography,Manual demo override,MANUAL_OVERRIDE,,2026-09-09,,,,NOT_REQUESTED,30.2,21.7,68.5
MH_487_550247,Takali,Takali,Malegaon,Nashik,20.46368,74.43007,182.76,52.07,-14.2,484.4,33.9,443.7,525.1,3.2,246.1,4.0,22.0,14.0,52.0,3.0,1.0,4.0,25.0,29.5,21.0,-2.61,-0.5353592277726611,21.11,16.52,26.46,11.54,29.3,4.63,MODERATE,Rain-Shadow Plateau Topography,Manual demo override,MANUAL_OVERRIDE,,2026-09-09,,,,NOT_REQUESTED,30.2,21.7,68.4
MH_487_550248,Shirsondi,Shirsondi,Malegaon,Nashik,20.42833,74.41773,180.91,48.4,-13.9,485.9,34.0,445.1,526.7,3.2,245.5,4.0,22.0,14.0,52.0,3.0,1.0,4.0,25.0,29.5,21.0,-2.61,-0.532483262691034,21.19,16.77,25.75,11.5,29.44,4.56,MODERATE,Rain-Shadow Plateau Topography,Manual demo override,MANUAL_OVERRIDE,,2026-09-09,,,,NOT_REQUESTED,30.2,21.7,68.5
MH_487_550249,Manjare,Manjare,Malegaon,Nashik,20.42917,74.44096,183.32,48.12,-14.4,483.1,33.8,442.5,523.6,3.2,246.5,4.0,22.0,14.0,52.0,3.0,1.0,4.0,25.0,29.5,21.0,-2.61,-0.5909043017737146,21.06,16.31,25.61,11.6,29.03,4.54,MODERATE,Rain-Shadow Plateau Topography,Manual demo override,MANUAL_OVERRIDE,,2026-09-09,,,,NOT_REQUESTED,30.2,21.7,68.4
MH_487_550255,Zadi,Zadi,Malegaon,Nashik,20.38309,74.40337,178.81,43.77,-13.6,487.6,34.1,446.7,528.5,3.2,244.9,4.0,22.0,14.0,52.0,3.0,1.0,4.0,25.0,29.5,21.0,-2.61,-0.5206739352012815,21.25,16.78,26.15,11.79,29.91,4.65,MODERATE,Rain-Shadow Plateau Topography,Manual demo override,MANUAL_OVERRIDE,,2026-09-09,,,,NOT_REQUESTED,30.2,21.7,68.5
MH_487_550254,Savkarwadi,Savkarwadi,Malegaon,Nashik,20.40143,74.44839,183.71,44.96,-14.6,482.2,33.8,441.6,522.8,3.2,246.8,4.0,22.0,14.0,52.0,3.0,1.0,4.0,25.0,29.5,21.0,-2.61,-0.6345873591242132,21.06,16.21,26.13,10.81,29.69,4.79,MODERATE,Rain-Shadow Plateau Topography,Manual demo override,MANUAL_OVERRIDE,,2026-09-09,,,,NOT_REQUESTED,30.2,21.7,68.4
MH_487_550250,Ghodegaon,Ghodegaon,Malegaon,Nashik,20.42429,74.50933,190.32,47.19,-15.0,474.9,33.2,435.0,514.7,3.2,249.4,4.0,22.0,14.0,52.0,3.0,1.0,4.0,25.0,29.5,21.0,-2.61,-0.7958062192312831,20.86,16.11,25.58,11.52,28.97,4.63,MODERATE,Rain-Shadow Plateau Topography,Manual demo override,MANUAL_OVERRIDE,,2026-09-09,,,,NOT_REQUESTED,30.3,21.8,68.3
MH_487_550246,Sonaj,Sonaj,Malegaon,Nashik,20.4604,74.46737,186.54,51.31,-15.0,479.9,33.6,439.6,520.2,3.2,247.6,4.0,22.0,14.0,52.0,3.0,1.0,4.0,25.0,29.5,21.0,-2.61,-0.6257564078313865,21.06,16.83,25.62,10.86,29.24,4.59,MODERATE,Rain-Shadow Plateau Topography,Manual demo override,MANUAL_OVERRIDE,,2026-09-09,,,,NOT_REQUESTED,30.3,21.8,68.4
MH_487_550244,Varhane,Varhane,Malegaon,Nashik,20.46157,74.50281,190.21,51.33,-15.0,475.7,33.3,435.7,515.6,3.2,249.1,4.0,22.0,14.0,52.0,3.0,1.0,4.0,25.0,29.5,21.0,-2.61,-0.7173767941901127,21.02,16.54,25.86,11.14,29.37,4.66,MODERATE,Rain-Shadow Plateau Topography,Manual demo override,MANUAL_OVERRIDE,,2026-09-09,,,,NOT_REQUESTED,30.3,21.8,68.4
MH_487_549955,Umarane,Umarane,Deola,Nashik,20.4237,74.34205,173.03,45.24,-12.2,495.0,34.6,453.4,536.5,3.2,242.4,4.0,22.0,14.0,52.0,3.0,1.0,4.0,25.0,29.5,21.0,-2.63,-0.3592211519608933,21.29,16.56,26.4,11.7,29.72,4.59,MODERATE,Rain-Shadow Plateau Topography,Manual demo override,MANUAL_OVERRIDE,,2026-09-09,,,,NOT_REQUESTED,30.2,21.7,68.5
MH_487_549951,Dongargaon,Dongargaon,Deola,Nashik,20.46897,74.33775,173.36,49.35,-12.1,495.5,34.7,453.8,537.1,3.2,242.2,4.0,22.0,14.0,52.0,3.0,1.0,4.0,25.0,29.5,21.0,-2.63,-0.3415333332521714,21.42,17.08,26.36,11.54,29.94,4.64,MODERATE,Rain-Shadow Plateau Topography,Manual demo override,MANUAL_OVERRIDE,,2026-09-09,,,,NOT_REQUESTED,30.2,21.7,68.6
MH_487_549954,Mahatma Fule Nagar,Mahatma Fule Nagar,Deola,Nashik,20.445,74.33024,172.16,46.64,-11.9,496.4,34.7,454.7,538.0,3.2,241.9,4.0,22.0,14.0,52.0,3.0,1.0,4.0,25.0,29.5,21.0,-2.63,-0.32978839165256424,21.33,16.81,26.51,12.3,29.58,4.54,MODERATE,Rain-Shadow Plateau Topography,Manual demo override,MANUAL_OVERRIDE,,2026-09-09,,,,NOT_REQUESTED,30.2,21.7,68.5
MH_487_549959,Chinchave,Chinchave,Deola,Nashik,20.37978,74.314,169.51,39.55,-11.6,498.3,34.9,456.4,540.2,3.2,241.2,4.0,22.0,14.0,52.0,3.0,1.0,4.0,25.0,29.5,21.0,-2.63,-0.30675965649459586,21.34,16.67,26.01,11.33,30.05,4.64,MODERATE,Rain-Shadow Plateau Topography,Manual demo override,MANUAL_OVERRIDE,,2026-09-09,,,,NOT_REQUESTED,30.1,21.6,68.5
MH_487_549958,Sangavi,Sangavi,Deola,Nashik,20.39012,74.34945,173.32,42.58,-12.4,494.1,34.6,452.5,535.6,3.2,242.7,4.0,22.0,14.0,52.0,3.0,1.0,4.0,25.0,29.5,21.0,-2.63,-0.3846425912457301,21.29,16.39,26.22,11.65,29.62,4.6,MODERATE,Rain-Shadow Plateau Topography,Manual demo override,MANUAL_OVERRIDE,,2026-09-09,,,,NOT_REQUESTED,30.2,21.7,68.5
MH_487_549956,Tisgaon,Tisgaon,Deola,Nashik,20.41464,74.37697,176.5,46.48,-13.0,490.8,34.4,449.5,532.0,3.2,243.8,4.0,22.0,14.0,52.0,3.0,1.0,4.0,25.0,29.5,21.0,-2.61,-0.44120897347258903,21.3,16.68,26.24,12.05,29.79,4.64,MODERATE,Rain-Shadow Plateau Topography,Manual demo override,MANUAL_OVERRIDE,,2026-09-09,,,,NOT_REQUESTED,30.2,21.7,68.5
MH_487_550245,Varhanepada,Varhanepada,Malegaon,Nashik,20.45993,74.50519,190.43,51.15,-15.0,475.4,33.3,435.4,515.3,3.2,249.2,4.0,22.0,14.0,52.0,3.0,1.0,4.0,25.0,29.5,21.0,-2.61,-0.7268378148196545,20.91,16.19,25.98,11.22,29.28,4.65,MODERATE,Rain-Shadow Plateau Topography,Manual demo override,MANUAL_OVERRIDE,,2026-09-09,,,,NOT_REQUESTED,30.3,21.8,68.4
MH_487_550251,Ghodegaonchoki,Ghodegaonchoki,Malegaon,Nashik,20.43973,74.51633,191.26,48.93,-15.0,474.0,33.2,434.2,513.9,3.2,249.7,4.0,22.0,14.0,52.0,3.0,1.0,4.0,25.0,29.5,21.0,-2.63,-0.7941095736131778,20.82,16.17,25.49,10.92,29.41,4.7,MODERATE,Rain-Shadow Plateau Topography,Manual demo override,MANUAL_OVERRIDE,,2026-09-09,,,,NOT_REQUESTED,30.3,21.8,68.3
MH_487_550253,Kalewadi,Kalewadi,Malegaon,Nashik,20.41884,74.49211,188.46,46.58,-15.0,476.9,33.4,436.9,517.0,3.2,248.7,4.0,22.0,14.0,52.0,3.0,1.0,4.0,25.0,29.5,21.0,-2.61,-0.7483861664898184,20.96,16.12,26.07,11.56,29.25,4.65,MODERATE,Rain-Shadow Plateau Topography,Manual demo override,MANUAL_OVERRIDE,,2026-09-09,,,,NOT_REQUESTED,30.3,21.8,68.4
MH_487_550155,Lakhamapur,Lakhamapur,Baglan,Nashik,20.5547,74.34543,175.99,58.21,-12.3,494.5,34.6,453.0,536.1,3.2,242.5,12.0,14.0,10.0,58.0,4.0,2.0,0.0,25.0,29.5,21.0,-2.63,-0.3676390668415691,21.39,16.81,25.95,11.65,29.5,4.58,MODERATE,Rain-Shadow Plateau Topography,Manual demo override,MANUAL_OVERRIDE,,2026-09-09,,,,NOT_REQUESTED,30.2,21.7,68.6
MH_487_550154,Dhandri,Dhandri,Baglan,Nashik,20.53905,74.32304,173.34,55.67,-11.8,497.2,34.8,455.5,539.0,3.2,241.6,12.0,14.0,10.0,58.0,4.0,2.0,0.0,25.0,29.5,21.0,-2.63,-0.32341710698955317,21.36,16.76,26.22,11.84,30.07,4.65,MODERATE,Rain-Shadow Plateau Topography,Manual demo override,MANUAL_OVERRIDE,,2026-09-09,,,,NOT_REQUESTED,30.1,21.6,68.5
MH_487_550153,Yashawantnagar,Yashawantnagar,Baglan,Nashik,20.56773,74.32047,173.78,58.51,-11.7,497.5,34.8,455.8,539.3,3.2,241.5,12.0,14.0,10.0,58.0,4.0,2.0,0.0,25.0,29.5,21.0,-2.63,-0.3346464275506183,21.36,16.86,26.04,11.35,29.94,4.64,MODERATE,Rain-Shadow Plateau Topography,Manual demo override,MANUAL_OVERRIDE,,2026-09-09,,,,NOT_REQUESTED,30.1,21.6,68.5
MH_487_550226,Pandharun,Pandharun,Malegaon,Nashik,20.57216,74.35002,176.89,60.18,-12.4,494.0,34.6,452.5,535.5,3.2,242.7,4.0,22.0,14.0,52.0,3.0,1.0,4.0,25.0,29.5,21.0,-2.63,-0.38479737108878725,21.29,16.88,25.87,11.71,29.8,4.63,MODERATE,Rain-Shadow Plateau Topography,Manual demo override,MANUAL_OVERRIDE,,2026-09-09,,,,NOT_REQUESTED,30.2,21.7,68.5
MH_487_550234,Aghar Kh,Aghar Kh,Malegaon,Nashik,20.51479,74.41639,182.32,57.9,-13.9,486.0,34.0,445.2,526.8,3.2,245.5,4.0,22.0,14.0,52.0,3.0,1.0,4.0,25.0,29.5,21.0,-2.61,-0.47922975197333567,21.29,16.77,25.49,11.37,29.01,4.55,MODERATE,Rain-Shadow Plateau Topography,Manual demo override,MANUAL_OVERRIDE,,2026-09-09,,,,NOT_REQUESTED,30.2,21.7,68.5
MH_487_550225,Talwade,Talwade,Malegaon,Nashik,20.5976,74.35466,178.03,62.95,-12.5,493.4,34.5,452.0,534.8,3.2,242.9,4.0,22.0,14.0,52.0,3.0,1.0,4.0,25.0,29.5,21.0,-2.63,-0.4114510043451631,21.38,16.99,25.94,11.62,29.92,4.61,MODERATE,Rain-Shadow Plateau Topography,Manual demo override,MANUAL_OVERRIDE,,2026-09-09,,,,NOT_REQUESTED,30.2,21.7,68.6
MH_487_550224,Belgaon,Belgaon,Malegaon,Nashik,20.57518,74.39804,181.83,62.72,-13.5,488.2,34.2,447.2,529.3,3.2,244.7,4.0,22.0,14.0,52.0,3.0,1.0,4.0,25.0,29.5,21.0,-2.61,-0.4592531043587205,21.31,16.85,26.07,12.02,29.39,4.56,MODERATE,Rain-Shadow Plateau Topography,Manual demo override,MANUAL_OVERRIDE,,2026-09-09,,,,NOT_REQUESTED,30.2,21.7,68.5
MH_487_550235,Patane,Patane,Malegaon,Nashik,20.52437,74.46308,187.3,58.43,-14.9,480.4,33.6,440.1,520.7,3.2,247.4,4.0,22.0,14.0,52.0,3.0,1.0,4.0,25.0,29.5,21.0,-2.61,-0.550676998634272,21.06,16.63,25.83,11.38,29.23,4.61,MODERATE,Rain-Shadow Plateau Topography,Manual demo override,MANUAL_OVERRIDE,,2026-09-09,,,,NOT_REQUESTED,30.3,21.8,68.4
MH_487_550231,Tehare,Tehare,Malegaon,Nashik,20.52304,74.49047,190.07,58.17,-15.0,477.1,33.4,437.1,517.2,3.2,248.6,4.0,22.0,14.0,52.0,3.0,1.0,4.0,25.0,29.5,21.0,-2.61,-0.5948445775711678,21.23,16.68,25.89,11.81,29.72,4.62,MODERATE,Rain-Shadow Plateau Topography,Manual demo override,MANUAL_OVERRIDE,,2026-09-09,,,,NOT_REQUESTED,30.3,21.8,68.5
MH_487_550232,Mungase,Mungase,Malegaon,Nashik,20.49723,74.46266,186.71,55.43,-14.9,480.5,33.6,440.2,520.8,3.2,247.4,4.0,22.0,14.0,52.0,3.0,1.0,4.0,25.0,29.5,21.0,-2.61,-0.5732202785859468,21.04,16.69,25.89,11.49,29.51,4.66,MODERATE,Rain-Shadow Plateau Topography,Manual demo override,MANUAL_OVERRIDE,,2026-09-09,,,,NOT_REQUESTED,30.3,21.8,68.4
MH_487_550227,Dhavali Vihir,Dhavali Vihir,Malegaon,Nashik,20.55688,74.3867,180.24,60.37,-13.2,489.6,34.3,448.4,530.8,3.2,244.2,4.0,22.0,14.0,52.0,3.0,1.0,4.0,25.0,29.5,21.0,-2.61,-0.43384038419200677,21.27,16.46,25.77,11.66,29.52,4.59,MODERATE,Rain-Shadow Plateau Topography,Manual demo override,MANUAL_OVERRIDE,,2026-09-09,,,,NOT_REQUESTED,30.2,21.7,68.5
MH_487_550229,Aghar Bk,Aghar Bk,Malegaon,Nashik,20.54267,74.40955,182.23,60.19,-13.7,486.9,34.1,445.9,527.8,3.2,245.2,4.0,22.0,14.0,52.0,3.0,1.0,4.0,25.0,29.5,21.0,-2.61,-0.46533539619298026,21.31,16.87,26.29,11.57,29.44,4.59,MODERATE,Rain-Shadow Plateau Topography,Manual demo override,MANUAL_OVERRIDE,,2026-09-09,,,,NOT_REQUESTED,30.2,21.7,68.5
MH_487_550223,Jalgaon,Jalgaon,Malegaon,Nashik,20.58711,74.41027,183.38,64.5,-13.7,486.8,34.1,445.8,527.7,3.2,245.2,4.0,22.0,14.0,52.0,3.0,1.0,4.0,25.0,29.5,21.0,-2.61,-0.4842607029342013,21.16,16.73,26.4,11.51,29.64,4.55,MODERATE,Rain-Shadow Plateau Topography,Manual demo override,MANUAL_OVERRIDE,,2026-09-09,,,,NOT_REQUESTED,30.2,21.7,68.5
MH_487_550222,Pimpalgaon,Pimpalgaon,Malegaon,Nashik,20.58753,74.43813,186.21,65.65,-14.4,483.4,33.8,442.9,524.0,3.2,246.4,4.0,22.0,14.0,52.0,3.0,1.0,4.0,25.0,29.5,21.0,-2.61,-0.5227783987579231,21.06,16.39,25.76,11.41,29.52,4.67,MODERATE,Rain-Shadow Plateau Topography,Manual demo override,MANUAL_OVERRIDE,,2026-09-09,,,,NOT_REQUESTED,30.2,21.7,68.4
MH_487_550233,Chinchavad,Chinchavad,Malegaon,Nashik,20.50836,74.37288,177.74,54.96,-12.9,491.3,34.4,450.0,532.5,3.2,243.7,4.0,22.0,14.0,52.0,3.0,1.0,4.0,25.0,29.5,21.0,-2.61,-0.40424867090194433,21.3,16.63,25.85,11.88,29.62,4.56,MODERATE,Rain-Shadow Plateau Topography,Manual demo override,MANUAL_OVERRIDE,,2026-09-09,,,,NOT_REQUESTED,30.2,21.7,68.5
MH_487_550241,Nagaon,Nagaon,Malegaon,Nashik,20.49318,74.52041,192.57,54.88,-15.0,473.6,33.1,433.8,513.3,3.2,249.9,4.0,22.0,14.0,52.0,3.0,1.0,4.0,25.0,29.5,21.0,-2.63,-0.709475579380139,20.94,16.57,25.61,11.77,29.55,4.56,MODERATE,Rain-Shadow Plateau Topography,Manual demo override,MANUAL_OVERRIDE,,2026-09-09,,,,NOT_REQUESTED,30.3,21.8,68.4
MH_487_550258,Chandanpuri,Chandanpuri,Malegaon,Nashik,20.51763,74.51708,192.69,57.58,-15.0,474.0,33.2,434.1,513.8,3.2,249.7,4.0,22.0,14.0,52.0,3.0,1.0,4.0,25.0,29.5,21.0,-2.63,-0.6541007429436789,21.05,16.42,25.89,11.44,29.49,4.61,MODERATE,Rain-Shadow Plateau Topography,Manual demo override,MANUAL_OVERRIDE,,2026-09-09,,,,NOT_REQUESTED,30.3,21.8,68.4
MH_487_550230,Dabhadi,Dabhadi,Malegaon,Nashik,20.56034,74.46194,187.97,62.43,-14.9,480.6,33.6,440.2,520.9,3.2,247.4,4.0,22.0,14.0,52.0,3.0,1.0,4.0,25.0,29.5,21.0,-2.61,-0.5402382357463471,21.17,16.25,25.97,11.87,29.39,4.59,MODERATE,Rain-Shadow Plateau Topography,Manual demo override,MANUAL_OVERRIDE,,2026-09-09,,,,NOT_REQUESTED,30.3,21.8,68.5
MH_487_550221,Nilgavhan,Nilgavhan,Malegaon,Nashik,20.59254,74.49067,191.66,65.89,-15.0,477.1,33.4,437.0,517.2,3.2,248.6,4.0,22.0,14.0,52.0,3.0,1.0,4.0,25.0,29.5,21.0,-2.61,-0.5983246363548701,21.17,16.76,25.97,11.63,29.57,4.61,MODERATE,Rain-Shadow Plateau Topography,Manual demo override,MANUAL_OVERRIDE,,2026-09-09,,,,NOT_REQUESTED,30.2,21.7,68.5
MH_487_550220,Kashti,Kashti,Malegaon,Nashik,20.60712,74.47624,190.57,67.55,-15.0,478.9,33.5,438.7,519.1,3.2,248.0,4.0,22.0,14.0,52.0,3.0,1.0,4.0,25.0,29.5,21.0,-2.61,-0.5939578271938649,21.27,16.71,26.21,11.75,29.61,4.63,MODERATE,Rain-Shadow Plateau Topography,Manual demo override,MANUAL_OVERRIDE,,2026-09-09,,,,NOT_REQUESTED,30.2,21.7,68.5
MH_487_549949,Mahalpatane,Mahalpatane,Deola,Nashik,20.50408,74.31334,171.56,51.7,-11.6,498.4,34.9,456.5,540.3,3.2,241.2,4.0,22.0,14.0,52.0,3.0,1.0,4.0,25.0,29.5,21.0,-2.63,-0.2964466999402581,21.37,16.72,25.96,12.05,29.84,4.58,MODERATE,Rain-Shadow Plateau Topography,Manual demo override,MANUAL_OVERRIDE,,2026-09-09,,,,NOT_REQUESTED,30.1,21.6,68.5
MH_487_550228,Ganeshnagar,Ganeshnagar,Malegaon,Nashik,20.55705,74.4003,181.62,61.07,-13.5,488.0,34.2,446.9,529.0,3.2,244.8,4.0,22.0,14.0,52.0,3.0,1.0,4.0,25.0,29.5,21.0,-2.61,-0.4544600003578219,21.14,16.48,25.89,11.22,29.46,4.63,MODERATE,Rain-Shadow Plateau Topography,Manual demo override,MANUAL_OVERRIDE,,2026-09-09,,,,NOT_REQUESTED,30.2,21.7,68.5
MH_487_550367,Vehelgaon,Vehelgaon,Nandgaon,Nashik,20.44014,74.74879,215.3,55.4,-15.0,446.1,31.2,408.7,483.6,3.2,259.4,4.0,22.0,14.0,52.0,3.0,1.0,4.0,25.0,29.5,21.0,-0.0,-1.4256457357677377,22.92,18.08,27.3,13.09,31.07,4.61,MODERATE,Rain-Shadow Plateau Topography,Manual demo override,MANUAL_OVERRIDE,,2026-09-09,,,,NOT_REQUESTED,30.2,21.7,69.2
MH_487_550243,Mehune,Mehune,Malegaon,Nashik,20.45477,74.52967,192.87,50.66,-15.0,472.4,33.1,432.7,512.2,3.2,250.2,4.0,22.0,14.0,52.0,3.0,1.0,4.0,25.0,29.5,21.0,-2.63,-0.8101170414720642,20.84,16.6,25.49,11.2,28.96,4.55,MODERATE,Rain-Shadow Plateau Topography,Manual demo override,MANUAL_OVERRIDE,,2026-09-09,,,,NOT_REQUESTED,30.3,21.8,68.3
MH_487_550277,Nimbait,Nimbait,Malegaon,Nashik,20.3937,74.55086,194.22,44.1,-15.0,469.9,32.9,430.4,509.4,3.2,251.1,4.0,22.0,14.0,52.0,3.0,1.0,4.0,25.0,29.5,21.0,-2.63,-0.9883999086718206,20.52,15.78,24.94,11.03,29.29,4.74,MODERATE,Rain-Shadow Plateau Topography,Manual demo override,MANUAL_OVERRIDE,,2026-09-09,,,,NOT_REQUESTED,30.3,21.8,68.2
MH_487_550276,Jatpade,Jatpade,Malegaon,Nashik,20.40831,74.57689,197.1,46.11,-15.0,466.8,32.7,427.5,506.0,3.2,252.2,4.0,22.0,14.0,52.0,3.0,1.0,4.0,25.0,29.5,21.0,-2.63,-1.0619278633944589,20.59,16.04,25.21,11.03,28.94,4.57,MODERATE,Rain-Shadow Plateau Topography,Manual demo override,MANUAL_OVERRIDE,,2026-09-09,,,,NOT_REQUESTED,30.3,21.8,68.2
MH_487_550278,Jeur,Jeur,Malegaon,Nashik,20.40353,74.61006,200.48,46.32,-15.0,462.8,32.4,423.9,501.7,3.2,253.6,4.0,22.0,14.0,52.0,3.0,1.0,4.0,25.0,29.5,21.0,-2.63,-1.1921944852019082,20.5,16.01,24.86,10.96,28.84,4.52,MODERATE,Rain-Shadow Plateau Topography,Manual demo override,MANUAL_OVERRIDE,,2026-09-09,,,,NOT_REQUESTED,30.4,21.9,68.2
MH_487_550274,Patharde,Patharde,Malegaon,Nashik,20.42755,74.61757,201.56,49.1,-15.0,461.9,32.3,423.1,500.7,3.2,253.9,4.0,22.0,14.0,52.0,3.0,1.0,4.0,25.0,29.5,21.0,-2.63,-1.1660436335833366,20.55,15.79,25.15,11.28,28.63,4.59,MODERATE,Rain-Shadow Plateau Topography,Manual demo override,MANUAL_OVERRIDE,,2026-09-09,,,,NOT_REQUESTED,30.4,21.9,68.2
MH_487_550279,Sakuri,Sakuri,Malegaon,Nashik,20.41145,74.64522,204.21,48.2,-15.0,458.6,32.1,420.1,497.1,3.2,255.1,4.0,22.0,14.0,52.0,3.0,1.0,4.0,25.0,29.5,21.0,-2.63,-1.2861164461671628,20.43,16.06,25.66,10.57,28.94,4.67,MODERATE,Rain-Shadow Plateau Topography,Manual demo override,MANUAL_OVERRIDE,,2026-09-09,,,,NOT_REQUESTED,30.4,21.9,68.2
MH_487_550275,Chaukatpada,Chaukatpada,Malegaon,Nashik,20.42887,74.59208,198.94,48.65,-15.0,465.0,32.5,426.0,504.0,3.2,252.9,4.0,22.0,14.0,52.0,3.0,1.0,4.0,25.0,29.5,21.0,-2.63,-1.076139415626774,20.64,16.22,25.39,10.63,29.37,4.75,MODERATE,Rain-Shadow Plateau Topography,Manual demo override,MANUAL_OVERRIDE,,2026-09-09,,,,NOT_REQUESTED,30.4,21.9,68.3
MH_487_550273,Dubagule,Dubagule,Malegaon,Nashik,20.44404,74.60675,200.67,50.62,-15.0,463.2,32.4,424.3,502.1,3.2,253.5,4.0,22.0,14.0,52.0,3.0,1.0,4.0,25.0,29.5,21.0,-2.63,-1.095116740518496,20.72,16.28,25.29,10.97,29.02,4.63,MODERATE,Rain-Shadow Plateau Topography,Manual demo override,MANUAL_OVERRIDE,,2026-09-09,,,,NOT_REQUESTED,30.4,21.9,68.3
MH_487_550271,Nimgulekupa,Nimgulekupa,Malegaon,Nashik,20.45632,74.62986,203.23,52.52,-15.0,460.4,32.2,421.8,499.1,3.2,254.5,4.0,22.0,14.0,52.0,3.0,1.0,4.0,25.0,29.5,21.0,-2.63,-1.1451881803431874,20.55,15.73,25.04,10.92,29.64,4.72,MODERATE,Rain-Shadow Plateau Topography,Manual demo override,MANUAL_OVERRIDE,,2026-09-09,,,,NOT_REQUESTED,30.4,21.9,68.2
MH_487_550268,Nimgaon,Nimgaon,Malegaon,Nashik,20.44581,74.5612,195.99,49.98,-15.0,468.7,32.8,429.3,508.0,3.2,251.6,4.0,22.0,14.0,52.0,3.0,1.0,4.0,25.0,29.5,21.0,-2.63,-0.9331643394311355,20.82,15.99,25.79,11.04,29.05,4.67,MODERATE,Rain-Shadow Plateau Topography,Manual demo override,MANUAL_OVERRIDE,,2026-09-09,,,,NOT_REQUESTED,30.3,21.8,68.3
MH_487_550242,Jwardi Bk,Jwardi Bk,Malegaon,Nashik,20.48827,74.54293,194.8,54.48,-15.0,470.8,33.0,431.2,510.4,3.2,250.8,4.0,22.0,14.0,52.0,3.0,1.0,4.0,25.0,29.5,21.0,-2.63,-0.7867060983749248,20.82,16.03,25.29,10.91,29.32,4.76,MODERATE,Rain-Shadow Plateau Topography,Manual demo override,MANUAL_OVERRIDE,,2026-09-09,,,,NOT_REQUESTED,30.3,21.8,68.3
MH_487_550266,Jwardi Kh,Jwardi Kh,Malegaon,Nashik,20.47999,74.56291,196.71,53.77,-15.0,468.5,32.8,429.1,507.8,3.2,251.6,4.0,22.0,14.0,52.0,3.0,1.0,4.0,25.0,29.5,21.0,-2.63,-0.870360800797425,20.83,16.03,25.48,11.04,29.1,4.66,MODERATE,Rain-Shadow Plateau Topography,Manual demo override,MANUAL_OVERRIDE,,2026-09-09,,,,NOT_REQUESTED,30.3,21.8,68.3
MH_487_550267,Nimgaon Kh,Nimgaon Kh,Malegaon,Nashik,20.47066,74.58065,198.38,53.01,-15.0,466.3,32.6,427.2,505.4,3.2,252.4,4.0,22.0,14.0,52.0,3.0,1.0,4.0,25.0,29.5,21.0,-2.63,-0.9508188408650389,20.75,16.3,25.17,11.59,28.92,4.54,MODERATE,Rain-Shadow Plateau Topography,Manual demo override,MANUAL_OVERRIDE,,2026-09-09,,,,NOT_REQUESTED,30.3,21.8,68.3
MH_487_550269,Gilane,Gilane,Malegaon,Nashik,20.45817,74.60342,200.53,52.08,-15.0,463.6,32.5,424.6,502.6,3.2,253.3,4.0,22.0,14.0,52.0,3.0,1.0,4.0,25.0,29.5,21.0,-2.63,-1.0547609133521152,20.65,15.95,25.52,11.06,28.79,4.62,MODERATE,Rain-Shadow Plateau Topography,Manual demo override,MANUAL_OVERRIDE,,2026-09-09,,,,NOT_REQUESTED,30.4,21.9,68.3
MH_487_550270,Malagaon,Malagaon,Malegaon,Nashik,20.45716,74.65858,206.21,53.46,-15.0,457.0,32.0,418.6,495.4,3.2,255.7,4.0,22.0,14.0,52.0,3.0,1.0,4.0,25.0,29.5,21.0,-2.63,-1.2275848531083522,20.4,15.92,25.25,10.56,28.88,4.69,MODERATE,Rain-Shadow Plateau Topography,Manual demo override,MANUAL_OVERRIDE,,2026-09-09,,,,NOT_REQUESTED,30.4,21.9,68.2
MH_487_550264,Khayade,Khayade,Malegaon,Nashik,20.47774,74.62352,202.91,54.66,-15.0,461.2,32.3,422.4,499.9,3.2,254.2,4.0,22.0,14.0,52.0,3.0,1.0,4.0,25.0,29.5,21.0,-2.63,-1.0838147227791135,20.62,15.71,24.99,11.13,29.12,4.66,MODERATE,Rain-Shadow Plateau Topography,Manual demo override,MANUAL_OVERRIDE,,2026-09-09,,,,NOT_REQUESTED,30.4,21.9,68.2
MH_487_550265,Mathurpada,Mathurpada,Malegaon,Nashik,20.48268,74.59604,200.16,54.6,-15.0,464.5,32.5,425.5,503.5,3.2,253.0,4.0,22.0,14.0,52.0,3.0,1.0,4.0,25.0,29.5,21.0,-2.63,-0.9812165989248047,20.71,16.07,25.4,10.89,29.36,4.67,MODERATE,Rain-Shadow Plateau Topography,Manual demo override,MANUAL_OVERRIDE,,2026-09-09,,,,NOT_REQUESTED,30.4,21.9,68.3
MH_487_550261,Bhuigavhan,Bhuigavhan,Malegaon,Nashik,20.50231,74.60494,201.42,56.92,-15.0,463.4,32.4,424.5,502.3,3.2,253.4,4.0,22.0,14.0,52.0,3.0,1.0,4.0,25.0,29.5,21.0,-2.63,-0.9778996198456613,20.63,16.4,24.99,11.16,28.92,4.53,MODERATE,Rain-Shadow Plateau Topography,Manual demo override,MANUAL_OVERRIDE,,2026-09-09,,,,NOT_REQUESTED,30.4,21.9,68.3
MH_487_550262,Ajande,Ajande,Malegaon,Nashik,20.50367,74.62148,203.15,57.42,-15.0,461.4,32.3,422.7,500.2,3.2,254.1,4.0,22.0,14.0,52.0,3.0,1.0,4.0,25.0,29.5,21.0,-2.63,-1.033203312293923,20.73,16.25,25.27,11.2,29.24,4.66,MODERATE,Rain-Shadow Plateau Topography,Manual demo override,MANUAL_OVERRIDE,,2026-09-09,,,,NOT_REQUESTED,30.4,21.9,68.3
MH_487_550263,Ajande Kh,Ajande Kh,Malegaon,Nashik,20.50027,74.63883,204.87,57.48,-15.0,459.3,32.2,420.7,498.0,3.2,254.8,4.0,22.0,14.0,52.0,3.0,1.0,4.0,25.0,29.5,21.0,-2.63,-1.0955133495437515,20.56,15.43,24.79,10.63,29.02,4.69,MODERATE,Rain-Shadow Plateau Topography,Manual demo override,MANUAL_OVERRIDE,,2026-09-09,,,,NOT_REQUESTED,30.4,21.9,68.2
MH_487_550260,Yesgaon Kh,Yesgaon Kh,Malegaon,Nashik,20.49296,74.5866,199.37,55.55,-15.0,465.6,32.6,426.5,504.7,3.2,252.6,4.0,22.0,14.0,52.0,3.0,1.0,4.0,25.0,29.5,21.0,-2.63,-0.9286905011575791,20.86,16.16,25.68,11.15,29.56,4.73,MODERATE,Rain-Shadow Plateau Topography,Manual demo override,MANUAL_OVERRIDE,,2026-09-09,,,,NOT_REQUESTED,30.4,21.9,68.3
MH_487_550259,Yesgaon Bk,Yesgaon Bk,Malegaon,Nashik,20.50084,74.56692,197.49,56.13,-15.0,468.0,32.8,428.6,507.3,3.2,251.8,4.0,22.0,14.0,52.0,3.0,1.0,4.0,25.0,29.5,21.0,-2.63,-0.8434585405415286,20.91,16.32,26.02,10.96,29.46,4.71,MODERATE,Rain-Shadow Plateau Topography,Manual demo override,MANUAL_OVERRIDE,,2026-09-09,,,,NOT_REQUESTED,30.3,21.8,68.4
MH_487_550216,Savandgaon,Savandgaon,Malegaon,Nashik,20.52708,74.58311,199.65,59.25,-15.0,466.0,32.6,426.9,505.1,3.2,252.5,4.0,22.0,14.0,52.0,3.0,1.0,4.0,25.0,29.5,21.0,-2.63,-0.8608567583159749,20.86,16.1,25.4,11.46,29.27,4.66,MODERATE,Rain-Shadow Plateau Topography,Manual demo override,MANUAL_OVERRIDE,,2026-09-09,,,,NOT_REQUESTED,30.4,21.9,68.3
MH_487_251438,Malegaon,Malegaon,Central,Nashik,20.55141,74.53969,195.7,61.45,-15.0,471.2,33.0,431.6,510.8,3.2,250.7,12.0,14.0,10.0,58.0,4.0,2.0,0.0,25.0,29.5,21.0,-2.63,-0.6590214031891668,20.95,16.24,25.49,11.15,29.25,4.68,MODERATE,Rain-Shadow Plateau Topography,Manual demo override,MANUAL_OVERRIDE,,2026-09-09,,,,NOT_REQUESTED,30.3,21.8,68.4
MH_487_550193,Vadgaon,Vadgaon,Malegaon,Nashik,20.59129,74.53016,195.64,65.82,-15.0,472.4,33.1,432.7,512.1,3.2,250.3,4.0,22.0,14.0,52.0,3.0,1.0,4.0,25.0,29.5,21.0,-2.63,-0.6709541874936882,21.03,16.19,25.75,11.46,29.29,4.58,MODERATE,Rain-Shadow Plateau Topography,Manual demo override,MANUAL_OVERRIDE,,2026-09-09,,,,NOT_REQUESTED,30.3,21.8,68.4
MH_487_550194,Dasane,Dasane,Malegaon,Nashik,20.60264,74.56239,199.19,67.33,-15.0,468.5,32.8,429.2,507.9,3.2,251.6,4.0,22.0,14.0,52.0,3.0,1.0,4.0,25.0,29.5,21.0,-2.63,-0.7793429951378804,20.96,16.48,25.75,11.25,28.83,4.57,MODERATE,Rain-Shadow Plateau Topography,Manual demo override,MANUAL_OVERRIDE,,2026-09-09,,,,NOT_REQUESTED,30.3,21.8,68.4
MH_487_550195,Lonwade,Lonwade,Malegaon,Nashik,20.59117,74.57956,200.66,66.26,-15.0,466.5,32.7,427.2,505.7,3.2,252.3,4.0,22.0,14.0,52.0,3.0,1.0,4.0,25.0,29.5,21.0,-2.63,-0.8267127966237374,20.93,16.79,25.88,10.78,29.08,4.62,MODERATE,Rain-Shadow Plateau Topography,Manual demo override,MANUAL_OVERRIDE,,2026-09-09,,,,NOT_REQUESTED,30.3,21.8,68.4
MH_487_550215,Sayane Bk,Sayane Bk,Malegaon,Nashik,20.5624,74.58926,201.0,63.23,-15.0,465.3,32.6,426.2,504.4,3.2,252.7,4.0,22.0,14.0,52.0,3.0,1.0,4.0,25.0,29.5,21.0,-2.63,-0.8567566078759883,20.83,16.53,25.01,11.05,29.18,4.54,MODERATE,Rain-Shadow Plateau Topography,Manual demo override,MANUAL_OVERRIDE,,2026-09-09,,,,NOT_REQUESTED,30.4,21.9,68.3
MH_487_550280,Malhanagaon,Malhanagaon,Malegaon,Nashik,20.54795,74.60954,202.77,61.99,-15.0,462.9,32.4,424.0,501.7,3.2,253.6,4.0,22.0,14.0,52.0,3.0,1.0,4.0,25.0,29.5,21.0,-2.63,-0.9395664765466919,20.72,16.14,25.3,10.7,29.57,4.73,MODERATE,Rain-Shadow Plateau Topography,Manual demo override,MANUAL_OVERRIDE,,2026-09-09,,,,NOT_REQUESTED,30.4,21.9,68.3
MH_487_550294,Khalane,Khalane,Malegaon,Nashik,20.53414,74.62516,204.09,60.81,-15.0,461.0,32.3,422.2,499.7,3.2,254.3,4.0,22.0,14.0,52.0,3.0,1.0,4.0,25.0,29.5,21.0,-2.63,-1.0069511047657707,20.68,16.07,25.6,11.03,28.76,4.6,MODERATE,Rain-Shadow Plateau Topography,Manual demo override,MANUAL_OVERRIDE,,2026-09-09,,,,NOT_REQUESTED,30.4,21.9,68.3
MH_487_550293,Sitane,Sitane,Malegaon,Nashik,20.52751,74.65126,206.64,60.74,-15.0,457.8,32.0,419.4,496.2,3.2,255.4,4.0,22.0,14.0,52.0,3.0,1.0,4.0,25.0,29.5,21.0,-2.63,-1.0996639875399579,20.56,15.88,25.27,10.91,28.89,4.6,MODERATE,Rain-Shadow Plateau Topography,Manual demo override,MANUAL_OVERRIDE,,2026-09-09,,,,NOT_REQUESTED,30.4,21.9,68.2
MH_487_550281,Gigaon,Gigaon,Malegaon,Nashik,20.56033,74.63409,205.54,63.86,-15.0,459.9,32.2,421.3,498.5,3.2,254.6,4.0,22.0,14.0,52.0,3.0,1.0,4.0,25.0,29.5,21.0,-2.63,-1.0176060160642573,20.71,15.75,25.55,11.07,29.16,4.73,MODERATE,Rain-Shadow Plateau Topography,Manual demo override,MANUAL_OVERRIDE,,2026-09-09,,,,NOT_REQUESTED,30.4,21.9,68.3
MH_487_550292,Bodhe,Bodhe,Malegaon,Nashik,20.55088,74.65912,207.91,63.46,-15.0,456.9,32.0,418.5,495.3,3.2,255.7,4.0,22.0,14.0,52.0,3.0,1.0,4.0,25.0,29.5,21.0,-2.63,-1.1033817663651515,20.68,16.21,25.2,10.98,29.06,4.6,MODERATE,Rain-Shadow Plateau Topography,Manual demo override,MANUAL_OVERRIDE,,2026-09-09,,,,NOT_REQUESTED,30.4,21.9,68.3
MH_487_550210,Sayane Kh,Sayane Kh,Malegaon,Nashik,20.60739,74.60525,203.66,68.43,-15.0,463.4,32.4,424.5,502.2,3.2,253.4,4.0,22.0,14.0,52.0,3.0,1.0,4.0,25.0,29.5,21.0,-2.63,-0.9215170778709167,20.84,16.34,25.29,11.07,29.29,4.62,MODERATE,Rain-Shadow Plateau Topography,Manual demo override,MANUAL_OVERRIDE,,2026-09-09,,,,NOT_REQUESTED,30.3,21.8,68.3
MH_487_550211,Chikhalohal,Chikhalohal,Malegaon,Nashik,20.59645,74.63046,205.97,67.7,-15.0,460.3,32.2,421.7,499.0,3.2,254.5,4.0,22.0,14.0,52.0,3.0,1.0,4.0,25.0,29.5,21.0,-2.63,-0.999118817458525,20.72,16.17,25.29,11.53,29.45,4.59,MODERATE,Rain-Shadow Plateau Topography,Manual demo override,MANUAL_OVERRIDE,,2026-09-09,,,,NOT_REQUESTED,30.3,21.8,68.3
MH_487_550212,Nale,Nale,Malegaon,Nashik,20.59572,74.65362,208.31,68.15,-15.0,457.6,32.0,419.2,496.0,3.2,255.5,4.0,22.0,14.0,52.0,3.0,1.0,4.0,25.0,29.5,21.0,-2.63,-1.0708521567737674,20.65,16.22,25.12,11.1,29.09,4.52,MODERATE,Rain-Shadow Plateau Topography,Manual demo override,MANUAL_OVERRIDE,,2026-09-09,,,,NOT_REQUESTED,30.4,21.9,68.3
MH_487_277413,Shendurni,Shendurni,Central,Nashik,20.577,74.65442,207.97,66.15,-15.0,457.5,32.0,419.1,495.9,3.2,255.5,12.0,14.0,10.0,58.0,4.0,2.0,0.0,25.0,29.5,21.0,-2.63,-1.0760819351363047,20.57,16.08,25.38,10.52,29.42,4.72,MODERATE,Rain-Shadow Plateau Topography,Manual demo override,MANUAL_OVERRIDE,,2026-09-09,,,,NOT_REQUESTED,30.4,21.9,68.2
MH_487_550213,Sajvahal,Sajvahal,Malegaon,Nashik,20.60395,74.68273,211.46,69.81,-15.0,454.1,31.8,415.9,492.2,3.2,256.7,4.0,22.0,14.0,52.0,3.0,1.0,4.0,25.0,29.5,21.0,-2.63,-1.154141962416951,20.58,15.96,25.54,10.89,29.52,4.81,MODERATE,Rain-Shadow Plateau Topography,Manual demo override,MANUAL_OVERRIDE,,2026-09-09,,,,NOT_REQUESTED,30.4,21.9,68.2
MH_487_550282,Roze,Roze,Malegaon,Nashik,20.57419,74.68709,211.25,66.76,-15.0,453.5,31.7,415.5,491.6,3.2,256.9,4.0,22.0,14.0,52.0,3.0,1.0,4.0,25.0,29.5,21.0,-2.01,-1.1718713868329083,21.17,16.56,25.88,11.22,29.67,4.66,MODERATE,Rain-Shadow Plateau Topography,Manual demo override,MANUAL_OVERRIDE,,2026-09-09,,,,NOT_REQUESTED,30.4,21.9,68.5
MH_487_550291,Dahiwal,Dahiwal,Malegaon,Nashik,20.54681,74.68547,210.52,63.81,-15.0,453.7,31.8,415.6,491.9,3.2,256.8,4.0,22.0,14.0,52.0,3.0,1.0,4.0,25.0,29.5,21.0,-2.63,-1.1825266307635556,20.46,16.14,24.95,10.85,28.84,4.65,MODERATE,Rain-Shadow Plateau Topography,Manual demo override,MANUAL_OVERRIDE,,2026-09-09,,,,NOT_REQUESTED,30.4,21.9,68.2
MH_487_550295,Ronzane,Ronzane,Malegaon,Nashik,20.51441,74.68639,210.01,60.41,-15.0,453.6,31.8,415.5,491.8,3.2,256.8,4.0,22.0,14.0,52.0,3.0,1.0,4.0,25.0,29.5,21.0,-2.63,-1.2150391175886173,20.5,15.42,25.54,10.3,29.27,4.82,MODERATE,Rain-Shadow Plateau Topography,Manual demo override,MANUAL_OVERRIDE,,2026-09-09,,,,NOT_REQUESTED,30.4,21.9,68.2
MH_487_550298,Umbardhe,Umbardhe,Malegaon,Nashik,20.4982,74.71442,212.61,59.74,-15.0,450.3,31.5,412.5,488.1,3.2,258.0,4.0,22.0,14.0,52.0,3.0,1.0,4.0,25.0,29.5,21.0,-0.0,-1.3003734801194908,23.08,18.48,27.6,13.62,31.43,4.61,MODERATE,Rain-Shadow Plateau Topography,Manual demo override,MANUAL_OVERRIDE,,2026-09-09,,,,NOT_REQUESTED,30.1,21.6,69.2
MH_487_550296,Chinchagavhan,Chinchagavhan,Malegaon,Nashik,20.53053,74.72191,213.95,63.37,-15.0,449.4,31.5,411.6,487.2,3.2,258.3,4.0,22.0,14.0,52.0,3.0,1.0,4.0,25.0,29.5,21.0,-0.0,-1.2859486221194776,23.07,18.47,27.46,13.53,31.17,4.63,MODERATE,Rain-Shadow Plateau Topography,Manual demo override,MANUAL_OVERRIDE,,2026-09-09,,,,NOT_REQUESTED,30.2,21.7,69.2
MH_487_550290,Kalwadi,Kalwadi,Malegaon,Nashik,20.55027,74.74558,216.75,66.33,-15.0,446.5,31.3,409.0,484.1,3.2,259.3,4.0,22.0,14.0,52.0,3.0,1.0,4.0,25.0,29.5,21.0,-0.0,-1.3244048073387584,22.99,17.94,27.32,13.27,31.27,4.61,MODERATE,Rain-Shadow Plateau Topography,Manual demo override,MANUAL_OVERRIDE,,2026-09-09,,,,NOT_REQUESTED,30.2,21.7,69.2
MH_487_550284,Satarpada,Satarpada,Malegaon,Nashik,20.58437,74.72314,215.15,69.02,-15.0,449.2,31.4,411.5,486.9,3.2,258.4,4.0,22.0,14.0,52.0,3.0,1.0,4.0,25.0,29.5,21.0,-0.0,-1.2606419789977694,23.15,18.49,28.37,13.24,31.53,4.74,MODERATE,Rain-Shadow Plateau Topography,Manual demo override,MANUAL_OVERRIDE,,2026-09-09,,,,NOT_REQUESTED,30.2,21.7,69.3
MH_487_550368,Jamdari,Jamdari,Nandgaon,Nashik,20.40204,74.69761,209.53,49.23,-15.0,452.3,31.7,414.2,490.3,3.2,257.3,4.0,22.0,14.0,52.0,3.0,1.0,4.0,25.0,29.5,21.0,-0.0,-1.4159705727505019,22.95,18.27,27.39,13.18,31.26,4.67,MODERATE,Rain-Shadow Plateau Topography,Manual demo override,MANUAL_OVERRIDE,,2026-09-09,,,,NOT_REQUESTED,30.1,21.6,69.2
MH_487_550369,Talwade,Talwade,Nandgaon,Nashik,20.39532,74.74817,214.7,51.02,-15.0,446.2,31.2,408.8,483.7,3.2,259.4,4.0,22.0,14.0,52.0,3.0,1.0,4.0,25.0,29.5,21.0,-0.0,-1.4717797598272901,22.91,18.01,27.82,13.34,31.61,4.62,MODERATE,Rain-Shadow Plateau Topography,Manual demo override,MANUAL_OVERRIDE,,2026-09-09,,,,NOT_REQUESTED,30.2,21.7,69.2
MH_487_550363,Malgaon,Malgaon,Nandgaon,Nashik,20.46188,74.72243,212.87,56.36,-15.0,449.3,31.5,411.5,487.1,3.2,258.3,4.0,22.0,14.0,52.0,3.0,1.0,4.0,25.0,29.5,21.0,-0.0,-1.360847335313353,22.96,18.38,27.93,13.38,31.05,4.6,MODERATE,Rain-Shadow Plateau Topography,Manual demo override,MANUAL_OVERRIDE,,2026-09-09,,,,NOT_REQUESTED,30.2,21.7,69.2
MH_487_550362,Kalamdari,Kalamdari,Nandgaon,Nashik,20.44501,74.69419,209.72,53.47,-15.0,452.7,31.7,414.7,490.7,3.2,257.2,4.0,22.0,14.0,52.0,3.0,1.0,4.0,25.0,29.5,21.0,-0.0,-1.3335876967012736,23.01,18.26,27.64,13.46,31.3,4.61,MODERATE,Rain-Shadow Plateau Topography,Manual demo override,MANUAL_OVERRIDE,,2026-09-09,,,,NOT_REQUESTED,30.1,21.6,69.2
MH_487_550272,Nimgule,Nimgule,Malegaon,Nashik,20.44396,74.62388,202.43,51.03,-15.0,461.1,32.3,422.4,499.9,3.2,254.2,4.0,22.0,14.0,52.0,3.0,1.0,4.0,25.0,29.5,21.0,-2.63,-1.1515825014944305,20.62,16.02,25.53,10.78,29.05,4.69,MODERATE,Rain-Shadow Plateau Topography,Manual demo override,MANUAL_OVERRIDE,,2026-09-09,,,,NOT_REQUESTED,30.4,21.9,68.2
MH_487_550134,Chaugaon,Chaugaon,Baglan,Nashik,20.62146,74.23369,166.56,61.57,-9.8,508.0,35.6,465.2,550.7,3.2,237.8,12.0,14.0,10.0,58.0,4.0,2.0,0.0,25.0,29.5,21.0,-2.63,-0.25576522598239615,21.42,17.07,26.01,11.82,29.78,4.57,MODERATE,Rain-Shadow Plateau Topography,Manual demo override,MANUAL_OVERRIDE,,2026-09-09,,,,NOT_REQUESTED,30.1,21.6,68.6
MH_487_549787,Supale Digar,Supale Digar,Kalwan,Nashik,20.63807,73.909,135.08,65.5,-2.5,546.9,38.3,501.0,592.9,3.2,224.2,12.0,14.0,10.0,58.0,4.0,2.0,0.0,25.0,29.5,21.0,0.42,-0.1443963078267809,24.65,19.94,29.9,14.78,32.68,4.64,MODERATE,Rain-Shadow Plateau Topography,Manual demo override,MANUAL_OVERRIDE,,2026-09-09,,,,NOT_REQUESTED,29.5,21.0,69.9
MH_487_549784,Punad Nagar,Punad Nagar,Kalwan,Nashik,20.67497,73.90651,136.36,69.47,-2.4,547.2,38.3,501.3,593.2,3.2,224.1,12.0,14.0,10.0,58.0,4.0,2.0,0.0,25.0,29.5,21.0,0.17,-0.2079864675602003,24.29,20.04,28.92,14.81,32.19,4.59,MODERATE,Rain-Shadow Plateau Topography,Manual demo override,MANUAL_OVERRIDE,,2026-09-09,,,,NOT_REQUESTED,29.5,21.0,69.7
MH_487_549786,Umbardhe,Umbardhe,Kalwan,Nashik,20.62876,73.85846,129.8,66.42,-1.3,553.0,38.7,506.5,599.4,3.2,222.1,12.0,14.0,10.0,58.0,4.0,2.0,0.0,25.0,29.5,21.0,0.42,-0.13816800342729196,24.65,20.04,29.74,15.29,33.02,4.68,MODERATE,Rain-Shadow Plateau Topography,Manual demo override,MANUAL_OVERRIDE,,2026-09-09,,,,NOT_REQUESTED,29.5,21.0,69.9
MH_487_549830,Sidharthanagar,Sidharthanagar,Kalwan,Nashik,20.61981,73.94297,137.69,62.5,-3.2,542.8,38.0,497.2,588.4,3.2,225.6,12.0,14.0,10.0,58.0,4.0,2.0,0.0,25.0,29.5,21.0,1.74,-0.11210947878640054,25.88,21.37,30.61,15.91,33.99,4.61,MODERATE,Rain-Shadow Plateau Topography,Manual demo override,MANUAL_OVERRIDE,,2026-09-09,,,,NOT_REQUESTED,29.5,21.0,70.4
MH_487_549785,Kharde Digar,Kharde Digar,Kalwan,Nashik,20.66416,73.86015,131.44,69.98,-1.4,552.8,38.7,506.3,599.2,3.2,222.1,12.0,14.0,10.0,58.0,4.0,2.0,0.0,25.0,29.5,21.0,0.42,-0.19548390236474783,24.63,19.9,28.76,14.83,32.67,4.6,MODERATE,Rain-Shadow Plateau Topography,Manual demo override,MANUAL_OVERRIDE,,2026-09-09,,,,NOT_REQUESTED,29.5,21.0,69.9
MH_487_549829,Malagaon Bk,Malagaon Bk,Kalwan,Nashik,20.64369,73.93783,138.1,65.2,-3.1,543.5,38.0,497.9,589.1,3.2,225.4,12.0,14.0,10.0,58.0,4.0,2.0,0.0,25.0,29.5,21.0,0.17,-0.15237800956997494,24.28,19.7,28.96,14.57,33.06,4.65,MODERATE,Rain-Shadow Plateau Topography,Manual demo override,MANUAL_OVERRIDE,,2026-09-09,,,,NOT_REQUESTED,29.5,21.0,69.7
MH_487_550125,Nikwel,Nikwel,Baglan,Nashik,20.62843,74.09016,152.5,61.02,-6.5,525.2,36.8,481.0,569.3,3.2,231.8,12.0,14.0,10.0,58.0,4.0,2.0,0.0,25.0,29.5,21.0,-2.61,-0.15979622517908584,21.62,16.73,26.16,11.86,30.33,4.6,MODERATE,Rain-Shadow Plateau Topography,Manual demo override,MANUAL_OVERRIDE,,2026-09-09,,,,NOT_REQUESTED,29.7,21.2,68.6
MH_487_549831,Bhutane,Bhutane,Kalwan,Nashik,20.61594,73.91656,134.96,62.91,-2.6,546.0,38.2,500.2,591.9,3.2,224.5,12.0,14.0,10.0,58.0,4.0,2.0,0.0,25.0,29.5,21.0,2.67,-0.10716892394014305,26.78,22.27,31.56,16.94,35.02,4.69,MODERATE,Rain-Shadow Plateau Topography,Manual demo override,MANUAL_OVERRIDE,,2026-09-09,,,,NOT_REQUESTED,29.5,21.0,70.7
MH_487_549789,Pratap Nagar,Pratap Nagar,Kalwan,Nashik,20.61462,73.88243,131.57,64.01,-1.9,550.1,38.5,503.9,596.3,3.2,223.1,12.0,14.0,10.0,58.0,4.0,2.0,0.0,25.0,29.5,21.0,2.67,-0.11039478255195338,26.94,22.09,31.81,16.92,34.79,4.58,MODERATE,Rain-Shadow Plateau Topography,Manual demo override,MANUAL_OVERRIDE,,2026-09-09,,,,NOT_REQUESTED,29.5,21.0,70.8
MH_487_549788,Kathare Digar,Kathare Digar,Kalwan,Nashik,20.61983,73.90471,133.95,63.73,-2.4,547.4,38.3,501.5,593.4,3.2,224.0,12.0,14.0,10.0,58.0,4.0,2.0,0.0,25.0,29.5,21.0,2.67,-0.11487112322176861,26.88,21.81,31.71,17.55,34.96,4.61,MODERATE,Rain-Shadow Plateau Topography,Manual demo override,MANUAL_OVERRIDE,,2026-09-09,,,,NOT_REQUESTED,29.5,21.0,70.8
MH_487_550021,Manur,Manur,Baglan,Nashik,20.70062,73.88683,135.6,72.82,-2.0,549.6,38.5,503.4,595.8,3.2,223.2,12.0,14.0,10.0,58.0,4.0,2.0,0.0,25.0,29.5,21.0,0.42,-0.2554069703379208,24.55,20.05,29.3,14.8,33.12,4.65,MODERATE,Rain-Shadow Plateau Topography,Manual demo override,MANUAL_OVERRIDE,,2026-09-09,,,,NOT_REQUESTED,29.5,21.0,69.8
MH_487_550098,Vathode,Vathode,Baglan,Nashik,20.6731,73.94056,139.56,68.27,-3.2,543.1,38.0,497.5,588.7,3.2,225.5,12.0,14.0,10.0,58.0,4.0,2.0,0.0,25.0,29.5,21.0,0.17,-0.2038177254835328,24.37,19.78,29.37,14.27,32.95,4.73,MODERATE,Rain-Shadow Plateau Topography,Manual demo override,MANUAL_OVERRIDE,,2026-09-09,,,,NOT_REQUESTED,29.5,21.0,69.7
MH_487_550020,Salher,Salher,Baglan,Nashik,20.7034,73.94124,140.91,71.52,-3.2,543.1,38.0,497.5,588.7,3.2,225.5,12.0,14.0,10.0,58.0,4.0,2.0,0.0,25.0,29.5,21.0,-0.4,-0.25895905990293466,23.75,19.39,28.95,13.75,31.86,4.72,MODERATE,Rain-Shadow Plateau Topography,Manual demo override,MANUAL_OVERRIDE,,2026-09-09,,,,NOT_REQUESTED,29.5,21.0,69.5
MH_487_550099,Gandhinagar,Gandhinagar,Baglan,Nashik,20.67481,73.92455,138.08,68.91,-2.8,545.1,38.2,499.2,590.9,3.2,224.8,12.0,14.0,10.0,58.0,4.0,2.0,0.0,25.0,29.5,21.0,0.17,-0.2068786199903835,24.29,19.06,28.84,14.95,33.05,4.66,MODERATE,Rain-Shadow Plateau Topography,Manual demo override,MANUAL_OVERRIDE,,2026-09-09,,,,NOT_REQUESTED,29.5,21.0,69.7
MH_487_550100,Kerovanagar,Kerovanagar,Baglan,Nashik,20.66044,73.93722,138.71,67.01,-3.1,543.5,38.0,497.9,589.1,3.2,225.4,12.0,14.0,10.0,58.0,4.0,2.0,0.0,25.0,29.5,21.0,0.17,-0.18139250038408603,24.28,20.11,29.08,14.24,32.74,4.62,MODERATE,Rain-Shadow Plateau Topography,Manual demo override,MANUAL_OVERRIDE,,2026-09-09,,,,NOT_REQUESTED,29.5,21.0,69.7
MH_487_550115,Kikwari Kh,Kikwari Kh,Baglan,Nashik,20.67478,74.06836,152.04,66.28,-6.0,527.8,36.9,483.5,572.1,3.2,230.9,12.0,14.0,10.0,58.0,4.0,2.0,0.0,25.0,29.5,21.0,-2.61,-0.23194677434676023,21.54,16.81,26.08,11.77,29.95,4.65,MODERATE,Rain-Shadow Plateau Topography,Manual demo override,MANUAL_OVERRIDE,,2026-09-09,,,,NOT_REQUESTED,29.6,21.1,68.6
MH_487_549836,Malagaon Kh,Malagaon Kh,Kalwan,Nashik,20.62319,73.97526,140.98,62.01,-3.9,539.0,37.7,493.7,584.2,3.2,227.0,12.0,14.0,10.0,58.0,4.0,2.0,0.0,25.0,29.5,21.0,0.94,-0.1193588570376719,25.16,20.54,30.42,15.13,33.51,4.7,MODERATE,Rain-Shadow Plateau Topography,Manual demo override,MANUAL_OVERRIDE,,2026-09-09,,,,NOT_REQUESTED,29.5,21.0,70.1
MH_487_550124,Dahindule,Dahindule,Baglan,Nashik,20.61991,74.06652,149.87,60.21,-6.0,528.0,37.0,483.6,572.4,3.2,230.8,12.0,14.0,10.0,58.0,4.0,2.0,0.0,25.0,29.5,21.0,-2.61,-0.1365718822255222,21.59,16.79,26.67,12.01,30.08,4.65,MODERATE,Rain-Shadow Plateau Topography,Manual demo override,MANUAL_OVERRIDE,,2026-09-09,,,,NOT_REQUESTED,29.7,21.2,68.6
MH_487_550123,Dangsaundane,Dangsaundane,Baglan,Nashik,20.63421,74.04473,148.22,62.0,-5.5,530.6,37.1,486.1,575.2,3.2,229.9,12.0,14.0,10.0,58.0,4.0,2.0,0.0,25.0,29.5,21.0,0.95,-0.1527112825630122,25.06,20.6,29.68,15.63,33.12,4.56,MODERATE,Rain-Shadow Plateau Topography,Manual demo override,MANUAL_OVERRIDE,,2026-09-09,,,,NOT_REQUESTED,29.6,21.1,70.0
MH_487_550122,Bundhate,Bundhate,Baglan,Nashik,20.61865,74.02942,146.16,60.48,-5.2,532.5,37.3,487.7,577.2,3.2,229.2,12.0,14.0,10.0,58.0,4.0,2.0,0.0,25.0,29.5,21.0,0.95,-0.12236134842718678,25.16,20.4,29.75,15.07,33.41,4.62,MODERATE,Rain-Shadow Plateau Topography,Manual demo override,MANUAL_OVERRIDE,,2026-09-09,,,,NOT_REQUESTED,29.6,21.1,70.1
MH_487_550119,Deopur,Deopur,Baglan,Nashik,20.64475,74.07242,151.32,62.92,-6.1,527.3,36.9,483.0,571.6,3.2,231.0,12.0,14.0,10.0,58.0,4.0,2.0,0.0,25.0,29.5,21.0,-2.61,-0.18014009627911964,21.48,16.8,26.08,11.45,29.85,4.72,MODERATE,Rain-Shadow Plateau Topography,Manual demo override,MANUAL_OVERRIDE,,2026-09-09,,,,NOT_REQUESTED,29.7,21.2,68.6
MH_487_550120,Kapaleshwar,Kapaleshwar,Baglan,Nashik,20.65279,74.06937,151.31,63.83,-6.1,527.7,36.9,483.4,572.0,3.2,230.9,12.0,14.0,10.0,58.0,4.0,2.0,0.0,25.0,29.5,21.0,-2.61,-0.1929495208883219,21.66,17.37,26.81,11.94,29.9,4.59,MODERATE,Rain-Shadow Plateau Topography,Manual demo override,MANUAL_OVERRIDE,,2026-09-09,,,,NOT_REQUESTED,29.7,21.2,68.7
MH_487_550112,Sakode,Sakode,Baglan,Nashik,20.64637,74.01709,145.95,63.72,-4.9,533.9,37.4,489.1,578.8,3.2,228.7,12.0,14.0,10.0,58.0,4.0,2.0,0.0,25.0,29.5,21.0,0.95,-0.1660339647543962,25.01,20.25,29.79,15.15,33.84,4.7,MODERATE,Rain-Shadow Plateau Topography,Manual demo override,MANUAL_OVERRIDE,,2026-09-09,,,,NOT_REQUESTED,29.6,21.1,70.0
MH_487_550114,Bhildar,Bhildar,Baglan,Nashik,20.66088,74.043,149.03,64.97,-5.5,530.8,37.2,486.2,575.5,3.2,229.8,12.0,14.0,10.0,58.0,4.0,2.0,0.0,25.0,29.5,21.0,-0.4,-0.19840618919255656,23.69,19.11,28.31,14.14,32.37,4.61,MODERATE,Rain-Shadow Plateau Topography,Manual demo override,MANUAL_OVERRIDE,,2026-09-09,,,,NOT_REQUESTED,29.6,21.1,69.5
MH_487_550113,Morkure,Morkure,Baglan,Nashik,20.67212,74.03999,149.17,66.24,-5.4,531.2,37.2,486.6,575.8,3.2,229.7,12.0,14.0,10.0,58.0,4.0,2.0,0.0,25.0,29.5,21.0,-0.4,-0.21770474881551485,23.75,19.42,28.28,14.28,32.05,4.61,MODERATE,Rain-Shadow Plateau Topography,Manual demo override,MANUAL_OVERRIDE,,2026-09-09,,,,NOT_REQUESTED,29.6,21.1,69.5
MH_487_550121,Karanjkhed,Karanjkhed,Baglan,Nashik,20.62597,74.00461,143.97,61.69,-4.6,535.4,37.5,490.4,580.4,3.2,228.2,12.0,14.0,10.0,58.0,4.0,2.0,0.0,25.0,29.5,21.0,0.95,-0.12854099524769833,25.18,20.45,30.02,15.58,33.95,4.71,MODERATE,Rain-Shadow Plateau Topography,Manual demo override,MANUAL_OVERRIDE,,2026-09-09,,,,NOT_REQUESTED,29.6,21.1,70.1
MH_487_550111,Bhavnagar,Bhavnagar,Baglan,Nashik,20.64357,74.00066,144.23,63.69,-4.5,535.9,37.5,490.9,580.9,3.2,228.0,12.0,14.0,10.0,58.0,4.0,2.0,0.0,25.0,29.5,21.0,0.95,-0.15776531241847797,25.14,20.03,29.92,15.2,34.1,4.79,MODERATE,Rain-Shadow Plateau Topography,Manual demo override,MANUAL_OVERRIDE,,2026-09-09,,,,NOT_REQUESTED,29.6,21.1,70.1
MH_487_550110,Tatani,Tatani,Baglan,Nashik,20.6488,73.97642,142.06,64.76,-4.0,538.8,37.7,493.6,584.1,3.2,227.0,12.0,14.0,10.0,58.0,4.0,2.0,0.0,25.0,29.5,21.0,-0.4,-0.16325039915639836,23.8,19.13,28.86,14.39,31.95,4.55,MODERATE,Rain-Shadow Plateau Topography,Manual demo override,MANUAL_OVERRIDE,,2026-09-09,,,,NOT_REQUESTED,29.5,21.0,69.5
MH_487_550109,Kelzar,Kelzar,Baglan,Nashik,20.66109,73.97112,142.03,66.22,-3.9,539.5,37.8,494.1,584.8,3.2,226.8,12.0,14.0,10.0,58.0,4.0,2.0,0.0,25.0,29.5,21.0,-0.4,-0.18427744125516562,23.87,18.93,28.95,14.23,32.1,4.69,MODERATE,Rain-Shadow Plateau Topography,Manual demo override,MANUAL_OVERRIDE,,2026-09-09,,,,NOT_REQUESTED,29.5,21.0,69.5
MH_487_550108,Sarpargaon,Sarpargaon,Baglan,Nashik,20.66523,74.0135,146.31,65.85,-4.8,534.4,37.4,489.5,579.3,3.2,228.6,12.0,14.0,10.0,58.0,4.0,2.0,0.0,25.0,29.5,21.0,-0.4,-0.1984814777803981,23.79,19.17,28.1,14.58,31.9,4.52,MODERATE,Rain-Shadow Plateau Topography,Manual demo override,MANUAL_OVERRIDE,,2026-09-09,,,,NOT_REQUESTED,29.6,21.1,69.5
MH_487_550101,Salwan,Salwan,Baglan,Nashik,20.68975,73.96905,143.0,69.37,-3.8,539.7,37.8,494.4,585.1,3.2,226.7,12.0,14.0,10.0,58.0,4.0,2.0,0.0,25.0,29.5,21.0,-0.4,-0.2358016163658511,23.68,19.28,28.3,13.59,31.92,4.64,MODERATE,Rain-Shadow Plateau Topography,Manual demo override,MANUAL_OVERRIDE,,2026-09-09,,,,NOT_REQUESTED,29.5,21.0,69.5
MH_487_550107,Pathave Digar,Pathave Digar,Baglan,Nashik,20.67938,74.01076,146.61,67.45,-4.7,534.7,37.4,489.8,579.6,3.2,228.5,12.0,14.0,10.0,58.0,4.0,2.0,0.0,25.0,29.5,21.0,-0.4,-0.22348900591343346,23.71,18.91,27.96,14.28,31.81,4.54,MODERATE,Rain-Shadow Plateau Topography,Manual demo override,MANUAL_OVERRIDE,,2026-09-09,,,,NOT_REQUESTED,29.5,21.0,69.5
MH_487_550001,Mulher,Mulher,Baglan,Nashik,20.76918,74.06579,155.71,60.65,-6.0,528.1,37.0,483.7,572.5,3.2,230.8,12.0,14.0,10.0,58.0,4.0,2.0,0.0,25.0,29.5,21.0,-2.61,-0.4146949714567086,21.27,16.86,25.92,11.69,29.76,4.64,MODERATE,Rain-Shadow Plateau Topography,Manual demo override,MANUAL_OVERRIDE,,2026-09-09,,,,NOT_REQUESTED,29.7,21.2,68.5
MH_487_550103,Pisore,Pisore,Baglan,Nashik,20.70267,73.98713,145.28,70.0,-4.2,537.5,37.6,492.4,582.7,3.2,227.5,12.0,14.0,10.0,58.0,4.0,2.0,0.0,25.0,29.5,21.0,-0.4,-0.2622094997225046,23.76,19.24,28.55,14.32,32.25,4.55,MODERATE,Rain-Shadow Plateau Topography,Manual demo override,MANUAL_OVERRIDE,,2026-09-09,,,,NOT_REQUESTED,29.5,21.0,69.5
MH_487_550105,Malgaon Kh,Malgaon Kh,Baglan,Nashik,20.70242,74.0109,147.56,69.29,-4.7,534.7,37.4,489.8,579.6,3.2,228.5,12.0,14.0,10.0,58.0,4.0,2.0,0.0,25.0,29.5,21.0,-0.4,-0.26630267197492374,23.61,19.15,28.3,14.0,32.35,4.66,MODERATE,Rain-Shadow Plateau Topography,Manual demo override,MANUAL_OVERRIDE,,2026-09-09,,,,NOT_REQUESTED,29.6,21.1,69.4
MH_487_550106,Talwade Digar,Talwade Digar,Baglan,Nashik,20.69348,74.04879,150.86,68.51,-5.6,530.1,37.1,485.6,574.7,3.2,230.0,12.0,14.0,10.0,58.0,4.0,2.0,0.0,25.0,29.5,21.0,-0.4,-0.25982517429211427,23.68,18.76,29.0,14.06,32.14,4.67,MODERATE,Rain-Shadow Plateau Topography,Manual demo override,MANUAL_OVERRIDE,,2026-09-09,,,,NOT_REQUESTED,29.6,21.1,69.5
MH_487_550104,Bhawade,Bhawade,Baglan,Nashik,20.72262,74.01318,148.64,67.07,-4.8,534.4,37.4,489.5,579.3,3.2,228.6,12.0,14.0,10.0,58.0,4.0,2.0,0.0,25.0,29.5,21.0,-0.4,-0.3053614331167055,23.58,18.74,28.2,13.94,32.35,4.72,MODERATE,Rain-Shadow Plateau Topography,Manual demo override,MANUAL_OVERRIDE,,2026-09-09,,,,NOT_REQUESTED,29.6,21.1,69.4
MH_487_550085,Dasane,Dasane,Baglan,Nashik,20.71469,74.06907,153.69,66.49,-6.1,527.7,36.9,483.4,572.0,3.2,230.9,12.0,14.0,10.0,58.0,4.0,2.0,0.0,25.0,29.5,21.0,-2.61,-0.30748749877480724,21.5,16.24,26.49,11.78,29.69,4.64,MODERATE,Rain-Shadow Plateau Topography,Manual demo override,MANUAL_OVERRIDE,,2026-09-09,,,,NOT_REQUESTED,29.6,21.1,68.6
MH_487_550102,Kopmal,Kopmal,Baglan,Nashik,20.68918,73.96444,142.53,69.42,-3.7,540.3,37.8,494.9,585.6,3.2,226.5,12.0,14.0,10.0,58.0,4.0,2.0,0.0,25.0,29.5,21.0,-0.4,-0.23429262835606868,23.61,18.96,28.21,13.73,32.3,4.7,MODERATE,Rain-Shadow Plateau Topography,Manual demo override,MANUAL_OVERRIDE,,2026-09-09,,,,NOT_REQUESTED,29.5,21.0,69.4
MH_487_550018,Waghambe,Waghambe,Baglan,Nashik,20.73177,73.94829,142.85,68.37,-3.3,542.2,38.0,496.6,587.8,3.2,225.8,12.0,14.0,10.0,58.0,4.0,2.0,0.0,25.0,29.5,21.0,-0.4,-0.3128261071800024,23.59,19.09,28.33,14.25,32.17,4.63,MODERATE,Rain-Shadow Plateau Topography,Manual demo override,MANUAL_OVERRIDE,,2026-09-09,,,,NOT_REQUESTED,29.5,21.0,69.4
MH_487_550016,Babhulane,Babhulane,Baglan,Nashik,20.76434,73.96009,145.49,64.56,-3.6,540.8,37.9,495.3,586.3,3.2,226.3,12.0,14.0,10.0,58.0,4.0,2.0,0.0,25.0,29.5,21.0,-0.4,-0.3774001676791596,23.59,18.87,28.23,13.82,32.17,4.68,MODERATE,Rain-Shadow Plateau Topography,Manual demo override,MANUAL_OVERRIDE,,2026-09-09,,,,NOT_REQUESTED,29.5,21.0,69.4
MH_487_550019,Bhimkhet,Bhimkhet,Baglan,Nashik,20.73994,73.983,146.52,66.22,-4.1,538.0,37.7,492.8,583.3,3.2,227.3,12.0,14.0,10.0,58.0,4.0,2.0,0.0,25.0,29.5,21.0,-0.4,-0.33283310438913033,23.57,19.12,28.3,14.05,32.18,4.65,MODERATE,Rain-Shadow Plateau Topography,Manual demo override,MANUAL_OVERRIDE,,2026-09-09,,,,NOT_REQUESTED,29.5,21.0,69.4
MH_487_550015,Kadyachamala,Kadyachamala,Baglan,Nashik,20.74137,74.00945,149.1,65.19,-4.7,534.9,37.4,490.0,579.7,3.2,228.4,12.0,14.0,10.0,58.0,4.0,2.0,0.0,25.0,29.5,21.0,-0.4,-0.34098712246699764,23.54,18.62,27.97,14.21,32.06,4.66,MODERATE,Rain-Shadow Plateau Topography,Manual demo override,MANUAL_OVERRIDE,,2026-09-09,,,,NOT_REQUESTED,29.5,21.0,69.4
MH_487_550010,Gautamnagar,Gautamnagar,Baglan,Nashik,20.7893,73.95808,146.51,62.09,-3.6,541.0,37.9,495.6,586.5,3.2,226.2,12.0,14.0,10.0,58.0,4.0,2.0,0.0,25.0,29.5,21.0,0.94,-0.42693483812445576,24.86,19.97,29.2,15.25,33.25,4.64,MODERATE,Rain-Shadow Plateau Topography,Manual demo override,MANUAL_OVERRIDE,,2026-09-09,,,,NOT_REQUESTED,29.5,21.0,69.9
MH_487_550017,Parshuramnagar,Parshuramnagar,Baglan,Nashik,20.75372,73.95878,144.86,65.7,-3.6,540.9,37.9,495.5,586.4,3.2,226.3,12.0,14.0,10.0,58.0,4.0,2.0,0.0,25.0,29.5,21.0,-0.4,-0.356342925747461,23.64,19.16,28.33,14.09,31.79,4.61,MODERATE,Rain-Shadow Plateau Topography,Manual demo override,MANUAL_OVERRIDE,,2026-09-09,,,,NOT_REQUESTED,29.5,21.0,69.5
MH_487_550078,Narkol,Narkol,Baglan,Nashik,20.73734,74.0426,152.09,64.66,-5.5,530.9,37.2,486.2,575.5,3.2,229.8,12.0,14.0,10.0,58.0,4.0,2.0,0.0,25.0,29.5,21.0,-0.4,-0.3423565704823638,23.51,19.2,28.04,14.28,31.62,4.51,MODERATE,Rain-Shadow Plateau Topography,Manual demo override,MANUAL_OVERRIDE,,2026-09-09,,,,NOT_REQUESTED,29.6,21.1,69.4
MH_487_550011,Aliyabad,Aliyabad,Baglan,Nashik,20.77291,73.99876,149.53,62.22,-4.5,536.1,37.5,491.1,581.1,3.2,227.9,12.0,14.0,10.0,58.0,4.0,2.0,0.0,25.0,29.5,21.0,0.95,-0.40122491761423246,24.83,20.18,29.88,15.24,33.31,4.64,MODERATE,Rain-Shadow Plateau Topography,Manual demo override,MANUAL_OVERRIDE,,2026-09-09,,,,NOT_REQUESTED,29.6,21.1,69.9
MH_487_550013,Ajande,Ajande,Baglan,Nashik,20.77063,74.01845,151.28,61.81,-4.9,533.8,37.4,488.9,578.7,3.2,228.8,12.0,14.0,10.0,58.0,4.0,2.0,0.0,25.0,29.5,21.0,0.95,-0.401564057863891,24.88,20.12,29.5,15.44,33.25,4.6,MODERATE,Rain-Shadow Plateau Topography,Manual demo override,MANUAL_OVERRIDE,,2026-09-09,,,,NOT_REQUESTED,29.6,21.1,70.0
MH_487_550003,Dagadpada,Dagadpada,Baglan,Nashik,20.7627,74.0415,153.11,61.97,-5.4,531.0,37.2,486.4,575.7,3.2,229.7,12.0,14.0,10.0,58.0,4.0,2.0,0.0,25.0,29.5,21.0,0.95,-0.39259094963839297,24.96,20.47,29.31,15.13,33.08,4.62,MODERATE,Rain-Shadow Plateau Topography,Manual demo override,MANUAL_OVERRIDE,,2026-09-09,,,,NOT_REQUESTED,29.6,21.1,70.0
MH_487_549986,Golwad,Golwad,Baglan,Nashik,20.82167,73.97427,149.63,58.12,-3.9,539.1,37.7,493.8,584.3,3.2,226.9,12.0,14.0,10.0,58.0,4.0,2.0,0.0,25.0,29.5,21.0,0.94,-0.495435717904493,24.69,19.98,29.54,14.67,33.06,4.71,MODERATE,Rain-Shadow Plateau Topography,Manual demo override,MANUAL_OVERRIDE,,2026-09-09,,,,NOT_REQUESTED,29.5,21.0,69.9
MH_487_550014,Bordaiwat,Bordaiwat,Baglan,Nashik,20.75013,74.01444,149.97,64.1,-4.8,534.3,37.4,489.4,579.1,3.2,228.6,12.0,14.0,10.0,58.0,4.0,2.0,0.0,25.0,29.5,21.0,0.95,-0.35950080875625484,24.9,20.16,29.53,14.86,33.79,4.77,MODERATE,Rain-Shadow Plateau Topography,Manual demo override,MANUAL_OVERRIDE,,2026-09-09,,,,NOT_REQUESTED,29.6,21.1,70.0
MH_487_550002,Jamoti,Jamoti,Baglan,Nashik,20.77795,74.04691,154.31,60.18,-5.6,530.4,37.1,485.9,574.9,3.2,230.0,12.0,14.0,10.0,58.0,4.0,2.0,0.0,25.0,29.5,21.0,0.95,-0.42539645999122716,24.8,20.21,29.5,15.04,32.86,4.7,MODERATE,Rain-Shadow Plateau Topography,Manual demo override,MANUAL_OVERRIDE,,2026-09-09,,,,NOT_REQUESTED,29.6,21.1,69.9
MH_487_550077,Jakhod,Jakhod,Baglan,Nashik,20.74172,74.05984,153.93,63.76,-5.8,528.8,37.0,484.4,573.2,3.2,230.5,12.0,14.0,10.0,58.0,4.0,2.0,0.0,25.0,29.5,21.0,-2.61,-0.3570652463951833,21.33,16.63,25.98,11.25,29.73,4.62,MODERATE,Rain-Shadow Plateau Topography,Manual demo override,MANUAL_OVERRIDE,,2026-09-09,,,,NOT_REQUESTED,29.6,21.1,68.5
MH_487_549989,Mohalangi,Mohalangi,Baglan,Nashik,20.82112,74.01676,153.54,56.54,-4.9,534.0,37.4,489.1,578.9,3.2,228.7,12.0,14.0,10.0,58.0,4.0,2.0,0.0,25.0,29.5,21.0,0.95,-0.5045675458299979,24.76,19.99,29.83,15.49,32.93,4.55,MODERATE,Rain-Shadow Plateau Topography,Manual demo override,MANUAL_OVERRIDE,,2026-09-09,,,,NOT_REQUESTED,29.6,21.1,69.9
MH_487_549990,Borhate,Borhate,Baglan,Nashik,20.83208,74.03186,155.49,54.88,-5.2,532.2,37.3,487.4,576.9,3.2,229.3,12.0,14.0,10.0,58.0,4.0,2.0,0.0,25.0,29.5,21.0,0.95,-0.5322266919470704,24.72,20.21,29.68,15.11,33.06,4.57,MODERATE,Rain-Shadow Plateau Topography,Manual demo override,MANUAL_OVERRIDE,,2026-09-09,,,,NOT_REQUESTED,29.6,21.1,69.9
MH_487_550008,Hatnoor,Hatnoor,Baglan,Nashik,20.80024,74.01729,152.57,58.72,-4.9,533.9,37.4,489.0,578.8,3.2,228.7,12.0,14.0,10.0,58.0,4.0,2.0,0.0,25.0,29.5,21.0,0.95,-0.4615569640496813,24.75,19.75,29.23,15.13,33.1,4.68,MODERATE,Rain-Shadow Plateau Topography,Manual demo override,MANUAL_OVERRIDE,,2026-09-09,,,,NOT_REQUESTED,29.6,21.1,69.9
MH_487_550012,Kharad,Kharad,Baglan,Nashik,20.7854,74.01667,151.81,60.3,-4.9,534.0,37.4,489.1,578.9,3.2,228.7,12.0,14.0,10.0,58.0,4.0,2.0,0.0,25.0,29.5,21.0,0.95,-0.4310117605225897,24.82,20.33,29.85,14.81,33.05,4.65,MODERATE,Rain-Shadow Plateau Topography,Manual demo override,MANUAL_OVERRIDE,,2026-09-09,,,,NOT_REQUESTED,29.6,21.1,69.9
MH_487_549994,Kondharabad,Kondharabad,Baglan,Nashik,20.78938,74.07281,157.29,58.29,-6.1,527.3,36.9,483.0,571.5,3.2,231.1,12.0,14.0,10.0,58.0,4.0,2.0,0.0,25.0,29.5,21.0,-2.61,-0.45910080650179463,21.21,16.65,25.62,11.38,29.32,4.64,MODERATE,Rain-Shadow Plateau Topography,Manual demo override,MANUAL_OVERRIDE,,2026-09-09,,,,NOT_REQUESTED,29.7,21.2,68.5
MH_487_550006,Ambapur,Ambapur,Baglan,Nashik,20.79965,74.02984,153.72,58.37,-5.2,532.4,37.3,487.7,577.2,3.2,229.3,12.0,14.0,10.0,58.0,4.0,2.0,0.0,25.0,29.5,21.0,0.95,-0.4641478819594592,24.74,20.32,30.15,14.78,33.48,4.75,MODERATE,Rain-Shadow Plateau Topography,Manual demo override,MANUAL_OVERRIDE,,2026-09-09,,,,NOT_REQUESTED,29.6,21.1,69.9
MH_487_550007,Jaitapur,Jaitapur,Baglan,Nashik,20.8101,74.03398,154.61,57.13,-5.3,531.9,37.2,487.3,576.6,3.2,229.4,12.0,14.0,10.0,58.0,4.0,2.0,0.0,25.0,29.5,21.0,0.95,-0.4871119421017009,24.69,20.03,29.54,14.55,33.06,4.68,MODERATE,Rain-Shadow Plateau Topography,Manual demo override,MANUAL_OVERRIDE,,2026-09-09,,,,NOT_REQUESTED,29.6,21.1,69.9
MH_487_550004,Vade Digar,Vade Digar,Baglan,Nashik,20.78867,74.04658,154.78,59.04,-5.5,530.4,37.1,485.9,574.9,3.2,230.0,12.0,14.0,10.0,58.0,4.0,2.0,0.0,25.0,29.5,21.0,0.95,-0.4472347538037727,24.8,20.28,29.42,14.57,33.21,4.62,MODERATE,Rain-Shadow Plateau Topography,Manual demo override,MANUAL_OVERRIDE,,2026-09-09,,,,NOT_REQUESTED,29.6,21.1,69.9
MH_487_550005,Visapur,Visapur,Baglan,Nashik,20.78786,74.02914,153.09,59.64,-5.2,532.5,37.3,487.7,577.3,3.2,229.2,12.0,14.0,10.0,58.0,4.0,2.0,0.0,25.0,29.5,21.0,0.95,-0.4397147242449733,24.76,20.58,29.01,14.89,33.24,4.55,MODERATE,Rain-Shadow Plateau Topography,Manual demo override,MANUAL_OVERRIDE,,2026-09-09,,,,NOT_REQUESTED,29.6,21.1,69.9
MH_487_549987,Mahatma Phule Nagar,Mahatma Phule Nagar,Baglan,Nashik,20.80613,74.00191,151.42,58.64,-4.5,535.8,37.5,490.8,580.8,3.2,228.1,12.0,14.0,10.0,58.0,4.0,2.0,0.0,25.0,29.5,21.0,0.95,-0.469534902359725,24.85,20.13,29.08,15.13,32.99,4.56,MODERATE,Rain-Shadow Plateau Topography,Manual demo override,MANUAL_OVERRIDE,,2026-09-09,,,,NOT_REQUESTED,29.6,21.1,69.9
MH_487_549988,Bhimnagar,Bhimnagar,Baglan,Nashik,20.80235,74.00083,151.14,59.07,-4.5,535.9,37.5,490.9,580.9,3.2,228.0,12.0,14.0,10.0,58.0,4.0,2.0,0.0,25.0,29.5,21.0,0.95,-0.4615078139034835,24.77,20.1,29.64,15.0,32.81,4.61,MODERATE,Rain-Shadow Plateau Topography,Manual demo override,MANUAL_OVERRIDE,,2026-09-09,,,,NOT_REQUESTED,29.6,21.1,69.9
MH_487_549991,Mailwade,Mailwade,Baglan,Nashik,20.80953,74.05123,156.2,56.68,-5.7,529.9,37.1,485.3,574.4,3.2,230.2,12.0,14.0,10.0,58.0,4.0,2.0,0.0,25.0,29.5,21.0,0.94,-0.492107091109128,24.86,20.6,29.42,15.41,33.62,4.58,MODERATE,Rain-Shadow Plateau Topography,Manual demo override,MANUAL_OVERRIDE,,2026-09-09,,,,NOT_REQUESTED,29.6,21.1,69.9
MH_487_549993,Deothan Digar,Deothan Digar,Baglan,Nashik,20.79987,74.06331,156.88,57.39,-5.9,528.4,37.0,484.0,572.8,3.2,230.7,12.0,14.0,10.0,58.0,4.0,2.0,0.0,25.0,29.5,21.0,-2.61,-0.4768152707775093,21.14,16.67,26.12,11.46,29.41,4.7,MODERATE,Rain-Shadow Plateau Topography,Manual demo override,MANUAL_OVERRIDE,,2026-09-09,,,,NOT_REQUESTED,29.7,21.2,68.5
MH_487_550009,Jad,Jad,Baglan,Nashik,20.79035,73.99227,149.75,60.63,-4.3,536.9,37.6,491.8,582.0,3.2,227.7,12.0,14.0,10.0,58.0,4.0,2.0,0.0,25.0,29.5,21.0,0.94,-0.43503399086768135,24.81,20.2,29.11,14.97,33.48,4.66,MODERATE,Rain-Shadow Plateau Topography,Manual demo override,MANUAL_OVERRIDE,,2026-09-09,,,,NOT_REQUESTED,29.5,21.0,69.9
MH_487_550149,Deolane,Deolane,Baglan,Nashik,20.62715,74.29812,173.18,63.92,-11.2,500.2,35.0,458.2,542.2,3.2,240.5,12.0,14.0,10.0,58.0,4.0,2.0,0.0,25.0,29.5,21.0,-2.63,-0.3583692647531932,21.35,17.02,25.85,11.85,29.7,4.59,MODERATE,Rain-Shadow Plateau Topography,Manual demo override,MANUAL_OVERRIDE,,2026-09-09,,,,NOT_REQUESTED,30.1,21.6,68.5
MH_487_550126,Kandhane,Kandhane,Baglan,Nashik,20.62662,74.11189,154.59,60.78,-7.0,522.6,36.6,478.7,566.5,3.2,232.7,12.0,14.0,10.0,58.0,4.0,2.0,0.0,25.0,29.5,21.0,-2.61,-0.16653289978922334,21.57,16.8,26.35,11.95,30.19,4.66,MODERATE,Rain-Shadow Plateau Topography,Manual demo override,MANUAL_OVERRIDE,,2026-09-09,,,,NOT_REQUESTED,29.7,21.2,68.6
MH_487_550092,Chaundhane,Chaundhane,Baglan,Nashik,20.62299,74.13952,157.22,60.46,-7.6,519.3,36.3,475.7,562.8,3.2,233.9,12.0,14.0,10.0,58.0,4.0,2.0,0.0,25.0,29.5,21.0,-2.63,-0.17453846742804613,21.48,16.83,25.67,11.75,30.07,4.68,MODERATE,Rain-Shadow Plateau Topography,Manual demo override,MANUAL_OVERRIDE,,2026-09-09,,,,NOT_REQUESTED,30.0,21.5,68.6
MH_487_550072,Ratir,Ratir,Baglan,Nashik,20.6652,74.2972,174.28,67.93,-11.2,500.3,35.0,458.3,542.3,3.2,240.5,12.0,14.0,10.0,58.0,4.0,2.0,0.0,25.0,29.5,21.0,-2.63,-0.41165910256215615,21.38,16.59,26.22,11.67,29.88,4.74,MODERATE,Rain-Shadow Plateau Topography,Manual demo override,MANUAL_OVERRIDE,,2026-09-09,,,,NOT_REQUESTED,30.1,21.6,68.6
MH_487_550137,Munjwad,Munjwad,Baglan,Nashik,20.61068,74.1653,159.39,59.29,-8.2,516.2,36.1,472.8,559.5,3.2,234.9,12.0,14.0,10.0,58.0,4.0,2.0,0.0,25.0,29.5,21.0,-2.63,-0.16959958639026998,21.52,16.99,26.39,11.4,30.06,4.66,MODERATE,Rain-Shadow Plateau Topography,Manual demo override,MANUAL_OVERRIDE,,2026-09-09,,,,NOT_REQUESTED,30.0,21.5,68.6
MH_487_550096,Aundane,Aundane,Baglan,Nashik,20.61396,74.17963,160.92,59.82,-8.5,514.4,36.0,471.2,557.6,3.2,235.5,12.0,14.0,10.0,58.0,4.0,2.0,0.0,25.0,29.5,21.0,-2.63,-0.1840009322163788,21.52,16.79,26.78,11.92,29.81,4.65,MODERATE,Rain-Shadow Plateau Topography,Manual demo override,MANUAL_OVERRIDE,,2026-09-09,,,,NOT_REQUESTED,30.0,21.5,68.6
MH_487_550097,Bhakshi,Bhakshi,Baglan,Nashik,20.62057,74.20548,163.71,60.93,-9.1,511.3,35.8,468.4,554.3,3.2,236.6,12.0,14.0,10.0,58.0,4.0,2.0,0.0,25.0,29.5,21.0,-2.63,-0.2182283695841324,21.39,17.14,26.04,11.9,29.7,4.58,MODERATE,Rain-Shadow Plateau Topography,Manual demo override,MANUAL_OVERRIDE,,2026-09-09,,,,NOT_REQUESTED,30.1,21.6,68.6
MH_487_550094,Kautikpada,Kautikpada,Baglan,Nashik,20.64061,74.18491,162.31,62.82,-8.7,513.8,36.0,470.6,557.0,3.2,235.8,12.0,14.0,10.0,58.0,4.0,2.0,0.0,25.0,29.5,21.0,-2.63,-0.23467944358011034,21.44,16.91,26.24,11.43,29.78,4.7,MODERATE,Rain-Shadow Plateau Topography,Manual demo override,MANUAL_OVERRIDE,,2026-09-09,,,,NOT_REQUESTED,30.0,21.5,68.6
MH_487_550093,Tarsali,Tarsali,Baglan,Nashik,20.64107,74.16762,160.61,62.68,-8.3,515.9,36.1,472.6,559.2,3.2,235.0,12.0,14.0,10.0,58.0,4.0,2.0,0.0,25.0,29.5,21.0,-2.63,-0.22236381537241945,21.5,16.68,26.15,11.53,29.83,4.63,MODERATE,Rain-Shadow Plateau Topography,Manual demo override,MANUAL_OVERRIDE,,2026-09-09,,,,NOT_REQUESTED,30.0,21.5,68.6
MH_487_550095,Mulane,Mulane,Baglan,Nashik,20.6558,74.20267,164.58,64.75,-9.1,511.7,35.8,468.7,554.6,3.2,236.5,12.0,14.0,10.0,58.0,4.0,2.0,0.0,25.0,29.5,21.0,-2.63,-0.27873911513011546,21.4,16.78,26.46,12.2,29.98,4.61,MODERATE,Rain-Shadow Plateau Topography,Manual demo override,MANUAL_OVERRIDE,,2026-09-09,,,,NOT_REQUESTED,30.0,21.5,68.6
MH_487_550089,Vanoli,Vanoli,Baglan,Nashik,20.66126,74.16455,160.99,64.88,-8.2,516.3,36.1,472.9,559.6,3.2,234.9,12.0,14.0,10.0,58.0,4.0,2.0,0.0,25.0,29.5,21.0,-2.63,-0.2569842458238711,21.4,16.81,25.85,11.94,29.51,4.56,MODERATE,Rain-Shadow Plateau Topography,Manual demo override,MANUAL_OVERRIDE,,2026-09-09,,,,NOT_REQUESTED,30.0,21.5,68.6
MH_487_550088,Avhati,Avhati,Baglan,Nashik,20.69079,74.17113,162.7,67.81,-8.4,515.5,36.1,472.1,558.8,3.2,235.2,12.0,14.0,10.0,58.0,4.0,2.0,0.0,25.0,29.5,21.0,-2.63,-0.3178991338873573,21.44,16.93,26.18,11.66,30.14,4.69,MODERATE,Rain-Shadow Plateau Topography,Manual demo override,MANUAL_OVERRIDE,,2026-09-09,,,,NOT_REQUESTED,30.0,21.5,68.6
MH_487_550091,Vatar,Vatar,Baglan,Nashik,20.64516,74.12943,156.96,62.88,-7.4,520.5,36.4,476.8,564.1,3.2,233.4,12.0,14.0,10.0,58.0,4.0,2.0,0.0,25.0,29.5,21.0,-2.61,-0.20648405940210135,21.48,16.71,26.18,12.2,29.81,4.58,MODERATE,Rain-Shadow Plateau Topography,Manual demo override,MANUAL_OVERRIDE,,2026-09-09,,,,NOT_REQUESTED,29.7,21.2,68.6
MH_487_550090,Dongrej,Dongrej,Baglan,Nashik,20.66085,74.13155,157.72,64.63,-7.5,520.2,36.4,476.5,563.9,3.2,233.5,12.0,14.0,10.0,58.0,4.0,2.0,0.0,25.0,29.5,21.0,-2.61,-0.23556096518656053,21.47,16.91,25.81,11.79,29.97,4.58,MODERATE,Rain-Shadow Plateau Topography,Manual demo override,MANUAL_OVERRIDE,,2026-09-09,,,,NOT_REQUESTED,29.6,21.1,68.6
MH_487_550118,Joran,Joran,Baglan,Nashik,20.64539,74.08944,153.02,62.91,-6.5,525.3,36.8,481.1,569.4,3.2,231.8,12.0,14.0,10.0,58.0,4.0,2.0,0.0,25.0,29.5,21.0,-2.61,-0.18800731848099023,21.55,16.89,26.07,12.03,29.84,4.61,MODERATE,Rain-Shadow Plateau Topography,Manual demo override,MANUAL_OVERRIDE,,2026-09-09,,,,NOT_REQUESTED,29.7,21.2,68.6
MH_487_550117,Vinchure,Vinchure,Baglan,Nashik,20.65743,74.10682,155.17,64.21,-6.9,523.2,36.6,479.3,567.1,3.2,232.5,12.0,14.0,10.0,58.0,4.0,2.0,0.0,25.0,29.5,21.0,-2.61,-0.21678708772943614,21.6,16.91,26.45,12.07,29.76,4.57,MODERATE,Rain-Shadow Plateau Topography,Manual demo override,MANUAL_OVERRIDE,,2026-09-09,,,,NOT_REQUESTED,29.7,21.2,68.6
MH_487_550116,Kikwari Bk,Kikwari Bk,Baglan,Nashik,20.67061,74.08521,153.53,65.72,-6.4,525.8,36.8,481.6,569.9,3.2,231.6,12.0,14.0,10.0,58.0,4.0,2.0,0.0,25.0,29.5,21.0,-2.61,-0.23095246837404393,21.57,17.18,25.92,12.21,29.96,4.62,MODERATE,Rain-Shadow Plateau Topography,Manual demo override,MANUAL_OVERRIDE,,2026-09-09,,,,NOT_REQUESTED,29.6,21.1,68.6
MH_487_550086,Kersane,Kersane,Baglan,Nashik,20.69472,74.10364,156.25,68.04,-6.8,523.6,36.6,479.6,567.5,3.2,232.4,12.0,14.0,10.0,58.0,4.0,2.0,0.0,25.0,29.5,21.0,-2.61,-0.28416397892568057,21.36,16.64,26.04,11.67,30.15,4.67,MODERATE,Rain-Shadow Plateau Topography,Manual demo override,MANUAL_OVERRIDE,,2026-09-09,,,,NOT_REQUESTED,29.6,21.1,68.5
MH_487_550087,Virgaon,Virgaon,Baglan,Nashik,20.68707,74.13882,159.4,67.57,-7.6,519.3,36.4,475.7,563.0,3.2,233.8,12.0,14.0,10.0,58.0,4.0,2.0,0.0,25.0,29.5,21.0,-2.62,-0.2886979892782274,21.53,17.02,26.22,12.08,30.13,4.67,MODERATE,Rain-Shadow Plateau Topography,Manual demo override,MANUAL_OVERRIDE,,2026-09-09,,,,NOT_REQUESTED,30.0,21.5,68.6
MH_487_550084,Dholbare,Dholbare,Baglan,Nashik,20.70471,74.14213,160.39,66.47,-7.7,518.9,36.3,475.4,562.5,3.2,234.0,12.0,14.0,10.0,58.0,4.0,2.0,0.0,25.0,29.5,21.0,-2.63,-0.3248453294000031,21.33,16.85,25.92,11.3,29.49,4.64,MODERATE,Rain-Shadow Plateau Topography,Manual demo override,MANUAL_OVERRIDE,,2026-09-09,,,,NOT_REQUESTED,30.0,21.5,68.5
MH_487_550043,Ladud,Ladud,Baglan,Nashik,20.77131,74.1812,166.85,58.82,-8.6,514.3,36.0,471.1,557.5,3.2,235.6,12.0,14.0,10.0,58.0,4.0,2.0,0.0,25.0,29.5,21.0,-2.63,-0.4870240290446502,21.2,16.62,25.74,11.29,29.32,4.62,MODERATE,Rain-Shadow Plateau Topography,Manual demo override,MANUAL_OVERRIDE,,2026-09-09,,,,NOT_REQUESTED,30.0,21.5,68.5
MH_487_550079,Mungase,Mungase,Baglan,Nashik,20.73077,74.10335,157.66,64.09,-6.8,523.6,36.7,479.6,567.6,3.2,232.3,12.0,14.0,10.0,58.0,4.0,2.0,0.0,25.0,29.5,21.0,-2.61,-0.35432901127301164,21.32,16.48,25.96,11.87,29.53,4.59,MODERATE,Rain-Shadow Plateau Topography,Manual demo override,MANUAL_OVERRIDE,,2026-09-09,,,,NOT_REQUESTED,29.7,21.2,68.5
MH_487_550081,Pingalwade,Pingalwade,Baglan,Nashik,20.73047,74.12794,160.02,63.77,-7.4,520.6,36.4,477.0,564.3,3.2,233.4,12.0,14.0,10.0,58.0,4.0,2.0,0.0,25.0,29.5,21.0,-2.61,-0.36713633149157077,21.34,16.77,26.17,11.38,29.59,4.69,MODERATE,Rain-Shadow Plateau Topography,Manual demo override,MANUAL_OVERRIDE,,2026-09-09,,,,NOT_REQUESTED,29.7,21.2,68.5
MH_487_550082,Karanjad,Karanjad,Baglan,Nashik,20.73561,74.14651,162.03,63.0,-7.8,518.4,36.3,474.9,562.0,3.2,234.2,12.0,14.0,10.0,58.0,4.0,2.0,0.0,25.0,29.5,21.0,-2.63,-0.38903977656806527,21.35,16.72,26.18,11.72,29.72,4.65,MODERATE,Rain-Shadow Plateau Topography,Manual demo override,MANUAL_OVERRIDE,,2026-09-09,,,,NOT_REQUESTED,30.0,21.5,68.5
MH_487_550083,Bhuyane,Bhuyane,Baglan,Nashik,20.73392,74.15893,163.17,63.09,-8.1,516.9,36.2,473.5,560.4,3.2,234.7,12.0,14.0,10.0,58.0,4.0,2.0,0.0,25.0,29.5,21.0,-2.63,-0.3941348191431556,21.3,16.42,26.39,11.51,29.8,4.73,MODERATE,Rain-Shadow Plateau Topography,Manual demo override,MANUAL_OVERRIDE,,2026-09-09,,,,NOT_REQUESTED,30.0,21.5,68.5
MH_487_550047,Parner,Parner,Baglan,Nashik,20.72193,74.17889,164.64,64.32,-8.5,514.5,36.0,471.3,557.7,3.2,235.5,12.0,14.0,10.0,58.0,4.0,2.0,0.0,25.0,29.5,21.0,-2.63,-0.38512032285159487,21.39,16.86,26.22,11.66,29.9,4.57,MODERATE,Rain-Shadow Plateau Topography,Manual demo override,MANUAL_OVERRIDE,,2026-09-09,,,,NOT_REQUESTED,30.0,21.5,68.6
MH_487_550044,Nitane,Nitane,Baglan,Nashik,20.75193,74.18012,165.95,60.98,-8.6,514.4,36.0,471.2,557.6,3.2,235.6,12.0,14.0,10.0,58.0,4.0,2.0,0.0,25.0,29.5,21.0,-2.63,-0.4465013373295841,21.25,16.75,26.09,11.51,30.19,4.69,MODERATE,Rain-Shadow Plateau Topography,Manual demo override,MANUAL_OVERRIDE,,2026-09-09,,,,NOT_REQUESTED,30.0,21.5,68.5
MH_487_550045,Bijote,Bijote,Baglan,Nashik,20.72408,74.2036,167.13,64.04,-9.1,511.6,35.8,468.6,554.5,3.2,236.6,12.0,14.0,10.0,58.0,4.0,2.0,0.0,25.0,29.5,21.0,-2.63,-0.4104067467749935,21.35,17.31,26.07,11.37,29.54,4.62,MODERATE,Rain-Shadow Plateau Topography,Manual demo override,MANUAL_OVERRIDE,,2026-09-09,,,,NOT_REQUESTED,30.1,21.6,68.5
MH_487_550022,Bhilwad,Bhilwad,Baglan,Nashik,20.82952,74.07813,159.68,53.82,-6.3,526.6,36.9,482.3,570.9,3.2,231.3,12.0,14.0,10.0,58.0,4.0,2.0,0.0,25.0,29.5,21.0,-2.61,-0.5453574875616163,21.15,16.62,25.49,11.79,29.57,4.63,MODERATE,Rain-Shadow Plateau Topography,Manual demo override,MANUAL_OVERRIDE,,2026-09-09,,,,NOT_REQUESTED,29.7,21.2,68.5
MH_487_550023,Tungan Digar,Tungan Digar,Baglan,Nashik,20.82903,74.1119,162.83,53.16,-7.0,522.6,36.6,478.7,566.5,3.2,232.7,12.0,14.0,10.0,58.0,4.0,2.0,0.0,25.0,29.5,21.0,-2.61,-0.5615626028898786,21.2,16.56,26.0,11.24,29.2,4.56,MODERATE,Rain-Shadow Plateau Topography,Manual demo override,MANUAL_OVERRIDE,,2026-09-09,,,,NOT_REQUESTED,29.7,21.2,68.5
MH_487_550025,Daswel,Daswel,Baglan,Nashik,20.8152,74.12914,163.81,54.41,-7.4,520.5,36.4,476.8,564.2,3.2,233.4,12.0,14.0,10.0,58.0,4.0,2.0,0.0,25.0,29.5,21.0,-2.61,-0.5424176515280645,21.19,16.16,26.12,11.47,29.53,4.66,MODERATE,Rain-Shadow Plateau Topography,Manual demo override,MANUAL_OVERRIDE,,2026-09-09,,,,NOT_REQUESTED,29.7,21.2,68.5
MH_487_550026,Pimpalkothe,Pimpalkothe,Baglan,Nashik,20.82744,74.15236,166.57,52.78,-7.9,517.7,36.2,474.3,561.2,3.2,234.4,12.0,14.0,10.0,58.0,4.0,2.0,0.0,25.0,29.5,21.0,-2.63,-0.5832616216791664,21.15,16.37,25.96,11.25,29.45,4.71,MODERATE,Rain-Shadow Plateau Topography,Manual demo override,MANUAL_OVERRIDE,,2026-09-09,,,,NOT_REQUESTED,30.0,21.5,68.5
MH_487_550027,Daregaon,Daregaon,Baglan,Nashik,20.84458,74.1701,169.04,50.74,-8.3,515.6,36.1,472.3,558.9,3.2,235.1,12.0,14.0,10.0,58.0,4.0,2.0,0.0,25.0,29.5,21.0,-2.63,-0.6321785530310812,21.13,16.18,26.28,11.41,29.41,4.67,MODERATE,Rain-Shadow Plateau Topography,Manual demo override,MANUAL_OVERRIDE,,2026-09-09,,,,NOT_REQUESTED,30.0,21.5,68.5
MH_487_549995,Shevare,Shevare,Baglan,Nashik,20.80053,74.09456,159.86,56.61,-6.6,524.7,36.7,480.6,568.7,3.2,232.0,12.0,14.0,10.0,58.0,4.0,2.0,0.0,25.0,29.5,21.0,-2.61,-0.4924340850063913,21.2,16.47,25.91,11.75,29.69,4.69,MODERATE,Rain-Shadow Plateau Topography,Manual demo override,MANUAL_OVERRIDE,,2026-09-09,,,,NOT_REQUESTED,29.7,21.2,68.5
MH_487_550000,Morane Digar,Morane Digar,Baglan,Nashik,20.76795,74.07902,156.91,60.48,-6.3,526.5,36.9,482.2,570.8,3.2,231.3,12.0,14.0,10.0,58.0,4.0,2.0,0.0,25.0,29.5,21.0,-2.61,-0.41780075515149634,21.29,16.55,25.82,11.65,29.7,4.61,MODERATE,Rain-Shadow Plateau Topography,Manual demo override,MANUAL_OVERRIDE,,2026-09-09,,,,NOT_REQUESTED,29.7,21.2,68.5
MH_487_549999,Antapur,Antapur,Baglan,Nashik,20.76918,74.09515,158.51,60.02,-6.6,524.6,36.7,480.5,568.6,3.2,232.0,12.0,14.0,10.0,58.0,4.0,2.0,0.0,25.0,29.5,21.0,-2.61,-0.42786816310558023,21.34,16.67,25.89,12.04,29.51,4.54,MODERATE,Rain-Shadow Plateau Topography,Manual demo override,MANUAL_OVERRIDE,,2026-09-09,,,,NOT_REQUESTED,29.7,21.2,68.5
MH_487_549998,Raver,Raver,Baglan,Nashik,20.76866,74.11838,160.71,59.69,-7.2,521.8,36.5,478.0,565.6,3.2,233.0,12.0,14.0,10.0,58.0,4.0,2.0,0.0,25.0,29.5,21.0,-2.61,-0.43910826883279164,21.32,16.95,25.98,11.75,29.81,4.62,MODERATE,Rain-Shadow Plateau Topography,Manual demo override,MANUAL_OVERRIDE,,2026-09-09,,,,NOT_REQUESTED,29.7,21.2,68.5
MH_487_549997,Taharabad,Taharabad,Baglan,Nashik,20.77316,74.1442,163.37,58.87,-7.7,518.7,36.3,475.1,562.3,3.2,234.1,12.0,14.0,10.0,58.0,4.0,2.0,0.0,25.0,29.5,21.0,-2.63,-0.4641622646943419,21.23,16.65,26.24,11.15,29.78,4.78,MODERATE,Rain-Shadow Plateau Topography,Manual demo override,MANUAL_OVERRIDE,,2026-09-09,,,,NOT_REQUESTED,30.0,21.5,68.5
MH_487_549996,Kathagad,Kathagad,Baglan,Nashik,20.79254,74.14034,163.85,56.77,-7.7,519.2,36.3,475.6,562.7,3.2,233.9,12.0,14.0,10.0,58.0,4.0,2.0,0.0,25.0,29.5,21.0,-2.63,-0.5018999612638801,21.2,16.33,26.41,11.19,29.35,4.7,MODERATE,Rain-Shadow Plateau Topography,Manual demo override,MANUAL_OVERRIDE,,2026-09-09,,,,NOT_REQUESTED,30.0,21.5,68.5
MH_487_550036,Bhadane,Bhadane,Baglan,Nashik,20.8052,74.15359,165.67,55.23,-8.0,517.6,36.2,474.1,561.0,3.2,234.5,12.0,14.0,10.0,58.0,4.0,2.0,0.0,25.0,29.5,21.0,-2.63,-0.5372124535924899,21.14,16.71,25.71,11.47,29.16,4.56,MODERATE,Rain-Shadow Plateau Topography,Manual demo override,MANUAL_OVERRIDE,,2026-09-09,,,,NOT_REQUESTED,30.0,21.5,68.5
MH_487_550037,Sompur,Sompur,Baglan,Nashik,20.79194,74.17649,167.28,56.55,-8.5,514.8,36.0,471.6,558.0,3.2,235.4,12.0,14.0,10.0,58.0,4.0,2.0,0.0,25.0,29.5,21.0,-2.63,-0.5260903510096232,21.14,16.49,26.42,11.39,29.23,4.63,MODERATE,Rain-Shadow Plateau Topography,Manual demo override,MANUAL_OVERRIDE,,2026-09-09,,,,NOT_REQUESTED,30.0,21.5,68.5
MH_487_550035,Tandulwadi,Tandulwadi,Baglan,Nashik,20.81814,74.18624,169.36,53.6,-8.7,513.7,36.0,470.5,556.9,3.2,235.8,12.0,14.0,10.0,58.0,4.0,2.0,0.0,25.0,29.5,21.0,-2.63,-0.5885153195352223,21.11,16.95,25.91,11.49,29.23,4.55,MODERATE,Rain-Shadow Plateau Topography,Manual demo override,MANUAL_OVERRIDE,,2026-09-09,,,,NOT_REQUESTED,30.0,21.5,68.4
MH_487_550028,Nandin,Nandin,Baglan,Nashik,20.8383,74.19822,171.41,51.34,-9.0,512.2,35.9,469.1,555.3,3.2,236.3,12.0,14.0,10.0,58.0,4.0,2.0,0.0,25.0,29.5,21.0,-2.63,-0.640671312535572,21.0,16.56,25.95,11.25,29.56,4.69,MODERATE,Rain-Shadow Plateau Topography,Manual demo override,MANUAL_OVERRIDE,,2026-09-09,,,,NOT_REQUESTED,30.1,21.6,68.4
MH_487_550029,Jaipur,Jaipur,Baglan,Nashik,20.82912,74.21245,172.35,52.38,-9.3,510.5,35.7,467.7,553.3,3.2,236.9,12.0,14.0,10.0,58.0,4.0,2.0,0.0,25.0,29.5,21.0,-2.63,-0.6333172435253149,21.03,16.58,25.46,11.04,29.5,4.64,MODERATE,Rain-Shadow Plateau Topography,Manual demo override,MANUAL_OVERRIDE,,2026-09-09,,,,NOT_REQUESTED,30.1,21.6,68.4
MH_487_550030,Wadipisol,Wadipisol,Baglan,Nashik,20.82864,74.22621,173.64,52.48,-9.6,508.9,35.6,466.1,551.6,3.2,237.5,12.0,14.0,10.0,58.0,4.0,2.0,0.0,25.0,29.5,21.0,-2.63,-0.6445341610345143,21.02,16.56,25.91,11.3,29.41,4.71,MODERATE,Rain-Shadow Plateau Topography,Manual demo override,MANUAL_OVERRIDE,,2026-09-09,,,,NOT_REQUESTED,30.1,21.6,68.4
MH_487_550034,Eklahare,Eklahare,Baglan,Nashik,20.80657,74.23013,173.05,54.96,-9.7,508.4,35.6,465.7,551.1,3.2,237.7,12.0,14.0,10.0,58.0,4.0,2.0,0.0,25.0,29.5,21.0,-2.63,-0.6021997437815948,21.0,16.51,26.42,11.6,29.72,4.66,MODERATE,Rain-Shadow Plateau Topography,Manual demo override,MANUAL_OVERRIDE,,2026-09-09,,,,NOT_REQUESTED,30.1,21.6,68.4
MH_487_550031,Tinghari,Tinghari,Baglan,Nashik,20.83543,74.25316,176.51,51.95,-10.2,505.6,35.4,463.1,548.1,3.2,238.6,12.0,14.0,10.0,58.0,4.0,2.0,0.0,25.0,29.5,21.0,-2.63,-0.6842599579222107,21.0,16.48,25.47,11.15,29.04,4.56,MODERATE,Rain-Shadow Plateau Topography,Manual demo override,MANUAL_OVERRIDE,,2026-09-09,,,,NOT_REQUESTED,30.1,21.6,68.4
MH_487_550038,Jaikheda,Jaikheda,Baglan,Nashik,20.77828,74.20682,169.61,58.02,-9.2,511.2,35.8,468.2,554.1,3.2,236.7,12.0,14.0,10.0,58.0,4.0,2.0,0.0,25.0,29.5,21.0,-2.63,-0.5226979034492552,21.16,16.5,25.67,11.97,29.39,4.57,MODERATE,Rain-Shadow Plateau Topography,Manual demo override,MANUAL_OVERRIDE,,2026-09-09,,,,NOT_REQUESTED,30.1,21.6,68.5
MH_487_550062,Bramhanpade,Bramhanpade,Baglan,Nashik,20.79034,74.24105,173.41,56.83,-9.9,507.1,35.5,464.5,549.7,3.2,238.1,12.0,14.0,10.0,58.0,4.0,2.0,0.0,25.0,29.5,21.0,-2.63,-0.5792960467337058,21.15,16.82,25.52,11.73,29.56,4.52,MODERATE,Rain-Shadow Plateau Topography,Manual demo override,MANUAL_OVERRIDE,,2026-09-09,,,,NOT_REQUESTED,30.1,21.6,68.5
MH_487_550046,Akhatwade,Akhatwade,Baglan,Nashik,20.72763,74.22244,169.11,63.69,-9.5,509.3,35.7,466.5,552.1,3.2,237.3,12.0,14.0,10.0,58.0,4.0,2.0,0.0,25.0,29.5,21.0,-2.63,-0.4352040170894404,21.2,16.97,26.0,11.41,29.52,4.63,MODERATE,Rain-Shadow Plateau Topography,Manual demo override,MANUAL_OVERRIDE,,2026-09-09,,,,NOT_REQUESTED,30.1,21.6,68.5
MH_487_550064,Gorane,Gorane,Baglan,Nashik,20.72853,74.23671,170.54,63.66,-9.8,507.6,35.5,465.0,550.2,3.2,237.9,12.0,14.0,10.0,58.0,4.0,2.0,0.0,25.0,29.5,21.0,-2.63,-0.45139417575556473,21.27,16.59,25.76,11.41,30.0,4.63,MODERATE,Rain-Shadow Plateau Topography,Manual demo override,MANUAL_OVERRIDE,,2026-09-09,,,,NOT_REQUESTED,30.1,21.6,68.5
MH_487_550042,Anandpur,Anandpur,Baglan,Nashik,20.76337,74.23147,171.38,59.76,-9.7,508.2,35.6,465.5,550.9,3.2,237.7,12.0,14.0,10.0,58.0,4.0,2.0,0.0,25.0,29.5,21.0,-2.63,-0.5151814056833035,21.28,16.85,25.82,11.44,29.76,4.56,MODERATE,Rain-Shadow Plateau Topography,Manual demo override,MANUAL_OVERRIDE,,2026-09-09,,,,NOT_REQUESTED,30.1,21.6,68.5
MH_487_550041,Deopur,Deopur,Baglan,Nashik,20.75192,74.2327,171.05,61.04,-9.7,508.1,35.6,465.4,550.8,3.2,237.8,12.0,14.0,10.0,58.0,4.0,2.0,0.0,25.0,29.5,21.0,-2.63,-0.49343748479275584,21.11,16.32,25.97,11.48,29.17,4.57,MODERATE,Rain-Shadow Plateau Topography,Manual demo override,MANUAL_OVERRIDE,,2026-09-09,,,,NOT_REQUESTED,30.1,21.6,68.4
MH_487_550039,Waghale,Waghale,Baglan,Nashik,20.77459,74.25616,174.23,58.71,-10.3,505.3,35.4,462.8,547.7,3.2,238.8,12.0,14.0,10.0,58.0,4.0,2.0,0.0,25.0,29.5,21.0,-2.63,-0.5627516048197434,21.19,16.54,25.96,11.29,29.7,4.64,MODERATE,Rain-Shadow Plateau Topography,Manual demo override,MANUAL_OVERRIDE,,2026-09-09,,,,NOT_REQUESTED,30.1,21.6,68.5
MH_487_550061,Dyane,Dyane,Baglan,Nashik,20.74728,74.27591,175.08,61.96,-10.7,502.9,35.2,460.7,545.1,3.2,239.6,12.0,14.0,10.0,58.0,4.0,2.0,0.0,25.0,29.5,21.0,-2.63,-0.5306210329355351,21.16,16.39,25.8,11.31,29.87,4.7,MODERATE,Rain-Shadow Plateau Topography,Manual demo override,MANUAL_OVERRIDE,,2026-09-09,,,,NOT_REQUESTED,30.1,21.6,68.5
MH_487_550063,Askheda,Askheda,Baglan,Nashik,20.74672,74.25207,172.73,61.76,-10.2,505.8,35.4,463.3,548.2,3.2,238.6,12.0,14.0,10.0,58.0,4.0,2.0,0.0,25.0,29.5,21.0,-2.63,-0.5031245588102595,21.23,16.79,25.63,11.61,29.5,4.61,MODERATE,Rain-Shadow Plateau Topography,Manual demo override,MANUAL_OVERRIDE,,2026-09-09,,,,NOT_REQUESTED,30.1,21.6,68.5
MH_487_550040,Rajpurpande,Rajpurpande,Baglan,Nashik,20.7703,74.27443,175.83,59.4,-10.7,503.1,35.2,460.8,545.3,3.2,239.5,12.0,14.0,10.0,58.0,4.0,2.0,0.0,25.0,29.5,21.0,-2.63,-0.5739291416216301,21.05,16.09,25.48,11.5,29.68,4.64,MODERATE,Rain-Shadow Plateau Topography,Manual demo override,MANUAL_OVERRIDE,,2026-09-09,,,,NOT_REQUESTED,30.1,21.6,68.4
MH_487_550033,Shripurvade,Shripurvade,Baglan,Nashik,20.79386,74.2655,175.92,56.69,-10.5,504.1,35.3,461.8,546.5,3.2,239.2,12.0,14.0,10.0,58.0,4.0,2.0,0.0,25.0,29.5,21.0,-2.63,-0.6114254926024444,21.08,16.86,25.92,11.45,29.31,4.63,MODERATE,Rain-Shadow Plateau Topography,Manual demo override,MANUAL_OVERRIDE,,2026-09-09,,,,NOT_REQUESTED,30.1,21.6,68.4
MH_487_550032,Vade Kh,Vade Kh,Baglan,Nashik,20.8096,74.27541,177.53,55.09,-10.7,503.0,35.2,460.7,545.2,3.2,239.6,12.0,14.0,10.0,58.0,4.0,2.0,0.0,25.0,29.5,21.0,-2.63,-0.65394393832428,20.99,16.35,25.61,11.77,29.34,4.62,MODERATE,Rain-Shadow Plateau Topography,Manual demo override,MANUAL_OVERRIDE,,2026-09-09,,,,NOT_REQUESTED,30.1,21.6,68.4
MH_487_550048,Bilpuri,Bilpuri,Baglan,Nashik,20.83631,74.28822,179.9,52.37,-11.0,501.4,35.1,459.3,543.5,3.2,240.1,12.0,14.0,10.0,58.0,4.0,2.0,0.0,25.0,29.5,21.0,-2.63,-0.7224132648269322,20.99,16.47,25.49,11.44,29.47,4.59,MODERATE,Rain-Shadow Plateau Topography,Manual demo override,MANUAL_OVERRIDE,,2026-09-09,,,,NOT_REQUESTED,30.1,21.6,68.4
MH_487_550076,Kotbel,Kotbel,Baglan,Nashik,20.69487,74.22897,168.54,67.35,-9.7,508.5,35.6,465.8,551.2,3.2,237.6,12.0,14.0,10.0,58.0,4.0,2.0,0.0,25.0,29.5,21.0,-2.63,-0.3787643831749462,21.35,16.55,26.47,11.63,29.57,4.64,MODERATE,Rain-Shadow Plateau Topography,Manual demo override,MANUAL_OVERRIDE,,2026-09-09,,,,NOT_REQUESTED,30.0,21.5,68.5
MH_487_550065,Fopir,Fopir,Baglan,Nashik,20.7128,74.26087,172.32,65.6,-10.4,504.7,35.3,462.3,547.1,3.2,239.0,12.0,14.0,10.0,58.0,4.0,2.0,0.0,25.0,29.5,21.0,-2.63,-0.44791910455037337,21.27,16.45,26.06,11.58,29.51,4.61,MODERATE,Rain-Shadow Plateau Topography,Manual demo override,MANUAL_OVERRIDE,,2026-09-09,,,,NOT_REQUESTED,30.0,21.5,68.5
MH_487_550075,Khirmani,Khirmani,Baglan,Nashik,20.70133,74.27498,173.3,67.02,-10.7,503.0,35.2,460.8,545.2,3.2,239.5,12.0,14.0,10.0,58.0,4.0,2.0,0.0,25.0,29.5,21.0,-2.63,-0.44374296243268413,21.17,16.47,26.04,11.51,29.49,4.65,MODERATE,Rain-Shadow Plateau Topography,Manual demo override,MANUAL_OVERRIDE,,2026-09-09,,,,NOT_REQUESTED,30.1,21.6,68.5
MH_487_550133,Karhe,Karhe,Baglan,Nashik,20.65835,74.24121,168.49,65.75,-9.9,507.1,35.5,464.5,549.7,3.2,238.1,12.0,14.0,10.0,58.0,4.0,2.0,0.0,25.0,29.5,21.0,-2.63,-0.32653119079466686,21.28,16.59,26.07,11.61,29.79,4.67,MODERATE,Rain-Shadow Plateau Topography,Manual demo override,MANUAL_OVERRIDE,,2026-09-09,,,,NOT_REQUESTED,30.0,21.5,68.5
MH_487_550132,Dodheshwar,Dodheshwar,Baglan,Nashik,20.66817,74.25641,170.32,67.16,-10.3,505.2,35.4,462.8,547.7,3.2,238.8,12.0,14.0,10.0,58.0,4.0,2.0,0.0,25.0,29.5,21.0,-2.63,-0.3624509061460194,21.43,16.85,25.91,11.59,29.93,4.66,MODERATE,Rain-Shadow Plateau Topography,Manual demo override,MANUAL_OVERRIDE,,2026-09-09,,,,NOT_REQUESTED,30.0,21.5,68.6
MH_487_550074,Kupkhede,Kupkhede,Baglan,Nashik,20.69086,74.28199,173.63,68.27,-10.8,502.2,35.2,459.9,544.4,3.2,239.8,12.0,14.0,10.0,58.0,4.0,2.0,0.0,25.0,29.5,21.0,-2.63,-0.43400439367160226,21.4,16.85,26.07,11.76,30.12,4.68,MODERATE,Rain-Shadow Plateau Topography,Manual demo override,MANUAL_OVERRIDE,,2026-09-09,,,,NOT_REQUESTED,30.1,21.6,68.6
MH_487_550056,Utrane,Utrane,Baglan,Nashik,20.77267,74.2924,177.67,59.42,-11.1,500.9,35.1,458.8,543.0,3.2,240.3,12.0,14.0,10.0,58.0,4.0,2.0,0.0,25.0,29.5,21.0,-2.63,-0.5990039725476417,21.03,16.47,26.03,11.38,29.48,4.69,MODERATE,Rain-Shadow Plateau Topography,Manual demo override,MANUAL_OVERRIDE,,2026-09-09,,,,NOT_REQUESTED,30.1,21.6,68.4
MH_487_550073,Ramtir,Ramtir,Baglan,Nashik,20.67216,74.29191,173.98,68.52,-11.1,501.0,35.1,458.9,543.1,3.2,240.3,12.0,14.0,10.0,58.0,4.0,2.0,0.0,25.0,29.5,21.0,-2.63,-0.4155588538601892,21.28,16.79,26.01,11.95,29.78,4.56,MODERATE,Rain-Shadow Plateau Topography,Manual demo override,MANUAL_OVERRIDE,,2026-09-09,,,,NOT_REQUESTED,30.1,21.6,68.5
MH_487_550080,Vijaynagar,Vijaynagar,Baglan,Nashik,20.71893,74.0984,156.7,65.47,-6.7,524.2,36.7,480.2,568.2,3.2,232.1,12.0,14.0,10.0,58.0,4.0,2.0,0.0,25.0,29.5,21.0,-2.61,-0.32849218045280615,21.43,16.45,26.21,11.98,29.83,4.57,MODERATE,Rain-Shadow Plateau Topography,Manual demo override,MANUAL_OVERRIDE,,2026-09-09,,,,NOT_REQUESTED,29.6,21.1,68.6
MH_487_550300,Soyagaon,Soyagaon,Central,Nashik,20.5533,74.50207,191.9,61.52,-15.0,475.8,33.3,435.8,515.7,3.2,249.1,12.0,14.0,10.0,58.0,4.0,2.0,0.0,25.0,29.5,21.0,-2.61,-0.5861077796385884,21.03,16.21,26.16,11.43,29.37,4.64,MODERATE,Rain-Shadow Plateau Topography,Manual demo override,MANUAL_OVERRIDE,,2026-09-09,,,,NOT_REQUESTED,30.3,21.8,68.4
MH_487_550301,Sangameshwar,Sangameshwar,Central,Nashik,20.54404,74.51797,193.33,60.52,-15.0,473.8,33.2,434.0,513.7,3.2,249.8,12.0,14.0,10.0,58.0,4.0,2.0,0.0,25.0,29.5,21.0,-2.63,-0.6097544003221498,21.05,16.73,25.75,11.08,29.46,4.65,MODERATE,Rain-Shadow Plateau Topography,Manual demo override,MANUAL_OVERRIDE,,2026-09-09,,,,NOT_REQUESTED,30.3,21.8,68.4
MH_487_999999,Water Body,Water Body,Central,Nashik,20.49221,74.68073,209.04,57.89,-15.0,454.3,31.8,416.2,492.5,3.2,256.6,12.0,14.0,10.0,58.0,4.0,2.0,0.0,25.0,29.5,21.0,-2.63,-1.228346893549997,20.43,15.75,25.82,10.76,28.86,4.65,MODERATE,Rain-Shadow Plateau Topography,Manual demo override,MANUAL_OVERRIDE,,2026-09-09,,,,NOT_REQUESTED,30.4,21.9,68.2
MH_487_550303,Sangameshwar,Sangameshwar,Central,Nashik,20.57481,74.55271,197.55,64.15,-15.0,469.7,32.9,430.2,509.2,3.2,251.2,12.0,14.0,10.0,58.0,4.0,2.0,0.0,25.0,29.5,21.0,-2.63,-0.7198796818415147,21.17,16.56,26.11,11.69,29.74,4.65,MODERATE,Rain-Shadow Plateau Topography,Manual demo override,MANUAL_OVERRIDE,,2026-09-09,,,,NOT_REQUESTED,30.3,21.8,68.5
MH_487_550024,Katarwel,Katarwel,Baglan,Nashik,20.84643,74.12587,164.97,51.02,-7.3,520.9,36.5,477.1,564.7,3.2,233.3,12.0,14.0,10.0,58.0,4.0,2.0,0.0,25.0,29.5,21.0,-2.61,-0.6066305582995893,21.08,16.64,26.03,11.4,29.41,4.73,MODERATE,Rain-Shadow Plateau Topography,Manual demo override,MANUAL_OVERRIDE,,2026-09-09,,,,NOT_REQUESTED,29.7,21.2,68.4
MH_487_550057,Tembhe,Tembhe,Baglan,Nashik,20.77274,74.32274,180.63,60.0,-11.8,497.3,34.8,455.5,539.0,3.2,241.6,12.0,14.0,10.0,58.0,4.0,2.0,0.0,25.0,29.5,21.0,-2.63,-0.6356259479245032,21.06,16.38,25.63,11.3,29.58,4.55,MODERATE,Rain-Shadow Plateau Topography,Manual demo override,MANUAL_OVERRIDE,,2026-09-09,,,,NOT_REQUESTED,30.1,21.6,68.4
MH_487_550058,Malgaon Bhamer,Malgaon Bhamer,Baglan,Nashik,20.76022,74.36719,184.5,62.48,-12.8,491.9,34.4,450.7,533.2,3.2,243.4,12.0,14.0,10.0,58.0,4.0,2.0,0.0,25.0,29.5,21.0,-2.61,-0.6700737842045504,20.99,16.8,25.75,11.55,29.45,4.59,MODERATE,Rain-Shadow Plateau Topography,Manual demo override,MANUAL_OVERRIDE,,2026-09-09,,,,NOT_REQUESTED,30.2,21.7,68.4
MH_487_550148,Surane,Surane,Baglan,Nashik,20.64744,74.32837,176.83,67.08,-11.9,496.6,34.8,454.8,538.4,3.2,241.8,12.0,14.0,10.0,58.0,4.0,2.0,0.0,25.0,29.5,21.0,-2.63,-0.4295265744607159,21.3,17.03,26.58,11.44,29.8,4.61,MODERATE,Rain-Shadow Plateau Topography,Manual demo override,MANUAL_OVERRIDE,,2026-09-09,,,,NOT_REQUESTED,30.1,21.6,68.5
MH_487_550147,Vaygaon,Vaygaon,Baglan,Nashik,20.65539,74.35081,179.31,68.73,-12.4,493.9,34.6,452.4,535.4,3.2,242.7,12.0,14.0,10.0,58.0,4.0,2.0,0.0,25.0,29.5,21.0,-2.63,-0.4726773072602516,21.17,16.36,25.74,11.54,29.94,4.66,MODERATE,Rain-Shadow Plateau Topography,Manual demo override,MANUAL_OVERRIDE,,2026-09-09,,,,NOT_REQUESTED,30.1,21.6,68.5
MH_487_550146,Sarade,Sarade,Baglan,Nashik,20.68621,74.3267,177.9,69.51,-11.9,496.8,34.8,455.0,538.6,3.2,241.7,12.0,14.0,10.0,58.0,4.0,2.0,0.0,25.0,29.5,21.0,-2.63,-0.48542846767246456,21.18,16.34,25.93,11.23,29.26,4.68,MODERATE,Rain-Shadow Plateau Topography,Manual demo override,MANUAL_OVERRIDE,,2026-09-09,,,,NOT_REQUESTED,30.1,21.6,68.5
MH_487_550051,Rahud,Rahud,Baglan,Nashik,20.83637,74.37161,187.91,54.54,-12.9,491.4,34.4,450.1,532.7,3.2,243.6,12.0,14.0,10.0,58.0,4.0,2.0,0.0,25.0,29.5,21.0,-2.61,-0.8225803068697882,20.86,16.0,25.64,11.31,29.19,4.6,MODERATE,Rain-Shadow Plateau Topography,Manual demo override,MANUAL_OVERRIDE,,2026-09-09,,,,NOT_REQUESTED,30.2,21.7,68.3
MH_487_550059,Ijamane,Ijamane,Baglan,Nashik,20.7609,74.34429,182.28,61.79,-12.2,494.7,34.6,453.2,536.2,3.2,242.5,12.0,14.0,10.0,58.0,4.0,2.0,0.0,25.0,29.5,21.0,-2.63,-0.6406460167334538,21.03,16.13,25.65,11.4,29.74,4.58,MODERATE,Rain-Shadow Plateau Topography,Manual demo override,MANUAL_OVERRIDE,,2026-09-09,,,,NOT_REQUESTED,30.2,21.7,68.4
MH_487_550069,Ambasan,Ambasan,Baglan,Nashik,20.70726,74.35705,181.62,67.9,-12.5,493.2,34.5,451.8,534.6,3.2,243.0,12.0,14.0,10.0,58.0,4.0,2.0,0.0,25.0,29.5,21.0,-2.63,-0.5619307376541246,21.17,16.15,25.78,12.02,29.62,4.57,MODERATE,Rain-Shadow Plateau Topography,Manual demo override,MANUAL_OVERRIDE,,2026-09-09,,,,NOT_REQUESTED,30.1,21.6,68.5
MH_487_550068,Morane Sandas,Morane Sandas,Baglan,Nashik,20.72734,74.34529,181.15,65.44,-12.3,494.6,34.6,453.0,536.1,3.2,242.5,12.0,14.0,10.0,58.0,4.0,2.0,0.0,25.0,29.5,21.0,-2.63,-0.5805955361622224,21.12,16.57,25.55,11.74,29.44,4.57,MODERATE,Rain-Shadow Plateau Topography,Manual demo override,MANUAL_OVERRIDE,,2026-09-09,,,,NOT_REQUESTED,30.1,21.6,68.4
MH_487_550070,Kakadgaon,Kakadgaon,Baglan,Nashik,20.71251,74.33099,179.22,66.73,-11.9,496.3,34.7,454.6,537.9,3.2,241.9,12.0,14.0,10.0,58.0,4.0,2.0,0.0,25.0,29.5,21.0,-2.63,-0.5353915270483709,21.1,16.77,26.5,11.33,29.35,4.61,MODERATE,Rain-Shadow Plateau Topography,Manual demo override,MANUAL_OVERRIDE,,2026-09-09,,,,NOT_REQUESTED,30.1,21.6,68.4
MH_487_550071,Nalkas,Nalkas,Baglan,Nashik,20.69454,74.30089,175.62,68.13,-11.3,499.9,35.0,457.9,541.9,3.2,240.6,12.0,14.0,10.0,58.0,4.0,2.0,0.0,25.0,29.5,21.0,-2.63,-0.46472941564838344,21.3,16.48,26.22,11.53,29.74,4.71,MODERATE,Rain-Shadow Plateau Topography,Manual demo override,MANUAL_OVERRIDE,,2026-09-09,,,,NOT_REQUESTED,30.1,21.6,68.5
MH_487_550066,Nampur,Nampur,Baglan,Nashik,20.73005,74.30459,177.25,64.3,-11.4,499.4,35.0,457.4,541.4,3.2,240.8,12.0,14.0,10.0,58.0,4.0,2.0,0.0,25.0,29.5,21.0,-2.63,-0.5325532918704147,21.19,16.67,25.81,11.35,29.66,4.64,MODERATE,Rain-Shadow Plateau Topography,Manual demo override,MANUAL_OVERRIDE,,2026-09-09,,,,NOT_REQUESTED,30.1,21.6,68.5
MH_487_550067,Bijorase,Bijorase,Baglan,Nashik,20.74261,74.34718,181.89,63.83,-12.3,494.3,34.6,452.8,535.9,3.2,242.6,12.0,14.0,10.0,58.0,4.0,2.0,0.0,25.0,29.5,21.0,-2.63,-0.6106179811076256,20.98,16.83,25.52,11.07,29.2,4.58,MODERATE,Rain-Shadow Plateau Topography,Manual demo override,MANUAL_OVERRIDE,,2026-09-09,,,,NOT_REQUESTED,30.2,21.7,68.4
MH_487_550060,Khamlon,Khamlon,Baglan,Nashik,20.75796,74.30124,177.96,61.18,-11.3,499.9,35.0,457.9,541.9,3.2,240.7,12.0,14.0,10.0,58.0,4.0,2.0,0.0,25.0,29.5,21.0,-2.63,-0.5809115271202642,21.07,16.5,26.18,11.12,29.38,4.65,MODERATE,Rain-Shadow Plateau Topography,Manual demo override,MANUAL_OVERRIDE,,2026-09-09,,,,NOT_REQUESTED,30.1,21.6,68.4
MH_487_550055,Talwade Bhamer,Talwade Bhamer,Baglan,Nashik,20.80078,74.30317,179.84,56.53,-11.3,499.6,35.0,457.6,541.6,3.2,240.7,12.0,14.0,10.0,58.0,4.0,2.0,0.0,25.0,29.5,21.0,-2.63,-0.6671564448104182,21.01,16.23,25.6,11.44,29.85,4.62,MODERATE,Rain-Shadow Plateau Topography,Manual demo override,MANUAL_OVERRIDE,,2026-09-09,,,,NOT_REQUESTED,30.1,21.6,68.4
MH_487_550049,Bodhari,Bodhari,Baglan,Nashik,20.8254,74.32179,182.65,54.26,-11.7,497.4,34.8,455.6,539.1,3.2,241.5,12.0,14.0,10.0,58.0,4.0,2.0,0.0,25.0,29.5,21.0,-2.63,-0.738403085820991,20.98,16.35,25.55,10.95,28.96,4.58,MODERATE,Rain-Shadow Plateau Topography,Manual demo override,MANUAL_OVERRIDE,,2026-09-09,,,,NOT_REQUESTED,30.1,21.6,68.4
MH_487_550054,Varche Tembhe,Varche Tembhe,Baglan,Nashik,20.7871,74.33637,182.51,58.76,-12.1,495.6,34.7,454.0,537.3,3.2,242.1,12.0,14.0,10.0,58.0,4.0,2.0,0.0,25.0,29.5,21.0,-2.63,-0.6804910517476,20.93,16.1,25.58,11.26,29.62,4.66,MODERATE,Rain-Shadow Plateau Topography,Manual demo override,MANUAL_OVERRIDE,,2026-09-09,,,,NOT_REQUESTED,30.2,21.7,68.4
MH_487_550053,Bahirane,Bahirane,Baglan,Nashik,20.80214,74.34557,184.0,57.38,-12.3,494.5,34.6,453.0,536.1,3.2,242.5,12.0,14.0,10.0,58.0,4.0,2.0,0.0,25.0,29.5,21.0,-2.63,-0.7214979164136418,21.0,16.43,26.34,11.1,29.11,4.63,MODERATE,Rain-Shadow Plateau Topography,Manual demo override,MANUAL_OVERRIDE,,2026-09-09,,,,NOT_REQUESTED,30.2,21.7,68.4
MH_487_550052,Mahad,Mahad,Baglan,Nashik,20.79471,74.36673,185.77,58.79,-12.8,492.0,34.4,450.7,533.3,3.2,243.4,12.0,14.0,10.0,58.0,4.0,2.0,0.0,25.0,29.5,21.0,-2.61,-0.7347192169572482,20.88,16.28,26.52,11.45,28.95,4.63,MODERATE,Rain-Shadow Plateau Topography,Manual demo override,MANUAL_OVERRIDE,,2026-09-09,,,,NOT_REQUESTED,30.2,21.7,68.4
MH_487_550050,Chirai,Chirai,Baglan,Nashik,20.81997,74.35328,185.47,55.7,-12.4,493.6,34.6,452.1,535.1,3.2,242.8,12.0,14.0,10.0,58.0,4.0,2.0,0.0,25.0,29.5,21.0,-2.63,-0.7664188384136038,20.95,16.28,25.37,11.23,29.08,4.65,MODERATE,Rain-Shadow Plateau Topography,Manual demo override,MANUAL_OVERRIDE,,2026-09-09,,,,NOT_REQUESTED,30.2,21.7,68.4
MH_487_550157,Rampura,Rampura,Malegaon,Nashik,20.80489,74.40567,189.95,59.05,-13.6,487.3,34.1,446.4,528.2,3.2,245.0,4.0,22.0,14.0,52.0,3.0,1.0,4.0,25.0,29.5,21.0,-2.61,-0.8082260940827964,20.95,16.33,25.6,11.11,29.71,4.67,MODERATE,Rain-Shadow Plateau Topography,Manual demo override,MANUAL_OVERRIDE,,2026-09-09,,,,NOT_REQUESTED,30.2,21.7,68.4
MH_487_550156,Kajwade,Kajwade,Malegaon,Nashik,20.78281,74.39127,187.7,60.84,-13.3,489.0,34.2,448.0,530.1,3.2,244.4,4.0,22.0,14.0,52.0,3.0,1.0,4.0,25.0,29.5,21.0,-2.61,-0.7458463277975846,21.01,16.94,26.15,11.15,29.26,4.63,MODERATE,Rain-Shadow Plateau Topography,Manual demo override,MANUAL_OVERRIDE,,2026-09-09,,,,NOT_REQUESTED,30.2,21.7,68.4
MH_487_550163,Pohane,Pohane,Malegaon,Nashik,20.76524,74.41481,189.36,63.5,-13.8,486.2,34.0,445.4,527.0,3.2,245.4,4.0,22.0,14.0,52.0,3.0,1.0,4.0,25.0,29.5,21.0,-2.61,-0.7474891162785555,21.03,16.07,25.3,11.21,29.36,4.63,MODERATE,Rain-Shadow Plateau Topography,Manual demo override,MANUAL_OVERRIDE,,2026-09-09,,,,NOT_REQUESTED,30.2,21.7,68.4
MH_487_550162,Virane,Virane,Malegaon,Nashik,20.74496,74.45632,192.73,67.21,-14.8,481.2,33.7,440.8,521.7,3.2,247.2,4.0,22.0,14.0,52.0,3.0,1.0,4.0,25.0,29.5,21.0,-2.61,-0.7762398948002199,20.98,16.15,25.98,11.31,29.71,4.69,MODERATE,Rain-Shadow Plateau Topography,Manual demo override,MANUAL_OVERRIDE,,2026-09-09,,,,NOT_REQUESTED,30.2,21.7,68.4
MH_487_550158,Chinchave,Chinchave,Malegaon,Nashik,20.78738,74.46095,194.7,63.11,-14.9,480.7,33.6,440.4,521.0,3.2,247.4,4.0,22.0,14.0,52.0,3.0,1.0,4.0,25.0,29.5,21.0,-2.61,-0.8599813215190787,20.88,16.2,25.67,11.4,29.22,4.58,MODERATE,Rain-Shadow Plateau Topography,Manual demo override,MANUAL_OVERRIDE,,2026-09-09,,,,NOT_REQUESTED,30.3,21.8,68.4
MH_487_550168,Garbad,Garbad,Malegaon,Nashik,20.72245,74.49104,195.42,70.97,-15.0,477.1,33.4,437.0,517.2,3.2,248.6,4.0,22.0,14.0,52.0,3.0,1.0,4.0,25.0,29.5,21.0,-2.61,-0.7974345716609234,20.92,16.2,25.69,11.55,29.26,4.66,MODERATE,Rain-Shadow Plateau Topography,Manual demo override,MANUAL_OVERRIDE,,2026-09-09,,,,NOT_REQUESTED,30.2,21.7,68.4
MH_487_550167,Nimshevadi,Nimshevadi,Malegaon,Nashik,20.71098,74.45738,191.7,70.74,-14.8,481.1,33.7,440.7,521.6,3.2,247.2,4.0,22.0,14.0,52.0,3.0,1.0,4.0,25.0,29.5,21.0,-2.61,-0.7192200000916151,20.99,16.34,25.47,11.3,29.83,4.73,MODERATE,Rain-Shadow Plateau Topography,Manual demo override,MANUAL_OVERRIDE,,2026-09-09,,,,NOT_REQUESTED,30.2,21.7,68.4
MH_487_550164,Garegaon,Garegaon,Malegaon,Nashik,20.73614,74.40407,187.26,66.18,-13.6,487.5,34.1,446.6,528.4,3.2,245.0,4.0,22.0,14.0,52.0,3.0,1.0,4.0,25.0,29.5,21.0,-2.61,-0.6790600980051325,20.99,16.65,25.6,11.12,29.18,4.57,MODERATE,Rain-Shadow Plateau Topography,Manual demo override,MANUAL_OVERRIDE,,2026-09-09,,,,NOT_REQUESTED,30.2,21.7,68.4
MH_487_550159,Nagzari,Nagzari,Malegaon,Nashik,20.80489,74.51028,200.18,63.78,-15.0,474.8,33.2,434.9,514.6,3.2,249.4,4.0,22.0,14.0,52.0,3.0,1.0,4.0,25.0,29.5,21.0,-2.61,-0.9746693202011131,20.77,15.81,25.43,11.08,29.19,4.69,MODERATE,Rain-Shadow Plateau Topography,Manual demo override,MANUAL_OVERRIDE,,2026-09-09,,,,NOT_REQUESTED,30.3,21.8,68.3
MH_487_550161,Lulle,Lulle,Malegaon,Nashik,20.75291,74.49724,197.05,68.21,-15.0,476.3,33.3,436.4,516.3,3.2,248.9,4.0,22.0,14.0,52.0,3.0,1.0,4.0,25.0,29.5,21.0,-2.61,-0.8608624614622552,20.83,16.33,25.32,11.14,29.43,4.63,MODERATE,Rain-Shadow Plateau Topography,Manual demo override,MANUAL_OVERRIDE,,2026-09-09,,,,NOT_REQUESTED,30.2,21.7,68.3
MH_487_550209,Dahikute,Dahikute,Malegaon,Nashik,20.62488,74.59339,202.89,70.16,-15.0,464.8,32.5,425.8,503.8,3.2,252.9,4.0,22.0,14.0,52.0,3.0,1.0,4.0,25.0,29.5,21.0,-2.63,-0.8966380364407828,20.63,16.33,25.41,11.01,28.94,4.62,MODERATE,Rain-Shadow Plateau Topography,Manual demo override,MANUAL_OVERRIDE,,2026-09-09,,,,NOT_REQUESTED,30.3,21.8,68.3
MH_487_550165,Valwade,Valwade,Malegaon,Nashik,20.72202,74.38411,184.8,67.05,-13.1,489.9,34.3,448.7,531.1,3.2,244.1,4.0,22.0,14.0,52.0,3.0,1.0,4.0,25.0,29.5,21.0,-2.61,-0.6252823868864752,21.19,16.61,25.83,11.55,29.56,4.61,MODERATE,Rain-Shadow Plateau Topography,Manual demo override,MANUAL_OVERRIDE,,2026-09-09,,,,NOT_REQUESTED,30.1,21.6,68.5
MH_487_550171,Khakurdi,Khakurdi,Malegaon,Nashik,20.69297,74.42251,187.65,71.34,-14.0,485.3,34.0,444.5,526.1,3.2,245.7,4.0,22.0,14.0,52.0,3.0,1.0,4.0,25.0,29.5,21.0,-2.61,-0.6337173640891843,21.06,16.42,25.33,11.47,29.51,4.6,MODERATE,Rain-Shadow Plateau Topography,Manual demo override,MANUAL_OVERRIDE,,2026-09-09,,,,NOT_REQUESTED,30.2,21.7,68.4
MH_487_550166,Valwadi,Valwadi,Malegaon,Nashik,20.72269,74.43136,189.5,68.54,-14.2,484.2,33.9,443.6,524.9,3.2,246.1,4.0,22.0,14.0,52.0,3.0,1.0,4.0,25.0,29.5,21.0,-2.61,-0.6971699385387184,21.01,16.46,25.73,10.99,29.04,4.61,MODERATE,Rain-Shadow Plateau Topography,Manual demo override,MANUAL_OVERRIDE,,2026-09-09,,,,NOT_REQUESTED,30.2,21.7,68.4
MH_487_550173,Kothare Kh,Kothare Kh,Malegaon,Nashik,20.69322,74.3646,181.9,69.6,-12.7,492.2,34.5,450.8,533.6,3.2,243.3,4.0,22.0,14.0,52.0,3.0,1.0,4.0,25.0,29.5,21.0,-2.63,-0.5493462182690612,21.03,16.11,25.37,11.7,29.32,4.54,MODERATE,Rain-Shadow Plateau Topography,Manual demo override,MANUAL_OVERRIDE,,2026-09-09,,,,NOT_REQUESTED,30.1,21.6,68.4
MH_487_550174,Kothare Bk,Kothare Bk,Malegaon,Nashik,20.67645,74.35698,180.59,71.14,-12.5,493.2,34.5,451.8,534.6,3.2,243.0,4.0,22.0,14.0,52.0,3.0,1.0,4.0,25.0,29.5,21.0,-2.63,-0.5122461356770269,21.21,16.14,26.34,11.63,29.75,4.77,MODERATE,Rain-Shadow Plateau Topography,Manual demo override,MANUAL_OVERRIDE,,2026-09-09,,,,NOT_REQUESTED,30.1,21.6,68.5
MH_487_550172,Vadner,Vadner,Malegaon,Nashik,20.67577,74.39321,184.18,72.25,-13.3,488.8,34.2,447.8,529.9,3.2,244.5,4.0,22.0,14.0,52.0,3.0,1.0,4.0,25.0,29.5,21.0,-2.61,-0.563149417557212,21.1,16.83,25.28,11.41,29.44,4.59,MODERATE,Rain-Shadow Plateau Topography,Manual demo override,MANUAL_OVERRIDE,,2026-09-09,,,,NOT_REQUESTED,30.1,21.6,68.4
MH_487_550175,Sawatawadi,Sawatawadi,Malegaon,Nashik,20.65825,74.39159,183.48,70.68,-13.3,489.0,34.2,448.0,530.0,3.2,244.4,4.0,22.0,14.0,52.0,3.0,1.0,4.0,25.0,29.5,21.0,-2.61,-0.5352460646406451,21.07,16.3,26.26,11.14,29.92,4.76,MODERATE,Rain-Shadow Plateau Topography,Manual demo override,MANUAL_OVERRIDE,,2026-09-09,,,,NOT_REQUESTED,30.1,21.6,68.4
MH_487_550176,Satmane,Satmane,Malegaon,Nashik,20.64035,74.39261,183.05,68.92,-13.3,488.9,34.2,447.8,529.9,3.2,244.5,4.0,22.0,14.0,52.0,3.0,1.0,4.0,25.0,29.5,21.0,-2.61,-0.5128331162038137,21.19,16.51,25.76,11.46,29.41,4.57,MODERATE,Rain-Shadow Plateau Topography,Manual demo override,MANUAL_OVERRIDE,,2026-09-09,,,,NOT_REQUESTED,30.1,21.6,68.5
MH_487_550217,Dundhe,Dundhe,Malegaon,Nashik,20.6265,74.34386,177.75,65.48,-12.2,494.7,34.6,453.2,536.3,3.2,242.4,4.0,22.0,14.0,52.0,3.0,1.0,4.0,25.0,29.5,21.0,-2.63,-0.42535936323773166,21.26,16.61,25.98,11.3,29.76,4.69,MODERATE,Rain-Shadow Plateau Topography,Manual demo override,MANUAL_OVERRIDE,,2026-09-09,,,,NOT_REQUESTED,30.1,21.6,68.5
MH_487_550218,Ravalgaon,Ravalgaon,Malegaon,Nashik,20.61475,74.39831,182.9,66.63,-13.5,488.2,34.2,447.2,529.2,3.2,244.7,4.0,22.0,14.0,52.0,3.0,1.0,4.0,25.0,29.5,21.0,-2.61,-0.49152788202406805,21.18,16.65,26.14,10.83,29.4,4.73,MODERATE,Rain-Shadow Plateau Topography,Manual demo override,MANUAL_OVERRIDE,,2026-09-09,,,,NOT_REQUESTED,30.2,21.7,68.5
MH_487_550219,Ajang,Ajang,Malegaon,Nashik,20.6246,74.44033,187.41,69.66,-14.4,483.2,33.8,442.6,523.7,3.2,246.5,4.0,22.0,14.0,52.0,3.0,1.0,4.0,25.0,29.5,21.0,-2.61,-0.5623189686869018,21.18,16.54,25.53,11.37,29.6,4.66,MODERATE,Rain-Shadow Plateau Topography,Manual demo override,MANUAL_OVERRIDE,,2026-09-09,,,,NOT_REQUESTED,30.2,21.7,68.5
MH_487_550185,Vadel,Vadel,Malegaon,Nashik,20.65087,74.45426,189.55,72.53,-14.7,481.5,33.7,441.0,521.9,3.2,247.1,4.0,22.0,14.0,52.0,3.0,1.0,4.0,25.0,29.5,21.0,-2.61,-0.6185299586577079,21.12,16.42,25.86,11.23,29.67,4.69,MODERATE,Rain-Shadow Plateau Topography,Manual demo override,MANUAL_OVERRIDE,,2026-09-09,,,,NOT_REQUESTED,30.2,21.7,68.4
MH_487_550170,Mordar,Mordar,Malegaon,Nashik,20.68339,74.4468,189.77,73.2,-14.6,482.4,33.8,441.8,522.9,3.2,246.8,4.0,22.0,14.0,52.0,3.0,1.0,4.0,25.0,29.5,21.0,-2.61,-0.6563814937180238,21.16,16.34,26.22,11.7,29.57,4.61,MODERATE,Rain-Shadow Plateau Topography,Manual demo override,MANUAL_OVERRIDE,,2026-09-09,,,,NOT_REQUESTED,30.2,21.7,68.5
MH_487_550169,Tipe,Tipe,Malegaon,Nashik,20.675,74.46413,191.25,74.71,-14.9,480.3,33.6,440.0,520.6,3.2,247.5,4.0,22.0,14.0,52.0,3.0,1.0,4.0,25.0,29.5,21.0,-2.61,-0.6714538200909002,20.97,16.29,25.47,12.02,29.49,4.53,MODERATE,Rain-Shadow Plateau Topography,Manual demo override,MANUAL_OVERRIDE,,2026-09-09,,,,NOT_REQUESTED,30.2,21.7,68.4
MH_487_550184,Kankrale,Kankrale,Malegaon,Nashik,20.68216,74.4847,193.53,74.79,-15.0,477.8,33.4,437.8,517.9,3.2,248.4,4.0,22.0,14.0,52.0,3.0,1.0,4.0,25.0,29.5,21.0,-2.61,-0.7188120216515779,21.06,16.8,25.26,11.76,29.38,4.56,MODERATE,Rain-Shadow Plateau Topography,Manual demo override,MANUAL_OVERRIDE,,2026-09-09,,,,NOT_REQUESTED,30.2,21.7,68.4
MH_487_550191,Dabli,Dabli,Malegaon,Nashik,20.6328,74.49246,192.89,70.37,-15.0,476.9,33.4,436.8,517.0,3.2,248.7,4.0,22.0,14.0,52.0,3.0,1.0,4.0,25.0,29.5,21.0,-2.61,-0.6557190699180712,21.02,16.48,25.98,10.91,29.13,4.69,MODERATE,Rain-Shadow Plateau Topography,Manual demo override,MANUAL_OVERRIDE,,2026-09-09,,,,NOT_REQUESTED,30.2,21.7,68.4
MH_487_550192,Vajirkhede,Vajirkhede,Malegaon,Nashik,20.61161,74.51444,194.55,68.02,-15.0,474.3,33.2,434.4,514.1,3.2,249.6,4.0,22.0,14.0,52.0,3.0,1.0,4.0,25.0,29.5,21.0,-2.61,-0.6659938433800618,21.09,16.24,26.24,11.27,29.43,4.62,MODERATE,Rain-Shadow Plateau Topography,Manual demo override,MANUAL_OVERRIDE,,2026-09-09,,,,NOT_REQUESTED,30.2,21.7,68.4
MH_487_550190,Lendane,Lendane,Malegaon,Nashik,20.62605,74.53366,196.87,69.7,-15.0,472.0,33.0,432.4,511.6,3.2,250.4,4.0,22.0,14.0,52.0,3.0,1.0,4.0,25.0,29.5,21.0,-2.63,-0.7309120932051927,20.9,16.5,25.4,11.15,28.98,4.58,MODERATE,Rain-Shadow Plateau Topography,Manual demo override,MANUAL_OVERRIDE,,2026-09-09,,,,NOT_REQUESTED,30.3,21.8,68.4
MH_487_550186,Kukane,Kukane,Malegaon,Nashik,20.65675,74.51124,195.45,73.04,-15.0,474.7,33.2,434.8,514.5,3.2,249.5,4.0,22.0,14.0,52.0,3.0,1.0,4.0,25.0,29.5,21.0,-2.61,-0.7288252469870805,21.06,16.41,25.59,11.4,29.22,4.62,MODERATE,Rain-Shadow Plateau Topography,Manual demo override,MANUAL_OVERRIDE,,2026-09-09,,,,NOT_REQUESTED,30.2,21.7,68.4
MH_487_550160,Galne,Galne,Malegaon,Nashik,20.76765,74.53523,201.31,68.66,-15.0,471.8,33.0,432.2,511.4,3.2,250.5,4.0,22.0,14.0,52.0,3.0,1.0,4.0,25.0,29.5,21.0,-2.63,-0.9567545752515272,20.83,16.3,25.23,10.97,29.36,4.65,MODERATE,Rain-Shadow Plateau Topography,Manual demo override,MANUAL_OVERRIDE,,2026-09-09,,,,NOT_REQUESTED,30.3,21.8,68.3
MH_487_550182,Tingri,Tingri,Malegaon,Nashik,20.74724,74.56475,203.56,72.19,-15.0,468.2,32.8,428.9,507.6,3.2,251.7,4.0,22.0,14.0,52.0,3.0,1.0,4.0,25.0,29.5,21.0,-2.63,-0.9832231441914047,20.63,15.97,25.34,11.19,28.95,4.59,MODERATE,Rain-Shadow Plateau Topography,Manual demo override,MANUAL_OVERRIDE,,2026-09-09,,,,NOT_REQUESTED,30.3,21.8,68.3
MH_487_550187,Karanj Gavhan,Karanj Gavhan,Malegaon,Nashik,20.6618,74.53951,198.43,73.7,-15.0,471.3,33.0,431.7,510.9,3.2,250.7,4.0,22.0,14.0,52.0,3.0,1.0,4.0,25.0,29.5,21.0,-2.63,-0.79814082611493,20.82,16.07,25.54,10.94,29.02,4.7,MODERATE,Rain-Shadow Plateau Topography,Manual demo override,MANUAL_OVERRIDE,,2026-09-09,,,,NOT_REQUESTED,30.3,21.8,68.3
MH_487_550189,Khadaki,Khadaki,Malegaon,Nashik,20.62691,74.55789,199.35,69.97,-15.0,469.1,32.8,429.7,508.4,3.2,251.4,4.0,22.0,14.0,52.0,3.0,1.0,4.0,25.0,29.5,21.0,-2.63,-0.7950495358823338,20.93,16.14,25.87,11.17,29.46,4.77,MODERATE,Rain-Shadow Plateau Topography,Manual demo override,MANUAL_OVERRIDE,,2026-09-09,,,,NOT_REQUESTED,30.3,21.8,68.4
MH_487_550208,Manke,Manke,Malegaon,Nashik,20.62447,74.61818,205.39,70.52,-15.0,461.8,32.3,423.1,500.6,3.2,254.0,4.0,22.0,14.0,52.0,3.0,1.0,4.0,25.0,29.5,21.0,-2.63,-0.9714149287183912,20.66,16.03,25.02,10.92,29.31,4.65,MODERATE,Rain-Shadow Plateau Topography,Manual demo override,MANUAL_OVERRIDE,,2026-09-09,,,,NOT_REQUESTED,30.3,21.8,68.3
MH_487_550207,Devarpada,Devarpada,Malegaon,Nashik,20.62289,74.65065,208.65,71.02,-15.0,457.9,32.1,419.4,496.4,3.2,255.3,4.0,22.0,14.0,52.0,3.0,1.0,4.0,25.0,29.5,21.0,-2.63,-1.0666959335651336,20.65,15.87,25.66,11.04,28.73,4.7,MODERATE,Rain-Shadow Plateau Topography,Manual demo override,MANUAL_OVERRIDE,,2026-09-09,,,,NOT_REQUESTED,30.4,21.9,68.3
MH_487_550188,Hatane,Hatane,Malegaon,Nashik,20.6588,74.56619,201.04,73.58,-15.0,468.1,32.8,428.7,507.4,3.2,251.8,4.0,22.0,14.0,52.0,3.0,1.0,4.0,25.0,29.5,21.0,-2.63,-0.858908198462536,20.93,16.83,25.26,11.2,28.94,4.5,MODERATE,Rain-Shadow Plateau Topography,Manual demo override,MANUAL_OVERRIDE,,2026-09-09,,,,NOT_REQUESTED,30.3,21.8,68.4
MH_487_550183,Dahidi,Dahidi,Malegaon,Nashik,20.70831,74.55377,201.23,75.35,-15.0,469.5,32.9,430.1,509.0,3.2,251.3,4.0,22.0,14.0,52.0,3.0,1.0,4.0,25.0,29.5,21.0,-2.63,-0.9004440285675991,20.75,16.2,25.51,11.12,29.04,4.59,MODERATE,Rain-Shadow Plateau Topography,Manual demo override,MANUAL_OVERRIDE,,2026-09-09,,,,NOT_REQUESTED,30.3,21.8,68.3
MH_487_550181,Vanpat,Vanpat,Malegaon,Nashik,20.73745,74.59001,205.76,74.51,-15.0,465.2,32.6,426.1,504.3,3.2,252.8,4.0,22.0,14.0,52.0,3.0,1.0,4.0,25.0,29.5,21.0,-2.63,-1.0229478637804634,20.72,16.25,25.25,11.15,29.31,4.64,MODERATE,Rain-Shadow Plateau Topography,Manual demo override,MANUAL_OVERRIDE,,2026-09-09,,,,NOT_REQUESTED,30.3,21.8,68.3
MH_487_550201,Jalku,Jalku,Malegaon,Nashik,20.6489,74.63301,207.52,73.47,-15.0,460.0,32.2,421.4,498.7,3.2,254.6,4.0,22.0,14.0,52.0,3.0,1.0,4.0,25.0,29.5,21.0,-2.63,-1.0305504391243496,20.6,15.93,25.27,11.22,28.79,4.62,MODERATE,Rain-Shadow Plateau Topography,Manual demo override,MANUAL_OVERRIDE,,2026-09-09,,,,NOT_REQUESTED,30.3,21.8,68.2
MH_487_550178,Bharadenagar,Bharadenagar,Malegaon,Nashik,20.79121,74.62049,210.55,71.45,-15.0,461.5,32.3,422.8,500.3,3.2,254.1,4.0,22.0,14.0,52.0,3.0,1.0,4.0,25.0,29.5,21.0,-2.63,-1.1628264084970863,20.46,16.12,24.68,10.65,28.78,4.68,MODERATE,Rain-Shadow Plateau Topography,Manual demo override,MANUAL_OVERRIDE,,2026-09-09,,,,NOT_REQUESTED,30.3,21.8,68.2
MH_487_550177,Dongrale,Dongrale,Malegaon,Nashik,20.78868,74.58552,207.01,69.52,-15.0,465.7,32.6,426.6,504.9,3.2,252.6,4.0,22.0,14.0,52.0,3.0,1.0,4.0,25.0,29.5,21.0,-2.63,-1.0888732427481538,20.58,15.99,25.04,11.2,28.8,4.55,MODERATE,Rain-Shadow Plateau Topography,Manual demo override,MANUAL_OVERRIDE,,2026-09-09,,,,NOT_REQUESTED,30.3,21.8,68.2
MH_487_550179,Ghanegaon,Ghanegaon,Malegaon,Nashik,20.76146,74.64432,211.93,75.58,-15.0,458.7,32.1,420.2,497.2,3.2,255.1,4.0,22.0,14.0,52.0,3.0,1.0,4.0,25.0,29.5,21.0,-2.63,-1.1731105772650525,20.55,16.03,24.81,11.14,28.75,4.65,MODERATE,Rain-Shadow Plateau Topography,Manual demo override,MANUAL_OVERRIDE,,2026-09-09,,,,NOT_REQUESTED,30.3,21.8,68.2
MH_487_550180,Kaulane,Kaulane,Malegaon,Nashik,20.74443,74.62414,209.38,75.86,-15.0,461.1,32.3,422.3,499.9,3.2,254.2,4.0,22.0,14.0,52.0,3.0,1.0,4.0,25.0,29.5,21.0,-2.63,-1.1077622492877577,20.54,15.9,25.26,10.71,29.06,4.65,MODERATE,Rain-Shadow Plateau Topography,Manual demo override,MANUAL_OVERRIDE,,2026-09-09,,,,NOT_REQUESTED,30.3,21.8,68.2
MH_487_550196,Rajmane,Rajmane,Malegaon,Nashik,20.70924,74.6187,207.76,78.77,-15.0,461.8,32.3,423.0,500.5,3.2,254.0,4.0,22.0,14.0,52.0,3.0,1.0,4.0,25.0,29.5,21.0,-2.63,-1.0522148825888065,20.66,15.63,25.83,10.76,29.13,4.68,MODERATE,Rain-Shadow Plateau Topography,Manual demo override,MANUAL_OVERRIDE,,2026-09-09,,,,NOT_REQUESTED,30.3,21.8,68.3
MH_487_550197,Lakhani,Lakhani,Malegaon,Nashik,20.70842,74.64358,210.23,80.18,-15.0,458.8,32.1,420.2,497.3,3.2,255.0,4.0,22.0,14.0,52.0,3.0,1.0,4.0,25.0,29.5,21.0,-2.63,-1.1108609114559,20.56,16.09,25.43,11.11,28.71,4.63,MODERATE,Rain-Shadow Plateau Topography,Manual demo override,MANUAL_OVERRIDE,,2026-09-09,,,,NOT_REQUESTED,30.3,21.8,68.2
MH_487_550199,Tokade,Tokade,Malegaon,Nashik,20.66685,74.59817,204.48,74.85,-15.0,464.2,32.5,425.2,503.2,3.2,253.1,4.0,22.0,14.0,52.0,3.0,1.0,4.0,25.0,29.5,21.0,-2.63,-0.9522106551229859,20.73,16.28,25.5,11.0,28.97,4.56,MODERATE,Rain-Shadow Plateau Topography,Manual demo override,MANUAL_OVERRIDE,,2026-09-09,,,,NOT_REQUESTED,30.3,21.8,68.3
MH_487_550200,Mohapada,Mohapada,Malegaon,Nashik,20.63975,74.59995,203.94,71.9,-15.0,464.0,32.5,425.0,503.0,3.2,253.2,4.0,22.0,14.0,52.0,3.0,1.0,4.0,25.0,29.5,21.0,-2.63,-0.9293006097911507,20.81,16.27,25.32,11.38,29.1,4.68,MODERATE,Rain-Shadow Plateau Topography,Manual demo override,MANUAL_OVERRIDE,,2026-09-09,,,,NOT_REQUESTED,30.3,21.8,68.3
MH_487_550198,Astane,Astane,Malegaon,Nashik,20.67976,74.63837,208.89,76.95,-15.0,459.4,32.2,420.8,498.0,3.2,254.8,4.0,22.0,14.0,52.0,3.0,1.0,4.0,25.0,29.5,21.0,-2.63,-1.0700970598994832,20.73,15.86,25.13,10.87,28.95,4.63,MODERATE,Rain-Shadow Plateau Topography,Manual demo override,MANUAL_OVERRIDE,,2026-09-09,,,,NOT_REQUESTED,30.3,21.8,68.3
MH_487_550202,Kandhane,Kandhane,Malegaon,Nashik,20.67792,74.66471,211.5,77.31,-15.0,456.2,31.9,418.0,494.5,3.2,255.9,4.0,22.0,14.0,52.0,3.0,1.0,4.0,25.0,29.5,21.0,-2.63,-1.135468633599687,20.57,15.64,25.23,10.68,28.73,4.65,MODERATE,Rain-Shadow Plateau Topography,Manual demo override,MANUAL_OVERRIDE,,2026-09-09,,,,NOT_REQUESTED,30.4,21.9,68.2
MH_487_550203,Zodge,Zodge,Malegaon,Nashik,20.6595,74.68109,212.66,75.72,-15.0,454.3,31.8,416.1,492.4,3.2,256.6,4.0,22.0,14.0,52.0,3.0,1.0,4.0,25.0,29.5,21.0,-2.63,-1.1650658327281629,20.56,16.05,25.39,10.98,28.76,4.55,MODERATE,Rain-Shadow Plateau Topography,Manual demo override,MANUAL_OVERRIDE,,2026-09-09,,,,NOT_REQUESTED,30.4,21.9,68.2
MH_487_550204,Gugulwad,Gugulwad,Malegaon,Nashik,20.65471,74.71458,215.92,76.16,-15.0,450.3,31.5,412.5,488.1,3.2,258.0,4.0,22.0,14.0,52.0,3.0,1.0,4.0,25.0,29.5,21.0,-0.0,-1.2451294556847998,23.11,17.88,27.81,13.62,31.67,4.68,MODERATE,Rain-Shadow Plateau Topography,Manual demo override,MANUAL_OVERRIDE,,2026-09-09,,,,NOT_REQUESTED,30.1,21.6,69.2
MH_487_550206,Bhilkot,Bhilkot,Malegaon,Nashik,20.62641,74.70197,213.95,72.77,-15.0,451.8,31.6,413.8,489.7,3.2,257.5,4.0,22.0,14.0,52.0,3.0,1.0,4.0,25.0,29.5,21.0,-0.0,-1.206421673482117,23.11,18.47,27.72,13.05,31.62,4.66,MODERATE,Rain-Shadow Plateau Topography,Manual demo override,MANUAL_OVERRIDE,,2026-09-09,,,,NOT_REQUESTED,30.1,21.6,69.2
MH_487_550285,Sherul,Sherul,Malegaon,Nashik,20.61785,74.7309,216.69,72.8,-15.0,448.3,31.4,410.6,486.0,3.2,258.7,4.0,22.0,14.0,52.0,3.0,1.0,4.0,25.0,29.5,21.0,-0.0,-1.2755775799837015,23.07,18.59,27.51,12.72,31.47,4.64,MODERATE,Rain-Shadow Plateau Topography,Manual demo override,MANUAL_OVERRIDE,,2026-09-09,,,,NOT_REQUESTED,30.2,21.7,69.2
MH_487_550381,Rankhede,Rankhede,Nandgaon,Nashik,20.34685,74.78295,217.88,48.58,-15.0,442.0,30.9,405.0,479.1,3.2,260.9,4.0,22.0,14.0,52.0,3.0,1.0,4.0,25.0,29.5,21.0,-0.0,-1.4953902881968293,22.82,18.27,27.18,13.2,31.12,4.62,MODERATE,Rain-Shadow Plateau Topography,Manual demo override,MANUAL_OVERRIDE,,2026-09-09,,,,NOT_REQUESTED,30.2,21.7,69.1
MH_487_550385,Pimparkhed,Pimparkhed,Nandgaon,Nashik,20.30161,74.77428,216.58,44.1,-15.0,443.1,31.0,405.9,480.3,3.2,260.5,4.0,22.0,14.0,52.0,3.0,1.0,4.0,25.0,29.5,21.0,-0.0,-1.4699274507032487,22.84,18.21,27.86,13.18,31.47,4.69,MODERATE,Rain-Shadow Plateau Topography,Manual demo override,MANUAL_OVERRIDE,,2026-09-09,,,,NOT_REQUESTED,30.2,21.7,69.1
MH_487_550393,Chinchvihir,Chinchvihir,Nandgaon,Nashik,20.27408,74.77257,215.92,41.7,-15.0,443.3,31.0,406.1,480.5,3.2,260.4,4.0,22.0,14.0,52.0,3.0,1.0,4.0,25.0,29.5,21.0,-0.0,-1.4316769726515517,22.83,17.88,27.83,13.23,31.04,4.61,MODERATE,Rain-Shadow Plateau Topography,Manual demo override,MANUAL_OVERRIDE,,2026-09-09,,,,NOT_REQUESTED,30.2,21.7,69.1
MH_487_550394,Kusumtel,Kusumtel,Nandgaon,Nashik,20.25788,74.80168,218.66,42.59,-15.0,439.8,30.8,402.8,476.8,3.2,261.7,4.0,22.0,14.0,52.0,3.0,1.0,4.0,25.0,29.5,21.0,-0.0,-1.3956717902380196,22.93,17.78,27.73,13.33,30.92,4.65,MODERATE,Rain-Shadow Plateau Topography,Manual demo override,MANUAL_OVERRIDE,,2026-09-09,,,,NOT_REQUESTED,30.2,21.7,69.2
MH_487_550404,Rohile Bk,Rohile Bk,Nandgaon,Nashik,20.16283,74.91704,229.43,47.17,-15.0,426.0,29.8,390.2,461.7,3.2,266.5,4.0,22.0,14.0,52.0,3.0,1.0,4.0,25.0,29.5,21.0,-0.0,-1.2086335182673933,23.2,18.31,28.11,13.73,31.64,4.68,MODERATE,Rain-Shadow Plateau Topography,Manual demo override,MANUAL_OVERRIDE,,2026-09-09,,,,NOT_REQUESTED,30.3,21.8,69.3
MH_487_550403,Bolthan,Bolthan,Nandgaon,Nashik,20.19523,74.91496,229.55,48.47,-15.0,426.2,29.8,390.4,462.0,3.2,266.4,4.0,22.0,14.0,52.0,3.0,1.0,4.0,25.0,29.5,21.0,-0.0,-1.2740360138326443,23.12,18.36,28.14,13.01,31.86,4.7,MODERATE,Rain-Shadow Plateau Topography,Manual demo override,MANUAL_OVERRIDE,,2026-09-09,,,,NOT_REQUESTED,30.3,21.8,69.2
MH_487_550402,Jawalki,Jawalki,Nandgaon,Nashik,20.19199,74.89243,227.18,46.21,-15.0,428.9,30.0,392.9,464.9,3.2,265.5,4.0,22.0,14.0,52.0,3.0,1.0,4.0,25.0,29.5,21.0,-0.0,-1.2649696445038783,23.16,18.6,27.75,13.69,31.4,4.56,MODERATE,Rain-Shadow Plateau Topography,Manual demo override,MANUAL_OVERRIDE,,2026-09-09,,,,NOT_REQUESTED,30.3,21.8,69.3
MH_487_550401,Gondegaon,Gondegaon,Nandgaon,Nashik,20.19134,74.86394,224.21,43.56,-15.0,432.3,30.3,396.0,468.7,3.2,264.3,4.0,22.0,14.0,52.0,3.0,1.0,4.0,25.0,29.5,21.0,-0.0,-1.2600621760685262,23.08,18.4,28.06,13.74,31.51,4.59,MODERATE,Rain-Shadow Plateau Topography,Manual demo override,MANUAL_OVERRIDE,,2026-09-09,,,,NOT_REQUESTED,30.3,21.8,69.2
MH_487_550380,Chandore,Chandore,Nandgaon,Nashik,20.33416,74.75115,214.47,45.47,-15.0,445.9,31.2,408.4,483.3,3.2,259.5,4.0,22.0,14.0,52.0,3.0,1.0,4.0,25.0,29.5,21.0,-0.0,-1.5013174544039656,22.87,18.1,27.87,13.31,31.6,4.73,MODERATE,Rain-Shadow Plateau Topography,Manual demo override,MANUAL_OVERRIDE,,2026-09-09,,,,NOT_REQUESTED,30.2,21.7,69.1
MH_487_550400,Jategaon,Jategaon,Nandgaon,Nashik,20.22533,74.88364,226.67,47.25,-15.0,430.0,30.1,393.8,466.1,3.2,265.1,4.0,22.0,14.0,52.0,3.0,1.0,4.0,25.0,29.5,21.0,-0.0,-1.3292322837789317,22.99,18.25,27.84,13.03,31.33,4.67,MODERATE,Rain-Shadow Plateau Topography,Manual demo override,MANUAL_OVERRIDE,,2026-09-09,,,,NOT_REQUESTED,30.3,21.8,69.2
MH_487_550398,Lodhare,Lodhare,Nandgaon,Nashik,20.26061,74.91613,230.53,52.22,-15.0,426.1,29.8,390.3,461.8,3.2,266.5,4.0,22.0,14.0,52.0,3.0,1.0,4.0,25.0,29.5,21.0,-0.0,-1.3880023173432108,22.93,18.19,27.66,13.54,31.25,4.61,MODERATE,Rain-Shadow Plateau Topography,Manual demo override,MANUAL_OVERRIDE,,2026-09-09,,,,NOT_REQUESTED,30.3,21.8,69.2
MH_487_550399,Vasantnagar,Vasantnagar,Nandgaon,Nashik,20.23652,74.86263,224.65,46.1,-15.0,432.5,30.3,396.1,468.8,3.2,264.2,4.0,22.0,14.0,52.0,3.0,1.0,4.0,25.0,29.5,21.0,-0.0,-1.3500097073249588,23.02,18.34,27.88,13.28,31.3,4.66,MODERATE,Rain-Shadow Plateau Topography,Manual demo override,MANUAL_OVERRIDE,,2026-09-09,,,,NOT_REQUESTED,30.3,21.8,69.2
MH_487_550397,Chandanpuri,Chandanpuri,Nandgaon,Nashik,20.26311,74.87247,226.06,48.66,-15.0,431.3,30.2,395.1,467.5,3.2,264.6,4.0,22.0,14.0,52.0,3.0,1.0,4.0,25.0,29.5,21.0,-0.0,-1.3939966061347753,22.95,18.66,27.74,13.67,31.39,4.57,MODERATE,Rain-Shadow Plateau Topography,Manual demo override,MANUAL_OVERRIDE,,2026-09-09,,,,NOT_REQUESTED,30.3,21.8,69.2
MH_487_550396,Dheku Bk,Dheku Bk,Nandgaon,Nashik,20.25992,74.8476,223.44,46.39,-15.0,434.3,30.4,397.8,470.8,3.2,263.6,4.0,22.0,14.0,52.0,3.0,1.0,4.0,25.0,29.5,21.0,-0.0,-1.391676500790158,23.08,18.24,28.4,13.33,31.33,4.65,MODERATE,Rain-Shadow Plateau Topography,Manual demo override,MANUAL_OVERRIDE,,2026-09-09,,,,NOT_REQUESTED,30.3,21.8,69.2
MH_487_550395,Dheku Kh,Dheku Kh,Nandgaon,Nashik,20.2593,74.83486,222.11,45.32,-15.0,435.8,30.5,399.2,472.4,3.2,263.1,4.0,22.0,14.0,52.0,3.0,1.0,4.0,25.0,29.5,21.0,-0.0,-1.3924275144853486,22.85,18.25,27.59,13.6,31.11,4.56,MODERATE,Rain-Shadow Plateau Topography,Manual demo override,MANUAL_OVERRIDE,,2026-09-09,,,,NOT_REQUESTED,30.2,21.7,69.1
MH_487_550382,Hingane Dehere,Hingane Dehere,Nandgaon,Nashik,20.32543,74.85506,225.23,51.8,-15.0,433.4,30.3,397.0,469.8,3.2,263.9,4.0,22.0,14.0,52.0,3.0,1.0,4.0,25.0,29.5,21.0,-0.0,-1.4722974430725062,22.89,18.35,27.73,13.11,31.46,4.64,MODERATE,Rain-Shadow Plateau Topography,Manual demo override,MANUAL_OVERRIDE,,2026-09-09,,,,NOT_REQUESTED,30.3,21.8,69.2
MH_487_550383,Pimpri_Haveli,Pimpri_Haveli,Nandgaon,Nashik,20.30499,74.83878,223.28,49.0,-15.0,435.3,30.5,398.7,471.9,3.2,263.2,4.0,22.0,14.0,52.0,3.0,1.0,4.0,25.0,29.5,21.0,-0.0,-1.4548209626734083,23.02,18.6,27.84,13.55,31.48,4.65,MODERATE,Rain-Shadow Plateau Topography,Manual demo override,MANUAL_OVERRIDE,,2026-09-09,,,,NOT_REQUESTED,30.2,21.7,69.2
MH_487_550384,Pardhadi,Pardhadi,Nandgaon,Nashik,20.30288,74.8081,220.08,46.57,-15.0,439.0,30.7,402.2,475.9,3.2,261.9,4.0,22.0,14.0,52.0,3.0,1.0,4.0,25.0,29.5,21.0,-0.0,-1.4597255006326046,22.9,18.42,27.36,13.29,31.23,4.62,MODERATE,Rain-Shadow Plateau Topography,Manual demo override,MANUAL_OVERRIDE,,2026-09-09,,,,NOT_REQUESTED,30.2,21.7,69.2
MH_487_550373,Birole,Birole,Nandgaon,Nashik,20.37284,74.78291,218.09,50.9,-15.0,442.1,30.9,405.0,479.1,3.2,260.9,4.0,22.0,14.0,52.0,3.0,1.0,4.0,25.0,29.5,21.0,-0.0,-1.4949101687701234,22.77,18.09,27.29,13.25,30.93,4.59,MODERATE,Rain-Shadow Plateau Topography,Manual demo override,MANUAL_OVERRIDE,,2026-09-09,,,,NOT_REQUESTED,30.2,21.7,69.1
MH_487_550372,Naydongari,Naydongari,Nandgaon,Nashik,20.35859,74.82618,222.46,52.43,-15.0,436.9,30.6,400.1,473.6,3.2,262.7,4.0,22.0,14.0,52.0,3.0,1.0,4.0,25.0,29.5,21.0,-0.0,-1.4948851455949352,22.76,17.99,27.68,13.15,31.26,4.69,MODERATE,Rain-Shadow Plateau Topography,Manual demo override,MANUAL_OVERRIDE,,2026-09-09,,,,NOT_REQUESTED,30.2,21.7,69.1
MH_487_550392,Kasari,Kasari,Nandgaon,Nashik,20.22718,74.76394,214.31,37.38,-15.0,444.3,31.1,407.0,481.6,3.2,260.1,4.0,22.0,14.0,52.0,3.0,1.0,4.0,25.0,29.5,21.0,-0.0,-1.332405000685485,22.95,18.39,27.43,13.26,31.2,4.55,MODERATE,Rain-Shadow Plateau Topography,Manual demo override,MANUAL_OVERRIDE,,2026-09-09,,,,NOT_REQUESTED,30.2,21.7,69.2
MH_487_550388,Ganeshnagar,Ganeshnagar,Nandgaon,Nashik,20.2332,74.75119,213.07,36.88,-15.0,445.9,31.2,408.4,483.3,3.2,259.5,4.0,22.0,14.0,52.0,3.0,1.0,4.0,25.0,29.5,21.0,-0.0,-1.3464133658589303,23.02,18.16,27.81,13.3,31.28,4.57,MODERATE,Rain-Shadow Plateau Topography,Manual demo override,MANUAL_OVERRIDE,,2026-09-09,,,,NOT_REQUESTED,30.2,21.7,69.2
MH_487_550297,Nardane,Nardane,Malegaon,Nashik,20.5089,74.74653,216.1,62.16,-15.0,446.4,31.2,409.0,483.9,3.2,259.4,4.0,22.0,14.0,52.0,3.0,1.0,4.0,25.0,29.5,21.0,-0.0,-1.3541612981953777,22.98,18.5,27.55,13.0,31.47,4.67,MODERATE,Rain-Shadow Plateau Topography,Manual demo override,MANUAL_OVERRIDE,,2026-09-09,,,,NOT_REQUESTED,30.2,21.7,69.2
MH_487_550289,Sakur,Sakur,Malegaon,Nashik,20.55066,74.78137,220.43,67.9,-15.0,442.2,31.0,405.0,479.4,3.2,260.8,4.0,22.0,14.0,52.0,3.0,1.0,4.0,25.0,29.5,21.0,-0.0,-1.3928457735628597,22.85,18.41,27.53,12.84,30.9,4.68,MODERATE,Rain-Shadow Plateau Topography,Manual demo override,MANUAL_OVERRIDE,,2026-09-09,,,,NOT_REQUESTED,30.2,21.7,69.1
MH_487_550288,Dapur,Dapur,Malegaon,Nashik,20.57068,74.75663,218.29,68.87,-15.0,445.2,31.2,407.8,482.6,3.2,259.8,4.0,22.0,14.0,52.0,3.0,1.0,4.0,25.0,29.5,21.0,-0.0,-1.338828574975789,22.87,18.56,28.11,12.97,31.29,4.68,MODERATE,Rain-Shadow Plateau Topography,Manual demo override,MANUAL_OVERRIDE,,2026-09-09,,,,NOT_REQUESTED,30.2,21.7,69.1
MH_487_550287,Deoghat,Deoghat,Malegaon,Nashik,20.59285,74.78781,221.94,72.43,-15.0,441.5,30.9,404.4,478.5,3.2,261.1,4.0,22.0,14.0,52.0,3.0,1.0,4.0,25.0,29.5,21.0,-0.0,-1.3953911539231736,22.97,18.56,28.26,13.14,31.03,4.7,MODERATE,Rain-Shadow Plateau Topography,Manual demo override,MANUAL_OVERRIDE,,2026-09-09,,,,NOT_REQUESTED,30.2,21.7,69.2
MH_487_550371,Sawargaon,Sawargaon,Nandgaon,Nashik,20.40825,74.80728,220.97,55.58,-15.0,439.1,30.7,402.3,476.0,3.2,261.9,4.0,22.0,14.0,52.0,3.0,1.0,4.0,25.0,29.5,21.0,-0.0,-1.492120594293938,22.8,18.01,27.37,13.44,31.12,4.52,MODERATE,Rain-Shadow Plateau Topography,Manual demo override,MANUAL_OVERRIDE,,2026-09-09,,,,NOT_REQUESTED,30.2,21.7,69.1
MH_487_550365,Amode,Amode,Nandgaon,Nashik,20.49507,74.76858,218.14,61.77,-15.0,443.8,31.1,406.5,481.1,3.2,260.3,4.0,22.0,14.0,52.0,3.0,1.0,4.0,25.0,29.5,21.0,-0.0,-1.4022952269227889,23.01,18.48,27.42,13.18,31.29,4.59,MODERATE,Rain-Shadow Plateau Topography,Manual demo override,MANUAL_OVERRIDE,,2026-09-09,,,,NOT_REQUESTED,30.2,21.7,69.2
MH_487_550364,Borale,Borale,Nandgaon,Nashik,20.48218,74.75352,216.39,59.78,-15.0,445.6,31.2,408.1,483.0,3.2,259.6,4.0,22.0,14.0,52.0,3.0,1.0,4.0,25.0,29.5,21.0,-0.0,-1.3896084651083955,22.98,18.4,27.86,13.65,31.13,4.54,MODERATE,Rain-Shadow Plateau Topography,Manual demo override,MANUAL_OVERRIDE,,2026-09-09,,,,NOT_REQUESTED,30.2,21.7,69.2
MH_487_550370,Palashi,Palashi,Nandgaon,Nashik,20.42775,74.78421,218.81,56.05,-15.0,441.9,30.9,404.8,479.0,3.2,260.9,4.0,22.0,14.0,52.0,3.0,1.0,4.0,25.0,29.5,21.0,-0.0,-1.4697815881203,22.92,18.05,27.58,13.18,30.9,4.6,MODERATE,Rain-Shadow Plateau Topography,Manual demo override,MANUAL_OVERRIDE,,2026-09-09,,,,NOT_REQUESTED,30.2,21.7,69.2
MH_487_550366,Manglane,Manglane,Nandgaon,Nashik,20.46001,74.78533,219.35,59.18,-15.0,441.8,30.9,404.7,478.8,3.2,261.0,4.0,22.0,14.0,52.0,3.0,1.0,4.0,25.0,29.5,21.0,-0.0,-1.4493726608715536,22.92,18.41,27.34,13.22,31.29,4.6,MODERATE,Rain-Shadow Plateau Topography,Manual demo override,MANUAL_OVERRIDE,,2026-09-09,,,,NOT_REQUESTED,30.2,21.7,69.2
MH_487_550283,Padalde,Padalde,Malegaon,Nashik,20.63276,74.78855,222.9,76.52,-15.0,441.4,30.9,404.3,478.5,3.2,261.1,4.0,22.0,14.0,52.0,3.0,1.0,4.0,25.0,29.5,21.0,-0.0,-1.3988117122418426,22.93,18.25,27.88,13.3,31.54,4.72,MODERATE,Rain-Shadow Plateau Topography,Manual demo override,MANUAL_OVERRIDE,,2026-09-09,,,,NOT_REQUESTED,30.2,21.7,69.2
MH_487_550286,Hiswal Bk,Hiswal Bk,Malegaon,Nashik,20.61605,74.75616,219.22,73.53,-15.0,445.3,31.2,407.8,482.7,3.2,259.8,4.0,22.0,14.0,52.0,3.0,1.0,4.0,25.0,29.5,21.0,-0.0,-1.3316196081685645,22.99,18.81,27.52,13.09,31.74,4.76,MODERATE,Rain-Shadow Plateau Topography,Manual demo override,MANUAL_OVERRIDE,,2026-09-09,,,,NOT_REQUESTED,30.2,21.7,69.2
MH_487_550205,Palasdare,Palasdare,Malegaon,Nashik,20.6518,74.75242,219.69,77.11,-15.0,445.7,31.2,408.3,483.1,3.2,259.6,4.0,22.0,14.0,52.0,3.0,1.0,4.0,25.0,29.5,21.0,-0.0,-1.3296325656315224,22.93,18.14,27.35,13.4,31.23,4.64,MODERATE,Rain-Shadow Plateau Topography,Manual demo override,MANUAL_OVERRIDE,,2026-09-09,,,,NOT_REQUESTED,30.2,21.7,69.2
MH_487_550252,Jalgaon,Jalgaon,Malegaon,Nashik,20.40953,74.48545,187.65,45.56,-15.0,477.7,33.4,437.7,517.8,3.2,248.4,4.0,22.0,14.0,52.0,3.0,1.0,4.0,25.0,29.5,21.0,-2.61,-0.7386723077983138,20.98,16.21,26.08,11.33,29.23,4.69,MODERATE,Rain-Shadow Plateau Topography,Manual demo override,MANUAL_OVERRIDE,,2026-09-09,,,,NOT_REQUESTED,30.3,21.8,68.4
MH_487_550876,Kacharpada,Kacharpada,Trimbakeshwar,Nashik,20.02822,73.38792,69.05,17.79,35.0,918.5,64.3,841.4,995.7,14.5,202.3,52.0,18.0,8.0,16.0,2.0,4.0,0.0,25.0,29.5,21.0,4.06,-0.20833624110921362,27.95,23.07,32.22,18.35,36.06,4.49,MODERATE,Orographic Sahyadri Elevation Gradient,Manual demo override,MANUAL_OVERRIDE,,2026-09-09,,,,NOT_REQUESTED,26.8,18.3,71.2
MH_487_550861,Walan,Walan,Trimbakeshwar,Nashik,20.07583,73.29562,60.25,28.77,19.5,976.0,68.3,894.1,1058.0,14.5,198.4,52.0,18.0,8.0,16.0,2.0,4.0,0.0,25.0,29.5,21.0,4.23,-0.30175789831385086,27.92,23.27,32.51,17.82,36.55,4.68,MODERATE,Orographic Sahyadri Elevation Gradient,Manual demo override,MANUAL_OVERRIDE,,2026-09-09,,,,NOT_REQUESTED,26.4,17.9,71.2
MH_487_551023,Shevgedang,Shevgedang,Igatpuri,Nashik,19.8442,73.54794,86.65,10.82,43.0,814.2,57.0,745.8,882.6,14.5,209.0,52.0,18.0,8.0,16.0,2.0,4.0,0.0,25.0,29.5,21.0,2.76,0.8138065880535823,28.02,23.21,31.95,18.87,35.84,4.49,MODERATE,Orographic Sahyadri Elevation Gradient,Manual demo override,MANUAL_OVERRIDE,,2026-09-09,,,,NOT_REQUESTED,27.4,18.9,71.2
MH_487_550572,Manori,Manori,Dindori,Nashik,20.0909,73.80738,113.35,11.37,-0.2,559.1,39.1,512.2,606.0,3.2,219.9,8.0,6.0,4.0,72.0,6.0,4.0,0.0,25.0,29.5,21.0,2.57,0.7354489924212382,27.71,23.04,32.16,17.69,36.44,4.67,MODERATE,Horticultural Orchard Microclimate,Manual demo override,MANUAL_OVERRIDE,,2026-09-09,,,,NOT_REQUESTED,29.1,20.6,71.1
MH_487_550975,Govardhan,Govardhan,Nashik,Nashik,20.03465,73.71241,102.9,9.51,2.0,724.1,50.7,663.3,785.0,14.5,215.9,8.0,6.0,4.0,72.0,6.0,4.0,0.0,25.0,29.5,21.0,2.57,0.6021469724734175,27.49,21.39,33.18,17.68,36.44,4.86,MODERATE,Orographic Sahyadri Elevation Gradient,Manual demo override,MANUAL_OVERRIDE,,2026-09-09,,,,NOT_REQUESTED,28.0,19.5,71.0
MH_487_551220,Atkawade,Atkawade,Sinnar,Nashik,19.80026,73.99464,132.82,30.05,-4.4,536.6,37.6,491.5,581.8,3.2,227.8,12.0,14.0,10.0,58.0,4.0,2.0,0.0,25.0,29.5,21.0,2.63,0.9585616979707264,27.81,23.32,32.59,17.96,36.23,4.63,MODERATE,Rain-Shadow Plateau Topography,Manual demo override,MANUAL_OVERRIDE,,2026-09-09,,,,NOT_REQUESTED,29.6,21.1,71.1
MH_487_551161,Gurewadi,Gurewadi,Sinnar,Nashik,19.81938,74.03352,137.32,30.06,-5.3,532.0,37.2,487.3,576.6,3.2,229.4,12.0,14.0,10.0,58.0,4.0,2.0,0.0,25.0,29.5,21.0,1.7,0.8362671137114425,26.85,22.16,31.18,17.0,35.35,4.68,MODERATE,Rain-Shadow Plateau Topography,Manual demo override,MANUAL_OVERRIDE,,2026-09-09,,,,NOT_REQUESTED,29.6,21.1,70.7
MH_487_551361,Manori Kh,Manori Kh,Niphad,Nashik,20.03965,74.29718,163.93,20.06,-11.2,500.3,35.0,458.3,542.3,3.2,240.5,8.0,6.0,4.0,72.0,6.0,4.0,0.0,25.0,29.5,21.0,-2.53,-0.08780150280962862,21.71,17.01,26.46,12.03,30.09,4.68,MODERATE,Horticultural Orchard Microclimate,Manual demo override,MANUAL_OVERRIDE,,2026-09-09,,,,NOT_REQUESTED,30.0,21.5,68.7
MH_487_551375,Sonewadi Kh,Sonewadi Kh,Niphad,Nashik,20.11112,74.14914,149.07,5.36,-7.9,518.1,36.3,474.5,561.7,3.2,234.3,8.0,6.0,4.0,72.0,6.0,4.0,0.0,25.0,29.5,21.0,-2.53,-0.14079421441855966,21.69,16.92,26.55,12.15,29.9,4.61,MODERATE,Horticultural Orchard Microclimate,Manual demo override,MANUAL_OVERRIDE,,2026-09-09,,,,NOT_REQUESTED,29.9,21.4,68.7
MH_487_551376,Sonewadi Bk,Sonewadi Bk,Niphad,Nashik,20.11026,74.16889,151.12,7.01,-8.3,515.7,36.1,472.4,559.1,3.2,235.1,8.0,6.0,4.0,72.0,6.0,4.0,0.0,25.0,29.5,21.0,-2.53,-0.1448149561450411,21.65,17.05,26.48,11.81,29.7,4.6,MODERATE,Horticultural Orchard Microclimate,Manual demo override,MANUAL_OVERRIDE,,2026-09-09,,,,NOT_REQUESTED,29.9,21.4,68.7
MH_487_551466,Vadgaon Balhe,Vadgaon Balhe,Yevla,Nashik,20.06116,74.50678,185.91,6.84,-15.0,475.2,33.3,435.2,515.1,3.2,249.3,12.0,14.0,10.0,58.0,4.0,2.0,0.0,25.0,29.5,21.0,-2.52,-0.3341682997177746,21.51,16.81,26.28,11.59,30.07,4.63,MODERATE,Riparian Godavari River Valley,Manual demo override,MANUAL_OVERRIDE,,2026-09-09,,,,NOT_REQUESTED,30.2,21.7,68.6
MH_487_551483,Angangaon,Angangaon,Yevla,Nashik,20.04372,74.46322,181.28,6.2,-14.9,480.4,33.6,440.1,520.7,3.2,247.5,12.0,14.0,10.0,58.0,4.0,2.0,0.0,25.0,29.5,21.0,-2.52,-0.2153305619967334,21.61,17.07,26.21,11.82,30.07,4.64,MODERATE,Riparian Godavari River Valley,Manual demo override,MANUAL_OVERRIDE,,2026-09-09,,,,NOT_REQUESTED,30.1,21.6,68.6
MH_487_551518,Pimpalkhute Bk,Pimpalkhute Bk,Yevla,Nashik,20.01702,74.65432,201.15,16.24,-15.0,457.5,32.0,419.1,495.9,3.2,255.5,12.0,14.0,10.0,58.0,4.0,2.0,0.0,25.0,29.5,21.0,-2.53,-0.5651378712707479,21.37,16.94,25.8,11.81,29.88,4.61,MODERATE,Rain-Shadow Plateau Topography,Manual demo override,MANUAL_OVERRIDE,,2026-09-09,,,,NOT_REQUESTED,30.3,21.8,68.5
MH_487_551463,Nyaharkhede Kh,Nyaharkhede Kh,Yevla,Nashik,20.08198,74.6184,197.68,15.36,-15.0,461.8,32.3,423.0,500.6,3.2,254.0,12.0,14.0,10.0,58.0,4.0,2.0,0.0,25.0,29.5,21.0,-2.53,-0.6789414267260923,21.19,16.56,25.84,11.49,29.42,4.62,MODERATE,Rain-Shadow Plateau Topography,Manual demo override,MANUAL_OVERRIDE,,2026-09-09,,,,NOT_REQUESTED,30.2,21.7,68.5
MH_487_549729,Waghadi,Waghadi,Surgana,Nashik,20.49598,73.52008,91.61,61.83,44.6,860.3,60.2,788.0,932.5,14.5,207.8,52.0,18.0,8.0,16.0,2.0,4.0,0.0,25.0,29.5,21.0,1.73,-0.5477695346204222,25.28,20.55,29.87,15.69,35.02,4.73,MODERATE,Orographic Sahyadri Elevation Gradient,Manual demo override,MANUAL_OVERRIDE,,2026-09-09,,,,NOT_REQUESTED,27.4,18.9,70.1
MH_487_550629,Mavadi,Mavadi,Dindori,Nashik,20.30921,73.92877,128.76,31.74,-2.9,544.5,38.1,498.8,590.3,3.2,225.0,8.0,6.0,4.0,72.0,6.0,4.0,0.0,25.0,29.5,21.0,2.57,0.3309209510071897,27.4,22.52,31.77,17.59,35.89,4.67,MODERATE,Horticultural Orchard Microclimate,Manual demo override,MANUAL_OVERRIDE,,2026-09-09,,,,NOT_REQUESTED,29.5,21.0,71.0
MH_487_549833,Pimple Bk,Pimple Bk,Kalwan,Nashik,20.59456,73.94735,137.21,59.68,-3.3,542.3,38.0,496.7,587.9,3.2,225.8,12.0,14.0,10.0,58.0,4.0,2.0,0.0,25.0,29.5,21.0,1.74,-0.07095360431498787,26.07,21.34,30.92,16.66,34.45,4.55,MODERATE,Rain-Shadow Plateau Topography,Manual demo override,MANUAL_OVERRIDE,,2026-09-09,,,,NOT_REQUESTED,29.5,21.0,70.4
MH_487_549957,Varhale,Varhale,Deola,Nashik,20.42198,74.4004,179.03,48.06,-13.5,488.0,34.2,446.9,529.0,3.2,244.8,4.0,22.0,14.0,52.0,3.0,1.0,4.0,25.0,29.5,21.0,-2.61,-0.49384027646789963,21.25,16.57,26.18,11.6,29.88,4.72,MODERATE,Rain-Shadow Plateau Topography,Manual demo override,MANUAL_OVERRIDE,,2026-09-09,,,,NOT_REQUESTED,30.2,21.7,68.5
MH_487_549950,Nimbole,Nimbole,Deola,Nashik,20.50597,74.34178,174.51,53.18,-12.2,495.0,34.6,453.5,536.5,3.2,242.4,4.0,22.0,14.0,52.0,3.0,1.0,4.0,25.0,29.5,21.0,-2.63,-0.348204944055133,21.45,17.06,26.34,12.07,30.03,4.58,MODERATE,Rain-Shadow Plateau Topography,Manual demo override,MANUAL_OVERRIDE,,2026-09-09,,,,NOT_REQUESTED,30.2,21.7,68.6
