panchayat_id,panchayat_name,village_name,block_name,district_name,centroid_lat,centroid_lon,dist_to_coast_km,dist_to_water_km,historical_rain_bias,elevation_mean,elevation_std,elevation_min,elevation_max,slope_mean,aspect_mean,lulc_tree_pct,lulc_shrub_pct,lulc_grass_pct,lulc_crop_pct,lulc_urban_pct,lulc_water_pct,lulc_bare_pct,block_rain_mean,block_temp_max,block_temp_min,layer_b_deviation,layer_c_residual,downscaled_rain_pred,rain_ci_lower_80,rain_ci_upper_80,rain_ci_lower_95,rain_ci_upper_95,uncertainty_std,confidence_level,dominant_factor,forecast_source,forecast_status,forecast_issued_date,forecast_valid_date,forecast_source_url,observed_24h_mm,observed_24h_date,observed_24h_status,downscaled_tmax_pred,downscaled_tmin_pred,downscaled_rh_pred
MH_PUNE_556846,Korle,Korle,Bhor,Pune,18.04678,73.74579,74.21,54.85,-0.8,981.5,78.5,863.7,1099.2,3.0,208.6,48.0,18.0,8.0,18.0,3.0,5.0,0.0,20.0,29.5,21.0,4.7,-2.53184310589918,21.77,17.59,25.97,13.81,27.69,3.82,MODERATE,Orographic Sahyadri Elevation Gradient,Manual demo override,MANUAL_OVERRIDE,,2026-09-09,,,,NOT_REQUESTED,26.6,18.1,68.7
MH_PUNE_556864,Varodi Daymukh,Varodi Daymukh,Bhor,Pune,18.03939,73.83003,82.34,54.59,-2.3,895.1,71.6,787.7,1002.5,3.0,211.7,48.0,18.0,8.0,18.0,3.0,5.0,0.0,20.0,29.5,21.0,1.26,-2.9181031720907677,17.83,14.66,21.08,10.06,24.78,3.62,MODERATE,Orographic Sahyadri Elevation Gradient,Manual demo override,MANUAL_OVERRIDE,,2026-09-09,,,,NOT_REQUESTED,27.2,18.7,67.1
MH_PUNE_556848,Chikhalgaon,Chikhalgaon,Bhor,Pune,18.03692,73.79071,78.31,55.18,-1.6,748.1,59.8,658.4,837.8,3.0,210.3,48.0,18.0,8.0,18.0,3.0,5.0,0.0,20.0,29.5,21.0,1.26,-2.7392990116225926,17.96,14.3,21.56,9.97,24.88,3.71,MODERATE,Orographic Sahyadri Elevation Gradient,Manual demo override,MANUAL_OVERRIDE,,2026-09-09,,,,NOT_REQUESTED,28.2,19.7,67.2
MH_PUNE_556849,Ravdi,Ravdi,Bhor,Pune,18.04537,73.80746,80.29,54.08,-1.9,812.7,65.0,715.2,910.2,3.0,210.9,48.0,18.0,8.0,18.0,3.0,5.0,0.0,20.0,29.5,21.0,1.26,-2.81712176320329,18.08,13.75,21.65,9.98,25.61,3.9,MODERATE,Orographic Sahyadri Elevation Gradient,Manual demo override,MANUAL_OVERRIDE,,2026-09-09,,,,NOT_REQUESTED,27.7,19.2,67.2
MH_PUNE_556863,Varodi Kh,Varodi Kh,Bhor,Pune,18.04496,73.82292,81.82,54.01,-2.2,848.9,67.9,747.0,950.7,3.0,211.4,48.0,18.0,8.0,18.0,3.0,5.0,0.0,20.0,29.5,21.0,1.26,-2.8870278319270666,17.75,13.5,22.19,9.73,25.03,3.92,MODERATE,Orographic Sahyadri Elevation Gradient,Manual demo override,MANUAL_OVERRIDE,,2026-09-09,,,,NOT_REQUESTED,27.5,19.0,67.1
MH_PUNE_556847,Titeghar,Titeghar,Bhor,Pune,18.03558,73.76956,76.15,55.63,-1.3,755.4,60.4,664.8,846.0,3.0,209.5,48.0,18.0,8.0,18.0,3.0,5.0,0.0,20.0,29.5,21.0,1.26,-2.6419058957136645,18.05,14.5,21.48,10.29,25.2,3.73,MODERATE,Orographic Sahyadri Elevation Gradient,Manual demo override,MANUAL_OVERRIDE,,2026-09-09,,,,NOT_REQUESTED,28.1,19.6,67.2
MH_PUNE_556865,Varodi Bk,Varodi Bk,Bhor,Pune,18.0415,73.84041,83.46,54.33,-2.5,900.1,72.0,792.1,1008.1,3.0,212.1,48.0,18.0,8.0,18.0,3.0,5.0,0.0,20.0,29.5,21.0,1.26,-2.9652300181914995,17.85,14.34,21.5,9.44,24.81,3.8,MODERATE,Orographic Sahyadri Elevation Gradient,Manual demo override,MANUAL_OVERRIDE,,2026-09-09,,,,NOT_REQUESTED,27.2,18.7,67.1
MH_PUNE_556808,Umbarde,Umbarde,Bhor,Pune,18.11551,73.61093,64.73,52.55,8.5,607.9,48.6,535.0,680.8,14.0,203.6,48.0,18.0,8.0,18.0,3.0,5.0,0.0,20.0,29.5,21.0,4.71,-1.808024881973255,22.17,18.38,25.92,13.6,28.87,3.96,MODERATE,Orographic Sahyadri Elevation Gradient,Manual demo override,MANUAL_OVERRIDE,,2026-09-09,,,,NOT_REQUESTED,29.2,20.7,68.9
MH_PUNE_556809,Shirgaon,Shirgaon,Bhor,Pune,18.09569,73.62267,64.68,53.93,7.3,726.7,58.1,639.5,813.8,14.0,204.0,48.0,18.0,8.0,18.0,3.0,5.0,0.0,20.0,29.5,21.0,4.73,-1.8890058158017,22.25,18.56,26.26,14.55,29.46,3.71,MODERATE,Orographic Sahyadri Elevation Gradient,Manual demo override,MANUAL_OVERRIDE,,2026-09-09,,,,NOT_REQUESTED,28.4,19.9,68.9
MH_PUNE_556623,Kelad,Kelad,Velhe,Pune,18.2087,73.58479,68.58,45.38,10.9,676.7,54.1,595.5,757.8,14.0,202.6,48.0,18.0,8.0,18.0,3.0,5.0,0.0,20.0,29.5,21.0,4.54,-1.5498311632137869,22.62,19.33,25.29,14.48,29.92,3.78,MODERATE,Orographic Sahyadri Elevation Gradient,Manual demo override,MANUAL_OVERRIDE,,2026-09-09,,,,NOT_REQUESTED,28.7,20.2,69.0
MH_PUNE_556625,Gugulshi,Gugulshi,Velhe,Pune,18.2122,73.54799,65.92,47.59,14.4,763.5,61.1,671.9,855.2,14.0,201.3,48.0,18.0,8.0,18.0,3.0,5.0,0.0,20.0,29.5,21.0,4.57,-1.2558948568720294,22.82,18.8,27.05,14.44,28.7,3.79,MODERATE,Orographic Sahyadri Elevation Gradient,Manual demo override,MANUAL_OVERRIDE,,2026-09-09,,,,NOT_REQUESTED,28.1,19.6,69.1
MH_PUNE_556582,Chandar,Chandar,Velhe,Pune,18.28728,73.51395,69.47,44.56,17.7,741.5,59.3,652.5,830.4,14.0,200.0,48.0,18.0,8.0,18.0,3.0,5.0,0.0,20.0,29.5,21.0,4.56,-0.7353506880133794,23.33,19.58,27.87,15.84,30.16,3.68,MODERATE,Orographic Sahyadri Elevation Gradient,Manual demo override,MANUAL_OVERRIDE,,2026-09-09,,,,NOT_REQUESTED,28.3,19.8,69.3
MH_PUNE_556656,Adavali,Adavali,Velhe,Pune,18.26603,73.76628,87.66,30.65,-1.2,643.5,51.5,566.2,720.7,3.0,209.4,48.0,18.0,8.0,18.0,3.0,5.0,0.0,20.0,29.5,21.0,0.64,-2.972081075228787,17.22,13.73,20.69,9.79,23.58,3.59,MODERATE,Orographic Sahyadri Elevation Gradient,Manual demo override,MANUAL_OVERRIDE,,2026-09-09,,,,NOT_REQUESTED,28.9,20.4,66.9
MH_PUNE_556602,Gevhande,Gevhande,Velhe,Pune,18.28283,73.5829,74.03,39.36,11.1,794.8,63.6,699.4,890.2,14.0,202.6,48.0,18.0,8.0,18.0,3.0,5.0,0.0,20.0,29.5,21.0,4.56,-1.4343504251704486,22.83,18.47,27.28,14.76,28.87,3.68,MODERATE,Orographic Sahyadri Elevation Gradient,Manual demo override,MANUAL_OVERRIDE,,2026-09-09,,,,NOT_REQUESTED,27.9,19.4,69.1
MH_PUNE_556583,Mohari,Mohari,Velhe,Pune,18.27145,73.52135,68.65,45.04,17.0,796.4,63.7,700.9,892.0,14.0,200.3,48.0,18.0,8.0,18.0,3.0,5.0,0.0,20.0,29.5,21.0,4.56,-0.8654778378802059,23.14,18.88,27.12,15.99,29.57,3.65,MODERATE,Orographic Sahyadri Elevation Gradient,Manual demo override,MANUAL_OVERRIDE,,2026-09-09,,,,NOT_REQUESTED,27.9,19.4,69.3
MH_PUNE_556601,Charhat Wadi,Charhat Wadi,Velhe,Pune,18.27881,73.61099,75.84,37.63,8.5,876.8,70.1,771.6,981.9,14.0,203.6,48.0,18.0,8.0,18.0,3.0,5.0,0.0,20.0,29.5,21.0,0.85,-1.7211200799666158,18.49,13.64,22.7,10.7,25.55,3.79,MODERATE,Orographic Sahyadri Elevation Gradient,Manual demo override,MANUAL_OVERRIDE,,2026-09-09,,,,NOT_REQUESTED,27.4,18.9,67.4
MH_PUNE_556606,Harpud,Harpud,Velhe,Pune,18.26385,73.55133,70.19,43.23,14.1,843.0,67.4,741.9,944.1,14.0,201.4,48.0,18.0,8.0,18.0,3.0,5.0,0.0,20.0,29.5,21.0,4.14,-1.1664525320856316,22.45,17.54,26.11,14.92,29.18,3.7,MODERATE,Orographic Sahyadri Elevation Gradient,Manual demo override,MANUAL_OVERRIDE,,2026-09-09,,,,NOT_REQUESTED,27.6,19.1,69.0
MH_PUNE_556605,Varoti Bk,Varoti Bk,Velhe,Pune,18.25702,73.56744,70.84,42.55,12.6,743.5,59.5,654.3,832.8,14.0,202.0,48.0,18.0,8.0,18.0,3.0,5.0,0.0,20.0,29.5,21.0,4.56,-1.3306841064838144,22.64,19.21,26.88,15.15,29.59,3.66,MODERATE,Orographic Sahyadri Elevation Gradient,Manual demo override,MANUAL_OVERRIDE,,2026-09-09,,,,NOT_REQUESTED,28.3,19.8,69.1
MH_PUNE_556604,Kolambi,Kolambi,Velhe,Pune,18.25768,73.58602,72.31,41.14,10.8,829.4,66.4,729.8,929.0,14.0,202.7,48.0,18.0,8.0,18.0,3.0,5.0,0.0,20.0,29.5,21.0,4.67,-1.5011059724923783,22.67,17.87,27.2,15.33,29.67,3.89,MODERATE,Orographic Sahyadri Elevation Gradient,Manual demo override,MANUAL_OVERRIDE,,2026-09-09,,,,NOT_REQUESTED,27.7,19.2,69.1
MH_PUNE_556603,Jadhavwadi,Jadhavwadi,Velhe,Pune,18.26496,73.60353,74.21,39.3,9.2,956.5,76.5,841.7,1071.2,14.0,203.3,48.0,18.0,8.0,18.0,3.0,5.0,0.0,20.0,29.5,21.0,4.22,-1.6575952117998565,21.76,17.71,26.25,13.76,28.11,3.82,MODERATE,Orographic Sahyadri Elevation Gradient,Manual demo override,MANUAL_OVERRIDE,,2026-09-09,,,,NOT_REQUESTED,26.8,18.3,68.7
MH_PUNE_556607,Singapur,Singapur,Velhe,Pune,18.25686,73.52274,67.55,45.99,16.8,739.0,59.1,650.3,827.6,14.0,200.3,48.0,18.0,8.0,18.0,3.0,5.0,0.0,20.0,29.5,21.0,4.56,-0.9279885671037508,22.93,18.45,26.0,15.58,30.11,3.63,MODERATE,Orographic Sahyadri Elevation Gradient,Manual demo override,MANUAL_OVERRIDE,,2026-09-09,,,,NOT_REQUESTED,28.3,19.8,69.2
MH_PUNE_556608,Ekalgaon,Ekalgaon,Velhe,Pune,18.2444,73.54131,67.9,45.49,15.1,765.9,61.3,674.0,857.9,14.0,201.0,48.0,18.0,8.0,18.0,3.0,5.0,0.0,20.0,29.5,21.0,4.56,-1.1262102290233182,23.13,19.32,28.39,15.61,29.5,3.71,MODERATE,Orographic Sahyadri Elevation Gradient,Manual demo override,MANUAL_OVERRIDE,,2026-09-09,,,,NOT_REQUESTED,28.1,19.6,69.3
MH_PUNE_556611,Barshicha Mal,Barshicha Mal,Velhe,Pune,18.24997,73.60528,73.22,40.45,9.0,867.9,69.4,763.8,972.0,14.0,203.4,48.0,18.0,8.0,18.0,3.0,5.0,0.0,20.0,29.5,21.0,4.13,-1.684021602241529,22.05,18.43,25.53,13.62,29.69,3.99,MODERATE,Orographic Sahyadri Elevation Gradient,Manual demo override,MANUAL_OVERRIDE,,2026-09-09,,,,NOT_REQUESTED,27.5,19.0,68.8
MH_PUNE_556610,Varoti Kh,Varoti Kh,Velhe,Pune,18.23868,73.57401,69.94,43.56,12.0,662.2,53.0,582.7,741.7,14.0,202.2,48.0,18.0,8.0,18.0,3.0,5.0,0.0,20.0,29.5,21.0,4.54,-1.4210268243349549,22.57,17.8,26.25,15.2,29.96,3.79,MODERATE,Orographic Sahyadri Elevation Gradient,Manual demo override,MANUAL_OVERRIDE,,2026-09-09,,,,NOT_REQUESTED,28.8,20.3,69.0
MH_PUNE_556620,Pasali,Pasali,Velhe,Pune,18.23567,73.59739,71.55,42.21,9.7,686.8,54.9,604.5,769.2,14.0,203.1,48.0,18.0,8.0,18.0,3.0,5.0,0.0,20.0,29.5,21.0,4.54,-1.6257408150156842,22.46,18.69,26.42,14.97,29.05,3.7,MODERATE,Orographic Sahyadri Elevation Gradient,Manual demo override,MANUAL_OVERRIDE,,2026-09-09,,,,NOT_REQUESTED,28.7,20.2,69.0
MH_PUNE_556609,Bhordi,Bhordi,Velhe,Pune,18.2271,73.55044,67.24,46.19,14.2,781.1,62.5,687.4,874.9,14.0,201.4,48.0,18.0,8.0,18.0,3.0,5.0,0.0,20.0,29.5,21.0,4.56,-1.2439031953692958,22.82,18.91,26.91,15.11,30.32,3.77,MODERATE,Orographic Sahyadri Elevation Gradient,Manual demo override,MANUAL_OVERRIDE,,2026-09-09,,,,NOT_REQUESTED,28.0,19.5,69.1
MH_PUNE_556619,Shenvad,Shenvad,Velhe,Pune,18.23365,73.60982,72.39,41.57,8.6,683.1,54.7,601.1,765.2,14.0,203.6,48.0,18.0,8.0,18.0,3.0,5.0,0.0,20.0,29.5,21.0,4.54,-1.7325940607092503,22.25,17.36,26.12,14.59,29.55,3.89,MODERATE,Orographic Sahyadri Elevation Gradient,Manual demo override,MANUAL_OVERRIDE,,2026-09-09,,,,NOT_REQUESTED,28.7,20.2,68.9
MH_PUNE_556621,Majgaon,Majgaon,Velhe,Pune,18.22268,73.60558,71.26,42.81,9.0,686.5,54.9,604.1,768.8,14.0,203.4,48.0,18.0,8.0,18.0,3.0,5.0,0.0,20.0,29.5,21.0,4.54,-1.7034795163526522,22.34,19.02,26.11,14.14,29.46,3.9,MODERATE,Orographic Sahyadri Elevation Gradient,Manual demo override,MANUAL_OVERRIDE,,2026-09-09,,,,NOT_REQUESTED,28.7,20.2,68.9
MH_PUNE_556624,Pishawi,Pishawi,Velhe,Pune,18.21762,73.56227,67.44,46.14,13.1,771.8,61.7,679.3,864.4,14.0,201.8,48.0,18.0,8.0,18.0,3.0,5.0,0.0,20.0,29.5,21.0,4.56,-1.3584489058829385,22.71,18.67,26.64,14.03,29.26,3.75,MODERATE,Orographic Sahyadri Elevation Gradient,Manual demo override,MANUAL_OVERRIDE,,2026-09-09,,,,NOT_REQUESTED,28.1,19.6,69.1
MH_PUNE_556622,Nigde Kh,Nigde Kh,Velhe,Pune,18.20222,73.61064,70.24,44.34,8.5,641.5,51.3,564.6,718.5,14.0,203.6,48.0,18.0,8.0,18.0,3.0,5.0,0.0,20.0,29.5,21.0,4.54,-1.7544284873167486,22.14,18.03,25.66,14.88,29.07,3.74,MODERATE,Orographic Sahyadri Elevation Gradient,Manual demo override,MANUAL_OVERRIDE,,2026-09-09,,,,NOT_REQUESTED,29.0,20.5,68.9
MH_PUNE_556626,Pangari,Pangari,Velhe,Pune,18.19759,73.53264,63.63,49.88,15.9,677.9,54.2,596.6,759.2,14.0,200.7,48.0,18.0,8.0,18.0,3.0,5.0,0.0,20.0,29.5,21.0,4.55,-1.1719351642458204,22.98,19.47,26.48,14.38,28.92,3.62,MODERATE,Orographic Sahyadri Elevation Gradient,Manual demo override,MANUAL_OVERRIDE,,2026-09-09,,,,NOT_REQUESTED,28.7,20.2,69.2
MH_PUNE_556627,Karnavadi,Karnavadi,Velhe,Pune,18.19011,73.58115,66.96,47.26,11.3,421.3,33.7,370.8,471.9,3.0,202.5,48.0,18.0,8.0,18.0,3.0,5.0,0.0,20.0,29.5,21.0,4.43,-1.543923407627397,22.26,18.29,26.33,14.33,28.75,3.75,MODERATE,Rain-Shadow Plateau Topography,Manual demo override,MANUAL_OVERRIDE,,2026-09-09,,,,NOT_REQUESTED,30.4,21.9,68.9
MH_PUNE_556647,Lavhi Bk,Lavhi Bk,Velhe,Pune,18.27137,73.69692,82.15,32.98,0.3,672.9,53.8,592.2,753.6,14.0,206.8,48.0,18.0,8.0,18.0,3.0,5.0,0.0,20.0,29.5,21.0,3.41,-2.501701400495402,20.19,16.92,23.97,12.25,26.9,3.75,MODERATE,Orographic Sahyadri Elevation Gradient,Manual demo override,MANUAL_OVERRIDE,,2026-09-09,,,,NOT_REQUESTED,28.7,20.2,68.1
MH_PUNE_556741,Bhutonde,Bhutonde,Bhor,Pune,18.21809,73.66737,76.07,39.68,3.1,821.3,65.7,722.8,919.9,14.0,205.7,48.0,18.0,8.0,18.0,3.0,5.0,0.0,20.0,29.5,21.0,2.5,-2.186177090392093,19.89,14.74,23.23,11.54,27.8,3.92,MODERATE,Orographic Sahyadri Elevation Gradient,Manual demo override,MANUAL_OVERRIDE,,2026-09-09,,,,NOT_REQUESTED,27.7,19.2,68.0
MH_PUNE_556775,Bare Bk,Bare Bk,Bhor,Pune,18.18381,73.83052,88.66,38.55,-2.3,622.0,49.8,547.3,696.7,3.0,211.7,48.0,18.0,8.0,18.0,3.0,5.0,0.0,20.0,29.5,21.0,0.73,-3.0518071077831705,17.08,13.32,20.57,9.78,24.5,3.8,MODERATE,Orographic Sahyadri Elevation Gradient,Manual demo override,MANUAL_OVERRIDE,,2026-09-09,,,,NOT_REQUESTED,29.0,20.5,66.8
MH_PUNE_556686,Kurungvadi,Kurungvadi,Bhor,Pune,18.28463,73.83617,94.91,27.32,-2.5,749.7,60.0,659.7,839.7,3.0,211.9,48.0,18.0,8.0,18.0,3.0,5.0,0.0,20.0,29.5,21.0,0.64,-3.376596274286653,16.64,12.46,20.4,9.44,23.73,3.81,MODERATE,Orographic Sahyadri Elevation Gradient,Manual demo override,MANUAL_OVERRIDE,,2026-09-09,,,,NOT_REQUESTED,27.7,19.2,66.7
MH_PUNE_556630,Vanjale,Vanjale,Velhe,Pune,18.28482,73.69551,82.98,31.76,0.4,739.6,59.2,650.8,828.4,14.0,206.7,48.0,18.0,8.0,18.0,3.0,5.0,0.0,20.0,29.5,21.0,3.05,-2.5220644882847076,19.94,15.87,23.79,11.71,26.98,3.78,MODERATE,Orographic Sahyadri Elevation Gradient,Manual demo override,MANUAL_OVERRIDE,,2026-09-09,,,,NOT_REQUESTED,28.3,19.8,68.0
MH_PUNE_556685,Sonavadi,Sonavadi,Bhor,Pune,18.28019,73.82352,93.53,27.92,-2.2,745.1,59.6,655.7,834.5,3.0,211.5,48.0,18.0,8.0,18.0,3.0,5.0,0.0,20.0,29.5,21.0,0.64,-3.310212505846254,16.63,13.01,20.42,9.14,23.17,3.6,MODERATE,Orographic Sahyadri Elevation Gradient,Manual demo override,MANUAL_OVERRIDE,,2026-09-09,,,,NOT_REQUESTED,27.7,19.2,66.7
MH_PUNE_556645,Kondhavali,Kondhavali,Velhe,Pune,18.28154,73.70868,83.83,31.39,-0.2,761.8,60.9,670.4,853.1,3.0,207.2,48.0,18.0,8.0,18.0,3.0,5.0,0.0,20.0,29.5,21.0,2.53,-2.6227427554456106,19.18,14.8,22.95,11.23,26.42,3.84,MODERATE,Orographic Sahyadri Elevation Gradient,Manual demo override,MANUAL_OVERRIDE,,2026-09-09,,,,NOT_REQUESTED,28.1,19.6,67.7
MH_PUNE_556657,Ketkavane,Ketkavane,Velhe,Pune,18.28052,73.77286,89.16,28.91,-1.3,820.4,65.6,722.0,918.8,3.0,209.6,48.0,18.0,8.0,18.0,3.0,5.0,0.0,20.0,29.5,21.0,0.64,-3.0644966624179744,16.92,12.78,20.94,8.96,23.86,3.8,MODERATE,Orographic Sahyadri Elevation Gradient,Manual demo override,MANUAL_OVERRIDE,,2026-09-09,,,,NOT_REQUESTED,27.2,18.7,66.8
MH_PUNE_556642,Margasani,Margasani,Velhe,Pune,18.27528,73.75806,87.55,29.94,-1.0,676.9,54.2,595.6,758.2,3.0,209.0,48.0,18.0,8.0,18.0,3.0,5.0,0.0,20.0,29.5,21.0,0.64,-2.9555941577742795,17.1,13.55,20.65,8.99,23.56,3.67,MODERATE,Orographic Sahyadri Elevation Gradient,Manual demo override,MANUAL_OVERRIDE,,2026-09-09,,,,NOT_REQUESTED,28.7,20.2,66.8
MH_PUNE_556644,Sakhar,Sakhar,Velhe,Pune,18.27374,73.72881,84.97,31.23,-0.5,645.2,51.6,567.8,722.6,3.0,208.0,48.0,18.0,8.0,18.0,3.0,5.0,0.0,20.0,29.5,21.0,0.64,-2.753269569460103,17.27,12.99,22.01,9.72,24.13,3.8,MODERATE,Orographic Sahyadri Elevation Gradient,Manual demo override,MANUAL_OVERRIDE,,2026-09-09,,,,NOT_REQUESTED,28.9,20.4,66.9
MH_PUNE_556643,Askavadi,Askavadi,Velhe,Pune,18.27717,73.74095,86.23,30.38,-0.7,653.4,52.3,575.0,731.9,3.0,208.4,48.0,18.0,8.0,18.0,3.0,5.0,0.0,20.0,29.5,21.0,0.64,-2.8500258493692368,17.31,13.53,21.34,9.56,23.95,3.78,MODERATE,Orographic Sahyadri Elevation Gradient,Manual demo override,MANUAL_OVERRIDE,,2026-09-09,,,,NOT_REQUESTED,28.8,20.3,66.9
MH_PUNE_556658,Karanjavane,Karanjavane,Velhe,Pune,18.27155,73.78282,89.44,29.6,-1.5,653.6,52.3,575.1,732.0,3.0,210.0,48.0,18.0,8.0,18.0,3.0,5.0,0.0,20.0,29.5,21.0,0.64,-3.085154957418937,17.04,13.68,21.19,9.54,23.89,3.78,MODERATE,Orographic Sahyadri Elevation Gradient,Manual demo override,MANUAL_OVERRIDE,,2026-09-09,,,,NOT_REQUESTED,28.8,20.3,66.8
MH_PUNE_556614,Vajeghar Bk,Vajeghar Bk,Velhe,Pune,18.2731,73.67501,80.48,34.01,2.4,701.0,56.1,616.8,785.1,14.0,206.0,48.0,18.0,8.0,18.0,3.0,5.0,0.0,20.0,29.5,21.0,2.87,-2.320335254533789,19.99,15.99,23.53,13.2,26.6,3.48,MODERATE,Orographic Sahyadri Elevation Gradient,Manual demo override,MANUAL_OVERRIDE,,2026-09-09,,,,NOT_REQUESTED,28.6,20.1,68.0
MH_PUNE_556615,Pal Bk,Pal Bk,Velhe,Pune,18.26752,73.66459,79.24,35.14,3.4,722.9,57.8,636.2,809.6,14.0,205.6,48.0,18.0,8.0,18.0,3.0,5.0,0.0,20.0,29.5,21.0,2.75,-2.2205602048226183,19.72,16.53,23.95,12.17,26.26,3.55,MODERATE,Orographic Sahyadri Elevation Gradient,Manual demo override,MANUAL_OVERRIDE,,2026-09-09,,,,NOT_REQUESTED,28.4,19.9,67.9
MH_PUNE_556648,Vajeghar Kh,Vajeghar Kh,Velhe,Pune,18.27224,73.68574,81.3,33.49,1.4,677.8,54.2,596.5,759.1,14.0,206.4,48.0,18.0,8.0,18.0,3.0,5.0,0.0,20.0,29.5,21.0,2.87,-2.4109326157297724,19.95,15.52,23.74,11.09,26.57,3.8,MODERATE,Orographic Sahyadri Elevation Gradient,Manual demo override,MANUAL_OVERRIDE,,2026-09-09,,,,NOT_REQUESTED,28.7,20.2,68.0
MH_PUNE_556661,Ambavane,Ambavane,Velhe,Pune,18.26684,73.80258,90.87,29.69,-1.8,665.6,53.2,585.8,745.4,3.0,210.7,48.0,18.0,8.0,18.0,3.0,5.0,0.0,20.0,29.5,21.0,0.64,-3.1663079546962325,16.93,13.11,20.6,9.8,23.89,3.63,MODERATE,Orographic Sahyadri Elevation Gradient,Manual demo override,MANUAL_OVERRIDE,,2026-09-09,,,,NOT_REQUESTED,28.7,20.2,66.8
MH_PUNE_556646,Meravane,Meravane,Velhe,Pune,18.2721,73.71155,83.42,32.18,-0.2,655.2,52.4,576.6,733.8,3.0,207.3,48.0,18.0,8.0,18.0,3.0,5.0,0.0,20.0,29.5,21.0,2.89,-2.619505602524714,19.57,16.03,23.89,11.42,26.5,3.86,MODERATE,Orographic Sahyadri Elevation Gradient,Manual demo override,MANUAL_OVERRIDE,,2026-09-09,,,,NOT_REQUESTED,28.8,20.3,67.8
MH_PUNE_556697,Jambhali,Jambhali,Bhor,Pune,18.26213,73.84995,94.78,29.79,-2.7,666.6,53.3,586.6,746.5,3.0,212.4,48.0,18.0,8.0,18.0,3.0,5.0,0.0,20.0,29.5,21.0,0.64,-3.338368366200938,16.65,12.33,20.98,8.92,23.36,3.81,MODERATE,Orographic Sahyadri Elevation Gradient,Manual demo override,MANUAL_OVERRIDE,,2026-09-09,,,,NOT_REQUESTED,28.7,20.2,66.7
MH_PUNE_556652,Phanshi,Phanshi,Velhe,Pune,18.26123,73.71094,82.63,33.29,-0.2,688.0,55.0,605.5,770.5,3.0,207.3,48.0,18.0,8.0,18.0,3.0,5.0,0.0,20.0,29.5,21.0,2.89,-2.5865308754657512,19.66,15.63,23.17,12.27,26.2,3.64,MODERATE,Orographic Sahyadri Elevation Gradient,Manual demo override,MANUAL_OVERRIDE,,2026-09-09,,,,NOT_REQUESTED,28.6,20.1,67.9
MH_PUNE_556699,Sangvi Bk,Sangvi Bk,Bhor,Pune,18.26326,73.81859,92.06,29.85,-2.1,646.4,51.7,568.8,723.9,3.0,211.3,48.0,18.0,8.0,18.0,3.0,5.0,0.0,20.0,29.5,21.0,0.64,-3.2239868708207906,16.81,13.31,20.98,9.55,23.39,3.66,MODERATE,Orographic Sahyadri Elevation Gradient,Manual demo override,MANUAL_OVERRIDE,,2026-09-09,,,,NOT_REQUESTED,28.9,20.4,66.7
MH_PUNE_556655,Bhaginghar,Bhaginghar,Velhe,Pune,18.26357,73.7441,85.6,31.66,-0.8,681.7,54.5,599.9,763.4,3.0,208.5,48.0,18.0,8.0,18.0,3.0,5.0,0.0,20.0,29.5,21.0,0.64,-2.826206002902566,17.36,13.77,21.2,9.24,24.14,3.82,MODERATE,Orographic Sahyadri Elevation Gradient,Manual demo override,MANUAL_OVERRIDE,,2026-09-09,,,,NOT_REQUESTED,28.6,20.1,66.9
MH_PUNE_556654,Ghavar,Ghavar,Velhe,Pune,18.26331,73.73241,84.58,32.15,-0.6,729.1,58.3,641.7,816.6,3.0,208.1,48.0,18.0,8.0,18.0,3.0,5.0,0.0,20.0,29.5,21.0,0.64,-2.74682839891052,17.28,13.35,21.67,9.78,24.47,3.8,MODERATE,Orographic Sahyadri Elevation Gradient,Manual demo override,MANUAL_OVERRIDE,,2026-09-09,,,,NOT_REQUESTED,28.3,19.8,66.9
MH_PUNE_556653,Chirmodi,Chirmodi,Velhe,Pune,18.26023,73.72344,83.62,32.83,-0.4,775.5,62.0,682.5,868.5,3.0,207.8,48.0,18.0,8.0,18.0,3.0,5.0,0.0,20.0,29.5,21.0,0.64,-2.6751232268744145,17.28,13.33,21.55,10.02,23.88,3.72,MODERATE,Orographic Sahyadri Elevation Gradient,Manual demo override,MANUAL_OVERRIDE,,2026-09-09,,,,NOT_REQUESTED,28.0,19.5,66.9
MH_PUNE_556651,Lavhi Kh,Lavhi Kh,Velhe,Pune,18.25994,73.70353,81.92,33.77,-0.1,791.1,63.3,696.2,886.1,3.0,207.0,48.0,18.0,8.0,18.0,3.0,5.0,0.0,20.0,29.5,21.0,2.39,-2.527300409529722,19.36,15.34,23.45,11.58,25.78,3.58,MODERATE,Orographic Sahyadri Elevation Gradient,Manual demo override,MANUAL_OVERRIDE,,2026-09-09,,,,NOT_REQUESTED,27.9,19.4,67.7
MH_PUNE_556859,Palsoshi,Palsoshi,Bhor,Pune,18.07399,73.83643,84.24,50.73,-2.5,749.0,59.9,659.1,838.8,3.0,211.9,48.0,18.0,8.0,18.0,3.0,5.0,0.0,20.0,29.5,21.0,1.26,-2.956679737484097,17.7,13.82,21.39,9.95,24.39,3.74,MODERATE,Orographic Sahyadri Elevation Gradient,Manual demo override,MANUAL_OVERRIDE,,2026-09-09,,,,NOT_REQUESTED,28.2,19.7,67.1
MH_PUNE_556650,Dadvadi,Dadvadi,Velhe,Pune,18.25828,73.6972,81.28,34.25,0.3,840.5,67.2,739.7,941.3,14.0,206.8,48.0,18.0,8.0,18.0,3.0,5.0,0.0,20.0,29.5,21.0,0.78,-2.474730915900711,17.72,13.65,21.53,9.38,24.24,3.86,MODERATE,Orographic Sahyadri Elevation Gradient,Manual demo override,MANUAL_OVERRIDE,,2026-09-09,,,,NOT_REQUESTED,27.6,19.1,67.1
MH_PUNE_556649,Pimpri,Pimpri,Velhe,Pune,18.25867,73.68678,80.44,34.74,1.3,798.6,63.9,702.7,894.4,14.0,206.4,48.0,18.0,8.0,18.0,3.0,5.0,0.0,20.0,29.5,21.0,2.51,-2.3930580416275817,19.64,15.63,23.13,11.26,26.94,3.93,MODERATE,Orographic Sahyadri Elevation Gradient,Manual demo override,MANUAL_OVERRIDE,,2026-09-09,,,,NOT_REQUESTED,27.9,19.4,67.9
MH_PUNE_556668,Kodavadi,Kodavadi,Velhe,Pune,18.25113,73.75855,86.04,32.48,-1.1,737.2,59.0,648.7,825.7,3.0,209.1,48.0,18.0,8.0,18.0,3.0,5.0,0.0,20.0,29.5,21.0,0.64,-2.876791119024788,17.12,13.89,20.58,9.52,23.94,3.62,MODERATE,Orographic Sahyadri Elevation Gradient,Manual demo override,MANUAL_OVERRIDE,,2026-09-09,,,,NOT_REQUESTED,28.3,19.8,66.8
MH_PUNE_556616,Pal Kh,Pal Kh,Velhe,Pune,18.25093,73.66851,78.39,36.46,3.0,850.0,68.0,748.0,952.0,14.0,205.7,48.0,18.0,8.0,18.0,3.0,5.0,0.0,20.0,29.5,21.0,0.85,-2.2320398853210817,18.23,14.35,21.86,10.5,24.9,3.76,MODERATE,Orographic Sahyadri Elevation Gradient,Manual demo override,MANUAL_OVERRIDE,,2026-09-09,,,,NOT_REQUESTED,27.6,19.1,67.3
MH_PUNE_556698,Kolavadi,Kolavadi,Bhor,Pune,18.26041,73.83271,93.14,30.03,-2.4,647.5,51.8,569.8,725.2,3.0,211.8,48.0,18.0,8.0,18.0,3.0,5.0,0.0,20.0,29.5,21.0,0.64,-3.270216020107166,16.7,12.62,20.11,9.34,23.39,3.62,MODERATE,Orographic Sahyadri Elevation Gradient,Manual demo override,MANUAL_OVERRIDE,,2026-09-09,,,,NOT_REQUESTED,28.8,20.3,66.7
MH_PUNE_556667,Suruvad,Suruvad,Velhe,Pune,18.25011,73.76855,86.85,32.29,-1.2,812.3,65.0,714.8,909.8,3.0,209.4,48.0,18.0,8.0,18.0,3.0,5.0,0.0,20.0,29.5,21.0,0.64,-2.931365865330921,17.05,13.19,20.72,9.08,23.74,3.79,MODERATE,Orographic Sahyadri Elevation Gradient,Manual demo override,MANUAL_OVERRIDE,,2026-09-09,,,,NOT_REQUESTED,27.7,19.2,66.8
MH_PUNE_556666,Vadgaon,Vadgaon,Velhe,Pune,18.25006,73.77793,87.67,32.04,-1.4,781.5,62.5,687.7,875.2,3.0,209.8,48.0,18.0,8.0,18.0,3.0,5.0,0.0,20.0,29.5,21.0,0.64,-2.9827350680677616,17.33,13.26,21.02,9.14,23.68,3.74,MODERATE,Orographic Sahyadri Elevation Gradient,Manual demo override,MANUAL_OVERRIDE,,2026-09-09,,,,NOT_REQUESTED,27.9,19.4,66.9
MH_PUNE_556665,Sonde Mathana,Sonde Mathana,Velhe,Pune,18.25148,73.78662,88.52,31.68,-1.6,714.7,57.2,628.9,800.5,3.0,210.1,48.0,18.0,8.0,18.0,3.0,5.0,0.0,20.0,29.5,21.0,0.64,-3.0329670256642323,16.95,12.44,20.5,9.61,24.22,3.68,MODERATE,Orographic Sahyadri Elevation Gradient,Manual demo override,MANUAL_OVERRIDE,,2026-09-09,,,,NOT_REQUESTED,28.4,19.9,66.8
MH_PUNE_556664,Sonde Sarpale,Sonde Sarpale,Velhe,Pune,18.24931,73.79317,88.96,31.78,-1.7,684.2,54.7,602.2,766.3,3.0,210.3,48.0,18.0,8.0,18.0,3.0,5.0,0.0,20.0,29.5,21.0,0.64,-3.058523472499427,17.0,13.34,20.87,10.24,23.61,3.54,MODERATE,Orographic Sahyadri Elevation Gradient,Manual demo override,MANUAL_OVERRIDE,,2026-09-09,,,,NOT_REQUESTED,28.6,20.1,66.8
MH_PUNE_556617,Khopde Wadi,Khopde Wadi,Velhe,Pune,18.24531,73.63235,75.04,39.11,6.4,875.5,70.0,770.5,980.5,14.0,204.4,48.0,18.0,8.0,18.0,3.0,5.0,0.0,20.0,29.5,21.0,4.13,-1.9228596943643548,21.44,16.89,24.93,13.82,28.02,3.66,MODERATE,Orographic Sahyadri Elevation Gradient,Manual demo override,MANUAL_OVERRIDE,,2026-09-09,,,,NOT_REQUESTED,27.4,18.9,68.6
MH_PUNE_556670,Asani Manjai,Asani Manjai,Velhe,Pune,18.24471,73.73639,83.71,33.91,-0.7,863.1,69.0,759.6,966.6,3.0,208.2,48.0,18.0,8.0,18.0,3.0,5.0,0.0,20.0,29.5,21.0,0.5,-2.7204250430014145,17.18,13.93,21.02,9.33,23.85,3.66,MODERATE,Orographic Sahyadri Elevation Gradient,Manual demo override,MANUAL_OVERRIDE,,2026-09-09,,,,NOT_REQUESTED,27.4,18.9,66.9
MH_PUNE_556663,Sonde Karla,Sonde Karla,Velhe,Pune,18.24686,73.80038,89.45,31.92,-1.8,683.4,54.7,601.3,765.4,3.0,210.6,48.0,18.0,8.0,18.0,3.0,5.0,0.0,20.0,29.5,21.0,0.64,-3.085067466327308,16.99,13.43,21.74,9.29,23.75,3.71,MODERATE,Orographic Sahyadri Elevation Gradient,Manual demo override,MANUAL_OVERRIDE,,2026-09-09,,,,NOT_REQUESTED,28.6,20.1,66.8
MH_PUNE_556671,Gunjavane,Gunjavane,Velhe,Pune,18.23801,73.70094,80.24,36.08,-0.0,1006.2,80.5,885.5,1127.0,3.0,206.9,48.0,18.0,8.0,18.0,3.0,5.0,0.0,20.0,29.5,21.0,0.74,-2.4613586720082146,17.63,13.88,21.54,8.71,24.3,3.88,MODERATE,Orographic Sahyadri Elevation Gradient,Manual demo override,MANUAL_OVERRIDE,,2026-09-09,,,,NOT_REQUESTED,26.4,17.9,67.1
MH_PUNE_556662,Sonde Hiroji,Sonde Hiroji,Velhe,Pune,18.24618,73.8192,91.09,31.73,-2.1,833.5,66.7,733.4,933.5,3.0,211.3,48.0,18.0,8.0,18.0,3.0,5.0,0.0,20.0,29.5,21.0,0.64,-3.1668052437194327,16.95,13.17,20.74,9.32,23.43,3.74,MODERATE,Orographic Sahyadri Elevation Gradient,Manual demo override,MANUAL_OVERRIDE,,2026-09-09,,,,NOT_REQUESTED,27.6,19.1,66.8
MH_PUNE_556669,Asani Damguda,Asani Damguda,Velhe,Pune,18.23998,73.74635,84.28,34.05,-0.8,799.9,64.0,703.9,895.9,3.0,208.6,48.0,18.0,8.0,18.0,3.0,5.0,0.0,20.0,29.5,21.0,0.5,-2.7702758648477523,17.14,13.64,21.33,10.11,23.53,3.69,MODERATE,Orographic Sahyadri Elevation Gradient,Manual demo override,MANUAL_OVERRIDE,,2026-09-09,,,,NOT_REQUESTED,27.8,19.3,66.9
MH_PUNE_556618,Bhalvadi,Bhalvadi,Velhe,Pune,18.23373,73.6262,73.72,40.53,7.0,672.1,53.8,591.4,752.8,14.0,204.2,48.0,18.0,8.0,18.0,3.0,5.0,0.0,20.0,29.5,21.0,4.54,-1.8697753655994216,22.24,18.95,26.59,13.58,28.69,3.78,MODERATE,Orographic Sahyadri Elevation Gradient,Manual demo override,MANUAL_OVERRIDE,,2026-09-09,,,,NOT_REQUESTED,28.8,20.3,68.9
MH_PUNE_556739,Guhini,Guhini,Bhor,Pune,18.23157,73.6472,75.29,39.49,5.0,771.2,61.7,678.7,863.8,14.0,204.9,48.0,18.0,8.0,18.0,3.0,5.0,0.0,20.0,29.5,21.0,4.56,-2.0408795081493274,21.78,17.42,26.04,14.14,29.97,3.94,MODERATE,Orographic Sahyadri Elevation Gradient,Manual demo override,MANUAL_OVERRIDE,,2026-09-09,,,,NOT_REQUESTED,28.1,19.6,68.7
MH_PUNE_556700,Tambhad,Tambhad,Bhor,Pune,18.23628,73.83394,91.84,32.7,-2.4,657.1,52.6,578.2,736.0,3.0,211.9,48.0,18.0,8.0,18.0,3.0,5.0,0.0,20.0,29.5,21.0,0.64,-3.195304861715052,17.02,12.86,20.6,8.94,23.72,3.74,MODERATE,Orographic Sahyadri Elevation Gradient,Manual demo override,MANUAL_OVERRIDE,,2026-09-09,,,,NOT_REQUESTED,28.8,20.3,66.8
MH_PUNE_556701,Hatve Kh,Hatve Kh,Bhor,Pune,18.23393,73.84647,92.84,32.92,-2.6,656.9,52.5,578.1,735.6,3.0,212.3,48.0,18.0,8.0,18.0,3.0,5.0,0.0,20.0,29.5,21.0,0.64,-3.2357954331146335,16.94,12.86,20.73,8.96,23.29,3.63,MODERATE,Orographic Sahyadri Elevation Gradient,Manual demo override,MANUAL_OVERRIDE,,2026-09-09,,,,NOT_REQUESTED,28.8,20.3,66.8
MH_PUNE_556740,Khulshi,Khulshi,Bhor,Pune,18.22731,73.65871,75.96,39.25,3.9,798.8,63.9,702.9,894.6,14.0,205.4,48.0,18.0,8.0,18.0,3.0,5.0,0.0,20.0,29.5,21.0,2.39,-2.1287537370491307,19.55,14.68,23.73,11.71,26.02,3.75,MODERATE,Orographic Sahyadri Elevation Gradient,Manual demo override,MANUAL_OVERRIDE,,2026-09-09,,,,NOT_REQUESTED,27.9,19.4,67.8
MH_PUNE_556750,Karandi Kh,Karandi Kh,Bhor,Pune,18.22976,73.77732,86.37,34.26,-1.4,717.4,57.4,631.3,803.5,3.0,209.8,48.0,18.0,8.0,18.0,3.0,5.0,0.0,20.0,29.5,21.0,0.73,-2.917345551144929,17.22,13.14,21.34,8.82,24.23,3.9,MODERATE,Orographic Sahyadri Elevation Gradient,Manual demo override,MANUAL_OVERRIDE,,2026-09-09,,,,NOT_REQUESTED,28.4,19.9,66.9
MH_PUNE_556749,Vadhane,Vadhane,Bhor,Pune,18.23424,73.7666,85.7,34.04,-1.2,628.6,50.3,553.2,704.1,3.0,209.4,48.0,18.0,8.0,18.0,3.0,5.0,0.0,20.0,29.5,21.0,0.73,-2.87232709724582,17.2,13.29,21.18,9.48,23.86,3.65,MODERATE,Orographic Sahyadri Elevation Gradient,Manual demo override,MANUAL_OVERRIDE,,2026-09-09,,,,NOT_REQUESTED,29.0,20.5,66.9
MH_PUNE_556752,Tale Mhasavali,Tale Mhasavali,Bhor,Pune,18.22546,73.78761,87.04,34.5,-1.6,722.2,57.8,635.5,808.9,3.0,210.1,48.0,18.0,8.0,18.0,3.0,5.0,0.0,20.0,29.5,21.0,0.73,-2.957731620064271,17.39,13.39,21.54,9.8,24.38,3.76,MODERATE,Orographic Sahyadri Elevation Gradient,Manual demo override,MANUAL_OVERRIDE,,2026-09-09,,,,NOT_REQUESTED,28.4,19.9,67.0
MH_PUNE_556753,Gorad Mhashivali,Gorad Mhashivali,Bhor,Pune,18.2262,73.80121,88.3,34.17,-1.8,674.5,54.0,593.5,755.5,3.0,210.6,48.0,18.0,8.0,18.0,3.0,5.0,0.0,20.0,29.5,21.0,0.73,-3.025288531725291,17.23,13.07,21.44,9.48,23.71,3.65,MODERATE,Orographic Sahyadri Elevation Gradient,Manual demo override,MANUAL_OVERRIDE,,2026-09-09,,,,NOT_REQUESTED,28.7,20.2,66.9
MH_PUNE_556748,Karandi Bk,Karandi Bk,Bhor,Pune,18.23313,73.75137,84.29,34.61,-0.9,633.5,50.7,557.4,709.5,3.0,208.8,48.0,18.0,8.0,18.0,3.0,5.0,0.0,20.0,29.5,21.0,0.5,-2.7819110838786947,17.26,13.71,20.87,9.19,23.76,3.69,MODERATE,Orographic Sahyadri Elevation Gradient,Manual demo override,MANUAL_OVERRIDE,,2026-09-09,,,,NOT_REQUESTED,28.9,20.4,66.9
MH_PUNE_556742,Dere,Dere,Bhor,Pune,18.21092,73.68191,76.85,39.67,1.7,822.7,65.8,724.0,921.4,14.0,206.2,48.0,18.0,8.0,18.0,3.0,5.0,0.0,20.0,29.5,21.0,2.5,-2.2834268882607924,19.82,16.41,23.64,11.68,27.11,3.87,MODERATE,Orographic Sahyadri Elevation Gradient,Manual demo override,MANUAL_OVERRIDE,,2026-09-09,,,,NOT_REQUESTED,27.7,19.2,67.9
MH_PUNE_556754,Jogawadi,Jogawadi,Bhor,Pune,18.21779,73.81517,89.09,34.91,-2.1,675.1,54.0,594.1,756.1,3.0,211.2,48.0,18.0,8.0,18.0,3.0,5.0,0.0,20.0,29.5,21.0,0.73,-3.0648797460516466,17.16,13.59,20.62,9.51,23.91,3.66,MODERATE,Orographic Sahyadri Elevation Gradient,Manual demo override,MANUAL_OVERRIDE,,2026-09-09,,,,NOT_REQUESTED,28.7,20.2,66.9
MH_PUNE_556746,Kambare Kh,Kambare Kh,Bhor,Pune,18.22492,73.73346,82.21,36.08,-0.6,659.0,52.7,579.9,738.0,3.0,208.1,48.0,18.0,8.0,18.0,3.0,5.0,0.0,20.0,29.5,21.0,0.5,-2.652325112276683,17.34,13.28,21.36,9.47,24.47,3.83,MODERATE,Orographic Sahyadri Elevation Gradient,Manual demo override,MANUAL_OVERRIDE,,2026-09-09,,,,NOT_REQUESTED,28.8,20.3,66.9
MH_PUNE_556744,Male,Male,Bhor,Pune,18.21669,73.70223,78.97,38.17,-0.0,670.6,53.6,590.2,751.0,3.0,207.0,48.0,18.0,8.0,18.0,3.0,5.0,0.0,20.0,29.5,21.0,2.75,-2.432073805732748,19.86,15.56,23.82,12.1,26.23,3.72,MODERATE,Orographic Sahyadri Elevation Gradient,Manual demo override,MANUAL_OVERRIDE,,2026-09-09,,,,NOT_REQUESTED,28.7,20.2,67.9
MH_PUNE_556844,Vadtumbi,Vadtumbi,Bhor,Pune,18.058,73.77692,77.73,53.05,-1.4,834.3,66.7,734.2,934.3,3.0,209.7,48.0,18.0,8.0,18.0,3.0,5.0,0.0,20.0,29.5,21.0,1.26,-2.6801359337866892,18.12,13.8,21.88,11.41,24.82,3.55,MODERATE,Orographic Sahyadri Elevation Gradient,Manual demo override,MANUAL_OVERRIDE,,2026-09-09,,,,NOT_REQUESTED,27.6,19.1,67.2
MH_PUNE_556759,Chandavane,Chandavane,Bhor,Pune,18.19998,73.65626,73.93,42.01,4.2,653.0,52.2,574.7,731.3,14.0,205.3,48.0,18.0,8.0,18.0,3.0,5.0,0.0,20.0,29.5,21.0,4.54,-2.091765789485133,21.7,17.27,26.62,13.74,28.19,3.76,MODERATE,Orographic Sahyadri Elevation Gradient,Manual demo override,MANUAL_OVERRIDE,,2026-09-09,,,,NOT_REQUESTED,28.9,20.4,68.7
MH_PUNE_556745,Kurunji,Kurunji,Bhor,Pune,18.2183,73.72048,80.66,37.26,-0.4,625.4,50.0,550.4,700.4,3.0,207.7,48.0,18.0,8.0,18.0,3.0,5.0,0.0,20.0,29.5,21.0,0.5,-2.5557153048992207,17.34,13.45,20.61,8.97,24.21,3.83,MODERATE,Orographic Sahyadri Elevation Gradient,Manual demo override,MANUAL_OVERRIDE,,2026-09-09,,,,NOT_REQUESTED,29.0,20.5,66.9
MH_PUNE_556755,Mazgaon,Mazgaon,Bhor,Pune,18.21573,73.8264,90.0,35.03,-2.3,737.4,59.0,648.9,825.9,3.0,211.6,48.0,18.0,8.0,18.0,3.0,5.0,0.0,20.0,29.5,21.0,0.73,-3.1071399035990988,16.99,13.04,20.58,9.31,24.05,3.81,MODERATE,Orographic Sahyadri Elevation Gradient,Manual demo override,MANUAL_OVERRIDE,,2026-09-09,,,,NOT_REQUESTED,28.3,19.8,66.8
MH_PUNE_556751,Vakambe,Vakambe,Bhor,Pune,18.2165,73.78498,86.28,35.53,-1.5,636.5,50.9,560.2,712.9,3.0,210.0,48.0,18.0,8.0,18.0,3.0,5.0,0.0,20.0,29.5,21.0,0.73,-2.9204349983109155,17.14,12.94,21.48,9.36,24.14,3.81,MODERATE,Orographic Sahyadri Elevation Gradient,Manual demo override,MANUAL_OVERRIDE,,2026-09-09,,,,NOT_REQUESTED,28.9,20.4,66.9
MH_PUNE_556758,Kumbale,Kumbale,Bhor,Pune,18.20292,73.63782,72.56,42.71,5.9,752.4,60.2,662.1,842.7,14.0,204.6,48.0,18.0,8.0,18.0,3.0,5.0,0.0,20.0,29.5,21.0,4.56,-1.958421498858999,22.22,17.88,26.3,15.26,29.08,3.65,MODERATE,Orographic Sahyadri Elevation Gradient,Manual demo override,MANUAL_OVERRIDE,,2026-09-09,,,,NOT_REQUESTED,28.2,19.7,68.9
MH_PUNE_556756,Lavheri,Lavheri,Bhor,Pune,18.21083,73.83654,90.66,35.52,-2.5,746.5,59.7,657.0,836.1,3.0,212.0,48.0,18.0,8.0,18.0,3.0,5.0,0.0,20.0,29.5,21.0,0.73,-3.1358930996764873,17.15,13.37,21.21,9.57,23.95,3.68,MODERATE,Orographic Sahyadri Elevation Gradient,Manual demo override,MANUAL_OVERRIDE,,2026-09-09,,,,NOT_REQUESTED,28.2,19.7,66.9
MH_PUNE_556770,Rajghar,Rajghar,Bhor,Pune,18.20508,73.77301,84.54,37.03,-1.3,697.6,55.8,613.9,781.3,3.0,209.6,48.0,18.0,8.0,18.0,3.0,5.0,0.0,20.0,29.5,21.0,0.5,-2.831393708101133,17.09,13.99,20.45,9.29,23.92,3.51,MODERATE,Orographic Sahyadri Elevation Gradient,Manual demo override,MANUAL_OVERRIDE,,2026-09-09,,,,NOT_REQUESTED,28.5,20.0,66.8
MH_PUNE_556769,Velvand,Velvand,Bhor,Pune,18.20093,73.75781,82.93,37.86,-1.0,876.5,70.1,771.4,981.7,3.0,209.0,48.0,18.0,8.0,18.0,3.0,5.0,0.0,20.0,29.5,21.0,0.5,-2.7411676037424795,17.25,13.68,22.01,9.68,23.7,3.67,MODERATE,Orographic Sahyadri Elevation Gradient,Manual demo override,MANUAL_OVERRIDE,,2026-09-09,,,,NOT_REQUESTED,27.3,18.8,66.9
MH_PUNE_556743,Bhandravali,Bhandravali,Bhor,Pune,18.2039,73.69762,77.76,39.67,0.2,723.3,57.9,636.5,810.2,14.0,206.8,48.0,18.0,8.0,18.0,3.0,5.0,0.0,20.0,29.5,21.0,2.64,-2.381644663418043,20.04,16.3,23.76,13.04,26.98,3.73,MODERATE,Orographic Sahyadri Elevation Gradient,Manual demo override,MANUAL_OVERRIDE,,2026-09-09,,,,NOT_REQUESTED,28.4,19.9,68.0
MH_PUNE_556757,Harnas,Harnas,Bhor,Pune,18.20544,73.84578,91.22,36.09,-2.6,696.1,55.7,612.5,779.6,3.0,212.3,48.0,18.0,8.0,18.0,3.0,5.0,0.0,20.0,29.5,21.0,0.73,-3.159291851618918,16.95,13.56,20.43,9.56,23.18,3.55,MODERATE,Orographic Sahyadri Elevation Gradient,Manual demo override,MANUAL_OVERRIDE,,2026-09-09,,,,NOT_REQUESTED,28.5,20.0,66.8
MH_PUNE_556764,Nanavale,Nanavale,Bhor,Pune,18.19519,73.72449,79.6,39.52,-0.4,680.8,54.5,599.1,762.6,3.0,207.8,48.0,18.0,8.0,18.0,3.0,5.0,0.0,20.0,29.5,21.0,0.5,-2.5383461732087427,17.36,13.45,21.12,9.27,24.03,3.75,MODERATE,Orographic Sahyadri Elevation Gradient,Manual demo override,MANUAL_OVERRIDE,,2026-09-09,,,,NOT_REQUESTED,28.6,20.1,66.9
MH_PUNE_556771,Pasure,Pasure,Bhor,Pune,18.19245,73.79881,86.18,37.92,-1.8,775.1,62.0,682.1,868.1,3.0,210.6,48.0,18.0,8.0,18.0,3.0,5.0,0.0,20.0,29.5,21.0,0.73,-2.9298670479516304,17.29,13.88,20.77,9.61,23.86,3.78,MODERATE,Orographic Sahyadri Elevation Gradient,Manual demo override,MANUAL_OVERRIDE,,2026-09-09,,,,NOT_REQUESTED,28.0,19.5,66.9
MH_PUNE_556760,Bope,Bope,Bhor,Pune,18.18561,73.63008,70.76,44.78,6.6,656.3,52.5,577.5,735.0,14.0,204.3,48.0,18.0,8.0,18.0,3.0,5.0,0.0,20.0,29.5,21.0,4.54,-1.9019326205245466,21.97,18.62,26.25,14.45,28.24,3.62,MODERATE,Orographic Sahyadri Elevation Gradient,Manual demo override,MANUAL_OVERRIDE,,2026-09-09,,,,NOT_REQUESTED,28.9,20.4,68.8
MH_PUNE_556773,Karnvadi,Karnvadi,Bhor,Pune,18.18966,73.81173,87.22,38.06,-2.0,641.4,51.3,564.4,718.3,3.0,211.0,48.0,18.0,8.0,18.0,3.0,5.0,0.0,20.0,29.5,21.0,0.73,-2.9827294265102995,17.28,13.43,21.41,9.34,24.25,3.82,MODERATE,Orographic Sahyadri Elevation Gradient,Manual demo override,MANUAL_OVERRIDE,,2026-09-09,,,,NOT_REQUESTED,28.9,20.4,66.9
MH_PUNE_556786,Brahmanghar,Brahmanghar,Bhor,Pune,18.16647,73.78279,83.3,41.04,-1.5,711.0,56.9,625.6,796.3,3.0,210.0,48.0,18.0,8.0,18.0,3.0,5.0,0.0,20.0,29.5,21.0,0.5,-2.8041985933247684,17.02,12.9,20.62,9.74,23.95,3.74,MODERATE,Orographic Sahyadri Elevation Gradient,Manual demo override,MANUAL_OVERRIDE,,2026-09-09,,,,NOT_REQUESTED,28.4,19.9,66.8
MH_PUNE_556774,Mhalavadi,Mhalavadi,Bhor,Pune,18.18602,73.82058,87.85,38.37,-2.2,622.0,49.8,547.3,696.7,3.0,211.4,48.0,18.0,8.0,18.0,3.0,5.0,0.0,20.0,29.5,21.0,0.73,-3.0139797326327207,17.11,13.44,20.69,9.58,23.99,3.66,MODERATE,Orographic Sahyadri Elevation Gradient,Manual demo override,MANUAL_OVERRIDE,,2026-09-09,,,,NOT_REQUESTED,29.0,20.5,66.8
MH_PUNE_556763,Kondgaon,Kondgaon,Bhor,Pune,18.16915,73.70034,75.9,43.12,-0.0,858.8,68.7,755.8,961.9,3.0,206.9,48.0,18.0,8.0,18.0,3.0,5.0,0.0,20.0,29.5,21.0,0.74,-2.357464398743084,17.89,14.23,21.91,9.65,24.41,3.81,MODERATE,Orographic Sahyadri Elevation Gradient,Manual demo override,MANUAL_OVERRIDE,,2026-09-09,,,,NOT_REQUESTED,27.5,19.0,67.2
MH_PUNE_556761,Sangvi,Sangvi,Bhor,Pune,18.17399,73.66962,73.46,43.93,2.9,629.4,50.4,553.8,705.0,14.0,205.8,48.0,18.0,8.0,18.0,3.0,5.0,0.0,20.0,29.5,21.0,4.54,-2.16817489887383,21.8,16.95,25.25,13.93,28.53,3.78,MODERATE,Orographic Sahyadri Elevation Gradient,Manual demo override,MANUAL_OVERRIDE,,2026-09-09,,,,NOT_REQUESTED,29.0,20.5,68.7
MH_PUNE_556785,Mahude Bk,Mahude Bk,Bhor,Pune,18.16634,73.79389,84.33,40.87,-1.7,662.0,53.0,582.5,741.5,3.0,210.4,48.0,18.0,8.0,18.0,3.0,5.0,0.0,20.0,29.5,21.0,0.5,-2.8570173869490514,17.1,13.6,20.76,9.75,23.41,3.47,MODERATE,Orographic Sahyadri Elevation Gradient,Manual demo override,MANUAL_OVERRIDE,,2026-09-09,,,,NOT_REQUESTED,28.8,20.3,66.8
MH_PUNE_556767,Jayatpad,Jayatpad,Bhor,Pune,18.17669,73.753,81.11,40.6,-1.0,949.6,76.0,835.6,1063.6,3.0,208.9,48.0,18.0,8.0,18.0,3.0,5.0,0.0,20.0,29.5,21.0,0.5,-2.669291074998805,17.02,13.25,21.04,9.15,24.3,3.77,MODERATE,Orographic Sahyadri Elevation Gradient,Manual demo override,MANUAL_OVERRIDE,,2026-09-09,,,,NOT_REQUESTED,26.8,18.3,66.8
MH_PUNE_556766,Pangari,Pangari,Bhor,Pune,18.17801,73.73335,79.4,41.03,-0.6,742.4,59.4,653.3,831.5,3.0,208.1,48.0,18.0,8.0,18.0,3.0,5.0,0.0,20.0,29.5,21.0,0.5,-2.5628289626757175,17.56,13.31,22.13,9.86,24.39,3.68,MODERATE,Orographic Sahyadri Elevation Gradient,Manual demo override,MANUAL_OVERRIDE,,2026-09-09,,,,NOT_REQUESTED,28.2,19.7,67.0
MH_PUNE_556765,Dehen,Dehen,Bhor,Pune,18.17006,73.72006,77.74,42.31,-0.4,860.4,68.8,757.2,963.6,3.0,207.6,48.0,18.0,8.0,18.0,3.0,5.0,0.0,20.0,29.5,21.0,0.5,-2.4754784305100923,17.48,13.5,20.97,9.75,23.93,3.66,MODERATE,Orographic Sahyadri Elevation Gradient,Manual demo override,MANUAL_OVERRIDE,,2026-09-09,,,,NOT_REQUESTED,27.4,18.9,67.0
MH_PUNE_556826,Venavadi,Venavadi,Bhor,Pune,18.14637,73.84615,88.29,42.66,-2.6,613.1,49.1,539.5,686.8,3.0,212.3,48.0,18.0,8.0,18.0,3.0,5.0,0.0,20.0,29.5,21.0,0.73,-3.0572092117667586,17.03,13.17,20.51,9.65,23.9,3.56,MODERATE,Orographic Sahyadri Elevation Gradient,Manual demo override,MANUAL_OVERRIDE,,2026-09-09,,,,NOT_REQUESTED,29.1,20.6,66.8
MH_PUNE_556827,Shirvali Tarf Bhor,Shirvali Tarf Bhor,Bhor,Pune,18.14831,73.83066,86.9,42.49,-2.4,598.4,47.9,526.5,670.2,3.0,211.7,48.0,18.0,8.0,18.0,3.0,5.0,0.0,20.0,29.5,21.0,0.73,-2.9942017043967706,17.16,13.36,20.94,9.07,24.38,3.88,MODERATE,Rain-Shadow Plateau Topography,Manual demo override,MANUAL_OVERRIDE,,2026-09-09,,,,NOT_REQUESTED,29.2,20.7,66.9
MH_PUNE_556797,Pisavare,Pisavare,Bhor,Pune,18.14544,73.80323,84.15,43.04,-1.9,604.8,48.4,532.2,677.4,3.0,210.7,48.0,18.0,8.0,18.0,3.0,5.0,0.0,20.0,29.5,21.0,0.5,-2.8688423286817937,17.14,13.7,20.9,9.09,23.6,3.7,MODERATE,Orographic Sahyadri Elevation Gradient,Manual demo override,MANUAL_OVERRIDE,,2026-09-09,,,,NOT_REQUESTED,29.1,20.6,66.9
MH_PUNE_556813,Mazeri,Mazeri,Bhor,Pune,18.09397,73.69283,71.16,51.24,0.7,741.1,59.3,652.2,830.1,14.0,206.6,48.0,18.0,8.0,18.0,3.0,5.0,0.0,20.0,29.5,21.0,4.61,-2.2744608476397072,21.83,17.87,25.9,13.51,29.06,3.82,MODERATE,Orographic Sahyadri Elevation Gradient,Manual demo override,MANUAL_OVERRIDE,,2026-09-09,,,,NOT_REQUESTED,28.3,19.8,68.7
MH_PUNE_556812,Shirvali,Shirvali,Bhor,Pune,18.08025,73.67127,68.44,53.45,2.7,766.9,61.4,674.8,859.0,14.0,205.8,48.0,18.0,8.0,18.0,3.0,5.0,0.0,20.0,29.5,21.0,4.72,-2.1603321467385914,21.91,18.3,25.77,13.96,28.44,3.76,MODERATE,Orographic Sahyadri Elevation Gradient,Manual demo override,MANUAL_OVERRIDE,,2026-09-09,,,,NOT_REQUESTED,28.1,19.6,68.8
MH_PUNE_556810,Abhepuri,Abhepuri,Bhor,Pune,18.08962,73.65103,67.0,53.28,4.7,751.4,60.1,661.3,841.6,14.0,205.1,48.0,18.0,8.0,18.0,3.0,5.0,0.0,20.0,29.5,21.0,4.72,-2.049360295629106,22.05,18.09,26.22,13.99,29.07,3.85,MODERATE,Orographic Sahyadri Elevation Gradient,Manual demo override,MANUAL_OVERRIDE,,2026-09-09,,,,NOT_REQUESTED,28.2,19.7,68.8
MH_PUNE_556814,Parhar Bk,Parhar Bk,Bhor,Pune,18.08852,73.70422,71.98,51.45,-0.1,666.0,53.3,586.0,746.0,3.0,207.1,48.0,18.0,8.0,18.0,3.0,5.0,0.0,20.0,29.5,21.0,4.69,-2.3332092613844786,21.77,17.71,24.84,13.37,27.92,3.72,MODERATE,Orographic Sahyadri Elevation Gradient,Manual demo override,MANUAL_OVERRIDE,,2026-09-09,,,,NOT_REQUESTED,28.8,20.3,68.7
MH_PUNE_556768,Nandghur,Nandghur,Bhor,Pune,18.17739,73.76203,81.98,40.29,-1.1,877.8,70.2,772.5,983.1,3.0,209.2,48.0,18.0,8.0,18.0,3.0,5.0,0.0,20.0,29.5,21.0,0.5,-2.718271084788112,17.2,13.0,21.42,9.72,24.09,3.78,MODERATE,Orographic Sahyadri Elevation Gradient,Manual demo override,MANUAL_OVERRIDE,,2026-09-09,,,,NOT_REQUESTED,27.3,18.8,66.9
MH_PUNE_556784,Nand,Nand,Bhor,Pune,18.16395,73.80652,85.39,40.96,-1.9,624.9,50.0,549.9,699.9,3.0,210.8,48.0,18.0,8.0,18.0,3.0,5.0,0.0,20.0,29.5,21.0,0.73,-2.9113424449186036,17.24,12.91,20.62,9.35,23.82,3.78,MODERATE,Orographic Sahyadri Elevation Gradient,Manual demo override,MANUAL_OVERRIDE,,2026-09-09,,,,NOT_REQUESTED,29.0,20.5,66.9
MH_PUNE_556776,Bare Kh,Bare Kh,Bhor,Pune,18.18071,73.838,89.2,38.86,-2.5,622.0,49.8,547.3,696.7,3.0,212.0,48.0,18.0,8.0,18.0,3.0,5.0,0.0,20.0,29.5,21.0,0.73,-3.076847301989094,17.22,13.26,21.21,9.81,23.2,3.63,MODERATE,Orographic Sahyadri Elevation Gradient,Manual demo override,MANUAL_OVERRIDE,,2026-09-09,,,,NOT_REQUESTED,29.0,20.5,66.9
MH_PUNE_556783,Shind,Shind,Bhor,Pune,18.16761,73.81346,86.23,40.48,-2.0,645.8,51.7,568.3,723.4,3.0,211.1,48.0,18.0,8.0,18.0,3.0,5.0,0.0,20.0,29.5,21.0,0.73,-2.9485897437226574,17.18,13.76,21.06,9.77,23.91,3.62,MODERATE,Orographic Sahyadri Elevation Gradient,Manual demo override,MANUAL_OVERRIDE,,2026-09-09,,,,NOT_REQUESTED,28.9,20.4,66.9
MH_PUNE_556777,Basarapur,Basarapur,Bhor,Pune,18.17774,73.84981,90.16,39.17,-2.7,622.0,49.8,547.3,696.7,3.0,212.4,48.0,18.0,8.0,18.0,3.0,5.0,0.0,20.0,29.5,21.0,0.73,-3.1191359421343954,16.93,13.25,21.74,9.77,23.36,3.68,MODERATE,Orographic Sahyadri Elevation Gradient,Manual demo override,MANUAL_OVERRIDE,,2026-09-09,,,,NOT_REQUESTED,29.0,20.5,66.8
MH_PUNE_556790,Rajivadi,Rajivadi,Bhor,Pune,18.14872,73.67521,72.45,46.24,2.4,739.6,59.2,650.8,828.4,14.0,206.0,48.0,18.0,8.0,18.0,3.0,5.0,0.0,20.0,29.5,21.0,4.56,-2.1906428059307754,21.75,17.83,25.34,14.78,27.9,3.54,MODERATE,Orographic Sahyadri Elevation Gradient,Manual demo override,MANUAL_OVERRIDE,,2026-09-09,,,,NOT_REQUESTED,28.3,19.8,68.7
MH_PUNE_556782,Gawadi,Gawadi,Bhor,Pune,18.16886,73.82454,87.33,40.25,-2.2,663.2,53.1,583.5,742.8,3.0,211.5,48.0,18.0,8.0,18.0,3.0,5.0,0.0,20.0,29.5,21.0,0.73,-2.999147144823384,17.25,13.66,21.13,9.63,23.82,3.63,MODERATE,Orographic Sahyadri Elevation Gradient,Manual demo override,MANUAL_OVERRIDE,,2026-09-09,,,,NOT_REQUESTED,28.7,20.2,66.9
MH_PUNE_556781,Kiwat,Kiwat,Bhor,Pune,18.16759,73.84005,88.73,40.31,-2.5,630.3,50.4,554.7,705.9,3.0,212.1,48.0,18.0,8.0,18.0,3.0,5.0,0.0,20.0,29.5,21.0,0.73,-3.0624027006352565,17.15,12.92,21.75,9.13,23.75,3.84,MODERATE,Orographic Sahyadri Elevation Gradient,Manual demo override,MANUAL_OVERRIDE,,2026-09-09,,,,NOT_REQUESTED,29.0,20.5,66.9
MH_PUNE_556787,Mahude Kh,Mahude Kh,Bhor,Pune,18.15689,73.77125,81.73,42.31,-1.3,673.2,53.9,592.4,754.1,3.0,209.5,48.0,18.0,8.0,18.0,3.0,5.0,0.0,20.0,29.5,21.0,0.5,-2.732580477795589,17.09,13.13,20.76,9.15,24.21,3.71,MODERATE,Orographic Sahyadri Elevation Gradient,Manual demo override,MANUAL_OVERRIDE,,2026-09-09,,,,NOT_REQUESTED,28.7,20.2,66.8
MH_PUNE_556796,Karanjgaon,Karanjgaon,Bhor,Pune,18.14691,73.75565,79.75,43.75,-1.0,706.3,56.5,621.6,791.1,3.0,209.0,48.0,18.0,8.0,18.0,3.0,5.0,0.0,20.0,29.5,21.0,0.5,-2.640361107390172,17.44,13.47,21.56,9.68,24.88,3.8,MODERATE,Orographic Sahyadri Elevation Gradient,Manual demo override,MANUAL_OVERRIDE,,2026-09-09,,,,NOT_REQUESTED,28.5,20.0,67.0
MH_PUNE_556762,Salungan,Salungan,Bhor,Pune,18.15065,73.68955,73.86,45.45,1.0,836.4,66.9,736.0,936.7,14.0,206.5,48.0,18.0,8.0,18.0,3.0,5.0,0.0,20.0,29.5,21.0,4.67,-2.2776990560445296,21.94,17.47,25.64,13.67,29.04,3.93,MODERATE,Orographic Sahyadri Elevation Gradient,Manual demo override,MANUAL_OVERRIDE,,2026-09-09,,,,NOT_REQUESTED,27.6,19.1,68.8
MH_PUNE_556789,Kund,Kund,Bhor,Pune,18.14652,73.65531,70.53,47.33,4.2,773.1,61.8,680.4,865.8,14.0,205.2,48.0,18.0,8.0,18.0,3.0,5.0,0.0,20.0,29.5,21.0,4.56,-2.0681340468966307,21.76,17.07,26.39,14.63,28.1,3.66,MODERATE,Orographic Sahyadri Elevation Gradient,Manual demo override,MANUAL_OVERRIDE,,2026-09-09,,,,NOT_REQUESTED,28.1,19.6,68.7
MH_PUNE_556795,Mhasar Kh,Mhasar Kh,Bhor,Pune,18.14028,73.74243,78.17,44.8,-0.8,932.2,74.6,820.3,1044.1,3.0,208.5,48.0,18.0,8.0,18.0,3.0,5.0,0.0,20.0,29.5,21.0,0.5,-2.5642773941560715,17.36,13.96,21.85,9.05,24.21,3.9,MODERATE,Orographic Sahyadri Elevation Gradient,Manual demo override,MANUAL_OVERRIDE,,2026-09-09,,,,NOT_REQUESTED,26.9,18.4,66.9
MH_PUNE_556794,Mhasar Bk,Mhasar Bk,Bhor,Pune,18.14065,73.71575,75.71,45.55,-0.3,808.6,64.7,711.6,905.7,3.0,207.5,48.0,18.0,8.0,18.0,3.0,5.0,0.0,20.0,29.5,21.0,2.39,-2.42069811008469,19.31,15.34,23.14,11.42,26.32,3.75,MODERATE,Orographic Sahyadri Elevation Gradient,Manual demo override,MANUAL_OVERRIDE,,2026-09-09,,,,NOT_REQUESTED,27.8,19.3,67.7
MH_PUNE_556788,Bhanusdara,Bhanusdara,Bhor,Pune,18.15332,73.75848,80.35,42.98,-1.1,692.5,55.4,609.4,775.6,3.0,209.1,48.0,18.0,8.0,18.0,3.0,5.0,0.0,20.0,29.5,21.0,0.5,-2.6630542480113917,17.37,13.41,21.16,9.51,24.37,3.84,MODERATE,Orographic Sahyadri Elevation Gradient,Manual demo override,MANUAL_OVERRIDE,,2026-09-09,,,,NOT_REQUESTED,28.6,20.1,66.9
MH_PUNE_556825,Pombardi,Pombardi,Bhor,Pune,18.15251,73.83956,87.95,41.99,-2.5,595.0,47.6,523.6,666.4,3.0,212.1,48.0,18.0,8.0,18.0,3.0,5.0,0.0,20.0,29.5,21.0,0.73,-3.037726476618059,17.06,14.08,21.33,9.29,23.78,3.72,MODERATE,Rain-Shadow Plateau Topography,Manual demo override,MANUAL_OVERRIDE,,2026-09-09,,,,NOT_REQUESTED,29.2,20.7,66.8
MH_PUNE_556791,Shilimb,Shilimb,Bhor,Pune,18.13275,73.64577,68.87,49.15,5.2,813.2,65.1,715.5,910.8,14.0,204.9,48.0,18.0,8.0,18.0,3.0,5.0,0.0,20.0,29.5,21.0,4.67,-2.009858660709578,21.94,17.96,25.54,14.47,29.12,3.72,MODERATE,Orographic Sahyadri Elevation Gradient,Manual demo override,MANUAL_OVERRIDE,,2026-09-09,,,,NOT_REQUESTED,27.8,19.3,68.8
MH_PUNE_556828,Ambeghar,Ambeghar,Bhor,Pune,18.13689,73.82005,85.34,43.83,-2.2,658.2,52.7,579.1,737.2,3.0,211.3,48.0,18.0,8.0,18.0,3.0,5.0,0.0,20.0,29.5,21.0,0.73,-2.9334616399069984,17.2,13.4,21.12,9.05,24.26,3.81,MODERATE,Orographic Sahyadri Elevation Gradient,Manual demo override,MANUAL_OVERRIDE,,2026-09-09,,,,NOT_REQUESTED,28.8,20.3,66.9
MH_PUNE_556793,Kondhari,Kondhari,Bhor,Pune,18.12426,73.70197,73.56,47.75,-0.0,766.1,61.3,674.2,858.1,3.0,207.0,48.0,18.0,8.0,18.0,3.0,5.0,0.0,20.0,29.5,21.0,4.54,-2.3335756706492035,21.63,17.64,25.21,13.5,28.09,3.71,MODERATE,Orographic Sahyadri Elevation Gradient,Manual demo override,MANUAL_OVERRIDE,,2026-09-09,,,,NOT_REQUESTED,28.1,19.6,68.7
MH_PUNE_556799,Apti,Apti,Bhor,Pune,18.13088,73.77822,81.07,45.02,-1.4,671.6,53.7,591.0,752.1,3.0,209.8,48.0,18.0,8.0,18.0,3.0,5.0,0.0,20.0,29.5,21.0,0.5,-2.733727301987579,17.36,14.2,22.01,9.4,24.21,3.8,MODERATE,Orographic Sahyadri Elevation Gradient,Manual demo override,MANUAL_OVERRIDE,,2026-09-09,,,,NOT_REQUESTED,28.7,20.2,66.9
MH_PUNE_556798,Vathar,Vathar,Bhor,Pune,18.13318,73.7936,82.64,44.52,-1.7,606.0,48.5,533.3,678.8,3.0,210.4,48.0,18.0,8.0,18.0,3.0,5.0,0.0,20.0,29.5,21.0,0.5,-2.8091181053711303,17.21,13.2,21.58,9.24,23.46,3.66,MODERATE,Orographic Sahyadri Elevation Gradient,Manual demo override,MANUAL_OVERRIDE,,2026-09-09,,,,NOT_REQUESTED,29.1,20.6,66.9
MH_PUNE_556806,Karungan,Karungan,Bhor,Pune,18.12215,73.66532,70.06,49.36,3.3,738.4,59.1,649.8,827.1,14.0,205.6,48.0,18.0,8.0,18.0,3.0,5.0,0.0,20.0,29.5,21.0,4.56,-2.1256885229443876,21.97,18.52,25.13,13.91,29.35,3.8,MODERATE,Orographic Sahyadri Elevation Gradient,Manual demo override,MANUAL_OVERRIDE,,2026-09-09,,,,NOT_REQUESTED,28.3,19.8,68.8
MH_PUNE_556807,Ashimpi,Ashimpi,Bhor,Pune,18.11737,73.63396,66.92,51.24,6.3,748.4,59.9,658.6,838.3,14.0,204.5,48.0,18.0,8.0,18.0,3.0,5.0,0.0,20.0,29.5,21.0,4.72,-1.9432459788030738,22.23,18.27,25.98,14.58,29.63,3.71,MODERATE,Orographic Sahyadri Elevation Gradient,Manual demo override,MANUAL_OVERRIDE,,2026-09-09,,,,NOT_REQUESTED,28.3,19.8,68.9
MH_PUNE_556801,Nigudghar,Nigudghar,Bhor,Pune,18.12412,73.75936,78.95,46.13,-1.1,714.2,57.1,628.6,799.9,3.0,209.1,48.0,18.0,8.0,18.0,3.0,5.0,0.0,20.0,29.5,21.0,0.5,-2.6346518562134125,17.46,13.91,21.0,9.97,24.13,3.59,MODERATE,Orographic Sahyadri Elevation Gradient,Manual demo override,MANUAL_OVERRIDE,,2026-09-09,,,,NOT_REQUESTED,28.4,19.9,67.0
MH_PUNE_556802,Devghar,Devghar,Bhor,Pune,18.11966,73.73415,76.34,47.24,-0.6,660.1,52.8,580.9,739.3,3.0,208.2,48.0,18.0,8.0,18.0,3.0,5.0,0.0,20.0,29.5,21.0,0.5,-2.502882974436017,17.56,13.11,21.24,10.17,23.93,3.68,MODERATE,Orographic Sahyadri Elevation Gradient,Manual demo override,MANUAL_OVERRIDE,,2026-09-09,,,,NOT_REQUESTED,28.8,20.3,67.0
MH_PUNE_556830,Chikhalavade,Chikhalavade,Bhor,Pune,18.12025,73.82363,84.92,45.65,-2.2,1018.9,81.5,896.7,1141.2,3.0,211.5,48.0,18.0,8.0,18.0,3.0,5.0,0.0,20.0,29.5,21.0,0.73,-2.931327803328929,17.16,13.28,20.75,10.03,24.24,3.66,MODERATE,Orographic Sahyadri Elevation Gradient,Manual demo override,MANUAL_OVERRIDE,,2026-09-09,,,,NOT_REQUESTED,26.3,17.8,66.9
MH_PUNE_556804,Hirdoshi,Hirdoshi,Bhor,Pune,18.11038,73.68705,71.44,49.73,1.2,734.7,58.8,646.5,822.9,14.0,206.4,48.0,18.0,8.0,18.0,3.0,5.0,0.0,20.0,29.5,21.0,4.56,-2.246330533930111,21.76,18.23,25.45,13.83,28.65,3.76,MODERATE,Orographic Sahyadri Elevation Gradient,Manual demo override,MANUAL_OVERRIDE,,2026-09-09,,,,NOT_REQUESTED,28.3,19.8,68.7
MH_PUNE_556800,Nandgaon,Nandgaon,Bhor,Pune,18.11663,73.77753,80.32,46.6,-1.4,634.6,50.8,558.4,710.8,3.0,209.8,48.0,18.0,8.0,18.0,3.0,5.0,0.0,20.0,29.5,21.0,0.5,-2.716289069339899,17.3,13.02,21.8,9.84,24.14,3.77,MODERATE,Orographic Sahyadri Elevation Gradient,Manual demo override,MANUAL_OVERRIDE,,2026-09-09,,,,NOT_REQUESTED,28.9,20.4,66.9
MH_PUNE_556831,Chikhalavade Kh,Chikhalavade Kh,Bhor,Pune,18.11607,73.80823,83.25,46.24,-1.9,668.9,53.5,588.6,749.1,3.0,210.9,48.0,18.0,8.0,18.0,3.0,5.0,0.0,20.0,29.5,21.0,0.5,-2.858506993066937,17.21,13.58,20.78,9.84,24.18,3.67,MODERATE,Orographic Sahyadri Elevation Gradient,Manual demo override,MANUAL_OVERRIDE,,2026-09-09,,,,NOT_REQUESTED,28.7,20.2,66.9
MH_PUNE_556854,Hatnoshi,Hatnoshi,Bhor,Pune,18.11026,73.84185,86.25,46.68,-2.6,727.0,58.2,639.7,814.3,3.0,212.1,48.0,18.0,8.0,18.0,3.0,5.0,0.0,20.0,29.5,21.0,0.73,-3.0022395764181375,17.14,13.71,21.2,9.41,23.51,3.6,MODERATE,Orographic Sahyadri Elevation Gradient,Manual demo override,MANUAL_OVERRIDE,,2026-09-09,,,,NOT_REQUESTED,28.3,19.8,66.9
MH_PUNE_556805,Varavand,Varavand,Bhor,Pune,18.10452,73.65839,68.46,51.45,4.0,780.7,62.5,686.9,874.4,14.0,205.4,48.0,18.0,8.0,18.0,3.0,5.0,0.0,20.0,29.5,21.0,4.72,-2.0868284539136264,22.01,17.11,26.68,15.47,28.18,3.54,MODERATE,Orographic Sahyadri Elevation Gradient,Manual demo override,MANUAL_OVERRIDE,,2026-09-09,,,,NOT_REQUESTED,28.0,19.5,68.8
MH_PUNE_556803,Venupuri,Venupuri,Bhor,Pune,18.10785,73.71056,73.52,49.19,-0.2,775.6,62.0,682.6,868.6,3.0,207.3,48.0,18.0,8.0,18.0,3.0,5.0,0.0,20.0,29.5,21.0,4.54,-2.3723524272292007,21.62,18.04,25.32,13.28,28.34,3.88,MODERATE,Orographic Sahyadri Elevation Gradient,Manual demo override,MANUAL_OVERRIDE,,2026-09-09,,,,NOT_REQUESTED,28.0,19.5,68.6
MH_PUNE_556792,Dhamunashi,Dhamunashi,Bhor,Pune,18.12218,73.68054,71.46,48.75,1.8,814.3,65.1,716.6,911.9,14.0,206.2,48.0,18.0,8.0,18.0,3.0,5.0,0.0,20.0,29.5,21.0,4.67,-2.2128485771639252,22.0,18.07,26.13,14.54,29.63,3.71,MODERATE,Orographic Sahyadri Elevation Gradient,Manual demo override,MANUAL_OVERRIDE,,2026-09-09,,,,NOT_REQUESTED,27.8,19.3,68.8
MH_PUNE_556832,Karanje,Karanje,Bhor,Pune,18.10905,73.8001,82.14,47.1,-1.8,649.6,52.0,571.6,727.6,3.0,210.6,48.0,18.0,8.0,18.0,3.0,5.0,0.0,20.0,29.5,21.0,0.5,-2.815265410962193,17.12,13.27,20.98,9.85,23.58,3.7,MODERATE,Orographic Sahyadri Elevation Gradient,Manual demo override,MANUAL_OVERRIDE,,2026-09-09,,,,NOT_REQUESTED,28.8,20.3,66.8
MH_PUNE_556835,Bhavekhal,Bhavekhal,Bhor,Pune,18.10568,73.75984,78.11,48.13,-1.1,611.2,48.9,537.9,684.6,3.0,209.1,48.0,18.0,8.0,18.0,3.0,5.0,0.0,20.0,29.5,21.0,0.5,-2.621985364841648,17.31,13.63,20.98,9.1,23.79,3.75,MODERATE,Orographic Sahyadri Elevation Gradient,Manual demo override,MANUAL_OVERRIDE,,2026-09-09,,,,NOT_REQUESTED,29.1,20.6,66.9
MH_PUNE_556816,Salav,Salav,Bhor,Pune,18.10094,73.74583,76.55,48.96,-0.8,664.9,53.2,585.1,744.7,3.0,208.6,48.0,18.0,8.0,18.0,3.0,5.0,0.0,20.0,29.5,21.0,0.5,-2.549821380567339,17.46,13.59,21.05,9.6,24.02,3.75,MODERATE,Orographic Sahyadri Elevation Gradient,Manual demo override,MANUAL_OVERRIDE,,2026-09-09,,,,NOT_REQUESTED,28.7,20.2,67.0
MH_PUNE_556836,Angasule,Angasule,Bhor,Pune,18.09526,73.76949,78.56,49.08,-1.3,644.6,51.6,567.2,722.0,3.0,209.5,48.0,18.0,8.0,18.0,3.0,5.0,0.0,20.0,29.5,21.0,0.5,-2.661683285615963,17.37,13.46,20.83,9.17,23.57,3.59,MODERATE,Orographic Sahyadri Elevation Gradient,Manual demo override,MANUAL_OVERRIDE,,2026-09-09,,,,NOT_REQUESTED,28.9,20.4,66.9
MH_PUNE_556815,Bhambatmal,Bhambatmal,Bhor,Pune,18.09224,73.73772,75.36,50.1,-0.7,705.7,56.5,620.9,790.4,3.0,208.3,48.0,18.0,8.0,18.0,3.0,5.0,0.0,20.0,29.5,21.0,3.93,-2.5048819405450002,20.99,16.85,24.66,12.47,28.31,3.87,MODERATE,Orographic Sahyadri Elevation Gradient,Manual demo override,MANUAL_OVERRIDE,,2026-09-09,,,,NOT_REQUESTED,28.5,20.0,68.4
MH_PUNE_556834,Sangvi Tarf Bhor,Sangvi Tarf Bhor,Bhor,Pune,18.09899,73.78504,80.24,48.41,-1.5,628.9,50.3,553.5,704.4,3.0,210.0,48.0,18.0,8.0,18.0,3.0,5.0,0.0,20.0,29.5,21.0,0.5,-2.737714610001749,17.25,13.37,22.16,9.29,24.15,3.76,MODERATE,Orographic Sahyadri Elevation Gradient,Manual demo override,MANUAL_OVERRIDE,,2026-09-09,,,,NOT_REQUESTED,29.0,20.5,66.9
MH_PUNE_556833,Panvhal,Panvhal,Bhor,Pune,18.09734,73.80816,82.41,48.31,-1.9,785.5,62.8,691.3,879.7,3.0,210.9,48.0,18.0,8.0,18.0,3.0,5.0,0.0,20.0,29.5,21.0,0.5,-2.843046572757342,17.13,13.12,21.79,9.31,24.22,3.86,MODERATE,Orographic Sahyadri Elevation Gradient,Manual demo override,MANUAL_OVERRIDE,,2026-09-09,,,,NOT_REQUESTED,27.9,19.4,66.9
MH_PUNE_556857,Bajarwadi,Bajarwadi,Bhor,Pune,18.09643,73.83507,85.01,48.24,-2.4,716.5,57.3,630.5,802.4,3.0,211.9,48.0,18.0,8.0,18.0,3.0,5.0,0.0,20.0,29.5,21.0,0.73,-2.9626344059029073,17.25,13.59,20.91,9.47,23.75,3.71,MODERATE,Orographic Sahyadri Elevation Gradient,Manual demo override,MANUAL_OVERRIDE,,2026-09-09,,,,NOT_REQUESTED,28.4,19.9,66.9
MH_PUNE_556818,Dapakeghar,Dapakeghar,Bhor,Pune,18.07294,73.72471,73.23,52.52,-0.4,781.8,62.5,688.1,875.6,3.0,207.8,48.0,18.0,8.0,18.0,3.0,5.0,0.0,20.0,29.5,21.0,4.69,-2.433839328915291,21.84,17.44,25.7,14.44,29.17,3.92,MODERATE,Orographic Sahyadri Elevation Gradient,Manual demo override,MANUAL_OVERRIDE,,2026-09-09,,,,NOT_REQUESTED,27.9,19.4,68.7
MH_PUNE_556819,Parhar Kh,Parhar Kh,Bhor,Pune,18.07529,73.70638,71.57,52.79,-0.1,802.6,64.2,706.3,898.9,3.0,207.1,48.0,18.0,8.0,18.0,3.0,5.0,0.0,20.0,29.5,21.0,4.7,-2.342299078119189,21.8,17.84,26.37,14.74,28.22,3.7,MODERATE,Orographic Sahyadri Elevation Gradient,Manual demo override,MANUAL_OVERRIDE,,2026-09-09,,,,NOT_REQUESTED,27.8,19.3,68.7
MH_PUNE_556838,Ambavade,Ambavade,Bhor,Pune,18.07986,73.78998,79.9,50.45,-1.6,643.4,51.5,566.2,720.7,3.0,210.2,48.0,18.0,8.0,18.0,3.0,5.0,0.0,20.0,29.5,21.0,0.5,-2.7492295615058318,17.22,13.52,20.93,9.43,24.33,3.8,MODERATE,Orographic Sahyadri Elevation Gradient,Manual demo override,MANUAL_OVERRIDE,,2026-09-09,,,,NOT_REQUESTED,28.9,20.4,66.9
MH_PUNE_556811,Durgadi,Durgadi,Bhor,Pune,18.06969,73.63324,64.32,56.07,6.3,693.6,55.5,610.4,776.9,14.0,204.4,48.0,18.0,8.0,18.0,3.0,5.0,0.0,20.0,29.5,21.0,4.71,-1.9624000634924592,22.38,18.27,26.3,14.33,30.32,4.05,MODERATE,Orographic Sahyadri Elevation Gradient,Manual demo override,MANUAL_OVERRIDE,,2026-09-09,,,,NOT_REQUESTED,28.6,20.1,69.0
MH_PUNE_556839,Nazre,Nazre,Bhor,Pune,18.07913,73.81098,81.93,50.3,-2.0,865.8,69.3,761.8,969.7,3.0,211.0,48.0,18.0,8.0,18.0,3.0,5.0,0.0,20.0,29.5,21.0,0.5,-2.844928138412376,17.21,13.0,20.75,9.61,23.69,3.67,MODERATE,Orographic Sahyadri Elevation Gradient,Manual demo override,MANUAL_OVERRIDE,,2026-09-09,,,,NOT_REQUESTED,27.4,18.9,66.9
MH_PUNE_556858,Dhavadi,Dhavadi,Bhor,Pune,18.08531,73.83676,84.72,49.47,-2.5,760.7,60.9,669.4,852.1,3.0,212.0,48.0,18.0,8.0,18.0,3.0,5.0,0.0,20.0,29.5,21.0,0.73,-2.963537617758826,17.29,13.57,20.65,9.24,23.98,3.75,MODERATE,Orographic Sahyadri Elevation Gradient,Manual demo override,MANUAL_OVERRIDE,,2026-09-09,,,,NOT_REQUESTED,28.1,19.6,66.9
MH_PUNE_556837,Kari,Kari,Bhor,Pune,18.07796,73.76665,77.53,51.03,-1.2,757.4,60.6,666.5,848.3,3.0,209.4,48.0,18.0,8.0,18.0,3.0,5.0,0.0,20.0,29.5,21.0,1.26,-2.639039665250509,18.2,14.54,22.59,10.29,24.64,3.71,MODERATE,Orographic Sahyadri Elevation Gradient,Manual demo override,MANUAL_OVERRIDE,,2026-09-09,,,,NOT_REQUESTED,28.1,19.6,67.3
MH_PUNE_556822,Gudhe,Gudhe,Bhor,Pune,18.05572,73.6765,67.8,55.83,2.2,724.1,57.9,637.2,810.9,14.0,206.0,48.0,18.0,8.0,18.0,3.0,5.0,0.0,20.0,29.5,21.0,4.72,-2.192345974482431,22.26,18.69,26.18,13.87,29.36,3.87,MODERATE,Orographic Sahyadri Elevation Gradient,Manual demo override,MANUAL_OVERRIDE,,2026-09-09,,,,NOT_REQUESTED,28.4,19.9,68.9
MH_PUNE_556817,Rayari,Rayari,Bhor,Pune,18.05672,73.71951,72.03,54.4,-0.4,1080.7,86.5,950.9,1210.4,3.0,207.6,48.0,18.0,8.0,18.0,3.0,5.0,0.0,20.0,29.5,21.0,4.7,-2.406212569742472,21.87,18.76,25.23,13.88,28.66,3.64,MODERATE,Orographic Sahyadri Elevation Gradient,Manual demo override,MANUAL_OVERRIDE,,2026-09-09,,,,NOT_REQUESTED,25.9,17.4,68.7
MH_PUNE_556829,Natambi,Natambi,Bhor,Pune,18.12992,73.83602,86.56,44.51,-2.4,647.8,51.8,570.1,725.5,3.0,211.9,48.0,18.0,8.0,18.0,3.0,5.0,0.0,20.0,29.5,21.0,0.73,-2.9951689421689562,17.31,12.79,21.03,9.72,24.46,3.78,MODERATE,Orographic Sahyadri Elevation Gradient,Manual demo override,MANUAL_OVERRIDE,,2026-09-09,,,,NOT_REQUESTED,28.8,20.3,66.9
MH_PUNE_556824,Kudali Bk,Kudali Bk,Bhor,Pune,18.05568,73.64348,64.61,57.07,5.4,801.0,64.1,704.9,897.2,14.0,204.8,48.0,18.0,8.0,18.0,3.0,5.0,0.0,20.0,29.5,21.0,4.73,-2.023830420776463,22.14,17.0,25.69,14.91,28.32,3.71,MODERATE,Orographic Sahyadri Elevation Gradient,Manual demo override,MANUAL_OVERRIDE,,2026-09-09,,,,NOT_REQUESTED,27.9,19.4,68.9
MH_PUNE_556823,Kudali Kh,Kudali Kh,Bhor,Pune,18.05323,73.65905,66.0,56.72,3.9,1027.1,82.2,903.8,1150.4,14.0,205.4,48.0,18.0,8.0,18.0,3.0,5.0,0.0,20.0,29.5,21.0,4.92,-2.1046809201048022,22.0,17.98,26.69,13.38,29.8,4.26,MODERATE,Orographic Sahyadri Elevation Gradient,Manual demo override,MANUAL_OVERRIDE,,2026-09-09,,,,NOT_REQUESTED,26.3,17.8,68.8
MH_PUNE_556843,Mhakoshi,Mhakoshi,Bhor,Pune,18.06516,73.7883,79.13,52.1,-1.6,702.9,56.2,618.6,787.2,3.0,210.2,48.0,18.0,8.0,18.0,3.0,5.0,0.0,20.0,29.5,21.0,1.26,-2.7351430603978013,18.04,14.3,21.51,10.54,24.83,3.56,MODERATE,Orographic Sahyadri Elevation Gradient,Manual demo override,MANUAL_OVERRIDE,,2026-09-09,,,,NOT_REQUESTED,28.5,20.0,67.2
MH_PUNE_556820,Dhanivali,Dhanivali,Bhor,Pune,18.05833,73.71413,71.57,54.37,-0.3,1001.9,80.2,881.6,1122.2,3.0,207.4,48.0,18.0,8.0,18.0,3.0,5.0,0.0,20.0,29.5,21.0,4.7,-2.3798806940624955,21.64,17.79,25.35,14.88,28.14,3.62,MODERATE,Orographic Sahyadri Elevation Gradient,Manual demo override,MANUAL_OVERRIDE,,2026-09-09,,,,NOT_REQUESTED,26.5,18.0,68.7
MH_PUNE_556841,Kudpanewadi,Kudpanewadi,Bhor,Pune,18.06283,73.82228,82.41,52.03,-2.2,982.0,78.6,864.1,1099.9,3.0,211.4,48.0,18.0,8.0,18.0,3.0,5.0,0.0,20.0,29.5,21.0,1.26,-2.8890194721554927,17.75,14.23,21.09,10.11,24.75,3.71,MODERATE,Orographic Sahyadri Elevation Gradient,Manual demo override,MANUAL_OVERRIDE,,2026-09-09,,,,NOT_REQUESTED,26.6,18.1,67.1
MH_PUNE_556862,Pale,Pale,Bhor,Pune,18.05971,73.83644,83.71,52.31,-2.5,764.7,61.2,672.9,856.5,3.0,211.9,48.0,18.0,8.0,18.0,3.0,5.0,0.0,20.0,29.5,21.0,1.26,-2.9515674422439906,17.78,13.6,21.02,10.87,24.81,3.7,MODERATE,Orographic Sahyadri Elevation Gradient,Manual demo override,MANUAL_OVERRIDE,,2026-09-09,,,,NOT_REQUESTED,28.0,19.5,67.1
MH_PUNE_556842,Vaveghar,Vaveghar,Bhor,Pune,18.05745,73.80113,80.11,52.8,-1.8,707.3,56.6,622.4,792.2,3.0,210.6,48.0,18.0,8.0,18.0,3.0,5.0,0.0,20.0,29.5,21.0,1.26,-2.791419457177975,18.06,14.38,22.27,10.81,25.08,3.69,MODERATE,Orographic Sahyadri Elevation Gradient,Manual demo override,MANUAL_OVERRIDE,,2026-09-09,,,,NOT_REQUESTED,28.5,20.0,67.2
MH_PUNE_556612,Metpilaware,Metpilaware,Velhe,Pune,18.26513,73.6387,76.99,36.94,5.8,814.3,65.1,716.7,912.0,14.0,204.6,48.0,18.0,8.0,18.0,3.0,5.0,0.0,20.0,29.5,21.0,2.5,-1.9858282284442368,20.01,16.05,23.65,11.98,26.25,3.66,MODERATE,Orographic Sahyadri Elevation Gradient,Manual demo override,MANUAL_OVERRIDE,,2026-09-09,,,,NOT_REQUESTED,27.8,19.3,68.0
MH_PUNE_556821,Nivangan,Nivangan,Bhor,Pune,18.05845,73.68933,69.16,55.11,1.0,942.1,75.4,829.0,1055.2,14.0,206.5,48.0,18.0,8.0,18.0,3.0,5.0,0.0,20.0,29.5,21.0,4.91,-2.256483599814967,22.07,18.39,27.01,14.05,28.57,3.75,MODERATE,Orographic Sahyadri Elevation Gradient,Manual demo override,MANUAL_OVERRIDE,,2026-09-09,,,,NOT_REQUESTED,26.9,18.4,68.8
MH_PUNE_556772,Taljainagar,Taljainagar,Bhor,Pune,18.18968,73.78066,84.36,38.54,-1.5,653.3,52.3,574.8,731.7,3.0,209.9,48.0,18.0,8.0,18.0,3.0,5.0,0.0,20.0,29.5,21.0,0.5,-2.8366230010254934,17.13,13.08,21.28,9.12,24.4,3.7,MODERATE,Orographic Sahyadri Elevation Gradient,Manual demo override,MANUAL_OVERRIDE,,2026-09-09,,,,NOT_REQUESTED,28.8,20.3,66.9
MH_PUNE_556845,Shivnagari,Shivnagari,Bhor,Pune,18.05909,73.7608,76.18,53.2,-1.1,936.0,74.9,823.7,1048.4,3.0,209.1,48.0,18.0,8.0,18.0,3.0,5.0,0.0,20.0,29.5,21.0,1.26,-2.6049459516522457,18.11,14.72,21.64,11.32,24.53,3.42,MODERATE,Orographic Sahyadri Elevation Gradient,Manual demo override,MANUAL_OVERRIDE,,2026-09-09,,,,NOT_REQUESTED,26.9,18.4,67.2
MH_PUNE_556840,Karnavad,Karnavad,Bhor,Pune,18.06221,73.81417,81.58,52.15,-2.1,826.3,66.1,727.1,925.4,3.0,211.1,48.0,18.0,8.0,18.0,3.0,5.0,0.0,20.0,29.5,21.0,1.26,-2.852209379320528,17.74,13.86,21.93,9.77,24.31,3.85,MODERATE,Orographic Sahyadri Elevation Gradient,Manual demo override,MANUAL_OVERRIDE,,2026-09-09,,,,NOT_REQUESTED,27.6,19.1,67.1
MH_PUNE_556660,Chinchale Kh,Chinchale Kh,Velhe,Pune,18.2787,73.8026,91.61,28.39,-1.8,675.6,54.0,594.6,756.6,3.0,210.7,48.0,18.0,8.0,18.0,3.0,5.0,0.0,20.0,29.5,21.0,0.64,-3.212958009959282,16.99,13.04,21.19,9.23,23.29,3.73,MODERATE,Orographic Sahyadri Elevation Gradient,Manual demo override,MANUAL_OVERRIDE,,2026-09-09,,,,NOT_REQUESTED,28.2,19.7,66.8
MH_PUNE_556379,Kedgaon,Kedgaon,Daund,Pune,18.47863,74.36878,154.23,42.81,-12.0,544.0,43.5,478.8,609.3,3.0,231.6,6.0,10.0,6.0,70.0,4.0,4.0,0.0,20.0,29.5,21.0,-3.54,-4.8575739609801065,11.02,7.23,14.42,3.18,18.32,3.78,MODERATE,Horticultural Orchard Microclimate,Manual demo override,MANUAL_OVERRIDE,,2026-09-09,,,,NOT_REQUESTED,29.5,21.0,64.4
MH_PUNE_556714,Kapurhol,Kapurhol,Bhor,Pune,18.22884,73.94128,101.35,34.85,-4.3,695.6,55.7,612.1,779.2,3.0,215.8,48.0,18.0,8.0,18.0,3.0,5.0,0.0,20.0,29.5,21.0,0.73,-3.515225684972801,16.69,12.72,21.57,8.82,23.45,3.76,MODERATE,Orographic Sahyadri Elevation Gradient,Manual demo override,MANUAL_OVERRIDE,,2026-09-09,,,,NOT_REQUESTED,28.5,20.0,66.7
MH_PUNE_556724,Taprewadi,Taprewadi,Bhor,Pune,18.1737,74.04435,108.73,44.61,-6.2,642.9,51.4,565.8,720.0,3.0,219.6,48.0,18.0,8.0,18.0,3.0,5.0,0.0,20.0,29.5,21.0,0.72,-3.882868010655317,16.34,12.23,20.64,8.8,22.83,3.62,MODERATE,Orographic Sahyadri Elevation Gradient,Manual demo override,MANUAL_OVERRIDE,,2026-09-09,,,,NOT_REQUESTED,28.9,20.4,66.5
MH_PUNE_556522,Samagirwasti,Samagirwasti,Purandhar,Pune,18.14986,74.1124,114.55,49.41,-7.4,575.6,46.0,506.6,644.6,3.0,222.2,12.0,14.0,8.0,48.0,14.0,4.0,0.0,20.0,29.5,21.0,1.64,-4.308494862162002,16.8,13.07,20.83,8.86,23.81,3.82,MODERATE,Rain-Shadow Plateau Topography,Manual demo override,MANUAL_OVERRIDE,,2026-09-09,,,,NOT_REQUESTED,30.2,21.7,66.7
MH_PUNE_556866,Aambade,Aambade,Bhor,Pune,18.0445,73.85415,84.94,53.99,-2.8,831.7,66.5,731.9,931.4,3.0,212.6,48.0,18.0,8.0,18.0,3.0,5.0,0.0,20.0,29.5,21.0,1.49,-3.0275528603292434,17.93,13.66,22.3,10.76,24.49,3.68,MODERATE,Orographic Sahyadri Elevation Gradient,Manual demo override,MANUAL_OVERRIDE,,2026-09-09,,,,NOT_REQUESTED,27.6,19.1,67.2
MH_PUNE_556523,Laptalewadi,Laptalewadi,Purandhar,Pune,18.13913,74.1158,114.5,49.07,-7.5,607.2,48.6,534.3,680.1,3.0,222.3,12.0,14.0,8.0,48.0,14.0,4.0,0.0,20.0,29.5,21.0,1.64,-4.347067611093116,16.77,12.73,20.73,8.35,23.63,3.8,MODERATE,Orographic Sahyadri Elevation Gradient,Manual demo override,MANUAL_OVERRIDE,,2026-09-09,,,,NOT_REQUESTED,30.0,21.5,66.7
MH_PUNE_556519,Malawadi,Malawadi,Purandhar,Pune,18.15017,74.09582,112.9,49.57,-7.1,605.4,48.4,532.8,678.0,3.0,221.5,12.0,14.0,8.0,48.0,14.0,4.0,0.0,20.0,29.5,21.0,1.64,-4.199440428799345,17.07,13.22,20.49,9.75,24.0,3.63,MODERATE,Orographic Sahyadri Elevation Gradient,Manual demo override,MANUAL_OVERRIDE,,2026-09-09,,,,NOT_REQUESTED,30.0,21.5,66.8
MH_PUNE_556861,Balawadi,Balawadi,Bhor,Pune,18.05881,73.85982,86.01,52.4,-2.9,792.6,63.4,697.5,887.7,3.0,212.8,48.0,18.0,8.0,18.0,3.0,5.0,0.0,20.0,29.5,21.0,1.49,-3.055792694898871,17.88,14.36,21.66,10.16,24.67,3.73,MODERATE,Orographic Sahyadri Elevation Gradient,Manual demo override,MANUAL_OVERRIDE,,2026-09-09,,,,NOT_REQUESTED,27.9,19.4,67.2
MH_PUNE_556507,Bhairavwadi,Bhairavwadi,Purandhar,Pune,18.2678,73.99957,108.81,33.15,-5.4,1005.2,80.4,884.6,1125.8,3.0,218.0,12.0,14.0,8.0,48.0,14.0,4.0,0.0,20.0,29.5,21.0,0.64,-3.710491919753,16.26,11.46,20.78,9.16,23.82,3.79,MODERATE,Orographic Sahyadri Elevation Gradient,Manual demo override,MANUAL_OVERRIDE,,2026-09-09,,,,NOT_REQUESTED,27.4,18.9,66.5
MH_PUNE_556520,Tondal,Tondal,Purandhar,Pune,18.1608,74.05959,109.71,46.63,-6.5,609.2,48.7,536.1,682.2,3.0,220.2,12.0,14.0,8.0,48.0,14.0,4.0,0.0,20.0,29.5,21.0,0.72,-3.9733663664685235,16.14,11.76,20.08,8.73,22.41,3.62,MODERATE,Orographic Sahyadri Elevation Gradient,Manual demo override,MANUAL_OVERRIDE,,2026-09-09,,,,NOT_REQUESTED,30.0,21.5,66.5
MH_PUNE_556780,Bholavade,Bholavade,Bhor,Pune,18.16789,73.85232,89.91,40.27,-2.7,642.9,51.4,565.8,720.0,3.0,212.5,48.0,18.0,8.0,18.0,3.0,5.0,0.0,20.0,29.5,21.0,0.73,-3.1128217145953165,17.13,14.02,20.85,9.56,23.27,3.53,MODERATE,Orographic Sahyadri Elevation Gradient,Manual demo override,MANUAL_OVERRIDE,,2026-09-09,,,,NOT_REQUESTED,28.9,20.4,66.9
MH_PUNE_556855,Nilakanth,Nilakanth,Bhor,Pune,18.09556,73.85327,86.76,48.31,-2.8,694.1,55.5,610.8,777.3,3.0,212.6,48.0,18.0,8.0,18.0,3.0,5.0,0.0,20.0,29.5,21.0,0.73,-3.041735907886501,17.25,13.62,21.03,9.59,24.19,3.7,MODERATE,Orographic Sahyadri Elevation Gradient,Manual demo override,MANUAL_OVERRIDE,,2026-09-09,,,,NOT_REQUESTED,28.5,20.0,66.9
MH_PUNE_556856,Gokavadi,Gokavadi,Bhor,Pune,18.08768,73.86784,87.88,49.22,-3.0,766.5,61.3,674.6,858.5,3.0,213.1,48.0,18.0,8.0,18.0,3.0,5.0,0.0,20.0,29.5,21.0,0.73,-3.1010578921373804,17.01,13.37,20.7,9.23,24.0,3.72,MODERATE,Orographic Sahyadri Elevation Gradient,Manual demo override,MANUAL_OVERRIDE,,2026-09-09,,,,NOT_REQUESTED,28.0,19.5,66.8
MH_PUNE_556860,Nere,Nere,Bhor,Pune,18.07468,73.85905,86.52,50.64,-2.9,768.6,61.5,676.3,860.8,3.0,212.8,48.0,18.0,8.0,18.0,3.0,5.0,0.0,20.0,29.5,21.0,0.73,-3.0571745058917768,17.09,13.87,21.13,9.59,23.74,3.73,MODERATE,Orographic Sahyadri Elevation Gradient,Manual demo override,MANUAL_OVERRIDE,,2026-09-09,,,,NOT_REQUESTED,28.0,19.5,66.8
MH_PUNE_556850,Vadgaon Dal,Vadgaon Dal,Bhor,Pune,18.14099,73.88526,91.81,43.42,-3.3,627.4,50.2,552.1,702.7,3.0,213.8,48.0,18.0,8.0,18.0,3.0,5.0,0.0,20.0,29.5,21.0,0.73,-3.210550813608303,17.15,13.23,20.49,9.55,24.14,3.72,MODERATE,Orographic Sahyadri Elevation Gradient,Manual demo override,MANUAL_OVERRIDE,,2026-09-09,,,,NOT_REQUESTED,29.0,20.5,66.9
MH_PUNE_556851,Utroli,Utroli,Bhor,Pune,18.1276,73.87487,90.22,44.82,-3.1,731.2,58.5,643.4,818.9,3.0,213.4,48.0,18.0,8.0,18.0,3.0,5.0,0.0,20.0,29.5,21.0,0.73,-3.156350925418219,16.87,13.07,20.84,9.07,23.52,3.75,MODERATE,Orographic Sahyadri Elevation Gradient,Manual demo override,MANUAL_OVERRIDE,,2026-09-09,,,,NOT_REQUESTED,28.3,19.8,66.7
MH_PUNE_556852,Khanapur,Khanapur,Bhor,Pune,18.10819,73.85987,87.93,46.91,-2.9,680.7,54.5,599.0,762.5,3.0,212.8,48.0,18.0,8.0,18.0,3.0,5.0,0.0,20.0,29.5,21.0,0.73,-3.07830547790027,17.16,13.1,20.59,9.56,24.49,3.7,MODERATE,Orographic Sahyadri Elevation Gradient,Manual demo override,MANUAL_OVERRIDE,,2026-09-09,,,,NOT_REQUESTED,28.6,20.1,66.9
MH_PUNE_251535,Bhor,Bhor,Haveli,Pune,18.14683,73.85931,89.57,42.62,-2.9,614.2,49.1,540.5,687.8,3.0,212.8,12.0,14.0,8.0,48.0,14.0,4.0,0.0,20.0,29.5,21.0,0.73,-3.1120662838569686,16.85,12.62,21.52,9.19,23.39,3.75,MODERATE,Orographic Sahyadri Elevation Gradient,Manual demo override,MANUAL_OVERRIDE,,2026-09-09,,,,NOT_REQUESTED,29.9,21.4,66.7
MH_PUNE_556730,Pande,Pande,Bhor,Pune,18.17021,73.98001,102.29,42.29,-5.0,608.5,48.7,535.4,681.5,3.0,217.3,48.0,18.0,8.0,18.0,3.0,5.0,0.0,20.0,29.5,21.0,0.73,-3.5994088372509716,16.54,13.25,20.13,8.6,23.16,3.59,MODERATE,Orographic Sahyadri Elevation Gradient,Manual demo override,MANUAL_OVERRIDE,,2026-09-09,,,,NOT_REQUESTED,29.1,20.6,66.6
MH_PUNE_556729,Bhambavade,Bhambavade,Bhor,Pune,18.17117,73.99094,103.4,42.58,-5.2,595.8,47.7,524.3,667.4,3.0,217.7,48.0,18.0,8.0,18.0,3.0,5.0,0.0,20.0,29.5,21.0,0.73,-3.6437735387973245,16.63,12.91,19.95,8.96,22.95,3.64,MODERATE,Rain-Shadow Plateau Topography,Manual demo override,MANUAL_OVERRIDE,,2026-09-09,,,,NOT_REQUESTED,29.2,20.7,66.7
MH_PUNE_556728,Rajapur,Rajapur,Bhor,Pune,18.16896,74.00114,104.3,43.2,-5.4,587.4,47.0,516.9,657.9,3.0,218.0,48.0,18.0,8.0,18.0,3.0,5.0,0.0,20.0,29.5,21.0,0.73,-3.6866906092004275,16.63,13.03,20.82,8.54,22.78,3.67,MODERATE,Rain-Shadow Plateau Topography,Manual demo override,MANUAL_OVERRIDE,,2026-09-09,,,,NOT_REQUESTED,29.2,20.7,66.7
MH_PUNE_556726,Vatharhinge,Vatharhinge,Bhor,Pune,18.1416,74.03032,106.07,47.2,-5.9,578.5,46.3,509.1,648.0,3.0,219.1,48.0,18.0,8.0,18.0,3.0,5.0,0.0,20.0,29.5,21.0,0.72,-3.834980512809837,16.37,12.37,20.48,8.71,23.33,3.75,MODERATE,Rain-Shadow Plateau Topography,Manual demo override,MANUAL_OVERRIDE,,2026-09-09,,,,NOT_REQUESTED,29.3,20.8,66.5
MH_PUNE_556694,Malegaon,Malegaon,Bhor,Pune,18.24863,73.89156,97.78,31.59,-3.4,653.2,52.3,574.8,731.7,3.0,214.0,48.0,18.0,8.0,18.0,3.0,5.0,0.0,20.0,29.5,21.0,0.64,-3.4221685282434606,16.79,13.1,20.71,9.34,23.42,3.69,MODERATE,Orographic Sahyadri Elevation Gradient,Manual demo override,MANUAL_OVERRIDE,,2026-09-09,,,,NOT_REQUESTED,28.8,20.3,66.7
MH_PUNE_556727,Nhavi,Nhavi,Bhor,Pune,18.15807,74.02274,105.97,45.2,-5.8,596.8,47.7,525.2,668.3,3.0,218.8,48.0,18.0,8.0,18.0,3.0,5.0,0.0,20.0,29.5,21.0,0.72,-3.7879489784826377,16.46,13.23,20.73,8.62,23.25,3.69,MODERATE,Rain-Shadow Plateau Topography,Manual demo override,MANUAL_OVERRIDE,,2026-09-09,,,,NOT_REQUESTED,29.2,20.7,66.6
MH_PUNE_556725,Gunand,Gunand,Bhor,Pune,18.14913,74.04419,107.73,47.05,-6.2,591.8,47.3,520.9,662.8,3.0,219.6,48.0,18.0,8.0,18.0,3.0,5.0,0.0,20.0,29.5,21.0,0.72,-3.901352185581131,16.24,12.47,19.98,8.29,23.19,3.73,MODERATE,Rain-Shadow Plateau Topography,Manual demo override,MANUAL_OVERRIDE,,2026-09-09,,,,NOT_REQUESTED,29.2,20.7,66.5
MH_PUNE_556779,Yevali,Yevali,Bhor,Pune,18.16323,73.87087,91.45,40.84,-3.1,602.3,48.2,530.0,674.6,3.0,213.2,48.0,18.0,8.0,18.0,3.0,5.0,0.0,20.0,29.5,21.0,0.73,-3.1792377103575076,17.1,13.5,21.26,9.15,24.1,3.78,MODERATE,Orographic Sahyadri Elevation Gradient,Manual demo override,MANUAL_OVERRIDE,,2026-09-09,,,,NOT_REQUESTED,29.1,20.6,66.8
MH_PUNE_556853,Bhabavadi,Bhabavadi,Bhor,Pune,18.12834,73.85471,88.29,44.66,-2.8,623.6,49.9,548.7,698.4,3.0,212.6,48.0,18.0,8.0,18.0,3.0,5.0,0.0,20.0,29.5,21.0,0.73,-3.0730624460213227,17.27,13.6,21.0,9.67,23.91,3.6,MODERATE,Orographic Sahyadri Elevation Gradient,Manual demo override,MANUAL_OVERRIDE,,2026-09-09,,,,NOT_REQUESTED,29.0,20.5,66.9
MH_PUNE_556494,Devadi,Devadi,Purandhar,Pune,18.28606,73.95212,105.4,29.19,-4.5,773.0,61.8,680.3,865.7,3.0,216.2,12.0,14.0,8.0,48.0,14.0,4.0,0.0,20.0,29.5,21.0,0.64,-3.6479568978306895,16.53,12.77,20.78,8.97,23.44,3.74,MODERATE,Orographic Sahyadri Elevation Gradient,Manual demo override,MANUAL_OVERRIDE,,2026-09-09,,,,NOT_REQUESTED,27.6,19.1,66.6
MH_PUNE_556691,Karandi Khe Ba,Karandi Khe Ba,Bhor,Pune,18.28344,73.92426,102.72,28.51,-4.0,821.4,65.7,722.8,919.9,3.0,215.2,48.0,18.0,8.0,18.0,3.0,5.0,0.0,20.0,29.5,21.0,0.64,-3.5946045122274044,16.72,12.66,21.13,9.37,22.91,3.72,MODERATE,Orographic Sahyadri Elevation Gradient,Manual demo override,MANUAL_OVERRIDE,,2026-09-09,,,,NOT_REQUESTED,27.2,18.7,66.7
MH_PUNE_556688,Kelawade,Kelawade,Bhor,Pune,18.2777,73.88152,98.53,28.25,-3.3,737.8,59.0,649.3,826.3,3.0,213.6,48.0,18.0,8.0,18.0,3.0,5.0,0.0,20.0,29.5,21.0,0.64,-3.486044488416367,16.58,12.37,20.24,9.24,22.91,3.64,MODERATE,Orographic Sahyadri Elevation Gradient,Manual demo override,MANUAL_OVERRIDE,,2026-09-09,,,,NOT_REQUESTED,27.8,19.3,66.6
MH_PUNE_556495,Chivhewadi,Chivhewadi,Purandhar,Pune,18.28508,73.97958,107.87,30.47,-5.0,1014.3,81.1,892.6,1135.9,3.0,217.2,12.0,14.0,8.0,48.0,14.0,4.0,0.0,20.0,29.5,21.0,0.64,-3.69101766679811,16.44,12.89,19.75,9.08,23.21,3.57,MODERATE,Orographic Sahyadri Elevation Gradient,Manual demo override,MANUAL_OVERRIDE,,2026-09-09,,,,NOT_REQUESTED,27.3,18.8,66.6
MH_PUNE_556500,Pangare,Pangare,Purandhar,Pune,18.27059,74.07055,115.63,37.06,-6.7,824.7,66.0,725.7,923.7,3.0,220.6,12.0,14.0,8.0,48.0,14.0,4.0,0.0,20.0,29.5,21.0,0.72,-3.9210170375166054,16.1,11.12,19.98,7.87,23.32,3.99,MODERATE,Orographic Sahyadri Elevation Gradient,Manual demo override,MANUAL_OVERRIDE,,2026-09-09,,,,NOT_REQUESTED,28.6,20.1,66.4
MH_PUNE_556508,Gherapurandhar,Gherapurandhar,Purandhar,Pune,18.2737,73.99293,108.5,32.24,-5.3,988.2,79.1,869.6,1106.9,3.0,217.7,12.0,14.0,8.0,48.0,14.0,4.0,0.0,20.0,29.5,21.0,0.64,-3.7014167238131597,16.26,12.12,20.16,8.34,23.41,3.85,MODERATE,Orographic Sahyadri Elevation Gradient,Manual demo override,MANUAL_OVERRIDE,,2026-09-09,,,,NOT_REQUESTED,27.5,19.0,66.5
MH_PUNE_556496,Panvadi,Panvadi,Purandhar,Pune,18.27411,74.03123,112.1,34.28,-6.0,991.2,79.3,872.2,1110.1,3.0,219.2,12.0,14.0,8.0,48.0,14.0,4.0,0.0,20.0,29.5,21.0,0.72,-3.793215433146174,16.23,12.26,19.77,8.61,23.06,3.82,MODERATE,Orographic Sahyadri Elevation Gradient,Manual demo override,MANUAL_OVERRIDE,,2026-09-09,,,,NOT_REQUESTED,27.5,19.0,66.5
MH_PUNE_556689,Naygaon,Naygaon,Bhor,Pune,18.27881,73.89467,99.78,28.33,-3.5,723.9,57.9,637.0,810.7,3.0,214.1,48.0,18.0,8.0,18.0,3.0,5.0,0.0,20.0,29.5,21.0,0.64,-3.5210690527799766,16.67,13.31,20.54,8.74,23.78,3.78,MODERATE,Orographic Sahyadri Elevation Gradient,Manual demo override,MANUAL_OVERRIDE,,2026-09-09,,,,NOT_REQUESTED,27.9,19.4,66.7
MH_PUNE_556690,Degaon,Degaon,Bhor,Pune,18.27676,73.90407,100.51,28.73,-3.7,720.0,57.6,633.6,806.4,3.0,214.5,48.0,18.0,8.0,18.0,3.0,5.0,0.0,20.0,29.5,21.0,0.64,-3.5351480478462585,16.7,13.31,20.72,9.47,23.17,3.52,MODERATE,Orographic Sahyadri Elevation Gradient,Manual demo override,MANUAL_OVERRIDE,,2026-09-09,,,,NOT_REQUESTED,27.9,19.4,66.7
MH_PUNE_556687,Salavade,Salavade,Bhor,Pune,18.27902,73.85958,96.64,27.93,-2.9,682.8,54.6,600.9,764.7,3.0,212.8,48.0,18.0,8.0,18.0,3.0,5.0,0.0,20.0,29.5,21.0,0.64,-3.4308825524952113,16.76,13.39,20.41,9.04,23.24,3.64,MODERATE,Orographic Sahyadri Elevation Gradient,Manual demo override,MANUAL_OVERRIDE,,2026-09-09,,,,NOT_REQUESTED,28.1,19.6,66.7
MH_PUNE_556510,Ketkawale,Ketkawale,Purandhar,Pune,18.26227,73.94314,103.27,31.35,-4.4,745.7,59.7,656.2,835.3,3.0,215.9,12.0,14.0,8.0,48.0,14.0,4.0,0.0,20.0,29.5,21.0,0.64,-3.5797548243786004,16.48,12.85,20.59,8.68,23.08,3.8,MODERATE,Orographic Sahyadri Elevation Gradient,Manual demo override,MANUAL_OVERRIDE,,2026-09-09,,,,NOT_REQUESTED,29.1,20.6,66.6
MH_PUNE_556509,Misalawadi,Misalawadi,Purandhar,Pune,18.27001,73.96221,105.45,31.24,-4.7,1051.1,84.1,925.0,1177.3,3.0,216.6,12.0,14.0,8.0,48.0,14.0,4.0,0.0,20.0,29.5,21.0,0.64,-3.633768293689665,16.21,12.22,19.89,8.45,22.88,3.72,MODERATE,Orographic Sahyadri Elevation Gradient,Manual demo override,MANUAL_OVERRIDE,,2026-09-09,,,,NOT_REQUESTED,27.1,18.6,66.5
MH_PUNE_556696,Virwadi,Virwadi,Bhor,Pune,18.2597,73.86655,96.13,30.11,-3.0,664.2,53.1,584.6,743.9,3.0,213.1,48.0,18.0,8.0,18.0,3.0,5.0,0.0,20.0,29.5,21.0,0.64,-3.3832905212264164,17.0,13.57,21.0,8.94,23.62,3.84,MODERATE,Orographic Sahyadri Elevation Gradient,Manual demo override,MANUAL_OVERRIDE,,2026-09-09,,,,NOT_REQUESTED,28.7,20.2,66.8
MH_PUNE_556506,Bandhalwadi,Bandhalwadi,Purandhar,Pune,18.25621,74.01251,109.43,34.94,-5.6,847.7,67.8,746.0,949.4,3.0,218.5,12.0,14.0,8.0,48.0,14.0,4.0,0.0,20.0,29.5,21.0,0.73,-3.7364356416942215,16.36,12.79,19.9,8.96,22.88,3.64,MODERATE,Orographic Sahyadri Elevation Gradient,Manual demo override,MANUAL_OVERRIDE,,2026-09-09,,,,NOT_REQUESTED,28.4,19.9,66.5
MH_PUNE_556693,Kamthadi,Kamthadi,Bhor,Pune,18.25429,73.90927,99.72,31.29,-3.8,817.0,65.4,718.9,915.1,3.0,214.6,48.0,18.0,8.0,18.0,3.0,5.0,0.0,20.0,29.5,21.0,0.64,-3.48362159353052,16.56,12.75,20.49,9.37,23.27,3.53,MODERATE,Orographic Sahyadri Elevation Gradient,Manual demo override,MANUAL_OVERRIDE,,2026-09-09,,,,NOT_REQUESTED,27.7,19.2,66.6
MH_PUNE_556695,Nasrapur,Nasrapur,Bhor,Pune,18.25841,73.88714,97.93,30.45,-3.4,672.2,53.8,591.5,752.9,3.0,213.8,48.0,18.0,8.0,18.0,3.0,5.0,0.0,20.0,29.5,21.0,0.64,-3.438073666738336,16.68,13.02,20.05,8.99,23.97,3.71,MODERATE,Orographic Sahyadri Elevation Gradient,Manual demo override,MANUAL_OVERRIDE,,2026-09-09,,,,NOT_REQUESTED,28.7,20.2,66.7
MH_PUNE_556715,Nigde,Nigde,Bhor,Pune,18.22163,73.92804,99.74,35.26,-4.1,642.5,51.4,565.4,719.6,3.0,215.3,48.0,18.0,8.0,18.0,3.0,5.0,0.0,20.0,29.5,21.0,0.73,-3.465869848179702,16.65,12.34,20.64,9.03,23.51,3.75,MODERATE,Orographic Sahyadri Elevation Gradient,Manual demo override,MANUAL_OVERRIDE,,2026-09-09,,,,NOT_REQUESTED,28.9,20.4,66.7
MH_PUNE_556511,Kumbhoshi,Kumbhoshi,Purandhar,Pune,18.25135,73.96014,104.27,33.09,-4.7,958.3,76.7,843.3,1073.4,3.0,216.5,12.0,14.0,8.0,48.0,14.0,4.0,0.0,20.0,29.5,21.0,0.64,-3.598611790939242,16.58,12.49,20.78,7.84,23.68,4.0,MODERATE,Orographic Sahyadri Elevation Gradient,Manual demo override,MANUAL_OVERRIDE,,2026-09-09,,,,NOT_REQUESTED,27.7,19.2,66.6
MH_PUNE_556512,Kaldari,Kaldari,Purandhar,Pune,18.25493,73.99119,107.36,34.02,-5.2,837.4,67.0,736.9,937.9,3.0,217.7,12.0,14.0,8.0,48.0,14.0,4.0,0.0,20.0,29.5,21.0,0.73,-3.6788398909318603,16.69,12.84,20.79,8.97,23.81,3.76,MODERATE,Orographic Sahyadri Elevation Gradient,Manual demo override,MANUAL_OVERRIDE,,2026-09-09,,,,NOT_REQUESTED,28.5,20.0,66.7
MH_PUNE_556692,Ketkavane,Ketkavane,Bhor,Pune,18.24995,73.93038,101.43,32.27,-4.1,689.8,55.2,607.0,772.6,3.0,215.4,48.0,18.0,8.0,18.0,3.0,5.0,0.0,20.0,29.5,21.0,0.64,-3.5250466511368286,16.59,12.78,20.46,8.58,23.38,3.71,MODERATE,Orographic Sahyadri Elevation Gradient,Manual demo override,MANUAL_OVERRIDE,,2026-09-09,,,,NOT_REQUESTED,28.6,20.1,66.6
MH_PUNE_556704,Didghar,Didghar,Bhor,Pune,18.24913,73.87406,96.21,31.33,-3.1,646.7,51.7,569.1,724.2,3.0,213.3,48.0,18.0,8.0,18.0,3.0,5.0,0.0,20.0,29.5,21.0,0.64,-3.3729609213094496,16.73,13.2,20.55,8.96,23.57,3.71,MODERATE,Orographic Sahyadri Elevation Gradient,Manual demo override,MANUAL_OVERRIDE,,2026-09-09,,,,NOT_REQUESTED,28.9,20.4,66.7
MH_PUNE_556505,Dawanewadi,Dawanewadi,Purandhar,Pune,18.24519,74.02915,110.46,36.88,-5.9,968.6,77.5,852.3,1084.8,3.0,219.1,12.0,14.0,8.0,48.0,14.0,4.0,0.0,20.0,29.5,21.0,0.72,-3.785723002318154,16.47,12.47,19.93,7.58,23.63,3.98,MODERATE,Orographic Sahyadri Elevation Gradient,Manual demo override,MANUAL_OVERRIDE,,2026-09-09,,,,NOT_REQUESTED,27.6,19.1,66.6
MH_PUNE_556718,Morwadi,Morwadi,Bhor,Pune,18.23223,73.95985,103.27,35.08,-4.7,720.5,57.6,634.1,806.9,3.0,216.5,48.0,18.0,8.0,18.0,3.0,5.0,0.0,20.0,29.5,21.0,0.73,-3.571554953991628,16.74,12.5,20.4,9.52,23.36,3.54,MODERATE,Orographic Sahyadri Elevation Gradient,Manual demo override,MANUAL_OVERRIDE,,2026-09-09,,,,NOT_REQUESTED,28.4,19.9,66.7
MH_PUNE_556504,Hargude,Hargude,Purandhar,Pune,18.23419,74.0747,114.31,40.55,-6.7,698.9,55.9,615.1,782.8,3.0,220.8,12.0,14.0,8.0,48.0,14.0,4.0,0.0,20.0,29.5,21.0,0.72,-3.973333647406832,16.32,12.3,19.97,8.54,23.68,3.78,MODERATE,Orographic Sahyadri Elevation Gradient,Manual demo override,MANUAL_OVERRIDE,,2026-09-09,,,,NOT_REQUESTED,29.4,20.9,66.5
MH_PUNE_556719,Wagajwadi,Wagajwadi,Bhor,Pune,18.22423,73.97411,104.22,36.44,-4.9,766.0,61.3,674.1,858.0,3.0,217.0,48.0,18.0,8.0,18.0,3.0,5.0,0.0,20.0,29.5,21.0,0.73,-3.6045288576944743,16.69,12.69,20.46,8.55,23.19,3.7,MODERATE,Orographic Sahyadri Elevation Gradient,Manual demo override,MANUAL_OVERRIDE,,2026-09-09,,,,NOT_REQUESTED,28.0,19.5,66.7
MH_PUNE_556513,Dhanakwadi,Dhanakwadi,Purandhar,Pune,18.23363,74.00881,107.97,36.97,-5.6,747.0,59.8,657.3,836.7,3.0,218.3,12.0,14.0,8.0,48.0,14.0,4.0,0.0,20.0,29.5,21.0,0.73,-3.717730258044308,16.57,12.16,20.41,8.33,22.83,3.67,MODERATE,Orographic Sahyadri Elevation Gradient,Manual demo override,MANUAL_OVERRIDE,,2026-09-09,,,,NOT_REQUESTED,29.1,20.6,66.6
MH_PUNE_556705,Nidhan,Nidhan,Bhor,Pune,18.24001,73.87506,95.8,32.35,-3.2,637.0,51.0,560.5,713.5,3.0,213.4,48.0,18.0,8.0,18.0,3.0,5.0,0.0,20.0,29.5,21.0,0.64,-3.3498956050028172,16.74,13.26,20.71,8.48,23.18,3.77,MODERATE,Orographic Sahyadri Elevation Gradient,Manual demo override,MANUAL_OVERRIDE,,2026-09-09,,,,NOT_REQUESTED,28.9,20.4,66.7
MH_PUNE_556702,Hatave Bk,Hatave Bk,Bhor,Pune,18.22772,73.85621,93.39,33.62,-2.8,660.3,52.8,581.1,739.5,3.0,212.7,48.0,18.0,8.0,18.0,3.0,5.0,0.0,20.0,29.5,21.0,0.73,-3.2535386788296683,16.84,12.88,20.42,9.35,23.39,3.66,MODERATE,Orographic Sahyadri Elevation Gradient,Manual demo override,MANUAL_OVERRIDE,,2026-09-09,,,,NOT_REQUESTED,28.8,20.3,66.7
MH_PUNE_556721,Savardare,Savardare,Bhor,Pune,18.19446,73.97744,103.13,39.66,-5.0,666.2,53.3,586.3,746.2,3.0,217.2,48.0,18.0,8.0,18.0,3.0,5.0,0.0,20.0,29.5,21.0,0.73,-3.596708141971406,16.61,12.67,20.33,8.99,23.98,3.65,MODERATE,Orographic Sahyadri Elevation Gradient,Manual demo override,MANUAL_OVERRIDE,,2026-09-09,,,,NOT_REQUESTED,28.7,20.2,66.6
MH_PUNE_556712,Harishchandri,Harishchandri,Bhor,Pune,18.23177,73.9164,99.17,33.89,-3.9,636.3,50.9,560.0,712.7,3.0,214.9,48.0,18.0,8.0,18.0,3.0,5.0,0.0,20.0,29.5,21.0,0.73,-3.451055152027579,16.74,12.33,21.13,9.01,23.76,3.76,MODERATE,Orographic Sahyadri Elevation Gradient,Manual demo override,MANUAL_OVERRIDE,,2026-09-09,,,,NOT_REQUESTED,28.9,20.4,66.7
MH_PUNE_556514,Mandhar,Mandhar,Purandhar,Pune,18.22561,74.04509,111.06,39.62,-6.2,726.4,58.1,639.2,813.5,3.0,219.7,12.0,14.0,8.0,48.0,14.0,4.0,0.0,20.0,29.5,21.0,0.72,-3.851270459350398,16.22,11.92,19.83,8.85,22.74,3.69,MODERATE,Orographic Sahyadri Elevation Gradient,Manual demo override,MANUAL_OVERRIDE,,2026-09-09,,,,NOT_REQUESTED,29.2,20.7,66.5
MH_PUNE_556707,Khadki,Khadki,Bhor,Pune,18.23509,73.89213,97.1,33.09,-3.5,636.2,50.9,559.9,712.6,3.0,214.0,48.0,18.0,8.0,18.0,3.0,5.0,0.0,20.0,29.5,21.0,0.64,-3.3888146495175513,16.67,13.42,20.48,8.87,23.09,3.51,MODERATE,Orographic Sahyadri Elevation Gradient,Manual demo override,MANUAL_OVERRIDE,,2026-09-09,,,,NOT_REQUESTED,28.9,20.4,66.7
MH_PUNE_556708,Umbare,Umbare,Bhor,Pune,18.22948,73.90332,97.84,33.89,-3.7,633.2,50.7,557.2,709.3,3.0,214.4,48.0,18.0,8.0,18.0,3.0,5.0,0.0,20.0,29.5,21.0,0.73,-3.408767442522185,16.78,13.29,20.66,8.61,23.41,3.74,MODERATE,Orographic Sahyadri Elevation Gradient,Manual demo override,MANUAL_OVERRIDE,,2026-09-09,,,,NOT_REQUESTED,28.9,20.4,66.7
MH_PUNE_556706,Sangvi Kh,Sangvi Kh,Bhor,Pune,18.23522,73.88365,96.32,32.97,-3.3,634.1,50.7,558.1,710.2,3.0,213.7,48.0,18.0,8.0,18.0,3.0,5.0,0.0,20.0,29.5,21.0,0.64,-3.363653308945706,16.78,12.99,20.31,9.25,23.43,3.69,MODERATE,Orographic Sahyadri Elevation Gradient,Manual demo override,MANUAL_OVERRIDE,,2026-09-09,,,,NOT_REQUESTED,28.9,20.4,66.7
MH_PUNE_556713,Divale,Divale,Bhor,Pune,18.23037,73.92446,99.85,34.23,-4.0,642.2,51.4,565.1,719.3,3.0,215.2,48.0,18.0,8.0,18.0,3.0,5.0,0.0,20.0,29.5,21.0,0.73,-3.4709083605552786,16.68,12.53,20.49,8.42,23.62,3.82,MODERATE,Orographic Sahyadri Elevation Gradient,Manual demo override,MANUAL_OVERRIDE,,2026-09-09,,,,NOT_REQUESTED,28.9,20.4,66.7
MH_PUNE_556722,Bhongvali,Bhongvali,Bhor,Pune,18.20259,74.00752,106.39,40.02,-5.5,644.9,51.6,567.5,722.3,3.0,218.3,48.0,18.0,8.0,18.0,3.0,5.0,0.0,20.0,29.5,21.0,0.73,-3.70956449187452,16.47,12.58,19.98,8.49,23.14,3.77,MODERATE,Orographic Sahyadri Elevation Gradient,Manual demo override,MANUAL_OVERRIDE,,2026-09-09,,,,NOT_REQUESTED,28.9,20.4,66.6
MH_PUNE_556709,Mohari Bk,Mohari Bk,Bhor,Pune,18.21658,73.876,94.61,34.96,-3.2,637.0,51.0,560.5,713.5,3.0,213.4,48.0,18.0,8.0,18.0,3.0,5.0,0.0,20.0,29.5,21.0,0.73,-3.2940542584896226,16.78,12.88,20.67,8.81,23.81,3.71,MODERATE,Orographic Sahyadri Elevation Gradient,Manual demo override,MANUAL_OVERRIDE,,2026-09-09,,,,NOT_REQUESTED,28.9,20.4,66.7
MH_PUNE_258024,Mahur,Mahur,Haveli,Pune,18.19765,74.06909,112.15,43.59,-6.6,708.6,56.7,623.6,793.7,3.0,220.6,12.0,14.0,8.0,48.0,14.0,4.0,0.0,20.0,29.5,21.0,0.72,-3.9856057063053663,16.26,12.4,20.69,8.95,23.3,3.74,MODERATE,Orographic Sahyadri Elevation Gradient,Manual demo override,MANUAL_OVERRIDE,,2026-09-09,,,,NOT_REQUESTED,29.3,20.8,66.5
MH_PUNE_556716,Dhangawadi,Dhangawadi,Bhor,Pune,18.21012,73.93364,99.69,36.65,-4.2,640.3,51.2,563.5,717.1,3.0,215.5,48.0,18.0,8.0,18.0,3.0,5.0,0.0,20.0,29.5,21.0,0.73,-3.465472280512364,16.66,12.51,20.57,9.33,23.47,3.76,MODERATE,Orographic Sahyadri Elevation Gradient,Manual demo override,MANUAL_OVERRIDE,,2026-09-09,,,,NOT_REQUESTED,28.9,20.4,66.7
MH_PUNE_556710,Kasurdi,Kasurdi,Bhor,Pune,18.20951,73.88991,95.54,35.88,-3.4,665.0,53.2,585.2,744.8,3.0,213.9,48.0,18.0,8.0,18.0,3.0,5.0,0.0,20.0,29.5,21.0,0.73,-3.3253938921055166,16.86,13.55,20.75,9.0,23.54,3.69,MODERATE,Orographic Sahyadri Elevation Gradient,Manual demo override,MANUAL_OVERRIDE,,2026-09-09,,,,NOT_REQUESTED,28.7,20.2,66.7
MH_PUNE_556711,Mohari Kh,Mohari Kh,Bhor,Pune,18.21132,73.90544,97.09,35.92,-3.7,598.2,47.9,526.3,670.0,3.0,214.5,48.0,18.0,8.0,18.0,3.0,5.0,0.0,20.0,29.5,21.0,0.73,-3.379110622292288,16.79,12.56,20.8,9.17,23.57,3.78,MODERATE,Rain-Shadow Plateau Topography,Manual demo override,MANUAL_OVERRIDE,,2026-09-09,,,,NOT_REQUESTED,29.2,20.7,66.7
MH_PUNE_556732,Telavadi,Telavadi,Bhor,Pune,18.20466,73.91114,97.29,36.75,-3.8,598.3,47.9,526.5,670.2,3.0,214.7,48.0,18.0,8.0,18.0,3.0,5.0,0.0,20.0,29.5,21.0,0.73,-3.3859809411708692,16.81,12.74,20.64,9.35,23.88,3.72,MODERATE,Rain-Shadow Plateau Topography,Manual demo override,MANUAL_OVERRIDE,,2026-09-09,,,,NOT_REQUESTED,29.2,20.7,66.7
MH_PUNE_556738,Bramhanghar V K,Bramhanghar V K,Bhor,Pune,18.1997,73.85509,91.78,36.73,-2.8,665.8,53.3,585.9,745.8,3.0,212.6,48.0,18.0,8.0,18.0,3.0,5.0,0.0,20.0,29.5,21.0,0.73,-3.1821305641924846,16.98,13.25,20.5,9.43,23.49,3.51,MODERATE,Orographic Sahyadri Elevation Gradient,Manual demo override,MANUAL_OVERRIDE,,2026-09-09,,,,NOT_REQUESTED,28.7,20.2,66.8
MH_PUNE_556737,Narhe,Narhe,Bhor,Pune,18.19692,73.86646,92.7,37.08,-3.0,679.0,54.3,597.6,760.5,3.0,213.1,48.0,18.0,8.0,18.0,3.0,5.0,0.0,20.0,29.5,21.0,0.73,-3.2186750279614063,16.91,13.26,20.92,9.94,23.58,3.6,MODERATE,Orographic Sahyadri Elevation Gradient,Manual demo override,MANUAL_OVERRIDE,,2026-09-09,,,,NOT_REQUESTED,28.6,20.1,66.8
MH_PUNE_556736,Sangamner,Sangamner,Bhor,Pune,18.18846,73.8819,93.73,38.13,-3.3,622.7,49.8,548.0,697.4,3.0,213.6,48.0,18.0,8.0,18.0,3.0,5.0,0.0,20.0,29.5,21.0,0.73,-3.2591464138204884,16.83,12.68,20.4,9.3,23.27,3.67,MODERATE,Orographic Sahyadri Elevation Gradient,Manual demo override,MANUAL_OVERRIDE,,2026-09-09,,,,NOT_REQUESTED,29.0,20.5,66.7
MH_PUNE_556733,Alande,Alande,Bhor,Pune,18.19207,73.91181,96.74,38.14,-3.8,602.7,48.2,530.4,675.0,3.0,214.7,48.0,18.0,8.0,18.0,3.0,5.0,0.0,20.0,29.5,21.0,0.73,-3.369228002759657,16.92,12.55,20.75,8.22,23.91,3.87,MODERATE,Orographic Sahyadri Elevation Gradient,Manual demo override,MANUAL_OVERRIDE,,2026-09-09,,,,NOT_REQUESTED,29.1,20.6,66.8
MH_PUNE_556723,Panjalwadi,Panjalwadi,Bhor,Pune,18.18163,74.03332,107.98,43.3,-6.0,642.9,51.4,565.8,720.0,3.0,219.2,48.0,18.0,8.0,18.0,3.0,5.0,0.0,20.0,29.5,21.0,0.72,-3.8247701266385365,16.44,12.92,20.66,8.72,23.76,3.79,MODERATE,Orographic Sahyadri Elevation Gradient,Manual demo override,MANUAL_OVERRIDE,,2026-09-09,,,,NOT_REQUESTED,28.9,20.4,66.6
MH_PUNE_556731,Kenjal,Kenjal,Bhor,Pune,18.18736,73.9384,99.05,39.23,-4.3,602.6,48.2,530.3,674.9,3.0,215.7,48.0,18.0,8.0,18.0,3.0,5.0,0.0,20.0,29.5,21.0,0.73,-3.4547299805804363,16.69,12.67,20.82,8.75,23.91,3.89,MODERATE,Orographic Sahyadri Elevation Gradient,Manual demo override,MANUAL_OVERRIDE,,2026-09-09,,,,NOT_REQUESTED,29.1,20.6,66.7
MH_PUNE_556735,Ingavali,Ingavali,Bhor,Pune,18.17546,73.90921,95.69,39.92,-3.8,614.4,49.2,540.6,688.2,3.0,214.6,48.0,18.0,8.0,18.0,3.0,5.0,0.0,20.0,29.5,21.0,0.73,-3.338674854902239,17.01,13.44,20.91,9.57,23.96,3.7,MODERATE,Orographic Sahyadri Elevation Gradient,Manual demo override,MANUAL_OVERRIDE,,2026-09-09,,,,NOT_REQUESTED,29.1,20.6,66.8
MH_PUNE_556778,Sangvi,Sangvi,Bhor,Pune,18.17215,73.86447,91.27,39.82,-3.0,622.0,49.8,547.3,696.7,3.0,213.0,48.0,18.0,8.0,18.0,3.0,5.0,0.0,20.0,29.5,21.0,0.73,-3.1674043006981574,17.01,13.35,20.51,9.48,23.86,3.7,MODERATE,Orographic Sahyadri Elevation Gradient,Manual demo override,MANUAL_OVERRIDE,,2026-09-09,,,,NOT_REQUESTED,29.0,20.5,66.8
MH_PUNE_556734,Bhairavnathnagar,Bhairavnathnagar,Bhor,Pune,18.19457,73.89524,95.29,37.6,-3.5,634.5,50.8,558.3,710.7,3.0,214.1,48.0,18.0,8.0,18.0,3.0,5.0,0.0,20.0,29.5,21.0,0.73,-3.3163432886152107,16.91,13.51,20.16,9.41,23.61,3.67,MODERATE,Orographic Sahyadri Elevation Gradient,Manual demo override,MANUAL_OVERRIDE,,2026-09-09,,,,NOT_REQUESTED,28.9,20.4,66.8
MH_PUNE_556720,Sarole,Sarole,Bhor,Pune,18.18394,73.96326,101.28,40.29,-4.7,603.3,48.3,530.8,675.7,3.0,216.6,48.0,18.0,8.0,18.0,3.0,5.0,0.0,20.0,29.5,21.0,0.73,-3.540275634196542,16.64,13.22,20.31,8.37,24.24,3.93,MODERATE,Orographic Sahyadri Elevation Gradient,Manual demo override,MANUAL_OVERRIDE,,2026-09-09,,,,NOT_REQUESTED,29.1,20.6,66.7
MH_PUNE_556717,Kikvi,Kikvi,Bhor,Pune,18.20382,73.94744,100.69,37.7,-4.5,618.8,49.5,544.5,693.0,3.0,216.1,48.0,18.0,8.0,18.0,3.0,5.0,0.0,20.0,29.5,21.0,0.73,-3.5016444183705877,16.76,12.62,20.85,8.87,23.64,3.82,MODERATE,Orographic Sahyadri Elevation Gradient,Manual demo override,MANUAL_OVERRIDE,,2026-09-09,,,,NOT_REQUESTED,29.0,20.5,66.7
MH_PUNE_556703,Bhilarewadi,Bhilarewadi,Bhor,Pune,18.22874,73.87058,94.77,33.57,-3.1,615.7,49.3,541.7,689.6,3.0,213.2,48.0,18.0,8.0,18.0,3.0,5.0,0.0,20.0,29.5,21.0,0.73,-3.3054150845681276,17.07,12.88,21.27,9.0,24.16,3.87,MODERATE,Orographic Sahyadri Elevation Gradient,Manual demo override,MANUAL_OVERRIDE,,2026-09-09,,,,NOT_REQUESTED,29.1,20.6,66.8
MH_PUNE_556537,Pisurti,Pisurti,Purandhar,Pune,18.15217,74.17398,120.79,42.9,-8.5,596.5,47.7,524.9,668.0,3.0,224.4,12.0,14.0,8.0,48.0,14.0,4.0,0.0,20.0,29.5,21.0,1.88,-4.762371988846079,16.61,12.58,20.08,8.48,23.76,3.77,MODERATE,Rain-Shadow Plateau Topography,Manual demo override,MANUAL_OVERRIDE,,2026-09-09,,,,NOT_REQUESTED,30.0,21.5,66.6
MH_PUNE_556535,Gulunche,Gulunche,Purandhar,Pune,18.15261,74.2176,125.2,38.29,-9.3,573.5,45.9,504.7,642.4,3.0,226.1,12.0,14.0,8.0,48.0,14.0,4.0,0.0,20.0,29.5,21.0,1.88,-5.130337070516008,16.14,12.2,19.78,8.91,22.9,3.68,MODERATE,Rain-Shadow Plateau Topography,Manual demo override,MANUAL_OVERRIDE,,2026-09-09,,,,NOT_REQUESTED,30.2,21.7,66.5
MH_PUNE_556521,Veer,Veer,Purandhar,Pune,18.1449,74.08454,111.59,49.46,-6.9,587.1,47.0,516.6,657.6,3.0,221.1,12.0,14.0,8.0,48.0,14.0,4.0,0.0,20.0,29.5,21.0,0.72,-4.13558402961206,16.15,12.65,20.38,8.29,23.23,3.69,MODERATE,Rain-Shadow Plateau Topography,Manual demo override,MANUAL_OVERRIDE,,2026-09-09,,,,NOT_REQUESTED,30.1,21.6,66.5
MH_PUNE_556534,Karnalwadi,Karnalwadi,Purandhar,Pune,18.16133,74.23954,127.7,35.99,-9.7,590.3,47.2,519.5,661.1,3.0,226.9,12.0,14.0,8.0,48.0,14.0,4.0,0.0,20.0,29.5,21.0,1.88,-5.309404001545664,16.12,12.2,19.91,8.2,23.0,3.74,MODERATE,Rain-Shadow Plateau Topography,Manual demo override,MANUAL_OVERRIDE,,2026-09-09,,,,NOT_REQUESTED,30.1,21.6,66.4
MH_PUNE_556536,Thopatewadi,Thopatewadi,Purandhar,Pune,18.14422,74.19434,122.57,40.76,-8.9,582.9,46.6,513.0,652.8,3.0,225.2,12.0,14.0,8.0,48.0,14.0,4.0,0.0,20.0,29.5,21.0,1.88,-4.9444483529277425,16.37,12.7,20.87,8.82,23.48,3.8,MODERATE,Rain-Shadow Plateau Topography,Manual demo override,MANUAL_OVERRIDE,,2026-09-09,,,,NOT_REQUESTED,30.1,21.6,66.5
MH_PUNE_556538,Mandaki,Mandaki,Purandhar,Pune,18.14491,74.14625,117.76,45.83,-8.0,606.2,48.5,533.5,679.0,3.0,223.4,12.0,14.0,8.0,48.0,14.0,4.0,0.0,20.0,29.5,21.0,1.64,-4.558003820820208,16.5,12.99,20.25,8.9,23.14,3.63,MODERATE,Orographic Sahyadri Elevation Gradient,Manual demo override,MANUAL_OVERRIDE,,2026-09-09,,,,NOT_REQUESTED,30.0,21.5,66.6
MH_PUNE_556539,Jeur,Jeur,Purandhar,Pune,18.12513,74.17245,119.74,43.15,-8.5,572.5,45.8,503.8,641.2,3.0,224.4,12.0,14.0,8.0,48.0,14.0,4.0,0.0,20.0,29.5,21.0,1.88,-4.792826701866863,16.63,12.78,20.04,9.1,23.05,3.63,MODERATE,Rain-Shadow Plateau Topography,Manual demo override,MANUAL_OVERRIDE,,2026-09-09,,,,NOT_REQUESTED,30.2,21.7,66.7
MH_PUNE_556540,Pimpre Kh,Pimpre Kh,Purandhar,Pune,18.11742,74.20011,122.3,40.31,-9.0,559.4,44.8,492.2,626.6,3.0,225.4,12.0,14.0,8.0,48.0,14.0,4.0,0.0,20.0,29.5,21.0,1.79,-5.031819014030888,16.08,12.17,20.28,8.42,22.91,3.76,MODERATE,Rain-Shadow Plateau Topography,Manual demo override,MANUAL_OVERRIDE,,2026-09-09,,,,NOT_REQUESTED,30.3,21.8,66.4
MH_PUNE_556937,Khandobachiwadi,Khandobachiwadi,Baramati,Pune,18.14036,74.25444,128.52,34.42,-10.0,607.9,48.6,535.0,680.8,3.0,227.4,6.0,10.0,6.0,70.0,4.0,4.0,0.0,20.0,29.5,21.0,1.88,-5.477622911364049,15.89,10.85,19.87,8.05,22.52,3.78,MODERATE,Orographic Sahyadri Elevation Gradient,Manual demo override,MANUAL_OVERRIDE,,2026-09-09,,,,NOT_REQUESTED,29.1,20.6,66.4
MH_PUNE_555778,Chas,Chas,Khed,Pune,18.92387,73.85455,108.35,43.8,-2.8,641.8,51.3,564.8,718.7,3.0,212.6,10.0,12.0,6.0,64.0,5.0,3.0,0.0,20.0,29.5,21.0,0.73,-0.817602843230968,19.43,15.49,23.39,12.59,25.77,3.57,MODERATE,Orographic Sahyadri Elevation Gradient,Manual demo override,MANUAL_OVERRIDE,,2026-09-09,,,,NOT_REQUESTED,28.9,20.4,67.8
MH_PUNE_556924,Chaudhar Wadi,Chaudhar Wadi,Baramati,Pune,18.16633,74.2703,130.97,32.77,-10.3,585.7,46.9,515.3,656.0,3.0,228.0,6.0,10.0,6.0,70.0,4.0,4.0,0.0,20.0,29.5,21.0,1.8,-5.578832575416108,15.71,11.73,19.45,8.24,22.42,3.72,MODERATE,Horticultural Orchard Microclimate,Manual demo override,MANUAL_OVERRIDE,,2026-09-09,,,,NOT_REQUESTED,29.2,20.7,66.3
MH_PUNE_556934,Magarwadi,Magarwadi,Baramati,Pune,18.14134,74.30057,133.23,29.54,-10.8,562.7,45.0,495.2,630.2,3.0,229.1,6.0,10.0,6.0,70.0,4.0,4.0,0.0,20.0,29.5,21.0,1.71,-5.886845545308959,15.25,11.75,19.3,7.44,22.44,3.77,MODERATE,Horticultural Orchard Microclimate,Manual demo override,MANUAL_OVERRIDE,,2026-09-09,,,,NOT_REQUESTED,29.4,20.9,66.1
MH_PUNE_556935,Deulwadi,Deulwadi,Baramati,Pune,18.14491,74.28178,131.44,31.52,-10.5,570.2,45.6,501.8,638.6,3.0,228.4,6.0,10.0,6.0,70.0,4.0,4.0,0.0,20.0,29.5,21.0,1.8,-5.716505987834904,15.52,11.94,19.78,7.72,21.88,3.68,MODERATE,Horticultural Orchard Microclimate,Manual demo override,MANUAL_OVERRIDE,,2026-09-09,,,,NOT_REQUESTED,29.3,20.8,66.2
MH_PUNE_556936,Karanje,Karanje,Baramati,Pune,18.13198,74.27974,130.83,31.79,-10.4,563.2,45.1,495.5,630.8,3.0,228.4,6.0,10.0,6.0,70.0,4.0,4.0,0.0,20.0,29.5,21.0,1.8,-5.713229731641262,15.48,11.66,19.63,7.21,22.31,3.78,MODERATE,Horticultural Orchard Microclimate,Manual demo override,MANUAL_OVERRIDE,,2026-09-09,,,,NOT_REQUESTED,29.4,20.9,66.2
MH_PUNE_556938,Gadadarwadi,Gadadarwadi,Baramati,Pune,18.12305,74.25666,128.22,34.3,-10.0,561.9,45.0,494.4,629.4,3.0,227.5,6.0,10.0,6.0,70.0,4.0,4.0,0.0,20.0,29.5,21.0,1.79,-5.517756733532143,15.75,12.34,19.69,7.85,22.34,3.71,MODERATE,Horticultural Orchard Microclimate,Manual demo override,MANUAL_OVERRIDE,,2026-09-09,,,,NOT_REQUESTED,29.4,20.9,66.3
MH_PUNE_556941,Karanjepul,Karanjepul,Baramati,Pune,18.11663,74.2964,132.08,30.2,-10.7,559.1,44.7,492.1,626.2,3.0,229.0,6.0,10.0,6.0,70.0,4.0,4.0,0.0,20.0,29.5,21.0,1.67,-5.869820473024506,15.06,11.32,18.78,7.55,22.43,3.71,MODERATE,Horticultural Orchard Microclimate,Manual demo override,MANUAL_OVERRIDE,,2026-09-09,,,,NOT_REQUESTED,29.4,20.9,66.0
MH_PUNE_556940,Soratewadi,Soratewadi,Baramati,Pune,18.1173,74.27798,130.22,32.12,-10.4,564.8,45.2,497.0,632.6,3.0,228.3,6.0,10.0,6.0,70.0,4.0,4.0,0.0,20.0,29.5,21.0,1.8,-5.710050861999511,15.39,11.14,19.36,7.63,22.33,3.85,MODERATE,Horticultural Orchard Microclimate,Manual demo override,MANUAL_OVERRIDE,,2026-09-09,,,,NOT_REQUESTED,29.3,20.8,66.2
MH_PUNE_556942,Waghalwadi,Waghalwadi,Baramati,Pune,18.11004,74.272,129.4,32.85,-10.3,568.4,45.5,500.1,636.6,3.0,228.1,6.0,10.0,6.0,70.0,4.0,4.0,0.0,20.0,29.5,21.0,1.8,-5.662460381611753,15.61,11.65,18.84,7.72,22.46,3.69,MODERATE,Horticultural Orchard Microclimate,Manual demo override,MANUAL_OVERRIDE,,2026-09-09,,,,NOT_REQUESTED,29.3,20.8,66.2
MH_PUNE_556939,Nimbut,Nimbut,Baramati,Pune,18.11363,74.24948,127.21,35.16,-9.9,550.0,44.0,484.0,616.0,3.0,227.2,6.0,10.0,6.0,70.0,4.0,4.0,0.0,20.0,29.5,21.0,1.76,-5.463097460177245,15.6,12.4,19.66,7.62,22.06,3.72,MODERATE,Horticultural Orchard Microclimate,Manual demo override,MANUAL_OVERRIDE,,2026-09-09,,,,NOT_REQUESTED,29.4,20.9,66.2
MH_PUNE_556943,Wanewadi,Wanewadi,Baramati,Pune,18.09309,74.28689,130.46,31.62,-10.6,552.1,44.2,485.8,618.4,3.0,228.6,6.0,10.0,6.0,70.0,4.0,4.0,0.0,20.0,29.5,21.0,1.67,-5.795151892002572,15.25,11.32,19.71,7.24,22.14,3.81,MODERATE,Horticultural Orchard Microclimate,Manual demo override,MANUAL_OVERRIDE,,2026-09-09,,,,NOT_REQUESTED,29.4,20.9,66.1
MH_PUNE_556531,Adachiwadi,Adachiwadi,Purandhar,Pune,18.20417,74.14172,119.54,46.69,-8.0,652.4,52.2,574.1,730.7,3.0,223.2,12.0,14.0,8.0,48.0,14.0,4.0,0.0,20.0,29.5,21.0,1.64,-4.414185059862535,16.69,12.82,20.66,9.02,23.49,3.88,MODERATE,Orographic Sahyadri Elevation Gradient,Manual demo override,MANUAL_OVERRIDE,,2026-09-09,,,,NOT_REQUESTED,29.7,21.2,66.7
MH_PUNE_556491,Takrarwadi,Takrarwadi,Purandhar,Pune,18.28305,74.12031,120.96,39.59,-7.6,746.9,59.8,657.2,836.6,3.0,222.5,12.0,14.0,8.0,48.0,14.0,4.0,0.0,20.0,29.5,21.0,1.88,-4.1219148677428326,17.16,12.73,21.07,9.39,24.45,3.84,MODERATE,Orographic Sahyadri Elevation Gradient,Manual demo override,MANUAL_OVERRIDE,,2026-09-09,,,,NOT_REQUESTED,29.1,20.6,66.9
MH_PUNE_556492,Sakurde,Sakurde,Purandhar,Pune,18.27103,74.13174,121.49,41.39,-7.8,765.8,61.3,673.8,857.7,3.0,222.9,12.0,14.0,8.0,48.0,14.0,4.0,0.0,20.0,29.5,21.0,1.88,-4.20696913223869,17.14,13.29,20.81,10.04,25.03,3.87,MODERATE,Orographic Sahyadri Elevation Gradient,Manual demo override,MANUAL_OVERRIDE,,2026-09-09,,,,NOT_REQUESTED,28.9,20.4,66.9
MH_PUNE_556493,Jejuri Rural,Jejuri Rural,Purandhar,Pune,18.2826,74.15341,124.1,42.21,-8.2,721.8,57.7,635.2,808.3,3.0,223.7,12.0,14.0,8.0,48.0,14.0,4.0,0.0,20.0,29.5,21.0,1.88,-4.307803205043411,16.94,12.99,20.65,8.87,24.06,3.82,MODERATE,Orographic Sahyadri Elevation Gradient,Manual demo override,MANUAL_OVERRIDE,,2026-09-09,,,,NOT_REQUESTED,29.2,20.7,66.8
MH_PUNE_556526,Kolvihire,Kolvihire,Purandhar,Pune,18.25408,74.21109,128.41,40.65,-9.2,684.4,54.8,602.2,766.6,3.0,225.8,12.0,14.0,8.0,48.0,14.0,4.0,0.0,20.0,29.5,21.0,1.88,-4.810589007073497,16.57,12.29,20.67,8.76,23.49,3.81,MODERATE,Orographic Sahyadri Elevation Gradient,Manual demo override,MANUAL_OVERRIDE,,2026-09-09,,,,NOT_REQUESTED,29.5,21.0,66.6
MH_PUNE_556527,Mawadikade Pathar,Mawadikade Pathar,Purandhar,Pune,18.26266,74.24474,132.06,37.56,-9.8,654.7,52.4,576.1,733.3,3.0,227.1,12.0,14.0,8.0,48.0,14.0,4.0,0.0,20.0,29.5,21.0,1.88,-5.066550709956614,16.28,12.13,20.07,7.96,23.27,3.87,MODERATE,Orographic Sahyadri Elevation Gradient,Manual demo override,MANUAL_OVERRIDE,,2026-09-09,,,,NOT_REQUESTED,29.7,21.2,66.5
MH_PUNE_556501,Shindewadi,Shindewadi,Purandhar,Pune,18.27047,74.09751,118.19,38.92,-7.2,905.5,72.4,796.9,1014.1,3.0,221.6,12.0,14.0,8.0,48.0,14.0,4.0,0.0,20.0,29.5,21.0,1.88,-4.033248829288931,17.52,14.15,20.91,9.96,24.17,3.65,MODERATE,Orographic Sahyadri Elevation Gradient,Manual demo override,MANUAL_OVERRIDE,,2026-09-09,,,,NOT_REQUESTED,28.0,19.5,67.0
MH_PUNE_556502,Khaigarwadi,Khaigarwadi,Purandhar,Pune,18.25608,74.07662,115.51,38.72,-6.8,799.2,63.9,703.4,895.1,3.0,220.8,12.0,14.0,8.0,48.0,14.0,4.0,0.0,20.0,29.5,21.0,0.72,-3.958738262036333,16.19,12.24,19.64,8.79,23.18,3.66,MODERATE,Orographic Sahyadri Elevation Gradient,Manual demo override,MANUAL_OVERRIDE,,2026-09-09,,,,NOT_REQUESTED,28.7,20.2,66.5
MH_PUNE_556524,Pingori,Pingori,Purandhar,Pune,18.23689,74.13634,120.39,44.44,-7.9,720.4,57.6,634.0,806.8,3.0,223.0,12.0,14.0,8.0,48.0,14.0,4.0,0.0,20.0,29.5,21.0,1.88,-4.308225617135372,17.16,13.42,21.12,9.85,23.49,3.64,MODERATE,Orographic Sahyadri Elevation Gradient,Manual demo override,MANUAL_OVERRIDE,,2026-09-09,,,,NOT_REQUESTED,29.2,20.7,66.9
MH_PUNE_556503,Satalwadi,Satalwadi,Purandhar,Pune,18.23505,74.10193,116.97,42.22,-7.2,848.6,67.9,746.7,950.4,3.0,221.8,12.0,14.0,8.0,48.0,14.0,4.0,0.0,20.0,29.5,21.0,1.88,-4.108830905891822,17.13,13.57,21.21,8.89,23.89,3.81,MODERATE,Orographic Sahyadri Elevation Gradient,Manual demo override,MANUAL_OVERRIDE,,2026-09-09,,,,NOT_REQUESTED,28.4,19.9,66.9
MH_PUNE_556525,Daundaj,Daundaj,Purandhar,Pune,18.22687,74.18043,124.27,43.07,-8.6,679.6,54.4,598.0,761.2,3.0,224.7,12.0,14.0,8.0,48.0,14.0,4.0,0.0,20.0,29.5,21.0,1.88,-4.646049129904656,16.63,12.59,20.65,8.87,23.62,3.88,MODERATE,Orographic Sahyadri Elevation Gradient,Manual demo override,MANUAL_OVERRIDE,,2026-09-09,,,,NOT_REQUESTED,29.5,21.0,66.7
MH_PUNE_556528,Nawali,Nawali,Purandhar,Pune,18.22343,74.23174,129.19,37.69,-9.6,649.5,52.0,571.5,727.5,3.0,226.6,12.0,14.0,8.0,48.0,14.0,4.0,0.0,20.0,29.5,21.0,1.88,-5.084864132802409,16.46,12.74,20.1,8.31,23.23,3.81,MODERATE,Orographic Sahyadri Elevation Gradient,Manual demo override,MANUAL_OVERRIDE,,2026-09-09,,,,NOT_REQUESTED,29.7,21.2,66.6
MH_PUNE_556533,Sukalwadi,Sukalwadi,Purandhar,Pune,18.1711,74.19062,123.13,41.21,-8.8,632.2,50.6,556.3,708.1,3.0,225.1,12.0,14.0,8.0,48.0,14.0,4.0,0.0,20.0,29.5,21.0,1.88,-4.862882871856884,16.58,13.18,20.55,8.96,23.11,3.64,MODERATE,Orographic Sahyadri Elevation Gradient,Manual demo override,MANUAL_OVERRIDE,,2026-09-09,,,,NOT_REQUESTED,29.8,21.3,66.6
MH_PUNE_556530,Wagdarwadi,Wagdarwadi,Purandhar,Pune,18.20112,74.17354,122.56,43.32,-8.5,673.8,53.9,593.0,754.7,3.0,224.4,12.0,14.0,8.0,48.0,14.0,4.0,0.0,20.0,29.5,21.0,1.88,-4.657158352750027,16.67,13.1,20.23,8.61,22.96,3.6,MODERATE,Orographic Sahyadri Elevation Gradient,Manual demo override,MANUAL_OVERRIDE,,2026-09-09,,,,NOT_REQUESTED,29.5,21.0,66.7
MH_PUNE_556529,Rakh,Rakh,Purandhar,Pune,18.19042,74.2256,127.32,37.71,-9.5,614.6,49.2,540.8,688.4,3.0,226.3,12.0,14.0,8.0,48.0,14.0,4.0,0.0,20.0,29.5,21.0,1.88,-5.121150725655417,16.19,12.59,19.84,8.08,23.13,3.78,MODERATE,Orographic Sahyadri Elevation Gradient,Manual demo override,MANUAL_OVERRIDE,,2026-09-09,,,,NOT_REQUESTED,29.9,21.4,66.5
MH_PUNE_556517,Harni,Harni,Purandhar,Pune,18.18375,74.12793,117.37,47.91,-7.7,629.3,50.3,553.8,704.7,3.0,222.7,12.0,14.0,8.0,48.0,14.0,4.0,0.0,20.0,29.5,21.0,1.64,-4.358626573047186,16.78,12.95,20.8,8.96,23.76,3.85,MODERATE,Orographic Sahyadri Elevation Gradient,Manual demo override,MANUAL_OVERRIDE,,2026-09-09,,,,NOT_REQUESTED,29.8,21.3,66.7
MH_PUNE_556876,Ambi Bk,Ambi Bk,Baramati,Pune,18.28811,74.27544,136.14,35.65,-10.4,636.9,51.0,560.4,713.4,3.0,228.2,6.0,10.0,6.0,70.0,4.0,4.0,0.0,20.0,29.5,21.0,1.2,-5.233484306263547,15.46,11.4,18.77,8.25,22.25,3.61,MODERATE,Orographic Sahyadri Elevation Gradient,Manual demo override,MANUAL_OVERRIDE,,2026-09-09,,,,NOT_REQUESTED,28.9,20.4,66.2
MH_PUNE_556532,Walhe,Walhe,Purandhar,Pune,18.17963,74.16921,121.31,43.53,-8.4,646.2,51.7,568.7,723.8,3.0,224.3,12.0,14.0,8.0,48.0,14.0,4.0,0.0,20.0,29.5,21.0,1.88,-4.671024281112688,16.63,12.98,20.41,9.0,23.77,3.73,MODERATE,Orographic Sahyadri Elevation Gradient,Manual demo override,MANUAL_OVERRIDE,,2026-09-09,,,,NOT_REQUESTED,29.7,21.2,66.7
MH_PUNE_556518,Nawalewadi,Nawalewadi,Purandhar,Pune,18.18333,74.09835,114.43,46.61,-7.2,664.6,53.2,584.8,744.4,3.0,221.6,12.0,14.0,8.0,48.0,14.0,4.0,0.0,20.0,29.5,21.0,1.64,-4.16838313369146,16.78,12.83,20.28,9.3,23.28,3.66,MODERATE,Orographic Sahyadri Elevation Gradient,Manual demo override,MANUAL_OVERRIDE,,2026-09-09,,,,NOT_REQUESTED,29.6,21.1,66.7
MH_PUNE_251533,Jejuri,Jejuri,Haveli,Pune,18.27566,74.17381,125.74,44.35,-8.5,707.4,56.6,622.5,792.3,3.0,224.4,12.0,14.0,8.0,48.0,14.0,4.0,0.0,20.0,29.5,21.0,1.88,-4.459976675600032,16.75,12.85,21.03,8.61,23.1,3.73,MODERATE,Orographic Sahyadri Elevation Gradient,Manual demo override,MANUAL_OVERRIDE,,2026-09-09,,,,NOT_REQUESTED,29.3,20.8,66.7
MH_PUNE_556922,Modhave,Modhave,Baramati,Pune,18.19751,74.26964,131.98,33.21,-10.3,625.6,50.0,550.6,700.6,3.0,228.0,6.0,10.0,6.0,70.0,4.0,4.0,0.0,20.0,29.5,21.0,1.8,-5.5027488061046785,15.77,12.13,19.85,8.38,22.27,3.6,MODERATE,Orographic Sahyadri Elevation Gradient,Manual demo override,MANUAL_OVERRIDE,,2026-09-09,,,,NOT_REQUESTED,28.9,20.4,66.3
MH_PUNE_556878,Morgaon,Morgaon,Baramati,Pune,18.26603,74.29828,137.45,32.43,-10.8,623.3,49.9,548.4,698.1,3.0,229.0,6.0,10.0,6.0,70.0,4.0,4.0,0.0,20.0,29.5,21.0,1.12,-5.532165439758213,15.18,11.22,19.61,7.03,22.2,3.85,MODERATE,Orographic Sahyadri Elevation Gradient,Manual demo override,MANUAL_OVERRIDE,,2026-09-09,,,,NOT_REQUESTED,29.0,20.5,66.1
MH_PUNE_556877,Jogwadi,Jogwadi,Baramati,Pune,18.25005,74.26486,133.51,35.1,-10.2,651.6,52.1,573.4,729.7,3.0,227.8,6.0,10.0,6.0,70.0,4.0,4.0,0.0,20.0,29.5,21.0,1.88,-5.292559831899598,15.95,12.29,20.42,8.18,22.57,3.74,MODERATE,Orographic Sahyadri Elevation Gradient,Manual demo override,MANUAL_OVERRIDE,,2026-09-09,,,,NOT_REQUESTED,28.8,20.3,66.4
MH_PUNE_556906,Murti,Murti,Baramati,Pune,18.22399,74.28303,134.29,32.43,-10.5,608.3,48.7,535.3,681.4,3.0,228.5,6.0,10.0,6.0,70.0,4.0,4.0,0.0,20.0,29.5,21.0,1.8,-5.548763836478623,15.77,12.27,19.69,7.29,22.42,3.68,MODERATE,Orographic Sahyadri Elevation Gradient,Manual demo override,MANUAL_OVERRIDE,,2026-09-09,,,,NOT_REQUESTED,29.1,20.6,66.3
MH_PUNE_556923,Umbarwadi,Umbarwadi,Baramati,Pune,18.18201,74.29642,134.12,30.17,-10.7,589.3,47.1,518.6,659.9,3.0,229.0,6.0,10.0,6.0,70.0,4.0,4.0,0.0,20.0,29.5,21.0,1.8,-5.784475824192604,15.45,11.63,19.33,7.82,22.78,3.84,MODERATE,Horticultural Orchard Microclimate,Manual demo override,MANUAL_OVERRIDE,,2026-09-09,,,,NOT_REQUESTED,29.2,20.7,66.2
MH_PUNE_556953,Pawaimal,Pawaimal,Baramati,Pune,18.12366,74.44835,147.85,14.22,-12.0,559.9,44.8,492.7,627.1,3.0,234.6,6.0,10.0,6.0,70.0,4.0,4.0,0.0,20.0,29.5,21.0,-6.56,-6.914230812800872,6.19,1.99,9.91,0.0,13.02,3.43,MODERATE,Horticultural Orchard Microclimate,Manual demo override,MANUAL_OVERRIDE,,2026-09-09,,,,NOT_REQUESTED,29.4,20.9,62.5
MH_PUNE_555780,Papalwadi,Papalwadi,Khed,Pune,18.93296,73.8787,111.07,44.91,-3.2,699.6,56.0,615.6,783.6,3.0,213.5,10.0,12.0,6.0,64.0,5.0,3.0,0.0,20.0,29.5,21.0,0.73,-0.9224761128664452,19.33,14.72,23.19,11.77,26.36,3.87,MODERATE,Orographic Sahyadri Elevation Gradient,Manual demo override,MANUAL_OVERRIDE,,2026-09-09,,,,NOT_REQUESTED,28.5,20.0,67.7
MH_PUNE_556927,Chopadaj,Chopadaj,Baramati,Pune,18.157,74.3309,136.79,26.33,-11.4,569.6,45.6,501.2,638.0,3.0,230.2,6.0,10.0,6.0,70.0,4.0,4.0,0.0,20.0,29.5,21.0,1.12,-6.1290573151655545,14.4,10.71,17.91,6.75,20.97,3.71,MODERATE,Horticultural Orchard Microclimate,Manual demo override,MANUAL_OVERRIDE,,2026-09-09,,,,NOT_REQUESTED,28.9,20.4,65.8
MH_PUNE_556932,Hol,Hol,Baramati,Pune,18.11432,74.34281,136.77,25.38,-11.6,543.5,43.5,478.3,608.8,3.0,230.7,6.0,10.0,6.0,70.0,4.0,4.0,0.0,20.0,29.5,21.0,-2.48,-6.251077514149557,10.89,7.26,14.85,3.2,17.77,3.68,MODERATE,Horticultural Orchard Microclimate,Manual demo override,MANUAL_OVERRIDE,,2026-09-09,,,,NOT_REQUESTED,29.1,20.6,64.4
MH_PUNE_557036,Kurawali,Kurawali,Indapur,Pune,18.04307,74.73104,175.54,19.91,-12.0,514.5,41.2,452.7,576.3,3.0,245.0,6.0,10.0,6.0,70.0,4.0,4.0,0.0,20.0,29.5,21.0,-2.53,-6.837820527331931,10.19,6.38,13.75,2.1,16.77,3.76,MODERATE,Horticultural Orchard Microclimate,Manual demo override,MANUAL_OVERRIDE,,2026-09-09,,,,NOT_REQUESTED,29.7,21.2,64.1
MH_PUNE_557033,Gholapwadi,Gholapwadi,Indapur,Pune,18.05105,74.69752,172.16,16.59,-12.0,515.1,41.2,453.3,576.9,3.0,243.8,6.0,10.0,6.0,70.0,4.0,4.0,0.0,20.0,29.5,21.0,-2.53,-6.932290613251382,10.02,6.11,13.68,2.19,16.84,3.77,MODERATE,Horticultural Orchard Microclimate,Manual demo override,MANUAL_OVERRIDE,,2026-09-09,,,,NOT_REQUESTED,29.7,21.2,64.0
MH_PUNE_557035,Jamb,Jamb,Indapur,Pune,18.04022,74.7125,173.55,18.58,-12.0,511.4,40.9,450.0,572.7,3.0,244.4,6.0,10.0,6.0,70.0,4.0,4.0,0.0,20.0,29.5,21.0,-2.53,-6.8774104376640075,10.04,6.39,13.49,2.43,16.8,3.67,MODERATE,Horticultural Orchard Microclimate,Manual demo override,MANUAL_OVERRIDE,,2026-09-09,,,,NOT_REQUESTED,29.8,21.3,64.0
MH_PUNE_556925,Vaki,Vaki,Baramati,Pune,18.16039,74.3082,134.6,28.74,-10.9,576.7,46.1,507.6,645.9,3.0,229.4,6.0,10.0,6.0,70.0,4.0,4.0,0.0,20.0,29.5,21.0,1.8,-5.929228786322355,15.44,11.72,19.01,7.87,22.54,3.71,MODERATE,Horticultural Orchard Microclimate,Manual demo override,MANUAL_OVERRIDE,,2026-09-09,,,,NOT_REQUESTED,28.9,20.4,66.2
MH_PUNE_556918,Jalakewadi Mudhale,Jalakewadi Mudhale,Baramati,Pune,18.16014,74.3716,141.02,22.05,-12.0,587.2,47.0,516.7,657.7,3.0,231.7,6.0,10.0,6.0,70.0,4.0,4.0,0.0,20.0,29.5,21.0,-6.56,-6.447883129101247,6.63,2.59,10.32,0.0,13.18,3.45,MODERATE,Horticultural Orchard Microclimate,Manual demo override,MANUAL_OVERRIDE,,2026-09-09,,,,NOT_REQUESTED,29.2,20.7,62.7
MH_PUNE_556916,Kamagalwadi,Kamagalwadi,Baramati,Pune,18.15609,74.40777,144.59,18.21,-12.0,568.7,45.5,500.5,637.0,3.0,233.1,6.0,10.0,6.0,70.0,4.0,4.0,0.0,20.0,29.5,21.0,-6.56,-6.6972646731519845,6.46,2.86,10.57,0.0,12.99,3.4,MODERATE,Horticultural Orchard Microclimate,Manual demo override,MANUAL_OVERRIDE,,2026-09-09,,,,NOT_REQUESTED,29.3,20.8,62.6
MH_PUNE_555356,Baglohare,Baglohare,Junnar,Pune,19.17237,73.86132,113.57,71.44,-2.9,746.7,59.7,657.1,836.2,3.0,212.9,10.0,12.0,6.0,64.0,5.0,3.0,0.0,20.0,29.5,21.0,0.19,-0.4063259805921332,19.45,15.3,22.57,11.75,26.67,3.67,MODERATE,Orographic Sahyadri Elevation Gradient,Manual demo override,MANUAL_OVERRIDE,,2026-09-09,,,,NOT_REQUESTED,28.2,19.7,67.8
MH_PUNE_556928,Vadgaon Nimbalkar,Vadgaon Nimbalkar,Baramati,Pune,18.1395,74.35574,138.8,23.72,-11.8,563.0,45.0,495.5,630.5,3.0,231.2,6.0,10.0,6.0,70.0,4.0,4.0,0.0,20.0,29.5,21.0,-4.99,-6.344598686652272,8.22,4.59,12.08,0.66,14.91,3.61,MODERATE,Horticultural Orchard Microclimate,Manual demo override,MANUAL_OVERRIDE,,2026-09-09,,,,NOT_REQUESTED,29.0,20.5,63.3
MH_PUNE_556929,Korhale Bk,Korhale Bk,Baramati,Pune,18.12887,74.38863,141.86,20.36,-12.0,555.0,44.4,488.4,621.6,3.0,232.4,6.0,10.0,6.0,70.0,4.0,4.0,0.0,20.0,29.5,21.0,-6.56,-6.582873247360266,6.38,2.66,10.08,0.0,13.42,3.4,MODERATE,Horticultural Orchard Microclimate,Manual demo override,MANUAL_OVERRIDE,,2026-09-09,,,,NOT_REQUESTED,29.4,20.9,62.6
MH_PUNE_556933,Sastewadi,Sastewadi,Baramati,Pune,18.13143,74.32079,135.0,27.47,-11.2,556.6,44.5,489.8,623.3,3.0,229.9,6.0,10.0,6.0,70.0,4.0,4.0,0.0,20.0,29.5,21.0,1.67,-6.0683028126726,15.12,11.53,18.89,7.59,21.92,3.73,MODERATE,Horticultural Orchard Microclimate,Manual demo override,MANUAL_OVERRIDE,,2026-09-09,,,,NOT_REQUESTED,29.0,20.5,66.0
MH_PUNE_556930,Thopatewadi,Thopatewadi,Baramati,Pune,18.10708,74.40701,143.17,18.89,-12.0,554.9,44.4,488.3,621.5,3.0,233.1,6.0,10.0,6.0,70.0,4.0,4.0,0.0,20.0,29.5,21.0,-6.56,-6.688283387349098,6.42,2.44,10.2,0.0,13.46,3.47,MODERATE,Horticultural Orchard Microclimate,Manual demo override,MANUAL_OVERRIDE,,2026-09-09,,,,NOT_REQUESTED,29.4,20.9,62.6
MH_PUNE_556960,Bajrangwadi,Bajrangwadi,Baramati,Pune,18.0936,74.39947,142.06,20.08,-12.0,540.6,43.3,475.7,605.6,3.0,232.8,6.0,10.0,6.0,70.0,4.0,4.0,0.0,20.0,29.5,21.0,-3.47,-6.63084326947657,9.28,5.53,13.28,1.68,15.74,3.65,MODERATE,Horticultural Orchard Microclimate,Manual demo override,MANUAL_OVERRIDE,,2026-09-09,,,,NOT_REQUESTED,29.6,21.1,63.7
MH_PUNE_556961,Late,Late,Baramati,Pune,18.07789,74.41108,142.89,19.57,-12.0,532.9,42.6,469.0,596.8,3.0,233.2,6.0,10.0,6.0,70.0,4.0,4.0,0.0,20.0,29.5,21.0,-3.47,-6.676528595594819,9.39,6.03,12.98,1.55,16.55,3.74,MODERATE,Horticultural Orchard Microclimate,Manual demo override,MANUAL_OVERRIDE,,2026-09-09,,,,NOT_REQUESTED,29.6,21.1,63.8
MH_PUNE_556944,Murum,Murum,Baramati,Pune,18.08373,74.31,132.6,29.47,-11.0,545.1,43.6,479.7,610.5,3.0,229.5,6.0,10.0,6.0,70.0,4.0,4.0,0.0,20.0,29.5,21.0,1.67,-5.983841304463872,15.1,11.31,18.88,7.46,22.02,3.71,MODERATE,Horticultural Orchard Microclimate,Manual demo override,MANUAL_OVERRIDE,,2026-09-09,,,,NOT_REQUESTED,29.5,21.0,66.0
MH_PUNE_556945,Sadobachiwadi,Sadobachiwadi,Baramati,Pune,18.10408,74.32762,134.94,27.15,-11.3,544.1,43.5,478.9,609.4,3.0,230.1,6.0,10.0,6.0,70.0,4.0,4.0,0.0,20.0,29.5,21.0,1.67,-6.1307290250054365,15.07,11.53,18.63,7.48,21.79,3.68,MODERATE,Horticultural Orchard Microclimate,Manual demo override,MANUAL_OVERRIDE,,2026-09-09,,,,NOT_REQUESTED,29.1,20.6,66.0
MH_PUNE_556946,Korhale Kh,Korhale Kh,Baramati,Pune,18.09139,74.37514,139.5,22.61,-12.0,542.6,43.4,477.5,607.7,3.0,231.9,6.0,10.0,6.0,70.0,4.0,4.0,0.0,20.0,29.5,21.0,-2.48,-6.474043182434843,10.55,6.82,14.61,2.64,17.52,3.75,MODERATE,Horticultural Orchard Microclimate,Manual demo override,MANUAL_OVERRIDE,,2026-09-09,,,,NOT_REQUESTED,29.1,20.6,64.2
MH_PUNE_556948,Malegaon Kh,Malegaon Kh,Baramati,Pune,18.15533,74.49921,153.91,8.56,-12.0,563.7,45.1,496.1,631.4,3.0,236.5,6.0,10.0,6.0,70.0,4.0,4.0,0.0,20.0,29.5,21.0,-6.56,-7.103031630861664,5.99,1.92,9.43,0.0,12.69,3.38,MODERATE,Horticultural Orchard Microclimate,Manual demo override,MANUAL_OVERRIDE,,2026-09-09,,,,NOT_REQUESTED,29.4,20.9,62.4
MH_PUNE_556947,Sonkaswadi,Sonkaswadi,Baramati,Pune,18.16011,74.45524,149.55,13.23,-12.0,561.9,44.9,494.5,629.2,3.0,234.8,6.0,10.0,6.0,70.0,4.0,4.0,0.0,20.0,29.5,21.0,-6.56,-6.946356738525195,6.17,2.37,10.33,0.0,13.14,3.45,MODERATE,Horticultural Orchard Microclimate,Manual demo override,MANUAL_OVERRIDE,,2026-09-09,,,,NOT_REQUESTED,29.4,20.9,62.5
MH_PUNE_556949,Malegaon Bk,Malegaon Bk,Baramati,Pune,18.13115,74.49948,153.3,8.76,-12.0,553.1,44.2,486.8,619.4,3.0,236.5,6.0,10.0,6.0,70.0,4.0,4.0,0.0,20.0,29.5,21.0,-6.56,-7.099452390487755,5.95,2.0,9.44,0.0,12.73,3.39,MODERATE,Horticultural Orchard Microclimate,Manual demo override,MANUAL_OVERRIDE,,2026-09-09,,,,NOT_REQUESTED,29.4,20.9,62.4
MH_PUNE_556975,Baramati Rural,Baramati Rural,Baramati,Pune,18.15778,74.5221,156.32,6.18,-12.0,566.0,45.3,498.1,634.0,3.0,237.3,6.0,10.0,6.0,70.0,4.0,4.0,0.0,20.0,29.5,21.0,-6.56,-7.153784590826216,5.81,1.66,9.29,0.0,12.51,3.32,MODERATE,Horticultural Orchard Microclimate,Manual demo override,MANUAL_OVERRIDE,,2026-09-09,,,,NOT_REQUESTED,29.4,20.9,62.3
MH_PUNE_556951,Yelewasti,Yelewasti,Baramati,Pune,18.11753,74.48499,151.46,10.67,-12.0,537.5,43.0,473.0,602.0,3.0,235.9,6.0,10.0,6.0,70.0,4.0,4.0,0.0,20.0,29.5,21.0,-3.47,-7.048238389478453,8.91,5.31,12.62,1.36,15.97,3.73,MODERATE,Horticultural Orchard Microclimate,Manual demo override,MANUAL_OVERRIDE,,2026-09-09,,,,NOT_REQUESTED,29.6,21.1,63.6
MH_PUNE_556956,Kurnewadi,Kurnewadi,Baramati,Pune,18.10651,74.44868,147.45,14.7,-12.0,542.9,43.4,477.8,608.0,3.0,234.6,6.0,10.0,6.0,70.0,4.0,4.0,0.0,20.0,29.5,21.0,-3.47,-6.901335949074075,9.12,5.52,12.87,1.19,15.55,3.65,MODERATE,Horticultural Orchard Microclimate,Manual demo override,MANUAL_OVERRIDE,,2026-09-09,,,,NOT_REQUESTED,29.6,21.1,63.6
MH_PUNE_556955,Manappawasti,Manappawasti,Baramati,Pune,18.10487,74.46025,148.6,13.61,-12.0,551.0,44.1,484.9,617.2,3.0,235.0,6.0,10.0,6.0,70.0,4.0,4.0,0.0,20.0,29.5,21.0,-6.56,-6.947712636906938,6.15,2.6,9.87,0.0,13.27,3.35,MODERATE,Horticultural Orchard Microclimate,Manual demo override,MANUAL_OVERRIDE,,2026-09-09,,,,NOT_REQUESTED,29.5,21.0,62.5
MH_PUNE_556954,Dhumalwadi,Dhumalwadi,Baramati,Pune,18.10212,74.47402,149.96,12.4,-12.0,540.6,43.2,475.8,605.4,3.0,235.5,6.0,10.0,6.0,70.0,4.0,4.0,0.0,20.0,29.5,21.0,-3.47,-6.995228550725823,8.97,5.33,12.45,1.61,15.83,3.61,MODERATE,Horticultural Orchard Microclimate,Manual demo override,MANUAL_OVERRIDE,,2026-09-09,,,,NOT_REQUESTED,29.6,21.1,63.6
MH_PUNE_556959,Malwadiloni,Malwadiloni,Baramati,Pune,18.09289,74.41709,143.86,18.35,-12.0,543.8,43.5,478.6,609.1,3.0,233.4,6.0,10.0,6.0,70.0,4.0,4.0,0.0,20.0,29.5,21.0,-3.47,-6.730457536625609,9.29,5.41,12.95,1.61,16.71,3.8,MODERATE,Horticultural Orchard Microclimate,Manual demo override,MANUAL_OVERRIDE,,2026-09-09,,,,NOT_REQUESTED,29.6,21.1,63.7
MH_PUNE_556958,Pingalevasti,Pingalevasti,Baramati,Pune,18.08611,74.4296,144.99,17.41,-12.0,540.0,43.2,475.2,604.8,3.0,233.9,6.0,10.0,6.0,70.0,4.0,4.0,0.0,20.0,29.5,21.0,-3.47,-6.785842639848326,9.27,5.8,12.97,1.27,15.87,3.69,MODERATE,Horticultural Orchard Microclimate,Manual demo override,MANUAL_OVERRIDE,,2026-09-09,,,,NOT_REQUESTED,29.6,21.1,63.7
MH_PUNE_556957,Sirshane,Sirshane,Baramati,Pune,18.09117,74.43992,146.18,16.19,-12.0,539.3,43.1,474.7,604.0,3.0,234.3,6.0,10.0,6.0,70.0,4.0,4.0,0.0,20.0,29.5,21.0,-3.47,-6.842574659016683,9.32,5.42,12.6,1.54,16.18,3.69,MODERATE,Horticultural Orchard Microclimate,Manual demo override,MANUAL_OVERRIDE,,2026-09-09,,,,NOT_REQUESTED,29.6,21.1,63.7
MH_PUNE_556963,Kambleshwar,Kambleshwar,Baramati,Pune,18.0671,74.45684,147.4,15.95,-12.0,533.8,42.7,469.8,597.9,3.0,234.9,6.0,10.0,6.0,70.0,4.0,4.0,0.0,20.0,29.5,21.0,-3.47,-6.871912352754001,9.12,5.6,13.33,1.56,16.13,3.79,MODERATE,Horticultural Orchard Microclimate,Manual demo override,MANUAL_OVERRIDE,,2026-09-09,,,,NOT_REQUESTED,29.6,21.1,63.6
MH_PUNE_556962,Pandharwadi,Pandharwadi,Baramati,Pune,18.07383,74.43713,145.5,17.31,-12.0,531.0,42.5,467.3,594.8,3.0,234.2,6.0,10.0,6.0,70.0,4.0,4.0,0.0,20.0,29.5,21.0,-3.47,-6.80124087795993,9.19,4.69,12.95,2.01,15.85,3.67,MODERATE,Horticultural Orchard Microclimate,Manual demo override,MANUAL_OVERRIDE,,2026-09-09,,,,NOT_REQUESTED,29.6,21.1,63.7
MH_PUNE_556965,Shirawali,Shirawali,Baramati,Pune,18.08003,74.50121,152.28,11.4,-12.0,526.8,42.1,463.6,589.9,3.0,236.5,6.0,10.0,6.0,70.0,4.0,4.0,0.0,20.0,29.5,21.0,-3.47,-7.039019084387031,9.01,5.04,12.93,1.61,15.44,3.69,MODERATE,Horticultural Orchard Microclimate,Manual demo override,MANUAL_OVERRIDE,,2026-09-09,,,,NOT_REQUESTED,29.7,21.2,63.6
MH_PUNE_556964,Sangavi,Sangavi,Baramati,Pune,18.07524,74.47612,149.57,13.77,-12.0,530.2,42.4,466.6,593.8,3.0,235.6,6.0,10.0,6.0,70.0,4.0,4.0,0.0,20.0,29.5,21.0,-3.47,-6.957880829987494,9.05,5.39,13.03,1.67,16.38,3.77,MODERATE,Horticultural Orchard Microclimate,Manual demo override,MANUAL_OVERRIDE,,2026-09-09,,,,NOT_REQUESTED,29.6,21.1,63.6
MH_PUNE_556952,Pandare,Pandare,Baramati,Pune,18.12367,74.44161,147.16,14.91,-12.0,555.5,44.4,488.9,622.1,3.0,234.3,6.0,10.0,6.0,70.0,4.0,4.0,0.0,20.0,29.5,21.0,-6.56,-6.883187250372794,6.18,2.44,10.23,0.0,12.81,3.4,MODERATE,Horticultural Orchard Microclimate,Manual demo override,MANUAL_OVERRIDE,,2026-09-09,,,,NOT_REQUESTED,29.4,20.9,62.5
MH_PUNE_556884,Karhati,Karhati,Baramati,Pune,18.27688,74.41293,149.19,22.59,-12.0,594.8,47.6,523.4,666.2,3.0,233.3,6.0,10.0,6.0,70.0,4.0,4.0,0.0,20.0,29.5,21.0,-6.56,-6.4063674444932746,6.62,2.36,11.04,0.0,13.33,3.53,MODERATE,Horticultural Orchard Microclimate,Manual demo override,MANUAL_OVERRIDE,,2026-09-09,,,,NOT_REQUESTED,29.2,20.7,62.6
MH_PUNE_556882,Sherechiwadi,Sherechiwadi,Baramati,Pune,18.28315,74.34806,143.03,28.62,-11.7,608.1,48.6,535.2,681.0,3.0,230.9,6.0,10.0,6.0,70.0,4.0,4.0,0.0,20.0,29.5,21.0,-6.56,-5.889929423229312,7.17,3.0,11.83,0.3,14.48,3.64,MODERATE,Orographic Sahyadri Elevation Gradient,Manual demo override,MANUAL_OVERRIDE,,2026-09-09,,,,NOT_REQUESTED,29.1,20.6,62.9
MH_PUNE_556883,Baburdi,Baburdi,Baramati,Pune,18.27566,74.36549,144.45,26.62,-12.0,602.5,48.2,530.2,674.8,3.0,231.5,6.0,10.0,6.0,70.0,4.0,4.0,0.0,20.0,29.5,21.0,-6.56,-6.06722322522889,7.01,3.39,10.32,0.0,13.14,3.41,MODERATE,Orographic Sahyadri Elevation Gradient,Manual demo override,MANUAL_OVERRIDE,,2026-09-09,,,,NOT_REQUESTED,29.1,20.6,62.8
MH_PUNE_556896,Sonvadisupe,Sonvadisupe,Baramati,Pune,18.25863,74.49175,156.38,15.26,-12.0,598.4,47.9,526.5,670.2,3.0,236.2,6.0,10.0,6.0,70.0,4.0,4.0,0.0,20.0,29.5,21.0,-6.56,-6.875109696613693,6.27,2.31,9.9,0.0,13.57,3.46,MODERATE,Horticultural Orchard Microclimate,Manual demo override,MANUAL_OVERRIDE,,2026-09-09,,,,NOT_REQUESTED,29.1,20.6,62.5
MH_PUNE_556907,Tardoli,Tardoli,Baramati,Pune,18.24783,74.33046,139.9,28.52,-11.3,617.8,49.4,543.7,691.9,3.0,230.2,6.0,10.0,6.0,70.0,4.0,4.0,0.0,20.0,29.5,21.0,1.12,-5.891893294944779,14.47,10.77,18.87,6.42,21.5,3.8,MODERATE,Orographic Sahyadri Elevation Gradient,Manual demo override,MANUAL_OVERRIDE,,2026-09-09,,,,NOT_REQUESTED,28.6,20.1,65.8
MH_PUNE_556908,Loni Bhapkar,Loni Bhapkar,Baramati,Pune,18.23216,74.36823,143.08,24.16,-12.0,606.4,48.5,533.7,679.2,3.0,231.6,6.0,10.0,6.0,70.0,4.0,4.0,0.0,20.0,29.5,21.0,-6.56,-6.263335547340047,6.54,2.95,9.71,0.0,13.21,3.39,MODERATE,Orographic Sahyadri Elevation Gradient,Manual demo override,MANUAL_OVERRIDE,,2026-09-09,,,,NOT_REQUESTED,29.1,20.6,62.6
MH_PUNE_556886,Jalgaon Supe,Jalgaon Supe,Baramati,Pune,18.24548,74.45372,152.11,17.05,-12.0,584.0,46.7,513.9,654.0,3.0,234.8,6.0,10.0,6.0,70.0,4.0,4.0,0.0,20.0,29.5,21.0,-6.56,-6.767412976713028,6.41,2.29,9.62,0.0,13.42,3.41,MODERATE,Horticultural Orchard Microclimate,Manual demo override,MANUAL_OVERRIDE,,2026-09-09,,,,NOT_REQUESTED,29.2,20.7,62.6
MH_PUNE_556914,Bhilarwadi,Bhilarwadi,Baramati,Pune,18.17735,74.47107,151.66,11.9,-12.0,580.0,46.4,510.4,649.6,3.0,235.4,6.0,10.0,6.0,70.0,4.0,4.0,0.0,20.0,29.5,21.0,-6.56,-6.998060220437816,6.14,2.41,10.18,0.0,13.03,3.48,MODERATE,Horticultural Orchard Microclimate,Manual demo override,MANUAL_OVERRIDE,,2026-09-09,,,,NOT_REQUESTED,29.3,20.8,62.5
MH_PUNE_556910,Malwadilate,Malwadilate,Baramati,Pune,18.22905,74.40388,146.54,20.58,-12.0,588.7,47.1,518.0,659.3,3.0,232.9,6.0,10.0,6.0,70.0,4.0,4.0,0.0,20.0,29.5,21.0,-6.56,-6.533731886217227,6.47,2.07,10.04,0.0,13.09,3.42,MODERATE,Horticultural Orchard Microclimate,Manual demo override,MANUAL_OVERRIDE,,2026-09-09,,,,NOT_REQUESTED,29.2,20.7,62.6
MH_PUNE_556913,Karhavagaj,Karhavagaj,Baramati,Pune,18.2182,74.43531,149.32,17.06,-12.0,584.6,46.8,514.4,654.8,3.0,234.1,6.0,10.0,6.0,70.0,4.0,4.0,0.0,20.0,29.5,21.0,-6.56,-6.7565852780372415,6.31,1.88,10.33,0.0,12.78,3.47,MODERATE,Horticultural Orchard Microclimate,Manual demo override,MANUAL_OVERRIDE,,2026-09-09,,,,NOT_REQUESTED,29.2,20.7,62.5
MH_PUNE_556902,Barhanpur,Barhanpur,Baramati,Pune,18.21275,74.52044,157.75,9.4,-12.0,559.7,44.8,492.5,626.9,3.0,237.3,6.0,10.0,6.0,70.0,4.0,4.0,0.0,20.0,29.5,21.0,-6.56,-7.087461152750414,5.99,2.09,9.45,0.0,12.84,3.45,MODERATE,Horticultural Orchard Microclimate,Manual demo override,MANUAL_OVERRIDE,,2026-09-09,,,,NOT_REQUESTED,29.4,20.9,62.4
MH_PUNE_556912,Anjangaon,Anjangaon,Baramati,Pune,18.22192,74.4856,154.52,12.78,-12.0,568.4,45.5,500.1,636.6,3.0,236.0,6.0,10.0,6.0,70.0,4.0,4.0,0.0,20.0,29.5,21.0,-6.56,-6.970966354065481,6.06,1.95,9.87,0.0,12.93,3.46,MODERATE,Horticultural Orchard Microclimate,Manual demo override,MANUAL_OVERRIDE,,2026-09-09,,,,NOT_REQUESTED,29.3,20.8,62.4
MH_PUNE_556920,Masalwadi,Masalwadi,Baramati,Pune,18.22103,74.32811,138.67,27.76,-11.3,615.7,49.3,541.8,689.7,3.0,230.1,6.0,10.0,6.0,70.0,4.0,4.0,0.0,20.0,29.5,21.0,1.12,-5.964812561266869,14.72,10.53,18.29,7.35,21.68,3.67,MODERATE,Orographic Sahyadri Elevation Gradient,Manual demo override,MANUAL_OVERRIDE,,2026-09-09,,,,NOT_REQUESTED,28.6,20.1,65.9
MH_PUNE_556909,Sayambachiwadi,Sayambachiwadi,Baramati,Pune,18.20976,74.38158,143.63,21.99,-12.0,608.6,48.7,535.6,681.7,3.0,232.1,6.0,10.0,6.0,70.0,4.0,4.0,0.0,20.0,29.5,21.0,-6.56,-6.431945267848235,6.58,2.83,10.51,0.0,13.08,3.4,MODERATE,Orographic Sahyadri Elevation Gradient,Manual demo override,MANUAL_OVERRIDE,,2026-09-09,,,,NOT_REQUESTED,29.1,20.6,62.6
MH_PUNE_556921,Moralwadi,Moralwadi,Baramati,Pune,18.19641,74.30327,135.31,29.69,-10.9,586.1,46.9,515.7,656.4,3.0,229.2,6.0,10.0,6.0,70.0,4.0,4.0,0.0,20.0,29.5,21.0,1.8,-5.81279346076432,15.34,11.65,19.04,7.73,22.4,3.73,MODERATE,Horticultural Orchard Microclimate,Manual demo override,MANUAL_OVERRIDE,,2026-09-09,,,,NOT_REQUESTED,29.2,20.7,66.1
MH_PUNE_556911,Jalgaon Kade Pathar,Jalgaon Kade Pathar,Baramati,Pune,18.18953,74.47136,152.06,12.29,-12.0,577.3,46.2,508.0,646.6,3.0,235.4,6.0,10.0,6.0,70.0,4.0,4.0,0.0,20.0,29.5,21.0,-6.56,-6.98389749294658,6.05,2.11,9.28,0.0,12.7,3.28,MODERATE,Horticultural Orchard Microclimate,Manual demo override,MANUAL_OVERRIDE,,2026-09-09,,,,NOT_REQUESTED,29.3,20.8,62.4
MH_PUNE_556903,Nepat Valan,Nepat Valan,Baramati,Pune,18.18674,74.50151,155.04,9.24,-12.0,565.0,45.2,497.2,632.8,3.0,236.6,6.0,10.0,6.0,70.0,4.0,4.0,0.0,20.0,29.5,21.0,-6.56,-7.086397688095035,5.94,2.07,9.57,0.0,11.85,3.25,MODERATE,Horticultural Orchard Microclimate,Manual demo override,MANUAL_OVERRIDE,,2026-09-09,,,,NOT_REQUESTED,29.4,20.9,62.4
MH_PUNE_556904,Medad,Medad,Baramati,Pune,18.17654,74.51793,156.42,7.19,-12.0,556.8,44.5,490.1,623.6,3.0,237.2,6.0,10.0,6.0,70.0,4.0,4.0,0.0,20.0,29.5,21.0,-6.56,-7.135623661876104,6.09,2.11,9.73,0.0,12.61,3.41,MODERATE,Horticultural Orchard Microclimate,Manual demo override,MANUAL_OVERRIDE,,2026-09-09,,,,NOT_REQUESTED,29.4,20.9,62.4
MH_PUNE_556926,Kanadwadi,Kanadwadi,Baramati,Pune,18.1795,74.32651,137.07,26.98,-11.3,575.8,46.1,506.6,644.9,3.0,230.1,6.0,10.0,6.0,70.0,4.0,4.0,0.0,20.0,29.5,21.0,1.12,-6.055892636568065,14.54,10.88,18.88,6.44,20.94,3.79,MODERATE,Horticultural Orchard Microclimate,Manual demo override,MANUAL_OVERRIDE,,2026-09-09,,,,NOT_REQUESTED,28.9,20.4,65.8
MH_PUNE_556919,Palshiwadi,Palshiwadi,Baramati,Pune,18.19918,74.3303,138.12,26.94,-11.3,602.9,48.2,530.6,675.2,3.0,230.2,6.0,10.0,6.0,70.0,4.0,4.0,0.0,20.0,29.5,21.0,1.12,-6.045159839492926,14.51,10.46,18.71,6.57,21.57,3.83,MODERATE,Orographic Sahyadri Elevation Gradient,Manual demo override,MANUAL_OVERRIDE,,2026-09-09,,,,NOT_REQUESTED,28.7,20.2,65.8
MH_PUNE_556917,Mudhale,Mudhale,Baramati,Pune,18.17781,74.37967,142.39,21.39,-12.0,593.9,47.5,522.6,665.1,3.0,232.0,6.0,10.0,6.0,70.0,4.0,4.0,0.0,20.0,29.5,21.0,-6.56,-6.484152845707858,6.44,2.8,10.2,0.0,13.35,3.48,MODERATE,Horticultural Orchard Microclimate,Manual demo override,MANUAL_OVERRIDE,,2026-09-09,,,,NOT_REQUESTED,29.2,20.7,62.6
MH_PUNE_557026,Hinganewadi,Hinganewadi,Indapur,Pune,18.08839,74.68735,171.78,13.25,-12.0,525.6,42.0,462.6,588.6,3.0,243.4,6.0,10.0,6.0,70.0,4.0,4.0,0.0,20.0,29.5,21.0,-3.47,-7.014843758642674,8.96,5.35,12.63,1.22,15.46,3.62,MODERATE,Horticultural Orchard Microclimate,Manual demo override,MANUAL_OVERRIDE,,2026-09-09,,,,NOT_REQUESTED,29.7,21.2,63.6
MH_PUNE_557015,Nimbodi,Nimbodi,Indapur,Pune,18.16032,74.68416,173.04,11.07,-12.0,552.7,44.2,486.4,619.0,3.0,243.3,6.0,10.0,6.0,70.0,4.0,4.0,0.0,20.0,29.5,21.0,-6.56,-7.059703947710125,6.07,2.6,9.28,0.0,12.22,3.24,MODERATE,Horticultural Orchard Microclimate,Manual demo override,MANUAL_OVERRIDE,,2026-09-09,,,,NOT_REQUESTED,29.4,20.9,62.4
MH_PUNE_556977,Dorlewadi,Dorlewadi,Baramati,Pune,18.10367,74.59924,162.95,5.54,-12.0,525.5,42.0,462.5,588.5,3.0,240.2,6.0,10.0,6.0,70.0,4.0,4.0,0.0,20.0,29.5,21.0,-3.47,-7.164315908655073,8.81,5.27,12.36,1.17,15.51,3.6,MODERATE,Horticultural Orchard Microclimate,Manual demo override,MANUAL_OVERRIDE,,2026-09-09,,,,NOT_REQUESTED,29.7,21.2,63.5
MH_PUNE_556541,Shivatkar,Shivatkar,Haveli,Pune,18.12629,74.21235,123.81,38.94,-9.2,556.8,44.5,490.1,623.6,3.0,225.9,12.0,14.0,8.0,48.0,14.0,4.0,0.0,20.0,29.5,21.0,1.76,-5.1251900678256614,16.07,12.4,19.65,8.46,23.03,3.71,MODERATE,Rain-Shadow Plateau Topography,Manual demo override,MANUAL_OVERRIDE,,2026-09-09,,,,NOT_REQUESTED,30.3,21.8,66.4
MH_PUNE_557013,Shindewadi,Shindewadi,Indapur,Pune,18.17035,74.70852,175.8,13.77,-12.0,564.7,45.2,496.9,632.5,3.0,244.2,6.0,10.0,6.0,70.0,4.0,4.0,0.0,20.0,29.5,21.0,-6.56,-6.992665984840638,6.01,2.18,9.33,0.0,12.75,3.42,MODERATE,Horticultural Orchard Microclimate,Manual demo override,MANUAL_OVERRIDE,,2026-09-09,,,,NOT_REQUESTED,29.4,20.9,62.4
MH_PUNE_557014,Kazad,Kazad,Indapur,Pune,18.16753,74.73543,178.5,16.54,-12.0,566.5,45.3,498.5,634.4,3.0,245.2,6.0,10.0,6.0,70.0,4.0,4.0,0.0,20.0,29.5,21.0,-6.56,-6.916314707713246,6.15,2.46,9.54,0.0,12.62,3.35,MODERATE,Horticultural Orchard Microclimate,Manual demo override,MANUAL_OVERRIDE,,2026-09-09,,,,NOT_REQUESTED,29.4,20.9,62.5
MH_PUNE_556972,Katewadi,Katewadi,Baramati,Pune,18.13961,74.664,170.46,8.95,-12.0,551.6,44.1,485.4,617.7,3.0,242.6,6.0,10.0,6.0,70.0,4.0,4.0,0.0,20.0,29.5,21.0,-6.56,-7.105159369515348,6.06,1.46,9.68,0.0,12.56,3.41,MODERATE,Horticultural Orchard Microclimate,Manual demo override,MANUAL_OVERRIDE,,2026-09-09,,,,NOT_REQUESTED,29.4,20.9,62.4
MH_PUNE_556971,Kanheri,Kanheri,Baramati,Pune,18.15273,74.64114,168.42,6.47,-12.0,545.3,43.6,479.9,610.7,3.0,241.7,6.0,10.0,6.0,70.0,4.0,4.0,0.0,20.0,29.5,21.0,-6.56,-7.148085475149057,6.09,2.21,9.84,0.0,12.79,3.36,MODERATE,Horticultural Orchard Microclimate,Manual demo override,MANUAL_OVERRIDE,,2026-09-09,,,,NOT_REQUESTED,29.5,21.0,62.4
MH_PUNE_556973,Pimpali,Pimpali,Baramati,Pune,18.13088,74.62308,166.03,5.02,-12.0,535.1,42.8,470.9,599.3,3.0,241.1,6.0,10.0,6.0,70.0,4.0,4.0,0.0,20.0,29.5,21.0,-3.47,-7.1682345422542175,8.88,5.27,12.96,1.01,15.65,3.69,MODERATE,Horticultural Orchard Microclimate,Manual demo override,MANUAL_OVERRIDE,,2026-09-09,,,,NOT_REQUESTED,29.6,21.1,63.6
MH_PUNE_556974,Gunwadi,Gunwadi,Baramati,Pune,18.12545,74.58468,161.94,2.77,-12.0,531.3,42.5,467.6,595.1,3.0,239.6,6.0,10.0,6.0,70.0,4.0,4.0,0.0,20.0,29.5,21.0,-3.47,-7.191902377268601,8.92,4.98,11.99,1.12,15.85,3.74,MODERATE,Horticultural Orchard Microclimate,Manual demo override,MANUAL_OVERRIDE,,2026-09-09,,,,NOT_REQUESTED,29.6,21.1,63.6
MH_PUNE_557017,Sansar,Sansar,Indapur,Pune,18.13269,74.70511,174.56,13.36,-12.0,544.3,43.5,479.1,609.6,3.0,244.1,6.0,10.0,6.0,70.0,4.0,4.0,0.0,20.0,29.5,21.0,-3.47,-7.006733688728916,9.01,5.55,13.08,1.48,15.48,3.69,MODERATE,Horticultural Orchard Microclimate,Manual demo override,MANUAL_OVERRIDE,,2026-09-09,,,,NOT_REQUESTED,29.5,21.0,63.6
MH_PUNE_556976,Malad,Malad,Baramati,Pune,18.12085,74.5519,158.45,4.4,-12.0,544.3,43.5,479.0,609.5,3.0,238.4,6.0,10.0,6.0,70.0,4.0,4.0,0.0,20.0,29.5,21.0,-3.47,-7.17895737403419,8.84,4.97,12.69,1.44,15.54,3.64,MODERATE,Horticultural Orchard Microclimate,Manual demo override,MANUAL_OVERRIDE,,2026-09-09,,,,NOT_REQUESTED,29.5,21.0,63.5
MH_PUNE_557018,Bhawaninagar,Bhawaninagar,Indapur,Pune,18.1338,74.6845,172.45,11.19,-12.0,550.5,44.0,484.5,616.5,3.0,243.3,6.0,10.0,6.0,70.0,4.0,4.0,0.0,20.0,29.5,21.0,-6.56,-7.058549870072525,6.1,2.0,9.09,0.0,13.0,3.36,MODERATE,Horticultural Orchard Microclimate,Manual demo override,MANUAL_OVERRIDE,,2026-09-09,,,,NOT_REQUESTED,29.5,21.0,62.4
MH_PUNE_557024,Belewadi,Belewadi,Indapur,Pune,18.10689,74.70106,173.58,13.66,-12.0,532.3,42.6,468.4,596.2,3.0,243.9,6.0,10.0,6.0,70.0,4.0,4.0,0.0,20.0,29.5,21.0,-3.47,-7.002182754336292,9.12,5.24,13.18,1.03,16.03,3.78,MODERATE,Horticultural Orchard Microclimate,Manual demo override,MANUAL_OVERRIDE,,2026-09-09,,,,NOT_REQUESTED,29.6,21.1,63.6
MH_PUNE_556950,Pawnewadi,Pawnewadi,Baramati,Pune,18.11114,74.52613,155.55,7.15,-12.0,533.2,42.7,469.1,597.2,3.0,237.5,6.0,10.0,6.0,70.0,4.0,4.0,0.0,20.0,29.5,21.0,-3.47,-7.138084331661595,8.82,5.25,12.46,0.83,15.18,3.7,MODERATE,Horticultural Orchard Microclimate,Manual demo override,MANUAL_OVERRIDE,,2026-09-09,,,,NOT_REQUESTED,29.6,21.1,63.5
MH_PUNE_556978,Zaragadwadi,Zaragadwadi,Baramati,Pune,18.10476,74.64222,167.43,8.28,-12.0,521.0,41.7,458.5,583.6,3.0,241.8,6.0,10.0,6.0,70.0,4.0,4.0,0.0,20.0,29.5,21.0,-2.52,-7.120381113938213,9.78,5.93,14.0,2.27,16.66,3.82,MODERATE,Horticultural Orchard Microclimate,Manual demo override,MANUAL_OVERRIDE,,2026-09-09,,,,NOT_REQUESTED,29.7,21.2,63.9
MH_PUNE_556970,Rui,Rui,Baramati,Pune,18.18807,74.61321,166.48,5.5,-12.0,564.3,45.1,496.6,631.9,3.0,240.7,6.0,10.0,6.0,70.0,4.0,4.0,0.0,20.0,29.5,21.0,-6.56,-7.165375102008807,5.9,2.07,9.78,0.0,11.99,3.25,MODERATE,Horticultural Orchard Microclimate,Manual demo override,MANUAL_OVERRIDE,,2026-09-09,,,,NOT_REQUESTED,29.4,20.9,62.4
MH_PUNE_556979,Dhekalwadi,Dhekalwadi,Baramati,Pune,18.09707,74.66926,170.08,11.12,-12.0,525.4,42.0,462.4,588.4,3.0,242.8,6.0,10.0,6.0,70.0,4.0,4.0,0.0,20.0,29.5,21.0,-3.47,-7.06383755380176,8.96,4.76,13.01,1.45,15.83,3.72,MODERATE,Horticultural Orchard Microclimate,Manual demo override,MANUAL_OVERRIDE,,2026-09-09,,,,NOT_REQUESTED,29.7,21.2,63.6
MH_PUNE_557020,Kardanwadi,Kardanwadi,Indapur,Pune,18.09957,74.73985,177.46,17.8,-12.0,542.2,43.4,477.1,607.3,3.0,245.4,6.0,10.0,6.0,70.0,4.0,4.0,0.0,20.0,29.5,21.0,-3.47,-6.890520357136487,9.09,5.74,13.33,0.87,16.02,3.75,MODERATE,Horticultural Orchard Microclimate,Manual demo override,MANUAL_OVERRIDE,,2026-09-09,,,,NOT_REQUESTED,29.6,21.1,63.6
MH_PUNE_557027,Udhat,Udhat,Indapur,Pune,18.07019,74.7079,173.58,16.17,-12.0,523.5,41.9,460.6,586.3,3.0,244.2,6.0,10.0,6.0,70.0,4.0,4.0,0.0,20.0,29.5,21.0,-3.47,-6.941212275832858,9.13,5.2,13.01,1.54,16.0,3.77,MODERATE,Horticultural Orchard Microclimate,Manual demo override,MANUAL_OVERRIDE,,2026-09-09,,,,NOT_REQUESTED,29.7,21.2,63.7
MH_PUNE_556984,Shetphalgadhe,Shetphalgadhe,Indapur,Pune,18.26262,74.68958,176.45,17.05,-12.0,544.1,43.5,478.9,609.4,3.0,243.5,6.0,10.0,6.0,70.0,4.0,4.0,0.0,20.0,29.5,21.0,-3.47,-6.884301184004532,9.26,5.55,13.25,1.75,15.53,3.65,MODERATE,Horticultural Orchard Microclimate,Manual demo override,MANUAL_OVERRIDE,,2026-09-09,,,,NOT_REQUESTED,29.5,21.0,63.7
MH_PUNE_557019,Jachakvasti,Jachakvasti,Indapur,Pune,18.09591,74.71709,175.03,15.69,-12.0,529.3,42.3,465.9,592.8,3.0,244.5,6.0,10.0,6.0,70.0,4.0,4.0,0.0,20.0,29.5,21.0,-3.47,-6.950536280183471,9.13,5.49,12.97,1.28,15.8,3.69,MODERATE,Horticultural Orchard Microclimate,Manual demo override,MANUAL_OVERRIDE,,2026-09-09,,,,NOT_REQUESTED,29.6,21.1,63.7
MH_PUNE_557025,Sapkalwadi,Sapkalwadi,Indapur,Pune,18.10331,74.68414,171.75,12.17,-12.0,538.4,43.1,473.8,603.1,3.0,243.3,6.0,10.0,6.0,70.0,4.0,4.0,0.0,20.0,29.5,21.0,-3.47,-7.0390891539924905,8.92,5.36,12.98,1.05,15.9,3.73,MODERATE,Horticultural Orchard Microclimate,Manual demo override,MANUAL_OVERRIDE,,2026-09-09,,,,NOT_REQUESTED,29.6,21.1,63.6
MH_PUNE_557034,Tawashi,Tawashi,Indapur,Pune,18.07323,74.68028,170.76,13.61,-12.0,518.5,41.5,456.3,580.8,3.0,243.2,6.0,10.0,6.0,70.0,4.0,4.0,0.0,20.0,29.5,21.0,-2.53,-7.0080650227120245,9.92,5.82,13.89,2.4,16.44,3.72,MODERATE,Horticultural Orchard Microclimate,Manual demo override,MANUAL_OVERRIDE,,2026-09-09,,,,NOT_REQUESTED,29.7,21.2,64.0
MH_PUNE_557023,Pawarwadi,Pawarwadi,Indapur,Pune,18.08055,74.72725,175.79,17.37,-12.0,524.0,41.9,461.2,586.9,3.0,244.9,6.0,10.0,6.0,70.0,4.0,4.0,0.0,20.0,29.5,21.0,-3.47,-6.905941675182964,8.99,5.31,13.3,1.33,15.89,3.74,MODERATE,Horticultural Orchard Microclimate,Manual demo override,MANUAL_OVERRIDE,,2026-09-09,,,,NOT_REQUESTED,29.7,21.2,63.6
MH_PUNE_557028,Paritwadi,Paritwadi,Indapur,Pune,18.06538,74.74305,177.17,19.63,-12.0,527.6,42.2,464.3,590.9,3.0,245.5,6.0,10.0,6.0,70.0,4.0,4.0,0.0,20.0,29.5,21.0,-3.47,-6.842305406349253,9.27,5.41,12.77,1.48,15.75,3.67,MODERATE,Horticultural Orchard Microclimate,Manual demo override,MANUAL_OVERRIDE,,2026-09-09,,,,NOT_REQUESTED,29.7,21.2,63.7
MH_PUNE_557032,Mankarwadi,Mankarwadi,Indapur,Pune,18.05852,74.72085,174.73,18.03,-12.0,516.2,41.3,454.3,578.2,3.0,244.7,6.0,10.0,6.0,70.0,4.0,4.0,0.0,20.0,29.5,21.0,-2.53,-6.890616951361126,10.09,6.42,13.46,2.14,16.97,3.71,MODERATE,Horticultural Orchard Microclimate,Manual demo override,MANUAL_OVERRIDE,,2026-09-09,,,,NOT_REQUESTED,29.7,21.2,64.0
MH_PUNE_557031,Bambadwadi,Bambadwadi,Indapur,Pune,18.05364,74.74515,177.19,20.48,-12.0,518.4,41.5,456.2,580.7,3.0,245.6,6.0,10.0,6.0,70.0,4.0,4.0,0.0,20.0,29.5,21.0,-2.53,-6.818747701715564,10.12,6.41,14.27,2.58,17.12,3.75,MODERATE,Horticultural Orchard Microclimate,Manual demo override,MANUAL_OVERRIDE,,2026-09-09,,,,NOT_REQUESTED,29.7,21.2,64.0
MH_PUNE_251536,Baramati,Baramati,Haveli,Pune,18.15104,74.5509,159.1,3.08,-12.0,546.0,43.7,480.5,611.6,3.0,238.4,12.0,14.0,8.0,48.0,14.0,4.0,0.0,20.0,29.5,21.0,-6.56,-7.192214818847304,5.92,2.47,9.06,0.0,12.25,3.22,MODERATE,Riparian Godavari River Valley,Manual demo override,MANUAL_OVERRIDE,,2026-09-09,,,,NOT_REQUESTED,29.5,21.0,62.4
MH_PUNE_556967,Nirvagaj,Nirvagaj,Baramati,Pune,18.084,74.56403,158.88,7.53,-12.0,525.3,42.0,462.3,588.3,3.0,238.9,6.0,10.0,6.0,70.0,4.0,4.0,0.0,20.0,29.5,21.0,-3.47,-7.135783507272905,8.96,5.29,13.03,0.97,15.77,3.77,MODERATE,Horticultural Orchard Microclimate,Manual demo override,MANUAL_OVERRIDE,,2026-09-09,,,,NOT_REQUESTED,29.7,21.2,63.6
MH_PUNE_556982,Ghadagewadi,Ghadagewadi,Baramati,Pune,18.06116,74.58861,160.98,9.92,-12.0,521.9,41.8,459.2,584.6,3.0,239.8,6.0,10.0,6.0,70.0,4.0,4.0,0.0,20.0,29.5,21.0,-3.47,-7.092763386732793,8.99,5.47,12.68,1.36,15.76,3.64,MODERATE,Horticultural Orchard Microclimate,Manual demo override,MANUAL_OVERRIDE,,2026-09-09,,,,NOT_REQUESTED,29.7,21.2,63.6
MH_PUNE_556966,Khandaj,Khandaj,Baramati,Pune,18.08172,74.52928,155.22,9.29,-12.0,526.2,42.1,463.0,589.3,3.0,237.6,6.0,10.0,6.0,70.0,4.0,4.0,0.0,20.0,29.5,21.0,-3.47,-7.09763105088812,8.98,4.84,12.56,1.08,15.23,3.7,MODERATE,Horticultural Orchard Microclimate,Manual demo override,MANUAL_OVERRIDE,,2026-09-09,,,,NOT_REQUESTED,29.7,21.2,63.6
MH_PUNE_556980,Songaon,Songaon,Baramati,Pune,18.07489,74.63859,166.45,10.4,-12.0,519.8,41.6,457.4,582.2,3.0,241.6,6.0,10.0,6.0,70.0,4.0,4.0,0.0,20.0,29.5,21.0,-2.52,-7.082248426560684,9.88,6.27,13.6,1.77,16.73,3.78,MODERATE,Horticultural Orchard Microclimate,Manual demo override,MANUAL_OVERRIDE,,2026-09-09,,,,NOT_REQUESTED,29.7,21.2,64.0
MH_PUNE_556981,Mekhali,Mekhali,Baramati,Pune,18.06791,74.60944,163.28,9.64,-12.0,521.8,41.7,459.3,584.4,3.0,240.5,6.0,10.0,6.0,70.0,4.0,4.0,0.0,20.0,29.5,21.0,-2.52,-7.098500766870084,9.83,5.76,14.03,1.57,16.44,3.84,MODERATE,Horticultural Orchard Microclimate,Manual demo override,MANUAL_OVERRIDE,,2026-09-09,,,,NOT_REQUESTED,29.7,21.2,63.9
MH_PUNE_556892,Gadikhel,Gadikhel,Baramati,Pune,18.28108,74.59073,167.09,14.62,-12.0,613.5,49.1,539.8,687.1,3.0,239.9,6.0,10.0,6.0,70.0,4.0,4.0,0.0,20.0,29.5,21.0,-6.56,-6.94481329664526,6.1,2.05,9.38,0.0,12.59,3.33,MODERATE,Orographic Sahyadri Elevation Gradient,Manual demo override,MANUAL_OVERRIDE,,2026-09-09,,,,NOT_REQUESTED,29.0,20.5,62.4
MH_PUNE_556893,Jaradwadi,Jaradwadi,Baramati,Pune,18.27507,74.53278,161.07,14.77,-12.0,597.9,47.8,526.2,669.6,3.0,237.7,6.0,10.0,6.0,70.0,4.0,4.0,0.0,20.0,29.5,21.0,-6.56,-6.916730677573401,6.13,1.8,9.95,0.0,12.37,3.4,MODERATE,Horticultural Orchard Microclimate,Manual demo override,MANUAL_OVERRIDE,,2026-09-09,,,,NOT_REQUESTED,29.1,20.6,62.5
MH_PUNE_556897,Undavadi Kade Pathar,Undavadi Kade Pathar,Baramati,Pune,18.24974,74.53052,159.97,12.26,-12.0,572.5,45.8,503.8,641.2,3.0,237.6,6.0,10.0,6.0,70.0,4.0,4.0,0.0,20.0,29.5,21.0,-6.56,-7.006796080180983,6.07,1.86,9.88,0.0,12.52,3.36,MODERATE,Horticultural Orchard Microclimate,Manual demo override,MANUAL_OVERRIDE,,2026-09-09,,,,NOT_REQUESTED,29.3,20.8,62.4
MH_PUNE_556899,Katphal,Katphal,Baramati,Pune,18.24067,74.61878,168.59,10.88,-12.0,571.5,45.7,502.9,640.0,3.0,240.9,6.0,10.0,6.0,70.0,4.0,4.0,0.0,20.0,29.5,21.0,-6.56,-7.063325598034429,5.89,1.71,9.38,0.0,12.61,3.4,MODERATE,Horticultural Orchard Microclimate,Manual demo override,MANUAL_OVERRIDE,,2026-09-09,,,,NOT_REQUESTED,29.3,20.8,62.4
MH_PUNE_556985,Pimpale,Pimpale,Indapur,Pune,18.26459,74.72186,179.79,19.67,-12.0,540.1,43.2,475.3,604.9,3.0,244.7,6.0,10.0,6.0,70.0,4.0,4.0,0.0,20.0,29.5,21.0,-3.47,-6.798504431114774,9.26,5.08,13.04,1.4,15.71,3.8,MODERATE,Horticultural Orchard Microclimate,Manual demo override,MANUAL_OVERRIDE,,2026-09-09,,,,NOT_REQUESTED,29.6,21.1,63.7
MH_PUNE_556898,Gojubavi,Gojubavi,Baramati,Pune,18.2436,74.57205,163.96,10.44,-12.0,585.8,46.9,515.5,656.2,3.0,239.2,6.0,10.0,6.0,70.0,4.0,4.0,0.0,20.0,29.5,21.0,-6.56,-7.070542498305801,6.04,1.56,10.2,0.0,12.29,3.44,MODERATE,Horticultural Orchard Microclimate,Manual demo override,MANUAL_OVERRIDE,,2026-09-09,,,,NOT_REQUESTED,29.2,20.7,62.4
MH_PUNE_556900,Jainakwadi,Jainakwadi,Baramati,Pune,18.24081,74.64781,171.54,12.38,-12.0,582.4,46.6,512.5,652.3,3.0,242.0,6.0,10.0,6.0,70.0,4.0,4.0,0.0,20.0,29.5,21.0,-6.56,-7.025074312520704,6.01,1.87,9.54,0.0,12.73,3.39,MODERATE,Horticultural Orchard Microclimate,Manual demo override,MANUAL_OVERRIDE,,2026-09-09,,,,NOT_REQUESTED,29.2,20.7,62.4
MH_PUNE_556994,Lamjewadi,Lamjewadi,Indapur,Pune,18.24222,74.66745,173.58,13.8,-12.0,568.6,45.5,500.3,636.8,3.0,242.7,6.0,10.0,6.0,70.0,4.0,4.0,0.0,20.0,29.5,21.0,-6.56,-6.985958655170234,6.02,2.06,9.47,0.0,12.77,3.42,MODERATE,Horticultural Orchard Microclimate,Manual demo override,MANUAL_OVERRIDE,,2026-09-09,,,,NOT_REQUESTED,29.3,20.8,62.4
MH_PUNE_556968,Vanjarwadi,Vanjarwadi,Baramati,Pune,18.20472,74.60825,166.44,6.78,-12.0,589.8,47.2,519.0,660.6,3.0,240.5,6.0,10.0,6.0,70.0,4.0,4.0,0.0,20.0,29.5,21.0,-6.56,-7.148015022560553,6.05,2.19,9.64,0.0,12.4,3.38,MODERATE,Horticultural Orchard Microclimate,Manual demo override,MANUAL_OVERRIDE,,2026-09-09,,,,NOT_REQUESTED,29.2,20.7,62.4
MH_PUNE_556995,Nirgude,Nirgude,Indapur,Pune,18.22535,74.70508,176.92,15.65,-12.0,555.7,44.5,489.0,622.5,3.0,244.1,6.0,10.0,6.0,70.0,4.0,4.0,0.0,20.0,29.5,21.0,-6.56,-6.934698730755814,6.01,1.92,9.71,0.0,12.34,3.35,MODERATE,Horticultural Orchard Microclimate,Manual demo override,MANUAL_OVERRIDE,,2026-09-09,,,,NOT_REQUESTED,29.4,20.9,62.4
MH_PUNE_556901,Sawantwadi,Sawantwadi,Baramati,Pune,18.21883,74.55745,161.7,8.02,-12.0,562.2,45.0,494.7,629.7,3.0,238.6,6.0,10.0,6.0,70.0,4.0,4.0,0.0,20.0,29.5,21.0,-6.56,-7.1254702259416165,5.96,2.08,9.83,0.0,12.21,3.29,MODERATE,Horticultural Orchard Microclimate,Manual demo override,MANUAL_OVERRIDE,,2026-09-09,,,,NOT_REQUESTED,29.4,20.9,62.4
MH_PUNE_556905,Tandulwadi,Tandulwadi,Baramati,Pune,18.19509,74.56768,162.03,5.18,-12.0,579.5,46.4,509.9,649.1,3.0,239.0,6.0,10.0,6.0,70.0,4.0,4.0,0.0,20.0,29.5,21.0,-6.56,-7.17258686596121,6.03,1.8,9.56,0.0,12.81,3.41,MODERATE,Horticultural Orchard Microclimate,Manual demo override,MANUAL_OVERRIDE,,2026-09-09,,,,NOT_REQUESTED,29.3,20.8,62.4
MH_PUNE_556969,Sawal,Sawal,Baramati,Pune,18.19764,74.63976,169.46,8.24,-12.0,586.6,46.9,516.3,657.0,3.0,241.7,6.0,10.0,6.0,70.0,4.0,4.0,0.0,20.0,29.5,21.0,-6.56,-7.120054093151178,6.06,2.19,9.62,0.0,12.52,3.37,MODERATE,Horticultural Orchard Microclimate,Manual demo override,MANUAL_OVERRIDE,,2026-09-09,,,,NOT_REQUESTED,29.2,20.7,62.4
MH_PUNE_556996,Mhasobachiwadi,Mhasobachiwadi,Indapur,Pune,18.21275,74.67745,173.74,12.44,-12.0,582.9,46.6,513.0,652.8,3.0,243.1,6.0,10.0,6.0,70.0,4.0,4.0,0.0,20.0,29.5,21.0,-6.56,-7.024858972156191,6.05,1.85,9.82,0.0,12.95,3.43,MODERATE,Horticultural Orchard Microclimate,Manual demo override,MANUAL_OVERRIDE,,2026-09-09,,,,NOT_REQUESTED,29.2,20.7,62.4
MH_PUNE_557012,Lakadi,Lakadi,Indapur,Pune,18.18746,74.68176,173.49,11.53,-12.0,590.4,47.2,519.6,661.2,3.0,243.2,6.0,10.0,6.0,70.0,4.0,4.0,0.0,20.0,29.5,21.0,-6.56,-7.048027893513668,6.0,1.89,9.89,0.0,12.45,3.36,MODERATE,Horticultural Orchard Microclimate,Manual demo override,MANUAL_OVERRIDE,,2026-09-09,,,,NOT_REQUESTED,29.2,20.7,62.4
MH_PUNE_556997,Vaysewadi,Vaysewadi,Indapur,Pune,18.19927,74.73227,178.98,16.99,-12.0,559.4,44.8,492.2,626.6,3.0,245.1,6.0,10.0,6.0,70.0,4.0,4.0,0.0,20.0,29.5,21.0,-6.56,-6.898257877380707,6.22,2.36,10.17,0.0,12.84,3.41,MODERATE,Horticultural Orchard Microclimate,Manual demo override,MANUAL_OVERRIDE,,2026-09-09,,,,NOT_REQUESTED,29.4,20.9,62.5
MH_PUNE_557101,Pandharwadi,Pandharwadi,Indapur,Pune,18.04847,74.9933,203.1,45.12,-12.0,526.3,42.1,463.2,589.5,3.0,254.8,6.0,10.0,6.0,70.0,4.0,4.0,0.0,20.0,29.5,21.0,-3.54,-6.008653913839897,9.9,5.97,13.67,1.8,16.69,3.8,MODERATE,Horticultural Orchard Microclimate,Manual demo override,MANUAL_OVERRIDE,,2026-09-09,,,,NOT_REQUESTED,30.0,21.5,64.0
MH_PUNE_557115,Pithewadi,Pithewadi,Indapur,Pune,17.95609,74.9501,197.51,44.67,-12.0,499.6,40.0,439.6,559.6,3.0,253.2,6.0,10.0,6.0,70.0,4.0,4.0,0.0,20.0,29.5,21.0,-2.62,-6.0491249673765815,10.91,7.37,14.41,3.39,17.84,3.7,MODERATE,Horticultural Orchard Microclimate,Manual demo override,MANUAL_OVERRIDE,,2026-09-09,,,,NOT_REQUESTED,30.1,21.6,64.4
MH_PUNE_557051,Pitkeshwar,Pitkeshwar,Indapur,Pune,18.05254,74.9103,194.45,36.55,-12.0,539.0,43.1,474.3,603.6,3.0,251.7,6.0,10.0,6.0,70.0,4.0,4.0,0.0,20.0,29.5,21.0,-3.54,-6.291096668247002,9.68,5.74,13.95,2.01,16.56,3.82,MODERATE,Horticultural Orchard Microclimate,Manual demo override,MANUAL_OVERRIDE,,2026-09-09,,,,NOT_REQUESTED,29.8,21.3,63.9
MH_PUNE_557053,Ghorpadwadi,Ghorpadwadi,Indapur,Pune,18.03905,74.87436,190.49,33.47,-12.0,518.7,41.5,456.5,581.0,3.0,250.4,6.0,10.0,6.0,70.0,4.0,4.0,0.0,20.0,29.5,21.0,-2.62,-6.398611831292088,10.41,6.51,14.66,2.15,17.22,3.75,MODERATE,Horticultural Orchard Microclimate,Manual demo override,MANUAL_OVERRIDE,,2026-09-09,,,,NOT_REQUESTED,30.0,21.5,64.2
MH_PUNE_557065,Kati,Kati,Indapur,Pune,18.03541,74.94172,197.51,40.3,-12.0,514.9,41.2,453.1,576.7,3.0,252.8,6.0,10.0,6.0,70.0,4.0,4.0,0.0,20.0,29.5,21.0,-2.62,-6.171015715798423,10.74,6.92,15.02,3.28,17.02,3.7,MODERATE,Horticultural Orchard Microclimate,Manual demo override,MANUAL_OVERRIDE,,2026-09-09,,,,NOT_REQUESTED,30.0,21.5,64.3
MH_PUNE_557030,Chavhanwadi,Chavhanwadi,Indapur,Pune,18.04632,74.75533,178.13,21.82,-12.0,507.3,40.6,446.4,568.2,3.0,245.9,6.0,10.0,6.0,70.0,4.0,4.0,0.0,20.0,29.5,21.0,-2.53,-6.778733706319456,10.19,6.35,13.91,2.69,16.98,3.66,MODERATE,Horticultural Orchard Microclimate,Manual demo override,MANUAL_OVERRIDE,,2026-09-09,,,,NOT_REQUESTED,29.8,21.3,64.1
MH_PUNE_557107,Shetphal Haveli,Shetphal Haveli,Indapur,Pune,18.02548,74.9791,201.3,44.4,-12.0,513.7,41.1,452.1,575.4,3.0,254.2,6.0,10.0,6.0,70.0,4.0,4.0,0.0,20.0,29.5,21.0,-2.62,-6.039504246764717,10.91,7.1,15.15,3.53,17.42,3.73,MODERATE,Horticultural Orchard Microclimate,Manual demo override,MANUAL_OVERRIDE,,2026-09-09,,,,NOT_REQUESTED,30.0,21.5,64.4
MH_PUNE_557052,Sarafwadi,Sarafwadi,Indapur,Pune,18.03486,74.89354,192.44,35.53,-12.0,518.4,41.5,456.2,580.7,3.0,251.1,6.0,10.0,6.0,70.0,4.0,4.0,0.0,20.0,29.5,21.0,-2.62,-6.330579905115822,10.49,6.53,14.35,2.83,16.86,3.66,MODERATE,Horticultural Orchard Microclimate,Manual demo override,MANUAL_OVERRIDE,,2026-09-09,,,,NOT_REQUESTED,30.0,21.5,64.2
MH_PUNE_557067,Reda,Reda,Indapur,Pune,18.01148,74.93213,196.19,40.28,-12.0,503.0,40.2,442.7,563.3,3.0,252.5,6.0,10.0,6.0,70.0,4.0,4.0,0.0,20.0,29.5,21.0,-2.62,-6.178437152510001,10.72,6.6,14.98,3.11,17.49,3.77,MODERATE,Horticultural Orchard Microclimate,Manual demo override,MANUAL_OVERRIDE,,2026-09-09,,,,NOT_REQUESTED,30.1,21.6,64.3
MH_PUNE_557066,Jadhavwadi,Jadhavwadi,Indapur,Pune,18.01558,74.95227,198.36,42.09,-12.0,523.2,41.9,460.4,586.1,3.0,253.2,6.0,10.0,6.0,70.0,4.0,4.0,0.0,20.0,29.5,21.0,-3.54,-6.117710639014591,9.84,6.15,13.31,2.08,16.72,3.69,MODERATE,Horticultural Orchard Microclimate,Manual demo override,MANUAL_OVERRIDE,,2026-09-09,,,,NOT_REQUESTED,30.0,21.5,63.9
MH_PUNE_557110,Vakilwasti,Vakilwasti,Indapur,Pune,17.99776,75.01005,204.23,48.51,-12.0,482.9,38.6,425.0,540.8,3.0,255.4,6.0,10.0,6.0,70.0,4.0,4.0,0.0,20.0,29.5,21.0,-2.61,-5.916495558346462,10.95,7.34,14.94,3.13,17.91,3.74,MODERATE,Horticultural Orchard Microclimate,Manual demo override,MANUAL_OVERRIDE,,2026-09-09,,,,NOT_REQUESTED,30.2,21.7,64.4
MH_PUNE_557068,Redani,Redani,Indapur,Pune,17.988,74.91757,194.39,39.97,-12.0,501.6,40.1,441.4,561.7,3.0,252.0,6.0,10.0,6.0,70.0,4.0,4.0,0.0,20.0,29.5,21.0,-2.62,-6.194571298115958,10.65,6.93,14.44,2.81,17.22,3.75,MODERATE,Horticultural Orchard Microclimate,Manual demo override,MANUAL_OVERRIDE,,2026-09-09,,,,NOT_REQUESTED,30.1,21.6,64.3
MH_PUNE_557112,Bhodani,Bhodani,Indapur,Pune,17.99816,74.96838,199.85,44.39,-12.0,498.8,39.9,438.9,558.6,3.0,253.8,6.0,10.0,6.0,70.0,4.0,4.0,0.0,20.0,29.5,21.0,-2.62,-6.047811348217062,10.75,6.82,14.3,2.85,17.36,3.65,MODERATE,Horticultural Orchard Microclimate,Manual demo override,MANUAL_OVERRIDE,,2026-09-09,,,,NOT_REQUESTED,30.1,21.6,64.3
MH_PUNE_557113,Lakhewadi,Lakhewadi,Indapur,Pune,17.98138,74.94603,197.32,43.0,-12.0,507.7,40.6,446.8,568.6,3.0,253.0,6.0,10.0,6.0,70.0,4.0,4.0,0.0,20.0,29.5,21.0,-2.62,-6.097331028209305,10.77,7.38,13.95,3.31,17.52,3.61,MODERATE,Horticultural Orchard Microclimate,Manual demo override,MANUAL_OVERRIDE,,2026-09-09,,,,NOT_REQUESTED,30.1,21.6,64.3
MH_PUNE_557123,Tannu,Tannu,Indapur,Pune,17.96918,75.0904,212.42,57.58,-12.0,478.5,38.3,421.0,535.9,3.0,258.3,6.0,10.0,6.0,70.0,4.0,4.0,0.0,20.0,29.5,21.0,-2.61,-5.649607416921291,11.25,7.78,14.82,3.4,17.89,3.78,MODERATE,Horticultural Orchard Microclimate,Manual demo override,MANUAL_OVERRIDE,,2026-09-09,,,,NOT_REQUESTED,30.3,21.8,64.5
MH_PUNE_557070,Boratwadi,Boratwadi,Indapur,Pune,17.95168,74.89143,191.28,39.63,-12.0,495.0,39.6,435.6,554.4,3.0,251.0,6.0,10.0,6.0,70.0,4.0,4.0,0.0,20.0,29.5,21.0,-2.62,-6.213299842541043,10.51,6.86,13.99,2.73,17.17,3.76,MODERATE,Horticultural Orchard Microclimate,Manual demo override,MANUAL_OVERRIDE,,2026-09-09,,,,NOT_REQUESTED,30.2,21.7,64.2
MH_PUNE_557057,Nimsakhar,Nimsakhar,Indapur,Pune,18.02801,74.83735,186.45,30.4,-12.0,510.9,40.9,449.6,572.3,3.0,249.0,6.0,10.0,6.0,70.0,4.0,4.0,0.0,20.0,29.5,21.0,-2.62,-6.504209927441833,10.22,6.45,14.15,2.22,17.34,3.8,MODERATE,Horticultural Orchard Microclimate,Manual demo override,MANUAL_OVERRIDE,,2026-09-09,,,,NOT_REQUESTED,30.1,21.6,64.1
MH_PUNE_557058,Nirwangi,Nirwangi,Indapur,Pune,18.01083,74.8801,190.71,35.3,-12.0,503.3,40.3,442.9,563.8,3.0,250.6,6.0,10.0,6.0,70.0,4.0,4.0,0.0,20.0,29.5,21.0,-2.62,-6.344432403164754,10.54,7.1,14.48,2.59,17.12,3.68,MODERATE,Horticultural Orchard Microclimate,Manual demo override,MANUAL_OVERRIDE,,2026-09-09,,,,NOT_REQUESTED,30.1,21.6,64.2
MH_PUNE_557069,Khorochi,Khorochi,Indapur,Pune,17.96941,74.87346,189.55,36.96,-12.0,496.8,39.7,437.3,556.4,3.0,250.3,6.0,10.0,6.0,70.0,4.0,4.0,0.0,20.0,29.5,21.0,-2.62,-6.297963648689766,10.64,6.84,15.01,2.78,17.61,3.74,MODERATE,Horticultural Orchard Microclimate,Manual demo override,MANUAL_OVERRIDE,,2026-09-09,,,,NOT_REQUESTED,30.1,21.6,64.3
MH_PUNE_557117,Kacharwadi Bawada,Kacharwadi Bawada,Indapur,Pune,17.92865,74.97776,200.22,48.73,-12.0,490.4,39.2,431.6,549.2,3.0,254.2,6.0,10.0,6.0,70.0,4.0,4.0,0.0,20.0,29.5,21.0,-2.61,-5.926995130957749,10.86,6.63,14.45,3.35,17.48,3.67,MODERATE,Horticultural Orchard Microclimate,Manual demo override,MANUAL_OVERRIDE,,2026-09-09,,,,NOT_REQUESTED,30.2,21.7,64.3
MH_PUNE_557118,Sarati,Sarati,Indapur,Pune,17.92357,75.00557,203.12,51.56,-12.0,488.2,39.1,429.6,546.9,3.0,255.2,6.0,10.0,6.0,70.0,4.0,4.0,0.0,20.0,29.5,21.0,-2.61,-5.840926503653314,10.97,7.23,14.45,3.13,17.8,3.67,MODERATE,Horticultural Orchard Microclimate,Manual demo override,MANUAL_OVERRIDE,,2026-09-09,,,,NOT_REQUESTED,30.2,21.7,64.4
MH_PUNE_557056,Kalamb,Kalamb,Indapur,Pune,18.03017,74.78944,181.46,25.84,-12.0,522.0,41.8,459.3,584.7,3.0,247.2,6.0,10.0,6.0,70.0,4.0,4.0,0.0,20.0,29.5,21.0,-3.47,-6.653981547431756,9.38,5.68,13.25,1.92,15.87,3.66,MODERATE,Horticultural Orchard Microclimate,Manual demo override,MANUAL_OVERRIDE,,2026-09-09,,,,NOT_REQUESTED,29.7,21.2,63.8
MH_PUNE_557125,Giravi,Giravi,Indapur,Pune,17.95195,75.1072,214.05,59.93,-12.0,490.2,39.2,431.4,549.0,3.0,259.0,6.0,10.0,6.0,70.0,4.0,4.0,0.0,20.0,29.5,21.0,-2.61,-5.586945036017795,11.24,7.2,14.97,3.63,18.22,3.8,MODERATE,Horticultural Orchard Microclimate,Manual demo override,MANUAL_OVERRIDE,,2026-09-09,,,,NOT_REQUESTED,30.2,21.7,64.5
MH_PUNE_557111,Bawada,Bawada,Indapur,Pune,17.97071,74.99449,202.32,48.14,-12.0,481.1,38.5,423.3,538.8,3.0,254.8,6.0,10.0,6.0,70.0,4.0,4.0,0.0,20.0,29.5,21.0,-2.61,-5.9356578218864,10.9,6.74,14.9,2.81,17.64,3.81,MODERATE,Horticultural Orchard Microclimate,Manual demo override,MANUAL_OVERRIDE,,2026-09-09,,,,NOT_REQUESTED,30.2,21.7,64.4
MH_PUNE_557114,Chakati,Chakati,Indapur,Pune,17.95678,74.92483,194.85,42.32,-12.0,498.4,39.9,438.6,558.3,3.0,252.2,6.0,10.0,6.0,70.0,4.0,4.0,0.0,20.0,29.5,21.0,-2.62,-6.124940949039665,10.53,6.89,14.42,3.43,17.16,3.53,MODERATE,Horticultural Orchard Microclimate,Manual demo override,MANUAL_OVERRIDE,,2026-09-09,,,,NOT_REQUESTED,30.1,21.6,64.2
MH_PUNE_557116,Nirnimgaon,Nirnimgaon,Indapur,Pune,17.93567,74.9578,198.16,46.51,-12.0,495.4,39.6,436.0,554.8,3.0,253.4,6.0,10.0,6.0,70.0,4.0,4.0,0.0,20.0,29.5,21.0,-2.62,-5.994928375038454,10.85,6.77,14.77,2.91,17.66,3.75,MODERATE,Horticultural Orchard Microclimate,Manual demo override,MANUAL_OVERRIDE,,2026-09-09,,,,NOT_REQUESTED,30.2,21.7,64.3
MH_PUNE_557121,Ganeshwadi,Ganeshwadi,Indapur,Pune,17.94365,75.03311,206.17,53.12,-12.0,479.7,38.4,422.1,537.3,3.0,256.2,6.0,10.0,6.0,70.0,4.0,4.0,0.0,20.0,29.5,21.0,-2.61,-5.789194319579799,11.09,7.18,15.24,3.72,17.92,3.77,MODERATE,Horticultural Orchard Microclimate,Manual demo override,MANUAL_OVERRIDE,,2026-09-09,,,,NOT_REQUESTED,30.3,21.8,64.4
MH_PUNE_557120,Gondi,Gondi,Indapur,Pune,17.92771,75.0452,207.33,55.05,-12.0,472.8,37.8,416.1,529.5,3.0,256.7,6.0,10.0,6.0,70.0,4.0,4.0,0.0,20.0,29.5,21.0,-2.62,-5.735303677701325,11.03,7.02,14.52,3.59,17.57,3.68,MODERATE,Horticultural Orchard Microclimate,Manual demo override,MANUAL_OVERRIDE,,2026-09-09,,,,NOT_REQUESTED,30.3,21.8,64.4
MH_PUNE_557119,Lumewadi,Lumewadi,Indapur,Pune,17.91148,75.03151,205.79,54.61,-12.0,489.2,39.1,430.5,547.8,3.0,256.2,6.0,10.0,6.0,70.0,4.0,4.0,0.0,20.0,29.5,21.0,-2.61,-5.75177501672709,11.05,7.02,15.26,3.11,17.67,3.8,MODERATE,Horticultural Orchard Microclimate,Manual demo override,MANUAL_OVERRIDE,,2026-09-09,,,,NOT_REQUESTED,30.2,21.7,64.4
MH_PUNE_557108,Surwad,Surwad,Indapur,Pune,18.00926,75.01571,204.95,48.64,-12.0,501.5,40.1,441.4,561.7,3.0,255.6,6.0,10.0,6.0,70.0,4.0,4.0,0.0,20.0,29.5,21.0,-2.62,-5.908787731837069,10.96,7.36,15.37,3.18,17.57,3.72,MODERATE,Horticultural Orchard Microclimate,Manual demo override,MANUAL_OVERRIDE,,2026-09-09,,,,NOT_REQUESTED,30.1,21.6,64.4
MH_PUNE_557037,Chikhali,Chikhali,Indapur,Pune,18.031,74.749,177.23,22.23,-12.0,502.1,40.2,441.8,562.4,3.0,245.7,6.0,10.0,6.0,70.0,4.0,4.0,0.0,20.0,29.5,21.0,-2.53,-6.768652263732585,10.09,6.49,14.48,1.98,16.61,3.76,MODERATE,Horticultural Orchard Microclimate,Manual demo override,MANUAL_OVERRIDE,,2026-09-09,,,,NOT_REQUESTED,29.8,21.3,64.0
MH_PUNE_557124,Narsingpur,Narsingpur,Indapur,Pune,17.98428,75.11724,215.38,59.71,-12.0,482.6,38.6,424.7,540.5,3.0,259.3,6.0,10.0,6.0,70.0,4.0,4.0,0.0,20.0,29.5,21.0,-2.61,-5.583456821701941,11.23,7.67,15.64,3.45,18.11,3.77,MODERATE,Horticultural Orchard Microclimate,Manual demo override,MANUAL_OVERRIDE,,2026-09-09,,,,NOT_REQUESTED,30.2,21.7,64.5
MH_PUNE_557106,Bhat Nimgaon,Bhat Nimgaon,Indapur,Pune,18.04339,75.06653,210.71,52.77,-12.0,483.3,38.7,425.3,541.4,3.0,257.5,6.0,10.0,6.0,70.0,4.0,4.0,0.0,20.0,29.5,21.0,-2.61,-5.768777379625126,10.98,6.94,14.64,3.27,17.61,3.71,MODERATE,Horticultural Orchard Microclimate,Manual demo override,MANUAL_OVERRIDE,,2026-09-09,,,,NOT_REQUESTED,30.2,21.7,64.4
MH_PUNE_557105,Awasari,Awasari,Indapur,Pune,18.04515,75.03805,207.75,49.8,-12.0,486.1,38.9,427.7,544.4,3.0,256.4,6.0,10.0,6.0,70.0,4.0,4.0,0.0,20.0,29.5,21.0,-2.61,-5.860436118136315,11.03,7.31,14.86,3.25,17.57,3.65,MODERATE,Horticultural Orchard Microclimate,Manual demo override,MANUAL_OVERRIDE,,2026-09-09,,,,NOT_REQUESTED,30.2,21.7,64.4
MH_PUNE_557109,Bhandgaon,Bhandgaon,Indapur,Pune,18.01834,75.02855,206.41,49.62,-12.0,489.3,39.1,430.6,547.9,3.0,256.1,6.0,10.0,6.0,70.0,4.0,4.0,0.0,20.0,29.5,21.0,-2.61,-5.875137429752117,10.97,7.17,14.91,3.21,17.26,3.61,MODERATE,Horticultural Orchard Microclimate,Manual demo override,MANUAL_OVERRIDE,,2026-09-09,,,,NOT_REQUESTED,30.2,21.7,64.4
MH_PUNE_557122,Pimpri Bk,Pimpri Bk,Indapur,Pune,17.94692,75.06845,209.92,56.36,-12.0,494.3,39.5,435.1,553.6,3.0,257.5,6.0,10.0,6.0,70.0,4.0,4.0,0.0,20.0,29.5,21.0,-2.62,-5.691646066628915,11.08,7.42,15.0,3.06,17.71,3.66,MODERATE,Horticultural Orchard Microclimate,Manual demo override,MANUAL_OVERRIDE,,2026-09-09,,,,NOT_REQUESTED,30.2,21.7,64.4
MH_PUNE_557126,Ozare,Ozare,Indapur,Pune,17.925,75.07621,210.59,58.12,-12.0,480.4,38.4,422.8,538.0,3.0,257.8,6.0,10.0,6.0,70.0,4.0,4.0,0.0,20.0,29.5,21.0,-2.61,-5.645914063069664,11.23,7.63,15.18,3.56,17.9,3.72,MODERATE,Horticultural Orchard Microclimate,Manual demo override,MANUAL_OVERRIDE,,2026-09-09,,,,NOT_REQUESTED,30.3,21.8,64.5
MH_PUNE_557047,Bharnewadi,Bharnewadi,Indapur,Pune,18.09383,74.81394,185.07,25.5,-12.0,529.0,42.3,465.5,592.4,3.0,248.1,6.0,10.0,6.0,70.0,4.0,4.0,0.0,20.0,29.5,21.0,-3.47,-6.651076048386278,9.31,5.68,12.81,1.52,16.05,3.72,MODERATE,Horticultural Orchard Microclimate,Manual demo override,MANUAL_OVERRIDE,,2026-09-09,,,,NOT_REQUESTED,29.6,21.1,63.7
MH_PUNE_557055,Ranmodwadi,Ranmodwadi,Indapur,Pune,18.05645,74.80198,183.18,25.66,-12.0,513.1,41.0,451.6,574.6,3.0,247.7,6.0,10.0,6.0,70.0,4.0,4.0,0.0,20.0,29.5,21.0,-2.53,-6.654335335238597,10.29,6.21,14.57,3.14,16.59,3.51,MODERATE,Horticultural Orchard Microclimate,Manual demo override,MANUAL_OVERRIDE,,2026-09-09,,,,NOT_REQUESTED,29.8,21.3,64.1
MH_PUNE_557021,Jankshan,Jankshan,Indapur,Pune,18.10732,74.78081,181.88,21.74,-12.0,541.2,43.3,476.2,606.1,3.0,246.9,6.0,10.0,6.0,70.0,4.0,4.0,0.0,20.0,29.5,21.0,-3.47,-6.769230650132727,9.11,4.92,12.94,1.56,15.87,3.76,MODERATE,Horticultural Orchard Microclimate,Manual demo override,MANUAL_OVERRIDE,,2026-09-09,,,,NOT_REQUESTED,29.6,21.1,63.6
MH_PUNE_557029,Thoratwadi,Thoratwadi,Indapur,Pune,18.07146,74.76805,179.88,21.71,-12.0,524.6,42.0,461.6,587.6,3.0,246.4,6.0,10.0,6.0,70.0,4.0,4.0,0.0,20.0,29.5,21.0,-3.47,-6.777703810480868,9.23,5.64,13.2,1.38,15.77,3.73,MODERATE,Horticultural Orchard Microclimate,Manual demo override,MANUAL_OVERRIDE,,2026-09-09,,,,NOT_REQUESTED,29.7,21.2,63.7
MH_PUNE_557046,Shelgaon,Shelgaon,Indapur,Pune,18.11395,74.84435,188.62,28.22,-12.0,538.1,43.1,473.5,602.8,3.0,249.2,6.0,10.0,6.0,70.0,4.0,4.0,0.0,20.0,29.5,21.0,-3.47,-6.554939169537149,9.51,5.71,13.98,1.82,16.86,3.78,MODERATE,Horticultural Orchard Microclimate,Manual demo override,MANUAL_OVERRIDE,,2026-09-09,,,,NOT_REQUESTED,29.6,21.1,63.8
MH_PUNE_556983,Jalochi,Jalochi,Haveli,Pune,18.16215,74.59915,164.34,2.43,-12.0,551.9,44.2,485.6,618.2,3.0,240.2,12.0,14.0,8.0,48.0,14.0,4.0,0.0,20.0,29.5,21.0,-6.56,-7.194221426392754,5.94,2.21,9.76,0.0,12.85,3.44,MODERATE,Riparian Godavari River Valley,Manual demo override,MANUAL_OVERRIDE,,2026-09-09,,,,NOT_REQUESTED,29.4,20.9,62.4
MH_PUNE_557049,Kadbanwadi,Kadbanwadi,Indapur,Pune,18.07672,74.84422,187.93,29.09,-12.0,524.8,42.0,461.8,587.8,3.0,249.2,6.0,10.0,6.0,70.0,4.0,4.0,0.0,20.0,29.5,21.0,-3.47,-6.5360137955220905,9.38,5.69,13.01,1.94,16.02,3.64,MODERATE,Horticultural Orchard Microclimate,Manual demo override,MANUAL_OVERRIDE,,2026-09-09,,,,NOT_REQUESTED,29.7,21.2,63.8
MH_PUNE_557054,Sirsatwadi,Sirsatwadi,Indapur,Pune,18.06688,74.82957,186.23,27.95,-12.0,519.1,41.5,456.8,581.3,3.0,248.7,6.0,10.0,6.0,70.0,4.0,4.0,0.0,20.0,29.5,21.0,-2.53,-6.576605786646316,10.4,6.52,13.78,3.44,17.01,3.62,MODERATE,Horticultural Orchard Microclimate,Manual demo override,MANUAL_OVERRIDE,,2026-09-09,,,,NOT_REQUESTED,29.7,21.2,64.2
MH_PUNE_557045,Birgundwadi,Birgundwadi,Indapur,Pune,18.15894,74.77846,182.74,20.99,-12.0,582.4,46.6,512.5,652.3,3.0,246.8,6.0,10.0,6.0,70.0,4.0,4.0,0.0,20.0,29.5,21.0,-6.56,-6.7819140350594465,6.26,2.05,10.35,0.0,12.94,3.46,MODERATE,Horticultural Orchard Microclimate,Manual demo override,MANUAL_OVERRIDE,,2026-09-09,,,,NOT_REQUESTED,29.2,20.7,62.5
MH_PUNE_557048,Anthurne,Anthurne,Indapur,Pune,18.0993,74.80379,184.12,24.31,-12.0,537.5,43.0,473.0,602.0,3.0,247.7,6.0,10.0,6.0,70.0,4.0,4.0,0.0,20.0,29.5,21.0,-3.47,-6.6886334473673115,9.33,5.18,13.07,1.95,15.99,3.71,MODERATE,Horticultural Orchard Microclimate,Manual demo override,MANUAL_OVERRIDE,,2026-09-09,,,,NOT_REQUESTED,29.6,21.1,63.7
MH_PUNE_557016,Bori,Bori,Indapur,Pune,18.13199,74.7529,179.49,18.38,-12.0,554.1,44.3,487.7,620.6,3.0,245.9,6.0,10.0,6.0,70.0,4.0,4.0,0.0,20.0,29.5,21.0,-6.56,-6.867870110309304,6.24,2.47,9.47,0.0,12.62,3.43,MODERATE,Horticultural Orchard Microclimate,Manual demo override,MANUAL_OVERRIDE,,2026-09-09,,,,NOT_REQUESTED,29.4,20.9,62.5
MH_PUNE_557059,Kauthali,Kauthali,Indapur,Pune,18.14939,74.9236,197.57,36.31,-12.0,530.3,42.4,466.7,593.9,3.0,252.2,6.0,10.0,6.0,70.0,4.0,4.0,0.0,20.0,29.5,21.0,-3.54,-6.265810653148234,9.77,5.96,13.64,1.87,16.62,3.73,MODERATE,Horticultural Orchard Microclimate,Manual demo override,MANUAL_OVERRIDE,,2026-09-09,,,,NOT_REQUESTED,29.9,21.4,63.9
MH_PUNE_557091,Pondkulwadi,Pondkulwadi,Indapur,Pune,18.12795,74.95955,200.88,40.18,-12.0,521.5,41.7,458.9,584.0,3.0,253.5,6.0,10.0,6.0,70.0,4.0,4.0,0.0,20.0,29.5,21.0,-2.61,-6.1423405358369365,10.71,7.08,14.19,3.06,17.78,3.69,MODERATE,Horticultural Orchard Microclimate,Manual demo override,MANUAL_OVERRIDE,,2026-09-09,,,,NOT_REQUESTED,30.0,21.5,64.3
MH_PUNE_557044,Thoratwadi,Thoratwadi,Indapur,Pune,18.16396,74.86971,192.29,30.65,-12.0,551.2,44.1,485.0,617.3,3.0,250.2,6.0,10.0,6.0,70.0,4.0,4.0,0.0,20.0,29.5,21.0,-6.56,-6.455777722335682,6.54,2.73,10.0,0.0,13.29,3.45,MODERATE,Horticultural Orchard Microclimate,Manual demo override,MANUAL_OVERRIDE,,2026-09-09,,,,NOT_REQUESTED,29.7,21.2,62.6
MH_PUNE_557088,Bijwadi,Bijwadi,Indapur,Pune,18.15066,74.96143,201.52,40.3,-12.0,515.9,41.3,454.0,577.9,3.0,253.6,6.0,10.0,6.0,70.0,4.0,4.0,0.0,20.0,29.5,21.0,-2.62,-6.128751822299887,10.62,6.73,14.49,3.11,17.43,3.74,MODERATE,Horticultural Orchard Microclimate,Manual demo override,MANUAL_OVERRIDE,,2026-09-09,,,,NOT_REQUESTED,30.0,21.5,64.2
MH_PUNE_557011,Karewadi,Karewadi,Indapur,Pune,18.14382,74.94118,199.28,38.17,-12.0,521.1,41.7,458.5,583.6,3.0,252.8,6.0,10.0,6.0,70.0,4.0,4.0,0.0,20.0,29.5,21.0,-2.61,-6.204180374347153,10.72,6.3,14.79,2.92,17.37,3.78,MODERATE,Horticultural Orchard Microclimate,Manual demo override,MANUAL_OVERRIDE,,2026-09-09,,,,NOT_REQUESTED,30.0,21.5,64.3
MH_PUNE_557060,Vyahali,Vyahali,Indapur,Pune,18.12936,74.89263,193.94,33.11,-12.0,574.0,45.9,505.1,642.8,3.0,251.0,6.0,10.0,6.0,70.0,4.0,4.0,0.0,20.0,29.5,21.0,-6.56,-6.383035766381109,6.59,2.3,10.22,0.0,13.56,3.62,MODERATE,Horticultural Orchard Microclimate,Manual demo override,MANUAL_OVERRIDE,,2026-09-09,,,,NOT_REQUESTED,29.6,21.1,62.6
MH_PUNE_557050,Hangarwadi,Hangarwadi,Indapur,Pune,18.08695,74.86886,190.68,31.32,-12.0,547.1,43.8,481.4,612.8,3.0,250.1,6.0,10.0,6.0,70.0,4.0,4.0,0.0,20.0,29.5,21.0,-6.56,-6.457817245435706,6.42,2.11,11.02,0.0,13.3,3.52,MODERATE,Horticultural Orchard Microclimate,Manual demo override,MANUAL_OVERRIDE,,2026-09-09,,,,NOT_REQUESTED,29.8,21.3,62.6
MH_PUNE_557062,Gotandi,Gotandi,Indapur,Pune,18.07058,74.88307,191.89,33.23,-12.0,533.5,42.7,469.5,597.6,3.0,250.7,6.0,10.0,6.0,70.0,4.0,4.0,0.0,20.0,29.5,21.0,-3.54,-6.398124559482755,9.58,6.14,13.51,2.1,15.93,3.64,MODERATE,Horticultural Orchard Microclimate,Manual demo override,MANUAL_OVERRIDE,,2026-09-09,,,,NOT_REQUESTED,29.9,21.4,63.8
MH_PUNE_557063,Nimgaon Ketki,Nimgaon Ketki,Indapur,Pune,18.09992,74.9314,197.43,37.55,-12.0,549.9,44.0,483.9,615.9,3.0,252.5,6.0,10.0,6.0,70.0,4.0,4.0,0.0,20.0,29.5,21.0,-6.56,-6.241990102197308,6.73,2.85,10.29,0.0,13.91,3.56,MODERATE,Horticultural Orchard Microclimate,Manual demo override,MANUAL_OVERRIDE,,2026-09-09,,,,NOT_REQUESTED,29.7,21.2,62.7
MH_PUNE_557064,Varkute Kh,Varkute Kh,Indapur,Pune,18.06288,74.94923,198.69,40.21,-12.0,537.2,43.0,472.7,601.7,3.0,253.1,6.0,10.0,6.0,70.0,4.0,4.0,0.0,20.0,29.5,21.0,-3.54,-6.165385890822105,9.74,6.0,13.22,2.0,16.07,3.68,MODERATE,Horticultural Orchard Microclimate,Manual demo override,MANUAL_OVERRIDE,,2026-09-09,,,,NOT_REQUESTED,29.8,21.3,63.9
MH_PUNE_557061,Kacharewadi,Kacharewadi,Indapur,Pune,18.09908,74.90815,194.99,35.14,-12.0,543.2,43.5,477.9,608.4,3.0,251.6,6.0,10.0,6.0,70.0,4.0,4.0,0.0,20.0,29.5,21.0,-3.54,-6.324259709527971,9.51,5.64,12.99,1.96,16.24,3.68,MODERATE,Horticultural Orchard Microclimate,Manual demo override,MANUAL_OVERRIDE,,2026-09-09,,,,NOT_REQUESTED,29.8,21.3,63.8
MH_PUNE_556992,Bandgarwadi,Bandgarwadi,Indapur,Pune,18.26635,74.76584,184.31,23.51,-12.0,497.8,39.8,438.1,557.5,3.0,246.3,6.0,10.0,6.0,70.0,4.0,4.0,0.0,20.0,29.5,21.0,-2.53,-6.666129691399764,10.36,6.72,14.41,2.99,17.11,3.7,MODERATE,Horticultural Orchard Microclimate,Manual demo override,MANUAL_OVERRIDE,,2026-09-09,,,,NOT_REQUESTED,29.9,21.4,64.1
MH_PUNE_556993,Pondwadi,Pondwadi,Indapur,Pune,18.24963,74.74796,181.99,20.92,-12.0,527.5,42.2,464.2,590.8,3.0,245.7,6.0,10.0,6.0,70.0,4.0,4.0,0.0,20.0,29.5,21.0,-3.47,-6.761548779635048,9.25,5.5,13.14,1.55,16.06,3.72,MODERATE,Horticultural Orchard Microclimate,Manual demo override,MANUAL_OVERRIDE,,2026-09-09,,,,NOT_REQUESTED,29.7,21.2,63.7
MH_PUNE_557007,Bhawadi,Bhawadi,Indapur,Pune,18.2321,74.93905,201.07,39.01,-12.0,536.5,42.9,472.1,600.8,3.0,252.7,6.0,10.0,6.0,70.0,4.0,4.0,0.0,20.0,29.5,21.0,-3.54,-6.133543949005744,9.66,5.74,13.5,2.24,16.54,3.75,MODERATE,Horticultural Orchard Microclimate,Manual demo override,MANUAL_OVERRIDE,,2026-09-09,,,,NOT_REQUESTED,29.9,21.4,63.9
MH_PUNE_556998,Akole,Akole,Indapur,Pune,18.2115,74.75246,181.38,19.46,-12.0,547.1,43.8,481.4,612.8,3.0,245.8,6.0,10.0,6.0,70.0,4.0,4.0,0.0,20.0,29.5,21.0,-6.56,-6.819425300303758,6.37,2.5,10.26,0.0,12.83,3.47,MODERATE,Horticultural Orchard Microclimate,Manual demo override,MANUAL_OVERRIDE,,2026-09-09,,,,NOT_REQUESTED,29.5,21.0,62.5
MH_PUNE_556999,Bhadalwadi,Bhadalwadi,Indapur,Pune,18.24189,74.77914,184.95,23.39,-12.0,517.7,41.4,455.6,579.8,3.0,246.8,6.0,10.0,6.0,70.0,4.0,4.0,0.0,20.0,29.5,21.0,-2.53,-6.679855965619381,10.16,6.21,13.89,2.63,16.91,3.65,MODERATE,Horticultural Orchard Microclimate,Manual demo override,MANUAL_OVERRIDE,,2026-09-09,,,,NOT_REQUESTED,29.7,21.2,64.1
MH_PUNE_557010,Balpudi,Balpudi,Indapur,Pune,18.17565,74.93894,199.72,38.03,-12.0,527.8,42.2,464.5,591.1,3.0,252.7,6.0,10.0,6.0,70.0,4.0,4.0,0.0,20.0,29.5,21.0,-3.54,-6.195349573543824,9.8,6.38,13.44,2.19,16.47,3.67,MODERATE,Horticultural Orchard Microclimate,Manual demo override,MANUAL_OVERRIDE,,2026-09-09,,,,NOT_REQUESTED,29.9,21.4,63.9
MH_PUNE_557002,Dalaj No 3,Dalaj No 3,Indapur,Pune,18.23918,74.83344,190.42,28.55,-12.0,492.5,39.4,433.4,551.6,3.0,248.8,6.0,10.0,6.0,70.0,4.0,4.0,0.0,20.0,29.5,21.0,-2.53,-6.4996793084762805,10.43,6.66,14.27,2.92,16.94,3.61,MODERATE,Horticultural Orchard Microclimate,Manual demo override,MANUAL_OVERRIDE,,2026-09-09,,,,NOT_REQUESTED,29.9,21.4,64.2
MH_PUNE_557001,Dalaj No 2,Dalaj No 2,Indapur,Pune,18.23429,74.82108,189.02,27.14,-12.0,499.0,39.9,439.1,558.8,3.0,248.4,6.0,10.0,6.0,70.0,4.0,4.0,0.0,20.0,29.5,21.0,-2.53,-6.551738871479802,10.4,7.01,14.12,2.69,17.01,3.66,MODERATE,Horticultural Orchard Microclimate,Manual demo override,MANUAL_OVERRIDE,,2026-09-09,,,,NOT_REQUESTED,29.8,21.3,64.2
MH_PUNE_557009,Warkute Bk,Warkute Bk,Indapur,Pune,18.19979,74.96223,202.68,40.76,-12.0,531.1,42.5,467.3,594.8,3.0,253.6,6.0,10.0,6.0,70.0,4.0,4.0,0.0,20.0,29.5,21.0,-3.54,-6.090320683929015,9.69,5.36,13.33,1.99,16.6,3.77,MODERATE,Horticultural Orchard Microclimate,Manual demo override,MANUAL_OVERRIDE,,2026-09-09,,,,NOT_REQUESTED,29.9,21.4,63.9
MH_PUNE_557038,Pilewadi,Pilewadi,Indapur,Pune,18.22147,74.79587,186.1,24.15,-12.0,553.1,44.2,486.8,619.4,3.0,247.4,6.0,10.0,6.0,70.0,4.0,4.0,0.0,20.0,29.5,21.0,-6.56,-6.6605305757616,6.31,2.58,10.19,0.0,13.05,3.45,MODERATE,Horticultural Orchard Microclimate,Manual demo override,MANUAL_OVERRIDE,,2026-09-09,,,,NOT_REQUESTED,29.4,20.9,62.5
MH_PUNE_557008,Loni,Loni,Indapur,Pune,18.19975,74.92182,198.5,36.53,-12.0,533.3,42.7,469.3,597.4,3.0,252.1,6.0,10.0,6.0,70.0,4.0,4.0,0.0,20.0,29.5,21.0,-3.54,-6.23612976264802,9.73,6.26,13.84,1.88,16.71,3.82,MODERATE,Horticultural Orchard Microclimate,Manual demo override,MANUAL_OVERRIDE,,2026-09-09,,,,NOT_REQUESTED,29.9,21.4,63.9
MH_PUNE_557004,Bandewadi,Bandewadi,Indapur,Pune,18.21216,74.89212,195.74,33.69,-12.0,538.9,43.1,474.3,603.6,3.0,251.0,6.0,10.0,6.0,70.0,4.0,4.0,0.0,20.0,29.5,21.0,-3.54,-6.32991874084723,9.66,5.82,13.62,1.9,16.17,3.63,MODERATE,Horticultural Orchard Microclimate,Manual demo override,MANUAL_OVERRIDE,,2026-09-09,,,,NOT_REQUESTED,29.8,21.3,63.9
MH_PUNE_557040,Nhavi,Nhavi,Indapur,Pune,18.17575,74.89546,195.22,33.45,-12.0,553.4,44.3,486.9,619.8,3.0,251.1,6.0,10.0,6.0,70.0,4.0,4.0,0.0,20.0,29.5,21.0,-6.56,-6.353919827522114,6.7,3.19,10.64,0.0,12.8,3.43,MODERATE,Horticultural Orchard Microclimate,Manual demo override,MANUAL_OVERRIDE,,2026-09-09,,,,NOT_REQUESTED,29.7,21.2,62.7
MH_PUNE_557042,Gosaviwadi,Gosaviwadi,Indapur,Pune,18.19113,74.82887,188.71,26.69,-12.0,553.2,44.3,486.7,619.6,3.0,248.7,6.0,10.0,6.0,70.0,4.0,4.0,0.0,20.0,29.5,21.0,-6.56,-6.5832880958676405,6.47,2.83,10.02,0.0,13.0,3.41,MODERATE,Horticultural Orchard Microclimate,Manual demo override,MANUAL_OVERRIDE,,2026-09-09,,,,NOT_REQUESTED,29.4,20.9,62.6
MH_PUNE_557043,Kalas,Kalas,Indapur,Pune,18.18343,74.8011,185.66,23.65,-12.0,558.6,44.7,491.5,625.6,3.0,247.6,6.0,10.0,6.0,70.0,4.0,4.0,0.0,20.0,29.5,21.0,-6.56,-6.688836086618118,6.32,2.01,10.14,0.0,12.74,3.36,MODERATE,Horticultural Orchard Microclimate,Manual demo override,MANUAL_OVERRIDE,,2026-09-09,,,,NOT_REQUESTED,29.4,20.9,62.5
MH_PUNE_557039,Maradwadi,Maradwadi,Indapur,Pune,18.20221,74.85997,192.19,30.14,-12.0,506.2,40.5,445.4,566.9,3.0,249.8,6.0,10.0,6.0,70.0,4.0,4.0,0.0,20.0,29.5,21.0,-2.62,-6.458966900612285,10.47,6.7,13.92,2.93,17.7,3.67,MODERATE,Horticultural Orchard Microclimate,Manual demo override,MANUAL_OVERRIDE,,2026-09-09,,,,NOT_REQUESTED,30.1,21.6,64.2
MH_PUNE_557041,Rui,Rui,Indapur,Pune,18.18175,74.85132,190.8,28.88,-12.0,523.2,41.9,460.3,586.0,3.0,249.5,6.0,10.0,6.0,70.0,4.0,4.0,0.0,20.0,29.5,21.0,-3.47,-6.510648059674339,9.51,5.75,13.17,2.34,16.54,3.68,MODERATE,Horticultural Orchard Microclimate,Manual demo override,MANUAL_OVERRIDE,,2026-09-09,,,,NOT_REQUESTED,29.7,21.2,63.8
MH_PUNE_557071,Chandgaon,Chandgaon,Indapur,Pune,18.25305,74.94509,202.24,40.23,-12.0,523.8,41.9,460.9,586.6,3.0,253.0,6.0,10.0,6.0,70.0,4.0,4.0,0.0,20.0,29.5,21.0,-3.54,-6.0793264207810385,9.82,6.03,13.66,2.47,16.64,3.63,MODERATE,Horticultural Orchard Microclimate,Manual demo override,MANUAL_OVERRIDE,,2026-09-09,,,,NOT_REQUESTED,30.0,21.5,63.9
MH_PUNE_557072,Agoti No 1,Agoti No 1,Indapur,Pune,18.23409,74.96617,203.91,41.85,-12.0,502.5,40.2,442.2,562.8,3.0,253.7,6.0,10.0,6.0,70.0,4.0,4.0,0.0,20.0,29.5,21.0,-2.62,-6.034673026096049,10.7,7.12,14.45,3.17,17.23,3.68,MODERATE,Horticultural Orchard Microclimate,Manual demo override,MANUAL_OVERRIDE,,2026-09-09,,,,NOT_REQUESTED,30.1,21.6,64.3
MH_PUNE_556991,Kumbhargaon,Kumbhargaon,Indapur,Pune,18.27761,74.78473,186.57,25.86,-12.0,493.3,39.5,434.0,552.5,3.0,247.0,6.0,10.0,6.0,70.0,4.0,4.0,0.0,20.0,29.5,21.0,-2.53,-6.57744752115396,10.3,6.74,13.88,2.6,16.83,3.66,MODERATE,Horticultural Orchard Microclimate,Manual demo override,MANUAL_OVERRIDE,,2026-09-09,,,,NOT_REQUESTED,29.9,21.4,64.1
MH_PUNE_557006,Malewadi,Malewadi,Indapur,Pune,18.23388,74.91442,198.59,36.54,-12.0,526.2,42.1,463.0,589.3,3.0,251.8,6.0,10.0,6.0,70.0,4.0,4.0,0.0,20.0,29.5,21.0,-3.54,-6.21901859173964,9.74,6.26,13.87,1.89,16.25,3.7,MODERATE,Horticultural Orchard Microclimate,Manual demo override,MANUAL_OVERRIDE,,2026-09-09,,,,NOT_REQUESTED,30.0,21.5,63.9
MH_PUNE_557005,Palasdeo,Palasdeo,Indapur,Pune,18.24119,74.8949,196.77,34.78,-12.0,501.4,40.1,441.3,561.6,3.0,251.1,6.0,10.0,6.0,70.0,4.0,4.0,0.0,20.0,29.5,21.0,-2.62,-6.2773280282852255,10.56,6.7,14.33,2.94,17.18,3.77,MODERATE,Horticultural Orchard Microclimate,Manual demo override,MANUAL_OVERRIDE,,2026-09-09,,,,NOT_REQUESTED,30.1,21.6,64.2
MH_PUNE_557003,Kalewadi,Kalewadi,Indapur,Pune,18.22746,74.86161,193.0,30.97,-12.0,505.4,40.4,444.8,566.0,3.0,249.9,6.0,10.0,6.0,70.0,4.0,4.0,0.0,20.0,29.5,21.0,-2.62,-6.419008943586173,10.37,6.37,14.13,2.42,17.46,3.83,MODERATE,Horticultural Orchard Microclimate,Manual demo override,MANUAL_OVERRIDE,,2026-09-09,,,,NOT_REQUESTED,30.1,21.6,64.1
MH_PUNE_557089,Rajwadi,Rajwadi,Indapur,Pune,18.15167,74.97894,203.36,42.15,-12.0,513.0,41.0,451.5,574.5,3.0,254.2,6.0,10.0,6.0,70.0,4.0,4.0,0.0,20.0,29.5,21.0,-2.62,-6.065907758325183,10.69,7.46,14.73,2.77,17.27,3.65,MODERATE,Horticultural Orchard Microclimate,Manual demo override,MANUAL_OVERRIDE,,2026-09-09,,,,NOT_REQUESTED,30.0,21.5,64.3
MH_PUNE_251537,Indapur,Indapur,Haveli,Pune,18.12166,75.02348,207.42,46.97,-12.0,528.4,42.3,464.9,591.8,3.0,255.9,12.0,14.0,8.0,48.0,14.0,4.0,0.0,20.0,29.5,21.0,-3.54,-5.920317068804248,10.05,6.32,13.87,1.97,16.71,3.72,MODERATE,Rain-Shadow Plateau Topography,Manual demo override,MANUAL_OVERRIDE,,2026-09-09,,,,NOT_REQUESTED,30.5,22.0,64.0
MH_PUNE_557082,Pimpri Kh,Pimpri Kh,Indapur,Pune,18.15695,75.05913,211.8,50.63,-12.0,492.5,39.4,433.4,551.6,3.0,257.2,6.0,10.0,6.0,70.0,4.0,4.0,0.0,20.0,29.5,21.0,-2.62,-5.786894996865978,11.02,7.59,14.83,3.22,17.93,3.74,MODERATE,Horticultural Orchard Microclimate,Manual demo override,MANUAL_OVERRIDE,,2026-09-09,,,,NOT_REQUESTED,30.2,21.7,64.4
MH_PUNE_557086,Kalthan No 2,Kalthan No 2,Indapur,Pune,18.17069,75.00889,206.86,45.37,-12.0,498.6,39.9,438.7,558.4,3.0,255.3,6.0,10.0,6.0,70.0,4.0,4.0,0.0,20.0,29.5,21.0,-2.62,-5.949881445937194,10.83,6.73,14.66,3.31,17.48,3.7,MODERATE,Horticultural Orchard Microclimate,Manual demo override,MANUAL_OVERRIDE,,2026-09-09,,,,NOT_REQUESTED,30.1,21.6,64.3
MH_PUNE_557087,Gagargaon,Gagargaon,Indapur,Pune,18.16964,74.97186,203.0,41.46,-12.0,504.0,40.3,443.5,564.4,3.0,254.0,6.0,10.0,6.0,70.0,4.0,4.0,0.0,20.0,29.5,21.0,-2.62,-6.081081065900353,10.76,7.14,14.27,3.07,17.36,3.58,MODERATE,Horticultural Orchard Microclimate,Manual demo override,MANUAL_OVERRIDE,,2026-09-09,,,,NOT_REQUESTED,30.1,21.6,64.3
MH_PUNE_557090,Vangali,Vangali,Indapur,Pune,18.14954,74.9943,204.91,43.78,-12.0,517.3,41.4,455.2,579.4,3.0,254.8,6.0,10.0,6.0,70.0,4.0,4.0,0.0,20.0,29.5,21.0,-2.62,-6.0126770986801725,10.8,6.8,14.21,3.25,17.55,3.58,MODERATE,Horticultural Orchard Microclimate,Manual demo override,MANUAL_OVERRIDE,,2026-09-09,,,,NOT_REQUESTED,30.0,21.5,64.3
MH_PUNE_557085,Narutwadi,Narutwadi,Indapur,Pune,18.15452,75.01086,206.74,45.53,-12.0,513.9,41.1,452.2,575.5,3.0,255.4,6.0,10.0,6.0,70.0,4.0,4.0,0.0,20.0,29.5,21.0,-2.62,-5.952510757274869,10.87,7.59,14.44,3.58,17.63,3.5,MODERATE,Horticultural Orchard Microclimate,Manual demo override,MANUAL_OVERRIDE,,2026-09-09,,,,NOT_REQUESTED,30.0,21.5,64.3
MH_PUNE_557083,Malwadi,Malwadi,Indapur,Pune,18.14146,75.05549,211.13,50.25,-12.0,496.2,39.7,436.7,555.8,3.0,257.1,6.0,10.0,6.0,70.0,4.0,4.0,0.0,20.0,29.5,21.0,-2.62,-5.806315572129656,11.16,7.57,15.18,3.57,17.89,3.72,MODERATE,Horticultural Orchard Microclimate,Manual demo override,MANUAL_OVERRIDE,,2026-09-09,,,,NOT_REQUESTED,30.1,21.6,64.5
MH_PUNE_557084,Galand Wadi No 1,Galand Wadi No 1,Indapur,Pune,18.14328,75.01714,207.17,46.2,-12.0,534.6,42.8,470.4,598.8,3.0,255.6,6.0,10.0,6.0,70.0,4.0,4.0,0.0,20.0,29.5,21.0,-3.54,-5.935814244370611,10.05,6.29,13.96,2.27,16.96,3.77,MODERATE,Horticultural Orchard Microclimate,Manual demo override,MANUAL_OVERRIDE,,2026-09-09,,,,NOT_REQUESTED,29.9,21.4,64.0
MH_PUNE_557096,Sardewadi,Sardewadi,Indapur,Pune,18.09507,75.08404,213.3,53.62,-12.0,503.4,40.3,442.9,563.8,3.0,258.1,6.0,10.0,6.0,70.0,4.0,4.0,0.0,20.0,29.5,21.0,-2.62,-5.722475752024025,11.17,7.6,15.19,3.37,17.81,3.75,MODERATE,Horticultural Orchard Microclimate,Manual demo override,MANUAL_OVERRIDE,,2026-09-09,,,,NOT_REQUESTED,30.1,21.6,64.5
MH_PUNE_557099,Tarangwadi,Tarangwadi,Indapur,Pune,18.09182,74.98404,202.79,43.19,-12.0,523.3,41.9,460.5,586.2,3.0,254.4,6.0,10.0,6.0,70.0,4.0,4.0,0.0,20.0,29.5,21.0,-3.54,-6.056205336167896,9.83,5.91,14.14,1.82,16.0,3.62,MODERATE,Horticultural Orchard Microclimate,Manual demo override,MANUAL_OVERRIDE,,2026-09-09,,,,NOT_REQUESTED,30.0,21.5,63.9
MH_PUNE_557103,Bedshinge,Bedshinge,Indapur,Pune,18.05892,75.05528,209.74,51.24,-12.0,513.4,41.1,451.7,575.0,3.0,257.0,6.0,10.0,6.0,70.0,4.0,4.0,0.0,20.0,29.5,21.0,-2.62,-5.810190816512848,11.08,7.48,14.71,4.11,17.87,3.52,MODERATE,Horticultural Orchard Microclimate,Manual demo override,MANUAL_OVERRIDE,,2026-09-09,,,,NOT_REQUESTED,30.0,21.5,64.4
MH_PUNE_557100,Zagadewadi,Zagadewadi,Indapur,Pune,18.06963,74.98702,202.75,43.94,-12.0,518.7,41.5,456.4,580.9,3.0,254.5,6.0,10.0,6.0,70.0,4.0,4.0,0.0,20.0,29.5,21.0,-2.62,-6.039794502569185,10.83,7.22,14.44,2.64,17.72,3.81,MODERATE,Horticultural Orchard Microclimate,Manual demo override,MANUAL_OVERRIDE,,2026-09-09,,,,NOT_REQUESTED,30.0,21.5,64.3
MH_PUNE_557102,Vadapuri,Vadapuri,Indapur,Pune,18.05339,75.01325,205.26,47.03,-12.0,516.0,41.3,454.1,578.0,3.0,255.5,6.0,10.0,6.0,70.0,4.0,4.0,0.0,20.0,29.5,21.0,-2.62,-5.945154992633278,11.09,7.36,15.23,2.71,18.37,3.82,MODERATE,Horticultural Orchard Microclimate,Manual demo override,MANUAL_OVERRIDE,,2026-09-09,,,,NOT_REQUESTED,30.0,21.5,64.4
MH_PUNE_557098,Gokhali,Gokhali,Indapur,Pune,18.09731,75.01447,206.06,46.29,-12.0,523.8,41.9,460.9,586.6,3.0,255.5,6.0,10.0,6.0,70.0,4.0,4.0,0.0,20.0,29.5,21.0,-3.54,-5.9525961674008565,10.07,6.07,13.67,2.51,16.52,3.73,MODERATE,Horticultural Orchard Microclimate,Manual demo override,MANUAL_OVERRIDE,,2026-09-09,,,,NOT_REQUESTED,30.0,21.5,64.0
MH_PUNE_557104,Babhulgaon,Babhulgaon,Indapur,Pune,18.06493,75.07925,212.34,53.61,-12.0,488.6,39.1,429.9,547.2,3.0,257.9,6.0,10.0,6.0,70.0,4.0,4.0,0.0,20.0,29.5,21.0,-2.61,-5.735105172197302,11.15,7.59,15.0,3.65,18.07,3.72,MODERATE,Horticultural Orchard Microclimate,Manual demo override,MANUAL_OVERRIDE,,2026-09-09,,,,NOT_REQUESTED,30.2,21.7,64.5
MH_PUNE_557081,Sugaon,Sugaon,Indapur,Pune,18.14188,75.08002,213.69,52.84,-12.0,492.5,39.4,433.4,551.6,3.0,258.0,6.0,10.0,6.0,70.0,4.0,4.0,0.0,20.0,29.5,21.0,-2.62,-5.7251082147598895,11.11,7.82,15.08,3.71,17.65,3.67,MODERATE,Horticultural Orchard Microclimate,Manual demo override,MANUAL_OVERRIDE,,2026-09-09,,,,NOT_REQUESTED,30.2,21.7,64.4
MH_PUNE_557092,Shaha,Shaha,Indapur,Pune,18.11222,75.09235,214.45,54.3,-12.0,492.5,39.4,433.4,551.6,3.0,258.4,6.0,10.0,6.0,70.0,4.0,4.0,0.0,20.0,29.5,21.0,-2.62,-5.693962014730291,11.12,7.27,14.67,3.14,17.98,3.77,MODERATE,Horticultural Orchard Microclimate,Manual demo override,MANUAL_OVERRIDE,,2026-09-09,,,,NOT_REQUESTED,30.2,21.7,64.4
MH_PUNE_557093,Kandalgaon,Kandalgaon,Indapur,Pune,18.10792,75.13443,218.78,58.78,-12.0,503.5,40.3,443.0,563.9,3.0,260.0,6.0,10.0,6.0,70.0,4.0,4.0,0.0,20.0,29.5,21.0,-2.62,-5.562623805186663,11.32,7.66,15.02,3.82,18.44,3.79,MODERATE,Horticultural Orchard Microclimate,Manual demo override,MANUAL_OVERRIDE,,2026-09-09,,,,NOT_REQUESTED,30.1,21.6,64.5
MH_PUNE_557095,Hingangaon,Hingangaon,Indapur,Pune,18.08472,75.10357,215.18,55.81,-12.0,500.5,40.0,440.5,560.5,3.0,258.8,6.0,10.0,6.0,70.0,4.0,4.0,0.0,20.0,29.5,21.0,-2.62,-5.660547218179571,11.24,7.1,15.32,3.33,17.92,3.75,MODERATE,Horticultural Orchard Microclimate,Manual demo override,MANUAL_OVERRIDE,,2026-09-09,,,,NOT_REQUESTED,30.1,21.6,64.5
MH_PUNE_557077,Shirsadi,Shirsadi,Indapur,Pune,18.18083,75.04497,210.82,49.24,-12.0,509.9,40.8,448.7,571.1,3.0,256.7,6.0,10.0,6.0,70.0,4.0,4.0,0.0,20.0,29.5,21.0,-2.62,-5.818924017346157,10.98,7.02,14.72,2.78,18.08,3.79,MODERATE,Horticultural Orchard Microclimate,Manual demo override,MANUAL_OVERRIDE,,2026-09-09,,,,NOT_REQUESTED,30.1,21.6,64.4
MH_PUNE_557078,Padasthal,Padasthal,Indapur,Pune,18.19165,75.07457,214.12,52.46,-12.0,518.4,41.5,456.2,580.7,3.0,257.8,6.0,10.0,6.0,70.0,4.0,4.0,0.0,20.0,29.5,21.0,-2.62,-5.711746404561891,11.13,7.2,14.49,3.39,17.55,3.69,MODERATE,Horticultural Orchard Microclimate,Manual demo override,MANUAL_OVERRIDE,,2026-09-09,,,,NOT_REQUESTED,30.0,21.5,64.5
MH_PUNE_557076,Kalthan No 1,Kalthan No 1,Indapur,Pune,18.18921,75.00356,206.71,44.96,-12.0,502.7,40.2,442.4,563.0,3.0,255.1,6.0,10.0,6.0,70.0,4.0,4.0,0.0,20.0,29.5,21.0,-2.62,-5.954249209043739,10.83,6.68,14.8,3.37,18.05,3.72,MODERATE,Horticultural Orchard Microclimate,Manual demo override,MANUAL_OVERRIDE,,2026-09-09,,,,NOT_REQUESTED,30.1,21.6,64.3
MH_PUNE_557080,Ajoti,Ajoti,Indapur,Pune,18.16782,75.08875,215.1,53.79,-12.0,492.5,39.4,433.4,551.6,3.0,258.3,6.0,10.0,6.0,70.0,4.0,4.0,0.0,20.0,29.5,21.0,-2.62,-5.683069134706868,11.15,7.6,15.43,3.58,17.48,3.66,MODERATE,Horticultural Orchard Microclimate,Manual demo override,MANUAL_OVERRIDE,,2026-09-09,,,,NOT_REQUESTED,30.2,21.7,64.5
MH_PUNE_557073,Agoti No 2,Agoti No 2,Indapur,Pune,18.22922,74.98173,205.39,43.34,-12.0,521.8,41.7,459.3,584.4,3.0,254.3,6.0,10.0,6.0,70.0,4.0,4.0,0.0,20.0,29.5,21.0,-2.61,-5.9868296550032785,10.86,7.4,14.04,3.1,17.64,3.67,MODERATE,Horticultural Orchard Microclimate,Manual demo override,MANUAL_OVERRIDE,,2026-09-09,,,,NOT_REQUESTED,30.0,21.5,64.3
MH_PUNE_557075,Kalashi,Kalashi,Indapur,Pune,18.21917,75.00085,207.12,45.12,-12.0,507.1,40.6,446.2,568.0,3.0,255.0,6.0,10.0,6.0,70.0,4.0,4.0,0.0,20.0,29.5,21.0,-2.62,-5.932954435223443,10.87,7.66,14.78,3.11,17.8,3.71,MODERATE,Horticultural Orchard Microclimate,Manual demo override,MANUAL_OVERRIDE,,2026-09-09,,,,NOT_REQUESTED,30.1,21.6,64.3
MH_PUNE_557097,Galand Wadi No 2,Galand Wadi No 2,Indapur,Pune,18.08285,75.04974,209.52,50.2,-12.0,500.3,40.0,440.3,560.3,3.0,256.8,6.0,10.0,6.0,70.0,4.0,4.0,0.0,20.0,29.5,21.0,-2.62,-5.833399588575896,10.98,7.23,14.74,3.41,17.69,3.71,MODERATE,Horticultural Orchard Microclimate,Manual demo override,MANUAL_OVERRIDE,,2026-09-09,,,,NOT_REQUESTED,30.1,21.6,64.4
MH_PUNE_557074,Ganjewalan,Ganjewalan,Indapur,Pune,18.24674,75.02169,209.94,47.88,-12.0,518.8,41.5,456.5,581.0,3.0,255.8,6.0,10.0,6.0,70.0,4.0,4.0,0.0,20.0,29.5,21.0,-2.62,-5.825701873835392,11.02,7.38,15.06,3.06,17.99,3.81,MODERATE,Horticultural Orchard Microclimate,Manual demo override,MANUAL_OVERRIDE,,2026-09-09,,,,NOT_REQUESTED,30.0,21.5,64.4
MH_PUNE_557094,Taratgaon,Taratgaon,Indapur,Pune,18.08136,75.124,217.27,58.0,-12.0,492.5,39.4,433.4,551.6,3.0,259.6,6.0,10.0,6.0,70.0,4.0,4.0,0.0,20.0,29.5,21.0,-2.62,-5.59702588037461,11.37,7.69,14.87,3.58,18.08,3.73,MODERATE,Horticultural Orchard Microclimate,Manual demo override,MANUAL_OVERRIDE,,2026-09-09,,,,NOT_REQUESTED,30.2,21.7,64.5
MH_PUNE_557079,Takali,Takali,Indapur,Pune,18.2015,75.09781,216.74,55.0,-12.0,492.5,39.4,433.4,551.6,3.0,258.6,6.0,10.0,6.0,70.0,4.0,4.0,0.0,20.0,29.5,21.0,-2.62,-5.627879675480507,11.16,7.41,15.22,4.02,18.03,3.61,MODERATE,Horticultural Orchard Microclimate,Manual demo override,MANUAL_OVERRIDE,,2026-09-09,,,,NOT_REQUESTED,30.2,21.7,64.5
MH_PUNE_556100,Materewadi,Materewadi,Mulshi,Pune,18.53927,73.68184,86.29,17.76,1.7,561.7,44.9,494.4,629.1,14.0,206.2,48.0,18.0,8.0,18.0,3.0,5.0,0.0,20.0,29.5,21.0,2.41,-2.521719113002039,19.33,15.57,23.55,11.59,26.47,3.81,MODERATE,Orographic Sahyadri Elevation Gradient,Manual demo override,MANUAL_OVERRIDE,,2026-09-09,,,,NOT_REQUESTED,29.1,20.6,67.7
MH_PUNE_556593,Hirpodi,Hirpodi,Velhe,Pune,18.30476,73.66402,81.91,31.82,3.4,678.6,54.3,597.2,760.1,14.0,205.6,48.0,18.0,8.0,18.0,3.0,5.0,0.0,20.0,29.5,21.0,3.49,-2.269205253194614,20.6,16.28,24.94,13.71,27.73,3.63,MODERATE,Orographic Sahyadri Elevation Gradient,Manual demo override,MANUAL_OVERRIDE,,2026-09-09,,,,NOT_REQUESTED,28.7,20.2,68.2
MH_PUNE_556600,Bhatti Wagdra,Bhatti Wagdra,Velhe,Pune,18.28692,73.61874,77.05,36.41,7.7,854.5,68.4,751.9,957.1,14.0,203.9,48.0,18.0,8.0,18.0,3.0,5.0,0.0,20.0,29.5,21.0,0.85,-1.7958466544340794,18.37,14.24,22.0,10.85,25.52,3.78,MODERATE,Orographic Sahyadri Elevation Gradient,Manual demo override,MANUAL_OVERRIDE,,2026-09-09,,,,NOT_REQUESTED,27.5,19.0,67.3
MH_PUNE_556058,Peth Shahapur,Peth Shahapur,Mulshi,Pune,18.63499,73.39174,54.98,49.69,29.3,639.5,51.2,562.7,716.3,14.0,195.5,48.0,18.0,8.0,18.0,3.0,5.0,0.0,20.0,29.5,21.0,4.54,4.4339554402821735,28.44,24.36,32.28,20.94,35.56,3.77,MODERATE,Orographic Sahyadri Elevation Gradient,Manual demo override,MANUAL_OVERRIDE,,2026-09-09,,,,NOT_REQUESTED,29.0,20.5,71.4
MH_PUNE_556188,Ugavali,Ugavali,Mulshi,Pune,18.38706,73.45935,68.21,44.16,22.9,641.3,51.3,564.3,718.2,14.0,198.0,48.0,18.0,8.0,18.0,3.0,5.0,0.0,20.0,29.5,21.0,4.54,0.4659991481315072,24.63,20.98,28.46,16.94,31.8,3.72,MODERATE,Orographic Sahyadri Elevation Gradient,Manual demo override,MANUAL_OVERRIDE,,2026-09-09,,,,NOT_REQUESTED,29.0,20.5,69.9
MH_PUNE_556059,Ambavane,Ambavane,Mulshi,Pune,18.60626,73.37455,53.3,50.83,30.9,644.6,51.6,567.2,722.0,14.0,194.9,48.0,18.0,8.0,18.0,3.0,5.0,0.0,20.0,29.5,21.0,4.7,4.031738744255689,28.18,24.64,32.19,19.63,35.07,3.83,MODERATE,Orographic Sahyadri Elevation Gradient,Manual demo override,MANUAL_OVERRIDE,,2026-09-09,,,,NOT_REQUESTED,28.9,20.4,71.3
MH_PUNE_556060,Majgaon,Majgaon,Mulshi,Pune,18.59741,73.3618,52.04,52.0,32.1,703.5,56.3,619.0,787.9,14.0,194.4,48.0,18.0,8.0,18.0,3.0,5.0,0.0,20.0,29.5,21.0,4.72,3.9039404084393605,28.01,24.01,31.88,19.35,35.15,3.86,MODERATE,Orographic Sahyadri Elevation Gradient,Manual demo override,MANUAL_OVERRIDE,,2026-09-09,,,,NOT_REQUESTED,28.6,20.1,71.2
MH_PUNE_556065,Saltar,Saltar,Mulshi,Pune,18.58707,73.34866,50.78,53.23,33.4,691.9,55.4,608.8,775.0,14.0,193.9,48.0,18.0,8.0,18.0,3.0,5.0,0.0,20.0,29.5,21.0,4.7,3.751056580331488,27.82,23.48,31.47,20.21,34.88,3.81,MODERATE,Orographic Sahyadri Elevation Gradient,Manual demo override,MANUAL_OVERRIDE,,2026-09-09,,,,NOT_REQUESTED,28.6,20.1,71.1
MH_PUNE_556066,Tail Baila,Tail Baila,Mulshi,Pune,18.56648,73.34197,50.41,53.71,34.0,641.1,51.3,564.2,718.1,14.0,193.7,48.0,18.0,8.0,18.0,3.0,5.0,0.0,20.0,29.5,21.0,4.7,3.4688641425575035,27.48,23.14,31.73,19.41,34.24,3.68,MODERATE,Orographic Sahyadri Elevation Gradient,Manual demo override,MANUAL_OVERRIDE,,2026-09-09,,,,NOT_REQUESTED,29.0,20.5,71.0
MH_PUNE_556071,Bhambarde,Bhambarde,Mulshi,Pune,18.55779,73.38225,54.75,49.41,30.2,643.5,51.5,566.2,720.7,14.0,195.1,48.0,18.0,8.0,18.0,3.0,5.0,0.0,20.0,29.5,21.0,4.54,3.298695176329645,27.35,23.88,31.95,19.22,34.03,3.65,MODERATE,Orographic Sahyadri Elevation Gradient,Manual demo override,MANUAL_OVERRIDE,,2026-09-09,,,,NOT_REQUESTED,28.9,20.4,70.9
MH_PUNE_556072,Ekole,Ekole,Mulshi,Pune,18.53857,73.36076,52.94,51.59,32.2,694.5,55.6,611.1,777.9,14.0,194.3,48.0,18.0,8.0,18.0,3.0,5.0,0.0,20.0,29.5,21.0,4.7,3.0716161605289636,27.04,23.04,31.33,18.48,33.76,3.87,MODERATE,Orographic Sahyadri Elevation Gradient,Manual demo override,MANUAL_OVERRIDE,,2026-09-09,,,,NOT_REQUESTED,28.6,20.1,70.8
MH_PUNE_556073,Ghutake,Ghutake,Mulshi,Pune,18.52116,73.3871,56.08,48.81,29.7,920.5,73.6,810.1,1030.9,14.0,195.3,48.0,18.0,8.0,18.0,3.0,5.0,0.0,20.0,29.5,21.0,4.13,2.7328650204907765,26.48,22.28,29.5,18.35,34.55,3.9,MODERATE,Orographic Sahyadri Elevation Gradient,Manual demo override,MANUAL_OVERRIDE,,2026-09-09,,,,NOT_REQUESTED,27.1,18.6,70.6
MH_PUNE_556547,Chikhali Kh,Chikhali Kh,Velhe,Pune,18.34227,73.52141,74.72,40.46,17.0,700.2,56.0,616.2,784.2,14.0,200.3,48.0,18.0,8.0,18.0,3.0,5.0,0.0,20.0,29.5,21.0,4.54,-0.5563139262446966,23.49,19.69,26.78,15.51,30.67,3.79,MODERATE,Orographic Sahyadri Elevation Gradient,Manual demo override,MANUAL_OVERRIDE,,2026-09-09,,,,NOT_REQUESTED,28.6,20.1,69.4
MH_PUNE_555948,Kurvande,Kurvande,Mawal,Pune,18.71822,73.37373,53.77,54.38,31.0,625.1,50.0,550.1,700.1,14.0,194.8,48.0,18.0,8.0,18.0,3.0,5.0,0.0,20.0,29.5,21.0,4.7,5.260438686367086,29.4,25.43,32.87,21.5,35.82,3.62,MODERATE,Orographic Sahyadri Elevation Gradient,Manual demo override,MANUAL_OVERRIDE,,2026-09-09,,,,NOT_REQUESTED,29.1,20.6,71.8
MH_PUNE_556551,Gholapghar,Gholapghar,Velhe,Pune,18.35527,73.56143,78.48,36.11,13.2,635.0,50.8,558.8,711.2,14.0,201.8,48.0,18.0,8.0,18.0,3.0,5.0,0.0,20.0,29.5,21.0,2.73,-0.9929121334454334,21.22,17.82,24.41,13.6,28.57,3.83,MODERATE,Orographic Sahyadri Elevation Gradient,Manual demo override,MANUAL_OVERRIDE,,2026-09-09,,,,NOT_REQUESTED,29.0,20.5,68.5
MH_PUNE_556165,Lavharde,Lavharde,Mulshi,Pune,18.46262,73.55189,74.54,32.32,14.1,877.4,70.2,772.1,982.7,14.0,201.4,48.0,18.0,8.0,18.0,3.0,5.0,0.0,20.0,29.5,21.0,4.13,-0.14443897907166092,23.08,18.69,27.73,15.01,29.94,3.94,MODERATE,Orographic Sahyadri Elevation Gradient,Manual demo override,MANUAL_OVERRIDE,,2026-09-09,,,,NOT_REQUESTED,27.4,18.9,69.2
MH_PUNE_556153,Shere,Shere,Mulshi,Pune,18.51141,73.56871,75.02,29.73,12.5,754.6,60.4,664.0,845.2,14.0,202.0,48.0,18.0,8.0,18.0,3.0,5.0,0.0,20.0,29.5,21.0,4.56,0.03113575702238114,24.04,20.08,28.27,15.97,31.12,3.92,MODERATE,Orographic Sahyadri Elevation Gradient,Manual demo override,MANUAL_OVERRIDE,,2026-09-09,,,,NOT_REQUESTED,28.2,19.7,69.6
MH_PUNE_556075,Pimpri,Pimpri,Mulshi,Pune,18.51089,73.41734,59.45,45.67,26.9,632.5,50.6,556.6,708.4,14.0,196.4,48.0,18.0,8.0,18.0,3.0,5.0,0.0,20.0,29.5,21.0,4.55,2.3916598469452257,26.3,22.05,30.82,18.08,32.82,3.79,MODERATE,Orographic Sahyadri Elevation Gradient,Manual demo override,MANUAL_OVERRIDE,,2026-09-09,,,,NOT_REQUESTED,29.0,20.5,70.5
MH_PUNE_556181,Temghar,Temghar,Mulshi,Pune,18.43777,73.53373,73.5,34.89,15.8,919.4,73.6,809.0,1029.8,14.0,200.7,48.0,18.0,8.0,18.0,3.0,5.0,0.0,20.0,29.5,21.0,4.13,-0.056688921267606274,23.3,19.29,27.08,15.53,31.21,3.73,MODERATE,Orographic Sahyadri Elevation Gradient,Manual demo override,MANUAL_OVERRIDE,,2026-09-09,,,,NOT_REQUESTED,27.1,18.6,69.3
MH_PUNE_556082,Tata Talav,Tata Talav,Mulshi,Pune,18.50678,73.48546,66.54,38.52,20.4,873.4,69.9,768.5,978.2,14.0,199.0,48.0,18.0,8.0,18.0,3.0,5.0,0.0,20.0,29.5,21.0,4.13,1.5610126712945132,25.37,21.17,29.77,17.48,31.42,3.75,MODERATE,Orographic Sahyadri Elevation Gradient,Manual demo override,MANUAL_OVERRIDE,,2026-09-09,,,,NOT_REQUESTED,27.4,18.9,70.1
MH_PUNE_556078,Disali,Disali,Mulshi,Pune,18.52191,73.54314,72.15,32.37,14.9,693.0,55.4,609.9,776.1,14.0,201.1,48.0,18.0,8.0,18.0,3.0,5.0,0.0,20.0,29.5,21.0,4.54,0.7346804472482907,24.64,20.24,28.65,17.0,30.61,3.67,MODERATE,Orographic Sahyadri Elevation Gradient,Manual demo override,MANUAL_OVERRIDE,,2026-09-09,,,,NOT_REQUESTED,28.6,20.1,69.9
MH_PUNE_556079,Jamgaon,Jamgaon,Mulshi,Pune,18.52208,73.5588,73.77,30.71,13.4,653.0,52.2,574.7,731.3,14.0,201.7,48.0,18.0,8.0,18.0,3.0,5.0,0.0,20.0,29.5,21.0,4.54,0.3916307797094162,24.46,20.6,28.49,16.35,30.91,3.85,MODERATE,Orographic Sahyadri Elevation Gradient,Manual demo override,MANUAL_OVERRIDE,,2026-09-09,,,,NOT_REQUESTED,28.9,20.4,69.8
MH_PUNE_556152,Kalamshet,Kalamshet,Mulshi,Pune,18.5191,73.59076,77.15,27.36,10.4,577.5,46.2,508.2,646.8,14.0,202.9,48.0,18.0,8.0,18.0,3.0,5.0,0.0,20.0,29.5,21.0,3.35,-0.4032530385519552,22.38,18.81,25.83,13.59,29.25,3.88,MODERATE,Orographic Sahyadri Elevation Gradient,Manual demo override,MANUAL_OVERRIDE,,2026-09-09,,,,NOT_REQUESTED,29.0,20.5,69.0
MH_PUNE_556588,Chapet,Chapet,Velhe,Pune,18.30423,73.62432,78.81,34.6,7.2,710.7,56.9,625.3,796.0,14.0,204.1,48.0,18.0,8.0,18.0,3.0,5.0,0.0,20.0,29.5,21.0,2.75,-1.8514284718429606,20.43,15.85,24.66,12.46,27.55,3.9,MODERATE,Orographic Sahyadri Elevation Gradient,Manual demo override,MANUAL_OVERRIDE,,2026-09-09,,,,NOT_REQUESTED,28.5,20.0,68.2
MH_PUNE_556086,Mulshi Kh,Mulshi Kh,Mulshi,Pune,18.50592,73.52701,70.84,34.16,16.4,633.3,50.7,557.2,709.3,14.0,200.5,48.0,18.0,8.0,18.0,3.0,5.0,0.0,20.0,29.5,21.0,4.54,0.8395195943689806,24.96,20.29,28.67,16.9,32.0,3.82,MODERATE,Orographic Sahyadri Elevation Gradient,Manual demo override,MANUAL_OVERRIDE,,2026-09-09,,,,NOT_REQUESTED,29.0,20.5,70.0
MH_PUNE_556084,Vandre,Vandre,Mulshi,Pune,18.50794,73.45746,63.64,41.46,23.0,842.8,67.4,741.7,943.9,14.0,197.9,48.0,18.0,8.0,18.0,3.0,5.0,0.0,20.0,29.5,21.0,4.14,1.953714569728929,25.59,21.45,30.63,18.03,32.68,3.71,MODERATE,Orographic Sahyadri Elevation Gradient,Manual demo override,MANUAL_OVERRIDE,,2026-09-09,,,,NOT_REQUESTED,27.6,19.1,70.2
MH_PUNE_556151,Kondhawale,Kondhawale,Mulshi,Pune,18.51122,73.61091,79.4,25.3,8.5,887.0,71.0,780.5,993.5,14.0,203.6,48.0,18.0,8.0,18.0,3.0,5.0,0.0,20.0,29.5,21.0,1.46,-0.9783455473489729,20.15,15.85,24.25,11.48,27.6,4.1,MODERATE,Orographic Sahyadri Elevation Gradient,Manual demo override,MANUAL_OVERRIDE,,2026-09-09,,,,NOT_REQUESTED,27.0,18.5,68.1
MH_PUNE_556081,Dattawadi,Dattawadi,Mulshi,Pune,18.48402,73.53955,72.68,33.13,15.2,953.1,76.2,838.8,1067.4,14.0,201.0,48.0,18.0,8.0,18.0,3.0,5.0,0.0,20.0,29.5,21.0,4.22,0.3197104787485673,23.76,19.64,28.49,16.42,30.28,3.76,MODERATE,Orographic Sahyadri Elevation Gradient,Manual demo override,MANUAL_OVERRIDE,,2026-09-09,,,,NOT_REQUESTED,26.8,18.3,69.5
MH_PUNE_556155,Andeshe,Andeshe,Mulshi,Pune,18.50401,73.59297,77.69,27.25,10.2,609.9,48.8,536.7,683.1,14.0,202.9,48.0,18.0,8.0,18.0,3.0,5.0,0.0,20.0,29.5,21.0,3.35,-0.6143309941335511,22.42,18.3,26.41,13.55,29.28,3.85,MODERATE,Orographic Sahyadri Elevation Gradient,Manual demo override,MANUAL_OVERRIDE,,2026-09-09,,,,NOT_REQUESTED,28.8,20.3,69.0
MH_PUNE_556154,Mandede,Mandede,Mulshi,Pune,18.48936,73.57377,76.05,29.47,12.0,732.3,58.6,644.4,820.2,14.0,202.2,48.0,18.0,8.0,18.0,3.0,5.0,0.0,20.0,29.5,21.0,3.37,-0.3248086531922949,22.48,18.45,26.69,14.47,28.63,3.68,MODERATE,Orographic Sahyadri Elevation Gradient,Manual demo override,MANUAL_OVERRIDE,,2026-09-09,,,,NOT_REQUESTED,28.4,19.9,69.0
MH_PUNE_556085,Nive,Nive,Mulshi,Pune,18.48939,73.4304,61.4,44.47,25.6,614.8,49.2,541.0,688.6,14.0,196.9,48.0,18.0,8.0,18.0,3.0,5.0,0.0,20.0,29.5,21.0,4.55,1.9641860958276343,26.3,22.64,30.08,18.31,33.03,3.69,MODERATE,Orographic Sahyadri Elevation Gradient,Manual demo override,MANUAL_OVERRIDE,,2026-09-09,,,,NOT_REQUESTED,29.1,20.6,70.5
MH_PUNE_556156,Chinchwad,Chinchwad,Mulshi,Pune,18.49525,73.61944,80.62,24.62,7.7,881.2,70.5,775.5,987.0,14.0,203.9,48.0,18.0,8.0,18.0,3.0,5.0,0.0,20.0,29.5,21.0,1.48,-1.3123531796653303,19.78,16.03,23.5,11.91,27.13,3.91,MODERATE,Orographic Sahyadri Elevation Gradient,Manual demo override,MANUAL_OVERRIDE,,2026-09-09,,,,NOT_REQUESTED,27.0,18.5,67.9
MH_PUNE_556157,Khechare,Khechare,Mulshi,Pune,18.48118,73.59736,78.68,27.19,9.8,876.5,70.1,771.3,981.6,14.0,203.1,48.0,18.0,8.0,18.0,3.0,5.0,0.0,20.0,29.5,21.0,1.46,-0.9159393452830416,19.89,16.01,22.98,13.09,26.55,3.45,MODERATE,Orographic Sahyadri Elevation Gradient,Manual demo override,MANUAL_OVERRIDE,,2026-09-09,,,,NOT_REQUESTED,27.0,18.5,68.0
MH_PUNE_556180,Vede,Vede,Mulshi,Pune,18.44327,73.56284,76.25,31.78,13.0,816.3,65.3,718.3,914.2,14.0,201.8,48.0,18.0,8.0,18.0,3.0,5.0,0.0,20.0,29.5,21.0,3.12,-0.5164347303964923,21.93,17.39,25.84,13.57,29.37,3.81,MODERATE,Orographic Sahyadri Elevation Gradient,Manual demo override,MANUAL_OVERRIDE,,2026-09-09,,,,NOT_REQUESTED,27.8,19.3,68.8
MH_PUNE_556087,Warak,Warak,Mulshi,Pune,18.46567,73.48488,67.65,39.16,20.4,1063.9,85.1,936.2,1191.5,14.0,198.9,48.0,18.0,8.0,18.0,3.0,5.0,0.0,20.0,29.5,21.0,4.22,1.0026274673730824,24.59,20.11,29.11,15.88,31.97,3.98,MODERATE,Orographic Sahyadri Elevation Gradient,Manual demo override,MANUAL_OVERRIDE,,2026-09-09,,,,NOT_REQUESTED,26.1,17.6,69.8
MH_PUNE_556158,Belawade,Belawade,Mulshi,Pune,18.4813,73.6235,81.36,24.49,7.3,859.6,68.8,756.4,962.8,14.0,204.1,48.0,18.0,8.0,18.0,3.0,5.0,0.0,20.0,29.5,21.0,1.48,-1.4953757400825705,19.55,15.36,23.45,12.53,26.64,3.67,MODERATE,Orographic Sahyadri Elevation Gradient,Manual demo override,MANUAL_OVERRIDE,,2026-09-09,,,,NOT_REQUESTED,27.2,18.7,67.8
MH_PUNE_556088,Tamhini Bk,Tamhini Bk,Mulshi,Pune,18.43968,73.42398,62.51,46.04,26.2,667.6,53.4,587.5,747.7,14.0,196.7,48.0,18.0,8.0,18.0,3.0,5.0,0.0,20.0,29.5,21.0,4.55,1.368367879326494,25.53,21.42,29.32,17.74,32.74,3.75,MODERATE,Orographic Sahyadri Elevation Gradient,Manual demo override,MANUAL_OVERRIDE,,2026-09-09,,,,NOT_REQUESTED,28.8,20.3,70.2
MH_PUNE_556164,Wegare,Wegare,Mulshi,Pune,18.45043,73.50389,70.07,37.56,18.6,852.1,68.2,749.8,954.4,14.0,199.6,48.0,18.0,8.0,18.0,3.0,5.0,0.0,20.0,29.5,21.0,4.14,0.5444234060340702,24.05,20.11,28.73,16.84,30.88,3.7,MODERATE,Orographic Sahyadri Elevation Gradient,Manual demo override,MANUAL_OVERRIDE,,2026-09-09,,,,NOT_REQUESTED,27.5,19.0,69.6
MH_PUNE_556573,Givashi,Givashi,Velhe,Pune,18.33646,73.58042,78.19,35.66,11.4,755.1,60.4,664.5,845.7,14.0,202.5,48.0,18.0,8.0,18.0,3.0,5.0,0.0,20.0,29.5,21.0,2.39,-1.2976412729960096,20.45,16.65,25.02,12.87,27.35,3.69,MODERATE,Orographic Sahyadri Elevation Gradient,Manual demo override,MANUAL_OVERRIDE,,2026-09-09,,,,NOT_REQUESTED,28.2,19.7,68.2
MH_PUNE_556166,Kolavade,Kolavade,Mulshi,Pune,18.46186,73.57456,76.87,30.02,11.9,748.3,59.9,658.4,838.1,14.0,202.3,48.0,18.0,8.0,18.0,3.0,5.0,0.0,20.0,29.5,21.0,3.01,-0.5918384091861071,21.88,17.1,26.18,14.02,29.32,4.01,MODERATE,Orographic Sahyadri Elevation Gradient,Manual demo override,MANUAL_OVERRIDE,,2026-09-09,,,,NOT_REQUESTED,28.3,19.8,68.8
MH_PUNE_556168,Andgaon,Andgaon,Mulshi,Pune,18.46103,73.62111,81.64,25.33,7.5,731.8,58.5,644.0,819.5,14.0,204.0,48.0,18.0,8.0,18.0,3.0,5.0,0.0,20.0,29.5,21.0,2.41,-1.550022865525314,20.4,15.82,23.52,13.42,26.85,3.54,MODERATE,Orographic Sahyadri Elevation Gradient,Manual demo override,MANUAL_OVERRIDE,,2026-09-09,,,,NOT_REQUESTED,28.0,19.5,68.2
MH_PUNE_556167,Kharavade,Kharavade,Mulshi,Pune,18.45683,73.59668,79.27,27.92,9.8,622.1,49.8,547.4,696.8,14.0,203.1,48.0,18.0,8.0,18.0,3.0,5.0,0.0,20.0,29.5,21.0,3.35,-1.0730096074381912,21.72,17.85,25.35,13.83,29.27,3.82,MODERATE,Orographic Sahyadri Elevation Gradient,Manual demo override,MANUAL_OVERRIDE,,2026-09-09,,,,NOT_REQUESTED,28.7,20.2,68.7
MH_PUNE_556587,Bopalghar,Bopalghar,Velhe,Pune,18.30154,73.61285,77.74,35.66,8.3,708.7,56.7,623.6,793.7,14.0,203.7,48.0,18.0,8.0,18.0,3.0,5.0,0.0,20.0,29.5,21.0,2.75,-1.728113947611984,20.29,16.62,24.17,12.23,27.61,3.89,MODERATE,Orographic Sahyadri Elevation Gradient,Manual demo override,MANUAL_OVERRIDE,,2026-09-09,,,,NOT_REQUESTED,28.5,20.0,68.1
MH_PUNE_556177,Watunde,Watunde,Mulshi,Pune,18.43438,73.59347,79.63,29.07,10.1,964.0,77.1,848.3,1079.6,14.0,203.0,48.0,18.0,8.0,18.0,3.0,5.0,0.0,20.0,29.5,21.0,1.55,-1.1396892072647027,20.0,16.56,23.96,12.81,26.97,3.57,MODERATE,Orographic Sahyadri Elevation Gradient,Manual demo override,MANUAL_OVERRIDE,,2026-09-09,,,,NOT_REQUESTED,26.5,18.0,68.0
MH_PUNE_556178,Wanjale,Wanjale,Mulshi,Pune,18.43805,73.61043,81.23,27.26,8.5,665.5,53.2,585.7,745.3,14.0,203.6,48.0,18.0,8.0,18.0,3.0,5.0,0.0,20.0,29.5,21.0,3.49,-1.440121483460136,21.42,17.14,26.61,13.61,27.92,3.72,MODERATE,Orographic Sahyadri Elevation Gradient,Manual demo override,MANUAL_OVERRIDE,,2026-09-09,,,,NOT_REQUESTED,28.4,19.9,68.6
MH_PUNE_556176,Malegaon,Malegaon,Mulshi,Pune,18.43324,73.62219,82.57,26.32,7.4,675.4,54.0,594.4,756.4,14.0,204.0,48.0,18.0,8.0,18.0,3.0,5.0,0.0,20.0,29.5,21.0,3.49,-1.67759146215985,21.29,17.1,25.2,13.62,27.75,3.74,MODERATE,Orographic Sahyadri Elevation Gradient,Manual demo override,MANUAL_OVERRIDE,,2026-09-09,,,,NOT_REQUESTED,28.4,19.9,68.5
MH_PUNE_556179,Bhode,Bhode,Mulshi,Pune,18.42248,73.56214,76.88,32.63,13.1,865.8,69.3,761.8,969.7,14.0,201.8,48.0,18.0,8.0,18.0,3.0,5.0,0.0,20.0,29.5,21.0,1.46,-0.6541667235772549,20.08,15.76,25.37,12.27,27.17,3.96,MODERATE,Orographic Sahyadri Elevation Gradient,Manual demo override,MANUAL_OVERRIDE,,2026-09-09,,,,NOT_REQUESTED,27.5,19.0,68.0
MH_PUNE_556184,Mugaon,Mugaon,Mulshi,Pune,18.41442,73.47368,68.41,41.72,21.5,748.6,59.9,658.7,838.4,14.0,198.5,48.0,18.0,8.0,18.0,3.0,5.0,0.0,20.0,29.5,21.0,4.56,0.5679966608246647,24.52,20.27,28.97,16.54,30.95,3.77,MODERATE,Orographic Sahyadri Elevation Gradient,Manual demo override,MANUAL_OVERRIDE,,2026-09-09,,,,NOT_REQUESTED,28.3,19.8,69.8
MH_PUNE_556185,Bhoini,Bhoini,Mulshi,Pune,18.41049,73.50032,71.19,39.2,19.0,770.1,61.6,677.7,862.5,14.0,199.5,48.0,18.0,8.0,18.0,3.0,5.0,0.0,20.0,29.5,21.0,4.56,0.1929835638254881,24.32,20.04,28.85,15.37,32.15,4.13,MODERATE,Orographic Sahyadri Elevation Gradient,Manual demo override,MANUAL_OVERRIDE,,2026-09-09,,,,NOT_REQUESTED,28.1,19.6,69.7
MH_PUNE_556182,Dhamanohol,Dhamanohol,Mulshi,Pune,18.38847,73.44255,66.53,45.77,24.5,653.4,52.3,574.9,731.8,14.0,197.4,48.0,18.0,8.0,18.0,3.0,5.0,0.0,20.0,29.5,21.0,4.54,0.6467654690114071,24.56,20.47,27.99,17.66,31.57,3.6,MODERATE,Orographic Sahyadri Elevation Gradient,Manual demo override,MANUAL_OVERRIDE,,2026-09-09,,,,NOT_REQUESTED,28.9,20.4,69.8
MH_PUNE_556186,Dasave,Dasave,Mulshi,Pune,18.41357,73.52076,73.08,37.06,17.0,811.1,64.9,713.8,908.5,14.0,200.3,48.0,18.0,8.0,18.0,3.0,5.0,0.0,20.0,29.5,21.0,4.67,-0.06665177952914153,24.09,20.25,27.93,15.9,30.84,3.87,MODERATE,Orographic Sahyadri Elevation Gradient,Manual demo override,MANUAL_OVERRIDE,,2026-09-09,,,,NOT_REQUESTED,27.8,19.3,69.6
MH_PUNE_556555,Saiv Bk,Saiv Bk,Velhe,Pune,18.40328,73.58776,80.12,31.04,10.7,700.0,56.0,616.0,784.0,14.0,202.7,48.0,18.0,8.0,18.0,3.0,5.0,0.0,20.0,29.5,21.0,3.65,-1.1854523451464474,21.98,17.67,26.11,14.37,28.24,3.68,MODERATE,Orographic Sahyadri Elevation Gradient,Manual demo override,MANUAL_OVERRIDE,,2026-09-09,,,,NOT_REQUESTED,28.6,20.1,68.8
MH_PUNE_556556,Varasgaon,Varasgaon,Velhe,Pune,18.4002,73.61026,82.48,29.12,8.5,672.8,53.8,592.1,753.5,14.0,203.6,48.0,18.0,8.0,18.0,3.0,5.0,0.0,20.0,29.5,21.0,3.49,-1.562770527147316,21.24,16.63,25.03,13.67,28.43,3.69,MODERATE,Orographic Sahyadri Elevation Gradient,Manual demo override,MANUAL_OVERRIDE,,2026-09-09,,,,NOT_REQUESTED,28.4,19.9,68.5
MH_PUNE_556554,Mose Bk,Mose Bk,Velhe,Pune,18.40267,73.57331,78.71,32.44,12.0,650.6,52.0,572.6,728.6,14.0,202.2,48.0,18.0,8.0,18.0,3.0,5.0,0.0,20.0,29.5,21.0,3.35,-0.9542388272968496,21.69,17.24,25.46,14.22,28.73,3.83,MODERATE,Orographic Sahyadri Elevation Gradient,Manual demo override,MANUAL_OVERRIDE,,2026-09-09,,,,NOT_REQUESTED,28.9,20.4,68.7
MH_PUNE_556187,Padalghar,Padalghar,Mulshi,Pune,18.39617,73.52146,73.85,37.71,17.0,951.4,76.1,837.2,1065.5,14.0,200.3,48.0,18.0,8.0,18.0,3.0,5.0,0.0,20.0,29.5,21.0,4.22,-0.21464369288494356,23.43,19.59,27.59,16.07,30.08,3.67,MODERATE,Orographic Sahyadri Elevation Gradient,Manual demo override,MANUAL_OVERRIDE,,2026-09-09,,,,NOT_REQUESTED,26.8,18.3,69.4
MH_PUNE_556192,Admal,Admal,Mulshi,Pune,18.39116,73.53523,75.4,36.61,15.7,746.8,59.7,657.3,836.4,14.0,200.8,48.0,18.0,8.0,18.0,3.0,5.0,0.0,20.0,29.5,21.0,4.56,-0.4438623672124234,23.6,19.34,26.77,16.1,30.04,3.58,MODERATE,Orographic Sahyadri Elevation Gradient,Manual demo override,MANUAL_OVERRIDE,,2026-09-09,,,,NOT_REQUESTED,28.3,19.8,69.4
MH_PUNE_556183,Koloshi,Koloshi,Mulshi,Pune,18.39541,73.465,68.38,43.28,22.3,637.0,51.0,560.5,713.5,14.0,198.2,48.0,18.0,8.0,18.0,3.0,5.0,0.0,20.0,29.5,21.0,4.54,0.4826171612661638,24.62,20.67,28.18,16.93,31.09,3.61,MODERATE,Orographic Sahyadri Elevation Gradient,Manual demo override,MANUAL_OVERRIDE,,2026-09-09,,,,NOT_REQUESTED,29.0,20.5,69.8
MH_PUNE_556193,Palase,Palase,Mulshi,Pune,18.39729,73.55342,76.95,34.59,13.9,799.9,64.0,703.9,895.9,14.0,201.5,48.0,18.0,8.0,18.0,3.0,5.0,0.0,20.0,29.5,21.0,2.39,-0.673023718054709,21.19,16.69,25.37,13.46,27.74,3.89,MODERATE,Orographic Sahyadri Elevation Gradient,Manual demo override,MANUAL_OVERRIDE,,2026-09-09,,,,NOT_REQUESTED,27.9,19.4,68.5
MH_PUNE_556195,Patharshet,Patharshet,Mulshi,Pune,18.39207,73.56672,78.46,33.58,12.7,669.5,53.6,589.1,749.9,14.0,202.0,48.0,18.0,8.0,18.0,3.0,5.0,0.0,20.0,29.5,21.0,2.73,-0.9042614306000305,21.38,17.59,25.56,13.4,27.76,3.62,MODERATE,Orographic Sahyadri Elevation Gradient,Manual demo override,MANUAL_OVERRIDE,,2026-09-09,,,,NOT_REQUESTED,28.8,20.3,68.6
MH_PUNE_556190,Sakhari,Sakhari,Mulshi,Pune,18.38275,73.48815,71.18,41.53,20.1,889.5,71.2,782.7,996.3,14.0,199.1,48.0,18.0,8.0,18.0,3.0,5.0,0.0,20.0,29.5,21.0,4.13,0.10816456749916392,23.63,19.34,27.28,15.66,31.26,3.98,MODERATE,Orographic Sahyadri Elevation Gradient,Manual demo override,MANUAL_OVERRIDE,,2026-09-09,,,,NOT_REQUESTED,27.3,18.8,69.5
MH_PUNE_556191,Wadavali,Wadavali,Mulshi,Pune,18.38259,73.5071,73.02,39.71,18.3,744.2,59.5,655.0,833.5,14.0,199.8,48.0,18.0,8.0,18.0,3.0,5.0,0.0,20.0,29.5,21.0,4.56,-0.12536824575414174,23.78,19.47,27.89,15.25,30.14,3.82,MODERATE,Orographic Sahyadri Elevation Gradient,Manual demo override,MANUAL_OVERRIDE,,2026-09-09,,,,NOT_REQUESTED,28.3,19.8,69.5
MH_PUNE_556189,Gadale,Gadale,Mulshi,Pune,18.3712,73.46965,69.94,43.83,21.9,884.3,70.7,778.2,990.3,14.0,198.4,48.0,18.0,8.0,18.0,3.0,5.0,0.0,20.0,29.5,21.0,4.13,0.22104648944361616,23.79,20.19,28.08,15.52,29.74,3.8,MODERATE,Orographic Sahyadri Elevation Gradient,Manual demo override,MANUAL_OVERRIDE,,2026-09-09,,,,NOT_REQUESTED,27.4,18.9,69.5
MH_PUNE_556194,Bembatmal,Bembatmal,Mulshi,Pune,18.38257,73.55137,77.34,35.51,14.1,637.0,51.0,560.5,713.5,14.0,201.4,48.0,18.0,8.0,18.0,3.0,5.0,0.0,20.0,29.5,21.0,2.73,-0.7266163941679411,21.58,17.72,26.11,14.11,28.68,3.69,MODERATE,Orographic Sahyadri Elevation Gradient,Manual demo override,MANUAL_OVERRIDE,,2026-09-09,,,,NOT_REQUESTED,29.0,20.5,68.6
MH_PUNE_556199,Saiv Kh,Saiv Kh,Mulshi,Pune,18.38057,73.58816,81.03,32.23,10.6,771.7,61.7,679.2,864.3,14.0,202.8,48.0,18.0,8.0,18.0,3.0,5.0,0.0,20.0,29.5,21.0,3.13,-1.276025875391329,21.33,17.11,25.73,13.34,28.51,3.89,MODERATE,Orographic Sahyadri Elevation Gradient,Manual demo override,MANUAL_OVERRIDE,,2026-09-09,,,,NOT_REQUESTED,28.1,19.6,68.5
MH_PUNE_556198,Mose Kh,Mose Kh,Mulshi,Pune,18.37732,73.57333,79.71,33.76,12.0,832.7,66.6,732.8,932.6,14.0,202.2,48.0,18.0,8.0,18.0,3.0,5.0,0.0,20.0,29.5,21.0,2.5,-1.0693351132825626,20.81,16.54,25.19,12.92,27.27,3.83,MODERATE,Orographic Sahyadri Elevation Gradient,Manual demo override,MANUAL_OVERRIDE,,2026-09-09,,,,NOT_REQUESTED,27.7,19.2,68.3
MH_PUNE_556197,Dhadawali,Dhadawali,Mulshi,Pune,18.37438,73.55856,78.38,35.28,13.4,788.3,63.1,693.7,883.0,14.0,201.7,48.0,18.0,8.0,18.0,3.0,5.0,0.0,20.0,29.5,21.0,2.39,-0.870632247067127,20.96,16.69,24.98,13.19,27.78,3.92,MODERATE,Orographic Sahyadri Elevation Gradient,Manual demo override,MANUAL_OVERRIDE,,2026-09-09,,,,NOT_REQUESTED,28.0,19.5,68.4
MH_PUNE_556557,Panshet,Panshet,Velhe,Pune,18.38038,73.61101,83.3,30.2,8.5,614.9,49.2,541.1,688.7,14.0,203.6,48.0,18.0,8.0,18.0,3.0,5.0,0.0,20.0,29.5,21.0,3.49,-1.6183687506893347,21.35,17.64,24.65,13.84,27.23,3.54,MODERATE,Orographic Sahyadri Elevation Gradient,Manual demo override,MANUAL_OVERRIDE,,2026-09-09,,,,NOT_REQUESTED,29.1,20.6,68.5
MH_PUNE_556173,Davaje,Davaje,Mulshi,Pune,18.40212,73.66926,88.32,23.78,2.9,580.7,46.5,511.0,650.5,14.0,205.8,48.0,18.0,8.0,18.0,3.0,5.0,0.0,20.0,29.5,21.0,2.41,-2.491274813779861,19.63,16.08,23.64,11.93,26.67,3.79,MODERATE,Orographic Sahyadri Elevation Gradient,Manual demo override,MANUAL_OVERRIDE,,2026-09-09,,,,NOT_REQUESTED,29.0,20.5,67.9
MH_PUNE_556196,Tav,Tav,Mulshi,Pune,18.36455,73.51184,74.29,40.13,17.9,637.0,51.0,560.5,713.5,14.0,199.9,48.0,18.0,8.0,18.0,3.0,5.0,0.0,20.0,29.5,21.0,4.54,-0.31030056708928216,23.8,19.86,27.74,15.56,30.53,3.85,MODERATE,Orographic Sahyadri Elevation Gradient,Manual demo override,MANUAL_OVERRIDE,,2026-09-09,,,,NOT_REQUESTED,29.0,20.5,69.5
MH_PUNE_556553,Kurvadi,Kurvadi,Velhe,Pune,18.37195,73.60323,82.75,31.41,9.2,635.0,50.8,558.8,711.2,14.0,203.3,48.0,18.0,8.0,18.0,3.0,5.0,0.0,20.0,29.5,21.0,3.49,-1.5210142926998724,21.21,16.83,24.55,14.1,27.63,3.59,MODERATE,Orographic Sahyadri Elevation Gradient,Manual demo override,MANUAL_OVERRIDE,,2026-09-09,,,,NOT_REQUESTED,29.0,20.5,68.5
MH_PUNE_556569,Vanjalwadi,Vanjalwadi,Velhe,Pune,18.36528,73.61816,83.24,30.55,7.8,642.9,51.4,565.8,720.0,14.0,203.9,48.0,18.0,8.0,18.0,3.0,5.0,0.0,20.0,29.5,21.0,3.49,-1.744287907944,21.05,15.99,25.1,13.53,28.19,3.95,MODERATE,Orographic Sahyadri Elevation Gradient,Manual demo override,MANUAL_OVERRIDE,,2026-09-09,,,,NOT_REQUESTED,29.0,20.5,68.4
MH_PUNE_556571,Vadghar,Vadghar,Velhe,Pune,18.35139,73.60774,81.36,32.37,8.8,829.7,66.4,730.1,929.3,14.0,203.5,48.0,18.0,8.0,18.0,3.0,5.0,0.0,20.0,29.5,21.0,3.13,-1.619916315306359,21.08,17.4,26.2,13.1,28.02,4.02,MODERATE,Orographic Sahyadri Elevation Gradient,Manual demo override,MANUAL_OVERRIDE,,2026-09-09,,,,NOT_REQUESTED,27.7,19.2,68.4
MH_PUNE_556542,Dapsare,Dapsare,Velhe,Pune,18.34722,73.4488,69.18,46.95,23.9,773.8,61.9,681.0,866.7,14.0,197.6,48.0,18.0,8.0,18.0,3.0,5.0,0.0,20.0,29.5,21.0,4.56,0.23611395712548855,24.35,19.67,27.95,15.87,31.27,3.87,MODERATE,Orographic Sahyadri Elevation Gradient,Manual demo override,MANUAL_OVERRIDE,,2026-09-09,,,,NOT_REQUESTED,28.1,19.6,69.7
MH_PUNE_556550,Kambegi,Kambegi,Velhe,Pune,18.35602,73.54969,77.76,37.12,14.3,664.9,53.2,585.1,744.7,14.0,201.3,48.0,18.0,8.0,18.0,3.0,5.0,0.0,20.0,29.5,21.0,2.73,-0.8361549855950261,21.47,17.62,24.97,12.86,28.78,4.0,MODERATE,Orographic Sahyadri Elevation Gradient,Manual demo override,MANUAL_OVERRIDE,,2026-09-09,,,,NOT_REQUESTED,28.8,20.3,68.6
MH_PUNE_556549,Koshimghar,Koshimghar,Velhe,Pune,18.34887,73.54139,76.6,38.28,15.1,641.9,51.4,564.8,719.0,14.0,201.0,48.0,18.0,8.0,18.0,3.0,5.0,0.0,20.0,29.5,21.0,2.73,-0.7638518954082526,21.48,17.54,25.93,13.94,28.28,3.7,MODERATE,Orographic Sahyadri Elevation Gradient,Manual demo override,MANUAL_OVERRIDE,,2026-09-09,,,,NOT_REQUESTED,29.0,20.5,68.6
MH_PUNE_556548,Balvadi,Balvadi,Velhe,Pune,18.34649,73.53138,75.73,39.32,16.0,707.0,56.6,622.1,791.9,14.0,200.7,48.0,18.0,8.0,18.0,3.0,5.0,0.0,20.0,29.5,21.0,2.75,-0.6526520680766061,21.57,17.47,26.11,13.86,28.41,3.74,MODERATE,Orographic Sahyadri Elevation Gradient,Manual demo override,MANUAL_OVERRIDE,,2026-09-09,,,,NOT_REQUESTED,28.5,20.0,68.6
MH_PUNE_556543,Kurtavadi,Kurtavadi,Velhe,Pune,18.34222,73.46819,71.24,45.37,22.0,837.8,67.0,737.3,938.3,14.0,198.3,48.0,18.0,8.0,18.0,3.0,5.0,0.0,20.0,29.5,21.0,4.67,0.016069232711802994,24.03,19.22,27.7,15.72,30.67,3.88,MODERATE,Orographic Sahyadri Elevation Gradient,Manual demo override,MANUAL_OVERRIDE,,2026-09-09,,,,NOT_REQUESTED,27.6,19.1,69.6
MH_PUNE_556546,Kasedi,Kasedi,Velhe,Pune,18.3445,73.50949,74.15,41.42,18.1,764.8,61.2,673.0,856.6,14.0,199.9,48.0,18.0,8.0,18.0,3.0,5.0,0.0,20.0,29.5,21.0,4.56,-0.4066510555281336,23.64,20.34,27.93,15.96,30.56,3.81,MODERATE,Orographic Sahyadri Elevation Gradient,Manual demo override,MANUAL_OVERRIDE,,2026-09-09,,,,NOT_REQUESTED,28.1,19.6,69.5
MH_PUNE_556572,Ambegaon Bk,Ambegaon Bk,Velhe,Pune,18.34507,73.59154,79.69,34.15,10.3,671.7,53.7,591.1,752.2,14.0,202.9,48.0,18.0,8.0,18.0,3.0,5.0,0.0,20.0,29.5,21.0,2.73,-1.4187102466189239,20.69,16.73,24.69,13.25,27.76,3.76,MODERATE,Orographic Sahyadri Elevation Gradient,Manual demo override,MANUAL_OVERRIDE,,2026-09-09,,,,NOT_REQUESTED,28.8,20.3,68.3
MH_PUNE_556544,Gondekhal,Gondekhal,Velhe,Pune,18.34179,73.48427,72.34,43.89,20.5,863.1,69.0,759.6,966.6,14.0,198.9,48.0,18.0,8.0,18.0,3.0,5.0,0.0,20.0,29.5,21.0,4.13,-0.1491156122117906,23.67,19.9,27.49,15.41,30.39,3.79,MODERATE,Orographic Sahyadri Elevation Gradient,Manual demo override,MANUAL_OVERRIDE,,2026-09-09,,,,NOT_REQUESTED,27.5,19.0,69.5
MH_PUNE_556545,Ghodkhal,Ghodkhal,Velhe,Pune,18.33282,73.49548,72.23,43.35,19.4,635.0,50.8,558.8,711.2,14.0,199.3,48.0,18.0,8.0,18.0,3.0,5.0,0.0,20.0,29.5,21.0,4.54,-0.3225824554736773,23.81,19.57,28.13,16.03,30.64,3.88,MODERATE,Orographic Sahyadri Elevation Gradient,Manual demo override,MANUAL_OVERRIDE,,2026-09-09,,,,NOT_REQUESTED,29.0,20.5,69.5
MH_PUNE_556575,Ghodshet,Ghodshet,Velhe,Pune,18.33411,73.55156,76.01,38.28,14.1,799.6,64.0,703.6,895.6,14.0,201.4,48.0,18.0,8.0,18.0,3.0,5.0,0.0,20.0,29.5,21.0,2.39,-0.9513117153148082,21.11,17.18,25.18,12.9,27.74,3.78,MODERATE,Orographic Sahyadri Elevation Gradient,Manual demo override,MANUAL_OVERRIDE,,2026-09-09,,,,NOT_REQUESTED,27.9,19.4,68.4
MH_PUNE_556574,Shirkoli,Shirkoli,Velhe,Pune,18.32722,73.5675,76.52,37.37,12.6,743.1,59.4,654.0,832.2,14.0,202.0,48.0,18.0,8.0,18.0,3.0,5.0,0.0,20.0,29.5,21.0,2.39,-1.1655266900533936,20.41,16.57,24.9,12.92,27.83,3.86,MODERATE,Orographic Sahyadri Elevation Gradient,Manual demo override,MANUAL_OVERRIDE,,2026-09-09,,,,NOT_REQUESTED,28.3,19.8,68.2
MH_PUNE_556578,Mangaon,Mangaon,Velhe,Pune,18.31287,73.50336,70.97,43.82,18.7,690.4,55.2,607.6,773.2,14.0,199.6,48.0,18.0,8.0,18.0,3.0,5.0,0.0,20.0,29.5,21.0,4.54,-0.5137814470273329,23.47,18.76,27.16,15.07,30.38,3.99,MODERATE,Orographic Sahyadri Elevation Gradient,Manual demo override,MANUAL_OVERRIDE,,2026-09-09,,,,NOT_REQUESTED,28.6,20.1,69.4
MH_PUNE_556580,Ghol,Ghol,Velhe,Pune,18.32132,73.4354,67.57,49.51,25.1,728.3,58.3,640.8,815.7,14.0,197.1,48.0,18.0,8.0,18.0,3.0,5.0,0.0,20.0,29.5,21.0,4.56,0.16115311987002534,24.32,20.25,28.53,15.91,31.57,3.88,MODERATE,Orographic Sahyadri Elevation Gradient,Manual demo override,MANUAL_OVERRIDE,,2026-09-09,,,,NOT_REQUESTED,28.4,19.9,69.7
MH_PUNE_556579,Tekpole,Tekpole,Velhe,Pune,18.31605,73.46606,68.9,46.97,22.2,816.4,65.3,718.4,914.3,14.0,198.2,48.0,18.0,8.0,18.0,3.0,5.0,0.0,20.0,29.5,21.0,4.67,-0.13732509136053106,24.5,21.11,28.59,16.67,31.32,3.76,MODERATE,Orographic Sahyadri Elevation Gradient,Manual demo override,MANUAL_OVERRIDE,,2026-09-09,,,,NOT_REQUESTED,27.8,19.3,69.8
MH_PUNE_556576,Thangaon,Thangaon,Velhe,Pune,18.32458,73.54104,74.48,39.8,15.1,877.7,70.2,772.4,983.0,14.0,201.0,48.0,18.0,8.0,18.0,3.0,5.0,0.0,20.0,29.5,21.0,4.13,-0.8657337112181411,22.67,19.24,27.79,15.32,29.09,3.66,MODERATE,Orographic Sahyadri Elevation Gradient,Manual demo override,MANUAL_OVERRIDE,,2026-09-09,,,,NOT_REQUESTED,27.4,18.9,69.1
MH_PUNE_556577,Pole,Pole,Velhe,Pune,18.31371,73.52653,72.57,41.75,16.5,783.6,62.7,689.6,877.7,14.0,200.5,48.0,18.0,8.0,18.0,3.0,5.0,0.0,20.0,29.5,21.0,4.56,-0.7509253892327051,23.18,19.37,27.02,15.18,30.37,3.62,MODERATE,Orographic Sahyadri Elevation Gradient,Manual demo override,MANUAL_OVERRIDE,,2026-09-09,,,,NOT_REQUESTED,28.0,19.5,69.3
MH_PUNE_556581,Khanu,Khanu,Velhe,Pune,18.2918,73.48498,67.93,46.74,20.4,775.4,62.0,682.4,868.4,14.0,198.9,48.0,18.0,8.0,18.0,3.0,5.0,0.0,20.0,29.5,21.0,4.56,-0.445401144665859,23.56,18.19,27.81,15.09,30.07,3.88,MODERATE,Orographic Sahyadri Elevation Gradient,Manual demo override,MANUAL_OVERRIDE,,2026-09-09,,,,NOT_REQUESTED,28.0,19.5,69.4
MH_PUNE_556585,Nivi,Nivi,Velhe,Pune,18.3021,73.58007,75.35,38.12,11.4,852.9,68.2,750.6,955.2,14.0,202.5,48.0,18.0,8.0,18.0,3.0,5.0,0.0,20.0,29.5,21.0,4.14,-1.370216840373181,22.37,18.33,26.59,14.0,29.65,3.95,MODERATE,Orographic Sahyadri Elevation Gradient,Manual demo override,MANUAL_OVERRIDE,,2026-09-09,,,,NOT_REQUESTED,27.5,19.0,68.9
MH_PUNE_556584,Ghisar,Ghisar,Velhe,Pune,18.29342,73.55192,72.62,41.0,14.1,840.4,67.2,739.6,941.2,14.0,201.4,48.0,18.0,8.0,18.0,3.0,5.0,0.0,20.0,29.5,21.0,4.14,-1.091968586484521,22.25,17.98,27.89,13.92,28.7,3.85,MODERATE,Orographic Sahyadri Elevation Gradient,Manual demo override,MANUAL_OVERRIDE,,2026-09-09,,,,NOT_REQUESTED,27.6,19.1,68.9
MH_PUNE_556586,Kanand,Kanand,Velhe,Pune,18.29573,73.60595,76.76,36.63,8.9,706.0,56.5,621.2,790.8,14.0,203.4,48.0,18.0,8.0,18.0,3.0,5.0,0.0,20.0,29.5,21.0,2.75,-1.6581448454017504,20.6,16.14,24.73,13.3,27.31,3.65,MODERATE,Orographic Sahyadri Elevation Gradient,Manual demo override,MANUAL_OVERRIDE,,2026-09-09,,,,NOT_REQUESTED,28.5,20.0,68.2
MH_PUNE_556080,Male,Male,Mulshi,Pune,18.49435,73.54491,72.96,32.41,14.7,994.7,79.6,875.3,1114.1,14.0,201.2,48.0,18.0,8.0,18.0,3.0,5.0,0.0,20.0,29.5,21.0,4.22,0.33738979432043725,24.17,20.78,28.22,16.87,31.15,3.71,MODERATE,Orographic Sahyadri Elevation Gradient,Manual demo override,MANUAL_OVERRIDE,,2026-09-09,,,,NOT_REQUESTED,26.6,18.1,69.7
MH_PUNE_556552,Ambegaon Kh,Ambegaon Kh,Velhe,Pune,18.36251,73.57744,80.18,34.26,11.6,679.9,54.4,598.3,761.5,14.0,202.4,48.0,18.0,8.0,18.0,3.0,5.0,0.0,20.0,29.5,21.0,2.87,-1.1822609038837064,21.16,16.84,25.13,12.56,28.22,3.89,MODERATE,Orographic Sahyadri Elevation Gradient,Manual demo override,MANUAL_OVERRIDE,,2026-09-09,,,,NOT_REQUESTED,28.7,20.2,68.5
MH_PUNE_556280,Arvi,Arvi,Haveli,Pune,18.37149,73.81484,98.83,18.01,-2.1,838.5,67.1,737.8,939.1,3.0,211.1,12.0,14.0,8.0,48.0,14.0,4.0,0.0,20.0,29.5,21.0,0.64,-3.7410401420582056,16.17,12.35,20.31,8.54,23.06,3.82,MODERATE,Orographic Sahyadri Elevation Gradient,Manual demo override,MANUAL_OVERRIDE,,2026-09-09,,,,NOT_REQUESTED,27.1,18.6,66.5
MH_PUNE_556262,Sangarun,Sangarun,Haveli,Pune,18.40003,73.69017,90.5,22.2,0.9,677.5,54.2,596.2,758.8,14.0,206.5,12.0,14.0,8.0,48.0,14.0,4.0,0.0,20.0,29.5,21.0,3.02,-2.785426825662403,19.57,15.82,23.56,11.61,26.23,3.78,MODERATE,Orographic Sahyadri Elevation Gradient,Manual demo override,MANUAL_OVERRIDE,,2026-09-09,,,,NOT_REQUESTED,28.3,19.8,67.8
MH_PUNE_556299,Mangadewadi,Mangadewadi,Haveli,Pune,18.40208,73.83959,103.01,14.27,-2.5,904.3,72.3,795.8,1012.7,3.0,212.1,12.0,14.0,8.0,48.0,14.0,4.0,0.0,20.0,29.5,21.0,0.64,-4.007765107726338,16.11,12.17,20.21,8.05,22.47,3.64,MODERATE,Orographic Sahyadri Elevation Gradient,Manual demo override,MANUAL_OVERRIDE,,2026-09-09,,,,NOT_REQUESTED,26.7,18.2,66.4
MH_PUNE_556258,Gorhe Kh,Gorhe Kh,Haveli,Pune,18.40228,73.75809,96.56,17.2,-1.0,728.5,58.3,641.1,816.0,3.0,209.0,12.0,14.0,8.0,48.0,14.0,4.0,0.0,20.0,29.5,21.0,0.64,-3.5632768614657415,16.59,12.65,20.57,9.06,23.43,3.73,MODERATE,Orographic Sahyadri Elevation Gradient,Manual demo override,MANUAL_OVERRIDE,,2026-09-09,,,,NOT_REQUESTED,27.8,19.3,66.6
MH_PUNE_556260,Mandvi Kh,Mandvi Kh,Haveli,Pune,18.40289,73.71904,93.32,19.76,-0.3,580.0,46.4,510.4,649.6,3.0,207.6,12.0,14.0,8.0,48.0,14.0,4.0,0.0,20.0,29.5,21.0,1.8,-3.1636212735292264,18.08,14.14,22.46,10.0,25.06,3.89,MODERATE,Rain-Shadow Plateau Topography,Manual demo override,MANUAL_OVERRIDE,,2026-09-09,,,,NOT_REQUESTED,28.8,20.3,67.2
MH_PUNE_556257,Donje,Donje,Haveli,Pune,18.39163,73.78755,98.07,16.74,-1.6,835.2,66.8,735.0,935.4,3.0,210.1,12.0,14.0,8.0,48.0,14.0,4.0,0.0,20.0,29.5,21.0,0.64,-3.721083322791332,16.4,12.98,20.4,9.22,23.55,3.69,MODERATE,Orographic Sahyadri Elevation Gradient,Manual demo override,MANUAL_OVERRIDE,,2026-09-09,,,,NOT_REQUESTED,27.1,18.6,66.6
MH_PUNE_556558,Kuran Bk,Kuran Bk,Velhe,Pune,18.39001,73.64174,85.99,26.92,5.5,591.3,47.3,520.4,662.3,14.0,204.7,48.0,18.0,8.0,18.0,3.0,5.0,0.0,20.0,29.5,21.0,3.49,-2.0711881415037383,20.97,17.5,25.18,13.06,27.61,3.66,MODERATE,Orographic Sahyadri Elevation Gradient,Manual demo override,MANUAL_OVERRIDE,,2026-09-09,,,,NOT_REQUESTED,28.9,20.4,68.4
MH_PUNE_556278,Sanas Nagar,Sanas Nagar,Haveli,Pune,18.39069,73.81401,100.12,15.95,-2.1,969.8,77.6,853.4,1086.2,3.0,211.1,12.0,14.0,8.0,48.0,14.0,4.0,0.0,20.0,29.5,21.0,0.64,-3.8531068182674977,16.3,11.75,19.09,9.35,22.76,3.44,MODERATE,Orographic Sahyadri Elevation Gradient,Manual demo override,MANUAL_OVERRIDE,,2026-09-09,,,,NOT_REQUESTED,26.3,17.8,66.5
MH_PUNE_556273,Jambhali,Jambhali,Haveli,Pune,18.38864,73.6627,88.13,25.25,3.5,580.0,46.4,510.4,649.6,14.0,205.5,12.0,14.0,8.0,48.0,14.0,4.0,0.0,20.0,29.5,21.0,3.02,-2.3790458189161447,20.12,15.31,24.21,12.09,26.92,3.79,MODERATE,Orographic Sahyadri Elevation Gradient,Manual demo override,MANUAL_OVERRIDE,,2026-09-09,,,,NOT_REQUESTED,29.0,20.5,68.0
MH_PUNE_556265,Manerwadi,Manerwadi,Haveli,Pune,18.3931,73.73793,94.31,19.27,-0.7,651.0,52.1,572.8,729.1,3.0,208.3,12.0,14.0,8.0,48.0,14.0,4.0,0.0,20.0,29.5,21.0,0.64,-3.3266128690311607,16.78,13.26,20.44,9.38,23.63,3.56,MODERATE,Orographic Sahyadri Elevation Gradient,Manual demo override,MANUAL_OVERRIDE,,2026-09-09,,,,NOT_REQUESTED,28.3,19.8,66.7
MH_PUNE_556268,Mordhari,Mordhari,Haveli,Pune,18.3712,73.76545,94.82,19.78,-1.2,819.1,65.5,720.8,917.3,3.0,209.3,12.0,14.0,8.0,48.0,14.0,4.0,0.0,20.0,29.5,21.0,0.64,-3.4521310804074092,16.69,12.34,21.11,9.12,23.38,3.7,MODERATE,Orographic Sahyadri Elevation Gradient,Manual demo override,MANUAL_OVERRIDE,,2026-09-09,,,,NOT_REQUESTED,27.3,18.8,66.7
MH_PUNE_556263,Malkhed,Malkhed,Haveli,Pune,18.38905,73.71656,92.36,21.07,-0.3,705.9,56.5,621.2,790.7,3.0,207.5,12.0,14.0,8.0,48.0,14.0,4.0,0.0,20.0,29.5,21.0,1.8,-3.0792521544667637,18.04,14.01,21.49,10.33,24.61,3.67,MODERATE,Orographic Sahyadri Elevation Gradient,Manual demo override,MANUAL_OVERRIDE,,2026-09-09,,,,NOT_REQUESTED,28.0,19.5,67.2
MH_PUNE_556272,Sonapur,Sonapur,Haveli,Pune,18.3805,73.68256,89.14,24.25,1.7,701.2,56.1,617.0,785.3,14.0,206.3,12.0,14.0,8.0,48.0,14.0,4.0,0.0,20.0,29.5,21.0,3.18,-2.6355588382867454,19.97,16.39,24.94,12.98,26.5,3.61,MODERATE,Orographic Sahyadri Elevation Gradient,Manual demo override,MANUAL_OVERRIDE,,2026-09-09,,,,NOT_REQUESTED,28.2,19.7,68.0
MH_PUNE_556631,Lashirgaon,Lashirgaon,Velhe,Pune,18.31154,73.70486,85.65,28.72,-0.1,742.0,59.4,652.9,831.1,3.0,207.1,48.0,18.0,8.0,18.0,3.0,5.0,0.0,20.0,29.5,21.0,2.53,-2.6783038245008854,19.35,15.79,22.72,11.46,26.03,3.69,MODERATE,Orographic Sahyadri Elevation Gradient,Manual demo override,MANUAL_OVERRIDE,,2026-09-09,,,,NOT_REQUESTED,27.8,19.3,67.7
MH_PUNE_556676,Ranje,Ranje,Bhor,Pune,18.33164,73.82874,97.28,22.17,-2.3,759.2,60.7,668.2,850.3,3.0,211.7,48.0,18.0,8.0,18.0,3.0,5.0,0.0,20.0,29.5,21.0,0.64,-3.570967648395255,16.39,12.34,19.82,8.73,22.78,3.54,MODERATE,Orographic Sahyadri Elevation Gradient,Manual demo override,MANUAL_OVERRIDE,,2026-09-09,,,,NOT_REQUESTED,27.6,19.1,66.6
MH_PUNE_556595,Dapode,Dapode,Velhe,Pune,18.31487,73.69078,84.77,29.23,0.9,729.0,58.3,641.5,816.4,14.0,206.6,48.0,18.0,8.0,18.0,3.0,5.0,0.0,20.0,29.5,21.0,3.41,-2.555902858320292,20.25,16.29,23.89,12.28,27.26,3.85,MODERATE,Orographic Sahyadri Elevation Gradient,Manual demo override,MANUAL_OVERRIDE,,2026-09-09,,,,NOT_REQUESTED,28.0,19.5,68.1
MH_PUNE_556200,Chikhali Bk,Chikhali Bk,Mulshi,Pune,18.39332,73.62859,84.56,27.86,6.8,636.9,51.0,560.4,713.4,14.0,204.3,48.0,18.0,8.0,18.0,3.0,5.0,0.0,20.0,29.5,21.0,3.49,-1.8672917111657095,21.1,17.82,24.91,13.09,28.22,3.63,MODERATE,Orographic Sahyadri Elevation Gradient,Manual demo override,MANUAL_OVERRIDE,,2026-09-09,,,,NOT_REQUESTED,28.6,20.1,68.4
MH_PUNE_556271,Wardade,Wardade,Haveli,Pune,18.37207,73.71311,90.8,22.73,-0.2,624.4,50.0,549.4,699.4,3.0,207.4,12.0,14.0,8.0,48.0,14.0,4.0,0.0,20.0,29.5,21.0,1.8,-2.9737991759613047,18.3,14.31,22.07,10.57,25.14,3.72,MODERATE,Orographic Sahyadri Elevation Gradient,Manual demo override,MANUAL_OVERRIDE,,2026-09-09,,,,NOT_REQUESTED,28.5,20.0,67.3
MH_PUNE_556266,Sambarewadi,Sambarewadi,Haveli,Pune,18.38658,73.74713,94.52,19.29,-0.8,677.2,54.2,595.9,758.5,3.0,208.6,12.0,14.0,8.0,48.0,14.0,4.0,0.0,20.0,29.5,21.0,0.64,-3.382322403128029,16.65,12.76,20.28,8.1,23.4,3.78,MODERATE,Orographic Sahyadri Elevation Gradient,Manual demo override,MANUAL_OVERRIDE,,2026-09-09,,,,NOT_REQUESTED,28.2,19.7,66.7
MH_PUNE_556672,Sasewadi,Sasewadi,Bhor,Pune,18.37651,73.83986,101.24,17.1,-2.5,905.1,72.4,796.5,1013.7,3.0,212.1,48.0,18.0,8.0,18.0,3.0,5.0,0.0,20.0,29.5,21.0,0.64,-3.8570732524479743,16.17,12.19,20.34,8.91,22.29,3.55,MODERATE,Orographic Sahyadri Elevation Gradient,Manual demo override,MANUAL_OVERRIDE,,2026-09-09,,,,NOT_REQUESTED,26.7,18.2,66.5
MH_PUNE_556561,Osade,Osade,Velhe,Pune,18.37734,73.69217,89.61,23.78,0.7,660.0,52.8,580.8,739.2,14.0,206.6,48.0,18.0,8.0,18.0,3.0,5.0,0.0,20.0,29.5,21.0,2.32,-2.7486433867355577,18.97,15.21,22.3,10.71,26.98,3.95,MODERATE,Orographic Sahyadri Elevation Gradient,Manual demo override,MANUAL_OVERRIDE,,2026-09-09,,,,NOT_REQUESTED,28.4,19.9,67.6
MH_PUNE_556562,Nigade Mose,Nigade Mose,Velhe,Pune,18.37203,73.69769,89.62,23.8,0.2,649.7,52.0,571.7,727.7,14.0,206.8,48.0,18.0,8.0,18.0,3.0,5.0,0.0,20.0,29.5,21.0,2.32,-2.7988733661491043,18.96,14.69,23.38,11.37,25.47,3.88,MODERATE,Orographic Sahyadri Elevation Gradient,Manual demo override,MANUAL_OVERRIDE,,2026-09-09,,,,NOT_REQUESTED,28.5,20.0,67.6
MH_PUNE_556567,Rule,Rule,Velhe,Pune,18.3607,73.66766,86.47,26.91,3.1,970.9,77.7,854.3,1087.4,14.0,205.7,48.0,18.0,8.0,18.0,3.0,5.0,0.0,20.0,29.5,21.0,1.42,-2.4045088508915993,18.47,14.49,22.2,10.76,25.63,3.7,MODERATE,Orographic Sahyadri Elevation Gradient,Manual demo override,MANUAL_OVERRIDE,,2026-09-09,,,,NOT_REQUESTED,26.4,17.9,67.4
MH_PUNE_556205,Pimpale Saudagar,Pimpale Saudagar,Haveli,Pune,18.5824,73.81289,99.57,7.02,-2.0,565.9,45.3,498.0,633.9,3.0,211.1,12.0,14.0,8.0,48.0,14.0,4.0,0.0,20.0,29.5,21.0,0.64,-4.280419805967244,15.73,11.28,19.17,7.64,22.34,3.77,MODERATE,Riparian Godavari River Valley,Manual demo override,MANUAL_OVERRIDE,,2026-09-09,,,,NOT_REQUESTED,28.9,20.4,66.3
MH_PUNE_556560,Ranvadi,Ranvadi,Velhe,Pune,18.37494,73.65207,86.46,27.08,4.6,634.9,50.8,558.7,711.1,14.0,205.1,48.0,18.0,8.0,18.0,3.0,5.0,0.0,20.0,29.5,21.0,3.49,-2.216408357537734,20.9,17.58,24.88,13.45,27.26,3.71,MODERATE,Orographic Sahyadri Elevation Gradient,Manual demo override,MANUAL_OVERRIDE,,2026-09-09,,,,NOT_REQUESTED,28.6,20.1,68.4
MH_PUNE_556559,Kuran Kh,Kuran Kh,Velhe,Pune,18.37288,73.63371,84.97,28.74,6.3,647.8,51.8,570.1,725.5,14.0,204.4,48.0,18.0,8.0,18.0,3.0,5.0,0.0,20.0,29.5,21.0,3.49,-1.9580579210899998,20.94,16.66,25.16,13.39,27.38,3.7,MODERATE,Orographic Sahyadri Elevation Gradient,Manual demo override,MANUAL_OVERRIDE,,2026-09-09,,,,NOT_REQUESTED,28.5,20.0,68.4
MH_PUNE_556284,Gaud Dara,Gaud Dara,Haveli,Pune,18.35794,73.83227,99.34,19.22,-2.4,791.3,63.3,696.3,886.2,3.0,211.8,12.0,14.0,8.0,48.0,14.0,4.0,0.0,20.0,29.5,21.0,0.64,-3.7270610127386714,16.31,12.48,20.37,7.95,23.0,3.71,MODERATE,Orographic Sahyadri Elevation Gradient,Manual demo override,MANUAL_OVERRIDE,,2026-09-09,,,,NOT_REQUESTED,27.4,18.9,66.5
MH_PUNE_556270,Bhagatwadi,Bhagatwadi,Haveli,Pune,18.36493,73.72745,91.36,22.45,-0.5,679.5,54.4,597.9,761.1,3.0,207.9,12.0,14.0,8.0,48.0,14.0,4.0,0.0,20.0,29.5,21.0,0.64,-3.0922734854162117,17.09,12.99,20.82,9.15,24.27,3.89,MODERATE,Orographic Sahyadri Elevation Gradient,Manual demo override,MANUAL_OVERRIDE,,2026-09-09,,,,NOT_REQUESTED,28.2,19.7,66.8
MH_PUNE_556566,Ambed,Ambed,Velhe,Pune,18.35635,73.68602,87.52,25.92,1.3,729.9,58.4,642.3,817.5,14.0,206.4,48.0,18.0,8.0,18.0,3.0,5.0,0.0,20.0,29.5,21.0,3.49,-2.6166554931185546,20.21,15.81,24.96,13.02,27.15,3.72,MODERATE,Orographic Sahyadri Elevation Gradient,Manual demo override,MANUAL_OVERRIDE,,2026-09-09,,,,NOT_REQUESTED,28.0,19.5,68.1
MH_PUNE_556568,Kadave,Kadave,Velhe,Pune,18.34626,73.6279,82.39,31.09,6.8,826.8,66.1,727.6,925.9,14.0,204.2,48.0,18.0,8.0,18.0,3.0,5.0,0.0,20.0,29.5,21.0,3.13,-1.8872856042445518,21.05,17.47,25.15,12.6,27.61,3.79,MODERATE,Orographic Sahyadri Elevation Gradient,Manual demo override,MANUAL_OVERRIDE,,2026-09-09,,,,NOT_REQUESTED,27.7,19.2,68.4
MH_PUNE_556565,Khamgaon,Khamgaon,Velhe,Pune,18.34693,73.69112,87.19,26.37,0.8,720.5,57.6,634.1,806.9,14.0,206.6,48.0,18.0,8.0,18.0,3.0,5.0,0.0,20.0,29.5,21.0,3.41,-2.648063226565408,20.25,15.8,24.14,12.57,27.14,3.8,MODERATE,Orographic Sahyadri Elevation Gradient,Manual demo override,MANUAL_OVERRIDE,,2026-09-09,,,,NOT_REQUESTED,28.0,19.5,68.1
MH_PUNE_556564,Ranjane,Ranjane,Velhe,Pune,18.3412,73.70297,87.68,26.1,-0.1,725.6,58.1,638.5,812.8,3.0,207.0,48.0,18.0,8.0,18.0,3.0,5.0,0.0,20.0,29.5,21.0,2.89,-2.7554807052766126,19.79,16.33,23.65,12.68,26.07,3.46,MODERATE,Orographic Sahyadri Elevation Gradient,Manual demo override,MANUAL_OVERRIDE,,2026-09-09,,,,NOT_REQUESTED,27.9,19.4,67.9
MH_PUNE_556269,Thoptewadi,Thoptewadi,Haveli,Pune,18.36251,73.76211,93.92,20.8,-1.1,1094.1,87.5,962.9,1225.4,3.0,209.2,12.0,14.0,8.0,48.0,14.0,4.0,0.0,20.0,29.5,21.0,0.64,-3.3801155325691825,16.71,12.93,20.67,8.4,22.89,3.67,MODERATE,Orographic Sahyadri Elevation Gradient,Manual demo override,MANUAL_OVERRIDE,,2026-09-09,,,,NOT_REQUESTED,25.5,17.0,66.7
MH_PUNE_556563,Kondgaon,Kondgaon,Velhe,Pune,18.36014,73.71172,89.78,23.86,-0.2,668.6,53.5,588.4,748.9,3.0,207.3,48.0,18.0,8.0,18.0,3.0,5.0,0.0,20.0,29.5,21.0,1.8,-2.9132398689250643,18.27,14.09,22.07,10.58,25.17,3.64,MODERATE,Orographic Sahyadri Elevation Gradient,Manual demo override,MANUAL_OVERRIDE,,2026-09-09,,,,NOT_REQUESTED,28.2,19.7,67.3
MH_PUNE_556275,Khamgaon Mawal,Khamgaon Mawal,Haveli,Pune,18.35497,73.72814,90.68,23.32,-0.5,716.1,57.3,630.2,802.1,3.0,207.9,12.0,14.0,8.0,48.0,14.0,4.0,0.0,20.0,29.5,21.0,0.64,-3.055362770037718,17.16,13.43,21.43,8.69,23.68,3.87,MODERATE,Orographic Sahyadri Elevation Gradient,Manual demo override,MANUAL_OVERRIDE,,2026-09-09,,,,NOT_REQUESTED,27.9,19.4,66.9
MH_PUNE_556283,Tanaji Nagar,Tanaji Nagar,Haveli,Pune,18.35513,73.81417,97.64,19.81,-2.1,802.1,64.2,705.8,898.4,3.0,211.1,12.0,14.0,8.0,48.0,14.0,4.0,0.0,20.0,29.5,21.0,0.64,-3.6428506977119066,16.29,12.8,19.79,8.88,24.33,3.78,MODERATE,Orographic Sahyadri Elevation Gradient,Manual demo override,MANUAL_OVERRIDE,,2026-09-09,,,,NOT_REQUESTED,27.4,18.9,66.5
MH_PUNE_556282,Awasare Nagar,Awasare Nagar,Haveli,Pune,18.35348,73.79753,96.15,20.39,-1.8,821.7,65.7,723.1,920.2,3.0,210.5,12.0,14.0,8.0,48.0,14.0,4.0,0.0,20.0,29.5,21.0,0.64,-3.5546239081926347,16.62,12.79,19.82,8.42,23.47,3.7,MODERATE,Orographic Sahyadri Elevation Gradient,Manual demo override,MANUAL_OVERRIDE,,2026-09-09,,,,NOT_REQUESTED,27.2,18.7,66.6
MH_PUNE_556281,Kalyan,Kalyan,Haveli,Pune,18.35099,73.77535,94.16,21.41,-1.4,928.3,74.3,816.8,1039.7,3.0,209.7,12.0,14.0,8.0,48.0,14.0,4.0,0.0,20.0,29.5,21.0,0.64,-3.410904880682562,16.79,12.26,21.57,8.64,23.47,3.78,MODERATE,Orographic Sahyadri Elevation Gradient,Manual demo override,MANUAL_OVERRIDE,,2026-09-09,,,,NOT_REQUESTED,26.5,18.0,66.7
MH_PUNE_556286,Kondhanpur,Kondhanpur,Haveli,Pune,18.34515,73.79536,95.4,21.35,-1.7,805.1,64.4,708.5,901.7,3.0,210.4,12.0,14.0,8.0,48.0,14.0,4.0,0.0,20.0,29.5,21.0,0.64,-3.4968260884999127,16.31,12.58,20.75,7.82,23.4,3.87,MODERATE,Orographic Sahyadri Elevation Gradient,Manual demo override,MANUAL_OVERRIDE,,2026-09-09,,,,NOT_REQUESTED,27.3,18.8,66.5
MH_PUNE_556276,Mogarwadi,Mogarwadi,Haveli,Pune,18.33816,73.7316,89.72,24.72,-0.6,1041.6,83.3,916.6,1166.5,3.0,208.1,12.0,14.0,8.0,48.0,14.0,4.0,0.0,20.0,29.5,21.0,0.64,-3.014240042381884,17.15,14.14,20.99,8.99,23.19,3.6,MODERATE,Orographic Sahyadri Elevation Gradient,Manual demo override,MANUAL_OVERRIDE,,2026-09-09,,,,NOT_REQUESTED,25.8,17.3,66.9
MH_PUNE_556289,Shiwapur,Shiwapur,Haveli,Pune,18.33904,73.83553,98.34,21.29,-2.4,746.6,59.7,657.0,836.1,3.0,211.9,12.0,14.0,8.0,48.0,14.0,4.0,0.0,20.0,29.5,21.0,0.64,-3.633400608296955,16.72,12.41,20.65,8.82,23.79,3.89,MODERATE,Orographic Sahyadri Elevation Gradient,Manual demo override,MANUAL_OVERRIDE,,2026-09-09,,,,NOT_REQUESTED,27.7,19.2,66.7
MH_PUNE_556288,Rahatwade,Rahatwade,Haveli,Pune,18.33407,73.79903,94.94,22.44,-1.8,822.4,65.8,723.7,921.1,3.0,210.6,12.0,14.0,8.0,48.0,14.0,4.0,0.0,20.0,29.5,21.0,0.64,-3.4559525429524944,16.59,12.73,20.4,8.77,22.93,3.66,MODERATE,Orographic Sahyadri Elevation Gradient,Manual demo override,MANUAL_OVERRIDE,,2026-09-09,,,,NOT_REQUESTED,27.2,18.7,66.6
MH_PUNE_556594,Pabe,Pabe,Velhe,Pune,18.32,73.66847,83.4,30.2,3.0,723.8,57.9,637.0,810.7,14.0,205.7,48.0,18.0,8.0,18.0,3.0,5.0,0.0,20.0,29.5,21.0,3.49,-2.340797459779699,20.69,16.48,23.97,13.24,27.48,3.61,MODERATE,Orographic Sahyadri Elevation Gradient,Manual demo override,MANUAL_OVERRIDE,,2026-09-09,,,,NOT_REQUESTED,28.4,19.9,68.3
MH_PUNE_556589,Vihir,Vihir,Velhe,Pune,18.32329,73.62979,80.71,32.68,6.7,821.4,65.7,722.8,919.9,14.0,204.3,48.0,18.0,8.0,18.0,3.0,5.0,0.0,20.0,29.5,21.0,3.13,-1.9124130311946637,20.61,16.32,25.49,12.68,27.02,3.66,MODERATE,Orographic Sahyadri Elevation Gradient,Manual demo override,MANUAL_OVERRIDE,,2026-09-09,,,,NOT_REQUESTED,27.7,19.2,68.2
MH_PUNE_556590,Dhanep,Dhanep,Velhe,Pune,18.32065,73.6438,81.56,31.86,5.3,929.9,74.4,818.3,1041.5,14.0,204.8,48.0,18.0,8.0,18.0,3.0,5.0,0.0,20.0,29.5,21.0,1.42,-2.0716070281839847,18.97,14.64,22.79,11.59,25.34,3.55,MODERATE,Orographic Sahyadri Elevation Gradient,Manual demo override,MANUAL_OVERRIDE,,2026-09-09,,,,NOT_REQUESTED,27.0,18.5,67.6
MH_PUNE_556677,Kusagaon,Kusagaon,Bhor,Pune,18.3195,73.8189,95.64,23.64,-2.1,829.6,66.4,730.0,929.2,3.0,211.3,48.0,18.0,8.0,18.0,3.0,5.0,0.0,20.0,29.5,21.0,0.64,-3.470813176051891,16.66,13.09,20.07,8.83,23.73,3.73,MODERATE,Orographic Sahyadri Elevation Gradient,Manual demo override,MANUAL_OVERRIDE,,2026-09-09,,,,NOT_REQUESTED,27.2,18.7,66.7
MH_PUNE_556633,Vinzar,Vinzar,Velhe,Pune,18.30824,73.73248,87.65,27.6,-0.6,860.9,68.9,757.6,964.3,3.0,208.1,48.0,18.0,8.0,18.0,3.0,5.0,0.0,20.0,29.5,21.0,0.64,-2.9004686633353267,17.25,13.47,20.5,9.59,23.86,3.59,MODERATE,Orographic Sahyadri Elevation Gradient,Manual demo override,MANUAL_OVERRIDE,,2026-09-09,,,,NOT_REQUESTED,27.0,18.5,66.9
MH_PUNE_556635,Wanganichi Wadi,Wanganichi Wadi,Velhe,Pune,18.32204,73.76734,91.48,24.71,-1.2,838.3,67.1,737.6,938.9,3.0,209.4,48.0,18.0,8.0,18.0,3.0,5.0,0.0,20.0,29.5,21.0,0.64,-3.2114729373874944,16.96,13.69,21.26,9.11,23.89,3.89,MODERATE,Orographic Sahyadri Elevation Gradient,Manual demo override,MANUAL_OVERRIDE,,2026-09-09,,,,NOT_REQUESTED,27.1,18.6,66.8
MH_PUNE_556636,Wangani,Wangani,Velhe,Pune,18.31158,73.7824,92.02,25.31,-1.5,789.5,63.2,694.7,884.3,3.0,209.9,48.0,18.0,8.0,18.0,3.0,5.0,0.0,20.0,29.5,21.0,0.64,-3.253623850892164,16.73,12.7,20.37,8.62,23.94,4.01,MODERATE,Orographic Sahyadri Elevation Gradient,Manual demo override,MANUAL_OVERRIDE,,2026-09-09,,,,NOT_REQUESTED,27.4,18.9,66.7
MH_PUNE_556632,Malavali,Malavali,Velhe,Pune,18.30442,73.71308,85.8,28.95,-0.2,782.1,62.6,688.2,876.0,3.0,207.4,48.0,18.0,8.0,18.0,3.0,5.0,0.0,20.0,29.5,21.0,2.53,-2.727999442073782,19.34,15.75,23.54,11.33,26.07,3.8,MODERATE,Orographic Sahyadri Elevation Gradient,Manual demo override,MANUAL_OVERRIDE,,2026-09-09,,,,NOT_REQUESTED,27.5,19.0,67.7
MH_PUNE_556592,Kondhavale Bk,Kondhavale Bk,Velhe,Pune,18.3062,73.65668,81.44,32.18,4.1,695.8,55.7,612.3,779.4,14.0,205.3,48.0,18.0,8.0,18.0,3.0,5.0,0.0,20.0,29.5,21.0,3.49,-2.1961571214330835,20.96,17.13,24.14,13.76,27.12,3.52,MODERATE,Orographic Sahyadri Elevation Gradient,Manual demo override,MANUAL_OVERRIDE,,2026-09-09,,,,NOT_REQUESTED,28.6,20.1,68.4
MH_PUNE_556634,Kolavadi,Kolavadi,Velhe,Pune,18.29685,73.75149,88.44,27.93,-0.9,833.1,66.6,733.2,933.0,3.0,208.8,48.0,18.0,8.0,18.0,3.0,5.0,0.0,20.0,29.5,21.0,0.64,-2.9951422644429995,17.06,13.0,21.63,9.97,23.91,3.76,MODERATE,Orographic Sahyadri Elevation Gradient,Manual demo override,MANUAL_OVERRIDE,,2026-09-09,,,,NOT_REQUESTED,27.2,18.7,66.8
MH_PUNE_556591,Kondhavale Kh,Kondhavale Kh,Velhe,Pune,18.30628,73.65067,80.98,32.57,4.7,721.1,57.7,634.5,807.6,14.0,205.1,48.0,18.0,8.0,18.0,3.0,5.0,0.0,20.0,29.5,21.0,3.49,-2.1336615194214996,20.55,16.16,24.91,12.8,26.98,3.64,MODERATE,Orographic Sahyadri Elevation Gradient,Manual demo override,MANUAL_OVERRIDE,,2026-09-09,,,,NOT_REQUESTED,28.4,19.9,68.2
MH_PUNE_556287,Mordari,Mordari,Haveli,Pune,18.33687,73.76309,92.17,23.35,-1.1,960.7,76.9,845.3,1076.0,3.0,209.2,12.0,14.0,8.0,48.0,14.0,4.0,0.0,20.0,29.5,21.0,0.64,-3.254958792232359,16.79,12.8,21.02,9.19,24.04,3.81,MODERATE,Orographic Sahyadri Elevation Gradient,Manual demo override,MANUAL_OVERRIDE,,2026-09-09,,,,NOT_REQUESTED,26.3,17.8,66.7
MH_PUNE_556678,Khopi,Khopi,Bhor,Pune,18.31115,73.84181,97.07,24.35,-2.6,738.5,59.1,649.8,827.1,3.0,212.1,48.0,18.0,8.0,18.0,3.0,5.0,0.0,20.0,29.5,21.0,0.64,-3.513282861097836,16.49,12.47,20.57,8.03,23.42,3.82,MODERATE,Orographic Sahyadri Elevation Gradient,Manual demo override,MANUAL_OVERRIDE,,2026-09-09,,,,NOT_REQUESTED,27.8,19.3,66.6
MH_PUNE_556640,Katavadi,Katavadi,Velhe,Pune,18.30122,73.76483,89.85,26.98,-1.2,754.4,60.4,663.8,845.0,3.0,209.3,48.0,18.0,8.0,18.0,3.0,5.0,0.0,20.0,29.5,21.0,0.64,-3.101105240259835,16.88,13.03,21.19,9.74,23.6,3.71,MODERATE,Orographic Sahyadri Elevation Gradient,Manual demo override,MANUAL_OVERRIDE,,2026-09-09,,,,NOT_REQUESTED,27.7,19.2,66.8
MH_PUNE_556599,Velhe Bk,Velhe Bk,Velhe,Pune,18.29649,73.63567,79.08,34.43,6.1,724.0,57.9,637.2,810.9,14.0,204.5,48.0,18.0,8.0,18.0,3.0,5.0,0.0,20.0,29.5,21.0,2.75,-1.9703944293475204,20.31,16.12,24.38,11.52,27.03,4.06,MODERATE,Orographic Sahyadri Elevation Gradient,Manual demo override,MANUAL_OVERRIDE,,2026-09-09,,,,NOT_REQUESTED,28.4,19.9,68.1
MH_PUNE_556637,Boravale,Boravale,Velhe,Pune,18.2978,73.79854,92.48,26.38,-1.8,828.9,66.3,729.5,928.4,3.0,210.5,48.0,18.0,8.0,18.0,3.0,5.0,0.0,20.0,29.5,21.0,0.64,-3.2753164345720696,16.93,12.8,21.41,8.8,23.03,3.69,MODERATE,Orographic Sahyadri Elevation Gradient,Manual demo override,MANUAL_OVERRIDE,,2026-09-09,,,,NOT_REQUESTED,27.2,18.7,66.8
MH_PUNE_556684,Parwadi,Parwadi,Bhor,Pune,18.29443,73.81464,93.65,26.46,-2.1,740.5,59.2,651.7,829.3,3.0,211.1,48.0,18.0,8.0,18.0,3.0,5.0,0.0,20.0,29.5,21.0,0.64,-3.3342297464088237,16.74,13.24,20.25,9.42,23.37,3.63,MODERATE,Orographic Sahyadri Elevation Gradient,Manual demo override,MANUAL_OVERRIDE,,2026-09-09,,,,NOT_REQUESTED,27.8,19.3,66.7
MH_PUNE_556638,Nigde Bk,Nigde Bk,Velhe,Pune,18.2946,73.79148,91.67,26.89,-1.6,721.0,57.7,634.4,807.5,3.0,210.3,48.0,18.0,8.0,18.0,3.0,5.0,0.0,20.0,29.5,21.0,0.64,-3.2254290957532317,16.92,13.02,20.68,9.0,24.58,3.89,MODERATE,Orographic Sahyadri Elevation Gradient,Manual demo override,MANUAL_OVERRIDE,,2026-09-09,,,,NOT_REQUESTED,27.9,19.4,66.8
MH_PUNE_556597,Brahmanghar,Brahmanghar,Velhe,Pune,18.2895,73.66285,80.69,33.24,3.5,842.6,67.4,741.5,943.7,14.0,205.5,48.0,18.0,8.0,18.0,3.0,5.0,0.0,20.0,29.5,21.0,1.48,-2.234961808370284,18.97,15.18,22.81,10.83,25.89,3.82,MODERATE,Orographic Sahyadri Elevation Gradient,Manual demo override,MANUAL_OVERRIDE,,2026-09-09,,,,NOT_REQUESTED,27.6,19.1,67.6
MH_PUNE_555995,Brahmanwadi,Brahmanwadi,Mawal,Pune,18.71657,73.58566,75.87,34.73,10.9,783.4,62.7,689.4,877.5,14.0,202.7,48.0,18.0,8.0,18.0,3.0,5.0,0.0,20.0,29.5,21.0,2.39,2.332524286157249,24.24,20.46,28.66,16.54,32.33,3.99,MODERATE,Orographic Sahyadri Elevation Gradient,Manual demo override,MANUAL_OVERRIDE,,2026-09-09,,,,NOT_REQUESTED,28.0,19.5,69.7
MH_PUNE_556639,Mangdari,Mangdari,Velhe,Pune,18.29015,73.78126,90.51,27.64,-1.5,704.3,56.3,619.8,788.7,3.0,209.9,48.0,18.0,8.0,18.0,3.0,5.0,0.0,20.0,29.5,21.0,0.64,-3.1513833982443904,16.9,12.84,21.01,8.95,24.71,3.85,MODERATE,Orographic Sahyadri Elevation Gradient,Manual demo override,MANUAL_OVERRIDE,,2026-09-09,,,,NOT_REQUESTED,28.0,19.5,66.8
MH_PUNE_556596,Khodad,Khodad,Velhe,Pune,18.28818,73.67202,81.32,32.8,2.7,731.2,58.5,643.4,818.9,14.0,205.9,48.0,18.0,8.0,18.0,3.0,5.0,0.0,20.0,29.5,21.0,3.49,-2.319377422581672,20.63,16.27,24.56,12.58,27.02,3.86,MODERATE,Orographic Sahyadri Elevation Gradient,Manual demo override,MANUAL_OVERRIDE,,2026-09-09,,,,NOT_REQUESTED,28.4,19.9,68.3
MH_PUNE_556598,Velhe Bk Ghera,Velhe Bk Ghera,Velhe,Pune,18.28993,73.6564,80.21,33.61,4.1,799.8,64.0,703.8,895.8,14.0,205.3,48.0,18.0,8.0,18.0,3.0,5.0,0.0,20.0,29.5,21.0,2.51,-2.1733224153995923,19.8,16.3,24.26,12.04,27.08,3.77,MODERATE,Orographic Sahyadri Elevation Gradient,Manual demo override,MANUAL_OVERRIDE,,2026-09-09,,,,NOT_REQUESTED,27.9,19.4,67.9
MH_PUNE_556629,Khariv,Khariv,Velhe,Pune,18.29099,73.68517,82.58,31.76,1.4,701.2,56.1,617.0,785.3,14.0,206.4,48.0,18.0,8.0,18.0,3.0,5.0,0.0,20.0,29.5,21.0,3.65,-2.445565085897765,20.77,16.82,24.53,12.43,27.18,3.87,MODERATE,Orographic Sahyadri Elevation Gradient,Manual demo override,MANUAL_OVERRIDE,,2026-09-09,,,,NOT_REQUESTED,28.6,20.1,68.3
MH_PUNE_556628,Antroli,Antroli,Velhe,Pune,18.31457,73.61269,78.75,34.65,8.3,730.0,58.4,642.4,817.6,14.0,203.7,48.0,18.0,8.0,18.0,3.0,5.0,0.0,20.0,29.5,21.0,2.75,-1.7182764761555407,20.36,16.45,23.46,12.26,28.19,3.83,MODERATE,Orographic Sahyadri Elevation Gradient,Manual demo override,MANUAL_OVERRIDE,,2026-09-09,,,,NOT_REQUESTED,28.4,19.9,68.1
MH_PUNE_556267,Ghera Sinhagad,Ghera Sinhagad,Haveli,Pune,18.37236,73.75914,94.4,19.98,-1.1,1011.2,80.9,889.8,1132.5,3.0,209.1,12.0,14.0,8.0,48.0,14.0,4.0,0.0,20.0,29.5,21.0,0.64,-3.409867691681555,16.74,12.06,21.9,8.49,23.87,3.99,MODERATE,Orographic Sahyadri Elevation Gradient,Manual demo override,MANUAL_OVERRIDE,,2026-09-09,,,,NOT_REQUESTED,26.0,17.5,66.7
MH_PUNE_556264,Khanapur,Khanapur,Haveli,Pune,18.39457,73.74017,94.59,19.0,-0.7,685.9,54.9,603.5,768.2,3.0,208.4,12.0,14.0,8.0,48.0,14.0,4.0,0.0,20.0,29.5,21.0,0.64,-3.3561134271004973,16.78,13.13,20.25,9.18,23.6,3.76,MODERATE,Orographic Sahyadri Elevation Gradient,Manual demo override,MANUAL_OVERRIDE,,2026-09-09,,,,NOT_REQUESTED,28.1,19.6,66.7
MH_PUNE_556274,Ambee,Ambee,Haveli,Pune,18.3532,73.64713,84.36,29.06,5.0,854.7,68.4,752.1,957.3,14.0,204.9,12.0,14.0,8.0,48.0,14.0,4.0,0.0,20.0,29.5,21.0,2.1,-2.1350061331803083,19.75,15.18,23.96,10.97,27.97,4.03,MODERATE,Orographic Sahyadri Elevation Gradient,Manual demo override,MANUAL_OVERRIDE,,2026-09-09,,,,NOT_REQUESTED,27.2,18.7,67.9
MH_PUNE_556570,Dhindali,Dhindali,Velhe,Pune,18.36977,73.62718,84.25,29.49,6.9,726.0,58.1,638.9,813.2,14.0,204.2,48.0,18.0,8.0,18.0,3.0,5.0,0.0,20.0,29.5,21.0,3.49,-1.867103599157172,21.14,17.92,24.7,13.95,28.4,3.56,MODERATE,Orographic Sahyadri Elevation Gradient,Manual demo override,MANUAL_OVERRIDE,,2026-09-09,,,,NOT_REQUESTED,28.4,19.9,68.5
MH_PUNE_556172,Katavadi,Katavadi,Mulshi,Pune,18.41568,73.68533,89.51,21.52,1.4,864.8,69.2,761.0,968.6,14.0,206.4,48.0,18.0,8.0,18.0,3.0,5.0,0.0,20.0,29.5,21.0,1.48,-2.752625788321264,18.42,13.7,21.89,10.53,25.17,3.74,MODERATE,Orographic Sahyadri Elevation Gradient,Manual demo override,MANUAL_OVERRIDE,,2026-09-09,,,,NOT_REQUESTED,27.1,18.6,67.4
MH_PUNE_556641,Khambavadi,Khambavadi,Velhe,Pune,18.28888,73.7363,86.63,29.37,-0.7,693.3,55.5,610.0,776.5,3.0,208.2,48.0,18.0,8.0,18.0,3.0,5.0,0.0,20.0,29.5,21.0,0.64,-2.857949039943176,17.26,13.32,20.68,9.52,23.89,3.67,MODERATE,Orographic Sahyadri Elevation Gradient,Manual demo override,MANUAL_OVERRIDE,,2026-09-09,,,,NOT_REQUESTED,28.5,20.0,66.9
MH_PUNE_556613,Velhe Kh Ghera,Velhe Kh Ghera,Velhe,Pune,18.29049,73.64801,79.59,34.11,4.9,768.9,61.5,676.7,861.2,14.0,205.0,48.0,18.0,8.0,18.0,3.0,5.0,0.0,20.0,29.5,21.0,2.39,-2.0915474041191464,19.87,15.58,24.16,13.37,25.57,3.48,MODERATE,Orographic Sahyadri Elevation Gradient,Manual demo override,MANUAL_OVERRIDE,,2026-09-09,,,,NOT_REQUESTED,28.1,19.6,67.9
MH_PUNE_556132,Dakhane,Dakhane,Mulshi,Pune,18.50894,73.66653,85.21,19.49,3.2,606.0,48.5,533.3,678.8,14.0,205.7,48.0,18.0,8.0,18.0,3.0,5.0,0.0,20.0,29.5,21.0,2.41,-2.3310984139366933,19.63,16.1,23.54,11.27,26.9,3.78,MODERATE,Orographic Sahyadri Elevation Gradient,Manual demo override,MANUAL_OVERRIDE,,2026-09-09,,,,NOT_REQUESTED,28.8,20.3,67.9
MH_PUNE_556133,Chale,Chale,Mulshi,Pune,18.51124,73.64831,83.28,21.37,4.9,678.6,54.3,597.2,760.1,14.0,205.0,48.0,18.0,8.0,18.0,3.0,5.0,0.0,20.0,29.5,21.0,2.41,-1.892028566548908,20.01,16.31,24.21,12.49,26.26,3.61,MODERATE,Orographic Sahyadri Elevation Gradient,Manual demo override,MANUAL_OVERRIDE,,2026-09-09,,,,NOT_REQUESTED,28.3,19.8,68.0
MH_PUNE_556261,Mandvi Bk,Mandvi Bk,Haveli,Pune,18.40556,73.7056,91.88,20.58,-0.1,594.8,47.6,523.4,666.2,3.0,207.1,12.0,14.0,8.0,48.0,14.0,4.0,0.0,20.0,29.5,21.0,1.8,-3.006934091373447,18.25,14.4,22.0,10.33,25.04,3.77,MODERATE,Rain-Shadow Plateau Topography,Manual demo override,MANUAL_OVERRIDE,,2026-09-09,,,,NOT_REQUESTED,28.7,20.2,67.3
MH_PUNE_556125,Marunji,Marunji,Mulshi,Pune,18.51773,73.72953,91.61,12.77,-0.5,663.7,53.1,584.0,743.3,3.0,208.0,48.0,18.0,8.0,18.0,3.0,5.0,0.0,20.0,29.5,21.0,0.64,-3.5675893863159884,16.56,12.56,20.16,9.26,22.93,3.6,MODERATE,Orographic Sahyadri Elevation Gradient,Manual demo override,MANUAL_OVERRIDE,,2026-09-09,,,,NOT_REQUESTED,28.3,19.8,66.6
MH_PUNE_556148,Paud,Paud,Mulshi,Pune,18.51929,73.63242,81.47,22.97,6.4,619.7,49.6,545.3,694.1,14.0,204.4,48.0,18.0,8.0,18.0,3.0,5.0,0.0,20.0,29.5,21.0,2.41,-1.444037846375422,20.51,16.57,24.9,12.74,26.81,3.73,MODERATE,Orographic Sahyadri Elevation Gradient,Manual demo override,MANUAL_OVERRIDE,,2026-09-09,,,,NOT_REQUESTED,28.7,20.2,68.2
MH_PUNE_556131,Kule,Kule,Mulshi,Pune,18.51981,73.69461,87.93,16.42,0.5,573.5,45.9,504.7,642.4,14.0,206.7,48.0,18.0,8.0,18.0,3.0,5.0,0.0,20.0,29.5,21.0,2.32,-2.9047138063759,18.82,14.93,23.24,11.17,25.16,3.66,MODERATE,Orographic Sahyadri Elevation Gradient,Manual demo override,MANUAL_OVERRIDE,,2026-09-09,,,,NOT_REQUESTED,29.0,20.5,67.5
MH_PUNE_556149,Kasar Amboli,Kasar Amboli,Mulshi,Pune,18.49858,73.68152,86.97,18.1,1.8,594.9,47.6,523.5,666.3,14.0,206.2,48.0,18.0,8.0,18.0,3.0,5.0,0.0,20.0,29.5,21.0,2.41,-2.695269565700055,19.23,15.23,23.02,11.61,26.44,3.69,MODERATE,Orographic Sahyadri Elevation Gradient,Manual demo override,MANUAL_OVERRIDE,,2026-09-09,,,,NOT_REQUESTED,28.9,20.4,67.7
MH_PUNE_556126,Mulkhed,Mulkhed,Mulshi,Pune,18.4792,73.7359,93.01,13.29,-0.6,728.5,58.3,641.0,815.9,3.0,208.2,48.0,18.0,8.0,18.0,3.0,5.0,0.0,20.0,29.5,21.0,0.64,-3.6431873352423585,16.25,12.22,19.79,8.92,22.49,3.62,MODERATE,Orographic Sahyadri Elevation Gradient,Manual demo override,MANUAL_OVERRIDE,,2026-09-09,,,,NOT_REQUESTED,27.8,19.3,66.5
MH_PUNE_556160,Uravade,Uravade,Mulshi,Pune,18.46847,73.68225,87.72,18.97,1.7,703.1,56.2,618.8,787.4,14.0,206.2,48.0,18.0,8.0,18.0,3.0,5.0,0.0,20.0,29.5,21.0,2.56,-2.752556932972969,19.21,15.92,23.52,11.64,26.04,3.68,MODERATE,Orographic Sahyadri Elevation Gradient,Manual demo override,MANUAL_OVERRIDE,,2026-09-09,,,,NOT_REQUESTED,28.2,19.7,67.7
MH_PUNE_556163,Ambegaon,Ambegaon,Mulshi,Pune,18.47386,73.64919,84.19,22.08,4.8,699.6,56.0,615.6,783.6,14.0,205.0,48.0,18.0,8.0,18.0,3.0,5.0,0.0,20.0,29.5,21.0,2.56,-2.0857904043896784,20.04,15.77,23.57,11.58,26.44,3.72,MODERATE,Orographic Sahyadri Elevation Gradient,Manual demo override,MANUAL_OVERRIDE,,2026-09-09,,,,NOT_REQUESTED,28.2,19.7,68.0
MH_PUNE_556159,Maranewadi,Maranewadi,Mulshi,Pune,18.47858,73.66615,85.82,20.21,3.2,644.4,51.5,567.1,721.6,14.0,205.6,48.0,18.0,8.0,18.0,3.0,5.0,0.0,20.0,29.5,21.0,2.41,-2.424891882613706,19.59,15.66,23.92,12.42,25.68,3.73,MODERATE,Orographic Sahyadri Elevation Gradient,Manual demo override,MANUAL_OVERRIDE,,2026-09-09,,,,NOT_REQUESTED,28.6,20.1,67.8
MH_PUNE_556161,Mukaiwadi,Mukaiwadi,Mulshi,Pune,18.47315,73.71026,90.5,16.03,-0.2,767.5,61.4,675.4,859.6,3.0,207.3,48.0,18.0,8.0,18.0,3.0,5.0,0.0,20.0,29.5,21.0,1.64,-3.2456403215348204,18.11,14.47,21.84,10.15,25.12,3.8,MODERATE,Orographic Sahyadri Elevation Gradient,Manual demo override,MANUAL_OVERRIDE,,2026-09-09,,,,NOT_REQUESTED,27.6,19.1,67.2
MH_PUNE_556239,Kirkitwadi,Kirkitwadi,Haveli,Pune,18.42852,73.80026,100.85,12.44,-1.8,642.8,51.4,565.7,719.9,3.0,210.6,12.0,14.0,8.0,48.0,14.0,4.0,0.0,20.0,29.5,21.0,0.64,-4.01518709539361,16.11,12.44,19.71,9.01,23.13,3.64,MODERATE,Orographic Sahyadri Elevation Gradient,Manual demo override,MANUAL_OVERRIDE,,2026-09-09,,,,NOT_REQUESTED,28.4,19.9,66.4
MH_PUNE_556162,Botarwadi,Botarwadi,Mulshi,Pune,18.46691,73.6963,89.21,17.66,0.4,879.1,70.3,773.7,984.6,14.0,206.8,48.0,18.0,8.0,18.0,3.0,5.0,0.0,20.0,29.5,21.0,1.39,-3.004614257282837,18.1,13.79,21.59,10.38,25.8,3.75,MODERATE,Orographic Sahyadri Elevation Gradient,Manual demo override,MANUAL_OVERRIDE,,2026-09-09,,,,NOT_REQUESTED,27.0,18.5,67.2
MH_PUNE_556170,Bharekarwadi,Bharekarwadi,Mulshi,Pune,18.45599,73.66346,86.11,21.32,3.5,968.9,77.5,852.7,1085.2,14.0,205.5,48.0,18.0,8.0,18.0,3.0,5.0,0.0,20.0,29.5,21.0,1.42,-2.4084569685735593,18.36,14.88,22.07,10.76,24.79,3.61,MODERATE,Orographic Sahyadri Elevation Gradient,Manual demo override,MANUAL_OVERRIDE,,2026-09-09,,,,NOT_REQUESTED,26.4,17.9,67.3
MH_PUNE_556252,Mokarwadi,Mokarwadi,Haveli,Pune,18.45202,73.70551,90.53,17.53,-0.1,746.2,59.7,656.6,835.7,3.0,207.1,12.0,14.0,8.0,48.0,14.0,4.0,0.0,20.0,29.5,21.0,1.64,-3.1353750222664276,17.99,14.04,22.11,9.86,25.11,3.93,MODERATE,Orographic Sahyadri Elevation Gradient,Manual demo override,MANUAL_OVERRIDE,,2026-09-09,,,,NOT_REQUESTED,27.7,19.2,67.2
MH_PUNE_556171,Morewadi,Morewadi,Mulshi,Pune,18.45575,73.64817,84.55,22.83,4.9,694.8,55.6,611.4,778.2,14.0,205.0,48.0,18.0,8.0,18.0,3.0,5.0,0.0,20.0,29.5,21.0,2.41,-2.1142743569143203,19.69,15.25,23.26,11.76,25.76,3.67,MODERATE,Orographic Sahyadri Elevation Gradient,Manual demo override,MANUAL_OVERRIDE,,2026-09-09,,,,NOT_REQUESTED,28.2,19.7,67.9
MH_PUNE_556253,Bahuli,Bahuli,Haveli,Pune,18.43379,73.6731,87.72,21.51,2.6,698.7,55.9,614.9,782.6,14.0,205.9,12.0,14.0,8.0,48.0,14.0,4.0,0.0,20.0,29.5,21.0,3.02,-2.5840124150240444,19.99,15.84,23.77,12.68,26.45,3.65,MODERATE,Orographic Sahyadri Elevation Gradient,Manual demo override,MANUAL_OVERRIDE,,2026-09-09,,,,NOT_REQUESTED,28.2,19.7,68.0
MH_PUNE_556254,Agalambe,Agalambe,Haveli,Pune,18.42977,73.7129,91.89,18.26,-0.2,663.7,53.1,584.1,743.4,3.0,207.4,12.0,14.0,8.0,48.0,14.0,4.0,0.0,20.0,29.5,21.0,1.8,-3.1839305514837006,18.12,14.29,21.97,10.49,25.03,3.75,MODERATE,Orographic Sahyadri Elevation Gradient,Manual demo override,MANUAL_OVERRIDE,,2026-09-09,,,,NOT_REQUESTED,28.3,19.8,67.2
MH_PUNE_556175,Jatede,Jatede,Mulshi,Pune,18.42893,73.63656,84.16,25.16,6.0,624.9,50.0,549.9,699.9,14.0,204.6,48.0,18.0,8.0,18.0,3.0,5.0,0.0,20.0,29.5,21.0,2.41,-1.9497917122916228,20.04,16.56,23.43,12.87,26.71,3.5,MODERATE,Orographic Sahyadri Elevation Gradient,Manual demo override,MANUAL_OVERRIDE,,2026-09-09,,,,NOT_REQUESTED,28.7,20.2,68.0
MH_PUNE_556255,Kudaje,Kudaje,Haveli,Pune,18.42581,73.7427,95.04,16.19,-0.8,580.0,46.4,510.4,649.6,3.0,208.5,12.0,14.0,8.0,48.0,14.0,4.0,0.0,20.0,29.5,21.0,0.64,-3.532969289887838,16.63,12.83,20.16,9.21,23.67,3.74,MODERATE,Rain-Shadow Plateau Topography,Manual demo override,MANUAL_OVERRIDE,,2026-09-09,,,,NOT_REQUESTED,28.8,20.3,66.7
MH_PUNE_556174,Kondhur,Kondhur,Mulshi,Pune,18.41426,73.64621,85.6,25.05,5.1,819.8,65.6,721.4,918.2,14.0,204.9,48.0,18.0,8.0,18.0,3.0,5.0,0.0,20.0,29.5,21.0,2.24,-2.1332737208509114,19.63,15.73,23.65,11.75,25.96,3.67,MODERATE,Orographic Sahyadri Elevation Gradient,Manual demo override,MANUAL_OVERRIDE,,2026-09-09,,,,NOT_REQUESTED,27.4,18.9,67.9
MH_PUNE_556256,Gorhe Bk,Gorhe Bk,Haveli,Pune,18.41332,73.76768,97.94,15.61,-1.2,623.8,49.9,548.9,698.6,3.0,209.4,12.0,14.0,8.0,48.0,14.0,4.0,0.0,20.0,29.5,21.0,0.64,-3.705093538044445,16.42,12.6,19.99,8.34,23.54,3.85,MODERATE,Orographic Sahyadri Elevation Gradient,Manual demo override,MANUAL_OVERRIDE,,2026-09-09,,,,NOT_REQUESTED,28.5,20.0,66.6
MH_PUNE_556259,Khadakwadi,Khadakwadi,Haveli,Pune,18.41193,73.72742,93.89,18.43,-0.5,581.1,46.5,511.3,650.8,3.0,207.9,12.0,14.0,8.0,48.0,14.0,4.0,0.0,20.0,29.5,21.0,0.64,-3.2993381140032016,16.82,12.93,20.24,9.22,23.38,3.64,MODERATE,Rain-Shadow Plateau Topography,Manual demo override,MANUAL_OVERRIDE,,2026-09-09,,,,NOT_REQUESTED,28.8,20.3,66.7
MH_PUNE_556277,Nandoshi,Nandoshi,Haveli,Pune,18.40632,73.804,100.45,14.58,-1.9,687.8,55.0,605.3,770.3,3.0,210.7,12.0,14.0,8.0,48.0,14.0,4.0,0.0,20.0,29.5,21.0,0.64,-3.9020668192458037,16.24,13.0,20.05,8.86,23.73,3.65,MODERATE,Orographic Sahyadri Elevation Gradient,Manual demo override,MANUAL_OVERRIDE,,2026-09-09,,,,NOT_REQUESTED,28.1,19.6,66.5
MH_PUNE_556248,Sunarwadi,Sunarwadi,Haveli,Pune,18.51733,73.76676,95.5,8.89,-1.2,636.9,50.9,560.5,713.2,3.0,209.4,12.0,14.0,8.0,48.0,14.0,4.0,0.0,20.0,29.5,21.0,0.64,-4.080897166979799,16.04,12.32,19.53,8.41,22.83,3.67,MODERATE,Orographic Sahyadri Elevation Gradient,Manual demo override,MANUAL_OVERRIDE,,2026-09-09,,,,NOT_REQUESTED,28.4,19.9,66.4
MH_PUNE_556124,Bavadhan Bk,Bavadhan Bk,Mulshi,Pune,18.5081,73.77766,96.79,8.01,-1.4,648.8,51.9,570.9,726.6,3.0,209.8,48.0,18.0,8.0,18.0,3.0,5.0,0.0,20.0,29.5,21.0,0.64,-4.183526157943751,16.03,11.8,20.17,8.19,22.09,3.69,MODERATE,Orographic Sahyadri Elevation Gradient,Manual demo override,MANUAL_OVERRIDE,,2026-09-09,,,,NOT_REQUESTED,28.4,19.9,66.4
MH_PUNE_556240,Dhayari,Dhayari,Haveli,Pune,18.42646,73.81844,102.77,11.98,-2.1,720.1,57.6,633.7,806.5,3.0,211.3,12.0,14.0,8.0,48.0,14.0,4.0,0.0,20.0,29.5,21.0,0.64,-4.087380483409267,15.95,11.69,19.17,8.02,23.11,3.81,MODERATE,Orographic Sahyadri Elevation Gradient,Manual demo override,MANUAL_OVERRIDE,,2026-09-09,,,,NOT_REQUESTED,27.9,19.4,66.4
MH_PUNE_556247,Kopare,Kopare,Haveli,Pune,18.43522,73.76194,96.75,14.05,-1.1,580.0,46.4,510.4,649.6,3.0,209.2,12.0,14.0,8.0,48.0,14.0,4.0,0.0,20.0,29.5,21.0,0.64,-3.772246102488579,16.3,12.26,19.93,8.65,23.6,3.68,MODERATE,Rain-Shadow Plateau Topography,Manual demo override,MANUAL_OVERRIDE,,2026-09-09,,,,NOT_REQUESTED,28.8,20.3,66.5
MH_PUNE_556236,Kondhave Dhavade,Kondhave Dhavade,Haveli,Pune,18.45836,73.76035,96.01,12.36,-1.1,579.6,46.4,510.0,649.2,3.0,209.1,12.0,14.0,8.0,48.0,14.0,4.0,0.0,20.0,29.5,21.0,0.64,-3.8653473816345327,16.26,12.9,20.32,8.63,23.05,3.7,MODERATE,Rain-Shadow Plateau Topography,Manual demo override,MANUAL_OVERRIDE,,2026-09-09,,,,NOT_REQUESTED,28.8,20.3,66.5
MH_PUNE_556235,Shivane,Shivane,Haveli,Pune,18.46356,73.78586,98.52,10.02,-1.5,555.1,44.4,488.5,621.7,3.0,210.1,12.0,14.0,8.0,48.0,14.0,4.0,0.0,20.0,29.5,21.0,0.14,-4.110067700126008,15.57,12.11,20.33,7.71,22.02,3.75,MODERATE,Rain-Shadow Plateau Topography,Manual demo override,MANUAL_OVERRIDE,,2026-09-09,,,,NOT_REQUESTED,29.0,20.5,66.2
MH_PUNE_556242,Ambegaon,Ambegaon,Haveli,Pune,18.44738,73.84502,105.0,9.2,-2.6,644.7,51.6,567.3,722.1,3.0,212.3,12.0,14.0,8.0,48.0,14.0,4.0,0.0,20.0,29.5,21.0,0.64,-4.276655199780271,15.63,12.11,19.44,7.72,22.38,3.72,MODERATE,Orographic Sahyadri Elevation Gradient,Manual demo override,MANUAL_OVERRIDE,,2026-09-09,,,,NOT_REQUESTED,28.4,19.9,66.3
MH_PUNE_556241,Nahre,Nahre,Haveli,Pune,18.43766,73.83187,103.87,10.44,-2.4,673.3,53.9,592.5,754.2,3.0,211.8,12.0,14.0,8.0,48.0,14.0,4.0,0.0,20.0,29.5,21.0,0.64,-4.195963207238941,15.86,12.09,19.47,7.73,22.74,3.7,MODERATE,Orographic Sahyadri Elevation Gradient,Manual demo override,MANUAL_OVERRIDE,,2026-09-09,,,,NOT_REQUESTED,28.2,19.7,66.3
MH_PUNE_556246,Khadakwasala,Khadakwasala,Haveli,Pune,18.42826,73.78521,99.32,13.22,-1.5,621.0,49.7,546.5,695.6,3.0,210.1,12.0,14.0,8.0,48.0,14.0,4.0,0.0,20.0,29.5,21.0,0.64,-3.921362686839594,16.11,12.47,19.73,7.92,22.94,3.82,MODERATE,Orographic Sahyadri Elevation Gradient,Manual demo override,MANUAL_OVERRIDE,,2026-09-09,,,,NOT_REQUESTED,28.5,20.0,66.4
MH_PUNE_556243,Ambegaon Kh,Ambegaon Kh,Haveli,Pune,18.42544,73.84793,105.35,11.63,-2.7,707.9,56.6,623.0,792.8,3.0,212.4,12.0,14.0,8.0,48.0,14.0,4.0,0.0,20.0,29.5,21.0,0.64,-4.161211862453632,15.82,11.61,20.09,8.51,22.37,3.74,MODERATE,Orographic Sahyadri Elevation Gradient,Manual demo override,MANUAL_OVERRIDE,,2026-09-09,,,,NOT_REQUESTED,28.0,19.5,66.3
MH_PUNE_556150,Vitthalwadi,Vitthalwadi,Mulshi,Pune,18.49211,73.70806,89.86,15.55,-0.1,681.8,54.5,600.1,763.6,3.0,207.2,48.0,18.0,8.0,18.0,3.0,5.0,0.0,20.0,29.5,21.0,1.8,-3.217432666117568,18.01,14.23,21.83,10.33,25.16,3.68,MODERATE,Orographic Sahyadri Elevation Gradient,Manual demo override,MANUAL_OVERRIDE,,2026-09-09,,,,NOT_REQUESTED,28.1,19.6,67.2
MH_PUNE_556022,Chavsar,Chavsar,Mawal,Pune,18.63235,73.47314,63.56,41.32,21.6,662.4,53.0,582.9,741.9,14.0,198.5,48.0,18.0,8.0,18.0,3.0,5.0,0.0,20.0,29.5,21.0,4.55,3.841844964000427,27.76,23.9,31.95,20.27,34.06,3.71,MODERATE,Orographic Sahyadri Elevation Gradient,Manual demo override,MANUAL_OVERRIDE,,2026-09-09,,,,NOT_REQUESTED,28.8,20.3,71.1
MH_PUNE_556251,Khadewadi,Khadewadi,Haveli,Pune,18.45201,73.70892,90.88,17.22,-0.2,699.9,56.0,615.9,783.9,3.0,207.2,12.0,14.0,8.0,48.0,14.0,4.0,0.0,20.0,29.5,21.0,1.8,-3.18780415223526,18.1,14.06,22.01,10.04,24.74,3.74,MODERATE,Orographic Sahyadri Elevation Gradient,Manual demo override,MANUAL_OVERRIDE,,2026-09-09,,,,NOT_REQUESTED,28.0,19.5,67.2
MH_PUNE_556250,Wanjalewadi,Wanjalewadi,Haveli,Pune,18.44156,73.72729,93.03,16.25,-0.5,688.1,55.1,605.5,770.8,3.0,207.9,12.0,14.0,8.0,48.0,14.0,4.0,0.0,20.0,29.5,21.0,0.64,-3.4157442671405005,16.88,12.69,20.5,9.79,23.66,3.67,MODERATE,Orographic Sahyadri Elevation Gradient,Manual demo override,MANUAL_OVERRIDE,,2026-09-09,,,,NOT_REQUESTED,28.1,19.6,66.8
MH_PUNE_556020,Gevhande Khadak,Gevhande Khadak,Mawal,Pune,18.63104,73.50404,66.81,38.16,18.6,731.8,58.5,644.0,819.5,14.0,199.6,48.0,18.0,8.0,18.0,3.0,5.0,0.0,20.0,29.5,21.0,4.56,3.3226765838060413,27.42,23.71,32.22,20.11,34.4,3.65,MODERATE,Orographic Sahyadri Elevation Gradient,Manual demo override,MANUAL_OVERRIDE,,2026-09-09,,,,NOT_REQUESTED,28.4,19.9,71.0
MH_PUNE_556249,Ahire,Ahire,Haveli,Pune,18.44956,73.73456,93.57,15.11,-0.6,674.1,53.9,593.2,754.9,3.0,208.2,12.0,14.0,8.0,48.0,14.0,4.0,0.0,20.0,29.5,21.0,0.64,-3.537464915421602,16.49,12.54,19.91,8.99,23.56,3.69,MODERATE,Orographic Sahyadri Elevation Gradient,Manual demo override,MANUAL_OVERRIDE,,2026-09-09,,,,NOT_REQUESTED,28.2,19.7,66.6
MH_PUNE_556237,Nanded,Nanded,Haveli,Pune,18.4527,73.80865,101.12,9.64,-2.0,576.4,46.1,507.3,645.6,3.0,210.9,12.0,14.0,8.0,48.0,14.0,4.0,0.0,20.0,29.5,21.0,0.64,-4.192694309929322,15.9,11.98,19.89,8.5,22.86,3.73,MODERATE,Riparian Godavari River Valley,Manual demo override,MANUAL_OVERRIDE,,2026-09-09,,,,NOT_REQUESTED,28.8,20.3,66.4
MH_PUNE_556238,Shivne,Shivne,Haveli,Pune,18.46491,73.78525,98.43,9.95,-1.5,563.2,45.1,495.5,630.8,3.0,210.1,12.0,14.0,8.0,48.0,14.0,4.0,0.0,20.0,29.5,21.0,0.64,-4.1117343640354775,16.01,12.51,19.81,8.14,22.46,3.6,MODERATE,Riparian Godavari River Valley,Manual demo override,MANUAL_OVERRIDE,,2026-09-09,,,,NOT_REQUESTED,28.9,20.4,66.4
MH_PUNE_556169,Mutha,Mutha,Mulshi,Pune,18.4479,73.64027,83.97,23.93,5.7,760.5,60.8,669.3,851.7,14.0,204.7,48.0,18.0,8.0,18.0,3.0,5.0,0.0,20.0,29.5,21.0,2.24,-1.9789971516426683,19.61,16.0,23.87,11.45,26.35,3.77,MODERATE,Orographic Sahyadri Elevation Gradient,Manual demo override,MANUAL_OVERRIDE,,2026-09-09,,,,NOT_REQUESTED,27.8,19.3,67.8
MH_PUNE_556230,Pashan,Pashan,Haveli,Pune,18.51587,73.78514,97.44,7.02,-1.5,672.5,53.8,591.8,753.2,3.0,210.1,12.0,14.0,8.0,48.0,14.0,4.0,0.0,20.0,29.5,21.0,0.64,-4.257828195443592,15.9,11.95,19.53,8.39,22.56,3.71,MODERATE,Orographic Sahyadri Elevation Gradient,Manual demo override,MANUAL_OVERRIDE,,2026-09-09,,,,NOT_REQUESTED,28.2,19.7,66.4
MH_PUNE_556057,Visakhar,Visakhar,Mulshi,Pune,18.62347,73.41789,57.76,46.72,26.8,755.7,60.5,664.9,846.4,14.0,196.5,48.0,18.0,8.0,18.0,3.0,5.0,0.0,20.0,29.5,21.0,4.57,4.192369159997003,28.22,25.0,31.51,20.84,35.05,3.72,MODERATE,Orographic Sahyadri Elevation Gradient,Manual demo override,MANUAL_OVERRIDE,,2026-09-09,,,,NOT_REQUESTED,28.2,19.7,71.3
MH_PUNE_556021,Kadav,Kadav,Mawal,Pune,18.62417,73.48648,64.98,39.72,20.3,611.5,48.9,538.1,684.9,14.0,199.0,48.0,18.0,8.0,18.0,3.0,5.0,0.0,20.0,29.5,21.0,4.55,3.5127220921173063,27.38,23.61,31.35,19.53,34.81,3.85,MODERATE,Orographic Sahyadri Elevation Gradient,Manual demo override,MANUAL_OVERRIDE,,2026-09-09,,,,NOT_REQUESTED,29.2,20.7,71.0
MH_PUNE_556062,Kolawali,Kolawali,Mulshi,Pune,18.6125,73.4286,58.94,45.36,25.8,905.1,72.4,796.5,1013.7,14.0,196.9,48.0,18.0,8.0,18.0,3.0,5.0,0.0,20.0,29.5,21.0,4.14,3.9570818309932196,27.27,23.65,31.13,19.38,34.16,3.7,MODERATE,Orographic Sahyadri Elevation Gradient,Manual demo override,MANUAL_OVERRIDE,,2026-09-09,,,,NOT_REQUESTED,27.2,18.7,70.9
MH_PUNE_556024,Shilimb,Shilimb,Mawal,Pune,18.60806,73.46236,62.52,41.77,22.6,663.6,53.1,583.9,743.2,14.0,198.1,48.0,18.0,8.0,18.0,3.0,5.0,0.0,20.0,29.5,21.0,4.55,3.572699965552802,27.74,23.69,32.63,19.44,34.74,3.73,MODERATE,Orographic Sahyadri Elevation Gradient,Manual demo override,MANUAL_OVERRIDE,,2026-09-09,,,,NOT_REQUESTED,28.8,20.3,71.1
MH_PUNE_556025,Vagheshwar,Vagheshwar,Mawal,Pune,18.61543,73.4892,65.3,39.2,20.0,624.1,49.9,549.3,699.0,14.0,199.1,48.0,18.0,8.0,18.0,3.0,5.0,0.0,20.0,29.5,21.0,4.55,3.322496896978594,27.23,23.7,31.54,18.87,34.11,3.65,MODERATE,Orographic Sahyadri Elevation Gradient,Manual demo override,MANUAL_OVERRIDE,,2026-09-09,,,,NOT_REQUESTED,29.1,20.6,70.9
MH_PUNE_556026,Jovan,Jovan,Mawal,Pune,18.61114,73.50116,66.58,37.86,18.9,806.8,64.5,710.1,903.6,14.0,199.5,48.0,18.0,8.0,18.0,3.0,5.0,0.0,20.0,29.5,21.0,4.6,3.0443364534419297,27.07,23.06,31.26,18.23,33.77,3.85,MODERATE,Orographic Sahyadri Elevation Gradient,Manual demo override,MANUAL_OVERRIDE,,2026-09-09,,,,NOT_REQUESTED,27.8,19.3,70.8
MH_PUNE_556061,Kumbheri,Kumbheri,Mulshi,Pune,18.59427,73.40775,56.89,47.16,27.8,722.5,57.8,635.8,809.2,14.0,196.1,48.0,18.0,8.0,18.0,3.0,5.0,0.0,20.0,29.5,21.0,4.57,3.7753997414886546,27.84,23.86,32.3,20.33,34.39,3.69,MODERATE,Orographic Sahyadri Elevation Gradient,Manual demo override,MANUAL_OVERRIDE,,2026-09-09,,,,NOT_REQUESTED,28.4,19.9,71.1
MH_PUNE_556027,Ajivali,Ajivali,Mawal,Pune,18.59288,73.48765,65.3,38.83,20.2,841.2,67.3,740.2,942.1,14.0,199.0,48.0,18.0,8.0,18.0,3.0,5.0,0.0,20.0,29.5,21.0,4.14,2.958235503096965,26.55,21.89,30.6,17.8,33.81,4.1,MODERATE,Orographic Sahyadri Elevation Gradient,Manual demo override,MANUAL_OVERRIDE,,2026-09-09,,,,NOT_REQUESTED,27.6,19.1,70.6
MH_PUNE_556064,Pomgaon,Pomgaon,Mulshi,Pune,18.59046,73.43505,59.8,44.25,25.2,705.7,56.5,621.0,790.5,14.0,197.1,48.0,18.0,8.0,18.0,3.0,5.0,0.0,20.0,29.5,21.0,4.57,3.5434623798058213,27.57,23.34,31.89,19.65,33.91,3.66,MODERATE,Orographic Sahyadri Elevation Gradient,Manual demo override,MANUAL_OVERRIDE,,2026-09-09,,,,NOT_REQUESTED,28.5,20.0,71.0
MH_PUNE_556063,Chandivali,Chandivali,Mulshi,Pune,18.58228,73.46813,63.36,40.67,22.0,632.5,50.6,556.6,708.4,14.0,198.3,48.0,18.0,8.0,18.0,3.0,5.0,0.0,20.0,29.5,21.0,4.55,3.054733623959648,27.06,23.01,30.94,19.34,33.71,3.74,MODERATE,Orographic Sahyadri Elevation Gradient,Manual demo override,MANUAL_OVERRIDE,,2026-09-09,,,,NOT_REQUESTED,29.0,20.5,70.8
MH_PUNE_556067,Barpe Bk,Barpe Bk,Mulshi,Pune,18.56874,73.40779,57.23,46.82,27.8,613.1,49.0,539.6,686.6,14.0,196.1,48.0,18.0,8.0,18.0,3.0,5.0,0.0,20.0,29.5,21.0,4.55,3.3645805534834548,27.34,23.14,31.07,19.36,34.06,3.7,MODERATE,Orographic Sahyadri Elevation Gradient,Manual demo override,MANUAL_OVERRIDE,,2026-09-09,,,,NOT_REQUESTED,29.1,20.6,70.9
MH_PUNE_555993,Bedse,Bedse,Mawal,Pune,18.71017,73.55427,72.5,37.05,13.8,597.6,47.8,525.9,669.3,14.0,201.5,48.0,18.0,8.0,18.0,3.0,5.0,0.0,20.0,29.5,21.0,4.54,3.1361310211708964,27.13,23.3,31.42,18.83,33.52,3.91,MODERATE,Orographic Sahyadri Elevation Gradient,Manual demo override,MANUAL_OVERRIDE,,2026-09-09,,,,NOT_REQUESTED,29.2,20.7,70.9
MH_PUNE_556068,Shirvali,Shirvali,Mulshi,Pune,18.5727,73.48718,65.47,38.54,20.2,965.6,77.2,849.8,1081.4,14.0,199.0,48.0,18.0,8.0,18.0,3.0,5.0,0.0,20.0,29.5,21.0,4.22,2.613609392514222,26.29,21.29,30.52,18.06,32.89,3.87,MODERATE,Orographic Sahyadri Elevation Gradient,Manual demo override,MANUAL_OVERRIDE,,2026-09-09,,,,NOT_REQUESTED,26.7,18.2,70.5
MH_PUNE_556070,Shedani,Shedani,Mulshi,Pune,18.56586,73.47249,64.03,40.0,21.6,811.1,64.9,713.8,908.5,14.0,198.5,48.0,18.0,8.0,18.0,3.0,5.0,0.0,20.0,29.5,21.0,4.68,2.711271796672864,26.79,21.58,31.53,19.11,33.4,3.74,MODERATE,Orographic Sahyadri Elevation Gradient,Manual demo override,MANUAL_OVERRIDE,,2026-09-09,,,,NOT_REQUESTED,27.8,19.3,70.7
MH_PUNE_556069,Nandivali,Nandivali,Mulshi,Pune,18.55557,73.49247,66.27,37.8,19.7,780.8,62.5,687.0,874.5,14.0,199.2,48.0,18.0,8.0,18.0,3.0,5.0,0.0,20.0,29.5,21.0,4.57,2.2338932507582974,26.38,21.69,30.17,19.47,32.22,3.44,MODERATE,Orographic Sahyadri Elevation Gradient,Manual demo override,MANUAL_OVERRIDE,,2026-09-09,,,,NOT_REQUESTED,28.0,19.5,70.6
MH_PUNE_556074,Adgaon,Adgaon,Mulshi,Pune,18.53437,73.40757,57.86,46.65,27.8,952.7,76.2,838.4,1067.0,14.0,196.1,48.0,18.0,8.0,18.0,3.0,5.0,0.0,20.0,29.5,21.0,4.22,2.820216432433315,26.68,22.47,30.33,18.82,34.02,3.78,MODERATE,Orographic Sahyadri Elevation Gradient,Manual demo override,MANUAL_OVERRIDE,,2026-09-09,,,,NOT_REQUESTED,26.8,18.3,70.7
MH_PUNE_556147,Hulavalewadi,Hulavalewadi,Mulshi,Pune,18.52561,73.61673,79.72,24.6,7.9,589.0,47.1,518.4,659.7,14.0,203.8,48.0,18.0,8.0,18.0,3.0,5.0,0.0,20.0,29.5,21.0,2.26,-0.9888119378767475,20.82,16.99,24.8,13.3,27.92,3.76,MODERATE,Orographic Sahyadri Elevation Gradient,Manual demo override,MANUAL_OVERRIDE,,2026-09-09,,,,NOT_REQUESTED,28.9,20.4,68.3
MH_PUNE_556104,Jawal,Jawal,Mulshi,Pune,18.57122,73.62189,79.61,24.48,7.4,632.0,50.6,556.1,707.9,14.0,204.0,48.0,18.0,8.0,18.0,3.0,5.0,0.0,20.0,29.5,21.0,2.26,-0.6080339656824423,21.15,17.76,24.75,12.63,27.78,3.87,MODERATE,Orographic Sahyadri Elevation Gradient,Manual demo override,MANUAL_OVERRIDE,,2026-09-09,,,,NOT_REQUESTED,28.6,20.1,68.5
MH_PUNE_556111,Sathesai,Sathesai,Mulshi,Pune,18.57554,73.55166,72.19,31.85,14.1,588.7,47.1,518.1,659.4,14.0,201.4,48.0,18.0,8.0,18.0,3.0,5.0,0.0,20.0,29.5,21.0,4.54,1.356941467825087,25.57,21.72,29.59,17.25,32.04,3.8,MODERATE,Orographic Sahyadri Elevation Gradient,Manual demo override,MANUAL_OVERRIDE,,2026-09-09,,,,NOT_REQUESTED,29.3,20.8,70.2
MH_PUNE_556127,Nande,Nande,Mulshi,Pune,18.56354,73.5964,77.02,26.99,9.8,640.6,51.3,563.7,717.6,14.0,203.1,48.0,18.0,8.0,18.0,3.0,5.0,0.0,20.0,29.5,21.0,3.35,0.005357510118999875,22.7,18.44,26.65,15.24,29.76,3.74,MODERATE,Orographic Sahyadri Elevation Gradient,Manual demo override,MANUAL_OVERRIDE,,2026-09-09,,,,NOT_REQUESTED,28.6,20.1,69.1
MH_PUNE_556137,Darawali,Darawali,Mulshi,Pune,18.55877,73.53742,70.92,33.11,15.4,887.3,71.0,780.8,993.8,14.0,200.9,48.0,18.0,8.0,18.0,3.0,5.0,0.0,20.0,29.5,21.0,4.13,1.417391836212793,24.81,20.94,29.13,16.66,31.91,3.81,MODERATE,Orographic Sahyadri Elevation Gradient,Manual demo override,MANUAL_OVERRIDE,,2026-09-09,,,,NOT_REQUESTED,27.3,18.8,69.9
MH_PUNE_556048,Ovale,Ovale,Mawal,Pune,18.62775,73.5761,74.41,30.85,11.8,764.4,61.2,672.6,856.2,14.0,202.3,48.0,18.0,8.0,18.0,3.0,5.0,0.0,20.0,29.5,21.0,4.56,1.549014090474221,25.53,21.07,28.77,17.71,32.73,3.9,MODERATE,Orographic Sahyadri Elevation Gradient,Manual demo override,MANUAL_OVERRIDE,,2026-09-09,,,,NOT_REQUESTED,28.1,19.6,70.2
MH_PUNE_556113,Kolwan,Kolwan,Mulshi,Pune,18.56894,73.52166,69.13,34.88,16.9,616.3,49.3,542.3,690.2,14.0,200.3,48.0,18.0,8.0,18.0,3.0,5.0,0.0,20.0,29.5,21.0,4.54,1.9221355082910168,25.78,22.1,30.71,18.62,32.64,3.81,MODERATE,Orographic Sahyadri Elevation Gradient,Manual demo override,MANUAL_OVERRIDE,,2026-09-09,,,,NOT_REQUESTED,29.1,20.6,70.3
MH_PUNE_556105,Kemasewadi,Kemasewadi,Mulshi,Pune,18.574,73.60908,78.23,25.86,8.6,728.4,58.3,641.0,815.9,14.0,203.5,48.0,18.0,8.0,18.0,3.0,5.0,0.0,20.0,29.5,21.0,3.37,-0.205427044368733,22.78,18.8,27.55,14.51,30.18,3.95,MODERATE,Orographic Sahyadri Elevation Gradient,Manual demo override,MANUAL_OVERRIDE,,2026-09-09,,,,NOT_REQUESTED,28.0,19.5,69.1
MH_PUNE_556128,Lavale,Lavale,Mulshi,Pune,18.55306,73.60982,78.57,25.45,8.6,585.4,46.8,515.2,655.6,14.0,203.6,48.0,18.0,8.0,18.0,3.0,5.0,0.0,20.0,29.5,21.0,3.35,-0.5003430576327859,22.2,17.84,25.58,14.16,29.2,3.74,MODERATE,Orographic Sahyadri Elevation Gradient,Manual demo override,MANUAL_OVERRIDE,,2026-09-09,,,,NOT_REQUESTED,28.9,20.4,68.9
MH_PUNE_556138,Karmoli,Karmoli,Mulshi,Pune,18.55751,73.56732,74.06,29.96,12.6,689.6,55.2,606.8,772.4,14.0,202.0,48.0,18.0,8.0,18.0,3.0,5.0,0.0,20.0,29.5,21.0,4.54,0.68717410603894,24.72,21.12,28.82,17.54,31.5,3.62,MODERATE,Orographic Sahyadri Elevation Gradient,Manual demo override,MANUAL_OVERRIDE,,2026-09-09,,,,NOT_REQUESTED,28.6,20.1,69.9
MH_PUNE_556139,Savargaon,Savargaon,Mulshi,Pune,18.55107,73.58602,76.11,27.93,10.8,580.2,46.4,510.6,649.8,14.0,202.7,48.0,18.0,8.0,18.0,3.0,5.0,0.0,20.0,29.5,21.0,3.35,0.1134297623740681,22.95,18.64,27.52,15.35,29.7,3.76,MODERATE,Orographic Sahyadri Elevation Gradient,Manual demo override,MANUAL_OVERRIDE,,2026-09-09,,,,NOT_REQUESTED,29.0,20.5,69.2
MH_PUNE_556076,Valane,Valane,Mulshi,Pune,18.54338,73.51798,69.13,35.04,17.3,713.9,57.1,628.3,799.6,14.0,200.2,48.0,18.0,8.0,18.0,3.0,5.0,0.0,20.0,29.5,21.0,4.56,1.5740573334529608,25.63,22.55,29.5,17.95,32.53,3.7,MODERATE,Orographic Sahyadri Elevation Gradient,Manual demo override,MANUAL_OVERRIDE,,2026-09-09,,,,NOT_REQUESTED,28.5,20.0,70.3
MH_PUNE_556135,Bhare,Bhare,Mulshi,Pune,18.53769,73.61045,78.86,25.27,8.5,569.0,45.5,500.7,637.2,14.0,203.6,48.0,18.0,8.0,18.0,3.0,5.0,0.0,20.0,29.5,21.0,2.26,-0.6984888763791999,21.07,17.41,24.76,12.72,27.91,3.83,MODERATE,Orographic Sahyadri Elevation Gradient,Manual demo override,MANUAL_OVERRIDE,,2026-09-09,,,,NOT_REQUESTED,29.0,20.5,68.4
MH_PUNE_556143,Bhadas Bk,Bhadas Bk,Mulshi,Pune,18.54393,73.55199,72.67,31.46,14.1,608.6,48.7,535.6,681.7,14.0,201.4,48.0,18.0,8.0,18.0,3.0,5.0,0.0,20.0,29.5,21.0,4.54,0.8559339130681023,24.84,21.34,28.99,17.51,30.81,3.44,MODERATE,Orographic Sahyadri Elevation Gradient,Manual demo override,MANUAL_OVERRIDE,,2026-09-09,,,,NOT_REQUESTED,29.2,20.7,69.9
MH_PUNE_556142,Gavadewadi,Gavadewadi,Mulshi,Pune,18.54598,73.55921,73.38,30.71,13.4,627.4,50.2,552.1,702.7,14.0,201.7,48.0,18.0,8.0,18.0,3.0,5.0,0.0,20.0,29.5,21.0,4.54,0.7160636733434192,24.75,21.06,28.4,16.69,31.08,3.83,MODERATE,Orographic Sahyadri Elevation Gradient,Manual demo override,MANUAL_OVERRIDE,,2026-09-09,,,,NOT_REQUESTED,29.1,20.6,69.9
MH_PUNE_556141,Asade,Asade,Mulshi,Pune,18.5391,73.57384,75.02,29.13,12.0,568.3,45.5,500.0,636.5,14.0,202.2,48.0,18.0,8.0,18.0,3.0,5.0,0.0,20.0,29.5,21.0,4.54,0.2620446475713434,24.31,20.91,28.31,16.51,31.46,3.75,MODERATE,Orographic Sahyadri Elevation Gradient,Manual demo override,MANUAL_OVERRIDE,,2026-09-09,,,,NOT_REQUESTED,29.1,20.6,69.7
MH_PUNE_556077,Sambhave,Sambhave,Mulshi,Pune,18.53363,73.53528,71.11,33.18,15.6,571.8,45.7,503.2,640.3,14.0,200.8,48.0,18.0,8.0,18.0,3.0,5.0,0.0,20.0,29.5,21.0,4.54,1.0716415728934707,25.01,21.72,28.61,16.32,31.92,3.83,MODERATE,Orographic Sahyadri Elevation Gradient,Manual demo override,MANUAL_OVERRIDE,,2026-09-09,,,,NOT_REQUESTED,29.4,20.9,70.0
MH_PUNE_556140,Khubawali,Khubawali,Mulshi,Pune,18.53751,73.59232,76.98,27.18,10.2,700.9,56.1,616.8,785.1,14.0,202.9,48.0,18.0,8.0,18.0,3.0,5.0,0.0,20.0,29.5,21.0,3.51,-0.2266660434887311,22.57,18.48,26.68,14.61,29.29,3.8,MODERATE,Orographic Sahyadri Elevation Gradient,Manual demo override,MANUAL_OVERRIDE,,2026-09-09,,,,NOT_REQUESTED,28.2,19.7,69.0
MH_PUNE_556144,Shileshwar,Shileshwar,Mulshi,Pune,18.53576,73.56213,73.86,30.36,13.1,569.8,45.6,501.4,638.2,14.0,201.8,48.0,18.0,8.0,18.0,3.0,5.0,0.0,20.0,29.5,21.0,4.54,0.5002612613414061,24.62,19.98,28.98,16.85,31.39,3.9,MODERATE,Orographic Sahyadri Elevation Gradient,Manual demo override,MANUAL_OVERRIDE,,2026-09-09,,,,NOT_REQUESTED,29.4,20.9,69.8
MH_PUNE_556134,Mugavade,Mugavade,Mulshi,Pune,18.53318,73.62427,80.38,23.8,7.2,573.6,45.9,504.8,642.5,14.0,204.1,48.0,18.0,8.0,18.0,3.0,5.0,0.0,20.0,29.5,21.0,2.41,-1.1099357862487447,20.56,16.6,24.82,12.57,26.82,3.77,MODERATE,Orographic Sahyadri Elevation Gradient,Manual demo override,MANUAL_OVERRIDE,,2026-09-09,,,,NOT_REQUESTED,29.0,20.5,68.2
MH_PUNE_556145,Akole,Akole,Mulshi,Pune,18.52989,73.58253,76.09,28.2,11.2,560.5,44.8,493.3,627.7,14.0,202.6,48.0,18.0,8.0,18.0,3.0,5.0,0.0,20.0,29.5,21.0,3.35,-0.07312602137017693,22.61,18.09,26.62,14.83,29.75,3.87,MODERATE,Orographic Sahyadri Elevation Gradient,Manual demo override,MANUAL_OVERRIDE,,2026-09-09,,,,NOT_REQUESTED,29.1,20.6,69.0
MH_PUNE_556146,Ravade,Ravade,Mulshi,Pune,18.52797,73.60437,78.4,25.9,9.1,566.5,45.3,498.5,634.4,14.0,203.4,48.0,18.0,8.0,18.0,3.0,5.0,0.0,20.0,29.5,21.0,3.35,-0.6473976665491699,22.02,17.88,26.18,13.85,28.69,3.79,MODERATE,Orographic Sahyadri Elevation Gradient,Manual demo override,MANUAL_OVERRIDE,,2026-09-09,,,,NOT_REQUESTED,29.1,20.6,68.8
MH_PUNE_556050,Pusane,Pusane,Mawal,Pune,18.6201,73.61953,79.01,26.28,7.6,700.4,56.0,616.4,784.4,14.0,203.9,48.0,18.0,8.0,18.0,3.0,5.0,0.0,20.0,29.5,21.0,3.51,0.15663902923703182,22.93,18.3,26.39,14.91,30.1,3.85,MODERATE,Orographic Sahyadri Elevation Gradient,Manual demo override,MANUAL_OVERRIDE,,2026-09-09,,,,NOT_REQUESTED,28.2,19.7,69.2
MH_PUNE_556049,Divad,Divad,Mawal,Pune,18.62594,73.60035,76.97,28.39,9.5,745.0,59.6,655.6,834.4,14.0,203.2,48.0,18.0,8.0,18.0,3.0,5.0,0.0,20.0,29.5,21.0,3.01,0.8191025214694383,23.14,19.67,27.11,14.82,29.12,3.69,MODERATE,Orographic Sahyadri Elevation Gradient,Manual demo override,MANUAL_OVERRIDE,,2026-09-09,,,,NOT_REQUESTED,27.9,19.4,69.3
MH_PUNE_556019,Tikona,Tikona,Mawal,Pune,18.6275,73.52277,68.79,36.15,16.8,773.7,61.9,680.9,866.6,14.0,200.3,48.0,18.0,8.0,18.0,3.0,5.0,0.0,20.0,29.5,21.0,4.56,2.8870074281177818,26.79,23.14,30.41,17.87,33.72,3.92,MODERATE,Orographic Sahyadri Elevation Gradient,Manual demo override,MANUAL_OVERRIDE,,2026-09-09,,,,NOT_REQUESTED,28.1,19.6,70.7
MH_PUNE_556090,Andhale,Andhale,Mulshi,Pune,18.60806,73.56412,73.23,31.36,12.9,779.8,62.4,686.2,873.4,14.0,201.9,48.0,18.0,8.0,18.0,3.0,5.0,0.0,20.0,29.5,21.0,4.56,1.5665702600222289,25.76,21.9,30.53,18.33,32.26,3.67,MODERATE,Orographic Sahyadri Elevation Gradient,Manual demo override,MANUAL_OVERRIDE,,2026-09-09,,,,NOT_REQUESTED,28.0,19.5,70.3
MH_PUNE_556106,Kashig,Kashig,Mulshi,Pune,18.60846,73.53804,70.48,34.02,15.4,695.4,55.6,612.0,778.8,14.0,200.9,48.0,18.0,8.0,18.0,3.0,5.0,0.0,20.0,29.5,21.0,4.54,2.2285306036383785,26.2,22.15,30.0,18.54,33.23,3.84,MODERATE,Orographic Sahyadri Elevation Gradient,Manual demo override,MANUAL_OVERRIDE,,2026-09-09,,,,NOT_REQUESTED,28.6,20.1,70.5
MH_PUNE_555973,Devale,Devale,Mawal,Pune,18.72897,73.47465,64.45,45.32,21.4,624.5,50.0,549.5,699.5,14.0,198.6,48.0,18.0,8.0,18.0,3.0,5.0,0.0,20.0,29.5,21.0,4.55,4.91350259841458,28.93,25.17,33.58,21.78,35.97,3.7,MODERATE,Orographic Sahyadri Elevation Gradient,Manual demo override,MANUAL_OVERRIDE,,2026-09-09,,,,NOT_REQUESTED,29.1,20.6,71.6
MH_PUNE_556112,Hadashi,Hadashi,Mulshi,Pune,18.59032,73.51621,68.32,35.82,17.5,623.9,49.9,549.1,698.8,14.0,200.1,48.0,18.0,8.0,18.0,3.0,5.0,0.0,20.0,29.5,21.0,4.54,2.398106139440783,26.56,22.72,30.68,18.86,33.45,3.66,MODERATE,Orographic Sahyadri Elevation Gradient,Manual demo override,MANUAL_OVERRIDE,,2026-09-09,,,,NOT_REQUESTED,29.1,20.6,70.6
MH_PUNE_556091,Katar Khadak,Katar Khadak,Mulshi,Pune,18.59824,73.5872,75.72,28.72,10.7,716.8,57.3,630.9,802.8,14.0,202.7,48.0,18.0,8.0,18.0,3.0,5.0,0.0,20.0,29.5,21.0,3.37,0.7755342289191758,23.55,19.69,27.59,16.39,30.39,3.7,MODERATE,Orographic Sahyadri Elevation Gradient,Manual demo override,MANUAL_OVERRIDE,,2026-09-09,,,,NOT_REQUESTED,28.1,19.6,69.4
MH_PUNE_556107,Shindewadi,Shindewadi,Mulshi,Pune,18.60657,73.53184,69.84,34.6,16.0,662.2,53.0,582.7,741.7,14.0,200.7,48.0,18.0,8.0,18.0,3.0,5.0,0.0,20.0,29.5,21.0,4.54,2.3400918765223424,26.45,22.64,30.03,18.78,33.87,3.81,MODERATE,Orographic Sahyadri Elevation Gradient,Manual demo override,MANUAL_OVERRIDE,,2026-09-09,,,,NOT_REQUESTED,28.8,20.3,70.6
MH_PUNE_556109,Nandgaon,Nandgaon,Mulshi,Pune,18.57954,73.56765,73.83,30.27,12.6,608.0,48.6,535.1,680.9,14.0,202.0,48.0,18.0,8.0,18.0,3.0,5.0,0.0,20.0,29.5,21.0,4.54,1.0168551077595467,25.0,20.67,29.11,17.35,31.44,3.7,MODERATE,Orographic Sahyadri Elevation Gradient,Manual demo override,MANUAL_OVERRIDE,,2026-09-09,,,,NOT_REQUESTED,29.2,20.7,70.0
MH_PUNE_556092,Khamboli,Khamboli,Mulshi,Pune,18.59089,73.60465,77.61,26.73,9.1,641.8,51.3,564.9,718.8,14.0,203.4,48.0,18.0,8.0,18.0,3.0,5.0,0.0,20.0,29.5,21.0,3.35,0.16314117372235404,22.97,18.76,26.89,15.41,30.54,3.83,MODERATE,Orographic Sahyadri Elevation Gradient,Manual demo override,MANUAL_OVERRIDE,,2026-09-09,,,,NOT_REQUESTED,28.6,20.1,69.2
MH_PUNE_556093,Pimpaloli,Pimpaloli,Mulshi,Pune,18.59035,73.62276,79.52,24.88,7.3,800.0,64.0,704.0,896.0,14.0,204.0,48.0,18.0,8.0,18.0,3.0,5.0,0.0,20.0,29.5,21.0,2.39,-0.3744386094015403,21.38,17.3,25.36,14.1,28.48,3.73,MODERATE,Orographic Sahyadri Elevation Gradient,Manual demo override,MANUAL_OVERRIDE,,2026-09-09,,,,NOT_REQUESTED,27.5,19.0,68.6
MH_PUNE_556108,Bhalgudi,Bhalgudi,Mulshi,Pune,18.58789,73.54782,71.66,32.5,14.5,641.0,51.3,564.1,718.0,14.0,201.3,48.0,18.0,8.0,18.0,3.0,5.0,0.0,20.0,29.5,21.0,4.54,1.6524548057636284,25.7,22.01,29.38,17.54,32.98,3.67,MODERATE,Orographic Sahyadri Elevation Gradient,Manual demo override,MANUAL_OVERRIDE,,2026-09-09,,,,NOT_REQUESTED,29.0,20.5,70.3
MH_PUNE_556089,Gheravitangad,Gheravitangad,Mulshi,Pune,18.61711,73.53652,70.28,34.43,15.5,811.3,64.9,714.0,908.7,14.0,200.9,48.0,18.0,8.0,18.0,3.0,5.0,0.0,20.0,29.5,21.0,4.67,2.4072004342137383,26.49,22.45,31.25,19.47,33.04,3.61,MODERATE,Orographic Sahyadri Elevation Gradient,Manual demo override,MANUAL_OVERRIDE,,2026-09-09,,,,NOT_REQUESTED,27.8,19.3,70.6
MH_PUNE_555935,Kusgaon Kh,Kusgaon Kh,Mawal,Pune,18.74507,73.57318,74.98,37.72,12.0,640.5,51.2,563.7,717.3,14.0,202.2,48.0,18.0,8.0,18.0,3.0,5.0,0.0,20.0,29.5,21.0,4.54,2.789194009192867,26.85,23.43,30.69,19.68,33.99,3.71,MODERATE,Orographic Sahyadri Elevation Gradient,Manual demo override,MANUAL_OVERRIDE,,2026-09-09,,,,NOT_REQUESTED,29.0,20.5,70.7
MH_PUNE_555934,Kamshet,Kamshet,Mawal,Pune,18.74624,73.56418,74.07,38.54,12.9,662.3,53.0,582.8,741.8,14.0,201.9,48.0,18.0,8.0,18.0,3.0,5.0,0.0,20.0,29.5,21.0,4.54,3.024099874634559,26.72,22.84,30.95,19.37,33.42,3.74,MODERATE,Orographic Sahyadri Elevation Gradient,Manual demo override,MANUAL_OVERRIDE,,2026-09-09,,,,NOT_REQUESTED,28.8,20.3,70.7
MH_PUNE_555960,Pathargaon,Pathargaon,Mawal,Pune,18.75012,73.55459,73.14,39.6,13.8,618.9,49.5,544.7,693.2,14.0,201.5,48.0,18.0,8.0,18.0,3.0,5.0,0.0,20.0,29.5,21.0,4.54,3.2710166022115486,27.2,23.42,31.37,18.89,33.68,3.86,MODERATE,Orographic Sahyadri Elevation Gradient,Manual demo override,MANUAL_OVERRIDE,,2026-09-09,,,,NOT_REQUESTED,29.1,20.6,70.9
MH_PUNE_555969,Boraj,Boraj,Mawal,Pune,18.73655,73.53011,70.35,40.79,16.1,636.9,51.0,560.4,713.4,14.0,200.6,48.0,18.0,8.0,18.0,3.0,5.0,0.0,20.0,29.5,21.0,4.54,3.8578954567345822,27.82,24.03,31.43,20.79,34.86,3.59,MODERATE,Orographic Sahyadri Elevation Gradient,Manual demo override,MANUAL_OVERRIDE,,2026-09-09,,,,NOT_REQUESTED,29.0,20.5,71.1
MH_PUNE_555895,Nayagaon,Nayagaon,Mawal,Pune,18.75089,73.59163,77.0,36.66,10.3,623.1,49.8,548.4,697.8,14.0,202.9,48.0,18.0,8.0,18.0,3.0,5.0,0.0,20.0,29.5,21.0,2.73,2.319282913249253,24.72,20.64,28.14,16.59,32.27,3.99,MODERATE,Orographic Sahyadri Elevation Gradient,Manual demo override,MANUAL_OVERRIDE,,2026-09-09,,,,NOT_REQUESTED,29.1,20.6,69.9
MH_PUNE_555970,Pimpaloli,Pimpaloli,Mawal,Pune,18.73478,73.5459,71.97,39.31,14.6,920.2,73.6,809.8,1030.6,14.0,201.2,48.0,18.0,8.0,18.0,3.0,5.0,0.0,20.0,29.5,21.0,4.13,3.4691330397808886,27.18,23.19,30.58,18.4,33.79,3.93,MODERATE,Orographic Sahyadri Elevation Gradient,Manual demo override,MANUAL_OVERRIDE,,2026-09-09,,,,NOT_REQUESTED,27.1,18.6,70.9
MH_PUNE_555937,Ahirvade,Ahirvade,Mawal,Pune,18.73222,73.60169,77.75,34.5,9.3,752.2,60.2,661.9,842.5,14.0,203.3,48.0,18.0,8.0,18.0,3.0,5.0,0.0,20.0,29.5,21.0,2.39,1.9876331155299787,23.9,19.34,27.89,15.89,31.82,4.07,MODERATE,Orographic Sahyadri Elevation Gradient,Manual demo override,MANUAL_OVERRIDE,,2026-09-09,,,,NOT_REQUESTED,28.2,19.7,69.6
MH_PUNE_555936,Chikhalse,Chikhalse,Mawal,Pune,18.73104,73.58363,75.85,35.88,11.1,687.4,55.0,604.9,769.9,14.0,202.6,48.0,18.0,8.0,18.0,3.0,5.0,0.0,20.0,29.5,21.0,2.73,2.4690962903615175,24.66,20.98,28.21,16.35,31.15,3.8,MODERATE,Orographic Sahyadri Elevation Gradient,Manual demo override,MANUAL_OVERRIDE,,2026-09-09,,,,NOT_REQUESTED,28.7,20.2,69.9
MH_PUNE_555898,Mohitewadi,Mohitewadi,Mawal,Pune,18.74259,73.62501,80.34,33.48,7.1,648.4,51.9,570.5,726.2,14.0,204.1,48.0,18.0,8.0,18.0,3.0,5.0,0.0,20.0,29.5,21.0,2.87,1.4261565195599735,23.64,20.09,26.97,15.95,30.28,3.77,MODERATE,Orographic Sahyadri Elevation Gradient,Manual demo override,MANUAL_OVERRIDE,,2026-09-09,,,,NOT_REQUESTED,28.9,20.4,69.5
MH_PUNE_555975,Aundhe Kh,Aundhe Kh,Mawal,Pune,18.7232,73.45013,61.8,47.3,23.7,626.4,50.1,551.3,701.6,14.0,197.7,48.0,18.0,8.0,18.0,3.0,5.0,0.0,20.0,29.5,21.0,4.55,5.172477637192597,29.24,25.61,33.17,21.91,36.03,3.78,MODERATE,Orographic Sahyadri Elevation Gradient,Manual demo override,MANUAL_OVERRIDE,,2026-09-09,,,,NOT_REQUESTED,29.1,20.6,71.7
MH_PUNE_555896,Sate,Sate,Mawal,Pune,18.73148,73.61386,79.01,33.48,8.2,804.3,64.3,707.8,900.7,14.0,203.7,48.0,18.0,8.0,18.0,3.0,5.0,0.0,20.0,29.5,21.0,2.43,1.6557263257556127,23.67,19.95,28.28,16.5,29.55,3.57,MODERATE,Orographic Sahyadri Elevation Gradient,Manual demo override,MANUAL_OVERRIDE,,2026-09-09,,,,NOT_REQUESTED,27.9,19.4,69.5
MH_PUNE_555994,Karunj,Karunj,Mawal,Pune,18.709,73.56683,73.8,35.87,12.7,583.7,46.7,513.7,653.8,14.0,202.0,48.0,18.0,8.0,18.0,3.0,5.0,0.0,20.0,29.5,21.0,4.54,2.7945494722735327,26.78,22.82,30.44,18.46,33.33,3.82,MODERATE,Orographic Sahyadri Elevation Gradient,Manual demo override,MANUAL_OVERRIDE,,2026-09-09,,,,NOT_REQUESTED,29.3,20.8,70.7
MH_PUNE_555978,Malewadi,Malewadi,Mawal,Pune,18.70937,73.50562,67.4,41.41,18.5,611.1,48.9,537.8,684.5,14.0,199.7,48.0,18.0,8.0,18.0,3.0,5.0,0.0,20.0,29.5,21.0,4.54,4.265111758898716,28.13,24.28,31.75,21.25,34.35,3.47,MODERATE,Orographic Sahyadri Elevation Gradient,Manual demo override,MANUAL_OVERRIDE,,2026-09-09,,,,NOT_REQUESTED,29.2,20.7,71.3
MH_PUNE_555980,Apati,Apati,Mawal,Pune,18.6997,73.44974,61.43,46.21,23.8,628.7,50.3,553.2,704.1,14.0,197.6,48.0,18.0,8.0,18.0,3.0,5.0,0.0,20.0,29.5,21.0,4.55,4.996543138282422,29.12,25.12,33.38,21.84,35.68,3.83,MODERATE,Orographic Sahyadri Elevation Gradient,Manual demo override,MANUAL_OVERRIDE,,2026-09-09,,,,NOT_REQUESTED,29.0,20.5,71.6
MH_PUNE_555981,Gevhande Apati,Gevhande Apati,Mawal,Pune,18.68929,73.42706,58.94,47.96,25.9,619.3,49.5,545.1,693.6,14.0,196.8,48.0,18.0,8.0,18.0,3.0,5.0,0.0,20.0,29.5,21.0,4.55,5.0423774960405225,28.94,24.78,33.17,20.77,36.47,3.86,MODERATE,Orographic Sahyadri Elevation Gradient,Manual demo override,MANUAL_OVERRIDE,,2026-09-09,,,,NOT_REQUESTED,29.1,20.6,71.6
MH_PUNE_555997,Sadavali,Sadavali,Mawal,Pune,18.70164,73.60242,77.46,32.32,9.3,597.1,47.8,525.4,668.8,14.0,203.3,48.0,18.0,8.0,18.0,3.0,5.0,0.0,20.0,29.5,21.0,3.35,1.74066314313612,24.17,20.34,28.6,16.98,30.84,3.67,MODERATE,Orographic Sahyadri Elevation Gradient,Manual demo override,MANUAL_OVERRIDE,,2026-09-09,,,,NOT_REQUESTED,29.2,20.7,69.7
MH_PUNE_555992,Kadadhe,Kadadhe,Mawal,Pune,18.69908,73.54438,71.34,37.29,14.8,584.1,46.7,514.0,654.1,14.0,201.1,48.0,18.0,8.0,18.0,3.0,5.0,0.0,20.0,29.5,21.0,4.54,3.3037721217111407,27.25,23.52,31.16,19.18,34.56,3.76,MODERATE,Orographic Sahyadri Elevation Gradient,Manual demo override,MANUAL_OVERRIDE,,2026-09-09,,,,NOT_REQUESTED,29.3,20.8,70.9
MH_PUNE_555998,Ozarde,Ozarde,Mawal,Pune,18.70299,73.61531,78.82,31.33,8.0,588.3,47.1,517.7,659.0,14.0,203.8,48.0,18.0,8.0,18.0,3.0,5.0,0.0,20.0,29.5,21.0,3.35,1.3857714822922498,24.29,20.14,28.32,16.44,30.77,3.67,MODERATE,Orographic Sahyadri Elevation Gradient,Manual demo override,MANUAL_OVERRIDE,,2026-09-09,,,,NOT_REQUESTED,29.3,20.8,69.7
MH_PUNE_555977,Dhalewadi,Dhalewadi,Mawal,Pune,18.71162,73.50649,67.52,41.45,18.4,626.3,50.1,551.2,701.5,14.0,199.7,48.0,18.0,8.0,18.0,3.0,5.0,0.0,20.0,29.5,21.0,4.54,4.2636181971874745,28.23,24.06,32.32,20.2,34.59,3.8,MODERATE,Orographic Sahyadri Elevation Gradient,Manual demo override,MANUAL_OVERRIDE,,2026-09-09,,,,NOT_REQUESTED,29.1,20.6,71.3
MH_PUNE_555982,Atvan,Atvan,Mawal,Pune,18.68711,73.40271,56.36,50.27,28.2,667.9,53.4,587.8,748.0,14.0,195.9,48.0,18.0,8.0,18.0,3.0,5.0,0.0,20.0,29.5,21.0,4.55,5.077229560336617,29.07,25.7,32.92,20.93,35.68,3.78,MODERATE,Orographic Sahyadri Elevation Gradient,Manual demo override,MANUAL_OVERRIDE,,2026-09-09,,,,NOT_REQUESTED,28.8,20.3,71.6
MH_PUNE_555989,Sawantwadi,Sawantwadi,Mawal,Pune,18.70191,73.53137,70.01,38.64,16.0,593.3,47.5,522.1,664.6,14.0,200.7,48.0,18.0,8.0,18.0,3.0,5.0,0.0,20.0,29.5,21.0,4.54,3.6451878831979942,27.6,23.75,31.63,19.31,34.4,3.77,MODERATE,Orographic Sahyadri Elevation Gradient,Manual demo override,MANUAL_OVERRIDE,,2026-09-09,,,,NOT_REQUESTED,29.3,20.8,71.0
MH_PUNE_555988,Mahagaon,Mahagaon,Mawal,Pune,18.70052,73.51658,68.44,39.92,17.4,590.6,47.2,519.8,661.4,14.0,200.1,48.0,18.0,8.0,18.0,3.0,5.0,0.0,20.0,29.5,21.0,4.54,3.9680853310729294,28.11,23.84,31.57,20.35,34.52,3.73,MODERATE,Orographic Sahyadri Elevation Gradient,Manual demo override,MANUAL_OVERRIDE,,2026-09-09,,,,NOT_REQUESTED,29.3,20.8,71.2
MH_PUNE_555979,Lohagad,Lohagad,Mawal,Pune,18.70584,73.49056,65.78,42.63,19.9,646.7,51.7,569.1,724.2,14.0,199.2,48.0,18.0,8.0,18.0,3.0,5.0,0.0,20.0,29.5,21.0,4.55,4.517391742001405,28.52,24.91,31.76,21.23,35.92,3.68,MODERATE,Orographic Sahyadri Elevation Gradient,Manual demo override,MANUAL_OVERRIDE,,2026-09-09,,,,NOT_REQUESTED,28.9,20.4,71.4
MH_PUNE_555996,Baur,Baur,Mawal,Pune,18.70185,73.5881,75.96,33.57,10.6,593.9,47.5,522.7,665.2,14.0,202.8,48.0,18.0,8.0,18.0,3.0,5.0,0.0,20.0,29.5,21.0,2.73,2.1490592248952085,24.37,20.09,28.32,16.23,31.64,3.88,MODERATE,Orographic Sahyadri Elevation Gradient,Manual demo override,MANUAL_OVERRIDE,,2026-09-09,,,,NOT_REQUESTED,29.3,20.8,69.7
MH_PUNE_555984,Shindgaon,Shindgaon,Mawal,Pune,18.68912,73.48682,65.21,42.16,20.3,743.6,59.5,654.3,832.8,14.0,199.0,48.0,18.0,8.0,18.0,3.0,5.0,0.0,20.0,29.5,21.0,4.57,4.423049176085796,28.59,23.67,32.79,20.39,35.21,3.86,MODERATE,Orographic Sahyadri Elevation Gradient,Manual demo override,MANUAL_OVERRIDE,,2026-09-09,,,,NOT_REQUESTED,28.3,19.8,71.4
MH_PUNE_555990,Prabhachiwadi,Prabhachiwadi,Mawal,Pune,18.69027,73.52879,69.63,38.25,16.3,582.3,46.6,512.4,652.2,14.0,200.6,48.0,18.0,8.0,18.0,3.0,5.0,0.0,20.0,29.5,21.0,4.54,3.6001690357179603,27.57,23.65,30.83,20.04,34.59,3.64,MODERATE,Orographic Sahyadri Elevation Gradient,Manual demo override,MANUAL_OVERRIDE,,2026-09-09,,,,NOT_REQUESTED,29.3,20.8,71.0
MH_PUNE_556002,Thugaon,Thugaon,Mawal,Pune,18.68324,73.57403,74.32,33.71,12.0,609.0,48.7,535.9,682.0,14.0,202.2,48.0,18.0,8.0,18.0,3.0,5.0,0.0,20.0,29.5,21.0,4.54,2.3600042360872697,26.33,21.56,30.21,18.74,33.11,3.81,MODERATE,Orographic Sahyadri Elevation Gradient,Manual demo override,MANUAL_OVERRIDE,,2026-09-09,,,,NOT_REQUESTED,29.2,20.7,70.5
MH_PUNE_556010,Kolechafesar,Kolechafesar,Mawal,Pune,18.67541,73.46205,62.5,43.97,22.6,613.4,49.1,539.8,687.1,14.0,198.1,48.0,18.0,8.0,18.0,3.0,5.0,0.0,20.0,29.5,21.0,4.55,4.60467156465888,28.73,24.67,32.71,20.22,35.57,3.94,MODERATE,Orographic Sahyadri Elevation Gradient,Manual demo override,MANUAL_OVERRIDE,,2026-09-09,,,,NOT_REQUESTED,29.1,20.6,71.5
MH_PUNE_556000,Shivane,Shivane,Mawal,Pune,18.67631,73.60845,77.9,30.21,8.7,663.9,53.1,584.3,743.6,14.0,203.5,48.0,18.0,8.0,18.0,3.0,5.0,0.0,20.0,29.5,21.0,3.35,1.2864781016843234,24.2,20.55,27.87,16.46,31.17,3.71,MODERATE,Orographic Sahyadri Elevation Gradient,Manual demo override,MANUAL_OVERRIDE,,2026-09-09,,,,NOT_REQUESTED,28.8,20.3,69.7
MH_PUNE_555987,Kale,Kale,Mawal,Pune,18.68234,73.50779,67.36,39.84,18.3,588.3,47.1,517.6,658.9,14.0,199.8,48.0,18.0,8.0,18.0,3.0,5.0,0.0,20.0,29.5,21.0,4.54,3.9698237019543834,28.05,23.75,32.49,20.64,34.82,3.71,MODERATE,Orographic Sahyadri Elevation Gradient,Manual demo override,MANUAL_OVERRIDE,,2026-09-09,,,,NOT_REQUESTED,29.3,20.8,71.2
MH_PUNE_556001,Malawali P M,Malawali P M,Mawal,Pune,18.68017,73.58648,75.61,32.4,10.8,604.9,48.4,532.3,677.5,14.0,202.7,48.0,18.0,8.0,18.0,3.0,5.0,0.0,20.0,29.5,21.0,3.35,1.9731167190552699,24.72,20.78,28.37,16.14,31.92,4.01,MODERATE,Orographic Sahyadri Elevation Gradient,Manual demo override,MANUAL_OVERRIDE,,2026-09-09,,,,NOT_REQUESTED,29.2,20.7,69.9
MH_PUNE_555985,Ambegaon,Ambegaon,Mawal,Pune,18.68355,73.49631,66.16,41.0,19.4,590.2,47.2,519.4,661.0,14.0,199.4,48.0,18.0,8.0,18.0,3.0,5.0,0.0,20.0,29.5,21.0,4.55,4.200350282108924,28.23,24.63,32.12,20.26,35.05,3.77,MODERATE,Orographic Sahyadri Elevation Gradient,Manual demo override,MANUAL_OVERRIDE,,2026-09-09,,,,NOT_REQUESTED,29.3,20.8,71.3
MH_PUNE_556003,Adavi,Adavi,Mawal,Pune,18.68057,73.56038,72.87,34.81,13.3,637.4,51.0,560.9,713.9,14.0,201.7,48.0,18.0,8.0,18.0,3.0,5.0,0.0,20.0,29.5,21.0,4.54,2.704417973701666,26.59,22.56,30.63,18.93,33.23,3.69,MODERATE,Orographic Sahyadri Elevation Gradient,Manual demo override,MANUAL_OVERRIDE,,2026-09-09,,,,NOT_REQUESTED,29.0,20.5,70.6
MH_PUNE_555991,Yelase,Yelase,Mawal,Pune,18.67908,73.53331,70.01,37.26,15.8,585.7,46.9,515.3,656.0,14.0,200.7,48.0,18.0,8.0,18.0,3.0,5.0,0.0,20.0,29.5,21.0,4.54,3.374675171903985,27.52,23.48,31.73,20.4,34.62,3.82,MODERATE,Orographic Sahyadri Elevation Gradient,Manual demo override,MANUAL_OVERRIDE,,2026-09-09,,,,NOT_REQUESTED,29.3,20.8,71.0
MH_PUNE_556004,Bhadawali,Bhadawali,Mawal,Pune,18.67869,73.54883,71.64,35.79,14.4,636.3,50.9,560.0,712.7,14.0,201.3,48.0,18.0,8.0,18.0,3.0,5.0,0.0,20.0,29.5,21.0,4.54,2.9865476735483245,26.99,22.7,31.11,18.98,33.59,3.79,MODERATE,Orographic Sahyadri Elevation Gradient,Manual demo override,MANUAL_OVERRIDE,,2026-09-09,,,,NOT_REQUESTED,29.0,20.5,70.8
MH_PUNE_556056,Devghar,Devghar,Mulshi,Pune,18.65396,73.41199,57.12,48.18,27.4,774.7,62.0,681.7,867.7,14.0,196.2,48.0,18.0,8.0,18.0,3.0,5.0,0.0,20.0,29.5,21.0,4.57,4.662308049296673,28.62,24.14,32.55,21.35,34.51,3.69,MODERATE,Orographic Sahyadri Elevation Gradient,Manual demo override,MANUAL_OVERRIDE,,2026-09-09,,,,NOT_REQUESTED,28.0,19.5,71.4
MH_PUNE_556046,Adhale Bk,Adhale Bk,Mawal,Pune,18.65327,73.61599,78.61,28.22,8.0,629.7,50.4,554.1,705.3,14.0,203.8,48.0,18.0,8.0,18.0,3.0,5.0,0.0,20.0,29.5,21.0,3.35,0.7527912684664164,23.49,19.49,27.73,15.29,30.1,3.79,MODERATE,Orographic Sahyadri Elevation Gradient,Manual demo override,MANUAL_OVERRIDE,,2026-09-09,,,,NOT_REQUESTED,28.7,20.2,69.4
MH_PUNE_556007,Brahmanoli,Brahmanoli,Mawal,Pune,18.6673,73.51612,68.14,38.36,17.5,593.6,47.5,522.3,664.8,14.0,200.1,48.0,18.0,8.0,18.0,3.0,5.0,0.0,20.0,29.5,21.0,4.54,3.6167333439140323,27.56,24.12,31.21,19.44,34.06,3.63,MODERATE,Orographic Sahyadri Elevation Gradient,Manual demo override,MANUAL_OVERRIDE,,2026-09-09,,,,NOT_REQUESTED,29.3,20.8,71.0
MH_PUNE_556009,Pansoli,Pansoli,Mawal,Pune,18.66802,73.48734,65.11,41.19,20.2,611.5,48.9,538.1,684.9,14.0,199.0,48.0,18.0,8.0,18.0,3.0,5.0,0.0,20.0,29.5,21.0,4.55,4.162429882271883,28.02,23.66,31.95,20.36,34.65,3.77,MODERATE,Orographic Sahyadri Elevation Gradient,Manual demo override,MANUAL_OVERRIDE,,2026-09-09,,,,NOT_REQUESTED,29.2,20.7,71.2
MH_PUNE_556005,Shivali,Shivali,Mawal,Pune,18.66798,73.55119,71.83,35.03,14.1,617.3,49.4,543.2,691.4,14.0,201.4,48.0,18.0,8.0,18.0,3.0,5.0,0.0,20.0,29.5,21.0,4.54,2.7972550786276593,26.71,22.94,29.94,17.9,34.09,3.8,MODERATE,Orographic Sahyadri Elevation Gradient,Manual demo override,MANUAL_OVERRIDE,,2026-09-09,,,,NOT_REQUESTED,29.1,20.6,70.7
MH_PUNE_556011,Tung,Tung,Mawal,Pune,18.65921,73.46321,62.54,43.22,22.5,939.9,75.2,827.1,1052.7,14.0,198.1,48.0,18.0,8.0,18.0,3.0,5.0,0.0,20.0,29.5,21.0,4.22,4.375237604455582,28.2,23.35,32.76,20.59,36.24,4.0,MODERATE,Orographic Sahyadri Elevation Gradient,Manual demo override,MANUAL_OVERRIDE,,2026-09-09,,,,NOT_REQUESTED,26.9,18.4,71.3
MH_PUNE_556006,Kothurne,Kothurne,Mawal,Pune,18.65892,73.53073,69.64,36.57,16.1,751.2,60.1,661.1,841.4,14.0,200.6,48.0,18.0,8.0,18.0,3.0,5.0,0.0,20.0,29.5,21.0,4.56,3.1813793994886215,27.37,23.57,31.76,19.85,34.43,3.77,MODERATE,Orographic Sahyadri Elevation Gradient,Manual demo override,MANUAL_OVERRIDE,,2026-09-09,,,,NOT_REQUESTED,28.2,19.7,70.9
MH_PUNE_556012,Majgaon,Majgaon,Mawal,Pune,18.65906,73.49128,65.49,40.44,19.8,611.5,48.9,538.1,684.9,14.0,199.2,48.0,18.0,8.0,18.0,3.0,5.0,0.0,20.0,29.5,21.0,4.55,3.9754513168711654,27.95,23.58,32.12,20.02,34.91,3.83,MODERATE,Orographic Sahyadri Elevation Gradient,Manual demo override,MANUAL_OVERRIDE,,2026-09-09,,,,NOT_REQUESTED,29.2,20.7,71.2
MH_PUNE_556047,Done,Done,Mawal,Pune,18.6561,73.58816,75.69,30.95,10.6,652.5,52.2,574.2,730.8,14.0,202.8,48.0,18.0,8.0,18.0,3.0,5.0,0.0,20.0,29.5,21.0,3.35,1.618705916932404,24.6,20.64,27.69,17.68,31.62,3.64,MODERATE,Orographic Sahyadri Elevation Gradient,Manual demo override,MANUAL_OVERRIDE,,2026-09-09,,,,NOT_REQUESTED,28.9,20.4,69.8
MH_PUNE_556023,Morave,Morave,Mawal,Pune,18.64276,73.44562,60.65,44.43,24.2,643.9,51.5,566.6,721.1,14.0,197.5,48.0,18.0,8.0,18.0,3.0,5.0,0.0,20.0,29.5,21.0,4.55,4.309327966599384,28.17,24.33,33.02,20.61,35.63,3.78,MODERATE,Orographic Sahyadri Elevation Gradient,Manual demo override,MANUAL_OVERRIDE,,2026-09-09,,,,NOT_REQUESTED,28.9,20.4,71.3
MH_PUNE_556017,Dhangavhan,Dhangavhan,Mawal,Pune,18.65457,73.55606,72.3,33.93,13.7,691.1,55.3,608.2,774.1,14.0,201.6,48.0,18.0,8.0,18.0,3.0,5.0,0.0,20.0,29.5,21.0,4.54,2.4920235623299494,26.4,22.09,30.03,18.41,33.37,3.92,MODERATE,Orographic Sahyadri Elevation Gradient,Manual demo override,MANUAL_OVERRIDE,,2026-09-09,,,,NOT_REQUESTED,28.6,20.1,70.6
MH_PUNE_556018,Yelghol,Yelghol,Mawal,Pune,18.64835,73.56578,73.31,32.72,12.8,771.4,61.7,678.9,864.0,14.0,201.9,48.0,18.0,8.0,18.0,3.0,5.0,0.0,20.0,29.5,21.0,4.56,2.1430634837233646,26.24,22.46,31.14,18.24,32.78,3.92,MODERATE,Orographic Sahyadri Elevation Gradient,Manual demo override,MANUAL_OVERRIDE,,2026-09-09,,,,NOT_REQUESTED,28.1,19.6,70.5
MH_PUNE_556014,Thakursai,Thakursai,Mawal,Pune,18.64967,73.50285,66.69,38.93,18.7,714.1,57.1,628.4,799.7,14.0,199.6,48.0,18.0,8.0,18.0,3.0,5.0,0.0,20.0,29.5,21.0,4.56,3.6345380262153775,27.59,23.92,31.28,19.68,35.43,3.7,MODERATE,Orographic Sahyadri Elevation Gradient,Manual demo override,MANUAL_OVERRIDE,,2026-09-09,,,,NOT_REQUESTED,28.5,20.0,71.0
MH_PUNE_556015,Varu,Varu,Mawal,Pune,18.64738,73.51898,68.38,37.25,17.2,629.9,50.4,554.3,705.5,14.0,200.2,48.0,18.0,8.0,18.0,3.0,5.0,0.0,20.0,29.5,21.0,4.54,3.2778416055012936,27.37,23.5,31.6,19.33,34.01,3.69,MODERATE,Orographic Sahyadri Elevation Gradient,Manual demo override,MANUAL_OVERRIDE,,2026-09-09,,,,NOT_REQUESTED,29.0,20.5,70.9
MH_PUNE_556016,Malavandi Thule,Malavandi Thule,Mawal,Pune,18.63843,73.54567,71.19,34.27,14.7,1124.2,89.9,989.4,1259.1,14.0,201.2,48.0,18.0,8.0,18.0,3.0,5.0,0.0,20.0,29.5,21.0,4.22,2.5236946458338365,25.86,21.55,30.03,17.01,32.65,4.0,MODERATE,Orographic Sahyadri Elevation Gradient,Manual demo override,MANUAL_OVERRIDE,,2026-09-09,,,,NOT_REQUESTED,25.7,17.2,70.3
MH_PUNE_556013,Keware,Keware,Mawal,Pune,18.64342,73.49036,65.36,39.95,19.9,611.5,48.9,538.1,684.9,14.0,199.1,48.0,18.0,8.0,18.0,3.0,5.0,0.0,20.0,29.5,21.0,4.55,3.7594370917289366,27.95,23.61,31.43,20.37,35.06,3.67,MODERATE,Orographic Sahyadri Elevation Gradient,Manual demo override,MANUAL_OVERRIDE,,2026-09-09,,,,NOT_REQUESTED,29.2,20.7,71.2
MH_PUNE_555986,Shevati,Shevati,Mawal,Pune,18.67819,73.50453,66.98,39.96,18.6,586.7,46.9,516.3,657.0,14.0,199.7,48.0,18.0,8.0,18.0,3.0,5.0,0.0,20.0,29.5,21.0,4.54,3.9857580267810193,28.07,24.04,32.46,20.25,35.49,3.92,MODERATE,Orographic Sahyadri Elevation Gradient,Manual demo override,MANUAL_OVERRIDE,,2026-09-09,,,,NOT_REQUESTED,29.3,20.8,71.2
MH_PUNE_556008,Phagane,Phagane,Mawal,Pune,18.66661,73.50499,66.96,39.41,18.5,590.0,47.2,519.2,660.8,14.0,199.7,48.0,18.0,8.0,18.0,3.0,5.0,0.0,20.0,29.5,21.0,4.54,3.8319655616487682,27.76,23.54,31.66,19.58,34.55,3.77,MODERATE,Orographic Sahyadri Elevation Gradient,Manual demo override,MANUAL_OVERRIDE,,2026-09-09,,,,NOT_REQUESTED,29.3,20.8,71.1
MH_PUNE_555983,Pale Pawan Mawal,Pale Pawan Mawal,Mawal,Pune,18.68665,73.46968,63.39,43.7,21.9,611.5,48.9,538.1,684.9,14.0,198.4,48.0,18.0,8.0,18.0,3.0,5.0,0.0,20.0,29.5,21.0,4.55,4.645377997756672,28.51,24.19,32.17,21.67,35.66,3.67,MODERATE,Orographic Sahyadri Elevation Gradient,Manual demo override,MANUAL_OVERRIDE,,2026-09-09,,,,NOT_REQUESTED,29.2,20.7,71.4
MH_PUNE_556043,Darumbare,Darumbare,Mawal,Pune,18.63446,73.69381,86.8,20.15,0.6,588.2,47.1,517.6,658.9,14.0,206.7,48.0,18.0,8.0,18.0,3.0,5.0,0.0,20.0,29.5,21.0,2.32,-1.7762268896912852,19.96,15.47,23.73,11.2,26.79,3.84,MODERATE,Orographic Sahyadri Elevation Gradient,Manual demo override,MANUAL_OVERRIDE,,2026-09-09,,,,NOT_REQUESTED,28.9,20.4,68.0
MH_PUNE_555968,Patan,Patan,Mawal,Pune,18.7324,73.50458,67.63,42.79,18.6,864.5,69.2,760.7,968.3,14.0,199.7,48.0,18.0,8.0,18.0,3.0,5.0,0.0,20.0,29.5,21.0,4.13,4.407078233000035,27.94,24.22,32.25,20.26,34.94,3.81,MODERATE,Orographic Sahyadri Elevation Gradient,Manual demo override,MANUAL_OVERRIDE,,2026-09-09,,,,NOT_REQUESTED,27.5,19.0,71.2
MH_PUNE_555972,Bhaje,Bhaje,Mawal,Pune,18.72733,73.48806,65.82,44.0,20.1,908.4,72.7,799.4,1017.5,14.0,199.1,48.0,18.0,8.0,18.0,3.0,5.0,0.0,20.0,29.5,21.0,4.14,4.695169229080979,28.54,24.76,32.91,21.45,35.55,3.64,MODERATE,Orographic Sahyadri Elevation Gradient,Manual demo override,MANUAL_OVERRIDE,,2026-09-09,,,,NOT_REQUESTED,27.2,18.7,71.4
MH_PUNE_555976,Dudhivare,Dudhivare,Mawal,Pune,18.70149,73.47398,63.99,43.97,21.5,807.0,64.6,710.1,903.9,14.0,198.5,48.0,18.0,8.0,18.0,3.0,5.0,0.0,20.0,29.5,21.0,4.61,4.737506959875338,28.95,24.3,32.75,20.52,35.6,3.93,MODERATE,Orographic Sahyadri Elevation Gradient,Manual demo override,MANUAL_OVERRIDE,,2026-09-09,,,,NOT_REQUESTED,27.8,19.3,71.6
MH_PUNE_251526,Lonavala,Lonavala,Haveli,Pune,18.72671,73.42224,58.96,50.1,26.4,630.9,50.5,555.1,706.6,14.0,196.6,12.0,14.0,8.0,48.0,14.0,4.0,0.0,20.0,29.5,21.0,5.31,5.361677225227716,30.23,25.96,34.32,22.99,37.75,3.81,MODERATE,Orographic Sahyadri Elevation Gradient,Manual demo override,MANUAL_OVERRIDE,,2026-09-09,,,,NOT_REQUESTED,29.9,21.4,72.1
MH_PUNE_555949,Dongargaon,Dongargaon,Mawal,Pune,18.74315,73.43851,60.97,49.41,24.8,617.4,49.4,543.3,691.5,14.0,197.2,48.0,18.0,8.0,18.0,3.0,5.0,0.0,20.0,29.5,21.0,4.55,5.343671721607226,29.3,24.97,32.88,21.51,36.12,3.8,MODERATE,Orographic Sahyadri Elevation Gradient,Manual demo override,MANUAL_OVERRIDE,,2026-09-09,,,,NOT_REQUESTED,29.1,20.6,71.7
MH_PUNE_555950,Sadapur,Sadapur,Mawal,Pune,18.74766,73.45596,62.87,48.06,23.2,622.6,49.8,547.9,697.3,14.0,197.9,48.0,18.0,8.0,18.0,3.0,5.0,0.0,20.0,29.5,21.0,4.55,5.199415895534061,29.16,25.23,32.6,21.87,35.85,3.66,MODERATE,Orographic Sahyadri Elevation Gradient,Manual demo override,MANUAL_OVERRIDE,,2026-09-09,,,,NOT_REQUESTED,29.1,20.6,71.7
MH_PUNE_555967,Malawali N M,Malawali N M,Mawal,Pune,18.74215,73.49555,66.86,44.17,19.4,618.8,49.5,544.5,693.0,14.0,199.3,48.0,18.0,8.0,18.0,3.0,5.0,0.0,20.0,29.5,21.0,4.54,4.604557902524478,28.47,24.51,32.26,21.16,34.79,3.56,MODERATE,Orographic Sahyadri Elevation Gradient,Manual demo override,MANUAL_OVERRIDE,,2026-09-09,,,,NOT_REQUESTED,29.1,20.6,71.4
MH_PUNE_555971,Taje,Taje,Mawal,Pune,18.73686,73.51562,68.85,42.08,17.5,649.4,52.0,571.4,727.4,14.0,200.1,48.0,18.0,8.0,18.0,3.0,5.0,0.0,20.0,29.5,21.0,4.54,4.187701348794558,28.07,24.02,31.52,20.64,34.23,3.64,MODERATE,Orographic Sahyadri Elevation Gradient,Manual demo override,MANUAL_OVERRIDE,,2026-09-09,,,,NOT_REQUESTED,28.9,20.4,71.2
MH_PUNE_556119,Nere,Nere,Mulshi,Pune,18.57882,73.75377,93.38,11.5,-1.0,553.7,44.3,487.3,620.2,3.0,208.9,48.0,18.0,8.0,18.0,3.0,5.0,0.0,20.0,29.5,21.0,0.14,-3.692386358944495,16.0,12.16,20.08,8.17,22.49,3.75,MODERATE,Rain-Shadow Plateau Topography,Manual demo override,MANUAL_OVERRIDE,,2026-09-09,,,,NOT_REQUESTED,29.0,20.5,66.4
MH_PUNE_556042,Sangavade,Sangavade,Mawal,Pune,18.6365,73.71826,89.38,18.25,-0.3,582.9,46.6,513.0,652.8,3.0,207.6,48.0,18.0,8.0,18.0,3.0,5.0,0.0,20.0,29.5,21.0,1.8,-2.3427475733138063,18.99,15.58,22.76,11.29,25.69,3.65,MODERATE,Rain-Shadow Plateau Topography,Manual demo override,MANUAL_OVERRIDE,,2026-09-09,,,,NOT_REQUESTED,28.8,20.3,67.6
MH_PUNE_556116,Hotale,Hotale,Mulshi,Pune,18.60135,73.70597,88.19,17.13,-0.1,685.5,54.8,603.3,767.7,3.0,207.1,48.0,18.0,8.0,18.0,3.0,5.0,0.0,20.0,29.5,21.0,1.8,-2.529415146504479,18.71,14.2,22.27,11.01,25.99,3.73,MODERATE,Orographic Sahyadri Elevation Gradient,Manual demo override,MANUAL_OVERRIDE,,2026-09-09,,,,NOT_REQUESTED,28.1,19.6,67.5
MH_PUNE_556117,Nanegaon,Nanegaon,Mulshi,Pune,18.62579,73.73587,91.25,16.07,-0.6,582.1,46.6,512.2,652.0,3.0,208.2,48.0,18.0,8.0,18.0,3.0,5.0,0.0,20.0,29.5,21.0,0.64,-2.8696107008724305,17.3,13.51,21.15,9.79,24.32,3.73,MODERATE,Rain-Shadow Plateau Topography,Manual demo override,MANUAL_OVERRIDE,,2026-09-09,,,,NOT_REQUESTED,28.8,20.3,66.9
MH_PUNE_556051,Pachane,Pachane,Mawal,Pune,18.60495,73.6414,81.38,23.51,5.6,783.6,62.7,689.6,877.7,14.0,204.7,48.0,18.0,8.0,18.0,3.0,5.0,0.0,20.0,29.5,21.0,2.24,-0.720172678152932,20.99,16.88,25.17,13.7,28.68,3.82,MODERATE,Orographic Sahyadri Elevation Gradient,Manual demo override,MANUAL_OVERRIDE,,2026-09-09,,,,NOT_REQUESTED,27.7,19.2,68.4
MH_PUNE_556114,Walen,Walen,Mulshi,Pune,18.60192,73.68931,86.44,18.73,1.0,781.6,62.5,687.9,875.4,14.0,206.5,48.0,18.0,8.0,18.0,3.0,5.0,0.0,20.0,29.5,21.0,2.24,-2.10792068113979,19.76,15.59,23.6,11.65,26.67,3.83,MODERATE,Orographic Sahyadri Elevation Gradient,Manual demo override,MANUAL_OVERRIDE,,2026-09-09,,,,NOT_REQUESTED,27.7,19.2,67.9
MH_PUNE_556052,Kusgaon P M,Kusgaon P M,Mawal,Pune,18.59686,73.66533,83.95,20.84,3.3,836.1,66.9,735.7,936.4,14.0,205.6,48.0,18.0,8.0,18.0,3.0,5.0,0.0,20.0,29.5,21.0,2.24,-1.5227369943976363,20.1,15.55,24.43,12.92,27.49,3.93,MODERATE,Orographic Sahyadri Elevation Gradient,Manual demo override,MANUAL_OVERRIDE,,2026-09-09,,,,NOT_REQUESTED,27.3,18.8,68.0
MH_PUNE_556118,Kasarsai,Kasarsai,Mulshi,Pune,18.59916,73.73545,91.31,14.32,-0.6,582.8,46.6,512.9,652.7,3.0,208.2,48.0,18.0,8.0,18.0,3.0,5.0,0.0,20.0,29.5,21.0,0.64,-3.1885241755783276,16.92,12.87,21.44,8.95,24.26,3.83,MODERATE,Rain-Shadow Plateau Topography,Manual demo override,MANUAL_OVERRIDE,,2026-09-09,,,,NOT_REQUESTED,28.8,20.3,66.8
MH_PUNE_556103,Padalgharwadi,Padalgharwadi,Mulshi,Pune,18.55893,73.64103,81.76,22.26,5.6,905.3,72.4,796.7,1013.9,14.0,204.7,48.0,18.0,8.0,18.0,3.0,5.0,0.0,20.0,29.5,21.0,1.48,-1.29408515643135,19.8,14.64,23.94,12.8,27.3,3.89,MODERATE,Orographic Sahyadri Elevation Gradient,Manual demo override,MANUAL_OVERRIDE,,2026-09-09,,,,NOT_REQUESTED,26.9,18.4,67.9
MH_PUNE_556096,Man,Man,Mulshi,Pune,18.57455,73.71638,89.49,14.93,-0.3,573.6,45.9,504.7,642.4,3.0,207.5,48.0,18.0,8.0,18.0,3.0,5.0,0.0,20.0,29.5,21.0,1.8,-3.042017700407281,18.26,14.73,22.23,10.38,25.09,3.79,MODERATE,Rain-Shadow Plateau Topography,Manual demo override,MANUAL_OVERRIDE,,2026-09-09,,,,NOT_REQUESTED,28.8,20.3,67.3
MH_PUNE_556095,Godambewadi,Godambewadi,Mulshi,Pune,18.56523,73.68124,85.9,18.22,1.8,622.9,49.8,548.2,697.6,14.0,206.2,48.0,18.0,8.0,18.0,3.0,5.0,0.0,20.0,29.5,21.0,2.41,-2.3030998488325074,19.52,15.5,23.68,11.85,26.69,3.77,MODERATE,Orographic Sahyadri Elevation Gradient,Manual demo override,MANUAL_OVERRIDE,,2026-09-09,,,,NOT_REQUESTED,28.7,20.2,67.8
MH_PUNE_556099,Amarale Wadi,Amarale Wadi,Mulshi,Pune,18.55408,73.69782,87.76,16.27,0.2,591.1,47.3,520.2,662.1,14.0,206.8,48.0,18.0,8.0,18.0,3.0,5.0,0.0,20.0,29.5,21.0,2.32,-2.7930761375852473,19.02,15.36,22.64,10.97,25.98,3.7,MODERATE,Orographic Sahyadri Elevation Gradient,Manual demo override,MANUAL_OVERRIDE,,2026-09-09,,,,NOT_REQUESTED,28.9,20.4,67.6
MH_PUNE_556094,Rihe,Rihe,Mulshi,Pune,18.56935,73.65576,83.18,20.94,4.2,608.1,48.6,535.2,681.0,14.0,205.3,48.0,18.0,8.0,18.0,3.0,5.0,0.0,20.0,29.5,21.0,2.41,-1.586246158577215,20.42,16.39,24.22,12.87,28.14,3.8,MODERATE,Orographic Sahyadri Elevation Gradient,Manual demo override,MANUAL_OVERRIDE,,2026-09-09,,,,NOT_REQUESTED,28.8,20.3,68.2
MH_PUNE_556102,Ghotavade,Ghotavade,Mulshi,Pune,18.55084,73.67658,85.58,18.43,2.2,622.9,49.8,548.2,697.6,14.0,206.0,48.0,18.0,8.0,18.0,3.0,5.0,0.0,20.0,29.5,21.0,2.41,-2.3104356141438513,19.46,15.0,23.44,11.02,27.15,3.96,MODERATE,Orographic Sahyadri Elevation Gradient,Manual demo override,MANUAL_OVERRIDE,,2026-09-09,,,,NOT_REQUESTED,28.7,20.2,67.8
MH_PUNE_556097,Bhoirwadi,Bhoirwadi,Mulshi,Pune,18.56828,73.7343,91.43,12.92,-0.6,557.4,44.6,490.5,624.3,3.0,208.2,48.0,18.0,8.0,18.0,3.0,5.0,0.0,20.0,29.5,21.0,0.14,-3.4440826847116606,16.14,11.87,19.64,8.13,22.76,3.66,MODERATE,Rain-Shadow Plateau Topography,Manual demo override,MANUAL_OVERRIDE,,2026-09-09,,,,NOT_REQUESTED,29.0,20.5,66.5
MH_PUNE_556098,Chande,Chande,Mulshi,Pune,18.55125,73.71428,89.52,14.5,-0.3,558.1,44.6,491.2,625.0,3.0,207.4,48.0,18.0,8.0,18.0,3.0,5.0,0.0,20.0,29.5,21.0,1.67,-3.167041360306984,17.92,14.13,22.01,10.04,24.65,3.81,MODERATE,Rain-Shadow Plateau Topography,Manual demo override,MANUAL_OVERRIDE,,2026-09-09,,,,NOT_REQUESTED,28.9,20.4,67.2
MH_PUNE_556121,Jambe,Jambe,Mulshi,Pune,18.54566,73.74113,92.41,11.61,-0.7,713.6,57.1,628.0,799.3,3.0,208.4,48.0,18.0,8.0,18.0,3.0,5.0,0.0,20.0,29.5,21.0,0.64,-3.68475310140322,16.41,12.82,19.97,9.0,23.57,3.66,MODERATE,Orographic Sahyadri Elevation Gradient,Manual demo override,MANUAL_OVERRIDE,,2026-09-09,,,,NOT_REQUESTED,27.9,19.4,66.6
MH_PUNE_556129,Bhugaon,Bhugaon,Mulshi,Pune,18.54445,73.62668,80.45,23.6,7.0,583.8,46.7,513.8,653.9,14.0,204.2,48.0,18.0,8.0,18.0,3.0,5.0,0.0,20.0,29.5,21.0,2.41,-1.0583482034633638,20.81,16.08,24.47,13.42,27.17,3.62,MODERATE,Orographic Sahyadri Elevation Gradient,Manual demo override,MANUAL_OVERRIDE,,2026-09-09,,,,NOT_REQUESTED,29.0,20.5,68.3
MH_PUNE_556101,Bhegadewadi,Bhegadewadi,Mulshi,Pune,18.54889,73.68224,86.2,17.81,1.7,622.2,49.8,547.5,696.9,14.0,206.2,48.0,18.0,8.0,18.0,3.0,5.0,0.0,20.0,29.5,21.0,2.41,-2.4644479993268487,19.6,16.28,23.35,12.22,26.25,3.71,MODERATE,Orographic Sahyadri Elevation Gradient,Manual demo override,MANUAL_OVERRIDE,,2026-09-09,,,,NOT_REQUESTED,28.7,20.2,67.8
MH_PUNE_556130,Bhukum,Bhukum,Mulshi,Pune,18.54022,73.64527,82.46,21.61,5.2,568.1,45.4,500.0,636.2,14.0,204.9,48.0,18.0,8.0,18.0,3.0,5.0,0.0,20.0,29.5,21.0,2.41,-1.595520125161701,20.23,16.71,23.8,12.79,27.14,3.75,MODERATE,Orographic Sahyadri Elevation Gradient,Manual demo override,MANUAL_OVERRIDE,,2026-09-09,,,,NOT_REQUESTED,29.1,20.6,68.1
MH_PUNE_556120,Dattwadi,Dattwadi,Mulshi,Pune,18.53667,73.70572,88.83,15.23,-0.1,571.7,45.7,503.2,640.3,3.0,207.1,48.0,18.0,8.0,18.0,3.0,5.0,0.0,20.0,29.5,21.0,1.8,-3.067604606054774,18.19,14.75,22.13,10.59,24.76,3.64,MODERATE,Rain-Shadow Plateau Topography,Manual demo override,MANUAL_OVERRIDE,,2026-09-09,,,,NOT_REQUESTED,28.9,20.4,67.3
MH_PUNE_556122,Mahalunge,Mahalunge,Mulshi,Pune,18.56505,73.77149,95.37,9.15,-1.3,577.0,46.2,507.7,646.3,3.0,209.5,48.0,18.0,8.0,18.0,3.0,5.0,0.0,20.0,29.5,21.0,0.64,-4.020674308972828,16.18,12.42,19.98,7.74,23.03,3.76,MODERATE,Riparian Godavari River Valley,Manual demo override,MANUAL_OVERRIDE,,2026-09-09,,,,NOT_REQUESTED,28.8,20.3,66.5
MH_PUNE_556123,Sus,Sus,Mulshi,Pune,18.54329,73.76101,94.52,9.5,-1.1,620.9,49.7,546.3,695.4,3.0,209.2,48.0,18.0,8.0,18.0,3.0,5.0,0.0,20.0,29.5,21.0,0.64,-3.9794992203216855,16.17,12.14,20.35,8.33,22.37,3.62,MODERATE,Orographic Sahyadri Elevation Gradient,Manual demo override,MANUAL_OVERRIDE,,2026-09-09,,,,NOT_REQUESTED,28.5,20.0,66.5
MH_PUNE_555849,Moi,Moi,Khed,Pune,18.69815,73.83112,101.45,18.8,-2.4,591.2,47.3,520.3,662.2,3.0,211.8,10.0,12.0,6.0,64.0,5.0,3.0,0.0,20.0,29.5,21.0,0.64,-3.037753364817026,16.92,12.99,21.14,9.08,24.54,3.94,MODERATE,Rain-Shadow Plateau Topography,Manual demo override,MANUAL_OVERRIDE,,2026-09-09,,,,NOT_REQUESTED,28.7,20.2,66.8
MH_PUNE_555832,Mahalunge,Mahalunge,Khed,Pune,18.75153,73.81446,100.25,24.92,-2.1,637.5,51.0,561.0,714.0,3.0,211.1,10.0,12.0,6.0,64.0,5.0,3.0,0.0,20.0,29.5,21.0,0.64,-2.08883194417764,18.01,14.61,22.64,10.15,25.02,3.75,MODERATE,Orographic Sahyadri Elevation Gradient,Manual demo override,MANUAL_OVERRIDE,,2026-09-09,,,,NOT_REQUESTED,28.4,19.9,67.2
MH_PUNE_555885,Induri,Induri,Mawal,Pune,18.73147,73.73761,91.95,25.34,-0.7,596.5,47.7,525.0,668.1,3.0,208.3,48.0,18.0,8.0,18.0,3.0,5.0,0.0,20.0,29.5,21.0,0.64,-1.275363721255616,18.71,14.74,22.52,10.89,25.58,3.73,MODERATE,Rain-Shadow Plateau Topography,Manual demo override,MANUAL_OVERRIDE,,2026-09-09,,,,NOT_REQUESTED,28.7,20.2,67.5
MH_PUNE_556115,Dongargaon,Dongargaon,Mulshi,Pune,18.61099,73.71276,88.86,17.04,-0.2,628.4,50.3,552.9,703.8,3.0,207.4,48.0,18.0,8.0,18.0,3.0,5.0,0.0,20.0,29.5,21.0,1.8,-2.568879265500866,18.77,15.19,22.77,11.46,25.59,3.73,MODERATE,Orographic Sahyadri Elevation Gradient,Manual demo override,MANUAL_OVERRIDE,,2026-09-09,,,,NOT_REQUESTED,28.5,20.0,67.5
MH_PUNE_556206,Pimpale Gurav,Pimpale Gurav,Haveli,Pune,18.57838,73.82077,100.43,6.2,-2.2,555.8,44.5,489.0,622.5,3.0,211.4,12.0,14.0,8.0,48.0,14.0,4.0,0.0,20.0,29.5,21.0,0.14,-4.344569359531166,15.13,11.74,18.6,6.94,21.98,3.74,MODERATE,Riparian Godavari River Valley,Manual demo override,MANUAL_OVERRIDE,,2026-09-09,,,,NOT_REQUESTED,29.0,20.5,66.1
MH_PUNE_555884,Sudumbare,Sudumbare,Mawal,Pune,18.7408,73.75876,94.28,25.33,-1.1,586.7,46.9,516.3,657.0,3.0,209.1,48.0,18.0,8.0,18.0,3.0,5.0,0.0,20.0,29.5,21.0,0.64,-1.5093413833929907,18.66,15.31,22.26,10.31,25.76,3.73,MODERATE,Rain-Shadow Plateau Topography,Manual demo override,MANUAL_OVERRIDE,,2026-09-09,,,,NOT_REQUESTED,28.8,20.3,67.5
MH_PUNE_556030,Varale,Varale,Mawal,Pune,18.74434,73.70588,88.8,28.26,-0.1,584.8,46.8,514.6,655.0,3.0,207.1,48.0,18.0,8.0,18.0,3.0,5.0,0.0,20.0,29.5,21.0,2.89,-0.4743623791684244,21.97,18.07,25.9,14.36,28.79,3.76,MODERATE,Rain-Shadow Plateau Topography,Manual demo override,MANUAL_OVERRIDE,,2026-09-09,,,,NOT_REQUESTED,28.8,20.3,68.8
MH_PUNE_555897,Brahman Wadi,Brahman Wadi,Mawal,Pune,18.7436,73.63317,81.21,32.96,6.3,630.2,50.4,554.6,705.8,14.0,204.4,48.0,18.0,8.0,18.0,3.0,5.0,0.0,20.0,29.5,21.0,3.49,1.2230949804564712,24.12,19.82,28.14,16.24,31.0,3.68,MODERATE,Orographic Sahyadri Elevation Gradient,Manual demo override,MANUAL_OVERRIDE,,2026-09-09,,,,NOT_REQUESTED,29.0,20.5,69.6
MH_PUNE_555827,Khalumbre,Khalumbre,Khed,Pune,18.73794,73.79462,98.0,23.85,-1.7,618.6,49.5,544.4,692.9,3.0,210.4,10.0,12.0,6.0,64.0,5.0,3.0,0.0,20.0,29.5,21.0,0.64,-2.0638597522630557,18.03,13.44,21.79,10.34,24.65,3.83,MODERATE,Orographic Sahyadri Elevation Gradient,Manual demo override,MANUAL_OVERRIDE,,2026-09-09,,,,NOT_REQUESTED,28.6,20.1,67.2
MH_PUNE_556031,Talegaon Dabhade,Talegaon Dabhade,Mawal,Pune,18.70898,73.72036,89.91,24.14,-0.4,582.6,46.6,512.7,652.5,3.0,207.7,48.0,18.0,8.0,18.0,3.0,5.0,0.0,20.0,29.5,21.0,0.64,-1.2605821046461845,18.79,15.09,22.24,11.09,25.19,3.76,MODERATE,Rain-Shadow Plateau Topography,Manual demo override,MANUAL_OVERRIDE,,2026-09-09,,,,NOT_REQUESTED,28.8,20.3,67.5
MH_PUNE_555831,Nighoje,Nighoje,Khed,Pune,18.72295,73.82199,100.7,21.66,-2.2,616.7,49.3,542.7,690.6,3.0,211.4,10.0,12.0,6.0,64.0,5.0,3.0,0.0,20.0,29.5,21.0,0.64,-2.5869388540766196,17.38,13.73,21.44,9.15,24.4,3.8,MODERATE,Orographic Sahyadri Elevation Gradient,Manual demo override,MANUAL_OVERRIDE,,2026-09-09,,,,NOT_REQUESTED,28.6,20.1,67.0
MH_PUNE_555828,Yelwadi,Yelwadi,Khed,Pune,18.72389,73.76816,95.07,23.22,-1.2,576.3,46.1,507.1,645.4,3.0,209.4,10.0,12.0,6.0,64.0,5.0,3.0,0.0,20.0,29.5,21.0,0.64,-1.912429979115751,18.14,13.79,21.6,9.86,24.36,3.78,MODERATE,Rain-Shadow Plateau Topography,Manual demo override,MANUAL_OVERRIDE,,2026-09-09,,,,NOT_REQUESTED,28.8,20.3,67.3
MH_PUNE_556204,Vitthal Nagar,Vitthal Nagar,Haveli,Pune,18.70276,73.79355,97.54,20.11,-1.7,593.1,47.4,522.0,664.2,3.0,210.4,12.0,14.0,8.0,48.0,14.0,4.0,0.0,20.0,29.5,21.0,0.64,-2.6002524281949575,17.55,13.48,21.55,9.96,24.14,3.76,MODERATE,Rain-Shadow Plateau Topography,Manual demo override,MANUAL_OVERRIDE,,2026-09-09,,,,NOT_REQUESTED,28.7,20.2,67.0
MH_PUNE_556036,Urse,Urse,Mawal,Pune,18.70308,73.65048,82.52,28.5,4.7,588.3,47.1,517.7,659.0,14.0,205.1,48.0,18.0,8.0,18.0,3.0,5.0,0.0,20.0,29.5,21.0,3.49,0.39636295304183067,23.29,19.68,26.7,15.72,29.62,3.56,MODERATE,Orographic Sahyadri Elevation Gradient,Manual demo override,MANUAL_OVERRIDE,,2026-09-09,,,,NOT_REQUESTED,28.9,20.4,69.3
MH_PUNE_556037,Adhe Kh,Adhe Kh,Mawal,Pune,18.70129,73.63,80.35,30.0,6.7,585.0,46.8,514.8,655.2,14.0,204.3,48.0,18.0,8.0,18.0,3.0,5.0,0.0,20.0,29.5,21.0,3.49,0.9498447313959719,23.81,19.35,27.48,15.86,31.19,3.82,MODERATE,Orographic Sahyadri Elevation Gradient,Manual demo override,MANUAL_OVERRIDE,,2026-09-09,,,,NOT_REQUESTED,29.3,20.8,69.5
MH_PUNE_555829,Sangurdi,Sangurdi,Khed,Pune,18.71322,73.75506,93.59,22.7,-1.0,580.5,46.4,510.9,650.1,3.0,208.9,10.0,12.0,6.0,64.0,5.0,3.0,0.0,20.0,29.5,21.0,0.64,-1.866042944074397,18.33,14.45,21.88,10.62,25.5,3.71,MODERATE,Rain-Shadow Plateau Topography,Manual demo override,MANUAL_OVERRIDE,,2026-09-09,,,,NOT_REQUESTED,28.8,20.3,67.3
MH_PUNE_556035,Parandvadi,Parandvadi,Mawal,Pune,18.6976,73.67749,85.31,26.03,2.1,582.2,46.6,512.3,652.1,14.0,206.1,48.0,18.0,8.0,18.0,3.0,5.0,0.0,20.0,29.5,21.0,3.49,-0.40076612894376373,22.83,19.24,26.45,15.23,29.29,3.72,MODERATE,Orographic Sahyadri Elevation Gradient,Manual demo override,MANUAL_OVERRIDE,,2026-09-09,,,,NOT_REQUESTED,29.0,20.5,69.1
MH_PUNE_555830,Kanhewadi Tarf Chakan,Kanhewadi Tarf Chakan,Khed,Pune,18.70206,73.74641,92.58,22.03,-0.8,581.5,46.5,511.8,651.3,3.0,208.6,10.0,12.0,6.0,64.0,5.0,3.0,0.0,20.0,29.5,21.0,0.64,-1.889393519075068,18.28,14.39,22.65,10.3,24.9,3.78,MODERATE,Rain-Shadow Plateau Topography,Manual demo override,MANUAL_OVERRIDE,,2026-09-09,,,,NOT_REQUESTED,28.8,20.3,67.3
MH_PUNE_556203,Malinagar,Malinagar,Haveli,Pune,18.69895,73.76133,94.12,20.98,-1.1,600.7,48.1,528.6,672.9,3.0,209.2,12.0,14.0,8.0,48.0,14.0,4.0,0.0,20.0,29.5,21.0,0.64,-2.2004063279142025,17.96,13.7,21.78,10.21,24.92,3.8,MODERATE,Orographic Sahyadri Elevation Gradient,Manual demo override,MANUAL_OVERRIDE,,2026-09-09,,,,NOT_REQUESTED,28.7,20.2,67.2
MH_PUNE_556034,Somatane,Somatane,Mawal,Pune,18.6902,73.70049,87.67,23.78,-0.0,653.7,52.3,575.3,732.2,3.0,206.9,48.0,18.0,8.0,18.0,3.0,5.0,0.0,20.0,29.5,21.0,1.8,-1.089555467578832,20.14,16.65,23.64,12.39,26.09,3.56,MODERATE,Orographic Sahyadri Elevation Gradient,Manual demo override,MANUAL_OVERRIDE,,2026-09-09,,,,NOT_REQUESTED,28.3,19.8,68.1
MH_PUNE_556038,Bebad Ohol,Bebad Ohol,Mawal,Pune,18.67728,73.65155,82.44,26.56,4.6,624.2,49.9,549.4,699.1,14.0,205.1,48.0,18.0,8.0,18.0,3.0,5.0,0.0,20.0,29.5,21.0,3.49,0.03341617531415214,22.94,19.22,27.15,15.51,29.18,3.62,MODERATE,Orographic Sahyadri Elevation Gradient,Manual demo override,MANUAL_OVERRIDE,,2026-09-09,,,,NOT_REQUESTED,28.7,20.2,69.2
MH_PUNE_556039,Dhamane,Dhamane,Mawal,Pune,18.67631,73.67979,85.41,24.22,1.9,569.5,45.6,501.1,637.9,14.0,206.2,48.0,18.0,8.0,18.0,3.0,5.0,0.0,20.0,29.5,21.0,2.41,-0.7681047028572456,21.03,17.53,24.85,14.02,27.59,3.58,MODERATE,Orographic Sahyadri Elevation Gradient,Manual demo override,MANUAL_OVERRIDE,,2026-09-09,,,,NOT_REQUESTED,29.0,20.5,68.4
MH_PUNE_555999,Pimpal Khunte,Pimpal Khunte,Mawal,Pune,18.67728,73.6305,80.23,28.34,6.6,639.6,51.2,562.8,716.4,14.0,204.3,48.0,18.0,8.0,18.0,3.0,5.0,0.0,20.0,29.5,21.0,3.49,0.6472671035530673,23.66,20.25,27.12,16.25,30.14,3.57,MODERATE,Orographic Sahyadri Elevation Gradient,Manual demo override,MANUAL_OVERRIDE,,2026-09-09,,,,NOT_REQUESTED,28.6,20.1,69.5
MH_PUNE_556033,Shirgaon,Shirgaon,Mawal,Pune,18.67274,73.70618,88.17,21.95,-0.1,587.9,47.0,517.4,658.4,3.0,207.1,48.0,18.0,8.0,18.0,3.0,5.0,0.0,20.0,29.5,21.0,1.8,-1.4979737055567985,19.9,16.55,24.05,12.6,26.76,3.65,MODERATE,Rain-Shadow Plateau Topography,Manual demo override,MANUAL_OVERRIDE,,2026-09-09,,,,NOT_REQUESTED,28.8,20.3,68.0
MH_PUNE_556032,Gahunje,Gahunje,Mawal,Pune,18.6639,73.71885,89.47,20.32,-0.3,576.5,46.1,507.4,645.7,3.0,207.6,48.0,18.0,8.0,18.0,3.0,5.0,0.0,20.0,29.5,21.0,1.8,-1.934743648092148,19.4,15.43,23.38,11.49,26.02,3.67,MODERATE,Rain-Shadow Plateau Topography,Manual demo override,MANUAL_OVERRIDE,,2026-09-09,,,,NOT_REQUESTED,28.8,20.3,67.8
MH_PUNE_556044,Chandkhed,Chandkhed,Mawal,Pune,18.64124,73.66323,83.58,23.25,3.5,612.3,49.0,538.8,685.8,14.0,205.5,48.0,18.0,8.0,18.0,3.0,5.0,0.0,20.0,29.5,21.0,2.41,-0.8322419004079162,20.76,15.35,24.45,13.43,27.83,3.74,MODERATE,Orographic Sahyadri Elevation Gradient,Manual demo override,MANUAL_OVERRIDE,,2026-09-09,,,,NOT_REQUESTED,28.8,20.3,68.3
MH_PUNE_556040,Godumbare,Godumbare,Mawal,Pune,18.66554,73.6906,86.5,22.57,0.9,580.5,46.4,510.9,650.1,14.0,206.6,48.0,18.0,8.0,18.0,3.0,5.0,0.0,20.0,29.5,21.0,2.32,-1.2182069447136743,20.68,16.52,24.74,12.56,27.27,3.67,MODERATE,Orographic Sahyadri Elevation Gradient,Manual demo override,MANUAL_OVERRIDE,,2026-09-09,,,,NOT_REQUESTED,29.0,20.5,68.3
MH_PUNE_556045,Adhale Kh,Adhale Kh,Mawal,Pune,18.64722,73.63727,80.84,25.93,6.0,611.3,48.9,537.9,684.6,14.0,204.6,48.0,18.0,8.0,18.0,3.0,5.0,0.0,20.0,29.5,21.0,3.49,0.024019214831362712,22.98,19.5,26.55,15.21,29.57,3.6,MODERATE,Orographic Sahyadri Elevation Gradient,Manual demo override,MANUAL_OVERRIDE,,2026-09-09,,,,NOT_REQUESTED,28.8,20.3,69.2
MH_PUNE_556041,Salumbare,Salumbare,Mawal,Pune,18.65351,73.69963,87.42,20.97,0.0,572.5,45.8,503.8,641.2,14.0,206.9,48.0,18.0,8.0,18.0,3.0,5.0,0.0,20.0,29.5,21.0,2.32,-1.6364924429345626,20.2,16.97,24.65,12.53,26.96,3.66,MODERATE,Orographic Sahyadri Elevation Gradient,Manual demo override,MANUAL_OVERRIDE,,2026-09-09,,,,NOT_REQUESTED,29.0,20.5,68.1
MH_PUNE_555883,Sudvadi,Sudvadi,Mawal,Pune,18.7471,73.77401,95.96,25.43,-1.3,587.9,47.0,517.4,658.4,3.0,209.6,48.0,18.0,8.0,18.0,3.0,5.0,0.0,20.0,29.5,21.0,0.64,-1.6518043284984167,18.52,15.04,22.31,10.67,25.12,3.66,MODERATE,Rain-Shadow Plateau Topography,Manual demo override,MANUAL_OVERRIDE,,2026-09-09,,,,NOT_REQUESTED,28.8,20.3,67.4
MH_PUNE_276637,Vadgaon Mawal,Vadgaon Mawal,Haveli,Pune,18.72744,73.65799,83.57,29.85,4.0,649.1,51.9,571.2,726.9,14.0,205.3,12.0,14.0,8.0,48.0,14.0,4.0,0.0,20.0,29.5,21.0,4.11,0.46131136493775227,23.99,20.05,27.6,16.85,30.84,3.66,MODERATE,Orographic Sahyadri Elevation Gradient,Manual demo override,MANUAL_OVERRIDE,,2026-09-09,,,,NOT_REQUESTED,29.8,21.3,69.6
MH_PUNE_251522,Talegaon Dabhade,Talegaon Dabhade,Haveli,Pune,18.71983,73.69421,87.27,26.74,0.6,593.9,47.5,522.7,665.2,14.0,206.7,12.0,14.0,8.0,48.0,14.0,4.0,0.0,20.0,29.5,21.0,4.06,-0.517966690299599,22.84,17.91,27.25,14.88,29.15,3.9,MODERATE,Orographic Sahyadri Elevation Gradient,Manual demo override,MANUAL_OVERRIDE,,2026-09-09,,,,NOT_REQUESTED,28.9,20.4,69.1
MH_PUNE_277291,Dehurood,Dehurood,Haveli,Pune,18.66835,73.75753,93.56,18.21,-1.0,630.7,50.5,554.9,706.4,3.0,209.0,12.0,14.0,8.0,48.0,14.0,4.0,0.0,20.0,29.5,21.0,0.64,-2.6318043578455765,17.54,13.83,21.02,9.74,24.11,3.71,MODERATE,Orographic Sahyadri Elevation Gradient,Manual demo override,MANUAL_OVERRIDE,,2026-09-09,,,,NOT_REQUESTED,28.5,20.0,67.0
MH_PUNE_555892,Katavi,Katavi,Mawal,Pune,18.74409,73.66016,84.03,31.09,3.8,613.2,49.1,539.6,686.9,14.0,205.4,48.0,18.0,8.0,18.0,3.0,5.0,0.0,20.0,29.5,21.0,3.49,0.557596126053759,23.57,20.17,27.92,15.2,30.01,3.77,MODERATE,Orographic Sahyadri Elevation Gradient,Manual demo override,MANUAL_OVERRIDE,,2026-09-09,,,,NOT_REQUESTED,29.1,20.6,69.4
MH_PUNE_555848,Kuruli,Kuruli,Khed,Pune,18.71476,73.8469,103.24,20.55,-2.6,604.9,48.4,532.3,677.5,3.0,212.3,10.0,12.0,6.0,64.0,5.0,3.0,0.0,20.0,29.5,21.0,0.64,-2.901173705040443,17.22,13.55,21.89,8.96,24.44,3.91,MODERATE,Orographic Sahyadri Elevation Gradient,Manual demo override,MANUAL_OVERRIDE,,2026-09-09,,,,NOT_REQUESTED,28.6,20.1,66.9
MH_PUNE_999999,Water Body,Water Body,Haveli,Pune,18.73597,73.39347,56.16,53.28,29.1,624.2,49.9,549.4,699.1,14.0,195.6,12.0,14.0,8.0,48.0,14.0,4.0,0.0,20.0,29.5,21.0,5.46,5.4117873777450045,30.32,26.68,34.46,22.64,36.78,3.72,MODERATE,Orographic Sahyadri Elevation Gradient,Manual demo override,MANUAL_OVERRIDE,,2026-09-09,,,,NOT_REQUESTED,29.9,21.4,72.1
MH_PUNE_556201,Hinjavadi,Hinjavadi,Haveli,Pune,18.49384,73.76204,95.42,10.11,-1.1,694.6,55.6,611.2,778.0,3.0,209.2,12.0,14.0,8.0,48.0,14.0,4.0,0.0,20.0,29.5,21.0,0.64,-4.000066867287367,16.06,12.01,19.45,7.93,22.63,3.83,MODERATE,Orographic Sahyadri Elevation Gradient,Manual demo override,MANUAL_OVERRIDE,,2026-09-09,,,,NOT_REQUESTED,28.1,19.6,66.4
MH_PUNE_556202,Pirangut,Pirangut,Haveli,Pune,18.50204,73.63053,81.62,23.35,6.6,705.4,56.4,620.8,790.0,14.0,204.3,12.0,14.0,8.0,48.0,14.0,4.0,0.0,20.0,29.5,21.0,3.18,-1.5264333968484607,21.15,17.21,24.91,14.32,27.68,3.49,MODERATE,Orographic Sahyadri Elevation Gradient,Manual demo override,MANUAL_OVERRIDE,,2026-09-09,,,,NOT_REQUESTED,28.2,19.7,68.5
MH_PUNE_556326,Dehu,Dehu,Haveli,Pune,18.70685,73.77967,96.11,21.02,-1.4,598.7,47.9,526.9,670.6,3.0,209.8,12.0,14.0,8.0,48.0,14.0,4.0,0.0,20.0,29.5,21.0,0.64,-2.352668992493278,17.84,13.93,21.55,9.94,24.87,3.69,MODERATE,Rain-Shadow Plateau Topography,Manual demo override,MANUAL_OVERRIDE,,2026-09-09,,,,NOT_REQUESTED,28.7,20.2,67.1
MH_PUNE_555941,Pangaloli,Pangaloli,Mawal,Pune,18.79615,73.40219,58.67,55.69,28.3,483.8,38.7,425.8,541.9,3.0,195.9,48.0,18.0,8.0,18.0,3.0,5.0,0.0,20.0,29.5,21.0,4.6,5.280635928848436,29.42,25.83,33.67,21.55,35.84,3.65,MODERATE,Coastal Maritime Proximity,Manual demo override,MANUAL_OVERRIDE,,2026-09-09,,,,NOT_REQUESTED,30.0,21.5,71.8
MH_PUNE_555955,Nesave,Nesave,Mawal,Pune,18.8009,73.51545,70.29,46.36,17.5,609.4,48.8,536.2,682.6,14.0,200.1,48.0,18.0,8.0,18.0,3.0,5.0,0.0,20.0,29.5,21.0,4.54,3.906615476721511,27.89,24.17,31.85,20.38,34.42,3.65,MODERATE,Orographic Sahyadri Elevation Gradient,Manual demo override,MANUAL_OVERRIDE,,2026-09-09,,,,NOT_REQUESTED,29.2,20.7,71.2
MH_PUNE_555873,Kashal,Kashal,Mawal,Pune,18.87007,73.61976,82.98,44.92,7.6,709.2,56.7,624.1,794.2,14.0,203.9,48.0,18.0,8.0,18.0,3.0,5.0,0.0,20.0,29.5,21.0,2.87,1.142033539702685,23.44,18.25,27.85,15.4,30.34,3.95,MODERATE,Orographic Sahyadri Elevation Gradient,Manual demo override,MANUAL_OVERRIDE,,2026-09-09,,,,NOT_REQUESTED,28.5,20.0,69.4
MH_PUNE_555927,Moramarwadi,Moramarwadi,Mawal,Pune,18.79905,73.55323,74.09,43.27,13.9,688.0,55.0,605.5,770.5,14.0,201.5,48.0,18.0,8.0,18.0,3.0,5.0,0.0,20.0,29.5,21.0,4.54,3.0829344570302437,27.25,23.28,31.37,19.3,33.83,3.76,MODERATE,Orographic Sahyadri Elevation Gradient,Manual demo override,MANUAL_OVERRIDE,,2026-09-09,,,,NOT_REQUESTED,28.7,20.2,70.9
MH_PUNE_555962,Takave Kh,Takave Kh,Mawal,Pune,18.76785,73.52764,70.71,43.05,16.4,608.7,48.7,535.6,681.7,14.0,200.5,48.0,18.0,8.0,18.0,3.0,5.0,0.0,20.0,29.5,21.0,4.54,3.88880126435971,27.9,23.47,31.29,19.91,34.87,3.79,MODERATE,Orographic Sahyadri Elevation Gradient,Manual demo override,MANUAL_OVERRIDE,,2026-09-09,,,,NOT_REQUESTED,29.2,20.7,71.2
MH_PUNE_555921,Thoran,Thoran,Mawal,Pune,18.8629,73.47833,68.68,53.88,21.1,813.7,65.1,716.0,911.3,14.0,198.7,48.0,18.0,8.0,18.0,3.0,5.0,0.0,20.0,29.5,21.0,4.83,3.4222467820599487,27.64,24.06,31.69,19.72,34.14,3.75,MODERATE,Orographic Sahyadri Elevation Gradient,Manual demo override,MANUAL_OVERRIDE,,2026-09-09,,,,NOT_REQUESTED,27.8,19.3,71.1
MH_PUNE_555874,Bhoyare,Bhoyare,Mawal,Pune,18.85165,73.62426,82.83,42.95,7.2,638.4,51.1,561.7,715.0,14.0,204.1,48.0,18.0,8.0,18.0,3.0,5.0,0.0,20.0,29.5,21.0,2.87,1.2507690584636646,23.74,20.27,27.23,16.19,30.73,3.67,MODERATE,Orographic Sahyadri Elevation Gradient,Manual demo override,MANUAL_OVERRIDE,,2026-09-09,,,,NOT_REQUESTED,29.0,20.5,69.5
MH_PUNE_555922,Jambhavali,Jambhavali,Mawal,Pune,18.86283,73.45041,65.95,56.04,23.7,677.8,54.2,596.5,759.1,14.0,197.7,48.0,18.0,8.0,18.0,3.0,5.0,0.0,20.0,29.5,21.0,4.71,3.813248964818573,27.96,23.42,32.0,19.85,34.23,3.81,MODERATE,Orographic Sahyadri Elevation Gradient,Manual demo override,MANUAL_OVERRIDE,,2026-09-09,,,,NOT_REQUESTED,28.7,20.2,71.2
MH_PUNE_555905,Kusavali,Kusavali,Mawal,Pune,18.86964,73.52953,73.99,50.65,16.2,728.1,58.3,640.7,815.6,14.0,200.6,48.0,18.0,8.0,18.0,3.0,5.0,0.0,20.0,29.5,21.0,4.56,2.401132246587369,26.52,22.84,30.21,18.82,33.6,3.77,MODERATE,Orographic Sahyadri Elevation Gradient,Manual demo override,MANUAL_OVERRIDE,,2026-09-09,,,,NOT_REQUESTED,28.4,19.9,70.6
MH_PUNE_555907,Vadeshwar,Vadeshwar,Mawal,Pune,18.85716,73.56919,77.48,46.88,12.4,635.2,50.8,559.0,711.4,14.0,202.1,48.0,18.0,8.0,18.0,3.0,5.0,0.0,20.0,29.5,21.0,2.73,2.002267744595371,24.28,20.61,27.8,16.07,31.36,3.73,MODERATE,Orographic Sahyadri Elevation Gradient,Manual demo override,MANUAL_OVERRIDE,,2026-09-09,,,,NOT_REQUESTED,29.0,20.5,69.7
MH_PUNE_555920,Rakaswadi,Rakaswadi,Mawal,Pune,18.86225,73.49671,70.46,52.44,19.3,752.4,60.2,662.1,842.7,14.0,199.4,48.0,18.0,8.0,18.0,3.0,5.0,0.0,20.0,29.5,21.0,4.72,3.1365722891708065,27.41,23.39,31.8,18.88,34.63,3.94,MODERATE,Orographic Sahyadri Elevation Gradient,Manual demo override,MANUAL_OVERRIDE,,2026-09-09,,,,NOT_REQUESTED,28.2,19.7,71.0
MH_PUNE_555919,Shirdhe,Shirdhe,Mawal,Pune,18.85586,73.51245,71.78,50.76,17.8,731.4,58.5,643.6,819.1,14.0,200.0,48.0,18.0,8.0,18.0,3.0,5.0,0.0,20.0,29.5,21.0,4.72,3.0126836684305367,27.36,23.27,30.9,19.47,32.92,3.61,MODERATE,Orographic Sahyadri Elevation Gradient,Manual demo override,MANUAL_OVERRIDE,,2026-09-09,,,,NOT_REQUESTED,28.4,19.9,70.9
MH_PUNE_555938,Udhewadi,Udhewadi,Mawal,Pune,18.83237,73.40314,60.08,57.85,28.2,535.6,42.9,471.3,600.0,3.0,195.9,48.0,18.0,8.0,18.0,3.0,5.0,0.0,20.0,29.5,21.0,4.6,4.803503929207699,28.86,25.16,32.2,21.32,35.1,3.6,MODERATE,Rain-Shadow Plateau Topography,Manual demo override,MANUAL_OVERRIDE,,2026-09-09,,,,NOT_REQUESTED,29.7,21.2,71.5
MH_PUNE_555918,Ukasan,Ukasan,Mawal,Pune,18.83916,73.53517,73.46,47.77,15.7,926.1,74.1,815.0,1037.3,14.0,200.8,48.0,18.0,8.0,18.0,3.0,5.0,0.0,20.0,29.5,21.0,4.13,2.9245066693739536,26.54,22.17,31.25,18.81,32.85,3.72,MODERATE,Orographic Sahyadri Elevation Gradient,Manual demo override,MANUAL_OVERRIDE,,2026-09-09,,,,NOT_REQUESTED,27.1,18.6,70.6
MH_PUNE_555923,Somavadi,Somavadi,Mawal,Pune,18.83647,73.49483,69.33,50.61,19.5,633.0,50.6,557.1,708.9,14.0,199.3,48.0,18.0,8.0,18.0,3.0,5.0,0.0,20.0,29.5,21.0,4.54,3.7550942159409866,27.83,23.97,30.83,20.65,34.1,3.36,MODERATE,Orographic Sahyadri Elevation Gradient,Manual demo override,MANUAL_OVERRIDE,,2026-09-09,,,,NOT_REQUESTED,29.0,20.5,71.1
MH_PUNE_555908,Mau,Mau,Mawal,Pune,18.8354,73.59752,79.63,43.13,9.7,613.5,49.1,539.9,687.1,14.0,203.1,48.0,18.0,8.0,18.0,3.0,5.0,0.0,20.0,29.5,21.0,2.73,1.8149650806965791,23.92,20.72,27.7,15.79,30.48,3.65,MODERATE,Orographic Sahyadri Elevation Gradient,Manual demo override,MANUAL_OVERRIDE,,2026-09-09,,,,NOT_REQUESTED,29.1,20.6,69.6
MH_PUNE_555917,Pale Nane Mawal,Pale Nane Mawal,Mawal,Pune,18.82814,73.54688,74.28,46.03,14.5,792.2,63.4,697.1,887.3,14.0,201.2,48.0,18.0,8.0,18.0,3.0,5.0,0.0,20.0,29.5,21.0,4.56,2.870640599020364,26.99,22.02,30.53,19.93,33.98,3.61,MODERATE,Orographic Sahyadri Elevation Gradient,Manual demo override,MANUAL_OVERRIDE,,2026-09-09,,,,NOT_REQUESTED,27.9,19.4,70.8
MH_PUNE_555954,Khandashi,Khandashi,Mawal,Pune,18.81266,73.47372,66.41,50.59,21.5,654.5,52.4,575.9,733.1,14.0,198.5,48.0,18.0,8.0,18.0,3.0,5.0,0.0,20.0,29.5,21.0,4.54,4.535999777705116,28.64,24.98,32.24,21.19,35.52,3.73,MODERATE,Orographic Sahyadri Elevation Gradient,Manual demo override,MANUAL_OVERRIDE,,2026-09-09,,,,NOT_REQUESTED,28.9,20.4,71.5
MH_PUNE_555916,Brahmanwadi,Brahmanwadi,Mawal,Pune,18.82764,73.56674,76.28,44.56,12.7,654.8,52.4,576.2,733.4,14.0,202.0,48.0,18.0,8.0,18.0,3.0,5.0,0.0,20.0,29.5,21.0,2.73,2.4768735542835856,24.62,20.6,28.51,17.01,31.01,3.66,MODERATE,Orographic Sahyadri Elevation Gradient,Manual demo override,MANUAL_OVERRIDE,,2026-09-09,,,,NOT_REQUESTED,28.9,20.4,69.8
MH_PUNE_555951,Bhajgaon,Bhajgaon,Mawal,Pune,18.82232,73.51214,70.59,48.2,17.8,633.0,50.6,557.1,708.9,14.0,199.9,48.0,18.0,8.0,18.0,3.0,5.0,0.0,20.0,29.5,21.0,4.54,3.6787440584135798,27.6,23.17,31.41,19.59,35.14,4.01,MODERATE,Orographic Sahyadri Elevation Gradient,Manual demo override,MANUAL_OVERRIDE,,2026-09-09,,,,NOT_REQUESTED,29.0,20.5,71.0
MH_PUNE_555915,Vaund,Vaund,Mawal,Pune,18.81627,73.59062,78.38,41.95,10.4,664.3,53.1,584.6,743.9,14.0,202.9,48.0,18.0,8.0,18.0,3.0,5.0,0.0,20.0,29.5,21.0,2.73,2.1204712401225465,24.23,20.68,27.76,16.47,29.79,3.41,MODERATE,Orographic Sahyadri Elevation Gradient,Manual demo override,MANUAL_OVERRIDE,,2026-09-09,,,,NOT_REQUESTED,28.8,20.3,69.7
MH_PUNE_555914,Kacharewadi,Kacharewadi,Mawal,Pune,18.81806,73.60237,79.62,41.31,9.3,664.4,53.2,584.6,744.2,14.0,203.3,48.0,18.0,8.0,18.0,3.0,5.0,0.0,20.0,29.5,21.0,2.73,1.8755901552194256,24.21,20.24,28.51,16.46,30.69,3.71,MODERATE,Orographic Sahyadri Elevation Gradient,Manual demo override,MANUAL_OVERRIDE,,2026-09-09,,,,NOT_REQUESTED,28.8,20.3,69.7
MH_PUNE_555952,Vadavali,Vadavali,Mawal,Pune,18.81144,73.52833,71.9,46.13,16.3,645.1,51.6,567.7,722.5,14.0,200.5,48.0,18.0,8.0,18.0,3.0,5.0,0.0,20.0,29.5,21.0,4.54,3.4992446339778933,27.34,23.56,30.82,19.89,33.96,3.68,MODERATE,Orographic Sahyadri Elevation Gradient,Manual demo override,MANUAL_OVERRIDE,,2026-09-09,,,,NOT_REQUESTED,28.9,20.4,70.9
MH_PUNE_555926,Karanjgaon,Karanjgaon,Mawal,Pune,18.81413,73.56596,75.8,43.51,12.7,799.5,64.0,703.5,895.5,14.0,201.9,48.0,18.0,8.0,18.0,3.0,5.0,0.0,20.0,29.5,21.0,2.39,2.651287926529087,24.35,20.96,29.03,15.55,30.52,3.85,MODERATE,Orographic Sahyadri Elevation Gradient,Manual demo override,MANUAL_OVERRIDE,,2026-09-09,,,,NOT_REQUESTED,27.9,19.4,69.7
MH_PUNE_555913,Ghonshet,Ghonshet,Mawal,Pune,18.80852,73.61307,80.46,39.78,8.3,652.0,52.2,573.7,730.3,14.0,203.7,48.0,18.0,8.0,18.0,3.0,5.0,0.0,20.0,29.5,21.0,2.87,1.7234403126436235,24.2,20.45,28.25,16.27,30.41,3.56,MODERATE,Orographic Sahyadri Elevation Gradient,Manual demo override,MANUAL_OVERRIDE,,2026-09-09,,,,NOT_REQUESTED,28.9,20.4,69.7
MH_PUNE_555925,Govitri,Govitri,Mawal,Pune,18.80301,73.54102,72.95,44.51,15.1,617.8,49.4,543.7,691.9,14.0,201.0,48.0,18.0,8.0,18.0,3.0,5.0,0.0,20.0,29.5,21.0,4.54,3.3199378292138046,27.3,24.0,31.43,19.2,33.92,3.65,MODERATE,Orographic Sahyadri Elevation Gradient,Manual demo override,MANUAL_OVERRIDE,,2026-09-09,,,,NOT_REQUESTED,29.1,20.6,70.9
MH_PUNE_555953,Velhavali,Velhavali,Mawal,Pune,18.79657,73.52601,71.25,45.21,16.5,609.5,48.8,536.3,682.7,14.0,200.5,48.0,18.0,8.0,18.0,3.0,5.0,0.0,20.0,29.5,21.0,4.54,3.7232530456979385,27.88,24.16,32.22,20.26,34.89,3.72,MODERATE,Orographic Sahyadri Elevation Gradient,Manual demo override,MANUAL_OVERRIDE,,2026-09-09,,,,NOT_REQUESTED,29.2,20.7,71.2
MH_PUNE_555929,Kondivade N M,Kondivade N M,Mawal,Pune,18.80061,73.57214,76.07,41.98,12.1,651.9,52.2,573.6,730.2,14.0,202.2,48.0,18.0,8.0,18.0,3.0,5.0,0.0,20.0,29.5,21.0,2.73,2.6418832798896035,24.74,20.55,28.96,16.05,31.81,3.86,MODERATE,Orographic Sahyadri Elevation Gradient,Manual demo override,MANUAL_OVERRIDE,,2026-09-09,,,,NOT_REQUESTED,28.9,20.4,69.9
MH_PUNE_555930,Sai,Sai,Mawal,Pune,18.79868,73.59725,78.59,40.02,9.8,636.6,50.9,560.3,713.0,14.0,203.1,48.0,18.0,8.0,18.0,3.0,5.0,0.0,20.0,29.5,21.0,2.73,2.101099420186096,24.34,20.61,28.4,17.05,31.22,3.67,MODERATE,Orographic Sahyadri Elevation Gradient,Manual demo override,MANUAL_OVERRIDE,,2026-09-09,,,,NOT_REQUESTED,29.0,20.5,69.7
MH_PUNE_555958,Valakh,Valakh,Mawal,Pune,18.77191,73.54586,72.68,41.84,14.6,608.5,48.7,535.5,681.6,14.0,201.2,48.0,18.0,8.0,18.0,3.0,5.0,0.0,20.0,29.5,21.0,4.54,3.4404945969688705,27.47,22.99,31.96,20.1,34.2,3.76,MODERATE,Orographic Sahyadri Elevation Gradient,Manual demo override,MANUAL_OVERRIDE,,2026-09-09,,,,NOT_REQUESTED,29.2,20.7,71.0
MH_PUNE_555933,Nane,Nane,Mawal,Pune,18.77714,73.5807,76.39,39.5,11.3,615.6,49.2,541.8,689.4,14.0,202.5,48.0,18.0,8.0,18.0,3.0,5.0,0.0,20.0,29.5,21.0,2.73,2.573468906723131,24.67,20.21,28.87,16.58,31.83,3.86,MODERATE,Orographic Sahyadri Elevation Gradient,Manual demo override,MANUAL_OVERRIDE,,2026-09-09,,,,NOT_REQUESTED,29.1,20.6,69.9
MH_PUNE_555956,Sangise,Sangise,Mawal,Pune,18.78542,73.53689,72.07,43.53,15.5,605.8,48.5,533.0,678.5,14.0,200.9,48.0,18.0,8.0,18.0,3.0,5.0,0.0,20.0,29.5,21.0,4.54,3.5736409879958897,27.63,22.95,32.41,19.8,34.42,3.73,MODERATE,Orographic Sahyadri Elevation Gradient,Manual demo override,MANUAL_OVERRIDE,,2026-09-09,,,,NOT_REQUESTED,29.2,20.7,71.1
MH_PUNE_555928,Kambare N M,Kambare N M,Mawal,Pune,18.78919,73.56396,74.94,41.7,12.9,629.6,50.4,554.0,705.2,14.0,201.9,48.0,18.0,8.0,18.0,3.0,5.0,0.0,20.0,29.5,21.0,4.54,2.9123189894620825,26.94,22.54,30.85,18.59,35.27,3.89,MODERATE,Orographic Sahyadri Elevation Gradient,Manual demo override,MANUAL_OVERRIDE,,2026-09-09,,,,NOT_REQUESTED,29.0,20.5,70.8
MH_PUNE_555965,Vehergaon,Vehergaon,Mawal,Pune,18.77688,73.48431,66.47,47.31,20.5,668.1,53.4,588.0,748.2,14.0,198.9,48.0,18.0,8.0,18.0,3.0,5.0,0.0,20.0,29.5,21.0,4.54,4.7302576842434245,28.72,24.68,31.71,21.49,35.72,3.58,MODERATE,Orographic Sahyadri Elevation Gradient,Manual demo override,MANUAL_OVERRIDE,,2026-09-09,,,,NOT_REQUESTED,28.8,20.3,71.5
MH_PUNE_555931,Nanoli N M,Nanoli N M,Mawal,Pune,18.78394,73.60681,79.23,38.13,8.9,596.9,47.8,525.2,668.6,14.0,203.5,48.0,18.0,8.0,18.0,3.0,5.0,0.0,20.0,29.5,21.0,2.73,1.9415868000671819,24.03,20.2,27.85,16.44,30.9,3.73,MODERATE,Orographic Sahyadri Elevation Gradient,Manual demo override,MANUAL_OVERRIDE,,2026-09-09,,,,NOT_REQUESTED,29.3,20.8,69.6
MH_PUNE_555932,Paravadi,Paravadi,Mawal,Pune,18.77759,73.62117,80.58,36.59,7.5,621.5,49.7,547.0,696.1,14.0,204.0,48.0,18.0,8.0,18.0,3.0,5.0,0.0,20.0,29.5,21.0,2.87,1.6200364866038326,24.08,20.5,28.02,16.86,31.14,3.81,MODERATE,Orographic Sahyadri Elevation Gradient,Manual demo override,MANUAL_OVERRIDE,,2026-09-09,,,,NOT_REQUESTED,29.1,20.6,69.6
MH_PUNE_555964,Dahivali,Dahivali,Mawal,Pune,18.77395,73.49683,67.68,46.05,19.3,724.5,58.0,637.5,811.5,14.0,199.4,48.0,18.0,8.0,18.0,3.0,5.0,0.0,20.0,29.5,21.0,4.56,4.518020323285791,28.56,24.91,32.26,20.29,34.84,3.74,MODERATE,Orographic Sahyadri Elevation Gradient,Manual demo override,MANUAL_OVERRIDE,,2026-09-09,,,,NOT_REQUESTED,28.4,19.9,71.4
MH_PUNE_555963,Shilatane,Shilatane,Mawal,Pune,18.76942,73.51312,69.25,44.37,17.8,618.6,49.5,544.3,692.8,14.0,200.0,48.0,18.0,8.0,18.0,3.0,5.0,0.0,20.0,29.5,21.0,4.54,4.2067737016804765,28.3,24.32,32.18,20.17,34.61,3.73,MODERATE,Orographic Sahyadri Elevation Gradient,Manual demo override,MANUAL_OVERRIDE,,2026-09-09,,,,NOT_REQUESTED,29.1,20.6,71.3
MH_PUNE_555957,Budhavadi,Budhavadi,Mawal,Pune,18.77981,73.55795,74.1,41.45,13.5,608.4,48.7,535.4,681.5,14.0,201.6,48.0,18.0,8.0,18.0,3.0,5.0,0.0,20.0,29.5,21.0,4.54,3.1107780644230925,27.28,23.15,31.23,19.47,34.12,3.72,MODERATE,Orographic Sahyadri Elevation Gradient,Manual demo override,MANUAL_OVERRIDE,,2026-09-09,,,,NOT_REQUESTED,29.2,20.7,70.9
MH_PUNE_555959,Vadivale,Vadivale,Mawal,Pune,18.76594,73.5579,73.79,40.44,13.5,607.9,48.6,535.0,680.8,14.0,201.6,48.0,18.0,8.0,18.0,3.0,5.0,0.0,20.0,29.5,21.0,4.54,3.1673075237503228,27.21,23.53,30.7,18.23,34.26,3.91,MODERATE,Orographic Sahyadri Elevation Gradient,Manual demo override,MANUAL_OVERRIDE,,2026-09-09,,,,NOT_REQUESTED,29.2,20.7,70.9
MH_PUNE_555894,Kanhe,Kanhe,Mawal,Pune,18.75772,73.61965,80.03,35.07,7.6,620.4,49.6,546.0,694.8,14.0,203.9,48.0,18.0,8.0,18.0,3.0,5.0,0.0,20.0,29.5,21.0,2.87,1.6247402211200908,23.91,19.22,27.69,16.15,30.86,3.77,MODERATE,Orographic Sahyadri Elevation Gradient,Manual demo override,MANUAL_OVERRIDE,,2026-09-09,,,,NOT_REQUESTED,29.1,20.6,69.6
MH_PUNE_555945,Devghar,Devghar,Mawal,Pune,18.76333,73.47777,65.47,47.02,21.1,616.7,49.3,542.8,690.7,14.0,198.7,48.0,18.0,8.0,18.0,3.0,5.0,0.0,20.0,29.5,21.0,4.55,4.897374622507502,28.96,24.41,33.11,21.31,34.89,3.64,MODERATE,Orographic Sahyadri Elevation Gradient,Manual demo override,MANUAL_OVERRIDE,,2026-09-09,,,,NOT_REQUESTED,29.1,20.6,71.6
MH_PUNE_555961,Mundhavare,Mundhavare,Mawal,Pune,18.75945,73.54225,72.04,41.26,15.0,644.2,51.5,566.9,721.4,14.0,201.1,48.0,18.0,8.0,18.0,3.0,5.0,0.0,20.0,29.5,21.0,4.54,3.5677580045634985,27.65,23.81,31.76,19.85,34.92,3.85,MODERATE,Orographic Sahyadri Elevation Gradient,Manual demo override,MANUAL_OVERRIDE,,2026-09-09,,,,NOT_REQUESTED,28.9,20.4,71.1
MH_PUNE_555966,Karla,Karla,Mawal,Pune,18.75375,73.49574,67.11,44.86,19.4,612.6,49.0,539.1,686.1,14.0,199.3,48.0,18.0,8.0,18.0,3.0,5.0,0.0,20.0,29.5,21.0,4.54,4.603496929614352,28.64,24.82,32.11,21.5,35.42,3.68,MODERATE,Orographic Sahyadri Elevation Gradient,Manual demo override,MANUAL_OVERRIDE,,2026-09-09,,,,NOT_REQUESTED,29.1,20.6,71.5
MH_PUNE_555924,Valavanti,Valavanti,Mawal,Pune,18.8375,73.51875,71.76,48.85,17.2,818.8,65.5,720.5,917.0,14.0,200.2,48.0,18.0,8.0,18.0,3.0,5.0,0.0,20.0,29.5,21.0,4.67,3.278073430762274,27.54,22.32,32.64,19.41,34.31,4.02,MODERATE,Orographic Sahyadri Elevation Gradient,Manual demo override,MANUAL_OVERRIDE,,2026-09-09,,,,NOT_REQUESTED,27.8,19.3,71.0
MH_PUNE_555939,Nandgaon,Nandgaon,Mawal,Pune,18.82674,73.42872,62.39,55.3,25.8,665.6,53.2,585.8,745.4,14.0,196.9,48.0,18.0,8.0,18.0,3.0,5.0,0.0,20.0,29.5,21.0,4.71,4.807071225260722,29.09,25.28,33.41,22.01,35.33,3.62,MODERATE,Orographic Sahyadri Elevation Gradient,Manual demo override,MANUAL_OVERRIDE,,2026-09-09,,,,NOT_REQUESTED,28.8,20.3,71.6
MH_PUNE_555940,Kune N M,Kune N M,Mawal,Pune,18.76953,73.41292,58.97,53.2,27.3,673.4,53.9,592.6,754.3,14.0,196.3,48.0,18.0,8.0,18.0,3.0,5.0,0.0,20.0,29.5,21.0,4.71,5.434848337078617,29.44,25.35,34.0,21.64,36.28,3.9,MODERATE,Orographic Sahyadri Elevation Gradient,Manual demo override,MANUAL_OVERRIDE,,2026-09-09,,,,NOT_REQUESTED,28.7,20.2,71.8
MH_PUNE_555944,Karandoli,Karandoli,Mawal,Pune,18.7821,73.45231,63.33,50.41,23.5,625.5,50.0,550.5,700.5,14.0,197.7,48.0,18.0,8.0,18.0,3.0,5.0,0.0,20.0,29.5,21.0,4.55,5.144904887105048,29.37,25.16,33.01,20.8,36.83,3.99,MODERATE,Orographic Sahyadri Elevation Gradient,Manual demo override,MANUAL_OVERRIDE,,2026-09-09,,,,NOT_REQUESTED,29.1,20.6,71.7
MH_PUNE_555946,Waksai,Waksai,Mawal,Pune,18.75793,73.452,62.69,49.0,23.6,614.8,49.2,541.0,688.6,14.0,197.7,48.0,18.0,8.0,18.0,3.0,5.0,0.0,20.0,29.5,21.0,4.55,5.24019656026655,29.12,24.69,32.75,21.02,35.86,3.76,MODERATE,Orographic Sahyadri Elevation Gradient,Manual demo override,MANUAL_OVERRIDE,,2026-09-09,,,,NOT_REQUESTED,29.1,20.6,71.6
MH_PUNE_555947,Warsoli,Warsoli,Mawal,Pune,18.76075,73.43791,61.3,50.43,24.9,619.4,49.6,545.0,693.8,14.0,197.2,48.0,18.0,8.0,18.0,3.0,5.0,0.0,20.0,29.5,21.0,4.55,5.354598230799087,29.33,24.47,34.01,21.39,35.73,3.91,MODERATE,Orographic Sahyadri Elevation Gradient,Manual demo override,MANUAL_OVERRIDE,,2026-09-09,,,,NOT_REQUESTED,29.1,20.6,71.7
MH_PUNE_555943,Budhele,Budhele,Mawal,Pune,18.7744,73.43863,61.72,51.16,24.8,659.3,52.7,580.2,738.3,14.0,197.2,48.0,18.0,8.0,18.0,3.0,5.0,0.0,20.0,29.5,21.0,4.71,5.3089789048203,29.51,24.49,33.73,21.35,36.49,3.99,MODERATE,Orographic Sahyadri Elevation Gradient,Manual demo override,MANUAL_OVERRIDE,,2026-09-09,,,,NOT_REQUESTED,28.8,20.3,71.8
MH_PUNE_555942,Jevare,Jevare,Mawal,Pune,18.79056,73.43754,62.07,52.23,24.9,629.5,50.4,553.9,705.1,14.0,197.2,48.0,18.0,8.0,18.0,3.0,5.0,0.0,20.0,29.5,21.0,4.71,5.212610801598631,29.56,25.74,33.51,21.57,36.01,3.76,MODERATE,Orographic Sahyadri Elevation Gradient,Manual demo override,MANUAL_OVERRIDE,,2026-09-09,,,,NOT_REQUESTED,29.0,20.5,71.8
MH_PUNE_555721,Virham,Virham,Khed,Pune,18.98287,73.58655,81.15,57.49,10.8,865.5,69.2,761.7,969.3,14.0,202.7,10.0,12.0,6.0,64.0,5.0,3.0,0.0,20.0,29.5,21.0,1.77,-0.043677057934802976,21.43,17.82,27.0,13.54,28.31,3.83,MODERATE,Orographic Sahyadri Elevation Gradient,Manual demo override,MANUAL_OVERRIDE,,2026-09-09,,,,NOT_REQUESTED,27.5,19.0,68.6
MH_PUNE_555722,Ambhu,Ambhu,Khed,Pune,18.9413,73.60452,82.65,52.53,9.1,721.2,57.7,634.7,807.8,14.0,203.4,10.0,12.0,6.0,64.0,5.0,3.0,0.0,20.0,29.5,21.0,3.25,0.40767605906112014,23.17,19.5,26.18,15.21,30.89,3.74,MODERATE,Orographic Sahyadri Elevation Gradient,Manual demo override,MANUAL_OVERRIDE,,2026-09-09,,,,NOT_REQUESTED,28.4,19.9,69.3
MH_PUNE_555716,Wandre,Wandre,Khed,Pune,18.98046,73.55299,77.61,59.05,14.0,847.9,67.8,746.2,949.6,14.0,201.5,10.0,12.0,6.0,64.0,5.0,3.0,0.0,20.0,29.5,21.0,1.55,-0.02611673100745504,20.81,15.83,24.66,12.73,27.7,3.79,MODERATE,Orographic Sahyadri Elevation Gradient,Manual demo override,MANUAL_OVERRIDE,,2026-09-09,,,,NOT_REQUESTED,27.6,19.1,68.3
MH_PUNE_555728,Velhavale,Velhavale,Khed,Pune,18.92334,73.6203,84.23,49.98,7.6,716.8,57.3,630.8,802.7,14.0,204.0,10.0,12.0,6.0,64.0,5.0,3.0,0.0,20.0,29.5,21.0,3.09,0.5618780561590948,23.15,18.86,26.79,16.13,29.94,3.68,MODERATE,Orographic Sahyadri Elevation Gradient,Manual demo override,MANUAL_OVERRIDE,,2026-09-09,,,,NOT_REQUESTED,28.5,20.0,69.3
MH_PUNE_555867,Malegaon Bk,Malegaon Bk,Mawal,Pune,18.9589,73.51978,73.89,59.02,17.1,752.5,60.2,662.2,842.8,14.0,200.2,48.0,18.0,8.0,18.0,3.0,5.0,0.0,20.0,29.5,21.0,4.72,0.4181828282741095,24.76,21.57,28.88,17.22,32.01,3.62,MODERATE,Orographic Sahyadri Elevation Gradient,Manual demo override,MANUAL_OVERRIDE,,2026-09-09,,,,NOT_REQUESTED,28.2,19.7,69.9
MH_PUNE_555723,Amboli,Amboli,Khed,Pune,18.95739,73.62358,84.76,53.17,7.3,722.2,57.8,635.5,808.9,14.0,204.1,10.0,12.0,6.0,64.0,5.0,3.0,0.0,20.0,29.5,21.0,3.52,0.21065736086649128,23.33,19.98,26.62,15.69,30.14,3.63,MODERATE,Orographic Sahyadri Elevation Gradient,Manual demo override,MANUAL_OVERRIDE,,2026-09-09,,,,NOT_REQUESTED,28.4,19.9,69.3
MH_PUNE_555866,Sawale,Sawale,Mawal,Pune,18.95603,73.47473,69.15,61.69,21.4,697.7,55.8,614.0,781.4,14.0,198.6,48.0,18.0,8.0,18.0,3.0,5.0,0.0,20.0,29.5,21.0,4.7,0.8688292788219594,24.98,21.41,30.16,16.61,31.65,3.82,MODERATE,Orographic Sahyadri Elevation Gradient,Manual demo override,MANUAL_OVERRIDE,,2026-09-09,,,,NOT_REQUESTED,28.6,20.1,70.0
MH_PUNE_555720,Bhalavadi,Bhalavadi,Khed,Pune,18.96852,73.59855,82.24,55.49,9.6,768.4,61.5,676.1,860.6,14.0,203.1,10.0,12.0,6.0,64.0,5.0,3.0,0.0,20.0,29.5,21.0,2.89,0.10742312123049752,22.42,18.12,26.25,14.87,29.81,3.71,MODERATE,Orographic Sahyadri Elevation Gradient,Manual demo override,MANUAL_OVERRIDE,,2026-09-09,,,,NOT_REQUESTED,28.1,19.6,69.0
MH_PUNE_555717,Torne Kh,Torne Kh,Khed,Pune,18.95346,73.56832,78.93,55.65,12.5,734.2,58.7,646.1,822.2,14.0,202.0,10.0,12.0,6.0,64.0,5.0,3.0,0.0,20.0,29.5,21.0,2.91,0.32167850224015193,22.67,18.5,26.35,14.86,30.15,3.69,MODERATE,Orographic Sahyadri Elevation Gradient,Manual demo override,MANUAL_OVERRIDE,,2026-09-09,,,,NOT_REQUESTED,28.4,19.9,69.1
MH_PUNE_555719,Adhe,Adhe,Khed,Pune,18.95573,73.58939,81.16,54.72,10.5,725.2,58.0,638.2,812.2,14.0,202.8,10.0,12.0,6.0,64.0,5.0,3.0,0.0,20.0,29.5,21.0,3.25,0.25635166606827486,22.94,18.69,26.82,15.01,29.47,3.65,MODERATE,Orographic Sahyadri Elevation Gradient,Manual demo override,MANUAL_OVERRIDE,,2026-09-09,,,,NOT_REQUESTED,28.4,19.9,69.2
MH_PUNE_555868,Pimpari,Pimpari,Mawal,Pune,18.93889,73.54527,76.41,55.65,14.7,999.7,80.0,879.7,1119.7,14.0,201.2,48.0,18.0,8.0,18.0,3.0,5.0,0.0,20.0,29.5,21.0,1.63,0.6619449288423469,21.72,18.19,25.72,13.74,30.42,3.93,MODERATE,Orographic Sahyadri Elevation Gradient,Manual demo override,MANUAL_OVERRIDE,,2026-09-09,,,,NOT_REQUESTED,26.5,18.0,68.7
MH_PUNE_555869,Malegaon Kh,Malegaon Kh,Mawal,Pune,18.92343,73.55774,77.65,53.49,13.5,793.5,63.5,698.3,888.8,14.0,201.6,48.0,18.0,8.0,18.0,3.0,5.0,0.0,20.0,29.5,21.0,2.55,0.8871142268060389,22.62,18.94,25.92,15.23,29.69,3.61,MODERATE,Orographic Sahyadri Elevation Gradient,Manual demo override,MANUAL_OVERRIDE,,2026-09-09,,,,NOT_REQUESTED,27.9,19.4,69.0
MH_PUNE_555727,Kharawali,Kharawali,Khed,Pune,18.93736,73.6199,84.24,51.37,7.6,686.7,54.9,604.3,769.0,14.0,203.9,10.0,12.0,6.0,64.0,5.0,3.0,0.0,20.0,29.5,21.0,3.25,0.41297091262924457,23.19,19.53,26.94,14.73,30.0,3.84,MODERATE,Orographic Sahyadri Elevation Gradient,Manual demo override,MANUAL_OVERRIDE,,2026-09-09,,,,NOT_REQUESTED,28.7,20.2,69.3
MH_PUNE_555899,Khand,Khand,Mawal,Pune,18.92752,73.48872,70.41,58.32,20.1,672.1,53.8,591.4,752.8,14.0,199.1,48.0,18.0,8.0,18.0,3.0,5.0,0.0,20.0,29.5,21.0,4.7,1.439658494105664,25.69,21.9,29.38,17.63,32.35,3.6,MODERATE,Orographic Sahyadri Elevation Gradient,Manual demo override,MANUAL_OVERRIDE,,2026-09-09,,,,NOT_REQUESTED,28.8,20.3,70.3
MH_PUNE_555900,Kusur,Kusur,Mawal,Pune,18.90309,73.45585,66.89,58.69,23.2,715.5,57.2,629.7,801.3,14.0,197.9,48.0,18.0,8.0,18.0,3.0,5.0,0.0,20.0,29.5,21.0,4.72,2.581950625518022,26.82,22.97,30.02,19.44,33.48,3.68,MODERATE,Orographic Sahyadri Elevation Gradient,Manual demo override,MANUAL_OVERRIDE,,2026-09-09,,,,NOT_REQUESTED,28.5,20.0,70.7
MH_PUNE_555871,Inglun,Inglun,Mawal,Pune,18.90583,73.59409,81.44,49.73,10.1,937.2,75.0,824.7,1049.7,14.0,203.0,48.0,18.0,8.0,18.0,3.0,5.0,0.0,20.0,29.5,21.0,0.8,0.936591250339667,21.37,17.57,25.2,13.28,27.93,3.82,MODERATE,Orographic Sahyadri Elevation Gradient,Manual demo override,MANUAL_OVERRIDE,,2026-09-09,,,,NOT_REQUESTED,26.9,18.4,68.5
MH_PUNE_555872,Kivale,Kivale,Mawal,Pune,18.88814,73.60986,82.64,47.18,8.6,1044.3,83.5,919.1,1169.6,14.0,203.6,48.0,18.0,8.0,18.0,3.0,5.0,0.0,20.0,29.5,21.0,0.8,1.0445119633950481,21.27,16.72,25.04,13.93,28.12,3.91,MODERATE,Orographic Sahyadri Elevation Gradient,Manual demo override,MANUAL_OVERRIDE,,2026-09-09,,,,NOT_REQUESTED,26.2,17.7,68.5
MH_PUNE_555901,Dahuli,Dahuli,Mawal,Pune,18.89257,73.4835,69.81,55.81,20.6,847.5,67.8,745.8,949.2,14.0,198.9,48.0,18.0,8.0,18.0,3.0,5.0,0.0,20.0,29.5,21.0,4.83,2.5152236282901073,26.71,22.22,30.61,18.78,34.38,3.94,MODERATE,Orographic Sahyadri Elevation Gradient,Manual demo override,MANUAL_OVERRIDE,,2026-09-09,,,,NOT_REQUESTED,27.6,19.1,70.7
MH_PUNE_555903,Borivali,Borivali,Mawal,Pune,18.88814,73.51035,72.64,53.53,18.0,697.4,55.8,613.7,781.1,14.0,199.9,48.0,18.0,8.0,18.0,3.0,5.0,0.0,20.0,29.5,21.0,4.7,2.2412578424164225,26.44,22.34,30.32,18.14,33.06,3.74,MODERATE,Orographic Sahyadri Elevation Gradient,Manual demo override,MANUAL_OVERRIDE,,2026-09-09,,,,NOT_REQUESTED,28.6,20.1,70.6
MH_PUNE_555904,Wahangaon,Wahangaon,Mawal,Pune,18.88661,73.5421,75.89,51.22,15.0,662.0,53.0,582.5,741.5,14.0,201.1,48.0,18.0,8.0,18.0,3.0,5.0,0.0,20.0,29.5,21.0,2.89,1.8277289623892838,24.33,20.58,28.59,16.13,30.7,3.75,MODERATE,Orographic Sahyadri Elevation Gradient,Manual demo override,MANUAL_OVERRIDE,,2026-09-09,,,,NOT_REQUESTED,28.8,20.3,69.7
MH_PUNE_555902,Kambare Andar Mawal,Kambare Andar Mawal,Mawal,Pune,18.88385,73.50086,71.65,53.85,18.9,740.7,59.3,651.8,829.7,14.0,199.5,48.0,18.0,8.0,18.0,3.0,5.0,0.0,20.0,29.5,21.0,4.72,2.500865557974871,26.74,23.35,30.63,18.87,33.39,3.74,MODERATE,Orographic Sahyadri Elevation Gradient,Manual demo override,MANUAL_OVERRIDE,,2026-09-09,,,,NOT_REQUESTED,28.3,19.8,70.7
MH_PUNE_555906,Nagathali,Nagathali,Mawal,Pune,18.87287,73.55127,76.26,49.43,14.1,673.1,53.8,592.4,753.8,14.0,201.4,48.0,18.0,8.0,18.0,3.0,5.0,0.0,20.0,29.5,21.0,2.73,1.9916565502369181,24.25,19.96,28.56,16.55,30.93,3.72,MODERATE,Orographic Sahyadri Elevation Gradient,Manual demo override,MANUAL_OVERRIDE,,2026-09-09,,,,NOT_REQUESTED,28.7,20.2,69.7
MH_PUNE_555718,Vanjul Vihire,Vanjul Vihire,Khed,Pune,18.93919,73.59084,81.2,53.06,10.4,753.2,60.3,662.7,843.6,14.0,202.9,10.0,12.0,6.0,64.0,5.0,3.0,0.0,20.0,29.5,21.0,2.89,0.47084815820017895,22.78,18.69,26.77,14.94,29.18,3.72,MODERATE,Orographic Sahyadri Elevation Gradient,Manual demo override,MANUAL_OVERRIDE,,2026-09-09,,,,NOT_REQUESTED,28.2,19.7,69.1
MH_PUNE_555870,Kune Ansute,Kune Ansute,Mawal,Pune,18.91677,73.58155,80.13,51.47,11.3,908.3,72.7,799.3,1017.4,14.0,202.5,48.0,18.0,8.0,18.0,3.0,5.0,0.0,20.0,29.5,21.0,1.55,0.8516751837713905,21.88,18.0,26.93,14.89,29.33,3.76,MODERATE,Orographic Sahyadri Elevation Gradient,Manual demo override,MANUAL_OVERRIDE,,2026-09-09,,,,NOT_REQUESTED,27.2,18.7,68.8
MH_PUNE_555770,Dhamane,Dhamane,Khed,Pune,18.83615,73.76288,96.52,35.26,-1.1,650.8,52.1,572.6,728.9,3.0,209.2,10.0,12.0,6.0,64.0,5.0,3.0,0.0,20.0,29.5,21.0,0.73,-0.5409150423869984,19.66,15.12,23.76,11.77,26.91,3.9,MODERATE,Orographic Sahyadri Elevation Gradient,Manual demo override,MANUAL_OVERRIDE,,2026-09-09,,,,NOT_REQUESTED,28.8,20.3,67.9
MH_PUNE_555909,Kondivade A M,Kondivade A M,Mawal,Pune,18.83502,73.63444,83.37,40.82,6.2,679.8,54.4,598.2,761.4,14.0,204.5,48.0,18.0,8.0,18.0,3.0,5.0,0.0,20.0,29.5,21.0,2.87,1.2097509999565903,23.51,19.96,27.56,15.46,30.63,3.81,MODERATE,Orographic Sahyadri Elevation Gradient,Manual demo override,MANUAL_OVERRIDE,,2026-09-09,,,,NOT_REQUESTED,28.7,20.2,69.4
MH_PUNE_555750,Askhed Kh,Askhed Kh,Khed,Pune,18.8115,73.77526,97.22,32.28,-1.4,652.7,52.2,574.4,731.0,3.0,209.7,10.0,12.0,6.0,64.0,5.0,3.0,0.0,20.0,29.5,21.0,0.64,-0.8922483847817546,19.18,15.42,23.65,12.02,26.03,3.69,MODERATE,Orographic Sahyadri Elevation Gradient,Manual demo override,MANUAL_OVERRIDE,,2026-09-09,,,,NOT_REQUESTED,28.8,20.3,67.7
MH_PUNE_555745,Pait,Pait,Khed,Pune,18.87089,73.74444,95.58,39.5,-0.8,721.9,57.8,635.2,808.6,3.0,208.5,10.0,12.0,6.0,64.0,5.0,3.0,0.0,20.0,29.5,21.0,0.73,-0.16771626991177713,19.94,15.98,24.46,11.93,26.26,3.73,MODERATE,Orographic Sahyadri Elevation Gradient,Manual demo override,MANUAL_OVERRIDE,,2026-09-09,,,,NOT_REQUESTED,28.4,19.9,68.0
MH_PUNE_555760,Donde,Donde,Khed,Pune,18.87163,73.84865,106.21,37.99,-2.7,611.2,48.9,537.8,684.5,3.0,212.4,10.0,12.0,6.0,64.0,5.0,3.0,0.0,20.0,29.5,21.0,0.73,-1.0921046625154673,19.22,15.34,23.63,11.57,26.29,3.85,MODERATE,Orographic Sahyadri Elevation Gradient,Manual demo override,MANUAL_OVERRIDE,,2026-09-09,,,,NOT_REQUESTED,29.1,20.6,67.7
MH_PUNE_555737,Deshamukhwadi,Deshamukhwadi,Khed,Pune,18.8694,73.67801,88.82,41.86,2.1,672.2,53.8,591.5,752.9,14.0,206.1,10.0,12.0,6.0,64.0,5.0,3.0,0.0,20.0,29.5,21.0,3.36,0.5105161840887094,23.48,20.22,27.13,15.35,29.83,3.67,MODERATE,Orographic Sahyadri Elevation Gradient,Manual demo override,MANUAL_OVERRIDE,,2026-09-09,,,,NOT_REQUESTED,28.8,20.3,69.4
MH_PUNE_555912,Takave Bk,Takave Bk,Mawal,Pune,18.79584,73.63319,82.22,37.36,6.3,613.5,49.1,539.9,687.1,14.0,204.4,48.0,18.0,8.0,18.0,3.0,5.0,0.0,20.0,29.5,21.0,2.87,1.3542253752388502,23.67,19.52,27.79,15.52,31.39,3.94,MODERATE,Orographic Sahyadri Elevation Gradient,Manual demo override,MANUAL_OVERRIDE,,2026-09-09,,,,NOT_REQUESTED,29.1,20.6,69.5
MH_PUNE_555769,Koye,Koye,Khed,Pune,18.86387,73.7759,98.58,37.94,-1.4,724.9,58.0,637.9,811.9,3.0,209.7,10.0,12.0,6.0,64.0,5.0,3.0,0.0,20.0,29.5,21.0,0.73,-0.509637806960897,19.5,16.07,23.44,11.53,26.2,3.77,MODERATE,Orographic Sahyadri Elevation Gradient,Manual demo override,MANUAL_OVERRIDE,,2026-09-09,,,,NOT_REQUESTED,28.3,19.8,67.8
MH_PUNE_555875,Kalhat,Kalhat,Mawal,Pune,18.85583,73.65577,86.15,41.61,4.2,703.3,56.3,618.9,787.8,14.0,205.3,48.0,18.0,8.0,18.0,3.0,5.0,0.0,20.0,29.5,21.0,3.14,0.8118500394277117,23.59,19.46,26.87,16.06,29.6,3.57,MODERATE,Orographic Sahyadri Elevation Gradient,Manual demo override,MANUAL_OVERRIDE,,2026-09-09,,,,NOT_REQUESTED,28.5,20.0,69.4
MH_PUNE_555767,Kurkundi,Kurkundi,Khed,Pune,18.85031,73.79642,100.31,36.06,-1.7,670.1,53.6,589.7,750.5,3.0,210.5,10.0,12.0,6.0,64.0,5.0,3.0,0.0,20.0,29.5,21.0,0.73,-0.7993518540246467,19.64,15.92,23.21,12.14,25.88,3.61,MODERATE,Orographic Sahyadri Elevation Gradient,Manual demo override,MANUAL_OVERRIDE,,2026-09-09,,,,NOT_REQUESTED,28.7,20.2,67.9
MH_PUNE_555838,Biradvadi,Biradvadi,Khed,Pune,18.77875,73.8443,103.77,27.67,-2.6,635.2,50.8,559.0,711.4,3.0,212.2,10.0,12.0,6.0,64.0,5.0,3.0,0.0,20.0,29.5,21.0,0.64,-1.9940075800294614,18.09,14.66,21.53,10.7,24.8,3.65,MODERATE,Orographic Sahyadri Elevation Gradient,Manual demo override,MANUAL_OVERRIDE,,2026-09-09,,,,NOT_REQUESTED,28.4,19.9,67.2
MH_PUNE_555765,Kiwale,Kiwale,Khed,Pune,18.85158,73.81787,102.54,35.92,-2.1,706.1,56.5,621.4,790.9,3.0,211.3,10.0,12.0,6.0,64.0,5.0,3.0,0.0,20.0,29.5,21.0,0.73,-0.9918757883070257,19.36,15.76,23.75,11.7,25.96,3.67,MODERATE,Orographic Sahyadri Elevation Gradient,Manual demo override,MANUAL_OVERRIDE,,2026-09-09,,,,NOT_REQUESTED,28.5,20.0,67.7
MH_PUNE_555743,Parale,Parale,Khed,Pune,18.86217,73.70754,91.58,39.87,-0.1,702.3,56.2,618.0,786.6,3.0,207.2,10.0,12.0,6.0,64.0,5.0,3.0,0.0,20.0,29.5,21.0,2.98,0.1994663716290187,22.58,18.9,25.96,14.77,29.05,3.64,MODERATE,Orographic Sahyadri Elevation Gradient,Manual demo override,MANUAL_OVERRIDE,,2026-09-09,,,,NOT_REQUESTED,28.5,20.0,69.0
MH_PUNE_555746,Raundhalwadi,Raundhalwadi,Khed,Pune,18.85143,73.72477,93.02,38.1,-0.4,674.8,54.0,593.8,755.8,3.0,207.8,10.0,12.0,6.0,64.0,5.0,3.0,0.0,20.0,29.5,21.0,0.73,-0.016230386773357197,20.27,16.22,24.76,13.12,27.04,3.66,MODERATE,Orographic Sahyadri Elevation Gradient,Manual demo override,MANUAL_OVERRIDE,,2026-09-09,,,,NOT_REQUESTED,28.7,20.2,68.1
MH_PUNE_555742,Wahagaon,Wahagaon,Khed,Pune,18.85009,73.69116,89.57,39.33,0.8,670.0,53.6,589.6,750.4,14.0,206.6,10.0,12.0,6.0,64.0,5.0,3.0,0.0,20.0,29.5,21.0,3.3,0.38528537452888106,23.27,18.87,27.69,16.1,30.34,3.87,MODERATE,Orographic Sahyadri Elevation Gradient,Manual demo override,MANUAL_OVERRIDE,,2026-09-09,,,,NOT_REQUESTED,28.7,20.2,69.3
MH_PUNE_555764,Chandus,Chandus,Khed,Pune,18.84069,73.83346,103.88,34.59,-2.4,634.8,50.8,558.6,711.0,3.0,211.8,10.0,12.0,6.0,64.0,5.0,3.0,0.0,20.0,29.5,21.0,0.73,-1.2221482477734398,18.88,14.7,22.67,11.24,25.88,3.58,MODERATE,Orographic Sahyadri Elevation Gradient,Manual demo override,MANUAL_OVERRIDE,,2026-09-09,,,,NOT_REQUESTED,28.9,20.4,67.6
MH_PUNE_555747,Shive,Shive,Khed,Pune,18.83313,73.71205,91.23,36.71,-0.2,685.2,54.8,603.0,767.4,3.0,207.3,10.0,12.0,6.0,64.0,5.0,3.0,0.0,20.0,29.5,21.0,2.98,0.08416813762734199,22.49,19.13,26.63,14.65,29.68,3.8,MODERATE,Orographic Sahyadri Elevation Gradient,Manual demo override,MANUAL_OVERRIDE,,2026-09-09,,,,NOT_REQUESTED,28.6,20.1,69.0
MH_PUNE_555876,Nigade,Nigade,Mawal,Pune,18.82494,73.67061,86.78,37.85,2.8,1056.0,84.5,929.2,1182.7,14.0,205.8,48.0,18.0,8.0,18.0,3.0,5.0,0.0,20.0,29.5,21.0,1.06,0.6699845734438564,21.24,18.09,24.75,14.29,27.48,3.59,MODERATE,Orographic Sahyadri Elevation Gradient,Manual demo override,MANUAL_OVERRIDE,,2026-09-09,,,,NOT_REQUESTED,26.2,17.7,68.5
MH_PUNE_555910,Pawalewadi,Pawalewadi,Mawal,Pune,18.83717,73.65583,85.6,39.81,4.2,688.2,55.1,605.5,770.8,14.0,205.3,48.0,18.0,8.0,18.0,3.0,5.0,0.0,20.0,29.5,21.0,3.14,0.8773015803685926,23.61,18.31,27.62,16.04,30.85,3.83,MODERATE,Orographic Sahyadri Elevation Gradient,Manual demo override,MANUAL_OVERRIDE,,2026-09-09,,,,NOT_REQUESTED,28.6,20.1,69.4
MH_PUNE_555768,Askhed Bk,Askhed Bk,Khed,Pune,18.82885,73.78271,98.38,33.98,-1.5,646.0,51.7,568.4,723.5,3.0,210.0,10.0,12.0,6.0,64.0,5.0,3.0,0.0,20.0,29.5,21.0,0.73,-0.8244662656178479,19.36,15.81,23.69,11.89,25.81,3.68,MODERATE,Orographic Sahyadri Elevation Gradient,Manual demo override,MANUAL_OVERRIDE,,2026-09-09,,,,NOT_REQUESTED,28.9,20.4,67.7
MH_PUNE_555748,Waki Tarf Wada,Waki Tarf Wada,Khed,Pune,18.82714,73.73625,93.56,35.15,-0.7,627.3,50.2,552.0,702.6,3.0,208.2,10.0,12.0,6.0,64.0,5.0,3.0,0.0,20.0,29.5,21.0,0.73,-0.2678914947690002,19.92,16.07,23.49,12.14,26.3,3.69,MODERATE,Orographic Sahyadri Elevation Gradient,Manual demo override,MANUAL_OVERRIDE,,2026-09-09,,,,NOT_REQUESTED,29.0,20.5,68.0
MH_PUNE_555766,Koregaon Bk,Koregaon Bk,Khed,Pune,18.82587,73.81183,101.31,33.14,-2.0,614.8,49.2,541.0,688.6,3.0,211.0,10.0,12.0,6.0,64.0,5.0,3.0,0.0,20.0,29.5,21.0,0.64,-1.1599416900322854,18.9,15.21,22.98,11.16,25.58,3.8,MODERATE,Orographic Sahyadri Elevation Gradient,Manual demo override,MANUAL_OVERRIDE,,2026-09-09,,,,NOT_REQUESTED,29.1,20.6,67.6
MH_PUNE_555749,Karanja Vihire,Karanja Vihire,Khed,Pune,18.81383,73.75357,95.03,33.15,-1.0,666.8,53.3,586.8,746.7,3.0,208.9,10.0,12.0,6.0,64.0,5.0,3.0,0.0,20.0,29.5,21.0,0.64,-0.5928253670735291,19.53,15.81,23.69,11.41,26.84,3.89,MODERATE,Orographic Sahyadri Elevation Gradient,Manual demo override,MANUAL_OVERRIDE,,2026-09-09,,,,NOT_REQUESTED,28.7,20.2,67.8
MH_PUNE_555911,Phalane,Phalane,Mawal,Pune,18.81888,73.62835,82.3,39.71,6.8,643.2,51.5,565.9,720.4,14.0,204.2,48.0,18.0,8.0,18.0,3.0,5.0,0.0,20.0,29.5,21.0,2.87,1.38806154340089,23.78,19.81,28.26,17.21,31.11,3.59,MODERATE,Orographic Sahyadri Elevation Gradient,Manual demo override,MANUAL_OVERRIDE,,2026-09-09,,,,NOT_REQUESTED,28.9,20.4,69.5
MH_PUNE_555877,Ambale,Ambale,Mawal,Pune,18.80405,73.68489,87.73,35.09,1.4,680.1,54.4,598.5,761.7,14.0,206.3,48.0,18.0,8.0,18.0,3.0,5.0,0.0,20.0,29.5,21.0,3.14,0.39592554530295077,22.82,19.51,26.28,15.11,30.15,3.72,MODERATE,Orographic Sahyadri Elevation Gradient,Manual demo override,MANUAL_OVERRIDE,,2026-09-09,,,,NOT_REQUESTED,28.7,20.2,69.1
MH_PUNE_555878,Umbare Navalakh,Umbare Navalakh,Mawal,Pune,18.79596,73.71286,90.44,32.91,-0.2,654.6,52.4,576.0,733.2,3.0,207.4,48.0,18.0,8.0,18.0,3.0,5.0,0.0,20.0,29.5,21.0,2.89,-0.12207150891598983,22.32,19.02,26.05,14.55,28.84,3.7,MODERATE,Orographic Sahyadri Elevation Gradient,Manual demo override,MANUAL_OVERRIDE,,2026-09-09,,,,NOT_REQUESTED,28.8,20.3,68.9
MH_PUNE_555821,Koregaon Kh,Koregaon Kh,Khed,Pune,18.81065,73.81968,101.79,31.37,-2.2,674.0,53.9,593.1,754.8,3.0,211.3,10.0,12.0,6.0,64.0,5.0,3.0,0.0,20.0,29.5,21.0,0.64,-1.3926516000527887,18.69,14.89,22.66,10.96,25.39,3.68,MODERATE,Orographic Sahyadri Elevation Gradient,Manual demo override,MANUAL_OVERRIDE,,2026-09-09,,,,NOT_REQUESTED,28.7,20.2,67.5
MH_PUNE_555833,Ambethan,Ambethan,Khed,Pune,18.78963,73.82809,102.26,28.96,-2.3,636.5,50.9,560.2,712.9,3.0,211.6,10.0,12.0,6.0,64.0,5.0,3.0,0.0,20.0,29.5,21.0,0.64,-1.7157941095446945,18.48,15.1,22.16,10.01,25.18,3.7,MODERATE,Orographic Sahyadri Elevation Gradient,Manual demo override,MANUAL_OVERRIDE,,2026-09-09,,,,NOT_REQUESTED,28.4,19.9,67.4
MH_PUNE_555882,Jambavade,Jambavade,Mawal,Pune,18.75828,73.74994,93.61,27.49,-0.9,595.5,47.6,524.1,666.9,3.0,208.7,48.0,18.0,8.0,18.0,3.0,5.0,0.0,20.0,29.5,21.0,0.64,-1.125968153744034,18.92,15.41,23.21,10.51,25.6,3.79,MODERATE,Rain-Shadow Plateau Topography,Manual demo override,MANUAL_OVERRIDE,,2026-09-09,,,,NOT_REQUESTED,28.7,20.2,67.6
MH_PUNE_555751,Shelu,Shelu,Khed,Pune,18.80992,73.79855,99.59,31.59,-1.8,645.4,51.6,568.0,722.8,3.0,210.5,10.0,12.0,6.0,64.0,5.0,3.0,0.0,20.0,29.5,21.0,0.64,-1.1805059681476395,18.83,15.2,22.46,11.13,25.82,3.72,MODERATE,Orographic Sahyadri Elevation Gradient,Manual demo override,MANUAL_OVERRIDE,,2026-09-09,,,,NOT_REQUESTED,28.9,20.4,67.5
MH_PUNE_555879,Badhalawadi,Badhalawadi,Mawal,Pune,18.80207,73.73966,93.34,32.41,-0.7,702.6,56.2,618.3,786.9,3.0,208.4,48.0,18.0,8.0,18.0,3.0,5.0,0.0,20.0,29.5,21.0,0.64,-0.49538102188877425,19.62,15.02,23.52,12.0,26.37,3.73,MODERATE,Orographic Sahyadri Elevation Gradient,Manual demo override,MANUAL_OVERRIDE,,2026-09-09,,,,NOT_REQUESTED,28.5,20.0,67.8
MH_PUNE_555888,Shire,Shire,Mawal,Pune,18.80013,73.66034,85.12,36.08,3.8,637.9,51.0,561.4,714.4,14.0,205.4,48.0,18.0,8.0,18.0,3.0,5.0,0.0,20.0,29.5,21.0,3.14,0.8258637770381484,23.64,20.11,27.98,15.67,30.05,3.85,MODERATE,Orographic Sahyadri Elevation Gradient,Manual demo override,MANUAL_OVERRIDE,,2026-09-09,,,,NOT_REQUESTED,29.0,20.5,69.5
MH_PUNE_555834,Gonavadi,Gonavadi,Khed,Pune,18.8012,73.84175,103.89,30.17,-2.6,644.2,51.5,567.0,721.5,3.0,212.1,10.0,12.0,6.0,64.0,5.0,3.0,0.0,20.0,29.5,21.0,0.64,-1.7000143755997863,18.35,14.47,21.91,10.59,25.36,3.78,MODERATE,Orographic Sahyadri Elevation Gradient,Manual demo override,MANUAL_OVERRIDE,,2026-09-09,,,,NOT_REQUESTED,28.9,20.4,67.3
MH_PUNE_555823,Bhamboli,Bhamboli,Khed,Pune,18.79145,73.79281,98.63,29.69,-1.7,683.2,54.7,601.1,765.2,3.0,210.3,10.0,12.0,6.0,64.0,5.0,3.0,0.0,20.0,29.5,21.0,0.64,-1.3188657340225531,18.87,15.13,23.3,10.48,25.78,3.74,MODERATE,Orographic Sahyadri Elevation Gradient,Manual demo override,MANUAL_OVERRIDE,,2026-09-09,,,,NOT_REQUESTED,28.6,20.1,67.5
MH_PUNE_555822,Varale,Varale,Khed,Pune,18.7866,73.81099,100.43,28.83,-2.0,674.5,54.0,593.5,755.5,3.0,211.0,10.0,12.0,6.0,64.0,5.0,3.0,0.0,20.0,29.5,21.0,0.64,-1.582080887832011,18.47,14.53,21.97,10.31,24.56,3.6,MODERATE,Orographic Sahyadri Elevation Gradient,Manual demo override,MANUAL_OVERRIDE,,2026-09-09,,,,NOT_REQUESTED,28.2,19.7,67.4
MH_PUNE_555825,Shinde,Shinde,Khed,Pune,18.77882,73.76666,95.69,29.03,-1.2,652.8,52.2,574.5,731.1,3.0,209.4,10.0,12.0,6.0,64.0,5.0,3.0,0.0,20.0,29.5,21.0,0.64,-1.1273892507425292,19.01,15.12,23.25,10.52,26.25,3.87,MODERATE,Orographic Sahyadri Elevation Gradient,Manual demo override,MANUAL_OVERRIDE,,2026-09-09,,,,NOT_REQUESTED,28.3,19.8,67.6
MH_PUNE_555889,Belaj,Belaj,Mawal,Pune,18.78148,73.65282,83.93,34.84,4.5,591.4,47.3,520.5,662.4,14.0,205.2,48.0,18.0,8.0,18.0,3.0,5.0,0.0,20.0,29.5,21.0,2.87,0.9328167245853132,23.27,19.52,27.08,15.81,30.86,3.79,MODERATE,Orographic Sahyadri Elevation Gradient,Manual demo override,MANUAL_OVERRIDE,,2026-09-09,,,,NOT_REQUESTED,29.3,20.8,69.3
MH_PUNE_555887,Mangarul,Mangarul,Mawal,Pune,18.77997,73.68475,87.21,32.8,1.4,638.1,51.0,561.6,714.6,14.0,206.3,48.0,18.0,8.0,18.0,3.0,5.0,0.0,20.0,29.5,21.0,3.49,0.2786691748497818,23.22,19.5,27.08,14.45,29.91,3.81,MODERATE,Orographic Sahyadri Elevation Gradient,Manual demo override,MANUAL_OVERRIDE,,2026-09-09,,,,NOT_REQUESTED,29.0,20.5,69.3
MH_PUNE_555880,Jadhavwadi,Jadhavwadi,Mawal,Pune,18.78565,73.73833,92.87,30.77,-0.7,640.3,51.2,563.5,717.1,3.0,208.3,48.0,18.0,8.0,18.0,3.0,5.0,0.0,20.0,29.5,21.0,0.64,-0.6251578191039346,19.51,15.9,23.53,11.81,26.38,3.79,MODERATE,Orographic Sahyadri Elevation Gradient,Manual demo override,MANUAL_OVERRIDE,,2026-09-09,,,,NOT_REQUESTED,28.9,20.4,67.8
MH_PUNE_555824,Wasuli,Wasuli,Khed,Pune,18.77478,73.78172,97.19,28.15,-1.5,652.1,52.2,573.8,730.4,3.0,209.9,10.0,12.0,6.0,64.0,5.0,3.0,0.0,20.0,29.5,21.0,0.64,-1.3831141996223315,18.71,14.89,22.41,10.69,25.04,3.69,MODERATE,Orographic Sahyadri Elevation Gradient,Manual demo override,MANUAL_OVERRIDE,,2026-09-09,,,,NOT_REQUESTED,28.3,19.8,67.5
MH_PUNE_555881,Mendhewadi,Mendhewadi,Mawal,Pune,18.77721,73.74512,93.42,29.63,-0.8,649.5,52.0,571.5,727.5,3.0,208.6,48.0,18.0,8.0,18.0,3.0,5.0,0.0,20.0,29.5,21.0,0.64,-0.8214040072891721,19.25,15.55,22.87,11.43,26.14,3.59,MODERATE,Orographic Sahyadri Elevation Gradient,Manual demo override,MANUAL_OVERRIDE,,2026-09-09,,,,NOT_REQUESTED,28.8,20.3,67.7
MH_PUNE_555890,Rajpuri,Rajpuri,Mawal,Pune,18.77096,73.66473,84.96,33.15,3.4,636.7,50.9,560.4,713.1,14.0,205.6,48.0,18.0,8.0,18.0,3.0,5.0,0.0,20.0,29.5,21.0,3.49,0.6358712744798071,23.77,18.25,27.95,15.98,30.42,3.86,MODERATE,Orographic Sahyadri Elevation Gradient,Manual demo override,MANUAL_OVERRIDE,,2026-09-09,,,,NOT_REQUESTED,29.0,20.5,69.5
MH_PUNE_556028,Ambi,Ambi,Mawal,Pune,18.7591,73.691,87.48,30.49,0.9,606.1,48.5,533.4,678.9,14.0,206.6,48.0,18.0,8.0,18.0,3.0,5.0,0.0,20.0,29.5,21.0,3.41,-0.008452488970306482,22.99,19.01,26.59,14.3,29.55,3.84,MODERATE,Orographic Sahyadri Elevation Gradient,Manual demo override,MANUAL_OVERRIDE,,2026-09-09,,,,NOT_REQUESTED,29.2,20.7,69.2
MH_PUNE_555826,Savardari,Savardari,Khed,Pune,18.76327,73.79459,98.34,26.59,-1.7,640.2,51.2,563.4,717.0,3.0,210.4,10.0,12.0,6.0,64.0,5.0,3.0,0.0,20.0,29.5,21.0,0.64,-1.6985135668973987,18.41,14.94,22.17,10.5,25.33,3.71,MODERATE,Orographic Sahyadri Elevation Gradient,Manual demo override,MANUAL_OVERRIDE,,2026-09-09,,,,NOT_REQUESTED,28.4,19.9,67.4
MH_PUNE_555886,Nanoli T Chakan,Nanoli T Chakan,Mawal,Pune,18.75863,73.72474,90.99,28.64,-0.4,644.5,51.6,567.1,721.9,3.0,207.8,48.0,18.0,8.0,18.0,3.0,5.0,0.0,20.0,29.5,21.0,0.64,-0.6808201078226743,19.36,15.52,23.13,11.68,26.34,3.71,MODERATE,Orographic Sahyadri Elevation Gradient,Manual demo override,MANUAL_OVERRIDE,,2026-09-09,,,,NOT_REQUESTED,28.4,19.9,67.7
MH_PUNE_556029,Akurdi,Akurdi,Mawal,Pune,18.76146,73.70984,89.48,29.67,-0.2,606.6,48.5,533.9,679.4,3.0,207.3,48.0,18.0,8.0,18.0,3.0,5.0,0.0,20.0,29.5,21.0,2.89,-0.36656196508556593,22.0,18.55,25.65,14.32,29.04,3.68,MODERATE,Orographic Sahyadri Elevation Gradient,Manual demo override,MANUAL_OVERRIDE,,2026-09-09,,,,NOT_REQUESTED,29.1,20.6,68.8
MH_PUNE_555891,Sangavi,Sangavi,Mawal,Pune,18.76279,73.6424,82.49,33.89,5.5,628.3,50.3,552.9,703.8,14.0,204.8,48.0,18.0,8.0,18.0,3.0,5.0,0.0,20.0,29.5,21.0,2.87,1.0961681946392774,23.33,19.57,27.37,15.73,30.16,3.64,MODERATE,Orographic Sahyadri Elevation Gradient,Manual demo override,MANUAL_OVERRIDE,,2026-09-09,,,,NOT_REQUESTED,29.0,20.5,69.3
MH_PUNE_555710,Yeniye Bk,Yeniye Bk,Khed,Pune,18.98484,73.69237,92.23,53.23,0.7,795.0,63.6,699.6,890.4,14.0,206.6,10.0,12.0,6.0,64.0,5.0,3.0,0.0,20.0,29.5,21.0,3.1,0.003636696511727433,22.49,18.54,25.95,14.82,29.07,3.62,MODERATE,Orographic Sahyadri Elevation Gradient,Manual demo override,MANUAL_OVERRIDE,,2026-09-09,,,,NOT_REQUESTED,27.9,19.4,69.0
MH_PUNE_555687,Sakurdi,Sakurdi,Khed,Pune,18.97446,73.74837,97.99,50.57,-0.9,648.0,51.8,570.3,725.7,3.0,208.7,10.0,12.0,6.0,64.0,5.0,3.0,0.0,20.0,29.5,21.0,0.73,-0.11494952696240796,19.99,16.33,23.71,12.23,26.59,3.75,MODERATE,Orographic Sahyadri Elevation Gradient,Manual demo override,MANUAL_OVERRIDE,,2026-09-09,,,,NOT_REQUESTED,28.8,20.3,68.0
MH_PUNE_555774,Kadadhe,Kadadhe,Khed,Pune,18.9745,73.83106,106.66,49.47,-2.4,700.1,56.0,616.1,784.1,3.0,211.7,10.0,12.0,6.0,64.0,5.0,3.0,0.0,20.0,29.5,21.0,0.73,-0.49969782145490604,19.46,15.35,23.14,11.74,25.94,3.75,MODERATE,Orographic Sahyadri Elevation Gradient,Manual demo override,MANUAL_OVERRIDE,,2026-09-09,,,,NOT_REQUESTED,28.5,20.0,67.8
MH_PUNE_555709,Kude Kh,Kude Kh,Khed,Pune,18.96486,73.6893,91.72,51.23,1.0,751.7,60.1,661.6,841.9,14.0,206.5,10.0,12.0,6.0,64.0,5.0,3.0,0.0,20.0,29.5,21.0,3.16,0.08031141198767633,22.86,18.93,26.81,15.11,28.27,3.55,MODERATE,Orographic Sahyadri Elevation Gradient,Manual demo override,MANUAL_OVERRIDE,,2026-09-09,,,,NOT_REQUESTED,28.2,19.7,69.1
MH_PUNE_555685,Kahu,Kahu,Khed,Pune,18.96283,73.78547,101.79,48.61,-1.5,648.0,51.8,570.3,725.7,3.0,210.1,10.0,12.0,6.0,64.0,5.0,3.0,0.0,20.0,29.5,21.0,0.73,-0.2839765734770274,19.89,15.82,23.67,12.2,26.85,3.75,MODERATE,Orographic Sahyadri Elevation Gradient,Manual demo override,MANUAL_OVERRIDE,,2026-09-09,,,,NOT_REQUESTED,28.8,20.3,68.0
MH_PUNE_555759,Kadus,Kadus,Khed,Pune,18.89315,73.83089,105.01,40.43,-2.4,624.2,49.9,549.3,699.0,3.0,211.7,10.0,12.0,6.0,64.0,5.0,3.0,0.0,20.0,29.5,21.0,0.73,-0.8156846821302532,19.36,15.65,23.45,11.93,26.46,3.69,MODERATE,Orographic Sahyadri Elevation Gradient,Manual demo override,MANUAL_OVERRIDE,,2026-09-09,,,,NOT_REQUESTED,29.0,20.5,67.7
MH_PUNE_555735,Tekavadi,Tekavadi,Khed,Pune,18.90376,73.66757,88.94,45.79,3.1,712.5,57.0,627.0,798.0,14.0,205.7,10.0,12.0,6.0,64.0,5.0,3.0,0.0,20.0,29.5,21.0,3.44,0.4591622098538237,23.4,19.54,26.72,15.17,30.44,3.65,MODERATE,Orographic Sahyadri Elevation Gradient,Manual demo override,MANUAL_OVERRIDE,,2026-09-09,,,,NOT_REQUESTED,28.5,20.0,69.4
MH_PUNE_555707,Parsul,Parsul,Khed,Pune,18.97836,73.63505,86.16,54.75,6.2,737.4,59.0,648.9,825.9,14.0,204.5,10.0,12.0,6.0,64.0,5.0,3.0,0.0,20.0,29.5,21.0,3.16,0.04479517748749928,22.55,18.51,26.15,15.05,29.41,3.62,MODERATE,Orographic Sahyadri Elevation Gradient,Manual demo override,MANUAL_OVERRIDE,,2026-09-09,,,,NOT_REQUESTED,28.3,19.8,69.0
MH_PUNE_555775,Kanhewadi Bk,Kanhewadi Bk,Khed,Pune,18.9686,73.84498,108.07,48.77,-2.6,839.6,67.2,738.8,940.4,3.0,212.3,10.0,12.0,6.0,64.0,5.0,3.0,0.0,20.0,29.5,21.0,0.73,-0.5894771075588445,19.67,15.5,23.67,11.94,26.53,3.76,MODERATE,Orographic Sahyadri Elevation Gradient,Manual demo override,MANUAL_OVERRIDE,,2026-09-09,,,,NOT_REQUESTED,27.5,19.0,67.9
MH_PUNE_555696,Wanjale,Wanjale,Khed,Pune,19.03736,73.66537,90.2,59.67,3.3,693.0,55.4,609.9,776.1,14.0,205.6,10.0,12.0,6.0,64.0,5.0,3.0,0.0,20.0,29.5,21.0,3.52,-0.17260978439290064,23.09,19.19,27.26,15.48,30.01,3.78,MODERATE,Orographic Sahyadri Elevation Gradient,Manual demo override,MANUAL_OVERRIDE,,2026-09-09,,,,NOT_REQUESTED,28.6,20.1,69.2
MH_PUNE_555713,Devoshi,Devoshi,Khed,Pune,18.96702,73.72453,95.43,50.36,-0.4,677.5,54.2,596.2,758.8,3.0,207.8,10.0,12.0,6.0,64.0,5.0,3.0,0.0,20.0,29.5,21.0,0.73,-0.021907657799550062,20.25,16.04,24.69,12.5,27.07,3.84,MODERATE,Orographic Sahyadri Elevation Gradient,Manual demo override,MANUAL_OVERRIDE,,2026-09-09,,,,NOT_REQUESTED,28.6,20.1,68.1
MH_PUNE_555712,Yeniye Kh,Yeniye Kh,Khed,Pune,18.97559,73.71118,94.11,51.66,-0.2,758.6,60.7,667.5,849.6,3.0,207.3,10.0,12.0,6.0,64.0,5.0,3.0,0.0,20.0,29.5,21.0,2.77,-0.002145338024088339,22.04,18.48,26.05,14.39,28.72,3.77,MODERATE,Orographic Sahyadri Elevation Gradient,Manual demo override,MANUAL_OVERRIDE,,2026-09-09,,,,NOT_REQUESTED,28.1,19.6,68.8
MH_PUNE_555686,Koyali Tarf Wada,Koyali Tarf Wada,Khed,Pune,18.96921,73.7685,100.06,49.59,-1.2,648.0,51.8,570.3,725.7,3.0,209.4,10.0,12.0,6.0,64.0,5.0,3.0,0.0,20.0,29.5,21.0,0.73,-0.19735597944150718,19.98,16.44,23.62,11.46,26.35,3.82,MODERATE,Orographic Sahyadri Elevation Gradient,Manual demo override,MANUAL_OVERRIDE,,2026-09-09,,,,NOT_REQUESTED,28.8,20.3,68.0
MH_PUNE_555724,Avandhe,Avandhe,Khed,Pune,18.95781,73.64315,86.82,52.32,5.4,954.3,76.3,839.8,1068.7,14.0,204.8,10.0,12.0,6.0,64.0,5.0,3.0,0.0,20.0,29.5,21.0,1.98,0.18994411601172312,21.41,16.95,25.13,13.4,28.32,3.8,MODERATE,Orographic Sahyadri Elevation Gradient,Manual demo override,MANUAL_OVERRIDE,,2026-09-09,,,,NOT_REQUESTED,26.8,18.3,68.6
MH_PUNE_555773,Bibi,Bibi,Khed,Pune,18.96624,73.80332,103.69,48.76,-1.9,650.9,52.1,572.8,729.1,3.0,210.7,10.0,12.0,6.0,64.0,5.0,3.0,0.0,20.0,29.5,21.0,0.73,-0.3714371001693698,19.92,15.77,23.62,11.96,27.43,3.74,MODERATE,Orographic Sahyadri Elevation Gradient,Manual demo override,MANUAL_OVERRIDE,,2026-09-09,,,,NOT_REQUESTED,28.8,20.3,68.0
MH_PUNE_555776,Mohakal,Mohakal,Khed,Pune,18.9518,73.83863,107.3,46.92,-2.5,673.2,53.9,592.3,754.0,3.0,212.0,10.0,12.0,6.0,64.0,5.0,3.0,0.0,20.0,29.5,21.0,0.73,-0.6058225234285686,19.67,15.85,22.96,12.29,26.22,3.49,MODERATE,Orographic Sahyadri Elevation Gradient,Manual demo override,MANUAL_OVERRIDE,,2026-09-09,,,,NOT_REQUESTED,28.7,20.2,67.9
MH_PUNE_555732,Waghu,Waghu,Khed,Pune,18.9156,73.65205,87.54,47.68,4.6,757.1,60.6,666.2,848.0,14.0,205.1,10.0,12.0,6.0,64.0,5.0,3.0,0.0,20.0,29.5,21.0,3.0,0.4786525460934973,23.05,18.89,26.57,15.29,29.38,3.68,MODERATE,Orographic Sahyadri Elevation Gradient,Manual demo override,MANUAL_OVERRIDE,,2026-09-09,,,,NOT_REQUESTED,28.2,19.7,69.2
MH_PUNE_555715,Avadar,Avadar,Khed,Pune,18.94601,73.70341,93.06,48.77,-0.1,802.1,64.2,705.8,898.4,3.0,207.0,10.0,12.0,6.0,64.0,5.0,3.0,0.0,20.0,29.5,21.0,2.61,0.1019325903966668,22.22,17.91,26.32,14.55,28.78,3.79,MODERATE,Orographic Sahyadri Elevation Gradient,Manual demo override,MANUAL_OVERRIDE,,2026-09-09,,,,NOT_REQUESTED,27.8,19.3,68.9
MH_PUNE_555754,Vetale,Vetale,Khed,Pune,18.94426,73.80129,103.34,46.35,-1.8,623.5,49.9,548.6,698.3,3.0,210.6,10.0,12.0,6.0,64.0,5.0,3.0,0.0,20.0,29.5,21.0,0.73,-0.4052141263627309,19.77,15.61,23.66,12.18,26.63,3.79,MODERATE,Orographic Sahyadri Elevation Gradient,Manual demo override,MANUAL_OVERRIDE,,2026-09-09,,,,NOT_REQUESTED,29.0,20.5,67.9
MH_PUNE_555714,Wajavane,Wajavane,Khed,Pune,18.952,73.73344,96.25,48.5,-0.6,816.4,65.3,718.4,914.3,3.0,208.1,10.0,12.0,6.0,64.0,5.0,3.0,0.0,20.0,29.5,21.0,0.73,-0.03491557493387787,20.16,16.46,23.74,11.39,27.2,3.97,MODERATE,Orographic Sahyadri Elevation Gradient,Manual demo override,MANUAL_OVERRIDE,,2026-09-09,,,,NOT_REQUESTED,27.7,19.2,68.1
MH_PUNE_555752,Washere,Washere,Khed,Pune,18.93849,73.74691,97.59,46.7,-0.8,728.4,58.3,640.9,815.8,3.0,208.6,10.0,12.0,6.0,64.0,5.0,3.0,0.0,20.0,29.5,21.0,0.73,-0.0949970869110669,20.17,16.22,24.22,12.13,26.96,3.86,MODERATE,Orographic Sahyadri Elevation Gradient,Manual demo override,MANUAL_OVERRIDE,,2026-09-09,,,,NOT_REQUESTED,28.3,19.8,68.1
MH_PUNE_555753,Saburdi,Saburdi,Khed,Pune,18.9403,73.77795,100.86,46.25,-1.4,679.6,54.4,598.0,761.2,3.0,209.8,10.0,12.0,6.0,64.0,5.0,3.0,0.0,20.0,29.5,21.0,0.73,-0.2729821955878011,19.9,16.02,23.55,11.61,26.89,3.79,MODERATE,Orographic Sahyadri Elevation Gradient,Manual demo override,MANUAL_OVERRIDE,,2026-09-09,,,,NOT_REQUESTED,28.6,20.1,68.0
MH_PUNE_555734,Koliye,Koliye,Khed,Pune,18.88619,73.65623,87.19,44.55,4.2,670.0,53.6,589.6,750.4,14.0,205.3,10.0,12.0,6.0,64.0,5.0,3.0,0.0,20.0,29.5,21.0,3.36,0.6474853949448385,23.37,19.9,27.03,15.08,30.62,3.83,MODERATE,Orographic Sahyadri Elevation Gradient,Manual demo override,MANUAL_OVERRIDE,,2026-09-09,,,,NOT_REQUESTED,28.8,20.3,69.3
MH_PUNE_555730,Supe,Supe,Khed,Pune,18.93769,73.65755,88.2,49.66,4.0,791.0,63.3,696.0,885.9,14.0,205.3,10.0,12.0,6.0,64.0,5.0,3.0,0.0,20.0,29.5,21.0,3.0,0.3012197193593186,22.73,19.2,26.34,14.74,29.69,3.74,MODERATE,Orographic Sahyadri Elevation Gradient,Manual demo override,MANUAL_OVERRIDE,,2026-09-09,,,,NOT_REQUESTED,27.9,19.4,69.1
MH_PUNE_555725,Kohinde Kh,Kohinde Kh,Khed,Pune,18.94022,73.63628,85.98,50.86,6.1,772.8,61.8,680.1,865.5,14.0,204.5,10.0,12.0,6.0,64.0,5.0,3.0,0.0,20.0,29.5,21.0,3.16,0.34279906748094563,22.89,19.31,27.07,14.86,29.78,3.84,MODERATE,Orographic Sahyadri Elevation Gradient,Manual demo override,MANUAL_OVERRIDE,,2026-09-09,,,,NOT_REQUESTED,28.1,19.6,69.2
MH_PUNE_555731,Adgaon,Adgaon,Khed,Pune,18.92985,73.67545,90.05,48.11,2.3,966.4,77.3,850.5,1082.4,14.0,206.0,10.0,12.0,6.0,64.0,5.0,3.0,0.0,20.0,29.5,21.0,1.28,0.27916312269191906,20.83,17.36,24.87,12.79,28.05,3.76,MODERATE,Orographic Sahyadri Elevation Gradient,Manual demo override,MANUAL_OVERRIDE,,2026-09-09,,,,NOT_REQUESTED,26.7,18.2,68.3
MH_PUNE_555755,Sayagaon,Sayagaon,Khed,Pune,18.92797,73.82202,105.21,44.35,-2.2,617.4,49.4,543.3,691.5,3.0,211.4,10.0,12.0,6.0,64.0,5.0,3.0,0.0,20.0,29.5,21.0,0.73,-0.5870414711603036,19.57,16.0,23.31,11.8,26.86,3.8,MODERATE,Orographic Sahyadri Elevation Gradient,Manual demo override,MANUAL_OVERRIDE,,2026-09-09,,,,NOT_REQUESTED,29.0,20.5,67.8
MH_PUNE_555726,Akhatuli,Akhatuli,Khed,Pune,18.93239,73.62974,85.25,50.4,6.7,739.3,59.1,650.6,827.9,14.0,204.3,10.0,12.0,6.0,64.0,5.0,3.0,0.0,20.0,29.5,21.0,3.0,0.4331690555101421,22.99,19.22,27.05,15.42,29.09,3.62,MODERATE,Orographic Sahyadri Elevation Gradient,Manual demo override,MANUAL_OVERRIDE,,2026-09-09,,,,NOT_REQUESTED,28.3,19.8,69.2
MH_PUNE_555729,Kanhewadi Kh,Kanhewadi Kh,Khed,Pune,18.92838,73.63958,86.27,49.53,5.7,744.0,59.5,654.8,833.3,14.0,204.7,10.0,12.0,6.0,64.0,5.0,3.0,0.0,20.0,29.5,21.0,3.0,0.4344449923496542,22.71,18.56,26.33,14.47,29.95,3.92,MODERATE,Orographic Sahyadri Elevation Gradient,Manual demo override,MANUAL_OVERRIDE,,2026-09-09,,,,NOT_REQUESTED,28.3,19.8,69.1
MH_PUNE_555756,Kohinde Bk,Kohinde Bk,Khed,Pune,18.91091,73.76464,98.89,43.3,-1.2,714.6,57.2,628.8,800.4,3.0,209.3,10.0,12.0,6.0,64.0,5.0,3.0,0.0,20.0,29.5,21.0,0.73,-0.23794646076603299,19.96,16.22,24.36,12.53,27.19,3.75,MODERATE,Orographic Sahyadri Elevation Gradient,Manual demo override,MANUAL_OVERRIDE,,2026-09-09,,,,NOT_REQUESTED,28.4,19.9,68.0
MH_PUNE_555758,Gargotwadi,Gargotwadi,Khed,Pune,18.90004,73.7967,101.76,41.53,-1.7,662.9,53.0,583.4,742.4,3.0,210.5,10.0,12.0,6.0,64.0,5.0,3.0,0.0,20.0,29.5,21.0,0.73,-0.5172083323621914,19.69,15.99,23.67,11.78,26.98,3.88,MODERATE,Orographic Sahyadri Elevation Gradient,Manual demo override,MANUAL_OVERRIDE,,2026-09-09,,,,NOT_REQUESTED,28.7,20.2,67.9
MH_PUNE_555733,Gadad,Gadad,Khed,Pune,18.90377,73.631,85.32,47.53,6.6,676.7,54.1,595.6,757.9,14.0,204.3,10.0,12.0,6.0,64.0,5.0,3.0,0.0,20.0,29.5,21.0,3.36,0.704896310823544,23.55,20.11,27.94,15.7,30.38,3.78,MODERATE,Orographic Sahyadri Elevation Gradient,Manual demo override,MANUAL_OVERRIDE,,2026-09-09,,,,NOT_REQUESTED,28.7,20.2,69.4
MH_PUNE_555757,Talavade,Talavade,Khed,Pune,18.89731,73.75918,97.89,41.95,-1.1,713.0,57.0,627.5,798.5,3.0,209.1,10.0,12.0,6.0,64.0,5.0,3.0,0.0,20.0,29.5,21.0,0.73,-0.22673727791529447,20.08,16.3,24.3,12.53,26.89,3.74,MODERATE,Orographic Sahyadri Elevation Gradient,Manual demo override,MANUAL_OVERRIDE,,2026-09-09,,,,NOT_REQUESTED,28.4,19.9,68.0
MH_PUNE_555739,Hedruj,Hedruj,Khed,Pune,18.90956,73.71148,93.52,44.65,-0.2,1125.7,90.1,990.6,1260.9,3.0,207.3,10.0,12.0,6.0,64.0,5.0,3.0,0.0,20.0,29.5,21.0,0.96,0.14163346137038213,20.71,16.19,24.81,13.58,27.57,3.64,MODERATE,Orographic Sahyadri Elevation Gradient,Manual demo override,MANUAL_OVERRIDE,,2026-09-09,,,,NOT_REQUESTED,25.7,17.2,68.3
MH_PUNE_555416,Aghane,Aghane,Ambegaon,Pune,19.179,73.61401,88.9,76.32,8.2,1071.9,85.8,943.2,1200.6,14.0,203.7,10.0,12.0,6.0,64.0,5.0,3.0,0.0,20.0,29.5,21.0,2.1,-0.28475265471318834,21.14,16.48,25.4,13.17,27.44,3.88,MODERATE,Orographic Sahyadri Elevation Gradient,Manual demo override,MANUAL_OVERRIDE,,2026-09-09,,,,NOT_REQUESTED,26.0,17.5,68.5
MH_PUNE_555740,Torne Bk,Torne Bk,Khed,Pune,18.88466,73.70735,92.26,42.2,-0.1,766.1,61.3,674.1,858.0,3.0,207.2,10.0,12.0,6.0,64.0,5.0,3.0,0.0,20.0,29.5,21.0,2.61,0.2015596960307644,22.21,18.06,25.45,14.56,28.91,3.73,MODERATE,Orographic Sahyadri Elevation Gradient,Manual demo override,MANUAL_OVERRIDE,,2026-09-09,,,,NOT_REQUESTED,28.1,19.6,68.9
MH_PUNE_555744,Ahire,Ahire,Khed,Pune,18.87804,73.72006,93.33,41.05,-0.4,710.5,56.8,625.3,795.7,3.0,207.6,10.0,12.0,6.0,64.0,5.0,3.0,0.0,20.0,29.5,21.0,0.73,0.0837308823788846,20.25,16.78,24.45,12.38,27.21,3.7,MODERATE,Orographic Sahyadri Elevation Gradient,Manual demo override,MANUAL_OVERRIDE,,2026-09-09,,,,NOT_REQUESTED,28.4,19.9,68.1
MH_PUNE_555741,Kasari,Kasari,Khed,Pune,18.87843,73.69374,90.69,42.09,0.6,690.0,55.2,607.2,772.8,14.0,206.7,10.0,12.0,6.0,64.0,5.0,3.0,0.0,20.0,29.5,21.0,3.3,0.3340422906821998,22.87,19.15,27.09,14.3,30.12,3.95,MODERATE,Orographic Sahyadri Elevation Gradient,Manual demo override,MANUAL_OVERRIDE,,2026-09-09,,,,NOT_REQUESTED,28.6,20.1,69.1
MH_PUNE_555708,Kude Bk,Kude Bk,Khed,Pune,18.98511,73.67325,90.24,53.92,2.5,807.1,64.6,710.2,904.0,14.0,205.9,10.0,12.0,6.0,64.0,5.0,3.0,0.0,20.0,29.5,21.0,3.33,0.01618457000289919,23.04,19.26,27.12,14.96,29.47,3.79,MODERATE,Orographic Sahyadri Elevation Gradient,Manual demo override,MANUAL_OVERRIDE,,2026-09-09,,,,NOT_REQUESTED,27.8,19.3,69.2
MH_PUNE_555738,Palu,Palu,Khed,Pune,18.91686,73.69161,91.71,46.14,0.8,754.2,60.3,663.7,844.6,14.0,206.6,10.0,12.0,6.0,64.0,5.0,3.0,0.0,20.0,29.5,21.0,2.94,0.25089720713785296,22.52,17.06,26.81,14.98,29.84,4.04,MODERATE,Orographic Sahyadri Elevation Gradient,Manual demo override,MANUAL_OVERRIDE,,2026-09-09,,,,NOT_REQUESTED,28.1,19.6,69.0
MH_PUNE_555450,Terungan,Terungan,Ambegaon,Pune,19.09906,73.59028,83.96,68.93,10.4,904.6,72.4,796.0,1013.2,14.0,202.8,10.0,12.0,6.0,64.0,5.0,3.0,0.0,20.0,29.5,21.0,0.75,-0.4279012059931576,19.94,15.77,24.3,11.71,26.99,3.71,MODERATE,Orographic Sahyadri Elevation Gradient,Manual demo override,MANUAL_OVERRIDE,,2026-09-09,,,,NOT_REQUESTED,27.2,18.7,68.0
MH_PUNE_555453,Gadewadi,Gadewadi,Ambegaon,Pune,19.09367,73.62579,87.41,66.97,7.0,958.6,76.7,843.6,1073.7,14.0,204.2,10.0,12.0,6.0,64.0,5.0,3.0,0.0,20.0,29.5,21.0,2.1,-0.3429505924487091,21.06,17.79,24.77,12.6,28.83,3.98,MODERATE,Orographic Sahyadri Elevation Gradient,Manual demo override,MANUAL_OVERRIDE,,2026-09-09,,,,NOT_REQUESTED,26.7,18.2,68.4
MH_PUNE_555772,Bursewadi,Bursewadi,Khed,Pune,18.98332,73.81608,105.17,50.53,-2.1,747.1,59.8,657.4,836.8,3.0,211.2,10.0,12.0,6.0,64.0,5.0,3.0,0.0,20.0,29.5,21.0,0.73,-0.4063354954407774,19.75,16.24,24.09,11.49,25.71,3.62,MODERATE,Orographic Sahyadri Elevation Gradient,Manual demo override,MANUAL_OVERRIDE,,2026-09-09,,,,NOT_REQUESTED,28.2,19.7,67.9
MH_PUNE_555452,Rajpur,Rajpur,Ambegaon,Pune,19.09603,73.61131,86.0,67.77,8.4,932.2,74.6,820.3,1044.1,14.0,203.6,10.0,12.0,6.0,64.0,5.0,3.0,0.0,20.0,29.5,21.0,2.1,-0.3792356921783779,21.1,16.08,25.71,13.24,28.1,3.88,MODERATE,Orographic Sahyadri Elevation Gradient,Manual demo override,MANUAL_OVERRIDE,,2026-09-09,,,,NOT_REQUESTED,26.9,18.4,68.4
MH_PUNE_555449,Nigdale,Nigdale,Ambegaon,Pune,19.08031,73.56516,80.87,68.14,12.8,1023.2,81.9,900.4,1146.1,14.0,201.9,10.0,12.0,6.0,64.0,5.0,3.0,0.0,20.0,29.5,21.0,2.1,-0.4899704928685532,21.14,16.54,25.28,13.57,27.04,3.67,MODERATE,Orographic Sahyadri Elevation Gradient,Manual demo override,MANUAL_OVERRIDE,,2026-09-09,,,,NOT_REQUESTED,26.3,17.8,68.5
MH_PUNE_555676,Bhivegaon,Bhivegaon,Khed,Pune,19.06501,73.60469,84.52,64.85,9.1,956.0,76.5,841.2,1070.7,14.0,203.4,10.0,12.0,6.0,64.0,5.0,3.0,0.0,20.0,29.5,21.0,2.1,-0.3861954666163966,21.02,16.21,25.37,12.71,27.71,3.96,MODERATE,Orographic Sahyadri Elevation Gradient,Manual demo override,MANUAL_OVERRIDE,,2026-09-09,,,,NOT_REQUESTED,26.7,18.2,68.4
MH_PUNE_555675,Bhorgiri,Bhorgiri,Khed,Pune,19.04771,73.55491,79.0,65.41,13.8,808.1,64.6,711.2,905.0,14.0,201.5,10.0,12.0,6.0,64.0,5.0,3.0,0.0,20.0,29.5,21.0,0.55,-0.48016395107440957,19.67,15.31,23.24,11.28,26.73,3.9,MODERATE,Orographic Sahyadri Elevation Gradient,Manual demo override,MANUAL_OVERRIDE,,2026-09-09,,,,NOT_REQUESTED,27.8,19.3,67.9
MH_PUNE_555701,Tokavade,Tokavade,Khed,Pune,19.04702,73.62273,85.98,62.27,7.3,794.1,63.5,698.9,889.4,14.0,204.0,10.0,12.0,6.0,64.0,5.0,3.0,0.0,20.0,29.5,21.0,3.16,-0.3009640600113814,22.59,18.8,26.09,14.36,29.21,3.89,MODERATE,Orographic Sahyadri Elevation Gradient,Manual demo override,MANUAL_OVERRIDE,,2026-09-09,,,,NOT_REQUESTED,27.9,19.4,69.0
MH_PUNE_555702,Bhomale,Bhomale,Khed,Pune,19.02604,73.59804,83.01,61.2,9.7,883.7,70.7,777.6,989.7,14.0,203.1,10.0,12.0,6.0,64.0,5.0,3.0,0.0,20.0,29.5,21.0,1.77,-0.3080517570606275,20.92,16.68,25.12,12.97,28.36,3.81,MODERATE,Orographic Sahyadri Elevation Gradient,Manual demo override,MANUAL_OVERRIDE,,2026-09-09,,,,NOT_REQUESTED,27.4,18.9,68.4
MH_PUNE_555704,Kharpud,Kharpud,Khed,Pune,19.00414,73.59626,82.45,59.1,9.9,807.8,64.6,710.9,904.7,14.0,203.1,10.0,12.0,6.0,64.0,5.0,3.0,0.0,20.0,29.5,21.0,3.06,-0.1962789221196904,22.38,17.94,26.72,14.95,29.53,3.73,MODERATE,Orographic Sahyadri Elevation Gradient,Manual demo override,MANUAL_OVERRIDE,,2026-09-09,,,,NOT_REQUESTED,27.8,19.3,69.0
MH_PUNE_555431,Patan,Patan,Ambegaon,Pune,19.15353,73.61861,88.56,73.48,7.7,1018.8,81.5,896.6,1141.1,14.0,203.9,10.0,12.0,6.0,64.0,5.0,3.0,0.0,20.0,29.5,21.0,2.1,-0.31404249469813605,21.25,17.24,25.39,13.53,28.07,3.78,MODERATE,Orographic Sahyadri Elevation Gradient,Manual demo override,MANUAL_OVERRIDE,,2026-09-09,,,,NOT_REQUESTED,26.3,17.8,68.5
MH_PUNE_555694,Ekalahare,Ekalahare,Khed,Pune,19.01015,73.68561,91.85,56.13,1.4,772.9,61.8,680.2,865.6,14.0,206.4,10.0,12.0,6.0,64.0,5.0,3.0,0.0,20.0,29.5,21.0,3.16,-0.07484386712525604,22.48,18.57,26.47,14.9,29.97,3.8,MODERATE,Orographic Sahyadri Elevation Gradient,Manual demo override,MANUAL_OVERRIDE,,2026-09-09,,,,NOT_REQUESTED,28.1,19.6,69.0
MH_PUNE_555444,Nandurkichi Wadi,Nandurkichi Wadi,Ambegaon,Pune,19.10066,73.65822,90.91,66.59,4.0,1025.9,82.1,902.8,1149.1,14.0,205.4,10.0,12.0,6.0,64.0,5.0,3.0,0.0,20.0,29.5,21.0,2.1,-0.271134450663879,21.27,17.28,26.18,12.97,27.49,3.73,MODERATE,Orographic Sahyadri Elevation Gradient,Manual demo override,MANUAL_OVERRIDE,,2026-09-09,,,,NOT_REQUESTED,26.3,17.8,68.5
MH_PUNE_555430,Nhaved,Nhaved,Ambegaon,Pune,19.16154,73.60687,87.68,74.74,8.8,1073.2,85.9,944.4,1202.1,14.0,203.5,10.0,12.0,6.0,64.0,5.0,3.0,0.0,20.0,29.5,21.0,2.1,-0.3182642340145826,21.05,16.59,26.15,12.36,28.38,4.07,MODERATE,Orographic Sahyadri Elevation Gradient,Manual demo override,MANUAL_OVERRIDE,,2026-09-09,,,,NOT_REQUESTED,26.0,17.5,68.4
MH_PUNE_555448,Kondhaval,Kondhaval,Ambegaon,Pune,19.11243,73.5486,80.16,72.12,14.4,951.9,76.2,837.6,1066.2,14.0,201.3,10.0,12.0,6.0,64.0,5.0,3.0,0.0,20.0,29.5,21.0,2.1,-0.4714034160586131,21.21,17.14,25.35,12.62,28.75,3.82,MODERATE,Orographic Sahyadri Elevation Gradient,Manual demo override,MANUAL_OVERRIDE,,2026-09-09,,,,NOT_REQUESTED,26.8,18.3,68.5
MH_PUNE_555415,Pimpargane,Pimpargane,Ambegaon,Pune,19.1918,73.60916,88.02,77.83,8.6,1054.8,84.4,928.2,1181.4,14.0,203.5,10.0,12.0,6.0,64.0,5.0,3.0,0.0,20.0,29.5,21.0,2.1,-0.26978120973764597,21.29,17.02,25.41,13.15,28.38,3.93,MODERATE,Orographic Sahyadri Elevation Gradient,Manual demo override,MANUAL_OVERRIDE,,2026-09-09,,,,NOT_REQUESTED,26.1,17.6,68.5
MH_PUNE_555447,Sakeri,Sakeri,Ambegaon,Pune,19.13673,73.59058,85.18,72.78,10.4,1014.3,81.1,892.7,1136.0,14.0,202.9,10.0,12.0,6.0,64.0,5.0,3.0,0.0,20.0,29.5,21.0,2.1,-0.379666672834082,21.05,16.58,24.91,14.06,27.71,3.57,MODERATE,Orographic Sahyadri Elevation Gradient,Manual demo override,MANUAL_OVERRIDE,,2026-09-09,,,,NOT_REQUESTED,26.4,17.9,68.4
MH_PUNE_555451,Pimpari,Pimpari,Ambegaon,Pune,19.11819,73.59672,85.18,70.63,9.8,816.4,65.3,718.4,914.3,14.0,203.1,10.0,12.0,6.0,64.0,5.0,3.0,0.0,20.0,29.5,21.0,1.14,-0.39551356637836493,20.09,16.34,24.21,12.44,26.69,3.74,MODERATE,Orographic Sahyadri Elevation Gradient,Manual demo override,MANUAL_OVERRIDE,,2026-09-09,,,,NOT_REQUESTED,27.7,19.2,68.0
MH_PUNE_555414,Ahupe,Ahupe,Ambegaon,Pune,19.16604,73.56261,83.48,76.92,13.1,1058.0,84.6,931.1,1184.9,14.0,201.8,10.0,12.0,6.0,64.0,5.0,3.0,0.0,20.0,29.5,21.0,2.1,-0.3473790778200615,21.6,17.63,25.91,14.46,28.79,3.7,MODERATE,Orographic Sahyadri Elevation Gradient,Manual demo override,MANUAL_OVERRIDE,,2026-09-09,,,,NOT_REQUESTED,26.1,17.6,68.6
MH_PUNE_555455,Taleghar,Taleghar,Ambegaon,Pune,19.08797,73.63453,88.15,66.06,6.2,997.7,79.8,878.0,1117.4,14.0,204.5,10.0,12.0,6.0,64.0,5.0,3.0,0.0,20.0,29.5,21.0,2.1,-0.3196001661680807,21.22,16.39,26.05,13.21,27.96,3.76,MODERATE,Orographic Sahyadri Elevation Gradient,Manual demo override,MANUAL_OVERRIDE,,2026-09-09,,,,NOT_REQUESTED,26.5,18.0,68.5
MH_PUNE_555680,Kharoshi,Kharoshi,Khed,Pune,19.03613,73.70719,94.51,58.25,-0.1,721.8,57.7,635.2,808.3,3.0,207.2,10.0,12.0,6.0,64.0,5.0,3.0,0.0,20.0,29.5,21.0,3.13,-0.13296124775741786,22.51,18.33,26.49,15.16,29.28,3.71,MODERATE,Orographic Sahyadri Elevation Gradient,Manual demo override,MANUAL_OVERRIDE,,2026-09-09,,,,NOT_REQUESTED,28.4,19.9,69.0
MH_PUNE_555681,Awhat,Awhat,Khed,Pune,19.03554,73.72785,96.65,57.67,-0.5,813.8,65.1,716.1,911.4,3.0,207.9,10.0,12.0,6.0,64.0,5.0,3.0,0.0,20.0,29.5,21.0,1.49,-0.14090204821568403,20.77,16.98,24.22,12.73,27.69,3.68,MODERATE,Orographic Sahyadri Elevation Gradient,Manual demo override,MANUAL_OVERRIDE,,2026-09-09,,,,NOT_REQUESTED,27.7,19.2,68.3
MH_PUNE_555441,Koltavade,Koltavade,Ambegaon,Pune,19.1027,73.73357,98.66,64.85,-0.6,717.0,57.4,630.9,803.1,3.0,208.1,10.0,12.0,6.0,64.0,5.0,3.0,0.0,20.0,29.5,21.0,0.19,-0.2042959827265169,19.43,16.15,22.9,11.98,25.9,3.58,MODERATE,Orographic Sahyadri Elevation Gradient,Manual demo override,MANUAL_OVERRIDE,,2026-09-09,,,,NOT_REQUESTED,28.4,19.9,67.8
MH_PUNE_555458,Rajewadi,Rajewadi,Ambegaon,Pune,19.09322,73.70955,95.96,64.35,-0.2,928.2,74.3,816.7,1039.6,3.0,207.3,10.0,12.0,6.0,64.0,5.0,3.0,0.0,20.0,29.5,21.0,1.8,-0.20168813659782459,21.26,17.12,25.21,13.41,27.56,3.76,MODERATE,Orographic Sahyadri Elevation Gradient,Manual demo override,MANUAL_OVERRIDE,,2026-09-09,,,,NOT_REQUESTED,26.9,18.4,68.5
MH_PUNE_555678,Mandoshi,Mandoshi,Khed,Pune,19.05453,73.65416,89.38,61.86,4.4,832.5,66.6,732.6,932.4,14.0,205.2,10.0,12.0,6.0,64.0,5.0,3.0,0.0,20.0,29.5,21.0,3.16,-0.23314301078478022,22.58,18.75,26.66,14.42,28.85,3.77,MODERATE,Orographic Sahyadri Elevation Gradient,Manual demo override,MANUAL_OVERRIDE,,2026-09-09,,,,NOT_REQUESTED,27.7,19.2,69.0
MH_PUNE_555679,Nayphad,Nayphad,Khed,Pune,19.05552,73.6909,93.19,60.79,0.9,1152.0,92.2,1013.7,1290.3,14.0,206.6,10.0,12.0,6.0,64.0,5.0,3.0,0.0,20.0,29.5,21.0,1.99,-0.17444638184603545,21.56,17.79,25.38,13.51,28.02,3.85,MODERATE,Orographic Sahyadri Elevation Gradient,Manual demo override,MANUAL_OVERRIDE,,2026-09-09,,,,NOT_REQUESTED,25.5,17.0,68.6
MH_PUNE_555456,Chikhali,Chikhali,Ambegaon,Pune,19.08144,73.66025,90.62,64.49,3.8,967.9,77.4,851.8,1084.0,14.0,205.4,10.0,12.0,6.0,64.0,5.0,3.0,0.0,20.0,29.5,21.0,2.1,-0.2559233452869051,21.37,16.98,24.41,14.06,28.86,3.84,MODERATE,Orographic Sahyadri Elevation Gradient,Manual demo override,MANUAL_OVERRIDE,,2026-09-09,,,,NOT_REQUESTED,26.7,18.2,68.5
MH_PUNE_555457,Pokhari,Pokhari,Ambegaon,Pune,19.08103,73.69683,94.36,63.36,0.3,949.8,76.0,835.8,1063.8,14.0,206.8,10.0,12.0,6.0,64.0,5.0,3.0,0.0,20.0,29.5,21.0,1.99,-0.20067837632925567,21.1,17.19,25.26,12.82,28.63,4.04,MODERATE,Orographic Sahyadri Elevation Gradient,Manual demo override,MANUAL_OVERRIDE,,2026-09-09,,,,NOT_REQUESTED,26.8,18.3,68.4
MH_PUNE_555677,Karkudi,Karkudi,Khed,Pune,19.06743,73.63201,87.39,64.01,6.5,948.8,75.9,835.0,1062.7,14.0,204.4,10.0,12.0,6.0,64.0,5.0,3.0,0.0,20.0,29.5,21.0,1.98,-0.30995984618403616,21.25,16.91,24.75,12.67,28.29,3.79,MODERATE,Orographic Sahyadri Elevation Gradient,Manual demo override,MANUAL_OVERRIDE,,2026-09-09,,,,NOT_REQUESTED,26.8,18.3,68.5
MH_PUNE_555459,Gohe Kh,Gohe Kh,Ambegaon,Pune,19.07423,73.7158,96.16,62.14,-0.3,913.2,73.1,803.5,1022.8,3.0,207.5,10.0,12.0,6.0,64.0,5.0,3.0,0.0,20.0,29.5,21.0,1.66,-0.18351386216884147,20.99,16.12,24.62,14.32,28.59,3.71,MODERATE,Orographic Sahyadri Elevation Gradient,Manual demo override,MANUAL_OVERRIDE,,2026-09-09,,,,NOT_REQUESTED,27.1,18.6,68.4
MH_PUNE_555695,Dehane,Dehane,Khed,Pune,19.03225,73.68023,91.65,58.64,1.9,793.9,63.5,698.7,889.2,14.0,206.2,10.0,12.0,6.0,64.0,5.0,3.0,0.0,20.0,29.5,21.0,3.16,-0.13905798011857418,22.58,18.6,26.8,14.65,29.08,3.82,MODERATE,Orographic Sahyadri Elevation Gradient,Manual demo override,MANUAL_OVERRIDE,,2026-09-09,,,,NOT_REQUESTED,27.9,19.4,69.0
MH_PUNE_555699,Dhuoli,Dhuoli,Khed,Pune,19.03686,73.65431,89.04,60.01,4.3,863.0,69.0,759.5,966.5,14.0,205.2,10.0,12.0,6.0,64.0,5.0,3.0,0.0,20.0,29.5,21.0,2.04,-0.192671283642252,21.38,16.77,25.75,13.27,28.71,4.02,MODERATE,Orographic Sahyadri Elevation Gradient,Manual demo override,MANUAL_OVERRIDE,,2026-09-09,,,,NOT_REQUESTED,27.5,19.0,68.6
MH_PUNE_555700,Shirgaon,Shirgaon,Khed,Pune,19.03707,73.64102,87.67,60.52,5.6,846.1,67.7,744.5,947.6,14.0,204.7,10.0,12.0,6.0,64.0,5.0,3.0,0.0,20.0,29.5,21.0,2.04,-0.224267067628368,21.14,17.32,25.36,12.55,28.44,3.89,MODERATE,Orographic Sahyadri Elevation Gradient,Manual demo override,MANUAL_OVERRIDE,,2026-09-09,,,,NOT_REQUESTED,27.6,19.1,68.5
MH_PUNE_555703,Pabhe,Pabhe,Khed,Pune,19.02715,73.62295,85.61,60.23,7.3,665.2,53.2,585.4,745.0,14.0,204.0,10.0,12.0,6.0,64.0,5.0,3.0,0.0,20.0,29.5,21.0,3.52,-0.24046472600622143,22.88,19.06,26.21,15.14,29.86,3.75,MODERATE,Orographic Sahyadri Elevation Gradient,Manual demo override,MANUAL_OVERRIDE,,2026-09-09,,,,NOT_REQUESTED,28.8,20.3,69.2
MH_PUNE_555705,Moroshi,Moroshi,Khed,Pune,19.02049,73.63668,86.92,58.98,6.0,737.1,59.0,648.6,825.6,14.0,204.6,10.0,12.0,6.0,64.0,5.0,3.0,0.0,20.0,29.5,21.0,3.16,-0.17914968117936936,22.48,19.07,26.42,14.58,29.15,3.81,MODERATE,Orographic Sahyadri Elevation Gradient,Manual demo override,MANUAL_OVERRIDE,,2026-09-09,,,,NOT_REQUESTED,28.3,19.8,69.0
MH_PUNE_555698,Dhamangaon Kh,Dhamangaon Kh,Khed,Pune,19.01815,73.64779,88.04,58.31,5.0,683.3,54.7,601.3,765.4,14.0,205.0,10.0,12.0,6.0,64.0,5.0,3.0,0.0,20.0,29.5,21.0,3.52,-0.14580056645636363,22.92,19.25,27.09,15.06,29.65,3.69,MODERATE,Orographic Sahyadri Elevation Gradient,Manual demo override,MANUAL_OVERRIDE,,2026-09-09,,,,NOT_REQUESTED,28.7,20.2,69.2
MH_PUNE_555697,Shendurli,Shendurli,Khed,Pune,19.01408,73.66117,89.37,57.38,3.7,668.7,53.5,588.5,749.0,14.0,205.5,10.0,12.0,6.0,64.0,5.0,3.0,0.0,20.0,29.5,21.0,3.52,-0.10798335580611501,23.1,18.86,27.2,15.13,30.01,3.75,MODERATE,Orographic Sahyadri Elevation Gradient,Manual demo override,MANUAL_OVERRIDE,,2026-09-09,,,,NOT_REQUESTED,28.8,20.3,69.2
MH_PUNE_555693,Dhamangaon Bk,Dhamangaon Bk,Khed,Pune,19.00876,73.69925,93.25,55.55,0.1,673.8,53.9,593.0,754.7,14.0,206.9,10.0,12.0,6.0,64.0,5.0,3.0,0.0,20.0,29.5,21.0,3.46,-0.07216670073217607,22.89,18.08,26.96,15.33,29.39,3.79,MODERATE,Orographic Sahyadri Elevation Gradient,Manual demo override,MANUAL_OVERRIDE,,2026-09-09,,,,NOT_REQUESTED,28.7,20.2,69.2
MH_PUNE_555691,Goregaon,Goregaon,Khed,Pune,19.01189,73.72151,95.62,55.26,-0.4,648.0,51.8,570.3,725.7,3.0,207.7,10.0,12.0,6.0,64.0,5.0,3.0,0.0,20.0,29.5,21.0,1.49,-0.09758544618695836,20.81,17.0,24.81,12.93,27.56,3.74,MODERATE,Orographic Sahyadri Elevation Gradient,Manual demo override,MANUAL_OVERRIDE,,2026-09-09,,,,NOT_REQUESTED,28.8,20.3,68.3
MH_PUNE_555690,Surkundi,Surkundi,Khed,Pune,19.00393,73.73878,97.31,53.98,-0.7,750.5,60.0,660.5,840.5,3.0,208.3,10.0,12.0,6.0,64.0,5.0,3.0,0.0,20.0,29.5,21.0,1.49,-0.115551666382955,20.73,16.71,24.57,13.43,27.29,3.66,MODERATE,Orographic Sahyadri Elevation Gradient,Manual demo override,MANUAL_OVERRIDE,,2026-09-09,,,,NOT_REQUESTED,28.2,19.7,68.3
MH_PUNE_555692,Kalmodi,Kalmodi,Khed,Pune,19.00391,73.70808,94.11,54.77,-0.1,779.3,62.3,685.8,872.7,3.0,207.2,10.0,12.0,6.0,64.0,5.0,3.0,0.0,20.0,29.5,21.0,2.77,-0.0663021423554237,22.06,17.68,26.15,13.97,28.47,3.82,MODERATE,Orographic Sahyadri Elevation Gradient,Manual demo override,MANUAL_OVERRIDE,,2026-09-09,,,,NOT_REQUESTED,28.0,19.5,68.8
MH_PUNE_555706,Ghotavadi,Ghotavadi,Khed,Pune,18.99411,73.64465,87.36,55.95,5.3,694.5,55.6,611.1,777.9,14.0,204.9,10.0,12.0,6.0,64.0,5.0,3.0,0.0,20.0,29.5,21.0,3.52,-0.04141374116496388,22.95,18.92,26.93,15.84,29.54,3.67,MODERATE,Orographic Sahyadri Elevation Gradient,Manual demo override,MANUAL_OVERRIDE,,2026-09-09,,,,NOT_REQUESTED,28.6,20.1,69.2
MH_PUNE_555711,Chikhalgaon,Chikhalgaon,Khed,Pune,18.99162,73.72332,95.55,53.03,-0.4,790.7,63.3,695.8,885.7,3.0,207.8,10.0,12.0,6.0,64.0,5.0,3.0,0.0,20.0,29.5,21.0,1.49,-0.06361443744575257,20.92,16.99,24.65,13.16,27.03,3.71,MODERATE,Orographic Sahyadri Elevation Gradient,Manual demo override,MANUAL_OVERRIDE,,2026-09-09,,,,NOT_REQUESTED,27.9,19.4,68.4
MH_PUNE_555683,Wada,Wada,Khed,Pune,19.01554,73.77484,101.23,54.57,-1.3,816.8,65.3,718.9,914.8,3.0,209.7,10.0,12.0,6.0,64.0,5.0,3.0,0.0,20.0,29.5,21.0,1.49,-0.21800492489965073,20.83,16.95,24.92,12.52,27.78,3.78,MODERATE,Orographic Sahyadri Elevation Gradient,Manual demo override,MANUAL_OVERRIDE,,2026-09-09,,,,NOT_REQUESTED,27.7,19.2,68.3
MH_PUNE_555479,Sal,Sal,Ambegaon,Pune,19.03457,73.81232,105.42,56.25,-2.0,804.8,64.4,708.2,901.4,3.0,211.1,10.0,12.0,6.0,64.0,5.0,3.0,0.0,20.0,29.5,21.0,1.49,-0.33406224153546904,20.44,16.28,24.63,12.4,27.43,3.8,MODERATE,Orographic Sahyadri Elevation Gradient,Manual demo override,MANUAL_OVERRIDE,,2026-09-09,,,,NOT_REQUESTED,27.8,19.3,68.2
MH_PUNE_555488,Ambedara,Ambedara,Ambegaon,Pune,19.02321,73.81328,105.35,54.98,-2.0,884.2,70.7,778.2,990.3,3.0,211.1,10.0,12.0,6.0,64.0,5.0,3.0,0.0,20.0,29.5,21.0,1.49,-0.34582796734756893,20.77,16.63,24.39,12.69,28.32,3.92,MODERATE,Orographic Sahyadri Elevation Gradient,Manual demo override,MANUAL_OVERRIDE,,2026-09-09,,,,NOT_REQUESTED,27.3,18.8,68.3
MH_PUNE_555461,Gohe Bk,Gohe Bk,Ambegaon,Pune,19.06585,73.73586,98.05,60.78,-0.6,804.9,64.4,708.3,901.5,3.0,208.2,10.0,12.0,6.0,64.0,5.0,3.0,0.0,20.0,29.5,21.0,1.49,-0.17982992994025349,20.71,17.14,24.46,12.58,27.11,3.74,MODERATE,Orographic Sahyadri Elevation Gradient,Manual demo override,MANUAL_OVERRIDE,,2026-09-09,,,,NOT_REQUESTED,27.8,19.3,68.3
MH_PUNE_555440,Dimbhe Bk,Dimbhe Bk,Ambegaon,Pune,19.09445,73.73741,98.85,63.87,-0.7,703.2,56.3,618.8,787.7,3.0,208.3,10.0,12.0,6.0,64.0,5.0,3.0,0.0,20.0,29.5,21.0,1.49,-0.20104632630150743,20.89,16.59,24.0,12.98,27.69,3.69,MODERATE,Orographic Sahyadri Elevation Gradient,Manual demo override,MANUAL_OVERRIDE,,2026-09-09,,,,NOT_REQUESTED,28.5,20.0,68.4
MH_PUNE_555480,Ghodegaon,Ghodegaon,Ambegaon,Pune,19.04201,73.83522,107.92,56.95,-2.4,668.4,53.5,588.2,748.7,3.0,211.9,10.0,12.0,6.0,64.0,5.0,3.0,0.0,20.0,29.5,21.0,1.49,-0.4094161661773106,20.55,16.73,24.58,12.85,27.21,3.67,MODERATE,Orographic Sahyadri Elevation Gradient,Manual demo override,MANUAL_OVERRIDE,,2026-09-09,,,,NOT_REQUESTED,28.7,20.2,68.2
MH_PUNE_555478,Talekarwadi,Talekarwadi,Ambegaon,Pune,19.03369,73.7992,104.04,56.26,-1.8,712.5,57.0,627.0,798.0,3.0,210.6,10.0,12.0,6.0,64.0,5.0,3.0,0.0,20.0,29.5,21.0,1.49,-0.2910528577693069,20.69,16.74,24.75,13.15,28.0,3.75,MODERATE,Orographic Sahyadri Elevation Gradient,Manual demo override,MANUAL_OVERRIDE,,2026-09-09,,,,NOT_REQUESTED,28.4,19.9,68.3
MH_PUNE_555682,Walad,Walad,Khed,Pune,19.02783,73.74803,98.62,56.39,-0.9,809.3,64.7,712.2,906.3,3.0,208.7,10.0,12.0,6.0,64.0,5.0,3.0,0.0,20.0,29.5,21.0,1.49,-0.1591817372835037,20.74,17.24,24.54,12.86,27.2,3.74,MODERATE,Orographic Sahyadri Elevation Gradient,Manual demo override,MANUAL_OVERRIDE,,2026-09-09,,,,NOT_REQUESTED,27.7,19.2,68.3
MH_PUNE_555489,Dhakale,Dhakale,Ambegaon,Pune,19.00785,73.83327,107.23,53.16,-2.4,750.7,60.1,660.5,840.8,3.0,211.8,10.0,12.0,6.0,64.0,5.0,3.0,0.0,20.0,29.5,21.0,1.49,-0.4454395007591966,20.49,16.47,23.81,12.37,26.56,3.59,MODERATE,Orographic Sahyadri Elevation Gradient,Manual demo override,MANUAL_OVERRIDE,,2026-09-09,,,,NOT_REQUESTED,28.2,19.7,68.2
MH_PUNE_555689,Tifanwwadi,Tifanwwadi,Khed,Pune,19.00607,73.75571,99.11,53.86,-1.0,682.9,54.6,601.0,764.8,3.0,209.0,10.0,12.0,6.0,64.0,5.0,3.0,0.0,20.0,29.5,21.0,1.49,-0.1594351621573158,20.68,16.65,24.53,13.19,26.95,3.6,MODERATE,Orographic Sahyadri Elevation Gradient,Manual demo override,MANUAL_OVERRIDE,,2026-09-09,,,,NOT_REQUESTED,28.6,20.1,68.3
MH_PUNE_555771,Gundalwadi,Gundalwadi,Khed,Pune,18.99658,73.80044,103.67,52.14,-1.8,701.2,56.1,617.1,785.4,3.0,210.6,10.0,12.0,6.0,64.0,5.0,3.0,0.0,20.0,29.5,21.0,1.49,-0.3182782352404867,20.68,17.3,24.18,12.52,27.48,3.7,MODERATE,Orographic Sahyadri Elevation Gradient,Manual demo override,MANUAL_OVERRIDE,,2026-09-09,,,,NOT_REQUESTED,28.5,20.0,68.3
MH_PUNE_555462,Dimbhe Kh,Dimbhe Kh,Ambegaon,Pune,19.07311,73.75086,99.75,61.29,-0.9,901.2,72.1,793.0,1009.3,3.0,208.8,10.0,12.0,6.0,64.0,5.0,3.0,0.0,20.0,29.5,21.0,1.49,-0.19762071360241018,20.87,16.54,26.14,12.69,27.99,3.97,MODERATE,Orographic Sahyadri Elevation Gradient,Manual demo override,MANUAL_OVERRIDE,,2026-09-09,,,,NOT_REQUESTED,27.2,18.7,68.3
MH_PUNE_555684,Darakwadi,Darakwadi,Khed,Pune,18.99461,73.7842,101.95,52.12,-1.5,684.6,54.8,602.4,766.8,3.0,210.0,10.0,12.0,6.0,64.0,5.0,3.0,0.0,20.0,29.5,21.0,1.49,-0.25357740879282353,20.89,16.94,24.78,13.03,27.83,3.76,MODERATE,Orographic Sahyadri Elevation Gradient,Manual demo override,MANUAL_OVERRIDE,,2026-09-09,,,,NOT_REQUESTED,28.6,20.1,68.4
MH_PUNE_555688,Majgaon,Majgaon,Khed,Pune,18.99154,73.75191,98.54,52.35,-0.9,661.9,53.0,582.4,741.4,3.0,208.8,10.0,12.0,6.0,64.0,5.0,3.0,0.0,20.0,29.5,21.0,1.49,-0.13864245117242135,20.96,17.15,25.31,13.2,27.91,3.82,MODERATE,Orographic Sahyadri Elevation Gradient,Manual demo override,MANUAL_OVERRIDE,,2026-09-09,,,,NOT_REQUESTED,28.8,20.3,68.4
MH_PUNE_555439,Mahalunge Tarf Ghoda,Mahalunge Tarf Ghoda,Ambegaon,Pune,19.09777,73.76167,101.42,63.81,-1.1,898.5,71.9,790.7,1006.4,3.0,209.2,10.0,12.0,6.0,64.0,5.0,3.0,0.0,20.0,29.5,21.0,1.49,-0.22092127077284796,20.79,16.28,24.1,13.11,28.27,3.86,MODERATE,Orographic Sahyadri Elevation Gradient,Manual demo override,MANUAL_OVERRIDE,,2026-09-09,,,,NOT_REQUESTED,27.2,18.7,68.3
MH_PUNE_555475,Kanase,Kanase,Ambegaon,Pune,19.0922,73.77626,102.79,62.99,-1.4,723.2,57.9,636.3,810.0,3.0,209.7,10.0,12.0,6.0,64.0,5.0,3.0,0.0,20.0,29.5,21.0,1.49,-0.23872699343389525,20.65,17.12,23.77,12.95,27.52,3.73,MODERATE,Orographic Sahyadri Elevation Gradient,Manual demo override,MANUAL_OVERRIDE,,2026-09-09,,,,NOT_REQUESTED,28.3,19.8,68.3
MH_PUNE_555473,Gangapur Bk,Gangapur Bk,Ambegaon,Pune,19.09204,73.8098,106.23,62.64,-2.0,979.9,78.4,862.3,1097.5,3.0,211.0,10.0,12.0,6.0,64.0,5.0,3.0,0.0,20.0,29.5,21.0,1.49,-0.30541298301395425,20.85,16.91,25.7,12.02,28.93,4.12,MODERATE,Orographic Sahyadri Elevation Gradient,Manual demo override,MANUAL_OVERRIDE,,2026-09-09,,,,NOT_REQUESTED,26.6,18.1,68.3
MH_PUNE_555463,Supedhar,Supedhar,Ambegaon,Pune,19.08213,73.77229,102.15,61.94,-1.3,675.6,54.0,594.6,756.6,3.0,209.6,10.0,12.0,6.0,64.0,5.0,3.0,0.0,20.0,29.5,21.0,1.49,-0.22983607246125437,20.78,16.73,24.5,13.56,27.54,3.66,MODERATE,Orographic Sahyadri Elevation Gradient,Manual demo override,MANUAL_OVERRIDE,,2026-09-09,,,,NOT_REQUESTED,28.7,20.2,68.3
MH_PUNE_555460,Mapoli,Mapoli,Ambegaon,Pune,19.08517,73.73873,98.77,62.83,-0.7,680.6,54.4,599.0,762.2,3.0,208.3,10.0,12.0,6.0,64.0,5.0,3.0,0.0,20.0,29.5,21.0,1.49,-0.19600230406893743,20.91,17.4,25.63,12.77,27.55,3.87,MODERATE,Orographic Sahyadri Elevation Gradient,Manual demo override,MANUAL_OVERRIDE,,2026-09-09,,,,NOT_REQUESTED,28.6,20.1,68.4
MH_PUNE_555476,Shinoli,Shinoli,Ambegaon,Pune,19.07357,73.79042,103.84,60.77,-1.6,656.8,52.5,578.0,735.5,3.0,210.2,10.0,12.0,6.0,64.0,5.0,3.0,0.0,20.0,29.5,21.0,1.49,-0.2625167811710495,20.87,16.77,24.47,13.01,27.72,3.67,MODERATE,Orographic Sahyadri Elevation Gradient,Manual demo override,MANUAL_OVERRIDE,,2026-09-09,,,,NOT_REQUESTED,28.8,20.3,68.3
MH_PUNE_555472,Pokharkarwadi,Pokharkarwadi,Ambegaon,Pune,19.07311,73.80782,105.63,60.55,-1.9,666.0,53.3,586.1,746.0,3.0,210.9,10.0,12.0,6.0,64.0,5.0,3.0,0.0,20.0,29.5,21.0,1.49,-0.304393604490366,20.64,17.27,24.47,13.02,27.43,3.6,MODERATE,Orographic Sahyadri Elevation Gradient,Manual demo override,MANUAL_OVERRIDE,,2026-09-09,,,,NOT_REQUESTED,28.7,20.2,68.3
MH_PUNE_555324,Shivali,Shivali,Junnar,Pune,19.21841,73.71989,98.62,77.76,-0.4,768.4,61.5,676.1,860.6,3.0,207.6,10.0,12.0,6.0,64.0,5.0,3.0,0.0,20.0,29.5,21.0,0.72,-0.21142141296193362,20.11,16.32,24.25,12.47,27.02,3.74,MODERATE,Orographic Sahyadri Elevation Gradient,Manual demo override,MANUAL_OVERRIDE,,2026-09-09,,,,NOT_REQUESTED,28.0,19.5,68.0
MH_PUNE_555477,Phaladewadi Ugalewadi,Phaladewadi Ugalewadi,Ambegaon,Pune,19.05274,73.77956,102.32,58.6,-1.4,813.0,65.0,715.5,910.5,3.0,209.8,10.0,12.0,6.0,64.0,5.0,3.0,0.0,20.0,29.5,21.0,1.49,-0.23620901034097708,20.8,16.98,25.29,12.88,28.18,3.82,MODERATE,Orographic Sahyadri Elevation Gradient,Manual demo override,MANUAL_OVERRIDE,,2026-09-09,,,,NOT_REQUESTED,27.7,19.2,68.3
MH_PUNE_555320,Khamgaon,Khamgaon,Junnar,Pune,19.21698,73.81006,107.93,76.5,-2.0,970.5,77.6,854.1,1086.9,3.0,211.0,10.0,12.0,6.0,64.0,5.0,3.0,0.0,20.0,29.5,21.0,1.8,-0.2968467128369674,21.23,17.47,25.41,12.9,28.24,3.84,MODERATE,Orographic Sahyadri Elevation Gradient,Manual demo override,MANUAL_OVERRIDE,,2026-09-09,,,,NOT_REQUESTED,26.6,18.1,68.5
MH_PUNE_555326,Bhivade Kh,Bhivade Kh,Junnar,Pune,19.21285,73.67566,94.22,78.11,2.3,931.3,74.5,819.5,1043.0,14.0,206.0,10.0,12.0,6.0,64.0,5.0,3.0,0.0,20.0,29.5,21.0,2.1,-0.21243435473262579,21.51,17.17,25.35,13.27,29.62,3.89,MODERATE,Orographic Sahyadri Elevation Gradient,Manual demo override,MANUAL_OVERRIDE,,2026-09-09,,,,NOT_REQUESTED,26.9,18.4,68.6
MH_PUNE_555322,Wanewadi,Wanewadi,Junnar,Pune,19.21696,73.77846,104.68,76.76,-1.4,777.5,62.2,684.2,870.8,3.0,209.8,10.0,12.0,6.0,64.0,5.0,3.0,0.0,20.0,29.5,21.0,0.72,-0.2537096519692571,19.92,15.33,23.89,11.78,27.4,3.9,MODERATE,Orographic Sahyadri Elevation Gradient,Manual demo override,MANUAL_OVERRIDE,,2026-09-09,,,,NOT_REQUESTED,28.0,19.5,68.0
MH_PUNE_555471,Pimpalgaon Tarf Ghoda,Pimpalgaon Tarf Ghoda,Ambegaon,Pune,19.06559,73.81747,106.49,59.65,-2.1,663.5,53.1,583.9,743.2,3.0,211.2,10.0,12.0,6.0,64.0,5.0,3.0,0.0,20.0,29.5,21.0,1.49,-0.3336961659058424,20.54,16.24,25.13,12.15,26.85,3.86,MODERATE,Orographic Sahyadri Elevation Gradient,Manual demo override,MANUAL_OVERRIDE,,2026-09-09,,,,NOT_REQUESTED,28.7,20.2,68.2
MH_PUNE_555466,Amondi,Amondi,Ambegaon,Pune,19.10121,73.84014,109.56,63.52,-2.5,716.8,57.3,630.8,802.7,3.0,212.1,10.0,12.0,6.0,64.0,5.0,3.0,0.0,20.0,29.5,21.0,1.49,-0.3814267897030964,20.63,16.45,23.97,12.85,27.31,3.68,MODERATE,Orographic Sahyadri Elevation Gradient,Manual demo override,MANUAL_OVERRIDE,,2026-09-09,,,,NOT_REQUESTED,28.4,19.9,68.3
MH_PUNE_555343,Sukalwedhe,Sukalwedhe,Junnar,Pune,19.17345,73.72242,99.61,72.8,-0.4,1111.9,88.9,978.5,1245.2,3.0,207.7,10.0,12.0,6.0,64.0,5.0,3.0,0.0,20.0,29.5,21.0,1.8,-0.21795585937228007,20.91,16.61,24.86,13.74,27.38,3.53,MODERATE,Orographic Sahyadri Elevation Gradient,Manual demo override,MANUAL_OVERRIDE,,2026-09-09,,,,NOT_REQUESTED,25.7,17.2,68.4
MH_PUNE_555465,Gangapur Kh,Gangapur Kh,Ambegaon,Pune,19.1226,73.80641,106.61,66.05,-1.9,846.7,67.7,745.1,948.2,3.0,210.8,10.0,12.0,6.0,64.0,5.0,3.0,0.0,20.0,29.5,21.0,0.78,-0.2945042970500381,19.99,16.15,24.65,11.37,26.6,3.83,MODERATE,Orographic Sahyadri Elevation Gradient,Manual demo override,MANUAL_OVERRIDE,,2026-09-09,,,,NOT_REQUESTED,27.5,19.0,68.0
MH_PUNE_555327,Hatvij,Hatvij,Junnar,Pune,19.20723,73.65549,92.3,78.04,4.2,993.3,79.5,874.1,1112.6,14.0,205.3,10.0,12.0,6.0,64.0,5.0,3.0,0.0,20.0,29.5,21.0,2.1,-0.22341045370143042,21.45,17.94,25.7,13.85,27.08,3.54,MODERATE,Orographic Sahyadri Elevation Gradient,Manual demo override,MANUAL_OVERRIDE,,2026-09-09,,,,NOT_REQUESTED,26.5,18.0,68.6
MH_PUNE_555319,Nirgude,Nirgude,Junnar,Pune,19.20728,73.83047,110.24,75.34,-2.3,888.4,71.1,781.7,995.0,3.0,211.7,10.0,12.0,6.0,64.0,5.0,3.0,0.0,20.0,29.5,21.0,0.39,-0.33267624507908067,19.5,15.24,22.89,11.24,26.4,3.9,MODERATE,Orographic Sahyadri Elevation Gradient,Manual demo override,MANUAL_OVERRIDE,,2026-09-09,,,,NOT_REQUESTED,27.2,18.7,67.8
MH_PUNE_555321,Surale,Surale,Junnar,Pune,19.21354,73.79678,106.64,76.21,-1.7,778.5,62.3,685.1,872.0,3.0,210.5,10.0,12.0,6.0,64.0,5.0,3.0,0.0,20.0,29.5,21.0,0.72,-0.277031500408625,19.85,15.99,23.71,12.16,26.36,3.74,MODERATE,Orographic Sahyadri Elevation Gradient,Manual demo override,MANUAL_OVERRIDE,,2026-09-09,,,,NOT_REQUESTED,28.0,19.5,67.9
MH_PUNE_555329,Ingaloon,Ingaloon,Junnar,Pune,19.20497,73.7055,97.47,76.58,-0.1,797.2,63.8,701.5,892.9,3.0,207.1,10.0,12.0,6.0,64.0,5.0,3.0,0.0,20.0,29.5,21.0,0.72,-0.21211772342160196,20.01,16.06,23.58,11.99,26.94,3.7,MODERATE,Orographic Sahyadri Elevation Gradient,Manual demo override,MANUAL_OVERRIDE,,2026-09-09,,,,NOT_REQUESTED,27.8,19.3,68.0
MH_PUNE_555330,Sonawale,Sonawale,Junnar,Pune,19.20367,73.73879,100.91,75.82,-0.7,768.0,61.4,675.9,860.1,3.0,208.3,10.0,12.0,6.0,64.0,5.0,3.0,0.0,20.0,29.5,21.0,0.72,-0.22094744176094794,20.08,15.81,23.62,12.09,26.26,3.6,MODERATE,Orographic Sahyadri Elevation Gradient,Manual demo override,MANUAL_OVERRIDE,,2026-09-09,,,,NOT_REQUESTED,28.0,19.5,68.0
MH_PUNE_555420,Menubarwadi,Menubarwadi,Ambegaon,Pune,19.15778,73.66036,92.87,72.6,3.8,1029.2,82.3,905.7,1152.6,14.0,205.4,10.0,12.0,6.0,64.0,5.0,3.0,0.0,20.0,29.5,21.0,2.1,-0.25566766549083947,21.43,18.55,25.7,13.68,28.79,3.74,MODERATE,Orographic Sahyadri Elevation Gradient,Manual demo override,MANUAL_OVERRIDE,,2026-09-09,,,,NOT_REQUESTED,26.3,17.8,68.6
MH_PUNE_555338,Kale,Kale,Junnar,Pune,19.16573,73.80914,108.09,70.82,-2.0,746.3,59.7,656.7,835.8,3.0,210.9,10.0,12.0,6.0,64.0,5.0,3.0,0.0,20.0,29.5,21.0,0.19,-0.2971399976547956,19.26,15.5,23.33,11.03,26.37,3.84,MODERATE,Orographic Sahyadri Elevation Gradient,Manual demo override,MANUAL_OVERRIDE,,2026-09-09,,,,NOT_REQUESTED,28.2,19.7,67.7
MH_PUNE_555366,Katede,Katede,Junnar,Pune,19.166,73.84583,111.81,70.72,-2.6,716.0,57.3,630.0,802.0,3.0,212.3,10.0,12.0,6.0,64.0,5.0,3.0,0.0,20.0,29.5,21.0,0.19,-0.37150564615061776,19.19,15.57,23.3,10.57,26.45,3.94,MODERATE,Orographic Sahyadri Elevation Gradient,Manual demo override,MANUAL_OVERRIDE,,2026-09-09,,,,NOT_REQUESTED,28.4,19.9,67.7
MH_PUNE_555332,Shinde,Shinde,Junnar,Pune,19.20556,73.76451,103.5,75.66,-1.2,732.0,58.6,644.1,819.9,3.0,209.3,10.0,12.0,6.0,64.0,5.0,3.0,0.0,20.0,29.5,21.0,0.19,-0.23927129973661315,19.47,15.41,23.33,12.07,26.94,3.79,MODERATE,Orographic Sahyadri Elevation Gradient,Manual demo override,MANUAL_OVERRIDE,,2026-09-09,,,,NOT_REQUESTED,28.3,19.8,67.8
MH_PUNE_555333,Ralegan,Ralegan,Junnar,Pune,19.20248,73.77757,104.92,75.16,-1.4,728.3,58.3,640.8,815.7,3.0,209.8,10.0,12.0,6.0,64.0,5.0,3.0,0.0,20.0,29.5,21.0,0.19,-0.2525902521035872,19.55,15.85,24.01,10.62,26.33,3.89,MODERATE,Orographic Sahyadri Elevation Gradient,Manual demo override,MANUAL_OVERRIDE,,2026-09-09,,,,NOT_REQUESTED,28.3,19.8,67.8
MH_PUNE_555328,Ambe,Ambe,Junnar,Pune,19.19771,73.68788,95.86,76.18,1.2,1104.4,88.4,971.8,1237.0,14.0,206.5,10.0,12.0,6.0,64.0,5.0,3.0,0.0,20.0,29.5,21.0,2.1,-0.21683496190588125,21.29,17.21,25.3,13.08,28.36,3.73,MODERATE,Orographic Sahyadri Elevation Gradient,Manual demo override,MANUAL_OVERRIDE,,2026-09-09,,,,NOT_REQUESTED,25.8,17.3,68.5
MH_PUNE_555331,Ghangaldare,Ghangaldare,Junnar,Pune,19.19204,73.74936,102.28,74.37,-0.9,802.7,64.2,706.4,899.0,3.0,208.7,10.0,12.0,6.0,64.0,5.0,3.0,0.0,20.0,29.5,21.0,0.48,-0.22741566916382838,19.69,15.72,23.04,12.32,26.91,3.69,MODERATE,Orographic Sahyadri Elevation Gradient,Manual demo override,MANUAL_OVERRIDE,,2026-09-09,,,,NOT_REQUESTED,27.8,19.3,67.9
MH_PUNE_555417,Don,Don,Ambegaon,Pune,19.18916,73.63939,91.16,76.57,5.8,1046.5,83.7,920.9,1172.0,14.0,204.7,10.0,12.0,6.0,64.0,5.0,3.0,0.0,20.0,29.5,21.0,2.1,-0.250088771719268,21.55,17.06,25.95,13.37,28.71,3.96,MODERATE,Orographic Sahyadri Elevation Gradient,Manual demo override,MANUAL_OVERRIDE,,2026-09-09,,,,NOT_REQUESTED,26.2,17.7,68.6
MH_PUNE_555334,Botarde,Botarde,Junnar,Pune,19.19891,73.79657,106.95,74.59,-1.7,720.4,57.6,634.0,806.8,3.0,210.5,10.0,12.0,6.0,64.0,5.0,3.0,0.0,20.0,29.5,21.0,0.19,-0.27677007358353023,19.39,15.61,23.43,11.92,25.83,3.64,MODERATE,Orographic Sahyadri Elevation Gradient,Manual demo override,MANUAL_OVERRIDE,,2026-09-09,,,,NOT_REQUESTED,28.4,19.9,67.8
MH_PUNE_555342,Pimparwadi,Pimparwadi,Junnar,Pune,19.1881,73.71296,98.67,74.58,-0.2,1111.8,88.9,978.5,1245.2,3.0,207.4,10.0,12.0,6.0,64.0,5.0,3.0,0.0,20.0,29.5,21.0,1.8,-0.2159971632176046,21.23,17.37,25.03,13.83,28.42,3.81,MODERATE,Orographic Sahyadri Elevation Gradient,Manual demo override,MANUAL_OVERRIDE,,2026-09-09,,,,NOT_REQUESTED,25.7,17.2,68.5
MH_PUNE_555335,Belsar,Belsar,Junnar,Pune,19.19342,73.81566,109.04,73.86,-2.1,722.1,57.8,635.4,808.8,3.0,211.2,10.0,12.0,6.0,64.0,5.0,3.0,0.0,20.0,29.5,21.0,0.19,-0.3069768573159354,19.27,15.32,23.21,11.46,25.62,3.64,MODERATE,Orographic Sahyadri Elevation Gradient,Manual demo override,MANUAL_OVERRIDE,,2026-09-09,,,,NOT_REQUESTED,28.4,19.9,67.7
MH_PUNE_555421,Malin,Malin,Ambegaon,Pune,19.17722,73.68234,95.74,74.1,1.7,1018.7,81.5,896.4,1140.9,14.0,206.2,10.0,12.0,6.0,64.0,5.0,3.0,0.0,20.0,29.5,21.0,2.1,-0.22774207218319342,21.57,16.52,25.89,12.68,29.1,4.1,MODERATE,Orographic Sahyadri Elevation Gradient,Manual demo override,MANUAL_OVERRIDE,,2026-09-09,,,,NOT_REQUESTED,26.3,17.8,68.6
MH_PUNE_555341,Hivare Tarf Minher,Hivare Tarf Minher,Junnar,Pune,19.19059,73.76698,104.12,73.97,-1.2,872.8,69.8,768.1,977.5,3.0,209.4,10.0,12.0,6.0,64.0,5.0,3.0,0.0,20.0,29.5,21.0,0.39,-0.2413813919555528,19.55,15.07,23.35,11.63,26.3,3.82,MODERATE,Orographic Sahyadri Elevation Gradient,Manual demo override,MANUAL_OVERRIDE,,2026-09-09,,,,NOT_REQUESTED,27.3,18.8,67.8
MH_PUNE_555339,Datkhilwadi,Datkhilwadi,Junnar,Pune,19.16084,73.79702,106.72,70.37,-1.7,766.9,61.3,674.9,858.8,3.0,210.5,10.0,12.0,6.0,64.0,5.0,3.0,0.0,20.0,29.5,21.0,0.72,-0.2773328052669548,19.87,15.56,23.45,12.46,26.89,3.64,MODERATE,Orographic Sahyadri Elevation Gradient,Manual demo override,MANUAL_OVERRIDE,,2026-09-09,,,,NOT_REQUESTED,28.0,19.5,67.9
MH_PUNE_555340,Tambe,Tambe,Junnar,Pune,19.17682,73.77733,105.23,72.33,-1.4,840.5,67.2,739.7,941.3,3.0,209.8,10.0,12.0,6.0,64.0,5.0,3.0,0.0,20.0,29.5,21.0,0.78,-0.2515910235505028,20.19,16.24,23.55,12.77,27.01,3.66,MODERATE,Orographic Sahyadri Elevation Gradient,Manual demo override,MANUAL_OVERRIDE,,2026-09-09,,,,NOT_REQUESTED,27.5,19.0,68.1
MH_PUNE_555337,Yenere,Yenere,Junnar,Pune,19.17753,73.82766,110.32,72.04,-2.3,726.8,58.1,639.7,814.0,3.0,211.6,10.0,12.0,6.0,64.0,5.0,3.0,0.0,20.0,29.5,21.0,0.19,-0.33051908661376095,19.22,15.72,22.98,11.61,26.28,3.67,MODERATE,Orographic Sahyadri Elevation Gradient,Manual demo override,MANUAL_OVERRIDE,,2026-09-09,,,,NOT_REQUESTED,28.3,19.8,67.7
MH_PUNE_555418,Tirpad,Tirpad,Ambegaon,Pune,19.17421,73.65119,92.54,74.63,4.6,1048.7,83.9,922.9,1174.6,14.0,205.1,10.0,12.0,6.0,64.0,5.0,3.0,0.0,20.0,29.5,21.0,2.1,-0.2537031279230313,21.38,17.49,24.65,14.56,27.98,3.58,MODERATE,Orographic Sahyadri Elevation Gradient,Manual demo override,MANUAL_OVERRIDE,,2026-09-09,,,,NOT_REQUESTED,26.1,17.6,68.6
MH_PUNE_555423,Borghar,Borghar,Ambegaon,Pune,19.15097,73.73633,100.29,70.08,-0.7,776.8,62.1,683.7,870.0,3.0,208.2,10.0,12.0,6.0,64.0,5.0,3.0,0.0,20.0,29.5,21.0,0.72,-0.21938583420694624,19.91,15.42,24.42,12.58,26.77,3.81,MODERATE,Orographic Sahyadri Elevation Gradient,Manual demo override,MANUAL_OVERRIDE,,2026-09-09,,,,NOT_REQUESTED,28.0,19.5,68.0
MH_PUNE_555429,Nanavade,Nanavade,Ambegaon,Pune,19.14795,73.6326,89.76,72.42,6.4,990.5,79.2,871.7,1109.3,14.0,204.4,10.0,12.0,6.0,64.0,5.0,3.0,0.0,20.0,29.5,21.0,2.1,-0.29971726288762157,21.06,16.62,25.89,12.98,29.14,4.08,MODERATE,Orographic Sahyadri Elevation Gradient,Manual demo override,MANUAL_OVERRIDE,,2026-09-09,,,,NOT_REQUESTED,26.5,18.0,68.4
MH_PUNE_555422,Adivare,Adivare,Ambegaon,Pune,19.15853,73.69792,96.66,71.7,0.2,1006.1,80.5,885.4,1126.9,14.0,206.8,10.0,12.0,6.0,64.0,5.0,3.0,0.0,20.0,29.5,21.0,2.12,-0.2243437283719119,21.33,17.42,25.03,13.5,27.7,3.64,MODERATE,Orographic Sahyadri Elevation Gradient,Manual demo override,MANUAL_OVERRIDE,,2026-09-09,,,,NOT_REQUESTED,26.4,17.9,68.5
MH_PUNE_555433,Kushire Bk,Kushire Bk,Ambegaon,Pune,19.14875,73.64965,91.5,71.96,4.8,993.8,79.5,874.5,1113.0,14.0,205.0,10.0,12.0,6.0,64.0,5.0,3.0,0.0,20.0,29.5,21.0,2.1,-0.2744809181962988,21.47,17.26,25.38,14.48,29.09,3.78,MODERATE,Orographic Sahyadri Elevation Gradient,Manual demo override,MANUAL_OVERRIDE,,2026-09-09,,,,NOT_REQUESTED,26.5,18.0,68.6
MH_PUNE_555424,Varasawane,Varasawane,Ambegaon,Pune,19.15746,73.76833,103.72,70.3,-1.2,1014.5,81.2,892.7,1136.3,3.0,209.4,10.0,12.0,6.0,64.0,5.0,3.0,0.0,20.0,29.5,21.0,1.8,-0.24065702331502925,21.03,17.46,25.32,13.24,27.55,3.74,MODERATE,Orographic Sahyadri Elevation Gradient,Manual demo override,MANUAL_OVERRIDE,,2026-09-09,,,,NOT_REQUESTED,26.3,17.8,68.4
MH_PUNE_555428,Amade,Amade,Ambegaon,Pune,19.15781,73.67578,94.42,72.18,2.3,762.6,61.0,671.1,854.1,14.0,206.0,10.0,12.0,6.0,64.0,5.0,3.0,0.0,20.0,29.5,21.0,1.08,-0.24011253527692744,20.2,17.18,23.71,12.8,27.19,3.53,MODERATE,Orographic Sahyadri Elevation Gradient,Manual demo override,MANUAL_OVERRIDE,,2026-09-09,,,,NOT_REQUESTED,28.1,19.6,68.1
MH_PUNE_555427,Kondhare,Kondhare,Ambegaon,Pune,19.15058,73.67333,93.93,71.47,2.5,964.3,77.1,848.7,1080.0,14.0,205.9,10.0,12.0,6.0,64.0,5.0,3.0,0.0,20.0,29.5,21.0,2.1,-0.24497552681727286,21.12,17.47,25.69,12.93,27.52,3.72,MODERATE,Orographic Sahyadri Elevation Gradient,Manual demo override,MANUAL_OVERRIDE,,2026-09-09,,,,NOT_REQUESTED,26.7,18.2,68.4
MH_PUNE_555367,Buchakewadi,Buchakewadi,Junnar,Pune,19.14796,73.82007,108.68,68.79,-2.2,799.0,63.9,703.2,894.9,3.0,211.3,10.0,12.0,6.0,64.0,5.0,3.0,0.0,20.0,29.5,21.0,0.72,-0.31922675670417366,19.98,15.85,24.37,12.03,26.95,3.75,MODERATE,Orographic Sahyadri Elevation Gradient,Manual demo override,MANUAL_OVERRIDE,,2026-09-09,,,,NOT_REQUESTED,27.8,19.3,68.0
MH_PUNE_555368,Parunde,Parunde,Junnar,Pune,19.14464,73.84316,110.94,68.35,-2.6,746.5,59.7,657.0,836.1,3.0,212.2,10.0,12.0,6.0,64.0,5.0,3.0,0.0,20.0,29.5,21.0,0.19,-0.371462775720655,19.45,15.96,23.73,11.9,26.04,3.64,MODERATE,Orographic Sahyadri Elevation Gradient,Manual demo override,MANUAL_OVERRIDE,,2026-09-09,,,,NOT_REQUESTED,28.2,19.7,67.8
MH_PUNE_555434,Kushire Kh,Kushire Kh,Ambegaon,Pune,19.14648,73.65909,92.37,71.43,3.9,924.9,74.0,813.9,1035.9,14.0,205.4,10.0,12.0,6.0,64.0,5.0,3.0,0.0,20.0,29.5,21.0,0.75,-0.2631843201519318,20.15,16.09,24.06,12.86,26.92,3.59,MODERATE,Orographic Sahyadri Elevation Gradient,Manual demo override,MANUAL_OVERRIDE,,2026-09-09,,,,NOT_REQUESTED,27.0,18.5,68.1
MH_PUNE_555426,Panchale Kh,Panchale Kh,Ambegaon,Pune,19.14273,73.69338,95.7,70.1,0.6,770.7,61.7,678.1,863.2,14.0,206.7,10.0,12.0,6.0,64.0,5.0,3.0,0.0,20.0,29.5,21.0,1.03,-0.2285289389346814,20.4,16.79,24.85,13.42,27.06,3.61,MODERATE,Orographic Sahyadri Elevation Gradient,Manual demo override,MANUAL_OVERRIDE,,2026-09-09,,,,NOT_REQUESTED,28.0,19.5,68.2
MH_PUNE_555425,Panchale Bk,Panchale Bk,Ambegaon,Pune,19.14556,73.70493,96.95,70.13,-0.1,1023.4,81.9,900.6,1146.3,3.0,207.1,10.0,12.0,6.0,64.0,5.0,3.0,0.0,20.0,29.5,21.0,1.8,-0.2216580213935193,21.26,17.25,24.89,13.89,27.43,3.6,MODERATE,Orographic Sahyadri Elevation Gradient,Manual demo override,MANUAL_OVERRIDE,,2026-09-09,,,,NOT_REQUESTED,26.3,17.8,68.5
MH_PUNE_555438,Phulawade,Phulawade,Ambegaon,Pune,19.12903,73.76451,102.51,67.21,-1.2,766.0,61.3,674.1,858.0,3.0,209.3,10.0,12.0,6.0,64.0,5.0,3.0,0.0,20.0,29.5,21.0,0.72,-0.23263481799264074,19.81,15.59,23.67,11.96,26.77,3.84,MODERATE,Orographic Sahyadri Elevation Gradient,Manual demo override,MANUAL_OVERRIDE,,2026-09-09,,,,NOT_REQUESTED,28.0,19.5,67.9
MH_PUNE_555464,Apati,Apati,Ambegaon,Pune,19.12882,73.78721,104.82,66.91,-1.6,901.2,72.1,793.1,1009.4,3.0,210.1,10.0,12.0,6.0,64.0,5.0,3.0,0.0,20.0,29.5,21.0,0.39,-0.26102901469631035,19.62,15.54,24.29,11.74,26.01,3.7,MODERATE,Orographic Sahyadri Elevation Gradient,Manual demo override,MANUAL_OVERRIDE,,2026-09-09,,,,NOT_REQUESTED,27.2,18.7,67.8
MH_PUNE_555435,Digad,Digad,Ambegaon,Pune,19.13862,73.67894,94.11,70.03,2.0,872.6,69.8,767.9,977.3,14.0,206.1,10.0,12.0,6.0,64.0,5.0,3.0,0.0,20.0,29.5,21.0,0.75,-0.24187456533914475,19.78,14.96,24.53,11.44,26.85,3.97,MODERATE,Orographic Sahyadri Elevation Gradient,Manual demo override,MANUAL_OVERRIDE,,2026-09-09,,,,NOT_REQUESTED,27.4,18.9,67.9
MH_PUNE_556054,Khadakale,Khadakale,Haveli,Pune,18.76654,73.59811,77.97,37.36,9.7,617.1,49.4,543.0,691.2,14.0,203.1,12.0,14.0,8.0,48.0,14.0,4.0,0.0,20.0,29.5,21.0,3.49,2.1677612319282886,25.1,21.72,29.3,17.07,32.02,3.67,MODERATE,Orographic Sahyadri Elevation Gradient,Manual demo override,MANUAL_OVERRIDE,,2026-09-09,,,,NOT_REQUESTED,30.0,21.5,70.0
MH_PUNE_556055,Kusgaon Bk,Kusgaon Bk,Haveli,Pune,18.75593,73.40352,57.65,53.33,28.2,627.5,50.2,552.2,702.8,14.0,195.9,12.0,14.0,8.0,48.0,14.0,4.0,0.0,20.0,29.5,21.0,5.47,5.459396249276867,30.24,27.33,33.92,22.81,36.37,3.57,MODERATE,Orographic Sahyadri Elevation Gradient,Manual demo override,MANUAL_OVERRIDE,,2026-09-09,,,,NOT_REQUESTED,29.9,21.4,72.1
MH_PUNE_555863,Kharabwadi,Kharabwadi,Haveli,Pune,18.75723,73.84053,103.05,25.29,-2.5,642.2,51.4,565.1,719.3,3.0,212.1,12.0,14.0,8.0,48.0,14.0,4.0,0.0,20.0,29.5,21.0,0.64,-2.2488467373178587,17.91,14.07,22.19,10.03,25.35,3.85,MODERATE,Orographic Sahyadri Elevation Gradient,Manual demo override,MANUAL_OVERRIDE,,2026-09-09,,,,NOT_REQUESTED,28.4,19.9,67.2
MH_PUNE_555432,Mahalunge Tarf Ambegaon,Mahalunge Tarf Ambegaon,Ambegaon,Pune,19.13267,73.62967,88.96,70.91,6.7,881.4,70.5,775.6,987.1,14.0,204.3,10.0,12.0,6.0,64.0,5.0,3.0,0.0,20.0,29.5,21.0,0.75,-0.3179518980600427,19.67,16.12,23.02,11.85,27.26,3.75,MODERATE,Orographic Sahyadri Elevation Gradient,Manual demo override,MANUAL_OVERRIDE,,2026-09-09,,,,NOT_REQUESTED,27.3,18.8,67.9
MH_PUNE_555436,Vachape,Vachape,Ambegaon,Pune,19.12865,73.70567,96.52,68.28,-0.1,717.0,57.4,630.9,803.1,3.0,207.1,10.0,12.0,6.0,64.0,5.0,3.0,0.0,20.0,29.5,21.0,0.19,-0.21938443025966003,19.41,15.06,23.49,11.99,26.14,3.7,MODERATE,Orographic Sahyadri Elevation Gradient,Manual demo override,MANUAL_OVERRIDE,,2026-09-09,,,,NOT_REQUESTED,28.4,19.9,67.8
MH_PUNE_555445,Megholi,Megholi,Ambegaon,Pune,19.12397,73.65963,91.72,69.02,3.8,1044.8,83.6,919.4,1170.2,14.0,205.4,10.0,12.0,6.0,64.0,5.0,3.0,0.0,20.0,29.5,21.0,2.1,-0.2699498693712109,21.17,16.81,25.74,13.05,29.15,3.87,MODERATE,Orographic Sahyadri Elevation Gradient,Manual demo override,MANUAL_OVERRIDE,,2026-09-09,,,,NOT_REQUESTED,26.2,17.7,68.5
MH_PUNE_555446,Savarli,Savarli,Ambegaon,Pune,19.12081,73.62867,88.49,69.7,6.8,771.4,61.7,678.8,863.9,14.0,204.3,10.0,12.0,6.0,64.0,5.0,3.0,0.0,20.0,29.5,21.0,1.08,-0.3282771716511006,20.39,16.38,24.82,12.12,27.15,3.88,MODERATE,Orographic Sahyadri Elevation Gradient,Manual demo override,MANUAL_OVERRIDE,,2026-09-09,,,,NOT_REQUESTED,28.0,19.5,68.2
MH_PUNE_555437,Ambegaon,Ambegaon,Ambegaon,Pune,19.11755,73.73765,99.46,66.39,-0.7,833.6,66.7,733.6,933.7,3.0,208.3,10.0,12.0,6.0,64.0,5.0,3.0,0.0,20.0,29.5,21.0,0.78,-0.2118089440638974,20.1,15.76,23.52,12.52,26.66,3.76,MODERATE,Orographic Sahyadri Elevation Gradient,Manual demo override,MANUAL_OVERRIDE,,2026-09-09,,,,NOT_REQUESTED,27.6,19.1,68.0
MH_PUNE_555474,Chaptewadi Kanas,Chaptewadi Kanas,Ambegaon,Pune,19.1028,73.78409,103.84,64.07,-1.5,940.8,75.3,827.8,1053.7,3.0,210.0,10.0,12.0,6.0,64.0,5.0,3.0,0.0,20.0,29.5,21.0,1.49,-0.25327243499748386,20.83,17.05,25.02,13.16,28.64,3.83,MODERATE,Orographic Sahyadri Elevation Gradient,Manual demo override,MANUAL_OVERRIDE,,2026-09-09,,,,NOT_REQUESTED,26.8,18.3,68.3
MH_PUNE_555442,Kalambai,Kalambai,Ambegaon,Pune,19.11361,73.7111,96.65,66.52,-0.2,717.0,57.4,630.9,803.1,3.0,207.3,10.0,12.0,6.0,64.0,5.0,3.0,0.0,20.0,29.5,21.0,0.19,-0.21208015708298367,19.34,15.47,22.9,11.42,26.25,3.78,MODERATE,Orographic Sahyadri Elevation Gradient,Manual demo override,MANUAL_OVERRIDE,,2026-09-09,,,,NOT_REQUESTED,28.4,19.9,67.7
MH_PUNE_555454,Phalode,Phalode,Ambegaon,Pune,19.1051,73.63413,88.58,67.86,6.3,1010.6,80.9,889.3,1132.0,14.0,204.5,10.0,12.0,6.0,64.0,5.0,3.0,0.0,20.0,29.5,21.0,2.1,-0.322583655824655,21.46,17.6,25.62,12.85,28.47,3.91,MODERATE,Orographic Sahyadri Elevation Gradient,Manual demo override,MANUAL_OVERRIDE,,2026-09-09,,,,NOT_REQUESTED,26.4,17.9,68.6
MH_PUNE_555443,Jambhori,Jambhori,Ambegaon,Pune,19.10881,73.67149,92.48,67.05,2.7,970.4,77.6,854.0,1086.8,14.0,205.8,10.0,12.0,6.0,64.0,5.0,3.0,0.0,20.0,29.5,21.0,2.1,-0.2503686257911687,21.15,17.31,25.64,13.55,27.61,3.74,MODERATE,Orographic Sahyadri Elevation Gradient,Manual demo override,MANUAL_OVERRIDE,,2026-09-09,,,,NOT_REQUESTED,26.7,18.2,68.5
MH_PUNE_555419,Asane,Asane,Ambegaon,Pune,19.16399,73.66577,93.63,73.11,3.3,983.7,78.7,865.6,1101.7,14.0,205.6,10.0,12.0,6.0,64.0,5.0,3.0,0.0,20.0,29.5,21.0,2.1,-0.2466242054521895,21.49,16.96,25.82,12.89,28.08,3.78,MODERATE,Orographic Sahyadri Elevation Gradient,Manual demo override,MANUAL_OVERRIDE,,2026-09-09,,,,NOT_REQUESTED,26.6,18.1,68.6
MH_PUNE_555287,Jalwandi,Jalwandi,Junnar,Pune,19.27685,73.73652,99.21,76.85,-0.7,705.0,56.4,620.4,789.6,3.0,208.3,10.0,12.0,6.0,64.0,5.0,3.0,0.0,20.0,29.5,21.0,0.19,-0.2118325674618346,19.51,15.19,23.06,12.19,26.53,3.73,MODERATE,Orographic Sahyadri Elevation Gradient,Manual demo override,MANUAL_OVERRIDE,,2026-09-09,,,,NOT_REQUESTED,28.5,20.0,67.8
MH_PUNE_555288,Phagul Gavhan,Phagul Gavhan,Junnar,Pune,19.26404,73.71379,97.06,77.59,-0.2,754.1,60.3,663.6,844.5,3.0,207.4,10.0,12.0,6.0,64.0,5.0,3.0,0.0,20.0,29.5,21.0,0.72,-0.1987642164582359,20.08,16.19,24.04,12.49,27.47,3.77,MODERATE,Orographic Sahyadri Elevation Gradient,Manual demo override,MANUAL_OVERRIDE,,2026-09-09,,,,NOT_REQUESTED,28.1,19.6,68.0
MH_PUNE_555289,Khadkumbe,Khadkumbe,Junnar,Pune,19.26516,73.73494,99.24,78.05,-0.6,705.0,56.4,620.4,789.6,3.0,208.2,10.0,12.0,6.0,64.0,5.0,3.0,0.0,20.0,29.5,21.0,0.19,-0.21192619751181707,19.4,15.02,22.8,11.31,26.61,3.71,MODERATE,Orographic Sahyadri Elevation Gradient,Manual demo override,MANUAL_OVERRIDE,,2026-09-09,,,,NOT_REQUESTED,28.5,20.0,67.8
MH_PUNE_555310,Pur,Pur,Junnar,Pune,19.2495,73.72709,98.71,79.51,-0.5,828.8,66.3,729.4,928.3,3.0,207.9,10.0,12.0,6.0,64.0,5.0,3.0,0.0,20.0,29.5,21.0,0.78,-0.20898345781268557,20.16,16.05,24.46,12.27,27.35,3.76,MODERATE,Orographic Sahyadri Elevation Gradient,Manual demo override,MANUAL_OVERRIDE,,2026-09-09,,,,NOT_REQUESTED,27.6,19.1,68.1
MH_PUNE_555314,Uchhil,Uchhil,Junnar,Pune,19.22762,73.72908,99.36,78.61,-0.5,1073.7,85.9,944.9,1202.6,3.0,208.0,10.0,12.0,6.0,64.0,5.0,3.0,0.0,20.0,29.5,21.0,1.8,-0.2135225894975299,20.99,16.92,25.22,13.61,28.05,3.73,MODERATE,Orographic Sahyadri Elevation Gradient,Manual demo override,MANUAL_OVERRIDE,,2026-09-09,,,,NOT_REQUESTED,26.0,17.5,68.4
MH_PUNE_555313,Amboli,Amboli,Junnar,Pune,19.2443,73.70495,96.52,79.5,-0.1,1099.5,88.0,967.5,1231.5,3.0,207.1,10.0,12.0,6.0,64.0,5.0,3.0,0.0,20.0,29.5,21.0,1.8,-0.2002502416413416,21.16,16.94,24.91,12.15,28.57,4.01,MODERATE,Orographic Sahyadri Elevation Gradient,Manual demo override,MANUAL_OVERRIDE,,2026-09-09,,,,NOT_REQUESTED,25.8,17.3,68.5
MH_PUNE_555311,Shiroli Tarf Kukadneher,Shiroli Tarf Kukadneher,Junnar,Pune,19.23754,73.73808,100.08,79.55,-0.7,751.0,60.1,660.8,841.1,3.0,208.3,10.0,12.0,6.0,64.0,5.0,3.0,0.0,20.0,29.5,21.0,0.19,-0.2173428633104102,19.64,16.17,24.21,11.79,27.29,3.8,MODERATE,Orographic Sahyadri Elevation Gradient,Manual demo override,MANUAL_OVERRIDE,,2026-09-09,,,,NOT_REQUESTED,28.2,19.7,67.9
MH_PUNE_555325,Bhivade Bk,Bhivade Bk,Junnar,Pune,19.22859,73.68685,94.99,79.55,1.2,1172.9,93.8,1032.2,1313.6,14.0,206.4,10.0,12.0,6.0,64.0,5.0,3.0,0.0,20.0,29.5,21.0,2.1,-0.2030947576224843,21.42,17.13,26.04,13.99,28.0,3.76,MODERATE,Orographic Sahyadri Elevation Gradient,Manual demo override,MANUAL_OVERRIDE,,2026-09-09,,,,NOT_REQUESTED,25.3,16.8,68.6
MH_PUNE_555290,Usran,Usran,Junnar,Pune,19.26264,73.75224,101.08,78.83,-0.9,705.0,56.4,620.4,789.6,3.0,208.8,10.0,12.0,6.0,64.0,5.0,3.0,0.0,20.0,29.5,21.0,0.19,-0.2262845713519156,19.44,16.06,22.68,12.27,26.36,3.65,MODERATE,Orographic Sahyadri Elevation Gradient,Manual demo override,MANUAL_OVERRIDE,,2026-09-09,,,,NOT_REQUESTED,28.5,20.0,67.8
MH_PUNE_555306,Khamgaon,Khamgaon,Junnar,Pune,19.25694,73.83363,109.62,80.85,-2.4,758.2,60.7,667.1,849.2,3.0,211.8,10.0,12.0,6.0,64.0,5.0,3.0,0.0,20.0,29.5,21.0,0.72,-0.3353508158004501,19.9,15.81,24.08,12.56,27.15,3.77,MODERATE,Orographic Sahyadri Elevation Gradient,Manual demo override,MANUAL_OVERRIDE,,2026-09-09,,,,NOT_REQUESTED,28.1,19.6,68.0
MH_PUNE_555281,Ajanawale,Ajanawale,Junnar,Pune,19.30839,73.71856,96.9,72.96,-0.3,1142.3,91.4,1005.2,1279.4,3.0,207.6,10.0,12.0,6.0,64.0,5.0,3.0,0.0,20.0,29.5,21.0,1.8,-0.19382441870884404,21.07,16.48,24.82,14.19,27.99,3.64,MODERATE,Orographic Sahyadri Elevation Gradient,Manual demo override,MANUAL_OVERRIDE,,2026-09-09,,,,NOT_REQUESTED,25.5,17.0,68.4
MH_PUNE_555244,Taleran,Taleran,Junnar,Pune,19.31874,73.78488,103.72,74.06,-1.5,813.4,65.1,715.7,911.0,3.0,210.0,10.0,12.0,6.0,64.0,5.0,3.0,0.0,20.0,29.5,21.0,0.78,-0.2630621745224623,20.05,16.34,24.02,12.44,27.24,3.71,MODERATE,Orographic Sahyadri Elevation Gradient,Manual demo override,MANUAL_OVERRIDE,,2026-09-09,,,,NOT_REQUESTED,27.7,19.2,68.0
MH_PUNE_555323,Dhalewadi Tarf Minher,Dhalewadi Tarf Minher,Junnar,Pune,19.21977,73.75175,101.87,77.39,-0.9,871.3,69.7,766.7,975.8,3.0,208.8,10.0,12.0,6.0,64.0,5.0,3.0,0.0,20.0,29.5,21.0,0.39,-0.22828638675456164,19.79,15.94,23.77,11.96,26.03,3.68,MODERATE,Orographic Sahyadri Elevation Gradient,Manual demo override,MANUAL_OVERRIDE,,2026-09-09,,,,NOT_REQUESTED,27.4,18.9,67.9
MH_PUNE_555280,Ghatghar,Ghatghar,Junnar,Pune,19.2829,73.69439,94.74,75.07,0.5,776.5,62.1,683.3,869.6,14.0,206.7,10.0,12.0,6.0,64.0,5.0,3.0,0.0,20.0,29.5,21.0,1.03,-0.18365108967283095,20.28,16.31,23.76,12.66,26.86,3.69,MODERATE,Orographic Sahyadri Elevation Gradient,Manual demo override,MANUAL_OVERRIDE,,2026-09-09,,,,NOT_REQUESTED,28.0,19.5,68.1
MH_PUNE_555248,Madh,Madh,Junnar,Pune,19.32268,73.84233,109.68,74.41,-2.6,684.5,54.8,602.3,766.7,3.0,212.2,10.0,12.0,6.0,64.0,5.0,3.0,0.0,20.0,29.5,21.0,0.22,-0.35087874424352505,19.39,15.69,22.96,11.1,26.32,3.71,MODERATE,Orographic Sahyadri Elevation Gradient,Manual demo override,MANUAL_OVERRIDE,,2026-09-09,,,,NOT_REQUESTED,28.6,20.1,67.8
MH_PUNE_555292,Hadsar,Hadsar,Junnar,Pune,19.2739,73.81117,107.02,79.66,-2.0,841.1,67.3,740.2,942.1,3.0,211.0,10.0,12.0,6.0,64.0,5.0,3.0,0.0,20.0,29.5,21.0,0.78,-0.29828970033124325,19.91,16.07,23.74,11.63,26.04,3.67,MODERATE,Orographic Sahyadri Elevation Gradient,Manual demo override,MANUAL_OVERRIDE,,2026-09-09,,,,NOT_REQUESTED,27.5,19.0,68.0
MH_PUNE_555243,Karanjale,Karanjale,Junnar,Pune,19.32579,73.82126,107.45,73.93,-2.2,684.5,54.8,602.3,766.7,3.0,211.4,10.0,12.0,6.0,64.0,5.0,3.0,0.0,20.0,29.5,21.0,0.22,-0.31613150268852785,19.34,15.79,23.77,11.02,26.01,3.78,MODERATE,Orographic Sahyadri Elevation Gradient,Manual demo override,MANUAL_OVERRIDE,,2026-09-09,,,,NOT_REQUESTED,28.6,20.1,67.7
MH_PUNE_555282,Nimgiri,Nimgiri,Junnar,Pune,19.29919,73.77956,103.38,75.9,-1.4,790.7,63.3,695.7,885.6,3.0,209.8,10.0,12.0,6.0,64.0,5.0,3.0,0.0,20.0,29.5,21.0,0.72,-0.25545964581605085,19.86,16.4,23.73,12.43,26.73,3.75,MODERATE,Orographic Sahyadri Elevation Gradient,Manual demo override,MANUAL_OVERRIDE,,2026-09-09,,,,NOT_REQUESTED,27.9,19.4,67.9
MH_PUNE_555283,Devale,Devale,Junnar,Pune,19.29965,73.74895,100.18,74.81,-0.9,1192.8,95.4,1049.7,1335.9,3.0,208.7,10.0,12.0,6.0,64.0,5.0,3.0,0.0,20.0,29.5,21.0,1.8,-0.22140564935161955,20.78,16.09,25.54,12.05,27.1,3.88,MODERATE,Orographic Sahyadri Elevation Gradient,Manual demo override,MANUAL_OVERRIDE,,2026-09-09,,,,NOT_REQUESTED,25.2,16.7,68.3
MH_PUNE_555246,Bagadwadi,Bagadwadi,Junnar,Pune,19.31105,73.80785,106.2,75.52,-1.9,742.0,59.4,652.9,831.1,3.0,210.9,10.0,12.0,6.0,64.0,5.0,3.0,0.0,20.0,29.5,21.0,0.19,-0.2946455674777466,19.25,15.04,22.99,11.36,26.68,3.81,MODERATE,Orographic Sahyadri Elevation Gradient,Manual demo override,MANUAL_OVERRIDE,,2026-09-09,,,,NOT_REQUESTED,28.2,19.7,67.7
MH_PUNE_555318,Aptale,Aptale,Junnar,Pune,19.22383,73.79409,106.14,77.37,-1.7,776.2,62.1,683.1,869.4,3.0,210.4,10.0,12.0,6.0,64.0,5.0,3.0,0.0,20.0,29.5,21.0,0.72,-0.27330027242782784,19.92,15.23,24.1,12.28,27.15,3.83,MODERATE,Orographic Sahyadri Elevation Gradient,Manual demo override,MANUAL_OVERRIDE,,2026-09-09,,,,NOT_REQUESTED,28.0,19.5,68.0
MH_PUNE_555247,Sitewadi,Sitewadi,Junnar,Pune,19.29681,73.80985,106.57,77.11,-2.0,689.8,55.2,607.0,772.6,3.0,211.0,10.0,12.0,6.0,64.0,5.0,3.0,0.0,20.0,29.5,21.0,0.22,-0.2969475115895098,19.37,15.27,23.79,11.72,26.39,3.82,MODERATE,Orographic Sahyadri Elevation Gradient,Manual demo override,MANUAL_OVERRIDE,,2026-09-09,,,,NOT_REQUESTED,28.6,20.1,67.7
MH_PUNE_555285,Khaire,Khaire,Junnar,Pune,19.28025,73.76474,102.09,77.37,-1.2,735.9,58.9,647.5,824.2,3.0,209.3,10.0,12.0,6.0,64.0,5.0,3.0,0.0,20.0,29.5,21.0,0.19,-0.23808044670105288,19.56,15.56,23.69,12.42,26.15,3.7,MODERATE,Orographic Sahyadri Elevation Gradient,Manual demo override,MANUAL_OVERRIDE,,2026-09-09,,,,NOT_REQUESTED,28.3,19.8,67.8
MH_PUNE_555249,Watkhale,Watkhale,Junnar,Pune,19.29486,73.84138,109.88,77.48,-2.5,700.8,56.1,616.7,785.0,3.0,212.1,10.0,12.0,6.0,64.0,5.0,3.0,0.0,20.0,29.5,21.0,0.22,-0.3485484965985972,19.48,15.82,23.86,12.44,26.23,3.62,MODERATE,Orographic Sahyadri Elevation Gradient,Manual demo override,MANUAL_OVERRIDE,,2026-09-09,,,,NOT_REQUESTED,28.5,20.0,67.8
MH_PUNE_555284,Khatkale,Khatkale,Junnar,Pune,19.28082,73.7759,103.25,77.69,-1.4,755.6,60.4,665.0,846.2,3.0,209.7,10.0,12.0,6.0,64.0,5.0,3.0,0.0,20.0,29.5,21.0,0.72,-0.2506839337827509,19.92,16.62,23.64,12.57,26.34,3.66,MODERATE,Orographic Sahyadri Elevation Gradient,Manual demo override,MANUAL_OVERRIDE,,2026-09-09,,,,NOT_REQUESTED,28.1,19.6,68.0
MH_PUNE_555286,Hirdi,Hirdi,Junnar,Pune,19.27857,73.75335,100.93,77.18,-1.0,817.6,65.4,719.5,915.7,3.0,208.9,10.0,12.0,6.0,64.0,5.0,3.0,0.0,20.0,29.5,21.0,0.78,-0.2265239772474631,20.0,16.74,25.09,11.87,26.41,3.74,MODERATE,Orographic Sahyadri Elevation Gradient,Manual demo override,MANUAL_OVERRIDE,,2026-09-09,,,,NOT_REQUESTED,27.7,19.2,68.0
MH_PUNE_555308,Kewadi,Kewadi,Junnar,Pune,19.25494,73.76106,102.12,79.93,-1.1,705.0,56.4,620.4,789.6,3.0,209.2,10.0,12.0,6.0,64.0,5.0,3.0,0.0,20.0,29.5,21.0,0.19,-0.234908292392228,19.44,15.98,23.59,11.65,25.79,3.65,MODERATE,Orographic Sahyadri Elevation Gradient,Manual demo override,MANUAL_OVERRIDE,,2026-09-09,,,,NOT_REQUESTED,28.5,20.0,67.8
MH_PUNE_555307,Rajur,Rajur,Junnar,Pune,19.25401,73.80357,106.55,80.65,-1.9,705.0,56.4,620.4,789.6,3.0,210.7,10.0,12.0,6.0,64.0,5.0,3.0,0.0,20.0,29.5,21.0,0.19,-0.28671489151270324,19.59,16.03,23.54,11.08,26.63,3.75,MODERATE,Orographic Sahyadri Elevation Gradient,Manual demo override,MANUAL_OVERRIDE,,2026-09-09,,,,NOT_REQUESTED,28.5,20.0,67.8
MH_PUNE_555291,Undekhadak,Undekhadak,Junnar,Pune,19.25488,73.78644,104.76,80.78,-1.6,705.0,56.4,620.4,789.6,3.0,210.1,10.0,12.0,6.0,64.0,5.0,3.0,0.0,20.0,29.5,21.0,0.19,-0.26337935697198545,19.42,15.0,22.9,11.19,26.41,3.89,MODERATE,Orographic Sahyadri Elevation Gradient,Manual demo override,MANUAL_OVERRIDE,,2026-09-09,,,,NOT_REQUESTED,28.5,20.0,67.8
MH_PUNE_555316,Tejur,Tejur,Junnar,Pune,19.23836,73.79238,105.67,79.0,-1.7,705.0,56.4,620.4,789.6,3.0,210.3,10.0,12.0,6.0,64.0,5.0,3.0,0.0,20.0,29.5,21.0,0.19,-0.2710164336449614,19.52,15.63,24.49,10.62,26.19,3.91,MODERATE,Orographic Sahyadri Elevation Gradient,Manual demo override,MANUAL_OVERRIDE,,2026-09-09,,,,NOT_REQUESTED,28.5,20.0,67.8
MH_PUNE_555315,Mankeshwar,Mankeshwar,Junnar,Pune,19.2357,73.7673,103.13,78.95,-1.2,709.5,56.8,624.3,794.7,3.0,209.4,10.0,12.0,6.0,64.0,5.0,3.0,0.0,20.0,29.5,21.0,0.19,-0.24160830209148965,19.38,15.52,23.09,11.86,26.39,3.69,MODERATE,Orographic Sahyadri Elevation Gradient,Manual demo override,MANUAL_OVERRIDE,,2026-09-09,,,,NOT_REQUESTED,28.4,19.9,67.8
MH_PUNE_555309,Chawand,Chawand,Junnar,Pune,19.24334,73.75089,101.29,80.0,-0.9,742.5,59.4,653.4,831.6,3.0,208.8,10.0,12.0,6.0,64.0,5.0,3.0,0.0,20.0,29.5,21.0,0.19,-0.22628170124646885,19.56,15.64,23.44,11.55,26.09,3.81,MODERATE,Orographic Sahyadri Elevation Gradient,Manual demo override,MANUAL_OVERRIDE,,2026-09-09,,,,NOT_REQUESTED,28.2,19.7,67.8
MH_PUNE_555312,Manikdoh,Manikdoh,Junnar,Pune,19.23226,73.82438,109.1,78.13,-2.2,683.6,54.7,601.6,765.7,3.0,211.5,10.0,12.0,6.0,64.0,5.0,3.0,0.0,20.0,29.5,21.0,0.22,-0.3200829781777349,19.21,15.29,23.49,11.66,26.0,3.6,MODERATE,Orographic Sahyadri Elevation Gradient,Manual demo override,MANUAL_OVERRIDE,,2026-09-09,,,,NOT_REQUESTED,28.6,20.1,67.7
MH_PUNE_555317,Keli,Keli,Junnar,Pune,19.22492,73.77404,104.05,77.68,-1.3,748.0,59.8,658.3,837.7,3.0,209.6,10.0,12.0,6.0,64.0,5.0,3.0,0.0,20.0,29.5,21.0,0.19,-0.24878603748107608,19.41,14.91,23.17,11.95,25.8,3.59,MODERATE,Orographic Sahyadri Elevation Gradient,Manual demo override,MANUAL_OVERRIDE,,2026-09-09,,,,NOT_REQUESTED,28.2,19.7,67.8
MH_PUNE_555245,Pargaon Tarf Madh,Pargaon Tarf Madh,Junnar,Pune,19.31163,73.81342,106.77,75.47,-2.0,745.0,59.6,655.6,834.4,3.0,211.1,10.0,12.0,6.0,64.0,5.0,3.0,0.0,20.0,29.5,21.0,0.19,-0.30306732166512085,19.42,15.83,24.02,10.84,26.91,3.93,MODERATE,Orographic Sahyadri Elevation Gradient,Manual demo override,MANUAL_OVERRIDE,,2026-09-09,,,,NOT_REQUESTED,28.2,19.7,67.8
MH_PUNE_555231,Khireshwar,Khireshwar,Junnar,Pune,19.37225,73.80508,105.47,68.71,-1.9,689.2,55.1,606.6,771.9,3.0,210.8,10.0,12.0,6.0,64.0,5.0,3.0,0.0,20.0,29.5,21.0,0.22,-0.2961862697136479,19.35,16.1,22.61,11.03,25.44,3.59,MODERATE,Orographic Sahyadri Elevation Gradient,Manual demo override,MANUAL_OVERRIDE,,2026-09-09,,,,NOT_REQUESTED,28.6,20.1,67.7
MH_PUNE_555232,Kolhewadi,Kolhewadi,Junnar,Pune,19.36354,73.83274,108.4,69.8,-2.4,717.0,57.4,630.9,803.1,3.0,211.8,10.0,12.0,6.0,64.0,5.0,3.0,0.0,20.0,29.5,21.0,0.19,-0.33786813116174463,19.35,14.85,23.15,12.17,26.09,3.67,MODERATE,Orographic Sahyadri Elevation Gradient,Manual demo override,MANUAL_OVERRIDE,,2026-09-09,,,,NOT_REQUESTED,28.4,19.9,67.7
MH_PUNE_555242,Khubi,Khubi,Junnar,Pune,19.3421,73.8148,106.65,72.09,-2.1,684.5,54.8,602.3,766.7,3.0,211.1,10.0,12.0,6.0,64.0,5.0,3.0,0.0,20.0,29.5,21.0,0.22,-0.30739077601730913,19.53,16.37,23.04,11.36,25.9,3.67,MODERATE,Orographic Sahyadri Elevation Gradient,Manual demo override,MANUAL_OVERRIDE,,2026-09-09,,,,NOT_REQUESTED,28.6,20.1,67.8
MH_PUNE_556245,Undri,Undri,Haveli,Pune,18.44817,73.92057,112.79,11.75,-4.0,645.4,51.6,568.0,722.8,3.0,215.1,12.0,14.0,8.0,48.0,14.0,4.0,0.0,20.0,29.5,21.0,0.64,-4.225190617813131,15.75,11.85,19.27,7.46,22.85,3.81,MODERATE,Orographic Sahyadri Elevation Gradient,Manual demo override,MANUAL_OVERRIDE,,2026-09-09,,,,NOT_REQUESTED,28.4,19.9,66.3
MH_PUNE_556446,Dive,Dive,Purandhar,Pune,18.39265,74.03886,119.39,25.1,-6.1,815.3,65.2,717.5,913.1,3.0,219.4,12.0,14.0,8.0,48.0,14.0,4.0,0.0,20.0,29.5,21.0,0.64,-3.8699885222042356,16.27,12.26,19.94,8.48,24.02,3.9,MODERATE,Orographic Sahyadri Elevation Gradient,Manual demo override,MANUAL_OVERRIDE,,2026-09-09,,,,NOT_REQUESTED,27.3,18.8,66.5
MH_PUNE_556435,Bhivari,Bhivari,Purandhar,Pune,18.39177,73.93585,110.35,17.84,-4.2,876.3,70.1,771.1,981.4,3.0,215.6,12.0,14.0,8.0,48.0,14.0,4.0,0.0,20.0,29.5,21.0,0.64,-3.9803823412106443,16.1,12.34,20.74,8.22,23.74,3.84,MODERATE,Orographic Sahyadri Elevation Gradient,Manual demo override,MANUAL_OVERRIDE,,2026-09-09,,,,NOT_REQUESTED,26.9,18.4,66.4
MH_PUNE_556436,Bopgaon,Bopgaon,Purandhar,Pune,18.38693,73.96199,112.29,19.81,-4.7,839.2,67.1,738.6,939.9,3.0,216.6,12.0,14.0,8.0,48.0,14.0,4.0,0.0,20.0,29.5,21.0,0.64,-3.932964715538246,16.08,11.95,19.56,7.94,23.01,3.76,MODERATE,Orographic Sahyadri Elevation Gradient,Manual demo override,MANUAL_OVERRIDE,,2026-09-09,,,,NOT_REQUESTED,27.1,18.6,66.4
MH_PUNE_556448,Hivare,Hivare,Purandhar,Pune,18.36315,74.00825,114.91,24.96,-5.5,844.5,67.6,743.1,945.9,3.0,218.3,12.0,14.0,8.0,48.0,14.0,4.0,0.0,20.0,29.5,21.0,0.64,-3.8432196402321175,16.21,12.23,20.48,8.84,23.43,3.76,MODERATE,Orographic Sahyadri Elevation Gradient,Manual demo override,MANUAL_OVERRIDE,,2026-09-09,,,,NOT_REQUESTED,27.1,18.6,66.5
MH_PUNE_556447,Pawarwadi,Pawarwadi,Purandhar,Pune,18.38171,74.01686,116.78,24.12,-5.7,795.2,63.6,699.8,890.6,3.0,218.6,12.0,14.0,8.0,48.0,14.0,4.0,0.0,20.0,29.5,21.0,0.64,-3.868463113097039,16.4,12.51,20.19,8.52,23.32,3.73,MODERATE,Orographic Sahyadri Elevation Gradient,Manual demo override,MANUAL_OVERRIDE,,2026-09-09,,,,NOT_REQUESTED,27.4,18.9,66.6
MH_PUNE_556444,Ambodi,Ambodi,Purandhar,Pune,18.35491,74.06013,119.11,29.5,-6.5,756.6,60.5,665.9,847.4,3.0,220.2,12.0,14.0,8.0,48.0,14.0,4.0,0.0,20.0,29.5,21.0,0.64,-3.862528685067425,16.36,12.28,20.57,8.28,22.6,3.74,MODERATE,Orographic Sahyadri Elevation Gradient,Manual demo override,MANUAL_OVERRIDE,,2026-09-09,,,,NOT_REQUESTED,29.0,20.5,66.5
MH_PUNE_556300,Bhilarewadi,Bhilarewadi,Haveli,Pune,18.40356,73.87273,105.83,14.26,-3.1,955.8,76.5,841.0,1070.5,3.0,213.3,12.0,14.0,8.0,48.0,14.0,4.0,0.0,20.0,29.5,21.0,0.64,-4.064904557391196,15.86,11.94,20.41,7.26,23.05,3.84,MODERATE,Orographic Sahyadri Elevation Gradient,Manual demo override,MANUAL_OVERRIDE,,2026-09-09,,,,NOT_REQUESTED,26.4,17.9,66.3
MH_PUNE_556433,Askarwadi,Askarwadi,Purandhar,Pune,18.39746,73.90172,107.83,15.71,-3.6,946.1,75.7,832.5,1059.6,3.0,214.4,12.0,14.0,8.0,48.0,14.0,4.0,0.0,20.0,29.5,21.0,0.64,-4.033732169906017,16.28,12.47,20.17,8.15,23.32,3.87,MODERATE,Orographic Sahyadri Elevation Gradient,Manual demo override,MANUAL_OVERRIDE,,2026-09-09,,,,NOT_REQUESTED,26.4,17.9,66.5
MH_PUNE_556441,Sonori,Sonori,Purandhar,Pune,18.39361,74.0617,121.48,26.99,-6.5,864.8,69.2,761.0,968.6,3.0,220.3,12.0,14.0,8.0,48.0,14.0,4.0,0.0,20.0,29.5,21.0,0.64,-3.868323647400695,16.21,12.96,19.97,8.46,23.57,3.7,MODERATE,Orographic Sahyadri Elevation Gradient,Manual demo override,MANUAL_OVERRIDE,,2026-09-09,,,,NOT_REQUESTED,27.0,18.5,66.5
MH_PUNE_556454,Kodit Bk,Kodit Bk,Purandhar,Pune,18.3388,73.99737,112.5,26.34,-5.4,776.6,62.1,683.5,869.8,3.0,217.9,12.0,14.0,8.0,48.0,14.0,4.0,0.0,20.0,29.5,21.0,0.64,-3.8007114856539586,16.45,12.72,21.22,8.9,23.85,3.84,MODERATE,Orographic Sahyadri Elevation Gradient,Manual demo override,MANUAL_OVERRIDE,,2026-09-09,,,,NOT_REQUESTED,27.5,19.0,66.6
MH_PUNE_556438,Jadhavwadi,Jadhavwadi,Purandhar,Pune,18.39223,74.01253,117.04,22.99,-5.6,810.7,64.9,713.4,908.1,3.0,218.5,12.0,14.0,8.0,48.0,14.0,4.0,0.0,20.0,29.5,21.0,0.64,-3.8874644777566782,16.07,12.08,19.83,8.11,22.42,3.67,MODERATE,Orographic Sahyadri Elevation Gradient,Manual demo override,MANUAL_OVERRIDE,,2026-09-09,,,,NOT_REQUESTED,27.3,18.8,66.4
MH_PUNE_556437,Chambali,Chambali,Purandhar,Pune,18.37702,73.98534,113.71,22.21,-5.1,822.7,65.8,724.0,921.4,3.0,217.5,12.0,14.0,8.0,48.0,14.0,4.0,0.0,20.0,29.5,21.0,0.64,-3.882174574756498,16.2,12.64,20.29,8.9,22.98,3.66,MODERATE,Orographic Sahyadri Elevation Gradient,Manual demo override,MANUAL_OVERRIDE,,2026-09-09,,,,NOT_REQUESTED,27.2,18.7,66.5
MH_PUNE_556279,Gogalwadi,Gogalwadi,Haveli,Pune,18.37812,73.87781,104.52,17.14,-3.2,841.7,67.3,740.7,942.6,3.0,213.5,12.0,14.0,8.0,48.0,14.0,4.0,0.0,20.0,29.5,21.0,0.64,-3.931775540843402,16.37,12.09,20.35,8.68,23.55,3.79,MODERATE,Orographic Sahyadri Elevation Gradient,Manual demo override,MANUAL_OVERRIDE,,2026-09-09,,,,NOT_REQUESTED,27.1,18.6,66.5
MH_PUNE_556673,Shindewadi,Shindewadi,Bhor,Pune,18.38333,73.85511,102.98,16.32,-2.8,840.6,67.2,739.8,941.4,3.0,212.6,48.0,18.0,8.0,18.0,3.0,5.0,0.0,20.0,29.5,21.0,0.64,-3.9308899748966453,16.25,12.53,20.01,8.17,22.77,3.85,MODERATE,Orographic Sahyadri Elevation Gradient,Manual demo override,MANUAL_OVERRIDE,,2026-09-09,,,,NOT_REQUESTED,27.1,18.6,66.5
MH_PUNE_556434,Patharwadi,Patharwadi,Purandhar,Pune,18.38071,73.91198,107.59,17.84,-3.8,910.2,72.8,801.0,1019.4,3.0,214.7,12.0,14.0,8.0,48.0,14.0,4.0,0.0,20.0,29.5,21.0,0.64,-3.9518033071317964,16.22,12.66,20.68,8.62,23.07,3.6,MODERATE,Orographic Sahyadri Elevation Gradient,Manual demo override,MANUAL_OVERRIDE,,2026-09-09,,,,NOT_REQUESTED,26.7,18.2,66.5
MH_PUNE_556453,Kodit Kh,Kodit Kh,Purandhar,Pune,18.33396,73.97669,110.36,25.57,-5.0,813.3,65.1,715.7,911.0,3.0,217.1,12.0,14.0,8.0,48.0,14.0,4.0,0.0,20.0,29.5,21.0,0.64,-3.7827899220331678,16.34,12.94,20.05,8.94,22.97,3.64,MODERATE,Orographic Sahyadri Elevation Gradient,Manual demo override,MANUAL_OVERRIDE,,2026-09-09,,,,NOT_REQUESTED,27.3,18.8,66.5
MH_PUNE_556449,Garade,Garade,Purandhar,Pune,18.35077,73.93146,107.36,21.7,-4.2,860.8,68.9,757.5,964.2,3.0,215.5,12.0,14.0,8.0,48.0,14.0,4.0,0.0,20.0,29.5,21.0,0.64,-3.825618571273917,16.33,12.69,20.14,8.68,23.0,3.7,MODERATE,Orographic Sahyadri Elevation Gradient,Manual demo override,MANUAL_OVERRIDE,,2026-09-09,,,,NOT_REQUESTED,27.0,18.5,66.5
MH_PUNE_556450,Thapewadi,Thapewadi,Purandhar,Pune,18.35689,73.89908,104.94,19.93,-3.6,933.2,74.7,821.1,1045.2,3.0,214.3,12.0,14.0,8.0,48.0,14.0,4.0,0.0,20.0,29.5,21.0,0.64,-3.8413192286503732,16.28,11.69,20.52,9.2,23.1,3.7,MODERATE,Orographic Sahyadri Elevation Gradient,Manual demo override,MANUAL_OVERRIDE,,2026-09-09,,,,NOT_REQUESTED,26.5,18.0,66.5
MH_PUNE_556674,Velu,Velu,Bhor,Pune,18.3592,73.86711,102.35,19.08,-3.0,805.0,64.4,708.4,901.6,3.0,213.1,48.0,18.0,8.0,18.0,3.0,5.0,0.0,20.0,29.5,21.0,0.64,-3.818363479458339,16.31,12.91,20.36,9.13,22.91,3.52,MODERATE,Orographic Sahyadri Elevation Gradient,Manual demo override,MANUAL_OVERRIDE,,2026-09-09,,,,NOT_REQUESTED,27.3,18.8,66.5
MH_PUNE_556285,Ramnagar,Ramnagar,Haveli,Pune,18.34572,73.85253,100.23,20.49,-2.7,763.9,61.1,672.2,855.5,3.0,212.5,12.0,14.0,8.0,48.0,14.0,4.0,0.0,20.0,29.5,21.0,0.64,-3.717275425414317,16.26,12.43,20.04,8.28,23.4,3.79,MODERATE,Orographic Sahyadri Elevation Gradient,Manual demo override,MANUAL_OVERRIDE,,2026-09-09,,,,NOT_REQUESTED,27.6,19.1,66.5
MH_PUNE_556675,Kasurdi K B,Kasurdi K B,Bhor,Pune,18.34259,73.87323,101.79,20.98,-3.1,807.9,64.6,711.0,904.8,3.0,213.3,48.0,18.0,8.0,18.0,3.0,5.0,0.0,20.0,29.5,21.0,0.64,-3.743624178764767,16.41,12.49,21.2,8.73,23.78,3.92,MODERATE,Orographic Sahyadri Elevation Gradient,Manual demo override,MANUAL_OVERRIDE,,2026-09-09,,,,NOT_REQUESTED,27.3,18.8,66.6
MH_PUNE_556451,Warvadi,Warvadi,Purandhar,Pune,18.34053,73.91007,104.86,22.0,-3.8,914.0,73.1,804.3,1023.6,3.0,214.7,12.0,14.0,8.0,48.0,14.0,4.0,0.0,20.0,29.5,21.0,0.64,-3.776821669683888,16.45,12.66,20.11,8.94,22.84,3.72,MODERATE,Orographic Sahyadri Elevation Gradient,Manual demo override,MANUAL_OVERRIDE,,2026-09-09,,,,NOT_REQUESTED,26.6,18.1,66.6
MH_PUNE_556455,Bhivadi,Bhivadi,Purandhar,Pune,18.31906,74.00555,112.12,28.63,-5.5,802.6,64.2,706.3,898.9,3.0,218.2,12.0,14.0,8.0,48.0,14.0,4.0,0.0,20.0,29.5,21.0,0.64,-3.7767239108835025,16.36,11.6,20.07,8.89,23.53,3.84,MODERATE,Orographic Sahyadri Elevation Gradient,Manual demo override,MANUAL_OVERRIDE,,2026-09-09,,,,NOT_REQUESTED,27.4,18.9,66.5
MH_PUNE_556679,Shivare,Shivare,Bhor,Pune,18.32096,73.87154,100.27,23.35,-3.1,754.2,60.3,663.7,844.6,3.0,213.2,48.0,18.0,8.0,18.0,3.0,5.0,0.0,20.0,29.5,21.0,0.64,-3.637638002949335,16.56,12.77,20.71,8.12,23.26,3.74,MODERATE,Orographic Sahyadri Elevation Gradient,Manual demo override,MANUAL_OVERRIDE,,2026-09-09,,,,NOT_REQUESTED,27.7,19.2,66.6
MH_PUNE_556452,Somurdi,Somurdi,Purandhar,Pune,18.32111,73.94901,107.13,25.47,-4.5,887.7,71.0,781.2,994.2,3.0,216.1,12.0,14.0,8.0,48.0,14.0,4.0,0.0,20.0,29.5,21.0,0.64,-3.7344783136895714,16.34,12.84,20.33,8.41,23.63,3.84,MODERATE,Orographic Sahyadri Elevation Gradient,Manual demo override,MANUAL_OVERRIDE,,2026-09-09,,,,NOT_REQUESTED,26.8,18.3,66.5
MH_PUNE_556290,Khed,Khed,Haveli,Pune,18.33172,73.85055,99.14,22.05,-2.7,742.5,59.4,653.4,831.6,3.0,212.5,12.0,14.0,8.0,48.0,14.0,4.0,0.0,20.0,29.5,21.0,0.64,-3.6397228994228246,16.56,12.77,20.11,8.57,23.04,3.66,MODERATE,Orographic Sahyadri Elevation Gradient,Manual demo override,MANUAL_OVERRIDE,,2026-09-09,,,,NOT_REQUESTED,27.7,19.2,66.6
MH_PUNE_556680,Varve Kh,Varve Kh,Bhor,Pune,18.31189,73.89111,101.42,24.64,-3.4,845.6,67.6,744.2,947.0,3.0,214.0,48.0,18.0,8.0,18.0,3.0,5.0,0.0,20.0,29.5,21.0,0.64,-3.6357193427255163,16.57,12.62,20.31,8.17,24.11,3.9,MODERATE,Orographic Sahyadri Elevation Gradient,Manual demo override,MANUAL_OVERRIDE,,2026-09-09,,,,NOT_REQUESTED,27.1,18.6,66.6
MH_PUNE_556497,Supe Kh,Supe Kh,Purandhar,Pune,18.30739,74.02627,113.38,30.96,-5.9,815.9,65.3,717.9,913.8,3.0,219.0,12.0,14.0,8.0,48.0,14.0,4.0,0.0,20.0,29.5,21.0,0.64,-3.7948704346416147,16.43,12.29,20.85,9.1,23.47,3.75,MODERATE,Orographic Sahyadri Elevation Gradient,Manual demo override,MANUAL_OVERRIDE,,2026-09-09,,,,NOT_REQUESTED,28.6,20.1,66.6
MH_PUNE_556681,Kambare,Kambare,Bhor,Pune,18.30544,73.91797,103.42,25.98,-3.9,796.1,63.7,700.6,891.7,3.0,215.0,48.0,18.0,8.0,18.0,3.0,5.0,0.0,20.0,29.5,21.0,0.64,-3.652956547939893,16.54,12.32,20.58,9.58,23.85,3.83,MODERATE,Orographic Sahyadri Elevation Gradient,Manual demo override,MANUAL_OVERRIDE,,2026-09-09,,,,NOT_REQUESTED,27.4,18.9,66.6
MH_PUNE_556456,Pur,Pur,Purandhar,Pune,18.302,73.98894,109.66,29.28,-5.2,880.1,70.4,774.5,985.7,3.0,217.6,12.0,14.0,8.0,48.0,14.0,4.0,0.0,20.0,29.5,21.0,0.64,-3.731929947066278,16.52,12.31,20.62,9.28,22.68,3.57,MODERATE,Orographic Sahyadri Elevation Gradient,Manual demo override,MANUAL_OVERRIDE,,2026-09-09,,,,NOT_REQUESTED,26.9,18.4,66.6
MH_PUNE_556683,Kanjale,Kanjale,Bhor,Pune,18.29614,73.85455,97.24,26.01,-2.8,704.1,56.3,619.7,788.6,3.0,212.6,48.0,18.0,8.0,18.0,3.0,5.0,0.0,20.0,29.5,21.0,0.64,-3.4850071933474593,16.59,12.71,20.85,8.76,23.63,3.73,MODERATE,Orographic Sahyadri Elevation Gradient,Manual demo override,MANUAL_OVERRIDE,,2026-09-09,,,,NOT_REQUESTED,28.0,19.5,66.6
MH_PUNE_556498,Borhalewadi,Borhalewadi,Purandhar,Pune,18.31157,74.05832,116.57,32.76,-6.4,768.2,61.5,675.9,860.4,3.0,220.2,12.0,14.0,8.0,48.0,14.0,4.0,0.0,20.0,29.5,21.0,0.64,-3.8619942116822448,16.14,12.22,20.2,8.6,23.3,3.69,MODERATE,Orographic Sahyadri Elevation Gradient,Manual demo override,MANUAL_OVERRIDE,,2026-09-09,,,,NOT_REQUESTED,28.9,20.4,66.5
MH_PUNE_556499,Pimpale,Pimpale,Purandhar,Pune,18.30455,74.05401,115.8,33.04,-6.4,778.9,62.3,685.5,872.4,3.0,220.0,12.0,14.0,8.0,48.0,14.0,4.0,0.0,20.0,29.5,21.0,0.64,-3.852678774050517,16.2,12.51,20.21,7.93,23.0,3.82,MODERATE,Orographic Sahyadri Elevation Gradient,Manual demo override,MANUAL_OVERRIDE,,2026-09-09,,,,NOT_REQUESTED,28.9,20.4,66.5
MH_PUNE_556457,Pokhar,Pokhar,Purandhar,Pune,18.3108,73.97622,108.99,27.77,-5.0,873.9,69.9,769.1,978.8,3.0,217.1,12.0,14.0,8.0,48.0,14.0,4.0,0.0,20.0,29.5,21.0,0.64,-3.732555908057614,16.16,12.26,20.12,8.17,23.37,3.79,MODERATE,Orographic Sahyadri Elevation Gradient,Manual demo override,MANUAL_OVERRIDE,,2026-09-09,,,,NOT_REQUESTED,26.9,18.4,66.5
MH_PUNE_556682,Varve Bk,Varve Bk,Bhor,Pune,18.29783,73.87173,98.86,25.92,-3.1,711.1,56.9,625.8,796.5,3.0,213.3,48.0,18.0,8.0,18.0,3.0,5.0,0.0,20.0,29.5,21.0,0.64,-3.5380985739139206,16.51,12.87,20.58,8.8,22.88,3.68,MODERATE,Orographic Sahyadri Elevation Gradient,Manual demo override,MANUAL_OVERRIDE,,2026-09-09,,,,NOT_REQUESTED,28.0,19.5,66.6
MH_PUNE_556445,Saswad Rural,Saswad Rural,Purandhar,Pune,18.35678,74.03914,117.31,27.73,-6.1,763.2,61.1,671.6,854.9,3.0,219.4,12.0,14.0,8.0,48.0,14.0,4.0,0.0,20.0,29.5,21.0,0.64,-3.8431740625991115,16.32,12.25,20.01,7.72,23.14,3.79,MODERATE,Orographic Sahyadri Elevation Gradient,Manual demo override,MANUAL_OVERRIDE,,2026-09-09,,,,NOT_REQUESTED,27.7,19.2,66.5
MH_PUNE_251532,Sasvad,Sasvad,Haveli,Pune,18.33546,74.03801,116.0,29.35,-6.1,757.7,60.6,666.8,848.6,3.0,219.4,12.0,14.0,8.0,48.0,14.0,4.0,0.0,20.0,29.5,21.0,0.64,-3.8290656379730965,16.32,12.52,19.93,8.86,23.52,3.72,MODERATE,Orographic Sahyadri Elevation Gradient,Manual demo override,MANUAL_OVERRIDE,,2026-09-09,,,,NOT_REQUESTED,29.0,20.5,66.5
MH_PUNE_556227,Kolwadi,Kolwadi,Haveli,Pune,18.52013,74.0264,122.61,18.63,-5.9,541.4,43.3,476.4,606.3,3.0,219.0,12.0,14.0,8.0,48.0,14.0,4.0,0.0,20.0,29.5,21.0,0.14,-3.942916956243125,15.72,12.0,20.41,7.41,22.54,3.84,MODERATE,Rain-Shadow Plateau Topography,Manual demo override,MANUAL_OVERRIDE,,2026-09-09,,,,NOT_REQUESTED,29.1,20.6,66.3
MH_PUNE_556298,Kolawadi,Kolawadi,Haveli,Pune,18.40592,73.85914,104.87,13.83,-2.9,798.9,63.9,703.1,894.8,3.0,212.8,12.0,14.0,8.0,48.0,14.0,4.0,0.0,20.0,29.5,21.0,0.64,-4.065991416847809,16.16,12.34,20.01,8.47,22.36,3.73,MODERATE,Orographic Sahyadri Elevation Gradient,Manual demo override,MANUAL_OVERRIDE,,2026-09-09,,,,NOT_REQUESTED,27.4,18.9,66.5
MH_PUNE_556313,Theur,Theur,Haveli,Pune,18.51017,74.0584,126.09,22.08,-6.5,540.8,43.3,475.9,605.8,3.0,220.2,12.0,14.0,8.0,48.0,14.0,4.0,0.0,20.0,29.5,21.0,0.14,-3.853156620194138,15.71,12.18,19.51,8.46,22.15,3.62,MODERATE,Rain-Shadow Plateau Topography,Manual demo override,MANUAL_OVERRIDE,,2026-09-09,,,,NOT_REQUESTED,29.1,20.6,66.3
MH_PUNE_556314,Kadamwak Wasti,Kadamwak Wasti,Haveli,Pune,18.49234,74.00784,121.06,17.16,-5.5,543.8,43.5,478.6,609.1,3.0,218.3,12.0,14.0,8.0,48.0,14.0,4.0,0.0,20.0,29.5,21.0,0.14,-4.0174820627100445,15.49,12.32,19.74,7.0,22.05,3.84,MODERATE,Rain-Shadow Plateau Topography,Manual demo override,MANUAL_OVERRIDE,,2026-09-09,,,,NOT_REQUESTED,29.0,20.5,66.2
MH_PUNE_556315,Loni Kalbhor,Loni Kalbhor,Haveli,Pune,18.4576,74.02797,122.51,20.42,-5.9,570.0,45.6,501.6,638.4,3.0,219.0,12.0,14.0,8.0,48.0,14.0,4.0,0.0,20.0,29.5,21.0,0.64,-3.9383701407910285,16.07,12.15,19.29,8.1,23.01,3.81,MODERATE,Rain-Shadow Plateau Topography,Manual demo override,MANUAL_OVERRIDE,,2026-09-09,,,,NOT_REQUESTED,28.9,20.4,66.4
MH_PUNE_556316,Kunjirwadi,Kunjirwadi,Haveli,Pune,18.48424,74.06074,126.71,22.8,-6.5,562.9,45.0,495.4,630.4,3.0,220.2,12.0,14.0,8.0,48.0,14.0,4.0,0.0,20.0,29.5,21.0,0.64,-3.8663734657268316,16.3,12.41,20.24,8.52,23.14,3.82,MODERATE,Rain-Shadow Plateau Topography,Manual demo override,MANUAL_OVERRIDE,,2026-09-09,,,,NOT_REQUESTED,29.0,20.5,66.5
MH_PUNE_556322,Alandi Mhatobachi,Alandi Mhatobachi,Haveli,Pune,18.4366,74.07329,125.11,25.74,-6.7,633.4,50.7,557.3,709.4,3.0,220.7,12.0,14.0,8.0,48.0,14.0,4.0,0.0,20.0,29.5,21.0,0.64,-3.86520844022312,16.27,12.54,20.29,8.95,23.29,3.75,MODERATE,Orographic Sahyadri Elevation Gradient,Manual demo override,MANUAL_OVERRIDE,,2026-09-09,,,,NOT_REQUESTED,28.5,20.0,66.5
MH_PUNE_556291,Shewalwadi,Shewalwadi,Haveli,Pune,18.48094,73.97699,118.02,14.46,-5.0,566.0,45.3,498.1,634.0,3.0,217.1,12.0,14.0,8.0,48.0,14.0,4.0,0.0,20.0,29.5,21.0,0.64,-4.123159965309277,15.94,11.72,19.41,8.19,22.97,3.8,MODERATE,Rain-Shadow Plateau Topography,Manual demo override,MANUAL_OVERRIDE,,2026-09-09,,,,NOT_REQUESTED,28.9,20.4,66.4
MH_PUNE_556292,Fursungi,Fursungi,Haveli,Pune,18.46884,73.98102,118.65,15.4,-5.1,571.6,45.7,503.0,640.1,3.0,217.3,12.0,14.0,8.0,48.0,14.0,4.0,0.0,20.0,29.5,21.0,0.64,-4.091572925384762,16.1,12.34,20.04,8.21,23.1,3.75,MODERATE,Rain-Shadow Plateau Topography,Manual demo override,MANUAL_OVERRIDE,,2026-09-09,,,,NOT_REQUESTED,28.9,20.4,66.4
MH_PUNE_556321,Ramoshiwadi,Ramoshiwadi,Haveli,Pune,18.44127,74.05795,124.06,24.05,-6.4,631.4,50.5,555.7,707.2,3.0,220.1,12.0,14.0,8.0,48.0,14.0,4.0,0.0,20.0,29.5,21.0,0.64,-3.8779650679755693,16.17,12.43,20.08,8.21,22.89,3.72,MODERATE,Orographic Sahyadri Elevation Gradient,Manual demo override,MANUAL_OVERRIDE,,2026-09-09,,,,NOT_REQUESTED,28.5,20.0,66.5
MH_PUNE_556295,Autadwadi Handewadi,Autadwadi Handewadi,Haveli,Pune,18.4383,73.93437,113.33,13.53,-4.2,633.0,50.6,557.1,708.9,3.0,215.6,12.0,14.0,8.0,48.0,14.0,4.0,0.0,20.0,29.5,21.0,0.64,-4.156858123967251,15.76,11.94,19.84,8.03,22.4,3.76,MODERATE,Orographic Sahyadri Elevation Gradient,Manual demo override,MANUAL_OVERRIDE,,2026-09-09,,,,NOT_REQUESTED,28.5,20.0,66.3
MH_PUNE_556293,Uruli Dewachi,Uruli Dewachi,Haveli,Pune,18.44679,73.9558,115.69,14.49,-4.6,613.7,49.1,540.1,687.4,3.0,216.4,12.0,14.0,8.0,48.0,14.0,4.0,0.0,20.0,29.5,21.0,0.64,-4.125706404107121,15.97,12.43,19.39,8.25,22.49,3.72,MODERATE,Orographic Sahyadri Elevation Gradient,Manual demo override,MANUAL_OVERRIDE,,2026-09-09,,,,NOT_REQUESTED,28.6,20.1,66.4
MH_PUNE_556440,Kalewadi,Kalewadi,Purandhar,Pune,18.40484,74.03163,119.49,23.68,-6.0,834.8,66.8,734.6,935.0,3.0,219.2,12.0,14.0,8.0,48.0,14.0,4.0,0.0,20.0,29.5,21.0,0.64,-3.8856971502595723,16.04,12.6,19.96,8.2,21.9,3.59,MODERATE,Orographic Sahyadri Elevation Gradient,Manual demo override,MANUAL_OVERRIDE,,2026-09-09,,,,NOT_REQUESTED,27.2,18.7,66.4
MH_PUNE_556233,Hadapsar,Hadapsar,Haveli,Pune,18.47263,73.94063,114.38,11.49,-4.3,617.2,49.4,543.1,691.3,3.0,215.8,12.0,14.0,8.0,48.0,14.0,4.0,0.0,20.0,29.5,21.0,0.64,-4.240596530657547,15.89,12.28,20.13,7.94,22.89,3.87,MODERATE,Orographic Sahyadri Elevation Gradient,Manual demo override,MANUAL_OVERRIDE,,2026-09-09,,,,NOT_REQUESTED,28.6,20.1,66.4
MH_PUNE_556294,Wadki,Wadki,Haveli,Pune,18.42557,73.98392,116.66,18.28,-5.1,636.5,50.9,560.1,712.8,3.0,217.4,12.0,14.0,8.0,48.0,14.0,4.0,0.0,20.0,29.5,21.0,0.64,-3.9988538382530923,16.01,12.0,19.74,8.37,23.02,3.78,MODERATE,Orographic Sahyadri Elevation Gradient,Manual demo override,MANUAL_OVERRIDE,,2026-09-09,,,,NOT_REQUESTED,28.4,19.9,66.4
MH_PUNE_556301,Wadachiwadi,Wadachiwadi,Haveli,Pune,18.41954,73.91652,110.56,14.15,-3.9,714.7,57.2,628.9,800.5,3.0,214.9,12.0,14.0,8.0,48.0,14.0,4.0,0.0,20.0,29.5,21.0,0.64,-4.119264972729413,16.1,12.09,19.57,8.04,22.3,3.67,MODERATE,Orographic Sahyadri Elevation Gradient,Manual demo override,MANUAL_OVERRIDE,,2026-09-09,,,,NOT_REQUESTED,27.9,19.4,66.4
MH_PUNE_556302,Holkarwadi,Holkarwadi,Haveli,Pune,18.42321,73.94676,113.35,15.66,-4.4,664.4,53.1,584.7,744.0,3.0,216.0,12.0,14.0,8.0,48.0,14.0,4.0,0.0,20.0,29.5,21.0,0.64,-4.076730577169618,15.97,12.0,19.85,7.95,23.14,3.8,MODERATE,Orographic Sahyadri Elevation Gradient,Manual demo override,MANUAL_OVERRIDE,,2026-09-09,,,,NOT_REQUESTED,28.3,19.8,66.4
MH_PUNE_556297,Jambhulwadi,Jambhulwadi,Haveli,Pune,18.42417,73.86394,106.55,11.86,-3.0,715.1,57.2,629.3,800.9,3.0,213.0,12.0,14.0,8.0,48.0,14.0,4.0,0.0,20.0,29.5,21.0,0.64,-4.172055124972313,15.91,12.48,20.33,7.09,22.24,3.75,MODERATE,Orographic Sahyadri Elevation Gradient,Manual demo override,MANUAL_OVERRIDE,,2026-09-09,,,,NOT_REQUESTED,27.9,19.4,66.4
MH_PUNE_556296,Gujar Nimbalkarwadi,Gujar Nimbalkarwadi,Haveli,Pune,18.422,73.87561,107.35,12.31,-3.2,709.4,56.8,624.2,794.6,3.0,213.4,12.0,14.0,8.0,48.0,14.0,4.0,0.0,20.0,29.5,21.0,0.64,-4.164303798386404,16.05,12.0,19.43,8.31,23.18,3.82,MODERATE,Orographic Sahyadri Elevation Gradient,Manual demo override,MANUAL_OVERRIDE,,2026-09-09,,,,NOT_REQUESTED,28.0,19.5,66.4
MH_PUNE_251530,Pune,Pune,Haveli,Pune,18.51327,73.86787,106.12,2.65,-3.0,566.3,45.3,498.4,634.3,3.0,213.1,12.0,14.0,8.0,48.0,14.0,4.0,0.0,20.0,29.5,21.0,0.64,-4.518558291259398,15.42,11.28,19.23,7.4,22.62,3.82,MODERATE,Riparian Godavari River Valley,Manual demo override,MANUAL_OVERRIDE,,2026-09-09,,,,NOT_REQUESTED,28.9,20.4,66.2
MH_PUNE_556232,Manjari Bk,Manjari Bk,Haveli,Pune,18.50727,73.97679,117.59,13.61,-5.0,549.7,44.0,483.7,615.7,3.0,217.1,12.0,14.0,8.0,48.0,14.0,4.0,0.0,20.0,29.5,21.0,0.14,-4.145346367324923,15.57,11.27,19.55,7.8,22.67,3.86,MODERATE,Rain-Shadow Plateau Topography,Manual demo override,MANUAL_OVERRIDE,,2026-09-09,,,,NOT_REQUESTED,29.0,20.5,66.2
MH_PUNE_556244,Pisoli,Pisoli,Haveli,Pune,18.44362,73.90891,111.59,11.44,-3.8,642.9,51.4,565.8,720.0,3.0,214.6,12.0,14.0,8.0,48.0,14.0,4.0,0.0,20.0,29.5,21.0,0.64,-4.232760660854444,15.98,12.17,20.6,7.45,22.67,3.8,MODERATE,Orographic Sahyadri Elevation Gradient,Manual demo override,MANUAL_OVERRIDE,,2026-09-09,,,,NOT_REQUESTED,28.4,19.9,66.4
MH_PUNE_277298,Pune,Pune,Haveli,Pune,18.50335,73.89343,108.94,5.45,-3.5,587.6,47.0,517.1,658.1,3.0,214.1,12.0,14.0,8.0,48.0,14.0,4.0,0.0,20.0,29.5,21.0,0.64,-4.456017151277795,15.7,11.72,19.6,7.63,22.0,3.62,MODERATE,Riparian Godavari River Valley,Manual demo override,MANUAL_OVERRIDE,,2026-09-09,,,,NOT_REQUESTED,28.8,20.3,66.3
MH_PUNE_556439,Zendewadi,Zendewadi,Purandhar,Pune,18.41942,74.02388,119.72,22.08,-5.8,847.6,67.8,745.9,949.3,3.0,218.9,12.0,14.0,8.0,48.0,14.0,4.0,0.0,20.0,29.5,21.0,0.64,-3.9108860845308033,16.23,12.58,20.7,8.36,23.79,3.81,MODERATE,Orographic Sahyadri Elevation Gradient,Manual demo override,MANUAL_OVERRIDE,,2026-09-09,,,,NOT_REQUESTED,27.1,18.6,66.5
MH_PUNE_556234,Mundhawa,Mundhawa,Haveli,Pune,18.51349,73.95087,114.79,10.79,-4.5,568.7,45.5,500.5,637.0,3.0,216.2,12.0,14.0,8.0,48.0,14.0,4.0,0.0,20.0,29.5,21.0,0.64,-4.259460192701172,15.87,12.11,19.93,8.17,23.01,3.8,MODERATE,Rain-Shadow Plateau Topography,Manual demo override,MANUAL_OVERRIDE,,2026-09-09,,,,NOT_REQUESTED,28.9,20.4,66.3
MH_PUNE_556473,Kumbharvalan,Kumbharvalan,Purandhar,Pune,18.35361,74.07846,120.71,31.07,-6.8,760.8,60.9,669.4,852.1,3.0,220.9,12.0,14.0,8.0,48.0,14.0,4.0,0.0,20.0,29.5,21.0,0.64,-3.891461446450396,16.25,12.46,19.81,8.53,23.26,3.69,MODERATE,Orographic Sahyadri Elevation Gradient,Manual demo override,MANUAL_OVERRIDE,,2026-09-09,,,,NOT_REQUESTED,29.0,20.5,66.5
MH_PUNE_556462,Ambale,Ambale,Purandhar,Pune,18.40763,74.17489,132.52,36.87,-8.5,736.0,58.9,647.7,824.4,3.0,224.5,12.0,14.0,8.0,48.0,14.0,4.0,0.0,20.0,29.5,21.0,1.88,-4.084347272387174,17.39,13.73,21.79,9.88,23.7,3.62,MODERATE,Orographic Sahyadri Elevation Gradient,Manual demo override,MANUAL_OVERRIDE,,2026-09-09,,,,NOT_REQUESTED,29.1,20.6,67.0
MH_PUNE_556469,Rajuri,Rajuri,Purandhar,Pune,18.37738,74.27271,140.03,41.14,-10.3,699.6,56.0,615.6,783.6,3.0,228.1,12.0,14.0,8.0,48.0,14.0,4.0,0.0,20.0,29.5,21.0,1.2,-4.784545613938448,15.98,11.88,19.98,8.44,23.29,3.73,MODERATE,Orographic Sahyadri Elevation Gradient,Manual demo override,MANUAL_OVERRIDE,,2026-09-09,,,,NOT_REQUESTED,29.4,20.9,66.4
MH_PUNE_556459,Singapur,Singapur,Purandhar,Pune,18.39077,74.11899,126.48,32.32,-7.5,768.7,61.5,676.4,860.9,3.0,222.4,12.0,14.0,8.0,48.0,14.0,4.0,0.0,20.0,29.5,21.0,1.8,-3.941006393267088,17.11,13.03,20.57,9.63,24.36,3.71,MODERATE,Orographic Sahyadri Elevation Gradient,Manual demo override,MANUAL_OVERRIDE,,2026-09-09,,,,NOT_REQUESTED,28.9,20.4,66.8
MH_PUNE_556463,Rajewadi,Rajewadi,Purandhar,Pune,18.38512,74.15672,129.62,36.14,-8.2,724.3,57.9,637.5,811.2,3.0,223.8,12.0,14.0,8.0,48.0,14.0,4.0,0.0,20.0,29.5,21.0,1.88,-4.0694174477238185,17.26,13.2,21.09,9.26,24.79,3.79,MODERATE,Orographic Sahyadri Elevation Gradient,Manual demo override,MANUAL_OVERRIDE,,2026-09-09,,,,NOT_REQUESTED,29.2,20.7,66.9
MH_PUNE_556442,Vanpuri,Vanpuri,Purandhar,Pune,18.37943,74.07723,122.05,29.24,-6.8,797.2,63.8,701.5,892.9,3.0,220.9,12.0,14.0,8.0,48.0,14.0,4.0,0.0,20.0,29.5,21.0,0.64,-3.8797820426471734,16.32,12.34,20.03,8.48,22.99,3.77,MODERATE,Orographic Sahyadri Elevation Gradient,Manual demo override,MANUAL_OVERRIDE,,2026-09-09,,,,NOT_REQUESTED,27.4,18.9,66.5
MH_PUNE_556443,Udachiwadi,Udachiwadi,Purandhar,Pune,18.38038,74.09435,123.66,30.68,-7.1,814.2,65.1,716.5,911.8,3.0,221.5,12.0,14.0,8.0,48.0,14.0,4.0,0.0,20.0,29.5,21.0,1.8,-3.903140664833287,17.34,13.26,20.71,9.11,24.38,3.93,MODERATE,Orographic Sahyadri Elevation Gradient,Manual demo override,MANUAL_OVERRIDE,,2026-09-09,,,,NOT_REQUESTED,28.6,20.1,66.9
MH_PUNE_556471,Pisarve,Pisarve,Purandhar,Pune,18.37676,74.19509,132.72,40.19,-8.9,705.1,56.4,620.5,789.7,3.0,225.2,12.0,14.0,8.0,48.0,14.0,4.0,0.0,20.0,29.5,21.0,1.88,-4.2747687153143605,17.08,13.55,21.5,10.23,23.96,3.63,MODERATE,Orographic Sahyadri Elevation Gradient,Manual demo override,MANUAL_OVERRIDE,,2026-09-09,,,,NOT_REQUESTED,29.3,20.8,66.8
MH_PUNE_556467,Pise,Pise,Purandhar,Pune,18.37031,74.29957,142.22,38.43,-10.8,687.3,55.0,604.8,769.8,3.0,229.1,12.0,14.0,8.0,48.0,14.0,4.0,0.0,20.0,29.5,21.0,-0.45,-5.026900034557458,13.87,9.79,17.44,5.58,20.41,3.7,MODERATE,Orographic Sahyadri Elevation Gradient,Manual demo override,MANUAL_OVERRIDE,,2026-09-09,,,,NOT_REQUESTED,29.5,21.0,65.5
MH_PUNE_556476,Bhosalewadi,Bhosalewadi,Purandhar,Pune,18.36232,74.14435,127.25,36.22,-8.0,740.0,59.2,651.2,828.8,3.0,223.3,12.0,14.0,8.0,48.0,14.0,4.0,0.0,20.0,29.5,21.0,1.88,-4.071830304552708,17.24,13.36,21.3,9.41,24.19,3.86,MODERATE,Orographic Sahyadri Elevation Gradient,Manual demo override,MANUAL_OVERRIDE,,2026-09-09,,,,NOT_REQUESTED,29.1,20.6,66.9
MH_PUNE_556460,Pargaon,Pargaon,Purandhar,Pune,18.36044,74.1246,125.32,34.56,-7.6,732.6,58.6,644.7,820.5,3.0,222.6,12.0,14.0,8.0,48.0,14.0,4.0,0.0,20.0,29.5,21.0,1.88,-4.0029664763217285,17.43,13.57,21.69,9.65,24.61,3.74,MODERATE,Orographic Sahyadri Elevation Gradient,Manual demo override,MANUAL_OVERRIDE,,2026-09-09,,,,NOT_REQUESTED,29.2,20.7,67.0
MH_PUNE_556470,Naygaon,Naygaon,Purandhar,Pune,18.3635,74.24321,136.55,42.76,-9.8,689.6,55.2,606.8,772.4,3.0,227.0,12.0,14.0,8.0,48.0,14.0,4.0,0.0,20.0,29.5,21.0,1.2,-4.633594354595269,16.08,12.38,19.57,8.45,23.47,3.8,MODERATE,Orographic Sahyadri Elevation Gradient,Manual demo override,MANUAL_OVERRIDE,,2026-09-09,,,,NOT_REQUESTED,29.4,20.9,66.4
MH_PUNE_556468,Rise,Rise,Purandhar,Pune,18.35707,74.28709,140.4,38.56,-10.6,672.5,53.8,591.8,753.2,3.0,228.6,12.0,14.0,8.0,48.0,14.0,4.0,0.0,20.0,29.5,21.0,-0.45,-4.998708746830779,14.07,9.91,18.04,5.92,21.05,3.88,MODERATE,Orographic Sahyadri Elevation Gradient,Manual demo override,MANUAL_OVERRIDE,,2026-09-09,,,,NOT_REQUESTED,29.6,21.1,65.6
MH_PUNE_556472,Mawadi Supe,Mawadi Supe,Purandhar,Pune,18.35726,74.21146,133.25,42.69,-9.2,688.7,55.1,606.0,771.3,3.0,225.8,12.0,14.0,8.0,48.0,14.0,4.0,0.0,20.0,29.5,21.0,1.88,-4.441810001189519,16.88,12.9,20.99,8.99,24.08,3.76,MODERATE,Orographic Sahyadri Elevation Gradient,Manual demo override,MANUAL_OVERRIDE,,2026-09-09,,,,NOT_REQUESTED,29.4,20.9,66.8
MH_PUNE_556475,Khanvadi,Khanvadi,Purandhar,Pune,18.34342,74.11669,123.68,34.96,-7.5,727.6,58.2,640.3,814.9,3.0,222.3,12.0,14.0,8.0,48.0,14.0,4.0,0.0,20.0,29.5,21.0,1.88,-4.003228895985628,17.38,13.71,20.87,10.16,23.99,3.56,MODERATE,Orographic Sahyadri Elevation Gradient,Manual demo override,MANUAL_OVERRIDE,,2026-09-09,,,,NOT_REQUESTED,29.2,20.7,67.0
MH_PUNE_556474,Munjvadi,Munjvadi,Purandhar,Pune,18.34941,74.09698,122.18,32.89,-7.1,741.8,59.3,652.8,830.7,3.0,221.6,12.0,14.0,8.0,48.0,14.0,4.0,0.0,20.0,29.5,21.0,1.8,-3.9358832325817574,17.32,13.9,20.7,9.47,24.15,3.59,MODERATE,Orographic Sahyadri Elevation Gradient,Manual demo override,MANUAL_OVERRIDE,,2026-09-09,,,,NOT_REQUESTED,29.1,20.6,66.9
MH_PUNE_556477,Kothale,Kothale,Purandhar,Pune,18.33674,74.17692,128.96,40.63,-8.6,693.5,55.5,610.3,776.8,3.0,224.5,12.0,14.0,8.0,48.0,14.0,4.0,0.0,20.0,29.5,21.0,1.88,-4.298403378923911,16.93,12.71,21.03,8.93,23.26,3.75,MODERATE,Orographic Sahyadri Elevation Gradient,Manual demo override,MANUAL_OVERRIDE,,2026-09-09,,,,NOT_REQUESTED,29.4,20.9,66.8
MH_PUNE_556478,Pimpri,Pimpri,Purandhar,Pune,18.33198,74.21924,132.73,43.14,-9.3,667.7,53.4,587.6,747.8,3.0,226.1,12.0,14.0,8.0,48.0,14.0,4.0,0.0,20.0,29.5,21.0,1.88,-4.591405815599476,16.78,13.07,20.45,9.0,23.7,3.64,MODERATE,Orographic Sahyadri Elevation Gradient,Manual demo override,MANUAL_OVERRIDE,,2026-09-09,,,,NOT_REQUESTED,29.6,21.1,66.7
MH_PUNE_556479,Pandeshwar,Pandeshwar,Purandhar,Pune,18.32155,74.25508,135.66,39.26,-10.0,646.4,51.7,568.8,723.9,3.0,227.4,12.0,14.0,8.0,48.0,14.0,4.0,0.0,20.0,29.5,21.0,1.88,-4.911516574632241,16.35,12.24,19.83,8.4,23.0,3.72,MODERATE,Orographic Sahyadri Elevation Gradient,Manual demo override,MANUAL_OVERRIDE,,2026-09-09,,,,NOT_REQUESTED,29.7,21.2,66.5
MH_PUNE_556488,Khalad,Khalad,Purandhar,Pune,18.3214,74.08232,119.32,33.74,-6.9,734.4,58.7,646.3,822.4,3.0,221.0,12.0,14.0,8.0,48.0,14.0,4.0,0.0,20.0,29.5,21.0,0.72,-3.920256214886296,16.23,12.91,20.05,7.51,22.6,3.69,MODERATE,Orographic Sahyadri Elevation Gradient,Manual demo override,MANUAL_OVERRIDE,,2026-09-09,,,,NOT_REQUESTED,29.2,20.7,66.5
MH_PUNE_556486,Nilanj,Nilanj,Purandhar,Pune,18.31463,74.12599,123.06,37.7,-7.7,700.2,56.0,616.2,784.2,3.0,222.7,12.0,14.0,8.0,48.0,14.0,4.0,0.0,20.0,29.5,21.0,1.88,-4.08969849159617,17.26,13.39,20.69,9.39,24.09,3.73,MODERATE,Orographic Sahyadri Elevation Gradient,Manual demo override,MANUAL_OVERRIDE,,2026-09-09,,,,NOT_REQUESTED,29.4,20.9,66.9
MH_PUNE_556485,Belsar,Belsar,Purandhar,Pune,18.31739,74.1453,125.02,39.11,-8.0,691.2,55.3,608.3,774.2,3.0,223.4,12.0,14.0,8.0,48.0,14.0,4.0,0.0,20.0,29.5,21.0,1.88,-4.17694170841032,17.28,13.59,21.53,9.44,24.01,3.73,MODERATE,Orographic Sahyadri Elevation Gradient,Manual demo override,MANUAL_OVERRIDE,,2026-09-09,,,,NOT_REQUESTED,29.4,20.9,66.9
MH_PUNE_556480,Jawalarjun,Jawalarjun,Purandhar,Pune,18.2906,74.24939,133.72,38.26,-9.9,654.7,52.4,576.1,733.3,3.0,227.2,12.0,14.0,8.0,48.0,14.0,4.0,0.0,20.0,29.5,21.0,1.88,-4.997025684008433,16.34,12.74,20.06,8.75,22.95,3.66,MODERATE,Orographic Sahyadri Elevation Gradient,Manual demo override,MANUAL_OVERRIDE,,2026-09-09,,,,NOT_REQUESTED,29.7,21.2,66.5
MH_PUNE_556481,Nazare Supe,Nazare Supe,Purandhar,Pune,18.28985,74.21531,130.39,41.54,-9.3,661.8,52.9,582.5,741.2,3.0,226.0,12.0,14.0,8.0,48.0,14.0,4.0,0.0,20.0,29.5,21.0,1.88,-4.7206170815866875,16.57,12.92,20.79,9.43,23.08,3.69,MODERATE,Orographic Sahyadri Elevation Gradient,Manual demo override,MANUAL_OVERRIDE,,2026-09-09,,,,NOT_REQUESTED,29.6,21.1,66.6
MH_PUNE_556482,Nazarekade Pathar,Nazarekade Pathar,Purandhar,Pune,18.31011,74.21582,131.37,42.38,-9.3,664.6,53.2,584.8,744.4,3.0,226.0,12.0,14.0,8.0,48.0,14.0,4.0,0.0,20.0,29.5,21.0,1.88,-4.649682627561091,16.63,12.53,20.8,9.18,23.58,3.75,MODERATE,Orographic Sahyadri Elevation Gradient,Manual demo override,MANUAL_OVERRIDE,,2026-09-09,,,,NOT_REQUESTED,29.6,21.1,66.7
MH_PUNE_556484,Dhalewadi,Dhalewadi,Purandhar,Pune,18.30502,74.17435,127.17,42.39,-8.5,674.5,54.0,593.5,755.5,3.0,224.5,12.0,14.0,8.0,48.0,14.0,4.0,0.0,20.0,29.5,21.0,1.88,-4.377410845776794,16.98,13.15,20.86,9.45,23.87,3.77,MODERATE,Orographic Sahyadri Elevation Gradient,Manual demo override,MANUAL_OVERRIDE,,2026-09-09,,,,NOT_REQUESTED,29.5,21.0,66.8
MH_PUNE_556489,Ekhatpur,Ekhatpur,Purandhar,Pune,18.33842,74.07825,119.86,32.15,-6.8,738.2,59.1,649.6,826.9,3.0,220.9,12.0,14.0,8.0,48.0,14.0,4.0,0.0,20.0,29.5,21.0,0.64,-3.8986556100022134,16.31,12.62,20.09,9.2,22.55,3.52,MODERATE,Orographic Sahyadri Elevation Gradient,Manual demo override,MANUAL_OVERRIDE,,2026-09-09,,,,NOT_REQUESTED,29.1,20.6,66.5
MH_PUNE_556490,Shivari,Shivari,Purandhar,Pune,18.29519,74.10052,119.68,37.15,-7.2,745.7,59.7,656.1,835.2,3.0,221.7,12.0,14.0,8.0,48.0,14.0,4.0,0.0,20.0,29.5,21.0,1.88,-4.011845419205021,17.48,13.88,20.83,9.24,24.07,3.68,MODERATE,Orographic Sahyadri Elevation Gradient,Manual demo override,MANUAL_OVERRIDE,,2026-09-09,,,,NOT_REQUESTED,29.1,20.6,67.0
MH_PUNE_556875,Ambi Kh,Ambi Kh,Baramati,Pune,18.32143,74.28455,138.49,36.56,-10.5,645.1,51.6,567.7,722.5,3.0,228.5,6.0,10.0,6.0,70.0,4.0,4.0,0.0,20.0,29.5,21.0,1.2,-5.1576690079018,15.32,11.31,20.06,7.16,22.14,3.92,MODERATE,Orographic Sahyadri Elevation Gradient,Manual demo override,MANUAL_OVERRIDE,,2026-09-09,,,,NOT_REQUESTED,28.8,20.3,66.1
MH_PUNE_556319,Uruli Kanchan,Uruli Kanchan,Haveli,Pune,18.4931,74.14105,134.55,30.96,-7.9,554.2,44.3,487.8,620.7,3.0,223.2,12.0,14.0,8.0,48.0,14.0,4.0,0.0,20.0,29.5,21.0,1.67,-3.8052607666914384,17.26,13.19,21.0,9.5,23.59,3.64,MODERATE,Rain-Shadow Plateau Topography,Manual demo override,MANUAL_OVERRIDE,,2026-09-09,,,,NOT_REQUESTED,30.3,21.8,66.9
MH_PUNE_556320,Sortapwadi,Sortapwadi,Haveli,Pune,18.4797,74.101,130.22,27.05,-7.2,574.3,45.9,505.5,643.2,3.0,221.7,12.0,14.0,8.0,48.0,14.0,4.0,0.0,20.0,29.5,21.0,1.8,-3.819418919943587,17.55,13.65,21.57,9.8,24.33,3.74,MODERATE,Rain-Shadow Plateau Topography,Manual demo override,MANUAL_OVERRIDE,,2026-09-09,,,,NOT_REQUESTED,28.9,20.4,67.0
MH_PUNE_556310,Koregaon Mul,Koregaon Mul,Haveli,Pune,18.50643,74.1197,132.56,28.56,-7.6,547.8,43.8,482.1,613.5,3.0,222.4,12.0,14.0,8.0,48.0,14.0,4.0,0.0,20.0,29.5,21.0,1.67,-3.772821572680579,17.34,14.02,20.98,9.92,23.67,3.53,MODERATE,Rain-Shadow Plateau Topography,Manual demo override,MANUAL_OVERRIDE,,2026-09-09,,,,NOT_REQUESTED,29.1,20.6,66.9
MH_PUNE_556318,Tilekarwadi,Tilekarwadi,Haveli,Pune,18.51037,74.16402,137.15,33.18,-8.4,542.4,43.4,477.3,607.5,3.0,224.1,12.0,14.0,8.0,48.0,14.0,4.0,0.0,20.0,29.5,21.0,0.99,-3.7921561277694282,16.58,12.47,20.11,8.89,23.69,3.73,MODERATE,Rain-Shadow Plateau Topography,Manual demo override,MANUAL_OVERRIDE,,2026-09-09,,,,NOT_REQUESTED,30.4,21.9,66.6
MH_PUNE_556311,Peth,Peth,Haveli,Pune,18.51721,74.08758,129.06,25.09,-7.0,538.4,43.1,473.8,603.1,3.0,221.2,12.0,14.0,8.0,48.0,14.0,4.0,0.0,20.0,29.5,21.0,1.67,-3.784241819614276,17.41,13.27,20.84,9.5,24.07,3.74,MODERATE,Rain-Shadow Plateau Topography,Manual demo override,MANUAL_OVERRIDE,,2026-09-09,,,,NOT_REQUESTED,29.1,20.6,67.0
MH_PUNE_556323,Tarade,Tarade,Haveli,Pune,18.45054,74.09304,127.7,27.11,-7.1,605.2,48.4,532.6,677.8,3.0,221.4,12.0,14.0,8.0,48.0,14.0,4.0,0.0,20.0,29.5,21.0,1.8,-3.8508844725309404,17.37,13.41,20.63,8.96,23.63,3.76,MODERATE,Orographic Sahyadri Elevation Gradient,Manual demo override,MANUAL_OVERRIDE,,2026-09-09,,,,NOT_REQUESTED,28.7,20.2,66.9
MH_PUNE_556325,Shindwane,Shindwane,Haveli,Pune,18.4492,74.12947,130.83,30.81,-7.7,600.9,48.1,528.8,673.1,3.0,222.8,12.0,14.0,8.0,48.0,14.0,4.0,0.0,20.0,29.5,21.0,1.8,-3.8730130154577953,17.49,13.34,21.77,9.81,24.15,3.8,MODERATE,Orographic Sahyadri Elevation Gradient,Manual demo override,MANUAL_OVERRIDE,,2026-09-09,,,,NOT_REQUESTED,30.0,21.5,67.0
MH_PUNE_556324,Walati,Walati,Haveli,Pune,18.43254,74.10759,127.89,29.25,-7.3,634.9,50.8,558.7,711.1,3.0,222.0,12.0,14.0,8.0,48.0,14.0,4.0,0.0,20.0,29.5,21.0,1.8,-3.872402736294572,17.41,13.18,21.52,9.69,23.72,3.64,MODERATE,Orographic Sahyadri Elevation Gradient,Manual demo override,MANUAL_OVERRIDE,,2026-09-09,,,,NOT_REQUESTED,28.5,20.0,67.0
MH_PUNE_556466,Pondhe,Pondhe,Purandhar,Pune,18.42884,74.2812,143.47,44.23,-10.5,700.0,56.0,616.0,784.0,3.0,228.4,12.0,14.0,8.0,48.0,14.0,4.0,0.0,20.0,29.5,21.0,-0.45,-4.584704401246317,14.42,10.56,18.52,6.5,21.09,3.73,MODERATE,Orographic Sahyadri Elevation Gradient,Manual demo override,MANUAL_OVERRIDE,,2026-09-09,,,,NOT_REQUESTED,29.4,20.9,65.8
MH_PUNE_556465,Malshiras,Malshiras,Purandhar,Pune,18.40842,74.24102,138.66,43.4,-9.7,730.5,58.4,642.9,818.1,3.0,226.9,12.0,14.0,8.0,48.0,14.0,4.0,0.0,20.0,29.5,21.0,1.2,-4.423819077990728,16.28,12.24,20.08,8.29,22.75,3.77,MODERATE,Orographic Sahyadri Elevation Gradient,Manual demo override,MANUAL_OVERRIDE,,2026-09-09,,,,NOT_REQUESTED,29.2,20.7,66.5
MH_PUNE_556464,Tekavadi,Tekavadi,Purandhar,Pune,18.41875,74.20687,136.07,39.62,-9.1,725.3,58.0,638.3,812.3,3.0,225.7,12.0,14.0,8.0,48.0,14.0,4.0,0.0,20.0,29.5,21.0,1.2,-4.193771456515403,16.7,12.78,20.85,8.79,23.37,3.8,MODERATE,Orographic Sahyadri Elevation Gradient,Manual demo override,MANUAL_OVERRIDE,,2026-09-09,,,,NOT_REQUESTED,29.2,20.7,66.7
MH_PUNE_556461,Waghapur,Waghapur,Purandhar,Pune,18.40903,74.13898,129.33,33.31,-7.9,747.0,59.8,657.3,836.7,3.0,223.1,12.0,14.0,8.0,48.0,14.0,4.0,0.0,20.0,29.5,21.0,1.8,-3.960792363373905,17.16,13.65,21.38,9.29,23.67,3.71,MODERATE,Orographic Sahyadri Elevation Gradient,Manual demo override,MANUAL_OVERRIDE,,2026-09-09,,,,NOT_REQUESTED,29.1,20.6,66.9
MH_PUNE_556458,Gurholi,Gurholi,Purandhar,Pune,18.40824,74.10035,125.81,29.67,-7.2,804.9,64.4,708.3,901.5,3.0,221.7,12.0,14.0,8.0,48.0,14.0,4.0,0.0,20.0,29.5,21.0,1.8,-3.8888154379845723,17.5,13.99,21.27,9.46,24.25,3.73,MODERATE,Orographic Sahyadri Elevation Gradient,Manual demo override,MANUAL_OVERRIDE,,2026-09-09,,,,NOT_REQUESTED,28.7,20.2,67.0
MH_PUNE_556317,Naigaon,Naigaon,Haveli,Pune,18.50208,74.08792,129.29,25.28,-7.0,543.6,43.5,478.3,608.8,3.0,221.3,12.0,14.0,8.0,48.0,14.0,4.0,0.0,20.0,29.5,21.0,1.67,-3.804435305945795,17.26,13.6,21.04,9.55,24.29,3.72,MODERATE,Rain-Shadow Plateau Topography,Manual demo override,MANUAL_OVERRIDE,,2026-09-09,,,,NOT_REQUESTED,29.1,20.6,66.9
MH_PUNE_556345,Ladkatwadi,Ladkatwadi,Daund,Pune,18.51891,74.29897,150.1,47.35,-10.8,538.1,43.0,473.6,602.6,3.0,229.1,6.0,10.0,6.0,70.0,4.0,4.0,0.0,20.0,29.5,21.0,-0.25,-4.234540953852058,14.87,10.72,18.51,6.99,21.9,3.76,MODERATE,Horticultural Orchard Microclimate,Manual demo override,MANUAL_OVERRIDE,,2026-09-09,,,,NOT_REQUESTED,29.5,21.0,65.9
MH_PUNE_556353,Yawat Station,Yawat Station,Daund,Pune,18.49625,74.27145,146.31,44.6,-10.3,548.1,43.8,482.4,613.8,3.0,228.0,6.0,10.0,6.0,70.0,4.0,4.0,0.0,20.0,29.5,21.0,-0.58,-4.204203104741572,14.73,10.74,18.87,7.19,21.19,3.72,MODERATE,Horticultural Orchard Microclimate,Manual demo override,MANUAL_OVERRIDE,,2026-09-09,,,,NOT_REQUESTED,29.4,20.9,65.9
MH_PUNE_556347,Boratewadi,Boratewadi,Daund,Pune,18.51696,74.19656,140.49,36.57,-8.9,533.2,42.7,469.2,597.3,3.0,225.3,6.0,10.0,6.0,70.0,4.0,4.0,0.0,20.0,29.5,21.0,-0.0,-3.8383797535721893,15.6,12.01,19.45,7.95,22.21,3.71,MODERATE,Horticultural Orchard Microclimate,Manual demo override,MANUAL_OVERRIDE,,2026-09-09,,,,NOT_REQUESTED,29.6,21.1,66.2
MH_PUNE_556350,Tambewadi,Tambewadi,Daund,Pune,18.51426,74.24653,145.13,41.84,-9.8,538.0,43.0,473.5,602.5,3.0,227.1,6.0,10.0,6.0,70.0,4.0,4.0,0.0,20.0,29.5,21.0,-0.0,-4.014185430741666,15.37,11.61,19.2,8.18,22.15,3.58,MODERATE,Horticultural Orchard Microclimate,Manual demo override,MANUAL_OVERRIDE,,2026-09-09,,,,NOT_REQUESTED,29.5,21.0,66.1
MH_PUNE_556348,Nandur,Nandur,Daund,Pune,18.52087,74.198,140.59,36.7,-9.0,529.0,42.3,465.5,592.4,3.0,225.3,6.0,10.0,6.0,70.0,4.0,4.0,0.0,20.0,29.5,21.0,-0.0,-3.8297609119262024,15.52,11.58,19.31,7.7,22.19,3.73,MODERATE,Horticultural Orchard Microclimate,Manual demo override,MANUAL_OVERRIDE,,2026-09-09,,,,NOT_REQUESTED,29.6,21.1,66.2
MH_PUNE_556357,Sahajpurwadi,Sahajpurwadi,Daund,Pune,18.49859,74.19511,139.63,36.56,-8.9,542.6,43.4,477.5,607.7,3.0,225.2,6.0,10.0,6.0,70.0,4.0,4.0,0.0,20.0,29.5,21.0,1.08,-3.89116763348818,16.57,12.45,20.62,8.93,23.23,3.68,MODERATE,Horticultural Orchard Microclimate,Manual demo override,MANUAL_OVERRIDE,,2026-09-09,,,,NOT_REQUESTED,29.5,21.0,66.6
MH_PUNE_556356,Jawje Buwachiwadi,Jawje Buwachiwadi,Daund,Pune,18.48597,74.21637,140.76,38.94,-9.3,556.2,44.5,489.4,622.9,3.0,226.0,6.0,10.0,6.0,70.0,4.0,4.0,0.0,20.0,29.5,21.0,-0.58,-4.002008875990587,14.9,11.38,18.94,7.13,22.33,3.84,MODERATE,Horticultural Orchard Microclimate,Manual demo override,MANUAL_OVERRIDE,,2026-09-09,,,,NOT_REQUESTED,29.4,20.9,66.0
MH_PUNE_556361,Boriaindi,Boriaindi,Daund,Pune,18.46683,74.18977,137.26,36.51,-8.8,590.5,47.2,519.7,661.3,3.0,225.0,6.0,10.0,6.0,70.0,4.0,4.0,0.0,20.0,29.5,21.0,1.2,-3.9704207970616068,16.71,12.53,20.03,9.23,24.0,3.77,MODERATE,Horticultural Orchard Microclimate,Manual demo override,MANUAL_OVERRIDE,,2026-09-09,,,,NOT_REQUESTED,29.2,20.7,66.7
MH_PUNE_556355,Kasurdi,Kasurdi,Daund,Pune,18.48131,74.23541,142.2,41.0,-9.6,564.9,45.2,497.1,632.7,3.0,226.7,6.0,10.0,6.0,70.0,4.0,4.0,0.0,20.0,29.5,21.0,-0.45,-4.097015696295424,15.01,11.54,19.36,6.97,21.81,3.82,MODERATE,Horticultural Orchard Microclimate,Manual demo override,MANUAL_OVERRIDE,,2026-09-09,,,,NOT_REQUESTED,29.3,20.8,66.0
MH_PUNE_556358,Boribhadak,Boribhadak,Daund,Pune,18.48176,74.16594,136.03,33.74,-8.4,565.0,45.2,497.2,632.8,3.0,224.1,6.0,10.0,6.0,70.0,4.0,4.0,0.0,20.0,29.5,21.0,1.2,-3.866959265085555,16.73,12.69,20.48,8.21,23.62,3.76,MODERATE,Horticultural Orchard Microclimate,Manual demo override,MANUAL_OVERRIDE,,2026-09-09,,,,NOT_REQUESTED,29.4,20.9,66.7
MH_PUNE_556354,Kamatwadi,Kamatwadi,Daund,Pune,18.49071,74.23831,143.01,41.18,-9.7,551.5,44.1,485.4,617.7,3.0,226.8,6.0,10.0,6.0,70.0,4.0,4.0,0.0,20.0,29.5,21.0,-0.58,-4.073024760037924,14.89,11.35,18.48,7.55,21.21,3.66,MODERATE,Horticultural Orchard Microclimate,Manual demo override,MANUAL_OVERRIDE,,2026-09-09,,,,NOT_REQUESTED,29.4,20.9,66.0
MH_PUNE_556363,Yawat,Yawat,Daund,Pune,18.46629,74.27211,144.67,45.07,-10.3,585.1,46.8,514.9,655.3,3.0,228.1,6.0,10.0,6.0,70.0,4.0,4.0,0.0,20.0,29.5,21.0,-0.45,-4.346376421615959,14.66,10.86,18.67,6.92,21.44,3.79,MODERATE,Horticultural Orchard Microclimate,Manual demo override,MANUAL_OVERRIDE,,2026-09-09,,,,NOT_REQUESTED,29.2,20.7,65.9
MH_PUNE_556359,Dalimb,Dalimb,Daund,Pune,18.44772,74.1578,133.27,33.72,-8.2,600.4,48.0,528.4,672.4,3.0,223.8,6.0,10.0,6.0,70.0,4.0,4.0,0.0,20.0,29.5,21.0,1.88,-3.9290365609955407,17.46,14.17,21.5,9.73,24.07,3.61,MODERATE,Orographic Sahyadri Elevation Gradient,Manual demo override,MANUAL_OVERRIDE,,2026-09-09,,,,NOT_REQUESTED,29.2,20.7,67.0
MH_PUNE_556362,Bharatgoan,Bharatgoan,Daund,Pune,18.45239,74.22747,139.82,40.73,-9.5,600.5,48.0,528.5,672.5,3.0,226.4,6.0,10.0,6.0,70.0,4.0,4.0,0.0,20.0,29.5,21.0,1.2,-4.171662633173423,16.36,12.37,20.55,8.42,22.91,3.74,MODERATE,Orographic Sahyadri Elevation Gradient,Manual demo override,MANUAL_OVERRIDE,,2026-09-09,,,,NOT_REQUESTED,29.1,20.6,66.5
MH_PUNE_556360,Tamhanwadi,Tamhanwadi,Daund,Pune,18.43991,74.19045,135.76,37.27,-8.8,646.1,51.7,568.5,723.6,3.0,225.0,6.0,10.0,6.0,70.0,4.0,4.0,0.0,20.0,29.5,21.0,1.88,-4.053073536624026,17.22,13.34,20.83,8.72,24.21,3.73,MODERATE,Orographic Sahyadri Elevation Gradient,Manual demo override,MANUAL_OVERRIDE,,2026-09-09,,,,NOT_REQUESTED,28.8,20.3,66.9
MH_PUNE_555622,Bhambarde,Bhambarde,Shirur,Pune,18.73106,74.2908,150.0,51.55,-10.6,607.2,48.6,534.3,680.1,3.0,228.8,6.0,10.0,6.0,70.0,4.0,4.0,0.0,20.0,29.5,21.0,-0.0,-3.2474894702721775,16.16,11.69,20.62,8.17,22.89,3.86,MODERATE,Orographic Sahyadri Elevation Gradient,Manual demo override,MANUAL_OVERRIDE,,2026-09-09,,,,NOT_REQUESTED,29.1,20.6,66.5
MH_PUNE_555847,Siddhegavhan,Siddhegavhan,Khed,Pune,18.70342,74.01492,120.81,25.96,-5.7,587.6,47.0,517.1,658.1,3.0,218.6,10.0,12.0,6.0,64.0,5.0,3.0,0.0,20.0,29.5,21.0,0.64,-3.2041390675572776,16.92,13.66,21.08,9.33,24.13,3.81,MODERATE,Rain-Shadow Plateau Topography,Manual demo override,MANUAL_OVERRIDE,,2026-09-09,,,,NOT_REQUESTED,28.8,20.3,66.8
MH_PUNE_555644,Dahiwadi,Dahiwadi,Shirur,Pune,18.69566,74.28926,149.64,49.82,-10.6,545.8,43.7,480.3,611.4,3.0,228.7,6.0,10.0,6.0,70.0,4.0,4.0,0.0,20.0,29.5,21.0,-0.82,-3.3957746297468923,15.3,11.2,19.65,8.06,22.57,3.74,MODERATE,Horticultural Orchard Microclimate,Manual demo override,MANUAL_OVERRIDE,,2026-09-09,,,,NOT_REQUESTED,29.5,21.0,66.1
MH_PUNE_555852,Alandi Rural,Alandi Rural,Khed,Pune,18.70167,73.9031,109.05,19.89,-3.7,601.2,48.1,529.1,673.4,3.0,214.4,10.0,12.0,6.0,64.0,5.0,3.0,0.0,20.0,29.5,21.0,0.64,-3.279750302972059,16.79,13.11,20.79,8.32,23.73,3.81,MODERATE,Orographic Sahyadri Elevation Gradient,Manual demo override,MANUAL_OVERRIDE,,2026-09-09,,,,NOT_REQUESTED,28.7,20.2,66.7
MH_PUNE_555617,Ganegaon Khalsa,Ganegaon Khalsa,Shirur,Pune,18.75872,74.1745,138.03,42.61,-8.5,625.2,50.0,550.2,700.2,3.0,224.5,6.0,10.0,6.0,70.0,4.0,4.0,0.0,20.0,29.5,21.0,1.2,-2.89103750868981,17.62,13.2,21.51,9.79,24.17,3.81,MODERATE,Orographic Sahyadri Elevation Gradient,Manual demo override,MANUAL_OVERRIDE,,2026-09-09,,,,NOT_REQUESTED,29.0,20.5,67.0
MH_PUNE_555843,Pimpalgaon Tarf Khed,Pimpalgaon Tarf Khed,Khed,Pune,18.74706,73.96847,116.31,27.17,-4.8,591.5,47.3,520.5,662.4,3.0,216.8,10.0,12.0,6.0,64.0,5.0,3.0,0.0,20.0,29.5,21.0,0.64,-2.8534471542166946,17.18,13.45,20.72,9.05,23.94,3.74,MODERATE,Rain-Shadow Plateau Topography,Manual demo override,MANUAL_OVERRIDE,,2026-09-09,,,,NOT_REQUESTED,28.7,20.2,66.9
MH_PUNE_555619,Khandale,Khandale,Shirur,Pune,18.75285,74.21466,142.18,45.72,-9.3,596.3,47.7,524.7,667.8,3.0,225.9,6.0,10.0,6.0,70.0,4.0,4.0,0.0,20.0,29.5,21.0,-0.7,-2.9816626334509726,15.75,11.82,19.49,7.74,22.13,3.68,MODERATE,Horticultural Orchard Microclimate,Manual demo override,MANUAL_OVERRIDE,,2026-09-09,,,,NOT_REQUESTED,29.1,20.6,66.3
MH_PUNE_555841,Bhose,Bhose,Khed,Pune,18.73519,73.91271,110.34,23.75,-3.8,589.8,47.2,519.0,660.6,3.0,214.8,10.0,12.0,6.0,64.0,5.0,3.0,0.0,20.0,29.5,21.0,0.64,-2.8992446813443236,17.06,13.29,20.71,9.41,23.82,3.6,MODERATE,Rain-Shadow Plateau Topography,Manual demo override,MANUAL_OVERRIDE,,2026-09-09,,,,NOT_REQUESTED,28.7,20.2,66.8
MH_PUNE_555597,Karandi,Karandi,Shirur,Pune,18.73718,74.07189,127.06,32.82,-6.7,621.9,49.7,547.3,696.4,3.0,220.7,6.0,10.0,6.0,70.0,4.0,4.0,0.0,20.0,29.5,21.0,0.64,-2.9385467391445834,16.98,13.17,21.28,9.74,23.9,3.66,MODERATE,Orographic Sahyadri Elevation Gradient,Manual demo override,MANUAL_OVERRIDE,,2026-09-09,,,,NOT_REQUESTED,29.0,20.5,66.8
MH_PUNE_555618,Burunjwadi,Burunjwadi,Shirur,Pune,18.74645,74.15209,135.56,39.9,-8.1,606.8,48.5,534.1,679.6,3.0,223.6,6.0,10.0,6.0,70.0,4.0,4.0,0.0,20.0,29.5,21.0,1.88,-2.9225756386127832,18.38,14.7,21.74,11.08,24.6,3.53,MODERATE,Orographic Sahyadri Elevation Gradient,Manual demo override,MANUAL_OVERRIDE,,2026-09-09,,,,NOT_REQUESTED,29.1,20.6,67.4
MH_PUNE_555840,Rase,Rase,Khed,Pune,18.73081,73.88231,107.11,22.59,-3.3,658.4,52.7,579.3,737.4,3.0,213.6,10.0,12.0,6.0,64.0,5.0,3.0,0.0,20.0,29.5,21.0,0.64,-2.859384395776809,17.25,13.85,20.87,9.71,24.18,3.63,MODERATE,Orographic Sahyadri Elevation Gradient,Manual demo override,MANUAL_OVERRIDE,,2026-09-09,,,,NOT_REQUESTED,28.3,19.8,66.9
MH_PUNE_555625,Kondhapuri,Kondhapuri,Shirur,Pune,18.73231,74.19423,139.86,42.68,-8.9,593.8,47.5,522.6,665.1,3.0,225.2,6.0,10.0,6.0,70.0,4.0,4.0,0.0,20.0,29.5,21.0,1.2,-3.0378772095764655,17.58,14.04,21.07,9.56,24.21,3.67,MODERATE,Horticultural Orchard Microclimate,Manual demo override,MANUAL_OVERRIDE,,2026-09-09,,,,NOT_REQUESTED,29.2,20.7,67.0
MH_PUNE_555846,Sabalewadi,Sabalewadi,Khed,Pune,18.72847,74.03738,123.36,29.61,-6.1,621.1,49.7,546.5,695.6,3.0,219.4,10.0,12.0,6.0,64.0,5.0,3.0,0.0,20.0,29.5,21.0,0.64,-3.0053400025082753,17.15,13.28,20.53,9.8,23.23,3.57,MODERATE,Orographic Sahyadri Elevation Gradient,Manual demo override,MANUAL_OVERRIDE,,2026-09-09,,,,NOT_REQUESTED,29.0,20.5,66.9
MH_PUNE_555624,Rautwadi,Rautwadi,Shirur,Pune,18.73211,74.14339,134.52,38.22,-8.0,596.5,47.7,525.0,668.1,3.0,223.3,6.0,10.0,6.0,70.0,4.0,4.0,0.0,20.0,29.5,21.0,1.88,-2.984573184917861,18.44,14.71,22.05,10.75,25.14,3.76,MODERATE,Horticultural Orchard Microclimate,Manual demo override,MANUAL_OVERRIDE,,2026-09-09,,,,NOT_REQUESTED,29.2,20.7,67.4
MH_PUNE_555842,Shelgaon,Shelgaon,Khed,Pune,18.73422,73.93803,112.99,24.53,-4.3,571.3,45.7,502.8,639.9,3.0,215.7,10.0,12.0,6.0,64.0,5.0,3.0,0.0,20.0,29.5,21.0,0.64,-2.95354755675352,17.09,13.38,21.01,9.03,23.84,3.79,MODERATE,Rain-Shadow Plateau Topography,Manual demo override,MANUAL_OVERRIDE,,2026-09-09,,,,NOT_REQUESTED,28.9,20.4,66.8
MH_PUNE_555845,Bahul,Bahul,Khed,Pune,18.73025,74.00947,120.44,27.9,-5.6,571.4,45.7,502.9,640.0,3.0,218.4,10.0,12.0,6.0,64.0,5.0,3.0,0.0,20.0,29.5,21.0,0.64,-3.004794665603981,17.15,13.83,20.78,9.2,23.97,3.75,MODERATE,Rain-Shadow Plateau Topography,Manual demo override,MANUAL_OVERRIDE,,2026-09-09,,,,NOT_REQUESTED,28.9,20.4,66.9
MH_PUNE_555623,Karanjavane,Karanjavane,Shirur,Pune,18.71836,74.26403,147.1,48.39,-10.2,624.0,49.9,549.1,698.8,3.0,227.8,6.0,10.0,6.0,70.0,4.0,4.0,0.0,20.0,29.5,21.0,-0.7,-3.2328803826764183,15.5,11.52,19.41,8.21,22.03,3.68,MODERATE,Orographic Sahyadri Elevation Gradient,Manual demo override,MANUAL_OVERRIDE,,2026-09-09,,,,NOT_REQUESTED,29.0,20.5,66.2
MH_PUNE_555602,Jategaon Kh,Jategaon Kh,Shirur,Pune,18.72126,74.10033,129.91,33.88,-7.2,600.1,48.0,528.1,672.1,3.0,221.7,6.0,10.0,6.0,70.0,4.0,4.0,0.0,20.0,29.5,21.0,1.88,-3.0271394238014198,18.38,14.98,21.93,11.42,24.7,3.54,MODERATE,Orographic Sahyadri Elevation Gradient,Manual demo override,MANUAL_OVERRIDE,,2026-09-09,,,,NOT_REQUESTED,29.2,20.7,67.4
MH_PUNE_555850,Chimbali,Chimbali,Khed,Pune,18.69969,73.86228,104.74,18.91,-2.9,589.2,47.1,518.5,659.8,3.0,212.9,10.0,12.0,6.0,64.0,5.0,3.0,0.0,20.0,29.5,21.0,0.64,-3.195371277482156,16.91,13.06,20.99,9.17,23.78,3.81,MODERATE,Rain-Shadow Plateau Topography,Manual demo override,MANUAL_OVERRIDE,,2026-09-09,,,,NOT_REQUESTED,28.7,20.2,66.8
MH_PUNE_555628,Shikrapur,Shikrapur,Shirur,Pune,18.71035,74.13615,133.61,36.21,-7.9,584.3,46.7,514.3,654.4,3.0,223.0,6.0,10.0,6.0,70.0,4.0,4.0,0.0,20.0,29.5,21.0,1.88,-3.085270690353153,18.15,14.55,22.13,10.13,24.59,3.78,MODERATE,Horticultural Orchard Microclimate,Manual demo override,MANUAL_OVERRIDE,,2026-09-09,,,,NOT_REQUESTED,29.3,20.8,67.3
MH_PUNE_555626,Nimgaon Mhalungi,Nimgaon Mhalungi,Shirur,Pune,18.70521,74.22585,143.01,44.14,-9.5,559.4,44.8,492.2,626.6,3.0,226.4,6.0,10.0,6.0,70.0,4.0,4.0,0.0,20.0,29.5,21.0,-0.54,-3.205620965655392,15.73,11.99,20.23,8.33,22.67,3.73,MODERATE,Horticultural Orchard Microclimate,Manual demo override,MANUAL_OVERRIDE,,2026-09-09,,,,NOT_REQUESTED,29.4,20.9,66.3
MH_PUNE_556211,Fulgaon,Fulgaon,Haveli,Pune,18.6448,74.01748,120.9,21.78,-5.7,567.9,45.4,499.8,636.0,3.0,218.6,12.0,14.0,8.0,48.0,14.0,4.0,0.0,20.0,29.5,21.0,0.64,-3.581821405754443,16.48,12.82,20.0,8.85,23.3,3.65,MODERATE,Rain-Shadow Plateau Topography,Manual demo override,MANUAL_OVERRIDE,,2026-09-09,,,,NOT_REQUESTED,28.9,20.4,66.6
MH_PUNE_556309,Bhawarapur,Bhawarapur,Haveli,Pune,18.52618,74.13824,134.27,30.39,-7.9,531.0,42.5,467.3,594.8,3.0,223.1,12.0,14.0,8.0,48.0,14.0,4.0,0.0,20.0,29.5,21.0,1.67,-3.7326870869540407,17.34,13.49,21.52,9.74,24.4,3.81,MODERATE,Rain-Shadow Plateau Topography,Manual demo override,MANUAL_OVERRIDE,,2026-09-09,,,,NOT_REQUESTED,30.5,22.0,66.9
MH_PUNE_555629,Pimpale Jagtap,Pimpale Jagtap,Shirur,Pune,18.70589,74.05944,125.51,29.49,-6.5,591.1,47.3,520.2,662.1,3.0,220.2,6.0,10.0,6.0,70.0,4.0,4.0,0.0,20.0,29.5,21.0,0.64,-3.1362836006792207,16.93,13.17,20.72,9.1,24.47,3.85,MODERATE,Horticultural Orchard Microclimate,Manual demo override,MANUAL_OVERRIDE,,2026-09-09,,,,NOT_REQUESTED,29.2,20.7,66.8
MH_PUNE_555854,Koyali Tarf Chakan,Koyali Tarf Chakan,Khed,Pune,18.70579,73.976,116.74,23.63,-5.0,573.1,45.8,504.4,641.8,3.0,217.1,10.0,12.0,6.0,64.0,5.0,3.0,0.0,20.0,29.5,21.0,0.64,-3.2313375691277195,16.85,13.1,20.97,9.46,23.58,3.81,MODERATE,Rain-Shadow Plateau Topography,Manual demo override,MANUAL_OVERRIDE,,2026-09-09,,,,NOT_REQUESTED,28.8,20.3,66.7
MH_PUNE_555853,Vadgaon Ghenand,Vadgaon Ghenand,Khed,Pune,18.70947,73.934,112.35,21.83,-4.2,595.6,47.6,524.2,667.0,3.0,215.6,10.0,12.0,6.0,64.0,5.0,3.0,0.0,20.0,29.5,21.0,0.64,-3.21473990046248,16.9,13.15,20.83,9.64,23.46,3.65,MODERATE,Rain-Shadow Plateau Topography,Manual demo override,MANUAL_OVERRIDE,,2026-09-09,,,,NOT_REQUESTED,28.7,20.2,66.8
MH_PUNE_555627,Kasari,Kasari,Shirur,Pune,18.69879,74.1759,137.72,39.14,-8.6,571.3,45.7,502.8,639.9,3.0,224.5,6.0,10.0,6.0,70.0,4.0,4.0,0.0,20.0,29.5,21.0,1.2,-3.1616015402156536,17.46,13.67,21.17,10.05,23.75,3.6,MODERATE,Horticultural Orchard Microclimate,Manual demo override,MANUAL_OVERRIDE,,2026-09-09,,,,NOT_REQUESTED,29.3,20.8,67.0
MH_PUNE_555851,Kelgaon,Kelgaon,Khed,Pune,18.70085,73.8852,107.16,19.36,-3.3,598.3,47.9,526.4,670.1,3.0,213.8,10.0,12.0,6.0,64.0,5.0,3.0,0.0,20.0,29.5,21.0,0.64,-3.2562548945260237,16.95,12.69,20.91,8.81,23.69,3.76,MODERATE,Rain-Shadow Plateau Topography,Manual demo override,MANUAL_OVERRIDE,,2026-09-09,,,,NOT_REQUESTED,28.7,20.2,66.8
MH_PUNE_555860,Charholi Kh,Charholi Kh,Khed,Pune,18.68503,73.91162,109.85,18.42,-3.8,583.1,46.7,513.1,653.2,3.0,214.7,10.0,12.0,6.0,64.0,5.0,3.0,0.0,20.0,29.5,21.0,0.64,-3.476481924377635,16.6,13.1,19.92,8.55,23.89,3.8,MODERATE,Rain-Shadow Plateau Topography,Manual demo override,MANUAL_OVERRIDE,,2026-09-09,,,,NOT_REQUESTED,28.8,20.3,66.6
MH_PUNE_555645,Parodi,Parodi,Shirur,Pune,18.68529,74.26441,146.98,46.96,-10.2,584.0,46.7,514.0,654.1,3.0,227.8,6.0,10.0,6.0,70.0,4.0,4.0,0.0,20.0,29.5,21.0,-0.7,-3.373400554369698,15.4,11.79,19.54,7.81,22.26,3.69,MODERATE,Horticultural Orchard Microclimate,Manual demo override,MANUAL_OVERRIDE,,2026-09-09,,,,NOT_REQUESTED,29.2,20.7,66.2
MH_PUNE_555855,Markal,Markal,Khed,Pune,18.66919,73.9731,116.26,20.19,-4.9,560.7,44.9,493.4,628.1,3.0,217.0,10.0,12.0,6.0,64.0,5.0,3.0,0.0,20.0,29.5,21.0,0.24,-3.5417595203135877,16.04,12.26,20.19,8.37,22.7,3.7,MODERATE,Rain-Shadow Plateau Topography,Manual demo override,MANUAL_OVERRIDE,,2026-09-09,,,,NOT_REQUESTED,28.9,20.4,66.4
MH_PUNE_555632,Wadhu Bk,Wadhu Bk,Shirur,Pune,18.6761,74.05451,124.85,26.99,-6.4,565.2,45.2,497.4,633.0,3.0,220.0,6.0,10.0,6.0,70.0,4.0,4.0,0.0,20.0,29.5,21.0,0.64,-3.3176535004371295,16.82,12.58,20.61,8.6,24.3,3.94,MODERATE,Horticultural Orchard Microclimate,Manual demo override,MANUAL_OVERRIDE,,2026-09-09,,,,NOT_REQUESTED,28.9,20.4,66.7
MH_PUNE_555858,Solu,Solu,Khed,Pune,18.67261,73.94041,112.83,18.5,-4.3,568.2,45.5,500.0,636.5,3.0,215.8,10.0,12.0,6.0,64.0,5.0,3.0,0.0,20.0,29.5,21.0,0.64,-3.5788914176953885,16.58,13.27,20.49,9.31,23.46,3.67,MODERATE,Rain-Shadow Plateau Topography,Manual demo override,MANUAL_OVERRIDE,,2026-09-09,,,,NOT_REQUESTED,28.9,20.4,66.6
MH_PUNE_555859,Dhanore,Dhanore,Khed,Pune,18.66689,73.92202,110.87,17.01,-4.0,570.6,45.7,502.1,639.2,3.0,215.1,10.0,12.0,6.0,64.0,5.0,3.0,0.0,20.0,29.5,21.0,0.64,-3.659606304325512,16.55,12.57,20.74,9.33,23.61,3.71,MODERATE,Rain-Shadow Plateau Topography,Manual demo override,MANUAL_OVERRIDE,,2026-09-09,,,,NOT_REQUESTED,28.9,20.4,66.6
MH_PUNE_555635,Talegaon Dhamdhere,Talegaon Dhamdhere,Shirur,Pune,18.6575,74.16525,136.48,36.12,-8.4,554.6,44.4,488.0,621.2,3.0,224.1,6.0,10.0,6.0,70.0,4.0,4.0,0.0,20.0,29.5,21.0,1.08,-3.324708667398942,17.2,13.09,20.98,9.56,24.0,3.67,MODERATE,Horticultural Orchard Microclimate,Manual demo override,MANUAL_OVERRIDE,,2026-09-09,,,,NOT_REQUESTED,29.4,20.9,66.9
MH_PUNE_555646,Shivtakrar Mahalungi,Shivtakrar Mahalungi,Shirur,Pune,18.67327,74.24693,145.11,44.76,-9.8,535.1,42.8,470.9,599.3,3.0,227.1,6.0,10.0,6.0,70.0,4.0,4.0,0.0,20.0,29.5,21.0,-0.0,-3.381267247275064,16.05,12.0,20.09,8.44,22.47,3.7,MODERATE,Horticultural Orchard Microclimate,Manual demo override,MANUAL_OVERRIDE,,2026-09-09,,,,NOT_REQUESTED,29.6,21.1,66.4
MH_PUNE_556212,Wadhu Kh,Wadhu Kh,Haveli,Pune,18.64464,74.03885,123.15,23.64,-6.1,560.8,44.9,493.5,628.2,3.0,219.4,12.0,14.0,8.0,48.0,14.0,4.0,0.0,20.0,29.5,21.0,0.24,-3.52220437039057,16.16,12.38,20.65,8.12,23.25,3.82,MODERATE,Rain-Shadow Plateau Topography,Manual demo override,MANUAL_OVERRIDE,,2026-09-09,,,,NOT_REQUESTED,29.0,20.5,66.5
MH_PUNE_555648,Arangaon,Arangaon,Shirur,Pune,18.63745,74.28208,148.78,47.08,-10.5,535.6,42.8,471.4,599.8,3.0,228.4,6.0,10.0,6.0,70.0,4.0,4.0,0.0,20.0,29.5,21.0,-0.25,-3.6258635212447174,15.68,11.66,19.68,7.73,22.19,3.69,MODERATE,Horticultural Orchard Microclimate,Manual demo override,MANUAL_OVERRIDE,,2026-09-09,,,,NOT_REQUESTED,29.6,21.1,66.3
MH_PUNE_556207,Nirgudi,Nirgudi,Haveli,Pune,18.63413,73.94288,113.04,15.16,-4.4,600.0,48.0,528.0,672.0,3.0,215.9,12.0,14.0,8.0,48.0,14.0,4.0,0.0,20.0,29.5,21.0,0.64,-3.8930932421424176,16.06,12.06,19.35,8.56,22.85,3.75,MODERATE,Rain-Shadow Plateau Topography,Manual demo override,MANUAL_OVERRIDE,,2026-09-09,,,,NOT_REQUESTED,28.7,20.2,66.4
MH_PUNE_555857,Pimpalgaon Tarf Chakan,Pimpalgaon Tarf Chakan,Khed,Pune,18.64255,73.95198,114.0,16.5,-4.5,547.5,43.8,481.8,613.2,3.0,216.2,10.0,12.0,6.0,64.0,5.0,3.0,0.0,20.0,29.5,21.0,0.14,-3.8032328417669783,15.69,12.15,19.53,7.96,21.71,3.63,MODERATE,Rain-Shadow Plateau Topography,Manual demo override,MANUAL_OVERRIDE,,2026-09-09,,,,NOT_REQUESTED,29.0,20.5,66.3
MH_PUNE_555631,Apti,Apti,Shirur,Pune,18.67253,74.01936,121.14,23.87,-5.7,564.4,45.1,496.7,632.0,3.0,218.7,6.0,10.0,6.0,70.0,4.0,4.0,0.0,20.0,29.5,21.0,0.64,-3.4091622456278423,16.79,12.42,20.6,9.18,23.6,3.66,MODERATE,Horticultural Orchard Microclimate,Manual demo override,MANUAL_OVERRIDE,,2026-09-09,,,,NOT_REQUESTED,28.9,20.4,66.7
MH_PUNE_555636,Takali Bhima,Takali Bhima,Shirur,Pune,18.66322,74.21849,142.09,41.56,-9.3,552.2,44.2,485.9,618.5,3.0,226.1,6.0,10.0,6.0,70.0,4.0,4.0,0.0,20.0,29.5,21.0,-0.58,-3.36408648334589,15.7,11.9,19.37,8.14,22.52,3.69,MODERATE,Horticultural Orchard Microclimate,Manual demo override,MANUAL_OVERRIDE,,2026-09-09,,,,NOT_REQUESTED,29.4,20.9,66.3
MH_PUNE_556210,Tulapur,Tulapur,Haveli,Pune,18.65327,73.99656,118.7,20.65,-5.3,559.5,44.8,492.3,626.7,3.0,217.9,12.0,14.0,8.0,48.0,14.0,4.0,0.0,20.0,29.5,21.0,0.24,-3.592891086497513,16.21,12.2,20.5,8.52,23.19,3.81,MODERATE,Rain-Shadow Plateau Topography,Manual demo override,MANUAL_OVERRIDE,,2026-09-09,,,,NOT_REQUESTED,28.9,20.4,66.5
MH_PUNE_555633,Dingrajwadi,Dingrajwadi,Shirur,Pune,18.64322,74.10047,129.64,29.25,-7.2,557.1,44.6,490.2,624.0,3.0,221.7,6.0,10.0,6.0,70.0,4.0,4.0,0.0,20.0,29.5,21.0,1.67,-3.405226594812667,17.76,13.35,21.52,10.03,24.76,3.8,MODERATE,Horticultural Orchard Microclimate,Manual demo override,MANUAL_OVERRIDE,,2026-09-09,,,,NOT_REQUESTED,29.0,20.5,67.1
MH_PUNE_555634,Darekarwadi,Darekarwadi,Shirur,Pune,18.64946,74.12224,131.94,31.62,-7.6,568.1,45.4,500.0,636.2,3.0,222.5,6.0,10.0,6.0,70.0,4.0,4.0,0.0,20.0,29.5,21.0,1.8,-3.3588750973036694,17.99,14.5,21.79,10.5,24.88,3.71,MODERATE,Horticultural Orchard Microclimate,Manual demo override,MANUAL_OVERRIDE,,2026-09-09,,,,NOT_REQUESTED,29.4,20.9,67.2
MH_PUNE_555637,Vitthalwadi,Vitthalwadi,Shirur,Pune,18.62965,74.18908,138.99,37.42,-8.8,542.2,43.4,477.1,607.3,3.0,225.0,6.0,10.0,6.0,70.0,4.0,4.0,0.0,20.0,29.5,21.0,1.08,-3.4502472139043165,17.01,13.06,20.71,9.14,23.66,3.65,MODERATE,Horticultural Orchard Microclimate,Manual demo override,MANUAL_OVERRIDE,,2026-09-09,,,,NOT_REQUESTED,29.5,21.0,66.8
MH_PUNE_555638,Dhanore,Dhanore,Shirur,Pune,18.62694,74.13242,133.02,31.66,-7.8,550.1,44.0,484.1,616.1,3.0,222.9,6.0,10.0,6.0,70.0,4.0,4.0,0.0,20.0,29.5,21.0,1.67,-3.4403725869238038,17.74,13.9,21.24,10.02,24.4,3.74,MODERATE,Horticultural Orchard Microclimate,Manual demo override,MANUAL_OVERRIDE,,2026-09-09,,,,NOT_REQUESTED,29.5,21.0,67.1
MH_PUNE_555856,Golegaon,Golegaon,Khed,Pune,18.62989,73.97545,116.48,17.27,-5.0,578.8,46.3,509.3,648.2,3.0,217.1,10.0,12.0,6.0,64.0,5.0,3.0,0.0,20.0,29.5,21.0,0.64,-3.8096670374978756,16.27,12.86,19.47,8.75,22.53,3.58,MODERATE,Rain-Shadow Plateau Topography,Manual demo override,MANUAL_OVERRIDE,,2026-09-09,,,,NOT_REQUESTED,28.8,20.3,66.5
MH_PUNE_556213,Perane,Perane,Haveli,Pune,18.61912,74.05675,125.07,23.94,-6.4,558.5,44.7,491.4,625.5,3.0,220.1,12.0,14.0,8.0,48.0,14.0,4.0,0.0,20.0,29.5,21.0,0.13,-3.5912259193401015,15.97,12.24,19.56,8.08,22.7,3.65,MODERATE,Rain-Shadow Plateau Topography,Manual demo override,MANUAL_OVERRIDE,,2026-09-09,,,,NOT_REQUESTED,29.0,20.5,66.4
MH_PUNE_556223,Bhawadi,Bhawadi,Haveli,Pune,18.61566,73.99192,118.25,17.73,-5.3,581.9,46.6,512.0,651.8,3.0,217.7,12.0,14.0,8.0,48.0,14.0,4.0,0.0,20.0,29.5,21.0,0.64,-3.8259683132601188,16.4,12.79,20.26,8.55,23.43,3.86,MODERATE,Rain-Shadow Plateau Topography,Manual demo override,MANUAL_OVERRIDE,,2026-09-09,,,,NOT_REQUESTED,28.8,20.3,66.6
MH_PUNE_556222,Loni Kand,Loni Kand,Haveli,Pune,18.61267,74.02678,121.93,20.78,-5.9,598.4,47.9,526.5,670.2,3.0,219.0,12.0,14.0,8.0,48.0,14.0,4.0,0.0,20.0,29.5,21.0,0.64,-3.710390366182115,16.36,12.26,20.32,8.7,23.47,3.81,MODERATE,Rain-Shadow Plateau Topography,Manual demo override,MANUAL_OVERRIDE,,2026-09-09,,,,NOT_REQUESTED,28.7,20.2,66.5
MH_PUNE_556208,Wadgaon Shinde,Wadgaon Shinde,Haveli,Pune,18.62278,73.95727,114.58,15.31,-4.6,563.3,45.1,495.6,630.9,3.0,216.4,12.0,14.0,8.0,48.0,14.0,4.0,0.0,20.0,29.5,21.0,0.64,-3.9199325363821824,16.16,12.03,19.74,8.69,23.43,3.72,MODERATE,Rain-Shadow Plateau Topography,Manual demo override,MANUAL_OVERRIDE,,2026-09-09,,,,NOT_REQUESTED,28.9,20.4,66.5
MH_PUNE_556215,Burkegaon,Burkegaon,Haveli,Pune,18.61075,74.10181,129.84,28.02,-7.2,555.9,44.5,489.2,622.7,3.0,221.8,12.0,14.0,8.0,48.0,14.0,4.0,0.0,20.0,29.5,21.0,1.67,-3.5279500273268454,17.68,13.45,21.06,10.1,24.57,3.69,MODERATE,Rain-Shadow Plateau Topography,Manual demo override,MANUAL_OVERRIDE,,2026-09-09,,,,NOT_REQUESTED,29.0,20.5,67.1
MH_PUNE_556214,Dongargaon,Dongargaon,Haveli,Pune,18.60544,74.08144,127.71,25.8,-6.9,561.2,44.9,493.9,628.6,3.0,221.0,12.0,14.0,8.0,48.0,14.0,4.0,0.0,20.0,29.5,21.0,0.24,-3.5829833634247783,16.19,12.76,20.2,8.67,23.01,3.81,MODERATE,Rain-Shadow Plateau Topography,Manual demo override,MANUAL_OVERRIDE,,2026-09-09,,,,NOT_REQUESTED,29.0,20.5,66.5
MH_PUNE_556216,Pimpri Sandas,Pimpri Sandas,Haveli,Pune,18.59247,74.12242,132.08,29.54,-7.6,556.8,44.5,490.0,623.5,3.0,222.5,12.0,14.0,8.0,48.0,14.0,4.0,0.0,20.0,29.5,21.0,1.67,-3.5640096895509825,17.52,13.67,21.73,10.13,24.37,3.7,MODERATE,Rain-Shadow Plateau Topography,Manual demo override,MANUAL_OVERRIDE,,2026-09-09,,,,NOT_REQUESTED,30.3,21.8,67.0
MH_PUNE_556304,Sangavi Sandas,Sangavi Sandas,Haveli,Pune,18.60263,74.18004,138.11,35.71,-8.6,552.5,44.2,486.2,618.8,3.0,224.7,12.0,14.0,8.0,48.0,14.0,4.0,0.0,20.0,29.5,21.0,1.08,-3.536810452501226,16.94,13.19,20.57,9.28,23.86,3.71,MODERATE,Rain-Shadow Plateau Topography,Manual demo override,MANUAL_OVERRIDE,,2026-09-09,,,,NOT_REQUESTED,30.3,21.8,66.8
MH_PUNE_556303,Nhavi Sandas,Nhavi Sandas,Haveli,Pune,18.59507,74.15715,135.73,33.18,-8.2,544.9,43.6,479.5,610.3,3.0,223.8,12.0,14.0,8.0,48.0,14.0,4.0,0.0,20.0,29.5,21.0,1.67,-3.5468939747118347,17.64,13.78,21.27,10.35,24.6,3.72,MODERATE,Rain-Shadow Plateau Topography,Manual demo override,MANUAL_OVERRIDE,,2026-09-09,,,,NOT_REQUESTED,30.4,21.9,67.1
MH_PUNE_556221,Bakori,Bakori,Haveli,Pune,18.58997,74.05528,125.03,22.64,-6.4,596.3,47.7,524.8,667.9,3.0,220.0,12.0,14.0,8.0,48.0,14.0,4.0,0.0,20.0,29.5,21.0,0.64,-3.7015129621823846,16.48,12.35,20.77,8.8,23.51,3.85,MODERATE,Rain-Shadow Plateau Topography,Manual demo override,MANUAL_OVERRIDE,,2026-09-09,,,,NOT_REQUESTED,28.7,20.2,66.6
MH_PUNE_556225,Kesnand,Kesnand,Haveli,Pune,18.56565,74.02795,122.31,19.17,-5.9,564.6,45.2,496.8,632.4,3.0,219.0,12.0,14.0,8.0,48.0,14.0,4.0,0.0,20.0,29.5,21.0,0.64,-3.8637056226483115,16.2,12.53,19.69,9.22,22.88,3.54,MODERATE,Rain-Shadow Plateau Topography,Manual demo override,MANUAL_OVERRIDE,,2026-09-09,,,,NOT_REQUESTED,28.9,20.4,66.5
MH_PUNE_556312,Prayagdhum,Prayagdhum,Haveli,Pune,18.52544,74.07957,128.12,24.21,-6.8,543.4,43.5,478.2,608.7,3.0,220.9,12.0,14.0,8.0,48.0,14.0,4.0,0.0,20.0,29.5,21.0,0.14,-3.7860107897814563,15.83,12.1,20.08,8.23,22.35,3.6,MODERATE,Rain-Shadow Plateau Topography,Manual demo override,MANUAL_OVERRIDE,,2026-09-09,,,,NOT_REQUESTED,29.1,20.6,66.3
MH_PUNE_556220,Wade Bolhai,Wade Bolhai,Haveli,Pune,18.55639,74.07148,126.96,23.53,-6.7,553.8,44.3,487.4,620.3,3.0,220.6,12.0,14.0,8.0,48.0,14.0,4.0,0.0,20.0,29.5,21.0,0.13,-3.7464949754273826,15.87,11.9,19.86,7.6,22.67,3.85,MODERATE,Rain-Shadow Plateau Topography,Manual demo override,MANUAL_OVERRIDE,,2026-09-09,,,,NOT_REQUESTED,29.0,20.5,66.3
MH_PUNE_556306,Shindewadi,Shindewadi,Haveli,Pune,18.56624,74.15903,136.09,32.83,-8.3,539.1,43.1,474.4,603.7,3.0,223.9,12.0,14.0,8.0,48.0,14.0,4.0,0.0,20.0,29.5,21.0,0.99,-3.636286340638094,16.97,13.4,20.6,9.16,24.08,3.8,MODERATE,Rain-Shadow Plateau Topography,Manual demo override,MANUAL_OVERRIDE,,2026-09-09,,,,NOT_REQUESTED,30.4,21.9,66.8
MH_PUNE_556305,Ashtapur,Ashtapur,Haveli,Pune,18.55435,74.13014,133.15,29.66,-7.7,530.9,42.5,467.1,594.6,3.0,222.8,12.0,14.0,8.0,48.0,14.0,4.0,0.0,20.0,29.5,21.0,1.67,-3.666009574907345,17.45,13.91,21.32,10.1,24.78,3.66,MODERATE,Rain-Shadow Plateau Topography,Manual demo override,MANUAL_OVERRIDE,,2026-09-09,,,,NOT_REQUESTED,30.5,22.0,67.0
MH_PUNE_556228,Sashte,Sashte,Haveli,Pune,18.54101,74.05165,125.02,21.29,-6.3,540.7,43.3,475.8,605.7,3.0,219.9,12.0,14.0,8.0,48.0,14.0,4.0,0.0,20.0,29.5,21.0,0.14,-3.8318532025881926,15.81,11.9,19.5,8.47,22.93,3.71,MODERATE,Rain-Shadow Plateau Topography,Manual demo override,MANUAL_OVERRIDE,,2026-09-09,,,,NOT_REQUESTED,29.1,20.6,66.3
MH_PUNE_556874,Bhondvewadi,Bhondvewadi,Baramati,Pune,18.33841,74.33051,143.69,33.66,-11.3,637.4,51.0,560.9,713.9,3.0,230.2,6.0,10.0,6.0,70.0,4.0,4.0,0.0,20.0,29.5,21.0,-0.45,-5.453644497536549,13.57,10.39,17.51,5.75,20.06,3.59,MODERATE,Orographic Sahyadri Elevation Gradient,Manual demo override,MANUAL_OVERRIDE,,2026-09-09,,,,NOT_REQUESTED,28.9,20.4,65.4
MH_PUNE_556307,Hingangaon,Hingangaon,Haveli,Pune,18.54144,74.15463,135.83,32.14,-8.2,531.1,42.5,467.4,594.9,3.0,223.7,12.0,14.0,8.0,48.0,14.0,4.0,0.0,20.0,29.5,21.0,0.99,-3.7024669354256394,16.75,13.08,20.12,8.69,23.43,3.76,MODERATE,Rain-Shadow Plateau Topography,Manual demo override,MANUAL_OVERRIDE,,2026-09-09,,,,NOT_REQUESTED,30.5,22.0,66.7
MH_PUNE_556226,Taleranwadi,Taleranwadi,Haveli,Pune,18.54712,74.02184,121.83,18.22,-5.8,543.5,43.5,478.2,608.7,3.0,218.8,12.0,14.0,8.0,48.0,14.0,4.0,0.0,20.0,29.5,21.0,0.14,-3.9260533174703363,15.71,12.12,19.78,7.83,22.13,3.68,MODERATE,Rain-Shadow Plateau Topography,Manual demo override,MANUAL_OVERRIDE,,2026-09-09,,,,NOT_REQUESTED,29.1,20.6,66.3
MH_PUNE_556209,Manjari Kh,Manjari Kh,Haveli,Pune,18.52699,73.99739,119.49,15.54,-5.4,544.7,43.6,479.3,610.1,3.0,217.9,12.0,14.0,8.0,48.0,14.0,4.0,0.0,20.0,29.5,21.0,0.14,-4.052317977919631,15.69,12.04,19.58,7.19,22.23,3.72,MODERATE,Rain-Shadow Plateau Topography,Manual demo override,MANUAL_OVERRIDE,,2026-09-09,,,,NOT_REQUESTED,29.0,20.5,66.3
MH_PUNE_556229,Biwari,Biwari,Haveli,Pune,18.53228,74.1032,130.52,26.7,-7.3,548.2,43.9,482.4,614.1,3.0,221.8,12.0,14.0,8.0,48.0,14.0,4.0,0.0,20.0,29.5,21.0,1.67,-3.7366525690783803,17.31,14.01,21.13,9.76,24.3,3.67,MODERATE,Rain-Shadow Plateau Topography,Manual demo override,MANUAL_OVERRIDE,,2026-09-09,,,,NOT_REQUESTED,29.1,20.6,66.9
MH_PUNE_556308,Khamgaon Tek,Khamgaon Tek,Haveli,Pune,18.5248,74.16987,137.6,33.73,-8.5,530.3,42.4,466.7,593.9,3.0,224.3,12.0,14.0,8.0,48.0,14.0,4.0,0.0,20.0,29.5,21.0,1.08,-3.7627036586597793,16.77,12.71,20.6,8.57,23.1,3.79,MODERATE,Rain-Shadow Plateau Topography,Manual demo override,MANUAL_OVERRIDE,,2026-09-09,,,,NOT_REQUESTED,30.5,22.0,66.7
MH_PUNE_251521,Alandi,Alandi,Haveli,Pune,18.68259,73.89703,108.3,17.68,-3.5,573.0,45.8,504.3,641.7,3.0,214.2,12.0,14.0,8.0,48.0,14.0,4.0,0.0,20.0,29.5,21.0,0.64,-3.4977395457544787,16.59,12.78,20.3,8.74,23.28,3.74,MODERATE,Rain-Shadow Plateau Topography,Manual demo override,MANUAL_OVERRIDE,,2026-09-09,,,,NOT_REQUESTED,28.9,20.4,66.6
MH_PUNE_251528,Pimpri Chinchwad,Pimpri Chinchwad,Haveli,Pune,18.58294,73.85103,103.58,5.89,-2.7,552.5,44.2,486.2,618.8,3.0,212.5,12.0,14.0,8.0,48.0,14.0,4.0,0.0,20.0,29.5,21.0,0.14,-4.399475589980362,15.2,11.37,19.04,7.96,22.23,3.76,MODERATE,Riparian Godavari River Valley,Manual demo override,MANUAL_OVERRIDE,,2026-09-09,,,,NOT_REQUESTED,29.0,20.5,66.1
MH_PUNE_556231,Lahagaon,Lahagaon,Haveli,Pune,18.59396,73.94525,113.42,12.3,-4.4,588.4,47.1,517.7,659.0,3.0,216.0,12.0,14.0,8.0,48.0,14.0,4.0,0.0,20.0,29.5,21.0,0.64,-4.124448250342883,16.05,11.89,20.12,8.2,22.98,3.63,MODERATE,Rain-Shadow Plateau Topography,Manual demo override,MANUAL_OVERRIDE,,2026-09-09,,,,NOT_REQUESTED,28.8,20.3,66.4
MH_PUNE_556329,Keshavnagar Mundwa,Keshavnagar Mundwa,Pune,Pune,18.52799,73.95639,115.18,11.22,-4.6,556.4,44.5,489.6,623.1,3.0,216.4,12.0,14.0,8.0,48.0,14.0,4.0,0.0,20.0,29.5,21.0,0.14,-4.2348760347453895,15.29,11.44,19.27,7.61,21.91,3.7,MODERATE,Rain-Shadow Plateau Topography,Manual demo override,MANUAL_OVERRIDE,,2026-09-09,,,,NOT_REQUESTED,29.0,20.5,66.1
MH_PUNE_555839,Kadachiwadi,Kadachiwadi,Khed,Pune,18.74742,73.89312,108.42,24.6,-3.5,649.0,51.9,571.1,726.8,3.0,214.0,10.0,12.0,6.0,64.0,5.0,3.0,0.0,20.0,29.5,21.0,0.64,-2.6901073550289403,17.28,13.51,21.19,9.75,24.05,3.71,MODERATE,Orographic Sahyadri Elevation Gradient,Manual demo override,MANUAL_OVERRIDE,,2026-09-09,,,,NOT_REQUESTED,28.4,19.9,66.9
MH_PUNE_555601,Jategaon Bk,Jategaon Bk,Shirur,Pune,18.73634,74.12445,132.57,36.91,-7.6,595.6,47.6,524.2,667.0,3.0,222.6,6.0,10.0,6.0,70.0,4.0,4.0,0.0,20.0,29.5,21.0,1.88,-2.9526023539689557,18.33,14.67,22.48,10.63,24.85,3.61,MODERATE,Horticultural Orchard Microclimate,Manual demo override,MANUAL_OVERRIDE,,2026-09-09,,,,NOT_REQUESTED,29.2,20.7,67.3
MH_PUNE_556218,Murkutenagar,Murkutenagar,Haveli,Pune,18.55858,74.10568,130.54,27.14,-7.3,542.9,43.4,477.8,608.0,3.0,221.9,12.0,14.0,8.0,48.0,14.0,4.0,0.0,20.0,29.5,21.0,1.67,-3.6761999177487303,17.63,13.76,21.37,10.65,23.93,3.53,MODERATE,Rain-Shadow Plateau Topography,Manual demo override,MANUAL_OVERRIDE,,2026-09-09,,,,NOT_REQUESTED,29.1,20.6,67.1
MH_PUNE_556219,Gawdewadi,Gawdewadi,Haveli,Pune,18.55898,74.09317,129.22,25.84,-7.1,551.0,44.1,484.9,617.2,3.0,221.4,12.0,14.0,8.0,48.0,14.0,4.0,0.0,20.0,29.5,21.0,1.67,-3.69439213363749,17.36,13.61,20.71,9.97,24.27,3.68,MODERATE,Rain-Shadow Plateau Topography,Manual demo override,MANUAL_OVERRIDE,,2026-09-09,,,,NOT_REQUESTED,29.0,20.5,66.9
MH_PUNE_556224,Awhalwadi,Awhalwadi,Haveli,Pune,18.5526,73.99873,119.35,15.88,-5.4,570.0,45.6,501.6,638.4,3.0,218.0,12.0,14.0,8.0,48.0,14.0,4.0,0.0,20.0,29.5,21.0,0.64,-4.012619146344264,16.15,12.12,19.43,8.59,22.76,3.66,MODERATE,Rain-Shadow Plateau Topography,Manual demo override,MANUAL_OVERRIDE,,2026-09-09,,,,NOT_REQUESTED,28.9,20.4,66.5
MH_PUNE_555630,Wajewadi,Wajewadi,Shirur,Pune,18.70019,74.03152,122.54,26.91,-6.0,588.2,47.1,517.6,658.9,3.0,219.2,6.0,10.0,6.0,70.0,4.0,4.0,0.0,20.0,29.5,21.0,0.64,-3.204760782783897,16.93,13.4,20.56,9.36,23.32,3.66,MODERATE,Horticultural Orchard Microclimate,Manual demo override,MANUAL_OVERRIDE,,2026-09-09,,,,NOT_REQUESTED,28.8,20.3,66.8
MH_PUNE_556217,Shiraswadi,Shiraswadi,Haveli,Pune,18.57792,74.09473,129.25,26.34,-7.1,569.7,45.6,501.3,638.1,3.0,221.5,12.0,14.0,8.0,48.0,14.0,4.0,0.0,20.0,29.5,21.0,1.8,-3.642787143801413,17.55,13.94,21.35,9.47,24.33,3.75,MODERATE,Rain-Shadow Plateau Topography,Manual demo override,MANUAL_OVERRIDE,,2026-09-09,,,,NOT_REQUESTED,28.9,20.4,67.0
MH_PUNE_556351,Undawadi,Undawadi,Daund,Pune,18.52257,74.26335,147.13,43.59,-10.1,525.0,42.0,462.0,588.0,3.0,227.7,6.0,10.0,6.0,70.0,4.0,4.0,0.0,20.0,29.5,21.0,-0.0,-4.050327924165762,15.45,11.46,19.31,7.67,22.19,3.79,MODERATE,Horticultural Orchard Microclimate,Manual demo override,MANUAL_OVERRIDE,,2026-09-09,,,,NOT_REQUESTED,29.7,21.2,66.2
MH_PUNE_556374,Handalwadi,Handalwadi,Daund,Pune,18.50288,74.34675,153.52,46.32,-11.6,545.2,43.6,479.8,610.6,3.0,230.8,6.0,10.0,6.0,70.0,4.0,4.0,0.0,20.0,29.5,21.0,-3.54,-4.5796872900416465,11.34,7.38,15.02,3.83,17.82,3.63,MODERATE,Horticultural Orchard Microclimate,Manual demo override,MANUAL_OVERRIDE,,2026-09-09,,,,NOT_REQUESTED,29.5,21.0,64.5
MH_PUNE_556346,Nathachiwadi,Nathachiwadi,Daund,Pune,18.52811,74.28226,149.14,45.57,-10.5,527.7,42.2,464.4,591.0,3.0,228.4,6.0,10.0,6.0,70.0,4.0,4.0,0.0,20.0,29.5,21.0,-0.25,-4.1101041569621195,15.0,11.08,18.28,7.53,21.34,3.57,MODERATE,Horticultural Orchard Microclimate,Manual demo override,MANUAL_OVERRIDE,,2026-09-09,,,,NOT_REQUESTED,29.6,21.1,66.0
MH_PUNE_556332,Panwali,Panwali,Daund,Pune,18.65474,74.26518,147.0,45.9,-10.2,553.6,44.3,487.2,620.1,3.0,227.8,6.0,10.0,6.0,70.0,4.0,4.0,0.0,20.0,29.5,21.0,-0.82,-3.5034289517564563,15.11,11.33,19.46,7.23,21.25,3.66,MODERATE,Horticultural Orchard Microclimate,Manual demo override,MANUAL_OVERRIDE,,2026-09-09,,,,NOT_REQUESTED,29.4,20.9,66.0
MH_PUNE_556331,Takali,Takali,Daund,Pune,18.63802,74.23288,143.6,42.1,-9.6,541.8,43.3,476.9,606.8,3.0,226.6,6.0,10.0,6.0,70.0,4.0,4.0,0.0,20.0,29.5,21.0,-0.0,-3.4920122795035837,16.01,12.14,20.0,8.81,22.87,3.74,MODERATE,Horticultural Orchard Microclimate,Manual demo override,MANUAL_OVERRIDE,,2026-09-09,,,,NOT_REQUESTED,29.5,21.0,66.4
MH_PUNE_556333,Vadgaonbande,Vadgaonbande,Daund,Pune,18.62515,74.2551,145.95,43.99,-10.0,534.2,42.7,470.2,598.3,3.0,227.4,6.0,10.0,6.0,70.0,4.0,4.0,0.0,20.0,29.5,21.0,-0.0,-3.5981195467757603,15.86,12.48,19.56,7.93,22.7,3.68,MODERATE,Horticultural Orchard Microclimate,Manual demo override,MANUAL_OVERRIDE,,2026-09-09,,,,NOT_REQUESTED,29.6,21.1,66.3
MH_PUNE_556334,Koregaon Bhiwar,Koregaon Bhiwar,Daund,Pune,18.61868,74.29531,150.2,47.96,-10.7,531.1,42.5,467.3,594.8,3.0,228.9,6.0,10.0,6.0,70.0,4.0,4.0,0.0,20.0,29.5,21.0,-0.25,-3.752019122401779,15.37,11.61,18.97,7.53,22.31,3.74,MODERATE,Horticultural Orchard Microclimate,Manual demo override,MANUAL_OVERRIDE,,2026-09-09,,,,NOT_REQUESTED,29.6,21.1,66.1
MH_PUNE_556330,Patethan,Patethan,Daund,Pune,18.60799,74.21127,141.38,39.06,-9.2,545.0,43.6,479.6,610.4,3.0,225.8,6.0,10.0,6.0,70.0,4.0,4.0,0.0,20.0,29.5,21.0,-0.0,-3.562618497717733,15.81,11.71,19.43,8.71,22.44,3.58,MODERATE,Horticultural Orchard Microclimate,Manual demo override,MANUAL_OVERRIDE,,2026-09-09,,,,NOT_REQUESTED,29.5,21.0,66.3
MH_PUNE_556336,Pilanwadi,Pilanwadi,Daund,Pune,18.57618,74.22849,143.34,40.23,-9.5,541.7,43.3,476.8,606.7,3.0,226.5,6.0,10.0,6.0,70.0,4.0,4.0,0.0,20.0,29.5,21.0,-0.0,-3.7176735995322123,15.78,12.05,19.36,7.91,22.65,3.71,MODERATE,Horticultural Orchard Microclimate,Manual demo override,MANUAL_OVERRIDE,,2026-09-09,,,,NOT_REQUESTED,29.5,21.0,66.3
MH_PUNE_556335,Telewadi,Telewadi,Daund,Pune,18.6003,74.26533,147.1,44.47,-10.2,556.7,44.5,490.0,623.5,3.0,227.8,6.0,10.0,6.0,70.0,4.0,4.0,0.0,20.0,29.5,21.0,-0.58,-3.7306180290468087,15.18,11.66,18.94,7.41,21.74,3.7,MODERATE,Horticultural Orchard Microclimate,Manual demo override,MANUAL_OVERRIDE,,2026-09-09,,,,NOT_REQUESTED,29.4,20.9,66.1
MH_PUNE_556337,Devkarwadi,Devkarwadi,Daund,Pune,18.57531,74.19945,140.29,37.18,-9.0,537.2,43.0,472.7,601.7,3.0,225.4,6.0,10.0,6.0,70.0,4.0,4.0,0.0,20.0,29.5,21.0,-0.0,-3.6561408586196924,15.7,12.09,19.22,7.76,22.63,3.7,MODERATE,Horticultural Orchard Microclimate,Manual demo override,MANUAL_OVERRIDE,,2026-09-09,,,,NOT_REQUESTED,29.5,21.0,66.3
MH_PUNE_556338,Mirwadi,Mirwadi,Daund,Pune,18.55066,74.18211,138.64,35.09,-8.7,529.9,42.4,466.3,593.5,3.0,224.7,6.0,10.0,6.0,70.0,4.0,4.0,0.0,20.0,29.5,21.0,1.08,-3.7064304257352614,16.9,13.36,20.63,9.19,23.59,3.73,MODERATE,Horticultural Orchard Microclimate,Manual demo override,MANUAL_OVERRIDE,,2026-09-09,,,,NOT_REQUESTED,29.6,21.1,66.8
MH_PUNE_556868,Dandwadi,Dandwadi,Baramati,Pune,18.35262,74.41698,152.69,28.35,-12.0,647.0,51.8,569.3,724.7,3.0,233.4,6.0,10.0,6.0,70.0,4.0,4.0,0.0,20.0,29.5,21.0,-6.56,-6.006984109212425,7.05,2.98,10.57,0.27,13.81,3.46,MODERATE,Orographic Sahyadri Elevation Gradient,Manual demo override,MANUAL_OVERRIDE,,2026-09-09,,,,NOT_REQUESTED,28.8,20.3,62.8
MH_PUNE_556341,Pimpalgaon,Pimpalgaon,Daund,Pune,18.55682,74.29407,150.36,46.91,-10.7,530.4,42.4,466.8,594.0,3.0,228.9,6.0,10.0,6.0,70.0,4.0,4.0,0.0,20.0,29.5,21.0,-0.25,-4.029510198868989,15.18,11.95,19.23,7.44,21.5,3.65,MODERATE,Horticultural Orchard Microclimate,Manual demo override,MANUAL_OVERRIDE,,2026-09-09,,,,NOT_REQUESTED,29.6,21.1,66.1
MH_PUNE_556340,Rahu,Rahu,Daund,Pune,18.57286,74.26075,146.75,43.56,-10.1,525.5,42.0,462.5,588.5,3.0,227.6,6.0,10.0,6.0,70.0,4.0,4.0,0.0,20.0,29.5,21.0,-0.0,-3.8291720648760847,15.71,12.18,19.37,8.01,22.38,3.7,MODERATE,Horticultural Orchard Microclimate,Manual demo override,MANUAL_OVERRIDE,,2026-09-09,,,,NOT_REQUESTED,29.7,21.2,66.3
MH_PUNE_556339,Dahitane,Dahitane,Daund,Pune,18.54923,74.20677,141.24,37.67,-9.1,547.2,43.8,481.5,612.9,3.0,225.7,6.0,10.0,6.0,70.0,4.0,4.0,0.0,20.0,29.5,21.0,-0.58,-3.7588480614769892,15.08,11.64,19.03,7.26,21.53,3.69,MODERATE,Horticultural Orchard Microclimate,Manual demo override,MANUAL_OVERRIDE,,2026-09-09,,,,NOT_REQUESTED,29.5,21.0,66.0
MH_PUNE_556870,Kololi,Kololi,Baramati,Pune,18.32441,74.44348,154.09,24.17,-12.0,633.6,50.7,557.5,709.6,3.0,234.4,6.0,10.0,6.0,70.0,4.0,4.0,0.0,20.0,29.5,21.0,-6.56,-6.3376293031882565,6.71,3.0,9.97,0.0,13.48,3.51,MODERATE,Orographic Sahyadri Elevation Gradient,Manual demo override,MANUAL_OVERRIDE,,2026-09-09,,,,NOT_REQUESTED,28.9,20.4,62.7
MH_PUNE_556349,Khamgaon,Khamgaon,Daund,Pune,18.52325,74.22776,143.69,39.84,-9.5,530.4,42.4,466.8,594.0,3.0,226.4,6.0,10.0,6.0,70.0,4.0,4.0,0.0,20.0,29.5,21.0,-0.0,-3.9096737378361333,15.56,11.65,18.94,8.58,22.51,3.7,MODERATE,Horticultural Orchard Microclimate,Manual demo override,MANUAL_OVERRIDE,,2026-09-09,,,,NOT_REQUESTED,29.6,21.1,66.2
MH_PUNE_556873,Kutwalwadi,Kutwalwadi,Baramati,Pune,18.34293,74.33151,143.99,33.89,-11.4,642.4,51.4,565.3,719.5,3.0,230.3,6.0,10.0,6.0,70.0,4.0,4.0,0.0,20.0,29.5,21.0,-6.56,-5.436271661418495,7.52,3.69,11.09,0.35,14.24,3.58,MODERATE,Orographic Sahyadri Elevation Gradient,Manual demo override,MANUAL_OVERRIDE,,2026-09-09,,,,NOT_REQUESTED,28.8,20.3,63.0
MH_PUNE_556366,Khor,Khor,Daund,Pune,18.40029,74.33059,146.63,38.31,-11.4,620.9,49.7,546.3,695.4,3.0,230.2,6.0,10.0,6.0,70.0,4.0,4.0,0.0,20.0,29.5,21.0,-0.45,-5.091191948644132,13.88,9.75,18.21,6.37,20.42,3.69,MODERATE,Orographic Sahyadri Elevation Gradient,Manual demo override,MANUAL_OVERRIDE,,2026-09-09,,,,NOT_REQUESTED,29.0,20.5,65.6
MH_PUNE_556367,Pimpalachiwadi,Pimpalachiwadi,Daund,Pune,18.3957,74.33,146.35,37.99,-11.3,619.7,49.6,545.3,694.1,3.0,230.2,6.0,10.0,6.0,70.0,4.0,4.0,0.0,20.0,29.5,21.0,-0.45,-5.114361901311616,13.83,10.0,17.34,5.95,20.86,3.72,MODERATE,Orographic Sahyadri Elevation Gradient,Manual demo override,MANUAL_OVERRIDE,,2026-09-09,,,,NOT_REQUESTED,29.0,20.5,65.5
MH_PUNE_556895,Karkhel,Karkhel,Baramati,Pune,18.30099,74.47965,156.73,19.85,-12.0,619.4,49.6,545.0,693.8,3.0,235.7,6.0,10.0,6.0,70.0,4.0,4.0,0.0,20.0,29.5,21.0,-6.56,-6.63958766594587,6.4,2.48,10.04,0.0,12.81,3.4,MODERATE,Orographic Sahyadri Elevation Gradient,Manual demo override,MANUAL_OVERRIDE,,2026-09-09,,,,NOT_REQUESTED,29.0,20.5,62.6
MH_PUNE_556383,Padvi,Padvi,Daund,Pune,18.38809,74.39732,152.39,32.76,-12.0,584.8,46.8,514.6,655.0,3.0,232.7,6.0,10.0,6.0,70.0,4.0,4.0,0.0,20.0,29.5,21.0,-6.56,-5.644911614937586,7.35,3.43,11.28,0.06,14.82,3.68,MODERATE,Horticultural Orchard Microclimate,Manual demo override,MANUAL_OVERRIDE,,2026-09-09,,,,NOT_REQUESTED,29.2,20.7,62.9
MH_PUNE_556867,Vadhane,Vadhane,Baramati,Pune,18.36659,74.3379,145.7,35.12,-11.5,653.9,52.3,575.5,732.4,3.0,230.5,6.0,10.0,6.0,70.0,4.0,4.0,0.0,20.0,29.5,21.0,-6.56,-5.349208340238039,7.5,3.27,11.06,0.19,14.14,3.61,MODERATE,Orographic Sahyadri Elevation Gradient,Manual demo override,MANUAL_OVERRIDE,,2026-09-09,,,,NOT_REQUESTED,28.8,20.3,63.0
MH_PUNE_556887,Kharade Wadi,Kharade Wadi,Baramati,Pune,18.31862,74.49639,159.07,20.72,-12.0,618.2,49.5,543.9,692.4,3.0,236.4,6.0,10.0,6.0,70.0,4.0,4.0,0.0,20.0,29.5,21.0,-6.56,-6.6074239994268655,6.44,2.06,10.68,0.0,12.94,3.51,MODERATE,Orographic Sahyadri Elevation Gradient,Manual demo override,MANUAL_OVERRIDE,,2026-09-09,,,,NOT_REQUESTED,29.0,20.5,62.6
MH_PUNE_556376,Deshmukh Mala,Deshmukh Mala,Daund,Pune,18.50003,74.36984,155.48,44.8,-12.0,534.6,42.8,470.4,598.8,3.0,231.7,6.0,10.0,6.0,70.0,4.0,4.0,0.0,20.0,29.5,21.0,-3.54,-4.728586503194359,11.18,7.53,14.82,3.59,17.85,3.68,MODERATE,Horticultural Orchard Microclimate,Manual demo override,MANUAL_OVERRIDE,,2026-09-09,,,,NOT_REQUESTED,29.6,21.1,64.5
MH_PUNE_556872,Supe,Supe,Baramati,Pune,18.33155,74.35791,146.04,30.95,-11.8,639.3,51.1,562.7,716.0,3.0,231.2,6.0,10.0,6.0,70.0,4.0,4.0,0.0,20.0,29.5,21.0,-6.56,-5.713628240849382,7.22,3.33,10.96,0.64,14.24,3.54,MODERATE,Orographic Sahyadri Elevation Gradient,Manual demo override,MANUAL_OVERRIDE,,2026-09-09,,,,NOT_REQUESTED,28.9,20.4,62.9
MH_PUNE_556879,Chandgude Wadi,Chandgude Wadi,Baramati,Pune,18.31014,74.31044,140.5,33.58,-11.0,629.5,50.4,553.9,705.1,3.0,229.5,6.0,10.0,6.0,70.0,4.0,4.0,0.0,20.0,29.5,21.0,-0.45,-5.435588658150721,13.57,9.68,17.63,5.69,20.57,3.72,MODERATE,Orographic Sahyadri Elevation Gradient,Manual demo override,MANUAL_OVERRIDE,,2026-09-09,,,,NOT_REQUESTED,28.9,20.4,65.4
MH_PUNE_556881,Kalkhairewadi,Kalkhairewadi,Baramati,Pune,18.31014,74.36935,146.24,28.5,-12.0,641.3,51.3,564.3,718.2,3.0,231.7,6.0,10.0,6.0,70.0,4.0,4.0,0.0,20.0,29.5,21.0,-6.56,-5.923571309200311,7.02,3.12,11.03,0.13,14.13,3.62,MODERATE,Orographic Sahyadri Elevation Gradient,Manual demo override,MANUAL_OVERRIDE,,2026-09-09,,,,NOT_REQUESTED,28.9,20.4,62.8
MH_PUNE_556871,Pansarewadi,Pansarewadi,Baramati,Pune,18.30977,74.39098,148.34,26.72,-12.0,615.3,49.2,541.5,689.1,3.0,232.5,6.0,10.0,6.0,70.0,4.0,4.0,0.0,20.0,29.5,21.0,-6.56,-6.087648729722594,6.98,2.77,11.06,0.0,13.33,3.47,MODERATE,Orographic Sahyadri Elevation Gradient,Manual demo override,MANUAL_OVERRIDE,,2026-09-09,,,,NOT_REQUESTED,29.0,20.5,62.8
MH_PUNE_556880,Khandukhairewadi,Khandukhairewadi,Baramati,Pune,18.31602,74.33396,143.04,31.87,-11.4,626.2,50.1,551.1,701.4,3.0,230.4,6.0,10.0,6.0,70.0,4.0,4.0,0.0,20.0,29.5,21.0,-6.56,-5.605076754776718,7.3,3.67,11.05,0.36,14.08,3.58,MODERATE,Orographic Sahyadri Elevation Gradient,Manual demo override,MANUAL_OVERRIDE,,2026-09-09,,,,NOT_REQUESTED,28.9,20.4,62.9
MH_PUNE_556894,Undavadisupe,Undavadisupe,Baramati,Pune,18.2909,74.51109,159.47,17.28,-12.0,596.9,47.8,525.2,668.6,3.0,236.9,6.0,10.0,6.0,70.0,4.0,4.0,0.0,20.0,29.5,21.0,-6.56,-6.796389849263608,6.32,2.49,9.93,0.0,13.13,3.49,MODERATE,Horticultural Orchard Microclimate,Manual demo override,MANUAL_OVERRIDE,,2026-09-09,,,,NOT_REQUESTED,29.2,20.7,62.5
MH_PUNE_556393,Kusegaon,Kusegaon,Daund,Pune,18.39194,74.43686,156.37,30.86,-12.0,581.8,46.5,512.1,651.6,3.0,234.2,6.0,10.0,6.0,70.0,4.0,4.0,0.0,20.0,29.5,21.0,-6.56,-5.861432734739156,7.19,3.46,10.83,0.0,14.18,3.64,MODERATE,Horticultural Orchard Microclimate,Manual demo override,MANUAL_OVERRIDE,,2026-09-09,,,,NOT_REQUESTED,29.5,21.0,62.9
MH_PUNE_556396,Kurkumbh,Kurkumbh,Daund,Pune,18.39367,74.51648,164.14,27.91,-12.0,603.9,48.3,531.5,676.4,3.0,237.1,6.0,10.0,6.0,70.0,4.0,4.0,0.0,20.0,29.5,21.0,-6.56,-6.198231005428891,6.92,3.13,11.04,0.0,13.83,3.62,MODERATE,Orographic Sahyadri Elevation Gradient,Manual demo override,MANUAL_OVERRIDE,,2026-09-09,,,,NOT_REQUESTED,29.1,20.6,62.8
MH_PUNE_556885,Deulgaon Rasal,Deulgaon Rasal,Baramati,Pune,18.28895,74.45217,153.54,20.52,-12.0,615.2,49.2,541.4,689.0,3.0,234.7,6.0,10.0,6.0,70.0,4.0,4.0,0.0,20.0,29.5,21.0,-6.56,-6.575613404383596,6.46,2.05,9.96,0.0,12.61,3.29,MODERATE,Orographic Sahyadri Elevation Gradient,Manual demo override,MANUAL_OVERRIDE,,2026-09-09,,,,NOT_REQUESTED,29.0,20.5,62.6
MH_PUNE_556395,Roti,Roti,Daund,Pune,18.39424,74.48306,160.93,29.02,-12.0,623.4,49.9,548.6,698.3,3.0,235.9,6.0,10.0,6.0,70.0,4.0,4.0,0.0,20.0,29.5,21.0,-6.56,-6.072123086197952,6.88,2.97,10.26,0.0,13.47,3.42,MODERATE,Orographic Sahyadri Elevation Gradient,Manual demo override,MANUAL_OVERRIDE,,2026-09-09,,,,NOT_REQUESTED,29.0,20.5,62.8
MH_PUNE_556394,Hinganigada,Hinganigada,Daund,Pune,18.36518,74.46871,158.27,26.66,-12.0,631.3,50.5,555.5,707.0,3.0,235.3,6.0,10.0,6.0,70.0,4.0,4.0,0.0,20.0,29.5,21.0,-6.56,-6.208086853257979,6.84,2.92,10.7,0.0,13.6,3.66,MODERATE,Orographic Sahyadri Elevation Gradient,Manual demo override,MANUAL_OVERRIDE,,2026-09-09,,,,NOT_REQUESTED,28.9,20.4,62.7
MH_PUNE_556399,Vasunde,Vasunde,Daund,Pune,18.3467,74.49844,160.39,23.51,-12.0,634.8,50.8,558.6,711.0,3.0,236.4,6.0,10.0,6.0,70.0,4.0,4.0,0.0,20.0,29.5,21.0,-6.56,-6.448590496074056,6.65,2.76,9.78,0.0,13.03,3.39,MODERATE,Orographic Sahyadri Elevation Gradient,Manual demo override,MANUAL_OVERRIDE,,2026-09-09,,,,NOT_REQUESTED,28.9,20.4,62.7
MH_PUNE_556869,Naroli,Naroli,Baramati,Pune,18.33252,74.42467,152.58,26.1,-12.0,636.7,50.9,560.3,713.0,3.0,233.7,6.0,10.0,6.0,70.0,4.0,4.0,0.0,20.0,29.5,21.0,-6.56,-6.180309479000086,6.88,2.75,11.08,0.0,14.04,3.64,MODERATE,Orographic Sahyadri Elevation Gradient,Manual demo override,MANUAL_OVERRIDE,,2026-09-09,,,,NOT_REQUESTED,28.9,20.4,62.8
MH_PUNE_556375,Kedgaon Station,Kedgaon Station,Daund,Pune,18.48657,74.35269,153.17,44.46,-11.7,545.1,43.6,479.7,610.5,3.0,231.0,6.0,10.0,6.0,70.0,4.0,4.0,0.0,20.0,29.5,21.0,-3.54,-4.711801654906642,11.25,7.44,15.23,3.58,17.56,3.63,MODERATE,Horticultural Orchard Microclimate,Manual demo override,MANUAL_OVERRIDE,,2026-09-09,,,,NOT_REQUESTED,29.5,21.0,64.5
MH_PUNE_556373,Khopodi,Khopodi,Daund,Pune,18.51906,74.38738,158.13,45.8,-12.0,529.3,42.3,465.9,592.8,3.0,232.3,6.0,10.0,6.0,70.0,4.0,4.0,0.0,20.0,29.5,21.0,-3.54,-4.705526826708171,11.2,7.41,15.19,3.54,17.65,3.63,MODERATE,Horticultural Orchard Microclimate,Manual demo override,MANUAL_OVERRIDE,,2026-09-09,,,,NOT_REQUESTED,29.6,21.1,64.5
MH_PUNE_556352,Khutbav,Khutbav,Daund,Pune,18.49673,74.31723,150.48,47.5,-11.1,555.5,44.4,488.9,622.1,3.0,229.7,6.0,10.0,6.0,70.0,4.0,4.0,0.0,20.0,29.5,21.0,-0.82,-4.446940803104059,14.25,9.96,17.62,6.44,21.34,3.73,MODERATE,Horticultural Orchard Microclimate,Manual demo override,MANUAL_OVERRIDE,,2026-09-09,,,,NOT_REQUESTED,29.4,20.9,65.7
MH_PUNE_556377,Dapodi,Dapodi,Daund,Pune,18.50493,74.40236,158.74,43.69,-12.0,528.6,42.3,465.1,592.0,3.0,232.9,6.0,10.0,6.0,70.0,4.0,4.0,0.0,20.0,29.5,21.0,-3.54,-4.877898210259435,10.98,7.35,14.83,3.53,17.51,3.69,MODERATE,Horticultural Orchard Microclimate,Manual demo override,MANUAL_OVERRIDE,,2026-09-09,,,,NOT_REQUESTED,29.6,21.1,64.4
MH_PUNE_556378,Boripardhi,Boripardhi,Daund,Pune,18.46867,74.38619,155.32,40.92,-12.0,542.6,43.4,477.5,607.7,3.0,232.3,6.0,10.0,6.0,70.0,4.0,4.0,0.0,20.0,29.5,21.0,-3.54,-5.027280589597691,10.88,6.91,15.66,3.42,17.58,3.77,MODERATE,Horticultural Orchard Microclimate,Manual demo override,MANUAL_OVERRIDE,,2026-09-09,,,,NOT_REQUESTED,29.5,21.0,64.4
MH_PUNE_556380,Nimbalkar Vasti,Nimbalkar Vasti,Daund,Pune,18.48271,74.33564,151.39,45.1,-11.4,552.5,44.2,486.2,618.8,3.0,230.4,6.0,10.0,6.0,70.0,4.0,4.0,0.0,20.0,29.5,21.0,-6.56,-4.632977917951777,8.27,4.77,11.66,1.02,15.29,3.56,MODERATE,Horticultural Orchard Microclimate,Manual demo override,MANUAL_OVERRIDE,,2026-09-09,,,,NOT_REQUESTED,29.4,20.9,63.3
MH_PUNE_556381,Dhumalicha Mala,Dhumalicha Mala,Daund,Pune,18.47324,74.33557,150.87,44.25,-11.4,555.8,44.5,489.0,622.5,3.0,230.4,6.0,10.0,6.0,70.0,4.0,4.0,0.0,20.0,29.5,21.0,-6.56,-4.688022534034532,8.19,4.26,11.96,0.28,15.16,3.74,MODERATE,Horticultural Orchard Microclimate,Manual demo override,MANUAL_OVERRIDE,,2026-09-09,,,,NOT_REQUESTED,29.4,20.9,63.3
MH_PUNE_555670,Bambhulsar Bk,Bambhulsar Bk,Shirur,Pune,18.50818,74.51915,169.79,40.34,-12.0,515.1,41.2,453.3,576.9,3.0,237.2,6.0,10.0,6.0,70.0,4.0,4.0,0.0,20.0,29.5,21.0,-2.62,-5.377331948936741,11.41,7.36,15.28,4.09,18.16,3.68,MODERATE,Horticultural Orchard Microclimate,Manual demo override,MANUAL_OVERRIDE,,2026-09-09,,,,NOT_REQUESTED,30.0,21.5,64.6
MH_PUNE_556364,Bhandgaon,Bhandgaon,Daund,Pune,18.45135,74.30817,147.16,44.12,-10.9,596.9,47.8,525.2,668.6,3.0,229.4,6.0,10.0,6.0,70.0,4.0,4.0,0.0,20.0,29.5,21.0,-0.45,-4.640486187611415,14.23,10.59,18.0,6.27,21.09,3.82,MODERATE,Horticultural Orchard Microclimate,Manual demo override,MANUAL_OVERRIDE,,2026-09-09,,,,NOT_REQUESTED,29.1,20.6,65.7
MH_PUNE_556390,Varvand,Varvand,Daund,Pune,18.47113,74.41533,158.17,39.71,-12.0,535.6,42.8,471.4,599.8,3.0,233.4,6.0,10.0,6.0,70.0,4.0,4.0,0.0,20.0,29.5,21.0,-3.54,-5.179634834978845,10.66,7.11,13.91,3.29,17.27,3.61,MODERATE,Horticultural Orchard Microclimate,Manual demo override,MANUAL_OVERRIDE,,2026-09-09,,,,NOT_REQUESTED,29.6,21.1,64.3
MH_PUNE_555781,Akharwadi,Akharwadi,Khed,Pune,18.91466,73.86255,108.86,42.79,-2.9,642.2,51.4,565.1,719.3,3.0,212.9,10.0,12.0,6.0,64.0,5.0,3.0,0.0,20.0,29.5,21.0,0.73,-0.9164461022033344,19.24,15.47,23.63,11.56,26.22,3.81,MODERATE,Orographic Sahyadri Elevation Gradient,Manual demo override,MANUAL_OVERRIDE,,2026-09-09,,,,NOT_REQUESTED,28.9,20.4,67.7
MH_PUNE_556365,Vakhari,Vakhari,Daund,Pune,18.44742,74.34955,150.8,41.06,-11.7,578.7,46.3,509.2,648.1,3.0,230.9,6.0,10.0,6.0,70.0,4.0,4.0,0.0,20.0,29.5,21.0,-6.56,-4.933808415142875,8.03,4.25,12.38,0.47,14.56,3.61,MODERATE,Horticultural Orchard Microclimate,Manual demo override,MANUAL_OVERRIDE,,2026-09-09,,,,NOT_REQUESTED,29.3,20.8,63.2
MH_PUNE_556382,Deulgaon Gada,Deulgaon Gada,Daund,Pune,18.42006,74.378,152.09,36.83,-12.0,573.5,45.9,504.6,642.3,3.0,232.0,6.0,10.0,6.0,70.0,4.0,4.0,0.0,20.0,29.5,21.0,-6.56,-5.300619844684437,7.58,3.46,12.56,0.41,13.93,3.55,MODERATE,Horticultural Orchard Microclimate,Manual demo override,MANUAL_OVERRIDE,,2026-09-09,,,,NOT_REQUESTED,29.3,20.8,63.0
MH_PUNE_556385,Kangaon,Kangaon,Daund,Pune,18.50403,74.48024,165.93,40.75,-12.0,517.6,41.4,455.5,579.7,3.0,235.8,6.0,10.0,6.0,70.0,4.0,4.0,0.0,20.0,29.5,21.0,-2.62,-5.261610403564108,11.64,7.6,15.55,4.37,18.94,3.78,MODERATE,Horticultural Orchard Microclimate,Manual demo override,MANUAL_OVERRIDE,,2026-09-09,,,,NOT_REQUESTED,30.0,21.5,64.7
MH_PUNE_556384,Hatwalan,Hatwalan,Daund,Pune,18.51668,74.4472,163.51,43.12,-12.0,514.3,41.1,452.6,575.9,3.0,234.5,6.0,10.0,6.0,70.0,4.0,4.0,0.0,20.0,29.5,21.0,-2.62,-5.02490844297036,11.73,8.39,15.28,3.9,18.27,3.73,MODERATE,Horticultural Orchard Microclimate,Manual demo override,MANUAL_OVERRIDE,,2026-09-09,,,,NOT_REQUESTED,30.0,21.5,64.7
MH_PUNE_556386,Gar,Gar,Daund,Pune,18.48734,74.51308,168.17,38.17,-12.0,510.8,40.9,449.4,572.1,3.0,237.0,6.0,10.0,6.0,70.0,4.0,4.0,0.0,20.0,29.5,21.0,-2.62,-5.508772085854073,11.29,7.13,14.96,3.3,18.18,3.87,MODERATE,Horticultural Orchard Microclimate,Manual demo override,MANUAL_OVERRIDE,,2026-09-09,,,,NOT_REQUESTED,30.1,21.6,64.5
MH_PUNE_556389,Kadethanwadi,Kadethanwadi,Daund,Pune,18.46633,74.43657,159.91,38.29,-12.0,537.8,43.0,473.3,602.3,3.0,234.2,6.0,10.0,6.0,70.0,4.0,4.0,0.0,20.0,29.5,21.0,-3.54,-5.328649848523287,10.68,6.93,14.14,2.71,17.28,3.65,MODERATE,Horticultural Orchard Microclimate,Manual demo override,MANUAL_OVERRIDE,,2026-09-09,,,,NOT_REQUESTED,29.8,21.3,64.3
MH_PUNE_556392,Birobachiwadi,Birobachiwadi,Daund,Pune,18.43375,74.47524,161.99,33.43,-12.0,553.7,44.3,487.3,620.2,3.0,235.6,6.0,10.0,6.0,70.0,4.0,4.0,0.0,20.0,29.5,21.0,-6.56,-5.754092860875995,7.31,3.59,11.56,0.04,14.15,3.6,MODERATE,Horticultural Orchard Microclimate,Manual demo override,MANUAL_OVERRIDE,,2026-09-09,,,,NOT_REQUESTED,29.7,21.2,62.9
MH_PUNE_556388,Navingar,Navingar,Daund,Pune,18.4665,74.51627,167.46,35.83,-12.0,521.4,41.7,458.8,583.9,3.0,237.1,6.0,10.0,6.0,70.0,4.0,4.0,0.0,20.0,29.5,21.0,-2.61,-5.672705893548266,11.17,7.41,14.9,3.77,17.51,3.6,MODERATE,Horticultural Orchard Microclimate,Manual demo override,MANUAL_OVERRIDE,,2026-09-09,,,,NOT_REQUESTED,30.0,21.5,64.5
MH_PUNE_556387,Betwadi,Betwadi,Daund,Pune,18.47804,74.51203,167.62,37.18,-12.0,513.6,41.1,451.9,575.2,3.0,236.9,6.0,10.0,6.0,70.0,4.0,4.0,0.0,20.0,29.5,21.0,-2.62,-5.573391336707674,11.4,7.76,15.65,3.93,17.81,3.67,MODERATE,Horticultural Orchard Microclimate,Manual demo override,MANUAL_OVERRIDE,,2026-09-09,,,,NOT_REQUESTED,30.0,21.5,64.6
MH_PUNE_556431,Chincholi,Chincholi,Daund,Pune,18.33325,74.73145,183.01,25.9,-12.0,511.6,40.9,450.2,572.9,3.0,245.1,6.0,10.0,6.0,70.0,4.0,4.0,0.0,20.0,29.5,21.0,-2.53,-6.537998869198004,10.46,6.53,14.64,2.12,17.04,3.81,MODERATE,Horticultural Orchard Microclimate,Manual demo override,MANUAL_OVERRIDE,,2026-09-09,,,,NOT_REQUESTED,29.8,21.3,64.2
MH_PUNE_556986,Madanwadi,Madanwadi,Indapur,Pune,18.28856,74.74064,182.44,22.92,-12.0,501.5,40.1,441.3,561.6,3.0,245.4,6.0,10.0,6.0,70.0,4.0,4.0,0.0,20.0,29.5,21.0,-2.53,-6.676504223416311,10.13,6.65,13.65,2.2,17.02,3.78,MODERATE,Horticultural Orchard Microclimate,Manual demo override,MANUAL_OVERRIDE,,2026-09-09,,,,NOT_REQUESTED,29.8,21.3,64.1
MH_PUNE_556420,Gadewadi,Gadewadi,Daund,Pune,18.39668,74.66826,179.11,28.97,-12.0,517.5,41.4,455.4,579.6,3.0,242.7,6.0,10.0,6.0,70.0,4.0,4.0,0.0,20.0,29.5,21.0,-2.53,-6.32829996723884,10.6,6.46,14.08,2.76,17.64,3.73,MODERATE,Horticultural Orchard Microclimate,Manual demo override,MANUAL_OVERRIDE,,2026-09-09,,,,NOT_REQUESTED,29.7,21.2,64.2
MH_PUNE_556891,Nimbodi,Nimbodi,Baramati,Pune,18.29978,74.69442,178.15,20.58,-12.0,559.6,44.8,492.4,626.8,3.0,243.7,6.0,10.0,6.0,70.0,4.0,4.0,0.0,20.0,29.5,21.0,-6.56,-6.7513479578385684,6.31,1.89,10.08,0.0,13.08,3.48,MODERATE,Horticultural Orchard Microclimate,Manual demo override,MANUAL_OVERRIDE,,2026-09-09,,,,NOT_REQUESTED,29.4,20.9,62.5
MH_PUNE_556397,Pandharewadi,Pandharewadi,Daund,Pune,18.39416,74.55354,167.77,27.29,-12.0,585.6,46.8,515.4,655.8,3.0,238.5,6.0,10.0,6.0,70.0,4.0,4.0,0.0,20.0,29.5,21.0,-6.56,-6.289014510589273,6.62,2.73,10.09,0.0,13.36,3.47,MODERATE,Horticultural Orchard Microclimate,Manual demo override,MANUAL_OVERRIDE,,2026-09-09,,,,NOT_REQUESTED,29.2,20.7,62.6
MH_PUNE_556419,Boribel,Boribel,Daund,Pune,18.40355,74.64013,176.62,28.9,-12.0,539.5,43.2,474.7,604.3,3.0,241.7,6.0,10.0,6.0,70.0,4.0,4.0,0.0,20.0,29.5,21.0,-3.47,-6.301424122043188,9.73,6.15,13.22,1.75,16.14,3.69,MODERATE,Horticultural Orchard Microclimate,Manual demo override,MANUAL_OVERRIDE,,2026-09-09,,,,NOT_REQUESTED,29.6,21.1,63.9
MH_PUNE_556418,Maladpatas,Maladpatas,Daund,Pune,18.38016,74.59724,171.46,25.66,-12.0,573.0,45.8,504.3,641.7,3.0,240.1,6.0,10.0,6.0,70.0,4.0,4.0,0.0,20.0,29.5,21.0,-6.56,-6.435554133329743,6.64,2.64,10.2,0.0,13.49,3.48,MODERATE,Horticultural Orchard Microclimate,Manual demo override,MANUAL_OVERRIDE,,2026-09-09,,,,NOT_REQUESTED,29.3,20.8,62.7
MH_PUNE_556425,Malthan,Malthan,Daund,Pune,18.38688,74.72984,184.81,30.73,-12.0,506.5,40.5,445.7,567.2,3.0,245.0,6.0,10.0,6.0,70.0,4.0,4.0,0.0,20.0,29.5,21.0,-2.62,-6.298515212062344,10.48,6.51,13.95,2.66,17.09,3.7,MODERATE,Horticultural Orchard Microclimate,Manual demo override,MANUAL_OVERRIDE,,2026-09-09,,,,NOT_REQUESTED,30.1,21.6,64.2
MH_PUNE_556398,Jiregaon,Jiregaon,Daund,Pune,18.36291,74.53723,164.86,24.1,-12.0,591.0,47.3,520.0,661.9,3.0,237.9,6.0,10.0,6.0,70.0,4.0,4.0,0.0,20.0,29.5,21.0,-6.56,-6.458588356054943,6.55,2.33,10.16,0.0,13.42,3.52,MODERATE,Horticultural Orchard Microclimate,Manual demo override,MANUAL_OVERRIDE,,2026-09-09,,,,NOT_REQUESTED,29.2,20.7,62.6
MH_PUNE_556424,Lonarwadi,Lonarwadi,Daund,Pune,18.37279,74.70355,181.67,28.0,-12.0,519.4,41.6,457.0,581.8,3.0,244.0,6.0,10.0,6.0,70.0,4.0,4.0,0.0,20.0,29.5,21.0,-2.53,-6.413525604983763,10.52,6.92,14.36,2.38,17.71,3.87,MODERATE,Horticultural Orchard Microclimate,Manual demo override,MANUAL_OVERRIDE,,2026-09-09,,,,NOT_REQUESTED,29.7,21.2,64.2
MH_PUNE_556421,Ravangaon,Ravangaon,Daund,Pune,18.36607,74.63319,174.44,24.67,-12.0,558.4,44.7,491.3,625.4,3.0,241.4,6.0,10.0,6.0,70.0,4.0,4.0,0.0,20.0,29.5,21.0,-6.56,-6.52226813244185,6.52,1.84,10.0,0.0,13.5,3.46,MODERATE,Horticultural Orchard Microclimate,Manual demo override,MANUAL_OVERRIDE,,2026-09-09,,,,NOT_REQUESTED,29.4,20.9,62.6
MH_PUNE_556423,Khadaki,Khadaki,Daund,Pune,18.34276,74.67957,178.16,23.87,-12.0,530.8,42.5,467.1,594.6,3.0,243.1,6.0,10.0,6.0,70.0,4.0,4.0,0.0,20.0,29.5,21.0,-3.47,-6.597201804443775,9.37,5.72,12.97,1.68,16.06,3.62,MODERATE,Horticultural Orchard Microclimate,Manual demo override,MANUAL_OVERRIDE,,2026-09-09,,,,NOT_REQUESTED,29.6,21.1,63.7
MH_PUNE_556417,Kauthadi,Kauthadi,Daund,Pune,18.3537,74.55796,166.53,22.77,-12.0,590.5,47.2,519.7,661.3,3.0,238.6,6.0,10.0,6.0,70.0,4.0,4.0,0.0,20.0,29.5,21.0,-6.56,-6.554913435801042,6.42,2.52,10.42,0.0,12.71,3.36,MODERATE,Horticultural Orchard Microclimate,Manual demo override,MANUAL_OVERRIDE,,2026-09-09,,,,NOT_REQUESTED,29.2,20.7,62.6
MH_PUNE_556422,Nandadevi,Nandadevi,Daund,Pune,18.33477,74.63777,173.71,21.43,-12.0,564.7,45.2,496.9,632.5,3.0,241.6,6.0,10.0,6.0,70.0,4.0,4.0,0.0,20.0,29.5,21.0,-6.56,-6.684382496716644,6.31,2.58,9.86,0.0,13.1,3.45,MODERATE,Horticultural Orchard Microclimate,Manual demo override,MANUAL_OVERRIDE,,2026-09-09,,,,NOT_REQUESTED,29.4,20.9,62.5
MH_PUNE_556890,Parwadi,Parwadi,Baramati,Pune,18.28977,74.64675,173.01,17.07,-12.0,548.7,43.9,482.9,614.6,3.0,241.9,6.0,10.0,6.0,70.0,4.0,4.0,0.0,20.0,29.5,21.0,-6.56,-6.872002362540135,6.12,2.18,9.47,0.0,12.84,3.38,MODERATE,Horticultural Orchard Microclimate,Manual demo override,MANUAL_OVERRIDE,,2026-09-09,,,,NOT_REQUESTED,29.5,21.0,62.4
MH_PUNE_556888,Shirsuphal,Shirsuphal,Baramati,Pune,18.32849,74.59809,169.53,19.94,-12.0,552.3,44.2,486.0,618.6,3.0,240.1,6.0,10.0,6.0,70.0,4.0,4.0,0.0,20.0,29.5,21.0,-6.56,-6.729030333461357,6.39,2.46,10.21,0.0,13.24,3.49,MODERATE,Horticultural Orchard Microclimate,Manual demo override,MANUAL_OVERRIDE,,2026-09-09,,,,NOT_REQUESTED,29.4,20.9,62.6
MH_PUNE_556889,Sabalewadi,Sabalewadi,Baramati,Pune,18.31646,74.5513,164.42,18.76,-12.0,586.5,46.9,516.1,656.8,3.0,238.4,6.0,10.0,6.0,70.0,4.0,4.0,0.0,20.0,29.5,21.0,-6.56,-6.754038259421145,6.35,2.49,9.93,0.0,12.68,3.41,MODERATE,Horticultural Orchard Microclimate,Manual demo override,MANUAL_OVERRIDE,,2026-09-09,,,,NOT_REQUESTED,29.2,20.7,62.5
MH_PUNE_555779,Mirjewadi,Mirjewadi,Khed,Pune,18.94751,73.88782,112.44,46.6,-3.4,811.9,64.9,714.5,909.2,3.0,213.8,10.0,12.0,6.0,64.0,5.0,3.0,0.0,20.0,29.5,21.0,0.73,-0.9070656463528018,19.11,15.45,22.71,10.89,25.78,3.61,MODERATE,Orographic Sahyadri Elevation Gradient,Manual demo override,MANUAL_OVERRIDE,,2026-09-09,,,,NOT_REQUESTED,27.7,19.2,67.6
MH_PUNE_556400,Nanwij,Nanwij,Daund,Pune,18.48912,74.53767,170.59,37.97,-12.0,521.1,41.7,458.6,583.7,3.0,237.9,6.0,10.0,6.0,70.0,4.0,4.0,0.0,20.0,29.5,21.0,-2.61,-5.573639597681289,11.23,7.33,15.23,3.83,18.02,3.68,MODERATE,Horticultural Orchard Microclimate,Manual demo override,MANUAL_OVERRIDE,,2026-09-09,,,,NOT_REQUESTED,30.0,21.5,64.5
MH_PUNE_556401,Sonwadi,Sonwadi,Daund,Pune,18.47802,74.55478,171.68,36.57,-12.0,514.3,41.1,452.6,575.9,3.0,238.5,6.0,10.0,6.0,70.0,4.0,4.0,0.0,20.0,29.5,21.0,-2.62,-5.6997201585903925,11.23,7.47,14.94,4.01,18.2,3.66,MODERATE,Horticultural Orchard Microclimate,Manual demo override,MANUAL_OVERRIDE,,2026-09-09,,,,NOT_REQUESTED,30.0,21.5,64.5
MH_PUNE_556402,Girim,Girim,Daund,Pune,18.43663,74.5271,167.09,32.36,-12.0,539.6,43.2,474.8,604.4,3.0,237.5,6.0,10.0,6.0,70.0,4.0,4.0,0.0,20.0,29.5,21.0,-3.54,-5.925427704922228,10.01,6.15,13.83,2.2,16.75,3.73,MODERATE,Horticultural Orchard Microclimate,Manual demo override,MANUAL_OVERRIDE,,2026-09-09,,,,NOT_REQUESTED,29.8,21.3,64.0
MH_PUNE_556403,Gopalwadi,Gopalwadi,Daund,Pune,18.4261,74.57722,171.45,30.7,-12.0,535.0,42.8,470.8,599.2,3.0,239.4,6.0,10.0,6.0,70.0,4.0,4.0,0.0,20.0,29.5,21.0,-3.54,-6.113071823598529,9.75,5.42,13.82,2.05,16.54,3.69,MODERATE,Horticultural Orchard Microclimate,Manual demo override,MANUAL_OVERRIDE,,2026-09-09,,,,NOT_REQUESTED,29.9,21.4,63.9
MH_PUNE_556405,Khorodi,Khorodi,Daund,Pune,18.43256,74.61701,175.59,31.66,-12.0,527.8,42.2,464.5,591.1,3.0,240.8,6.0,10.0,6.0,70.0,4.0,4.0,0.0,20.0,29.5,21.0,-3.54,-6.1120996466147135,9.81,5.76,13.94,2.35,16.73,3.75,MODERATE,Horticultural Orchard Microclimate,Manual demo override,MANUAL_OVERRIDE,,2026-09-09,,,,NOT_REQUESTED,29.9,21.4,63.9
MH_PUNE_556404,Lingali,Lingali,Daund,Pune,18.45392,74.6009,174.98,33.87,-12.0,506.6,40.5,445.8,567.3,3.0,240.2,6.0,10.0,6.0,70.0,4.0,4.0,0.0,20.0,29.5,21.0,-2.62,-5.953582720941755,10.87,7.12,14.62,3.03,17.66,3.69,MODERATE,Horticultural Orchard Microclimate,Manual demo override,MANUAL_OVERRIDE,,2026-09-09,,,,NOT_REQUESTED,30.1,21.6,64.3
MH_PUNE_556414,Masanarwadi,Masanarwadi,Daund,Pune,18.44422,74.5965,174.12,32.76,-12.0,512.9,41.0,451.4,574.4,3.0,240.1,6.0,10.0,6.0,70.0,4.0,4.0,0.0,20.0,29.5,21.0,-2.62,-6.014955186862985,10.76,6.73,14.55,3.29,17.33,3.71,MODERATE,Horticultural Orchard Microclimate,Manual demo override,MANUAL_OVERRIDE,,2026-09-09,,,,NOT_REQUESTED,30.0,21.5,64.3
MH_PUNE_556416,Mergalwadi,Mergalwadi,Daund,Pune,18.4131,74.57748,170.91,29.26,-12.0,552.2,44.2,485.9,618.5,3.0,239.4,6.0,10.0,6.0,70.0,4.0,4.0,0.0,20.0,29.5,21.0,-6.56,-6.202069812793363,6.86,2.88,10.66,0.0,13.8,3.55,MODERATE,Horticultural Orchard Microclimate,Manual demo override,MANUAL_OVERRIDE,,2026-09-09,,,,NOT_REQUESTED,29.4,20.9,62.7
MH_PUNE_251531,Daund,Daund,Haveli,Pune,18.45471,74.58037,173.04,33.88,-12.0,523.5,41.9,460.6,586.3,3.0,239.5,12.0,14.0,8.0,48.0,14.0,4.0,0.0,20.0,29.5,21.0,-3.54,-5.918903582897914,10.09,6.52,13.31,2.33,16.73,3.7,MODERATE,Rain-Shadow Plateau Topography,Manual demo override,MANUAL_OVERRIDE,,2026-09-09,,,,NOT_REQUESTED,30.5,22.0,64.0
MH_PUNE_556409,Pedgaon,Pedgaon,Daund,Pune,18.48756,74.69539,185.61,39.46,-12.0,506.4,40.5,445.7,567.2,3.0,243.7,6.0,10.0,6.0,70.0,4.0,4.0,0.0,20.0,29.5,21.0,-2.62,-5.768726081251568,11.15,7.38,14.84,3.19,17.9,3.74,MODERATE,Horticultural Orchard Microclimate,Manual demo override,MANUAL_OVERRIDE,,2026-09-09,,,,NOT_REQUESTED,30.1,21.6,64.5
MH_PUNE_556408,Wadgaon Darekar,Wadgaon Darekar,Daund,Pune,18.48169,74.66812,182.71,38.04,-12.0,508.4,40.7,447.4,569.5,3.0,242.7,6.0,10.0,6.0,70.0,4.0,4.0,0.0,20.0,29.5,21.0,-2.62,-5.808674291041755,10.89,7.15,14.77,3.38,17.63,3.7,MODERATE,Horticultural Orchard Microclimate,Manual demo override,MANUAL_OVERRIDE,,2026-09-09,,,,NOT_REQUESTED,30.1,21.6,64.4
MH_PUNE_556410,Shirapur,Shirapur,Daund,Pune,18.46253,74.7115,186.07,37.42,-12.0,506.9,40.6,446.0,567.8,3.0,244.3,6.0,10.0,6.0,70.0,4.0,4.0,0.0,20.0,29.5,21.0,-2.62,-5.910444914925095,10.96,7.07,14.78,2.79,17.8,3.79,MODERATE,Horticultural Orchard Microclimate,Manual demo override,MANUAL_OVERRIDE,,2026-09-09,,,,NOT_REQUESTED,30.1,21.6,64.4
MH_PUNE_556412,Kalewadi,Kalewadi,Daund,Pune,18.41245,74.68915,181.8,31.38,-12.0,508.6,40.7,447.5,569.6,3.0,243.5,6.0,10.0,6.0,70.0,4.0,4.0,0.0,20.0,29.5,21.0,-2.62,-6.220111826209302,10.63,6.83,14.53,3.01,17.7,3.71,MODERATE,Horticultural Orchard Microclimate,Manual demo override,MANUAL_OVERRIDE,,2026-09-09,,,,NOT_REQUESTED,30.1,21.6,64.3
MH_PUNE_556413,Kadamwasti,Kadamwasti,Daund,Pune,18.43283,74.64577,178.4,32.21,-12.0,509.9,40.8,448.7,571.1,3.0,241.9,6.0,10.0,6.0,70.0,4.0,4.0,0.0,20.0,29.5,21.0,-2.62,-6.119302433085743,10.75,6.89,14.32,2.9,17.56,3.69,MODERATE,Horticultural Orchard Microclimate,Manual demo override,MANUAL_OVERRIDE,,2026-09-09,,,,NOT_REQUESTED,30.1,21.6,64.3
MH_PUNE_556407,Deulgaon Raje,Deulgaon Raje,Daund,Pune,18.44423,74.67727,181.96,34.29,-12.0,526.5,42.1,463.4,589.7,3.0,243.1,6.0,10.0,6.0,70.0,4.0,4.0,0.0,20.0,29.5,21.0,-3.54,-6.041340002361744,9.87,6.02,13.43,2.32,16.19,3.7,MODERATE,Horticultural Orchard Microclimate,Manual demo override,MANUAL_OVERRIDE,,2026-09-09,,,,NOT_REQUESTED,30.0,21.5,63.9
MH_PUNE_556406,Alegaon,Alegaon,Daund,Pune,18.44618,74.65321,179.7,33.83,-12.0,507.9,40.6,447.0,568.8,3.0,242.2,6.0,10.0,6.0,70.0,4.0,4.0,0.0,20.0,29.5,21.0,-2.62,-6.03472649314071,10.79,7.15,14.79,2.82,17.46,3.76,MODERATE,Horticultural Orchard Microclimate,Manual demo override,MANUAL_OVERRIDE,,2026-09-09,,,,NOT_REQUESTED,30.1,21.6,64.3
MH_PUNE_555649,Alegaon Paga,Alegaon Paga,Shirur,Pune,18.6223,74.33329,154.2,51.96,-11.4,529.0,42.3,465.6,592.5,3.0,230.3,6.0,10.0,6.0,70.0,4.0,4.0,0.0,20.0,29.5,21.0,-3.54,-3.8764248463609947,12.06,8.23,15.28,4.19,18.73,3.63,MODERATE,Horticultural Orchard Microclimate,Manual demo override,MANUAL_OVERRIDE,,2026-09-09,,,,NOT_REQUESTED,29.6,21.1,64.8
MH_PUNE_555658,Andhalgaon,Andhalgaon,Shirur,Pune,18.61283,74.40173,161.43,54.79,-12.0,540.5,43.2,475.7,605.3,3.0,232.9,6.0,10.0,6.0,70.0,4.0,4.0,0.0,20.0,29.5,21.0,-3.54,-4.208309925569434,11.76,7.92,15.37,4.1,18.7,3.78,MODERATE,Horticultural Orchard Microclimate,Manual demo override,MANUAL_OVERRIDE,,2026-09-09,,,,NOT_REQUESTED,29.5,21.0,64.7
MH_PUNE_556411,Hingani Berdi,Hingani Berdi,Daund,Pune,18.42036,74.6998,183.17,32.62,-12.0,502.8,40.2,442.5,563.1,3.0,243.9,6.0,10.0,6.0,70.0,4.0,4.0,0.0,20.0,29.5,21.0,-2.62,-6.1645001300427555,10.57,6.23,14.75,3.05,17.56,3.8,MODERATE,Horticultural Orchard Microclimate,Manual demo override,MANUAL_OVERRIDE,,2026-09-09,,,,NOT_REQUESTED,30.1,21.6,64.2
MH_PUNE_555653,Ranjangaon Sandas,Ranjangaon Sandas,Shirur,Pune,18.58267,74.35841,156.98,53.49,-11.9,524.6,42.0,461.6,587.6,3.0,231.3,6.0,10.0,6.0,70.0,4.0,4.0,0.0,20.0,29.5,21.0,-3.54,-4.1867695184121105,11.84,8.14,15.58,4.12,18.3,3.56,MODERATE,Horticultural Orchard Microclimate,Manual demo override,MANUAL_OVERRIDE,,2026-09-09,,,,NOT_REQUESTED,29.7,21.2,64.7
MH_PUNE_555659,Nagargaon,Nagargaon,Shirur,Pune,18.58371,74.3955,160.88,52.01,-12.0,520.2,41.6,457.8,582.6,3.0,232.6,6.0,10.0,6.0,70.0,4.0,4.0,0.0,20.0,29.5,21.0,-2.61,-4.349772185882274,12.46,8.34,16.29,5.43,18.88,3.61,MODERATE,Horticultural Orchard Microclimate,Manual demo override,MANUAL_OVERRIDE,,2026-09-09,,,,NOT_REQUESTED,29.7,21.2,65.0
MH_PUNE_555652,Rakshewadi,Rakshewadi,Shirur,Pune,18.58896,74.33707,154.7,51.76,-11.5,530.3,42.4,466.7,593.9,3.0,230.5,6.0,10.0,6.0,70.0,4.0,4.0,0.0,20.0,29.5,21.0,-3.54,-4.05868581429608,11.93,8.19,15.83,4.19,18.48,3.69,MODERATE,Horticultural Orchard Microclimate,Manual demo override,MANUAL_OVERRIDE,,2026-09-09,,,,NOT_REQUESTED,29.6,21.1,64.8
MH_PUNE_556342,Valki,Valki,Daund,Pune,18.5819,74.31138,152.03,48.98,-11.0,519.9,41.6,457.5,582.3,3.0,229.5,6.0,10.0,6.0,70.0,4.0,4.0,0.0,20.0,29.5,21.0,0.04,-3.984074893065201,15.56,11.82,19.86,7.38,23.05,3.89,MODERATE,Horticultural Orchard Microclimate,Manual demo override,MANUAL_OVERRIDE,,2026-09-09,,,,NOT_REQUESTED,29.7,21.2,66.2
MH_PUNE_556371,Ganesh Road,Ganesh Road,Daund,Pune,18.5342,74.41071,161.1,46.31,-12.0,518.7,41.5,456.5,581.0,3.0,233.2,6.0,10.0,6.0,70.0,4.0,4.0,0.0,20.0,29.5,21.0,-2.62,-4.728979160647221,12.21,8.33,16.09,4.31,19.04,3.84,MODERATE,Horticultural Orchard Microclimate,Manual demo override,MANUAL_OVERRIDE,,2026-09-09,,,,NOT_REQUESTED,29.7,21.2,64.9
MH_PUNE_556369,Pargaon,Pargaon,Daund,Pune,18.54169,74.37282,158.07,48.74,-12.0,537.1,43.0,472.6,601.6,3.0,231.8,6.0,10.0,6.0,70.0,4.0,4.0,0.0,20.0,29.5,21.0,-3.54,-4.489976003678835,11.53,7.79,15.3,4.2,17.84,3.61,MODERATE,Horticultural Orchard Microclimate,Manual demo override,MANUAL_OVERRIDE,,2026-09-09,,,,NOT_REQUESTED,29.5,21.0,64.6
MH_PUNE_556344,Ekeriwadi,Ekeriwadi,Daund,Pune,18.53131,74.31244,152.03,48.76,-11.0,529.7,42.4,466.1,593.3,3.0,229.6,6.0,10.0,6.0,70.0,4.0,4.0,0.0,20.0,29.5,21.0,-0.25,-4.239591847916956,14.97,11.55,19.08,7.37,21.74,3.64,MODERATE,Horticultural Orchard Microclimate,Manual demo override,MANUAL_OVERRIDE,,2026-09-09,,,,NOT_REQUESTED,29.6,21.1,66.0
MH_PUNE_556368,Galandwadi,Galandwadi,Daund,Pune,18.5244,74.33823,153.95,48.83,-11.5,532.5,42.6,468.6,596.4,3.0,230.5,6.0,10.0,6.0,70.0,4.0,4.0,0.0,20.0,29.5,21.0,-3.54,-4.409519203042395,11.56,8.11,15.23,4.14,18.17,3.6,MODERATE,Horticultural Orchard Microclimate,Manual demo override,MANUAL_OVERRIDE,,2026-09-09,,,,NOT_REQUESTED,29.6,21.1,64.6
MH_PUNE_556343,Delvadi,Delvadi,Daund,Pune,18.54165,74.32265,153.49,49.85,-11.2,526.3,42.1,463.1,589.4,3.0,229.9,6.0,10.0,6.0,70.0,4.0,4.0,0.0,20.0,29.5,21.0,-0.25,-4.236727112335348,14.88,10.9,18.31,7.74,21.34,3.59,MODERATE,Horticultural Orchard Microclimate,Manual demo override,MANUAL_OVERRIDE,,2026-09-09,,,,NOT_REQUESTED,29.6,21.1,66.0
MH_PUNE_555668,Mandavgan Pharata,Mandavgan Pharata,Shirur,Pune,18.55718,74.49733,170.31,46.11,-12.0,520.0,41.6,457.6,582.4,3.0,236.4,6.0,10.0,6.0,70.0,4.0,4.0,0.0,20.0,29.5,21.0,-2.61,-4.952653873081736,11.94,7.69,15.88,4.24,18.74,3.77,MODERATE,Horticultural Orchard Microclimate,Manual demo override,MANUAL_OVERRIDE,,2026-09-09,,,,NOT_REQUESTED,30.0,21.5,64.8
MH_PUNE_555661,Kolgaon Dolas,Kolgaon Dolas,Shirur,Pune,18.61764,74.43504,164.93,54.2,-12.0,546.9,43.7,481.3,612.4,3.0,234.1,6.0,10.0,6.0,70.0,4.0,4.0,0.0,20.0,29.5,21.0,-6.56,-4.317736388727648,8.61,5.24,12.15,0.79,15.2,3.6,MODERATE,Horticultural Orchard Microclimate,Manual demo override,MANUAL_OVERRIDE,,2026-09-09,,,,NOT_REQUESTED,29.8,21.3,63.4
MH_PUNE_555660,Kuruli,Kuruli,Shirur,Pune,18.59732,74.43195,164.66,52.13,-12.0,533.9,42.7,469.8,597.9,3.0,234.0,6.0,10.0,6.0,70.0,4.0,4.0,0.0,20.0,29.5,21.0,-3.54,-4.427706069766066,11.55,7.47,15.52,3.59,18.66,3.73,MODERATE,Horticultural Orchard Microclimate,Manual demo override,MANUAL_OVERRIDE,,2026-09-09,,,,NOT_REQUESTED,29.9,21.4,64.6
MH_PUNE_555664,Pimpalsuti,Pimpalsuti,Shirur,Pune,18.59926,74.51326,173.22,50.45,-12.0,530.0,42.4,466.4,593.6,3.0,237.0,6.0,10.0,6.0,70.0,4.0,4.0,0.0,20.0,29.5,21.0,-3.54,-4.724818891041419,11.21,7.09,15.3,3.56,18.39,3.73,MODERATE,Horticultural Orchard Microclimate,Manual demo override,MANUAL_OVERRIDE,,2026-09-09,,,,NOT_REQUESTED,29.9,21.4,64.5
MH_PUNE_556372,Amoni Mal,Amoni Mal,Daund,Pune,18.55298,74.41552,162.58,48.05,-12.0,525.0,42.0,462.0,588.0,3.0,233.4,6.0,10.0,6.0,70.0,4.0,4.0,0.0,20.0,29.5,21.0,-3.54,-4.631497853843975,11.28,7.26,14.7,3.59,18.38,3.72,MODERATE,Horticultural Orchard Microclimate,Manual demo override,MANUAL_OVERRIDE,,2026-09-09,,,,NOT_REQUESTED,29.7,21.2,64.5
MH_PUNE_555666,Wadgaon Rasai,Wadgaon Rasai,Shirur,Pune,18.57023,74.44548,166.21,48.84,-12.0,523.9,41.9,461.1,586.8,3.0,234.5,6.0,10.0,6.0,70.0,4.0,4.0,0.0,20.0,29.5,21.0,-3.54,-4.656363863467834,11.24,7.18,15.11,3.34,17.91,3.8,MODERATE,Horticultural Orchard Microclimate,Manual demo override,MANUAL_OVERRIDE,,2026-09-09,,,,NOT_REQUESTED,30.0,21.5,64.5
MH_PUNE_555669,Faradwadi,Faradwadi,Shirur,Pune,18.56136,74.49287,170.13,46.66,-12.0,518.8,41.5,456.5,581.0,3.0,236.2,6.0,10.0,6.0,70.0,4.0,4.0,0.0,20.0,29.5,21.0,-2.62,-4.9074263058325895,12.02,8.21,15.81,4.01,19.24,3.81,MODERATE,Horticultural Orchard Microclimate,Manual demo override,MANUAL_OVERRIDE,,2026-09-09,,,,NOT_REQUESTED,30.0,21.5,64.8
MH_PUNE_555667,Sadalgaon,Sadalgaon,Shirur,Pune,18.53316,74.46275,165.83,44.37,-12.0,517.7,41.4,455.6,579.8,3.0,235.1,6.0,10.0,6.0,70.0,4.0,4.0,0.0,20.0,29.5,21.0,-2.62,-4.98056012829173,11.92,7.76,15.46,4.45,18.94,3.72,MODERATE,Horticultural Orchard Microclimate,Manual demo override,MANUAL_OVERRIDE,,2026-09-09,,,,NOT_REQUESTED,30.0,21.5,64.8
MH_PUNE_555662,Shirasgaon Kata,Shirasgaon Kata,Shirur,Pune,18.62134,74.47243,168.86,53.63,-12.0,545.6,43.6,480.2,611.0,3.0,235.5,6.0,10.0,6.0,70.0,4.0,4.0,0.0,20.0,29.5,21.0,-6.56,-4.440039287254576,8.52,4.93,13.24,0.94,15.43,3.76,MODERATE,Horticultural Orchard Microclimate,Manual demo override,MANUAL_OVERRIDE,,2026-09-09,,,,NOT_REQUESTED,29.8,21.3,63.4
MH_PUNE_556370,Nangaon,Nangaon,Daund,Pune,18.5313,74.42877,162.6,45.3,-12.0,517.5,41.4,455.4,579.6,3.0,233.9,6.0,10.0,6.0,70.0,4.0,4.0,0.0,20.0,29.5,21.0,-2.62,-4.83697287858221,11.97,7.88,16.14,4.08,18.68,3.75,MODERATE,Horticultural Orchard Microclimate,Manual demo override,MANUAL_OVERRIDE,,2026-09-09,,,,NOT_REQUESTED,30.0,21.5,64.8
MH_PUNE_555647,Uralgaon,Uralgaon,Shirur,Pune,18.66801,74.31386,152.15,51.24,-11.0,579.6,46.4,510.0,649.2,3.0,229.6,6.0,10.0,6.0,70.0,4.0,4.0,0.0,20.0,29.5,21.0,-0.0,-3.592553412522297,15.87,12.1,20.09,8.35,22.61,3.73,MODERATE,Horticultural Orchard Microclimate,Manual demo override,MANUAL_OVERRIDE,,2026-09-09,,,,NOT_REQUESTED,29.2,20.7,66.3
MH_PUNE_555639,Karde,Karde,Shirur,Pune,18.74386,74.34174,155.45,57.01,-11.6,613.1,49.0,539.6,686.6,3.0,230.6,6.0,10.0,6.0,70.0,4.0,4.0,0.0,20.0,29.5,21.0,-6.56,-3.3389846817925313,9.42,5.49,13.68,1.6,16.19,3.83,MODERATE,Orographic Sahyadri Elevation Gradient,Manual demo override,MANUAL_OVERRIDE,,2026-09-09,,,,NOT_REQUESTED,29.0,20.5,63.8
MH_PUNE_555621,Babhulsar Kh,Babhulsar Kh,Shirur,Pune,18.75661,74.30189,151.37,53.87,-10.8,607.0,48.6,534.1,679.9,3.0,229.2,6.0,10.0,6.0,70.0,4.0,4.0,0.0,20.0,29.5,21.0,-0.0,-3.167914920229351,16.29,12.19,20.69,8.46,23.01,3.8,MODERATE,Orographic Sahyadri Elevation Gradient,Manual demo override,MANUAL_OVERRIDE,,2026-09-09,,,,NOT_REQUESTED,29.1,20.6,66.5
MH_PUNE_555640,Chavhanwadi,Chavhanwadi,Shirur,Pune,18.73317,74.3998,161.47,62.18,-12.0,586.3,46.9,516.0,656.7,3.0,232.8,6.0,10.0,6.0,70.0,4.0,4.0,0.0,20.0,29.5,21.0,-6.56,-3.5732065903838466,9.46,5.78,13.42,1.92,16.15,3.7,MODERATE,Horticultural Orchard Microclimate,Manual demo override,MANUAL_OVERRIDE,,2026-09-09,,,,NOT_REQUESTED,29.2,20.7,63.8
MH_PUNE_555651,Kohakdewadi,Kohakdewadi,Shirur,Pune,18.64314,74.39567,160.75,58.18,-12.0,566.6,45.3,498.7,634.6,3.0,232.6,6.0,10.0,6.0,70.0,4.0,4.0,0.0,20.0,29.5,21.0,-6.56,-4.0157161573235385,8.86,5.34,12.51,0.99,15.56,3.69,MODERATE,Horticultural Orchard Microclimate,Manual demo override,MANUAL_OVERRIDE,,2026-09-09,,,,NOT_REQUESTED,29.3,20.8,63.5
MH_PUNE_555642,Nimone,Nimone,Shirur,Pune,18.70556,74.41962,163.4,63.12,-12.0,583.2,46.7,513.1,653.2,3.0,233.5,6.0,10.0,6.0,70.0,4.0,4.0,0.0,20.0,29.5,21.0,-6.56,-3.7761650375315825,9.13,4.87,12.67,1.5,15.94,3.66,MODERATE,Horticultural Orchard Microclimate,Manual demo override,MANUAL_OVERRIDE,,2026-09-09,,,,NOT_REQUESTED,29.2,20.7,63.7
MH_PUNE_555641,Motewadi,Motewadi,Shirur,Pune,18.71531,74.41398,162.86,62.9,-12.0,578.8,46.3,509.3,648.2,3.0,233.3,6.0,10.0,6.0,70.0,4.0,4.0,0.0,20.0,29.5,21.0,-6.56,-3.7077745478045343,9.26,5.43,13.17,1.52,15.99,3.7,MODERATE,Horticultural Orchard Microclimate,Manual demo override,MANUAL_OVERRIDE,,2026-09-09,,,,NOT_REQUESTED,29.3,20.8,63.7
MH_PUNE_555643,Ambale,Ambale,Shirur,Pune,18.70201,74.3424,155.26,55.3,-11.6,589.1,47.1,518.4,659.7,3.0,230.7,6.0,10.0,6.0,70.0,4.0,4.0,0.0,20.0,29.5,21.0,-6.56,-3.5306111130285402,9.26,5.25,13.01,1.34,16.41,3.85,MODERATE,Horticultural Orchard Microclimate,Manual demo override,MANUAL_OVERRIDE,,2026-09-09,,,,NOT_REQUESTED,29.2,20.7,63.7
MH_PUNE_555654,Shindodi,Shindodi,Shirur,Pune,18.70128,74.46956,168.64,62.4,-12.0,561.4,44.9,494.0,628.7,3.0,235.4,6.0,10.0,6.0,70.0,4.0,4.0,0.0,20.0,29.5,21.0,-6.56,-3.9675494375570644,8.97,5.77,12.69,1.03,15.82,3.71,MODERATE,Horticultural Orchard Microclimate,Manual demo override,MANUAL_OVERRIDE,,2026-09-09,,,,NOT_REQUESTED,29.7,21.2,63.6
MH_PUNE_555650,Nhavara,Nhavara,Shirur,Pune,18.65962,74.37254,158.32,56.93,-12.0,572.7,45.8,504.0,641.4,3.0,231.8,6.0,10.0,6.0,70.0,4.0,4.0,0.0,20.0,29.5,21.0,-6.56,-3.8407530230579425,9.11,5.52,12.76,2.17,15.8,3.68,MODERATE,Horticultural Orchard Microclimate,Manual demo override,MANUAL_OVERRIDE,,2026-09-09,,,,NOT_REQUESTED,29.3,20.8,63.6
MH_PUNE_555656,Gunat,Gunat,Shirur,Pune,18.67744,74.43738,165.18,60.55,-12.0,585.3,46.8,515.1,655.5,3.0,234.2,6.0,10.0,6.0,70.0,4.0,4.0,0.0,20.0,29.5,21.0,-6.56,-3.986390500669375,9.11,5.65,12.55,1.33,15.89,3.67,MODERATE,Horticultural Orchard Microclimate,Manual demo override,MANUAL_OVERRIDE,,2026-09-09,,,,NOT_REQUESTED,29.5,21.0,63.6
MH_PUNE_555655,Chinchani,Chinchani,Shirur,Pune,18.66665,74.48596,170.27,58.3,-12.0,546.2,43.7,480.7,611.8,3.0,236.0,6.0,10.0,6.0,70.0,4.0,4.0,0.0,20.0,29.5,21.0,-6.56,-4.216176396360657,8.74,4.27,12.43,1.08,15.65,3.69,MODERATE,Horticultural Orchard Microclimate,Manual demo override,MANUAL_OVERRIDE,,2026-09-09,,,,NOT_REQUESTED,29.8,21.3,63.5
MH_PUNE_555657,Nirvi,Nirvi,Shirur,Pune,18.64688,74.42819,164.17,57.53,-12.0,567.8,45.4,499.7,635.9,3.0,233.8,6.0,10.0,6.0,70.0,4.0,4.0,0.0,20.0,29.5,21.0,-6.56,-4.121487480613283,8.78,5.04,12.73,1.51,15.29,3.67,MODERATE,Horticultural Orchard Microclimate,Manual demo override,MANUAL_OVERRIDE,,2026-09-09,,,,NOT_REQUESTED,29.6,21.1,63.5
MH_PUNE_555663,Dhumalwadi,Dhumalwadi,Shirur,Pune,18.65324,74.45889,167.41,57.4,-12.0,542.1,43.4,477.0,607.2,3.0,235.0,6.0,10.0,6.0,70.0,4.0,4.0,0.0,20.0,29.5,21.0,-3.54,-4.199624394384581,11.81,7.75,15.93,4.0,18.95,3.8,MODERATE,Horticultural Orchard Microclimate,Manual demo override,MANUAL_OVERRIDE,,2026-09-09,,,,NOT_REQUESTED,29.8,21.3,64.7
MH_PUNE_555539,Awasari Bk,Awasari Bk,Ambegaon,Pune,18.95852,74.01569,125.69,50.74,-5.7,643.7,51.5,566.5,721.0,3.0,218.6,10.0,12.0,6.0,64.0,5.0,3.0,0.0,20.0,29.5,21.0,1.48,-1.4652534335338105,19.47,15.32,23.08,11.05,26.71,3.88,MODERATE,Orographic Sahyadri Elevation Gradient,Manual demo override,MANUAL_OVERRIDE,,2026-09-09,,,,NOT_REQUESTED,28.9,20.4,67.8
MH_PUNE_555761,Chandoli,Chandoli,Khed,Pune,18.85048,73.87691,108.58,35.75,-3.2,593.9,47.5,522.7,665.2,3.0,213.4,10.0,12.0,6.0,64.0,5.0,3.0,0.0,20.0,29.5,21.0,0.73,-1.4667424244402567,18.78,14.86,22.17,11.31,25.65,3.66,MODERATE,Rain-Shadow Plateau Topography,Manual demo override,MANUAL_OVERRIDE,,2026-09-09,,,,NOT_REQUESTED,29.2,20.7,67.5
MH_PUNE_555816,Gosasi,Gosasi,Khed,Pune,18.83956,73.98363,119.35,37.19,-5.1,737.8,59.0,649.3,826.3,3.0,217.4,10.0,12.0,6.0,64.0,5.0,3.0,0.0,20.0,29.5,21.0,0.73,-2.074990037406775,18.01,13.57,22.45,10.4,25.01,3.77,MODERATE,Orographic Sahyadri Elevation Gradient,Manual demo override,MANUAL_OVERRIDE,,2026-09-09,,,,NOT_REQUESTED,28.3,19.8,67.2
MH_PUNE_555665,Inamgaon,Inamgaon,Shirur,Pune,18.57532,74.53526,174.79,47.53,-12.0,525.1,42.0,462.1,588.1,3.0,237.8,6.0,10.0,6.0,70.0,4.0,4.0,0.0,20.0,29.5,21.0,-3.54,-4.954785422935439,10.98,7.0,14.27,3.51,17.5,3.73,MODERATE,Horticultural Orchard Microclimate,Manual demo override,MANUAL_OVERRIDE,,2026-09-09,,,,NOT_REQUESTED,30.0,21.5,64.4
MH_PUNE_555820,Davadi,Davadi,Khed,Pune,18.79149,73.977,117.79,32.01,-5.0,686.4,54.9,604.0,768.7,3.0,217.1,10.0,12.0,6.0,64.0,5.0,3.0,0.0,20.0,29.5,21.0,0.64,-2.45749363234402,17.58,14.07,21.44,10.06,23.92,3.67,MODERATE,Orographic Sahyadri Elevation Gradient,Manual demo override,MANUAL_OVERRIDE,,2026-09-09,,,,NOT_REQUESTED,28.6,20.1,67.0
MH_PUNE_555672,Tandali,Tandali,Shirur,Pune,18.54391,74.55955,175.39,43.85,-12.0,517.7,41.4,455.6,579.8,3.0,238.7,6.0,10.0,6.0,70.0,4.0,4.0,0.0,20.0,29.5,21.0,-2.62,-5.240124112820149,11.68,8.36,15.51,3.74,18.15,3.64,MODERATE,Horticultural Orchard Microclimate,Manual demo override,MANUAL_OVERRIDE,,2026-09-09,,,,NOT_REQUESTED,30.0,21.5,64.7
MH_PUNE_555671,Ganegaon Dumala,Ganegaon Dumala,Shirur,Pune,18.52371,74.5388,172.42,41.78,-12.0,513.4,41.1,451.7,575.0,3.0,237.9,6.0,10.0,6.0,70.0,4.0,4.0,0.0,20.0,29.5,21.0,-2.62,-5.326699380963568,11.51,7.64,15.65,3.52,18.56,3.86,MODERATE,Horticultural Orchard Microclimate,Manual demo override,MANUAL_OVERRIDE,,2026-09-09,,,,NOT_REQUESTED,30.0,21.5,64.6
MH_PUNE_555592,Thitewadi,Thitewadi,Shirur,Pune,18.81092,74.05965,126.71,38.26,-6.5,668.1,53.4,588.0,748.2,3.0,220.2,6.0,10.0,6.0,70.0,4.0,4.0,0.0,20.0,29.5,21.0,0.72,-2.4569327182052465,17.55,14.64,21.45,9.24,24.04,3.52,MODERATE,Orographic Sahyadri Elevation Gradient,Manual demo override,MANUAL_OVERRIDE,,2026-09-09,,,,NOT_REQUESTED,28.7,20.2,67.0
MH_PUNE_555593,Mahadeo Wadi,Mahadeo Wadi,Shirur,Pune,18.80207,74.06687,127.33,37.91,-6.6,660.4,52.8,581.2,739.6,3.0,220.5,6.0,10.0,6.0,70.0,4.0,4.0,0.0,20.0,29.5,21.0,0.72,-2.5248003095314,17.6,13.78,21.23,10.4,24.44,3.64,MODERATE,Orographic Sahyadri Elevation Gradient,Manual demo override,MANUAL_OVERRIDE,,2026-09-09,,,,NOT_REQUESTED,28.8,20.3,67.0
MH_PUNE_555594,Kendur,Kendur,Shirur,Pune,18.78606,74.0391,124.19,34.75,-6.1,645.7,51.7,568.1,723.2,3.0,219.4,6.0,10.0,6.0,70.0,4.0,4.0,0.0,20.0,29.5,21.0,0.72,-2.597091147407564,17.6,13.8,21.09,9.95,24.63,3.69,MODERATE,Orographic Sahyadri Elevation Gradient,Manual demo override,MANUAL_OVERRIDE,,2026-09-09,,,,NOT_REQUESTED,28.9,20.4,67.0
MH_PUNE_555810,Wakalwadi,Wakalwadi,Khed,Pune,18.8636,73.97717,119.2,39.44,-5.0,807.3,64.6,710.4,904.2,3.0,217.2,10.0,12.0,6.0,64.0,5.0,3.0,0.0,20.0,29.5,21.0,0.73,-1.8710696422010453,18.41,14.52,22.54,9.98,25.9,3.84,MODERATE,Orographic Sahyadri Elevation Gradient,Manual demo override,MANUAL_OVERRIDE,,2026-09-09,,,,NOT_REQUESTED,27.8,19.3,67.4
MH_PUNE_555809,Jaulke Kh,Jaulke Kh,Khed,Pune,18.86061,73.93635,114.93,37.87,-4.3,687.8,55.0,605.3,770.3,3.0,215.6,10.0,12.0,6.0,64.0,5.0,3.0,0.0,20.0,29.5,21.0,0.73,-1.7199883215766456,18.28,14.74,22.09,10.81,24.72,3.62,MODERATE,Orographic Sahyadri Elevation Gradient,Manual demo override,MANUAL_OVERRIDE,,2026-09-09,,,,NOT_REQUESTED,28.6,20.1,67.3
MH_PUNE_555762,Vadgaon Tarf Khed,Vadgaon Tarf Khed,Khed,Pune,18.85934,73.85749,106.8,36.63,-2.8,612.9,49.0,539.4,686.4,3.0,212.7,10.0,12.0,6.0,64.0,5.0,3.0,0.0,20.0,29.5,21.0,0.73,-1.2539814446807322,18.98,14.88,22.54,10.97,25.62,3.77,MODERATE,Orographic Sahyadri Elevation Gradient,Manual demo override,MANUAL_OVERRIDE,,2026-09-09,,,,NOT_REQUESTED,29.1,20.6,67.6
MH_PUNE_555818,Kharpudi Bk,Kharpudi Bk,Khed,Pune,18.81244,73.9242,112.66,32.36,-4.0,595.1,47.6,523.7,666.5,3.0,215.2,10.0,12.0,6.0,64.0,5.0,3.0,0.0,20.0,29.5,21.0,0.64,-2.0917038874661675,18.01,14.03,21.65,10.53,24.97,3.69,MODERATE,Rain-Shadow Plateau Topography,Manual demo override,MANUAL_OVERRIDE,,2026-09-09,,,,NOT_REQUESTED,29.2,20.7,67.2
MH_PUNE_555817,Retavadi,Retavadi,Khed,Pune,18.83876,73.94652,115.49,35.81,-4.4,669.2,53.5,589.0,749.5,3.0,216.0,10.0,12.0,6.0,64.0,5.0,3.0,0.0,20.0,29.5,21.0,0.73,-1.9455532601325518,18.2,13.66,21.63,10.72,24.65,3.77,MODERATE,Orographic Sahyadri Elevation Gradient,Manual demo override,MANUAL_OVERRIDE,,2026-09-09,,,,NOT_REQUESTED,28.7,20.2,67.3
MH_PUNE_555796,Takalkarwadi,Takalkarwadi,Khed,Pune,18.84748,73.91629,112.56,35.99,-3.9,622.3,49.8,547.6,697.0,3.0,214.9,10.0,12.0,6.0,64.0,5.0,3.0,0.0,20.0,29.5,21.0,0.73,-1.7284777238267415,18.49,14.41,21.79,11.29,25.13,3.62,MODERATE,Orographic Sahyadri Elevation Gradient,Manual demo override,MANUAL_OVERRIDE,,2026-09-09,,,,NOT_REQUESTED,29.0,20.5,67.4
MH_PUNE_555815,Kanhersar,Kanhersar,Khed,Pune,18.82559,74.00473,121.26,36.69,-5.5,673.8,53.9,592.9,754.6,3.0,218.2,10.0,12.0,6.0,64.0,5.0,3.0,0.0,20.0,29.5,21.0,0.73,-2.2428738982423537,18.04,14.46,21.78,10.72,24.43,3.61,MODERATE,Orographic Sahyadri Elevation Gradient,Manual demo override,MANUAL_OVERRIDE,,2026-09-09,,,,NOT_REQUESTED,28.7,20.2,67.2
MH_PUNE_555763,Shiroli,Shiroli,Khed,Pune,18.82987,73.87868,108.29,33.48,-3.2,597.1,47.8,525.4,668.8,3.0,213.5,10.0,12.0,6.0,64.0,5.0,3.0,0.0,20.0,29.5,21.0,0.73,-1.6698641651088102,18.45,14.6,22.5,11.14,25.78,3.66,MODERATE,Rain-Shadow Plateau Topography,Manual demo override,MANUAL_OVERRIDE,,2026-09-09,,,,NOT_REQUESTED,29.2,20.7,67.4
MH_PUNE_555799,Holewadi,Holewadi,Khed,Pune,18.82483,73.90562,110.98,33.3,-3.7,590.6,47.2,519.8,661.4,3.0,214.5,10.0,12.0,6.0,64.0,5.0,3.0,0.0,20.0,29.5,21.0,0.64,-1.8799753559535126,18.19,14.83,22.22,10.95,25.27,3.69,MODERATE,Rain-Shadow Plateau Topography,Manual demo override,MANUAL_OVERRIDE,,2026-09-09,,,,NOT_REQUESTED,29.2,20.7,67.3
MH_PUNE_555582,Futanwadi Akharimal,Futanwadi Akharimal,Shirur,Pune,18.86073,74.05554,127.22,42.67,-6.4,711.2,56.9,625.8,796.5,3.0,220.1,6.0,10.0,6.0,70.0,4.0,4.0,0.0,20.0,29.5,21.0,0.72,-2.1342657244069954,18.08,14.24,22.12,10.52,25.02,3.68,MODERATE,Orographic Sahyadri Elevation Gradient,Manual demo override,MANUAL_OVERRIDE,,2026-09-09,,,,NOT_REQUESTED,28.4,19.9,67.2
MH_PUNE_555801,Pimpri Bk,Pimpri Bk,Khed,Pune,18.82248,73.85221,105.4,32.52,-2.7,617.6,49.4,543.5,691.7,3.0,212.5,10.0,12.0,6.0,64.0,5.0,3.0,0.0,20.0,29.5,21.0,0.64,-1.5533685197851028,18.41,14.7,22.66,10.69,24.87,3.67,MODERATE,Orographic Sahyadri Elevation Gradient,Manual demo override,MANUAL_OVERRIDE,,2026-09-09,,,,NOT_REQUESTED,29.0,20.5,67.4
MH_PUNE_555819,Nimgaon,Nimgaon,Khed,Pune,18.80774,73.94719,114.96,32.54,-4.4,619.2,49.5,544.9,693.4,3.0,216.0,10.0,12.0,6.0,64.0,5.0,3.0,0.0,20.0,29.5,21.0,0.64,-2.22631878641673,17.69,13.54,22.1,9.82,24.77,3.81,MODERATE,Orographic Sahyadri Elevation Gradient,Manual demo override,MANUAL_OVERRIDE,,2026-09-09,,,,NOT_REQUESTED,29.0,20.5,67.1
MH_PUNE_555585,Choudhar Bend,Choudhar Bend,Shirur,Pune,18.82491,74.05954,126.94,39.53,-6.5,667.4,53.4,587.3,747.5,3.0,220.2,6.0,10.0,6.0,70.0,4.0,4.0,0.0,20.0,29.5,21.0,0.72,-2.3667175516765924,17.8,14.19,21.84,10.24,24.1,3.65,MODERATE,Orographic Sahyadri Elevation Gradient,Manual demo override,MANUAL_OVERRIDE,,2026-09-09,,,,NOT_REQUESTED,28.7,20.2,67.1
MH_PUNE_555802,Waki Bk,Waki Bk,Khed,Pune,18.79801,73.89198,109.05,30.13,-3.5,607.5,48.6,534.6,680.4,3.0,214.0,10.0,12.0,6.0,64.0,5.0,3.0,0.0,20.0,29.5,21.0,0.64,-2.084611544103132,17.91,14.11,22.54,10.33,24.38,3.71,MODERATE,Orographic Sahyadri Elevation Gradient,Manual demo override,MANUAL_OVERRIDE,,2026-09-09,,,,NOT_REQUESTED,29.1,20.6,67.2
MH_PUNE_555800,Kharpudi Kh,Kharpudi Kh,Khed,Pune,18.80796,73.90639,110.73,31.47,-3.7,586.2,46.9,515.8,656.5,3.0,214.5,10.0,12.0,6.0,64.0,5.0,3.0,0.0,20.0,29.5,21.0,0.64,-2.0536001414340137,18.06,14.5,21.61,10.3,24.61,3.62,MODERATE,Rain-Shadow Plateau Topography,Manual demo override,MANUAL_OVERRIDE,,2026-09-09,,,,NOT_REQUESTED,29.2,20.7,67.2
MH_PUNE_555835,Pimpri Kh,Pimpri Kh,Khed,Pune,18.80379,73.85485,105.3,30.45,-2.8,596.6,47.7,525.1,668.2,3.0,212.6,10.0,12.0,6.0,64.0,5.0,3.0,0.0,20.0,29.5,21.0,0.64,-1.7759558639140132,18.23,14.24,22.06,10.79,24.41,3.6,MODERATE,Rain-Shadow Plateau Topography,Manual demo override,MANUAL_OVERRIDE,,2026-09-09,,,,NOT_REQUESTED,29.2,20.7,67.3
MH_PUNE_555596,Parhadwadi,Parhadwadi,Shirur,Pune,18.77933,74.07038,127.37,36.16,-6.7,630.6,50.4,555.0,706.2,3.0,220.6,6.0,10.0,6.0,70.0,4.0,4.0,0.0,20.0,29.5,21.0,0.72,-2.6736614343515113,17.59,13.97,21.59,10.16,24.69,3.75,MODERATE,Orographic Sahyadri Elevation Gradient,Manual demo override,MANUAL_OVERRIDE,,2026-09-09,,,,NOT_REQUESTED,29.0,20.5,67.0
MH_PUNE_555836,Rohakal,Rohakal,Khed,Pune,18.79013,73.86051,105.64,28.95,-2.9,633.3,50.7,557.3,709.4,3.0,212.8,10.0,12.0,6.0,64.0,5.0,3.0,0.0,20.0,29.5,21.0,0.64,-1.9772605764216946,18.09,13.93,22.33,9.55,25.32,3.93,MODERATE,Orographic Sahyadri Elevation Gradient,Manual demo override,MANUAL_OVERRIDE,,2026-09-09,,,,NOT_REQUESTED,28.5,20.0,67.2
MH_PUNE_555804,Kalus,Kalus,Khed,Pune,18.77175,73.92139,111.7,27.91,-4.0,587.2,47.0,516.7,657.7,3.0,215.1,10.0,12.0,6.0,64.0,5.0,3.0,0.0,20.0,29.5,21.0,0.64,-2.506118518551892,17.52,13.58,21.35,9.87,24.01,3.72,MODERATE,Rain-Shadow Plateau Topography,Manual demo override,MANUAL_OVERRIDE,,2026-09-09,,,,NOT_REQUESTED,28.8,20.3,67.0
MH_PUNE_555844,Chinchoshi,Chinchoshi,Khed,Pune,18.76214,74.01356,121.21,31.04,-5.6,627.4,50.2,552.1,702.7,3.0,218.5,10.0,12.0,6.0,64.0,5.0,3.0,0.0,20.0,29.5,21.0,0.64,-2.7533997051079986,17.31,14.0,21.03,8.85,23.74,3.67,MODERATE,Orographic Sahyadri Elevation Gradient,Manual demo override,MANUAL_OVERRIDE,,2026-09-09,,,,NOT_REQUESTED,29.0,20.5,66.9
MH_PUNE_555837,Waki Kh,Waki Kh,Khed,Pune,18.78515,73.88499,108.11,28.61,-3.3,606.2,48.5,533.4,678.9,3.0,213.7,10.0,12.0,6.0,64.0,5.0,3.0,0.0,20.0,29.5,21.0,0.64,-2.19227787722371,17.93,14.3,21.84,9.92,24.76,3.75,MODERATE,Orographic Sahyadri Elevation Gradient,Manual demo override,MANUAL_OVERRIDE,,2026-09-09,,,,NOT_REQUESTED,28.6,20.1,67.2
MH_PUNE_296912,Rajgurunagar,Rajgurunagar,Haveli,Pune,18.86248,73.89275,110.49,37.24,-3.5,617.7,49.4,543.6,691.8,3.0,214.0,12.0,14.0,8.0,48.0,14.0,4.0,0.0,20.0,29.5,21.0,0.73,-1.4672520549928665,18.66,14.66,22.93,11.05,25.59,3.66,MODERATE,Orographic Sahyadri Elevation Gradient,Manual demo override,MANUAL_OVERRIDE,,2026-09-09,,,,NOT_REQUESTED,29.9,21.4,67.5
MH_PUNE_555794,Khalchi Bhamburwadi,Khalchi Bhamburwadi,Khed,Pune,18.85561,73.90888,111.99,36.73,-3.8,622.7,49.8,548.0,697.4,3.0,214.6,10.0,12.0,6.0,64.0,5.0,3.0,0.0,20.0,29.5,21.0,0.73,-1.6189415134964613,18.65,15.21,22.72,10.65,25.56,3.72,MODERATE,Orographic Sahyadri Elevation Gradient,Manual demo override,MANUAL_OVERRIDE,,2026-09-09,,,,NOT_REQUESTED,29.0,20.5,67.5
MH_PUNE_555795,Dhorewadi,Dhorewadi,Khed,Pune,18.84931,73.90572,111.51,35.99,-3.7,607.3,48.6,534.4,680.2,3.0,214.5,10.0,12.0,6.0,64.0,5.0,3.0,0.0,20.0,29.5,21.0,0.73,-1.655004079788964,18.48,14.8,22.85,11.61,25.1,3.59,MODERATE,Orographic Sahyadri Elevation Gradient,Manual demo override,MANUAL_OVERRIDE,,2026-09-09,,,,NOT_REQUESTED,29.1,20.6,67.4
MH_PUNE_555534,Khadakamala,Khadakamala,Ambegaon,Pune,18.9594,73.97493,121.61,49.53,-4.9,662.8,53.0,583.3,742.3,3.0,217.1,10.0,12.0,6.0,64.0,5.0,3.0,0.0,20.0,29.5,21.0,0.73,-1.2895485918521277,18.83,14.89,22.52,10.62,26.01,3.73,MODERATE,Orographic Sahyadri Elevation Gradient,Manual demo override,MANUAL_OVERRIDE,,2026-09-09,,,,NOT_REQUESTED,28.7,20.2,67.5
MH_PUNE_555797,Rakshewadi,Rakshewadi,Khed,Pune,18.83236,73.91076,111.66,34.22,-3.8,629.4,50.4,553.8,705.0,3.0,214.7,10.0,12.0,6.0,64.0,5.0,3.0,0.0,20.0,29.5,21.0,0.73,-1.8354720910891658,18.32,14.08,22.38,10.64,24.97,3.67,MODERATE,Orographic Sahyadri Elevation Gradient,Manual demo override,MANUAL_OVERRIDE,,2026-09-09,,,,NOT_REQUESTED,29.0,20.5,67.3
MH_PUNE_555798,Manjarewadi,Manjarewadi,Khed,Pune,18.82889,73.92136,112.69,34.07,-4.0,605.8,48.5,533.1,678.6,3.0,215.1,10.0,12.0,6.0,64.0,5.0,3.0,0.0,20.0,29.5,21.0,0.73,-1.9212040409559787,18.3,14.49,22.36,10.84,25.17,3.73,MODERATE,Orographic Sahyadri Elevation Gradient,Manual demo override,MANUAL_OVERRIDE,,2026-09-09,,,,NOT_REQUESTED,29.1,20.6,67.3
MH_PUNE_251520,Chakan,Chakan,Haveli,Pune,18.76526,73.87368,106.62,26.28,-3.1,597.9,47.8,526.2,669.6,3.0,213.3,12.0,14.0,8.0,48.0,14.0,4.0,0.0,20.0,29.5,21.0,0.64,-2.3707945020502494,17.62,13.66,21.86,9.87,24.32,3.75,MODERATE,Rain-Shadow Plateau Topography,Manual demo override,MANUAL_OVERRIDE,,2026-09-09,,,,NOT_REQUESTED,28.7,20.2,67.0
MH_PUNE_555584,Zodagewadi,Zodagewadi,Shirur,Pune,18.82523,74.04899,125.85,38.95,-6.3,677.4,54.2,596.1,758.7,3.0,219.8,6.0,10.0,6.0,70.0,4.0,4.0,0.0,20.0,29.5,21.0,0.72,-2.3440068276565977,17.71,13.76,21.77,9.63,24.75,3.82,MODERATE,Orographic Sahyadri Elevation Gradient,Manual demo override,MANUAL_OVERRIDE,,2026-09-09,,,,NOT_REQUESTED,28.6,20.1,67.1
MH_PUNE_555583,Pabal,Pabal,Shirur,Pune,18.85224,74.06556,128.08,42.42,-6.6,693.6,55.5,610.3,776.8,3.0,220.4,6.0,10.0,6.0,70.0,4.0,4.0,0.0,20.0,29.5,21.0,0.72,-2.2104086859686465,17.96,13.74,22.31,10.65,24.54,3.75,MODERATE,Orographic Sahyadri Elevation Gradient,Manual demo override,MANUAL_OVERRIDE,,2026-09-09,,,,NOT_REQUESTED,28.5,20.0,67.2
MH_PUNE_555803,Santosh Nagar,Santosh Nagar,Khed,Pune,18.80721,73.87309,107.26,30.92,-3.1,611.9,49.0,538.4,685.4,3.0,213.3,10.0,12.0,6.0,64.0,5.0,3.0,0.0,20.0,29.5,21.0,0.64,-1.868231853338306,18.32,14.53,21.86,10.49,24.67,3.64,MODERATE,Orographic Sahyadri Elevation Gradient,Manual demo override,MANUAL_OVERRIDE,,2026-09-09,,,,NOT_REQUESTED,29.1,20.6,67.3
MH_PUNE_555814,Pur,Pur,Khed,Pune,18.83816,74.03041,124.16,39.18,-5.9,688.2,55.1,605.5,770.8,3.0,219.1,10.0,12.0,6.0,64.0,5.0,3.0,0.0,20.0,29.5,21.0,0.72,-2.216071769537237,17.95,14.14,21.91,10.44,25.15,3.74,MODERATE,Orographic Sahyadri Elevation Gradient,Manual demo override,MANUAL_OVERRIDE,,2026-09-09,,,,NOT_REQUESTED,28.6,20.1,67.2
MH_PUNE_555786,Kalechiwadi,Kalechiwadi,Khed,Pune,18.91577,73.90075,112.76,43.23,-3.6,715.8,57.3,629.8,801.7,3.0,214.3,10.0,12.0,6.0,64.0,5.0,3.0,0.0,20.0,29.5,21.0,0.73,-1.1443799522231712,19.04,15.36,22.74,10.8,26.08,3.73,MODERATE,Orographic Sahyadri Elevation Gradient,Manual demo override,MANUAL_OVERRIDE,,2026-09-09,,,,NOT_REQUESTED,28.4,19.9,67.6
MH_PUNE_555787,Arudewadi,Arudewadi,Khed,Pune,18.90359,73.90698,113.04,41.97,-3.7,722.8,57.8,636.1,809.5,3.0,214.6,10.0,12.0,6.0,64.0,5.0,3.0,0.0,20.0,29.5,21.0,0.73,-1.2544259123529118,18.91,15.34,22.44,11.33,25.83,3.71,MODERATE,Orographic Sahyadri Elevation Gradient,Manual demo override,MANUAL_OVERRIDE,,2026-09-09,,,,NOT_REQUESTED,28.4,19.9,67.6
MH_PUNE_555808,Gulani,Gulani,Khed,Pune,18.88079,73.96131,117.98,40.73,-4.7,763.7,61.1,672.1,855.4,3.0,216.6,10.0,12.0,6.0,64.0,5.0,3.0,0.0,20.0,29.5,21.0,0.73,-1.6833569515508913,18.6,14.86,22.63,10.46,24.45,3.6,MODERATE,Orographic Sahyadri Elevation Gradient,Manual demo override,MANUAL_OVERRIDE,,2026-09-09,,,,NOT_REQUESTED,28.0,19.5,67.4
MH_PUNE_555790,Pacharnewadi,Pacharnewadi,Khed,Pune,18.88717,73.91455,113.36,40.29,-3.9,712.7,57.0,627.2,798.2,3.0,214.8,10.0,12.0,6.0,64.0,5.0,3.0,0.0,20.0,29.5,21.0,0.73,-1.407203312557355,18.93,15.41,22.44,11.07,25.9,3.69,MODERATE,Orographic Sahyadri Elevation Gradient,Manual demo override,MANUAL_OVERRIDE,,2026-09-09,,,,NOT_REQUESTED,28.4,19.9,67.6
MH_PUNE_555788,Satkarsthal,Satkarsthal,Khed,Pune,18.88474,73.89048,110.84,39.68,-3.4,644.5,51.6,567.1,721.9,3.0,213.9,10.0,12.0,6.0,64.0,5.0,3.0,0.0,20.0,29.5,21.0,0.73,-1.2832863510291634,18.98,15.37,22.78,11.62,25.44,3.61,MODERATE,Orographic Sahyadri Elevation Gradient,Manual demo override,MANUAL_OVERRIDE,,2026-09-09,,,,NOT_REQUESTED,28.9,20.4,67.6
MH_PUNE_555789,Kohinkarwadi,Kohinkarwadi,Khed,Pune,18.8777,73.8784,109.41,38.78,-3.2,622.8,49.8,548.1,697.5,3.0,213.5,10.0,12.0,6.0,64.0,5.0,3.0,0.0,20.0,29.5,21.0,0.73,-1.2572056591922842,18.78,15.22,22.62,11.05,25.22,3.69,MODERATE,Orographic Sahyadri Elevation Gradient,Manual demo override,MANUAL_OVERRIDE,,2026-09-09,,,,NOT_REQUESTED,29.0,20.5,67.5
MH_PUNE_555791,Sandbhorwadi,Sandbhorwadi,Khed,Pune,18.9094,73.93642,116.2,43.16,-4.3,767.5,61.4,675.4,859.6,3.0,215.6,10.0,12.0,6.0,64.0,5.0,3.0,0.0,20.0,29.5,21.0,0.73,-1.3761583733841884,19.0,15.2,22.71,11.7,25.91,3.71,MODERATE,Orographic Sahyadri Elevation Gradient,Manual demo override,MANUAL_OVERRIDE,,2026-09-09,,,,NOT_REQUESTED,28.0,19.5,67.6
MH_PUNE_555783,Butewadi,Butewadi,Khed,Pune,18.91627,73.88333,111.01,43.09,-3.3,709.7,56.8,624.5,794.9,3.0,213.7,10.0,12.0,6.0,64.0,5.0,3.0,0.0,20.0,29.5,21.0,0.73,-1.0382238658397949,19.0,15.5,22.95,11.46,25.85,3.77,MODERATE,Orographic Sahyadri Elevation Gradient,Manual demo override,MANUAL_OVERRIDE,,2026-09-09,,,,NOT_REQUESTED,28.4,19.9,67.6
MH_PUNE_555785,Padali,Padali,Khed,Pune,18.8905,73.87598,109.52,40.18,-3.2,638.8,51.1,562.2,715.5,3.0,213.4,10.0,12.0,6.0,64.0,5.0,3.0,0.0,20.0,29.5,21.0,0.73,-1.150986919390708,19.02,14.91,22.52,11.38,25.71,3.66,MODERATE,Orographic Sahyadri Elevation Gradient,Manual demo override,MANUAL_OVERRIDE,,2026-09-09,,,,NOT_REQUESTED,28.9,20.4,67.6
MH_PUNE_555792,Jaidwadi,Jaidwadi,Khed,Pune,18.88816,73.93235,115.2,40.76,-4.2,717.1,57.4,631.0,803.2,3.0,215.5,10.0,12.0,6.0,64.0,5.0,3.0,0.0,20.0,29.5,21.0,0.73,-1.494914678006091,18.78,15.17,22.93,10.95,25.32,3.66,MODERATE,Orographic Sahyadri Elevation Gradient,Manual demo override,MANUAL_OVERRIDE,,2026-09-09,,,,NOT_REQUESTED,28.4,19.9,67.5
MH_PUNE_555784,Pangari,Pangari,Khed,Pune,18.9099,73.87779,110.26,42.34,-3.2,671.3,53.7,590.8,751.9,3.0,213.5,10.0,12.0,6.0,64.0,5.0,3.0,0.0,20.0,29.5,21.0,0.73,-1.0405933025021155,19.04,15.44,23.57,11.36,25.91,3.61,MODERATE,Orographic Sahyadri Elevation Gradient,Manual demo override,MANUAL_OVERRIDE,,2026-09-09,,,,NOT_REQUESTED,28.7,20.2,67.6
MH_PUNE_555793,Varchi Bhamburwadi,Varchi Bhamburwadi,Khed,Pune,18.87836,73.93086,114.8,39.66,-4.2,759.5,60.8,668.3,850.7,3.0,215.4,10.0,12.0,6.0,64.0,5.0,3.0,0.0,20.0,29.5,21.0,0.73,-1.5573339299286464,18.41,14.39,22.19,10.72,25.43,3.78,MODERATE,Orographic Sahyadri Elevation Gradient,Manual demo override,MANUAL_OVERRIDE,,2026-09-09,,,,NOT_REQUESTED,28.1,19.6,67.4
MH_PUNE_555813,Gadakwadi,Gadakwadi,Khed,Pune,18.88665,74.03508,125.69,44.19,-6.0,773.9,61.9,681.0,866.7,3.0,219.3,10.0,12.0,6.0,64.0,5.0,3.0,0.0,20.0,29.5,21.0,0.72,-1.9190069375846588,18.25,14.22,21.7,10.94,24.86,3.61,MODERATE,Orographic Sahyadri Elevation Gradient,Manual demo override,MANUAL_OVERRIDE,,2026-09-09,,,,NOT_REQUESTED,28.0,19.5,67.3
MH_PUNE_555520,Kurwandi,Kurwandi,Ambegaon,Pune,18.98294,73.87976,111.84,50.46,-3.2,869.7,69.6,765.3,974.1,3.0,213.6,10.0,12.0,6.0,64.0,5.0,3.0,0.0,20.0,29.5,21.0,0.73,-0.7288196770251533,19.37,15.92,22.99,12.6,26.83,3.6,MODERATE,Orographic Sahyadri Elevation Gradient,Manual demo override,MANUAL_OVERRIDE,,2026-09-09,,,,NOT_REQUESTED,27.4,18.9,67.7
MH_PUNE_555525,Karegaon,Karegaon,Ambegaon,Pune,18.96237,73.92783,116.73,48.77,-4.1,737.7,59.0,649.2,826.2,3.0,215.3,10.0,12.0,6.0,64.0,5.0,3.0,0.0,20.0,29.5,21.0,0.73,-1.0530470389743338,19.15,15.2,23.09,11.54,25.97,3.69,MODERATE,Orographic Sahyadri Elevation Gradient,Manual demo override,MANUAL_OVERRIDE,,2026-09-09,,,,NOT_REQUESTED,28.3,19.8,67.7
MH_PUNE_555524,Shewalwadi,Shewalwadi,Ambegaon,Pune,18.98592,73.95015,119.24,51.78,-4.5,668.8,53.5,588.5,749.0,3.0,216.2,10.0,12.0,6.0,64.0,5.0,3.0,0.0,20.0,29.5,21.0,1.49,-1.0627907287420688,19.88,15.58,23.76,12.67,26.36,3.65,MODERATE,Orographic Sahyadri Elevation Gradient,Manual demo override,MANUAL_OVERRIDE,,2026-09-09,,,,NOT_REQUESTED,28.7,20.2,68.0
MH_PUNE_555521,Kolharwadi,Kolharwadi,Ambegaon,Pune,18.97833,73.90205,114.14,50.15,-3.6,806.1,64.5,709.3,902.8,3.0,214.4,10.0,12.0,6.0,64.0,5.0,3.0,0.0,20.0,29.5,21.0,0.73,-0.8582358728342283,19.43,15.88,23.37,11.93,26.18,3.69,MODERATE,Orographic Sahyadri Elevation Gradient,Manual demo override,MANUAL_OVERRIDE,,2026-09-09,,,,NOT_REQUESTED,27.8,19.3,67.8
MH_PUNE_555528,Tambademala,Tambademala,Ambegaon,Pune,18.96675,73.95113,119.2,49.72,-4.5,675.6,54.1,594.5,756.8,3.0,216.2,10.0,12.0,6.0,64.0,5.0,3.0,0.0,20.0,29.5,21.0,0.73,-1.146942407592981,19.27,15.49,23.35,11.78,25.93,3.71,MODERATE,Orographic Sahyadri Elevation Gradient,Manual demo override,MANUAL_OVERRIDE,,2026-09-09,,,,NOT_REQUESTED,28.7,20.2,67.7
MH_PUNE_555522,Thugaon,Thugaon,Ambegaon,Pune,18.97134,73.91644,115.59,49.57,-3.9,830.6,66.5,730.9,930.4,3.0,214.9,10.0,12.0,6.0,64.0,5.0,3.0,0.0,20.0,29.5,21.0,0.73,-0.9579556265199137,19.18,15.22,22.69,12.08,26.07,3.64,MODERATE,Orographic Sahyadri Elevation Gradient,Manual demo override,MANUAL_OVERRIDE,,2026-09-09,,,,NOT_REQUESTED,27.6,19.1,67.7
MH_PUNE_555527,Shriramnagar,Shriramnagar,Ambegaon,Pune,18.94578,73.92859,116.51,46.97,-4.1,784.5,62.8,690.3,878.7,3.0,215.4,10.0,12.0,6.0,64.0,5.0,3.0,0.0,20.0,29.5,21.0,0.73,-1.134215804253978,18.85,14.87,22.65,10.7,25.48,3.72,MODERATE,Orographic Sahyadri Elevation Gradient,Manual demo override,MANUAL_OVERRIDE,,2026-09-09,,,,NOT_REQUESTED,27.9,19.4,67.5
MH_PUNE_555777,Kaman,Kaman,Khed,Pune,18.95205,73.85804,109.34,46.94,-2.8,739.0,59.1,650.4,827.7,3.0,212.7,10.0,12.0,6.0,64.0,5.0,3.0,0.0,20.0,29.5,21.0,0.73,-0.7180604663145769,19.51,15.2,22.67,11.51,25.83,3.68,MODERATE,Orographic Sahyadri Elevation Gradient,Manual demo override,MANUAL_OVERRIDE,,2026-09-09,,,,NOT_REQUESTED,28.2,19.7,67.8
MH_PUNE_555523,Bhawadi,Bhawadi,Ambegaon,Pune,18.95426,73.91058,114.87,47.61,-3.8,803.4,64.3,706.9,899.8,3.0,214.7,10.0,12.0,6.0,64.0,5.0,3.0,0.0,20.0,29.5,21.0,0.73,-1.0005755596955586,19.11,15.81,22.74,11.45,25.37,3.58,MODERATE,Orographic Sahyadri Elevation Gradient,Manual demo override,MANUAL_OVERRIDE,,2026-09-09,,,,NOT_REQUESTED,27.8,19.3,67.6
MH_PUNE_555526,Peth,Peth,Ambegaon,Pune,18.93932,73.93902,117.35,46.47,-4.3,766.6,61.3,674.7,858.6,3.0,215.7,10.0,12.0,6.0,64.0,5.0,3.0,0.0,20.0,29.5,21.0,0.73,-1.2195039027474563,18.66,14.49,22.07,11.24,26.29,3.91,MODERATE,Orographic Sahyadri Elevation Gradient,Manual demo override,MANUAL_OVERRIDE,,2026-09-09,,,,NOT_REQUESTED,28.0,19.5,67.5
MH_PUNE_555538,Nirgoodsar,Nirgoodsar,Ambegaon,Pune,18.98561,74.04917,129.63,54.83,-6.3,597.5,47.8,525.8,669.2,3.0,219.8,10.0,12.0,6.0,64.0,5.0,3.0,0.0,20.0,29.5,21.0,1.48,-1.476933407367661,19.41,15.67,23.34,11.82,26.08,3.63,MODERATE,Rain-Shadow Plateau Topography,Manual demo override,MANUAL_OVERRIDE,,2026-09-09,,,,NOT_REQUESTED,29.2,20.7,67.8
MH_PUNE_555542,Mengadewadi,Mengadewadi,Ambegaon,Pune,18.96449,74.04323,128.66,52.42,-6.2,630.7,50.5,555.0,706.5,3.0,219.6,10.0,12.0,6.0,64.0,5.0,3.0,0.0,20.0,29.5,21.0,1.48,-1.5441111011511737,19.39,15.73,22.6,11.86,26.23,3.56,MODERATE,Orographic Sahyadri Elevation Gradient,Manual demo override,MANUAL_OVERRIDE,,2026-09-09,,,,NOT_REQUESTED,29.0,20.5,67.8
MH_PUNE_555533,Bhorwadi,Bhorwadi,Ambegaon,Pune,18.96112,73.96439,120.56,49.43,-4.8,671.7,53.7,591.1,752.2,3.0,216.7,10.0,12.0,6.0,64.0,5.0,3.0,0.0,20.0,29.5,21.0,0.73,-1.2339833883534586,18.99,14.91,22.54,11.75,25.37,3.67,MODERATE,Orographic Sahyadri Elevation Gradient,Manual demo override,MANUAL_OVERRIDE,,2026-09-09,,,,NOT_REQUESTED,28.7,20.2,67.6
MH_PUNE_555540,Gavdewadi,Gavdewadi,Ambegaon,Pune,18.95625,73.99821,123.86,49.9,-5.4,657.0,52.6,578.1,735.9,3.0,217.9,10.0,12.0,6.0,64.0,5.0,3.0,0.0,20.0,29.5,21.0,0.73,-1.4047159304650054,18.81,15.29,23.34,10.8,25.74,3.78,MODERATE,Orographic Sahyadri Elevation Gradient,Manual demo override,MANUAL_OVERRIDE,,2026-09-09,,,,NOT_REQUESTED,28.8,20.3,67.5
MH_PUNE_555541,Tavharewadi,Tavharewadi,Ambegaon,Pune,18.94939,73.98555,122.36,48.77,-5.1,735.9,58.9,647.6,824.3,3.0,217.5,10.0,12.0,6.0,64.0,5.0,3.0,0.0,20.0,29.5,21.0,0.73,-1.3841349186265355,18.84,15.29,22.63,10.55,26.16,3.92,MODERATE,Orographic Sahyadri Elevation Gradient,Manual demo override,MANUAL_OVERRIDE,,2026-09-09,,,,NOT_REQUESTED,28.3,19.8,67.5
MH_PUNE_555551,Dhamani,Dhamani,Ambegaon,Pune,18.93785,74.05654,129.22,50.3,-6.4,675.1,54.0,594.1,756.1,3.0,220.1,10.0,12.0,6.0,64.0,5.0,3.0,0.0,20.0,29.5,21.0,0.72,-1.715567261967151,18.65,15.03,22.17,10.8,25.24,3.71,MODERATE,Orographic Sahyadri Elevation Gradient,Manual demo override,MANUAL_OVERRIDE,,2026-09-09,,,,NOT_REQUESTED,28.7,20.2,67.5
MH_PUNE_555535,Pargaon Tarf Khed,Pargaon Tarf Khed,Ambegaon,Pune,18.92108,73.97004,119.95,45.29,-4.9,821.0,65.7,722.5,919.6,3.0,216.9,10.0,12.0,6.0,64.0,5.0,3.0,0.0,20.0,29.5,21.0,0.73,-1.466367503007286,18.73,14.4,22.04,11.08,26.77,3.9,MODERATE,Orographic Sahyadri Elevation Gradient,Manual demo override,MANUAL_OVERRIDE,,2026-09-09,,,,NOT_REQUESTED,27.7,19.2,67.5
MH_PUNE_555552,Ranmala,Ranmala,Ambegaon,Pune,18.92813,74.04334,127.61,48.73,-6.2,717.4,57.4,631.3,803.5,3.0,219.6,10.0,12.0,6.0,64.0,5.0,3.0,0.0,20.0,29.5,21.0,0.72,-1.7177588418920877,18.56,14.32,22.68,10.65,25.2,3.79,MODERATE,Orographic Sahyadri Elevation Gradient,Manual demo override,MANUAL_OVERRIDE,,2026-09-09,,,,NOT_REQUESTED,28.4,19.9,67.4
MH_PUNE_555805,Jaulke Bk,Jaulke Bk,Khed,Pune,18.92205,74.00137,123.16,46.42,-5.4,814.1,65.1,716.5,911.8,3.0,218.1,10.0,12.0,6.0,64.0,5.0,3.0,0.0,20.0,29.5,21.0,0.73,-1.5931520895423428,18.43,14.21,21.97,10.29,25.64,3.95,MODERATE,Orographic Sahyadri Elevation Gradient,Manual demo override,MANUAL_OVERRIDE,,2026-09-09,,,,NOT_REQUESTED,27.7,19.2,67.4
MH_PUNE_555807,Chichbaiwadi,Chichbaiwadi,Khed,Pune,18.89534,74.0007,122.38,43.61,-5.4,734.9,58.8,646.7,823.1,3.0,218.0,10.0,12.0,6.0,64.0,5.0,3.0,0.0,20.0,29.5,21.0,0.73,-1.7469624542415059,18.45,14.26,22.06,10.53,25.22,3.76,MODERATE,Orographic Sahyadri Elevation Gradient,Manual demo override,MANUAL_OVERRIDE,,2026-09-09,,,,NOT_REQUESTED,28.3,19.8,67.4
MH_PUNE_555806,Wafegaon,Wafegaon,Khed,Pune,18.9093,74.02278,125.0,45.93,-5.8,779.7,62.4,686.1,873.3,3.0,218.8,10.0,12.0,6.0,64.0,5.0,3.0,0.0,20.0,29.5,21.0,0.72,-1.7457093337752876,18.44,14.89,21.67,11.17,24.82,3.56,MODERATE,Orographic Sahyadri Elevation Gradient,Manual demo override,MANUAL_OVERRIDE,,2026-09-09,,,,NOT_REQUESTED,27.9,19.4,67.4
MH_PUNE_555553,Shirdale,Shirdale,Ambegaon,Pune,18.91224,74.05695,128.57,47.77,-6.4,700.8,56.1,616.7,785.0,3.0,220.1,10.0,12.0,6.0,64.0,5.0,3.0,0.0,20.0,29.5,21.0,0.72,-1.846225682643775,18.35,14.35,22.31,10.75,24.88,3.7,MODERATE,Orographic Sahyadri Elevation Gradient,Manual demo override,MANUAL_OVERRIDE,,2026-09-09,,,,NOT_REQUESTED,28.5,20.0,67.3
MH_PUNE_555812,Chaudharwadi,Chaudharwadi,Khed,Pune,18.88427,74.0194,124.03,43.24,-5.7,779.4,62.4,685.8,873.0,3.0,218.7,10.0,12.0,6.0,64.0,5.0,3.0,0.0,20.0,29.5,21.0,0.72,-1.8821903574005279,18.17,14.46,22.16,10.15,25.08,3.83,MODERATE,Orographic Sahyadri Elevation Gradient,Manual demo override,MANUAL_OVERRIDE,,2026-09-09,,,,NOT_REQUESTED,27.9,19.4,67.3
MH_PUNE_555811,Varude,Varude,Khed,Pune,18.8666,74.01961,123.64,41.47,-5.8,723.2,57.9,636.4,810.1,3.0,218.7,10.0,12.0,6.0,64.0,5.0,3.0,0.0,20.0,29.5,21.0,0.72,-1.9955191044556915,18.2,13.85,22.06,10.6,25.26,3.79,MODERATE,Orographic Sahyadri Elevation Gradient,Manual demo override,MANUAL_OVERRIDE,,2026-09-09,,,,NOT_REQUESTED,28.3,19.8,67.3
MH_PUNE_555580,Thapewadi Pimpalwadi,Thapewadi Pimpalwadi,Shirur,Pune,18.87238,74.06749,128.7,44.43,-6.6,722.1,57.8,635.4,808.8,3.0,220.5,6.0,10.0,6.0,70.0,4.0,4.0,0.0,20.0,29.5,21.0,0.72,-2.0971800291211298,18.08,14.17,21.79,10.11,25.24,3.78,MODERATE,Orographic Sahyadri Elevation Gradient,Manual demo override,MANUAL_OVERRIDE,,2026-09-09,,,,NOT_REQUESTED,28.4,19.9,67.2
MH_PUNE_555607,Nimgaon Bhogi,Nimgaon Bhogi,Shirur,Pune,18.82312,74.26856,148.68,54.83,-10.2,584.9,46.8,514.7,655.1,3.0,227.9,6.0,10.0,6.0,70.0,4.0,4.0,0.0,20.0,29.5,21.0,-0.0,-2.8004647362228683,16.54,13.21,19.81,9.09,23.13,3.57,MODERATE,Horticultural Orchard Microclimate,Manual demo override,MANUAL_OVERRIDE,,2026-09-09,,,,NOT_REQUESTED,29.2,20.7,66.6
MH_PUNE_555606,Sone Sangavi,Sone Sangavi,Shirur,Pune,18.81029,74.23548,145.04,51.19,-9.6,639.9,51.2,563.1,716.7,3.0,226.7,6.0,10.0,6.0,70.0,4.0,4.0,0.0,20.0,29.5,21.0,-0.0,-2.7751710812973003,16.78,13.12,20.28,9.26,23.87,3.75,MODERATE,Orographic Sahyadri Elevation Gradient,Manual demo override,MANUAL_OVERRIDE,,2026-09-09,,,,NOT_REQUESTED,28.9,20.4,66.7
MH_PUNE_556328,Yewalewadi,Yewalewadi,Haveli,Pune,18.41854,73.8915,108.41,13.14,-3.4,741.3,59.3,652.3,830.2,3.0,214.0,12.0,14.0,8.0,48.0,14.0,4.0,0.0,20.0,29.5,21.0,0.64,-4.141885833878621,15.89,11.13,18.82,7.74,22.98,3.83,MODERATE,Orographic Sahyadri Elevation Gradient,Manual demo override,MANUAL_OVERRIDE,,2026-09-09,,,,NOT_REQUESTED,27.8,19.3,66.4
MH_PUNE_555674,Sanaswadi,Sanaswadi,Haveli,Pune,18.67964,74.10929,130.63,31.99,-7.4,584.2,46.7,514.2,654.3,3.0,222.0,12.0,14.0,8.0,48.0,14.0,4.0,0.0,20.0,29.5,21.0,1.8,-3.2345300785298265,18.15,14.23,22.05,10.3,25.3,3.85,MODERATE,Rain-Shadow Plateau Topography,Manual demo override,MANUAL_OVERRIDE,,2026-09-09,,,,NOT_REQUESTED,30.1,21.6,67.3
MH_PUNE_555673,Koregaon Bhima,Koregaon Bhima,Haveli,Pune,18.65251,74.07601,127.07,27.44,-6.8,554.1,44.3,487.6,620.5,3.0,220.8,12.0,14.0,8.0,48.0,14.0,4.0,0.0,20.0,29.5,21.0,0.13,-3.4012920358792003,16.27,12.5,20.52,8.18,23.19,3.81,MODERATE,Rain-Shadow Plateau Topography,Manual demo override,MANUAL_OVERRIDE,,2026-09-09,,,,NOT_REQUESTED,29.0,20.5,66.5
MH_PUNE_556327,Wagholi,Wagholi,Haveli,Pune,18.57427,73.98839,118.09,15.4,-5.2,569.4,45.6,501.0,637.8,3.0,217.6,12.0,14.0,8.0,48.0,14.0,4.0,0.0,20.0,29.5,21.0,0.64,-4.006382357874378,16.12,12.17,19.83,8.47,22.88,3.75,MODERATE,Rain-Shadow Plateau Topography,Manual demo override,MANUAL_OVERRIDE,,2026-09-09,,,,NOT_REQUESTED,28.9,20.4,66.4
MH_PUNE_555865,Medankarwadi,Medankarwadi,Haveli,Pune,18.74682,73.87995,107.04,24.31,-3.2,621.3,49.7,546.7,695.8,3.0,213.6,12.0,14.0,8.0,48.0,14.0,4.0,0.0,20.0,29.5,21.0,0.64,-2.6407154103032866,17.33,13.37,21.16,9.43,23.94,3.79,MODERATE,Orographic Sahyadri Elevation Gradient,Manual demo override,MANUAL_OVERRIDE,,2026-09-09,,,,NOT_REQUESTED,28.5,20.0,66.9
MH_PUNE_802815,Kirkee Cantt,Kirkee Cantt,Haveli,Pune,18.55223,73.86596,105.42,2.99,-3.0,553.2,44.3,486.7,619.6,3.0,213.0,12.0,14.0,8.0,48.0,14.0,4.0,0.0,20.0,29.5,21.0,0.14,-4.512038496575324,15.09,11.0,18.85,7.5,21.66,3.65,MODERATE,Riparian Godavari River Valley,Manual demo override,MANUAL_OVERRIDE,,2026-09-09,,,,NOT_REQUESTED,29.0,20.5,66.0
MH_PUNE_555864,Nanekarwadi,Nanekarwadi,Haveli,Pune,18.74324,73.85856,104.76,23.73,-2.9,632.5,50.6,556.6,708.4,3.0,212.8,12.0,14.0,8.0,48.0,14.0,4.0,0.0,20.0,29.5,21.0,0.64,-2.571349018705032,17.59,13.94,21.77,9.82,23.74,3.64,MODERATE,Orographic Sahyadri Elevation Gradient,Manual demo override,MANUAL_OVERRIDE,,2026-09-09,,,,NOT_REQUESTED,28.5,20.0,67.0
MH_PUNE_555589,Chincholi,Chincholi,Shirur,Pune,18.81914,74.15963,137.26,45.8,-8.3,652.5,52.2,574.2,730.8,3.0,223.9,6.0,10.0,6.0,70.0,4.0,4.0,0.0,20.0,29.5,21.0,0.96,-2.5791119248079752,17.92,14.78,22.02,9.5,24.44,3.7,MODERATE,Orographic Sahyadri Elevation Gradient,Manual demo override,MANUAL_OVERRIDE,,2026-09-09,,,,NOT_REQUESTED,28.8,20.3,67.2
MH_PUNE_556432,Daund,Daund,Haveli,Pune,18.45457,74.59568,174.51,33.91,-12.0,510.8,40.9,449.5,572.2,3.0,240.0,12.0,14.0,8.0,48.0,14.0,4.0,0.0,20.0,29.5,21.0,-2.62,-5.942629462459177,10.89,7.47,14.49,3.02,17.56,3.61,MODERATE,Rain-Shadow Plateau Topography,Manual demo override,MANUAL_OVERRIDE,,2026-09-09,,,,NOT_REQUESTED,30.6,22.1,64.4
MH_PUNE_555615,Dhok Sangavi,Dhok Sangavi,Shirur,Pune,18.79715,74.26211,147.65,52.6,-10.1,624.9,50.0,549.9,699.9,3.0,227.7,6.0,10.0,6.0,70.0,4.0,4.0,0.0,20.0,29.5,21.0,-0.0,-2.8936906690410895,16.52,12.7,20.25,8.29,23.92,3.86,MODERATE,Orographic Sahyadri Elevation Gradient,Manual demo override,MANUAL_OVERRIDE,,2026-09-09,,,,NOT_REQUESTED,29.0,20.5,66.6
MH_PUNE_555574,Dongargan,Dongargan,Shirur,Pune,18.8635,74.27917,150.44,58.47,-10.4,567.3,45.4,499.2,635.4,3.0,228.3,6.0,10.0,6.0,70.0,4.0,4.0,0.0,20.0,29.5,21.0,-0.0,-2.6620960247801833,16.79,12.97,20.82,9.09,23.1,3.67,MODERATE,Horticultural Orchard Microclimate,Manual demo override,MANUAL_OVERRIDE,,2026-09-09,,,,NOT_REQUESTED,29.3,20.8,66.7
MH_PUNE_555576,Amdabad,Amdabad,Shirur,Pune,18.84628,74.25184,147.3,55.03,-9.9,581.8,46.5,512.1,651.6,3.0,227.3,6.0,10.0,6.0,70.0,4.0,4.0,0.0,20.0,29.5,21.0,-0.0,-2.662051277804935,16.74,12.81,20.5,9.05,23.4,3.68,MODERATE,Horticultural Orchard Microclimate,Manual demo override,MANUAL_OVERRIDE,,2026-09-09,,,,NOT_REQUESTED,29.2,20.7,66.7
MH_PUNE_555575,Mhase Bk,Mhase Bk,Shirur,Pune,18.8636,74.29904,152.51,60.11,-10.8,565.4,45.2,497.6,633.2,3.0,229.1,6.0,10.0,6.0,70.0,4.0,4.0,0.0,20.0,29.5,21.0,-0.0,-2.7149150274787153,16.79,12.52,20.7,8.99,23.6,3.84,MODERATE,Horticultural Orchard Microclimate,Manual demo override,MANUAL_OVERRIDE,,2026-09-09,,,,NOT_REQUESTED,29.3,20.8,66.7
MH_PUNE_555577,Malthan,Malthan,Shirur,Pune,18.84729,74.21183,143.16,51.94,-9.2,607.3,48.6,534.4,680.2,3.0,225.8,6.0,10.0,6.0,70.0,4.0,4.0,0.0,20.0,29.5,21.0,-0.0,-2.5609373715738126,17.02,13.39,20.59,9.25,23.91,3.67,MODERATE,Orographic Sahyadri Elevation Gradient,Manual demo override,MANUAL_OVERRIDE,,2026-09-09,,,,NOT_REQUESTED,29.1,20.6,66.8
MH_PUNE_555587,Kanhur Mesai,Kanhur Mesai,Shirur,Pune,18.84592,74.14246,135.93,46.72,-8.0,697.2,55.8,613.5,780.9,3.0,223.3,6.0,10.0,6.0,70.0,4.0,4.0,0.0,20.0,29.5,21.0,0.96,-2.4136387658769394,18.1,14.38,21.64,10.22,24.94,3.71,MODERATE,Orographic Sahyadri Elevation Gradient,Manual demo override,MANUAL_OVERRIDE,,2026-09-09,,,,NOT_REQUESTED,28.5,20.0,67.2
MH_PUNE_555578,Lakhewadi,Lakhewadi,Shirur,Pune,18.83241,74.19257,140.9,49.32,-8.9,652.6,52.2,574.3,730.9,3.0,225.1,6.0,10.0,6.0,70.0,4.0,4.0,0.0,20.0,29.5,21.0,-0.7,-2.583504366616678,16.21,12.47,20.12,9.03,23.47,3.66,MODERATE,Orographic Sahyadri Elevation Gradient,Manual demo override,MANUAL_OVERRIDE,,2026-09-09,,,,NOT_REQUESTED,28.8,20.3,66.5
MH_PUNE_555586,Khairenagar,Khairenagar,Shirur,Pune,18.83913,74.1026,131.67,43.47,-7.2,704.9,56.4,620.3,789.5,3.0,221.8,6.0,10.0,6.0,70.0,4.0,4.0,0.0,20.0,29.5,21.0,1.88,-2.366835115548977,19.02,15.44,22.36,11.5,25.84,3.54,MODERATE,Orographic Sahyadri Elevation Gradient,Manual demo override,MANUAL_OVERRIDE,,2026-09-09,,,,NOT_REQUESTED,28.5,20.0,67.6
MH_PUNE_555608,Annapur,Annapur,Shirur,Pune,18.84055,74.28782,150.95,57.61,-10.6,570.4,45.6,502.0,638.8,3.0,228.6,6.0,10.0,6.0,70.0,4.0,4.0,0.0,20.0,29.5,21.0,-0.0,-2.7781985686300295,16.62,12.94,20.5,8.38,23.96,3.84,MODERATE,Horticultural Orchard Microclimate,Manual demo override,MANUAL_OVERRIDE,,2026-09-09,,,,NOT_REQUESTED,29.3,20.8,66.6
MH_PUNE_555581,Malwadi Agarkarwadi,Malwadi Agarkarwadi,Shirur,Pune,18.85444,74.07679,129.29,43.27,-6.8,704.2,56.3,619.7,788.6,3.0,220.8,6.0,10.0,6.0,70.0,4.0,4.0,0.0,20.0,29.5,21.0,0.72,-2.2239907925895874,18.01,14.16,22.16,10.03,25.65,4.02,MODERATE,Orographic Sahyadri Elevation Gradient,Manual demo override,MANUAL_OVERRIDE,,2026-09-09,,,,NOT_REQUESTED,28.5,20.0,67.2
MH_PUNE_555588,Shastabad,Shastabad,Shirur,Pune,18.83651,74.17178,138.81,48.07,-8.5,680.4,54.4,598.8,762.0,3.0,224.4,6.0,10.0,6.0,70.0,4.0,4.0,0.0,20.0,29.5,21.0,0.96,-2.5205263052723277,17.94,14.09,21.69,9.77,24.86,3.77,MODERATE,Orographic Sahyadri Elevation Gradient,Manual demo override,MANUAL_OVERRIDE,,2026-09-09,,,,NOT_REQUESTED,28.6,20.1,67.2
MH_PUNE_555591,Dhamari,Dhamari,Shirur,Pune,18.79833,74.09669,130.38,39.57,-7.1,649.8,52.0,571.8,727.8,3.0,221.6,6.0,10.0,6.0,70.0,4.0,4.0,0.0,20.0,29.5,21.0,1.88,-2.5881062964292356,18.66,15.27,22.17,11.05,25.58,3.74,MODERATE,Orographic Sahyadri Elevation Gradient,Manual demo override,MANUAL_OVERRIDE,,2026-09-09,,,,NOT_REQUESTED,28.8,20.3,67.5
MH_PUNE_555604,Warude,Warude,Shirur,Pune,18.7961,74.17487,138.51,45.24,-8.5,618.9,49.5,544.7,693.2,3.0,224.5,6.0,10.0,6.0,70.0,4.0,4.0,0.0,20.0,29.5,21.0,1.2,-2.7165508017457523,17.97,13.45,22.19,9.48,25.25,3.98,MODERATE,Orographic Sahyadri Elevation Gradient,Manual demo override,MANUAL_OVERRIDE,,2026-09-09,,,,NOT_REQUESTED,29.0,20.5,67.2
MH_PUNE_555590,Khairewadi,Khairewadi,Shirur,Pune,18.8067,74.13126,134.11,42.71,-7.8,667.0,53.4,586.9,747.1,3.0,222.9,6.0,10.0,6.0,70.0,4.0,4.0,0.0,20.0,29.5,21.0,1.88,-2.5925080339126696,18.83,14.98,22.27,11.44,25.5,3.68,MODERATE,Orographic Sahyadri Elevation Gradient,Manual demo override,MANUAL_OVERRIDE,,2026-09-09,,,,NOT_REQUESTED,28.7,20.2,67.5
MH_PUNE_555605,Waghole,Waghole,Shirur,Pune,18.79278,74.20031,141.13,47.07,-9.0,640.7,51.3,563.8,717.7,3.0,225.4,6.0,10.0,6.0,70.0,4.0,4.0,0.0,20.0,29.5,21.0,-0.7,-2.7780809568983402,16.03,12.17,19.46,8.5,22.33,3.71,MODERATE,Orographic Sahyadri Elevation Gradient,Manual demo override,MANUAL_OVERRIDE,,2026-09-09,,,,NOT_REQUESTED,28.9,20.4,66.4
MH_PUNE_555614,Karegaon,Karegaon,Shirur,Pune,18.78736,74.29644,151.12,55.05,-10.7,621.1,49.7,546.5,695.6,3.0,229.0,6.0,10.0,6.0,70.0,4.0,4.0,0.0,20.0,29.5,21.0,-0.0,-3.022353075871073,16.41,11.9,19.78,8.62,23.17,3.68,MODERATE,Orographic Sahyadri Elevation Gradient,Manual demo override,MANUAL_OVERRIDE,,2026-09-09,,,,NOT_REQUESTED,29.0,20.5,66.6
MH_PUNE_555603,Shingadwadi,Shingadwadi,Shirur,Pune,18.79663,74.15065,135.99,43.38,-8.1,662.4,53.0,582.9,741.9,3.0,223.6,6.0,10.0,6.0,70.0,4.0,4.0,0.0,20.0,29.5,21.0,1.2,-2.6741706753781935,18.11,14.15,22.62,10.02,25.0,3.88,MODERATE,Orographic Sahyadri Elevation Gradient,Manual demo override,MANUAL_OVERRIDE,,2026-09-09,,,,NOT_REQUESTED,28.7,20.2,67.2
MH_PUNE_555616,Pimpari Dumala,Pimpari Dumala,Shirur,Pune,18.78077,74.21705,142.73,47.67,-9.3,643.4,51.5,566.1,720.6,3.0,226.0,6.0,10.0,6.0,70.0,4.0,4.0,0.0,20.0,29.5,21.0,-0.7,-2.8640134923666354,15.96,12.02,19.27,8.08,22.76,3.78,MODERATE,Orographic Sahyadri Elevation Gradient,Manual demo override,MANUAL_OVERRIDE,,2026-09-09,,,,NOT_REQUESTED,28.8,20.3,66.4
MH_PUNE_555599,Hivare,Hivare,Shirur,Pune,18.78058,74.1301,133.63,40.59,-7.7,628.7,50.3,553.3,704.2,3.0,222.8,6.0,10.0,6.0,70.0,4.0,4.0,0.0,20.0,29.5,21.0,1.88,-2.7274911276217786,18.69,14.43,22.74,11.12,25.9,3.7,MODERATE,Orographic Sahyadri Elevation Gradient,Manual demo override,MANUAL_OVERRIDE,,2026-09-09,,,,NOT_REQUESTED,29.0,20.5,67.5
MH_PUNE_555620,Ranjangaon Ganpati,Ranjangaon Ganpati,Shirur,Pune,18.75856,74.24732,145.66,48.97,-9.9,626.2,50.1,551.0,701.3,3.0,227.2,6.0,10.0,6.0,70.0,4.0,4.0,0.0,20.0,29.5,21.0,-0.7,-3.0234978106120813,15.73,11.93,19.86,8.14,22.02,3.66,MODERATE,Orographic Sahyadri Elevation Gradient,Manual demo override,MANUAL_OVERRIDE,,2026-09-09,,,,NOT_REQUESTED,28.9,20.4,66.3
MH_PUNE_555598,Mukhai,Mukhai,Shirur,Pune,18.76108,74.10213,130.47,36.96,-7.2,616.3,49.3,542.4,690.3,3.0,221.8,6.0,10.0,6.0,70.0,4.0,4.0,0.0,20.0,29.5,21.0,1.88,-2.80711439076692,18.55,14.49,22.53,11.01,25.15,3.68,MODERATE,Orographic Sahyadri Elevation Gradient,Manual demo override,MANUAL_OVERRIDE,,2026-09-09,,,,NOT_REQUESTED,29.0,20.5,67.4
MH_PUNE_555544,Jarkarwadi,Jarkarwadi,Ambegaon,Pune,18.95674,74.08846,133.01,53.69,-7.0,633.0,50.6,557.1,708.9,3.0,221.3,10.0,12.0,6.0,64.0,5.0,3.0,0.0,20.0,29.5,21.0,2.33,-1.7373372103618627,20.16,16.32,24.18,12.2,27.13,3.8,MODERATE,Orographic Sahyadri Elevation Gradient,Manual demo override,MANUAL_OVERRIDE,,2026-09-09,,,,NOT_REQUESTED,28.9,20.4,68.1
MH_PUNE_555600,Pimpale Khalsa,Pimpale Khalsa,Shirur,Pune,18.76167,74.13554,133.98,39.61,-7.8,611.8,48.9,538.5,685.2,3.0,223.0,6.0,10.0,6.0,70.0,4.0,4.0,0.0,20.0,29.5,21.0,1.88,-2.8311201148319234,18.48,15.0,22.15,10.84,25.31,3.63,MODERATE,Orographic Sahyadri Elevation Gradient,Manual demo override,MANUAL_OVERRIDE,,2026-09-09,,,,NOT_REQUESTED,29.1,20.6,67.4
MH_PUNE_555570,Echakewadi,Echakewadi,Shirur,Pune,18.91114,74.15242,138.34,53.01,-8.1,606.7,48.5,534.0,679.5,3.0,223.6,6.0,10.0,6.0,70.0,4.0,4.0,0.0,20.0,29.5,21.0,1.65,-2.1313847024339374,19.04,15.13,23.45,11.06,25.33,3.72,MODERATE,Orographic Sahyadri Elevation Gradient,Manual demo override,MANUAL_OVERRIDE,,2026-09-09,,,,NOT_REQUESTED,29.1,20.6,67.6
MH_PUNE_555562,Chandoh,Chandoh,Shirur,Pune,18.97976,74.17442,142.4,60.56,-8.5,608.9,48.7,535.8,681.9,3.0,224.5,6.0,10.0,6.0,70.0,4.0,4.0,0.0,20.0,29.5,21.0,-0.0,-1.9174126056419278,17.54,14.21,21.19,10.05,23.79,3.66,MODERATE,Orographic Sahyadri Elevation Gradient,Manual demo override,MANUAL_OVERRIDE,,2026-09-09,,,,NOT_REQUESTED,29.1,20.6,67.0
MH_PUNE_555543,Pargaon Tarf Awasari Bk,Pargaon Tarf Awasari Bk,Ambegaon,Pune,18.96864,74.07977,132.48,54.45,-6.8,615.2,49.2,541.4,689.0,3.0,221.0,10.0,12.0,6.0,64.0,5.0,3.0,0.0,20.0,29.5,21.0,1.48,-1.656973223482602,19.33,15.56,23.56,11.99,26.04,3.78,MODERATE,Orographic Sahyadri Elevation Gradient,Manual demo override,MANUAL_OVERRIDE,,2026-09-09,,,,NOT_REQUESTED,29.1,20.6,67.7
MH_PUNE_555545,Kathapur Bk,Kathapur Bk,Ambegaon,Pune,18.97271,74.10992,135.65,56.32,-7.4,605.1,48.4,532.5,677.7,3.0,222.1,10.0,12.0,6.0,64.0,5.0,3.0,0.0,20.0,29.5,21.0,2.33,-1.7415075751381828,19.96,16.28,23.72,11.86,26.46,3.69,MODERATE,Orographic Sahyadri Elevation Gradient,Manual demo override,MANUAL_OVERRIDE,,2026-09-09,,,,NOT_REQUESTED,29.1,20.6,68.0
MH_PUNE_555547,Lakhangaon,Lakhangaon,Ambegaon,Pune,18.96107,74.13549,137.91,56.58,-7.8,602.2,48.2,529.9,674.5,3.0,223.0,10.0,12.0,6.0,64.0,5.0,3.0,0.0,20.0,29.5,21.0,1.65,-1.8699761459672457,19.34,15.42,22.55,11.45,25.75,3.68,MODERATE,Orographic Sahyadri Elevation Gradient,Manual demo override,MANUAL_OVERRIDE,,2026-09-09,,,,NOT_REQUESTED,29.1,20.6,67.7
MH_PUNE_555569,Kawathe,Kawathe,Shirur,Pune,18.91824,74.17408,140.73,55.03,-8.5,595.3,47.6,523.9,666.7,3.0,224.4,6.0,10.0,6.0,70.0,4.0,4.0,0.0,20.0,29.5,21.0,-0.0,-2.160093377449084,17.22,13.48,20.94,9.44,24.42,3.74,MODERATE,Horticultural Orchard Microclimate,Manual demo override,MANUAL_OVERRIDE,,2026-09-09,,,,NOT_REQUESTED,29.1,20.6,66.9
MH_PUNE_555548,Pondewadi,Pondewadi,Ambegaon,Pune,18.94155,74.12992,136.8,54.43,-7.7,614.8,49.2,541.0,688.6,3.0,222.8,10.0,12.0,6.0,64.0,5.0,3.0,0.0,20.0,29.5,21.0,1.65,-1.9341631032937379,19.26,15.12,22.83,11.42,26.39,3.68,MODERATE,Orographic Sahyadri Elevation Gradient,Manual demo override,MANUAL_OVERRIDE,,2026-09-09,,,,NOT_REQUESTED,29.1,20.6,67.7
MH_PUNE_555549,Pahaddara,Pahaddara,Ambegaon,Pune,18.93294,74.09819,133.33,51.87,-7.2,658.8,52.7,579.8,737.9,3.0,221.6,10.0,12.0,6.0,64.0,5.0,3.0,0.0,20.0,29.5,21.0,2.33,-1.87528002332749,19.77,16.09,23.62,11.82,26.31,3.8,MODERATE,Orographic Sahyadri Elevation Gradient,Manual demo override,MANUAL_OVERRIDE,,2026-09-09,,,,NOT_REQUESTED,28.8,20.3,67.9
MH_PUNE_555571,Savindane,Savindane,Shirur,Pune,18.90579,74.1318,136.09,51.25,-7.8,624.5,50.0,549.5,699.5,3.0,222.9,6.0,10.0,6.0,70.0,4.0,4.0,0.0,20.0,29.5,21.0,1.65,-2.0991782567126736,19.08,14.97,23.02,10.91,25.13,3.66,MODERATE,Orographic Sahyadri Elevation Gradient,Manual demo override,MANUAL_OVERRIDE,,2026-09-09,,,,NOT_REQUESTED,29.0,20.5,67.6
MH_PUNE_555554,Loni,Loni,Ambegaon,Pune,18.90267,74.08545,131.25,48.29,-6.9,666.2,53.3,586.2,746.1,3.0,221.2,10.0,12.0,6.0,64.0,5.0,3.0,0.0,20.0,29.5,21.0,1.64,-1.9836751941618789,19.11,14.7,23.02,11.84,25.43,3.7,MODERATE,Orographic Sahyadri Elevation Gradient,Manual demo override,MANUAL_OVERRIDE,,2026-09-09,,,,NOT_REQUESTED,28.7,20.2,67.6
MH_PUNE_555550,Khadakwadi,Khadakwadi,Ambegaon,Pune,18.91779,74.09078,132.18,50.02,-7.0,679.9,54.4,598.3,761.5,3.0,221.4,10.0,12.0,6.0,64.0,5.0,3.0,0.0,20.0,29.5,21.0,1.64,-1.9241732231444906,19.26,15.57,23.12,11.42,26.23,3.74,MODERATE,Orographic Sahyadri Elevation Gradient,Manual demo override,MANUAL_OVERRIDE,,2026-09-09,,,,NOT_REQUESTED,28.6,20.1,67.7
MH_PUNE_555572,Munjalwadi,Munjalwadi,Shirur,Pune,18.88141,74.18607,141.14,52.72,-8.7,609.4,48.8,536.2,682.6,3.0,224.9,6.0,10.0,6.0,70.0,4.0,4.0,0.0,20.0,29.5,21.0,-0.0,-2.3499783965228644,17.21,13.44,21.31,8.95,24.17,3.84,MODERATE,Orographic Sahyadri Elevation Gradient,Manual demo override,MANUAL_OVERRIDE,,2026-09-09,,,,NOT_REQUESTED,29.1,20.6,66.9
MH_PUNE_555555,Wadgaon Pir,Wadgaon Pir,Ambegaon,Pune,18.88394,74.09578,131.88,47.11,-7.1,667.5,53.4,587.4,747.6,3.0,221.5,10.0,12.0,6.0,64.0,5.0,3.0,0.0,20.0,29.5,21.0,1.64,-2.1093503910123523,19.1,15.64,23.48,10.93,25.6,3.83,MODERATE,Orographic Sahyadri Elevation Gradient,Manual demo override,MANUAL_OVERRIDE,,2026-09-09,,,,NOT_REQUESTED,28.7,20.2,67.6
MH_PUNE_555556,Mandalewadi,Mandalewadi,Ambegaon,Pune,18.87423,74.11547,133.7,47.4,-7.5,651.4,52.1,573.2,729.5,3.0,222.3,10.0,12.0,6.0,64.0,5.0,3.0,0.0,20.0,29.5,21.0,1.64,-2.2097410496304577,18.89,14.29,22.44,11.59,26.11,3.75,MODERATE,Orographic Sahyadri Elevation Gradient,Manual demo override,MANUAL_OVERRIDE,,2026-09-09,,,,NOT_REQUESTED,28.8,20.3,67.6
MH_PUNE_555579,Midgulwadi,Midgulwadi,Shirur,Pune,18.87188,74.14707,136.91,49.24,-8.0,696.7,55.7,613.2,780.3,3.0,223.4,6.0,10.0,6.0,70.0,4.0,4.0,0.0,20.0,29.5,21.0,0.96,-2.297957746941016,18.07,14.87,21.95,9.83,24.9,3.7,MODERATE,Orographic Sahyadri Elevation Gradient,Manual demo override,MANUAL_OVERRIDE,,2026-09-09,,,,NOT_REQUESTED,28.5,20.0,67.2
MH_PUNE_555563,Phakate,Phakate,Shirur,Pune,18.96131,74.19899,144.38,60.42,-9.0,599.2,47.9,527.4,671.1,3.0,225.4,6.0,10.0,6.0,70.0,4.0,4.0,0.0,20.0,29.5,21.0,-0.0,-2.059391029899819,17.48,13.53,20.99,9.62,24.34,3.74,MODERATE,Horticultural Orchard Microclimate,Manual demo override,MANUAL_OVERRIDE,,2026-09-09,,,,NOT_REQUESTED,29.1,20.6,67.0
MH_PUNE_555564,Wadner Kh,Wadner Kh,Shirur,Pune,18.9588,74.22571,147.04,61.96,-9.5,597.4,47.8,525.7,669.1,3.0,226.4,6.0,10.0,6.0,70.0,4.0,4.0,0.0,20.0,29.5,21.0,-0.0,-2.1460709747265945,17.34,13.54,21.75,9.16,24.01,3.79,MODERATE,Horticultural Orchard Microclimate,Manual demo override,MANUAL_OVERRIDE,,2026-09-09,,,,NOT_REQUESTED,29.1,20.6,66.9
MH_PUNE_555566,Malwadi,Malwadi,Shirur,Pune,18.94275,74.24312,148.41,61.81,-9.8,596.4,47.7,524.8,667.9,3.0,227.0,6.0,10.0,6.0,70.0,4.0,4.0,0.0,20.0,29.5,21.0,-0.0,-2.255165481103035,17.22,13.19,21.43,9.6,24.08,3.73,MODERATE,Horticultural Orchard Microclimate,Manual demo override,MANUAL_OVERRIDE,,2026-09-09,,,,NOT_REQUESTED,29.1,20.6,66.9
MH_PUNE_555500,Sakore,Sakore,Ambegaon,Pune,19.04109,73.92443,117.19,57.37,-4.0,642.4,51.4,565.3,719.5,3.0,215.2,10.0,12.0,6.0,64.0,5.0,3.0,0.0,20.0,29.5,21.0,1.49,-0.7745284681536021,20.09,16.48,23.98,12.68,26.53,3.62,MODERATE,Orographic Sahyadri Elevation Gradient,Manual demo override,MANUAL_OVERRIDE,,2026-09-09,,,,NOT_REQUESTED,28.9,20.4,68.0
MH_PUNE_555568,Nimgaon Dude,Nimgaon Dude,Shirur,Pune,18.89374,74.22873,145.81,56.81,-9.5,584.0,46.7,514.0,654.1,3.0,226.5,6.0,10.0,6.0,70.0,4.0,4.0,0.0,20.0,29.5,21.0,-0.0,-2.4074481888577175,17.06,13.08,20.66,8.83,23.73,3.7,MODERATE,Horticultural Orchard Microclimate,Manual demo override,MANUAL_OVERRIDE,,2026-09-09,,,,NOT_REQUESTED,29.2,20.7,66.8
MH_PUNE_555573,Ravadewadi,Ravadewadi,Shirur,Pune,18.87553,74.2343,146.01,55.81,-9.6,577.5,46.2,508.2,646.8,3.0,226.7,6.0,10.0,6.0,70.0,4.0,4.0,0.0,20.0,29.5,21.0,-0.0,-2.4965198883471276,16.9,13.02,20.52,8.73,23.6,3.81,MODERATE,Horticultural Orchard Microclimate,Manual demo override,MANUAL_OVERRIDE,,2026-09-09,,,,NOT_REQUESTED,29.3,20.8,66.8
MH_PUNE_555567,Sawlewadi,Sawlewadi,Shirur,Pune,18.92528,74.21933,145.55,58.69,-9.3,597.3,47.8,525.6,669.0,3.0,226.1,6.0,10.0,6.0,70.0,4.0,4.0,0.0,20.0,29.5,21.0,-0.0,-2.2558588592603113,17.37,13.98,21.65,9.58,24.03,3.67,MODERATE,Horticultural Orchard Microclimate,Manual demo override,MANUAL_OVERRIDE,,2026-09-09,,,,NOT_REQUESTED,29.1,20.6,66.9
MH_PUNE_555481,Koldara Gonawadi,Koldara Gonawadi,Ambegaon,Pune,19.06152,73.85628,110.43,59.11,-2.8,667.9,53.4,587.8,748.0,3.0,212.7,10.0,12.0,6.0,64.0,5.0,3.0,0.0,20.0,29.5,21.0,1.49,-0.46493465683312774,20.34,16.33,24.19,12.37,27.68,3.82,MODERATE,Orographic Sahyadri Elevation Gradient,Manual demo override,MANUAL_OVERRIDE,,2026-09-09,,,,NOT_REQUESTED,28.7,20.2,68.1
MH_PUNE_555482,Dhondmal Shindewadi,Dhondmal Shindewadi,Ambegaon,Pune,19.04062,73.87076,111.59,56.82,-3.1,722.7,57.8,636.0,809.4,3.0,213.2,10.0,12.0,6.0,64.0,5.0,3.0,0.0,20.0,29.5,21.0,1.49,-0.5500679532888866,20.35,16.56,23.96,12.8,27.5,3.68,MODERATE,Orographic Sahyadri Elevation Gradient,Manual demo override,MANUAL_OVERRIDE,,2026-09-09,,,,NOT_REQUESTED,28.4,19.9,68.1
MH_PUNE_555486,Narodi,Narodi,Ambegaon,Pune,19.01968,73.88588,112.88,54.58,-3.3,667.6,53.4,587.5,747.7,3.0,213.8,10.0,12.0,6.0,64.0,5.0,3.0,0.0,20.0,29.5,21.0,1.49,-0.6572627702350308,20.34,16.91,23.85,12.89,26.96,3.69,MODERATE,Orographic Sahyadri Elevation Gradient,Manual demo override,MANUAL_OVERRIDE,,2026-09-09,,,,NOT_REQUESTED,28.7,20.2,68.1
MH_PUNE_555499,Takewadi,Takewadi,Ambegaon,Pune,19.04611,73.93351,118.21,58.06,-4.2,641.4,51.3,564.5,718.4,3.0,215.5,10.0,12.0,6.0,64.0,5.0,3.0,0.0,20.0,29.5,21.0,1.49,-0.8006661802877322,20.19,16.23,24.11,12.56,27.42,3.81,MODERATE,Orographic Sahyadri Elevation Gradient,Manual demo override,MANUAL_OVERRIDE,,2026-09-09,,,,NOT_REQUESTED,28.9,20.4,68.1
MH_PUNE_555514,Sultanpur,Sultanpur,Ambegaon,Pune,19.03244,73.94982,119.72,56.85,-4.5,654.5,52.4,575.9,733.1,3.0,216.1,10.0,12.0,6.0,64.0,5.0,3.0,0.0,20.0,29.5,21.0,1.49,-0.9057187065912239,20.07,15.61,23.91,11.99,27.56,3.92,MODERATE,Orographic Sahyadri Elevation Gradient,Manual demo override,MANUAL_OVERRIDE,,2026-09-09,,,,NOT_REQUESTED,28.8,20.3,68.0
MH_PUNE_555513,Vadgaon Kashimbeg,Vadgaon Kashimbeg,Ambegaon,Pune,19.0268,73.92982,117.56,55.88,-4.1,638.2,51.1,561.6,714.9,3.0,215.4,10.0,12.0,6.0,64.0,5.0,3.0,0.0,20.0,29.5,21.0,1.49,-0.8348213407634995,20.16,16.28,24.35,12.77,26.72,3.61,MODERATE,Orographic Sahyadri Elevation Gradient,Manual demo override,MANUAL_OVERRIDE,,2026-09-09,,,,NOT_REQUESTED,28.9,20.4,68.1
MH_PUNE_555490,Gawarwadi,Gawarwadi,Ambegaon,Pune,19.01646,73.85704,109.82,54.1,-2.8,720.5,57.6,634.1,806.9,3.0,212.7,10.0,12.0,6.0,64.0,5.0,3.0,0.0,20.0,29.5,21.0,1.49,-0.5352104728834892,20.6,16.3,24.86,12.92,27.23,3.79,MODERATE,Orographic Sahyadri Elevation Gradient,Manual demo override,MANUAL_OVERRIDE,,2026-09-09,,,,NOT_REQUESTED,28.4,19.9,68.2
MH_PUNE_555487,Chinchodi,Chinchodi,Ambegaon,Pune,19.02778,73.90313,114.78,55.63,-3.7,643.3,51.5,566.1,720.6,3.0,214.4,10.0,12.0,6.0,64.0,5.0,3.0,0.0,20.0,29.5,21.0,1.49,-0.7146924184752255,20.32,16.51,23.72,13.19,26.81,3.57,MODERATE,Orographic Sahyadri Elevation Gradient,Manual demo override,MANUAL_OVERRIDE,,2026-09-09,,,,NOT_REQUESTED,28.9,20.4,68.1
MH_PUNE_555519,Nighutwadi,Nighutwadi,Ambegaon,Pune,18.99364,73.9286,117.06,52.21,-4.1,689.9,55.2,607.1,772.7,3.0,215.4,10.0,12.0,6.0,64.0,5.0,3.0,0.0,20.0,29.5,21.0,1.49,-0.9331822487932817,20.0,16.47,23.8,11.7,26.69,3.72,MODERATE,Orographic Sahyadri Elevation Gradient,Manual demo override,MANUAL_OVERRIDE,,2026-09-09,,,,NOT_REQUESTED,28.6,20.1,68.0
MH_PUNE_555492,Kolwadi Kotamdara,Kolwadi Kotamdara,Ambegaon,Pune,19.01685,73.85828,109.96,54.14,-2.8,713.2,57.1,627.5,798.8,3.0,212.8,10.0,12.0,6.0,64.0,5.0,3.0,0.0,20.0,29.5,21.0,1.49,-0.5399466775772733,20.43,16.31,23.54,13.05,26.91,3.58,MODERATE,Orographic Sahyadri Elevation Gradient,Manual demo override,MANUAL_OVERRIDE,,2026-09-09,,,,NOT_REQUESTED,28.4,19.9,68.2
MH_PUNE_555498,Vitthalwadi,Vitthalwadi,Ambegaon,Pune,19.0571,73.93433,118.47,59.28,-4.2,658.2,52.7,579.1,737.2,3.0,215.6,10.0,12.0,6.0,64.0,5.0,3.0,0.0,20.0,29.5,21.0,1.49,-0.7785119912007542,20.12,16.58,23.78,12.52,27.14,3.73,MODERATE,Orographic Sahyadri Elevation Gradient,Manual demo override,MANUAL_OVERRIDE,,2026-09-09,,,,NOT_REQUESTED,28.8,20.3,68.0
MH_PUNE_555485,Chas,Chas,Ambegaon,Pune,19.05864,73.90387,115.33,59.06,-3.7,681.1,54.5,599.4,762.9,3.0,214.4,10.0,12.0,6.0,64.0,5.0,3.0,0.0,20.0,29.5,21.0,1.49,-0.6519979791295862,20.43,16.73,24.28,13.02,27.3,3.61,MODERATE,Orographic Sahyadri Elevation Gradient,Manual demo override,MANUAL_OVERRIDE,,2026-09-09,,,,NOT_REQUESTED,28.6,20.1,68.2
MH_PUNE_555494,Shewalwadi Landewadi,Shewalwadi Landewadi,Ambegaon,Pune,19.00691,73.9117,115.42,53.43,-3.8,673.5,53.9,592.7,754.4,3.0,214.7,10.0,12.0,6.0,64.0,5.0,3.0,0.0,20.0,29.5,21.0,1.49,-0.8102433652763585,20.07,16.44,23.79,12.43,27.28,3.76,MODERATE,Orographic Sahyadri Elevation Gradient,Manual demo override,MANUAL_OVERRIDE,,2026-09-09,,,,NOT_REQUESTED,28.7,20.2,68.0
MH_PUNE_555493,Pinglewadi Landewadi,Pinglewadi Landewadi,Ambegaon,Pune,19.00871,73.87847,111.97,53.31,-3.2,691.1,55.3,608.2,774.1,3.0,213.5,10.0,12.0,6.0,64.0,5.0,3.0,0.0,20.0,29.5,21.0,1.49,-0.6498260930564628,20.32,16.06,24.9,12.66,27.32,3.77,MODERATE,Orographic Sahyadri Elevation Gradient,Manual demo override,MANUAL_OVERRIDE,,2026-09-09,,,,NOT_REQUESTED,28.6,20.1,68.1
MH_PUNE_555491,Kalewadi Darekarwadi,Kalewadi Darekarwadi,Ambegaon,Pune,19.00771,73.85597,109.6,53.12,-2.8,866.7,69.3,762.7,970.6,3.0,212.7,10.0,12.0,6.0,64.0,5.0,3.0,0.0,20.0,29.5,21.0,1.49,-0.5478497180537355,20.34,16.06,23.92,12.66,27.73,3.88,MODERATE,Orographic Sahyadri Elevation Gradient,Manual demo override,MANUAL_OVERRIDE,,2026-09-09,,,,NOT_REQUESTED,27.4,18.9,68.1
MH_PUNE_555518,Walunjwadi,Walunjwadi,Ambegaon,Pune,19.00549,73.92769,117.08,53.5,-4.1,683.2,54.7,601.1,765.2,3.0,215.3,10.0,12.0,6.0,64.0,5.0,3.0,0.0,20.0,29.5,21.0,1.49,-0.888929559161027,20.19,15.43,24.32,12.39,26.64,3.73,MODERATE,Orographic Sahyadri Elevation Gradient,Manual demo override,MANUAL_OVERRIDE,,2026-09-09,,,,NOT_REQUESTED,28.6,20.1,68.1
MH_PUNE_555517,Mordewadi,Mordewadi,Ambegaon,Pune,18.99684,73.94323,118.62,52.83,-4.4,670.9,53.7,590.3,751.4,3.0,215.9,10.0,12.0,6.0,64.0,5.0,3.0,0.0,20.0,29.5,21.0,1.49,-0.9900630908854832,19.85,15.97,23.45,11.85,26.98,3.8,MODERATE,Orographic Sahyadri Elevation Gradient,Manual demo override,MANUAL_OVERRIDE,,2026-09-09,,,,NOT_REQUESTED,28.7,20.2,67.9
MH_PUNE_555495,Malawadi,Malawadi,Ambegaon,Pune,19.09281,73.88493,114.0,62.69,-3.3,731.4,58.5,643.6,819.1,3.0,213.7,10.0,12.0,6.0,64.0,5.0,3.0,0.0,20.0,29.5,21.0,1.49,-0.5302863387402438,20.38,16.7,24.49,13.14,27.57,3.72,MODERATE,Orographic Sahyadri Elevation Gradient,Manual demo override,MANUAL_OVERRIDE,,2026-09-09,,,,NOT_REQUESTED,28.3,19.8,68.2
MH_PUNE_555497,Mahalunge Padawal,Mahalunge Padawal,Ambegaon,Pune,19.09215,73.93727,119.4,63.18,-4.3,754.0,60.3,663.5,844.4,3.0,215.7,10.0,12.0,6.0,64.0,5.0,3.0,0.0,20.0,29.5,21.0,1.49,-0.721088463244102,20.28,16.28,24.22,12.42,27.31,3.79,MODERATE,Orographic Sahyadri Elevation Gradient,Manual demo override,MANUAL_OVERRIDE,,2026-09-09,,,,NOT_REQUESTED,28.1,19.6,68.1
MH_PUNE_555468,Girawali,Girawali,Ambegaon,Pune,19.08844,73.86496,111.85,62.12,-3.0,698.1,55.9,614.3,782.0,3.0,213.0,10.0,12.0,6.0,64.0,5.0,3.0,0.0,20.0,29.5,21.0,1.49,-0.46707319033707695,20.45,16.85,24.23,12.93,27.49,3.75,MODERATE,Orographic Sahyadri Elevation Gradient,Manual demo override,MANUAL_OVERRIDE,,2026-09-09,,,,NOT_REQUESTED,28.5,20.0,68.2
MH_PUNE_555496,Thakarwadi,Thakarwadi,Ambegaon,Pune,19.08746,73.91321,116.82,62.34,-3.8,700.0,56.0,616.0,784.0,3.0,214.8,10.0,12.0,6.0,64.0,5.0,3.0,0.0,20.0,29.5,21.0,1.49,-0.6391168970465451,20.25,16.02,23.72,12.5,27.16,3.77,MODERATE,Orographic Sahyadri Elevation Gradient,Manual demo override,MANUAL_OVERRIDE,,2026-09-09,,,,NOT_REQUESTED,28.5,20.0,68.1
MH_PUNE_555501,Nandur,Nandur,Ambegaon,Pune,19.0709,73.95199,120.53,61.1,-4.5,658.4,52.7,579.3,737.4,3.0,216.2,10.0,12.0,6.0,64.0,5.0,3.0,0.0,20.0,29.5,21.0,1.49,-0.8189582574139671,20.16,15.97,23.39,12.52,27.03,3.74,MODERATE,Orographic Sahyadri Elevation Gradient,Manual demo override,MANUAL_OVERRIDE,,2026-09-09,,,,NOT_REQUESTED,28.8,20.3,68.1
MH_PUNE_555483,Chincholi,Chincholi,Ambegaon,Pune,19.06326,73.87848,112.77,59.37,-3.2,669.3,53.5,589.1,749.6,3.0,213.5,10.0,12.0,6.0,64.0,5.0,3.0,0.0,20.0,29.5,21.0,1.49,-0.5450551042172056,20.5,16.86,24.22,12.93,26.91,3.69,MODERATE,Orographic Sahyadri Elevation Gradient,Manual demo override,MANUAL_OVERRIDE,,2026-09-09,,,,NOT_REQUESTED,28.7,20.2,68.2
MH_PUNE_555484,Kadewadi,Kadewadi,Ambegaon,Pune,19.06297,73.90352,115.36,59.53,-3.7,687.4,55.0,604.9,769.9,3.0,214.4,10.0,12.0,6.0,64.0,5.0,3.0,0.0,20.0,29.5,21.0,1.49,-0.6427128544536502,20.2,16.81,23.7,12.94,26.55,3.56,MODERATE,Orographic Sahyadri Elevation Gradient,Manual demo override,MANUAL_OVERRIDE,,2026-09-09,,,,NOT_REQUESTED,28.6,20.1,68.1
MH_PUNE_555470,Thakar Wadi,Thakar Wadi,Ambegaon,Pune,19.07774,73.8609,111.21,60.92,-2.9,671.8,53.7,591.3,752.4,3.0,212.9,10.0,12.0,6.0,64.0,5.0,3.0,0.0,20.0,29.5,21.0,1.49,-0.4638306717062387,20.43,16.57,24.63,12.82,27.28,3.72,MODERATE,Orographic Sahyadri Elevation Gradient,Manual demo override,MANUAL_OVERRIDE,,2026-09-09,,,,NOT_REQUESTED,28.7,20.2,68.2
MH_PUNE_555389,Manjarwadi,Manjarwadi,Junnar,Pune,19.07777,74.03286,129.05,63.88,-6.0,626.0,50.1,550.9,701.2,3.0,219.2,10.0,12.0,6.0,64.0,5.0,3.0,0.0,20.0,29.5,21.0,1.48,-1.1134981041828267,19.83,15.86,23.51,12.4,26.54,3.68,MODERATE,Orographic Sahyadri Elevation Gradient,Manual demo override,MANUAL_OVERRIDE,,2026-09-09,,,,NOT_REQUESTED,29.0,20.5,67.9
MH_PUNE_555504,Chandoli Bk,Chandoli Bk,Ambegaon,Pune,19.04447,73.99885,125.0,59.31,-5.4,668.5,53.5,588.3,748.8,3.0,218.0,10.0,12.0,6.0,64.0,5.0,3.0,0.0,20.0,29.5,21.0,1.49,-1.073711578344743,19.97,16.34,23.22,12.04,26.5,3.7,MODERATE,Orographic Sahyadri Elevation Gradient,Manual demo override,MANUAL_OVERRIDE,,2026-09-09,,,,NOT_REQUESTED,28.7,20.2,68.0
MH_PUNE_555388,Khodad,Khodad,Junnar,Pune,19.09892,74.05625,131.84,66.88,-6.4,659.6,52.8,580.4,738.8,3.0,220.1,10.0,12.0,6.0,64.0,5.0,3.0,0.0,20.0,29.5,21.0,0.1,-1.1464564897587104,18.3,14.37,22.22,10.12,25.16,3.82,MODERATE,Orographic Sahyadri Elevation Gradient,Manual demo override,MANUAL_OVERRIDE,,2026-09-09,,,,NOT_REQUESTED,28.8,20.3,67.3
MH_PUNE_555384,Hivare Tarf Narayangaon,Hivare Tarf Narayangaon,Junnar,Pune,19.10119,74.01448,127.56,65.83,-5.7,654.3,52.3,575.9,732.8,3.0,218.5,10.0,12.0,6.0,64.0,5.0,3.0,0.0,20.0,29.5,21.0,0.1,-0.9905479717191844,18.55,14.54,22.18,10.33,25.94,3.9,MODERATE,Orographic Sahyadri Elevation Gradient,Manual demo override,MANUAL_OVERRIDE,,2026-09-09,,,,NOT_REQUESTED,28.8,20.3,67.4
MH_PUNE_555502,Kalamb,Kalamb,Ambegaon,Pune,19.07082,73.97333,122.75,61.52,-4.9,768.6,61.5,676.3,860.8,3.0,217.0,10.0,12.0,6.0,64.0,5.0,3.0,0.0,20.0,29.5,21.0,1.49,-0.903104476646283,19.97,16.15,23.66,12.11,26.4,3.84,MODERATE,Orographic Sahyadri Elevation Gradient,Manual demo override,MANUAL_OVERRIDE,,2026-09-09,,,,NOT_REQUESTED,28.0,19.5,68.0
MH_PUNE_555503,Louki,Louki,Ambegaon,Pune,19.07032,73.99959,125.47,62.11,-5.4,670.6,53.6,590.2,751.0,3.0,218.0,10.0,12.0,6.0,64.0,5.0,3.0,0.0,20.0,29.5,21.0,1.49,-1.0065010762977655,19.91,15.94,23.85,11.61,26.8,3.71,MODERATE,Orographic Sahyadri Elevation Gradient,Manual demo override,MANUAL_OVERRIDE,,2026-09-09,,,,NOT_REQUESTED,28.7,20.2,68.0
MH_PUNE_555508,Jadhavwadi,Jadhavwadi,Ambegaon,Pune,19.05939,74.05046,130.59,62.53,-6.3,628.9,50.3,553.5,704.4,3.0,219.9,10.0,12.0,6.0,64.0,5.0,3.0,0.0,20.0,29.5,21.0,1.48,-1.228571334674741,19.7,15.7,23.9,12.49,26.14,3.61,MODERATE,Orographic Sahyadri Elevation Gradient,Manual demo override,MANUAL_OVERRIDE,,2026-09-09,,,,NOT_REQUESTED,29.0,20.5,67.9
MH_PUNE_555506,Thorandale,Thorandale,Ambegaon,Pune,19.04379,74.03478,128.74,60.35,-6.0,643.1,51.5,565.9,720.4,3.0,219.3,10.0,12.0,6.0,64.0,5.0,3.0,0.0,20.0,29.5,21.0,1.48,-1.2159614625148083,19.7,16.02,23.77,12.05,26.35,3.63,MODERATE,Orographic Sahyadri Elevation Gradient,Manual demo override,MANUAL_OVERRIDE,,2026-09-09,,,,NOT_REQUESTED,28.9,20.4,67.9
MH_PUNE_555515,Eklahare,Eklahare,Ambegaon,Pune,19.03435,73.96704,121.54,57.42,-4.8,624.0,49.9,549.1,698.8,3.0,216.8,10.0,12.0,6.0,64.0,5.0,3.0,0.0,20.0,29.5,21.0,1.49,-0.9731831827105337,19.89,15.61,23.33,12.23,26.7,3.77,MODERATE,Orographic Sahyadri Elevation Gradient,Manual demo override,MANUAL_OVERRIDE,,2026-09-09,,,,NOT_REQUESTED,29.0,20.5,68.0
MH_PUNE_555509,Nagapur,Nagapur,Ambegaon,Pune,19.03039,74.0609,131.29,59.91,-6.5,615.8,49.3,541.8,689.7,3.0,220.3,10.0,12.0,6.0,64.0,5.0,3.0,0.0,20.0,29.5,21.0,1.48,-1.3566404414412108,19.55,15.9,23.7,11.4,26.07,3.73,MODERATE,Orographic Sahyadri Elevation Gradient,Manual demo override,MANUAL_OVERRIDE,,2026-09-09,,,,NOT_REQUESTED,29.1,20.6,67.8
MH_PUNE_555505,Khadaki,Khadaki,Ambegaon,Pune,19.02167,74.01376,126.26,57.33,-5.6,644.7,51.6,567.3,722.1,3.0,218.5,10.0,12.0,6.0,64.0,5.0,3.0,0.0,20.0,29.5,21.0,1.49,-1.2052220510080505,19.68,15.91,23.13,11.74,26.18,3.73,MODERATE,Orographic Sahyadri Elevation Gradient,Manual demo override,MANUAL_OVERRIDE,,2026-09-09,,,,NOT_REQUESTED,28.9,20.4,67.9
MH_PUNE_555536,Bharadi,Bharadi,Ambegaon,Pune,19.00973,74.03552,128.41,56.81,-6.0,638.9,51.1,562.3,715.6,3.0,219.3,10.0,12.0,6.0,64.0,5.0,3.0,0.0,20.0,29.5,21.0,1.48,-1.3325519191808208,19.51,15.96,24.18,11.41,26.7,3.87,MODERATE,Orographic Sahyadri Elevation Gradient,Manual demo override,MANUAL_OVERRIDE,,2026-09-09,,,,NOT_REQUESTED,28.9,20.4,67.8
MH_PUNE_555516,Chandoli Kh,Chandoli Kh,Ambegaon,Pune,19.0175,73.98445,123.15,56.02,-5.1,613.0,49.0,539.5,686.5,3.0,217.4,10.0,12.0,6.0,64.0,5.0,3.0,0.0,20.0,29.5,21.0,1.49,-1.0993644869262098,19.73,15.88,23.66,11.41,26.42,3.78,MODERATE,Orographic Sahyadri Elevation Gradient,Manual demo override,MANUAL_OVERRIDE,,2026-09-09,,,,NOT_REQUESTED,29.1,20.6,67.9
MH_PUNE_555537,Jawale,Jawale,Ambegaon,Pune,19.00419,74.06451,131.39,57.36,-6.6,617.0,49.4,542.9,691.1,3.0,220.4,10.0,12.0,6.0,64.0,5.0,3.0,0.0,20.0,29.5,21.0,1.48,-1.4617277278232148,19.45,15.77,23.08,11.01,26.2,3.71,MODERATE,Orographic Sahyadri Elevation Gradient,Manual demo override,MANUAL_OVERRIDE,,2026-09-09,,,,NOT_REQUESTED,29.0,20.5,67.8
MH_PUNE_555529,Pimpalgaon Tarf Mahalunge,Pimpalgaon Tarf Mahalunge,Ambegaon,Pune,19.00284,73.99468,124.07,54.74,-5.3,616.6,49.3,542.7,690.6,3.0,217.8,10.0,12.0,6.0,64.0,5.0,3.0,0.0,20.0,29.5,21.0,1.49,-1.1939726786844072,19.66,16.42,23.07,11.67,26.5,3.62,MODERATE,Orographic Sahyadri Elevation Gradient,Manual demo override,MANUAL_OVERRIDE,,2026-09-09,,,,NOT_REQUESTED,29.0,20.5,67.9
MH_PUNE_555532,Awasari Kh,Awasari Kh,Ambegaon,Pune,18.98932,73.97318,121.69,52.7,-4.9,638.8,51.1,562.1,715.4,3.0,217.0,10.0,12.0,6.0,64.0,5.0,3.0,0.0,20.0,29.5,21.0,1.49,-1.153369768003325,19.85,15.91,23.22,12.06,26.31,3.63,MODERATE,Orographic Sahyadri Elevation Gradient,Manual demo override,MANUAL_OVERRIDE,,2026-09-09,,,,NOT_REQUESTED,28.9,20.4,67.9
MH_PUNE_555530,Vachalmala,Vachalmala,Ambegaon,Pune,18.98613,74.0105,125.57,53.46,-5.6,619.2,49.5,545.0,693.5,3.0,218.4,10.0,12.0,6.0,64.0,5.0,3.0,0.0,20.0,29.5,21.0,1.49,-1.3241685986369585,19.57,15.69,23.52,11.72,25.86,3.69,MODERATE,Orographic Sahyadri Elevation Gradient,Manual demo override,MANUAL_OVERRIDE,,2026-09-09,,,,NOT_REQUESTED,29.0,20.5,67.8
MH_PUNE_555531,Shindemala,Shindemala,Ambegaon,Pune,18.98727,73.98042,122.43,52.67,-5.0,636.7,50.9,560.4,713.1,3.0,217.3,10.0,12.0,6.0,64.0,5.0,3.0,0.0,20.0,29.5,21.0,1.49,-1.193140261667218,19.87,16.52,23.42,12.43,27.08,3.64,MODERATE,Orographic Sahyadri Elevation Gradient,Manual demo override,MANUAL_OVERRIDE,,2026-09-09,,,,NOT_REQUESTED,28.9,20.4,67.9
MH_PUNE_555299,Tejewadi,Tejewadi,Junnar,Pune,19.21233,73.94663,122.13,76.55,-4.4,675.6,54.0,594.6,756.6,3.0,216.0,10.0,12.0,6.0,64.0,5.0,3.0,0.0,20.0,29.5,21.0,0.22,-0.6148202542672122,18.93,15.28,23.05,11.19,25.5,3.82,MODERATE,Orographic Sahyadri Elevation Gradient,Manual demo override,MANUAL_OVERRIDE,,2026-09-09,,,,NOT_REQUESTED,28.7,20.2,67.6
MH_PUNE_555345,Somatwadi,Somatwadi,Junnar,Pune,19.21078,73.85306,112.5,75.7,-2.8,700.5,56.0,616.5,784.5,3.0,212.6,10.0,12.0,6.0,64.0,5.0,3.0,0.0,20.0,29.5,21.0,0.22,-0.37758003231321613,19.27,15.42,22.72,11.31,26.4,3.76,MODERATE,Orographic Sahyadri Elevation Gradient,Manual demo override,MANUAL_OVERRIDE,,2026-09-09,,,,NOT_REQUESTED,28.5,20.0,67.7
MH_PUNE_555358,Basti,Basti,Junnar,Pune,19.15819,73.90439,117.55,70.09,-3.7,696.6,55.7,613.0,780.1,3.0,214.5,10.0,12.0,6.0,64.0,5.0,3.0,0.0,20.0,29.5,21.0,0.22,-0.5313263196700656,19.16,15.74,22.58,11.7,25.99,3.65,MODERATE,Orographic Sahyadri Elevation Gradient,Manual demo override,MANUAL_OVERRIDE,,2026-09-09,,,,NOT_REQUESTED,28.5,20.0,67.7
MH_PUNE_555347,Amrapur,Amrapur,Junnar,Pune,19.21316,73.89712,116.99,76.13,-3.5,661.3,52.9,581.9,740.6,3.0,214.2,10.0,12.0,6.0,64.0,5.0,3.0,0.0,20.0,29.5,21.0,0.1,-0.48029262418762253,19.11,15.09,22.95,11.4,26.16,3.76,MODERATE,Orographic Sahyadri Elevation Gradient,Manual demo override,MANUAL_OVERRIDE,,2026-09-09,,,,NOT_REQUESTED,28.8,20.3,67.6
MH_PUNE_555373,Vighnahat,Vighnahat,Junnar,Pune,19.2063,73.95724,123.34,76.04,-4.6,665.0,53.2,585.2,744.8,3.0,216.4,10.0,12.0,6.0,64.0,5.0,3.0,0.0,20.0,29.5,21.0,0.22,-0.6500557139258611,18.97,15.1,22.09,11.17,25.99,3.79,MODERATE,Orographic Sahyadri Elevation Gradient,Manual demo override,MANUAL_OVERRIDE,,2026-09-09,,,,NOT_REQUESTED,28.7,20.2,67.6
MH_PUNE_555346,Barav,Barav,Junnar,Pune,19.20614,73.87138,114.48,75.22,-3.1,696.9,55.8,613.2,780.6,3.0,213.2,10.0,12.0,6.0,64.0,5.0,3.0,0.0,20.0,29.5,21.0,0.22,-0.4197226903580211,19.41,15.25,23.33,11.62,26.31,3.88,MODERATE,Orographic Sahyadri Elevation Gradient,Manual demo override,MANUAL_OVERRIDE,,2026-09-09,,,,NOT_REQUESTED,28.5,20.0,67.8
MH_PUNE_555349,Badshaha Talao,Badshaha Talao,Junnar,Pune,19.1933,73.90638,118.36,73.99,-3.7,666.9,53.4,586.8,747.0,3.0,214.5,10.0,12.0,6.0,64.0,5.0,3.0,0.0,20.0,29.5,21.0,0.22,-0.5141460682856318,19.16,15.44,23.13,10.8,26.1,3.76,MODERATE,Orographic Sahyadri Elevation Gradient,Manual demo override,MANUAL_OVERRIDE,,2026-09-09,,,,NOT_REQUESTED,28.7,20.2,67.7
MH_PUNE_555359,Vadgaon Sahani,Vadgaon Sahani,Junnar,Pune,19.16238,73.9161,118.86,70.66,-3.9,702.4,56.2,618.1,786.7,3.0,214.9,10.0,12.0,6.0,64.0,5.0,3.0,0.0,20.0,29.5,21.0,0.19,-0.5631301361698641,19.09,15.08,23.65,11.27,25.69,3.75,MODERATE,Orographic Sahyadri Elevation Gradient,Manual demo override,MANUAL_OVERRIDE,,2026-09-09,,,,NOT_REQUESTED,28.5,20.0,67.6
MH_PUNE_555351,Shiroli Bk,Shiroli Bk,Junnar,Pune,19.19349,73.92859,120.65,74.24,-4.1,651.3,52.1,573.1,729.4,3.0,215.4,10.0,12.0,6.0,64.0,5.0,3.0,0.0,20.0,29.5,21.0,0.1,-0.5763563025389895,18.86,15.56,22.84,11.38,25.48,3.65,MODERATE,Orographic Sahyadri Elevation Gradient,Manual demo override,MANUAL_OVERRIDE,,2026-09-09,,,,NOT_REQUESTED,28.8,20.3,67.5
MH_PUNE_555336,Kusur,Kusur,Junnar,Pune,19.18958,73.85754,113.43,73.35,-2.8,772.4,61.8,679.7,865.1,3.0,212.7,10.0,12.0,6.0,64.0,5.0,3.0,0.0,20.0,29.5,21.0,0.72,-0.39213860939155065,19.76,16.0,23.7,11.5,26.42,3.83,MODERATE,Orographic Sahyadri Elevation Gradient,Manual demo override,MANUAL_OVERRIDE,,2026-09-09,,,,NOT_REQUESTED,28.0,19.5,67.9
MH_PUNE_555355,Dhamankhel,Dhamankhel,Junnar,Pune,19.1856,73.88217,116.05,72.98,-3.3,855.1,68.4,752.5,957.7,3.0,213.6,10.0,12.0,6.0,64.0,5.0,3.0,0.0,20.0,29.5,21.0,0.39,-0.45359892785234623,19.43,15.16,23.04,11.23,26.33,3.75,MODERATE,Orographic Sahyadri Elevation Gradient,Manual demo override,MANUAL_OVERRIDE,,2026-09-09,,,,NOT_REQUESTED,27.5,19.0,67.8
MH_PUNE_555469,Ramwadi,Ramwadi,Ambegaon,Pune,19.10512,73.87059,112.78,63.99,-3.1,862.5,69.0,759.0,966.0,3.0,213.2,10.0,12.0,6.0,64.0,5.0,3.0,0.0,20.0,29.5,21.0,1.49,-0.47037240242310097,20.45,16.56,24.77,13.31,27.79,3.7,MODERATE,Orographic Sahyadri Elevation Gradient,Manual demo override,MANUAL_OVERRIDE,,2026-09-09,,,,NOT_REQUESTED,27.4,18.9,68.2
MH_PUNE_555352,Dhalewadi Tarf Haveli,Dhalewadi Tarf Haveli,Junnar,Pune,19.18357,73.95725,123.63,73.54,-4.6,640.0,51.2,563.2,716.8,3.0,216.4,10.0,12.0,6.0,64.0,5.0,3.0,0.0,20.0,29.5,21.0,0.1,-0.670033350358058,18.83,15.05,22.36,11.4,25.19,3.62,MODERATE,Orographic Sahyadri Elevation Gradient,Manual demo override,MANUAL_OVERRIDE,,2026-09-09,,,,NOT_REQUESTED,28.9,20.4,67.5
MH_PUNE_555354,Khanapur,Khanapur,Junnar,Pune,19.18206,73.90478,118.26,72.73,-3.7,691.2,55.3,608.2,774.1,3.0,214.5,10.0,12.0,6.0,64.0,5.0,3.0,0.0,20.0,29.5,21.0,0.22,-0.5162502673649643,19.26,15.54,23.39,11.38,26.43,3.81,MODERATE,Orographic Sahyadri Elevation Gradient,Manual demo override,MANUAL_OVERRIDE,,2026-09-09,,,,NOT_REQUESTED,28.6,20.1,67.7
MH_PUNE_555353,Kuran,Kuran,Junnar,Pune,19.17531,73.93552,121.19,72.32,-4.2,658.9,52.7,579.9,738.0,3.0,215.6,10.0,12.0,6.0,64.0,5.0,3.0,0.0,20.0,29.5,21.0,0.1,-0.6110798725751544,18.91,14.85,22.73,11.71,25.55,3.65,MODERATE,Orographic Sahyadri Elevation Gradient,Manual demo override,MANUAL_OVERRIDE,,2026-09-09,,,,NOT_REQUESTED,28.8,20.3,67.6
MH_PUNE_555357,Nimgaon Tarf Mahalunge,Nimgaon Tarf Mahalunge,Junnar,Pune,19.16438,73.88628,115.87,70.64,-3.4,723.5,57.9,636.7,810.4,3.0,213.8,10.0,12.0,6.0,64.0,5.0,3.0,0.0,20.0,29.5,21.0,0.19,-0.47518931088298944,19.15,15.36,22.72,11.41,26.06,3.64,MODERATE,Orographic Sahyadri Elevation Gradient,Manual demo override,MANUAL_OVERRIDE,,2026-09-09,,,,NOT_REQUESTED,28.4,19.9,67.7
MH_PUNE_555360,Pimpalgaon T Narayangaon,Pimpalgaon T Narayangaon,Junnar,Pune,19.15807,73.93367,120.53,70.39,-4.2,686.1,54.9,603.7,768.4,3.0,215.5,10.0,12.0,6.0,64.0,5.0,3.0,0.0,20.0,29.5,21.0,0.22,-0.6213401540731986,19.09,15.19,22.65,11.57,25.68,3.68,MODERATE,Orographic Sahyadri Elevation Gradient,Manual demo override,MANUAL_OVERRIDE,,2026-09-09,,,,NOT_REQUESTED,28.6,20.1,67.6
MH_PUNE_555361,Arvi,Arvi,Junnar,Pune,19.15608,73.9516,122.31,70.43,-4.5,688.6,55.1,606.0,771.3,3.0,216.2,10.0,12.0,6.0,64.0,5.0,3.0,0.0,20.0,29.5,21.0,0.22,-0.6809209281418118,19.14,15.2,23.09,11.61,25.54,3.62,MODERATE,Orographic Sahyadri Elevation Gradient,Manual demo override,MANUAL_OVERRIDE,,2026-09-09,,,,NOT_REQUESTED,28.6,20.1,67.7
MH_PUNE_555365,Vadaj,Vadaj,Junnar,Pune,19.15399,73.87038,113.97,69.42,-3.1,707.4,56.6,622.5,792.3,3.0,213.2,10.0,12.0,6.0,64.0,5.0,3.0,0.0,20.0,29.5,21.0,0.19,-0.4373539559216032,19.34,15.83,22.82,11.9,26.07,3.69,MODERATE,Orographic Sahyadri Elevation Gradient,Manual demo override,MANUAL_OVERRIDE,,2026-09-09,,,,NOT_REQUESTED,28.5,20.0,67.7
MH_PUNE_555364,Nimdari,Nimdari,Junnar,Pune,19.13454,73.88472,114.93,67.32,-3.3,692.8,55.4,609.7,775.9,3.0,213.7,10.0,12.0,6.0,64.0,5.0,3.0,0.0,20.0,29.5,21.0,0.22,-0.49039010569777197,19.09,15.11,22.79,11.33,26.4,3.77,MODERATE,Orographic Sahyadri Elevation Gradient,Manual demo override,MANUAL_OVERRIDE,,2026-09-09,,,,NOT_REQUESTED,28.6,20.1,67.6
MH_PUNE_555369,Chincholi,Chincholi,Junnar,Pune,19.13284,73.86331,112.69,67.05,-2.9,718.3,57.5,632.0,804.5,3.0,212.9,10.0,12.0,6.0,64.0,5.0,3.0,0.0,20.0,29.5,21.0,0.19,-0.42924770298426196,19.38,15.67,23.21,11.99,26.62,3.78,MODERATE,Orographic Sahyadri Elevation Gradient,Manual demo override,MANUAL_OVERRIDE,,2026-09-09,,,,NOT_REQUESTED,28.4,19.9,67.8
MH_PUNE_555362,Gunjalwadi,Gunjalwadi,Junnar,Pune,19.12978,73.94619,121.12,67.46,-4.4,663.4,53.1,583.7,743.0,3.0,216.0,10.0,12.0,6.0,64.0,5.0,3.0,0.0,20.0,29.5,21.0,0.22,-0.6955297545464441,18.93,15.29,22.65,10.7,25.49,3.73,MODERATE,Orographic Sahyadri Elevation Gradient,Manual demo override,MANUAL_OVERRIDE,,2026-09-09,,,,NOT_REQUESTED,28.7,20.2,67.6
MH_PUNE_555467,Falakewadi,Falakewadi,Ambegaon,Pune,19.11422,73.85588,111.48,64.97,-2.8,853.9,68.3,751.4,956.3,3.0,212.7,10.0,12.0,6.0,64.0,5.0,3.0,0.0,20.0,29.5,21.0,0.78,-0.41905412338681625,19.8,15.96,23.75,11.67,26.08,3.71,MODERATE,Orographic Sahyadri Elevation Gradient,Manual demo override,MANUAL_OVERRIDE,,2026-09-09,,,,NOT_REQUESTED,27.5,19.0,67.9
MH_PUNE_555370,Khilarwadi,Khilarwadi,Junnar,Pune,19.1244,73.9122,117.5,66.42,-3.8,700.5,56.0,616.5,784.5,3.0,214.8,10.0,12.0,6.0,64.0,5.0,3.0,0.0,20.0,29.5,21.0,0.22,-0.5870629479485844,19.03,14.85,22.68,11.62,25.55,3.66,MODERATE,Orographic Sahyadri Elevation Gradient,Manual demo override,MANUAL_OVERRIDE,,2026-09-09,,,,NOT_REQUESTED,28.5,20.0,67.6
MH_PUNE_251516,Junnar,Junnar,Haveli,Pune,19.21389,73.88082,115.3,76.11,-3.3,663.5,53.1,583.8,743.1,3.0,213.6,12.0,14.0,8.0,48.0,14.0,4.0,0.0,20.0,29.5,21.0,0.22,-0.439805704007618,19.22,15.44,23.12,11.1,25.86,3.8,MODERATE,Orographic Sahyadri Elevation Gradient,Manual demo override,MANUAL_OVERRIDE,,2026-09-09,,,,NOT_REQUESTED,29.6,21.1,67.7
MH_PUNE_555350,Hapus Baug,Hapus Baug,Junnar,Pune,19.20438,73.90699,118.19,75.23,-3.7,650.0,52.0,572.0,728.0,3.0,214.6,10.0,12.0,6.0,64.0,5.0,3.0,0.0,20.0,29.5,21.0,0.1,-0.5099368781143231,19.11,15.27,23.02,11.44,25.81,3.75,MODERATE,Orographic Sahyadri Elevation Gradient,Manual demo override,MANUAL_OVERRIDE,,2026-09-09,,,,NOT_REQUESTED,28.8,20.3,67.6
MH_PUNE_555363,Sawargaon,Sawargaon,Junnar,Pune,19.12895,73.91287,117.68,66.93,-3.8,699.3,55.9,615.5,783.2,3.0,214.8,10.0,12.0,6.0,64.0,5.0,3.0,0.0,20.0,29.5,21.0,0.22,-0.5843265201969235,19.09,14.88,23.36,10.91,26.16,3.87,MODERATE,Orographic Sahyadri Elevation Gradient,Manual demo override,MANUAL_OVERRIDE,,2026-09-09,,,,NOT_REQUESTED,28.5,20.0,67.6
MH_PUNE_555376,Yedgaon,Yedgaon,Junnar,Pune,19.1688,74.00779,128.38,72.95,-5.5,640.0,51.2,563.2,716.8,3.0,218.3,10.0,12.0,6.0,64.0,5.0,3.0,0.0,20.0,29.5,21.0,0.1,-0.8488014794594907,18.81,15.11,22.73,11.02,25.71,3.64,MODERATE,Orographic Sahyadri Elevation Gradient,Manual demo override,MANUAL_OVERRIDE,,2026-09-09,,,,NOT_REQUESTED,28.9,20.4,67.5
MH_PUNE_555348,Agar,Agar,Junnar,Pune,19.20166,73.90141,117.67,74.88,-3.6,659.3,52.7,580.2,738.3,3.0,214.4,10.0,12.0,6.0,64.0,5.0,3.0,0.0,20.0,29.5,21.0,0.1,-0.49647487139949675,19.07,15.4,22.98,11.24,26.56,3.8,MODERATE,Orographic Sahyadri Elevation Gradient,Manual demo override,MANUAL_OVERRIDE,,2026-09-09,,,,NOT_REQUESTED,28.8,20.3,67.6
MH_PUNE_555383,Warulwadi,Warulwadi,Junnar,Pune,19.10444,73.99117,125.21,65.58,-5.2,649.7,52.0,571.7,727.7,3.0,217.7,10.0,12.0,6.0,64.0,5.0,3.0,0.0,20.0,29.5,21.0,0.1,-0.8983954603827915,18.75,15.73,22.8,10.6,25.36,3.71,MODERATE,Orographic Sahyadri Elevation Gradient,Manual demo override,MANUAL_OVERRIDE,,2026-09-09,,,,NOT_REQUESTED,28.8,20.3,67.5
MH_PUNE_555265,Umbraj,Umbraj,Junnar,Pune,19.20329,74.0138,129.25,76.82,-5.6,655.2,52.4,576.6,733.8,3.0,218.5,10.0,12.0,6.0,64.0,5.0,3.0,0.0,20.0,29.5,21.0,0.1,-0.8243453437121037,18.7,15.01,22.21,11.39,25.48,3.71,MODERATE,Orographic Sahyadri Elevation Gradient,Manual demo override,MANUAL_OVERRIDE,,2026-09-09,,,,NOT_REQUESTED,28.8,20.3,67.5
MH_PUNE_555371,Bhorwadi,Bhorwadi,Junnar,Pune,19.21063,73.98086,125.7,76.92,-5.1,640.0,51.2,563.2,716.8,3.0,217.3,10.0,12.0,6.0,64.0,5.0,3.0,0.0,20.0,29.5,21.0,0.1,-0.7163676719575358,18.9,15.06,22.76,10.79,25.25,3.62,MODERATE,Orographic Sahyadri Elevation Gradient,Manual demo override,MANUAL_OVERRIDE,,2026-09-09,,,,NOT_REQUESTED,28.9,20.4,67.6
MH_PUNE_555374,Hivare Bk,Hivare Bk,Junnar,Pune,19.19539,73.98945,126.89,75.43,-5.2,644.4,51.6,567.0,721.8,3.0,217.6,10.0,12.0,6.0,64.0,5.0,3.0,0.0,20.0,29.5,21.0,0.1,-0.7576112334344968,18.82,14.44,22.87,11.04,25.49,3.75,MODERATE,Orographic Sahyadri Elevation Gradient,Manual demo override,MANUAL_OVERRIDE,,2026-09-09,,,,NOT_REQUESTED,28.9,20.4,67.5
MH_PUNE_555279,Kalwadi,Kalwadi,Junnar,Pune,19.18697,74.03831,131.97,75.69,-6.1,642.7,51.4,565.6,719.8,3.0,219.4,10.0,12.0,6.0,64.0,5.0,3.0,0.0,20.0,29.5,21.0,0.1,-0.9223095038027358,18.69,14.64,22.55,10.65,25.45,3.82,MODERATE,Orographic Sahyadri Elevation Gradient,Manual demo override,MANUAL_OVERRIDE,,2026-09-09,,,,NOT_REQUESTED,28.9,20.4,67.5
MH_PUNE_555375,Dhangarwadi,Dhangarwadi,Junnar,Pune,19.17597,73.97649,125.37,73.05,-5.0,641.8,51.3,564.9,718.8,3.0,217.1,10.0,12.0,6.0,64.0,5.0,3.0,0.0,20.0,29.5,21.0,0.1,-0.7383286011735097,18.91,14.64,23.24,11.12,25.57,3.76,MODERATE,Orographic Sahyadri Elevation Gradient,Manual demo override,MANUAL_OVERRIDE,,2026-09-09,,,,NOT_REQUESTED,28.9,20.4,67.6
MH_PUNE_555377,Vaishakh Khede,Vaishakh Khede,Junnar,Pune,19.17297,74.0463,132.43,74.42,-6.2,625.1,50.0,550.1,700.1,3.0,219.7,10.0,12.0,6.0,64.0,5.0,3.0,0.0,20.0,29.5,21.0,0.1,-0.9687694255610427,18.55,14.62,22.31,10.9,25.42,3.79,MODERATE,Orographic Sahyadri Elevation Gradient,Manual demo override,MANUAL_OVERRIDE,,2026-09-09,,,,NOT_REQUESTED,29.0,20.5,67.4
MH_PUNE_555379,Kandali,Kandali,Junnar,Pune,19.16003,74.05553,133.06,73.32,-6.4,630.4,50.4,554.8,706.0,3.0,220.1,10.0,12.0,6.0,64.0,5.0,3.0,0.0,20.0,29.5,21.0,0.1,-1.0202511566841392,18.53,14.55,22.04,10.84,25.28,3.68,MODERATE,Orographic Sahyadri Elevation Gradient,Manual demo override,MANUAL_OVERRIDE,,2026-09-09,,,,NOT_REQUESTED,29.0,20.5,67.4
MH_PUNE_555277,Bhatkalwadi,Bhatkalwadi,Junnar,Pune,19.19716,74.04389,132.48,76.94,-6.2,656.9,52.6,578.0,735.8,3.0,219.6,10.0,12.0,6.0,64.0,5.0,3.0,0.0,20.0,29.5,21.0,0.1,-0.9260560582341587,18.7,14.81,22.24,11.29,25.14,3.59,MODERATE,Orographic Sahyadri Elevation Gradient,Manual demo override,MANUAL_OVERRIDE,,2026-09-09,,,,NOT_REQUESTED,28.8,20.3,67.5
MH_PUNE_555382,Narayangaon,Narayangaon,Junnar,Pune,19.13174,73.98585,125.24,68.42,-5.1,672.7,53.8,592.0,753.4,3.0,217.5,10.0,12.0,6.0,64.0,5.0,3.0,0.0,20.0,29.5,21.0,0.22,-0.8302679040092004,18.91,15.4,22.64,11.32,25.79,3.69,MODERATE,Orographic Sahyadri Elevation Gradient,Manual demo override,MANUAL_OVERRIDE,,2026-09-09,,,,NOT_REQUESTED,28.7,20.2,67.6
MH_PUNE_555381,Nagadwadi,Nagadwadi,Junnar,Pune,19.14731,74.04198,131.37,71.55,-6.2,644.2,51.5,566.9,721.4,3.0,219.6,10.0,12.0,6.0,64.0,5.0,3.0,0.0,20.0,29.5,21.0,0.1,-0.9970315068954159,18.56,14.8,22.71,10.28,25.51,3.92,MODERATE,Orographic Sahyadri Elevation Gradient,Manual demo override,MANUAL_OVERRIDE,,2026-09-09,,,,NOT_REQUESTED,28.9,20.4,67.4
MH_PUNE_555378,Bhorwadi,Bhorwadi,Junnar,Pune,19.15098,74.02002,129.2,71.33,-5.8,656.7,52.5,577.9,735.4,3.0,218.7,10.0,12.0,6.0,64.0,5.0,3.0,0.0,20.0,29.5,21.0,0.1,-0.9164385193083127,18.66,14.45,23.08,10.46,25.05,3.81,MODERATE,Orographic Sahyadri Elevation Gradient,Manual demo override,MANUAL_OVERRIDE,,2026-09-09,,,,NOT_REQUESTED,28.8,20.3,67.5
MH_PUNE_555380,Vadgaon Kandali,Vadgaon Kandali,Junnar,Pune,19.13243,74.06494,133.4,70.7,-6.6,631.1,50.5,555.4,706.9,3.0,220.4,10.0,12.0,6.0,64.0,5.0,3.0,0.0,20.0,29.5,21.0,0.1,-1.1033902727041567,18.44,14.84,21.99,10.7,24.68,3.62,MODERATE,Orographic Sahyadri Elevation Gradient,Manual demo override,MANUAL_OVERRIDE,,2026-09-09,,,,NOT_REQUESTED,29.0,20.5,67.4
MH_PUNE_555372,Ozar,Ozar,Junnar,Pune,19.2034,73.96513,124.21,75.85,-4.8,660.8,52.9,581.4,740.1,3.0,216.7,10.0,12.0,6.0,64.0,5.0,3.0,0.0,20.0,29.5,21.0,0.1,-0.6758227738411862,18.85,14.93,23.36,11.01,25.3,3.72,MODERATE,Orographic Sahyadri Elevation Gradient,Manual demo override,MANUAL_OVERRIDE,,2026-09-09,,,,NOT_REQUESTED,28.8,20.3,67.5
MH_PUNE_555511,Bhagadi,Bhagadi,Ambegaon,Pune,19.04342,74.12258,137.9,63.9,-7.6,651.2,52.1,573.1,729.4,3.0,222.5,10.0,12.0,6.0,64.0,5.0,3.0,0.0,20.0,29.5,21.0,1.65,-1.531826341052874,19.58,16.38,23.45,11.93,25.94,3.61,MODERATE,Orographic Sahyadri Elevation Gradient,Manual demo override,MANUAL_OVERRIDE,,2026-09-09,,,,NOT_REQUESTED,28.8,20.3,67.8
MH_PUNE_555413,Pimpri Kawala,Pimpri Kawala,Junnar,Pune,19.02297,74.17214,142.85,64.46,-8.5,608.1,48.6,535.2,681.0,3.0,224.4,10.0,12.0,6.0,64.0,5.0,3.0,0.0,20.0,29.5,21.0,-1.33,-1.7594511257188614,16.29,12.72,20.35,8.47,23.24,3.79,MODERATE,Orographic Sahyadri Elevation Gradient,Manual demo override,MANUAL_OVERRIDE,,2026-09-09,,,,NOT_REQUESTED,29.1,20.6,66.5
MH_PUNE_555386,Shiroli T Ale,Shiroli T Ale,Junnar,Pune,19.1028,74.09251,135.67,68.62,-7.1,629.0,50.3,553.5,704.4,3.0,221.4,10.0,12.0,6.0,64.0,5.0,3.0,0.0,20.0,29.5,21.0,0.1,-1.263820337063448,18.26,14.65,21.91,10.1,25.09,3.73,MODERATE,Orographic Sahyadri Elevation Gradient,Manual demo override,MANUAL_OVERRIDE,,2026-09-09,,,,NOT_REQUESTED,29.0,20.5,67.3
MH_PUNE_555387,Sultanpur,Sultanpur,Junnar,Pune,19.09042,74.1042,136.67,67.82,-7.3,621.7,49.7,547.2,696.3,3.0,221.9,10.0,12.0,6.0,64.0,5.0,3.0,0.0,20.0,29.5,21.0,0.1,-1.334868905670913,18.19,14.59,22.17,10.39,24.91,3.83,MODERATE,Orographic Sahyadri Elevation Gradient,Manual demo override,MANUAL_OVERRIDE,,2026-09-09,,,,NOT_REQUESTED,29.0,20.5,67.3
MH_PUNE_555408,Nimgaon Sawa,Nimgaon Sawa,Junnar,Pune,19.0834,74.12731,138.96,68.11,-7.7,602.0,48.2,529.7,674.3,3.0,222.7,10.0,12.0,6.0,64.0,5.0,3.0,0.0,20.0,29.5,21.0,0.1,-1.4315207597389752,18.01,14.34,22.67,10.62,25.16,3.75,MODERATE,Orographic Sahyadri Elevation Gradient,Manual demo override,MANUAL_OVERRIDE,,2026-09-09,,,,NOT_REQUESTED,29.2,20.7,67.2
MH_PUNE_555406,Sakori T Belhe,Sakori T Belhe,Junnar,Pune,19.09072,74.15788,142.25,70.27,-8.2,625.8,50.1,550.7,701.0,3.0,223.8,10.0,12.0,6.0,64.0,5.0,3.0,0.0,20.0,29.5,21.0,-1.33,-1.5125072897987917,16.6,12.91,20.01,8.64,23.0,3.63,MODERATE,Orographic Sahyadri Elevation Gradient,Manual demo override,MANUAL_OVERRIDE,,2026-09-09,,,,NOT_REQUESTED,29.0,20.5,66.6
MH_PUNE_555407,Ranmalawadi,Ranmalawadi,Junnar,Pune,19.09429,74.18853,145.5,72.16,-8.8,650.9,52.1,572.8,729.1,3.0,225.0,10.0,12.0,6.0,64.0,5.0,3.0,0.0,20.0,29.5,21.0,-1.33,-1.600755417317206,16.51,12.6,20.3,9.44,23.03,3.64,MODERATE,Orographic Sahyadri Elevation Gradient,Manual demo override,MANUAL_OVERRIDE,,2026-09-09,,,,NOT_REQUESTED,28.8,20.3,66.6
MH_PUNE_555510,Walati,Walati,Ambegaon,Pune,19.05387,74.094,135.05,63.66,-7.1,698.3,55.9,614.4,782.1,3.0,221.5,10.0,12.0,6.0,64.0,5.0,3.0,0.0,20.0,29.5,21.0,2.33,-1.4014881476655434,20.43,16.99,23.86,13.09,27.21,3.56,MODERATE,Orographic Sahyadri Elevation Gradient,Manual demo override,MANUAL_OVERRIDE,,2026-09-09,,,,NOT_REQUESTED,28.5,20.0,68.2
MH_PUNE_555411,Zap,Zap,Junnar,Pune,19.06956,74.18614,144.88,69.65,-8.8,629.0,50.3,553.5,704.4,3.0,224.9,10.0,12.0,6.0,64.0,5.0,3.0,0.0,20.0,29.5,21.0,-1.33,-1.66097704886051,16.39,13.07,20.26,8.5,23.03,3.72,MODERATE,Orographic Sahyadri Elevation Gradient,Manual demo override,MANUAL_OVERRIDE,,2026-09-09,,,,NOT_REQUESTED,28.9,20.4,66.6
MH_PUNE_555559,Pimparkhed,Pimparkhed,Shirur,Pune,19.01176,74.14663,140.07,62.01,-8.0,610.5,48.8,537.3,683.7,3.0,223.4,6.0,10.0,6.0,70.0,4.0,4.0,0.0,20.0,29.5,21.0,1.65,-1.715706358724484,19.43,15.54,22.88,11.46,26.6,3.71,MODERATE,Orographic Sahyadri Elevation Gradient,Manual demo override,MANUAL_OVERRIDE,,2026-09-09,,,,NOT_REQUESTED,29.1,20.6,67.8
MH_PUNE_555558,Kathapur Kh,Kathapur Kh,Shirur,Pune,19.0039,74.12132,137.34,59.94,-7.6,617.0,49.4,542.9,691.1,3.0,222.5,6.0,10.0,6.0,70.0,4.0,4.0,0.0,20.0,29.5,21.0,1.65,-1.6604690622598766,19.58,16.02,23.11,11.63,26.43,3.62,MODERATE,Orographic Sahyadri Elevation Gradient,Manual demo override,MANUAL_OVERRIDE,,2026-09-09,,,,NOT_REQUESTED,29.0,20.5,67.8
MH_PUNE_555412,Pargaon Tarf Ale,Pargaon Tarf Ale,Junnar,Pune,19.0505,74.14944,140.79,65.9,-8.1,612.4,49.0,538.9,685.9,3.0,223.5,10.0,12.0,6.0,64.0,5.0,3.0,0.0,20.0,29.5,21.0,-1.33,-1.5991921263234299,16.42,12.38,20.35,8.74,22.73,3.63,MODERATE,Orographic Sahyadri Elevation Gradient,Manual demo override,MANUAL_OVERRIDE,,2026-09-09,,,,NOT_REQUESTED,29.1,20.6,66.6
MH_PUNE_555409,Aurangpur,Aurangpur,Junnar,Pune,19.06396,74.12739,138.67,66.17,-7.7,687.6,55.0,605.1,770.1,3.0,222.7,10.0,12.0,6.0,64.0,5.0,3.0,0.0,20.0,29.5,21.0,0.22,-1.4861199029759222,18.28,14.37,22.11,10.22,25.19,3.74,MODERATE,Orographic Sahyadri Elevation Gradient,Manual demo override,MANUAL_OVERRIDE,,2026-09-09,,,,NOT_REQUESTED,28.6,20.1,67.3
MH_PUNE_555512,Shingave,Shingave,Ambegaon,Pune,19.01756,74.09779,135.01,60.16,-7.2,627.8,50.2,552.5,703.1,3.0,221.6,10.0,12.0,6.0,64.0,5.0,3.0,0.0,20.0,29.5,21.0,2.33,-1.532193989710654,20.25,16.22,23.91,12.28,27.41,3.81,MODERATE,Orographic Sahyadri Elevation Gradient,Manual demo override,MANUAL_OVERRIDE,,2026-09-09,,,,NOT_REQUESTED,29.0,20.5,68.1
MH_PUNE_555271,Padirwadi,Padirwadi,Junnar,Pune,19.2102,74.09561,137.59,79.93,-7.1,706.6,56.5,621.9,791.4,3.0,221.5,10.0,12.0,6.0,64.0,5.0,3.0,0.0,20.0,29.5,21.0,0.18,-1.068780158382335,18.62,15.03,22.34,10.97,25.18,3.69,MODERATE,Orographic Sahyadri Elevation Gradient,Manual demo override,MANUAL_OVERRIDE,,2026-09-09,,,,NOT_REQUESTED,28.5,20.0,67.4
MH_PUNE_555560,Jambut,Jambut,Shirur,Pune,19.00618,74.18586,144.13,63.67,-8.7,607.4,48.6,534.5,680.3,3.0,224.9,6.0,10.0,6.0,70.0,4.0,4.0,0.0,20.0,29.5,21.0,-0.0,-1.8586279974793964,17.5,13.25,20.97,9.94,24.55,3.73,MODERATE,Orographic Sahyadri Elevation Gradient,Manual demo override,MANUAL_OVERRIDE,,2026-09-09,,,,NOT_REQUESTED,29.1,20.6,67.0
MH_PUNE_555561,Sharadwadi,Sharadwadi,Shirur,Pune,18.99096,74.21047,146.39,63.78,-9.2,600.2,48.0,528.2,672.2,3.0,225.8,6.0,10.0,6.0,70.0,4.0,4.0,0.0,20.0,29.5,21.0,-0.0,-1.9858954241454276,17.47,14.18,21.37,9.79,24.12,3.72,MODERATE,Orographic Sahyadri Elevation Gradient,Manual demo override,MANUAL_OVERRIDE,,2026-09-09,,,,NOT_REQUESTED,29.1,20.6,67.0
MH_PUNE_555546,Devgaon,Devgaon,Ambegaon,Pune,18.98733,74.14189,139.33,59.42,-8.0,592.8,47.4,521.7,663.9,3.0,223.3,10.0,12.0,6.0,64.0,5.0,3.0,0.0,20.0,29.5,21.0,1.65,-1.788149480451956,19.26,15.43,22.89,12.1,25.94,3.7,MODERATE,Rain-Shadow Plateau Topography,Manual demo override,MANUAL_OVERRIDE,,2026-09-09,,,,NOT_REQUESTED,29.2,20.7,67.7
MH_PUNE_555507,Ranjani,Ranjani,Ambegaon,Pune,19.0706,74.07815,133.64,64.73,-6.8,714.7,57.2,628.9,800.5,3.0,220.9,10.0,12.0,6.0,64.0,5.0,3.0,0.0,20.0,29.5,21.0,0.18,-1.2972234331770482,18.37,14.63,21.89,10.83,25.24,3.66,MODERATE,Orographic Sahyadri Elevation Gradient,Manual demo override,MANUAL_OVERRIDE,,2026-09-09,,,,NOT_REQUESTED,28.4,19.9,67.3
MH_PUNE_555410,Mangrul,Mangrul,Junnar,Pune,19.06463,74.17473,143.62,68.57,-8.5,621.7,49.7,547.2,696.3,3.0,224.5,10.0,12.0,6.0,64.0,5.0,3.0,0.0,20.0,29.5,21.0,-1.33,-1.6389501139651093,16.53,12.48,20.83,8.74,23.05,3.72,MODERATE,Orographic Sahyadri Elevation Gradient,Manual demo override,MANUAL_OVERRIDE,,2026-09-09,,,,NOT_REQUESTED,29.0,20.5,66.6
MH_PUNE_555405,Jadhav Wadi,Jadhav Wadi,Junnar,Pune,19.11323,74.12767,139.51,71.13,-7.7,626.8,50.1,551.6,701.9,3.0,222.7,10.0,12.0,6.0,64.0,5.0,3.0,0.0,20.0,29.5,21.0,0.1,-1.356984221600637,18.24,14.14,22.09,10.48,24.76,3.69,MODERATE,Orographic Sahyadri Elevation Gradient,Manual demo override,MANUAL_OVERRIDE,,2026-09-09,,,,NOT_REQUESTED,29.0,20.5,67.3
MH_PUNE_555275,Ale,Ale,Junnar,Pune,19.17244,74.11693,139.65,76.76,-7.5,667.8,53.4,587.7,747.9,3.0,222.3,10.0,12.0,6.0,64.0,5.0,3.0,0.0,20.0,29.5,21.0,0.22,-1.197578843257493,18.36,14.38,22.33,10.66,25.0,3.74,MODERATE,Orographic Sahyadri Elevation Gradient,Manual demo override,MANUAL_OVERRIDE,,2026-09-09,,,,NOT_REQUESTED,28.7,20.2,67.3
MH_PUNE_555273,Santwadi,Santwadi,Junnar,Pune,19.20898,74.12887,141.06,81.0,-7.7,712.5,57.0,627.0,798.0,3.0,222.8,10.0,12.0,6.0,64.0,5.0,3.0,0.0,20.0,29.5,21.0,-1.28,-1.17239035316137,16.88,12.91,20.72,9.15,23.94,3.78,MODERATE,Orographic Sahyadri Elevation Gradient,Manual demo override,MANUAL_OVERRIDE,,2026-09-09,,,,NOT_REQUESTED,28.4,19.9,66.8
MH_PUNE_555278,Chalakwadi,Chalakwadi,Junnar,Pune,19.17809,74.08212,136.22,76.09,-6.9,652.5,52.2,574.2,730.8,3.0,221.0,10.0,12.0,6.0,64.0,5.0,3.0,0.0,20.0,29.5,21.0,0.1,-1.076492803866671,18.61,14.81,22.05,10.66,25.51,3.76,MODERATE,Orographic Sahyadri Elevation Gradient,Manual demo override,MANUAL_OVERRIDE,,2026-09-09,,,,NOT_REQUESTED,28.8,20.3,67.4
MH_PUNE_555274,Kolwadi,Kolwadi,Junnar,Pune,19.19436,74.14603,143.1,80.17,-8.0,743.1,59.5,653.9,832.4,3.0,223.4,10.0,12.0,6.0,64.0,5.0,3.0,0.0,20.0,29.5,21.0,-1.28,-1.249140084954255,17.15,13.38,20.82,9.47,24.41,3.79,MODERATE,Orographic Sahyadri Elevation Gradient,Manual demo override,MANUAL_OVERRIDE,,2026-09-09,,,,NOT_REQUESTED,28.2,19.7,66.9
MH_PUNE_555390,Nalawane,Nalawane,Junnar,Pune,19.19513,74.19074,147.72,82.19,-8.8,857.5,68.6,754.6,960.4,3.0,225.1,10.0,12.0,6.0,64.0,5.0,3.0,0.0,20.0,29.5,21.0,-1.25,-1.3827702402122866,16.71,12.88,20.96,9.03,23.57,3.83,MODERATE,Orographic Sahyadri Elevation Gradient,Manual demo override,MANUAL_OVERRIDE,,2026-09-09,,,,NOT_REQUESTED,27.4,18.9,66.7
MH_PUNE_555394,Unchkhadakwadi,Unchkhadakwadi,Junnar,Pune,19.17847,74.16502,144.73,79.36,-8.4,731.0,58.5,643.2,818.7,3.0,224.1,10.0,12.0,6.0,64.0,5.0,3.0,0.0,20.0,29.5,21.0,-1.28,-1.3364239051532087,16.84,13.14,20.58,9.66,23.96,3.62,MODERATE,Orographic Sahyadri Elevation Gradient,Manual demo override,MANUAL_OVERRIDE,,2026-09-09,,,,NOT_REQUESTED,28.3,19.8,66.7
MH_PUNE_555393,Ane,Ane,Junnar,Pune,19.18017,74.23008,151.45,82.62,-9.5,808.7,64.7,711.7,905.8,3.0,226.5,10.0,12.0,6.0,64.0,5.0,3.0,0.0,20.0,29.5,21.0,-1.05,-1.5281116978253868,16.96,12.48,20.8,9.59,23.71,3.63,MODERATE,Orographic Sahyadri Elevation Gradient,Manual demo override,MANUAL_OVERRIDE,,2026-09-09,,,,NOT_REQUESTED,27.8,19.3,66.8
MH_PUNE_555391,Shindewadi,Shindewadi,Junnar,Pune,19.20553,74.27294,156.08,87.31,-10.3,736.3,58.9,647.9,824.6,3.0,228.1,10.0,12.0,6.0,64.0,5.0,3.0,0.0,20.0,29.5,21.0,-1.28,-1.6001660043579726,16.41,12.15,20.85,8.81,23.07,3.74,MODERATE,Orographic Sahyadri Elevation Gradient,Manual demo override,MANUAL_OVERRIDE,,2026-09-09,,,,NOT_REQUESTED,28.2,19.7,66.6
MH_PUNE_555397,Tambewadi,Tambewadi,Junnar,Pune,19.11938,74.14581,141.5,72.56,-8.0,639.5,51.2,562.7,716.3,3.0,223.4,10.0,12.0,6.0,64.0,5.0,3.0,0.0,20.0,29.5,21.0,-1.33,-1.4016450964994565,16.68,13.26,20.42,8.52,23.43,3.74,MODERATE,Orographic Sahyadri Elevation Gradient,Manual demo override,MANUAL_OVERRIDE,,2026-09-09,,,,NOT_REQUESTED,28.9,20.4,66.7
MH_PUNE_555392,Pemdara,Pemdara,Junnar,Pune,19.18107,74.25911,154.46,84.23,-10.1,784.4,62.8,690.2,878.6,3.0,227.6,10.0,12.0,6.0,64.0,5.0,3.0,0.0,20.0,29.5,21.0,-0.75,-1.610339226461925,17.04,13.0,21.86,9.32,23.85,3.76,MODERATE,Orographic Sahyadri Elevation Gradient,Manual demo override,MANUAL_OVERRIDE,,2026-09-09,,,,NOT_REQUESTED,27.9,19.4,66.8
MH_PUNE_555395,Rajuri,Rajuri,Junnar,Pune,19.15051,74.1453,142.07,75.67,-8.0,667.5,53.4,587.4,747.6,3.0,223.4,10.0,12.0,6.0,64.0,5.0,3.0,0.0,20.0,29.5,21.0,-1.21,-1.3307619386416416,17.21,13.37,21.29,9.78,24.22,3.74,MODERATE,Orographic Sahyadri Elevation Gradient,Manual demo override,MANUAL_OVERRIDE,,2026-09-09,,,,NOT_REQUESTED,28.7,20.2,66.9
MH_PUNE_555399,Bangarwadi,Bangarwadi,Junnar,Pune,19.15158,74.19123,146.83,77.89,-8.8,759.7,60.8,668.5,850.9,3.0,225.1,10.0,12.0,6.0,64.0,5.0,3.0,0.0,20.0,29.5,21.0,-0.75,-1.4717971086960258,17.19,13.61,21.31,9.25,23.84,3.86,MODERATE,Orographic Sahyadri Elevation Gradient,Manual demo override,MANUAL_OVERRIDE,,2026-09-09,,,,NOT_REQUESTED,28.1,19.6,66.9
MH_PUNE_555396,Bori Bk,Bori Bk,Junnar,Pune,19.14232,74.1065,137.9,73.24,-7.3,640.8,51.3,563.8,717.7,3.0,221.9,10.0,12.0,6.0,64.0,5.0,3.0,0.0,20.0,29.5,21.0,0.1,-1.2223940916565192,18.34,14.43,21.89,10.48,25.26,3.61,MODERATE,Orographic Sahyadri Elevation Gradient,Manual demo override,MANUAL_OVERRIDE,,2026-09-09,,,,NOT_REQUESTED,28.9,20.4,67.3
MH_PUNE_555400,Anandwadi,Anandwadi,Junnar,Pune,19.15357,74.24138,152.05,80.65,-9.7,840.9,67.3,739.9,941.8,3.0,226.9,10.0,12.0,6.0,64.0,5.0,3.0,0.0,20.0,29.5,21.0,-0.87,-1.6180962532786376,16.87,13.71,20.69,9.56,23.74,3.64,MODERATE,Orographic Sahyadri Elevation Gradient,Manual demo override,MANUAL_OVERRIDE,,2026-09-09,,,,NOT_REQUESTED,27.5,19.0,66.7
MH_PUNE_555402,Belhe,Belhe,Junnar,Pune,19.11547,74.174,144.35,73.49,-8.5,656.3,52.5,577.6,735.1,3.0,224.4,10.0,12.0,6.0,64.0,5.0,3.0,0.0,20.0,29.5,21.0,-1.33,-1.501229579195468,16.68,13.34,21.23,8.68,23.57,3.69,MODERATE,Orographic Sahyadri Elevation Gradient,Manual demo override,MANUAL_OVERRIDE,,2026-09-09,,,,NOT_REQUESTED,28.8,20.3,66.7
MH_PUNE_555401,Gulunchwadi,Gulunchwadi,Junnar,Pune,19.13626,74.21375,148.85,77.52,-9.2,740.3,59.2,651.5,829.1,3.0,225.9,10.0,12.0,6.0,64.0,5.0,3.0,0.0,20.0,29.5,21.0,-1.28,-1.574906920398267,16.52,12.34,20.03,8.86,23.87,3.77,MODERATE,Orographic Sahyadri Elevation Gradient,Manual demo override,MANUAL_OVERRIDE,,2026-09-09,,,,NOT_REQUESTED,28.2,19.7,66.6
MH_PUNE_555398,Gunjalwadi,Gunjalwadi,Junnar,Pune,19.13583,74.15809,143.09,74.76,-8.2,659.9,52.8,580.7,739.1,3.0,223.8,10.0,12.0,6.0,64.0,5.0,3.0,0.0,20.0,29.5,21.0,-1.33,-1.4031607117810727,16.69,12.52,20.47,8.57,23.1,3.79,MODERATE,Orographic Sahyadri Elevation Gradient,Manual demo override,MANUAL_OVERRIDE,,2026-09-09,,,,NOT_REQUESTED,28.8,20.3,66.7
MH_PUNE_555385,Bori Kh,Bori Kh,Junnar,Pune,19.11973,74.08547,135.26,70.1,-6.9,622.9,49.8,548.2,697.6,3.0,221.2,10.0,12.0,6.0,64.0,5.0,3.0,0.0,20.0,29.5,21.0,0.1,-1.2003980970590613,18.31,14.16,22.45,10.75,25.11,3.68,MODERATE,Orographic Sahyadri Elevation Gradient,Manual demo override,MANUAL_OVERRIDE,,2026-09-09,,,,NOT_REQUESTED,29.0,20.5,67.3
MH_PUNE_555403,Yadavwadi,Yadavwadi,Junnar,Pune,19.11722,74.15744,142.67,72.87,-8.2,637.2,51.0,560.7,713.7,3.0,223.8,10.0,12.0,6.0,64.0,5.0,3.0,0.0,20.0,29.5,21.0,-1.33,-1.444258403782911,16.64,12.42,20.27,8.98,23.83,3.66,MODERATE,Orographic Sahyadri Elevation Gradient,Manual demo override,MANUAL_OVERRIDE,,2026-09-09,,,,NOT_REQUESTED,28.9,20.4,66.7
MH_PUNE_555404,Kombadwadi,Kombadwadi,Junnar,Pune,19.10871,74.14663,141.39,71.52,-8.0,627.4,50.2,552.1,702.7,3.0,223.4,10.0,12.0,6.0,64.0,5.0,3.0,0.0,20.0,29.5,21.0,-1.33,-1.4300563453300672,16.75,12.36,20.36,9.74,23.57,3.62,MODERATE,Orographic Sahyadri Elevation Gradient,Manual demo override,MANUAL_OVERRIDE,,2026-09-09,,,,NOT_REQUESTED,29.0,20.5,66.7
MH_PUNE_555270,Wadgaon Anand,Wadgaon Anand,Junnar,Pune,19.19191,74.08554,136.88,77.66,-6.9,666.4,53.3,586.4,746.3,3.0,221.2,10.0,12.0,6.0,64.0,5.0,3.0,0.0,20.0,29.5,21.0,0.22,-1.0650944271599467,18.62,14.85,21.97,11.32,25.26,3.63,MODERATE,Orographic Sahyadri Elevation Gradient,Manual demo override,MANUAL_OVERRIDE,,2026-09-09,,,,NOT_REQUESTED,28.7,20.2,67.4
MH_PUNE_555272,Alefata,Alefata,Junnar,Pune,19.20466,74.0995,138.09,79.48,-7.2,692.6,55.4,609.5,775.7,3.0,221.7,10.0,12.0,6.0,64.0,5.0,3.0,0.0,20.0,29.5,21.0,0.22,-1.0890280348619363,18.49,15.07,23.28,10.63,25.02,3.7,MODERATE,Orographic Sahyadri Elevation Gradient,Manual demo override,MANUAL_OVERRIDE,,2026-09-09,,,,NOT_REQUESTED,28.6,20.1,67.4
MH_PUNE_555612,Tardobachiwadi,Tardobachiwadi,Shirur,Pune,18.78147,74.34739,156.39,59.39,-11.7,633.1,50.7,557.1,709.2,3.0,230.9,6.0,10.0,6.0,70.0,4.0,4.0,0.0,20.0,29.5,21.0,-6.56,-3.190706972268102,9.8,5.67,13.82,1.95,16.76,3.82,MODERATE,Orographic Sahyadri Elevation Gradient,Manual demo override,MANUAL_OVERRIDE,,2026-09-09,,,,NOT_REQUESTED,28.9,20.4,63.9
MH_PUNE_555610,Kardilwadi,Kardilwadi,Shirur,Pune,18.80997,74.31599,153.44,58.13,-11.1,610.1,48.8,536.9,683.3,3.0,229.7,6.0,10.0,6.0,70.0,4.0,4.0,0.0,20.0,29.5,21.0,-0.0,-2.980349953422441,16.51,12.82,20.32,8.56,23.35,3.73,MODERATE,Orographic Sahyadri Elevation Gradient,Manual demo override,MANUAL_OVERRIDE,,2026-09-09,,,,NOT_REQUESTED,29.0,20.5,66.6
MH_PUNE_555613,Golegaon,Golegaon,Shirur,Pune,18.76246,74.37789,159.4,61.33,-12.0,604.3,48.3,531.8,676.7,3.0,232.0,6.0,10.0,6.0,70.0,4.0,4.0,0.0,20.0,29.5,21.0,-6.56,-3.3670185405009048,9.4,6.2,12.92,1.4,15.9,3.62,MODERATE,Orographic Sahyadri Elevation Gradient,Manual demo override,MANUAL_OVERRIDE,,2026-09-09,,,,NOT_REQUESTED,29.1,20.6,63.8
MH_PUNE_555609,Shirur Gramin,Shirur Gramin,Shirur,Pune,18.80715,74.339,155.81,60.03,-11.5,578.0,46.2,508.7,647.3,3.0,230.5,6.0,10.0,6.0,70.0,4.0,4.0,0.0,20.0,29.5,21.0,-6.56,-3.0567306321111714,9.79,6.05,14.02,1.71,16.54,3.74,MODERATE,Horticultural Orchard Microclimate,Manual demo override,MANUAL_OVERRIDE,,2026-09-09,,,,NOT_REQUESTED,29.3,20.8,63.9
MH_PUNE_555611,Saradwadi,Saradwadi,Shirur,Pune,18.79712,74.32211,153.92,57.93,-11.2,592.4,47.4,521.3,663.5,3.0,229.9,6.0,10.0,6.0,70.0,4.0,4.0,0.0,20.0,29.5,21.0,-0.0,-3.05130396716809,16.39,12.34,19.97,8.78,23.7,3.71,MODERATE,Horticultural Orchard Microclimate,Manual demo override,MANUAL_OVERRIDE,,2026-09-09,,,,NOT_REQUESTED,29.2,20.7,66.6
MH_PUNE_251518,Shirur,Shirur,Haveli,Pune,18.82366,74.36058,158.29,62.92,-11.9,566.7,45.3,498.7,634.6,3.0,231.3,12.0,14.0,8.0,48.0,14.0,4.0,0.0,20.0,29.5,21.0,-6.56,-3.0493475982588536,9.88,6.06,13.45,1.71,16.1,3.66,MODERATE,Rain-Shadow Plateau Topography,Manual demo override,MANUAL_OVERRIDE,,2026-09-09,,,,NOT_REQUESTED,30.2,21.7,64.0
MH_PUNE_556426,Watluj,Watluj,Daund,Pune,18.39318,74.772,189.23,33.8,-12.0,511.2,40.9,449.9,572.6,3.0,246.6,6.0,10.0,6.0,70.0,4.0,4.0,0.0,20.0,29.5,21.0,-2.62,-6.183982388130162,10.56,6.54,14.25,2.83,17.62,3.74,MODERATE,Horticultural Orchard Microclimate,Manual demo override,MANUAL_OVERRIDE,,2026-09-09,,,,NOT_REQUESTED,30.1,21.6,64.2
MH_PUNE_556427,Naygaon,Naygaon,Daund,Pune,18.38911,74.79269,191.13,34.8,-12.0,499.8,40.0,439.8,559.8,3.0,247.3,6.0,10.0,6.0,70.0,4.0,4.0,0.0,20.0,29.5,21.0,-2.62,-6.155079950319916,10.71,6.98,15.18,2.73,17.12,3.71,MODERATE,Horticultural Orchard Microclimate,Manual demo override,MANUAL_OVERRIDE,,2026-09-09,,,,NOT_REQUESTED,30.1,21.6,64.3
MH_PUNE_556428,Rajegaon,Rajegaon,Daund,Pune,18.35654,74.78566,189.26,31.61,-12.0,501.2,40.1,441.1,561.4,3.0,247.1,6.0,10.0,6.0,70.0,4.0,4.0,0.0,20.0,29.5,21.0,-2.62,-6.308840336867753,10.42,6.67,15.2,2.96,16.87,3.71,MODERATE,Horticultural Orchard Microclimate,Manual demo override,MANUAL_OVERRIDE,,2026-09-09,,,,NOT_REQUESTED,30.1,21.6,64.2
MH_PUNE_556430,Gawadebagade Wasti,Gawadebagade Wasti,Daund,Pune,18.34858,74.76289,186.7,29.34,-12.0,514.3,41.1,452.6,575.9,3.0,246.2,6.0,10.0,6.0,70.0,4.0,4.0,0.0,20.0,29.5,21.0,-2.53,-6.399308946149932,10.55,6.71,13.97,2.77,17.07,3.73,MODERATE,Horticultural Orchard Microclimate,Manual demo override,MANUAL_OVERRIDE,,2026-09-09,,,,NOT_REQUESTED,29.7,21.2,64.2
MH_PUNE_556987,Takrarwadi,Takrarwadi,Indapur,Pune,18.29957,74.7616,184.91,25.39,-12.0,498.3,39.9,438.5,558.2,3.0,246.2,6.0,10.0,6.0,70.0,4.0,4.0,0.0,20.0,29.5,21.0,-2.53,-6.582356919889373,10.4,6.62,14.11,2.47,17.54,3.76,MODERATE,Horticultural Orchard Microclimate,Manual demo override,MANUAL_OVERRIDE,,2026-09-09,,,,NOT_REQUESTED,29.9,21.4,64.2
MH_PUNE_556989,Bhigvanstaion,Bhigvanstaion,Indapur,Pune,18.32751,74.76601,186.28,27.85,-12.0,526.1,42.1,462.9,589.2,3.0,246.3,6.0,10.0,6.0,70.0,4.0,4.0,0.0,20.0,29.5,21.0,-3.47,-6.473063546915887,9.57,6.42,13.82,1.61,16.13,3.71,MODERATE,Horticultural Orchard Microclimate,Manual demo override,MANUAL_OVERRIDE,,2026-09-09,,,,NOT_REQUESTED,29.7,21.2,63.8
MH_PUNE_556990,Dikasal,Dikasal,Indapur,Pune,18.31142,74.79284,188.45,28.77,-12.0,496.5,39.7,437.0,556.1,3.0,247.3,6.0,10.0,6.0,70.0,4.0,4.0,0.0,20.0,29.5,21.0,-2.53,-6.452054707500544,10.55,6.39,13.96,2.64,17.2,3.71,MODERATE,Horticultural Orchard Microclimate,Manual demo override,MANUAL_OVERRIDE,,2026-09-09,,,,NOT_REQUESTED,29.9,21.4,64.2
MH_PUNE_556429,Khanote,Khanote,Daund,Pune,18.31633,74.82136,191.49,31.49,-12.0,502.2,40.2,441.9,562.5,3.0,248.4,6.0,10.0,6.0,70.0,4.0,4.0,0.0,20.0,29.5,21.0,-2.62,-6.349084717460548,10.54,6.52,14.63,2.81,17.65,3.77,MODERATE,Horticultural Orchard Microclimate,Manual demo override,MANUAL_OVERRIDE,,2026-09-09,,,,NOT_REQUESTED,30.1,21.6,64.2
MH_PUNE_556988,Bhigvan,Bhigvan,Indapur,Pune,18.31653,74.771,186.42,27.38,-12.0,506.7,40.5,446.0,567.5,3.0,246.5,6.0,10.0,6.0,70.0,4.0,4.0,0.0,20.0,29.5,21.0,-2.53,-6.498656907074658,10.46,6.61,14.5,2.95,17.13,3.66,MODERATE,Horticultural Orchard Microclimate,Manual demo override,MANUAL_OVERRIDE,,2026-09-09,,,,NOT_REQUESTED,29.8,21.3,64.2
MH_PUNE_555557,Manchar,Manchar,Haveli,Pune,19.01264,73.95882,120.42,54.88,-4.7,643.2,51.5,565.9,720.4,3.0,216.5,12.0,14.0,8.0,48.0,14.0,4.0,0.0,20.0,29.5,21.0,1.49,-1.0056442597962105,19.94,15.97,23.78,12.65,26.61,3.76,MODERATE,Orographic Sahyadri Elevation Gradient,Manual demo override,MANUAL_OVERRIDE,,2026-09-09,,,,NOT_REQUESTED,29.7,21.2,68.0
MH_PUNE_555293,Godre,Godre,Junnar,Pune,19.27406,73.85979,112.07,79.94,-2.9,1068.4,85.5,940.1,1196.6,3.0,212.8,10.0,12.0,6.0,64.0,5.0,3.0,0.0,20.0,29.5,21.0,1.8,-0.3835478998123807,20.86,16.74,24.85,13.11,28.66,3.96,MODERATE,Orographic Sahyadri Elevation Gradient,Manual demo override,MANUAL_OVERRIDE,,2026-09-09,,,,NOT_REQUESTED,26.0,17.5,68.3
MH_PUNE_555295,Ballalwadi,Ballalwadi,Junnar,Pune,19.25834,73.91853,118.42,81.31,-3.9,695.2,55.6,611.8,778.6,3.0,215.0,10.0,12.0,6.0,64.0,5.0,3.0,0.0,20.0,29.5,21.0,0.22,-0.5169672991713284,19.1,15.66,22.81,11.07,25.53,3.63,MODERATE,Orographic Sahyadri Elevation Gradient,Manual demo override,MANUAL_OVERRIDE,,2026-09-09,,,,NOT_REQUESTED,28.5,20.0,67.6
MH_PUNE_555250,Pangari Tarf Madh,Pangari Tarf Madh,Junnar,Pune,19.30688,73.86391,112.1,76.35,-3.0,684.5,54.8,602.3,766.7,3.0,213.0,10.0,12.0,6.0,64.0,5.0,3.0,0.0,20.0,29.5,21.0,0.22,-0.3900450134811273,19.33,14.91,23.24,11.58,26.11,3.81,MODERATE,Orographic Sahyadri Elevation Gradient,Manual demo override,MANUAL_OVERRIDE,,2026-09-09,,,,NOT_REQUESTED,28.6,20.1,67.7
MH_PUNE_555252,Dingore,Dingore,Junnar,Pune,19.27637,73.93024,119.38,80.7,-4.1,670.7,53.7,590.2,751.3,3.0,215.4,10.0,12.0,6.0,64.0,5.0,3.0,0.0,20.0,29.5,21.0,0.22,-0.539617838798862,19.1,15.4,22.48,11.35,26.35,3.72,MODERATE,Orographic Sahyadri Elevation Gradient,Manual demo override,MANUAL_OVERRIDE,,2026-09-09,,,,NOT_REQUESTED,28.7,20.2,67.6
MH_PUNE_555294,Alame,Alame,Junnar,Pune,19.2766,73.88804,114.98,79.99,-3.4,924.8,74.0,813.8,1035.8,3.0,213.9,10.0,12.0,6.0,64.0,5.0,3.0,0.0,20.0,29.5,21.0,0.39,-0.44191093065531795,19.05,15.69,22.93,11.45,25.65,3.71,MODERATE,Orographic Sahyadri Elevation Gradient,Manual demo override,MANUAL_OVERRIDE,,2026-09-09,,,,NOT_REQUESTED,27.0,18.5,67.6
MH_PUNE_555305,Aldare,Aldare,Junnar,Pune,19.24035,73.86261,112.91,79.0,-2.9,705.7,56.5,621.0,790.5,3.0,212.9,10.0,12.0,6.0,64.0,5.0,3.0,0.0,20.0,29.5,21.0,0.19,-0.39293146184750516,19.41,15.61,23.01,11.73,26.32,3.69,MODERATE,Orographic Sahyadri Elevation Gradient,Manual demo override,MANUAL_OVERRIDE,,2026-09-09,,,,NOT_REQUESTED,28.5,20.0,67.8
MH_PUNE_555296,Pangari Tarfe Otur,Pangari Tarfe Otur,Junnar,Pune,19.25178,73.93764,120.5,80.79,-4.3,686.7,54.9,604.4,769.1,3.0,215.7,10.0,12.0,6.0,64.0,5.0,3.0,0.0,20.0,29.5,21.0,0.22,-0.5677898067510079,19.08,15.19,22.47,11.48,25.91,3.68,MODERATE,Orographic Sahyadri Elevation Gradient,Manual demo override,MANUAL_OVERRIDE,,2026-09-09,,,,NOT_REQUESTED,28.6,20.1,67.6
MH_PUNE_555298,Malwadi,Malwadi,Junnar,Pune,19.24476,73.95815,122.75,80.29,-4.6,654.5,52.4,575.9,733.1,3.0,216.5,10.0,12.0,6.0,64.0,5.0,3.0,0.0,20.0,29.5,21.0,0.1,-0.62599122791763,18.93,15.17,22.68,10.7,25.13,3.69,MODERATE,Orographic Sahyadri Elevation Gradient,Manual demo override,MANUAL_OVERRIDE,,2026-09-09,,,,NOT_REQUESTED,28.8,20.3,67.6
MH_PUNE_555302,Golegaon,Golegaon,Junnar,Pune,19.2368,73.8944,116.26,78.73,-3.5,734.9,58.8,646.7,823.1,3.0,214.1,10.0,12.0,6.0,64.0,5.0,3.0,0.0,20.0,29.5,21.0,0.19,-0.4653234423503395,19.0,14.63,22.16,11.82,25.57,3.59,MODERATE,Orographic Sahyadri Elevation Gradient,Manual demo override,MANUAL_OVERRIDE,,2026-09-09,,,,NOT_REQUESTED,28.3,19.8,67.6
MH_PUNE_555301,Kumshet,Kumshet,Junnar,Pune,19.23047,73.91095,118.09,78.15,-3.8,692.1,55.4,609.0,775.2,3.0,214.7,10.0,12.0,6.0,64.0,5.0,3.0,0.0,20.0,29.5,21.0,0.22,-0.5084049025823237,19.22,14.67,23.59,11.62,26.18,3.93,MODERATE,Orographic Sahyadri Elevation Gradient,Manual demo override,MANUAL_OVERRIDE,,2026-09-09,,,,NOT_REQUESTED,28.6,20.1,67.7
MH_PUNE_555300,Shiroli Kh,Shiroli Kh,Junnar,Pune,19.22447,73.92997,120.17,77.68,-4.1,717.2,57.4,631.1,803.3,3.0,215.4,10.0,12.0,6.0,64.0,5.0,3.0,0.0,20.0,29.5,21.0,0.19,-0.5610828408622724,19.01,15.68,22.09,11.25,25.88,3.67,MODERATE,Orographic Sahyadri Elevation Gradient,Manual demo override,MANUAL_OVERRIDE,,2026-09-09,,,,NOT_REQUESTED,28.4,19.9,67.6
MH_PUNE_555261,Hivare Kh,Hivare Kh,Junnar,Pune,19.22851,73.96379,123.6,78.59,-4.7,657.5,52.6,578.6,736.4,3.0,216.7,10.0,12.0,6.0,64.0,5.0,3.0,0.0,20.0,29.5,21.0,0.1,-0.6521990173541413,18.75,14.66,23.19,10.65,26.15,3.91,MODERATE,Orographic Sahyadri Elevation Gradient,Manual demo override,MANUAL_OVERRIDE,,2026-09-09,,,,NOT_REQUESTED,28.8,20.3,67.5
MH_PUNE_555344,Padali,Padali,Junnar,Pune,19.22431,73.85301,112.21,77.2,-2.8,676.7,54.1,595.6,757.9,3.0,212.6,10.0,12.0,6.0,64.0,5.0,3.0,0.0,20.0,29.5,21.0,0.22,-0.375260440565241,19.29,15.35,22.82,11.47,25.77,3.64,MODERATE,Orographic Sahyadri Elevation Gradient,Manual demo override,MANUAL_OVERRIDE,,2026-09-09,,,,NOT_REQUESTED,28.7,20.2,67.7
MH_PUNE_555239,Pimpalgaon Joga,Pimpalgaon Joga,Junnar,Pune,19.3028,73.95982,122.16,78.46,-4.7,721.4,57.7,634.8,807.9,3.0,216.5,10.0,12.0,6.0,64.0,5.0,3.0,0.0,20.0,29.5,21.0,0.19,-0.603059118246254,19.04,15.12,22.79,10.85,25.94,3.81,MODERATE,Orographic Sahyadri Elevation Gradient,Manual demo override,MANUAL_OVERRIDE,,2026-09-09,,,,NOT_REQUESTED,28.4,19.9,67.6
MH_PUNE_555297,Netwad,Netwad,Junnar,Pune,19.24472,73.94962,121.86,80.16,-4.5,667.0,53.4,586.9,747.1,3.0,216.1,10.0,12.0,6.0,64.0,5.0,3.0,0.0,20.0,29.5,21.0,0.22,-0.6029448702243273,19.01,15.28,23.09,10.29,25.68,3.86,MODERATE,Orographic Sahyadri Elevation Gradient,Manual demo override,MANUAL_OVERRIDE,,2026-09-09,,,,NOT_REQUESTED,28.7,20.2,67.6
MH_PUNE_555251,Kolwadi,Kolwadi,Junnar,Pune,19.30474,73.89011,114.86,76.92,-3.4,667.7,53.4,587.6,747.8,3.0,213.9,10.0,12.0,6.0,64.0,5.0,3.0,0.0,20.0,29.5,21.0,0.22,-0.4427855443859704,19.28,15.36,22.85,11.35,26.05,3.76,MODERATE,Orographic Sahyadri Elevation Gradient,Manual demo override,MANUAL_OVERRIDE,,2026-09-09,,,,NOT_REQUESTED,28.7,20.2,67.7
MH_PUNE_555304,Pimpalgaon Siddhanath,Pimpalgaon Siddhanath,Junnar,Pune,19.24698,73.88162,114.76,79.79,-3.3,816.4,65.3,718.5,914.4,3.0,213.6,10.0,12.0,6.0,64.0,5.0,3.0,0.0,20.0,29.5,21.0,0.78,-0.4331240608457867,19.85,15.77,23.82,11.74,26.88,3.83,MODERATE,Orographic Sahyadri Elevation Gradient,Manual demo override,MANUAL_OVERRIDE,,2026-09-09,,,,NOT_REQUESTED,27.7,19.2,67.9
MH_PUNE_555303,Hatban,Hatban,Junnar,Pune,19.23272,73.88274,115.13,78.21,-3.3,699.1,55.9,615.3,783.0,3.0,213.7,10.0,12.0,6.0,64.0,5.0,3.0,0.0,20.0,29.5,21.0,0.22,-0.438997087680428,19.4,15.21,23.65,12.0,26.36,3.69,MODERATE,Orographic Sahyadri Elevation Gradient,Manual demo override,MANUAL_OVERRIDE,,2026-09-09,,,,NOT_REQUESTED,28.5,20.0,67.8
MH_PUNE_555240,Bhoirwadi,Bhoirwadi,Junnar,Pune,19.29922,73.92083,118.12,78.02,-4.0,691.0,55.3,608.0,773.9,3.0,215.1,10.0,12.0,6.0,64.0,5.0,3.0,0.0,20.0,29.5,21.0,0.22,-0.5111797788595268,19.05,15.17,22.47,11.82,26.0,3.56,MODERATE,Orographic Sahyadri Elevation Gradient,Manual demo override,MANUAL_OVERRIDE,,2026-09-09,,,,NOT_REQUESTED,28.6,20.1,67.6
MH_PUNE_555236,Muthalne,Muthalne,Junnar,Pune,19.33627,73.95392,121.26,74.69,-4.6,882.4,70.6,776.5,988.3,3.0,216.3,10.0,12.0,6.0,64.0,5.0,3.0,0.0,20.0,29.5,21.0,0.39,-0.5791067298983154,19.39,16.17,22.73,11.95,26.01,3.61,MODERATE,Orographic Sahyadri Elevation Gradient,Manual demo override,MANUAL_OVERRIDE,,2026-09-09,,,,NOT_REQUESTED,27.3,18.8,67.8
MH_PUNE_555237,Alu,Alu,Junnar,Pune,19.31576,73.94909,120.91,76.8,-4.5,770.2,61.6,677.8,862.6,3.0,216.1,10.0,12.0,6.0,64.0,5.0,3.0,0.0,20.0,29.5,21.0,0.72,-0.5730450713081218,19.54,15.73,23.66,11.07,26.05,3.81,MODERATE,Orographic Sahyadri Elevation Gradient,Manual demo override,MANUAL_OVERRIDE,,2026-09-09,,,,NOT_REQUESTED,28.0,19.5,67.8
MH_PUNE_555256,Pachgharwadi,Pachgharwadi,Junnar,Pune,19.33025,73.9811,124.14,76.04,-5.1,741.8,59.3,652.8,830.7,3.0,217.3,10.0,12.0,6.0,64.0,5.0,3.0,0.0,20.0,29.5,21.0,0.19,-0.6452853499031762,19.07,14.81,23.54,11.1,25.73,3.72,MODERATE,Orographic Sahyadri Elevation Gradient,Manual demo override,MANUAL_OVERRIDE,,2026-09-09,,,,NOT_REQUESTED,28.2,19.7,67.6
MH_PUNE_555253,Udapur,Udapur,Junnar,Pune,19.28266,73.95526,121.91,80.53,-4.6,681.3,54.5,599.5,763.0,3.0,216.3,10.0,12.0,6.0,64.0,5.0,3.0,0.0,20.0,29.5,21.0,0.22,-0.5994772276119715,18.97,15.46,22.39,11.14,25.24,3.64,MODERATE,Orographic Sahyadri Elevation Gradient,Manual demo override,MANUAL_OVERRIDE,,2026-09-09,,,,NOT_REQUESTED,28.6,20.1,67.6
MH_PUNE_555238,Mandarne,Mandarne,Junnar,Pune,19.3139,73.91768,117.65,76.36,-3.9,728.2,58.3,640.7,815.6,3.0,215.0,10.0,12.0,6.0,64.0,5.0,3.0,0.0,20.0,29.5,21.0,0.19,-0.5012522038176328,19.26,15.34,22.73,11.57,25.65,3.7,MODERATE,Orographic Sahyadri Elevation Gradient,Manual demo override,MANUAL_OVERRIDE,,2026-09-09,,,,NOT_REQUESTED,28.3,19.8,67.7
MH_PUNE_555259,Otur,Otur,Junnar,Pune,19.26678,73.99556,126.31,83.25,-5.3,679.9,54.4,598.3,761.5,3.0,217.8,10.0,12.0,6.0,64.0,5.0,3.0,0.0,20.0,29.5,21.0,0.22,-0.7143963789454744,19.11,15.36,22.76,11.09,26.06,3.75,MODERATE,Orographic Sahyadri Elevation Gradient,Manual demo override,MANUAL_OVERRIDE,,2026-09-09,,,,NOT_REQUESTED,28.6,20.1,67.6
MH_PUNE_555264,Khamundi,Khamundi,Junnar,Pune,19.23891,74.033,130.62,81.14,-6.0,714.4,57.2,628.6,800.2,3.0,219.2,10.0,12.0,6.0,64.0,5.0,3.0,0.0,20.0,29.5,21.0,0.18,-0.8441740004465197,18.66,14.68,22.4,11.3,25.29,3.66,MODERATE,Orographic Sahyadri Elevation Gradient,Manual demo override,MANUAL_OVERRIDE,,2026-09-09,,,,NOT_REQUESTED,28.4,19.9,67.5
MH_PUNE_555260,Tikekarwadi,Tikekarwadi,Junnar,Pune,19.24287,73.97547,124.58,80.36,-5.0,660.2,52.8,581.0,739.4,3.0,217.1,10.0,12.0,6.0,64.0,5.0,3.0,0.0,20.0,29.5,21.0,0.1,-0.6750314719543263,18.76,14.73,22.87,10.74,25.41,3.82,MODERATE,Orographic Sahyadri Elevation Gradient,Manual demo override,MANUAL_OVERRIDE,,2026-09-09,,,,NOT_REQUESTED,28.8,20.3,67.5
MH_PUNE_555268,Jambhulpad,Jambhulpad,Junnar,Pune,19.23063,74.06789,134.37,81.21,-6.6,732.7,58.6,644.8,820.6,3.0,220.5,10.0,12.0,6.0,64.0,5.0,3.0,0.0,20.0,29.5,21.0,0.18,-0.9571857603837152,18.73,14.52,22.84,10.87,25.7,3.94,MODERATE,Orographic Sahyadri Elevation Gradient,Manual demo override,MANUAL_OVERRIDE,,2026-09-09,,,,NOT_REQUESTED,28.3,19.8,67.5
MH_PUNE_555262,Dholwad,Dholwad,Junnar,Pune,19.2222,73.99125,126.56,78.39,-5.2,653.9,52.3,575.4,732.3,3.0,217.7,10.0,12.0,6.0,64.0,5.0,3.0,0.0,20.0,29.5,21.0,0.1,-0.7367861229838424,18.73,14.82,21.94,10.9,25.85,3.75,MODERATE,Orographic Sahyadri Elevation Gradient,Manual demo override,MANUAL_OVERRIDE,,2026-09-09,,,,NOT_REQUESTED,28.8,20.3,67.5
MH_PUNE_555266,Pimpri Pendhar,Pimpri Pendhar,Junnar,Pune,19.21951,74.05678,133.4,79.7,-6.4,690.0,55.2,607.2,772.8,3.0,220.1,10.0,12.0,6.0,64.0,5.0,3.0,0.0,20.0,29.5,21.0,0.22,-0.9371820246485539,18.78,14.64,22.99,11.14,25.03,3.83,MODERATE,Orographic Sahyadri Elevation Gradient,Manual demo override,MANUAL_OVERRIDE,,2026-09-09,,,,NOT_REQUESTED,28.6,20.1,67.5
MH_PUNE_555267,Gaymukhwadi,Gaymukhwadi,Junnar,Pune,19.22615,74.04241,131.8,80.01,-6.2,693.3,55.5,610.1,776.6,3.0,219.6,10.0,12.0,6.0,64.0,5.0,3.0,0.0,20.0,29.5,21.0,0.22,-0.8857725749689316,18.94,15.89,22.31,11.13,25.28,3.52,MODERATE,Orographic Sahyadri Elevation Gradient,Manual demo override,MANUAL_OVERRIDE,,2026-09-09,,,,NOT_REQUESTED,28.6,20.1,67.6
MH_PUNE_555257,Ahinavewadi,Ahinavewadi,Junnar,Pune,19.30318,73.98394,124.68,79.03,-5.1,799.1,63.9,703.2,894.9,3.0,217.4,10.0,12.0,6.0,64.0,5.0,3.0,0.0,20.0,29.5,21.0,0.72,-0.6633048907760928,19.43,15.58,23.26,11.8,26.01,3.65,MODERATE,Orographic Sahyadri Elevation Gradient,Manual demo override,MANUAL_OVERRIDE,,2026-09-09,,,,NOT_REQUESTED,27.8,19.3,67.8
MH_PUNE_555258,Rohkadi,Rohkadi,Junnar,Pune,19.29725,74.00247,126.67,80.18,-5.4,698.8,55.9,615.0,782.7,3.0,218.1,10.0,12.0,6.0,64.0,5.0,3.0,0.0,20.0,29.5,21.0,0.22,-0.714209182748321,19.03,15.45,22.68,10.88,26.1,3.73,MODERATE,Orographic Sahyadri Elevation Gradient,Manual demo override,MANUAL_OVERRIDE,,2026-09-09,,,,NOT_REQUESTED,28.5,20.0,67.6
MH_PUNE_555255,Ambe Gavhan,Ambe Gavhan,Junnar,Pune,19.32321,73.99097,125.23,77.07,-5.2,695.9,55.7,612.4,779.5,3.0,217.7,10.0,12.0,6.0,64.0,5.0,3.0,0.0,20.0,29.5,21.0,0.22,-0.6722238745271311,18.9,14.95,22.55,11.65,25.54,3.71,MODERATE,Orographic Sahyadri Elevation Gradient,Manual demo override,MANUAL_OVERRIDE,,2026-09-09,,,,NOT_REQUESTED,28.5,20.0,67.6
MH_PUNE_555233,Kopare,Kopare,Junnar,Pune,19.35496,73.88293,113.71,71.28,-3.3,1009.0,80.7,887.9,1130.0,3.0,213.7,10.0,12.0,6.0,64.0,5.0,3.0,0.0,20.0,29.5,21.0,1.8,-0.4264812930237142,20.67,17.18,24.7,12.45,27.66,3.87,MODERATE,Orographic Sahyadri Elevation Gradient,Manual demo override,MANUAL_OVERRIDE,,2026-09-09,,,,NOT_REQUESTED,26.4,17.9,68.3
MH_PUNE_555234,Jambhulshi,Jambhulshi,Junnar,Pune,19.35581,73.90133,115.63,71.48,-3.6,1171.9,93.8,1031.2,1312.6,3.0,214.3,10.0,12.0,6.0,64.0,5.0,3.0,0.0,20.0,29.5,21.0,1.8,-0.4627439642420077,20.73,16.69,24.61,13.76,27.37,3.54,MODERATE,Orographic Sahyadri Elevation Gradient,Manual demo override,MANUAL_OVERRIDE,,2026-09-09,,,,NOT_REQUESTED,25.3,16.8,68.3
MH_PUNE_555241,Sanganore,Sanganore,Junnar,Pune,19.33756,73.86171,111.59,72.94,-2.9,1109.6,88.8,976.4,1242.8,3.0,212.9,10.0,12.0,6.0,64.0,5.0,3.0,0.0,20.0,29.5,21.0,1.8,-0.38609293835297,20.93,17.21,24.58,13.01,27.69,3.82,MODERATE,Orographic Sahyadri Elevation Gradient,Manual demo override,MANUAL_OVERRIDE,,2026-09-09,,,,NOT_REQUESTED,25.7,17.2,68.4
MH_PUNE_555235,Mandave,Mandave,Junnar,Pune,19.34169,73.91358,116.99,73.24,-3.8,906.5,72.5,797.8,1015.3,3.0,214.8,10.0,12.0,6.0,64.0,5.0,3.0,0.0,20.0,29.5,21.0,0.39,-0.48884847163926437,19.27,15.23,23.01,11.23,26.28,3.79,MODERATE,Orographic Sahyadri Elevation Gradient,Manual demo override,MANUAL_OVERRIDE,,2026-09-09,,,,NOT_REQUESTED,27.1,18.6,67.7
MH_PUNE_555254,Chilhewadi,Chilhewadi,Junnar,Pune,19.34488,73.97474,123.38,74.3,-4.9,814.4,65.1,716.7,912.0,3.0,217.1,10.0,12.0,6.0,64.0,5.0,3.0,0.0,20.0,29.5,21.0,0.78,-0.6254294396876903,19.65,14.97,24.22,11.5,26.53,3.83,MODERATE,Orographic Sahyadri Elevation Gradient,Manual demo override,MANUAL_OVERRIDE,,2026-09-09,,,,NOT_REQUESTED,27.7,19.2,67.9
MH_PUNE_555269,Navalewadi,Navalewadi,Junnar,Pune,19.22109,74.08321,136.12,80.67,-6.9,726.3,58.1,639.1,813.4,3.0,221.1,10.0,12.0,6.0,64.0,5.0,3.0,0.0,20.0,29.5,21.0,0.18,-1.015624775150184,18.58,14.94,22.55,11.23,25.16,3.71,MODERATE,Orographic Sahyadri Elevation Gradient,Manual demo override,MANUAL_OVERRIDE,,2026-09-09,,,,NOT_REQUESTED,28.3,19.8,67.4
MH_PUNE_556415,Malwadi,Malwadi,Daund,Pune,18.43109,74.59336,173.24,31.29,-12.0,516.8,41.3,454.8,578.7,3.0,240.0,6.0,10.0,6.0,70.0,4.0,4.0,0.0,20.0,29.5,21.0,-2.62,-6.1008342320389755,10.72,7.15,14.55,2.92,17.26,3.62,MODERATE,Horticultural Orchard Microclimate,Manual demo override,MANUAL_OVERRIDE,,2026-09-09,,,,NOT_REQUESTED,30.0,21.5,64.3
MH_PUNE_556747,Kambare Bk,Kambare Bk,Bhor,Pune,18.22901,73.74193,83.2,35.36,-0.8,630.4,50.4,554.8,706.0,3.0,208.5,48.0,18.0,8.0,18.0,3.0,5.0,0.0,20.0,29.5,21.0,0.5,-2.714463222813559,17.31,13.65,20.76,9.41,23.9,3.8,MODERATE,Orographic Sahyadri Elevation Gradient,Manual demo override,MANUAL_OVERRIDE,,2026-09-09,,,,NOT_REQUESTED,29.0,20.5,66.9
MH_PUNE_556659,Chinchale Bk,Chinchale Bk,Velhe,Pune,18.27252,73.79311,90.4,29.25,-1.7,704.0,56.3,619.5,788.4,3.0,210.3,48.0,18.0,8.0,18.0,3.0,5.0,0.0,20.0,29.5,21.0,0.64,-3.142219575814458,17.12,12.83,20.36,9.1,23.6,3.72,MODERATE,Orographic Sahyadri Elevation Gradient,Manual demo override,MANUAL_OVERRIDE,,2026-09-09,,,,NOT_REQUESTED,28.0,19.5,66.8
MH_PUNE_555782,Bahirwadi,Bahirwadi,Khed,Pune,18.93518,73.87751,111.02,45.15,-3.2,724.6,58.0,637.6,811.6,3.0,213.5,10.0,12.0,6.0,64.0,5.0,3.0,0.0,20.0,29.5,21.0,0.73,-0.9046815221186016,19.31,14.9,23.16,11.22,25.88,3.75,MODERATE,Orographic Sahyadri Elevation Gradient,Manual demo override,MANUAL_OVERRIDE,,2026-09-09,,,,NOT_REQUESTED,28.3,19.8,67.7
MH_PUNE_556516,Parinche,Parinche,Purandhar,Pune,18.20272,74.10762,116.13,45.43,-7.3,683.3,54.7,601.2,765.3,3.0,222.0,12.0,14.0,8.0,48.0,14.0,4.0,0.0,20.0,29.5,21.0,1.64,-4.194279428549732,16.96,13.26,21.09,9.38,23.38,3.6,MODERATE,Orographic Sahyadri Elevation Gradient,Manual demo override,MANUAL_OVERRIDE,,2026-09-09,,,,NOT_REQUESTED,29.5,21.0,66.8
MH_PUNE_556931,Malshikare Wadi,Malshikare Wadi,Baramati,Pune,18.10251,74.39284,141.6,20.47,-12.0,542.8,43.4,477.7,607.9,3.0,232.5,6.0,10.0,6.0,70.0,4.0,4.0,0.0,20.0,29.5,21.0,-3.47,-6.598679792891318,9.43,4.81,13.17,1.94,16.38,3.78,MODERATE,Horticultural Orchard Microclimate,Manual demo override,MANUAL_OVERRIDE,,2026-09-09,,,,NOT_REQUESTED,29.6,21.1,63.8
MH_PUNE_556915,Dhakale,Dhakale,Baramati,Pune,18.16889,74.42249,146.46,16.77,-12.0,586.2,46.9,515.9,656.6,3.0,233.6,6.0,10.0,6.0,70.0,4.0,4.0,0.0,20.0,29.5,21.0,-6.56,-6.774171944730632,6.28,2.24,9.7,0.0,13.17,3.4,MODERATE,Horticultural Orchard Microclimate,Manual demo override,MANUAL_OVERRIDE,,2026-09-09,,,,NOT_REQUESTED,29.2,20.7,62.5
MH_PUNE_557022,Lasurne,Lasurne,Indapur,Pune,18.07793,74.76408,179.58,21.04,-12.0,521.3,41.7,458.8,583.9,3.0,246.3,6.0,10.0,6.0,70.0,4.0,4.0,0.0,20.0,29.5,21.0,-2.52,-6.79719395729969,10.16,6.54,13.58,1.58,16.91,3.73,MODERATE,Horticultural Orchard Microclimate,Manual demo override,MANUAL_OVERRIDE,,2026-09-09,,,,NOT_REQUESTED,29.7,21.2,64.1
MH_PUNE_557000,Dalaj No 1,Dalaj No 1,Indapur,Pune,18.24451,74.81753,188.94,27.2,-12.0,492.5,39.4,433.4,551.6,3.0,248.2,6.0,10.0,6.0,70.0,4.0,4.0,0.0,20.0,29.5,21.0,-2.53,-6.545122376953764,10.37,6.67,13.91,2.7,17.1,3.7,MODERATE,Horticultural Orchard Microclimate,Manual demo override,MANUAL_OVERRIDE,,2026-09-09,,,,NOT_REQUESTED,29.9,21.4,64.1
MH_PUNE_556083,Vadgaon,Vadgaon,Mulshi,Pune,18.49307,73.4918,67.55,37.99,19.8,653.3,52.3,574.8,731.7,14.0,199.2,48.0,18.0,8.0,18.0,3.0,5.0,0.0,20.0,29.5,21.0,4.54,1.2665185666427201,25.24,21.21,29.61,17.54,32.5,3.86,MODERATE,Orographic Sahyadri Elevation Gradient,Manual demo override,MANUAL_OVERRIDE,,2026-09-09,,,,NOT_REQUESTED,28.9,20.4,70.1
MH_PUNE_555893,Jambhul,Jambhul,Mawal,Pune,18.74056,73.64295,82.18,32.0,5.4,618.2,49.5,544.0,692.5,14.0,204.8,48.0,18.0,8.0,18.0,3.0,5.0,0.0,20.0,29.5,21.0,3.49,0.955436384255078,23.77,19.03,28.06,16.2,30.37,3.69,MODERATE,Orographic Sahyadri Elevation Gradient,Manual demo override,MANUAL_OVERRIDE,,2026-09-09,,,,NOT_REQUESTED,29.1,20.6,69.5
MH_PUNE_555974,Aundholi,Aundholi,Mawal,Pune,18.72161,73.46332,63.15,45.98,22.5,795.1,63.6,699.7,890.5,14.0,198.1,48.0,18.0,8.0,18.0,3.0,5.0,0.0,20.0,29.5,21.0,4.57,5.02489688973696,29.04,23.67,32.97,20.84,34.84,3.8,MODERATE,Orographic Sahyadri Elevation Gradient,Manual demo override,MANUAL_OVERRIDE,,2026-09-09,,,,NOT_REQUESTED,27.9,19.4,71.6
MH_PUNE_556136,Ambadwet,Ambadwet,Mulshi,Pune,18.56569,73.51319,68.28,35.73,17.7,701.9,56.2,617.6,786.2,14.0,200.0,48.0,18.0,8.0,18.0,3.0,5.0,0.0,20.0,29.5,21.0,4.56,2.035889241380551,26.24,21.55,30.62,19.01,33.13,3.85,MODERATE,Orographic Sahyadri Elevation Gradient,Manual demo override,MANUAL_OVERRIDE,,2026-09-09,,,,NOT_REQUESTED,28.6,20.1,70.5
MH_PUNE_556110,Chikhalgaon,Chikhalgaon,Mulshi,Pune,18.57213,73.58322,75.54,28.51,11.1,614.5,49.2,540.7,688.3,14.0,202.6,48.0,18.0,8.0,18.0,3.0,5.0,0.0,20.0,29.5,21.0,3.35,0.4885224459715689,23.44,19.16,27.81,14.8,30.94,3.89,MODERATE,Orographic Sahyadri Elevation Gradient,Manual demo override,MANUAL_OVERRIDE,,2026-09-09,,,,NOT_REQUESTED,28.8,20.3,69.4
MH_PUNE_555736,Anavale,Anavale,Khed,Pune,18.89829,73.6801,89.99,44.69,1.9,707.9,56.6,623.0,792.8,14.0,206.2,10.0,12.0,6.0,64.0,5.0,3.0,0.0,20.0,29.5,21.0,3.44,0.3950206387944058,23.52,19.64,26.96,16.27,29.95,3.59,MODERATE,Orographic Sahyadri Elevation Gradient,Manual demo override,MANUAL_OVERRIDE,,2026-09-09,,,,NOT_REQUESTED,28.5,20.0,69.4
MH_PUNE_556483,Ranamala,Ranamala,Purandhar,Pune,18.30982,74.19228,129.1,43.63,-8.9,668.8,53.5,588.6,749.1,3.0,225.1,12.0,14.0,8.0,48.0,14.0,4.0,0.0,20.0,29.5,21.0,1.88,-4.4812060240880065,16.88,12.9,21.05,9.7,23.69,3.65,MODERATE,Orographic Sahyadri Elevation Gradient,Manual demo override,MANUAL_OVERRIDE,,2026-09-09,,,,NOT_REQUESTED,29.6,21.1,66.8
MH_PUNE_556487,Walunj,Walunj,Purandhar,Pune,18.31921,74.11273,122.05,36.3,-7.4,708.1,56.7,623.1,793.2,3.0,222.2,12.0,14.0,8.0,48.0,14.0,4.0,0.0,20.0,29.5,21.0,1.88,-4.025843203753361,17.39,13.31,21.61,9.26,24.7,3.89,MODERATE,Orographic Sahyadri Elevation Gradient,Manual demo override,MANUAL_OVERRIDE,,2026-09-09,,,,NOT_REQUESTED,29.3,20.8,67.0
MH_PUNE_555565,Takali Haji,Takali Haji,Shirur,Pune,18.91462,74.24802,148.25,59.88,-9.9,585.3,46.8,515.1,655.5,3.0,227.2,6.0,10.0,6.0,70.0,4.0,4.0,0.0,20.0,29.5,21.0,-0.0,-2.3761030741577125,17.07,13.04,21.01,8.93,23.74,3.77,MODERATE,Horticultural Orchard Microclimate,Manual demo override,MANUAL_OVERRIDE,,2026-09-09,,,,NOT_REQUESTED,29.2,20.7,66.8
MH_PUNE_555263,Dumbarwadi,Dumbarwadi,Junnar,Pune,19.24345,74.01243,128.41,81.15,-5.6,688.9,55.1,606.2,771.5,3.0,218.5,10.0,12.0,6.0,64.0,5.0,3.0,0.0,20.0,29.5,21.0,0.22,-0.7798721174653535,18.88,14.77,22.65,11.64,25.52,3.68,MODERATE,Orographic Sahyadri Elevation Gradient,Manual demo override,MANUAL_OVERRIDE,,2026-09-09,,,,NOT_REQUESTED,28.6,20.1,67.6
MH_PUNE_556391,Patas,Patas,Daund,Pune,18.44041,74.46767,161.58,34.4,-12.0,543.5,43.5,478.3,608.8,3.0,235.3,6.0,10.0,6.0,70.0,4.0,4.0,0.0,20.0,29.5,21.0,-3.54,-5.6710727252125865,10.31,6.38,14.26,2.48,16.89,3.76,MODERATE,Horticultural Orchard Microclimate,Manual demo override,MANUAL_OVERRIDE,,2026-09-09,,,,NOT_REQUESTED,29.8,21.3,64.1
MH_PUNE_555276,Pimpalwandi,Pimpalwandi,Junnar,Pune,19.18054,74.06476,134.51,75.79,-6.6,648.6,51.9,570.8,726.5,3.0,220.4,10.0,12.0,6.0,64.0,5.0,3.0,0.0,20.0,29.5,21.0,0.1,-1.0167421321525896,18.57,15.18,22.41,11.47,25.6,3.63,MODERATE,Orographic Sahyadri Elevation Gradient,Manual demo override,MANUAL_OVERRIDE,,2026-09-09,,,,NOT_REQUESTED,28.8,20.3,67.4
MH_PUNE_555595,Sukrewadi,Sukrewadi,Shirur,Pune,18.78889,74.06769,127.22,36.81,-6.6,638.1,51.1,561.5,714.8,3.0,220.5,6.0,10.0,6.0,70.0,4.0,4.0,0.0,20.0,29.5,21.0,0.72,-2.610026045603899,17.8,13.59,22.49,9.95,24.32,3.75,MODERATE,Orographic Sahyadri Elevation Gradient,Manual demo override,MANUAL_OVERRIDE,,2026-09-09,,,,NOT_REQUESTED,28.9,20.4,67.1
