panchayat_id,panchayat_name,village_name,block_name,district_name,centroid_lat,centroid_lon,dist_to_coast_km,dist_to_water_km,historical_rain_bias,elevation_mean,elevation_std,elevation_min,elevation_max,slope_mean,aspect_mean,lulc_tree_pct,lulc_shrub_pct,lulc_grass_pct,lulc_crop_pct,lulc_urban_pct,lulc_water_pct,lulc_bare_pct
MH_487_551455,Mamdapur,Mamdapur,Yevla,Nashik,20.14253,74.54449,190.49,16.52,-15.0,470.7,32.9,431.2,510.1,3.2,250.9,12.0,14.0,10.0,58.0,4.0,2.0,0.0
MH_487_551429,Deshmane Bk,Deshmane Bk,Yevla,Nashik,20.05804,74.3154,165.93,20.34,-11.6,498.2,34.9,456.3,540.0,3.2,241.2,12.0,14.0,10.0,58.0,4.0,2.0,0.0
MH_487_551428,Jaulke,Jaulke,Yevla,Nashik,20.08183,74.34169,168.83,18.88,-12.2,495.0,34.6,453.5,536.5,3.2,242.4,12.0,14.0,10.0,58.0,4.0,2.0,0.0
MH_487_551098,Bhavli Kh,Bhavli Kh,Igatpuri,Nashik,19.64294,73.59913,88.0,33.81,37.0,774.5,54.2,709.4,839.5,14.5,211.2,52.0,18.0,8.0,16.0,2.0,4.0,0.0
MH_487_551093,Pimpri Sadroddin,Pimpri Sadroddin,Igatpuri,Nashik,19.67517,73.55401,84.73,29.55,42.4,803.0,56.2,735.5,870.4,14.5,209.3,52.0,18.0,8.0,16.0,2.0,4.0,0.0
MH_487_551094,Fangul Gavhan,Fangul Gavhan,Igatpuri,Nashik,19.65585,73.56094,84.67,31.76,41.8,797.9,55.9,730.9,865.0,14.5,209.6,52.0,18.0,8.0,16.0,2.0,4.0,0.0
MH_487_551092,Nandgaonsado,Nandgaonsado,Igatpuri,Nashik,19.66435,73.58612,87.47,31.21,38.8,783.2,54.8,717.5,849.0,14.5,210.6,52.0,18.0,8.0,16.0,2.0,4.0,0.0
MH_487_551097,Manwede,Manwede,Igatpuri,Nashik,19.63078,73.58948,86.63,34.94,38.3,779.7,54.6,714.2,845.2,14.5,210.8,52.0,18.0,8.0,16.0,2.0,4.0,0.0
MH_487_551095,Borli,Borli,Igatpuri,Nashik,19.63276,73.57183,84.93,34.44,40.6,790.4,55.3,724.0,856.7,14.5,210.0,52.0,18.0,8.0,16.0,2.0,4.0,0.0
MH_487_551104,Jamunde,Jamunde,Igatpuri,Nashik,19.61161,73.59493,86.58,37.14,37.6,775.6,54.3,710.4,840.7,14.5,211.0,52.0,18.0,8.0,16.0,2.0,4.0,0.0
MH_487_551091,Taloshi,Taloshi,Igatpuri,Nashik,19.67421,73.60656,89.85,30.62,35.9,771.4,54.0,706.6,836.2,14.5,211.5,52.0,18.0,8.0,16.0,2.0,4.0,0.0
MH_487_551103,Gavhande,Gavhande,Igatpuri,Nashik,19.62776,73.61304,88.9,35.79,34.9,765.4,53.6,701.1,829.7,14.5,211.7,52.0,18.0,8.0,16.0,2.0,4.0,0.0
MH_487_551090,Talogha,Talogha,Igatpuri,Nashik,19.67789,73.62255,91.57,30.71,33.3,762.0,53.3,698.0,825.9,14.5,212.1,52.0,18.0,8.0,16.0,2.0,4.0,0.0
MH_487_551096,Waghyachiwadi,Waghyachiwadi,Igatpuri,Nashik,19.62456,73.57243,84.72,35.36,40.5,789.6,55.3,723.3,856.0,14.5,210.0,52.0,18.0,8.0,16.0,2.0,4.0,0.0
MH_487_551105,Kurungwadi,Kurungwadi,Igatpuri,Nashik,19.60888,73.62907,89.95,38.25,32.2,755.0,52.8,691.6,818.3,14.5,212.4,52.0,18.0,8.0,16.0,2.0,4.0,0.0
MH_487_551099,Kaluste,Kaluste,Igatpuri,Nashik,19.65201,73.63224,91.61,33.76,31.7,755.0,52.8,691.6,818.4,14.5,212.6,52.0,18.0,8.0,16.0,2.0,4.0,0.0
MH_487_551102,Nirpan,Nirpan,Igatpuri,Nashik,19.63783,73.65177,93.1,35.93,3.3,742.6,52.0,680.2,805.0,14.5,213.4,52.0,18.0,8.0,16.0,2.0,4.0,0.0
MH_487_551100,Bharwaj,Bharwaj,Igatpuri,Nashik,19.66025,73.65508,94.17,33.75,3.3,741.7,51.9,679.4,803.9,14.5,213.5,52.0,18.0,8.0,16.0,2.0,4.0,0.0
MH_487_551101,Manjargaon,Manjargaon,Igatpuri,Nashik,19.65782,73.67119,95.69,34.68,2.9,731.9,51.2,670.5,793.3,14.5,214.2,52.0,18.0,8.0,16.0,2.0,4.0,0.0
MH_487_551106,Ambewadi,Ambewadi,Igatpuri,Nashik,19.61169,73.6675,93.92,39.24,3.0,732.0,51.2,670.6,793.5,14.5,214.0,52.0,18.0,8.0,16.0,2.0,4.0,0.0
MH_487_551107,Khadked,Khadked,Igatpuri,Nashik,19.61785,73.69353,96.73,39.7,2.4,716.7,50.2,656.4,776.9,14.5,215.1,52.0,18.0,8.0,16.0,2.0,4.0,0.0
MH_487_551125,Kanadwadi,Kanadwadi,Igatpuri,Nashik,19.64879,73.68956,97.24,36.43,2.5,720.5,50.4,660.0,780.9,14.5,215.0,52.0,18.0,8.0,16.0,2.0,4.0,0.0
MH_487_551108,Indore,Indore,Igatpuri,Nashik,19.62467,73.71219,98.82,39.91,2.0,705.8,49.4,646.5,765.1,14.5,215.9,52.0,18.0,8.0,16.0,2.0,4.0,0.0
MH_487_551124,Pardeshiwadi,Pardeshiwadi,Igatpuri,Nashik,19.67419,73.69114,98.24,34.03,2.4,720.7,50.4,660.2,781.1,14.5,215.0,52.0,18.0,8.0,16.0,2.0,4.0,0.0
MH_487_551138,Ramnagar,Ramnagar,Igatpuri,Nashik,19.6336,73.75313,103.21,39.82,1.1,681.6,47.7,624.4,738.9,14.5,217.6,52.0,18.0,8.0,16.0,2.0,4.0,0.0
MH_487_551134,Sonoshi,Sonoshi,Igatpuri,Nashik,19.65626,73.77528,106.11,37.14,0.6,669.4,46.9,613.1,725.6,14.5,218.6,52.0,18.0,8.0,16.0,2.0,4.0,0.0
MH_487_551133,Maidara Dhanoshi,Maidara Dhanoshi,Igatpuri,Nashik,19.67449,73.78941,108.08,35.08,0.2,661.7,46.3,606.1,717.3,14.5,219.2,52.0,18.0,8.0,16.0,2.0,4.0,0.0
MH_487_551137,Wasali,Wasali,Igatpuri,Nashik,19.63739,73.73714,101.7,39.6,1.4,691.4,48.4,633.3,749.5,14.5,217.0,52.0,18.0,8.0,16.0,2.0,4.0,0.0
MH_487_551135,Barshingave,Barshingave,Igatpuri,Nashik,19.65344,73.75663,104.14,37.59,1.0,680.4,47.6,623.3,737.5,14.5,217.8,52.0,18.0,8.0,16.0,2.0,4.0,0.0
MH_487_551126,Khed,Khed,Igatpuri,Nashik,19.66018,73.71128,99.78,36.44,2.0,707.9,49.6,648.4,767.5,14.5,215.9,52.0,18.0,8.0,16.0,2.0,4.0,0.0
MH_487_551127,Adharwad,Adharwad,Igatpuri,Nashik,19.68402,73.73472,102.91,34.51,1.5,695.0,48.6,636.6,753.3,14.5,216.9,52.0,18.0,8.0,16.0,2.0,4.0,0.0
MH_487_551089,Avachitwadi,Avachitwadi,Igatpuri,Nashik,19.67735,73.6445,93.72,31.57,29.6,748.8,52.4,685.9,811.7,14.5,213.1,52.0,18.0,8.0,16.0,2.0,4.0,0.0
MH_487_551136,Rahulnagar,Rahulnagar,Igatpuri,Nashik,19.65539,73.74719,103.25,37.48,1.2,686.2,48.0,628.6,743.8,14.5,217.4,52.0,18.0,8.0,16.0,2.0,4.0,0.0
MH_487_550859,Mulvad,Mulvad,Trimbakeshwar,Nashik,20.07584,73.28617,59.29,29.62,18.0,981.7,68.7,899.3,1064.1,14.5,198.0,52.0,18.0,8.0,16.0,2.0,4.0,0.0
MH_487_550855,Berwal,Berwal,Trimbakeshwar,Nashik,20.11415,73.31123,62.8,29.96,22.1,968.4,67.8,887.0,1049.8,14.5,199.1,52.0,18.0,8.0,16.0,2.0,4.0,0.0
MH_487_550854,Ozar Khed,Ozar Khed,Trimbakeshwar,Nashik,20.12497,73.26692,58.67,34.33,15.2,995.5,69.7,911.8,1079.1,14.5,197.2,52.0,18.0,8.0,16.0,2.0,4.0,0.0
MH_487_550853,Kadegahan,Kadegahan,Trimbakeshwar,Nashik,20.13861,73.28455,60.88,33.84,17.8,985.5,69.0,902.7,1068.3,14.5,198.0,52.0,18.0,8.0,16.0,2.0,4.0,0.0
MH_487_550864,Rayate,Rayate,Trimbakeshwar,Nashik,20.07545,73.32335,63.09,26.33,24.1,959.4,67.2,878.7,1040.0,14.5,199.6,52.0,18.0,8.0,16.0,2.0,4.0,0.0
MH_487_550874,Vatakapada,Vatakapada,Trimbakeshwar,Nashik,20.05276,73.34046,64.44,23.44,27.0,948.1,66.4,868.4,1027.8,14.5,200.3,52.0,18.0,8.0,16.0,2.0,4.0,0.0
MH_487_550873,Bhagohol,Bhagohol,Trimbakeshwar,Nashik,20.0717,73.34739,65.49,24.05,28.2,944.8,66.1,865.5,1024.1,14.5,200.6,52.0,18.0,8.0,16.0,2.0,4.0,0.0
MH_487_550865,Bhutmokhada,Bhutmokhada,Trimbakeshwar,Nashik,20.08388,73.34739,65.73,24.9,28.2,945.3,66.2,865.9,1024.8,14.5,200.6,52.0,18.0,8.0,16.0,2.0,4.0,0.0
MH_487_550871,Gavatha,Gavatha,Trimbakeshwar,Nashik,20.06168,73.39725,70.45,19.38,36.4,914.4,64.0,837.6,991.2,14.5,202.7,52.0,18.0,8.0,16.0,2.0,4.0,0.0
MH_487_550866,Kotambi Harsul,Kotambi Harsul,Trimbakeshwar,Nashik,20.10677,73.36093,67.64,25.61,30.6,938.2,65.7,859.4,1017.1,14.5,201.2,52.0,18.0,8.0,16.0,2.0,4.0,0.0
MH_487_550872,Murambi,Murambi,Trimbakeshwar,Nashik,20.06012,73.37138,67.76,21.29,32.3,929.9,65.1,851.8,1008.0,14.5,201.6,52.0,18.0,8.0,16.0,2.0,4.0,0.0
MH_487_550870,Rautmal,Rautmal,Trimbakeshwar,Nashik,20.07375,73.39979,70.92,20.16,36.8,913.4,63.9,836.8,990.1,14.5,202.8,52.0,18.0,8.0,16.0,2.0,4.0,0.0
MH_487_550849,Hatlondhi,Hatlondhi,Trimbakeshwar,Nashik,20.13195,73.37559,69.8,26.75,33.0,930.6,65.1,852.5,1008.7,14.5,201.8,52.0,18.0,8.0,16.0,2.0,4.0,0.0
MH_487_550867,Kalamuste,Kalamuste,Trimbakeshwar,Nashik,20.1004,73.3795,69.38,23.78,33.7,926.8,64.9,848.9,1004.7,14.5,201.9,52.0,18.0,8.0,16.0,2.0,4.0,0.0
MH_487_550868,Shirasgaon,Shirasgaon,Trimbakeshwar,Nashik,20.09034,73.38466,69.69,22.58,34.5,923.3,64.6,845.7,1000.8,14.5,202.2,52.0,18.0,8.0,16.0,2.0,4.0,0.0
MH_487_550875,Deola,Deola,Trimbakeshwar,Nashik,20.03693,73.38935,69.29,18.23,35.2,918.1,64.3,840.9,995.2,14.5,202.4,52.0,18.0,8.0,16.0,2.0,4.0,0.0
MH_487_550850,Rajivnagar,Rajivnagar,Trimbakeshwar,Nashik,20.12794,73.37462,69.59,26.46,32.9,931.0,65.2,852.7,1009.2,14.5,201.7,52.0,18.0,8.0,16.0,2.0,4.0,0.0
MH_487_550856,Garmal,Garmal,Trimbakeshwar,Nashik,20.10853,73.29137,60.63,31.19,18.8,980.1,68.6,897.7,1062.4,14.5,198.2,52.0,18.0,8.0,16.0,2.0,4.0,0.0
MH_487_550857,Koulpondha,Koulpondha,Trimbakeshwar,Nashik,20.10641,73.30695,62.15,29.76,21.4,970.6,67.9,889.1,1052.1,14.5,198.9,52.0,18.0,8.0,16.0,2.0,4.0,0.0
MH_487_550858,Ghytipada,Ghytipada,Trimbakeshwar,Nashik,20.10694,73.32082,63.57,28.67,23.7,962.3,67.4,881.4,1043.2,14.5,199.5,52.0,18.0,8.0,16.0,2.0,4.0,0.0
MH_487_550863,Karanj Jali,Karanj Jali,Trimbakeshwar,Nashik,20.06466,73.29449,59.91,28.24,19.3,976.2,68.3,894.3,1058.2,14.5,198.4,52.0,18.0,8.0,16.0,2.0,4.0,0.0
MH_487_550862,Chourapada,Chourapada,Trimbakeshwar,Nashik,20.06971,73.29307,59.86,28.65,19.1,977.3,68.4,895.2,1059.4,14.5,198.3,52.0,18.0,8.0,16.0,2.0,4.0,0.0
MH_487_550860,Savarvada,Savarvada,Trimbakeshwar,Nashik,20.07769,73.30071,60.81,28.43,20.3,973.1,68.1,891.3,1054.8,14.5,198.6,52.0,18.0,8.0,16.0,2.0,4.0,0.0
MH_487_550824,Chinch Ohol,Chinch Ohol,Trimbakeshwar,Nashik,20.14602,73.35451,68.1,29.34,29.5,943.9,66.1,864.5,1023.2,14.5,200.9,52.0,18.0,8.0,16.0,2.0,4.0,0.0
MH_487_550921,Harshewadi,Harshewadi,Trimbakeshwar,Nashik,19.90902,73.45148,75.72,8.9,42.9,875.0,61.3,801.5,948.6,14.5,205.0,52.0,18.0,8.0,16.0,2.0,4.0,0.0
MH_487_550936,Met Chandrachi,Met Chandrachi,Trimbakeshwar,Nashik,19.85746,73.42948,74.19,13.95,40.7,885.9,62.0,811.5,960.3,14.5,204.0,52.0,18.0,8.0,16.0,2.0,4.0,0.0
MH_487_551028,Karhole,Karhole,Igatpuri,Nashik,19.79599,73.58303,91.27,16.95,39.2,791.0,55.4,724.5,857.5,14.5,210.5,52.0,18.0,8.0,16.0,2.0,4.0,0.0
MH_487_550925,Take Harsha,Take Harsha,Trimbakeshwar,Nashik,19.88808,73.45259,76.08,9.94,43.0,873.4,61.1,800.1,946.7,14.5,205.0,52.0,18.0,8.0,16.0,2.0,4.0,0.0
MH_487_550935,Avhate,Avhate,Trimbakeshwar,Nashik,19.86152,73.4614,77.41,11.3,43.7,866.9,60.7,794.1,939.8,14.5,205.4,52.0,18.0,8.0,16.0,2.0,4.0,0.0
MH_487_550937,Met Humbhachi,Met Humbhachi,Trimbakeshwar,Nashik,19.83761,73.43063,74.72,15.41,40.9,884.3,61.9,810.0,958.6,14.5,204.1,52.0,18.0,8.0,16.0,2.0,4.0,0.0
MH_487_550927,Zarwad Kh,Zarwad Kh,Trimbakeshwar,Nashik,19.89469,73.48984,79.87,6.56,44.9,851.4,59.6,779.8,922.9,14.5,206.6,52.0,18.0,8.0,16.0,2.0,4.0,0.0
MH_487_550934,Aswaliharsha,Aswaliharsha,Trimbakeshwar,Nashik,19.87036,73.48919,80.14,8.84,44.9,850.7,59.5,779.3,922.1,14.5,206.5,52.0,18.0,8.0,16.0,2.0,4.0,0.0
MH_487_550939,Alwand,Alwand,Trimbakeshwar,Nashik,19.8438,73.48423,80.09,11.72,44.8,852.4,59.7,780.8,924.1,14.5,206.3,52.0,18.0,8.0,16.0,2.0,4.0,0.0
MH_487_550938,Deogaon,Deogaon,Trimbakeshwar,Nashik,19.82135,73.45411,77.49,15.4,43.1,869.5,60.9,796.4,942.6,14.5,205.1,52.0,18.0,8.0,16.0,2.0,4.0,0.0
MH_487_550943,Take Deogaon,Take Deogaon,Trimbakeshwar,Nashik,19.78477,73.4716,80.24,18.31,44.3,857.4,60.0,785.4,929.4,14.5,205.8,52.0,18.0,8.0,16.0,2.0,4.0,0.0
MH_487_550942,Vaviharsha,Vaviharsha,Trimbakeshwar,Nashik,19.81264,73.48915,81.28,14.79,44.9,848.1,59.4,776.8,919.4,14.5,206.5,52.0,18.0,8.0,16.0,2.0,4.0,0.0
MH_487_550941,Zarwad Bk,Zarwad Bk,Trimbakeshwar,Nashik,19.8262,73.51028,83.14,12.82,44.9,836.0,58.5,765.8,906.2,14.5,207.4,52.0,18.0,8.0,16.0,2.0,4.0,0.0
MH_487_550940,Dapure,Dapure,Trimbakeshwar,Nashik,19.8481,73.51685,83.37,10.31,44.7,833.1,58.3,763.1,903.0,14.5,207.7,52.0,18.0,8.0,16.0,2.0,4.0,0.0
MH_487_550932,Kharoli,Kharoli,Trimbakeshwar,Nashik,19.87329,73.53403,84.74,7.43,44.0,823.9,57.7,754.6,893.1,14.5,208.4,52.0,18.0,8.0,16.0,2.0,4.0,0.0
MH_487_550933,Samundi,Samundi,Trimbakeshwar,Nashik,19.87715,73.5083,82.02,7.35,44.9,839.5,58.8,768.9,910.1,14.5,207.3,52.0,18.0,8.0,16.0,2.0,4.0,0.0
MH_487_550928,Dhadoshi,Dhadoshi,Trimbakeshwar,Nashik,19.89419,73.51669,82.67,5.28,44.8,835.2,58.5,765.0,905.4,14.5,207.7,52.0,18.0,8.0,16.0,2.0,4.0,0.0
MH_487_550929,Kojoli,Kojoli,Trimbakeshwar,Nashik,19.88558,73.53397,84.57,6.07,44.0,824.5,57.7,755.2,893.7,14.5,208.4,52.0,18.0,8.0,16.0,2.0,4.0,0.0
MH_487_550930,Bhilmal,Bhilmal,Trimbakeshwar,Nashik,19.90266,73.54729,85.76,4.53,43.0,817.2,57.2,748.6,885.9,14.5,209.0,52.0,18.0,8.0,16.0,2.0,4.0,0.0
MH_487_551031,Ondli,Ondli,Igatpuri,Nashik,19.8015,73.55031,87.8,15.55,42.8,810.9,56.8,742.7,879.0,14.5,209.1,52.0,18.0,8.0,16.0,2.0,4.0,0.0
MH_487_550931,Pahine,Pahine,Trimbakeshwar,Nashik,19.89143,73.56209,87.42,6.36,41.7,807.9,56.6,739.9,875.8,14.5,209.6,52.0,18.0,8.0,16.0,2.0,4.0,0.0
MH_487_550916,Trimbakeshwar,Trimbakeshwar,Trimbakeshwar,Nashik,19.9174,73.53813,84.67,2.65,43.7,823.4,57.6,754.3,892.5,14.5,208.6,52.0,18.0,8.0,16.0,2.0,4.0,0.0
MH_487_550924,Mulegaon,Mulegaon,Trimbakeshwar,Nashik,19.90114,73.6063,91.92,9.07,35.9,781.8,54.7,716.1,847.4,14.5,211.5,52.0,18.0,8.0,16.0,2.0,4.0,0.0
MH_487_551033,Dhargaon,Dhargaon,Igatpuri,Nashik,19.78526,73.51028,84.14,17.33,44.9,834.2,58.4,764.1,904.2,14.5,207.4,52.0,18.0,8.0,16.0,2.0,4.0,0.0
MH_487_551022,Mhasurli,Mhasurli,Igatpuri,Nashik,19.82896,73.53442,85.56,12.36,43.9,821.7,57.5,752.7,890.7,14.5,208.4,52.0,18.0,8.0,16.0,2.0,4.0,0.0
MH_487_551032,Nagosali,Nagosali,Igatpuri,Nashik,19.80611,73.53443,86.06,14.9,43.9,820.6,57.4,751.7,889.5,14.5,208.4,52.0,18.0,8.0,16.0,2.0,4.0,0.0
MH_487_551034,Walvihir,Walvihir,Igatpuri,Nashik,19.76851,73.53687,87.3,19.08,43.8,817.5,57.2,748.8,886.1,14.5,208.5,52.0,18.0,8.0,16.0,2.0,4.0,0.0
MH_487_551078,Tringalwadi,Tringalwadi,Igatpuri,Nashik,19.73626,73.54626,86.67,22.72,43.1,810.4,56.7,742.3,878.4,14.5,208.9,52.0,18.0,8.0,16.0,2.0,4.0,0.0
MH_487_551083,Chinchale Khair,Chinchale Khair,Igatpuri,Nashik,19.72306,73.50706,82.33,24.24,45.0,833.3,58.3,763.3,903.3,14.5,207.3,52.0,18.0,8.0,16.0,2.0,4.0,0.0
MH_487_551080,Balayduri,Balayduri,Igatpuri,Nashik,19.71504,73.59069,89.95,25.81,38.2,782.8,54.8,717.0,848.5,14.5,210.8,52.0,18.0,8.0,16.0,2.0,4.0,0.0
MH_487_551084,Awal Khed,Awal Khed,Igatpuri,Nashik,19.71743,73.53084,84.32,24.75,44.2,818.8,57.3,750.0,887.5,14.5,208.3,52.0,18.0,8.0,16.0,2.0,4.0,0.0
MH_487_551079,Pardevi,Pardevi,Igatpuri,Nashik,19.72028,73.5766,88.82,24.91,40.0,791.5,55.4,725.0,857.9,14.5,210.2,52.0,18.0,8.0,16.0,2.0,4.0,0.0
MH_487_251445,Igatpuri,Igatpuri,Central,Nashik,19.69771,73.55966,86.21,27.12,41.9,800.6,56.0,733.4,867.8,14.5,209.5,12.0,14.0,10.0,58.0,4.0,2.0,0.0
MH_487_551085,Titoli,Titoli,Igatpuri,Nashik,19.69303,73.58816,88.78,28.13,38.5,783.3,54.8,717.5,849.1,14.5,210.7,52.0,18.0,8.0,16.0,2.0,4.0,0.0
MH_487_551087,Bortembhe,Bortembhe,Igatpuri,Nashik,19.69638,73.60519,90.58,28.21,36.1,773.2,54.1,708.3,838.1,14.5,211.4,52.0,18.0,8.0,16.0,2.0,4.0,0.0
MH_487_551086,Takeghoti,Takeghoti,Igatpuri,Nashik,19.7072,73.60084,90.6,26.93,36.7,776.3,54.3,711.2,841.5,14.5,211.2,52.0,18.0,8.0,16.0,2.0,4.0,0.0
MH_487_551077,Adwan,Adwan,Igatpuri,Nashik,19.73242,73.59648,91.27,24.11,37.4,780.1,54.6,714.5,845.6,14.5,211.1,52.0,18.0,8.0,16.0,2.0,4.0,0.0
MH_487_551038,Pimpalgaon Bhatata,Pimpalgaon Bhatata,Igatpuri,Nashik,19.75437,73.57241,90.01,21.11,40.5,795.5,55.7,728.7,862.3,14.5,210.0,52.0,18.0,8.0,16.0,2.0,4.0,0.0
MH_487_551040,Dharnoli,Dharnoli,Igatpuri,Nashik,19.74555,73.59092,91.34,22.54,38.1,784.0,54.9,718.1,849.9,14.5,210.8,52.0,18.0,8.0,16.0,2.0,4.0,0.0
MH_487_551035,Bhavli Bk,Bhavli Bk,Igatpuri,Nashik,19.77851,73.57156,90.54,18.48,40.6,797.1,55.8,730.1,864.1,14.5,210.0,52.0,18.0,8.0,16.0,2.0,4.0,0.0
MH_487_551030,Saturli,Saturli,Igatpuri,Nashik,19.8029,73.56461,89.23,15.67,41.4,802.4,56.2,734.9,869.8,14.5,209.7,52.0,18.0,8.0,16.0,2.0,4.0,0.0
MH_487_551029,Awali Dumala,Awali Dumala,Igatpuri,Nashik,19.80289,73.57365,90.15,15.91,40.4,796.9,55.8,730.0,863.9,14.5,210.1,52.0,18.0,8.0,16.0,2.0,4.0,0.0
MH_487_551037,Korapgaon,Korapgaon,Igatpuri,Nashik,19.76813,73.58649,92.0,20.0,38.7,787.7,55.1,721.6,853.8,14.5,210.6,52.0,18.0,8.0,16.0,2.0,4.0,0.0
MH_487_551039,Kurnoli,Kurnoli,Igatpuri,Nashik,19.7581,73.60056,92.84,21.53,36.8,778.8,54.5,713.4,844.2,14.5,211.2,52.0,18.0,8.0,16.0,2.0,4.0,0.0
MH_487_551064,Waki,Waki,Igatpuri,Nashik,19.7477,73.6173,93.95,23.25,34.2,768.3,53.8,703.7,832.8,14.5,211.9,52.0,18.0,8.0,16.0,2.0,4.0,0.0
MH_487_551063,Biturli,Biturli,Igatpuri,Nashik,19.7625,73.6185,94.75,21.8,34.0,768.2,53.8,703.7,832.8,14.5,212.0,52.0,18.0,8.0,16.0,2.0,4.0,0.0
MH_487_551027,Rayambe,Rayambe,Igatpuri,Nashik,19.78947,73.59802,92.96,18.19,37.1,781.7,54.7,716.1,847.4,14.5,211.1,52.0,18.0,8.0,16.0,2.0,4.0,0.0
MH_487_551025,Ahurli,Ahurli,Igatpuri,Nashik,19.82231,73.58279,90.67,14.2,39.2,792.3,55.5,725.7,858.9,14.5,210.5,52.0,18.0,8.0,16.0,2.0,4.0,0.0
MH_487_551026,Nandadgaon,Nandadgaon,Igatpuri,Nashik,19.81822,73.5944,91.94,15.12,37.7,785.2,55.0,719.2,851.2,14.5,211.0,52.0,18.0,8.0,16.0,2.0,4.0,0.0
MH_487_551036,Kawanai,Kawanai,Igatpuri,Nashik,19.78905,73.61934,95.15,19.21,33.8,768.9,53.8,704.3,833.5,14.5,212.0,52.0,18.0,8.0,16.0,2.0,4.0,0.0
MH_487_551024,Wanjole,Wanjole,Igatpuri,Nashik,19.83167,73.57111,89.28,12.79,40.7,799.8,56.0,732.6,867.0,14.5,210.0,52.0,18.0,8.0,16.0,2.0,4.0,0.0
MH_487_551041,Kusegaon,Kusegaon,Igatpuri,Nashik,19.86674,73.57807,89.4,9.57,39.8,797.2,55.8,730.2,864.1,14.5,210.3,52.0,18.0,8.0,16.0,2.0,4.0,0.0
MH_487_551042,Shirsate,Shirsate,Igatpuri,Nashik,19.8654,73.6043,92.14,11.36,36.2,781.4,54.7,715.7,847.0,14.5,211.4,52.0,18.0,8.0,16.0,2.0,4.0,0.0
MH_487_551043,Modale,Modale,Igatpuri,Nashik,19.85848,73.62139,94.01,13.17,33.5,770.8,54.0,706.0,835.6,14.5,212.1,52.0,18.0,8.0,16.0,2.0,4.0,0.0
MH_487_551052,Sanjegaon,Sanjegaon,Igatpuri,Nashik,19.82806,73.61544,93.91,15.32,34.5,773.0,54.1,708.1,837.9,14.5,211.8,52.0,18.0,8.0,16.0,2.0,4.0,0.0
MH_487_550926,Dahalewadi,Dahalewadi,Trimbakeshwar,Nashik,19.89782,73.45729,76.45,8.93,43.4,871.0,61.0,797.8,944.2,14.5,205.2,52.0,18.0,8.0,16.0,2.0,4.0,0.0
MH_487_550944,Met Yelyachi,Met Yelyachi,Trimbakeshwar,Nashik,19.76649,73.46382,80.01,20.5,43.8,861.2,60.3,788.8,933.6,14.5,205.5,52.0,18.0,8.0,16.0,2.0,4.0,0.0
MH_487_550991,Ambebahula,Ambebahula,Nashik,Nashik,19.8875,73.72808,104.74,13.11,1.6,708.1,49.6,648.6,767.6,14.5,216.6,8.0,6.0,4.0,72.0,6.0,4.0,0.0
MH_487_550989,Dahegaon,Dahegaon,Nashik,Nashik,19.89501,73.64883,96.41,13.39,28.9,756.0,52.9,692.5,819.5,14.5,213.3,8.0,6.0,4.0,72.0,6.0,4.0,0.0
MH_487_550985,Pimplad Nashik,Pimplad Nashik,Nashik,Nashik,19.91426,73.68373,99.88,13.94,2.6,735.9,51.5,674.1,797.7,14.5,214.7,8.0,6.0,4.0,72.0,6.0,4.0,0.0
MH_487_550987,Rajur Bahula,Rajur Bahula,Nashik,Nashik,19.90886,73.71099,102.77,12.23,2.0,719.3,50.4,658.8,779.8,14.5,215.9,8.0,6.0,4.0,72.0,6.0,4.0,0.0
MH_487_550990,Gaulane,Gaulane,Nashik,Nashik,19.89749,73.75443,107.39,10.94,1.0,692.7,48.5,634.5,750.9,14.5,217.7,8.0,6.0,4.0,72.0,6.0,4.0,0.0
MH_487_551017,Vanjarwadi,Vanjarwadi,Nashik,Nashik,19.82771,73.77669,110.58,18.1,0.5,676.2,47.3,619.5,733.0,14.5,218.6,8.0,6.0,4.0,72.0,6.0,4.0,0.0
MH_487_551016,Lohshingve,Lohshingve,Nashik,Nashik,19.83356,73.79513,112.39,17.4,0.1,665.4,46.6,609.5,721.4,14.5,219.4,8.0,6.0,4.0,72.0,6.0,4.0,0.0
MH_487_551015,Lahvit,Lahvit,Nashik,Nashik,19.84184,73.82438,115.3,16.86,-0.5,557.1,39.0,510.3,603.9,3.2,220.6,8.0,6.0,4.0,72.0,6.0,4.0,0.0
MH_487_551014,Bhagur Rural,Bhagur Rural,Nashik,Nashik,19.85972,73.83992,116.68,15.4,-0.9,555.2,38.9,508.5,601.9,3.2,221.3,8.0,6.0,4.0,72.0,6.0,4.0,0.0
MH_487_551054,Mundegaon,Mundegaon,Igatpuri,Nashik,19.77727,73.65185,98.61,22.13,3.3,748.9,52.4,686.0,811.7,14.5,213.4,52.0,18.0,8.0,16.0,2.0,4.0,0.0
MH_487_277292,Deolali,Deolali,Central,Nashik,19.88176,73.79133,111.38,12.04,0.2,669.9,46.9,613.6,726.2,14.5,219.2,12.0,14.0,10.0,58.0,4.0,2.0,0.0
MH_487_551081,Senvad Bk,Senvad Bk,Igatpuri,Nashik,19.68921,73.66121,95.8,31.08,3.1,739.3,51.8,677.1,801.4,14.5,213.8,52.0,18.0,8.0,16.0,2.0,4.0,0.0
MH_487_551082,Khairgaon,Khairgaon,Igatpuri,Nashik,19.70456,73.66773,97.03,29.88,3.0,736.1,51.5,674.3,797.9,14.5,214.0,52.0,18.0,8.0,16.0,2.0,4.0,0.0
MH_487_551076,Deole,Deole,Igatpuri,Nashik,19.72007,73.65409,96.31,27.69,3.3,744.9,52.1,682.4,807.5,14.5,213.5,52.0,18.0,8.0,16.0,2.0,4.0,0.0
MH_487_551088,Kanchangaon,Kanchangaon,Igatpuri,Nashik,19.68884,73.64077,93.77,30.24,30.3,751.5,52.6,688.4,814.7,14.5,212.9,52.0,18.0,8.0,16.0,2.0,4.0,0.0
MH_487_551065,Khambale,Khambale,Igatpuri,Nashik,19.73286,73.6316,94.67,25.37,31.8,759.0,53.1,695.3,822.7,14.5,212.5,52.0,18.0,8.0,16.0,2.0,4.0,0.0
MH_487_551053,Manik Khamb,Manik Khamb,Igatpuri,Nashik,19.75504,73.63937,96.39,23.53,30.5,755.4,52.9,691.9,818.8,14.5,212.9,52.0,18.0,8.0,16.0,2.0,4.0,0.0
MH_487_551051,Mukane,Mukane,Igatpuri,Nashik,19.80395,73.64935,97.89,19.61,28.8,751.6,52.6,688.4,814.7,14.5,213.3,52.0,18.0,8.0,16.0,2.0,4.0,0.0
MH_487_551068,Waghere,Waghere,Igatpuri,Nashik,19.76492,73.68549,101.25,25.37,2.6,728.1,51.0,666.9,789.3,14.5,214.8,52.0,18.0,8.0,16.0,2.0,4.0,0.0
MH_487_551070,Garudeshwar,Garudeshwar,Igatpuri,Nashik,19.77387,73.70116,103.15,25.72,2.2,719.1,50.3,658.8,779.5,14.5,215.4,52.0,18.0,8.0,16.0,2.0,4.0,0.0
MH_487_551071,Malunje,Malunje,Igatpuri,Nashik,19.76108,73.72064,104.47,26.47,1.8,706.9,49.5,647.5,766.3,14.5,216.3,52.0,18.0,8.0,16.0,2.0,4.0,0.0
MH_487_551074,Somaj,Somaj,Igatpuri,Nashik,19.74584,73.69381,101.23,27.56,2.4,722.3,50.6,661.6,783.0,14.5,215.1,52.0,18.0,8.0,16.0,2.0,4.0,0.0
MH_487_551073,Mogare,Mogare,Igatpuri,Nashik,19.7437,73.70678,102.4,28.61,2.1,714.4,50.0,654.4,774.4,14.5,215.7,52.0,18.0,8.0,16.0,2.0,4.0,0.0
MH_487_551072,Samnere,Samnere,Igatpuri,Nashik,19.74554,73.729,104.64,27.92,1.6,701.2,49.1,642.2,760.1,14.5,216.6,52.0,18.0,8.0,16.0,2.0,4.0,0.0
MH_487_551069,Senvad Kh,Senvad Kh,Igatpuri,Nashik,19.78666,73.69454,102.9,24.22,2.4,723.7,50.7,662.8,784.5,14.5,215.2,52.0,18.0,8.0,16.0,2.0,4.0,0.0
MH_487_551055,Padli Deshmukh,Padli Deshmukh,Igatpuri,Nashik,19.80134,73.68391,101.49,22.29,2.6,730.7,51.1,669.4,792.0,14.5,214.7,52.0,18.0,8.0,16.0,2.0,4.0,0.0
MH_487_551056,Janori,Janori,Igatpuri,Nashik,19.80605,73.70313,103.37,22.38,2.2,719.4,50.4,658.9,779.9,14.5,215.5,52.0,18.0,8.0,16.0,2.0,4.0,0.0
MH_487_551057,Laxminagar,Laxminagar,Igatpuri,Nashik,19.79865,73.71143,104.38,22.81,2.0,714.1,50.0,654.1,774.1,14.5,215.9,52.0,18.0,8.0,16.0,2.0,4.0,0.0
MH_487_551061,Nandgaon Bk,Nandgaon Bk,Igatpuri,Nashik,19.79787,73.72957,106.26,22.28,1.6,703.2,49.2,644.1,762.2,14.5,216.6,52.0,18.0,8.0,16.0,2.0,4.0,0.0
MH_487_551058,Krishnanagar,Krishnanagar,Igatpuri,Nashik,19.80383,73.72939,106.12,21.65,1.6,703.5,49.2,644.5,762.6,14.5,216.6,52.0,18.0,8.0,16.0,2.0,4.0,0.0
MH_487_551044,Gadgadsangvi,Gadgadsangvi,Igatpuri,Nashik,19.87334,73.64811,96.58,14.4,29.0,755.4,52.9,692.0,818.9,14.5,213.2,52.0,18.0,8.0,16.0,2.0,4.0,0.0
MH_487_551045,Murambi,Murambi,Igatpuri,Nashik,19.84122,73.64675,96.91,16.42,29.3,754.8,52.8,691.4,818.2,14.5,213.2,52.0,18.0,8.0,16.0,2.0,4.0,0.0
MH_487_551047,Lahamagewadi,Lahamagewadi,Igatpuri,Nashik,19.88004,73.69375,101.24,15.83,2.4,728.4,51.0,667.2,789.6,14.5,215.1,52.0,18.0,8.0,16.0,2.0,4.0,0.0
MH_487_551046,Wadivarhe,Wadivarhe,Igatpuri,Nashik,19.85619,73.6754,99.65,17.83,2.8,738.3,51.7,676.2,800.3,14.5,214.4,52.0,18.0,8.0,16.0,2.0,4.0,0.0
MH_487_551050,Gondedumala,Gondedumala,Igatpuri,Nashik,19.83004,73.68347,100.9,20.17,2.6,732.3,51.3,670.7,793.8,14.5,214.7,52.0,18.0,8.0,16.0,2.0,4.0,0.0
MH_487_551049,Kurhegaon,Kurhegaon,Igatpuri,Nashik,19.83164,73.69941,102.52,19.99,2.3,722.8,50.6,662.1,783.5,14.5,215.4,52.0,18.0,8.0,16.0,2.0,4.0,0.0
MH_487_551048,Belgaon Kurhe,Belgaon Kurhe,Igatpuri,Nashik,19.844,73.7161,104.04,17.98,1.9,713.3,49.9,653.4,773.2,14.5,216.1,52.0,18.0,8.0,16.0,2.0,4.0,0.0
MH_487_551059,Nandurvaidya,Nandurvaidya,Igatpuri,Nashik,19.82577,73.74169,106.99,18.95,1.3,697.1,48.8,638.6,755.7,14.5,217.2,52.0,18.0,8.0,16.0,2.0,4.0,0.0
MH_487_551060,Sakur,Sakur,Igatpuri,Nashik,19.79586,73.77302,110.77,21.66,0.6,677.0,47.4,620.1,733.9,14.5,218.5,52.0,18.0,8.0,16.0,2.0,4.0,0.0
MH_487_551066,Daundat,Daundat,Igatpuri,Nashik,19.7352,73.66155,97.66,26.61,3.1,741.2,51.9,678.9,803.4,14.5,213.8,52.0,18.0,8.0,16.0,2.0,4.0,0.0
MH_487_551109,Shenit,Shenit,Igatpuri,Nashik,19.80921,73.80677,114.0,20.18,-0.2,559.2,39.1,512.3,606.1,3.2,219.9,52.0,18.0,8.0,16.0,2.0,4.0,0.0
MH_487_551062,Ghoti Kh,Ghoti Kh,Igatpuri,Nashik,19.76805,73.76001,108.58,24.88,0.9,683.6,47.8,626.2,740.9,14.5,217.9,52.0,18.0,8.0,16.0,2.0,4.0,0.0
MH_487_551110,Pimpalgaon Dukra,Pimpalgaon Dukra,Igatpuri,Nashik,19.77971,73.79693,112.65,23.39,0.1,661.9,46.3,606.4,717.5,14.5,219.5,52.0,18.0,8.0,16.0,2.0,4.0,0.0
MH_487_551113,Kawaddara,Kawaddara,Igatpuri,Nashik,19.76427,73.78541,110.9,25.1,0.3,668.1,46.8,612.0,724.3,14.5,219.0,52.0,18.0,8.0,16.0,2.0,4.0,0.0
MH_487_551111,Pimpalgaon Ghadaga,Pimpalgaon Ghadaga,Igatpuri,Nashik,19.77832,73.8222,115.05,23.78,-0.5,557.3,39.0,510.5,604.1,3.2,220.5,52.0,18.0,8.0,16.0,2.0,4.0,0.0
MH_487_551112,Ninavi,Ninavi,Igatpuri,Nashik,19.75898,73.82174,114.24,25.9,-0.5,557.4,39.0,510.6,604.2,3.2,220.5,52.0,18.0,8.0,16.0,2.0,4.0,0.0
MH_487_551118,Dhamangaon,Dhamangaon,Igatpuri,Nashik,19.73123,73.76642,107.75,28.88,0.8,678.1,47.5,621.1,735.1,14.5,218.2,52.0,18.0,8.0,16.0,2.0,4.0,0.0
MH_487_551114,Bharvir Kh,Bharvir Kh,Igatpuri,Nashik,19.74153,73.78912,110.37,27.63,0.2,664.9,46.5,609.1,720.7,14.5,219.1,52.0,18.0,8.0,16.0,2.0,4.0,0.0
MH_487_551120,Gambhirwadi,Gambhirwadi,Igatpuri,Nashik,19.72059,73.7747,108.17,30.0,0.6,672.6,47.1,616.1,729.1,14.5,218.5,52.0,18.0,8.0,16.0,2.0,4.0,0.0
MH_487_551119,Adsare Kh,Adsare Kh,Igatpuri,Nashik,19.71294,73.77941,108.36,30.83,0.5,669.4,46.9,613.2,725.7,14.5,218.7,52.0,18.0,8.0,16.0,2.0,4.0,0.0
MH_487_551116,Bhandardarawadi,Bhandardarawadi,Igatpuri,Nashik,19.72504,73.82945,113.76,29.75,-0.7,556.5,39.0,509.7,603.3,3.2,220.8,52.0,18.0,8.0,16.0,2.0,4.0,0.0
MH_487_551115,Bharvir Bk,Bharvir Bk,Igatpuri,Nashik,19.73529,73.81109,112.3,28.41,-0.2,558.7,39.1,511.7,605.6,3.2,220.1,52.0,18.0,8.0,16.0,2.0,4.0,0.0
MH_487_551117,Adsare Bk,Adsare Bk,Igatpuri,Nashik,19.7028,73.79911,109.97,31.95,0.0,657.2,46.0,602.0,712.4,14.5,219.6,52.0,18.0,8.0,16.0,2.0,4.0,0.0
MH_487_551132,Taked Kh,Taked Kh,Igatpuri,Nashik,19.6848,73.7759,107.05,33.97,0.5,670.3,46.9,614.0,726.6,14.5,218.6,52.0,18.0,8.0,16.0,2.0,4.0,0.0
MH_487_551123,Pimpalgaon Mor,Pimpalgaon Mor,Igatpuri,Nashik,19.69963,73.68951,98.98,31.51,2.5,722.8,50.6,662.1,783.5,14.5,215.0,52.0,18.0,8.0,16.0,2.0,4.0,0.0
MH_487_551122,Dhamani,Dhamani,Igatpuri,Nashik,19.69535,73.70908,100.76,33.03,2.0,710.8,49.8,651.1,770.6,14.5,215.8,52.0,18.0,8.0,16.0,2.0,4.0,0.0
MH_487_551121,Belgaon Tarhale,Belgaon Tarhale,Igatpuri,Nashik,19.71066,73.73044,103.43,31.68,1.6,698.7,48.9,640.0,757.4,14.5,216.7,52.0,18.0,8.0,16.0,2.0,4.0,0.0
MH_487_551075,Ubhade,Ubhade,Igatpuri,Nashik,19.72753,73.67961,99.1,28.34,2.7,730.0,51.1,668.7,791.3,14.5,214.5,52.0,18.0,8.0,16.0,2.0,4.0,0.0
MH_487_551213,Belu,Belu,Sinnar,Nashik,19.79644,73.8292,116.48,21.91,-0.7,556.5,39.0,509.7,603.3,3.2,220.8,12.0,14.0,10.0,58.0,4.0,2.0,0.0
MH_487_551212,Agas Khind,Agas Khind,Sinnar,Nashik,19.80372,73.84457,118.0,21.48,-1.0,554.7,38.8,508.1,601.2,3.2,221.5,12.0,14.0,10.0,58.0,4.0,2.0,0.0
MH_487_550988,Raigadnagar,Raigadnagar,Nashik,Nashik,19.8936,73.70894,102.68,13.66,2.0,719.8,50.4,659.4,780.3,14.5,215.8,8.0,6.0,4.0,72.0,6.0,4.0,0.0
MH_487_551067,Umbarkon,Umbarkon,Igatpuri,Nashik,19.74636,73.66859,98.82,25.96,3.0,737.4,51.6,675.5,799.4,14.5,214.1,52.0,18.0,8.0,16.0,2.0,4.0,0.0
MH_487_551129,Ghodewadi,Ghodewadi,Igatpuri,Nashik,19.69124,73.75378,105.06,33.44,1.0,683.8,47.9,626.4,741.3,14.5,217.7,52.0,18.0,8.0,16.0,2.0,4.0,0.0
MH_487_551130,Sherawadi,Sherawadi,Igatpuri,Nashik,19.70216,73.76748,106.8,32.09,0.7,676.1,47.3,619.3,732.9,14.5,218.2,52.0,18.0,8.0,16.0,2.0,4.0,0.0
MH_487_551131,Taked Bk,Taked Bk,Igatpuri,Nashik,19.6934,73.76265,106.02,33.1,0.8,678.6,47.5,621.6,735.6,14.5,218.0,52.0,18.0,8.0,16.0,2.0,4.0,0.0
MH_487_550892,Metkawara,Metkawara,Trimbakeshwar,Nashik,19.99628,73.45621,75.95,9.93,43.3,876.1,61.3,802.5,949.7,14.5,205.2,52.0,18.0,8.0,16.0,2.0,4.0,0.0
MH_487_551128,Bambalewadi,Bambalewadi,Igatpuri,Nashik,19.70036,73.75529,105.52,32.41,1.0,683.3,47.8,626.0,740.7,14.5,217.7,52.0,18.0,8.0,16.0,2.0,4.0,0.0
MH_487_550890,Nandgaon,Nandgaon,Trimbakeshwar,Nashik,20.03091,73.44233,74.74,13.64,42.1,886.0,62.0,811.6,960.4,14.5,204.6,52.0,18.0,8.0,16.0,2.0,4.0,0.0
MH_487_550891,Torangan,Torangan,Trimbakeshwar,Nashik,19.99787,73.4314,73.36,12.15,41.0,891.1,62.4,816.2,965.9,14.5,204.1,52.0,18.0,8.0,16.0,2.0,4.0,0.0
MH_487_550893,Welunje,Welunje,Trimbakeshwar,Nashik,20.0171,73.48049,78.6,10.01,44.7,862.5,60.4,790.0,935.0,14.5,206.2,52.0,18.0,8.0,16.0,2.0,4.0,0.0
MH_487_550905,Amboli,Amboli,Trimbakeshwar,Nashik,19.98368,73.49073,79.51,6.36,44.9,854.8,59.8,783.1,926.6,14.5,206.6,52.0,18.0,8.0,16.0,2.0,4.0,0.0
MH_487_550906,Ambai,Ambai,Trimbakeshwar,Nashik,19.96187,73.47249,77.6,6.48,44.3,864.8,60.5,792.2,937.4,14.5,205.8,52.0,18.0,8.0,16.0,2.0,4.0,0.0
MH_487_550920,Umbharande,Umbharande,Trimbakeshwar,Nashik,19.93313,73.45056,75.42,8.34,42.9,876.7,61.4,803.0,950.3,14.5,204.9,52.0,18.0,8.0,16.0,2.0,4.0,0.0
MH_487_550907,Kachurli,Kachurli,Trimbakeshwar,Nashik,19.94695,73.4997,80.49,3.26,45.0,847.8,59.3,776.6,918.9,14.5,207.0,52.0,18.0,8.0,16.0,2.0,4.0,0.0
MH_487_550919,Kalmuste,Kalmuste,Trimbakeshwar,Nashik,19.92343,73.47156,77.68,6.38,44.3,863.6,60.5,791.0,936.2,14.5,205.8,52.0,18.0,8.0,16.0,2.0,4.0,0.0
MH_487_550917,Metghar Killa,Metghar Killa,Trimbakeshwar,Nashik,19.91663,73.51979,82.77,2.81,44.6,834.4,58.4,764.3,904.5,14.5,207.8,52.0,18.0,8.0,16.0,2.0,4.0,0.0
MH_487_550918,Talegaon Trimbak,Talegaon Trimbak,Trimbakeshwar,Nashik,19.92495,73.50102,80.75,3.46,45.0,846.0,59.2,775.0,917.1,14.5,207.0,52.0,18.0,8.0,16.0,2.0,4.0,0.0
MH_487_550908,Sapgaon,Sapgaon,Trimbakeshwar,Nashik,19.95449,73.51423,81.98,2.31,44.8,839.4,58.8,768.9,910.0,14.5,207.6,52.0,18.0,8.0,16.0,2.0,4.0,0.0
MH_487_550904,Shirasgaon,Shirasgaon,Trimbakeshwar,Nashik,19.97184,73.51331,81.86,3.95,44.8,840.7,58.9,770.1,911.4,14.5,207.6,52.0,18.0,8.0,16.0,2.0,4.0,0.0
MH_487_550909,Pimplad Trimbak,Pimplad Trimbak,Trimbakeshwar,Nashik,19.9637,73.53249,83.87,2.65,44.1,828.9,58.0,759.3,898.5,14.5,208.4,52.0,18.0,8.0,16.0,2.0,4.0,0.0
MH_487_550914,Pegalwadi Tryambak,Pegalwadi Tryambak,Trimbakeshwar,Nashik,19.94162,73.5561,86.4,2.73,42.3,813.7,57.0,745.3,882.1,14.5,209.4,52.0,18.0,8.0,16.0,2.0,4.0,0.0
MH_487_251441,Trimbak,Trimbak,Central,Nashik,19.93911,73.53111,83.8,0.15,44.1,828.6,58.0,759.0,898.2,14.5,208.3,12.0,14.0,10.0,58.0,4.0,2.0,0.0
MH_487_550923,Vadholi,Vadholi,Trimbakeshwar,Nashik,19.92852,73.62046,93.19,9.54,33.7,774.5,54.2,709.5,839.5,14.5,212.1,52.0,18.0,8.0,16.0,2.0,4.0,0.0
MH_487_550962,Shivangaon,Shivangaon,Nashik,Nashik,20.02768,73.62434,93.67,13.87,33.0,776.6,54.4,711.4,841.9,14.5,212.2,8.0,6.0,4.0,72.0,6.0,4.0,0.0
MH_487_550913,Anjanneri,Anjanneri,Trimbakeshwar,Nashik,19.95277,73.59483,90.41,6.92,37.6,791.0,55.4,724.5,857.5,14.5,211.0,52.0,18.0,8.0,16.0,2.0,4.0,0.0
MH_487_550912,Chokore,Chokore,Trimbakeshwar,Nashik,19.98325,73.60271,91.21,8.99,36.4,787.6,55.1,721.5,853.7,14.5,211.3,52.0,18.0,8.0,16.0,2.0,4.0,0.0
MH_487_550903,Dhumodi,Dhumodi,Trimbakeshwar,Nashik,19.993,73.51585,82.16,6.08,44.8,840.2,58.8,769.6,910.7,14.5,207.7,52.0,18.0,8.0,16.0,2.0,4.0,0.0
MH_487_550910,Talwade Trimbak,Talwade Trimbak,Trimbakeshwar,Nashik,19.9719,73.55869,86.6,4.64,42.0,813.5,56.9,745.2,881.8,14.5,209.5,52.0,18.0,8.0,16.0,2.0,4.0,0.0
MH_487_550900,Ganeshgaon Waghera,Ganeshgaon Waghera,Trimbakeshwar,Nashik,20.015,73.518,82.49,8.43,44.7,839.9,58.8,769.3,910.4,14.5,207.8,52.0,18.0,8.0,16.0,2.0,4.0,0.0
MH_487_550902,Bramhanwade,Bramhanwade,Trimbakeshwar,Nashik,19.99549,73.53859,84.55,6.24,43.7,826.6,57.9,757.2,896.1,14.5,208.6,52.0,18.0,8.0,16.0,2.0,4.0,0.0
MH_487_550911,Beze,Beze,Trimbakeshwar,Nashik,19.99354,73.57562,88.41,7.63,40.1,804.3,56.3,736.8,871.9,14.5,210.2,52.0,18.0,8.0,16.0,2.0,4.0,0.0
MH_487_550899,Divyachapada,Divyachapada,Trimbakeshwar,Nashik,20.0193,73.54229,85.06,8.91,43.4,825.5,57.8,756.1,894.9,14.5,208.8,52.0,18.0,8.0,16.0,2.0,4.0,0.0
MH_487_550898,Pmpri Trimbak,Pmpri Trimbak,Trimbakeshwar,Nashik,20.00967,73.56611,87.48,8.62,41.2,810.8,56.8,742.6,878.9,14.5,209.8,52.0,18.0,8.0,16.0,2.0,4.0,0.0
MH_487_550897,Hirdi,Hirdi,Trimbakeshwar,Nashik,20.03232,73.56535,87.56,10.91,41.3,812.2,56.9,744.0,880.5,14.5,209.7,52.0,18.0,8.0,16.0,2.0,4.0,0.0
MH_487_550961,Govindrur,Govindrur,Nashik,Nashik,20.02752,73.58639,89.71,11.38,38.8,799.4,56.0,732.2,866.6,14.5,210.6,8.0,6.0,4.0,72.0,6.0,4.0,0.0
MH_487_550965,Rajewadi,Rajewadi,Nashik,Nashik,20.01274,73.59616,90.63,10.64,37.4,792.9,55.5,726.3,859.5,14.5,211.0,8.0,6.0,4.0,72.0,6.0,4.0,0.0
MH_487_550964,Ganeshgaon Trambak,Ganeshgaon Trambak,Nashik,Nashik,20.0126,73.62258,93.39,12.6,33.3,777.0,54.4,711.7,842.3,14.5,212.1,8.0,6.0,4.0,72.0,6.0,4.0,0.0
MH_487_550901,Vinayaknagar,Vinayaknagar,Trimbakeshwar,Nashik,20.01119,73.51449,82.1,8.08,44.8,841.8,58.9,771.1,912.5,14.5,207.6,52.0,18.0,8.0,16.0,2.0,4.0,0.0
MH_487_550915,Pegalwadi,Pegalwadi,Trimbakeshwar,Nashik,19.92497,73.56754,87.69,4.27,41.1,806.1,56.4,738.4,873.8,14.5,209.8,52.0,18.0,8.0,16.0,2.0,4.0,0.0
MH_487_550869,Nandurkipada,Nandurkipada,Trimbakeshwar,Nashik,20.08525,73.41517,72.72,20.12,39.0,904.7,63.3,828.8,980.7,14.5,203.4,52.0,18.0,8.0,16.0,2.0,4.0,0.0
MH_487_550877,Adgaon,Adgaon,Trimbakeshwar,Nashik,20.03683,73.41494,71.95,16.14,38.9,902.7,63.2,826.9,978.5,14.5,203.4,52.0,18.0,8.0,16.0,2.0,4.0,0.0
MH_487_550846,Gadadvane,Gadadvane,Trimbakeshwar,Nashik,20.08342,73.43106,74.32,19.01,40.9,895.1,62.7,819.9,970.4,14.5,204.1,52.0,18.0,8.0,16.0,2.0,4.0,0.0
MH_487_550887,Kharwal,Kharwal,Trimbakeshwar,Nashik,20.06096,73.43405,74.25,16.78,41.3,892.3,62.5,817.3,967.3,14.5,204.2,52.0,18.0,8.0,16.0,2.0,4.0,0.0
MH_487_550889,Varasvihir,Varasvihir,Trimbakeshwar,Nashik,20.05239,73.46442,77.28,14.25,43.9,873.7,61.2,800.3,947.1,14.5,205.5,52.0,18.0,8.0,16.0,2.0,4.0,0.0
MH_487_550885,Vaghera,Vaghera,Trimbakeshwar,Nashik,20.06253,73.49368,80.45,14.14,45.0,856.6,60.0,784.6,928.6,14.5,206.7,52.0,18.0,8.0,16.0,2.0,4.0,0.0
MH_487_550790,Devivchamal,Devivchamal,Peint,Nashik,20.1454,73.47846,80.57,23.46,44.6,869.5,60.9,796.4,942.5,14.5,206.1,52.0,18.0,8.0,16.0,2.0,4.0,0.0
MH_487_550791,Patharpada,Patharpada,Peint,Nashik,20.13819,73.49382,81.95,22.36,45.0,859.9,60.2,787.7,932.2,14.5,206.7,52.0,18.0,8.0,16.0,2.0,4.0,0.0
MH_487_550894,Gorthan,Gorthan,Trimbakeshwar,Nashik,20.03488,73.51532,82.37,10.66,44.8,842.4,59.0,771.6,913.2,14.5,207.6,52.0,18.0,8.0,16.0,2.0,4.0,0.0
MH_487_550845,Belpali,Belpali,Trimbakeshwar,Nashik,20.09079,73.44492,75.88,18.98,42.4,887.1,62.1,812.6,961.7,14.5,204.7,52.0,18.0,8.0,16.0,2.0,4.0,0.0
MH_487_550844,Waygholpada,Waygholpada,Trimbakeshwar,Nashik,20.09075,73.457,77.13,18.42,43.4,879.9,61.6,806.0,953.8,14.5,205.2,52.0,18.0,8.0,16.0,2.0,4.0,0.0
MH_487_550840,Jategaon Kh,Jategaon Kh,Trimbakeshwar,Nashik,20.08801,73.50637,82.16,16.64,45.0,850.1,59.5,778.7,921.5,14.5,207.3,52.0,18.0,8.0,16.0,2.0,4.0,0.0
MH_487_550886,Ghodhadyachapada,Ghodhadyachapada,Trimbakeshwar,Nashik,20.05641,73.50514,81.56,13.2,45.0,849.5,59.5,778.1,920.9,14.5,207.2,52.0,18.0,8.0,16.0,2.0,4.0,0.0
MH_487_550888,Virnagar,Virnagar,Trimbakeshwar,Nashik,20.05269,73.43068,73.78,16.27,40.9,894.0,62.6,818.8,969.1,14.5,204.1,52.0,18.0,8.0,16.0,2.0,4.0,0.0
MH_487_550811,Amlon,Amlon,Peint,Nashik,20.13521,73.51418,83.95,21.77,44.8,847.6,59.3,776.4,918.7,14.5,207.6,52.0,18.0,8.0,16.0,2.0,4.0,0.0
MH_487_550831,Khairaipali,Khairaipali,Trimbakeshwar,Nashik,20.14333,73.41083,73.68,25.81,38.4,910.0,63.7,833.5,986.4,14.5,203.3,52.0,18.0,8.0,16.0,2.0,4.0,0.0
MH_487_550848,Thanapada,Thanapada,Trimbakeshwar,Nashik,20.11979,73.40416,72.37,23.93,37.4,912.9,63.9,836.2,989.6,14.5,203.0,52.0,18.0,8.0,16.0,2.0,4.0,0.0
MH_487_550847,Nirgude,Nirgude,Trimbakeshwar,Nashik,20.10998,73.42887,74.65,21.65,40.7,897.6,62.8,822.3,973.0,14.5,204.0,52.0,18.0,8.0,16.0,2.0,4.0,0.0
MH_487_550792,Chikadi,Chikadi,Peint,Nashik,20.1403,73.48764,81.37,22.71,44.9,863.7,60.5,791.1,936.3,14.5,206.5,52.0,18.0,8.0,16.0,2.0,4.0,0.0
MH_487_550794,Homepada,Homepada,Peint,Nashik,20.13362,73.48033,80.46,22.15,44.7,867.8,60.7,795.0,940.7,14.5,206.2,52.0,18.0,8.0,16.0,2.0,4.0,0.0
MH_487_550836,Harsul,Harsul,Trimbakeshwar,Nashik,20.11791,73.45716,77.72,21.2,43.4,881.0,61.7,807.0,955.0,14.5,205.2,52.0,18.0,8.0,16.0,2.0,4.0,0.0
MH_487_550837,Sapatpali,Sapatpali,Trimbakeshwar,Nashik,20.12454,73.48597,80.81,21.03,44.8,864.0,60.5,791.4,936.6,14.5,206.4,52.0,18.0,8.0,16.0,2.0,4.0,0.0
MH_487_550838,Chirapali,Chirapali,Trimbakeshwar,Nashik,20.11388,73.49305,81.3,19.72,45.0,859.3,60.2,787.1,931.5,14.5,206.7,52.0,18.0,8.0,16.0,2.0,4.0,0.0
MH_487_550834,Dalpatpur,Dalpatpur,Trimbakeshwar,Nashik,20.13281,73.44066,76.41,23.38,41.9,891.6,62.4,816.7,966.5,14.5,204.5,52.0,18.0,8.0,16.0,2.0,4.0,0.0
MH_487_550835,Chikhalpada,Chikhalpada,Trimbakeshwar,Nashik,20.13911,73.44993,77.51,23.67,42.8,886.3,62.0,811.9,960.7,14.5,204.9,52.0,18.0,8.0,16.0,2.0,4.0,0.0
MH_487_550843,Chinchwad,Chinchwad,Trimbakeshwar,Nashik,20.09342,73.48108,79.65,17.81,44.7,865.6,60.6,792.8,938.3,14.5,206.2,52.0,18.0,8.0,16.0,2.0,4.0,0.0
MH_487_550842,Khoripada,Khoripada,Trimbakeshwar,Nashik,20.09976,73.47881,79.54,18.55,44.6,867.2,60.7,794.4,940.0,14.5,206.1,52.0,18.0,8.0,16.0,2.0,4.0,0.0
MH_487_550833,Hattipada,Hattipada,Trimbakeshwar,Nashik,20.12661,73.44512,76.7,22.57,42.4,888.6,62.2,814.0,963.3,14.5,204.7,52.0,18.0,8.0,16.0,2.0,4.0,0.0
MH_487_550809,Dhanshet,Dhanshet,Peint,Nashik,20.14651,73.53647,86.49,22.97,43.8,834.7,58.4,764.6,904.8,14.5,208.5,52.0,18.0,8.0,16.0,2.0,4.0,0.0
MH_487_550812,Sasune,Sasune,Peint,Nashik,20.12186,73.53732,86.01,20.24,43.8,833.1,58.3,763.1,903.0,14.5,208.6,52.0,18.0,8.0,16.0,2.0,4.0,0.0
MH_487_550813,Kulwandi,Kulwandi,Peint,Nashik,20.13559,73.55561,88.18,21.91,42.3,822.7,57.6,753.6,891.9,14.5,209.3,52.0,18.0,8.0,16.0,2.0,4.0,0.0
MH_487_550839,Saraste,Saraste,Trimbakeshwar,Nashik,20.11881,73.51511,83.66,19.94,44.8,846.3,59.2,775.2,917.3,14.5,207.6,52.0,18.0,8.0,16.0,2.0,4.0,0.0
MH_487_550817,Dhulghat,Dhulghat,Peint,Nashik,20.14102,73.60241,93.09,23.6,36.5,794.9,55.6,728.2,861.6,14.5,211.3,52.0,18.0,8.0,16.0,2.0,4.0,0.0
MH_487_550816,Pate,Pate,Peint,Nashik,20.14593,73.58577,91.5,23.63,38.8,805.1,56.4,737.4,872.8,14.5,210.6,52.0,18.0,8.0,16.0,2.0,4.0,0.0
MH_487_550895,Malegaon,Malegaon,Trimbakeshwar,Nashik,20.03726,73.5386,84.82,10.85,43.7,828.5,58.0,758.9,898.1,14.5,208.6,52.0,18.0,8.0,16.0,2.0,4.0,0.0
MH_487_550896,Rohile,Rohile,Trimbakeshwar,Nashik,20.05218,73.56488,87.71,13.0,41.4,813.4,56.9,745.1,881.7,14.5,209.7,52.0,18.0,8.0,16.0,2.0,4.0,0.0
MH_487_550880,Shivaji Nagar,Shivaji Nagar,Trimbakeshwar,Nashik,20.10644,73.5635,88.38,18.84,41.5,816.7,57.2,748.0,885.3,14.5,209.7,52.0,18.0,8.0,16.0,2.0,4.0,0.0
MH_487_550841,Jategaon Bk,Jategaon Bk,Trimbakeshwar,Nashik,20.10183,73.51667,83.48,18.05,44.8,844.6,59.1,773.7,915.5,14.5,207.7,52.0,18.0,8.0,16.0,2.0,4.0,0.0
MH_487_550884,Kone,Kone,Trimbakeshwar,Nashik,20.06928,73.53037,84.34,14.38,44.2,834.9,58.4,764.8,905.0,14.5,208.3,52.0,18.0,8.0,16.0,2.0,4.0,0.0
MH_487_550883,Sapte,Sapte,Trimbakeshwar,Nashik,20.06743,73.54979,86.33,14.32,42.8,823.2,57.6,754.0,892.3,14.5,209.1,52.0,18.0,8.0,16.0,2.0,4.0,0.0
MH_487_550878,Mahadeo Nagar,Mahadeo Nagar,Trimbakeshwar,Nashik,20.0934,73.5351,85.22,17.07,43.9,833.1,58.3,763.2,903.1,14.5,208.5,52.0,18.0,8.0,16.0,2.0,4.0,0.0
MH_487_550879,Somnathnagar,Somnathnagar,Trimbakeshwar,Nashik,20.10743,73.54639,86.64,18.7,43.1,827.0,57.9,757.5,896.5,14.5,208.9,52.0,18.0,8.0,16.0,2.0,4.0,0.0
MH_487_550963,Pimpalgaon Garudeshwar,Pimpalgaon Garudeshwar,Nashik,Nashik,20.0235,73.64716,96.02,15.37,29.2,762.8,53.4,698.7,826.8,14.5,213.2,8.0,6.0,4.0,72.0,6.0,4.0,0.0
MH_487_550882,Vele,Vele,Trimbakeshwar,Nashik,20.08309,73.5569,87.3,16.16,42.2,819.6,57.4,750.7,888.5,14.5,209.4,52.0,18.0,8.0,16.0,2.0,4.0,0.0
MH_487_550881,Holdar Nagar,Holdar Nagar,Trimbakeshwar,Nashik,20.10343,73.57474,89.48,18.76,40.2,809.8,56.7,741.8,877.9,14.5,210.1,52.0,18.0,8.0,16.0,2.0,4.0,0.0
MH_487_550952,Devargaon,Devargaon,Nashik,Nashik,20.07009,73.58247,89.76,15.47,39.3,803.7,56.3,736.1,871.2,14.5,210.5,8.0,6.0,4.0,72.0,6.0,4.0,0.0
MH_487_550951,Kashyapnagar,Kashyapnagar,Nashik,Nashik,20.08664,73.58414,90.17,17.26,39.1,803.4,56.2,736.0,870.9,14.5,210.5,8.0,6.0,4.0,72.0,6.0,4.0,0.0
MH_487_550950,Vaishnavnagar,Vaishnavnagar,Nashik,Nashik,20.10161,73.59054,91.08,19.05,38.2,800.2,56.0,733.0,867.4,14.5,210.8,8.0,6.0,4.0,72.0,6.0,4.0,0.0
MH_487_550945,Ladchi,Ladchi,Nashik,Nashik,20.1164,73.61652,94.03,21.6,34.3,785.3,55.0,719.3,851.3,14.5,211.9,8.0,6.0,4.0,72.0,6.0,4.0,0.0
MH_487_550949,Indiranagar,Indiranagar,Nashik,Nashik,20.08753,73.60604,92.45,18.23,35.9,790.3,55.3,724.0,856.7,14.5,211.5,8.0,6.0,4.0,72.0,6.0,4.0,0.0
MH_487_550953,Dhondegaon,Dhondegaon,Nashik,Nashik,20.07284,73.62028,93.71,17.53,33.7,781.1,54.7,715.5,846.8,14.5,212.1,8.0,6.0,4.0,72.0,6.0,4.0,0.0
MH_487_550959,Shastrinagar,Shastrinagar,Nashik,Nashik,20.05529,73.60701,92.12,15.14,35.8,788.3,55.2,722.0,854.5,14.5,211.5,8.0,6.0,4.0,72.0,6.0,4.0,0.0
MH_487_550960,Gangamhalungi,Gangamhalungi,Nashik,Nashik,20.0408,73.59305,90.52,13.0,37.8,796.0,55.7,729.2,862.8,14.5,210.9,8.0,6.0,4.0,72.0,6.0,4.0,0.0
MH_487_550958,Subhashnagar,Subhashnagar,Nashik,Nashik,20.03974,73.61115,92.39,13.96,35.1,785.1,55.0,719.1,851.1,14.5,211.7,8.0,6.0,4.0,72.0,6.0,4.0,0.0
MH_487_550819,Umbardahad,Umbardahad,Peint,Nashik,20.1284,73.58545,91.08,21.74,38.9,804.5,56.3,736.9,872.1,14.5,210.6,52.0,18.0,8.0,16.0,2.0,4.0,0.0
MH_487_550818,Donwade,Donwade,Peint,Nashik,20.12201,73.58353,90.75,21.0,39.1,805.4,56.4,737.7,873.1,14.5,210.5,52.0,18.0,8.0,16.0,2.0,4.0,0.0
MH_487_550566,Tilloli,Tilloli,Dindori,Nashik,20.14103,73.69568,102.64,19.47,2.3,738.9,51.7,676.9,801.0,14.5,215.2,8.0,6.0,4.0,72.0,6.0,4.0,0.0
MH_487_550565,Rawalgaon,Rawalgaon,Dindori,Nashik,20.13848,73.71759,104.84,18.16,1.9,725.7,50.8,664.7,786.6,14.5,216.1,8.0,6.0,4.0,72.0,6.0,4.0,0.0
MH_487_550567,June Dhagur,June Dhagur,Dindori,Nashik,20.11596,73.73052,105.77,15.32,1.6,716.9,50.2,656.7,777.1,14.5,216.7,8.0,6.0,4.0,72.0,6.0,4.0,0.0
MH_487_550568,Navedhagur,Navedhagur,Dindori,Nashik,20.10441,73.72646,105.16,14.35,1.7,718.8,50.3,658.5,779.2,14.5,216.5,8.0,6.0,4.0,72.0,6.0,4.0,0.0
MH_487_550569,Gawalwadi,Gawalwadi,Dindori,Nashik,20.10003,73.76849,109.45,12.44,0.7,693.4,48.5,635.2,751.6,14.5,218.3,8.0,6.0,4.0,72.0,6.0,4.0,0.0
MH_487_550564,Deherewadi,Deherewadi,Dindori,Nashik,20.13473,73.75081,108.19,16.61,1.1,705.6,49.4,646.3,764.9,14.5,217.5,8.0,6.0,4.0,72.0,6.0,4.0,0.0
MH_487_550570,Ramshej,Ramshej,Dindori,Nashik,20.11729,73.78369,111.28,14.17,0.4,685.1,48.0,627.5,742.7,14.5,218.9,8.0,6.0,4.0,72.0,6.0,4.0,0.0
MH_487_550571,Pimpalnare,Pimpalnare,Dindori,Nashik,20.12213,73.81248,114.33,14.88,-0.3,558.5,39.1,511.6,605.4,3.2,220.1,8.0,6.0,4.0,72.0,6.0,4.0,0.0
MH_487_550660,Talegaon Dindori,Talegaon Dindori,Dindori,Nashik,20.14354,73.83215,116.73,17.63,-0.7,556.1,38.9,509.5,602.8,3.2,221.0,8.0,6.0,4.0,72.0,6.0,4.0,0.0
MH_487_550669,Khatwad,Khatwad,Dindori,Nashik,20.1206,73.84994,118.18,15.81,-1.1,554.0,38.8,507.4,600.6,3.2,221.7,8.0,6.0,4.0,72.0,6.0,4.0,0.0
MH_487_550967,Manoli,Manoli,Nashik,Nashik,20.09063,73.71176,103.44,13.86,2.0,727.0,50.9,665.9,788.1,14.5,215.9,8.0,6.0,4.0,72.0,6.0,4.0,0.0
MH_487_550670,Dhakambe,Dhakambe,Dindori,Nashik,20.09761,73.82896,115.68,12.64,-0.7,556.5,39.0,509.7,603.3,3.2,220.8,8.0,6.0,4.0,72.0,6.0,4.0,0.0
MH_487_550671,Varvandi,Varvandi,Dindori,Nashik,20.07831,73.8506,117.69,11.68,-1.1,553.9,38.8,507.4,600.5,3.2,221.7,8.0,6.0,4.0,72.0,6.0,4.0,0.0
MH_487_550922,Khambale,Khambale,Trimbakeshwar,Nashik,19.95445,73.63485,94.59,11.08,31.3,767.0,53.7,702.6,831.5,14.5,212.7,52.0,18.0,8.0,16.0,2.0,4.0,0.0
MH_487_251442,Nashik,Nashik,Central,Nashik,19.99613,73.80592,112.47,1.8,-0.1,559.3,39.2,512.2,606.3,3.2,219.8,12.0,14.0,10.0,58.0,4.0,2.0,0.0
MH_487_550948,Sapgaon,Sapgaon,Nashik,Nashik,20.09344,73.63271,95.3,20.06,31.6,774.6,54.2,709.5,839.6,14.5,212.6,8.0,6.0,4.0,72.0,6.0,4.0,0.0
MH_487_550946,Naikwadi,Naikwadi,Nashik,Nashik,20.10793,73.65402,97.74,19.33,3.3,762.4,53.4,698.4,826.5,14.5,213.5,8.0,6.0,4.0,72.0,6.0,4.0,0.0
MH_487_550947,Vadgaon,Vadgaon,Nashik,Nashik,20.10419,73.68498,100.87,16.78,2.6,743.7,52.1,681.2,806.2,14.5,214.8,8.0,6.0,4.0,72.0,6.0,4.0,0.0
MH_487_550956,Nagalwadi,Nagalwadi,Nashik,Nashik,20.05962,73.64155,95.76,17.33,30.1,767.8,53.7,703.3,832.2,14.5,212.9,8.0,6.0,4.0,72.0,6.0,4.0,0.0
MH_487_550966,Ganeshgaon Naik,Ganeshgaon Naik,Nashik,Nashik,19.99213,73.63724,94.84,12.62,30.9,767.3,53.7,702.9,831.7,14.5,212.8,8.0,6.0,4.0,72.0,6.0,4.0,0.0
MH_487_550957,Ozarkhede,Ozarkhede,Nashik,Nashik,20.04243,73.63991,95.41,16.18,30.4,768.0,53.8,703.4,832.5,14.5,212.9,8.0,6.0,4.0,72.0,6.0,4.0,0.0
MH_487_550954,Girnare,Girnare,Nashik,Nashik,20.07165,73.66133,97.95,16.22,3.1,756.4,52.9,692.9,819.9,14.5,213.8,8.0,6.0,4.0,72.0,6.0,4.0,0.0
MH_487_550955,Dugaon,Dugaon,Nashik,Nashik,20.07313,73.69601,101.57,13.49,2.3,735.7,51.5,673.9,797.5,14.5,215.2,8.0,6.0,4.0,72.0,6.0,4.0,0.0
MH_487_550977,Gangavarhe,Gangavarhe,Nashik,Nashik,20.01506,73.68357,99.77,11.46,2.6,740.5,51.8,678.4,802.7,14.5,214.7,8.0,6.0,4.0,72.0,6.0,4.0,0.0
MH_487_550973,Mahadeopur,Mahadeopur,Nashik,Nashik,20.05413,73.70667,102.47,11.25,2.1,728.4,51.0,667.2,789.6,14.5,215.7,8.0,6.0,4.0,72.0,6.0,4.0,0.0
MH_487_550976,Sawargaon,Sawargaon,Nashik,Nashik,20.02147,73.70455,101.99,9.59,2.1,728.2,51.0,667.0,789.4,14.5,215.6,8.0,6.0,4.0,72.0,6.0,4.0,0.0
MH_487_550978,Dudgaon,Dudgaon,Nashik,Nashik,19.97794,73.65435,96.6,13.66,3.3,756.4,52.9,692.9,819.9,14.5,213.5,8.0,6.0,4.0,72.0,6.0,4.0,0.0
MH_487_550979,Wasali,Wasali,Nashik,Nashik,19.9919,73.68481,99.81,10.99,2.6,738.8,51.7,676.7,800.8,14.5,214.8,8.0,6.0,4.0,72.0,6.0,4.0,0.0
MH_487_550983,Talegaon Anjaneri,Talegaon Anjaneri,Nashik,Nashik,19.945,73.65982,97.22,13.58,3.2,751.6,52.6,688.5,814.8,14.5,213.7,8.0,6.0,4.0,72.0,6.0,4.0,0.0
MH_487_550984,Jategaon,Jategaon,Nashik,Nashik,19.92068,73.65155,96.48,12.89,3.3,755.5,52.9,692.0,819.0,14.5,213.4,8.0,6.0,4.0,72.0,6.0,4.0,0.0
MH_487_550982,Mahirawani,Mahirawani,Nashik,Nashik,19.96312,73.67678,98.95,12.2,2.8,742.3,52.0,679.9,804.7,14.5,214.4,8.0,6.0,4.0,72.0,6.0,4.0,0.0
MH_487_550981,Belgaon Dhaga,Belgaon Dhaga,Nashik,Nashik,19.96256,73.70214,101.6,9.68,2.2,727.0,50.9,666.0,788.1,14.5,215.5,8.0,6.0,4.0,72.0,6.0,4.0,0.0
MH_487_550980,Tiradshet,Tiradshet,Nashik,Nashik,19.97513,73.72032,103.5,7.47,1.8,716.7,50.2,656.4,776.9,14.5,216.3,8.0,6.0,4.0,72.0,6.0,4.0,0.0
MH_487_550986,Sarul,Sarul,Nashik,Nashik,19.93336,73.70727,102.23,10.7,2.1,722.6,50.6,661.9,783.4,14.5,215.7,8.0,6.0,4.0,72.0,6.0,4.0,0.0
MH_487_551139,Ghoti Bk,Ghoti Bk,Central,Nashik,19.71357,73.6252,93.23,27.08,32.9,762.0,53.3,698.0,826.0,14.5,212.3,12.0,14.0,10.0,58.0,4.0,2.0,0.0
MH_487_999999,Water Body,Water Body,Central,Nashik,19.74852,73.71783,103.67,27.89,1.8,708.0,49.6,648.5,767.5,14.5,216.1,12.0,14.0,10.0,58.0,4.0,2.0,0.0
MH_487_550968,Dari,Dari,Nashik,Nashik,20.08553,73.74066,106.36,11.81,1.3,709.5,49.7,649.8,769.1,14.5,217.1,8.0,6.0,4.0,72.0,6.0,4.0,0.0
MH_487_550972,Yashwantnagar,Yashwantnagar,Nashik,Nashik,20.05821,73.72632,104.56,10.09,1.7,716.8,50.2,656.6,777.1,14.5,216.5,8.0,6.0,4.0,72.0,6.0,4.0,0.0
MH_487_550971,Mungsare,Mungsare,Nashik,Nashik,20.06377,73.73377,105.39,10.09,1.5,712.6,49.9,652.7,772.5,14.5,216.8,8.0,6.0,4.0,72.0,6.0,4.0,0.0
MH_487_550974,Jalalpur,Jalalpur,Nashik,Nashik,20.03995,73.73026,104.8,8.36,1.6,713.6,50.0,653.6,773.6,14.5,216.7,8.0,6.0,4.0,72.0,6.0,4.0,0.0
MH_487_550970,Chandshi,Chandshi,Nashik,Nashik,20.03966,73.7533,107.2,6.72,1.1,699.8,49.0,641.0,758.6,14.5,217.6,8.0,6.0,4.0,72.0,6.0,4.0,0.0
MH_487_550969,Matori,Matori,Nashik,Nashik,20.06806,73.7597,108.13,9.24,0.9,697.2,48.8,638.7,755.8,14.5,217.9,8.0,6.0,4.0,72.0,6.0,4.0,0.0
MH_487_551019,Vilholi,Vilholi,Central,Nashik,19.92483,73.73106,104.75,9.51,1.6,708.0,49.6,648.5,767.5,14.5,216.7,12.0,14.0,10.0,58.0,4.0,2.0,0.0
MH_487_999999,Kas,Kas,Central,Nashik,20.02434,73.65293,96.63,14.82,3.3,759.3,53.2,695.5,823.2,14.5,213.4,12.0,14.0,10.0,58.0,4.0,2.0,0.0
MH_487_551263,Shindewadi,Shindewadi,Sinnar,Nashik,19.77076,74.11966,144.26,34.4,-7.2,521.6,36.5,477.8,565.4,3.2,233.0,12.0,14.0,10.0,58.0,4.0,2.0,0.0
MH_487_551154,Maparwadi,Maparwadi,Sinnar,Nashik,19.87877,74.00219,133.38,25.05,-4.5,535.7,37.5,490.7,580.7,3.2,228.1,12.0,14.0,10.0,58.0,4.0,2.0,0.0
MH_487_551192,Bhokani,Bhokani,Sinnar,Nashik,19.81646,74.15064,148.86,29.61,-7.9,517.9,36.3,474.4,561.5,3.2,234.3,12.0,14.0,10.0,58.0,4.0,2.0,0.0
MH_487_551156,Kedarpur,Kedarpur,Sinnar,Nashik,19.84818,74.09078,142.91,25.85,-6.5,525.1,36.8,480.9,569.3,3.2,231.8,12.0,14.0,10.0,58.0,4.0,2.0,0.0
MH_487_551157,Shahapur,Shahapur,Sinnar,Nashik,19.8486,74.10028,143.9,25.75,-6.8,524.0,36.7,479.9,568.0,3.2,232.2,12.0,14.0,10.0,58.0,4.0,2.0,0.0
MH_487_551189,Dharangaon,Dharangaon,Sinnar,Nashik,19.83913,74.1652,150.76,27.4,-8.2,516.2,36.1,472.9,559.5,3.2,234.9,12.0,14.0,10.0,58.0,4.0,2.0,0.0
MH_487_551421,Dahegaon Patoda,Dahegaon Patoda,Yevla,Nashik,20.10432,74.34825,169.71,19.64,-12.3,494.2,34.6,452.7,535.7,3.2,242.6,12.0,14.0,10.0,58.0,4.0,2.0,0.0
MH_487_551431,Manori Bk,Manori Bk,Yevla,Nashik,20.03845,74.32541,166.87,18.74,-11.8,497.0,34.8,455.2,538.7,3.2,241.7,12.0,14.0,10.0,58.0,4.0,2.0,0.0
MH_487_551489,Bhingare,Bhingare,Yevla,Nashik,20.00663,74.37998,172.47,12.56,-13.0,490.4,34.3,449.2,531.6,3.2,244.0,12.0,14.0,10.0,58.0,4.0,2.0,0.0
MH_487_551426,Satare,Satare,Yevla,Nashik,20.0816,74.37808,172.62,15.64,-13.0,490.6,34.3,449.5,531.8,3.2,243.9,12.0,14.0,10.0,58.0,4.0,2.0,0.0
MH_487_551162,Bhatwadi,Bhatwadi,Sinnar,Nashik,19.82639,73.98893,132.59,27.63,-4.3,537.3,37.6,492.2,582.4,3.2,227.5,12.0,14.0,10.0,58.0,4.0,2.0,0.0
MH_487_551514,Garkhede,Garkhede,Yevla,Nashik,20.03097,74.60891,196.44,11.89,-15.0,462.9,32.4,424.1,501.8,3.2,253.6,12.0,14.0,10.0,58.0,4.0,2.0,0.0
MH_487_551236,Padali,Padali,Sinnar,Nashik,19.68348,73.94586,124.14,37.78,-3.3,542.5,38.0,496.9,588.1,3.2,225.7,12.0,14.0,10.0,58.0,4.0,2.0,0.0
MH_487_551237,Sonewadi,Sonewadi,Sinnar,Nashik,19.67768,74.03542,133.09,43.19,-5.3,531.7,37.2,487.1,576.4,3.2,229.5,12.0,14.0,10.0,58.0,4.0,2.0,0.0
MH_487_551238,Bhojapur,Bhojapur,Sinnar,Nashik,19.67347,74.06161,135.66,45.23,-5.9,528.6,37.0,484.2,573.0,3.2,230.6,12.0,14.0,10.0,58.0,4.0,2.0,0.0
MH_487_551240,Kasarwadi,Kasarwadi,Sinnar,Nashik,19.66638,74.08383,137.76,46.07,-6.4,525.9,36.8,481.8,570.1,3.2,231.5,12.0,14.0,10.0,58.0,4.0,2.0,0.0
MH_487_551241,Nalwadi,Nalwadi,Sinnar,Nashik,19.66664,74.11713,141.18,45.97,-7.1,521.9,36.5,478.1,565.7,3.2,232.9,12.0,14.0,10.0,58.0,4.0,2.0,0.0
MH_487_551143,Bramhan Wade,Bramhan Wade,Sinnar,Nashik,19.92481,73.93579,126.13,16.87,-3.1,543.7,38.1,498.0,589.4,3.2,225.3,12.0,14.0,10.0,58.0,4.0,2.0,0.0
MH_487_551169,Mahajanpur,Mahajanpur,Sinnar,Nashik,19.9226,74.24913,158.87,22.75,-10.1,506.1,35.4,463.6,548.6,3.2,238.5,12.0,14.0,10.0,58.0,4.0,2.0,0.0
MH_487_551179,Ujjani,Ujjani,Sinnar,Nashik,19.89981,74.25475,159.58,25.1,-10.2,505.4,35.4,462.9,547.9,3.2,238.7,12.0,14.0,10.0,58.0,4.0,2.0,0.0
MH_487_550995,Madsangavi,Madsangavi,Nashik,Nashik,19.99873,73.8811,120.33,9.57,-1.8,550.3,38.5,504.1,596.5,3.2,223.0,8.0,6.0,4.0,72.0,6.0,4.0,0.0
MH_487_551010,Nanegaon,Nanegaon,Nashik,Nashik,19.89301,73.86958,119.43,13.62,-1.6,551.6,38.6,505.3,598.0,3.2,222.5,8.0,6.0,4.0,72.0,6.0,4.0,0.0
MH_487_551009,Shewge Darna,Shewge Darna,Nashik,Nashik,19.91266,73.86544,118.86,11.67,-1.5,552.1,38.7,505.7,598.6,3.2,222.3,8.0,6.0,4.0,72.0,6.0,4.0,0.0
MH_487_551201,Saradwadi,Saradwadi,Sinnar,Nashik,19.84848,73.97169,130.52,24.67,-3.9,539.4,37.8,494.0,584.8,3.2,226.8,12.0,14.0,10.0,58.0,4.0,2.0,0.0
MH_487_551008,Palse,Palse,Nashik,Nashik,19.91029,73.8865,121.07,13.43,-1.9,549.6,38.5,503.4,595.8,3.2,223.2,8.0,6.0,4.0,72.0,6.0,4.0,0.0
MH_487_551007,Shinde,Shinde,Nashik,Nashik,19.91439,73.90997,123.49,15.1,-2.5,546.8,38.3,500.8,592.8,3.2,224.2,8.0,6.0,4.0,72.0,6.0,4.0,0.0
MH_487_551013,Rahuri,Rahuri,Nashik,Nashik,19.86168,73.85435,118.16,15.77,-1.2,553.5,38.7,507.0,599.9,3.2,221.9,8.0,6.0,4.0,72.0,6.0,4.0,0.0
MH_487_551012,Donwade,Donwade,Nashik,Nashik,19.86676,73.87225,119.96,16.18,-1.6,551.3,38.6,505.0,597.7,3.2,222.6,8.0,6.0,4.0,72.0,6.0,4.0,0.0
MH_487_551195,Mohu,Mohu,Sinnar,Nashik,19.90314,73.93894,126.59,18.32,-3.1,543.3,38.0,497.7,588.9,3.2,225.4,12.0,14.0,10.0,58.0,4.0,2.0,0.0
MH_487_551194,Chincholi,Chincholi,Sinnar,Nashik,19.88294,73.92171,124.95,18.2,-2.7,545.4,38.2,499.6,591.2,3.2,224.7,12.0,14.0,10.0,58.0,4.0,2.0,0.0
MH_487_551197,Vadgaon Pingala,Vadgaon Pingala,Sinnar,Nashik,19.86757,73.89571,122.4,17.53,-2.2,548.5,38.4,502.4,594.6,3.2,223.6,12.0,14.0,10.0,58.0,4.0,2.0,0.0
MH_487_551196,Mohdari,Mohdari,Sinnar,Nashik,19.8776,73.94968,127.92,20.85,-3.4,542.0,37.9,496.6,587.5,3.2,225.9,12.0,14.0,10.0,58.0,4.0,2.0,0.0
MH_487_551152,Wadzire,Wadzire,Sinnar,Nashik,19.90614,73.96633,129.43,20.66,-3.7,540.0,37.8,494.7,585.4,3.2,226.6,12.0,14.0,10.0,58.0,4.0,2.0,0.0
MH_487_551145,Deshwandi,Deshwandi,Sinnar,Nashik,19.91411,74.00826,133.76,21.29,-4.7,535.0,37.5,490.0,580.0,3.2,228.3,12.0,14.0,10.0,58.0,4.0,2.0,0.0
MH_487_551150,Baragaon Pimpri,Baragaon Pimpri,Sinnar,Nashik,19.89238,74.04673,137.91,21.89,-5.6,530.4,37.1,485.9,574.9,3.2,230.0,12.0,14.0,10.0,58.0,4.0,2.0,0.0
MH_487_551153,Malegaon,Malegaon,Sinnar,Nashik,19.87774,73.97591,130.65,23.1,-4.0,538.9,37.7,493.7,584.1,3.2,227.0,12.0,14.0,10.0,58.0,4.0,2.0,0.0
MH_487_551199,Jamgaon,Jamgaon,Sinnar,Nashik,19.84936,73.91813,124.94,20.59,-2.7,545.8,38.2,500.0,591.7,3.2,224.6,12.0,14.0,10.0,58.0,4.0,2.0,0.0
MH_487_551202,Chandrapur,Chandrapur,Sinnar,Nashik,19.8322,73.92077,125.44,22.24,-2.7,545.5,38.2,499.7,591.3,3.2,224.7,12.0,14.0,10.0,58.0,4.0,2.0,0.0
MH_487_551200,Paste,Paste,Sinnar,Nashik,19.84952,73.947,127.94,22.66,-3.3,542.4,38.0,496.8,588.0,3.2,225.8,12.0,14.0,10.0,58.0,4.0,2.0,0.0
MH_487_551198,Vinchur Dalvi,Vinchur Dalvi,Sinnar,Nashik,19.84726,73.87022,119.99,17.95,-1.6,551.6,38.6,505.3,597.9,3.2,222.5,12.0,14.0,10.0,58.0,4.0,2.0,0.0
MH_487_551204,Pandhurli,Pandhurli,Sinnar,Nashik,19.82608,73.85682,118.9,19.52,-1.3,553.2,38.7,506.7,599.6,3.2,222.0,12.0,14.0,10.0,58.0,4.0,2.0,0.0
MH_487_551203,Sawatamalinagar,Sawatamalinagar,Sinnar,Nashik,19.82754,73.87889,121.16,20.31,-1.8,550.5,38.5,504.3,596.7,3.2,222.9,12.0,14.0,10.0,58.0,4.0,2.0,0.0
MH_487_551214,Aundhewadi,Aundhewadi,Sinnar,Nashik,19.75997,73.85026,117.09,26.34,-1.1,554.0,38.8,507.4,600.5,3.2,221.7,12.0,14.0,10.0,58.0,4.0,2.0,0.0
MH_487_551211,Borkhind,Borkhind,Sinnar,Nashik,19.79545,73.86662,120.07,23.07,-1.5,552.0,38.6,505.7,598.3,3.2,222.4,12.0,14.0,10.0,58.0,4.0,2.0,0.0
MH_487_551215,Dhondbar,Dhondbar,Sinnar,Nashik,19.76231,73.87728,119.83,26.91,-1.7,550.7,38.6,504.4,597.0,3.2,222.8,12.0,14.0,10.0,58.0,4.0,2.0,0.0
MH_487_551210,Shivade,Shivade,Sinnar,Nashik,19.79169,73.89113,122.32,24.46,-2.1,549.1,38.4,503.0,595.1,3.2,223.4,12.0,14.0,10.0,58.0,4.0,2.0,0.0
MH_487_551205,Ghorwad,Ghorwad,Sinnar,Nashik,19.81879,73.89682,123.15,22.07,-2.2,548.4,38.4,502.3,594.5,3.2,223.7,12.0,14.0,10.0,58.0,4.0,2.0,0.0
MH_487_551206,Khaparale,Khaparale,Sinnar,Nashik,19.81834,73.92291,125.86,23.61,-2.8,545.3,38.2,499.4,591.1,3.2,224.8,12.0,14.0,10.0,58.0,4.0,2.0,0.0
MH_487_551216,Konambe,Konambe,Sinnar,Nashik,19.77329,73.91394,123.86,27.36,-2.6,546.3,38.2,500.5,592.2,3.2,224.4,12.0,14.0,10.0,58.0,4.0,2.0,0.0
MH_487_551217,Jayprakashnagar,Jayprakashnagar,Sinnar,Nashik,19.75895,73.95213,127.13,30.78,-3.4,541.7,37.9,496.3,587.2,3.2,226.0,12.0,14.0,10.0,58.0,4.0,2.0,0.0
MH_487_551208,Sonari,Sonari,Sinnar,Nashik,19.78414,73.95697,128.51,28.79,-3.5,541.2,37.9,495.7,586.6,3.2,226.2,12.0,14.0,10.0,58.0,4.0,2.0,0.0
MH_487_551221,Dubere,Dubere,Sinnar,Nashik,19.77251,73.97715,130.09,31.11,-4.0,538.7,37.7,493.5,584.0,3.2,227.0,12.0,14.0,10.0,58.0,4.0,2.0,0.0
MH_487_551228,Adwadi,Adwadi,Sinnar,Nashik,19.73491,73.93158,124.27,32.0,-3.0,544.2,38.1,498.5,589.9,3.2,225.1,12.0,14.0,10.0,58.0,4.0,2.0,0.0
MH_487_551227,Krishnanagar,Krishnanagar,Sinnar,Nashik,19.74024,73.97551,128.84,33.88,-3.9,538.9,37.7,493.7,584.2,3.2,227.0,12.0,14.0,10.0,58.0,4.0,2.0,0.0
MH_487_551207,Harsule,Harsule,Sinnar,Nashik,19.81494,73.9538,129.12,25.93,-3.5,541.5,37.9,496.1,587.0,3.2,226.1,12.0,14.0,10.0,58.0,4.0,2.0,0.0
MH_487_551163,Shastrinagar,Shastrinagar,Sinnar,Nashik,19.82277,73.96859,130.53,26.35,-3.8,539.8,37.8,494.4,585.1,3.2,226.7,12.0,14.0,10.0,58.0,4.0,2.0,0.0
MH_487_551164,Wadgaon Sinnar,Wadgaon Sinnar,Sinnar,Nashik,19.80396,73.97521,131.04,28.34,-3.9,539.0,37.7,493.7,584.2,3.2,227.0,12.0,14.0,10.0,58.0,4.0,2.0,0.0
MH_487_551218,Manegaon,Manegaon,Sinnar,Nashik,19.80263,74.01333,134.75,31.29,-4.8,534.4,37.4,489.5,579.3,3.2,228.6,12.0,14.0,10.0,58.0,4.0,2.0,0.0
MH_487_551219,Dhondvirnagar,Dhondvirnagar,Sinnar,Nashik,19.80122,74.03679,137.02,31.93,-5.3,531.6,37.2,486.9,576.2,3.2,229.5,12.0,14.0,10.0,58.0,4.0,2.0,0.0
MH_487_551222,Patole,Patole,Sinnar,Nashik,19.7773,74.00578,133.1,32.69,-4.6,535.3,37.5,490.3,580.3,3.2,228.2,12.0,14.0,10.0,58.0,4.0,2.0,0.0
MH_487_551226,Ramnagar,Ramnagar,Sinnar,Nashik,19.76512,74.01508,133.61,34.34,-4.8,534.2,37.4,489.3,579.1,3.2,228.6,12.0,14.0,10.0,58.0,4.0,2.0,0.0
MH_487_551234,Ashapur,Ashapur,Sinnar,Nashik,19.70036,73.95483,125.53,36.53,-3.5,541.4,37.9,495.9,586.9,3.2,226.1,12.0,14.0,10.0,58.0,4.0,2.0,0.0
MH_487_551235,Thangaon,Thangaon,Sinnar,Nashik,19.71102,73.93104,123.45,34.35,-2.9,544.3,38.1,498.6,590.0,3.2,225.1,12.0,14.0,10.0,58.0,4.0,2.0,0.0
MH_487_551233,Hivare,Hivare,Sinnar,Nashik,19.71004,73.98634,129.0,37.29,-4.2,537.6,37.6,492.5,582.8,3.2,227.4,12.0,14.0,10.0,58.0,4.0,2.0,0.0
MH_487_551232,Pimpale,Pimpale,Sinnar,Nashik,19.69923,74.00055,130.13,39.12,-4.5,535.9,37.5,490.9,580.9,3.2,228.0,12.0,14.0,10.0,58.0,4.0,2.0,0.0
MH_487_551231,Chapadgaon,Chapadgaon,Sinnar,Nashik,19.70945,74.04895,135.31,41.31,-5.6,530.1,37.1,485.6,574.6,3.2,230.1,12.0,14.0,10.0,58.0,4.0,2.0,0.0
MH_487_551229,Dhulwad,Dhulwad,Sinnar,Nashik,19.72074,74.02012,132.72,38.41,-5.0,533.6,37.4,488.7,578.5,3.2,228.8,12.0,14.0,10.0,58.0,4.0,2.0,0.0
MH_487_551230,Dapur,Dapur,Sinnar,Nashik,19.74022,74.05147,136.47,38.27,-5.7,529.8,37.1,485.3,574.3,3.2,230.2,12.0,14.0,10.0,58.0,4.0,2.0,0.0
MH_487_551225,Dattanagar,Dattanagar,Sinnar,Nashik,19.76166,74.05452,137.44,35.87,-5.7,529.5,37.1,484.9,574.0,3.2,230.3,12.0,14.0,10.0,58.0,4.0,2.0,0.0
MH_487_551223,Gonde,Gonde,Sinnar,Nashik,19.78755,74.05828,138.68,32.97,-5.8,529.0,37.0,484.6,573.4,3.2,230.4,12.0,14.0,10.0,58.0,4.0,2.0,0.0
MH_487_551160,Kundewadi,Kundewadi,Sinnar,Nashik,19.83258,74.0314,136.92,28.71,-5.2,532.2,37.3,487.5,577.0,3.2,229.3,12.0,14.0,10.0,58.0,4.0,2.0,0.0
MH_487_551155,Kundewadi,Kundewadi,Sinnar,Nashik,19.83397,74.04092,137.89,28.29,-5.4,531.1,37.2,486.4,575.7,3.2,229.7,12.0,14.0,10.0,58.0,4.0,2.0,0.0
MH_487_251447,Sinnar,Sinnar,Central,Nashik,19.84631,74.01099,134.63,27.97,-4.7,534.7,37.4,489.8,579.6,3.2,228.5,12.0,14.0,10.0,58.0,4.0,2.0,0.0
MH_487_551159,Musalgaon,Musalgaon,Sinnar,Nashik,19.8342,74.06394,140.28,27.75,-5.9,528.3,37.0,483.9,572.7,3.2,230.7,12.0,14.0,10.0,58.0,4.0,2.0,0.0
MH_487_251444,Bhagur,Bhagur,Central,Nashik,19.87838,73.85179,117.71,13.99,-1.2,553.8,38.8,507.2,600.3,3.2,221.8,12.0,14.0,10.0,58.0,4.0,2.0,0.0
MH_487_551151,Sundarpur,Sundarpur,Sinnar,Nashik,19.89693,74.01799,134.88,22.51,-4.9,533.8,37.4,489.0,578.7,3.2,228.8,12.0,14.0,10.0,58.0,4.0,2.0,0.0
MH_487_551255,Marhal Bk,Marhal Bk,Sinnar,Nashik,19.78459,74.1714,149.89,33.47,-8.4,515.4,36.1,472.1,558.8,3.2,235.2,12.0,14.0,10.0,58.0,4.0,2.0,0.0
MH_487_551209,Sonambe,Sonambe,Sinnar,Nashik,19.78273,73.93756,126.54,27.73,-3.1,543.5,38.0,497.9,589.1,3.2,225.4,12.0,14.0,10.0,58.0,4.0,2.0,0.0
MH_487_551239,Chas,Chas,Sinnar,Nashik,19.6965,74.09057,139.19,42.69,-6.5,525.1,36.8,481.0,569.3,3.2,231.8,12.0,14.0,10.0,58.0,4.0,2.0,0.0
MH_487_551264,Dodi Kh,Dodi Kh,Sinnar,Nashik,19.77632,74.1531,147.8,34.07,-7.9,517.6,36.2,474.2,561.1,3.2,234.4,12.0,14.0,10.0,58.0,4.0,2.0,0.0
MH_487_551269,Nandur Shingote,Nandur Shingote,Sinnar,Nashik,19.71484,74.13697,144.39,40.7,-7.6,519.6,36.4,475.9,563.2,3.2,233.8,12.0,14.0,10.0,58.0,4.0,2.0,0.0
MH_487_551224,Shivajinagar,Shivajinagar,Sinnar,Nashik,19.7709,74.08381,140.67,34.48,-6.4,525.9,36.8,481.8,570.1,3.2,231.5,12.0,14.0,10.0,58.0,4.0,2.0,0.0
MH_487_551193,Khambale,Khambale,Sinnar,Nashik,19.79575,74.12283,145.39,31.64,-7.3,521.3,36.5,477.5,565.1,3.2,233.2,12.0,14.0,10.0,58.0,4.0,2.0,0.0
MH_487_551261,Suregaon,Suregaon,Sinnar,Nashik,19.7529,74.09251,140.98,36.42,-6.6,524.9,36.7,480.9,568.9,3.2,231.9,12.0,14.0,10.0,58.0,4.0,2.0,0.0
MH_487_551262,Dodi Bk,Dodi Bk,Sinnar,Nashik,19.75006,74.11794,143.46,36.7,-7.2,521.8,36.5,478.0,565.6,3.2,233.0,12.0,14.0,10.0,58.0,4.0,2.0,0.0
MH_487_551265,Manori,Manori,Sinnar,Nashik,19.74439,74.15626,147.16,37.63,-8.0,517.2,36.2,473.8,560.7,3.2,234.6,12.0,14.0,10.0,58.0,4.0,2.0,0.0
MH_487_551266,Kankori,Kankori,Sinnar,Nashik,19.75296,74.17725,149.53,37.04,-8.5,514.7,36.0,471.5,557.9,3.2,235.4,12.0,14.0,10.0,58.0,4.0,2.0,0.0
MH_487_551268,Fattepur,Fattepur,Sinnar,Nashik,19.74462,74.20688,152.3,38.64,-9.2,511.2,35.8,468.2,554.1,3.2,236.7,12.0,14.0,10.0,58.0,4.0,2.0,0.0
MH_487_551158,Datli,Datli,Sinnar,Nashik,19.81315,74.09247,142.96,29.73,-6.6,524.9,36.7,480.9,568.9,3.2,231.9,12.0,14.0,10.0,58.0,4.0,2.0,0.0
MH_487_551020,Sansari,Sansari,Central,Nashik,19.90962,73.85047,117.31,10.95,-1.1,553.9,38.8,507.4,600.5,3.2,221.7,12.0,14.0,10.0,58.0,4.0,2.0,0.0
MH_487_551267,Nirhale,Nirhale,Sinnar,Nashik,19.76113,74.20564,152.64,36.84,-9.1,511.3,35.8,468.4,554.3,3.2,236.6,12.0,14.0,10.0,58.0,4.0,2.0,0.0
MH_487_551259,Ghotewadi,Ghotewadi,Sinnar,Nashik,19.77358,74.19524,151.95,35.22,-8.9,512.6,35.9,469.5,555.7,3.2,236.2,12.0,14.0,10.0,58.0,4.0,2.0,0.0
MH_487_551256,Marhal Kh,Marhal Kh,Sinnar,Nashik,19.78647,74.19877,152.7,33.93,-9.0,512.1,35.9,469.1,555.2,3.2,236.3,12.0,14.0,10.0,58.0,4.0,2.0,0.0
MH_487_551260,Gulapur,Gulapur,Sinnar,Nashik,19.76232,74.23528,155.67,37.67,-9.8,507.8,35.5,465.2,550.4,3.2,237.9,12.0,14.0,10.0,58.0,4.0,2.0,0.0
MH_487_551258,Kahandalwadi,Kahandalwadi,Sinnar,Nashik,19.77165,74.25975,158.41,35.72,-10.3,504.8,35.3,462.5,547.2,3.2,238.9,12.0,14.0,10.0,58.0,4.0,2.0,0.0
MH_487_551257,Fulenagar,Fulenagar,Sinnar,Nashik,19.79089,74.22305,155.28,34.25,-9.5,509.2,35.6,466.5,552.0,3.2,237.4,12.0,14.0,10.0,58.0,4.0,2.0,0.0
MH_487_551251,Dusangwadi,Dusangwadi,Sinnar,Nashik,19.79955,74.27647,160.92,32.3,-10.7,502.8,35.2,460.6,545.1,3.2,239.6,12.0,14.0,10.0,58.0,4.0,2.0,0.0
MH_487_551250,Maldhon,Maldhon,Sinnar,Nashik,19.79058,74.29199,162.21,31.86,-11.1,501.0,35.1,458.8,543.1,3.2,240.3,12.0,14.0,10.0,58.0,4.0,2.0,0.0
MH_487_551188,Khopadi Bk,Khopadi Bk,Sinnar,Nashik,19.85291,74.1185,145.75,25.27,-7.2,521.8,36.5,478.0,565.6,3.2,233.0,12.0,14.0,10.0,58.0,4.0,2.0,0.0
MH_487_551191,Khopadi Kh,Khopadi Kh,Sinnar,Nashik,19.83044,74.12153,146.32,27.78,-7.2,521.4,36.5,477.6,565.2,3.2,233.1,12.0,14.0,10.0,58.0,4.0,2.0,0.0
MH_487_551190,Fardapur,Fardapur,Sinnar,Nashik,19.84195,74.14456,148.58,26.71,-7.8,518.7,36.3,475.1,562.2,3.2,234.1,12.0,14.0,10.0,58.0,4.0,2.0,0.0
MH_487_551173,Nimgaon Deopur,Nimgaon Deopur,Sinnar,Nashik,19.91466,74.10229,143.57,18.4,-6.8,523.7,36.7,479.7,567.8,3.2,232.3,12.0,14.0,10.0,58.0,4.0,2.0,0.0
MH_487_551254,Pangari Kh,Pangari Kh,Sinnar,Nashik,19.80859,74.21007,154.53,31.94,-9.2,510.8,35.8,467.8,553.8,3.2,236.8,12.0,14.0,10.0,58.0,4.0,2.0,0.0
MH_487_551253,Pangari Bk,Pangari Bk,Sinnar,Nashik,19.82396,74.19326,153.36,29.77,-8.8,512.8,35.9,469.7,555.9,3.2,236.1,12.0,14.0,10.0,58.0,4.0,2.0,0.0
MH_487_551187,Deopur,Deopur,Sinnar,Nashik,19.86548,74.16336,150.3,24.5,-8.2,516.4,36.1,473.1,559.7,3.2,234.9,12.0,14.0,10.0,58.0,4.0,2.0,0.0
MH_487_551176,Eklahare,Eklahare,Sinnar,Nashik,19.88591,74.14326,148.03,21.86,-7.7,518.8,36.3,475.2,562.4,3.2,234.0,12.0,14.0,10.0,58.0,4.0,2.0,0.0
MH_487_551174,Gulvanch,Gulvanch,Sinnar,Nashik,19.88,74.09626,143.18,22.29,-6.7,524.4,36.7,480.4,568.5,3.2,232.0,12.0,14.0,10.0,58.0,4.0,2.0,0.0
MH_487_551175,Kirtangali,Kirtangali,Sinnar,Nashik,19.90387,74.14727,148.33,19.97,-7.8,518.3,36.3,474.8,561.9,3.2,234.2,12.0,14.0,10.0,58.0,4.0,2.0,0.0
MH_487_551177,Nimgaon Sinner,Nimgaon Sinner,Sinnar,Nashik,19.8964,74.18134,151.93,21.73,-8.6,514.2,36.0,471.0,557.4,3.2,235.6,12.0,14.0,10.0,58.0,4.0,2.0,0.0
MH_487_551178,Pimpalgaon,Pimpalgaon,Sinnar,Nashik,19.90544,74.22105,156.02,22.61,-9.5,509.5,35.7,466.6,552.3,3.2,237.3,12.0,14.0,10.0,58.0,4.0,2.0,0.0
MH_487_551186,Panchale,Panchale,Sinnar,Nashik,19.86856,74.20967,155.1,25.72,-9.2,510.8,35.8,467.9,553.8,3.2,236.8,12.0,14.0,10.0,58.0,4.0,2.0,0.0
MH_487_551185,Shrirampur,Shrirampur,Sinnar,Nashik,19.88037,74.23808,157.97,25.92,-9.9,507.4,35.5,464.8,550.0,3.2,238.0,12.0,14.0,10.0,58.0,4.0,2.0,0.0
MH_487_551184,Rampur,Rampur,Sinnar,Nashik,19.88539,74.26736,160.99,27.18,-10.5,503.9,35.3,461.6,546.3,3.2,239.2,12.0,14.0,10.0,58.0,4.0,2.0,0.0
MH_487_551183,Karwadi,Karwadi,Sinnar,Nashik,19.87714,74.27997,162.36,26.75,-10.8,502.4,35.2,460.2,544.6,3.2,239.8,12.0,14.0,10.0,58.0,4.0,2.0,0.0
MH_487_551242,Mith Sagare,Mith Sagare,Sinnar,Nashik,19.84612,74.23451,157.9,29.08,-9.8,507.9,35.6,465.1,550.6,3.2,237.8,12.0,14.0,10.0,58.0,4.0,2.0,0.0
MH_487_551182,Shaha,Shaha,Sinnar,Nashik,19.8537,74.27879,162.44,28.27,-10.8,502.5,35.2,460.3,544.8,3.2,239.7,12.0,14.0,10.0,58.0,4.0,2.0,0.0
MH_487_551252,Wavi,Wavi,Sinnar,Nashik,19.812,74.24764,158.41,33.09,-10.1,506.3,35.4,463.8,548.8,3.2,238.4,12.0,14.0,10.0,58.0,4.0,2.0,0.0
MH_487_551243,Pimparwadi,Pimparwadi,Sinnar,Nashik,19.82507,74.27324,161.39,30.67,-10.6,503.2,35.2,461.0,545.5,3.2,239.5,12.0,14.0,10.0,58.0,4.0,2.0,0.0
MH_487_551344,Dongargaon,Dongargaon,Niphad,Nashik,20.07351,74.2403,158.21,13.63,-9.9,507.2,35.5,464.6,549.8,3.2,238.1,8.0,6.0,4.0,72.0,6.0,4.0,0.0
MH_487_550672,Shivnai,Shivnai,Dindori,Nashik,20.09175,73.86672,119.52,13.86,-1.5,552.0,38.6,505.7,598.3,3.2,222.4,8.0,6.0,4.0,72.0,6.0,4.0,0.0
MH_487_550674,Jaulakedindori,Jaulakedindori,Dindori,Nashik,20.06974,73.9085,123.62,15.23,-2.4,547.0,38.3,501.0,592.9,3.2,224.2,8.0,6.0,4.0,72.0,6.0,4.0,0.0
MH_487_550994,Sultanpur,Sultanpur,Nashik,Nashik,20.01556,73.88803,121.11,10.63,-2.0,549.4,38.5,503.2,595.6,3.2,223.3,8.0,6.0,4.0,72.0,6.0,4.0,0.0
MH_487_550673,Janori,Janori,Dindori,Nashik,20.09764,73.89715,122.75,16.39,-2.2,548.3,38.4,502.3,594.4,3.2,223.7,8.0,6.0,4.0,72.0,6.0,4.0,0.0
MH_487_550668,Ambedindori,Ambedindori,Dindori,Nashik,20.11717,73.86618,119.81,16.23,-1.5,552.1,38.6,505.7,598.4,3.2,222.4,8.0,6.0,4.0,72.0,6.0,4.0,0.0
MH_487_550667,Ganorwadi Ganeshgaon,Ganorwadi Ganeshgaon,Dindori,Nashik,20.12591,73.88662,122.05,18.17,-1.9,549.6,38.5,503.4,595.8,3.2,223.2,8.0,6.0,4.0,72.0,6.0,4.0,0.0
MH_487_550666,Mohadi,Mohadi,Dindori,Nashik,20.14366,73.90502,124.24,20.89,-2.4,547.4,38.3,501.4,593.4,3.2,224.0,8.0,6.0,4.0,72.0,6.0,4.0,0.0
MH_487_551011,Belatgavhan,Belatgavhan,Nashik,Nashik,19.92432,73.85664,117.87,10.09,-1.3,553.2,38.7,506.8,599.6,3.2,222.0,8.0,6.0,4.0,72.0,6.0,4.0,0.0
MH_487_551006,Chandgiri,Chandgiri,Nashik,Nashik,19.93688,73.92656,125.12,15.45,-2.8,544.8,38.1,499.1,590.5,3.2,224.9,8.0,6.0,4.0,72.0,6.0,4.0,0.0
MH_487_551005,Mohagaon,Mohagaon,Nashik,Nashik,19.94033,73.9089,123.26,13.6,-2.5,546.9,38.3,501.0,592.9,3.2,224.2,8.0,6.0,4.0,72.0,6.0,4.0,0.0
MH_487_551004,Babhaleshwar,Babhaleshwar,Nashik,Nashik,19.94323,73.8964,121.95,12.28,-2.2,548.4,38.4,502.4,594.5,3.2,223.6,8.0,6.0,4.0,72.0,6.0,4.0,0.0
MH_487_551002,Jakhori,Jakhori,Nashik,Nashik,19.95519,73.94096,126.57,16.24,-3.2,543.1,38.0,497.5,588.7,3.2,225.5,8.0,6.0,4.0,72.0,6.0,4.0,0.0
MH_487_551003,Kotamgaon,Kotamgaon,Nashik,Nashik,19.96048,73.91403,123.75,13.37,-2.6,546.3,38.2,500.5,592.2,3.2,224.4,8.0,6.0,4.0,72.0,6.0,4.0,0.0
MH_487_551001,Hinganwedhe,Hinganwedhe,Nashik,Nashik,19.96987,73.93245,125.67,15.05,-3.0,544.1,38.1,498.4,589.8,3.2,225.2,8.0,6.0,4.0,72.0,6.0,4.0,0.0
MH_487_550999,Gangapadali,Gangapadali,Nashik,Nashik,19.98849,73.93575,126.02,15.23,-3.1,543.7,38.1,498.0,589.4,3.2,225.3,8.0,6.0,4.0,72.0,6.0,4.0,0.0
MH_487_551000,Kalavi,Kalavi,Nashik,Nashik,19.99001,73.9472,127.22,16.43,-3.3,542.3,38.0,496.7,587.9,3.2,225.8,8.0,6.0,4.0,72.0,6.0,4.0,0.0
MH_487_550993,Vinchurgavali,Vinchurgavali,Nashik,Nashik,20.03102,73.89836,122.27,12.21,-2.2,548.2,38.4,502.1,594.3,3.2,223.7,8.0,6.0,4.0,72.0,6.0,4.0,0.0
MH_487_550996,Shilapur,Shilapur,Nashik,Nashik,20.00703,73.90413,122.76,12.07,-2.3,547.5,38.3,501.5,593.5,3.2,224.0,8.0,6.0,4.0,72.0,6.0,4.0,0.0
MH_487_550997,Odha,Odha,Nashik,Nashik,20.02283,73.91885,124.36,13.95,-2.7,545.7,38.2,499.9,591.6,3.2,224.6,8.0,6.0,4.0,72.0,6.0,4.0,0.0
MH_487_550998,Lakhalgaon,Lakhalgaon,Nashik,Nashik,20.0138,73.93614,126.13,15.5,-3.1,543.7,38.1,497.9,589.4,3.2,225.3,8.0,6.0,4.0,72.0,6.0,4.0,0.0
MH_487_550992,Pimpri Sayyad,Pimpri Sayyad,Nashik,Nashik,20.05156,73.94234,126.99,17.33,-3.2,542.9,38.0,497.3,588.5,3.2,225.6,8.0,6.0,4.0,72.0,6.0,4.0,0.0
MH_487_551142,Songiri,Songiri,Sinnar,Nashik,19.93761,73.9494,127.5,17.65,-3.4,542.1,37.9,496.6,587.6,3.2,225.9,12.0,14.0,10.0,58.0,4.0,2.0,0.0
MH_487_551141,Naigaon,Naigaon,Sinnar,Nashik,19.94983,73.98003,130.67,19.85,-4.1,538.4,37.7,493.2,583.6,3.2,227.2,12.0,14.0,10.0,58.0,4.0,2.0,0.0
MH_487_551144,Jaygaon,Jaygaon,Sinnar,Nashik,19.92864,73.97923,130.65,20.92,-4.0,538.5,37.7,493.3,583.7,3.2,227.1,12.0,14.0,10.0,58.0,4.0,2.0,0.0
MH_487_551146,Patpimpri,Patpimpri,Sinnar,Nashik,19.91864,74.05442,138.55,18.86,-5.7,529.5,37.1,484.9,574.0,3.2,230.3,12.0,14.0,10.0,58.0,4.0,2.0,0.0
MH_487_551147,Hiwargaon,Hiwargaon,Sinnar,Nashik,19.95011,74.10745,143.98,14.45,-6.9,523.1,36.6,479.2,567.0,3.2,232.5,12.0,14.0,10.0,58.0,4.0,2.0,0.0
MH_487_551149,Keru Patilnagar,Keru Patilnagar,Sinnar,Nashik,19.93407,74.11095,144.39,16.23,-7.0,522.7,36.6,478.8,566.6,3.2,232.7,12.0,14.0,10.0,58.0,4.0,2.0,0.0
MH_487_551148,Komalwadi,Komalwadi,Sinnar,Nashik,19.94282,74.14325,147.74,15.64,-7.7,518.8,36.3,475.2,562.4,3.2,234.0,12.0,14.0,10.0,58.0,4.0,2.0,0.0
MH_487_551172,Vadangali,Vadangali,Sinnar,Nashik,19.92969,74.15525,149.04,17.37,-8.0,517.4,36.2,473.9,560.8,3.2,234.5,12.0,14.0,10.0,58.0,4.0,2.0,0.0
MH_487_551165,Chondhi,Chondhi,Sinnar,Nashik,19.94658,74.1875,152.35,16.9,-8.7,513.5,35.9,470.4,556.6,3.2,235.9,12.0,14.0,10.0,58.0,4.0,2.0,0.0
MH_487_551170,Mendhi,Mendhi,Sinnar,Nashik,19.93001,74.19293,152.97,18.79,-8.8,512.8,35.9,469.8,555.9,3.2,236.1,12.0,14.0,10.0,58.0,4.0,2.0,0.0
MH_487_551171,Khadangali,Khadangali,Sinnar,Nashik,19.91494,74.18331,152.03,19.89,-8.6,514.0,36.0,470.8,557.2,3.2,235.7,12.0,14.0,10.0,58.0,4.0,2.0,0.0
MH_487_551166,Somthane,Somthane,Sinnar,Nashik,19.9374,74.21691,155.45,19.4,-9.4,510.0,35.7,467.1,552.8,3.2,237.1,12.0,14.0,10.0,58.0,4.0,2.0,0.0
MH_487_551167,Sangavi,Sangavi,Sinnar,Nashik,19.94197,74.23793,157.64,20.35,-9.9,507.4,35.5,464.8,550.0,3.2,238.0,12.0,14.0,10.0,58.0,4.0,2.0,0.0
MH_487_276417,Dahiwadi,Dahiwadi,Central,Nashik,19.92382,74.26501,160.53,23.75,-10.5,504.2,35.3,461.8,546.6,3.2,239.1,12.0,14.0,10.0,58.0,4.0,2.0,0.0
MH_487_551140,Jogaltembhi,Jogaltembhi,Sinnar,Nashik,19.96582,73.95851,128.39,17.81,-3.6,541.0,37.9,495.5,586.5,3.2,226.3,12.0,14.0,10.0,58.0,4.0,2.0,0.0
MH_487_551299,Sakore,Sakore,Niphad,Nashik,20.14179,73.94872,128.72,18.19,-3.3,542.2,38.0,496.6,587.8,3.2,225.8,8.0,6.0,4.0,72.0,6.0,4.0,0.0
MH_487_551300,Amrut Nagar,Amrut Nagar,Niphad,Nashik,20.09727,73.92082,125.2,18.14,-2.7,545.5,38.2,499.7,591.3,3.2,224.7,8.0,6.0,4.0,72.0,6.0,4.0,0.0
MH_487_551301,Vijay Nagar,Vijay Nagar,Niphad,Nashik,20.08557,73.9632,129.47,15.34,-3.7,540.4,37.8,495.1,585.8,3.2,226.5,8.0,6.0,4.0,72.0,6.0,4.0,0.0
MH_487_551277,Narayangaon,Narayangaon,Niphad,Nashik,20.05914,73.98078,131.06,13.69,-4.1,538.3,37.7,493.1,583.5,3.2,227.2,8.0,6.0,4.0,72.0,6.0,4.0,0.0
MH_487_551281,Chitegaon,Chitegaon,Niphad,Nashik,20.02969,73.96842,129.57,15.81,-3.8,539.8,37.8,494.4,585.1,3.2,226.7,8.0,6.0,4.0,72.0,6.0,4.0,0.0
MH_487_551282,Chehedi Kh,Chehedi Kh,Niphad,Nashik,20.01351,73.95059,127.64,16.98,-3.4,541.9,37.9,496.4,587.4,3.2,225.9,8.0,6.0,4.0,72.0,6.0,4.0,0.0
MH_487_551283,Varhe Davna,Varhe Davna,Niphad,Nashik,20.00228,73.9603,128.61,17.85,-3.6,540.8,37.9,495.3,586.2,3.2,226.3,8.0,6.0,4.0,72.0,6.0,4.0,0.0
MH_487_551285,Lalpadi,Lalpadi,Niphad,Nashik,19.98949,73.9637,128.94,18.15,-3.7,540.4,37.8,495.0,585.7,3.2,226.5,8.0,6.0,4.0,72.0,6.0,4.0,0.0
MH_487_551286,Darna Sangvi,Darna Sangvi,Niphad,Nashik,19.97991,73.97466,130.08,17.99,-3.9,539.0,37.7,493.8,584.3,3.2,226.9,8.0,6.0,4.0,72.0,6.0,4.0,0.0
MH_487_551386,Sawali,Sawali,Niphad,Nashik,19.96917,73.99084,131.77,17.52,-4.3,537.1,37.6,492.0,582.2,3.2,227.6,8.0,6.0,4.0,72.0,6.0,4.0,0.0
MH_487_551385,Chatori,Chatori,Niphad,Nashik,19.97955,74.00384,133.13,15.74,-4.6,535.5,37.5,490.5,580.5,3.2,228.2,8.0,6.0,4.0,72.0,6.0,4.0,0.0
MH_487_551284,Shimpi Takali,Shimpi Takali,Niphad,Nashik,19.99678,73.98124,130.79,16.33,-4.1,538.3,37.7,493.0,583.5,3.2,227.2,8.0,6.0,4.0,72.0,6.0,4.0,0.0
MH_487_551280,Nagapur,Nagapur,Niphad,Nashik,20.00977,73.99279,132.03,14.52,-4.3,536.9,37.6,491.7,582.0,3.2,227.7,8.0,6.0,4.0,72.0,6.0,4.0,0.0
MH_487_551388,Pimpalgaon Nipani,Pimpalgaon Nipani,Niphad,Nashik,19.94839,74.0245,135.32,17.15,-5.1,533.1,37.3,488.3,577.8,3.2,229.0,8.0,6.0,4.0,72.0,6.0,4.0,0.0
MH_487_551389,Talwade,Talwade,Niphad,Nashik,19.94805,74.04896,137.87,16.0,-5.6,530.1,37.1,485.6,574.6,3.2,230.1,8.0,6.0,4.0,72.0,6.0,4.0,0.0
MH_487_551390,Mahajanpur,Mahajanpur,Niphad,Nashik,19.95499,74.06939,139.99,14.53,-6.1,527.7,36.9,483.4,572.0,3.2,230.9,8.0,6.0,4.0,72.0,6.0,4.0,0.0
MH_487_551396,Shrirampur,Shrirampur,Niphad,Nashik,19.96978,74.08963,142.09,12.44,-6.5,525.2,36.8,481.1,569.4,3.2,231.8,8.0,6.0,4.0,72.0,6.0,4.0,0.0
MH_487_551315,Deopur,Deopur,Niphad,Nashik,20.13326,74.07767,141.94,6.82,-6.2,526.7,36.9,482.4,571.0,3.2,231.3,8.0,6.0,4.0,72.0,6.0,4.0,0.0
MH_487_551397,Mhalsakore,Mhalsakore,Niphad,Nashik,19.97815,74.11805,145.06,11.36,-7.2,521.8,36.5,478.0,565.6,3.2,233.0,8.0,6.0,4.0,72.0,6.0,4.0,0.0
MH_487_551400,Tarukhedle,Tarukhedle,Niphad,Nashik,19.97495,74.14867,148.26,12.36,-7.8,518.2,36.3,474.6,561.7,3.2,234.2,8.0,6.0,4.0,72.0,6.0,4.0,0.0
MH_487_551401,Tamaswadi,Tamaswadi,Niphad,Nashik,19.97339,74.17434,150.94,13.63,-8.4,515.1,36.1,471.8,558.4,3.2,235.3,8.0,6.0,4.0,72.0,6.0,4.0,0.0
MH_487_551402,Karanji Kh,Karanji Kh,Niphad,Nashik,19.97089,74.19751,153.37,15.19,-8.9,512.3,35.9,469.2,555.4,3.2,236.3,8.0,6.0,4.0,72.0,6.0,4.0,0.0
MH_487_551403,Bramhanwade,Bramhanwade,Niphad,Nashik,19.96271,74.21728,155.44,17.2,-9.4,509.9,35.7,467.1,552.8,3.2,237.1,8.0,6.0,4.0,72.0,6.0,4.0,0.0
MH_487_551357,Kalgaon,Kalgaon,Niphad,Nashik,19.98206,74.24501,158.33,17.82,-10.0,506.6,35.5,464.0,549.2,3.2,238.3,8.0,6.0,4.0,72.0,6.0,4.0,0.0
MH_487_551364,Kanlad,Kanlad,Niphad,Nashik,19.97771,74.26964,160.9,20.19,-10.6,503.6,35.3,461.3,546.0,3.2,239.3,8.0,6.0,4.0,72.0,6.0,4.0,0.0
MH_487_551363,Shirwade Wakad,Shirwade Wakad,Niphad,Nashik,19.98755,74.30036,164.12,20.91,-11.3,500.0,35.0,458.0,542.0,3.2,240.6,8.0,6.0,4.0,72.0,6.0,4.0,0.0
MH_487_551362,Wakad,Wakad,Niphad,Nashik,20.00968,74.29863,163.97,21.07,-11.2,500.2,35.0,458.2,542.2,3.2,240.5,8.0,6.0,4.0,72.0,6.0,4.0,0.0
MH_487_551356,Khedale Zunge,Khedale Zunge,Niphad,Nashik,19.98989,74.22342,156.08,15.52,-9.5,509.2,35.6,466.5,551.9,3.2,237.4,8.0,6.0,4.0,72.0,6.0,4.0,0.0
MH_487_551358,Rui,Rui,Niphad,Nashik,20.01513,74.23974,157.84,15.35,-9.9,507.2,35.5,464.6,549.8,3.2,238.1,8.0,6.0,4.0,72.0,6.0,4.0,0.0
MH_487_551359,Deogaon,Deogaon,Niphad,Nashik,20.02346,74.26635,160.64,17.5,-10.5,504.0,35.3,461.7,546.4,3.2,239.2,8.0,6.0,4.0,72.0,6.0,4.0,0.0
MH_487_551355,Sarole Thadi,Sarole Thadi,Niphad,Nashik,20.00295,74.20063,153.72,12.77,-9.0,511.9,35.8,469.0,554.9,3.2,236.4,8.0,6.0,4.0,72.0,6.0,4.0,0.0
MH_487_551399,Khangaon Thadi,Khangaon Thadi,Niphad,Nashik,20.00397,74.14329,147.73,9.14,-7.7,518.8,36.3,475.2,562.4,3.2,234.0,8.0,6.0,4.0,72.0,6.0,4.0,0.0
MH_487_551398,Majargaon,Majargaon,Niphad,Nashik,20.00635,74.12109,145.42,8.27,-7.2,521.5,36.5,477.7,565.3,3.2,233.1,8.0,6.0,4.0,72.0,6.0,4.0,0.0
MH_487_551393,Chapadgaon,Chapadgaon,Niphad,Nashik,20.01954,74.10143,143.41,6.78,-6.8,523.8,36.7,479.8,567.9,3.2,232.3,8.0,6.0,4.0,72.0,6.0,4.0,0.0
MH_487_551394,Bhuse,Bhuse,Niphad,Nashik,19.99851,74.09905,143.1,9.13,-6.7,524.1,36.7,480.1,568.2,3.2,232.2,8.0,6.0,4.0,72.0,6.0,4.0,0.0
MH_487_551395,Aurangpur,Aurangpur,Niphad,Nashik,19.97858,74.08075,141.16,11.68,-6.3,526.3,36.8,482.1,570.5,3.2,231.4,8.0,6.0,4.0,72.0,6.0,4.0,0.0
MH_487_551391,Bhendali,Bhendali,Niphad,Nashik,19.98602,74.06209,139.22,11.59,-5.9,528.5,37.0,484.1,572.9,3.2,230.6,8.0,6.0,4.0,72.0,6.0,4.0,0.0
MH_487_551387,Ramnagar,Ramnagar,Niphad,Nashik,19.97983,74.02942,135.8,13.96,-5.2,532.5,37.3,487.7,577.2,3.2,229.2,8.0,6.0,4.0,72.0,6.0,4.0,0.0
MH_487_551384,Songaon,Songaon,Niphad,Nashik,20.00148,74.03033,135.93,12.06,-5.2,532.4,37.3,487.6,577.1,3.2,229.3,8.0,6.0,4.0,72.0,6.0,4.0,0.0
MH_487_551383,Saikhede,Saikhede,Niphad,Nashik,20.02128,74.03091,136.05,10.53,-5.2,532.3,37.3,487.5,577.1,3.2,229.3,8.0,6.0,4.0,72.0,6.0,4.0,0.0
MH_487_551382,Shingave,Shingave,Niphad,Nashik,20.03145,74.05314,138.42,8.03,-5.7,529.6,37.1,485.1,574.1,3.2,230.2,8.0,6.0,4.0,72.0,6.0,4.0,0.0
MH_487_551392,Karanjgaon,Karanjgaon,Niphad,Nashik,20.01029,74.07275,140.38,8.67,-6.1,527.3,36.9,483.0,571.5,3.2,231.1,8.0,6.0,4.0,72.0,6.0,4.0,0.0
MH_487_551279,Chandori,Chandori,Niphad,Nashik,20.03763,74.00434,133.36,12.0,-4.6,535.5,37.5,490.5,580.5,3.2,228.2,8.0,6.0,4.0,72.0,6.0,4.0,0.0
MH_487_551278,Gondegaon,Gondegaon,Niphad,Nashik,20.04627,74.039,137.03,8.31,-5.4,531.3,37.2,486.7,576.0,3.2,229.6,8.0,6.0,4.0,72.0,6.0,4.0,0.0
MH_487_551302,Banganganagar,Banganganagar,Niphad,Nashik,20.08411,73.97609,130.8,13.99,-4.0,538.9,37.7,493.6,584.1,3.2,227.0,8.0,6.0,4.0,72.0,6.0,4.0,0.0
MH_487_551276,Datyane,Datyane,Niphad,Nashik,20.0766,73.99253,132.43,12.27,-4.3,536.9,37.6,491.8,582.0,3.2,227.7,8.0,6.0,4.0,72.0,6.0,4.0,0.0
MH_487_551275,Oney,Oney,Niphad,Nashik,20.06993,74.00591,133.76,10.93,-4.6,535.3,37.5,490.3,580.3,3.2,228.2,8.0,6.0,4.0,72.0,6.0,4.0,0.0
MH_487_551274,Mauje Sukene,Mauje Sukene,Niphad,Nashik,20.06699,74.03067,136.32,8.41,-5.2,532.3,37.3,487.6,577.1,3.2,229.3,8.0,6.0,4.0,72.0,6.0,4.0,0.0
MH_487_551270,Dixi,Dixi,Niphad,Nashik,20.10338,73.97942,131.36,13.88,-4.0,538.5,37.7,493.2,583.7,3.2,227.1,8.0,6.0,4.0,72.0,6.0,4.0,0.0
MH_487_551271,Jivhale,Jivhale,Niphad,Nashik,20.09896,73.99146,132.56,12.56,-4.3,537.0,37.6,491.9,582.1,3.2,227.6,8.0,6.0,4.0,72.0,6.0,4.0,0.0
MH_487_551272,Thergaon,Thergaon,Niphad,Nashik,20.09489,73.99938,133.33,11.67,-4.5,536.1,37.5,491.1,581.1,3.2,228.0,8.0,6.0,4.0,72.0,6.0,4.0,0.0
MH_487_551298,Kokangaon,Kokangaon,Niphad,Nashik,20.13068,73.97687,131.46,15.0,-4.0,538.8,37.7,493.5,584.0,3.2,227.0,8.0,6.0,4.0,72.0,6.0,4.0,0.0
MH_487_551297,Shirasgaon,Shirasgaon,Niphad,Nashik,20.13053,73.99979,133.83,12.81,-4.5,536.0,37.5,491.0,581.0,3.2,228.0,8.0,6.0,4.0,72.0,6.0,4.0,0.0
MH_487_551273,Kasabe Sukene,Kasabe Sukene,Niphad,Nashik,20.09902,74.02246,135.78,9.38,-5.0,533.3,37.3,488.5,578.1,3.2,228.9,8.0,6.0,4.0,72.0,6.0,4.0,0.0
MH_487_551293,Behed,Behed,Niphad,Nashik,20.14679,74.00857,134.99,12.94,-4.7,535.0,37.4,490.1,579.9,3.2,228.4,8.0,6.0,4.0,72.0,6.0,4.0,0.0
MH_487_551294,Narayan Tembhi,Narayan Tembhi,Niphad,Nashik,20.14617,74.02561,136.74,11.48,-5.1,532.9,37.3,488.2,577.7,3.2,229.1,8.0,6.0,4.0,72.0,6.0,4.0,0.0
MH_487_551296,Vadali Najik,Vadali Najik,Niphad,Nashik,20.12291,74.03339,137.21,9.32,-5.3,532.0,37.2,487.4,576.6,3.2,229.4,8.0,6.0,4.0,72.0,6.0,4.0,0.0
MH_487_551295,Karsul,Karsul,Niphad,Nashik,20.14284,74.04534,138.73,9.72,-5.5,530.6,37.1,486.0,575.1,3.2,229.9,8.0,6.0,4.0,72.0,6.0,4.0,0.0
MH_487_551366,Raulas,Raulas,Niphad,Nashik,20.12117,74.0665,140.62,6.45,-6.0,528.0,37.0,483.6,572.4,3.2,230.8,8.0,6.0,4.0,72.0,6.0,4.0,0.0
MH_487_551365,Pimpri,Pimpri,Niphad,Nashik,20.09827,74.06537,140.23,5.08,-6.0,528.2,37.0,483.8,572.6,3.2,230.7,8.0,6.0,4.0,72.0,6.0,4.0,0.0
MH_487_551370,Pimpalas,Pimpalas,Niphad,Nashik,20.07127,74.05982,139.39,5.33,-5.8,528.8,37.0,484.4,573.2,3.2,230.5,8.0,6.0,4.0,72.0,6.0,4.0,0.0
MH_487_551371,Kothure,Kothure,Niphad,Nashik,20.06166,74.08353,141.78,3.44,-6.4,526.0,36.8,481.8,570.1,3.2,231.5,8.0,6.0,4.0,72.0,6.0,4.0,0.0
MH_487_551369,Rasalpur,Rasalpur,Niphad,Nashik,20.07856,74.09627,143.25,1.44,-6.7,524.4,36.7,480.4,568.5,3.2,232.0,8.0,6.0,4.0,72.0,6.0,4.0,0.0
MH_487_551372,Kurudgaon,Kurudgaon,Niphad,Nashik,20.04863,74.10406,143.83,3.54,-6.8,523.5,36.6,479.6,567.4,3.2,232.4,8.0,6.0,4.0,72.0,6.0,4.0,0.0
MH_487_551381,Kathargaon,Kathargaon,Niphad,Nashik,20.03577,74.12589,146.04,5.19,-7.3,520.9,36.5,477.1,564.7,3.2,233.3,8.0,6.0,4.0,72.0,6.0,4.0,0.0
MH_487_551380,Sundarpur,Sundarpur,Niphad,Nashik,20.04566,74.134,146.94,4.57,-7.5,519.9,36.4,476.2,563.6,3.2,233.6,8.0,6.0,4.0,72.0,6.0,4.0,0.0
MH_487_551373,Jalgaon,Jalgaon,Niphad,Nashik,20.06142,74.11814,145.39,2.23,-7.2,521.8,36.5,478.0,565.6,3.2,233.0,8.0,6.0,4.0,72.0,6.0,4.0,0.0
MH_487_551367,Gitakunj,Gitakunj,Niphad,Nashik,20.11165,74.0933,143.28,3.93,-6.6,524.8,36.7,480.8,568.8,3.2,231.9,8.0,6.0,4.0,72.0,6.0,4.0,0.0
MH_487_276279,Niphad,Niphad,Central,Nashik,20.09211,74.11758,145.59,1.56,-7.1,521.9,36.5,478.1,565.7,3.2,232.9,12.0,14.0,10.0,58.0,4.0,2.0,0.0
MH_487_551316,Nandurdi,Nandurdi,Niphad,Nashik,20.13461,74.09921,144.19,6.18,-6.7,524.1,36.7,480.1,568.1,3.2,232.2,8.0,6.0,4.0,72.0,6.0,4.0,0.0
MH_487_551317,Khede,Khede,Niphad,Nashik,20.13756,74.1204,146.42,6.49,-7.2,521.6,36.5,477.8,565.4,3.2,233.1,8.0,6.0,4.0,72.0,6.0,4.0,0.0
MH_487_551318,Ugaon,Ugaon,Niphad,Nashik,20.13724,74.15366,149.86,7.83,-8.0,517.6,36.2,474.1,561.0,3.2,234.5,8.0,6.0,4.0,72.0,6.0,4.0,0.0
MH_487_551319,Shivadi,Shivadi,Niphad,Nashik,20.12028,74.13928,148.16,5.42,-7.6,519.3,36.4,475.6,563.0,3.2,233.8,8.0,6.0,4.0,72.0,6.0,4.0,0.0
MH_487_551374,Shriram Nagar,Shriram Nagar,Niphad,Nashik,20.08546,74.14925,148.82,4.14,-7.9,518.1,36.3,474.5,561.7,3.2,234.3,8.0,6.0,4.0,72.0,6.0,4.0,0.0
MH_487_551379,Shivare,Shivare,Niphad,Nashik,20.05862,74.1445,148.11,4.32,-7.8,518.7,36.3,475.1,562.2,3.2,234.1,8.0,6.0,4.0,72.0,6.0,4.0,0.0
MH_487_551353,Dindori,Dindori,Niphad,Nashik,20.02833,74.14363,147.85,6.73,-7.7,518.8,36.3,475.2,562.3,3.2,234.0,8.0,6.0,4.0,72.0,6.0,4.0,0.0
MH_487_551354,Nandur Madhyameshwar,Nandur Madhyameshwar,Niphad,Nashik,20.01173,74.17089,150.64,9.9,-8.3,515.5,36.1,472.2,558.8,3.2,235.2,8.0,6.0,4.0,72.0,6.0,4.0,0.0
MH_487_551352,Gajarwadi,Gajarwadi,Niphad,Nashik,20.04106,74.16778,150.43,7.43,-8.3,515.9,36.1,472.5,559.2,3.2,235.0,8.0,6.0,4.0,72.0,6.0,4.0,0.0
MH_487_551378,Naitale,Naitale,Niphad,Nashik,20.06826,74.17199,151.05,6.6,-8.4,515.4,36.1,472.0,558.7,3.2,235.2,8.0,6.0,4.0,72.0,6.0,4.0,0.0
MH_487_551377,Rampur,Rampur,Niphad,Nashik,20.08587,74.17182,151.18,6.49,-8.4,515.4,36.1,472.1,558.7,3.2,235.2,8.0,6.0,4.0,72.0,6.0,4.0,0.0
MH_487_551327,Thetale,Thetale,Niphad,Nashik,20.13804,74.17991,152.6,9.74,-8.5,514.4,36.0,471.2,557.6,3.2,235.6,8.0,6.0,4.0,72.0,6.0,4.0,0.0
MH_487_551328,Vitthalwadi,Vitthalwadi,Niphad,Nashik,20.12483,74.19409,153.9,10.1,-8.9,512.7,35.9,469.6,555.8,3.2,236.2,8.0,6.0,4.0,72.0,6.0,4.0,0.0
MH_487_551329,Subhash Nagar,Subhash Nagar,Niphad,Nashik,20.09923,74.19149,153.35,8.77,-8.8,513.0,35.9,469.9,556.1,3.2,236.0,8.0,6.0,4.0,72.0,6.0,4.0,0.0
MH_487_551331,Vinchur,Vinchur,Niphad,Nashik,20.11263,74.22085,156.54,12.13,-9.5,509.5,35.7,466.7,552.3,3.2,237.3,8.0,6.0,4.0,72.0,6.0,4.0,0.0
MH_487_551333,Bramhangaon Vinchur,Bramhangaon Vinchur,Niphad,Nashik,20.14507,74.25298,160.26,16.59,-10.2,505.6,35.4,463.2,548.1,3.2,238.6,8.0,6.0,4.0,72.0,6.0,4.0,0.0
MH_487_551332,Nimgaon Wakada,Nimgaon Wakada,Niphad,Nashik,20.12616,74.24981,159.7,15.48,-10.1,506.0,35.4,463.5,548.5,3.2,238.5,8.0,6.0,4.0,72.0,6.0,4.0,0.0
MH_487_551338,Pachore Kh,Pachore Kh,Niphad,Nashik,20.12376,74.26681,161.44,17.08,-10.5,504.0,35.3,461.6,546.3,3.2,239.2,8.0,6.0,4.0,72.0,6.0,4.0,0.0
MH_487_551336,Shiwapur,Shiwapur,Niphad,Nashik,20.1278,74.29614,164.53,20.15,-11.2,500.5,35.0,458.5,542.5,3.2,240.4,8.0,6.0,4.0,72.0,6.0,4.0,0.0
MH_487_551335,Pachore Bk,Pachore Bk,Niphad,Nashik,20.13153,74.28105,163.01,18.76,-10.8,502.3,35.2,460.0,544.5,3.2,239.8,8.0,6.0,4.0,72.0,6.0,4.0,0.0
MH_487_551337,Maralgoi Kh,Maralgoi Kh,Niphad,Nashik,20.11268,74.284,163.11,18.53,-10.9,501.9,35.1,459.8,544.0,3.2,239.9,8.0,6.0,4.0,72.0,6.0,4.0,0.0
MH_487_551339,Mavalgoi Bk,Mavalgoi Bk,Niphad,Nashik,20.10154,74.27088,161.63,16.97,-10.6,503.5,35.2,461.3,545.7,3.2,239.4,8.0,6.0,4.0,72.0,6.0,4.0,0.0
MH_487_551340,Hanumannagar,Hanumannagar,Niphad,Nashik,20.09597,74.24992,159.4,14.72,-10.1,506.0,35.4,463.5,548.5,3.2,238.5,8.0,6.0,4.0,72.0,6.0,4.0,0.0
MH_487_551341,Golegaon,Golegaon,Niphad,Nashik,20.08744,74.27136,161.55,16.87,-10.6,503.4,35.2,461.2,545.7,3.2,239.4,8.0,6.0,4.0,72.0,6.0,4.0,0.0
MH_487_551345,Dahegaon,Dahegaon,Niphad,Nashik,20.0782,74.27462,161.82,17.19,-10.7,503.0,35.2,460.8,545.3,3.2,239.5,8.0,6.0,4.0,72.0,6.0,4.0,0.0
MH_487_551347,Bharwas,Bharwas,Niphad,Nashik,20.06405,74.27768,162.04,17.6,-10.7,502.7,35.2,460.4,544.9,3.2,239.7,8.0,6.0,4.0,72.0,6.0,4.0,0.0
MH_487_551330,Vishnu Nagar,Vishnu Nagar,Niphad,Nashik,20.08681,74.22066,156.27,11.58,-9.5,509.5,35.7,466.7,552.4,3.2,237.3,8.0,6.0,4.0,72.0,6.0,4.0,0.0
MH_487_551343,Bokaddare,Bokaddare,Niphad,Nashik,20.07547,74.19868,153.89,9.28,-9.0,512.2,35.9,469.1,555.2,3.2,236.3,8.0,6.0,4.0,72.0,6.0,4.0,0.0
MH_487_551351,Dharangaon Khadak,Dharangaon Khadak,Niphad,Nashik,20.04853,74.19406,153.22,9.45,-8.9,512.7,35.9,469.6,555.8,3.2,236.2,8.0,6.0,4.0,72.0,6.0,4.0,0.0
MH_487_551350,Dharangaon Veer,Dharangaon Veer,Niphad,Nashik,20.03738,74.21178,155.01,11.64,-9.3,510.6,35.7,467.7,553.4,3.2,236.9,8.0,6.0,4.0,72.0,6.0,4.0,0.0
MH_487_551349,Dhanore,Dhanore,Niphad,Nashik,20.03673,74.2342,157.34,13.84,-9.8,507.9,35.6,465.2,550.6,3.2,237.8,8.0,6.0,4.0,72.0,6.0,4.0,0.0
MH_487_551348,Nandgaon,Nandgaon,Niphad,Nashik,20.05438,74.24471,158.54,14.36,-10.0,506.6,35.5,464.0,549.2,3.2,238.3,8.0,6.0,4.0,72.0,6.0,4.0,0.0
MH_487_551430,Deshmane Kh,Deshmane Kh,Yevla,Nashik,20.05269,74.29132,163.39,19.18,-11.1,501.0,35.1,458.9,543.2,3.2,240.2,12.0,14.0,10.0,58.0,4.0,2.0,0.0
MH_487_551360,Mahadevnagar,Mahadevnagar,Niphad,Nashik,20.03784,74.26053,160.1,16.41,-10.4,504.7,35.3,462.4,547.1,3.2,238.9,8.0,6.0,4.0,72.0,6.0,4.0,0.0
MH_487_551247,Pathare Kh,Pathare Kh,Sinnar,Nashik,19.82335,74.3549,169.53,24.82,-12.5,493.4,34.5,452.0,534.8,3.2,242.9,12.0,14.0,10.0,58.0,4.0,2.0,0.0
MH_487_551180,Bharatpur,Bharatpur,Sinnar,Nashik,19.87872,74.3117,165.66,23.86,-11.5,498.6,34.9,456.7,540.5,3.2,241.1,12.0,14.0,10.0,58.0,4.0,2.0,0.0
MH_487_551181,Laxmanpur,Laxmanpur,Sinnar,Nashik,19.86394,74.32087,166.73,24.07,-11.7,497.5,34.8,455.7,539.3,3.2,241.5,12.0,14.0,10.0,58.0,4.0,2.0,0.0
MH_487_551244,Mirgaon,Mirgaon,Sinnar,Nashik,19.83499,74.30078,164.47,27.76,-11.3,499.9,35.0,457.9,541.9,3.2,240.6,12.0,14.0,10.0,58.0,4.0,2.0,0.0
MH_487_551245,Kolgaonmal,Kolgaonmal,Sinnar,Nashik,19.86098,74.34548,169.32,22.36,-12.3,494.5,34.6,453.0,536.1,3.2,242.5,12.0,14.0,10.0,58.0,4.0,2.0,0.0
MH_487_551246,Pathare Bk,Pathare Bk,Sinnar,Nashik,19.8393,74.33174,167.7,25.07,-12.0,496.2,34.7,454.6,537.8,3.2,241.9,12.0,14.0,10.0,58.0,4.0,2.0,0.0
MH_487_551249,Sayale,Sayale,Sinnar,Nashik,19.79333,74.31734,164.85,29.88,-11.6,497.9,34.9,456.0,539.8,3.2,241.3,12.0,14.0,10.0,58.0,4.0,2.0,0.0
MH_487_551248,Waregaon,Waregaon,Sinnar,Nashik,19.81763,74.33032,166.89,26.94,-11.9,496.4,34.7,454.7,538.0,3.2,241.9,12.0,14.0,10.0,58.0,4.0,2.0,0.0
MH_487_551346,Wahegaon,Wahegaon,Niphad,Nashik,20.0758,74.30963,165.45,20.85,-11.5,498.8,34.9,457.0,540.7,3.2,241.0,8.0,6.0,4.0,72.0,6.0,4.0,0.0
MH_487_551420,Shirasgaon Lauki,Shirasgaon Lauki,Yevla,Nashik,20.10306,74.32494,167.27,21.58,-11.8,497.0,34.8,455.2,538.8,3.2,241.6,12.0,14.0,10.0,58.0,4.0,2.0,0.0
MH_487_551418,Lauki Shiras,Lauki Shiras,Yevla,Nashik,20.12519,74.32175,167.16,22.67,-11.7,497.4,34.8,455.6,539.2,3.2,241.5,12.0,14.0,10.0,58.0,4.0,2.0,0.0
MH_487_551419,Valadgaon,Valadgaon,Yevla,Nashik,20.10719,74.307,165.44,20.79,-11.4,499.2,34.9,457.3,541.0,3.2,240.9,12.0,14.0,10.0,58.0,4.0,2.0,0.0
MH_487_551342,Gondegaon,Gondegaon,Niphad,Nashik,20.09166,74.30096,164.67,19.98,-11.3,499.9,35.0,457.9,541.9,3.2,240.6,8.0,6.0,4.0,72.0,6.0,4.0,0.0
MH_487_551437,Satyagaon,Satyagaon,Yevla,Nashik,19.99385,74.32918,167.14,17.86,-11.9,496.5,34.8,454.7,538.3,3.2,241.8,12.0,14.0,10.0,58.0,4.0,2.0,0.0
MH_487_551436,Mukhed,Mukhed,Yevla,Nashik,20.01095,74.33275,167.54,17.52,-12.0,496.1,34.7,454.4,537.7,3.2,242.0,12.0,14.0,10.0,58.0,4.0,2.0,0.0
MH_487_551432,Jalgaon Neur,Jalgaon Neur,Yevla,Nashik,20.05498,74.34896,169.41,16.92,-12.4,494.1,34.6,452.6,535.6,3.2,242.7,12.0,14.0,10.0,58.0,4.0,2.0,0.0
MH_487_551427,Pimpalgaon Lep,Pimpalgaon Lep,Yevla,Nashik,20.07825,74.36011,170.73,17.01,-12.6,492.8,34.5,451.4,534.2,3.2,243.1,12.0,14.0,10.0,58.0,4.0,2.0,0.0
MH_487_551435,Neurgaon,Neurgaon,Yevla,Nashik,20.02714,74.36557,171.02,14.37,-12.7,492.1,34.4,450.9,533.4,3.2,243.4,12.0,14.0,10.0,58.0,4.0,2.0,0.0
MH_487_551490,Mahalkhede Patoda,Mahalkhede Patoda,Yevla,Nashik,19.99133,74.38647,173.12,11.9,-13.2,489.6,34.3,448.5,530.8,3.2,244.2,12.0,14.0,10.0,58.0,4.0,2.0,0.0
MH_487_551491,Mahalkhede Chandvad,Mahalkhede Chandvad,Yevla,Nashik,19.98424,74.37099,171.5,13.59,-12.8,491.5,34.4,450.2,532.8,3.2,243.6,12.0,14.0,10.0,58.0,4.0,2.0,0.0
MH_487_551492,Nimgaon Madh,Nimgaon Madh,Yevla,Nashik,19.98872,74.42786,177.44,7.64,-14.1,484.7,33.9,444.0,525.3,3.2,246.0,12.0,14.0,10.0,58.0,4.0,2.0,0.0
MH_487_551488,Satali,Satali,Yevla,Nashik,20.01182,74.39803,174.36,10.73,-13.5,488.2,34.2,447.2,529.3,3.2,244.7,12.0,14.0,10.0,58.0,4.0,2.0,0.0
MH_487_551434,Purangaon,Purangaon,Yevla,Nashik,20.05246,74.37989,172.63,13.84,-13.0,490.4,34.3,449.3,531.6,3.2,244.0,12.0,14.0,10.0,58.0,4.0,2.0,0.0
MH_487_551433,Shevage,Shevage,Yevla,Nashik,20.0647,74.38267,172.99,14.21,-13.1,490.1,34.3,448.9,531.2,3.2,244.1,12.0,14.0,10.0,58.0,4.0,2.0,0.0
MH_487_551422,Patoda,Patoda,Yevla,Nashik,20.11126,74.36613,171.63,18.67,-12.7,492.1,34.4,450.8,533.3,3.2,243.4,12.0,14.0,10.0,58.0,4.0,2.0,0.0
MH_487_551423,Kanadi,Kanadi,Yevla,Nashik,20.13995,74.38507,173.91,19.65,-13.2,489.8,34.3,448.6,531.0,3.2,244.2,12.0,14.0,10.0,58.0,4.0,2.0,0.0
MH_487_551424,Thangaon,Thangaon,Yevla,Nashik,20.12264,74.39466,174.71,17.52,-13.4,488.6,34.2,447.6,529.7,3.2,244.6,12.0,14.0,10.0,58.0,4.0,2.0,0.0
MH_487_551473,Khairgavhan,Khairgavhan,Yevla,Nashik,20.12804,74.41557,176.94,16.75,-13.9,486.1,34.0,445.3,526.9,3.2,245.5,12.0,14.0,10.0,58.0,4.0,2.0,0.0
MH_487_551470,Dhanakwadi,Dhanakwadi,Yevla,Nashik,20.14378,74.42434,178.03,17.83,-14.0,485.1,34.0,444.3,525.9,3.2,245.8,12.0,14.0,10.0,58.0,4.0,2.0,0.0
MH_487_551425,Pimpri,Pimpri,Yevla,Nashik,20.09611,74.40306,175.34,14.72,-13.6,487.6,34.1,446.7,528.6,3.2,244.9,12.0,14.0,10.0,58.0,4.0,2.0,0.0
MH_487_551477,Antarveli,Antarveli,Yevla,Nashik,20.08961,74.43122,178.22,12.28,-14.2,484.3,33.9,443.6,524.9,3.2,246.1,12.0,14.0,10.0,58.0,4.0,2.0,0.0
MH_487_551486,Dahegaon Dhul,Dahegaon Dhul,Yevla,Nashik,20.0664,74.40287,175.1,12.55,-13.6,487.7,34.1,446.7,528.6,3.2,244.9,12.0,14.0,10.0,58.0,4.0,2.0,0.0
MH_487_551487,Erandgaon Bk,Erandgaon Bk,Yevla,Nashik,20.04246,74.38966,173.6,12.46,-13.3,489.2,34.2,448.2,530.3,3.2,244.4,12.0,14.0,10.0,58.0,4.0,2.0,0.0
MH_487_551485,Erandgaon Kh,Erandgaon Kh,Yevla,Nashik,20.03981,74.41002,175.71,10.39,-13.7,486.8,34.1,445.9,527.7,3.2,245.2,12.0,14.0,10.0,58.0,4.0,2.0,0.0
MH_487_551478,Dhulgaon,Dhulgaon,Yevla,Nashik,20.07569,74.41822,176.76,11.99,-13.9,485.8,34.0,445.0,526.6,3.2,245.6,12.0,14.0,10.0,58.0,4.0,2.0,0.0
MH_487_551484,Rayate,Rayate,Yevla,Nashik,20.0491,74.43353,178.21,8.83,-14.3,484.0,33.9,443.3,524.7,3.2,246.2,12.0,14.0,10.0,58.0,4.0,2.0,0.0
MH_487_551474,Devargaon,Devargaon,Yevla,Nashik,20.11109,74.43046,178.32,14.33,-14.2,484.3,33.9,443.7,525.0,3.2,246.1,12.0,14.0,10.0,58.0,4.0,2.0,0.0
MH_487_551472,Tandulwadi,Tandulwadi,Yevla,Nashik,20.13673,74.44085,179.66,16.41,-14.4,483.1,33.8,442.5,523.7,3.2,246.5,12.0,14.0,10.0,58.0,4.0,2.0,0.0
MH_487_551471,Kasarkhede,Kasarkhede,Yevla,Nashik,20.14865,74.4419,179.91,17.61,-14.4,483.0,33.8,442.4,523.5,3.2,246.6,12.0,14.0,10.0,58.0,4.0,2.0,0.0
MH_487_551482,Babhulgaon Kh,Babhulgaon Kh,Yevla,Nashik,20.06056,74.45722,180.74,8.08,-14.8,481.1,33.7,440.7,521.6,3.2,247.2,12.0,14.0,10.0,58.0,4.0,2.0,0.0
MH_487_551449,Savkhede,Savkhede,Yevla,Nashik,20.14518,74.45747,181.48,16.74,-14.8,481.1,33.7,440.7,521.5,3.2,247.2,12.0,14.0,10.0,58.0,4.0,2.0,0.0
MH_487_551475,Savargaon,Savargaon,Yevla,Nashik,20.10398,74.45091,180.39,12.65,-14.6,481.9,33.7,441.5,522.3,3.2,246.9,12.0,14.0,10.0,58.0,4.0,2.0,0.0
MH_487_551479,Bhatgaon,Bhatgaon,Yevla,Nashik,20.06844,74.44128,179.12,9.77,-14.4,483.0,33.8,442.5,523.6,3.2,246.5,12.0,14.0,10.0,58.0,4.0,2.0,0.0
MH_487_551480,Dhanore,Dhanore,Yevla,Nashik,20.07864,74.46013,181.15,9.69,-14.9,480.8,33.7,440.3,521.2,3.2,247.3,12.0,14.0,10.0,58.0,4.0,2.0,0.0
MH_487_551493,Chichodi Bk,Chichodi Bk,Yevla,Nashik,20.02039,74.42134,176.82,8.53,-14.0,485.4,34.0,444.6,526.2,3.2,245.7,12.0,14.0,10.0,58.0,4.0,2.0,0.0
MH_487_551494,Chichodi Kh,Chichodi Kh,Yevla,Nashik,20.01909,74.4422,178.99,6.4,-14.4,482.9,33.8,442.4,523.5,3.2,246.6,12.0,14.0,10.0,58.0,4.0,2.0,0.0
MH_487_551496,Badapur,Badapur,Yevla,Nashik,20.00433,74.46819,181.68,3.36,-15.0,479.8,33.6,439.5,520.1,3.2,247.7,12.0,14.0,10.0,58.0,4.0,2.0,0.0
MH_487_551495,Paregaon,Paregaon,Yevla,Nashik,20.02316,74.46879,181.78,4.16,-15.0,479.7,33.6,439.4,520.1,3.2,247.7,12.0,14.0,10.0,58.0,4.0,2.0,0.0
MH_487_251450,Yevla,Yevla,Central,Nashik,20.03536,74.48981,184.02,4.07,-15.0,477.2,33.4,437.1,517.3,3.2,248.6,12.0,14.0,10.0,58.0,4.0,2.0,0.0
MH_487_551481,Babhulgaon Bk,Babhulgaon Bk,Yevla,Nashik,20.06351,74.485,183.65,7.23,-15.0,477.8,33.4,437.7,517.9,3.2,248.4,12.0,14.0,10.0,58.0,4.0,2.0,0.0
MH_487_551459,Nandur,Nandur,Yevla,Nashik,20.08903,74.48313,183.62,10.06,-15.0,478.0,33.5,437.8,518.2,3.2,248.3,12.0,14.0,10.0,58.0,4.0,2.0,0.0
MH_487_551450,Ankute,Ankute,Yevla,Nashik,20.12663,74.4749,183.1,14.32,-15.0,479.0,33.5,438.8,519.2,3.2,247.9,12.0,14.0,10.0,58.0,4.0,2.0,0.0
MH_487_551451,Kusmadi,Kusmadi,Yevla,Nashik,20.14298,74.50723,186.63,15.92,-15.0,475.1,33.3,435.2,515.1,3.2,249.3,12.0,14.0,10.0,58.0,4.0,2.0,0.0
MH_487_551458,Dhamode,Dhamode,Yevla,Nashik,20.10855,74.50014,185.55,12.07,-15.0,476.0,33.3,436.0,515.9,3.2,249.0,12.0,14.0,10.0,58.0,4.0,2.0,0.0
MH_487_551460,Ganeshpur,Ganeshpur,Yevla,Nashik,20.08104,74.50331,185.67,9.02,-15.0,475.6,33.3,435.6,515.6,3.2,249.1,12.0,14.0,10.0,58.0,4.0,2.0,0.0
MH_487_551497,Kotamgaon Kh,Kotamgaon Kh,Yevla,Nashik,20.03355,74.50719,185.83,3.81,-15.0,475.1,33.3,435.2,515.1,3.2,249.3,12.0,14.0,10.0,58.0,4.0,2.0,0.0
MH_487_551468,Nagde,Nagde,Yevla,Nashik,20.03591,74.52226,187.41,4.62,-15.0,473.3,33.1,433.6,513.0,3.2,249.9,12.0,14.0,10.0,58.0,4.0,2.0,0.0
MH_487_551500,Nandesar,Nandesar,Yevla,Nashik,20.00673,74.49359,184.33,1.0,-15.0,476.8,33.4,436.7,516.8,3.2,248.7,12.0,14.0,10.0,58.0,4.0,2.0,0.0
MH_487_551498,Kotamgaon Bk,Kotamgaon Bk,Yevla,Nashik,20.0189,74.52198,187.33,3.11,-15.0,473.4,33.1,433.6,513.1,3.2,249.9,12.0,14.0,10.0,58.0,4.0,2.0,0.0
MH_487_551530,Pimpalgaon Jalal,Pimpalgaon Jalal,Yevla,Nashik,19.97925,74.49387,184.34,2.39,-15.0,476.7,33.4,436.7,516.8,3.2,248.7,12.0,14.0,10.0,58.0,4.0,2.0,0.0
MH_487_551499,Adgaon Chothava,Adgaon Chothava,Yevla,Nashik,19.99311,74.51641,186.7,1.88,-15.0,474.0,33.2,434.2,513.9,3.2,249.7,12.0,14.0,10.0,58.0,4.0,2.0,0.0
MH_487_551476,Gopalwadi,Gopalwadi,Yevla,Nashik,20.09091,74.44161,179.31,11.81,-14.4,483.0,33.8,442.4,523.6,3.2,246.5,12.0,14.0,10.0,58.0,4.0,2.0,0.0
MH_487_551517,Gondgaon,Gondgaon,Yevla,Nashik,20.00477,74.60884,196.37,11.38,-15.0,462.9,32.4,424.1,501.8,3.2,253.6,12.0,14.0,10.0,58.0,4.0,2.0,0.0
MH_487_551506,Saigaon,Saigaon,Yevla,Nashik,20.06307,74.58011,193.57,10.92,-15.0,466.4,32.6,427.3,505.5,3.2,252.4,12.0,14.0,10.0,58.0,4.0,2.0,0.0
MH_487_551453,Lahit,Lahit,Yevla,Nashik,20.14165,74.66251,202.75,23.16,-15.0,456.5,32.0,418.1,494.9,3.2,255.8,12.0,14.0,10.0,58.0,4.0,2.0,0.0
MH_487_551465,Matulthan,Matulthan,Yevla,Nashik,20.07245,74.52887,188.28,8.6,-15.0,472.5,33.1,432.8,512.3,3.2,250.2,12.0,14.0,10.0,58.0,4.0,2.0,0.0
MH_487_551467,Balhegaon,Balhegaon,Yevla,Nashik,20.05296,74.5264,187.92,6.5,-15.0,472.8,33.1,433.1,512.6,3.2,250.1,12.0,14.0,10.0,58.0,4.0,2.0,0.0
MH_487_551469,Mahalgaaon,Mahalgaaon,Yevla,Nashik,20.06073,74.55697,191.15,9.0,-15.0,469.2,32.8,429.8,508.5,3.2,251.4,12.0,14.0,10.0,58.0,4.0,2.0,0.0
MH_487_551515,Dhamangaon,Dhamangaon,Yevla,Nashik,20.04159,74.54816,190.14,6.83,-15.0,470.2,32.9,430.7,509.7,3.2,251.0,12.0,14.0,10.0,58.0,4.0,2.0,0.0
MH_487_551507,Panjarwadi,Panjarwadi,Yevla,Nashik,20.05066,74.5974,195.31,11.63,-15.0,464.3,32.5,425.3,503.3,3.2,253.1,12.0,14.0,10.0,58.0,4.0,2.0,0.0
MH_487_551527,Undirwadi,Undirwadi,Yevla,Nashik,19.98311,74.54479,189.66,5.04,-15.0,470.6,32.9,431.1,510.1,3.2,250.9,12.0,14.0,10.0,58.0,4.0,2.0,0.0
MH_487_551526,Bokate,Bokate,Yevla,Nashik,19.97215,74.5854,193.9,9.45,-15.0,465.8,32.6,426.6,504.9,3.2,252.6,12.0,14.0,10.0,58.0,4.0,2.0,0.0
MH_487_551528,Dugalgaon,Dugalgaon,Yevla,Nashik,19.95883,74.58215,193.58,9.73,-15.0,466.1,32.6,427.0,505.3,3.2,252.5,12.0,14.0,10.0,58.0,4.0,2.0,0.0
MH_487_551525,Deolane,Deolane,Yevla,Nashik,19.96372,74.61733,197.25,12.91,-15.0,461.9,32.3,423.2,500.7,3.2,253.9,12.0,14.0,10.0,58.0,4.0,2.0,0.0
MH_487_551516,Andarsul,Andarsul,Yevla,Nashik,20.01321,74.56649,191.96,7.1,-15.0,468.0,32.8,428.7,507.4,3.2,251.8,12.0,14.0,10.0,58.0,4.0,2.0,0.0
MH_487_551524,Suregaon Rasta,Suregaon Rasta,Yevla,Nashik,19.98574,74.6292,198.48,13.59,-15.0,460.5,32.2,421.9,499.1,3.2,254.4,12.0,14.0,10.0,58.0,4.0,2.0,0.0
MH_487_551529,Khamgaon,Khamgaon,Yevla,Nashik,19.95518,74.65123,200.8,16.57,-15.0,457.9,32.0,419.5,496.3,3.2,255.4,12.0,14.0,10.0,58.0,4.0,2.0,0.0
MH_487_551522,Bhaykhede,Bhaykhede,Yevla,Nashik,19.97554,74.67856,203.64,18.86,-15.0,454.6,31.8,416.4,492.7,3.2,256.5,12.0,14.0,10.0,58.0,4.0,2.0,0.0
MH_487_551523,Deothan,Deothan,Yevla,Nashik,19.98192,74.65606,201.29,16.43,-15.0,457.3,32.0,418.9,495.7,3.2,255.6,12.0,14.0,10.0,58.0,4.0,2.0,0.0
MH_487_551519,Pimpalkhute Kh,Pimpalkhute Kh,Yevla,Nashik,20.01362,74.66482,202.24,17.29,-15.0,456.2,31.9,417.9,494.5,3.2,255.9,12.0,14.0,10.0,58.0,4.0,2.0,0.0
MH_487_551521,Bhulegaon,Bhulegaon,Yevla,Nashik,20.00351,74.67749,203.54,18.55,-15.0,454.7,31.8,416.5,492.9,3.2,256.5,12.0,14.0,10.0,58.0,4.0,2.0,0.0
MH_487_551520,Adsuregaon,Adsuregaon,Yevla,Nashik,20.02517,74.70243,206.19,21.33,-15.0,451.7,31.6,413.8,489.6,3.2,257.5,12.0,14.0,10.0,58.0,4.0,2.0,0.0
MH_487_551513,Kautkhede,Kautkhede,Yevla,Nashik,20.03474,74.62701,198.34,13.82,-15.0,460.8,32.3,422.0,499.5,3.2,254.3,12.0,14.0,10.0,58.0,4.0,2.0,0.0
MH_487_551512,Talwade,Talwade,Yevla,Nashik,20.02357,74.64032,199.7,14.89,-15.0,459.2,32.1,420.6,497.7,3.2,254.9,12.0,14.0,10.0,58.0,4.0,2.0,0.0
MH_487_551505,Angulgaon,Angulgaon,Yevla,Nashik,20.06206,74.62848,198.61,15.09,-15.0,460.6,32.2,421.9,499.2,3.2,254.4,12.0,14.0,10.0,58.0,4.0,2.0,0.0
MH_487_551511,Dongarogaon,Dongarogaon,Yevla,Nashik,20.03989,74.67468,203.34,18.78,-15.0,455.0,31.9,416.8,493.3,3.2,256.3,12.0,14.0,10.0,58.0,4.0,2.0,0.0
MH_487_551510,Vaghale,Vaghale,Yevla,Nashik,20.05565,74.7091,207.0,22.7,-15.0,450.9,31.6,413.0,488.8,3.2,257.8,12.0,14.0,10.0,58.0,4.0,2.0,0.0
MH_487_551509,Bharam,Bharam,Yevla,Nashik,20.06538,74.69294,205.36,21.43,-15.0,452.8,31.7,414.8,490.9,3.2,257.1,12.0,14.0,10.0,58.0,4.0,2.0,0.0
MH_487_551503,Rahadi,Rahadi,Yevla,Nashik,20.09569,74.71803,208.15,25.14,-15.0,449.8,31.5,412.0,487.6,3.2,258.2,12.0,14.0,10.0,58.0,4.0,2.0,0.0
MH_487_551508,Kolam Bk,Kolam Bk,Yevla,Nashik,20.07101,74.67332,203.34,19.75,-15.0,455.2,31.9,416.9,493.5,3.2,256.3,12.0,14.0,10.0,58.0,4.0,2.0,0.0
MH_487_551504,Kolam Kh,Kolam Kh,Yevla,Nashik,20.08315,74.65431,201.43,18.58,-15.0,457.5,32.0,419.1,495.9,3.2,255.5,12.0,14.0,10.0,58.0,4.0,2.0,0.0
MH_487_551502,Kharvandi,Kharvandi,Yevla,Nashik,20.10243,74.68757,205.03,22.66,-15.0,453.5,31.7,415.5,491.5,3.2,256.9,12.0,14.0,10.0,58.0,4.0,2.0,0.0
MH_487_551501,Devdari,Devdari,Yevla,Nashik,20.12496,74.68935,205.39,24.17,-15.0,453.3,31.7,415.2,491.3,3.2,257.0,12.0,14.0,10.0,58.0,4.0,2.0,0.0
MH_487_551464,Nyaharkhede Bk,Nyaharkhede Bk,Yevla,Nashik,20.08266,74.60294,196.07,14.15,-15.0,463.6,32.5,424.6,502.6,3.2,253.3,12.0,14.0,10.0,58.0,4.0,2.0,0.0
MH_487_551462,Rendale,Rendale,Yevla,Nashik,20.10297,74.62785,198.81,17.59,-15.0,460.7,32.2,422.0,499.3,3.2,254.4,12.0,14.0,10.0,58.0,4.0,2.0,0.0
MH_487_551461,Vaibothi,Vaibothi,Yevla,Nashik,20.09609,74.59448,195.28,14.55,-15.0,464.7,32.5,425.7,503.7,3.2,253.0,12.0,14.0,10.0,58.0,4.0,2.0,0.0
MH_487_551456,Kolgaon,Kolgaon,Yevla,Nashik,20.11813,74.59908,195.94,16.72,-15.0,464.1,32.5,425.1,503.1,3.2,253.2,12.0,14.0,10.0,58.0,4.0,2.0,0.0
MH_487_551452,Hadap Sawargaon,Hadap Sawargaon,Yevla,Nashik,20.1442,74.52699,188.69,16.28,-15.0,472.8,33.1,433.0,512.5,3.2,250.1,12.0,14.0,10.0,58.0,4.0,2.0,0.0
MH_487_551457,Nagarsul,Nagarsul,Yevla,Nashik,20.1059,74.5506,190.79,12.91,-15.0,469.9,32.9,430.4,509.4,3.2,251.1,12.0,14.0,10.0,58.0,4.0,2.0,0.0
MH_487_551018,Samangaon,Samangaon,Central,Nashik,19.96464,73.89354,121.6,11.18,-2.1,548.8,38.4,502.7,594.9,3.2,223.5,12.0,14.0,10.0,58.0,4.0,2.0,0.0
MH_487_551021,Eklahare,Eklahare,Central,Nashik,19.98334,73.90845,123.16,12.4,-2.4,547.0,38.3,501.0,592.9,3.2,224.2,12.0,14.0,10.0,58.0,4.0,2.0,0.0
MH_487_551404,Ozar,Ozar,Central,Nashik,20.102,73.94218,127.48,17.69,-3.2,542.9,38.0,497.3,588.5,3.2,225.6,12.0,14.0,10.0,58.0,4.0,2.0,0.0
MH_487_551405,Lasalgaon,Lasalgaon,Central,Nashik,20.14351,74.23108,157.97,14.48,-9.7,508.3,35.6,465.6,551.0,3.2,237.7,12.0,14.0,10.0,58.0,4.0,2.0,0.0
MH_487_999999,Water Body,Water Body,Central,Nashik,20.02979,74.10022,143.33,5.68,-6.8,524.0,36.7,479.9,568.0,3.2,232.2,12.0,14.0,10.0,58.0,4.0,2.0,0.0
MH_487_550771,Savalghat,Savalghat,Peint,Nashik,20.25603,73.60572,94.71,35.29,36.0,798.1,55.9,731.0,865.2,14.5,211.4,52.0,18.0,8.0,16.0,2.0,4.0,0.0
MH_487_550814,Waghyachibari,Waghyachibari,Peint,Nashik,20.16022,73.58,91.26,25.04,39.6,809.2,56.6,741.3,877.1,14.5,210.4,52.0,18.0,8.0,16.0,2.0,4.0,0.0
MH_487_550603,Takanchapada,Takanchapada,Dindori,Nashik,20.3409,73.77679,113.41,39.04,0.5,699.3,48.9,640.6,757.9,14.5,218.6,8.0,6.0,4.0,72.0,6.0,4.0,0.0
MH_487_549755,Khadki Digar,Khadki Digar,Surgana,Nashik,20.42686,73.45675,82.85,54.67,43.3,895.2,62.7,819.9,970.4,14.5,205.2,52.0,18.0,8.0,16.0,2.0,4.0,0.0
MH_487_550807,Murmuti,Murmuti,Peint,Nashik,20.16199,73.56231,89.51,24.91,41.6,819.9,57.4,751.0,888.8,14.5,209.6,52.0,18.0,8.0,16.0,2.0,4.0,0.0
MH_487_549748,Gurtembhi,Gurtembhi,Surgana,Nashik,20.43894,73.51698,89.24,55.5,44.7,859.6,60.2,787.3,931.8,14.5,207.7,52.0,18.0,8.0,16.0,2.0,4.0,0.0
MH_487_550826,Shindpada,Shindpada,Trimbakeshwar,Nashik,20.1633,73.36273,69.29,30.36,30.9,939.7,65.8,860.8,1018.7,14.5,201.2,52.0,18.0,8.0,16.0,2.0,4.0,0.0
MH_487_550827,Boripada,Boripada,Trimbakeshwar,Nashik,20.1563,73.35837,68.82,30.0,30.1,942.0,65.9,862.9,1021.1,14.5,201.1,52.0,18.0,8.0,16.0,2.0,4.0,0.0
MH_487_549759,Kahandolpada,Kahandolpada,Surgana,Nashik,20.38844,73.38711,74.66,52.05,34.9,935.2,65.5,856.6,1013.8,14.5,202.3,52.0,18.0,8.0,16.0,2.0,4.0,0.0
MH_487_550748,Umbarpada Bhuvan,Umbarpada Bhuvan,Peint,Nashik,20.23693,73.42807,76.08,34.69,40.6,903.8,63.3,827.9,979.8,14.5,204.0,52.0,18.0,8.0,16.0,2.0,4.0,0.0
MH_487_550412,Vijaynagar,Vijaynagar,Chandvad,Nashik,20.34625,74.05316,142.08,30.19,-5.7,529.6,37.1,485.1,574.1,3.2,230.2,4.0,22.0,14.0,52.0,3.0,1.0,4.0
MH_487_550852,Khadakohol,Khadakohol,Trimbakeshwar,Nashik,20.15043,73.29959,62.79,33.57,20.2,977.0,68.4,894.9,1059.1,14.5,198.6,52.0,18.0,8.0,16.0,2.0,4.0,0.0
MH_487_550749,Hanumantpada,Hanumantpada,Peint,Nashik,20.22582,73.43529,76.78,33.29,41.4,899.0,62.9,823.5,974.5,14.5,204.3,52.0,18.0,8.0,16.0,2.0,4.0,0.0
MH_487_550820,Deodongari,Deodongari,Trimbakeshwar,Nashik,20.17941,73.29584,62.23,36.15,19.6,980.6,68.6,898.2,1062.9,14.5,198.4,52.0,18.0,8.0,16.0,2.0,4.0,0.0
MH_487_550821,Bafanvihir,Bafanvihir,Trimbakeshwar,Nashik,20.19599,73.3094,63.6,36.62,21.8,973.2,68.1,891.5,1054.9,14.5,199.0,52.0,18.0,8.0,16.0,2.0,4.0,0.0
MH_487_550822,Deodongara,Deodongara,Trimbakeshwar,Nashik,20.18018,73.32961,65.74,33.93,25.2,960.3,67.2,879.7,1041.0,14.5,199.8,52.0,18.0,8.0,16.0,2.0,4.0,0.0
MH_487_550761,Dhanpada,Dhanpada,Peint,Nashik,20.21552,73.42582,75.76,32.51,40.3,904.2,63.3,828.2,980.2,14.5,203.9,52.0,18.0,8.0,16.0,2.0,4.0,0.0
MH_487_550823,Kas,Kas,Trimbakeshwar,Nashik,20.20643,73.35204,68.05,34.97,29.0,948.1,66.4,868.4,1027.7,14.5,200.8,52.0,18.0,8.0,16.0,2.0,4.0,0.0
MH_487_550851,Goldari,Goldari,Trimbakeshwar,Nashik,20.1532,73.33395,66.29,31.33,25.9,956.5,67.0,876.1,1036.9,14.5,200.0,52.0,18.0,8.0,16.0,2.0,4.0,0.0
MH_487_549775,Ambepada,Ambepada,Surgana,Nashik,20.42187,73.57665,94.69,52.93,40.0,823.0,57.6,753.9,892.1,14.5,210.2,52.0,18.0,8.0,16.0,2.0,4.0,0.0
MH_487_550829,Kharshet,Kharshet,Trimbakeshwar,Nashik,20.18561,73.39408,72.45,30.78,36.0,921.9,64.5,844.5,999.3,14.5,202.6,52.0,18.0,8.0,16.0,2.0,4.0,0.0
MH_487_550828,Behedpada,Behedpada,Trimbakeshwar,Nashik,20.15309,73.38703,71.58,28.01,34.9,924.7,64.7,847.0,1002.3,14.5,202.3,52.0,18.0,8.0,16.0,2.0,4.0,0.0
MH_487_550825,Dol Ohol,Dol Ohol,Trimbakeshwar,Nashik,20.17552,73.36414,69.37,31.4,31.1,939.4,65.8,860.5,1018.4,14.5,201.3,52.0,18.0,8.0,16.0,2.0,4.0,0.0
MH_487_550744,Belpada,Belpada,Peint,Nashik,20.25995,73.43049,76.51,37.06,40.9,903.4,63.2,827.6,979.2,14.5,204.1,52.0,18.0,8.0,16.0,2.0,4.0,0.0
MH_487_550746,Gaondhond,Gaondhond,Peint,Nashik,20.2471,73.41919,75.22,36.06,39.5,909.6,63.7,833.2,986.0,14.5,203.6,52.0,18.0,8.0,16.0,2.0,4.0,0.0
MH_487_550745,Adgaon,Adgaon,Peint,Nashik,20.24848,73.43037,76.4,35.84,40.8,903.0,63.2,827.1,978.8,14.5,204.1,52.0,18.0,8.0,16.0,2.0,4.0,0.0
MH_487_550743,Garmal,Garmal,Peint,Nashik,20.24965,73.44577,78.01,35.54,42.4,893.8,62.6,818.7,968.9,14.5,204.7,52.0,18.0,8.0,16.0,2.0,4.0,0.0
MH_487_550747,Bilkas,Bilkas,Peint,Nashik,20.23077,73.41784,74.98,34.39,39.3,909.7,63.7,833.2,986.1,14.5,203.5,52.0,18.0,8.0,16.0,2.0,4.0,0.0
MH_487_550750,Bhuwan,Bhuwan,Peint,Nashik,20.23188,73.45407,78.76,33.41,43.1,888.0,62.2,813.3,962.6,14.5,205.1,52.0,18.0,8.0,16.0,2.0,4.0,0.0
MH_487_550742,Andhrute,Andhrute,Peint,Nashik,20.24662,73.46686,80.18,34.73,44.0,881.0,61.7,806.9,955.0,14.5,205.6,52.0,18.0,8.0,16.0,2.0,4.0,0.0
MH_487_550763,Borpada,Borpada,Peint,Nashik,20.19504,73.4225,75.4,30.5,39.9,905.3,63.4,829.2,981.4,14.5,203.7,52.0,18.0,8.0,16.0,2.0,4.0,0.0
MH_487_550762,Khamshet,Khamshet,Peint,Nashik,20.2016,73.4364,76.85,30.69,41.5,897.2,62.8,821.9,972.6,14.5,204.3,52.0,18.0,8.0,16.0,2.0,4.0,0.0
MH_487_550760,Khadki,Khadki,Peint,Nashik,20.21066,73.45126,78.4,31.2,42.9,888.7,62.2,814.1,963.4,14.5,205.0,52.0,18.0,8.0,16.0,2.0,4.0,0.0
MH_487_550751,Ambapani,Ambapani,Peint,Nashik,20.22503,73.46616,80.0,32.39,44.0,880.4,61.6,806.5,954.3,14.5,205.6,52.0,18.0,8.0,16.0,2.0,4.0,0.0
MH_487_550786,Kharpadi,Kharpadi,Peint,Nashik,20.18232,73.43646,76.88,28.66,41.5,896.3,62.7,821.1,971.6,14.5,204.3,52.0,18.0,8.0,16.0,2.0,4.0,0.0
MH_487_550785,Ghotwihira,Ghotwihira,Peint,Nashik,20.19167,73.45209,78.49,29.14,43.0,887.4,62.1,812.9,961.9,14.5,205.0,52.0,18.0,8.0,16.0,2.0,4.0,0.0
MH_487_550759,Umbrad,Umbrad,Peint,Nashik,20.21057,73.47177,80.54,30.69,44.3,876.4,61.3,802.9,950.0,14.5,205.8,52.0,18.0,8.0,16.0,2.0,4.0,0.0
MH_487_550752,Chafyachapada,Chafyachapada,Peint,Nashik,20.22029,73.48632,82.08,31.5,44.8,868.1,60.8,795.2,941.1,14.5,206.4,52.0,18.0,8.0,16.0,2.0,4.0,0.0
MH_487_550783,Dongarshet,Dongarshet,Peint,Nashik,20.19434,73.48556,81.98,28.66,44.8,867.4,60.7,794.6,940.2,14.5,206.4,52.0,18.0,8.0,16.0,2.0,4.0,0.0
MH_487_550784,Pimpalwati,Pimpalwati,Peint,Nashik,20.18495,73.4823,81.66,27.69,44.7,868.9,60.8,796.0,941.9,14.5,206.3,52.0,18.0,8.0,16.0,2.0,4.0,0.0
MH_487_550741,Tondawal,Tondawal,Peint,Nashik,20.23468,73.49194,82.72,33.01,44.9,865.4,60.6,792.7,938.1,14.5,206.7,52.0,18.0,8.0,16.0,2.0,4.0,0.0
MH_487_550793,Wadpada,Wadpada,Peint,Nashik,20.1723,73.46891,80.31,26.61,44.1,876.4,61.3,802.8,950.0,14.5,205.7,52.0,18.0,8.0,16.0,2.0,4.0,0.0
MH_487_550758,Kahandolpada,Kahandolpada,Peint,Nashik,20.20854,73.49937,83.42,30.03,45.0,859.8,60.2,787.5,932.0,14.5,207.0,52.0,18.0,8.0,16.0,2.0,4.0,0.0
MH_487_550729,Khokartale,Khokartale,Peint,Nashik,20.25865,73.47978,81.62,35.82,44.6,873.8,61.2,800.3,947.2,14.5,206.2,52.0,18.0,8.0,16.0,2.0,4.0,0.0
MH_487_550753,Kasatvihir,Kasatvihir,Peint,Nashik,20.21643,73.50901,84.44,30.82,44.9,854.3,59.8,782.6,926.1,14.5,207.4,52.0,18.0,8.0,16.0,2.0,4.0,0.0
MH_487_550782,Mankapur,Mankapur,Peint,Nashik,20.18902,73.50917,84.45,27.78,44.9,853.0,59.7,781.4,924.6,14.5,207.4,52.0,18.0,8.0,16.0,2.0,4.0,0.0
MH_487_550795,Shevkhandi,Shevkhandi,Peint,Nashik,20.15877,73.49793,82.91,24.56,45.0,858.4,60.1,786.3,930.5,14.5,206.9,52.0,18.0,8.0,16.0,2.0,4.0,0.0
MH_487_550796,Bardapada,Bardapada,Peint,Nashik,20.16308,73.51301,84.55,24.87,44.8,849.5,59.5,778.1,920.9,14.5,207.5,52.0,18.0,8.0,16.0,2.0,4.0,0.0
MH_487_550830,Sawarpada,Sawarpada,Trimbakeshwar,Nashik,20.16116,73.41231,74.37,27.49,38.6,909.9,63.7,833.4,986.3,14.5,203.3,52.0,18.0,8.0,16.0,2.0,4.0,0.0
MH_487_550788,Nachlondhi,Nachlondhi,Peint,Nashik,20.17775,73.45693,79.03,27.52,43.4,883.8,61.9,809.6,958.1,14.5,205.2,52.0,18.0,8.0,16.0,2.0,4.0,0.0
MH_487_550773,Nirgude Karanjali,Nirgude Karanjali,Peint,Nashik,20.22814,73.58087,91.97,32.48,39.5,811.7,56.8,743.6,879.9,14.5,210.4,52.0,18.0,8.0,16.0,2.0,4.0,0.0
MH_487_550832,Torangan,Torangan,Trimbakeshwar,Nashik,20.16003,73.43929,77.04,26.24,41.8,893.6,62.6,818.5,968.7,14.5,204.5,52.0,18.0,8.0,16.0,2.0,4.0,0.0
MH_487_550732,Khambala,Khambala,Peint,Nashik,20.24084,73.50243,83.85,33.58,45.0,859.4,60.2,787.1,931.6,14.5,207.1,52.0,18.0,8.0,16.0,2.0,4.0,0.0
MH_487_550787,Phanaspada,Phanaspada,Peint,Nashik,20.1788,73.43089,76.31,28.5,40.9,899.5,63.0,823.9,975.1,14.5,204.1,52.0,18.0,8.0,16.0,2.0,4.0,0.0
MH_487_550789,Wazvad,Wazvad,Peint,Nashik,20.15706,73.47328,80.37,24.85,44.4,873.1,61.1,799.8,946.4,14.5,205.9,52.0,18.0,8.0,16.0,2.0,4.0,0.0
MH_487_550768,Gawandhpada,Gawandhpada,Peint,Nashik,20.26139,73.57612,91.66,36.06,40.1,816.1,57.1,747.6,884.6,14.5,210.2,52.0,18.0,8.0,16.0,2.0,4.0,0.0
MH_487_550731,Peint,Peint,Peint,Nashik,20.2628,73.5167,85.5,35.92,44.7,851.8,59.6,780.3,923.3,14.5,207.7,52.0,18.0,8.0,16.0,2.0,4.0,0.0
MH_487_550810,Abheti,Abheti,Peint,Nashik,20.15002,73.51537,84.44,23.4,44.8,847.5,59.3,776.4,918.7,14.5,207.6,52.0,18.0,8.0,16.0,2.0,4.0,0.0
MH_487_550797,Gawandh,Gawandh,Peint,Nashik,20.17313,73.51797,85.34,25.95,44.7,847.0,59.3,775.8,918.2,14.5,207.8,52.0,18.0,8.0,16.0,2.0,4.0,0.0
MH_487_550798,Palashi Bk,Palashi Bk,Peint,Nashik,20.16563,73.53266,86.61,25.09,44.1,837.9,58.7,767.4,908.3,14.5,208.4,52.0,18.0,8.0,16.0,2.0,4.0,0.0
MH_487_550781,Raitale,Raitale,Peint,Nashik,20.18724,73.52888,86.51,27.49,44.3,841.1,58.9,770.4,911.8,14.5,208.2,52.0,18.0,8.0,16.0,2.0,4.0,0.0
MH_487_550806,Ruipetha,Ruipetha,Peint,Nashik,20.17322,73.57165,90.76,26.29,40.6,814.8,57.0,746.4,883.2,14.5,210.0,52.0,18.0,8.0,16.0,2.0,4.0,0.0
MH_487_550757,Ekadare,Ekadare,Peint,Nashik,20.2,73.53379,87.01,28.91,44.0,838.7,58.7,768.3,909.2,14.5,208.4,52.0,18.0,8.0,16.0,2.0,4.0,0.0
MH_487_550754,Jambhulmal,Jambhulmal,Peint,Nashik,20.21198,73.5259,86.19,30.25,44.4,844.0,59.1,773.1,914.9,14.5,208.1,52.0,18.0,8.0,16.0,2.0,4.0,0.0
MH_487_550738,Kotambi,Kotambi,Peint,Nashik,20.25075,73.54603,88.45,34.59,43.1,833.7,58.4,763.6,903.7,14.5,208.9,52.0,18.0,8.0,16.0,2.0,4.0,0.0
MH_487_550778,Dhabyachapada,Dhabyachapada,Peint,Nashik,20.21905,73.60956,94.94,31.68,35.4,794.1,55.6,727.4,860.8,14.5,211.6,52.0,18.0,8.0,16.0,2.0,4.0,0.0
MH_487_550739,Usthale,Usthale,Peint,Nashik,20.233,73.52643,86.31,32.58,44.4,844.6,59.1,773.7,915.5,14.5,208.1,52.0,18.0,8.0,16.0,2.0,4.0,0.0
MH_487_550815,Fanaspada,Fanaspada,Peint,Nashik,20.15361,73.58365,91.47,24.41,39.1,806.7,56.5,738.9,874.5,14.5,210.5,52.0,18.0,8.0,16.0,2.0,4.0,0.0
MH_487_550755,Hanumantpada,Hanumantpada,Peint,Nashik,20.22789,73.55201,88.96,32.09,42.6,829.1,58.0,759.5,898.7,14.5,209.2,52.0,18.0,8.0,16.0,2.0,4.0,0.0
MH_487_550780,Gonde,Gonde,Peint,Nashik,20.20824,73.56261,90.02,30.02,41.6,821.8,57.5,752.8,890.8,14.5,209.6,52.0,18.0,8.0,16.0,2.0,4.0,0.0
MH_487_550800,Dolharmal,Dolharmal,Peint,Nashik,20.19025,73.55783,89.53,27.98,42.1,823.9,57.7,754.6,893.1,14.5,209.4,52.0,18.0,8.0,16.0,2.0,4.0,0.0
MH_487_550799,Shingdari,Shingdari,Peint,Nashik,20.17991,73.54633,88.35,26.73,43.1,830.3,58.1,760.6,900.0,14.5,208.9,52.0,18.0,8.0,16.0,2.0,4.0,0.0
MH_487_550808,Cholmukh,Cholmukh,Peint,Nashik,20.16484,73.54986,88.33,25.09,42.8,827.5,57.9,758.0,897.0,14.5,209.1,52.0,18.0,8.0,16.0,2.0,4.0,0.0
MH_487_550805,Kohor,Kohor,Peint,Nashik,20.17906,73.5911,92.89,27.34,38.1,803.4,56.2,736.0,870.8,14.5,210.8,52.0,18.0,8.0,16.0,2.0,4.0,0.0
MH_487_550804,Hanumannagar,Hanumannagar,Peint,Nashik,20.18385,73.61774,95.71,28.08,34.1,787.6,55.1,721.5,853.7,14.5,211.9,52.0,18.0,8.0,16.0,2.0,4.0,0.0
MH_487_550803,Lingawane,Lingawane,Peint,Nashik,20.19439,73.61657,95.65,29.06,34.3,788.8,55.2,722.6,855.0,14.5,211.9,52.0,18.0,8.0,16.0,2.0,4.0,0.0
MH_487_550801,Bhaygaon,Bhaygaon,Peint,Nashik,20.19936,73.59128,93.01,29.54,38.1,804.2,56.3,736.6,871.8,14.5,210.8,52.0,18.0,8.0,16.0,2.0,4.0,0.0
MH_487_550802,Aad Bk,Aad Bk,Peint,Nashik,20.2084,73.61041,95.01,30.68,35.3,793.1,55.5,726.5,859.7,14.5,211.6,52.0,18.0,8.0,16.0,2.0,4.0,0.0
MH_487_550694,Abasa,Abasa,Peint,Nashik,20.32727,73.47771,82.35,43.41,44.6,878.1,61.5,804.3,951.9,14.5,206.1,52.0,18.0,8.0,16.0,2.0,4.0,0.0
MH_487_550779,Aad Kh,Aad Kh,Peint,Nashik,20.21308,73.58881,92.76,30.98,38.4,806.3,56.4,738.6,874.0,14.5,210.7,52.0,18.0,8.0,16.0,2.0,4.0,0.0
MH_487_550777,Shinde,Shinde,Peint,Nashik,20.22372,73.60712,94.69,32.25,35.8,795.8,55.7,729.0,862.6,14.5,211.5,52.0,18.0,8.0,16.0,2.0,4.0,0.0
MH_487_550776,Gangodbari,Gangodbari,Peint,Nashik,20.23535,73.60904,94.93,33.19,35.5,795.2,55.7,728.3,862.0,14.5,211.6,52.0,18.0,8.0,16.0,2.0,4.0,0.0
MH_487_550775,Tilbhat,Tilbhat,Peint,Nashik,20.24578,73.60643,94.71,34.3,35.9,797.2,55.8,730.2,864.2,14.5,211.5,52.0,18.0,8.0,16.0,2.0,4.0,0.0
MH_487_550756,Deogaon,Deogaon,Peint,Nashik,20.23468,73.56984,90.84,33.03,40.8,818.7,57.3,749.9,887.4,14.5,209.9,52.0,18.0,8.0,16.0,2.0,4.0,0.0
MH_487_550772,Karanjali,Karanjali,Peint,Nashik,20.25037,73.57834,91.82,34.88,39.8,814.3,57.0,745.9,882.7,14.5,210.3,52.0,18.0,8.0,16.0,2.0,4.0,0.0
MH_487_550774,Sambarpada,Sambarpada,Peint,Nashik,20.23804,73.59363,93.34,33.8,37.8,804.5,56.3,737.0,872.1,14.5,210.9,52.0,18.0,8.0,16.0,2.0,4.0,0.0
MH_487_550740,Bhedamal,Bhedamal,Peint,Nashik,20.22537,73.51966,85.58,31.75,44.7,848.3,59.4,777.1,919.6,14.5,207.8,52.0,18.0,8.0,16.0,2.0,4.0,0.0
MH_487_550710,Palashi Kh,Palashi Kh,Peint,Nashik,20.31329,73.48851,83.21,41.73,44.9,871.0,61.0,797.8,944.2,14.5,206.5,52.0,18.0,8.0,16.0,2.0,4.0,0.0
MH_487_550711,Badagi,Badagi,Peint,Nashik,20.30036,73.49201,83.37,40.27,44.9,868.3,60.8,795.4,941.3,14.5,206.7,52.0,18.0,8.0,16.0,2.0,4.0,0.0
MH_487_550712,Jamale,Jamale,Peint,Nashik,20.30462,73.50598,84.88,40.62,45.0,860.1,60.2,787.9,932.4,14.5,207.3,52.0,18.0,8.0,16.0,2.0,4.0,0.0
MH_487_550713,Jale,Jale,Peint,Nashik,20.28759,73.50454,84.5,38.74,45.0,860.2,60.2,788.0,932.5,14.5,207.2,52.0,18.0,8.0,16.0,2.0,4.0,0.0
MH_487_550730,Shirale,Shirale,Peint,Nashik,20.27384,73.50326,84.21,37.23,45.0,860.4,60.2,788.1,932.6,14.5,207.1,52.0,18.0,8.0,16.0,2.0,4.0,0.0
MH_487_550724,Wangani,Wangani,Peint,Nashik,20.2772,73.48679,82.53,37.77,44.8,870.4,60.9,797.3,943.5,14.5,206.4,52.0,18.0,8.0,16.0,2.0,4.0,0.0
MH_487_550723,Kelvihir,Kelvihir,Peint,Nashik,20.27874,73.4727,81.09,38.14,44.3,878.9,61.5,805.1,952.7,14.5,205.9,52.0,18.0,8.0,16.0,2.0,4.0,0.0
MH_487_550718,Nalshet,Nalshet,Peint,Nashik,20.30013,73.42657,76.61,41.48,40.4,907.6,63.5,831.4,983.8,14.5,203.9,52.0,18.0,8.0,16.0,2.0,4.0,0.0
MH_487_550719,Rajbari,Rajbari,Peint,Nashik,20.29918,73.43714,77.69,41.1,41.6,901.2,63.1,825.5,976.9,14.5,204.4,52.0,18.0,8.0,16.0,2.0,4.0,0.0
MH_487_550727,Kalampada,Kalampada,Peint,Nashik,20.28043,73.43131,76.82,39.23,40.9,903.8,63.3,827.9,979.8,14.5,204.1,52.0,18.0,8.0,16.0,2.0,4.0,0.0
MH_487_550726,Lavhali,Lavhali,Peint,Nashik,20.28279,73.44183,77.94,39.21,42.1,897.6,62.8,822.3,973.0,14.5,204.6,52.0,18.0,8.0,16.0,2.0,4.0,0.0
MH_487_550728,Ranvihir,Ranvihir,Peint,Nashik,20.26897,73.43761,77.34,37.83,41.6,899.5,63.0,823.9,975.1,14.5,204.4,52.0,18.0,8.0,16.0,2.0,4.0,0.0
MH_487_550720,Kumbhale,Kumbhale,Peint,Nashik,20.30211,73.46396,80.5,40.85,43.8,885.2,62.0,810.8,959.6,14.5,205.5,52.0,18.0,8.0,16.0,2.0,4.0,0.0
MH_487_550304,Maldhe,Maldhe,Central,Nashik,20.58827,74.50749,193.27,65.42,-15.0,475.1,33.3,435.1,515.1,3.2,249.3,12.0,14.0,10.0,58.0,4.0,2.0,0.0
MH_487_550725,Sadadpada,Sadadpada,Peint,Nashik,20.278,73.45665,79.42,38.36,43.3,888.5,62.2,813.9,963.2,14.5,205.2,52.0,18.0,8.0,16.0,2.0,4.0,0.0
MH_487_550717,Sawarna,Sawarna,Peint,Nashik,20.31551,73.43726,77.97,42.86,41.6,901.8,63.1,826.1,977.6,14.5,204.4,52.0,18.0,8.0,16.0,2.0,4.0,0.0
MH_487_550721,Derapada,Derapada,Peint,Nashik,20.29425,73.44775,78.71,40.32,42.6,894.6,62.6,819.5,969.7,14.5,204.8,52.0,18.0,8.0,16.0,2.0,4.0,0.0
MH_487_550722,Borichibari,Borichibari,Peint,Nashik,20.29109,73.47078,81.05,39.53,44.2,880.6,61.6,806.7,954.5,14.5,205.8,52.0,18.0,8.0,16.0,2.0,4.0,0.0
MH_487_549760,Bhati,Bhati,Surgana,Nashik,20.37284,73.41158,76.66,49.69,38.5,919.8,64.4,842.6,997.1,14.5,203.3,52.0,18.0,8.0,16.0,2.0,4.0,0.0
MH_487_550302,Soyagaon,Soyagaon,Central,Nashik,20.52678,74.55081,196.33,58.81,-15.0,469.9,32.9,430.4,509.4,3.2,251.1,12.0,14.0,10.0,58.0,4.0,2.0,0.0
MH_487_550676,Ambe,Ambe,Peint,Nashik,20.37954,73.49368,85.15,49.02,45.0,870.9,61.0,797.7,944.1,14.5,206.7,52.0,18.0,8.0,16.0,2.0,4.0,0.0
MH_487_550675,Gandole,Gandole,Peint,Nashik,20.36807,73.47574,83.04,47.94,44.5,881.1,61.7,807.1,955.2,14.5,206.0,52.0,18.0,8.0,16.0,2.0,4.0,0.0
MH_487_550697,Bhatvihira,Bhatvihira,Peint,Nashik,20.32147,73.50805,85.37,42.48,44.9,859.6,60.2,787.4,931.9,14.5,207.3,52.0,18.0,8.0,16.0,2.0,4.0,0.0
MH_487_550704,Asarbari,Asarbari,Peint,Nashik,20.3145,73.59296,94.02,41.53,37.9,808.4,56.6,740.5,876.3,14.5,210.9,52.0,18.0,8.0,16.0,2.0,4.0,0.0
MH_487_550706,Kopurli Bk,Kopurli Bk,Peint,Nashik,20.3133,73.55984,90.58,41.63,41.9,828.2,58.0,758.6,897.8,14.5,209.5,52.0,18.0,8.0,16.0,2.0,4.0,0.0
MH_487_550685,Kapurne,Kapurne,Peint,Nashik,20.35167,73.4852,83.62,46.01,44.8,874.7,61.2,801.3,948.1,14.5,206.4,52.0,18.0,8.0,16.0,2.0,4.0,0.0
MH_487_550716,Kayare,Kayare,Peint,Nashik,20.33824,73.43338,78.03,45.42,41.2,905.2,63.4,829.1,981.3,14.5,204.2,52.0,18.0,8.0,16.0,2.0,4.0,0.0
MH_487_550693,Sadadpada,Sadadpada,Peint,Nashik,20.34633,73.46496,81.43,45.69,43.9,886.6,62.1,812.1,961.1,14.5,205.5,52.0,18.0,8.0,16.0,2.0,4.0,0.0
MH_487_550695,Bhoradha,Bhoradha,Peint,Nashik,20.32376,73.4882,83.36,42.89,44.9,871.6,61.0,798.4,944.8,14.5,206.5,52.0,18.0,8.0,16.0,2.0,4.0,0.0
MH_487_550705,Phanaspada,Phanaspada,Peint,Nashik,20.30679,73.57465,92.01,41.05,40.3,819.0,57.3,750.3,887.8,14.5,210.1,52.0,18.0,8.0,16.0,2.0,4.0,0.0
MH_487_550764,Ubhidhond,Ubhidhond,Peint,Nashik,20.29635,73.59173,93.64,39.86,38.0,808.3,56.6,740.4,876.2,14.5,210.9,52.0,18.0,8.0,16.0,2.0,4.0,0.0
MH_487_550765,Mangone,Mangone,Peint,Nashik,20.2815,73.59584,93.9,38.23,37.4,805.2,56.4,737.5,872.8,14.5,211.0,52.0,18.0,8.0,16.0,2.0,4.0,0.0
MH_487_550770,Kumbharbari,Kumbharbari,Peint,Nashik,20.26926,73.60476,94.71,36.58,36.1,799.3,55.9,732.2,866.3,14.5,211.4,52.0,18.0,8.0,16.0,2.0,4.0,0.0
MH_487_550766,Pawarpada,Pawarpada,Peint,Nashik,20.2729,73.58622,92.81,37.48,38.8,810.5,56.7,742.5,878.6,14.5,210.6,52.0,18.0,8.0,16.0,2.0,4.0,0.0
MH_487_550769,Inambari,Inambari,Peint,Nashik,20.26398,73.59366,93.51,36.63,37.8,805.7,56.4,738.0,873.4,14.5,210.9,52.0,18.0,8.0,16.0,2.0,4.0,0.0
MH_487_550734,Ambapur,Ambapur,Peint,Nashik,20.2665,73.53446,87.38,36.31,43.9,841.3,58.9,770.6,912.0,14.5,208.4,52.0,18.0,8.0,16.0,2.0,4.0,0.0
MH_487_550709,Hatrundi,Hatrundi,Peint,Nashik,20.31364,73.52269,86.75,41.55,44.5,850.5,59.5,779.1,921.9,14.5,208.0,52.0,18.0,8.0,16.0,2.0,4.0,0.0
MH_487_550708,Mohpada,Mohpada,Peint,Nashik,20.30565,73.53985,88.4,40.67,43.6,839.8,58.8,769.3,910.4,14.5,208.7,52.0,18.0,8.0,16.0,2.0,4.0,0.0
MH_487_550714,Junothi,Junothi,Peint,Nashik,20.29826,73.52485,86.74,39.84,44.4,848.5,59.4,777.2,919.8,14.5,208.0,52.0,18.0,8.0,16.0,2.0,4.0,0.0
MH_487_550707,Khirkidepada,Khirkidepada,Peint,Nashik,20.30472,73.54974,89.41,40.61,42.8,833.9,58.4,763.8,904.0,14.5,209.1,52.0,18.0,8.0,16.0,2.0,4.0,0.0
MH_487_550715,Tirdhe,Tirdhe,Peint,Nashik,20.29067,73.54252,88.47,39.01,43.4,837.6,58.6,767.2,907.9,14.5,208.8,52.0,18.0,8.0,16.0,2.0,4.0,0.0
MH_487_550736,Patali,Patali,Peint,Nashik,20.28819,73.57951,92.28,39.06,39.7,815.3,57.1,746.7,883.8,14.5,210.3,52.0,18.0,8.0,16.0,2.0,4.0,0.0
MH_487_550735,Jambvihir,Jambvihir,Peint,Nashik,20.28681,73.56088,90.33,38.7,41.8,826.4,57.8,757.0,895.7,14.5,209.6,52.0,18.0,8.0,16.0,2.0,4.0,0.0
MH_487_550767,Umbarpada Karanjali,Umbarpada Karanjali,Peint,Nashik,20.2752,73.57356,91.52,37.55,40.4,818.2,57.3,749.5,887.0,14.5,210.1,52.0,18.0,8.0,16.0,2.0,4.0,0.0
MH_487_550684,Shivshet,Shivshet,Peint,Nashik,20.36905,73.52094,87.66,47.72,44.6,854.0,59.8,782.3,925.8,14.5,207.9,52.0,18.0,8.0,16.0,2.0,4.0,0.0
MH_487_550521,Tetmala,Tetmala,Dindori,Nashik,20.38145,73.57837,93.81,48.81,39.8,820.1,57.4,751.3,889.0,14.5,210.3,8.0,6.0,4.0,72.0,6.0,4.0,0.0
MH_487_550737,Borwath,Borwath,Peint,Nashik,20.26637,73.55697,89.71,36.4,42.2,827.8,57.9,758.3,897.3,14.5,209.4,52.0,18.0,8.0,16.0,2.0,4.0,0.0
MH_487_550733,Dhondmal,Dhondmal,Peint,Nashik,20.27391,73.53691,87.7,37.14,43.8,840.2,58.8,769.6,910.7,14.5,208.6,52.0,18.0,8.0,16.0,2.0,4.0,0.0
MH_487_550686,Mhasgan,Mhasgan,Peint,Nashik,20.35916,73.52813,88.17,46.61,44.3,849.3,59.4,778.0,920.6,14.5,208.2,52.0,18.0,8.0,16.0,2.0,4.0,0.0
MH_487_550692,Dabhadi,Dabhadi,Peint,Nashik,20.34053,73.51922,86.87,44.55,44.7,853.8,59.8,782.0,925.6,14.5,207.8,52.0,18.0,8.0,16.0,2.0,4.0,0.0
MH_487_550691,Kalune,Kalune,Peint,Nashik,20.34618,73.53387,88.48,45.17,44.0,845.3,59.2,774.2,916.3,14.5,208.4,52.0,18.0,8.0,16.0,2.0,4.0,0.0
MH_487_550698,Domkhadak,Domkhadak,Peint,Nashik,20.33672,73.53595,88.51,44.12,43.9,843.6,59.1,772.7,914.5,14.5,208.5,52.0,18.0,8.0,16.0,2.0,4.0,0.0
MH_487_550696,Surgane,Surgane,Peint,Nashik,20.32602,73.51437,86.1,42.95,44.8,856.0,59.9,784.2,927.9,14.5,207.6,52.0,18.0,8.0,16.0,2.0,4.0,0.0
MH_487_550524,Nanashi,Nanashi,Dindori,Nashik,20.35326,73.61042,96.48,44.53,35.3,799.6,56.0,732.4,866.8,14.5,211.6,8.0,6.0,4.0,72.0,6.0,4.0,0.0
MH_487_550687,Malegaon,Malegaon,Peint,Nashik,20.36032,73.55059,90.49,46.79,42.8,835.9,58.5,765.7,906.1,14.5,209.1,52.0,18.0,8.0,16.0,2.0,4.0,0.0
MH_487_550690,Kakadpada,Kakadpada,Peint,Nashik,20.35251,73.55719,91.0,45.96,42.2,831.5,58.2,761.7,901.4,14.5,209.4,52.0,18.0,8.0,16.0,2.0,4.0,0.0
MH_487_550699,Kopurli Kh,Kopurli Kh,Peint,Nashik,20.3245,73.54761,89.49,42.79,43.0,836.0,58.5,765.8,906.2,14.5,209.0,52.0,18.0,8.0,16.0,2.0,4.0,0.0
MH_487_550700,Pimpalpada,Pimpalpada,Peint,Nashik,20.33543,73.56255,91.22,44.1,41.6,827.6,57.9,758.1,897.0,14.5,209.6,52.0,18.0,8.0,16.0,2.0,4.0,0.0
MH_487_550688,Umarpada,Umarpada,Peint,Nashik,20.34694,73.54514,89.65,45.28,43.2,838.5,58.7,768.1,909.0,14.5,208.9,52.0,18.0,8.0,16.0,2.0,4.0,0.0
MH_487_550299,Dyane,Dyane,Central,Nashik,20.56868,74.53266,195.37,63.33,-15.0,472.1,33.0,432.5,511.7,3.2,250.4,12.0,14.0,10.0,58.0,4.0,2.0,0.0
MH_487_550689,Kalambari,Kalambari,Peint,Nashik,20.36489,73.57107,92.68,47.44,40.7,823.8,57.7,754.5,893.0,14.5,210.0,52.0,18.0,8.0,16.0,2.0,4.0,0.0
MH_487_550701,Jogmodi,Jogmodi,Peint,Nashik,20.34278,73.57465,92.6,45.03,40.3,820.6,57.4,751.8,889.5,14.5,210.1,52.0,18.0,8.0,16.0,2.0,4.0,0.0
MH_487_550702,Vadabari,Vadabari,Peint,Nashik,20.34005,73.5886,93.99,44.24,38.5,812.1,56.8,744.0,880.3,14.5,210.7,52.0,18.0,8.0,16.0,2.0,4.0,0.0
MH_487_550703,Harangaon,Harangaon,Peint,Nashik,20.32601,73.58841,93.73,42.88,38.5,811.6,56.8,743.5,879.8,14.5,210.7,52.0,18.0,8.0,16.0,2.0,4.0,0.0
MH_487_550530,Deoghar,Deoghar,Dindori,Nashik,20.32091,73.62393,97.31,40.67,33.1,790.1,55.3,723.7,856.4,14.5,212.2,8.0,6.0,4.0,72.0,6.0,4.0,0.0
MH_487_550553,Chachadgaon,Chachadgaon,Dindori,Nashik,20.22346,73.68427,102.74,28.21,2.6,749.5,52.5,686.5,812.5,14.5,214.7,8.0,6.0,4.0,72.0,6.0,4.0,0.0
MH_487_550519,Savarpathali,Savarpathali,Dindori,Nashik,20.37806,73.61467,97.43,46.87,34.6,798.2,55.9,731.1,865.3,14.5,211.8,8.0,6.0,4.0,72.0,6.0,4.0,0.0
MH_487_550525,Radtodi,Radtodi,Dindori,Nashik,20.34053,73.60833,96.03,43.34,35.6,800.3,56.0,733.1,867.5,14.5,211.5,8.0,6.0,4.0,72.0,6.0,4.0,0.0
MH_487_550523,Dhondalpada,Dhondalpada,Dindori,Nashik,20.34295,73.625,97.79,42.86,32.9,790.4,55.3,724.1,856.8,14.5,212.3,8.0,6.0,4.0,72.0,6.0,4.0,0.0
MH_487_550557,Dhaur,Dhaur,Dindori,Nashik,20.19891,73.67638,101.89,26.08,2.8,753.1,52.7,689.9,816.4,14.5,214.4,8.0,6.0,4.0,72.0,6.0,4.0,0.0
MH_487_550542,Jalkhed,Jalkhed,Dindori,Nashik,20.2598,73.66752,101.17,32.61,3.0,761.2,53.3,697.2,825.1,14.5,214.0,8.0,6.0,4.0,72.0,6.0,4.0,0.0
MH_487_550541,Golshi,Golshi,Dindori,Nashik,20.26112,73.63222,97.5,34.35,31.7,782.4,54.8,716.7,848.2,14.5,212.6,8.0,6.0,4.0,72.0,6.0,4.0,0.0
MH_487_550555,Zaralipada,Zaralipada,Dindori,Nashik,20.23099,73.63147,97.26,31.5,31.8,781.5,54.7,715.9,847.2,14.5,212.5,8.0,6.0,4.0,72.0,6.0,4.0,0.0
MH_487_550554,Ambegaon,Ambegaon,Dindori,Nashik,20.22912,73.65344,99.54,30.17,3.3,768.2,53.8,703.7,832.8,14.5,213.4,8.0,6.0,4.0,72.0,6.0,4.0,0.0
MH_487_550543,Kokangaon Bk,Kokangaon Bk,Dindori,Nashik,20.24947,73.69399,103.86,30.54,2.4,744.8,52.1,682.3,807.3,14.5,215.1,8.0,6.0,4.0,72.0,6.0,4.0,0.0
MH_487_550556,Pophalwade,Pophalwade,Dindori,Nashik,20.2024,73.64696,98.82,27.94,29.2,770.9,54.0,706.1,835.7,14.5,213.2,8.0,6.0,4.0,72.0,6.0,4.0,0.0
MH_487_550558,Pimpraj,Pimpraj,Dindori,Nashik,20.18787,73.6406,98.14,26.97,30.3,774.1,54.2,709.1,839.1,14.5,212.9,8.0,6.0,4.0,72.0,6.0,4.0,0.0
MH_487_550559,Vilwandi,Vilwandi,Dindori,Nashik,20.15713,73.63045,96.32,24.96,32.0,778.8,54.5,713.4,844.2,14.5,212.5,8.0,6.0,4.0,72.0,6.0,4.0,0.0
MH_487_550560,Kochargaon,Kochargaon,Dindori,Nashik,20.15246,73.66437,99.68,22.33,3.1,758.2,53.1,694.5,822.0,14.5,213.9,8.0,6.0,4.0,72.0,6.0,4.0,0.0
MH_487_550561,Bhoryachapada,Bhoryachapada,Dindori,Nashik,20.15267,73.68294,101.58,21.27,2.6,747.1,52.3,684.3,809.9,14.5,214.7,8.0,6.0,4.0,72.0,6.0,4.0,0.0
MH_487_550562,Nalegaon,Nalegaon,Dindori,Nashik,20.17745,73.71342,105.27,22.32,1.9,729.9,51.1,668.6,791.3,14.5,216.0,8.0,6.0,4.0,72.0,6.0,4.0,0.0
MH_487_550552,Umrale Bk,Umrale Bk,Dindori,Nashik,20.20653,73.72565,107.03,25.0,1.7,723.9,50.7,663.1,784.7,14.5,216.5,8.0,6.0,4.0,72.0,6.0,4.0,0.0
MH_487_550563,Rasegaon,Rasegaon,Dindori,Nashik,20.15741,73.7578,109.35,18.92,0.9,702.4,49.2,643.4,761.4,14.5,217.8,8.0,6.0,4.0,72.0,6.0,4.0,0.0
MH_487_550551,Jambutake,Jambutake,Dindori,Nashik,20.19006,73.75947,110.26,22.47,0.9,702.9,49.2,643.8,761.9,14.5,217.9,8.0,6.0,4.0,72.0,6.0,4.0,0.0
MH_487_550647,Pade,Pade,Dindori,Nashik,20.23377,73.8063,115.5,27.16,-0.1,559.2,39.1,512.3,606.2,3.2,219.9,8.0,6.0,4.0,72.0,6.0,4.0,0.0
MH_487_550549,Kadawa Mhalungi,Kadawa Mhalungi,Dindori,Nashik,20.25365,73.81315,116.3,29.42,-0.3,558.4,39.1,511.5,605.3,3.2,220.2,8.0,6.0,4.0,72.0,6.0,4.0,0.0
MH_487_550545,Waghad,Waghad,Dindori,Nashik,20.2413,73.72355,106.9,28.79,1.7,726.7,50.9,665.6,787.8,14.5,216.4,8.0,6.0,4.0,72.0,6.0,4.0,0.0
MH_487_550615,Nigdol,Nigdol,Dindori,Nashik,20.25446,73.75421,110.16,29.64,1.0,708.9,49.6,649.4,768.4,14.5,217.7,8.0,6.0,4.0,72.0,6.0,4.0,0.0
MH_487_550546,Umrale Kh,Umrale Kh,Dindori,Nashik,20.25383,73.78243,113.1,29.35,0.4,692.0,48.4,633.9,750.0,14.5,218.9,8.0,6.0,4.0,72.0,6.0,4.0,0.0
MH_487_550550,Hatnore,Hatnore,Dindori,Nashik,20.22449,73.77064,111.75,26.15,0.7,697.7,48.8,639.2,756.3,14.5,218.4,8.0,6.0,4.0,72.0,6.0,4.0,0.0
MH_487_550641,Valkhed,Valkhed,Dindori,Nashik,20.23175,73.83465,118.45,27.28,-0.8,555.8,38.9,509.2,602.5,3.2,221.1,8.0,6.0,4.0,72.0,6.0,4.0,0.0
MH_487_550648,Nilwandi,Nilwandi,Dindori,Nashik,20.21057,73.79945,114.74,24.55,0.0,679.8,47.6,622.7,736.9,14.5,219.6,8.0,6.0,4.0,72.0,6.0,4.0,0.0
MH_487_550658,Madakijamb,Madakijamb,Dindori,Nashik,20.18619,73.79967,114.27,21.84,0.0,678.6,47.5,621.6,735.6,14.5,219.6,8.0,6.0,4.0,72.0,6.0,4.0,0.0
MH_487_550659,Indore,Indore,Dindori,Nashik,20.1589,73.79375,113.07,18.79,0.1,680.9,47.7,623.7,738.1,14.5,219.3,8.0,6.0,4.0,72.0,6.0,4.0,0.0
MH_487_550657,Wanarwadi,Wanarwadi,Dindori,Nashik,20.17551,73.82769,116.9,21.0,-0.6,556.7,39.0,509.9,603.5,3.2,220.8,8.0,6.0,4.0,72.0,6.0,4.0,0.0
MH_487_550533,Shiwarpada,Shiwarpada,Dindori,Nashik,20.32895,73.65813,100.97,40.12,3.2,769.9,53.9,705.2,834.6,14.5,213.6,8.0,6.0,4.0,72.0,6.0,4.0,0.0
MH_487_276276,Dindori,Dindori,Central,Nashik,20.19592,73.84621,119.25,23.64,-1.0,554.5,38.8,507.9,601.0,3.2,221.5,12.0,14.0,10.0,58.0,4.0,2.0,0.0
MH_487_550544,Shreeramnagar,Shreeramnagar,Dindori,Nashik,20.24953,73.69682,104.15,30.45,2.3,743.1,52.0,680.7,805.5,14.5,215.3,8.0,6.0,4.0,72.0,6.0,4.0,0.0
MH_487_550594,Vanare,Vanare,Dindori,Nashik,20.37108,73.69167,105.16,43.6,2.4,751.7,52.6,688.6,814.8,14.5,215.1,8.0,6.0,4.0,72.0,6.0,4.0,0.0
MH_487_550528,Charose,Charose,Dindori,Nashik,20.34449,73.67976,103.45,41.06,2.7,757.6,53.0,694.0,821.2,14.5,214.5,8.0,6.0,4.0,72.0,6.0,4.0,0.0
MH_487_550526,Ambad,Ambad,Dindori,Nashik,20.36536,73.65148,100.93,44.17,3.3,775.6,54.3,710.4,840.7,14.5,213.4,8.0,6.0,4.0,72.0,6.0,4.0,0.0
MH_487_550529,Badagichapada,Badagichapada,Dindori,Nashik,20.33851,73.64213,99.47,41.71,30.0,780.0,54.6,714.4,845.5,14.5,213.0,8.0,6.0,4.0,72.0,6.0,4.0,0.0
MH_487_550532,Kaudasar,Kaudasar,Dindori,Nashik,20.30905,73.6409,98.9,38.74,30.3,779.4,54.6,713.8,844.9,14.5,212.9,8.0,6.0,4.0,72.0,6.0,4.0,0.0
MH_487_550599,Devapur,Devapur,Dindori,Nashik,20.34927,73.73135,108.85,40.42,1.5,726.9,50.9,665.8,788.0,14.5,216.7,8.0,6.0,4.0,72.0,6.0,4.0,0.0
MH_487_550540,Mahaje,Mahaje,Dindori,Nashik,20.28981,73.62595,97.12,37.48,32.8,787.5,55.1,721.4,853.6,14.5,212.3,8.0,6.0,4.0,72.0,6.0,4.0,0.0
MH_487_550539,Sadrale,Sadrale,Dindori,Nashik,20.28985,73.67049,101.74,35.6,2.9,760.7,53.3,696.8,824.7,14.5,214.2,8.0,6.0,4.0,72.0,6.0,4.0,0.0
MH_487_550534,Vani Kh,Vani Kh,Dindori,Nashik,20.32125,73.68085,103.2,38.55,2.7,755.9,52.9,692.5,819.4,14.5,214.6,8.0,6.0,4.0,72.0,6.0,4.0,0.0
MH_487_550536,Joran,Joran,Dindori,Nashik,20.31584,73.70104,105.22,37.4,2.2,743.6,52.1,681.1,806.1,14.5,215.4,8.0,6.0,4.0,72.0,6.0,4.0,0.0
MH_487_550537,Joranpada,Joranpada,Dindori,Nashik,20.28868,73.69148,103.91,34.77,2.4,748.1,52.4,685.2,811.0,14.5,215.0,8.0,6.0,4.0,72.0,6.0,4.0,0.0
MH_487_549766,Modhalpada,Modhalpada,Surgana,Nashik,20.41064,73.49349,86.0,52.47,45.0,872.4,61.1,799.1,945.7,14.5,206.7,52.0,18.0,8.0,16.0,2.0,4.0,0.0
MH_487_550538,Thepanwadi,Thepanwadi,Dindori,Nashik,20.27979,73.70774,105.51,33.35,2.1,737.9,51.7,675.9,800.0,14.5,215.7,8.0,6.0,4.0,72.0,6.0,4.0,0.0
MH_487_550535,Pimpalgaon Dhum,Pimpalgaon Dhum,Dindori,Nashik,20.32556,73.72329,107.65,37.96,1.7,730.7,51.1,669.4,792.0,14.5,216.4,8.0,6.0,4.0,72.0,6.0,4.0,0.0
MH_487_550600,Bandharpada,Bandharpada,Dindori,Nashik,20.37274,73.76379,112.6,42.65,0.8,708.5,49.6,649.0,768.0,14.5,218.1,8.0,6.0,4.0,72.0,6.0,4.0,0.0
MH_487_549767,Khiramani,Khiramani,Surgana,Nashik,20.40898,73.50823,87.43,52.2,44.9,863.5,60.4,791.0,935.9,14.5,207.3,52.0,18.0,8.0,16.0,2.0,4.0,0.0
MH_487_550598,Deothan,Deothan,Dindori,Nashik,20.34726,73.72869,108.54,40.24,1.6,728.4,51.0,667.2,789.6,14.5,216.6,8.0,6.0,4.0,72.0,6.0,4.0,0.0
MH_487_550605,Phopshi,Phopshi,Dindori,Nashik,20.33235,73.84913,120.77,38.57,-1.1,554.1,38.8,507.5,600.7,3.2,221.7,8.0,6.0,4.0,72.0,6.0,4.0,0.0
MH_487_550597,Deothanpada,Deothanpada,Dindori,Nashik,20.35878,73.72413,108.27,41.58,1.7,731.7,51.2,670.2,793.1,14.5,216.4,8.0,6.0,4.0,72.0,6.0,4.0,0.0
MH_487_550613,Nalwadpada,Nalwadpada,Dindori,Nashik,20.29447,73.73826,108.82,34.28,1.4,720.3,50.4,659.8,780.8,14.5,217.0,8.0,6.0,4.0,72.0,6.0,4.0,0.0
MH_487_550527,Devalipada,Devalipada,Dindori,Nashik,20.35932,73.65496,101.17,43.42,3.3,773.2,54.1,708.3,838.1,14.5,213.5,8.0,6.0,4.0,72.0,6.0,4.0,0.0
MH_487_550531,Chelharpada,Chelharpada,Dindori,Nashik,20.32007,73.62976,97.9,40.33,32.1,786.5,55.1,720.4,852.7,14.5,212.5,8.0,6.0,4.0,72.0,6.0,4.0,0.0
MH_487_550612,Kokangaon Kh,Kokangaon Kh,Dindori,Nashik,20.33398,73.75341,110.89,38.44,1.0,713.0,49.9,653.1,772.9,14.5,217.6,8.0,6.0,4.0,72.0,6.0,4.0,0.0
MH_487_550601,Koshimbe,Koshimbe,Dindori,Nashik,20.37545,73.77709,114.02,42.88,0.5,700.6,49.0,641.8,759.4,14.5,218.6,8.0,6.0,4.0,72.0,6.0,4.0,0.0
MH_487_550614,Nalwadi,Nalwadi,Dindori,Nashik,20.28595,73.76827,111.86,32.99,0.7,701.9,49.1,643.0,760.8,14.5,218.3,8.0,6.0,4.0,72.0,6.0,4.0,0.0
MH_487_550602,Dahivi,Dahivi,Dindori,Nashik,20.35111,73.79144,115.08,40.15,0.2,690.9,48.4,632.9,749.0,14.5,219.2,8.0,6.0,4.0,72.0,6.0,4.0,0.0
MH_487_550611,Pimparkhed,Pimparkhed,Dindori,Nashik,20.32477,73.77432,112.92,37.26,0.6,700.0,49.0,641.2,758.8,14.5,218.5,8.0,6.0,4.0,72.0,6.0,4.0,0.0
MH_487_550610,Khedale,Khedale,Dindori,Nashik,20.3203,73.80047,115.57,36.74,-0.0,559.9,39.2,512.9,607.0,3.2,219.6,8.0,6.0,4.0,72.0,6.0,4.0,0.0
MH_487_550604,Malegaon,Malegaon,Dindori,Nashik,20.34263,73.82197,118.1,39.35,-0.5,557.4,39.0,510.6,604.2,3.2,220.5,8.0,6.0,4.0,72.0,6.0,4.0,0.0
MH_487_550621,Punegaon,Punegaon,Dindori,Nashik,20.35854,73.83223,119.4,41.22,-0.7,556.1,38.9,509.5,602.8,3.2,221.0,8.0,6.0,4.0,72.0,6.0,4.0,0.0
MH_487_550609,Karanjwan,Karanjwan,Dindori,Nashik,20.30754,73.80882,116.29,35.36,-0.2,558.9,39.1,512.0,605.9,3.2,220.0,8.0,6.0,4.0,72.0,6.0,4.0,0.0
MH_487_550547,Oze,Oze,Dindori,Nashik,20.27866,73.79648,114.73,32.1,0.1,684.7,47.9,627.2,742.1,14.5,219.5,8.0,6.0,4.0,72.0,6.0,4.0,0.0
MH_487_550548,Mheluske,Mheluske,Dindori,Nashik,20.27235,73.81842,116.96,31.54,-0.4,557.8,39.0,511.0,604.6,3.2,220.4,8.0,6.0,4.0,72.0,6.0,4.0,0.0
MH_487_550607,Dahegaon,Dahegaon,Dindori,Nashik,20.30714,73.84306,119.84,35.7,-1.0,554.8,38.8,508.3,601.4,3.2,221.4,8.0,6.0,4.0,72.0,6.0,4.0,0.0
MH_487_550608,Lakhamapur,Lakhamapur,Dindori,Nashik,20.27794,73.84532,119.8,32.53,-1.0,554.6,38.8,508.0,601.1,3.2,221.5,8.0,6.0,4.0,72.0,6.0,4.0,0.0
MH_487_549758,Khobale Digar,Khobale Digar,Surgana,Nashik,20.40174,73.40711,77.08,52.92,37.9,923.8,64.7,846.2,1001.5,14.5,203.1,52.0,18.0,8.0,16.0,2.0,4.0,0.0
MH_487_549761,Khirdi,Khirdi,Surgana,Nashik,20.3875,73.41816,77.75,51.11,39.4,916.5,64.2,839.5,993.6,14.5,203.6,52.0,18.0,8.0,16.0,2.0,4.0,0.0
MH_487_549757,Bhenshet,Bhenshet,Surgana,Nashik,20.41144,73.43827,80.5,53.29,41.7,905.6,63.4,829.5,981.6,14.5,204.4,52.0,18.0,8.0,16.0,2.0,4.0,0.0
MH_487_549756,Kelavan,Kelavan,Surgana,Nashik,20.42015,73.44744,81.7,54.08,42.6,900.4,63.0,824.8,976.0,14.5,204.8,52.0,18.0,8.0,16.0,2.0,4.0,0.0
MH_487_549754,Undohal,Undohal,Surgana,Nashik,20.43303,73.43732,81.13,55.67,41.6,907.1,63.5,830.9,983.3,14.5,204.4,52.0,18.0,8.0,16.0,2.0,4.0,0.0
MH_487_549753,Sarmal,Sarmal,Surgana,Nashik,20.44803,73.44058,82.0,57.26,41.9,905.8,63.4,829.7,981.9,14.5,204.5,52.0,18.0,8.0,16.0,2.0,4.0,0.0
MH_487_549752,Mandve,Mandve,Surgana,Nashik,20.45644,73.44539,82.79,58.1,42.4,903.3,63.2,827.5,979.1,14.5,204.7,52.0,18.0,8.0,16.0,2.0,4.0,0.0
MH_487_549724,Karanjul,Karanjul,Surgana,Nashik,20.46976,73.45435,84.18,59.43,43.2,898.5,62.9,823.0,974.0,14.5,205.1,52.0,18.0,8.0,16.0,2.0,4.0,0.0
MH_487_549723,Rakshasbhuvan,Rakshasbhuvan,Surgana,Nashik,20.48961,73.467,86.21,61.47,44.0,891.8,62.4,817.0,966.7,14.5,205.6,52.0,18.0,8.0,16.0,2.0,4.0,0.0
MH_487_549751,Ambode,Ambode,Surgana,Nashik,20.4421,73.46641,84.33,56.22,44.0,890.0,62.3,815.3,964.8,14.5,205.6,52.0,18.0,8.0,16.0,2.0,4.0,0.0
MH_487_549763,Zagadpada,Zagadpada,Surgana,Nashik,20.42323,73.47208,84.25,54.07,44.3,885.8,62.0,811.4,960.2,14.5,205.8,52.0,18.0,8.0,16.0,2.0,4.0,0.0
MH_487_549762,Khokarvihir,Khokarvihir,Surgana,Nashik,20.39964,73.46621,82.93,51.54,44.0,888.3,62.2,813.6,962.9,14.5,205.6,52.0,18.0,8.0,16.0,2.0,4.0,0.0
MH_487_549764,Ambupada,Ambupada,Surgana,Nashik,20.42455,73.48713,85.8,54.07,44.9,876.8,61.4,803.1,950.5,14.5,206.5,52.0,18.0,8.0,16.0,2.0,4.0,0.0
MH_487_549750,Bedse,Bedse,Surgana,Nashik,20.43679,73.48737,86.22,55.42,44.9,877.2,61.4,803.6,950.9,14.5,206.5,52.0,18.0,8.0,16.0,2.0,4.0,0.0
MH_487_549768,Kalmane,Kalmane,Surgana,Nashik,20.40498,73.52144,88.65,51.71,44.6,855.4,59.9,783.5,927.2,14.5,207.9,52.0,18.0,8.0,16.0,2.0,4.0,0.0
MH_487_549772,Sayalpada,Sayalpada,Surgana,Nashik,20.40869,73.5425,90.87,52.13,43.4,842.9,59.0,772.1,913.7,14.5,208.8,52.0,18.0,8.0,16.0,2.0,4.0,0.0
MH_487_549771,Bhegu,Bhegu,Surgana,Nashik,20.41684,73.53368,90.22,53.02,44.0,848.6,59.4,777.3,919.8,14.5,208.4,52.0,18.0,8.0,16.0,2.0,4.0,0.0
MH_487_549765,Kotamba,Kotamba,Surgana,Nashik,20.42426,73.50726,87.8,53.9,45.0,864.7,60.5,792.1,937.3,14.5,207.3,52.0,18.0,8.0,16.0,2.0,4.0,0.0
MH_487_549725,Amdabarhe,Amdabarhe,Surgana,Nashik,20.47979,73.48441,87.5,60.21,44.8,880.9,61.7,806.9,955.0,14.5,206.3,52.0,18.0,8.0,16.0,2.0,4.0,0.0
MH_487_549749,Thangaon,Thangaon,Surgana,Nashik,20.45779,73.48906,87.13,57.73,44.9,877.2,61.4,803.5,950.8,14.5,206.5,52.0,18.0,8.0,16.0,2.0,4.0,0.0
MH_487_549747,Gopalpur,Gopalpur,Surgana,Nashik,20.45665,73.51961,90.1,57.46,44.7,858.8,60.1,786.7,930.9,14.5,207.8,52.0,18.0,8.0,16.0,2.0,4.0,0.0
MH_487_549731,Pimpalchond,Pimpalchond,Surgana,Nashik,20.47154,73.50932,89.62,59.14,44.9,865.6,60.6,792.9,938.3,14.5,207.4,52.0,18.0,8.0,16.0,2.0,4.0,0.0
MH_487_549727,Gahale,Gahale,Surgana,Nashik,20.48059,73.50883,89.92,60.15,44.9,866.3,60.6,793.6,939.1,14.5,207.4,52.0,18.0,8.0,16.0,2.0,4.0,0.0
MH_487_549728,Kahandolsa,Kahandolsa,Surgana,Nashik,20.4835,73.51926,91.05,60.44,44.7,860.2,60.2,788.0,932.4,14.5,207.8,52.0,18.0,8.0,16.0,2.0,4.0,0.0
MH_487_549678,Palashet,Palashet,Surgana,Nashik,20.48869,73.54232,93.5,61.03,43.4,846.6,59.3,775.4,917.8,14.5,208.8,52.0,18.0,8.0,16.0,2.0,4.0,0.0
MH_487_549730,Katambi,Katambi,Surgana,Nashik,20.47535,73.53104,91.9,59.53,44.1,852.8,59.7,781.1,924.4,14.5,208.3,52.0,18.0,8.0,16.0,2.0,4.0,0.0
MH_487_549679,Merdand,Merdand,Surgana,Nashik,20.47268,73.54832,93.5,59.26,42.9,842.3,59.0,771.5,913.1,14.5,209.0,52.0,18.0,8.0,16.0,2.0,4.0,0.0
MH_487_549732,Vaghanakhi,Vaghanakhi,Surgana,Nashik,20.45663,73.53612,91.73,57.45,43.8,848.9,59.4,777.6,920.2,14.5,208.5,52.0,18.0,8.0,16.0,2.0,4.0,0.0
MH_487_549769,Barhe,Barhe,Surgana,Nashik,20.43201,73.5203,89.34,54.72,44.6,857.3,60.0,785.3,929.3,14.5,207.9,52.0,18.0,8.0,16.0,2.0,4.0,0.0
MH_487_549746,Hatti,Hatti,Surgana,Nashik,20.4416,73.53284,90.9,55.78,44.0,850.2,59.5,778.8,921.6,14.5,208.4,52.0,18.0,8.0,16.0,2.0,4.0,0.0
MH_487_549770,Alivdand,Alivdand,Surgana,Nashik,20.43117,73.53645,90.93,54.62,43.8,847.5,59.3,776.4,918.7,14.5,208.5,52.0,18.0,8.0,16.0,2.0,4.0,0.0
MH_487_549745,Gadga,Gadga,Surgana,Nashik,20.44162,73.54615,92.23,55.8,43.1,842.2,59.0,771.4,913.0,14.5,208.9,52.0,18.0,8.0,16.0,2.0,4.0,0.0
MH_487_549744,Sambarkhal,Sambarkhal,Surgana,Nashik,20.44933,73.56136,94.0,56.37,41.7,833.4,58.3,763.4,903.4,14.5,209.6,52.0,18.0,8.0,16.0,2.0,4.0,0.0
MH_487_549733,Mahismal,Mahismal,Surgana,Nashik,20.46615,73.56795,95.21,57.79,41.0,830.2,58.1,760.5,899.9,14.5,209.9,52.0,18.0,8.0,16.0,2.0,4.0,0.0
MH_487_549773,Wanganpada,Wanganpada,Surgana,Nashik,20.42717,73.54763,91.93,54.2,43.0,840.6,58.8,770.1,911.2,14.5,209.0,52.0,18.0,8.0,16.0,2.0,4.0,0.0
MH_487_549776,Jahule,Jahule,Surgana,Nashik,20.41419,73.55977,92.77,52.82,41.9,832.8,58.3,762.8,902.7,14.5,209.5,52.0,18.0,8.0,16.0,2.0,4.0,0.0
MH_487_549777,Suktale,Suktale,Surgana,Nashik,20.41139,73.57927,94.66,51.76,39.7,821.0,57.5,752.0,890.0,14.5,210.3,52.0,18.0,8.0,16.0,2.0,4.0,0.0
MH_487_549778,Tapupada,Tapupada,Surgana,Nashik,20.41379,73.58977,95.78,51.55,38.3,814.8,57.0,746.4,883.2,14.5,210.8,52.0,18.0,8.0,16.0,2.0,4.0,0.0
MH_487_549774,Haste,Haste,Surgana,Nashik,20.42784,73.56573,93.76,54.02,41.3,829.8,58.1,760.1,899.5,14.5,209.8,52.0,18.0,8.0,16.0,2.0,4.0,0.0
MH_487_549742,Jambhulpada,Jambhulpada,Surgana,Nashik,20.4394,73.58242,95.79,54.46,39.3,820.3,57.4,751.4,889.2,14.5,210.5,52.0,18.0,8.0,16.0,2.0,4.0,0.0
MH_487_549780,Mastemani,Mastemani,Surgana,Nashik,20.41577,73.60108,96.98,51.28,36.7,808.1,56.6,740.1,876.0,14.5,211.2,52.0,18.0,8.0,16.0,2.0,4.0,0.0
MH_487_549779,Hemadpada,Hemadpada,Surgana,Nashik,20.42565,73.59408,96.55,52.58,37.7,812.7,56.9,744.4,881.0,14.5,211.0,52.0,18.0,8.0,16.0,2.0,4.0,0.0
MH_487_549781,Mangdhe,Mangdhe,Surgana,Nashik,20.41988,73.62006,99.01,50.98,33.7,796.9,55.8,729.9,863.8,14.5,212.0,52.0,18.0,8.0,16.0,2.0,4.0,0.0
MH_487_549739,Sadudne,Sadudne,Surgana,Nashik,20.43175,73.61544,98.88,52.39,34.5,800.2,56.0,733.0,867.4,14.5,211.8,52.0,18.0,8.0,16.0,2.0,4.0,0.0
MH_487_549743,Bijurpada,Bijurpada,Surgana,Nashik,20.45305,73.57899,95.88,56.0,39.7,823.0,57.6,753.9,892.1,14.5,210.3,52.0,18.0,8.0,16.0,2.0,4.0,0.0
MH_487_549741,Mankhed,Mankhed,Surgana,Nashik,20.44011,73.59905,97.48,53.87,37.0,810.4,56.7,742.3,878.4,14.5,211.2,52.0,18.0,8.0,16.0,2.0,4.0,0.0
MH_487_549734,Galwad,Galwad,Surgana,Nashik,20.4779,73.57755,96.57,58.6,39.9,825.0,57.7,755.7,894.2,14.5,210.3,52.0,18.0,8.0,16.0,2.0,4.0,0.0
MH_487_549735,Ronghane,Ronghane,Surgana,Nashik,20.46534,73.58186,96.57,57.14,39.4,821.8,57.5,752.8,890.8,14.5,210.4,52.0,18.0,8.0,16.0,2.0,4.0,0.0
MH_487_549736,Nadagdari,Nadagdari,Surgana,Nashik,20.46414,73.59421,97.75,56.54,37.7,814.4,57.0,746.0,882.8,14.5,211.0,52.0,18.0,8.0,16.0,2.0,4.0,0.0
MH_487_549740,Bhatvihir,Bhatvihir,Surgana,Nashik,20.45626,73.60308,98.38,55.39,36.4,808.7,56.6,740.8,876.6,14.5,211.3,52.0,18.0,8.0,16.0,2.0,4.0,0.0
MH_487_549737,Wadpada,Wadpada,Surgana,Nashik,20.45366,73.61574,99.56,54.67,34.4,801.0,56.1,733.6,868.3,14.5,211.9,52.0,18.0,8.0,16.0,2.0,4.0,0.0
MH_487_549680,Khadakmal,Khadakmal,Surgana,Nashik,20.48893,73.56288,95.53,60.33,41.6,834.3,58.4,764.2,904.4,14.5,209.6,52.0,18.0,8.0,16.0,2.0,4.0,0.0
MH_487_549684,Umbarde,Umbarde,Surgana,Nashik,20.4788,73.60638,99.46,57.63,35.9,807.7,56.5,739.9,875.5,14.5,211.5,52.0,18.0,8.0,16.0,2.0,4.0,0.0
MH_487_550678,Diksal,Diksal,Peint,Nashik,20.39541,73.52674,88.92,50.64,44.4,851.8,59.6,780.2,923.3,14.5,208.1,52.0,18.0,8.0,16.0,2.0,4.0,0.0
MH_487_550679,Toranmal,Toranmal,Peint,Nashik,20.39293,73.53886,90.08,50.37,43.7,844.4,59.1,773.4,915.3,14.5,208.6,52.0,18.0,8.0,16.0,2.0,4.0,0.0
MH_487_550680,Pahuchibari,Pahuchibari,Peint,Nashik,20.39919,73.55851,92.23,51.15,42.0,832.9,58.3,762.9,902.8,14.5,209.5,52.0,18.0,8.0,16.0,2.0,4.0,0.0
MH_487_550681,Wirmal,Wirmal,Peint,Nashik,20.38212,73.56511,92.47,49.3,41.3,828.1,58.0,758.5,897.7,14.5,209.7,52.0,18.0,8.0,16.0,2.0,4.0,0.0
MH_487_550682,Karanjkhed,Karanjkhed,Peint,Nashik,20.38598,73.54978,91.01,49.63,42.8,837.5,58.6,767.2,907.8,14.5,209.1,52.0,18.0,8.0,16.0,2.0,4.0,0.0
MH_487_550683,Amdongra,Amdongra,Peint,Nashik,20.37981,73.53756,89.61,48.91,43.7,844.6,59.1,773.6,915.5,14.5,208.6,52.0,18.0,8.0,16.0,2.0,4.0,0.0
MH_487_550677,Mohadand,Mohadand,Peint,Nashik,20.384,73.52016,87.95,49.38,44.6,855.2,59.9,783.3,927.1,14.5,207.8,52.0,18.0,8.0,16.0,2.0,4.0,0.0
MH_487_550517,Mokhnal,Mokhnal,Dindori,Nashik,20.40937,73.62239,98.97,49.8,33.4,795.0,55.6,728.3,861.7,14.5,212.1,8.0,6.0,4.0,72.0,6.0,4.0,0.0
MH_487_550518,Dehare,Dehare,Dindori,Nashik,20.39863,73.60928,97.37,49.2,35.4,802.4,56.2,734.9,869.8,14.5,211.6,8.0,6.0,4.0,72.0,6.0,4.0,0.0
MH_487_276277,Deola,Deola,Central,Nashik,20.48446,73.55534,94.62,60.19,42.3,838.6,58.7,768.2,909.0,14.5,209.3,12.0,14.0,10.0,58.0,4.0,2.0,0.0
MH_487_550522,Chikadi,Chikadi,Dindori,Nashik,20.38703,73.57738,93.84,49.41,39.9,821.0,57.5,752.0,890.0,14.5,210.3,8.0,6.0,4.0,72.0,6.0,4.0,0.0
MH_487_550520,Gandole,Gandole,Dindori,Nashik,20.38938,73.58588,94.76,49.25,38.8,816.0,57.1,747.5,884.5,14.5,210.6,8.0,6.0,4.0,72.0,6.0,4.0,0.0
MH_487_549673,Bival,Bival,Surgana,Nashik,20.49071,73.62619,101.83,58.24,32.7,796.4,55.7,729.5,863.2,14.5,212.3,52.0,18.0,8.0,16.0,2.0,4.0,0.0
MH_487_549722,Bhawada,Bhawada,Surgana,Nashik,20.50031,73.47577,87.5,62.56,44.5,887.1,62.1,812.5,961.6,14.5,206.0,52.0,18.0,8.0,16.0,2.0,4.0,0.0
MH_487_549717,Sule,Sule,Surgana,Nashik,20.52453,73.48207,89.16,65.19,44.7,884.4,61.9,810.1,958.6,14.5,206.2,52.0,18.0,8.0,16.0,2.0,4.0,0.0
MH_487_549718,Wangan Sule,Wangan Sule,Surgana,Nashik,20.53097,73.50803,91.92,65.75,44.9,869.1,60.8,796.1,942.0,14.5,207.3,52.0,18.0,8.0,16.0,2.0,4.0,0.0
MH_487_549635,Mhaiskhadak,Mhaiskhadak,Surgana,Nashik,20.55701,73.4927,91.67,68.72,45.0,879.4,61.6,805.5,953.4,14.5,206.7,52.0,18.0,8.0,16.0,2.0,4.0,0.0
MH_487_549634,Baflun,Baflun,Surgana,Nashik,20.54993,73.51201,93.16,67.85,44.9,867.5,60.7,794.7,940.4,14.5,207.5,52.0,18.0,8.0,16.0,2.0,4.0,0.0
MH_487_549721,Bendwal,Bendwal,Surgana,Nashik,20.50203,73.48677,88.63,62.66,44.8,880.5,61.6,806.6,954.5,14.5,206.4,52.0,18.0,8.0,16.0,2.0,4.0,0.0
MH_487_549720,Awalpada,Awalpada,Surgana,Nashik,20.51014,73.49459,89.73,63.5,45.0,876.2,61.3,802.6,949.8,14.5,206.8,52.0,18.0,8.0,16.0,2.0,4.0,0.0
MH_487_549726,Dudhawal,Dudhawal,Surgana,Nashik,20.49555,73.50657,90.28,61.82,45.0,868.4,60.8,795.4,941.3,14.5,207.3,52.0,18.0,8.0,16.0,2.0,4.0,0.0
MH_487_549719,Amdapalsan,Amdapalsan,Surgana,Nashik,20.51147,73.51227,91.49,63.57,44.9,865.7,60.6,792.9,938.4,14.5,207.5,52.0,18.0,8.0,16.0,2.0,4.0,0.0
MH_487_549668,Payarpada,Payarpada,Surgana,Nashik,20.51759,73.52924,93.38,64.23,44.2,855.7,59.9,783.9,927.6,14.5,208.2,52.0,18.0,8.0,16.0,2.0,4.0,0.0
MH_487_549800,Kumsadi,Kumsadi,Kalwan,Nashik,20.57675,73.82353,124.37,62.8,-0.5,557.2,39.0,510.4,604.0,3.2,220.6,12.0,14.0,10.0,58.0,4.0,2.0,0.0
MH_487_549621,Nimbarpada,Nimbarpada,Surgana,Nashik,20.5913,73.46873,91.17,72.7,44.1,895.4,62.7,820.1,970.6,14.5,205.7,52.0,18.0,8.0,16.0,2.0,4.0,0.0
MH_487_549622,Umbarthan,Umbarthan,Surgana,Nashik,20.58475,73.50518,94.2,71.74,45.0,873.2,61.1,799.9,946.5,14.5,207.2,52.0,18.0,8.0,16.0,2.0,4.0,0.0
MH_487_549620,Borchond,Borchond,Surgana,Nashik,20.59722,73.48287,92.78,73.24,44.7,887.2,62.1,812.6,961.7,14.5,206.3,52.0,18.0,8.0,16.0,2.0,4.0,0.0
MH_487_549619,Rasha,Rasha,Surgana,Nashik,20.60287,73.47691,92.54,73.92,44.5,891.0,62.4,816.1,965.9,14.5,206.0,52.0,18.0,8.0,16.0,2.0,4.0,0.0
MH_487_549609,Mohapada,Mohapada,Surgana,Nashik,20.63786,73.52952,99.21,76.99,44.2,861.0,60.3,788.6,933.4,14.5,208.2,52.0,18.0,8.0,16.0,2.0,4.0,0.0
MH_487_549667,Patali,Patali,Surgana,Nashik,20.53068,73.53343,94.34,65.68,44.0,853.8,59.8,782.1,925.6,14.5,208.4,52.0,18.0,8.0,16.0,2.0,4.0,0.0
MH_487_549677,Palsan,Palsan,Surgana,Nashik,20.50155,73.53608,93.39,62.44,43.8,850.9,59.6,779.4,922.4,14.5,208.5,52.0,18.0,8.0,16.0,2.0,4.0,0.0
MH_487_549669,Umbarde,Umbarde,Surgana,Nashik,20.50806,73.55264,95.26,62.7,42.6,841.3,58.9,770.6,912.0,14.5,209.2,52.0,18.0,8.0,16.0,2.0,4.0,0.0
MH_487_549682,Kukudmunda,Kukudmunda,Surgana,Nashik,20.50459,73.57548,97.35,61.44,40.2,827.4,57.9,757.9,896.9,14.5,210.2,52.0,18.0,8.0,16.0,2.0,4.0,0.0
MH_487_549666,Hatrundi,Hatrundi,Surgana,Nashik,20.5306,73.55821,96.72,64.79,42.1,838.9,58.7,768.5,909.4,14.5,209.4,52.0,18.0,8.0,16.0,2.0,4.0,0.0
MH_487_549665,Alangun,Alangun,Surgana,Nashik,20.55302,73.55355,97.25,67.29,42.5,842.8,59.0,772.0,913.6,14.5,209.2,52.0,18.0,8.0,16.0,2.0,4.0,0.0
MH_487_549633,Torandongri,Torandongri,Surgana,Nashik,20.55305,73.53302,95.29,68.11,44.0,855.1,59.9,783.2,927.0,14.5,208.4,52.0,18.0,8.0,16.0,2.0,4.0,0.0
MH_487_549632,Dodichapada,Dodichapada,Surgana,Nashik,20.56694,73.52021,94.73,69.72,44.6,863.4,60.4,790.9,935.9,14.5,207.8,52.0,18.0,8.0,16.0,2.0,4.0,0.0
MH_487_549683,Morchonda,Morchonda,Surgana,Nashik,20.5043,73.59664,99.41,60.64,37.3,814.7,57.0,746.3,883.1,14.5,211.1,52.0,18.0,8.0,16.0,2.0,4.0,0.0
MH_487_549628,Kothule,Kothule,Surgana,Nashik,20.58193,73.55884,99.08,70.1,42.0,840.9,58.9,770.2,911.6,14.5,209.5,52.0,18.0,8.0,16.0,2.0,4.0,0.0
MH_487_549627,Ambatha,Ambatha,Surgana,Nashik,20.5889,73.55352,98.91,71.01,42.5,844.4,59.1,773.5,915.3,14.5,209.2,52.0,18.0,8.0,16.0,2.0,4.0,0.0
MH_487_549623,Subhashnagar,Subhashnagar,Surgana,Nashik,20.60133,73.54209,98.46,72.73,43.4,851.8,59.6,780.3,923.3,14.5,208.8,52.0,18.0,8.0,16.0,2.0,4.0,0.0
MH_487_549675,Mani,Mani,Surgana,Nashik,20.51537,73.61538,101.67,61.19,34.5,804.0,56.3,736.4,871.5,14.5,211.8,52.0,18.0,8.0,16.0,2.0,4.0,0.0
MH_487_550576,Shindpada,Shindpada,Dindori,Nashik,20.42864,73.6898,106.3,49.88,2.5,755.4,52.9,691.9,818.9,14.5,215.0,8.0,6.0,4.0,72.0,6.0,4.0,0.0
MH_487_549646,Bhormal,Bhormal,Surgana,Nashik,20.57647,73.58161,100.97,68.74,39.4,827.0,57.9,757.5,896.5,14.5,210.4,52.0,18.0,8.0,16.0,2.0,4.0,0.0
MH_487_549671,Hanumantmal,Hanumantmal,Surgana,Nashik,20.53092,73.60849,101.6,63.06,35.6,808.8,56.6,740.9,876.7,14.5,211.6,52.0,18.0,8.0,16.0,2.0,4.0,0.0
MH_487_549824,Daregaon Hatgad,Daregaon Hatgad,Kalwan,Nashik,20.53701,73.80612,121.24,59.89,-0.1,559.3,39.1,512.3,606.2,3.2,219.9,12.0,14.0,10.0,58.0,4.0,2.0,0.0
MH_487_549648,Palvihir,Palvihir,Surgana,Nashik,20.56334,73.58256,100.47,67.32,39.3,825.8,57.8,756.5,895.2,14.5,210.5,52.0,18.0,8.0,16.0,2.0,4.0,0.0
MH_487_549664,Pratapgad,Pratapgad,Surgana,Nashik,20.54749,73.58013,99.55,65.74,39.6,826.6,57.9,757.1,896.0,14.5,210.4,52.0,18.0,8.0,16.0,2.0,4.0,0.0
MH_487_549670,Ganeshnagar,Ganeshnagar,Surgana,Nashik,20.52989,73.58473,99.26,63.74,39.0,823.0,57.6,753.9,892.1,14.5,210.6,52.0,18.0,8.0,16.0,2.0,4.0,0.0
MH_487_549676,Khobala Mani,Khobala Mani,Surgana,Nashik,20.51568,73.59253,99.45,61.98,37.9,817.7,57.2,749.0,886.3,14.5,210.9,52.0,18.0,8.0,16.0,2.0,4.0,0.0
MH_487_549663,Suryagad,Suryagad,Surgana,Nashik,20.5446,73.60915,102.22,64.49,35.5,809.0,56.6,741.1,876.9,14.5,211.6,52.0,18.0,8.0,16.0,2.0,4.0,0.0
MH_487_549642,Bhavandagad,Bhavandagad,Surgana,Nashik,20.5865,73.60048,103.22,69.21,36.8,816.1,57.1,747.6,884.6,14.5,211.2,52.0,18.0,8.0,16.0,2.0,4.0,0.0
MH_487_549643,Bhadar,Bhadar,Surgana,Nashik,20.58607,73.61851,104.92,68.65,34.0,805.3,56.4,737.6,872.9,14.5,212.0,52.0,18.0,8.0,16.0,2.0,4.0,0.0
MH_487_549640,Devaldari,Devaldari,Surgana,Nashik,20.60152,73.61673,105.46,70.36,34.3,807.0,56.5,739.2,874.8,14.5,211.9,52.0,18.0,8.0,16.0,2.0,4.0,0.0
MH_487_549641,Walutzira,Walutzira,Surgana,Nashik,20.60459,73.59693,103.74,71.24,37.3,819.0,57.3,750.3,887.8,14.5,211.1,52.0,18.0,8.0,16.0,2.0,4.0,0.0
MH_487_549649,Khokari,Khokari,Surgana,Nashik,20.55387,73.60693,102.4,65.54,35.8,810.8,56.8,742.6,878.9,14.5,211.5,52.0,18.0,8.0,16.0,2.0,4.0,0.0
MH_487_549645,Umbarpada,Umbarpada,Surgana,Nashik,20.57246,73.60817,103.32,67.49,35.6,810.9,56.8,742.7,879.0,14.5,211.5,52.0,18.0,8.0,16.0,2.0,4.0,0.0
MH_487_549626,Satkhamb,Satkhamb,Surgana,Nashik,20.59301,73.5873,102.28,70.3,38.6,824.3,57.7,755.1,893.5,14.5,210.7,52.0,18.0,8.0,16.0,2.0,4.0,0.0
MH_487_549625,Amzar,Amzar,Surgana,Nashik,20.60457,73.57693,101.86,71.86,40.0,831.0,58.2,761.2,900.9,14.5,210.2,52.0,18.0,8.0,16.0,2.0,4.0,0.0
MH_487_549624,Dolhare,Dolhare,Surgana,Nashik,20.61,73.55587,100.17,73.14,42.3,843.9,59.1,773.0,914.8,14.5,209.3,52.0,18.0,8.0,16.0,2.0,4.0,0.0
MH_487_549630,Gopalnagar,Gopalnagar,Surgana,Nashik,20.59682,73.5289,97.01,72.76,44.3,859.5,60.2,787.3,931.8,14.5,208.2,52.0,18.0,8.0,16.0,2.0,4.0,0.0
MH_487_549629,Krishnanagar,Krishnanagar,Surgana,Nashik,20.57128,73.52784,95.65,70.18,44.3,859.0,60.1,786.9,931.1,14.5,208.2,52.0,18.0,8.0,16.0,2.0,4.0,0.0
MH_487_549738,Murumdari,Murumdari,Surgana,Nashik,20.44051,73.63052,100.65,52.79,32.0,791.5,55.4,725.0,858.0,14.5,212.5,52.0,18.0,8.0,16.0,2.0,4.0,0.0
MH_487_549631,Kathipada,Kathipada,Surgana,Nashik,20.56957,73.54313,97.01,69.4,43.4,849.8,59.5,778.4,921.2,14.5,208.8,52.0,18.0,8.0,16.0,2.0,4.0,0.0
MH_487_549647,Umbarvihir,Umbarvihir,Surgana,Nashik,20.57088,73.57558,100.15,68.35,40.1,830.3,58.1,760.6,900.1,14.5,210.2,52.0,18.0,8.0,16.0,2.0,4.0,0.0
MH_487_549650,Jamunmatha,Jamunmatha,Surgana,Nashik,20.55212,73.60265,101.91,65.49,36.4,813.3,56.9,745.0,881.5,14.5,211.3,52.0,18.0,8.0,16.0,2.0,4.0,0.0
MH_487_549782,Warambhe,Warambhe,Surgana,Nashik,20.42832,73.64129,101.39,51.15,30.2,784.5,54.9,718.6,850.4,14.5,212.9,52.0,18.0,8.0,16.0,2.0,4.0,0.0
MH_487_549712,Chikadi,Chikadi,Surgana,Nashik,20.45518,73.63957,101.99,54.05,30.5,786.7,55.1,720.6,852.9,14.5,212.9,52.0,18.0,8.0,16.0,2.0,4.0,0.0
MH_487_549713,Pilukpada,Pilukpada,Surgana,Nashik,20.44278,73.6647,104.15,52.02,3.0,771.1,54.0,706.3,835.9,14.5,213.9,52.0,18.0,8.0,16.0,2.0,4.0,0.0
MH_487_549711,Salbhoye,Salbhoye,Surgana,Nashik,20.46829,73.64818,103.27,55.2,29.0,782.2,54.8,716.4,847.9,14.5,213.2,52.0,18.0,8.0,16.0,2.0,4.0,0.0
MH_487_549714,Rokadpada,Rokadpada,Surgana,Nashik,20.46755,73.67406,105.83,54.46,2.8,766.6,53.7,702.2,831.0,14.5,214.3,52.0,18.0,8.0,16.0,2.0,4.0,0.0
MH_487_549715,Dangrale,Dangrale,Surgana,Nashik,20.45735,73.70072,108.2,52.79,2.2,750.1,52.5,687.1,813.1,14.5,215.4,52.0,18.0,8.0,16.0,2.0,4.0,0.0
MH_487_549716,Rahude,Rahude,Surgana,Nashik,20.45361,73.73352,111.39,51.89,1.5,730.3,51.1,669.0,791.6,14.5,216.8,52.0,18.0,8.0,16.0,2.0,4.0,0.0
MH_487_549705,Harantekadi,Harantekadi,Surgana,Nashik,20.47816,73.72696,111.45,54.68,1.6,735.3,51.5,673.5,797.1,14.5,216.5,52.0,18.0,8.0,16.0,2.0,4.0,0.0
MH_487_549706,Shinde,Shinde,Surgana,Nashik,20.48822,73.70654,109.72,56.08,2.1,748.0,52.4,685.2,810.9,14.5,215.7,52.0,18.0,8.0,16.0,2.0,4.0,0.0
MH_487_549710,Malegaon,Malegaon,Surgana,Nashik,20.48355,73.65173,104.12,56.74,3.3,780.7,54.7,715.1,846.4,14.5,213.4,52.0,18.0,8.0,16.0,2.0,4.0,0.0
MH_487_550577,Deosane,Deosane,Dindori,Nashik,20.43328,73.71719,109.2,49.87,1.9,739.2,51.7,677.1,801.2,14.5,216.1,8.0,6.0,4.0,72.0,6.0,4.0,0.0
MH_487_550573,Bhanwad,Bhanwad,Dindori,Nashik,20.41461,73.6582,102.73,49.18,3.2,773.7,54.2,708.7,838.8,14.5,213.6,8.0,6.0,4.0,72.0,6.0,4.0,0.0
MH_487_550593,Palasvihir,Palasvihir,Dindori,Nashik,20.39009,73.65157,101.47,46.77,3.3,776.6,54.4,711.3,841.9,14.5,213.4,8.0,6.0,4.0,72.0,6.0,4.0,0.0
MH_487_550592,Vare,Vare,Dindori,Nashik,20.39896,73.6898,105.57,46.66,2.5,754.1,52.8,690.7,817.4,14.5,215.0,8.0,6.0,4.0,72.0,6.0,4.0,0.0
MH_487_550575,Wagdeopada,Wagdeopada,Dindori,Nashik,20.4175,73.69462,106.5,48.57,2.4,752.0,52.6,688.9,815.1,14.5,215.2,8.0,6.0,4.0,72.0,6.0,4.0,0.0
MH_487_550591,Talyachapada,Talyachapada,Dindori,Nashik,20.4017,73.71116,107.81,46.51,2.0,741.4,51.9,679.1,803.7,14.5,215.9,8.0,6.0,4.0,72.0,6.0,4.0,0.0
MH_487_550590,Deopada,Deopada,Dindori,Nashik,20.40931,73.72579,109.48,47.1,1.7,732.9,51.3,671.4,794.5,14.5,216.5,8.0,6.0,4.0,72.0,6.0,4.0,0.0
MH_487_550589,Karanjali,Karanjali,Dindori,Nashik,20.40638,73.73992,110.85,46.59,1.4,724.3,50.7,663.5,785.2,14.5,217.1,8.0,6.0,4.0,72.0,6.0,4.0,0.0
MH_487_550595,Vanjole,Vanjole,Dindori,Nashik,20.3836,73.71839,108.16,44.4,1.8,736.2,51.5,674.4,798.0,14.5,216.2,8.0,6.0,4.0,72.0,6.0,4.0,0.0
MH_487_549799,Babkhede,Babkhede,Kalwan,Nashik,20.56641,73.80206,121.88,62.9,-0.0,559.8,39.2,512.7,606.8,3.2,219.7,12.0,14.0,10.0,58.0,4.0,2.0,0.0
MH_487_550596,Titave,Titave,Dindori,Nashik,20.37728,73.74047,110.29,43.37,1.3,722.7,50.6,662.0,783.4,14.5,217.1,8.0,6.0,4.0,72.0,6.0,4.0,0.0
MH_487_550574,Borvand,Borvand,Dindori,Nashik,20.41047,73.65417,102.22,48.86,3.3,776.0,54.3,710.8,841.1,14.5,213.5,8.0,6.0,4.0,72.0,6.0,4.0,0.0
MH_487_550578,Sarsale,Sarsale,Dindori,Nashik,20.42989,73.74701,112.13,49.12,1.2,721.1,50.5,660.5,781.7,14.5,217.4,8.0,6.0,4.0,72.0,6.0,4.0,0.0
MH_487_550579,Karanjkhed,Karanjkhed,Dindori,Nashik,20.42889,73.7672,114.16,48.86,0.7,709.0,49.6,649.5,768.5,14.5,218.2,8.0,6.0,4.0,72.0,6.0,4.0,0.0
MH_487_550580,Chausale,Chausale,Dindori,Nashik,20.41469,73.78593,115.73,47.23,0.3,697.1,48.8,638.5,755.7,14.5,219.0,8.0,6.0,4.0,72.0,6.0,4.0,0.0
MH_487_550581,Pingalwadi,Pingalwadi,Dindori,Nashik,20.43172,73.79858,117.42,49.13,0.0,690.3,48.3,632.3,748.2,14.5,219.5,8.0,6.0,4.0,72.0,6.0,4.0,0.0
MH_487_550584,Kolher,Kolher,Dindori,Nashik,20.40725,73.84365,121.47,45.79,-1.0,554.8,38.8,508.2,601.3,3.2,221.4,8.0,6.0,4.0,72.0,6.0,4.0,0.0
MH_487_550588,Eklahare,Eklahare,Dindori,Nashik,20.40982,73.76439,113.43,46.76,0.8,709.8,49.7,650.2,769.4,14.5,218.1,8.0,6.0,4.0,72.0,6.0,4.0,0.0
MH_487_550586,Haste Dumala,Haste Dumala,Dindori,Nashik,20.39533,73.80694,117.47,45.11,-0.2,559.2,39.1,512.2,606.1,3.2,219.9,8.0,6.0,4.0,72.0,6.0,4.0,0.0
MH_487_549862,Amdar,Amdar,Kalwan,Nashik,20.51251,73.81359,121.18,57.17,-0.3,558.4,39.1,511.4,605.3,3.2,220.2,12.0,14.0,10.0,58.0,4.0,2.0,0.0
MH_487_550582,Pimpri Anchala,Pimpri Anchala,Dindori,Nashik,20.41334,73.82469,119.66,47.21,-0.6,557.0,39.0,510.2,603.8,3.2,220.6,8.0,6.0,4.0,72.0,6.0,4.0,0.0
MH_487_549702,Kharude,Kharude,Surgana,Nashik,20.45024,73.81013,119.05,51.22,-0.2,558.8,39.1,511.9,605.7,3.2,220.0,52.0,18.0,8.0,16.0,2.0,4.0,0.0
MH_487_550585,Maledumala,Maledumala,Dindori,Nashik,20.37992,73.83624,120.18,43.63,-0.8,555.7,38.9,509.0,602.3,3.2,221.1,8.0,6.0,4.0,72.0,6.0,4.0,0.0
MH_487_550583,Dagadpimpri,Dagadpimpri,Dindori,Nashik,20.41958,73.82441,119.77,47.9,-0.5,557.1,39.0,510.3,603.9,3.2,220.6,8.0,6.0,4.0,72.0,6.0,4.0,0.0
MH_487_550587,Khoripada,Khoripada,Dindori,Nashik,20.38034,73.80179,116.65,43.42,-0.0,559.8,39.2,512.7,606.8,3.2,219.7,8.0,6.0,4.0,72.0,6.0,4.0,0.0
MH_487_549704,Sanjaynagar,Sanjaynagar,Surgana,Nashik,20.45064,73.75635,113.62,51.34,1.0,716.5,50.2,656.2,776.7,14.5,217.8,52.0,18.0,8.0,16.0,2.0,4.0,0.0
MH_487_549703,Umbarpada Digar,Umbarpada Digar,Surgana,Nashik,20.4524,73.77423,115.47,51.44,0.6,705.8,49.4,646.5,765.1,14.5,218.5,52.0,18.0,8.0,16.0,2.0,4.0,0.0
MH_487_549701,Ghagbari,Ghagbari,Surgana,Nashik,20.45358,73.78995,117.1,51.55,0.2,696.4,48.8,637.9,755.0,14.5,219.2,52.0,18.0,8.0,16.0,2.0,4.0,0.0
MH_487_549700,Sarad,Sarad,Surgana,Nashik,20.47177,73.75978,114.55,53.66,0.9,715.4,50.1,655.2,775.5,14.5,217.9,52.0,18.0,8.0,16.0,2.0,4.0,0.0
MH_487_549699,Chikhali,Chikhali,Surgana,Nashik,20.48715,73.76199,115.23,55.36,0.9,714.7,50.0,654.7,774.7,14.5,218.0,52.0,18.0,8.0,16.0,2.0,4.0,0.0
MH_487_549883,Devali Karhad,Devali Karhad,Kalwan,Nashik,20.48746,73.80124,119.18,55.33,-0.0,559.9,39.2,512.8,606.9,3.2,219.7,12.0,14.0,10.0,58.0,4.0,2.0,0.0
MH_487_549901,Jamale,Jamale,Kalwan,Nashik,20.44514,73.83057,121.0,49.98,-0.7,556.3,38.9,509.7,603.0,3.2,220.9,12.0,14.0,10.0,58.0,4.0,2.0,0.0
MH_487_549886,Wadpada,Wadpada,Kalwan,Nashik,20.46768,73.80283,118.78,53.13,-0.1,559.7,39.2,512.6,606.7,3.2,219.7,12.0,14.0,10.0,58.0,4.0,2.0,0.0
MH_487_549888,Mohpada,Mohpada,Kalwan,Nashik,20.46308,73.82584,120.98,51.89,-0.6,556.9,39.0,510.1,603.7,3.2,220.7,12.0,14.0,10.0,58.0,4.0,2.0,0.0
MH_487_549890,Ambika Ozar,Ambika Ozar,Kalwan,Nashik,20.46654,73.84817,123.33,50.92,-1.1,554.2,38.8,507.7,600.8,3.2,221.6,12.0,14.0,10.0,58.0,4.0,2.0,0.0
MH_487_549820,Bhakurde,Bhakurde,Kalwan,Nashik,20.52492,73.8502,125.23,56.41,-1.1,554.0,38.8,507.4,600.5,3.2,221.7,12.0,14.0,10.0,58.0,4.0,2.0,0.0
MH_487_549885,Sukapur Hatgad,Sukapur Hatgad,Kalwan,Nashik,20.47006,73.79635,118.19,53.38,0.1,693.3,48.5,635.1,751.5,14.5,219.4,12.0,14.0,10.0,58.0,4.0,2.0,0.0
MH_487_549884,Khirad,Khirad,Kalwan,Nashik,20.4918,73.78371,117.55,55.8,0.4,701.9,49.1,643.0,760.8,14.5,218.9,12.0,14.0,10.0,58.0,4.0,2.0,0.0
MH_487_549821,Kosurde,Kosurde,Kalwan,Nashik,20.52572,73.82984,123.22,57.53,-0.7,556.4,38.9,509.7,603.1,3.2,220.9,12.0,14.0,10.0,58.0,4.0,2.0,0.0
MH_487_549887,Palasdar,Palasdar,Kalwan,Nashik,20.47203,73.82182,120.81,52.95,-0.5,557.4,39.0,510.6,604.2,3.2,220.5,12.0,14.0,10.0,58.0,4.0,2.0,0.0
MH_487_549882,Tirhal Bk,Tirhal Bk,Kalwan,Nashik,20.48182,73.84843,123.77,52.35,-1.1,554.2,38.8,507.6,600.7,3.2,221.6,12.0,14.0,10.0,58.0,4.0,2.0,0.0
MH_487_549707,Waghdhond,Waghdhond,Surgana,Nashik,20.49555,73.68183,107.51,57.34,2.7,763.2,53.4,699.1,827.3,14.5,214.6,52.0,18.0,8.0,16.0,2.0,4.0,0.0
MH_487_549708,Sabardara,Sabardara,Surgana,Nashik,20.50785,73.6622,105.99,59.11,3.1,775.5,54.3,710.4,840.7,14.5,213.8,52.0,18.0,8.0,16.0,2.0,4.0,0.0
MH_487_549709,Bhintghar,Bhintghar,Surgana,Nashik,20.49677,73.65244,104.64,58.15,3.3,780.9,54.7,715.3,846.5,14.5,213.4,52.0,18.0,8.0,16.0,2.0,4.0,0.0
MH_487_549694,Mohapada,Mohapada,Surgana,Nashik,20.50779,73.70097,109.82,58.32,2.2,752.3,52.7,689.0,815.5,14.5,215.4,52.0,18.0,8.0,16.0,2.0,4.0,0.0
MH_487_549693,Chirai,Chirai,Surgana,Nashik,20.52159,73.69915,110.13,59.86,2.3,754.0,52.8,690.6,817.3,14.5,215.4,52.0,18.0,8.0,16.0,2.0,4.0,0.0
MH_487_549695,Roti,Roti,Surgana,Nashik,20.50445,73.72902,112.49,57.56,1.6,735.3,51.5,673.5,797.1,14.5,216.6,52.0,18.0,8.0,16.0,2.0,4.0,0.0
MH_487_549657,Ladgaon,Ladgaon,Surgana,Nashik,20.53114,73.68808,109.38,61.1,2.5,761.1,53.3,697.1,825.0,14.5,214.9,52.0,18.0,8.0,16.0,2.0,4.0,0.0
MH_487_549656,Chinchpada,Chinchpada,Surgana,Nashik,20.541,73.67518,108.5,62.43,2.8,769.2,53.8,704.7,833.8,14.5,214.4,52.0,18.0,8.0,16.0,2.0,4.0,0.0
MH_487_549822,Dalwat,Dalwat,Kalwan,Nashik,20.5435,73.83374,124.2,59.04,-0.8,556.0,38.9,509.3,602.6,3.2,221.0,12.0,14.0,10.0,58.0,4.0,2.0,0.0
MH_487_549690,Nagshewadi,Nagshewadi,Surgana,Nashik,20.52598,73.72646,112.98,59.97,1.7,737.8,51.6,675.9,799.7,14.5,216.5,52.0,18.0,8.0,16.0,2.0,4.0,0.0
MH_487_549692,Hatti Bk,Hatti Bk,Surgana,Nashik,20.54049,73.69817,110.72,61.96,2.3,755.4,52.9,691.9,818.9,14.5,215.3,52.0,18.0,8.0,16.0,2.0,4.0,0.0
MH_487_549672,Ahmadgavhan,Ahmadgavhan,Surgana,Nashik,20.52452,73.64943,105.35,61.22,28.8,783.9,54.9,718.1,849.8,14.5,213.3,52.0,18.0,8.0,16.0,2.0,4.0,0.0
MH_487_549661,Udaypur,Udaypur,Surgana,Nashik,20.54474,73.6391,105.13,63.66,30.6,791.1,55.4,724.6,857.5,14.5,212.8,52.0,18.0,8.0,16.0,2.0,4.0,0.0
MH_487_549662,Garmal,Garmal,Surgana,Nashik,20.54015,73.64229,105.26,63.08,30.0,788.9,55.2,722.7,855.2,14.5,213.0,52.0,18.0,8.0,16.0,2.0,4.0,0.0
MH_487_549823,Jamle,Jamle,Kalwan,Nashik,20.53979,73.81714,122.43,59.55,-0.4,557.9,39.1,511.0,604.9,3.2,220.3,12.0,14.0,10.0,58.0,4.0,2.0,0.0
MH_487_549660,Malgavhan,Malgavhan,Surgana,Nashik,20.54046,73.63744,104.8,63.24,30.8,791.9,55.4,725.4,858.3,14.5,212.8,52.0,18.0,8.0,16.0,2.0,4.0,0.0
MH_487_549651,Wadpada,Wadpada,Surgana,Nashik,20.56069,73.62694,104.61,65.7,32.6,799.1,55.9,732.0,866.1,14.5,212.3,52.0,18.0,8.0,16.0,2.0,4.0,0.0
MH_487_549659,Umaremal,Umaremal,Surgana,Nashik,20.53057,73.66948,107.54,61.41,2.9,772.2,54.1,707.3,837.1,14.5,214.1,52.0,18.0,8.0,16.0,2.0,4.0,0.0
MH_487_549674,Vadmal,Vadmal,Surgana,Nashik,20.50697,73.631,102.89,59.83,31.9,794.2,55.6,727.5,860.9,14.5,212.5,52.0,18.0,8.0,16.0,2.0,4.0,0.0
MH_487_549691,Vanjulpada,Vanjulpada,Surgana,Nashik,20.52498,73.71199,111.51,60.04,2.0,746.4,52.3,683.7,809.2,14.5,215.9,52.0,18.0,8.0,16.0,2.0,4.0,0.0
MH_487_549658,Bubli,Bubli,Surgana,Nashik,20.52219,73.67256,107.53,60.43,2.9,770.0,53.9,705.3,834.6,14.5,214.2,52.0,18.0,8.0,16.0,2.0,4.0,0.0
MH_487_549686,Mothamal,Mothamal,Surgana,Nashik,20.55475,73.73758,115.12,63.03,1.4,732.4,51.3,670.9,794.0,14.5,217.0,52.0,18.0,8.0,16.0,2.0,4.0,0.0
MH_487_549644,Nawapur,Nawapur,Surgana,Nashik,20.57487,73.62817,105.34,67.19,32.4,799.0,55.9,731.9,866.0,14.5,212.4,52.0,18.0,8.0,16.0,2.0,4.0,0.0
MH_487_549685,Shribhuvan,Shribhuvan,Surgana,Nashik,20.55865,73.71956,113.51,63.66,1.8,743.4,52.0,681.0,805.8,14.5,216.2,52.0,18.0,8.0,16.0,2.0,4.0,0.0
MH_487_549653,Talpada,Talpada,Surgana,Nashik,20.55495,73.66475,108.03,64.16,3.0,776.1,54.3,711.0,841.3,14.5,213.9,52.0,18.0,8.0,16.0,2.0,4.0,0.0
MH_487_549652,Karanjali,Karanjali,Surgana,Nashik,20.56799,73.646,106.76,66.0,29.4,788.0,55.2,721.7,854.2,14.5,213.1,52.0,18.0,8.0,16.0,2.0,4.0,0.0
MH_487_251434,Surgana,Surgana,Central,Nashik,20.55562,73.64305,105.95,64.73,29.9,789.2,55.2,722.9,855.4,14.5,213.0,12.0,14.0,10.0,58.0,4.0,2.0,0.0
MH_487_549655,Durgapur,Durgapur,Surgana,Nashik,20.55937,73.68289,109.97,64.29,2.6,765.4,53.6,701.1,829.8,14.5,214.7,52.0,18.0,8.0,16.0,2.0,4.0,0.0
MH_487_549654,Karwande,Karwande,Surgana,Nashik,20.5587,73.70278,111.88,63.89,2.2,753.5,52.7,690.2,816.7,14.5,215.5,52.0,18.0,8.0,16.0,2.0,4.0,0.0
MH_487_549696,Ghodambe,Ghodambe,Surgana,Nashik,20.50827,73.75008,114.71,57.78,1.1,722.8,50.6,662.1,783.5,14.5,217.5,52.0,18.0,8.0,16.0,2.0,4.0,0.0
MH_487_549688,Sajole,Sajole,Surgana,Nashik,20.52023,73.7778,117.87,58.97,0.5,706.7,49.5,647.3,766.1,14.5,218.7,52.0,18.0,8.0,16.0,2.0,4.0,0.0
MH_487_549687,Hatgad,Hatgad,Surgana,Nashik,20.54604,73.76302,117.3,61.89,0.8,716.8,50.2,656.5,777.0,14.5,218.0,52.0,18.0,8.0,16.0,2.0,4.0,0.0
MH_487_549689,Pohali,Pohali,Surgana,Nashik,20.52359,73.74811,115.03,59.49,1.2,724.7,50.7,663.9,785.5,14.5,217.4,52.0,18.0,8.0,16.0,2.0,4.0,0.0
MH_487_549863,Wadale,Wadale,Kalwan,Nashik,20.49923,73.82441,121.86,55.32,-0.5,557.1,39.0,510.3,603.9,3.2,220.6,12.0,14.0,10.0,58.0,4.0,2.0,0.0
MH_487_549861,Lingame,Lingame,Kalwan,Nashik,20.51085,73.79753,119.53,57.92,0.1,694.5,48.6,636.1,752.8,14.5,219.5,12.0,14.0,10.0,58.0,4.0,2.0,0.0
MH_487_549828,Tatani,Tatani,Kalwan,Nashik,20.53877,73.79511,120.21,60.67,0.1,697.2,48.8,638.6,755.7,14.5,219.4,12.0,14.0,10.0,58.0,4.0,2.0,0.0
MH_487_549827,Shrungarwadi,Shrungarwadi,Kalwan,Nashik,20.55486,73.7815,119.44,62.82,0.4,706.1,49.4,646.8,765.3,14.5,218.8,12.0,14.0,10.0,58.0,4.0,2.0,0.0
MH_487_549798,Dhanoli,Dhanoli,Kalwan,Nashik,20.57748,73.78676,120.8,64.78,0.3,703.9,49.3,644.8,763.1,14.5,219.0,12.0,14.0,10.0,58.0,4.0,2.0,0.0
MH_487_549797,Chaphapada,Chaphapada,Kalwan,Nashik,20.59506,73.7902,121.82,66.27,0.2,702.7,49.2,643.6,761.7,14.5,219.2,12.0,14.0,10.0,58.0,4.0,2.0,0.0
MH_487_549825,Jirwade,Jirwade,Kalwan,Nashik,20.55485,73.81544,122.78,61.08,-0.3,558.1,39.1,511.2,605.1,3.2,220.2,12.0,14.0,10.0,58.0,4.0,2.0,0.0
MH_487_549826,Shepupada,Shepupada,Kalwan,Nashik,20.56178,73.81083,122.57,61.99,-0.2,558.7,39.1,511.8,605.6,3.2,220.1,12.0,14.0,10.0,58.0,4.0,2.0,0.0
MH_487_549801,Bhandane,Bhandane,Kalwan,Nashik,20.56631,73.83976,125.59,60.98,-0.9,555.2,38.9,508.5,601.9,3.2,221.3,12.0,14.0,10.0,58.0,4.0,2.0,0.0
MH_487_549796,Virshet,Virshet,Kalwan,Nashik,20.59539,73.82059,124.79,64.77,-0.5,557.5,39.0,510.7,604.3,3.2,220.5,12.0,14.0,10.0,58.0,4.0,2.0,0.0
MH_487_549697,Borgaon,Borgaon,Surgana,Nashik,20.50677,73.76405,116.06,57.53,0.8,714.4,50.0,654.4,774.4,14.5,218.1,52.0,18.0,8.0,16.0,2.0,4.0,0.0
MH_487_549865,Desgaon,Desgaon,Kalwan,Nashik,20.49513,73.84363,123.66,53.88,-1.0,554.8,38.8,508.2,601.3,3.2,221.4,12.0,14.0,10.0,58.0,4.0,2.0,0.0
MH_487_549864,Bendipada,Bendipada,Kalwan,Nashik,20.51042,73.84352,124.11,55.34,-1.0,554.8,38.8,508.2,601.3,3.2,221.4,12.0,14.0,10.0,58.0,4.0,2.0,0.0
MH_487_549698,Hiradipada,Hiradipada,Surgana,Nashik,20.49839,73.77371,116.75,56.56,0.6,708.2,49.6,648.7,767.7,14.5,218.5,52.0,18.0,8.0,16.0,2.0,4.0,0.0
MH_487_549618,Guhijambhulpada,Guhijambhulpada,Surgana,Nashik,20.61699,73.44458,90.39,75.8,42.3,911.0,63.8,834.5,987.6,14.5,204.7,52.0,18.0,8.0,16.0,2.0,4.0,0.0
MH_487_549639,Shrirampur,Shrirampur,Surgana,Nashik,20.61629,73.61394,105.9,72.02,34.7,809.4,56.7,741.3,877.4,14.5,211.8,52.0,18.0,8.0,16.0,2.0,4.0,0.0
MH_487_549638,Vijaynagar,Vijaynagar,Surgana,Nashik,20.62334,73.60091,105.03,73.13,36.7,817.5,57.2,748.9,886.1,14.5,211.2,52.0,18.0,8.0,16.0,2.0,4.0,0.0
MH_487_549637,Karanjul Surgana,Karanjul Surgana,Surgana,Nashik,20.62886,73.5897,104.26,74.04,38.3,824.5,57.7,755.2,893.7,14.5,210.8,52.0,18.0,8.0,16.0,2.0,4.0,0.0
MH_487_549636,Udaldari,Udaldari,Surgana,Nashik,20.62449,73.56883,102.11,74.23,40.9,836.8,58.6,766.5,907.1,14.5,209.9,52.0,18.0,8.0,16.0,2.0,4.0,0.0
MH_487_549607,Malgonde,Malgonde,Surgana,Nashik,20.63957,73.56784,102.8,75.85,41.0,838.1,58.7,767.6,908.5,14.5,209.8,52.0,18.0,8.0,16.0,2.0,4.0,0.0
MH_487_549606,Pimpalsond,Pimpalsond,Surgana,Nashik,20.6548,73.52957,100.15,78.75,44.2,861.7,60.3,789.4,934.1,14.5,208.2,52.0,18.0,8.0,16.0,2.0,4.0,0.0
MH_487_549608,Khuntavihir,Khuntavihir,Surgana,Nashik,20.63141,73.54422,100.2,75.79,43.3,851.9,59.6,780.4,923.4,14.5,208.9,52.0,18.0,8.0,16.0,2.0,4.0,0.0
MH_487_549610,Ranvihir,Ranvihir,Surgana,Nashik,20.62305,73.52582,98.08,75.59,44.4,862.5,60.4,790.1,935.0,14.5,208.1,52.0,18.0,8.0,16.0,2.0,4.0,0.0
MH_487_549611,Galbari,Galbari,Surgana,Nashik,20.6199,73.51049,96.51,75.63,44.9,871.6,61.0,798.4,944.8,14.5,207.4,52.0,18.0,8.0,16.0,2.0,4.0,0.0
MH_487_549612,Karanjul,Karanjul,Surgana,Nashik,20.6179,73.49012,94.55,75.49,44.9,883.7,61.9,809.5,958.0,14.5,206.6,52.0,18.0,8.0,16.0,2.0,4.0,0.0
MH_487_549617,Mandha,Mandha,Surgana,Nashik,20.62373,73.42782,89.29,76.77,40.5,921.4,64.5,844.0,998.8,14.5,204.0,52.0,18.0,8.0,16.0,2.0,4.0,0.0
MH_487_549605,Wangan,Wangan,Surgana,Nashik,20.65412,73.50511,97.92,79.45,45.0,876.4,61.3,802.8,949.9,14.5,207.2,52.0,18.0,8.0,16.0,2.0,4.0,0.0
MH_487_549602,Udmal,Udmal,Surgana,Nashik,20.66357,73.48145,96.37,80.62,44.7,891.0,62.4,816.1,965.9,14.5,206.2,52.0,18.0,8.0,16.0,2.0,4.0,0.0
MH_487_549596,Hadkaichond,Hadkaichond,Surgana,Nashik,20.69108,73.47822,97.76,83.69,44.6,894.2,62.6,819.0,969.3,14.5,206.1,52.0,18.0,8.0,16.0,2.0,4.0,0.0
MH_487_549595,Chandrapur,Chandrapur,Surgana,Nashik,20.71436,73.47027,98.54,86.33,44.2,900.0,63.0,824.4,975.6,14.5,205.8,52.0,18.0,8.0,16.0,2.0,4.0,0.0
MH_487_549593,Bardipada,Bardipada,Surgana,Nashik,20.70679,73.44849,96.21,85.69,42.7,912.7,63.9,836.0,989.4,14.5,204.8,52.0,18.0,8.0,16.0,2.0,4.0,0.0
MH_487_549594,Chinchale,Chinchale,Surgana,Nashik,20.70144,73.45796,96.67,85.0,43.4,906.8,63.5,830.6,983.0,14.5,205.2,52.0,18.0,8.0,16.0,2.0,4.0,0.0
MH_487_549597,Gondune,Gondune,Surgana,Nashik,20.68312,73.45917,95.62,82.96,43.5,905.2,63.4,829.2,981.3,14.5,205.3,52.0,18.0,8.0,16.0,2.0,4.0,0.0
MH_487_549598,Ranjune,Ranjune,Surgana,Nashik,20.66797,73.45204,94.06,81.35,43.0,908.8,63.6,832.5,985.2,14.5,205.0,52.0,18.0,8.0,16.0,2.0,4.0,0.0
MH_487_549599,Kukudne,Kukudne,Surgana,Nashik,20.66563,73.436,92.53,81.28,41.5,918.4,64.3,841.2,995.5,14.5,204.3,52.0,18.0,8.0,16.0,2.0,4.0,0.0
MH_487_549600,Deshmukh Nagar,Deshmukh Nagar,Surgana,Nashik,20.65609,73.44091,92.37,80.17,42.0,915.0,64.0,838.2,991.8,14.5,204.5,52.0,18.0,8.0,16.0,2.0,4.0,0.0
MH_487_549601,Songir,Songir,Surgana,Nashik,20.65557,73.46585,94.52,79.85,44.0,900.0,63.0,824.4,975.6,14.5,205.6,52.0,18.0,8.0,16.0,2.0,4.0,0.0
MH_487_549615,Raghatvihir,Raghatvihir,Surgana,Nashik,20.64541,73.40967,89.0,79.44,38.2,933.2,65.3,854.9,1011.6,14.5,203.2,52.0,18.0,8.0,16.0,2.0,4.0,0.0
MH_487_549613,Chinchpada,Chinchpada,Surgana,Nashik,20.63474,73.47865,94.45,77.44,44.6,891.4,62.4,816.5,966.3,14.5,206.1,52.0,18.0,8.0,16.0,2.0,4.0,0.0
MH_487_549614,Sundarban,Sundarban,Surgana,Nashik,20.64584,73.46469,93.85,78.78,43.9,900.2,63.0,824.6,975.8,14.5,205.5,52.0,18.0,8.0,16.0,2.0,4.0,0.0
MH_487_549604,Pangarne,Pangarne,Surgana,Nashik,20.67154,73.47048,95.89,81.58,44.2,897.9,62.9,822.4,973.4,14.5,205.8,52.0,18.0,8.0,16.0,2.0,4.0,0.0
MH_487_549616,Fanaspada,Fanaspada,Surgana,Nashik,20.64478,73.4265,90.43,79.11,40.4,923.1,64.6,845.6,1000.6,14.5,203.9,52.0,18.0,8.0,16.0,2.0,4.0,0.0
MH_487_549603,Deogaon,Deogaon,Surgana,Nashik,20.6752,73.47209,96.25,81.97,44.3,897.1,62.8,821.8,972.5,14.5,205.8,52.0,18.0,8.0,16.0,2.0,4.0,0.0
MH_487_550662,Korhate,Korhate,Dindori,Nashik,20.1669,73.88126,122.22,21.86,-1.8,550.2,38.5,504.0,596.4,3.2,223.0,8.0,6.0,4.0,72.0,6.0,4.0,0.0
MH_487_551289,Pachorewani,Pachorewani,Niphad,Nashik,20.20938,74.02516,137.85,16.89,-5.1,533.0,37.3,488.2,577.7,3.2,229.1,8.0,6.0,4.0,72.0,6.0,4.0,0.0
MH_487_551320,Sarole Kh,Sarole Kh,Niphad,Nashik,20.17889,74.14577,149.67,11.61,-7.8,518.5,36.3,474.9,562.1,3.2,234.1,8.0,6.0,4.0,72.0,6.0,4.0,0.0
MH_487_550626,Mulane,Mulane,Dindori,Nashik,20.37007,73.94534,131.26,36.54,-3.3,542.6,38.0,497.0,588.2,3.2,225.7,8.0,6.0,4.0,72.0,6.0,4.0,0.0
MH_487_551292,Umbarkhed,Umbarkhed,Niphad,Nashik,20.16283,73.97001,131.28,17.28,-3.8,539.6,37.8,494.2,585.0,3.2,226.7,8.0,6.0,4.0,72.0,6.0,4.0,0.0
MH_487_550630,Kasbe Vani,Kasbe Vani,Dindori,Nashik,20.33422,73.89824,125.88,35.88,-2.2,548.2,38.4,502.1,594.3,3.2,223.7,8.0,6.0,4.0,72.0,6.0,4.0,0.0
MH_487_549931,Wadale[Wani,Wadale[Wani,Kalwan,Nashik,20.36949,73.99402,136.27,34.39,-4.4,536.7,37.6,491.6,581.8,3.2,227.7,12.0,14.0,10.0,58.0,4.0,2.0,0.0
MH_487_550623,Mandane,Mandane,Dindori,Nashik,20.3783,73.89867,126.58,39.83,-2.2,548.2,38.4,502.1,594.2,3.2,223.7,8.0,6.0,4.0,72.0,6.0,4.0,0.0
MH_487_550624,Chandikapur,Chandikapur,Dindori,Nashik,20.36866,73.90655,127.23,38.48,-2.4,547.2,38.3,501.3,593.2,3.2,224.1,8.0,6.0,4.0,72.0,6.0,4.0,0.0
MH_487_550625,Bhatode,Bhatode,Dindori,Nashik,20.37175,73.92292,128.97,37.86,-2.8,545.2,38.2,499.4,591.1,3.2,224.8,8.0,6.0,4.0,72.0,6.0,4.0,0.0
MH_487_550620,Pandane,Pandane,Dindori,Nashik,20.36844,73.85556,121.97,41.64,-1.3,553.3,38.7,506.9,599.8,3.2,221.9,8.0,6.0,4.0,72.0,6.0,4.0,0.0
MH_487_550622,Ambaner,Ambaner,Dindori,Nashik,20.36158,73.87115,123.47,40.02,-1.6,551.5,38.6,505.1,597.8,3.2,222.6,8.0,6.0,4.0,72.0,6.0,4.0,0.0
MH_487_550606,Vaglud,Vaglud,Dindori,Nashik,20.31228,73.85621,121.26,36.5,-1.3,553.3,38.7,506.8,599.7,3.2,222.0,8.0,6.0,4.0,72.0,6.0,4.0,0.0
MH_487_550661,Akrale,Akrale,Dindori,Nashik,20.1511,73.86276,120.02,19.46,-1.4,552.5,38.7,506.0,598.9,3.2,222.2,8.0,6.0,4.0,72.0,6.0,4.0,0.0
MH_487_550665,Kurnoli,Kurnoli,Dindori,Nashik,20.16099,73.93204,127.33,20.65,-3.0,544.2,38.1,498.4,589.9,3.2,225.1,8.0,6.0,4.0,72.0,6.0,4.0,0.0
MH_487_550664,Chinchkhed,Chinchkhed,Dindori,Nashik,20.17467,73.9505,129.49,19.7,-3.4,541.9,37.9,496.5,587.4,3.2,225.9,8.0,6.0,4.0,72.0,6.0,4.0,0.0
MH_487_550663,Khadak Sukene,Khadak Sukene,Dindori,Nashik,20.16902,73.91551,125.78,22.59,-2.6,546.1,38.2,500.3,592.0,3.2,224.5,8.0,6.0,4.0,72.0,6.0,4.0,0.0
MH_487_550656,Palkhed,Palkhed,Dindori,Nashik,20.18798,73.88773,123.31,24.26,-2.0,549.5,38.5,503.3,595.7,3.2,223.3,8.0,6.0,4.0,72.0,6.0,4.0,0.0
MH_487_550655,Lokhandewadi,Lokhandewadi,Dindori,Nashik,20.19375,73.91242,125.97,24.2,-2.5,546.5,38.3,500.5,592.5,3.2,224.3,8.0,6.0,4.0,72.0,6.0,4.0,0.0
MH_487_550650,Pimpalgaon Ketaki,Pimpalgaon Ketaki,Dindori,Nashik,20.21348,73.87704,122.8,26.46,-1.7,550.8,38.6,504.4,597.1,3.2,222.8,8.0,6.0,4.0,72.0,6.0,4.0,0.0
MH_487_550645,Gondegaon,Gondegaon,Dindori,Nashik,20.22088,73.98527,134.02,20.37,-4.2,537.8,37.6,492.6,582.9,3.2,227.4,8.0,6.0,4.0,72.0,6.0,4.0,0.0
MH_487_550640,Awankhed,Awankhed,Dindori,Nashik,20.23968,73.85786,120.89,28.65,-1.3,553.1,38.7,506.6,599.5,3.2,222.0,8.0,6.0,4.0,72.0,6.0,4.0,0.0
MH_487_550639,Parmori,Parmori,Dindori,Nashik,20.26089,73.87516,122.8,31.41,-1.7,551.0,38.6,504.7,597.3,3.2,222.8,8.0,6.0,4.0,72.0,6.0,4.0,0.0
MH_487_550651,Rajapur,Rajapur,Dindori,Nashik,20.21891,73.90393,125.65,26.48,-2.3,547.5,38.3,501.6,593.5,3.2,224.0,8.0,6.0,4.0,72.0,6.0,4.0,0.0
MH_487_550652,Materewadi,Materewadi,Dindori,Nashik,20.22116,73.92613,127.97,24.79,-2.8,544.9,38.1,499.1,590.6,3.2,224.9,8.0,6.0,4.0,72.0,6.0,4.0,0.0
MH_487_550646,Jaulakevani,Jaulakevani,Dindori,Nashik,20.20708,73.96352,131.49,20.82,-3.7,540.4,37.8,495.0,585.7,3.2,226.5,8.0,6.0,4.0,72.0,6.0,4.0,0.0
MH_487_550653,Jopul,Jopul,Dindori,Nashik,20.19842,73.93674,128.56,22.37,-3.1,543.6,38.1,497.9,589.3,3.2,225.3,8.0,6.0,4.0,72.0,6.0,4.0,0.0
MH_487_550642,Varkhede,Varkhede,Dindori,Nashik,20.24491,73.90294,125.61,28.34,-2.3,547.6,38.3,501.7,593.6,3.2,223.9,8.0,6.0,4.0,72.0,6.0,4.0,0.0
MH_487_550644,Bopegaon,Bopegaon,Dindori,Nashik,20.22838,73.94546,130.0,23.82,-3.3,542.5,38.0,496.9,588.1,3.2,225.7,8.0,6.0,4.0,72.0,6.0,4.0,0.0
MH_487_550643,Khedgaon,Khedgaon,Dindori,Nashik,20.24209,73.97134,132.74,23.12,-3.9,539.4,37.8,494.1,584.8,3.2,226.8,8.0,6.0,4.0,72.0,6.0,4.0,0.0
MH_487_550635,Shindwad,Shindwad,Dindori,Nashik,20.25737,74.00201,136.0,22.72,-4.5,535.8,37.5,490.8,580.8,3.2,228.1,8.0,6.0,4.0,72.0,6.0,4.0,0.0
MH_487_550634,Tisgaon,Tisgaon,Dindori,Nashik,20.2781,73.96627,132.39,26.65,-3.7,540.0,37.8,494.7,585.4,3.2,226.6,8.0,6.0,4.0,72.0,6.0,4.0,0.0
MH_487_550636,Sonjamb,Sonjamb,Dindori,Nashik,20.25792,73.94146,129.69,26.47,-3.2,543.0,38.0,497.4,588.6,3.2,225.5,8.0,6.0,4.0,72.0,6.0,4.0,0.0
MH_487_550633,Talegaon Vani,Talegaon Vani,Dindori,Nashik,20.28523,73.93867,129.57,28.99,-3.1,543.4,38.0,497.8,589.0,3.2,225.4,8.0,6.0,4.0,72.0,6.0,4.0,0.0
MH_487_550632,Ozarkhed,Ozarkhed,Dindori,Nashik,20.28412,73.89388,124.9,32.0,-2.1,548.7,38.4,502.7,594.8,3.2,223.5,8.0,6.0,4.0,72.0,6.0,4.0,0.0
MH_487_550631,Krishnagaon,Krishnagaon,Dindori,Nashik,20.29718,73.87533,123.09,34.39,-1.7,551.0,38.6,504.6,597.3,3.2,222.8,8.0,6.0,4.0,72.0,6.0,4.0,0.0
MH_487_550628,Sangamner,Sangamner,Dindori,Nashik,20.33591,73.94629,130.88,33.19,-3.3,542.4,38.0,496.8,588.0,3.2,225.7,8.0,6.0,4.0,72.0,6.0,4.0,0.0
MH_487_551287,Antarweli,Antarweli,Niphad,Nashik,20.20442,73.98099,133.22,19.31,-4.1,538.3,37.7,493.0,583.5,3.2,227.2,8.0,6.0,4.0,72.0,6.0,4.0,0.0
MH_487_551288,Mukhed,Mukhed,Niphad,Nashik,20.2056,73.99831,135.02,18.19,-4.5,536.2,37.5,491.2,581.2,3.2,227.9,8.0,6.0,4.0,72.0,6.0,4.0,0.0
MH_487_551291,Pimpalgaon Baswant,Pimpalgaon Baswant,Niphad,Nashik,20.17603,73.99303,133.89,16.22,-4.3,536.8,37.6,491.7,582.0,3.2,227.7,8.0,6.0,4.0,72.0,6.0,4.0,0.0
MH_487_551290,Ahergaon,Ahergaon,Niphad,Nashik,20.18398,74.02855,137.69,14.35,-5.1,532.6,37.3,487.8,577.3,3.2,229.2,8.0,6.0,4.0,72.0,6.0,4.0,0.0
MH_487_551310,Lonwadi,Lonwadi,Niphad,Nashik,20.16675,74.03941,138.5,12.14,-5.4,531.3,37.2,486.6,575.9,3.2,229.7,8.0,6.0,4.0,72.0,6.0,4.0,0.0
MH_487_551303,Shirwade Wani,Shirwade Wani,Niphad,Nashik,20.20901,74.04726,140.1,15.77,-5.6,530.3,37.1,485.8,574.8,3.2,230.0,8.0,6.0,4.0,72.0,6.0,4.0,0.0
MH_487_551304,Gorthan,Gorthan,Niphad,Nashik,20.21166,74.06599,142.08,15.34,-6.0,528.1,37.0,483.7,572.5,3.2,230.8,8.0,6.0,4.0,72.0,6.0,4.0,0.0
MH_487_551305,Redgaon,Redgaon,Niphad,Nashik,20.22917,74.09429,145.35,16.67,-6.6,524.7,36.7,480.6,568.7,3.2,232.0,8.0,6.0,4.0,72.0,6.0,4.0,0.0
MH_487_551306,Nandur Kh,Nandur Kh,Niphad,Nashik,20.21529,74.10738,146.4,15.05,-6.9,523.1,36.6,479.2,567.0,3.2,232.5,8.0,6.0,4.0,72.0,6.0,4.0,0.0
MH_487_551308,Wavi,Wavi,Niphad,Nashik,20.20272,74.08897,144.26,13.82,-6.5,525.3,36.8,481.2,569.5,3.2,231.7,8.0,6.0,4.0,72.0,6.0,4.0,0.0
MH_487_551309,Palkhed,Palkhed,Niphad,Nashik,20.18367,74.06542,141.48,12.43,-6.0,528.1,37.0,483.7,572.5,3.2,230.7,8.0,6.0,4.0,72.0,6.0,4.0,0.0
MH_487_551311,Davachwadi,Davachwadi,Niphad,Nashik,20.1521,74.06394,140.79,9.35,-5.9,528.3,37.0,483.9,572.7,3.2,230.7,8.0,6.0,4.0,72.0,6.0,4.0,0.0
MH_487_551312,Kumbhari,Kumbhari,Niphad,Nashik,20.16967,74.08473,143.22,10.31,-6.4,525.8,36.8,481.7,570.0,3.2,231.6,8.0,6.0,4.0,72.0,6.0,4.0,0.0
MH_487_551314,Panchkeshwar,Panchkeshwar,Niphad,Nashik,20.15375,74.08907,143.41,8.49,-6.5,525.3,36.8,481.2,569.5,3.2,231.7,8.0,6.0,4.0,72.0,6.0,4.0,0.0
MH_487_551313,Ranwad,Ranwad,Niphad,Nashik,20.17656,74.11352,146.31,10.74,-7.1,522.4,36.6,478.5,566.3,3.2,232.8,8.0,6.0,4.0,72.0,6.0,4.0,0.0
MH_487_551307,Sawargaon,Sawargaon,Niphad,Nashik,20.20386,74.12827,148.32,13.9,-7.4,520.6,36.4,476.9,564.3,3.2,233.4,8.0,6.0,4.0,72.0,6.0,4.0,0.0
MH_487_551321,Bramhangaon Vanas,Bramhangaon Vanas,Niphad,Nashik,20.15632,74.13737,148.45,8.96,-7.6,519.5,36.4,475.8,563.2,3.2,233.8,8.0,6.0,4.0,72.0,6.0,4.0,0.0
MH_487_551323,Khadak Malegaon,Khadak Malegaon,Niphad,Nashik,20.18737,74.17306,152.63,13.63,-8.4,515.2,36.1,471.9,558.6,3.2,235.3,8.0,6.0,4.0,72.0,6.0,4.0,0.0
MH_487_551322,Vanasgaon,Vanasgaon,Niphad,Nashik,20.15508,74.15835,150.6,9.76,-8.1,517.0,36.2,473.6,560.4,3.2,234.7,8.0,6.0,4.0,72.0,6.0,4.0,0.0
MH_487_551326,Khangaon Najik,Khangaon Najik,Niphad,Nashik,20.15811,74.17616,152.49,11.1,-8.5,514.9,36.0,471.7,558.1,3.2,235.4,8.0,6.0,4.0,72.0,6.0,4.0,0.0
MH_487_551325,Kotamgaon,Kotamgaon,Niphad,Nashik,20.14843,74.20234,155.06,12.28,-9.1,511.7,35.8,468.8,554.7,3.2,236.5,8.0,6.0,4.0,72.0,6.0,4.0,0.0
MH_487_551324,Takali Vinchur,Takali Vinchur,Niphad,Nashik,20.17217,74.22077,157.31,15.45,-9.5,509.5,35.7,466.7,552.3,3.2,237.3,8.0,6.0,4.0,72.0,6.0,4.0,0.0
MH_487_550410,Kundane,Kundane,Chandvad,Nashik,20.35864,74.05913,142.85,31.43,-5.8,528.9,37.0,484.5,573.3,3.2,230.5,4.0,22.0,14.0,52.0,3.0,1.0,4.0
MH_487_551334,Welapur,Welapur,Niphad,Nashik,20.15282,74.26386,161.49,17.99,-10.4,504.3,35.3,462.0,546.7,3.2,239.1,8.0,6.0,4.0,72.0,6.0,4.0,0.0
MH_487_549979,Kanchane,Kanchane,Deola,Nashik,20.37751,74.11481,148.87,33.09,-7.1,522.2,36.6,478.3,566.1,3.2,232.8,4.0,22.0,14.0,52.0,3.0,1.0,4.0
MH_487_550417,Dudhkhede,Dudhkhede,Chandvad,Nashik,20.35074,73.96433,132.94,33.72,-3.7,540.3,37.8,494.9,585.6,3.2,226.5,4.0,22.0,14.0,52.0,3.0,1.0,4.0
MH_487_550405,Nawapur,Nawapur,Chandvad,Nashik,20.35332,73.98714,135.33,32.99,-4.2,537.5,37.6,492.4,582.7,3.2,227.5,4.0,22.0,14.0,52.0,3.0,1.0,4.0
MH_487_550416,Paregaon,Paregaon,Chandvad,Nashik,20.33597,73.98223,134.6,31.43,-4.1,538.1,37.7,492.9,583.4,3.2,227.3,4.0,22.0,14.0,52.0,3.0,1.0,4.0
MH_487_550406,Indira Nagar,Indira Nagar,Chandvad,Nashik,20.35042,74.00558,137.2,31.98,-4.6,535.3,37.5,490.3,580.3,3.2,228.2,4.0,22.0,14.0,52.0,3.0,1.0,4.0
MH_487_550419,Borale,Borale,Chandvad,Nashik,20.30188,73.9621,132.15,29.1,-3.6,540.5,37.8,495.2,585.9,3.2,226.4,4.0,22.0,14.0,52.0,3.0,1.0,4.0
MH_487_550418,Shivare,Shivare,Chandvad,Nashik,20.31619,73.96285,132.37,30.42,-3.7,540.5,37.8,495.1,585.8,3.2,226.4,4.0,22.0,14.0,52.0,3.0,1.0,4.0
MH_487_550420,Chikhalambe,Chikhalambe,Chandvad,Nashik,20.3191,73.98137,134.32,29.78,-4.1,538.2,37.7,493.0,583.5,3.2,227.2,4.0,22.0,14.0,52.0,3.0,1.0,4.0
MH_487_550421,Bahaduri,Bahaduri,Chandvad,Nashik,20.2933,73.99533,135.53,26.57,-4.4,536.6,37.6,491.4,581.7,3.2,227.8,4.0,22.0,14.0,52.0,3.0,1.0,4.0
MH_487_550415,Dahyane,Dahyane,Chandvad,Nashik,20.32706,74.00194,136.54,29.7,-4.5,535.8,37.5,490.8,580.8,3.2,228.1,4.0,22.0,14.0,52.0,3.0,1.0,4.0
MH_487_550407,Jaitapur,Jaitapur,Chandvad,Nashik,20.35211,74.02941,139.69,31.4,-5.2,532.5,37.3,487.7,577.2,3.2,229.2,4.0,22.0,14.0,52.0,3.0,1.0,4.0
MH_487_550408,Hatti,Hatti,Chandvad,Nashik,20.37271,74.04423,141.51,33.26,-5.5,530.7,37.1,486.2,575.2,3.2,229.9,4.0,22.0,14.0,52.0,3.0,1.0,4.0
MH_487_550409,Sherisalaiban,Sherisalaiban,Chandvad,Nashik,20.36817,74.06994,144.1,32.31,-6.1,527.6,36.9,483.3,571.9,3.2,230.9,4.0,22.0,14.0,52.0,3.0,1.0,4.0
MH_487_550422,Jambutke,Jambutke,Chandvad,Nashik,20.31175,74.01974,138.23,27.44,-4.9,533.6,37.4,488.8,578.5,3.2,228.8,4.0,22.0,14.0,52.0,3.0,1.0,4.0
MH_487_550414,Ekrukhe,Ekrukhe,Chandvad,Nashik,20.3259,74.03462,139.92,28.45,-5.3,531.8,37.2,487.2,576.5,3.2,229.5,4.0,22.0,14.0,52.0,3.0,1.0,4.0
MH_487_550413,Dhodambe,Dhodambe,Chandvad,Nashik,20.33126,74.06344,142.97,28.36,-5.9,528.4,37.0,484.0,572.8,3.2,230.7,4.0,22.0,14.0,52.0,3.0,1.0,4.0
MH_487_550411,Kanmandale,Kanmandale,Chandvad,Nashik,20.3498,74.08986,145.92,30.07,-6.5,525.2,36.8,481.1,569.4,3.2,231.8,4.0,22.0,14.0,52.0,3.0,1.0,4.0
MH_487_550428,Pimpalnare,Pimpalnare,Chandvad,Nashik,20.28938,74.02786,138.89,24.81,-5.1,532.7,37.3,487.9,577.4,3.2,229.2,4.0,22.0,14.0,52.0,3.0,1.0,4.0
MH_487_550423,Goharan,Goharan,Chandvad,Nashik,20.30269,74.05836,142.17,25.34,-5.8,529.0,37.0,484.6,573.4,3.2,230.5,4.0,22.0,14.0,52.0,3.0,1.0,4.0
MH_487_550491,Jopul,Jopul,Chandvad,Nashik,20.24555,74.16043,152.46,19.15,-8.1,516.7,36.2,473.3,560.2,3.2,234.7,4.0,22.0,14.0,52.0,3.0,1.0,4.0
MH_487_550424,Bhayale,Bhayale,Chandvad,Nashik,20.31185,74.08179,144.68,25.95,-6.3,526.2,36.8,482.0,570.3,3.2,231.4,4.0,22.0,14.0,52.0,3.0,1.0,4.0
MH_487_550425,Shinde,Shinde,Chandvad,Nashik,20.31977,74.10278,146.94,26.67,-6.8,523.7,36.7,479.6,567.7,3.2,232.3,4.0,22.0,14.0,52.0,3.0,1.0,4.0
MH_487_550432,Puri,Puri,Chandvad,Nashik,20.35028,74.12082,149.14,30.07,-7.2,521.5,36.5,477.7,565.3,3.2,233.1,4.0,22.0,14.0,52.0,3.0,1.0,4.0
MH_487_550433,Kheldari,Kheldari,Chandvad,Nashik,20.36086,74.1465,151.93,31.46,-7.8,518.4,36.3,474.9,562.0,3.2,234.2,4.0,22.0,14.0,52.0,3.0,1.0,4.0
MH_487_550444,Shelu,Shelu,Chandvad,Nashik,20.33122,74.14726,151.67,28.2,-7.8,518.3,36.3,474.8,561.9,3.2,234.2,4.0,22.0,14.0,52.0,3.0,1.0,4.0
MH_487_550434,Shirur,Shirur,Chandvad,Nashik,20.35916,74.16529,153.85,31.57,-8.2,516.2,36.1,472.8,559.5,3.2,234.9,4.0,22.0,14.0,52.0,3.0,1.0,4.0
MH_487_549913,Kalwan Kh,Kalwan Kh,Kalwan,Nashik,20.46636,74.04318,143.15,43.52,-5.5,530.8,37.2,486.2,575.5,3.2,229.8,12.0,14.0,10.0,58.0,4.0,2.0,0.0
MH_487_550445,Bhutyane,Bhutyane,Chandvad,Nashik,20.31987,74.12872,149.63,26.74,-7.4,520.6,36.4,476.9,564.2,3.2,233.4,4.0,22.0,14.0,52.0,3.0,1.0,4.0
MH_487_550446,Malsane,Malsane,Chandvad,Nashik,20.30344,74.13686,150.33,25.0,-7.6,519.6,36.4,475.9,563.3,3.2,233.7,4.0,22.0,14.0,52.0,3.0,1.0,4.0
MH_487_550447,Sogras,Sogras,Chandvad,Nashik,20.30866,74.15212,151.96,25.8,-7.9,517.7,36.2,474.3,561.2,3.2,234.4,4.0,22.0,14.0,52.0,3.0,1.0,4.0
MH_487_550443,Adgaon,Adgaon,Chandvad,Nashik,20.32436,74.16791,153.75,27.84,-8.3,515.9,36.1,472.5,559.2,3.2,235.1,4.0,22.0,14.0,52.0,3.0,1.0,4.0
MH_487_550442,Asarkhede,Asarkhede,Chandvad,Nashik,20.34253,74.1777,154.95,30.03,-8.5,514.7,36.0,471.5,557.9,3.2,235.5,4.0,22.0,14.0,52.0,3.0,1.0,4.0
MH_487_550439,Indraiwadi,Indraiwadi,Chandvad,Nashik,20.36407,74.21237,158.79,33.34,-9.3,510.5,35.7,467.7,553.4,3.2,236.9,4.0,22.0,14.0,52.0,3.0,1.0,4.0
MH_487_549910,Sakore,Sakore,Kalwan,Nashik,20.44601,73.98664,136.92,42.68,-4.2,537.6,37.6,492.5,582.7,3.2,227.4,12.0,14.0,10.0,58.0,4.0,2.0,0.0
MH_487_550440,Shivajinagar,Shivajinagar,Chandvad,Nashik,20.34474,74.18834,156.08,30.55,-8.7,513.4,35.9,470.3,556.5,3.2,235.9,4.0,22.0,14.0,52.0,3.0,1.0,4.0
MH_487_550441,Deogaon,Deogaon,Chandvad,Nashik,20.33108,74.19359,156.48,29.25,-8.9,512.8,35.9,469.7,555.8,3.2,236.1,4.0,22.0,14.0,52.0,3.0,1.0,4.0
MH_487_550450,Shirsane,Shirsane,Chandvad,Nashik,20.29181,74.15346,151.98,23.98,-8.0,517.6,36.2,474.1,561.0,3.2,234.4,4.0,22.0,14.0,52.0,3.0,1.0,4.0
MH_487_550451,Chinchole,Chinchole,Chandvad,Nashik,20.29703,74.17329,154.08,25.02,-8.4,515.2,36.1,471.9,558.5,3.2,235.3,4.0,22.0,14.0,52.0,3.0,1.0,4.0
MH_487_550429,Dhondgavhan,Dhondgavhan,Chandvad,Nashik,20.22317,74.00766,136.36,19.17,-4.7,535.1,37.5,490.1,580.1,3.2,228.3,4.0,22.0,14.0,52.0,3.0,1.0,4.0
MH_487_550430,Dhotarkhede,Dhotarkhede,Chandvad,Nashik,20.22561,74.07016,142.8,16.72,-6.1,527.6,36.9,483.3,571.9,3.2,230.9,4.0,22.0,14.0,52.0,3.0,1.0,4.0
MH_487_550453,Talwade,Talwade,Chandvad,Nashik,20.29461,74.19265,156.07,25.37,-8.8,512.9,35.9,469.8,556.0,3.2,236.1,4.0,22.0,14.0,52.0,3.0,1.0,4.0
MH_487_550427,Vadner Bhairao,Vadner Bhairao,Chandvad,Nashik,20.25539,74.04616,140.59,20.61,-5.5,530.5,37.1,485.9,575.0,3.2,229.9,4.0,22.0,14.0,52.0,3.0,1.0,4.0
MH_487_550431,Khadakjamb,Khadakjamb,Chandvad,Nashik,20.24929,74.08887,145.02,18.95,-6.5,525.3,36.8,481.2,569.5,3.2,231.7,4.0,22.0,14.0,52.0,3.0,1.0,4.0
MH_487_550426,Vadalibhoi,Vadalibhoi,Chandvad,Nashik,20.28095,74.10794,147.16,22.35,-6.9,523.0,36.6,479.1,567.0,3.2,232.5,4.0,22.0,14.0,52.0,3.0,1.0,4.0
MH_487_550490,Khadakozar,Khadakozar,Chandvad,Nashik,20.23858,74.12465,148.66,17.7,-7.3,521.0,36.5,477.2,564.8,3.2,233.2,4.0,22.0,14.0,52.0,3.0,1.0,4.0
MH_487_550508,Gurhale,Gurhale,Chandvad,Nashik,20.22569,74.14433,150.4,16.59,-7.7,518.7,36.3,475.1,562.2,3.2,234.1,4.0,22.0,14.0,52.0,3.0,1.0,4.0
MH_487_550452,Bharvir,Bharvir,Chandvad,Nashik,20.30952,74.18886,155.79,26.82,-8.7,513.3,35.9,470.3,556.4,3.2,235.9,4.0,22.0,14.0,52.0,3.0,1.0,4.0
MH_487_550448,Narayangaon,Narayangaon,Chandvad,Nashik,20.26664,74.14678,151.13,21.11,-7.8,518.4,36.3,474.8,561.9,3.2,234.2,4.0,22.0,14.0,52.0,3.0,1.0,4.0
MH_487_550449,Bhatgaon,Bhatgaon,Chandvad,Nashik,20.2753,74.17297,153.9,22.69,-8.4,515.2,36.1,471.9,558.6,3.2,235.3,4.0,22.0,14.0,52.0,3.0,1.0,4.0
MH_487_550458,Parsul,Parsul,Chandvad,Nashik,20.2698,74.19306,155.97,22.82,-8.8,512.8,35.9,469.8,555.9,3.2,236.1,4.0,22.0,14.0,52.0,3.0,1.0,4.0
MH_487_550454,Mangrul,Mangrul,Chandvad,Nashik,20.32658,74.20886,158.02,29.29,-9.2,510.9,35.8,468.0,553.9,3.2,236.8,4.0,22.0,14.0,52.0,3.0,1.0,4.0
MH_487_550457,Ganur,Ganur,Chandvad,Nashik,20.29629,74.21513,158.43,26.44,-9.3,510.2,35.7,467.3,553.0,3.2,237.0,4.0,22.0,14.0,52.0,3.0,1.0,4.0
MH_487_550456,Nimgavhan,Nimgavhan,Chandvad,Nashik,20.28765,74.23974,160.93,26.77,-9.9,507.2,35.5,464.6,549.8,3.2,238.1,4.0,22.0,14.0,52.0,3.0,1.0,4.0
MH_487_550459,Tisgaon,Tisgaon,Chandvad,Nashik,20.27275,74.2168,158.46,24.16,-9.4,510.0,35.7,467.1,552.8,3.2,237.1,4.0,22.0,14.0,52.0,3.0,1.0,4.0
MH_487_550507,Devergaon,Devergaon,Chandvad,Nashik,20.22069,74.1717,153.11,16.92,-8.4,515.4,36.1,472.1,558.7,3.2,235.2,4.0,22.0,14.0,52.0,3.0,1.0,4.0
MH_487_550492,Bhoyegaon,Bhoyegaon,Chandvad,Nashik,20.24435,74.1842,154.88,19.85,-8.6,513.9,36.0,470.7,557.1,3.2,235.7,4.0,22.0,14.0,52.0,3.0,1.0,4.0
MH_487_550493,Urdhul,Urdhul,Chandvad,Nashik,20.24143,74.20645,157.1,20.58,-9.1,511.2,35.8,468.3,554.2,3.2,236.7,4.0,22.0,14.0,52.0,3.0,1.0,4.0
MH_487_550460,Bopane,Bopane,Chandvad,Nashik,20.25801,74.22918,159.68,23.38,-9.7,508.5,35.6,465.8,551.2,3.2,237.6,4.0,22.0,14.0,52.0,3.0,1.0,4.0
MH_487_550506,Hirapur,Hirapur,Chandvad,Nashik,20.21613,74.21077,157.03,18.43,-9.2,510.7,35.7,467.9,553.5,3.2,236.9,4.0,22.0,14.0,52.0,3.0,1.0,4.0
MH_487_550509,Pimplad,Pimplad,Chandvad,Nashik,20.19697,74.2177,157.4,17.19,-9.4,509.9,35.7,467.0,552.7,3.2,237.1,4.0,22.0,14.0,52.0,3.0,1.0,4.0
MH_487_550504,Pate,Pate,Chandvad,Nashik,20.22358,74.25863,162.1,22.26,-10.3,505.0,35.3,462.6,547.3,3.2,238.9,4.0,22.0,14.0,52.0,3.0,1.0,4.0
MH_487_550494,Dighwad,Dighwad,Chandvad,Nashik,20.24612,74.23753,160.38,22.77,-9.8,507.5,35.5,464.9,550.1,3.2,238.0,4.0,22.0,14.0,52.0,3.0,1.0,4.0
MH_487_550461,Hivarkhede,Hivarkhede,Chandvad,Nashik,20.27239,74.24506,161.4,25.62,-10.0,506.6,35.5,464.0,549.2,3.2,238.3,4.0,22.0,14.0,52.0,3.0,1.0,4.0
MH_487_550455,Pathar Shembe,Pathar Shembe,Chandvad,Nashik,20.29318,74.25992,163.07,28.4,-10.3,504.8,35.3,462.4,547.2,3.2,238.9,4.0,22.0,14.0,52.0,3.0,1.0,4.0
MH_487_550462,Nhanave,Nhanave,Chandvad,Nashik,20.26494,74.26771,163.72,26.34,-10.5,503.9,35.3,461.5,546.2,3.2,239.2,4.0,22.0,14.0,52.0,3.0,1.0,4.0
MH_487_550495,Dahiwad,Dahiwad,Chandvad,Nashik,20.23209,74.24331,160.69,21.9,-10.0,506.8,35.5,464.2,549.4,3.2,238.2,4.0,22.0,14.0,52.0,3.0,1.0,4.0
MH_487_550496,Kazisangvi,Kazisangvi,Chandvad,Nashik,20.23953,74.26278,162.83,23.85,-10.4,504.5,35.3,462.1,546.8,3.2,239.0,4.0,22.0,14.0,52.0,3.0,1.0,4.0
MH_487_550497,Soni Sangvi,Soni Sangvi,Chandvad,Nashik,20.23336,74.27684,164.16,24.37,-10.7,502.8,35.2,460.5,545.0,3.2,239.6,4.0,22.0,14.0,52.0,3.0,1.0,4.0
MH_487_550505,Koltek,Koltek,Chandvad,Nashik,20.21496,74.24625,160.66,20.68,-10.0,506.4,35.5,463.8,549.0,3.2,238.3,4.0,22.0,14.0,52.0,3.0,1.0,4.0
MH_487_550510,Narayankhede,Narayankhede,Chandvad,Nashik,20.20501,74.25603,161.49,20.63,-10.3,505.3,35.4,462.8,547.8,3.2,238.8,4.0,22.0,14.0,52.0,3.0,1.0,4.0
MH_487_550503,Redgaon Kh,Redgaon Kh,Chandvad,Nashik,20.21744,74.28017,164.2,23.43,-10.8,502.4,35.2,460.1,544.6,3.2,239.8,4.0,22.0,14.0,52.0,3.0,1.0,4.0
MH_487_550512,Vaki Kh,Vaki Kh,Chandvad,Nashik,20.17771,74.26155,161.61,19.19,-10.4,504.6,35.3,462.3,547.0,3.2,239.0,4.0,22.0,14.0,52.0,3.0,1.0,4.0
MH_487_550513,Vaki Bk,Vaki Bk,Chandvad,Nashik,20.17197,74.28792,164.25,21.2,-11.0,501.4,35.1,459.3,543.6,3.2,240.1,4.0,22.0,14.0,52.0,3.0,1.0,4.0
MH_487_550514,Kalkhode,Kalkhode,Chandvad,Nashik,20.19291,74.29426,165.23,22.97,-11.1,500.7,35.0,458.7,542.7,3.2,240.4,4.0,22.0,14.0,52.0,3.0,1.0,4.0
MH_487_550511,Vahegaonsal,Vahegaonsal,Chandvad,Nashik,20.19597,74.26713,162.48,20.87,-10.5,503.9,35.3,461.6,546.3,3.2,239.2,4.0,22.0,14.0,52.0,3.0,1.0,4.0
MH_487_550498,Vitave,Vitave,Chandvad,Nashik,20.24405,74.29344,166.07,26.45,-11.1,500.8,35.1,458.7,542.9,3.2,240.3,4.0,22.0,14.0,52.0,3.0,1.0,4.0
MH_487_550499,Panhale,Panhale,Chandvad,Nashik,20.26572,74.2863,165.67,27.66,-10.9,501.6,35.1,459.5,543.8,3.2,240.0,4.0,22.0,14.0,52.0,3.0,1.0,4.0
MH_487_550478,Harsul,Harsul,Chandvad,Nashik,20.28946,74.28661,165.82,29.7,-10.9,501.6,35.1,459.5,543.7,3.2,240.0,4.0,22.0,14.0,52.0,3.0,1.0,4.0
MH_487_550477,Harnul,Harnul,Chandvad,Nashik,20.3076,74.2887,166.16,31.44,-11.0,501.4,35.1,459.2,543.5,3.2,240.1,4.0,22.0,14.0,52.0,3.0,1.0,4.0
MH_487_550475,Kalamdare,Kalamdare,Chandvad,Nashik,20.32728,74.28527,165.97,33.02,-10.9,501.8,35.1,459.6,543.9,3.2,240.0,4.0,22.0,14.0,52.0,3.0,1.0,4.0
MH_487_550476,Sutarkhede,Sutarkhede,Chandvad,Nashik,20.31511,74.29729,167.11,32.64,-11.2,500.3,35.0,458.3,542.3,3.2,240.5,4.0,22.0,14.0,52.0,3.0,1.0,4.0
MH_487_550438,Vadbare,Vadbare,Chandvad,Nashik,20.36356,74.25137,162.83,34.81,-10.2,505.8,35.4,463.4,548.3,3.2,238.6,4.0,22.0,14.0,52.0,3.0,1.0,4.0
MH_487_550437,Rahod,Rahod,Chandvad,Nashik,20.35214,74.28568,166.26,35.38,-10.9,501.7,35.1,459.6,543.8,3.2,240.0,4.0,22.0,14.0,52.0,3.0,1.0,4.0
MH_487_551407,Ambegaon,Ambegaon,Yevla,Nashik,20.1529,74.28437,163.62,19.93,-10.9,501.9,35.1,459.8,544.0,3.2,239.9,12.0,14.0,10.0,58.0,4.0,2.0,0.0
MH_487_550627,Babapur,Babapur,Dindori,Nashik,20.35235,73.94149,130.6,35.02,-3.2,543.0,38.0,497.4,588.6,3.2,225.5,8.0,6.0,4.0,72.0,6.0,4.0,0.0
MH_487_550638,Ghodewadi,Ghodewadi,Dindori,Nashik,20.26732,73.90954,126.42,29.52,-2.5,546.9,38.3,500.9,592.8,3.2,224.2,8.0,6.0,4.0,72.0,6.0,4.0,0.0
MH_487_550654,Dhamanwadi,Dhamanwadi,Dindori,Nashik,20.19125,73.92778,127.49,22.69,-2.9,544.7,38.1,498.9,590.4,3.2,225.0,8.0,6.0,4.0,72.0,6.0,4.0,0.0
MH_487_549926,Kanherwadi,Kanherwadi,Kalwan,Nashik,20.41094,73.9863,136.18,39.0,-4.2,537.6,37.6,492.5,582.8,3.2,227.4,12.0,14.0,10.0,58.0,4.0,2.0,0.0
MH_487_550637,Ambevani,Ambevani,Dindori,Nashik,20.26325,73.92302,127.8,28.21,-2.8,545.2,38.2,499.4,591.1,3.2,224.8,8.0,6.0,4.0,72.0,6.0,4.0,0.0
MH_487_549933,Machidhodap,Machidhodap,Kalwan,Nashik,20.37987,74.06538,143.8,33.67,-6.0,528.2,37.0,483.8,572.6,3.2,230.7,12.0,14.0,10.0,58.0,4.0,2.0,0.0
MH_487_549932,Mehadar,Mehadar,Kalwan,Nashik,20.38333,74.01968,139.14,35.02,-4.9,533.6,37.4,488.8,578.5,3.2,228.8,12.0,14.0,10.0,58.0,4.0,2.0,0.0
MH_487_549928,Otur,Otur,Kalwan,Nashik,20.40985,74.01536,139.14,37.98,-4.8,534.2,37.4,489.3,579.0,3.2,228.6,12.0,14.0,10.0,58.0,4.0,2.0,0.0
MH_487_549930,Mulane,Mulane,Kalwan,Nashik,20.38635,73.96449,133.49,37.29,-3.7,540.3,37.8,494.9,585.6,3.2,226.5,12.0,14.0,10.0,58.0,4.0,2.0,0.0
MH_487_549929,Narul,Narul,Kalwan,Nashik,20.39614,73.98706,135.99,37.42,-4.2,537.6,37.6,492.4,582.7,3.2,227.5,12.0,14.0,10.0,58.0,4.0,2.0,0.0
MH_487_549906,Saptashrungagad,Saptashrungagad,Kalwan,Nashik,20.39984,73.91588,128.73,40.93,-2.6,546.1,38.2,500.3,591.9,3.2,224.5,12.0,14.0,10.0,58.0,4.0,2.0,0.0
MH_487_549925,Pimpri Markanda,Pimpri Markanda,Kalwan,Nashik,20.40175,73.93573,130.81,40.13,-3.1,543.7,38.1,498.0,589.4,3.2,225.3,12.0,14.0,10.0,58.0,4.0,2.0,0.0
MH_487_549924,Pimpripale,Pimpripale,Kalwan,Nashik,20.41303,73.9538,132.88,40.46,-3.5,541.5,37.9,496.1,587.0,3.2,226.1,12.0,14.0,10.0,58.0,4.0,2.0,0.0
MH_487_549909,Athambe,Athambe,Kalwan,Nashik,20.43228,73.97043,134.97,41.79,-3.8,539.5,37.8,494.2,584.9,3.2,226.8,12.0,14.0,10.0,58.0,4.0,2.0,0.0
MH_487_549920,Dahyane,Dahyane,Kalwan,Nashik,20.44498,74.06563,144.98,40.85,-6.0,528.1,37.0,483.7,572.5,3.2,230.8,12.0,14.0,10.0,58.0,4.0,2.0,0.0
MH_487_549923,Sadadvihir,Sadadvihir,Kalwan,Nashik,20.42292,73.99285,137.08,40.04,-4.3,536.9,37.6,491.7,582.0,3.2,227.7,12.0,14.0,10.0,58.0,4.0,2.0,0.0
MH_487_549927,Kurdane,Kurdane,Kalwan,Nashik,20.4169,74.04033,141.84,38.16,-5.4,531.2,37.2,486.5,575.8,3.2,229.7,12.0,14.0,10.0,58.0,4.0,2.0,0.0
MH_487_549922,Shirasamani,Shirasamani,Kalwan,Nashik,20.43724,74.02134,140.29,40.79,-5.0,533.4,37.3,488.7,578.2,3.2,228.9,12.0,14.0,10.0,58.0,4.0,2.0,0.0
MH_487_549912,Jirwade Otur,Jirwade Otur,Kalwan,Nashik,20.45173,74.02414,140.88,42.29,-5.0,533.1,37.3,488.3,577.9,3.2,229.0,12.0,14.0,10.0,58.0,4.0,2.0,0.0
MH_487_549921,Bhusani,Bhusani,Kalwan,Nashik,20.44058,74.04883,143.17,40.6,-5.6,530.1,37.1,485.6,574.7,3.2,230.1,12.0,14.0,10.0,58.0,4.0,2.0,0.0
MH_487_549914,Manur,Manur,Kalwan,Nashik,20.47214,74.02066,140.98,44.59,-5.0,533.5,37.3,488.8,578.3,3.2,228.9,12.0,14.0,10.0,58.0,4.0,2.0,0.0
MH_487_276278,Kalwan,Kalwan,Central,Nashik,20.48488,74.04863,144.13,45.47,-5.6,530.2,37.1,485.6,574.7,3.2,230.0,12.0,14.0,10.0,58.0,4.0,2.0,0.0
MH_487_549874,Pale Bk,Pale Bk,Kalwan,Nashik,20.46682,73.99515,138.26,44.65,-4.4,536.6,37.6,491.5,581.7,3.2,227.8,12.0,14.0,10.0,58.0,4.0,2.0,0.0
MH_487_549877,Dahyanepale,Dahyanepale,Kalwan,Nashik,20.4791,73.95535,134.51,47.22,-3.5,541.4,37.9,495.9,586.8,3.2,226.1,12.0,14.0,10.0,58.0,4.0,2.0,0.0
MH_487_549873,Pale Kh,Pale Kh,Kalwan,Nashik,20.48564,73.99806,139.01,46.59,-4.5,536.2,37.5,491.2,581.2,3.2,227.9,12.0,14.0,10.0,58.0,4.0,2.0,0.0
MH_487_549896,Savakipale,Savakipale,Kalwan,Nashik,20.46284,73.96752,135.35,45.09,-3.8,539.9,37.8,494.5,585.3,3.2,226.6,12.0,14.0,10.0,58.0,4.0,2.0,0.0
MH_487_549875,Kalamthe,Kalamthe,Kalwan,Nashik,20.4747,73.97328,136.22,46.15,-3.9,539.2,37.7,494.0,584.4,3.2,226.9,12.0,14.0,10.0,58.0,4.0,2.0,0.0
MH_487_549871,Asoli,Asoli,Kalwan,Nashik,20.48203,73.9787,136.96,46.75,-4.0,538.6,37.7,493.3,583.8,3.2,227.1,12.0,14.0,10.0,58.0,4.0,2.0,0.0
MH_487_549876,Vithewadipale,Vithewadipale,Kalwan,Nashik,20.46967,73.95707,134.45,46.17,-3.5,541.2,37.9,495.7,586.6,3.2,226.2,12.0,14.0,10.0,58.0,4.0,2.0,0.0
MH_487_549870,Barde,Barde,Kalwan,Nashik,20.49071,73.9599,135.27,48.28,-3.6,540.8,37.9,495.3,586.3,3.2,226.3,12.0,14.0,10.0,58.0,4.0,2.0,0.0
MH_487_549878,Abhona,Abhona,Kalwan,Nashik,20.48029,73.9411,133.1,47.87,-3.2,543.1,38.0,497.5,588.7,3.2,225.5,12.0,14.0,10.0,58.0,4.0,2.0,0.0
MH_487_549879,Bhagurdi,Bhagurdi,Kalwan,Nashik,20.48283,73.91909,130.94,49.02,-2.7,545.7,38.2,499.9,591.5,3.2,224.6,12.0,14.0,10.0,58.0,4.0,2.0,0.0
MH_487_549894,Dattanagar,Dattanagar,Kalwan,Nashik,20.47042,73.92305,131.02,47.59,-2.8,545.2,38.2,499.4,591.1,3.2,224.8,12.0,14.0,10.0,58.0,4.0,2.0,0.0
MH_487_549895,Vanjari,Vanjari,Kalwan,Nashik,20.46443,73.94202,132.8,46.2,-3.2,543.0,38.0,497.4,588.6,3.2,225.6,12.0,14.0,10.0,58.0,4.0,2.0,0.0
MH_487_549898,Jamshet,Jamshet,Kalwan,Nashik,20.44562,73.89769,127.84,46.3,-2.2,548.3,38.4,502.2,594.4,3.2,223.7,12.0,14.0,10.0,58.0,4.0,2.0,0.0
MH_487_549908,Gobapur,Gobapur,Kalwan,Nashik,20.44128,73.94877,132.95,43.55,-3.3,542.1,38.0,496.5,587.7,3.2,225.8,12.0,14.0,10.0,58.0,4.0,2.0,0.0
MH_487_549907,Katalgaon,Katalgaon,Kalwan,Nashik,20.44053,73.93152,131.17,44.2,-3.0,544.2,38.1,498.5,589.9,3.2,225.1,12.0,14.0,10.0,58.0,4.0,2.0,0.0
MH_487_549897,Kundane Kanashi,Kundane Kanashi,Kalwan,Nashik,20.45637,73.92411,130.78,46.12,-2.8,545.1,38.2,499.3,590.9,3.2,224.8,12.0,14.0,10.0,58.0,4.0,2.0,0.0
MH_487_549904,Nanduri,Nanduri,Kalwan,Nashik,20.42636,73.92046,129.73,43.29,-2.7,545.5,38.2,499.7,591.4,3.2,224.7,12.0,14.0,10.0,58.0,4.0,2.0,0.0
MH_487_549905,Daregaonwani,Daregaonwani,Kalwan,Nashik,20.41522,73.8985,127.25,43.32,-2.2,548.2,38.4,502.1,594.3,3.2,223.7,12.0,14.0,10.0,58.0,4.0,2.0,0.0
MH_487_549903,Mohandari,Mohandari,Kalwan,Nashik,20.43226,73.89679,127.44,45.04,-2.2,548.4,38.4,502.3,594.5,3.2,223.7,12.0,14.0,10.0,58.0,4.0,2.0,0.0
MH_487_549902,Bilwadi,Bilwadi,Kalwan,Nashik,20.42722,73.86299,123.88,46.42,-1.4,552.4,38.7,506.0,598.9,3.2,222.2,12.0,14.0,10.0,58.0,4.0,2.0,0.0
MH_487_549899,Chinchore,Chinchore,Kalwan,Nashik,20.44957,73.88392,126.53,47.38,-1.9,549.9,38.5,503.7,596.1,3.2,223.1,12.0,14.0,10.0,58.0,4.0,2.0,0.0
MH_487_549893,Amburdi Bk,Amburdi Bk,Kalwan,Nashik,20.45821,73.90716,129.1,47.08,-2.4,547.1,38.3,501.2,593.1,3.2,224.1,12.0,14.0,10.0,58.0,4.0,2.0,0.0
MH_487_549892,Amburdi Kh,Amburdi Kh,Kalwan,Nashik,20.46894,73.8989,128.53,48.53,-2.2,548.1,38.4,502.1,594.2,3.2,223.8,12.0,14.0,10.0,58.0,4.0,2.0,0.0
MH_487_549880,Mohamukh,Mohamukh,Kalwan,Nashik,20.47779,73.8975,128.62,49.47,-2.2,548.3,38.4,502.2,594.4,3.2,223.7,12.0,14.0,10.0,58.0,4.0,2.0,0.0
MH_487_549867,Chankapur,Chankapur,Kalwan,Nashik,20.48881,73.90282,129.45,50.33,-2.3,547.7,38.3,501.7,593.6,3.2,223.9,12.0,14.0,10.0,58.0,4.0,2.0,0.0
MH_487_549889,Bordaivat,Bordaivat,Kalwan,Nashik,20.45725,73.86615,124.91,49.06,-1.5,552.1,38.6,505.7,598.4,3.2,222.4,12.0,14.0,10.0,58.0,4.0,2.0,0.0
MH_487_549881,Tirhal Kh,Tirhal Kh,Kalwan,Nashik,20.49281,73.88333,127.59,51.63,-1.9,550.0,38.5,503.8,596.2,3.2,223.1,12.0,14.0,10.0,58.0,4.0,2.0,0.0
MH_487_549900,Devaliwani,Devaliwani,Kalwan,Nashik,20.44697,73.85526,123.55,48.7,-1.2,553.4,38.7,506.9,599.8,3.2,221.9,12.0,14.0,10.0,58.0,4.0,2.0,0.0
MH_487_550617,Goldari,Goldari,Dindori,Nashik,20.39711,73.89843,126.89,41.6,-2.2,548.2,38.4,502.1,594.3,3.2,223.7,8.0,6.0,4.0,72.0,6.0,4.0,0.0
MH_487_550618,Chamdari,Chamdari,Dindori,Nashik,20.3888,73.88553,125.41,41.56,-1.9,549.7,38.5,503.5,595.9,3.2,223.2,8.0,6.0,4.0,72.0,6.0,4.0,0.0
MH_487_550616,Ahiwantwadi,Ahiwantwadi,Dindori,Nashik,20.40085,73.87074,124.12,43.54,-1.6,551.5,38.6,505.2,597.8,3.2,222.6,8.0,6.0,4.0,72.0,6.0,4.0,0.0
MH_487_550619,Jirwade,Jirwade,Dindori,Nashik,20.38253,73.867,123.39,42.12,-1.5,552.0,38.6,505.6,598.3,3.2,222.4,8.0,6.0,4.0,72.0,6.0,4.0,0.0
MH_487_549847,Mokbhanagi,Mokbhanagi,Kalwan,Nashik,20.55588,74.02596,143.76,53.64,-5.1,532.9,37.3,488.1,577.6,3.2,229.1,12.0,14.0,10.0,58.0,4.0,2.0,0.0
MH_487_549976,Hanmantpada,Hanmantpada,Deola,Nashik,20.39405,74.0497,142.4,35.48,-5.6,530.0,37.1,485.5,574.6,3.2,230.1,4.0,22.0,14.0,52.0,3.0,1.0,4.0
MH_487_549975,Warshi,Warshi,Deola,Nashik,20.41185,74.07603,145.42,37.07,-6.2,526.9,36.9,482.6,571.2,3.2,231.2,4.0,22.0,14.0,52.0,3.0,1.0,4.0
MH_487_549809,Hingave,Hingave,Kalwan,Nashik,20.49329,73.97567,136.94,48.04,-4.0,538.9,37.7,493.7,584.2,3.2,227.0,12.0,14.0,10.0,58.0,4.0,2.0,0.0
MH_487_549891,Ozar,Ozar,Kalwan,Nashik,20.47209,73.87501,126.19,50.02,-1.7,551.0,38.6,504.7,597.3,3.2,222.8,12.0,14.0,10.0,58.0,4.0,2.0,0.0
MH_487_549911,Sakorepada,Sakorepada,Kalwan,Nashik,20.44355,74.00536,138.78,41.87,-4.6,535.4,37.5,490.4,580.4,3.2,228.2,12.0,14.0,10.0,58.0,4.0,2.0,0.0
MH_487_549845,Gangavan,Gangavan,Kalwan,Nashik,20.53491,74.07119,147.71,50.74,-6.1,527.5,36.9,483.2,571.7,3.2,231.0,12.0,14.0,10.0,58.0,4.0,2.0,0.0
MH_487_549839,Dhaner Digar,Dhaner Digar,Kalwan,Nashik,20.59126,74.02495,144.78,57.54,-5.1,533.0,37.3,488.2,577.8,3.2,229.0,12.0,14.0,10.0,58.0,4.0,2.0,0.0
MH_487_549859,Nakode,Nakode,Kalwan,Nashik,20.50986,74.04909,144.8,48.22,-5.6,530.1,37.1,485.6,574.6,3.2,230.1,12.0,14.0,10.0,58.0,4.0,2.0,0.0
MH_487_549858,Patvihir,Patvihir,Kalwan,Nashik,20.52074,74.03766,143.94,49.59,-5.3,531.5,37.2,486.8,576.1,3.2,229.6,12.0,14.0,10.0,58.0,4.0,2.0,0.0
MH_487_549846,Kakane,Kakane,Kalwan,Nashik,20.54832,74.05223,146.18,52.42,-5.7,529.7,37.1,485.2,574.3,3.2,230.2,12.0,14.0,10.0,58.0,4.0,2.0,0.0
MH_487_549841,Bijore,Bijore,Kalwan,Nashik,20.56584,74.07572,149.05,54.14,-6.2,526.9,36.9,482.6,571.2,3.2,231.2,12.0,14.0,10.0,58.0,4.0,2.0,0.0
MH_487_549840,Dare Bhanagi,Dare Bhanagi,Kalwan,Nashik,20.58152,74.04974,146.94,56.12,-5.6,530.0,37.1,485.5,574.6,3.2,230.1,12.0,14.0,10.0,58.0,4.0,2.0,0.0
MH_487_549857,Khedgaon,Khedgaon,Kalwan,Nashik,20.53366,74.03165,143.69,51.1,-5.2,532.2,37.3,487.4,577.0,3.2,229.3,12.0,14.0,10.0,58.0,4.0,2.0,0.0
MH_487_549856,Ravalji,Ravalji,Kalwan,Nashik,20.53653,74.00438,141.03,51.94,-4.6,535.5,37.5,490.5,580.5,3.2,228.2,12.0,14.0,10.0,58.0,4.0,2.0,0.0
MH_487_549860,Eklahare,Eklahare,Kalwan,Nashik,20.50293,74.01633,141.3,48.03,-4.9,534.0,37.4,489.2,578.9,3.2,228.7,12.0,14.0,10.0,58.0,4.0,2.0,0.0
MH_487_549807,Balapur,Balapur,Kalwan,Nashik,20.52064,73.97612,137.73,50.95,-4.0,538.9,37.7,493.6,584.1,3.2,227.0,12.0,14.0,10.0,58.0,4.0,2.0,0.0
MH_487_549848,Desrane,Desrane,Kalwan,Nashik,20.56597,74.00205,141.69,55.2,-4.5,535.8,37.5,490.8,580.8,3.2,228.1,12.0,14.0,10.0,58.0,4.0,2.0,0.0
MH_487_549838,Ganore,Ganore,Kalwan,Nashik,20.59844,74.00088,142.63,58.76,-4.5,535.9,37.5,490.9,580.9,3.2,228.0,12.0,14.0,10.0,58.0,4.0,2.0,0.0
MH_487_549808,Gopalkhadi,Gopalkhadi,Kalwan,Nashik,20.49839,73.97186,136.69,48.7,-3.9,539.4,37.8,494.0,584.7,3.2,226.8,12.0,14.0,10.0,58.0,4.0,2.0,0.0
MH_487_549872,Wadi Bk,Wadi Bk,Kalwan,Nashik,20.50798,73.99435,139.22,49.09,-4.4,536.7,37.6,491.6,581.8,3.2,227.8,12.0,14.0,10.0,58.0,4.0,2.0,0.0
MH_487_549837,Hundyamokh,Hundyamokh,Kalwan,Nashik,20.60941,73.98986,141.93,60.19,-4.3,537.2,37.6,492.1,582.3,3.2,227.6,12.0,14.0,10.0,58.0,4.0,2.0,0.0
MH_487_549835,Dahyane Digar,Dahyane Digar,Kalwan,Nashik,20.59552,73.97394,139.87,59.05,-3.9,539.1,37.7,493.9,584.4,3.2,226.9,12.0,14.0,10.0,58.0,4.0,2.0,0.0
MH_487_549849,Nalid,Nalid,Kalwan,Nashik,20.57422,73.98192,139.94,56.55,-4.1,538.2,37.7,492.9,583.4,3.2,227.2,12.0,14.0,10.0,58.0,4.0,2.0,0.0
MH_487_549805,Shiv Bhandane,Shiv Bhandane,Kalwan,Nashik,20.56159,73.96648,138.0,55.6,-3.7,540.0,37.8,494.7,585.4,3.2,226.6,12.0,14.0,10.0,58.0,4.0,2.0,0.0
MH_487_549855,Inshi,Inshi,Kalwan,Nashik,20.54831,73.97436,138.37,53.96,-3.9,539.1,37.7,493.8,584.3,3.2,226.9,12.0,14.0,10.0,58.0,4.0,2.0,0.0
MH_487_549806,Jamle Pale,Jamle Pale,Kalwan,Nashik,20.52681,73.95925,136.21,52.11,-3.6,540.9,37.9,495.4,586.4,3.2,226.3,12.0,14.0,10.0,58.0,4.0,2.0,0.0
MH_487_549850,Bhandane Pimpale,Bhandane Pimpale,Kalwan,Nashik,20.57276,73.96684,138.4,56.79,-3.8,540.0,37.8,494.6,585.3,3.2,226.6,12.0,14.0,10.0,58.0,4.0,2.0,0.0
MH_487_549853,Pimple Kh,Pimple Kh,Kalwan,Nashik,20.58185,73.93583,135.62,58.68,-3.1,543.7,38.1,498.0,589.4,3.2,225.3,12.0,14.0,10.0,58.0,4.0,2.0,0.0
MH_487_549854,Mohobari,Mohobari,Kalwan,Nashik,20.56187,73.92789,134.16,56.85,-2.9,544.7,38.1,498.9,590.4,3.2,225.0,12.0,14.0,10.0,58.0,4.0,2.0,0.0
MH_487_549814,Golakhal,Golakhal,Kalwan,Nashik,20.53418,73.93373,133.87,53.74,-3.0,544.0,38.1,498.2,589.7,3.2,225.2,12.0,14.0,10.0,58.0,4.0,2.0,0.0
MH_487_549810,Dhekale,Dhekale,Kalwan,Nashik,20.51445,73.94966,134.89,51.12,-3.4,542.0,37.9,496.6,587.5,3.2,225.9,12.0,14.0,10.0,58.0,4.0,2.0,0.0
MH_487_549811,Belbare,Belbare,Kalwan,Nashik,20.50942,73.93952,133.72,50.95,-3.1,543.3,38.0,497.7,588.9,3.2,225.5,12.0,14.0,10.0,58.0,4.0,2.0,0.0
MH_487_549869,Gosrane,Gosrane,Kalwan,Nashik,20.49477,73.93938,133.31,49.43,-3.1,543.3,38.0,497.7,588.9,3.2,225.5,12.0,14.0,10.0,58.0,4.0,2.0,0.0
MH_487_549868,Jaipur,Jaipur,Kalwan,Nashik,20.49906,73.9194,131.41,50.66,-2.7,545.7,38.2,499.8,591.5,3.2,224.6,12.0,14.0,10.0,58.0,4.0,2.0,0.0
MH_487_549816,Karambhel Kanashi,Karambhel Kanashi,Kalwan,Nashik,20.52123,73.88848,128.94,54.23,-2.0,549.4,38.5,503.2,595.6,3.2,223.3,12.0,14.0,10.0,58.0,4.0,2.0,0.0
MH_487_549817,Khadakwan,Khadakwan,Kalwan,Nashik,20.50554,73.88446,128.07,52.84,-1.9,549.9,38.5,503.7,596.1,3.2,223.1,12.0,14.0,10.0,58.0,4.0,2.0,0.0
MH_487_549866,Sarale Digar,Sarale Digar,Kalwan,Nashik,20.50854,73.8636,126.07,54.14,-1.4,552.4,38.7,505.9,598.8,3.2,222.3,12.0,14.0,10.0,58.0,4.0,2.0,0.0
MH_487_549818,Karambhel Hatgad,Karambhel Hatgad,Kalwan,Nashik,20.52646,73.8669,126.94,55.74,-1.5,552.0,38.6,505.7,598.3,3.2,222.4,12.0,14.0,10.0,58.0,4.0,2.0,0.0
MH_487_549804,Karmale,Karmale,Kalwan,Nashik,20.54678,73.90605,131.5,56.09,-2.4,547.3,38.3,501.3,593.2,3.2,224.1,12.0,14.0,10.0,58.0,4.0,2.0,0.0
MH_487_549815,Warkhede,Warkhede,Kalwan,Nashik,20.54386,73.89144,129.95,56.39,-2.1,549.0,38.4,502.9,595.1,3.2,223.4,12.0,14.0,10.0,58.0,4.0,2.0,0.0
MH_487_549803,Verule,Verule,Kalwan,Nashik,20.55324,73.87918,129.04,57.87,-1.8,550.5,38.5,504.3,596.7,3.2,222.9,12.0,14.0,10.0,58.0,4.0,2.0,0.0
MH_487_549794,Lakhani,Lakhani,Kalwan,Nashik,20.56824,73.90784,132.39,58.24,-2.4,547.1,38.3,501.1,593.0,3.2,224.1,12.0,14.0,10.0,58.0,4.0,2.0,0.0
MH_487_549793,Sule,Sule,Kalwan,Nashik,20.58578,73.9204,134.24,59.61,-2.7,545.6,38.2,499.7,591.4,3.2,224.7,12.0,14.0,10.0,58.0,4.0,2.0,0.0
MH_487_549792,Jaidar,Jaidar,Kalwan,Nashik,20.58271,73.89714,131.83,60.14,-2.2,548.3,38.4,502.3,594.4,3.2,223.7,12.0,14.0,10.0,58.0,4.0,2.0,0.0
MH_487_549795,Punegaon,Punegaon,Kalwan,Nashik,20.57415,73.87503,129.35,60.16,-1.7,551.0,38.6,504.7,597.3,3.2,222.8,12.0,14.0,10.0,58.0,4.0,2.0,0.0
MH_487_549802,Ambapur,Ambapur,Kalwan,Nashik,20.56351,73.8696,128.44,59.32,-1.6,551.6,38.6,505.3,598.0,3.2,222.5,12.0,14.0,10.0,58.0,4.0,2.0,0.0
MH_487_549819,Shingashi,Shingashi,Kalwan,Nashik,20.54525,73.85577,126.45,58.13,-1.3,553.3,38.7,506.9,599.7,3.2,221.9,12.0,14.0,10.0,58.0,4.0,2.0,0.0
MH_487_549790,Koswan,Koswan,Kalwan,Nashik,20.59859,73.85733,128.5,63.4,-1.3,553.1,38.7,506.7,599.6,3.2,222.0,12.0,14.0,10.0,58.0,4.0,2.0,0.0
MH_487_549791,Khadaki,Khadaki,Kalwan,Nashik,20.59698,73.89724,132.36,61.62,-2.2,548.3,38.4,502.3,594.4,3.2,223.7,12.0,14.0,10.0,58.0,4.0,2.0,0.0
MH_487_549832,Sheri Digar,Sheri Digar,Kalwan,Nashik,20.60145,73.91589,134.35,61.41,-2.6,546.1,38.2,500.3,591.9,3.2,224.5,12.0,14.0,10.0,58.0,4.0,2.0,0.0
MH_487_549813,Kanashi,Kanashi,Kalwan,Nashik,20.51521,73.91487,131.41,52.5,-2.6,546.2,38.2,500.4,592.1,3.2,224.4,12.0,14.0,10.0,58.0,4.0,2.0,0.0
MH_487_549852,Dharde Digar,Dharde Digar,Kalwan,Nashik,20.57751,73.9514,137.02,57.74,-3.4,541.8,37.9,496.4,587.3,3.2,226.0,12.0,14.0,10.0,58.0,4.0,2.0,0.0
MH_487_549834,Savarpada,Savarpada,Kalwan,Nashik,20.60139,73.94489,137.2,60.48,-3.3,542.6,38.0,497.0,588.2,3.2,225.7,12.0,14.0,10.0,58.0,4.0,2.0,0.0
MH_487_549812,Gangapur,Gangapur,Kalwan,Nashik,20.53963,73.91764,132.43,54.9,-2.6,545.9,38.2,500.0,591.7,3.2,224.5,12.0,14.0,10.0,58.0,4.0,2.0,0.0
MH_487_549851,Padgan,Padgan,Kalwan,Nashik,20.55419,73.94871,135.99,55.34,-3.3,542.2,38.0,496.6,587.8,3.2,225.8,12.0,14.0,10.0,58.0,4.0,2.0,0.0
MH_487_549919,Niwane,Niwane,Kalwan,Nashik,20.45647,74.08998,147.71,41.91,-6.5,525.2,36.8,481.0,569.4,3.2,231.8,12.0,14.0,10.0,58.0,4.0,2.0,0.0
MH_487_549918,Bhendi,Bhendi,Kalwan,Nashik,20.49187,74.09751,149.27,45.82,-6.7,524.3,36.7,480.3,568.3,3.2,232.1,12.0,14.0,10.0,58.0,4.0,2.0,0.0
MH_487_549936,Bhaur,Bhaur,Deola,Nashik,20.49553,74.13364,153.04,46.27,-7.5,520.0,36.4,476.3,563.6,3.2,233.6,4.0,22.0,14.0,52.0,3.0,1.0,4.0
MH_487_549963,Warwandi,Warwandi,Deola,Nashik,20.4737,74.11773,150.92,43.78,-7.1,521.9,36.5,478.1,565.7,3.2,232.9,4.0,22.0,14.0,52.0,3.0,1.0,4.0
MH_487_549941,Satwaichiwadi,Satwaichiwadi,Deola,Nashik,20.47849,74.18533,157.93,45.0,-8.7,513.8,36.0,470.6,557.0,3.2,235.8,4.0,22.0,14.0,52.0,3.0,1.0,4.0
MH_487_549964,Matane,Matane,Deola,Nashik,20.46059,74.14653,153.58,42.49,-7.8,518.4,36.3,474.9,562.0,3.2,234.2,4.0,22.0,14.0,52.0,3.0,1.0,4.0
MH_487_549939,Vithewadi,Vithewadi,Deola,Nashik,20.49117,74.15715,155.33,45.98,-8.0,517.1,36.2,473.7,560.6,3.2,234.6,4.0,22.0,14.0,52.0,3.0,1.0,4.0
MH_487_549965,Deola,Deola,Deola,Nashik,20.45748,74.17615,156.56,42.54,-8.5,514.9,36.0,471.7,558.1,3.2,235.4,4.0,22.0,14.0,52.0,3.0,1.0,4.0
MH_487_549974,Kharde,Kharde,Deola,Nashik,20.42906,74.11345,149.58,38.82,-7.1,522.4,36.6,478.5,566.3,3.2,232.8,4.0,22.0,14.0,52.0,3.0,1.0,4.0
MH_487_549977,Sheri,Sheri,Deola,Nashik,20.39134,74.0899,146.51,34.68,-6.5,525.2,36.8,481.1,569.4,3.2,231.8,4.0,22.0,14.0,52.0,3.0,1.0,4.0
MH_487_549978,Kankapur,Kankapur,Deola,Nashik,20.4017,74.1121,148.96,35.77,-7.0,522.5,36.6,478.6,566.5,3.2,232.7,4.0,22.0,14.0,52.0,3.0,1.0,4.0
MH_487_549980,Wadali Wakhari,Wadali Wakhari,Deola,Nashik,20.39864,74.12909,150.67,35.49,-7.4,520.5,36.4,476.8,564.2,3.2,233.4,4.0,22.0,14.0,52.0,3.0,1.0,4.0
MH_487_549981,Bhavade,Bhavade,Deola,Nashik,20.3887,74.15281,152.96,34.62,-7.9,517.7,36.2,474.2,561.1,3.2,234.4,4.0,22.0,14.0,52.0,3.0,1.0,4.0
MH_487_549985,Kapashi,Kapashi,Deola,Nashik,20.39406,74.17835,155.68,35.64,-8.5,514.6,36.0,471.4,557.8,3.2,235.5,4.0,22.0,14.0,52.0,3.0,1.0,4.0
MH_487_549973,Wajgaon,Wajgaon,Deola,Nashik,20.43155,74.14089,152.44,39.22,-7.7,519.1,36.3,475.5,562.7,3.2,233.9,4.0,22.0,14.0,52.0,3.0,1.0,4.0
MH_487_549972,Rameshwar,Rameshwar,Deola,Nashik,20.42934,74.1645,154.83,39.26,-8.2,516.3,36.1,472.9,559.6,3.2,234.9,4.0,22.0,14.0,52.0,3.0,1.0,4.0
MH_487_549982,Subhashnagar,Subhashnagar,Deola,Nashik,20.41793,74.17809,156.03,38.24,-8.5,514.6,36.0,471.4,557.8,3.2,235.5,4.0,22.0,14.0,52.0,3.0,1.0,4.0
MH_487_549940,Zirepimple,Zirepimple,Deola,Nashik,20.48787,74.15322,154.86,45.58,-7.9,517.6,36.2,474.2,561.1,3.2,234.4,4.0,22.0,14.0,52.0,3.0,1.0,4.0
MH_487_549942,Malwadi,Malwadi,Deola,Nashik,20.47685,74.19742,159.13,45.06,-8.9,512.3,35.9,469.2,555.4,3.2,236.3,4.0,22.0,14.0,52.0,3.0,1.0,4.0
MH_487_550500,Gangave,Gangave,Chandvad,Nashik,20.25851,74.31329,168.4,29.06,-11.5,498.4,34.9,456.5,540.3,3.2,241.2,4.0,22.0,14.0,52.0,3.0,1.0,4.0
MH_487_549943,Fulemalwadi,Fulemalwadi,Deola,Nashik,20.47885,74.20923,160.38,45.54,-9.2,510.9,35.8,467.9,553.9,3.2,236.8,4.0,22.0,14.0,52.0,3.0,1.0,4.0
MH_487_549968,Khadaktale,Khadaktale,Deola,Nashik,20.47024,74.26445,165.86,46.29,-10.5,504.3,35.3,461.9,546.6,3.2,239.1,4.0,22.0,14.0,52.0,3.0,1.0,4.0
MH_487_549967,Khuntewadi,Khuntewadi,Deola,Nashik,20.46563,74.22988,162.23,44.67,-9.7,508.4,35.6,465.7,551.1,3.2,237.7,4.0,22.0,14.0,52.0,3.0,1.0,4.0
MH_487_549966,Vijaynagar,Vijaynagar,Deola,Nashik,20.46361,74.21011,160.16,43.92,-9.2,510.8,35.8,467.8,553.7,3.2,236.8,4.0,22.0,14.0,52.0,3.0,1.0,4.0
MH_487_549970,Shrirampur,Shrirampur,Deola,Nashik,20.44145,74.21124,159.85,41.56,-9.3,510.7,35.7,467.8,553.5,3.2,236.9,4.0,22.0,14.0,52.0,3.0,1.0,4.0
MH_487_549971,Gunjalnagar,Gunjalnagar,Deola,Nashik,20.43678,74.19078,157.67,40.56,-8.8,513.1,35.9,470.0,556.2,3.2,236.0,4.0,22.0,14.0,52.0,3.0,1.0,4.0
MH_487_549969,Pimpalgaon,Pimpalgaon,Deola,Nashik,20.44803,74.24467,163.41,43.27,-10.0,506.6,35.5,464.0,549.2,3.2,238.3,4.0,22.0,14.0,52.0,3.0,1.0,4.0
MH_487_549952,Meshi,Meshi,Deola,Nashik,20.46096,74.29031,168.34,46.35,-11.0,501.2,35.1,459.0,543.3,3.2,240.2,4.0,22.0,14.0,52.0,3.0,1.0,4.0
MH_487_549984,Bhilwad,Bhilwad,Deola,Nashik,20.40071,74.19691,157.7,36.8,-8.9,512.4,35.9,469.3,555.5,3.2,236.3,4.0,22.0,14.0,52.0,3.0,1.0,4.0
MH_487_549983,Wakhari,Wakhari,Deola,Nashik,20.41365,74.22544,160.84,39.01,-9.6,508.9,35.6,466.2,551.7,3.2,237.5,4.0,22.0,14.0,52.0,3.0,1.0,4.0
MH_487_549953,Dahiwad,Dahiwad,Deola,Nashik,20.41662,74.28201,166.73,41.51,-10.8,502.2,35.2,459.9,544.4,3.2,239.8,4.0,22.0,14.0,52.0,3.0,1.0,4.0
MH_487_550516,Chandvad,Chandvad,Central,Nashik,20.32611,74.24344,161.61,30.71,-10.0,506.8,35.5,464.2,549.4,3.2,238.2,12.0,14.0,10.0,58.0,4.0,2.0,0.0
MH_487_551406,Pimpalgaon Najik,Pimpalgaon Najik,Central,Nashik,20.15992,74.24746,159.89,16.88,-10.1,506.3,35.4,463.8,548.8,3.2,238.4,12.0,14.0,10.0,58.0,4.0,2.0,0.0
MH_487_549948,Deopurpade,Deopurpade,Deola,Nashik,20.49285,74.29593,169.54,49.83,-11.2,500.5,35.0,458.5,542.5,3.2,240.4,4.0,22.0,14.0,52.0,3.0,1.0,4.0
MH_487_550486,Raypur,Raypur,Chandvad,Nashik,20.2476,74.34454,171.39,30.77,-12.3,494.7,34.6,453.1,536.2,3.2,242.5,4.0,22.0,14.0,52.0,3.0,1.0,4.0
MH_487_550435,Rajderwadi,Rajderwadi,Chandvad,Nashik,20.38419,74.21163,158.98,35.45,-9.3,510.6,35.7,467.8,553.4,3.2,236.9,4.0,22.0,14.0,52.0,3.0,1.0,4.0
MH_487_550436,Nandurtek,Nandurtek,Chandvad,Nashik,20.38198,74.25955,163.91,37.03,-10.3,504.9,35.3,462.5,547.2,3.2,238.9,4.0,22.0,14.0,52.0,3.0,1.0,4.0
MH_487_549960,Ramnagar,Ramnagar,Deola,Nashik,20.40118,74.25889,164.1,38.95,-10.3,504.9,35.3,462.6,547.3,3.2,238.9,4.0,22.0,14.0,52.0,3.0,1.0,4.0
MH_487_550489,Katarwadi,Katarwadi,Chandvad,Nashik,20.21441,74.39988,176.49,26.03,-13.5,488.0,34.2,447.0,529.1,3.2,244.8,4.0,22.0,14.0,52.0,3.0,1.0,4.0
MH_487_549935,Bagadu,Bagadu,Kalwan,Nashik,20.50737,74.11066,150.98,47.52,-7.0,522.7,36.6,478.8,566.6,3.2,232.6,12.0,14.0,10.0,58.0,4.0,2.0,0.0
MH_487_549934,Pilakos,Pilakos,Kalwan,Nashik,20.52701,74.11829,152.26,49.71,-7.2,521.8,36.5,478.0,565.6,3.2,233.0,12.0,14.0,10.0,58.0,4.0,2.0,0.0
MH_487_549843,Chacher,Chacher,Kalwan,Nashik,20.5554,74.10894,152.09,52.86,-7.0,522.9,36.6,479.0,566.8,3.2,232.6,12.0,14.0,10.0,58.0,4.0,2.0,0.0
MH_487_549842,Visapur,Visapur,Kalwan,Nashik,20.55766,74.09264,150.51,53.14,-6.6,524.9,36.7,480.8,568.9,3.2,231.9,12.0,14.0,10.0,58.0,4.0,2.0,0.0
MH_487_549844,Bhadvan,Bhadvan,Kalwan,Nashik,20.52929,74.09256,149.71,49.99,-6.6,524.9,36.7,480.9,568.9,3.2,231.9,12.0,14.0,10.0,58.0,4.0,2.0,0.0
MH_487_550318,Nagapur,Nagapur,Nandgaon,Nashik,20.26073,74.47614,185.16,29.1,-15.0,478.9,33.5,438.7,519.1,3.2,248.0,4.0,22.0,14.0,52.0,3.0,1.0,4.0
MH_487_549916,Navi Bej,Navi Bej,Kalwan,Nashik,20.50025,74.07489,147.17,46.87,-6.2,527.0,36.9,482.7,571.3,3.2,231.1,12.0,14.0,10.0,58.0,4.0,2.0,0.0
MH_487_550152,Bramhangaon,Bramhangaon,Baglan,Nashik,20.55104,74.28848,170.12,55.59,-11.0,501.4,35.1,459.3,543.5,3.2,240.1,12.0,14.0,10.0,58.0,4.0,2.0,0.0
MH_487_550145,Navi Shemali,Navi Shemali,Baglan,Nashik,20.55257,74.25026,166.28,54.54,-10.1,506.0,35.4,463.5,548.4,3.2,238.5,12.0,14.0,10.0,58.0,4.0,2.0,0.0
MH_487_550151,Shemali,Shemali,Baglan,Nashik,20.56306,74.25726,167.26,55.87,-10.3,505.1,35.4,462.6,547.6,3.2,238.8,12.0,14.0,10.0,58.0,4.0,2.0,0.0
MH_487_550150,Ajmir Saundane,Ajmir Saundane,Baglan,Nashik,20.60052,74.26472,169.05,60.08,-10.5,504.2,35.3,461.9,546.6,3.2,239.1,12.0,14.0,10.0,58.0,4.0,2.0,0.0
MH_487_550144,Thengode,Thengode,Baglan,Nashik,20.53632,74.19721,160.49,51.55,-8.9,512.3,35.9,469.3,555.4,3.2,236.3,12.0,14.0,10.0,58.0,4.0,2.0,0.0
MH_487_550135,Arai,Arai,Baglan,Nashik,20.55095,74.23292,164.48,53.91,-9.7,508.1,35.6,465.3,550.8,3.2,237.8,12.0,14.0,10.0,58.0,4.0,2.0,0.0
MH_487_550141,More Nagar,More Nagar,Baglan,Nashik,20.58248,74.17727,159.74,56.31,-8.5,514.7,36.0,471.5,557.9,3.2,235.4,12.0,14.0,10.0,58.0,4.0,2.0,0.0
MH_487_550136,Malegaon Tilwan,Malegaon Tilwan,Baglan,Nashik,20.58595,74.19121,161.24,56.89,-8.8,513.1,35.9,470.0,556.1,3.2,236.0,12.0,14.0,10.0,58.0,4.0,2.0,0.0
MH_487_550140,Pimpaldar,Pimpaldar,Baglan,Nashik,20.56664,74.14763,156.3,54.25,-7.8,518.3,36.3,474.7,561.8,3.2,234.2,12.0,14.0,10.0,58.0,4.0,2.0,0.0
MH_487_550142,Darhane,Darhane,Baglan,Nashik,20.56652,74.18084,159.64,54.6,-8.6,514.3,36.0,471.1,557.5,3.2,235.6,12.0,14.0,10.0,58.0,4.0,2.0,0.0
MH_487_550130,Sarwar,Sarwar,Baglan,Nashik,20.59976,74.083,150.84,57.86,-6.4,526.0,36.8,481.9,570.2,3.2,231.5,12.0,14.0,10.0,58.0,4.0,2.0,0.0
MH_487_550138,Khamtane,Khamtane,Baglan,Nashik,20.58915,74.15628,157.83,56.82,-8.0,517.2,36.2,473.8,560.7,3.2,234.6,12.0,14.0,10.0,58.0,4.0,2.0,0.0
MH_487_550139,Navegaon,Navegaon,Baglan,Nashik,20.57968,74.12529,154.44,55.58,-7.3,521.0,36.5,477.2,564.8,3.2,233.3,12.0,14.0,10.0,58.0,4.0,2.0,0.0
MH_487_550128,Nirpur,Nirpur,Baglan,Nashik,20.60039,74.13989,156.53,57.95,-7.6,519.2,36.3,475.7,562.8,3.2,233.9,12.0,14.0,10.0,58.0,4.0,2.0,0.0
MH_487_550127,Nave Nirpur,Nave Nirpur,Baglan,Nashik,20.6103,74.12959,155.82,59.0,-7.4,520.4,36.4,476.8,564.1,3.2,233.4,12.0,14.0,10.0,58.0,4.0,2.0,0.0
MH_487_550131,Wadi Chaulher,Wadi Chaulher,Baglan,Nashik,20.58393,74.10161,152.19,56.04,-6.8,523.8,36.7,479.8,567.8,3.2,232.3,12.0,14.0,10.0,58.0,4.0,2.0,0.0
MH_487_550129,Tilwan,Tilwan,Baglan,Nashik,20.59957,74.11264,153.78,57.77,-7.0,522.5,36.6,478.6,566.4,3.2,232.7,12.0,14.0,10.0,58.0,4.0,2.0,0.0
MH_487_251435,Satana,Satana,Central,Nashik,20.59134,74.21297,163.58,57.86,-9.3,510.4,35.7,467.6,553.3,3.2,236.9,12.0,14.0,10.0,58.0,4.0,2.0,0.0
MH_487_549937,Khamkhede,Khamkhede,Deola,Nashik,20.54438,74.13672,154.58,51.71,-7.6,519.6,36.4,475.9,563.3,3.2,233.7,4.0,22.0,14.0,52.0,3.0,1.0,4.0
MH_487_549938,Savaki [Lohoner,Savaki [Lohoner,Deola,Nashik,20.52654,74.16152,156.62,49.94,-8.1,516.6,36.2,473.2,560.1,3.2,234.8,4.0,22.0,14.0,52.0,3.0,1.0,4.0
MH_487_549917,Bej,Bej,Kalwan,Nashik,20.51115,74.08598,148.57,48.01,-6.4,525.7,36.8,481.5,569.8,3.2,231.6,12.0,14.0,10.0,58.0,4.0,2.0,0.0
MH_487_550143,Indiranagar,Indiranagar,Baglan,Nashik,20.56836,74.17548,159.15,54.73,-8.4,514.9,36.0,471.7,558.1,3.2,235.4,12.0,14.0,10.0,58.0,4.0,2.0,0.0
MH_487_549944,Lohoner,Lohoner,Deola,Nashik,20.50517,74.20728,160.76,48.35,-9.2,511.1,35.8,468.2,554.1,3.2,236.7,4.0,22.0,14.0,52.0,3.0,1.0,4.0
MH_487_549945,Khalap,Khalap,Deola,Nashik,20.49642,74.22998,162.88,47.96,-9.7,508.4,35.6,465.7,551.1,3.2,237.7,4.0,22.0,14.0,52.0,3.0,1.0,4.0
MH_487_549946,Vasol,Vasol,Deola,Nashik,20.49868,74.25303,165.28,48.89,-10.2,505.6,35.4,463.2,548.1,3.2,238.6,4.0,22.0,14.0,52.0,3.0,1.0,4.0
MH_487_549947,Phule Nagar,Phule Nagar,Deola,Nashik,20.50125,74.27434,167.51,49.88,-10.7,503.1,35.2,460.8,545.3,3.2,239.5,4.0,22.0,14.0,52.0,3.0,1.0,4.0
MH_487_251440,Manmad,Manmad,Central,Nashik,20.25131,74.43167,180.41,28.84,-14.2,484.2,33.9,443.5,524.9,3.2,246.1,12.0,14.0,10.0,58.0,4.0,2.0,0.0
MH_487_550322,Anakwade,Anakwade,Nandgaon,Nashik,20.20857,74.43033,179.53,24.31,-14.2,484.4,33.9,443.7,525.0,3.2,246.1,4.0,22.0,14.0,52.0,3.0,1.0,4.0
MH_487_550323,Vanjarwadi,Vanjarwadi,Nandgaon,Nashik,20.20982,74.46349,182.98,23.64,-14.9,480.4,33.6,440.1,520.7,3.2,247.5,4.0,22.0,14.0,52.0,3.0,1.0,4.0
MH_487_550321,Satane,Satane,Nandgaon,Nashik,20.23436,74.456,182.61,26.46,-14.8,481.3,33.7,440.8,521.7,3.2,247.2,4.0,22.0,14.0,52.0,3.0,1.0,4.0
MH_487_550320,Karhi,Karhi,Nandgaon,Nashik,20.23001,74.48011,185.02,25.66,-15.0,478.4,33.5,438.2,518.6,3.2,248.2,4.0,22.0,14.0,52.0,3.0,1.0,4.0
MH_487_550319,Ekwai,Ekwai,Nandgaon,Nashik,20.2417,74.49962,187.23,26.88,-15.0,476.0,33.3,436.1,516.0,3.2,249.0,4.0,22.0,14.0,52.0,3.0,1.0,4.0
MH_487_550502,Salsane,Salsane,Chandvad,Nashik,20.21676,74.30406,166.65,25.33,-11.3,499.5,35.0,457.5,541.5,3.2,240.8,4.0,22.0,14.0,52.0,3.0,1.0,4.0
MH_487_550515,Talegaon Rohi,Talegaon Rohi,Chandvad,Nashik,20.18956,74.32846,168.71,25.86,-11.9,496.6,34.8,454.8,538.3,3.2,241.8,4.0,22.0,14.0,52.0,3.0,1.0,4.0
MH_487_550501,Nimbale,Nimbale,Chandvad,Nashik,20.2334,74.32076,168.67,27.84,-11.7,497.5,34.8,455.7,539.3,3.2,241.5,4.0,22.0,14.0,52.0,3.0,1.0,4.0
MH_487_550487,Vadgaon Pangu,Vadgaon Pangu,Chandvad,Nashik,20.22632,74.3724,173.86,28.47,-12.9,491.3,34.4,450.0,532.6,3.2,243.6,4.0,22.0,14.0,52.0,3.0,1.0,4.0
MH_487_550488,Rapali,Rapali,Chandvad,Nashik,20.23534,74.39631,176.48,28.32,-13.4,488.4,34.2,447.4,529.5,3.2,244.6,4.0,22.0,14.0,52.0,3.0,1.0,4.0
MH_487_550484,Wagdardi,Wagdardi,Chandvad,Nashik,20.2523,74.38872,176.02,30.37,-13.2,489.4,34.3,448.2,530.5,3.2,244.3,4.0,22.0,14.0,52.0,3.0,1.0,4.0
MH_487_550485,Bhadane,Bhadane,Chandvad,Nashik,20.25442,74.36467,173.59,31.62,-12.7,492.2,34.5,450.8,533.6,3.2,243.3,4.0,22.0,14.0,52.0,3.0,1.0,4.0
MH_487_551408,Somthan Desh,Somthan Desh,Yevla,Nashik,20.15312,74.308,166.07,22.21,-11.4,499.0,34.9,457.2,540.9,3.2,240.9,12.0,14.0,10.0,58.0,4.0,2.0,0.0
MH_487_551409,Nilkhede,Nilkhede,Yevla,Nashik,20.14909,74.32776,168.07,24.0,-11.9,496.7,34.8,454.9,538.4,3.2,241.8,12.0,14.0,10.0,58.0,4.0,2.0,0.0
MH_487_551410,Murami,Murami,Yevla,Nashik,20.15921,74.34849,170.35,23.74,-12.3,494.2,34.6,452.7,535.7,3.2,242.6,12.0,14.0,10.0,58.0,4.0,2.0,0.0
MH_487_551411,Katarni,Katarni,Yevla,Nashik,20.19163,74.36818,172.85,25.37,-12.8,491.8,34.4,450.5,533.1,3.2,243.5,12.0,14.0,10.0,58.0,4.0,2.0,0.0
MH_487_551417,Adgaon Repal,Adgaon Repal,Yevla,Nashik,20.14739,74.36211,171.61,21.82,-12.6,492.5,34.5,451.1,533.9,3.2,243.2,12.0,14.0,10.0,58.0,4.0,2.0,0.0
MH_487_551416,Vikharni,Vikharni,Yevla,Nashik,20.16012,74.39495,175.18,20.91,-13.4,488.6,34.2,447.6,529.6,3.2,244.6,12.0,14.0,10.0,58.0,4.0,2.0,0.0
MH_487_551412,Visapur,Visapur,Yevla,Nashik,20.18651,74.40593,176.68,22.95,-13.6,487.3,34.1,446.4,528.2,3.2,245.0,12.0,14.0,10.0,58.0,4.0,2.0,0.0
MH_487_551415,Gujarkhede,Gujarkhede,Yevla,Nashik,20.1564,74.41277,176.98,19.63,-13.8,486.5,34.1,445.5,527.4,3.2,245.3,12.0,14.0,10.0,58.0,4.0,2.0,0.0
MH_487_551414,Balapur,Balapur,Yevla,Nashik,20.16019,74.4255,178.35,19.44,-14.1,484.9,33.9,444.3,525.6,3.2,245.9,12.0,14.0,10.0,58.0,4.0,2.0,0.0
MH_487_550471,Mesankhede Bk,Mesankhede Bk,Chandvad,Nashik,20.30102,74.37141,174.72,36.06,-12.9,491.4,34.4,450.2,532.7,3.2,243.6,4.0,22.0,14.0,52.0,3.0,1.0,4.0
MH_487_551413,Gorakhnagar,Gorakhnagar,Yevla,Nashik,20.1749,74.43278,179.29,20.68,-14.2,484.1,33.9,443.4,524.7,3.2,246.2,12.0,14.0,10.0,58.0,4.0,2.0,0.0
MH_487_551448,Kusur,Kusur,Yevla,Nashik,20.14969,74.4809,183.97,16.76,-15.0,478.3,33.5,438.1,518.5,3.2,248.2,12.0,14.0,10.0,58.0,4.0,2.0,0.0
MH_487_551438,Ankai,Ankai,Yevla,Nashik,20.17719,74.45895,182.03,20.16,-14.8,480.9,33.7,440.5,521.4,3.2,247.3,12.0,14.0,10.0,58.0,4.0,2.0,0.0
MH_487_550256,Erandgaon,Erandgaon,Malegaon,Nashik,20.37567,74.44724,183.27,42.13,-14.6,482.3,33.8,441.8,522.9,3.2,246.8,4.0,22.0,14.0,52.0,3.0,1.0,4.0
MH_487_551440,Chandgaon,Chandgaon,Yevla,Nashik,20.18179,74.48185,184.47,20.3,-15.0,478.2,33.5,438.0,518.4,3.2,248.2,12.0,14.0,10.0,58.0,4.0,2.0,0.0
MH_487_551441,Naygavhan,Naygavhan,Yevla,Nashik,20.16984,74.5023,186.43,18.89,-15.0,475.7,33.3,435.8,515.7,3.2,249.1,12.0,14.0,10.0,58.0,4.0,2.0,0.0
MH_487_550325,Ghadeghewadi,Ghadeghewadi,Nandgaon,Nashik,20.22302,74.52323,189.36,24.92,-15.0,473.2,33.1,433.5,512.9,3.2,250.0,4.0,22.0,14.0,52.0,3.0,1.0,4.0
MH_487_550313,Khadgaon,Khadgaon,Nandgaon,Nashik,20.31695,74.49028,187.21,35.26,-15.0,477.2,33.4,437.1,517.2,3.2,248.6,4.0,22.0,14.0,52.0,3.0,1.0,4.0
MH_487_550326,Narayangaon,Narayangaon,Nandgaon,Nashik,20.19681,74.51759,188.38,21.96,-15.0,473.9,33.2,434.0,513.7,3.2,249.7,4.0,22.0,14.0,52.0,3.0,1.0,4.0
MH_487_551439,Basantnagar,Basantnagar,Yevla,Nashik,20.16996,74.47609,183.72,19.06,-15.0,478.9,33.5,438.7,519.1,3.2,248.0,12.0,14.0,10.0,58.0,4.0,2.0,0.0
MH_487_550324,Malegaon Karyat,Malegaon Karyat,Nandgaon,Nashik,20.2182,74.5082,187.73,24.28,-15.0,475.0,33.3,435.1,515.0,3.2,249.3,4.0,22.0,14.0,52.0,3.0,1.0,4.0
MH_487_550481,Mesankhede Kh,Mesankhede Kh,Chandvad,Nashik,20.28068,74.37555,175.04,33.81,-12.9,490.9,34.4,449.7,532.2,3.2,243.8,4.0,22.0,14.0,52.0,3.0,1.0,4.0
MH_487_550350,Bangaon Kh,Bangaon Kh,Nandgaon,Nashik,20.2394,74.66375,204.13,31.64,-15.0,456.3,31.9,418.1,494.6,3.2,255.9,4.0,22.0,14.0,52.0,3.0,1.0,4.0
MH_487_550257,Chondhi,Chondhi,Malegaon,Nashik,20.37066,74.48144,186.77,41.26,-15.0,478.2,33.5,438.0,518.4,3.2,248.2,4.0,22.0,14.0,52.0,3.0,1.0,4.0
MH_487_550315,Astagaon,Astagaon,Nandgaon,Nashik,20.2918,74.4695,184.88,32.6,-15.0,479.7,33.6,439.3,520.0,3.2,247.7,4.0,22.0,14.0,52.0,3.0,1.0,4.0
MH_487_550314,Panzandev,Panzandev,Nandgaon,Nashik,20.29838,74.50105,188.21,33.18,-15.0,475.9,33.3,435.9,515.8,3.2,249.0,4.0,22.0,14.0,52.0,3.0,1.0,4.0
MH_487_550316,Dhotane Bk,Dhotane Bk,Nandgaon,Nashik,20.28424,74.50796,188.85,31.62,-15.0,475.0,33.3,435.1,515.0,3.2,249.3,4.0,22.0,14.0,52.0,3.0,1.0,4.0
MH_487_550317,Panewadi,Panewadi,Nandgaon,Nashik,20.267,74.50381,188.12,29.69,-15.0,475.5,33.3,435.6,515.5,3.2,249.2,4.0,22.0,14.0,52.0,3.0,1.0,4.0
MH_487_550312,Navsari,Navsari,Nandgaon,Nashik,20.33227,74.49781,188.11,36.95,-15.0,476.3,33.3,436.3,516.2,3.2,248.9,4.0,22.0,14.0,52.0,3.0,1.0,4.0
MH_487_550311,Bhardi,Bhardi,Nandgaon,Nashik,20.34746,74.50425,188.91,38.64,-15.0,475.5,33.3,435.5,515.4,3.2,249.2,4.0,22.0,14.0,52.0,3.0,1.0,4.0
MH_487_550305,Boygaon,Boygaon,Nandgaon,Nashik,20.36608,74.50305,188.96,40.71,-15.0,475.6,33.3,435.7,515.6,3.2,249.1,4.0,22.0,14.0,52.0,3.0,1.0,4.0
MH_487_549962,Giranare,Giranare,Deola,Nashik,20.34962,74.3673,174.7,40.25,-12.8,491.9,34.4,450.6,533.2,3.2,243.4,4.0,22.0,14.0,52.0,3.0,1.0,4.0
MH_487_549961,Kumbharde,Kumbharde,Deola,Nashik,20.36468,74.34341,172.38,39.94,-12.2,494.8,34.6,453.3,536.3,3.2,242.4,4.0,22.0,14.0,52.0,3.0,1.0,4.0
MH_487_550474,Dongargaon,Dongargaon,Chandvad,Nashik,20.32681,74.30648,168.17,34.26,-11.4,499.2,34.9,457.3,541.1,3.2,240.9,4.0,22.0,14.0,52.0,3.0,1.0,4.0
MH_487_550463,Uswad,Uswad,Chandvad,Nashik,20.33919,74.32348,170.05,36.43,-11.8,497.2,34.8,455.4,538.9,3.2,241.6,4.0,22.0,14.0,52.0,3.0,1.0,4.0
MH_487_550473,Dugaon,Dugaon,Chandvad,Nashik,20.29769,74.3155,168.88,32.34,-11.6,498.1,34.9,456.3,540.0,3.2,241.3,4.0,22.0,14.0,52.0,3.0,1.0,4.0
MH_487_550479,Ahirkhede,Ahirkhede,Chandvad,Nashik,20.2763,74.30459,167.62,29.81,-11.4,499.4,35.0,457.4,541.4,3.2,240.8,4.0,22.0,14.0,52.0,3.0,1.0,4.0
MH_487_550480,Pimpalgaon Dhabli,Pimpalgaon Dhabli,Chandvad,Nashik,20.27485,74.3312,170.39,31.66,-12.0,496.3,34.7,454.6,537.9,3.2,241.9,4.0,22.0,14.0,52.0,3.0,1.0,4.0
MH_487_550472,Kokankhede,Kokankhede,Chandvad,Nashik,20.30698,74.34096,171.6,34.9,-12.2,495.1,34.7,453.4,536.7,3.2,242.3,4.0,22.0,14.0,52.0,3.0,1.0,4.0
MH_487_550464,Daregaon,Daregaon,Chandvad,Nashik,20.31973,74.37238,174.96,37.97,-12.9,491.3,34.4,450.0,532.6,3.2,243.6,4.0,22.0,14.0,52.0,3.0,1.0,4.0
MH_487_550469,Nimon,Nimon,Chandvad,Nashik,20.32138,74.41038,178.93,36.94,-13.7,486.8,34.1,445.8,527.7,3.2,245.2,4.0,22.0,14.0,52.0,3.0,1.0,4.0
MH_487_550466,Vad,Vad,Chandvad,Nashik,20.35138,74.41353,179.52,40.1,-13.8,486.4,34.0,445.6,527.2,3.2,245.4,4.0,22.0,14.0,52.0,3.0,1.0,4.0
MH_487_550465,Varadi,Varadi,Chandvad,Nashik,20.33851,74.40808,178.83,38.84,-13.7,487.0,34.1,446.1,528.0,3.2,245.1,4.0,22.0,14.0,52.0,3.0,1.0,4.0
MH_487_550467,Kanadgaon,Kanadgaon,Chandvad,Nashik,20.34741,74.44793,183.05,39.01,-14.6,482.2,33.8,441.7,522.8,3.2,246.8,4.0,22.0,14.0,52.0,3.0,1.0,4.0
MH_487_550468,Kundalgaon,Kundalgaon,Chandvad,Nashik,20.31877,74.44428,182.43,35.92,-14.5,482.7,33.8,442.1,523.2,3.2,246.7,4.0,22.0,14.0,52.0,3.0,1.0,4.0
MH_487_550470,Dongaon,Dongaon,Chandvad,Nashik,20.30302,74.4033,178.06,35.17,-13.6,487.6,34.1,446.7,528.5,3.2,244.9,4.0,22.0,14.0,52.0,3.0,1.0,4.0
MH_487_550483,Dahegaon Manmad,Dahegaon Manmad,Chandvad,Nashik,20.28719,74.43451,181.21,32.66,-14.3,483.9,33.9,443.2,524.5,3.2,246.2,4.0,22.0,14.0,52.0,3.0,1.0,4.0
MH_487_550482,Shingve,Shingve,Chandvad,Nashik,20.2775,74.40373,177.96,32.45,-13.6,487.6,34.1,446.6,528.5,3.2,245.0,4.0,22.0,14.0,52.0,3.0,1.0,4.0
MH_487_550345,Bejgaon,Bejgaon,Nandgaon,Nashik,20.26126,74.52624,190.32,29.18,-15.0,472.9,33.1,433.1,512.6,3.2,250.1,4.0,22.0,14.0,52.0,3.0,1.0,4.0
MH_487_550346,Mohegaon,Mohegaon,Nandgaon,Nashik,20.24504,74.54261,191.72,27.61,-15.0,470.9,33.0,431.3,510.5,3.2,250.8,4.0,22.0,14.0,52.0,3.0,1.0,4.0
MH_487_550356,Bhalur,Bhalur,Nandgaon,Nashik,20.22518,74.5664,193.85,25.98,-15.0,468.0,32.8,428.7,507.4,3.2,251.8,4.0,22.0,14.0,52.0,3.0,1.0,4.0
MH_487_550357,Lohshingve,Lohshingve,Nandgaon,Nashik,20.1951,74.56672,193.44,22.79,-15.0,468.0,32.8,428.6,507.4,3.2,251.8,4.0,22.0,14.0,52.0,3.0,1.0,4.0
MH_487_550358,Soygaon,Soygaon,Nandgaon,Nashik,20.20393,74.60739,197.77,25.3,-15.0,463.1,32.4,424.2,502.0,3.2,253.5,4.0,22.0,14.0,52.0,3.0,1.0,4.0
MH_487_550359,Bhauri,Bhauri,Nandgaon,Nashik,20.20643,74.64272,201.47,27.37,-15.0,458.9,32.1,420.4,497.4,3.2,255.0,4.0,22.0,14.0,52.0,3.0,1.0,4.0
MH_487_550347,Laxminagar,Laxminagar,Nandgaon,Nashik,20.24803,74.57666,195.28,28.72,-15.0,466.8,32.7,427.6,506.0,3.2,252.2,4.0,22.0,14.0,52.0,3.0,1.0,4.0
MH_487_550355,Wadali Bk,Wadali Bk,Nandgaon,Nashik,20.22804,74.61812,199.24,28.2,-15.0,461.8,32.3,423.1,500.6,3.2,254.0,4.0,22.0,14.0,52.0,3.0,1.0,4.0
MH_487_550354,Wadali Kh,Wadali Kh,Nandgaon,Nashik,20.22749,74.63329,200.8,28.87,-15.0,460.0,32.2,421.4,498.6,3.2,254.6,4.0,22.0,14.0,52.0,3.0,1.0,4.0
MH_487_550353,Khirdipatode,Khirdipatode,Nandgaon,Nashik,20.22068,74.658,203.25,29.57,-15.0,457.0,32.0,418.6,495.4,3.2,255.6,4.0,22.0,14.0,52.0,3.0,1.0,4.0
MH_487_550348,Morzar,Morzar,Nandgaon,Nashik,20.24845,74.63206,201.0,30.88,-15.0,460.2,32.2,421.5,498.8,3.2,254.5,4.0,22.0,14.0,52.0,3.0,1.0,4.0
MH_487_550349,Bangaon Bk,Bangaon Bk,Nandgaon,Nashik,20.24621,74.65272,203.1,31.68,-15.0,457.7,32.0,419.3,496.1,3.2,255.4,4.0,22.0,14.0,52.0,3.0,1.0,4.0
MH_487_550351,Takli Bk,Takli Bk,Nandgaon,Nashik,20.23464,74.68057,205.79,32.19,-15.0,454.3,31.8,416.2,492.5,3.2,256.6,4.0,22.0,14.0,52.0,3.0,1.0,4.0
MH_487_550352,Takli Kh,Takli Kh,Nandgaon,Nashik,20.23103,74.69449,207.18,32.75,-15.0,452.7,31.7,414.6,490.7,3.2,257.2,4.0,22.0,14.0,52.0,3.0,1.0,4.0
MH_487_550390,Kasabkhede,Kasabkhede,Nandgaon,Nashik,20.20806,74.71605,209.08,32.31,-15.0,450.1,31.5,412.3,487.9,3.2,258.1,4.0,22.0,14.0,52.0,3.0,1.0,4.0
MH_487_551446,Pimpalkhute Tisare,Pimpalkhute Tisare,Yevla,Nashik,20.15717,74.57733,194.07,19.25,-15.0,466.7,32.7,427.5,506.0,3.2,252.2,12.0,14.0,10.0,58.0,4.0,2.0,0.0
MH_487_551444,Rajapur,Rajapur,Yevla,Nashik,20.1727,74.62144,198.83,23.01,-15.0,461.4,32.3,422.7,500.2,3.2,254.1,12.0,14.0,10.0,58.0,4.0,2.0,0.0
MH_487_550391,Pohi,Pohi,Nandgaon,Nashik,20.19953,74.74368,211.84,33.76,-15.0,446.8,31.3,409.2,484.3,3.2,259.2,4.0,22.0,14.0,52.0,3.0,1.0,4.0
MH_487_551447,Jaydare,Jaydare,Yevla,Nashik,20.16602,74.53365,189.64,18.79,-15.0,472.0,33.0,432.4,511.6,3.2,250.4,12.0,14.0,10.0,58.0,4.0,2.0,0.0
MH_487_551442,Aherwadi,Aherwadi,Yevla,Nashik,20.17276,74.5508,191.5,19.93,-15.0,469.9,32.9,430.4,509.4,3.2,251.1,12.0,14.0,10.0,58.0,4.0,2.0,0.0
MH_487_551454,Khirdisathe,Khirdisathe,Yevla,Nashik,20.14778,74.56083,192.25,17.62,-15.0,468.7,32.8,429.3,508.1,3.2,251.6,12.0,14.0,10.0,58.0,4.0,2.0,0.0
MH_487_550310,Dhaner,Dhaner,Nandgaon,Nashik,20.33693,74.52683,191.16,37.57,-15.0,472.8,33.1,433.1,512.5,3.2,250.1,4.0,22.0,14.0,52.0,3.0,1.0,4.0
MH_487_551443,Somthanjosh,Somthanjosh,Yevla,Nashik,20.18861,74.67369,204.44,27.73,-15.0,455.2,31.9,416.9,493.4,3.2,256.3,12.0,14.0,10.0,58.0,4.0,2.0,0.0
MH_487_550343,Mandwad,Mandwad,Nandgaon,Nashik,20.26729,74.60215,198.25,31.58,-15.0,463.7,32.5,424.7,502.7,3.2,253.3,4.0,22.0,14.0,52.0,3.0,1.0,4.0
MH_487_550389,Manikpunj,Manikpunj,Nandgaon,Nashik,20.25091,74.71167,209.26,35.59,-15.0,450.6,31.5,412.8,488.4,3.2,257.9,4.0,22.0,14.0,52.0,3.0,1.0,4.0
MH_487_551445,Panhalsathe,Panhalsathe,Yevla,Nashik,20.1513,74.59423,195.76,19.49,-15.0,464.7,32.5,425.7,503.7,3.2,253.0,12.0,14.0,10.0,58.0,4.0,2.0,0.0
MH_487_550360,Wakhari,Wakhari,Nandgaon,Nashik,20.37334,74.59767,198.86,42.75,-15.0,464.3,32.5,425.3,503.3,3.2,253.1,4.0,22.0,14.0,52.0,3.0,1.0,4.0
MH_487_549992,Ganeshnagar,Ganeshnagar,Baglan,Nashik,20.81621,74.04826,156.24,56.05,-5.6,530.2,37.1,485.7,574.7,3.2,230.0,12.0,14.0,10.0,58.0,4.0,2.0,0.0
MH_487_550327,Dhotane Kh,Dhotane Kh,Nandgaon,Nashik,20.29581,74.52606,190.8,33.0,-15.0,472.9,33.1,433.2,512.6,3.2,250.1,4.0,22.0,14.0,52.0,3.0,1.0,4.0
MH_487_550306,Darhel,Darhel,Nandgaon,Nashik,20.36993,74.52613,191.4,41.22,-15.0,472.9,33.1,433.1,512.6,3.2,250.1,4.0,22.0,14.0,52.0,3.0,1.0,4.0
MH_487_550309,Kondhar,Kondhar,Nandgaon,Nashik,20.33602,74.55434,194.02,37.79,-15.0,469.5,32.9,430.0,509.0,3.2,251.3,4.0,22.0,14.0,52.0,3.0,1.0,4.0
MH_487_550344,Shashrinagar,Shashrinagar,Nandgaon,Nashik,20.27225,74.5528,193.26,30.77,-15.0,469.7,32.9,430.2,509.1,3.2,251.2,4.0,22.0,14.0,52.0,3.0,1.0,4.0
MH_487_550328,Hiswal Kh,Hiswal Kh,Nandgaon,Nashik,20.2973,74.54338,192.61,33.37,-15.0,470.8,33.0,431.2,510.4,3.2,250.8,4.0,22.0,14.0,52.0,3.0,1.0,4.0
MH_487_550308,Parekarwadi,Parekarwadi,Nandgaon,Nashik,20.34854,74.57424,196.19,39.52,-15.0,467.1,32.7,427.9,506.3,3.2,252.1,4.0,22.0,14.0,52.0,3.0,1.0,4.0
MH_487_550307,Nandur,Nandur,Nandgaon,Nashik,20.35309,74.56421,195.19,39.83,-15.0,468.3,32.8,428.9,507.7,3.2,251.7,4.0,22.0,14.0,52.0,3.0,1.0,4.0
MH_487_550329,Hiswal Bk,Hiswal Bk,Nandgaon,Nashik,20.30955,74.57537,196.01,35.31,-15.0,467.0,32.7,427.7,506.2,3.2,252.2,4.0,22.0,14.0,52.0,3.0,1.0,4.0
MH_487_550330,Hirenagar,Hirenagar,Nandgaon,Nashik,20.31997,74.59684,198.32,36.99,-15.0,464.4,32.5,425.4,503.4,3.2,253.1,4.0,22.0,14.0,52.0,3.0,1.0,4.0
MH_487_550331,Nandgaon Rural,Nandgaon Rural,Nandgaon,Nashik,20.31552,74.62835,201.57,37.56,-15.0,460.6,32.2,422.0,499.2,3.2,254.4,4.0,22.0,14.0,52.0,3.0,1.0,4.0
MH_487_550334,Hinganwadi,Hinganwadi,Nandgaon,Nashik,20.34346,74.60061,198.89,39.61,-15.0,463.9,32.5,424.9,502.9,3.2,253.2,4.0,22.0,14.0,52.0,3.0,1.0,4.0
MH_487_550333,Fulenagar,Fulenagar,Nandgaon,Nashik,20.33468,74.61096,199.89,38.98,-15.0,462.7,32.4,423.8,501.6,3.2,253.7,4.0,22.0,14.0,52.0,3.0,1.0,4.0
MH_487_550332,Shriramnagar,Shriramnagar,Nandgaon,Nashik,20.32567,74.61195,199.93,38.05,-15.0,462.6,32.4,423.7,501.4,3.2,253.7,4.0,22.0,14.0,52.0,3.0,1.0,4.0
MH_487_550336,Krantinagar,Krantinagar,Nandgaon,Nashik,20.28776,74.63043,201.53,34.77,-15.0,460.3,32.2,421.7,499.0,3.2,254.5,4.0,22.0,14.0,52.0,3.0,1.0,4.0
MH_487_550342,Azadnagar,Azadnagar,Nandgaon,Nashik,20.26603,74.59445,197.43,31.18,-15.0,464.7,32.5,425.7,503.7,3.2,253.0,4.0,22.0,14.0,52.0,3.0,1.0,4.0
MH_487_550338,Gangadhari,Gangadhari,Nandgaon,Nashik,20.29839,74.67652,206.47,37.95,-15.0,454.8,31.8,416.7,493.0,3.2,256.4,4.0,22.0,14.0,52.0,3.0,1.0,4.0
MH_487_550341,Dahegaon,Dahegaon,Nandgaon,Nashik,20.26525,74.6458,202.71,33.19,-15.0,458.5,32.1,420.0,497.0,3.2,255.1,4.0,22.0,14.0,52.0,3.0,1.0,4.0
MH_487_550340,Tandulwadi,Tandulwadi,Nandgaon,Nashik,20.268,74.67677,205.94,35.05,-15.0,454.8,31.8,416.6,492.9,3.2,256.4,4.0,22.0,14.0,52.0,3.0,1.0,4.0
MH_487_550339,Pokhari Patode,Pokhari Patode,Nandgaon,Nashik,20.28488,74.70023,208.66,37.95,-15.0,452.0,31.6,414.1,489.9,3.2,257.4,4.0,22.0,14.0,52.0,3.0,1.0,4.0
MH_487_550335,Girnanagar,Girnanagar,Nandgaon,Nashik,20.31655,74.64117,202.91,38.16,-15.0,459.1,32.1,420.5,497.6,3.2,254.9,4.0,22.0,14.0,52.0,3.0,1.0,4.0
MH_487_251439,Nandgaon,Nandgaon,Central,Nashik,20.30242,74.65454,204.22,37.3,-15.0,457.5,32.0,419.1,495.9,3.2,255.5,12.0,14.0,10.0,58.0,4.0,2.0,0.0
MH_487_550387,Jalgaon Bk,Jalgaon Bk,Nandgaon,Nashik,20.26491,74.74207,212.62,38.81,-15.0,447.0,31.3,409.4,484.5,3.2,259.2,4.0,22.0,14.0,52.0,3.0,1.0,4.0
MH_487_550386,Jalgaon Kh,Jalgaon Kh,Nandgaon,Nashik,20.29839,74.73802,212.79,41.45,-15.0,447.4,31.3,409.9,485.0,3.2,259.0,4.0,22.0,14.0,52.0,3.0,1.0,4.0
MH_487_550378,Babhulwadi,Babhulwadi,Nandgaon,Nashik,20.31017,74.71815,210.89,41.33,-15.0,449.8,31.5,412.0,487.6,3.2,258.2,4.0,22.0,14.0,52.0,3.0,1.0,4.0
MH_487_550379,Doctorwadi,Doctorwadi,Nandgaon,Nashik,20.30622,74.70325,209.31,40.12,-15.0,451.6,31.6,413.7,489.5,3.2,257.5,4.0,22.0,14.0,52.0,3.0,1.0,4.0
MH_487_550337,Malharwadi,Malharwadi,Nandgaon,Nashik,20.27874,74.65877,204.28,35.15,-15.0,456.9,32.0,418.5,495.3,3.2,255.7,4.0,22.0,14.0,52.0,3.0,1.0,4.0
MH_487_550361,Pimprale,Pimprale,Nandgaon,Nashik,20.37157,74.63452,202.67,43.64,-15.0,459.9,32.2,421.2,498.5,3.2,254.6,4.0,22.0,14.0,52.0,3.0,1.0,4.0
MH_487_550377,New_Panzan,New_Panzan,Nandgaon,Nashik,20.33723,74.72106,211.37,44.03,-15.0,449.5,31.5,411.7,487.3,3.2,258.3,4.0,22.0,14.0,52.0,3.0,1.0,4.0
MH_487_550375,Aswaldara,Aswaldara,Nandgaon,Nashik,20.35401,74.69098,208.37,44.12,-15.0,453.1,31.7,415.0,491.1,3.2,257.0,4.0,22.0,14.0,52.0,3.0,1.0,4.0
MH_487_550238,Nandgaon,Nandgaon,Malegaon,Nashik,20.4755,74.38023,177.84,52.23,-13.1,490.4,34.3,449.2,531.5,3.2,244.0,4.0,22.0,14.0,52.0,3.0,1.0,4.0
MH_487_550239,Saundane,Saundane,Malegaon,Nashik,20.45396,74.39936,179.43,51.38,-13.5,488.1,34.2,447.0,529.1,3.2,244.8,4.0,22.0,14.0,52.0,3.0,1.0,4.0
MH_487_550376,Sakore,Sakore,Nandgaon,Nashik,20.34721,74.68417,207.61,43.13,-15.0,453.9,31.8,415.7,492.1,3.2,256.7,4.0,22.0,14.0,52.0,3.0,1.0,4.0
MH_487_550374,Muldongari,Muldongari,Nandgaon,Nashik,20.36595,74.73768,213.33,47.66,-15.0,447.5,31.3,409.9,485.0,3.2,259.0,4.0,22.0,14.0,52.0,3.0,1.0,4.0
MH_487_550237,Nandgaon Kh,Nandgaon Kh,Malegaon,Nashik,20.4923,74.41114,181.33,55.52,-13.8,486.7,34.1,445.7,527.6,3.2,245.3,4.0,22.0,14.0,52.0,3.0,1.0,4.0
MH_487_550240,Kaulane,Kaulane,Malegaon,Nashik,20.4952,74.49562,190.06,55.07,-15.0,476.5,33.4,436.4,516.6,3.2,248.8,4.0,22.0,14.0,52.0,3.0,1.0,4.0
MH_487_550236,Vake,Vake,Malegaon,Nashik,20.49236,74.43011,183.28,55.23,-14.2,484.4,33.9,443.7,525.1,3.2,246.1,4.0,22.0,14.0,52.0,3.0,1.0,4.0
MH_487_550247,Takali,Takali,Malegaon,Nashik,20.46368,74.43007,182.76,52.07,-14.2,484.4,33.9,443.7,525.1,3.2,246.1,4.0,22.0,14.0,52.0,3.0,1.0,4.0
MH_487_550248,Shirsondi,Shirsondi,Malegaon,Nashik,20.42833,74.41773,180.91,48.4,-13.9,485.9,34.0,445.1,526.7,3.2,245.5,4.0,22.0,14.0,52.0,3.0,1.0,4.0
MH_487_550249,Manjare,Manjare,Malegaon,Nashik,20.42917,74.44096,183.32,48.12,-14.4,483.1,33.8,442.5,523.6,3.2,246.5,4.0,22.0,14.0,52.0,3.0,1.0,4.0
MH_487_550255,Zadi,Zadi,Malegaon,Nashik,20.38309,74.40337,178.81,43.77,-13.6,487.6,34.1,446.7,528.5,3.2,244.9,4.0,22.0,14.0,52.0,3.0,1.0,4.0
MH_487_550254,Savkarwadi,Savkarwadi,Malegaon,Nashik,20.40143,74.44839,183.71,44.96,-14.6,482.2,33.8,441.6,522.8,3.2,246.8,4.0,22.0,14.0,52.0,3.0,1.0,4.0
MH_487_550250,Ghodegaon,Ghodegaon,Malegaon,Nashik,20.42429,74.50933,190.32,47.19,-15.0,474.9,33.2,435.0,514.7,3.2,249.4,4.0,22.0,14.0,52.0,3.0,1.0,4.0
MH_487_550246,Sonaj,Sonaj,Malegaon,Nashik,20.4604,74.46737,186.54,51.31,-15.0,479.9,33.6,439.6,520.2,3.2,247.6,4.0,22.0,14.0,52.0,3.0,1.0,4.0
MH_487_550244,Varhane,Varhane,Malegaon,Nashik,20.46157,74.50281,190.21,51.33,-15.0,475.7,33.3,435.7,515.6,3.2,249.1,4.0,22.0,14.0,52.0,3.0,1.0,4.0
MH_487_549955,Umarane,Umarane,Deola,Nashik,20.4237,74.34205,173.03,45.24,-12.2,495.0,34.6,453.4,536.5,3.2,242.4,4.0,22.0,14.0,52.0,3.0,1.0,4.0
MH_487_549951,Dongargaon,Dongargaon,Deola,Nashik,20.46897,74.33775,173.36,49.35,-12.1,495.5,34.7,453.8,537.1,3.2,242.2,4.0,22.0,14.0,52.0,3.0,1.0,4.0
MH_487_549954,Mahatma Fule Nagar,Mahatma Fule Nagar,Deola,Nashik,20.445,74.33024,172.16,46.64,-11.9,496.4,34.7,454.7,538.0,3.2,241.9,4.0,22.0,14.0,52.0,3.0,1.0,4.0
MH_487_549959,Chinchave,Chinchave,Deola,Nashik,20.37978,74.314,169.51,39.55,-11.6,498.3,34.9,456.4,540.2,3.2,241.2,4.0,22.0,14.0,52.0,3.0,1.0,4.0
MH_487_549958,Sangavi,Sangavi,Deola,Nashik,20.39012,74.34945,173.32,42.58,-12.4,494.1,34.6,452.5,535.6,3.2,242.7,4.0,22.0,14.0,52.0,3.0,1.0,4.0
MH_487_549956,Tisgaon,Tisgaon,Deola,Nashik,20.41464,74.37697,176.5,46.48,-13.0,490.8,34.4,449.5,532.0,3.2,243.8,4.0,22.0,14.0,52.0,3.0,1.0,4.0
MH_487_550245,Varhanepada,Varhanepada,Malegaon,Nashik,20.45993,74.50519,190.43,51.15,-15.0,475.4,33.3,435.4,515.3,3.2,249.2,4.0,22.0,14.0,52.0,3.0,1.0,4.0
MH_487_550251,Ghodegaonchoki,Ghodegaonchoki,Malegaon,Nashik,20.43973,74.51633,191.26,48.93,-15.0,474.0,33.2,434.2,513.9,3.2,249.7,4.0,22.0,14.0,52.0,3.0,1.0,4.0
MH_487_550253,Kalewadi,Kalewadi,Malegaon,Nashik,20.41884,74.49211,188.46,46.58,-15.0,476.9,33.4,436.9,517.0,3.2,248.7,4.0,22.0,14.0,52.0,3.0,1.0,4.0
MH_487_550155,Lakhamapur,Lakhamapur,Baglan,Nashik,20.5547,74.34543,175.99,58.21,-12.3,494.5,34.6,453.0,536.1,3.2,242.5,12.0,14.0,10.0,58.0,4.0,2.0,0.0
MH_487_550154,Dhandri,Dhandri,Baglan,Nashik,20.53905,74.32304,173.34,55.67,-11.8,497.2,34.8,455.5,539.0,3.2,241.6,12.0,14.0,10.0,58.0,4.0,2.0,0.0
MH_487_550153,Yashawantnagar,Yashawantnagar,Baglan,Nashik,20.56773,74.32047,173.78,58.51,-11.7,497.5,34.8,455.8,539.3,3.2,241.5,12.0,14.0,10.0,58.0,4.0,2.0,0.0
MH_487_550226,Pandharun,Pandharun,Malegaon,Nashik,20.57216,74.35002,176.89,60.18,-12.4,494.0,34.6,452.5,535.5,3.2,242.7,4.0,22.0,14.0,52.0,3.0,1.0,4.0
MH_487_550234,Aghar Kh,Aghar Kh,Malegaon,Nashik,20.51479,74.41639,182.32,57.9,-13.9,486.0,34.0,445.2,526.8,3.2,245.5,4.0,22.0,14.0,52.0,3.0,1.0,4.0
MH_487_550225,Talwade,Talwade,Malegaon,Nashik,20.5976,74.35466,178.03,62.95,-12.5,493.4,34.5,452.0,534.8,3.2,242.9,4.0,22.0,14.0,52.0,3.0,1.0,4.0
MH_487_550224,Belgaon,Belgaon,Malegaon,Nashik,20.57518,74.39804,181.83,62.72,-13.5,488.2,34.2,447.2,529.3,3.2,244.7,4.0,22.0,14.0,52.0,3.0,1.0,4.0
MH_487_550235,Patane,Patane,Malegaon,Nashik,20.52437,74.46308,187.3,58.43,-14.9,480.4,33.6,440.1,520.7,3.2,247.4,4.0,22.0,14.0,52.0,3.0,1.0,4.0
MH_487_550231,Tehare,Tehare,Malegaon,Nashik,20.52304,74.49047,190.07,58.17,-15.0,477.1,33.4,437.1,517.2,3.2,248.6,4.0,22.0,14.0,52.0,3.0,1.0,4.0
MH_487_550232,Mungase,Mungase,Malegaon,Nashik,20.49723,74.46266,186.71,55.43,-14.9,480.5,33.6,440.2,520.8,3.2,247.4,4.0,22.0,14.0,52.0,3.0,1.0,4.0
MH_487_550227,Dhavali Vihir,Dhavali Vihir,Malegaon,Nashik,20.55688,74.3867,180.24,60.37,-13.2,489.6,34.3,448.4,530.8,3.2,244.2,4.0,22.0,14.0,52.0,3.0,1.0,4.0
MH_487_550229,Aghar Bk,Aghar Bk,Malegaon,Nashik,20.54267,74.40955,182.23,60.19,-13.7,486.9,34.1,445.9,527.8,3.2,245.2,4.0,22.0,14.0,52.0,3.0,1.0,4.0
MH_487_550223,Jalgaon,Jalgaon,Malegaon,Nashik,20.58711,74.41027,183.38,64.5,-13.7,486.8,34.1,445.8,527.7,3.2,245.2,4.0,22.0,14.0,52.0,3.0,1.0,4.0
MH_487_550222,Pimpalgaon,Pimpalgaon,Malegaon,Nashik,20.58753,74.43813,186.21,65.65,-14.4,483.4,33.8,442.9,524.0,3.2,246.4,4.0,22.0,14.0,52.0,3.0,1.0,4.0
MH_487_550233,Chinchavad,Chinchavad,Malegaon,Nashik,20.50836,74.37288,177.74,54.96,-12.9,491.3,34.4,450.0,532.5,3.2,243.7,4.0,22.0,14.0,52.0,3.0,1.0,4.0
MH_487_550241,Nagaon,Nagaon,Malegaon,Nashik,20.49318,74.52041,192.57,54.88,-15.0,473.6,33.1,433.8,513.3,3.2,249.9,4.0,22.0,14.0,52.0,3.0,1.0,4.0
MH_487_550258,Chandanpuri,Chandanpuri,Malegaon,Nashik,20.51763,74.51708,192.69,57.58,-15.0,474.0,33.2,434.1,513.8,3.2,249.7,4.0,22.0,14.0,52.0,3.0,1.0,4.0
MH_487_550230,Dabhadi,Dabhadi,Malegaon,Nashik,20.56034,74.46194,187.97,62.43,-14.9,480.6,33.6,440.2,520.9,3.2,247.4,4.0,22.0,14.0,52.0,3.0,1.0,4.0
MH_487_550221,Nilgavhan,Nilgavhan,Malegaon,Nashik,20.59254,74.49067,191.66,65.89,-15.0,477.1,33.4,437.0,517.2,3.2,248.6,4.0,22.0,14.0,52.0,3.0,1.0,4.0
MH_487_550220,Kashti,Kashti,Malegaon,Nashik,20.60712,74.47624,190.57,67.55,-15.0,478.9,33.5,438.7,519.1,3.2,248.0,4.0,22.0,14.0,52.0,3.0,1.0,4.0
MH_487_549949,Mahalpatane,Mahalpatane,Deola,Nashik,20.50408,74.31334,171.56,51.7,-11.6,498.4,34.9,456.5,540.3,3.2,241.2,4.0,22.0,14.0,52.0,3.0,1.0,4.0
MH_487_550228,Ganeshnagar,Ganeshnagar,Malegaon,Nashik,20.55705,74.4003,181.62,61.07,-13.5,488.0,34.2,446.9,529.0,3.2,244.8,4.0,22.0,14.0,52.0,3.0,1.0,4.0
MH_487_550367,Vehelgaon,Vehelgaon,Nandgaon,Nashik,20.44014,74.74879,215.3,55.4,-15.0,446.1,31.2,408.7,483.6,3.2,259.4,4.0,22.0,14.0,52.0,3.0,1.0,4.0
MH_487_550243,Mehune,Mehune,Malegaon,Nashik,20.45477,74.52967,192.87,50.66,-15.0,472.4,33.1,432.7,512.2,3.2,250.2,4.0,22.0,14.0,52.0,3.0,1.0,4.0
MH_487_550277,Nimbait,Nimbait,Malegaon,Nashik,20.3937,74.55086,194.22,44.1,-15.0,469.9,32.9,430.4,509.4,3.2,251.1,4.0,22.0,14.0,52.0,3.0,1.0,4.0
MH_487_550276,Jatpade,Jatpade,Malegaon,Nashik,20.40831,74.57689,197.1,46.11,-15.0,466.8,32.7,427.5,506.0,3.2,252.2,4.0,22.0,14.0,52.0,3.0,1.0,4.0
MH_487_550278,Jeur,Jeur,Malegaon,Nashik,20.40353,74.61006,200.48,46.32,-15.0,462.8,32.4,423.9,501.7,3.2,253.6,4.0,22.0,14.0,52.0,3.0,1.0,4.0
MH_487_550274,Patharde,Patharde,Malegaon,Nashik,20.42755,74.61757,201.56,49.1,-15.0,461.9,32.3,423.1,500.7,3.2,253.9,4.0,22.0,14.0,52.0,3.0,1.0,4.0
MH_487_550279,Sakuri,Sakuri,Malegaon,Nashik,20.41145,74.64522,204.21,48.2,-15.0,458.6,32.1,420.1,497.1,3.2,255.1,4.0,22.0,14.0,52.0,3.0,1.0,4.0
MH_487_550275,Chaukatpada,Chaukatpada,Malegaon,Nashik,20.42887,74.59208,198.94,48.65,-15.0,465.0,32.5,426.0,504.0,3.2,252.9,4.0,22.0,14.0,52.0,3.0,1.0,4.0
MH_487_550273,Dubagule,Dubagule,Malegaon,Nashik,20.44404,74.60675,200.67,50.62,-15.0,463.2,32.4,424.3,502.1,3.2,253.5,4.0,22.0,14.0,52.0,3.0,1.0,4.0
MH_487_550271,Nimgulekupa,Nimgulekupa,Malegaon,Nashik,20.45632,74.62986,203.23,52.52,-15.0,460.4,32.2,421.8,499.1,3.2,254.5,4.0,22.0,14.0,52.0,3.0,1.0,4.0
MH_487_550268,Nimgaon,Nimgaon,Malegaon,Nashik,20.44581,74.5612,195.99,49.98,-15.0,468.7,32.8,429.3,508.0,3.2,251.6,4.0,22.0,14.0,52.0,3.0,1.0,4.0
MH_487_550242,Jwardi Bk,Jwardi Bk,Malegaon,Nashik,20.48827,74.54293,194.8,54.48,-15.0,470.8,33.0,431.2,510.4,3.2,250.8,4.0,22.0,14.0,52.0,3.0,1.0,4.0
MH_487_550266,Jwardi Kh,Jwardi Kh,Malegaon,Nashik,20.47999,74.56291,196.71,53.77,-15.0,468.5,32.8,429.1,507.8,3.2,251.6,4.0,22.0,14.0,52.0,3.0,1.0,4.0
MH_487_550267,Nimgaon Kh,Nimgaon Kh,Malegaon,Nashik,20.47066,74.58065,198.38,53.01,-15.0,466.3,32.6,427.2,505.4,3.2,252.4,4.0,22.0,14.0,52.0,3.0,1.0,4.0
MH_487_550269,Gilane,Gilane,Malegaon,Nashik,20.45817,74.60342,200.53,52.08,-15.0,463.6,32.5,424.6,502.6,3.2,253.3,4.0,22.0,14.0,52.0,3.0,1.0,4.0
MH_487_550270,Malagaon,Malagaon,Malegaon,Nashik,20.45716,74.65858,206.21,53.46,-15.0,457.0,32.0,418.6,495.4,3.2,255.7,4.0,22.0,14.0,52.0,3.0,1.0,4.0
MH_487_550264,Khayade,Khayade,Malegaon,Nashik,20.47774,74.62352,202.91,54.66,-15.0,461.2,32.3,422.4,499.9,3.2,254.2,4.0,22.0,14.0,52.0,3.0,1.0,4.0
MH_487_550265,Mathurpada,Mathurpada,Malegaon,Nashik,20.48268,74.59604,200.16,54.6,-15.0,464.5,32.5,425.5,503.5,3.2,253.0,4.0,22.0,14.0,52.0,3.0,1.0,4.0
MH_487_550261,Bhuigavhan,Bhuigavhan,Malegaon,Nashik,20.50231,74.60494,201.42,56.92,-15.0,463.4,32.4,424.5,502.3,3.2,253.4,4.0,22.0,14.0,52.0,3.0,1.0,4.0
MH_487_550262,Ajande,Ajande,Malegaon,Nashik,20.50367,74.62148,203.15,57.42,-15.0,461.4,32.3,422.7,500.2,3.2,254.1,4.0,22.0,14.0,52.0,3.0,1.0,4.0
MH_487_550263,Ajande Kh,Ajande Kh,Malegaon,Nashik,20.50027,74.63883,204.87,57.48,-15.0,459.3,32.2,420.7,498.0,3.2,254.8,4.0,22.0,14.0,52.0,3.0,1.0,4.0
MH_487_550260,Yesgaon Kh,Yesgaon Kh,Malegaon,Nashik,20.49296,74.5866,199.37,55.55,-15.0,465.6,32.6,426.5,504.7,3.2,252.6,4.0,22.0,14.0,52.0,3.0,1.0,4.0
MH_487_550259,Yesgaon Bk,Yesgaon Bk,Malegaon,Nashik,20.50084,74.56692,197.49,56.13,-15.0,468.0,32.8,428.6,507.3,3.2,251.8,4.0,22.0,14.0,52.0,3.0,1.0,4.0
MH_487_550216,Savandgaon,Savandgaon,Malegaon,Nashik,20.52708,74.58311,199.65,59.25,-15.0,466.0,32.6,426.9,505.1,3.2,252.5,4.0,22.0,14.0,52.0,3.0,1.0,4.0
MH_487_251438,Malegaon,Malegaon,Central,Nashik,20.55141,74.53969,195.7,61.45,-15.0,471.2,33.0,431.6,510.8,3.2,250.7,12.0,14.0,10.0,58.0,4.0,2.0,0.0
MH_487_550193,Vadgaon,Vadgaon,Malegaon,Nashik,20.59129,74.53016,195.64,65.82,-15.0,472.4,33.1,432.7,512.1,3.2,250.3,4.0,22.0,14.0,52.0,3.0,1.0,4.0
MH_487_550194,Dasane,Dasane,Malegaon,Nashik,20.60264,74.56239,199.19,67.33,-15.0,468.5,32.8,429.2,507.9,3.2,251.6,4.0,22.0,14.0,52.0,3.0,1.0,4.0
MH_487_550195,Lonwade,Lonwade,Malegaon,Nashik,20.59117,74.57956,200.66,66.26,-15.0,466.5,32.7,427.2,505.7,3.2,252.3,4.0,22.0,14.0,52.0,3.0,1.0,4.0
MH_487_550215,Sayane Bk,Sayane Bk,Malegaon,Nashik,20.5624,74.58926,201.0,63.23,-15.0,465.3,32.6,426.2,504.4,3.2,252.7,4.0,22.0,14.0,52.0,3.0,1.0,4.0
MH_487_550280,Malhanagaon,Malhanagaon,Malegaon,Nashik,20.54795,74.60954,202.77,61.99,-15.0,462.9,32.4,424.0,501.7,3.2,253.6,4.0,22.0,14.0,52.0,3.0,1.0,4.0
MH_487_550294,Khalane,Khalane,Malegaon,Nashik,20.53414,74.62516,204.09,60.81,-15.0,461.0,32.3,422.2,499.7,3.2,254.3,4.0,22.0,14.0,52.0,3.0,1.0,4.0
MH_487_550293,Sitane,Sitane,Malegaon,Nashik,20.52751,74.65126,206.64,60.74,-15.0,457.8,32.0,419.4,496.2,3.2,255.4,4.0,22.0,14.0,52.0,3.0,1.0,4.0
MH_487_550281,Gigaon,Gigaon,Malegaon,Nashik,20.56033,74.63409,205.54,63.86,-15.0,459.9,32.2,421.3,498.5,3.2,254.6,4.0,22.0,14.0,52.0,3.0,1.0,4.0
MH_487_550292,Bodhe,Bodhe,Malegaon,Nashik,20.55088,74.65912,207.91,63.46,-15.0,456.9,32.0,418.5,495.3,3.2,255.7,4.0,22.0,14.0,52.0,3.0,1.0,4.0
MH_487_550210,Sayane Kh,Sayane Kh,Malegaon,Nashik,20.60739,74.60525,203.66,68.43,-15.0,463.4,32.4,424.5,502.2,3.2,253.4,4.0,22.0,14.0,52.0,3.0,1.0,4.0
MH_487_550211,Chikhalohal,Chikhalohal,Malegaon,Nashik,20.59645,74.63046,205.97,67.7,-15.0,460.3,32.2,421.7,499.0,3.2,254.5,4.0,22.0,14.0,52.0,3.0,1.0,4.0
MH_487_550212,Nale,Nale,Malegaon,Nashik,20.59572,74.65362,208.31,68.15,-15.0,457.6,32.0,419.2,496.0,3.2,255.5,4.0,22.0,14.0,52.0,3.0,1.0,4.0
MH_487_277413,Shendurni,Shendurni,Central,Nashik,20.577,74.65442,207.97,66.15,-15.0,457.5,32.0,419.1,495.9,3.2,255.5,12.0,14.0,10.0,58.0,4.0,2.0,0.0
MH_487_550213,Sajvahal,Sajvahal,Malegaon,Nashik,20.60395,74.68273,211.46,69.81,-15.0,454.1,31.8,415.9,492.2,3.2,256.7,4.0,22.0,14.0,52.0,3.0,1.0,4.0
MH_487_550282,Roze,Roze,Malegaon,Nashik,20.57419,74.68709,211.25,66.76,-15.0,453.5,31.7,415.5,491.6,3.2,256.9,4.0,22.0,14.0,52.0,3.0,1.0,4.0
MH_487_550291,Dahiwal,Dahiwal,Malegaon,Nashik,20.54681,74.68547,210.52,63.81,-15.0,453.7,31.8,415.6,491.9,3.2,256.8,4.0,22.0,14.0,52.0,3.0,1.0,4.0
MH_487_550295,Ronzane,Ronzane,Malegaon,Nashik,20.51441,74.68639,210.01,60.41,-15.0,453.6,31.8,415.5,491.8,3.2,256.8,4.0,22.0,14.0,52.0,3.0,1.0,4.0
MH_487_550298,Umbardhe,Umbardhe,Malegaon,Nashik,20.4982,74.71442,212.61,59.74,-15.0,450.3,31.5,412.5,488.1,3.2,258.0,4.0,22.0,14.0,52.0,3.0,1.0,4.0
MH_487_550296,Chinchagavhan,Chinchagavhan,Malegaon,Nashik,20.53053,74.72191,213.95,63.37,-15.0,449.4,31.5,411.6,487.2,3.2,258.3,4.0,22.0,14.0,52.0,3.0,1.0,4.0
MH_487_550290,Kalwadi,Kalwadi,Malegaon,Nashik,20.55027,74.74558,216.75,66.33,-15.0,446.5,31.3,409.0,484.1,3.2,259.3,4.0,22.0,14.0,52.0,3.0,1.0,4.0
MH_487_550284,Satarpada,Satarpada,Malegaon,Nashik,20.58437,74.72314,215.15,69.02,-15.0,449.2,31.4,411.5,486.9,3.2,258.4,4.0,22.0,14.0,52.0,3.0,1.0,4.0
MH_487_550368,Jamdari,Jamdari,Nandgaon,Nashik,20.40204,74.69761,209.53,49.23,-15.0,452.3,31.7,414.2,490.3,3.2,257.3,4.0,22.0,14.0,52.0,3.0,1.0,4.0
MH_487_550369,Talwade,Talwade,Nandgaon,Nashik,20.39532,74.74817,214.7,51.02,-15.0,446.2,31.2,408.8,483.7,3.2,259.4,4.0,22.0,14.0,52.0,3.0,1.0,4.0
MH_487_550363,Malgaon,Malgaon,Nandgaon,Nashik,20.46188,74.72243,212.87,56.36,-15.0,449.3,31.5,411.5,487.1,3.2,258.3,4.0,22.0,14.0,52.0,3.0,1.0,4.0
MH_487_550362,Kalamdari,Kalamdari,Nandgaon,Nashik,20.44501,74.69419,209.72,53.47,-15.0,452.7,31.7,414.7,490.7,3.2,257.2,4.0,22.0,14.0,52.0,3.0,1.0,4.0
MH_487_550272,Nimgule,Nimgule,Malegaon,Nashik,20.44396,74.62388,202.43,51.03,-15.0,461.1,32.3,422.4,499.9,3.2,254.2,4.0,22.0,14.0,52.0,3.0,1.0,4.0
MH_487_550134,Chaugaon,Chaugaon,Baglan,Nashik,20.62146,74.23369,166.56,61.57,-9.8,508.0,35.6,465.2,550.7,3.2,237.8,12.0,14.0,10.0,58.0,4.0,2.0,0.0
MH_487_549787,Supale Digar,Supale Digar,Kalwan,Nashik,20.63807,73.909,135.08,65.5,-2.5,546.9,38.3,501.0,592.9,3.2,224.2,12.0,14.0,10.0,58.0,4.0,2.0,0.0
MH_487_549784,Punad Nagar,Punad Nagar,Kalwan,Nashik,20.67497,73.90651,136.36,69.47,-2.4,547.2,38.3,501.3,593.2,3.2,224.1,12.0,14.0,10.0,58.0,4.0,2.0,0.0
MH_487_549786,Umbardhe,Umbardhe,Kalwan,Nashik,20.62876,73.85846,129.8,66.42,-1.3,553.0,38.7,506.5,599.4,3.2,222.1,12.0,14.0,10.0,58.0,4.0,2.0,0.0
MH_487_549830,Sidharthanagar,Sidharthanagar,Kalwan,Nashik,20.61981,73.94297,137.69,62.5,-3.2,542.8,38.0,497.2,588.4,3.2,225.6,12.0,14.0,10.0,58.0,4.0,2.0,0.0
MH_487_549785,Kharde Digar,Kharde Digar,Kalwan,Nashik,20.66416,73.86015,131.44,69.98,-1.4,552.8,38.7,506.3,599.2,3.2,222.1,12.0,14.0,10.0,58.0,4.0,2.0,0.0
MH_487_549829,Malagaon Bk,Malagaon Bk,Kalwan,Nashik,20.64369,73.93783,138.1,65.2,-3.1,543.5,38.0,497.9,589.1,3.2,225.4,12.0,14.0,10.0,58.0,4.0,2.0,0.0
MH_487_550125,Nikwel,Nikwel,Baglan,Nashik,20.62843,74.09016,152.5,61.02,-6.5,525.2,36.8,481.0,569.3,3.2,231.8,12.0,14.0,10.0,58.0,4.0,2.0,0.0
MH_487_549831,Bhutane,Bhutane,Kalwan,Nashik,20.61594,73.91656,134.96,62.91,-2.6,546.0,38.2,500.2,591.9,3.2,224.5,12.0,14.0,10.0,58.0,4.0,2.0,0.0
MH_487_549789,Pratap Nagar,Pratap Nagar,Kalwan,Nashik,20.61462,73.88243,131.57,64.01,-1.9,550.1,38.5,503.9,596.3,3.2,223.1,12.0,14.0,10.0,58.0,4.0,2.0,0.0
MH_487_549788,Kathare Digar,Kathare Digar,Kalwan,Nashik,20.61983,73.90471,133.95,63.73,-2.4,547.4,38.3,501.5,593.4,3.2,224.0,12.0,14.0,10.0,58.0,4.0,2.0,0.0
MH_487_550021,Manur,Manur,Baglan,Nashik,20.70062,73.88683,135.6,72.82,-2.0,549.6,38.5,503.4,595.8,3.2,223.2,12.0,14.0,10.0,58.0,4.0,2.0,0.0
MH_487_550098,Vathode,Vathode,Baglan,Nashik,20.6731,73.94056,139.56,68.27,-3.2,543.1,38.0,497.5,588.7,3.2,225.5,12.0,14.0,10.0,58.0,4.0,2.0,0.0
MH_487_550020,Salher,Salher,Baglan,Nashik,20.7034,73.94124,140.91,71.52,-3.2,543.1,38.0,497.5,588.7,3.2,225.5,12.0,14.0,10.0,58.0,4.0,2.0,0.0
MH_487_550099,Gandhinagar,Gandhinagar,Baglan,Nashik,20.67481,73.92455,138.08,68.91,-2.8,545.1,38.2,499.2,590.9,3.2,224.8,12.0,14.0,10.0,58.0,4.0,2.0,0.0
MH_487_550100,Kerovanagar,Kerovanagar,Baglan,Nashik,20.66044,73.93722,138.71,67.01,-3.1,543.5,38.0,497.9,589.1,3.2,225.4,12.0,14.0,10.0,58.0,4.0,2.0,0.0
MH_487_550115,Kikwari Kh,Kikwari Kh,Baglan,Nashik,20.67478,74.06836,152.04,66.28,-6.0,527.8,36.9,483.5,572.1,3.2,230.9,12.0,14.0,10.0,58.0,4.0,2.0,0.0
MH_487_549836,Malagaon Kh,Malagaon Kh,Kalwan,Nashik,20.62319,73.97526,140.98,62.01,-3.9,539.0,37.7,493.7,584.2,3.2,227.0,12.0,14.0,10.0,58.0,4.0,2.0,0.0
MH_487_550124,Dahindule,Dahindule,Baglan,Nashik,20.61991,74.06652,149.87,60.21,-6.0,528.0,37.0,483.6,572.4,3.2,230.8,12.0,14.0,10.0,58.0,4.0,2.0,0.0
MH_487_550123,Dangsaundane,Dangsaundane,Baglan,Nashik,20.63421,74.04473,148.22,62.0,-5.5,530.6,37.1,486.1,575.2,3.2,229.9,12.0,14.0,10.0,58.0,4.0,2.0,0.0
MH_487_550122,Bundhate,Bundhate,Baglan,Nashik,20.61865,74.02942,146.16,60.48,-5.2,532.5,37.3,487.7,577.2,3.2,229.2,12.0,14.0,10.0,58.0,4.0,2.0,0.0
MH_487_550119,Deopur,Deopur,Baglan,Nashik,20.64475,74.07242,151.32,62.92,-6.1,527.3,36.9,483.0,571.6,3.2,231.0,12.0,14.0,10.0,58.0,4.0,2.0,0.0
MH_487_550120,Kapaleshwar,Kapaleshwar,Baglan,Nashik,20.65279,74.06937,151.31,63.83,-6.1,527.7,36.9,483.4,572.0,3.2,230.9,12.0,14.0,10.0,58.0,4.0,2.0,0.0
MH_487_550112,Sakode,Sakode,Baglan,Nashik,20.64637,74.01709,145.95,63.72,-4.9,533.9,37.4,489.1,578.8,3.2,228.7,12.0,14.0,10.0,58.0,4.0,2.0,0.0
MH_487_550114,Bhildar,Bhildar,Baglan,Nashik,20.66088,74.043,149.03,64.97,-5.5,530.8,37.2,486.2,575.5,3.2,229.8,12.0,14.0,10.0,58.0,4.0,2.0,0.0
MH_487_550113,Morkure,Morkure,Baglan,Nashik,20.67212,74.03999,149.17,66.24,-5.4,531.2,37.2,486.6,575.8,3.2,229.7,12.0,14.0,10.0,58.0,4.0,2.0,0.0
MH_487_550121,Karanjkhed,Karanjkhed,Baglan,Nashik,20.62597,74.00461,143.97,61.69,-4.6,535.4,37.5,490.4,580.4,3.2,228.2,12.0,14.0,10.0,58.0,4.0,2.0,0.0
MH_487_550111,Bhavnagar,Bhavnagar,Baglan,Nashik,20.64357,74.00066,144.23,63.69,-4.5,535.9,37.5,490.9,580.9,3.2,228.0,12.0,14.0,10.0,58.0,4.0,2.0,0.0
MH_487_550110,Tatani,Tatani,Baglan,Nashik,20.6488,73.97642,142.06,64.76,-4.0,538.8,37.7,493.6,584.1,3.2,227.0,12.0,14.0,10.0,58.0,4.0,2.0,0.0
MH_487_550109,Kelzar,Kelzar,Baglan,Nashik,20.66109,73.97112,142.03,66.22,-3.9,539.5,37.8,494.1,584.8,3.2,226.8,12.0,14.0,10.0,58.0,4.0,2.0,0.0
MH_487_550108,Sarpargaon,Sarpargaon,Baglan,Nashik,20.66523,74.0135,146.31,65.85,-4.8,534.4,37.4,489.5,579.3,3.2,228.6,12.0,14.0,10.0,58.0,4.0,2.0,0.0
MH_487_550101,Salwan,Salwan,Baglan,Nashik,20.68975,73.96905,143.0,69.37,-3.8,539.7,37.8,494.4,585.1,3.2,226.7,12.0,14.0,10.0,58.0,4.0,2.0,0.0
MH_487_550107,Pathave Digar,Pathave Digar,Baglan,Nashik,20.67938,74.01076,146.61,67.45,-4.7,534.7,37.4,489.8,579.6,3.2,228.5,12.0,14.0,10.0,58.0,4.0,2.0,0.0
MH_487_550001,Mulher,Mulher,Baglan,Nashik,20.76918,74.06579,155.71,60.65,-6.0,528.1,37.0,483.7,572.5,3.2,230.8,12.0,14.0,10.0,58.0,4.0,2.0,0.0
MH_487_550103,Pisore,Pisore,Baglan,Nashik,20.70267,73.98713,145.28,70.0,-4.2,537.5,37.6,492.4,582.7,3.2,227.5,12.0,14.0,10.0,58.0,4.0,2.0,0.0
MH_487_550105,Malgaon Kh,Malgaon Kh,Baglan,Nashik,20.70242,74.0109,147.56,69.29,-4.7,534.7,37.4,489.8,579.6,3.2,228.5,12.0,14.0,10.0,58.0,4.0,2.0,0.0
MH_487_550106,Talwade Digar,Talwade Digar,Baglan,Nashik,20.69348,74.04879,150.86,68.51,-5.6,530.1,37.1,485.6,574.7,3.2,230.0,12.0,14.0,10.0,58.0,4.0,2.0,0.0
MH_487_550104,Bhawade,Bhawade,Baglan,Nashik,20.72262,74.01318,148.64,67.07,-4.8,534.4,37.4,489.5,579.3,3.2,228.6,12.0,14.0,10.0,58.0,4.0,2.0,0.0
MH_487_550085,Dasane,Dasane,Baglan,Nashik,20.71469,74.06907,153.69,66.49,-6.1,527.7,36.9,483.4,572.0,3.2,230.9,12.0,14.0,10.0,58.0,4.0,2.0,0.0
MH_487_550102,Kopmal,Kopmal,Baglan,Nashik,20.68918,73.96444,142.53,69.42,-3.7,540.3,37.8,494.9,585.6,3.2,226.5,12.0,14.0,10.0,58.0,4.0,2.0,0.0
MH_487_550018,Waghambe,Waghambe,Baglan,Nashik,20.73177,73.94829,142.85,68.37,-3.3,542.2,38.0,496.6,587.8,3.2,225.8,12.0,14.0,10.0,58.0,4.0,2.0,0.0
MH_487_550016,Babhulane,Babhulane,Baglan,Nashik,20.76434,73.96009,145.49,64.56,-3.6,540.8,37.9,495.3,586.3,3.2,226.3,12.0,14.0,10.0,58.0,4.0,2.0,0.0
MH_487_550019,Bhimkhet,Bhimkhet,Baglan,Nashik,20.73994,73.983,146.52,66.22,-4.1,538.0,37.7,492.8,583.3,3.2,227.3,12.0,14.0,10.0,58.0,4.0,2.0,0.0
MH_487_550015,Kadyachamala,Kadyachamala,Baglan,Nashik,20.74137,74.00945,149.1,65.19,-4.7,534.9,37.4,490.0,579.7,3.2,228.4,12.0,14.0,10.0,58.0,4.0,2.0,0.0
MH_487_550010,Gautamnagar,Gautamnagar,Baglan,Nashik,20.7893,73.95808,146.51,62.09,-3.6,541.0,37.9,495.6,586.5,3.2,226.2,12.0,14.0,10.0,58.0,4.0,2.0,0.0
MH_487_550017,Parshuramnagar,Parshuramnagar,Baglan,Nashik,20.75372,73.95878,144.86,65.7,-3.6,540.9,37.9,495.5,586.4,3.2,226.3,12.0,14.0,10.0,58.0,4.0,2.0,0.0
MH_487_550078,Narkol,Narkol,Baglan,Nashik,20.73734,74.0426,152.09,64.66,-5.5,530.9,37.2,486.2,575.5,3.2,229.8,12.0,14.0,10.0,58.0,4.0,2.0,0.0
MH_487_550011,Aliyabad,Aliyabad,Baglan,Nashik,20.77291,73.99876,149.53,62.22,-4.5,536.1,37.5,491.1,581.1,3.2,227.9,12.0,14.0,10.0,58.0,4.0,2.0,0.0
MH_487_550013,Ajande,Ajande,Baglan,Nashik,20.77063,74.01845,151.28,61.81,-4.9,533.8,37.4,488.9,578.7,3.2,228.8,12.0,14.0,10.0,58.0,4.0,2.0,0.0
MH_487_550003,Dagadpada,Dagadpada,Baglan,Nashik,20.7627,74.0415,153.11,61.97,-5.4,531.0,37.2,486.4,575.7,3.2,229.7,12.0,14.0,10.0,58.0,4.0,2.0,0.0
MH_487_549986,Golwad,Golwad,Baglan,Nashik,20.82167,73.97427,149.63,58.12,-3.9,539.1,37.7,493.8,584.3,3.2,226.9,12.0,14.0,10.0,58.0,4.0,2.0,0.0
MH_487_550014,Bordaiwat,Bordaiwat,Baglan,Nashik,20.75013,74.01444,149.97,64.1,-4.8,534.3,37.4,489.4,579.1,3.2,228.6,12.0,14.0,10.0,58.0,4.0,2.0,0.0
MH_487_550002,Jamoti,Jamoti,Baglan,Nashik,20.77795,74.04691,154.31,60.18,-5.6,530.4,37.1,485.9,574.9,3.2,230.0,12.0,14.0,10.0,58.0,4.0,2.0,0.0
MH_487_550077,Jakhod,Jakhod,Baglan,Nashik,20.74172,74.05984,153.93,63.76,-5.8,528.8,37.0,484.4,573.2,3.2,230.5,12.0,14.0,10.0,58.0,4.0,2.0,0.0
MH_487_549989,Mohalangi,Mohalangi,Baglan,Nashik,20.82112,74.01676,153.54,56.54,-4.9,534.0,37.4,489.1,578.9,3.2,228.7,12.0,14.0,10.0,58.0,4.0,2.0,0.0
MH_487_549990,Borhate,Borhate,Baglan,Nashik,20.83208,74.03186,155.49,54.88,-5.2,532.2,37.3,487.4,576.9,3.2,229.3,12.0,14.0,10.0,58.0,4.0,2.0,0.0
MH_487_550008,Hatnoor,Hatnoor,Baglan,Nashik,20.80024,74.01729,152.57,58.72,-4.9,533.9,37.4,489.0,578.8,3.2,228.7,12.0,14.0,10.0,58.0,4.0,2.0,0.0
MH_487_550012,Kharad,Kharad,Baglan,Nashik,20.7854,74.01667,151.81,60.3,-4.9,534.0,37.4,489.1,578.9,3.2,228.7,12.0,14.0,10.0,58.0,4.0,2.0,0.0
MH_487_549994,Kondharabad,Kondharabad,Baglan,Nashik,20.78938,74.07281,157.29,58.29,-6.1,527.3,36.9,483.0,571.5,3.2,231.1,12.0,14.0,10.0,58.0,4.0,2.0,0.0
MH_487_550006,Ambapur,Ambapur,Baglan,Nashik,20.79965,74.02984,153.72,58.37,-5.2,532.4,37.3,487.7,577.2,3.2,229.3,12.0,14.0,10.0,58.0,4.0,2.0,0.0
MH_487_550007,Jaitapur,Jaitapur,Baglan,Nashik,20.8101,74.03398,154.61,57.13,-5.3,531.9,37.2,487.3,576.6,3.2,229.4,12.0,14.0,10.0,58.0,4.0,2.0,0.0
MH_487_550004,Vade Digar,Vade Digar,Baglan,Nashik,20.78867,74.04658,154.78,59.04,-5.5,530.4,37.1,485.9,574.9,3.2,230.0,12.0,14.0,10.0,58.0,4.0,2.0,0.0
MH_487_550005,Visapur,Visapur,Baglan,Nashik,20.78786,74.02914,153.09,59.64,-5.2,532.5,37.3,487.7,577.3,3.2,229.2,12.0,14.0,10.0,58.0,4.0,2.0,0.0
MH_487_549987,Mahatma Phule Nagar,Mahatma Phule Nagar,Baglan,Nashik,20.80613,74.00191,151.42,58.64,-4.5,535.8,37.5,490.8,580.8,3.2,228.1,12.0,14.0,10.0,58.0,4.0,2.0,0.0
MH_487_549988,Bhimnagar,Bhimnagar,Baglan,Nashik,20.80235,74.00083,151.14,59.07,-4.5,535.9,37.5,490.9,580.9,3.2,228.0,12.0,14.0,10.0,58.0,4.0,2.0,0.0
MH_487_549991,Mailwade,Mailwade,Baglan,Nashik,20.80953,74.05123,156.2,56.68,-5.7,529.9,37.1,485.3,574.4,3.2,230.2,12.0,14.0,10.0,58.0,4.0,2.0,0.0
MH_487_549993,Deothan Digar,Deothan Digar,Baglan,Nashik,20.79987,74.06331,156.88,57.39,-5.9,528.4,37.0,484.0,572.8,3.2,230.7,12.0,14.0,10.0,58.0,4.0,2.0,0.0
MH_487_550009,Jad,Jad,Baglan,Nashik,20.79035,73.99227,149.75,60.63,-4.3,536.9,37.6,491.8,582.0,3.2,227.7,12.0,14.0,10.0,58.0,4.0,2.0,0.0
MH_487_550149,Deolane,Deolane,Baglan,Nashik,20.62715,74.29812,173.18,63.92,-11.2,500.2,35.0,458.2,542.2,3.2,240.5,12.0,14.0,10.0,58.0,4.0,2.0,0.0
MH_487_550126,Kandhane,Kandhane,Baglan,Nashik,20.62662,74.11189,154.59,60.78,-7.0,522.6,36.6,478.7,566.5,3.2,232.7,12.0,14.0,10.0,58.0,4.0,2.0,0.0
MH_487_550092,Chaundhane,Chaundhane,Baglan,Nashik,20.62299,74.13952,157.22,60.46,-7.6,519.3,36.3,475.7,562.8,3.2,233.9,12.0,14.0,10.0,58.0,4.0,2.0,0.0
MH_487_550072,Ratir,Ratir,Baglan,Nashik,20.6652,74.2972,174.28,67.93,-11.2,500.3,35.0,458.3,542.3,3.2,240.5,12.0,14.0,10.0,58.0,4.0,2.0,0.0
MH_487_550137,Munjwad,Munjwad,Baglan,Nashik,20.61068,74.1653,159.39,59.29,-8.2,516.2,36.1,472.8,559.5,3.2,234.9,12.0,14.0,10.0,58.0,4.0,2.0,0.0
MH_487_550096,Aundane,Aundane,Baglan,Nashik,20.61396,74.17963,160.92,59.82,-8.5,514.4,36.0,471.2,557.6,3.2,235.5,12.0,14.0,10.0,58.0,4.0,2.0,0.0
MH_487_550097,Bhakshi,Bhakshi,Baglan,Nashik,20.62057,74.20548,163.71,60.93,-9.1,511.3,35.8,468.4,554.3,3.2,236.6,12.0,14.0,10.0,58.0,4.0,2.0,0.0
MH_487_550094,Kautikpada,Kautikpada,Baglan,Nashik,20.64061,74.18491,162.31,62.82,-8.7,513.8,36.0,470.6,557.0,3.2,235.8,12.0,14.0,10.0,58.0,4.0,2.0,0.0
MH_487_550093,Tarsali,Tarsali,Baglan,Nashik,20.64107,74.16762,160.61,62.68,-8.3,515.9,36.1,472.6,559.2,3.2,235.0,12.0,14.0,10.0,58.0,4.0,2.0,0.0
MH_487_550095,Mulane,Mulane,Baglan,Nashik,20.6558,74.20267,164.58,64.75,-9.1,511.7,35.8,468.7,554.6,3.2,236.5,12.0,14.0,10.0,58.0,4.0,2.0,0.0
MH_487_550089,Vanoli,Vanoli,Baglan,Nashik,20.66126,74.16455,160.99,64.88,-8.2,516.3,36.1,472.9,559.6,3.2,234.9,12.0,14.0,10.0,58.0,4.0,2.0,0.0
MH_487_550088,Avhati,Avhati,Baglan,Nashik,20.69079,74.17113,162.7,67.81,-8.4,515.5,36.1,472.1,558.8,3.2,235.2,12.0,14.0,10.0,58.0,4.0,2.0,0.0
MH_487_550091,Vatar,Vatar,Baglan,Nashik,20.64516,74.12943,156.96,62.88,-7.4,520.5,36.4,476.8,564.1,3.2,233.4,12.0,14.0,10.0,58.0,4.0,2.0,0.0
MH_487_550090,Dongrej,Dongrej,Baglan,Nashik,20.66085,74.13155,157.72,64.63,-7.5,520.2,36.4,476.5,563.9,3.2,233.5,12.0,14.0,10.0,58.0,4.0,2.0,0.0
MH_487_550118,Joran,Joran,Baglan,Nashik,20.64539,74.08944,153.02,62.91,-6.5,525.3,36.8,481.1,569.4,3.2,231.8,12.0,14.0,10.0,58.0,4.0,2.0,0.0
MH_487_550117,Vinchure,Vinchure,Baglan,Nashik,20.65743,74.10682,155.17,64.21,-6.9,523.2,36.6,479.3,567.1,3.2,232.5,12.0,14.0,10.0,58.0,4.0,2.0,0.0
MH_487_550116,Kikwari Bk,Kikwari Bk,Baglan,Nashik,20.67061,74.08521,153.53,65.72,-6.4,525.8,36.8,481.6,569.9,3.2,231.6,12.0,14.0,10.0,58.0,4.0,2.0,0.0
MH_487_550086,Kersane,Kersane,Baglan,Nashik,20.69472,74.10364,156.25,68.04,-6.8,523.6,36.6,479.6,567.5,3.2,232.4,12.0,14.0,10.0,58.0,4.0,2.0,0.0
MH_487_550087,Virgaon,Virgaon,Baglan,Nashik,20.68707,74.13882,159.4,67.57,-7.6,519.3,36.4,475.7,563.0,3.2,233.8,12.0,14.0,10.0,58.0,4.0,2.0,0.0
MH_487_550084,Dholbare,Dholbare,Baglan,Nashik,20.70471,74.14213,160.39,66.47,-7.7,518.9,36.3,475.4,562.5,3.2,234.0,12.0,14.0,10.0,58.0,4.0,2.0,0.0
MH_487_550043,Ladud,Ladud,Baglan,Nashik,20.77131,74.1812,166.85,58.82,-8.6,514.3,36.0,471.1,557.5,3.2,235.6,12.0,14.0,10.0,58.0,4.0,2.0,0.0
MH_487_550079,Mungase,Mungase,Baglan,Nashik,20.73077,74.10335,157.66,64.09,-6.8,523.6,36.7,479.6,567.6,3.2,232.3,12.0,14.0,10.0,58.0,4.0,2.0,0.0
MH_487_550081,Pingalwade,Pingalwade,Baglan,Nashik,20.73047,74.12794,160.02,63.77,-7.4,520.6,36.4,477.0,564.3,3.2,233.4,12.0,14.0,10.0,58.0,4.0,2.0,0.0
MH_487_550082,Karanjad,Karanjad,Baglan,Nashik,20.73561,74.14651,162.03,63.0,-7.8,518.4,36.3,474.9,562.0,3.2,234.2,12.0,14.0,10.0,58.0,4.0,2.0,0.0
MH_487_550083,Bhuyane,Bhuyane,Baglan,Nashik,20.73392,74.15893,163.17,63.09,-8.1,516.9,36.2,473.5,560.4,3.2,234.7,12.0,14.0,10.0,58.0,4.0,2.0,0.0
MH_487_550047,Parner,Parner,Baglan,Nashik,20.72193,74.17889,164.64,64.32,-8.5,514.5,36.0,471.3,557.7,3.2,235.5,12.0,14.0,10.0,58.0,4.0,2.0,0.0
MH_487_550044,Nitane,Nitane,Baglan,Nashik,20.75193,74.18012,165.95,60.98,-8.6,514.4,36.0,471.2,557.6,3.2,235.6,12.0,14.0,10.0,58.0,4.0,2.0,0.0
MH_487_550045,Bijote,Bijote,Baglan,Nashik,20.72408,74.2036,167.13,64.04,-9.1,511.6,35.8,468.6,554.5,3.2,236.6,12.0,14.0,10.0,58.0,4.0,2.0,0.0
MH_487_550022,Bhilwad,Bhilwad,Baglan,Nashik,20.82952,74.07813,159.68,53.82,-6.3,526.6,36.9,482.3,570.9,3.2,231.3,12.0,14.0,10.0,58.0,4.0,2.0,0.0
MH_487_550023,Tungan Digar,Tungan Digar,Baglan,Nashik,20.82903,74.1119,162.83,53.16,-7.0,522.6,36.6,478.7,566.5,3.2,232.7,12.0,14.0,10.0,58.0,4.0,2.0,0.0
MH_487_550025,Daswel,Daswel,Baglan,Nashik,20.8152,74.12914,163.81,54.41,-7.4,520.5,36.4,476.8,564.2,3.2,233.4,12.0,14.0,10.0,58.0,4.0,2.0,0.0
MH_487_550026,Pimpalkothe,Pimpalkothe,Baglan,Nashik,20.82744,74.15236,166.57,52.78,-7.9,517.7,36.2,474.3,561.2,3.2,234.4,12.0,14.0,10.0,58.0,4.0,2.0,0.0
MH_487_550027,Daregaon,Daregaon,Baglan,Nashik,20.84458,74.1701,169.04,50.74,-8.3,515.6,36.1,472.3,558.9,3.2,235.1,12.0,14.0,10.0,58.0,4.0,2.0,0.0
MH_487_549995,Shevare,Shevare,Baglan,Nashik,20.80053,74.09456,159.86,56.61,-6.6,524.7,36.7,480.6,568.7,3.2,232.0,12.0,14.0,10.0,58.0,4.0,2.0,0.0
MH_487_550000,Morane Digar,Morane Digar,Baglan,Nashik,20.76795,74.07902,156.91,60.48,-6.3,526.5,36.9,482.2,570.8,3.2,231.3,12.0,14.0,10.0,58.0,4.0,2.0,0.0
MH_487_549999,Antapur,Antapur,Baglan,Nashik,20.76918,74.09515,158.51,60.02,-6.6,524.6,36.7,480.5,568.6,3.2,232.0,12.0,14.0,10.0,58.0,4.0,2.0,0.0
MH_487_549998,Raver,Raver,Baglan,Nashik,20.76866,74.11838,160.71,59.69,-7.2,521.8,36.5,478.0,565.6,3.2,233.0,12.0,14.0,10.0,58.0,4.0,2.0,0.0
MH_487_549997,Taharabad,Taharabad,Baglan,Nashik,20.77316,74.1442,163.37,58.87,-7.7,518.7,36.3,475.1,562.3,3.2,234.1,12.0,14.0,10.0,58.0,4.0,2.0,0.0
MH_487_549996,Kathagad,Kathagad,Baglan,Nashik,20.79254,74.14034,163.85,56.77,-7.7,519.2,36.3,475.6,562.7,3.2,233.9,12.0,14.0,10.0,58.0,4.0,2.0,0.0
MH_487_550036,Bhadane,Bhadane,Baglan,Nashik,20.8052,74.15359,165.67,55.23,-8.0,517.6,36.2,474.1,561.0,3.2,234.5,12.0,14.0,10.0,58.0,4.0,2.0,0.0
MH_487_550037,Sompur,Sompur,Baglan,Nashik,20.79194,74.17649,167.28,56.55,-8.5,514.8,36.0,471.6,558.0,3.2,235.4,12.0,14.0,10.0,58.0,4.0,2.0,0.0
MH_487_550035,Tandulwadi,Tandulwadi,Baglan,Nashik,20.81814,74.18624,169.36,53.6,-8.7,513.7,36.0,470.5,556.9,3.2,235.8,12.0,14.0,10.0,58.0,4.0,2.0,0.0
MH_487_550028,Nandin,Nandin,Baglan,Nashik,20.8383,74.19822,171.41,51.34,-9.0,512.2,35.9,469.1,555.3,3.2,236.3,12.0,14.0,10.0,58.0,4.0,2.0,0.0
MH_487_550029,Jaipur,Jaipur,Baglan,Nashik,20.82912,74.21245,172.35,52.38,-9.3,510.5,35.7,467.7,553.3,3.2,236.9,12.0,14.0,10.0,58.0,4.0,2.0,0.0
MH_487_550030,Wadipisol,Wadipisol,Baglan,Nashik,20.82864,74.22621,173.64,52.48,-9.6,508.9,35.6,466.1,551.6,3.2,237.5,12.0,14.0,10.0,58.0,4.0,2.0,0.0
MH_487_550034,Eklahare,Eklahare,Baglan,Nashik,20.80657,74.23013,173.05,54.96,-9.7,508.4,35.6,465.7,551.1,3.2,237.7,12.0,14.0,10.0,58.0,4.0,2.0,0.0
MH_487_550031,Tinghari,Tinghari,Baglan,Nashik,20.83543,74.25316,176.51,51.95,-10.2,505.6,35.4,463.1,548.1,3.2,238.6,12.0,14.0,10.0,58.0,4.0,2.0,0.0
MH_487_550038,Jaikheda,Jaikheda,Baglan,Nashik,20.77828,74.20682,169.61,58.02,-9.2,511.2,35.8,468.2,554.1,3.2,236.7,12.0,14.0,10.0,58.0,4.0,2.0,0.0
MH_487_550062,Bramhanpade,Bramhanpade,Baglan,Nashik,20.79034,74.24105,173.41,56.83,-9.9,507.1,35.5,464.5,549.7,3.2,238.1,12.0,14.0,10.0,58.0,4.0,2.0,0.0
MH_487_550046,Akhatwade,Akhatwade,Baglan,Nashik,20.72763,74.22244,169.11,63.69,-9.5,509.3,35.7,466.5,552.1,3.2,237.3,12.0,14.0,10.0,58.0,4.0,2.0,0.0
MH_487_550064,Gorane,Gorane,Baglan,Nashik,20.72853,74.23671,170.54,63.66,-9.8,507.6,35.5,465.0,550.2,3.2,237.9,12.0,14.0,10.0,58.0,4.0,2.0,0.0
MH_487_550042,Anandpur,Anandpur,Baglan,Nashik,20.76337,74.23147,171.38,59.76,-9.7,508.2,35.6,465.5,550.9,3.2,237.7,12.0,14.0,10.0,58.0,4.0,2.0,0.0
MH_487_550041,Deopur,Deopur,Baglan,Nashik,20.75192,74.2327,171.05,61.04,-9.7,508.1,35.6,465.4,550.8,3.2,237.8,12.0,14.0,10.0,58.0,4.0,2.0,0.0
MH_487_550039,Waghale,Waghale,Baglan,Nashik,20.77459,74.25616,174.23,58.71,-10.3,505.3,35.4,462.8,547.7,3.2,238.8,12.0,14.0,10.0,58.0,4.0,2.0,0.0
MH_487_550061,Dyane,Dyane,Baglan,Nashik,20.74728,74.27591,175.08,61.96,-10.7,502.9,35.2,460.7,545.1,3.2,239.6,12.0,14.0,10.0,58.0,4.0,2.0,0.0
MH_487_550063,Askheda,Askheda,Baglan,Nashik,20.74672,74.25207,172.73,61.76,-10.2,505.8,35.4,463.3,548.2,3.2,238.6,12.0,14.0,10.0,58.0,4.0,2.0,0.0
MH_487_550040,Rajpurpande,Rajpurpande,Baglan,Nashik,20.7703,74.27443,175.83,59.4,-10.7,503.1,35.2,460.8,545.3,3.2,239.5,12.0,14.0,10.0,58.0,4.0,2.0,0.0
MH_487_550033,Shripurvade,Shripurvade,Baglan,Nashik,20.79386,74.2655,175.92,56.69,-10.5,504.1,35.3,461.8,546.5,3.2,239.2,12.0,14.0,10.0,58.0,4.0,2.0,0.0
MH_487_550032,Vade Kh,Vade Kh,Baglan,Nashik,20.8096,74.27541,177.53,55.09,-10.7,503.0,35.2,460.7,545.2,3.2,239.6,12.0,14.0,10.0,58.0,4.0,2.0,0.0
MH_487_550048,Bilpuri,Bilpuri,Baglan,Nashik,20.83631,74.28822,179.9,52.37,-11.0,501.4,35.1,459.3,543.5,3.2,240.1,12.0,14.0,10.0,58.0,4.0,2.0,0.0
MH_487_550076,Kotbel,Kotbel,Baglan,Nashik,20.69487,74.22897,168.54,67.35,-9.7,508.5,35.6,465.8,551.2,3.2,237.6,12.0,14.0,10.0,58.0,4.0,2.0,0.0
MH_487_550065,Fopir,Fopir,Baglan,Nashik,20.7128,74.26087,172.32,65.6,-10.4,504.7,35.3,462.3,547.1,3.2,239.0,12.0,14.0,10.0,58.0,4.0,2.0,0.0
MH_487_550075,Khirmani,Khirmani,Baglan,Nashik,20.70133,74.27498,173.3,67.02,-10.7,503.0,35.2,460.8,545.2,3.2,239.5,12.0,14.0,10.0,58.0,4.0,2.0,0.0
MH_487_550133,Karhe,Karhe,Baglan,Nashik,20.65835,74.24121,168.49,65.75,-9.9,507.1,35.5,464.5,549.7,3.2,238.1,12.0,14.0,10.0,58.0,4.0,2.0,0.0
MH_487_550132,Dodheshwar,Dodheshwar,Baglan,Nashik,20.66817,74.25641,170.32,67.16,-10.3,505.2,35.4,462.8,547.7,3.2,238.8,12.0,14.0,10.0,58.0,4.0,2.0,0.0
MH_487_550074,Kupkhede,Kupkhede,Baglan,Nashik,20.69086,74.28199,173.63,68.27,-10.8,502.2,35.2,459.9,544.4,3.2,239.8,12.0,14.0,10.0,58.0,4.0,2.0,0.0
MH_487_550056,Utrane,Utrane,Baglan,Nashik,20.77267,74.2924,177.67,59.42,-11.1,500.9,35.1,458.8,543.0,3.2,240.3,12.0,14.0,10.0,58.0,4.0,2.0,0.0
MH_487_550073,Ramtir,Ramtir,Baglan,Nashik,20.67216,74.29191,173.98,68.52,-11.1,501.0,35.1,458.9,543.1,3.2,240.3,12.0,14.0,10.0,58.0,4.0,2.0,0.0
MH_487_550080,Vijaynagar,Vijaynagar,Baglan,Nashik,20.71893,74.0984,156.7,65.47,-6.7,524.2,36.7,480.2,568.2,3.2,232.1,12.0,14.0,10.0,58.0,4.0,2.0,0.0
MH_487_550300,Soyagaon,Soyagaon,Central,Nashik,20.5533,74.50207,191.9,61.52,-15.0,475.8,33.3,435.8,515.7,3.2,249.1,12.0,14.0,10.0,58.0,4.0,2.0,0.0
MH_487_550301,Sangameshwar,Sangameshwar,Central,Nashik,20.54404,74.51797,193.33,60.52,-15.0,473.8,33.2,434.0,513.7,3.2,249.8,12.0,14.0,10.0,58.0,4.0,2.0,0.0
MH_487_999999,Water Body,Water Body,Central,Nashik,20.49221,74.68073,209.04,57.89,-15.0,454.3,31.8,416.2,492.5,3.2,256.6,12.0,14.0,10.0,58.0,4.0,2.0,0.0
MH_487_550303,Sangameshwar,Sangameshwar,Central,Nashik,20.57481,74.55271,197.55,64.15,-15.0,469.7,32.9,430.2,509.2,3.2,251.2,12.0,14.0,10.0,58.0,4.0,2.0,0.0
MH_487_550024,Katarwel,Katarwel,Baglan,Nashik,20.84643,74.12587,164.97,51.02,-7.3,520.9,36.5,477.1,564.7,3.2,233.3,12.0,14.0,10.0,58.0,4.0,2.0,0.0
MH_487_550057,Tembhe,Tembhe,Baglan,Nashik,20.77274,74.32274,180.63,60.0,-11.8,497.3,34.8,455.5,539.0,3.2,241.6,12.0,14.0,10.0,58.0,4.0,2.0,0.0
MH_487_550058,Malgaon Bhamer,Malgaon Bhamer,Baglan,Nashik,20.76022,74.36719,184.5,62.48,-12.8,491.9,34.4,450.7,533.2,3.2,243.4,12.0,14.0,10.0,58.0,4.0,2.0,0.0
MH_487_550148,Surane,Surane,Baglan,Nashik,20.64744,74.32837,176.83,67.08,-11.9,496.6,34.8,454.8,538.4,3.2,241.8,12.0,14.0,10.0,58.0,4.0,2.0,0.0
MH_487_550147,Vaygaon,Vaygaon,Baglan,Nashik,20.65539,74.35081,179.31,68.73,-12.4,493.9,34.6,452.4,535.4,3.2,242.7,12.0,14.0,10.0,58.0,4.0,2.0,0.0
MH_487_550146,Sarade,Sarade,Baglan,Nashik,20.68621,74.3267,177.9,69.51,-11.9,496.8,34.8,455.0,538.6,3.2,241.7,12.0,14.0,10.0,58.0,4.0,2.0,0.0
MH_487_550051,Rahud,Rahud,Baglan,Nashik,20.83637,74.37161,187.91,54.54,-12.9,491.4,34.4,450.1,532.7,3.2,243.6,12.0,14.0,10.0,58.0,4.0,2.0,0.0
MH_487_550059,Ijamane,Ijamane,Baglan,Nashik,20.7609,74.34429,182.28,61.79,-12.2,494.7,34.6,453.2,536.2,3.2,242.5,12.0,14.0,10.0,58.0,4.0,2.0,0.0
MH_487_550069,Ambasan,Ambasan,Baglan,Nashik,20.70726,74.35705,181.62,67.9,-12.5,493.2,34.5,451.8,534.6,3.2,243.0,12.0,14.0,10.0,58.0,4.0,2.0,0.0
MH_487_550068,Morane Sandas,Morane Sandas,Baglan,Nashik,20.72734,74.34529,181.15,65.44,-12.3,494.6,34.6,453.0,536.1,3.2,242.5,12.0,14.0,10.0,58.0,4.0,2.0,0.0
MH_487_550070,Kakadgaon,Kakadgaon,Baglan,Nashik,20.71251,74.33099,179.22,66.73,-11.9,496.3,34.7,454.6,537.9,3.2,241.9,12.0,14.0,10.0,58.0,4.0,2.0,0.0
MH_487_550071,Nalkas,Nalkas,Baglan,Nashik,20.69454,74.30089,175.62,68.13,-11.3,499.9,35.0,457.9,541.9,3.2,240.6,12.0,14.0,10.0,58.0,4.0,2.0,0.0
MH_487_550066,Nampur,Nampur,Baglan,Nashik,20.73005,74.30459,177.25,64.3,-11.4,499.4,35.0,457.4,541.4,3.2,240.8,12.0,14.0,10.0,58.0,4.0,2.0,0.0
MH_487_550067,Bijorase,Bijorase,Baglan,Nashik,20.74261,74.34718,181.89,63.83,-12.3,494.3,34.6,452.8,535.9,3.2,242.6,12.0,14.0,10.0,58.0,4.0,2.0,0.0
MH_487_550060,Khamlon,Khamlon,Baglan,Nashik,20.75796,74.30124,177.96,61.18,-11.3,499.9,35.0,457.9,541.9,3.2,240.7,12.0,14.0,10.0,58.0,4.0,2.0,0.0
MH_487_550055,Talwade Bhamer,Talwade Bhamer,Baglan,Nashik,20.80078,74.30317,179.84,56.53,-11.3,499.6,35.0,457.6,541.6,3.2,240.7,12.0,14.0,10.0,58.0,4.0,2.0,0.0
MH_487_550049,Bodhari,Bodhari,Baglan,Nashik,20.8254,74.32179,182.65,54.26,-11.7,497.4,34.8,455.6,539.1,3.2,241.5,12.0,14.0,10.0,58.0,4.0,2.0,0.0
MH_487_550054,Varche Tembhe,Varche Tembhe,Baglan,Nashik,20.7871,74.33637,182.51,58.76,-12.1,495.6,34.7,454.0,537.3,3.2,242.1,12.0,14.0,10.0,58.0,4.0,2.0,0.0
MH_487_550053,Bahirane,Bahirane,Baglan,Nashik,20.80214,74.34557,184.0,57.38,-12.3,494.5,34.6,453.0,536.1,3.2,242.5,12.0,14.0,10.0,58.0,4.0,2.0,0.0
MH_487_550052,Mahad,Mahad,Baglan,Nashik,20.79471,74.36673,185.77,58.79,-12.8,492.0,34.4,450.7,533.3,3.2,243.4,12.0,14.0,10.0,58.0,4.0,2.0,0.0
MH_487_550050,Chirai,Chirai,Baglan,Nashik,20.81997,74.35328,185.47,55.7,-12.4,493.6,34.6,452.1,535.1,3.2,242.8,12.0,14.0,10.0,58.0,4.0,2.0,0.0
MH_487_550157,Rampura,Rampura,Malegaon,Nashik,20.80489,74.40567,189.95,59.05,-13.6,487.3,34.1,446.4,528.2,3.2,245.0,4.0,22.0,14.0,52.0,3.0,1.0,4.0
MH_487_550156,Kajwade,Kajwade,Malegaon,Nashik,20.78281,74.39127,187.7,60.84,-13.3,489.0,34.2,448.0,530.1,3.2,244.4,4.0,22.0,14.0,52.0,3.0,1.0,4.0
MH_487_550163,Pohane,Pohane,Malegaon,Nashik,20.76524,74.41481,189.36,63.5,-13.8,486.2,34.0,445.4,527.0,3.2,245.4,4.0,22.0,14.0,52.0,3.0,1.0,4.0
MH_487_550162,Virane,Virane,Malegaon,Nashik,20.74496,74.45632,192.73,67.21,-14.8,481.2,33.7,440.8,521.7,3.2,247.2,4.0,22.0,14.0,52.0,3.0,1.0,4.0
MH_487_550158,Chinchave,Chinchave,Malegaon,Nashik,20.78738,74.46095,194.7,63.11,-14.9,480.7,33.6,440.4,521.0,3.2,247.4,4.0,22.0,14.0,52.0,3.0,1.0,4.0
MH_487_550168,Garbad,Garbad,Malegaon,Nashik,20.72245,74.49104,195.42,70.97,-15.0,477.1,33.4,437.0,517.2,3.2,248.6,4.0,22.0,14.0,52.0,3.0,1.0,4.0
MH_487_550167,Nimshevadi,Nimshevadi,Malegaon,Nashik,20.71098,74.45738,191.7,70.74,-14.8,481.1,33.7,440.7,521.6,3.2,247.2,4.0,22.0,14.0,52.0,3.0,1.0,4.0
MH_487_550164,Garegaon,Garegaon,Malegaon,Nashik,20.73614,74.40407,187.26,66.18,-13.6,487.5,34.1,446.6,528.4,3.2,245.0,4.0,22.0,14.0,52.0,3.0,1.0,4.0
MH_487_550159,Nagzari,Nagzari,Malegaon,Nashik,20.80489,74.51028,200.18,63.78,-15.0,474.8,33.2,434.9,514.6,3.2,249.4,4.0,22.0,14.0,52.0,3.0,1.0,4.0
MH_487_550161,Lulle,Lulle,Malegaon,Nashik,20.75291,74.49724,197.05,68.21,-15.0,476.3,33.3,436.4,516.3,3.2,248.9,4.0,22.0,14.0,52.0,3.0,1.0,4.0
MH_487_550209,Dahikute,Dahikute,Malegaon,Nashik,20.62488,74.59339,202.89,70.16,-15.0,464.8,32.5,425.8,503.8,3.2,252.9,4.0,22.0,14.0,52.0,3.0,1.0,4.0
MH_487_550165,Valwade,Valwade,Malegaon,Nashik,20.72202,74.38411,184.8,67.05,-13.1,489.9,34.3,448.7,531.1,3.2,244.1,4.0,22.0,14.0,52.0,3.0,1.0,4.0
MH_487_550171,Khakurdi,Khakurdi,Malegaon,Nashik,20.69297,74.42251,187.65,71.34,-14.0,485.3,34.0,444.5,526.1,3.2,245.7,4.0,22.0,14.0,52.0,3.0,1.0,4.0
MH_487_550166,Valwadi,Valwadi,Malegaon,Nashik,20.72269,74.43136,189.5,68.54,-14.2,484.2,33.9,443.6,524.9,3.2,246.1,4.0,22.0,14.0,52.0,3.0,1.0,4.0
MH_487_550173,Kothare Kh,Kothare Kh,Malegaon,Nashik,20.69322,74.3646,181.9,69.6,-12.7,492.2,34.5,450.8,533.6,3.2,243.3,4.0,22.0,14.0,52.0,3.0,1.0,4.0
MH_487_550174,Kothare Bk,Kothare Bk,Malegaon,Nashik,20.67645,74.35698,180.59,71.14,-12.5,493.2,34.5,451.8,534.6,3.2,243.0,4.0,22.0,14.0,52.0,3.0,1.0,4.0
MH_487_550172,Vadner,Vadner,Malegaon,Nashik,20.67577,74.39321,184.18,72.25,-13.3,488.8,34.2,447.8,529.9,3.2,244.5,4.0,22.0,14.0,52.0,3.0,1.0,4.0
MH_487_550175,Sawatawadi,Sawatawadi,Malegaon,Nashik,20.65825,74.39159,183.48,70.68,-13.3,489.0,34.2,448.0,530.0,3.2,244.4,4.0,22.0,14.0,52.0,3.0,1.0,4.0
MH_487_550176,Satmane,Satmane,Malegaon,Nashik,20.64035,74.39261,183.05,68.92,-13.3,488.9,34.2,447.8,529.9,3.2,244.5,4.0,22.0,14.0,52.0,3.0,1.0,4.0
MH_487_550217,Dundhe,Dundhe,Malegaon,Nashik,20.6265,74.34386,177.75,65.48,-12.2,494.7,34.6,453.2,536.3,3.2,242.4,4.0,22.0,14.0,52.0,3.0,1.0,4.0
MH_487_550218,Ravalgaon,Ravalgaon,Malegaon,Nashik,20.61475,74.39831,182.9,66.63,-13.5,488.2,34.2,447.2,529.2,3.2,244.7,4.0,22.0,14.0,52.0,3.0,1.0,4.0
MH_487_550219,Ajang,Ajang,Malegaon,Nashik,20.6246,74.44033,187.41,69.66,-14.4,483.2,33.8,442.6,523.7,3.2,246.5,4.0,22.0,14.0,52.0,3.0,1.0,4.0
MH_487_550185,Vadel,Vadel,Malegaon,Nashik,20.65087,74.45426,189.55,72.53,-14.7,481.5,33.7,441.0,521.9,3.2,247.1,4.0,22.0,14.0,52.0,3.0,1.0,4.0
MH_487_550170,Mordar,Mordar,Malegaon,Nashik,20.68339,74.4468,189.77,73.2,-14.6,482.4,33.8,441.8,522.9,3.2,246.8,4.0,22.0,14.0,52.0,3.0,1.0,4.0
MH_487_550169,Tipe,Tipe,Malegaon,Nashik,20.675,74.46413,191.25,74.71,-14.9,480.3,33.6,440.0,520.6,3.2,247.5,4.0,22.0,14.0,52.0,3.0,1.0,4.0
MH_487_550184,Kankrale,Kankrale,Malegaon,Nashik,20.68216,74.4847,193.53,74.79,-15.0,477.8,33.4,437.8,517.9,3.2,248.4,4.0,22.0,14.0,52.0,3.0,1.0,4.0
MH_487_550191,Dabli,Dabli,Malegaon,Nashik,20.6328,74.49246,192.89,70.37,-15.0,476.9,33.4,436.8,517.0,3.2,248.7,4.0,22.0,14.0,52.0,3.0,1.0,4.0
MH_487_550192,Vajirkhede,Vajirkhede,Malegaon,Nashik,20.61161,74.51444,194.55,68.02,-15.0,474.3,33.2,434.4,514.1,3.2,249.6,4.0,22.0,14.0,52.0,3.0,1.0,4.0
MH_487_550190,Lendane,Lendane,Malegaon,Nashik,20.62605,74.53366,196.87,69.7,-15.0,472.0,33.0,432.4,511.6,3.2,250.4,4.0,22.0,14.0,52.0,3.0,1.0,4.0
MH_487_550186,Kukane,Kukane,Malegaon,Nashik,20.65675,74.51124,195.45,73.04,-15.0,474.7,33.2,434.8,514.5,3.2,249.5,4.0,22.0,14.0,52.0,3.0,1.0,4.0
MH_487_550160,Galne,Galne,Malegaon,Nashik,20.76765,74.53523,201.31,68.66,-15.0,471.8,33.0,432.2,511.4,3.2,250.5,4.0,22.0,14.0,52.0,3.0,1.0,4.0
MH_487_550182,Tingri,Tingri,Malegaon,Nashik,20.74724,74.56475,203.56,72.19,-15.0,468.2,32.8,428.9,507.6,3.2,251.7,4.0,22.0,14.0,52.0,3.0,1.0,4.0
MH_487_550187,Karanj Gavhan,Karanj Gavhan,Malegaon,Nashik,20.6618,74.53951,198.43,73.7,-15.0,471.3,33.0,431.7,510.9,3.2,250.7,4.0,22.0,14.0,52.0,3.0,1.0,4.0
MH_487_550189,Khadaki,Khadaki,Malegaon,Nashik,20.62691,74.55789,199.35,69.97,-15.0,469.1,32.8,429.7,508.4,3.2,251.4,4.0,22.0,14.0,52.0,3.0,1.0,4.0
MH_487_550208,Manke,Manke,Malegaon,Nashik,20.62447,74.61818,205.39,70.52,-15.0,461.8,32.3,423.1,500.6,3.2,254.0,4.0,22.0,14.0,52.0,3.0,1.0,4.0
MH_487_550207,Devarpada,Devarpada,Malegaon,Nashik,20.62289,74.65065,208.65,71.02,-15.0,457.9,32.1,419.4,496.4,3.2,255.3,4.0,22.0,14.0,52.0,3.0,1.0,4.0
MH_487_550188,Hatane,Hatane,Malegaon,Nashik,20.6588,74.56619,201.04,73.58,-15.0,468.1,32.8,428.7,507.4,3.2,251.8,4.0,22.0,14.0,52.0,3.0,1.0,4.0
MH_487_550183,Dahidi,Dahidi,Malegaon,Nashik,20.70831,74.55377,201.23,75.35,-15.0,469.5,32.9,430.1,509.0,3.2,251.3,4.0,22.0,14.0,52.0,3.0,1.0,4.0
MH_487_550181,Vanpat,Vanpat,Malegaon,Nashik,20.73745,74.59001,205.76,74.51,-15.0,465.2,32.6,426.1,504.3,3.2,252.8,4.0,22.0,14.0,52.0,3.0,1.0,4.0
MH_487_550201,Jalku,Jalku,Malegaon,Nashik,20.6489,74.63301,207.52,73.47,-15.0,460.0,32.2,421.4,498.7,3.2,254.6,4.0,22.0,14.0,52.0,3.0,1.0,4.0
MH_487_550178,Bharadenagar,Bharadenagar,Malegaon,Nashik,20.79121,74.62049,210.55,71.45,-15.0,461.5,32.3,422.8,500.3,3.2,254.1,4.0,22.0,14.0,52.0,3.0,1.0,4.0
MH_487_550177,Dongrale,Dongrale,Malegaon,Nashik,20.78868,74.58552,207.01,69.52,-15.0,465.7,32.6,426.6,504.9,3.2,252.6,4.0,22.0,14.0,52.0,3.0,1.0,4.0
MH_487_550179,Ghanegaon,Ghanegaon,Malegaon,Nashik,20.76146,74.64432,211.93,75.58,-15.0,458.7,32.1,420.2,497.2,3.2,255.1,4.0,22.0,14.0,52.0,3.0,1.0,4.0
MH_487_550180,Kaulane,Kaulane,Malegaon,Nashik,20.74443,74.62414,209.38,75.86,-15.0,461.1,32.3,422.3,499.9,3.2,254.2,4.0,22.0,14.0,52.0,3.0,1.0,4.0
MH_487_550196,Rajmane,Rajmane,Malegaon,Nashik,20.70924,74.6187,207.76,78.77,-15.0,461.8,32.3,423.0,500.5,3.2,254.0,4.0,22.0,14.0,52.0,3.0,1.0,4.0
MH_487_550197,Lakhani,Lakhani,Malegaon,Nashik,20.70842,74.64358,210.23,80.18,-15.0,458.8,32.1,420.2,497.3,3.2,255.0,4.0,22.0,14.0,52.0,3.0,1.0,4.0
MH_487_550199,Tokade,Tokade,Malegaon,Nashik,20.66685,74.59817,204.48,74.85,-15.0,464.2,32.5,425.2,503.2,3.2,253.1,4.0,22.0,14.0,52.0,3.0,1.0,4.0
MH_487_550200,Mohapada,Mohapada,Malegaon,Nashik,20.63975,74.59995,203.94,71.9,-15.0,464.0,32.5,425.0,503.0,3.2,253.2,4.0,22.0,14.0,52.0,3.0,1.0,4.0
MH_487_550198,Astane,Astane,Malegaon,Nashik,20.67976,74.63837,208.89,76.95,-15.0,459.4,32.2,420.8,498.0,3.2,254.8,4.0,22.0,14.0,52.0,3.0,1.0,4.0
MH_487_550202,Kandhane,Kandhane,Malegaon,Nashik,20.67792,74.66471,211.5,77.31,-15.0,456.2,31.9,418.0,494.5,3.2,255.9,4.0,22.0,14.0,52.0,3.0,1.0,4.0
MH_487_550203,Zodge,Zodge,Malegaon,Nashik,20.6595,74.68109,212.66,75.72,-15.0,454.3,31.8,416.1,492.4,3.2,256.6,4.0,22.0,14.0,52.0,3.0,1.0,4.0
MH_487_550204,Gugulwad,Gugulwad,Malegaon,Nashik,20.65471,74.71458,215.92,76.16,-15.0,450.3,31.5,412.5,488.1,3.2,258.0,4.0,22.0,14.0,52.0,3.0,1.0,4.0
MH_487_550206,Bhilkot,Bhilkot,Malegaon,Nashik,20.62641,74.70197,213.95,72.77,-15.0,451.8,31.6,413.8,489.7,3.2,257.5,4.0,22.0,14.0,52.0,3.0,1.0,4.0
MH_487_550285,Sherul,Sherul,Malegaon,Nashik,20.61785,74.7309,216.69,72.8,-15.0,448.3,31.4,410.6,486.0,3.2,258.7,4.0,22.0,14.0,52.0,3.0,1.0,4.0
MH_487_550381,Rankhede,Rankhede,Nandgaon,Nashik,20.34685,74.78295,217.88,48.58,-15.0,442.0,30.9,405.0,479.1,3.2,260.9,4.0,22.0,14.0,52.0,3.0,1.0,4.0
MH_487_550385,Pimparkhed,Pimparkhed,Nandgaon,Nashik,20.30161,74.77428,216.58,44.1,-15.0,443.1,31.0,405.9,480.3,3.2,260.5,4.0,22.0,14.0,52.0,3.0,1.0,4.0
MH_487_550393,Chinchvihir,Chinchvihir,Nandgaon,Nashik,20.27408,74.77257,215.92,41.7,-15.0,443.3,31.0,406.1,480.5,3.2,260.4,4.0,22.0,14.0,52.0,3.0,1.0,4.0
MH_487_550394,Kusumtel,Kusumtel,Nandgaon,Nashik,20.25788,74.80168,218.66,42.59,-15.0,439.8,30.8,402.8,476.8,3.2,261.7,4.0,22.0,14.0,52.0,3.0,1.0,4.0
MH_487_550404,Rohile Bk,Rohile Bk,Nandgaon,Nashik,20.16283,74.91704,229.43,47.17,-15.0,426.0,29.8,390.2,461.7,3.2,266.5,4.0,22.0,14.0,52.0,3.0,1.0,4.0
MH_487_550403,Bolthan,Bolthan,Nandgaon,Nashik,20.19523,74.91496,229.55,48.47,-15.0,426.2,29.8,390.4,462.0,3.2,266.4,4.0,22.0,14.0,52.0,3.0,1.0,4.0
MH_487_550402,Jawalki,Jawalki,Nandgaon,Nashik,20.19199,74.89243,227.18,46.21,-15.0,428.9,30.0,392.9,464.9,3.2,265.5,4.0,22.0,14.0,52.0,3.0,1.0,4.0
MH_487_550401,Gondegaon,Gondegaon,Nandgaon,Nashik,20.19134,74.86394,224.21,43.56,-15.0,432.3,30.3,396.0,468.7,3.2,264.3,4.0,22.0,14.0,52.0,3.0,1.0,4.0
MH_487_550380,Chandore,Chandore,Nandgaon,Nashik,20.33416,74.75115,214.47,45.47,-15.0,445.9,31.2,408.4,483.3,3.2,259.5,4.0,22.0,14.0,52.0,3.0,1.0,4.0
MH_487_550400,Jategaon,Jategaon,Nandgaon,Nashik,20.22533,74.88364,226.67,47.25,-15.0,430.0,30.1,393.8,466.1,3.2,265.1,4.0,22.0,14.0,52.0,3.0,1.0,4.0
MH_487_550398,Lodhare,Lodhare,Nandgaon,Nashik,20.26061,74.91613,230.53,52.22,-15.0,426.1,29.8,390.3,461.8,3.2,266.5,4.0,22.0,14.0,52.0,3.0,1.0,4.0
MH_487_550399,Vasantnagar,Vasantnagar,Nandgaon,Nashik,20.23652,74.86263,224.65,46.1,-15.0,432.5,30.3,396.1,468.8,3.2,264.2,4.0,22.0,14.0,52.0,3.0,1.0,4.0
MH_487_550397,Chandanpuri,Chandanpuri,Nandgaon,Nashik,20.26311,74.87247,226.06,48.66,-15.0,431.3,30.2,395.1,467.5,3.2,264.6,4.0,22.0,14.0,52.0,3.0,1.0,4.0
MH_487_550396,Dheku Bk,Dheku Bk,Nandgaon,Nashik,20.25992,74.8476,223.44,46.39,-15.0,434.3,30.4,397.8,470.8,3.2,263.6,4.0,22.0,14.0,52.0,3.0,1.0,4.0
MH_487_550395,Dheku Kh,Dheku Kh,Nandgaon,Nashik,20.2593,74.83486,222.11,45.32,-15.0,435.8,30.5,399.2,472.4,3.2,263.1,4.0,22.0,14.0,52.0,3.0,1.0,4.0
MH_487_550382,Hingane Dehere,Hingane Dehere,Nandgaon,Nashik,20.32543,74.85506,225.23,51.8,-15.0,433.4,30.3,397.0,469.8,3.2,263.9,4.0,22.0,14.0,52.0,3.0,1.0,4.0
MH_487_550383,Pimpri_Haveli,Pimpri_Haveli,Nandgaon,Nashik,20.30499,74.83878,223.28,49.0,-15.0,435.3,30.5,398.7,471.9,3.2,263.2,4.0,22.0,14.0,52.0,3.0,1.0,4.0
MH_487_550384,Pardhadi,Pardhadi,Nandgaon,Nashik,20.30288,74.8081,220.08,46.57,-15.0,439.0,30.7,402.2,475.9,3.2,261.9,4.0,22.0,14.0,52.0,3.0,1.0,4.0
MH_487_550373,Birole,Birole,Nandgaon,Nashik,20.37284,74.78291,218.09,50.9,-15.0,442.1,30.9,405.0,479.1,3.2,260.9,4.0,22.0,14.0,52.0,3.0,1.0,4.0
MH_487_550372,Naydongari,Naydongari,Nandgaon,Nashik,20.35859,74.82618,222.46,52.43,-15.0,436.9,30.6,400.1,473.6,3.2,262.7,4.0,22.0,14.0,52.0,3.0,1.0,4.0
MH_487_550392,Kasari,Kasari,Nandgaon,Nashik,20.22718,74.76394,214.31,37.38,-15.0,444.3,31.1,407.0,481.6,3.2,260.1,4.0,22.0,14.0,52.0,3.0,1.0,4.0
MH_487_550388,Ganeshnagar,Ganeshnagar,Nandgaon,Nashik,20.2332,74.75119,213.07,36.88,-15.0,445.9,31.2,408.4,483.3,3.2,259.5,4.0,22.0,14.0,52.0,3.0,1.0,4.0
MH_487_550297,Nardane,Nardane,Malegaon,Nashik,20.5089,74.74653,216.1,62.16,-15.0,446.4,31.2,409.0,483.9,3.2,259.4,4.0,22.0,14.0,52.0,3.0,1.0,4.0
MH_487_550289,Sakur,Sakur,Malegaon,Nashik,20.55066,74.78137,220.43,67.9,-15.0,442.2,31.0,405.0,479.4,3.2,260.8,4.0,22.0,14.0,52.0,3.0,1.0,4.0
MH_487_550288,Dapur,Dapur,Malegaon,Nashik,20.57068,74.75663,218.29,68.87,-15.0,445.2,31.2,407.8,482.6,3.2,259.8,4.0,22.0,14.0,52.0,3.0,1.0,4.0
MH_487_550287,Deoghat,Deoghat,Malegaon,Nashik,20.59285,74.78781,221.94,72.43,-15.0,441.5,30.9,404.4,478.5,3.2,261.1,4.0,22.0,14.0,52.0,3.0,1.0,4.0
MH_487_550371,Sawargaon,Sawargaon,Nandgaon,Nashik,20.40825,74.80728,220.97,55.58,-15.0,439.1,30.7,402.3,476.0,3.2,261.9,4.0,22.0,14.0,52.0,3.0,1.0,4.0
MH_487_550365,Amode,Amode,Nandgaon,Nashik,20.49507,74.76858,218.14,61.77,-15.0,443.8,31.1,406.5,481.1,3.2,260.3,4.0,22.0,14.0,52.0,3.0,1.0,4.0
MH_487_550364,Borale,Borale,Nandgaon,Nashik,20.48218,74.75352,216.39,59.78,-15.0,445.6,31.2,408.1,483.0,3.2,259.6,4.0,22.0,14.0,52.0,3.0,1.0,4.0
MH_487_550370,Palashi,Palashi,Nandgaon,Nashik,20.42775,74.78421,218.81,56.05,-15.0,441.9,30.9,404.8,479.0,3.2,260.9,4.0,22.0,14.0,52.0,3.0,1.0,4.0
MH_487_550366,Manglane,Manglane,Nandgaon,Nashik,20.46001,74.78533,219.35,59.18,-15.0,441.8,30.9,404.7,478.8,3.2,261.0,4.0,22.0,14.0,52.0,3.0,1.0,4.0
MH_487_550283,Padalde,Padalde,Malegaon,Nashik,20.63276,74.78855,222.9,76.52,-15.0,441.4,30.9,404.3,478.5,3.2,261.1,4.0,22.0,14.0,52.0,3.0,1.0,4.0
MH_487_550286,Hiswal Bk,Hiswal Bk,Malegaon,Nashik,20.61605,74.75616,219.22,73.53,-15.0,445.3,31.2,407.8,482.7,3.2,259.8,4.0,22.0,14.0,52.0,3.0,1.0,4.0
MH_487_550205,Palasdare,Palasdare,Malegaon,Nashik,20.6518,74.75242,219.69,77.11,-15.0,445.7,31.2,408.3,483.1,3.2,259.6,4.0,22.0,14.0,52.0,3.0,1.0,4.0
MH_487_550252,Jalgaon,Jalgaon,Malegaon,Nashik,20.40953,74.48545,187.65,45.56,-15.0,477.7,33.4,437.7,517.8,3.2,248.4,4.0,22.0,14.0,52.0,3.0,1.0,4.0
MH_487_550876,Kacharpada,Kacharpada,Trimbakeshwar,Nashik,20.02822,73.38792,69.05,17.79,35.0,918.5,64.3,841.4,995.7,14.5,202.3,52.0,18.0,8.0,16.0,2.0,4.0,0.0
MH_487_550861,Walan,Walan,Trimbakeshwar,Nashik,20.07583,73.29562,60.25,28.77,19.5,976.0,68.3,894.1,1058.0,14.5,198.4,52.0,18.0,8.0,16.0,2.0,4.0,0.0
MH_487_551023,Shevgedang,Shevgedang,Igatpuri,Nashik,19.8442,73.54794,86.65,10.82,43.0,814.2,57.0,745.8,882.6,14.5,209.0,52.0,18.0,8.0,16.0,2.0,4.0,0.0
MH_487_550572,Manori,Manori,Dindori,Nashik,20.0909,73.80738,113.35,11.37,-0.2,559.1,39.1,512.2,606.0,3.2,219.9,8.0,6.0,4.0,72.0,6.0,4.0,0.0
MH_487_550975,Govardhan,Govardhan,Nashik,Nashik,20.03465,73.71241,102.9,9.51,2.0,724.1,50.7,663.3,785.0,14.5,215.9,8.0,6.0,4.0,72.0,6.0,4.0,0.0
MH_487_551220,Atkawade,Atkawade,Sinnar,Nashik,19.80026,73.99464,132.82,30.05,-4.4,536.6,37.6,491.5,581.8,3.2,227.8,12.0,14.0,10.0,58.0,4.0,2.0,0.0
MH_487_551161,Gurewadi,Gurewadi,Sinnar,Nashik,19.81938,74.03352,137.32,30.06,-5.3,532.0,37.2,487.3,576.6,3.2,229.4,12.0,14.0,10.0,58.0,4.0,2.0,0.0
MH_487_551361,Manori Kh,Manori Kh,Niphad,Nashik,20.03965,74.29718,163.93,20.06,-11.2,500.3,35.0,458.3,542.3,3.2,240.5,8.0,6.0,4.0,72.0,6.0,4.0,0.0
MH_487_551375,Sonewadi Kh,Sonewadi Kh,Niphad,Nashik,20.11112,74.14914,149.07,5.36,-7.9,518.1,36.3,474.5,561.7,3.2,234.3,8.0,6.0,4.0,72.0,6.0,4.0,0.0
MH_487_551376,Sonewadi Bk,Sonewadi Bk,Niphad,Nashik,20.11026,74.16889,151.12,7.01,-8.3,515.7,36.1,472.4,559.1,3.2,235.1,8.0,6.0,4.0,72.0,6.0,4.0,0.0
MH_487_551466,Vadgaon Balhe,Vadgaon Balhe,Yevla,Nashik,20.06116,74.50678,185.91,6.84,-15.0,475.2,33.3,435.2,515.1,3.2,249.3,12.0,14.0,10.0,58.0,4.0,2.0,0.0
MH_487_551483,Angangaon,Angangaon,Yevla,Nashik,20.04372,74.46322,181.28,6.2,-14.9,480.4,33.6,440.1,520.7,3.2,247.5,12.0,14.0,10.0,58.0,4.0,2.0,0.0
MH_487_551518,Pimpalkhute Bk,Pimpalkhute Bk,Yevla,Nashik,20.01702,74.65432,201.15,16.24,-15.0,457.5,32.0,419.1,495.9,3.2,255.5,12.0,14.0,10.0,58.0,4.0,2.0,0.0
MH_487_551463,Nyaharkhede Kh,Nyaharkhede Kh,Yevla,Nashik,20.08198,74.6184,197.68,15.36,-15.0,461.8,32.3,423.0,500.6,3.2,254.0,12.0,14.0,10.0,58.0,4.0,2.0,0.0
MH_487_549729,Waghadi,Waghadi,Surgana,Nashik,20.49598,73.52008,91.61,61.83,44.6,860.3,60.2,788.0,932.5,14.5,207.8,52.0,18.0,8.0,16.0,2.0,4.0,0.0
MH_487_550629,Mavadi,Mavadi,Dindori,Nashik,20.30921,73.92877,128.76,31.74,-2.9,544.5,38.1,498.8,590.3,3.2,225.0,8.0,6.0,4.0,72.0,6.0,4.0,0.0
MH_487_549833,Pimple Bk,Pimple Bk,Kalwan,Nashik,20.59456,73.94735,137.21,59.68,-3.3,542.3,38.0,496.7,587.9,3.2,225.8,12.0,14.0,10.0,58.0,4.0,2.0,0.0
MH_487_549957,Varhale,Varhale,Deola,Nashik,20.42198,74.4004,179.03,48.06,-13.5,488.0,34.2,446.9,529.0,3.2,244.8,4.0,22.0,14.0,52.0,3.0,1.0,4.0
MH_487_549950,Nimbole,Nimbole,Deola,Nashik,20.50597,74.34178,174.51,53.18,-12.2,495.0,34.6,453.5,536.5,3.2,242.4,4.0,22.0,14.0,52.0,3.0,1.0,4.0
MH_472_529175,Kolari,Kolari,Chikhli,Buldhana,20.46454,76.24761,371.06,93.76,-15.0,295.0,20.7,270.2,319.9,1.5,322.4,12.0,14.0,10.0,58.0,4.0,2.0,0.0
MH_486_525740,Lonkheda,Lonkheda,Nandurbar,Nandurbar,21.42539,74.22306,208.87,14.15,-9.5,509.2,35.6,466.5,552.0,3.2,237.4,12.0,14.0,10.0,58.0,4.0,2.0,0.0
MH_476_538359,Silapur,Silapur,Deori,Gondia,21.11181,80.4027,807.74,352.99,-15.0,211.9,14.8,194.2,229.7,1.5,136.9,12.0,14.0,10.0,58.0,4.0,2.0,0.0
MH_466_557288,Lahit Kh,Lahit Kh,Akola,Ahmednagar,19.40191,74.06363,132.53,71.39,-5.9,528.4,37.0,484.0,572.8,3.2,230.7,12.0,14.0,10.0,58.0,4.0,2.0,0.0
MH_471_537281,Rengepar,Rengepar,Pauni,Bhandara,20.97401,79.75751,739.6,287.19,-15.0,224.8,15.7,206.0,243.7,1.5,109.8,12.0,14.0,10.0,58.0,4.0,2.0,0.0
MH_476_538070,Bolunda,Bolunda,Sadak-Arjuni,Gondia,21.22045,80.06249,774.05,317.47,-15.0,218.8,15.3,200.4,237.1,1.5,122.6,12.0,14.0,10.0,58.0,4.0,2.0,0.0
MH_479_547657,Khanepuri,Khanepuri,Jalna,Jalna,19.76497,75.98225,335.84,77.29,-15.0,300.4,21.0,275.2,325.6,1.5,311.3,12.0,14.0,10.0,58.0,4.0,2.0,0.0
MH_473_541751,Charli,Charli,Rajura,Chandrapur,19.84869,79.2557,677.94,221.28,-15.0,234.9,16.4,215.2,254.6,1.5,88.7,12.0,14.0,10.0,58.0,4.0,2.0,0.0
MH_486_525761,Ranale Kh,Ranale Kh,Nandurbar,Nandurbar,21.34098,74.12538,195.08,8.97,-7.3,521.0,36.5,477.2,564.8,3.2,233.3,12.0,14.0,10.0,58.0,4.0,2.0,0.0
MH_484_275734,Ashti,Ashti,Central,Nagpur,21.26045,79.37484,704.04,246.24,-15.0,232.5,16.3,212.9,252.1,1.5,93.7,12.0,14.0,10.0,58.0,4.0,2.0,0.0
MH_493_568364,Ladegaon,Ladegaon,Walwa,Sangli,16.96417,74.23154,99.11,29.57,-9.7,508.2,35.6,465.5,550.9,3.2,237.7,12.0,14.0,10.0,58.0,4.0,2.0,0.0
MH_466_557593,Shingave,Shingave,Rahta,Ahmednagar,19.80209,74.54298,187.97,22.46,-15.0,470.8,33.0,431.2,510.4,3.2,250.8,12.0,14.0,10.0,58.0,4.0,2.0,0.0
MH_468_532857,Shivni Bk,Shivni Bk,Bhatkuli,Amravati,20.83645,77.65902,521.24,79.46,-15.0,266.8,18.7,244.4,289.3,1.5,21.7,12.0,14.0,10.0,58.0,4.0,2.0,0.0
MH_475_539500,Jarawandi,Jarawandi,Etapalli,Gadchiroli,19.99428,80.44293,802.78,344.01,-15.0,211.1,14.8,193.4,228.9,1.5,138.6,12.0,14.0,10.0,58.0,4.0,2.0,0.0
MH_470_560059,Ghatnandur,Ghatnandur,Ambejogai,Beed,18.73416,76.562,380.72,87.64,-15.0,288.8,20.2,264.5,313.0,1.5,335.6,12.0,14.0,10.0,58.0,4.0,2.0,0.0
MH_492_565365,Katalwadi Tarf Anjanwel,Katalwadi Tarf Anjanwel,Guhagar,Ratnagiri,17.52989,73.16885,32.25,132.49,5.0,958.7,67.1,878.2,1039.2,14.5,193.1,12.0,14.0,10.0,58.0,4.0,2.0,0.0
MH_499_530781,Jamb,Jamb,Mangrulpir,Washim,20.32027,77.29475,478.1,102.51,-15.0,274.1,19.2,251.1,297.1,1.5,6.4,12.0,14.0,10.0,58.0,4.0,2.0,0.0
MH_480_567031,Jawali,Jawali,Shahuwadi,Kolhapur,16.94131,73.85152,58.91,45.78,-1.2,553.8,38.8,507.3,600.4,3.2,221.8,12.0,14.0,10.0,58.0,4.0,2.0,0.0
MH_485_545014,Khaprala,Khaprala,Biloli,Nanded,18.84599,77.68271,498.26,49.17,-15.0,266.3,18.6,244.0,288.7,1.5,22.7,12.0,14.0,10.0,58.0,4.0,2.0,0.0
MH_497_552986,Bhopar,Bhopar,Kalyan,Thane,19.19447,73.07422,36.75,95.67,1.2,52.9,3.7,48.5,57.4,1.8,189.1,12.0,14.0,10.0,58.0,4.0,2.0,0.0
MH_475_538594,Wadadha,Wadadha,Armori,Gadchiroli,20.34707,80.09136,769.48,323.4,-15.0,218.2,15.3,199.8,236.5,1.5,123.8,12.0,14.0,10.0,58.0,4.0,2.0,0.0
MH_468_533332,Zadgaon,Zadgaon,Dhamangaon Railway,Amravati,20.75699,78.25844,582.28,139.63,-15.0,254.8,17.8,233.5,276.2,1.5,46.9,12.0,14.0,10.0,58.0,4.0,2.0,0.0
MH_494_563053,Renawale,Renawale,Wai,Satara,18.01214,73.76748,75.12,58.24,0.7,600.1,42.0,549.7,650.5,14.5,218.2,12.0,14.0,10.0,58.0,4.0,2.0,0.0
MH_474_526466,Behed,Behed,Dhule,Dhule,21.10718,74.61227,223.07,47.81,-15.0,462.5,32.4,423.6,501.4,3.2,253.7,12.0,14.0,10.0,58.0,4.0,2.0,0.0
MH_485_545670,Pendpalli,Pendpalli,Deglur,Nanded,18.44337,77.51942,473.34,76.58,-15.0,269.6,18.9,246.9,292.3,1.5,15.8,12.0,14.0,10.0,58.0,4.0,2.0,0.0
MH_492_564931,Bhopan,Bhopan,Dapoli,Ratnagiri,17.61695,73.23613,26.46,120.49,11.2,918.3,64.3,841.2,995.5,14.5,195.9,12.0,14.0,10.0,58.0,4.0,2.0,0.0
MH_468_532573,Ghota,Ghota,Teosa,Amravati,20.97291,78.04617,563.07,111.44,-15.0,259.1,18.1,237.4,280.8,1.5,37.9,12.0,14.0,10.0,58.0,4.0,2.0,0.0
MH_468_532205,Bhalond,Bhalond,Morshi,Amravati,21.31999,77.83597,548.31,87.65,-15.0,263.3,18.4,241.2,285.4,1.5,29.1,12.0,14.0,10.0,58.0,4.0,2.0,0.0
MH_476_537654,Dhanutola,Dhanutola,Goregaon,Gondia,21.3952,80.1344,784.06,325.45,-15.0,217.3,15.2,199.1,235.6,1.5,125.6,12.0,14.0,10.0,58.0,4.0,2.0,0.0
MH_476_537688,Alebedar,Alebedar,Goregaon,Gondia,21.29541,80.06619,775.51,317.94,-15.0,218.7,15.3,200.3,237.0,1.5,122.8,12.0,14.0,10.0,58.0,4.0,2.0,0.0
MH_499_530802,Golwadi,Golwadi,Mangrulpir,Washim,20.28315,77.29351,477.71,106.42,-15.0,274.1,19.2,251.1,297.2,1.5,6.3,12.0,14.0,10.0,58.0,4.0,2.0,0.0
MH_484_535097,Deoli,Deoli,Kalameshwar,Nagpur,21.38028,78.75321,642.75,182.75,-15.0,244.9,17.1,224.4,265.5,1.5,67.6,12.0,14.0,10.0,58.0,4.0,2.0,0.0
MH_475_539189,Suimara,Suimara,Gadchiroli,Gadchiroli,20.05493,80.16174,773.91,318.05,-15.0,216.8,15.2,198.5,235.0,1.5,126.8,12.0,14.0,10.0,58.0,4.0,2.0,0.0
MH_481_560555,Daithana,Daithana,Shirur-Anantpal,Latur,18.35547,76.91916,409.26,91.99,-15.0,281.6,19.7,258.0,305.3,1.5,350.6,12.0,14.0,10.0,58.0,4.0,2.0,0.0
MH_486_525195,Surung,Surung,Akrani,Nandurbar,21.91376,74.21637,247.13,68.27,-9.4,510.0,35.7,467.2,552.9,3.2,237.1,12.0,14.0,10.0,58.0,4.0,2.0,0.0
MH_473_540542,Umari Butti,Umari Butti,Chimur,Chandrapur,20.5409,79.41399,700.1,261.3,-15.0,231.7,16.2,212.3,251.2,1.5,95.4,12.0,14.0,10.0,58.0,4.0,2.0,0.0
MH_478_527654,Adgaon,Adgaon,Parola,Jalgaon,20.75656,75.08988,256.52,56.39,-15.0,318.2,22.3,291.4,345.0,1.5,273.8,12.0,14.0,10.0,58.0,4.0,2.0,0.0
MH_492_564725,Sheware,Sheware,Mandangad,Ratnagiri,17.93152,73.15104,14.98,99.39,3.9,969.4,67.9,887.9,1050.9,14.5,192.3,12.0,14.0,10.0,58.0,4.0,2.0,0.0
MH_467_529668,Warud Wadner,Warud Wadner,Telhara,Akola,20.95729,76.8117,436.22,33.32,-15.0,283.8,19.9,259.9,307.6,1.5,346.1,12.0,14.0,10.0,58.0,4.0,2.0,0.0
MH_498_534283,Dagapur,Dagapur,Deoli,Wardha,20.6399,78.50176,606.47,167.95,-15.0,250.0,17.5,229.0,271.0,1.5,57.1,12.0,14.0,10.0,58.0,4.0,2.0,0.0
MH_473_540782,Dhanoli Poha Chak,Dhanoli Poha Chak,Brahmapuri,Chandrapur,20.56212,79.86462,747.07,305.94,-15.0,222.7,15.6,204.0,241.4,1.5,114.3,12.0,14.0,10.0,58.0,4.0,2.0,0.0
MH_488_561435,Pawarwadi,Pawarwadi,Osmanabad,Osmanabad,18.28781,76.08077,320.62,73.45,-15.0,298.4,20.9,273.3,323.5,1.5,315.4,12.0,14.0,10.0,58.0,4.0,2.0,0.0
MH_498_533893,Juwadi,Juwadi,Seloo,Wardha,20.88089,78.65476,624.61,175.36,-15.0,246.9,17.3,226.1,267.7,1.5,63.5,12.0,14.0,10.0,58.0,4.0,2.0,0.0
MH_498_534339,Dapori,Dapori,Deoli,Wardha,20.5519,78.54215,609.7,175.68,-15.0,249.2,17.4,228.3,270.0,1.5,58.8,12.0,14.0,10.0,58.0,4.0,2.0,0.0
MH_478_527855,Vishnunagar,Vishnunagar,Chalisgaon,Jalgaon,20.35745,74.92599,232.83,59.64,-15.0,424.9,29.7,389.2,460.5,3.2,266.9,12.0,14.0,10.0,58.0,4.0,2.0,0.0
MH_488_561764,Kanthekur,Kanthekur,Umarga,Osmanabad,17.77792,76.5185,352.59,67.04,-15.0,289.6,20.3,265.3,314.0,1.5,333.8,12.0,14.0,10.0,58.0,4.0,2.0,0.0
MH_477_545819,Jamrun Bk,Jamrun Bk,Sengaon,Hingoli,19.79627,76.93699,435.59,86.27,-15.0,281.3,19.7,257.6,304.9,1.5,351.4,12.0,14.0,10.0,58.0,4.0,2.0,0.0
MH_486_525496,Khed Digar,Khed Digar,Shahade,Nandurbar,21.66273,74.57037,253.35,55.64,-15.0,467.6,32.7,428.3,506.8,3.2,252.0,12.0,14.0,10.0,58.0,4.0,2.0,0.0
MH_486_525924,Malai,Malai,Nawapur,Nandurbar,21.16924,74.05166,177.16,21.16,-5.7,529.8,37.1,485.3,574.3,3.2,230.2,12.0,14.0,10.0,58.0,4.0,2.0,0.0
MH_500_543140,Sangam,Sangam,Mahagaon,Yavatmal,19.86839,77.8817,534.73,104.97,-15.0,262.4,18.4,240.3,284.4,1.5,31.0,12.0,14.0,10.0,58.0,4.0,2.0,0.0
MH_478_527627,Undanidigar,Undanidigar,Parola,Jalgaon,20.82583,75.09843,259.29,52.13,-15.0,318.0,22.3,291.3,344.8,1.5,274.1,12.0,14.0,10.0,58.0,4.0,2.0,0.0
MH_470_559390,Talewadi,Talewadi,Manjlegaon,Beed,19.06177,76.16485,349.87,103.03,-15.0,296.7,20.8,271.7,321.7,1.5,318.9,12.0,14.0,10.0,58.0,4.0,2.0,0.0
MH_491_554473,Kumbharghar,Kumbharghar,Sudhagad,Raigad,18.62953,73.23541,38.52,65.72,11.1,947.1,66.3,867.5,1026.6,14.5,195.9,12.0,14.0,10.0,58.0,4.0,2.0,0.0
MH_489_546954,Devinagar Tanda,Devinagar Tanda,Sonpeth,Parbhani,19.00982,76.59748,393.35,74.51,-15.0,288.1,20.2,263.8,312.3,1.5,337.1,52.0,18.0,8.0,16.0,2.0,4.0,0.0
MH_466_557407,Sangvi,Sangvi,Sangamner,Ahmednagar,19.52194,74.09059,135.99,60.81,-6.5,525.1,36.8,481.0,569.3,3.2,231.8,12.0,14.0,10.0,58.0,4.0,2.0,0.0
MH_468_531785,Hantoda,Hantoda,Anjangaon Surji,Amravati,21.14983,77.28511,488.54,30.08,-15.0,274.3,19.2,251.3,297.3,1.5,6.0,12.0,14.0,10.0,58.0,4.0,2.0,0.0
MH_494_564339,Dongarobachiwadi,Dongarobachiwadi,Patan,Satara,17.34913,73.90605,75.76,78.66,-2.4,547.3,38.3,501.3,593.2,3.2,224.1,12.0,14.0,10.0,58.0,4.0,2.0,0.0
MH_486_525452,Ranipur,Ranipur,Shahade,Nandurbar,21.74027,74.50476,253.86,58.23,-15.0,475.4,33.3,435.5,515.4,3.2,249.2,12.0,14.0,10.0,58.0,4.0,2.0,0.0
MH_486_525660,Nimboni Bk,Nimboni Bk,Nandurbar,Nandurbar,21.37779,74.13925,198.84,10.7,-7.6,519.3,36.4,475.6,563.0,3.2,233.8,12.0,14.0,10.0,58.0,4.0,2.0,0.0
MH_480_568187,Hallarwadi,Hallarwadi,Chandgad,Kolhapur,15.91223,74.2676,68.44,87.89,-10.5,729.8,58.4,642.2,817.4,2.5,227.9,12.0,14.0,10.0,58.0,4.0,2.0,0.0
MH_500_542790,Aregaon Kh,Aregaon Kh,Pusad,Yavatmal,19.92373,77.62468,508.53,97.71,-15.0,267.5,18.7,245.1,289.9,1.5,20.2,12.0,14.0,10.0,58.0,4.0,2.0,0.0
MH_476_537755,Marartola,Marartola,Gondiya,Gondia,21.59927,80.19067,793.43,333.29,-15.0,216.2,15.1,198.1,234.3,1.5,128.0,12.0,14.0,10.0,58.0,4.0,2.0,0.0
MH_469_548449,Shindol,Shindol,Soegaon,Aurangabad,20.53081,75.25403,268.77,62.06,-15.0,314.9,22.0,288.5,341.3,1.5,280.7,12.0,14.0,10.0,58.0,4.0,2.0,0.0
MH_473_541634,Hirapur,Hirapur,Korpana,Chandrapur,19.8026,79.11047,662.5,205.27,-15.0,237.8,16.6,217.9,257.7,1.5,82.6,12.0,14.0,10.0,58.0,4.0,2.0,0.0
MH_479_547867,Bhagawan Nagar,Bhagawan Nagar,Ambad,Jalna,19.39616,75.69071,303.18,42.56,-15.0,306.2,21.4,280.5,331.9,1.5,299.0,12.0,14.0,10.0,58.0,4.0,2.0,0.0
MH_468_532210,Indur,Indur,Morshi,Amravati,21.32462,77.87757,552.63,91.99,-15.0,262.4,18.4,240.4,284.5,1.5,30.9,12.0,14.0,10.0,58.0,4.0,2.0,0.0
MH_480_567851,Palyachahuda,Palyachahuda,Bhudargad,Kolhapur,16.14064,74.02967,52.9,64.8,-5.2,532.4,37.3,487.7,577.2,3.2,229.2,12.0,14.0,10.0,58.0,4.0,2.0,0.0
MH_484_536437,Channa,Channa,Kuhi,Nagpur,20.97179,79.52472,715.52,263.16,-15.0,229.5,16.1,210.2,248.8,1.5,100.0,12.0,14.0,10.0,58.0,4.0,2.0,0.0
MH_500_544005,Surdapur,Surdapur,Wani,Yavatmal,19.95653,79.03003,655.18,204.8,-15.0,239.4,16.8,219.2,259.6,1.5,79.3,12.0,14.0,10.0,58.0,4.0,2.0,0.0
MH_468_532865,Umari Mamdabad,Umari Mamdabad,Daryapur,Amravati,21.04286,77.2545,483.14,31.66,-15.0,274.9,19.2,251.9,297.9,1.5,4.7,12.0,14.0,10.0,58.0,4.0,2.0,0.0
MH_476_538363,Zunzaritola,Zunzaritola,Deori,Gondia,21.13113,80.31934,799.37,344.27,-15.0,213.6,15.0,195.6,231.6,1.5,133.4,12.0,14.0,10.0,58.0,4.0,2.0,0.0
MH_491_555030,Sheltoli,Sheltoli,Mahad,Raigad,18.12028,73.50262,55.63,58.48,45.0,763.8,53.5,699.6,828.0,14.5,207.1,12.0,14.0,10.0,58.0,4.0,2.0,0.0
MH_485_544683,Khadki,Khadki,Nanded,Nanded,19.20992,77.22001,461.91,14.83,-15.0,275.6,19.3,252.4,298.8,1.5,3.2,12.0,14.0,10.0,58.0,4.0,2.0,0.0
MH_481_560115,Wanjarkheda Tanda,Wanjarkheda Tanda,Latur,Latur,18.52415,76.36005,354.49,108.69,-15.0,292.8,20.5,268.2,317.4,1.5,327.1,12.0,14.0,10.0,58.0,4.0,2.0,0.0
MH_468_533029,Watpur,Watpur,Nandgaon-Khandeshwar,Amravati,20.76229,77.66993,521.44,84.89,-15.0,266.6,18.7,244.2,289.0,1.5,22.1,4.0,22.0,14.0,52.0,3.0,1.0,4.0
MH_479_547686,Rajewadi,Rajewadi,Badnapur,Jalna,20.02907,75.63786,303.91,68.64,-15.0,307.2,21.5,281.4,333.0,1.5,296.8,12.0,14.0,10.0,58.0,4.0,2.0,0.0
MH_466_557748,Narayanwadi,Narayanwadi,Nevasa,Ahmednagar,19.48365,74.89444,219.81,42.55,-15.0,428.7,30.0,392.7,464.7,3.2,265.6,12.0,14.0,10.0,58.0,4.0,2.0,0.0
MH_481_560856,Halsi [Ha,Halsi [Ha,Nilanga,Latur,17.96904,76.72682,379.39,94.45,-15.0,285.5,20.0,261.5,309.5,1.5,342.5,12.0,14.0,10.0,58.0,4.0,2.0,0.0
MH_484_536609,Tas,Tas,Bhiwapur,Nagpur,20.78669,79.49313,710.5,262.87,-15.0,230.1,16.1,210.8,249.5,1.5,98.7,12.0,14.0,10.0,58.0,4.0,2.0,0.0
MH_475_538763,Jamnara,Jamnara,Korchi,Gadchiroli,20.75974,80.45143,809.61,361.66,-15.0,211.0,14.8,193.2,228.7,1.5,139.0,12.0,14.0,10.0,58.0,4.0,2.0,0.0
MH_469_548817,Bangaon,Bangaon,Aurangabad,Aurangabad,19.92338,75.54111,292.86,53.42,-15.0,309.2,21.6,283.3,335.1,1.5,292.7,12.0,14.0,10.0,58.0,4.0,2.0,0.0
MH_485_545690,Kabirwadi,Kabirwadi,Deglur,Nanded,18.31838,77.37105,455.93,87.23,-15.0,272.6,19.1,249.7,295.5,1.5,9.6,12.0,14.0,10.0,58.0,4.0,2.0,0.0
MH_500_543473,Maregaon,Maregaon,Kelapur,Yavatmal,20.07797,78.51415,602.75,167.34,-15.0,249.7,17.5,228.7,270.7,1.5,57.6,12.0,14.0,10.0,58.0,4.0,2.0,0.0
MH_479_548041,Chincholi,Chincholi,Partur,Jalna,19.56541,76.32374,369.84,107.53,-15.0,293.5,20.5,268.9,318.1,1.5,325.6,12.0,14.0,10.0,58.0,4.0,2.0,0.0
MH_494_563955,Ramkrushna Nagar,Ramkrushna Nagar,Satara,Satara,17.46878,74.07956,98.43,86.44,-6.3,526.5,36.9,482.2,570.7,3.2,231.3,12.0,14.0,10.0,58.0,4.0,2.0,0.0
MH_469_549149,Narayanpur,Narayanpur,Vaijapur,Aurangabad,19.80528,74.6695,200.95,27.98,-15.0,455.7,31.9,417.4,493.9,3.2,256.1,12.0,14.0,10.0,58.0,4.0,2.0,0.0
MH_473_540436,Jambhul Ghat,Jambhul Ghat,Chimur,Chandrapur,20.55133,79.45593,704.53,265.15,-15.0,230.9,16.2,211.4,250.3,1.5,97.1,12.0,14.0,10.0,58.0,4.0,2.0,0.0
MH_481_560624,Sindala Jahagir,Sindala Jahagir,Ausa,Latur,18.32605,76.59563,375.0,105.18,-15.0,288.1,20.2,263.8,312.3,1.5,337.0,12.0,14.0,10.0,58.0,4.0,2.0,0.0
MH_481_560261,Hanumantwadi,Hanumantwadi,Renapur,Latur,18.54855,76.63669,383.57,92.92,-15.0,287.3,20.1,263.1,311.4,1.5,338.7,12.0,14.0,10.0,58.0,4.0,2.0,0.0
MH_491_553385,Kondale,Kondale,Panvel,Raigad,19.06179,73.19858,43.68,90.55,7.3,988.6,69.2,905.6,1071.7,14.5,194.3,12.0,14.0,10.0,58.0,4.0,2.0,0.0
MH_469_548673,Padali Wawana,Padali Wawana,Phulambri,Aurangabad,20.23,75.37193,277.38,81.52,-15.0,312.6,21.9,286.3,338.8,1.5,285.6,12.0,14.0,10.0,58.0,4.0,2.0,0.0
MH_484_534972,Khapari,Khapari,Katol,Nagpur,21.22494,78.65366,629.58,171.44,-15.0,246.9,17.3,226.2,267.7,1.5,63.5,12.0,14.0,10.0,58.0,4.0,2.0,0.0
MH_497_552932,Nadgaon,Nadgaon,Kalyan,Thane,19.33756,73.23209,45.86,73.9,10.7,980.9,68.7,898.5,1063.4,14.5,195.7,12.0,14.0,10.0,58.0,4.0,2.0,0.0
MH_466_558336,Loni Mawala,Loni Mawala,Parner,Ahmednagar,19.03284,74.26644,152.82,71.05,-10.5,504.0,35.3,461.7,546.4,3.2,239.2,12.0,14.0,10.0,58.0,4.0,2.0,0.0
MH_480_568083,Mahalunge Inam,Mahalunge Inam,Chandgad,Kolhapur,15.97868,74.16671,58.89,80.29,-8.3,800.6,64.0,704.6,896.6,2.5,224.2,12.0,14.0,10.0,58.0,4.0,2.0,0.0
MH_480_251625,Kolhapur,Kolhapur,Central,Kolhapur,16.70709,74.23689,104.55,4.01,-9.8,507.6,35.5,465.0,550.2,3.2,237.9,12.0,14.0,10.0,58.0,4.0,2.0,0.0
MH_486_525928,Anthipada,Anthipada,Nawapur,Nandurbar,21.17,73.93499,167.74,31.04,-3.0,543.8,38.1,498.1,589.5,3.2,225.3,12.0,14.0,10.0,58.0,4.0,2.0,0.0
MH_485_544710,Nasaratpur,Nasaratpur,Nanded,Nanded,19.16103,77.27564,466.25,7.25,-15.0,274.5,19.2,251.4,297.5,1.5,5.6,12.0,14.0,10.0,58.0,4.0,2.0,0.0
MH_665_551937,Sakur,Sakur,Jawhar,Palghar,19.86168,73.22195,52.82,33.36,9.6,1010.6,70.7,925.8,1095.4,14.5,195.3,12.0,14.0,10.0,58.0,4.0,2.0,0.0
MH_494_564222,Ghot,Ghot,Patan,Satara,17.47075,73.92224,85.0,90.65,-2.8,545.3,38.2,499.5,591.2,3.2,224.7,12.0,14.0,10.0,58.0,4.0,2.0,0.0
MH_467_529764,Akoli Jahangir,Akoli Jahangir,Akot,Akola,21.16453,77.12388,472.52,13.44,-15.0,277.5,19.4,254.2,300.8,1.5,359.2,12.0,14.0,10.0,58.0,4.0,2.0,0.0
MH_498_533850,Parsodi,Parsodi,Arvi,Wardha,20.81606,78.43176,600.83,154.63,-15.0,251.4,17.6,230.2,272.5,1.5,54.1,12.0,14.0,10.0,58.0,4.0,2.0,0.0
MH_480_567913,Masoli,Masoli,Ajra,Kolhapur,16.08988,74.18003,64.11,67.88,-8.6,514.4,36.0,471.2,557.6,3.2,235.6,12.0,14.0,10.0,58.0,4.0,2.0,0.0
MH_484_534788,Utara,Utara,Narkhed,Nagpur,21.32889,78.27328,592.87,132.72,-15.0,254.5,17.8,233.2,275.9,1.5,47.5,12.0,14.0,10.0,58.0,4.0,2.0,0.0
MH_491_554239,Wadghar,Wadghar,Murud,Raigad,18.40828,72.95909,27.42,94.93,0.1,43.7,3.1,40.0,47.4,1.8,184.3,12.0,14.0,10.0,58.0,4.0,2.0,0.0
MH_494_564423,Taygadewadi,Taygadewadi,Patan,Satara,17.23496,73.99158,78.38,63.48,-4.3,537.0,37.6,491.9,582.1,3.2,227.6,12.0,14.0,10.0,58.0,4.0,2.0,0.0
MH_478_527497,Dheku Seem,Dheku Seem,Amalner,Jalgaon,21.06493,75.01539,259.43,56.85,-15.0,319.7,22.4,292.8,346.6,1.5,270.6,12.0,14.0,10.0,58.0,4.0,2.0,0.0
MH_470_558926,Rautwadi,Rautwadi,Patoda,Beed,18.93873,75.45786,274.44,64.57,-15.0,310.8,21.8,284.7,337.0,1.5,289.2,12.0,14.0,10.0,58.0,4.0,2.0,0.0
MH_489_546479,Sirala,Sirala,Sailu,Parbhani,19.52246,76.41384,379.12,104.18,-15.0,291.7,20.4,267.2,316.2,1.5,329.4,12.0,14.0,10.0,58.0,4.0,2.0,0.0
MH_477_546132,Sukli Valan,Sukli Valan,Kalamnuri,Hingoli,19.71153,77.37806,480.93,68.49,-15.0,272.4,19.1,249.5,295.4,1.5,9.9,12.0,14.0,10.0,58.0,4.0,2.0,0.0
MH_468_532335,Isabpur,Isabpur,Morshi,Amravati,21.14389,77.85613,546.56,88.99,-15.0,262.9,18.4,240.8,285.0,1.5,30.0,12.0,14.0,10.0,58.0,4.0,2.0,0.0
MH_489_547002,Shankarwadi,Shankarwadi,Gangakhed,Parbhani,18.97272,76.70564,402.8,64.06,-15.0,285.9,20.0,261.9,309.9,1.5,341.6,12.0,14.0,10.0,58.0,4.0,2.0,0.0
MH_473_540930,Sawali,Sawali,Sawali,Chandrapur,20.07402,79.78994,735.36,282.43,-15.0,224.2,15.7,205.4,243.0,1.5,111.2,12.0,14.0,10.0,58.0,4.0,2.0,0.0
MH_476_537643,Dawwa,Dawwa,Goregaon,Gondia,21.40513,80.17512,788.39,329.72,-15.0,216.5,15.2,198.3,234.7,1.5,127.4,12.0,14.0,10.0,58.0,4.0,2.0,0.0
MH_495_566525,Revandi,Revandi,Malwan,Sindhudurg,16.09719,73.47718,31.02,102.17,44.5,773.7,54.2,708.7,838.7,14.5,206.0,12.0,14.0,10.0,58.0,4.0,2.0,0.0
MH_495_566665,Bhendamala,Bhendamala,Vengurla,Sindhudurg,15.84635,73.66501,4.04,110.77,3.0,33.2,5.0,25.7,40.7,2.5,205.6,12.0,14.0,10.0,58.0,4.0,2.0,0.0
MH_476_537693,Kamargaon,Kamargaon,Goregaon,Gondia,21.30381,80.2308,792.53,335.01,-15.0,215.4,15.1,197.3,233.5,1.5,129.7,12.0,14.0,10.0,58.0,4.0,2.0,0.0
MH_471_536684,Pangadi,Pangadi,Tumsar,Bhandara,21.47374,79.62435,733.33,273.51,-15.0,227.5,15.9,208.4,246.6,1.5,104.2,12.0,14.0,10.0,58.0,4.0,2.0,0.0
MH_498_534729,Washi,Washi,Samudrapur,Wardha,20.50812,79.03559,660.53,225.07,-15.0,239.3,16.8,219.1,259.4,1.5,79.5,12.0,14.0,10.0,58.0,4.0,2.0,0.0
MH_488_561054,Kokarwadi,Kokarwadi,Paranda,Osmanabad,18.47931,75.31658,246.76,85.95,-15.0,313.7,22.0,287.3,340.1,1.5,283.3,12.0,14.0,10.0,58.0,4.0,2.0,0.0
MH_492_564871,Palgad,Palgad,Dapoli,Ratnagiri,17.82537,73.34263,26.8,94.93,27.4,854.4,59.8,782.7,926.2,14.5,200.4,12.0,14.0,10.0,58.0,4.0,2.0,0.0
MH_494_563655,Bodhewadi,Bodhewadi,Koregaon,Satara,17.82418,74.23216,120.92,51.63,-9.7,508.1,35.6,465.4,550.9,3.2,237.8,12.0,14.0,10.0,58.0,4.0,2.0,0.0
MH_486_525590,Vardhe,Vardhe,Shahade,Nandurbar,21.48079,74.42301,228.78,30.61,-14.0,485.2,34.0,444.4,526.0,3.2,245.8,12.0,14.0,10.0,58.0,4.0,2.0,0.0
MH_467_529907,Malwada,Malwada,Balapur,Akola,20.83336,76.91001,444.04,41.83,-15.0,281.8,19.7,258.2,305.4,1.5,350.2,12.0,14.0,10.0,58.0,4.0,2.0,0.0
MH_481_560454,Belsangvi,Belsangvi,Jalkot,Latur,18.54488,77.09154,430.56,65.51,-15.0,278.2,19.5,254.8,301.6,1.5,357.8,12.0,14.0,10.0,58.0,4.0,2.0,0.0
MH_469_548234,Bhopewadi,Bhopewadi,Kannad,Aurangabad,20.44146,75.23743,265.94,71.57,-15.0,315.3,22.1,288.7,341.8,1.5,280.0,12.0,14.0,10.0,58.0,4.0,2.0,0.0
MH_466_558451,Bhangaon,Bhangaon,Shrigonda,Ahmednagar,18.7411,74.73505,196.77,67.73,-15.0,447.8,31.3,410.2,485.4,3.2,258.9,12.0,14.0,10.0,58.0,4.0,2.0,0.0
MH_489_547139,Khadi,Khadi,Palam,Parbhani,18.93538,76.92635,423.72,43.34,-15.0,281.5,19.7,257.8,305.1,1.5,350.9,12.0,14.0,10.0,58.0,4.0,2.0,0.0
MH_476_538184,Pandharwani,Pandharwani,Arjuni Morgaon,Gondia,20.9546,80.10612,775.46,323.43,-15.0,217.9,15.3,199.5,236.2,1.5,124.5,12.0,14.0,10.0,58.0,4.0,2.0,0.0
MH_488_561414,Mendha,Mendha,Osmanabad,Osmanabad,18.24297,76.26992,339.66,76.67,-15.0,294.6,20.6,269.9,319.3,1.5,323.3,12.0,14.0,10.0,58.0,4.0,2.0,0.0
MH_477_545894,Sawargaon,Sawargaon,Hingoli,Hingoli,19.84246,77.34599,478.66,82.7,-15.0,273.1,19.1,250.2,296.0,1.5,8.5,12.0,14.0,10.0,58.0,4.0,2.0,0.0
MH_472_528290,Wangar,Wangar,Sangrampur,Buldhana,21.16785,76.69033,428.81,32.3,-15.0,286.2,20.0,262.2,310.2,1.5,341.0,12.0,14.0,10.0,58.0,4.0,2.0,0.0
MH_469_549060,Baigaon,Baigaon,Vaijapur,Aurangabad,20.02951,75.01247,238.58,53.64,-15.0,319.8,22.4,292.9,346.6,1.5,270.5,12.0,14.0,10.0,58.0,4.0,2.0,0.0
MH_488_561091,Katrabad,Katrabad,Paranda,Osmanabad,18.23717,75.45871,254.93,80.26,-15.0,310.8,21.8,284.7,337.0,1.5,289.3,12.0,14.0,10.0,58.0,4.0,2.0,0.0
MH_467_529790,Miyache Khede,Miyache Khede,Akot,Akola,21.07799,77.04203,462.23,14.25,-15.0,279.2,19.5,255.8,302.6,1.5,355.8,12.0,14.0,10.0,58.0,4.0,2.0,0.0
MH_478_527480,Radhavan,Radhavan,Amalner,Jalgaon,20.987,75.1332,267.96,44.38,-15.0,317.3,22.2,290.7,344.0,1.5,275.6,12.0,14.0,10.0,58.0,4.0,2.0,0.0
MH_496_562257,Penur,Penur,Mohol,Solapur,17.77871,75.50132,249.51,44.59,-15.0,310.0,21.7,283.9,336.0,1.5,291.1,12.0,14.0,10.0,58.0,4.0,2.0,0.0
MH_469_548745,Waghola,Waghola,Phulambri,Aurangabad,20.05446,75.48627,288.13,64.66,-15.0,310.3,21.7,284.2,336.3,1.5,290.4,12.0,14.0,10.0,58.0,4.0,2.0,0.0
MH_491_553788,Shiravali Tarf Chhattishi,Shiravali Tarf Chhattishi,Khalapur,Raigad,18.7769,73.21832,39.72,71.99,9.2,964.0,67.5,883.0,1045.0,14.5,195.2,12.0,14.0,10.0,58.0,4.0,2.0,0.0
MH_491_554742,Salshet,Salshet,Tala,Raigad,18.35028,73.20338,47.68,71.08,7.7,953.7,66.8,873.6,1033.9,14.5,194.5,12.0,14.0,10.0,58.0,4.0,2.0,0.0
MH_494_563024,Dodani,Dodani,Mahabaleshwar,Satara,17.77945,73.64398,58.75,86.25,29.7,673.6,47.2,617.0,730.3,14.5,213.0,12.0,14.0,10.0,58.0,4.0,2.0,0.0
MH_479_547434,Pimpalgaon Kad,Pimpalgaon Kad,Jafferabad,Jalna,20.21917,75.90093,332.28,94.83,-15.0,302.0,21.1,276.7,327.3,1.5,307.8,12.0,14.0,10.0,58.0,4.0,2.0,0.0
MH_470_559508,Pimpalwadi,Pimpalwadi,Bid,Beed,18.93045,75.67081,296.61,74.34,-15.0,306.6,21.5,280.8,332.4,1.5,298.2,12.0,14.0,10.0,58.0,4.0,2.0,0.0
MH_476_538065,Amgaon Kh,Amgaon Kh,Central,Gondia,21.30511,80.48776,818.95,361.63,-15.0,210.2,14.7,192.6,227.9,1.5,140.5,12.0,14.0,10.0,58.0,4.0,2.0,0.0
MH_478_527871,Bambarud Pr Bordar,Bambarud Pr Bordar,Pachora,Jalgaon,20.76844,75.50229,298.66,27.52,-15.0,310.0,21.7,283.9,336.0,1.5,291.1,12.0,14.0,10.0,58.0,4.0,2.0,0.0
MH_479_547364,Nimgaon,Nimgaon,Bhokardan,Jalna,20.18033,75.74008,315.23,88.55,-15.0,305.2,21.4,279.5,330.9,1.5,301.1,12.0,14.0,10.0,58.0,4.0,2.0,0.0
MH_484_535057,Salai,Salai,Katol,Nagpur,21.15522,78.65522,628.53,171.69,-15.0,246.9,17.3,226.1,267.7,1.5,63.5,12.0,14.0,10.0,58.0,4.0,2.0,0.0
MH_488_561686,Kalnimbala,Kalnimbala,Umarga,Osmanabad,17.91122,76.50851,355.42,70.68,-15.0,289.8,20.3,265.5,314.2,1.5,333.4,12.0,14.0,10.0,58.0,4.0,2.0,0.0
MH_498_533641,Fefarwada,Fefarwada,Karanja,Wardha,20.99612,78.36217,595.93,143.12,-15.0,252.8,17.7,231.5,274.0,1.5,51.2,12.0,14.0,10.0,58.0,4.0,2.0,0.0
MH_473_541689,Dhanakdevi,Dhanakdevi,Jiwati,Chandrapur,19.65652,79.06275,656.91,194.98,-15.0,238.7,16.7,218.7,258.8,1.5,80.6,12.0,14.0,10.0,58.0,4.0,2.0,0.0
MH_499_531136,Dhoni,Dhoni,Manora,Washim,20.13498,77.47924,496.4,116.61,-15.0,270.4,18.9,247.7,293.1,1.5,14.1,12.0,14.0,10.0,58.0,4.0,2.0,0.0
MH_488_561115,Andhora,Andhora,Paranda,Osmanabad,18.31534,75.53194,264.19,83.6,-15.0,309.4,21.7,283.3,335.4,1.5,292.3,12.0,14.0,10.0,58.0,4.0,2.0,0.0
MH_485_544269,Maregaon,Maregaon,Kinwat,Nanded,19.67902,78.14358,560.8,109.43,-15.0,257.1,18.0,235.5,278.7,1.5,42.0,12.0,14.0,10.0,58.0,4.0,2.0,0.0
MH_473_541207,Dewada,Dewada,Bhadravati,Chandrapur,20.13484,79.36267,691.53,244.77,-15.0,232.7,16.3,213.2,252.3,1.5,93.2,12.0,14.0,10.0,58.0,4.0,2.0,0.0
MH_498_533965,Godapur,Godapur,Seloo,Wardha,20.79856,78.65842,624.11,177.85,-15.0,246.8,17.3,226.1,267.6,1.5,63.7,12.0,14.0,10.0,58.0,4.0,2.0,0.0
MH_485_545188,Mugaon Tanda,Mugaon Tanda,Naigaon  (Khairgaon),Nanded,18.72643,77.51097,477.79,47.1,-15.0,269.8,18.9,247.1,292.5,1.5,15.5,12.0,14.0,10.0,58.0,4.0,2.0,0.0
MH_471_537345,Ranala,Ranala,Pauni,Bhandara,20.83112,79.73357,735.79,286.69,-15.0,225.3,15.8,206.4,244.3,1.5,108.8,12.0,14.0,10.0,58.0,4.0,2.0,0.0
MH_498_533794,Sukli,Sukli,Arvi,Wardha,20.89864,78.40337,598.86,149.44,-15.0,251.9,17.6,230.8,273.1,1.5,52.9,12.0,14.0,10.0,58.0,4.0,2.0,0.0
MH_476_537563,Nimgaon,Nimgaon,Tirora,Gondia,21.39489,80.02418,772.77,314.05,-15.0,219.5,15.4,201.0,238.0,1.5,121.0,12.0,14.0,10.0,58.0,4.0,2.0,0.0
MH_500_543243,Talni,Talni,Arni,Yavatmal,20.08676,78.15611,565.71,141.71,-15.0,256.9,18.0,235.3,278.5,1.5,42.6,12.0,14.0,10.0,58.0,4.0,2.0,0.0
MH_497_552638,Sawandhe,Sawandhe,Bhiwandi,Thane,19.32329,73.07984,30.57,83.22,1.3,53.4,3.7,48.9,57.8,1.8,189.4,12.0,14.0,10.0,58.0,4.0,2.0,0.0
MH_492_565939,Puragaon,Puragaon,Lanja,Ratnagiri,16.8247,73.54742,32.1,70.85,43.0,731.5,51.2,670.1,793.0,14.5,209.0,12.0,14.0,10.0,58.0,4.0,2.0,0.0
MH_469_549027,Chikatgaon,Chikatgaon,Vaijapur,Aurangabad,20.14133,74.79036,216.05,34.16,-15.0,441.2,30.9,404.1,478.2,3.2,261.2,12.0,14.0,10.0,58.0,4.0,2.0,0.0
MH_489_546998,Dharkhed,Dharkhed,Gangakhed,Parbhani,18.9982,76.76847,409.96,57.0,-15.0,284.6,19.9,260.8,308.5,1.5,344.3,12.0,14.0,10.0,58.0,4.0,2.0,0.0
MH_486_525259,Palkha,Palkha,Akrani,Nandurbar,21.79529,74.20999,236.72,55.08,-9.2,510.8,35.8,467.8,553.8,3.2,236.8,12.0,14.0,10.0,58.0,4.0,2.0,0.0
MH_480_568094,Majareshirgaon,Majareshirgaon,Chandgad,Kolhapur,15.94313,74.20928,62.63,84.17,-9.2,703.0,56.2,618.7,787.3,2.5,225.7,12.0,14.0,10.0,58.0,4.0,2.0,0.0
MH_475_539536,Gadadapalli,Gadadapalli,Etapalli,Gadchiroli,19.89279,80.30386,787.66,326.96,-15.0,213.9,15.0,195.9,231.9,1.5,132.8,12.0,14.0,10.0,58.0,4.0,2.0,0.0
MH_495_566797,Mulade,Mulade,Kudal,Sindhudurg,16.00266,73.7147,18.27,93.24,1.9,631.2,44.2,578.1,684.2,14.5,216.0,12.0,14.0,10.0,58.0,4.0,2.0,0.0
MH_497_552713,Koshimbade,Koshimbade,Shahapur,Thane,19.49582,73.18945,42.2,60.91,6.5,1013.6,71.0,928.4,1098.8,14.5,194.0,12.0,14.0,10.0,58.0,4.0,2.0,0.0
MH_491_553362,Pisarve,Pisarve,Panvel,Raigad,19.09749,73.09164,36.03,101.75,1.6,54.3,3.8,49.8,58.9,1.8,189.8,12.0,14.0,10.0,58.0,4.0,2.0,0.0
MH_470_559850,Pimparwada,Pimparwada,Dharur,Beed,18.87661,76.1409,343.15,112.26,-15.0,297.2,20.8,272.2,322.1,1.5,317.9,12.0,14.0,10.0,58.0,4.0,2.0,0.0
MH_489_546806,Indewadi,Indewadi,Parbhani,Parbhani,19.12867,76.69982,406.57,63.14,-15.0,286.0,20.0,262.0,310.0,1.5,341.4,12.0,14.0,10.0,58.0,4.0,2.0,0.0
MH_489_546820,Rajura,Rajura,Manwath,Parbhani,19.39516,76.63372,402.08,77.26,-15.0,287.3,20.1,263.2,311.4,1.5,338.6,12.0,14.0,10.0,58.0,4.0,2.0,0.0
MH_479_548032,Rohina Bk,Rohina Bk,Partur,Jalna,19.63308,76.26586,364.16,102.27,-15.0,294.7,20.6,270.0,319.4,1.5,323.2,12.0,14.0,10.0,58.0,4.0,2.0,0.0
MH_665_552275,Chahade,Chahade,Palghar,Palghar,19.69238,72.82834,32.54,78.4,0.0,33.3,2.3,30.5,36.0,1.8,178.8,12.0,14.0,10.0,58.0,4.0,2.0,0.0
MH_500_542152,Tambha,Tambha,Babulgaon,Yavatmal,20.54631,78.29147,583.65,152.6,-15.0,254.2,17.8,232.8,275.5,1.5,48.2,12.0,14.0,10.0,58.0,4.0,2.0,0.0
MH_479_547319,Dautpur,Dautpur,Bhokardan,Jalna,20.24328,75.86406,328.66,90.94,-15.0,302.7,21.2,277.3,328.2,1.5,306.3,12.0,14.0,10.0,58.0,4.0,2.0,0.0
MH_494_563003,Harchandi,Harchandi,Mahabaleshwar,Satara,17.79309,73.70365,64.99,83.39,2.2,637.8,44.6,584.3,691.3,14.5,215.6,12.0,14.0,10.0,58.0,4.0,2.0,0.0
MH_472_528687,Sirmil,Sirmil,Motala,Buldhana,20.75318,76.04005,353.32,57.47,-15.0,299.2,20.9,274.1,324.3,1.5,313.7,12.0,14.0,10.0,58.0,4.0,2.0,0.0
MH_492_565858,Jangalwadi,Jangalwadi,Sangameshwar,Ratnagiri,16.96785,73.60196,32.21,70.27,36.6,698.8,48.9,640.1,757.5,14.5,211.3,12.0,14.0,10.0,58.0,4.0,2.0,0.0
MH_470_558960,Yewalwadi,Yewalwadi,Patoda,Beed,18.77833,75.5204,278.26,83.52,-15.0,309.6,21.7,283.6,335.6,1.5,291.9,12.0,14.0,10.0,58.0,4.0,2.0,0.0
MH_485_545518,Lonal,Lonal,Mukhed,Nanded,18.5618,77.51197,474.54,63.87,-15.0,269.8,18.9,247.1,292.4,1.5,15.5,12.0,14.0,10.0,58.0,4.0,2.0,0.0
MH_468_531650,Doma,Doma,Chikhaldara,Amravati,21.5436,77.56337,526.89,69.73,-15.0,268.7,18.8,246.2,291.3,1.5,17.7,12.0,14.0,10.0,58.0,4.0,2.0,0.0
MH_486_525423,Juwani,Juwani,Talode,Nandurbar,21.66827,74.32438,234.76,42.92,-11.8,497.1,34.8,455.3,538.8,3.2,241.6,12.0,14.0,10.0,58.0,4.0,2.0,0.0
MH_474_526120,Dhamane,Dhamane,Sindkhede,Dhule,21.35506,74.64954,239.94,46.96,-15.0,458.1,32.1,419.5,496.6,3.2,255.3,12.0,14.0,10.0,58.0,4.0,2.0,0.0
MH_485_544912,Sawargaon,Sawargaon,Umri,Nanded,19.0662,77.75235,511.24,47.68,-15.0,265.0,18.5,242.8,287.2,1.5,25.6,12.0,14.0,10.0,58.0,4.0,2.0,0.0
MH_500_543689,Gadeghat,Gadeghat,Ralegaon,Yavatmal,20.25123,78.69786,623.89,194.44,-15.0,246.0,17.2,225.4,266.7,1.5,65.3,12.0,14.0,10.0,58.0,4.0,2.0,0.0
MH_478_526887,Borkhede,Borkhede,Raver,Jalgaon,21.23447,76.06439,368.32,57.97,-15.0,298.7,20.9,273.6,323.8,1.5,314.7,12.0,14.0,10.0,58.0,4.0,2.0,0.0
MH_496_562224,Yellamwadi,Yellamwadi,Mohol,Solapur,17.95092,75.6548,271.65,42.35,-15.0,306.9,21.5,281.1,332.7,1.5,297.5,12.0,14.0,10.0,58.0,4.0,2.0,0.0
MH_475_539657,Tumargunda Bk,Tumargunda Bk,Etapalli,Gadchiroli,19.59774,80.24633,779.41,314.02,-15.0,215.1,15.1,197.0,233.2,1.5,130.3,12.0,14.0,10.0,58.0,4.0,2.0,0.0
MH_492_566122,Kond Dasur,Kond Dasur,Rajapur,Ratnagiri,16.75383,73.44598,30.51,80.52,42.4,792.4,55.5,725.8,859.0,14.5,204.7,12.0,14.0,10.0,58.0,4.0,2.0,0.0
MH_481_560332,Yertar,Yertar,Ahmadpur,Latur,18.75446,76.89065,414.78,57.71,-15.0,282.2,19.8,258.4,305.9,1.5,349.4,12.0,14.0,10.0,58.0,4.0,2.0,0.0
MH_468_531496,Malur,Malur,Dharni,Amravati,21.60551,77.14516,487.45,47.53,-15.0,277.1,19.4,253.8,300.4,1.5,0.1,12.0,14.0,10.0,58.0,4.0,2.0,0.0
MH_484_536235,Kinhala,Kinhala,Umred,Nagpur,20.85403,79.06514,666.76,217.77,-15.0,238.7,16.7,218.7,258.7,1.5,80.7,12.0,14.0,10.0,58.0,4.0,2.0,0.0
MH_472_529380,Pimpalner,Pimpalner,Deolgaon Raja,Buldhana,20.00479,76.04683,346.48,96.22,-15.0,299.1,20.9,274.0,324.1,1.5,314.0,12.0,14.0,10.0,58.0,4.0,2.0,0.0
MH_496_561932,Akole Kh,Akole Kh,Madha,Solapur,18.07173,75.19162,224.22,65.22,-15.0,316.2,22.1,289.6,342.7,1.5,278.0,12.0,14.0,10.0,58.0,4.0,2.0,0.0
MH_469_548357,Palasgaon,Palasgaon,Kannad,Aurangabad,20.21167,75.11357,250.36,68.25,-15.0,317.7,22.2,291.1,344.4,1.5,274.8,12.0,14.0,10.0,58.0,4.0,2.0,0.0
MH_477_546262,Wasphal,Wasphal,Kalamnuri,Hingoli,19.36631,77.33979,476.19,29.91,-15.0,273.2,19.1,250.3,296.1,1.5,8.3,12.0,14.0,10.0,58.0,4.0,2.0,0.0
MH_474_526296,Tembhe Pr Bhamer,Tembhe Pr Bhamer,Sakri,Dhule,21.01922,74.38729,197.83,36.77,-13.2,489.5,34.3,448.4,530.7,3.2,244.3,12.0,14.0,10.0,58.0,4.0,2.0,0.0
MH_485_545018,Kautha,Kautha,Biloli,Nanded,18.82706,77.71581,501.2,53.23,-15.0,265.7,18.6,243.4,288.0,1.5,24.1,12.0,14.0,10.0,58.0,4.0,2.0,0.0
MH_473_541169,Khutwanda Dixit,Khutwanda Dixit,Bhadravati,Chandrapur,20.27827,79.30434,687.21,247.38,-15.0,233.9,16.4,214.2,253.6,1.5,90.8,12.0,14.0,10.0,58.0,4.0,2.0,0.0
MH_475_539530,Kanhalgaon,Kanhalgaon,Etapalli,Gadchiroli,19.89643,80.33288,790.71,330.0,-15.0,213.3,14.9,195.5,231.2,1.5,134.0,12.0,14.0,10.0,58.0,4.0,2.0,0.0
MH_492_566229,Pahiliwadi,Pahiliwadi,Rajapur,Ratnagiri,16.65059,73.70985,57.68,52.5,2.0,634.1,44.4,580.8,687.4,14.5,215.8,12.0,14.0,10.0,58.0,4.0,2.0,0.0
MH_491_554897,Khargaon Bk,Khargaon Bk,Mhasla,Raigad,18.15694,73.11262,38.65,88.19,2.2,999.5,70.0,915.5,1083.5,14.5,190.7,12.0,14.0,10.0,58.0,4.0,2.0,0.0
MH_473_541129,Kondha,Kondha,Bhadravati,Chandrapur,20.14225,79.07536,661.78,219.1,-15.0,238.5,16.7,218.5,258.5,1.5,81.2,12.0,14.0,10.0,58.0,4.0,2.0,0.0
MH_494_564114,Saygaon,Saygaon,Jaoli,Satara,17.78747,73.93866,89.89,78.91,-3.1,543.4,38.0,497.8,589.0,3.2,225.4,12.0,14.0,10.0,58.0,4.0,2.0,0.0
MH_480_567258,Nivachiwadi,Nivachiwadi,Panhala,Kolhapur,16.62395,73.99429,84.37,23.49,-4.4,536.7,37.6,491.6,581.8,3.2,227.8,12.0,14.0,10.0,58.0,4.0,2.0,0.0
MH_494_564573,Pashchimsupane,Pashchimsupane,Karad,Satara,17.29552,74.10994,92.52,66.91,-7.0,522.8,36.6,478.9,566.7,3.2,232.6,12.0,14.0,10.0,58.0,4.0,2.0,0.0
MH_474_526145,Jogshelu,Jogshelu,Sindkhede,Dhule,21.31028,74.66262,238.5,47.94,-15.0,456.5,32.0,418.1,494.9,3.2,255.8,12.0,14.0,10.0,58.0,4.0,2.0,0.0
MH_495_566917,Kas,Kas,Sawantwadi,Sindhudurg,15.78388,73.83849,23.86,108.93,-0.9,51.2,5.0,43.7,58.7,2.5,212.0,12.0,14.0,10.0,58.0,4.0,2.0,0.0
MH_485_545493,Kolgaon,Kolgaon,Mukhed,Nanded,18.65916,77.47831,472.96,52.49,-15.0,270.4,18.9,247.8,293.1,1.5,14.1,12.0,14.0,10.0,58.0,4.0,2.0,0.0
MH_492_565021,Wadi Jaitapur,Wadi Jaitapur,Khed,Ratnagiri,17.80729,73.48982,42.33,88.92,44.9,766.1,53.6,701.8,830.4,14.5,206.6,12.0,14.0,10.0,58.0,4.0,2.0,0.0
MH_468_532208,Khed,Khed,Morshi,Amravati,21.29989,77.85212,549.48,89.0,-15.0,263.0,18.4,240.9,285.0,1.5,29.8,12.0,14.0,10.0,58.0,4.0,2.0,0.0
MH_486_525305,Genda,Genda,Akrani,Nandurbar,21.89652,74.25318,248.12,66.56,-10.2,505.6,35.4,463.1,548.1,3.2,238.6,12.0,14.0,10.0,58.0,4.0,2.0,0.0
MH_491_554509,Ambole,Ambole,Sudhagad,Raigad,18.56255,73.23272,39.18,65.17,10.8,945.7,66.2,866.2,1025.1,14.5,195.8,12.0,14.0,10.0,58.0,4.0,2.0,0.0
MH_479_547304,Bhaydi,Bhaydi,Bhokardan,Jalna,20.28166,75.83025,325.53,85.73,-15.0,303.4,21.2,278.0,328.8,1.5,304.9,12.0,14.0,10.0,58.0,4.0,2.0,0.0
MH_471_537390,Rajkota,Rajkota,Pauni,Bhandara,20.7668,79.59414,720.83,273.6,-15.0,228.1,16.0,208.9,247.3,1.5,103.0,12.0,14.0,10.0,58.0,4.0,2.0,0.0
MH_500_542207,Dighi 2,Dighi 2,Babulgaon,Yavatmal,20.50162,78.13844,567.33,141.51,-15.0,257.2,18.0,235.6,278.8,1.5,41.8,12.0,14.0,10.0,58.0,4.0,2.0,0.0
MH_478_527165,Pilkhede,Pilkhede,Jalgaon,Jalgaon,21.14224,75.46754,306.39,17.56,-15.0,310.6,21.7,284.6,336.7,1.5,289.6,12.0,14.0,10.0,58.0,4.0,2.0,0.0
MH_498_534714,Wakdari,Wakdari,Samudrapur,Wardha,20.59547,79.16542,674.76,234.77,-15.0,236.7,16.6,216.8,256.6,1.5,84.9,12.0,14.0,10.0,58.0,4.0,2.0,0.0
MH_472_528843,Warna,Warna,Khamgaon,Buldhana,20.61947,76.46933,395.57,84.88,-15.0,290.6,20.3,266.3,315.0,1.5,331.7,12.0,14.0,10.0,58.0,4.0,2.0,0.0
MH_498_534172,Waifad,Waifad,Wardha,Wardha,20.75842,78.4233,599.37,155.72,-15.0,251.5,17.6,230.4,272.7,1.5,53.8,12.0,14.0,10.0,58.0,4.0,2.0,0.0
MH_479_547842,Tadhadgaon,Tadhadgaon,Ambad,Jalna,19.51195,75.90911,326.21,63.86,-15.0,301.8,21.1,276.5,327.1,1.5,308.2,12.0,14.0,10.0,58.0,4.0,2.0,0.0
MH_466_557238,Agar,Agar,Akola,Ahmednagar,19.55764,74.01558,128.63,53.56,-4.9,534.1,37.4,489.3,579.0,3.2,228.7,12.0,14.0,10.0,58.0,4.0,2.0,0.0
MH_480_567737,Baleghol,Baleghol,Kagal,Kolhapur,16.3096,74.31325,88.48,45.06,-11.5,498.4,34.9,456.5,540.3,3.2,241.2,12.0,14.0,10.0,58.0,4.0,2.0,0.0
MH_500_542545,Chorodi,Chorodi,Darwha,Yavatmal,20.37986,77.81126,532.28,124.21,-15.0,263.8,18.5,241.6,286.0,1.5,28.1,12.0,14.0,10.0,58.0,4.0,2.0,0.0
MH_493_568595,Lengrewadi,Lengrewadi,Atpadi,Sangli,17.35716,74.95124,180.11,96.53,-15.0,421.9,29.5,386.5,457.3,3.2,268.0,12.0,14.0,10.0,58.0,4.0,2.0,0.0
MH_468_531627,Chunkhadi,Chunkhadi,Chikhaldara,Amravati,21.58031,77.41945,513.71,60.62,-15.0,271.6,19.0,248.8,294.4,1.5,11.6,12.0,14.0,10.0,58.0,4.0,2.0,0.0
MH_484_535197,Nanda,Nanda,Kalameshwar,Nagpur,21.16075,78.94397,658.24,201.6,-15.0,241.1,16.9,220.8,261.4,1.5,75.6,12.0,14.0,10.0,58.0,4.0,2.0,0.0
MH_472_528287,Dhulghat,Dhulghat,Sangrampur,Buldhana,21.17223,76.66618,426.5,34.75,-15.0,286.7,20.1,262.6,310.8,1.5,340.0,12.0,14.0,10.0,58.0,4.0,2.0,0.0
MH_468_531458,Bijudhawdi,Bijudhawdi,Dharni,Amravati,21.47486,76.97219,466.03,30.7,-15.0,280.6,19.6,257.0,304.1,1.5,352.8,12.0,14.0,10.0,58.0,4.0,2.0,0.0
MH_496_562347,Isbavi,Isbavi,Pandharpur,Solapur,17.66915,75.30306,225.63,63.28,-15.0,313.9,22.0,287.5,340.3,1.5,282.7,12.0,14.0,10.0,58.0,4.0,2.0,0.0
MH_479_547939,Donsi Tanda No 1,Donsi Tanda No 1,Ghansawangi,Jalna,19.4847,76.10834,347.02,84.75,-15.0,297.8,20.8,272.9,322.8,1.5,316.6,12.0,14.0,10.0,58.0,4.0,2.0,0.0
MH_492_565227,Mirjoli,Mirjoli,Chiplun,Ratnagiri,17.52314,73.49252,53.26,118.17,44.9,764.5,53.5,700.3,828.7,14.5,206.7,12.0,14.0,10.0,58.0,4.0,2.0,0.0
MH_491_553547,Jite,Jite,Karjat,Raigad,19.01268,73.33396,55.48,76.37,25.9,905.2,63.4,829.1,981.3,14.5,200.0,12.0,14.0,10.0,58.0,4.0,2.0,0.0
MH_498_534657,Savangi,Savangi,Samudrapur,Wardha,20.66263,78.82463,640.14,198.7,-15.0,243.5,17.0,223.1,263.9,1.5,70.6,12.0,14.0,10.0,58.0,4.0,2.0,0.0
MH_496_561804,Rajuri,Rajuri,Karmala,Solapur,18.33252,75.00489,210.59,49.25,-15.0,319.9,22.4,293.0,346.8,1.5,270.2,12.0,14.0,10.0,58.0,4.0,2.0,0.0
MH_477_546059,Sanghanaik Tanda,Sanghanaik Tanda,Aundha (Nagnath),Hingoli,19.50539,77.14608,455.81,47.88,-15.0,277.1,19.4,253.8,300.4,1.5,0.1,12.0,14.0,10.0,58.0,4.0,2.0,0.0
MH_492_565662,Peth Purnagad,Peth Purnagad,Ratnagiri,Ratnagiri,16.81858,73.31627,19.14,95.01,22.9,870.2,60.9,797.2,943.3,14.5,199.3,12.0,14.0,10.0,58.0,4.0,2.0,0.0
MH_472_529339,Pimpri Andhale,Pimpri Andhale,Deolgaon Raja,Buldhana,20.14965,76.20686,363.7,116.99,-15.0,295.9,20.7,271.0,320.7,1.5,320.7,12.0,14.0,10.0,58.0,4.0,2.0,0.0
MH_480_567559,Keloshi Bk,Keloshi Bk,Radhanagari,Kolhapur,16.53365,73.99158,84.27,28.9,-4.3,537.0,37.6,491.9,582.1,3.2,227.6,12.0,14.0,10.0,58.0,4.0,2.0,0.0
MH_479_548155,Kirtapur,Kirtapur,Mantha,Jalna,19.77913,76.47281,387.05,115.0,-15.0,290.5,20.3,266.2,314.9,1.5,331.9,12.0,14.0,10.0,58.0,4.0,2.0,0.0
MH_480_567980,Hanimnal,Hanimnal,Gadhinglaj,Kolhapur,16.28019,74.37634,92.43,50.32,-13.0,490.8,34.4,449.6,532.1,3.2,243.8,12.0,14.0,10.0,58.0,4.0,2.0,0.0
MH_469_549411,Nandalgaon,Nandalgaon,Paithan,Aurangabad,19.66121,75.358,269.64,18.93,-15.0,312.8,21.9,286.6,339.1,1.5,285.0,12.0,14.0,10.0,58.0,4.0,2.0,0.0
MH_479_547643,Hastepimpalgaon,Hastepimpalgaon,Jalna,Jalna,19.73319,76.15975,353.95,93.71,-15.0,296.8,20.8,271.8,321.8,1.5,318.7,12.0,14.0,10.0,58.0,4.0,2.0,0.0
MH_469_549338,Bolegaon,Bolegaon,Gangapur,Aurangabad,19.73654,75.05808,239.52,36.52,-15.0,318.8,22.3,292.1,345.6,1.5,272.4,12.0,14.0,10.0,58.0,4.0,2.0,0.0
MH_479_547872,Apegaon,Apegaon,Ambad,Jalna,19.39797,75.61858,295.62,35.28,-15.0,307.6,21.5,281.8,333.4,1.5,296.0,12.0,14.0,10.0,58.0,4.0,2.0,0.0
MH_498_533896,Bramhani,Bramhani,Seloo,Wardha,20.8804,78.69094,628.34,179.05,-15.0,246.2,17.2,225.5,266.8,1.5,65.0,12.0,14.0,10.0,58.0,4.0,2.0,0.0
MH_484_535582,Khindsi,Khindsi,Ramtek,Nagpur,21.37798,79.40442,709.1,249.9,-15.0,231.9,16.2,212.5,251.4,1.5,95.0,12.0,14.0,10.0,58.0,4.0,2.0,0.0
MH_471_537141,Wadad,Wadad,Sakoli,Bhandara,21.0302,80.00755,766.04,312.54,-15.0,219.8,15.4,201.4,238.3,1.5,120.3,12.0,14.0,10.0,58.0,4.0,2.0,0.0
MH_491_553854,Khar Nandai,Khar Nandai,Pen,Raigad,18.81141,73.08629,29.7,86.32,1.5,53.9,3.8,49.3,58.5,1.8,189.6,12.0,14.0,10.0,58.0,4.0,2.0,0.0
MH_466_557230,Mhaladevi,Mhaladevi,Akola,Ahmednagar,19.56959,73.92589,119.52,48.86,-2.8,544.9,38.1,499.2,590.6,3.2,224.9,12.0,14.0,10.0,58.0,4.0,2.0,0.0
MH_498_533578,Nara,Nara,Karanja,Wardha,21.19783,78.37287,600.38,142.33,-15.0,252.5,17.7,231.3,273.8,1.5,51.7,12.0,14.0,10.0,58.0,4.0,2.0,0.0
MH_470_559370,Shelapuri,Shelapuri,Manjlegaon,Beed,19.16535,76.14264,349.19,95.93,-15.0,297.1,20.8,272.2,322.1,1.5,318.0,12.0,14.0,10.0,58.0,4.0,2.0,0.0
MH_492_565944,Bapere,Bapere,Lanja,Ratnagiri,16.805,73.47518,27.76,78.05,44.4,774.9,54.2,709.8,839.9,14.5,206.0,12.0,14.0,10.0,58.0,4.0,2.0,0.0
MH_494_563414,Pandharwadi,Pandharwadi,Man,Satara,17.69134,74.42022,141.49,53.73,-14.0,485.6,34.0,444.8,526.4,3.2,245.6,12.0,14.0,10.0,58.0,4.0,2.0,0.0
MH_466_557851,Dahifal,Dahifal,Shevgaon,Ahmednagar,19.4351,75.27582,259.67,7.65,-15.0,314.5,22.0,288.1,340.9,1.5,281.6,12.0,14.0,10.0,58.0,4.0,2.0,0.0
MH_479_547453,Wankheda,Wankheda,Jafferabad,Jalna,20.29104,76.11236,354.92,98.46,-15.0,297.8,20.8,272.8,322.7,1.5,316.7,12.0,14.0,10.0,58.0,4.0,2.0,0.0
MH_485_545078,Kinhala,Kinhala,Biloli,Nanded,18.75102,77.57941,485.4,48.68,-15.0,268.4,18.8,245.9,291.0,1.5,18.3,12.0,14.0,10.0,58.0,4.0,2.0,0.0
MH_480_567845,Dasewadi,Dasewadi,Bhudargad,Kolhapur,16.196,74.01045,55.22,59.58,-4.7,534.7,37.4,489.9,579.6,3.2,228.4,12.0,14.0,10.0,58.0,4.0,2.0,0.0
MH_492_565823,Belari Bk,Belari Bk,Sangameshwar,Ratnagiri,17.09648,73.67803,41.9,70.91,2.7,653.2,45.7,598.3,708.0,14.5,214.5,12.0,14.0,10.0,58.0,4.0,2.0,0.0
MH_479_548049,Davla,Davla,Partur,Jalna,19.53404,76.36511,374.05,109.33,-15.0,292.7,20.5,268.1,317.3,1.5,327.3,12.0,14.0,10.0,58.0,4.0,2.0,0.0
MH_488_561254,Sarol,Sarol,Washi,Osmanabad,18.59867,75.85979,305.43,105.57,-15.0,302.8,21.2,277.4,328.2,1.5,306.1,12.0,14.0,10.0,58.0,4.0,2.0,0.0
MH_469_548282,Shelgaon,Shelgaon,Kannad,Aurangabad,20.36803,75.43845,286.14,72.49,-15.0,311.2,21.8,285.1,337.4,1.5,288.4,12.0,14.0,10.0,58.0,4.0,2.0,0.0
MH_492_566217,Oshiwale,Oshiwale,Rajapur,Ratnagiri,16.69325,73.66632,51.08,56.85,3.0,660.2,46.2,604.8,715.6,14.5,214.0,12.0,14.0,10.0,58.0,4.0,2.0,0.0
MH_475_540080,Chintalpalli,Chintalpalli,Sironcha,Gadchiroli,18.8019,79.94528,731.39,280.16,-15.0,221.1,15.5,202.5,239.7,1.5,117.7,12.0,14.0,10.0,58.0,4.0,2.0,0.0
MH_476_538344,Alezari,Alezari,Deori,Gondia,21.17117,80.32985,800.93,345.25,-15.0,213.4,14.9,195.5,231.3,1.5,133.9,12.0,14.0,10.0,58.0,4.0,2.0,0.0
MH_477_546297,Waghi,Waghi,Basmath,Hingoli,19.44086,77.1207,453.12,42.32,-15.0,277.6,19.4,254.3,300.9,1.5,359.1,12.0,14.0,10.0,58.0,4.0,2.0,0.0
MH_481_560930,Ambegaon,Ambegaon,Deoni,Latur,18.22476,77.0623,421.71,100.49,-15.0,278.8,19.5,255.4,302.2,1.5,356.6,12.0,14.0,10.0,58.0,4.0,2.0,0.0
MH_498_533664,Khanwadi,Khanwadi,Arvi,Wardha,21.07029,78.23747,584.27,129.15,-15.0,255.3,17.9,233.8,276.7,1.5,46.0,12.0,14.0,10.0,58.0,4.0,2.0,0.0
MH_472_528587,Hingana Nagapur,Hingana Nagapur,Malkapur,Buldhana,20.96649,76.26771,381.03,73.63,-15.0,294.6,20.6,269.9,319.4,1.5,323.2,12.0,14.0,10.0,58.0,4.0,2.0,0.0
MH_494_564147,Gokul Tarf Helwak,Gokul Tarf Helwak,Patan,Satara,17.39095,73.72686,63.59,91.83,1.6,623.9,43.7,571.4,676.3,14.5,216.5,12.0,14.0,10.0,58.0,4.0,2.0,0.0
MH_476_538107,Patekurra,Patekurra,Sadak-Arjuni,Gondia,21.209,80.19663,787.7,331.38,-15.0,216.1,15.1,197.9,234.2,1.5,128.3,12.0,14.0,10.0,58.0,4.0,2.0,0.0
MH_467_530580,Moral,Moral,Barshitakli,Akola,20.50747,77.37721,488.49,86.41,-15.0,272.5,19.1,249.5,295.4,1.5,9.8,12.0,14.0,10.0,58.0,4.0,2.0,0.0
MH_492_565716,Antravali,Antravali,Sangameshwar,Ratnagiri,17.21628,73.59265,40.01,86.42,37.9,704.4,49.3,645.3,763.6,14.5,210.9,12.0,14.0,10.0,58.0,4.0,2.0,0.0
MH_479_548047,Vondegaon,Vondegaon,Partur,Jalna,19.55425,76.3393,371.42,109.09,-15.0,293.2,20.5,268.6,317.8,1.5,326.3,12.0,14.0,10.0,58.0,4.0,2.0,0.0
MH_486_525189,Pimpripada,Pimpripada,Akkalkuwa,Nandurbar,21.55259,74.04889,205.57,32.15,-5.6,530.1,37.1,485.6,574.7,3.2,230.1,12.0,14.0,10.0,58.0,4.0,2.0,0.0
MH_470_558853,Hanumantgaon,Hanumantgaon,Ashti,Beed,18.76853,75.09508,234.78,84.14,-15.0,318.1,22.3,291.3,344.9,1.5,274.0,12.0,14.0,10.0,58.0,4.0,2.0,0.0
MH_470_559923,Parchundi,Parchundi,Parli,Beed,18.91192,76.40915,371.08,95.96,-15.0,291.8,20.4,267.3,316.3,1.5,329.2,12.0,14.0,10.0,58.0,4.0,2.0,0.0
MH_498_534086,Umari,Umari,Wardha,Wardha,20.76117,78.5527,612.8,168.43,-15.0,248.9,17.4,228.1,269.8,1.5,59.2,12.0,14.0,10.0,58.0,4.0,2.0,0.0
MH_500_542505,Wadgaon,Wadgaon,Central,Yavatmal,20.36275,78.12761,565.06,149.7,-15.0,257.4,18.0,235.8,279.0,1.5,41.4,12.0,14.0,10.0,58.0,4.0,2.0,0.0
MH_500_542918,Shilona,Shilona,Pusad,Yavatmal,19.74367,77.60635,504.99,78.45,-15.0,267.9,18.8,245.3,290.4,1.5,19.5,12.0,14.0,10.0,58.0,4.0,2.0,0.0
MH_485_544833,Nagapur,Nagapur,Bhokar,Nanded,19.21105,77.70019,510.44,43.81,-15.0,266.0,18.6,243.7,288.3,1.5,23.4,12.0,14.0,10.0,58.0,4.0,2.0,0.0
MH_467_251316,Patur,Patur,Central,Akola,20.473,76.9251,441.27,81.21,-15.0,281.5,19.7,257.9,305.1,1.5,350.9,12.0,14.0,10.0,58.0,4.0,2.0,0.0
MH_472_528688,Kolhi Golar,Kolhi Golar,Motala,Buldhana,20.74914,76.05975,355.27,59.47,-15.0,298.8,20.9,273.7,323.9,1.5,314.5,12.0,14.0,10.0,58.0,4.0,2.0,0.0
MH_478_527647,Bole,Bole,Parola,Jalgaon,20.79459,75.01874,250.39,61.11,-15.0,319.6,22.4,292.7,346.5,1.5,270.8,12.0,14.0,10.0,58.0,4.0,2.0,0.0
MH_494_564288,Nanegaon Bk,Nanegaon Bk,Patan,Satara,17.40857,73.98958,86.78,81.9,-4.3,537.3,37.6,492.1,582.4,3.2,227.6,12.0,14.0,10.0,58.0,4.0,2.0,0.0
MH_480_567365,Malwadi,Malwadi,Shirol,Kolhapur,16.71109,74.68332,146.95,51.49,-15.0,454.0,31.8,415.8,492.2,3.2,256.7,12.0,14.0,10.0,58.0,4.0,2.0,0.0
MH_486_525699,Hol T Ranale,Hol T Ranale,Nandurbar,Nandurbar,21.39097,74.40659,221.38,23.67,-13.6,487.2,34.1,446.3,528.1,3.2,245.1,12.0,14.0,10.0,58.0,4.0,2.0,0.0
MH_479_547802,Dhangar Pimpari,Dhangar Pimpari,Ambad,Jalna,19.69337,75.8067,316.74,57.27,-15.0,303.9,21.3,278.3,329.4,1.5,303.9,12.0,14.0,10.0,58.0,4.0,2.0,0.0
MH_480_567558,Konoli Tarf Asandoli,Konoli Tarf Asandoli,Radhanagari,Kolhapur,16.5502,73.9616,84.52,30.38,-3.6,540.6,37.8,495.2,586.0,3.2,226.4,12.0,14.0,10.0,58.0,4.0,2.0,0.0
MH_468_532389,Humanpeth,Humanpeth,Warud,Amravati,21.52925,78.34103,604.42,143.61,-15.0,253.2,17.7,231.9,274.4,1.5,50.3,12.0,14.0,10.0,58.0,4.0,2.0,0.0
MH_475_539889,Mosam,Mosam,Aheri,Gadchiroli,19.33304,80.04695,752.52,289.59,-15.0,219.1,15.3,200.7,237.4,1.5,122.0,12.0,14.0,10.0,58.0,4.0,2.0,0.0
MH_471_536915,Maregaon,Maregaon,Bhandara,Bhandara,21.16477,79.5907,724.75,268.63,-15.0,228.2,16.0,209.0,247.4,1.5,102.8,12.0,14.0,10.0,58.0,4.0,2.0,0.0
MH_499_531034,Bhoyani,Bhoyani,Manora,Washim,20.34151,77.5254,502.25,109.98,-15.0,269.5,18.9,246.8,292.2,1.5,16.1,12.0,14.0,10.0,58.0,4.0,2.0,0.0
MH_475_538506,Palasgaon,Palasgaon,Armori,Gadchiroli,20.5302,80.04359,765.44,324.88,-15.0,219.1,15.3,200.8,237.5,1.5,121.8,12.0,14.0,10.0,58.0,4.0,2.0,0.0
MH_494_564212,Dhoroshi,Dhoroshi,Patan,Satara,17.48954,73.9195,86.1,92.72,-2.7,545.7,38.2,499.8,591.5,3.2,224.6,12.0,14.0,10.0,58.0,4.0,2.0,0.0
MH_484_536178,Welsakra,Welsakra,Umred,Nagpur,20.88817,79.26059,687.33,237.15,-15.0,234.8,16.4,215.1,254.5,1.5,88.9,12.0,14.0,10.0,58.0,4.0,2.0,0.0
MH_665_552418,Kalambhon,Kalambhon,Vasai,Palghar,19.50319,72.98652,22.67,74.8,0.2,45.9,3.2,42.1,49.8,1.8,185.4,12.0,14.0,10.0,58.0,4.0,2.0,0.0
MH_479_547531,Panshendra,Panshendra,Jalna,Jalna,19.8881,75.93221,332.47,79.01,-15.0,301.4,21.1,276.0,326.7,1.5,309.2,12.0,14.0,10.0,58.0,4.0,2.0,0.0
MH_485_544164,Bondgavhan Chauphuli,Bondgavhan Chauphuli,Mahoor,Nanded,19.8857,78.08699,556.28,120.16,-15.0,258.3,18.1,236.5,280.0,1.5,39.7,12.0,14.0,10.0,58.0,4.0,2.0,0.0
MH_473_541455,Rampur Zadikar,Rampur Zadikar,Pombhurna,Chandrapur,19.91668,79.59742,714.05,257.35,-15.0,228.1,16.0,208.9,247.3,1.5,103.1,12.0,14.0,10.0,58.0,4.0,2.0,0.0
MH_468_533136,Pahur,Pahur,Nandgaon-Khandeshwar,Amravati,20.64838,77.83008,536.87,105.81,-15.0,263.4,18.4,241.3,285.5,1.5,28.9,4.0,22.0,14.0,52.0,3.0,1.0,4.0
MH_484_536493,Dahegaon,Dahegaon,Kuhi,Nagpur,20.90767,79.51177,713.51,262.67,-15.0,229.8,16.1,210.4,249.1,1.5,99.5,12.0,14.0,10.0,58.0,4.0,2.0,0.0
MH_496_562014,Bhansale,Bhansale,Barshi,Solapur,18.36669,75.73698,286.55,81.54,-15.0,305.3,21.4,279.6,330.9,1.5,301.0,12.0,14.0,10.0,58.0,4.0,2.0,0.0
MH_498_534131,Sawali,Sawali,Wardha,Wardha,20.65128,78.77282,634.65,193.97,-15.0,244.5,17.1,224.0,265.1,1.5,68.5,12.0,14.0,10.0,58.0,4.0,2.0,0.0
MH_476_538269,Ghusobatola,Ghusobatola,Arjuni Morgaon,Gondia,20.93117,79.98004,762.19,310.66,-15.0,220.4,15.4,201.9,238.9,1.5,119.2,12.0,14.0,10.0,58.0,4.0,2.0,0.0
MH_500_542732,Lakhi,Lakhi,Pusad,Yavatmal,20.07054,77.37851,484.95,108.23,-15.0,272.4,19.1,249.5,295.3,1.5,9.9,12.0,14.0,10.0,58.0,4.0,2.0,0.0
MH_494_564514,West Umbraj,West Umbraj,Karad,Satara,17.40835,74.06571,93.7,80.05,-6.0,528.1,37.0,483.7,572.5,3.2,230.8,12.0,14.0,10.0,58.0,4.0,2.0,0.0
MH_468_532176,Durgwada,Durgwada,Chandurbazar,Amravati,21.20004,77.75936,537.85,78.72,-15.0,264.8,18.5,242.6,287.0,1.5,25.9,12.0,14.0,10.0,58.0,4.0,2.0,0.0
MH_492_565493,Watad,Watad,Ratnagiri,Ratnagiri,17.24912,73.28132,28.88,115.21,17.3,891.2,62.4,816.3,966.1,14.5,197.8,12.0,14.0,10.0,58.0,4.0,2.0,0.0
MH_466_558609,Yeswadi,Yeswadi,Karjat,Ahmednagar,18.44351,74.86919,200.78,44.69,-15.0,431.7,30.2,395.5,467.9,3.2,264.5,12.0,14.0,10.0,58.0,4.0,2.0,0.0
MH_475_538890,Sursundi,Sursundi,Dhanora,Gadchiroli,20.44347,80.37731,799.67,354.96,-15.0,212.5,14.9,194.6,230.3,1.5,135.8,12.0,14.0,10.0,58.0,4.0,2.0,0.0
MH_480_567596,Mangoli,Mangoli,Radhanagari,Kolhapur,16.44956,74.0948,82.23,30.02,-6.6,524.6,36.7,480.6,568.7,3.2,232.0,12.0,14.0,10.0,58.0,4.0,2.0,0.0
MH_496_561828,Bhose,Bhose,Karmala,Solapur,18.43025,75.1613,229.5,68.83,-15.0,316.8,22.2,290.1,343.4,1.5,276.8,12.0,14.0,10.0,58.0,4.0,2.0,0.0
MH_473_541012,Pandharwani,Pandharwani,Sindewahi,Chandrapur,20.26289,79.50938,708.28,265.0,-15.0,229.8,16.1,210.5,249.1,1.5,99.4,12.0,14.0,10.0,58.0,4.0,2.0,0.0
MH_665_552216,Vikaswadi,Vikaswadi,Palghar,Palghar,19.72901,72.72104,26.81,87.81,0.0,24.7,1.7,22.6,26.7,1.8,174.3,12.0,14.0,10.0,58.0,4.0,2.0,0.0
MH_471_536905,Sitepar,Sitepar,Bhandara,Bhandara,21.20044,79.56733,722.86,266.15,-15.0,228.7,16.0,209.5,247.9,1.5,101.8,12.0,14.0,10.0,58.0,4.0,2.0,0.0
MH_491_554468,Chandargaon,Chandargaon,Sudhagad,Raigad,18.67319,73.24361,39.53,65.86,12.1,944.1,66.1,864.8,1023.4,14.5,196.2,12.0,14.0,10.0,58.0,4.0,2.0,0.0
MH_500_543855,Loni,Loni,Zari-Jamani,Yavatmal,19.92,78.85963,637.11,187.17,-15.0,242.8,17.0,222.4,263.2,1.5,72.1,12.0,14.0,10.0,58.0,4.0,2.0,0.0
MH_472_528830,Tandulwadi,Tandulwadi,Khamgaon,Buldhana,20.68899,76.45814,395.31,79.97,-15.0,290.8,20.4,266.4,315.3,1.5,331.2,12.0,14.0,10.0,58.0,4.0,2.0,0.0
MH_500_543298,Sakur,Sakur,Arni,Yavatmal,19.90394,77.93379,540.49,111.37,-15.0,261.3,18.3,239.4,283.3,1.5,33.2,12.0,14.0,10.0,58.0,4.0,2.0,0.0
MH_472_528682,Tembhi,Tembhi,Motala,Buldhana,20.77898,76.11296,361.27,62.93,-15.0,297.7,20.8,272.8,322.7,1.5,316.7,12.0,14.0,10.0,58.0,4.0,2.0,0.0
MH_498_533516,Sayyadpur,Sayyadpur,Ashti,Wardha,21.10872,78.16799,577.8,121.55,-15.0,256.6,18.0,235.0,278.2,1.5,43.1,12.0,14.0,10.0,58.0,4.0,2.0,0.0
MH_478_527577,Dahigaon,Dahigaon,Parola,Jalgaon,20.94655,75.18174,271.36,39.9,-15.0,316.4,22.1,289.8,342.9,1.5,277.6,12.0,14.0,10.0,58.0,4.0,2.0,0.0
MH_477_546258,Digras Bk,Digras Bk,Kalamnuri,Hingoli,19.42055,77.31686,473.7,35.69,-15.0,273.7,19.2,250.6,296.7,1.5,7.3,12.0,14.0,10.0,58.0,4.0,2.0,0.0
MH_485_544850,Palaj,Palaj,Bhokar,Nanded,19.24405,77.85085,526.64,60.03,-15.0,263.0,18.4,240.9,285.1,1.5,29.7,12.0,14.0,10.0,58.0,4.0,2.0,0.0
MH_468_532363,Pimpalshenda,Pimpalshenda,Warud,Amravati,21.52721,78.26146,596.36,135.6,-15.0,254.8,17.8,233.4,276.1,1.5,47.0,12.0,14.0,10.0,58.0,4.0,2.0,0.0
MH_500_542406,Dighori,Dighori,Yavatmal,Yavatmal,20.28139,77.99693,550.96,145.54,-15.0,260.1,18.2,238.2,281.9,1.5,35.9,12.0,14.0,10.0,58.0,4.0,2.0,0.0
MH_473_541826,Kostala,Kostala,Rajura,Chandrapur,19.58356,79.39099,691.14,225.88,-15.0,232.2,16.3,212.6,251.7,1.5,94.4,12.0,14.0,10.0,58.0,4.0,2.0,0.0
MH_488_561318,Dabha,Dabha,Kalamb,Osmanabad,18.53266,76.15709,333.84,101.84,-15.0,296.9,20.8,271.9,321.8,1.5,318.6,12.0,14.0,10.0,58.0,4.0,2.0,0.0
MH_498_533906,Kinhi,Kinhi,Seloo,Wardha,20.87518,78.70395,629.63,180.49,-15.0,245.9,17.2,225.3,266.6,1.5,65.6,12.0,14.0,10.0,58.0,4.0,2.0,0.0
MH_469_548699,Pedgaon Alad,Pedgaon Alad,Phulambri,Aurangabad,20.16463,75.6011,300.65,80.33,-15.0,308.0,21.6,282.1,333.9,1.5,295.2,12.0,14.0,10.0,58.0,4.0,2.0,0.0
MH_466_558593,Dhalwadi,Dhalwadi,Karjat,Ahmednagar,18.52007,74.8601,203.0,50.67,-15.0,432.8,30.3,396.4,469.1,3.2,264.1,12.0,14.0,10.0,58.0,4.0,2.0,0.0
MH_496_562451,Tarangfal,Tarangfal,Malshiras,Solapur,17.77613,74.92653,193.47,55.42,-15.0,424.8,29.7,389.2,460.5,3.2,266.9,12.0,14.0,10.0,58.0,4.0,2.0,0.0
MH_665_552034,Devali Tarf Kohaj,Devali Tarf Kohaj,Vada,Palghar,19.6315,73.06379,37.78,59.63,1.0,52.1,3.6,47.8,56.4,1.8,188.7,12.0,14.0,10.0,58.0,4.0,2.0,0.0
MH_500_542429,Rui,Rui,Yavatmal,Yavatmal,20.17374,78.07389,558.45,144.3,-15.0,258.5,18.1,236.8,280.2,1.5,39.1,12.0,14.0,10.0,58.0,4.0,2.0,0.0
MH_500_542165,Malapur,Malapur,Babulgaon,Yavatmal,20.55358,78.14175,568.21,138.7,-15.0,257.2,18.0,235.6,278.8,1.5,42.0,12.0,14.0,10.0,58.0,4.0,2.0,0.0
MH_500_542497,Yela Kh,Yela Kh,Yavatmal,Yavatmal,20.24379,78.36789,589.45,169.34,-15.0,252.6,17.7,231.4,273.9,1.5,51.5,12.0,14.0,10.0,58.0,4.0,2.0,0.0
MH_496_561877,Wangi 4,Wangi 4,Karmala,Solapur,18.15914,75.15013,221.31,60.25,-15.0,317.0,22.2,290.4,343.6,1.5,276.3,12.0,14.0,10.0,58.0,4.0,2.0,0.0
MH_479_547389,Kota Dabhadi,Kota Dabhadi,Bhokardan,Jalna,20.07111,75.76758,317.55,80.16,-15.0,304.6,21.3,279.1,330.2,1.5,302.2,12.0,14.0,10.0,58.0,4.0,2.0,0.0
MH_479_547957,Jiradgaon,Jiradgaon,Ghansawangi,Jalna,19.55568,76.11696,348.15,85.84,-15.0,297.7,20.8,272.7,322.6,1.5,316.9,12.0,14.0,10.0,58.0,4.0,2.0,0.0
MH_466_558191,Malharwadi,Malharwadi,Rahuri,Ahmednagar,19.38541,74.5829,187.01,68.89,-15.0,466.1,32.6,426.9,505.2,3.2,252.5,12.0,14.0,10.0,58.0,4.0,2.0,0.0
MH_472_529472,Pimparkhed Bk,Pimparkhed Bk,Sindkhed Raja,Buldhana,19.93386,76.24914,365.99,110.45,-15.0,295.0,20.7,270.2,319.9,1.5,322.5,12.0,14.0,10.0,58.0,4.0,2.0,0.0
MH_475_539696,Kothi S,Kothi S,Bhamragad,Gadchiroli,19.55231,80.59887,814.24,349.78,-15.0,208.0,14.6,190.5,225.5,1.5,145.2,12.0,14.0,10.0,58.0,4.0,2.0,0.0
MH_477_545980,Kalkondi,Kalkondi,Hingoli,Hingoli,19.77939,77.0271,444.82,80.78,-15.0,279.5,19.6,255.9,303.0,1.5,355.1,12.0,14.0,10.0,58.0,4.0,2.0,0.0
MH_497_553069,Indgaon,Indgaon,Ambarnath,Thane,19.12623,73.30028,56.41,87.99,20.3,930.5,65.1,852.4,1008.6,14.5,198.6,12.0,14.0,10.0,58.0,4.0,2.0,0.0
MH_470_559898,Kaudgaon Ghoda,Kaudgaon Ghoda,Parli,Beed,18.99318,76.45516,378.63,89.59,-15.0,290.9,20.4,266.4,315.4,1.5,331.1,12.0,14.0,10.0,58.0,4.0,2.0,0.0
MH_473_541335,Durgapur,Durgapur,Central,Chandrapur,20.01735,79.29338,683.15,232.44,-15.0,234.1,16.4,214.5,253.8,1.5,90.3,12.0,14.0,10.0,58.0,4.0,2.0,0.0
MH_471_537020,Manegaon Ba,Manegaon Ba,Bhandara,Bhandara,21.07991,79.64519,729.23,274.66,-15.0,227.1,15.9,208.0,246.2,1.5,105.1,12.0,14.0,10.0,58.0,4.0,2.0,0.0
MH_478_527431,Mehargaon,Mehargaon,Amalner,Jalgaon,21.1252,75.10157,270.21,49.26,-15.0,318.0,22.3,291.2,344.7,1.5,274.3,12.0,14.0,10.0,58.0,4.0,2.0,0.0
MH_484_535705,Rahadi,Rahadi,Mauda,Nagpur,21.16448,79.38925,704.03,247.75,-15.0,232.2,16.3,212.7,251.8,1.5,94.3,12.0,14.0,10.0,58.0,4.0,2.0,0.0
MH_466_557413,Gabhanawadi,Gabhanawadi,Sangamner,Ahmednagar,19.46393,74.20442,147.44,67.16,-9.1,511.5,35.8,468.5,554.4,3.2,236.6,12.0,14.0,10.0,58.0,4.0,2.0,0.0
MH_478_527204,Chincholi,Chincholi,Jalgaon,Jalgaon,20.9498,75.60742,313.93,8.31,-15.0,307.9,21.5,282.1,333.7,1.5,295.5,12.0,14.0,10.0,58.0,4.0,2.0,0.0
MH_481_560578,Bevanal,Bevanal,Shirur-Anantpal,Latur,18.32357,76.80017,396.34,101.12,-15.0,284.0,19.9,260.1,307.9,1.5,345.6,12.0,14.0,10.0,58.0,4.0,2.0,0.0
MH_492_565811,Karli,Karli,Sangameshwar,Ratnagiri,17.04041,73.56971,29.22,77.01,40.8,718.2,50.3,657.8,778.5,14.5,209.9,12.0,14.0,10.0,58.0,4.0,2.0,0.0
MH_491_554579,Chach,Chach,Mangaon,Raigad,18.33109,73.35513,61.62,56.7,29.6,861.8,60.3,789.5,934.2,14.5,200.9,12.0,14.0,10.0,58.0,4.0,2.0,0.0
MH_495_566551,Malandi,Malandi,Malwan,Sindhudurg,16.20543,73.5495,39.36,88.52,42.8,730.3,51.1,669.0,791.6,14.5,209.1,12.0,14.0,10.0,58.0,4.0,2.0,0.0
MH_484_534835,Nasirpur,Nasirpur,Narkhed,Nagpur,21.4462,78.48295,616.75,156.03,-15.0,250.3,17.5,229.3,271.3,1.5,56.3,12.0,14.0,10.0,58.0,4.0,2.0,0.0
MH_500_542561,Mahuli,Mahuli,Darwha,Yavatmal,20.31668,77.79888,530.54,128.63,-15.0,264.0,18.5,241.8,286.2,1.5,27.6,12.0,14.0,10.0,58.0,4.0,2.0,0.0
MH_467_530449,Chelaka,Chelaka,Barshitakli,Akola,20.45896,77.02432,451.37,82.44,-15.0,279.5,19.6,256.0,303.0,1.5,355.0,12.0,14.0,10.0,58.0,4.0,2.0,0.0
MH_472_528676,Nipana,Nipana,Motala,Buldhana,20.81163,76.10999,361.59,61.24,-15.0,297.8,20.8,272.8,322.8,1.5,316.6,12.0,14.0,10.0,58.0,4.0,2.0,0.0
MH_491_553374,Chinchavali Tarf Taloje,Chinchavali Tarf Taloje,Panvel,Raigad,19.08149,73.1753,42.46,93.83,5.5,1003.5,70.2,919.2,1087.7,14.5,193.4,12.0,14.0,10.0,58.0,4.0,2.0,0.0
MH_485_544624,Sangvi,Sangvi,Ardhapur,Nanded,19.27529,77.34013,475.36,19.94,-15.0,273.2,19.1,250.3,296.1,1.5,8.3,12.0,14.0,10.0,58.0,4.0,2.0,0.0
MH_473_541531,Korti Tukum,Korti Tukum,Ballarpur,Chandrapur,19.82727,79.43853,696.92,238.34,-15.0,231.2,16.2,211.8,250.7,1.5,96.4,12.0,14.0,10.0,58.0,4.0,2.0,0.0
MH_499_530596,Koldara,Koldara,Malegaon,Washim,20.33818,76.91638,438.9,96.22,-15.0,281.7,19.7,258.0,305.3,1.5,350.5,4.0,22.0,14.0,52.0,3.0,1.0,4.0
MH_665_552261,Wadrai,Wadrai,Palghar,Palghar,19.64947,72.7226,28.9,90.44,0.0,24.8,1.7,22.8,26.8,1.8,174.3,12.0,14.0,10.0,58.0,4.0,2.0,0.0
MH_475_539772,Golaguda,Golaguda,Bhamragad,Gadchiroli,19.39086,80.59782,810.43,347.71,-15.0,208.0,14.6,190.5,225.6,1.5,145.1,12.0,14.0,10.0,58.0,4.0,2.0,0.0
MH_491_554269,Tisle,Tisle,Murud,Raigad,18.32343,72.9997,37.76,92.6,0.3,47.0,3.3,43.0,50.9,1.8,186.0,12.0,14.0,10.0,58.0,4.0,2.0,0.0
MH_466_557151,Murshet,Murshet,Akola,Ahmednagar,19.56486,73.7376,99.98,47.03,1.4,687.9,48.2,630.0,745.7,14.5,217.0,12.0,14.0,10.0,58.0,4.0,2.0,0.0
MH_498_534756,Khapri,Khapri,Samudrapur,Wardha,20.45904,79.12132,669.08,235.35,-15.0,237.6,16.6,217.7,257.5,1.5,83.1,12.0,14.0,10.0,58.0,4.0,2.0,0.0
MH_472_529145,Mungasari,Mungasari,Chikhli,Buldhana,20.32525,76.33655,378.55,111.02,-15.0,293.3,20.5,268.7,317.9,1.5,326.1,12.0,14.0,10.0,58.0,4.0,2.0,0.0
MH_468_533164,Chikhali Vaidya,Chikhali Vaidya,Nandgaon-Khandeshwar,Amravati,20.62595,77.886,542.49,112.0,-15.0,262.3,18.4,240.2,284.4,1.5,31.2,4.0,22.0,14.0,52.0,3.0,1.0,4.0
MH_473_541317,Mhatardevi,Mhatardevi,Chandrapur,Chandrapur,19.95415,79.12038,664.58,213.11,-15.0,237.6,16.6,217.7,257.5,1.5,83.1,12.0,14.0,10.0,58.0,4.0,2.0,0.0
MH_496_562023,Pimpalgaon,Pimpalgaon,Barshi,Solapur,18.311,75.66273,277.62,77.67,-15.0,306.7,21.5,280.9,332.5,1.5,297.8,12.0,14.0,10.0,58.0,4.0,2.0,0.0
MH_499_531196,Anjankhed,Anjankhed,Washim,Washim,20.05943,77.13653,459.76,108.05,-15.0,277.3,19.4,254.0,300.5,1.5,359.7,12.0,14.0,10.0,58.0,4.0,2.0,0.0
MH_494_563577,Mayani,Mayani,Khatav,Satara,17.44658,74.56317,143.45,78.24,-15.0,468.4,32.8,429.1,507.8,3.2,251.7,12.0,14.0,10.0,58.0,4.0,2.0,0.0
MH_491_554767,Pitsai,Pitsai,Tala,Raigad,18.27052,73.0976,47.58,84.47,1.8,54.8,3.8,50.2,59.4,1.8,190.1,12.0,14.0,10.0,58.0,4.0,2.0,0.0
MH_485_545333,Bijewadi,Bijewadi,Kandhar,Nanded,18.85224,77.19614,448.62,29.63,-15.0,276.1,19.3,252.9,299.2,1.5,2.2,12.0,14.0,10.0,58.0,4.0,2.0,0.0
MH_485_544199,Sakru Na Tanda,Sakru Na Tanda,Kinwat,Nanded,19.90674,78.24936,573.39,133.97,-15.0,255.0,17.9,233.5,276.5,1.5,46.5,12.0,14.0,10.0,58.0,4.0,2.0,0.0
MH_485_544869,Raikhod,Raikhod,Bhokar,Nanded,19.1806,77.69335,508.77,42.28,-15.0,266.1,18.6,243.8,288.5,1.5,23.1,12.0,14.0,10.0,58.0,4.0,2.0,0.0
MH_496_562549,Wadegaon,Wadegaon,Sangole,Solapur,17.44003,75.25477,213.57,72.28,-15.0,314.9,22.0,288.5,341.3,1.5,280.7,12.0,14.0,10.0,58.0,4.0,2.0,0.0
MH_489_546632,Sangalewadi,Sangalewadi,Jintur,Parbhani,19.60571,76.79737,419.6,77.09,-15.0,284.1,19.9,260.2,307.9,1.5,345.5,12.0,14.0,10.0,58.0,4.0,2.0,0.0
MH_475_538865,Motazaliya,Motazaliya,Korchi,Gadchiroli,20.47986,80.54178,816.96,372.25,-15.0,209.2,14.6,191.6,226.7,1.5,142.8,12.0,14.0,10.0,58.0,4.0,2.0,0.0
MH_466_558625,Waysewadi,Waysewadi,Karjat,Ahmednagar,18.40018,74.84719,196.97,39.62,-15.0,434.3,30.4,397.9,470.8,3.2,263.6,12.0,14.0,10.0,58.0,4.0,2.0,0.0
MH_466_558024,Midsangavi,Midsangavi,Pathardi,Ahmednagar,19.16353,75.4365,276.19,40.06,-15.0,311.3,21.8,285.1,337.4,1.5,288.3,12.0,14.0,10.0,58.0,4.0,2.0,0.0
MH_480_567030,Gholasvade,Gholasvade,Shahuwadi,Kolhapur,16.94668,73.83623,57.23,47.45,-0.8,555.7,38.9,509.0,602.3,3.2,221.1,12.0,14.0,10.0,58.0,4.0,2.0,0.0
MH_475_538796,Zagadwahi,Zagadwahi,Korchi,Gadchiroli,20.71039,80.5578,820.19,373.42,-15.0,208.8,14.6,191.3,226.4,1.5,143.4,12.0,14.0,10.0,58.0,4.0,2.0,0.0
MH_484_535047,Khapa,Khapa,Katol,Nagpur,21.15803,78.63495,626.5,169.58,-15.0,247.3,17.3,226.5,268.1,1.5,62.7,12.0,14.0,10.0,58.0,4.0,2.0,0.0
MH_472_529451,Rumhana,Rumhana,Sindkhed Raja,Buldhana,19.93498,76.31656,372.98,116.88,-15.0,293.7,20.6,268.9,318.4,1.5,325.3,12.0,14.0,10.0,58.0,4.0,2.0,0.0
MH_491_554627,Tilore,Tilore,Mangaon,Raigad,18.27844,73.25807,55.04,68.43,14.0,917.7,64.2,840.6,994.7,14.5,196.8,12.0,14.0,10.0,58.0,4.0,2.0,0.0
MH_480_567889,Sohale,Sohale,Ajra,Kolhapur,16.13748,74.20722,68.98,62.55,-9.2,511.1,35.8,468.2,554.1,3.2,236.7,12.0,14.0,10.0,58.0,4.0,2.0,0.0
MH_497_552965,Vaholi,Vaholi,Kalyan,Thane,19.24512,73.24644,49.91,82.78,12.4,968.2,67.8,886.8,1049.5,14.5,196.4,12.0,14.0,10.0,58.0,4.0,2.0,0.0
MH_472_528990,Wadali,Wadali,Mehkar,Buldhana,20.40625,76.59702,406.47,97.7,-15.0,288.1,20.2,263.8,312.3,1.5,337.1,12.0,14.0,10.0,58.0,4.0,2.0,0.0
MH_481_560430,Kunki,Kunki,Jalkot,Latur,18.63195,77.1411,437.51,54.66,-15.0,277.2,19.4,253.9,300.5,1.5,359.9,12.0,14.0,10.0,58.0,4.0,2.0,0.0
MH_498_534707,Dongargaon,Dongargaon,Samudrapur,Wardha,20.46851,79.00197,656.74,223.38,-15.0,240.0,16.8,219.8,260.1,1.5,78.1,12.0,14.0,10.0,58.0,4.0,2.0,0.0
MH_485_544259,Navakheda,Navakheda,Kinwat,Nanded,19.68466,78.18907,565.58,113.68,-15.0,256.2,17.9,234.7,277.7,1.5,43.9,12.0,14.0,10.0,58.0,4.0,2.0,0.0
MH_469_549462,Sompuri,Sompuri,Paithan,Aurangabad,19.66073,75.30593,264.21,17.88,-15.0,313.9,22.0,287.5,340.3,1.5,282.8,12.0,14.0,10.0,58.0,4.0,2.0,0.0
MH_484_536300,Bidmohna,Bidmohna,Umred,Nagpur,20.75905,79.20369,680.27,233.99,-15.0,235.9,16.5,216.1,255.7,1.5,86.6,12.0,14.0,10.0,58.0,4.0,2.0,0.0
MH_488_561541,Karla,Karla,Tuljapur,Osmanabad,18.00413,76.21039,328.59,51.29,-15.0,295.8,20.7,271.0,320.6,1.5,320.8,12.0,14.0,10.0,58.0,4.0,2.0,0.0
MH_498_533699,Savlapur,Savlapur,Arvi,Wardha,20.99699,78.24848,584.25,131.47,-15.0,255.0,17.9,233.6,276.5,1.5,46.4,12.0,14.0,10.0,58.0,4.0,2.0,0.0
MH_500_543034,Takali,Takali,Umarkhed,Yavatmal,19.63893,78.13794,560.05,106.38,-15.0,257.2,18.0,235.6,278.8,1.5,41.8,12.0,14.0,10.0,58.0,4.0,2.0,0.0
MH_496_562420,Shiwarvasti,Shiwarvasti,Malshiras,Solapur,17.83567,74.69046,169.45,36.85,-15.0,453.1,31.7,415.1,491.2,3.2,257.0,12.0,14.0,10.0,58.0,4.0,2.0,0.0
MH_486_525205,Nandalwad,Nandalwad,Akrani,Nandurbar,21.8461,74.18048,238.98,60.76,-8.6,514.3,36.0,471.1,557.5,3.2,235.6,12.0,14.0,10.0,58.0,4.0,2.0,0.0
MH_485_544390,Kawtha Tanda,Kawtha Tanda,Himayatnagar,Nanded,19.50761,77.91649,536.56,78.99,-15.0,261.7,18.3,239.7,283.6,1.5,32.5,12.0,14.0,10.0,58.0,4.0,2.0,0.0
MH_495_566622,Warad,Warad,Malwan,Sindhudurg,16.06451,73.64141,22.77,92.44,30.2,675.2,47.3,618.4,731.9,14.5,212.9,12.0,14.0,10.0,58.0,4.0,2.0,0.0
MH_480_567782,Naganwadi,Naganwadi,Bhudargad,Kolhapur,16.27333,74.22205,78.19,47.5,-9.5,509.4,35.7,466.5,552.2,3.2,237.3,12.0,14.0,10.0,58.0,4.0,2.0,0.0
MH_472_528766,Taroda,Taroda,Motala,Buldhana,20.59609,76.26013,373.64,86.11,-15.0,294.8,20.6,270.1,319.5,1.5,322.9,12.0,14.0,10.0,58.0,4.0,2.0,0.0
MH_476_538447,Pouni,Pouni,Deori,Gondia,20.87252,80.39993,805.18,354.73,-15.0,212.0,14.8,194.2,229.8,1.5,136.8,12.0,14.0,10.0,58.0,4.0,2.0,0.0
MH_493_568641,Ped,Ped,Tasgaon,Sangli,17.19634,74.66798,147.19,74.32,-15.0,455.8,31.9,417.6,494.1,3.2,256.1,12.0,14.0,10.0,58.0,4.0,2.0,0.0
MH_471_537143,Mahalgaon,Mahalgaon,Sakoli,Bhandara,21.0207,80.04465,769.77,316.45,-15.0,219.1,15.3,200.7,237.5,1.5,121.9,12.0,14.0,10.0,58.0,4.0,2.0,0.0
MH_471_537261,Rajoli,Rajoli,Lakhani,Bhandara,20.90042,79.83799,747.2,296.38,-15.0,223.2,15.6,204.5,242.0,1.5,113.2,12.0,14.0,10.0,58.0,4.0,2.0,0.0
MH_488_561221,Hiwara,Hiwara,Bhum,Osmanabad,18.46589,75.73974,289.34,92.29,-15.0,305.2,21.4,279.5,330.9,1.5,301.1,12.0,14.0,10.0,58.0,4.0,2.0,0.0
MH_498_534700,Mendula,Mendula,Samudrapur,Wardha,20.49157,78.99513,656.2,221.78,-15.0,240.1,16.8,219.9,260.3,1.5,77.8,12.0,14.0,10.0,58.0,4.0,2.0,0.0
MH_491_554477,Hedvali,Hedvali,Sudhagad,Raigad,18.63992,73.2966,44.95,59.59,19.7,910.8,63.8,834.3,987.4,14.5,198.5,12.0,14.0,10.0,58.0,4.0,2.0,0.0
MH_500_542051,Sonwadhona,Sonwadhona,Ner,Yavatmal,20.42954,77.97859,550.07,132.98,-15.0,260.4,18.2,238.6,282.3,1.5,35.1,12.0,14.0,10.0,58.0,4.0,2.0,0.0
MH_497_552611,Chinchavali Tarf Rahur,Chinchavali Tarf Rahur,Bhiwandi,Thane,19.38497,73.16933,38.77,72.35,5.1,1020.7,71.5,934.9,1106.5,14.5,193.1,12.0,14.0,10.0,58.0,4.0,2.0,0.0
MH_479_547793,Chambharwadi,Chambharwadi,Ambad,Jalna,19.7313,75.75962,312.27,54.58,-15.0,304.8,21.3,279.2,330.4,1.5,301.9,12.0,14.0,10.0,58.0,4.0,2.0,0.0
MH_468_532223,Ladki Bk,Ladki Bk,Morshi,Amravati,21.25885,77.92649,556.11,96.25,-15.0,261.5,18.3,239.5,283.4,1.5,32.9,12.0,14.0,10.0,58.0,4.0,2.0,0.0
MH_477_545803,Kawatha Bk,Kawatha Bk,Sengaon,Hingoli,19.83138,76.83806,425.65,94.65,-15.0,283.2,19.8,259.5,307.0,1.5,347.2,12.0,14.0,10.0,58.0,4.0,2.0,0.0
MH_479_547465,Gopi,Gopi,Jafferabad,Jalna,20.25223,76.08785,352.01,100.58,-15.0,298.2,20.9,273.2,323.3,1.5,315.7,12.0,14.0,10.0,58.0,4.0,2.0,0.0
MH_476_537996,Kunbitola,Kunbitola,Salekasa,Gondia,21.36923,80.46027,817.06,359.01,-15.0,210.8,14.8,193.0,228.6,1.5,139.3,12.0,14.0,10.0,58.0,4.0,2.0,0.0
MH_500_543190,Rahur,Rahur,Mahagaon,Yavatmal,19.71257,77.92356,537.95,94.43,-15.0,261.5,18.3,239.6,283.5,1.5,32.8,12.0,14.0,10.0,58.0,4.0,2.0,0.0
MH_480_567494,Ghanawade,Ghanawade,Karvir,Kolhapur,16.58088,74.04657,91.58,21.04,-5.5,530.4,37.1,485.9,574.9,3.2,230.0,12.0,14.0,10.0,58.0,4.0,2.0,0.0
MH_492_565230,Khandat,Khandat,Chiplun,Ratnagiri,17.53957,73.5501,57.28,114.6,42.8,729.9,51.1,668.6,791.3,14.5,209.1,12.0,14.0,10.0,58.0,4.0,2.0,0.0
MH_468_532891,Golegaon,Golegaon,Daryapur,Amravati,20.89737,77.27625,482.73,44.21,-15.0,274.5,19.2,251.4,297.5,1.5,5.6,12.0,14.0,10.0,58.0,4.0,2.0,0.0
MH_478_528084,Hivari Digar,Hivari Digar,Jamner,Jalgaon,20.68448,75.70015,317.2,39.02,-15.0,306.0,21.4,280.3,331.7,1.5,299.4,12.0,14.0,10.0,58.0,4.0,2.0,0.0
MH_495_566714,Gavatale,Gavatale,Vengurla,Sindhudurg,15.73655,73.70126,15.7,119.63,2.2,6.7,5.0,0.0,14.2,2.5,206.9,12.0,14.0,10.0,58.0,4.0,2.0,0.0
MH_474_526623,Nandale Bk,Nandale Bk,Dhule,Dhule,20.65703,74.82186,226.86,80.4,-15.0,437.4,30.6,400.7,474.1,3.2,262.5,12.0,14.0,10.0,58.0,4.0,2.0,0.0
MH_500_542966,Takali,Takali,Umarkhed,Yavatmal,19.55098,77.73213,517.3,67.61,-15.0,265.4,18.6,243.0,287.7,1.5,24.7,12.0,14.0,10.0,58.0,4.0,2.0,0.0
MH_469_548978,Tajnapur,Tajnapur,Khuldabad,Aurangabad,20.13312,75.34537,273.79,70.56,-15.0,313.1,21.9,286.8,339.4,1.5,284.5,12.0,14.0,10.0,58.0,4.0,2.0,0.0
MH_665_552093,Nandani Gaigotha,Nandani Gaigotha,Vada,Palghar,19.53394,73.01108,26.67,70.63,0.4,47.9,3.4,43.8,52.0,1.8,186.5,12.0,14.0,10.0,58.0,4.0,2.0,0.0
MH_480_567603,Avali Bk,Avali Bk,Radhanagari,Kolhapur,16.48159,74.068,83.46,28.07,-6.0,527.8,36.9,483.6,572.1,3.2,230.9,12.0,14.0,10.0,58.0,4.0,2.0,0.0
MH_471_537244,Mangali,Mangali,Lakhani,Bhandara,20.95195,79.81688,745.51,293.56,-15.0,223.7,15.7,204.8,242.5,1.5,112.3,12.0,14.0,10.0,58.0,4.0,2.0,0.0
MH_466_557225,Ambikanagar,Ambikanagar,Akola,Ahmednagar,19.59056,73.98367,125.87,48.82,-4.1,538.0,37.7,492.7,583.2,3.2,227.3,12.0,14.0,10.0,58.0,4.0,2.0,0.0
MH_472_529094,Kavhala,Kavhala,Chikhli,Buldhana,20.44756,76.40528,387.16,104.02,-15.0,291.9,20.4,267.4,316.4,1.5,329.0,12.0,14.0,10.0,58.0,4.0,2.0,0.0
MH_498_533503,Bhishnur,Bhishnur,Ashti,Wardha,21.11626,78.13662,574.72,118.23,-15.0,257.3,18.0,235.7,278.9,1.5,41.7,12.0,14.0,10.0,58.0,4.0,2.0,0.0
MH_469_548759,Kankora,Kankora,Aurangabad,Aurangabad,19.9839,75.44641,283.88,55.95,-15.0,311.1,21.8,284.9,337.2,1.5,288.7,12.0,14.0,10.0,58.0,4.0,2.0,0.0
MH_476_538424,Tumadikasa,Tumadikasa,Deori,Gondia,20.9192,80.51663,817.64,366.24,-15.0,209.7,14.7,192.0,227.3,1.5,141.7,12.0,14.0,10.0,58.0,4.0,2.0,0.0
MH_494_564076,Sangvi T Medha,Sangvi T Medha,Jaoli,Satara,17.75965,73.79901,75.28,85.83,0.0,580.6,40.6,531.9,629.3,14.5,219.6,12.0,14.0,10.0,58.0,4.0,2.0,0.0
MH_496_562079,Lakshyachiwadi,Lakshyachiwadi,Barshi,Solapur,18.23922,75.6513,275.0,70.6,-15.0,307.0,21.5,281.2,332.8,1.5,297.4,12.0,14.0,10.0,58.0,4.0,2.0,0.0
MH_470_558803,Kakadwadi,Kakadwadi,Ashti,Beed,18.92084,74.939,220.04,74.73,-15.0,423.3,29.6,387.8,458.8,3.2,267.4,12.0,14.0,10.0,58.0,4.0,2.0,0.0
MH_488_561497,Baramgaon Kh,Baramgaon Kh,Osmanabad,Osmanabad,18.11181,76.21908,332.67,61.46,-15.0,295.6,20.7,270.8,320.5,1.5,321.2,12.0,14.0,10.0,58.0,4.0,2.0,0.0
MH_498_533732,Ahmadabad,Ahmadabad,Arvi,Wardha,20.9842,78.1926,578.31,126.03,-15.0,256.1,17.9,234.7,277.6,1.5,44.1,12.0,14.0,10.0,58.0,4.0,2.0,0.0
MH_493_568909,Kontya Boblad,Kontya Boblad,Jat,Sangli,16.99123,75.6466,249.16,78.03,-15.0,307.1,21.5,281.3,332.9,1.5,297.2,12.0,14.0,10.0,58.0,4.0,2.0,0.0
MH_468_533072,Onkar Kheda,Onkar Kheda,Nandgaon-Khandeshwar,Amravati,20.6991,77.85369,539.79,104.7,-15.0,262.9,18.4,240.8,285.0,1.5,29.9,4.0,22.0,14.0,52.0,3.0,1.0,4.0
MH_475_538674,Chikhaldhokada,Chikhaldhokada,Kurkheda,Gadchiroli,20.63134,80.31992,794.87,350.57,-15.0,213.6,15.0,195.6,231.6,1.5,133.4,12.0,14.0,10.0,58.0,4.0,2.0,0.0
MH_475_538882,Yermagad,Yermagad,Dhanora,Gadchiroli,20.46902,80.42238,804.48,360.41,-15.0,211.6,14.8,193.8,229.3,1.5,137.7,12.0,14.0,10.0,58.0,4.0,2.0,0.0
MH_492_564748,Pacharal,Pacharal,Mandangad,Ratnagiri,17.98284,73.20041,22.49,91.69,7.5,939.8,65.8,860.8,1018.7,14.5,194.4,12.0,14.0,10.0,58.0,4.0,2.0,0.0
MH_489_546506,Karadgaon,Karadgaon,Sailu,Parbhani,19.45608,76.51624,389.74,91.3,-15.0,289.7,20.3,265.3,314.0,1.5,333.7,12.0,14.0,10.0,58.0,4.0,2.0,0.0
MH_479_547288,Paradh Bk,Paradh Bk,Bhokardan,Jalna,20.41974,75.93696,338.38,76.45,-15.0,301.3,21.1,275.9,326.6,1.5,309.4,12.0,14.0,10.0,58.0,4.0,2.0,0.0
MH_497_552976,Dahagaon,Dahagaon,Kalyan,Thane,19.22141,73.26199,52.39,84.69,14.5,957.8,67.0,877.4,1038.2,14.5,197.0,12.0,14.0,10.0,58.0,4.0,2.0,0.0
MH_473_540577,Bamhangaon,Bamhangaon,Chimur,Chandrapur,20.4202,79.32649,690.17,256.89,-15.0,233.5,16.3,213.9,253.0,1.5,91.7,12.0,14.0,10.0,58.0,4.0,2.0,0.0
MH_494_563336,Tardaf,Tardaf,Phaltan,Satara,17.85225,74.35683,134.18,40.66,-12.5,493.2,34.5,451.8,534.6,3.2,243.0,12.0,14.0,10.0,58.0,4.0,2.0,0.0
MH_485_544498,Wategaon,Wategaon,Hadgaon,Nanded,19.47119,77.6839,512.16,57.68,-15.0,266.3,18.6,244.0,288.6,1.5,22.7,12.0,14.0,10.0,58.0,4.0,2.0,0.0
MH_466_558070,Vadgaongupta,Vadgaongupta,Nagar,Ahmednagar,19.15976,74.72754,202.59,70.99,-15.0,448.7,31.4,411.0,486.4,3.2,258.6,12.0,14.0,10.0,58.0,4.0,2.0,0.0
MH_498_533947,Kshirsamudra,Kshirsamudra,Seloo,Wardha,20.82311,78.5906,617.34,170.34,-15.0,248.2,17.4,227.3,269.1,1.5,60.8,12.0,14.0,10.0,58.0,4.0,2.0,0.0
MH_484_535410,Khandala,Khandala,Parseoni,Nagpur,21.33675,79.24271,691.83,232.89,-15.0,235.1,16.5,215.3,254.9,1.5,88.2,12.0,14.0,10.0,58.0,4.0,2.0,0.0
MH_468_532202,Hirapur,Hirapur,Morshi,Amravati,21.33517,77.88047,553.17,92.47,-15.0,262.4,18.4,240.3,284.5,1.5,31.0,12.0,14.0,10.0,58.0,4.0,2.0,0.0
MH_475_539411,Bahadupur,Bahadupur,Chamorshi,Gadchiroli,19.77774,79.96342,751.55,289.26,-15.0,220.7,15.5,202.1,239.3,1.5,118.5,12.0,14.0,10.0,58.0,4.0,2.0,0.0
MH_495_566371,Bhattiwadi,Bhattiwadi,Vaibhavvadi,Sindhudurg,16.5292,73.82646,75.94,44.1,-0.6,556.8,39.0,510.0,603.6,3.2,220.7,12.0,14.0,10.0,58.0,4.0,2.0,0.0
MH_484_535496,Lakhapur,Lakhapur,Ramtek,Nagpur,21.56735,79.43918,716.38,255.83,-15.0,231.2,16.2,211.8,250.7,1.5,96.4,12.0,14.0,10.0,58.0,4.0,2.0,0.0
MH_665_551922,Radhanagari,Radhanagari,Jawhar,Palghar,19.92974,73.29926,59.67,24.15,20.1,967.3,67.7,886.0,1048.5,14.5,198.6,12.0,14.0,10.0,58.0,4.0,2.0,0.0
MH_488_561216,Warewadgaon,Warewadgaon,Bhum,Osmanabad,18.46049,75.62741,277.71,94.62,-15.0,307.5,21.5,281.7,333.3,1.5,296.4,12.0,14.0,10.0,58.0,4.0,2.0,0.0
MH_473_541287,Walni,Walni,Chandrapur,Chandrapur,19.99747,79.428,696.99,244.29,-15.0,231.4,16.2,212.0,250.9,1.5,96.0,12.0,14.0,10.0,58.0,4.0,2.0,0.0
MH_473_540165,Girsawali,Girsawali,Warora,Chandrapur,20.31794,78.88821,644.0,214.43,-15.0,242.2,17.0,221.8,262.6,1.5,73.3,12.0,14.0,10.0,58.0,4.0,2.0,0.0
MH_665_551933,Shiroshi,Shiroshi,Jawhar,Palghar,19.85839,73.14412,45.04,41.35,3.6,1057.2,74.0,968.4,1146.0,14.5,192.1,12.0,14.0,10.0,58.0,4.0,2.0,0.0
MH_500_543973,Pimpari,Pimpari,Wani,Yavatmal,20.07141,79.03251,656.53,211.21,-15.0,239.3,16.8,219.2,259.5,1.5,79.4,12.0,14.0,10.0,58.0,4.0,2.0,0.0
MH_484_535648,Adegaon,Adegaon,Mauda,Nagpur,21.34988,79.50757,719.14,260.36,-15.0,229.8,16.1,210.5,249.2,1.5,99.3,12.0,14.0,10.0,58.0,4.0,2.0,0.0
MH_470_558743,Salewadgaon,Salewadgaon,Ashti,Beed,19.01311,74.97487,225.38,64.0,-15.0,419.0,29.3,383.9,454.2,3.2,268.9,12.0,14.0,10.0,58.0,4.0,2.0,0.0
MH_474_526164,Sukwad,Sukwad,Sindkhede,Dhule,21.28793,74.80392,249.99,62.58,-15.0,439.5,30.8,402.6,476.5,3.2,261.8,12.0,14.0,10.0,58.0,4.0,2.0,0.0
MH_475_539239,Murkhala Chak,Murkhala Chak,Chamorshi,Gadchiroli,19.92229,79.84504,739.93,281.97,-15.0,223.1,15.6,204.4,241.8,1.5,113.5,12.0,14.0,10.0,58.0,4.0,2.0,0.0
MH_475_539849,Nagepalli S,Nagepalli S,Aheri,Gadchiroli,19.44088,80.05853,756.27,292.02,-15.0,218.8,15.3,200.5,237.2,1.5,122.5,12.0,14.0,10.0,58.0,4.0,2.0,0.0
MH_476_538205,Rampuri,Rampuri,Arjuni Morgaon,Gondia,20.93447,80.14519,779.32,327.68,-15.0,217.1,15.2,198.9,235.3,1.5,126.1,12.0,14.0,10.0,58.0,4.0,2.0,0.0
MH_475_538780,Jambhali,Jambhali,Korchi,Gadchiroli,20.72375,80.44322,808.43,361.42,-15.0,211.1,14.8,193.4,228.9,1.5,138.6,12.0,14.0,10.0,58.0,4.0,2.0,0.0
MH_491_554972,Vagheri,Vagheri,Mahad,Raigad,18.24126,73.46753,62.39,51.57,44.1,790.3,55.3,724.0,856.7,14.5,205.6,12.0,14.0,10.0,58.0,4.0,2.0,0.0
MH_475_538539,Tultuli,Tultuli,Armori,Gadchiroli,20.45575,80.26116,787.64,344.56,-15.0,214.8,15.0,196.8,232.8,1.5,131.0,12.0,14.0,10.0,58.0,4.0,2.0,0.0
MH_471_537350,Mohari,Mohari,Pauni,Bhandara,20.78323,79.75131,737.25,289.36,-15.0,225.0,15.7,206.1,243.8,1.5,109.6,12.0,14.0,10.0,58.0,4.0,2.0,0.0
MH_470_558922,Kantalwadi,Kantalwadi,Patoda,Beed,18.97808,75.44103,273.21,59.89,-15.0,311.2,21.8,285.0,337.3,1.5,288.5,12.0,14.0,10.0,58.0,4.0,2.0,0.0
MH_474_526522,Saundane,Saundane,Dhule,Dhule,20.84396,74.83033,233.12,78.0,-15.0,436.4,30.5,399.8,473.0,3.2,262.9,12.0,14.0,10.0,58.0,4.0,2.0,0.0
MH_496_562839,Akkalkot,Akkalkot,Akkalkot,Solapur,17.56244,76.22161,316.67,35.45,-15.0,295.6,20.7,270.7,320.4,1.5,321.3,12.0,14.0,10.0,58.0,4.0,2.0,0.0
MH_499_530990,Malkapur,Malkapur,Karanja,Washim,20.44508,77.4519,495.54,96.19,-15.0,271.0,19.0,248.2,293.8,1.5,13.0,12.0,14.0,10.0,58.0,4.0,2.0,0.0
MH_495_566687,Matond,Matond,Vengurla,Sindhudurg,15.83498,73.71795,9.81,109.08,1.8,15.1,5.0,7.6,22.6,2.5,207.6,12.0,14.0,10.0,58.0,4.0,2.0,0.0
MH_489_546520,Asola,Asola,Jintur,Parbhani,19.77698,76.55972,396.08,108.13,-15.0,288.8,20.2,264.6,313.0,1.5,335.5,12.0,14.0,10.0,58.0,4.0,2.0,0.0
MH_472_529200,Kolara,Kolara,Chikhli,Buldhana,20.3073,76.30735,375.33,110.23,-15.0,293.9,20.6,269.1,318.6,1.5,324.9,12.0,14.0,10.0,58.0,4.0,2.0,0.0
MH_665_552151,Sonale Kh,Sonale Kh,Vada,Palghar,19.6412,73.22922,52.37,45.76,10.4,996.3,69.7,912.7,1080.0,14.5,195.6,12.0,14.0,10.0,58.0,4.0,2.0,0.0
MH_467_529682,Babhulgaon,Babhulgaon,Telhara,Akola,20.92895,76.81124,435.61,35.94,-15.0,283.8,19.9,259.9,307.7,1.5,346.1,12.0,14.0,10.0,58.0,4.0,2.0,0.0
MH_470_559810,Pahadi Dahifal,Pahadi Dahifal,Dharur,Beed,18.94652,76.04272,335.71,99.34,-15.0,299.1,20.9,274.1,324.2,1.5,313.8,12.0,14.0,10.0,58.0,4.0,2.0,0.0
MH_473_541396,Manda Tukum,Manda Tukum,Mul,Chandrapur,19.98863,79.55078,709.72,255.71,-15.0,229.0,16.0,209.8,248.2,1.5,101.1,12.0,14.0,10.0,58.0,4.0,2.0,0.0
MH_470_559848,Choramba,Choramba,Dharur,Beed,18.88892,76.06801,336.41,105.46,-15.0,298.6,20.9,273.6,323.7,1.5,314.9,12.0,14.0,10.0,58.0,4.0,2.0,0.0
MH_496_562114,Tambewadi,Tambewadi,Barshi,Solapur,18.15494,75.9419,304.05,56.32,-15.0,301.2,21.1,275.8,326.5,1.5,309.6,12.0,14.0,10.0,58.0,4.0,2.0,0.0
MH_473_541108,Govardip Rith,Govardip Rith,Bhadravati,Chandrapur,20.18021,79.1122,666.06,224.6,-15.0,237.8,16.6,217.8,257.7,1.5,82.7,12.0,14.0,10.0,58.0,4.0,2.0,0.0
MH_471_536944,Khamata,Khamata,Bhandara,Bhandara,21.21307,79.68715,735.36,278.56,-15.0,226.3,15.8,207.3,245.2,1.5,106.9,12.0,14.0,10.0,58.0,4.0,2.0,0.0
MH_467_529666,Jafarapur,Jafarapur,Telhara,Akola,20.9878,76.82193,437.88,29.97,-15.0,283.6,19.8,259.8,307.3,1.5,346.5,12.0,14.0,10.0,58.0,4.0,2.0,0.0
MH_475_538946,Jangada Bk,Jangada Bk,Dhanora,Gadchiroli,20.35447,80.27173,788.3,340.88,-15.0,214.6,15.0,196.6,232.6,1.5,131.4,12.0,14.0,10.0,58.0,4.0,2.0,0.0
MH_500_543036,Kharbi,Kharbi,Umarkhed,Yavatmal,19.62236,78.16876,563.22,108.07,-15.0,256.6,18.0,235.0,278.2,1.5,43.1,12.0,14.0,10.0,58.0,4.0,2.0,0.0
MH_472_529283,Umarkhed,Umarkhed,Buldana,Buldhana,20.39933,76.095,354.41,87.79,-15.0,298.1,20.9,273.0,323.2,1.5,316.0,12.0,14.0,10.0,58.0,4.0,2.0,0.0
MH_499_530663,Warangi,Warangi,Malegaon,Washim,20.27459,76.96278,443.22,102.97,-15.0,280.7,19.7,257.1,304.4,1.5,352.4,4.0,22.0,14.0,52.0,3.0,1.0,4.0
MH_500_542055,Indira Nagar,Indira Nagar,Ner,Yavatmal,20.4154,77.94622,546.59,131.47,-15.0,261.1,18.3,239.1,283.0,1.5,33.7,12.0,14.0,10.0,58.0,4.0,2.0,0.0
MH_475_539567,Wangeturi,Wangeturi,Etapalli,Gadchiroli,19.75833,80.53419,811.18,346.95,-15.0,209.3,14.7,191.7,227.0,1.5,142.4,12.0,14.0,10.0,58.0,4.0,2.0,0.0
MH_475_539159,Pulkhal,Pulkhal,Gadchiroli,Gadchiroli,20.13506,79.96109,753.74,301.55,-15.0,220.8,15.5,202.2,239.4,1.5,118.4,12.0,14.0,10.0,58.0,4.0,2.0,0.0
MH_473_999999,Reserved Forest,Reserved Forest,Central,Chandrapur,20.65082,79.6016,720.51,277.01,-15.0,228.0,16.0,208.8,247.2,1.5,103.3,12.0,14.0,10.0,58.0,4.0,2.0,0.0
MH_477_545882,Umarkhoja,Umarkhoja,Hingoli,Hingoli,19.85774,77.29566,473.57,84.26,-15.0,274.1,19.2,251.0,297.1,1.5,6.4,12.0,14.0,10.0,58.0,4.0,2.0,0.0
MH_498_534501,Kasapur,Kasapur,Hinganghat,Wardha,20.41522,78.79526,634.87,206.0,-15.0,244.1,17.1,223.6,264.6,1.5,69.4,12.0,14.0,10.0,58.0,4.0,2.0,0.0
MH_478_527412,Kharde,Kharde,Amalner,Jalgaon,21.14162,74.96369,257.73,63.58,-15.0,420.4,29.4,385.1,455.6,3.2,268.5,12.0,14.0,10.0,58.0,4.0,2.0,0.0
MH_466_557686,Suregaon Gangapur,Suregaon Gangapur,Nevasa,Ahmednagar,19.61919,74.89718,221.15,44.24,-15.0,428.3,30.0,392.3,464.3,3.2,265.7,12.0,14.0,10.0,58.0,4.0,2.0,0.0
MH_476_537779,Lahitola,Lahitola,Gondiya,Gondia,21.5265,80.17465,790.44,330.74,-15.0,216.5,15.2,198.3,234.7,1.5,127.3,12.0,14.0,10.0,58.0,4.0,2.0,0.0
MH_665_552354,Ten,Ten,Palghar,Palghar,19.70788,72.92511,35.58,68.34,0.1,41.0,2.9,37.5,44.5,1.8,182.9,12.0,14.0,10.0,58.0,4.0,2.0,0.0
MH_479_251424,Ambad,Ambad,Central,Jalna,19.58228,75.83127,318.39,56.42,-15.0,303.4,21.2,277.9,328.8,1.5,304.9,12.0,14.0,10.0,58.0,4.0,2.0,0.0
MH_498_534438,Ganeshpur,Ganeshpur,Hinganghat,Wardha,20.57276,78.83085,639.85,202.59,-15.0,243.4,17.0,223.0,263.8,1.5,70.9,12.0,14.0,10.0,58.0,4.0,2.0,0.0
MH_466_558132,Sonewadi,Sonewadi,Nagar,Ahmednagar,19.01775,74.69789,196.91,82.89,-15.0,452.3,31.7,414.2,490.3,3.2,257.3,12.0,14.0,10.0,58.0,4.0,2.0,0.0
MH_488_561287,Bahula,Bahula,Kalamb,Osmanabad,18.6306,75.90825,311.33,109.04,-15.0,301.8,21.1,276.5,327.2,1.5,308.1,12.0,14.0,10.0,58.0,4.0,2.0,0.0
MH_489_547120,Anjanwadi,Anjanwadi,Palam,Parbhani,19.00927,76.99487,433.01,33.62,-15.0,280.1,19.6,256.6,303.6,1.5,353.8,12.0,14.0,10.0,58.0,4.0,2.0,0.0
MH_466_557838,Barhanpur,Barhanpur,Shevgaon,Ahmednagar,19.26702,75.13561,245.51,31.12,-15.0,317.3,22.2,290.6,343.9,1.5,275.7,12.0,14.0,10.0,58.0,4.0,2.0,0.0
MH_470_558869,Wanvewadi,Wanvewadi,Ashti,Beed,18.83127,75.29971,256.74,74.36,-15.0,314.0,22.0,287.6,340.4,1.5,282.6,12.0,14.0,10.0,58.0,4.0,2.0,0.0
MH_479_547791,Sadesawangi,Sadesawangi,Ambad,Jalna,19.73891,75.73539,309.84,52.78,-15.0,305.3,21.4,279.6,331.0,1.5,300.9,12.0,14.0,10.0,58.0,4.0,2.0,0.0
MH_496_562741,Aherwadi,Aherwadi,Solapur South,Solapur,17.51583,75.98626,291.19,17.5,-15.0,300.3,21.0,275.1,325.5,1.5,311.4,12.0,14.0,10.0,58.0,4.0,2.0,0.0
MH_499_531126,Girat,Girat,Manora,Washim,20.19505,77.45135,493.69,121.21,-15.0,271.0,19.0,248.2,293.8,1.5,13.0,12.0,14.0,10.0,58.0,4.0,2.0,0.0
MH_479_547844,Bangaon,Bangaon,Ambad,Jalna,19.48503,75.91343,326.59,64.32,-15.0,301.7,21.1,276.4,327.1,1.5,308.4,12.0,14.0,10.0,58.0,4.0,2.0,0.0
MH_485_545340,Patalganga,Patalganga,Kandhar,Nanded,18.82355,77.16493,444.66,33.86,-15.0,276.7,19.4,253.4,300.0,1.5,0.9,12.0,14.0,10.0,58.0,4.0,2.0,0.0
MH_484_536617,Nagtaroli,Nagtaroli,Bhiwapur,Nagpur,20.80586,79.54433,715.97,267.73,-15.0,229.1,16.0,209.9,248.3,1.5,100.9,12.0,14.0,10.0,58.0,4.0,2.0,0.0
MH_495_566706,Varachiker,Varachiker,Vengurla,Sindhudurg,15.7621,73.68237,12.24,118.03,2.6,2.8,5.0,0.0,10.3,2.5,206.2,12.0,14.0,10.0,58.0,4.0,2.0,0.0
MH_489_546615,Kharadadi,Kharadadi,Jintur,Parbhani,19.64677,76.77363,417.34,82.13,-15.0,284.5,19.9,260.6,308.4,1.5,344.5,12.0,14.0,10.0,58.0,4.0,2.0,0.0
MH_466_558367,Hanga,Hanga,Parner,Ahmednagar,18.99833,74.49327,175.43,85.43,-15.0,476.8,33.4,436.7,516.9,3.2,248.7,12.0,14.0,10.0,58.0,4.0,2.0,0.0
MH_493_568626,Turchi,Turchi,Tasgaon,Sangli,17.08321,74.54741,133.02,56.41,-15.0,470.3,32.9,430.8,509.8,3.2,251.0,12.0,14.0,10.0,58.0,4.0,2.0,0.0
MH_470_558954,Gandhanwadi,Gandhanwadi,Patoda,Beed,18.83003,75.47119,274.72,76.64,-15.0,310.6,21.7,284.5,336.6,1.5,289.8,12.0,14.0,10.0,58.0,4.0,2.0,0.0
MH_481_560798,Hanmantwadi Halgara,Hanmantwadi Halgara,Nilanga,Latur,18.12751,76.86473,398.5,115.07,-15.0,282.7,19.8,258.9,306.5,1.5,348.3,12.0,14.0,10.0,58.0,4.0,2.0,0.0
MH_466_558674,Rajuri,Rajuri,Jamkhed,Ahmednagar,18.6912,75.374,260.33,90.27,-15.0,312.5,21.9,286.2,338.8,1.5,285.7,12.0,14.0,10.0,58.0,4.0,2.0,0.0
MH_500_542692,Kolura,Kolura,Digras,Yavatmal,20.05794,77.73631,521.8,115.91,-15.0,265.3,18.6,243.0,287.6,1.5,24.9,12.0,14.0,10.0,58.0,4.0,2.0,0.0
MH_665_551595,Sogave,Sogave,Dahanu,Palghar,20.00205,72.82077,10.13,74.44,0.0,32.7,2.3,29.9,35.4,1.8,178.5,12.0,14.0,10.0,58.0,4.0,2.0,0.0
MH_477_546040,Nishana,Nishana,Aundha (Nagnath),Hingoli,19.59998,77.12484,453.85,58.55,-15.0,277.5,19.4,254.2,300.8,1.5,359.2,12.0,14.0,10.0,58.0,4.0,2.0,0.0
MH_497_552488,Kopar,Kopar,Bhiwandi,Thane,19.26195,73.0168,27.44,92.6,0.4,48.3,3.4,44.3,52.4,1.8,186.7,12.0,14.0,10.0,58.0,4.0,2.0,0.0
MH_467_530050,Aliyabad,Aliyabad,Akola,Akola,20.74705,77.06516,458.76,50.82,-15.0,278.7,19.5,255.3,302.1,1.5,356.7,12.0,14.0,10.0,58.0,4.0,2.0,0.0
MH_470_559721,Jiwachiwadi,Jiwachiwadi,Kaij,Beed,18.86853,75.99597,328.52,101.35,-15.0,300.1,21.0,274.9,325.3,1.5,311.8,12.0,14.0,10.0,58.0,4.0,2.0,0.0
MH_475_539409,Palaspur,Palaspur,Chamorshi,Gadchiroli,19.81527,80.08823,764.76,302.95,-15.0,218.2,15.3,199.9,236.6,1.5,123.7,12.0,14.0,10.0,58.0,4.0,2.0,0.0
MH_491_553406,Bonshet,Bonshet,Panvel,Raigad,19.00388,73.15897,37.47,89.83,4.4,1009.8,70.7,925.0,1094.6,14.5,192.7,12.0,14.0,10.0,58.0,4.0,2.0,0.0
MH_469_549263,Shirodi,Shirodi,Gangapur,Aurangabad,19.80437,75.13863,249.06,37.83,-15.0,317.2,22.2,290.6,343.9,1.5,275.8,12.0,14.0,10.0,58.0,4.0,2.0,0.0
MH_469_549322,Sanjrabad,Sanjrabad,Gangapur,Aurangabad,19.74136,74.99095,232.66,42.05,-15.0,417.1,29.2,382.0,452.1,3.2,269.6,12.0,14.0,10.0,58.0,4.0,2.0,0.0
MH_486_525225,Bhogawade Bk,Bhogawade Bk,Akrani,Nandurbar,21.84811,74.25387,244.12,61.2,-10.2,505.5,35.4,463.1,548.0,3.2,238.7,12.0,14.0,10.0,58.0,4.0,2.0,0.0
MH_494_564187,Kushi,Kushi,Patan,Satara,17.54285,73.85405,85.09,100.67,-1.2,553.5,38.7,507.1,600.0,3.2,221.9,12.0,14.0,10.0,58.0,4.0,2.0,0.0
MH_499_530932,Mohgavhan,Mohgavhan,Karanja,Washim,20.55793,77.57211,509.29,92.9,-15.0,268.6,18.8,246.0,291.1,1.5,18.0,12.0,14.0,10.0,58.0,4.0,2.0,0.0
MH_466_558504,Gar,Gar,Shrigonda,Ahmednagar,18.49636,74.59959,176.82,38.57,-15.0,464.0,32.5,425.0,503.0,3.2,253.2,12.0,14.0,10.0,58.0,4.0,2.0,0.0
MH_474_526624,Nane,Nane,Dhule,Dhule,20.67883,74.84982,230.24,82.48,-15.0,434.0,30.4,397.5,470.5,3.2,263.7,12.0,14.0,10.0,58.0,4.0,2.0,0.0
MH_471_536926,Pevtha,Pevtha,Bhandara,Bhandara,21.09296,79.5499,719.58,264.71,-15.0,229.0,16.0,209.8,248.2,1.5,101.1,12.0,14.0,10.0,58.0,4.0,2.0,0.0
MH_479_547602,Shivni,Shivni,Jalna,Jalna,19.78755,76.21211,360.02,100.73,-15.0,295.8,20.7,270.9,320.6,1.5,320.9,12.0,14.0,10.0,58.0,4.0,2.0,0.0
MH_494_564628,Loharwadi,Loharwadi,Karad,Satara,17.10563,74.02509,78.15,48.79,-5.1,533.0,37.3,488.2,577.7,3.2,229.1,12.0,14.0,10.0,58.0,4.0,2.0,0.0
MH_475_538995,Irpundi,Irpundi,Dhanora,Gadchiroli,20.20285,80.34896,794.73,342.01,-15.0,213.0,14.9,195.1,230.9,1.5,134.7,12.0,14.0,10.0,58.0,4.0,2.0,0.0
MH_478_527317,Mahankale,Mahankale,Dharangaon,Jalgaon,21.0312,75.24441,280.47,32.84,-15.0,315.1,22.1,288.6,341.6,1.5,280.3,12.0,14.0,10.0,58.0,4.0,2.0,0.0
MH_492_565871,Wadi Adhishti,Wadi Adhishti,Sangameshwar,Ratnagiri,16.9285,73.74539,47.86,54.65,1.2,612.8,42.9,561.3,664.2,14.5,217.3,12.0,14.0,10.0,58.0,4.0,2.0,0.0
MH_486_525889,Navali,Navali,Nawapur,Nandurbar,21.26885,74.09026,187.16,11.89,-6.5,525.2,36.8,481.0,569.3,3.2,231.8,12.0,14.0,10.0,58.0,4.0,2.0,0.0
MH_476_537978,Durgutola,Durgutola,Salekasa,Gondia,21.25761,80.45048,814.47,357.69,-15.0,211.0,14.8,193.2,228.8,1.5,138.9,12.0,14.0,10.0,58.0,4.0,2.0,0.0
MH_467_530501,Warkhed Bk,Warkhed Bk,Barshitakli,Akola,20.55336,77.14407,464.88,73.44,-15.0,277.1,19.4,253.8,300.4,1.5,0.1,12.0,14.0,10.0,58.0,4.0,2.0,0.0
MH_498_533925,Akoli,Akoli,Seloo,Wardha,20.85762,78.56925,615.51,167.26,-15.0,248.6,17.4,227.7,269.5,1.5,59.9,12.0,14.0,10.0,58.0,4.0,2.0,0.0
MH_477_546177,Harwadi,Harwadi,Kalamnuri,Hingoli,19.58737,77.27771,469.81,54.24,-15.0,274.4,19.2,251.4,297.5,1.5,5.7,12.0,14.0,10.0,58.0,4.0,2.0,0.0
MH_479_548130,Jambharun,Jambharun,Mantha,Jalna,19.8494,76.4083,381.2,122.37,-15.0,291.8,20.4,267.4,316.3,1.5,329.1,12.0,14.0,10.0,58.0,4.0,2.0,0.0
MH_469_548956,Mambapur,Mambapur,Khuldabad,Aurangabad,20.00839,75.16509,254.49,58.27,-15.0,316.7,22.2,290.1,343.3,1.5,276.9,12.0,14.0,10.0,58.0,4.0,2.0,0.0
MH_473_541938,Hiwara,Hiwara,Gondpipri,Chandrapur,19.58013,79.62803,715.97,250.02,-15.0,227.4,15.9,208.4,246.5,1.5,104.4,12.0,14.0,10.0,58.0,4.0,2.0,0.0
MH_469_548488,Galwada,Galwada,Soegaon,Aurangabad,20.57778,75.6273,307.98,48.57,-15.0,307.5,21.5,281.7,333.3,1.5,296.3,12.0,14.0,10.0,58.0,4.0,2.0,0.0
MH_489_546463,Adgaon[Darade,Adgaon[Darade,Sailu,Parbhani,19.51448,76.64648,403.48,82.63,-15.0,287.1,20.1,263.0,311.2,1.5,339.2,12.0,14.0,10.0,58.0,4.0,2.0,0.0
MH_494_563297,Asu,Asu,Phaltan,Satara,18.03815,74.66937,169.01,15.62,-15.0,455.7,31.9,417.4,494.0,3.2,256.1,12.0,14.0,10.0,58.0,4.0,2.0,0.0
MH_472_529493,Naiknagar,Naiknagar,Sindkhed Raja,Buldhana,19.8949,76.11938,351.93,96.37,-15.0,297.6,20.8,272.7,322.6,1.5,317.0,12.0,14.0,10.0,58.0,4.0,2.0,0.0
MH_665_552085,Khupari,Khupari,Vada,Palghar,19.56826,73.09976,36.57,61.12,1.8,55.0,3.8,50.4,59.5,1.8,190.2,12.0,14.0,10.0,58.0,4.0,2.0,0.0
MH_498_533491,Narsapur,Narsapur,Ashti,Wardha,21.16519,78.13177,575.13,117.41,-15.0,257.4,18.0,235.8,279.0,1.5,41.5,12.0,14.0,10.0,58.0,4.0,2.0,0.0
MH_476_537578,Bhambodi,Bhambodi,Tirora,Gondia,21.3835,79.85083,754.83,296.06,-15.0,223.0,15.6,204.3,241.7,1.5,113.7,12.0,14.0,10.0,58.0,4.0,2.0,0.0
MH_498_533702,Bedhona,Bedhona,Arvi,Wardha,20.99088,78.30248,589.71,137.11,-15.0,254.0,17.8,232.6,275.3,1.5,48.7,12.0,14.0,10.0,58.0,4.0,2.0,0.0
MH_485_544172,Hardaf,Hardaf,Mahoor,Nanded,19.86721,78.06301,553.61,116.94,-15.0,258.7,18.1,237.0,280.5,1.5,38.6,12.0,14.0,10.0,58.0,4.0,2.0,0.0
MH_492_565817,Vayangane,Vayangane,Sangameshwar,Ratnagiri,17.04191,73.49297,21.32,84.29,45.0,764.2,53.5,700.0,828.4,14.5,206.7,12.0,14.0,10.0,58.0,4.0,2.0,0.0
MH_466_557759,Khedle Parmanand,Khedle Parmanand,Nevasa,Ahmednagar,19.42045,74.77433,207.07,55.82,-15.0,443.1,31.0,405.9,480.3,3.2,260.5,12.0,14.0,10.0,58.0,4.0,2.0,0.0
MH_473_541947,Pardi,Pardi,Gondpipri,Chandrapur,19.55124,79.51619,703.99,237.89,-15.0,229.7,16.1,210.4,249.0,1.5,99.7,12.0,14.0,10.0,58.0,4.0,2.0,0.0
MH_494_563248,Koparde,Koparde,Phaltan,Satara,17.97563,74.17711,116.5,46.8,-8.5,514.7,36.0,471.5,557.9,3.2,235.4,12.0,14.0,10.0,58.0,4.0,2.0,0.0
MH_491_553796,Sangade,Sangade,Khalapur,Raigad,18.76054,73.29763,46.99,63.59,19.8,915.6,64.1,838.7,992.6,14.5,198.5,12.0,14.0,10.0,58.0,4.0,2.0,0.0
MH_485_544879,Khadki,Khadki,Bhokar,Nanded,19.11977,77.80022,517.67,52.6,-15.0,264.0,18.5,241.8,286.2,1.5,27.6,12.0,14.0,10.0,58.0,4.0,2.0,0.0
MH_488_561512,Gondhalwadi,Gondhalwadi,Tuljapur,Osmanabad,17.91482,76.02608,306.91,32.33,-15.0,299.5,21.0,274.3,324.7,1.5,313.1,12.0,14.0,10.0,58.0,4.0,2.0,0.0
MH_471_536903,Kharbi,Kharbi,Bhandara,Bhandara,21.15284,79.52332,717.65,261.68,-15.0,229.5,16.1,210.2,248.9,1.5,100.0,12.0,14.0,10.0,58.0,4.0,2.0,0.0
MH_467_530202,Matoda,Matoda,Murtijapur,Akola,20.74554,77.43166,496.6,67.55,-15.0,271.4,19.0,248.6,294.2,1.5,12.1,12.0,14.0,10.0,58.0,4.0,2.0,0.0
MH_479_547492,Warkheda,Warkheda,Jafferabad,Jalna,20.11492,76.0401,346.15,103.3,-15.0,299.2,20.9,274.1,324.3,1.5,313.7,12.0,14.0,10.0,58.0,4.0,2.0,0.0
MH_496_561920,Shedshinge,Shedshinge,Madha,Solapur,18.07774,75.3109,236.82,77.66,-15.0,313.8,22.0,287.4,340.2,1.5,283.1,12.0,14.0,10.0,58.0,4.0,2.0,0.0
MH_473_541094,Dhanoli,Dhanoli,Bhadravati,Chandrapur,20.21697,79.12885,668.25,228.25,-15.0,237.4,16.6,217.5,257.3,1.5,83.4,12.0,14.0,10.0,58.0,4.0,2.0,0.0
MH_478_526889,Morgaon Kh,Morgaon Kh,Raver,Jalgaon,21.22858,76.10583,372.22,61.61,-15.0,297.9,20.9,272.8,323.0,1.5,316.4,12.0,14.0,10.0,58.0,4.0,2.0,0.0
MH_500_542316,Hiwari,Hiwari,Kalamb,Yavatmal,20.34729,78.30285,583.19,165.34,-15.0,253.9,17.8,232.6,275.3,1.5,48.7,12.0,14.0,10.0,58.0,4.0,2.0,0.0
MH_471_537305,Kesalapuri,Kesalapuri,Pauni,Bhandara,20.92712,79.74974,738.32,286.93,-15.0,225.0,15.8,206.0,244.0,1.5,109.5,12.0,14.0,10.0,58.0,4.0,2.0,0.0
MH_466_557936,Gitewadi,Gitewadi,Pathardi,Ahmednagar,19.17581,74.89807,220.57,55.48,-15.0,428.2,30.0,392.2,464.2,3.2,265.7,12.0,14.0,10.0,58.0,4.0,2.0,0.0
MH_466_557628,Naygaon,Naygaon,Shrirampur,Ahmednagar,19.74117,74.67205,199.77,33.94,-15.0,455.4,31.9,417.1,493.6,3.2,256.2,12.0,14.0,10.0,58.0,4.0,2.0,0.0
MH_479_547934,Kandari Partur,Kandari Partur,Ghansawangi,Jalna,19.54472,76.13345,349.83,87.49,-15.0,297.3,20.8,272.4,322.3,1.5,317.6,12.0,14.0,10.0,58.0,4.0,2.0,0.0
MH_488_561520,Jalkotwadi,Jalkotwadi,Tuljapur,Osmanabad,17.87409,75.9071,293.53,24.93,-15.0,301.9,21.1,276.5,327.2,1.5,308.1,12.0,14.0,10.0,58.0,4.0,2.0,0.0
MH_485_545640,Hawarga,Hawarga,Deglur,Nanded,18.5558,77.62652,486.35,69.59,-15.0,267.5,18.7,245.0,289.9,1.5,20.3,12.0,14.0,10.0,58.0,4.0,2.0,0.0
MH_468_531451,Berdabarda,Berdabarda,Dharni,Amravati,21.49887,76.98647,468.23,33.26,-15.0,280.3,19.6,256.8,303.8,1.5,353.4,12.0,14.0,10.0,58.0,4.0,2.0,0.0
MH_496_562166,Taratgaon,Taratgaon,Solapur North,Solapur,17.78327,75.93064,292.75,15.17,-15.0,301.4,21.1,276.1,326.7,1.5,309.1,12.0,14.0,10.0,58.0,4.0,2.0,0.0
MH_484_536566,Chichala,Chichala,Bhiwapur,Nagpur,20.74224,79.36671,697.05,250.95,-15.0,232.7,16.3,213.1,252.2,1.5,93.4,12.0,14.0,10.0,58.0,4.0,2.0,0.0
MH_475_538918,Gajamendhi,Gajamendhi,Dhanora,Gadchiroli,20.3632,80.59681,822.21,372.54,-15.0,208.1,14.6,190.5,225.6,1.5,145.1,12.0,14.0,10.0,58.0,4.0,2.0,0.0
MH_481_560854,Hasori Bk,Hasori Bk,Nilanga,Latur,17.97243,76.76985,383.87,98.82,-15.0,284.6,19.9,260.7,308.5,1.5,344.3,12.0,14.0,10.0,58.0,4.0,2.0,0.0
MH_493_568281,Aundhi,Aundhi,Shirala,Sangli,17.03078,74.12345,87.68,37.67,-7.3,521.2,36.5,477.4,565.0,3.2,233.2,12.0,14.0,10.0,58.0,4.0,2.0,0.0
MH_480_567607,Talgaon,Talgaon,Radhanagari,Kolhapur,16.48291,73.98358,78.89,33.39,-4.1,538.0,37.7,492.7,583.2,3.2,227.3,12.0,14.0,10.0,58.0,4.0,2.0,0.0
MH_485_544425,Waghi,Waghi,Himayatnagar,Nanded,19.41188,77.79447,523.79,62.43,-15.0,264.1,18.5,241.9,286.3,1.5,27.4,12.0,14.0,10.0,58.0,4.0,2.0,0.0
MH_495_566859,Madkhol,Madkhol,Sawantwadi,Sindhudurg,15.93758,73.88331,28.43,91.27,-1.9,41.9,5.0,34.4,49.4,2.5,213.7,12.0,14.0,10.0,58.0,4.0,2.0,0.0
MH_472_528776,Nimkhed,Nimkhed,Motala,Buldhana,20.63151,76.3008,378.29,87.75,-15.0,294.0,20.6,269.3,318.7,1.5,324.6,12.0,14.0,10.0,58.0,4.0,2.0,0.0
MH_480_567549,Taliye Kh,Taliye Kh,Bavda,Kolhapur,16.49363,73.86555,74.81,42.39,-1.5,552.1,38.6,505.8,598.5,3.2,222.4,12.0,14.0,10.0,58.0,4.0,2.0,0.0
MH_498_533834,Ambapur,Ambapur,Arvi,Wardha,20.84815,78.34518,592.24,145.0,-15.0,253.1,17.7,231.9,274.3,1.5,50.5,12.0,14.0,10.0,58.0,4.0,2.0,0.0
MH_492_564687,Dandnagari,Dandnagari,Mandangad,Ratnagiri,18.05664,73.20561,30.03,86.02,8.0,939.2,65.7,860.3,1018.0,14.5,194.6,12.0,14.0,10.0,58.0,4.0,2.0,0.0
MH_485_544677,Nila,Nila,Nanded,Nanded,19.23631,77.22633,462.94,17.02,-15.0,275.5,19.3,252.3,298.6,1.5,3.5,12.0,14.0,10.0,58.0,4.0,2.0,0.0
MH_499_531200,Dudhkhed,Dudhkhed,Washim,Washim,20.2617,77.23379,471.35,107.13,-15.0,275.3,19.3,252.2,298.5,1.5,3.8,12.0,14.0,10.0,58.0,4.0,2.0,0.0
MH_473_541114,Thorana,Thorana,Bhadravati,Chandrapur,20.1613,78.9842,652.55,212.22,-15.0,240.3,16.8,220.2,260.5,1.5,77.3,12.0,14.0,10.0,58.0,4.0,2.0,0.0
MH_472_528709,Shahapur,Shahapur,Motala,Buldhana,20.61326,76.13906,361.33,74.62,-15.0,297.2,20.8,272.3,322.2,1.5,317.8,12.0,14.0,10.0,58.0,4.0,2.0,0.0
MH_491_554801,Sarve,Sarve,Shrivardhan,Raigad,18.24377,72.95232,44.91,99.93,0.1,43.2,3.0,39.6,46.8,1.8,184.0,12.0,14.0,10.0,58.0,4.0,2.0,0.0
MH_495_566491,Nardave,Nardave,Kankavli,Sindhudurg,16.21296,73.86163,46.4,65.08,-1.4,552.6,38.7,506.2,599.0,3.2,222.2,12.0,14.0,10.0,58.0,4.0,2.0,0.0
MH_498_533833,Saldara,Saldara,Arvi,Wardha,20.85668,78.37835,595.77,148.06,-15.0,252.4,17.7,231.2,273.7,1.5,51.9,12.0,14.0,10.0,58.0,4.0,2.0,0.0
MH_493_568356,Vitthalwadi,Vitthalwadi,Walwa,Sangli,17.02211,74.2666,102.84,36.51,-10.5,504.0,35.3,461.6,546.4,3.2,239.2,12.0,14.0,10.0,58.0,4.0,2.0,0.0
MH_491_553518,Kalundre,Kalundre,Central,Raigad,18.97841,73.12797,33.54,90.92,2.8,1027.2,71.9,941.0,1113.5,14.5,191.4,12.0,14.0,10.0,58.0,4.0,2.0,0.0
MH_475_539615,Gatta,Gatta,Etapalli,Gadchiroli,19.63442,80.52995,809.25,344.0,-15.0,209.4,14.7,191.8,227.0,1.5,142.3,12.0,14.0,10.0,58.0,4.0,2.0,0.0
MH_470_559322,Pungani,Pungani,Manjlegaon,Beed,19.15334,75.99809,333.99,82.77,-15.0,300.0,21.0,274.8,325.2,1.5,311.9,12.0,14.0,10.0,58.0,4.0,2.0,0.0
MH_484_536087,Wadgaon,Wadgaon,Hingna,Nagpur,20.96269,78.99312,660.52,208.47,-15.0,240.1,16.8,220.0,260.3,1.5,77.7,12.0,14.0,10.0,58.0,4.0,2.0,0.0
MH_467_530352,Umara,Umara,Patur,Akola,20.4268,76.72712,420.2,90.53,-15.0,285.5,20.0,261.5,309.5,1.5,342.5,12.0,14.0,10.0,58.0,4.0,2.0,0.0
MH_491_553488,Vaveghar,Vaveghar,Panvel,Raigad,18.89053,73.16465,36.27,82.57,4.7,1001.3,70.1,917.2,1085.4,14.5,192.9,12.0,14.0,10.0,58.0,4.0,2.0,0.0
MH_495_566455,Ashiye,Ashiye,Kankavli,Sindhudurg,16.25291,73.69381,44.22,73.38,2.4,643.7,45.1,589.6,697.8,14.5,215.1,12.0,14.0,10.0,58.0,4.0,2.0,0.0
MH_470_559900,Kanadi,Kanadi,Parli,Beed,18.96245,76.41271,373.28,94.51,-15.0,291.7,20.4,267.3,316.2,1.5,329.3,12.0,14.0,10.0,58.0,4.0,2.0,0.0
MH_480_567246,Gothe,Gothe,Panhala,Kolhapur,16.6904,74.0315,84.68,17.98,-5.2,532.2,37.3,487.5,577.0,3.2,229.3,12.0,14.0,10.0,58.0,4.0,2.0,0.0
MH_484_534794,Mendhala,Mendhala,Narkhed,Nagpur,21.33213,78.38351,604.14,144.11,-15.0,252.3,17.7,231.1,273.6,1.5,52.1,12.0,14.0,10.0,58.0,4.0,2.0,0.0
MH_489_547129,Peth Pimpalgaon,Peth Pimpalgaon,Palam,Parbhani,18.97367,76.97644,429.99,36.8,-15.0,280.5,19.6,257.0,304.0,1.5,353.0,12.0,14.0,10.0,58.0,4.0,2.0,0.0
MH_472_529122,Karkheda,Karkheda,Chikhli,Buldhana,20.40169,76.46879,393.13,104.54,-15.0,290.6,20.3,266.3,315.0,1.5,331.7,12.0,14.0,10.0,58.0,4.0,2.0,0.0
MH_476_538143,Nainpur,Nainpur,Sadak-Arjuni,Gondia,21.07155,80.17984,784.29,330.1,-15.0,216.4,15.1,198.3,234.5,1.5,127.6,12.0,14.0,10.0,58.0,4.0,2.0,0.0
MH_484_536536,Sukali Rithi,Sukali Rithi,Bhiwapur,Nagpur,20.67287,79.30362,689.85,246.31,-15.0,233.9,16.4,214.2,253.6,1.5,90.8,12.0,14.0,10.0,58.0,4.0,2.0,0.0
MH_500_543279,Khadaka,Khadaka,Arni,Yavatmal,19.93292,78.21433,569.99,133.27,-15.0,255.7,17.9,234.2,277.2,1.5,45.0,12.0,14.0,10.0,58.0,4.0,2.0,0.0
MH_478_527043,Manyarkhede,Manyarkhede,Muktainagar,Jalgaon,20.96703,76.07731,361.75,53.92,-15.0,298.5,20.9,273.4,323.5,1.5,315.2,12.0,14.0,10.0,58.0,4.0,2.0,0.0
MH_478_527811,Kodgaon,Kodgaon,Chalisgaon,Jalgaon,20.43679,75.016,242.93,72.51,-15.0,319.7,22.4,292.8,346.6,1.5,270.7,12.0,14.0,10.0,58.0,4.0,2.0,0.0
MH_498_534192,Sindi Turf Hindnagar,Sindi Turf Hindnagar,Central,Wardha,20.73722,78.56803,614.18,170.75,-15.0,248.6,17.4,227.8,269.5,1.5,59.9,12.0,14.0,10.0,58.0,4.0,2.0,0.0
MH_477_546294,Nagapur,Nagapur,Basmath,Hingoli,19.42716,77.05377,446.1,44.63,-15.0,278.9,19.5,255.5,302.3,1.5,356.3,12.0,14.0,10.0,58.0,4.0,2.0,0.0
MH_472_528684,Dahigaon Pr Malkapur,Dahigaon Pr Malkapur,Motala,Buldhana,20.80044,76.05682,355.93,56.62,-15.0,298.9,20.9,273.8,323.9,1.5,314.4,12.0,14.0,10.0,58.0,4.0,2.0,0.0
MH_470_558825,Chincholi,Chincholi,Ashti,Beed,18.9039,75.0043,226.61,73.2,-15.0,319.9,22.4,293.0,346.8,1.5,270.2,12.0,14.0,10.0,58.0,4.0,2.0,0.0
MH_481_560789,Shiur,Shiur,Nilanga,Latur,18.20534,76.89454,404.23,108.27,-15.0,282.1,19.7,258.5,305.7,1.5,349.6,12.0,14.0,10.0,58.0,4.0,2.0,0.0
MH_466_558046,Takali Manur,Takali Manur,Pathardi,Ahmednagar,19.11233,75.32924,264.02,43.22,-15.0,313.4,21.9,287.1,339.7,1.5,283.8,12.0,14.0,10.0,58.0,4.0,2.0,0.0
MH_468_533018,Adgaon Kh,Adgaon Kh,Nandgaon-Khandeshwar,Amravati,20.81507,77.72654,527.93,86.72,-15.0,265.5,18.6,243.1,287.8,1.5,24.5,4.0,22.0,14.0,52.0,3.0,1.0,4.0
MH_495_566288,Talebajar,Talebajar,Devgad,Sindhudurg,16.39552,73.48939,61.41,82.97,44.9,766.4,53.6,702.0,830.7,14.5,206.6,12.0,14.0,10.0,58.0,4.0,2.0,0.0
MH_481_561018,Kaulkhed,Kaulkhed,Udgir,Latur,18.37119,77.17493,436.24,82.1,-15.0,276.5,19.4,253.2,299.8,1.5,1.3,12.0,14.0,10.0,58.0,4.0,2.0,0.0
MH_665_552101,Saparonde,Saparonde,Vada,Palghar,19.51857,73.09424,33.55,65.39,1.7,54.5,3.8,50.0,59.1,1.8,190.0,12.0,14.0,10.0,58.0,4.0,2.0,0.0
MH_475_540030,Rompalli,Rompalli,Sironcha,Gadchiroli,18.98597,80.046,745.43,288.91,-15.0,219.1,15.3,200.7,237.4,1.5,121.9,12.0,14.0,10.0,58.0,4.0,2.0,0.0
MH_473_541642,Nokari,Nokari,Korpana,Chandrapur,19.78027,79.15237,666.77,208.44,-15.0,237.0,16.6,217.0,256.9,1.5,84.4,12.0,14.0,10.0,58.0,4.0,2.0,0.0
MH_479_547658,Bhatepuri,Bhatepuri,Jalna,Jalna,19.76313,76.0164,339.37,80.53,-15.0,299.7,21.0,274.5,324.9,1.5,312.7,12.0,14.0,10.0,58.0,4.0,2.0,0.0
MH_478_527991,Pachora,Pachora,Central,Jalgaon,20.6581,75.372,283.04,43.74,-15.0,312.6,21.9,286.3,338.8,1.5,285.6,12.0,14.0,10.0,58.0,4.0,2.0,0.0
MH_467_529678,Manatri Kh,Manatri Kh,Telhara,Akola,20.94297,76.87798,442.71,31.26,-15.0,282.4,19.8,258.7,306.2,1.5,348.9,12.0,14.0,10.0,58.0,4.0,2.0,0.0
MH_474_526214,Vaipur,Vaipur,Sindkhede,Dhule,21.12892,74.77681,239.49,62.74,-15.0,442.8,31.0,405.6,480.0,3.2,260.6,12.0,14.0,10.0,58.0,4.0,2.0,0.0
MH_484_535520,Tuyapar,Tuyapar,Ramtek,Nagpur,21.53782,79.25101,696.65,236.1,-15.0,235.0,16.4,215.3,254.7,1.5,88.5,12.0,14.0,10.0,58.0,4.0,2.0,0.0
MH_466_558039,Malewadi,Malewadi,Pathardi,Ahmednagar,19.15597,75.40105,272.38,39.7,-15.0,312.0,21.8,285.8,338.1,1.5,286.8,12.0,14.0,10.0,58.0,4.0,2.0,0.0
MH_471_537046,Rawanwadi,Rawanwadi,Bhandara,Bhandara,21.05205,79.72335,736.95,282.94,-15.0,225.5,15.8,206.6,244.5,1.5,108.4,12.0,14.0,10.0,58.0,4.0,2.0,0.0
MH_500_543172,Amani Bk,Amani Bk,Mahagaon,Yavatmal,19.78285,77.80053,525.55,92.3,-15.0,264.0,18.5,241.8,286.2,1.5,27.6,12.0,14.0,10.0,58.0,4.0,2.0,0.0
MH_484_277411,Butibori,Butibori,Central,Nagpur,20.89254,79.02496,663.01,212.91,-15.0,239.5,16.8,219.3,259.7,1.5,79.0,12.0,14.0,10.0,58.0,4.0,2.0,0.0
MH_497_553243,Mandwat,Mandwat,Murbad,Thane,19.24612,73.56549,82.13,77.25,41.3,776.8,54.4,711.5,842.1,14.5,209.8,12.0,14.0,10.0,58.0,4.0,2.0,0.0
MH_484_534947,Gonhi,Gonhi,Katol,Nagpur,21.31021,78.62595,628.37,168.94,-15.0,247.5,17.3,226.7,268.2,1.5,62.3,12.0,14.0,10.0,58.0,4.0,2.0,0.0
MH_466_557567,Malharwadi,Malharwadi,Kopargaon,Ahmednagar,19.71226,74.37785,168.93,34.45,-13.0,490.7,34.3,449.5,531.8,3.2,243.9,12.0,14.0,10.0,58.0,4.0,2.0,0.0
MH_467_530475,Safepur,Safepur,Barshitakli,Akola,20.5711,77.05617,455.9,70.17,-15.0,278.9,19.5,255.5,302.3,1.5,356.4,12.0,14.0,10.0,58.0,4.0,2.0,0.0
MH_468_532391,Mokvihir,Mokvihir,Warud,Amravati,21.51072,78.33018,602.86,142.02,-15.0,253.4,17.7,232.2,274.6,1.5,49.9,12.0,14.0,10.0,58.0,4.0,2.0,0.0
MH_496_561790,Washibe,Washibe,Karmala,Solapur,18.27905,75.01008,209.59,47.64,-15.0,319.8,22.4,292.9,346.7,1.5,270.4,12.0,14.0,10.0,58.0,4.0,2.0,0.0
MH_472_529238,Melkhed,Melkhed,Buldana,Buldhana,20.50525,76.02999,348.81,74.42,-15.0,299.4,21.0,274.2,324.6,1.5,313.3,12.0,14.0,10.0,58.0,4.0,2.0,0.0
MH_478_527744,Abhone,Abhone,Chalisgaon,Jalgaon,20.68184,74.97787,243.31,70.65,-15.0,418.7,29.3,383.5,453.8,3.2,269.1,12.0,14.0,10.0,58.0,4.0,2.0,0.0
MH_470_558901,Pandharwadi,Pandharwadi,Patoda,Beed,18.94752,75.27861,255.84,61.47,-15.0,314.4,22.0,288.0,340.8,1.5,281.7,12.0,14.0,10.0,58.0,4.0,2.0,0.0
MH_474_526330,Ichchapur,Ichchapur,Sakri,Dhule,20.97363,74.43165,199.73,43.52,-14.2,484.2,33.9,443.5,524.9,3.2,246.1,12.0,14.0,10.0,58.0,4.0,2.0,0.0
MH_475_539282,Shrinivaspur,Shrinivaspur,Chamorshi,Gadchiroli,19.93697,79.91985,747.83,289.91,-15.0,221.6,15.5,203.0,240.2,1.5,116.6,12.0,14.0,10.0,58.0,4.0,2.0,0.0
MH_484_535195,Khapari,Khapari,Kalameshwar,Nagpur,21.14745,78.90459,653.98,197.57,-15.0,241.9,16.9,221.6,262.2,1.5,74.0,12.0,14.0,10.0,58.0,4.0,2.0,0.0
MH_469_549387,Pandharohal,Pandharohal,Gangapur,Aurangabad,19.64783,75.19991,253.02,19.5,-15.0,316.0,22.1,289.5,342.5,1.5,278.4,12.0,14.0,10.0,58.0,4.0,2.0,0.0
MH_495_566300,Torsole,Torsole,Devgad,Sindhudurg,16.34404,73.51128,55.3,83.41,44.9,753.2,52.7,690.0,816.5,14.5,207.5,12.0,14.0,10.0,58.0,4.0,2.0,0.0
MH_480_567802,Akurde,Akurde,Bhudargad,Kolhapur,16.29839,74.1336,72.6,45.21,-7.5,520.0,36.4,476.3,563.6,3.2,233.6,12.0,14.0,10.0,58.0,4.0,2.0,0.0
MH_478_527058,Varad Kh,Varad Kh,Bodvad,Jalgaon,20.90166,75.92136,344.35,39.41,-15.0,301.6,21.1,276.3,326.9,1.5,308.7,12.0,14.0,10.0,58.0,4.0,2.0,0.0
MH_491_555203,Faujdarwadi,Faujdarwadi,Poladpur,Raigad,17.95794,73.48214,44.64,74.53,44.7,770.7,53.9,706.0,835.4,14.5,206.3,12.0,14.0,10.0,58.0,4.0,2.0,0.0
MH_478_528125,Tondapur,Tondapur,Jamner,Jalgaon,20.58053,75.80692,326.57,54.22,-15.0,303.9,21.3,278.3,329.4,1.5,303.9,12.0,14.0,10.0,58.0,4.0,2.0,0.0
MH_498_534299,Jafrabad,Jafrabad,Deoli,Wardha,20.55193,78.47026,602.25,168.9,-15.0,250.6,17.5,229.6,271.6,1.5,55.8,12.0,14.0,10.0,58.0,4.0,2.0,0.0
MH_466_558172,Malewadi Dukrewadi,Malewadi Dukrewadi,Rahuri,Ahmednagar,19.50546,74.47778,176.3,55.04,-15.0,478.7,33.5,438.5,518.9,3.2,248.1,12.0,14.0,10.0,58.0,4.0,2.0,0.0
MH_478_526822,Bhamnod,Bhamnod,Yawal,Jalgaon,21.15831,75.80603,340.23,30.39,-15.0,303.9,21.3,278.3,329.4,1.5,303.9,12.0,14.0,10.0,58.0,4.0,2.0,0.0
MH_480_567628,Savardhan,Savardhan,Radhanagari,Kolhapur,16.42824,73.99849,74.44,37.07,-4.5,536.2,37.5,491.2,581.2,3.2,227.9,12.0,14.0,10.0,58.0,4.0,2.0,0.0
MH_484_536072,Shivmadka,Shivmadka,Hingna,Nagpur,21.00456,79.00343,662.11,208.96,-15.0,239.9,16.8,219.8,260.1,1.5,78.1,12.0,14.0,10.0,58.0,4.0,2.0,0.0
MH_478_526854,Tidya,Tidya,Raver,Jalgaon,21.29844,75.83219,347.83,42.72,-15.0,303.4,21.2,277.9,328.8,1.5,305.0,12.0,14.0,10.0,58.0,4.0,2.0,0.0
MH_473_540549,Himat Majara,Himat Majara,Chimur,Chandrapur,20.52134,79.36787,695.15,257.34,-15.0,232.6,16.3,213.1,252.2,1.5,93.5,12.0,14.0,10.0,58.0,4.0,2.0,0.0
MH_665_552343,Kosbad,Kosbad,Palghar,Palghar,19.7349,72.93843,34.04,65.95,0.1,42.1,2.9,38.6,45.6,1.8,183.4,12.0,14.0,10.0,58.0,4.0,2.0,0.0
MH_477_545896,Waradi,Waradi,Hingoli,Hingoli,19.8163,77.3741,481.34,80.03,-15.0,272.5,19.1,249.6,295.4,1.5,9.7,12.0,14.0,10.0,58.0,4.0,2.0,0.0
MH_469_548572,Khedi,Khedi,Sillod,Aurangabad,20.41454,75.67169,310.81,67.22,-15.0,306.6,21.5,280.8,332.4,1.5,298.2,12.0,14.0,10.0,58.0,4.0,2.0,0.0
MH_478_527253,Khadke Kh,Khadke Kh,Erandol,Jalgaon,20.86822,75.3203,282.78,29.47,-15.0,313.6,22.0,287.2,340.0,1.5,283.5,12.0,14.0,10.0,58.0,4.0,2.0,0.0
MH_495_566435,Wagheri,Wagheri,Kankavli,Sindhudurg,16.38724,73.75248,60.07,59.03,1.1,608.5,42.6,557.4,659.6,14.5,217.6,12.0,14.0,10.0,58.0,4.0,2.0,0.0
MH_481_560937,Lasona,Lasona,Deoni,Latur,18.16936,77.07713,421.3,106.11,-15.0,278.5,19.5,255.1,301.9,1.5,357.2,12.0,14.0,10.0,58.0,4.0,2.0,0.0
MH_665_552220,Ranishigaon,Ranishigaon,Palghar,Palghar,19.83063,72.76505,15.92,80.91,0.0,28.2,2.0,25.8,30.6,1.8,176.1,12.0,14.0,10.0,58.0,4.0,2.0,0.0
MH_499_530904,Jaipur,Jaipur,Karanja,Washim,20.54629,77.47673,499.27,87.96,-15.0,270.5,18.9,247.8,293.1,1.5,14.0,12.0,14.0,10.0,58.0,4.0,2.0,0.0
MH_500_542513,Sangalwadi,Sangalwadi,Darwha,Yavatmal,20.40329,77.67763,518.58,113.18,-15.0,266.4,18.7,244.0,288.9,1.5,22.5,12.0,14.0,10.0,58.0,4.0,2.0,0.0
MH_488_561577,Arbali,Arbali,Tuljapur,Osmanabad,17.81523,76.14985,315.99,32.22,-15.0,297.0,20.8,272.0,322.0,1.5,318.3,12.0,14.0,10.0,58.0,4.0,2.0,0.0
MH_665_551644,Ghadane,Ghadane,Dahanu,Palghar,20.05411,72.87038,17.39,70.08,0.0,36.6,2.6,33.5,39.8,1.8,180.6,12.0,14.0,10.0,58.0,4.0,2.0,0.0
MH_489_546973,Waitagwadi,Waitagwadi,Sonpeth,Parbhani,18.95618,76.66605,398.27,68.53,-15.0,286.7,20.1,262.6,310.8,1.5,340.0,52.0,18.0,8.0,16.0,2.0,4.0,0.0
MH_500_542952,Belkhed,Belkhed,Umarkhed,Yavatmal,19.61429,77.64749,508.62,67.82,-15.0,267.1,18.7,244.6,289.5,1.5,21.2,12.0,14.0,10.0,58.0,4.0,2.0,0.0
MH_476_537747,Kasa,Kasa,Gondiya,Gondia,21.61975,80.18732,793.49,333.23,-15.0,216.3,15.1,198.1,234.4,1.5,127.9,12.0,14.0,10.0,58.0,4.0,2.0,0.0
MH_476_538331,Katgaon,Katgaon,Arjuni Morgaon,Gondia,20.71133,80.03835,766.35,320.14,-15.0,219.2,15.3,200.9,237.6,1.5,121.6,12.0,14.0,10.0,58.0,4.0,2.0,0.0
MH_484_536123,Nildoh,Nildoh,Central,Nagpur,21.09349,79.00322,663.3,208.08,-15.0,239.9,16.8,219.8,260.1,1.5,78.1,12.0,14.0,10.0,58.0,4.0,2.0,0.0
MH_495_566898,Asniye,Asniye,Sawantwadi,Sindhudurg,15.85601,73.94078,33.24,97.84,-3.2,154.1,12.3,135.6,172.5,2.5,215.8,12.0,14.0,10.0,58.0,4.0,2.0,0.0
MH_489_547041,Antarweli,Antarweli,Gangakhed,Parbhani,18.79843,76.68392,394.99,72.96,-15.0,286.3,20.0,262.3,310.3,1.5,340.7,12.0,14.0,10.0,58.0,4.0,2.0,0.0
MH_479_547688,Bhakarwadi,Bhakarwadi,Badnapur,Jalna,20.02258,75.60156,300.11,66.12,-15.0,308.0,21.6,282.0,333.9,1.5,295.3,12.0,14.0,10.0,58.0,4.0,2.0,0.0
MH_473_541927,Dhaba,Dhaba,Gondpipri,Chandrapur,19.60145,79.63331,716.55,251.06,-15.0,227.3,15.9,208.3,246.4,1.5,104.6,12.0,14.0,10.0,58.0,4.0,2.0,0.0
MH_472_528475,Hingna Dadgaon,Hingna Dadgaon,Nandura,Buldhana,20.88352,76.50709,403.62,62.09,-15.0,289.9,20.3,265.5,314.2,1.5,333.3,12.0,14.0,10.0,58.0,4.0,2.0,0.0
MH_471_536705,Bapera,Bapera,Tumsar,Bhandara,21.51013,79.91367,763.51,303.7,-15.0,221.7,15.5,203.1,240.3,1.5,116.4,12.0,14.0,10.0,58.0,4.0,2.0,0.0
MH_491_555134,Pangari,Pangari,Mahad,Raigad,17.93917,73.41512,37.28,80.16,39.0,810.9,56.8,742.8,879.1,14.5,203.4,12.0,14.0,10.0,58.0,4.0,2.0,0.0
MH_498_533426,Pilapur,Pilapur,Ashti,Wardha,21.25752,78.11964,575.72,116.23,-15.0,257.6,18.0,236.0,279.2,1.5,41.0,12.0,14.0,10.0,58.0,4.0,2.0,0.0
MH_473_541538,Itoli Chak No 1,Itoli Chak No 1,Ballarpur,Chandrapur,19.86293,79.46349,699.73,242.14,-15.0,230.7,16.2,211.3,250.2,1.5,97.5,12.0,14.0,10.0,58.0,4.0,2.0,0.0
MH_484_999999,Reserved Forest,Reserved Forest,Central,Nagpur,21.16094,78.84904,648.5,191.76,-15.0,243.0,17.0,222.6,263.4,1.5,71.7,12.0,14.0,10.0,58.0,4.0,2.0,0.0
MH_470_559115,Takalewadi,Takalewadi,Georai,Beed,19.20073,75.58774,292.59,44.93,-15.0,308.2,21.6,282.3,334.2,1.5,294.7,12.0,14.0,10.0,58.0,4.0,2.0,0.0
MH_472_529203,Ambashi,Ambashi,Chikhli,Buldhana,20.29211,76.36186,380.85,115.47,-15.0,292.8,20.5,268.2,317.4,1.5,327.2,12.0,14.0,10.0,58.0,4.0,2.0,0.0
MH_475_539252,Kunghada Raiyyatwari,Kunghada Raiyyatwari,Chamorshi,Gadchiroli,20.00165,80.0,756.64,300.15,-15.0,220.0,15.4,201.5,238.5,1.5,120.0,12.0,14.0,10.0,58.0,4.0,2.0,0.0
MH_466_558388,Kadus,Kadus,Parner,Ahmednagar,18.87548,74.49443,173.03,77.99,-15.0,476.7,33.4,436.6,516.7,3.2,248.8,12.0,14.0,10.0,58.0,4.0,2.0,0.0
MH_480_568041,Helewadi,Helewadi,Gadhinglaj,Kolhapur,16.07076,74.34663,80.12,71.7,-12.3,494.4,34.6,452.9,535.9,3.2,242.6,12.0,14.0,10.0,58.0,4.0,2.0,0.0
MH_480_567473,Khatangale,Khatangale,Karvir,Kolhapur,16.66997,74.08072,90.39,13.14,-6.3,526.3,36.8,482.2,570.5,3.2,231.4,12.0,14.0,10.0,58.0,4.0,2.0,0.0
MH_472_251303,Mehkar,Mehkar,Central,Buldhana,20.16156,76.57062,401.69,123.81,-15.0,288.6,20.2,264.3,312.8,1.5,336.0,12.0,14.0,10.0,58.0,4.0,2.0,0.0
MH_473_540989,Sarandi,Sarandi,Sindewahi,Chandrapur,20.35901,79.47326,705.14,267.09,-15.0,230.5,16.1,211.2,249.9,1.5,97.9,12.0,14.0,10.0,58.0,4.0,2.0,0.0
MH_484_536259,Khursapar,Khursapar,Umred,Nagpur,20.78351,79.07214,666.83,220.05,-15.0,238.6,16.7,218.5,258.6,1.5,81.0,12.0,14.0,10.0,58.0,4.0,2.0,0.0
MH_470_559402,Jivanapur,Jivanapur,Manjlegaon,Beed,19.04273,76.31752,365.55,103.45,-15.0,293.6,20.6,268.9,318.4,1.5,325.3,12.0,14.0,10.0,58.0,4.0,2.0,0.0
MH_468_532071,Wani,Wani,Chandurbazar,Amravati,21.33802,77.78222,543.3,82.49,-15.0,264.4,18.5,242.2,286.6,1.5,26.9,12.0,14.0,10.0,58.0,4.0,2.0,0.0
MH_493_568551,Posewadi,Posewadi,Khanapur (Vita),Sangli,17.25597,74.68833,150.47,80.74,-15.0,453.4,31.7,415.4,491.4,3.2,256.9,12.0,14.0,10.0,58.0,4.0,2.0,0.0
MH_473_540800,Katali Chak,Katali Chak,Brahmapuri,Chandrapur,20.51811,79.8545,745.7,306.13,-15.0,222.9,15.6,204.2,241.6,1.5,113.9,12.0,14.0,10.0,58.0,4.0,2.0,0.0
MH_471_536857,Mohagaon,Mohagaon,Mohadi,Bhandara,21.26674,79.66536,733.93,276.35,-15.0,226.7,15.9,207.6,245.8,1.5,105.9,12.0,14.0,10.0,58.0,4.0,2.0,0.0
MH_469_549046,Manoor,Manoor,Vaijapur,Aurangabad,20.08737,75.00254,237.77,53.39,-15.0,319.9,22.4,293.1,346.8,1.5,270.1,12.0,14.0,10.0,58.0,4.0,2.0,0.0
MH_491_554249,Wave,Wave,Murud,Raigad,18.37056,72.96685,31.65,94.83,0.2,44.3,3.1,40.6,48.1,1.8,184.6,12.0,14.0,10.0,58.0,4.0,2.0,0.0
MH_491_555208,Tamhane Tarf Kondhavi,Tamhane Tarf Kondhavi,Poladpur,Raigad,17.9134,73.53636,48.62,76.15,43.8,738.2,51.7,676.1,800.2,14.5,208.5,12.0,14.0,10.0,58.0,4.0,2.0,0.0
MH_499_531170,Atkali,Atkali,Washim,Washim,20.01766,77.02369,447.43,106.07,-15.0,279.5,19.6,256.0,303.0,1.5,355.0,12.0,14.0,10.0,58.0,4.0,2.0,0.0
MH_484_535017,Wandli,Wandli,Katol,Nagpur,21.23646,78.60986,625.32,166.92,-15.0,247.8,17.3,227.0,268.6,1.5,61.6,12.0,14.0,10.0,58.0,4.0,2.0,0.0
MH_479_547752,Nanegaon,Nanegaon,Badnapur,Jalna,19.77504,75.71104,307.79,52.8,-15.0,305.8,21.4,280.1,331.5,1.5,299.9,12.0,14.0,10.0,58.0,4.0,2.0,0.0
MH_488_561188,Krishnapur,Krishnapur,Bhum,Osmanabad,18.49491,75.59108,275.02,99.46,-15.0,308.2,21.6,282.3,334.1,1.5,294.8,12.0,14.0,10.0,58.0,4.0,2.0,0.0
MH_491_554859,Vadashet,Vadashet,Shrivardhan,Raigad,18.04554,73.10155,26.22,95.64,1.9,1001.1,70.1,917.0,1085.2,14.5,190.3,12.0,14.0,10.0,58.0,4.0,2.0,0.0
MH_473_540835,Powanpar,Powanpar,Brahmapuri,Chandrapur,20.43309,79.88383,748.25,308.34,-15.0,222.3,15.6,203.6,241.0,1.5,115.1,12.0,14.0,10.0,58.0,4.0,2.0,0.0
MH_491_553479,Sangurli,Sangurli,Panvel,Raigad,18.93114,73.11449,31.17,89.38,2.3,1033.2,72.3,946.4,1120.0,14.5,190.8,12.0,14.0,10.0,58.0,4.0,2.0,0.0
MH_467_529851,Nijampur,Nijampur,Akot,Akola,20.94648,77.01252,456.54,28.22,-15.0,279.7,19.6,256.2,303.3,1.5,354.5,12.0,14.0,10.0,58.0,4.0,2.0,0.0
MH_479_548037,Koregaon,Koregaon,Partur,Jalna,19.59555,76.28445,365.87,103.7,-15.0,294.3,20.6,269.6,319.0,1.5,323.9,12.0,14.0,10.0,58.0,4.0,2.0,0.0
MH_473_540879,Vihirgaon,Vihirgaon,Sawali,Chandrapur,20.24224,79.96119,754.88,306.22,-15.0,220.8,15.5,202.2,239.4,1.5,118.4,12.0,14.0,10.0,58.0,4.0,2.0,0.0
MH_495_566682,Subhashwadi,Subhashwadi,Vengurla,Sindhudurg,15.88612,73.72728,10.8,103.61,1.6,22.3,5.0,14.8,29.8,2.5,207.9,12.0,14.0,10.0,58.0,4.0,2.0,0.0
MH_489_546818,Pardi,Pardi,Manwath,Parbhani,19.42311,76.61958,400.58,79.95,-15.0,287.6,20.1,263.5,311.7,1.5,338.0,12.0,14.0,10.0,58.0,4.0,2.0,0.0
MH_468_533014,Durgapur,Durgapur,Nandgaon-Khandeshwar,Amravati,20.85067,77.70992,526.68,83.3,-15.0,265.8,18.6,243.5,288.1,1.5,23.8,4.0,22.0,14.0,52.0,3.0,1.0,4.0
MH_475_539621,Zareguda,Zareguda,Etapalli,Gadchiroli,19.59407,80.48125,803.26,338.25,-15.0,210.4,14.7,192.7,228.0,1.5,140.2,12.0,14.0,10.0,58.0,4.0,2.0,0.0
MH_494_564304,Vihe,Vihe,Patan,Satara,17.33262,74.04605,87.94,72.22,-5.5,530.5,37.1,486.0,575.0,3.2,229.9,12.0,14.0,10.0,58.0,4.0,2.0,0.0
MH_494_564132,Dhuilwadi,Dhuilwadi,Patan,Satara,17.47079,73.80447,75.69,95.46,-0.1,559.5,39.2,512.4,606.5,3.2,219.8,12.0,14.0,10.0,58.0,4.0,2.0,0.0
MH_480_568180,Mhalunge Khalasa,Mhalunge Khalasa,Chandgad,Kolhapur,15.77037,74.30113,72.49,103.93,-11.3,786.5,62.9,692.1,880.8,2.5,229.1,12.0,14.0,10.0,58.0,4.0,2.0,0.0
MH_496_562828,Halhalli,Halhalli,Akkalkot,Solapur,17.59362,76.13058,307.92,25.23,-15.0,297.4,20.8,272.4,322.3,1.5,317.5,12.0,14.0,10.0,58.0,4.0,2.0,0.0
MH_476_537944,Sawangi,Sawangi,Amgaon,Gondia,21.35558,80.41835,812.55,354.61,-15.0,211.6,14.8,193.9,229.4,1.5,137.6,12.0,14.0,10.0,58.0,4.0,2.0,0.0
MH_478_527194,Tighre,Tighre,Jalgaon,Jalgaon,21.04179,75.72536,328.46,17.52,-15.0,305.5,21.4,279.8,331.2,1.5,300.5,12.0,14.0,10.0,58.0,4.0,2.0,0.0
MH_499_530760,Pimpri Bk,Pimpri Bk,Mangrulpir,Washim,20.36569,77.33236,482.38,99.0,-15.0,273.4,19.1,250.4,296.3,1.5,8.0,12.0,14.0,10.0,58.0,4.0,2.0,0.0
MH_476_538197,Dongargaon,Dongargaon,Arjuni Morgaon,Gondia,20.87361,80.09388,773.47,323.13,-15.0,218.1,15.3,199.8,236.5,1.5,123.9,12.0,14.0,10.0,58.0,4.0,2.0,0.0
MH_500_542301,Khairi,Khairi,Kalamb,Yavatmal,20.38707,78.28184,581.27,161.02,-15.0,254.4,17.8,233.0,275.7,1.5,47.8,12.0,14.0,10.0,58.0,4.0,2.0,0.0
MH_466_558114,Sandave,Sandave,Nagar,Ahmednagar,19.00773,74.86587,214.0,71.23,-15.0,432.1,30.2,395.9,468.3,3.2,264.4,12.0,14.0,10.0,58.0,4.0,2.0,0.0
MH_472_528349,Akoli Kh,Akoli Kh,Sangrampur,Buldhana,21.03575,76.62687,419.1,42.8,-15.0,287.5,20.1,263.3,311.6,1.5,338.3,12.0,14.0,10.0,58.0,4.0,2.0,0.0
MH_484_536099,Satgaon,Satgaon,Hingna,Nagpur,20.93604,79.00713,661.65,210.32,-15.0,239.9,16.8,219.7,260.0,1.5,78.3,12.0,14.0,10.0,58.0,4.0,2.0,0.0
MH_466_558560,Bhose,Bhose,Karjat,Ahmednagar,18.68288,74.85102,208.75,65.79,-15.0,433.9,30.4,397.4,470.4,3.2,263.7,12.0,14.0,10.0,58.0,4.0,2.0,0.0
MH_473_541039,Kargata,Kargata,Sindewahi,Chandrapur,20.30746,79.67964,726.43,282.98,-15.0,226.4,15.8,207.4,245.4,1.5,106.5,12.0,14.0,10.0,58.0,4.0,2.0,0.0
MH_484_536620,Dongargaon,Dongargaon,Bhiwapur,Nagpur,20.78928,79.53263,714.62,266.85,-15.0,229.3,16.1,210.0,248.7,1.5,100.4,12.0,14.0,10.0,58.0,4.0,2.0,0.0
MH_484_535541,Chhatrapur,Chhatrapur,Ramtek,Nagpur,21.43402,79.24503,693.9,234.01,-15.0,235.1,16.5,215.3,254.9,1.5,88.3,12.0,14.0,10.0,58.0,4.0,2.0,0.0
MH_473_540216,Wadgaon,Wadgaon,Warora,Chandrapur,20.41997,78.94001,649.96,219.51,-15.0,241.2,16.9,220.9,261.5,1.5,75.5,12.0,14.0,10.0,58.0,4.0,2.0,0.0
MH_473_541482,Selur Nagreddi,Selur Nagreddi,Pombhurna,Chandrapur,19.8663,79.65589,719.84,261.24,-15.0,226.9,15.9,207.8,246.0,1.5,105.5,12.0,14.0,10.0,58.0,4.0,2.0,0.0
MH_472_528429,Hingna Vaijanath,Hingna Vaijanath,Shegaon,Buldhana,20.77299,76.75948,427.61,53.65,-15.0,284.8,19.9,260.9,308.7,1.5,343.9,12.0,14.0,10.0,58.0,4.0,2.0,0.0
MH_474_526220,Satare,Satare,Sindkhede,Dhule,21.18459,74.53614,220.15,37.13,-15.0,471.7,33.0,432.1,511.3,3.2,250.5,12.0,14.0,10.0,58.0,4.0,2.0,0.0
MH_493_568258,Rile,Rile,Shirala,Sangli,16.98781,74.05222,79.99,35.66,-5.7,529.7,37.1,485.2,574.3,3.2,230.2,12.0,14.0,10.0,58.0,4.0,2.0,0.0
MH_494_564608,Savade,Savade,Karad,Satara,17.16862,74.069,84.12,53.94,-6.1,527.7,36.9,483.4,572.0,3.2,230.9,12.0,14.0,10.0,58.0,4.0,2.0,0.0
MH_486_525309,Kamod Bk,Kamod Bk,Akrani,Nandurbar,21.85506,74.27349,246.04,62.19,-10.7,503.2,35.2,460.9,545.4,3.2,239.5,12.0,14.0,10.0,58.0,4.0,2.0,0.0
MH_470_559263,Mankapur,Mankapur,Georai,Beed,19.13682,75.63112,295.69,53.27,-15.0,307.4,21.5,281.6,333.2,1.5,296.5,12.0,14.0,10.0,58.0,4.0,2.0,0.0
MH_496_562526,Juni Lotewadi,Juni Lotewadi,Sangole,Solapur,17.48523,74.97809,186.53,85.09,-15.0,418.6,29.3,383.5,453.8,3.2,269.1,12.0,14.0,10.0,58.0,4.0,2.0,0.0
MH_494_564290,Khonoli,Khonoli,Patan,Satara,17.39975,73.9626,83.84,81.8,-3.7,540.5,37.8,495.1,585.8,3.2,226.4,12.0,14.0,10.0,58.0,4.0,2.0,0.0
MH_499_531264,Umrala,Umrala,Washim,Washim,20.02128,77.33418,479.62,102.5,-15.0,273.3,19.1,250.4,296.2,1.5,8.0,12.0,14.0,10.0,58.0,4.0,2.0,0.0
MH_477_546003,Siddheshwar,Siddheshwar,Aundha (Nagnath),Hingoli,19.62095,76.97306,438.06,67.32,-15.0,280.5,19.6,257.0,304.1,1.5,352.9,12.0,14.0,10.0,58.0,4.0,2.0,0.0
MH_665_551897,Jamsar,Jamsar,Jawhar,Palghar,19.96316,73.24288,53.61,30.12,12.0,1002.6,70.2,918.4,1086.9,14.5,196.2,12.0,14.0,10.0,58.0,4.0,2.0,0.0
MH_466_558408,Kondegavhan,Kondegavhan,Shrigonda,Ahmednagar,18.79877,74.52404,175.08,72.38,-15.0,473.1,33.1,433.4,512.8,3.2,250.0,12.0,14.0,10.0,58.0,4.0,2.0,0.0
MH_492_564863,Shirkenagar,Shirkenagar,Dapoli,Ratnagiri,17.84281,73.32798,25.45,94.23,24.9,863.2,60.4,790.7,935.7,14.5,199.8,12.0,14.0,10.0,58.0,4.0,2.0,0.0
MH_473_540508,Chikhali,Chikhali,Chimur,Chandrapur,20.48487,79.46512,705.0,268.23,-15.0,230.7,16.1,211.4,250.0,1.5,97.5,12.0,14.0,10.0,58.0,4.0,2.0,0.0
MH_492_565642,Phansop,Phansop,Ratnagiri,Ratnagiri,16.94571,73.31588,5.21,97.99,22.8,870.5,60.9,797.4,943.6,14.5,199.3,12.0,14.0,10.0,58.0,4.0,2.0,0.0
MH_477_546115,Ukhali,Ukhali,Aundha (Nagnath),Hingoli,19.45998,76.89727,429.69,58.21,-15.0,282.1,19.7,258.4,305.7,1.5,349.7,12.0,14.0,10.0,58.0,4.0,2.0,0.0
MH_665_552028,Guhir,Guhir,Vada,Palghar,19.67726,72.92418,33.46,69.79,0.1,40.9,2.9,37.5,44.4,1.8,182.8,12.0,14.0,10.0,58.0,4.0,2.0,0.0
MH_467_530249,Langhapur,Langhapur,Murtijapur,Akola,20.79167,77.4767,501.83,67.16,-15.0,270.5,18.9,247.8,293.1,1.5,14.0,12.0,14.0,10.0,58.0,4.0,2.0,0.0
MH_497_553145,Pargaon,Pargaon,Murbad,Thane,19.3188,73.56558,80.82,69.17,41.3,780.0,54.6,714.5,845.5,14.5,209.8,12.0,14.0,10.0,58.0,4.0,2.0,0.0
MH_499_530972,Bhilkheda,Bhilkheda,Karanja,Washim,20.49494,77.45926,496.84,91.78,-15.0,270.8,19.0,248.0,293.6,1.5,13.3,12.0,14.0,10.0,58.0,4.0,2.0,0.0
MH_485_545336,Chincholi P K,Chincholi P K,Kandhar,Nanded,18.85976,77.2971,459.13,26.72,-15.0,274.1,19.2,251.0,297.1,1.5,6.5,12.0,14.0,10.0,58.0,4.0,2.0,0.0
MH_478_527309,Rotwad,Rotwad,Dharangaon,Jalgaon,21.08917,75.25356,283.5,33.0,-15.0,314.9,22.0,288.5,341.3,1.5,280.6,12.0,14.0,10.0,58.0,4.0,2.0,0.0
MH_468_532782,Nawed,Nawed,Bhatkuli,Amravati,20.97586,77.54083,511.21,61.4,-15.0,269.2,18.8,246.6,291.7,1.5,16.7,12.0,14.0,10.0,58.0,4.0,2.0,0.0
MH_468_532263,Bhaipur,Bhaipur,Morshi,Amravati,21.34775,78.03744,569.36,108.74,-15.0,259.3,18.1,237.5,281.0,1.5,37.6,12.0,14.0,10.0,58.0,4.0,2.0,0.0
MH_466_557661,Khanapur,Khanapur,Shrirampur,Ahmednagar,19.69607,74.7801,210.08,44.72,-15.0,442.4,31.0,405.2,479.6,3.2,260.8,12.0,14.0,10.0,58.0,4.0,2.0,0.0
MH_480_567590,Chakreshwarwadi,Chakreshwarwadi,Radhanagari,Kolhapur,16.4731,74.08901,83.97,27.86,-6.5,525.3,36.8,481.2,569.5,3.2,231.7,12.0,14.0,10.0,58.0,4.0,2.0,0.0
MH_492_565028,Kartel,Kartel,Khed,Ratnagiri,17.74506,73.43689,37.43,97.59,41.6,797.9,55.9,730.8,864.9,14.5,204.3,12.0,14.0,10.0,58.0,4.0,2.0,0.0
MH_472_528327,Palsoda,Palsoda,Sangrampur,Buldhana,21.06989,76.73754,431.13,30.83,-15.0,285.2,20.0,261.2,309.2,1.5,343.0,12.0,14.0,10.0,58.0,4.0,2.0,0.0
MH_470_559834,Wharkarwadi,Wharkarwadi,Dharur,Beed,18.90525,76.19404,349.48,114.83,-15.0,296.1,20.7,271.3,321.0,1.5,320.1,12.0,14.0,10.0,58.0,4.0,2.0,0.0
MH_484_536435,Weltur,Weltur,Kuhi,Nagpur,20.98276,79.57966,721.32,268.71,-15.0,228.4,16.0,209.2,247.6,1.5,102.3,12.0,14.0,10.0,58.0,4.0,2.0,0.0
MH_472_529247,Dahid Bk,Dahid Bk,Buldana,Buldhana,20.48947,76.06394,352.19,78.08,-15.0,298.7,20.9,273.6,323.8,1.5,314.7,12.0,14.0,10.0,58.0,4.0,2.0,0.0
MH_477_546123,Morgavhan,Morgavhan,Kalamnuri,Hingoli,19.75162,77.36813,480.17,72.81,-15.0,272.6,19.1,249.7,295.6,1.5,9.5,12.0,14.0,10.0,58.0,4.0,2.0,0.0
MH_476_537691,Deutola,Deutola,Goregaon,Gondia,21.32281,80.23685,793.43,335.69,-15.0,215.3,15.1,197.1,233.4,1.5,129.9,12.0,14.0,10.0,58.0,4.0,2.0,0.0
MH_494_563066,Pandewadi,Pandewadi,Wai,Satara,17.99059,73.85808,83.72,59.99,-1.3,553.0,38.7,506.6,599.5,3.2,222.0,12.0,14.0,10.0,58.0,4.0,2.0,0.0
MH_470_559606,Pimpalgaon Mochi,Pimpalgaon Mochi,Bid,Beed,18.96648,75.77167,307.58,77.28,-15.0,304.6,21.3,279.0,330.1,1.5,302.4,12.0,14.0,10.0,58.0,4.0,2.0,0.0
MH_492_565107,Tumbad,Tumbad,Khed,Ratnagiri,17.60915,73.39644,39.4,113.06,36.3,822.1,57.5,753.1,891.1,14.5,202.7,12.0,14.0,10.0,58.0,4.0,2.0,0.0
MH_496_562666,Khadaki,Khadaki,Mangalvedhe,Solapur,17.39609,75.39865,227.46,60.19,-15.0,312.0,21.8,285.9,338.2,1.5,286.7,12.0,14.0,10.0,58.0,4.0,2.0,0.0
MH_485_544688,Warkhed,Warkhed,Nanded,Nanded,19.17198,77.23171,462.25,10.75,-15.0,275.4,19.3,252.2,298.5,1.5,3.7,12.0,14.0,10.0,58.0,4.0,2.0,0.0
MH_493_568401,Kakachiwadi,Kakachiwadi,Walwa,Sangli,16.91779,74.37601,114.73,30.62,-13.0,490.9,34.4,449.6,532.2,3.2,243.8,12.0,14.0,10.0,58.0,4.0,2.0,0.0
MH_466_557128,Jahagirdarwadi,Jahagirdarwadi,Akola,Ahmednagar,19.61702,73.74235,101.67,41.77,1.3,687.4,48.1,629.6,745.1,14.5,217.2,12.0,14.0,10.0,58.0,4.0,2.0,0.0
MH_494_564159,Vanzole,Vanzole,Patan,Satara,17.35667,73.77556,64.92,85.84,0.5,594.7,41.6,544.7,644.6,14.5,218.6,12.0,14.0,10.0,58.0,4.0,2.0,0.0
MH_479_547376,Ram Nagar,Ram Nagar,Bhokardan,Jalna,20.1308,75.67714,308.36,80.48,-15.0,306.5,21.5,280.7,332.3,1.5,298.4,12.0,14.0,10.0,58.0,4.0,2.0,0.0
MH_468_532789,Gajagad,Gajagad,Bhatkuli,Amravati,20.95253,77.59494,516.37,67.58,-15.0,268.1,18.8,245.5,290.7,1.5,19.0,12.0,14.0,10.0,58.0,4.0,2.0,0.0
MH_500_543436,Dabha,Dabha,Kelapur,Yavatmal,20.17116,78.53449,606.07,175.79,-15.0,249.3,17.5,228.3,270.3,1.5,58.4,12.0,14.0,10.0,58.0,4.0,2.0,0.0
MH_489_546578,Raikheda,Raikheda,Jintur,Parbhani,19.60242,76.61318,400.31,91.18,-15.0,287.7,20.1,263.6,311.9,1.5,337.8,12.0,14.0,10.0,58.0,4.0,2.0,0.0
MH_475_539005,Yengaon,Yengaon,Dhanora,Gadchiroli,20.20704,80.39983,800.06,347.15,-15.0,212.0,14.8,194.2,229.8,1.5,136.8,12.0,14.0,10.0,58.0,4.0,2.0,0.0
MH_477_546225,Pethvadgaon,Pethvadgaon,Kalamnuri,Hingoli,19.52836,77.35621,477.87,48.0,-15.0,272.9,19.1,250.0,295.8,1.5,9.0,12.0,14.0,10.0,58.0,4.0,2.0,0.0
MH_494_563298,Shindenagar,Shindenagar,Phaltan,Satara,18.00995,74.66677,168.31,18.07,-15.0,456.0,31.9,417.7,494.3,3.2,256.0,12.0,14.0,10.0,58.0,4.0,2.0,0.0
MH_492_565861,Chorvane,Chorvane,Sangameshwar,Ratnagiri,16.97701,73.55499,27.16,75.24,42.4,727.0,50.9,665.9,788.1,14.5,209.3,12.0,14.0,10.0,58.0,4.0,2.0,0.0
MH_486_525641,Shivpur,Shivpur,Nandurbar,Nandurbar,21.44117,74.1513,204.45,16.49,-7.9,517.8,36.2,474.4,561.3,3.2,234.4,12.0,14.0,10.0,58.0,4.0,2.0,0.0
MH_491_553621,Bhatgaon,Bhatgaon,Karjat,Raigad,18.95015,73.35282,56.32,70.17,29.2,891.1,62.4,816.2,965.9,14.5,200.8,12.0,14.0,10.0,58.0,4.0,2.0,0.0
MH_474_526338,Kharadbari,Kharadbari,Sakri,Dhule,21.10647,74.12627,179.39,22.84,-7.3,520.8,36.5,477.0,564.6,3.2,233.3,12.0,14.0,10.0,58.0,4.0,2.0,0.0
MH_491_554746,Phalshet Karnala,Phalshet Karnala,Tala,Raigad,18.33272,73.15947,45.82,76.08,4.4,979.3,68.6,897.0,1061.6,14.5,192.7,12.0,14.0,10.0,58.0,4.0,2.0,0.0
MH_467_529648,Belkhed,Belkhed,Telhara,Akola,21.082,76.87067,444.91,18.76,-15.0,282.6,19.8,258.8,306.3,1.5,348.6,12.0,14.0,10.0,58.0,4.0,2.0,0.0
MH_474_526536,Bhirdai,Bhirdai,Dhule,Dhule,20.85447,74.95479,245.82,65.19,-15.0,421.4,29.5,386.0,456.8,3.2,268.1,12.0,14.0,10.0,58.0,4.0,2.0,0.0
MH_498_533534,Sawardoh,Sawardoh,Karanja,Wardha,21.2187,78.35582,599.03,140.56,-15.0,252.9,17.7,231.6,274.1,1.5,50.9,12.0,14.0,10.0,58.0,4.0,2.0,0.0
MH_485_545189,Dhanora T M,Dhanora T M,Naigaon  (Khairgaon),Nanded,18.74034,77.52211,479.25,46.32,-15.0,269.6,18.9,246.9,292.2,1.5,15.9,12.0,14.0,10.0,58.0,4.0,2.0,0.0
MH_469_548787,Antapur,Antapur,Aurangabad,Aurangabad,19.89828,75.41502,279.39,45.89,-15.0,311.7,21.8,285.5,337.9,1.5,287.4,12.0,14.0,10.0,58.0,4.0,2.0,0.0
MH_470_559025,Shripatwadi,Shripatwadi,Shirur (kasar),Beed,19.13105,75.39389,271.09,42.19,-15.0,312.1,21.8,286.0,338.3,1.5,286.5,12.0,14.0,10.0,58.0,4.0,2.0,0.0
MH_495_566240,Tirlot,Tirlot,Devgad,Sindhudurg,16.4909,73.40342,56.58,88.01,37.3,817.9,57.3,749.2,886.7,14.5,202.9,12.0,14.0,10.0,58.0,4.0,2.0,0.0
MH_485_545455,Khairka,Khairka,Mukhed,Nanded,18.72205,77.36359,462.5,42.55,-15.0,272.7,19.1,249.8,295.6,1.5,9.3,12.0,14.0,10.0,58.0,4.0,2.0,0.0
MH_491_553689,Palasdari,Palasdari,Karjat,Raigad,18.87283,73.31483,52.15,68.05,22.7,910.4,63.7,833.9,986.8,14.5,199.2,12.0,14.0,10.0,58.0,4.0,2.0,0.0
MH_480_567387,Nagadewadi,Nagadewadi,Karvir,Kolhapur,16.70473,74.18367,99.25,1.82,-8.6,514.0,36.0,470.8,557.2,3.2,235.7,12.0,14.0,10.0,58.0,4.0,2.0,0.0
MH_477_545937,Takli Tarf Nandapur,Takli Tarf Nandapur,Hingoli,Hingoli,19.6686,77.22271,464.42,63.74,-15.0,275.5,19.3,252.4,298.7,1.5,3.4,12.0,14.0,10.0,58.0,4.0,2.0,0.0
MH_468_531572,Shiwanpani,Shiwanpani,Chikhaldara,Amravati,21.27058,77.18646,481.48,20.86,-15.0,276.3,19.3,253.1,299.4,1.5,1.8,12.0,14.0,10.0,58.0,4.0,2.0,0.0
MH_473_541312,Chichala,Chichala,Chandrapur,Chandrapur,19.96872,79.20854,673.88,222.11,-15.0,235.8,16.5,216.0,255.6,1.5,86.8,12.0,14.0,10.0,58.0,4.0,2.0,0.0
MH_476_537695,Chilhati,Chilhati,Goregaon,Gondia,21.31869,80.27081,796.86,339.2,-15.0,214.6,15.0,196.6,232.6,1.5,131.4,12.0,14.0,10.0,58.0,4.0,2.0,0.0
MH_499_531163,Dharagiri,Dharagiri,Washim,Washim,20.09041,77.0454,450.88,113.31,-15.0,279.1,19.5,255.7,302.5,1.5,355.9,12.0,14.0,10.0,58.0,4.0,2.0,0.0
MH_476_537571,Salebardi,Salebardi,Tirora,Gondia,21.39523,79.86923,756.92,298.04,-15.0,222.6,15.6,203.9,241.3,1.5,114.5,12.0,14.0,10.0,58.0,4.0,2.0,0.0
MH_472_528444,Tivhan Kh,Tivhan Kh,Shegaon,Buldhana,20.82228,76.65169,417.32,55.42,-15.0,287.0,20.1,262.8,311.1,1.5,339.4,12.0,14.0,10.0,58.0,4.0,2.0,0.0
MH_484_536446,Kesori,Kesori,Kuhi,Nagpur,20.95551,79.52338,715.21,263.22,-15.0,229.5,16.1,210.2,248.9,1.5,100.0,12.0,14.0,10.0,58.0,4.0,2.0,0.0
MH_494_564466,Harpalwadi,Harpalwadi,Karad,Satara,17.51068,74.0285,96.63,91.97,-5.1,532.6,37.3,487.8,577.3,3.2,229.2,12.0,14.0,10.0,58.0,4.0,2.0,0.0
MH_478_527383,Babhale Bk,Babhale Bk,Dharangaon,Jalgaon,21.03816,75.29321,285.51,27.87,-15.0,314.1,22.0,287.7,340.5,1.5,282.3,12.0,14.0,10.0,58.0,4.0,2.0,0.0
MH_497_552489,Kasheli,Kasheli,Bhiwandi,Thane,19.23536,73.02055,29.51,94.8,0.5,48.6,3.4,44.6,52.7,1.8,186.9,12.0,14.0,10.0,58.0,4.0,2.0,0.0
MH_467_529803,Tandulwadi,Tandulwadi,Akot,Akola,21.05844,77.04679,462.29,16.47,-15.0,279.1,19.5,255.7,302.5,1.5,356.0,12.0,14.0,10.0,58.0,4.0,2.0,0.0
MH_467_529931,Gaigaon,Gaigaon,Balapur,Akola,20.72025,76.91154,442.54,54.13,-15.0,281.8,19.7,258.1,305.4,1.5,350.3,12.0,14.0,10.0,58.0,4.0,2.0,0.0
MH_478_527721,Ramnagar,Ramnagar,Chalisgaon,Jalgaon,20.58219,74.81864,224.87,72.77,-15.0,437.8,30.6,401.0,474.5,3.2,262.4,12.0,14.0,10.0,58.0,4.0,2.0,0.0
MH_665_551895,Shivaji Nagar,Shivaji Nagar,Jawhar,Palghar,19.95684,73.21847,51.07,32.62,9.2,1017.0,71.2,931.5,1102.4,14.5,195.2,12.0,14.0,10.0,58.0,4.0,2.0,0.0
MH_470_559939,Lonarwadi,Lonarwadi,Parli,Beed,18.89907,76.53258,382.96,83.72,-15.0,289.3,20.3,265.0,313.7,1.5,334.4,12.0,14.0,10.0,58.0,4.0,2.0,0.0
MH_475_539009,Gattepayli,Gattepayli,Dhanora,Gadchiroli,20.16882,80.23114,782.15,329.17,-15.0,215.4,15.1,197.3,233.5,1.5,129.7,12.0,14.0,10.0,58.0,4.0,2.0,0.0
MH_466_558245,Shilegaon,Shilegaon,Rahuri,Ahmednagar,19.40748,74.69458,198.7,64.3,-15.0,452.6,31.7,414.6,490.7,3.2,257.2,12.0,14.0,10.0,58.0,4.0,2.0,0.0
MH_497_553128,Kondesakhare,Kondesakhare,Murbad,Thane,19.25381,73.47201,72.36,76.54,44.3,833.2,58.3,763.3,903.2,14.5,205.8,12.0,14.0,10.0,58.0,4.0,2.0,0.0
MH_494_563119,Vithalwadi,Vithalwadi,Wai,Satara,17.93901,73.8309,79.71,65.75,-0.7,556.3,38.9,509.6,603.0,3.2,220.9,12.0,14.0,10.0,58.0,4.0,2.0,0.0
MH_500_542646,Wagad Kh,Wagad Kh,Darwha,Yavatmal,20.23214,77.94255,545.06,142.74,-15.0,261.1,18.3,239.2,283.1,1.5,33.6,12.0,14.0,10.0,58.0,4.0,2.0,0.0
MH_481_560579,Bevanalwadi,Bevanalwadi,Shirur-Anantpal,Latur,18.30592,76.79494,395.53,103.08,-15.0,284.1,19.9,260.2,308.0,1.5,345.4,12.0,14.0,10.0,58.0,4.0,2.0,0.0
MH_474_526609,Junwane,Junwane,Dhule,Dhule,20.76167,74.83044,230.54,80.67,-15.0,436.3,30.5,399.7,472.9,3.2,262.9,12.0,14.0,10.0,58.0,4.0,2.0,0.0
MH_500_544067,Takli,Takli,Wani,Yavatmal,19.85448,79.10767,662.52,207.24,-15.0,237.8,16.6,217.9,257.8,1.5,82.5,12.0,14.0,10.0,58.0,4.0,2.0,0.0
MH_498_534152,Dewangan,Dewangan,Wardha,Wardha,20.60055,78.59729,615.92,178.81,-15.0,248.1,17.4,227.2,268.9,1.5,61.1,12.0,14.0,10.0,58.0,4.0,2.0,0.0
MH_491_553718,Chambharli,Chambharli,Khalapur,Raigad,18.89691,73.19298,39.24,80.33,6.8,984.6,68.9,901.9,1067.3,14.5,194.1,12.0,14.0,10.0,58.0,4.0,2.0,0.0
MH_480_567680,Kembali,Kembali,Kagal,Kolhapur,16.52924,74.19021,95.48,19.02,-8.8,513.2,35.9,470.1,556.3,3.2,236.0,12.0,14.0,10.0,58.0,4.0,2.0,0.0
MH_485_545531,Kundral,Kundral,Mukhed,Nanded,18.62046,77.32901,456.7,53.41,-15.0,273.4,19.1,250.5,296.3,1.5,7.8,12.0,14.0,10.0,58.0,4.0,2.0,0.0
MH_485_545678,Davangir,Davangir,Deglur,Nanded,18.40547,77.46579,467.17,79.18,-15.0,270.7,18.9,248.0,293.4,1.5,13.6,12.0,14.0,10.0,58.0,4.0,2.0,0.0
MH_500_543124,Ijani,Ijani,Mahagaon,Yavatmal,19.90661,77.8677,533.63,107.63,-15.0,262.6,18.4,240.6,284.7,1.5,30.4,12.0,14.0,10.0,58.0,4.0,2.0,0.0
MH_484_535560,Rampuri,Rampuri,Ramtek,Nagpur,21.41527,79.34332,703.56,243.93,-15.0,233.1,16.3,213.6,252.7,1.5,92.4,12.0,14.0,10.0,58.0,4.0,2.0,0.0
MH_497_552651,Sonale,Sonale,Bhiwandi,Thane,19.2861,73.09905,33.84,85.58,1.8,54.9,3.8,50.4,59.5,1.8,190.2,12.0,14.0,10.0,58.0,4.0,2.0,0.0
MH_491_553790,Wanavate,Wanavate,Khalapur,Raigad,18.77586,73.24065,41.86,69.78,11.7,950.5,66.5,870.7,1030.3,14.5,196.1,12.0,14.0,10.0,58.0,4.0,2.0,0.0
MH_467_529797,Sawarkhed,Sawarkhed,Akot,Akola,21.04919,77.10073,467.59,19.76,-15.0,278.0,19.5,254.6,301.4,1.5,358.2,12.0,14.0,10.0,58.0,4.0,2.0,0.0
MH_498_534493,Khardi,Khardi,Hinganghat,Wardha,20.46496,78.80486,636.22,204.6,-15.0,243.9,17.1,223.4,264.4,1.5,69.8,12.0,14.0,10.0,58.0,4.0,2.0,0.0
MH_494_563085,Kenjal,Kenjal,Wai,Satara,17.96929,73.96114,93.87,63.44,-3.6,540.7,37.8,495.3,586.0,3.2,226.4,12.0,14.0,10.0,58.0,4.0,2.0,0.0
MH_494_564240,Keral,Keral,Patan,Satara,17.4518,73.88499,80.6,90.05,-1.9,549.8,38.5,503.6,596.0,3.2,223.2,12.0,14.0,10.0,58.0,4.0,2.0,0.0
MH_475_539128,Murmadi,Murmadi,Gadchiroli,Gadchiroli,20.27859,80.16304,776.24,327.13,-15.0,216.7,15.2,198.5,235.0,1.5,126.8,12.0,14.0,10.0,58.0,4.0,2.0,0.0
MH_466_558549,Nimbodi,Nimbodi,Karjat,Ahmednagar,18.64595,75.13399,235.03,80.36,-15.0,317.3,22.2,290.7,344.0,1.5,275.6,12.0,14.0,10.0,58.0,4.0,2.0,0.0
MH_494_563366,Kulakjai,Kulakjai,Man,Satara,17.79174,74.39825,138.52,44.23,-13.5,488.2,34.2,447.2,529.3,3.2,244.7,12.0,14.0,10.0,58.0,4.0,2.0,0.0
MH_491_553861,Kauli Simadevi,Kauli Simadevi,Pen,Raigad,18.82328,73.10175,30.85,85.3,1.9,1036.0,72.5,949.0,1123.0,14.5,190.3,12.0,14.0,10.0,58.0,4.0,2.0,0.0
MH_471_999999,Reserved Forest,Reserved Forest,Central,Bhandara,21.0526,79.94196,759.52,305.58,-15.0,221.2,15.5,202.6,239.8,1.5,117.6,12.0,14.0,10.0,58.0,4.0,2.0,0.0
MH_494_564476,Vadgaon Umbraj,Vadgaon Umbraj,Karad,Satara,17.45887,74.04896,95.11,85.9,-5.6,530.1,37.1,485.6,574.6,3.2,230.1,12.0,14.0,10.0,58.0,4.0,2.0,0.0
MH_494_564279,Sadawaghapur,Sadawaghapur,Patan,Satara,17.41804,73.92164,81.4,85.15,-2.7,545.4,38.2,499.6,591.2,3.2,224.7,12.0,14.0,10.0,58.0,4.0,2.0,0.0
MH_479_548003,Kumbhar Pimpalgaon,Kumbhar Pimpalgaon,Ghansawangi,Jalna,19.38781,76.07114,343.09,81.81,-15.0,298.6,20.9,273.5,323.7,1.5,315.0,12.0,14.0,10.0,58.0,4.0,2.0,0.0
MH_499_530591,Pimpalwadi,Pimpalwadi,Malegaon,Washim,20.3786,77.02403,450.46,91.37,-15.0,279.5,19.6,256.0,303.0,1.5,355.0,4.0,22.0,14.0,52.0,3.0,1.0,4.0
MH_469_549373,Solegaon,Solegaon,Gangapur,Aurangabad,19.70031,75.11761,245.13,29.35,-15.0,317.6,22.2,291.0,344.3,1.5,274.9,12.0,14.0,10.0,58.0,4.0,2.0,0.0
MH_478_527902,Shahapura,Shahapura,Pachora,Jalgaon,20.72061,75.57796,305.36,32.23,-15.0,308.4,21.6,282.5,334.4,1.5,294.3,12.0,14.0,10.0,58.0,4.0,2.0,0.0
MH_485_544596,Shivani,Shivani,Hadgaon,Nanded,19.40781,77.66211,509.92,51.15,-15.0,266.8,18.7,244.3,289.2,1.5,21.8,12.0,14.0,10.0,58.0,4.0,2.0,0.0
MH_496_562196,Kuranwadi,Kuranwadi,Mohol,Solapur,17.87024,75.42641,245.9,55.81,-15.0,311.5,21.8,285.3,337.6,1.5,287.9,12.0,14.0,10.0,58.0,4.0,2.0,0.0
MH_485_545264,Jomegaon,Jomegaon,Loha,Nanded,18.96163,77.4025,472.71,18.78,-15.0,271.9,19.0,249.1,294.7,1.5,10.9,12.0,14.0,10.0,58.0,4.0,2.0,0.0
MH_494_563719,Jaigaon,Jaigaon,Koregaon,Satara,17.63702,74.24071,123.08,67.4,-9.9,507.1,35.5,464.5,549.7,3.2,238.1,12.0,14.0,10.0,58.0,4.0,2.0,0.0
MH_495_566475,Rameshwarnagar,Rameshwarnagar,Kankavli,Sindhudurg,16.30935,73.83408,54.52,58.38,-0.8,555.9,38.9,509.2,602.6,3.2,221.0,12.0,14.0,10.0,58.0,4.0,2.0,0.0
MH_485_545401,Narnali,Narnali,Kandhar,Nanded,18.74205,77.40728,467.46,41.37,-15.0,271.9,19.0,249.1,294.7,1.5,11.1,12.0,14.0,10.0,58.0,4.0,2.0,0.0
MH_480_567049,Perid,Perid,Shahuwadi,Kolhapur,16.93558,73.95103,69.51,37.26,-3.4,541.9,37.9,496.4,587.4,3.2,225.9,12.0,14.0,10.0,58.0,4.0,2.0,0.0
MH_478_526846,Morwhal,Morwhal,Raver,Jalgaon,21.36943,75.95801,362.79,57.45,-15.0,300.8,21.1,275.5,326.2,1.5,310.2,12.0,14.0,10.0,58.0,4.0,2.0,0.0
MH_491_554115,Medhekhar,Medhekhar,Alibag,Raigad,18.67081,73.01127,15.27,89.77,0.4,47.9,3.4,43.8,52.0,1.8,186.5,12.0,14.0,10.0,58.0,4.0,2.0,0.0
MH_491_553579,Ambherpada,Ambherpada,Karjat,Raigad,19.07151,73.5092,74.93,70.09,44.9,802.7,56.2,735.3,870.1,14.5,207.4,12.0,14.0,10.0,58.0,4.0,2.0,0.0
MH_476_538399,Padampur,Padampur,Deori,Gondia,20.97818,80.40524,806.63,354.14,-15.0,211.9,14.8,194.1,229.7,1.5,137.0,12.0,14.0,10.0,58.0,4.0,2.0,0.0
MH_485_544830,Batala,Batala,Bhokar,Nanded,19.23598,77.70105,511.34,44.75,-15.0,266.0,18.6,243.7,288.3,1.5,23.4,12.0,14.0,10.0,58.0,4.0,2.0,0.0
MH_470_559363,Vasantnagar,Vasantnagar,Manjlegaon,Beed,19.1341,76.28412,363.36,106.8,-15.0,294.3,20.6,269.6,319.0,1.5,323.9,12.0,14.0,10.0,58.0,4.0,2.0,0.0
MH_489_547022,Kasarwadi,Kasarwadi,Gangakhed,Parbhani,18.94091,76.75623,406.79,59.84,-15.0,284.9,19.9,261.0,308.8,1.5,343.8,12.0,14.0,10.0,58.0,4.0,2.0,0.0
MH_498_534034,Hamdapur,Hamdapur,Seloo,Wardha,20.72032,78.80186,638.28,194.55,-15.0,244.0,17.1,223.4,264.5,1.5,69.7,12.0,14.0,10.0,58.0,4.0,2.0,0.0
MH_477_546178,Mhaisgavhan,Mhaisgavhan,Kalamnuri,Hingoli,19.58946,77.29288,471.4,54.43,-15.0,274.1,19.2,251.1,297.2,1.5,6.3,12.0,14.0,10.0,58.0,4.0,2.0,0.0
MH_489_547166,Mahadewadi,Mahadewadi,Palam,Parbhani,18.84452,76.91803,420.11,49.2,-15.0,281.6,19.7,258.0,305.3,1.5,350.6,12.0,14.0,10.0,58.0,4.0,2.0,0.0
MH_499_531325,Yevta,Yevta,Risod,Washim,20.09249,76.91874,437.79,117.36,-15.0,281.6,19.7,258.0,305.3,1.5,350.6,12.0,14.0,10.0,58.0,4.0,2.0,0.0
MH_475_539134,Bhikar Maushi,Bhikar Maushi,Gadchiroli,Gadchiroli,20.25871,80.11574,771.1,321.72,-15.0,217.7,15.2,199.4,235.9,1.5,124.9,12.0,14.0,10.0,58.0,4.0,2.0,0.0
MH_478_527571,Ratnapimpri,Ratnapimpri,Parola,Jalgaon,20.95502,75.12684,266.21,45.39,-15.0,317.5,22.2,290.8,344.1,1.5,275.3,12.0,14.0,10.0,58.0,4.0,2.0,0.0
MH_473_540281,Girola,Girola,Warora,Chandrapur,20.44271,79.16646,673.66,240.39,-15.0,236.7,16.6,216.8,256.6,1.5,85.0,12.0,14.0,10.0,58.0,4.0,2.0,0.0
MH_479_548134,Kanadi,Kanadi,Mantha,Jalna,19.84689,76.46157,386.7,120.92,-15.0,290.8,20.4,266.3,315.2,1.5,331.4,12.0,14.0,10.0,58.0,4.0,2.0,0.0
MH_473_541783,Mangi Bk,Mangi Bk,Rajura,Chandrapur,19.71674,79.24134,675.8,214.84,-15.0,235.2,16.5,215.4,255.0,1.5,88.1,12.0,14.0,10.0,58.0,4.0,2.0,0.0
MH_665_552392,Manor,Manor,Central,Palghar,19.71879,72.88691,32.4,71.62,0.0,38.0,2.7,34.7,41.2,1.8,181.3,12.0,14.0,10.0,58.0,4.0,2.0,0.0
MH_473_541122,Hardola,Hardola,Bhadravati,Chandrapur,20.16199,79.08351,662.86,220.98,-15.0,238.3,16.7,218.3,258.4,1.5,81.5,12.0,14.0,10.0,58.0,4.0,2.0,0.0
MH_479_547730,Akola,Akola,Badnapur,Jalna,19.89693,75.71704,310.43,62.08,-15.0,305.7,21.4,280.0,331.3,1.5,300.1,12.0,14.0,10.0,58.0,4.0,2.0,0.0
MH_500_542654,Sakara,Sakara,Digras,Yavatmal,20.20961,77.73289,523.11,131.45,-15.0,265.3,18.6,243.0,287.7,1.5,24.8,12.0,14.0,10.0,58.0,4.0,2.0,0.0
MH_497_552975,Apati Tarf Barhe,Apati Tarf Barhe,Kalyan,Thane,19.21966,73.24849,51.16,85.36,12.7,965.8,67.6,884.7,1046.9,14.5,196.4,12.0,14.0,10.0,58.0,4.0,2.0,0.0
MH_491_553456,Nanoshi,Nanoshi,Panvel,Raigad,18.93077,73.08784,28.38,91.8,1.5,54.0,3.8,49.5,58.6,1.8,189.7,12.0,14.0,10.0,58.0,4.0,2.0,0.0
MH_468_533369,Samsherpur Bk,Samsherpur Bk,Dhamangaon Railway,Amravati,20.70657,78.09401,564.76,126.16,-15.0,258.1,18.1,236.4,279.8,1.5,39.9,12.0,14.0,10.0,58.0,4.0,2.0,0.0
MH_498_534109,Nandora,Nandora,Wardha,Wardha,20.7069,78.64681,622.09,179.58,-15.0,247.1,17.3,226.3,267.8,1.5,63.2,12.0,14.0,10.0,58.0,4.0,2.0,0.0
MH_467_530303,Jamthi Kh,Jamthi Kh,Murtijapur,Akola,20.68163,77.40168,492.78,71.15,-15.0,272.0,19.0,249.2,294.8,1.5,10.9,12.0,14.0,10.0,58.0,4.0,2.0,0.0
MH_468_531985,Ambuj,Ambuj,Achalpur,Amravati,21.1659,77.40322,500.89,41.98,-15.0,271.9,19.0,249.1,294.7,1.5,10.9,12.0,14.0,10.0,58.0,4.0,2.0,0.0
MH_474_526323,Bhadane,Bhadane,Sakri,Dhule,20.98394,74.29694,187.69,36.55,-11.2,500.4,35.0,458.4,542.4,3.2,240.5,12.0,14.0,10.0,58.0,4.0,2.0,0.0
MH_665_552134,Mandava,Mandava,Vada,Palghar,19.69931,73.20499,53.93,43.27,7.9,1013.5,70.9,928.4,1098.6,14.5,194.6,12.0,14.0,10.0,58.0,4.0,2.0,0.0
MH_489_546996,Pimpri Zola,Pimpri Zola,Gangakhed,Parbhani,19.00519,76.81539,414.89,52.01,-15.0,283.7,19.9,259.8,307.6,1.5,346.2,12.0,14.0,10.0,58.0,4.0,2.0,0.0
MH_500_542439,Kolambi,Kolambi,Yavatmal,Yavatmal,20.2522,78.18612,570.54,158.18,-15.0,256.3,17.9,234.8,277.8,1.5,43.8,12.0,14.0,10.0,58.0,4.0,2.0,0.0
MH_468_531427,Gambheri,Gambheri,Dharni,Amravati,21.50989,76.80604,450.81,39.89,-15.0,283.9,19.9,260.0,307.8,1.5,345.9,12.0,14.0,10.0,58.0,4.0,2.0,0.0
MH_481_560880,Korali,Korali,Nilanga,Latur,17.8983,76.79044,383.79,98.25,-15.0,284.2,19.9,260.3,308.1,1.5,345.2,12.0,14.0,10.0,58.0,4.0,2.0,0.0
MH_468_532191,Wathonda,Wathonda,Chandurbazar,Amravati,21.17491,77.79199,540.64,82.16,-15.0,264.2,18.5,242.0,286.4,1.5,27.3,12.0,14.0,10.0,58.0,4.0,2.0,0.0
MH_499_531151,Jambhrun Parande,Jambhrun Parande,Washim,Washim,20.1606,77.0885,455.71,115.94,-15.0,278.2,19.5,254.8,301.6,1.5,357.7,12.0,14.0,10.0,58.0,4.0,2.0,0.0
MH_497_552566,Gondravali,Gondravali,Bhiwandi,Thane,19.44992,73.11672,33.67,69.58,2.4,1055.2,73.9,966.5,1143.9,14.5,190.9,12.0,14.0,10.0,58.0,4.0,2.0,0.0
MH_498_533959,Kamthi,Kamthi,Seloo,Wardha,20.8267,78.64029,622.52,175.25,-15.0,247.2,17.3,226.4,268.0,1.5,62.9,12.0,14.0,10.0,58.0,4.0,2.0,0.0
MH_472_529440,Raheri Kh,Raheri Kh,Sindkhed Raja,Buldhana,20.00764,76.26801,369.27,115.97,-15.0,294.6,20.6,269.9,319.4,1.5,323.3,12.0,14.0,10.0,58.0,4.0,2.0,0.0
MH_496_562417,Pimpari,Pimpari,Malshiras,Solapur,17.8782,74.69404,169.95,32.54,-15.0,452.7,31.7,414.7,490.8,3.2,257.1,12.0,14.0,10.0,58.0,4.0,2.0,0.0
MH_488_561385,Khamgaon,Khamgaon,Osmanabad,Osmanabad,18.34002,76.02843,316.15,77.92,-15.0,299.4,21.0,274.2,324.6,1.5,313.2,12.0,14.0,10.0,58.0,4.0,2.0,0.0
MH_499_531231,Dhumka,Dhumka,Washim,Washim,20.03368,77.16815,462.62,104.74,-15.0,276.6,19.4,253.4,299.9,1.5,1.1,12.0,14.0,10.0,58.0,4.0,2.0,0.0
MH_481_560637,Umbadga Kh,Umbadga Kh,Ausa,Latur,18.29042,76.53869,368.49,98.16,-15.0,289.2,20.2,265.0,313.5,1.5,334.6,12.0,14.0,10.0,58.0,4.0,2.0,0.0
MH_665_552446,Nagale,Nagale,Vasai,Palghar,19.30803,72.93534,17.5,93.9,0.1,41.8,2.9,38.3,45.3,1.8,183.3,12.0,14.0,10.0,58.0,4.0,2.0,0.0
MH_474_526076,Godi,Godi,Shirpur,Dhule,21.30295,75.0028,269.02,66.33,-15.0,319.9,22.4,293.1,346.8,1.5,270.1,12.0,14.0,10.0,58.0,4.0,2.0,0.0
MH_478_527762,Vadale Vadali,Vadale Vadali,Chalisgaon,Jalgaon,20.55215,75.09549,252.75,70.17,-15.0,318.1,22.3,291.3,344.9,1.5,274.0,12.0,14.0,10.0,58.0,4.0,2.0,0.0
MH_471_536863,Takali,Takali,Mohadi,Bhandara,21.26343,79.57636,724.75,267.12,-15.0,228.5,16.0,209.3,247.7,1.5,102.2,12.0,14.0,10.0,58.0,4.0,2.0,0.0
MH_484_535618,Khaparkheda,Khaparkheda,Mauda,Nagpur,21.28212,79.45551,712.66,254.65,-15.0,230.9,16.2,211.4,250.3,1.5,97.1,12.0,14.0,10.0,58.0,4.0,2.0,0.0
MH_479_547320,Takli Bhokardan,Takli Bhokardan,Bhokardan,Jalna,20.21899,75.87584,329.67,93.9,-15.0,302.5,21.2,277.0,327.9,1.5,306.8,12.0,14.0,10.0,58.0,4.0,2.0,0.0
MH_474_526475,Borsule,Borsule,Dhule,Dhule,21.04813,74.6176,220.72,51.57,-15.0,461.9,32.3,423.1,500.6,3.2,253.9,12.0,14.0,10.0,58.0,4.0,2.0,0.0
MH_492_564761,Mahu,Mahu,Mandangad,Ratnagiri,17.96229,73.25276,24.15,89.23,13.3,908.3,63.6,832.0,984.7,14.5,196.6,12.0,14.0,10.0,58.0,4.0,2.0,0.0
MH_474_526472,Nandane,Nandane,Dhule,Dhule,21.05239,74.73564,232.08,61.99,-15.0,447.7,31.3,410.2,485.3,3.2,258.9,12.0,14.0,10.0,58.0,4.0,2.0,0.0
MH_496_561946,Shevare,Shevare,Madha,Solapur,17.99247,75.14449,218.33,62.19,-15.0,317.1,22.2,290.5,343.8,1.5,276.1,12.0,14.0,10.0,58.0,4.0,2.0,0.0
MH_498_533740,Manulapur,Manulapur,Arvi,Wardha,20.97218,78.21796,580.74,128.88,-15.0,255.6,17.9,234.2,277.1,1.5,45.2,12.0,14.0,10.0,58.0,4.0,2.0,0.0
MH_491_553773,Kumbhivali,Kumbhivali,Khalapur,Raigad,18.82293,73.26404,46.21,69.79,14.8,938.6,65.7,859.8,1017.4,14.5,197.1,12.0,14.0,10.0,58.0,4.0,2.0,0.0
MH_481_560545,Sawargaon,Sawargaon,Shirur-Anantpal,Latur,18.37647,76.75864,392.84,98.6,-15.0,284.8,19.9,260.9,308.7,1.5,343.9,12.0,14.0,10.0,58.0,4.0,2.0,0.0
MH_492_565953,Indavati,Indavati,Lanja,Ratnagiri,16.79273,73.53559,33.31,71.49,43.9,738.6,51.7,676.6,800.7,14.5,208.5,12.0,14.0,10.0,58.0,4.0,2.0,0.0
MH_475_276283,Bhamragad,Bhamragad,Central,Gadchiroli,19.41963,80.59366,810.63,347.56,-15.0,208.1,14.6,190.6,225.6,1.5,144.9,12.0,14.0,10.0,58.0,4.0,2.0,0.0
MH_466_558141,Baburdibend,Baburdibend,Nagar,Ahmednagar,18.95168,74.70564,196.31,87.24,-15.0,451.3,31.6,413.4,489.2,3.2,257.6,12.0,14.0,10.0,58.0,4.0,2.0,0.0
MH_481_560710,Sirsal,Sirsal,Ausa,Latur,18.0897,76.5819,368.81,87.17,-15.0,288.4,20.2,264.1,312.6,1.5,336.4,12.0,14.0,10.0,58.0,4.0,2.0,0.0
MH_491_553990,Zotirpada,Zotirpada,Central,Raigad,18.58699,73.09549,24.48,79.79,1.7,54.6,3.8,50.1,59.2,1.8,190.0,12.0,14.0,10.0,58.0,4.0,2.0,0.0
MH_492_565771,Washi Tarf Sangameshwar,Washi Tarf Sangameshwar,Sangameshwar,Ratnagiri,17.17281,73.63359,40.87,79.96,31.5,679.8,47.6,622.7,737.0,14.5,212.6,12.0,14.0,10.0,58.0,4.0,2.0,0.0
MH_481_560659,Chalburga,Chalburga,Ausa,Latur,18.18584,76.5877,372.24,94.04,-15.0,288.2,20.2,264.0,312.5,1.5,336.7,12.0,14.0,10.0,58.0,4.0,2.0,0.0
MH_488_561583,Shivkarwadi,Shivkarwadi,Tuljapur,Osmanabad,17.96127,76.27682,333.68,52.81,-15.0,294.5,20.6,269.7,319.2,1.5,323.6,12.0,14.0,10.0,58.0,4.0,2.0,0.0
MH_500_543869,Dongargaon,Dongargaon,Zari-Jamani,Yavatmal,19.86329,78.86013,636.74,184.26,-15.0,242.8,17.0,222.4,263.2,1.5,72.1,12.0,14.0,10.0,58.0,4.0,2.0,0.0
MH_494_563375,Satrewadi,Satrewadi,Man,Satara,17.7362,74.42258,141.34,48.93,-14.0,485.3,34.0,444.5,526.1,3.2,245.7,12.0,14.0,10.0,58.0,4.0,2.0,0.0
MH_492_565368,Khamshet,Khamshet,Guhagar,Ratnagiri,17.53794,73.23433,33.9,128.09,11.0,919.4,64.4,842.1,996.7,14.5,195.8,12.0,14.0,10.0,58.0,4.0,2.0,0.0
MH_500_542541,Fubgaon,Fubgaon,Darwha,Yavatmal,20.41431,77.78283,529.61,119.39,-15.0,264.3,18.5,242.1,286.5,1.5,26.9,12.0,14.0,10.0,58.0,4.0,2.0,0.0
MH_494_563310,Kurvali Bk,Kurvali Bk,Phaltan,Satara,17.9392,74.63366,163.99,24.12,-15.0,460.0,32.2,421.3,498.6,3.2,254.6,12.0,14.0,10.0,58.0,4.0,2.0,0.0
MH_479_547758,Kajla,Kajla,Badnapur,Jalna,19.75735,75.80558,317.37,60.19,-15.0,303.9,21.3,278.3,329.4,1.5,303.8,12.0,14.0,10.0,58.0,4.0,2.0,0.0
MH_497_552904,Vithobachegaon,Vithobachegaon,Shahapur,Thane,19.35766,73.41505,64.69,65.86,39.0,872.1,61.0,798.9,945.3,14.5,203.4,12.0,14.0,10.0,58.0,4.0,2.0,0.0
MH_469_548775,Nanakwadi,Nanakwadi,Aurangabad,Aurangabad,19.92682,75.37412,275.83,48.09,-15.0,312.5,21.9,286.2,338.8,1.5,285.7,12.0,14.0,10.0,58.0,4.0,2.0,0.0
MH_470_558843,Dhirdi,Dhirdi,Ashti,Beed,18.81275,75.07786,233.3,79.9,-15.0,318.4,22.3,291.7,345.2,1.5,273.3,12.0,14.0,10.0,58.0,4.0,2.0,0.0
MH_493_568669,Savarde,Savarde,Tasgaon,Sangli,17.08181,74.69675,148.85,67.79,-15.0,452.4,31.7,414.4,490.4,3.2,257.3,12.0,14.0,10.0,58.0,4.0,2.0,0.0
MH_473_541715,Tatakohad,Tatakohad,Jiwati,Chandrapur,19.62042,79.22559,673.87,210.13,-15.0,235.5,16.5,215.7,255.3,1.5,87.5,12.0,14.0,10.0,58.0,4.0,2.0,0.0
MH_665_552333,Khadkawane,Khadkawane,Palghar,Palghar,19.8016,72.90594,26.25,67.05,0.0,39.5,2.8,36.1,42.8,1.8,182.0,12.0,14.0,10.0,58.0,4.0,2.0,0.0
MH_494_564375,Tamine,Tamine,Patan,Satara,17.2566,73.85403,65.92,72.0,-1.2,553.5,38.7,507.1,600.0,3.2,221.9,12.0,14.0,10.0,58.0,4.0,2.0,0.0
MH_486_525098,Bharadipadar,Bharadipadar,Akkalkuwa,Nandurbar,21.61809,73.92123,202.37,45.64,-2.7,545.5,38.2,499.6,591.3,3.2,224.7,12.0,14.0,10.0,58.0,4.0,2.0,0.0
MH_475_538670,Katangtola,Katangtola,Kurkheda,Gadchiroli,20.641,80.3294,795.93,351.34,-15.0,213.4,14.9,195.5,231.3,1.5,133.8,12.0,14.0,10.0,58.0,4.0,2.0,0.0
MH_481_560443,Tiruka,Tiruka,Jalkot,Latur,18.545,77.17344,439.06,63.13,-15.0,276.5,19.4,253.3,299.8,1.5,1.3,12.0,14.0,10.0,58.0,4.0,2.0,0.0
MH_484_536292,Telkawadsi,Telkawadsi,Umred,Nagpur,20.78886,79.27,687.39,240.05,-15.0,234.6,16.4,214.9,254.3,1.5,89.3,12.0,14.0,10.0,58.0,4.0,2.0,0.0
MH_498_533499,Chichkumbha,Chichkumbha,Ashti,Wardha,21.14067,78.19269,580.9,123.85,-15.0,256.1,17.9,234.7,277.6,1.5,44.1,12.0,14.0,10.0,58.0,4.0,2.0,0.0
MH_496_562073,Bavi,Bavi,Barshi,Solapur,18.17695,75.77318,286.68,60.11,-15.0,304.5,21.3,279.0,330.1,1.5,302.5,12.0,14.0,10.0,58.0,4.0,2.0,0.0
MH_479_547982,Khalapuri,Khalapuri,Ghansawangi,Jalna,19.41431,75.99657,335.25,73.65,-15.0,300.1,21.0,274.9,325.3,1.5,311.9,12.0,14.0,10.0,58.0,4.0,2.0,0.0
MH_492_565832,Nive Kh,Nive Kh,Sangameshwar,Ratnagiri,17.06202,73.68701,41.92,67.82,2.5,647.8,45.3,593.4,702.2,14.5,214.9,12.0,14.0,10.0,58.0,4.0,2.0,0.0
MH_484_535357,Aoleghat,Aoleghat,Parseoni,Nagpur,21.45642,79.13792,683.45,223.27,-15.0,237.2,16.6,217.3,257.2,1.5,83.8,12.0,14.0,10.0,58.0,4.0,2.0,0.0
MH_476_537763,Umari,Umari,Gondiya,Gondia,21.5714,80.18707,792.53,332.55,-15.0,216.3,15.1,198.1,234.4,1.5,127.9,12.0,14.0,10.0,58.0,4.0,2.0,0.0
MH_498_999999,Reserved Forest,Reserved Forest,Central,Wardha,21.22253,78.22179,585.42,126.68,-15.0,255.6,17.9,234.1,277.0,1.5,45.3,12.0,14.0,10.0,58.0,4.0,2.0,0.0
MH_496_562574,Buddhehal,Buddhehal,Sangole,Solapur,17.31032,75.01035,185.18,101.63,-15.0,319.8,22.4,292.9,346.7,1.5,270.4,12.0,14.0,10.0,58.0,4.0,2.0,0.0
MH_496_561968,Ujani Madha,Ujani Madha,Madha,Solapur,18.01774,75.33843,239.01,72.15,-15.0,313.2,21.9,287.0,339.5,1.5,284.2,12.0,14.0,10.0,58.0,4.0,2.0,0.0
MH_472_528618,Wakodi,Wakodi,Malkapur,Buldhana,20.84818,76.18707,370.21,67.57,-15.0,296.3,20.7,271.4,321.1,1.5,319.9,12.0,14.0,10.0,58.0,4.0,2.0,0.0
MH_665_999999,Not Available,Not Available,Central,Palghar,19.90483,73.07391,36.67,47.84,1.2,52.9,3.7,48.5,57.4,1.8,189.1,12.0,14.0,10.0,58.0,4.0,2.0,0.0
MH_468_532555,Kaudanyapur,Kaudanyapur,Teosa,Amravati,20.97413,78.13752,572.49,120.66,-15.0,257.2,18.0,235.6,278.8,1.5,41.8,12.0,14.0,10.0,58.0,4.0,2.0,0.0
MH_665_552411,Hedavade,Hedavade,Vasai,Palghar,19.51065,72.89215,15.64,82.08,0.0,38.4,2.7,35.1,41.6,1.8,181.5,12.0,14.0,10.0,58.0,4.0,2.0,0.0
MH_500_543290,Shari,Shari,Arni,Yavatmal,19.97576,78.01308,549.5,122.75,-15.0,259.7,18.2,237.9,281.6,1.5,36.5,12.0,14.0,10.0,58.0,4.0,2.0,0.0
MH_495_566445,Karanje,Karanje,Kankavli,Sindhudurg,16.31594,73.77307,52.95,62.41,0.6,596.2,41.7,546.1,646.2,14.5,218.5,12.0,14.0,10.0,58.0,4.0,2.0,0.0
MH_466_558681,Dighol,Dighol,Jamkhed,Ahmednagar,18.71008,75.53627,277.02,91.28,-15.0,309.3,21.6,283.4,335.2,1.5,292.5,12.0,14.0,10.0,58.0,4.0,2.0,0.0
MH_665_551606,Gaurwadi,Gaurwadi,Dahanu,Palghar,19.96912,72.828,10.24,73.44,0.0,33.2,2.3,30.5,36.0,1.8,178.8,12.0,14.0,10.0,58.0,4.0,2.0,0.0
MH_476_538389,Borgaon,Borgaon,Deori,Gondia,21.00935,80.40228,806.62,353.57,-15.0,212.0,14.8,194.2,229.7,1.5,136.9,12.0,14.0,10.0,58.0,4.0,2.0,0.0
MH_496_562123,Nimbalak,Nimbalak,Barshi,Solapur,18.07695,75.91702,300.53,47.51,-15.0,301.7,21.1,276.3,327.0,1.5,308.5,12.0,14.0,10.0,58.0,4.0,2.0,0.0
MH_493_568232,Kalundre,Kalundre,Shirala,Sangli,17.08358,73.94399,69.25,50.61,-3.2,542.7,38.0,497.1,588.3,3.2,225.6,12.0,14.0,10.0,58.0,4.0,2.0,0.0
MH_473_540729,Deulgaon,Deulgaon,Brahmapuri,Chandrapur,20.69372,79.76881,738.25,292.99,-15.0,224.6,15.7,205.8,243.5,1.5,110.3,12.0,14.0,10.0,58.0,4.0,2.0,0.0
MH_468_531453,Chutiya,Chutiya,Dharni,Amravati,21.49598,76.91919,461.49,33.96,-15.0,281.6,19.7,258.0,305.3,1.5,350.6,12.0,14.0,10.0,58.0,4.0,2.0,0.0
MH_499_530597,Kalakamatha,Kalakamatha,Malegaon,Washim,20.32427,76.90236,437.32,97.9,-15.0,282.0,19.7,258.3,305.6,1.5,349.9,4.0,22.0,14.0,52.0,3.0,1.0,4.0
MH_467_530246,Sikandarpur,Sikandarpur,Murtijapur,Akola,20.77213,77.51383,505.42,71.48,-15.0,269.7,18.9,247.0,292.4,1.5,15.6,12.0,14.0,10.0,58.0,4.0,2.0,0.0
MH_496_562805,Guddewadi,Guddewadi,Akkalkot,Solapur,17.34602,75.94441,283.72,34.13,-15.0,301.1,21.1,275.8,326.4,1.5,309.7,12.0,14.0,10.0,58.0,4.0,2.0,0.0
MH_492_565545,Vilaye,Vilaye,Ratnagiri,Ratnagiri,17.16824,73.40832,22.92,99.01,38.0,815.0,57.1,746.5,883.5,14.5,203.1,12.0,14.0,10.0,58.0,4.0,2.0,0.0
MH_500_542396,Narkund,Narkund,Yavatmal,Yavatmal,20.31296,78.01043,552.54,144.11,-15.0,259.8,18.2,238.0,281.6,1.5,36.4,12.0,14.0,10.0,58.0,4.0,2.0,0.0
MH_468_531479,Khokmar,Khokmar,Dharni,Amravati,21.67375,77.21674,496.85,57.26,-15.0,275.7,19.3,252.5,298.8,1.5,3.1,12.0,14.0,10.0,58.0,4.0,2.0,0.0
MH_481_560162,Warwanti,Warwanti,Latur,Latur,18.43833,76.5443,371.66,108.37,-15.0,289.1,20.2,264.9,313.4,1.5,334.9,12.0,14.0,10.0,58.0,4.0,2.0,0.0
MH_477_546121,Diggi,Diggi,Kalamnuri,Hingoli,19.75466,77.34858,478.15,72.97,-15.0,273.0,19.1,250.1,295.9,1.5,8.6,12.0,14.0,10.0,58.0,4.0,2.0,0.0
MH_485_545125,Sangvi,Sangvi,Naigaon  (Khairgaon),Nanded,18.90217,77.61365,492.6,39.64,-15.0,267.7,18.7,245.3,290.2,1.5,19.8,12.0,14.0,10.0,58.0,4.0,2.0,0.0
MH_500_542346,Metikheda,Metikheda,Kalamb,Yavatmal,20.26532,78.42659,595.66,175.22,-15.0,251.5,17.6,230.3,272.6,1.5,53.9,12.0,14.0,10.0,58.0,4.0,2.0,0.0
MH_472_528959,Kalambeshwar,Kalambeshwar,Mehkar,Buldhana,20.30113,76.50852,396.18,112.26,-15.0,289.8,20.3,265.5,314.2,1.5,333.4,12.0,14.0,10.0,58.0,4.0,2.0,0.0
MH_493_568373,Aitavade Kh,Aitavade Kh,Walwa,Sangli,16.90792,74.24,100.4,23.51,-9.9,507.2,35.5,464.6,549.8,3.2,238.1,12.0,14.0,10.0,58.0,4.0,2.0,0.0
MH_472_528174,Khelshivapur,Khelshivapur,Jalgaon (Jamod),Buldhana,21.12918,76.60843,419.54,41.36,-15.0,287.8,20.1,263.7,312.0,1.5,337.6,12.0,14.0,10.0,58.0,4.0,2.0,0.0
MH_475_538554,Wadegaon,Wadegaon,Armori,Gadchiroli,20.40743,80.13359,774.13,330.25,-15.0,217.3,15.2,199.1,235.6,1.5,125.6,12.0,14.0,10.0,58.0,4.0,2.0,0.0
MH_488_561488,Ruibhar,Ruibhar,Osmanabad,Osmanabad,18.16003,76.11832,322.63,61.24,-15.0,297.6,20.8,272.7,322.6,1.5,317.0,12.0,14.0,10.0,58.0,4.0,2.0,0.0
MH_475_539757,Dhodraj,Dhodraj,Bhamragad,Gadchiroli,19.41664,80.65014,816.37,353.42,-15.0,207.0,14.5,189.6,224.4,1.5,147.3,12.0,14.0,10.0,58.0,4.0,2.0,0.0
MH_488_561116,Gharagaon,Gharagaon,Paranda,Osmanabad,18.30516,75.55806,266.66,81.33,-15.0,308.8,21.6,282.9,334.8,1.5,293.4,12.0,14.0,10.0,58.0,4.0,2.0,0.0
MH_473_540571,Adegaon,Adegaon,Chimur,Chandrapur,20.41696,79.42069,699.96,265.88,-15.0,231.6,16.2,212.1,251.0,1.5,95.7,12.0,14.0,10.0,58.0,4.0,2.0,0.0
MH_468_532988,Shingnapur,Shingnapur,Daryapur,Amravati,20.94226,77.48916,505.34,58.29,-15.0,270.2,18.9,247.5,292.9,1.5,14.5,12.0,14.0,10.0,58.0,4.0,2.0,0.0
MH_500_999999,Pimpalkhuta,Pimpalkhuta,Central,Yavatmal,20.64477,78.03936,558.56,124.36,-15.0,259.2,18.1,237.5,280.9,1.5,37.7,12.0,14.0,10.0,58.0,4.0,2.0,0.0
MH_494_563757,Dhawadshi,Dhawadshi,Satara,Satara,17.75135,73.93522,89.73,81.35,-3.0,543.8,38.1,498.1,589.5,3.2,225.3,12.0,14.0,10.0,58.0,4.0,2.0,0.0
MH_491_554705,Alsunde,Alsunde,Mangaon,Raigad,18.15631,73.24612,41.9,76.08,12.4,919.4,64.4,842.1,996.6,14.5,196.3,12.0,14.0,10.0,58.0,4.0,2.0,0.0
MH_484_535339,Kolitmara,Kolitmara,Parseoni,Nagpur,21.55734,79.19119,691.01,230.33,-15.0,236.2,16.5,216.4,256.0,1.5,86.0,12.0,14.0,10.0,58.0,4.0,2.0,0.0
MH_491_553834,Odhangi,Odhangi,Pen,Raigad,18.73826,73.04678,21.59,87.74,0.7,50.7,3.6,46.4,55.1,1.8,188.0,12.0,14.0,10.0,58.0,4.0,2.0,0.0
MH_492_566138,Tithavali,Tithavali,Rajapur,Ratnagiri,16.69056,73.47168,37.98,77.58,44.3,777.0,54.4,711.7,842.3,14.5,205.8,12.0,14.0,10.0,58.0,4.0,2.0,0.0
MH_488_561546,Bornadwadi,Bornadwadi,Tuljapur,Osmanabad,17.96984,76.13905,320.21,43.65,-15.0,297.2,20.8,272.3,322.2,1.5,317.8,12.0,14.0,10.0,58.0,4.0,2.0,0.0
MH_484_536107,Umari,Umari,Hingna,Nagpur,20.90939,78.96145,656.63,206.09,-15.0,240.8,16.9,220.5,261.1,1.5,76.4,12.0,14.0,10.0,58.0,4.0,2.0,0.0
MH_493_568296,Kapari,Kapari,Shirala,Sangli,16.97661,74.15562,91.0,31.12,-8.0,517.3,36.2,473.9,560.8,3.2,234.5,12.0,14.0,10.0,58.0,4.0,2.0,0.0
MH_475_539533,Nawegaon,Nawegaon,Etapalli,Gadchiroli,19.88294,80.22084,778.94,318.3,-15.0,215.6,15.1,197.5,233.7,1.5,129.3,12.0,14.0,10.0,58.0,4.0,2.0,0.0
MH_484_535604,Wadegaon,Wadegaon,Ramtek,Nagpur,21.32022,79.41804,709.46,250.93,-15.0,231.6,16.2,212.2,251.1,1.5,95.6,12.0,14.0,10.0,58.0,4.0,2.0,0.0
MH_469_549576,Waghadi,Waghadi,Paithan,Aurangabad,19.46812,75.43479,276.38,14.57,-15.0,311.3,21.8,285.1,337.5,1.5,288.3,12.0,14.0,10.0,58.0,4.0,2.0,0.0
MH_471_536746,Hardoli,Hardoli,Tumsar,Bhandara,21.42489,79.68197,738.3,278.95,-15.0,226.4,15.8,207.4,245.3,1.5,106.6,12.0,14.0,10.0,58.0,4.0,2.0,0.0
MH_468_532708,Bhankheda Kh,Bhankheda Kh,Amravati,Amravati,20.89541,77.84228,540.95,93.74,-15.0,263.2,18.4,241.1,285.2,1.5,29.4,12.0,14.0,10.0,58.0,4.0,2.0,0.0
MH_484_536101,Kirmiti,Kirmiti,Hingna,Nagpur,20.92792,78.98446,659.21,208.13,-15.0,240.3,16.8,220.2,260.5,1.5,77.3,12.0,14.0,10.0,58.0,4.0,2.0,0.0
MH_475_539780,Mokela,Mokela,Bhamragad,Gadchiroli,19.36261,80.37886,787.29,324.56,-15.0,212.4,14.9,194.5,230.3,1.5,135.9,12.0,14.0,10.0,58.0,4.0,2.0,0.0
MH_495_566479,Shastrinagar,Shastrinagar,Kankavli,Sindhudurg,16.28029,73.79068,49.79,63.9,0.2,585.6,41.0,536.4,634.8,14.5,219.2,12.0,14.0,10.0,58.0,4.0,2.0,0.0
MH_469_548990,Takali,Takali,Khuldabad,Aurangabad,20.08762,75.25786,264.41,65.49,-15.0,314.8,22.0,288.4,341.2,1.5,280.8,12.0,14.0,10.0,58.0,4.0,2.0,0.0
MH_665_552152,Kalambhe,Kalambhe,Vada,Palghar,19.64199,73.25631,54.87,43.8,13.7,980.1,68.6,897.8,1062.4,14.5,196.8,12.0,14.0,10.0,58.0,4.0,2.0,0.0
MH_475_538588,Kitadi,Kitadi,Armori,Gadchiroli,20.38106,79.9861,758.65,315.15,-15.0,220.3,15.4,201.8,238.8,1.5,119.4,12.0,14.0,10.0,58.0,4.0,2.0,0.0
MH_493_568490,Nerli,Nerli,Kadegaon,Sangli,17.26719,74.30071,110.72,63.97,-11.3,499.9,35.0,457.9,541.9,3.2,240.6,12.0,14.0,10.0,58.0,4.0,2.0,0.0
MH_492_565212,Bivali,Bivali,Chiplun,Ratnagiri,17.55028,73.41219,44.71,118.37,38.6,812.7,56.9,744.4,881.0,14.5,203.3,12.0,14.0,10.0,58.0,4.0,2.0,0.0
MH_491_555057,Bhogaon,Bhogaon,Mahad,Raigad,18.12895,73.47264,53.81,59.79,44.3,782.2,54.8,716.5,848.0,14.5,205.9,12.0,14.0,10.0,58.0,4.0,2.0,0.0
MH_485_545389,Tokwadi,Tokwadi,Kandhar,Nanded,18.84331,77.27059,455.98,28.71,-15.0,274.6,19.2,251.5,297.6,1.5,5.4,12.0,14.0,10.0,58.0,4.0,2.0,0.0
MH_665_551590,Thakurwadi,Thakurwadi,Dahanu,Palghar,20.01098,72.73702,4.62,83.25,0.0,26.0,1.8,23.8,28.1,1.8,175.0,12.0,14.0,10.0,58.0,4.0,2.0,0.0
MH_488_561323,Lasra,Lasra,Kalamb,Osmanabad,18.5672,76.24738,344.0,108.39,-15.0,295.1,20.7,270.2,319.9,1.5,322.4,12.0,14.0,10.0,58.0,4.0,2.0,0.0
MH_480_567586,Arjunwada,Arjunwada,Radhanagari,Kolhapur,16.47584,74.14386,87.75,25.63,-7.7,518.7,36.3,475.2,562.3,3.2,234.0,12.0,14.0,10.0,58.0,4.0,2.0,0.0
MH_467_530262,Malakapur,Malakapur,Murtijapur,Akola,20.74105,77.46389,499.88,70.17,-15.0,270.7,19.0,247.9,293.5,1.5,13.5,12.0,14.0,10.0,58.0,4.0,2.0,0.0
MH_466_557959,Karadwadi,Karadwadi,Pathardi,Ahmednagar,19.13104,75.07352,238.17,47.41,-15.0,318.5,22.3,291.8,345.3,1.5,273.1,12.0,14.0,10.0,58.0,4.0,2.0,0.0
MH_468_532264,Karajgaon,Karajgaon,Morshi,Amravati,21.34056,78.06582,572.07,111.54,-15.0,258.7,18.1,237.0,280.4,1.5,38.8,12.0,14.0,10.0,58.0,4.0,2.0,0.0
MH_484_535771,Sawali,Sawali,Kamptee,Nagpur,21.11085,79.27293,691.3,235.91,-15.0,234.5,16.4,214.9,254.2,1.5,89.5,12.0,14.0,10.0,58.0,4.0,2.0,0.0
MH_494_563263,Ghadge Mala,Ghadge Mala,Phaltan,Satara,17.99645,74.33368,133.22,31.14,-12.0,496.0,34.7,454.3,537.6,3.2,242.0,12.0,14.0,10.0,58.0,4.0,2.0,0.0
MH_466_558156,Rui Chhattishi,Rui Chhattishi,Nagar,Ahmednagar,18.90535,74.83224,208.68,82.37,-15.0,436.1,30.5,399.5,472.7,3.2,263.0,12.0,14.0,10.0,58.0,4.0,2.0,0.0
MH_470_559758,Dongaon,Dongaon,Kaij,Beed,18.72696,75.99254,322.99,112.62,-15.0,300.1,21.0,274.9,325.3,1.5,311.7,12.0,14.0,10.0,58.0,4.0,2.0,0.0
MH_494_564051,Majare Shevandi,Majare Shevandi,Jaoli,Satara,17.7123,73.76313,72.1,91.39,0.8,602.1,42.1,551.6,652.6,14.5,218.1,12.0,14.0,10.0,58.0,4.0,2.0,0.0
MH_489_547078,Dampuri,Dampuri,Gangakhed,Parbhani,18.81679,76.80834,408.16,60.54,-15.0,283.8,19.9,260.0,307.7,1.5,346.0,12.0,14.0,10.0,58.0,4.0,2.0,0.0
MH_480_568107,Kurtanwadi,Kurtanwadi,Chandgad,Kolhapur,15.92344,74.24489,66.14,86.48,-10.0,694.6,55.6,611.2,778.0,2.5,227.1,12.0,14.0,10.0,58.0,4.0,2.0,0.0
MH_471_536849,Mandesar,Mandesar,Mohadi,Bhandara,21.29168,79.62474,730.16,272.21,-15.0,227.5,15.9,208.4,246.6,1.5,104.2,12.0,14.0,10.0,58.0,4.0,2.0,0.0
MH_468_531916,Bhitkheda,Bhitkheda,Achalpur,Amravati,21.23273,77.48167,510.38,50.06,-15.0,270.4,18.9,247.7,293.0,1.5,14.2,12.0,14.0,10.0,58.0,4.0,2.0,0.0
MH_494_563294,Khatkewasti,Khatkewasti,Phaltan,Satara,18.0369,74.60304,162.05,12.81,-15.0,463.6,32.5,424.6,502.6,3.2,253.3,12.0,14.0,10.0,58.0,4.0,2.0,0.0
MH_475_539590,Hindur,Hindur,Etapalli,Gadchiroli,19.72302,80.6141,819.45,354.39,-15.0,207.7,14.5,190.3,225.1,1.5,145.8,12.0,14.0,10.0,58.0,4.0,2.0,0.0
MH_468_532505,Kolwan,Kolwan,Teosa,Amravati,21.01189,77.97087,555.95,102.86,-15.0,260.6,18.2,238.7,282.4,1.5,34.8,12.0,14.0,10.0,58.0,4.0,2.0,0.0
MH_467_530343,Sasti,Sasti,Patur,Akola,20.50402,76.83485,432.35,79.27,-15.0,283.3,19.8,259.5,307.1,1.5,347.1,12.0,14.0,10.0,58.0,4.0,2.0,0.0
MH_494_564065,Vasota,Vasota,Jaoli,Satara,17.64628,73.78557,75.89,98.5,0.3,588.7,41.2,539.2,638.1,14.5,219.0,12.0,14.0,10.0,58.0,4.0,2.0,0.0
MH_492_565973,Name,Name,Lanja,Ratnagiri,16.89327,73.69124,42.98,58.27,2.4,645.3,45.2,591.0,699.5,14.5,215.0,12.0,14.0,10.0,58.0,4.0,2.0,0.0
MH_475_538898,Kisneli,Kisneli,Dhanora,Gadchiroli,20.43038,80.60024,822.82,375.68,-15.0,208.0,14.6,190.5,225.5,1.5,145.2,12.0,14.0,10.0,58.0,4.0,2.0,0.0
MH_479_547325,Tadegaonwadi,Tadegaonwadi,Bhokardan,Jalna,20.18647,75.907,332.66,98.44,-15.0,301.9,21.1,276.5,327.2,1.5,308.1,12.0,14.0,10.0,58.0,4.0,2.0,0.0
MH_473_540762,Saigata,Saigata,Brahmapuri,Chandrapur,20.61225,79.78984,739.7,297.07,-15.0,224.2,15.7,205.4,243.0,1.5,111.2,12.0,14.0,10.0,58.0,4.0,2.0,0.0
MH_496_562529,Bagalwadi,Bagalwadi,Sangole,Solapur,17.50233,75.07416,196.83,89.01,-15.0,318.5,22.3,291.8,345.3,1.5,273.1,12.0,14.0,10.0,58.0,4.0,2.0,0.0
MH_472_529118,Ainkhed,Ainkhed,Chikhli,Buldhana,20.40998,76.43117,389.34,105.89,-15.0,291.4,20.4,266.9,315.9,1.5,330.1,12.0,14.0,10.0,58.0,4.0,2.0,0.0
MH_466_557184,Sakirwadi,Sakirwadi,Akola,Ahmednagar,19.48569,73.88412,114.07,56.93,-1.9,549.9,38.5,503.7,596.1,3.2,223.1,12.0,14.0,10.0,58.0,4.0,2.0,0.0
MH_473_540773,Parsodi Jani,Parsodi Jani,Brahmapuri,Chandrapur,20.61276,79.89045,750.14,307.26,-15.0,222.2,15.6,203.5,240.9,1.5,115.4,12.0,14.0,10.0,58.0,4.0,2.0,0.0
MH_478_527670,Kolgaon,Kolgaon,Bhadgaon,Jalgaon,20.66741,75.10209,255.63,60.96,-15.0,318.0,22.3,291.2,344.7,1.5,274.3,12.0,14.0,10.0,58.0,4.0,2.0,0.0
MH_485_544423,Pahunmari,Pahunmari,Himayatnagar,Nanded,19.40758,77.81905,526.38,64.33,-15.0,263.6,18.5,241.4,285.8,1.5,28.4,12.0,14.0,10.0,58.0,4.0,2.0,0.0
MH_475_539037,Markagaon,Markagaon,Dhanora,Gadchiroli,20.1027,80.38396,797.45,341.74,-15.0,212.3,14.9,194.4,230.2,1.5,136.1,12.0,14.0,10.0,58.0,4.0,2.0,0.0
MH_496_562090,Wangarwadi,Wangarwadi,Barshi,Solapur,18.17216,75.60067,268.56,66.14,-15.0,308.0,21.6,282.1,333.9,1.5,295.2,12.0,14.0,10.0,58.0,4.0,2.0,0.0
MH_473_541481,Welwa Mal,Welwa Mal,Pombhurna,Chandrapur,19.85184,79.6622,720.42,261.36,-15.0,226.8,15.9,207.7,245.8,1.5,105.8,12.0,14.0,10.0,58.0,4.0,2.0,0.0
MH_492_565193,Gondhale,Gondhale,Chiplun,Ratnagiri,17.52442,73.38206,44.34,122.27,34.1,830.8,58.2,760.9,900.6,14.5,202.0,12.0,14.0,10.0,58.0,4.0,2.0,0.0
MH_467_530105,Patur Nandapur,Patur Nandapur,Akola,Akola,20.59628,77.27268,478.59,72.86,-15.0,274.5,19.2,251.5,297.6,1.5,5.5,12.0,14.0,10.0,58.0,4.0,2.0,0.0
MH_498_534139,Kesalapur,Kesalapur,Wardha,Wardha,20.66442,78.59486,616.37,176.02,-15.0,248.1,17.4,227.2,269.0,1.5,61.0,12.0,14.0,10.0,58.0,4.0,2.0,0.0
MH_473_541274,Ajayapur Raiyyatwari,Ajayapur Raiyyatwari,Chandrapur,Chandrapur,20.00303,79.46706,701.11,248.28,-15.0,230.7,16.1,211.3,250.0,1.5,97.6,12.0,14.0,10.0,58.0,4.0,2.0,0.0
MH_491_555127,Nagaon,Nagaon,Mahad,Raigad,17.97665,73.41792,39.34,76.6,39.3,809.2,56.6,741.3,877.2,14.5,203.6,12.0,14.0,10.0,58.0,4.0,2.0,0.0
MH_476_537730,Tilli,Tilli,Goregaon,Gondia,21.22813,80.26972,795.48,338.95,-15.0,214.6,15.0,196.6,232.6,1.5,131.3,12.0,14.0,10.0,58.0,4.0,2.0,0.0
MH_467_529970,Chincholi Ganu,Chincholi Ganu,Balapur,Akola,20.57239,76.80931,430.3,72.54,-15.0,283.8,19.9,259.9,307.7,1.5,346.0,12.0,14.0,10.0,58.0,4.0,2.0,0.0
MH_468_533154,Jagatpur,Jagatpur,Nandgaon-Khandeshwar,Amravati,20.55924,77.75348,528.07,105.85,-15.0,264.9,18.5,242.7,287.1,1.5,25.6,4.0,22.0,14.0,52.0,3.0,1.0,4.0
MH_485_545634,Narangal Kh,Narangal Kh,Deglur,Nanded,18.55102,77.68349,492.2,73.18,-15.0,266.3,18.6,244.0,288.7,1.5,22.7,12.0,14.0,10.0,58.0,4.0,2.0,0.0
MH_492_565733,Sakhalkond,Sakhalkond,Sangameshwar,Ratnagiri,17.17948,73.51895,31.39,89.95,44.7,748.6,52.4,685.8,811.5,14.5,207.8,12.0,14.0,10.0,58.0,4.0,2.0,0.0
MH_492_564837,Kangavai,Kangavai,Dapoli,Ratnagiri,17.8939,73.20608,15.43,98.13,8.0,936.4,65.5,857.8,1015.0,14.5,194.7,12.0,14.0,10.0,58.0,4.0,2.0,0.0
MH_480_568123,Mangaonwadi,Mangaonwadi,Chandgad,Kolhapur,15.92021,74.33126,75.3,87.83,-12.0,704.0,56.3,619.6,788.5,2.5,230.3,12.0,14.0,10.0,58.0,4.0,2.0,0.0
MH_473_541941,Kunde Nandgaon,Kunde Nandgaon,Gondpipri,Chandrapur,19.57375,79.59548,712.55,246.54,-15.0,228.1,16.0,208.9,247.3,1.5,103.0,12.0,14.0,10.0,58.0,4.0,2.0,0.0
MH_467_530057,Sanglud Kh,Sanglud Kh,Akola,Akola,20.74845,77.1338,465.86,52.1,-15.0,277.3,19.4,254.0,300.6,1.5,359.6,12.0,14.0,10.0,58.0,4.0,2.0,0.0
MH_480_567635,Ramanwadi,Ramanwadi,Radhanagari,Kolhapur,16.36198,73.95956,65.99,45.49,-3.6,540.9,37.9,495.4,586.3,3.2,226.3,12.0,14.0,10.0,58.0,4.0,2.0,0.0
MH_468_531882,Wadura,Wadura,Achalpur,Amravati,21.33125,77.53257,517.93,57.08,-15.0,269.3,18.9,246.7,292.0,1.5,16.4,12.0,14.0,10.0,58.0,4.0,2.0,0.0
MH_499_530947,Pimpri Warghat,Pimpri Warghat,Karanja,Washim,20.49877,77.60925,512.43,100.44,-15.0,267.8,18.7,245.4,290.3,1.5,19.6,12.0,14.0,10.0,58.0,4.0,2.0,0.0
MH_497_552795,Devgaon,Devgaon,Shahapur,Thane,19.49408,73.52572,76.81,49.59,44.4,811.8,56.8,743.6,880.0,14.5,208.1,12.0,14.0,10.0,58.0,4.0,2.0,0.0
MH_499_530963,Ramnagar,Ramnagar,Karanja,Washim,20.42068,77.56514,507.05,104.69,-15.0,268.7,18.8,246.1,291.3,1.5,17.7,12.0,14.0,10.0,58.0,4.0,2.0,0.0
MH_499_530658,Bramhanwada Bk,Bramhanwada Bk,Malegaon,Washim,20.15883,77.03275,449.88,115.82,-15.0,279.3,19.6,255.8,302.9,1.5,355.4,4.0,22.0,14.0,52.0,3.0,1.0,4.0
MH_476_537596,Silli,Silli,Tirora,Gondia,21.31314,79.8848,757.17,299.21,-15.0,222.3,15.6,203.6,241.0,1.5,115.2,12.0,14.0,10.0,58.0,4.0,2.0,0.0
MH_492_566165,Mandrul,Mandrul,Rajapur,Ratnagiri,16.75726,73.57207,38.83,67.17,40.6,716.8,50.2,656.5,777.0,14.5,210.0,12.0,14.0,10.0,58.0,4.0,2.0,0.0
MH_494_563994,Ruighar,Ruighar,Jaoli,Satara,17.9184,73.78811,74.86,68.32,0.3,587.1,41.1,537.8,636.5,14.5,219.1,12.0,14.0,10.0,58.0,4.0,2.0,0.0
MH_665_552213,Dapoli,Dapoli,Palghar,Palghar,19.73903,72.73827,25.7,85.77,0.0,26.1,1.8,23.9,28.2,1.8,175.0,12.0,14.0,10.0,58.0,4.0,2.0,0.0
MH_473_540537,Gondmohadi,Gondmohadi,Chimur,Chandrapur,20.36295,79.43856,701.54,264.23,-15.0,231.2,16.2,211.8,250.7,1.5,96.4,12.0,14.0,10.0,58.0,4.0,2.0,0.0
MH_481_560733,Tupdi,Tupdi,Nilanga,Latur,18.24784,76.70096,384.89,107.69,-15.0,286.0,20.0,262.0,310.0,1.5,341.4,12.0,14.0,10.0,58.0,4.0,2.0,0.0
MH_495_566747,Rumadgaon,Rumadgaon,Kudal,Sindhudurg,16.09895,73.71785,28.18,84.33,1.8,629.3,44.1,576.4,682.2,14.5,216.1,12.0,14.0,10.0,58.0,4.0,2.0,0.0
MH_473_540184,Belgaon Desh,Belgaon Desh,Warora,Chandrapur,20.33211,78.98877,654.54,223.65,-15.0,240.2,16.8,220.1,260.4,1.5,77.5,12.0,14.0,10.0,58.0,4.0,2.0,0.0
MH_468_532634,Mahadapur,Mahadapur,Amravati,Amravati,21.07119,77.8375,543.29,88.03,-15.0,263.3,18.4,241.2,285.3,1.5,29.2,12.0,14.0,10.0,58.0,4.0,2.0,0.0
MH_480_567386,Sabalewadi,Sabalewadi,Karvir,Kolhapur,16.70362,74.16493,97.4,3.76,-8.2,516.2,36.1,472.9,559.5,3.2,234.9,12.0,14.0,10.0,58.0,4.0,2.0,0.0
MH_469_549019,Jiri,Jiri,Vaijapur,Aurangabad,20.15414,74.90174,227.75,45.32,-15.0,427.8,29.9,391.9,463.7,3.2,265.9,12.0,14.0,10.0,58.0,4.0,2.0,0.0
MH_480_567052,Savate Correct Name,Savate Correct Name,Shahuwadi,Kolhapur,16.9249,74.00198,75.01,32.71,-4.5,535.8,37.5,490.8,580.8,3.2,228.1,12.0,14.0,10.0,58.0,4.0,2.0,0.0
MH_499_530966,Wadhvi,Wadhvi,Karanja,Washim,20.48984,77.34873,485.33,86.88,-15.0,273.0,19.1,250.1,295.9,1.5,8.6,12.0,14.0,10.0,58.0,4.0,2.0,0.0
MH_493_568515,Vejegaon,Vejegaon,Khanapur (Vita),Sangli,17.37565,74.60055,144.66,86.13,-15.0,463.9,32.5,424.9,502.9,3.2,253.2,12.0,14.0,10.0,58.0,4.0,2.0,0.0
MH_486_525585,Shirud Digar,Shirud Digar,Shahade,Nandurbar,21.49933,74.45741,232.85,34.66,-14.8,481.1,33.7,440.7,521.6,3.2,247.2,12.0,14.0,10.0,58.0,4.0,2.0,0.0
MH_475_538702,Dhusi Masahat,Dhusi Masahat,Kurkheda,Gadchiroli,20.54929,80.25478,787.52,345.81,-15.0,214.9,15.0,196.9,232.9,1.5,130.7,12.0,14.0,10.0,58.0,4.0,2.0,0.0
MH_470_559664,Wadgaon,Wadgaon,Bid,Beed,18.85964,75.79802,308.74,88.35,-15.0,304.0,21.3,278.5,329.6,1.5,303.5,12.0,14.0,10.0,58.0,4.0,2.0,0.0
MH_475_539077,Latzora,Latzora,Dhanora,Gadchiroli,20.08727,80.25421,783.81,328.36,-15.0,214.9,15.0,196.9,232.9,1.5,130.7,12.0,14.0,10.0,58.0,4.0,2.0,0.0
MH_467_530224,Anbhora,Anbhora,Murtijapur,Akola,20.70155,77.32051,484.6,64.65,-15.0,273.6,19.2,250.5,296.6,1.5,7.5,12.0,14.0,10.0,58.0,4.0,2.0,0.0
MH_500_542759,Pimpalgaon,Pimpalgaon,Pusad,Yavatmal,19.96666,77.54355,500.6,99.69,-15.0,269.1,18.8,246.6,291.7,1.5,16.8,12.0,14.0,10.0,58.0,4.0,2.0,0.0
MH_486_525070,Hunakhamb,Hunakhamb,Akkalkuwa,Nandurbar,21.71349,73.90975,210.0,54.91,-2.5,546.8,38.3,500.9,592.8,3.2,224.2,12.0,14.0,10.0,58.0,4.0,2.0,0.0
MH_497_552497,Ghotgaon,Ghotgaon,Bhiwandi,Thane,19.45123,73.04905,26.73,74.09,0.8,50.9,3.6,46.6,55.2,1.8,188.1,12.0,14.0,10.0,58.0,4.0,2.0,0.0
MH_500_542877,Mop,Mop,Pusad,Yavatmal,19.83447,77.39923,484.13,82.33,-15.0,272.0,19.0,249.2,294.8,1.5,10.8,12.0,14.0,10.0,58.0,4.0,2.0,0.0
MH_478_526898,Nimbhore Sim,Nimbhore Sim,Raver,Jalgaon,21.18029,76.07395,367.5,56.58,-15.0,298.5,20.9,273.4,323.6,1.5,315.1,12.0,14.0,10.0,58.0,4.0,2.0,0.0
MH_485_544392,Warang Takli,Warang Takli,Himayatnagar,Nanded,19.49535,77.96409,541.54,82.4,-15.0,260.7,18.3,238.8,282.7,1.5,34.5,12.0,14.0,10.0,58.0,4.0,2.0,0.0
MH_484_535084,Malkapur,Malkapur,Katol,Nagpur,21.08802,78.73792,635.94,180.67,-15.0,245.2,17.2,224.6,265.9,1.5,67.0,12.0,14.0,10.0,58.0,4.0,2.0,0.0
MH_500_542251,Satephal,Satephal,Kalamb,Yavatmal,20.52501,78.36653,591.22,160.6,-15.0,252.7,17.7,231.4,273.9,1.5,51.4,12.0,14.0,10.0,58.0,4.0,2.0,0.0
MH_498_534284,Deoli,Deoli,Deoli,Wardha,20.63851,78.45701,601.82,163.71,-15.0,250.9,17.6,229.7,272.0,1.5,55.2,12.0,14.0,10.0,58.0,4.0,2.0,0.0
MH_475_538619,Mohagaon Alias Wakadi,Mohagaon Alias Wakadi,Kurkheda,Gadchiroli,20.63558,80.24247,786.86,342.57,-15.0,215.2,15.1,197.0,233.3,1.5,130.2,12.0,14.0,10.0,58.0,4.0,2.0,0.0
MH_500_542836,Mhaismal,Mhaismal,Pusad,Yavatmal,20.00627,77.37039,483.16,101.04,-15.0,272.6,19.1,249.7,295.5,1.5,9.6,12.0,14.0,10.0,58.0,4.0,2.0,0.0
MH_497_552705,Atgaon,Atgaon,Shahapur,Thane,19.49778,73.31571,55.15,54.05,22.8,938.0,65.7,859.1,1016.8,14.5,199.3,12.0,14.0,10.0,58.0,4.0,2.0,0.0
MH_472_528372,Wastagaon,Wastagaon,Sangrampur,Buldhana,20.97511,76.67601,422.74,41.9,-15.0,286.5,20.1,262.4,310.6,1.5,340.4,12.0,14.0,10.0,58.0,4.0,2.0,0.0
MH_493_568713,Kakadwadi,Kakadwadi,Miraj,Sangli,16.95602,74.63118,141.62,54.0,-15.0,460.3,32.2,421.6,498.9,3.2,254.5,12.0,14.0,10.0,58.0,4.0,2.0,0.0
MH_494_564659,Manu,Manu,Karad,Satara,17.15305,74.12043,89.07,51.08,-7.2,521.5,36.5,477.7,565.3,3.2,233.1,12.0,14.0,10.0,58.0,4.0,2.0,0.0
MH_477_545946,Ganeshwadi,Ganeshwadi,Hingoli,Hingoli,19.75491,77.16744,459.25,74.14,-15.0,276.7,19.4,253.4,299.9,1.5,1.0,12.0,14.0,10.0,58.0,4.0,2.0,0.0
MH_485_544128,Papalwadi,Papalwadi,Mahoor,Nanded,19.85505,77.98106,544.97,110.21,-15.0,260.4,18.2,238.5,282.2,1.5,35.2,12.0,14.0,10.0,58.0,4.0,2.0,0.0
MH_491_555151,Hawre,Hawre,Poladpur,Raigad,18.04743,73.48724,49.63,65.93,44.9,769.8,53.9,705.1,834.5,14.5,206.5,12.0,14.0,10.0,58.0,4.0,2.0,0.0
MH_500_543375,Yerandgaon,Yerandgaon,Ghatanji,Yavatmal,20.05889,78.35966,586.48,153.92,-15.0,252.8,17.7,231.6,274.0,1.5,51.1,12.0,14.0,10.0,58.0,4.0,2.0,0.0
MH_478_526773,Shiragad,Shiragad,Yawal,Jalgaon,21.15448,75.5689,316.76,16.09,-15.0,308.6,21.6,282.7,334.5,1.5,293.9,12.0,14.0,10.0,58.0,4.0,2.0,0.0
MH_497_552974,Vasat Shelvali,Vasat Shelvali,Kalyan,Thane,19.21564,73.22898,49.47,86.5,10.4,977.3,68.4,895.2,1059.4,14.5,195.6,12.0,14.0,10.0,58.0,4.0,2.0,0.0
MH_476_538320,Korambhi,Korambhi,Arjuni Morgaon,Gondia,20.71598,79.98848,761.23,314.95,-15.0,220.2,15.4,201.8,238.7,1.5,119.5,12.0,14.0,10.0,58.0,4.0,2.0,0.0
MH_473_540819,Shivsagar Tukum,Shivsagar Tukum,Brahmapuri,Chandrapur,20.44974,79.77367,736.88,299.19,-15.0,224.5,15.7,205.7,243.4,1.5,110.5,12.0,14.0,10.0,58.0,4.0,2.0,0.0
MH_470_558830,Sheri Bk,Sheri Bk,Ashti,Beed,18.87955,75.10411,236.73,71.99,-15.0,317.9,22.3,291.2,344.7,1.5,274.4,12.0,14.0,10.0,58.0,4.0,2.0,0.0
MH_494_563857,Revande,Revande,Satara,Satara,17.60503,73.92173,91.0,92.33,-2.7,545.4,38.2,499.6,591.2,3.2,224.7,12.0,14.0,10.0,58.0,4.0,2.0,0.0
MH_470_559770,Surdi,Surdi,Kaij,Beed,18.58873,76.06347,325.81,105.8,-15.0,298.7,20.9,273.7,323.8,1.5,314.7,12.0,14.0,10.0,58.0,4.0,2.0,0.0
MH_493_568514,Devikhindi,Devikhindi,Khanapur (Vita),Sangli,17.38242,74.6536,150.27,85.71,-15.0,457.6,32.0,419.2,496.0,3.2,255.5,12.0,14.0,10.0,58.0,4.0,2.0,0.0
MH_485_545131,Salegaon,Salegaon,Naigaon  (Khairgaon),Nanded,18.8718,77.6183,492.29,42.0,-15.0,267.6,18.7,245.2,290.1,1.5,20.0,12.0,14.0,10.0,58.0,4.0,2.0,0.0
MH_485_545073,Rampur Thadi,Rampur Thadi,Biloli,Nanded,18.6465,77.70017,495.69,65.69,-15.0,266.0,18.6,243.7,288.3,1.5,23.4,12.0,14.0,10.0,58.0,4.0,2.0,0.0
MH_486_525159,Pimpalgaon,Pimpalgaon,Akkalkuwa,Nandurbar,21.65154,74.02991,212.43,42.87,-5.2,532.4,37.3,487.7,577.2,3.2,229.3,12.0,14.0,10.0,58.0,4.0,2.0,0.0
MH_494_563477,Katewadi,Katewadi,Khatav,Satara,17.76548,74.30551,128.79,51.68,-11.4,499.3,35.0,457.3,541.3,3.2,240.8,12.0,14.0,10.0,58.0,4.0,2.0,0.0
MH_491_554082,Ambeghar,Ambeghar,Alibag,Raigad,18.68818,72.9698,11.8,94.41,0.2,44.6,3.1,40.9,48.3,1.8,184.7,12.0,14.0,10.0,58.0,4.0,2.0,0.0
MH_496_562233,Bitle,Bitle,Mohol,Solapur,17.88058,75.60974,264.28,40.03,-15.0,307.8,21.5,282.0,333.6,1.5,295.6,12.0,14.0,10.0,58.0,4.0,2.0,0.0
MH_491_553857,Jui Kh,Jui Kh,Pen,Raigad,18.81511,73.08609,29.55,86.49,1.5,53.9,3.8,49.3,58.4,1.8,189.6,12.0,14.0,10.0,58.0,4.0,2.0,0.0
MH_466_558137,Akolner,Akolner,Nagar,Ahmednagar,18.99512,74.66787,193.3,86.92,-15.0,455.9,31.9,417.6,494.1,3.2,256.1,12.0,14.0,10.0,58.0,4.0,2.0,0.0
MH_492_565836,Vanzole Kh,Vanzole Kh,Sangameshwar,Ratnagiri,17.03364,73.663,38.9,68.13,3.1,662.2,46.4,606.5,717.9,14.5,213.8,12.0,14.0,10.0,58.0,4.0,2.0,0.0
MH_467_529847,Hanwadi,Hanwadi,Akot,Akola,20.93511,76.96514,451.48,29.68,-15.0,280.7,19.6,257.2,304.2,1.5,352.5,12.0,14.0,10.0,58.0,4.0,2.0,0.0
MH_500_542206,Chondhi,Chondhi,Babulgaon,Yavatmal,20.49569,78.1471,568.17,142.63,-15.0,257.1,18.0,235.5,278.7,1.5,42.2,12.0,14.0,10.0,58.0,4.0,2.0,0.0
MH_468_532762,Dagdagad,Dagdagad,Bhatkuli,Amravati,21.03921,77.63391,521.87,68.14,-15.0,267.3,18.7,244.9,289.8,1.5,20.6,12.0,14.0,10.0,58.0,4.0,2.0,0.0
MH_472_528471,Bhota,Bhota,Nandura,Buldhana,20.90465,76.51063,404.4,60.48,-15.0,289.8,20.3,265.4,314.1,1.5,333.4,12.0,14.0,10.0,58.0,4.0,2.0,0.0
MH_485_544643,Loni Kh,Loni Kh,Ardhapur,Nanded,19.26136,77.42326,483.8,22.13,-15.0,271.5,19.0,248.7,294.3,1.5,11.8,12.0,14.0,10.0,58.0,4.0,2.0,0.0
MH_481_560795,Chichondi,Chichondi,Nilanga,Latur,18.17225,76.91489,405.09,110.85,-15.0,281.7,19.7,258.1,305.3,1.5,350.4,12.0,14.0,10.0,58.0,4.0,2.0,0.0
MH_475_539475,Yella,Yella,Mulchera,Gadchiroli,19.50098,79.91059,742.68,277.57,-15.0,221.8,15.5,203.2,240.4,1.5,116.2,12.0,14.0,10.0,58.0,4.0,2.0,0.0
MH_492_565282,Kamathe Kh,Kamathe Kh,Chiplun,Ratnagiri,17.46279,73.50857,57.05,112.23,44.9,754.9,52.8,691.5,818.2,14.5,207.4,12.0,14.0,10.0,58.0,4.0,2.0,0.0
MH_472_528329,Bawanbir,Bawanbir,Sangrampur,Buldhana,21.07715,76.71455,428.97,32.6,-15.0,285.7,20.0,261.7,309.7,1.5,342.0,12.0,14.0,10.0,58.0,4.0,2.0,0.0
MH_495_566973,Zare 1,Zare 1,Dodamarg,Sindhudurg,15.70385,74.02457,45.65,112.34,-5.1,53.6,5.0,46.1,61.1,2.5,218.9,12.0,14.0,10.0,58.0,4.0,2.0,0.0
MH_469_548818,Bhabarda,Bhabarda,Aurangabad,Aurangabad,19.9019,75.56994,295.38,52.87,-15.0,308.6,21.6,282.7,334.5,1.5,293.9,12.0,14.0,10.0,58.0,4.0,2.0,0.0
MH_492_565778,Shivane,Shivane,Sangameshwar,Ratnagiri,17.1317,73.55404,31.27,83.82,42.4,727.6,50.9,666.5,788.7,14.5,209.3,12.0,14.0,10.0,58.0,4.0,2.0,0.0
MH_497_553146,Sakhare,Sakhare,Murbad,Thane,19.30394,73.53404,77.75,70.73,44.0,798.3,55.9,731.2,865.3,14.5,208.4,12.0,14.0,10.0,58.0,4.0,2.0,0.0
MH_469_548277,Khatkheda,Khatkheda,Kannad,Aurangabad,20.33117,75.29528,270.78,80.35,-15.0,314.1,22.0,287.7,340.5,1.5,282.4,12.0,14.0,10.0,58.0,4.0,2.0,0.0
MH_476_537698,Chanditola,Chanditola,Goregaon,Gondia,21.28989,80.30791,800.25,342.96,-15.0,213.8,15.0,195.8,231.8,1.5,132.9,12.0,14.0,10.0,58.0,4.0,2.0,0.0
MH_466_558180,Guha,Guha,Rahuri,Ahmednagar,19.48749,74.5574,184.52,57.3,-15.0,469.1,32.8,429.8,508.5,3.2,251.4,12.0,14.0,10.0,58.0,4.0,2.0,0.0
MH_494_251588,Phaltan,Phaltan,Central,Satara,17.98866,74.43438,143.63,23.64,-14.3,483.9,33.9,443.2,524.6,3.2,246.2,12.0,14.0,10.0,58.0,4.0,2.0,0.0
MH_478_526637,Marathe,Marathe,Chopda,Jalgaon,21.3169,75.15832,284.17,53.85,-15.0,316.8,22.2,290.2,343.5,1.5,276.6,12.0,14.0,10.0,58.0,4.0,2.0,0.0
MH_471_536936,Khairlanji,Khairlanji,Bhandara,Bhandara,21.22539,79.63994,730.69,273.67,-15.0,227.2,15.9,208.1,246.3,1.5,104.9,12.0,14.0,10.0,58.0,4.0,2.0,0.0
MH_481_560522,Latur Road,Latur Road,Chakur,Latur,18.5229,76.85581,405.68,79.4,-15.0,282.9,19.8,259.1,306.6,1.5,347.9,12.0,14.0,10.0,58.0,4.0,2.0,0.0
MH_475_539920,Kurumpalli,Kurumpalli,Aheri,Gadchiroli,19.30778,80.33525,781.61,319.56,-15.0,213.3,14.9,195.4,231.2,1.5,134.1,12.0,14.0,10.0,58.0,4.0,2.0,0.0
MH_491_554307,Khaire Kh,Khaire Kh,Roha,Raigad,18.43253,73.03514,28.9,86.62,0.6,49.8,3.5,45.6,54.0,1.8,187.5,12.0,14.0,10.0,58.0,4.0,2.0,0.0
MH_476_537574,Vihirgaon,Vihirgaon,Tirora,Gondia,21.36646,79.906,760.2,301.66,-15.0,221.9,15.5,203.3,240.5,1.5,116.1,12.0,14.0,10.0,58.0,4.0,2.0,0.0
MH_492_565828,Bamnoli,Bamnoli,Sangameshwar,Ratnagiri,17.06074,73.77481,51.09,60.46,0.6,595.1,41.7,545.1,645.2,14.5,218.5,12.0,14.0,10.0,58.0,4.0,2.0,0.0
MH_486_525762,Jalkhe,Jalkhe,Nandurbar,Nandurbar,21.35604,74.13333,196.79,9.3,-7.5,520.0,36.4,476.3,563.7,3.2,233.6,12.0,14.0,10.0,58.0,4.0,2.0,0.0
MH_470_559418,Rui Pimpla,Rui Pimpla,Wadwani,Beed,18.95736,75.96812,328.02,92.53,-15.0,300.6,21.0,275.4,325.8,1.5,310.7,12.0,14.0,10.0,58.0,4.0,2.0,0.0
MH_473_540951,Chandli Bk,Chandli Bk,Sawali,Chandrapur,20.05392,79.74118,730.1,276.87,-15.0,225.2,15.8,206.2,244.1,1.5,109.1,12.0,14.0,10.0,58.0,4.0,2.0,0.0
MH_486_525538,Malgaon,Malgaon,Shahade,Nandurbar,21.59262,74.71936,260.73,62.83,-15.0,449.7,31.5,411.9,487.5,3.2,258.2,12.0,14.0,10.0,58.0,4.0,2.0,0.0
MH_480_568197,Nagave,Nagave,Chandgad,Kolhapur,15.89682,74.16541,57.41,89.39,-8.2,752.1,60.2,661.8,842.4,2.5,224.1,12.0,14.0,10.0,58.0,4.0,2.0,0.0
MH_477_546009,Surwadi,Surwadi,Aundha (Nagnath),Hingoli,19.58554,77.10309,451.52,57.81,-15.0,277.9,19.5,254.5,301.3,1.5,358.3,12.0,14.0,10.0,58.0,4.0,2.0,0.0
MH_470_559362,Nipani Takli,Nipani Takli,Manjlegaon,Beed,19.1436,76.26625,361.66,108.71,-15.0,294.7,20.6,270.0,319.4,1.5,323.2,12.0,14.0,10.0,58.0,4.0,2.0,0.0
MH_495_566849,Kumbharli,Kumbharli,Sawantwadi,Sindhudurg,15.87182,73.79968,18.2,101.52,0.0,60.9,5.0,53.4,68.4,2.5,210.6,12.0,14.0,10.0,58.0,4.0,2.0,0.0
MH_500_542628,Sawali,Sawali,Darwha,Yavatmal,20.31723,77.88992,540.02,134.9,-15.0,262.2,18.4,240.1,284.3,1.5,31.4,12.0,14.0,10.0,58.0,4.0,2.0,0.0
MH_479_548082,Asangaon,Asangaon,Partur,Jalna,19.4224,76.13579,349.84,88.05,-15.0,297.3,20.8,272.3,322.2,1.5,317.7,12.0,14.0,10.0,58.0,4.0,2.0,0.0
MH_468_531719,Sattiruipatha,Sattiruipatha,Chikhaldara,Amravati,21.28505,77.2684,490.11,29.38,-15.0,274.6,19.2,251.6,297.7,1.5,5.3,12.0,14.0,10.0,58.0,4.0,2.0,0.0
MH_466_558406,Visapur,Visapur,Shrigonda,Ahmednagar,18.83775,74.58213,181.62,76.47,-15.0,466.1,32.6,427.0,505.3,3.2,252.4,12.0,14.0,10.0,58.0,4.0,2.0,0.0
MH_491_553521,Nikhop,Nikhop,Karjat,Raigad,19.0885,73.32361,56.95,83.23,24.2,914.8,64.0,838.0,991.6,14.5,199.6,12.0,14.0,10.0,58.0,4.0,2.0,0.0
MH_493_568589,Bhingewadi,Bhingewadi,Atpadi,Sangli,17.39957,74.91635,177.63,90.73,-15.0,426.0,29.8,390.3,461.8,3.2,266.5,12.0,14.0,10.0,58.0,4.0,2.0,0.0
MH_472_528951,Subhanpur,Subhanpur,Mehkar,Buldhana,20.19075,76.49497,393.95,123.91,-15.0,290.1,20.3,265.7,314.5,1.5,332.8,12.0,14.0,10.0,58.0,4.0,2.0,0.0
MH_476_538036,Kachargad,Kachargad,Salekasa,Gondia,21.29101,80.60355,830.66,373.59,-15.0,207.9,14.6,190.4,225.4,1.5,145.3,12.0,14.0,10.0,58.0,4.0,2.0,0.0
MH_476_537967,Bagheda,Bagheda,Amgaon,Gondia,21.26278,80.34181,803.36,346.44,-15.0,213.2,14.9,195.3,231.0,1.5,134.4,12.0,14.0,10.0,58.0,4.0,2.0,0.0
MH_494_563071,Menavali,Menavali,Wai,Satara,17.97663,73.87176,84.77,61.57,-1.6,551.4,38.6,505.1,597.7,3.2,222.6,12.0,14.0,10.0,58.0,4.0,2.0,0.0
MH_478_526975,Mendhode,Mendhode,Muktainagar,Jalgaon,21.13725,76.05675,364.44,53.45,-15.0,298.9,20.9,273.8,323.9,1.5,314.4,12.0,14.0,10.0,58.0,4.0,2.0,0.0
MH_469_548281,Shelgaon Khalsa,Shelgaon Khalsa,Kannad,Aurangabad,20.36957,75.41676,283.93,72.75,-15.0,311.7,21.8,285.5,337.8,1.5,287.5,12.0,14.0,10.0,58.0,4.0,2.0,0.0
MH_491_554862,Gaulwadi,Gaulwadi,Shrivardhan,Raigad,18.03396,73.08393,24.91,97.9,1.4,53.7,3.8,49.2,58.3,1.8,189.5,12.0,14.0,10.0,58.0,4.0,2.0,0.0
MH_476_538372,Mundipar,Mundipar,Deori,Gondia,21.09988,80.31112,798.16,343.55,-15.0,213.8,15.0,195.8,231.8,1.5,133.1,12.0,14.0,10.0,58.0,4.0,2.0,0.0
MH_469_549011,Rasulpura,Rasulpura,Khuldabad,Aurangabad,19.97294,75.26916,265.36,52.69,-15.0,314.6,22.0,288.2,341.0,1.5,281.3,12.0,14.0,10.0,58.0,4.0,2.0,0.0
MH_484_536507,Pohara,Pohara,Kuhi,Nagpur,20.98759,79.52837,716.08,263.36,-15.0,229.4,16.1,210.1,248.8,1.5,100.2,12.0,14.0,10.0,58.0,4.0,2.0,0.0
MH_471_999999,Reserved Forest,Reserved Forest,Central,Bhandara,20.85277,79.92672,755.98,306.21,-15.0,221.5,15.5,202.9,240.1,1.5,116.9,12.0,14.0,10.0,58.0,4.0,2.0,0.0
MH_500_542841,Wadgaon,Wadgaon,Pusad,Yavatmal,19.97571,77.45406,491.42,98.7,-15.0,270.9,19.0,248.1,293.7,1.5,13.1,12.0,14.0,10.0,58.0,4.0,2.0,0.0
MH_467_529906,Hatrun,Hatrun,Balapur,Akola,20.83271,76.88779,441.75,42.47,-15.0,282.2,19.8,258.5,306.0,1.5,349.3,12.0,14.0,10.0,58.0,4.0,2.0,0.0
MH_485_545344,Gaul,Gaul,Kandhar,Nanded,18.78436,77.22868,450.15,35.89,-15.0,275.4,19.3,252.3,298.6,1.5,3.6,12.0,14.0,10.0,58.0,4.0,2.0,0.0
MH_484_535710,Kirnapur,Kirnapur,Mauda,Nagpur,21.15885,79.35824,700.76,244.55,-15.0,232.8,16.3,213.3,252.4,1.5,93.0,12.0,14.0,10.0,58.0,4.0,2.0,0.0
MH_471_536802,Sihari,Sihari,Mohadi,Bhandara,21.41743,79.64397,734.28,274.96,-15.0,227.1,15.9,208.0,246.2,1.5,105.0,12.0,14.0,10.0,58.0,4.0,2.0,0.0
MH_478_527729,Chinchgavhan,Chinchgavhan,Chalisgaon,Jalgaon,20.61169,74.89501,233.29,79.52,-15.0,428.6,30.0,392.6,464.6,3.2,265.6,12.0,14.0,10.0,58.0,4.0,2.0,0.0
MH_665_551581,Khunavade,Khunavade,Dahanu,Palghar,20.07289,72.80836,14.07,76.83,0.0,31.7,2.2,29.0,34.3,1.8,178.0,12.0,14.0,10.0,58.0,4.0,2.0,0.0
MH_492_564801,Wanzloli,Wanzloli,Dapoli,Ratnagiri,17.90579,73.13255,11.56,102.76,3.0,980.5,68.6,898.1,1062.8,14.5,191.6,12.0,14.0,10.0,58.0,4.0,2.0,0.0
MH_475_539672,Reknar,Reknar,Etapalli,Gadchiroli,19.56805,80.35901,790.13,325.15,-15.0,212.8,14.9,194.9,230.7,1.5,135.1,12.0,14.0,10.0,58.0,4.0,2.0,0.0
MH_498_534615,Khairgaon,Khairgaon,Samudrapur,Wardha,20.62295,79.02389,660.35,219.79,-15.0,239.5,16.8,219.4,259.7,1.5,79.0,12.0,14.0,10.0,58.0,4.0,2.0,0.0
MH_488_561048,Kalewadi,Kalewadi,Paranda,Osmanabad,18.48533,75.37623,252.97,91.95,-15.0,312.5,21.9,286.2,338.8,1.5,285.8,12.0,14.0,10.0,58.0,4.0,2.0,0.0
MH_469_548494,Jangla Tanda,Jangla Tanda,Soegaon,Aurangabad,20.59189,75.67184,312.78,47.92,-15.0,306.6,21.5,280.8,332.4,1.5,298.2,12.0,14.0,10.0,58.0,4.0,2.0,0.0
MH_492_565874,Gangar Kargaon,Gangar Kargaon,Lanja,Ratnagiri,16.95026,73.48745,20.42,80.78,44.9,767.5,53.7,703.1,832.0,14.5,206.5,12.0,14.0,10.0,58.0,4.0,2.0,0.0
MH_497_552707,Khoste,Khoste,Shahapur,Thane,19.51758,73.24586,48.54,55.59,12.4,980.8,68.7,898.3,1063.2,14.5,196.3,12.0,14.0,10.0,58.0,4.0,2.0,0.0
MH_472_529236,Ijalapur,Ijalapur,Buldana,Buldhana,20.50562,76.0151,347.27,73.38,-15.0,299.7,21.0,274.5,324.9,1.5,312.6,12.0,14.0,10.0,58.0,4.0,2.0,0.0
MH_496_562003,Kumbhej,Kumbhej,Madha,Solapur,17.94963,75.59458,265.5,46.43,-15.0,308.1,21.6,282.2,334.0,1.5,295.0,12.0,14.0,10.0,58.0,4.0,2.0,0.0
MH_500_542300,Rajur,Rajur,Kalamb,Yavatmal,20.40411,78.40474,594.17,170.74,-15.0,251.9,17.6,230.8,273.0,1.5,53.0,12.0,14.0,10.0,58.0,4.0,2.0,0.0
MH_466_557439,Darewadi,Darewadi,Sangamner,Ahmednagar,19.423,74.32994,160.47,66.58,-11.9,496.4,34.7,454.8,538.0,3.2,241.9,12.0,14.0,10.0,58.0,4.0,2.0,0.0
MH_466_557766,Belhekarwadi,Belhekarwadi,Nevasa,Ahmednagar,19.40272,74.7906,208.77,54.49,-15.0,441.1,30.9,404.0,478.2,3.2,261.2,12.0,14.0,10.0,58.0,4.0,2.0,0.0
MH_473_541711,Kakaban,Kakaban,Jiwati,Chandrapur,19.64588,79.11656,662.51,199.99,-15.0,237.7,16.6,217.7,257.6,1.5,82.9,12.0,14.0,10.0,58.0,4.0,2.0,0.0
MH_491_554657,Borle,Borle,Mangaon,Raigad,18.23105,73.23511,49.27,72.9,11.1,929.3,65.1,851.2,1007.5,14.5,195.9,12.0,14.0,10.0,58.0,4.0,2.0,0.0
MH_485_545064,Sagroli,Sagroli,Biloli,Nanded,18.6915,77.7256,499.22,63.78,-15.0,265.5,18.6,243.2,287.8,1.5,24.5,12.0,14.0,10.0,58.0,4.0,2.0,0.0
MH_484_536017,Sawali,Sawali,Hingna,Nagpur,20.91121,78.83386,643.46,192.99,-15.0,243.3,17.0,222.9,263.7,1.5,71.0,12.0,14.0,10.0,58.0,4.0,2.0,0.0
MH_484_536530,Bhivi,Bhivi,Bhiwapur,Nagpur,20.62833,79.1914,677.77,236.32,-15.0,236.2,16.5,216.4,256.0,1.5,86.0,12.0,14.0,10.0,58.0,4.0,2.0,0.0
MH_466_557484,Kelewadi,Kelewadi,Sangamner,Ahmednagar,19.24517,74.16718,144.49,86.24,-8.3,515.9,36.1,472.6,559.3,3.2,235.0,12.0,14.0,10.0,58.0,4.0,2.0,0.0
MH_468_533078,Bachharapur,Bachharapur,Nandgaon-Khandeshwar,Amravati,20.67274,77.87145,541.38,107.83,-15.0,262.6,18.4,240.5,284.7,1.5,30.6,4.0,22.0,14.0,52.0,3.0,1.0,4.0
MH_500_542308,Potgavhan,Potgavhan,Kalamb,Yavatmal,20.36744,78.42371,595.9,174.57,-15.0,251.5,17.6,230.4,272.6,1.5,53.8,12.0,14.0,10.0,58.0,4.0,2.0,0.0
MH_492_565948,Lavgan,Lavgan,Lanja,Ratnagiri,16.82585,73.38114,20.19,88.3,33.9,831.3,58.2,761.5,901.2,14.5,202.0,12.0,14.0,10.0,58.0,4.0,2.0,0.0
MH_491_553968,Pabal,Pabal,Pen,Raigad,18.63429,73.12931,27.33,76.84,2.9,1011.0,70.8,926.0,1095.9,14.5,191.4,12.0,14.0,10.0,58.0,4.0,2.0,0.0
MH_472_528680,Shelgaon Bajar,Shelgaon Bajar,Motala,Buldhana,20.78544,76.13676,363.83,64.91,-15.0,297.3,20.8,272.3,322.2,1.5,317.7,12.0,14.0,10.0,58.0,4.0,2.0,0.0
MH_492_565747,Nidhalewadi,Nidhalewadi,Sangameshwar,Ratnagiri,17.16787,73.5234,30.9,88.81,44.5,746.0,52.2,683.3,808.6,14.5,208.0,12.0,14.0,10.0,58.0,4.0,2.0,0.0
MH_494_563028,Valawan,Valawan,Mahabaleshwar,Satara,17.73927,73.59335,53.88,92.01,37.8,704.0,49.3,644.8,763.2,14.5,210.9,12.0,14.0,10.0,58.0,4.0,2.0,0.0
MH_477_546073,Shirad Shahapur,Shirad Shahapur,Aundha (Nagnath),Hingoli,19.47391,77.10567,451.55,46.31,-15.0,277.9,19.5,254.5,301.3,1.5,358.4,12.0,14.0,10.0,58.0,4.0,2.0,0.0
MH_475_539934,Gotelingampalli,Gotelingampalli,Aheri,Gadchiroli,19.21177,80.2306,768.81,308.07,-15.0,215.4,15.1,197.3,233.5,1.5,129.7,12.0,14.0,10.0,58.0,4.0,2.0,0.0
MH_468_533185,Lalkhed,Lalkhed,Chandur Railway,Amravati,20.84192,77.88307,544.43,99.93,-15.0,262.3,18.4,240.3,284.4,1.5,31.1,12.0,14.0,10.0,58.0,4.0,2.0,0.0
MH_486_525110,Ranzani,Ranzani,Akkalkuwa,Nandurbar,21.57766,73.92951,199.45,41.68,-2.9,544.5,38.1,498.7,590.2,3.2,225.0,12.0,14.0,10.0,58.0,4.0,2.0,0.0
MH_497_552700,Birwadi,Birwadi,Shahapur,Thane,19.51886,73.38871,63.12,49.11,35.1,895.1,62.7,819.9,970.4,14.5,202.3,12.0,14.0,10.0,58.0,4.0,2.0,0.0
MH_494_564112,Anewadi,Anewadi,Jaoli,Satara,17.79936,73.96911,93.08,75.46,-3.8,539.7,37.8,494.3,585.1,3.2,226.7,12.0,14.0,10.0,58.0,4.0,2.0,0.0
MH_475_539339,Alapalli Masahat,Alapalli Masahat,Chamorshi,Gadchiroli,19.65881,79.79862,733.95,269.35,-15.0,224.0,15.7,205.2,242.9,1.5,111.5,12.0,14.0,10.0,58.0,4.0,2.0,0.0
MH_484_535083,Miniwada,Miniwada,Katol,Nagpur,21.10396,78.71251,633.58,177.91,-15.0,245.7,17.2,225.1,266.4,1.5,65.9,12.0,14.0,10.0,58.0,4.0,2.0,0.0
MH_467_529916,Kalamba Bk,Kalamba Bk,Balapur,Akola,20.76875,76.79236,430.93,52.58,-15.0,284.2,19.9,260.3,308.0,1.5,345.3,12.0,14.0,10.0,58.0,4.0,2.0,0.0
MH_491_555066,Kondiwate,Kondiwate,Mahad,Raigad,18.08114,73.45806,49.24,64.83,43.4,788.8,55.2,722.6,855.1,14.5,205.2,12.0,14.0,10.0,58.0,4.0,2.0,0.0
MH_498_533843,Dattapur,Dattapur,Arvi,Wardha,20.82693,78.33314,590.75,144.46,-15.0,253.3,17.7,232.1,274.6,1.5,50.0,12.0,14.0,10.0,58.0,4.0,2.0,0.0
MH_469_549404,Tulapur,Tulapur,Paithan,Aurangabad,19.65477,75.23885,257.15,18.36,-15.0,315.2,22.1,288.7,341.7,1.5,280.0,12.0,14.0,10.0,58.0,4.0,2.0,0.0
MH_481_560914,Bhopani,Bhopani,Deoni,Latur,18.31151,77.11678,429.32,89.77,-15.0,277.7,19.4,254.4,300.9,1.5,358.9,12.0,14.0,10.0,58.0,4.0,2.0,0.0
MH_472_528342,Kakanwada Kh,Kakanwada Kh,Sangrampur,Buldhana,21.03808,76.7545,432.11,31.19,-15.0,284.9,19.9,261.0,308.8,1.5,343.7,12.0,14.0,10.0,58.0,4.0,2.0,0.0
MH_485_544448,Pawana Tanda,Pawana Tanda,Himayatnagar,Nanded,19.31306,77.85768,529.6,63.17,-15.0,262.8,18.4,240.8,284.9,1.5,30.0,12.0,14.0,10.0,58.0,4.0,2.0,0.0
MH_481_560586,Talegaon,Talegaon,Shirur-Anantpal,Latur,18.32896,76.88882,405.69,96.05,-15.0,282.2,19.8,258.5,306.0,1.5,349.3,12.0,14.0,10.0,58.0,4.0,2.0,0.0
MH_500_542814,Yehala,Yehala,Pusad,Yavatmal,19.8423,77.64783,510.11,90.24,-15.0,267.0,18.7,244.6,289.5,1.5,21.2,12.0,14.0,10.0,58.0,4.0,2.0,0.0
MH_478_527644,Deogaon,Deogaon,Parola,Jalgaon,20.78511,75.09773,258.08,54.14,-15.0,318.0,22.3,291.3,344.8,1.5,274.1,12.0,14.0,10.0,58.0,4.0,2.0,0.0
MH_479_547892,Hasanapur,Hasanapur,Ambad,Jalna,19.3895,75.84382,319.25,58.33,-15.0,303.1,21.2,277.7,328.6,1.5,305.4,12.0,14.0,10.0,58.0,4.0,2.0,0.0
MH_466_557479,Ghargaon,Ghargaon,Sangamner,Ahmednagar,19.31893,74.17925,144.97,82.85,-8.5,514.5,36.0,471.3,557.7,3.2,235.5,12.0,14.0,10.0,58.0,4.0,2.0,0.0
MH_470_559967,Maralwadi,Maralwadi,Parli,Beed,18.82642,76.58347,385.69,81.26,-15.0,288.3,20.2,264.1,312.6,1.5,336.5,12.0,14.0,10.0,58.0,4.0,2.0,0.0
MH_491_554443,Kandane Kh,Kandane Kh,Roha,Raigad,18.32515,73.07604,41.21,84.77,1.2,53.1,3.7,48.6,57.5,1.8,189.2,12.0,14.0,10.0,58.0,4.0,2.0,0.0
MH_466_557961,Jawakhede Dumala,Jawakhede Dumala,Pathardi,Ahmednagar,19.21884,75.06604,238.65,39.75,-15.0,318.7,22.3,291.9,345.4,1.5,272.8,12.0,14.0,10.0,58.0,4.0,2.0,0.0
MH_499_530831,Chinchakhed,Chinchakhed,Mangrulpir,Washim,20.1681,77.30311,478.12,118.77,-15.0,273.9,19.2,250.9,297.0,1.5,6.7,12.0,14.0,10.0,58.0,4.0,2.0,0.0
MH_496_562560,Chinake,Chinake,Sangole,Solapur,17.39546,75.08224,194.61,91.21,-15.0,318.4,22.3,291.6,345.1,1.5,273.5,12.0,14.0,10.0,58.0,4.0,2.0,0.0
MH_479_547744,Malegaon Kh,Malegaon Kh,Badnapur,Jalna,19.80005,75.64926,301.76,49.51,-15.0,307.0,21.5,281.2,332.8,1.5,297.3,12.0,14.0,10.0,58.0,4.0,2.0,0.0
MH_493_568709,Bisur,Bisur,Miraj,Sangli,16.94157,74.58203,136.46,48.73,-15.0,466.2,32.6,427.0,505.3,3.2,252.4,12.0,14.0,10.0,58.0,4.0,2.0,0.0
MH_495_566325,Naringre,Naringre,Devgad,Sindhudurg,16.29292,73.46202,51.38,90.77,43.7,782.8,54.8,717.0,848.5,14.5,205.4,12.0,14.0,10.0,58.0,4.0,2.0,0.0
MH_494_563446,Jambhulani,Jambhulani,Man,Satara,17.53133,74.75223,165.54,71.17,-15.0,445.7,31.2,408.3,483.2,3.2,259.6,12.0,14.0,10.0,58.0,4.0,2.0,0.0
MH_485_544846,Naslapur,Naslapur,Bhokar,Nanded,19.27374,77.88599,531.13,64.5,-15.0,262.3,18.4,240.2,284.4,1.5,31.2,12.0,14.0,10.0,58.0,4.0,2.0,0.0
MH_493_568730,Khanderajuri,Khanderajuri,Miraj,Sangli,16.91141,74.78534,158.23,66.59,-15.0,441.8,30.9,404.7,478.8,3.2,261.0,12.0,14.0,10.0,58.0,4.0,2.0,0.0
MH_480_567991,Aralgundi,Aralgundi,Gadhinglaj,Kolhapur,16.21882,74.49062,100.25,61.83,-15.0,477.1,33.4,437.0,517.2,3.2,248.6,12.0,14.0,10.0,58.0,4.0,2.0,0.0
MH_476_538019,Murkudoh,Murkudoh,Salekasa,Gondia,21.31912,80.65822,836.67,379.32,-15.0,206.8,14.5,189.4,224.2,1.5,147.6,12.0,14.0,10.0,58.0,4.0,2.0,0.0
MH_485_544452,Wadgaon Kh,Wadgaon Kh,Himayatnagar,Nanded,19.32225,77.74106,517.75,52.49,-15.0,265.2,18.6,242.9,287.5,1.5,25.1,12.0,14.0,10.0,58.0,4.0,2.0,0.0
MH_474_526625,Sitane,Sitane,Dhule,Dhule,20.65265,74.85786,230.42,81.6,-15.0,433.1,30.3,396.7,469.4,3.2,264.0,12.0,14.0,10.0,58.0,4.0,2.0,0.0
MH_489_546784,Borwand Kh,Borwand Kh,Parbhani,Parbhani,19.22419,76.73359,411.52,61.07,-15.0,285.3,20.0,261.3,309.3,1.5,342.8,12.0,14.0,10.0,58.0,4.0,2.0,0.0
MH_473_541290,Marar Sawali Chak,Marar Sawali Chak,Chandrapur,Chandrapur,19.98865,79.51233,705.71,252.0,-15.0,229.8,16.1,210.4,249.1,1.5,99.5,12.0,14.0,10.0,58.0,4.0,2.0,0.0
MH_500_544020,Murdhoni,Murdhoni,Wani,Yavatmal,20.04688,78.9381,646.46,201.34,-15.0,241.2,16.9,221.0,261.5,1.5,75.4,12.0,14.0,10.0,58.0,4.0,2.0,0.0
MH_475_539273,Murmuri,Murmuri,Chamorshi,Gadchiroli,19.96231,80.0457,761.13,303.29,-15.0,219.1,15.3,200.7,237.4,1.5,121.9,12.0,14.0,10.0,58.0,4.0,2.0,0.0
MH_489_546832,Rudhi,Rudhi,Manwath,Parbhani,19.34309,76.54759,393.17,83.5,-15.0,289.0,20.2,264.8,313.3,1.5,335.0,12.0,14.0,10.0,58.0,4.0,2.0,0.0
MH_470_559833,Mohkhed,Mohkhed,Dharur,Beed,18.88908,76.22599,352.04,115.33,-15.0,295.5,20.7,270.6,320.3,1.5,321.5,12.0,14.0,10.0,58.0,4.0,2.0,0.0
MH_479_547442,Rupkheda Kh,Rupkheda Kh,Jafferabad,Jalna,20.19961,76.06264,348.97,104.2,-15.0,298.7,20.9,273.7,323.8,1.5,314.6,12.0,14.0,10.0,58.0,4.0,2.0,0.0
MH_493_568443,Sonsal,Sonsal,Kadegaon,Sangli,17.22243,74.28512,107.84,58.79,-10.9,501.8,35.1,459.7,543.9,3.2,240.0,12.0,14.0,10.0,58.0,4.0,2.0,0.0
MH_468_531752,Hingani,Hingani,Anjangaon Surji,Amravati,21.09171,77.20648,479.26,24.57,-15.0,275.9,19.3,252.7,299.0,1.5,2.7,12.0,14.0,10.0,58.0,4.0,2.0,0.0
MH_491_555176,Salvikond,Salvikond,Poladpur,Raigad,18.01281,73.58344,56.87,64.03,39.2,710.5,49.7,650.9,770.2,14.5,210.5,12.0,14.0,10.0,58.0,4.0,2.0,0.0
MH_485_544526,Karmodi,Karmodi,Hadgaon,Nanded,19.49114,77.50215,493.12,48.39,-15.0,270.0,18.9,247.3,292.6,1.5,15.1,12.0,14.0,10.0,58.0,4.0,2.0,0.0
MH_468_532649,Walki,Walki,Amravati,Amravati,21.01195,77.80653,539.08,86.24,-15.0,263.9,18.5,241.7,286.1,1.5,27.9,12.0,14.0,10.0,58.0,4.0,2.0,0.0
MH_494_563794,Khavali,Khavali,Satara,Satara,17.68836,74.07484,105.17,74.1,-6.2,527.0,36.9,482.7,571.3,3.2,231.1,12.0,14.0,10.0,58.0,4.0,2.0,0.0
MH_496_562881,Safale,Safale,Akkalkot,Solapur,17.59792,76.26369,321.82,38.98,-15.0,294.7,20.6,270.0,319.4,1.5,323.1,12.0,14.0,10.0,58.0,4.0,2.0,0.0
MH_491_554559,Jite,Jite,Mangaon,Raigad,18.36338,73.41536,65.22,49.45,39.0,827.1,57.9,757.7,896.6,14.5,203.4,12.0,14.0,10.0,58.0,4.0,2.0,0.0
MH_478_527356,Pokhari,Pokhari,Dharangaon,Jalgaon,21.00182,75.42392,297.2,14.16,-15.0,311.5,21.8,285.4,337.7,1.5,287.8,12.0,14.0,10.0,58.0,4.0,2.0,0.0
MH_488_561309,Hasegaon Kej,Hasegaon Kej,Kalamb,Osmanabad,18.52906,76.0023,317.9,98.34,-15.0,300.0,21.0,274.8,325.2,1.5,312.1,12.0,14.0,10.0,58.0,4.0,2.0,0.0
MH_468_531536,Borhyatakheda,Borhyatakheda,Chikhaldara,Amravati,21.60731,77.23309,496.17,51.32,-15.0,275.3,19.3,252.2,298.5,1.5,3.8,12.0,14.0,10.0,58.0,4.0,2.0,0.0
MH_499_530934,Virgavhan,Virgavhan,Karanja,Washim,20.5779,77.58197,510.55,91.87,-15.0,268.4,18.8,245.8,290.9,1.5,18.4,12.0,14.0,10.0,58.0,4.0,2.0,0.0
MH_499_530938,Wadgaon [Range,Wadgaon [Range,Karanja,Washim,20.52825,77.67339,519.41,102.35,-15.0,266.5,18.7,244.1,289.0,1.5,22.3,12.0,14.0,10.0,58.0,4.0,2.0,0.0
MH_467_529820,Bambarda Bk,Bambarda Bk,Akot,Akola,20.99478,77.1471,471.23,27.45,-15.0,277.1,19.4,253.8,300.3,1.5,0.2,12.0,14.0,10.0,58.0,4.0,2.0,0.0
MH_479_547547,Golapangri,Golapangri,Jalna,Jalna,19.7298,75.83716,320.32,61.79,-15.0,303.3,21.2,277.8,328.7,1.5,305.2,12.0,14.0,10.0,58.0,4.0,2.0,0.0
MH_491_555183,Ranawadi Bk,Ranawadi Bk,Poladpur,Raigad,17.98455,73.5115,48.64,70.4,44.9,753.1,52.7,689.9,816.3,14.5,207.5,12.0,14.0,10.0,58.0,4.0,2.0,0.0
MH_466_558620,Kalyachiwadi,Kalyachiwadi,Karjat,Ahmednagar,18.41899,74.94885,207.79,49.1,-15.0,422.1,29.5,386.7,457.5,3.2,267.9,12.0,14.0,10.0,58.0,4.0,2.0,0.0
MH_478_527756,Tekwade Kh,Tekwade Kh,Chalisgaon,Jalgaon,20.58973,75.06105,249.86,69.81,-15.0,318.8,22.3,292.0,345.5,1.5,272.6,12.0,14.0,10.0,58.0,4.0,2.0,0.0
MH_496_562676,Maroli,Maroli,Mangalvedhe,Solapur,17.27104,75.46038,231.68,62.85,-15.0,310.8,21.8,284.6,337.0,1.5,289.3,12.0,14.0,10.0,58.0,4.0,2.0,0.0
MH_475_539253,Bandhona,Bandhona,Chamorshi,Gadchiroli,20.00934,80.03339,760.18,303.73,-15.0,219.3,15.4,200.9,237.8,1.5,121.4,12.0,14.0,10.0,58.0,4.0,2.0,0.0
MH_494_563538,Wakeshwar,Wakeshwar,Khatav,Satara,17.61349,74.40961,136.69,62.32,-13.7,486.8,34.1,445.9,527.8,3.2,245.2,12.0,14.0,10.0,58.0,4.0,2.0,0.0
MH_484_535892,Pewatha,Pewatha,Nagpur(Rural),Nagpur,20.99834,79.114,673.43,220.45,-15.0,237.7,16.6,217.8,257.6,1.5,82.8,12.0,14.0,10.0,58.0,4.0,2.0,0.0
MH_498_534381,Chincholi,Chincholi,Hinganghat,Wardha,20.44298,78.57508,612.17,184.07,-15.0,248.5,17.4,227.6,269.4,1.5,60.2,12.0,14.0,10.0,58.0,4.0,2.0,0.0
MH_496_562495,Tondale,Tondale,Malshiras,Solapur,17.76192,75.11481,210.85,71.15,-15.0,317.7,22.2,291.1,344.3,1.5,274.8,12.0,14.0,10.0,58.0,4.0,2.0,0.0
MH_472_529462,Jalgaon,Jalgaon,Sindkhed Raja,Buldhana,20.02258,76.18304,360.83,109.16,-15.0,296.3,20.7,271.5,321.2,1.5,319.7,12.0,14.0,10.0,58.0,4.0,2.0,0.0
MH_497_552879,Khutghar,Khutghar,Shahapur,Thane,19.42946,73.36093,58.92,59.46,30.6,907.8,63.5,831.6,984.0,14.5,201.2,12.0,14.0,10.0,58.0,4.0,2.0,0.0
MH_495_566444,Sakedi,Sakedi,Kankavli,Sindhudurg,16.31661,73.74007,52.12,64.97,1.3,616.0,43.1,564.2,667.7,14.5,217.1,12.0,14.0,10.0,58.0,4.0,2.0,0.0
MH_468_532670,Kund Sarjapur,Kund Sarjapur,Amravati,Amravati,20.96748,77.6904,526.42,76.15,-15.0,266.2,18.6,243.9,288.5,1.5,23.0,12.0,14.0,10.0,58.0,4.0,2.0,0.0
MH_499_530859,Ukarda,Ukarda,Karanja,Washim,20.53838,77.38897,490.09,83.94,-15.0,272.2,19.1,249.3,295.1,1.5,10.3,12.0,14.0,10.0,58.0,4.0,2.0,0.0
MH_480_567327,Jayshingpur,Jayshingpur,Shirol,Kolhapur,16.76025,74.53937,134.33,36.75,-15.0,471.3,33.0,431.7,510.9,3.2,250.7,12.0,14.0,10.0,58.0,4.0,2.0,0.0
MH_485_545153,Lalwandi,Lalwandi,Naigaon  (Khairgaon),Nanded,18.84812,77.48689,478.23,34.21,-15.0,270.3,18.9,247.6,292.9,1.5,14.4,12.0,14.0,10.0,58.0,4.0,2.0,0.0
MH_481_560580,Dongargaon,Dongargaon,Shirur-Anantpal,Latur,18.28757,76.7922,394.99,104.98,-15.0,284.2,19.9,260.3,308.0,1.5,345.3,12.0,14.0,10.0,58.0,4.0,2.0,0.0
MH_484_534771,Madna,Madna,Narkhed,Nagpur,21.39595,78.45076,612.35,151.87,-15.0,251.0,17.6,229.9,272.1,1.5,54.9,12.0,14.0,10.0,58.0,4.0,2.0,0.0
MH_481_560468,Zari Kh,Zari Kh,Chakur,Latur,18.59086,76.80187,401.58,77.16,-15.0,284.0,19.9,260.1,307.8,1.5,345.7,12.0,14.0,10.0,58.0,4.0,2.0,0.0
MH_467_530206,Kharab Dhore,Kharab Dhore,Murtijapur,Akola,20.74903,77.33362,486.51,60.95,-15.0,273.3,19.1,250.4,296.2,1.5,8.0,12.0,14.0,10.0,58.0,4.0,2.0,0.0
MH_468_532841,Thetkheda,Thetkheda,Bhatkuli,Amravati,20.95792,77.6178,518.81,69.52,-15.0,267.6,18.7,245.2,290.1,1.5,19.9,12.0,14.0,10.0,58.0,4.0,2.0,0.0
MH_491_553517,Owle,Owle,Central,Raigad,18.98791,73.06108,27.17,97.43,1.0,51.9,3.6,47.6,56.2,1.8,188.6,12.0,14.0,10.0,58.0,4.0,2.0,0.0
MH_492_564794,Bholavali,Bholavali,Mandangad,Ratnagiri,17.90631,73.35806,30.32,86.66,30.1,845.2,59.2,774.1,916.2,14.5,201.0,12.0,14.0,10.0,58.0,4.0,2.0,0.0
MH_493_568274,Shirashi,Shirashi,Shirala,Sangli,17.06808,74.06635,81.94,43.33,-6.0,528.0,37.0,483.6,572.4,3.2,230.8,12.0,14.0,10.0,58.0,4.0,2.0,0.0
MH_475_539429,Dewada,Dewada,Mulchera,Gadchiroli,19.79659,80.22172,778.63,315.98,-15.0,215.6,15.1,197.4,233.7,1.5,129.3,12.0,14.0,10.0,58.0,4.0,2.0,0.0
MH_475_538503,Chikhali Tukum,Chikhali Tukum,Desaiganj (Vadasa),Gadchiroli,20.56772,80.0742,768.88,327.02,-15.0,218.5,15.3,200.2,236.9,1.5,123.1,12.0,14.0,10.0,58.0,4.0,2.0,0.0
MH_468_531406,Dabhayakheda,Dabhayakheda,Dharni,Amravati,21.30032,76.65558,429.1,37.4,-15.0,286.9,20.1,262.8,311.0,1.5,339.5,12.0,14.0,10.0,58.0,4.0,2.0,0.0
MH_472_528834,Nimkawala,Nimkawala,Khamgaon,Buldhana,20.66209,76.4529,394.4,82.5,-15.0,290.9,20.4,266.5,315.4,1.5,331.0,12.0,14.0,10.0,58.0,4.0,2.0,0.0
MH_467_530503,Tamsi,Tamsi,Barshitakli,Akola,20.53511,77.16462,466.85,75.89,-15.0,276.7,19.4,253.4,300.0,1.5,0.9,12.0,14.0,10.0,58.0,4.0,2.0,0.0
MH_484_535561,Kawadak,Kawadak,Ramtek,Nagpur,21.40667,79.33178,702.22,242.65,-15.0,233.4,16.3,213.8,252.9,1.5,91.9,12.0,14.0,10.0,58.0,4.0,2.0,0.0
MH_480_567701,Sonali,Sonali,Kagal,Kolhapur,16.44206,74.18257,87.59,28.74,-8.6,514.1,36.0,470.9,557.3,3.2,235.7,12.0,14.0,10.0,58.0,4.0,2.0,0.0
MH_499_531357,Ganeshpur,Ganeshpur,Risod,Washim,20.00076,76.73686,417.5,116.25,-15.0,285.3,20.0,261.3,309.3,1.5,342.9,12.0,14.0,10.0,58.0,4.0,2.0,0.0
MH_484_535476,Junewani,Junewani,Ramtek,Nagpur,21.59343,79.40619,713.6,252.92,-15.0,231.9,16.2,212.4,251.3,1.5,95.1,12.0,14.0,10.0,58.0,4.0,2.0,0.0
MH_473_999999,Reserved Forest,Reserved Forest,Central,Chandrapur,19.66612,79.57366,710.42,246.66,-15.0,228.5,16.0,209.3,247.7,1.5,102.1,12.0,14.0,10.0,58.0,4.0,2.0,0.0
MH_488_561415,Padoli,Padoli,Osmanabad,Osmanabad,18.20458,76.22089,333.98,70.39,-15.0,295.6,20.7,270.7,320.4,1.5,321.3,12.0,14.0,10.0,58.0,4.0,2.0,0.0
MH_498_533512,Talegaon,Talegaon,Ashti,Wardha,21.11746,78.2135,582.62,126.17,-15.0,255.7,17.9,234.3,277.2,1.5,45.0,12.0,14.0,10.0,58.0,4.0,2.0,0.0
MH_485_545456,Berli Bk,Berli Bk,Mukhed,Nanded,18.72607,77.39474,465.8,42.76,-15.0,272.1,19.0,249.3,294.9,1.5,10.6,12.0,14.0,10.0,58.0,4.0,2.0,0.0
MH_476_538345,Charbhata,Charbhata,Deori,Gondia,21.16885,80.3653,804.56,348.93,-15.0,212.7,14.9,194.8,230.6,1.5,135.3,12.0,14.0,10.0,58.0,4.0,2.0,0.0
MH_665_552017,Raysal,Raysal,Vada,Palghar,19.68611,72.98273,37.13,63.83,0.2,45.6,3.2,41.8,49.5,1.8,185.3,12.0,14.0,10.0,58.0,4.0,2.0,0.0
MH_485_544138,Mahadapur,Mahadapur,Mahoor,Nanded,19.74592,77.9112,536.86,96.26,-15.0,261.8,18.3,239.8,283.7,1.5,32.3,12.0,14.0,10.0,58.0,4.0,2.0,0.0
MH_479_548042,Warphal,Warphal,Partur,Jalna,19.5798,76.26518,363.78,101.53,-15.0,294.7,20.6,270.0,319.4,1.5,323.1,12.0,14.0,10.0,58.0,4.0,2.0,0.0
MH_480_567643,Wadachiwadi,Wadachiwadi,Radhanagari,Kolhapur,16.25456,74.01114,59.86,53.47,-4.8,534.7,37.4,489.8,579.5,3.2,228.5,12.0,14.0,10.0,58.0,4.0,2.0,0.0
MH_466_557737,Georai,Georai,Nevasa,Ahmednagar,19.49456,75.08535,239.85,22.51,-15.0,318.3,22.3,291.5,345.1,1.5,273.6,12.0,14.0,10.0,58.0,4.0,2.0,0.0
MH_498_533610,Jamani,Jamani,Karanja,Wardha,21.14331,78.48501,610.88,154.11,-15.0,250.3,17.5,229.3,271.3,1.5,56.4,12.0,14.0,10.0,58.0,4.0,2.0,0.0
MH_665_551867,Ramnagar,Ramnagar,Jawhar,Palghar,19.99882,73.13913,42.87,41.37,3.3,1066.5,74.7,976.8,1156.1,14.5,191.8,12.0,14.0,10.0,58.0,4.0,2.0,0.0
MH_485_544972,Haregaon,Haregaon,Dharmabad,Nanded,18.91971,77.70372,502.26,46.94,-15.0,265.9,18.6,243.6,288.2,1.5,23.6,12.0,14.0,10.0,58.0,4.0,2.0,0.0
MH_498_533924,Masala,Masala,Seloo,Wardha,20.84849,78.56017,614.47,166.58,-15.0,248.8,17.4,227.9,269.7,1.5,59.5,12.0,14.0,10.0,58.0,4.0,2.0,0.0
MH_469_549315,Aminabad,Aminabad,Gangapur,Aurangabad,19.79066,74.91381,225.65,49.13,-15.0,426.3,29.8,390.6,462.1,3.2,266.4,12.0,14.0,10.0,58.0,4.0,2.0,0.0
MH_467_530012,Hingma Tamaswadi,Hingma Tamaswadi,Akola,Akola,20.84964,77.02363,455.99,39.04,-15.0,279.5,19.6,256.0,303.0,1.5,355.0,12.0,14.0,10.0,58.0,4.0,2.0,0.0
MH_468_531788,Vihigaon Bk,Vihigaon Bk,Anjangaon Surji,Amravati,21.13424,77.31224,490.95,33.19,-15.0,273.8,19.2,250.7,296.8,1.5,7.1,12.0,14.0,10.0,58.0,4.0,2.0,0.0
MH_495_566308,Sherighera Kamte,Sherighera Kamte,Devgad,Sindhudurg,16.32877,73.48267,54.45,86.9,44.7,770.4,53.9,705.7,835.1,14.5,206.3,12.0,14.0,10.0,58.0,4.0,2.0,0.0
MH_481_560153,Uti Kh,Uti Kh,Latur,Latur,18.32086,76.45931,360.68,95.2,-15.0,290.8,20.4,266.3,315.3,1.5,331.3,12.0,14.0,10.0,58.0,4.0,2.0,0.0
MH_498_534323,Babapur,Babapur,Deoli,Wardha,20.57247,78.63038,619.05,183.19,-15.0,247.4,17.3,226.6,268.2,1.5,62.5,12.0,14.0,10.0,58.0,4.0,2.0,0.0
MH_473_540715,Sonuli Chak,Sonuli Chak,Nagbhir,Chandrapur,20.42037,79.61267,719.96,283.06,-15.0,227.7,15.9,208.7,246.8,1.5,103.7,12.0,14.0,10.0,58.0,4.0,2.0,0.0
MH_495_566966,Awade,Awade,Dodamarg,Sindhudurg,15.74146,74.04508,46.32,107.86,-5.5,46.4,5.0,38.9,53.9,2.5,219.7,12.0,14.0,10.0,58.0,4.0,2.0,0.0
MH_500_542598,Lakhkhind,Lakhkhind,Darwha,Yavatmal,20.22362,77.8021,530.38,135.55,-15.0,264.0,18.5,241.8,286.2,1.5,27.7,12.0,14.0,10.0,58.0,4.0,2.0,0.0
MH_472_529237,Girda,Girda,Buldana,Buldhana,20.53277,76.037,349.82,72.63,-15.0,299.3,20.9,274.2,324.3,1.5,313.6,12.0,14.0,10.0,58.0,4.0,2.0,0.0
MH_469_548484,Kankrala,Kankrala,Soegaon,Aurangabad,20.59264,75.57029,302.32,46.42,-15.0,308.6,21.6,282.7,334.5,1.5,294.0,12.0,14.0,10.0,58.0,4.0,2.0,0.0
MH_486_525601,Anarad,Anarad,Shahade,Nandurbar,21.4688,74.49962,234.27,36.26,-15.0,476.0,33.3,436.1,516.0,3.2,249.0,12.0,14.0,10.0,58.0,4.0,2.0,0.0
MH_472_528652,Lasura,Lasura,Malkapur,Buldhana,20.78812,76.25997,376.51,76.78,-15.0,294.8,20.6,270.1,319.5,1.5,322.9,12.0,14.0,10.0,58.0,4.0,2.0,0.0
MH_469_548401,Palaskheda,Palaskheda,Kannad,Aurangabad,20.11993,75.03994,241.87,57.95,-15.0,319.2,22.3,292.4,346.0,1.5,271.7,12.0,14.0,10.0,58.0,4.0,2.0,0.0
MH_466_558458,Deulgaon,Deulgaon,Shrigonda,Ahmednagar,18.69352,74.74686,197.81,62.95,-15.0,446.4,31.2,408.9,483.8,3.2,259.4,12.0,14.0,10.0,58.0,4.0,2.0,0.0
MH_468_531408,Jampani,Jampani,Dharni,Amravati,21.32458,76.70155,434.42,33.89,-15.0,286.0,20.0,262.0,310.0,1.5,341.5,12.0,14.0,10.0,58.0,4.0,2.0,0.0
MH_467_530183,Dapura,Dapura,Murtijapur,Akola,20.8418,77.45048,499.81,61.42,-15.0,271.0,19.0,248.2,293.8,1.5,12.9,12.0,14.0,10.0,58.0,4.0,2.0,0.0
MH_470_559386,Shindewadi,Shindewadi,Manjlegaon,Beed,19.06855,76.18882,352.47,104.9,-15.0,296.2,20.7,271.4,321.1,1.5,319.9,12.0,14.0,10.0,58.0,4.0,2.0,0.0
MH_480_567430,Khebavade,Khebavade,Karvir,Kolhapur,16.53948,74.22411,98.66,18.03,-9.5,509.1,35.6,466.4,551.8,3.2,237.4,12.0,14.0,10.0,58.0,4.0,2.0,0.0
MH_498_533883,Amgaon,Amgaon,Seloo,Wardha,20.93422,78.59475,619.05,168.09,-15.0,248.1,17.4,227.2,269.0,1.5,61.0,12.0,14.0,10.0,58.0,4.0,2.0,0.0
MH_467_529796,Kavtha Kh,Kavtha Kh,Akot,Akola,21.05697,77.10889,468.59,19.51,-15.0,277.8,19.4,254.5,301.1,1.5,358.6,12.0,14.0,10.0,58.0,4.0,2.0,0.0
MH_496_562261,Takali,Takali,Mohol,Solapur,17.71146,75.54229,251.14,38.51,-15.0,309.2,21.6,283.2,335.1,1.5,292.8,12.0,14.0,10.0,58.0,4.0,2.0,0.0
MH_484_534989,Shekapur,Shekapur,Katol,Nagpur,21.15491,78.71288,634.43,177.67,-15.0,245.7,17.2,225.1,266.4,1.5,65.9,12.0,14.0,10.0,58.0,4.0,2.0,0.0
MH_486_525364,Sojarbara,Sojarbara,Talode,Nandurbar,21.64929,74.13075,219.2,39.49,-7.4,520.3,36.4,476.6,564.0,3.2,233.5,12.0,14.0,10.0,58.0,4.0,2.0,0.0
MH_665_551852,Vp Dabhalon,Vp Dabhalon,Jawhar,Palghar,20.0737,73.12573,42.92,44.78,2.7,1077.9,75.5,987.3,1168.5,14.5,191.3,12.0,14.0,10.0,58.0,4.0,2.0,0.0
MH_475_999999,Reserved Forest,Reserved Forest,Central,Gadchiroli,20.49876,80.3226,794.26,352.4,-15.0,213.5,14.9,195.7,231.4,1.5,133.5,12.0,14.0,10.0,58.0,4.0,2.0,0.0
MH_475_539210,Jamgaon,Jamgaon,Gadchiroli,Gadchiroli,19.97718,80.19029,776.31,318.19,-15.0,216.2,15.1,198.1,234.3,1.5,128.0,12.0,14.0,10.0,58.0,4.0,2.0,0.0
MH_498_534040,Pahelanpur,Pahelanpur,Seloo,Wardha,20.76404,78.82597,641.15,195.67,-15.0,243.5,17.0,223.1,263.9,1.5,70.7,12.0,14.0,10.0,58.0,4.0,2.0,0.0
MH_494_564551,Babarmachi,Babarmachi,Karad,Satara,17.30878,74.24877,106.86,67.89,-10.1,506.1,35.4,463.7,548.6,3.2,238.4,12.0,14.0,10.0,58.0,4.0,2.0,0.0
MH_499_531207,Pandaw Umra,Pandaw Umra,Washim,Washim,20.19702,77.20724,468.24,113.59,-15.0,275.9,19.3,252.7,299.0,1.5,2.7,12.0,14.0,10.0,58.0,4.0,2.0,0.0
MH_473_540339,Pethbhansuli,Pethbhansuli,Chimur,Chandrapur,20.54234,79.25623,683.72,245.56,-15.0,234.9,16.4,215.2,254.6,1.5,88.8,12.0,14.0,10.0,58.0,4.0,2.0,0.0
MH_494_564522,Hanumanwadi,Hanumanwadi,Karad,Satara,17.38962,74.10861,96.71,77.29,-6.9,523.0,36.6,479.0,566.9,3.2,232.6,12.0,14.0,10.0,58.0,4.0,2.0,0.0
MH_489_546744,Ukhalad,Ukhalad,Parbhani,Parbhani,19.2719,76.9197,431.63,44.28,-15.0,281.6,19.7,258.0,305.2,1.5,350.6,12.0,14.0,10.0,58.0,4.0,2.0,0.0
MH_466_558682,Jategaon,Jategaon,Jamkhed,Ahmednagar,18.69188,75.56532,279.18,94.08,-15.0,308.7,21.6,282.8,334.6,1.5,293.7,12.0,14.0,10.0,58.0,4.0,2.0,0.0
MH_475_538476,Ravanwadi,Ravanwadi,Desaiganj (Vadasa),Gadchiroli,20.67516,80.06254,768.53,323.36,-15.0,218.7,15.3,200.4,237.1,1.5,122.6,12.0,14.0,10.0,58.0,4.0,2.0,0.0
MH_500_543976,Lalguda,Lalguda,Wani,Yavatmal,20.04904,78.98738,651.61,205.88,-15.0,240.3,16.8,220.1,260.4,1.5,77.5,12.0,14.0,10.0,58.0,4.0,2.0,0.0
MH_491_555135,Shingar Kond,Shingar Kond,Mahad,Raigad,17.92359,73.42801,37.94,80.83,40.6,803.2,56.2,735.8,870.6,14.5,204.0,12.0,14.0,10.0,58.0,4.0,2.0,0.0
MH_486_525694,Arale,Arale,Nandurbar,Nandurbar,21.41442,74.49031,229.92,32.65,-15.0,477.2,33.4,437.1,517.2,3.2,248.6,12.0,14.0,10.0,58.0,4.0,2.0,0.0
MH_474_526386,Umarpata,Umarpata,Sakri,Dhule,20.96375,73.93692,154.24,46.29,-3.1,543.6,38.0,498.0,589.2,3.2,225.4,12.0,14.0,10.0,58.0,4.0,2.0,0.0
MH_481_560793,Hanmantwadi,Hanmantwadi,Nilanga,Latur,18.1501,76.8655,399.36,115.12,-15.0,282.7,19.8,258.9,306.5,1.5,348.4,12.0,14.0,10.0,58.0,4.0,2.0,0.0
MH_471_537198,Mendha,Mendha,Lakhani,Bhandara,21.04041,79.86979,751.93,298.19,-15.0,222.6,15.6,203.9,241.3,1.5,114.5,12.0,14.0,10.0,58.0,4.0,2.0,0.0
MH_468_533080,Mund Hindurao,Mund Hindurao,Nandgaon-Khandeshwar,Amravati,20.67037,77.83433,537.51,104.77,-15.0,263.3,18.4,241.2,285.4,1.5,29.0,4.0,22.0,14.0,52.0,3.0,1.0,4.0
MH_498_534204,Nandpur,Nandpur,Deoli,Wardha,20.70885,78.38523,594.97,153.86,-15.0,252.3,17.7,231.1,273.5,1.5,52.2,12.0,14.0,10.0,58.0,4.0,2.0,0.0
MH_489_547253,Kharbada,Kharbada,Purna,Parbhani,19.08154,76.82313,418.38,50.15,-15.0,283.5,19.8,259.8,307.3,1.5,346.6,12.0,14.0,10.0,58.0,4.0,2.0,0.0
MH_469_549505,Adool Bk,Adool Bk,Paithan,Aurangabad,19.70173,75.55994,291.13,35.28,-15.0,308.8,21.6,282.9,334.7,1.5,293.5,12.0,14.0,10.0,58.0,4.0,2.0,0.0
MH_498_533452,Thar,Thar,Ashti,Wardha,21.1928,78.22751,585.43,127.26,-15.0,255.4,17.9,234.0,276.9,1.5,45.6,12.0,14.0,10.0,58.0,4.0,2.0,0.0
MH_466_557783,Khunegaon,Khunegaon,Nevasa,Ahmednagar,19.47143,74.99333,230.13,32.3,-15.0,416.8,29.2,381.8,451.8,3.2,269.7,12.0,14.0,10.0,58.0,4.0,2.0,0.0
MH_466_558086,Pimpalgaon Ujjaini,Pimpalgaon Ujjaini,Nagar,Ahmednagar,19.14967,74.82619,212.71,63.16,-15.0,436.9,30.6,400.1,473.6,3.2,262.7,12.0,14.0,10.0,58.0,4.0,2.0,0.0
MH_481_560882,Mirgan Halli,Mirgan Halli,Nilanga,Latur,17.91384,76.84229,389.53,104.0,-15.0,283.2,19.8,259.4,306.9,1.5,347.4,12.0,14.0,10.0,58.0,4.0,2.0,0.0
MH_470_559326,Purushottampuri,Purushottampuri,Manjlegaon,Beed,19.27675,76.16367,353.18,93.93,-15.0,296.7,20.8,271.8,321.7,1.5,318.9,12.0,14.0,10.0,58.0,4.0,2.0,0.0
MH_476_538273,Bondgaon Devi,Bondgaon Devi,Arjuni Morgaon,Gondia,20.87585,79.99703,763.46,313.12,-15.0,220.1,15.4,201.6,238.5,1.5,119.9,12.0,14.0,10.0,58.0,4.0,2.0,0.0
MH_494_563745,Parambe,Parambe,Satara,Satara,17.72216,73.85413,81.5,89.83,-1.2,553.5,38.7,507.1,599.9,3.2,221.9,12.0,14.0,10.0,58.0,4.0,2.0,0.0
MH_468_531577,Pirkheda,Pirkheda,Chikhaldara,Amravati,21.27924,77.02373,465.34,9.15,-15.0,279.5,19.6,256.0,303.0,1.5,355.0,12.0,14.0,10.0,58.0,4.0,2.0,0.0
MH_481_560275,Lahanewadi,Lahanewadi,Renapur,Latur,18.67662,76.70391,393.62,78.42,-15.0,285.9,20.0,261.9,309.9,1.5,341.6,12.0,14.0,10.0,58.0,4.0,2.0,0.0
MH_470_560081,Bhatanwadi,Bhatanwadi,Ambejogai,Beed,18.7044,76.67587,391.49,79.03,-15.0,286.5,20.1,262.4,310.6,1.5,340.4,12.0,14.0,10.0,58.0,4.0,2.0,0.0
MH_470_559110,Bramhgaon,Bramhgaon,Georai,Beed,19.25109,75.62148,296.52,43.63,-15.0,307.6,21.5,281.8,333.4,1.5,296.1,12.0,14.0,10.0,58.0,4.0,2.0,0.0
MH_491_553531,Birdole,Birdole,Karjat,Raigad,19.06743,73.33968,57.73,80.35,26.9,904.2,63.3,828.3,980.2,14.5,200.3,12.0,14.0,10.0,58.0,4.0,2.0,0.0
MH_497_552743,Ghanepada,Ghanepada,Shahapur,Thane,19.58726,73.37071,63.34,42.62,32.2,909.0,63.6,832.7,985.3,14.5,201.6,12.0,14.0,10.0,58.0,4.0,2.0,0.0
MH_500_542099,Dehani,Dehani,Babulgaon,Yavatmal,20.56694,78.03993,557.81,128.95,-15.0,259.2,18.1,237.5,280.9,1.5,37.7,12.0,14.0,10.0,58.0,4.0,2.0,0.0
MH_472_528911,Shirala,Shirala,Khamgaon,Buldhana,20.53105,76.54317,402.31,88.24,-15.0,289.1,20.2,264.9,313.4,1.5,334.8,12.0,14.0,10.0,58.0,4.0,2.0,0.0
MH_484_536279,Menkhat,Menkhat,Umred,Nagpur,20.75741,79.01406,660.59,214.82,-15.0,239.7,16.8,219.6,259.9,1.5,78.6,12.0,14.0,10.0,58.0,4.0,2.0,0.0
MH_500_542003,Bhawarkhed,Bhawarkhed,Ner,Yavatmal,20.49911,77.93015,545.7,124.16,-15.0,261.4,18.3,239.4,283.4,1.5,33.1,12.0,14.0,10.0,58.0,4.0,2.0,0.0
MH_476_537687,Bodunda,Bodunda,Goregaon,Gondia,21.30618,80.09086,778.2,320.53,-15.0,218.2,15.3,199.8,236.5,1.5,123.8,12.0,14.0,10.0,58.0,4.0,2.0,0.0
MH_467_529597,Moypani,Moypani,Telhara,Akola,21.17645,76.81976,442.08,18.87,-15.0,283.6,19.9,259.7,307.5,1.5,346.4,12.0,14.0,10.0,58.0,4.0,2.0,0.0
MH_500_543604,Pimpri Durg,Pimpri Durg,Ralegaon,Yavatmal,20.36986,78.50961,604.86,182.07,-15.0,249.8,17.5,228.8,270.8,1.5,57.4,12.0,14.0,10.0,58.0,4.0,2.0,0.0
MH_494_564144,Baje,Baje,Patan,Satara,17.38298,73.78689,67.71,87.73,0.3,587.9,41.2,538.4,637.3,14.5,219.0,12.0,14.0,10.0,58.0,4.0,2.0,0.0
MH_466_557609,Ranjankhol,Ranjankhol,Rahta,Ahmednagar,19.60906,74.59931,190.02,44.7,-15.0,464.1,32.5,425.1,503.1,3.2,253.2,12.0,14.0,10.0,58.0,4.0,2.0,0.0
MH_496_562455,Pratapnagar,Pratapnagar,Malshiras,Solapur,17.91265,74.94063,196.19,46.37,-15.0,423.1,29.6,387.6,458.6,3.2,267.5,12.0,14.0,10.0,58.0,4.0,2.0,0.0
MH_489_546847,Pimpla,Pimpla,Manwath,Parbhani,19.26747,76.59908,398.32,75.93,-15.0,288.0,20.2,263.8,312.3,1.5,337.2,12.0,14.0,10.0,58.0,4.0,2.0,0.0
MH_473_540332,Makona,Makona,Chimur,Chandrapur,20.45959,79.1776,674.93,240.82,-15.0,236.4,16.6,216.5,256.4,1.5,85.5,12.0,14.0,10.0,58.0,4.0,2.0,0.0
MH_489_546606,Donwada,Donwada,Jintur,Parbhani,19.59176,76.66267,405.44,86.38,-15.0,286.7,20.1,262.6,310.9,1.5,339.8,12.0,14.0,10.0,58.0,4.0,2.0,0.0
MH_473_541834,Annur,Annur,Rajura,Chandrapur,19.52213,79.50434,701.97,236.03,-15.0,229.9,16.1,210.6,249.2,1.5,99.2,12.0,14.0,10.0,58.0,4.0,2.0,0.0
MH_479_548066,Singona,Singona,Partur,Jalna,19.54678,76.20604,357.44,95.1,-15.0,295.9,20.7,271.0,320.7,1.5,320.7,12.0,14.0,10.0,58.0,4.0,2.0,0.0
MH_485_544911,Bothi,Bothi,Umri,Nanded,19.073,77.78039,514.28,50.57,-15.0,264.4,18.5,242.2,286.6,1.5,26.8,12.0,14.0,10.0,58.0,4.0,2.0,0.0
MH_491_554856,Javele,Javele,Shrivardhan,Raigad,18.05468,73.0965,27.22,95.51,1.7,54.7,3.8,50.2,59.3,1.8,190.1,12.0,14.0,10.0,58.0,4.0,2.0,0.0
MH_498_534706,Narayanpur,Narayanpur,Samudrapur,Wardha,20.47529,78.98686,655.21,221.64,-15.0,240.3,16.8,220.1,260.4,1.5,77.4,12.0,14.0,10.0,58.0,4.0,2.0,0.0
MH_498_533476,Wagholi,Wagholi,Ashti,Wardha,21.17141,78.11122,573.14,115.25,-15.0,257.8,18.0,236.2,279.4,1.5,40.7,12.0,14.0,10.0,58.0,4.0,2.0,0.0
MH_495_566837,Tendoli,Tendoli,Kudal,Sindhudurg,15.93551,73.63169,8.4,104.42,31.8,14.3,5.0,6.8,21.8,2.5,204.4,12.0,14.0,10.0,58.0,4.0,2.0,0.0
MH_476_537671,Khadipar,Khadipar,Goregaon,Gondia,21.34269,80.11593,781.33,323.26,-15.0,217.7,15.2,199.4,235.9,1.5,124.9,12.0,14.0,10.0,58.0,4.0,2.0,0.0
MH_494_563539,Kuroli,Kuroli,Khatav,Satara,17.58503,74.38258,132.62,66.2,-13.1,490.1,34.3,448.9,531.3,3.2,244.1,12.0,14.0,10.0,58.0,4.0,2.0,0.0
MH_486_525250,Khamala,Khamala,Akrani,Nandurbar,21.75349,74.33794,242.4,52.41,-12.1,495.4,34.7,453.8,537.1,3.2,242.2,12.0,14.0,10.0,58.0,4.0,2.0,0.0
MH_473_540669,Kosambi Gaoli,Kosambi Gaoli,Nagbhir,Chandrapur,20.54359,79.76664,736.75,296.57,-15.0,224.7,15.7,205.8,243.5,1.5,110.2,12.0,14.0,10.0,58.0,4.0,2.0,0.0
MH_491_553697,Panshil,Panshil,Khalapur,Raigad,18.9177,73.18765,38.72,82.0,6.4,988.7,69.2,905.7,1071.7,14.5,193.9,12.0,14.0,10.0,58.0,4.0,2.0,0.0
MH_495_566883,Aros,Aros,Sawantwadi,Sindhudurg,15.78383,73.7855,18.67,111.07,0.3,53.9,5.0,46.4,61.4,2.5,210.1,12.0,14.0,10.0,58.0,4.0,2.0,0.0
MH_466_557635,Gondegaon,Gondegaon,Shrirampur,Ahmednagar,19.72444,74.63964,196.1,33.94,-15.0,459.2,32.1,420.7,497.8,3.2,254.9,12.0,14.0,10.0,58.0,4.0,2.0,0.0
MH_494_563930,Dhondewadi,Dhondewadi,Satara,Satara,17.55048,74.12078,107.14,82.5,-7.2,521.5,36.5,477.7,565.3,3.2,233.1,12.0,14.0,10.0,58.0,4.0,2.0,0.0
MH_500_543842,Tembhi,Tembhi,Zari-Jamani,Yavatmal,19.93484,78.66693,617.15,170.71,-15.0,246.7,17.3,225.9,267.4,1.5,64.0,12.0,14.0,10.0,58.0,4.0,2.0,0.0
MH_473_541817,Berdi,Berdi,Rajura,Chandrapur,19.66262,79.37785,689.91,226.75,-15.0,232.4,16.3,212.9,252.0,1.5,93.9,12.0,14.0,10.0,58.0,4.0,2.0,0.0
MH_476_538044,Gorre,Gorre,Salekasa,Gondia,21.25955,80.48962,818.52,361.75,-15.0,210.2,14.7,192.6,227.8,1.5,140.6,12.0,14.0,10.0,58.0,4.0,2.0,0.0
MH_491_553361,Taloje Majkur,Taloje Majkur,Panvel,Raigad,19.09241,73.10314,36.66,100.45,1.9,1047.3,73.3,959.3,1135.2,14.5,190.3,12.0,14.0,10.0,58.0,4.0,2.0,0.0
MH_488_561090,Pithapuri,Pithapuri,Paranda,Osmanabad,18.24213,75.43394,252.45,82.25,-15.0,311.3,21.8,285.2,337.5,1.5,288.2,12.0,14.0,10.0,58.0,4.0,2.0,0.0
MH_486_525638,Dhanora,Dhanora,Nandurbar,Nandurbar,21.43286,74.06193,197.05,20.56,-5.9,528.6,37.0,484.2,573.0,3.2,230.6,12.0,14.0,10.0,58.0,4.0,2.0,0.0
MH_469_548624,Lonwadi,Lonwadi,Sillod,Aurangabad,20.29176,75.50892,292.32,80.04,-15.0,309.8,21.7,283.8,335.9,1.5,291.4,12.0,14.0,10.0,58.0,4.0,2.0,0.0
MH_468_531428,Pankhalya,Pankhalya,Dharni,Amravati,21.5146,76.82964,453.3,39.18,-15.0,283.4,19.8,259.6,307.2,1.5,346.8,12.0,14.0,10.0,58.0,4.0,2.0,0.0
MH_470_559612,Imampur,Imampur,Bid,Beed,18.90218,75.77595,307.32,83.17,-15.0,304.5,21.3,278.9,330.0,1.5,302.6,12.0,14.0,10.0,58.0,4.0,2.0,0.0
MH_500_542377,Bhosa,Bhosa,Yavatmal,Yavatmal,20.36717,78.17304,569.81,153.12,-15.0,256.5,18.0,234.9,278.1,1.5,43.3,12.0,14.0,10.0,58.0,4.0,2.0,0.0
MH_486_525941,Pati,Pati,Nawapur,Nandurbar,21.15286,73.93481,166.52,31.99,-3.0,543.8,38.1,498.1,589.5,3.2,225.3,12.0,14.0,10.0,58.0,4.0,2.0,0.0
MH_497_553042,Dapivali,Dapivali,Ambarnath,Thane,19.20476,73.25245,52.21,86.77,13.2,962.7,67.4,881.9,1043.6,14.5,196.6,12.0,14.0,10.0,58.0,4.0,2.0,0.0
MH_475_539490,Wadsakala,Wadsakala,Etapalli,Gadchiroli,20.02904,80.40659,799.23,341.48,-15.0,211.9,14.8,194.1,229.6,1.5,137.1,12.0,14.0,10.0,58.0,4.0,2.0,0.0
MH_484_535631,Yesmba,Yesmba,Mauda,Nagpur,21.21757,79.307,696.39,239.16,-15.0,233.9,16.4,214.2,253.5,1.5,90.9,12.0,14.0,10.0,58.0,4.0,2.0,0.0
MH_470_559206,Aurangpur Jawalka,Aurangpur Jawalka,Georai,Beed,19.21183,75.81006,315.71,62.37,-15.0,303.8,21.3,278.2,329.4,1.5,304.0,12.0,14.0,10.0,58.0,4.0,2.0,0.0
MH_500_542410,Shiwandhari,Shiwandhari,Yavatmal,Yavatmal,20.27906,78.07911,559.51,151.92,-15.0,258.4,18.1,236.7,280.1,1.5,39.3,12.0,14.0,10.0,58.0,4.0,2.0,0.0
MH_476_538286,Sukadi,Sukadi,Arjuni Morgaon,Gondia,20.83958,80.05552,769.23,319.67,-15.0,218.9,15.3,200.5,237.2,1.5,122.3,12.0,14.0,10.0,58.0,4.0,2.0,0.0
MH_478_526763,Malod,Malod,Yawal,Jalgaon,21.26331,75.60479,324.39,28.55,-15.0,307.9,21.6,282.0,333.8,1.5,295.4,12.0,14.0,10.0,58.0,4.0,2.0,0.0
MH_479_547378,Fulenagar,Fulenagar,Bhokardan,Jalna,20.10439,75.69632,310.23,78.97,-15.0,306.1,21.4,280.4,331.8,1.5,299.2,12.0,14.0,10.0,58.0,4.0,2.0,0.0
MH_472_529229,Manubai,Manubai,Chikhli,Buldhana,20.18628,76.30985,374.63,120.34,-15.0,293.8,20.6,269.1,318.5,1.5,325.0,12.0,14.0,10.0,58.0,4.0,2.0,0.0
MH_498_534266,Kolhapur,Kolhapur,Deoli,Wardha,20.56519,78.36593,591.57,158.49,-15.0,252.7,17.7,231.4,273.9,1.5,51.4,12.0,14.0,10.0,58.0,4.0,2.0,0.0
MH_499_531204,Tandali Shewai,Tandali Shewai,Washim,Washim,20.21756,77.21536,469.19,111.52,-15.0,275.7,19.3,252.5,298.9,1.5,3.0,12.0,14.0,10.0,58.0,4.0,2.0,0.0
MH_491_553329,Dhasakhosi,Dhasakhosi,Uran,Raigad,18.87431,73.00927,20.12,96.47,0.4,47.7,3.3,43.8,51.7,1.8,186.4,12.0,14.0,10.0,58.0,4.0,2.0,0.0
MH_488_561243,Ghatpimpari,Ghatpimpari,Washi,Osmanabad,18.57543,75.66863,285.38,105.77,-15.0,306.6,21.5,280.8,332.4,1.5,298.1,12.0,14.0,10.0,58.0,4.0,2.0,0.0
MH_665_551902,Pimpalgaon,Pimpalgaon,Jawhar,Palghar,19.94514,73.28083,57.64,26.05,17.2,979.0,68.5,896.8,1061.2,14.5,197.8,12.0,14.0,10.0,58.0,4.0,2.0,0.0
MH_495_566396,Kharepatan,Kharepatan,Kankavli,Sindhudurg,16.55625,73.64427,60.58,61.33,29.7,673.4,47.1,616.9,730.0,14.5,213.1,12.0,14.0,10.0,58.0,4.0,2.0,0.0
MH_497_553162,Narayangaon,Narayangaon,Murbad,Thane,19.26899,73.47571,72.38,74.83,44.5,831.7,58.2,761.8,901.5,14.5,206.0,12.0,14.0,10.0,58.0,4.0,2.0,0.0
MH_474_526366,Zanzale,Zanzale,Sakri,Dhule,20.9813,74.16087,175.13,35.67,-8.1,516.7,36.2,473.3,560.1,3.2,234.8,12.0,14.0,10.0,58.0,4.0,2.0,0.0
MH_480_567048,Jadhavwadi,Jadhavwadi,Shahuwadi,Kolhapur,16.92533,73.92081,66.42,38.87,-2.7,545.5,38.2,499.7,591.3,3.2,224.7,12.0,14.0,10.0,58.0,4.0,2.0,0.0
MH_500_543728,Wagdara,Wagdara,Maregaon,Yavatmal,20.06746,78.69588,621.5,181.54,-15.0,246.1,17.2,225.4,266.7,1.5,65.2,12.0,14.0,10.0,58.0,4.0,2.0,0.0
MH_497_552896,Madh,Madh,Shahapur,Thane,19.31811,73.28515,51.7,73.75,17.9,948.2,66.4,868.5,1027.9,14.5,198.0,12.0,14.0,10.0,58.0,4.0,2.0,0.0
MH_467_530497,Atkali,Atkali,Barshitakli,Akola,20.54642,77.08587,458.78,73.22,-15.0,278.3,19.5,254.9,301.7,1.5,357.6,12.0,14.0,10.0,58.0,4.0,2.0,0.0
MH_484_535857,Khadgaon,Khadgaon,Nagpur(Rural),Nagpur,21.16435,78.97408,661.38,204.71,-15.0,240.5,16.8,220.4,260.7,1.5,76.9,12.0,14.0,10.0,58.0,4.0,2.0,0.0
MH_494_563570,Morale,Morale,Khatav,Satara,17.45121,74.51295,138.66,78.03,-15.0,474.4,33.2,434.6,514.3,3.2,249.5,12.0,14.0,10.0,58.0,4.0,2.0,0.0
MH_485_544784,Wadi Muktapur,Wadi Muktapur,Mudkhed,Nanded,19.11921,77.46675,484.01,17.65,-15.0,270.7,18.9,248.0,293.3,1.5,13.6,12.0,14.0,10.0,58.0,4.0,2.0,0.0
MH_476_538229,Ramnagar,Ramnagar,Arjuni Morgaon,Gondia,20.7989,80.12784,776.43,327.74,-15.0,217.4,15.2,199.2,235.7,1.5,125.4,12.0,14.0,10.0,58.0,4.0,2.0,0.0
MH_469_549261,Domegaon,Domegaon,Gangapur,Aurangabad,19.8062,75.09962,245.08,39.99,-15.0,318.0,22.3,291.2,344.8,1.5,274.2,12.0,14.0,10.0,58.0,4.0,2.0,0.0
MH_471_536933,Sangam,Sangam,Bhandara,Bhandara,21.07818,79.60143,724.7,270.14,-15.0,228.0,16.0,208.8,247.2,1.5,103.3,12.0,14.0,10.0,58.0,4.0,2.0,0.0
MH_474_526458,Chinchkhede,Chinchkhede,Sakri,Dhule,20.93514,74.44835,199.53,48.06,-14.6,482.2,33.8,441.6,522.8,3.2,246.8,12.0,14.0,10.0,58.0,4.0,2.0,0.0
MH_480_567184,Kololi,Kololi,Panhala,Kolhapur,16.77091,74.04549,82.98,18.24,-5.5,530.5,37.1,486.0,575.1,3.2,229.9,12.0,14.0,10.0,58.0,4.0,2.0,0.0
MH_478_527795,Waghari,Waghari,Chalisgaon,Jalgaon,20.43685,75.08663,250.26,78.14,-15.0,318.3,22.3,291.5,345.0,1.5,273.6,12.0,14.0,10.0,58.0,4.0,2.0,0.0
MH_468_533045,Wakpur,Wakpur,Nandgaon-Khandeshwar,Amravati,20.77142,77.86597,541.82,101.75,-15.0,262.7,18.4,240.6,284.8,1.5,30.4,4.0,22.0,14.0,52.0,3.0,1.0,4.0
MH_473_540260,Khapari,Khapari,Warora,Chandrapur,20.34928,78.96201,651.84,222.62,-15.0,240.8,16.9,220.5,261.0,1.5,76.4,12.0,14.0,10.0,58.0,4.0,2.0,0.0
MH_469_548992,Khatnapur,Khatnapur,Khuldabad,Aurangabad,20.0682,75.27973,266.61,63.22,-15.0,314.4,22.0,288.0,340.8,1.5,281.7,12.0,14.0,10.0,58.0,4.0,2.0,0.0
MH_486_525750,Vadbare,Vadbare,Nandurbar,Nandurbar,21.38071,74.3809,218.56,20.77,-13.1,490.3,34.3,449.1,531.5,3.2,244.0,12.0,14.0,10.0,58.0,4.0,2.0,0.0
MH_474_525984,Hedrya,Hedrya,Shirpur,Dhule,21.52196,75.06133,286.01,76.88,-15.0,318.8,22.3,292.0,345.5,1.5,272.6,12.0,14.0,10.0,58.0,4.0,2.0,0.0
MH_481_560377,Thorliwadi,Thorliwadi,Ahmadpur,Latur,18.65576,76.96765,420.17,60.52,-15.0,280.6,19.6,257.1,304.2,1.5,352.6,12.0,14.0,10.0,58.0,4.0,2.0,0.0
MH_475_539573,Kornar,Kornar,Etapalli,Gadchiroli,19.73453,80.36465,793.38,329.04,-15.0,212.7,14.9,194.8,230.6,1.5,135.3,12.0,14.0,10.0,58.0,4.0,2.0,0.0
MH_500_542320,Umargaon,Umargaon,Kalamb,Yavatmal,20.31136,78.38641,591.69,174.77,-15.0,252.3,17.7,231.0,273.5,1.5,52.2,12.0,14.0,10.0,58.0,4.0,2.0,0.0
MH_500_543778,Chinchala,Chinchala,Maregaon,Yavatmal,20.13699,78.87011,640.41,200.85,-15.0,242.6,17.0,222.2,263.0,1.5,72.5,12.0,14.0,10.0,58.0,4.0,2.0,0.0
MH_498_534364,Khangaon,Khangaon,Hinganghat,Wardha,20.48811,78.55506,610.46,179.94,-15.0,248.9,17.4,228.0,269.8,1.5,59.3,12.0,14.0,10.0,58.0,4.0,2.0,0.0
MH_481_560167,Maharanapratapnagar,Maharanapratapnagar,Latur,Latur,18.42065,76.63282,380.52,103.15,-15.0,287.3,20.1,263.2,311.5,1.5,338.6,12.0,14.0,10.0,58.0,4.0,2.0,0.0
MH_473_541626,Bhoyegaon,Bhoyegaon,Korpana,Chandrapur,19.87565,79.18422,670.65,215.52,-15.0,236.3,16.5,216.5,256.1,1.5,85.7,12.0,14.0,10.0,58.0,4.0,2.0,0.0
MH_491_554677,Manjarwane,Manjarwane,Mangaon,Raigad,18.18736,73.22183,44.22,76.46,9.6,935.3,65.5,856.7,1013.9,14.5,195.3,12.0,14.0,10.0,58.0,4.0,2.0,0.0
MH_468_533310,Jalgaon Arvi,Jalgaon Arvi,Dhamangaon Railway,Amravati,20.78717,78.10566,566.78,123.62,-15.0,257.9,18.1,236.2,279.6,1.5,40.4,12.0,14.0,10.0,58.0,4.0,2.0,0.0
MH_474_526492,Kauthal,Kauthal,Dhule,Dhule,21.0192,74.86005,242.56,72.66,-15.0,432.8,30.3,396.4,469.2,3.2,264.1,12.0,14.0,10.0,58.0,4.0,2.0,0.0
MH_485_544273,Sirmeti,Sirmeti,Kinwat,Nanded,19.65709,78.21644,568.33,114.36,-15.0,255.7,17.9,234.2,277.2,1.5,45.1,12.0,14.0,10.0,58.0,4.0,2.0,0.0
MH_495_566361,Napane,Napane,Vaibhavvadi,Sindhudurg,16.52264,73.71617,68.29,55.2,1.9,630.3,44.1,577.4,683.2,14.5,216.1,12.0,14.0,10.0,58.0,4.0,2.0,0.0
MH_494_564602,Shindewadi,Shindewadi,Karad,Satara,17.23147,74.10334,89.5,59.98,-6.8,523.6,36.7,479.6,567.6,3.2,232.3,12.0,14.0,10.0,58.0,4.0,2.0,0.0
MH_468_531901,Khanjirpur,Khanjirpur,Achalpur,Amravati,21.25641,77.4932,512.11,51.5,-15.0,270.1,18.9,247.5,292.8,1.5,14.7,12.0,14.0,10.0,58.0,4.0,2.0,0.0
MH_500_542179,Panchgavhan,Panchgavhan,Babulgaon,Yavatmal,20.49363,78.17744,571.3,145.39,-15.0,256.5,18.0,234.9,278.1,1.5,43.5,12.0,14.0,10.0,58.0,4.0,2.0,0.0
MH_473_541537,Nimgata Chak,Nimgata Chak,Ballarpur,Chandrapur,19.85483,79.45665,698.96,241.16,-15.0,230.9,16.2,211.4,250.3,1.5,97.2,12.0,14.0,10.0,58.0,4.0,2.0,0.0
MH_488_561160,Antarwali,Antarwali,Bhum,Osmanabad,18.60771,75.49389,268.96,101.29,-15.0,310.1,21.7,284.1,336.2,1.5,290.7,12.0,14.0,10.0,58.0,4.0,2.0,0.0
MH_500_543894,Adegaon,Adegaon,Zari-Jamani,Yavatmal,19.79533,78.90839,641.35,185.52,-15.0,241.8,16.9,221.6,262.1,1.5,74.2,12.0,14.0,10.0,58.0,4.0,2.0,0.0
MH_475_539280,Walsara,Walsara,Chamorshi,Gadchiroli,19.93561,79.95721,751.72,293.58,-15.0,220.9,15.5,202.3,239.5,1.5,118.2,12.0,14.0,10.0,58.0,4.0,2.0,0.0
MH_472_528517,Rasulpur Pr Raja,Rasulpur Pr Raja,Nandura,Buldhana,20.82302,76.41211,392.75,74.03,-15.0,291.8,20.4,267.3,316.2,1.5,329.3,12.0,14.0,10.0,58.0,4.0,2.0,0.0
MH_466_558007,Somthane Bk,Somthane Bk,Pathardi,Ahmednagar,19.25131,75.27731,260.47,27.76,-15.0,314.5,22.0,288.1,340.9,1.5,281.6,12.0,14.0,10.0,58.0,4.0,2.0,0.0
MH_466_558272,Deswade,Deswade,Parner,Ahmednagar,19.31906,74.32632,160.38,77.87,-11.8,496.8,34.8,455.1,538.6,3.2,241.7,12.0,14.0,10.0,58.0,4.0,2.0,0.0
MH_495_566738,Bhadgaon Kh,Bhadgaon Kh,Kudal,Sindhudurg,16.17212,73.80092,39.22,72.5,-0.0,559.9,39.2,512.8,606.9,3.2,219.6,12.0,14.0,10.0,58.0,4.0,2.0,0.0
MH_472_529254,Hatedi Bk,Hatedi Bk,Buldana,Buldhana,20.46014,76.11802,357.56,84.3,-15.0,297.6,20.8,272.7,322.6,1.5,317.0,12.0,14.0,10.0,58.0,4.0,2.0,0.0
MH_472_529012,Kanaka Kh,Kanaka Kh,Mehkar,Buldhana,20.30219,76.71396,417.55,104.17,-15.0,285.7,20.0,261.7,309.7,1.5,342.0,12.0,14.0,10.0,58.0,4.0,2.0,0.0
MH_473_541434,Pipari Dixit,Pipari Dixit,Mul,Chandrapur,19.93696,79.66414,721.15,264.67,-15.0,226.7,15.9,207.6,245.8,1.5,105.9,12.0,14.0,10.0,58.0,4.0,2.0,0.0
MH_472_529364,Aland,Aland,Deolgaon Raja,Buldhana,20.03675,76.13578,355.93,105.88,-15.0,297.3,20.8,272.3,322.2,1.5,317.7,12.0,14.0,10.0,58.0,4.0,2.0,0.0
MH_665_552091,Gunj,Gunj,Vada,Palghar,19.54029,73.045,30.05,67.47,0.7,50.6,3.5,46.4,54.8,1.8,187.9,12.0,14.0,10.0,58.0,4.0,2.0,0.0
MH_475_539332,Bhumaki Rith,Bhumaki Rith,Chamorshi,Gadchiroli,19.72269,79.81332,735.66,272.52,-15.0,223.7,15.7,204.9,242.6,1.5,112.2,12.0,14.0,10.0,58.0,4.0,2.0,0.0
MH_492_565498,Kharviwada,Kharviwada,Ratnagiri,Ratnagiri,17.19672,73.24369,23.75,115.75,12.1,913.8,64.0,837.0,990.6,14.5,196.2,12.0,14.0,10.0,58.0,4.0,2.0,0.0
MH_492_565451,Nivatewadi,Nivatewadi,Guhagar,Ratnagiri,17.33953,73.35937,39.37,114.22,30.3,844.4,59.1,773.5,915.3,14.5,201.1,12.0,14.0,10.0,58.0,4.0,2.0,0.0
MH_470_559116,Surlegaon,Surlegaon,Georai,Beed,19.36023,75.62702,296.57,37.65,-15.0,307.5,21.5,281.7,333.3,1.5,296.3,12.0,14.0,10.0,58.0,4.0,2.0,0.0
MH_486_525468,Kusumwade,Kusumwade,Shahade,Nandurbar,21.67163,74.43197,243.16,47.79,-14.2,484.2,33.9,443.5,524.8,3.2,246.1,12.0,14.0,10.0,58.0,4.0,2.0,0.0
MH_493_568788,Alkud [S,Alkud [S,Kavathemahankal,Sangli,17.02618,74.96406,176.99,89.03,-15.0,420.3,29.4,385.0,455.6,3.2,268.5,12.0,14.0,10.0,58.0,4.0,2.0,0.0
MH_484_535629,Nisatkheda,Nisatkheda,Mauda,Nagpur,21.26011,79.32726,699.16,241.31,-15.0,233.5,16.3,213.9,253.0,1.5,91.7,12.0,14.0,10.0,58.0,4.0,2.0,0.0
MH_484_535377,Neur Wada,Neur Wada,Parseoni,Nagpur,21.43234,79.20376,689.67,229.74,-15.0,235.9,16.5,216.1,255.7,1.5,86.6,12.0,14.0,10.0,58.0,4.0,2.0,0.0
MH_500_542809,Shelu Bk,Shelu Bk,Pusad,Yavatmal,19.85742,77.59347,504.59,89.66,-15.0,268.1,18.8,245.6,290.7,1.5,18.9,12.0,14.0,10.0,58.0,4.0,2.0,0.0
MH_496_562740,Hipale,Hipale,Solapur South,Solapur,17.55475,76.0178,295.33,16.37,-15.0,299.6,21.0,274.4,324.8,1.5,312.7,12.0,14.0,10.0,58.0,4.0,2.0,0.0
MH_665_551702,Ambiste,Ambiste,Dahanu,Palghar,19.85769,72.85579,18.14,71.08,0.0,35.5,2.5,32.5,38.5,1.8,179.9,12.0,14.0,10.0,58.0,4.0,2.0,0.0
MH_491_555192,Keonale,Keonale,Poladpur,Raigad,17.94711,73.55398,51.41,71.96,42.5,727.6,50.9,666.5,788.7,14.5,209.3,12.0,14.0,10.0,58.0,4.0,2.0,0.0
MH_491_554951,Kudgaon,Kudgaon,Mhasla,Raigad,18.07047,73.18204,30.56,87.08,6.0,953.9,66.8,873.8,1034.1,14.5,193.6,12.0,14.0,10.0,58.0,4.0,2.0,0.0
MH_494_564237,Divashi Kh,Divashi Kh,Patan,Satara,17.45635,73.84445,77.67,92.2,-1.0,554.7,38.8,508.1,601.2,3.2,221.5,12.0,14.0,10.0,58.0,4.0,2.0,0.0
MH_489_547003,Gangakhed,Gangakhed,Gangakhed,Parbhani,18.97327,76.72126,404.38,62.44,-15.0,285.6,20.0,261.6,309.6,1.5,342.3,12.0,14.0,10.0,58.0,4.0,2.0,0.0
MH_495_566858,Ovaliye,Ovaliye,Sawantwadi,Sindhudurg,15.95939,73.93463,34.4,87.08,-3.0,80.7,6.5,71.0,90.5,2.5,215.6,12.0,14.0,10.0,58.0,4.0,2.0,0.0
MH_475_539086,Kokadkasa,Kokadkasa,Dhanora,Gadchiroli,20.03271,80.34631,792.97,335.59,-15.0,213.1,14.9,195.2,231.0,1.5,134.5,12.0,14.0,10.0,58.0,4.0,2.0,0.0
MH_492_565751,Kurdhunda,Kurdhunda,Sangameshwar,Ratnagiri,17.15302,73.50627,28.45,89.35,45.0,756.2,52.9,692.8,819.7,14.5,207.3,12.0,14.0,10.0,58.0,4.0,2.0,0.0
MH_494_564513,Umbraj,Umbraj,Karad,Satara,17.40313,74.08033,94.77,79.21,-6.3,526.4,36.8,482.2,570.5,3.2,231.4,12.0,14.0,10.0,58.0,4.0,2.0,0.0
MH_476_537606,Khedepar,Khedepar,Tirora,Gondia,21.27185,79.83376,751.29,293.81,-15.0,223.3,15.6,204.6,242.0,1.5,113.0,12.0,14.0,10.0,58.0,4.0,2.0,0.0
MH_486_525245,Velkhedi,Velkhedi,Akrani,Nandurbar,21.86817,74.38596,254.99,66.04,-13.2,489.7,34.3,448.5,530.8,3.2,244.2,12.0,14.0,10.0,58.0,4.0,2.0,0.0
MH_492_565555,Lajul,Lajul,Ratnagiri,Ratnagiri,17.10022,73.42782,18.3,93.43,40.5,803.3,56.2,735.9,870.7,14.5,204.0,12.0,14.0,10.0,58.0,4.0,2.0,0.0
MH_468_532941,Takali,Takali,Daryapur,Amravati,20.855,77.34445,489.08,52.44,-15.0,273.1,19.1,250.2,296.0,1.5,8.5,12.0,14.0,10.0,58.0,4.0,2.0,0.0
MH_478_527337,Chorgaon,Chorgaon,Dharangaon,Jalgaon,21.12245,75.41952,300.96,19.2,-15.0,311.6,21.8,285.4,337.8,1.5,287.6,12.0,14.0,10.0,58.0,4.0,2.0,0.0
MH_473_999999,Bhandak R F,Bhandak R F,Central,Chandrapur,20.13301,79.2229,676.99,231.86,-15.0,235.5,16.5,215.7,255.3,1.5,87.4,12.0,14.0,10.0,58.0,4.0,2.0,0.0
MH_499_530632,Gunj,Gunj,Malegaon,Washim,20.24073,77.14545,462.02,107.73,-15.0,277.1,19.4,253.8,300.4,1.5,0.1,4.0,22.0,14.0,52.0,3.0,1.0,4.0
MH_494_563978,Asani,Asani,Jaoli,Satara,17.84022,73.78053,73.17,77.05,0.4,591.7,41.4,542.0,641.4,14.5,218.8,12.0,14.0,10.0,58.0,4.0,2.0,0.0
MH_493_568870,Kolgiri,Kolgiri,Jat,Sangli,17.09571,75.34318,217.53,85.38,-15.0,313.1,21.9,286.9,339.4,1.5,284.4,12.0,14.0,10.0,58.0,4.0,2.0,0.0
MH_484_536221,Dhurkheda,Dhurkheda,Umred,Nagpur,20.78408,79.31659,692.18,244.9,-15.0,233.7,16.4,214.0,253.3,1.5,91.3,12.0,14.0,10.0,58.0,4.0,2.0,0.0
MH_485_545473,Rathodwadi,Rathodwadi,Mukhed,Nanded,18.6293,77.35862,459.95,52.7,-15.0,272.8,19.1,249.9,295.7,1.5,9.1,12.0,14.0,10.0,58.0,4.0,2.0,0.0
MH_481_560181,Katpur,Katpur,Latur,Latur,18.36363,76.62362,378.54,108.52,-15.0,287.5,20.1,263.4,311.6,1.5,338.2,12.0,14.0,10.0,58.0,4.0,2.0,0.0
MH_468_532478,Nagziri,Nagziri,Warud,Amravati,21.45354,78.15717,584.0,123.13,-15.0,256.9,18.0,235.3,278.5,1.5,42.6,12.0,14.0,10.0,58.0,4.0,2.0,0.0
MH_500_542401,Jamb,Jamb,Yavatmal,Yavatmal,20.32718,78.12871,564.94,152.29,-15.0,257.4,18.0,235.8,279.0,1.5,41.4,12.0,14.0,10.0,58.0,4.0,2.0,0.0
MH_472_528675,Malegaon Pr Malkapur,Malegaon Pr Malkapur,Motala,Buldhana,20.80864,76.07658,358.12,58.14,-15.0,298.5,20.9,273.4,323.5,1.5,315.2,12.0,14.0,10.0,58.0,4.0,2.0,0.0
MH_477_545957,Hingoli,Hingoli,Hingoli,Hingoli,19.69257,77.16408,458.44,67.42,-15.0,276.7,19.4,253.4,300.0,1.5,0.9,12.0,14.0,10.0,58.0,4.0,2.0,0.0
MH_468_531871,Ekalaspur,Ekalaspur,Achalpur,Amravati,21.33284,77.46271,510.93,50.17,-15.0,270.7,19.0,247.9,293.5,1.5,13.4,12.0,14.0,10.0,58.0,4.0,2.0,0.0
MH_468_533198,Chandur Wadi,Chandur Wadi,Chandur Railway,Amravati,20.83187,77.98198,554.52,109.84,-15.0,260.4,18.2,238.5,282.2,1.5,35.2,12.0,14.0,10.0,58.0,4.0,2.0,0.0
MH_479_547502,Gondhankheda,Gondhankheda,Jafferabad,Jalna,20.16412,76.01808,344.09,105.33,-15.0,299.6,21.0,274.4,324.8,1.5,312.8,12.0,14.0,10.0,58.0,4.0,2.0,0.0
MH_469_548657,Takali Kolte,Takali Kolte,Phulambri,Aurangabad,20.09026,75.60279,300.41,72.88,-15.0,307.9,21.6,282.0,333.9,1.5,295.3,12.0,14.0,10.0,58.0,4.0,2.0,0.0
MH_665_552090,Budhavali,Budhavali,Vada,Palghar,19.55165,73.0613,32.17,65.35,1.0,51.9,3.6,47.6,56.2,1.8,188.6,12.0,14.0,10.0,58.0,4.0,2.0,0.0
MH_486_525559,Mohide T Shahade,Mohide T Shahade,Shahade,Nandurbar,21.51063,74.49322,236.55,38.34,-15.0,476.8,33.4,436.7,516.9,3.2,248.7,12.0,14.0,10.0,58.0,4.0,2.0,0.0
MH_473_541845,Kakadghat,Kakadghat,Rajura,Chandrapur,19.66113,79.29711,681.46,218.58,-15.0,234.1,16.4,214.4,253.7,1.5,90.5,12.0,14.0,10.0,58.0,4.0,2.0,0.0
MH_491_553398,Ambe Tarf Waje,Ambe Tarf Waje,Panvel,Raigad,19.0374,73.2218,44.93,86.93,9.6,973.6,68.2,891.8,1055.4,14.5,195.3,12.0,14.0,10.0,58.0,4.0,2.0,0.0
MH_477_546092,Sawali Kh,Sawali Kh,Aundha (Nagnath),Hingoli,19.58259,76.91848,432.18,66.95,-15.0,281.6,19.7,258.0,305.3,1.5,350.6,12.0,14.0,10.0,58.0,4.0,2.0,0.0
MH_496_561838,Dilmeshwar,Dilmeshwar,Karmala,Solapur,18.41918,75.2801,241.16,79.75,-15.0,314.4,22.0,288.0,340.8,1.5,281.8,12.0,14.0,10.0,58.0,4.0,2.0,0.0
MH_469_548762,Krishnapurwadi,Krishnapurwadi,Aurangabad,Aurangabad,19.97535,75.39272,278.27,53.74,-15.0,312.1,21.9,285.9,338.4,1.5,286.5,12.0,14.0,10.0,58.0,4.0,2.0,0.0
MH_496_562269,Parmeshwar Pimpri,Parmeshwar Pimpri,Mohol,Solapur,17.67497,75.69566,265.45,21.83,-15.0,306.1,21.4,280.4,331.8,1.5,299.2,12.0,14.0,10.0,58.0,4.0,2.0,0.0
MH_476_537531,Bora,Bora,Tirora,Gondia,21.4863,79.97725,769.56,309.98,-15.0,220.5,15.4,202.0,238.9,1.5,119.0,12.0,14.0,10.0,58.0,4.0,2.0,0.0
MH_496_562586,Kidabisari,Kidabisari,Sangole,Solapur,17.18493,74.93073,174.67,94.6,-15.0,424.3,29.7,388.7,460.0,3.2,267.1,12.0,14.0,10.0,58.0,4.0,2.0,0.0
MH_665_551772,Dadade,Dadade,Vikramgad,Palghar,19.847,73.02395,33.64,53.91,0.5,48.9,3.4,44.8,53.0,1.8,187.0,12.0,14.0,10.0,58.0,4.0,2.0,0.0
MH_472_528280,Anyar,Anyar,Sangrampur,Buldhana,21.23233,76.73458,435.02,27.75,-15.0,285.3,20.0,261.3,309.3,1.5,342.9,12.0,14.0,10.0,58.0,4.0,2.0,0.0
MH_470_559149,Pangulgaon,Pangulgaon,Georai,Beed,19.36634,75.823,317.11,56.82,-15.0,303.5,21.2,278.1,329.0,1.5,304.6,12.0,14.0,10.0,58.0,4.0,2.0,0.0
MH_498_533632,Met Hiraji,Met Hiraji,Karanja,Wardha,21.03802,78.63986,625.12,171.05,-15.0,247.2,17.3,226.4,268.0,1.5,62.9,12.0,14.0,10.0,58.0,4.0,2.0,0.0
MH_491_555221,Goldara,Goldara,Poladpur,Raigad,17.89284,73.45927,40.16,81.99,43.5,784.4,54.9,718.6,850.3,14.5,205.3,12.0,14.0,10.0,58.0,4.0,2.0,0.0
MH_473_541571,Mangulhira,Mangulhira,Korpana,Chandrapur,19.67979,78.87834,637.68,177.66,-15.0,242.4,17.0,222.0,262.8,1.5,72.9,12.0,14.0,10.0,58.0,4.0,2.0,0.0
MH_484_534932,Kalambha,Kalambha,Katol,Nagpur,21.34625,78.5731,623.72,163.81,-15.0,248.5,17.4,227.7,269.4,1.5,60.1,12.0,14.0,10.0,58.0,4.0,2.0,0.0
MH_471_536793,Chikhala,Chikhala,Central,Bhandara,21.55411,79.76807,749.53,289.31,-15.0,224.6,15.7,205.8,243.5,1.5,110.3,12.0,14.0,10.0,58.0,4.0,2.0,0.0
MH_496_562603,Waki Gherdi,Waki Gherdi,Sangole,Solapur,17.34437,75.27376,213.36,74.6,-15.0,314.5,22.0,288.1,340.9,1.5,281.5,12.0,14.0,10.0,58.0,4.0,2.0,0.0
MH_466_557929,Kamat Shingave,Kamat Shingave,Pathardi,Ahmednagar,19.24638,75.04111,235.78,39.15,-15.0,319.2,22.3,292.4,345.9,1.5,271.7,12.0,14.0,10.0,58.0,4.0,2.0,0.0
MH_493_568684,Nehru Nagar,Nehru Nagar,Tasgaon,Sangli,17.04639,74.54935,132.99,53.53,-15.0,470.1,32.9,430.6,509.6,3.2,251.1,12.0,14.0,10.0,58.0,4.0,2.0,0.0
MH_489_546878,Hadgaon Bk,Hadgaon Bk,Pathri,Parbhani,19.31322,76.3268,370.11,104.91,-15.0,293.5,20.5,268.9,318.1,1.5,325.7,12.0,14.0,10.0,58.0,4.0,2.0,0.0
MH_470_558841,Pimpri Ashti,Pimpri Ashti,Ashti,Beed,18.81811,75.12681,238.48,77.97,-15.0,317.5,22.2,290.8,344.1,1.5,275.3,12.0,14.0,10.0,58.0,4.0,2.0,0.0
MH_469_549004,Bhataji,Bhataji,Khuldabad,Aurangabad,20.03377,75.25398,263.82,59.55,-15.0,314.9,22.0,288.5,341.3,1.5,280.7,12.0,14.0,10.0,58.0,4.0,2.0,0.0
MH_499_531121,Jagdambanagar,Jagdambanagar,Manora,Washim,20.22524,77.45195,493.88,118.14,-15.0,271.0,19.0,248.2,293.8,1.5,13.0,12.0,14.0,10.0,58.0,4.0,2.0,0.0
MH_486_525443,Gunjali,Gunjali,Talode,Nandurbar,21.58641,74.29421,226.25,33.31,-11.1,500.7,35.0,458.7,542.7,3.2,240.4,12.0,14.0,10.0,58.0,4.0,2.0,0.0
MH_473_541675,Mohada,Mohada,Jiwati,Chandrapur,19.58056,79.04311,654.69,190.53,-15.0,239.1,16.7,219.1,259.2,1.5,79.8,12.0,14.0,10.0,58.0,4.0,2.0,0.0
MH_494_563116,Ekasar,Ekasar,Wai,Satara,17.96503,73.84431,81.66,62.82,-1.0,554.7,38.8,508.1,601.2,3.2,221.5,12.0,14.0,10.0,58.0,4.0,2.0,0.0
MH_467_529754,Mankari,Mankari,Akot,Akola,21.20943,77.14781,476.03,15.36,-15.0,277.0,19.4,253.8,300.3,1.5,0.2,12.0,14.0,10.0,58.0,4.0,2.0,0.0
MH_476_538008,Pangaon,Pangaon,Salekasa,Gondia,21.33833,80.48577,819.22,361.52,-15.0,210.3,14.7,192.6,227.9,1.5,140.4,12.0,14.0,10.0,58.0,4.0,2.0,0.0
MH_480_568144,Jakkanhatti,Jakkanhatti,Chandgad,Kolhapur,15.99788,74.34422,77.89,79.57,-12.2,720.0,57.6,633.6,806.4,2.5,230.7,12.0,14.0,10.0,58.0,4.0,2.0,0.0
MH_478_526719,Kolambe,Kolambe,Chopda,Jalgaon,21.17448,75.34523,295.73,28.83,-15.0,313.1,21.9,286.8,339.4,1.5,284.5,12.0,14.0,10.0,58.0,4.0,2.0,0.0
MH_499_531282,Wadji,Wadji,Risod,Washim,20.11966,76.75414,420.68,122.82,-15.0,284.9,19.9,261.0,308.8,1.5,343.7,12.0,14.0,10.0,58.0,4.0,2.0,0.0
MH_500_542892,Sawargaon Bangla,Sawargaon Bangla,Pusad,Yavatmal,19.7794,77.50591,494.77,78.57,-15.0,269.9,18.9,247.2,292.6,1.5,15.2,12.0,14.0,10.0,58.0,4.0,2.0,0.0
MH_493_568832,Belunki,Belunki,Jat,Sangli,17.04135,75.09358,190.79,102.38,-15.0,318.1,22.3,291.4,344.9,1.5,273.9,12.0,14.0,10.0,58.0,4.0,2.0,0.0
MH_494_564541,Pachund,Pachund,Karad,Satara,17.3792,74.25108,109.91,75.72,-10.1,505.9,35.4,463.4,548.4,3.2,238.5,12.0,14.0,10.0,58.0,4.0,2.0,0.0
MH_480_567533,Sheloshi,Sheloshi,Bavda,Kolhapur,16.56873,73.93917,82.61,31.39,-3.1,543.3,38.0,497.7,588.9,3.2,225.4,12.0,14.0,10.0,58.0,4.0,2.0,0.0
MH_480_568152,Nagardale,Nagardale,Chandgad,Kolhapur,15.94504,74.3773,80.47,86.05,-13.0,741.7,59.3,652.7,830.6,2.5,232.0,12.0,14.0,10.0,58.0,4.0,2.0,0.0
MH_471_536753,Mitewani,Mitewani,Tumsar,Bhandara,21.42403,79.71191,741.34,282.03,-15.0,225.8,15.8,206.8,244.7,1.5,107.9,12.0,14.0,10.0,58.0,4.0,2.0,0.0
MH_476_537904,Sitepar,Sitepar,Amgaon,Gondia,21.43732,80.32317,804.08,345.24,-15.0,213.5,14.9,195.7,231.4,1.5,133.6,12.0,14.0,10.0,58.0,4.0,2.0,0.0
MH_469_549144,Ladgaon,Ladgaon,Vaijapur,Aurangabad,19.81857,74.71665,206.08,30.33,-15.0,450.0,31.5,412.2,487.8,3.2,258.1,12.0,14.0,10.0,58.0,4.0,2.0,0.0
MH_491_554554,Varchiwadi,Varchiwadi,Mangaon,Raigad,18.41144,73.35868,57.45,53.47,30.2,863.3,60.4,790.8,935.8,14.5,201.1,12.0,14.0,10.0,58.0,4.0,2.0,0.0
MH_473_541366,Maroda,Maroda,Mul,Chandrapur,20.10246,79.62246,718.2,267.6,-15.0,227.6,15.9,208.5,246.6,1.5,104.1,12.0,14.0,10.0,58.0,4.0,2.0,0.0
MH_484_535174,Uparwahi,Uparwahi,Kalameshwar,Nagpur,21.20385,78.87258,651.62,194.13,-15.0,242.5,17.0,222.1,262.9,1.5,72.6,12.0,14.0,10.0,58.0,4.0,2.0,0.0
MH_473_541040,Tekari Tukum,Tekari Tukum,Sindewahi,Chandrapur,20.30248,79.78736,737.59,292.71,-15.0,224.3,15.7,205.4,243.1,1.5,111.1,12.0,14.0,10.0,58.0,4.0,2.0,0.0
MH_484_535730,Panmara,Panmara,Mauda,Nagpur,21.10024,79.4778,712.24,257.2,-15.0,230.4,16.1,211.1,249.8,1.5,98.1,12.0,14.0,10.0,58.0,4.0,2.0,0.0
MH_472_528608,Anurabad,Anurabad,Malkapur,Buldhana,20.90075,76.23633,376.34,71.27,-15.0,295.3,20.7,270.4,320.1,1.5,321.9,12.0,14.0,10.0,58.0,4.0,2.0,0.0
MH_475_538850,Makr Dhokada,Makr Dhokada,Korchi,Gadchiroli,20.55361,80.55855,819.12,376.63,-15.0,208.8,14.6,191.3,226.3,1.5,143.5,12.0,14.0,10.0,58.0,4.0,2.0,0.0
MH_496_562511,Natepute,Natepute,Central,Solapur,17.90596,74.74782,175.78,32.42,-15.0,446.3,31.2,408.8,483.7,3.2,259.4,12.0,14.0,10.0,58.0,4.0,2.0,0.0
MH_484_535441,Warada,Warada,Parseoni,Nagpur,21.26568,79.23943,690.25,232.22,-15.0,235.2,16.5,215.4,255.0,1.5,88.1,12.0,14.0,10.0,58.0,4.0,2.0,0.0
MH_486_525066,Nendwan Kh,Nendwan Kh,Akkalkuwa,Nandurbar,21.67234,74.10887,219.57,42.46,-6.9,522.9,36.6,479.0,566.9,3.2,232.6,12.0,14.0,10.0,58.0,4.0,2.0,0.0
MH_470_559099,Patharwala Bk,Patharwala Bk,Georai,Beed,19.37252,75.5485,288.3,29.66,-15.0,309.0,21.6,283.1,335.0,1.5,293.0,12.0,14.0,10.0,58.0,4.0,2.0,0.0
MH_466_558639,Moha,Moha,Jamkhed,Ahmednagar,18.7727,75.35258,261.76,81.06,-15.0,312.9,21.9,286.7,339.2,1.5,284.8,12.0,14.0,10.0,58.0,4.0,2.0,0.0
MH_468_531470,Kawadaziri,Kawadaziri,Dharni,Amravati,21.40283,76.93959,460.52,23.41,-15.0,281.2,19.7,257.6,304.8,1.5,351.5,12.0,14.0,10.0,58.0,4.0,2.0,0.0
MH_498_534589,Arvi,Arvi,Samudrapur,Wardha,20.62339,79.13391,671.76,230.73,-15.0,237.3,16.6,217.4,257.2,1.5,83.6,12.0,14.0,10.0,58.0,4.0,2.0,0.0
MH_479_547601,Ner,Ner,Jalna,Jalna,19.7641,76.20291,358.79,99.02,-15.0,295.9,20.7,271.1,320.8,1.5,320.5,12.0,14.0,10.0,58.0,4.0,2.0,0.0
MH_500_542913,Bibi,Bibi,Pusad,Yavatmal,19.76689,77.5909,503.55,80.18,-15.0,268.2,18.8,245.6,290.7,1.5,18.8,12.0,14.0,10.0,58.0,4.0,2.0,0.0
MH_495_566555,Poip,Poip,Malwan,Sindhudurg,16.17266,73.59812,34.93,86.94,37.1,701.1,49.1,642.2,760.0,14.5,211.1,12.0,14.0,10.0,58.0,4.0,2.0,0.0
MH_475_539306,Amboli,Amboli,Chamorshi,Gadchiroli,19.83187,79.84577,739.49,279.02,-15.0,223.1,15.6,204.4,241.8,1.5,113.5,12.0,14.0,10.0,58.0,4.0,2.0,0.0
MH_470_559742,Arangaon,Arangaon,Kaij,Beed,18.73359,75.94344,318.31,108.78,-15.0,301.1,21.1,275.8,326.5,1.5,309.6,12.0,14.0,10.0,58.0,4.0,2.0,0.0
MH_500_542105,Takalgaon,Takalgaon,Babulgaon,Yavatmal,20.56993,78.12232,566.38,136.03,-15.0,257.6,18.0,236.0,279.2,1.5,41.1,12.0,14.0,10.0,58.0,4.0,2.0,0.0
MH_493_568268,Panumbre Tarf Shirala,Panumbre Tarf Shirala,Shirala,Sangli,17.08733,74.09079,84.77,44.61,-6.5,525.1,36.8,480.9,569.3,3.2,231.8,12.0,14.0,10.0,58.0,4.0,2.0,0.0
MH_485_545220,Kiwala,Kiwala,Loha,Nanded,19.03975,77.30083,464.77,6.7,-15.0,274.0,19.2,250.9,297.0,1.5,6.6,12.0,14.0,10.0,58.0,4.0,2.0,0.0
MH_466_558389,Palwe Bk,Palwe Bk,Parner,Ahmednagar,18.90581,74.47202,171.23,77.7,-15.0,479.4,33.6,439.0,519.7,3.2,247.8,12.0,14.0,10.0,58.0,4.0,2.0,0.0
MH_498_533645,Ghughus,Ghughus,Karanja,Wardha,20.98434,78.40671,600.35,147.9,-15.0,251.9,17.6,230.7,273.0,1.5,53.1,12.0,14.0,10.0,58.0,4.0,2.0,0.0
MH_489_546682,Dudhagaon,Dudhagaon,Jintur,Parbhani,19.45151,76.8395,423.63,62.16,-15.0,283.2,19.8,259.5,307.0,1.5,347.3,12.0,14.0,10.0,58.0,4.0,2.0,0.0
MH_477_546371,Polka,Polka,Basmath,Hingoli,19.35297,77.1928,460.81,30.3,-15.0,276.1,19.3,253.0,299.3,1.5,2.1,12.0,14.0,10.0,58.0,4.0,2.0,0.0
MH_484_536545,Lonara,Lonara,Bhiwapur,Nagpur,20.61957,79.28185,687.06,245.65,-15.0,234.4,16.4,214.7,254.0,1.5,89.8,12.0,14.0,10.0,58.0,4.0,2.0,0.0
MH_480_567093,Wadicharan,Wadicharan,Shahuwadi,Kolhapur,16.88864,74.04251,79.78,26.85,-5.5,530.9,37.2,486.3,575.5,3.2,229.8,12.0,14.0,10.0,58.0,4.0,2.0,0.0
MH_496_561857,Shelgaon,Shelgaon,Karmala,Solapur,18.34164,75.24257,235.09,73.14,-15.0,315.1,22.1,288.6,341.7,1.5,280.2,12.0,14.0,10.0,58.0,4.0,2.0,0.0
MH_474_526223,Dalwade P S,Dalwade P S,Sindkhede,Dhule,21.17148,74.69975,234.4,53.73,-15.0,452.0,31.6,414.1,490.0,3.2,257.4,12.0,14.0,10.0,58.0,4.0,2.0,0.0
MH_485_545364,Alegaon,Alegaon,Kandhar,Nanded,18.91988,77.30362,461.46,20.03,-15.0,273.9,19.2,250.9,297.0,1.5,6.8,12.0,14.0,10.0,58.0,4.0,2.0,0.0
MH_492_564709,Kinjalghar,Kinjalghar,Mandangad,Ratnagiri,18.03747,73.16376,26.47,90.82,4.7,963.4,67.4,882.6,1044.3,14.5,192.9,12.0,14.0,10.0,58.0,4.0,2.0,0.0
MH_665_552342,Aavdhani,Aavdhani,Palghar,Palghar,19.74872,72.90235,30.5,69.01,0.0,39.2,2.7,35.9,42.4,1.8,181.9,12.0,14.0,10.0,58.0,4.0,2.0,0.0
MH_466_558294,Bhondre,Bhondre,Parner,Ahmednagar,19.14718,74.35812,164.01,87.0,-12.6,493.0,34.5,451.6,534.4,3.2,243.0,12.0,14.0,10.0,58.0,4.0,2.0,0.0
MH_499_530650,Masala Kh,Masala Kh,Malegaon,Washim,20.22239,77.09016,456.16,109.11,-15.0,278.2,19.5,254.8,301.6,1.5,357.8,4.0,22.0,14.0,52.0,3.0,1.0,4.0
MH_489_546882,Jawala Zute,Jawala Zute,Pathri,Parbhani,19.30379,76.22761,359.75,99.7,-15.0,295.4,20.7,270.6,320.3,1.5,321.6,12.0,14.0,10.0,58.0,4.0,2.0,0.0
MH_498_533698,Mund Maywadi,Mund Maywadi,Arvi,Wardha,20.99264,78.2384,583.14,130.53,-15.0,255.2,17.9,233.8,276.7,1.5,46.0,12.0,14.0,10.0,58.0,4.0,2.0,0.0
MH_489_546428,Sawangi P C,Sawangi P C,Sailu,Parbhani,19.59442,76.52871,391.43,97.83,-15.0,289.4,20.3,265.1,313.8,1.5,334.2,12.0,14.0,10.0,58.0,4.0,2.0,0.0
MH_496_562795,Korsegaon,Korsegaon,Akkalkot,Solapur,17.41105,75.92552,282.79,26.71,-15.0,301.5,21.1,276.2,326.8,1.5,308.9,12.0,14.0,10.0,58.0,4.0,2.0,0.0
MH_491_554078,Gan Tarf Shrigaon,Gan Tarf Shrigaon,Alibag,Raigad,18.68774,72.95108,10.06,96.34,0.1,43.1,3.0,39.5,46.7,1.8,183.9,12.0,14.0,10.0,58.0,4.0,2.0,0.0
MH_498_534108,Nagapur,Nagapur,Wardha,Wardha,20.7004,78.66327,623.74,181.43,-15.0,246.7,17.3,226.0,267.5,1.5,63.9,12.0,14.0,10.0,58.0,4.0,2.0,0.0
MH_498_533992,Gangapur,Gangapur,Seloo,Wardha,20.81528,78.74103,632.83,185.72,-15.0,245.2,17.2,224.5,265.8,1.5,67.1,12.0,14.0,10.0,58.0,4.0,2.0,0.0
MH_472_528967,Janefal,Janefal,Mehkar,Buldhana,20.29912,76.57243,402.8,109.6,-15.0,288.6,20.2,264.3,312.8,1.5,336.0,12.0,14.0,10.0,58.0,4.0,2.0,0.0
MH_480_567736,Balikre,Balikre,Kagal,Kolhapur,16.33944,74.30682,89.84,41.68,-11.4,499.2,34.9,457.3,541.1,3.2,240.9,12.0,14.0,10.0,58.0,4.0,2.0,0.0
MH_467_530347,Adgaon Kh,Adgaon Kh,Patur,Akola,20.46405,76.70549,418.43,87.37,-15.0,285.9,20.0,261.9,309.9,1.5,341.6,12.0,14.0,10.0,58.0,4.0,2.0,0.0
MH_468_532628,Digargavhan,Digargavhan,Amravati,Amravati,21.04925,77.92383,551.75,97.28,-15.0,261.5,18.3,239.6,283.5,1.5,32.8,12.0,14.0,10.0,58.0,4.0,2.0,0.0
MH_665_551712,Dhamatane,Dhamatane,Dahanu,Palghar,19.87247,72.91232,21.93,65.01,0.0,40.0,2.8,36.6,43.3,1.8,182.3,12.0,14.0,10.0,58.0,4.0,2.0,0.0
MH_493_568755,Shindewadi,Shindewadi,Miraj,Sangli,16.7722,74.8415,164.33,68.78,-15.0,435.0,30.5,398.4,471.6,3.2,263.3,12.0,14.0,10.0,58.0,4.0,2.0,0.0
MH_476_537729,Gawaritola,Gawaritola,Goregaon,Gondia,21.24575,80.29489,798.3,341.56,-15.0,214.1,15.0,196.1,232.1,1.5,132.4,12.0,14.0,10.0,58.0,4.0,2.0,0.0
MH_478_527071,Varkhede Kh,Varkhede Kh,Bodvad,Jalgaon,20.89312,76.05305,357.52,52.82,-15.0,298.9,20.9,273.9,324.0,1.5,314.2,12.0,14.0,10.0,58.0,4.0,2.0,0.0
MH_486_525203,Jalola,Jalola,Akrani,Nandurbar,21.85546,74.14621,237.51,62.01,-7.8,518.5,36.3,474.9,562.0,3.2,234.1,12.0,14.0,10.0,58.0,4.0,2.0,0.0
MH_471_537348,Bachewadi,Bachewadi,Pauni,Bhandara,20.82094,79.76015,738.46,289.59,-15.0,224.8,15.7,206.0,243.6,1.5,109.9,12.0,14.0,10.0,58.0,4.0,2.0,0.0
MH_475_539698,Tumarkondi,Tumarkondi,Bhamragad,Gadchiroli,19.61442,80.64572,820.55,355.62,-15.0,207.1,14.5,189.7,224.5,1.5,147.1,12.0,14.0,10.0,58.0,4.0,2.0,0.0
MH_478_526968,Naigaon,Naigaon,Muktainagar,Jalgaon,21.14675,76.07817,366.86,55.87,-15.0,298.4,20.9,273.4,323.5,1.5,315.3,12.0,14.0,10.0,58.0,4.0,2.0,0.0
MH_491_553299,Dongari,Dongari,Uran,Raigad,18.89484,72.95318,14.02,102.79,0.1,43.3,3.0,39.7,46.9,1.8,184.0,12.0,14.0,10.0,58.0,4.0,2.0,0.0
MH_467_530391,Hingana,Hingana,Patur,Akola,20.54501,76.86708,436.05,74.13,-15.0,282.7,19.8,258.9,306.4,1.5,348.4,12.0,14.0,10.0,58.0,4.0,2.0,0.0
MH_496_562858,Chungi,Chungi,Akkalkot,Solapur,17.66604,76.22989,319.95,35.0,-15.0,295.4,20.7,270.6,320.2,1.5,321.7,12.0,14.0,10.0,58.0,4.0,2.0,0.0
MH_495_566644,Malai,Malai,Vengurla,Sindhudurg,15.93394,73.57634,10.03,108.1,40.0,54.6,5.0,47.1,62.1,2.5,202.3,12.0,14.0,10.0,58.0,4.0,2.0,0.0
MH_480_567237,Kherivade,Kherivade,Panhala,Kolhapur,16.71332,74.02975,83.53,18.19,-5.2,532.4,37.3,487.7,577.2,3.2,229.2,12.0,14.0,10.0,58.0,4.0,2.0,0.0
MH_484_535392,Baburwada,Baburwada,Parseoni,Nagpur,21.39405,79.17584,686.07,226.45,-15.0,236.5,16.6,216.6,256.4,1.5,85.4,12.0,14.0,10.0,58.0,4.0,2.0,0.0
MH_472_528764,Sahastramuli,Sahastramuli,Motala,Buldhana,20.60948,76.23308,371.01,82.93,-15.0,295.3,20.7,270.5,320.2,1.5,321.8,12.0,14.0,10.0,58.0,4.0,2.0,0.0
MH_485_544903,Rahati Kh,Rahati Kh,Umri,Nanded,19.00907,77.54445,488.49,27.61,-15.0,269.1,18.8,246.6,291.7,1.5,16.9,12.0,14.0,10.0,58.0,4.0,2.0,0.0
MH_491_554899,Banoti,Banoti,Mhasla,Raigad,18.15409,73.06394,38.36,92.9,1.0,52.1,3.6,47.8,56.4,1.8,188.7,12.0,14.0,10.0,58.0,4.0,2.0,0.0
MH_500_543227,Lingi,Lingi,Arni,Yavatmal,20.06715,77.89917,538.81,124.52,-15.0,262.0,18.3,240.1,284.0,1.5,31.8,12.0,14.0,10.0,58.0,4.0,2.0,0.0
MH_473_540717,Sawargaon,Sawargaon,Nagbhir,Chandrapur,20.40266,79.63557,722.25,284.11,-15.0,227.3,15.9,208.2,246.4,1.5,104.7,12.0,14.0,10.0,58.0,4.0,2.0,0.0
MH_491_553738,Wadgaon,Wadgaon,Khalapur,Raigad,18.85165,73.20262,40.62,77.0,7.7,976.7,68.4,894.7,1058.8,14.5,194.5,12.0,14.0,10.0,58.0,4.0,2.0,0.0
MH_494_564546,Koparde Haveli,Koparde Haveli,Karad,Satara,17.33473,74.1756,100.61,70.63,-8.5,514.9,36.0,471.7,558.1,3.2,235.4,12.0,14.0,10.0,58.0,4.0,2.0,0.0
MH_475_539720,Pokur,Pokur,Bhamragad,Gadchiroli,19.5053,80.50993,804.02,339.86,-15.0,209.8,14.7,192.2,227.4,1.5,141.4,12.0,14.0,10.0,58.0,4.0,2.0,0.0
MH_500_543805,Raipur,Raipur,Maregaon,Yavatmal,20.0373,78.7872,630.66,187.46,-15.0,244.3,17.1,223.7,264.8,1.5,69.1,12.0,14.0,10.0,58.0,4.0,2.0,0.0
MH_491_554956,Bandwadi,Bandwadi,Mhasla,Raigad,18.04664,73.15305,27.15,91.12,4.1,970.3,67.9,888.8,1051.7,14.5,192.4,12.0,14.0,10.0,58.0,4.0,2.0,0.0
MH_470_560025,Satephal,Satephal,Ambejogai,Beed,18.66115,76.33637,355.67,112.52,-15.0,293.3,20.5,268.7,317.9,1.5,326.1,12.0,14.0,10.0,58.0,4.0,2.0,0.0
MH_495_566896,Gharap,Gharap,Sawantwadi,Sindhudurg,15.87438,73.98748,38.27,94.57,-4.2,387.2,31.0,340.7,433.7,2.5,217.5,12.0,14.0,10.0,58.0,4.0,2.0,0.0
MH_499_530779,Hisai,Hisai,Mangrulpir,Washim,20.34551,77.29139,477.95,99.73,-15.0,274.2,19.2,251.1,297.2,1.5,6.2,12.0,14.0,10.0,58.0,4.0,2.0,0.0
MH_484_536570,Piparda Rithi,Piparda Rithi,Bhiwapur,Nagpur,20.75189,79.4532,706.1,259.53,-15.0,230.9,16.2,211.5,250.4,1.5,97.0,12.0,14.0,10.0,58.0,4.0,2.0,0.0
MH_499_530893,Bhuloda,Bhuloda,Karanja,Washim,20.59258,77.52504,504.75,86.81,-15.0,269.5,18.9,246.8,292.2,1.5,16.1,12.0,14.0,10.0,58.0,4.0,2.0,0.0
MH_473_540285,Singarwadi,Singarwadi,Warora,Chandrapur,20.41269,79.14204,670.93,239.24,-15.0,237.2,16.6,217.2,257.1,1.5,84.0,12.0,14.0,10.0,58.0,4.0,2.0,0.0
MH_470_559549,Kukadgaon,Kukadgaon,Bid,Beed,19.11196,75.84669,317.55,71.79,-15.0,303.1,21.2,277.6,328.5,1.5,305.6,12.0,14.0,10.0,58.0,4.0,2.0,0.0
MH_498_533686,Chandani,Chandani,Arvi,Wardha,21.01139,78.21364,580.88,127.63,-15.0,255.7,17.9,234.2,277.2,1.5,45.0,12.0,14.0,10.0,58.0,4.0,2.0,0.0
MH_485_545034,Kondalapur,Kondalapur,Biloli,Nanded,18.78343,77.72923,501.58,57.25,-15.0,265.4,18.6,243.1,287.7,1.5,24.6,12.0,14.0,10.0,58.0,4.0,2.0,0.0
MH_495_566751,Girgaon,Girgaon,Kudal,Sindhudurg,16.08743,73.81516,32.11,79.53,-0.3,558.2,39.1,511.3,605.1,3.2,220.2,12.0,14.0,10.0,58.0,4.0,2.0,0.0
MH_500_542007,Gondgavhan,Gondgavhan,Ner,Yavatmal,20.44269,77.89108,541.1,125.17,-15.0,262.2,18.4,240.1,284.3,1.5,31.4,12.0,14.0,10.0,58.0,4.0,2.0,0.0
MH_498_534367,Sekapur,Sekapur,Hinganghat,Wardha,20.47649,78.56947,611.85,181.86,-15.0,248.6,17.4,227.7,269.5,1.5,59.9,12.0,14.0,10.0,58.0,4.0,2.0,0.0
MH_495_566359,Umbarde,Umbarde,Vaibhavvadi,Sindhudurg,16.54693,73.71833,66.41,54.07,1.8,629.0,44.0,576.2,681.8,14.5,216.2,12.0,14.0,10.0,58.0,4.0,2.0,0.0
MH_472_529537,Yesapur,Yesapur,Lonar,Buldhana,20.08143,76.5155,395.66,134.21,-15.0,289.7,20.3,265.3,314.1,1.5,333.7,12.0,14.0,10.0,58.0,4.0,2.0,0.0
MH_468_532153,Govindpur,Govindpur,Chandurbazar,Amravati,21.13882,77.61252,521.61,63.88,-15.0,267.7,18.7,245.3,290.2,1.5,19.7,12.0,14.0,10.0,58.0,4.0,2.0,0.0
MH_486_525416,Amaled,Amaled,Talode,Nandurbar,21.55737,74.24982,220.69,29.08,-10.1,506.0,35.4,463.5,548.5,3.2,238.5,12.0,14.0,10.0,58.0,4.0,2.0,0.0
MH_476_538158,Khurshipar,Khurshipar,Sadak-Arjuni,Gondia,21.05665,80.2722,793.66,339.76,-15.0,214.6,15.0,196.6,232.6,1.5,131.4,12.0,14.0,10.0,58.0,4.0,2.0,0.0
MH_470_559065,Taradgavhan,Taradgavhan,Shirur (kasar),Beed,19.09885,75.52997,284.49,50.72,-15.0,309.4,21.7,283.4,335.4,1.5,292.3,12.0,14.0,10.0,58.0,4.0,2.0,0.0
MH_466_557726,Jalke Bk,Jalke Bk,Nevasa,Ahmednagar,19.56367,75.00398,231.75,31.82,-15.0,319.9,22.4,293.0,346.8,1.5,270.2,12.0,14.0,10.0,58.0,4.0,2.0,0.0
MH_494_564259,Tolewadi,Tolewadi,Patan,Satara,17.37278,73.86474,73.56,82.87,-1.5,552.2,38.7,505.8,598.7,3.2,222.3,12.0,14.0,10.0,58.0,4.0,2.0,0.0
MH_473_541328,Dhanora,Dhanora,Chandrapur,Chandrapur,19.91564,79.16804,669.24,215.78,-15.0,236.6,16.6,216.7,256.6,1.5,85.1,12.0,14.0,10.0,58.0,4.0,2.0,0.0
MH_480_567659,Mauje Kasarwada,Mauje Kasarwada,Radhanagari,Kolhapur,16.38637,74.09286,76.62,36.7,-6.6,524.9,36.7,480.8,568.9,3.2,231.9,12.0,14.0,10.0,58.0,4.0,2.0,0.0
MH_498_534256,Vijaygopal,Vijaygopal,Deoli,Wardha,20.57641,78.32609,587.56,154.23,-15.0,253.5,17.7,232.2,274.7,1.5,49.7,12.0,14.0,10.0,58.0,4.0,2.0,0.0
MH_494_563975,Dangreghar,Dangreghar,Jaoli,Satara,17.86343,73.7813,73.41,74.47,0.4,591.2,41.4,541.5,640.9,14.5,218.8,12.0,14.0,10.0,58.0,4.0,2.0,0.0
MH_488_561109,Kumbhephal,Kumbhephal,Paranda,Osmanabad,18.36548,75.49706,261.81,90.25,-15.0,310.1,21.7,284.0,336.1,1.5,290.9,12.0,14.0,10.0,58.0,4.0,2.0,0.0
MH_472_528452,Sawarna,Sawarna,Shegaon,Buldhana,20.76975,76.64976,416.26,60.09,-15.0,287.0,20.1,262.9,311.1,1.5,339.3,12.0,14.0,10.0,58.0,4.0,2.0,0.0
MH_470_559192,Jategaon,Jategaon,Georai,Beed,19.2548,75.9105,326.77,69.6,-15.0,301.8,21.1,276.5,327.1,1.5,308.2,12.0,14.0,10.0,58.0,4.0,2.0,0.0
MH_500_542293,Umari,Umari,Kalamb,Yavatmal,20.44286,78.4473,598.89,172.38,-15.0,251.1,17.6,229.9,272.2,1.5,54.8,12.0,14.0,10.0,58.0,4.0,2.0,0.0
MH_493_568234,Panumbre Tarf Warun,Panumbre Tarf Warun,Shirala,Sangli,17.08983,73.96831,71.91,49.87,-3.8,539.8,37.8,494.4,585.2,3.2,226.7,12.0,14.0,10.0,58.0,4.0,2.0,0.0
MH_473_541231,Kunada Tola,Kunada Tola,Bhadravati,Chandrapur,20.09181,79.05123,658.7,214.04,-15.0,239.0,16.7,218.9,259.0,1.5,80.2,12.0,14.0,10.0,58.0,4.0,2.0,0.0
MH_468_532475,Dhamandas,Dhamandas,Warud,Amravati,21.47935,78.15285,584.2,123.38,-15.0,256.9,18.0,235.3,278.5,1.5,42.4,12.0,14.0,10.0,58.0,4.0,2.0,0.0
MH_665_552193,Akkarpatti,Akkarpatti,Palghar,Palghar,19.82777,72.68007,16.65,89.75,0.0,21.4,1.5,19.6,23.2,1.8,172.6,12.0,14.0,10.0,58.0,4.0,2.0,0.0
MH_484_535285,Khedi,Khedi,Savner,Nagpur,21.41223,78.96436,664.89,204.86,-15.0,240.7,16.8,220.6,260.9,1.5,76.5,12.0,14.0,10.0,58.0,4.0,2.0,0.0
MH_489_547076,Phugnarwadi,Phugnarwadi,Gangakhed,Parbhani,18.82472,76.85461,413.09,55.95,-15.0,282.9,19.8,259.1,306.7,1.5,347.9,12.0,14.0,10.0,58.0,4.0,2.0,0.0
MH_500_543418,Tipeshwar,Tipeshwar,Ghatanji,Yavatmal,19.95123,78.44649,594.34,152.95,-15.0,251.1,17.6,230.0,272.2,1.5,54.8,12.0,14.0,10.0,58.0,4.0,2.0,0.0
MH_472_528186,Kherda Kh,Kherda Kh,Jalgaon (Jamod),Buldhana,21.02591,76.58127,414.24,47.55,-15.0,288.4,20.2,264.1,312.6,1.5,336.4,12.0,14.0,10.0,58.0,4.0,2.0,0.0
MH_473_540903,Pandhar Sarad Chak,Pandhar Sarad Chak,Sawali,Chandrapur,20.12801,79.79254,736.14,285.0,-15.0,224.1,15.7,205.3,243.0,1.5,111.3,12.0,14.0,10.0,58.0,4.0,2.0,0.0
MH_467_530207,Salatwada,Salatwada,Murtijapur,Akola,20.75014,77.31346,484.44,59.68,-15.0,273.7,19.2,250.7,296.8,1.5,7.2,12.0,14.0,10.0,58.0,4.0,2.0,0.0
MH_489_546509,Dhanegaon,Dhanegaon,Sailu,Parbhani,19.42066,76.45227,383.03,95.86,-15.0,291.0,20.4,266.5,315.4,1.5,331.0,12.0,14.0,10.0,58.0,4.0,2.0,0.0
MH_473_540276,Ambora,Ambora,Warora,Chandrapur,20.4576,79.0938,666.21,232.73,-15.0,238.1,16.7,218.1,258.2,1.5,81.9,12.0,14.0,10.0,58.0,4.0,2.0,0.0
MH_467_530138,Tapalabad,Tapalabad,Akola,Akola,20.69424,76.9771,448.99,56.29,-15.0,280.5,19.6,256.9,304.0,1.5,353.0,12.0,14.0,10.0,58.0,4.0,2.0,0.0
MH_468_532551,Jaitapur,Jaitapur,Teosa,Amravati,20.99771,78.08081,567.01,114.36,-15.0,258.4,18.1,236.7,280.1,1.5,39.4,12.0,14.0,10.0,58.0,4.0,2.0,0.0
MH_496_562830,Dahitanewadi,Dahitanewadi,Akkalkot,Solapur,17.57972,76.15805,310.45,28.44,-15.0,296.8,20.8,271.9,321.8,1.5,318.6,12.0,14.0,10.0,58.0,4.0,2.0,0.0
MH_473_540222,Takali,Takali,Warora,Chandrapur,20.46171,79.01683,658.23,225.1,-15.0,239.7,16.8,219.5,259.8,1.5,78.7,12.0,14.0,10.0,58.0,4.0,2.0,0.0
MH_469_548689,Janefal,Janefal,Phulambri,Aurangabad,20.11756,75.35624,274.82,68.92,-15.0,312.9,21.9,286.6,339.2,1.5,285.0,12.0,14.0,10.0,58.0,4.0,2.0,0.0
MH_478_527525,Talwade,Talwade,Amalner,Jalgaon,21.07073,74.95354,253.7,63.3,-15.0,421.6,29.5,386.2,457.0,3.2,268.0,12.0,14.0,10.0,58.0,4.0,2.0,0.0
MH_494_563982,Galdev,Galdev,Jaoli,Satara,17.81469,73.76853,71.83,80.0,0.7,598.9,41.9,548.6,649.2,14.5,218.3,12.0,14.0,10.0,58.0,4.0,2.0,0.0
MH_492_566082,Katali,Katali,Rajapur,Ratnagiri,16.52187,73.4082,53.31,86.66,38.0,815.1,57.1,746.6,883.6,14.5,203.1,12.0,14.0,10.0,58.0,4.0,2.0,0.0
MH_471_536687,Bagheda,Bagheda,Tumsar,Bhandara,21.46975,79.6786,738.78,279.05,-15.0,226.4,15.8,207.5,245.4,1.5,106.5,12.0,14.0,10.0,58.0,4.0,2.0,0.0
MH_481_560519,Mohadal,Mohadal,Chakur,Latur,18.47551,76.79002,397.9,87.77,-15.0,284.2,19.9,260.3,308.1,1.5,345.2,12.0,14.0,10.0,58.0,4.0,2.0,0.0
MH_497_553132,Shelari,Shelari,Murbad,Thane,19.22015,73.46154,72.24,80.36,43.7,838.0,58.7,767.5,908.4,14.5,205.4,12.0,14.0,10.0,58.0,4.0,2.0,0.0
MH_494_564239,Marathwadi,Marathwadi,Patan,Satara,17.44484,73.84641,76.98,90.95,-1.0,554.4,38.8,507.9,601.0,3.2,221.5,12.0,14.0,10.0,58.0,4.0,2.0,0.0
MH_480_567297,Halondi,Halondi,Hatkanangle,Kolhapur,16.73302,74.30675,110.88,11.95,-11.4,499.2,34.9,457.3,541.1,3.2,240.9,12.0,14.0,10.0,58.0,4.0,2.0,0.0
MH_491_554995,Kinjaloli Bk,Kinjaloli Bk,Mahad,Raigad,18.1446,73.44328,52.73,60.66,42.2,800.5,56.0,733.3,867.7,14.5,204.6,12.0,14.0,10.0,58.0,4.0,2.0,0.0
MH_494_563679,Jalgaon,Jalgaon,Koregaon,Satara,17.7211,74.11857,109.36,68.25,-7.2,521.8,36.5,478.0,565.6,3.2,233.0,12.0,14.0,10.0,58.0,4.0,2.0,0.0
MH_479_547894,Bhanang Jalgaon,Bhanang Jalgaon,Ambad,Jalna,19.40568,75.90077,325.2,63.86,-15.0,302.0,21.1,276.7,327.3,1.5,307.8,12.0,14.0,10.0,58.0,4.0,2.0,0.0
MH_489_546925,Dudhgaon,Dudhgaon,Sonpeth,Parbhani,19.07112,76.49543,384.49,84.61,-15.0,290.1,20.3,265.7,314.5,1.5,332.8,52.0,18.0,8.0,16.0,2.0,4.0,0.0
MH_472_528775,Giroli,Giroli,Motala,Buldhana,20.63439,76.32902,381.24,90.18,-15.0,293.4,20.5,268.8,318.0,1.5,325.8,12.0,14.0,10.0,58.0,4.0,2.0,0.0
MH_467_529839,Hilalabad,Hilalabad,Akot,Akola,20.99452,76.97235,453.37,23.03,-15.0,280.6,19.6,257.0,304.1,1.5,352.8,12.0,14.0,10.0,58.0,4.0,2.0,0.0
MH_481_560816,Borsuri,Borsuri,Nilanga,Latur,18.01939,76.85881,394.36,109.49,-15.0,282.8,19.8,259.1,306.6,1.5,348.1,12.0,14.0,10.0,58.0,4.0,2.0,0.0
MH_494_564431,Chikhalewadi,Chikhalewadi,Patan,Satara,17.21509,73.99236,77.72,61.39,-4.3,536.9,37.6,491.8,582.0,3.2,227.7,12.0,14.0,10.0,58.0,4.0,2.0,0.0
MH_496_562889,Sangogi Aland,Sangogi Aland,Akkalkot,Solapur,17.4974,76.29869,323.41,45.54,-15.0,294.0,20.6,269.3,318.7,1.5,324.5,12.0,14.0,10.0,58.0,4.0,2.0,0.0
MH_494_563709,Shirambe,Shirambe,Koregaon,Satara,17.64648,74.1787,116.73,70.27,-8.5,514.6,36.0,471.4,557.8,3.2,235.5,12.0,14.0,10.0,58.0,4.0,2.0,0.0
MH_499_531365,Asola,Asola,Risod,Washim,19.92958,76.66428,408.88,113.79,-15.0,286.7,20.1,262.6,310.8,1.5,339.9,12.0,14.0,10.0,58.0,4.0,2.0,0.0
MH_469_548525,Ghatnandra,Ghatnandra,Sillod,Aurangabad,20.44562,75.43465,286.45,64.1,-15.0,311.3,21.8,285.1,337.5,1.5,288.3,12.0,14.0,10.0,58.0,4.0,2.0,0.0
MH_475_539418,Gundapalli,Gundapalli,Chamorshi,Gadchiroli,19.75377,79.92584,747.53,284.79,-15.0,221.5,15.5,202.9,240.1,1.5,116.9,12.0,14.0,10.0,58.0,4.0,2.0,0.0
MH_475_540118,Pentipaka Chak,Pentipaka Chak,Sironcha,Gadchiroli,18.78217,80.00524,736.93,286.7,-15.0,219.9,15.4,201.4,238.4,1.5,120.2,12.0,14.0,10.0,58.0,4.0,2.0,0.0
MH_496_562016,Dhamangaon,Dhamangaon,Barshi,Solapur,18.37555,75.7853,291.74,81.58,-15.0,304.3,21.3,278.7,329.9,1.5,303.0,12.0,14.0,10.0,58.0,4.0,2.0,0.0
MH_485_545036,Arjapur,Arjapur,Biloli,Nanded,18.77181,77.74598,503.04,59.43,-15.0,265.1,18.6,242.8,287.4,1.5,25.3,12.0,14.0,10.0,58.0,4.0,2.0,0.0
MH_478_526802,Bhalshiv,Bhalshiv,Yawal,Jalgaon,21.13367,75.68635,327.58,19.0,-15.0,306.3,21.4,280.6,332.0,1.5,298.8,12.0,14.0,10.0,58.0,4.0,2.0,0.0
MH_491_554152,Gothi,Gothi,Alibag,Raigad,18.61657,72.93977,7.8,96.42,0.1,42.2,3.0,38.6,45.8,1.8,183.5,12.0,14.0,10.0,58.0,4.0,2.0,0.0
MH_476_537905,Suplipar,Suplipar,Amgaon,Gondia,21.45253,80.3474,806.81,347.85,-15.0,213.1,14.9,195.2,230.9,1.5,134.6,12.0,14.0,10.0,58.0,4.0,2.0,0.0
MH_498_533741,Haibatpur,Haibatpur,Arvi,Wardha,20.96716,78.21415,580.27,128.6,-15.0,255.7,17.9,234.2,277.2,1.5,45.0,12.0,14.0,10.0,58.0,4.0,2.0,0.0
MH_473_541922,Kondhana,Kondhana,Gondpipri,Chandrapur,19.62434,79.63388,716.64,251.68,-15.0,227.3,15.9,208.2,246.4,1.5,104.6,12.0,14.0,10.0,58.0,4.0,2.0,0.0
MH_494_562957,Bhose,Bhose,Mahabaleshwar,Satara,17.93024,73.76324,72.49,67.32,0.8,602.1,42.1,551.5,652.6,14.5,218.1,12.0,14.0,10.0,58.0,4.0,2.0,0.0
MH_469_549015,Babhultel,Babhultel,Vaijapur,Aurangabad,20.17292,74.82444,219.91,38.96,-15.0,437.1,30.6,400.3,473.8,3.2,262.6,12.0,14.0,10.0,58.0,4.0,2.0,0.0
MH_473_541737,Shedwahi,Shedwahi,Jiwati,Chandrapur,19.47657,79.18336,668.15,202.05,-15.0,236.3,16.5,216.5,256.1,1.5,85.7,12.0,14.0,10.0,58.0,4.0,2.0,0.0
MH_484_536224,Panjrepar,Panjrepar,Umred,Nagpur,20.80666,79.36524,697.41,249.39,-15.0,232.7,16.3,213.1,252.3,1.5,93.3,12.0,14.0,10.0,58.0,4.0,2.0,0.0
MH_497_553272,Kanhol,Kanhol,Murbad,Thane,19.16607,73.43648,71.24,83.04,41.5,850.6,59.5,779.2,922.0,14.5,204.3,12.0,14.0,10.0,58.0,4.0,2.0,0.0
MH_479_547927,Deoli Ambad,Deoli Ambad,Ghansawangi,Jalna,19.62487,76.11706,348.55,86.73,-15.0,297.7,20.8,272.7,322.6,1.5,316.9,12.0,14.0,10.0,58.0,4.0,2.0,0.0
MH_665_551814,Shil,Shil,Vikramgad,Palghar,19.74726,72.97807,35.87,61.58,0.2,45.2,3.2,41.4,49.1,1.8,185.1,12.0,14.0,10.0,58.0,4.0,2.0,0.0
MH_481_560807,Fattewadi,Fattewadi,Nilanga,Latur,18.127,76.88573,400.6,116.67,-15.0,282.3,19.8,258.5,306.0,1.5,349.2,12.0,14.0,10.0,58.0,4.0,2.0,0.0
MH_500_543378,Dorli,Dorli,Ghatanji,Yavatmal,20.01419,78.33299,583.19,148.49,-15.0,253.3,17.7,232.1,274.6,1.5,50.0,12.0,14.0,10.0,58.0,4.0,2.0,0.0
MH_498_534214,Bhagwanpur,Bhagwanpur,Deoli,Wardha,20.68307,78.31493,587.47,148.16,-15.0,253.7,17.8,232.3,275.1,1.5,49.2,12.0,14.0,10.0,58.0,4.0,2.0,0.0
MH_472_529510,Maharchikna,Maharchikna,Lonar,Buldhana,20.05738,76.45241,389.03,135.58,-15.0,291.0,20.4,266.5,315.4,1.5,331.0,12.0,14.0,10.0,58.0,4.0,2.0,0.0
MH_497_553248,Durgapur,Durgapur,Murbad,Thane,19.22635,73.6092,87.08,79.79,35.5,749.7,52.5,686.7,812.7,14.5,211.6,12.0,14.0,10.0,58.0,4.0,2.0,0.0
MH_491_554456,Falyan,Falyan,Sudhagad,Raigad,18.6997,73.36292,52.35,54.69,30.9,873.7,61.2,800.3,947.2,14.5,201.2,12.0,14.0,10.0,58.0,4.0,2.0,0.0
MH_467_530157,Goregaon Bk,Goregaon Bk,Akola,Akola,20.61587,76.91134,441.3,65.6,-15.0,281.8,19.7,258.1,305.4,1.5,350.3,12.0,14.0,10.0,58.0,4.0,2.0,0.0
MH_486_525307,Bori,Bori,Akrani,Nandurbar,21.87308,74.30354,249.61,64.62,-11.3,499.6,35.0,457.6,541.6,3.2,240.7,12.0,14.0,10.0,58.0,4.0,2.0,0.0
MH_478_528063,Pahurkasbe,Pahurkasbe,Jamner,Jalgaon,20.70273,75.66575,314.0,35.89,-15.0,306.7,21.5,280.9,332.5,1.5,298.0,12.0,14.0,10.0,58.0,4.0,2.0,0.0
MH_493_568885,Nigadi Bk,Nigadi Bk,Jat,Sangli,17.23064,75.53647,239.18,60.51,-15.0,309.3,21.6,283.4,335.2,1.5,292.5,12.0,14.0,10.0,58.0,4.0,2.0,0.0
MH_470_559250,Sathewadi,Sathewadi,Georai,Beed,19.19605,75.65671,299.58,50.43,-15.0,306.9,21.5,281.1,332.7,1.5,297.6,12.0,14.0,10.0,58.0,4.0,2.0,0.0
MH_480_567916,Ite,Ite,Ajra,Kolhapur,16.06968,74.16471,61.74,70.19,-8.2,516.2,36.1,472.9,559.6,3.2,234.9,12.0,14.0,10.0,58.0,4.0,2.0,0.0
MH_468_532792,Ballarkheda,Ballarkheda,Bhatkuli,Amravati,20.93739,77.60898,517.57,69.61,-15.0,267.8,18.7,245.4,290.3,1.5,19.6,12.0,14.0,10.0,58.0,4.0,2.0,0.0
MH_473_540786,Chorti,Chorti,Brahmapuri,Chandrapur,20.55766,79.80484,740.82,300.02,-15.0,223.9,15.7,205.1,242.7,1.5,111.8,12.0,14.0,10.0,58.0,4.0,2.0,0.0
MH_473_540162,Wadgaon,Wadgaon,Warora,Chandrapur,20.32452,78.84402,639.43,211.33,-15.0,243.1,17.0,222.7,263.5,1.5,71.4,12.0,14.0,10.0,58.0,4.0,2.0,0.0
MH_484_536255,Bhivgad,Bhivgad,Umred,Nagpur,20.81238,79.12868,672.95,225.13,-15.0,237.4,16.6,217.5,257.3,1.5,83.4,12.0,14.0,10.0,58.0,4.0,2.0,0.0
MH_472_528805,Belura,Belura,Khamgaon,Buldhana,20.71266,76.45878,395.72,78.07,-15.0,290.8,20.4,266.3,315.3,1.5,331.3,12.0,14.0,10.0,58.0,4.0,2.0,0.0
MH_478_528048,Morgaon,Morgaon,Jamner,Jalgaon,20.80179,75.58021,307.35,23.25,-15.0,308.4,21.6,282.5,334.3,1.5,294.4,12.0,14.0,10.0,58.0,4.0,2.0,0.0
MH_478_526728,Vadgaon Bk,Vadgaon Bk,Chopda,Jalgaon,21.19236,75.451,306.69,23.22,-15.0,311.0,21.8,284.8,337.1,1.5,288.9,12.0,14.0,10.0,58.0,4.0,2.0,0.0
MH_468_532599,Devri,Devri,Amravati,Amravati,21.11649,77.8333,543.7,86.91,-15.0,263.3,18.4,241.3,285.4,1.5,29.0,12.0,14.0,10.0,58.0,4.0,2.0,0.0
MH_472_529571,Pimpalner,Pimpalner,Lonar,Buldhana,19.96943,76.57489,400.25,122.96,-15.0,288.5,20.2,264.3,312.7,1.5,336.1,12.0,14.0,10.0,58.0,4.0,2.0,0.0
MH_466_558243,Kendal Kh,Kendal Kh,Rahuri,Ahmednagar,19.4184,74.7298,202.4,60.47,-15.0,448.4,31.4,410.7,486.1,3.2,258.7,12.0,14.0,10.0,58.0,4.0,2.0,0.0
MH_500_543493,Tad Umari,Tad Umari,Kelapur,Yavatmal,20.02709,78.57504,608.49,168.74,-15.0,248.5,17.4,227.6,269.4,1.5,60.2,12.0,14.0,10.0,58.0,4.0,2.0,0.0
MH_496_562341,Lonarwadi,Lonarwadi,Pandharpur,Solapur,17.63401,75.16863,210.9,77.52,-15.0,316.6,22.2,290.0,343.3,1.5,277.1,12.0,14.0,10.0,58.0,4.0,2.0,0.0
MH_473_541703,Chikali Kh,Chikali Kh,Jiwati,Chandrapur,19.54405,79.08392,658.93,193.59,-15.0,238.3,16.7,218.3,258.4,1.5,81.5,12.0,14.0,10.0,58.0,4.0,2.0,0.0
MH_493_568943,Umarani,Umarani,Jat,Sangli,16.90507,75.24973,207.6,107.83,-15.0,315.0,22.1,288.5,341.5,1.5,280.5,12.0,14.0,10.0,58.0,4.0,2.0,0.0
MH_485_259697,Bhokar,Bhokar,Central,Nanded,19.21796,77.66844,507.48,40.86,-15.0,266.6,18.7,244.2,289.1,1.5,22.1,12.0,14.0,10.0,58.0,4.0,2.0,0.0
MH_493_568714,Sambarwadi,Sambarwadi,Miraj,Sangli,16.94368,74.65083,143.76,55.11,-15.0,457.9,32.1,419.4,496.4,3.2,255.3,12.0,14.0,10.0,58.0,4.0,2.0,0.0
MH_466_558410,Dhawalgaon,Dhawalgaon,Shrigonda,Ahmednagar,18.80021,74.48359,170.86,73.01,-15.0,478.0,33.5,437.8,518.2,3.2,248.3,12.0,14.0,10.0,58.0,4.0,2.0,0.0
MH_488_561127,Sakat Kh,Sakat Kh,Paranda,Osmanabad,18.37602,75.52092,264.53,90.13,-15.0,309.6,21.7,283.5,335.6,1.5,291.9,12.0,14.0,10.0,58.0,4.0,2.0,0.0
MH_470_559155,Gangawadi,Gangawadi,Georai,Beed,19.3305,75.89039,324.28,64.72,-15.0,302.2,21.2,276.8,327.6,1.5,307.4,12.0,14.0,10.0,58.0,4.0,2.0,0.0
MH_484_535012,Chaurepathar,Chaurepathar,Katol,Nagpur,21.25431,78.50501,614.94,156.11,-15.0,249.9,17.5,228.9,270.9,1.5,57.2,12.0,14.0,10.0,58.0,4.0,2.0,0.0
MH_498_534543,Waigaon,Waigaon,Samudrapur,Wardha,20.74039,78.84834,643.27,198.6,-15.0,243.0,17.0,222.6,263.4,1.5,71.6,12.0,14.0,10.0,58.0,4.0,2.0,0.0
MH_468_532740,Deori,Deori,Bhatkuli,Amravati,21.08856,77.68201,527.71,71.81,-15.0,266.4,18.6,244.0,288.7,1.5,22.6,12.0,14.0,10.0,58.0,4.0,2.0,0.0
MH_480_568091,Bhogoli,Bhogoli,Chandgad,Kolhapur,15.94479,74.13661,54.99,84.25,-7.6,768.2,61.5,675.9,860.4,2.5,223.1,12.0,14.0,10.0,58.0,4.0,2.0,0.0
MH_494_563156,Khadaki,Khadaki,Wai,Satara,17.82785,73.97274,93.47,73.54,-3.9,539.3,37.7,494.0,584.5,3.2,226.9,12.0,14.0,10.0,58.0,4.0,2.0,0.0
MH_467_530306,Dhanora Bk,Dhanora Bk,Murtijapur,Akola,20.66941,77.43916,496.54,74.57,-15.0,271.2,19.0,248.4,294.0,1.5,12.4,12.0,14.0,10.0,58.0,4.0,2.0,0.0
MH_493_568751,Narwad,Narwad,Miraj,Sangli,16.75045,74.74638,154.91,58.45,-15.0,446.4,31.3,408.9,484.0,3.2,259.3,12.0,14.0,10.0,58.0,4.0,2.0,0.0
MH_491_553380,Chindharan,Chindharan,Panvel,Raigad,19.06664,73.16211,40.46,93.83,4.6,1010.7,70.8,925.8,1095.7,14.5,192.8,12.0,14.0,10.0,58.0,4.0,2.0,0.0
MH_492_565099,Mulgaon,Mulgaon,Khed,Ratnagiri,17.62585,73.37948,36.87,112.17,33.7,832.3,58.3,762.4,902.3,14.5,201.9,12.0,14.0,10.0,58.0,4.0,2.0,0.0
MH_500_543607,Soit,Soit,Ralegaon,Yavatmal,20.34054,78.51787,605.54,184.49,-15.0,249.6,17.5,228.6,270.6,1.5,57.8,12.0,14.0,10.0,58.0,4.0,2.0,0.0
MH_467_529964,Dhanegaon,Dhanegaon,Balapur,Akola,20.60693,76.83533,433.33,68.13,-15.0,283.3,19.8,259.5,307.1,1.5,347.1,12.0,14.0,10.0,58.0,4.0,2.0,0.0
MH_479_547978,Khapardevhiwra,Khapardevhiwra,Ghansawangi,Jalna,19.44145,75.93892,329.2,67.3,-15.0,301.2,21.1,275.9,326.5,1.5,309.4,12.0,14.0,10.0,58.0,4.0,2.0,0.0
MH_497_553207,Merdi,Merdi,Murbad,Thane,19.40164,73.70262,94.67,62.53,2.2,701.5,49.1,642.6,760.4,14.5,215.5,12.0,14.0,10.0,58.0,4.0,2.0,0.0
MH_470_560026,Waghala,Waghala,Ambejogai,Beed,18.66807,76.36939,359.22,109.05,-15.0,292.6,20.5,268.0,317.2,1.5,327.5,12.0,14.0,10.0,58.0,4.0,2.0,0.0
MH_492_565293,Mirvane,Mirvane,Chiplun,Ratnagiri,17.44061,73.39934,51.2,118.43,36.7,820.4,57.4,751.5,889.3,14.5,202.8,12.0,14.0,10.0,58.0,4.0,2.0,0.0
MH_480_567377,Bhamate,Bhamate,Karvir,Kolhapur,16.70333,74.09152,90.06,11.56,-6.6,525.0,36.8,480.9,569.2,3.2,231.8,12.0,14.0,10.0,58.0,4.0,2.0,0.0
MH_466_557218,Hivargaon,Hivargaon,Akola,Ahmednagar,19.62496,74.09223,137.73,50.63,-6.6,524.9,36.7,480.9,569.0,3.2,231.9,12.0,14.0,10.0,58.0,4.0,2.0,0.0
MH_472_528644,Datala,Datala,Malkapur,Buldhana,20.80686,76.18951,369.64,69.18,-15.0,296.2,20.7,271.4,321.0,1.5,320.0,12.0,14.0,10.0,58.0,4.0,2.0,0.0
MH_489_546732,Sambar,Sambar,Parbhani,Parbhani,19.3743,76.89576,429.6,52.26,-15.0,282.1,19.7,258.4,305.7,1.5,349.6,12.0,14.0,10.0,58.0,4.0,2.0,0.0
MH_494_564016,Bhaleghar,Bhaleghar,Jaoli,Satara,17.8475,73.84646,80.18,75.89,-1.0,554.4,38.8,507.9,601.0,3.2,221.6,12.0,14.0,10.0,58.0,4.0,2.0,0.0
MH_495_566353,Madhaliwadi,Madhaliwadi,Vaibhavvadi,Sindhudurg,16.54645,73.75981,69.49,49.91,0.9,604.1,42.3,553.4,654.9,14.5,217.9,12.0,14.0,10.0,58.0,4.0,2.0,0.0
MH_500_542735,Paradh,Paradh,Pusad,Yavatmal,20.06818,77.47438,494.83,109.2,-15.0,270.5,18.9,247.8,293.2,1.5,13.9,12.0,14.0,10.0,58.0,4.0,2.0,0.0
MH_466_557477,Akalapur,Akalapur,Sangamner,Ahmednagar,19.27947,74.22066,149.66,85.29,-9.5,509.5,35.7,466.7,552.4,3.2,237.3,12.0,14.0,10.0,58.0,4.0,2.0,0.0
MH_475_539873,Watra Bk M,Watra Bk M,Aheri,Gadchiroli,19.25518,79.9546,741.28,279.33,-15.0,220.9,15.5,202.3,239.5,1.5,118.1,12.0,14.0,10.0,58.0,4.0,2.0,0.0
MH_474_526179,Kamkhede,Kamkhede,Sindkhede,Dhule,21.25883,74.86884,254.43,69.45,-15.0,431.7,30.2,395.5,468.0,3.2,264.5,12.0,14.0,10.0,58.0,4.0,2.0,0.0
MH_479_547576,Bramhankheda,Bramhankheda,Jalna,Jalna,19.82334,76.05468,344.14,86.82,-15.0,298.9,20.9,273.8,324.0,1.5,314.3,12.0,14.0,10.0,58.0,4.0,2.0,0.0
MH_491_554200,Sudkoli,Sudkoli,Alibag,Raigad,18.51127,73.00297,20.03,89.33,0.3,47.2,3.3,43.3,51.2,1.8,186.1,12.0,14.0,10.0,58.0,4.0,2.0,0.0
MH_467_529640,Pathardi,Pathardi,Telhara,Akola,21.03586,76.95507,452.47,18.84,-15.0,280.9,19.7,257.3,304.5,1.5,352.1,12.0,14.0,10.0,58.0,4.0,2.0,0.0
MH_485_545013,Kolgaon,Kolgaon,Biloli,Nanded,18.85749,77.69499,499.8,49.52,-15.0,266.1,18.6,243.8,288.4,1.5,23.2,12.0,14.0,10.0,58.0,4.0,2.0,0.0
MH_478_527107,Kanhale Kh,Kanhale Kh,Bhusawal,Jalgaon,20.99813,75.80369,335.01,25.33,-15.0,303.9,21.3,278.4,329.5,1.5,303.8,12.0,14.0,10.0,58.0,4.0,2.0,0.0
MH_466_557681,Gurjarwadi,Gurjarwadi,Shrirampur,Ahmednagar,19.55984,74.7954,209.93,53.3,-15.0,440.6,30.8,403.6,477.5,3.2,261.4,12.0,14.0,10.0,58.0,4.0,2.0,0.0
MH_484_534949,Isapur,Isapur,Katol,Nagpur,21.31878,78.64307,630.29,170.78,-15.0,247.1,17.3,226.4,267.9,1.5,63.0,12.0,14.0,10.0,58.0,4.0,2.0,0.0
MH_494_564427,Kumbhargaon,Kumbhargaon,Patan,Satara,17.21604,74.00309,78.84,61.08,-4.6,535.6,37.5,490.6,580.6,3.2,228.1,12.0,14.0,10.0,58.0,4.0,2.0,0.0
MH_476_538042,Jamakudo,Jamakudo,Salekasa,Gondia,21.25575,80.58245,828.02,371.37,-15.0,208.4,14.6,190.8,225.9,1.5,144.5,12.0,14.0,10.0,58.0,4.0,2.0,0.0
MH_476_538402,Gadegaon,Gadegaon,Deori,Gondia,20.94641,80.42281,808.16,356.26,-15.0,211.5,14.8,193.8,229.3,1.5,137.8,12.0,14.0,10.0,58.0,4.0,2.0,0.0
MH_498_534145,Asala,Asala,Wardha,Wardha,20.63241,78.57742,614.21,175.58,-15.0,248.5,17.4,227.6,269.3,1.5,60.3,12.0,14.0,10.0,58.0,4.0,2.0,0.0
MH_478_526801,Pimpri,Pimpri,Yawal,Jalgaon,21.13334,75.65313,324.29,16.78,-15.0,306.9,21.5,281.1,332.7,1.5,297.4,12.0,14.0,10.0,58.0,4.0,2.0,0.0
MH_470_559674,Yelambghat,Yelambghat,Bid,Beed,18.8087,75.79854,306.73,93.01,-15.0,304.0,21.3,278.5,329.6,1.5,303.5,12.0,14.0,10.0,58.0,4.0,2.0,0.0
MH_479_548206,Tokwadi,Tokwadi,Mantha,Jalna,19.66733,76.41172,379.65,112.52,-15.0,291.8,20.4,267.3,316.2,1.5,329.3,12.0,14.0,10.0,58.0,4.0,2.0,0.0
MH_469_549221,Potul,Potul,Gangapur,Aurangabad,19.92293,75.14328,252.16,49.81,-15.0,317.1,22.2,290.5,343.8,1.5,276.0,12.0,14.0,10.0,58.0,4.0,2.0,0.0
MH_470_560047,Girwli,Girwli,Ambejogai,Beed,18.74335,76.45939,370.58,96.91,-15.0,290.8,20.4,266.3,315.3,1.5,331.3,12.0,14.0,10.0,58.0,4.0,2.0,0.0
MH_491_554874,Dharavali,Dharavali,Shrivardhan,Raigad,18.0272,73.10852,24.23,96.2,2.1,996.1,69.7,912.5,1079.8,14.5,190.6,12.0,14.0,10.0,58.0,4.0,2.0,0.0
MH_477_546231,Datti,Datti,Kalamnuri,Hingoli,19.47932,77.4393,486.52,44.64,-15.0,271.2,19.0,248.4,294.0,1.5,12.5,12.0,14.0,10.0,58.0,4.0,2.0,0.0
MH_475_539135,Botheda,Botheda,Gadchiroli,Gadchiroli,20.24952,80.12877,772.35,322.58,-15.0,217.4,15.2,199.2,235.7,1.5,125.4,12.0,14.0,10.0,58.0,4.0,2.0,0.0
MH_477_546054,Daregaon,Daregaon,Aundha (Nagnath),Hingoli,19.52295,77.0823,449.16,52.28,-15.0,278.4,19.5,255.0,301.8,1.5,357.5,12.0,14.0,10.0,58.0,4.0,2.0,0.0
MH_492_564901,Olgaon,Olgaon,Dapoli,Ratnagiri,17.69322,73.17996,16.11,116.93,5.8,952.0,66.6,872.1,1031.9,14.5,193.6,12.0,14.0,10.0,58.0,4.0,2.0,0.0
MH_491_555090,Gothe Kh,Gothe Kh,Mahad,Raigad,18.0862,73.37019,42.68,70.72,32.1,841.8,58.9,771.1,912.4,14.5,201.5,12.0,14.0,10.0,58.0,4.0,2.0,0.0
MH_500_543395,Pardi,Pardi,Ghatanji,Yavatmal,20.01149,78.37918,587.96,151.85,-15.0,252.4,17.7,231.2,273.7,1.5,51.9,12.0,14.0,10.0,58.0,4.0,2.0,0.0
MH_496_562910,Mugali,Mugali,Akkalkot,Solapur,17.40503,76.35621,327.9,55.51,-15.0,292.9,20.5,268.3,317.5,1.5,327.0,12.0,14.0,10.0,58.0,4.0,2.0,0.0
MH_494_563725,Pimpri,Pimpri,Koregaon,Satara,17.54411,74.2115,114.73,77.85,-9.3,510.6,35.7,467.8,553.5,3.2,236.9,12.0,14.0,10.0,58.0,4.0,2.0,0.0
MH_500_542328,Belori,Belori,Kalamb,Yavatmal,20.29874,78.38166,591.13,174.9,-15.0,252.4,17.7,231.1,273.6,1.5,52.0,12.0,14.0,10.0,58.0,4.0,2.0,0.0
MH_474_526025,Mukhed,Mukhed,Shirpur,Dhule,21.45503,74.80778,259.73,65.25,-15.0,439.1,30.7,402.2,475.9,3.2,261.9,12.0,14.0,10.0,58.0,4.0,2.0,0.0
MH_484_535523,Shahapur,Shahapur,Ramtek,Nagpur,21.531,79.28797,700.26,239.77,-15.0,234.2,16.4,214.6,253.9,1.5,90.1,12.0,14.0,10.0,58.0,4.0,2.0,0.0
MH_498_533428,Delwadi,Delwadi,Ashti,Wardha,21.24545,78.09849,573.32,113.97,-15.0,258.0,18.1,236.3,279.8,1.5,40.1,12.0,14.0,10.0,58.0,4.0,2.0,0.0
MH_475_538972,Bhurantola,Bhurantola,Dhanora,Gadchiroli,20.28911,80.21833,782.1,332.89,-15.0,215.6,15.1,197.5,233.8,1.5,129.2,12.0,14.0,10.0,58.0,4.0,2.0,0.0
MH_476_538366,Dawaki,Dawaki,Deori,Gondia,21.09916,80.39033,806.32,351.77,-15.0,212.2,14.9,194.3,230.1,1.5,136.4,12.0,14.0,10.0,58.0,4.0,2.0,0.0
MH_500_544066,Kolgaon,Kolgaon,Wani,Yavatmal,19.86849,79.11278,663.14,208.35,-15.0,237.7,16.6,217.8,257.7,1.5,82.7,12.0,14.0,10.0,58.0,4.0,2.0,0.0
MH_473_540589,Bikli,Bikli,Nagbhir,Chandrapur,20.65807,79.63031,723.56,279.74,-15.0,227.4,15.9,208.3,246.5,1.5,104.5,12.0,14.0,10.0,58.0,4.0,2.0,0.0
MH_497_552789,Vl Valmikinagar,Vl Valmikinagar,Shahapur,Thane,19.48006,73.65485,90.08,52.79,3.3,733.7,51.4,672.0,795.4,14.5,213.5,12.0,14.0,10.0,58.0,4.0,2.0,0.0
MH_484_534930,Babulkheda,Babulkheda,Katol,Nagpur,21.34279,78.546,620.89,160.98,-15.0,249.1,17.4,228.2,270.0,1.5,58.9,12.0,14.0,10.0,58.0,4.0,2.0,0.0
MH_500_543837,Wallasa,Wallasa,Zari-Jamani,Yavatmal,19.92541,78.79907,630.84,181.96,-15.0,244.0,17.1,223.5,264.5,1.5,69.6,12.0,14.0,10.0,58.0,4.0,2.0,0.0
MH_470_559080,Anandwadi,Anandwadi,Shirur (kasar),Beed,18.9754,75.58298,287.98,65.46,-15.0,308.3,21.6,282.4,334.3,1.5,294.5,12.0,14.0,10.0,58.0,4.0,2.0,0.0
MH_494_563717,Katewadi,Katewadi,Koregaon,Satara,17.62761,74.20529,119.43,70.33,-9.1,511.4,35.8,468.4,554.3,3.2,236.6,12.0,14.0,10.0,58.0,4.0,2.0,0.0
MH_498_533934,Singoda,Singoda,Seloo,Wardha,20.83052,78.57861,616.18,168.93,-15.0,248.4,17.4,227.5,269.3,1.5,60.3,12.0,14.0,10.0,58.0,4.0,2.0,0.0
MH_665_551710,Tawa,Tawa,Dahanu,Palghar,19.86494,72.93956,24.83,62.29,0.1,42.2,3.0,38.6,45.8,1.8,183.5,12.0,14.0,10.0,58.0,4.0,2.0,0.0
MH_472_528456,Lasura Bk,Lasura Bk,Shegaon,Buldhana,20.75684,76.63353,414.39,62.26,-15.0,287.3,20.1,263.2,311.4,1.5,338.6,12.0,14.0,10.0,58.0,4.0,2.0,0.0
MH_491_553492,Karade Kh,Karade Kh,Panvel,Raigad,18.88061,73.16483,36.34,82.02,4.8,1000.7,70.1,916.6,1084.8,14.5,192.9,12.0,14.0,10.0,58.0,4.0,2.0,0.0
MH_492_565844,Ozare Bk,Ozare Bk,Sangameshwar,Ratnagiri,17.01069,73.80524,53.77,54.39,-0.1,559.4,39.2,512.3,606.4,3.2,219.8,12.0,14.0,10.0,58.0,4.0,2.0,0.0
MH_498_534584,Yedalabad,Yedalabad,Samudrapur,Wardha,20.64338,79.08756,667.16,225.48,-15.0,238.2,16.7,218.2,258.3,1.5,81.7,12.0,14.0,10.0,58.0,4.0,2.0,0.0
MH_665_552428,Khairpada,Khairpada,Vasai,Palghar,19.46755,72.86073,9.85,87.57,0.0,35.9,2.5,32.9,38.9,1.8,180.2,12.0,14.0,10.0,58.0,4.0,2.0,0.0
MH_495_566536,Shrawan,Shrawan,Malwan,Sindhudurg,16.23924,73.57444,42.59,84.11,40.3,715.3,50.1,655.2,775.5,14.5,210.1,12.0,14.0,10.0,58.0,4.0,2.0,0.0
MH_491_553817,Ambivali T Wankhal,Ambivali T Wankhal,Central,Raigad,18.84495,73.23067,43.64,74.04,10.5,959.6,67.2,879.0,1040.3,14.5,195.7,12.0,14.0,10.0,58.0,4.0,2.0,0.0
MH_500_543757,Goraj,Goraj,Maregaon,Yavatmal,20.19631,78.9268,647.05,209.48,-15.0,241.5,16.9,221.2,261.7,1.5,74.9,12.0,14.0,10.0,58.0,4.0,2.0,0.0
MH_481_560898,Jawalga,Jawalga,Deoni,Latur,18.27318,76.91785,407.97,100.36,-15.0,281.6,19.7,258.0,305.3,1.5,350.5,12.0,14.0,10.0,58.0,4.0,2.0,0.0
MH_472_529225,Antri Khedekar,Antri Khedekar,Chikhli,Buldhana,20.22814,76.29682,373.56,115.92,-15.0,294.1,20.6,269.3,318.8,1.5,324.5,12.0,14.0,10.0,58.0,4.0,2.0,0.0
MH_467_529994,Paritwada,Paritwada,Akola,Akola,20.81638,76.97549,450.51,42.73,-15.0,280.5,19.6,257.0,304.0,1.5,353.0,12.0,14.0,10.0,58.0,4.0,2.0,0.0
MH_477_546050,Jalaldhaba,Jalaldhaba,Aundha (Nagnath),Hingoli,19.57452,77.14714,456.09,55.15,-15.0,277.1,19.4,253.8,300.3,1.5,0.2,12.0,14.0,10.0,58.0,4.0,2.0,0.0
MH_468_531553,Raksha,Raksha,Chikhaldara,Amravati,21.45667,77.11313,479.44,30.85,-15.0,277.7,19.4,254.5,301.0,1.5,358.8,12.0,14.0,10.0,58.0,4.0,2.0,0.0
MH_472_529010,Ghatbori,Ghatbori,Mehkar,Buldhana,20.31942,76.70043,416.29,102.75,-15.0,286.0,20.0,262.0,310.0,1.5,341.4,12.0,14.0,10.0,58.0,4.0,2.0,0.0
MH_498_534027,Tuljapur,Tuljapur,Seloo,Wardha,20.73497,78.70583,628.44,184.51,-15.0,245.9,17.2,225.2,266.5,1.5,65.6,12.0,14.0,10.0,58.0,4.0,2.0,0.0
MH_498_534067,Dhamangaon,Dhamangaon,Wardha,Wardha,20.7785,78.45771,603.13,158.43,-15.0,250.8,17.6,229.7,272.0,1.5,55.2,12.0,14.0,10.0,58.0,4.0,2.0,0.0
MH_491_555130,Shiravali,Shiravali,Mahad,Raigad,17.94515,73.42359,38.37,79.1,40.0,805.8,56.4,738.2,873.5,14.5,203.8,12.0,14.0,10.0,58.0,4.0,2.0,0.0
MH_473_541176,Waigaon Raiyyatwari,Waigaon Raiyyatwari,Bhadravati,Chandrapur,20.23561,79.26216,682.31,241.15,-15.0,234.8,16.4,215.1,254.4,1.5,89.0,12.0,14.0,10.0,58.0,4.0,2.0,0.0
MH_480_567763,Pachavade,Pachavade,Bhudargad,Kolhapur,16.35378,74.13097,76.67,39.19,-7.4,520.3,36.4,476.6,564.0,3.2,233.5,12.0,14.0,10.0,58.0,4.0,2.0,0.0
MH_468_531570,Sawarpani,Sawarpani,Chikhaldara,Amravati,21.25028,77.2073,483.06,22.2,-15.0,275.9,19.3,252.7,299.0,1.5,2.7,12.0,14.0,10.0,58.0,4.0,2.0,0.0
MH_471_536923,Kharadi,Kharadi,Bhandara,Bhandara,21.13996,79.51287,716.39,260.64,-15.0,229.7,16.1,210.4,249.1,1.5,99.5,12.0,14.0,10.0,58.0,4.0,2.0,0.0
MH_481_560552,Yerol,Yerol,Shirur-Anantpal,Latur,18.38438,76.89442,407.14,90.31,-15.0,282.1,19.7,258.5,305.8,1.5,349.6,12.0,14.0,10.0,58.0,4.0,2.0,0.0
MH_496_251583,Dudhani,Dudhani,Central,Solapur,17.36202,76.36709,328.45,58.98,-15.0,292.7,20.5,268.1,317.3,1.5,327.4,12.0,14.0,10.0,58.0,4.0,2.0,0.0
MH_491_553664,Kirawali,Kirawali,Karjat,Raigad,18.93369,73.31097,51.78,72.37,22.0,915.4,64.1,838.5,992.4,14.5,199.1,12.0,14.0,10.0,58.0,4.0,2.0,0.0
MH_491_554783,Bhanang Kond,Bhanang Kond,Tala,Raigad,18.2611,73.17071,50.88,77.66,5.1,969.3,67.9,887.8,1050.8,14.5,193.2,12.0,14.0,10.0,58.0,4.0,2.0,0.0
MH_480_567915,Deulwadi,Deulwadi,Ajra,Kolhapur,16.07063,74.18007,63.3,70.02,-8.6,514.4,36.0,471.2,557.6,3.2,235.6,12.0,14.0,10.0,58.0,4.0,2.0,0.0
MH_488_561225,Gikhali,Gikhali,Bhum,Osmanabad,18.63305,75.67595,288.05,104.18,-15.0,306.5,21.5,280.7,332.3,1.5,298.4,12.0,14.0,10.0,58.0,4.0,2.0,0.0
MH_498_534629,Sonegaon,Sonegaon,Samudrapur,Wardha,20.59646,78.97383,654.9,215.74,-15.0,240.5,16.8,220.4,260.7,1.5,76.9,12.0,14.0,10.0,58.0,4.0,2.0,0.0
MH_494_563408,Hawaldarwadi,Hawaldarwadi,Man,Satara,17.72483,74.82667,181.46,54.0,-15.0,436.8,30.6,400.1,473.5,3.2,262.7,12.0,14.0,10.0,58.0,4.0,2.0,0.0
MH_469_549332,Wahegaon,Wahegaon,Gangapur,Aurangabad,19.69656,74.9079,223.32,46.53,-15.0,427.1,29.9,391.2,462.9,3.2,266.1,12.0,14.0,10.0,58.0,4.0,2.0,0.0
MH_500_542167,Ganori,Ganori,Babulgaon,Yavatmal,20.53812,78.17144,571.12,142.23,-15.0,256.6,18.0,235.0,278.2,1.5,43.2,12.0,14.0,10.0,58.0,4.0,2.0,0.0
MH_665_551984,Shivali,Shivali,Mokhada,Palghar,19.8534,73.34374,65.46,21.73,27.6,937.2,65.6,858.4,1015.9,14.5,200.4,12.0,14.0,10.0,58.0,4.0,2.0,0.0
MH_488_561689,Sawalsur,Sawalsur,Umarga,Osmanabad,17.95783,76.64839,371.08,86.31,-15.0,287.0,20.1,262.9,311.2,1.5,339.2,12.0,14.0,10.0,58.0,4.0,2.0,0.0
MH_480_567756,Tikkewadi,Tikkewadi,Bhudargad,Kolhapur,16.37226,74.12302,77.58,37.36,-7.3,521.2,36.5,477.4,565.0,3.2,233.2,12.0,14.0,10.0,58.0,4.0,2.0,0.0
MH_470_559054,Ukhalwadi,Ukhalwadi,Shirur (kasar),Beed,18.96985,75.42132,271.04,60.31,-15.0,311.6,21.8,285.4,337.7,1.5,287.7,12.0,14.0,10.0,58.0,4.0,2.0,0.0
MH_479_547725,Malewadi,Malewadi,Badnapur,Jalna,19.96115,75.69397,309.35,65.8,-15.0,306.1,21.4,280.4,331.8,1.5,299.1,12.0,14.0,10.0,58.0,4.0,2.0,0.0
MH_468_532687,Sultanpur,Sultanpur,Amravati,Amravati,20.93971,77.88879,546.38,96.66,-15.0,262.2,18.4,240.1,284.3,1.5,31.3,12.0,14.0,10.0,58.0,4.0,2.0,0.0
MH_665_552190,Salgaon,Salgaon,Palghar,Palghar,19.81698,72.74675,17.1,83.04,0.0,26.7,1.9,24.5,29.0,1.8,175.4,12.0,14.0,10.0,58.0,4.0,2.0,0.0
MH_489_546577,Manmodi,Manmodi,Jintur,Parbhani,19.59008,76.64126,403.19,88.01,-15.0,287.2,20.1,263.1,311.3,1.5,338.9,12.0,14.0,10.0,58.0,4.0,2.0,0.0
MH_500_543099,Morwadi,Morwadi,Mahagaon,Yavatmal,19.93767,77.69336,515.83,101.86,-15.0,266.1,18.6,243.8,288.5,1.5,23.1,12.0,14.0,10.0,58.0,4.0,2.0,0.0
MH_468_532681,Borgaon,Borgaon,Amravati,Amravati,21.00044,77.81938,540.21,87.85,-15.0,263.6,18.5,241.4,285.8,1.5,28.4,12.0,14.0,10.0,58.0,4.0,2.0,0.0
MH_466_251553,Shrigonda,Shrigonda,Central,Ahmednagar,18.61716,74.69306,191.64,53.3,-15.0,452.8,31.7,414.8,490.9,3.2,257.1,12.0,14.0,10.0,58.0,4.0,2.0,0.0
MH_498_534680,Panchgavhan,Panchgavhan,Samudrapur,Wardha,20.60127,78.89375,646.65,207.68,-15.0,242.1,16.9,221.8,262.4,1.5,73.5,12.0,14.0,10.0,58.0,4.0,2.0,0.0
MH_500_542344,Paloti,Paloti,Kalamb,Yavatmal,20.2696,78.45644,598.79,177.69,-15.0,250.9,17.6,229.8,272.0,1.5,55.2,12.0,14.0,10.0,58.0,4.0,2.0,0.0
MH_486_525436,Mohida,Mohida,Talode,Nandurbar,21.60842,74.29188,227.74,35.59,-11.1,501.0,35.1,458.9,543.1,3.2,240.3,12.0,14.0,10.0,58.0,4.0,2.0,0.0
MH_488_561650,Udatpur,Udatpur,Lohara,Osmanabad,17.98932,76.48091,355.17,72.15,-15.0,290.4,20.3,266.0,314.7,1.5,332.2,12.0,14.0,10.0,58.0,4.0,2.0,0.0
MH_496_562682,Kagasht,Kagasht,Mangalvedhe,Solapur,17.41027,75.55562,244.11,45.21,-15.0,308.9,21.6,283.0,334.8,1.5,293.3,12.0,14.0,10.0,58.0,4.0,2.0,0.0
MH_486_525304,Bilgaon,Bilgaon,Akrani,Nandurbar,21.89632,74.31549,252.35,67.37,-11.6,498.1,34.9,456.3,540.0,3.2,241.3,12.0,14.0,10.0,58.0,4.0,2.0,0.0
MH_498_534612,Sirpur,Sirpur,Samudrapur,Wardha,20.64171,79.06126,664.42,222.91,-15.0,238.8,16.7,218.7,258.8,1.5,80.6,12.0,14.0,10.0,58.0,4.0,2.0,0.0
MH_489_546987,Brahmanathwadi,Brahmanathwadi,Gangakhed,Parbhani,19.04204,76.69626,404.34,63.77,-15.0,286.1,20.0,262.1,310.1,1.5,341.2,12.0,14.0,10.0,58.0,4.0,2.0,0.0
MH_484_536252,Surabardi,Surabardi,Umred,Nagpur,20.81737,79.0884,668.82,220.92,-15.0,238.2,16.7,218.2,258.3,1.5,81.7,12.0,14.0,10.0,58.0,4.0,2.0,0.0
MH_497_552494,Akaloli,Akaloli,Bhiwandi,Thane,19.481,73.04236,26.96,72.18,0.7,50.4,3.5,46.2,54.6,1.8,187.8,12.0,14.0,10.0,58.0,4.0,2.0,0.0
MH_494_563049,Wadachiwadi,Wadachiwadi,Wai,Satara,18.02406,73.81704,80.52,56.37,-0.4,558.0,39.1,511.0,604.9,3.2,220.3,12.0,14.0,10.0,58.0,4.0,2.0,0.0
MH_500_543188,Chincholi,Chincholi,Mahagaon,Yavatmal,19.68187,77.86568,531.74,87.79,-15.0,262.7,18.4,240.6,284.8,1.5,30.4,12.0,14.0,10.0,58.0,4.0,2.0,0.0
MH_493_568598,Gulewadi,Gulewadi,Atpadi,Sangli,17.47674,74.69958,158.19,75.93,-15.0,452.0,31.6,414.1,490.0,3.2,257.4,12.0,14.0,10.0,58.0,4.0,2.0,0.0
MH_485_544382,Phulenagar,Phulenagar,Kinwat,Nanded,19.23804,78.14229,555.81,89.79,-15.0,257.2,18.0,235.6,278.8,1.5,42.0,12.0,14.0,10.0,58.0,4.0,2.0,0.0
MH_475_539096,Wasa Chack No 1,Wasa Chack No 1,Gadchiroli,Gadchiroli,20.35235,79.97825,757.72,313.0,-15.0,220.4,15.4,202.0,238.9,1.5,119.1,12.0,14.0,10.0,58.0,4.0,2.0,0.0
MH_485_544636,Pardi Makta,Pardi Makta,Ardhapur,Nanded,19.32597,77.38425,480.74,26.64,-15.0,272.3,19.1,249.4,295.2,1.5,10.1,12.0,14.0,10.0,58.0,4.0,2.0,0.0
MH_469_548475,Tikhi,Tikhi,Soegaon,Aurangabad,20.51471,75.50061,294.05,55.42,-15.0,310.0,21.7,283.9,336.0,1.5,291.0,12.0,14.0,10.0,58.0,4.0,2.0,0.0
MH_488_561300,Khadki,Khadki,Kalamb,Osmanabad,18.55429,76.06385,324.88,102.03,-15.0,298.7,20.9,273.6,323.8,1.5,314.7,12.0,14.0,10.0,58.0,4.0,2.0,0.0
MH_495_566860,Kariwade,Kariwade,Sawantwadi,Sindhudurg,15.9008,73.8691,25.97,95.63,-1.6,104.7,8.4,92.1,117.3,2.5,213.2,12.0,14.0,10.0,58.0,4.0,2.0,0.0
MH_473_540594,Sale Bhatti,Sale Bhatti,Nagbhir,Chandrapur,20.63713,79.68028,728.54,285.33,-15.0,226.4,15.8,207.4,245.4,1.5,106.6,12.0,14.0,10.0,58.0,4.0,2.0,0.0
MH_469_548897,Darakwadi,Darakwadi,Aurangabad,Aurangabad,19.78692,75.60526,297.0,45.16,-15.0,307.9,21.6,282.0,333.8,1.5,295.4,12.0,14.0,10.0,58.0,4.0,2.0,0.0
MH_470_559754,Kumbephal,Kumbephal,Kaij,Beed,18.7152,76.12997,336.41,120.91,-15.0,297.4,20.8,272.4,322.4,1.5,317.5,12.0,14.0,10.0,58.0,4.0,2.0,0.0
MH_484_534846,Toyapar,Toyapar,Narkhed,Nagpur,21.42725,78.56376,624.51,163.95,-15.0,248.7,17.4,227.8,269.6,1.5,59.7,12.0,14.0,10.0,58.0,4.0,2.0,0.0
MH_484_535122,Khairi,Khairi,Kalameshwar,Nagpur,21.2836,78.79591,645.2,186.36,-15.0,244.1,17.1,223.6,264.6,1.5,69.4,12.0,14.0,10.0,58.0,4.0,2.0,0.0
MH_498_533533,Belgaon,Belgaon,Karanja,Wardha,21.23361,78.33938,597.64,138.89,-15.0,253.2,17.7,232.0,274.5,1.5,50.3,12.0,14.0,10.0,58.0,4.0,2.0,0.0
MH_485_545646,Chakur,Chakur,Deglur,Nanded,18.51436,77.53391,475.99,69.62,-15.0,269.3,18.9,246.6,292.0,1.5,16.4,12.0,14.0,10.0,58.0,4.0,2.0,0.0
MH_467_530361,Sukli,Sukli,Patur,Akola,20.46482,76.80625,428.86,84.19,-15.0,283.9,19.9,260.0,307.8,1.5,345.9,12.0,14.0,10.0,58.0,4.0,2.0,0.0
MH_478_526838,Amode,Amode,Yawal,Jalgaon,21.1657,75.82787,342.64,32.74,-15.0,303.4,21.2,278.0,328.9,1.5,304.8,12.0,14.0,10.0,58.0,4.0,2.0,0.0
MH_500_542427,Belora,Belora,Yavatmal,Yavatmal,20.18978,78.03313,554.35,143.45,-15.0,259.3,18.2,237.5,281.2,1.5,37.4,12.0,14.0,10.0,58.0,4.0,2.0,0.0
MH_470_558740,Kharkatwadi,Kharkatwadi,Ashti,Beed,19.01663,75.06283,234.55,59.23,-15.0,318.7,22.3,292.0,345.5,1.5,272.6,12.0,14.0,10.0,58.0,4.0,2.0,0.0
MH_498_534678,Dahegaon,Dahegaon,Samudrapur,Wardha,20.63436,78.92254,649.97,209.36,-15.0,241.5,16.9,221.3,261.8,1.5,74.7,12.0,14.0,10.0,58.0,4.0,2.0,0.0
MH_492_566193,Musalmanwadi,Musalmanwadi,Rajapur,Ratnagiri,16.70285,73.64827,48.92,58.76,29.0,671.0,47.0,614.6,727.4,14.5,213.2,12.0,14.0,10.0,58.0,4.0,2.0,0.0
MH_472_528780,Lanjud,Lanjud,Khamgaon,Buldhana,20.80849,76.51332,402.87,66.69,-15.0,289.7,20.3,265.4,314.1,1.5,333.6,12.0,14.0,10.0,58.0,4.0,2.0,0.0
MH_470_558980,Domri,Domri,Patoda,Beed,18.89997,75.55201,283.84,71.78,-15.0,309.0,21.6,283.0,334.9,1.5,293.2,12.0,14.0,10.0,58.0,4.0,2.0,0.0
MH_500_542848,Singarwadi,Singarwadi,Pusad,Yavatmal,19.95045,77.4667,492.42,96.17,-15.0,270.7,18.9,248.0,293.3,1.5,13.6,12.0,14.0,10.0,58.0,4.0,2.0,0.0
MH_500_544028,Dahegaon,Dahegaon,Wani,Yavatmal,19.95506,78.83656,635.01,187.0,-15.0,243.3,17.0,222.9,263.7,1.5,71.1,12.0,14.0,10.0,58.0,4.0,2.0,0.0
MH_481_560111,Sevadasnagar,Sevadasnagar,Latur,Latur,18.54874,76.28363,347.24,107.85,-15.0,294.3,20.6,269.6,319.0,1.5,323.9,12.0,14.0,10.0,58.0,4.0,2.0,0.0
MH_475_539107,Churchura Chak,Churchura Chak,Gadchiroli,Gadchiroli,20.26113,80.03972,763.24,314.56,-15.0,219.2,15.3,200.8,237.6,1.5,121.7,12.0,14.0,10.0,58.0,4.0,2.0,0.0
MH_665_552419,Ambode,Ambode,Vasai,Palghar,19.48927,72.97061,20.46,77.08,0.2,44.6,3.1,40.9,48.4,1.8,184.8,12.0,14.0,10.0,58.0,4.0,2.0,0.0
MH_496_561942,Chandaj,Chandaj,Madha,Solapur,17.99723,75.09436,213.1,56.96,-15.0,318.1,22.3,291.4,344.9,1.5,274.0,12.0,14.0,10.0,58.0,4.0,2.0,0.0
MH_492_565810,Nive Bk,Nive Bk,Sangameshwar,Ratnagiri,17.04942,73.54826,27.21,79.49,43.0,731.0,51.2,669.6,792.5,14.5,209.0,12.0,14.0,10.0,58.0,4.0,2.0,0.0
MH_492_565358,Mohlawadi Mhaskarwadi Tr Sakhari T,Mohlawadi Mhaskarwadi Tr Sakhari T,Guhagar,Ratnagiri,17.56952,73.19702,29.04,127.17,7.2,941.8,65.9,862.7,1020.9,14.5,194.3,12.0,14.0,10.0,58.0,4.0,2.0,0.0
MH_469_549465,Padli,Padli,Paithan,Aurangabad,19.70117,75.398,274.28,24.61,-15.0,312.0,21.8,285.9,338.2,1.5,286.7,12.0,14.0,10.0,58.0,4.0,2.0,0.0
MH_479_547263,Wadhona,Wadhona,Bhokardan,Jalna,20.53112,75.94225,339.98,66.44,-15.0,301.2,21.1,275.8,326.5,1.5,309.6,12.0,14.0,10.0,58.0,4.0,2.0,0.0
MH_480_567655,Pandewadi,Pandewadi,Radhanagari,Kolhapur,16.39998,74.0602,75.61,36.54,-5.9,528.8,37.0,484.4,573.2,3.2,230.5,12.0,14.0,10.0,58.0,4.0,2.0,0.0
MH_500_543583,Dapori,Dapori,Ralegaon,Yavatmal,20.4202,78.56193,610.64,184.05,-15.0,248.8,17.4,227.9,269.6,1.5,59.6,12.0,14.0,10.0,58.0,4.0,2.0,0.0
MH_494_564056,Waghali,Waghali,Jaoli,Satara,17.70083,73.76706,72.72,92.62,0.7,599.8,42.0,549.4,650.2,14.5,218.2,12.0,14.0,10.0,58.0,4.0,2.0,0.0
MH_480_567450,Mhalunge,Mhalunge,Karvir,Kolhapur,16.55076,74.15234,94.92,17.35,-7.9,517.7,36.2,474.3,561.2,3.2,234.4,12.0,14.0,10.0,58.0,4.0,2.0,0.0
MH_491_554580,Manjurne,Manjurne,Mangaon,Raigad,18.31397,73.36858,63.31,56.18,31.9,853.0,59.7,781.3,924.6,14.5,201.5,12.0,14.0,10.0,58.0,4.0,2.0,0.0
MH_471_537282,Tambekhani,Tambekhani,Pauni,Bhandara,20.96445,79.75485,739.23,287.02,-15.0,224.9,15.7,206.1,243.7,1.5,109.7,12.0,14.0,10.0,58.0,4.0,2.0,0.0
MH_493_568226,Kinarewadi,Kinarewadi,Shirala,Sangli,17.10547,73.95756,71.07,51.94,-3.5,541.1,37.9,495.6,586.6,3.2,226.2,12.0,14.0,10.0,58.0,4.0,2.0,0.0
MH_470_559865,Pangri,Pangri,Dharur,Beed,18.80221,76.16428,342.78,119.42,-15.0,296.7,20.8,271.8,321.7,1.5,318.9,12.0,14.0,10.0,58.0,4.0,2.0,0.0
MH_492_564985,Chakale,Chakale,Khed,Ratnagiri,17.7478,73.39366,32.89,99.45,35.9,823.8,57.7,754.6,893.0,14.5,202.5,12.0,14.0,10.0,58.0,4.0,2.0,0.0
MH_494_563495,Dharpudi,Dharpudi,Khatav,Satara,17.67263,74.37444,136.89,57.36,-12.9,491.1,34.4,449.8,532.3,3.2,243.7,12.0,14.0,10.0,58.0,4.0,2.0,0.0
MH_486_525591,Nandarkheda,Nandarkheda,Shahade,Nandurbar,21.47739,74.39877,226.58,28.51,-13.5,488.1,34.2,447.1,529.2,3.2,244.7,12.0,14.0,10.0,58.0,4.0,2.0,0.0
MH_500_543535,Kopamandavi,Kopamandavi,Kelapur,Yavatmal,19.91029,78.5449,604.22,158.57,-15.0,249.1,17.4,228.2,270.0,1.5,58.9,12.0,14.0,10.0,58.0,4.0,2.0,0.0
MH_469_549091,Panvi Kh,Panvi Kh,Vaijapur,Aurangabad,19.97447,74.69183,205.03,20.25,-15.0,453.0,31.7,414.9,491.0,3.2,257.1,12.0,14.0,10.0,58.0,4.0,2.0,0.0
MH_476_538466,Mahaka,Mahaka,Deori,Gondia,20.84427,80.53407,818.88,368.93,-15.0,209.3,14.7,191.7,227.0,1.5,142.4,12.0,14.0,10.0,58.0,4.0,2.0,0.0
MH_495_566612,Mhavlunge,Mhavlunge,Malwan,Sindhudurg,16.08061,73.65865,24.72,89.88,3.2,664.8,46.5,609.0,720.6,14.5,213.7,12.0,14.0,10.0,58.0,4.0,2.0,0.0
MH_499_530747,Pimpalshenda,Pimpalshenda,Mangrulpir,Washim,20.39557,77.4374,493.55,100.34,-15.0,271.3,19.0,248.5,294.1,1.5,12.4,12.0,14.0,10.0,58.0,4.0,2.0,0.0
MH_474_526592,Junner,Junner,Dhule,Dhule,20.8249,74.72362,221.91,75.78,-15.0,449.2,31.4,411.5,486.8,3.2,258.4,12.0,14.0,10.0,58.0,4.0,2.0,0.0
MH_481_560488,Anandwadi,Anandwadi,Chakur,Latur,18.5868,76.88188,409.74,72.06,-15.0,282.4,19.8,258.6,306.1,1.5,349.0,12.0,14.0,10.0,58.0,4.0,2.0,0.0
MH_469_549583,Sonwadi Kh,Sonwadi Kh,Paithan,Aurangabad,19.45237,75.34515,266.96,7.1,-15.0,313.1,21.9,286.8,339.4,1.5,284.5,12.0,14.0,10.0,58.0,4.0,2.0,0.0
MH_478_528142,Pimpalgaon Pimpri,Pimpalgaon Pimpri,Jamner,Jalgaon,20.64388,75.92344,339.5,55.53,-15.0,301.5,21.1,276.2,326.9,1.5,308.8,12.0,14.0,10.0,58.0,4.0,2.0,0.0
MH_500_542941,Nagapur,Nagapur,Umarkhed,Yavatmal,19.66695,77.5842,502.22,69.73,-15.0,268.3,18.8,245.8,290.9,1.5,18.5,12.0,14.0,10.0,58.0,4.0,2.0,0.0
MH_496_562281,Kothale,Kothale,Mohol,Solapur,17.64013,75.59144,253.76,32.71,-15.0,308.2,21.6,282.3,334.1,1.5,294.8,12.0,14.0,10.0,58.0,4.0,2.0,0.0
MH_468_532021,Asatpur,Asatpur,Achalpur,Amravati,21.10293,77.48142,507.51,51.08,-15.0,270.4,18.9,247.7,293.1,1.5,14.2,12.0,14.0,10.0,58.0,4.0,2.0,0.0
MH_484_535270,Khubala,Khubala,Savner,Nagpur,21.4589,79.00891,670.39,210.06,-15.0,239.8,16.8,219.7,260.0,1.5,78.4,12.0,14.0,10.0,58.0,4.0,2.0,0.0
MH_468_533171,Chirodi,Chirodi,Chandur Railway,Amravati,20.87674,77.93023,549.76,103.02,-15.0,261.4,18.3,239.4,283.4,1.5,33.1,12.0,14.0,10.0,58.0,4.0,2.0,0.0
MH_469_549303,Tandulwadi,Tandulwadi,Gangapur,Aurangabad,19.79526,75.01731,236.39,44.21,-15.0,319.7,22.4,292.8,346.5,1.5,270.7,12.0,14.0,10.0,58.0,4.0,2.0,0.0
MH_497_552928,Khadavali,Khadavali,Kalyan,Thane,19.34803,73.21651,44.07,73.56,9.0,990.8,69.4,907.5,1074.0,14.5,195.1,12.0,14.0,10.0,58.0,4.0,2.0,0.0
MH_472_528514,Wadi Pr Wadner,Wadi Pr Wadner,Nandura,Buldhana,20.832,76.38253,389.88,76.04,-15.0,292.3,20.5,267.7,316.9,1.5,328.1,12.0,14.0,10.0,58.0,4.0,2.0,0.0
MH_491_554816,Kondhe Panchatan,Kondhe Panchatan,Shrivardhan,Raigad,18.16536,73.0296,40.03,95.61,0.5,49.4,3.5,45.2,53.6,1.8,187.2,12.0,14.0,10.0,58.0,4.0,2.0,0.0
MH_475_540095,Jinganur Mal,Jinganur Mal,Sironcha,Gadchiroli,18.88897,80.20608,760.41,306.44,-15.0,215.9,15.1,197.8,234.0,1.5,128.7,12.0,14.0,10.0,58.0,4.0,2.0,0.0
MH_492_564946,Inampangari,Inampangari,Dapoli,Ratnagiri,17.73492,73.28096,21.88,106.92,17.2,891.4,62.4,816.5,966.3,14.5,197.8,12.0,14.0,10.0,58.0,4.0,2.0,0.0
MH_475_539568,Kundum,Kundum,Etapalli,Gadchiroli,19.75352,80.46162,803.58,339.4,-15.0,210.8,14.8,193.0,228.5,1.5,139.4,12.0,14.0,10.0,58.0,4.0,2.0,0.0
MH_486_525767,Tokartale,Tokartale,Nandurbar,Nandurbar,21.33516,74.21449,201.81,4.19,-9.3,510.3,35.7,467.4,553.1,3.2,237.0,12.0,14.0,10.0,58.0,4.0,2.0,0.0
MH_492_565722,Nayari,Nayari,Sangameshwar,Ratnagiri,17.2134,73.6838,47.76,79.2,2.6,649.7,45.5,595.1,704.3,14.5,214.7,12.0,14.0,10.0,58.0,4.0,2.0,0.0
MH_500_542956,Rajapur,Rajapur,Umarkhed,Yavatmal,19.56403,77.71576,515.62,67.57,-15.0,265.7,18.6,243.4,288.0,1.5,24.1,12.0,14.0,10.0,58.0,4.0,2.0,0.0
MH_485_544722,Sattarpur,Sattarpur,Nanded,Nanded,19.15167,77.38961,477.33,11.03,-15.0,272.2,19.1,249.3,295.1,1.5,10.4,12.0,14.0,10.0,58.0,4.0,2.0,0.0
MH_480_567358,Akiwat,Akiwat,Shirol,Kolhapur,16.63968,74.61743,136.48,44.97,-15.0,461.9,32.3,423.1,500.7,3.2,253.9,12.0,14.0,10.0,58.0,4.0,2.0,0.0
MH_498_533541,Ekamba,Ekamba,Karanja,Wardha,21.16488,78.28861,591.16,133.66,-15.0,254.2,17.8,232.9,275.6,1.5,48.1,12.0,14.0,10.0,58.0,4.0,2.0,0.0
MH_499_531202,Kinkheda,Kinkheda,Washim,Washim,20.24616,77.1872,466.41,107.83,-15.0,276.3,19.3,253.1,299.4,1.5,1.9,12.0,14.0,10.0,58.0,4.0,2.0,0.0
MH_494_562942,Kumthe,Kumthe,Mahabaleshwar,Satara,17.90258,73.56124,50.93,76.14,41.7,723.3,50.6,662.5,784.0,14.5,209.6,12.0,14.0,10.0,58.0,4.0,2.0,0.0
MH_479_547402,Dawargaon,Dawargaon,Bhokardan,Jalna,20.16185,75.77882,319.14,89.02,-15.0,304.4,21.3,278.9,330.0,1.5,302.7,12.0,14.0,10.0,58.0,4.0,2.0,0.0
MH_491_554399,Ambewadi,Ambewadi,Roha,Raigad,18.4134,73.21313,44.09,68.41,8.7,950.7,66.6,870.8,1030.6,14.5,195.0,12.0,14.0,10.0,58.0,4.0,2.0,0.0
MH_484_535245,Junewani,Junewani,Savner,Nagpur,21.38743,78.81391,649.07,189.08,-15.0,243.7,17.1,223.2,264.2,1.5,70.2,12.0,14.0,10.0,58.0,4.0,2.0,0.0
MH_498_533816,Sawangi,Sawangi,Arvi,Wardha,20.90172,78.30194,588.43,139.12,-15.0,254.0,17.8,232.6,275.3,1.5,48.7,12.0,14.0,10.0,58.0,4.0,2.0,0.0
MH_473_540398,Chichala Shastri,Chichala Shastri,Chimur,Chandrapur,20.64848,79.47692,707.56,264.46,-15.0,230.5,16.1,211.1,249.8,1.5,98.0,12.0,14.0,10.0,58.0,4.0,2.0,0.0
MH_500_543999,Niljai,Niljai,Wani,Yavatmal,19.99073,79.08108,660.8,211.28,-15.0,238.4,16.7,218.3,258.4,1.5,81.4,12.0,14.0,10.0,58.0,4.0,2.0,0.0
MH_473_540498,Sawargaon,Sawargaon,Chimur,Chandrapur,20.50822,79.4324,701.76,264.19,-15.0,231.4,16.2,211.9,250.8,1.5,96.2,12.0,14.0,10.0,58.0,4.0,2.0,0.0
MH_485_544989,Patoda Kh,Patoda Kh,Dharmabad,Nanded,18.85953,77.78474,509.06,57.56,-15.0,264.3,18.5,242.1,286.5,1.5,27.0,12.0,14.0,10.0,58.0,4.0,2.0,0.0
MH_491_554724,Navashi,Navashi,Mangaon,Raigad,18.13513,73.25506,40.15,76.62,13.6,913.0,63.9,836.4,989.7,14.5,196.7,12.0,14.0,10.0,58.0,4.0,2.0,0.0
MH_486_525489,Sulwade,Sulwade,Shahade,Nandurbar,21.64634,74.51723,247.96,50.6,-15.0,473.9,33.2,434.1,513.8,3.2,249.7,12.0,14.0,10.0,58.0,4.0,2.0,0.0
MH_475_539125,Maushi Khamb,Maushi Khamb,Gadchiroli,Gadchiroli,20.30977,80.15426,775.7,327.67,-15.0,216.9,15.2,198.7,235.2,1.5,126.5,12.0,14.0,10.0,58.0,4.0,2.0,0.0
MH_479_547949,Viregavhan Tanda,Viregavhan Tanda,Ghansawangi,Jalna,19.3901,76.09484,345.57,84.23,-15.0,298.1,20.9,273.0,323.2,1.5,316.0,12.0,14.0,10.0,58.0,4.0,2.0,0.0
MH_492_565764,Manaskond,Manaskond,Sangameshwar,Ratnagiri,17.12414,73.48042,24.3,89.91,44.7,771.7,54.0,706.9,836.5,14.5,206.2,12.0,14.0,10.0,58.0,4.0,2.0,0.0
MH_471_537332,Khairi,Khairi,Pauni,Bhandara,20.85061,79.74826,737.47,287.88,-15.0,225.0,15.8,206.1,244.0,1.5,109.4,12.0,14.0,10.0,58.0,4.0,2.0,0.0
MH_480_567190,Manewadi,Manewadi,Panhala,Kolhapur,16.78826,74.06958,84.9,17.0,-6.1,527.7,36.9,483.4,571.9,3.2,230.9,12.0,14.0,10.0,58.0,4.0,2.0,0.0
MH_481_560263,Rupchand Nagar,Rupchand Nagar,Renapur,Latur,18.52539,76.57866,377.06,99.23,-15.0,288.4,20.2,264.2,312.7,1.5,336.3,12.0,14.0,10.0,58.0,4.0,2.0,0.0
MH_469_549424,Mulani Wadgaon,Mulani Wadgaon,Paithan,Aurangabad,19.56734,75.24399,256.87,9.51,-15.0,315.1,22.1,288.6,341.6,1.5,280.2,12.0,14.0,10.0,58.0,4.0,2.0,0.0
MH_484_535591,Khandala,Khandala,Ramtek,Nagpur,21.3441,79.39849,707.88,249.04,-15.0,232.0,16.2,212.6,251.5,1.5,94.7,12.0,14.0,10.0,58.0,4.0,2.0,0.0
MH_499_530971,Tuljapur,Tuljapur,Karanja,Washim,20.48102,77.44588,495.3,92.4,-15.0,271.1,19.0,248.3,293.9,1.5,12.7,12.0,14.0,10.0,58.0,4.0,2.0,0.0
MH_472_529561,Matmal,Matmal,Lonar,Buldhana,20.00781,76.47958,391.07,132.59,-15.0,290.4,20.3,266.0,314.8,1.5,332.1,12.0,14.0,10.0,58.0,4.0,2.0,0.0
MH_476_538165,Maneri,Maneri,Sadak-Arjuni,Gondia,21.04001,80.12163,777.93,324.28,-15.0,217.6,15.2,199.3,235.8,1.5,125.1,12.0,14.0,10.0,58.0,4.0,2.0,0.0
MH_476_537724,Mohgaon,Mohgaon,Goregaon,Gondia,21.23883,80.26235,794.86,338.18,-15.0,214.8,15.0,196.8,232.8,1.5,131.0,12.0,14.0,10.0,58.0,4.0,2.0,0.0
MH_478_526765,Kingaon Bk,Kingaon Bk,Yawal,Jalgaon,21.21594,75.60071,322.15,23.29,-15.0,308.0,21.6,282.1,333.9,1.5,295.2,12.0,14.0,10.0,58.0,4.0,2.0,0.0
MH_492_251608,Rajapur,Rajapur,Central,Ratnagiri,16.66588,73.52127,43.05,72.39,44.6,747.2,52.3,684.5,810.0,14.5,207.9,12.0,14.0,10.0,58.0,4.0,2.0,0.0
MH_498_533897,Nimboli,Nimboli,Seloo,Wardha,20.8908,78.70078,629.48,179.82,-15.0,246.0,17.2,225.3,266.6,1.5,65.4,12.0,14.0,10.0,58.0,4.0,2.0,0.0
MH_489_546547,Pimpalgaon Kajale,Pimpalgaon Kajale,Jintur,Parbhani,19.70078,76.63942,403.69,96.24,-15.0,287.2,20.1,263.1,311.3,1.5,338.9,12.0,14.0,10.0,58.0,4.0,2.0,0.0
MH_484_534955,Chendkapur,Chendkapur,Katol,Nagpur,21.30177,78.73367,639.19,180.02,-15.0,245.3,17.2,224.7,266.0,1.5,66.8,12.0,14.0,10.0,58.0,4.0,2.0,0.0
MH_491_553335,Koproli,Koproli,Uran,Raigad,18.86185,73.01816,21.28,95.07,0.4,48.5,3.4,44.4,52.5,1.8,186.8,12.0,14.0,10.0,58.0,4.0,2.0,0.0
MH_477_546227,Bhurkyachiwadi,Bhurkyachiwadi,Kalamnuri,Hingoli,19.50751,77.3793,480.26,46.07,-15.0,272.4,19.1,249.5,295.3,1.5,9.9,12.0,14.0,10.0,58.0,4.0,2.0,0.0
MH_469_549122,Hadas Pimpalgaon,Hadas Pimpalgaon,Vaijapur,Aurangabad,19.92187,74.96486,233.66,49.36,-15.0,420.2,29.4,384.9,455.5,3.2,268.5,12.0,14.0,10.0,58.0,4.0,2.0,0.0
MH_472_529504,Vasant Nagar,Vasant Nagar,Sindkhed Raja,Buldhana,19.86614,76.11011,350.52,94.08,-15.0,297.8,20.8,272.8,322.8,1.5,316.6,12.0,14.0,10.0,58.0,4.0,2.0,0.0
MH_491_553304,Bokadvira,Bokadvira,Uran,Raigad,18.87564,72.96175,15.16,101.14,0.1,43.9,3.1,40.2,47.7,1.8,184.4,12.0,14.0,10.0,58.0,4.0,2.0,0.0
MH_498_534545,Rajjakpur,Rajjakpur,Samudrapur,Wardha,20.71059,78.82786,640.9,197.45,-15.0,243.4,17.0,223.0,263.8,1.5,70.8,12.0,14.0,10.0,58.0,4.0,2.0,0.0
MH_495_566601,Waghavane,Waghavane,Malwan,Sindhudurg,16.0177,73.53581,20.22,103.82,43.9,738.5,51.7,676.5,800.6,14.5,208.5,12.0,14.0,10.0,58.0,4.0,2.0,0.0
MH_485_544812,Amdariwadi,Amdariwadi,Bhokar,Nanded,19.26999,77.61773,504.16,38.35,-15.0,267.6,18.7,245.2,290.1,1.5,19.9,12.0,14.0,10.0,58.0,4.0,2.0,0.0
MH_488_561493,Keshegaon,Keshegaon,Osmanabad,Osmanabad,18.11412,76.15845,326.32,58.41,-15.0,296.8,20.8,271.9,321.8,1.5,318.7,12.0,14.0,10.0,58.0,4.0,2.0,0.0
MH_485_544126,Hiwalani,Hiwalani,Mahoor,Nanded,19.86461,77.97717,544.64,110.76,-15.0,260.5,18.2,238.6,282.3,1.5,35.0,12.0,14.0,10.0,58.0,4.0,2.0,0.0
MH_471_536945,Dabha,Dabha,Bhandara,Bhandara,21.21997,79.67194,733.9,276.99,-15.0,226.6,15.9,207.5,245.6,1.5,106.2,12.0,14.0,10.0,58.0,4.0,2.0,0.0
MH_476_538170,Kokana Gosai,Kokana Gosai,Sadak-Arjuni,Gondia,20.96802,80.08821,773.74,321.44,-15.0,218.2,15.3,199.9,236.6,1.5,123.7,12.0,14.0,10.0,58.0,4.0,2.0,0.0
MH_492_565538,Chikhalwadi,Chikhalwadi,Ratnagiri,Ratnagiri,17.2245,73.36316,26.93,106.41,30.9,842.1,58.9,771.4,912.8,14.5,201.3,12.0,14.0,10.0,58.0,4.0,2.0,0.0
MH_499_530629,Jaulka,Jaulka,Malegaon,Washim,20.30223,77.0766,455.27,100.14,-15.0,278.5,19.5,255.1,301.9,1.5,357.2,4.0,22.0,14.0,52.0,3.0,1.0,4.0
MH_475_539271,Bhadbhidi Mokasa,Bhadbhidi Mokasa,Chamorshi,Gadchiroli,19.96447,80.00375,756.77,299.2,-15.0,219.9,15.4,201.4,238.4,1.5,120.2,12.0,14.0,10.0,58.0,4.0,2.0,0.0
MH_475_540138,Asaralli,Asaralli,Sironcha,Gadchiroli,18.71092,80.16209,751.01,304.17,-15.0,216.8,15.2,198.5,235.0,1.5,126.8,12.0,14.0,10.0,58.0,4.0,2.0,0.0
MH_466_558372,Sultanpur,Sultanpur,Parner,Ahmednagar,18.9531,74.47419,172.41,80.83,-15.0,479.1,33.5,438.9,519.3,3.2,247.9,12.0,14.0,10.0,58.0,4.0,2.0,0.0
MH_493_568527,Vasumbe,Vasumbe,Khanapur (Vita),Sangli,17.2932,74.59428,141.6,78.16,-15.0,464.7,32.5,425.7,503.7,3.2,253.0,12.0,14.0,10.0,58.0,4.0,2.0,0.0
MH_470_558800,Sumbhewadi,Sumbhewadi,Ashti,Beed,18.91556,74.89304,215.17,77.78,-15.0,428.8,30.0,392.8,464.8,3.2,265.5,12.0,14.0,10.0,58.0,4.0,2.0,0.0
MH_471_537087,Palaspani,Palaspani,Sakoli,Bhandara,21.15673,79.90896,757.39,301.65,-15.0,221.8,15.5,203.2,240.4,1.5,116.2,12.0,14.0,10.0,58.0,4.0,2.0,0.0
MH_488_561596,Khudawadi,Khudawadi,Tuljapur,Osmanabad,17.77241,76.23205,323.07,37.71,-15.0,295.4,20.7,270.5,320.2,1.5,321.7,12.0,14.0,10.0,58.0,4.0,2.0,0.0
MH_480_568201,Esapur,Esapur,Chandgad,Kolhapur,15.84751,74.08019,48.17,95.65,-6.3,894.3,71.5,787.0,1001.5,2.5,221.0,12.0,14.0,10.0,58.0,4.0,2.0,0.0
MH_665_551865,Umbarkheda,Umbarkheda,Jawhar,Palghar,20.02742,73.17019,46.44,38.84,5.1,1049.1,73.4,961.0,1137.2,14.5,193.1,12.0,14.0,10.0,58.0,4.0,2.0,0.0
MH_468_531774,Ajitpur,Ajitpur,Anjangaon Surji,Amravati,21.18991,77.29988,490.95,31.11,-15.0,274.0,19.2,251.0,297.0,1.5,6.6,12.0,14.0,10.0,58.0,4.0,2.0,0.0
MH_497_553139,Borgaon,Borgaon,Murbad,Thane,19.3124,73.4574,69.65,70.2,43.4,844.6,59.1,773.7,915.5,14.5,205.2,12.0,14.0,10.0,58.0,4.0,2.0,0.0
MH_665_552278,Tandulwadi,Tandulwadi,Palghar,Palghar,19.60278,72.84472,23.03,80.92,0.0,34.6,2.4,31.7,37.5,1.8,179.5,12.0,14.0,10.0,58.0,4.0,2.0,0.0
MH_493_568483,Ambegaon,Ambegaon,Kadegaon,Sangli,17.29036,74.46195,127.9,71.31,-14.9,480.6,33.6,440.2,520.9,3.2,247.4,12.0,14.0,10.0,58.0,4.0,2.0,0.0
MH_491_555125,Revtale,Revtale,Mahad,Raigad,17.97446,73.38532,36.21,78.89,34.6,828.8,58.0,759.2,898.4,14.5,202.2,12.0,14.0,10.0,58.0,4.0,2.0,0.0
MH_500_542840,Chikhali,Chikhali,Pusad,Yavatmal,19.98884,77.46839,493.08,100.4,-15.0,270.6,18.9,248.0,293.3,1.5,13.7,12.0,14.0,10.0,58.0,4.0,2.0,0.0
MH_475_538509,Shankarnagar,Shankarnagar,Armori,Gadchiroli,20.50985,80.06955,768.01,328.05,-15.0,218.6,15.3,200.2,237.0,1.5,122.9,12.0,14.0,10.0,58.0,4.0,2.0,0.0
MH_498_533519,Afzalpur,Afzalpur,Ashti,Wardha,21.08946,78.17465,578.15,122.44,-15.0,256.5,18.0,234.9,278.1,1.5,43.3,12.0,14.0,10.0,58.0,4.0,2.0,0.0
MH_473_540892,Asola Chak,Asola Chak,Sawali,Chandrapur,20.18638,79.8409,741.77,292.22,-15.0,223.2,15.6,204.5,241.9,1.5,113.3,12.0,14.0,10.0,58.0,4.0,2.0,0.0
MH_484_536613,Adyal,Adyal,Bhiwapur,Nagpur,20.81425,79.53563,715.13,266.68,-15.0,229.3,16.1,210.0,248.6,1.5,100.5,12.0,14.0,10.0,58.0,4.0,2.0,0.0
MH_468_532357,Dabheri,Dabheri,Morshi,Amravati,21.21222,77.83617,545.92,86.69,-15.0,263.3,18.4,241.2,285.4,1.5,29.1,12.0,14.0,10.0,58.0,4.0,2.0,0.0
MH_479_547930,Paradgaon,Paradgaon,Ghansawangi,Jalna,19.60532,76.14551,351.4,89.37,-15.0,297.1,20.8,272.1,322.0,1.5,318.1,12.0,14.0,10.0,58.0,4.0,2.0,0.0
MH_469_549169,Bhalgaon,Bhalgaon,Vaijapur,Aurangabad,19.76349,74.75769,209.04,37.65,-15.0,445.1,31.2,407.6,482.5,3.2,259.8,12.0,14.0,10.0,58.0,4.0,2.0,0.0
MH_500_543599,Ibrahimpur,Ibrahimpur,Ralegaon,Yavatmal,20.40139,78.56396,610.72,185.24,-15.0,248.7,17.4,227.8,269.6,1.5,59.7,12.0,14.0,10.0,58.0,4.0,2.0,0.0
MH_491_554295,Shedsai,Shedsai,Roha,Raigad,18.46804,73.04235,26.38,85.44,0.7,50.4,3.5,46.2,54.6,1.8,187.8,12.0,14.0,10.0,58.0,4.0,2.0,0.0
MH_498_533459,Mirzapur,Mirzapur,Ashti,Wardha,21.20982,78.09151,571.88,113.16,-15.0,258.2,18.1,236.4,279.9,1.5,39.8,12.0,14.0,10.0,58.0,4.0,2.0,0.0
MH_491_553917,Gagode Kh,Gagode Kh,Pen,Raigad,18.75516,73.17266,34.35,75.63,5.3,990.4,69.3,907.2,1073.5,14.5,193.3,12.0,14.0,10.0,58.0,4.0,2.0,0.0
MH_500_542866,Vasantwadi,Vasantwadi,Pusad,Yavatmal,19.90883,77.4143,486.48,90.73,-15.0,271.7,19.0,248.9,294.5,1.5,11.4,12.0,14.0,10.0,58.0,4.0,2.0,0.0
MH_489_547134,Vanbhujwadi,Vanbhujwadi,Palam,Parbhani,18.96079,76.8729,419.16,47.49,-15.0,282.5,19.8,258.8,306.3,1.5,348.7,12.0,14.0,10.0,58.0,4.0,2.0,0.0
MH_466_558098,Mehekari,Mehekari,Nagar,Ahmednagar,19.09217,74.86952,216.31,64.01,-15.0,431.7,30.2,395.4,467.9,3.2,264.5,12.0,14.0,10.0,58.0,4.0,2.0,0.0
MH_468_531714,Wadapati,Wadapati,Chikhaldara,Amravati,21.32315,77.35864,500.19,39.61,-15.0,272.8,19.1,249.9,295.7,1.5,9.1,12.0,14.0,10.0,58.0,4.0,2.0,0.0
MH_491_554764,Ambeli,Ambeli,Tala,Raigad,18.28631,73.13645,48.34,80.01,3.2,991.0,69.4,907.7,1074.3,14.5,191.7,12.0,14.0,10.0,58.0,4.0,2.0,0.0
MH_470_560057,Ambaltek,Ambaltek,Ambejogai,Beed,18.76888,76.55042,380.57,87.01,-15.0,289.0,20.2,264.8,313.2,1.5,335.1,12.0,14.0,10.0,58.0,4.0,2.0,0.0
MH_484_536145,Wadegaon,Wadegaon,Umred,Nagpur,20.91831,79.2962,691.33,240.32,-15.0,234.1,16.4,214.4,253.8,1.5,90.4,12.0,14.0,10.0,58.0,4.0,2.0,0.0
MH_466_558580,Lonimasadpur,Lonimasadpur,Karjat,Ahmednagar,18.51035,75.11155,227.34,68.95,-15.0,317.8,22.2,291.1,344.4,1.5,274.7,12.0,14.0,10.0,58.0,4.0,2.0,0.0
MH_494_563070,Bhogaon,Bhogaon,Wai,Satara,17.97517,73.85423,82.93,61.7,-1.2,553.5,38.7,507.1,599.9,3.2,221.9,12.0,14.0,10.0,58.0,4.0,2.0,0.0
MH_477_545812,Mahalsapur,Mahalsapur,Sengaon,Hingoli,19.80269,76.81874,423.33,93.01,-15.0,283.6,19.9,259.7,307.5,1.5,346.4,12.0,14.0,10.0,58.0,4.0,2.0,0.0
MH_469_548497,Fardapur,Fardapur,Soegaon,Aurangabad,20.58683,75.71196,316.85,49.64,-15.0,305.8,21.4,280.1,331.4,1.5,299.9,12.0,14.0,10.0,58.0,4.0,2.0,0.0
MH_500_543385,Rasa,Rasa,Ghatanji,Yavatmal,20.00558,78.27677,577.25,143.58,-15.0,254.5,17.8,233.1,275.8,1.5,47.6,12.0,14.0,10.0,58.0,4.0,2.0,0.0
MH_475_538952,Nimanwada,Nimanwada,Dhanora,Gadchiroli,20.33813,80.2202,782.88,335.23,-15.0,215.6,15.1,197.5,233.7,1.5,129.2,12.0,14.0,10.0,58.0,4.0,2.0,0.0
MH_485_544249,Talaiguda,Talaiguda,Kinwat,Nanded,19.71845,78.3109,578.48,126.37,-15.0,253.8,17.8,232.4,275.1,1.5,49.1,12.0,14.0,10.0,58.0,4.0,2.0,0.0
MH_478_528079,Bilwadi,Bilwadi,Jamner,Jalgaon,20.61455,75.55623,301.21,43.97,-15.0,308.9,21.6,283.0,334.8,1.5,293.4,12.0,14.0,10.0,58.0,4.0,2.0,0.0
MH_500_542935,Sukali Navinwadi,Sukali Navinwadi,Umarkhed,Yavatmal,19.68901,77.5521,498.98,70.63,-15.0,269.0,18.8,246.4,291.5,1.5,17.2,12.0,14.0,10.0,58.0,4.0,2.0,0.0
MH_478_527245,Chortakki,Chortakki,Erandol,Jalgaon,20.95384,75.39555,292.86,18.18,-15.0,312.1,21.8,285.9,338.2,1.5,286.6,12.0,14.0,10.0,58.0,4.0,2.0,0.0
MH_476_538046,Bhadipar,Bhadipar,Salekasa,Gondia,21.28215,80.46054,815.83,358.76,-15.0,210.8,14.8,193.0,228.5,1.5,139.3,12.0,14.0,10.0,58.0,4.0,2.0,0.0
MH_488_561507,Kati,Kati,Tuljapur,Osmanabad,17.96938,75.88794,295.29,35.54,-15.0,302.2,21.2,276.8,327.7,1.5,307.3,12.0,14.0,10.0,58.0,4.0,2.0,0.0
MH_492_565292,Tanali,Tanali,Chiplun,Ratnagiri,17.44296,73.37967,51.07,120.12,33.7,832.2,58.3,762.2,902.2,14.5,201.9,12.0,14.0,10.0,58.0,4.0,2.0,0.0
MH_475_539305,Yenapur,Yenapur,Chamorshi,Gadchiroli,19.82764,79.83171,738.0,277.48,-15.0,223.4,15.6,204.6,242.1,1.5,112.9,12.0,14.0,10.0,58.0,4.0,2.0,0.0
MH_472_528233,Ilora,Ilora,Jalgaon (Jamod),Buldhana,20.96021,76.56353,410.96,52.55,-15.0,288.7,20.2,264.5,313.0,1.5,335.7,12.0,14.0,10.0,58.0,4.0,2.0,0.0
MH_492_565970,Adavali,Adavali,Lanja,Ratnagiri,16.90531,73.61198,34.49,66.63,35.0,692.8,48.5,634.6,751.0,14.5,211.7,12.0,14.0,10.0,58.0,4.0,2.0,0.0
MH_495_566844,Ambegaon,Ambegaon,Sawantwadi,Sindhudurg,15.9683,73.85253,26.67,89.41,-1.2,101.1,8.1,89.0,113.3,2.5,212.5,12.0,14.0,10.0,58.0,4.0,2.0,0.0
MH_473_541513,Khapari Chak,Khapari Chak,Pombhurna,Chandrapur,19.8142,79.7147,725.71,265.33,-15.0,225.7,15.8,206.7,244.7,1.5,108.0,12.0,14.0,10.0,58.0,4.0,2.0,0.0
MH_494_564103,Rendimura,Rendimura,Jaoli,Satara,17.7913,73.87032,82.64,82.17,-1.6,551.6,38.6,505.2,597.9,3.2,222.6,12.0,14.0,10.0,58.0,4.0,2.0,0.0
MH_493_568640,Vijay Nagar,Vijay Nagar,Tasgaon,Sangli,17.22339,74.68539,149.5,77.8,-15.0,453.8,31.8,415.6,491.9,3.2,256.8,12.0,14.0,10.0,58.0,4.0,2.0,0.0
MH_475_999999,Barsewada M,Barsewada M,Central,Gadchiroli,19.40907,80.3907,789.55,326.26,-15.0,212.2,14.9,194.3,230.1,1.5,136.4,12.0,14.0,10.0,58.0,4.0,2.0,0.0
MH_492_565124,Dabhil,Dabhil,Khed,Ratnagiri,17.65247,73.45014,41.97,106.34,42.8,789.9,55.3,723.6,856.3,14.5,204.9,12.0,14.0,10.0,58.0,4.0,2.0,0.0
MH_478_527590,Palaskhede Bk,Palaskhede Bk,Parola,Jalgaon,20.93908,75.23194,276.1,34.96,-15.0,315.4,22.1,288.8,341.9,1.5,279.7,12.0,14.0,10.0,58.0,4.0,2.0,0.0
MH_494_563896,Bendwadi,Bendwadi,Satara,Satara,17.58689,73.92866,92.24,93.12,-2.9,544.6,38.1,498.8,590.3,3.2,225.0,12.0,14.0,10.0,58.0,4.0,2.0,0.0
MH_475_539945,Lankachan S,Lankachan S,Aheri,Gadchiroli,19.15159,79.9344,737.01,276.82,-15.0,221.3,15.5,202.7,239.9,1.5,117.2,12.0,14.0,10.0,58.0,4.0,2.0,0.0
MH_493_568251,Malewadi,Malewadi,Shirala,Sangli,17.00135,73.99203,73.6,40.16,-4.3,537.0,37.6,491.8,582.1,3.2,227.7,12.0,14.0,10.0,58.0,4.0,2.0,0.0
MH_499_531158,Tandali Bk,Tandali Bk,Washim,Washim,20.0967,77.02128,448.5,114.61,-15.0,279.6,19.6,256.1,303.1,1.5,354.9,12.0,14.0,10.0,58.0,4.0,2.0,0.0
MH_484_535537,Bhondewada,Bhondewada,Ramtek,Nagpur,21.44466,79.31846,701.59,241.69,-15.0,233.6,16.4,214.0,253.3,1.5,91.4,12.0,14.0,10.0,58.0,4.0,2.0,0.0
MH_488_561475,Uttami Kayapur,Uttami Kayapur,Osmanabad,Osmanabad,18.13488,76.10055,320.46,57.94,-15.0,298.0,20.9,272.9,323.1,1.5,316.2,12.0,14.0,10.0,58.0,4.0,2.0,0.0
MH_489_546739,Nandgaon Bk,Nandgaon Bk,Parbhani,Parbhani,19.31058,76.89989,430.23,48.1,-15.0,282.0,19.7,258.4,305.6,1.5,349.8,12.0,14.0,10.0,58.0,4.0,2.0,0.0
MH_466_557683,Ghogargaon,Ghogargaon,Nevasa,Ahmednagar,19.63655,74.83477,214.87,51.05,-15.0,435.8,30.5,399.2,472.4,3.2,263.1,12.0,14.0,10.0,58.0,4.0,2.0,0.0
MH_481_561036,Rawangaon,Rawangaon,Udgir,Latur,18.29657,77.19295,437.12,90.05,-15.0,276.1,19.3,253.0,299.3,1.5,2.1,12.0,14.0,10.0,58.0,4.0,2.0,0.0
MH_473_541321,Sidur,Sidur,Chandrapur,Chandrapur,19.94201,79.19915,672.69,219.96,-15.0,236.0,16.5,216.2,255.8,1.5,86.4,12.0,14.0,10.0,58.0,4.0,2.0,0.0
MH_489_546777,Sayala,Sayala,Parbhani,Parbhani,19.22696,76.8173,420.26,52.63,-15.0,283.7,19.9,259.8,307.5,1.5,346.3,12.0,14.0,10.0,58.0,4.0,2.0,0.0
MH_495_566686,Pal,Pal,Vengurla,Sindhudurg,15.82892,73.68912,7.21,111.16,2.5,106.5,8.5,93.8,119.3,2.5,206.5,12.0,14.0,10.0,58.0,4.0,2.0,0.0
MH_468_532004,Donoda,Donoda,Achalpur,Amravati,21.13718,77.53343,513.52,55.75,-15.0,269.3,18.9,246.7,292.0,1.5,16.4,12.0,14.0,10.0,58.0,4.0,2.0,0.0
MH_489_546466,Tandulwadi,Tandulwadi,Sailu,Parbhani,19.49316,76.64938,403.74,81.08,-15.0,287.0,20.1,262.9,311.1,1.5,339.3,12.0,14.0,10.0,58.0,4.0,2.0,0.0
MH_481_560633,Gondri,Gondri,Ausa,Latur,18.31894,76.66112,381.73,109.6,-15.0,286.8,20.1,262.7,310.9,1.5,339.8,12.0,14.0,10.0,58.0,4.0,2.0,0.0
MH_494_564499,Gholapwadi,Gholapwadi,Karad,Satara,17.44825,74.2057,108.86,83.2,-9.1,511.3,35.8,468.4,554.3,3.2,236.6,12.0,14.0,10.0,58.0,4.0,2.0,0.0
MH_498_533919,Bothali,Bothali,Seloo,Wardha,20.88208,78.60201,619.17,169.97,-15.0,248.0,17.4,227.1,268.8,1.5,61.3,12.0,14.0,10.0,58.0,4.0,2.0,0.0
MH_468_532006,Hiwara,Hiwara,Achalpur,Amravati,21.13694,77.5718,517.42,59.7,-15.0,268.6,18.8,246.0,291.1,1.5,18.0,12.0,14.0,10.0,58.0,4.0,2.0,0.0
MH_473_540979,Alesur,Alesur,Sindewahi,Chandrapur,20.37478,79.55038,713.24,274.89,-15.0,229.0,16.0,209.8,248.2,1.5,101.1,12.0,14.0,10.0,58.0,4.0,2.0,0.0
MH_499_531285,Bhapur,Bhapur,Risod,Washim,20.07686,76.74585,419.71,123.16,-15.0,285.1,20.0,261.1,309.1,1.5,343.3,12.0,14.0,10.0,58.0,4.0,2.0,0.0
MH_475_539251,Navegaon Raiyyatwari,Navegaon Raiyyatwari,Chamorshi,Gadchiroli,20.02921,79.99173,755.99,300.35,-15.0,220.2,15.4,201.7,238.6,1.5,119.7,12.0,14.0,10.0,58.0,4.0,2.0,0.0
MH_469_549558,Apegaon,Apegaon,Paithan,Aurangabad,19.44629,75.50628,283.84,22.43,-15.0,309.9,21.7,283.8,335.9,1.5,291.3,12.0,14.0,10.0,58.0,4.0,2.0,0.0
MH_477_545960,Rajwadi,Rajwadi,Hingoli,Hingoli,19.69674,77.18141,460.28,67.51,-15.0,276.4,19.3,253.2,299.5,1.5,1.6,12.0,14.0,10.0,58.0,4.0,2.0,0.0
MH_498_534205,Sekapur,Sekapur,Deoli,Wardha,20.71843,78.37577,594.08,152.56,-15.0,252.5,17.7,231.2,273.7,1.5,51.8,12.0,14.0,10.0,58.0,4.0,2.0,0.0
MH_467_529932,Ridhora,Ridhora,Balapur,Akola,20.69328,76.93637,444.77,56.73,-15.0,281.3,19.7,257.6,304.9,1.5,351.3,12.0,14.0,10.0,58.0,4.0,2.0,0.0
MH_475_538488,Pimpalgaon,Pimpalgaon,Desaiganj (Vadasa),Gadchiroli,20.60256,80.09663,771.47,328.45,-15.0,218.1,15.3,199.7,236.4,1.5,124.1,12.0,14.0,10.0,58.0,4.0,2.0,0.0
MH_488_561194,Chumbli,Chumbli,Bhum,Osmanabad,18.47012,75.57547,272.7,97.43,-15.0,308.5,21.6,282.6,334.4,1.5,294.2,12.0,14.0,10.0,58.0,4.0,2.0,0.0
MH_467_530312,Lasnapur,Lasnapur,Murtijapur,Akola,20.65959,77.39878,492.26,72.98,-15.0,272.0,19.0,249.2,294.8,1.5,10.7,12.0,14.0,10.0,58.0,4.0,2.0,0.0
MH_491_251506,Roha Ashtami,Roha Ashtami,Central,Raigad,18.45417,73.12656,34.04,76.75,2.8,1004.5,70.3,920.1,1088.9,14.5,191.3,12.0,14.0,10.0,58.0,4.0,2.0,0.0
MH_470_558944,Sautada,Sautada,Patoda,Beed,18.81089,75.36612,263.55,76.94,-15.0,312.7,21.9,286.4,339.0,1.5,285.4,12.0,14.0,10.0,58.0,4.0,2.0,0.0
MH_665_551553,Patilpada,Patilpada,Talasari,Palghar,20.13558,72.87109,19.24,72.19,0.0,36.7,2.6,33.6,39.8,1.8,180.6,12.0,14.0,10.0,58.0,4.0,2.0,0.0
MH_495_566727,Pandur,Pandur,Kudal,Sindhudurg,16.05465,73.69957,22.89,89.44,2.3,640.3,44.8,586.5,694.0,14.5,215.4,12.0,14.0,10.0,58.0,4.0,2.0,0.0
MH_469_549398,Narsingpur,Narsingpur,Gangapur,Aurangabad,19.59976,75.2057,253.13,14.86,-15.0,315.9,22.1,289.4,342.4,1.5,278.6,12.0,14.0,10.0,58.0,4.0,2.0,0.0
MH_470_559316,Sawargaon,Sawargaon,Manjlegaon,Beed,19.18148,76.12138,347.28,93.17,-15.0,297.6,20.8,272.6,322.5,1.5,317.1,12.0,14.0,10.0,58.0,4.0,2.0,0.0
MH_493_568528,Renavi,Renavi,Khanapur (Vita),Sangli,17.2752,74.61754,143.55,77.86,-15.0,461.9,32.3,423.1,500.7,3.2,253.9,12.0,14.0,10.0,58.0,4.0,2.0,0.0
MH_486_525437,Salsadi,Salsadi,Talode,Nandurbar,21.59432,74.25892,224.19,33.29,-10.3,504.9,35.3,462.6,547.3,3.2,238.9,12.0,14.0,10.0,58.0,4.0,2.0,0.0
MH_497_553057,Sonavale,Sonavale,Ambarnath,Thane,19.15626,73.32056,59.84,89.18,23.6,919.7,64.4,842.4,997.0,14.5,199.5,12.0,14.0,10.0,58.0,4.0,2.0,0.0
MH_468_532512,Shendola Bk,Shendola Bk,Teosa,Amravati,21.0005,77.94145,552.74,100.15,-15.0,261.2,18.3,239.2,283.1,1.5,33.5,12.0,14.0,10.0,58.0,4.0,2.0,0.0
MH_484_535874,Dhamana,Dhamana,Nagpur(Rural),Nagpur,21.03172,79.15005,677.57,223.8,-15.0,237.0,16.6,217.1,256.9,1.5,84.3,12.0,14.0,10.0,58.0,4.0,2.0,0.0
MH_468_533079,Mund Mali,Mund Mali,Nandgaon-Khandeshwar,Amravati,20.67327,77.85718,539.9,106.56,-15.0,262.9,18.4,240.8,284.9,1.5,30.0,4.0,22.0,14.0,52.0,3.0,1.0,4.0
MH_466_557398,Mangalapur,Mangalapur,Sangamner,Ahmednagar,19.55551,74.17235,144.9,58.68,-8.4,515.3,36.1,472.0,558.6,3.2,235.2,12.0,14.0,10.0,58.0,4.0,2.0,0.0
MH_500_542657,Wai,Wai,Digras,Yavatmal,20.19021,77.79625,529.64,131.89,-15.0,264.1,18.5,241.9,286.3,1.5,27.4,12.0,14.0,10.0,58.0,4.0,2.0,0.0
MH_496_562303,Nandore,Nandore,Pandharpur,Solapur,17.83091,75.19832,222.06,74.4,-15.0,316.0,22.1,289.5,342.6,1.5,278.3,12.0,14.0,10.0,58.0,4.0,2.0,0.0
MH_473_541837,Isapur,Isapur,Rajura,Chandrapur,19.69808,79.16986,668.25,207.08,-15.0,236.6,16.6,216.7,256.5,1.5,85.1,12.0,14.0,10.0,58.0,4.0,2.0,0.0
MH_478_526954,Singat,Singat,Raver,Jalgaon,21.13771,75.9622,355.04,44.08,-15.0,300.8,21.1,275.4,326.1,1.5,310.4,12.0,14.0,10.0,58.0,4.0,2.0,0.0
MH_478_527295,Tade,Tade,Erandol,Jalgaon,20.82277,75.37718,287.28,28.18,-15.0,312.5,21.9,286.2,338.7,1.5,285.8,12.0,14.0,10.0,58.0,4.0,2.0,0.0
MH_467_529915,Kalambi Mahagaon,Kalambi Mahagaon,Balapur,Akola,20.7787,76.79615,431.47,51.4,-15.0,284.1,19.9,260.2,308.0,1.5,345.4,12.0,14.0,10.0,58.0,4.0,2.0,0.0
MH_492_565271,Pophali Bk,Pophali Bk,Chiplun,Ratnagiri,17.41208,73.65525,60.22,98.1,3.3,666.9,46.7,610.8,722.9,14.5,213.5,12.0,14.0,10.0,58.0,4.0,2.0,0.0
MH_470_558952,Mahasanghvi,Mahasanghvi,Patoda,Beed,18.82552,75.44289,271.72,76.49,-15.0,311.1,21.8,285.0,337.3,1.5,288.6,12.0,14.0,10.0,58.0,4.0,2.0,0.0
MH_484_251366,Umred,Umred,Central,Nagpur,20.83824,79.32532,693.55,244.69,-15.0,233.5,16.3,213.9,253.1,1.5,91.7,12.0,14.0,10.0,58.0,4.0,2.0,0.0
MH_473_541436,Chak Bembal,Chak Bembal,Mul,Chandrapur,19.92607,79.67145,721.84,264.97,-15.0,226.6,15.9,207.5,245.7,1.5,106.2,12.0,14.0,10.0,58.0,4.0,2.0,0.0
MH_474_526325,Kokale,Kokale,Sakri,Dhule,20.94679,74.30172,186.27,40.67,-11.3,499.8,35.0,457.8,541.8,3.2,240.7,12.0,14.0,10.0,58.0,4.0,2.0,0.0
MH_484_535353,Kukada,Kukada,Parseoni,Nagpur,21.52044,79.17572,688.64,228.11,-15.0,236.5,16.6,216.6,256.4,1.5,85.4,12.0,14.0,10.0,58.0,4.0,2.0,0.0
MH_500_542526,Pimpalkhuta,Pimpalkhuta,Darwha,Yavatmal,20.29357,77.6365,513.49,120.58,-15.0,267.3,18.7,244.8,289.7,1.5,20.7,12.0,14.0,10.0,58.0,4.0,2.0,0.0
MH_478_527251,Dharagir,Dharagir,Erandol,Jalgaon,20.89084,75.30138,281.54,29.95,-15.0,314.0,22.0,287.6,340.4,1.5,282.7,12.0,14.0,10.0,58.0,4.0,2.0,0.0
MH_500_543822,Pardi,Pardi,Zari-Jamani,Yavatmal,19.98378,78.69976,621.02,176.56,-15.0,246.0,17.2,225.4,266.6,1.5,65.4,12.0,14.0,10.0,58.0,4.0,2.0,0.0
MH_477_545847,Kanadkheda Bk,Kanadkheda Bk,Hingoli,Hingoli,19.94678,77.17505,462.09,95.06,-15.0,276.5,19.4,253.2,299.8,1.5,1.4,12.0,14.0,10.0,58.0,4.0,2.0,0.0
MH_484_534813,Hiwara,Hiwara,Narkhed,Nagpur,21.27753,78.37587,602.23,142.86,-15.0,252.5,17.7,231.2,273.7,1.5,51.8,12.0,14.0,10.0,58.0,4.0,2.0,0.0
MH_484_536537,Saygaon,Saygaon,Bhiwapur,Nagpur,20.6576,79.32647,692.06,249.03,-15.0,233.5,16.3,213.9,253.0,1.5,91.7,12.0,14.0,10.0,58.0,4.0,2.0,0.0
MH_491_555147,Wave,Wave,Poladpur,Raigad,18.06239,73.5028,51.91,63.62,45.0,761.1,53.3,697.2,825.1,14.5,207.1,12.0,14.0,10.0,58.0,4.0,2.0,0.0
MH_496_562714,Dhotri,Dhotri,Solapur South,Solapur,17.67732,76.08737,305.57,20.08,-15.0,298.3,20.9,273.2,323.3,1.5,315.7,12.0,14.0,10.0,58.0,4.0,2.0,0.0
MH_485_545255,Shambhargaon,Shambhargaon,Loha,Nanded,19.03431,77.35102,469.66,9.06,-15.0,273.0,19.1,250.1,295.9,1.5,8.7,12.0,14.0,10.0,58.0,4.0,2.0,0.0
MH_484_535542,Bondri,Bondri,Ramtek,Nagpur,21.4239,79.26695,695.94,236.15,-15.0,234.7,16.4,215.0,254.3,1.5,89.2,12.0,14.0,10.0,58.0,4.0,2.0,0.0
MH_468_532901,Tonglabad,Tonglabad,Daryapur,Amravati,20.87934,77.26058,480.83,44.75,-15.0,274.8,19.2,251.7,297.8,1.5,4.9,12.0,14.0,10.0,58.0,4.0,2.0,0.0
MH_469_548892,Mahamadpur,Mahamadpur,Aurangabad,Aurangabad,19.82622,75.55886,292.83,45.28,-15.0,308.8,21.6,282.9,334.7,1.5,293.5,12.0,14.0,10.0,58.0,4.0,2.0,0.0
MH_493_568717,Karoli,Karoli,Miraj,Sangli,17.00377,74.71235,150.19,64.14,-15.0,450.5,31.5,412.7,488.3,3.2,257.9,12.0,14.0,10.0,58.0,4.0,2.0,0.0
MH_475_538556,Kurandi,Kurandi,Armori,Gadchiroli,20.41238,80.15237,776.1,332.25,-15.0,217.0,15.2,198.7,235.2,1.5,126.4,12.0,14.0,10.0,58.0,4.0,2.0,0.0
MH_469_548387,Hiwarkheda,Hiwarkheda,Kannad,Aurangabad,20.24139,75.23989,263.81,81.78,-15.0,315.2,22.1,288.7,341.7,1.5,280.1,12.0,14.0,10.0,58.0,4.0,2.0,0.0
MH_485_545360,Ladka,Ladka,Kandhar,Nanded,18.91119,77.38946,469.95,23.01,-15.0,272.2,19.1,249.3,295.1,1.5,10.4,12.0,14.0,10.0,58.0,4.0,2.0,0.0
MH_493_568663,Balgavade,Balgavade,Tasgaon,Sangli,17.13067,74.6952,149.13,71.19,-15.0,452.6,31.7,414.5,490.6,3.2,257.2,12.0,14.0,10.0,58.0,4.0,2.0,0.0
MH_498_533949,Daulatpur,Daulatpur,Seloo,Wardha,20.82936,78.59648,618.02,170.76,-15.0,248.1,17.4,227.2,269.0,1.5,61.1,12.0,14.0,10.0,58.0,4.0,2.0,0.0
MH_493_568333,Takari,Takari,Walwa,Sangli,17.13761,74.35544,113.39,51.39,-12.5,493.3,34.5,451.9,534.7,3.2,242.9,12.0,14.0,10.0,58.0,4.0,2.0,0.0
MH_500_543591,Gopalnagar,Gopalnagar,Ralegaon,Yavatmal,20.3991,78.47583,601.53,177.38,-15.0,250.5,17.5,229.5,271.5,1.5,56.0,12.0,14.0,10.0,58.0,4.0,2.0,0.0
MH_489_546808,Salapuri,Salapuri,Parbhani,Parbhani,19.09563,76.68179,404.25,64.96,-15.0,286.4,20.0,262.4,310.4,1.5,340.6,12.0,14.0,10.0,58.0,4.0,2.0,0.0
MH_478_526795,Parsade Bk,Parsade Bk,Yawal,Jalgaon,21.22861,75.71128,333.41,28.93,-15.0,305.8,21.4,280.1,331.5,1.5,299.9,12.0,14.0,10.0,58.0,4.0,2.0,0.0
MH_495_566982,Matane,Matane,Dodamarg,Sindhudurg,15.6316,73.99734,46.8,120.76,-4.4,57.9,5.0,50.4,65.4,2.5,217.9,12.0,14.0,10.0,58.0,4.0,2.0,0.0
MH_470_559193,Selu,Selu,Georai,Beed,19.25512,75.94615,330.51,73.04,-15.0,301.1,21.1,275.8,326.4,1.5,309.7,12.0,14.0,10.0,58.0,4.0,2.0,0.0
MH_473_541872,Kharal Peth,Kharal Peth,Gondpipri,Chandrapur,19.73106,79.71681,725.59,262.99,-15.0,225.7,15.8,206.7,244.6,1.5,108.1,12.0,14.0,10.0,58.0,4.0,2.0,0.0
MH_476_538148,Saledharani,Saledharani,Sadak-Arjuni,Gondia,21.09113,80.24734,791.48,336.99,-15.0,215.1,15.1,196.9,233.2,1.5,130.4,12.0,14.0,10.0,58.0,4.0,2.0,0.0
MH_498_534421,Sakidadpur,Sakidadpur,Hinganghat,Wardha,20.60258,78.77138,633.98,195.63,-15.0,244.6,17.1,224.1,265.1,1.5,68.4,12.0,14.0,10.0,58.0,4.0,2.0,0.0
MH_485_545301,Malakoli,Malakoli,Loha,Nanded,18.88521,77.06203,435.92,34.59,-15.0,278.8,19.5,255.4,302.2,1.5,356.6,12.0,14.0,10.0,58.0,4.0,2.0,0.0
MH_491_555189,Dabhil,Dabhil,Poladpur,Raigad,17.95246,73.58766,55.0,69.94,38.6,707.4,49.5,648.0,766.8,14.5,210.7,12.0,14.0,10.0,58.0,4.0,2.0,0.0
MH_500_542932,Vasantnagar,Vasantnagar,Umarkhed,Yavatmal,19.68252,77.60925,504.92,72.44,-15.0,267.8,18.7,245.4,290.3,1.5,19.6,12.0,14.0,10.0,58.0,4.0,2.0,0.0
MH_484_536444,Ratnapur,Ratnapur,Kuhi,Nagpur,20.95943,79.5815,721.26,269.17,-15.0,228.4,16.0,209.2,247.6,1.5,102.4,12.0,14.0,10.0,58.0,4.0,2.0,0.0
MH_495_566460,Shiraval,Shiraval,Kankavli,Sindhudurg,16.23098,73.74828,43.14,70.99,1.2,611.0,42.8,559.7,662.4,14.5,217.4,12.0,14.0,10.0,58.0,4.0,2.0,0.0
MH_491_554474,Waghoshi,Waghoshi,Sudhagad,Raigad,18.62422,73.24748,39.81,64.36,12.6,939.6,65.8,860.6,1018.6,14.5,196.4,12.0,14.0,10.0,58.0,4.0,2.0,0.0
MH_488_561459,Sanja,Sanja,Osmanabad,Osmanabad,18.2159,76.07149,318.49,65.49,-15.0,298.6,20.9,273.5,323.7,1.5,315.0,12.0,14.0,10.0,58.0,4.0,2.0,0.0
MH_493_251634,Ashta,Ashta,Central,Sangli,16.96463,74.39884,116.89,36.25,-13.5,488.1,34.2,447.1,529.2,3.2,244.8,12.0,14.0,10.0,58.0,4.0,2.0,0.0
MH_469_548826,Mahalpimpri,Mahalpimpri,Aurangabad,Aurangabad,19.92567,75.43372,281.9,49.36,-15.0,311.3,21.8,285.2,337.5,1.5,288.2,12.0,14.0,10.0,58.0,4.0,2.0,0.0
MH_475_539457,Mukali Tola,Mukali Tola,Mulchera,Gadchiroli,19.64596,80.09892,765.37,299.81,-15.0,218.0,15.3,199.7,236.4,1.5,124.2,12.0,14.0,10.0,58.0,4.0,2.0,0.0
MH_484_535885,Wela Harichandra,Wela Harichandra,Nagpur(Rural),Nagpur,21.03169,79.11173,673.62,219.84,-15.0,237.8,16.6,217.8,257.7,1.5,82.7,12.0,14.0,10.0,58.0,4.0,2.0,0.0
MH_473_541739,Parmdoli,Parmdoli,Jiwati,Chandrapur,19.5578,78.943,644.18,179.75,-15.0,241.1,16.9,220.9,261.4,1.5,75.6,12.0,14.0,10.0,58.0,4.0,2.0,0.0
MH_498_533477,Bramhanwada,Bramhanwada,Ashti,Wardha,21.18214,78.11705,573.95,115.83,-15.0,257.7,18.0,236.1,279.3,1.5,40.9,12.0,14.0,10.0,58.0,4.0,2.0,0.0
MH_492_566213,Guravwadi,Guravwadi,Rajapur,Ratnagiri,16.6954,73.77392,60.14,45.38,0.6,595.6,41.7,545.6,645.7,14.5,218.5,12.0,14.0,10.0,58.0,4.0,2.0,0.0
MH_480_567434,Chuye,Chuye,Karvir,Kolhapur,16.54103,74.17222,95.32,17.92,-8.4,515.3,36.1,472.0,558.7,3.2,235.2,12.0,14.0,10.0,58.0,4.0,2.0,0.0
MH_486_525030,Sambar,Sambar,Akkalkuwa,Nandurbar,21.85284,74.01152,228.7,64.49,-4.8,534.6,37.4,489.7,579.5,3.2,228.5,12.0,14.0,10.0,58.0,4.0,2.0,0.0
MH_497_552486,Kewani,Kewani,Bhiwandi,Thane,19.27121,73.01262,26.51,92.02,0.4,48.0,3.4,43.9,52.1,1.8,186.5,12.0,14.0,10.0,58.0,4.0,2.0,0.0
MH_491_553500,Dighati,Dighati,Panvel,Raigad,18.84259,73.05989,26.04,90.19,0.9,51.8,3.6,47.5,56.1,1.8,188.5,12.0,14.0,10.0,58.0,4.0,2.0,0.0
MH_470_559594,Borkhed,Borkhed,Bid,Beed,18.74186,75.63066,287.57,91.18,-15.0,307.4,21.5,281.6,333.2,1.5,296.5,12.0,14.0,10.0,58.0,4.0,2.0,0.0
MH_468_531404,Tembrukheda,Tembrukheda,Dharni,Amravati,21.35048,76.65352,430.46,39.61,-15.0,286.9,20.1,262.8,311.0,1.5,339.4,12.0,14.0,10.0,58.0,4.0,2.0,0.0
MH_491_553337,Kacherpada,Kacherpada,Uran,Raigad,18.86124,72.99747,19.16,97.06,0.3,46.8,3.3,42.8,50.8,1.8,185.9,12.0,14.0,10.0,58.0,4.0,2.0,0.0
MH_492_565838,Vanzole,Vanzole,Sangameshwar,Ratnagiri,17.0231,73.6785,40.41,66.11,2.7,652.9,45.7,598.1,707.7,14.5,214.5,12.0,14.0,10.0,58.0,4.0,2.0,0.0
MH_491_554868,Devaghar,Devaghar,Shrivardhan,Raigad,17.99475,73.02519,21.66,105.49,0.5,49.0,3.4,44.9,53.1,1.8,187.1,12.0,14.0,10.0,58.0,4.0,2.0,0.0
MH_488_561232,Jeba,Jeba,Washi,Osmanabad,18.67012,75.75746,297.49,104.05,-15.0,304.9,21.3,279.3,330.4,1.5,301.8,12.0,14.0,10.0,58.0,4.0,2.0,0.0
MH_500_542596,Umari,Umari,Darwha,Yavatmal,20.23281,77.8341,533.76,137.82,-15.0,263.3,18.4,241.2,285.4,1.5,29.0,12.0,14.0,10.0,58.0,4.0,2.0,0.0
MH_475_538605,Chicholi Chak,Chicholi Chak,Armori,Gadchiroli,20.33468,80.16779,777.4,330.08,-15.0,216.6,15.2,198.4,234.9,1.5,127.0,12.0,14.0,10.0,58.0,4.0,2.0,0.0
MH_500_542016,Khandala,Khandala,Ner,Yavatmal,20.58601,77.86961,540.41,113.23,-15.0,262.6,18.4,240.5,284.7,1.5,30.5,12.0,14.0,10.0,58.0,4.0,2.0,0.0
MH_476_538215,Dhabetekadi,Dhabetekadi,Arjuni Morgaon,Gondia,20.88061,80.13822,778.13,327.61,-15.0,217.2,15.2,199.0,235.5,1.5,125.8,12.0,14.0,10.0,58.0,4.0,2.0,0.0
MH_494_563241,Taradgaon,Taradgaon,Phaltan,Satara,18.02876,74.25198,125.32,37.2,-10.2,505.8,35.4,463.3,548.2,3.2,238.6,12.0,14.0,10.0,58.0,4.0,2.0,0.0
MH_491_554534,Potlaj Bk,Potlaj Bk,Sudhagad,Raigad,18.50983,73.31621,49.21,56.33,22.9,893.2,62.5,818.2,968.2,14.5,199.3,12.0,14.0,10.0,58.0,4.0,2.0,0.0
MH_492_566054,Janshi,Janshi,Rajapur,Ratnagiri,16.58009,73.38297,46.43,88.06,34.2,830.2,58.1,760.5,899.9,14.5,202.1,12.0,14.0,10.0,58.0,4.0,2.0,0.0
MH_473_540928,Chargaon,Chargaon,Sawali,Chandrapur,20.09763,79.76784,733.27,281.3,-15.0,224.6,15.7,205.8,243.5,1.5,110.2,12.0,14.0,10.0,58.0,4.0,2.0,0.0
MH_479_547345,Muthad,Muthad,Bhokardan,Jalna,20.25021,75.69784,311.45,85.69,-15.0,306.0,21.4,280.4,331.7,1.5,299.3,12.0,14.0,10.0,58.0,4.0,2.0,0.0
MH_480_568043,Tarewadi,Tarewadi,Gadhinglaj,Kolhapur,16.05771,74.34597,79.64,73.1,-12.3,494.5,34.6,453.0,536.0,3.2,242.5,12.0,14.0,10.0,58.0,4.0,2.0,0.0
MH_491_554848,Ranavali,Ranavali,Shrivardhan,Raigad,18.0717,73.06142,29.26,97.61,1.0,51.9,3.6,47.6,56.2,1.8,188.6,12.0,14.0,10.0,58.0,4.0,2.0,0.0
MH_498_534711,Talodi,Talodi,Samudrapur,Wardha,20.53366,79.12336,669.85,232.73,-15.0,237.5,16.6,217.6,257.5,1.5,83.2,12.0,14.0,10.0,58.0,4.0,2.0,0.0
MH_472_529048,Sabra,Sabra,Mehkar,Buldhana,20.19925,76.58567,403.46,119.33,-15.0,288.3,20.2,264.0,312.5,1.5,336.6,12.0,14.0,10.0,58.0,4.0,2.0,0.0
MH_481_560759,Lambota,Lambota,Nilanga,Latur,18.16865,76.78969,392.43,110.4,-15.0,284.2,19.9,260.3,308.1,1.5,345.2,12.0,14.0,10.0,58.0,4.0,2.0,0.0
MH_484_536024,Dhokarda,Dhokarda,Hingna,Nagpur,20.89217,78.85555,645.49,195.58,-15.0,242.9,17.0,222.5,263.3,1.5,71.9,12.0,14.0,10.0,58.0,4.0,2.0,0.0
MH_478_527487,Sadawan Bk,Sadawan Bk,Amalner,Jalgaon,20.98169,75.1208,266.55,45.7,-15.0,317.6,22.2,290.9,344.2,1.5,275.1,12.0,14.0,10.0,58.0,4.0,2.0,0.0
MH_480_568204,Gudavale Khalsa,Gudavale Khalsa,Chandgad,Kolhapur,15.85015,74.15918,56.61,94.6,-8.1,732.4,58.6,644.5,820.3,2.5,223.9,12.0,14.0,10.0,58.0,4.0,2.0,0.0
MH_471_537222,Mogara,Mogara,Lakhani,Bhandara,20.99544,79.88335,752.84,299.98,-15.0,222.3,15.6,203.6,241.1,1.5,115.1,12.0,14.0,10.0,58.0,4.0,2.0,0.0
MH_665_552265,Zanzroli,Zanzroli,Palghar,Palghar,19.63008,72.80405,25.59,83.41,0.0,31.3,2.2,28.7,34.0,1.8,177.8,12.0,14.0,10.0,58.0,4.0,2.0,0.0
MH_469_549486,Dhangaon,Dhangaon,Paithan,Aurangabad,19.57949,75.37456,270.61,11.8,-15.0,312.5,21.9,286.2,338.8,1.5,285.7,12.0,14.0,10.0,58.0,4.0,2.0,0.0
MH_466_557907,Sukali,Sukali,Shevgaon,Ahmednagar,19.29892,75.51634,285.2,31.86,-15.0,309.7,21.7,283.6,335.7,1.5,291.7,12.0,14.0,10.0,58.0,4.0,2.0,0.0
MH_491_554188,Morkhol,Morkhol,Alibag,Raigad,18.5494,72.99302,16.42,90.37,0.3,46.4,3.3,42.5,50.4,1.8,185.7,12.0,14.0,10.0,58.0,4.0,2.0,0.0
MH_473_540763,Adyal Gaonganna,Adyal Gaonganna,Brahmapuri,Chandrapur,20.5707,79.78042,738.38,297.2,-15.0,224.4,15.7,205.6,243.2,1.5,110.8,12.0,14.0,10.0,58.0,4.0,2.0,0.0
MH_475_539041,Kupaner,Kupaner,Dhanora,Gadchiroli,20.11543,80.28614,787.37,332.54,-15.0,214.3,15.0,196.3,232.3,1.5,132.0,12.0,14.0,10.0,58.0,4.0,2.0,0.0
MH_485_544672,Pasadgaon,Pasadgaon,Nanded,Nanded,19.2191,77.30471,470.86,13.25,-15.0,273.9,19.2,250.9,296.9,1.5,6.8,12.0,14.0,10.0,58.0,4.0,2.0,0.0
MH_489_546630,Pokharni,Pokharni,Jintur,Parbhani,19.60478,76.81684,421.63,75.63,-15.0,283.7,19.9,259.8,307.5,1.5,346.3,12.0,14.0,10.0,58.0,4.0,2.0,0.0
MH_473_541407,Sushi Dabgaon,Sushi Dabgaon,Mul,Chandrapur,19.9538,79.58726,713.25,257.82,-15.0,228.3,16.0,209.1,247.5,1.5,102.7,12.0,14.0,10.0,58.0,4.0,2.0,0.0
MH_492_564703,Dhangar,Dhangar,Mandangad,Ratnagiri,18.02159,73.24681,28.79,85.16,12.5,912.9,63.9,836.2,989.6,14.5,196.4,12.0,14.0,10.0,58.0,4.0,2.0,0.0
MH_489_547198,Narhapur,Narhapur,Purna,Parbhani,19.1653,77.1143,450.28,20.82,-15.0,277.7,19.4,254.4,301.0,1.5,358.8,12.0,14.0,10.0,58.0,4.0,2.0,0.0
MH_491_553610,Takave,Takave,Karjat,Raigad,18.96758,73.39192,60.62,68.51,35.6,868.4,60.8,795.4,941.3,14.5,202.5,12.0,14.0,10.0,58.0,4.0,2.0,0.0
MH_471_537076,Pangadi,Pangadi,Sakoli,Bhandara,21.22683,79.96352,763.96,307.21,-15.0,220.7,15.5,202.1,239.3,1.5,118.5,12.0,14.0,10.0,58.0,4.0,2.0,0.0
MH_498_534741,Sonapur,Sonapur,Samudrapur,Wardha,20.49504,79.08933,666.01,230.83,-15.0,238.2,16.7,218.2,258.3,1.5,81.8,12.0,14.0,10.0,58.0,4.0,2.0,0.0
MH_467_530154,Hingna Barling,Hingna Barling,Akola,Akola,20.6287,76.97993,448.54,63.56,-15.0,280.4,19.6,256.9,303.9,1.5,353.2,12.0,14.0,10.0,58.0,4.0,2.0,0.0
MH_476_537522,Kindgipar,Kindgipar,Tirora,Gondia,21.5308,79.9832,770.99,311.1,-15.0,220.3,15.4,201.9,238.8,1.5,119.3,12.0,14.0,10.0,58.0,4.0,2.0,0.0
MH_477_545910,Sayala,Sayala,Hingoli,Hingoli,19.76032,77.25115,468.03,73.6,-15.0,275.0,19.2,251.9,298.0,1.5,4.5,12.0,14.0,10.0,58.0,4.0,2.0,0.0
MH_491_555007,Adrai,Adrai,Mahad,Raigad,18.17903,73.52508,61.65,51.95,44.4,753.0,52.7,689.8,816.3,14.5,208.1,12.0,14.0,10.0,58.0,4.0,2.0,0.0
MH_466_558669,Halgaon,Halgaon,Jamkhed,Ahmednagar,18.59718,75.22918,242.32,84.65,-15.0,315.4,22.1,288.9,341.9,1.5,279.6,12.0,14.0,10.0,58.0,4.0,2.0,0.0
MH_494_563889,Sherewadi,Sherewadi,Satara,Satara,17.60473,73.96462,95.42,88.98,-3.7,540.2,37.8,494.9,585.6,3.2,226.5,12.0,14.0,10.0,58.0,4.0,2.0,0.0
MH_494_563820,Petri,Petri,Satara,Satara,17.69961,73.86803,83.3,90.45,-1.5,551.8,38.6,505.5,598.2,3.2,222.5,12.0,14.0,10.0,58.0,4.0,2.0,0.0
MH_475_539206,Gawalheti,Gawalheti,Gadchiroli,Gadchiroli,19.98763,80.17043,774.31,316.56,-15.0,216.6,15.2,198.4,234.8,1.5,127.2,12.0,14.0,10.0,58.0,4.0,2.0,0.0
MH_475_539986,Kamasur,Kamasur,Aheri,Gadchiroli,19.04134,80.24685,767.25,309.76,-15.0,215.1,15.1,196.9,233.2,1.5,130.4,12.0,14.0,10.0,58.0,4.0,2.0,0.0
MH_494_564255,Bondri,Bondri,Patan,Satara,17.40061,73.85732,74.76,86.0,-1.3,553.1,38.7,506.7,599.6,3.2,222.0,12.0,14.0,10.0,58.0,4.0,2.0,0.0
MH_498_534422,Daigavhan,Daigavhan,Hinganghat,Wardha,20.59771,78.76247,633.0,194.95,-15.0,244.8,17.1,224.2,265.3,1.5,68.0,12.0,14.0,10.0,58.0,4.0,2.0,0.0
MH_491_554629,Umaroli Kharawali,Umaroli Kharawali,Mangaon,Raigad,18.26275,73.24396,52.91,70.51,12.1,925.5,64.8,847.7,1003.2,14.5,196.2,12.0,14.0,10.0,58.0,4.0,2.0,0.0
MH_492_565427,Kotluk,Kotluk,Guhagar,Ratnagiri,17.42244,73.30809,48.09,124.27,21.5,875.1,61.3,801.6,948.7,14.5,198.9,12.0,14.0,10.0,58.0,4.0,2.0,0.0
MH_485_545032,Dour,Dour,Biloli,Nanded,18.80828,77.72369,501.57,55.11,-15.0,265.5,18.6,243.2,287.8,1.5,24.4,12.0,14.0,10.0,58.0,4.0,2.0,0.0
MH_475_539653,Wasamundi,Wasamundi,Etapalli,Gadchiroli,19.61947,80.18338,773.58,307.95,-15.0,216.3,15.1,198.2,234.5,1.5,127.7,12.0,14.0,10.0,58.0,4.0,2.0,0.0
MH_468_531412,Palaskundi,Palaskundi,Dharni,Amravati,21.29252,76.71742,435.04,31.04,-15.0,285.7,20.0,261.7,309.7,1.5,342.1,12.0,14.0,10.0,58.0,4.0,2.0,0.0
MH_497_552805,Belwali,Belwali,Shahapur,Thane,19.41709,73.59569,83.47,58.55,37.5,766.4,53.6,702.0,830.7,14.5,211.0,12.0,14.0,10.0,58.0,4.0,2.0,0.0
MH_489_546969,Dhamoni,Dhamoni,Sonpeth,Parbhani,18.94425,76.52381,383.66,83.41,-15.0,289.5,20.3,265.2,313.9,1.5,334.0,52.0,18.0,8.0,16.0,2.0,4.0,0.0
MH_477_545976,Hanwatkheda,Hanwatkheda,Hingoli,Hingoli,19.80109,76.99154,441.32,84.4,-15.0,280.2,19.6,256.6,303.7,1.5,353.6,12.0,14.0,10.0,58.0,4.0,2.0,0.0
MH_492_565856,Purye Tarf Devale,Purye Tarf Devale,Sangameshwar,Ratnagiri,16.96491,73.6937,41.96,61.41,2.4,643.8,45.1,589.7,697.9,14.5,215.1,12.0,14.0,10.0,58.0,4.0,2.0,0.0
MH_495_566397,Chinchwali,Chinchwali,Kankavli,Sindhudurg,16.56506,73.65955,60.81,59.5,3.2,664.3,46.5,608.5,720.1,14.5,213.7,12.0,14.0,10.0,58.0,4.0,2.0,0.0
MH_486_525199,Borsisa,Borsisa,Akrani,Nandurbar,21.89393,74.10948,238.48,66.7,-7.0,522.9,36.6,478.9,566.8,3.2,232.6,12.0,14.0,10.0,58.0,4.0,2.0,0.0
MH_466_557134,Babhul Wandi,Babhul Wandi,Akola,Ahmednagar,19.60349,73.87813,115.25,43.96,-1.8,550.6,38.5,504.4,596.8,3.2,222.9,12.0,14.0,10.0,58.0,4.0,2.0,0.0
MH_495_566278,Burabavade,Burabavade,Devgad,Sindhudurg,16.46784,73.6205,67.35,66.93,33.7,687.7,48.1,630.0,745.4,14.5,212.1,12.0,14.0,10.0,58.0,4.0,2.0,0.0
MH_492_565644,Wayangani,Wayangani,Ratnagiri,Ratnagiri,16.9326,73.2969,6.39,99.54,19.7,881.9,61.7,807.8,955.9,14.5,198.5,12.0,14.0,10.0,58.0,4.0,2.0,0.0
MH_472_529106,Vardada,Vardada,Chikhli,Buldhana,20.43895,76.5355,400.51,97.43,-15.0,289.3,20.3,264.9,313.6,1.5,334.5,12.0,14.0,10.0,58.0,4.0,2.0,0.0
MH_470_559990,Bhawthana,Bhawthana,Ambejogai,Beed,18.7794,76.28001,353.6,113.05,-15.0,294.4,20.6,269.7,319.1,1.5,323.8,12.0,14.0,10.0,58.0,4.0,2.0,0.0
MH_498_534681,Ubda,Ubda,Samudrapur,Wardha,20.5805,78.89594,646.67,208.66,-15.0,242.1,16.9,221.8,262.4,1.5,73.6,12.0,14.0,10.0,58.0,4.0,2.0,0.0
MH_491_555219,Khadkawane,Khadkawane,Poladpur,Raigad,17.90084,73.45327,39.75,81.55,43.1,788.0,55.2,721.8,854.3,14.5,205.0,12.0,14.0,10.0,58.0,4.0,2.0,0.0
MH_473_540808,Belpatali,Belpatali,Brahmapuri,Chandrapur,20.50498,79.91617,752.03,312.72,-15.0,221.7,15.5,203.1,240.3,1.5,116.5,12.0,14.0,10.0,58.0,4.0,2.0,0.0
MH_484_535175,Khairi,Khairi,Kalameshwar,Nagpur,21.20806,78.85531,649.93,192.34,-15.0,242.9,17.0,222.5,263.3,1.5,71.9,12.0,14.0,10.0,58.0,4.0,2.0,0.0
MH_489_546931,Thadi Pimpalgaon,Thadi Pimpalgaon,Sonpeth,Parbhani,19.12253,76.57943,393.94,75.75,-15.0,288.4,20.2,264.2,312.7,1.5,336.3,52.0,18.0,8.0,16.0,2.0,4.0,0.0
MH_489_547161,Fattunaik Tanda,Fattunaik Tanda,Palam,Parbhani,18.84527,77.00768,429.24,41.8,-15.0,279.8,19.6,256.3,303.4,1.5,354.3,12.0,14.0,10.0,58.0,4.0,2.0,0.0
MH_469_251430,Khuldabad,Khuldabad,Central,Aurangabad,20.00125,75.19493,257.6,56.81,-15.0,316.1,22.1,289.6,342.6,1.5,278.2,12.0,14.0,10.0,58.0,4.0,2.0,0.0
MH_500_542426,Mangrul,Mangrul,Yavatmal,Yavatmal,20.1949,78.01478,552.45,142.92,-15.0,259.7,18.2,237.9,281.5,1.5,36.6,12.0,14.0,10.0,58.0,4.0,2.0,0.0
MH_491_553752,Wangani,Wangani,Khalapur,Raigad,18.85128,73.31989,52.87,66.29,23.5,906.4,63.4,830.3,982.5,14.5,199.4,12.0,14.0,10.0,58.0,4.0,2.0,0.0
MH_500_542020,Walki,Walki,Ner,Yavatmal,20.5745,77.87962,541.31,114.84,-15.0,262.4,18.4,240.3,284.5,1.5,30.9,12.0,14.0,10.0,58.0,4.0,2.0,0.0
MH_466_558108,Madadgaon,Madadgaon,Nagar,Ahmednagar,19.04777,74.85922,214.19,68.33,-15.0,432.9,30.3,396.5,469.3,3.2,264.1,12.0,14.0,10.0,58.0,4.0,2.0,0.0
MH_484_535095,Dhotiwada,Dhotiwada,Katol,Nagpur,21.04585,78.66434,627.75,173.48,-15.0,246.7,17.3,226.0,267.5,1.5,63.9,12.0,14.0,10.0,58.0,4.0,2.0,0.0
MH_477_546016,Sukapur,Sukapur,Aundha (Nagnath),Hingoli,19.5545,77.01208,441.88,58.88,-15.0,279.8,19.6,256.2,303.3,1.5,354.5,12.0,14.0,10.0,58.0,4.0,2.0,0.0
MH_498_534721,Silli,Silli,Samudrapur,Wardha,20.51978,79.14765,672.26,235.62,-15.0,237.0,16.6,217.1,257.0,1.5,84.2,12.0,14.0,10.0,58.0,4.0,2.0,0.0
MH_476_537858,Mahalgaon,Mahalgaon,Gondiya,Gondia,21.54368,80.03459,776.47,316.54,-15.0,219.3,15.4,200.8,237.8,1.5,121.5,12.0,14.0,10.0,58.0,4.0,2.0,0.0
MH_492_564712,Ambadawe,Ambadawe,Mandangad,Ratnagiri,18.01372,73.18745,24.89,90.5,6.4,948.1,66.4,868.5,1027.8,14.5,193.9,12.0,14.0,10.0,58.0,4.0,2.0,0.0
MH_466_557650,Kuranpur,Kuranpur,Shrirampur,Ahmednagar,19.56373,74.56646,186.07,49.01,-15.0,468.0,32.8,428.7,507.4,3.2,251.8,12.0,14.0,10.0,58.0,4.0,2.0,0.0
MH_485_544898,Shelgaon,Shelgaon,Umri,Nanded,19.06824,77.58282,494.13,29.93,-15.0,268.3,18.8,245.8,290.9,1.5,18.5,12.0,14.0,10.0,58.0,4.0,2.0,0.0
MH_497_552972,Ambivali Tarf Chon,Ambivali Tarf Chon,Kalyan,Thane,19.20631,73.22716,49.73,87.53,10.2,978.0,68.5,895.8,1060.2,14.5,195.5,12.0,14.0,10.0,58.0,4.0,2.0,0.0
MH_470_559794,Sawleshwar,Sawleshwar,Kaij,Beed,18.65173,76.18417,339.92,115.36,-15.0,296.3,20.7,271.5,321.2,1.5,319.7,12.0,14.0,10.0,58.0,4.0,2.0,0.0
MH_500_543271,Barbhai,Barbhai,Arni,Yavatmal,19.94764,78.10901,559.17,126.78,-15.0,257.8,18.0,236.2,279.4,1.5,40.6,12.0,14.0,10.0,58.0,4.0,2.0,0.0
MH_496_561843,Hivare,Hivare,Karmala,Solapur,18.35369,75.3201,243.36,81.37,-15.0,313.6,22.0,287.2,340.0,1.5,283.4,12.0,14.0,10.0,58.0,4.0,2.0,0.0
MH_473_540296,Borgaon Bhosale,Borgaon Bhosale,Warora,Chandrapur,20.38472,79.10275,666.68,236.64,-15.0,237.9,16.7,217.9,258.0,1.5,82.3,12.0,14.0,10.0,58.0,4.0,2.0,0.0
MH_467_529711,Amboda,Amboda,Akot,Akola,21.15085,77.08735,468.5,10.58,-15.0,278.3,19.5,254.9,301.7,1.5,357.7,12.0,14.0,10.0,58.0,4.0,2.0,0.0
MH_498_533680,Adegaon,Adegaon,Arvi,Wardha,21.00527,78.26357,585.92,132.86,-15.0,254.7,17.8,233.4,276.1,1.5,47.1,12.0,14.0,10.0,58.0,4.0,2.0,0.0
MH_480_567040,Vishalgad,Vishalgad,Shahuwadi,Kolhapur,16.90681,73.74179,47.89,53.92,1.3,614.9,43.0,563.3,666.5,14.5,217.2,12.0,14.0,10.0,58.0,4.0,2.0,0.0
MH_491_553537,Kondiwale,Kondiwale,Karjat,Raigad,19.06136,73.34476,58.02,79.5,27.8,900.9,63.1,825.2,976.6,14.5,200.5,12.0,14.0,10.0,58.0,4.0,2.0,0.0
MH_499_531259,Pimpalgaon,Pimpalgaon,Washim,Washim,20.05115,77.27443,473.89,105.8,-15.0,274.5,19.2,251.5,297.6,1.5,5.5,12.0,14.0,10.0,58.0,4.0,2.0,0.0
MH_484_536215,Parsodi,Parsodi,Umred,Nagpur,20.81242,79.33471,694.29,246.15,-15.0,233.3,16.3,213.7,252.9,1.5,92.1,12.0,14.0,10.0,58.0,4.0,2.0,0.0
MH_471_537478,Borgaon,Borgaon,Lakhandur,Bhandara,20.82787,79.86547,749.43,300.29,-15.0,222.7,15.6,204.0,241.4,1.5,114.3,12.0,14.0,10.0,58.0,4.0,2.0,0.0
MH_665_551898,Chandranagar,Chandranagar,Jawhar,Palghar,19.96201,73.22753,52.01,31.71,10.2,1011.8,70.8,926.8,1096.7,14.5,195.6,12.0,14.0,10.0,58.0,4.0,2.0,0.0
MH_498_533760,Murtijapur,Murtijapur,Arvi,Wardha,20.93819,78.24135,582.67,132.05,-15.0,255.2,17.9,233.7,276.7,1.5,46.1,12.0,14.0,10.0,58.0,4.0,2.0,0.0
MH_498_533719,Shirpur,Shirpur,Arvi,Wardha,21.03728,78.18322,578.16,124.06,-15.0,256.3,17.9,234.9,277.8,1.5,43.7,12.0,14.0,10.0,58.0,4.0,2.0,0.0
MH_485_544151,Kupti,Kupti,Mahoor,Nanded,19.73374,77.9607,541.95,98.83,-15.0,260.8,18.3,238.8,282.7,1.5,34.3,12.0,14.0,10.0,58.0,4.0,2.0,0.0
MH_497_553160,Nagaon,Nagaon,Murbad,Thane,19.26972,73.49997,74.86,74.6,45.0,817.2,57.2,748.5,885.8,14.5,207.0,12.0,14.0,10.0,58.0,4.0,2.0,0.0
MH_467_530567,Kardu,Kardu,Barshitakli,Akola,20.54625,77.23497,474.27,76.68,-15.0,275.3,19.3,252.1,298.5,1.5,3.9,12.0,14.0,10.0,58.0,4.0,2.0,0.0
MH_492_566079,Katradevi,Katradevi,Rajapur,Ratnagiri,16.53634,73.40539,51.68,86.6,37.6,816.8,57.2,748.1,885.4,14.5,203.0,12.0,14.0,10.0,58.0,4.0,2.0,0.0
MH_472_528617,Nimbari,Nimbari,Malkapur,Buldhana,20.83582,76.17512,368.73,66.76,-15.0,296.5,20.8,271.5,321.5,1.5,319.4,12.0,14.0,10.0,58.0,4.0,2.0,0.0
MH_469_549550,Kekat Jalgaon,Kekat Jalgaon,Paithan,Aurangabad,19.4862,75.62607,296.48,34.21,-15.0,307.5,21.5,281.7,333.3,1.5,296.3,12.0,14.0,10.0,58.0,4.0,2.0,0.0
MH_494_564251,Sakhari,Sakhari,Patan,Satara,17.41908,73.89971,79.59,86.09,-2.2,548.0,38.4,502.0,594.1,3.2,223.8,12.0,14.0,10.0,58.0,4.0,2.0,0.0
MH_484_536010,Mandawa,Mandawa,Hingna,Nagpur,20.93275,78.93188,653.84,202.65,-15.0,241.4,16.9,221.1,261.6,1.5,75.1,12.0,14.0,10.0,58.0,4.0,2.0,0.0
MH_469_549120,Sonwadi,Sonwadi,Vaijapur,Aurangabad,19.96343,74.99207,236.41,51.58,-15.0,417.0,29.2,381.9,452.0,3.2,269.7,12.0,14.0,10.0,58.0,4.0,2.0,0.0
MH_500_542276,Pimpalgaon Hore,Pimpalgaon Hore,Kalamb,Yavatmal,20.49239,78.30899,584.94,157.14,-15.0,253.8,17.8,232.5,275.2,1.5,49.0,12.0,14.0,10.0,58.0,4.0,2.0,0.0
MH_488_561746,Kasgi,Kasgi,Umarga,Osmanabad,17.73247,76.58002,357.75,72.62,-15.0,288.4,20.2,264.2,312.6,1.5,336.4,12.0,14.0,10.0,58.0,4.0,2.0,0.0
MH_498_534671,Nagapur,Nagapur,Samudrapur,Wardha,20.61791,78.80854,637.99,198.69,-15.0,243.8,17.1,223.3,264.3,1.5,70.0,12.0,14.0,10.0,58.0,4.0,2.0,0.0
MH_468_531879,Sawali Datura,Sawali Datura,Achalpur,Amravati,21.31204,77.48196,512.34,51.48,-15.0,270.4,18.9,247.7,293.0,1.5,14.2,12.0,14.0,10.0,58.0,4.0,2.0,0.0
MH_498_533849,Pachod,Pachod,Arvi,Wardha,20.825,78.40292,597.95,151.48,-15.0,251.9,17.6,230.8,273.1,1.5,52.9,12.0,14.0,10.0,58.0,4.0,2.0,0.0
MH_488_561701,Talmod,Talmod,Umarga,Osmanabad,17.83127,76.7511,377.91,92.36,-15.0,285.0,19.9,261.1,308.9,1.5,343.5,12.0,14.0,10.0,58.0,4.0,2.0,0.0
MH_496_561894,Loni,Loni,Madha,Solapur,18.24558,75.38662,247.62,85.65,-15.0,312.3,21.9,286.0,338.5,1.5,286.2,12.0,14.0,10.0,58.0,4.0,2.0,0.0
MH_474_526556,Sanjori,Sanjori,Dhule,Dhule,20.87925,74.67271,218.85,67.78,-15.0,455.3,31.9,417.0,493.6,3.2,256.3,12.0,14.0,10.0,58.0,4.0,2.0,0.0
MH_489_546953,Mansiram Tanda,Mansiram Tanda,Sonpeth,Parbhani,19.00901,76.58208,391.8,76.13,-15.0,288.4,20.2,264.1,312.6,1.5,336.4,52.0,18.0,8.0,16.0,2.0,4.0,0.0
MH_665_552022,Mande,Mande,Vada,Palghar,19.65854,73.023,37.05,61.59,0.5,48.8,3.4,44.8,52.9,1.8,187.0,12.0,14.0,10.0,58.0,4.0,2.0,0.0
MH_484_536343,Nawargaon,Nawargaon,Kuhi,Nagpur,20.99854,79.28145,690.71,237.73,-15.0,234.4,16.4,214.7,254.1,1.5,89.8,12.0,14.0,10.0,58.0,4.0,2.0,0.0
MH_500_543834,Darara,Darara,Zari-Jamani,Yavatmal,19.95281,78.80714,631.92,184.23,-15.0,243.9,17.1,223.3,264.4,1.5,69.9,12.0,14.0,10.0,58.0,4.0,2.0,0.0
MH_492_565299,Gudhe,Gudhe,Chiplun,Ratnagiri,17.41245,73.38009,47.74,117.78,33.8,831.9,58.2,762.1,901.8,14.5,202.0,12.0,14.0,10.0,58.0,4.0,2.0,0.0
MH_665_551975,Charangaon,Charangaon,Mokhada,Palghar,19.89991,73.34103,64.35,20.25,27.1,940.9,65.9,861.8,1020.0,14.5,200.3,12.0,14.0,10.0,58.0,4.0,2.0,0.0
MH_469_549203,Sultanabad,Sultanabad,Gangapur,Aurangabad,19.90134,75.04058,241.16,52.24,-15.0,319.2,22.3,292.4,345.9,1.5,271.7,12.0,14.0,10.0,58.0,4.0,2.0,0.0
MH_498_534582,Bhangapur,Bhangapur,Samudrapur,Wardha,20.67063,79.09465,668.18,225.36,-15.0,238.1,16.7,218.1,258.1,1.5,82.0,12.0,14.0,10.0,58.0,4.0,2.0,0.0
MH_468_532466,Palaswada,Palaswada,Warud,Amravati,21.34801,78.19274,585.11,124.68,-15.0,256.1,17.9,234.7,277.6,1.5,44.1,12.0,14.0,10.0,58.0,4.0,2.0,0.0
MH_491_553596,Kothimbe,Kothimbe,Karjat,Raigad,18.99669,73.44181,66.27,67.38,42.1,839.8,58.8,769.2,910.3,14.5,204.6,12.0,14.0,10.0,58.0,4.0,2.0,0.0
MH_469_548851,Zalta,Zalta,Aurangabad,Aurangabad,19.84244,75.43165,279.99,40.5,-15.0,311.4,21.8,285.2,337.5,1.5,288.1,12.0,14.0,10.0,58.0,4.0,2.0,0.0
MH_480_567199,Bajarbhongaon,Bajarbhongaon,Panhala,Kolhapur,16.75535,73.99235,78.16,22.95,-4.3,536.9,37.6,491.8,582.0,3.2,227.7,12.0,14.0,10.0,58.0,4.0,2.0,0.0
MH_492_565246,Dalvatne,Dalvatne,Chiplun,Ratnagiri,17.52842,73.57569,60.24,113.52,40.1,714.6,50.0,654.6,774.6,14.5,210.2,12.0,14.0,10.0,58.0,4.0,2.0,0.0
MH_498_999999,Reserved Forest,Reserved Forest,Central,Wardha,21.22031,78.20673,583.84,125.11,-15.0,255.9,17.9,234.4,277.3,1.5,44.7,12.0,14.0,10.0,58.0,4.0,2.0,0.0
MH_498_533956,Wadgaon,Wadgaon,Seloo,Wardha,20.84776,78.66791,625.6,177.49,-15.0,246.6,17.3,225.9,267.4,1.5,64.1,12.0,14.0,10.0,58.0,4.0,2.0,0.0
MH_499_530682,Keli,Keli,Malegaon,Washim,20.21295,76.97868,444.49,109.78,-15.0,280.4,19.6,256.9,303.9,1.5,353.1,4.0,22.0,14.0,52.0,3.0,1.0,4.0
MH_471_537112,Kinhi,Kinhi,Sakoli,Bhandara,21.13942,80.05764,772.49,317.12,-15.0,218.8,15.3,200.5,237.2,1.5,122.4,12.0,14.0,10.0,58.0,4.0,2.0,0.0
MH_498_533438,Sujatpur,Sujatpur,Ashti,Wardha,21.22684,78.15441,578.64,119.7,-15.0,256.9,18.0,235.3,278.5,1.5,42.5,12.0,14.0,10.0,58.0,4.0,2.0,0.0
MH_489_546703,Mohapuri,Mohapuri,Parbhani,Parbhani,19.31628,76.67138,406.24,70.25,-15.0,286.6,20.1,262.5,310.7,1.5,340.2,12.0,14.0,10.0,58.0,4.0,2.0,0.0
MH_476_537805,Lodhi Tola,Lodhi Tola,Gondiya,Gondia,21.52809,80.19918,792.97,333.29,-15.0,216.0,15.1,197.9,234.1,1.5,128.4,12.0,14.0,10.0,58.0,4.0,2.0,0.0
MH_492_565063,Saveni,Saveni,Khed,Ratnagiri,17.6853,73.45501,41.07,102.78,43.2,787.0,55.1,720.9,853.1,14.5,205.1,12.0,14.0,10.0,58.0,4.0,2.0,0.0
MH_476_538028,Bodalbodi,Bodalbodi,Salekasa,Gondia,21.29391,80.45137,815.05,357.83,-15.0,211.0,14.8,193.2,228.7,1.5,139.0,12.0,14.0,10.0,58.0,4.0,2.0,0.0
MH_485_251410,Deglur,Deglur,Central,Nanded,18.53049,77.5812,481.2,69.9,-15.0,268.4,18.8,245.8,290.9,1.5,18.4,12.0,14.0,10.0,58.0,4.0,2.0,0.0
MH_473_541570,Shivapur,Shivapur,Korpana,Chandrapur,19.68656,78.86565,636.38,176.69,-15.0,242.7,17.0,222.3,263.1,1.5,72.4,12.0,14.0,10.0,58.0,4.0,2.0,0.0
MH_469_549291,Wajnapur,Wajnapur,Gangapur,Aurangabad,19.8304,74.99589,234.93,48.62,-15.0,416.5,29.2,381.5,451.5,3.2,269.8,12.0,14.0,10.0,58.0,4.0,2.0,0.0
MH_470_559830,Nimla,Nimla,Dharur,Beed,18.93127,76.27872,358.84,108.99,-15.0,294.4,20.6,269.7,319.1,1.5,323.7,12.0,14.0,10.0,58.0,4.0,2.0,0.0
MH_491_553758,Shengaon,Shengaon,Khalapur,Raigad,18.82523,73.33024,52.66,63.84,25.3,899.0,62.9,823.5,974.5,14.5,199.9,12.0,14.0,10.0,58.0,4.0,2.0,0.0
MH_468_531480,Chopan,Chopan,Dharni,Amravati,21.64592,77.17618,491.89,52.83,-15.0,276.5,19.4,253.2,299.8,1.5,1.4,12.0,14.0,10.0,58.0,4.0,2.0,0.0
MH_500_543510,Ambhora,Ambhora,Kelapur,Yavatmal,20.01173,78.52359,602.98,163.45,-15.0,249.5,17.5,228.5,270.5,1.5,58.0,12.0,14.0,10.0,58.0,4.0,2.0,0.0
MH_468_532765,Dhangarkheda,Dhangarkheda,Bhatkuli,Amravati,21.04,77.57018,515.36,61.76,-15.0,268.6,18.8,246.0,291.2,1.5,17.9,12.0,14.0,10.0,58.0,4.0,2.0,0.0
MH_499_531083,Karkheda,Karkheda,Manora,Washim,20.20749,77.60769,510.04,127.18,-15.0,267.8,18.7,245.4,290.3,1.5,19.5,12.0,14.0,10.0,58.0,4.0,2.0,0.0
MH_471_536978,Wadipar,Wadipar,Bhandara,Bhandara,21.19768,79.72051,738.56,282.03,-15.0,225.6,15.8,206.6,244.5,1.5,108.3,12.0,14.0,10.0,58.0,4.0,2.0,0.0
MH_473_541924,Tohogaon,Tohogaon,Gondpipri,Chandrapur,19.66534,79.48186,700.81,237.34,-15.0,230.4,16.1,211.0,249.7,1.5,98.2,12.0,14.0,10.0,58.0,4.0,2.0,0.0
MH_466_557502,Chas,Chas,Kopargaon,Ahmednagar,19.93355,74.28978,163.08,23.18,-11.0,501.2,35.1,459.1,543.3,3.2,240.2,12.0,14.0,10.0,58.0,4.0,2.0,0.0
MH_499_530925,Meha,Meha,Karanja,Washim,20.6286,77.64078,517.07,92.01,-15.0,267.2,18.7,244.7,289.6,1.5,20.9,12.0,14.0,10.0,58.0,4.0,2.0,0.0
MH_467_530478,Khori Kudavantpur,Khori Kudavantpur,Barshitakli,Akola,20.58792,77.10333,460.95,68.9,-15.0,277.9,19.5,254.5,301.3,1.5,358.3,12.0,14.0,10.0,58.0,4.0,2.0,0.0
MH_467_529823,Jaulka,Jaulka,Akot,Akola,21.00685,77.0657,463.15,22.53,-15.0,278.7,19.5,255.3,302.1,1.5,356.8,12.0,14.0,10.0,58.0,4.0,2.0,0.0
MH_472_529115,Mahimal,Mahimal,Chikhli,Buldhana,20.40176,76.39093,385.07,109.03,-15.0,292.2,20.5,267.6,316.8,1.5,328.4,12.0,14.0,10.0,58.0,4.0,2.0,0.0
MH_478_527132,Velhale,Velhale,Bhusawal,Jalgaon,20.98423,75.86947,341.23,32.25,-15.0,302.6,21.2,277.2,328.1,1.5,306.5,12.0,14.0,10.0,58.0,4.0,2.0,0.0
MH_470_558773,Mahadeowadi,Mahadeowadi,Ashti,Beed,18.95482,75.06815,234.02,65.33,-15.0,318.6,22.3,291.9,345.4,1.5,272.9,12.0,14.0,10.0,58.0,4.0,2.0,0.0
MH_665_552379,Jansai,Jansai,Palghar,Palghar,19.6196,72.90999,27.0,74.01,0.0,39.8,2.8,36.4,43.2,1.8,182.2,12.0,14.0,10.0,58.0,4.0,2.0,0.0
MH_488_561568,Kalegaon,Kalegaon,Tuljapur,Osmanabad,17.85828,76.11895,314.26,32.77,-15.0,297.6,20.8,272.7,322.6,1.5,317.0,12.0,14.0,10.0,58.0,4.0,2.0,0.0
MH_486_525100,Ukhalsag,Ukhalsag,Akkalkuwa,Nandurbar,21.58946,73.94065,201.2,41.91,-3.2,543.1,38.0,497.5,588.7,3.2,225.5,12.0,14.0,10.0,58.0,4.0,2.0,0.0
MH_468_531908,Narayanpur,Narayanpur,Achalpur,Amravati,21.27176,77.55654,518.88,58.23,-15.0,268.9,18.8,246.3,291.4,1.5,17.4,12.0,14.0,10.0,58.0,4.0,2.0,0.0
MH_468_531516,Duni,Duni,Dharni,Amravati,21.55469,77.0085,472.27,39.45,-15.0,279.8,19.6,256.3,303.3,1.5,354.4,12.0,14.0,10.0,58.0,4.0,2.0,0.0
MH_476_538287,Khairi,Khairi,Arjuni Morgaon,Gondia,20.8293,80.07676,771.35,322.01,-15.0,218.5,15.3,200.1,236.8,1.5,123.2,12.0,14.0,10.0,58.0,4.0,2.0,0.0
MH_488_561478,Bavi,Bavi,Osmanabad,Osmanabad,18.08109,76.09016,318.8,51.99,-15.0,298.2,20.9,273.1,323.3,1.5,315.8,12.0,14.0,10.0,58.0,4.0,2.0,0.0
MH_489_546924,Wanisangam,Wanisangam,Sonpeth,Parbhani,19.05022,76.48718,383.37,85.6,-15.0,290.3,20.3,265.9,314.6,1.5,332.5,52.0,18.0,8.0,16.0,2.0,4.0,0.0
MH_498_534104,Kutki,Kutki,Wardha,Wardha,20.73442,78.67382,625.12,181.34,-15.0,246.5,17.3,225.8,267.3,1.5,64.3,12.0,14.0,10.0,58.0,4.0,2.0,0.0
MH_477_545758,Ajegaon,Ajegaon,Sengaon,Hingoli,19.8854,76.92031,434.85,95.97,-15.0,281.6,19.7,258.0,305.2,1.5,350.7,12.0,14.0,10.0,58.0,4.0,2.0,0.0
MH_491_553824,Lakhola,Lakhola,Pen,Raigad,18.7664,73.01529,20.78,91.79,0.4,48.2,3.4,44.1,52.3,1.8,186.6,12.0,14.0,10.0,58.0,4.0,2.0,0.0
MH_496_561941,Takali Tembhurni,Takali Tembhurni,Madha,Solapur,17.98346,75.06324,209.68,54.34,-15.0,318.7,22.3,292.0,345.5,1.5,272.7,12.0,14.0,10.0,58.0,4.0,2.0,0.0
MH_476_537881,Kidangipar,Kidangipar,Gondiya,Gondia,21.46107,80.08595,780.21,320.95,-15.0,218.3,15.3,199.9,236.6,1.5,123.6,12.0,14.0,10.0,58.0,4.0,2.0,0.0
MH_471_537285,Adyal,Adyal,Pauni,Bhandara,20.93712,79.70908,734.22,282.61,-15.0,225.8,15.8,206.9,244.8,1.5,107.8,12.0,14.0,10.0,58.0,4.0,2.0,0.0
MH_472_528396,Aswand,Aswand,Sangrampur,Buldhana,20.91921,76.78123,432.35,38.6,-15.0,284.4,19.9,260.5,308.3,1.5,344.8,12.0,14.0,10.0,58.0,4.0,2.0,0.0
MH_500_542573,Waghal,Waghal,Darwha,Yavatmal,20.32177,77.86758,537.72,132.94,-15.0,262.6,18.4,240.6,284.7,1.5,30.4,12.0,14.0,10.0,58.0,4.0,2.0,0.0
MH_491_554612,Wave Diwali,Wave Diwali,Mangaon,Raigad,18.35377,73.22106,48.82,69.18,9.5,943.3,66.0,864.1,1022.5,14.5,195.3,12.0,14.0,10.0,58.0,4.0,2.0,0.0
MH_500_542027,Kurhegaon,Kurhegaon,Ner,Yavatmal,20.59713,77.98683,552.68,122.48,-15.0,260.3,18.2,238.4,282.1,1.5,35.4,12.0,14.0,10.0,58.0,4.0,2.0,0.0
MH_491_554223,Yesade,Yesade,Murud,Raigad,18.50117,72.96268,18.27,93.61,0.1,44.0,3.1,40.3,47.7,1.8,184.4,12.0,14.0,10.0,58.0,4.0,2.0,0.0
MH_493_568620,Aoutewadi,Aoutewadi,Atpadi,Sangli,17.29716,74.7749,160.39,90.26,-15.0,443.0,31.0,405.8,480.2,3.2,260.5,12.0,14.0,10.0,58.0,4.0,2.0,0.0
MH_489_546753,Purjawala,Purjawala,Parbhani,Parbhani,19.18168,76.89098,427.23,43.92,-15.0,282.2,19.8,258.4,305.9,1.5,349.4,12.0,14.0,10.0,58.0,4.0,2.0,0.0
MH_471_536914,Jakh,Jakh,Bhandara,Bhandara,21.17684,79.6,725.88,269.57,-15.0,228.0,16.0,208.8,247.2,1.5,103.2,12.0,14.0,10.0,58.0,4.0,2.0,0.0
MH_475_539186,Maroda,Maroda,Gadchiroli,Gadchiroli,20.06659,80.09065,766.6,311.48,-15.0,218.2,15.3,199.8,236.5,1.5,123.8,12.0,14.0,10.0,58.0,4.0,2.0,0.0
MH_489_546722,Sultanpur,Sultanpur,Parbhani,Parbhani,19.38359,76.80037,419.58,61.2,-15.0,284.0,19.9,260.1,307.9,1.5,345.6,12.0,14.0,10.0,58.0,4.0,2.0,0.0
MH_665_551891,Chandgaon,Chandgaon,Jawhar,Palghar,19.96298,73.15885,44.83,38.88,4.4,1053.0,73.7,964.6,1141.5,14.5,192.7,12.0,14.0,10.0,58.0,4.0,2.0,0.0
MH_489_546793,Bharaswad,Bharaswad,Parbhani,Parbhani,19.15946,76.66375,403.25,67.17,-15.0,286.7,20.1,262.6,310.8,1.5,339.9,12.0,14.0,10.0,58.0,4.0,2.0,0.0
MH_665_551944,Zap,Zap,Jawhar,Palghar,19.82698,73.26967,58.62,29.98,15.6,980.4,68.6,898.1,1062.7,14.5,197.3,12.0,14.0,10.0,58.0,4.0,2.0,0.0
MH_485_545320,Bahadarpura,Bahadarpura,Kandhar,Nanded,18.87153,77.20828,450.39,27.17,-15.0,275.8,19.3,252.7,299.0,1.5,2.7,12.0,14.0,10.0,58.0,4.0,2.0,0.0
MH_481_560952,Boyachiwadi,Boyachiwadi,Udgir,Latur,18.46387,77.00261,419.78,77.35,-15.0,279.9,19.6,256.4,303.5,1.5,354.1,12.0,14.0,10.0,58.0,4.0,2.0,0.0
MH_494_563676,Chadvadi,Chadvadi,Koregaon,Satara,17.71667,74.14428,112.12,66.68,-7.7,518.7,36.3,475.1,562.2,3.2,234.1,12.0,14.0,10.0,58.0,4.0,2.0,0.0
MH_489_546879,Warkheda,Warkheda,Pathri,Parbhani,19.3283,76.2992,367.16,106.51,-15.0,294.0,20.6,269.3,318.7,1.5,324.6,12.0,14.0,10.0,58.0,4.0,2.0,0.0
MH_484_535947,Dudha,Dudha,Nagpur(Rural),Nagpur,20.83598,78.9426,653.9,205.66,-15.0,241.1,16.9,220.9,261.4,1.5,75.6,12.0,14.0,10.0,58.0,4.0,2.0,0.0
MH_497_552519,Sakharoli,Sakharoli,Bhiwandi,Thane,19.39105,73.06656,27.98,77.98,1.1,52.3,3.7,47.9,56.8,1.8,188.8,12.0,14.0,10.0,58.0,4.0,2.0,0.0
MH_478_527385,Dhanore,Dhanore,Dharangaon,Jalgaon,21.03338,75.32023,288.01,25.02,-15.0,313.6,22.0,287.2,340.0,1.5,283.4,12.0,14.0,10.0,58.0,4.0,2.0,0.0
MH_492_565574,Panval,Panval,Ratnagiri,Ratnagiri,17.0003,73.40375,11.09,91.08,37.4,817.8,57.2,749.1,886.4,14.5,203.0,12.0,14.0,10.0,58.0,4.0,2.0,0.0
MH_497_552686,Kalher,Kalher,Central,Thane,19.25112,73.00788,27.38,94.12,0.4,47.6,3.3,43.7,51.6,1.8,186.3,12.0,14.0,10.0,58.0,4.0,2.0,0.0
MH_491_554490,Kanhivali,Kanhivali,Sudhagad,Raigad,18.61168,73.28884,44.25,59.84,18.4,914.2,64.0,837.4,991.0,14.5,198.1,12.0,14.0,10.0,58.0,4.0,2.0,0.0
MH_496_562648,Nandur,Nandur,Mangalvedhe,Solapur,17.44472,75.5933,248.77,39.73,-15.0,308.1,21.6,282.2,334.1,1.5,294.9,12.0,14.0,10.0,58.0,4.0,2.0,0.0
MH_500_543663,Palas Kund,Palas Kund,Ralegaon,Yavatmal,20.20531,78.63257,616.7,185.95,-15.0,247.3,17.3,226.6,268.1,1.5,62.6,12.0,14.0,10.0,58.0,4.0,2.0,0.0
MH_467_529792,Sawara,Sawara,Akot,Akola,21.08177,77.13995,472.28,19.58,-15.0,277.2,19.4,253.9,300.5,1.5,359.9,12.0,14.0,10.0,58.0,4.0,2.0,0.0
MH_491_553864,Khar Dubej,Khar Dubej,Pen,Raigad,18.80659,73.08041,28.88,86.71,1.3,53.4,3.7,49.0,57.9,1.8,189.4,12.0,14.0,10.0,58.0,4.0,2.0,0.0
MH_498_534473,Yenora,Yenora,Hinganghat,Wardha,20.49497,78.82655,638.71,205.36,-15.0,243.5,17.0,223.1,263.9,1.5,70.7,12.0,14.0,10.0,58.0,4.0,2.0,0.0
MH_476_537658,Borgaon,Borgaon,Goregaon,Gondia,21.37062,80.13374,783.6,325.23,-15.0,217.3,15.2,199.1,235.6,1.5,125.6,12.0,14.0,10.0,58.0,4.0,2.0,0.0
MH_480_567932,Kowade,Kowade,Ajra,Kolhapur,16.13192,74.29284,77.03,63.94,-11.1,500.9,35.1,458.7,543.0,3.2,240.3,12.0,14.0,10.0,58.0,4.0,2.0,0.0
MH_473_540716,Walni,Walni,Nagbhir,Chandrapur,20.4203,79.64725,723.56,286.15,-15.0,227.1,15.9,208.0,246.1,1.5,105.2,12.0,14.0,10.0,58.0,4.0,2.0,0.0
MH_478_527492,Ranjane,Ranjane,Amalner,Jalgaon,21.08884,75.06082,264.79,52.54,-15.0,318.8,22.3,292.0,345.5,1.5,272.6,12.0,14.0,10.0,58.0,4.0,2.0,0.0
MH_470_559532,Rajkapur,Rajkapur,Bid,Beed,19.07847,75.83997,316.29,73.54,-15.0,303.2,21.2,277.8,328.6,1.5,305.3,12.0,14.0,10.0,58.0,4.0,2.0,0.0
MH_467_529928,Borwakadi,Borwakadi,Balapur,Akola,20.71013,76.87889,439.04,55.9,-15.0,282.4,19.8,258.7,306.2,1.5,348.9,12.0,14.0,10.0,58.0,4.0,2.0,0.0
MH_468_531622,Bilu,Bilu,Chikhaldara,Amravati,21.66898,77.51145,525.68,74.31,-15.0,269.8,18.9,247.1,292.5,1.5,15.5,12.0,14.0,10.0,58.0,4.0,2.0,0.0
MH_468_533070,Nandgaon Khandh,Nandgaon Khandh,Nandgaon-Khandeshwar,Amravati,20.67712,77.84304,538.47,105.1,-15.0,263.1,18.4,241.1,285.2,1.5,29.4,4.0,22.0,14.0,52.0,3.0,1.0,4.0
MH_470_559843,Katewadi,Katewadi,Dharur,Beed,18.93405,76.1486,346.11,109.08,-15.0,297.0,20.8,272.1,322.0,1.5,318.2,12.0,14.0,10.0,58.0,4.0,2.0,0.0
MH_500_543113,Kanha,Kanha,Mahagaon,Yavatmal,19.85236,77.68054,513.61,92.68,-15.0,266.4,18.6,244.1,288.7,1.5,22.6,12.0,14.0,10.0,58.0,4.0,2.0,0.0
MH_500_543697,Bori Bk,Bori Bk,Maregaon,Yavatmal,20.22962,78.7952,633.87,200.72,-15.0,244.1,17.1,223.6,264.6,1.5,69.4,12.0,14.0,10.0,58.0,4.0,2.0,0.0
MH_470_559253,Pokhari,Pokhari,Georai,Beed,19.16907,75.67535,300.92,53.9,-15.0,306.5,21.5,280.7,332.3,1.5,298.4,12.0,14.0,10.0,58.0,4.0,2.0,0.0
MH_473_540591,Banwahi Chak,Banwahi Chak,Nagbhir,Chandrapur,20.66441,79.65123,725.78,281.71,-15.0,227.0,15.9,207.9,246.1,1.5,105.4,12.0,14.0,10.0,58.0,4.0,2.0,0.0
MH_486_525792,Khekada,Khekada,Nawapur,Nandurbar,21.12947,73.65426,143.31,59.66,3.3,808.3,56.6,740.3,876.2,14.5,213.5,12.0,14.0,10.0,58.0,4.0,2.0,0.0
MH_488_561350,Deolali,Deolali,Kalamb,Osmanabad,18.41087,76.12642,327.78,87.93,-15.0,297.5,20.8,272.5,322.4,1.5,317.3,12.0,14.0,10.0,58.0,4.0,2.0,0.0
MH_494_563208,Wathar Bk,Wathar Bk,Khandala,Satara,18.11991,74.1155,113.81,49.2,-7.1,522.1,36.5,478.3,565.9,3.2,232.9,12.0,14.0,10.0,58.0,4.0,2.0,0.0
MH_484_535348,Pathar,Pathar,Parseoni,Nagpur,21.50422,79.09328,679.92,219.41,-15.0,238.1,16.7,218.1,258.2,1.5,81.9,12.0,14.0,10.0,58.0,4.0,2.0,0.0
MH_498_534661,Rampur,Rampur,Samudrapur,Wardha,20.69685,78.90962,649.28,206.04,-15.0,241.8,16.9,221.5,262.1,1.5,74.2,12.0,14.0,10.0,58.0,4.0,2.0,0.0
MH_475_538598,Deloda Kh,Deloda Kh,Armori,Gadchiroli,20.3236,80.07279,767.42,320.55,-15.0,218.5,15.3,200.2,236.9,1.5,123.1,12.0,14.0,10.0,58.0,4.0,2.0,0.0
MH_489_546881,Kasapuri,Kasapuri,Pathri,Parbhani,19.3116,76.25417,362.5,102.24,-15.0,294.9,20.6,270.2,319.6,1.5,322.7,12.0,14.0,10.0,58.0,4.0,2.0,0.0
MH_491_554019,Satirje,Satirje,Alibag,Raigad,18.73685,72.90278,11.31,102.42,0.0,39.2,2.7,36.0,42.5,1.8,181.9,12.0,14.0,10.0,58.0,4.0,2.0,0.0
MH_476_537623,Koweshwar,Koweshwar,Tirora,Gondia,21.33015,79.98492,767.7,309.64,-15.0,220.3,15.4,201.8,238.8,1.5,119.4,12.0,14.0,10.0,58.0,4.0,2.0,0.0
MH_498_533621,Nandora,Nandora,Karanja,Wardha,21.07958,78.52572,614.01,158.8,-15.0,249.5,17.5,228.5,270.5,1.5,58.1,12.0,14.0,10.0,58.0,4.0,2.0,0.0
MH_469_548587,Wadali,Wadali,Sillod,Aurangabad,20.54713,75.86139,331.79,60.26,-15.0,302.8,21.2,277.3,328.2,1.5,306.2,12.0,14.0,10.0,58.0,4.0,2.0,0.0
MH_467_529858,Mahalaxmi,Mahalaxmi,Akot,Akola,20.90255,77.04812,459.39,33.45,-15.0,279.0,19.5,255.6,302.4,1.5,356.0,12.0,14.0,10.0,58.0,4.0,2.0,0.0
MH_481_560901,Helamb,Helamb,Deoni,Latur,18.2285,76.91824,407.44,104.92,-15.0,281.6,19.7,258.0,305.3,1.5,350.6,12.0,14.0,10.0,58.0,4.0,2.0,0.0
MH_466_558123,Jakhangaon,Jakhangaon,Nagar,Ahmednagar,19.08537,74.64749,193.25,82.55,-15.0,458.3,32.1,419.8,496.8,3.2,255.2,12.0,14.0,10.0,58.0,4.0,2.0,0.0
MH_467_530032,Dapura,Dapura,Akola,Akola,20.814,77.16401,469.89,46.17,-15.0,276.7,19.4,253.4,300.0,1.5,0.9,12.0,14.0,10.0,58.0,4.0,2.0,0.0
MH_496_562291,Miri,Miri,Mohol,Solapur,17.55623,75.63448,255.74,30.01,-15.0,307.3,21.5,281.5,333.1,1.5,296.6,12.0,14.0,10.0,58.0,4.0,2.0,0.0
MH_492_565447,Masue,Masue,Guhagar,Ratnagiri,17.35115,73.29701,40.16,120.25,19.7,881.8,61.7,807.8,955.8,14.5,198.5,12.0,14.0,10.0,58.0,4.0,2.0,0.0
MH_478_527373,Kalyane Hol,Kalyane Hol,Dharangaon,Jalgaon,20.99529,75.32579,287.25,24.37,-15.0,313.5,21.9,287.2,339.8,1.5,283.7,12.0,14.0,10.0,58.0,4.0,2.0,0.0
MH_466_557582,Dahigaon Korhale,Dahigaon Korhale,Rahta,Ahmednagar,19.72033,74.45036,176.55,31.53,-14.6,482.0,33.7,441.5,522.4,3.2,246.9,12.0,14.0,10.0,58.0,4.0,2.0,0.0
MH_491_554926,Kanghar,Kanghar,Mhasla,Raigad,18.11456,73.21439,36.33,81.46,8.8,936.5,65.6,857.8,1015.2,14.5,195.0,12.0,14.0,10.0,58.0,4.0,2.0,0.0
MH_473_541843,Bhurkunda Bk,Bhurkunda Bk,Rajura,Chandrapur,19.69601,79.2999,681.85,219.97,-15.0,234.0,16.4,214.3,253.7,1.5,90.6,12.0,14.0,10.0,58.0,4.0,2.0,0.0
MH_468_531410,Chendo,Chendo,Dharni,Amravati,21.30876,76.72321,436.1,31.13,-15.0,285.5,20.0,261.5,309.5,1.5,342.4,12.0,14.0,10.0,58.0,4.0,2.0,0.0
MH_665_551652,Chinchale,Chinchale,Dahanu,Palghar,20.01542,72.91022,19.5,65.31,0.0,39.8,2.8,36.5,43.2,1.8,182.2,12.0,14.0,10.0,58.0,4.0,2.0,0.0
MH_472_528580,Gosing,Gosing,Nandura,Buldhana,20.69854,76.30807,379.97,85.1,-15.0,293.8,20.6,269.1,318.6,1.5,324.9,12.0,14.0,10.0,58.0,4.0,2.0,0.0
MH_467_529752,Mardi Pr Khatkali,Mardi Pr Khatkali,Akot,Akola,21.20138,77.17353,478.43,17.99,-15.0,276.5,19.4,253.2,299.8,1.5,1.3,12.0,14.0,10.0,58.0,4.0,2.0,0.0
MH_491_554552,Bedgaon,Bedgaon,Mangaon,Raigad,18.41696,73.38434,59.63,50.69,34.4,848.2,59.4,776.9,919.4,14.5,202.1,12.0,14.0,10.0,58.0,4.0,2.0,0.0
MH_474_526337,Torankudi,Torankudi,Sakri,Dhule,21.09602,74.07885,174.67,25.93,-6.3,526.5,36.9,482.3,570.8,3.2,231.3,12.0,14.0,10.0,58.0,4.0,2.0,0.0
MH_481_560475,Wadwal Nagnath,Wadwal Nagnath,Chakur,Latur,18.53381,76.82031,402.23,80.7,-15.0,283.6,19.9,259.7,307.5,1.5,346.5,12.0,14.0,10.0,58.0,4.0,2.0,0.0
MH_665_551751,Therunde,Therunde,Vikramgad,Palghar,19.9154,72.98406,27.24,57.14,0.2,45.7,3.2,41.9,49.6,1.8,185.3,12.0,14.0,10.0,58.0,4.0,2.0,0.0
MH_498_534385,Allipur,Allipur,Hinganghat,Wardha,20.55276,78.67146,623.12,187.98,-15.0,246.6,17.3,225.8,267.3,1.5,64.2,12.0,14.0,10.0,58.0,4.0,2.0,0.0
MH_468_532116,Abdalpur,Abdalpur,Chandurbazar,Amravati,21.27124,77.69678,533.07,72.65,-15.0,266.1,18.6,243.7,288.4,1.5,23.3,12.0,14.0,10.0,58.0,4.0,2.0,0.0
MH_478_526917,Waghode Bk,Waghode Bk,Raver,Jalgaon,21.1732,75.9299,352.98,42.45,-15.0,301.4,21.1,276.1,326.7,1.5,309.1,12.0,14.0,10.0,58.0,4.0,2.0,0.0
MH_486_525208,Amala,Amala,Akrani,Nandurbar,21.85522,74.22312,242.62,61.78,-9.5,509.2,35.6,466.5,551.9,3.2,237.4,12.0,14.0,10.0,58.0,4.0,2.0,0.0
MH_484_536314,Singori,Singori,Umred,Nagpur,20.72576,79.07256,666.41,221.57,-15.0,238.5,16.7,218.5,258.6,1.5,81.0,12.0,14.0,10.0,58.0,4.0,2.0,0.0
MH_485_544656,Amrabad,Amrabad,Ardhapur,Nanded,19.2388,77.42154,483.3,20.03,-15.0,271.6,19.0,248.8,294.4,1.5,11.7,12.0,14.0,10.0,58.0,4.0,2.0,0.0
MH_484_534864,Khandala[Bk,Khandala[Bk,Narkhed,Nagpur,21.38586,78.57087,624.33,164.05,-15.0,248.6,17.4,227.7,269.5,1.5,60.0,12.0,14.0,10.0,58.0,4.0,2.0,0.0
MH_478_527449,Nimzari,Nimzari,Amalner,Jalgaon,21.06499,75.22541,279.84,35.26,-15.0,315.5,22.1,289.0,342.0,1.5,279.5,12.0,14.0,10.0,58.0,4.0,2.0,0.0
MH_472_529128,Sawarkhed Bk,Sawarkhed Bk,Chikhli,Buldhana,20.35835,76.46821,392.57,108.7,-15.0,290.6,20.3,266.3,315.0,1.5,331.7,12.0,14.0,10.0,58.0,4.0,2.0,0.0
MH_496_561871,Shelgaon,Shelgaon,Karmala,Solapur,18.22618,75.16341,224.08,62.21,-15.0,316.7,22.2,290.1,343.4,1.5,276.9,12.0,14.0,10.0,58.0,4.0,2.0,0.0
MH_468_532697,Morangana,Morangana,Amravati,Amravati,20.92177,77.6894,525.59,77.94,-15.0,266.2,18.6,243.9,288.5,1.5,23.0,12.0,14.0,10.0,58.0,4.0,2.0,0.0
MH_496_561794,Hulgewadi,Hulgewadi,Karmala,Solapur,18.417,75.0463,217.49,57.49,-15.0,319.1,22.3,292.3,345.8,1.5,271.9,12.0,14.0,10.0,58.0,4.0,2.0,0.0
MH_469_549039,Safiyabadwadi,Safiyabadwadi,Vaijapur,Aurangabad,20.03473,74.92611,229.58,44.69,-15.0,424.9,29.7,389.2,460.5,3.2,266.9,12.0,14.0,10.0,58.0,4.0,2.0,0.0
MH_479_548015,Waghadi,Waghadi,Partur,Jalna,19.67564,76.21825,359.51,98.16,-15.0,295.6,20.7,270.8,320.5,1.5,321.2,12.0,14.0,10.0,58.0,4.0,2.0,0.0
MH_470_559040,Rakshas Bhuwan,Rakshas Bhuwan,Shirur (kasar),Beed,19.02372,75.42071,271.81,54.45,-15.0,311.6,21.8,285.4,337.7,1.5,287.7,12.0,14.0,10.0,58.0,4.0,2.0,0.0
MH_469_548869,Shahajapur,Shahajapur,Aurangabad,Aurangabad,19.86961,75.23436,260.24,41.67,-15.0,315.3,22.1,288.8,341.8,1.5,279.8,12.0,14.0,10.0,58.0,4.0,2.0,0.0
MH_493_568786,Moghamwadi,Moghamwadi,Kavathemahankal,Sangli,17.04642,74.99686,180.53,93.13,-15.0,416.4,29.1,381.5,451.3,3.2,269.9,12.0,14.0,10.0,58.0,4.0,2.0,0.0
MH_500_543469,Dharna,Dharna,Kelapur,Yavatmal,20.12376,78.60144,612.37,177.6,-15.0,248.0,17.4,227.1,268.9,1.5,61.3,12.0,14.0,10.0,58.0,4.0,2.0,0.0
MH_468_531596,Rupagad,Rupagad,Chikhaldara,Amravati,21.21604,76.86937,448.12,13.66,-15.0,282.6,19.8,258.9,306.4,1.5,348.5,12.0,14.0,10.0,58.0,4.0,2.0,0.0
MH_492_564980,Aini,Aini,Khed,Ratnagiri,17.77358,73.35804,28.67,98.88,30.1,845.2,59.2,774.1,916.2,14.5,201.0,12.0,14.0,10.0,58.0,4.0,2.0,0.0
MH_492_566164,Sutarwadi,Sutarwadi,Rajapur,Ratnagiri,16.75772,73.55086,37.14,69.42,42.7,729.5,51.1,668.2,790.8,14.5,209.1,12.0,14.0,10.0,58.0,4.0,2.0,0.0
MH_484_535215,Borgaon Jangli,Borgaon Jangli,Savner,Nagpur,21.44177,78.80522,649.33,188.91,-15.0,243.9,17.1,223.4,264.4,1.5,69.8,12.0,14.0,10.0,58.0,4.0,2.0,0.0
MH_467_530271,Bapori,Bapori,Murtijapur,Akola,20.83136,77.53797,508.68,69.27,-15.0,269.2,18.8,246.7,291.8,1.5,16.6,12.0,14.0,10.0,58.0,4.0,2.0,0.0
MH_475_539187,Kosamghat,Kosamghat,Gadchiroli,Gadchiroli,20.07511,80.13694,771.49,316.35,-15.0,217.3,15.2,199.0,235.5,1.5,125.8,12.0,14.0,10.0,58.0,4.0,2.0,0.0
MH_492_251599,Dapoli Camp,Dapoli Camp,Central,Ratnagiri,17.75431,73.19028,12.29,110.9,6.6,945.8,66.2,866.4,1025.3,14.5,194.0,12.0,14.0,10.0,58.0,4.0,2.0,0.0
MH_470_558914,Sawargaon Ghat,Sawargaon Ghat,Patoda,Beed,18.88147,75.32084,259.43,68.81,-15.0,313.6,22.0,287.2,340.0,1.5,283.5,12.0,14.0,10.0,58.0,4.0,2.0,0.0
MH_496_561970,Ahergaon,Ahergaon,Madha,Solapur,17.97952,75.28189,232.7,75.0,-15.0,314.4,22.0,288.0,340.8,1.5,281.8,12.0,14.0,10.0,58.0,4.0,2.0,0.0
MH_484_535904,Panjari Lodhi,Panjari Lodhi,Nagpur(Rural),Nagpur,20.95592,79.07059,668.44,216.54,-15.0,238.6,16.7,218.5,258.6,1.5,81.0,12.0,14.0,10.0,58.0,4.0,2.0,0.0
MH_493_568216,Khundalapur,Khundalapur,Shirala,Sangli,17.15958,73.86691,63.14,62.19,-1.5,552.0,38.6,505.7,598.3,3.2,222.4,12.0,14.0,10.0,58.0,4.0,2.0,0.0
MH_481_560749,Shindi Jawalga,Shindi Jawalga,Nilanga,Latur,18.17982,76.71533,385.43,104.46,-15.0,285.7,20.0,261.7,309.7,1.5,342.0,12.0,14.0,10.0,58.0,4.0,2.0,0.0
MH_479_547393,Nalni Bk,Nalni Bk,Bhokardan,Jalna,20.13477,75.89542,331.14,94.14,-15.0,302.1,21.1,276.8,327.4,1.5,307.6,12.0,14.0,10.0,58.0,4.0,2.0,0.0
MH_475_538807,Hudukduma,Hudukduma,Korchi,Gadchiroli,20.69807,80.57621,822.0,375.53,-15.0,208.5,14.6,191.0,226.0,1.5,144.2,12.0,14.0,10.0,58.0,4.0,2.0,0.0
MH_491_554882,Khanloshi,Khanloshi,Mhasla,Raigad,18.20415,73.02389,44.38,94.41,0.5,48.9,3.4,44.8,53.0,1.8,187.0,12.0,14.0,10.0,58.0,4.0,2.0,0.0
MH_480_567163,Ambavade,Ambavade,Panhala,Kolhapur,16.81467,74.12982,90.41,14.78,-7.4,520.4,36.4,476.7,564.1,3.2,233.5,12.0,14.0,10.0,58.0,4.0,2.0,0.0
MH_480_567424,Girgaon,Girgaon,Karvir,Kolhapur,16.62326,74.23415,106.6,9.28,-9.8,507.9,35.6,465.2,550.6,3.2,237.8,12.0,14.0,10.0,58.0,4.0,2.0,0.0
MH_496_562641,Fatewadi,Fatewadi,Mangalvedhe,Solapur,17.5256,75.50707,241.81,43.89,-15.0,309.9,21.7,283.8,335.9,1.5,291.3,12.0,14.0,10.0,58.0,4.0,2.0,0.0
MH_493_568593,Masalwadi,Masalwadi,Atpadi,Sangli,17.38728,74.95389,181.16,93.6,-15.0,421.5,29.5,386.1,456.9,3.2,268.1,12.0,14.0,10.0,58.0,4.0,2.0,0.0
MH_498_534226,Narayanpur,Narayanpur,Deoli,Wardha,20.66118,78.3115,586.93,148.8,-15.0,253.8,17.8,232.4,275.1,1.5,49.1,12.0,14.0,10.0,58.0,4.0,2.0,0.0
MH_469_548554,Dakala,Dakala,Sillod,Aurangabad,20.54781,75.65335,310.27,52.3,-15.0,306.9,21.5,281.1,332.7,1.5,297.4,12.0,14.0,10.0,58.0,4.0,2.0,0.0
MH_485_544569,Jambhala,Jambhala,Hadgaon,Nanded,19.3528,77.5355,496.75,37.44,-15.0,269.3,18.9,246.6,292.0,1.5,16.5,12.0,14.0,10.0,58.0,4.0,2.0,0.0
MH_475_539442,Koparlli Mal,Koparlli Mal,Mulchera,Gadchiroli,19.70083,79.97841,752.87,288.75,-15.0,220.4,15.4,202.0,238.9,1.5,119.1,12.0,14.0,10.0,58.0,4.0,2.0,0.0
MH_467_529600,Diwanzari,Diwanzari,Telhara,Akola,21.18132,76.86391,446.66,14.26,-15.0,282.7,19.8,259.0,306.5,1.5,348.3,12.0,14.0,10.0,58.0,4.0,2.0,0.0
MH_475_538879,Ubdali,Ubdali,Dhanora,Gadchiroli,20.48963,80.38006,800.19,357.37,-15.0,212.4,14.9,194.5,230.3,1.5,136.0,12.0,14.0,10.0,58.0,4.0,2.0,0.0
MH_494_563345,Ghadgewadi,Ghadgewadi,Phaltan,Satara,17.92612,74.27576,126.15,40.68,-10.7,502.9,35.2,460.7,545.1,3.2,239.6,12.0,14.0,10.0,58.0,4.0,2.0,0.0
MH_489_546475,Bhangapur,Bhangapur,Sailu,Parbhani,19.46158,76.65539,404.33,78.7,-15.0,286.9,20.1,262.8,311.0,1.5,339.5,12.0,14.0,10.0,58.0,4.0,2.0,0.0
MH_479_547327,Nalni Kh,Nalni Kh,Bhokardan,Jalna,20.16657,75.88485,330.22,96.1,-15.0,302.3,21.2,276.9,327.7,1.5,307.2,12.0,14.0,10.0,58.0,4.0,2.0,0.0
MH_474_526090,Hol,Hol,Shirpur,Dhule,21.22566,75.03567,268.36,59.44,-15.0,319.3,22.4,292.4,346.2,1.5,271.5,12.0,14.0,10.0,58.0,4.0,2.0,0.0
MH_479_547508,Tapovan Gondhan,Tapovan Gondhan,Jafferabad,Jalna,20.1406,75.94274,336.11,97.95,-15.0,301.1,21.1,275.8,326.5,1.5,309.6,12.0,14.0,10.0,58.0,4.0,2.0,0.0
MH_488_561559,Mangrul,Mangrul,Tuljapur,Osmanabad,17.93255,76.08743,313.69,37.16,-15.0,298.3,20.9,273.2,323.3,1.5,315.7,12.0,14.0,10.0,58.0,4.0,2.0,0.0
MH_498_533813,Ajangaon,Ajangaon,Arvi,Wardha,20.85817,78.41638,599.71,151.84,-15.0,251.7,17.6,230.6,272.8,1.5,53.5,12.0,14.0,10.0,58.0,4.0,2.0,0.0
MH_665_551682,Vivalvedhe,Vivalvedhe,Dahanu,Palghar,19.94439,72.92965,21.06,62.76,0.1,41.4,2.9,37.9,44.9,1.8,183.0,12.0,14.0,10.0,58.0,4.0,2.0,0.0
MH_473_540573,Kosambi,Kosambi,Chimur,Chandrapur,20.42751,79.39538,697.38,263.37,-15.0,232.1,16.2,212.7,251.5,1.5,94.6,12.0,14.0,10.0,58.0,4.0,2.0,0.0
MH_485_544727,Wadi Kardel,Wadi Kardel,Nanded,Nanded,19.14128,77.37668,475.69,9.27,-15.0,272.5,19.1,249.5,295.4,1.5,9.8,12.0,14.0,10.0,58.0,4.0,2.0,0.0
MH_468_533195,Tuljapur,Tuljapur,Chandur Railway,Amravati,20.81662,78.02004,558.27,114.14,-15.0,259.6,18.2,237.8,281.4,1.5,36.8,12.0,14.0,10.0,58.0,4.0,2.0,0.0
MH_494_563419,Pingali Bk,Pingali Bk,Man,Satara,17.67171,74.50867,149.02,53.72,-15.0,475.0,33.2,435.1,514.8,3.2,249.4,12.0,14.0,10.0,58.0,4.0,2.0,0.0
MH_479_547282,Kalyani,Kalyani,Bhokardan,Jalna,20.38165,75.8208,325.82,74.95,-15.0,303.6,21.3,278.0,329.1,1.5,304.5,12.0,14.0,10.0,58.0,4.0,2.0,0.0
MH_485_544217,Nirala Tanda,Nirala Tanda,Kinwat,Nanded,19.82154,78.16245,563.62,120.88,-15.0,256.8,18.0,235.2,278.4,1.5,42.8,12.0,14.0,10.0,58.0,4.0,2.0,0.0
MH_494_563837,Kelavali,Kelavali,Satara,Satara,17.63768,73.8227,79.94,98.32,-0.5,557.3,39.0,510.5,604.1,3.2,220.6,12.0,14.0,10.0,58.0,4.0,2.0,0.0
MH_497_552692,Mohili,Mohili,Shahapur,Thane,19.54593,73.23829,48.73,53.41,11.4,986.6,69.1,903.7,1069.5,14.5,196.0,12.0,14.0,10.0,58.0,4.0,2.0,0.0
MH_495_566461,Ulhasnagar,Ulhasnagar,Kankavli,Sindhudurg,16.21312,73.78497,42.61,69.93,0.3,589.0,41.2,539.6,638.5,14.5,219.0,12.0,14.0,10.0,58.0,4.0,2.0,0.0
MH_470_560031,Radi Tanda,Radi Tanda,Ambejogai,Beed,18.6161,76.35923,356.75,112.67,-15.0,292.8,20.5,268.2,317.4,1.5,327.1,12.0,14.0,10.0,58.0,4.0,2.0,0.0
MH_496_562021,Mandegaon,Mandegaon,Barshi,Solapur,18.32152,75.71243,283.0,77.26,-15.0,305.8,21.4,280.1,331.4,1.5,299.9,12.0,14.0,10.0,58.0,4.0,2.0,0.0
MH_481_560778,Kalandi,Kalandi,Nilanga,Latur,18.22828,76.8126,396.36,109.69,-15.0,283.7,19.9,259.9,307.6,1.5,346.1,12.0,14.0,10.0,58.0,4.0,2.0,0.0
MH_473_541907,Chak Gojoti,Chak Gojoti,Gondpipri,Chandrapur,19.64094,79.66457,719.88,255.23,-15.0,226.7,15.9,207.6,245.8,1.5,105.9,12.0,14.0,10.0,58.0,4.0,2.0,0.0
MH_494_564561,Vanvadi,Vanvadi,Karad,Satara,17.31975,74.18726,101.15,68.93,-8.7,513.5,35.9,470.4,556.6,3.2,235.9,12.0,14.0,10.0,58.0,4.0,2.0,0.0
MH_467_529747,Chinchpani,Chinchpani,Akot,Akola,21.22955,77.15519,477.28,16.42,-15.0,276.9,19.4,253.6,300.2,1.5,0.5,12.0,14.0,10.0,58.0,4.0,2.0,0.0
MH_484_536376,Kharbi,Kharbi,Kuhi,Nagpur,21.04372,79.43232,706.83,252.89,-15.0,231.4,16.2,211.9,250.8,1.5,96.2,12.0,14.0,10.0,58.0,4.0,2.0,0.0
MH_494_563573,Kamathi T Parali,Kamathi T Parali,Khatav,Satara,17.47252,74.46015,134.39,76.39,-14.9,480.8,33.7,440.3,521.2,3.2,247.3,12.0,14.0,10.0,58.0,4.0,2.0,0.0
MH_472_528343,Salabad,Salabad,Sangrampur,Buldhana,21.03202,76.76493,433.04,30.72,-15.0,284.7,19.9,260.8,308.6,1.5,344.1,12.0,14.0,10.0,58.0,4.0,2.0,0.0
MH_468_251331,Dattapur Dhamangaon,Dattapur Dhamangaon,Central,Amravati,20.78809,78.14804,571.18,127.68,-15.0,257.0,18.0,235.4,278.6,1.5,42.2,12.0,14.0,10.0,58.0,4.0,2.0,0.0
MH_491_554953,Toradi,Toradi,Mhasla,Raigad,18.06416,73.15474,29.08,89.84,4.1,970.0,67.9,888.6,1051.5,14.5,192.5,12.0,14.0,10.0,58.0,4.0,2.0,0.0
MH_469_548252,Karanjkheda Khalsa,Karanjkheda Khalsa,Kannad,Aurangabad,20.38984,75.28999,270.94,74.46,-15.0,314.2,22.0,287.8,340.6,1.5,282.2,12.0,14.0,10.0,58.0,4.0,2.0,0.0
MH_478_527896,Kurhad Bk,Kurhad Bk,Pachora,Jalgaon,20.70059,75.4954,296.51,35.05,-15.0,310.1,21.7,284.1,336.1,1.5,290.8,12.0,14.0,10.0,58.0,4.0,2.0,0.0
MH_473_541761,Gowari,Gowari,Rajura,Chandrapur,19.80861,79.27928,680.18,221.97,-15.0,234.4,16.4,214.7,254.1,1.5,89.7,12.0,14.0,10.0,58.0,4.0,2.0,0.0
MH_498_534186,Meghapur,Meghapur,Wardha,Wardha,20.67064,78.51826,608.47,168.31,-15.0,249.6,17.5,228.6,270.6,1.5,57.8,12.0,14.0,10.0,58.0,4.0,2.0,0.0
MH_486_525373,Sorapada,Sorapada,Talode,Nandurbar,21.58454,74.07444,209.97,34.2,-6.2,527.1,36.9,482.8,571.3,3.2,231.1,12.0,14.0,10.0,58.0,4.0,2.0,0.0
MH_477_545801,Kondwada,Kondwada,Sengaon,Hingoli,19.83063,76.81694,423.45,95.73,-15.0,283.7,19.9,259.8,307.5,1.5,346.3,12.0,14.0,10.0,58.0,4.0,2.0,0.0
MH_468_533334,Vaknath,Vaknath,Dhamangaon Railway,Amravati,20.72576,78.28177,584.4,143.16,-15.0,254.4,17.8,233.0,275.7,1.5,47.8,12.0,14.0,10.0,58.0,4.0,2.0,0.0
MH_489_546693,Ismailpur Tarf Parbhani,Ismailpur Tarf Parbhani,Parbhani,Parbhani,19.38559,76.67808,406.75,72.6,-15.0,286.4,20.1,262.3,310.6,1.5,340.5,12.0,14.0,10.0,58.0,4.0,2.0,0.0
MH_484_536413,Navegaon,Navegaon,Kuhi,Nagpur,20.95731,79.47365,710.09,258.06,-15.0,230.5,16.1,211.2,249.8,1.5,97.9,12.0,14.0,10.0,58.0,4.0,2.0,0.0
MH_497_553122,Shashtrinagar,Shashtrinagar,Murbad,Thane,19.24257,73.39163,64.5,78.89,35.6,880.9,61.7,806.9,955.0,14.5,202.4,12.0,14.0,10.0,58.0,4.0,2.0,0.0
MH_467_530336,Takali Khetri,Takali Khetri,Patur,Akola,20.50993,76.77165,425.86,80.32,-15.0,284.6,19.9,260.7,308.4,1.5,344.4,12.0,14.0,10.0,58.0,4.0,2.0,0.0
MH_500_542608,Hatgaon,Hatgaon,Darwha,Yavatmal,20.36005,77.86483,537.7,129.64,-15.0,262.7,18.4,240.6,284.8,1.5,30.3,12.0,14.0,10.0,58.0,4.0,2.0,0.0
MH_480_567971,Karambali,Karambali,Gadhinglaj,Kolhapur,16.19148,74.29915,80.45,57.53,-11.2,500.1,35.0,458.1,542.1,3.2,240.6,12.0,14.0,10.0,58.0,4.0,2.0,0.0
MH_497_552744,Pimpalpada,Pimpalpada,Shahapur,Thane,19.59471,73.38436,64.97,41.31,34.4,901.1,63.1,825.4,976.9,14.5,202.1,12.0,14.0,10.0,58.0,4.0,2.0,0.0
MH_484_536453,Navegaon,Navegaon,Kuhi,Nagpur,20.94048,79.63286,726.37,274.7,-15.0,227.3,15.9,208.3,246.4,1.5,104.6,12.0,14.0,10.0,58.0,4.0,2.0,0.0
MH_486_525171,Gangapur,Gangapur,Akkalkuwa,Nandurbar,21.5877,74.01971,206.41,37.04,-4.9,533.6,37.4,488.8,578.5,3.2,228.8,12.0,14.0,10.0,58.0,4.0,2.0,0.0
MH_472_529207,Katoda,Katoda,Chikhli,Buldhana,20.26291,76.35178,379.55,117.0,-15.0,293.0,20.5,268.4,317.6,1.5,326.8,12.0,14.0,10.0,58.0,4.0,2.0,0.0
MH_467_530009,Amanatpur,Amanatpur,Akola,Akola,20.75007,76.95998,447.94,50.2,-15.0,280.8,19.7,257.2,304.4,1.5,352.3,12.0,14.0,10.0,58.0,4.0,2.0,0.0
MH_484_536599,Somanala,Somanala,Bhiwapur,Nagpur,20.8326,79.51835,713.5,264.57,-15.0,229.6,16.1,210.3,249.0,1.5,99.8,12.0,14.0,10.0,58.0,4.0,2.0,0.0
MH_496_561929,Sapatne,Sapatne,Madha,Solapur,18.03115,75.4583,251.77,63.1,-15.0,310.8,21.8,284.7,337.0,1.5,289.2,12.0,14.0,10.0,58.0,4.0,2.0,0.0
MH_497_552947,Dahivali,Dahivali,Kalyan,Thane,19.30453,73.28143,51.61,75.3,17.3,949.8,66.5,870.0,1029.6,14.5,197.8,12.0,14.0,10.0,58.0,4.0,2.0,0.0
MH_467_529641,Chapaner,Chapaner,Telhara,Akola,21.01991,76.9377,450.36,21.04,-15.0,281.2,19.7,257.6,304.9,1.5,351.4,12.0,14.0,10.0,58.0,4.0,2.0,0.0
MH_473_540228,Kawadapur Mokasa,Kawadapur Mokasa,Warora,Chandrapur,20.4446,79.06039,662.64,230.02,-15.0,238.8,16.7,218.8,258.8,1.5,80.5,12.0,14.0,10.0,58.0,4.0,2.0,0.0
MH_475_540014,Vithalraopeta W L,Vithalraopeta W L,Sironcha,Gadchiroli,19.06384,79.88732,730.4,271.92,-15.0,222.3,15.6,203.5,241.0,1.5,115.3,12.0,14.0,10.0,58.0,4.0,2.0,0.0
MH_491_553474,Barwai,Barwai,Panvel,Raigad,18.93264,73.20016,40.15,81.78,7.5,981.9,68.7,899.4,1064.3,14.5,194.4,12.0,14.0,10.0,58.0,4.0,2.0,0.0
MH_481_560947,Hangarga Kudar,Hangarga Kudar,Udgir,Latur,18.46634,77.04149,423.87,75.53,-15.0,279.2,19.5,255.8,302.6,1.5,355.7,12.0,14.0,10.0,58.0,4.0,2.0,0.0
MH_474_526213,Chandgad,Chandgad,Sindkhede,Dhule,21.13848,74.75733,238.12,60.5,-15.0,445.1,31.2,407.7,482.6,3.2,259.8,12.0,14.0,10.0,58.0,4.0,2.0,0.0
MH_484_536115,Murzari,Murzari,Hingna,Nagpur,20.8802,78.96251,656.42,206.75,-15.0,240.7,16.9,220.5,261.0,1.5,76.4,12.0,14.0,10.0,58.0,4.0,2.0,0.0
MH_475_538797,Chandagota,Chandagota,Korchi,Gadchiroli,20.70368,80.53935,818.22,371.65,-15.0,209.2,14.6,191.7,226.7,1.5,142.7,12.0,14.0,10.0,58.0,4.0,2.0,0.0
MH_498_534033,Deulgaon,Deulgaon,Seloo,Wardha,20.70828,78.76778,634.65,191.54,-15.0,244.6,17.1,224.1,265.2,1.5,68.2,12.0,14.0,10.0,58.0,4.0,2.0,0.0
MH_484_535836,Walani,Walani,Nagpur(Rural),Nagpur,21.25256,78.99896,665.4,207.28,-15.0,240.0,16.8,219.9,260.2,1.5,78.0,12.0,14.0,10.0,58.0,4.0,2.0,0.0
MH_488_561622,Nandgaon,Nandgaon,Tuljapur,Osmanabad,17.74041,76.31995,331.18,45.61,-15.0,293.6,20.6,268.9,318.3,1.5,325.4,12.0,14.0,10.0,58.0,4.0,2.0,0.0
MH_480_567805,Ranewadi,Ranewadi,Bhudargad,Kolhapur,16.2653,74.15609,72.05,48.56,-8.0,517.3,36.2,473.8,560.7,3.2,234.6,12.0,14.0,10.0,58.0,4.0,2.0,0.0
MH_472_528733,Ridhora Pr Malkapur,Ridhora Pr Malkapur,Motala,Buldhana,20.68884,76.19049,367.71,74.62,-15.0,296.2,20.7,271.4,321.0,1.5,320.0,12.0,14.0,10.0,58.0,4.0,2.0,0.0
MH_492_565204,Umroli,Umroli,Chiplun,Ratnagiri,17.47345,73.39191,49.23,121.55,35.6,824.9,57.7,755.6,894.1,14.5,202.5,12.0,14.0,10.0,58.0,4.0,2.0,0.0
MH_498_533829,Nagapur,Nagapur,Arvi,Wardha,20.85726,78.30854,588.56,141.06,-15.0,253.8,17.8,232.5,275.2,1.5,49.0,12.0,14.0,10.0,58.0,4.0,2.0,0.0
MH_478_526823,Padalse,Padalse,Yawal,Jalgaon,21.12069,75.79895,338.28,27.68,-15.0,304.0,21.3,278.5,329.6,1.5,303.6,12.0,14.0,10.0,58.0,4.0,2.0,0.0
MH_481_560124,Rui,Rui,Latur,Latur,18.53179,76.43695,362.59,110.65,-15.0,291.3,20.4,266.8,315.7,1.5,330.4,12.0,14.0,10.0,58.0,4.0,2.0,0.0
MH_469_548655,Takli Jiwrag,Takli Jiwrag,Sillod,Aurangabad,20.16421,75.62711,303.35,81.4,-15.0,307.5,21.5,281.7,333.3,1.5,296.3,12.0,14.0,10.0,58.0,4.0,2.0,0.0
MH_473_540359,Chichghat,Chichghat,Chimur,Chandrapur,20.49189,79.21183,678.72,242.95,-15.0,235.8,16.5,216.0,255.6,1.5,86.9,12.0,14.0,10.0,58.0,4.0,2.0,0.0
MH_488_561446,Darphal,Darphal,Osmanabad,Osmanabad,18.25826,76.15223,327.59,72.71,-15.0,297.0,20.8,272.0,321.9,1.5,318.4,12.0,14.0,10.0,58.0,4.0,2.0,0.0
MH_485_544471,Bhategaon,Bhategaon,Hadgaon,Nanded,19.62905,77.4769,490.82,61.69,-15.0,270.5,18.9,247.8,293.1,1.5,14.0,12.0,14.0,10.0,58.0,4.0,2.0,0.0
MH_485_544707,Nerli,Nerli,Nanded,Nanded,19.22362,77.28426,468.79,13.84,-15.0,274.3,19.2,251.3,297.4,1.5,5.9,12.0,14.0,10.0,58.0,4.0,2.0,0.0
MH_466_557965,Chitali,Chitali,Pathardi,Ahmednagar,19.25055,75.13743,245.83,32.56,-15.0,317.3,22.2,290.6,343.9,1.5,275.8,12.0,14.0,10.0,58.0,4.0,2.0,0.0
MH_496_562655,Andhalgaon,Andhalgaon,Mangalvedhe,Solapur,17.46478,75.34314,223.32,62.52,-15.0,313.1,21.9,286.9,339.4,1.5,284.4,12.0,14.0,10.0,58.0,4.0,2.0,0.0
MH_469_549577,Wadwali,Wadwali,Paithan,Aurangabad,19.4511,75.45167,278.12,16.8,-15.0,311.0,21.8,284.8,337.1,1.5,289.0,12.0,14.0,10.0,58.0,4.0,2.0,0.0
MH_470_558737,Laman Tanda,Laman Tanda,Ashti,Beed,19.02938,75.05263,233.74,58.42,-15.0,318.9,22.3,292.2,345.7,1.5,272.2,12.0,14.0,10.0,58.0,4.0,2.0,0.0
MH_477_546010,Suregaon,Suregaon,Aundha (Nagnath),Hingoli,19.58008,77.07749,448.82,58.26,-15.0,278.5,19.5,255.1,301.9,1.5,357.3,12.0,14.0,10.0,58.0,4.0,2.0,0.0
MH_468_532379,Pimplagad,Pimplagad,Warud,Amravati,21.58128,78.41204,612.9,152.22,-15.0,251.8,17.6,230.6,272.9,1.5,53.3,12.0,14.0,10.0,58.0,4.0,2.0,0.0
MH_484_534992,Dhankundav,Dhankundav,Katol,Nagpur,21.14501,78.75744,638.84,182.33,-15.0,244.9,17.1,224.3,265.4,1.5,67.8,12.0,14.0,10.0,58.0,4.0,2.0,0.0
MH_481_560754,Kelgaon,Kelgaon,Nilanga,Latur,18.19585,76.81068,395.52,112.98,-15.0,283.8,19.9,259.9,307.7,1.5,346.0,12.0,14.0,10.0,58.0,4.0,2.0,0.0
MH_496_562453,Magarwadi,Magarwadi,Malshiras,Solapur,17.70582,74.89059,186.64,59.32,-15.0,429.1,30.0,393.1,465.1,3.2,265.4,12.0,14.0,10.0,58.0,4.0,2.0,0.0
MH_479_548081,Pandepokhari,Pandepokhari,Partur,Jalna,19.43814,76.16153,352.54,90.58,-15.0,296.8,20.8,271.8,321.7,1.5,318.8,12.0,14.0,10.0,58.0,4.0,2.0,0.0
MH_499_530729,Icha,Icha,Mangrulpir,Washim,20.36815,77.26622,475.52,96.55,-15.0,274.7,19.2,251.6,297.7,1.5,5.2,12.0,14.0,10.0,58.0,4.0,2.0,0.0
MH_485_545684,Martoli,Martoli,Deglur,Nanded,18.37603,77.51233,471.63,83.55,-15.0,269.8,18.9,247.1,292.4,1.5,15.5,12.0,14.0,10.0,58.0,4.0,2.0,0.0
MH_469_548400,Sasegaon,Sasegaon,Kannad,Aurangabad,20.11158,75.00459,238.13,54.15,-15.0,319.9,22.4,293.0,346.8,1.5,270.2,12.0,14.0,10.0,58.0,4.0,2.0,0.0
MH_484_534804,Telegaon,Telegaon,Narkhed,Nagpur,21.30021,78.40304,605.46,145.83,-15.0,251.9,17.6,230.8,273.1,1.5,52.9,12.0,14.0,10.0,58.0,4.0,2.0,0.0
MH_481_560805,Koyachiwadi,Koyachiwadi,Nilanga,Latur,18.0831,76.8666,397.2,113.07,-15.0,282.7,19.8,258.9,306.4,1.5,348.4,12.0,14.0,10.0,58.0,4.0,2.0,0.0
MH_468_532736,Jalka,Jalka,Bhatkuli,Amravati,21.12011,77.69657,529.81,72.78,-15.0,266.1,18.6,243.7,288.4,1.5,23.3,12.0,14.0,10.0,58.0,4.0,2.0,0.0
MH_469_548367,Nipani,Nipani,Kannad,Aurangabad,20.18698,74.94453,232.53,50.86,-15.0,422.7,29.6,387.1,458.2,3.2,267.7,12.0,14.0,10.0,58.0,4.0,2.0,0.0
MH_485_545007,Bamni,Bamni,Dharmabad,Nanded,18.82679,77.83844,513.82,64.26,-15.0,263.2,18.4,241.2,285.3,1.5,29.2,12.0,14.0,10.0,58.0,4.0,2.0,0.0
MH_474_526612,Dhamangaon,Dhamangaon,Dhule,Dhule,20.74076,74.93938,240.91,71.09,-15.0,423.3,29.6,387.8,458.8,3.2,267.5,12.0,14.0,10.0,58.0,4.0,2.0,0.0
MH_665_552123,Shilottar,Shilottar,Vada,Palghar,19.72993,73.16714,52.94,44.57,4.9,1037.6,72.6,950.4,1124.7,14.5,193.0,12.0,14.0,10.0,58.0,4.0,2.0,0.0
MH_493_568756,Lingnur,Lingnur,Miraj,Sangli,16.80372,74.86032,167.3,71.25,-15.0,432.8,30.3,396.4,469.1,3.2,264.1,12.0,14.0,10.0,58.0,4.0,2.0,0.0
MH_467_529795,Kautha Bk,Kautha Bk,Akot,Akola,21.04223,77.12117,469.53,21.58,-15.0,277.6,19.4,254.3,300.9,1.5,359.1,12.0,14.0,10.0,58.0,4.0,2.0,0.0
MH_491_555180,Chandake,Chandake,Poladpur,Raigad,17.98641,73.58806,56.23,66.47,38.5,707.2,49.5,647.8,766.6,14.5,210.7,12.0,14.0,10.0,58.0,4.0,2.0,0.0
MH_478_527002,Hivare,Hivare,Muktainagar,Jalgaon,21.03621,76.32713,388.76,72.13,-15.0,293.5,20.5,268.9,318.1,1.5,325.7,12.0,14.0,10.0,58.0,4.0,2.0,0.0
MH_492_565671,Nachane,Nachane,Central,Ratnagiri,16.99482,73.33711,3.98,97.51,26.5,857.7,60.0,785.7,929.7,14.5,200.2,12.0,14.0,10.0,58.0,4.0,2.0,0.0
MH_477_546170,Takalgavhan,Takalgavhan,Kalamnuri,Hingoli,19.6222,77.23363,465.33,58.48,-15.0,275.3,19.3,252.2,298.5,1.5,3.8,12.0,14.0,10.0,58.0,4.0,2.0,0.0
MH_484_536485,Parsodi,Parsodi,Kuhi,Nagpur,20.89166,79.38359,700.09,249.73,-15.0,232.3,16.3,212.8,251.9,1.5,94.1,12.0,14.0,10.0,58.0,4.0,2.0,0.0
MH_481_560105,Chata,Chata,Latur,Latur,18.36788,76.39745,355.05,95.6,-15.0,292.1,20.4,267.6,316.5,1.5,328.7,12.0,14.0,10.0,58.0,4.0,2.0,0.0
MH_492_565449,Abloli,Abloli,Guhagar,Ratnagiri,17.35477,73.32781,40.67,117.9,24.9,863.3,60.4,790.8,935.8,14.5,199.8,12.0,14.0,10.0,58.0,4.0,2.0,0.0
MH_500_542125,Gawandi,Gawandi,Babulgaon,Yavatmal,20.60429,78.18621,573.39,139.9,-15.0,256.3,17.9,234.8,277.8,1.5,43.8,12.0,14.0,10.0,58.0,4.0,2.0,0.0
MH_488_561184,Bavi,Bavi,Bhum,Osmanabad,18.5177,75.56262,272.83,102.86,-15.0,308.7,21.6,282.8,334.7,1.5,293.6,12.0,14.0,10.0,58.0,4.0,2.0,0.0
MH_494_563405,Injabav,Injabav,Man,Satara,17.74168,74.77105,177.08,49.7,-15.0,443.5,31.0,406.3,480.7,3.2,260.4,12.0,14.0,10.0,58.0,4.0,2.0,0.0
MH_475_539188,Raipur,Raipur,Gadchiroli,Gadchiroli,20.08686,80.16683,774.71,319.73,-15.0,216.7,15.2,198.4,234.9,1.5,127.0,12.0,14.0,10.0,58.0,4.0,2.0,0.0
MH_496_561917,Kanhergaon,Kanhergaon,Madha,Solapur,18.07219,75.23188,228.45,69.44,-15.0,315.4,22.1,288.8,341.9,1.5,279.7,12.0,14.0,10.0,58.0,4.0,2.0,0.0
MH_476_537716,Bajartola,Bajartola,Goregaon,Gondia,21.26865,80.2698,796.04,338.98,-15.0,214.6,15.0,196.6,232.6,1.5,131.3,12.0,14.0,10.0,58.0,4.0,2.0,0.0
MH_488_561483,Baramgaon Bk,Baramgaon Bk,Osmanabad,Osmanabad,18.19607,76.13447,324.8,65.59,-15.0,297.3,20.8,272.4,322.3,1.5,317.6,12.0,14.0,10.0,58.0,4.0,2.0,0.0
MH_470_559958,Selu Parali,Selu Parali,Parli,Beed,18.93154,76.54431,385.26,81.62,-15.0,289.1,20.2,264.9,313.4,1.5,334.9,12.0,14.0,10.0,58.0,4.0,2.0,0.0
MH_469_549245,Narayanpur Bk,Narayanpur Bk,Gangapur,Aurangabad,19.77574,75.23073,258.04,31.51,-15.0,315.4,22.1,288.9,341.9,1.5,279.7,12.0,14.0,10.0,58.0,4.0,2.0,0.0
MH_491_555019,Dahiwad,Dahiwad,Mahad,Raigad,18.14098,73.52757,59.13,55.04,44.3,749.8,52.5,686.8,812.8,14.5,208.2,12.0,14.0,10.0,58.0,4.0,2.0,0.0
MH_480_251619,Ichalkaranji,Ichalkaranji,Central,Kolhapur,16.68998,74.46745,128.48,28.51,-15.0,479.9,33.6,439.6,520.2,3.2,247.6,12.0,14.0,10.0,58.0,4.0,2.0,0.0
MH_492_564690,Umbershet,Umbershet,Mandangad,Ratnagiri,18.05227,73.25114,31.88,82.58,13.0,911.7,63.8,835.1,988.2,14.5,196.5,12.0,14.0,10.0,58.0,4.0,2.0,0.0
MH_468_533341,Jodhapur,Jodhapur,Dhamangaon Railway,Amravati,20.69501,78.24514,580.33,140.97,-15.0,255.1,17.9,233.6,276.6,1.5,46.3,12.0,14.0,10.0,58.0,4.0,2.0,0.0
MH_481_560888,Kamaroddinpur,Kamaroddinpur,Deoni,Latur,18.3027,77.03533,420.67,92.93,-15.0,279.3,19.6,255.8,302.8,1.5,355.5,12.0,14.0,10.0,58.0,4.0,2.0,0.0
MH_497_552581,Mahap,Mahap,Bhiwandi,Thane,19.44066,73.16848,38.91,67.2,5.0,1023.7,71.7,937.7,1109.8,14.5,193.1,12.0,14.0,10.0,58.0,4.0,2.0,0.0
MH_469_548678,Mamnabad,Mamnabad,Phulambri,Aurangabad,20.19389,75.46953,287.18,79.17,-15.0,310.6,21.7,284.6,336.6,1.5,289.7,12.0,14.0,10.0,58.0,4.0,2.0,0.0
MH_500_542100,Mahuli,Mahuli,Babulgaon,Yavatmal,20.56315,78.06941,560.82,131.75,-15.0,258.6,18.1,236.9,280.3,1.5,38.9,12.0,14.0,10.0,58.0,4.0,2.0,0.0
MH_471_537102,Yekodi,Yekodi,Sakoli,Bhandara,21.13722,79.94172,760.51,305.11,-15.0,221.2,15.5,202.6,239.8,1.5,117.6,12.0,14.0,10.0,58.0,4.0,2.0,0.0
MH_480_567976,Ainapur,Ainapur,Gadhinglaj,Kolhapur,16.16351,74.32412,81.5,61.11,-11.8,497.1,34.8,455.3,538.9,3.2,241.6,12.0,14.0,10.0,58.0,4.0,2.0,0.0
MH_473_540610,Khairi Kh,Khairi Kh,Nagbhir,Chandrapur,20.57327,79.69567,729.6,288.58,-15.0,226.1,15.8,207.1,245.0,1.5,107.2,12.0,14.0,10.0,58.0,4.0,2.0,0.0
MH_496_562897,Kanthehalli,Kanthehalli,Akkalkot,Solapur,17.48085,76.24036,317.0,40.69,-15.0,295.2,20.7,270.4,320.0,1.5,322.1,12.0,14.0,10.0,58.0,4.0,2.0,0.0
MH_471_537178,Borgaon,Borgaon,Lakhani,Bhandara,21.0973,79.88551,754.22,299.46,-15.0,222.3,15.6,203.6,241.0,1.5,115.2,12.0,14.0,10.0,58.0,4.0,2.0,0.0
MH_494_563813,Atali,Atali,Satara,Satara,17.71169,73.8445,80.64,90.99,-1.0,554.7,38.8,508.1,601.2,3.2,221.5,12.0,14.0,10.0,58.0,4.0,2.0,0.0
MH_470_559771,Undri,Undri,Kaij,Beed,18.77565,76.15391,340.82,120.56,-15.0,296.9,20.8,272.0,321.9,1.5,318.5,12.0,14.0,10.0,58.0,4.0,2.0,0.0
MH_495_566933,Phondye,Phondye,Dodamarg,Sindhudurg,15.75937,73.91693,32.67,108.87,-2.6,99.9,8.0,87.9,111.9,2.5,214.9,12.0,14.0,10.0,58.0,4.0,2.0,0.0
MH_491_554191,Umate,Umate,Alibag,Raigad,18.56255,73.02206,18.19,87.36,0.5,48.8,3.4,44.7,52.8,1.8,186.9,12.0,14.0,10.0,58.0,4.0,2.0,0.0
MH_471_536813,Khairlanji,Khairlanji,Mohadi,Bhandara,21.37133,79.57755,726.67,267.73,-15.0,228.4,16.0,209.2,247.6,1.5,102.3,12.0,14.0,10.0,58.0,4.0,2.0,0.0
MH_499_530633,Jodgavhan,Jodgavhan,Malegaon,Washim,20.22226,77.1259,459.88,109.5,-15.0,277.5,19.4,254.2,300.8,1.5,359.3,4.0,22.0,14.0,52.0,3.0,1.0,4.0
MH_480_567275,Top,Top,Hatkanangle,Kolhapur,16.78376,74.28279,107.05,12.82,-10.9,502.1,35.1,459.9,544.2,3.2,239.9,12.0,14.0,10.0,58.0,4.0,2.0,0.0
MH_472_528315,Panchala Pr Jamod,Panchala Pr Jamod,Sangrampur,Buldhana,21.06581,76.68169,425.37,36.23,-15.0,286.4,20.0,262.4,310.4,1.5,340.6,12.0,14.0,10.0,58.0,4.0,2.0,0.0
MH_475_539909,Gudigudam,Gudigudam,Aheri,Gadchiroli,19.27575,80.11437,758.18,296.2,-15.0,217.7,15.2,199.5,236.0,1.5,124.8,12.0,14.0,10.0,58.0,4.0,2.0,0.0
MH_498_533858,Bori,Bori,Arvi,Wardha,20.80116,78.38434,595.77,150.39,-15.0,252.3,17.7,231.1,273.6,1.5,52.1,12.0,14.0,10.0,58.0,4.0,2.0,0.0
MH_499_530613,Wadiramrao,Wadiramrao,Malegaon,Washim,20.36678,77.12257,460.59,93.52,-15.0,277.5,19.4,254.3,300.8,1.5,359.1,4.0,22.0,14.0,52.0,3.0,1.0,4.0
MH_494_563410,Khadaki,Khadaki,Man,Satara,17.68736,74.77381,174.6,55.38,-15.0,443.1,31.0,405.9,480.3,3.2,260.5,12.0,14.0,10.0,58.0,4.0,2.0,0.0
MH_496_562628,Uchethan,Uchethan,Mangalvedhe,Solapur,17.59101,75.50479,243.43,42.39,-15.0,309.9,21.7,283.9,335.9,1.5,291.2,12.0,14.0,10.0,58.0,4.0,2.0,0.0
MH_486_525078,Mogra,Mogra,Akkalkuwa,Nandurbar,21.69295,73.93432,209.73,51.62,-3.0,543.9,38.1,498.2,589.6,3.2,225.2,12.0,14.0,10.0,58.0,4.0,2.0,0.0
MH_473_541275,Chak Borda,Chak Borda,Chandrapur,Chandrapur,20.01553,79.41957,696.27,244.3,-15.0,231.6,16.2,212.2,251.0,1.5,95.6,12.0,14.0,10.0,58.0,4.0,2.0,0.0
MH_470_559357,Surumgaon,Surumgaon,Manjlegaon,Beed,19.17477,76.34472,370.32,100.7,-15.0,293.1,20.5,268.5,317.7,1.5,326.5,12.0,14.0,10.0,58.0,4.0,2.0,0.0
MH_497_552898,Ambarje,Ambarje,Shahapur,Thane,19.33479,73.30479,53.45,71.31,21.0,937.2,65.6,858.5,1015.9,14.5,198.8,12.0,14.0,10.0,58.0,4.0,2.0,0.0
MH_493_568744,Bolwad,Bolwad,Miraj,Sangli,16.81862,74.68602,148.69,53.4,-15.0,453.7,31.8,415.5,491.8,3.2,256.8,12.0,14.0,10.0,58.0,4.0,2.0,0.0
MH_485_545660,Daregaon,Daregaon,Deglur,Nanded,18.49804,77.47143,469.21,69.32,-15.0,270.6,18.9,247.9,293.3,1.5,13.8,12.0,14.0,10.0,58.0,4.0,2.0,0.0
MH_492_564811,Ilane,Ilane,Dapoli,Ratnagiri,17.87975,73.10834,8.0,106.61,2.1,995.0,69.6,911.5,1078.5,14.5,190.6,12.0,14.0,10.0,58.0,4.0,2.0,0.0
MH_472_529332,Mendgaon,Mendgaon,Deolgaon Raja,Buldhana,20.15068,76.30709,374.16,123.2,-15.0,293.9,20.6,269.1,318.6,1.5,324.9,12.0,14.0,10.0,58.0,4.0,2.0,0.0
MH_485_544373,Dipla Naik Tanda,Dipla Naik Tanda,Kinwat,Nanded,19.30388,78.01344,544.9,78.27,-15.0,259.7,18.2,237.9,281.6,1.5,36.6,12.0,14.0,10.0,58.0,4.0,2.0,0.0
MH_476_537989,Pathantola,Pathantola,Salekasa,Gondia,21.38955,80.50073,821.52,363.29,-15.0,210.0,14.7,192.3,227.6,1.5,141.0,12.0,14.0,10.0,58.0,4.0,2.0,0.0
MH_475_540011,Chikayala,Chikayala,Sironcha,Gadchiroli,19.05738,79.93563,735.28,277.01,-15.0,221.3,15.5,202.7,239.9,1.5,117.3,12.0,14.0,10.0,58.0,4.0,2.0,0.0
MH_478_528000,Khadgaon,Khadgaon,Jamner,Jalgaon,20.88881,75.72601,324.25,21.88,-15.0,305.5,21.4,279.8,331.2,1.5,300.5,12.0,14.0,10.0,58.0,4.0,2.0,0.0
MH_469_548383,Chikhalthan,Chikhalthan,Kannad,Aurangabad,20.19094,75.21942,261.14,77.29,-15.0,315.6,22.1,289.1,342.1,1.5,279.2,12.0,14.0,10.0,58.0,4.0,2.0,0.0
MH_477_546361,Mahagaon,Mahagaon,Basmath,Hingoli,19.40821,77.18897,460.3,36.2,-15.0,276.2,19.3,253.1,299.4,1.5,1.9,12.0,14.0,10.0,58.0,4.0,2.0,0.0
MH_484_535508,Pawni,Pawni,Ramtek,Nagpur,21.52434,79.3443,705.84,245.43,-15.0,233.1,16.3,213.6,252.7,1.5,92.5,12.0,14.0,10.0,58.0,4.0,2.0,0.0
MH_481_560208,Bokangaon,Bokangaon,Latur,Latur,18.32373,76.72675,388.66,105.34,-15.0,285.5,20.0,261.5,309.5,1.5,342.5,12.0,14.0,10.0,58.0,4.0,2.0,0.0
MH_484_536466,Wadegaon,Wadegaon,Kuhi,Nagpur,20.95012,79.4578,708.37,256.52,-15.0,230.8,16.2,211.4,250.3,1.5,97.2,12.0,14.0,10.0,58.0,4.0,2.0,0.0
MH_484_535961,Wadmajara,Wadmajara,Nagpur(Rural),Nagpur,20.77863,78.97264,656.48,210.08,-15.0,240.5,16.8,220.4,260.7,1.5,76.9,12.0,14.0,10.0,58.0,4.0,2.0,0.0
MH_472_528478,Wasadi Kh,Wasadi Kh,Nandura,Buldhana,20.77586,76.4455,395.35,74.42,-15.0,291.1,20.4,266.6,315.6,1.5,330.7,12.0,14.0,10.0,58.0,4.0,2.0,0.0
MH_472_529277,Dongar Khandala,Dongar Khandala,Buldana,Buldhana,20.50221,76.29658,376.45,95.15,-15.0,294.1,20.6,269.3,318.8,1.5,324.5,12.0,14.0,10.0,58.0,4.0,2.0,0.0
MH_491_554125,Wadawali,Wadawali,Alibag,Raigad,18.6644,72.98217,12.12,92.67,0.2,45.6,3.2,41.7,49.4,1.8,185.3,12.0,14.0,10.0,58.0,4.0,2.0,0.0
MH_494_564616,Shelakewadi,Shelakewadi,Karad,Satara,17.17662,74.03071,80.39,55.97,-5.2,532.3,37.3,487.6,577.1,3.2,229.3,12.0,14.0,10.0,58.0,4.0,2.0,0.0
MH_476_538128,Kodameli,Kodameli,Sadak-Arjuni,Gondia,21.10709,80.14161,780.75,325.95,-15.0,217.2,15.2,198.9,235.4,1.5,125.9,12.0,14.0,10.0,58.0,4.0,2.0,0.0
MH_480_567740,Vadgaon,Vadgaon,Kagal,Kolhapur,16.29695,74.27963,84.73,45.61,-10.8,502.4,35.2,460.2,544.7,3.2,239.7,12.0,14.0,10.0,58.0,4.0,2.0,0.0
MH_478_527307,Ukhalwadi,Ukhalwadi,Dharangaon,Jalgaon,21.08297,75.3262,290.37,25.58,-15.0,313.5,21.9,287.2,339.8,1.5,283.7,12.0,14.0,10.0,58.0,4.0,2.0,0.0
MH_486_525648,Loya,Loya,Nandurbar,Nandurbar,21.42313,74.13644,201.96,15.19,-7.6,519.6,36.4,475.9,563.3,3.2,233.7,12.0,14.0,10.0,58.0,4.0,2.0,0.0
MH_485_544469,Talni,Talni,Hadgaon,Nanded,19.63052,77.52093,495.43,63.38,-15.0,269.6,18.9,246.9,292.3,1.5,15.9,12.0,14.0,10.0,58.0,4.0,2.0,0.0
MH_484_535658,Tondli Rithi,Tondli Rithi,Mauda,Nagpur,21.29524,79.52134,719.62,261.51,-15.0,229.6,16.1,210.3,248.9,1.5,99.9,12.0,14.0,10.0,58.0,4.0,2.0,0.0
MH_472_528977,Bardapur,Bardapur,Mehkar,Buldhana,20.22737,76.61135,406.3,115.46,-15.0,287.8,20.1,263.7,311.9,1.5,337.7,12.0,14.0,10.0,58.0,4.0,2.0,0.0
MH_472_529508,Bramhan Chikna,Bramhan Chikna,Lonar,Buldhana,20.02956,76.43625,387.01,132.68,-15.0,291.3,20.4,266.8,315.8,1.5,330.3,12.0,14.0,10.0,58.0,4.0,2.0,0.0
MH_665_251460,Palghar,Palghar,Central,Palghar,19.70401,72.76837,29.85,83.88,0.0,28.5,2.0,26.1,30.9,1.8,176.3,12.0,14.0,10.0,58.0,4.0,2.0,0.0
MH_475_540096,Korla Chak,Korla Chak,Sironcha,Gadchiroli,18.90333,80.29868,770.23,316.02,-15.0,214.0,15.0,196.0,232.0,1.5,132.5,12.0,14.0,10.0,58.0,4.0,2.0,0.0
MH_485_544256,Ambadi Tanda,Ambadi Tanda,Kinwat,Nanded,19.73531,78.21125,568.15,118.84,-15.0,255.8,17.9,234.3,277.3,1.5,44.9,12.0,14.0,10.0,58.0,4.0,2.0,0.0
MH_467_530329,Dhanora Patekar,Dhanora Patekar,Murtijapur,Akola,20.59611,77.3715,488.84,77.45,-15.0,272.6,19.1,249.7,295.5,1.5,9.6,12.0,14.0,10.0,58.0,4.0,2.0,0.0
MH_494_563814,Kurultijai,Kurultijai,Satara,Satara,17.70084,73.8399,80.34,92.2,-0.9,555.2,38.9,508.5,601.9,3.2,221.3,12.0,14.0,10.0,58.0,4.0,2.0,0.0
MH_475_538676,Purada,Purada,Kurkheda,Gadchiroli,20.61906,80.33381,796.22,352.26,-15.0,213.3,14.9,195.4,231.2,1.5,134.0,12.0,14.0,10.0,58.0,4.0,2.0,0.0
MH_491_554043,Waghran,Waghran,Alibag,Raigad,18.73179,72.96135,14.03,96.29,0.1,43.9,3.1,40.2,47.6,1.8,184.4,12.0,14.0,10.0,58.0,4.0,2.0,0.0
MH_469_548317,Satkund Tanda,Satkund Tanda,Kannad,Aurangabad,20.32908,75.10687,251.31,73.15,-15.0,317.9,22.3,291.1,344.6,1.5,274.5,12.0,14.0,10.0,58.0,4.0,2.0,0.0
MH_491_555131,Gavhadi,Gavhadi,Mahad,Raigad,17.95663,73.40185,36.81,79.4,37.1,818.9,57.3,750.1,887.6,14.5,202.9,12.0,14.0,10.0,58.0,4.0,2.0,0.0
MH_469_549138,Siddhapurwadi,Siddhapurwadi,Vaijapur,Aurangabad,19.84619,74.74541,209.71,30.83,-15.0,446.6,31.3,409.0,484.1,3.2,259.3,12.0,14.0,10.0,58.0,4.0,2.0,0.0
MH_474_526571,Mahal Pandhari,Mahal Pandhari,Dhule,Dhule,20.92391,74.51703,205.58,53.2,-15.0,474.0,33.2,434.1,513.8,3.2,249.7,12.0,14.0,10.0,58.0,4.0,2.0,0.0
MH_665_551733,Kapshi,Kapshi,Dahanu,Palghar,19.88975,72.77439,10.06,79.19,0.0,29.0,2.0,26.6,31.4,1.8,176.5,12.0,14.0,10.0,58.0,4.0,2.0,0.0
MH_469_548260,Bhildari,Bhildari,Kannad,Aurangabad,20.34326,75.14229,255.2,77.14,-15.0,317.2,22.2,290.5,343.8,1.5,276.0,12.0,14.0,10.0,58.0,4.0,2.0,0.0
MH_466_557938,Dongarwadi,Dongarwadi,Pathardi,Ahmednagar,19.16023,74.92642,223.3,54.44,-15.0,424.8,29.7,389.2,460.5,3.2,266.9,12.0,14.0,10.0,58.0,4.0,2.0,0.0
MH_475_538654,Uradi,Uradi,Kurkheda,Gadchiroli,20.50154,80.19844,781.36,340.93,-15.0,216.0,15.1,197.9,234.2,1.5,128.3,12.0,14.0,10.0,58.0,4.0,2.0,0.0
MH_466_557272,Wagdari,Wagdari,Akola,Ahmednagar,19.44169,73.82962,108.07,61.11,-0.7,556.4,39.0,509.6,603.2,3.2,220.8,12.0,14.0,10.0,58.0,4.0,2.0,0.0
MH_489_547224,Kanad Kheda,Kanad Kheda,Purna,Parbhani,19.17002,77.03133,441.7,29.28,-15.0,279.4,19.6,255.9,302.9,1.5,355.3,12.0,14.0,10.0,58.0,4.0,2.0,0.0
MH_494_564478,Wazewadi,Wazewadi,Karad,Satara,17.45761,74.06971,96.88,85.37,-6.1,527.6,36.9,483.4,571.9,3.2,230.9,12.0,14.0,10.0,58.0,4.0,2.0,0.0
MH_479_547533,Borkhedi,Borkhedi,Jalna,Jalna,19.88261,75.9925,338.61,84.06,-15.0,300.1,21.0,274.9,325.3,1.5,311.7,12.0,14.0,10.0,58.0,4.0,2.0,0.0
MH_466_557374,Ashwi Bk,Ashwi Bk,Sangamner,Ahmednagar,19.54578,74.36344,164.7,52.49,-12.7,492.4,34.5,451.0,533.8,3.2,243.3,12.0,14.0,10.0,58.0,4.0,2.0,0.0
MH_470_558806,Lamantanda,Lamantanda,Ashti,Beed,18.95717,74.99017,225.94,68.57,-15.0,417.2,29.2,382.1,452.2,3.2,269.6,12.0,14.0,10.0,58.0,4.0,2.0,0.0
MH_474_526474,Nikumbhe,Nikumbhe,Dhule,Dhule,21.0132,74.65831,222.98,57.23,-15.0,457.0,32.0,418.6,495.4,3.2,255.6,12.0,14.0,10.0,58.0,4.0,2.0,0.0
MH_498_533495,Bharaswada,Bharaswada,Ashti,Wardha,21.13223,78.15219,576.6,119.71,-15.0,257.0,18.0,235.4,278.6,1.5,42.4,12.0,14.0,10.0,58.0,4.0,2.0,0.0
MH_500_542356,Pandhurna,Pandhurna,Yavatmal,Yavatmal,20.49926,78.01699,554.71,131.3,-15.0,259.7,18.2,237.8,281.5,1.5,36.7,12.0,14.0,10.0,58.0,4.0,2.0,0.0
MH_665_551875,Pimpalshet,Pimpalshet,Jawhar,Palghar,19.96202,73.10011,38.69,45.0,1.8,1088.2,76.2,996.8,1179.7,14.5,190.2,12.0,14.0,10.0,58.0,4.0,2.0,0.0
MH_477_546256,Jawala Panchal,Jawala Panchal,Kalamnuri,Hingoli,19.38974,77.34592,476.79,32.58,-15.0,273.1,19.1,250.2,296.0,1.5,8.5,12.0,14.0,10.0,58.0,4.0,2.0,0.0
MH_480_568099,Satawane,Satawane,Chandgad,Kolhapur,15.97341,74.23726,66.15,80.89,-9.8,735.9,58.9,647.5,824.2,2.5,226.8,12.0,14.0,10.0,58.0,4.0,2.0,0.0
MH_478_527908,Bhatkhande Kh,Bhatkhande Kh,Pachora,Jalgaon,20.72947,75.36653,283.96,37.11,-15.0,312.7,21.9,286.4,338.9,1.5,285.4,12.0,14.0,10.0,58.0,4.0,2.0,0.0
MH_498_533825,Dhanodi,Dhanodi,Arvi,Wardha,20.88007,78.27943,585.83,137.46,-15.0,254.4,17.8,233.1,275.8,1.5,47.7,12.0,14.0,10.0,58.0,4.0,2.0,0.0
MH_480_567230,Majegaon,Majegaon,Panhala,Kolhapur,16.76661,74.11471,90.18,11.72,-7.1,522.2,36.6,478.3,566.2,3.2,232.8,12.0,14.0,10.0,58.0,4.0,2.0,0.0
MH_495_566826,Saigaon,Saigaon,Kudal,Sindhudurg,15.98292,73.63557,13.68,99.92,31.2,86.5,6.9,76.1,96.8,2.5,204.5,12.0,14.0,10.0,58.0,4.0,2.0,0.0
MH_492_566189,Gothane Doniwade,Gothane Doniwade,Rajapur,Ratnagiri,16.68722,73.57138,44.36,66.97,40.6,717.2,50.2,656.9,777.4,14.5,210.0,12.0,14.0,10.0,58.0,4.0,2.0,0.0
MH_468_531711,Gaulkheda Bazar,Gaulkheda Bazar,Chikhaldara,Amravati,21.33784,77.36158,500.88,40.48,-15.0,272.8,19.1,249.8,295.7,1.5,9.2,12.0,14.0,10.0,58.0,4.0,2.0,0.0
MH_494_564315,Jamdadwadi and Chaugulewadi,Jamdadwadi and Chaugulewadi,Patan,Satara,17.32647,73.98465,81.8,73.33,-4.2,537.8,37.6,492.7,583.0,3.2,227.4,12.0,14.0,10.0,58.0,4.0,2.0,0.0
MH_468_531724,Borala,Borala,Chikhaldara,Amravati,21.30195,77.37467,501.26,40.45,-15.0,272.5,19.1,249.6,295.4,1.5,9.7,12.0,14.0,10.0,58.0,4.0,2.0,0.0
MH_473_540502,Shivan Payali,Shivan Payali,Chimur,Chandrapur,20.48946,79.49301,707.93,270.84,-15.0,230.1,16.1,210.8,249.5,1.5,98.7,12.0,14.0,10.0,58.0,4.0,2.0,0.0
MH_474_526590,Balhane,Balhane,Dhule,Dhule,20.85122,74.65843,216.41,68.94,-15.0,457.0,32.0,418.6,495.4,3.2,255.7,12.0,14.0,10.0,58.0,4.0,2.0,0.0
MH_500_543471,Wagholi,Wagholi,Kelapur,Yavatmal,20.0876,78.47981,599.3,165.33,-15.0,250.4,17.5,229.4,271.4,1.5,56.2,12.0,14.0,10.0,58.0,4.0,2.0,0.0
MH_479_547836,Bhatkheda,Bhatkheda,Ambad,Jalna,19.576,75.90045,325.59,63.49,-15.0,302.0,21.1,276.7,327.3,1.5,307.8,12.0,14.0,10.0,58.0,4.0,2.0,0.0
MH_479_547938,Sakalgaon,Sakalgaon,Ghansawangi,Jalna,19.47876,76.1263,348.89,86.65,-15.0,297.5,20.8,272.5,322.4,1.5,317.3,12.0,14.0,10.0,58.0,4.0,2.0,0.0
MH_473_541709,Nagrala,Nagrala,Jiwati,Chandrapur,19.67998,79.11435,662.38,200.93,-15.0,237.7,16.6,217.8,257.6,1.5,82.8,12.0,14.0,10.0,58.0,4.0,2.0,0.0
MH_468_531971,Pathrot,Pathrot,Achalpur,Amravati,21.22321,77.36106,497.94,37.52,-15.0,272.8,19.1,249.9,295.7,1.5,9.2,12.0,14.0,10.0,58.0,4.0,2.0,0.0
MH_475_540050,Rangayapalli W L,Rangayapalli W L,Sironcha,Gadchiroli,18.87176,79.96732,735.36,281.6,-15.0,220.7,15.4,202.2,239.1,1.5,118.6,12.0,14.0,10.0,58.0,4.0,2.0,0.0
MH_499_530886,Jalalpur,Jalalpur,Karanja,Washim,20.61728,77.47466,499.73,81.42,-15.0,270.5,18.9,247.8,293.2,1.5,13.9,12.0,14.0,10.0,58.0,4.0,2.0,0.0
MH_496_562746,Borul,Borul,Solapur South,Solapur,17.50906,76.02042,294.6,20.21,-15.0,299.6,21.0,274.4,324.8,1.5,312.9,12.0,14.0,10.0,58.0,4.0,2.0,0.0
MH_489_546424,Pimpri Bk,Pimpri Bk,Sailu,Parbhani,19.60499,76.56551,395.33,95.35,-15.0,288.7,20.2,264.4,312.9,1.5,335.8,12.0,14.0,10.0,58.0,4.0,2.0,0.0
MH_476_537833,Batana,Batana,Gondiya,Gondia,21.49528,80.25776,798.37,338.98,-15.0,214.8,15.0,196.8,232.8,1.5,130.8,12.0,14.0,10.0,58.0,4.0,2.0,0.0
MH_665_551927,Vp Aaptale,Vp Aaptale,Jawhar,Palghar,19.89014,73.24598,54.66,30.21,12.4,997.5,69.8,913.7,1081.2,14.5,196.3,12.0,14.0,10.0,58.0,4.0,2.0,0.0
MH_469_549282,Chandikpur,Chandikpur,Gangapur,Aurangabad,19.72761,75.19387,253.45,27.64,-15.0,316.1,22.1,289.6,342.6,1.5,278.1,12.0,14.0,10.0,58.0,4.0,2.0,0.0
MH_491_553804,Khanavi,Khanavi,Khalapur,Raigad,18.74671,73.27481,44.26,65.22,16.3,928.7,65.0,850.7,1006.7,14.5,197.5,12.0,14.0,10.0,58.0,4.0,2.0,0.0
MH_494_563226,Ghatdare,Ghatdare,Khandala,Satara,18.02547,74.07317,106.74,55.33,-6.1,527.2,36.9,482.9,571.5,3.2,231.1,12.0,14.0,10.0,58.0,4.0,2.0,0.0
MH_474_526250,Khori,Khori,Sakri,Dhule,21.18027,74.34113,202.54,19.78,-12.2,495.1,34.7,453.4,536.7,3.2,242.3,12.0,14.0,10.0,58.0,4.0,2.0,0.0
MH_498_533945,Babapur,Babapur,Seloo,Wardha,20.80865,78.60419,618.6,172.12,-15.0,247.9,17.4,227.0,268.8,1.5,61.4,12.0,14.0,10.0,58.0,4.0,2.0,0.0
MH_467_530393,Tandali Bk,Tandali Bk,Patur,Akola,20.52907,76.87657,436.91,75.7,-15.0,282.5,19.8,258.7,306.2,1.5,348.8,12.0,14.0,10.0,58.0,4.0,2.0,0.0
MH_469_548694,Wakod,Wakod,Phulambri,Aurangabad,20.16729,75.48988,289.08,76.81,-15.0,310.2,21.7,284.2,336.2,1.5,290.6,12.0,14.0,10.0,58.0,4.0,2.0,0.0
MH_466_558638,Dhotri,Dhotri,Jamkhed,Ahmednagar,18.75739,75.34296,260.15,82.7,-15.0,313.1,21.9,286.9,339.4,1.5,284.4,12.0,14.0,10.0,58.0,4.0,2.0,0.0
MH_468_532535,Warkhed,Warkhed,Teosa,Amravati,21.07296,78.12228,572.5,117.25,-15.0,257.6,18.0,236.0,279.2,1.5,41.1,12.0,14.0,10.0,58.0,4.0,2.0,0.0
MH_466_558315,Kinhi,Kinhi,Parner,Ahmednagar,19.10235,74.4155,169.25,87.14,-13.8,486.1,34.0,445.3,526.9,3.2,245.5,12.0,14.0,10.0,58.0,4.0,2.0,0.0
MH_498_533646,Khairwada,Khairwada,Karanja,Wardha,20.98992,78.40199,599.94,147.31,-15.0,252.0,17.6,230.8,273.1,1.5,52.9,12.0,14.0,10.0,58.0,4.0,2.0,0.0
MH_480_567711,Kurukali,Kurukali,Kagal,Kolhapur,16.41626,74.25152,90.74,32.02,-10.2,505.8,35.4,463.3,548.3,3.2,238.6,12.0,14.0,10.0,58.0,4.0,2.0,0.0
MH_500_543356,Shivni,Shivni,Ghatanji,Yavatmal,20.1806,78.44833,597.28,170.0,-15.0,251.0,17.6,229.9,272.2,1.5,54.8,12.0,14.0,10.0,58.0,4.0,2.0,0.0
MH_475_539750,Tadgaon,Tadgaon,Bhamragad,Gadchiroli,19.42518,80.51668,802.85,339.58,-15.0,209.7,14.7,192.0,227.3,1.5,141.7,12.0,14.0,10.0,58.0,4.0,2.0,0.0
MH_497_553199,Kharshet Umbroli,Kharshet Umbroli,Murbad,Thane,19.41447,73.66706,90.95,60.17,3.0,723.4,50.6,662.7,784.1,14.5,214.0,12.0,14.0,10.0,58.0,4.0,2.0,0.0
MH_497_552660,Pimpalas,Pimpalas,Bhiwandi,Thane,19.25592,73.07503,33.01,89.76,1.2,53.0,3.7,48.6,57.4,1.8,189.2,12.0,14.0,10.0,58.0,4.0,2.0,0.0
MH_488_561726,Balsur,Balsur,Umarga,Osmanabad,17.90478,76.55327,359.77,74.75,-15.0,288.9,20.2,264.7,313.2,1.5,335.2,12.0,14.0,10.0,58.0,4.0,2.0,0.0
MH_486_525482,Chikhali Bk,Chikhali Bk,Shahade,Nandurbar,21.62553,74.43692,240.15,43.72,-14.3,483.6,33.8,443.0,524.1,3.2,246.4,12.0,14.0,10.0,58.0,4.0,2.0,0.0
MH_499_530906,Dhanaj,Dhanaj,Karanja,Washim,20.71309,77.58988,512.6,81.75,-15.0,268.2,18.8,245.6,290.8,1.5,18.8,12.0,14.0,10.0,58.0,4.0,2.0,0.0
MH_475_538632,Khairi,Khairi,Kurkheda,Gadchiroli,20.57779,80.18464,780.43,337.99,-15.0,216.3,15.1,198.2,234.4,1.5,127.8,12.0,14.0,10.0,58.0,4.0,2.0,0.0
MH_467_530126,Bhourat,Bhourat,Akola,Akola,20.73257,76.95662,447.36,52.17,-15.0,280.9,19.7,257.2,304.5,1.5,352.2,12.0,14.0,10.0,58.0,4.0,2.0,0.0
MH_466_557641,Haregaon,Haregaon,Shrirampur,Ahmednagar,19.65173,74.70528,201.62,44.28,-15.0,451.4,31.6,413.4,489.3,3.2,257.6,12.0,14.0,10.0,58.0,4.0,2.0,0.0
MH_469_548584,Amsari,Amsari,Sillod,Aurangabad,20.52465,75.79513,324.66,59.25,-15.0,304.1,21.3,278.5,329.7,1.5,303.4,12.0,14.0,10.0,58.0,4.0,2.0,0.0
MH_494_563566,Kanharwadi,Kanharwadi,Khatav,Satara,17.51721,74.61853,151.79,70.48,-15.0,461.8,32.3,423.0,500.5,3.2,254.0,12.0,14.0,10.0,58.0,4.0,2.0,0.0
MH_471_537511,Keshori Kh,Keshori Kh,Lakhandur,Bhandara,20.69079,79.93747,755.7,310.25,-15.0,221.3,15.5,202.7,239.9,1.5,117.4,12.0,14.0,10.0,58.0,4.0,2.0,0.0
MH_478_526725,Khedi Bk,Khedi Bk,Chopda,Jalgaon,21.18973,75.40207,301.84,25.84,-15.0,312.0,21.8,285.8,338.1,1.5,286.9,12.0,14.0,10.0,58.0,4.0,2.0,0.0
MH_470_559658,Chandani,Chandani,Bid,Beed,18.701,75.78613,301.45,102.48,-15.0,304.3,21.3,278.7,329.8,1.5,303.0,12.0,14.0,10.0,58.0,4.0,2.0,0.0
MH_484_535063,Bihalgondi,Bihalgondi,Katol,Nagpur,21.14579,78.67833,630.74,174.13,-15.0,246.4,17.3,225.7,267.2,1.5,64.5,12.0,14.0,10.0,58.0,4.0,2.0,0.0
MH_493_568494,Hanmant Vadiye,Hanmant Vadiye,Kadegaon,Sangli,17.30184,74.43001,124.97,71.25,-14.2,484.4,33.9,443.7,525.1,3.2,246.1,12.0,14.0,10.0,58.0,4.0,2.0,0.0
MH_472_528293,Rohin Khindki,Rohin Khindki,Sangrampur,Buldhana,21.20339,76.74495,435.26,26.44,-15.0,285.1,20.0,261.1,309.1,1.5,343.3,12.0,14.0,10.0,58.0,4.0,2.0,0.0
MH_468_531737,Masamapur,Masamapur,Anjangaon Surji,Amravati,21.17495,77.22431,482.94,23.42,-15.0,275.5,19.3,252.4,298.7,1.5,3.4,12.0,14.0,10.0,58.0,4.0,2.0,0.0
MH_499_530785,Murtijapur,Murtijapur,Mangrulpir,Washim,20.32967,77.3364,482.5,102.9,-15.0,273.3,19.1,250.4,296.2,1.5,8.1,12.0,14.0,10.0,58.0,4.0,2.0,0.0
MH_475_539964,Rengulwahi,Rengulwahi,Aheri,Gadchiroli,19.08811,80.01831,744.43,285.63,-15.0,219.6,15.4,201.2,238.1,1.5,120.8,12.0,14.0,10.0,58.0,4.0,2.0,0.0
MH_488_561631,Bhatangali,Bhatangali,Lohara,Osmanabad,18.06817,76.36488,346.37,67.7,-15.0,292.7,20.5,268.1,317.3,1.5,327.3,12.0,14.0,10.0,58.0,4.0,2.0,0.0
MH_491_554408,Jamgaon,Jamgaon,Roha,Raigad,18.40328,73.29558,52.02,60.15,19.5,900.8,63.1,825.1,976.5,14.5,198.4,12.0,14.0,10.0,58.0,4.0,2.0,0.0
MH_469_549160,Chorwaghalgaon,Chorwaghalgaon,Vaijapur,Aurangabad,19.8321,74.84421,219.44,40.54,-15.0,434.7,30.4,398.2,471.2,3.2,263.5,12.0,14.0,10.0,58.0,4.0,2.0,0.0
MH_470_559351,Gangamasla,Gangamasla,Manjlegaon,Beed,19.19927,76.34241,370.5,101.19,-15.0,293.2,20.5,268.6,317.8,1.5,326.4,12.0,14.0,10.0,58.0,4.0,2.0,0.0
MH_494_564438,Chalkewadi,Chalkewadi,Patan,Satara,17.1977,74.01995,79.93,58.56,-4.9,533.6,37.4,488.7,578.5,3.2,228.8,12.0,14.0,10.0,58.0,4.0,2.0,0.0
MH_500_543613,Undari,Undari,Ralegaon,Yavatmal,20.40705,78.61871,616.45,189.96,-15.0,247.6,17.3,226.9,268.4,1.5,62.0,12.0,14.0,10.0,58.0,4.0,2.0,0.0
MH_468_533248,Wai,Wai,Chandur Railway,Amravati,20.66853,77.91468,545.82,111.88,-15.0,261.7,18.3,239.7,283.7,1.5,32.4,12.0,14.0,10.0,58.0,4.0,2.0,0.0
MH_478_526691,Anwarde Bk,Anwarde Bk,Chopda,Jalgaon,21.21931,75.09047,273.24,53.98,-15.0,318.2,22.3,291.4,345.0,1.5,273.8,12.0,14.0,10.0,58.0,4.0,2.0,0.0
MH_496_562567,Karandewadi,Karandewadi,Sangole,Solapur,17.34048,75.06984,192.03,94.53,-15.0,318.6,22.3,291.8,345.4,1.5,272.9,12.0,14.0,10.0,58.0,4.0,2.0,0.0
MH_500_543542,Hiwardhari,Hiwardhari,Kelapur,Yavatmal,19.90131,78.45952,595.25,150.7,-15.0,250.8,17.6,229.7,271.9,1.5,55.3,12.0,14.0,10.0,58.0,4.0,2.0,0.0
MH_486_525193,Akkalkuwa,Akkalkuwa,Central,Nandurbar,21.56086,74.01749,204.04,34.62,-4.9,533.9,37.4,489.0,578.8,3.2,228.7,12.0,14.0,10.0,58.0,4.0,2.0,0.0
MH_475_538947,Moholi,Moholi,Dhanora,Gadchiroli,20.36317,80.25299,786.38,339.48,-15.0,214.9,15.0,196.9,232.9,1.5,130.6,12.0,14.0,10.0,58.0,4.0,2.0,0.0
MH_665_552219,Newale,Newale,Palghar,Palghar,19.84956,72.76025,13.76,81.11,0.0,27.8,1.9,25.5,30.1,1.8,175.9,12.0,14.0,10.0,58.0,4.0,2.0,0.0
MH_476_538059,Halbitola,Halbitola,Salekasa,Gondia,21.21013,80.4337,812.12,355.95,-15.0,211.3,14.8,193.6,229.1,1.5,138.2,12.0,14.0,10.0,58.0,4.0,2.0,0.0
MH_470_559235,Aurangpur Kukada,Aurangpur Kukada,Georai,Beed,19.13172,75.8361,316.81,69.58,-15.0,303.3,21.2,277.8,328.7,1.5,305.1,12.0,14.0,10.0,58.0,4.0,2.0,0.0
MH_496_561939,Alegaon Kh,Alegaon Kh,Madha,Solapur,17.99044,75.04174,207.49,51.94,-15.0,319.2,22.3,292.4,345.9,1.5,271.8,12.0,14.0,10.0,58.0,4.0,2.0,0.0
MH_466_558533,Nagalwadi,Nagalwadi,Karjat,Ahmednagar,18.68799,75.0856,232.25,80.15,-15.0,318.3,22.3,291.5,345.0,1.5,273.6,12.0,14.0,10.0,58.0,4.0,2.0,0.0
MH_478_527993,Palasakhede Mirache,Palasakhede Mirache,Jamner,Jalgaon,20.85907,75.60686,311.44,17.47,-15.0,307.9,21.6,281.9,333.8,1.5,295.5,12.0,14.0,10.0,58.0,4.0,2.0,0.0
MH_492_565521,Kotavade,Kotavade,Ratnagiri,Ratnagiri,17.09797,73.32984,12.42,102.61,25.2,862.1,60.3,789.7,934.5,14.5,199.9,12.0,14.0,10.0,58.0,4.0,2.0,0.0
MH_473_541252,Chincholi,Chincholi,Chandrapur,Chandrapur,20.05783,79.26928,681.02,232.18,-15.0,234.6,16.4,214.9,254.3,1.5,89.3,12.0,14.0,10.0,58.0,4.0,2.0,0.0
MH_476_999999,Reserved Forest,Reserved Forest,Central,Gondia,20.97214,80.09198,774.17,321.78,-15.0,218.2,15.3,199.8,236.5,1.5,123.9,12.0,14.0,10.0,58.0,4.0,2.0,0.0
MH_494_564559,Vijaynagar,Vijaynagar,Karad,Satara,17.30748,74.13134,95.12,67.94,-7.5,520.2,36.4,476.6,563.9,3.2,233.5,12.0,14.0,10.0,58.0,4.0,2.0,0.0
MH_467_530124,Yelwan,Yelwan,Akola,Akola,20.61816,77.17239,468.39,67.13,-15.0,276.6,19.4,253.3,299.8,1.5,1.2,12.0,14.0,10.0,58.0,4.0,2.0,0.0
MH_489_546948,Kanhegaon,Kanhegaon,Sonpeth,Parbhani,19.05311,76.62471,397.66,71.16,-15.0,287.5,20.1,263.4,311.6,1.5,338.2,52.0,18.0,8.0,16.0,2.0,4.0,0.0
MH_485_545160,Hotala,Hotala,Naigaon  (Khairgaon),Nanded,18.78737,77.528,480.95,42.23,-15.0,269.4,18.9,246.8,292.1,1.5,16.2,12.0,14.0,10.0,58.0,4.0,2.0,0.0
MH_477_546175,Chinchoti,Chinchoti,Kalamnuri,Hingoli,19.59923,77.27822,469.9,55.56,-15.0,274.4,19.2,251.4,297.5,1.5,5.7,12.0,14.0,10.0,58.0,4.0,2.0,0.0
MH_485_544165,Vasram Tanda,Vasram Tanda,Mahoor,Nanded,19.88047,78.10505,558.11,121.05,-15.0,257.9,18.1,236.2,279.6,1.5,40.4,12.0,14.0,10.0,58.0,4.0,2.0,0.0
MH_485_544349,Kolhari,Kolhari,Kinwat,Nanded,19.37822,77.99445,544.82,79.2,-15.0,260.1,18.2,238.3,282.0,1.5,35.8,12.0,14.0,10.0,58.0,4.0,2.0,0.0
MH_469_549450,Imampur,Imampur,Paithan,Aurangabad,19.73704,75.23612,257.97,27.19,-15.0,315.3,22.1,288.8,341.8,1.5,279.9,12.0,14.0,10.0,58.0,4.0,2.0,0.0
MH_467_530299,Fani,Fani,Murtijapur,Akola,20.65627,77.34204,486.35,70.12,-15.0,273.2,19.1,250.2,296.1,1.5,8.4,12.0,14.0,10.0,58.0,4.0,2.0,0.0
MH_484_535013,Khadki,Khadki,Katol,Nagpur,21.24383,78.514,615.66,157.01,-15.0,249.7,17.5,228.7,270.7,1.5,57.6,12.0,14.0,10.0,58.0,4.0,2.0,0.0
MH_472_529427,Malkapur Pangra,Malkapur Pangra,Sindkhed Raja,Buldhana,20.08162,76.34598,377.96,127.12,-15.0,293.1,20.5,268.5,317.7,1.5,326.5,12.0,14.0,10.0,58.0,4.0,2.0,0.0
MH_467_530139,Nizampur,Nizampur,Akola,Akola,20.69137,76.9977,451.08,56.56,-15.0,280.0,19.6,256.5,303.6,1.5,353.9,12.0,14.0,10.0,58.0,4.0,2.0,0.0
MH_492_565517,Jambharun,Jambharun,Ratnagiri,Ratnagiri,17.09806,73.37854,14.63,97.97,33.5,832.9,58.3,762.9,902.8,14.5,201.9,12.0,14.0,10.0,58.0,4.0,2.0,0.0
MH_472_528299,Alewadi,Alewadi,Sangrampur,Buldhana,21.14328,76.68077,427.2,33.7,-15.0,286.4,20.0,262.4,310.4,1.5,340.6,12.0,14.0,10.0,58.0,4.0,2.0,0.0
MH_467_530166,Shivar,Shivar,Central,Akola,20.69297,77.06386,457.95,56.77,-15.0,278.7,19.5,255.3,302.1,1.5,356.7,12.0,14.0,10.0,58.0,4.0,2.0,0.0
MH_484_534974,Sonmoh,Sonmoh,Katol,Nagpur,21.21939,78.68784,632.98,174.98,-15.0,246.2,17.2,225.6,266.9,1.5,64.9,12.0,14.0,10.0,58.0,4.0,2.0,0.0
MH_475_539975,Dodger,Dodger,Aheri,Gadchiroli,19.10088,80.24382,768.02,309.31,-15.0,215.1,15.1,197.0,233.2,1.5,130.2,12.0,14.0,10.0,58.0,4.0,2.0,0.0
MH_472_528540,Gondhankhed,Gondhankhed,Nandura,Buldhana,20.83774,76.3623,387.92,77.48,-15.0,292.8,20.5,268.2,317.4,1.5,327.2,12.0,14.0,10.0,58.0,4.0,2.0,0.0
MH_473_541758,Babapur,Babapur,Rajura,Chandrapur,19.83607,79.27795,680.19,222.93,-15.0,234.4,16.4,214.8,254.1,1.5,89.7,12.0,14.0,10.0,58.0,4.0,2.0,0.0
MH_467_530394,Tandali Kh,Tandali Kh,Patur,Akola,20.5326,76.89386,438.73,75.03,-15.0,282.1,19.7,258.5,305.8,1.5,349.5,12.0,14.0,10.0,58.0,4.0,2.0,0.0
MH_480_567988,Mutnal,Mutnal,Gadhinglaj,Kolhapur,16.2436,74.44323,96.81,56.99,-14.5,482.8,33.8,442.3,523.4,3.2,246.6,12.0,14.0,10.0,58.0,4.0,2.0,0.0
MH_469_549100,Nandgaon,Nandgaon,Vaijapur,Aurangabad,19.94224,74.68448,204.3,20.32,-15.0,453.9,31.8,415.7,492.0,3.2,256.7,12.0,14.0,10.0,58.0,4.0,2.0,0.0
MH_471_536997,Amgaon,Amgaon,Bhandara,Bhandara,21.13059,79.74658,740.33,284.9,-15.0,225.1,15.8,206.1,244.0,1.5,109.4,12.0,14.0,10.0,58.0,4.0,2.0,0.0
MH_468_533151,Shiwra,Shiwra,Nandgaon-Khandeshwar,Amravati,20.57509,77.73484,526.34,103.23,-15.0,265.3,18.6,243.0,287.6,1.5,24.9,4.0,22.0,14.0,52.0,3.0,1.0,4.0
MH_500_543793,Dhanpur,Dhanpur,Maregaon,Yavatmal,20.0743,78.74245,626.42,185.93,-15.0,245.2,17.2,224.5,265.8,1.5,67.2,12.0,14.0,10.0,58.0,4.0,2.0,0.0
MH_471_537424,Pradhan,Pradhan,Pauni,Bhandara,20.67392,79.66678,727.49,283.06,-15.0,226.7,15.9,207.6,245.7,1.5,106.0,12.0,14.0,10.0,58.0,4.0,2.0,0.0
MH_485_544718,Wadi Janji,Wadi Janji,Nanded,Nanded,19.16684,77.37807,476.68,11.07,-15.0,272.4,19.1,249.5,295.4,1.5,9.9,12.0,14.0,10.0,58.0,4.0,2.0,0.0
MH_469_251436,Soyagaon,Soyagaon,Central,Aurangabad,20.59822,75.63576,309.15,46.46,-15.0,307.3,21.5,281.5,333.1,1.5,296.7,12.0,14.0,10.0,58.0,4.0,2.0,0.0
MH_495_566305,Sandve,Sandve,Devgad,Sindhudurg,16.27587,73.5968,46.38,79.75,37.3,701.9,49.1,643.0,760.8,14.5,211.1,12.0,14.0,10.0,58.0,4.0,2.0,0.0
MH_484_535267,Pipla,Pipla,Savner,Nagpur,21.47093,78.94952,664.61,204.15,-15.0,241.0,16.9,220.7,261.3,1.5,75.9,12.0,14.0,10.0,58.0,4.0,2.0,0.0
MH_481_560693,Ujani,Ujani,Ausa,Latur,18.12985,76.31284,342.73,68.96,-15.0,293.7,20.6,269.0,318.5,1.5,325.1,12.0,14.0,10.0,58.0,4.0,2.0,0.0
MH_479_548141,Dahifal Khandare,Dahifal Khandare,Mantha,Jalna,19.81811,76.41763,381.77,122.21,-15.0,291.6,20.4,267.2,316.1,1.5,329.5,12.0,14.0,10.0,58.0,4.0,2.0,0.0
MH_478_527977,Vadgaon Joge,Vadgaon Joge,Pachora,Jalgaon,20.64634,75.53287,299.34,40.54,-15.0,309.3,21.7,283.3,335.4,1.5,292.4,12.0,14.0,10.0,58.0,4.0,2.0,0.0
MH_466_557554,Pohegaon Bk,Pohegaon Bk,Kopargaon,Ahmednagar,19.81641,74.40218,174.09,22.83,-13.5,487.7,34.1,446.8,528.7,3.2,244.9,12.0,14.0,10.0,58.0,4.0,2.0,0.0
MH_469_548386,Nandgirwadi,Nandgirwadi,Kannad,Aurangabad,20.24072,75.22011,261.75,79.81,-15.0,315.6,22.1,289.1,342.1,1.5,279.2,12.0,14.0,10.0,58.0,4.0,2.0,0.0
MH_494_563843,Katavadi Bk,Katavadi Bk,Satara,Satara,17.65944,73.86759,84.04,93.05,-1.5,551.9,38.6,505.6,598.2,3.2,222.4,12.0,14.0,10.0,58.0,4.0,2.0,0.0
MH_500_542402,Barbada,Barbada,Yavatmal,Yavatmal,20.31915,78.14791,566.9,154.4,-15.0,257.0,18.0,235.4,278.6,1.5,42.2,12.0,14.0,10.0,58.0,4.0,2.0,0.0
MH_477_546048,Pimpaldari Tarf Nandapur,Pimpaldari Tarf Nandapur,Aundha (Nagnath),Hingoli,19.57315,77.1941,461.0,53.77,-15.0,276.1,19.3,253.0,299.3,1.5,2.2,12.0,14.0,10.0,58.0,4.0,2.0,0.0
MH_467_529636,Akoli Ruprao,Akoli Ruprao,Telhara,Akola,21.08423,76.91199,449.16,15.78,-15.0,281.8,19.7,258.1,305.4,1.5,350.3,12.0,14.0,10.0,58.0,4.0,2.0,0.0
MH_466_557244,Sultanpur,Sultanpur,Akola,Ahmednagar,19.51108,74.0716,133.89,60.86,-6.1,527.4,36.9,483.1,571.7,3.2,231.0,12.0,14.0,10.0,58.0,4.0,2.0,0.0
MH_665_551801,Waki,Waki,Vikramgad,Palghar,19.75998,73.13061,47.96,46.32,2.9,1060.8,74.3,971.7,1150.0,14.5,191.5,12.0,14.0,10.0,58.0,4.0,2.0,0.0
MH_470_559786,Gotegaon,Gotegaon,Kaij,Beed,18.6466,76.08789,330.0,112.58,-15.0,298.2,20.9,273.2,323.3,1.5,315.7,12.0,14.0,10.0,58.0,4.0,2.0,0.0
MH_485_544935,Nagthana Bk,Nagthana Bk,Umri,Nanded,18.99212,77.64483,498.21,38.18,-15.0,267.1,18.7,244.7,289.5,1.5,21.1,12.0,14.0,10.0,58.0,4.0,2.0,0.0
MH_477_546191,Pardi,Pardi,Kalamnuri,Hingoli,19.62917,77.35581,478.15,59.13,-15.0,272.9,19.1,250.0,295.8,1.5,8.9,12.0,14.0,10.0,58.0,4.0,2.0,0.0
MH_480_567233,Yavluj,Yavluj,Panhala,Kolhapur,16.7332,74.13395,93.23,7.94,-7.5,519.9,36.4,476.2,563.6,3.2,233.6,12.0,14.0,10.0,58.0,4.0,2.0,0.0
MH_496_561900,Bhogewadi,Bhogewadi,Madha,Solapur,18.18232,75.32053,239.49,78.32,-15.0,313.6,22.0,287.2,340.0,1.5,283.5,12.0,14.0,10.0,58.0,4.0,2.0,0.0
MH_491_553846,Bori,Bori,Pen,Raigad,18.7173,73.03023,18.94,88.86,0.5,49.4,3.5,45.2,53.6,1.8,187.3,12.0,14.0,10.0,58.0,4.0,2.0,0.0
MH_473_540430,Chindhi Nimbala,Chindhi Nimbala,Chimur,Chandrapur,20.5701,79.45045,704.12,264.03,-15.0,231.0,16.2,211.6,250.4,1.5,96.9,12.0,14.0,10.0,58.0,4.0,2.0,0.0
MH_471_536985,Ajani Hamesha,Ajani Hamesha,Bhandara,Bhandara,21.16418,79.79146,745.4,289.45,-15.0,224.2,15.7,205.3,243.0,1.5,111.2,12.0,14.0,10.0,58.0,4.0,2.0,0.0
MH_468_532919,Sonkhas,Sonkhas,Daryapur,Amravati,20.98301,77.32218,488.92,41.22,-15.0,273.6,19.1,250.6,296.5,1.5,7.5,12.0,14.0,10.0,58.0,4.0,2.0,0.0
MH_466_558016,Wasu,Wasu,Pathardi,Ahmednagar,19.21678,75.25468,258.3,31.85,-15.0,314.9,22.0,288.5,341.3,1.5,280.7,12.0,14.0,10.0,58.0,4.0,2.0,0.0
MH_475_538761,Bonde,Bonde,Korchi,Gadchiroli,20.75498,80.42132,806.45,358.64,-15.0,211.6,14.8,193.8,229.3,1.5,137.7,12.0,14.0,10.0,58.0,4.0,2.0,0.0
MH_466_558248,Tamnar Akhada,Tamnar Akhada,Rahuri,Ahmednagar,19.38784,74.6653,195.65,67.71,-15.0,456.2,31.9,417.9,494.4,3.2,255.9,12.0,14.0,10.0,58.0,4.0,2.0,0.0
MH_498_533575,Bihadi,Bihadi,Karanja,Wardha,21.20922,78.42788,606.21,148.03,-15.0,251.4,17.6,230.3,272.6,1.5,54.0,12.0,14.0,10.0,58.0,4.0,2.0,0.0
MH_488_561649,Murshadpur,Murshadpur,Lohara,Osmanabad,17.99075,76.50244,357.39,74.18,-15.0,290.0,20.3,265.6,314.3,1.5,333.1,12.0,14.0,10.0,58.0,4.0,2.0,0.0
MH_473_541936,Chak Navegaon,Chak Navegaon,Gondpipri,Chandrapur,19.58664,79.65723,719.04,253.16,-15.0,226.9,15.9,207.8,245.9,1.5,105.6,12.0,14.0,10.0,58.0,4.0,2.0,0.0
MH_468_532514,Dapori Kh,Dapori Kh,Teosa,Amravati,21.17537,78.08854,570.9,112.89,-15.0,258.2,18.1,236.5,279.9,1.5,39.7,12.0,14.0,10.0,58.0,4.0,2.0,0.0
MH_473_540769,Maldongri,Maldongri,Brahmapuri,Chandrapur,20.58115,79.86762,747.52,305.74,-15.0,222.6,15.6,203.9,241.4,1.5,114.4,12.0,14.0,10.0,58.0,4.0,2.0,0.0
MH_491_554368,Dhankanhe,Dhankanhe,Roha,Raigad,18.46782,73.17538,37.45,71.47,5.5,975.8,68.3,893.9,1057.8,14.5,193.4,12.0,14.0,10.0,58.0,4.0,2.0,0.0
MH_478_528137,Junone,Junone,Jamner,Jalgaon,20.68061,75.95636,343.47,55.12,-15.0,300.9,21.1,275.6,326.2,1.5,310.2,12.0,14.0,10.0,58.0,4.0,2.0,0.0
MH_492_565079,Morvande,Morvande,Khed,Ratnagiri,17.68918,73.40434,35.9,104.69,37.5,817.4,57.2,748.8,886.0,14.5,203.0,12.0,14.0,10.0,58.0,4.0,2.0,0.0
MH_486_525789,Hirafali,Hirafali,Nawapur,Nandurbar,21.15831,73.58897,141.09,65.26,38.4,848.7,59.4,777.5,920.0,14.5,210.7,12.0,14.0,10.0,58.0,4.0,2.0,0.0
MH_470_559228,Damunaik Tanda,Damunaik Tanda,Georai,Beed,19.14569,75.81494,314.88,66.87,-15.0,303.7,21.3,278.1,329.3,1.5,304.2,12.0,14.0,10.0,58.0,4.0,2.0,0.0
MH_491_555194,Wakan,Wakan,Poladpur,Raigad,17.96339,73.52826,49.41,71.58,44.3,743.0,52.0,680.6,805.4,14.5,208.2,12.0,14.0,10.0,58.0,4.0,2.0,0.0
MH_470_559246,Mirkala,Mirkala,Georai,Beed,19.22464,75.74475,309.27,55.81,-15.0,305.1,21.4,279.4,330.8,1.5,301.3,12.0,14.0,10.0,58.0,4.0,2.0,0.0
MH_485_544615,Delub,Delub,Ardhapur,Nanded,19.33326,77.34304,476.58,26.33,-15.0,273.1,19.1,250.2,296.1,1.5,8.4,12.0,14.0,10.0,58.0,4.0,2.0,0.0
MH_492_564840,Velvi,Velvi,Dapoli,Ratnagiri,17.86474,73.21011,14.1,100.2,8.4,933.9,65.4,855.5,1012.4,14.5,194.8,12.0,14.0,10.0,58.0,4.0,2.0,0.0
MH_500_543074,Udapur,Udapur,Umarkhed,Yavatmal,19.49169,77.99842,545.14,85.26,-15.0,260.0,18.2,238.2,281.9,1.5,35.9,12.0,14.0,10.0,58.0,4.0,2.0,0.0
MH_468_532297,Hashampur,Hashampur,Morshi,Amravati,21.24578,78.00464,563.78,104.26,-15.0,259.9,18.2,238.1,281.7,1.5,36.2,12.0,14.0,10.0,58.0,4.0,2.0,0.0
MH_488_561047,Lonarwadi,Lonarwadi,Paranda,Osmanabad,18.46879,75.37579,252.4,91.18,-15.0,312.5,21.9,286.2,338.8,1.5,285.8,12.0,14.0,10.0,58.0,4.0,2.0,0.0
MH_479_548065,Khandvi,Khandvi,Partur,Jalna,19.54006,76.26805,363.9,101.55,-15.0,294.6,20.6,269.9,319.4,1.5,323.3,12.0,14.0,10.0,58.0,4.0,2.0,0.0
MH_488_561231,Pargaon,Pargaon,Washi,Osmanabad,18.6641,75.70542,292.08,102.25,-15.0,305.9,21.4,280.2,331.6,1.5,299.6,12.0,14.0,10.0,58.0,4.0,2.0,0.0
MH_468_531575,Gudifata,Gudifata,Chikhaldara,Amravati,21.3057,76.96725,460.41,12.23,-15.0,280.7,19.6,257.1,304.2,1.5,352.6,12.0,14.0,10.0,58.0,4.0,2.0,0.0
MH_468_532942,Darkheda,Darkheda,Daryapur,Amravati,20.86125,77.35781,490.55,52.9,-15.0,272.8,19.1,249.9,295.8,1.5,9.0,12.0,14.0,10.0,58.0,4.0,2.0,0.0
MH_471_999999,Bedurtal R F,Bedurtal R F,Central,Bhandara,20.70386,79.66588,727.69,282.27,-15.0,226.7,15.9,207.6,245.8,1.5,106.0,12.0,14.0,10.0,58.0,4.0,2.0,0.0
MH_665_551879,Vp Pimpurna,Vp Pimpurna,Jawhar,Palghar,20.01291,73.17611,46.86,37.86,5.5,1044.9,73.1,957.2,1132.6,14.5,193.4,12.0,14.0,10.0,58.0,4.0,2.0,0.0
MH_495_566755,Khutvalwadi,Khutvalwadi,Kudal,Sindhudurg,16.01541,73.75489,21.84,89.72,1.0,607.1,42.5,556.1,658.1,14.5,217.7,12.0,14.0,10.0,58.0,4.0,2.0,0.0
MH_665_552258,Varkhunti,Varkhunti,Palghar,Palghar,19.68176,72.79431,31.34,82.15,0.0,30.5,2.1,28.0,33.1,1.8,177.4,12.0,14.0,10.0,58.0,4.0,2.0,0.0
MH_486_525528,Kalmad T Haveli,Kalmad T Haveli,Shahade,Nandurbar,21.60957,74.60987,252.83,54.63,-15.0,462.8,32.4,423.9,501.7,3.2,253.6,12.0,14.0,10.0,58.0,4.0,2.0,0.0
MH_485_544193,Junapani,Junapani,Mahoor,Nanded,19.76742,78.09391,556.08,111.53,-15.0,258.1,18.1,236.4,279.8,1.5,39.9,12.0,14.0,10.0,58.0,4.0,2.0,0.0
MH_498_533496,Rampuri,Rampuri,Ashti,Wardha,21.14177,78.16454,578.04,120.92,-15.0,256.7,18.0,235.1,278.3,1.5,42.9,12.0,14.0,10.0,58.0,4.0,2.0,0.0
MH_476_538043,Kosamtarra,Kosamtarra,Salekasa,Gondia,21.26516,80.53706,823.48,366.67,-15.0,209.3,14.6,191.7,226.8,1.5,142.6,12.0,14.0,10.0,58.0,4.0,2.0,0.0
MH_467_530217,Shelu Wetal,Shelu Wetal,Murtijapur,Akola,20.70749,77.35468,488.2,66.0,-15.0,272.9,19.1,250.0,295.8,1.5,8.9,12.0,14.0,10.0,58.0,4.0,2.0,0.0
MH_498_533898,Mohi,Mohi,Seloo,Wardha,20.89236,78.71555,631.02,181.29,-15.0,245.7,17.2,225.0,266.3,1.5,66.1,12.0,14.0,10.0,58.0,4.0,2.0,0.0
MH_491_555004,Devghar,Devghar,Mahad,Raigad,18.19577,73.47568,59.19,54.24,44.5,783.4,54.8,717.6,849.2,14.5,206.0,12.0,14.0,10.0,58.0,4.0,2.0,0.0
MH_470_559899,Kaudgaon Sabla,Kaudgaon Sabla,Parli,Beed,18.97164,76.45852,378.16,89.6,-15.0,290.8,20.4,266.3,315.3,1.5,331.3,12.0,14.0,10.0,58.0,4.0,2.0,0.0
MH_481_276374,Shirur Anantpal,Shirur Anantpal,Central,Latur,18.33844,76.83913,400.64,97.6,-15.0,283.2,19.8,259.5,307.0,1.5,347.2,12.0,14.0,10.0,58.0,4.0,2.0,0.0
MH_491_553490,Akulwadi,Akulwadi,Panvel,Raigad,18.88099,73.14234,33.98,84.13,3.5,1014.2,71.0,929.0,1099.4,14.5,192.0,12.0,14.0,10.0,58.0,4.0,2.0,0.0
MH_469_549319,Mendhi,Mendhi,Gangapur,Aurangabad,19.77403,74.97349,231.46,45.8,-15.0,419.2,29.3,384.0,454.3,3.2,268.9,12.0,14.0,10.0,58.0,4.0,2.0,0.0
MH_486_525516,Shrikhed,Shrikhed,Shahade,Nandurbar,21.65566,74.60996,256.02,57.99,-15.0,462.8,32.4,423.9,501.7,3.2,253.6,12.0,14.0,10.0,58.0,4.0,2.0,0.0
MH_491_554639,Mangawali,Mangawali,Mangaon,Raigad,18.25036,73.25538,51.99,70.02,13.6,918.0,64.3,840.9,995.2,14.5,196.7,12.0,14.0,10.0,58.0,4.0,2.0,0.0
MH_494_563678,Asgaon,Asgaon,Koregaon,Satara,17.72425,74.13242,110.79,66.96,-7.5,520.1,36.4,476.4,563.8,3.2,233.6,12.0,14.0,10.0,58.0,4.0,2.0,0.0
MH_498_251336,Pulgaon,Pulgaon,Central,Wardha,20.73451,78.32784,589.26,147.27,-15.0,253.4,17.7,232.2,274.7,1.5,49.8,12.0,14.0,10.0,58.0,4.0,2.0,0.0
MH_480_567077,Mangaon,Mangaon,Shahuwadi,Kolhapur,16.95168,74.00876,75.5,34.6,-4.7,534.9,37.4,490.1,579.8,3.2,228.4,12.0,14.0,10.0,58.0,4.0,2.0,0.0
MH_488_561286,Ratnapur,Ratnapur,Kalamb,Osmanabad,18.41825,75.87015,301.5,85.48,-15.0,302.6,21.2,277.2,328.0,1.5,306.5,12.0,14.0,10.0,58.0,4.0,2.0,0.0
MH_473_541271,Nandgur,Nandgur,Chandrapur,Chandrapur,20.02142,79.48376,703.01,250.7,-15.0,230.3,16.1,211.0,249.6,1.5,98.3,12.0,14.0,10.0,58.0,4.0,2.0,0.0
MH_472_529227,Gunjala,Gunjala,Chikhli,Buldhana,20.19803,76.2871,372.34,117.81,-15.0,294.3,20.6,269.5,319.0,1.5,324.1,12.0,14.0,10.0,58.0,4.0,2.0,0.0
MH_472_528937,Vivekanand Nagar,Vivekanand Nagar,Mehkar,Buldhana,20.25305,76.50031,394.92,117.42,-15.0,290.0,20.3,265.6,314.4,1.5,333.0,12.0,14.0,10.0,58.0,4.0,2.0,0.0
MH_478_527773,Chambhardi Kh,Chambhardi Kh,Chalisgaon,Jalgaon,20.47031,75.13602,255.76,74.47,-15.0,317.3,22.2,290.6,343.9,1.5,275.7,12.0,14.0,10.0,58.0,4.0,2.0,0.0
MH_475_538874,Talegaon Chak,Talegaon Chak,Dhanora,Gadchiroli,20.43775,80.34363,796.13,351.5,-15.0,213.1,14.9,195.2,231.0,1.5,134.4,12.0,14.0,10.0,58.0,4.0,2.0,0.0
MH_480_567671,Karnoor,Karnoor,Kagal,Kolhapur,16.54102,74.30669,104.67,21.02,-11.4,499.2,34.9,457.3,541.1,3.2,240.9,12.0,14.0,10.0,58.0,4.0,2.0,0.0
MH_665_551965,Beriste,Beriste,Mokhada,Palghar,19.98268,73.3587,65.72,18.52,30.2,934.0,65.4,855.5,1012.5,14.5,201.1,12.0,14.0,10.0,58.0,4.0,2.0,0.0
MH_466_558204,Rahuri New,Rahuri New,Rahuri,Ahmednagar,19.42341,74.64851,193.88,65.97,-15.0,458.2,32.1,419.7,496.7,3.2,255.2,12.0,14.0,10.0,58.0,4.0,2.0,0.0
MH_492_566143,Mandavkarwadi,Mandavkarwadi,Rajapur,Ratnagiri,16.68091,73.53596,42.57,70.76,43.9,738.4,51.7,676.4,800.5,14.5,208.5,12.0,14.0,10.0,58.0,4.0,2.0,0.0
MH_500_543364,Wasri,Wasri,Ghatanji,Yavatmal,20.10233,78.3869,589.85,159.32,-15.0,252.3,17.7,231.0,273.5,1.5,52.3,12.0,14.0,10.0,58.0,4.0,2.0,0.0
MH_468_532997,Bhambora,Bhambora,Daryapur,Amravati,20.93262,77.4314,499.25,53.74,-15.0,271.4,19.0,248.6,294.2,1.5,12.1,12.0,14.0,10.0,58.0,4.0,2.0,0.0
MH_500_542081,Pimpalkhuta,Pimpalkhuta,Babulgaon,Yavatmal,20.65314,78.05439,560.19,125.26,-15.0,258.9,18.1,237.2,280.6,1.5,38.3,12.0,14.0,10.0,58.0,4.0,2.0,0.0
MH_468_532222,Jaymalpur,Jaymalpur,Morshi,Amravati,21.25504,77.91081,554.43,94.6,-15.0,261.8,18.3,239.8,283.7,1.5,32.3,12.0,14.0,10.0,58.0,4.0,2.0,0.0
MH_493_568497,Vadiye Raybag,Vadiye Raybag,Kadegaon,Sangli,17.2711,74.45013,126.15,68.85,-14.6,482.0,33.7,441.5,522.4,3.2,246.9,12.0,14.0,10.0,58.0,4.0,2.0,0.0
MH_475_539593,Murwada,Murwada,Etapalli,Gadchiroli,19.67725,80.62347,819.88,354.45,-15.0,207.5,14.5,190.1,224.9,1.5,146.2,12.0,14.0,10.0,58.0,4.0,2.0,0.0
MH_500_542473,Savitri,Savitri,Yavatmal,Yavatmal,20.26567,78.27059,579.4,164.7,-15.0,254.6,17.8,233.2,275.9,1.5,47.4,12.0,14.0,10.0,58.0,4.0,2.0,0.0
MH_499_530891,Bramhanwada,Bramhanwada,Karanja,Washim,20.60081,77.5491,507.32,87.71,-15.0,269.0,18.8,246.5,291.6,1.5,17.1,12.0,14.0,10.0,58.0,4.0,2.0,0.0
MH_485_544125,Nakhegaon,Nakhegaon,Mahoor,Nanded,19.87187,77.9649,543.43,110.56,-15.0,260.7,18.2,238.9,282.5,1.5,34.5,12.0,14.0,10.0,58.0,4.0,2.0,0.0
MH_479_548080,Surumgaon,Surumgaon,Partur,Jalna,19.45041,76.21398,358.05,95.97,-15.0,295.7,20.7,270.9,320.6,1.5,321.0,12.0,14.0,10.0,58.0,4.0,2.0,0.0
MH_466_558597,Balwandi,Balwandi,Karjat,Ahmednagar,18.49607,74.82603,198.66,46.43,-15.0,436.9,30.6,400.2,473.6,3.2,262.7,12.0,14.0,10.0,58.0,4.0,2.0,0.0
MH_468_531864,Belkheda,Belkheda,Achalpur,Amravati,21.36513,77.53617,519.16,58.51,-15.0,269.3,18.8,246.7,291.8,1.5,16.5,12.0,14.0,10.0,58.0,4.0,2.0,0.0
MH_475_539890,Katepalli S,Katepalli S,Aheri,Gadchiroli,19.30486,80.00143,747.21,284.58,-15.0,220.0,15.4,201.5,238.5,1.5,120.1,12.0,14.0,10.0,58.0,4.0,2.0,0.0
MH_480_567928,Ningudage,Ningudage,Ajra,Kolhapur,16.14094,74.31247,79.35,63.31,-11.5,498.5,34.9,456.6,540.4,3.2,241.1,12.0,14.0,10.0,58.0,4.0,2.0,0.0
MH_498_533987,Yankapur,Yankapur,Seloo,Wardha,20.79283,78.68004,626.3,180.19,-15.0,246.4,17.2,225.8,267.0,1.5,64.6,12.0,14.0,10.0,58.0,4.0,2.0,0.0
MH_499_531042,Chondhi,Chondhi,Manora,Washim,20.32352,77.56565,506.31,113.83,-15.0,268.7,18.8,246.1,291.2,1.5,17.8,12.0,14.0,10.0,58.0,4.0,2.0,0.0
MH_475_538988,Salebhatti,Salebhatti,Dhanora,Gadchiroli,20.29366,80.32663,793.38,343.52,-15.0,213.5,14.9,195.6,231.3,1.5,133.7,12.0,14.0,10.0,58.0,4.0,2.0,0.0
MH_665_552057,Vasuri Kh,Vasuri Kh,Vada,Palghar,19.57429,73.07811,35.01,62.37,1.3,53.2,3.7,48.8,57.7,1.8,189.3,12.0,14.0,10.0,58.0,4.0,2.0,0.0
MH_468_531641,Korda,Korda,Chikhaldara,Amravati,21.60601,77.51219,523.72,69.64,-15.0,269.8,18.9,247.1,292.4,1.5,15.5,12.0,14.0,10.0,58.0,4.0,2.0,0.0
MH_499_530890,Aurangapur,Aurangapur,Karanja,Washim,20.61006,77.53251,505.67,85.81,-15.0,269.3,18.9,246.7,292.0,1.5,16.4,12.0,14.0,10.0,58.0,4.0,2.0,0.0
MH_485_545278,Haldav,Haldav,Loha,Nanded,18.95717,77.10183,442.11,26.19,-15.0,278.0,19.5,254.6,301.4,1.5,358.3,12.0,14.0,10.0,58.0,4.0,2.0,0.0
MH_466_557556,Pohegaon Kh,Pohegaon Kh,Kopargaon,Ahmednagar,19.81194,74.43418,177.2,22.01,-14.3,483.9,33.9,443.2,524.6,3.2,246.2,12.0,14.0,10.0,58.0,4.0,2.0,0.0
MH_471_536991,Nerodi,Nerodi,Bhandara,Bhandara,21.15584,79.71029,736.93,281.06,-15.0,225.8,15.8,206.8,244.8,1.5,107.8,12.0,14.0,10.0,58.0,4.0,2.0,0.0
MH_500_542181,Zola,Zola,Babulgaon,Yavatmal,20.45375,78.17671,570.86,147.79,-15.0,256.5,18.0,234.9,278.1,1.5,43.4,12.0,14.0,10.0,58.0,4.0,2.0,0.0
MH_468_532295,Munaimpur,Munaimpur,Morshi,Amravati,21.24014,77.98198,561.35,101.89,-15.0,260.4,18.2,238.5,282.2,1.5,35.2,12.0,14.0,10.0,58.0,4.0,2.0,0.0
MH_495_566875,Niravade,Niravade,Sawantwadi,Sindhudurg,15.85958,73.76909,14.88,104.16,0.7,31.8,5.0,24.3,39.3,2.5,209.5,12.0,14.0,10.0,58.0,4.0,2.0,0.0
MH_493_568505,Gardi,Gardi,Khanapur (Vita),Sangli,17.30934,74.54025,136.48,76.81,-15.0,471.2,33.0,431.6,510.8,3.2,250.7,12.0,14.0,10.0,58.0,4.0,2.0,0.0
MH_480_567638,Lingachiwadi,Lingachiwadi,Radhanagari,Kolhapur,16.36365,74.01293,69.35,42.38,-4.8,534.4,37.4,489.6,579.3,3.2,228.5,12.0,14.0,10.0,58.0,4.0,2.0,0.0
MH_466_558014,Kolsangavi,Kolsangavi,Pathardi,Ahmednagar,19.21334,75.31864,264.91,31.94,-15.0,313.6,22.0,287.2,340.0,1.5,283.4,12.0,14.0,10.0,58.0,4.0,2.0,0.0
MH_479_276371,Mantha,Mantha,Central,Jalna,19.65687,76.38087,376.35,114.57,-15.0,292.4,20.5,267.8,317.0,1.5,328.0,12.0,14.0,10.0,58.0,4.0,2.0,0.0
MH_470_558831,Takali Amaya,Takali Amaya,Ashti,Beed,18.86173,75.04233,230.06,75.96,-15.0,319.2,22.3,292.4,345.9,1.5,271.8,12.0,14.0,10.0,58.0,4.0,2.0,0.0
MH_472_528949,Wadgaon Mali,Wadgaon Mali,Mehkar,Buldhana,20.17916,76.46417,390.68,126.46,-15.0,290.7,20.4,266.2,315.2,1.5,331.5,12.0,14.0,10.0,58.0,4.0,2.0,0.0
MH_479_547561,Kadwanchi,Kadwanchi,Jalna,Jalna,19.91626,76.00546,340.52,87.15,-15.0,299.9,21.0,274.7,325.1,1.5,312.2,12.0,14.0,10.0,58.0,4.0,2.0,0.0
MH_480_567259,Panore,Panore,Panhala,Kolhapur,16.61293,74.01663,87.05,21.8,-4.9,534.0,37.4,489.1,578.9,3.2,228.7,12.0,14.0,10.0,58.0,4.0,2.0,0.0
MH_499_531336,Koyali Bk,Koyali Bk,Risod,Washim,19.99967,76.95602,440.15,106.33,-15.0,280.9,19.7,257.2,304.5,1.5,352.2,12.0,14.0,10.0,58.0,4.0,2.0,0.0
MH_485_545428,Hatkayal,Hatkayal,Kandhar,Nanded,18.72949,77.0894,434.48,46.78,-15.0,278.2,19.5,254.8,301.6,1.5,357.8,12.0,14.0,10.0,58.0,4.0,2.0,0.0
MH_471_537066,Yetewahi,Yetewahi,Bhandara,Bhandara,21.00795,79.75196,739.4,286.27,-15.0,225.0,15.7,206.1,243.8,1.5,109.6,12.0,14.0,10.0,58.0,4.0,2.0,0.0
MH_476_538137,Shenda,Shenda,Sadak-Arjuni,Gondia,21.12512,80.2636,793.55,338.52,-15.0,214.7,15.0,196.7,232.7,1.5,131.1,12.0,14.0,10.0,58.0,4.0,2.0,0.0
MH_475_539274,Ravanpalli,Ravanpalli,Chamorshi,Gadchiroli,19.96593,80.0698,763.67,305.81,-15.0,218.6,15.3,200.2,237.0,1.5,122.9,12.0,14.0,10.0,58.0,4.0,2.0,0.0
MH_479_547804,Karjat,Karjat,Ambad,Jalna,19.70225,75.73636,309.51,50.94,-15.0,305.3,21.4,279.6,331.0,1.5,300.9,12.0,14.0,10.0,58.0,4.0,2.0,0.0
MH_492_565638,Chandor,Chandor,Ratnagiri,Ratnagiri,16.90509,73.40986,15.02,87.15,38.3,814.1,57.0,745.7,882.5,14.5,203.2,12.0,14.0,10.0,58.0,4.0,2.0,0.0
MH_495_566334,Palandewadi,Palandewadi,Vaibhavvadi,Sindhudurg,16.64116,73.81368,67.04,41.67,-0.3,558.4,39.1,511.4,605.3,3.2,220.2,12.0,14.0,10.0,58.0,4.0,2.0,0.0
MH_484_535467,Sawara,Sawara,Ramtek,Nagpur,21.62172,79.35707,709.25,248.47,-15.0,232.9,16.3,213.3,252.4,1.5,93.0,12.0,14.0,10.0,58.0,4.0,2.0,0.0
MH_495_566467,Bordave,Bordave,Kankavli,Sindhudurg,16.19839,73.70533,38.48,76.77,2.1,636.8,44.6,583.3,690.3,14.5,215.6,12.0,14.0,10.0,58.0,4.0,2.0,0.0
MH_473_540895,Saimara Chak,Saimara Chak,Sawali,Chandrapur,20.19123,79.78139,735.64,286.78,-15.0,224.4,15.7,205.5,243.2,1.5,110.8,12.0,14.0,10.0,58.0,4.0,2.0,0.0
MH_485_545484,Bhagnurwadi,Bhagnurwadi,Mukhed,Nanded,18.6801,77.42709,468.11,48.57,-15.0,271.5,19.0,248.7,294.3,1.5,11.9,12.0,14.0,10.0,58.0,4.0,2.0,0.0
MH_475_539156,Bodali Alias Madya Tukum,Bodali Alias Madya Tukum,Gadchiroli,Gadchiroli,20.19788,80.06297,764.96,314.03,-15.0,218.7,15.3,200.4,237.1,1.5,122.6,12.0,14.0,10.0,58.0,4.0,2.0,0.0
MH_480_567817,Khedge,Khedge,Bhudargad,Kolhapur,16.25205,74.07299,64.35,51.62,-6.1,527.2,36.9,483.0,571.5,3.2,231.1,12.0,14.0,10.0,58.0,4.0,2.0,0.0
MH_474_526026,Ukhalwadi,Ukhalwadi,Shirpur,Dhule,21.46404,74.78278,258.08,63.04,-15.0,442.1,30.9,405.0,479.1,3.2,260.9,12.0,14.0,10.0,58.0,4.0,2.0,0.0
MH_479_547912,Raona,Raona,Ghansawangi,Jalna,19.5573,75.96499,332.24,69.98,-15.0,300.7,21.0,275.5,325.9,1.5,310.5,12.0,14.0,10.0,58.0,4.0,2.0,0.0
MH_494_563600,Vadgaon,Vadgaon,Khatav,Satara,17.44092,74.34561,121.85,82.66,-12.3,494.5,34.6,453.0,536.0,3.2,242.5,12.0,14.0,10.0,58.0,4.0,2.0,0.0
MH_489_546867,Hatkarwadi,Hatkarwadi,Manwath,Parbhani,19.1258,76.63213,399.48,70.23,-15.0,287.4,20.1,263.2,311.5,1.5,338.5,12.0,14.0,10.0,58.0,4.0,2.0,0.0
MH_500_542755,Bajrangnagar,Bajrangnagar,Pusad,Yavatmal,19.99616,77.57788,504.54,103.82,-15.0,268.4,18.8,245.9,291.0,1.5,18.3,12.0,14.0,10.0,58.0,4.0,2.0,0.0
MH_484_534774,Dindargaon,Dindargaon,Narkhed,Nagpur,21.40713,78.48903,616.48,155.97,-15.0,250.2,17.5,229.2,271.2,1.5,56.5,12.0,14.0,10.0,58.0,4.0,2.0,0.0
MH_500_543080,Chinchpad,Chinchpad,Mahagaon,Yavatmal,19.98942,77.76693,524.08,110.34,-15.0,264.7,18.5,242.5,286.9,1.5,26.2,12.0,14.0,10.0,58.0,4.0,2.0,0.0
MH_476_537969,Walad,Walad,Amgaon,Gondia,21.27603,80.38177,807.65,350.59,-15.0,212.4,14.9,194.5,230.2,1.5,136.0,12.0,14.0,10.0,58.0,4.0,2.0,0.0
MH_498_533378,Thadi,Thadi,Ashti,Wardha,21.33913,78.13563,579.12,118.69,-15.0,257.3,18.0,235.7,278.9,1.5,41.7,12.0,14.0,10.0,58.0,4.0,2.0,0.0
MH_489_547260,Banegaon,Banegaon,Purna,Parbhani,19.11129,76.97252,434.29,34.43,-15.0,280.5,19.6,257.0,304.1,1.5,352.8,12.0,14.0,10.0,58.0,4.0,2.0,0.0
MH_472_529527,Kasari,Kasari,Lonar,Buldhana,19.93255,76.41754,383.38,126.48,-15.0,291.6,20.4,267.2,316.1,1.5,329.5,12.0,14.0,10.0,58.0,4.0,2.0,0.0
MH_491_554234,Tale,Tale,Murud,Raigad,18.44124,72.96853,24.42,93.48,0.2,44.5,3.1,40.8,48.2,1.8,184.7,12.0,14.0,10.0,58.0,4.0,2.0,0.0
MH_494_563138,Kalambhe,Kalambhe,Wai,Satara,17.81274,73.93925,89.91,77.45,-3.1,543.3,38.0,497.7,588.9,3.2,225.4,12.0,14.0,10.0,58.0,4.0,2.0,0.0
MH_489_546707,Tuljapur,Tuljapur,Parbhani,Parbhani,19.34067,76.72704,411.99,65.84,-15.0,285.5,20.0,261.5,309.5,1.5,342.5,12.0,14.0,10.0,58.0,4.0,2.0,0.0
MH_468_532932,Thilori,Thilori,Daryapur,Amravati,20.9154,77.39164,494.88,51.51,-15.0,272.2,19.1,249.2,295.1,1.5,10.4,12.0,14.0,10.0,58.0,4.0,2.0,0.0
MH_484_535426,Singori,Singori,Parseoni,Nagpur,21.27997,79.16156,682.52,224.2,-15.0,236.8,16.6,216.8,256.7,1.5,84.8,12.0,14.0,10.0,58.0,4.0,2.0,0.0
MH_467_529961,Manaki,Manaki,Balapur,Akola,20.64139,76.85879,436.13,63.82,-15.0,282.8,19.8,259.1,306.6,1.5,348.1,12.0,14.0,10.0,58.0,4.0,2.0,0.0
MH_475_538757,Pendakodo,Pendakodo,Korchi,Gadchiroli,20.73958,80.3518,799.1,351.76,-15.0,213.0,14.9,195.1,230.8,1.5,134.8,12.0,14.0,10.0,58.0,4.0,2.0,0.0
MH_500_543198,Bid,Bid,Arni,Yavatmal,20.13504,77.90336,540.22,131.3,-15.0,261.9,18.3,240.0,283.9,1.5,31.9,12.0,14.0,10.0,58.0,4.0,2.0,0.0
MH_498_534043,Morangana,Morangana,Wardha,Wardha,20.71203,78.70069,627.72,184.75,-15.0,246.0,17.2,225.3,266.6,1.5,65.4,12.0,14.0,10.0,58.0,4.0,2.0,0.0
MH_496_561896,Nadi,Nadi,Madha,Solapur,18.22566,75.41709,250.37,81.9,-15.0,311.7,21.8,285.5,337.8,1.5,287.5,12.0,14.0,10.0,58.0,4.0,2.0,0.0
MH_473_541046,Gadmaushi Chak,Gadmaushi Chak,Sindewahi,Chandrapur,20.29861,79.66888,725.26,281.53,-15.0,226.6,15.9,207.5,245.7,1.5,106.1,12.0,14.0,10.0,58.0,4.0,2.0,0.0
MH_489_547035,Dongarjawla,Dongarjawla,Gangakhed,Parbhani,18.86376,76.71172,399.81,67.2,-15.0,285.8,20.0,261.8,309.8,1.5,341.9,12.0,14.0,10.0,58.0,4.0,2.0,0.0
MH_475_540091,Kistyaplli,Kistyaplli,Sironcha,Gadchiroli,18.89988,80.2681,767.02,312.85,-15.0,214.6,15.0,196.6,232.6,1.5,131.3,12.0,14.0,10.0,58.0,4.0,2.0,0.0
MH_492_565223,Kalambaste,Kalambaste,Chiplun,Ratnagiri,17.53463,73.53843,56.52,115.48,43.7,736.9,51.6,675.0,798.9,14.5,208.6,12.0,14.0,10.0,58.0,4.0,2.0,0.0
MH_473_540569,Nandara,Nandara,Chimur,Chandrapur,20.44169,79.39532,697.46,262.84,-15.0,232.1,16.2,212.7,251.5,1.5,94.6,12.0,14.0,10.0,58.0,4.0,2.0,0.0
MH_489_547038,Anand Nagar,Anand Nagar,Gangakhed,Parbhani,18.83939,76.71594,399.48,67.91,-15.0,285.7,20.0,261.7,309.7,1.5,342.1,12.0,14.0,10.0,58.0,4.0,2.0,0.0
MH_497_552655,Rajnagar,Rajnagar,Bhiwandi,Thane,19.26469,73.09823,34.72,87.66,1.8,54.9,3.8,50.3,59.4,1.8,190.1,12.0,14.0,10.0,58.0,4.0,2.0,0.0
MH_495_566507,Hirlewadi,Hirlewadi,Malwan,Sindhudurg,16.18654,73.45722,40.74,97.65,43.4,785.7,55.0,719.7,851.7,14.5,205.2,12.0,14.0,10.0,58.0,4.0,2.0,0.0
MH_489_546876,Sarola Kh,Sarola Kh,Pathri,Parbhani,19.29996,76.37426,375.15,99.72,-15.0,292.5,20.5,267.9,317.1,1.5,327.7,12.0,14.0,10.0,58.0,4.0,2.0,0.0
MH_499_530711,Malshelu,Malshelu,Mangrulpir,Washim,20.44538,77.23717,473.27,87.46,-15.0,275.3,19.3,252.1,298.4,1.5,4.0,12.0,14.0,10.0,58.0,4.0,2.0,0.0
MH_494_563386,Rajavadi,Rajavadi,Man,Satara,17.8178,74.58341,158.1,36.94,-15.0,466.0,32.6,426.9,505.1,3.2,252.5,12.0,14.0,10.0,58.0,4.0,2.0,0.0
MH_472_528872,Pala,Pala,Khamgaon,Buldhana,20.55361,76.55397,403.63,85.52,-15.0,288.9,20.2,264.7,313.2,1.5,335.3,12.0,14.0,10.0,58.0,4.0,2.0,0.0
MH_478_527983,Shindad,Shindad,Pachora,Jalgaon,20.56983,75.44535,289.09,50.37,-15.0,311.1,21.8,284.9,337.3,1.5,288.7,12.0,14.0,10.0,58.0,4.0,2.0,0.0
MH_500_543334,Kondjai,Kondjai,Ghatanji,Yavatmal,20.18578,78.32741,584.84,161.72,-15.0,253.5,17.7,232.2,274.7,1.5,49.8,12.0,14.0,10.0,58.0,4.0,2.0,0.0
MH_475_540069,Nagram,Nagram,Sironcha,Gadchiroli,18.82166,79.92579,729.98,277.86,-15.0,221.5,15.5,202.9,240.1,1.5,116.9,12.0,14.0,10.0,58.0,4.0,2.0,0.0
MH_478_251292,Erandol,Erandol,Central,Jalgaon,20.92246,75.32501,284.85,26.27,-15.0,313.5,21.9,287.2,339.8,1.5,283.7,12.0,14.0,10.0,58.0,4.0,2.0,0.0
MH_498_534324,Mund,Mund,Deoli,Wardha,20.56253,78.63438,619.37,184.0,-15.0,247.3,17.3,226.6,268.1,1.5,62.6,12.0,14.0,10.0,58.0,4.0,2.0,0.0
MH_486_525766,Biladi,Biladi,Nandurbar,Nandurbar,21.36656,74.20393,203.15,7.41,-9.1,511.5,35.8,468.6,554.5,3.2,236.6,12.0,14.0,10.0,58.0,4.0,2.0,0.0
MH_486_525414,Bhavar,Bhavar,Talode,Nandurbar,21.56611,74.18722,216.67,29.62,-8.7,513.5,35.9,470.5,556.6,3.2,235.9,12.0,14.0,10.0,58.0,4.0,2.0,0.0
MH_476_537597,Malhi,Malhi,Tirora,Gondia,21.31424,79.90281,759.03,301.08,-15.0,221.9,15.5,203.3,240.5,1.5,115.9,12.0,14.0,10.0,58.0,4.0,2.0,0.0
MH_484_535409,Dumari Kala,Dumari Kala,Parseoni,Nagpur,21.32827,79.25689,693.12,234.3,-15.0,234.9,16.4,215.2,254.5,1.5,88.8,12.0,14.0,10.0,58.0,4.0,2.0,0.0
MH_500_542304,Hiradi,Hiradi,Kalamb,Yavatmal,20.37992,78.31731,584.91,164.52,-15.0,253.7,17.8,232.3,275.0,1.5,49.3,12.0,14.0,10.0,58.0,4.0,2.0,0.0
MH_478_527030,Ghodasgaon,Ghodasgaon,Muktainagar,Jalgaon,21.03481,76.13336,369.17,59.58,-15.0,297.3,20.8,272.4,322.3,1.5,317.6,12.0,14.0,10.0,58.0,4.0,2.0,0.0
MH_500_542587,Haru,Haru,Darwha,Yavatmal,20.26179,77.84176,534.69,136.18,-15.0,263.2,18.4,241.1,285.2,1.5,29.4,12.0,14.0,10.0,58.0,4.0,2.0,0.0
MH_499_530936,Nimbha Jahangir,Nimbha Jahangir,Karanja,Washim,20.56103,77.61592,513.86,95.62,-15.0,267.7,18.7,245.2,290.1,1.5,19.9,12.0,14.0,10.0,58.0,4.0,2.0,0.0
MH_468_532150,Takarkheda,Takarkheda,Chandurbazar,Amravati,21.15281,77.5824,518.84,60.61,-15.0,268.4,18.8,245.8,290.9,1.5,18.5,12.0,14.0,10.0,58.0,4.0,2.0,0.0
MH_479_547900,Gadhe Sawargaon,Gadhe Sawargaon,Ghansawangi,Jalna,19.68815,75.95616,332.27,71.85,-15.0,300.9,21.1,275.6,326.2,1.5,310.2,12.0,14.0,10.0,58.0,4.0,2.0,0.0
MH_499_530768,Dilawalpur,Dilawalpur,Mangrulpir,Washim,20.33827,77.39242,488.4,104.14,-15.0,272.2,19.1,249.2,295.1,1.5,10.5,12.0,14.0,10.0,58.0,4.0,2.0,0.0
MH_466_557326,Junegaon,Junegaon,Sangamner,Ahmednagar,19.70123,74.30365,161.08,39.06,-11.3,499.6,35.0,457.6,541.6,3.2,240.8,12.0,14.0,10.0,58.0,4.0,2.0,0.0
MH_493_568592,Tadawale,Tadawale,Atpadi,Sangli,17.35814,74.90444,175.3,94.52,-15.0,427.5,29.9,391.6,463.3,3.2,266.0,12.0,14.0,10.0,58.0,4.0,2.0,0.0
MH_478_528116,Madani,Madani,Jamner,Jalgaon,20.65215,75.87069,334.19,51.24,-15.0,302.6,21.2,277.1,328.0,1.5,306.6,12.0,14.0,10.0,58.0,4.0,2.0,0.0
MH_499_530895,Undri,Undri,Karanja,Washim,20.5904,77.49539,501.66,85.11,-15.0,270.1,18.9,247.4,292.8,1.5,14.8,12.0,14.0,10.0,58.0,4.0,2.0,0.0
MH_479_547740,Dhopteshwar,Dhopteshwar,Badnapur,Jalna,19.8534,75.7135,309.28,58.47,-15.0,305.7,21.4,280.1,331.4,1.5,300.0,12.0,14.0,10.0,58.0,4.0,2.0,0.0
MH_477_546236,Tondapur,Tondapur,Kalamnuri,Hingoli,19.44239,77.40149,482.56,39.53,-15.0,272.0,19.0,249.2,294.8,1.5,10.9,12.0,14.0,10.0,58.0,4.0,2.0,0.0
MH_486_525861,Zaripada,Zaripada,Nawapur,Nandurbar,21.32496,74.08169,190.48,12.57,-6.3,526.2,36.8,482.0,570.4,3.2,231.4,12.0,14.0,10.0,58.0,4.0,2.0,0.0
MH_477_546271,Kalamba,Kalamba,Basmath,Hingoli,19.40216,77.00674,441.2,45.57,-15.0,279.9,19.6,256.3,303.4,1.5,354.3,12.0,14.0,10.0,58.0,4.0,2.0,0.0
MH_PUNE_556846,Korle,Korle,Bhor,Pune,18.04678,73.74579,74.21,54.85,-0.8,981.5,78.5,863.7,1099.2,3.0,208.6,48.0,18.0,8.0,18.0,3.0,5.0,0.0
MH_PUNE_556864,Varodi Daymukh,Varodi Daymukh,Bhor,Pune,18.03939,73.83003,82.34,54.59,-2.3,895.1,71.6,787.7,1002.5,3.0,211.7,48.0,18.0,8.0,18.0,3.0,5.0,0.0
MH_PUNE_556848,Chikhalgaon,Chikhalgaon,Bhor,Pune,18.03692,73.79071,78.31,55.18,-1.6,748.1,59.8,658.4,837.8,3.0,210.3,48.0,18.0,8.0,18.0,3.0,5.0,0.0
MH_PUNE_556849,Ravdi,Ravdi,Bhor,Pune,18.04537,73.80746,80.29,54.08,-1.9,812.7,65.0,715.2,910.2,3.0,210.9,48.0,18.0,8.0,18.0,3.0,5.0,0.0
MH_PUNE_556863,Varodi Kh,Varodi Kh,Bhor,Pune,18.04496,73.82292,81.82,54.01,-2.2,848.9,67.9,747.0,950.7,3.0,211.4,48.0,18.0,8.0,18.0,3.0,5.0,0.0
MH_PUNE_556847,Titeghar,Titeghar,Bhor,Pune,18.03558,73.76956,76.15,55.63,-1.3,755.4,60.4,664.8,846.0,3.0,209.5,48.0,18.0,8.0,18.0,3.0,5.0,0.0
MH_PUNE_556865,Varodi Bk,Varodi Bk,Bhor,Pune,18.0415,73.84041,83.46,54.33,-2.5,900.1,72.0,792.1,1008.1,3.0,212.1,48.0,18.0,8.0,18.0,3.0,5.0,0.0
MH_PUNE_556808,Umbarde,Umbarde,Bhor,Pune,18.11551,73.61093,64.73,52.55,8.5,607.9,48.6,535.0,680.8,14.0,203.6,48.0,18.0,8.0,18.0,3.0,5.0,0.0
MH_PUNE_556809,Shirgaon,Shirgaon,Bhor,Pune,18.09569,73.62267,64.68,53.93,7.3,726.7,58.1,639.5,813.8,14.0,204.0,48.0,18.0,8.0,18.0,3.0,5.0,0.0
MH_PUNE_556623,Kelad,Kelad,Velhe,Pune,18.2087,73.58479,68.58,45.38,10.9,676.7,54.1,595.5,757.8,14.0,202.6,48.0,18.0,8.0,18.0,3.0,5.0,0.0
MH_PUNE_556625,Gugulshi,Gugulshi,Velhe,Pune,18.2122,73.54799,65.92,47.59,14.4,763.5,61.1,671.9,855.2,14.0,201.3,48.0,18.0,8.0,18.0,3.0,5.0,0.0
MH_PUNE_556582,Chandar,Chandar,Velhe,Pune,18.28728,73.51395,69.47,44.56,17.7,741.5,59.3,652.5,830.4,14.0,200.0,48.0,18.0,8.0,18.0,3.0,5.0,0.0
MH_PUNE_556656,Adavali,Adavali,Velhe,Pune,18.26603,73.76628,87.66,30.65,-1.2,643.5,51.5,566.2,720.7,3.0,209.4,48.0,18.0,8.0,18.0,3.0,5.0,0.0
MH_PUNE_556602,Gevhande,Gevhande,Velhe,Pune,18.28283,73.5829,74.03,39.36,11.1,794.8,63.6,699.4,890.2,14.0,202.6,48.0,18.0,8.0,18.0,3.0,5.0,0.0
MH_PUNE_556583,Mohari,Mohari,Velhe,Pune,18.27145,73.52135,68.65,45.04,17.0,796.4,63.7,700.9,892.0,14.0,200.3,48.0,18.0,8.0,18.0,3.0,5.0,0.0
MH_PUNE_556601,Charhat Wadi,Charhat Wadi,Velhe,Pune,18.27881,73.61099,75.84,37.63,8.5,876.8,70.1,771.6,981.9,14.0,203.6,48.0,18.0,8.0,18.0,3.0,5.0,0.0
MH_PUNE_556606,Harpud,Harpud,Velhe,Pune,18.26385,73.55133,70.19,43.23,14.1,843.0,67.4,741.9,944.1,14.0,201.4,48.0,18.0,8.0,18.0,3.0,5.0,0.0
MH_PUNE_556605,Varoti Bk,Varoti Bk,Velhe,Pune,18.25702,73.56744,70.84,42.55,12.6,743.5,59.5,654.3,832.8,14.0,202.0,48.0,18.0,8.0,18.0,3.0,5.0,0.0
MH_PUNE_556604,Kolambi,Kolambi,Velhe,Pune,18.25768,73.58602,72.31,41.14,10.8,829.4,66.4,729.8,929.0,14.0,202.7,48.0,18.0,8.0,18.0,3.0,5.0,0.0
MH_PUNE_556603,Jadhavwadi,Jadhavwadi,Velhe,Pune,18.26496,73.60353,74.21,39.3,9.2,956.5,76.5,841.7,1071.2,14.0,203.3,48.0,18.0,8.0,18.0,3.0,5.0,0.0
MH_PUNE_556607,Singapur,Singapur,Velhe,Pune,18.25686,73.52274,67.55,45.99,16.8,739.0,59.1,650.3,827.6,14.0,200.3,48.0,18.0,8.0,18.0,3.0,5.0,0.0
MH_PUNE_556608,Ekalgaon,Ekalgaon,Velhe,Pune,18.2444,73.54131,67.9,45.49,15.1,765.9,61.3,674.0,857.9,14.0,201.0,48.0,18.0,8.0,18.0,3.0,5.0,0.0
MH_PUNE_556611,Barshicha Mal,Barshicha Mal,Velhe,Pune,18.24997,73.60528,73.22,40.45,9.0,867.9,69.4,763.8,972.0,14.0,203.4,48.0,18.0,8.0,18.0,3.0,5.0,0.0
MH_PUNE_556610,Varoti Kh,Varoti Kh,Velhe,Pune,18.23868,73.57401,69.94,43.56,12.0,662.2,53.0,582.7,741.7,14.0,202.2,48.0,18.0,8.0,18.0,3.0,5.0,0.0
MH_PUNE_556620,Pasali,Pasali,Velhe,Pune,18.23567,73.59739,71.55,42.21,9.7,686.8,54.9,604.5,769.2,14.0,203.1,48.0,18.0,8.0,18.0,3.0,5.0,0.0
MH_PUNE_556609,Bhordi,Bhordi,Velhe,Pune,18.2271,73.55044,67.24,46.19,14.2,781.1,62.5,687.4,874.9,14.0,201.4,48.0,18.0,8.0,18.0,3.0,5.0,0.0
MH_PUNE_556619,Shenvad,Shenvad,Velhe,Pune,18.23365,73.60982,72.39,41.57,8.6,683.1,54.7,601.1,765.2,14.0,203.6,48.0,18.0,8.0,18.0,3.0,5.0,0.0
MH_PUNE_556621,Majgaon,Majgaon,Velhe,Pune,18.22268,73.60558,71.26,42.81,9.0,686.5,54.9,604.1,768.8,14.0,203.4,48.0,18.0,8.0,18.0,3.0,5.0,0.0
MH_PUNE_556624,Pishawi,Pishawi,Velhe,Pune,18.21762,73.56227,67.44,46.14,13.1,771.8,61.7,679.3,864.4,14.0,201.8,48.0,18.0,8.0,18.0,3.0,5.0,0.0
MH_PUNE_556622,Nigde Kh,Nigde Kh,Velhe,Pune,18.20222,73.61064,70.24,44.34,8.5,641.5,51.3,564.6,718.5,14.0,203.6,48.0,18.0,8.0,18.0,3.0,5.0,0.0
MH_PUNE_556626,Pangari,Pangari,Velhe,Pune,18.19759,73.53264,63.63,49.88,15.9,677.9,54.2,596.6,759.2,14.0,200.7,48.0,18.0,8.0,18.0,3.0,5.0,0.0
MH_PUNE_556627,Karnavadi,Karnavadi,Velhe,Pune,18.19011,73.58115,66.96,47.26,11.3,421.3,33.7,370.8,471.9,3.0,202.5,48.0,18.0,8.0,18.0,3.0,5.0,0.0
MH_PUNE_556647,Lavhi Bk,Lavhi Bk,Velhe,Pune,18.27137,73.69692,82.15,32.98,0.3,672.9,53.8,592.2,753.6,14.0,206.8,48.0,18.0,8.0,18.0,3.0,5.0,0.0
MH_PUNE_556741,Bhutonde,Bhutonde,Bhor,Pune,18.21809,73.66737,76.07,39.68,3.1,821.3,65.7,722.8,919.9,14.0,205.7,48.0,18.0,8.0,18.0,3.0,5.0,0.0
MH_PUNE_556775,Bare Bk,Bare Bk,Bhor,Pune,18.18381,73.83052,88.66,38.55,-2.3,622.0,49.8,547.3,696.7,3.0,211.7,48.0,18.0,8.0,18.0,3.0,5.0,0.0
MH_PUNE_556686,Kurungvadi,Kurungvadi,Bhor,Pune,18.28463,73.83617,94.91,27.32,-2.5,749.7,60.0,659.7,839.7,3.0,211.9,48.0,18.0,8.0,18.0,3.0,5.0,0.0
MH_PUNE_556630,Vanjale,Vanjale,Velhe,Pune,18.28482,73.69551,82.98,31.76,0.4,739.6,59.2,650.8,828.4,14.0,206.7,48.0,18.0,8.0,18.0,3.0,5.0,0.0
MH_PUNE_556685,Sonavadi,Sonavadi,Bhor,Pune,18.28019,73.82352,93.53,27.92,-2.2,745.1,59.6,655.7,834.5,3.0,211.5,48.0,18.0,8.0,18.0,3.0,5.0,0.0
MH_PUNE_556645,Kondhavali,Kondhavali,Velhe,Pune,18.28154,73.70868,83.83,31.39,-0.2,761.8,60.9,670.4,853.1,3.0,207.2,48.0,18.0,8.0,18.0,3.0,5.0,0.0
MH_PUNE_556657,Ketkavane,Ketkavane,Velhe,Pune,18.28052,73.77286,89.16,28.91,-1.3,820.4,65.6,722.0,918.8,3.0,209.6,48.0,18.0,8.0,18.0,3.0,5.0,0.0
MH_PUNE_556642,Margasani,Margasani,Velhe,Pune,18.27528,73.75806,87.55,29.94,-1.0,676.9,54.2,595.6,758.2,3.0,209.0,48.0,18.0,8.0,18.0,3.0,5.0,0.0
MH_PUNE_556644,Sakhar,Sakhar,Velhe,Pune,18.27374,73.72881,84.97,31.23,-0.5,645.2,51.6,567.8,722.6,3.0,208.0,48.0,18.0,8.0,18.0,3.0,5.0,0.0
MH_PUNE_556643,Askavadi,Askavadi,Velhe,Pune,18.27717,73.74095,86.23,30.38,-0.7,653.4,52.3,575.0,731.9,3.0,208.4,48.0,18.0,8.0,18.0,3.0,5.0,0.0
MH_PUNE_556658,Karanjavane,Karanjavane,Velhe,Pune,18.27155,73.78282,89.44,29.6,-1.5,653.6,52.3,575.1,732.0,3.0,210.0,48.0,18.0,8.0,18.0,3.0,5.0,0.0
MH_PUNE_556614,Vajeghar Bk,Vajeghar Bk,Velhe,Pune,18.2731,73.67501,80.48,34.01,2.4,701.0,56.1,616.8,785.1,14.0,206.0,48.0,18.0,8.0,18.0,3.0,5.0,0.0
MH_PUNE_556615,Pal Bk,Pal Bk,Velhe,Pune,18.26752,73.66459,79.24,35.14,3.4,722.9,57.8,636.2,809.6,14.0,205.6,48.0,18.0,8.0,18.0,3.0,5.0,0.0
MH_PUNE_556648,Vajeghar Kh,Vajeghar Kh,Velhe,Pune,18.27224,73.68574,81.3,33.49,1.4,677.8,54.2,596.5,759.1,14.0,206.4,48.0,18.0,8.0,18.0,3.0,5.0,0.0
MH_PUNE_556661,Ambavane,Ambavane,Velhe,Pune,18.26684,73.80258,90.87,29.69,-1.8,665.6,53.2,585.8,745.4,3.0,210.7,48.0,18.0,8.0,18.0,3.0,5.0,0.0
MH_PUNE_556646,Meravane,Meravane,Velhe,Pune,18.2721,73.71155,83.42,32.18,-0.2,655.2,52.4,576.6,733.8,3.0,207.3,48.0,18.0,8.0,18.0,3.0,5.0,0.0
MH_PUNE_556697,Jambhali,Jambhali,Bhor,Pune,18.26213,73.84995,94.78,29.79,-2.7,666.6,53.3,586.6,746.5,3.0,212.4,48.0,18.0,8.0,18.0,3.0,5.0,0.0
MH_PUNE_556652,Phanshi,Phanshi,Velhe,Pune,18.26123,73.71094,82.63,33.29,-0.2,688.0,55.0,605.5,770.5,3.0,207.3,48.0,18.0,8.0,18.0,3.0,5.0,0.0
MH_PUNE_556699,Sangvi Bk,Sangvi Bk,Bhor,Pune,18.26326,73.81859,92.06,29.85,-2.1,646.4,51.7,568.8,723.9,3.0,211.3,48.0,18.0,8.0,18.0,3.0,5.0,0.0
MH_PUNE_556655,Bhaginghar,Bhaginghar,Velhe,Pune,18.26357,73.7441,85.6,31.66,-0.8,681.7,54.5,599.9,763.4,3.0,208.5,48.0,18.0,8.0,18.0,3.0,5.0,0.0
MH_PUNE_556654,Ghavar,Ghavar,Velhe,Pune,18.26331,73.73241,84.58,32.15,-0.6,729.1,58.3,641.7,816.6,3.0,208.1,48.0,18.0,8.0,18.0,3.0,5.0,0.0
MH_PUNE_556653,Chirmodi,Chirmodi,Velhe,Pune,18.26023,73.72344,83.62,32.83,-0.4,775.5,62.0,682.5,868.5,3.0,207.8,48.0,18.0,8.0,18.0,3.0,5.0,0.0
MH_PUNE_556651,Lavhi Kh,Lavhi Kh,Velhe,Pune,18.25994,73.70353,81.92,33.77,-0.1,791.1,63.3,696.2,886.1,3.0,207.0,48.0,18.0,8.0,18.0,3.0,5.0,0.0
MH_PUNE_556859,Palsoshi,Palsoshi,Bhor,Pune,18.07399,73.83643,84.24,50.73,-2.5,749.0,59.9,659.1,838.8,3.0,211.9,48.0,18.0,8.0,18.0,3.0,5.0,0.0
MH_PUNE_556650,Dadvadi,Dadvadi,Velhe,Pune,18.25828,73.6972,81.28,34.25,0.3,840.5,67.2,739.7,941.3,14.0,206.8,48.0,18.0,8.0,18.0,3.0,5.0,0.0
MH_PUNE_556649,Pimpri,Pimpri,Velhe,Pune,18.25867,73.68678,80.44,34.74,1.3,798.6,63.9,702.7,894.4,14.0,206.4,48.0,18.0,8.0,18.0,3.0,5.0,0.0
MH_PUNE_556668,Kodavadi,Kodavadi,Velhe,Pune,18.25113,73.75855,86.04,32.48,-1.1,737.2,59.0,648.7,825.7,3.0,209.1,48.0,18.0,8.0,18.0,3.0,5.0,0.0
MH_PUNE_556616,Pal Kh,Pal Kh,Velhe,Pune,18.25093,73.66851,78.39,36.46,3.0,850.0,68.0,748.0,952.0,14.0,205.7,48.0,18.0,8.0,18.0,3.0,5.0,0.0
MH_PUNE_556698,Kolavadi,Kolavadi,Bhor,Pune,18.26041,73.83271,93.14,30.03,-2.4,647.5,51.8,569.8,725.2,3.0,211.8,48.0,18.0,8.0,18.0,3.0,5.0,0.0
MH_PUNE_556667,Suruvad,Suruvad,Velhe,Pune,18.25011,73.76855,86.85,32.29,-1.2,812.3,65.0,714.8,909.8,3.0,209.4,48.0,18.0,8.0,18.0,3.0,5.0,0.0
MH_PUNE_556666,Vadgaon,Vadgaon,Velhe,Pune,18.25006,73.77793,87.67,32.04,-1.4,781.5,62.5,687.7,875.2,3.0,209.8,48.0,18.0,8.0,18.0,3.0,5.0,0.0
MH_PUNE_556665,Sonde Mathana,Sonde Mathana,Velhe,Pune,18.25148,73.78662,88.52,31.68,-1.6,714.7,57.2,628.9,800.5,3.0,210.1,48.0,18.0,8.0,18.0,3.0,5.0,0.0
MH_PUNE_556664,Sonde Sarpale,Sonde Sarpale,Velhe,Pune,18.24931,73.79317,88.96,31.78,-1.7,684.2,54.7,602.2,766.3,3.0,210.3,48.0,18.0,8.0,18.0,3.0,5.0,0.0
MH_PUNE_556617,Khopde Wadi,Khopde Wadi,Velhe,Pune,18.24531,73.63235,75.04,39.11,6.4,875.5,70.0,770.5,980.5,14.0,204.4,48.0,18.0,8.0,18.0,3.0,5.0,0.0
MH_PUNE_556670,Asani Manjai,Asani Manjai,Velhe,Pune,18.24471,73.73639,83.71,33.91,-0.7,863.1,69.0,759.6,966.6,3.0,208.2,48.0,18.0,8.0,18.0,3.0,5.0,0.0
MH_PUNE_556663,Sonde Karla,Sonde Karla,Velhe,Pune,18.24686,73.80038,89.45,31.92,-1.8,683.4,54.7,601.3,765.4,3.0,210.6,48.0,18.0,8.0,18.0,3.0,5.0,0.0
MH_PUNE_556671,Gunjavane,Gunjavane,Velhe,Pune,18.23801,73.70094,80.24,36.08,-0.0,1006.2,80.5,885.5,1127.0,3.0,206.9,48.0,18.0,8.0,18.0,3.0,5.0,0.0
MH_PUNE_556662,Sonde Hiroji,Sonde Hiroji,Velhe,Pune,18.24618,73.8192,91.09,31.73,-2.1,833.5,66.7,733.4,933.5,3.0,211.3,48.0,18.0,8.0,18.0,3.0,5.0,0.0
MH_PUNE_556669,Asani Damguda,Asani Damguda,Velhe,Pune,18.23998,73.74635,84.28,34.05,-0.8,799.9,64.0,703.9,895.9,3.0,208.6,48.0,18.0,8.0,18.0,3.0,5.0,0.0
MH_PUNE_556618,Bhalvadi,Bhalvadi,Velhe,Pune,18.23373,73.6262,73.72,40.53,7.0,672.1,53.8,591.4,752.8,14.0,204.2,48.0,18.0,8.0,18.0,3.0,5.0,0.0
MH_PUNE_556739,Guhini,Guhini,Bhor,Pune,18.23157,73.6472,75.29,39.49,5.0,771.2,61.7,678.7,863.8,14.0,204.9,48.0,18.0,8.0,18.0,3.0,5.0,0.0
MH_PUNE_556700,Tambhad,Tambhad,Bhor,Pune,18.23628,73.83394,91.84,32.7,-2.4,657.1,52.6,578.2,736.0,3.0,211.9,48.0,18.0,8.0,18.0,3.0,5.0,0.0
MH_PUNE_556701,Hatve Kh,Hatve Kh,Bhor,Pune,18.23393,73.84647,92.84,32.92,-2.6,656.9,52.5,578.1,735.6,3.0,212.3,48.0,18.0,8.0,18.0,3.0,5.0,0.0
MH_PUNE_556740,Khulshi,Khulshi,Bhor,Pune,18.22731,73.65871,75.96,39.25,3.9,798.8,63.9,702.9,894.6,14.0,205.4,48.0,18.0,8.0,18.0,3.0,5.0,0.0
MH_PUNE_556750,Karandi Kh,Karandi Kh,Bhor,Pune,18.22976,73.77732,86.37,34.26,-1.4,717.4,57.4,631.3,803.5,3.0,209.8,48.0,18.0,8.0,18.0,3.0,5.0,0.0
MH_PUNE_556749,Vadhane,Vadhane,Bhor,Pune,18.23424,73.7666,85.7,34.04,-1.2,628.6,50.3,553.2,704.1,3.0,209.4,48.0,18.0,8.0,18.0,3.0,5.0,0.0
MH_PUNE_556752,Tale Mhasavali,Tale Mhasavali,Bhor,Pune,18.22546,73.78761,87.04,34.5,-1.6,722.2,57.8,635.5,808.9,3.0,210.1,48.0,18.0,8.0,18.0,3.0,5.0,0.0
MH_PUNE_556753,Gorad Mhashivali,Gorad Mhashivali,Bhor,Pune,18.2262,73.80121,88.3,34.17,-1.8,674.5,54.0,593.5,755.5,3.0,210.6,48.0,18.0,8.0,18.0,3.0,5.0,0.0
MH_PUNE_556748,Karandi Bk,Karandi Bk,Bhor,Pune,18.23313,73.75137,84.29,34.61,-0.9,633.5,50.7,557.4,709.5,3.0,208.8,48.0,18.0,8.0,18.0,3.0,5.0,0.0
MH_PUNE_556742,Dere,Dere,Bhor,Pune,18.21092,73.68191,76.85,39.67,1.7,822.7,65.8,724.0,921.4,14.0,206.2,48.0,18.0,8.0,18.0,3.0,5.0,0.0
MH_PUNE_556754,Jogawadi,Jogawadi,Bhor,Pune,18.21779,73.81517,89.09,34.91,-2.1,675.1,54.0,594.1,756.1,3.0,211.2,48.0,18.0,8.0,18.0,3.0,5.0,0.0
MH_PUNE_556746,Kambare Kh,Kambare Kh,Bhor,Pune,18.22492,73.73346,82.21,36.08,-0.6,659.0,52.7,579.9,738.0,3.0,208.1,48.0,18.0,8.0,18.0,3.0,5.0,0.0
MH_PUNE_556744,Male,Male,Bhor,Pune,18.21669,73.70223,78.97,38.17,-0.0,670.6,53.6,590.2,751.0,3.0,207.0,48.0,18.0,8.0,18.0,3.0,5.0,0.0
MH_PUNE_556844,Vadtumbi,Vadtumbi,Bhor,Pune,18.058,73.77692,77.73,53.05,-1.4,834.3,66.7,734.2,934.3,3.0,209.7,48.0,18.0,8.0,18.0,3.0,5.0,0.0
MH_PUNE_556759,Chandavane,Chandavane,Bhor,Pune,18.19998,73.65626,73.93,42.01,4.2,653.0,52.2,574.7,731.3,14.0,205.3,48.0,18.0,8.0,18.0,3.0,5.0,0.0
MH_PUNE_556745,Kurunji,Kurunji,Bhor,Pune,18.2183,73.72048,80.66,37.26,-0.4,625.4,50.0,550.4,700.4,3.0,207.7,48.0,18.0,8.0,18.0,3.0,5.0,0.0
MH_PUNE_556755,Mazgaon,Mazgaon,Bhor,Pune,18.21573,73.8264,90.0,35.03,-2.3,737.4,59.0,648.9,825.9,3.0,211.6,48.0,18.0,8.0,18.0,3.0,5.0,0.0
MH_PUNE_556751,Vakambe,Vakambe,Bhor,Pune,18.2165,73.78498,86.28,35.53,-1.5,636.5,50.9,560.2,712.9,3.0,210.0,48.0,18.0,8.0,18.0,3.0,5.0,0.0
MH_PUNE_556758,Kumbale,Kumbale,Bhor,Pune,18.20292,73.63782,72.56,42.71,5.9,752.4,60.2,662.1,842.7,14.0,204.6,48.0,18.0,8.0,18.0,3.0,5.0,0.0
MH_PUNE_556756,Lavheri,Lavheri,Bhor,Pune,18.21083,73.83654,90.66,35.52,-2.5,746.5,59.7,657.0,836.1,3.0,212.0,48.0,18.0,8.0,18.0,3.0,5.0,0.0
MH_PUNE_556770,Rajghar,Rajghar,Bhor,Pune,18.20508,73.77301,84.54,37.03,-1.3,697.6,55.8,613.9,781.3,3.0,209.6,48.0,18.0,8.0,18.0,3.0,5.0,0.0
MH_PUNE_556769,Velvand,Velvand,Bhor,Pune,18.20093,73.75781,82.93,37.86,-1.0,876.5,70.1,771.4,981.7,3.0,209.0,48.0,18.0,8.0,18.0,3.0,5.0,0.0
MH_PUNE_556743,Bhandravali,Bhandravali,Bhor,Pune,18.2039,73.69762,77.76,39.67,0.2,723.3,57.9,636.5,810.2,14.0,206.8,48.0,18.0,8.0,18.0,3.0,5.0,0.0
MH_PUNE_556757,Harnas,Harnas,Bhor,Pune,18.20544,73.84578,91.22,36.09,-2.6,696.1,55.7,612.5,779.6,3.0,212.3,48.0,18.0,8.0,18.0,3.0,5.0,0.0
MH_PUNE_556764,Nanavale,Nanavale,Bhor,Pune,18.19519,73.72449,79.6,39.52,-0.4,680.8,54.5,599.1,762.6,3.0,207.8,48.0,18.0,8.0,18.0,3.0,5.0,0.0
MH_PUNE_556771,Pasure,Pasure,Bhor,Pune,18.19245,73.79881,86.18,37.92,-1.8,775.1,62.0,682.1,868.1,3.0,210.6,48.0,18.0,8.0,18.0,3.0,5.0,0.0
MH_PUNE_556760,Bope,Bope,Bhor,Pune,18.18561,73.63008,70.76,44.78,6.6,656.3,52.5,577.5,735.0,14.0,204.3,48.0,18.0,8.0,18.0,3.0,5.0,0.0
MH_PUNE_556773,Karnvadi,Karnvadi,Bhor,Pune,18.18966,73.81173,87.22,38.06,-2.0,641.4,51.3,564.4,718.3,3.0,211.0,48.0,18.0,8.0,18.0,3.0,5.0,0.0
MH_PUNE_556786,Brahmanghar,Brahmanghar,Bhor,Pune,18.16647,73.78279,83.3,41.04,-1.5,711.0,56.9,625.6,796.3,3.0,210.0,48.0,18.0,8.0,18.0,3.0,5.0,0.0
MH_PUNE_556774,Mhalavadi,Mhalavadi,Bhor,Pune,18.18602,73.82058,87.85,38.37,-2.2,622.0,49.8,547.3,696.7,3.0,211.4,48.0,18.0,8.0,18.0,3.0,5.0,0.0
MH_PUNE_556763,Kondgaon,Kondgaon,Bhor,Pune,18.16915,73.70034,75.9,43.12,-0.0,858.8,68.7,755.8,961.9,3.0,206.9,48.0,18.0,8.0,18.0,3.0,5.0,0.0
MH_PUNE_556761,Sangvi,Sangvi,Bhor,Pune,18.17399,73.66962,73.46,43.93,2.9,629.4,50.4,553.8,705.0,14.0,205.8,48.0,18.0,8.0,18.0,3.0,5.0,0.0
MH_PUNE_556785,Mahude Bk,Mahude Bk,Bhor,Pune,18.16634,73.79389,84.33,40.87,-1.7,662.0,53.0,582.5,741.5,3.0,210.4,48.0,18.0,8.0,18.0,3.0,5.0,0.0
MH_PUNE_556767,Jayatpad,Jayatpad,Bhor,Pune,18.17669,73.753,81.11,40.6,-1.0,949.6,76.0,835.6,1063.6,3.0,208.9,48.0,18.0,8.0,18.0,3.0,5.0,0.0
MH_PUNE_556766,Pangari,Pangari,Bhor,Pune,18.17801,73.73335,79.4,41.03,-0.6,742.4,59.4,653.3,831.5,3.0,208.1,48.0,18.0,8.0,18.0,3.0,5.0,0.0
MH_PUNE_556765,Dehen,Dehen,Bhor,Pune,18.17006,73.72006,77.74,42.31,-0.4,860.4,68.8,757.2,963.6,3.0,207.6,48.0,18.0,8.0,18.0,3.0,5.0,0.0
MH_PUNE_556826,Venavadi,Venavadi,Bhor,Pune,18.14637,73.84615,88.29,42.66,-2.6,613.1,49.1,539.5,686.8,3.0,212.3,48.0,18.0,8.0,18.0,3.0,5.0,0.0
MH_PUNE_556827,Shirvali Tarf Bhor,Shirvali Tarf Bhor,Bhor,Pune,18.14831,73.83066,86.9,42.49,-2.4,598.4,47.9,526.5,670.2,3.0,211.7,48.0,18.0,8.0,18.0,3.0,5.0,0.0
MH_PUNE_556797,Pisavare,Pisavare,Bhor,Pune,18.14544,73.80323,84.15,43.04,-1.9,604.8,48.4,532.2,677.4,3.0,210.7,48.0,18.0,8.0,18.0,3.0,5.0,0.0
MH_PUNE_556813,Mazeri,Mazeri,Bhor,Pune,18.09397,73.69283,71.16,51.24,0.7,741.1,59.3,652.2,830.1,14.0,206.6,48.0,18.0,8.0,18.0,3.0,5.0,0.0
MH_PUNE_556812,Shirvali,Shirvali,Bhor,Pune,18.08025,73.67127,68.44,53.45,2.7,766.9,61.4,674.8,859.0,14.0,205.8,48.0,18.0,8.0,18.0,3.0,5.0,0.0
MH_PUNE_556810,Abhepuri,Abhepuri,Bhor,Pune,18.08962,73.65103,67.0,53.28,4.7,751.4,60.1,661.3,841.6,14.0,205.1,48.0,18.0,8.0,18.0,3.0,5.0,0.0
MH_PUNE_556814,Parhar Bk,Parhar Bk,Bhor,Pune,18.08852,73.70422,71.98,51.45,-0.1,666.0,53.3,586.0,746.0,3.0,207.1,48.0,18.0,8.0,18.0,3.0,5.0,0.0
MH_PUNE_556768,Nandghur,Nandghur,Bhor,Pune,18.17739,73.76203,81.98,40.29,-1.1,877.8,70.2,772.5,983.1,3.0,209.2,48.0,18.0,8.0,18.0,3.0,5.0,0.0
MH_PUNE_556784,Nand,Nand,Bhor,Pune,18.16395,73.80652,85.39,40.96,-1.9,624.9,50.0,549.9,699.9,3.0,210.8,48.0,18.0,8.0,18.0,3.0,5.0,0.0
MH_PUNE_556776,Bare Kh,Bare Kh,Bhor,Pune,18.18071,73.838,89.2,38.86,-2.5,622.0,49.8,547.3,696.7,3.0,212.0,48.0,18.0,8.0,18.0,3.0,5.0,0.0
MH_PUNE_556783,Shind,Shind,Bhor,Pune,18.16761,73.81346,86.23,40.48,-2.0,645.8,51.7,568.3,723.4,3.0,211.1,48.0,18.0,8.0,18.0,3.0,5.0,0.0
MH_PUNE_556777,Basarapur,Basarapur,Bhor,Pune,18.17774,73.84981,90.16,39.17,-2.7,622.0,49.8,547.3,696.7,3.0,212.4,48.0,18.0,8.0,18.0,3.0,5.0,0.0
MH_PUNE_556790,Rajivadi,Rajivadi,Bhor,Pune,18.14872,73.67521,72.45,46.24,2.4,739.6,59.2,650.8,828.4,14.0,206.0,48.0,18.0,8.0,18.0,3.0,5.0,0.0
MH_PUNE_556782,Gawadi,Gawadi,Bhor,Pune,18.16886,73.82454,87.33,40.25,-2.2,663.2,53.1,583.5,742.8,3.0,211.5,48.0,18.0,8.0,18.0,3.0,5.0,0.0
MH_PUNE_556781,Kiwat,Kiwat,Bhor,Pune,18.16759,73.84005,88.73,40.31,-2.5,630.3,50.4,554.7,705.9,3.0,212.1,48.0,18.0,8.0,18.0,3.0,5.0,0.0
MH_PUNE_556787,Mahude Kh,Mahude Kh,Bhor,Pune,18.15689,73.77125,81.73,42.31,-1.3,673.2,53.9,592.4,754.1,3.0,209.5,48.0,18.0,8.0,18.0,3.0,5.0,0.0
MH_PUNE_556796,Karanjgaon,Karanjgaon,Bhor,Pune,18.14691,73.75565,79.75,43.75,-1.0,706.3,56.5,621.6,791.1,3.0,209.0,48.0,18.0,8.0,18.0,3.0,5.0,0.0
MH_PUNE_556762,Salungan,Salungan,Bhor,Pune,18.15065,73.68955,73.86,45.45,1.0,836.4,66.9,736.0,936.7,14.0,206.5,48.0,18.0,8.0,18.0,3.0,5.0,0.0
MH_PUNE_556789,Kund,Kund,Bhor,Pune,18.14652,73.65531,70.53,47.33,4.2,773.1,61.8,680.4,865.8,14.0,205.2,48.0,18.0,8.0,18.0,3.0,5.0,0.0
MH_PUNE_556795,Mhasar Kh,Mhasar Kh,Bhor,Pune,18.14028,73.74243,78.17,44.8,-0.8,932.2,74.6,820.3,1044.1,3.0,208.5,48.0,18.0,8.0,18.0,3.0,5.0,0.0
MH_PUNE_556794,Mhasar Bk,Mhasar Bk,Bhor,Pune,18.14065,73.71575,75.71,45.55,-0.3,808.6,64.7,711.6,905.7,3.0,207.5,48.0,18.0,8.0,18.0,3.0,5.0,0.0
MH_PUNE_556788,Bhanusdara,Bhanusdara,Bhor,Pune,18.15332,73.75848,80.35,42.98,-1.1,692.5,55.4,609.4,775.6,3.0,209.1,48.0,18.0,8.0,18.0,3.0,5.0,0.0
MH_PUNE_556825,Pombardi,Pombardi,Bhor,Pune,18.15251,73.83956,87.95,41.99,-2.5,595.0,47.6,523.6,666.4,3.0,212.1,48.0,18.0,8.0,18.0,3.0,5.0,0.0
MH_PUNE_556791,Shilimb,Shilimb,Bhor,Pune,18.13275,73.64577,68.87,49.15,5.2,813.2,65.1,715.5,910.8,14.0,204.9,48.0,18.0,8.0,18.0,3.0,5.0,0.0
MH_PUNE_556828,Ambeghar,Ambeghar,Bhor,Pune,18.13689,73.82005,85.34,43.83,-2.2,658.2,52.7,579.1,737.2,3.0,211.3,48.0,18.0,8.0,18.0,3.0,5.0,0.0
MH_PUNE_556793,Kondhari,Kondhari,Bhor,Pune,18.12426,73.70197,73.56,47.75,-0.0,766.1,61.3,674.2,858.1,3.0,207.0,48.0,18.0,8.0,18.0,3.0,5.0,0.0
MH_PUNE_556799,Apti,Apti,Bhor,Pune,18.13088,73.77822,81.07,45.02,-1.4,671.6,53.7,591.0,752.1,3.0,209.8,48.0,18.0,8.0,18.0,3.0,5.0,0.0
MH_PUNE_556798,Vathar,Vathar,Bhor,Pune,18.13318,73.7936,82.64,44.52,-1.7,606.0,48.5,533.3,678.8,3.0,210.4,48.0,18.0,8.0,18.0,3.0,5.0,0.0
MH_PUNE_556806,Karungan,Karungan,Bhor,Pune,18.12215,73.66532,70.06,49.36,3.3,738.4,59.1,649.8,827.1,14.0,205.6,48.0,18.0,8.0,18.0,3.0,5.0,0.0
MH_PUNE_556807,Ashimpi,Ashimpi,Bhor,Pune,18.11737,73.63396,66.92,51.24,6.3,748.4,59.9,658.6,838.3,14.0,204.5,48.0,18.0,8.0,18.0,3.0,5.0,0.0
MH_PUNE_556801,Nigudghar,Nigudghar,Bhor,Pune,18.12412,73.75936,78.95,46.13,-1.1,714.2,57.1,628.6,799.9,3.0,209.1,48.0,18.0,8.0,18.0,3.0,5.0,0.0
MH_PUNE_556802,Devghar,Devghar,Bhor,Pune,18.11966,73.73415,76.34,47.24,-0.6,660.1,52.8,580.9,739.3,3.0,208.2,48.0,18.0,8.0,18.0,3.0,5.0,0.0
MH_PUNE_556830,Chikhalavade,Chikhalavade,Bhor,Pune,18.12025,73.82363,84.92,45.65,-2.2,1018.9,81.5,896.7,1141.2,3.0,211.5,48.0,18.0,8.0,18.0,3.0,5.0,0.0
MH_PUNE_556804,Hirdoshi,Hirdoshi,Bhor,Pune,18.11038,73.68705,71.44,49.73,1.2,734.7,58.8,646.5,822.9,14.0,206.4,48.0,18.0,8.0,18.0,3.0,5.0,0.0
MH_PUNE_556800,Nandgaon,Nandgaon,Bhor,Pune,18.11663,73.77753,80.32,46.6,-1.4,634.6,50.8,558.4,710.8,3.0,209.8,48.0,18.0,8.0,18.0,3.0,5.0,0.0
MH_PUNE_556831,Chikhalavade Kh,Chikhalavade Kh,Bhor,Pune,18.11607,73.80823,83.25,46.24,-1.9,668.9,53.5,588.6,749.1,3.0,210.9,48.0,18.0,8.0,18.0,3.0,5.0,0.0
MH_PUNE_556854,Hatnoshi,Hatnoshi,Bhor,Pune,18.11026,73.84185,86.25,46.68,-2.6,727.0,58.2,639.7,814.3,3.0,212.1,48.0,18.0,8.0,18.0,3.0,5.0,0.0
MH_PUNE_556805,Varavand,Varavand,Bhor,Pune,18.10452,73.65839,68.46,51.45,4.0,780.7,62.5,686.9,874.4,14.0,205.4,48.0,18.0,8.0,18.0,3.0,5.0,0.0
MH_PUNE_556803,Venupuri,Venupuri,Bhor,Pune,18.10785,73.71056,73.52,49.19,-0.2,775.6,62.0,682.6,868.6,3.0,207.3,48.0,18.0,8.0,18.0,3.0,5.0,0.0
MH_PUNE_556792,Dhamunashi,Dhamunashi,Bhor,Pune,18.12218,73.68054,71.46,48.75,1.8,814.3,65.1,716.6,911.9,14.0,206.2,48.0,18.0,8.0,18.0,3.0,5.0,0.0
MH_PUNE_556832,Karanje,Karanje,Bhor,Pune,18.10905,73.8001,82.14,47.1,-1.8,649.6,52.0,571.6,727.6,3.0,210.6,48.0,18.0,8.0,18.0,3.0,5.0,0.0
MH_PUNE_556835,Bhavekhal,Bhavekhal,Bhor,Pune,18.10568,73.75984,78.11,48.13,-1.1,611.2,48.9,537.9,684.6,3.0,209.1,48.0,18.0,8.0,18.0,3.0,5.0,0.0
MH_PUNE_556816,Salav,Salav,Bhor,Pune,18.10094,73.74583,76.55,48.96,-0.8,664.9,53.2,585.1,744.7,3.0,208.6,48.0,18.0,8.0,18.0,3.0,5.0,0.0
MH_PUNE_556836,Angasule,Angasule,Bhor,Pune,18.09526,73.76949,78.56,49.08,-1.3,644.6,51.6,567.2,722.0,3.0,209.5,48.0,18.0,8.0,18.0,3.0,5.0,0.0
MH_PUNE_556815,Bhambatmal,Bhambatmal,Bhor,Pune,18.09224,73.73772,75.36,50.1,-0.7,705.7,56.5,620.9,790.4,3.0,208.3,48.0,18.0,8.0,18.0,3.0,5.0,0.0
MH_PUNE_556834,Sangvi Tarf Bhor,Sangvi Tarf Bhor,Bhor,Pune,18.09899,73.78504,80.24,48.41,-1.5,628.9,50.3,553.5,704.4,3.0,210.0,48.0,18.0,8.0,18.0,3.0,5.0,0.0
MH_PUNE_556833,Panvhal,Panvhal,Bhor,Pune,18.09734,73.80816,82.41,48.31,-1.9,785.5,62.8,691.3,879.7,3.0,210.9,48.0,18.0,8.0,18.0,3.0,5.0,0.0
MH_PUNE_556857,Bajarwadi,Bajarwadi,Bhor,Pune,18.09643,73.83507,85.01,48.24,-2.4,716.5,57.3,630.5,802.4,3.0,211.9,48.0,18.0,8.0,18.0,3.0,5.0,0.0
MH_PUNE_556818,Dapakeghar,Dapakeghar,Bhor,Pune,18.07294,73.72471,73.23,52.52,-0.4,781.8,62.5,688.1,875.6,3.0,207.8,48.0,18.0,8.0,18.0,3.0,5.0,0.0
MH_PUNE_556819,Parhar Kh,Parhar Kh,Bhor,Pune,18.07529,73.70638,71.57,52.79,-0.1,802.6,64.2,706.3,898.9,3.0,207.1,48.0,18.0,8.0,18.0,3.0,5.0,0.0
MH_PUNE_556838,Ambavade,Ambavade,Bhor,Pune,18.07986,73.78998,79.9,50.45,-1.6,643.4,51.5,566.2,720.7,3.0,210.2,48.0,18.0,8.0,18.0,3.0,5.0,0.0
MH_PUNE_556811,Durgadi,Durgadi,Bhor,Pune,18.06969,73.63324,64.32,56.07,6.3,693.6,55.5,610.4,776.9,14.0,204.4,48.0,18.0,8.0,18.0,3.0,5.0,0.0
MH_PUNE_556839,Nazre,Nazre,Bhor,Pune,18.07913,73.81098,81.93,50.3,-2.0,865.8,69.3,761.8,969.7,3.0,211.0,48.0,18.0,8.0,18.0,3.0,5.0,0.0
MH_PUNE_556858,Dhavadi,Dhavadi,Bhor,Pune,18.08531,73.83676,84.72,49.47,-2.5,760.7,60.9,669.4,852.1,3.0,212.0,48.0,18.0,8.0,18.0,3.0,5.0,0.0
MH_PUNE_556837,Kari,Kari,Bhor,Pune,18.07796,73.76665,77.53,51.03,-1.2,757.4,60.6,666.5,848.3,3.0,209.4,48.0,18.0,8.0,18.0,3.0,5.0,0.0
MH_PUNE_556822,Gudhe,Gudhe,Bhor,Pune,18.05572,73.6765,67.8,55.83,2.2,724.1,57.9,637.2,810.9,14.0,206.0,48.0,18.0,8.0,18.0,3.0,5.0,0.0
MH_PUNE_556817,Rayari,Rayari,Bhor,Pune,18.05672,73.71951,72.03,54.4,-0.4,1080.7,86.5,950.9,1210.4,3.0,207.6,48.0,18.0,8.0,18.0,3.0,5.0,0.0
MH_PUNE_556829,Natambi,Natambi,Bhor,Pune,18.12992,73.83602,86.56,44.51,-2.4,647.8,51.8,570.1,725.5,3.0,211.9,48.0,18.0,8.0,18.0,3.0,5.0,0.0
MH_PUNE_556824,Kudali Bk,Kudali Bk,Bhor,Pune,18.05568,73.64348,64.61,57.07,5.4,801.0,64.1,704.9,897.2,14.0,204.8,48.0,18.0,8.0,18.0,3.0,5.0,0.0
MH_PUNE_556823,Kudali Kh,Kudali Kh,Bhor,Pune,18.05323,73.65905,66.0,56.72,3.9,1027.1,82.2,903.8,1150.4,14.0,205.4,48.0,18.0,8.0,18.0,3.0,5.0,0.0
MH_PUNE_556843,Mhakoshi,Mhakoshi,Bhor,Pune,18.06516,73.7883,79.13,52.1,-1.6,702.9,56.2,618.6,787.2,3.0,210.2,48.0,18.0,8.0,18.0,3.0,5.0,0.0
MH_PUNE_556820,Dhanivali,Dhanivali,Bhor,Pune,18.05833,73.71413,71.57,54.37,-0.3,1001.9,80.2,881.6,1122.2,3.0,207.4,48.0,18.0,8.0,18.0,3.0,5.0,0.0
MH_PUNE_556841,Kudpanewadi,Kudpanewadi,Bhor,Pune,18.06283,73.82228,82.41,52.03,-2.2,982.0,78.6,864.1,1099.9,3.0,211.4,48.0,18.0,8.0,18.0,3.0,5.0,0.0
MH_PUNE_556862,Pale,Pale,Bhor,Pune,18.05971,73.83644,83.71,52.31,-2.5,764.7,61.2,672.9,856.5,3.0,211.9,48.0,18.0,8.0,18.0,3.0,5.0,0.0
MH_PUNE_556842,Vaveghar,Vaveghar,Bhor,Pune,18.05745,73.80113,80.11,52.8,-1.8,707.3,56.6,622.4,792.2,3.0,210.6,48.0,18.0,8.0,18.0,3.0,5.0,0.0
MH_PUNE_556612,Metpilaware,Metpilaware,Velhe,Pune,18.26513,73.6387,76.99,36.94,5.8,814.3,65.1,716.7,912.0,14.0,204.6,48.0,18.0,8.0,18.0,3.0,5.0,0.0
MH_PUNE_556821,Nivangan,Nivangan,Bhor,Pune,18.05845,73.68933,69.16,55.11,1.0,942.1,75.4,829.0,1055.2,14.0,206.5,48.0,18.0,8.0,18.0,3.0,5.0,0.0
MH_PUNE_556772,Taljainagar,Taljainagar,Bhor,Pune,18.18968,73.78066,84.36,38.54,-1.5,653.3,52.3,574.8,731.7,3.0,209.9,48.0,18.0,8.0,18.0,3.0,5.0,0.0
MH_PUNE_556845,Shivnagari,Shivnagari,Bhor,Pune,18.05909,73.7608,76.18,53.2,-1.1,936.0,74.9,823.7,1048.4,3.0,209.1,48.0,18.0,8.0,18.0,3.0,5.0,0.0
MH_PUNE_556840,Karnavad,Karnavad,Bhor,Pune,18.06221,73.81417,81.58,52.15,-2.1,826.3,66.1,727.1,925.4,3.0,211.1,48.0,18.0,8.0,18.0,3.0,5.0,0.0
MH_PUNE_556660,Chinchale Kh,Chinchale Kh,Velhe,Pune,18.2787,73.8026,91.61,28.39,-1.8,675.6,54.0,594.6,756.6,3.0,210.7,48.0,18.0,8.0,18.0,3.0,5.0,0.0
MH_PUNE_556379,Kedgaon,Kedgaon,Daund,Pune,18.47863,74.36878,154.23,42.81,-12.0,544.0,43.5,478.8,609.3,3.0,231.6,6.0,10.0,6.0,70.0,4.0,4.0,0.0
MH_PUNE_556714,Kapurhol,Kapurhol,Bhor,Pune,18.22884,73.94128,101.35,34.85,-4.3,695.6,55.7,612.1,779.2,3.0,215.8,48.0,18.0,8.0,18.0,3.0,5.0,0.0
MH_PUNE_556724,Taprewadi,Taprewadi,Bhor,Pune,18.1737,74.04435,108.73,44.61,-6.2,642.9,51.4,565.8,720.0,3.0,219.6,48.0,18.0,8.0,18.0,3.0,5.0,0.0
MH_PUNE_556522,Samagirwasti,Samagirwasti,Purandhar,Pune,18.14986,74.1124,114.55,49.41,-7.4,575.6,46.0,506.6,644.6,3.0,222.2,12.0,14.0,8.0,48.0,14.0,4.0,0.0
MH_PUNE_556866,Aambade,Aambade,Bhor,Pune,18.0445,73.85415,84.94,53.99,-2.8,831.7,66.5,731.9,931.4,3.0,212.6,48.0,18.0,8.0,18.0,3.0,5.0,0.0
MH_PUNE_556523,Laptalewadi,Laptalewadi,Purandhar,Pune,18.13913,74.1158,114.5,49.07,-7.5,607.2,48.6,534.3,680.1,3.0,222.3,12.0,14.0,8.0,48.0,14.0,4.0,0.0
MH_PUNE_556519,Malawadi,Malawadi,Purandhar,Pune,18.15017,74.09582,112.9,49.57,-7.1,605.4,48.4,532.8,678.0,3.0,221.5,12.0,14.0,8.0,48.0,14.0,4.0,0.0
MH_PUNE_556861,Balawadi,Balawadi,Bhor,Pune,18.05881,73.85982,86.01,52.4,-2.9,792.6,63.4,697.5,887.7,3.0,212.8,48.0,18.0,8.0,18.0,3.0,5.0,0.0
MH_PUNE_556507,Bhairavwadi,Bhairavwadi,Purandhar,Pune,18.2678,73.99957,108.81,33.15,-5.4,1005.2,80.4,884.6,1125.8,3.0,218.0,12.0,14.0,8.0,48.0,14.0,4.0,0.0
MH_PUNE_556520,Tondal,Tondal,Purandhar,Pune,18.1608,74.05959,109.71,46.63,-6.5,609.2,48.7,536.1,682.2,3.0,220.2,12.0,14.0,8.0,48.0,14.0,4.0,0.0
MH_PUNE_556780,Bholavade,Bholavade,Bhor,Pune,18.16789,73.85232,89.91,40.27,-2.7,642.9,51.4,565.8,720.0,3.0,212.5,48.0,18.0,8.0,18.0,3.0,5.0,0.0
MH_PUNE_556855,Nilakanth,Nilakanth,Bhor,Pune,18.09556,73.85327,86.76,48.31,-2.8,694.1,55.5,610.8,777.3,3.0,212.6,48.0,18.0,8.0,18.0,3.0,5.0,0.0
MH_PUNE_556856,Gokavadi,Gokavadi,Bhor,Pune,18.08768,73.86784,87.88,49.22,-3.0,766.5,61.3,674.6,858.5,3.0,213.1,48.0,18.0,8.0,18.0,3.0,5.0,0.0
MH_PUNE_556860,Nere,Nere,Bhor,Pune,18.07468,73.85905,86.52,50.64,-2.9,768.6,61.5,676.3,860.8,3.0,212.8,48.0,18.0,8.0,18.0,3.0,5.0,0.0
MH_PUNE_556850,Vadgaon Dal,Vadgaon Dal,Bhor,Pune,18.14099,73.88526,91.81,43.42,-3.3,627.4,50.2,552.1,702.7,3.0,213.8,48.0,18.0,8.0,18.0,3.0,5.0,0.0
MH_PUNE_556851,Utroli,Utroli,Bhor,Pune,18.1276,73.87487,90.22,44.82,-3.1,731.2,58.5,643.4,818.9,3.0,213.4,48.0,18.0,8.0,18.0,3.0,5.0,0.0
MH_PUNE_556852,Khanapur,Khanapur,Bhor,Pune,18.10819,73.85987,87.93,46.91,-2.9,680.7,54.5,599.0,762.5,3.0,212.8,48.0,18.0,8.0,18.0,3.0,5.0,0.0
MH_PUNE_251535,Bhor,Bhor,Haveli,Pune,18.14683,73.85931,89.57,42.62,-2.9,614.2,49.1,540.5,687.8,3.0,212.8,12.0,14.0,8.0,48.0,14.0,4.0,0.0
MH_PUNE_556730,Pande,Pande,Bhor,Pune,18.17021,73.98001,102.29,42.29,-5.0,608.5,48.7,535.4,681.5,3.0,217.3,48.0,18.0,8.0,18.0,3.0,5.0,0.0
MH_PUNE_556729,Bhambavade,Bhambavade,Bhor,Pune,18.17117,73.99094,103.4,42.58,-5.2,595.8,47.7,524.3,667.4,3.0,217.7,48.0,18.0,8.0,18.0,3.0,5.0,0.0
MH_PUNE_556728,Rajapur,Rajapur,Bhor,Pune,18.16896,74.00114,104.3,43.2,-5.4,587.4,47.0,516.9,657.9,3.0,218.0,48.0,18.0,8.0,18.0,3.0,5.0,0.0
MH_PUNE_556726,Vatharhinge,Vatharhinge,Bhor,Pune,18.1416,74.03032,106.07,47.2,-5.9,578.5,46.3,509.1,648.0,3.0,219.1,48.0,18.0,8.0,18.0,3.0,5.0,0.0
MH_PUNE_556694,Malegaon,Malegaon,Bhor,Pune,18.24863,73.89156,97.78,31.59,-3.4,653.2,52.3,574.8,731.7,3.0,214.0,48.0,18.0,8.0,18.0,3.0,5.0,0.0
MH_PUNE_556727,Nhavi,Nhavi,Bhor,Pune,18.15807,74.02274,105.97,45.2,-5.8,596.8,47.7,525.2,668.3,3.0,218.8,48.0,18.0,8.0,18.0,3.0,5.0,0.0
MH_PUNE_556725,Gunand,Gunand,Bhor,Pune,18.14913,74.04419,107.73,47.05,-6.2,591.8,47.3,520.9,662.8,3.0,219.6,48.0,18.0,8.0,18.0,3.0,5.0,0.0
MH_PUNE_556779,Yevali,Yevali,Bhor,Pune,18.16323,73.87087,91.45,40.84,-3.1,602.3,48.2,530.0,674.6,3.0,213.2,48.0,18.0,8.0,18.0,3.0,5.0,0.0
MH_PUNE_556853,Bhabavadi,Bhabavadi,Bhor,Pune,18.12834,73.85471,88.29,44.66,-2.8,623.6,49.9,548.7,698.4,3.0,212.6,48.0,18.0,8.0,18.0,3.0,5.0,0.0
MH_PUNE_556494,Devadi,Devadi,Purandhar,Pune,18.28606,73.95212,105.4,29.19,-4.5,773.0,61.8,680.3,865.7,3.0,216.2,12.0,14.0,8.0,48.0,14.0,4.0,0.0
MH_PUNE_556691,Karandi Khe Ba,Karandi Khe Ba,Bhor,Pune,18.28344,73.92426,102.72,28.51,-4.0,821.4,65.7,722.8,919.9,3.0,215.2,48.0,18.0,8.0,18.0,3.0,5.0,0.0
MH_PUNE_556688,Kelawade,Kelawade,Bhor,Pune,18.2777,73.88152,98.53,28.25,-3.3,737.8,59.0,649.3,826.3,3.0,213.6,48.0,18.0,8.0,18.0,3.0,5.0,0.0
MH_PUNE_556495,Chivhewadi,Chivhewadi,Purandhar,Pune,18.28508,73.97958,107.87,30.47,-5.0,1014.3,81.1,892.6,1135.9,3.0,217.2,12.0,14.0,8.0,48.0,14.0,4.0,0.0
MH_PUNE_556500,Pangare,Pangare,Purandhar,Pune,18.27059,74.07055,115.63,37.06,-6.7,824.7,66.0,725.7,923.7,3.0,220.6,12.0,14.0,8.0,48.0,14.0,4.0,0.0
MH_PUNE_556508,Gherapurandhar,Gherapurandhar,Purandhar,Pune,18.2737,73.99293,108.5,32.24,-5.3,988.2,79.1,869.6,1106.9,3.0,217.7,12.0,14.0,8.0,48.0,14.0,4.0,0.0
MH_PUNE_556496,Panvadi,Panvadi,Purandhar,Pune,18.27411,74.03123,112.1,34.28,-6.0,991.2,79.3,872.2,1110.1,3.0,219.2,12.0,14.0,8.0,48.0,14.0,4.0,0.0
MH_PUNE_556689,Naygaon,Naygaon,Bhor,Pune,18.27881,73.89467,99.78,28.33,-3.5,723.9,57.9,637.0,810.7,3.0,214.1,48.0,18.0,8.0,18.0,3.0,5.0,0.0
MH_PUNE_556690,Degaon,Degaon,Bhor,Pune,18.27676,73.90407,100.51,28.73,-3.7,720.0,57.6,633.6,806.4,3.0,214.5,48.0,18.0,8.0,18.0,3.0,5.0,0.0
MH_PUNE_556687,Salavade,Salavade,Bhor,Pune,18.27902,73.85958,96.64,27.93,-2.9,682.8,54.6,600.9,764.7,3.0,212.8,48.0,18.0,8.0,18.0,3.0,5.0,0.0
MH_PUNE_556510,Ketkawale,Ketkawale,Purandhar,Pune,18.26227,73.94314,103.27,31.35,-4.4,745.7,59.7,656.2,835.3,3.0,215.9,12.0,14.0,8.0,48.0,14.0,4.0,0.0
MH_PUNE_556509,Misalawadi,Misalawadi,Purandhar,Pune,18.27001,73.96221,105.45,31.24,-4.7,1051.1,84.1,925.0,1177.3,3.0,216.6,12.0,14.0,8.0,48.0,14.0,4.0,0.0
MH_PUNE_556696,Virwadi,Virwadi,Bhor,Pune,18.2597,73.86655,96.13,30.11,-3.0,664.2,53.1,584.6,743.9,3.0,213.1,48.0,18.0,8.0,18.0,3.0,5.0,0.0
MH_PUNE_556506,Bandhalwadi,Bandhalwadi,Purandhar,Pune,18.25621,74.01251,109.43,34.94,-5.6,847.7,67.8,746.0,949.4,3.0,218.5,12.0,14.0,8.0,48.0,14.0,4.0,0.0
MH_PUNE_556693,Kamthadi,Kamthadi,Bhor,Pune,18.25429,73.90927,99.72,31.29,-3.8,817.0,65.4,718.9,915.1,3.0,214.6,48.0,18.0,8.0,18.0,3.0,5.0,0.0
MH_PUNE_556695,Nasrapur,Nasrapur,Bhor,Pune,18.25841,73.88714,97.93,30.45,-3.4,672.2,53.8,591.5,752.9,3.0,213.8,48.0,18.0,8.0,18.0,3.0,5.0,0.0
MH_PUNE_556715,Nigde,Nigde,Bhor,Pune,18.22163,73.92804,99.74,35.26,-4.1,642.5,51.4,565.4,719.6,3.0,215.3,48.0,18.0,8.0,18.0,3.0,5.0,0.0
MH_PUNE_556511,Kumbhoshi,Kumbhoshi,Purandhar,Pune,18.25135,73.96014,104.27,33.09,-4.7,958.3,76.7,843.3,1073.4,3.0,216.5,12.0,14.0,8.0,48.0,14.0,4.0,0.0
MH_PUNE_556512,Kaldari,Kaldari,Purandhar,Pune,18.25493,73.99119,107.36,34.02,-5.2,837.4,67.0,736.9,937.9,3.0,217.7,12.0,14.0,8.0,48.0,14.0,4.0,0.0
MH_PUNE_556692,Ketkavane,Ketkavane,Bhor,Pune,18.24995,73.93038,101.43,32.27,-4.1,689.8,55.2,607.0,772.6,3.0,215.4,48.0,18.0,8.0,18.0,3.0,5.0,0.0
MH_PUNE_556704,Didghar,Didghar,Bhor,Pune,18.24913,73.87406,96.21,31.33,-3.1,646.7,51.7,569.1,724.2,3.0,213.3,48.0,18.0,8.0,18.0,3.0,5.0,0.0
MH_PUNE_556505,Dawanewadi,Dawanewadi,Purandhar,Pune,18.24519,74.02915,110.46,36.88,-5.9,968.6,77.5,852.3,1084.8,3.0,219.1,12.0,14.0,8.0,48.0,14.0,4.0,0.0
MH_PUNE_556718,Morwadi,Morwadi,Bhor,Pune,18.23223,73.95985,103.27,35.08,-4.7,720.5,57.6,634.1,806.9,3.0,216.5,48.0,18.0,8.0,18.0,3.0,5.0,0.0
MH_PUNE_556504,Hargude,Hargude,Purandhar,Pune,18.23419,74.0747,114.31,40.55,-6.7,698.9,55.9,615.1,782.8,3.0,220.8,12.0,14.0,8.0,48.0,14.0,4.0,0.0
MH_PUNE_556719,Wagajwadi,Wagajwadi,Bhor,Pune,18.22423,73.97411,104.22,36.44,-4.9,766.0,61.3,674.1,858.0,3.0,217.0,48.0,18.0,8.0,18.0,3.0,5.0,0.0
MH_PUNE_556513,Dhanakwadi,Dhanakwadi,Purandhar,Pune,18.23363,74.00881,107.97,36.97,-5.6,747.0,59.8,657.3,836.7,3.0,218.3,12.0,14.0,8.0,48.0,14.0,4.0,0.0
MH_PUNE_556705,Nidhan,Nidhan,Bhor,Pune,18.24001,73.87506,95.8,32.35,-3.2,637.0,51.0,560.5,713.5,3.0,213.4,48.0,18.0,8.0,18.0,3.0,5.0,0.0
MH_PUNE_556702,Hatave Bk,Hatave Bk,Bhor,Pune,18.22772,73.85621,93.39,33.62,-2.8,660.3,52.8,581.1,739.5,3.0,212.7,48.0,18.0,8.0,18.0,3.0,5.0,0.0
MH_PUNE_556721,Savardare,Savardare,Bhor,Pune,18.19446,73.97744,103.13,39.66,-5.0,666.2,53.3,586.3,746.2,3.0,217.2,48.0,18.0,8.0,18.0,3.0,5.0,0.0
MH_PUNE_556712,Harishchandri,Harishchandri,Bhor,Pune,18.23177,73.9164,99.17,33.89,-3.9,636.3,50.9,560.0,712.7,3.0,214.9,48.0,18.0,8.0,18.0,3.0,5.0,0.0
MH_PUNE_556514,Mandhar,Mandhar,Purandhar,Pune,18.22561,74.04509,111.06,39.62,-6.2,726.4,58.1,639.2,813.5,3.0,219.7,12.0,14.0,8.0,48.0,14.0,4.0,0.0
MH_PUNE_556707,Khadki,Khadki,Bhor,Pune,18.23509,73.89213,97.1,33.09,-3.5,636.2,50.9,559.9,712.6,3.0,214.0,48.0,18.0,8.0,18.0,3.0,5.0,0.0
MH_PUNE_556708,Umbare,Umbare,Bhor,Pune,18.22948,73.90332,97.84,33.89,-3.7,633.2,50.7,557.2,709.3,3.0,214.4,48.0,18.0,8.0,18.0,3.0,5.0,0.0
MH_PUNE_556706,Sangvi Kh,Sangvi Kh,Bhor,Pune,18.23522,73.88365,96.32,32.97,-3.3,634.1,50.7,558.1,710.2,3.0,213.7,48.0,18.0,8.0,18.0,3.0,5.0,0.0
MH_PUNE_556713,Divale,Divale,Bhor,Pune,18.23037,73.92446,99.85,34.23,-4.0,642.2,51.4,565.1,719.3,3.0,215.2,48.0,18.0,8.0,18.0,3.0,5.0,0.0
MH_PUNE_556722,Bhongvali,Bhongvali,Bhor,Pune,18.20259,74.00752,106.39,40.02,-5.5,644.9,51.6,567.5,722.3,3.0,218.3,48.0,18.0,8.0,18.0,3.0,5.0,0.0
MH_PUNE_556709,Mohari Bk,Mohari Bk,Bhor,Pune,18.21658,73.876,94.61,34.96,-3.2,637.0,51.0,560.5,713.5,3.0,213.4,48.0,18.0,8.0,18.0,3.0,5.0,0.0
MH_PUNE_258024,Mahur,Mahur,Haveli,Pune,18.19765,74.06909,112.15,43.59,-6.6,708.6,56.7,623.6,793.7,3.0,220.6,12.0,14.0,8.0,48.0,14.0,4.0,0.0
MH_PUNE_556716,Dhangawadi,Dhangawadi,Bhor,Pune,18.21012,73.93364,99.69,36.65,-4.2,640.3,51.2,563.5,717.1,3.0,215.5,48.0,18.0,8.0,18.0,3.0,5.0,0.0
MH_PUNE_556710,Kasurdi,Kasurdi,Bhor,Pune,18.20951,73.88991,95.54,35.88,-3.4,665.0,53.2,585.2,744.8,3.0,213.9,48.0,18.0,8.0,18.0,3.0,5.0,0.0
MH_PUNE_556711,Mohari Kh,Mohari Kh,Bhor,Pune,18.21132,73.90544,97.09,35.92,-3.7,598.2,47.9,526.3,670.0,3.0,214.5,48.0,18.0,8.0,18.0,3.0,5.0,0.0
MH_PUNE_556732,Telavadi,Telavadi,Bhor,Pune,18.20466,73.91114,97.29,36.75,-3.8,598.3,47.9,526.5,670.2,3.0,214.7,48.0,18.0,8.0,18.0,3.0,5.0,0.0
MH_PUNE_556738,Bramhanghar V K,Bramhanghar V K,Bhor,Pune,18.1997,73.85509,91.78,36.73,-2.8,665.8,53.3,585.9,745.8,3.0,212.6,48.0,18.0,8.0,18.0,3.0,5.0,0.0
MH_PUNE_556737,Narhe,Narhe,Bhor,Pune,18.19692,73.86646,92.7,37.08,-3.0,679.0,54.3,597.6,760.5,3.0,213.1,48.0,18.0,8.0,18.0,3.0,5.0,0.0
MH_PUNE_556736,Sangamner,Sangamner,Bhor,Pune,18.18846,73.8819,93.73,38.13,-3.3,622.7,49.8,548.0,697.4,3.0,213.6,48.0,18.0,8.0,18.0,3.0,5.0,0.0
MH_PUNE_556733,Alande,Alande,Bhor,Pune,18.19207,73.91181,96.74,38.14,-3.8,602.7,48.2,530.4,675.0,3.0,214.7,48.0,18.0,8.0,18.0,3.0,5.0,0.0
MH_PUNE_556723,Panjalwadi,Panjalwadi,Bhor,Pune,18.18163,74.03332,107.98,43.3,-6.0,642.9,51.4,565.8,720.0,3.0,219.2,48.0,18.0,8.0,18.0,3.0,5.0,0.0
MH_PUNE_556731,Kenjal,Kenjal,Bhor,Pune,18.18736,73.9384,99.05,39.23,-4.3,602.6,48.2,530.3,674.9,3.0,215.7,48.0,18.0,8.0,18.0,3.0,5.0,0.0
MH_PUNE_556735,Ingavali,Ingavali,Bhor,Pune,18.17546,73.90921,95.69,39.92,-3.8,614.4,49.2,540.6,688.2,3.0,214.6,48.0,18.0,8.0,18.0,3.0,5.0,0.0
MH_PUNE_556778,Sangvi,Sangvi,Bhor,Pune,18.17215,73.86447,91.27,39.82,-3.0,622.0,49.8,547.3,696.7,3.0,213.0,48.0,18.0,8.0,18.0,3.0,5.0,0.0
MH_PUNE_556734,Bhairavnathnagar,Bhairavnathnagar,Bhor,Pune,18.19457,73.89524,95.29,37.6,-3.5,634.5,50.8,558.3,710.7,3.0,214.1,48.0,18.0,8.0,18.0,3.0,5.0,0.0
MH_PUNE_556720,Sarole,Sarole,Bhor,Pune,18.18394,73.96326,101.28,40.29,-4.7,603.3,48.3,530.8,675.7,3.0,216.6,48.0,18.0,8.0,18.0,3.0,5.0,0.0
MH_PUNE_556717,Kikvi,Kikvi,Bhor,Pune,18.20382,73.94744,100.69,37.7,-4.5,618.8,49.5,544.5,693.0,3.0,216.1,48.0,18.0,8.0,18.0,3.0,5.0,0.0
MH_PUNE_556703,Bhilarewadi,Bhilarewadi,Bhor,Pune,18.22874,73.87058,94.77,33.57,-3.1,615.7,49.3,541.7,689.6,3.0,213.2,48.0,18.0,8.0,18.0,3.0,5.0,0.0
MH_PUNE_556537,Pisurti,Pisurti,Purandhar,Pune,18.15217,74.17398,120.79,42.9,-8.5,596.5,47.7,524.9,668.0,3.0,224.4,12.0,14.0,8.0,48.0,14.0,4.0,0.0
MH_PUNE_556535,Gulunche,Gulunche,Purandhar,Pune,18.15261,74.2176,125.2,38.29,-9.3,573.5,45.9,504.7,642.4,3.0,226.1,12.0,14.0,8.0,48.0,14.0,4.0,0.0
MH_PUNE_556521,Veer,Veer,Purandhar,Pune,18.1449,74.08454,111.59,49.46,-6.9,587.1,47.0,516.6,657.6,3.0,221.1,12.0,14.0,8.0,48.0,14.0,4.0,0.0
MH_PUNE_556534,Karnalwadi,Karnalwadi,Purandhar,Pune,18.16133,74.23954,127.7,35.99,-9.7,590.3,47.2,519.5,661.1,3.0,226.9,12.0,14.0,8.0,48.0,14.0,4.0,0.0
MH_PUNE_556536,Thopatewadi,Thopatewadi,Purandhar,Pune,18.14422,74.19434,122.57,40.76,-8.9,582.9,46.6,513.0,652.8,3.0,225.2,12.0,14.0,8.0,48.0,14.0,4.0,0.0
MH_PUNE_556538,Mandaki,Mandaki,Purandhar,Pune,18.14491,74.14625,117.76,45.83,-8.0,606.2,48.5,533.5,679.0,3.0,223.4,12.0,14.0,8.0,48.0,14.0,4.0,0.0
MH_PUNE_556539,Jeur,Jeur,Purandhar,Pune,18.12513,74.17245,119.74,43.15,-8.5,572.5,45.8,503.8,641.2,3.0,224.4,12.0,14.0,8.0,48.0,14.0,4.0,0.0
MH_PUNE_556540,Pimpre Kh,Pimpre Kh,Purandhar,Pune,18.11742,74.20011,122.3,40.31,-9.0,559.4,44.8,492.2,626.6,3.0,225.4,12.0,14.0,8.0,48.0,14.0,4.0,0.0
MH_PUNE_556937,Khandobachiwadi,Khandobachiwadi,Baramati,Pune,18.14036,74.25444,128.52,34.42,-10.0,607.9,48.6,535.0,680.8,3.0,227.4,6.0,10.0,6.0,70.0,4.0,4.0,0.0
MH_PUNE_555778,Chas,Chas,Khed,Pune,18.92387,73.85455,108.35,43.8,-2.8,641.8,51.3,564.8,718.7,3.0,212.6,10.0,12.0,6.0,64.0,5.0,3.0,0.0
MH_PUNE_556924,Chaudhar Wadi,Chaudhar Wadi,Baramati,Pune,18.16633,74.2703,130.97,32.77,-10.3,585.7,46.9,515.3,656.0,3.0,228.0,6.0,10.0,6.0,70.0,4.0,4.0,0.0
MH_PUNE_556934,Magarwadi,Magarwadi,Baramati,Pune,18.14134,74.30057,133.23,29.54,-10.8,562.7,45.0,495.2,630.2,3.0,229.1,6.0,10.0,6.0,70.0,4.0,4.0,0.0
MH_PUNE_556935,Deulwadi,Deulwadi,Baramati,Pune,18.14491,74.28178,131.44,31.52,-10.5,570.2,45.6,501.8,638.6,3.0,228.4,6.0,10.0,6.0,70.0,4.0,4.0,0.0
MH_PUNE_556936,Karanje,Karanje,Baramati,Pune,18.13198,74.27974,130.83,31.79,-10.4,563.2,45.1,495.5,630.8,3.0,228.4,6.0,10.0,6.0,70.0,4.0,4.0,0.0
MH_PUNE_556938,Gadadarwadi,Gadadarwadi,Baramati,Pune,18.12305,74.25666,128.22,34.3,-10.0,561.9,45.0,494.4,629.4,3.0,227.5,6.0,10.0,6.0,70.0,4.0,4.0,0.0
MH_PUNE_556941,Karanjepul,Karanjepul,Baramati,Pune,18.11663,74.2964,132.08,30.2,-10.7,559.1,44.7,492.1,626.2,3.0,229.0,6.0,10.0,6.0,70.0,4.0,4.0,0.0
MH_PUNE_556940,Soratewadi,Soratewadi,Baramati,Pune,18.1173,74.27798,130.22,32.12,-10.4,564.8,45.2,497.0,632.6,3.0,228.3,6.0,10.0,6.0,70.0,4.0,4.0,0.0
MH_PUNE_556942,Waghalwadi,Waghalwadi,Baramati,Pune,18.11004,74.272,129.4,32.85,-10.3,568.4,45.5,500.1,636.6,3.0,228.1,6.0,10.0,6.0,70.0,4.0,4.0,0.0
MH_PUNE_556939,Nimbut,Nimbut,Baramati,Pune,18.11363,74.24948,127.21,35.16,-9.9,550.0,44.0,484.0,616.0,3.0,227.2,6.0,10.0,6.0,70.0,4.0,4.0,0.0
MH_PUNE_556943,Wanewadi,Wanewadi,Baramati,Pune,18.09309,74.28689,130.46,31.62,-10.6,552.1,44.2,485.8,618.4,3.0,228.6,6.0,10.0,6.0,70.0,4.0,4.0,0.0
MH_PUNE_556531,Adachiwadi,Adachiwadi,Purandhar,Pune,18.20417,74.14172,119.54,46.69,-8.0,652.4,52.2,574.1,730.7,3.0,223.2,12.0,14.0,8.0,48.0,14.0,4.0,0.0
MH_PUNE_556491,Takrarwadi,Takrarwadi,Purandhar,Pune,18.28305,74.12031,120.96,39.59,-7.6,746.9,59.8,657.2,836.6,3.0,222.5,12.0,14.0,8.0,48.0,14.0,4.0,0.0
MH_PUNE_556492,Sakurde,Sakurde,Purandhar,Pune,18.27103,74.13174,121.49,41.39,-7.8,765.8,61.3,673.8,857.7,3.0,222.9,12.0,14.0,8.0,48.0,14.0,4.0,0.0
MH_PUNE_556493,Jejuri Rural,Jejuri Rural,Purandhar,Pune,18.2826,74.15341,124.1,42.21,-8.2,721.8,57.7,635.2,808.3,3.0,223.7,12.0,14.0,8.0,48.0,14.0,4.0,0.0
MH_PUNE_556526,Kolvihire,Kolvihire,Purandhar,Pune,18.25408,74.21109,128.41,40.65,-9.2,684.4,54.8,602.2,766.6,3.0,225.8,12.0,14.0,8.0,48.0,14.0,4.0,0.0
MH_PUNE_556527,Mawadikade Pathar,Mawadikade Pathar,Purandhar,Pune,18.26266,74.24474,132.06,37.56,-9.8,654.7,52.4,576.1,733.3,3.0,227.1,12.0,14.0,8.0,48.0,14.0,4.0,0.0
MH_PUNE_556501,Shindewadi,Shindewadi,Purandhar,Pune,18.27047,74.09751,118.19,38.92,-7.2,905.5,72.4,796.9,1014.1,3.0,221.6,12.0,14.0,8.0,48.0,14.0,4.0,0.0
MH_PUNE_556502,Khaigarwadi,Khaigarwadi,Purandhar,Pune,18.25608,74.07662,115.51,38.72,-6.8,799.2,63.9,703.4,895.1,3.0,220.8,12.0,14.0,8.0,48.0,14.0,4.0,0.0
MH_PUNE_556524,Pingori,Pingori,Purandhar,Pune,18.23689,74.13634,120.39,44.44,-7.9,720.4,57.6,634.0,806.8,3.0,223.0,12.0,14.0,8.0,48.0,14.0,4.0,0.0
MH_PUNE_556503,Satalwadi,Satalwadi,Purandhar,Pune,18.23505,74.10193,116.97,42.22,-7.2,848.6,67.9,746.7,950.4,3.0,221.8,12.0,14.0,8.0,48.0,14.0,4.0,0.0
MH_PUNE_556525,Daundaj,Daundaj,Purandhar,Pune,18.22687,74.18043,124.27,43.07,-8.6,679.6,54.4,598.0,761.2,3.0,224.7,12.0,14.0,8.0,48.0,14.0,4.0,0.0
MH_PUNE_556528,Nawali,Nawali,Purandhar,Pune,18.22343,74.23174,129.19,37.69,-9.6,649.5,52.0,571.5,727.5,3.0,226.6,12.0,14.0,8.0,48.0,14.0,4.0,0.0
MH_PUNE_556533,Sukalwadi,Sukalwadi,Purandhar,Pune,18.1711,74.19062,123.13,41.21,-8.8,632.2,50.6,556.3,708.1,3.0,225.1,12.0,14.0,8.0,48.0,14.0,4.0,0.0
MH_PUNE_556530,Wagdarwadi,Wagdarwadi,Purandhar,Pune,18.20112,74.17354,122.56,43.32,-8.5,673.8,53.9,593.0,754.7,3.0,224.4,12.0,14.0,8.0,48.0,14.0,4.0,0.0
MH_PUNE_556529,Rakh,Rakh,Purandhar,Pune,18.19042,74.2256,127.32,37.71,-9.5,614.6,49.2,540.8,688.4,3.0,226.3,12.0,14.0,8.0,48.0,14.0,4.0,0.0
MH_PUNE_556517,Harni,Harni,Purandhar,Pune,18.18375,74.12793,117.37,47.91,-7.7,629.3,50.3,553.8,704.7,3.0,222.7,12.0,14.0,8.0,48.0,14.0,4.0,0.0
MH_PUNE_556876,Ambi Bk,Ambi Bk,Baramati,Pune,18.28811,74.27544,136.14,35.65,-10.4,636.9,51.0,560.4,713.4,3.0,228.2,6.0,10.0,6.0,70.0,4.0,4.0,0.0
MH_PUNE_556532,Walhe,Walhe,Purandhar,Pune,18.17963,74.16921,121.31,43.53,-8.4,646.2,51.7,568.7,723.8,3.0,224.3,12.0,14.0,8.0,48.0,14.0,4.0,0.0
MH_PUNE_556518,Nawalewadi,Nawalewadi,Purandhar,Pune,18.18333,74.09835,114.43,46.61,-7.2,664.6,53.2,584.8,744.4,3.0,221.6,12.0,14.0,8.0,48.0,14.0,4.0,0.0
MH_PUNE_251533,Jejuri,Jejuri,Haveli,Pune,18.27566,74.17381,125.74,44.35,-8.5,707.4,56.6,622.5,792.3,3.0,224.4,12.0,14.0,8.0,48.0,14.0,4.0,0.0
MH_PUNE_556922,Modhave,Modhave,Baramati,Pune,18.19751,74.26964,131.98,33.21,-10.3,625.6,50.0,550.6,700.6,3.0,228.0,6.0,10.0,6.0,70.0,4.0,4.0,0.0
MH_PUNE_556878,Morgaon,Morgaon,Baramati,Pune,18.26603,74.29828,137.45,32.43,-10.8,623.3,49.9,548.4,698.1,3.0,229.0,6.0,10.0,6.0,70.0,4.0,4.0,0.0
MH_PUNE_556877,Jogwadi,Jogwadi,Baramati,Pune,18.25005,74.26486,133.51,35.1,-10.2,651.6,52.1,573.4,729.7,3.0,227.8,6.0,10.0,6.0,70.0,4.0,4.0,0.0
MH_PUNE_556906,Murti,Murti,Baramati,Pune,18.22399,74.28303,134.29,32.43,-10.5,608.3,48.7,535.3,681.4,3.0,228.5,6.0,10.0,6.0,70.0,4.0,4.0,0.0
MH_PUNE_556923,Umbarwadi,Umbarwadi,Baramati,Pune,18.18201,74.29642,134.12,30.17,-10.7,589.3,47.1,518.6,659.9,3.0,229.0,6.0,10.0,6.0,70.0,4.0,4.0,0.0
MH_PUNE_556953,Pawaimal,Pawaimal,Baramati,Pune,18.12366,74.44835,147.85,14.22,-12.0,559.9,44.8,492.7,627.1,3.0,234.6,6.0,10.0,6.0,70.0,4.0,4.0,0.0
MH_PUNE_555780,Papalwadi,Papalwadi,Khed,Pune,18.93296,73.8787,111.07,44.91,-3.2,699.6,56.0,615.6,783.6,3.0,213.5,10.0,12.0,6.0,64.0,5.0,3.0,0.0
MH_PUNE_556927,Chopadaj,Chopadaj,Baramati,Pune,18.157,74.3309,136.79,26.33,-11.4,569.6,45.6,501.2,638.0,3.0,230.2,6.0,10.0,6.0,70.0,4.0,4.0,0.0
MH_PUNE_556932,Hol,Hol,Baramati,Pune,18.11432,74.34281,136.77,25.38,-11.6,543.5,43.5,478.3,608.8,3.0,230.7,6.0,10.0,6.0,70.0,4.0,4.0,0.0
MH_PUNE_557036,Kurawali,Kurawali,Indapur,Pune,18.04307,74.73104,175.54,19.91,-12.0,514.5,41.2,452.7,576.3,3.0,245.0,6.0,10.0,6.0,70.0,4.0,4.0,0.0
MH_PUNE_557033,Gholapwadi,Gholapwadi,Indapur,Pune,18.05105,74.69752,172.16,16.59,-12.0,515.1,41.2,453.3,576.9,3.0,243.8,6.0,10.0,6.0,70.0,4.0,4.0,0.0
MH_PUNE_557035,Jamb,Jamb,Indapur,Pune,18.04022,74.7125,173.55,18.58,-12.0,511.4,40.9,450.0,572.7,3.0,244.4,6.0,10.0,6.0,70.0,4.0,4.0,0.0
MH_PUNE_556925,Vaki,Vaki,Baramati,Pune,18.16039,74.3082,134.6,28.74,-10.9,576.7,46.1,507.6,645.9,3.0,229.4,6.0,10.0,6.0,70.0,4.0,4.0,0.0
MH_PUNE_556918,Jalakewadi Mudhale,Jalakewadi Mudhale,Baramati,Pune,18.16014,74.3716,141.02,22.05,-12.0,587.2,47.0,516.7,657.7,3.0,231.7,6.0,10.0,6.0,70.0,4.0,4.0,0.0
MH_PUNE_556916,Kamagalwadi,Kamagalwadi,Baramati,Pune,18.15609,74.40777,144.59,18.21,-12.0,568.7,45.5,500.5,637.0,3.0,233.1,6.0,10.0,6.0,70.0,4.0,4.0,0.0
MH_PUNE_555356,Baglohare,Baglohare,Junnar,Pune,19.17237,73.86132,113.57,71.44,-2.9,746.7,59.7,657.1,836.2,3.0,212.9,10.0,12.0,6.0,64.0,5.0,3.0,0.0
MH_PUNE_556928,Vadgaon Nimbalkar,Vadgaon Nimbalkar,Baramati,Pune,18.1395,74.35574,138.8,23.72,-11.8,563.0,45.0,495.5,630.5,3.0,231.2,6.0,10.0,6.0,70.0,4.0,4.0,0.0
MH_PUNE_556929,Korhale Bk,Korhale Bk,Baramati,Pune,18.12887,74.38863,141.86,20.36,-12.0,555.0,44.4,488.4,621.6,3.0,232.4,6.0,10.0,6.0,70.0,4.0,4.0,0.0
MH_PUNE_556933,Sastewadi,Sastewadi,Baramati,Pune,18.13143,74.32079,135.0,27.47,-11.2,556.6,44.5,489.8,623.3,3.0,229.9,6.0,10.0,6.0,70.0,4.0,4.0,0.0
MH_PUNE_556930,Thopatewadi,Thopatewadi,Baramati,Pune,18.10708,74.40701,143.17,18.89,-12.0,554.9,44.4,488.3,621.5,3.0,233.1,6.0,10.0,6.0,70.0,4.0,4.0,0.0
MH_PUNE_556960,Bajrangwadi,Bajrangwadi,Baramati,Pune,18.0936,74.39947,142.06,20.08,-12.0,540.6,43.3,475.7,605.6,3.0,232.8,6.0,10.0,6.0,70.0,4.0,4.0,0.0
MH_PUNE_556961,Late,Late,Baramati,Pune,18.07789,74.41108,142.89,19.57,-12.0,532.9,42.6,469.0,596.8,3.0,233.2,6.0,10.0,6.0,70.0,4.0,4.0,0.0
MH_PUNE_556944,Murum,Murum,Baramati,Pune,18.08373,74.31,132.6,29.47,-11.0,545.1,43.6,479.7,610.5,3.0,229.5,6.0,10.0,6.0,70.0,4.0,4.0,0.0
MH_PUNE_556945,Sadobachiwadi,Sadobachiwadi,Baramati,Pune,18.10408,74.32762,134.94,27.15,-11.3,544.1,43.5,478.9,609.4,3.0,230.1,6.0,10.0,6.0,70.0,4.0,4.0,0.0
MH_PUNE_556946,Korhale Kh,Korhale Kh,Baramati,Pune,18.09139,74.37514,139.5,22.61,-12.0,542.6,43.4,477.5,607.7,3.0,231.9,6.0,10.0,6.0,70.0,4.0,4.0,0.0
MH_PUNE_556948,Malegaon Kh,Malegaon Kh,Baramati,Pune,18.15533,74.49921,153.91,8.56,-12.0,563.7,45.1,496.1,631.4,3.0,236.5,6.0,10.0,6.0,70.0,4.0,4.0,0.0
MH_PUNE_556947,Sonkaswadi,Sonkaswadi,Baramati,Pune,18.16011,74.45524,149.55,13.23,-12.0,561.9,44.9,494.5,629.2,3.0,234.8,6.0,10.0,6.0,70.0,4.0,4.0,0.0
MH_PUNE_556949,Malegaon Bk,Malegaon Bk,Baramati,Pune,18.13115,74.49948,153.3,8.76,-12.0,553.1,44.2,486.8,619.4,3.0,236.5,6.0,10.0,6.0,70.0,4.0,4.0,0.0
MH_PUNE_556975,Baramati Rural,Baramati Rural,Baramati,Pune,18.15778,74.5221,156.32,6.18,-12.0,566.0,45.3,498.1,634.0,3.0,237.3,6.0,10.0,6.0,70.0,4.0,4.0,0.0
MH_PUNE_556951,Yelewasti,Yelewasti,Baramati,Pune,18.11753,74.48499,151.46,10.67,-12.0,537.5,43.0,473.0,602.0,3.0,235.9,6.0,10.0,6.0,70.0,4.0,4.0,0.0
MH_PUNE_556956,Kurnewadi,Kurnewadi,Baramati,Pune,18.10651,74.44868,147.45,14.7,-12.0,542.9,43.4,477.8,608.0,3.0,234.6,6.0,10.0,6.0,70.0,4.0,4.0,0.0
MH_PUNE_556955,Manappawasti,Manappawasti,Baramati,Pune,18.10487,74.46025,148.6,13.61,-12.0,551.0,44.1,484.9,617.2,3.0,235.0,6.0,10.0,6.0,70.0,4.0,4.0,0.0
MH_PUNE_556954,Dhumalwadi,Dhumalwadi,Baramati,Pune,18.10212,74.47402,149.96,12.4,-12.0,540.6,43.2,475.8,605.4,3.0,235.5,6.0,10.0,6.0,70.0,4.0,4.0,0.0
MH_PUNE_556959,Malwadiloni,Malwadiloni,Baramati,Pune,18.09289,74.41709,143.86,18.35,-12.0,543.8,43.5,478.6,609.1,3.0,233.4,6.0,10.0,6.0,70.0,4.0,4.0,0.0
MH_PUNE_556958,Pingalevasti,Pingalevasti,Baramati,Pune,18.08611,74.4296,144.99,17.41,-12.0,540.0,43.2,475.2,604.8,3.0,233.9,6.0,10.0,6.0,70.0,4.0,4.0,0.0
MH_PUNE_556957,Sirshane,Sirshane,Baramati,Pune,18.09117,74.43992,146.18,16.19,-12.0,539.3,43.1,474.7,604.0,3.0,234.3,6.0,10.0,6.0,70.0,4.0,4.0,0.0
MH_PUNE_556963,Kambleshwar,Kambleshwar,Baramati,Pune,18.0671,74.45684,147.4,15.95,-12.0,533.8,42.7,469.8,597.9,3.0,234.9,6.0,10.0,6.0,70.0,4.0,4.0,0.0
MH_PUNE_556962,Pandharwadi,Pandharwadi,Baramati,Pune,18.07383,74.43713,145.5,17.31,-12.0,531.0,42.5,467.3,594.8,3.0,234.2,6.0,10.0,6.0,70.0,4.0,4.0,0.0
MH_PUNE_556965,Shirawali,Shirawali,Baramati,Pune,18.08003,74.50121,152.28,11.4,-12.0,526.8,42.1,463.6,589.9,3.0,236.5,6.0,10.0,6.0,70.0,4.0,4.0,0.0
MH_PUNE_556964,Sangavi,Sangavi,Baramati,Pune,18.07524,74.47612,149.57,13.77,-12.0,530.2,42.4,466.6,593.8,3.0,235.6,6.0,10.0,6.0,70.0,4.0,4.0,0.0
MH_PUNE_556952,Pandare,Pandare,Baramati,Pune,18.12367,74.44161,147.16,14.91,-12.0,555.5,44.4,488.9,622.1,3.0,234.3,6.0,10.0,6.0,70.0,4.0,4.0,0.0
MH_PUNE_556884,Karhati,Karhati,Baramati,Pune,18.27688,74.41293,149.19,22.59,-12.0,594.8,47.6,523.4,666.2,3.0,233.3,6.0,10.0,6.0,70.0,4.0,4.0,0.0
MH_PUNE_556882,Sherechiwadi,Sherechiwadi,Baramati,Pune,18.28315,74.34806,143.03,28.62,-11.7,608.1,48.6,535.2,681.0,3.0,230.9,6.0,10.0,6.0,70.0,4.0,4.0,0.0
MH_PUNE_556883,Baburdi,Baburdi,Baramati,Pune,18.27566,74.36549,144.45,26.62,-12.0,602.5,48.2,530.2,674.8,3.0,231.5,6.0,10.0,6.0,70.0,4.0,4.0,0.0
MH_PUNE_556896,Sonvadisupe,Sonvadisupe,Baramati,Pune,18.25863,74.49175,156.38,15.26,-12.0,598.4,47.9,526.5,670.2,3.0,236.2,6.0,10.0,6.0,70.0,4.0,4.0,0.0
MH_PUNE_556907,Tardoli,Tardoli,Baramati,Pune,18.24783,74.33046,139.9,28.52,-11.3,617.8,49.4,543.7,691.9,3.0,230.2,6.0,10.0,6.0,70.0,4.0,4.0,0.0
MH_PUNE_556908,Loni Bhapkar,Loni Bhapkar,Baramati,Pune,18.23216,74.36823,143.08,24.16,-12.0,606.4,48.5,533.7,679.2,3.0,231.6,6.0,10.0,6.0,70.0,4.0,4.0,0.0
MH_PUNE_556886,Jalgaon Supe,Jalgaon Supe,Baramati,Pune,18.24548,74.45372,152.11,17.05,-12.0,584.0,46.7,513.9,654.0,3.0,234.8,6.0,10.0,6.0,70.0,4.0,4.0,0.0
MH_PUNE_556914,Bhilarwadi,Bhilarwadi,Baramati,Pune,18.17735,74.47107,151.66,11.9,-12.0,580.0,46.4,510.4,649.6,3.0,235.4,6.0,10.0,6.0,70.0,4.0,4.0,0.0
MH_PUNE_556910,Malwadilate,Malwadilate,Baramati,Pune,18.22905,74.40388,146.54,20.58,-12.0,588.7,47.1,518.0,659.3,3.0,232.9,6.0,10.0,6.0,70.0,4.0,4.0,0.0
MH_PUNE_556913,Karhavagaj,Karhavagaj,Baramati,Pune,18.2182,74.43531,149.32,17.06,-12.0,584.6,46.8,514.4,654.8,3.0,234.1,6.0,10.0,6.0,70.0,4.0,4.0,0.0
MH_PUNE_556902,Barhanpur,Barhanpur,Baramati,Pune,18.21275,74.52044,157.75,9.4,-12.0,559.7,44.8,492.5,626.9,3.0,237.3,6.0,10.0,6.0,70.0,4.0,4.0,0.0
MH_PUNE_556912,Anjangaon,Anjangaon,Baramati,Pune,18.22192,74.4856,154.52,12.78,-12.0,568.4,45.5,500.1,636.6,3.0,236.0,6.0,10.0,6.0,70.0,4.0,4.0,0.0
MH_PUNE_556920,Masalwadi,Masalwadi,Baramati,Pune,18.22103,74.32811,138.67,27.76,-11.3,615.7,49.3,541.8,689.7,3.0,230.1,6.0,10.0,6.0,70.0,4.0,4.0,0.0
MH_PUNE_556909,Sayambachiwadi,Sayambachiwadi,Baramati,Pune,18.20976,74.38158,143.63,21.99,-12.0,608.6,48.7,535.6,681.7,3.0,232.1,6.0,10.0,6.0,70.0,4.0,4.0,0.0
MH_PUNE_556921,Moralwadi,Moralwadi,Baramati,Pune,18.19641,74.30327,135.31,29.69,-10.9,586.1,46.9,515.7,656.4,3.0,229.2,6.0,10.0,6.0,70.0,4.0,4.0,0.0
MH_PUNE_556911,Jalgaon Kade Pathar,Jalgaon Kade Pathar,Baramati,Pune,18.18953,74.47136,152.06,12.29,-12.0,577.3,46.2,508.0,646.6,3.0,235.4,6.0,10.0,6.0,70.0,4.0,4.0,0.0
MH_PUNE_556903,Nepat Valan,Nepat Valan,Baramati,Pune,18.18674,74.50151,155.04,9.24,-12.0,565.0,45.2,497.2,632.8,3.0,236.6,6.0,10.0,6.0,70.0,4.0,4.0,0.0
MH_PUNE_556904,Medad,Medad,Baramati,Pune,18.17654,74.51793,156.42,7.19,-12.0,556.8,44.5,490.1,623.6,3.0,237.2,6.0,10.0,6.0,70.0,4.0,4.0,0.0
MH_PUNE_556926,Kanadwadi,Kanadwadi,Baramati,Pune,18.1795,74.32651,137.07,26.98,-11.3,575.8,46.1,506.6,644.9,3.0,230.1,6.0,10.0,6.0,70.0,4.0,4.0,0.0
MH_PUNE_556919,Palshiwadi,Palshiwadi,Baramati,Pune,18.19918,74.3303,138.12,26.94,-11.3,602.9,48.2,530.6,675.2,3.0,230.2,6.0,10.0,6.0,70.0,4.0,4.0,0.0
MH_PUNE_556917,Mudhale,Mudhale,Baramati,Pune,18.17781,74.37967,142.39,21.39,-12.0,593.9,47.5,522.6,665.1,3.0,232.0,6.0,10.0,6.0,70.0,4.0,4.0,0.0
MH_PUNE_557026,Hinganewadi,Hinganewadi,Indapur,Pune,18.08839,74.68735,171.78,13.25,-12.0,525.6,42.0,462.6,588.6,3.0,243.4,6.0,10.0,6.0,70.0,4.0,4.0,0.0
MH_PUNE_557015,Nimbodi,Nimbodi,Indapur,Pune,18.16032,74.68416,173.04,11.07,-12.0,552.7,44.2,486.4,619.0,3.0,243.3,6.0,10.0,6.0,70.0,4.0,4.0,0.0
MH_PUNE_556977,Dorlewadi,Dorlewadi,Baramati,Pune,18.10367,74.59924,162.95,5.54,-12.0,525.5,42.0,462.5,588.5,3.0,240.2,6.0,10.0,6.0,70.0,4.0,4.0,0.0
MH_PUNE_556541,Shivatkar,Shivatkar,Haveli,Pune,18.12629,74.21235,123.81,38.94,-9.2,556.8,44.5,490.1,623.6,3.0,225.9,12.0,14.0,8.0,48.0,14.0,4.0,0.0
MH_PUNE_557013,Shindewadi,Shindewadi,Indapur,Pune,18.17035,74.70852,175.8,13.77,-12.0,564.7,45.2,496.9,632.5,3.0,244.2,6.0,10.0,6.0,70.0,4.0,4.0,0.0
MH_PUNE_557014,Kazad,Kazad,Indapur,Pune,18.16753,74.73543,178.5,16.54,-12.0,566.5,45.3,498.5,634.4,3.0,245.2,6.0,10.0,6.0,70.0,4.0,4.0,0.0
MH_PUNE_556972,Katewadi,Katewadi,Baramati,Pune,18.13961,74.664,170.46,8.95,-12.0,551.6,44.1,485.4,617.7,3.0,242.6,6.0,10.0,6.0,70.0,4.0,4.0,0.0
MH_PUNE_556971,Kanheri,Kanheri,Baramati,Pune,18.15273,74.64114,168.42,6.47,-12.0,545.3,43.6,479.9,610.7,3.0,241.7,6.0,10.0,6.0,70.0,4.0,4.0,0.0
MH_PUNE_556973,Pimpali,Pimpali,Baramati,Pune,18.13088,74.62308,166.03,5.02,-12.0,535.1,42.8,470.9,599.3,3.0,241.1,6.0,10.0,6.0,70.0,4.0,4.0,0.0
MH_PUNE_556974,Gunwadi,Gunwadi,Baramati,Pune,18.12545,74.58468,161.94,2.77,-12.0,531.3,42.5,467.6,595.1,3.0,239.6,6.0,10.0,6.0,70.0,4.0,4.0,0.0
MH_PUNE_557017,Sansar,Sansar,Indapur,Pune,18.13269,74.70511,174.56,13.36,-12.0,544.3,43.5,479.1,609.6,3.0,244.1,6.0,10.0,6.0,70.0,4.0,4.0,0.0
MH_PUNE_556976,Malad,Malad,Baramati,Pune,18.12085,74.5519,158.45,4.4,-12.0,544.3,43.5,479.0,609.5,3.0,238.4,6.0,10.0,6.0,70.0,4.0,4.0,0.0
MH_PUNE_557018,Bhawaninagar,Bhawaninagar,Indapur,Pune,18.1338,74.6845,172.45,11.19,-12.0,550.5,44.0,484.5,616.5,3.0,243.3,6.0,10.0,6.0,70.0,4.0,4.0,0.0
MH_PUNE_557024,Belewadi,Belewadi,Indapur,Pune,18.10689,74.70106,173.58,13.66,-12.0,532.3,42.6,468.4,596.2,3.0,243.9,6.0,10.0,6.0,70.0,4.0,4.0,0.0
MH_PUNE_556950,Pawnewadi,Pawnewadi,Baramati,Pune,18.11114,74.52613,155.55,7.15,-12.0,533.2,42.7,469.1,597.2,3.0,237.5,6.0,10.0,6.0,70.0,4.0,4.0,0.0
MH_PUNE_556978,Zaragadwadi,Zaragadwadi,Baramati,Pune,18.10476,74.64222,167.43,8.28,-12.0,521.0,41.7,458.5,583.6,3.0,241.8,6.0,10.0,6.0,70.0,4.0,4.0,0.0
MH_PUNE_556970,Rui,Rui,Baramati,Pune,18.18807,74.61321,166.48,5.5,-12.0,564.3,45.1,496.6,631.9,3.0,240.7,6.0,10.0,6.0,70.0,4.0,4.0,0.0
MH_PUNE_556979,Dhekalwadi,Dhekalwadi,Baramati,Pune,18.09707,74.66926,170.08,11.12,-12.0,525.4,42.0,462.4,588.4,3.0,242.8,6.0,10.0,6.0,70.0,4.0,4.0,0.0
MH_PUNE_557020,Kardanwadi,Kardanwadi,Indapur,Pune,18.09957,74.73985,177.46,17.8,-12.0,542.2,43.4,477.1,607.3,3.0,245.4,6.0,10.0,6.0,70.0,4.0,4.0,0.0
MH_PUNE_557027,Udhat,Udhat,Indapur,Pune,18.07019,74.7079,173.58,16.17,-12.0,523.5,41.9,460.6,586.3,3.0,244.2,6.0,10.0,6.0,70.0,4.0,4.0,0.0
MH_PUNE_556984,Shetphalgadhe,Shetphalgadhe,Indapur,Pune,18.26262,74.68958,176.45,17.05,-12.0,544.1,43.5,478.9,609.4,3.0,243.5,6.0,10.0,6.0,70.0,4.0,4.0,0.0
MH_PUNE_557019,Jachakvasti,Jachakvasti,Indapur,Pune,18.09591,74.71709,175.03,15.69,-12.0,529.3,42.3,465.9,592.8,3.0,244.5,6.0,10.0,6.0,70.0,4.0,4.0,0.0
MH_PUNE_557025,Sapkalwadi,Sapkalwadi,Indapur,Pune,18.10331,74.68414,171.75,12.17,-12.0,538.4,43.1,473.8,603.1,3.0,243.3,6.0,10.0,6.0,70.0,4.0,4.0,0.0
MH_PUNE_557034,Tawashi,Tawashi,Indapur,Pune,18.07323,74.68028,170.76,13.61,-12.0,518.5,41.5,456.3,580.8,3.0,243.2,6.0,10.0,6.0,70.0,4.0,4.0,0.0
MH_PUNE_557023,Pawarwadi,Pawarwadi,Indapur,Pune,18.08055,74.72725,175.79,17.37,-12.0,524.0,41.9,461.2,586.9,3.0,244.9,6.0,10.0,6.0,70.0,4.0,4.0,0.0
MH_PUNE_557028,Paritwadi,Paritwadi,Indapur,Pune,18.06538,74.74305,177.17,19.63,-12.0,527.6,42.2,464.3,590.9,3.0,245.5,6.0,10.0,6.0,70.0,4.0,4.0,0.0
MH_PUNE_557032,Mankarwadi,Mankarwadi,Indapur,Pune,18.05852,74.72085,174.73,18.03,-12.0,516.2,41.3,454.3,578.2,3.0,244.7,6.0,10.0,6.0,70.0,4.0,4.0,0.0
MH_PUNE_557031,Bambadwadi,Bambadwadi,Indapur,Pune,18.05364,74.74515,177.19,20.48,-12.0,518.4,41.5,456.2,580.7,3.0,245.6,6.0,10.0,6.0,70.0,4.0,4.0,0.0
MH_PUNE_251536,Baramati,Baramati,Haveli,Pune,18.15104,74.5509,159.1,3.08,-12.0,546.0,43.7,480.5,611.6,3.0,238.4,12.0,14.0,8.0,48.0,14.0,4.0,0.0
MH_PUNE_556967,Nirvagaj,Nirvagaj,Baramati,Pune,18.084,74.56403,158.88,7.53,-12.0,525.3,42.0,462.3,588.3,3.0,238.9,6.0,10.0,6.0,70.0,4.0,4.0,0.0
MH_PUNE_556982,Ghadagewadi,Ghadagewadi,Baramati,Pune,18.06116,74.58861,160.98,9.92,-12.0,521.9,41.8,459.2,584.6,3.0,239.8,6.0,10.0,6.0,70.0,4.0,4.0,0.0
MH_PUNE_556966,Khandaj,Khandaj,Baramati,Pune,18.08172,74.52928,155.22,9.29,-12.0,526.2,42.1,463.0,589.3,3.0,237.6,6.0,10.0,6.0,70.0,4.0,4.0,0.0
MH_PUNE_556980,Songaon,Songaon,Baramati,Pune,18.07489,74.63859,166.45,10.4,-12.0,519.8,41.6,457.4,582.2,3.0,241.6,6.0,10.0,6.0,70.0,4.0,4.0,0.0
MH_PUNE_556981,Mekhali,Mekhali,Baramati,Pune,18.06791,74.60944,163.28,9.64,-12.0,521.8,41.7,459.3,584.4,3.0,240.5,6.0,10.0,6.0,70.0,4.0,4.0,0.0
MH_PUNE_556892,Gadikhel,Gadikhel,Baramati,Pune,18.28108,74.59073,167.09,14.62,-12.0,613.5,49.1,539.8,687.1,3.0,239.9,6.0,10.0,6.0,70.0,4.0,4.0,0.0
MH_PUNE_556893,Jaradwadi,Jaradwadi,Baramati,Pune,18.27507,74.53278,161.07,14.77,-12.0,597.9,47.8,526.2,669.6,3.0,237.7,6.0,10.0,6.0,70.0,4.0,4.0,0.0
MH_PUNE_556897,Undavadi Kade Pathar,Undavadi Kade Pathar,Baramati,Pune,18.24974,74.53052,159.97,12.26,-12.0,572.5,45.8,503.8,641.2,3.0,237.6,6.0,10.0,6.0,70.0,4.0,4.0,0.0
MH_PUNE_556899,Katphal,Katphal,Baramati,Pune,18.24067,74.61878,168.59,10.88,-12.0,571.5,45.7,502.9,640.0,3.0,240.9,6.0,10.0,6.0,70.0,4.0,4.0,0.0
MH_PUNE_556985,Pimpale,Pimpale,Indapur,Pune,18.26459,74.72186,179.79,19.67,-12.0,540.1,43.2,475.3,604.9,3.0,244.7,6.0,10.0,6.0,70.0,4.0,4.0,0.0
MH_PUNE_556898,Gojubavi,Gojubavi,Baramati,Pune,18.2436,74.57205,163.96,10.44,-12.0,585.8,46.9,515.5,656.2,3.0,239.2,6.0,10.0,6.0,70.0,4.0,4.0,0.0
MH_PUNE_556900,Jainakwadi,Jainakwadi,Baramati,Pune,18.24081,74.64781,171.54,12.38,-12.0,582.4,46.6,512.5,652.3,3.0,242.0,6.0,10.0,6.0,70.0,4.0,4.0,0.0
MH_PUNE_556994,Lamjewadi,Lamjewadi,Indapur,Pune,18.24222,74.66745,173.58,13.8,-12.0,568.6,45.5,500.3,636.8,3.0,242.7,6.0,10.0,6.0,70.0,4.0,4.0,0.0
MH_PUNE_556968,Vanjarwadi,Vanjarwadi,Baramati,Pune,18.20472,74.60825,166.44,6.78,-12.0,589.8,47.2,519.0,660.6,3.0,240.5,6.0,10.0,6.0,70.0,4.0,4.0,0.0
MH_PUNE_556995,Nirgude,Nirgude,Indapur,Pune,18.22535,74.70508,176.92,15.65,-12.0,555.7,44.5,489.0,622.5,3.0,244.1,6.0,10.0,6.0,70.0,4.0,4.0,0.0
MH_PUNE_556901,Sawantwadi,Sawantwadi,Baramati,Pune,18.21883,74.55745,161.7,8.02,-12.0,562.2,45.0,494.7,629.7,3.0,238.6,6.0,10.0,6.0,70.0,4.0,4.0,0.0
MH_PUNE_556905,Tandulwadi,Tandulwadi,Baramati,Pune,18.19509,74.56768,162.03,5.18,-12.0,579.5,46.4,509.9,649.1,3.0,239.0,6.0,10.0,6.0,70.0,4.0,4.0,0.0
MH_PUNE_556969,Sawal,Sawal,Baramati,Pune,18.19764,74.63976,169.46,8.24,-12.0,586.6,46.9,516.3,657.0,3.0,241.7,6.0,10.0,6.0,70.0,4.0,4.0,0.0
MH_PUNE_556996,Mhasobachiwadi,Mhasobachiwadi,Indapur,Pune,18.21275,74.67745,173.74,12.44,-12.0,582.9,46.6,513.0,652.8,3.0,243.1,6.0,10.0,6.0,70.0,4.0,4.0,0.0
MH_PUNE_557012,Lakadi,Lakadi,Indapur,Pune,18.18746,74.68176,173.49,11.53,-12.0,590.4,47.2,519.6,661.2,3.0,243.2,6.0,10.0,6.0,70.0,4.0,4.0,0.0
MH_PUNE_556997,Vaysewadi,Vaysewadi,Indapur,Pune,18.19927,74.73227,178.98,16.99,-12.0,559.4,44.8,492.2,626.6,3.0,245.1,6.0,10.0,6.0,70.0,4.0,4.0,0.0
MH_PUNE_557101,Pandharwadi,Pandharwadi,Indapur,Pune,18.04847,74.9933,203.1,45.12,-12.0,526.3,42.1,463.2,589.5,3.0,254.8,6.0,10.0,6.0,70.0,4.0,4.0,0.0
MH_PUNE_557115,Pithewadi,Pithewadi,Indapur,Pune,17.95609,74.9501,197.51,44.67,-12.0,499.6,40.0,439.6,559.6,3.0,253.2,6.0,10.0,6.0,70.0,4.0,4.0,0.0
MH_PUNE_557051,Pitkeshwar,Pitkeshwar,Indapur,Pune,18.05254,74.9103,194.45,36.55,-12.0,539.0,43.1,474.3,603.6,3.0,251.7,6.0,10.0,6.0,70.0,4.0,4.0,0.0
MH_PUNE_557053,Ghorpadwadi,Ghorpadwadi,Indapur,Pune,18.03905,74.87436,190.49,33.47,-12.0,518.7,41.5,456.5,581.0,3.0,250.4,6.0,10.0,6.0,70.0,4.0,4.0,0.0
MH_PUNE_557065,Kati,Kati,Indapur,Pune,18.03541,74.94172,197.51,40.3,-12.0,514.9,41.2,453.1,576.7,3.0,252.8,6.0,10.0,6.0,70.0,4.0,4.0,0.0
MH_PUNE_557030,Chavhanwadi,Chavhanwadi,Indapur,Pune,18.04632,74.75533,178.13,21.82,-12.0,507.3,40.6,446.4,568.2,3.0,245.9,6.0,10.0,6.0,70.0,4.0,4.0,0.0
MH_PUNE_557107,Shetphal Haveli,Shetphal Haveli,Indapur,Pune,18.02548,74.9791,201.3,44.4,-12.0,513.7,41.1,452.1,575.4,3.0,254.2,6.0,10.0,6.0,70.0,4.0,4.0,0.0
MH_PUNE_557052,Sarafwadi,Sarafwadi,Indapur,Pune,18.03486,74.89354,192.44,35.53,-12.0,518.4,41.5,456.2,580.7,3.0,251.1,6.0,10.0,6.0,70.0,4.0,4.0,0.0
MH_PUNE_557067,Reda,Reda,Indapur,Pune,18.01148,74.93213,196.19,40.28,-12.0,503.0,40.2,442.7,563.3,3.0,252.5,6.0,10.0,6.0,70.0,4.0,4.0,0.0
MH_PUNE_557066,Jadhavwadi,Jadhavwadi,Indapur,Pune,18.01558,74.95227,198.36,42.09,-12.0,523.2,41.9,460.4,586.1,3.0,253.2,6.0,10.0,6.0,70.0,4.0,4.0,0.0
MH_PUNE_557110,Vakilwasti,Vakilwasti,Indapur,Pune,17.99776,75.01005,204.23,48.51,-12.0,482.9,38.6,425.0,540.8,3.0,255.4,6.0,10.0,6.0,70.0,4.0,4.0,0.0
MH_PUNE_557068,Redani,Redani,Indapur,Pune,17.988,74.91757,194.39,39.97,-12.0,501.6,40.1,441.4,561.7,3.0,252.0,6.0,10.0,6.0,70.0,4.0,4.0,0.0
MH_PUNE_557112,Bhodani,Bhodani,Indapur,Pune,17.99816,74.96838,199.85,44.39,-12.0,498.8,39.9,438.9,558.6,3.0,253.8,6.0,10.0,6.0,70.0,4.0,4.0,0.0
MH_PUNE_557113,Lakhewadi,Lakhewadi,Indapur,Pune,17.98138,74.94603,197.32,43.0,-12.0,507.7,40.6,446.8,568.6,3.0,253.0,6.0,10.0,6.0,70.0,4.0,4.0,0.0
MH_PUNE_557123,Tannu,Tannu,Indapur,Pune,17.96918,75.0904,212.42,57.58,-12.0,478.5,38.3,421.0,535.9,3.0,258.3,6.0,10.0,6.0,70.0,4.0,4.0,0.0
MH_PUNE_557070,Boratwadi,Boratwadi,Indapur,Pune,17.95168,74.89143,191.28,39.63,-12.0,495.0,39.6,435.6,554.4,3.0,251.0,6.0,10.0,6.0,70.0,4.0,4.0,0.0
MH_PUNE_557057,Nimsakhar,Nimsakhar,Indapur,Pune,18.02801,74.83735,186.45,30.4,-12.0,510.9,40.9,449.6,572.3,3.0,249.0,6.0,10.0,6.0,70.0,4.0,4.0,0.0
MH_PUNE_557058,Nirwangi,Nirwangi,Indapur,Pune,18.01083,74.8801,190.71,35.3,-12.0,503.3,40.3,442.9,563.8,3.0,250.6,6.0,10.0,6.0,70.0,4.0,4.0,0.0
MH_PUNE_557069,Khorochi,Khorochi,Indapur,Pune,17.96941,74.87346,189.55,36.96,-12.0,496.8,39.7,437.3,556.4,3.0,250.3,6.0,10.0,6.0,70.0,4.0,4.0,0.0
MH_PUNE_557117,Kacharwadi Bawada,Kacharwadi Bawada,Indapur,Pune,17.92865,74.97776,200.22,48.73,-12.0,490.4,39.2,431.6,549.2,3.0,254.2,6.0,10.0,6.0,70.0,4.0,4.0,0.0
MH_PUNE_557118,Sarati,Sarati,Indapur,Pune,17.92357,75.00557,203.12,51.56,-12.0,488.2,39.1,429.6,546.9,3.0,255.2,6.0,10.0,6.0,70.0,4.0,4.0,0.0
MH_PUNE_557056,Kalamb,Kalamb,Indapur,Pune,18.03017,74.78944,181.46,25.84,-12.0,522.0,41.8,459.3,584.7,3.0,247.2,6.0,10.0,6.0,70.0,4.0,4.0,0.0
MH_PUNE_557125,Giravi,Giravi,Indapur,Pune,17.95195,75.1072,214.05,59.93,-12.0,490.2,39.2,431.4,549.0,3.0,259.0,6.0,10.0,6.0,70.0,4.0,4.0,0.0
MH_PUNE_557111,Bawada,Bawada,Indapur,Pune,17.97071,74.99449,202.32,48.14,-12.0,481.1,38.5,423.3,538.8,3.0,254.8,6.0,10.0,6.0,70.0,4.0,4.0,0.0
MH_PUNE_557114,Chakati,Chakati,Indapur,Pune,17.95678,74.92483,194.85,42.32,-12.0,498.4,39.9,438.6,558.3,3.0,252.2,6.0,10.0,6.0,70.0,4.0,4.0,0.0
MH_PUNE_557116,Nirnimgaon,Nirnimgaon,Indapur,Pune,17.93567,74.9578,198.16,46.51,-12.0,495.4,39.6,436.0,554.8,3.0,253.4,6.0,10.0,6.0,70.0,4.0,4.0,0.0
MH_PUNE_557121,Ganeshwadi,Ganeshwadi,Indapur,Pune,17.94365,75.03311,206.17,53.12,-12.0,479.7,38.4,422.1,537.3,3.0,256.2,6.0,10.0,6.0,70.0,4.0,4.0,0.0
MH_PUNE_557120,Gondi,Gondi,Indapur,Pune,17.92771,75.0452,207.33,55.05,-12.0,472.8,37.8,416.1,529.5,3.0,256.7,6.0,10.0,6.0,70.0,4.0,4.0,0.0
MH_PUNE_557119,Lumewadi,Lumewadi,Indapur,Pune,17.91148,75.03151,205.79,54.61,-12.0,489.2,39.1,430.5,547.8,3.0,256.2,6.0,10.0,6.0,70.0,4.0,4.0,0.0
MH_PUNE_557108,Surwad,Surwad,Indapur,Pune,18.00926,75.01571,204.95,48.64,-12.0,501.5,40.1,441.4,561.7,3.0,255.6,6.0,10.0,6.0,70.0,4.0,4.0,0.0
MH_PUNE_557037,Chikhali,Chikhali,Indapur,Pune,18.031,74.749,177.23,22.23,-12.0,502.1,40.2,441.8,562.4,3.0,245.7,6.0,10.0,6.0,70.0,4.0,4.0,0.0
MH_PUNE_557124,Narsingpur,Narsingpur,Indapur,Pune,17.98428,75.11724,215.38,59.71,-12.0,482.6,38.6,424.7,540.5,3.0,259.3,6.0,10.0,6.0,70.0,4.0,4.0,0.0
MH_PUNE_557106,Bhat Nimgaon,Bhat Nimgaon,Indapur,Pune,18.04339,75.06653,210.71,52.77,-12.0,483.3,38.7,425.3,541.4,3.0,257.5,6.0,10.0,6.0,70.0,4.0,4.0,0.0
MH_PUNE_557105,Awasari,Awasari,Indapur,Pune,18.04515,75.03805,207.75,49.8,-12.0,486.1,38.9,427.7,544.4,3.0,256.4,6.0,10.0,6.0,70.0,4.0,4.0,0.0
MH_PUNE_557109,Bhandgaon,Bhandgaon,Indapur,Pune,18.01834,75.02855,206.41,49.62,-12.0,489.3,39.1,430.6,547.9,3.0,256.1,6.0,10.0,6.0,70.0,4.0,4.0,0.0
MH_PUNE_557122,Pimpri Bk,Pimpri Bk,Indapur,Pune,17.94692,75.06845,209.92,56.36,-12.0,494.3,39.5,435.1,553.6,3.0,257.5,6.0,10.0,6.0,70.0,4.0,4.0,0.0
MH_PUNE_557126,Ozare,Ozare,Indapur,Pune,17.925,75.07621,210.59,58.12,-12.0,480.4,38.4,422.8,538.0,3.0,257.8,6.0,10.0,6.0,70.0,4.0,4.0,0.0
MH_PUNE_557047,Bharnewadi,Bharnewadi,Indapur,Pune,18.09383,74.81394,185.07,25.5,-12.0,529.0,42.3,465.5,592.4,3.0,248.1,6.0,10.0,6.0,70.0,4.0,4.0,0.0
MH_PUNE_557055,Ranmodwadi,Ranmodwadi,Indapur,Pune,18.05645,74.80198,183.18,25.66,-12.0,513.1,41.0,451.6,574.6,3.0,247.7,6.0,10.0,6.0,70.0,4.0,4.0,0.0
MH_PUNE_557021,Jankshan,Jankshan,Indapur,Pune,18.10732,74.78081,181.88,21.74,-12.0,541.2,43.3,476.2,606.1,3.0,246.9,6.0,10.0,6.0,70.0,4.0,4.0,0.0
MH_PUNE_557029,Thoratwadi,Thoratwadi,Indapur,Pune,18.07146,74.76805,179.88,21.71,-12.0,524.6,42.0,461.6,587.6,3.0,246.4,6.0,10.0,6.0,70.0,4.0,4.0,0.0
MH_PUNE_557046,Shelgaon,Shelgaon,Indapur,Pune,18.11395,74.84435,188.62,28.22,-12.0,538.1,43.1,473.5,602.8,3.0,249.2,6.0,10.0,6.0,70.0,4.0,4.0,0.0
MH_PUNE_556983,Jalochi,Jalochi,Haveli,Pune,18.16215,74.59915,164.34,2.43,-12.0,551.9,44.2,485.6,618.2,3.0,240.2,12.0,14.0,8.0,48.0,14.0,4.0,0.0
MH_PUNE_557049,Kadbanwadi,Kadbanwadi,Indapur,Pune,18.07672,74.84422,187.93,29.09,-12.0,524.8,42.0,461.8,587.8,3.0,249.2,6.0,10.0,6.0,70.0,4.0,4.0,0.0
MH_PUNE_557054,Sirsatwadi,Sirsatwadi,Indapur,Pune,18.06688,74.82957,186.23,27.95,-12.0,519.1,41.5,456.8,581.3,3.0,248.7,6.0,10.0,6.0,70.0,4.0,4.0,0.0
MH_PUNE_557045,Birgundwadi,Birgundwadi,Indapur,Pune,18.15894,74.77846,182.74,20.99,-12.0,582.4,46.6,512.5,652.3,3.0,246.8,6.0,10.0,6.0,70.0,4.0,4.0,0.0
MH_PUNE_557048,Anthurne,Anthurne,Indapur,Pune,18.0993,74.80379,184.12,24.31,-12.0,537.5,43.0,473.0,602.0,3.0,247.7,6.0,10.0,6.0,70.0,4.0,4.0,0.0
MH_PUNE_557016,Bori,Bori,Indapur,Pune,18.13199,74.7529,179.49,18.38,-12.0,554.1,44.3,487.7,620.6,3.0,245.9,6.0,10.0,6.0,70.0,4.0,4.0,0.0
MH_PUNE_557059,Kauthali,Kauthali,Indapur,Pune,18.14939,74.9236,197.57,36.31,-12.0,530.3,42.4,466.7,593.9,3.0,252.2,6.0,10.0,6.0,70.0,4.0,4.0,0.0
MH_PUNE_557091,Pondkulwadi,Pondkulwadi,Indapur,Pune,18.12795,74.95955,200.88,40.18,-12.0,521.5,41.7,458.9,584.0,3.0,253.5,6.0,10.0,6.0,70.0,4.0,4.0,0.0
MH_PUNE_557044,Thoratwadi,Thoratwadi,Indapur,Pune,18.16396,74.86971,192.29,30.65,-12.0,551.2,44.1,485.0,617.3,3.0,250.2,6.0,10.0,6.0,70.0,4.0,4.0,0.0
MH_PUNE_557088,Bijwadi,Bijwadi,Indapur,Pune,18.15066,74.96143,201.52,40.3,-12.0,515.9,41.3,454.0,577.9,3.0,253.6,6.0,10.0,6.0,70.0,4.0,4.0,0.0
MH_PUNE_557011,Karewadi,Karewadi,Indapur,Pune,18.14382,74.94118,199.28,38.17,-12.0,521.1,41.7,458.5,583.6,3.0,252.8,6.0,10.0,6.0,70.0,4.0,4.0,0.0
MH_PUNE_557060,Vyahali,Vyahali,Indapur,Pune,18.12936,74.89263,193.94,33.11,-12.0,574.0,45.9,505.1,642.8,3.0,251.0,6.0,10.0,6.0,70.0,4.0,4.0,0.0
MH_PUNE_557050,Hangarwadi,Hangarwadi,Indapur,Pune,18.08695,74.86886,190.68,31.32,-12.0,547.1,43.8,481.4,612.8,3.0,250.1,6.0,10.0,6.0,70.0,4.0,4.0,0.0
MH_PUNE_557062,Gotandi,Gotandi,Indapur,Pune,18.07058,74.88307,191.89,33.23,-12.0,533.5,42.7,469.5,597.6,3.0,250.7,6.0,10.0,6.0,70.0,4.0,4.0,0.0
MH_PUNE_557063,Nimgaon Ketki,Nimgaon Ketki,Indapur,Pune,18.09992,74.9314,197.43,37.55,-12.0,549.9,44.0,483.9,615.9,3.0,252.5,6.0,10.0,6.0,70.0,4.0,4.0,0.0
MH_PUNE_557064,Varkute Kh,Varkute Kh,Indapur,Pune,18.06288,74.94923,198.69,40.21,-12.0,537.2,43.0,472.7,601.7,3.0,253.1,6.0,10.0,6.0,70.0,4.0,4.0,0.0
MH_PUNE_557061,Kacharewadi,Kacharewadi,Indapur,Pune,18.09908,74.90815,194.99,35.14,-12.0,543.2,43.5,477.9,608.4,3.0,251.6,6.0,10.0,6.0,70.0,4.0,4.0,0.0
MH_PUNE_556992,Bandgarwadi,Bandgarwadi,Indapur,Pune,18.26635,74.76584,184.31,23.51,-12.0,497.8,39.8,438.1,557.5,3.0,246.3,6.0,10.0,6.0,70.0,4.0,4.0,0.0
MH_PUNE_556993,Pondwadi,Pondwadi,Indapur,Pune,18.24963,74.74796,181.99,20.92,-12.0,527.5,42.2,464.2,590.8,3.0,245.7,6.0,10.0,6.0,70.0,4.0,4.0,0.0
MH_PUNE_557007,Bhawadi,Bhawadi,Indapur,Pune,18.2321,74.93905,201.07,39.01,-12.0,536.5,42.9,472.1,600.8,3.0,252.7,6.0,10.0,6.0,70.0,4.0,4.0,0.0
MH_PUNE_556998,Akole,Akole,Indapur,Pune,18.2115,74.75246,181.38,19.46,-12.0,547.1,43.8,481.4,612.8,3.0,245.8,6.0,10.0,6.0,70.0,4.0,4.0,0.0
MH_PUNE_556999,Bhadalwadi,Bhadalwadi,Indapur,Pune,18.24189,74.77914,184.95,23.39,-12.0,517.7,41.4,455.6,579.8,3.0,246.8,6.0,10.0,6.0,70.0,4.0,4.0,0.0
MH_PUNE_557010,Balpudi,Balpudi,Indapur,Pune,18.17565,74.93894,199.72,38.03,-12.0,527.8,42.2,464.5,591.1,3.0,252.7,6.0,10.0,6.0,70.0,4.0,4.0,0.0
MH_PUNE_557002,Dalaj No 3,Dalaj No 3,Indapur,Pune,18.23918,74.83344,190.42,28.55,-12.0,492.5,39.4,433.4,551.6,3.0,248.8,6.0,10.0,6.0,70.0,4.0,4.0,0.0
MH_PUNE_557001,Dalaj No 2,Dalaj No 2,Indapur,Pune,18.23429,74.82108,189.02,27.14,-12.0,499.0,39.9,439.1,558.8,3.0,248.4,6.0,10.0,6.0,70.0,4.0,4.0,0.0
MH_PUNE_557009,Warkute Bk,Warkute Bk,Indapur,Pune,18.19979,74.96223,202.68,40.76,-12.0,531.1,42.5,467.3,594.8,3.0,253.6,6.0,10.0,6.0,70.0,4.0,4.0,0.0
MH_PUNE_557038,Pilewadi,Pilewadi,Indapur,Pune,18.22147,74.79587,186.1,24.15,-12.0,553.1,44.2,486.8,619.4,3.0,247.4,6.0,10.0,6.0,70.0,4.0,4.0,0.0
MH_PUNE_557008,Loni,Loni,Indapur,Pune,18.19975,74.92182,198.5,36.53,-12.0,533.3,42.7,469.3,597.4,3.0,252.1,6.0,10.0,6.0,70.0,4.0,4.0,0.0
MH_PUNE_557004,Bandewadi,Bandewadi,Indapur,Pune,18.21216,74.89212,195.74,33.69,-12.0,538.9,43.1,474.3,603.6,3.0,251.0,6.0,10.0,6.0,70.0,4.0,4.0,0.0
MH_PUNE_557040,Nhavi,Nhavi,Indapur,Pune,18.17575,74.89546,195.22,33.45,-12.0,553.4,44.3,486.9,619.8,3.0,251.1,6.0,10.0,6.0,70.0,4.0,4.0,0.0
MH_PUNE_557042,Gosaviwadi,Gosaviwadi,Indapur,Pune,18.19113,74.82887,188.71,26.69,-12.0,553.2,44.3,486.7,619.6,3.0,248.7,6.0,10.0,6.0,70.0,4.0,4.0,0.0
MH_PUNE_557043,Kalas,Kalas,Indapur,Pune,18.18343,74.8011,185.66,23.65,-12.0,558.6,44.7,491.5,625.6,3.0,247.6,6.0,10.0,6.0,70.0,4.0,4.0,0.0
MH_PUNE_557039,Maradwadi,Maradwadi,Indapur,Pune,18.20221,74.85997,192.19,30.14,-12.0,506.2,40.5,445.4,566.9,3.0,249.8,6.0,10.0,6.0,70.0,4.0,4.0,0.0
MH_PUNE_557041,Rui,Rui,Indapur,Pune,18.18175,74.85132,190.8,28.88,-12.0,523.2,41.9,460.3,586.0,3.0,249.5,6.0,10.0,6.0,70.0,4.0,4.0,0.0
MH_PUNE_557071,Chandgaon,Chandgaon,Indapur,Pune,18.25305,74.94509,202.24,40.23,-12.0,523.8,41.9,460.9,586.6,3.0,253.0,6.0,10.0,6.0,70.0,4.0,4.0,0.0
MH_PUNE_557072,Agoti No 1,Agoti No 1,Indapur,Pune,18.23409,74.96617,203.91,41.85,-12.0,502.5,40.2,442.2,562.8,3.0,253.7,6.0,10.0,6.0,70.0,4.0,4.0,0.0
MH_PUNE_556991,Kumbhargaon,Kumbhargaon,Indapur,Pune,18.27761,74.78473,186.57,25.86,-12.0,493.3,39.5,434.0,552.5,3.0,247.0,6.0,10.0,6.0,70.0,4.0,4.0,0.0
MH_PUNE_557006,Malewadi,Malewadi,Indapur,Pune,18.23388,74.91442,198.59,36.54,-12.0,526.2,42.1,463.0,589.3,3.0,251.8,6.0,10.0,6.0,70.0,4.0,4.0,0.0
MH_PUNE_557005,Palasdeo,Palasdeo,Indapur,Pune,18.24119,74.8949,196.77,34.78,-12.0,501.4,40.1,441.3,561.6,3.0,251.1,6.0,10.0,6.0,70.0,4.0,4.0,0.0
MH_PUNE_557003,Kalewadi,Kalewadi,Indapur,Pune,18.22746,74.86161,193.0,30.97,-12.0,505.4,40.4,444.8,566.0,3.0,249.9,6.0,10.0,6.0,70.0,4.0,4.0,0.0
MH_PUNE_557089,Rajwadi,Rajwadi,Indapur,Pune,18.15167,74.97894,203.36,42.15,-12.0,513.0,41.0,451.5,574.5,3.0,254.2,6.0,10.0,6.0,70.0,4.0,4.0,0.0
MH_PUNE_251537,Indapur,Indapur,Haveli,Pune,18.12166,75.02348,207.42,46.97,-12.0,528.4,42.3,464.9,591.8,3.0,255.9,12.0,14.0,8.0,48.0,14.0,4.0,0.0
MH_PUNE_557082,Pimpri Kh,Pimpri Kh,Indapur,Pune,18.15695,75.05913,211.8,50.63,-12.0,492.5,39.4,433.4,551.6,3.0,257.2,6.0,10.0,6.0,70.0,4.0,4.0,0.0
MH_PUNE_557086,Kalthan No 2,Kalthan No 2,Indapur,Pune,18.17069,75.00889,206.86,45.37,-12.0,498.6,39.9,438.7,558.4,3.0,255.3,6.0,10.0,6.0,70.0,4.0,4.0,0.0
MH_PUNE_557087,Gagargaon,Gagargaon,Indapur,Pune,18.16964,74.97186,203.0,41.46,-12.0,504.0,40.3,443.5,564.4,3.0,254.0,6.0,10.0,6.0,70.0,4.0,4.0,0.0
MH_PUNE_557090,Vangali,Vangali,Indapur,Pune,18.14954,74.9943,204.91,43.78,-12.0,517.3,41.4,455.2,579.4,3.0,254.8,6.0,10.0,6.0,70.0,4.0,4.0,0.0
MH_PUNE_557085,Narutwadi,Narutwadi,Indapur,Pune,18.15452,75.01086,206.74,45.53,-12.0,513.9,41.1,452.2,575.5,3.0,255.4,6.0,10.0,6.0,70.0,4.0,4.0,0.0
MH_PUNE_557083,Malwadi,Malwadi,Indapur,Pune,18.14146,75.05549,211.13,50.25,-12.0,496.2,39.7,436.7,555.8,3.0,257.1,6.0,10.0,6.0,70.0,4.0,4.0,0.0
MH_PUNE_557084,Galand Wadi No 1,Galand Wadi No 1,Indapur,Pune,18.14328,75.01714,207.17,46.2,-12.0,534.6,42.8,470.4,598.8,3.0,255.6,6.0,10.0,6.0,70.0,4.0,4.0,0.0
MH_PUNE_557096,Sardewadi,Sardewadi,Indapur,Pune,18.09507,75.08404,213.3,53.62,-12.0,503.4,40.3,442.9,563.8,3.0,258.1,6.0,10.0,6.0,70.0,4.0,4.0,0.0
MH_PUNE_557099,Tarangwadi,Tarangwadi,Indapur,Pune,18.09182,74.98404,202.79,43.19,-12.0,523.3,41.9,460.5,586.2,3.0,254.4,6.0,10.0,6.0,70.0,4.0,4.0,0.0
MH_PUNE_557103,Bedshinge,Bedshinge,Indapur,Pune,18.05892,75.05528,209.74,51.24,-12.0,513.4,41.1,451.7,575.0,3.0,257.0,6.0,10.0,6.0,70.0,4.0,4.0,0.0
MH_PUNE_557100,Zagadewadi,Zagadewadi,Indapur,Pune,18.06963,74.98702,202.75,43.94,-12.0,518.7,41.5,456.4,580.9,3.0,254.5,6.0,10.0,6.0,70.0,4.0,4.0,0.0
MH_PUNE_557102,Vadapuri,Vadapuri,Indapur,Pune,18.05339,75.01325,205.26,47.03,-12.0,516.0,41.3,454.1,578.0,3.0,255.5,6.0,10.0,6.0,70.0,4.0,4.0,0.0
MH_PUNE_557098,Gokhali,Gokhali,Indapur,Pune,18.09731,75.01447,206.06,46.29,-12.0,523.8,41.9,460.9,586.6,3.0,255.5,6.0,10.0,6.0,70.0,4.0,4.0,0.0
MH_PUNE_557104,Babhulgaon,Babhulgaon,Indapur,Pune,18.06493,75.07925,212.34,53.61,-12.0,488.6,39.1,429.9,547.2,3.0,257.9,6.0,10.0,6.0,70.0,4.0,4.0,0.0
MH_PUNE_557081,Sugaon,Sugaon,Indapur,Pune,18.14188,75.08002,213.69,52.84,-12.0,492.5,39.4,433.4,551.6,3.0,258.0,6.0,10.0,6.0,70.0,4.0,4.0,0.0
MH_PUNE_557092,Shaha,Shaha,Indapur,Pune,18.11222,75.09235,214.45,54.3,-12.0,492.5,39.4,433.4,551.6,3.0,258.4,6.0,10.0,6.0,70.0,4.0,4.0,0.0
MH_PUNE_557093,Kandalgaon,Kandalgaon,Indapur,Pune,18.10792,75.13443,218.78,58.78,-12.0,503.5,40.3,443.0,563.9,3.0,260.0,6.0,10.0,6.0,70.0,4.0,4.0,0.0
MH_PUNE_557095,Hingangaon,Hingangaon,Indapur,Pune,18.08472,75.10357,215.18,55.81,-12.0,500.5,40.0,440.5,560.5,3.0,258.8,6.0,10.0,6.0,70.0,4.0,4.0,0.0
MH_PUNE_557077,Shirsadi,Shirsadi,Indapur,Pune,18.18083,75.04497,210.82,49.24,-12.0,509.9,40.8,448.7,571.1,3.0,256.7,6.0,10.0,6.0,70.0,4.0,4.0,0.0
MH_PUNE_557078,Padasthal,Padasthal,Indapur,Pune,18.19165,75.07457,214.12,52.46,-12.0,518.4,41.5,456.2,580.7,3.0,257.8,6.0,10.0,6.0,70.0,4.0,4.0,0.0
MH_PUNE_557076,Kalthan No 1,Kalthan No 1,Indapur,Pune,18.18921,75.00356,206.71,44.96,-12.0,502.7,40.2,442.4,563.0,3.0,255.1,6.0,10.0,6.0,70.0,4.0,4.0,0.0
MH_PUNE_557080,Ajoti,Ajoti,Indapur,Pune,18.16782,75.08875,215.1,53.79,-12.0,492.5,39.4,433.4,551.6,3.0,258.3,6.0,10.0,6.0,70.0,4.0,4.0,0.0
MH_PUNE_557073,Agoti No 2,Agoti No 2,Indapur,Pune,18.22922,74.98173,205.39,43.34,-12.0,521.8,41.7,459.3,584.4,3.0,254.3,6.0,10.0,6.0,70.0,4.0,4.0,0.0
MH_PUNE_557075,Kalashi,Kalashi,Indapur,Pune,18.21917,75.00085,207.12,45.12,-12.0,507.1,40.6,446.2,568.0,3.0,255.0,6.0,10.0,6.0,70.0,4.0,4.0,0.0
MH_PUNE_557097,Galand Wadi No 2,Galand Wadi No 2,Indapur,Pune,18.08285,75.04974,209.52,50.2,-12.0,500.3,40.0,440.3,560.3,3.0,256.8,6.0,10.0,6.0,70.0,4.0,4.0,0.0
MH_PUNE_557074,Ganjewalan,Ganjewalan,Indapur,Pune,18.24674,75.02169,209.94,47.88,-12.0,518.8,41.5,456.5,581.0,3.0,255.8,6.0,10.0,6.0,70.0,4.0,4.0,0.0
MH_PUNE_557094,Taratgaon,Taratgaon,Indapur,Pune,18.08136,75.124,217.27,58.0,-12.0,492.5,39.4,433.4,551.6,3.0,259.6,6.0,10.0,6.0,70.0,4.0,4.0,0.0
MH_PUNE_557079,Takali,Takali,Indapur,Pune,18.2015,75.09781,216.74,55.0,-12.0,492.5,39.4,433.4,551.6,3.0,258.6,6.0,10.0,6.0,70.0,4.0,4.0,0.0
MH_PUNE_556100,Materewadi,Materewadi,Mulshi,Pune,18.53927,73.68184,86.29,17.76,1.7,561.7,44.9,494.4,629.1,14.0,206.2,48.0,18.0,8.0,18.0,3.0,5.0,0.0
MH_PUNE_556593,Hirpodi,Hirpodi,Velhe,Pune,18.30476,73.66402,81.91,31.82,3.4,678.6,54.3,597.2,760.1,14.0,205.6,48.0,18.0,8.0,18.0,3.0,5.0,0.0
MH_PUNE_556600,Bhatti Wagdra,Bhatti Wagdra,Velhe,Pune,18.28692,73.61874,77.05,36.41,7.7,854.5,68.4,751.9,957.1,14.0,203.9,48.0,18.0,8.0,18.0,3.0,5.0,0.0
MH_PUNE_556058,Peth Shahapur,Peth Shahapur,Mulshi,Pune,18.63499,73.39174,54.98,49.69,29.3,639.5,51.2,562.7,716.3,14.0,195.5,48.0,18.0,8.0,18.0,3.0,5.0,0.0
MH_PUNE_556188,Ugavali,Ugavali,Mulshi,Pune,18.38706,73.45935,68.21,44.16,22.9,641.3,51.3,564.3,718.2,14.0,198.0,48.0,18.0,8.0,18.0,3.0,5.0,0.0
MH_PUNE_556059,Ambavane,Ambavane,Mulshi,Pune,18.60626,73.37455,53.3,50.83,30.9,644.6,51.6,567.2,722.0,14.0,194.9,48.0,18.0,8.0,18.0,3.0,5.0,0.0
MH_PUNE_556060,Majgaon,Majgaon,Mulshi,Pune,18.59741,73.3618,52.04,52.0,32.1,703.5,56.3,619.0,787.9,14.0,194.4,48.0,18.0,8.0,18.0,3.0,5.0,0.0
MH_PUNE_556065,Saltar,Saltar,Mulshi,Pune,18.58707,73.34866,50.78,53.23,33.4,691.9,55.4,608.8,775.0,14.0,193.9,48.0,18.0,8.0,18.0,3.0,5.0,0.0
MH_PUNE_556066,Tail Baila,Tail Baila,Mulshi,Pune,18.56648,73.34197,50.41,53.71,34.0,641.1,51.3,564.2,718.1,14.0,193.7,48.0,18.0,8.0,18.0,3.0,5.0,0.0
MH_PUNE_556071,Bhambarde,Bhambarde,Mulshi,Pune,18.55779,73.38225,54.75,49.41,30.2,643.5,51.5,566.2,720.7,14.0,195.1,48.0,18.0,8.0,18.0,3.0,5.0,0.0
MH_PUNE_556072,Ekole,Ekole,Mulshi,Pune,18.53857,73.36076,52.94,51.59,32.2,694.5,55.6,611.1,777.9,14.0,194.3,48.0,18.0,8.0,18.0,3.0,5.0,0.0
MH_PUNE_556073,Ghutake,Ghutake,Mulshi,Pune,18.52116,73.3871,56.08,48.81,29.7,920.5,73.6,810.1,1030.9,14.0,195.3,48.0,18.0,8.0,18.0,3.0,5.0,0.0
MH_PUNE_556547,Chikhali Kh,Chikhali Kh,Velhe,Pune,18.34227,73.52141,74.72,40.46,17.0,700.2,56.0,616.2,784.2,14.0,200.3,48.0,18.0,8.0,18.0,3.0,5.0,0.0
MH_PUNE_555948,Kurvande,Kurvande,Mawal,Pune,18.71822,73.37373,53.77,54.38,31.0,625.1,50.0,550.1,700.1,14.0,194.8,48.0,18.0,8.0,18.0,3.0,5.0,0.0
MH_PUNE_556551,Gholapghar,Gholapghar,Velhe,Pune,18.35527,73.56143,78.48,36.11,13.2,635.0,50.8,558.8,711.2,14.0,201.8,48.0,18.0,8.0,18.0,3.0,5.0,0.0
MH_PUNE_556165,Lavharde,Lavharde,Mulshi,Pune,18.46262,73.55189,74.54,32.32,14.1,877.4,70.2,772.1,982.7,14.0,201.4,48.0,18.0,8.0,18.0,3.0,5.0,0.0
MH_PUNE_556153,Shere,Shere,Mulshi,Pune,18.51141,73.56871,75.02,29.73,12.5,754.6,60.4,664.0,845.2,14.0,202.0,48.0,18.0,8.0,18.0,3.0,5.0,0.0
MH_PUNE_556075,Pimpri,Pimpri,Mulshi,Pune,18.51089,73.41734,59.45,45.67,26.9,632.5,50.6,556.6,708.4,14.0,196.4,48.0,18.0,8.0,18.0,3.0,5.0,0.0
MH_PUNE_556181,Temghar,Temghar,Mulshi,Pune,18.43777,73.53373,73.5,34.89,15.8,919.4,73.6,809.0,1029.8,14.0,200.7,48.0,18.0,8.0,18.0,3.0,5.0,0.0
MH_PUNE_556082,Tata Talav,Tata Talav,Mulshi,Pune,18.50678,73.48546,66.54,38.52,20.4,873.4,69.9,768.5,978.2,14.0,199.0,48.0,18.0,8.0,18.0,3.0,5.0,0.0
MH_PUNE_556078,Disali,Disali,Mulshi,Pune,18.52191,73.54314,72.15,32.37,14.9,693.0,55.4,609.9,776.1,14.0,201.1,48.0,18.0,8.0,18.0,3.0,5.0,0.0
MH_PUNE_556079,Jamgaon,Jamgaon,Mulshi,Pune,18.52208,73.5588,73.77,30.71,13.4,653.0,52.2,574.7,731.3,14.0,201.7,48.0,18.0,8.0,18.0,3.0,5.0,0.0
MH_PUNE_556152,Kalamshet,Kalamshet,Mulshi,Pune,18.5191,73.59076,77.15,27.36,10.4,577.5,46.2,508.2,646.8,14.0,202.9,48.0,18.0,8.0,18.0,3.0,5.0,0.0
MH_PUNE_556588,Chapet,Chapet,Velhe,Pune,18.30423,73.62432,78.81,34.6,7.2,710.7,56.9,625.3,796.0,14.0,204.1,48.0,18.0,8.0,18.0,3.0,5.0,0.0
MH_PUNE_556086,Mulshi Kh,Mulshi Kh,Mulshi,Pune,18.50592,73.52701,70.84,34.16,16.4,633.3,50.7,557.2,709.3,14.0,200.5,48.0,18.0,8.0,18.0,3.0,5.0,0.0
MH_PUNE_556084,Vandre,Vandre,Mulshi,Pune,18.50794,73.45746,63.64,41.46,23.0,842.8,67.4,741.7,943.9,14.0,197.9,48.0,18.0,8.0,18.0,3.0,5.0,0.0
MH_PUNE_556151,Kondhawale,Kondhawale,Mulshi,Pune,18.51122,73.61091,79.4,25.3,8.5,887.0,71.0,780.5,993.5,14.0,203.6,48.0,18.0,8.0,18.0,3.0,5.0,0.0
MH_PUNE_556081,Dattawadi,Dattawadi,Mulshi,Pune,18.48402,73.53955,72.68,33.13,15.2,953.1,76.2,838.8,1067.4,14.0,201.0,48.0,18.0,8.0,18.0,3.0,5.0,0.0
MH_PUNE_556155,Andeshe,Andeshe,Mulshi,Pune,18.50401,73.59297,77.69,27.25,10.2,609.9,48.8,536.7,683.1,14.0,202.9,48.0,18.0,8.0,18.0,3.0,5.0,0.0
MH_PUNE_556154,Mandede,Mandede,Mulshi,Pune,18.48936,73.57377,76.05,29.47,12.0,732.3,58.6,644.4,820.2,14.0,202.2,48.0,18.0,8.0,18.0,3.0,5.0,0.0
MH_PUNE_556085,Nive,Nive,Mulshi,Pune,18.48939,73.4304,61.4,44.47,25.6,614.8,49.2,541.0,688.6,14.0,196.9,48.0,18.0,8.0,18.0,3.0,5.0,0.0
MH_PUNE_556156,Chinchwad,Chinchwad,Mulshi,Pune,18.49525,73.61944,80.62,24.62,7.7,881.2,70.5,775.5,987.0,14.0,203.9,48.0,18.0,8.0,18.0,3.0,5.0,0.0
MH_PUNE_556157,Khechare,Khechare,Mulshi,Pune,18.48118,73.59736,78.68,27.19,9.8,876.5,70.1,771.3,981.6,14.0,203.1,48.0,18.0,8.0,18.0,3.0,5.0,0.0
MH_PUNE_556180,Vede,Vede,Mulshi,Pune,18.44327,73.56284,76.25,31.78,13.0,816.3,65.3,718.3,914.2,14.0,201.8,48.0,18.0,8.0,18.0,3.0,5.0,0.0
MH_PUNE_556087,Warak,Warak,Mulshi,Pune,18.46567,73.48488,67.65,39.16,20.4,1063.9,85.1,936.2,1191.5,14.0,198.9,48.0,18.0,8.0,18.0,3.0,5.0,0.0
MH_PUNE_556158,Belawade,Belawade,Mulshi,Pune,18.4813,73.6235,81.36,24.49,7.3,859.6,68.8,756.4,962.8,14.0,204.1,48.0,18.0,8.0,18.0,3.0,5.0,0.0
MH_PUNE_556088,Tamhini Bk,Tamhini Bk,Mulshi,Pune,18.43968,73.42398,62.51,46.04,26.2,667.6,53.4,587.5,747.7,14.0,196.7,48.0,18.0,8.0,18.0,3.0,5.0,0.0
MH_PUNE_556164,Wegare,Wegare,Mulshi,Pune,18.45043,73.50389,70.07,37.56,18.6,852.1,68.2,749.8,954.4,14.0,199.6,48.0,18.0,8.0,18.0,3.0,5.0,0.0
MH_PUNE_556573,Givashi,Givashi,Velhe,Pune,18.33646,73.58042,78.19,35.66,11.4,755.1,60.4,664.5,845.7,14.0,202.5,48.0,18.0,8.0,18.0,3.0,5.0,0.0
MH_PUNE_556166,Kolavade,Kolavade,Mulshi,Pune,18.46186,73.57456,76.87,30.02,11.9,748.3,59.9,658.4,838.1,14.0,202.3,48.0,18.0,8.0,18.0,3.0,5.0,0.0
MH_PUNE_556168,Andgaon,Andgaon,Mulshi,Pune,18.46103,73.62111,81.64,25.33,7.5,731.8,58.5,644.0,819.5,14.0,204.0,48.0,18.0,8.0,18.0,3.0,5.0,0.0
MH_PUNE_556167,Kharavade,Kharavade,Mulshi,Pune,18.45683,73.59668,79.27,27.92,9.8,622.1,49.8,547.4,696.8,14.0,203.1,48.0,18.0,8.0,18.0,3.0,5.0,0.0
MH_PUNE_556587,Bopalghar,Bopalghar,Velhe,Pune,18.30154,73.61285,77.74,35.66,8.3,708.7,56.7,623.6,793.7,14.0,203.7,48.0,18.0,8.0,18.0,3.0,5.0,0.0
MH_PUNE_556177,Watunde,Watunde,Mulshi,Pune,18.43438,73.59347,79.63,29.07,10.1,964.0,77.1,848.3,1079.6,14.0,203.0,48.0,18.0,8.0,18.0,3.0,5.0,0.0
MH_PUNE_556178,Wanjale,Wanjale,Mulshi,Pune,18.43805,73.61043,81.23,27.26,8.5,665.5,53.2,585.7,745.3,14.0,203.6,48.0,18.0,8.0,18.0,3.0,5.0,0.0
MH_PUNE_556176,Malegaon,Malegaon,Mulshi,Pune,18.43324,73.62219,82.57,26.32,7.4,675.4,54.0,594.4,756.4,14.0,204.0,48.0,18.0,8.0,18.0,3.0,5.0,0.0
MH_PUNE_556179,Bhode,Bhode,Mulshi,Pune,18.42248,73.56214,76.88,32.63,13.1,865.8,69.3,761.8,969.7,14.0,201.8,48.0,18.0,8.0,18.0,3.0,5.0,0.0
MH_PUNE_556184,Mugaon,Mugaon,Mulshi,Pune,18.41442,73.47368,68.41,41.72,21.5,748.6,59.9,658.7,838.4,14.0,198.5,48.0,18.0,8.0,18.0,3.0,5.0,0.0
MH_PUNE_556185,Bhoini,Bhoini,Mulshi,Pune,18.41049,73.50032,71.19,39.2,19.0,770.1,61.6,677.7,862.5,14.0,199.5,48.0,18.0,8.0,18.0,3.0,5.0,0.0
MH_PUNE_556182,Dhamanohol,Dhamanohol,Mulshi,Pune,18.38847,73.44255,66.53,45.77,24.5,653.4,52.3,574.9,731.8,14.0,197.4,48.0,18.0,8.0,18.0,3.0,5.0,0.0
MH_PUNE_556186,Dasave,Dasave,Mulshi,Pune,18.41357,73.52076,73.08,37.06,17.0,811.1,64.9,713.8,908.5,14.0,200.3,48.0,18.0,8.0,18.0,3.0,5.0,0.0
MH_PUNE_556555,Saiv Bk,Saiv Bk,Velhe,Pune,18.40328,73.58776,80.12,31.04,10.7,700.0,56.0,616.0,784.0,14.0,202.7,48.0,18.0,8.0,18.0,3.0,5.0,0.0
MH_PUNE_556556,Varasgaon,Varasgaon,Velhe,Pune,18.4002,73.61026,82.48,29.12,8.5,672.8,53.8,592.1,753.5,14.0,203.6,48.0,18.0,8.0,18.0,3.0,5.0,0.0
MH_PUNE_556554,Mose Bk,Mose Bk,Velhe,Pune,18.40267,73.57331,78.71,32.44,12.0,650.6,52.0,572.6,728.6,14.0,202.2,48.0,18.0,8.0,18.0,3.0,5.0,0.0
MH_PUNE_556187,Padalghar,Padalghar,Mulshi,Pune,18.39617,73.52146,73.85,37.71,17.0,951.4,76.1,837.2,1065.5,14.0,200.3,48.0,18.0,8.0,18.0,3.0,5.0,0.0
MH_PUNE_556192,Admal,Admal,Mulshi,Pune,18.39116,73.53523,75.4,36.61,15.7,746.8,59.7,657.3,836.4,14.0,200.8,48.0,18.0,8.0,18.0,3.0,5.0,0.0
MH_PUNE_556183,Koloshi,Koloshi,Mulshi,Pune,18.39541,73.465,68.38,43.28,22.3,637.0,51.0,560.5,713.5,14.0,198.2,48.0,18.0,8.0,18.0,3.0,5.0,0.0
MH_PUNE_556193,Palase,Palase,Mulshi,Pune,18.39729,73.55342,76.95,34.59,13.9,799.9,64.0,703.9,895.9,14.0,201.5,48.0,18.0,8.0,18.0,3.0,5.0,0.0
MH_PUNE_556195,Patharshet,Patharshet,Mulshi,Pune,18.39207,73.56672,78.46,33.58,12.7,669.5,53.6,589.1,749.9,14.0,202.0,48.0,18.0,8.0,18.0,3.0,5.0,0.0
MH_PUNE_556190,Sakhari,Sakhari,Mulshi,Pune,18.38275,73.48815,71.18,41.53,20.1,889.5,71.2,782.7,996.3,14.0,199.1,48.0,18.0,8.0,18.0,3.0,5.0,0.0
MH_PUNE_556191,Wadavali,Wadavali,Mulshi,Pune,18.38259,73.5071,73.02,39.71,18.3,744.2,59.5,655.0,833.5,14.0,199.8,48.0,18.0,8.0,18.0,3.0,5.0,0.0
MH_PUNE_556189,Gadale,Gadale,Mulshi,Pune,18.3712,73.46965,69.94,43.83,21.9,884.3,70.7,778.2,990.3,14.0,198.4,48.0,18.0,8.0,18.0,3.0,5.0,0.0
MH_PUNE_556194,Bembatmal,Bembatmal,Mulshi,Pune,18.38257,73.55137,77.34,35.51,14.1,637.0,51.0,560.5,713.5,14.0,201.4,48.0,18.0,8.0,18.0,3.0,5.0,0.0
MH_PUNE_556199,Saiv Kh,Saiv Kh,Mulshi,Pune,18.38057,73.58816,81.03,32.23,10.6,771.7,61.7,679.2,864.3,14.0,202.8,48.0,18.0,8.0,18.0,3.0,5.0,0.0
MH_PUNE_556198,Mose Kh,Mose Kh,Mulshi,Pune,18.37732,73.57333,79.71,33.76,12.0,832.7,66.6,732.8,932.6,14.0,202.2,48.0,18.0,8.0,18.0,3.0,5.0,0.0
MH_PUNE_556197,Dhadawali,Dhadawali,Mulshi,Pune,18.37438,73.55856,78.38,35.28,13.4,788.3,63.1,693.7,883.0,14.0,201.7,48.0,18.0,8.0,18.0,3.0,5.0,0.0
MH_PUNE_556557,Panshet,Panshet,Velhe,Pune,18.38038,73.61101,83.3,30.2,8.5,614.9,49.2,541.1,688.7,14.0,203.6,48.0,18.0,8.0,18.0,3.0,5.0,0.0
MH_PUNE_556173,Davaje,Davaje,Mulshi,Pune,18.40212,73.66926,88.32,23.78,2.9,580.7,46.5,511.0,650.5,14.0,205.8,48.0,18.0,8.0,18.0,3.0,5.0,0.0
MH_PUNE_556196,Tav,Tav,Mulshi,Pune,18.36455,73.51184,74.29,40.13,17.9,637.0,51.0,560.5,713.5,14.0,199.9,48.0,18.0,8.0,18.0,3.0,5.0,0.0
MH_PUNE_556553,Kurvadi,Kurvadi,Velhe,Pune,18.37195,73.60323,82.75,31.41,9.2,635.0,50.8,558.8,711.2,14.0,203.3,48.0,18.0,8.0,18.0,3.0,5.0,0.0
MH_PUNE_556569,Vanjalwadi,Vanjalwadi,Velhe,Pune,18.36528,73.61816,83.24,30.55,7.8,642.9,51.4,565.8,720.0,14.0,203.9,48.0,18.0,8.0,18.0,3.0,5.0,0.0
MH_PUNE_556571,Vadghar,Vadghar,Velhe,Pune,18.35139,73.60774,81.36,32.37,8.8,829.7,66.4,730.1,929.3,14.0,203.5,48.0,18.0,8.0,18.0,3.0,5.0,0.0
MH_PUNE_556542,Dapsare,Dapsare,Velhe,Pune,18.34722,73.4488,69.18,46.95,23.9,773.8,61.9,681.0,866.7,14.0,197.6,48.0,18.0,8.0,18.0,3.0,5.0,0.0
MH_PUNE_556550,Kambegi,Kambegi,Velhe,Pune,18.35602,73.54969,77.76,37.12,14.3,664.9,53.2,585.1,744.7,14.0,201.3,48.0,18.0,8.0,18.0,3.0,5.0,0.0
MH_PUNE_556549,Koshimghar,Koshimghar,Velhe,Pune,18.34887,73.54139,76.6,38.28,15.1,641.9,51.4,564.8,719.0,14.0,201.0,48.0,18.0,8.0,18.0,3.0,5.0,0.0
MH_PUNE_556548,Balvadi,Balvadi,Velhe,Pune,18.34649,73.53138,75.73,39.32,16.0,707.0,56.6,622.1,791.9,14.0,200.7,48.0,18.0,8.0,18.0,3.0,5.0,0.0
MH_PUNE_556543,Kurtavadi,Kurtavadi,Velhe,Pune,18.34222,73.46819,71.24,45.37,22.0,837.8,67.0,737.3,938.3,14.0,198.3,48.0,18.0,8.0,18.0,3.0,5.0,0.0
MH_PUNE_556546,Kasedi,Kasedi,Velhe,Pune,18.3445,73.50949,74.15,41.42,18.1,764.8,61.2,673.0,856.6,14.0,199.9,48.0,18.0,8.0,18.0,3.0,5.0,0.0
MH_PUNE_556572,Ambegaon Bk,Ambegaon Bk,Velhe,Pune,18.34507,73.59154,79.69,34.15,10.3,671.7,53.7,591.1,752.2,14.0,202.9,48.0,18.0,8.0,18.0,3.0,5.0,0.0
MH_PUNE_556544,Gondekhal,Gondekhal,Velhe,Pune,18.34179,73.48427,72.34,43.89,20.5,863.1,69.0,759.6,966.6,14.0,198.9,48.0,18.0,8.0,18.0,3.0,5.0,0.0
MH_PUNE_556545,Ghodkhal,Ghodkhal,Velhe,Pune,18.33282,73.49548,72.23,43.35,19.4,635.0,50.8,558.8,711.2,14.0,199.3,48.0,18.0,8.0,18.0,3.0,5.0,0.0
MH_PUNE_556575,Ghodshet,Ghodshet,Velhe,Pune,18.33411,73.55156,76.01,38.28,14.1,799.6,64.0,703.6,895.6,14.0,201.4,48.0,18.0,8.0,18.0,3.0,5.0,0.0
MH_PUNE_556574,Shirkoli,Shirkoli,Velhe,Pune,18.32722,73.5675,76.52,37.37,12.6,743.1,59.4,654.0,832.2,14.0,202.0,48.0,18.0,8.0,18.0,3.0,5.0,0.0
MH_PUNE_556578,Mangaon,Mangaon,Velhe,Pune,18.31287,73.50336,70.97,43.82,18.7,690.4,55.2,607.6,773.2,14.0,199.6,48.0,18.0,8.0,18.0,3.0,5.0,0.0
MH_PUNE_556580,Ghol,Ghol,Velhe,Pune,18.32132,73.4354,67.57,49.51,25.1,728.3,58.3,640.8,815.7,14.0,197.1,48.0,18.0,8.0,18.0,3.0,5.0,0.0
MH_PUNE_556579,Tekpole,Tekpole,Velhe,Pune,18.31605,73.46606,68.9,46.97,22.2,816.4,65.3,718.4,914.3,14.0,198.2,48.0,18.0,8.0,18.0,3.0,5.0,0.0
MH_PUNE_556576,Thangaon,Thangaon,Velhe,Pune,18.32458,73.54104,74.48,39.8,15.1,877.7,70.2,772.4,983.0,14.0,201.0,48.0,18.0,8.0,18.0,3.0,5.0,0.0
MH_PUNE_556577,Pole,Pole,Velhe,Pune,18.31371,73.52653,72.57,41.75,16.5,783.6,62.7,689.6,877.7,14.0,200.5,48.0,18.0,8.0,18.0,3.0,5.0,0.0
MH_PUNE_556581,Khanu,Khanu,Velhe,Pune,18.2918,73.48498,67.93,46.74,20.4,775.4,62.0,682.4,868.4,14.0,198.9,48.0,18.0,8.0,18.0,3.0,5.0,0.0
MH_PUNE_556585,Nivi,Nivi,Velhe,Pune,18.3021,73.58007,75.35,38.12,11.4,852.9,68.2,750.6,955.2,14.0,202.5,48.0,18.0,8.0,18.0,3.0,5.0,0.0
MH_PUNE_556584,Ghisar,Ghisar,Velhe,Pune,18.29342,73.55192,72.62,41.0,14.1,840.4,67.2,739.6,941.2,14.0,201.4,48.0,18.0,8.0,18.0,3.0,5.0,0.0
MH_PUNE_556586,Kanand,Kanand,Velhe,Pune,18.29573,73.60595,76.76,36.63,8.9,706.0,56.5,621.2,790.8,14.0,203.4,48.0,18.0,8.0,18.0,3.0,5.0,0.0
MH_PUNE_556080,Male,Male,Mulshi,Pune,18.49435,73.54491,72.96,32.41,14.7,994.7,79.6,875.3,1114.1,14.0,201.2,48.0,18.0,8.0,18.0,3.0,5.0,0.0
MH_PUNE_556552,Ambegaon Kh,Ambegaon Kh,Velhe,Pune,18.36251,73.57744,80.18,34.26,11.6,679.9,54.4,598.3,761.5,14.0,202.4,48.0,18.0,8.0,18.0,3.0,5.0,0.0
MH_PUNE_556280,Arvi,Arvi,Haveli,Pune,18.37149,73.81484,98.83,18.01,-2.1,838.5,67.1,737.8,939.1,3.0,211.1,12.0,14.0,8.0,48.0,14.0,4.0,0.0
MH_PUNE_556262,Sangarun,Sangarun,Haveli,Pune,18.40003,73.69017,90.5,22.2,0.9,677.5,54.2,596.2,758.8,14.0,206.5,12.0,14.0,8.0,48.0,14.0,4.0,0.0
MH_PUNE_556299,Mangadewadi,Mangadewadi,Haveli,Pune,18.40208,73.83959,103.01,14.27,-2.5,904.3,72.3,795.8,1012.7,3.0,212.1,12.0,14.0,8.0,48.0,14.0,4.0,0.0
MH_PUNE_556258,Gorhe Kh,Gorhe Kh,Haveli,Pune,18.40228,73.75809,96.56,17.2,-1.0,728.5,58.3,641.1,816.0,3.0,209.0,12.0,14.0,8.0,48.0,14.0,4.0,0.0
MH_PUNE_556260,Mandvi Kh,Mandvi Kh,Haveli,Pune,18.40289,73.71904,93.32,19.76,-0.3,580.0,46.4,510.4,649.6,3.0,207.6,12.0,14.0,8.0,48.0,14.0,4.0,0.0
MH_PUNE_556257,Donje,Donje,Haveli,Pune,18.39163,73.78755,98.07,16.74,-1.6,835.2,66.8,735.0,935.4,3.0,210.1,12.0,14.0,8.0,48.0,14.0,4.0,0.0
MH_PUNE_556558,Kuran Bk,Kuran Bk,Velhe,Pune,18.39001,73.64174,85.99,26.92,5.5,591.3,47.3,520.4,662.3,14.0,204.7,48.0,18.0,8.0,18.0,3.0,5.0,0.0
MH_PUNE_556278,Sanas Nagar,Sanas Nagar,Haveli,Pune,18.39069,73.81401,100.12,15.95,-2.1,969.8,77.6,853.4,1086.2,3.0,211.1,12.0,14.0,8.0,48.0,14.0,4.0,0.0
MH_PUNE_556273,Jambhali,Jambhali,Haveli,Pune,18.38864,73.6627,88.13,25.25,3.5,580.0,46.4,510.4,649.6,14.0,205.5,12.0,14.0,8.0,48.0,14.0,4.0,0.0
MH_PUNE_556265,Manerwadi,Manerwadi,Haveli,Pune,18.3931,73.73793,94.31,19.27,-0.7,651.0,52.1,572.8,729.1,3.0,208.3,12.0,14.0,8.0,48.0,14.0,4.0,0.0
MH_PUNE_556268,Mordhari,Mordhari,Haveli,Pune,18.3712,73.76545,94.82,19.78,-1.2,819.1,65.5,720.8,917.3,3.0,209.3,12.0,14.0,8.0,48.0,14.0,4.0,0.0
MH_PUNE_556263,Malkhed,Malkhed,Haveli,Pune,18.38905,73.71656,92.36,21.07,-0.3,705.9,56.5,621.2,790.7,3.0,207.5,12.0,14.0,8.0,48.0,14.0,4.0,0.0
MH_PUNE_556272,Sonapur,Sonapur,Haveli,Pune,18.3805,73.68256,89.14,24.25,1.7,701.2,56.1,617.0,785.3,14.0,206.3,12.0,14.0,8.0,48.0,14.0,4.0,0.0
MH_PUNE_556631,Lashirgaon,Lashirgaon,Velhe,Pune,18.31154,73.70486,85.65,28.72,-0.1,742.0,59.4,652.9,831.1,3.0,207.1,48.0,18.0,8.0,18.0,3.0,5.0,0.0
MH_PUNE_556676,Ranje,Ranje,Bhor,Pune,18.33164,73.82874,97.28,22.17,-2.3,759.2,60.7,668.2,850.3,3.0,211.7,48.0,18.0,8.0,18.0,3.0,5.0,0.0
MH_PUNE_556595,Dapode,Dapode,Velhe,Pune,18.31487,73.69078,84.77,29.23,0.9,729.0,58.3,641.5,816.4,14.0,206.6,48.0,18.0,8.0,18.0,3.0,5.0,0.0
MH_PUNE_556200,Chikhali Bk,Chikhali Bk,Mulshi,Pune,18.39332,73.62859,84.56,27.86,6.8,636.9,51.0,560.4,713.4,14.0,204.3,48.0,18.0,8.0,18.0,3.0,5.0,0.0
MH_PUNE_556271,Wardade,Wardade,Haveli,Pune,18.37207,73.71311,90.8,22.73,-0.2,624.4,50.0,549.4,699.4,3.0,207.4,12.0,14.0,8.0,48.0,14.0,4.0,0.0
MH_PUNE_556266,Sambarewadi,Sambarewadi,Haveli,Pune,18.38658,73.74713,94.52,19.29,-0.8,677.2,54.2,595.9,758.5,3.0,208.6,12.0,14.0,8.0,48.0,14.0,4.0,0.0
MH_PUNE_556672,Sasewadi,Sasewadi,Bhor,Pune,18.37651,73.83986,101.24,17.1,-2.5,905.1,72.4,796.5,1013.7,3.0,212.1,48.0,18.0,8.0,18.0,3.0,5.0,0.0
MH_PUNE_556561,Osade,Osade,Velhe,Pune,18.37734,73.69217,89.61,23.78,0.7,660.0,52.8,580.8,739.2,14.0,206.6,48.0,18.0,8.0,18.0,3.0,5.0,0.0
MH_PUNE_556562,Nigade Mose,Nigade Mose,Velhe,Pune,18.37203,73.69769,89.62,23.8,0.2,649.7,52.0,571.7,727.7,14.0,206.8,48.0,18.0,8.0,18.0,3.0,5.0,0.0
MH_PUNE_556567,Rule,Rule,Velhe,Pune,18.3607,73.66766,86.47,26.91,3.1,970.9,77.7,854.3,1087.4,14.0,205.7,48.0,18.0,8.0,18.0,3.0,5.0,0.0
MH_PUNE_556205,Pimpale Saudagar,Pimpale Saudagar,Haveli,Pune,18.5824,73.81289,99.57,7.02,-2.0,565.9,45.3,498.0,633.9,3.0,211.1,12.0,14.0,8.0,48.0,14.0,4.0,0.0
MH_PUNE_556560,Ranvadi,Ranvadi,Velhe,Pune,18.37494,73.65207,86.46,27.08,4.6,634.9,50.8,558.7,711.1,14.0,205.1,48.0,18.0,8.0,18.0,3.0,5.0,0.0
MH_PUNE_556559,Kuran Kh,Kuran Kh,Velhe,Pune,18.37288,73.63371,84.97,28.74,6.3,647.8,51.8,570.1,725.5,14.0,204.4,48.0,18.0,8.0,18.0,3.0,5.0,0.0
MH_PUNE_556284,Gaud Dara,Gaud Dara,Haveli,Pune,18.35794,73.83227,99.34,19.22,-2.4,791.3,63.3,696.3,886.2,3.0,211.8,12.0,14.0,8.0,48.0,14.0,4.0,0.0
MH_PUNE_556270,Bhagatwadi,Bhagatwadi,Haveli,Pune,18.36493,73.72745,91.36,22.45,-0.5,679.5,54.4,597.9,761.1,3.0,207.9,12.0,14.0,8.0,48.0,14.0,4.0,0.0
MH_PUNE_556566,Ambed,Ambed,Velhe,Pune,18.35635,73.68602,87.52,25.92,1.3,729.9,58.4,642.3,817.5,14.0,206.4,48.0,18.0,8.0,18.0,3.0,5.0,0.0
MH_PUNE_556568,Kadave,Kadave,Velhe,Pune,18.34626,73.6279,82.39,31.09,6.8,826.8,66.1,727.6,925.9,14.0,204.2,48.0,18.0,8.0,18.0,3.0,5.0,0.0
MH_PUNE_556565,Khamgaon,Khamgaon,Velhe,Pune,18.34693,73.69112,87.19,26.37,0.8,720.5,57.6,634.1,806.9,14.0,206.6,48.0,18.0,8.0,18.0,3.0,5.0,0.0
MH_PUNE_556564,Ranjane,Ranjane,Velhe,Pune,18.3412,73.70297,87.68,26.1,-0.1,725.6,58.1,638.5,812.8,3.0,207.0,48.0,18.0,8.0,18.0,3.0,5.0,0.0
MH_PUNE_556269,Thoptewadi,Thoptewadi,Haveli,Pune,18.36251,73.76211,93.92,20.8,-1.1,1094.1,87.5,962.9,1225.4,3.0,209.2,12.0,14.0,8.0,48.0,14.0,4.0,0.0
MH_PUNE_556563,Kondgaon,Kondgaon,Velhe,Pune,18.36014,73.71172,89.78,23.86,-0.2,668.6,53.5,588.4,748.9,3.0,207.3,48.0,18.0,8.0,18.0,3.0,5.0,0.0
MH_PUNE_556275,Khamgaon Mawal,Khamgaon Mawal,Haveli,Pune,18.35497,73.72814,90.68,23.32,-0.5,716.1,57.3,630.2,802.1,3.0,207.9,12.0,14.0,8.0,48.0,14.0,4.0,0.0
MH_PUNE_556283,Tanaji Nagar,Tanaji Nagar,Haveli,Pune,18.35513,73.81417,97.64,19.81,-2.1,802.1,64.2,705.8,898.4,3.0,211.1,12.0,14.0,8.0,48.0,14.0,4.0,0.0
MH_PUNE_556282,Awasare Nagar,Awasare Nagar,Haveli,Pune,18.35348,73.79753,96.15,20.39,-1.8,821.7,65.7,723.1,920.2,3.0,210.5,12.0,14.0,8.0,48.0,14.0,4.0,0.0
MH_PUNE_556281,Kalyan,Kalyan,Haveli,Pune,18.35099,73.77535,94.16,21.41,-1.4,928.3,74.3,816.8,1039.7,3.0,209.7,12.0,14.0,8.0,48.0,14.0,4.0,0.0
MH_PUNE_556286,Kondhanpur,Kondhanpur,Haveli,Pune,18.34515,73.79536,95.4,21.35,-1.7,805.1,64.4,708.5,901.7,3.0,210.4,12.0,14.0,8.0,48.0,14.0,4.0,0.0
MH_PUNE_556276,Mogarwadi,Mogarwadi,Haveli,Pune,18.33816,73.7316,89.72,24.72,-0.6,1041.6,83.3,916.6,1166.5,3.0,208.1,12.0,14.0,8.0,48.0,14.0,4.0,0.0
MH_PUNE_556289,Shiwapur,Shiwapur,Haveli,Pune,18.33904,73.83553,98.34,21.29,-2.4,746.6,59.7,657.0,836.1,3.0,211.9,12.0,14.0,8.0,48.0,14.0,4.0,0.0
MH_PUNE_556288,Rahatwade,Rahatwade,Haveli,Pune,18.33407,73.79903,94.94,22.44,-1.8,822.4,65.8,723.7,921.1,3.0,210.6,12.0,14.0,8.0,48.0,14.0,4.0,0.0
MH_PUNE_556594,Pabe,Pabe,Velhe,Pune,18.32,73.66847,83.4,30.2,3.0,723.8,57.9,637.0,810.7,14.0,205.7,48.0,18.0,8.0,18.0,3.0,5.0,0.0
MH_PUNE_556589,Vihir,Vihir,Velhe,Pune,18.32329,73.62979,80.71,32.68,6.7,821.4,65.7,722.8,919.9,14.0,204.3,48.0,18.0,8.0,18.0,3.0,5.0,0.0
MH_PUNE_556590,Dhanep,Dhanep,Velhe,Pune,18.32065,73.6438,81.56,31.86,5.3,929.9,74.4,818.3,1041.5,14.0,204.8,48.0,18.0,8.0,18.0,3.0,5.0,0.0
MH_PUNE_556677,Kusagaon,Kusagaon,Bhor,Pune,18.3195,73.8189,95.64,23.64,-2.1,829.6,66.4,730.0,929.2,3.0,211.3,48.0,18.0,8.0,18.0,3.0,5.0,0.0
MH_PUNE_556633,Vinzar,Vinzar,Velhe,Pune,18.30824,73.73248,87.65,27.6,-0.6,860.9,68.9,757.6,964.3,3.0,208.1,48.0,18.0,8.0,18.0,3.0,5.0,0.0
MH_PUNE_556635,Wanganichi Wadi,Wanganichi Wadi,Velhe,Pune,18.32204,73.76734,91.48,24.71,-1.2,838.3,67.1,737.6,938.9,3.0,209.4,48.0,18.0,8.0,18.0,3.0,5.0,0.0
MH_PUNE_556636,Wangani,Wangani,Velhe,Pune,18.31158,73.7824,92.02,25.31,-1.5,789.5,63.2,694.7,884.3,3.0,209.9,48.0,18.0,8.0,18.0,3.0,5.0,0.0
MH_PUNE_556632,Malavali,Malavali,Velhe,Pune,18.30442,73.71308,85.8,28.95,-0.2,782.1,62.6,688.2,876.0,3.0,207.4,48.0,18.0,8.0,18.0,3.0,5.0,0.0
MH_PUNE_556592,Kondhavale Bk,Kondhavale Bk,Velhe,Pune,18.3062,73.65668,81.44,32.18,4.1,695.8,55.7,612.3,779.4,14.0,205.3,48.0,18.0,8.0,18.0,3.0,5.0,0.0
MH_PUNE_556634,Kolavadi,Kolavadi,Velhe,Pune,18.29685,73.75149,88.44,27.93,-0.9,833.1,66.6,733.2,933.0,3.0,208.8,48.0,18.0,8.0,18.0,3.0,5.0,0.0
MH_PUNE_556591,Kondhavale Kh,Kondhavale Kh,Velhe,Pune,18.30628,73.65067,80.98,32.57,4.7,721.1,57.7,634.5,807.6,14.0,205.1,48.0,18.0,8.0,18.0,3.0,5.0,0.0
MH_PUNE_556287,Mordari,Mordari,Haveli,Pune,18.33687,73.76309,92.17,23.35,-1.1,960.7,76.9,845.3,1076.0,3.0,209.2,12.0,14.0,8.0,48.0,14.0,4.0,0.0
MH_PUNE_556678,Khopi,Khopi,Bhor,Pune,18.31115,73.84181,97.07,24.35,-2.6,738.5,59.1,649.8,827.1,3.0,212.1,48.0,18.0,8.0,18.0,3.0,5.0,0.0
MH_PUNE_556640,Katavadi,Katavadi,Velhe,Pune,18.30122,73.76483,89.85,26.98,-1.2,754.4,60.4,663.8,845.0,3.0,209.3,48.0,18.0,8.0,18.0,3.0,5.0,0.0
MH_PUNE_556599,Velhe Bk,Velhe Bk,Velhe,Pune,18.29649,73.63567,79.08,34.43,6.1,724.0,57.9,637.2,810.9,14.0,204.5,48.0,18.0,8.0,18.0,3.0,5.0,0.0
MH_PUNE_556637,Boravale,Boravale,Velhe,Pune,18.2978,73.79854,92.48,26.38,-1.8,828.9,66.3,729.5,928.4,3.0,210.5,48.0,18.0,8.0,18.0,3.0,5.0,0.0
MH_PUNE_556684,Parwadi,Parwadi,Bhor,Pune,18.29443,73.81464,93.65,26.46,-2.1,740.5,59.2,651.7,829.3,3.0,211.1,48.0,18.0,8.0,18.0,3.0,5.0,0.0
MH_PUNE_556638,Nigde Bk,Nigde Bk,Velhe,Pune,18.2946,73.79148,91.67,26.89,-1.6,721.0,57.7,634.4,807.5,3.0,210.3,48.0,18.0,8.0,18.0,3.0,5.0,0.0
MH_PUNE_556597,Brahmanghar,Brahmanghar,Velhe,Pune,18.2895,73.66285,80.69,33.24,3.5,842.6,67.4,741.5,943.7,14.0,205.5,48.0,18.0,8.0,18.0,3.0,5.0,0.0
MH_PUNE_555995,Brahmanwadi,Brahmanwadi,Mawal,Pune,18.71657,73.58566,75.87,34.73,10.9,783.4,62.7,689.4,877.5,14.0,202.7,48.0,18.0,8.0,18.0,3.0,5.0,0.0
MH_PUNE_556639,Mangdari,Mangdari,Velhe,Pune,18.29015,73.78126,90.51,27.64,-1.5,704.3,56.3,619.8,788.7,3.0,209.9,48.0,18.0,8.0,18.0,3.0,5.0,0.0
MH_PUNE_556596,Khodad,Khodad,Velhe,Pune,18.28818,73.67202,81.32,32.8,2.7,731.2,58.5,643.4,818.9,14.0,205.9,48.0,18.0,8.0,18.0,3.0,5.0,0.0
MH_PUNE_556598,Velhe Bk Ghera,Velhe Bk Ghera,Velhe,Pune,18.28993,73.6564,80.21,33.61,4.1,799.8,64.0,703.8,895.8,14.0,205.3,48.0,18.0,8.0,18.0,3.0,5.0,0.0
MH_PUNE_556629,Khariv,Khariv,Velhe,Pune,18.29099,73.68517,82.58,31.76,1.4,701.2,56.1,617.0,785.3,14.0,206.4,48.0,18.0,8.0,18.0,3.0,5.0,0.0
MH_PUNE_556628,Antroli,Antroli,Velhe,Pune,18.31457,73.61269,78.75,34.65,8.3,730.0,58.4,642.4,817.6,14.0,203.7,48.0,18.0,8.0,18.0,3.0,5.0,0.0
MH_PUNE_556267,Ghera Sinhagad,Ghera Sinhagad,Haveli,Pune,18.37236,73.75914,94.4,19.98,-1.1,1011.2,80.9,889.8,1132.5,3.0,209.1,12.0,14.0,8.0,48.0,14.0,4.0,0.0
MH_PUNE_556264,Khanapur,Khanapur,Haveli,Pune,18.39457,73.74017,94.59,19.0,-0.7,685.9,54.9,603.5,768.2,3.0,208.4,12.0,14.0,8.0,48.0,14.0,4.0,0.0
MH_PUNE_556274,Ambee,Ambee,Haveli,Pune,18.3532,73.64713,84.36,29.06,5.0,854.7,68.4,752.1,957.3,14.0,204.9,12.0,14.0,8.0,48.0,14.0,4.0,0.0
MH_PUNE_556570,Dhindali,Dhindali,Velhe,Pune,18.36977,73.62718,84.25,29.49,6.9,726.0,58.1,638.9,813.2,14.0,204.2,48.0,18.0,8.0,18.0,3.0,5.0,0.0
MH_PUNE_556172,Katavadi,Katavadi,Mulshi,Pune,18.41568,73.68533,89.51,21.52,1.4,864.8,69.2,761.0,968.6,14.0,206.4,48.0,18.0,8.0,18.0,3.0,5.0,0.0
MH_PUNE_556641,Khambavadi,Khambavadi,Velhe,Pune,18.28888,73.7363,86.63,29.37,-0.7,693.3,55.5,610.0,776.5,3.0,208.2,48.0,18.0,8.0,18.0,3.0,5.0,0.0
MH_PUNE_556613,Velhe Kh Ghera,Velhe Kh Ghera,Velhe,Pune,18.29049,73.64801,79.59,34.11,4.9,768.9,61.5,676.7,861.2,14.0,205.0,48.0,18.0,8.0,18.0,3.0,5.0,0.0
MH_PUNE_556132,Dakhane,Dakhane,Mulshi,Pune,18.50894,73.66653,85.21,19.49,3.2,606.0,48.5,533.3,678.8,14.0,205.7,48.0,18.0,8.0,18.0,3.0,5.0,0.0
MH_PUNE_556133,Chale,Chale,Mulshi,Pune,18.51124,73.64831,83.28,21.37,4.9,678.6,54.3,597.2,760.1,14.0,205.0,48.0,18.0,8.0,18.0,3.0,5.0,0.0
MH_PUNE_556261,Mandvi Bk,Mandvi Bk,Haveli,Pune,18.40556,73.7056,91.88,20.58,-0.1,594.8,47.6,523.4,666.2,3.0,207.1,12.0,14.0,8.0,48.0,14.0,4.0,0.0
MH_PUNE_556125,Marunji,Marunji,Mulshi,Pune,18.51773,73.72953,91.61,12.77,-0.5,663.7,53.1,584.0,743.3,3.0,208.0,48.0,18.0,8.0,18.0,3.0,5.0,0.0
MH_PUNE_556148,Paud,Paud,Mulshi,Pune,18.51929,73.63242,81.47,22.97,6.4,619.7,49.6,545.3,694.1,14.0,204.4,48.0,18.0,8.0,18.0,3.0,5.0,0.0
MH_PUNE_556131,Kule,Kule,Mulshi,Pune,18.51981,73.69461,87.93,16.42,0.5,573.5,45.9,504.7,642.4,14.0,206.7,48.0,18.0,8.0,18.0,3.0,5.0,0.0
MH_PUNE_556149,Kasar Amboli,Kasar Amboli,Mulshi,Pune,18.49858,73.68152,86.97,18.1,1.8,594.9,47.6,523.5,666.3,14.0,206.2,48.0,18.0,8.0,18.0,3.0,5.0,0.0
MH_PUNE_556126,Mulkhed,Mulkhed,Mulshi,Pune,18.4792,73.7359,93.01,13.29,-0.6,728.5,58.3,641.0,815.9,3.0,208.2,48.0,18.0,8.0,18.0,3.0,5.0,0.0
MH_PUNE_556160,Uravade,Uravade,Mulshi,Pune,18.46847,73.68225,87.72,18.97,1.7,703.1,56.2,618.8,787.4,14.0,206.2,48.0,18.0,8.0,18.0,3.0,5.0,0.0
MH_PUNE_556163,Ambegaon,Ambegaon,Mulshi,Pune,18.47386,73.64919,84.19,22.08,4.8,699.6,56.0,615.6,783.6,14.0,205.0,48.0,18.0,8.0,18.0,3.0,5.0,0.0
MH_PUNE_556159,Maranewadi,Maranewadi,Mulshi,Pune,18.47858,73.66615,85.82,20.21,3.2,644.4,51.5,567.1,721.6,14.0,205.6,48.0,18.0,8.0,18.0,3.0,5.0,0.0
MH_PUNE_556161,Mukaiwadi,Mukaiwadi,Mulshi,Pune,18.47315,73.71026,90.5,16.03,-0.2,767.5,61.4,675.4,859.6,3.0,207.3,48.0,18.0,8.0,18.0,3.0,5.0,0.0
MH_PUNE_556239,Kirkitwadi,Kirkitwadi,Haveli,Pune,18.42852,73.80026,100.85,12.44,-1.8,642.8,51.4,565.7,719.9,3.0,210.6,12.0,14.0,8.0,48.0,14.0,4.0,0.0
MH_PUNE_556162,Botarwadi,Botarwadi,Mulshi,Pune,18.46691,73.6963,89.21,17.66,0.4,879.1,70.3,773.7,984.6,14.0,206.8,48.0,18.0,8.0,18.0,3.0,5.0,0.0
MH_PUNE_556170,Bharekarwadi,Bharekarwadi,Mulshi,Pune,18.45599,73.66346,86.11,21.32,3.5,968.9,77.5,852.7,1085.2,14.0,205.5,48.0,18.0,8.0,18.0,3.0,5.0,0.0
MH_PUNE_556252,Mokarwadi,Mokarwadi,Haveli,Pune,18.45202,73.70551,90.53,17.53,-0.1,746.2,59.7,656.6,835.7,3.0,207.1,12.0,14.0,8.0,48.0,14.0,4.0,0.0
MH_PUNE_556171,Morewadi,Morewadi,Mulshi,Pune,18.45575,73.64817,84.55,22.83,4.9,694.8,55.6,611.4,778.2,14.0,205.0,48.0,18.0,8.0,18.0,3.0,5.0,0.0
MH_PUNE_556253,Bahuli,Bahuli,Haveli,Pune,18.43379,73.6731,87.72,21.51,2.6,698.7,55.9,614.9,782.6,14.0,205.9,12.0,14.0,8.0,48.0,14.0,4.0,0.0
MH_PUNE_556254,Agalambe,Agalambe,Haveli,Pune,18.42977,73.7129,91.89,18.26,-0.2,663.7,53.1,584.1,743.4,3.0,207.4,12.0,14.0,8.0,48.0,14.0,4.0,0.0
MH_PUNE_556175,Jatede,Jatede,Mulshi,Pune,18.42893,73.63656,84.16,25.16,6.0,624.9,50.0,549.9,699.9,14.0,204.6,48.0,18.0,8.0,18.0,3.0,5.0,0.0
MH_PUNE_556255,Kudaje,Kudaje,Haveli,Pune,18.42581,73.7427,95.04,16.19,-0.8,580.0,46.4,510.4,649.6,3.0,208.5,12.0,14.0,8.0,48.0,14.0,4.0,0.0
MH_PUNE_556174,Kondhur,Kondhur,Mulshi,Pune,18.41426,73.64621,85.6,25.05,5.1,819.8,65.6,721.4,918.2,14.0,204.9,48.0,18.0,8.0,18.0,3.0,5.0,0.0
MH_PUNE_556256,Gorhe Bk,Gorhe Bk,Haveli,Pune,18.41332,73.76768,97.94,15.61,-1.2,623.8,49.9,548.9,698.6,3.0,209.4,12.0,14.0,8.0,48.0,14.0,4.0,0.0
MH_PUNE_556259,Khadakwadi,Khadakwadi,Haveli,Pune,18.41193,73.72742,93.89,18.43,-0.5,581.1,46.5,511.3,650.8,3.0,207.9,12.0,14.0,8.0,48.0,14.0,4.0,0.0
MH_PUNE_556277,Nandoshi,Nandoshi,Haveli,Pune,18.40632,73.804,100.45,14.58,-1.9,687.8,55.0,605.3,770.3,3.0,210.7,12.0,14.0,8.0,48.0,14.0,4.0,0.0
MH_PUNE_556248,Sunarwadi,Sunarwadi,Haveli,Pune,18.51733,73.76676,95.5,8.89,-1.2,636.9,50.9,560.5,713.2,3.0,209.4,12.0,14.0,8.0,48.0,14.0,4.0,0.0
MH_PUNE_556124,Bavadhan Bk,Bavadhan Bk,Mulshi,Pune,18.5081,73.77766,96.79,8.01,-1.4,648.8,51.9,570.9,726.6,3.0,209.8,48.0,18.0,8.0,18.0,3.0,5.0,0.0
MH_PUNE_556240,Dhayari,Dhayari,Haveli,Pune,18.42646,73.81844,102.77,11.98,-2.1,720.1,57.6,633.7,806.5,3.0,211.3,12.0,14.0,8.0,48.0,14.0,4.0,0.0
MH_PUNE_556247,Kopare,Kopare,Haveli,Pune,18.43522,73.76194,96.75,14.05,-1.1,580.0,46.4,510.4,649.6,3.0,209.2,12.0,14.0,8.0,48.0,14.0,4.0,0.0
MH_PUNE_556236,Kondhave Dhavade,Kondhave Dhavade,Haveli,Pune,18.45836,73.76035,96.01,12.36,-1.1,579.6,46.4,510.0,649.2,3.0,209.1,12.0,14.0,8.0,48.0,14.0,4.0,0.0
MH_PUNE_556235,Shivane,Shivane,Haveli,Pune,18.46356,73.78586,98.52,10.02,-1.5,555.1,44.4,488.5,621.7,3.0,210.1,12.0,14.0,8.0,48.0,14.0,4.0,0.0
MH_PUNE_556242,Ambegaon,Ambegaon,Haveli,Pune,18.44738,73.84502,105.0,9.2,-2.6,644.7,51.6,567.3,722.1,3.0,212.3,12.0,14.0,8.0,48.0,14.0,4.0,0.0
MH_PUNE_556241,Nahre,Nahre,Haveli,Pune,18.43766,73.83187,103.87,10.44,-2.4,673.3,53.9,592.5,754.2,3.0,211.8,12.0,14.0,8.0,48.0,14.0,4.0,0.0
MH_PUNE_556246,Khadakwasala,Khadakwasala,Haveli,Pune,18.42826,73.78521,99.32,13.22,-1.5,621.0,49.7,546.5,695.6,3.0,210.1,12.0,14.0,8.0,48.0,14.0,4.0,0.0
MH_PUNE_556243,Ambegaon Kh,Ambegaon Kh,Haveli,Pune,18.42544,73.84793,105.35,11.63,-2.7,707.9,56.6,623.0,792.8,3.0,212.4,12.0,14.0,8.0,48.0,14.0,4.0,0.0
MH_PUNE_556150,Vitthalwadi,Vitthalwadi,Mulshi,Pune,18.49211,73.70806,89.86,15.55,-0.1,681.8,54.5,600.1,763.6,3.0,207.2,48.0,18.0,8.0,18.0,3.0,5.0,0.0
MH_PUNE_556022,Chavsar,Chavsar,Mawal,Pune,18.63235,73.47314,63.56,41.32,21.6,662.4,53.0,582.9,741.9,14.0,198.5,48.0,18.0,8.0,18.0,3.0,5.0,0.0
MH_PUNE_556251,Khadewadi,Khadewadi,Haveli,Pune,18.45201,73.70892,90.88,17.22,-0.2,699.9,56.0,615.9,783.9,3.0,207.2,12.0,14.0,8.0,48.0,14.0,4.0,0.0
MH_PUNE_556250,Wanjalewadi,Wanjalewadi,Haveli,Pune,18.44156,73.72729,93.03,16.25,-0.5,688.1,55.1,605.5,770.8,3.0,207.9,12.0,14.0,8.0,48.0,14.0,4.0,0.0
MH_PUNE_556020,Gevhande Khadak,Gevhande Khadak,Mawal,Pune,18.63104,73.50404,66.81,38.16,18.6,731.8,58.5,644.0,819.5,14.0,199.6,48.0,18.0,8.0,18.0,3.0,5.0,0.0
MH_PUNE_556249,Ahire,Ahire,Haveli,Pune,18.44956,73.73456,93.57,15.11,-0.6,674.1,53.9,593.2,754.9,3.0,208.2,12.0,14.0,8.0,48.0,14.0,4.0,0.0
MH_PUNE_556237,Nanded,Nanded,Haveli,Pune,18.4527,73.80865,101.12,9.64,-2.0,576.4,46.1,507.3,645.6,3.0,210.9,12.0,14.0,8.0,48.0,14.0,4.0,0.0
MH_PUNE_556238,Shivne,Shivne,Haveli,Pune,18.46491,73.78525,98.43,9.95,-1.5,563.2,45.1,495.5,630.8,3.0,210.1,12.0,14.0,8.0,48.0,14.0,4.0,0.0
MH_PUNE_556169,Mutha,Mutha,Mulshi,Pune,18.4479,73.64027,83.97,23.93,5.7,760.5,60.8,669.3,851.7,14.0,204.7,48.0,18.0,8.0,18.0,3.0,5.0,0.0
MH_PUNE_556230,Pashan,Pashan,Haveli,Pune,18.51587,73.78514,97.44,7.02,-1.5,672.5,53.8,591.8,753.2,3.0,210.1,12.0,14.0,8.0,48.0,14.0,4.0,0.0
MH_PUNE_556057,Visakhar,Visakhar,Mulshi,Pune,18.62347,73.41789,57.76,46.72,26.8,755.7,60.5,664.9,846.4,14.0,196.5,48.0,18.0,8.0,18.0,3.0,5.0,0.0
MH_PUNE_556021,Kadav,Kadav,Mawal,Pune,18.62417,73.48648,64.98,39.72,20.3,611.5,48.9,538.1,684.9,14.0,199.0,48.0,18.0,8.0,18.0,3.0,5.0,0.0
MH_PUNE_556062,Kolawali,Kolawali,Mulshi,Pune,18.6125,73.4286,58.94,45.36,25.8,905.1,72.4,796.5,1013.7,14.0,196.9,48.0,18.0,8.0,18.0,3.0,5.0,0.0
MH_PUNE_556024,Shilimb,Shilimb,Mawal,Pune,18.60806,73.46236,62.52,41.77,22.6,663.6,53.1,583.9,743.2,14.0,198.1,48.0,18.0,8.0,18.0,3.0,5.0,0.0
MH_PUNE_556025,Vagheshwar,Vagheshwar,Mawal,Pune,18.61543,73.4892,65.3,39.2,20.0,624.1,49.9,549.3,699.0,14.0,199.1,48.0,18.0,8.0,18.0,3.0,5.0,0.0
MH_PUNE_556026,Jovan,Jovan,Mawal,Pune,18.61114,73.50116,66.58,37.86,18.9,806.8,64.5,710.1,903.6,14.0,199.5,48.0,18.0,8.0,18.0,3.0,5.0,0.0
MH_PUNE_556061,Kumbheri,Kumbheri,Mulshi,Pune,18.59427,73.40775,56.89,47.16,27.8,722.5,57.8,635.8,809.2,14.0,196.1,48.0,18.0,8.0,18.0,3.0,5.0,0.0
MH_PUNE_556027,Ajivali,Ajivali,Mawal,Pune,18.59288,73.48765,65.3,38.83,20.2,841.2,67.3,740.2,942.1,14.0,199.0,48.0,18.0,8.0,18.0,3.0,5.0,0.0
MH_PUNE_556064,Pomgaon,Pomgaon,Mulshi,Pune,18.59046,73.43505,59.8,44.25,25.2,705.7,56.5,621.0,790.5,14.0,197.1,48.0,18.0,8.0,18.0,3.0,5.0,0.0
MH_PUNE_556063,Chandivali,Chandivali,Mulshi,Pune,18.58228,73.46813,63.36,40.67,22.0,632.5,50.6,556.6,708.4,14.0,198.3,48.0,18.0,8.0,18.0,3.0,5.0,0.0
MH_PUNE_556067,Barpe Bk,Barpe Bk,Mulshi,Pune,18.56874,73.40779,57.23,46.82,27.8,613.1,49.0,539.6,686.6,14.0,196.1,48.0,18.0,8.0,18.0,3.0,5.0,0.0
MH_PUNE_555993,Bedse,Bedse,Mawal,Pune,18.71017,73.55427,72.5,37.05,13.8,597.6,47.8,525.9,669.3,14.0,201.5,48.0,18.0,8.0,18.0,3.0,5.0,0.0
MH_PUNE_556068,Shirvali,Shirvali,Mulshi,Pune,18.5727,73.48718,65.47,38.54,20.2,965.6,77.2,849.8,1081.4,14.0,199.0,48.0,18.0,8.0,18.0,3.0,5.0,0.0
MH_PUNE_556070,Shedani,Shedani,Mulshi,Pune,18.56586,73.47249,64.03,40.0,21.6,811.1,64.9,713.8,908.5,14.0,198.5,48.0,18.0,8.0,18.0,3.0,5.0,0.0
MH_PUNE_556069,Nandivali,Nandivali,Mulshi,Pune,18.55557,73.49247,66.27,37.8,19.7,780.8,62.5,687.0,874.5,14.0,199.2,48.0,18.0,8.0,18.0,3.0,5.0,0.0
MH_PUNE_556074,Adgaon,Adgaon,Mulshi,Pune,18.53437,73.40757,57.86,46.65,27.8,952.7,76.2,838.4,1067.0,14.0,196.1,48.0,18.0,8.0,18.0,3.0,5.0,0.0
MH_PUNE_556147,Hulavalewadi,Hulavalewadi,Mulshi,Pune,18.52561,73.61673,79.72,24.6,7.9,589.0,47.1,518.4,659.7,14.0,203.8,48.0,18.0,8.0,18.0,3.0,5.0,0.0
MH_PUNE_556104,Jawal,Jawal,Mulshi,Pune,18.57122,73.62189,79.61,24.48,7.4,632.0,50.6,556.1,707.9,14.0,204.0,48.0,18.0,8.0,18.0,3.0,5.0,0.0
MH_PUNE_556111,Sathesai,Sathesai,Mulshi,Pune,18.57554,73.55166,72.19,31.85,14.1,588.7,47.1,518.1,659.4,14.0,201.4,48.0,18.0,8.0,18.0,3.0,5.0,0.0
MH_PUNE_556127,Nande,Nande,Mulshi,Pune,18.56354,73.5964,77.02,26.99,9.8,640.6,51.3,563.7,717.6,14.0,203.1,48.0,18.0,8.0,18.0,3.0,5.0,0.0
MH_PUNE_556137,Darawali,Darawali,Mulshi,Pune,18.55877,73.53742,70.92,33.11,15.4,887.3,71.0,780.8,993.8,14.0,200.9,48.0,18.0,8.0,18.0,3.0,5.0,0.0
MH_PUNE_556048,Ovale,Ovale,Mawal,Pune,18.62775,73.5761,74.41,30.85,11.8,764.4,61.2,672.6,856.2,14.0,202.3,48.0,18.0,8.0,18.0,3.0,5.0,0.0
MH_PUNE_556113,Kolwan,Kolwan,Mulshi,Pune,18.56894,73.52166,69.13,34.88,16.9,616.3,49.3,542.3,690.2,14.0,200.3,48.0,18.0,8.0,18.0,3.0,5.0,0.0
MH_PUNE_556105,Kemasewadi,Kemasewadi,Mulshi,Pune,18.574,73.60908,78.23,25.86,8.6,728.4,58.3,641.0,815.9,14.0,203.5,48.0,18.0,8.0,18.0,3.0,5.0,0.0
MH_PUNE_556128,Lavale,Lavale,Mulshi,Pune,18.55306,73.60982,78.57,25.45,8.6,585.4,46.8,515.2,655.6,14.0,203.6,48.0,18.0,8.0,18.0,3.0,5.0,0.0
MH_PUNE_556138,Karmoli,Karmoli,Mulshi,Pune,18.55751,73.56732,74.06,29.96,12.6,689.6,55.2,606.8,772.4,14.0,202.0,48.0,18.0,8.0,18.0,3.0,5.0,0.0
MH_PUNE_556139,Savargaon,Savargaon,Mulshi,Pune,18.55107,73.58602,76.11,27.93,10.8,580.2,46.4,510.6,649.8,14.0,202.7,48.0,18.0,8.0,18.0,3.0,5.0,0.0
MH_PUNE_556076,Valane,Valane,Mulshi,Pune,18.54338,73.51798,69.13,35.04,17.3,713.9,57.1,628.3,799.6,14.0,200.2,48.0,18.0,8.0,18.0,3.0,5.0,0.0
MH_PUNE_556135,Bhare,Bhare,Mulshi,Pune,18.53769,73.61045,78.86,25.27,8.5,569.0,45.5,500.7,637.2,14.0,203.6,48.0,18.0,8.0,18.0,3.0,5.0,0.0
MH_PUNE_556143,Bhadas Bk,Bhadas Bk,Mulshi,Pune,18.54393,73.55199,72.67,31.46,14.1,608.6,48.7,535.6,681.7,14.0,201.4,48.0,18.0,8.0,18.0,3.0,5.0,0.0
MH_PUNE_556142,Gavadewadi,Gavadewadi,Mulshi,Pune,18.54598,73.55921,73.38,30.71,13.4,627.4,50.2,552.1,702.7,14.0,201.7,48.0,18.0,8.0,18.0,3.0,5.0,0.0
MH_PUNE_556141,Asade,Asade,Mulshi,Pune,18.5391,73.57384,75.02,29.13,12.0,568.3,45.5,500.0,636.5,14.0,202.2,48.0,18.0,8.0,18.0,3.0,5.0,0.0
MH_PUNE_556077,Sambhave,Sambhave,Mulshi,Pune,18.53363,73.53528,71.11,33.18,15.6,571.8,45.7,503.2,640.3,14.0,200.8,48.0,18.0,8.0,18.0,3.0,5.0,0.0
MH_PUNE_556140,Khubawali,Khubawali,Mulshi,Pune,18.53751,73.59232,76.98,27.18,10.2,700.9,56.1,616.8,785.1,14.0,202.9,48.0,18.0,8.0,18.0,3.0,5.0,0.0
MH_PUNE_556144,Shileshwar,Shileshwar,Mulshi,Pune,18.53576,73.56213,73.86,30.36,13.1,569.8,45.6,501.4,638.2,14.0,201.8,48.0,18.0,8.0,18.0,3.0,5.0,0.0
MH_PUNE_556134,Mugavade,Mugavade,Mulshi,Pune,18.53318,73.62427,80.38,23.8,7.2,573.6,45.9,504.8,642.5,14.0,204.1,48.0,18.0,8.0,18.0,3.0,5.0,0.0
MH_PUNE_556145,Akole,Akole,Mulshi,Pune,18.52989,73.58253,76.09,28.2,11.2,560.5,44.8,493.3,627.7,14.0,202.6,48.0,18.0,8.0,18.0,3.0,5.0,0.0
MH_PUNE_556146,Ravade,Ravade,Mulshi,Pune,18.52797,73.60437,78.4,25.9,9.1,566.5,45.3,498.5,634.4,14.0,203.4,48.0,18.0,8.0,18.0,3.0,5.0,0.0
MH_PUNE_556050,Pusane,Pusane,Mawal,Pune,18.6201,73.61953,79.01,26.28,7.6,700.4,56.0,616.4,784.4,14.0,203.9,48.0,18.0,8.0,18.0,3.0,5.0,0.0
MH_PUNE_556049,Divad,Divad,Mawal,Pune,18.62594,73.60035,76.97,28.39,9.5,745.0,59.6,655.6,834.4,14.0,203.2,48.0,18.0,8.0,18.0,3.0,5.0,0.0
MH_PUNE_556019,Tikona,Tikona,Mawal,Pune,18.6275,73.52277,68.79,36.15,16.8,773.7,61.9,680.9,866.6,14.0,200.3,48.0,18.0,8.0,18.0,3.0,5.0,0.0
MH_PUNE_556090,Andhale,Andhale,Mulshi,Pune,18.60806,73.56412,73.23,31.36,12.9,779.8,62.4,686.2,873.4,14.0,201.9,48.0,18.0,8.0,18.0,3.0,5.0,0.0
MH_PUNE_556106,Kashig,Kashig,Mulshi,Pune,18.60846,73.53804,70.48,34.02,15.4,695.4,55.6,612.0,778.8,14.0,200.9,48.0,18.0,8.0,18.0,3.0,5.0,0.0
MH_PUNE_555973,Devale,Devale,Mawal,Pune,18.72897,73.47465,64.45,45.32,21.4,624.5,50.0,549.5,699.5,14.0,198.6,48.0,18.0,8.0,18.0,3.0,5.0,0.0
MH_PUNE_556112,Hadashi,Hadashi,Mulshi,Pune,18.59032,73.51621,68.32,35.82,17.5,623.9,49.9,549.1,698.8,14.0,200.1,48.0,18.0,8.0,18.0,3.0,5.0,0.0
MH_PUNE_556091,Katar Khadak,Katar Khadak,Mulshi,Pune,18.59824,73.5872,75.72,28.72,10.7,716.8,57.3,630.9,802.8,14.0,202.7,48.0,18.0,8.0,18.0,3.0,5.0,0.0
MH_PUNE_556107,Shindewadi,Shindewadi,Mulshi,Pune,18.60657,73.53184,69.84,34.6,16.0,662.2,53.0,582.7,741.7,14.0,200.7,48.0,18.0,8.0,18.0,3.0,5.0,0.0
MH_PUNE_556109,Nandgaon,Nandgaon,Mulshi,Pune,18.57954,73.56765,73.83,30.27,12.6,608.0,48.6,535.1,680.9,14.0,202.0,48.0,18.0,8.0,18.0,3.0,5.0,0.0
MH_PUNE_556092,Khamboli,Khamboli,Mulshi,Pune,18.59089,73.60465,77.61,26.73,9.1,641.8,51.3,564.9,718.8,14.0,203.4,48.0,18.0,8.0,18.0,3.0,5.0,0.0
MH_PUNE_556093,Pimpaloli,Pimpaloli,Mulshi,Pune,18.59035,73.62276,79.52,24.88,7.3,800.0,64.0,704.0,896.0,14.0,204.0,48.0,18.0,8.0,18.0,3.0,5.0,0.0
MH_PUNE_556108,Bhalgudi,Bhalgudi,Mulshi,Pune,18.58789,73.54782,71.66,32.5,14.5,641.0,51.3,564.1,718.0,14.0,201.3,48.0,18.0,8.0,18.0,3.0,5.0,0.0
MH_PUNE_556089,Gheravitangad,Gheravitangad,Mulshi,Pune,18.61711,73.53652,70.28,34.43,15.5,811.3,64.9,714.0,908.7,14.0,200.9,48.0,18.0,8.0,18.0,3.0,5.0,0.0
MH_PUNE_555935,Kusgaon Kh,Kusgaon Kh,Mawal,Pune,18.74507,73.57318,74.98,37.72,12.0,640.5,51.2,563.7,717.3,14.0,202.2,48.0,18.0,8.0,18.0,3.0,5.0,0.0
MH_PUNE_555934,Kamshet,Kamshet,Mawal,Pune,18.74624,73.56418,74.07,38.54,12.9,662.3,53.0,582.8,741.8,14.0,201.9,48.0,18.0,8.0,18.0,3.0,5.0,0.0
MH_PUNE_555960,Pathargaon,Pathargaon,Mawal,Pune,18.75012,73.55459,73.14,39.6,13.8,618.9,49.5,544.7,693.2,14.0,201.5,48.0,18.0,8.0,18.0,3.0,5.0,0.0
MH_PUNE_555969,Boraj,Boraj,Mawal,Pune,18.73655,73.53011,70.35,40.79,16.1,636.9,51.0,560.4,713.4,14.0,200.6,48.0,18.0,8.0,18.0,3.0,5.0,0.0
MH_PUNE_555895,Nayagaon,Nayagaon,Mawal,Pune,18.75089,73.59163,77.0,36.66,10.3,623.1,49.8,548.4,697.8,14.0,202.9,48.0,18.0,8.0,18.0,3.0,5.0,0.0
MH_PUNE_555970,Pimpaloli,Pimpaloli,Mawal,Pune,18.73478,73.5459,71.97,39.31,14.6,920.2,73.6,809.8,1030.6,14.0,201.2,48.0,18.0,8.0,18.0,3.0,5.0,0.0
MH_PUNE_555937,Ahirvade,Ahirvade,Mawal,Pune,18.73222,73.60169,77.75,34.5,9.3,752.2,60.2,661.9,842.5,14.0,203.3,48.0,18.0,8.0,18.0,3.0,5.0,0.0
MH_PUNE_555936,Chikhalse,Chikhalse,Mawal,Pune,18.73104,73.58363,75.85,35.88,11.1,687.4,55.0,604.9,769.9,14.0,202.6,48.0,18.0,8.0,18.0,3.0,5.0,0.0
MH_PUNE_555898,Mohitewadi,Mohitewadi,Mawal,Pune,18.74259,73.62501,80.34,33.48,7.1,648.4,51.9,570.5,726.2,14.0,204.1,48.0,18.0,8.0,18.0,3.0,5.0,0.0
MH_PUNE_555975,Aundhe Kh,Aundhe Kh,Mawal,Pune,18.7232,73.45013,61.8,47.3,23.7,626.4,50.1,551.3,701.6,14.0,197.7,48.0,18.0,8.0,18.0,3.0,5.0,0.0
MH_PUNE_555896,Sate,Sate,Mawal,Pune,18.73148,73.61386,79.01,33.48,8.2,804.3,64.3,707.8,900.7,14.0,203.7,48.0,18.0,8.0,18.0,3.0,5.0,0.0
MH_PUNE_555994,Karunj,Karunj,Mawal,Pune,18.709,73.56683,73.8,35.87,12.7,583.7,46.7,513.7,653.8,14.0,202.0,48.0,18.0,8.0,18.0,3.0,5.0,0.0
MH_PUNE_555978,Malewadi,Malewadi,Mawal,Pune,18.70937,73.50562,67.4,41.41,18.5,611.1,48.9,537.8,684.5,14.0,199.7,48.0,18.0,8.0,18.0,3.0,5.0,0.0
MH_PUNE_555980,Apati,Apati,Mawal,Pune,18.6997,73.44974,61.43,46.21,23.8,628.7,50.3,553.2,704.1,14.0,197.6,48.0,18.0,8.0,18.0,3.0,5.0,0.0
MH_PUNE_555981,Gevhande Apati,Gevhande Apati,Mawal,Pune,18.68929,73.42706,58.94,47.96,25.9,619.3,49.5,545.1,693.6,14.0,196.8,48.0,18.0,8.0,18.0,3.0,5.0,0.0
MH_PUNE_555997,Sadavali,Sadavali,Mawal,Pune,18.70164,73.60242,77.46,32.32,9.3,597.1,47.8,525.4,668.8,14.0,203.3,48.0,18.0,8.0,18.0,3.0,5.0,0.0
MH_PUNE_555992,Kadadhe,Kadadhe,Mawal,Pune,18.69908,73.54438,71.34,37.29,14.8,584.1,46.7,514.0,654.1,14.0,201.1,48.0,18.0,8.0,18.0,3.0,5.0,0.0
MH_PUNE_555998,Ozarde,Ozarde,Mawal,Pune,18.70299,73.61531,78.82,31.33,8.0,588.3,47.1,517.7,659.0,14.0,203.8,48.0,18.0,8.0,18.0,3.0,5.0,0.0
MH_PUNE_555977,Dhalewadi,Dhalewadi,Mawal,Pune,18.71162,73.50649,67.52,41.45,18.4,626.3,50.1,551.2,701.5,14.0,199.7,48.0,18.0,8.0,18.0,3.0,5.0,0.0
MH_PUNE_555982,Atvan,Atvan,Mawal,Pune,18.68711,73.40271,56.36,50.27,28.2,667.9,53.4,587.8,748.0,14.0,195.9,48.0,18.0,8.0,18.0,3.0,5.0,0.0
MH_PUNE_555989,Sawantwadi,Sawantwadi,Mawal,Pune,18.70191,73.53137,70.01,38.64,16.0,593.3,47.5,522.1,664.6,14.0,200.7,48.0,18.0,8.0,18.0,3.0,5.0,0.0
MH_PUNE_555988,Mahagaon,Mahagaon,Mawal,Pune,18.70052,73.51658,68.44,39.92,17.4,590.6,47.2,519.8,661.4,14.0,200.1,48.0,18.0,8.0,18.0,3.0,5.0,0.0
MH_PUNE_555979,Lohagad,Lohagad,Mawal,Pune,18.70584,73.49056,65.78,42.63,19.9,646.7,51.7,569.1,724.2,14.0,199.2,48.0,18.0,8.0,18.0,3.0,5.0,0.0
MH_PUNE_555996,Baur,Baur,Mawal,Pune,18.70185,73.5881,75.96,33.57,10.6,593.9,47.5,522.7,665.2,14.0,202.8,48.0,18.0,8.0,18.0,3.0,5.0,0.0
MH_PUNE_555984,Shindgaon,Shindgaon,Mawal,Pune,18.68912,73.48682,65.21,42.16,20.3,743.6,59.5,654.3,832.8,14.0,199.0,48.0,18.0,8.0,18.0,3.0,5.0,0.0
MH_PUNE_555990,Prabhachiwadi,Prabhachiwadi,Mawal,Pune,18.69027,73.52879,69.63,38.25,16.3,582.3,46.6,512.4,652.2,14.0,200.6,48.0,18.0,8.0,18.0,3.0,5.0,0.0
MH_PUNE_556002,Thugaon,Thugaon,Mawal,Pune,18.68324,73.57403,74.32,33.71,12.0,609.0,48.7,535.9,682.0,14.0,202.2,48.0,18.0,8.0,18.0,3.0,5.0,0.0
MH_PUNE_556010,Kolechafesar,Kolechafesar,Mawal,Pune,18.67541,73.46205,62.5,43.97,22.6,613.4,49.1,539.8,687.1,14.0,198.1,48.0,18.0,8.0,18.0,3.0,5.0,0.0
MH_PUNE_556000,Shivane,Shivane,Mawal,Pune,18.67631,73.60845,77.9,30.21,8.7,663.9,53.1,584.3,743.6,14.0,203.5,48.0,18.0,8.0,18.0,3.0,5.0,0.0
MH_PUNE_555987,Kale,Kale,Mawal,Pune,18.68234,73.50779,67.36,39.84,18.3,588.3,47.1,517.6,658.9,14.0,199.8,48.0,18.0,8.0,18.0,3.0,5.0,0.0
MH_PUNE_556001,Malawali P M,Malawali P M,Mawal,Pune,18.68017,73.58648,75.61,32.4,10.8,604.9,48.4,532.3,677.5,14.0,202.7,48.0,18.0,8.0,18.0,3.0,5.0,0.0
MH_PUNE_555985,Ambegaon,Ambegaon,Mawal,Pune,18.68355,73.49631,66.16,41.0,19.4,590.2,47.2,519.4,661.0,14.0,199.4,48.0,18.0,8.0,18.0,3.0,5.0,0.0
MH_PUNE_556003,Adavi,Adavi,Mawal,Pune,18.68057,73.56038,72.87,34.81,13.3,637.4,51.0,560.9,713.9,14.0,201.7,48.0,18.0,8.0,18.0,3.0,5.0,0.0
MH_PUNE_555991,Yelase,Yelase,Mawal,Pune,18.67908,73.53331,70.01,37.26,15.8,585.7,46.9,515.3,656.0,14.0,200.7,48.0,18.0,8.0,18.0,3.0,5.0,0.0
MH_PUNE_556004,Bhadawali,Bhadawali,Mawal,Pune,18.67869,73.54883,71.64,35.79,14.4,636.3,50.9,560.0,712.7,14.0,201.3,48.0,18.0,8.0,18.0,3.0,5.0,0.0
MH_PUNE_556056,Devghar,Devghar,Mulshi,Pune,18.65396,73.41199,57.12,48.18,27.4,774.7,62.0,681.7,867.7,14.0,196.2,48.0,18.0,8.0,18.0,3.0,5.0,0.0
MH_PUNE_556046,Adhale Bk,Adhale Bk,Mawal,Pune,18.65327,73.61599,78.61,28.22,8.0,629.7,50.4,554.1,705.3,14.0,203.8,48.0,18.0,8.0,18.0,3.0,5.0,0.0
MH_PUNE_556007,Brahmanoli,Brahmanoli,Mawal,Pune,18.6673,73.51612,68.14,38.36,17.5,593.6,47.5,522.3,664.8,14.0,200.1,48.0,18.0,8.0,18.0,3.0,5.0,0.0
MH_PUNE_556009,Pansoli,Pansoli,Mawal,Pune,18.66802,73.48734,65.11,41.19,20.2,611.5,48.9,538.1,684.9,14.0,199.0,48.0,18.0,8.0,18.0,3.0,5.0,0.0
MH_PUNE_556005,Shivali,Shivali,Mawal,Pune,18.66798,73.55119,71.83,35.03,14.1,617.3,49.4,543.2,691.4,14.0,201.4,48.0,18.0,8.0,18.0,3.0,5.0,0.0
MH_PUNE_556011,Tung,Tung,Mawal,Pune,18.65921,73.46321,62.54,43.22,22.5,939.9,75.2,827.1,1052.7,14.0,198.1,48.0,18.0,8.0,18.0,3.0,5.0,0.0
MH_PUNE_556006,Kothurne,Kothurne,Mawal,Pune,18.65892,73.53073,69.64,36.57,16.1,751.2,60.1,661.1,841.4,14.0,200.6,48.0,18.0,8.0,18.0,3.0,5.0,0.0
MH_PUNE_556012,Majgaon,Majgaon,Mawal,Pune,18.65906,73.49128,65.49,40.44,19.8,611.5,48.9,538.1,684.9,14.0,199.2,48.0,18.0,8.0,18.0,3.0,5.0,0.0
MH_PUNE_556047,Done,Done,Mawal,Pune,18.6561,73.58816,75.69,30.95,10.6,652.5,52.2,574.2,730.8,14.0,202.8,48.0,18.0,8.0,18.0,3.0,5.0,0.0
MH_PUNE_556023,Morave,Morave,Mawal,Pune,18.64276,73.44562,60.65,44.43,24.2,643.9,51.5,566.6,721.1,14.0,197.5,48.0,18.0,8.0,18.0,3.0,5.0,0.0
MH_PUNE_556017,Dhangavhan,Dhangavhan,Mawal,Pune,18.65457,73.55606,72.3,33.93,13.7,691.1,55.3,608.2,774.1,14.0,201.6,48.0,18.0,8.0,18.0,3.0,5.0,0.0
MH_PUNE_556018,Yelghol,Yelghol,Mawal,Pune,18.64835,73.56578,73.31,32.72,12.8,771.4,61.7,678.9,864.0,14.0,201.9,48.0,18.0,8.0,18.0,3.0,5.0,0.0
MH_PUNE_556014,Thakursai,Thakursai,Mawal,Pune,18.64967,73.50285,66.69,38.93,18.7,714.1,57.1,628.4,799.7,14.0,199.6,48.0,18.0,8.0,18.0,3.0,5.0,0.0
MH_PUNE_556015,Varu,Varu,Mawal,Pune,18.64738,73.51898,68.38,37.25,17.2,629.9,50.4,554.3,705.5,14.0,200.2,48.0,18.0,8.0,18.0,3.0,5.0,0.0
MH_PUNE_556016,Malavandi Thule,Malavandi Thule,Mawal,Pune,18.63843,73.54567,71.19,34.27,14.7,1124.2,89.9,989.4,1259.1,14.0,201.2,48.0,18.0,8.0,18.0,3.0,5.0,0.0
MH_PUNE_556013,Keware,Keware,Mawal,Pune,18.64342,73.49036,65.36,39.95,19.9,611.5,48.9,538.1,684.9,14.0,199.1,48.0,18.0,8.0,18.0,3.0,5.0,0.0
MH_PUNE_555986,Shevati,Shevati,Mawal,Pune,18.67819,73.50453,66.98,39.96,18.6,586.7,46.9,516.3,657.0,14.0,199.7,48.0,18.0,8.0,18.0,3.0,5.0,0.0
MH_PUNE_556008,Phagane,Phagane,Mawal,Pune,18.66661,73.50499,66.96,39.41,18.5,590.0,47.2,519.2,660.8,14.0,199.7,48.0,18.0,8.0,18.0,3.0,5.0,0.0
MH_PUNE_555983,Pale Pawan Mawal,Pale Pawan Mawal,Mawal,Pune,18.68665,73.46968,63.39,43.7,21.9,611.5,48.9,538.1,684.9,14.0,198.4,48.0,18.0,8.0,18.0,3.0,5.0,0.0
MH_PUNE_556043,Darumbare,Darumbare,Mawal,Pune,18.63446,73.69381,86.8,20.15,0.6,588.2,47.1,517.6,658.9,14.0,206.7,48.0,18.0,8.0,18.0,3.0,5.0,0.0
MH_PUNE_555968,Patan,Patan,Mawal,Pune,18.7324,73.50458,67.63,42.79,18.6,864.5,69.2,760.7,968.3,14.0,199.7,48.0,18.0,8.0,18.0,3.0,5.0,0.0
MH_PUNE_555972,Bhaje,Bhaje,Mawal,Pune,18.72733,73.48806,65.82,44.0,20.1,908.4,72.7,799.4,1017.5,14.0,199.1,48.0,18.0,8.0,18.0,3.0,5.0,0.0
MH_PUNE_555976,Dudhivare,Dudhivare,Mawal,Pune,18.70149,73.47398,63.99,43.97,21.5,807.0,64.6,710.1,903.9,14.0,198.5,48.0,18.0,8.0,18.0,3.0,5.0,0.0
MH_PUNE_251526,Lonavala,Lonavala,Haveli,Pune,18.72671,73.42224,58.96,50.1,26.4,630.9,50.5,555.1,706.6,14.0,196.6,12.0,14.0,8.0,48.0,14.0,4.0,0.0
MH_PUNE_555949,Dongargaon,Dongargaon,Mawal,Pune,18.74315,73.43851,60.97,49.41,24.8,617.4,49.4,543.3,691.5,14.0,197.2,48.0,18.0,8.0,18.0,3.0,5.0,0.0
MH_PUNE_555950,Sadapur,Sadapur,Mawal,Pune,18.74766,73.45596,62.87,48.06,23.2,622.6,49.8,547.9,697.3,14.0,197.9,48.0,18.0,8.0,18.0,3.0,5.0,0.0
MH_PUNE_555967,Malawali N M,Malawali N M,Mawal,Pune,18.74215,73.49555,66.86,44.17,19.4,618.8,49.5,544.5,693.0,14.0,199.3,48.0,18.0,8.0,18.0,3.0,5.0,0.0
MH_PUNE_555971,Taje,Taje,Mawal,Pune,18.73686,73.51562,68.85,42.08,17.5,649.4,52.0,571.4,727.4,14.0,200.1,48.0,18.0,8.0,18.0,3.0,5.0,0.0
MH_PUNE_556119,Nere,Nere,Mulshi,Pune,18.57882,73.75377,93.38,11.5,-1.0,553.7,44.3,487.3,620.2,3.0,208.9,48.0,18.0,8.0,18.0,3.0,5.0,0.0
MH_PUNE_556042,Sangavade,Sangavade,Mawal,Pune,18.6365,73.71826,89.38,18.25,-0.3,582.9,46.6,513.0,652.8,3.0,207.6,48.0,18.0,8.0,18.0,3.0,5.0,0.0
MH_PUNE_556116,Hotale,Hotale,Mulshi,Pune,18.60135,73.70597,88.19,17.13,-0.1,685.5,54.8,603.3,767.7,3.0,207.1,48.0,18.0,8.0,18.0,3.0,5.0,0.0
MH_PUNE_556117,Nanegaon,Nanegaon,Mulshi,Pune,18.62579,73.73587,91.25,16.07,-0.6,582.1,46.6,512.2,652.0,3.0,208.2,48.0,18.0,8.0,18.0,3.0,5.0,0.0
MH_PUNE_556051,Pachane,Pachane,Mawal,Pune,18.60495,73.6414,81.38,23.51,5.6,783.6,62.7,689.6,877.7,14.0,204.7,48.0,18.0,8.0,18.0,3.0,5.0,0.0
MH_PUNE_556114,Walen,Walen,Mulshi,Pune,18.60192,73.68931,86.44,18.73,1.0,781.6,62.5,687.9,875.4,14.0,206.5,48.0,18.0,8.0,18.0,3.0,5.0,0.0
MH_PUNE_556052,Kusgaon P M,Kusgaon P M,Mawal,Pune,18.59686,73.66533,83.95,20.84,3.3,836.1,66.9,735.7,936.4,14.0,205.6,48.0,18.0,8.0,18.0,3.0,5.0,0.0
MH_PUNE_556118,Kasarsai,Kasarsai,Mulshi,Pune,18.59916,73.73545,91.31,14.32,-0.6,582.8,46.6,512.9,652.7,3.0,208.2,48.0,18.0,8.0,18.0,3.0,5.0,0.0
MH_PUNE_556103,Padalgharwadi,Padalgharwadi,Mulshi,Pune,18.55893,73.64103,81.76,22.26,5.6,905.3,72.4,796.7,1013.9,14.0,204.7,48.0,18.0,8.0,18.0,3.0,5.0,0.0
MH_PUNE_556096,Man,Man,Mulshi,Pune,18.57455,73.71638,89.49,14.93,-0.3,573.6,45.9,504.7,642.4,3.0,207.5,48.0,18.0,8.0,18.0,3.0,5.0,0.0
MH_PUNE_556095,Godambewadi,Godambewadi,Mulshi,Pune,18.56523,73.68124,85.9,18.22,1.8,622.9,49.8,548.2,697.6,14.0,206.2,48.0,18.0,8.0,18.0,3.0,5.0,0.0
MH_PUNE_556099,Amarale Wadi,Amarale Wadi,Mulshi,Pune,18.55408,73.69782,87.76,16.27,0.2,591.1,47.3,520.2,662.1,14.0,206.8,48.0,18.0,8.0,18.0,3.0,5.0,0.0
MH_PUNE_556094,Rihe,Rihe,Mulshi,Pune,18.56935,73.65576,83.18,20.94,4.2,608.1,48.6,535.2,681.0,14.0,205.3,48.0,18.0,8.0,18.0,3.0,5.0,0.0
MH_PUNE_556102,Ghotavade,Ghotavade,Mulshi,Pune,18.55084,73.67658,85.58,18.43,2.2,622.9,49.8,548.2,697.6,14.0,206.0,48.0,18.0,8.0,18.0,3.0,5.0,0.0
MH_PUNE_556097,Bhoirwadi,Bhoirwadi,Mulshi,Pune,18.56828,73.7343,91.43,12.92,-0.6,557.4,44.6,490.5,624.3,3.0,208.2,48.0,18.0,8.0,18.0,3.0,5.0,0.0
MH_PUNE_556098,Chande,Chande,Mulshi,Pune,18.55125,73.71428,89.52,14.5,-0.3,558.1,44.6,491.2,625.0,3.0,207.4,48.0,18.0,8.0,18.0,3.0,5.0,0.0
MH_PUNE_556121,Jambe,Jambe,Mulshi,Pune,18.54566,73.74113,92.41,11.61,-0.7,713.6,57.1,628.0,799.3,3.0,208.4,48.0,18.0,8.0,18.0,3.0,5.0,0.0
MH_PUNE_556129,Bhugaon,Bhugaon,Mulshi,Pune,18.54445,73.62668,80.45,23.6,7.0,583.8,46.7,513.8,653.9,14.0,204.2,48.0,18.0,8.0,18.0,3.0,5.0,0.0
MH_PUNE_556101,Bhegadewadi,Bhegadewadi,Mulshi,Pune,18.54889,73.68224,86.2,17.81,1.7,622.2,49.8,547.5,696.9,14.0,206.2,48.0,18.0,8.0,18.0,3.0,5.0,0.0
MH_PUNE_556130,Bhukum,Bhukum,Mulshi,Pune,18.54022,73.64527,82.46,21.61,5.2,568.1,45.4,500.0,636.2,14.0,204.9,48.0,18.0,8.0,18.0,3.0,5.0,0.0
MH_PUNE_556120,Dattwadi,Dattwadi,Mulshi,Pune,18.53667,73.70572,88.83,15.23,-0.1,571.7,45.7,503.2,640.3,3.0,207.1,48.0,18.0,8.0,18.0,3.0,5.0,0.0
MH_PUNE_556122,Mahalunge,Mahalunge,Mulshi,Pune,18.56505,73.77149,95.37,9.15,-1.3,577.0,46.2,507.7,646.3,3.0,209.5,48.0,18.0,8.0,18.0,3.0,5.0,0.0
MH_PUNE_556123,Sus,Sus,Mulshi,Pune,18.54329,73.76101,94.52,9.5,-1.1,620.9,49.7,546.3,695.4,3.0,209.2,48.0,18.0,8.0,18.0,3.0,5.0,0.0
MH_PUNE_555849,Moi,Moi,Khed,Pune,18.69815,73.83112,101.45,18.8,-2.4,591.2,47.3,520.3,662.2,3.0,211.8,10.0,12.0,6.0,64.0,5.0,3.0,0.0
MH_PUNE_555832,Mahalunge,Mahalunge,Khed,Pune,18.75153,73.81446,100.25,24.92,-2.1,637.5,51.0,561.0,714.0,3.0,211.1,10.0,12.0,6.0,64.0,5.0,3.0,0.0
MH_PUNE_555885,Induri,Induri,Mawal,Pune,18.73147,73.73761,91.95,25.34,-0.7,596.5,47.7,525.0,668.1,3.0,208.3,48.0,18.0,8.0,18.0,3.0,5.0,0.0
MH_PUNE_556115,Dongargaon,Dongargaon,Mulshi,Pune,18.61099,73.71276,88.86,17.04,-0.2,628.4,50.3,552.9,703.8,3.0,207.4,48.0,18.0,8.0,18.0,3.0,5.0,0.0
MH_PUNE_556206,Pimpale Gurav,Pimpale Gurav,Haveli,Pune,18.57838,73.82077,100.43,6.2,-2.2,555.8,44.5,489.0,622.5,3.0,211.4,12.0,14.0,8.0,48.0,14.0,4.0,0.0
MH_PUNE_555884,Sudumbare,Sudumbare,Mawal,Pune,18.7408,73.75876,94.28,25.33,-1.1,586.7,46.9,516.3,657.0,3.0,209.1,48.0,18.0,8.0,18.0,3.0,5.0,0.0
MH_PUNE_556030,Varale,Varale,Mawal,Pune,18.74434,73.70588,88.8,28.26,-0.1,584.8,46.8,514.6,655.0,3.0,207.1,48.0,18.0,8.0,18.0,3.0,5.0,0.0
MH_PUNE_555897,Brahman Wadi,Brahman Wadi,Mawal,Pune,18.7436,73.63317,81.21,32.96,6.3,630.2,50.4,554.6,705.8,14.0,204.4,48.0,18.0,8.0,18.0,3.0,5.0,0.0
MH_PUNE_555827,Khalumbre,Khalumbre,Khed,Pune,18.73794,73.79462,98.0,23.85,-1.7,618.6,49.5,544.4,692.9,3.0,210.4,10.0,12.0,6.0,64.0,5.0,3.0,0.0
MH_PUNE_556031,Talegaon Dabhade,Talegaon Dabhade,Mawal,Pune,18.70898,73.72036,89.91,24.14,-0.4,582.6,46.6,512.7,652.5,3.0,207.7,48.0,18.0,8.0,18.0,3.0,5.0,0.0
MH_PUNE_555831,Nighoje,Nighoje,Khed,Pune,18.72295,73.82199,100.7,21.66,-2.2,616.7,49.3,542.7,690.6,3.0,211.4,10.0,12.0,6.0,64.0,5.0,3.0,0.0
MH_PUNE_555828,Yelwadi,Yelwadi,Khed,Pune,18.72389,73.76816,95.07,23.22,-1.2,576.3,46.1,507.1,645.4,3.0,209.4,10.0,12.0,6.0,64.0,5.0,3.0,0.0
MH_PUNE_556204,Vitthal Nagar,Vitthal Nagar,Haveli,Pune,18.70276,73.79355,97.54,20.11,-1.7,593.1,47.4,522.0,664.2,3.0,210.4,12.0,14.0,8.0,48.0,14.0,4.0,0.0
MH_PUNE_556036,Urse,Urse,Mawal,Pune,18.70308,73.65048,82.52,28.5,4.7,588.3,47.1,517.7,659.0,14.0,205.1,48.0,18.0,8.0,18.0,3.0,5.0,0.0
MH_PUNE_556037,Adhe Kh,Adhe Kh,Mawal,Pune,18.70129,73.63,80.35,30.0,6.7,585.0,46.8,514.8,655.2,14.0,204.3,48.0,18.0,8.0,18.0,3.0,5.0,0.0
MH_PUNE_555829,Sangurdi,Sangurdi,Khed,Pune,18.71322,73.75506,93.59,22.7,-1.0,580.5,46.4,510.9,650.1,3.0,208.9,10.0,12.0,6.0,64.0,5.0,3.0,0.0
MH_PUNE_556035,Parandvadi,Parandvadi,Mawal,Pune,18.6976,73.67749,85.31,26.03,2.1,582.2,46.6,512.3,652.1,14.0,206.1,48.0,18.0,8.0,18.0,3.0,5.0,0.0
MH_PUNE_555830,Kanhewadi Tarf Chakan,Kanhewadi Tarf Chakan,Khed,Pune,18.70206,73.74641,92.58,22.03,-0.8,581.5,46.5,511.8,651.3,3.0,208.6,10.0,12.0,6.0,64.0,5.0,3.0,0.0
MH_PUNE_556203,Malinagar,Malinagar,Haveli,Pune,18.69895,73.76133,94.12,20.98,-1.1,600.7,48.1,528.6,672.9,3.0,209.2,12.0,14.0,8.0,48.0,14.0,4.0,0.0
MH_PUNE_556034,Somatane,Somatane,Mawal,Pune,18.6902,73.70049,87.67,23.78,-0.0,653.7,52.3,575.3,732.2,3.0,206.9,48.0,18.0,8.0,18.0,3.0,5.0,0.0
MH_PUNE_556038,Bebad Ohol,Bebad Ohol,Mawal,Pune,18.67728,73.65155,82.44,26.56,4.6,624.2,49.9,549.4,699.1,14.0,205.1,48.0,18.0,8.0,18.0,3.0,5.0,0.0
MH_PUNE_556039,Dhamane,Dhamane,Mawal,Pune,18.67631,73.67979,85.41,24.22,1.9,569.5,45.6,501.1,637.9,14.0,206.2,48.0,18.0,8.0,18.0,3.0,5.0,0.0
MH_PUNE_555999,Pimpal Khunte,Pimpal Khunte,Mawal,Pune,18.67728,73.6305,80.23,28.34,6.6,639.6,51.2,562.8,716.4,14.0,204.3,48.0,18.0,8.0,18.0,3.0,5.0,0.0
MH_PUNE_556033,Shirgaon,Shirgaon,Mawal,Pune,18.67274,73.70618,88.17,21.95,-0.1,587.9,47.0,517.4,658.4,3.0,207.1,48.0,18.0,8.0,18.0,3.0,5.0,0.0
MH_PUNE_556032,Gahunje,Gahunje,Mawal,Pune,18.6639,73.71885,89.47,20.32,-0.3,576.5,46.1,507.4,645.7,3.0,207.6,48.0,18.0,8.0,18.0,3.0,5.0,0.0
MH_PUNE_556044,Chandkhed,Chandkhed,Mawal,Pune,18.64124,73.66323,83.58,23.25,3.5,612.3,49.0,538.8,685.8,14.0,205.5,48.0,18.0,8.0,18.0,3.0,5.0,0.0
MH_PUNE_556040,Godumbare,Godumbare,Mawal,Pune,18.66554,73.6906,86.5,22.57,0.9,580.5,46.4,510.9,650.1,14.0,206.6,48.0,18.0,8.0,18.0,3.0,5.0,0.0
MH_PUNE_556045,Adhale Kh,Adhale Kh,Mawal,Pune,18.64722,73.63727,80.84,25.93,6.0,611.3,48.9,537.9,684.6,14.0,204.6,48.0,18.0,8.0,18.0,3.0,5.0,0.0
MH_PUNE_556041,Salumbare,Salumbare,Mawal,Pune,18.65351,73.69963,87.42,20.97,0.0,572.5,45.8,503.8,641.2,14.0,206.9,48.0,18.0,8.0,18.0,3.0,5.0,0.0
MH_PUNE_555883,Sudvadi,Sudvadi,Mawal,Pune,18.7471,73.77401,95.96,25.43,-1.3,587.9,47.0,517.4,658.4,3.0,209.6,48.0,18.0,8.0,18.0,3.0,5.0,0.0
MH_PUNE_276637,Vadgaon Mawal,Vadgaon Mawal,Haveli,Pune,18.72744,73.65799,83.57,29.85,4.0,649.1,51.9,571.2,726.9,14.0,205.3,12.0,14.0,8.0,48.0,14.0,4.0,0.0
MH_PUNE_251522,Talegaon Dabhade,Talegaon Dabhade,Haveli,Pune,18.71983,73.69421,87.27,26.74,0.6,593.9,47.5,522.7,665.2,14.0,206.7,12.0,14.0,8.0,48.0,14.0,4.0,0.0
MH_PUNE_277291,Dehurood,Dehurood,Haveli,Pune,18.66835,73.75753,93.56,18.21,-1.0,630.7,50.5,554.9,706.4,3.0,209.0,12.0,14.0,8.0,48.0,14.0,4.0,0.0
MH_PUNE_555892,Katavi,Katavi,Mawal,Pune,18.74409,73.66016,84.03,31.09,3.8,613.2,49.1,539.6,686.9,14.0,205.4,48.0,18.0,8.0,18.0,3.0,5.0,0.0
MH_PUNE_555848,Kuruli,Kuruli,Khed,Pune,18.71476,73.8469,103.24,20.55,-2.6,604.9,48.4,532.3,677.5,3.0,212.3,10.0,12.0,6.0,64.0,5.0,3.0,0.0
MH_PUNE_999999,Water Body,Water Body,Haveli,Pune,18.73597,73.39347,56.16,53.28,29.1,624.2,49.9,549.4,699.1,14.0,195.6,12.0,14.0,8.0,48.0,14.0,4.0,0.0
MH_PUNE_556201,Hinjavadi,Hinjavadi,Haveli,Pune,18.49384,73.76204,95.42,10.11,-1.1,694.6,55.6,611.2,778.0,3.0,209.2,12.0,14.0,8.0,48.0,14.0,4.0,0.0
MH_PUNE_556202,Pirangut,Pirangut,Haveli,Pune,18.50204,73.63053,81.62,23.35,6.6,705.4,56.4,620.8,790.0,14.0,204.3,12.0,14.0,8.0,48.0,14.0,4.0,0.0
MH_PUNE_556326,Dehu,Dehu,Haveli,Pune,18.70685,73.77967,96.11,21.02,-1.4,598.7,47.9,526.9,670.6,3.0,209.8,12.0,14.0,8.0,48.0,14.0,4.0,0.0
MH_PUNE_555941,Pangaloli,Pangaloli,Mawal,Pune,18.79615,73.40219,58.67,55.69,28.3,483.8,38.7,425.8,541.9,3.0,195.9,48.0,18.0,8.0,18.0,3.0,5.0,0.0
MH_PUNE_555955,Nesave,Nesave,Mawal,Pune,18.8009,73.51545,70.29,46.36,17.5,609.4,48.8,536.2,682.6,14.0,200.1,48.0,18.0,8.0,18.0,3.0,5.0,0.0
MH_PUNE_555873,Kashal,Kashal,Mawal,Pune,18.87007,73.61976,82.98,44.92,7.6,709.2,56.7,624.1,794.2,14.0,203.9,48.0,18.0,8.0,18.0,3.0,5.0,0.0
MH_PUNE_555927,Moramarwadi,Moramarwadi,Mawal,Pune,18.79905,73.55323,74.09,43.27,13.9,688.0,55.0,605.5,770.5,14.0,201.5,48.0,18.0,8.0,18.0,3.0,5.0,0.0
MH_PUNE_555962,Takave Kh,Takave Kh,Mawal,Pune,18.76785,73.52764,70.71,43.05,16.4,608.7,48.7,535.6,681.7,14.0,200.5,48.0,18.0,8.0,18.0,3.0,5.0,0.0
MH_PUNE_555921,Thoran,Thoran,Mawal,Pune,18.8629,73.47833,68.68,53.88,21.1,813.7,65.1,716.0,911.3,14.0,198.7,48.0,18.0,8.0,18.0,3.0,5.0,0.0
MH_PUNE_555874,Bhoyare,Bhoyare,Mawal,Pune,18.85165,73.62426,82.83,42.95,7.2,638.4,51.1,561.7,715.0,14.0,204.1,48.0,18.0,8.0,18.0,3.0,5.0,0.0
MH_PUNE_555922,Jambhavali,Jambhavali,Mawal,Pune,18.86283,73.45041,65.95,56.04,23.7,677.8,54.2,596.5,759.1,14.0,197.7,48.0,18.0,8.0,18.0,3.0,5.0,0.0
MH_PUNE_555905,Kusavali,Kusavali,Mawal,Pune,18.86964,73.52953,73.99,50.65,16.2,728.1,58.3,640.7,815.6,14.0,200.6,48.0,18.0,8.0,18.0,3.0,5.0,0.0
MH_PUNE_555907,Vadeshwar,Vadeshwar,Mawal,Pune,18.85716,73.56919,77.48,46.88,12.4,635.2,50.8,559.0,711.4,14.0,202.1,48.0,18.0,8.0,18.0,3.0,5.0,0.0
MH_PUNE_555920,Rakaswadi,Rakaswadi,Mawal,Pune,18.86225,73.49671,70.46,52.44,19.3,752.4,60.2,662.1,842.7,14.0,199.4,48.0,18.0,8.0,18.0,3.0,5.0,0.0
MH_PUNE_555919,Shirdhe,Shirdhe,Mawal,Pune,18.85586,73.51245,71.78,50.76,17.8,731.4,58.5,643.6,819.1,14.0,200.0,48.0,18.0,8.0,18.0,3.0,5.0,0.0
MH_PUNE_555938,Udhewadi,Udhewadi,Mawal,Pune,18.83237,73.40314,60.08,57.85,28.2,535.6,42.9,471.3,600.0,3.0,195.9,48.0,18.0,8.0,18.0,3.0,5.0,0.0
MH_PUNE_555918,Ukasan,Ukasan,Mawal,Pune,18.83916,73.53517,73.46,47.77,15.7,926.1,74.1,815.0,1037.3,14.0,200.8,48.0,18.0,8.0,18.0,3.0,5.0,0.0
MH_PUNE_555923,Somavadi,Somavadi,Mawal,Pune,18.83647,73.49483,69.33,50.61,19.5,633.0,50.6,557.1,708.9,14.0,199.3,48.0,18.0,8.0,18.0,3.0,5.0,0.0
MH_PUNE_555908,Mau,Mau,Mawal,Pune,18.8354,73.59752,79.63,43.13,9.7,613.5,49.1,539.9,687.1,14.0,203.1,48.0,18.0,8.0,18.0,3.0,5.0,0.0
MH_PUNE_555917,Pale Nane Mawal,Pale Nane Mawal,Mawal,Pune,18.82814,73.54688,74.28,46.03,14.5,792.2,63.4,697.1,887.3,14.0,201.2,48.0,18.0,8.0,18.0,3.0,5.0,0.0
MH_PUNE_555954,Khandashi,Khandashi,Mawal,Pune,18.81266,73.47372,66.41,50.59,21.5,654.5,52.4,575.9,733.1,14.0,198.5,48.0,18.0,8.0,18.0,3.0,5.0,0.0
MH_PUNE_555916,Brahmanwadi,Brahmanwadi,Mawal,Pune,18.82764,73.56674,76.28,44.56,12.7,654.8,52.4,576.2,733.4,14.0,202.0,48.0,18.0,8.0,18.0,3.0,5.0,0.0
MH_PUNE_555951,Bhajgaon,Bhajgaon,Mawal,Pune,18.82232,73.51214,70.59,48.2,17.8,633.0,50.6,557.1,708.9,14.0,199.9,48.0,18.0,8.0,18.0,3.0,5.0,0.0
MH_PUNE_555915,Vaund,Vaund,Mawal,Pune,18.81627,73.59062,78.38,41.95,10.4,664.3,53.1,584.6,743.9,14.0,202.9,48.0,18.0,8.0,18.0,3.0,5.0,0.0
MH_PUNE_555914,Kacharewadi,Kacharewadi,Mawal,Pune,18.81806,73.60237,79.62,41.31,9.3,664.4,53.2,584.6,744.2,14.0,203.3,48.0,18.0,8.0,18.0,3.0,5.0,0.0
MH_PUNE_555952,Vadavali,Vadavali,Mawal,Pune,18.81144,73.52833,71.9,46.13,16.3,645.1,51.6,567.7,722.5,14.0,200.5,48.0,18.0,8.0,18.0,3.0,5.0,0.0
MH_PUNE_555926,Karanjgaon,Karanjgaon,Mawal,Pune,18.81413,73.56596,75.8,43.51,12.7,799.5,64.0,703.5,895.5,14.0,201.9,48.0,18.0,8.0,18.0,3.0,5.0,0.0
MH_PUNE_555913,Ghonshet,Ghonshet,Mawal,Pune,18.80852,73.61307,80.46,39.78,8.3,652.0,52.2,573.7,730.3,14.0,203.7,48.0,18.0,8.0,18.0,3.0,5.0,0.0
MH_PUNE_555925,Govitri,Govitri,Mawal,Pune,18.80301,73.54102,72.95,44.51,15.1,617.8,49.4,543.7,691.9,14.0,201.0,48.0,18.0,8.0,18.0,3.0,5.0,0.0
MH_PUNE_555953,Velhavali,Velhavali,Mawal,Pune,18.79657,73.52601,71.25,45.21,16.5,609.5,48.8,536.3,682.7,14.0,200.5,48.0,18.0,8.0,18.0,3.0,5.0,0.0
MH_PUNE_555929,Kondivade N M,Kondivade N M,Mawal,Pune,18.80061,73.57214,76.07,41.98,12.1,651.9,52.2,573.6,730.2,14.0,202.2,48.0,18.0,8.0,18.0,3.0,5.0,0.0
MH_PUNE_555930,Sai,Sai,Mawal,Pune,18.79868,73.59725,78.59,40.02,9.8,636.6,50.9,560.3,713.0,14.0,203.1,48.0,18.0,8.0,18.0,3.0,5.0,0.0
MH_PUNE_555958,Valakh,Valakh,Mawal,Pune,18.77191,73.54586,72.68,41.84,14.6,608.5,48.7,535.5,681.6,14.0,201.2,48.0,18.0,8.0,18.0,3.0,5.0,0.0
MH_PUNE_555933,Nane,Nane,Mawal,Pune,18.77714,73.5807,76.39,39.5,11.3,615.6,49.2,541.8,689.4,14.0,202.5,48.0,18.0,8.0,18.0,3.0,5.0,0.0
MH_PUNE_555956,Sangise,Sangise,Mawal,Pune,18.78542,73.53689,72.07,43.53,15.5,605.8,48.5,533.0,678.5,14.0,200.9,48.0,18.0,8.0,18.0,3.0,5.0,0.0
MH_PUNE_555928,Kambare N M,Kambare N M,Mawal,Pune,18.78919,73.56396,74.94,41.7,12.9,629.6,50.4,554.0,705.2,14.0,201.9,48.0,18.0,8.0,18.0,3.0,5.0,0.0
MH_PUNE_555965,Vehergaon,Vehergaon,Mawal,Pune,18.77688,73.48431,66.47,47.31,20.5,668.1,53.4,588.0,748.2,14.0,198.9,48.0,18.0,8.0,18.0,3.0,5.0,0.0
MH_PUNE_555931,Nanoli N M,Nanoli N M,Mawal,Pune,18.78394,73.60681,79.23,38.13,8.9,596.9,47.8,525.2,668.6,14.0,203.5,48.0,18.0,8.0,18.0,3.0,5.0,0.0
MH_PUNE_555932,Paravadi,Paravadi,Mawal,Pune,18.77759,73.62117,80.58,36.59,7.5,621.5,49.7,547.0,696.1,14.0,204.0,48.0,18.0,8.0,18.0,3.0,5.0,0.0
MH_PUNE_555964,Dahivali,Dahivali,Mawal,Pune,18.77395,73.49683,67.68,46.05,19.3,724.5,58.0,637.5,811.5,14.0,199.4,48.0,18.0,8.0,18.0,3.0,5.0,0.0
MH_PUNE_555963,Shilatane,Shilatane,Mawal,Pune,18.76942,73.51312,69.25,44.37,17.8,618.6,49.5,544.3,692.8,14.0,200.0,48.0,18.0,8.0,18.0,3.0,5.0,0.0
MH_PUNE_555957,Budhavadi,Budhavadi,Mawal,Pune,18.77981,73.55795,74.1,41.45,13.5,608.4,48.7,535.4,681.5,14.0,201.6,48.0,18.0,8.0,18.0,3.0,5.0,0.0
MH_PUNE_555959,Vadivale,Vadivale,Mawal,Pune,18.76594,73.5579,73.79,40.44,13.5,607.9,48.6,535.0,680.8,14.0,201.6,48.0,18.0,8.0,18.0,3.0,5.0,0.0
MH_PUNE_555894,Kanhe,Kanhe,Mawal,Pune,18.75772,73.61965,80.03,35.07,7.6,620.4,49.6,546.0,694.8,14.0,203.9,48.0,18.0,8.0,18.0,3.0,5.0,0.0
MH_PUNE_555945,Devghar,Devghar,Mawal,Pune,18.76333,73.47777,65.47,47.02,21.1,616.7,49.3,542.8,690.7,14.0,198.7,48.0,18.0,8.0,18.0,3.0,5.0,0.0
MH_PUNE_555961,Mundhavare,Mundhavare,Mawal,Pune,18.75945,73.54225,72.04,41.26,15.0,644.2,51.5,566.9,721.4,14.0,201.1,48.0,18.0,8.0,18.0,3.0,5.0,0.0
MH_PUNE_555966,Karla,Karla,Mawal,Pune,18.75375,73.49574,67.11,44.86,19.4,612.6,49.0,539.1,686.1,14.0,199.3,48.0,18.0,8.0,18.0,3.0,5.0,0.0
MH_PUNE_555924,Valavanti,Valavanti,Mawal,Pune,18.8375,73.51875,71.76,48.85,17.2,818.8,65.5,720.5,917.0,14.0,200.2,48.0,18.0,8.0,18.0,3.0,5.0,0.0
MH_PUNE_555939,Nandgaon,Nandgaon,Mawal,Pune,18.82674,73.42872,62.39,55.3,25.8,665.6,53.2,585.8,745.4,14.0,196.9,48.0,18.0,8.0,18.0,3.0,5.0,0.0
MH_PUNE_555940,Kune N M,Kune N M,Mawal,Pune,18.76953,73.41292,58.97,53.2,27.3,673.4,53.9,592.6,754.3,14.0,196.3,48.0,18.0,8.0,18.0,3.0,5.0,0.0
MH_PUNE_555944,Karandoli,Karandoli,Mawal,Pune,18.7821,73.45231,63.33,50.41,23.5,625.5,50.0,550.5,700.5,14.0,197.7,48.0,18.0,8.0,18.0,3.0,5.0,0.0
MH_PUNE_555946,Waksai,Waksai,Mawal,Pune,18.75793,73.452,62.69,49.0,23.6,614.8,49.2,541.0,688.6,14.0,197.7,48.0,18.0,8.0,18.0,3.0,5.0,0.0
MH_PUNE_555947,Warsoli,Warsoli,Mawal,Pune,18.76075,73.43791,61.3,50.43,24.9,619.4,49.6,545.0,693.8,14.0,197.2,48.0,18.0,8.0,18.0,3.0,5.0,0.0
MH_PUNE_555943,Budhele,Budhele,Mawal,Pune,18.7744,73.43863,61.72,51.16,24.8,659.3,52.7,580.2,738.3,14.0,197.2,48.0,18.0,8.0,18.0,3.0,5.0,0.0
MH_PUNE_555942,Jevare,Jevare,Mawal,Pune,18.79056,73.43754,62.07,52.23,24.9,629.5,50.4,553.9,705.1,14.0,197.2,48.0,18.0,8.0,18.0,3.0,5.0,0.0
MH_PUNE_555721,Virham,Virham,Khed,Pune,18.98287,73.58655,81.15,57.49,10.8,865.5,69.2,761.7,969.3,14.0,202.7,10.0,12.0,6.0,64.0,5.0,3.0,0.0
MH_PUNE_555722,Ambhu,Ambhu,Khed,Pune,18.9413,73.60452,82.65,52.53,9.1,721.2,57.7,634.7,807.8,14.0,203.4,10.0,12.0,6.0,64.0,5.0,3.0,0.0
MH_PUNE_555716,Wandre,Wandre,Khed,Pune,18.98046,73.55299,77.61,59.05,14.0,847.9,67.8,746.2,949.6,14.0,201.5,10.0,12.0,6.0,64.0,5.0,3.0,0.0
MH_PUNE_555728,Velhavale,Velhavale,Khed,Pune,18.92334,73.6203,84.23,49.98,7.6,716.8,57.3,630.8,802.7,14.0,204.0,10.0,12.0,6.0,64.0,5.0,3.0,0.0
MH_PUNE_555867,Malegaon Bk,Malegaon Bk,Mawal,Pune,18.9589,73.51978,73.89,59.02,17.1,752.5,60.2,662.2,842.8,14.0,200.2,48.0,18.0,8.0,18.0,3.0,5.0,0.0
MH_PUNE_555723,Amboli,Amboli,Khed,Pune,18.95739,73.62358,84.76,53.17,7.3,722.2,57.8,635.5,808.9,14.0,204.1,10.0,12.0,6.0,64.0,5.0,3.0,0.0
MH_PUNE_555866,Sawale,Sawale,Mawal,Pune,18.95603,73.47473,69.15,61.69,21.4,697.7,55.8,614.0,781.4,14.0,198.6,48.0,18.0,8.0,18.0,3.0,5.0,0.0
MH_PUNE_555720,Bhalavadi,Bhalavadi,Khed,Pune,18.96852,73.59855,82.24,55.49,9.6,768.4,61.5,676.1,860.6,14.0,203.1,10.0,12.0,6.0,64.0,5.0,3.0,0.0
MH_PUNE_555717,Torne Kh,Torne Kh,Khed,Pune,18.95346,73.56832,78.93,55.65,12.5,734.2,58.7,646.1,822.2,14.0,202.0,10.0,12.0,6.0,64.0,5.0,3.0,0.0
MH_PUNE_555719,Adhe,Adhe,Khed,Pune,18.95573,73.58939,81.16,54.72,10.5,725.2,58.0,638.2,812.2,14.0,202.8,10.0,12.0,6.0,64.0,5.0,3.0,0.0
MH_PUNE_555868,Pimpari,Pimpari,Mawal,Pune,18.93889,73.54527,76.41,55.65,14.7,999.7,80.0,879.7,1119.7,14.0,201.2,48.0,18.0,8.0,18.0,3.0,5.0,0.0
MH_PUNE_555869,Malegaon Kh,Malegaon Kh,Mawal,Pune,18.92343,73.55774,77.65,53.49,13.5,793.5,63.5,698.3,888.8,14.0,201.6,48.0,18.0,8.0,18.0,3.0,5.0,0.0
MH_PUNE_555727,Kharawali,Kharawali,Khed,Pune,18.93736,73.6199,84.24,51.37,7.6,686.7,54.9,604.3,769.0,14.0,203.9,10.0,12.0,6.0,64.0,5.0,3.0,0.0
MH_PUNE_555899,Khand,Khand,Mawal,Pune,18.92752,73.48872,70.41,58.32,20.1,672.1,53.8,591.4,752.8,14.0,199.1,48.0,18.0,8.0,18.0,3.0,5.0,0.0
MH_PUNE_555900,Kusur,Kusur,Mawal,Pune,18.90309,73.45585,66.89,58.69,23.2,715.5,57.2,629.7,801.3,14.0,197.9,48.0,18.0,8.0,18.0,3.0,5.0,0.0
MH_PUNE_555871,Inglun,Inglun,Mawal,Pune,18.90583,73.59409,81.44,49.73,10.1,937.2,75.0,824.7,1049.7,14.0,203.0,48.0,18.0,8.0,18.0,3.0,5.0,0.0
MH_PUNE_555872,Kivale,Kivale,Mawal,Pune,18.88814,73.60986,82.64,47.18,8.6,1044.3,83.5,919.1,1169.6,14.0,203.6,48.0,18.0,8.0,18.0,3.0,5.0,0.0
MH_PUNE_555901,Dahuli,Dahuli,Mawal,Pune,18.89257,73.4835,69.81,55.81,20.6,847.5,67.8,745.8,949.2,14.0,198.9,48.0,18.0,8.0,18.0,3.0,5.0,0.0
MH_PUNE_555903,Borivali,Borivali,Mawal,Pune,18.88814,73.51035,72.64,53.53,18.0,697.4,55.8,613.7,781.1,14.0,199.9,48.0,18.0,8.0,18.0,3.0,5.0,0.0
MH_PUNE_555904,Wahangaon,Wahangaon,Mawal,Pune,18.88661,73.5421,75.89,51.22,15.0,662.0,53.0,582.5,741.5,14.0,201.1,48.0,18.0,8.0,18.0,3.0,5.0,0.0
MH_PUNE_555902,Kambare Andar Mawal,Kambare Andar Mawal,Mawal,Pune,18.88385,73.50086,71.65,53.85,18.9,740.7,59.3,651.8,829.7,14.0,199.5,48.0,18.0,8.0,18.0,3.0,5.0,0.0
MH_PUNE_555906,Nagathali,Nagathali,Mawal,Pune,18.87287,73.55127,76.26,49.43,14.1,673.1,53.8,592.4,753.8,14.0,201.4,48.0,18.0,8.0,18.0,3.0,5.0,0.0
MH_PUNE_555718,Vanjul Vihire,Vanjul Vihire,Khed,Pune,18.93919,73.59084,81.2,53.06,10.4,753.2,60.3,662.7,843.6,14.0,202.9,10.0,12.0,6.0,64.0,5.0,3.0,0.0
MH_PUNE_555870,Kune Ansute,Kune Ansute,Mawal,Pune,18.91677,73.58155,80.13,51.47,11.3,908.3,72.7,799.3,1017.4,14.0,202.5,48.0,18.0,8.0,18.0,3.0,5.0,0.0
MH_PUNE_555770,Dhamane,Dhamane,Khed,Pune,18.83615,73.76288,96.52,35.26,-1.1,650.8,52.1,572.6,728.9,3.0,209.2,10.0,12.0,6.0,64.0,5.0,3.0,0.0
MH_PUNE_555909,Kondivade A M,Kondivade A M,Mawal,Pune,18.83502,73.63444,83.37,40.82,6.2,679.8,54.4,598.2,761.4,14.0,204.5,48.0,18.0,8.0,18.0,3.0,5.0,0.0
MH_PUNE_555750,Askhed Kh,Askhed Kh,Khed,Pune,18.8115,73.77526,97.22,32.28,-1.4,652.7,52.2,574.4,731.0,3.0,209.7,10.0,12.0,6.0,64.0,5.0,3.0,0.0
MH_PUNE_555745,Pait,Pait,Khed,Pune,18.87089,73.74444,95.58,39.5,-0.8,721.9,57.8,635.2,808.6,3.0,208.5,10.0,12.0,6.0,64.0,5.0,3.0,0.0
MH_PUNE_555760,Donde,Donde,Khed,Pune,18.87163,73.84865,106.21,37.99,-2.7,611.2,48.9,537.8,684.5,3.0,212.4,10.0,12.0,6.0,64.0,5.0,3.0,0.0
MH_PUNE_555737,Deshamukhwadi,Deshamukhwadi,Khed,Pune,18.8694,73.67801,88.82,41.86,2.1,672.2,53.8,591.5,752.9,14.0,206.1,10.0,12.0,6.0,64.0,5.0,3.0,0.0
MH_PUNE_555912,Takave Bk,Takave Bk,Mawal,Pune,18.79584,73.63319,82.22,37.36,6.3,613.5,49.1,539.9,687.1,14.0,204.4,48.0,18.0,8.0,18.0,3.0,5.0,0.0
MH_PUNE_555769,Koye,Koye,Khed,Pune,18.86387,73.7759,98.58,37.94,-1.4,724.9,58.0,637.9,811.9,3.0,209.7,10.0,12.0,6.0,64.0,5.0,3.0,0.0
MH_PUNE_555875,Kalhat,Kalhat,Mawal,Pune,18.85583,73.65577,86.15,41.61,4.2,703.3,56.3,618.9,787.8,14.0,205.3,48.0,18.0,8.0,18.0,3.0,5.0,0.0
MH_PUNE_555767,Kurkundi,Kurkundi,Khed,Pune,18.85031,73.79642,100.31,36.06,-1.7,670.1,53.6,589.7,750.5,3.0,210.5,10.0,12.0,6.0,64.0,5.0,3.0,0.0
MH_PUNE_555838,Biradvadi,Biradvadi,Khed,Pune,18.77875,73.8443,103.77,27.67,-2.6,635.2,50.8,559.0,711.4,3.0,212.2,10.0,12.0,6.0,64.0,5.0,3.0,0.0
MH_PUNE_555765,Kiwale,Kiwale,Khed,Pune,18.85158,73.81787,102.54,35.92,-2.1,706.1,56.5,621.4,790.9,3.0,211.3,10.0,12.0,6.0,64.0,5.0,3.0,0.0
MH_PUNE_555743,Parale,Parale,Khed,Pune,18.86217,73.70754,91.58,39.87,-0.1,702.3,56.2,618.0,786.6,3.0,207.2,10.0,12.0,6.0,64.0,5.0,3.0,0.0
MH_PUNE_555746,Raundhalwadi,Raundhalwadi,Khed,Pune,18.85143,73.72477,93.02,38.1,-0.4,674.8,54.0,593.8,755.8,3.0,207.8,10.0,12.0,6.0,64.0,5.0,3.0,0.0
MH_PUNE_555742,Wahagaon,Wahagaon,Khed,Pune,18.85009,73.69116,89.57,39.33,0.8,670.0,53.6,589.6,750.4,14.0,206.6,10.0,12.0,6.0,64.0,5.0,3.0,0.0
MH_PUNE_555764,Chandus,Chandus,Khed,Pune,18.84069,73.83346,103.88,34.59,-2.4,634.8,50.8,558.6,711.0,3.0,211.8,10.0,12.0,6.0,64.0,5.0,3.0,0.0
MH_PUNE_555747,Shive,Shive,Khed,Pune,18.83313,73.71205,91.23,36.71,-0.2,685.2,54.8,603.0,767.4,3.0,207.3,10.0,12.0,6.0,64.0,5.0,3.0,0.0
MH_PUNE_555876,Nigade,Nigade,Mawal,Pune,18.82494,73.67061,86.78,37.85,2.8,1056.0,84.5,929.2,1182.7,14.0,205.8,48.0,18.0,8.0,18.0,3.0,5.0,0.0
MH_PUNE_555910,Pawalewadi,Pawalewadi,Mawal,Pune,18.83717,73.65583,85.6,39.81,4.2,688.2,55.1,605.5,770.8,14.0,205.3,48.0,18.0,8.0,18.0,3.0,5.0,0.0
MH_PUNE_555768,Askhed Bk,Askhed Bk,Khed,Pune,18.82885,73.78271,98.38,33.98,-1.5,646.0,51.7,568.4,723.5,3.0,210.0,10.0,12.0,6.0,64.0,5.0,3.0,0.0
MH_PUNE_555748,Waki Tarf Wada,Waki Tarf Wada,Khed,Pune,18.82714,73.73625,93.56,35.15,-0.7,627.3,50.2,552.0,702.6,3.0,208.2,10.0,12.0,6.0,64.0,5.0,3.0,0.0
MH_PUNE_555766,Koregaon Bk,Koregaon Bk,Khed,Pune,18.82587,73.81183,101.31,33.14,-2.0,614.8,49.2,541.0,688.6,3.0,211.0,10.0,12.0,6.0,64.0,5.0,3.0,0.0
MH_PUNE_555749,Karanja Vihire,Karanja Vihire,Khed,Pune,18.81383,73.75357,95.03,33.15,-1.0,666.8,53.3,586.8,746.7,3.0,208.9,10.0,12.0,6.0,64.0,5.0,3.0,0.0
MH_PUNE_555911,Phalane,Phalane,Mawal,Pune,18.81888,73.62835,82.3,39.71,6.8,643.2,51.5,565.9,720.4,14.0,204.2,48.0,18.0,8.0,18.0,3.0,5.0,0.0
MH_PUNE_555877,Ambale,Ambale,Mawal,Pune,18.80405,73.68489,87.73,35.09,1.4,680.1,54.4,598.5,761.7,14.0,206.3,48.0,18.0,8.0,18.0,3.0,5.0,0.0
MH_PUNE_555878,Umbare Navalakh,Umbare Navalakh,Mawal,Pune,18.79596,73.71286,90.44,32.91,-0.2,654.6,52.4,576.0,733.2,3.0,207.4,48.0,18.0,8.0,18.0,3.0,5.0,0.0
MH_PUNE_555821,Koregaon Kh,Koregaon Kh,Khed,Pune,18.81065,73.81968,101.79,31.37,-2.2,674.0,53.9,593.1,754.8,3.0,211.3,10.0,12.0,6.0,64.0,5.0,3.0,0.0
MH_PUNE_555833,Ambethan,Ambethan,Khed,Pune,18.78963,73.82809,102.26,28.96,-2.3,636.5,50.9,560.2,712.9,3.0,211.6,10.0,12.0,6.0,64.0,5.0,3.0,0.0
MH_PUNE_555882,Jambavade,Jambavade,Mawal,Pune,18.75828,73.74994,93.61,27.49,-0.9,595.5,47.6,524.1,666.9,3.0,208.7,48.0,18.0,8.0,18.0,3.0,5.0,0.0
MH_PUNE_555751,Shelu,Shelu,Khed,Pune,18.80992,73.79855,99.59,31.59,-1.8,645.4,51.6,568.0,722.8,3.0,210.5,10.0,12.0,6.0,64.0,5.0,3.0,0.0
MH_PUNE_555879,Badhalawadi,Badhalawadi,Mawal,Pune,18.80207,73.73966,93.34,32.41,-0.7,702.6,56.2,618.3,786.9,3.0,208.4,48.0,18.0,8.0,18.0,3.0,5.0,0.0
MH_PUNE_555888,Shire,Shire,Mawal,Pune,18.80013,73.66034,85.12,36.08,3.8,637.9,51.0,561.4,714.4,14.0,205.4,48.0,18.0,8.0,18.0,3.0,5.0,0.0
MH_PUNE_555834,Gonavadi,Gonavadi,Khed,Pune,18.8012,73.84175,103.89,30.17,-2.6,644.2,51.5,567.0,721.5,3.0,212.1,10.0,12.0,6.0,64.0,5.0,3.0,0.0
MH_PUNE_555823,Bhamboli,Bhamboli,Khed,Pune,18.79145,73.79281,98.63,29.69,-1.7,683.2,54.7,601.1,765.2,3.0,210.3,10.0,12.0,6.0,64.0,5.0,3.0,0.0
MH_PUNE_555822,Varale,Varale,Khed,Pune,18.7866,73.81099,100.43,28.83,-2.0,674.5,54.0,593.5,755.5,3.0,211.0,10.0,12.0,6.0,64.0,5.0,3.0,0.0
MH_PUNE_555825,Shinde,Shinde,Khed,Pune,18.77882,73.76666,95.69,29.03,-1.2,652.8,52.2,574.5,731.1,3.0,209.4,10.0,12.0,6.0,64.0,5.0,3.0,0.0
MH_PUNE_555889,Belaj,Belaj,Mawal,Pune,18.78148,73.65282,83.93,34.84,4.5,591.4,47.3,520.5,662.4,14.0,205.2,48.0,18.0,8.0,18.0,3.0,5.0,0.0
MH_PUNE_555887,Mangarul,Mangarul,Mawal,Pune,18.77997,73.68475,87.21,32.8,1.4,638.1,51.0,561.6,714.6,14.0,206.3,48.0,18.0,8.0,18.0,3.0,5.0,0.0
MH_PUNE_555880,Jadhavwadi,Jadhavwadi,Mawal,Pune,18.78565,73.73833,92.87,30.77,-0.7,640.3,51.2,563.5,717.1,3.0,208.3,48.0,18.0,8.0,18.0,3.0,5.0,0.0
MH_PUNE_555824,Wasuli,Wasuli,Khed,Pune,18.77478,73.78172,97.19,28.15,-1.5,652.1,52.2,573.8,730.4,3.0,209.9,10.0,12.0,6.0,64.0,5.0,3.0,0.0
MH_PUNE_555881,Mendhewadi,Mendhewadi,Mawal,Pune,18.77721,73.74512,93.42,29.63,-0.8,649.5,52.0,571.5,727.5,3.0,208.6,48.0,18.0,8.0,18.0,3.0,5.0,0.0
MH_PUNE_555890,Rajpuri,Rajpuri,Mawal,Pune,18.77096,73.66473,84.96,33.15,3.4,636.7,50.9,560.4,713.1,14.0,205.6,48.0,18.0,8.0,18.0,3.0,5.0,0.0
MH_PUNE_556028,Ambi,Ambi,Mawal,Pune,18.7591,73.691,87.48,30.49,0.9,606.1,48.5,533.4,678.9,14.0,206.6,48.0,18.0,8.0,18.0,3.0,5.0,0.0
MH_PUNE_555826,Savardari,Savardari,Khed,Pune,18.76327,73.79459,98.34,26.59,-1.7,640.2,51.2,563.4,717.0,3.0,210.4,10.0,12.0,6.0,64.0,5.0,3.0,0.0
MH_PUNE_555886,Nanoli T Chakan,Nanoli T Chakan,Mawal,Pune,18.75863,73.72474,90.99,28.64,-0.4,644.5,51.6,567.1,721.9,3.0,207.8,48.0,18.0,8.0,18.0,3.0,5.0,0.0
MH_PUNE_556029,Akurdi,Akurdi,Mawal,Pune,18.76146,73.70984,89.48,29.67,-0.2,606.6,48.5,533.9,679.4,3.0,207.3,48.0,18.0,8.0,18.0,3.0,5.0,0.0
MH_PUNE_555891,Sangavi,Sangavi,Mawal,Pune,18.76279,73.6424,82.49,33.89,5.5,628.3,50.3,552.9,703.8,14.0,204.8,48.0,18.0,8.0,18.0,3.0,5.0,0.0
MH_PUNE_555710,Yeniye Bk,Yeniye Bk,Khed,Pune,18.98484,73.69237,92.23,53.23,0.7,795.0,63.6,699.6,890.4,14.0,206.6,10.0,12.0,6.0,64.0,5.0,3.0,0.0
MH_PUNE_555687,Sakurdi,Sakurdi,Khed,Pune,18.97446,73.74837,97.99,50.57,-0.9,648.0,51.8,570.3,725.7,3.0,208.7,10.0,12.0,6.0,64.0,5.0,3.0,0.0
MH_PUNE_555774,Kadadhe,Kadadhe,Khed,Pune,18.9745,73.83106,106.66,49.47,-2.4,700.1,56.0,616.1,784.1,3.0,211.7,10.0,12.0,6.0,64.0,5.0,3.0,0.0
MH_PUNE_555709,Kude Kh,Kude Kh,Khed,Pune,18.96486,73.6893,91.72,51.23,1.0,751.7,60.1,661.6,841.9,14.0,206.5,10.0,12.0,6.0,64.0,5.0,3.0,0.0
MH_PUNE_555685,Kahu,Kahu,Khed,Pune,18.96283,73.78547,101.79,48.61,-1.5,648.0,51.8,570.3,725.7,3.0,210.1,10.0,12.0,6.0,64.0,5.0,3.0,0.0
MH_PUNE_555759,Kadus,Kadus,Khed,Pune,18.89315,73.83089,105.01,40.43,-2.4,624.2,49.9,549.3,699.0,3.0,211.7,10.0,12.0,6.0,64.0,5.0,3.0,0.0
MH_PUNE_555735,Tekavadi,Tekavadi,Khed,Pune,18.90376,73.66757,88.94,45.79,3.1,712.5,57.0,627.0,798.0,14.0,205.7,10.0,12.0,6.0,64.0,5.0,3.0,0.0
MH_PUNE_555707,Parsul,Parsul,Khed,Pune,18.97836,73.63505,86.16,54.75,6.2,737.4,59.0,648.9,825.9,14.0,204.5,10.0,12.0,6.0,64.0,5.0,3.0,0.0
MH_PUNE_555775,Kanhewadi Bk,Kanhewadi Bk,Khed,Pune,18.9686,73.84498,108.07,48.77,-2.6,839.6,67.2,738.8,940.4,3.0,212.3,10.0,12.0,6.0,64.0,5.0,3.0,0.0
MH_PUNE_555696,Wanjale,Wanjale,Khed,Pune,19.03736,73.66537,90.2,59.67,3.3,693.0,55.4,609.9,776.1,14.0,205.6,10.0,12.0,6.0,64.0,5.0,3.0,0.0
MH_PUNE_555713,Devoshi,Devoshi,Khed,Pune,18.96702,73.72453,95.43,50.36,-0.4,677.5,54.2,596.2,758.8,3.0,207.8,10.0,12.0,6.0,64.0,5.0,3.0,0.0
MH_PUNE_555712,Yeniye Kh,Yeniye Kh,Khed,Pune,18.97559,73.71118,94.11,51.66,-0.2,758.6,60.7,667.5,849.6,3.0,207.3,10.0,12.0,6.0,64.0,5.0,3.0,0.0
MH_PUNE_555686,Koyali Tarf Wada,Koyali Tarf Wada,Khed,Pune,18.96921,73.7685,100.06,49.59,-1.2,648.0,51.8,570.3,725.7,3.0,209.4,10.0,12.0,6.0,64.0,5.0,3.0,0.0
MH_PUNE_555724,Avandhe,Avandhe,Khed,Pune,18.95781,73.64315,86.82,52.32,5.4,954.3,76.3,839.8,1068.7,14.0,204.8,10.0,12.0,6.0,64.0,5.0,3.0,0.0
MH_PUNE_555773,Bibi,Bibi,Khed,Pune,18.96624,73.80332,103.69,48.76,-1.9,650.9,52.1,572.8,729.1,3.0,210.7,10.0,12.0,6.0,64.0,5.0,3.0,0.0
MH_PUNE_555776,Mohakal,Mohakal,Khed,Pune,18.9518,73.83863,107.3,46.92,-2.5,673.2,53.9,592.3,754.0,3.0,212.0,10.0,12.0,6.0,64.0,5.0,3.0,0.0
MH_PUNE_555732,Waghu,Waghu,Khed,Pune,18.9156,73.65205,87.54,47.68,4.6,757.1,60.6,666.2,848.0,14.0,205.1,10.0,12.0,6.0,64.0,5.0,3.0,0.0
MH_PUNE_555715,Avadar,Avadar,Khed,Pune,18.94601,73.70341,93.06,48.77,-0.1,802.1,64.2,705.8,898.4,3.0,207.0,10.0,12.0,6.0,64.0,5.0,3.0,0.0
MH_PUNE_555754,Vetale,Vetale,Khed,Pune,18.94426,73.80129,103.34,46.35,-1.8,623.5,49.9,548.6,698.3,3.0,210.6,10.0,12.0,6.0,64.0,5.0,3.0,0.0
MH_PUNE_555714,Wajavane,Wajavane,Khed,Pune,18.952,73.73344,96.25,48.5,-0.6,816.4,65.3,718.4,914.3,3.0,208.1,10.0,12.0,6.0,64.0,5.0,3.0,0.0
MH_PUNE_555752,Washere,Washere,Khed,Pune,18.93849,73.74691,97.59,46.7,-0.8,728.4,58.3,640.9,815.8,3.0,208.6,10.0,12.0,6.0,64.0,5.0,3.0,0.0
MH_PUNE_555753,Saburdi,Saburdi,Khed,Pune,18.9403,73.77795,100.86,46.25,-1.4,679.6,54.4,598.0,761.2,3.0,209.8,10.0,12.0,6.0,64.0,5.0,3.0,0.0
MH_PUNE_555734,Koliye,Koliye,Khed,Pune,18.88619,73.65623,87.19,44.55,4.2,670.0,53.6,589.6,750.4,14.0,205.3,10.0,12.0,6.0,64.0,5.0,3.0,0.0
MH_PUNE_555730,Supe,Supe,Khed,Pune,18.93769,73.65755,88.2,49.66,4.0,791.0,63.3,696.0,885.9,14.0,205.3,10.0,12.0,6.0,64.0,5.0,3.0,0.0
MH_PUNE_555725,Kohinde Kh,Kohinde Kh,Khed,Pune,18.94022,73.63628,85.98,50.86,6.1,772.8,61.8,680.1,865.5,14.0,204.5,10.0,12.0,6.0,64.0,5.0,3.0,0.0
MH_PUNE_555731,Adgaon,Adgaon,Khed,Pune,18.92985,73.67545,90.05,48.11,2.3,966.4,77.3,850.5,1082.4,14.0,206.0,10.0,12.0,6.0,64.0,5.0,3.0,0.0
MH_PUNE_555755,Sayagaon,Sayagaon,Khed,Pune,18.92797,73.82202,105.21,44.35,-2.2,617.4,49.4,543.3,691.5,3.0,211.4,10.0,12.0,6.0,64.0,5.0,3.0,0.0
MH_PUNE_555726,Akhatuli,Akhatuli,Khed,Pune,18.93239,73.62974,85.25,50.4,6.7,739.3,59.1,650.6,827.9,14.0,204.3,10.0,12.0,6.0,64.0,5.0,3.0,0.0
MH_PUNE_555729,Kanhewadi Kh,Kanhewadi Kh,Khed,Pune,18.92838,73.63958,86.27,49.53,5.7,744.0,59.5,654.8,833.3,14.0,204.7,10.0,12.0,6.0,64.0,5.0,3.0,0.0
MH_PUNE_555756,Kohinde Bk,Kohinde Bk,Khed,Pune,18.91091,73.76464,98.89,43.3,-1.2,714.6,57.2,628.8,800.4,3.0,209.3,10.0,12.0,6.0,64.0,5.0,3.0,0.0
MH_PUNE_555758,Gargotwadi,Gargotwadi,Khed,Pune,18.90004,73.7967,101.76,41.53,-1.7,662.9,53.0,583.4,742.4,3.0,210.5,10.0,12.0,6.0,64.0,5.0,3.0,0.0
MH_PUNE_555733,Gadad,Gadad,Khed,Pune,18.90377,73.631,85.32,47.53,6.6,676.7,54.1,595.6,757.9,14.0,204.3,10.0,12.0,6.0,64.0,5.0,3.0,0.0
MH_PUNE_555757,Talavade,Talavade,Khed,Pune,18.89731,73.75918,97.89,41.95,-1.1,713.0,57.0,627.5,798.5,3.0,209.1,10.0,12.0,6.0,64.0,5.0,3.0,0.0
MH_PUNE_555739,Hedruj,Hedruj,Khed,Pune,18.90956,73.71148,93.52,44.65,-0.2,1125.7,90.1,990.6,1260.9,3.0,207.3,10.0,12.0,6.0,64.0,5.0,3.0,0.0
MH_PUNE_555416,Aghane,Aghane,Ambegaon,Pune,19.179,73.61401,88.9,76.32,8.2,1071.9,85.8,943.2,1200.6,14.0,203.7,10.0,12.0,6.0,64.0,5.0,3.0,0.0
MH_PUNE_555740,Torne Bk,Torne Bk,Khed,Pune,18.88466,73.70735,92.26,42.2,-0.1,766.1,61.3,674.1,858.0,3.0,207.2,10.0,12.0,6.0,64.0,5.0,3.0,0.0
MH_PUNE_555744,Ahire,Ahire,Khed,Pune,18.87804,73.72006,93.33,41.05,-0.4,710.5,56.8,625.3,795.7,3.0,207.6,10.0,12.0,6.0,64.0,5.0,3.0,0.0
MH_PUNE_555741,Kasari,Kasari,Khed,Pune,18.87843,73.69374,90.69,42.09,0.6,690.0,55.2,607.2,772.8,14.0,206.7,10.0,12.0,6.0,64.0,5.0,3.0,0.0
MH_PUNE_555708,Kude Bk,Kude Bk,Khed,Pune,18.98511,73.67325,90.24,53.92,2.5,807.1,64.6,710.2,904.0,14.0,205.9,10.0,12.0,6.0,64.0,5.0,3.0,0.0
MH_PUNE_555738,Palu,Palu,Khed,Pune,18.91686,73.69161,91.71,46.14,0.8,754.2,60.3,663.7,844.6,14.0,206.6,10.0,12.0,6.0,64.0,5.0,3.0,0.0
MH_PUNE_555450,Terungan,Terungan,Ambegaon,Pune,19.09906,73.59028,83.96,68.93,10.4,904.6,72.4,796.0,1013.2,14.0,202.8,10.0,12.0,6.0,64.0,5.0,3.0,0.0
MH_PUNE_555453,Gadewadi,Gadewadi,Ambegaon,Pune,19.09367,73.62579,87.41,66.97,7.0,958.6,76.7,843.6,1073.7,14.0,204.2,10.0,12.0,6.0,64.0,5.0,3.0,0.0
MH_PUNE_555772,Bursewadi,Bursewadi,Khed,Pune,18.98332,73.81608,105.17,50.53,-2.1,747.1,59.8,657.4,836.8,3.0,211.2,10.0,12.0,6.0,64.0,5.0,3.0,0.0
MH_PUNE_555452,Rajpur,Rajpur,Ambegaon,Pune,19.09603,73.61131,86.0,67.77,8.4,932.2,74.6,820.3,1044.1,14.0,203.6,10.0,12.0,6.0,64.0,5.0,3.0,0.0
MH_PUNE_555449,Nigdale,Nigdale,Ambegaon,Pune,19.08031,73.56516,80.87,68.14,12.8,1023.2,81.9,900.4,1146.1,14.0,201.9,10.0,12.0,6.0,64.0,5.0,3.0,0.0
MH_PUNE_555676,Bhivegaon,Bhivegaon,Khed,Pune,19.06501,73.60469,84.52,64.85,9.1,956.0,76.5,841.2,1070.7,14.0,203.4,10.0,12.0,6.0,64.0,5.0,3.0,0.0
MH_PUNE_555675,Bhorgiri,Bhorgiri,Khed,Pune,19.04771,73.55491,79.0,65.41,13.8,808.1,64.6,711.2,905.0,14.0,201.5,10.0,12.0,6.0,64.0,5.0,3.0,0.0
MH_PUNE_555701,Tokavade,Tokavade,Khed,Pune,19.04702,73.62273,85.98,62.27,7.3,794.1,63.5,698.9,889.4,14.0,204.0,10.0,12.0,6.0,64.0,5.0,3.0,0.0
MH_PUNE_555702,Bhomale,Bhomale,Khed,Pune,19.02604,73.59804,83.01,61.2,9.7,883.7,70.7,777.6,989.7,14.0,203.1,10.0,12.0,6.0,64.0,5.0,3.0,0.0
MH_PUNE_555704,Kharpud,Kharpud,Khed,Pune,19.00414,73.59626,82.45,59.1,9.9,807.8,64.6,710.9,904.7,14.0,203.1,10.0,12.0,6.0,64.0,5.0,3.0,0.0
MH_PUNE_555431,Patan,Patan,Ambegaon,Pune,19.15353,73.61861,88.56,73.48,7.7,1018.8,81.5,896.6,1141.1,14.0,203.9,10.0,12.0,6.0,64.0,5.0,3.0,0.0
MH_PUNE_555694,Ekalahare,Ekalahare,Khed,Pune,19.01015,73.68561,91.85,56.13,1.4,772.9,61.8,680.2,865.6,14.0,206.4,10.0,12.0,6.0,64.0,5.0,3.0,0.0
MH_PUNE_555444,Nandurkichi Wadi,Nandurkichi Wadi,Ambegaon,Pune,19.10066,73.65822,90.91,66.59,4.0,1025.9,82.1,902.8,1149.1,14.0,205.4,10.0,12.0,6.0,64.0,5.0,3.0,0.0
MH_PUNE_555430,Nhaved,Nhaved,Ambegaon,Pune,19.16154,73.60687,87.68,74.74,8.8,1073.2,85.9,944.4,1202.1,14.0,203.5,10.0,12.0,6.0,64.0,5.0,3.0,0.0
MH_PUNE_555448,Kondhaval,Kondhaval,Ambegaon,Pune,19.11243,73.5486,80.16,72.12,14.4,951.9,76.2,837.6,1066.2,14.0,201.3,10.0,12.0,6.0,64.0,5.0,3.0,0.0
MH_PUNE_555415,Pimpargane,Pimpargane,Ambegaon,Pune,19.1918,73.60916,88.02,77.83,8.6,1054.8,84.4,928.2,1181.4,14.0,203.5,10.0,12.0,6.0,64.0,5.0,3.0,0.0
MH_PUNE_555447,Sakeri,Sakeri,Ambegaon,Pune,19.13673,73.59058,85.18,72.78,10.4,1014.3,81.1,892.7,1136.0,14.0,202.9,10.0,12.0,6.0,64.0,5.0,3.0,0.0
MH_PUNE_555451,Pimpari,Pimpari,Ambegaon,Pune,19.11819,73.59672,85.18,70.63,9.8,816.4,65.3,718.4,914.3,14.0,203.1,10.0,12.0,6.0,64.0,5.0,3.0,0.0
MH_PUNE_555414,Ahupe,Ahupe,Ambegaon,Pune,19.16604,73.56261,83.48,76.92,13.1,1058.0,84.6,931.1,1184.9,14.0,201.8,10.0,12.0,6.0,64.0,5.0,3.0,0.0
MH_PUNE_555455,Taleghar,Taleghar,Ambegaon,Pune,19.08797,73.63453,88.15,66.06,6.2,997.7,79.8,878.0,1117.4,14.0,204.5,10.0,12.0,6.0,64.0,5.0,3.0,0.0
MH_PUNE_555680,Kharoshi,Kharoshi,Khed,Pune,19.03613,73.70719,94.51,58.25,-0.1,721.8,57.7,635.2,808.3,3.0,207.2,10.0,12.0,6.0,64.0,5.0,3.0,0.0
MH_PUNE_555681,Awhat,Awhat,Khed,Pune,19.03554,73.72785,96.65,57.67,-0.5,813.8,65.1,716.1,911.4,3.0,207.9,10.0,12.0,6.0,64.0,5.0,3.0,0.0
MH_PUNE_555441,Koltavade,Koltavade,Ambegaon,Pune,19.1027,73.73357,98.66,64.85,-0.6,717.0,57.4,630.9,803.1,3.0,208.1,10.0,12.0,6.0,64.0,5.0,3.0,0.0
MH_PUNE_555458,Rajewadi,Rajewadi,Ambegaon,Pune,19.09322,73.70955,95.96,64.35,-0.2,928.2,74.3,816.7,1039.6,3.0,207.3,10.0,12.0,6.0,64.0,5.0,3.0,0.0
MH_PUNE_555678,Mandoshi,Mandoshi,Khed,Pune,19.05453,73.65416,89.38,61.86,4.4,832.5,66.6,732.6,932.4,14.0,205.2,10.0,12.0,6.0,64.0,5.0,3.0,0.0
MH_PUNE_555679,Nayphad,Nayphad,Khed,Pune,19.05552,73.6909,93.19,60.79,0.9,1152.0,92.2,1013.7,1290.3,14.0,206.6,10.0,12.0,6.0,64.0,5.0,3.0,0.0
MH_PUNE_555456,Chikhali,Chikhali,Ambegaon,Pune,19.08144,73.66025,90.62,64.49,3.8,967.9,77.4,851.8,1084.0,14.0,205.4,10.0,12.0,6.0,64.0,5.0,3.0,0.0
MH_PUNE_555457,Pokhari,Pokhari,Ambegaon,Pune,19.08103,73.69683,94.36,63.36,0.3,949.8,76.0,835.8,1063.8,14.0,206.8,10.0,12.0,6.0,64.0,5.0,3.0,0.0
MH_PUNE_555677,Karkudi,Karkudi,Khed,Pune,19.06743,73.63201,87.39,64.01,6.5,948.8,75.9,835.0,1062.7,14.0,204.4,10.0,12.0,6.0,64.0,5.0,3.0,0.0
MH_PUNE_555459,Gohe Kh,Gohe Kh,Ambegaon,Pune,19.07423,73.7158,96.16,62.14,-0.3,913.2,73.1,803.5,1022.8,3.0,207.5,10.0,12.0,6.0,64.0,5.0,3.0,0.0
MH_PUNE_555695,Dehane,Dehane,Khed,Pune,19.03225,73.68023,91.65,58.64,1.9,793.9,63.5,698.7,889.2,14.0,206.2,10.0,12.0,6.0,64.0,5.0,3.0,0.0
MH_PUNE_555699,Dhuoli,Dhuoli,Khed,Pune,19.03686,73.65431,89.04,60.01,4.3,863.0,69.0,759.5,966.5,14.0,205.2,10.0,12.0,6.0,64.0,5.0,3.0,0.0
MH_PUNE_555700,Shirgaon,Shirgaon,Khed,Pune,19.03707,73.64102,87.67,60.52,5.6,846.1,67.7,744.5,947.6,14.0,204.7,10.0,12.0,6.0,64.0,5.0,3.0,0.0
MH_PUNE_555703,Pabhe,Pabhe,Khed,Pune,19.02715,73.62295,85.61,60.23,7.3,665.2,53.2,585.4,745.0,14.0,204.0,10.0,12.0,6.0,64.0,5.0,3.0,0.0
MH_PUNE_555705,Moroshi,Moroshi,Khed,Pune,19.02049,73.63668,86.92,58.98,6.0,737.1,59.0,648.6,825.6,14.0,204.6,10.0,12.0,6.0,64.0,5.0,3.0,0.0
MH_PUNE_555698,Dhamangaon Kh,Dhamangaon Kh,Khed,Pune,19.01815,73.64779,88.04,58.31,5.0,683.3,54.7,601.3,765.4,14.0,205.0,10.0,12.0,6.0,64.0,5.0,3.0,0.0
MH_PUNE_555697,Shendurli,Shendurli,Khed,Pune,19.01408,73.66117,89.37,57.38,3.7,668.7,53.5,588.5,749.0,14.0,205.5,10.0,12.0,6.0,64.0,5.0,3.0,0.0
MH_PUNE_555693,Dhamangaon Bk,Dhamangaon Bk,Khed,Pune,19.00876,73.69925,93.25,55.55,0.1,673.8,53.9,593.0,754.7,14.0,206.9,10.0,12.0,6.0,64.0,5.0,3.0,0.0
MH_PUNE_555691,Goregaon,Goregaon,Khed,Pune,19.01189,73.72151,95.62,55.26,-0.4,648.0,51.8,570.3,725.7,3.0,207.7,10.0,12.0,6.0,64.0,5.0,3.0,0.0
MH_PUNE_555690,Surkundi,Surkundi,Khed,Pune,19.00393,73.73878,97.31,53.98,-0.7,750.5,60.0,660.5,840.5,3.0,208.3,10.0,12.0,6.0,64.0,5.0,3.0,0.0
MH_PUNE_555692,Kalmodi,Kalmodi,Khed,Pune,19.00391,73.70808,94.11,54.77,-0.1,779.3,62.3,685.8,872.7,3.0,207.2,10.0,12.0,6.0,64.0,5.0,3.0,0.0
MH_PUNE_555706,Ghotavadi,Ghotavadi,Khed,Pune,18.99411,73.64465,87.36,55.95,5.3,694.5,55.6,611.1,777.9,14.0,204.9,10.0,12.0,6.0,64.0,5.0,3.0,0.0
MH_PUNE_555711,Chikhalgaon,Chikhalgaon,Khed,Pune,18.99162,73.72332,95.55,53.03,-0.4,790.7,63.3,695.8,885.7,3.0,207.8,10.0,12.0,6.0,64.0,5.0,3.0,0.0
MH_PUNE_555683,Wada,Wada,Khed,Pune,19.01554,73.77484,101.23,54.57,-1.3,816.8,65.3,718.9,914.8,3.0,209.7,10.0,12.0,6.0,64.0,5.0,3.0,0.0
MH_PUNE_555479,Sal,Sal,Ambegaon,Pune,19.03457,73.81232,105.42,56.25,-2.0,804.8,64.4,708.2,901.4,3.0,211.1,10.0,12.0,6.0,64.0,5.0,3.0,0.0
MH_PUNE_555488,Ambedara,Ambedara,Ambegaon,Pune,19.02321,73.81328,105.35,54.98,-2.0,884.2,70.7,778.2,990.3,3.0,211.1,10.0,12.0,6.0,64.0,5.0,3.0,0.0
MH_PUNE_555461,Gohe Bk,Gohe Bk,Ambegaon,Pune,19.06585,73.73586,98.05,60.78,-0.6,804.9,64.4,708.3,901.5,3.0,208.2,10.0,12.0,6.0,64.0,5.0,3.0,0.0
MH_PUNE_555440,Dimbhe Bk,Dimbhe Bk,Ambegaon,Pune,19.09445,73.73741,98.85,63.87,-0.7,703.2,56.3,618.8,787.7,3.0,208.3,10.0,12.0,6.0,64.0,5.0,3.0,0.0
MH_PUNE_555480,Ghodegaon,Ghodegaon,Ambegaon,Pune,19.04201,73.83522,107.92,56.95,-2.4,668.4,53.5,588.2,748.7,3.0,211.9,10.0,12.0,6.0,64.0,5.0,3.0,0.0
MH_PUNE_555478,Talekarwadi,Talekarwadi,Ambegaon,Pune,19.03369,73.7992,104.04,56.26,-1.8,712.5,57.0,627.0,798.0,3.0,210.6,10.0,12.0,6.0,64.0,5.0,3.0,0.0
MH_PUNE_555682,Walad,Walad,Khed,Pune,19.02783,73.74803,98.62,56.39,-0.9,809.3,64.7,712.2,906.3,3.0,208.7,10.0,12.0,6.0,64.0,5.0,3.0,0.0
MH_PUNE_555489,Dhakale,Dhakale,Ambegaon,Pune,19.00785,73.83327,107.23,53.16,-2.4,750.7,60.1,660.5,840.8,3.0,211.8,10.0,12.0,6.0,64.0,5.0,3.0,0.0
MH_PUNE_555689,Tifanwwadi,Tifanwwadi,Khed,Pune,19.00607,73.75571,99.11,53.86,-1.0,682.9,54.6,601.0,764.8,3.0,209.0,10.0,12.0,6.0,64.0,5.0,3.0,0.0
MH_PUNE_555771,Gundalwadi,Gundalwadi,Khed,Pune,18.99658,73.80044,103.67,52.14,-1.8,701.2,56.1,617.1,785.4,3.0,210.6,10.0,12.0,6.0,64.0,5.0,3.0,0.0
MH_PUNE_555462,Dimbhe Kh,Dimbhe Kh,Ambegaon,Pune,19.07311,73.75086,99.75,61.29,-0.9,901.2,72.1,793.0,1009.3,3.0,208.8,10.0,12.0,6.0,64.0,5.0,3.0,0.0
MH_PUNE_555684,Darakwadi,Darakwadi,Khed,Pune,18.99461,73.7842,101.95,52.12,-1.5,684.6,54.8,602.4,766.8,3.0,210.0,10.0,12.0,6.0,64.0,5.0,3.0,0.0
MH_PUNE_555688,Majgaon,Majgaon,Khed,Pune,18.99154,73.75191,98.54,52.35,-0.9,661.9,53.0,582.4,741.4,3.0,208.8,10.0,12.0,6.0,64.0,5.0,3.0,0.0
MH_PUNE_555439,Mahalunge Tarf Ghoda,Mahalunge Tarf Ghoda,Ambegaon,Pune,19.09777,73.76167,101.42,63.81,-1.1,898.5,71.9,790.7,1006.4,3.0,209.2,10.0,12.0,6.0,64.0,5.0,3.0,0.0
MH_PUNE_555475,Kanase,Kanase,Ambegaon,Pune,19.0922,73.77626,102.79,62.99,-1.4,723.2,57.9,636.3,810.0,3.0,209.7,10.0,12.0,6.0,64.0,5.0,3.0,0.0
MH_PUNE_555473,Gangapur Bk,Gangapur Bk,Ambegaon,Pune,19.09204,73.8098,106.23,62.64,-2.0,979.9,78.4,862.3,1097.5,3.0,211.0,10.0,12.0,6.0,64.0,5.0,3.0,0.0
MH_PUNE_555463,Supedhar,Supedhar,Ambegaon,Pune,19.08213,73.77229,102.15,61.94,-1.3,675.6,54.0,594.6,756.6,3.0,209.6,10.0,12.0,6.0,64.0,5.0,3.0,0.0
MH_PUNE_555460,Mapoli,Mapoli,Ambegaon,Pune,19.08517,73.73873,98.77,62.83,-0.7,680.6,54.4,599.0,762.2,3.0,208.3,10.0,12.0,6.0,64.0,5.0,3.0,0.0
MH_PUNE_555476,Shinoli,Shinoli,Ambegaon,Pune,19.07357,73.79042,103.84,60.77,-1.6,656.8,52.5,578.0,735.5,3.0,210.2,10.0,12.0,6.0,64.0,5.0,3.0,0.0
MH_PUNE_555472,Pokharkarwadi,Pokharkarwadi,Ambegaon,Pune,19.07311,73.80782,105.63,60.55,-1.9,666.0,53.3,586.1,746.0,3.0,210.9,10.0,12.0,6.0,64.0,5.0,3.0,0.0
MH_PUNE_555324,Shivali,Shivali,Junnar,Pune,19.21841,73.71989,98.62,77.76,-0.4,768.4,61.5,676.1,860.6,3.0,207.6,10.0,12.0,6.0,64.0,5.0,3.0,0.0
MH_PUNE_555477,Phaladewadi Ugalewadi,Phaladewadi Ugalewadi,Ambegaon,Pune,19.05274,73.77956,102.32,58.6,-1.4,813.0,65.0,715.5,910.5,3.0,209.8,10.0,12.0,6.0,64.0,5.0,3.0,0.0
MH_PUNE_555320,Khamgaon,Khamgaon,Junnar,Pune,19.21698,73.81006,107.93,76.5,-2.0,970.5,77.6,854.1,1086.9,3.0,211.0,10.0,12.0,6.0,64.0,5.0,3.0,0.0
MH_PUNE_555326,Bhivade Kh,Bhivade Kh,Junnar,Pune,19.21285,73.67566,94.22,78.11,2.3,931.3,74.5,819.5,1043.0,14.0,206.0,10.0,12.0,6.0,64.0,5.0,3.0,0.0
MH_PUNE_555322,Wanewadi,Wanewadi,Junnar,Pune,19.21696,73.77846,104.68,76.76,-1.4,777.5,62.2,684.2,870.8,3.0,209.8,10.0,12.0,6.0,64.0,5.0,3.0,0.0
MH_PUNE_555471,Pimpalgaon Tarf Ghoda,Pimpalgaon Tarf Ghoda,Ambegaon,Pune,19.06559,73.81747,106.49,59.65,-2.1,663.5,53.1,583.9,743.2,3.0,211.2,10.0,12.0,6.0,64.0,5.0,3.0,0.0
MH_PUNE_555466,Amondi,Amondi,Ambegaon,Pune,19.10121,73.84014,109.56,63.52,-2.5,716.8,57.3,630.8,802.7,3.0,212.1,10.0,12.0,6.0,64.0,5.0,3.0,0.0
MH_PUNE_555343,Sukalwedhe,Sukalwedhe,Junnar,Pune,19.17345,73.72242,99.61,72.8,-0.4,1111.9,88.9,978.5,1245.2,3.0,207.7,10.0,12.0,6.0,64.0,5.0,3.0,0.0
MH_PUNE_555465,Gangapur Kh,Gangapur Kh,Ambegaon,Pune,19.1226,73.80641,106.61,66.05,-1.9,846.7,67.7,745.1,948.2,3.0,210.8,10.0,12.0,6.0,64.0,5.0,3.0,0.0
MH_PUNE_555327,Hatvij,Hatvij,Junnar,Pune,19.20723,73.65549,92.3,78.04,4.2,993.3,79.5,874.1,1112.6,14.0,205.3,10.0,12.0,6.0,64.0,5.0,3.0,0.0
MH_PUNE_555319,Nirgude,Nirgude,Junnar,Pune,19.20728,73.83047,110.24,75.34,-2.3,888.4,71.1,781.7,995.0,3.0,211.7,10.0,12.0,6.0,64.0,5.0,3.0,0.0
MH_PUNE_555321,Surale,Surale,Junnar,Pune,19.21354,73.79678,106.64,76.21,-1.7,778.5,62.3,685.1,872.0,3.0,210.5,10.0,12.0,6.0,64.0,5.0,3.0,0.0
MH_PUNE_555329,Ingaloon,Ingaloon,Junnar,Pune,19.20497,73.7055,97.47,76.58,-0.1,797.2,63.8,701.5,892.9,3.0,207.1,10.0,12.0,6.0,64.0,5.0,3.0,0.0
MH_PUNE_555330,Sonawale,Sonawale,Junnar,Pune,19.20367,73.73879,100.91,75.82,-0.7,768.0,61.4,675.9,860.1,3.0,208.3,10.0,12.0,6.0,64.0,5.0,3.0,0.0
MH_PUNE_555420,Menubarwadi,Menubarwadi,Ambegaon,Pune,19.15778,73.66036,92.87,72.6,3.8,1029.2,82.3,905.7,1152.6,14.0,205.4,10.0,12.0,6.0,64.0,5.0,3.0,0.0
MH_PUNE_555338,Kale,Kale,Junnar,Pune,19.16573,73.80914,108.09,70.82,-2.0,746.3,59.7,656.7,835.8,3.0,210.9,10.0,12.0,6.0,64.0,5.0,3.0,0.0
MH_PUNE_555366,Katede,Katede,Junnar,Pune,19.166,73.84583,111.81,70.72,-2.6,716.0,57.3,630.0,802.0,3.0,212.3,10.0,12.0,6.0,64.0,5.0,3.0,0.0
MH_PUNE_555332,Shinde,Shinde,Junnar,Pune,19.20556,73.76451,103.5,75.66,-1.2,732.0,58.6,644.1,819.9,3.0,209.3,10.0,12.0,6.0,64.0,5.0,3.0,0.0
MH_PUNE_555333,Ralegan,Ralegan,Junnar,Pune,19.20248,73.77757,104.92,75.16,-1.4,728.3,58.3,640.8,815.7,3.0,209.8,10.0,12.0,6.0,64.0,5.0,3.0,0.0
MH_PUNE_555328,Ambe,Ambe,Junnar,Pune,19.19771,73.68788,95.86,76.18,1.2,1104.4,88.4,971.8,1237.0,14.0,206.5,10.0,12.0,6.0,64.0,5.0,3.0,0.0
MH_PUNE_555331,Ghangaldare,Ghangaldare,Junnar,Pune,19.19204,73.74936,102.28,74.37,-0.9,802.7,64.2,706.4,899.0,3.0,208.7,10.0,12.0,6.0,64.0,5.0,3.0,0.0
MH_PUNE_555417,Don,Don,Ambegaon,Pune,19.18916,73.63939,91.16,76.57,5.8,1046.5,83.7,920.9,1172.0,14.0,204.7,10.0,12.0,6.0,64.0,5.0,3.0,0.0
MH_PUNE_555334,Botarde,Botarde,Junnar,Pune,19.19891,73.79657,106.95,74.59,-1.7,720.4,57.6,634.0,806.8,3.0,210.5,10.0,12.0,6.0,64.0,5.0,3.0,0.0
MH_PUNE_555342,Pimparwadi,Pimparwadi,Junnar,Pune,19.1881,73.71296,98.67,74.58,-0.2,1111.8,88.9,978.5,1245.2,3.0,207.4,10.0,12.0,6.0,64.0,5.0,3.0,0.0
MH_PUNE_555335,Belsar,Belsar,Junnar,Pune,19.19342,73.81566,109.04,73.86,-2.1,722.1,57.8,635.4,808.8,3.0,211.2,10.0,12.0,6.0,64.0,5.0,3.0,0.0
MH_PUNE_555421,Malin,Malin,Ambegaon,Pune,19.17722,73.68234,95.74,74.1,1.7,1018.7,81.5,896.4,1140.9,14.0,206.2,10.0,12.0,6.0,64.0,5.0,3.0,0.0
MH_PUNE_555341,Hivare Tarf Minher,Hivare Tarf Minher,Junnar,Pune,19.19059,73.76698,104.12,73.97,-1.2,872.8,69.8,768.1,977.5,3.0,209.4,10.0,12.0,6.0,64.0,5.0,3.0,0.0
MH_PUNE_555339,Datkhilwadi,Datkhilwadi,Junnar,Pune,19.16084,73.79702,106.72,70.37,-1.7,766.9,61.3,674.9,858.8,3.0,210.5,10.0,12.0,6.0,64.0,5.0,3.0,0.0
MH_PUNE_555340,Tambe,Tambe,Junnar,Pune,19.17682,73.77733,105.23,72.33,-1.4,840.5,67.2,739.7,941.3,3.0,209.8,10.0,12.0,6.0,64.0,5.0,3.0,0.0
MH_PUNE_555337,Yenere,Yenere,Junnar,Pune,19.17753,73.82766,110.32,72.04,-2.3,726.8,58.1,639.7,814.0,3.0,211.6,10.0,12.0,6.0,64.0,5.0,3.0,0.0
MH_PUNE_555418,Tirpad,Tirpad,Ambegaon,Pune,19.17421,73.65119,92.54,74.63,4.6,1048.7,83.9,922.9,1174.6,14.0,205.1,10.0,12.0,6.0,64.0,5.0,3.0,0.0
MH_PUNE_555423,Borghar,Borghar,Ambegaon,Pune,19.15097,73.73633,100.29,70.08,-0.7,776.8,62.1,683.7,870.0,3.0,208.2,10.0,12.0,6.0,64.0,5.0,3.0,0.0
MH_PUNE_555429,Nanavade,Nanavade,Ambegaon,Pune,19.14795,73.6326,89.76,72.42,6.4,990.5,79.2,871.7,1109.3,14.0,204.4,10.0,12.0,6.0,64.0,5.0,3.0,0.0
MH_PUNE_555422,Adivare,Adivare,Ambegaon,Pune,19.15853,73.69792,96.66,71.7,0.2,1006.1,80.5,885.4,1126.9,14.0,206.8,10.0,12.0,6.0,64.0,5.0,3.0,0.0
MH_PUNE_555433,Kushire Bk,Kushire Bk,Ambegaon,Pune,19.14875,73.64965,91.5,71.96,4.8,993.8,79.5,874.5,1113.0,14.0,205.0,10.0,12.0,6.0,64.0,5.0,3.0,0.0
MH_PUNE_555424,Varasawane,Varasawane,Ambegaon,Pune,19.15746,73.76833,103.72,70.3,-1.2,1014.5,81.2,892.7,1136.3,3.0,209.4,10.0,12.0,6.0,64.0,5.0,3.0,0.0
MH_PUNE_555428,Amade,Amade,Ambegaon,Pune,19.15781,73.67578,94.42,72.18,2.3,762.6,61.0,671.1,854.1,14.0,206.0,10.0,12.0,6.0,64.0,5.0,3.0,0.0
MH_PUNE_555427,Kondhare,Kondhare,Ambegaon,Pune,19.15058,73.67333,93.93,71.47,2.5,964.3,77.1,848.7,1080.0,14.0,205.9,10.0,12.0,6.0,64.0,5.0,3.0,0.0
MH_PUNE_555367,Buchakewadi,Buchakewadi,Junnar,Pune,19.14796,73.82007,108.68,68.79,-2.2,799.0,63.9,703.2,894.9,3.0,211.3,10.0,12.0,6.0,64.0,5.0,3.0,0.0
MH_PUNE_555368,Parunde,Parunde,Junnar,Pune,19.14464,73.84316,110.94,68.35,-2.6,746.5,59.7,657.0,836.1,3.0,212.2,10.0,12.0,6.0,64.0,5.0,3.0,0.0
MH_PUNE_555434,Kushire Kh,Kushire Kh,Ambegaon,Pune,19.14648,73.65909,92.37,71.43,3.9,924.9,74.0,813.9,1035.9,14.0,205.4,10.0,12.0,6.0,64.0,5.0,3.0,0.0
MH_PUNE_555426,Panchale Kh,Panchale Kh,Ambegaon,Pune,19.14273,73.69338,95.7,70.1,0.6,770.7,61.7,678.1,863.2,14.0,206.7,10.0,12.0,6.0,64.0,5.0,3.0,0.0
MH_PUNE_555425,Panchale Bk,Panchale Bk,Ambegaon,Pune,19.14556,73.70493,96.95,70.13,-0.1,1023.4,81.9,900.6,1146.3,3.0,207.1,10.0,12.0,6.0,64.0,5.0,3.0,0.0
MH_PUNE_555438,Phulawade,Phulawade,Ambegaon,Pune,19.12903,73.76451,102.51,67.21,-1.2,766.0,61.3,674.1,858.0,3.0,209.3,10.0,12.0,6.0,64.0,5.0,3.0,0.0
MH_PUNE_555464,Apati,Apati,Ambegaon,Pune,19.12882,73.78721,104.82,66.91,-1.6,901.2,72.1,793.1,1009.4,3.0,210.1,10.0,12.0,6.0,64.0,5.0,3.0,0.0
MH_PUNE_555435,Digad,Digad,Ambegaon,Pune,19.13862,73.67894,94.11,70.03,2.0,872.6,69.8,767.9,977.3,14.0,206.1,10.0,12.0,6.0,64.0,5.0,3.0,0.0
MH_PUNE_556054,Khadakale,Khadakale,Haveli,Pune,18.76654,73.59811,77.97,37.36,9.7,617.1,49.4,543.0,691.2,14.0,203.1,12.0,14.0,8.0,48.0,14.0,4.0,0.0
MH_PUNE_556055,Kusgaon Bk,Kusgaon Bk,Haveli,Pune,18.75593,73.40352,57.65,53.33,28.2,627.5,50.2,552.2,702.8,14.0,195.9,12.0,14.0,8.0,48.0,14.0,4.0,0.0
MH_PUNE_555863,Kharabwadi,Kharabwadi,Haveli,Pune,18.75723,73.84053,103.05,25.29,-2.5,642.2,51.4,565.1,719.3,3.0,212.1,12.0,14.0,8.0,48.0,14.0,4.0,0.0
MH_PUNE_555432,Mahalunge Tarf Ambegaon,Mahalunge Tarf Ambegaon,Ambegaon,Pune,19.13267,73.62967,88.96,70.91,6.7,881.4,70.5,775.6,987.1,14.0,204.3,10.0,12.0,6.0,64.0,5.0,3.0,0.0
MH_PUNE_555436,Vachape,Vachape,Ambegaon,Pune,19.12865,73.70567,96.52,68.28,-0.1,717.0,57.4,630.9,803.1,3.0,207.1,10.0,12.0,6.0,64.0,5.0,3.0,0.0
MH_PUNE_555445,Megholi,Megholi,Ambegaon,Pune,19.12397,73.65963,91.72,69.02,3.8,1044.8,83.6,919.4,1170.2,14.0,205.4,10.0,12.0,6.0,64.0,5.0,3.0,0.0
MH_PUNE_555446,Savarli,Savarli,Ambegaon,Pune,19.12081,73.62867,88.49,69.7,6.8,771.4,61.7,678.8,863.9,14.0,204.3,10.0,12.0,6.0,64.0,5.0,3.0,0.0
MH_PUNE_555437,Ambegaon,Ambegaon,Ambegaon,Pune,19.11755,73.73765,99.46,66.39,-0.7,833.6,66.7,733.6,933.7,3.0,208.3,10.0,12.0,6.0,64.0,5.0,3.0,0.0
MH_PUNE_555474,Chaptewadi Kanas,Chaptewadi Kanas,Ambegaon,Pune,19.1028,73.78409,103.84,64.07,-1.5,940.8,75.3,827.8,1053.7,3.0,210.0,10.0,12.0,6.0,64.0,5.0,3.0,0.0
MH_PUNE_555442,Kalambai,Kalambai,Ambegaon,Pune,19.11361,73.7111,96.65,66.52,-0.2,717.0,57.4,630.9,803.1,3.0,207.3,10.0,12.0,6.0,64.0,5.0,3.0,0.0
MH_PUNE_555454,Phalode,Phalode,Ambegaon,Pune,19.1051,73.63413,88.58,67.86,6.3,1010.6,80.9,889.3,1132.0,14.0,204.5,10.0,12.0,6.0,64.0,5.0,3.0,0.0
MH_PUNE_555443,Jambhori,Jambhori,Ambegaon,Pune,19.10881,73.67149,92.48,67.05,2.7,970.4,77.6,854.0,1086.8,14.0,205.8,10.0,12.0,6.0,64.0,5.0,3.0,0.0
MH_PUNE_555419,Asane,Asane,Ambegaon,Pune,19.16399,73.66577,93.63,73.11,3.3,983.7,78.7,865.6,1101.7,14.0,205.6,10.0,12.0,6.0,64.0,5.0,3.0,0.0
MH_PUNE_555287,Jalwandi,Jalwandi,Junnar,Pune,19.27685,73.73652,99.21,76.85,-0.7,705.0,56.4,620.4,789.6,3.0,208.3,10.0,12.0,6.0,64.0,5.0,3.0,0.0
MH_PUNE_555288,Phagul Gavhan,Phagul Gavhan,Junnar,Pune,19.26404,73.71379,97.06,77.59,-0.2,754.1,60.3,663.6,844.5,3.0,207.4,10.0,12.0,6.0,64.0,5.0,3.0,0.0
MH_PUNE_555289,Khadkumbe,Khadkumbe,Junnar,Pune,19.26516,73.73494,99.24,78.05,-0.6,705.0,56.4,620.4,789.6,3.0,208.2,10.0,12.0,6.0,64.0,5.0,3.0,0.0
MH_PUNE_555310,Pur,Pur,Junnar,Pune,19.2495,73.72709,98.71,79.51,-0.5,828.8,66.3,729.4,928.3,3.0,207.9,10.0,12.0,6.0,64.0,5.0,3.0,0.0
MH_PUNE_555314,Uchhil,Uchhil,Junnar,Pune,19.22762,73.72908,99.36,78.61,-0.5,1073.7,85.9,944.9,1202.6,3.0,208.0,10.0,12.0,6.0,64.0,5.0,3.0,0.0
MH_PUNE_555313,Amboli,Amboli,Junnar,Pune,19.2443,73.70495,96.52,79.5,-0.1,1099.5,88.0,967.5,1231.5,3.0,207.1,10.0,12.0,6.0,64.0,5.0,3.0,0.0
MH_PUNE_555311,Shiroli Tarf Kukadneher,Shiroli Tarf Kukadneher,Junnar,Pune,19.23754,73.73808,100.08,79.55,-0.7,751.0,60.1,660.8,841.1,3.0,208.3,10.0,12.0,6.0,64.0,5.0,3.0,0.0
MH_PUNE_555325,Bhivade Bk,Bhivade Bk,Junnar,Pune,19.22859,73.68685,94.99,79.55,1.2,1172.9,93.8,1032.2,1313.6,14.0,206.4,10.0,12.0,6.0,64.0,5.0,3.0,0.0
MH_PUNE_555290,Usran,Usran,Junnar,Pune,19.26264,73.75224,101.08,78.83,-0.9,705.0,56.4,620.4,789.6,3.0,208.8,10.0,12.0,6.0,64.0,5.0,3.0,0.0
MH_PUNE_555306,Khamgaon,Khamgaon,Junnar,Pune,19.25694,73.83363,109.62,80.85,-2.4,758.2,60.7,667.1,849.2,3.0,211.8,10.0,12.0,6.0,64.0,5.0,3.0,0.0
MH_PUNE_555281,Ajanawale,Ajanawale,Junnar,Pune,19.30839,73.71856,96.9,72.96,-0.3,1142.3,91.4,1005.2,1279.4,3.0,207.6,10.0,12.0,6.0,64.0,5.0,3.0,0.0
MH_PUNE_555244,Taleran,Taleran,Junnar,Pune,19.31874,73.78488,103.72,74.06,-1.5,813.4,65.1,715.7,911.0,3.0,210.0,10.0,12.0,6.0,64.0,5.0,3.0,0.0
MH_PUNE_555323,Dhalewadi Tarf Minher,Dhalewadi Tarf Minher,Junnar,Pune,19.21977,73.75175,101.87,77.39,-0.9,871.3,69.7,766.7,975.8,3.0,208.8,10.0,12.0,6.0,64.0,5.0,3.0,0.0
MH_PUNE_555280,Ghatghar,Ghatghar,Junnar,Pune,19.2829,73.69439,94.74,75.07,0.5,776.5,62.1,683.3,869.6,14.0,206.7,10.0,12.0,6.0,64.0,5.0,3.0,0.0
MH_PUNE_555248,Madh,Madh,Junnar,Pune,19.32268,73.84233,109.68,74.41,-2.6,684.5,54.8,602.3,766.7,3.0,212.2,10.0,12.0,6.0,64.0,5.0,3.0,0.0
MH_PUNE_555292,Hadsar,Hadsar,Junnar,Pune,19.2739,73.81117,107.02,79.66,-2.0,841.1,67.3,740.2,942.1,3.0,211.0,10.0,12.0,6.0,64.0,5.0,3.0,0.0
MH_PUNE_555243,Karanjale,Karanjale,Junnar,Pune,19.32579,73.82126,107.45,73.93,-2.2,684.5,54.8,602.3,766.7,3.0,211.4,10.0,12.0,6.0,64.0,5.0,3.0,0.0
MH_PUNE_555282,Nimgiri,Nimgiri,Junnar,Pune,19.29919,73.77956,103.38,75.9,-1.4,790.7,63.3,695.7,885.6,3.0,209.8,10.0,12.0,6.0,64.0,5.0,3.0,0.0
MH_PUNE_555283,Devale,Devale,Junnar,Pune,19.29965,73.74895,100.18,74.81,-0.9,1192.8,95.4,1049.7,1335.9,3.0,208.7,10.0,12.0,6.0,64.0,5.0,3.0,0.0
MH_PUNE_555246,Bagadwadi,Bagadwadi,Junnar,Pune,19.31105,73.80785,106.2,75.52,-1.9,742.0,59.4,652.9,831.1,3.0,210.9,10.0,12.0,6.0,64.0,5.0,3.0,0.0
MH_PUNE_555318,Aptale,Aptale,Junnar,Pune,19.22383,73.79409,106.14,77.37,-1.7,776.2,62.1,683.1,869.4,3.0,210.4,10.0,12.0,6.0,64.0,5.0,3.0,0.0
MH_PUNE_555247,Sitewadi,Sitewadi,Junnar,Pune,19.29681,73.80985,106.57,77.11,-2.0,689.8,55.2,607.0,772.6,3.0,211.0,10.0,12.0,6.0,64.0,5.0,3.0,0.0
MH_PUNE_555285,Khaire,Khaire,Junnar,Pune,19.28025,73.76474,102.09,77.37,-1.2,735.9,58.9,647.5,824.2,3.0,209.3,10.0,12.0,6.0,64.0,5.0,3.0,0.0
MH_PUNE_555249,Watkhale,Watkhale,Junnar,Pune,19.29486,73.84138,109.88,77.48,-2.5,700.8,56.1,616.7,785.0,3.0,212.1,10.0,12.0,6.0,64.0,5.0,3.0,0.0
MH_PUNE_555284,Khatkale,Khatkale,Junnar,Pune,19.28082,73.7759,103.25,77.69,-1.4,755.6,60.4,665.0,846.2,3.0,209.7,10.0,12.0,6.0,64.0,5.0,3.0,0.0
MH_PUNE_555286,Hirdi,Hirdi,Junnar,Pune,19.27857,73.75335,100.93,77.18,-1.0,817.6,65.4,719.5,915.7,3.0,208.9,10.0,12.0,6.0,64.0,5.0,3.0,0.0
MH_PUNE_555308,Kewadi,Kewadi,Junnar,Pune,19.25494,73.76106,102.12,79.93,-1.1,705.0,56.4,620.4,789.6,3.0,209.2,10.0,12.0,6.0,64.0,5.0,3.0,0.0
MH_PUNE_555307,Rajur,Rajur,Junnar,Pune,19.25401,73.80357,106.55,80.65,-1.9,705.0,56.4,620.4,789.6,3.0,210.7,10.0,12.0,6.0,64.0,5.0,3.0,0.0
MH_PUNE_555291,Undekhadak,Undekhadak,Junnar,Pune,19.25488,73.78644,104.76,80.78,-1.6,705.0,56.4,620.4,789.6,3.0,210.1,10.0,12.0,6.0,64.0,5.0,3.0,0.0
MH_PUNE_555316,Tejur,Tejur,Junnar,Pune,19.23836,73.79238,105.67,79.0,-1.7,705.0,56.4,620.4,789.6,3.0,210.3,10.0,12.0,6.0,64.0,5.0,3.0,0.0
MH_PUNE_555315,Mankeshwar,Mankeshwar,Junnar,Pune,19.2357,73.7673,103.13,78.95,-1.2,709.5,56.8,624.3,794.7,3.0,209.4,10.0,12.0,6.0,64.0,5.0,3.0,0.0
MH_PUNE_555309,Chawand,Chawand,Junnar,Pune,19.24334,73.75089,101.29,80.0,-0.9,742.5,59.4,653.4,831.6,3.0,208.8,10.0,12.0,6.0,64.0,5.0,3.0,0.0
MH_PUNE_555312,Manikdoh,Manikdoh,Junnar,Pune,19.23226,73.82438,109.1,78.13,-2.2,683.6,54.7,601.6,765.7,3.0,211.5,10.0,12.0,6.0,64.0,5.0,3.0,0.0
MH_PUNE_555317,Keli,Keli,Junnar,Pune,19.22492,73.77404,104.05,77.68,-1.3,748.0,59.8,658.3,837.7,3.0,209.6,10.0,12.0,6.0,64.0,5.0,3.0,0.0
MH_PUNE_555245,Pargaon Tarf Madh,Pargaon Tarf Madh,Junnar,Pune,19.31163,73.81342,106.77,75.47,-2.0,745.0,59.6,655.6,834.4,3.0,211.1,10.0,12.0,6.0,64.0,5.0,3.0,0.0
MH_PUNE_555231,Khireshwar,Khireshwar,Junnar,Pune,19.37225,73.80508,105.47,68.71,-1.9,689.2,55.1,606.6,771.9,3.0,210.8,10.0,12.0,6.0,64.0,5.0,3.0,0.0
MH_PUNE_555232,Kolhewadi,Kolhewadi,Junnar,Pune,19.36354,73.83274,108.4,69.8,-2.4,717.0,57.4,630.9,803.1,3.0,211.8,10.0,12.0,6.0,64.0,5.0,3.0,0.0
MH_PUNE_555242,Khubi,Khubi,Junnar,Pune,19.3421,73.8148,106.65,72.09,-2.1,684.5,54.8,602.3,766.7,3.0,211.1,10.0,12.0,6.0,64.0,5.0,3.0,0.0
MH_PUNE_556245,Undri,Undri,Haveli,Pune,18.44817,73.92057,112.79,11.75,-4.0,645.4,51.6,568.0,722.8,3.0,215.1,12.0,14.0,8.0,48.0,14.0,4.0,0.0
MH_PUNE_556446,Dive,Dive,Purandhar,Pune,18.39265,74.03886,119.39,25.1,-6.1,815.3,65.2,717.5,913.1,3.0,219.4,12.0,14.0,8.0,48.0,14.0,4.0,0.0
MH_PUNE_556435,Bhivari,Bhivari,Purandhar,Pune,18.39177,73.93585,110.35,17.84,-4.2,876.3,70.1,771.1,981.4,3.0,215.6,12.0,14.0,8.0,48.0,14.0,4.0,0.0
MH_PUNE_556436,Bopgaon,Bopgaon,Purandhar,Pune,18.38693,73.96199,112.29,19.81,-4.7,839.2,67.1,738.6,939.9,3.0,216.6,12.0,14.0,8.0,48.0,14.0,4.0,0.0
MH_PUNE_556448,Hivare,Hivare,Purandhar,Pune,18.36315,74.00825,114.91,24.96,-5.5,844.5,67.6,743.1,945.9,3.0,218.3,12.0,14.0,8.0,48.0,14.0,4.0,0.0
MH_PUNE_556447,Pawarwadi,Pawarwadi,Purandhar,Pune,18.38171,74.01686,116.78,24.12,-5.7,795.2,63.6,699.8,890.6,3.0,218.6,12.0,14.0,8.0,48.0,14.0,4.0,0.0
MH_PUNE_556444,Ambodi,Ambodi,Purandhar,Pune,18.35491,74.06013,119.11,29.5,-6.5,756.6,60.5,665.9,847.4,3.0,220.2,12.0,14.0,8.0,48.0,14.0,4.0,0.0
MH_PUNE_556300,Bhilarewadi,Bhilarewadi,Haveli,Pune,18.40356,73.87273,105.83,14.26,-3.1,955.8,76.5,841.0,1070.5,3.0,213.3,12.0,14.0,8.0,48.0,14.0,4.0,0.0
MH_PUNE_556433,Askarwadi,Askarwadi,Purandhar,Pune,18.39746,73.90172,107.83,15.71,-3.6,946.1,75.7,832.5,1059.6,3.0,214.4,12.0,14.0,8.0,48.0,14.0,4.0,0.0
MH_PUNE_556441,Sonori,Sonori,Purandhar,Pune,18.39361,74.0617,121.48,26.99,-6.5,864.8,69.2,761.0,968.6,3.0,220.3,12.0,14.0,8.0,48.0,14.0,4.0,0.0
MH_PUNE_556454,Kodit Bk,Kodit Bk,Purandhar,Pune,18.3388,73.99737,112.5,26.34,-5.4,776.6,62.1,683.5,869.8,3.0,217.9,12.0,14.0,8.0,48.0,14.0,4.0,0.0
MH_PUNE_556438,Jadhavwadi,Jadhavwadi,Purandhar,Pune,18.39223,74.01253,117.04,22.99,-5.6,810.7,64.9,713.4,908.1,3.0,218.5,12.0,14.0,8.0,48.0,14.0,4.0,0.0
MH_PUNE_556437,Chambali,Chambali,Purandhar,Pune,18.37702,73.98534,113.71,22.21,-5.1,822.7,65.8,724.0,921.4,3.0,217.5,12.0,14.0,8.0,48.0,14.0,4.0,0.0
MH_PUNE_556279,Gogalwadi,Gogalwadi,Haveli,Pune,18.37812,73.87781,104.52,17.14,-3.2,841.7,67.3,740.7,942.6,3.0,213.5,12.0,14.0,8.0,48.0,14.0,4.0,0.0
MH_PUNE_556673,Shindewadi,Shindewadi,Bhor,Pune,18.38333,73.85511,102.98,16.32,-2.8,840.6,67.2,739.8,941.4,3.0,212.6,48.0,18.0,8.0,18.0,3.0,5.0,0.0
MH_PUNE_556434,Patharwadi,Patharwadi,Purandhar,Pune,18.38071,73.91198,107.59,17.84,-3.8,910.2,72.8,801.0,1019.4,3.0,214.7,12.0,14.0,8.0,48.0,14.0,4.0,0.0
MH_PUNE_556453,Kodit Kh,Kodit Kh,Purandhar,Pune,18.33396,73.97669,110.36,25.57,-5.0,813.3,65.1,715.7,911.0,3.0,217.1,12.0,14.0,8.0,48.0,14.0,4.0,0.0
MH_PUNE_556449,Garade,Garade,Purandhar,Pune,18.35077,73.93146,107.36,21.7,-4.2,860.8,68.9,757.5,964.2,3.0,215.5,12.0,14.0,8.0,48.0,14.0,4.0,0.0
MH_PUNE_556450,Thapewadi,Thapewadi,Purandhar,Pune,18.35689,73.89908,104.94,19.93,-3.6,933.2,74.7,821.1,1045.2,3.0,214.3,12.0,14.0,8.0,48.0,14.0,4.0,0.0
MH_PUNE_556674,Velu,Velu,Bhor,Pune,18.3592,73.86711,102.35,19.08,-3.0,805.0,64.4,708.4,901.6,3.0,213.1,48.0,18.0,8.0,18.0,3.0,5.0,0.0
MH_PUNE_556285,Ramnagar,Ramnagar,Haveli,Pune,18.34572,73.85253,100.23,20.49,-2.7,763.9,61.1,672.2,855.5,3.0,212.5,12.0,14.0,8.0,48.0,14.0,4.0,0.0
MH_PUNE_556675,Kasurdi K B,Kasurdi K B,Bhor,Pune,18.34259,73.87323,101.79,20.98,-3.1,807.9,64.6,711.0,904.8,3.0,213.3,48.0,18.0,8.0,18.0,3.0,5.0,0.0
MH_PUNE_556451,Warvadi,Warvadi,Purandhar,Pune,18.34053,73.91007,104.86,22.0,-3.8,914.0,73.1,804.3,1023.6,3.0,214.7,12.0,14.0,8.0,48.0,14.0,4.0,0.0
MH_PUNE_556455,Bhivadi,Bhivadi,Purandhar,Pune,18.31906,74.00555,112.12,28.63,-5.5,802.6,64.2,706.3,898.9,3.0,218.2,12.0,14.0,8.0,48.0,14.0,4.0,0.0
MH_PUNE_556679,Shivare,Shivare,Bhor,Pune,18.32096,73.87154,100.27,23.35,-3.1,754.2,60.3,663.7,844.6,3.0,213.2,48.0,18.0,8.0,18.0,3.0,5.0,0.0
MH_PUNE_556452,Somurdi,Somurdi,Purandhar,Pune,18.32111,73.94901,107.13,25.47,-4.5,887.7,71.0,781.2,994.2,3.0,216.1,12.0,14.0,8.0,48.0,14.0,4.0,0.0
MH_PUNE_556290,Khed,Khed,Haveli,Pune,18.33172,73.85055,99.14,22.05,-2.7,742.5,59.4,653.4,831.6,3.0,212.5,12.0,14.0,8.0,48.0,14.0,4.0,0.0
MH_PUNE_556680,Varve Kh,Varve Kh,Bhor,Pune,18.31189,73.89111,101.42,24.64,-3.4,845.6,67.6,744.2,947.0,3.0,214.0,48.0,18.0,8.0,18.0,3.0,5.0,0.0
MH_PUNE_556497,Supe Kh,Supe Kh,Purandhar,Pune,18.30739,74.02627,113.38,30.96,-5.9,815.9,65.3,717.9,913.8,3.0,219.0,12.0,14.0,8.0,48.0,14.0,4.0,0.0
MH_PUNE_556681,Kambare,Kambare,Bhor,Pune,18.30544,73.91797,103.42,25.98,-3.9,796.1,63.7,700.6,891.7,3.0,215.0,48.0,18.0,8.0,18.0,3.0,5.0,0.0
MH_PUNE_556456,Pur,Pur,Purandhar,Pune,18.302,73.98894,109.66,29.28,-5.2,880.1,70.4,774.5,985.7,3.0,217.6,12.0,14.0,8.0,48.0,14.0,4.0,0.0
MH_PUNE_556683,Kanjale,Kanjale,Bhor,Pune,18.29614,73.85455,97.24,26.01,-2.8,704.1,56.3,619.7,788.6,3.0,212.6,48.0,18.0,8.0,18.0,3.0,5.0,0.0
MH_PUNE_556498,Borhalewadi,Borhalewadi,Purandhar,Pune,18.31157,74.05832,116.57,32.76,-6.4,768.2,61.5,675.9,860.4,3.0,220.2,12.0,14.0,8.0,48.0,14.0,4.0,0.0
MH_PUNE_556499,Pimpale,Pimpale,Purandhar,Pune,18.30455,74.05401,115.8,33.04,-6.4,778.9,62.3,685.5,872.4,3.0,220.0,12.0,14.0,8.0,48.0,14.0,4.0,0.0
MH_PUNE_556457,Pokhar,Pokhar,Purandhar,Pune,18.3108,73.97622,108.99,27.77,-5.0,873.9,69.9,769.1,978.8,3.0,217.1,12.0,14.0,8.0,48.0,14.0,4.0,0.0
MH_PUNE_556682,Varve Bk,Varve Bk,Bhor,Pune,18.29783,73.87173,98.86,25.92,-3.1,711.1,56.9,625.8,796.5,3.0,213.3,48.0,18.0,8.0,18.0,3.0,5.0,0.0
MH_PUNE_556445,Saswad Rural,Saswad Rural,Purandhar,Pune,18.35678,74.03914,117.31,27.73,-6.1,763.2,61.1,671.6,854.9,3.0,219.4,12.0,14.0,8.0,48.0,14.0,4.0,0.0
MH_PUNE_251532,Sasvad,Sasvad,Haveli,Pune,18.33546,74.03801,116.0,29.35,-6.1,757.7,60.6,666.8,848.6,3.0,219.4,12.0,14.0,8.0,48.0,14.0,4.0,0.0
MH_PUNE_556227,Kolwadi,Kolwadi,Haveli,Pune,18.52013,74.0264,122.61,18.63,-5.9,541.4,43.3,476.4,606.3,3.0,219.0,12.0,14.0,8.0,48.0,14.0,4.0,0.0
MH_PUNE_556298,Kolawadi,Kolawadi,Haveli,Pune,18.40592,73.85914,104.87,13.83,-2.9,798.9,63.9,703.1,894.8,3.0,212.8,12.0,14.0,8.0,48.0,14.0,4.0,0.0
MH_PUNE_556313,Theur,Theur,Haveli,Pune,18.51017,74.0584,126.09,22.08,-6.5,540.8,43.3,475.9,605.8,3.0,220.2,12.0,14.0,8.0,48.0,14.0,4.0,0.0
MH_PUNE_556314,Kadamwak Wasti,Kadamwak Wasti,Haveli,Pune,18.49234,74.00784,121.06,17.16,-5.5,543.8,43.5,478.6,609.1,3.0,218.3,12.0,14.0,8.0,48.0,14.0,4.0,0.0
MH_PUNE_556315,Loni Kalbhor,Loni Kalbhor,Haveli,Pune,18.4576,74.02797,122.51,20.42,-5.9,570.0,45.6,501.6,638.4,3.0,219.0,12.0,14.0,8.0,48.0,14.0,4.0,0.0
MH_PUNE_556316,Kunjirwadi,Kunjirwadi,Haveli,Pune,18.48424,74.06074,126.71,22.8,-6.5,562.9,45.0,495.4,630.4,3.0,220.2,12.0,14.0,8.0,48.0,14.0,4.0,0.0
MH_PUNE_556322,Alandi Mhatobachi,Alandi Mhatobachi,Haveli,Pune,18.4366,74.07329,125.11,25.74,-6.7,633.4,50.7,557.3,709.4,3.0,220.7,12.0,14.0,8.0,48.0,14.0,4.0,0.0
MH_PUNE_556291,Shewalwadi,Shewalwadi,Haveli,Pune,18.48094,73.97699,118.02,14.46,-5.0,566.0,45.3,498.1,634.0,3.0,217.1,12.0,14.0,8.0,48.0,14.0,4.0,0.0
MH_PUNE_556292,Fursungi,Fursungi,Haveli,Pune,18.46884,73.98102,118.65,15.4,-5.1,571.6,45.7,503.0,640.1,3.0,217.3,12.0,14.0,8.0,48.0,14.0,4.0,0.0
MH_PUNE_556321,Ramoshiwadi,Ramoshiwadi,Haveli,Pune,18.44127,74.05795,124.06,24.05,-6.4,631.4,50.5,555.7,707.2,3.0,220.1,12.0,14.0,8.0,48.0,14.0,4.0,0.0
MH_PUNE_556295,Autadwadi Handewadi,Autadwadi Handewadi,Haveli,Pune,18.4383,73.93437,113.33,13.53,-4.2,633.0,50.6,557.1,708.9,3.0,215.6,12.0,14.0,8.0,48.0,14.0,4.0,0.0
MH_PUNE_556293,Uruli Dewachi,Uruli Dewachi,Haveli,Pune,18.44679,73.9558,115.69,14.49,-4.6,613.7,49.1,540.1,687.4,3.0,216.4,12.0,14.0,8.0,48.0,14.0,4.0,0.0
MH_PUNE_556440,Kalewadi,Kalewadi,Purandhar,Pune,18.40484,74.03163,119.49,23.68,-6.0,834.8,66.8,734.6,935.0,3.0,219.2,12.0,14.0,8.0,48.0,14.0,4.0,0.0
MH_PUNE_556233,Hadapsar,Hadapsar,Haveli,Pune,18.47263,73.94063,114.38,11.49,-4.3,617.2,49.4,543.1,691.3,3.0,215.8,12.0,14.0,8.0,48.0,14.0,4.0,0.0
MH_PUNE_556294,Wadki,Wadki,Haveli,Pune,18.42557,73.98392,116.66,18.28,-5.1,636.5,50.9,560.1,712.8,3.0,217.4,12.0,14.0,8.0,48.0,14.0,4.0,0.0
MH_PUNE_556301,Wadachiwadi,Wadachiwadi,Haveli,Pune,18.41954,73.91652,110.56,14.15,-3.9,714.7,57.2,628.9,800.5,3.0,214.9,12.0,14.0,8.0,48.0,14.0,4.0,0.0
MH_PUNE_556302,Holkarwadi,Holkarwadi,Haveli,Pune,18.42321,73.94676,113.35,15.66,-4.4,664.4,53.1,584.7,744.0,3.0,216.0,12.0,14.0,8.0,48.0,14.0,4.0,0.0
MH_PUNE_556297,Jambhulwadi,Jambhulwadi,Haveli,Pune,18.42417,73.86394,106.55,11.86,-3.0,715.1,57.2,629.3,800.9,3.0,213.0,12.0,14.0,8.0,48.0,14.0,4.0,0.0
MH_PUNE_556296,Gujar Nimbalkarwadi,Gujar Nimbalkarwadi,Haveli,Pune,18.422,73.87561,107.35,12.31,-3.2,709.4,56.8,624.2,794.6,3.0,213.4,12.0,14.0,8.0,48.0,14.0,4.0,0.0
MH_PUNE_251530,Pune,Pune,Haveli,Pune,18.51327,73.86787,106.12,2.65,-3.0,566.3,45.3,498.4,634.3,3.0,213.1,12.0,14.0,8.0,48.0,14.0,4.0,0.0
MH_PUNE_556232,Manjari Bk,Manjari Bk,Haveli,Pune,18.50727,73.97679,117.59,13.61,-5.0,549.7,44.0,483.7,615.7,3.0,217.1,12.0,14.0,8.0,48.0,14.0,4.0,0.0
MH_PUNE_556244,Pisoli,Pisoli,Haveli,Pune,18.44362,73.90891,111.59,11.44,-3.8,642.9,51.4,565.8,720.0,3.0,214.6,12.0,14.0,8.0,48.0,14.0,4.0,0.0
MH_PUNE_277298,Pune,Pune,Haveli,Pune,18.50335,73.89343,108.94,5.45,-3.5,587.6,47.0,517.1,658.1,3.0,214.1,12.0,14.0,8.0,48.0,14.0,4.0,0.0
MH_PUNE_556439,Zendewadi,Zendewadi,Purandhar,Pune,18.41942,74.02388,119.72,22.08,-5.8,847.6,67.8,745.9,949.3,3.0,218.9,12.0,14.0,8.0,48.0,14.0,4.0,0.0
MH_PUNE_556234,Mundhawa,Mundhawa,Haveli,Pune,18.51349,73.95087,114.79,10.79,-4.5,568.7,45.5,500.5,637.0,3.0,216.2,12.0,14.0,8.0,48.0,14.0,4.0,0.0
MH_PUNE_556473,Kumbharvalan,Kumbharvalan,Purandhar,Pune,18.35361,74.07846,120.71,31.07,-6.8,760.8,60.9,669.4,852.1,3.0,220.9,12.0,14.0,8.0,48.0,14.0,4.0,0.0
MH_PUNE_556462,Ambale,Ambale,Purandhar,Pune,18.40763,74.17489,132.52,36.87,-8.5,736.0,58.9,647.7,824.4,3.0,224.5,12.0,14.0,8.0,48.0,14.0,4.0,0.0
MH_PUNE_556469,Rajuri,Rajuri,Purandhar,Pune,18.37738,74.27271,140.03,41.14,-10.3,699.6,56.0,615.6,783.6,3.0,228.1,12.0,14.0,8.0,48.0,14.0,4.0,0.0
MH_PUNE_556459,Singapur,Singapur,Purandhar,Pune,18.39077,74.11899,126.48,32.32,-7.5,768.7,61.5,676.4,860.9,3.0,222.4,12.0,14.0,8.0,48.0,14.0,4.0,0.0
MH_PUNE_556463,Rajewadi,Rajewadi,Purandhar,Pune,18.38512,74.15672,129.62,36.14,-8.2,724.3,57.9,637.5,811.2,3.0,223.8,12.0,14.0,8.0,48.0,14.0,4.0,0.0
MH_PUNE_556442,Vanpuri,Vanpuri,Purandhar,Pune,18.37943,74.07723,122.05,29.24,-6.8,797.2,63.8,701.5,892.9,3.0,220.9,12.0,14.0,8.0,48.0,14.0,4.0,0.0
MH_PUNE_556443,Udachiwadi,Udachiwadi,Purandhar,Pune,18.38038,74.09435,123.66,30.68,-7.1,814.2,65.1,716.5,911.8,3.0,221.5,12.0,14.0,8.0,48.0,14.0,4.0,0.0
MH_PUNE_556471,Pisarve,Pisarve,Purandhar,Pune,18.37676,74.19509,132.72,40.19,-8.9,705.1,56.4,620.5,789.7,3.0,225.2,12.0,14.0,8.0,48.0,14.0,4.0,0.0
MH_PUNE_556467,Pise,Pise,Purandhar,Pune,18.37031,74.29957,142.22,38.43,-10.8,687.3,55.0,604.8,769.8,3.0,229.1,12.0,14.0,8.0,48.0,14.0,4.0,0.0
MH_PUNE_556476,Bhosalewadi,Bhosalewadi,Purandhar,Pune,18.36232,74.14435,127.25,36.22,-8.0,740.0,59.2,651.2,828.8,3.0,223.3,12.0,14.0,8.0,48.0,14.0,4.0,0.0
MH_PUNE_556460,Pargaon,Pargaon,Purandhar,Pune,18.36044,74.1246,125.32,34.56,-7.6,732.6,58.6,644.7,820.5,3.0,222.6,12.0,14.0,8.0,48.0,14.0,4.0,0.0
MH_PUNE_556470,Naygaon,Naygaon,Purandhar,Pune,18.3635,74.24321,136.55,42.76,-9.8,689.6,55.2,606.8,772.4,3.0,227.0,12.0,14.0,8.0,48.0,14.0,4.0,0.0
MH_PUNE_556468,Rise,Rise,Purandhar,Pune,18.35707,74.28709,140.4,38.56,-10.6,672.5,53.8,591.8,753.2,3.0,228.6,12.0,14.0,8.0,48.0,14.0,4.0,0.0
MH_PUNE_556472,Mawadi Supe,Mawadi Supe,Purandhar,Pune,18.35726,74.21146,133.25,42.69,-9.2,688.7,55.1,606.0,771.3,3.0,225.8,12.0,14.0,8.0,48.0,14.0,4.0,0.0
MH_PUNE_556475,Khanvadi,Khanvadi,Purandhar,Pune,18.34342,74.11669,123.68,34.96,-7.5,727.6,58.2,640.3,814.9,3.0,222.3,12.0,14.0,8.0,48.0,14.0,4.0,0.0
MH_PUNE_556474,Munjvadi,Munjvadi,Purandhar,Pune,18.34941,74.09698,122.18,32.89,-7.1,741.8,59.3,652.8,830.7,3.0,221.6,12.0,14.0,8.0,48.0,14.0,4.0,0.0
MH_PUNE_556477,Kothale,Kothale,Purandhar,Pune,18.33674,74.17692,128.96,40.63,-8.6,693.5,55.5,610.3,776.8,3.0,224.5,12.0,14.0,8.0,48.0,14.0,4.0,0.0
MH_PUNE_556478,Pimpri,Pimpri,Purandhar,Pune,18.33198,74.21924,132.73,43.14,-9.3,667.7,53.4,587.6,747.8,3.0,226.1,12.0,14.0,8.0,48.0,14.0,4.0,0.0
MH_PUNE_556479,Pandeshwar,Pandeshwar,Purandhar,Pune,18.32155,74.25508,135.66,39.26,-10.0,646.4,51.7,568.8,723.9,3.0,227.4,12.0,14.0,8.0,48.0,14.0,4.0,0.0
MH_PUNE_556488,Khalad,Khalad,Purandhar,Pune,18.3214,74.08232,119.32,33.74,-6.9,734.4,58.7,646.3,822.4,3.0,221.0,12.0,14.0,8.0,48.0,14.0,4.0,0.0
MH_PUNE_556486,Nilanj,Nilanj,Purandhar,Pune,18.31463,74.12599,123.06,37.7,-7.7,700.2,56.0,616.2,784.2,3.0,222.7,12.0,14.0,8.0,48.0,14.0,4.0,0.0
MH_PUNE_556485,Belsar,Belsar,Purandhar,Pune,18.31739,74.1453,125.02,39.11,-8.0,691.2,55.3,608.3,774.2,3.0,223.4,12.0,14.0,8.0,48.0,14.0,4.0,0.0
MH_PUNE_556480,Jawalarjun,Jawalarjun,Purandhar,Pune,18.2906,74.24939,133.72,38.26,-9.9,654.7,52.4,576.1,733.3,3.0,227.2,12.0,14.0,8.0,48.0,14.0,4.0,0.0
MH_PUNE_556481,Nazare Supe,Nazare Supe,Purandhar,Pune,18.28985,74.21531,130.39,41.54,-9.3,661.8,52.9,582.5,741.2,3.0,226.0,12.0,14.0,8.0,48.0,14.0,4.0,0.0
MH_PUNE_556482,Nazarekade Pathar,Nazarekade Pathar,Purandhar,Pune,18.31011,74.21582,131.37,42.38,-9.3,664.6,53.2,584.8,744.4,3.0,226.0,12.0,14.0,8.0,48.0,14.0,4.0,0.0
MH_PUNE_556484,Dhalewadi,Dhalewadi,Purandhar,Pune,18.30502,74.17435,127.17,42.39,-8.5,674.5,54.0,593.5,755.5,3.0,224.5,12.0,14.0,8.0,48.0,14.0,4.0,0.0
MH_PUNE_556489,Ekhatpur,Ekhatpur,Purandhar,Pune,18.33842,74.07825,119.86,32.15,-6.8,738.2,59.1,649.6,826.9,3.0,220.9,12.0,14.0,8.0,48.0,14.0,4.0,0.0
MH_PUNE_556490,Shivari,Shivari,Purandhar,Pune,18.29519,74.10052,119.68,37.15,-7.2,745.7,59.7,656.1,835.2,3.0,221.7,12.0,14.0,8.0,48.0,14.0,4.0,0.0
MH_PUNE_556875,Ambi Kh,Ambi Kh,Baramati,Pune,18.32143,74.28455,138.49,36.56,-10.5,645.1,51.6,567.7,722.5,3.0,228.5,6.0,10.0,6.0,70.0,4.0,4.0,0.0
MH_PUNE_556319,Uruli Kanchan,Uruli Kanchan,Haveli,Pune,18.4931,74.14105,134.55,30.96,-7.9,554.2,44.3,487.8,620.7,3.0,223.2,12.0,14.0,8.0,48.0,14.0,4.0,0.0
MH_PUNE_556320,Sortapwadi,Sortapwadi,Haveli,Pune,18.4797,74.101,130.22,27.05,-7.2,574.3,45.9,505.5,643.2,3.0,221.7,12.0,14.0,8.0,48.0,14.0,4.0,0.0
MH_PUNE_556310,Koregaon Mul,Koregaon Mul,Haveli,Pune,18.50643,74.1197,132.56,28.56,-7.6,547.8,43.8,482.1,613.5,3.0,222.4,12.0,14.0,8.0,48.0,14.0,4.0,0.0
MH_PUNE_556318,Tilekarwadi,Tilekarwadi,Haveli,Pune,18.51037,74.16402,137.15,33.18,-8.4,542.4,43.4,477.3,607.5,3.0,224.1,12.0,14.0,8.0,48.0,14.0,4.0,0.0
MH_PUNE_556311,Peth,Peth,Haveli,Pune,18.51721,74.08758,129.06,25.09,-7.0,538.4,43.1,473.8,603.1,3.0,221.2,12.0,14.0,8.0,48.0,14.0,4.0,0.0
MH_PUNE_556323,Tarade,Tarade,Haveli,Pune,18.45054,74.09304,127.7,27.11,-7.1,605.2,48.4,532.6,677.8,3.0,221.4,12.0,14.0,8.0,48.0,14.0,4.0,0.0
MH_PUNE_556325,Shindwane,Shindwane,Haveli,Pune,18.4492,74.12947,130.83,30.81,-7.7,600.9,48.1,528.8,673.1,3.0,222.8,12.0,14.0,8.0,48.0,14.0,4.0,0.0
MH_PUNE_556324,Walati,Walati,Haveli,Pune,18.43254,74.10759,127.89,29.25,-7.3,634.9,50.8,558.7,711.1,3.0,222.0,12.0,14.0,8.0,48.0,14.0,4.0,0.0
MH_PUNE_556466,Pondhe,Pondhe,Purandhar,Pune,18.42884,74.2812,143.47,44.23,-10.5,700.0,56.0,616.0,784.0,3.0,228.4,12.0,14.0,8.0,48.0,14.0,4.0,0.0
MH_PUNE_556465,Malshiras,Malshiras,Purandhar,Pune,18.40842,74.24102,138.66,43.4,-9.7,730.5,58.4,642.9,818.1,3.0,226.9,12.0,14.0,8.0,48.0,14.0,4.0,0.0
MH_PUNE_556464,Tekavadi,Tekavadi,Purandhar,Pune,18.41875,74.20687,136.07,39.62,-9.1,725.3,58.0,638.3,812.3,3.0,225.7,12.0,14.0,8.0,48.0,14.0,4.0,0.0
MH_PUNE_556461,Waghapur,Waghapur,Purandhar,Pune,18.40903,74.13898,129.33,33.31,-7.9,747.0,59.8,657.3,836.7,3.0,223.1,12.0,14.0,8.0,48.0,14.0,4.0,0.0
MH_PUNE_556458,Gurholi,Gurholi,Purandhar,Pune,18.40824,74.10035,125.81,29.67,-7.2,804.9,64.4,708.3,901.5,3.0,221.7,12.0,14.0,8.0,48.0,14.0,4.0,0.0
MH_PUNE_556317,Naigaon,Naigaon,Haveli,Pune,18.50208,74.08792,129.29,25.28,-7.0,543.6,43.5,478.3,608.8,3.0,221.3,12.0,14.0,8.0,48.0,14.0,4.0,0.0
MH_PUNE_556345,Ladkatwadi,Ladkatwadi,Daund,Pune,18.51891,74.29897,150.1,47.35,-10.8,538.1,43.0,473.6,602.6,3.0,229.1,6.0,10.0,6.0,70.0,4.0,4.0,0.0
MH_PUNE_556353,Yawat Station,Yawat Station,Daund,Pune,18.49625,74.27145,146.31,44.6,-10.3,548.1,43.8,482.4,613.8,3.0,228.0,6.0,10.0,6.0,70.0,4.0,4.0,0.0
MH_PUNE_556347,Boratewadi,Boratewadi,Daund,Pune,18.51696,74.19656,140.49,36.57,-8.9,533.2,42.7,469.2,597.3,3.0,225.3,6.0,10.0,6.0,70.0,4.0,4.0,0.0
MH_PUNE_556350,Tambewadi,Tambewadi,Daund,Pune,18.51426,74.24653,145.13,41.84,-9.8,538.0,43.0,473.5,602.5,3.0,227.1,6.0,10.0,6.0,70.0,4.0,4.0,0.0
MH_PUNE_556348,Nandur,Nandur,Daund,Pune,18.52087,74.198,140.59,36.7,-9.0,529.0,42.3,465.5,592.4,3.0,225.3,6.0,10.0,6.0,70.0,4.0,4.0,0.0
MH_PUNE_556357,Sahajpurwadi,Sahajpurwadi,Daund,Pune,18.49859,74.19511,139.63,36.56,-8.9,542.6,43.4,477.5,607.7,3.0,225.2,6.0,10.0,6.0,70.0,4.0,4.0,0.0
MH_PUNE_556356,Jawje Buwachiwadi,Jawje Buwachiwadi,Daund,Pune,18.48597,74.21637,140.76,38.94,-9.3,556.2,44.5,489.4,622.9,3.0,226.0,6.0,10.0,6.0,70.0,4.0,4.0,0.0
MH_PUNE_556361,Boriaindi,Boriaindi,Daund,Pune,18.46683,74.18977,137.26,36.51,-8.8,590.5,47.2,519.7,661.3,3.0,225.0,6.0,10.0,6.0,70.0,4.0,4.0,0.0
MH_PUNE_556355,Kasurdi,Kasurdi,Daund,Pune,18.48131,74.23541,142.2,41.0,-9.6,564.9,45.2,497.1,632.7,3.0,226.7,6.0,10.0,6.0,70.0,4.0,4.0,0.0
MH_PUNE_556358,Boribhadak,Boribhadak,Daund,Pune,18.48176,74.16594,136.03,33.74,-8.4,565.0,45.2,497.2,632.8,3.0,224.1,6.0,10.0,6.0,70.0,4.0,4.0,0.0
MH_PUNE_556354,Kamatwadi,Kamatwadi,Daund,Pune,18.49071,74.23831,143.01,41.18,-9.7,551.5,44.1,485.4,617.7,3.0,226.8,6.0,10.0,6.0,70.0,4.0,4.0,0.0
MH_PUNE_556363,Yawat,Yawat,Daund,Pune,18.46629,74.27211,144.67,45.07,-10.3,585.1,46.8,514.9,655.3,3.0,228.1,6.0,10.0,6.0,70.0,4.0,4.0,0.0
MH_PUNE_556359,Dalimb,Dalimb,Daund,Pune,18.44772,74.1578,133.27,33.72,-8.2,600.4,48.0,528.4,672.4,3.0,223.8,6.0,10.0,6.0,70.0,4.0,4.0,0.0
MH_PUNE_556362,Bharatgoan,Bharatgoan,Daund,Pune,18.45239,74.22747,139.82,40.73,-9.5,600.5,48.0,528.5,672.5,3.0,226.4,6.0,10.0,6.0,70.0,4.0,4.0,0.0
MH_PUNE_556360,Tamhanwadi,Tamhanwadi,Daund,Pune,18.43991,74.19045,135.76,37.27,-8.8,646.1,51.7,568.5,723.6,3.0,225.0,6.0,10.0,6.0,70.0,4.0,4.0,0.0
MH_PUNE_555622,Bhambarde,Bhambarde,Shirur,Pune,18.73106,74.2908,150.0,51.55,-10.6,607.2,48.6,534.3,680.1,3.0,228.8,6.0,10.0,6.0,70.0,4.0,4.0,0.0
MH_PUNE_555847,Siddhegavhan,Siddhegavhan,Khed,Pune,18.70342,74.01492,120.81,25.96,-5.7,587.6,47.0,517.1,658.1,3.0,218.6,10.0,12.0,6.0,64.0,5.0,3.0,0.0
MH_PUNE_555644,Dahiwadi,Dahiwadi,Shirur,Pune,18.69566,74.28926,149.64,49.82,-10.6,545.8,43.7,480.3,611.4,3.0,228.7,6.0,10.0,6.0,70.0,4.0,4.0,0.0
MH_PUNE_555852,Alandi Rural,Alandi Rural,Khed,Pune,18.70167,73.9031,109.05,19.89,-3.7,601.2,48.1,529.1,673.4,3.0,214.4,10.0,12.0,6.0,64.0,5.0,3.0,0.0
MH_PUNE_555617,Ganegaon Khalsa,Ganegaon Khalsa,Shirur,Pune,18.75872,74.1745,138.03,42.61,-8.5,625.2,50.0,550.2,700.2,3.0,224.5,6.0,10.0,6.0,70.0,4.0,4.0,0.0
MH_PUNE_555843,Pimpalgaon Tarf Khed,Pimpalgaon Tarf Khed,Khed,Pune,18.74706,73.96847,116.31,27.17,-4.8,591.5,47.3,520.5,662.4,3.0,216.8,10.0,12.0,6.0,64.0,5.0,3.0,0.0
MH_PUNE_555619,Khandale,Khandale,Shirur,Pune,18.75285,74.21466,142.18,45.72,-9.3,596.3,47.7,524.7,667.8,3.0,225.9,6.0,10.0,6.0,70.0,4.0,4.0,0.0
MH_PUNE_555841,Bhose,Bhose,Khed,Pune,18.73519,73.91271,110.34,23.75,-3.8,589.8,47.2,519.0,660.6,3.0,214.8,10.0,12.0,6.0,64.0,5.0,3.0,0.0
MH_PUNE_555597,Karandi,Karandi,Shirur,Pune,18.73718,74.07189,127.06,32.82,-6.7,621.9,49.7,547.3,696.4,3.0,220.7,6.0,10.0,6.0,70.0,4.0,4.0,0.0
MH_PUNE_555618,Burunjwadi,Burunjwadi,Shirur,Pune,18.74645,74.15209,135.56,39.9,-8.1,606.8,48.5,534.1,679.6,3.0,223.6,6.0,10.0,6.0,70.0,4.0,4.0,0.0
MH_PUNE_555840,Rase,Rase,Khed,Pune,18.73081,73.88231,107.11,22.59,-3.3,658.4,52.7,579.3,737.4,3.0,213.6,10.0,12.0,6.0,64.0,5.0,3.0,0.0
MH_PUNE_555625,Kondhapuri,Kondhapuri,Shirur,Pune,18.73231,74.19423,139.86,42.68,-8.9,593.8,47.5,522.6,665.1,3.0,225.2,6.0,10.0,6.0,70.0,4.0,4.0,0.0
MH_PUNE_555846,Sabalewadi,Sabalewadi,Khed,Pune,18.72847,74.03738,123.36,29.61,-6.1,621.1,49.7,546.5,695.6,3.0,219.4,10.0,12.0,6.0,64.0,5.0,3.0,0.0
MH_PUNE_555624,Rautwadi,Rautwadi,Shirur,Pune,18.73211,74.14339,134.52,38.22,-8.0,596.5,47.7,525.0,668.1,3.0,223.3,6.0,10.0,6.0,70.0,4.0,4.0,0.0
MH_PUNE_555842,Shelgaon,Shelgaon,Khed,Pune,18.73422,73.93803,112.99,24.53,-4.3,571.3,45.7,502.8,639.9,3.0,215.7,10.0,12.0,6.0,64.0,5.0,3.0,0.0
MH_PUNE_555845,Bahul,Bahul,Khed,Pune,18.73025,74.00947,120.44,27.9,-5.6,571.4,45.7,502.9,640.0,3.0,218.4,10.0,12.0,6.0,64.0,5.0,3.0,0.0
MH_PUNE_555623,Karanjavane,Karanjavane,Shirur,Pune,18.71836,74.26403,147.1,48.39,-10.2,624.0,49.9,549.1,698.8,3.0,227.8,6.0,10.0,6.0,70.0,4.0,4.0,0.0
MH_PUNE_555602,Jategaon Kh,Jategaon Kh,Shirur,Pune,18.72126,74.10033,129.91,33.88,-7.2,600.1,48.0,528.1,672.1,3.0,221.7,6.0,10.0,6.0,70.0,4.0,4.0,0.0
MH_PUNE_555850,Chimbali,Chimbali,Khed,Pune,18.69969,73.86228,104.74,18.91,-2.9,589.2,47.1,518.5,659.8,3.0,212.9,10.0,12.0,6.0,64.0,5.0,3.0,0.0
MH_PUNE_555628,Shikrapur,Shikrapur,Shirur,Pune,18.71035,74.13615,133.61,36.21,-7.9,584.3,46.7,514.3,654.4,3.0,223.0,6.0,10.0,6.0,70.0,4.0,4.0,0.0
MH_PUNE_555626,Nimgaon Mhalungi,Nimgaon Mhalungi,Shirur,Pune,18.70521,74.22585,143.01,44.14,-9.5,559.4,44.8,492.2,626.6,3.0,226.4,6.0,10.0,6.0,70.0,4.0,4.0,0.0
MH_PUNE_556211,Fulgaon,Fulgaon,Haveli,Pune,18.6448,74.01748,120.9,21.78,-5.7,567.9,45.4,499.8,636.0,3.0,218.6,12.0,14.0,8.0,48.0,14.0,4.0,0.0
MH_PUNE_556309,Bhawarapur,Bhawarapur,Haveli,Pune,18.52618,74.13824,134.27,30.39,-7.9,531.0,42.5,467.3,594.8,3.0,223.1,12.0,14.0,8.0,48.0,14.0,4.0,0.0
MH_PUNE_555629,Pimpale Jagtap,Pimpale Jagtap,Shirur,Pune,18.70589,74.05944,125.51,29.49,-6.5,591.1,47.3,520.2,662.1,3.0,220.2,6.0,10.0,6.0,70.0,4.0,4.0,0.0
MH_PUNE_555854,Koyali Tarf Chakan,Koyali Tarf Chakan,Khed,Pune,18.70579,73.976,116.74,23.63,-5.0,573.1,45.8,504.4,641.8,3.0,217.1,10.0,12.0,6.0,64.0,5.0,3.0,0.0
MH_PUNE_555853,Vadgaon Ghenand,Vadgaon Ghenand,Khed,Pune,18.70947,73.934,112.35,21.83,-4.2,595.6,47.6,524.2,667.0,3.0,215.6,10.0,12.0,6.0,64.0,5.0,3.0,0.0
MH_PUNE_555627,Kasari,Kasari,Shirur,Pune,18.69879,74.1759,137.72,39.14,-8.6,571.3,45.7,502.8,639.9,3.0,224.5,6.0,10.0,6.0,70.0,4.0,4.0,0.0
MH_PUNE_555851,Kelgaon,Kelgaon,Khed,Pune,18.70085,73.8852,107.16,19.36,-3.3,598.3,47.9,526.4,670.1,3.0,213.8,10.0,12.0,6.0,64.0,5.0,3.0,0.0
MH_PUNE_555860,Charholi Kh,Charholi Kh,Khed,Pune,18.68503,73.91162,109.85,18.42,-3.8,583.1,46.7,513.1,653.2,3.0,214.7,10.0,12.0,6.0,64.0,5.0,3.0,0.0
MH_PUNE_555645,Parodi,Parodi,Shirur,Pune,18.68529,74.26441,146.98,46.96,-10.2,584.0,46.7,514.0,654.1,3.0,227.8,6.0,10.0,6.0,70.0,4.0,4.0,0.0
MH_PUNE_555855,Markal,Markal,Khed,Pune,18.66919,73.9731,116.26,20.19,-4.9,560.7,44.9,493.4,628.1,3.0,217.0,10.0,12.0,6.0,64.0,5.0,3.0,0.0
MH_PUNE_555632,Wadhu Bk,Wadhu Bk,Shirur,Pune,18.6761,74.05451,124.85,26.99,-6.4,565.2,45.2,497.4,633.0,3.0,220.0,6.0,10.0,6.0,70.0,4.0,4.0,0.0
MH_PUNE_555858,Solu,Solu,Khed,Pune,18.67261,73.94041,112.83,18.5,-4.3,568.2,45.5,500.0,636.5,3.0,215.8,10.0,12.0,6.0,64.0,5.0,3.0,0.0
MH_PUNE_555859,Dhanore,Dhanore,Khed,Pune,18.66689,73.92202,110.87,17.01,-4.0,570.6,45.7,502.1,639.2,3.0,215.1,10.0,12.0,6.0,64.0,5.0,3.0,0.0
MH_PUNE_555635,Talegaon Dhamdhere,Talegaon Dhamdhere,Shirur,Pune,18.6575,74.16525,136.48,36.12,-8.4,554.6,44.4,488.0,621.2,3.0,224.1,6.0,10.0,6.0,70.0,4.0,4.0,0.0
MH_PUNE_555646,Shivtakrar Mahalungi,Shivtakrar Mahalungi,Shirur,Pune,18.67327,74.24693,145.11,44.76,-9.8,535.1,42.8,470.9,599.3,3.0,227.1,6.0,10.0,6.0,70.0,4.0,4.0,0.0
MH_PUNE_556212,Wadhu Kh,Wadhu Kh,Haveli,Pune,18.64464,74.03885,123.15,23.64,-6.1,560.8,44.9,493.5,628.2,3.0,219.4,12.0,14.0,8.0,48.0,14.0,4.0,0.0
MH_PUNE_555648,Arangaon,Arangaon,Shirur,Pune,18.63745,74.28208,148.78,47.08,-10.5,535.6,42.8,471.4,599.8,3.0,228.4,6.0,10.0,6.0,70.0,4.0,4.0,0.0
MH_PUNE_556207,Nirgudi,Nirgudi,Haveli,Pune,18.63413,73.94288,113.04,15.16,-4.4,600.0,48.0,528.0,672.0,3.0,215.9,12.0,14.0,8.0,48.0,14.0,4.0,0.0
MH_PUNE_555857,Pimpalgaon Tarf Chakan,Pimpalgaon Tarf Chakan,Khed,Pune,18.64255,73.95198,114.0,16.5,-4.5,547.5,43.8,481.8,613.2,3.0,216.2,10.0,12.0,6.0,64.0,5.0,3.0,0.0
MH_PUNE_555631,Apti,Apti,Shirur,Pune,18.67253,74.01936,121.14,23.87,-5.7,564.4,45.1,496.7,632.0,3.0,218.7,6.0,10.0,6.0,70.0,4.0,4.0,0.0
MH_PUNE_555636,Takali Bhima,Takali Bhima,Shirur,Pune,18.66322,74.21849,142.09,41.56,-9.3,552.2,44.2,485.9,618.5,3.0,226.1,6.0,10.0,6.0,70.0,4.0,4.0,0.0
MH_PUNE_556210,Tulapur,Tulapur,Haveli,Pune,18.65327,73.99656,118.7,20.65,-5.3,559.5,44.8,492.3,626.7,3.0,217.9,12.0,14.0,8.0,48.0,14.0,4.0,0.0
MH_PUNE_555633,Dingrajwadi,Dingrajwadi,Shirur,Pune,18.64322,74.10047,129.64,29.25,-7.2,557.1,44.6,490.2,624.0,3.0,221.7,6.0,10.0,6.0,70.0,4.0,4.0,0.0
MH_PUNE_555634,Darekarwadi,Darekarwadi,Shirur,Pune,18.64946,74.12224,131.94,31.62,-7.6,568.1,45.4,500.0,636.2,3.0,222.5,6.0,10.0,6.0,70.0,4.0,4.0,0.0
MH_PUNE_555637,Vitthalwadi,Vitthalwadi,Shirur,Pune,18.62965,74.18908,138.99,37.42,-8.8,542.2,43.4,477.1,607.3,3.0,225.0,6.0,10.0,6.0,70.0,4.0,4.0,0.0
MH_PUNE_555638,Dhanore,Dhanore,Shirur,Pune,18.62694,74.13242,133.02,31.66,-7.8,550.1,44.0,484.1,616.1,3.0,222.9,6.0,10.0,6.0,70.0,4.0,4.0,0.0
MH_PUNE_555856,Golegaon,Golegaon,Khed,Pune,18.62989,73.97545,116.48,17.27,-5.0,578.8,46.3,509.3,648.2,3.0,217.1,10.0,12.0,6.0,64.0,5.0,3.0,0.0
MH_PUNE_556213,Perane,Perane,Haveli,Pune,18.61912,74.05675,125.07,23.94,-6.4,558.5,44.7,491.4,625.5,3.0,220.1,12.0,14.0,8.0,48.0,14.0,4.0,0.0
MH_PUNE_556223,Bhawadi,Bhawadi,Haveli,Pune,18.61566,73.99192,118.25,17.73,-5.3,581.9,46.6,512.0,651.8,3.0,217.7,12.0,14.0,8.0,48.0,14.0,4.0,0.0
MH_PUNE_556222,Loni Kand,Loni Kand,Haveli,Pune,18.61267,74.02678,121.93,20.78,-5.9,598.4,47.9,526.5,670.2,3.0,219.0,12.0,14.0,8.0,48.0,14.0,4.0,0.0
MH_PUNE_556208,Wadgaon Shinde,Wadgaon Shinde,Haveli,Pune,18.62278,73.95727,114.58,15.31,-4.6,563.3,45.1,495.6,630.9,3.0,216.4,12.0,14.0,8.0,48.0,14.0,4.0,0.0
MH_PUNE_556215,Burkegaon,Burkegaon,Haveli,Pune,18.61075,74.10181,129.84,28.02,-7.2,555.9,44.5,489.2,622.7,3.0,221.8,12.0,14.0,8.0,48.0,14.0,4.0,0.0
MH_PUNE_556214,Dongargaon,Dongargaon,Haveli,Pune,18.60544,74.08144,127.71,25.8,-6.9,561.2,44.9,493.9,628.6,3.0,221.0,12.0,14.0,8.0,48.0,14.0,4.0,0.0
MH_PUNE_556216,Pimpri Sandas,Pimpri Sandas,Haveli,Pune,18.59247,74.12242,132.08,29.54,-7.6,556.8,44.5,490.0,623.5,3.0,222.5,12.0,14.0,8.0,48.0,14.0,4.0,0.0
MH_PUNE_556304,Sangavi Sandas,Sangavi Sandas,Haveli,Pune,18.60263,74.18004,138.11,35.71,-8.6,552.5,44.2,486.2,618.8,3.0,224.7,12.0,14.0,8.0,48.0,14.0,4.0,0.0
MH_PUNE_556303,Nhavi Sandas,Nhavi Sandas,Haveli,Pune,18.59507,74.15715,135.73,33.18,-8.2,544.9,43.6,479.5,610.3,3.0,223.8,12.0,14.0,8.0,48.0,14.0,4.0,0.0
MH_PUNE_556221,Bakori,Bakori,Haveli,Pune,18.58997,74.05528,125.03,22.64,-6.4,596.3,47.7,524.8,667.9,3.0,220.0,12.0,14.0,8.0,48.0,14.0,4.0,0.0
MH_PUNE_556225,Kesnand,Kesnand,Haveli,Pune,18.56565,74.02795,122.31,19.17,-5.9,564.6,45.2,496.8,632.4,3.0,219.0,12.0,14.0,8.0,48.0,14.0,4.0,0.0
MH_PUNE_556312,Prayagdhum,Prayagdhum,Haveli,Pune,18.52544,74.07957,128.12,24.21,-6.8,543.4,43.5,478.2,608.7,3.0,220.9,12.0,14.0,8.0,48.0,14.0,4.0,0.0
MH_PUNE_556220,Wade Bolhai,Wade Bolhai,Haveli,Pune,18.55639,74.07148,126.96,23.53,-6.7,553.8,44.3,487.4,620.3,3.0,220.6,12.0,14.0,8.0,48.0,14.0,4.0,0.0
MH_PUNE_556306,Shindewadi,Shindewadi,Haveli,Pune,18.56624,74.15903,136.09,32.83,-8.3,539.1,43.1,474.4,603.7,3.0,223.9,12.0,14.0,8.0,48.0,14.0,4.0,0.0
MH_PUNE_556305,Ashtapur,Ashtapur,Haveli,Pune,18.55435,74.13014,133.15,29.66,-7.7,530.9,42.5,467.1,594.6,3.0,222.8,12.0,14.0,8.0,48.0,14.0,4.0,0.0
MH_PUNE_556228,Sashte,Sashte,Haveli,Pune,18.54101,74.05165,125.02,21.29,-6.3,540.7,43.3,475.8,605.7,3.0,219.9,12.0,14.0,8.0,48.0,14.0,4.0,0.0
MH_PUNE_556874,Bhondvewadi,Bhondvewadi,Baramati,Pune,18.33841,74.33051,143.69,33.66,-11.3,637.4,51.0,560.9,713.9,3.0,230.2,6.0,10.0,6.0,70.0,4.0,4.0,0.0
MH_PUNE_556307,Hingangaon,Hingangaon,Haveli,Pune,18.54144,74.15463,135.83,32.14,-8.2,531.1,42.5,467.4,594.9,3.0,223.7,12.0,14.0,8.0,48.0,14.0,4.0,0.0
MH_PUNE_556226,Taleranwadi,Taleranwadi,Haveli,Pune,18.54712,74.02184,121.83,18.22,-5.8,543.5,43.5,478.2,608.7,3.0,218.8,12.0,14.0,8.0,48.0,14.0,4.0,0.0
MH_PUNE_556209,Manjari Kh,Manjari Kh,Haveli,Pune,18.52699,73.99739,119.49,15.54,-5.4,544.7,43.6,479.3,610.1,3.0,217.9,12.0,14.0,8.0,48.0,14.0,4.0,0.0
MH_PUNE_556229,Biwari,Biwari,Haveli,Pune,18.53228,74.1032,130.52,26.7,-7.3,548.2,43.9,482.4,614.1,3.0,221.8,12.0,14.0,8.0,48.0,14.0,4.0,0.0
MH_PUNE_556308,Khamgaon Tek,Khamgaon Tek,Haveli,Pune,18.5248,74.16987,137.6,33.73,-8.5,530.3,42.4,466.7,593.9,3.0,224.3,12.0,14.0,8.0,48.0,14.0,4.0,0.0
MH_PUNE_251521,Alandi,Alandi,Haveli,Pune,18.68259,73.89703,108.3,17.68,-3.5,573.0,45.8,504.3,641.7,3.0,214.2,12.0,14.0,8.0,48.0,14.0,4.0,0.0
MH_PUNE_251528,Pimpri Chinchwad,Pimpri Chinchwad,Haveli,Pune,18.58294,73.85103,103.58,5.89,-2.7,552.5,44.2,486.2,618.8,3.0,212.5,12.0,14.0,8.0,48.0,14.0,4.0,0.0
MH_PUNE_556231,Lahagaon,Lahagaon,Haveli,Pune,18.59396,73.94525,113.42,12.3,-4.4,588.4,47.1,517.7,659.0,3.0,216.0,12.0,14.0,8.0,48.0,14.0,4.0,0.0
MH_PUNE_556329,Keshavnagar Mundwa,Keshavnagar Mundwa,Pune,Pune,18.52799,73.95639,115.18,11.22,-4.6,556.4,44.5,489.6,623.1,3.0,216.4,12.0,14.0,8.0,48.0,14.0,4.0,0.0
MH_PUNE_555839,Kadachiwadi,Kadachiwadi,Khed,Pune,18.74742,73.89312,108.42,24.6,-3.5,649.0,51.9,571.1,726.8,3.0,214.0,10.0,12.0,6.0,64.0,5.0,3.0,0.0
MH_PUNE_555601,Jategaon Bk,Jategaon Bk,Shirur,Pune,18.73634,74.12445,132.57,36.91,-7.6,595.6,47.6,524.2,667.0,3.0,222.6,6.0,10.0,6.0,70.0,4.0,4.0,0.0
MH_PUNE_556218,Murkutenagar,Murkutenagar,Haveli,Pune,18.55858,74.10568,130.54,27.14,-7.3,542.9,43.4,477.8,608.0,3.0,221.9,12.0,14.0,8.0,48.0,14.0,4.0,0.0
MH_PUNE_556219,Gawdewadi,Gawdewadi,Haveli,Pune,18.55898,74.09317,129.22,25.84,-7.1,551.0,44.1,484.9,617.2,3.0,221.4,12.0,14.0,8.0,48.0,14.0,4.0,0.0
MH_PUNE_556224,Awhalwadi,Awhalwadi,Haveli,Pune,18.5526,73.99873,119.35,15.88,-5.4,570.0,45.6,501.6,638.4,3.0,218.0,12.0,14.0,8.0,48.0,14.0,4.0,0.0
MH_PUNE_555630,Wajewadi,Wajewadi,Shirur,Pune,18.70019,74.03152,122.54,26.91,-6.0,588.2,47.1,517.6,658.9,3.0,219.2,6.0,10.0,6.0,70.0,4.0,4.0,0.0
MH_PUNE_556217,Shiraswadi,Shiraswadi,Haveli,Pune,18.57792,74.09473,129.25,26.34,-7.1,569.7,45.6,501.3,638.1,3.0,221.5,12.0,14.0,8.0,48.0,14.0,4.0,0.0
MH_PUNE_556351,Undawadi,Undawadi,Daund,Pune,18.52257,74.26335,147.13,43.59,-10.1,525.0,42.0,462.0,588.0,3.0,227.7,6.0,10.0,6.0,70.0,4.0,4.0,0.0
MH_PUNE_556374,Handalwadi,Handalwadi,Daund,Pune,18.50288,74.34675,153.52,46.32,-11.6,545.2,43.6,479.8,610.6,3.0,230.8,6.0,10.0,6.0,70.0,4.0,4.0,0.0
MH_PUNE_556346,Nathachiwadi,Nathachiwadi,Daund,Pune,18.52811,74.28226,149.14,45.57,-10.5,527.7,42.2,464.4,591.0,3.0,228.4,6.0,10.0,6.0,70.0,4.0,4.0,0.0
MH_PUNE_556332,Panwali,Panwali,Daund,Pune,18.65474,74.26518,147.0,45.9,-10.2,553.6,44.3,487.2,620.1,3.0,227.8,6.0,10.0,6.0,70.0,4.0,4.0,0.0
MH_PUNE_556331,Takali,Takali,Daund,Pune,18.63802,74.23288,143.6,42.1,-9.6,541.8,43.3,476.9,606.8,3.0,226.6,6.0,10.0,6.0,70.0,4.0,4.0,0.0
MH_PUNE_556333,Vadgaonbande,Vadgaonbande,Daund,Pune,18.62515,74.2551,145.95,43.99,-10.0,534.2,42.7,470.2,598.3,3.0,227.4,6.0,10.0,6.0,70.0,4.0,4.0,0.0
MH_PUNE_556334,Koregaon Bhiwar,Koregaon Bhiwar,Daund,Pune,18.61868,74.29531,150.2,47.96,-10.7,531.1,42.5,467.3,594.8,3.0,228.9,6.0,10.0,6.0,70.0,4.0,4.0,0.0
MH_PUNE_556330,Patethan,Patethan,Daund,Pune,18.60799,74.21127,141.38,39.06,-9.2,545.0,43.6,479.6,610.4,3.0,225.8,6.0,10.0,6.0,70.0,4.0,4.0,0.0
MH_PUNE_556336,Pilanwadi,Pilanwadi,Daund,Pune,18.57618,74.22849,143.34,40.23,-9.5,541.7,43.3,476.8,606.7,3.0,226.5,6.0,10.0,6.0,70.0,4.0,4.0,0.0
MH_PUNE_556335,Telewadi,Telewadi,Daund,Pune,18.6003,74.26533,147.1,44.47,-10.2,556.7,44.5,490.0,623.5,3.0,227.8,6.0,10.0,6.0,70.0,4.0,4.0,0.0
MH_PUNE_556337,Devkarwadi,Devkarwadi,Daund,Pune,18.57531,74.19945,140.29,37.18,-9.0,537.2,43.0,472.7,601.7,3.0,225.4,6.0,10.0,6.0,70.0,4.0,4.0,0.0
MH_PUNE_556338,Mirwadi,Mirwadi,Daund,Pune,18.55066,74.18211,138.64,35.09,-8.7,529.9,42.4,466.3,593.5,3.0,224.7,6.0,10.0,6.0,70.0,4.0,4.0,0.0
MH_PUNE_556868,Dandwadi,Dandwadi,Baramati,Pune,18.35262,74.41698,152.69,28.35,-12.0,647.0,51.8,569.3,724.7,3.0,233.4,6.0,10.0,6.0,70.0,4.0,4.0,0.0
MH_PUNE_556341,Pimpalgaon,Pimpalgaon,Daund,Pune,18.55682,74.29407,150.36,46.91,-10.7,530.4,42.4,466.8,594.0,3.0,228.9,6.0,10.0,6.0,70.0,4.0,4.0,0.0
MH_PUNE_556340,Rahu,Rahu,Daund,Pune,18.57286,74.26075,146.75,43.56,-10.1,525.5,42.0,462.5,588.5,3.0,227.6,6.0,10.0,6.0,70.0,4.0,4.0,0.0
MH_PUNE_556339,Dahitane,Dahitane,Daund,Pune,18.54923,74.20677,141.24,37.67,-9.1,547.2,43.8,481.5,612.9,3.0,225.7,6.0,10.0,6.0,70.0,4.0,4.0,0.0
MH_PUNE_556870,Kololi,Kololi,Baramati,Pune,18.32441,74.44348,154.09,24.17,-12.0,633.6,50.7,557.5,709.6,3.0,234.4,6.0,10.0,6.0,70.0,4.0,4.0,0.0
MH_PUNE_556349,Khamgaon,Khamgaon,Daund,Pune,18.52325,74.22776,143.69,39.84,-9.5,530.4,42.4,466.8,594.0,3.0,226.4,6.0,10.0,6.0,70.0,4.0,4.0,0.0
MH_PUNE_556873,Kutwalwadi,Kutwalwadi,Baramati,Pune,18.34293,74.33151,143.99,33.89,-11.4,642.4,51.4,565.3,719.5,3.0,230.3,6.0,10.0,6.0,70.0,4.0,4.0,0.0
MH_PUNE_556366,Khor,Khor,Daund,Pune,18.40029,74.33059,146.63,38.31,-11.4,620.9,49.7,546.3,695.4,3.0,230.2,6.0,10.0,6.0,70.0,4.0,4.0,0.0
MH_PUNE_556367,Pimpalachiwadi,Pimpalachiwadi,Daund,Pune,18.3957,74.33,146.35,37.99,-11.3,619.7,49.6,545.3,694.1,3.0,230.2,6.0,10.0,6.0,70.0,4.0,4.0,0.0
MH_PUNE_556895,Karkhel,Karkhel,Baramati,Pune,18.30099,74.47965,156.73,19.85,-12.0,619.4,49.6,545.0,693.8,3.0,235.7,6.0,10.0,6.0,70.0,4.0,4.0,0.0
MH_PUNE_556383,Padvi,Padvi,Daund,Pune,18.38809,74.39732,152.39,32.76,-12.0,584.8,46.8,514.6,655.0,3.0,232.7,6.0,10.0,6.0,70.0,4.0,4.0,0.0
MH_PUNE_556867,Vadhane,Vadhane,Baramati,Pune,18.36659,74.3379,145.7,35.12,-11.5,653.9,52.3,575.5,732.4,3.0,230.5,6.0,10.0,6.0,70.0,4.0,4.0,0.0
MH_PUNE_556887,Kharade Wadi,Kharade Wadi,Baramati,Pune,18.31862,74.49639,159.07,20.72,-12.0,618.2,49.5,543.9,692.4,3.0,236.4,6.0,10.0,6.0,70.0,4.0,4.0,0.0
MH_PUNE_556376,Deshmukh Mala,Deshmukh Mala,Daund,Pune,18.50003,74.36984,155.48,44.8,-12.0,534.6,42.8,470.4,598.8,3.0,231.7,6.0,10.0,6.0,70.0,4.0,4.0,0.0
MH_PUNE_556872,Supe,Supe,Baramati,Pune,18.33155,74.35791,146.04,30.95,-11.8,639.3,51.1,562.7,716.0,3.0,231.2,6.0,10.0,6.0,70.0,4.0,4.0,0.0
MH_PUNE_556879,Chandgude Wadi,Chandgude Wadi,Baramati,Pune,18.31014,74.31044,140.5,33.58,-11.0,629.5,50.4,553.9,705.1,3.0,229.5,6.0,10.0,6.0,70.0,4.0,4.0,0.0
MH_PUNE_556881,Kalkhairewadi,Kalkhairewadi,Baramati,Pune,18.31014,74.36935,146.24,28.5,-12.0,641.3,51.3,564.3,718.2,3.0,231.7,6.0,10.0,6.0,70.0,4.0,4.0,0.0
MH_PUNE_556871,Pansarewadi,Pansarewadi,Baramati,Pune,18.30977,74.39098,148.34,26.72,-12.0,615.3,49.2,541.5,689.1,3.0,232.5,6.0,10.0,6.0,70.0,4.0,4.0,0.0
MH_PUNE_556880,Khandukhairewadi,Khandukhairewadi,Baramati,Pune,18.31602,74.33396,143.04,31.87,-11.4,626.2,50.1,551.1,701.4,3.0,230.4,6.0,10.0,6.0,70.0,4.0,4.0,0.0
MH_PUNE_556894,Undavadisupe,Undavadisupe,Baramati,Pune,18.2909,74.51109,159.47,17.28,-12.0,596.9,47.8,525.2,668.6,3.0,236.9,6.0,10.0,6.0,70.0,4.0,4.0,0.0
MH_PUNE_556393,Kusegaon,Kusegaon,Daund,Pune,18.39194,74.43686,156.37,30.86,-12.0,581.8,46.5,512.1,651.6,3.0,234.2,6.0,10.0,6.0,70.0,4.0,4.0,0.0
MH_PUNE_556396,Kurkumbh,Kurkumbh,Daund,Pune,18.39367,74.51648,164.14,27.91,-12.0,603.9,48.3,531.5,676.4,3.0,237.1,6.0,10.0,6.0,70.0,4.0,4.0,0.0
MH_PUNE_556885,Deulgaon Rasal,Deulgaon Rasal,Baramati,Pune,18.28895,74.45217,153.54,20.52,-12.0,615.2,49.2,541.4,689.0,3.0,234.7,6.0,10.0,6.0,70.0,4.0,4.0,0.0
MH_PUNE_556395,Roti,Roti,Daund,Pune,18.39424,74.48306,160.93,29.02,-12.0,623.4,49.9,548.6,698.3,3.0,235.9,6.0,10.0,6.0,70.0,4.0,4.0,0.0
MH_PUNE_556394,Hinganigada,Hinganigada,Daund,Pune,18.36518,74.46871,158.27,26.66,-12.0,631.3,50.5,555.5,707.0,3.0,235.3,6.0,10.0,6.0,70.0,4.0,4.0,0.0
MH_PUNE_556399,Vasunde,Vasunde,Daund,Pune,18.3467,74.49844,160.39,23.51,-12.0,634.8,50.8,558.6,711.0,3.0,236.4,6.0,10.0,6.0,70.0,4.0,4.0,0.0
MH_PUNE_556869,Naroli,Naroli,Baramati,Pune,18.33252,74.42467,152.58,26.1,-12.0,636.7,50.9,560.3,713.0,3.0,233.7,6.0,10.0,6.0,70.0,4.0,4.0,0.0
MH_PUNE_556375,Kedgaon Station,Kedgaon Station,Daund,Pune,18.48657,74.35269,153.17,44.46,-11.7,545.1,43.6,479.7,610.5,3.0,231.0,6.0,10.0,6.0,70.0,4.0,4.0,0.0
MH_PUNE_556373,Khopodi,Khopodi,Daund,Pune,18.51906,74.38738,158.13,45.8,-12.0,529.3,42.3,465.9,592.8,3.0,232.3,6.0,10.0,6.0,70.0,4.0,4.0,0.0
MH_PUNE_556352,Khutbav,Khutbav,Daund,Pune,18.49673,74.31723,150.48,47.5,-11.1,555.5,44.4,488.9,622.1,3.0,229.7,6.0,10.0,6.0,70.0,4.0,4.0,0.0
MH_PUNE_556377,Dapodi,Dapodi,Daund,Pune,18.50493,74.40236,158.74,43.69,-12.0,528.6,42.3,465.1,592.0,3.0,232.9,6.0,10.0,6.0,70.0,4.0,4.0,0.0
MH_PUNE_556378,Boripardhi,Boripardhi,Daund,Pune,18.46867,74.38619,155.32,40.92,-12.0,542.6,43.4,477.5,607.7,3.0,232.3,6.0,10.0,6.0,70.0,4.0,4.0,0.0
MH_PUNE_556380,Nimbalkar Vasti,Nimbalkar Vasti,Daund,Pune,18.48271,74.33564,151.39,45.1,-11.4,552.5,44.2,486.2,618.8,3.0,230.4,6.0,10.0,6.0,70.0,4.0,4.0,0.0
MH_PUNE_556381,Dhumalicha Mala,Dhumalicha Mala,Daund,Pune,18.47324,74.33557,150.87,44.25,-11.4,555.8,44.5,489.0,622.5,3.0,230.4,6.0,10.0,6.0,70.0,4.0,4.0,0.0
MH_PUNE_555670,Bambhulsar Bk,Bambhulsar Bk,Shirur,Pune,18.50818,74.51915,169.79,40.34,-12.0,515.1,41.2,453.3,576.9,3.0,237.2,6.0,10.0,6.0,70.0,4.0,4.0,0.0
MH_PUNE_556364,Bhandgaon,Bhandgaon,Daund,Pune,18.45135,74.30817,147.16,44.12,-10.9,596.9,47.8,525.2,668.6,3.0,229.4,6.0,10.0,6.0,70.0,4.0,4.0,0.0
MH_PUNE_556390,Varvand,Varvand,Daund,Pune,18.47113,74.41533,158.17,39.71,-12.0,535.6,42.8,471.4,599.8,3.0,233.4,6.0,10.0,6.0,70.0,4.0,4.0,0.0
MH_PUNE_555781,Akharwadi,Akharwadi,Khed,Pune,18.91466,73.86255,108.86,42.79,-2.9,642.2,51.4,565.1,719.3,3.0,212.9,10.0,12.0,6.0,64.0,5.0,3.0,0.0
MH_PUNE_556365,Vakhari,Vakhari,Daund,Pune,18.44742,74.34955,150.8,41.06,-11.7,578.7,46.3,509.2,648.1,3.0,230.9,6.0,10.0,6.0,70.0,4.0,4.0,0.0
MH_PUNE_556382,Deulgaon Gada,Deulgaon Gada,Daund,Pune,18.42006,74.378,152.09,36.83,-12.0,573.5,45.9,504.6,642.3,3.0,232.0,6.0,10.0,6.0,70.0,4.0,4.0,0.0
MH_PUNE_556385,Kangaon,Kangaon,Daund,Pune,18.50403,74.48024,165.93,40.75,-12.0,517.6,41.4,455.5,579.7,3.0,235.8,6.0,10.0,6.0,70.0,4.0,4.0,0.0
MH_PUNE_556384,Hatwalan,Hatwalan,Daund,Pune,18.51668,74.4472,163.51,43.12,-12.0,514.3,41.1,452.6,575.9,3.0,234.5,6.0,10.0,6.0,70.0,4.0,4.0,0.0
MH_PUNE_556386,Gar,Gar,Daund,Pune,18.48734,74.51308,168.17,38.17,-12.0,510.8,40.9,449.4,572.1,3.0,237.0,6.0,10.0,6.0,70.0,4.0,4.0,0.0
MH_PUNE_556389,Kadethanwadi,Kadethanwadi,Daund,Pune,18.46633,74.43657,159.91,38.29,-12.0,537.8,43.0,473.3,602.3,3.0,234.2,6.0,10.0,6.0,70.0,4.0,4.0,0.0
MH_PUNE_556392,Birobachiwadi,Birobachiwadi,Daund,Pune,18.43375,74.47524,161.99,33.43,-12.0,553.7,44.3,487.3,620.2,3.0,235.6,6.0,10.0,6.0,70.0,4.0,4.0,0.0
MH_PUNE_556388,Navingar,Navingar,Daund,Pune,18.4665,74.51627,167.46,35.83,-12.0,521.4,41.7,458.8,583.9,3.0,237.1,6.0,10.0,6.0,70.0,4.0,4.0,0.0
MH_PUNE_556387,Betwadi,Betwadi,Daund,Pune,18.47804,74.51203,167.62,37.18,-12.0,513.6,41.1,451.9,575.2,3.0,236.9,6.0,10.0,6.0,70.0,4.0,4.0,0.0
MH_PUNE_556431,Chincholi,Chincholi,Daund,Pune,18.33325,74.73145,183.01,25.9,-12.0,511.6,40.9,450.2,572.9,3.0,245.1,6.0,10.0,6.0,70.0,4.0,4.0,0.0
MH_PUNE_556986,Madanwadi,Madanwadi,Indapur,Pune,18.28856,74.74064,182.44,22.92,-12.0,501.5,40.1,441.3,561.6,3.0,245.4,6.0,10.0,6.0,70.0,4.0,4.0,0.0
MH_PUNE_556420,Gadewadi,Gadewadi,Daund,Pune,18.39668,74.66826,179.11,28.97,-12.0,517.5,41.4,455.4,579.6,3.0,242.7,6.0,10.0,6.0,70.0,4.0,4.0,0.0
MH_PUNE_556891,Nimbodi,Nimbodi,Baramati,Pune,18.29978,74.69442,178.15,20.58,-12.0,559.6,44.8,492.4,626.8,3.0,243.7,6.0,10.0,6.0,70.0,4.0,4.0,0.0
MH_PUNE_556397,Pandharewadi,Pandharewadi,Daund,Pune,18.39416,74.55354,167.77,27.29,-12.0,585.6,46.8,515.4,655.8,3.0,238.5,6.0,10.0,6.0,70.0,4.0,4.0,0.0
MH_PUNE_556419,Boribel,Boribel,Daund,Pune,18.40355,74.64013,176.62,28.9,-12.0,539.5,43.2,474.7,604.3,3.0,241.7,6.0,10.0,6.0,70.0,4.0,4.0,0.0
MH_PUNE_556418,Maladpatas,Maladpatas,Daund,Pune,18.38016,74.59724,171.46,25.66,-12.0,573.0,45.8,504.3,641.7,3.0,240.1,6.0,10.0,6.0,70.0,4.0,4.0,0.0
MH_PUNE_556425,Malthan,Malthan,Daund,Pune,18.38688,74.72984,184.81,30.73,-12.0,506.5,40.5,445.7,567.2,3.0,245.0,6.0,10.0,6.0,70.0,4.0,4.0,0.0
MH_PUNE_556398,Jiregaon,Jiregaon,Daund,Pune,18.36291,74.53723,164.86,24.1,-12.0,591.0,47.3,520.0,661.9,3.0,237.9,6.0,10.0,6.0,70.0,4.0,4.0,0.0
MH_PUNE_556424,Lonarwadi,Lonarwadi,Daund,Pune,18.37279,74.70355,181.67,28.0,-12.0,519.4,41.6,457.0,581.8,3.0,244.0,6.0,10.0,6.0,70.0,4.0,4.0,0.0
MH_PUNE_556421,Ravangaon,Ravangaon,Daund,Pune,18.36607,74.63319,174.44,24.67,-12.0,558.4,44.7,491.3,625.4,3.0,241.4,6.0,10.0,6.0,70.0,4.0,4.0,0.0
MH_PUNE_556423,Khadaki,Khadaki,Daund,Pune,18.34276,74.67957,178.16,23.87,-12.0,530.8,42.5,467.1,594.6,3.0,243.1,6.0,10.0,6.0,70.0,4.0,4.0,0.0
MH_PUNE_556417,Kauthadi,Kauthadi,Daund,Pune,18.3537,74.55796,166.53,22.77,-12.0,590.5,47.2,519.7,661.3,3.0,238.6,6.0,10.0,6.0,70.0,4.0,4.0,0.0
MH_PUNE_556422,Nandadevi,Nandadevi,Daund,Pune,18.33477,74.63777,173.71,21.43,-12.0,564.7,45.2,496.9,632.5,3.0,241.6,6.0,10.0,6.0,70.0,4.0,4.0,0.0
MH_PUNE_556890,Parwadi,Parwadi,Baramati,Pune,18.28977,74.64675,173.01,17.07,-12.0,548.7,43.9,482.9,614.6,3.0,241.9,6.0,10.0,6.0,70.0,4.0,4.0,0.0
MH_PUNE_556888,Shirsuphal,Shirsuphal,Baramati,Pune,18.32849,74.59809,169.53,19.94,-12.0,552.3,44.2,486.0,618.6,3.0,240.1,6.0,10.0,6.0,70.0,4.0,4.0,0.0
MH_PUNE_556889,Sabalewadi,Sabalewadi,Baramati,Pune,18.31646,74.5513,164.42,18.76,-12.0,586.5,46.9,516.1,656.8,3.0,238.4,6.0,10.0,6.0,70.0,4.0,4.0,0.0
MH_PUNE_555779,Mirjewadi,Mirjewadi,Khed,Pune,18.94751,73.88782,112.44,46.6,-3.4,811.9,64.9,714.5,909.2,3.0,213.8,10.0,12.0,6.0,64.0,5.0,3.0,0.0
MH_PUNE_556400,Nanwij,Nanwij,Daund,Pune,18.48912,74.53767,170.59,37.97,-12.0,521.1,41.7,458.6,583.7,3.0,237.9,6.0,10.0,6.0,70.0,4.0,4.0,0.0
MH_PUNE_556401,Sonwadi,Sonwadi,Daund,Pune,18.47802,74.55478,171.68,36.57,-12.0,514.3,41.1,452.6,575.9,3.0,238.5,6.0,10.0,6.0,70.0,4.0,4.0,0.0
MH_PUNE_556402,Girim,Girim,Daund,Pune,18.43663,74.5271,167.09,32.36,-12.0,539.6,43.2,474.8,604.4,3.0,237.5,6.0,10.0,6.0,70.0,4.0,4.0,0.0
MH_PUNE_556403,Gopalwadi,Gopalwadi,Daund,Pune,18.4261,74.57722,171.45,30.7,-12.0,535.0,42.8,470.8,599.2,3.0,239.4,6.0,10.0,6.0,70.0,4.0,4.0,0.0
MH_PUNE_556405,Khorodi,Khorodi,Daund,Pune,18.43256,74.61701,175.59,31.66,-12.0,527.8,42.2,464.5,591.1,3.0,240.8,6.0,10.0,6.0,70.0,4.0,4.0,0.0
MH_PUNE_556404,Lingali,Lingali,Daund,Pune,18.45392,74.6009,174.98,33.87,-12.0,506.6,40.5,445.8,567.3,3.0,240.2,6.0,10.0,6.0,70.0,4.0,4.0,0.0
MH_PUNE_556414,Masanarwadi,Masanarwadi,Daund,Pune,18.44422,74.5965,174.12,32.76,-12.0,512.9,41.0,451.4,574.4,3.0,240.1,6.0,10.0,6.0,70.0,4.0,4.0,0.0
MH_PUNE_556416,Mergalwadi,Mergalwadi,Daund,Pune,18.4131,74.57748,170.91,29.26,-12.0,552.2,44.2,485.9,618.5,3.0,239.4,6.0,10.0,6.0,70.0,4.0,4.0,0.0
MH_PUNE_251531,Daund,Daund,Haveli,Pune,18.45471,74.58037,173.04,33.88,-12.0,523.5,41.9,460.6,586.3,3.0,239.5,12.0,14.0,8.0,48.0,14.0,4.0,0.0
MH_PUNE_556409,Pedgaon,Pedgaon,Daund,Pune,18.48756,74.69539,185.61,39.46,-12.0,506.4,40.5,445.7,567.2,3.0,243.7,6.0,10.0,6.0,70.0,4.0,4.0,0.0
MH_PUNE_556408,Wadgaon Darekar,Wadgaon Darekar,Daund,Pune,18.48169,74.66812,182.71,38.04,-12.0,508.4,40.7,447.4,569.5,3.0,242.7,6.0,10.0,6.0,70.0,4.0,4.0,0.0
MH_PUNE_556410,Shirapur,Shirapur,Daund,Pune,18.46253,74.7115,186.07,37.42,-12.0,506.9,40.6,446.0,567.8,3.0,244.3,6.0,10.0,6.0,70.0,4.0,4.0,0.0
MH_PUNE_556412,Kalewadi,Kalewadi,Daund,Pune,18.41245,74.68915,181.8,31.38,-12.0,508.6,40.7,447.5,569.6,3.0,243.5,6.0,10.0,6.0,70.0,4.0,4.0,0.0
MH_PUNE_556413,Kadamwasti,Kadamwasti,Daund,Pune,18.43283,74.64577,178.4,32.21,-12.0,509.9,40.8,448.7,571.1,3.0,241.9,6.0,10.0,6.0,70.0,4.0,4.0,0.0
MH_PUNE_556407,Deulgaon Raje,Deulgaon Raje,Daund,Pune,18.44423,74.67727,181.96,34.29,-12.0,526.5,42.1,463.4,589.7,3.0,243.1,6.0,10.0,6.0,70.0,4.0,4.0,0.0
MH_PUNE_556406,Alegaon,Alegaon,Daund,Pune,18.44618,74.65321,179.7,33.83,-12.0,507.9,40.6,447.0,568.8,3.0,242.2,6.0,10.0,6.0,70.0,4.0,4.0,0.0
MH_PUNE_555649,Alegaon Paga,Alegaon Paga,Shirur,Pune,18.6223,74.33329,154.2,51.96,-11.4,529.0,42.3,465.6,592.5,3.0,230.3,6.0,10.0,6.0,70.0,4.0,4.0,0.0
MH_PUNE_555658,Andhalgaon,Andhalgaon,Shirur,Pune,18.61283,74.40173,161.43,54.79,-12.0,540.5,43.2,475.7,605.3,3.0,232.9,6.0,10.0,6.0,70.0,4.0,4.0,0.0
MH_PUNE_556411,Hingani Berdi,Hingani Berdi,Daund,Pune,18.42036,74.6998,183.17,32.62,-12.0,502.8,40.2,442.5,563.1,3.0,243.9,6.0,10.0,6.0,70.0,4.0,4.0,0.0
MH_PUNE_555653,Ranjangaon Sandas,Ranjangaon Sandas,Shirur,Pune,18.58267,74.35841,156.98,53.49,-11.9,524.6,42.0,461.6,587.6,3.0,231.3,6.0,10.0,6.0,70.0,4.0,4.0,0.0
MH_PUNE_555659,Nagargaon,Nagargaon,Shirur,Pune,18.58371,74.3955,160.88,52.01,-12.0,520.2,41.6,457.8,582.6,3.0,232.6,6.0,10.0,6.0,70.0,4.0,4.0,0.0
MH_PUNE_555652,Rakshewadi,Rakshewadi,Shirur,Pune,18.58896,74.33707,154.7,51.76,-11.5,530.3,42.4,466.7,593.9,3.0,230.5,6.0,10.0,6.0,70.0,4.0,4.0,0.0
MH_PUNE_556342,Valki,Valki,Daund,Pune,18.5819,74.31138,152.03,48.98,-11.0,519.9,41.6,457.5,582.3,3.0,229.5,6.0,10.0,6.0,70.0,4.0,4.0,0.0
MH_PUNE_556371,Ganesh Road,Ganesh Road,Daund,Pune,18.5342,74.41071,161.1,46.31,-12.0,518.7,41.5,456.5,581.0,3.0,233.2,6.0,10.0,6.0,70.0,4.0,4.0,0.0
MH_PUNE_556369,Pargaon,Pargaon,Daund,Pune,18.54169,74.37282,158.07,48.74,-12.0,537.1,43.0,472.6,601.6,3.0,231.8,6.0,10.0,6.0,70.0,4.0,4.0,0.0
MH_PUNE_556344,Ekeriwadi,Ekeriwadi,Daund,Pune,18.53131,74.31244,152.03,48.76,-11.0,529.7,42.4,466.1,593.3,3.0,229.6,6.0,10.0,6.0,70.0,4.0,4.0,0.0
MH_PUNE_556368,Galandwadi,Galandwadi,Daund,Pune,18.5244,74.33823,153.95,48.83,-11.5,532.5,42.6,468.6,596.4,3.0,230.5,6.0,10.0,6.0,70.0,4.0,4.0,0.0
MH_PUNE_556343,Delvadi,Delvadi,Daund,Pune,18.54165,74.32265,153.49,49.85,-11.2,526.3,42.1,463.1,589.4,3.0,229.9,6.0,10.0,6.0,70.0,4.0,4.0,0.0
MH_PUNE_555668,Mandavgan Pharata,Mandavgan Pharata,Shirur,Pune,18.55718,74.49733,170.31,46.11,-12.0,520.0,41.6,457.6,582.4,3.0,236.4,6.0,10.0,6.0,70.0,4.0,4.0,0.0
MH_PUNE_555661,Kolgaon Dolas,Kolgaon Dolas,Shirur,Pune,18.61764,74.43504,164.93,54.2,-12.0,546.9,43.7,481.3,612.4,3.0,234.1,6.0,10.0,6.0,70.0,4.0,4.0,0.0
MH_PUNE_555660,Kuruli,Kuruli,Shirur,Pune,18.59732,74.43195,164.66,52.13,-12.0,533.9,42.7,469.8,597.9,3.0,234.0,6.0,10.0,6.0,70.0,4.0,4.0,0.0
MH_PUNE_555664,Pimpalsuti,Pimpalsuti,Shirur,Pune,18.59926,74.51326,173.22,50.45,-12.0,530.0,42.4,466.4,593.6,3.0,237.0,6.0,10.0,6.0,70.0,4.0,4.0,0.0
MH_PUNE_556372,Amoni Mal,Amoni Mal,Daund,Pune,18.55298,74.41552,162.58,48.05,-12.0,525.0,42.0,462.0,588.0,3.0,233.4,6.0,10.0,6.0,70.0,4.0,4.0,0.0
MH_PUNE_555666,Wadgaon Rasai,Wadgaon Rasai,Shirur,Pune,18.57023,74.44548,166.21,48.84,-12.0,523.9,41.9,461.1,586.8,3.0,234.5,6.0,10.0,6.0,70.0,4.0,4.0,0.0
MH_PUNE_555669,Faradwadi,Faradwadi,Shirur,Pune,18.56136,74.49287,170.13,46.66,-12.0,518.8,41.5,456.5,581.0,3.0,236.2,6.0,10.0,6.0,70.0,4.0,4.0,0.0
MH_PUNE_555667,Sadalgaon,Sadalgaon,Shirur,Pune,18.53316,74.46275,165.83,44.37,-12.0,517.7,41.4,455.6,579.8,3.0,235.1,6.0,10.0,6.0,70.0,4.0,4.0,0.0
MH_PUNE_555662,Shirasgaon Kata,Shirasgaon Kata,Shirur,Pune,18.62134,74.47243,168.86,53.63,-12.0,545.6,43.6,480.2,611.0,3.0,235.5,6.0,10.0,6.0,70.0,4.0,4.0,0.0
MH_PUNE_556370,Nangaon,Nangaon,Daund,Pune,18.5313,74.42877,162.6,45.3,-12.0,517.5,41.4,455.4,579.6,3.0,233.9,6.0,10.0,6.0,70.0,4.0,4.0,0.0
MH_PUNE_555647,Uralgaon,Uralgaon,Shirur,Pune,18.66801,74.31386,152.15,51.24,-11.0,579.6,46.4,510.0,649.2,3.0,229.6,6.0,10.0,6.0,70.0,4.0,4.0,0.0
MH_PUNE_555639,Karde,Karde,Shirur,Pune,18.74386,74.34174,155.45,57.01,-11.6,613.1,49.0,539.6,686.6,3.0,230.6,6.0,10.0,6.0,70.0,4.0,4.0,0.0
MH_PUNE_555621,Babhulsar Kh,Babhulsar Kh,Shirur,Pune,18.75661,74.30189,151.37,53.87,-10.8,607.0,48.6,534.1,679.9,3.0,229.2,6.0,10.0,6.0,70.0,4.0,4.0,0.0
MH_PUNE_555640,Chavhanwadi,Chavhanwadi,Shirur,Pune,18.73317,74.3998,161.47,62.18,-12.0,586.3,46.9,516.0,656.7,3.0,232.8,6.0,10.0,6.0,70.0,4.0,4.0,0.0
MH_PUNE_555651,Kohakdewadi,Kohakdewadi,Shirur,Pune,18.64314,74.39567,160.75,58.18,-12.0,566.6,45.3,498.7,634.6,3.0,232.6,6.0,10.0,6.0,70.0,4.0,4.0,0.0
MH_PUNE_555642,Nimone,Nimone,Shirur,Pune,18.70556,74.41962,163.4,63.12,-12.0,583.2,46.7,513.1,653.2,3.0,233.5,6.0,10.0,6.0,70.0,4.0,4.0,0.0
MH_PUNE_555641,Motewadi,Motewadi,Shirur,Pune,18.71531,74.41398,162.86,62.9,-12.0,578.8,46.3,509.3,648.2,3.0,233.3,6.0,10.0,6.0,70.0,4.0,4.0,0.0
MH_PUNE_555643,Ambale,Ambale,Shirur,Pune,18.70201,74.3424,155.26,55.3,-11.6,589.1,47.1,518.4,659.7,3.0,230.7,6.0,10.0,6.0,70.0,4.0,4.0,0.0
MH_PUNE_555654,Shindodi,Shindodi,Shirur,Pune,18.70128,74.46956,168.64,62.4,-12.0,561.4,44.9,494.0,628.7,3.0,235.4,6.0,10.0,6.0,70.0,4.0,4.0,0.0
MH_PUNE_555650,Nhavara,Nhavara,Shirur,Pune,18.65962,74.37254,158.32,56.93,-12.0,572.7,45.8,504.0,641.4,3.0,231.8,6.0,10.0,6.0,70.0,4.0,4.0,0.0
MH_PUNE_555656,Gunat,Gunat,Shirur,Pune,18.67744,74.43738,165.18,60.55,-12.0,585.3,46.8,515.1,655.5,3.0,234.2,6.0,10.0,6.0,70.0,4.0,4.0,0.0
MH_PUNE_555655,Chinchani,Chinchani,Shirur,Pune,18.66665,74.48596,170.27,58.3,-12.0,546.2,43.7,480.7,611.8,3.0,236.0,6.0,10.0,6.0,70.0,4.0,4.0,0.0
MH_PUNE_555657,Nirvi,Nirvi,Shirur,Pune,18.64688,74.42819,164.17,57.53,-12.0,567.8,45.4,499.7,635.9,3.0,233.8,6.0,10.0,6.0,70.0,4.0,4.0,0.0
MH_PUNE_555663,Dhumalwadi,Dhumalwadi,Shirur,Pune,18.65324,74.45889,167.41,57.4,-12.0,542.1,43.4,477.0,607.2,3.0,235.0,6.0,10.0,6.0,70.0,4.0,4.0,0.0
MH_PUNE_555539,Awasari Bk,Awasari Bk,Ambegaon,Pune,18.95852,74.01569,125.69,50.74,-5.7,643.7,51.5,566.5,721.0,3.0,218.6,10.0,12.0,6.0,64.0,5.0,3.0,0.0
MH_PUNE_555761,Chandoli,Chandoli,Khed,Pune,18.85048,73.87691,108.58,35.75,-3.2,593.9,47.5,522.7,665.2,3.0,213.4,10.0,12.0,6.0,64.0,5.0,3.0,0.0
MH_PUNE_555816,Gosasi,Gosasi,Khed,Pune,18.83956,73.98363,119.35,37.19,-5.1,737.8,59.0,649.3,826.3,3.0,217.4,10.0,12.0,6.0,64.0,5.0,3.0,0.0
MH_PUNE_555665,Inamgaon,Inamgaon,Shirur,Pune,18.57532,74.53526,174.79,47.53,-12.0,525.1,42.0,462.1,588.1,3.0,237.8,6.0,10.0,6.0,70.0,4.0,4.0,0.0
MH_PUNE_555820,Davadi,Davadi,Khed,Pune,18.79149,73.977,117.79,32.01,-5.0,686.4,54.9,604.0,768.7,3.0,217.1,10.0,12.0,6.0,64.0,5.0,3.0,0.0
MH_PUNE_555672,Tandali,Tandali,Shirur,Pune,18.54391,74.55955,175.39,43.85,-12.0,517.7,41.4,455.6,579.8,3.0,238.7,6.0,10.0,6.0,70.0,4.0,4.0,0.0
MH_PUNE_555671,Ganegaon Dumala,Ganegaon Dumala,Shirur,Pune,18.52371,74.5388,172.42,41.78,-12.0,513.4,41.1,451.7,575.0,3.0,237.9,6.0,10.0,6.0,70.0,4.0,4.0,0.0
MH_PUNE_555592,Thitewadi,Thitewadi,Shirur,Pune,18.81092,74.05965,126.71,38.26,-6.5,668.1,53.4,588.0,748.2,3.0,220.2,6.0,10.0,6.0,70.0,4.0,4.0,0.0
MH_PUNE_555593,Mahadeo Wadi,Mahadeo Wadi,Shirur,Pune,18.80207,74.06687,127.33,37.91,-6.6,660.4,52.8,581.2,739.6,3.0,220.5,6.0,10.0,6.0,70.0,4.0,4.0,0.0
MH_PUNE_555594,Kendur,Kendur,Shirur,Pune,18.78606,74.0391,124.19,34.75,-6.1,645.7,51.7,568.1,723.2,3.0,219.4,6.0,10.0,6.0,70.0,4.0,4.0,0.0
MH_PUNE_555810,Wakalwadi,Wakalwadi,Khed,Pune,18.8636,73.97717,119.2,39.44,-5.0,807.3,64.6,710.4,904.2,3.0,217.2,10.0,12.0,6.0,64.0,5.0,3.0,0.0
MH_PUNE_555809,Jaulke Kh,Jaulke Kh,Khed,Pune,18.86061,73.93635,114.93,37.87,-4.3,687.8,55.0,605.3,770.3,3.0,215.6,10.0,12.0,6.0,64.0,5.0,3.0,0.0
MH_PUNE_555762,Vadgaon Tarf Khed,Vadgaon Tarf Khed,Khed,Pune,18.85934,73.85749,106.8,36.63,-2.8,612.9,49.0,539.4,686.4,3.0,212.7,10.0,12.0,6.0,64.0,5.0,3.0,0.0
MH_PUNE_555818,Kharpudi Bk,Kharpudi Bk,Khed,Pune,18.81244,73.9242,112.66,32.36,-4.0,595.1,47.6,523.7,666.5,3.0,215.2,10.0,12.0,6.0,64.0,5.0,3.0,0.0
MH_PUNE_555817,Retavadi,Retavadi,Khed,Pune,18.83876,73.94652,115.49,35.81,-4.4,669.2,53.5,589.0,749.5,3.0,216.0,10.0,12.0,6.0,64.0,5.0,3.0,0.0
MH_PUNE_555796,Takalkarwadi,Takalkarwadi,Khed,Pune,18.84748,73.91629,112.56,35.99,-3.9,622.3,49.8,547.6,697.0,3.0,214.9,10.0,12.0,6.0,64.0,5.0,3.0,0.0
MH_PUNE_555815,Kanhersar,Kanhersar,Khed,Pune,18.82559,74.00473,121.26,36.69,-5.5,673.8,53.9,592.9,754.6,3.0,218.2,10.0,12.0,6.0,64.0,5.0,3.0,0.0
MH_PUNE_555763,Shiroli,Shiroli,Khed,Pune,18.82987,73.87868,108.29,33.48,-3.2,597.1,47.8,525.4,668.8,3.0,213.5,10.0,12.0,6.0,64.0,5.0,3.0,0.0
MH_PUNE_555799,Holewadi,Holewadi,Khed,Pune,18.82483,73.90562,110.98,33.3,-3.7,590.6,47.2,519.8,661.4,3.0,214.5,10.0,12.0,6.0,64.0,5.0,3.0,0.0
MH_PUNE_555582,Futanwadi Akharimal,Futanwadi Akharimal,Shirur,Pune,18.86073,74.05554,127.22,42.67,-6.4,711.2,56.9,625.8,796.5,3.0,220.1,6.0,10.0,6.0,70.0,4.0,4.0,0.0
MH_PUNE_555801,Pimpri Bk,Pimpri Bk,Khed,Pune,18.82248,73.85221,105.4,32.52,-2.7,617.6,49.4,543.5,691.7,3.0,212.5,10.0,12.0,6.0,64.0,5.0,3.0,0.0
MH_PUNE_555819,Nimgaon,Nimgaon,Khed,Pune,18.80774,73.94719,114.96,32.54,-4.4,619.2,49.5,544.9,693.4,3.0,216.0,10.0,12.0,6.0,64.0,5.0,3.0,0.0
MH_PUNE_555585,Choudhar Bend,Choudhar Bend,Shirur,Pune,18.82491,74.05954,126.94,39.53,-6.5,667.4,53.4,587.3,747.5,3.0,220.2,6.0,10.0,6.0,70.0,4.0,4.0,0.0
MH_PUNE_555802,Waki Bk,Waki Bk,Khed,Pune,18.79801,73.89198,109.05,30.13,-3.5,607.5,48.6,534.6,680.4,3.0,214.0,10.0,12.0,6.0,64.0,5.0,3.0,0.0
MH_PUNE_555800,Kharpudi Kh,Kharpudi Kh,Khed,Pune,18.80796,73.90639,110.73,31.47,-3.7,586.2,46.9,515.8,656.5,3.0,214.5,10.0,12.0,6.0,64.0,5.0,3.0,0.0
MH_PUNE_555835,Pimpri Kh,Pimpri Kh,Khed,Pune,18.80379,73.85485,105.3,30.45,-2.8,596.6,47.7,525.1,668.2,3.0,212.6,10.0,12.0,6.0,64.0,5.0,3.0,0.0
MH_PUNE_555596,Parhadwadi,Parhadwadi,Shirur,Pune,18.77933,74.07038,127.37,36.16,-6.7,630.6,50.4,555.0,706.2,3.0,220.6,6.0,10.0,6.0,70.0,4.0,4.0,0.0
MH_PUNE_555836,Rohakal,Rohakal,Khed,Pune,18.79013,73.86051,105.64,28.95,-2.9,633.3,50.7,557.3,709.4,3.0,212.8,10.0,12.0,6.0,64.0,5.0,3.0,0.0
MH_PUNE_555804,Kalus,Kalus,Khed,Pune,18.77175,73.92139,111.7,27.91,-4.0,587.2,47.0,516.7,657.7,3.0,215.1,10.0,12.0,6.0,64.0,5.0,3.0,0.0
MH_PUNE_555844,Chinchoshi,Chinchoshi,Khed,Pune,18.76214,74.01356,121.21,31.04,-5.6,627.4,50.2,552.1,702.7,3.0,218.5,10.0,12.0,6.0,64.0,5.0,3.0,0.0
MH_PUNE_555837,Waki Kh,Waki Kh,Khed,Pune,18.78515,73.88499,108.11,28.61,-3.3,606.2,48.5,533.4,678.9,3.0,213.7,10.0,12.0,6.0,64.0,5.0,3.0,0.0
MH_PUNE_296912,Rajgurunagar,Rajgurunagar,Haveli,Pune,18.86248,73.89275,110.49,37.24,-3.5,617.7,49.4,543.6,691.8,3.0,214.0,12.0,14.0,8.0,48.0,14.0,4.0,0.0
MH_PUNE_555794,Khalchi Bhamburwadi,Khalchi Bhamburwadi,Khed,Pune,18.85561,73.90888,111.99,36.73,-3.8,622.7,49.8,548.0,697.4,3.0,214.6,10.0,12.0,6.0,64.0,5.0,3.0,0.0
MH_PUNE_555795,Dhorewadi,Dhorewadi,Khed,Pune,18.84931,73.90572,111.51,35.99,-3.7,607.3,48.6,534.4,680.2,3.0,214.5,10.0,12.0,6.0,64.0,5.0,3.0,0.0
MH_PUNE_555534,Khadakamala,Khadakamala,Ambegaon,Pune,18.9594,73.97493,121.61,49.53,-4.9,662.8,53.0,583.3,742.3,3.0,217.1,10.0,12.0,6.0,64.0,5.0,3.0,0.0
MH_PUNE_555797,Rakshewadi,Rakshewadi,Khed,Pune,18.83236,73.91076,111.66,34.22,-3.8,629.4,50.4,553.8,705.0,3.0,214.7,10.0,12.0,6.0,64.0,5.0,3.0,0.0
MH_PUNE_555798,Manjarewadi,Manjarewadi,Khed,Pune,18.82889,73.92136,112.69,34.07,-4.0,605.8,48.5,533.1,678.6,3.0,215.1,10.0,12.0,6.0,64.0,5.0,3.0,0.0
MH_PUNE_251520,Chakan,Chakan,Haveli,Pune,18.76526,73.87368,106.62,26.28,-3.1,597.9,47.8,526.2,669.6,3.0,213.3,12.0,14.0,8.0,48.0,14.0,4.0,0.0
MH_PUNE_555584,Zodagewadi,Zodagewadi,Shirur,Pune,18.82523,74.04899,125.85,38.95,-6.3,677.4,54.2,596.1,758.7,3.0,219.8,6.0,10.0,6.0,70.0,4.0,4.0,0.0
MH_PUNE_555583,Pabal,Pabal,Shirur,Pune,18.85224,74.06556,128.08,42.42,-6.6,693.6,55.5,610.3,776.8,3.0,220.4,6.0,10.0,6.0,70.0,4.0,4.0,0.0
MH_PUNE_555803,Santosh Nagar,Santosh Nagar,Khed,Pune,18.80721,73.87309,107.26,30.92,-3.1,611.9,49.0,538.4,685.4,3.0,213.3,10.0,12.0,6.0,64.0,5.0,3.0,0.0
MH_PUNE_555814,Pur,Pur,Khed,Pune,18.83816,74.03041,124.16,39.18,-5.9,688.2,55.1,605.5,770.8,3.0,219.1,10.0,12.0,6.0,64.0,5.0,3.0,0.0
MH_PUNE_555786,Kalechiwadi,Kalechiwadi,Khed,Pune,18.91577,73.90075,112.76,43.23,-3.6,715.8,57.3,629.8,801.7,3.0,214.3,10.0,12.0,6.0,64.0,5.0,3.0,0.0
MH_PUNE_555787,Arudewadi,Arudewadi,Khed,Pune,18.90359,73.90698,113.04,41.97,-3.7,722.8,57.8,636.1,809.5,3.0,214.6,10.0,12.0,6.0,64.0,5.0,3.0,0.0
MH_PUNE_555808,Gulani,Gulani,Khed,Pune,18.88079,73.96131,117.98,40.73,-4.7,763.7,61.1,672.1,855.4,3.0,216.6,10.0,12.0,6.0,64.0,5.0,3.0,0.0
MH_PUNE_555790,Pacharnewadi,Pacharnewadi,Khed,Pune,18.88717,73.91455,113.36,40.29,-3.9,712.7,57.0,627.2,798.2,3.0,214.8,10.0,12.0,6.0,64.0,5.0,3.0,0.0
MH_PUNE_555788,Satkarsthal,Satkarsthal,Khed,Pune,18.88474,73.89048,110.84,39.68,-3.4,644.5,51.6,567.1,721.9,3.0,213.9,10.0,12.0,6.0,64.0,5.0,3.0,0.0
MH_PUNE_555789,Kohinkarwadi,Kohinkarwadi,Khed,Pune,18.8777,73.8784,109.41,38.78,-3.2,622.8,49.8,548.1,697.5,3.0,213.5,10.0,12.0,6.0,64.0,5.0,3.0,0.0
MH_PUNE_555791,Sandbhorwadi,Sandbhorwadi,Khed,Pune,18.9094,73.93642,116.2,43.16,-4.3,767.5,61.4,675.4,859.6,3.0,215.6,10.0,12.0,6.0,64.0,5.0,3.0,0.0
MH_PUNE_555783,Butewadi,Butewadi,Khed,Pune,18.91627,73.88333,111.01,43.09,-3.3,709.7,56.8,624.5,794.9,3.0,213.7,10.0,12.0,6.0,64.0,5.0,3.0,0.0
MH_PUNE_555785,Padali,Padali,Khed,Pune,18.8905,73.87598,109.52,40.18,-3.2,638.8,51.1,562.2,715.5,3.0,213.4,10.0,12.0,6.0,64.0,5.0,3.0,0.0
MH_PUNE_555792,Jaidwadi,Jaidwadi,Khed,Pune,18.88816,73.93235,115.2,40.76,-4.2,717.1,57.4,631.0,803.2,3.0,215.5,10.0,12.0,6.0,64.0,5.0,3.0,0.0
MH_PUNE_555784,Pangari,Pangari,Khed,Pune,18.9099,73.87779,110.26,42.34,-3.2,671.3,53.7,590.8,751.9,3.0,213.5,10.0,12.0,6.0,64.0,5.0,3.0,0.0
MH_PUNE_555793,Varchi Bhamburwadi,Varchi Bhamburwadi,Khed,Pune,18.87836,73.93086,114.8,39.66,-4.2,759.5,60.8,668.3,850.7,3.0,215.4,10.0,12.0,6.0,64.0,5.0,3.0,0.0
MH_PUNE_555813,Gadakwadi,Gadakwadi,Khed,Pune,18.88665,74.03508,125.69,44.19,-6.0,773.9,61.9,681.0,866.7,3.0,219.3,10.0,12.0,6.0,64.0,5.0,3.0,0.0
MH_PUNE_555520,Kurwandi,Kurwandi,Ambegaon,Pune,18.98294,73.87976,111.84,50.46,-3.2,869.7,69.6,765.3,974.1,3.0,213.6,10.0,12.0,6.0,64.0,5.0,3.0,0.0
MH_PUNE_555525,Karegaon,Karegaon,Ambegaon,Pune,18.96237,73.92783,116.73,48.77,-4.1,737.7,59.0,649.2,826.2,3.0,215.3,10.0,12.0,6.0,64.0,5.0,3.0,0.0
MH_PUNE_555524,Shewalwadi,Shewalwadi,Ambegaon,Pune,18.98592,73.95015,119.24,51.78,-4.5,668.8,53.5,588.5,749.0,3.0,216.2,10.0,12.0,6.0,64.0,5.0,3.0,0.0
MH_PUNE_555521,Kolharwadi,Kolharwadi,Ambegaon,Pune,18.97833,73.90205,114.14,50.15,-3.6,806.1,64.5,709.3,902.8,3.0,214.4,10.0,12.0,6.0,64.0,5.0,3.0,0.0
MH_PUNE_555528,Tambademala,Tambademala,Ambegaon,Pune,18.96675,73.95113,119.2,49.72,-4.5,675.6,54.1,594.5,756.8,3.0,216.2,10.0,12.0,6.0,64.0,5.0,3.0,0.0
MH_PUNE_555522,Thugaon,Thugaon,Ambegaon,Pune,18.97134,73.91644,115.59,49.57,-3.9,830.6,66.5,730.9,930.4,3.0,214.9,10.0,12.0,6.0,64.0,5.0,3.0,0.0
MH_PUNE_555527,Shriramnagar,Shriramnagar,Ambegaon,Pune,18.94578,73.92859,116.51,46.97,-4.1,784.5,62.8,690.3,878.7,3.0,215.4,10.0,12.0,6.0,64.0,5.0,3.0,0.0
MH_PUNE_555777,Kaman,Kaman,Khed,Pune,18.95205,73.85804,109.34,46.94,-2.8,739.0,59.1,650.4,827.7,3.0,212.7,10.0,12.0,6.0,64.0,5.0,3.0,0.0
MH_PUNE_555523,Bhawadi,Bhawadi,Ambegaon,Pune,18.95426,73.91058,114.87,47.61,-3.8,803.4,64.3,706.9,899.8,3.0,214.7,10.0,12.0,6.0,64.0,5.0,3.0,0.0
MH_PUNE_555526,Peth,Peth,Ambegaon,Pune,18.93932,73.93902,117.35,46.47,-4.3,766.6,61.3,674.7,858.6,3.0,215.7,10.0,12.0,6.0,64.0,5.0,3.0,0.0
MH_PUNE_555538,Nirgoodsar,Nirgoodsar,Ambegaon,Pune,18.98561,74.04917,129.63,54.83,-6.3,597.5,47.8,525.8,669.2,3.0,219.8,10.0,12.0,6.0,64.0,5.0,3.0,0.0
MH_PUNE_555542,Mengadewadi,Mengadewadi,Ambegaon,Pune,18.96449,74.04323,128.66,52.42,-6.2,630.7,50.5,555.0,706.5,3.0,219.6,10.0,12.0,6.0,64.0,5.0,3.0,0.0
MH_PUNE_555533,Bhorwadi,Bhorwadi,Ambegaon,Pune,18.96112,73.96439,120.56,49.43,-4.8,671.7,53.7,591.1,752.2,3.0,216.7,10.0,12.0,6.0,64.0,5.0,3.0,0.0
MH_PUNE_555540,Gavdewadi,Gavdewadi,Ambegaon,Pune,18.95625,73.99821,123.86,49.9,-5.4,657.0,52.6,578.1,735.9,3.0,217.9,10.0,12.0,6.0,64.0,5.0,3.0,0.0
MH_PUNE_555541,Tavharewadi,Tavharewadi,Ambegaon,Pune,18.94939,73.98555,122.36,48.77,-5.1,735.9,58.9,647.6,824.3,3.0,217.5,10.0,12.0,6.0,64.0,5.0,3.0,0.0
MH_PUNE_555551,Dhamani,Dhamani,Ambegaon,Pune,18.93785,74.05654,129.22,50.3,-6.4,675.1,54.0,594.1,756.1,3.0,220.1,10.0,12.0,6.0,64.0,5.0,3.0,0.0
MH_PUNE_555535,Pargaon Tarf Khed,Pargaon Tarf Khed,Ambegaon,Pune,18.92108,73.97004,119.95,45.29,-4.9,821.0,65.7,722.5,919.6,3.0,216.9,10.0,12.0,6.0,64.0,5.0,3.0,0.0
MH_PUNE_555552,Ranmala,Ranmala,Ambegaon,Pune,18.92813,74.04334,127.61,48.73,-6.2,717.4,57.4,631.3,803.5,3.0,219.6,10.0,12.0,6.0,64.0,5.0,3.0,0.0
MH_PUNE_555805,Jaulke Bk,Jaulke Bk,Khed,Pune,18.92205,74.00137,123.16,46.42,-5.4,814.1,65.1,716.5,911.8,3.0,218.1,10.0,12.0,6.0,64.0,5.0,3.0,0.0
MH_PUNE_555807,Chichbaiwadi,Chichbaiwadi,Khed,Pune,18.89534,74.0007,122.38,43.61,-5.4,734.9,58.8,646.7,823.1,3.0,218.0,10.0,12.0,6.0,64.0,5.0,3.0,0.0
MH_PUNE_555806,Wafegaon,Wafegaon,Khed,Pune,18.9093,74.02278,125.0,45.93,-5.8,779.7,62.4,686.1,873.3,3.0,218.8,10.0,12.0,6.0,64.0,5.0,3.0,0.0
MH_PUNE_555553,Shirdale,Shirdale,Ambegaon,Pune,18.91224,74.05695,128.57,47.77,-6.4,700.8,56.1,616.7,785.0,3.0,220.1,10.0,12.0,6.0,64.0,5.0,3.0,0.0
MH_PUNE_555812,Chaudharwadi,Chaudharwadi,Khed,Pune,18.88427,74.0194,124.03,43.24,-5.7,779.4,62.4,685.8,873.0,3.0,218.7,10.0,12.0,6.0,64.0,5.0,3.0,0.0
MH_PUNE_555811,Varude,Varude,Khed,Pune,18.8666,74.01961,123.64,41.47,-5.8,723.2,57.9,636.4,810.1,3.0,218.7,10.0,12.0,6.0,64.0,5.0,3.0,0.0
MH_PUNE_555580,Thapewadi Pimpalwadi,Thapewadi Pimpalwadi,Shirur,Pune,18.87238,74.06749,128.7,44.43,-6.6,722.1,57.8,635.4,808.8,3.0,220.5,6.0,10.0,6.0,70.0,4.0,4.0,0.0
MH_PUNE_555607,Nimgaon Bhogi,Nimgaon Bhogi,Shirur,Pune,18.82312,74.26856,148.68,54.83,-10.2,584.9,46.8,514.7,655.1,3.0,227.9,6.0,10.0,6.0,70.0,4.0,4.0,0.0
MH_PUNE_555606,Sone Sangavi,Sone Sangavi,Shirur,Pune,18.81029,74.23548,145.04,51.19,-9.6,639.9,51.2,563.1,716.7,3.0,226.7,6.0,10.0,6.0,70.0,4.0,4.0,0.0
MH_PUNE_556328,Yewalewadi,Yewalewadi,Haveli,Pune,18.41854,73.8915,108.41,13.14,-3.4,741.3,59.3,652.3,830.2,3.0,214.0,12.0,14.0,8.0,48.0,14.0,4.0,0.0
MH_PUNE_555674,Sanaswadi,Sanaswadi,Haveli,Pune,18.67964,74.10929,130.63,31.99,-7.4,584.2,46.7,514.2,654.3,3.0,222.0,12.0,14.0,8.0,48.0,14.0,4.0,0.0
MH_PUNE_555673,Koregaon Bhima,Koregaon Bhima,Haveli,Pune,18.65251,74.07601,127.07,27.44,-6.8,554.1,44.3,487.6,620.5,3.0,220.8,12.0,14.0,8.0,48.0,14.0,4.0,0.0
MH_PUNE_556327,Wagholi,Wagholi,Haveli,Pune,18.57427,73.98839,118.09,15.4,-5.2,569.4,45.6,501.0,637.8,3.0,217.6,12.0,14.0,8.0,48.0,14.0,4.0,0.0
MH_PUNE_555865,Medankarwadi,Medankarwadi,Haveli,Pune,18.74682,73.87995,107.04,24.31,-3.2,621.3,49.7,546.7,695.8,3.0,213.6,12.0,14.0,8.0,48.0,14.0,4.0,0.0
MH_PUNE_802815,Kirkee Cantt,Kirkee Cantt,Haveli,Pune,18.55223,73.86596,105.42,2.99,-3.0,553.2,44.3,486.7,619.6,3.0,213.0,12.0,14.0,8.0,48.0,14.0,4.0,0.0
MH_PUNE_555864,Nanekarwadi,Nanekarwadi,Haveli,Pune,18.74324,73.85856,104.76,23.73,-2.9,632.5,50.6,556.6,708.4,3.0,212.8,12.0,14.0,8.0,48.0,14.0,4.0,0.0
MH_PUNE_555589,Chincholi,Chincholi,Shirur,Pune,18.81914,74.15963,137.26,45.8,-8.3,652.5,52.2,574.2,730.8,3.0,223.9,6.0,10.0,6.0,70.0,4.0,4.0,0.0
MH_PUNE_556432,Daund,Daund,Haveli,Pune,18.45457,74.59568,174.51,33.91,-12.0,510.8,40.9,449.5,572.2,3.0,240.0,12.0,14.0,8.0,48.0,14.0,4.0,0.0
MH_PUNE_555615,Dhok Sangavi,Dhok Sangavi,Shirur,Pune,18.79715,74.26211,147.65,52.6,-10.1,624.9,50.0,549.9,699.9,3.0,227.7,6.0,10.0,6.0,70.0,4.0,4.0,0.0
MH_PUNE_555574,Dongargan,Dongargan,Shirur,Pune,18.8635,74.27917,150.44,58.47,-10.4,567.3,45.4,499.2,635.4,3.0,228.3,6.0,10.0,6.0,70.0,4.0,4.0,0.0
MH_PUNE_555576,Amdabad,Amdabad,Shirur,Pune,18.84628,74.25184,147.3,55.03,-9.9,581.8,46.5,512.1,651.6,3.0,227.3,6.0,10.0,6.0,70.0,4.0,4.0,0.0
MH_PUNE_555575,Mhase Bk,Mhase Bk,Shirur,Pune,18.8636,74.29904,152.51,60.11,-10.8,565.4,45.2,497.6,633.2,3.0,229.1,6.0,10.0,6.0,70.0,4.0,4.0,0.0
MH_PUNE_555577,Malthan,Malthan,Shirur,Pune,18.84729,74.21183,143.16,51.94,-9.2,607.3,48.6,534.4,680.2,3.0,225.8,6.0,10.0,6.0,70.0,4.0,4.0,0.0
MH_PUNE_555587,Kanhur Mesai,Kanhur Mesai,Shirur,Pune,18.84592,74.14246,135.93,46.72,-8.0,697.2,55.8,613.5,780.9,3.0,223.3,6.0,10.0,6.0,70.0,4.0,4.0,0.0
MH_PUNE_555578,Lakhewadi,Lakhewadi,Shirur,Pune,18.83241,74.19257,140.9,49.32,-8.9,652.6,52.2,574.3,730.9,3.0,225.1,6.0,10.0,6.0,70.0,4.0,4.0,0.0
MH_PUNE_555586,Khairenagar,Khairenagar,Shirur,Pune,18.83913,74.1026,131.67,43.47,-7.2,704.9,56.4,620.3,789.5,3.0,221.8,6.0,10.0,6.0,70.0,4.0,4.0,0.0
MH_PUNE_555608,Annapur,Annapur,Shirur,Pune,18.84055,74.28782,150.95,57.61,-10.6,570.4,45.6,502.0,638.8,3.0,228.6,6.0,10.0,6.0,70.0,4.0,4.0,0.0
MH_PUNE_555581,Malwadi Agarkarwadi,Malwadi Agarkarwadi,Shirur,Pune,18.85444,74.07679,129.29,43.27,-6.8,704.2,56.3,619.7,788.6,3.0,220.8,6.0,10.0,6.0,70.0,4.0,4.0,0.0
MH_PUNE_555588,Shastabad,Shastabad,Shirur,Pune,18.83651,74.17178,138.81,48.07,-8.5,680.4,54.4,598.8,762.0,3.0,224.4,6.0,10.0,6.0,70.0,4.0,4.0,0.0
MH_PUNE_555591,Dhamari,Dhamari,Shirur,Pune,18.79833,74.09669,130.38,39.57,-7.1,649.8,52.0,571.8,727.8,3.0,221.6,6.0,10.0,6.0,70.0,4.0,4.0,0.0
MH_PUNE_555604,Warude,Warude,Shirur,Pune,18.7961,74.17487,138.51,45.24,-8.5,618.9,49.5,544.7,693.2,3.0,224.5,6.0,10.0,6.0,70.0,4.0,4.0,0.0
MH_PUNE_555590,Khairewadi,Khairewadi,Shirur,Pune,18.8067,74.13126,134.11,42.71,-7.8,667.0,53.4,586.9,747.1,3.0,222.9,6.0,10.0,6.0,70.0,4.0,4.0,0.0
MH_PUNE_555605,Waghole,Waghole,Shirur,Pune,18.79278,74.20031,141.13,47.07,-9.0,640.7,51.3,563.8,717.7,3.0,225.4,6.0,10.0,6.0,70.0,4.0,4.0,0.0
MH_PUNE_555614,Karegaon,Karegaon,Shirur,Pune,18.78736,74.29644,151.12,55.05,-10.7,621.1,49.7,546.5,695.6,3.0,229.0,6.0,10.0,6.0,70.0,4.0,4.0,0.0
MH_PUNE_555603,Shingadwadi,Shingadwadi,Shirur,Pune,18.79663,74.15065,135.99,43.38,-8.1,662.4,53.0,582.9,741.9,3.0,223.6,6.0,10.0,6.0,70.0,4.0,4.0,0.0
MH_PUNE_555616,Pimpari Dumala,Pimpari Dumala,Shirur,Pune,18.78077,74.21705,142.73,47.67,-9.3,643.4,51.5,566.1,720.6,3.0,226.0,6.0,10.0,6.0,70.0,4.0,4.0,0.0
MH_PUNE_555599,Hivare,Hivare,Shirur,Pune,18.78058,74.1301,133.63,40.59,-7.7,628.7,50.3,553.3,704.2,3.0,222.8,6.0,10.0,6.0,70.0,4.0,4.0,0.0
MH_PUNE_555620,Ranjangaon Ganpati,Ranjangaon Ganpati,Shirur,Pune,18.75856,74.24732,145.66,48.97,-9.9,626.2,50.1,551.0,701.3,3.0,227.2,6.0,10.0,6.0,70.0,4.0,4.0,0.0
MH_PUNE_555598,Mukhai,Mukhai,Shirur,Pune,18.76108,74.10213,130.47,36.96,-7.2,616.3,49.3,542.4,690.3,3.0,221.8,6.0,10.0,6.0,70.0,4.0,4.0,0.0
MH_PUNE_555544,Jarkarwadi,Jarkarwadi,Ambegaon,Pune,18.95674,74.08846,133.01,53.69,-7.0,633.0,50.6,557.1,708.9,3.0,221.3,10.0,12.0,6.0,64.0,5.0,3.0,0.0
MH_PUNE_555600,Pimpale Khalsa,Pimpale Khalsa,Shirur,Pune,18.76167,74.13554,133.98,39.61,-7.8,611.8,48.9,538.5,685.2,3.0,223.0,6.0,10.0,6.0,70.0,4.0,4.0,0.0
MH_PUNE_555570,Echakewadi,Echakewadi,Shirur,Pune,18.91114,74.15242,138.34,53.01,-8.1,606.7,48.5,534.0,679.5,3.0,223.6,6.0,10.0,6.0,70.0,4.0,4.0,0.0
MH_PUNE_555562,Chandoh,Chandoh,Shirur,Pune,18.97976,74.17442,142.4,60.56,-8.5,608.9,48.7,535.8,681.9,3.0,224.5,6.0,10.0,6.0,70.0,4.0,4.0,0.0
MH_PUNE_555543,Pargaon Tarf Awasari Bk,Pargaon Tarf Awasari Bk,Ambegaon,Pune,18.96864,74.07977,132.48,54.45,-6.8,615.2,49.2,541.4,689.0,3.0,221.0,10.0,12.0,6.0,64.0,5.0,3.0,0.0
MH_PUNE_555545,Kathapur Bk,Kathapur Bk,Ambegaon,Pune,18.97271,74.10992,135.65,56.32,-7.4,605.1,48.4,532.5,677.7,3.0,222.1,10.0,12.0,6.0,64.0,5.0,3.0,0.0
MH_PUNE_555547,Lakhangaon,Lakhangaon,Ambegaon,Pune,18.96107,74.13549,137.91,56.58,-7.8,602.2,48.2,529.9,674.5,3.0,223.0,10.0,12.0,6.0,64.0,5.0,3.0,0.0
MH_PUNE_555569,Kawathe,Kawathe,Shirur,Pune,18.91824,74.17408,140.73,55.03,-8.5,595.3,47.6,523.9,666.7,3.0,224.4,6.0,10.0,6.0,70.0,4.0,4.0,0.0
MH_PUNE_555548,Pondewadi,Pondewadi,Ambegaon,Pune,18.94155,74.12992,136.8,54.43,-7.7,614.8,49.2,541.0,688.6,3.0,222.8,10.0,12.0,6.0,64.0,5.0,3.0,0.0
MH_PUNE_555549,Pahaddara,Pahaddara,Ambegaon,Pune,18.93294,74.09819,133.33,51.87,-7.2,658.8,52.7,579.8,737.9,3.0,221.6,10.0,12.0,6.0,64.0,5.0,3.0,0.0
MH_PUNE_555571,Savindane,Savindane,Shirur,Pune,18.90579,74.1318,136.09,51.25,-7.8,624.5,50.0,549.5,699.5,3.0,222.9,6.0,10.0,6.0,70.0,4.0,4.0,0.0
MH_PUNE_555554,Loni,Loni,Ambegaon,Pune,18.90267,74.08545,131.25,48.29,-6.9,666.2,53.3,586.2,746.1,3.0,221.2,10.0,12.0,6.0,64.0,5.0,3.0,0.0
MH_PUNE_555550,Khadakwadi,Khadakwadi,Ambegaon,Pune,18.91779,74.09078,132.18,50.02,-7.0,679.9,54.4,598.3,761.5,3.0,221.4,10.0,12.0,6.0,64.0,5.0,3.0,0.0
MH_PUNE_555572,Munjalwadi,Munjalwadi,Shirur,Pune,18.88141,74.18607,141.14,52.72,-8.7,609.4,48.8,536.2,682.6,3.0,224.9,6.0,10.0,6.0,70.0,4.0,4.0,0.0
MH_PUNE_555555,Wadgaon Pir,Wadgaon Pir,Ambegaon,Pune,18.88394,74.09578,131.88,47.11,-7.1,667.5,53.4,587.4,747.6,3.0,221.5,10.0,12.0,6.0,64.0,5.0,3.0,0.0
MH_PUNE_555556,Mandalewadi,Mandalewadi,Ambegaon,Pune,18.87423,74.11547,133.7,47.4,-7.5,651.4,52.1,573.2,729.5,3.0,222.3,10.0,12.0,6.0,64.0,5.0,3.0,0.0
MH_PUNE_555579,Midgulwadi,Midgulwadi,Shirur,Pune,18.87188,74.14707,136.91,49.24,-8.0,696.7,55.7,613.2,780.3,3.0,223.4,6.0,10.0,6.0,70.0,4.0,4.0,0.0
MH_PUNE_555563,Phakate,Phakate,Shirur,Pune,18.96131,74.19899,144.38,60.42,-9.0,599.2,47.9,527.4,671.1,3.0,225.4,6.0,10.0,6.0,70.0,4.0,4.0,0.0
MH_PUNE_555564,Wadner Kh,Wadner Kh,Shirur,Pune,18.9588,74.22571,147.04,61.96,-9.5,597.4,47.8,525.7,669.1,3.0,226.4,6.0,10.0,6.0,70.0,4.0,4.0,0.0
MH_PUNE_555566,Malwadi,Malwadi,Shirur,Pune,18.94275,74.24312,148.41,61.81,-9.8,596.4,47.7,524.8,667.9,3.0,227.0,6.0,10.0,6.0,70.0,4.0,4.0,0.0
MH_PUNE_555500,Sakore,Sakore,Ambegaon,Pune,19.04109,73.92443,117.19,57.37,-4.0,642.4,51.4,565.3,719.5,3.0,215.2,10.0,12.0,6.0,64.0,5.0,3.0,0.0
MH_PUNE_555568,Nimgaon Dude,Nimgaon Dude,Shirur,Pune,18.89374,74.22873,145.81,56.81,-9.5,584.0,46.7,514.0,654.1,3.0,226.5,6.0,10.0,6.0,70.0,4.0,4.0,0.0
MH_PUNE_555573,Ravadewadi,Ravadewadi,Shirur,Pune,18.87553,74.2343,146.01,55.81,-9.6,577.5,46.2,508.2,646.8,3.0,226.7,6.0,10.0,6.0,70.0,4.0,4.0,0.0
MH_PUNE_555567,Sawlewadi,Sawlewadi,Shirur,Pune,18.92528,74.21933,145.55,58.69,-9.3,597.3,47.8,525.6,669.0,3.0,226.1,6.0,10.0,6.0,70.0,4.0,4.0,0.0
MH_PUNE_555481,Koldara Gonawadi,Koldara Gonawadi,Ambegaon,Pune,19.06152,73.85628,110.43,59.11,-2.8,667.9,53.4,587.8,748.0,3.0,212.7,10.0,12.0,6.0,64.0,5.0,3.0,0.0
MH_PUNE_555482,Dhondmal Shindewadi,Dhondmal Shindewadi,Ambegaon,Pune,19.04062,73.87076,111.59,56.82,-3.1,722.7,57.8,636.0,809.4,3.0,213.2,10.0,12.0,6.0,64.0,5.0,3.0,0.0
MH_PUNE_555486,Narodi,Narodi,Ambegaon,Pune,19.01968,73.88588,112.88,54.58,-3.3,667.6,53.4,587.5,747.7,3.0,213.8,10.0,12.0,6.0,64.0,5.0,3.0,0.0
MH_PUNE_555499,Takewadi,Takewadi,Ambegaon,Pune,19.04611,73.93351,118.21,58.06,-4.2,641.4,51.3,564.5,718.4,3.0,215.5,10.0,12.0,6.0,64.0,5.0,3.0,0.0
MH_PUNE_555514,Sultanpur,Sultanpur,Ambegaon,Pune,19.03244,73.94982,119.72,56.85,-4.5,654.5,52.4,575.9,733.1,3.0,216.1,10.0,12.0,6.0,64.0,5.0,3.0,0.0
MH_PUNE_555513,Vadgaon Kashimbeg,Vadgaon Kashimbeg,Ambegaon,Pune,19.0268,73.92982,117.56,55.88,-4.1,638.2,51.1,561.6,714.9,3.0,215.4,10.0,12.0,6.0,64.0,5.0,3.0,0.0
MH_PUNE_555490,Gawarwadi,Gawarwadi,Ambegaon,Pune,19.01646,73.85704,109.82,54.1,-2.8,720.5,57.6,634.1,806.9,3.0,212.7,10.0,12.0,6.0,64.0,5.0,3.0,0.0
MH_PUNE_555487,Chinchodi,Chinchodi,Ambegaon,Pune,19.02778,73.90313,114.78,55.63,-3.7,643.3,51.5,566.1,720.6,3.0,214.4,10.0,12.0,6.0,64.0,5.0,3.0,0.0
MH_PUNE_555519,Nighutwadi,Nighutwadi,Ambegaon,Pune,18.99364,73.9286,117.06,52.21,-4.1,689.9,55.2,607.1,772.7,3.0,215.4,10.0,12.0,6.0,64.0,5.0,3.0,0.0
MH_PUNE_555492,Kolwadi Kotamdara,Kolwadi Kotamdara,Ambegaon,Pune,19.01685,73.85828,109.96,54.14,-2.8,713.2,57.1,627.5,798.8,3.0,212.8,10.0,12.0,6.0,64.0,5.0,3.0,0.0
MH_PUNE_555498,Vitthalwadi,Vitthalwadi,Ambegaon,Pune,19.0571,73.93433,118.47,59.28,-4.2,658.2,52.7,579.1,737.2,3.0,215.6,10.0,12.0,6.0,64.0,5.0,3.0,0.0
MH_PUNE_555485,Chas,Chas,Ambegaon,Pune,19.05864,73.90387,115.33,59.06,-3.7,681.1,54.5,599.4,762.9,3.0,214.4,10.0,12.0,6.0,64.0,5.0,3.0,0.0
MH_PUNE_555494,Shewalwadi Landewadi,Shewalwadi Landewadi,Ambegaon,Pune,19.00691,73.9117,115.42,53.43,-3.8,673.5,53.9,592.7,754.4,3.0,214.7,10.0,12.0,6.0,64.0,5.0,3.0,0.0
MH_PUNE_555493,Pinglewadi Landewadi,Pinglewadi Landewadi,Ambegaon,Pune,19.00871,73.87847,111.97,53.31,-3.2,691.1,55.3,608.2,774.1,3.0,213.5,10.0,12.0,6.0,64.0,5.0,3.0,0.0
MH_PUNE_555491,Kalewadi Darekarwadi,Kalewadi Darekarwadi,Ambegaon,Pune,19.00771,73.85597,109.6,53.12,-2.8,866.7,69.3,762.7,970.6,3.0,212.7,10.0,12.0,6.0,64.0,5.0,3.0,0.0
MH_PUNE_555518,Walunjwadi,Walunjwadi,Ambegaon,Pune,19.00549,73.92769,117.08,53.5,-4.1,683.2,54.7,601.1,765.2,3.0,215.3,10.0,12.0,6.0,64.0,5.0,3.0,0.0
MH_PUNE_555517,Mordewadi,Mordewadi,Ambegaon,Pune,18.99684,73.94323,118.62,52.83,-4.4,670.9,53.7,590.3,751.4,3.0,215.9,10.0,12.0,6.0,64.0,5.0,3.0,0.0
MH_PUNE_555495,Malawadi,Malawadi,Ambegaon,Pune,19.09281,73.88493,114.0,62.69,-3.3,731.4,58.5,643.6,819.1,3.0,213.7,10.0,12.0,6.0,64.0,5.0,3.0,0.0
MH_PUNE_555497,Mahalunge Padawal,Mahalunge Padawal,Ambegaon,Pune,19.09215,73.93727,119.4,63.18,-4.3,754.0,60.3,663.5,844.4,3.0,215.7,10.0,12.0,6.0,64.0,5.0,3.0,0.0
MH_PUNE_555468,Girawali,Girawali,Ambegaon,Pune,19.08844,73.86496,111.85,62.12,-3.0,698.1,55.9,614.3,782.0,3.0,213.0,10.0,12.0,6.0,64.0,5.0,3.0,0.0
MH_PUNE_555496,Thakarwadi,Thakarwadi,Ambegaon,Pune,19.08746,73.91321,116.82,62.34,-3.8,700.0,56.0,616.0,784.0,3.0,214.8,10.0,12.0,6.0,64.0,5.0,3.0,0.0
MH_PUNE_555501,Nandur,Nandur,Ambegaon,Pune,19.0709,73.95199,120.53,61.1,-4.5,658.4,52.7,579.3,737.4,3.0,216.2,10.0,12.0,6.0,64.0,5.0,3.0,0.0
MH_PUNE_555483,Chincholi,Chincholi,Ambegaon,Pune,19.06326,73.87848,112.77,59.37,-3.2,669.3,53.5,589.1,749.6,3.0,213.5,10.0,12.0,6.0,64.0,5.0,3.0,0.0
MH_PUNE_555484,Kadewadi,Kadewadi,Ambegaon,Pune,19.06297,73.90352,115.36,59.53,-3.7,687.4,55.0,604.9,769.9,3.0,214.4,10.0,12.0,6.0,64.0,5.0,3.0,0.0
MH_PUNE_555470,Thakar Wadi,Thakar Wadi,Ambegaon,Pune,19.07774,73.8609,111.21,60.92,-2.9,671.8,53.7,591.3,752.4,3.0,212.9,10.0,12.0,6.0,64.0,5.0,3.0,0.0
MH_PUNE_555389,Manjarwadi,Manjarwadi,Junnar,Pune,19.07777,74.03286,129.05,63.88,-6.0,626.0,50.1,550.9,701.2,3.0,219.2,10.0,12.0,6.0,64.0,5.0,3.0,0.0
MH_PUNE_555504,Chandoli Bk,Chandoli Bk,Ambegaon,Pune,19.04447,73.99885,125.0,59.31,-5.4,668.5,53.5,588.3,748.8,3.0,218.0,10.0,12.0,6.0,64.0,5.0,3.0,0.0
MH_PUNE_555388,Khodad,Khodad,Junnar,Pune,19.09892,74.05625,131.84,66.88,-6.4,659.6,52.8,580.4,738.8,3.0,220.1,10.0,12.0,6.0,64.0,5.0,3.0,0.0
MH_PUNE_555384,Hivare Tarf Narayangaon,Hivare Tarf Narayangaon,Junnar,Pune,19.10119,74.01448,127.56,65.83,-5.7,654.3,52.3,575.9,732.8,3.0,218.5,10.0,12.0,6.0,64.0,5.0,3.0,0.0
MH_PUNE_555502,Kalamb,Kalamb,Ambegaon,Pune,19.07082,73.97333,122.75,61.52,-4.9,768.6,61.5,676.3,860.8,3.0,217.0,10.0,12.0,6.0,64.0,5.0,3.0,0.0
MH_PUNE_555503,Louki,Louki,Ambegaon,Pune,19.07032,73.99959,125.47,62.11,-5.4,670.6,53.6,590.2,751.0,3.0,218.0,10.0,12.0,6.0,64.0,5.0,3.0,0.0
MH_PUNE_555508,Jadhavwadi,Jadhavwadi,Ambegaon,Pune,19.05939,74.05046,130.59,62.53,-6.3,628.9,50.3,553.5,704.4,3.0,219.9,10.0,12.0,6.0,64.0,5.0,3.0,0.0
MH_PUNE_555506,Thorandale,Thorandale,Ambegaon,Pune,19.04379,74.03478,128.74,60.35,-6.0,643.1,51.5,565.9,720.4,3.0,219.3,10.0,12.0,6.0,64.0,5.0,3.0,0.0
MH_PUNE_555515,Eklahare,Eklahare,Ambegaon,Pune,19.03435,73.96704,121.54,57.42,-4.8,624.0,49.9,549.1,698.8,3.0,216.8,10.0,12.0,6.0,64.0,5.0,3.0,0.0
MH_PUNE_555509,Nagapur,Nagapur,Ambegaon,Pune,19.03039,74.0609,131.29,59.91,-6.5,615.8,49.3,541.8,689.7,3.0,220.3,10.0,12.0,6.0,64.0,5.0,3.0,0.0
MH_PUNE_555505,Khadaki,Khadaki,Ambegaon,Pune,19.02167,74.01376,126.26,57.33,-5.6,644.7,51.6,567.3,722.1,3.0,218.5,10.0,12.0,6.0,64.0,5.0,3.0,0.0
MH_PUNE_555536,Bharadi,Bharadi,Ambegaon,Pune,19.00973,74.03552,128.41,56.81,-6.0,638.9,51.1,562.3,715.6,3.0,219.3,10.0,12.0,6.0,64.0,5.0,3.0,0.0
MH_PUNE_555516,Chandoli Kh,Chandoli Kh,Ambegaon,Pune,19.0175,73.98445,123.15,56.02,-5.1,613.0,49.0,539.5,686.5,3.0,217.4,10.0,12.0,6.0,64.0,5.0,3.0,0.0
MH_PUNE_555537,Jawale,Jawale,Ambegaon,Pune,19.00419,74.06451,131.39,57.36,-6.6,617.0,49.4,542.9,691.1,3.0,220.4,10.0,12.0,6.0,64.0,5.0,3.0,0.0
MH_PUNE_555529,Pimpalgaon Tarf Mahalunge,Pimpalgaon Tarf Mahalunge,Ambegaon,Pune,19.00284,73.99468,124.07,54.74,-5.3,616.6,49.3,542.7,690.6,3.0,217.8,10.0,12.0,6.0,64.0,5.0,3.0,0.0
MH_PUNE_555532,Awasari Kh,Awasari Kh,Ambegaon,Pune,18.98932,73.97318,121.69,52.7,-4.9,638.8,51.1,562.1,715.4,3.0,217.0,10.0,12.0,6.0,64.0,5.0,3.0,0.0
MH_PUNE_555530,Vachalmala,Vachalmala,Ambegaon,Pune,18.98613,74.0105,125.57,53.46,-5.6,619.2,49.5,545.0,693.5,3.0,218.4,10.0,12.0,6.0,64.0,5.0,3.0,0.0
MH_PUNE_555531,Shindemala,Shindemala,Ambegaon,Pune,18.98727,73.98042,122.43,52.67,-5.0,636.7,50.9,560.4,713.1,3.0,217.3,10.0,12.0,6.0,64.0,5.0,3.0,0.0
MH_PUNE_555299,Tejewadi,Tejewadi,Junnar,Pune,19.21233,73.94663,122.13,76.55,-4.4,675.6,54.0,594.6,756.6,3.0,216.0,10.0,12.0,6.0,64.0,5.0,3.0,0.0
MH_PUNE_555345,Somatwadi,Somatwadi,Junnar,Pune,19.21078,73.85306,112.5,75.7,-2.8,700.5,56.0,616.5,784.5,3.0,212.6,10.0,12.0,6.0,64.0,5.0,3.0,0.0
MH_PUNE_555358,Basti,Basti,Junnar,Pune,19.15819,73.90439,117.55,70.09,-3.7,696.6,55.7,613.0,780.1,3.0,214.5,10.0,12.0,6.0,64.0,5.0,3.0,0.0
MH_PUNE_555347,Amrapur,Amrapur,Junnar,Pune,19.21316,73.89712,116.99,76.13,-3.5,661.3,52.9,581.9,740.6,3.0,214.2,10.0,12.0,6.0,64.0,5.0,3.0,0.0
MH_PUNE_555373,Vighnahat,Vighnahat,Junnar,Pune,19.2063,73.95724,123.34,76.04,-4.6,665.0,53.2,585.2,744.8,3.0,216.4,10.0,12.0,6.0,64.0,5.0,3.0,0.0
MH_PUNE_555346,Barav,Barav,Junnar,Pune,19.20614,73.87138,114.48,75.22,-3.1,696.9,55.8,613.2,780.6,3.0,213.2,10.0,12.0,6.0,64.0,5.0,3.0,0.0
MH_PUNE_555349,Badshaha Talao,Badshaha Talao,Junnar,Pune,19.1933,73.90638,118.36,73.99,-3.7,666.9,53.4,586.8,747.0,3.0,214.5,10.0,12.0,6.0,64.0,5.0,3.0,0.0
MH_PUNE_555359,Vadgaon Sahani,Vadgaon Sahani,Junnar,Pune,19.16238,73.9161,118.86,70.66,-3.9,702.4,56.2,618.1,786.7,3.0,214.9,10.0,12.0,6.0,64.0,5.0,3.0,0.0
MH_PUNE_555351,Shiroli Bk,Shiroli Bk,Junnar,Pune,19.19349,73.92859,120.65,74.24,-4.1,651.3,52.1,573.1,729.4,3.0,215.4,10.0,12.0,6.0,64.0,5.0,3.0,0.0
MH_PUNE_555336,Kusur,Kusur,Junnar,Pune,19.18958,73.85754,113.43,73.35,-2.8,772.4,61.8,679.7,865.1,3.0,212.7,10.0,12.0,6.0,64.0,5.0,3.0,0.0
MH_PUNE_555355,Dhamankhel,Dhamankhel,Junnar,Pune,19.1856,73.88217,116.05,72.98,-3.3,855.1,68.4,752.5,957.7,3.0,213.6,10.0,12.0,6.0,64.0,5.0,3.0,0.0
MH_PUNE_555469,Ramwadi,Ramwadi,Ambegaon,Pune,19.10512,73.87059,112.78,63.99,-3.1,862.5,69.0,759.0,966.0,3.0,213.2,10.0,12.0,6.0,64.0,5.0,3.0,0.0
MH_PUNE_555352,Dhalewadi Tarf Haveli,Dhalewadi Tarf Haveli,Junnar,Pune,19.18357,73.95725,123.63,73.54,-4.6,640.0,51.2,563.2,716.8,3.0,216.4,10.0,12.0,6.0,64.0,5.0,3.0,0.0
MH_PUNE_555354,Khanapur,Khanapur,Junnar,Pune,19.18206,73.90478,118.26,72.73,-3.7,691.2,55.3,608.2,774.1,3.0,214.5,10.0,12.0,6.0,64.0,5.0,3.0,0.0
MH_PUNE_555353,Kuran,Kuran,Junnar,Pune,19.17531,73.93552,121.19,72.32,-4.2,658.9,52.7,579.9,738.0,3.0,215.6,10.0,12.0,6.0,64.0,5.0,3.0,0.0
MH_PUNE_555357,Nimgaon Tarf Mahalunge,Nimgaon Tarf Mahalunge,Junnar,Pune,19.16438,73.88628,115.87,70.64,-3.4,723.5,57.9,636.7,810.4,3.0,213.8,10.0,12.0,6.0,64.0,5.0,3.0,0.0
MH_PUNE_555360,Pimpalgaon T Narayangaon,Pimpalgaon T Narayangaon,Junnar,Pune,19.15807,73.93367,120.53,70.39,-4.2,686.1,54.9,603.7,768.4,3.0,215.5,10.0,12.0,6.0,64.0,5.0,3.0,0.0
MH_PUNE_555361,Arvi,Arvi,Junnar,Pune,19.15608,73.9516,122.31,70.43,-4.5,688.6,55.1,606.0,771.3,3.0,216.2,10.0,12.0,6.0,64.0,5.0,3.0,0.0
MH_PUNE_555365,Vadaj,Vadaj,Junnar,Pune,19.15399,73.87038,113.97,69.42,-3.1,707.4,56.6,622.5,792.3,3.0,213.2,10.0,12.0,6.0,64.0,5.0,3.0,0.0
MH_PUNE_555364,Nimdari,Nimdari,Junnar,Pune,19.13454,73.88472,114.93,67.32,-3.3,692.8,55.4,609.7,775.9,3.0,213.7,10.0,12.0,6.0,64.0,5.0,3.0,0.0
MH_PUNE_555369,Chincholi,Chincholi,Junnar,Pune,19.13284,73.86331,112.69,67.05,-2.9,718.3,57.5,632.0,804.5,3.0,212.9,10.0,12.0,6.0,64.0,5.0,3.0,0.0
MH_PUNE_555362,Gunjalwadi,Gunjalwadi,Junnar,Pune,19.12978,73.94619,121.12,67.46,-4.4,663.4,53.1,583.7,743.0,3.0,216.0,10.0,12.0,6.0,64.0,5.0,3.0,0.0
MH_PUNE_555467,Falakewadi,Falakewadi,Ambegaon,Pune,19.11422,73.85588,111.48,64.97,-2.8,853.9,68.3,751.4,956.3,3.0,212.7,10.0,12.0,6.0,64.0,5.0,3.0,0.0
MH_PUNE_555370,Khilarwadi,Khilarwadi,Junnar,Pune,19.1244,73.9122,117.5,66.42,-3.8,700.5,56.0,616.5,784.5,3.0,214.8,10.0,12.0,6.0,64.0,5.0,3.0,0.0
MH_PUNE_251516,Junnar,Junnar,Haveli,Pune,19.21389,73.88082,115.3,76.11,-3.3,663.5,53.1,583.8,743.1,3.0,213.6,12.0,14.0,8.0,48.0,14.0,4.0,0.0
MH_PUNE_555350,Hapus Baug,Hapus Baug,Junnar,Pune,19.20438,73.90699,118.19,75.23,-3.7,650.0,52.0,572.0,728.0,3.0,214.6,10.0,12.0,6.0,64.0,5.0,3.0,0.0
MH_PUNE_555363,Sawargaon,Sawargaon,Junnar,Pune,19.12895,73.91287,117.68,66.93,-3.8,699.3,55.9,615.5,783.2,3.0,214.8,10.0,12.0,6.0,64.0,5.0,3.0,0.0
MH_PUNE_555376,Yedgaon,Yedgaon,Junnar,Pune,19.1688,74.00779,128.38,72.95,-5.5,640.0,51.2,563.2,716.8,3.0,218.3,10.0,12.0,6.0,64.0,5.0,3.0,0.0
MH_PUNE_555348,Agar,Agar,Junnar,Pune,19.20166,73.90141,117.67,74.88,-3.6,659.3,52.7,580.2,738.3,3.0,214.4,10.0,12.0,6.0,64.0,5.0,3.0,0.0
MH_PUNE_555383,Warulwadi,Warulwadi,Junnar,Pune,19.10444,73.99117,125.21,65.58,-5.2,649.7,52.0,571.7,727.7,3.0,217.7,10.0,12.0,6.0,64.0,5.0,3.0,0.0
MH_PUNE_555265,Umbraj,Umbraj,Junnar,Pune,19.20329,74.0138,129.25,76.82,-5.6,655.2,52.4,576.6,733.8,3.0,218.5,10.0,12.0,6.0,64.0,5.0,3.0,0.0
MH_PUNE_555371,Bhorwadi,Bhorwadi,Junnar,Pune,19.21063,73.98086,125.7,76.92,-5.1,640.0,51.2,563.2,716.8,3.0,217.3,10.0,12.0,6.0,64.0,5.0,3.0,0.0
MH_PUNE_555374,Hivare Bk,Hivare Bk,Junnar,Pune,19.19539,73.98945,126.89,75.43,-5.2,644.4,51.6,567.0,721.8,3.0,217.6,10.0,12.0,6.0,64.0,5.0,3.0,0.0
MH_PUNE_555279,Kalwadi,Kalwadi,Junnar,Pune,19.18697,74.03831,131.97,75.69,-6.1,642.7,51.4,565.6,719.8,3.0,219.4,10.0,12.0,6.0,64.0,5.0,3.0,0.0
MH_PUNE_555375,Dhangarwadi,Dhangarwadi,Junnar,Pune,19.17597,73.97649,125.37,73.05,-5.0,641.8,51.3,564.9,718.8,3.0,217.1,10.0,12.0,6.0,64.0,5.0,3.0,0.0
MH_PUNE_555377,Vaishakh Khede,Vaishakh Khede,Junnar,Pune,19.17297,74.0463,132.43,74.42,-6.2,625.1,50.0,550.1,700.1,3.0,219.7,10.0,12.0,6.0,64.0,5.0,3.0,0.0
MH_PUNE_555379,Kandali,Kandali,Junnar,Pune,19.16003,74.05553,133.06,73.32,-6.4,630.4,50.4,554.8,706.0,3.0,220.1,10.0,12.0,6.0,64.0,5.0,3.0,0.0
MH_PUNE_555277,Bhatkalwadi,Bhatkalwadi,Junnar,Pune,19.19716,74.04389,132.48,76.94,-6.2,656.9,52.6,578.0,735.8,3.0,219.6,10.0,12.0,6.0,64.0,5.0,3.0,0.0
MH_PUNE_555382,Narayangaon,Narayangaon,Junnar,Pune,19.13174,73.98585,125.24,68.42,-5.1,672.7,53.8,592.0,753.4,3.0,217.5,10.0,12.0,6.0,64.0,5.0,3.0,0.0
MH_PUNE_555381,Nagadwadi,Nagadwadi,Junnar,Pune,19.14731,74.04198,131.37,71.55,-6.2,644.2,51.5,566.9,721.4,3.0,219.6,10.0,12.0,6.0,64.0,5.0,3.0,0.0
MH_PUNE_555378,Bhorwadi,Bhorwadi,Junnar,Pune,19.15098,74.02002,129.2,71.33,-5.8,656.7,52.5,577.9,735.4,3.0,218.7,10.0,12.0,6.0,64.0,5.0,3.0,0.0
MH_PUNE_555380,Vadgaon Kandali,Vadgaon Kandali,Junnar,Pune,19.13243,74.06494,133.4,70.7,-6.6,631.1,50.5,555.4,706.9,3.0,220.4,10.0,12.0,6.0,64.0,5.0,3.0,0.0
MH_PUNE_555372,Ozar,Ozar,Junnar,Pune,19.2034,73.96513,124.21,75.85,-4.8,660.8,52.9,581.4,740.1,3.0,216.7,10.0,12.0,6.0,64.0,5.0,3.0,0.0
MH_PUNE_555511,Bhagadi,Bhagadi,Ambegaon,Pune,19.04342,74.12258,137.9,63.9,-7.6,651.2,52.1,573.1,729.4,3.0,222.5,10.0,12.0,6.0,64.0,5.0,3.0,0.0
MH_PUNE_555413,Pimpri Kawala,Pimpri Kawala,Junnar,Pune,19.02297,74.17214,142.85,64.46,-8.5,608.1,48.6,535.2,681.0,3.0,224.4,10.0,12.0,6.0,64.0,5.0,3.0,0.0
MH_PUNE_555386,Shiroli T Ale,Shiroli T Ale,Junnar,Pune,19.1028,74.09251,135.67,68.62,-7.1,629.0,50.3,553.5,704.4,3.0,221.4,10.0,12.0,6.0,64.0,5.0,3.0,0.0
MH_PUNE_555387,Sultanpur,Sultanpur,Junnar,Pune,19.09042,74.1042,136.67,67.82,-7.3,621.7,49.7,547.2,696.3,3.0,221.9,10.0,12.0,6.0,64.0,5.0,3.0,0.0
MH_PUNE_555408,Nimgaon Sawa,Nimgaon Sawa,Junnar,Pune,19.0834,74.12731,138.96,68.11,-7.7,602.0,48.2,529.7,674.3,3.0,222.7,10.0,12.0,6.0,64.0,5.0,3.0,0.0
MH_PUNE_555406,Sakori T Belhe,Sakori T Belhe,Junnar,Pune,19.09072,74.15788,142.25,70.27,-8.2,625.8,50.1,550.7,701.0,3.0,223.8,10.0,12.0,6.0,64.0,5.0,3.0,0.0
MH_PUNE_555407,Ranmalawadi,Ranmalawadi,Junnar,Pune,19.09429,74.18853,145.5,72.16,-8.8,650.9,52.1,572.8,729.1,3.0,225.0,10.0,12.0,6.0,64.0,5.0,3.0,0.0
MH_PUNE_555510,Walati,Walati,Ambegaon,Pune,19.05387,74.094,135.05,63.66,-7.1,698.3,55.9,614.4,782.1,3.0,221.5,10.0,12.0,6.0,64.0,5.0,3.0,0.0
MH_PUNE_555411,Zap,Zap,Junnar,Pune,19.06956,74.18614,144.88,69.65,-8.8,629.0,50.3,553.5,704.4,3.0,224.9,10.0,12.0,6.0,64.0,5.0,3.0,0.0
MH_PUNE_555559,Pimparkhed,Pimparkhed,Shirur,Pune,19.01176,74.14663,140.07,62.01,-8.0,610.5,48.8,537.3,683.7,3.0,223.4,6.0,10.0,6.0,70.0,4.0,4.0,0.0
MH_PUNE_555558,Kathapur Kh,Kathapur Kh,Shirur,Pune,19.0039,74.12132,137.34,59.94,-7.6,617.0,49.4,542.9,691.1,3.0,222.5,6.0,10.0,6.0,70.0,4.0,4.0,0.0
MH_PUNE_555412,Pargaon Tarf Ale,Pargaon Tarf Ale,Junnar,Pune,19.0505,74.14944,140.79,65.9,-8.1,612.4,49.0,538.9,685.9,3.0,223.5,10.0,12.0,6.0,64.0,5.0,3.0,0.0
MH_PUNE_555409,Aurangpur,Aurangpur,Junnar,Pune,19.06396,74.12739,138.67,66.17,-7.7,687.6,55.0,605.1,770.1,3.0,222.7,10.0,12.0,6.0,64.0,5.0,3.0,0.0
MH_PUNE_555512,Shingave,Shingave,Ambegaon,Pune,19.01756,74.09779,135.01,60.16,-7.2,627.8,50.2,552.5,703.1,3.0,221.6,10.0,12.0,6.0,64.0,5.0,3.0,0.0
MH_PUNE_555271,Padirwadi,Padirwadi,Junnar,Pune,19.2102,74.09561,137.59,79.93,-7.1,706.6,56.5,621.9,791.4,3.0,221.5,10.0,12.0,6.0,64.0,5.0,3.0,0.0
MH_PUNE_555560,Jambut,Jambut,Shirur,Pune,19.00618,74.18586,144.13,63.67,-8.7,607.4,48.6,534.5,680.3,3.0,224.9,6.0,10.0,6.0,70.0,4.0,4.0,0.0
MH_PUNE_555561,Sharadwadi,Sharadwadi,Shirur,Pune,18.99096,74.21047,146.39,63.78,-9.2,600.2,48.0,528.2,672.2,3.0,225.8,6.0,10.0,6.0,70.0,4.0,4.0,0.0
MH_PUNE_555546,Devgaon,Devgaon,Ambegaon,Pune,18.98733,74.14189,139.33,59.42,-8.0,592.8,47.4,521.7,663.9,3.0,223.3,10.0,12.0,6.0,64.0,5.0,3.0,0.0
MH_PUNE_555507,Ranjani,Ranjani,Ambegaon,Pune,19.0706,74.07815,133.64,64.73,-6.8,714.7,57.2,628.9,800.5,3.0,220.9,10.0,12.0,6.0,64.0,5.0,3.0,0.0
MH_PUNE_555410,Mangrul,Mangrul,Junnar,Pune,19.06463,74.17473,143.62,68.57,-8.5,621.7,49.7,547.2,696.3,3.0,224.5,10.0,12.0,6.0,64.0,5.0,3.0,0.0
MH_PUNE_555405,Jadhav Wadi,Jadhav Wadi,Junnar,Pune,19.11323,74.12767,139.51,71.13,-7.7,626.8,50.1,551.6,701.9,3.0,222.7,10.0,12.0,6.0,64.0,5.0,3.0,0.0
MH_PUNE_555275,Ale,Ale,Junnar,Pune,19.17244,74.11693,139.65,76.76,-7.5,667.8,53.4,587.7,747.9,3.0,222.3,10.0,12.0,6.0,64.0,5.0,3.0,0.0
MH_PUNE_555273,Santwadi,Santwadi,Junnar,Pune,19.20898,74.12887,141.06,81.0,-7.7,712.5,57.0,627.0,798.0,3.0,222.8,10.0,12.0,6.0,64.0,5.0,3.0,0.0
MH_PUNE_555278,Chalakwadi,Chalakwadi,Junnar,Pune,19.17809,74.08212,136.22,76.09,-6.9,652.5,52.2,574.2,730.8,3.0,221.0,10.0,12.0,6.0,64.0,5.0,3.0,0.0
MH_PUNE_555274,Kolwadi,Kolwadi,Junnar,Pune,19.19436,74.14603,143.1,80.17,-8.0,743.1,59.5,653.9,832.4,3.0,223.4,10.0,12.0,6.0,64.0,5.0,3.0,0.0
MH_PUNE_555390,Nalawane,Nalawane,Junnar,Pune,19.19513,74.19074,147.72,82.19,-8.8,857.5,68.6,754.6,960.4,3.0,225.1,10.0,12.0,6.0,64.0,5.0,3.0,0.0
MH_PUNE_555394,Unchkhadakwadi,Unchkhadakwadi,Junnar,Pune,19.17847,74.16502,144.73,79.36,-8.4,731.0,58.5,643.2,818.7,3.0,224.1,10.0,12.0,6.0,64.0,5.0,3.0,0.0
MH_PUNE_555393,Ane,Ane,Junnar,Pune,19.18017,74.23008,151.45,82.62,-9.5,808.7,64.7,711.7,905.8,3.0,226.5,10.0,12.0,6.0,64.0,5.0,3.0,0.0
MH_PUNE_555391,Shindewadi,Shindewadi,Junnar,Pune,19.20553,74.27294,156.08,87.31,-10.3,736.3,58.9,647.9,824.6,3.0,228.1,10.0,12.0,6.0,64.0,5.0,3.0,0.0
MH_PUNE_555397,Tambewadi,Tambewadi,Junnar,Pune,19.11938,74.14581,141.5,72.56,-8.0,639.5,51.2,562.7,716.3,3.0,223.4,10.0,12.0,6.0,64.0,5.0,3.0,0.0
MH_PUNE_555392,Pemdara,Pemdara,Junnar,Pune,19.18107,74.25911,154.46,84.23,-10.1,784.4,62.8,690.2,878.6,3.0,227.6,10.0,12.0,6.0,64.0,5.0,3.0,0.0
MH_PUNE_555395,Rajuri,Rajuri,Junnar,Pune,19.15051,74.1453,142.07,75.67,-8.0,667.5,53.4,587.4,747.6,3.0,223.4,10.0,12.0,6.0,64.0,5.0,3.0,0.0
MH_PUNE_555399,Bangarwadi,Bangarwadi,Junnar,Pune,19.15158,74.19123,146.83,77.89,-8.8,759.7,60.8,668.5,850.9,3.0,225.1,10.0,12.0,6.0,64.0,5.0,3.0,0.0
MH_PUNE_555396,Bori Bk,Bori Bk,Junnar,Pune,19.14232,74.1065,137.9,73.24,-7.3,640.8,51.3,563.8,717.7,3.0,221.9,10.0,12.0,6.0,64.0,5.0,3.0,0.0
MH_PUNE_555400,Anandwadi,Anandwadi,Junnar,Pune,19.15357,74.24138,152.05,80.65,-9.7,840.9,67.3,739.9,941.8,3.0,226.9,10.0,12.0,6.0,64.0,5.0,3.0,0.0
MH_PUNE_555402,Belhe,Belhe,Junnar,Pune,19.11547,74.174,144.35,73.49,-8.5,656.3,52.5,577.6,735.1,3.0,224.4,10.0,12.0,6.0,64.0,5.0,3.0,0.0
MH_PUNE_555401,Gulunchwadi,Gulunchwadi,Junnar,Pune,19.13626,74.21375,148.85,77.52,-9.2,740.3,59.2,651.5,829.1,3.0,225.9,10.0,12.0,6.0,64.0,5.0,3.0,0.0
MH_PUNE_555398,Gunjalwadi,Gunjalwadi,Junnar,Pune,19.13583,74.15809,143.09,74.76,-8.2,659.9,52.8,580.7,739.1,3.0,223.8,10.0,12.0,6.0,64.0,5.0,3.0,0.0
MH_PUNE_555385,Bori Kh,Bori Kh,Junnar,Pune,19.11973,74.08547,135.26,70.1,-6.9,622.9,49.8,548.2,697.6,3.0,221.2,10.0,12.0,6.0,64.0,5.0,3.0,0.0
MH_PUNE_555403,Yadavwadi,Yadavwadi,Junnar,Pune,19.11722,74.15744,142.67,72.87,-8.2,637.2,51.0,560.7,713.7,3.0,223.8,10.0,12.0,6.0,64.0,5.0,3.0,0.0
MH_PUNE_555404,Kombadwadi,Kombadwadi,Junnar,Pune,19.10871,74.14663,141.39,71.52,-8.0,627.4,50.2,552.1,702.7,3.0,223.4,10.0,12.0,6.0,64.0,5.0,3.0,0.0
MH_PUNE_555270,Wadgaon Anand,Wadgaon Anand,Junnar,Pune,19.19191,74.08554,136.88,77.66,-6.9,666.4,53.3,586.4,746.3,3.0,221.2,10.0,12.0,6.0,64.0,5.0,3.0,0.0
MH_PUNE_555272,Alefata,Alefata,Junnar,Pune,19.20466,74.0995,138.09,79.48,-7.2,692.6,55.4,609.5,775.7,3.0,221.7,10.0,12.0,6.0,64.0,5.0,3.0,0.0
MH_PUNE_555612,Tardobachiwadi,Tardobachiwadi,Shirur,Pune,18.78147,74.34739,156.39,59.39,-11.7,633.1,50.7,557.1,709.2,3.0,230.9,6.0,10.0,6.0,70.0,4.0,4.0,0.0
MH_PUNE_555610,Kardilwadi,Kardilwadi,Shirur,Pune,18.80997,74.31599,153.44,58.13,-11.1,610.1,48.8,536.9,683.3,3.0,229.7,6.0,10.0,6.0,70.0,4.0,4.0,0.0
MH_PUNE_555613,Golegaon,Golegaon,Shirur,Pune,18.76246,74.37789,159.4,61.33,-12.0,604.3,48.3,531.8,676.7,3.0,232.0,6.0,10.0,6.0,70.0,4.0,4.0,0.0
MH_PUNE_555609,Shirur Gramin,Shirur Gramin,Shirur,Pune,18.80715,74.339,155.81,60.03,-11.5,578.0,46.2,508.7,647.3,3.0,230.5,6.0,10.0,6.0,70.0,4.0,4.0,0.0
MH_PUNE_555611,Saradwadi,Saradwadi,Shirur,Pune,18.79712,74.32211,153.92,57.93,-11.2,592.4,47.4,521.3,663.5,3.0,229.9,6.0,10.0,6.0,70.0,4.0,4.0,0.0
MH_PUNE_251518,Shirur,Shirur,Haveli,Pune,18.82366,74.36058,158.29,62.92,-11.9,566.7,45.3,498.7,634.6,3.0,231.3,12.0,14.0,8.0,48.0,14.0,4.0,0.0
MH_PUNE_556426,Watluj,Watluj,Daund,Pune,18.39318,74.772,189.23,33.8,-12.0,511.2,40.9,449.9,572.6,3.0,246.6,6.0,10.0,6.0,70.0,4.0,4.0,0.0
MH_PUNE_556427,Naygaon,Naygaon,Daund,Pune,18.38911,74.79269,191.13,34.8,-12.0,499.8,40.0,439.8,559.8,3.0,247.3,6.0,10.0,6.0,70.0,4.0,4.0,0.0
MH_PUNE_556428,Rajegaon,Rajegaon,Daund,Pune,18.35654,74.78566,189.26,31.61,-12.0,501.2,40.1,441.1,561.4,3.0,247.1,6.0,10.0,6.0,70.0,4.0,4.0,0.0
MH_PUNE_556430,Gawadebagade Wasti,Gawadebagade Wasti,Daund,Pune,18.34858,74.76289,186.7,29.34,-12.0,514.3,41.1,452.6,575.9,3.0,246.2,6.0,10.0,6.0,70.0,4.0,4.0,0.0
MH_PUNE_556987,Takrarwadi,Takrarwadi,Indapur,Pune,18.29957,74.7616,184.91,25.39,-12.0,498.3,39.9,438.5,558.2,3.0,246.2,6.0,10.0,6.0,70.0,4.0,4.0,0.0
MH_PUNE_556989,Bhigvanstaion,Bhigvanstaion,Indapur,Pune,18.32751,74.76601,186.28,27.85,-12.0,526.1,42.1,462.9,589.2,3.0,246.3,6.0,10.0,6.0,70.0,4.0,4.0,0.0
MH_PUNE_556990,Dikasal,Dikasal,Indapur,Pune,18.31142,74.79284,188.45,28.77,-12.0,496.5,39.7,437.0,556.1,3.0,247.3,6.0,10.0,6.0,70.0,4.0,4.0,0.0
MH_PUNE_556429,Khanote,Khanote,Daund,Pune,18.31633,74.82136,191.49,31.49,-12.0,502.2,40.2,441.9,562.5,3.0,248.4,6.0,10.0,6.0,70.0,4.0,4.0,0.0
MH_PUNE_556988,Bhigvan,Bhigvan,Indapur,Pune,18.31653,74.771,186.42,27.38,-12.0,506.7,40.5,446.0,567.5,3.0,246.5,6.0,10.0,6.0,70.0,4.0,4.0,0.0
MH_PUNE_555557,Manchar,Manchar,Haveli,Pune,19.01264,73.95882,120.42,54.88,-4.7,643.2,51.5,565.9,720.4,3.0,216.5,12.0,14.0,8.0,48.0,14.0,4.0,0.0
MH_PUNE_555293,Godre,Godre,Junnar,Pune,19.27406,73.85979,112.07,79.94,-2.9,1068.4,85.5,940.1,1196.6,3.0,212.8,10.0,12.0,6.0,64.0,5.0,3.0,0.0
MH_PUNE_555295,Ballalwadi,Ballalwadi,Junnar,Pune,19.25834,73.91853,118.42,81.31,-3.9,695.2,55.6,611.8,778.6,3.0,215.0,10.0,12.0,6.0,64.0,5.0,3.0,0.0
MH_PUNE_555250,Pangari Tarf Madh,Pangari Tarf Madh,Junnar,Pune,19.30688,73.86391,112.1,76.35,-3.0,684.5,54.8,602.3,766.7,3.0,213.0,10.0,12.0,6.0,64.0,5.0,3.0,0.0
MH_PUNE_555252,Dingore,Dingore,Junnar,Pune,19.27637,73.93024,119.38,80.7,-4.1,670.7,53.7,590.2,751.3,3.0,215.4,10.0,12.0,6.0,64.0,5.0,3.0,0.0
MH_PUNE_555294,Alame,Alame,Junnar,Pune,19.2766,73.88804,114.98,79.99,-3.4,924.8,74.0,813.8,1035.8,3.0,213.9,10.0,12.0,6.0,64.0,5.0,3.0,0.0
MH_PUNE_555305,Aldare,Aldare,Junnar,Pune,19.24035,73.86261,112.91,79.0,-2.9,705.7,56.5,621.0,790.5,3.0,212.9,10.0,12.0,6.0,64.0,5.0,3.0,0.0
MH_PUNE_555296,Pangari Tarfe Otur,Pangari Tarfe Otur,Junnar,Pune,19.25178,73.93764,120.5,80.79,-4.3,686.7,54.9,604.4,769.1,3.0,215.7,10.0,12.0,6.0,64.0,5.0,3.0,0.0
MH_PUNE_555298,Malwadi,Malwadi,Junnar,Pune,19.24476,73.95815,122.75,80.29,-4.6,654.5,52.4,575.9,733.1,3.0,216.5,10.0,12.0,6.0,64.0,5.0,3.0,0.0
MH_PUNE_555302,Golegaon,Golegaon,Junnar,Pune,19.2368,73.8944,116.26,78.73,-3.5,734.9,58.8,646.7,823.1,3.0,214.1,10.0,12.0,6.0,64.0,5.0,3.0,0.0
MH_PUNE_555301,Kumshet,Kumshet,Junnar,Pune,19.23047,73.91095,118.09,78.15,-3.8,692.1,55.4,609.0,775.2,3.0,214.7,10.0,12.0,6.0,64.0,5.0,3.0,0.0
MH_PUNE_555300,Shiroli Kh,Shiroli Kh,Junnar,Pune,19.22447,73.92997,120.17,77.68,-4.1,717.2,57.4,631.1,803.3,3.0,215.4,10.0,12.0,6.0,64.0,5.0,3.0,0.0
MH_PUNE_555261,Hivare Kh,Hivare Kh,Junnar,Pune,19.22851,73.96379,123.6,78.59,-4.7,657.5,52.6,578.6,736.4,3.0,216.7,10.0,12.0,6.0,64.0,5.0,3.0,0.0
MH_PUNE_555344,Padali,Padali,Junnar,Pune,19.22431,73.85301,112.21,77.2,-2.8,676.7,54.1,595.6,757.9,3.0,212.6,10.0,12.0,6.0,64.0,5.0,3.0,0.0
MH_PUNE_555239,Pimpalgaon Joga,Pimpalgaon Joga,Junnar,Pune,19.3028,73.95982,122.16,78.46,-4.7,721.4,57.7,634.8,807.9,3.0,216.5,10.0,12.0,6.0,64.0,5.0,3.0,0.0
MH_PUNE_555297,Netwad,Netwad,Junnar,Pune,19.24472,73.94962,121.86,80.16,-4.5,667.0,53.4,586.9,747.1,3.0,216.1,10.0,12.0,6.0,64.0,5.0,3.0,0.0
MH_PUNE_555251,Kolwadi,Kolwadi,Junnar,Pune,19.30474,73.89011,114.86,76.92,-3.4,667.7,53.4,587.6,747.8,3.0,213.9,10.0,12.0,6.0,64.0,5.0,3.0,0.0
MH_PUNE_555304,Pimpalgaon Siddhanath,Pimpalgaon Siddhanath,Junnar,Pune,19.24698,73.88162,114.76,79.79,-3.3,816.4,65.3,718.5,914.4,3.0,213.6,10.0,12.0,6.0,64.0,5.0,3.0,0.0
MH_PUNE_555303,Hatban,Hatban,Junnar,Pune,19.23272,73.88274,115.13,78.21,-3.3,699.1,55.9,615.3,783.0,3.0,213.7,10.0,12.0,6.0,64.0,5.0,3.0,0.0
MH_PUNE_555240,Bhoirwadi,Bhoirwadi,Junnar,Pune,19.29922,73.92083,118.12,78.02,-4.0,691.0,55.3,608.0,773.9,3.0,215.1,10.0,12.0,6.0,64.0,5.0,3.0,0.0
MH_PUNE_555236,Muthalne,Muthalne,Junnar,Pune,19.33627,73.95392,121.26,74.69,-4.6,882.4,70.6,776.5,988.3,3.0,216.3,10.0,12.0,6.0,64.0,5.0,3.0,0.0
MH_PUNE_555237,Alu,Alu,Junnar,Pune,19.31576,73.94909,120.91,76.8,-4.5,770.2,61.6,677.8,862.6,3.0,216.1,10.0,12.0,6.0,64.0,5.0,3.0,0.0
MH_PUNE_555256,Pachgharwadi,Pachgharwadi,Junnar,Pune,19.33025,73.9811,124.14,76.04,-5.1,741.8,59.3,652.8,830.7,3.0,217.3,10.0,12.0,6.0,64.0,5.0,3.0,0.0
MH_PUNE_555253,Udapur,Udapur,Junnar,Pune,19.28266,73.95526,121.91,80.53,-4.6,681.3,54.5,599.5,763.0,3.0,216.3,10.0,12.0,6.0,64.0,5.0,3.0,0.0
MH_PUNE_555238,Mandarne,Mandarne,Junnar,Pune,19.3139,73.91768,117.65,76.36,-3.9,728.2,58.3,640.7,815.6,3.0,215.0,10.0,12.0,6.0,64.0,5.0,3.0,0.0
MH_PUNE_555259,Otur,Otur,Junnar,Pune,19.26678,73.99556,126.31,83.25,-5.3,679.9,54.4,598.3,761.5,3.0,217.8,10.0,12.0,6.0,64.0,5.0,3.0,0.0
MH_PUNE_555264,Khamundi,Khamundi,Junnar,Pune,19.23891,74.033,130.62,81.14,-6.0,714.4,57.2,628.6,800.2,3.0,219.2,10.0,12.0,6.0,64.0,5.0,3.0,0.0
MH_PUNE_555260,Tikekarwadi,Tikekarwadi,Junnar,Pune,19.24287,73.97547,124.58,80.36,-5.0,660.2,52.8,581.0,739.4,3.0,217.1,10.0,12.0,6.0,64.0,5.0,3.0,0.0
MH_PUNE_555268,Jambhulpad,Jambhulpad,Junnar,Pune,19.23063,74.06789,134.37,81.21,-6.6,732.7,58.6,644.8,820.6,3.0,220.5,10.0,12.0,6.0,64.0,5.0,3.0,0.0
MH_PUNE_555262,Dholwad,Dholwad,Junnar,Pune,19.2222,73.99125,126.56,78.39,-5.2,653.9,52.3,575.4,732.3,3.0,217.7,10.0,12.0,6.0,64.0,5.0,3.0,0.0
MH_PUNE_555266,Pimpri Pendhar,Pimpri Pendhar,Junnar,Pune,19.21951,74.05678,133.4,79.7,-6.4,690.0,55.2,607.2,772.8,3.0,220.1,10.0,12.0,6.0,64.0,5.0,3.0,0.0
MH_PUNE_555267,Gaymukhwadi,Gaymukhwadi,Junnar,Pune,19.22615,74.04241,131.8,80.01,-6.2,693.3,55.5,610.1,776.6,3.0,219.6,10.0,12.0,6.0,64.0,5.0,3.0,0.0
MH_PUNE_555257,Ahinavewadi,Ahinavewadi,Junnar,Pune,19.30318,73.98394,124.68,79.03,-5.1,799.1,63.9,703.2,894.9,3.0,217.4,10.0,12.0,6.0,64.0,5.0,3.0,0.0
MH_PUNE_555258,Rohkadi,Rohkadi,Junnar,Pune,19.29725,74.00247,126.67,80.18,-5.4,698.8,55.9,615.0,782.7,3.0,218.1,10.0,12.0,6.0,64.0,5.0,3.0,0.0
MH_PUNE_555255,Ambe Gavhan,Ambe Gavhan,Junnar,Pune,19.32321,73.99097,125.23,77.07,-5.2,695.9,55.7,612.4,779.5,3.0,217.7,10.0,12.0,6.0,64.0,5.0,3.0,0.0
MH_PUNE_555233,Kopare,Kopare,Junnar,Pune,19.35496,73.88293,113.71,71.28,-3.3,1009.0,80.7,887.9,1130.0,3.0,213.7,10.0,12.0,6.0,64.0,5.0,3.0,0.0
MH_PUNE_555234,Jambhulshi,Jambhulshi,Junnar,Pune,19.35581,73.90133,115.63,71.48,-3.6,1171.9,93.8,1031.2,1312.6,3.0,214.3,10.0,12.0,6.0,64.0,5.0,3.0,0.0
MH_PUNE_555241,Sanganore,Sanganore,Junnar,Pune,19.33756,73.86171,111.59,72.94,-2.9,1109.6,88.8,976.4,1242.8,3.0,212.9,10.0,12.0,6.0,64.0,5.0,3.0,0.0
MH_PUNE_555235,Mandave,Mandave,Junnar,Pune,19.34169,73.91358,116.99,73.24,-3.8,906.5,72.5,797.8,1015.3,3.0,214.8,10.0,12.0,6.0,64.0,5.0,3.0,0.0
MH_PUNE_555254,Chilhewadi,Chilhewadi,Junnar,Pune,19.34488,73.97474,123.38,74.3,-4.9,814.4,65.1,716.7,912.0,3.0,217.1,10.0,12.0,6.0,64.0,5.0,3.0,0.0
MH_PUNE_555269,Navalewadi,Navalewadi,Junnar,Pune,19.22109,74.08321,136.12,80.67,-6.9,726.3,58.1,639.1,813.4,3.0,221.1,10.0,12.0,6.0,64.0,5.0,3.0,0.0
MH_PUNE_556415,Malwadi,Malwadi,Daund,Pune,18.43109,74.59336,173.24,31.29,-12.0,516.8,41.3,454.8,578.7,3.0,240.0,6.0,10.0,6.0,70.0,4.0,4.0,0.0
MH_PUNE_556747,Kambare Bk,Kambare Bk,Bhor,Pune,18.22901,73.74193,83.2,35.36,-0.8,630.4,50.4,554.8,706.0,3.0,208.5,48.0,18.0,8.0,18.0,3.0,5.0,0.0
MH_PUNE_556659,Chinchale Bk,Chinchale Bk,Velhe,Pune,18.27252,73.79311,90.4,29.25,-1.7,704.0,56.3,619.5,788.4,3.0,210.3,48.0,18.0,8.0,18.0,3.0,5.0,0.0
MH_PUNE_555782,Bahirwadi,Bahirwadi,Khed,Pune,18.93518,73.87751,111.02,45.15,-3.2,724.6,58.0,637.6,811.6,3.0,213.5,10.0,12.0,6.0,64.0,5.0,3.0,0.0
MH_PUNE_556516,Parinche,Parinche,Purandhar,Pune,18.20272,74.10762,116.13,45.43,-7.3,683.3,54.7,601.2,765.3,3.0,222.0,12.0,14.0,8.0,48.0,14.0,4.0,0.0
MH_PUNE_556931,Malshikare Wadi,Malshikare Wadi,Baramati,Pune,18.10251,74.39284,141.6,20.47,-12.0,542.8,43.4,477.7,607.9,3.0,232.5,6.0,10.0,6.0,70.0,4.0,4.0,0.0
MH_PUNE_556915,Dhakale,Dhakale,Baramati,Pune,18.16889,74.42249,146.46,16.77,-12.0,586.2,46.9,515.9,656.6,3.0,233.6,6.0,10.0,6.0,70.0,4.0,4.0,0.0
MH_PUNE_557022,Lasurne,Lasurne,Indapur,Pune,18.07793,74.76408,179.58,21.04,-12.0,521.3,41.7,458.8,583.9,3.0,246.3,6.0,10.0,6.0,70.0,4.0,4.0,0.0
MH_PUNE_557000,Dalaj No 1,Dalaj No 1,Indapur,Pune,18.24451,74.81753,188.94,27.2,-12.0,492.5,39.4,433.4,551.6,3.0,248.2,6.0,10.0,6.0,70.0,4.0,4.0,0.0
MH_PUNE_556083,Vadgaon,Vadgaon,Mulshi,Pune,18.49307,73.4918,67.55,37.99,19.8,653.3,52.3,574.8,731.7,14.0,199.2,48.0,18.0,8.0,18.0,3.0,5.0,0.0
MH_PUNE_555893,Jambhul,Jambhul,Mawal,Pune,18.74056,73.64295,82.18,32.0,5.4,618.2,49.5,544.0,692.5,14.0,204.8,48.0,18.0,8.0,18.0,3.0,5.0,0.0
MH_PUNE_555974,Aundholi,Aundholi,Mawal,Pune,18.72161,73.46332,63.15,45.98,22.5,795.1,63.6,699.7,890.5,14.0,198.1,48.0,18.0,8.0,18.0,3.0,5.0,0.0
MH_PUNE_556136,Ambadwet,Ambadwet,Mulshi,Pune,18.56569,73.51319,68.28,35.73,17.7,701.9,56.2,617.6,786.2,14.0,200.0,48.0,18.0,8.0,18.0,3.0,5.0,0.0
MH_PUNE_556110,Chikhalgaon,Chikhalgaon,Mulshi,Pune,18.57213,73.58322,75.54,28.51,11.1,614.5,49.2,540.7,688.3,14.0,202.6,48.0,18.0,8.0,18.0,3.0,5.0,0.0
MH_PUNE_555736,Anavale,Anavale,Khed,Pune,18.89829,73.6801,89.99,44.69,1.9,707.9,56.6,623.0,792.8,14.0,206.2,10.0,12.0,6.0,64.0,5.0,3.0,0.0
MH_PUNE_556483,Ranamala,Ranamala,Purandhar,Pune,18.30982,74.19228,129.1,43.63,-8.9,668.8,53.5,588.6,749.1,3.0,225.1,12.0,14.0,8.0,48.0,14.0,4.0,0.0
MH_PUNE_556487,Walunj,Walunj,Purandhar,Pune,18.31921,74.11273,122.05,36.3,-7.4,708.1,56.7,623.1,793.2,3.0,222.2,12.0,14.0,8.0,48.0,14.0,4.0,0.0
MH_PUNE_555565,Takali Haji,Takali Haji,Shirur,Pune,18.91462,74.24802,148.25,59.88,-9.9,585.3,46.8,515.1,655.5,3.0,227.2,6.0,10.0,6.0,70.0,4.0,4.0,0.0
MH_PUNE_555263,Dumbarwadi,Dumbarwadi,Junnar,Pune,19.24345,74.01243,128.41,81.15,-5.6,688.9,55.1,606.2,771.5,3.0,218.5,10.0,12.0,6.0,64.0,5.0,3.0,0.0
MH_PUNE_556391,Patas,Patas,Daund,Pune,18.44041,74.46767,161.58,34.4,-12.0,543.5,43.5,478.3,608.8,3.0,235.3,6.0,10.0,6.0,70.0,4.0,4.0,0.0
MH_PUNE_555276,Pimpalwandi,Pimpalwandi,Junnar,Pune,19.18054,74.06476,134.51,75.79,-6.6,648.6,51.9,570.8,726.5,3.0,220.4,10.0,12.0,6.0,64.0,5.0,3.0,0.0
MH_PUNE_555595,Sukrewadi,Sukrewadi,Shirur,Pune,18.78889,74.06769,127.22,36.81,-6.6,638.1,51.1,561.5,714.8,3.0,220.5,6.0,10.0,6.0,70.0,4.0,4.0,0.0
