station_id,station_name,district,lat,lon,elevation_m,zone,date,rainfall_mm,temp_max_c,temp_min_c,temp_mean_c,rh_pct,source
MH_KON_01,Colaba_Mumbai,Mumbai,18.898,72.818,11,Konkan_Coastal,2023-06-01,0.45,39.0,26.5,32.7,58.4,IMD_AWS_NASA_POWER_Blended
MH_KON_01,Colaba_Mumbai,Mumbai,18.898,72.818,11,Konkan_Coastal,2023-06-02,0.99,36.8,26.8,31.8,63.4,IMD_AWS_NASA_POWER_Blended
MH_KON_01,Colaba_Mumbai,Mumbai,18.898,72.818,11,Konkan_Coastal,2023-06-03,1.59,34.5,27.2,30.8,68.7,IMD_AWS_NASA_POWER_Blended
MH_KON_01,Colaba_Mumbai,Mumbai,18.898,72.818,11,Konkan_Coastal,2023-06-04,3.67,34.5,27.5,31.0,70.2,IMD_AWS_NASA_POWER_Blended
MH_KON_01,Colaba_Mumbai,Mumbai,18.898,72.818,11,Konkan_Coastal,2023-06-05,2.68,34.6,26.6,30.6,71.4,IMD_AWS_NASA_POWER_Blended
MH_KON_01,Colaba_Mumbai,Mumbai,18.898,72.818,11,Konkan_Coastal,2023-06-06,0.2,36.2,26.8,31.5,67.2,IMD_AWS_NASA_POWER_Blended
MH_KON_01,Colaba_Mumbai,Mumbai,18.898,72.818,11,Konkan_Coastal,2023-06-07,0.18,35.7,26.9,31.3,67.3,IMD_AWS_NASA_POWER_Blended
MH_KON_01,Colaba_Mumbai,Mumbai,18.898,72.818,11,Konkan_Coastal,2023-06-08,0.13,36.5,27.4,31.9,66.3,IMD_AWS_NASA_POWER_Blended
MH_KON_01,Colaba_Mumbai,Mumbai,18.898,72.818,11,Konkan_Coastal,2023-06-09,2.95,34.5,27.6,31.0,70.1,IMD_AWS_NASA_POWER_Blended
MH_KON_01,Colaba_Mumbai,Mumbai,18.898,72.818,11,Konkan_Coastal,2023-06-10,3.67,35.6,28.0,31.8,70.1,IMD_AWS_NASA_POWER_Blended
MH_KON_01,Colaba_Mumbai,Mumbai,18.898,72.818,11,Konkan_Coastal,2023-06-11,0.67,36.0,27.6,31.8,65.9,IMD_AWS_NASA_POWER_Blended
MH_KON_01,Colaba_Mumbai,Mumbai,18.898,72.818,11,Konkan_Coastal,2023-06-12,6.14,35.9,27.2,31.6,65.3,IMD_AWS_NASA_POWER_Blended
MH_KON_01,Colaba_Mumbai,Mumbai,18.898,72.818,11,Konkan_Coastal,2023-06-13,2.62,34.8,26.9,30.9,68.8,IMD_AWS_NASA_POWER_Blended
MH_KON_01,Colaba_Mumbai,Mumbai,18.898,72.818,11,Konkan_Coastal,2023-06-14,10.22,35.2,27.2,31.2,69.5,IMD_AWS_NASA_POWER_Blended
MH_KON_01,Colaba_Mumbai,Mumbai,18.898,72.818,11,Konkan_Coastal,2023-06-15,3.32,34.6,27.4,31.0,71.4,IMD_AWS_NASA_POWER_Blended
MH_KON_01,Colaba_Mumbai,Mumbai,18.898,72.818,11,Konkan_Coastal,2023-06-16,2.52,34.3,27.6,30.9,73.5,IMD_AWS_NASA_POWER_Blended
MH_KON_01,Colaba_Mumbai,Mumbai,18.898,72.818,11,Konkan_Coastal,2023-06-17,1.75,34.0,27.4,30.7,74.2,IMD_AWS_NASA_POWER_Blended
MH_KON_01,Colaba_Mumbai,Mumbai,18.898,72.818,11,Konkan_Coastal,2023-06-18,0.6,33.9,27.1,30.5,74.4,IMD_AWS_NASA_POWER_Blended
MH_KON_01,Colaba_Mumbai,Mumbai,18.898,72.818,11,Konkan_Coastal,2023-06-19,0.3,34.8,26.8,30.8,73.5,IMD_AWS_NASA_POWER_Blended
MH_KON_01,Colaba_Mumbai,Mumbai,18.898,72.818,11,Konkan_Coastal,2023-06-20,0.37,34.6,26.9,30.8,73.3,IMD_AWS_NASA_POWER_Blended
MH_KON_01,Colaba_Mumbai,Mumbai,18.898,72.818,11,Konkan_Coastal,2023-06-21,0.38,34.4,27.1,30.7,72.9,IMD_AWS_NASA_POWER_Blended
MH_KON_01,Colaba_Mumbai,Mumbai,18.898,72.818,11,Konkan_Coastal,2023-06-22,1.49,34.4,26.9,30.7,73.0,IMD_AWS_NASA_POWER_Blended
MH_KON_01,Colaba_Mumbai,Mumbai,18.898,72.818,11,Konkan_Coastal,2023-06-23,2.76,35.0,26.5,30.7,72.3,IMD_AWS_NASA_POWER_Blended
MH_KON_01,Colaba_Mumbai,Mumbai,18.898,72.818,11,Konkan_Coastal,2023-06-24,55.03,30.7,26.3,28.5,84.5,IMD_AWS_NASA_POWER_Blended
MH_KON_01,Colaba_Mumbai,Mumbai,18.898,72.818,11,Konkan_Coastal,2023-06-25,48.76,31.3,25.8,28.5,84.1,IMD_AWS_NASA_POWER_Blended
MH_KON_01,Colaba_Mumbai,Mumbai,18.898,72.818,11,Konkan_Coastal,2023-06-26,60.95,29.6,25.4,27.5,85.0,IMD_AWS_NASA_POWER_Blended
MH_KON_01,Colaba_Mumbai,Mumbai,18.898,72.818,11,Konkan_Coastal,2023-06-27,64.05,28.0,24.7,26.3,87.7,IMD_AWS_NASA_POWER_Blended
MH_KON_01,Colaba_Mumbai,Mumbai,18.898,72.818,11,Konkan_Coastal,2023-06-28,55.61,29.6,25.1,27.4,87.8,IMD_AWS_NASA_POWER_Blended
MH_KON_01,Colaba_Mumbai,Mumbai,18.898,72.818,11,Konkan_Coastal,2023-06-29,20.18,29.0,25.4,27.2,85.0,IMD_AWS_NASA_POWER_Blended
MH_KON_01,Colaba_Mumbai,Mumbai,18.898,72.818,11,Konkan_Coastal,2023-06-30,98.85,28.5,25.2,26.8,90.9,IMD_AWS_NASA_POWER_Blended
MH_KON_01,Colaba_Mumbai,Mumbai,18.898,72.818,11,Konkan_Coastal,2023-07-01,37.16,28.8,25.6,27.2,90.0,IMD_AWS_NASA_POWER_Blended
MH_KON_01,Colaba_Mumbai,Mumbai,18.898,72.818,11,Konkan_Coastal,2023-07-02,26.88,29.6,26.1,27.9,88.7,IMD_AWS_NASA_POWER_Blended
MH_KON_01,Colaba_Mumbai,Mumbai,18.898,72.818,11,Konkan_Coastal,2023-07-03,40.78,29.5,26.1,27.8,89.9,IMD_AWS_NASA_POWER_Blended
MH_KON_01,Colaba_Mumbai,Mumbai,18.898,72.818,11,Konkan_Coastal,2023-07-04,33.35,29.2,26.0,27.6,91.9,IMD_AWS_NASA_POWER_Blended
MH_KON_01,Colaba_Mumbai,Mumbai,18.898,72.818,11,Konkan_Coastal,2023-07-05,18.17,29.8,25.5,27.6,90.2,IMD_AWS_NASA_POWER_Blended
MH_KON_01,Colaba_Mumbai,Mumbai,18.898,72.818,11,Konkan_Coastal,2023-07-06,41.31,28.2,25.0,26.6,91.4,IMD_AWS_NASA_POWER_Blended
MH_KON_01,Colaba_Mumbai,Mumbai,18.898,72.818,11,Konkan_Coastal,2023-07-07,58.42,28.4,26.2,27.3,93.4,IMD_AWS_NASA_POWER_Blended
MH_KON_01,Colaba_Mumbai,Mumbai,18.898,72.818,11,Konkan_Coastal,2023-07-08,24.86,28.9,25.8,27.4,89.7,IMD_AWS_NASA_POWER_Blended
MH_KON_01,Colaba_Mumbai,Mumbai,18.898,72.818,11,Konkan_Coastal,2023-07-09,13.56,28.9,25.4,27.2,89.4,IMD_AWS_NASA_POWER_Blended
MH_KON_01,Colaba_Mumbai,Mumbai,18.898,72.818,11,Konkan_Coastal,2023-07-10,6.49,29.1,25.4,27.2,88.9,IMD_AWS_NASA_POWER_Blended
MH_KON_01,Colaba_Mumbai,Mumbai,18.898,72.818,11,Konkan_Coastal,2023-07-11,5.06,29.2,24.8,27.0,89.0,IMD_AWS_NASA_POWER_Blended
MH_KON_01,Colaba_Mumbai,Mumbai,18.898,72.818,11,Konkan_Coastal,2023-07-12,8.38,29.2,25.4,27.3,89.6,IMD_AWS_NASA_POWER_Blended
MH_KON_01,Colaba_Mumbai,Mumbai,18.898,72.818,11,Konkan_Coastal,2023-07-13,23.03,29.4,25.1,27.2,89.1,IMD_AWS_NASA_POWER_Blended
MH_KON_01,Colaba_Mumbai,Mumbai,18.898,72.818,11,Konkan_Coastal,2023-07-14,30.68,29.0,25.6,27.3,90.3,IMD_AWS_NASA_POWER_Blended
MH_KON_01,Colaba_Mumbai,Mumbai,18.898,72.818,11,Konkan_Coastal,2023-07-15,14.66,29.2,25.4,27.3,89.8,IMD_AWS_NASA_POWER_Blended
MH_KON_01,Colaba_Mumbai,Mumbai,18.898,72.818,11,Konkan_Coastal,2023-07-16,25.31,29.0,25.6,27.3,91.6,IMD_AWS_NASA_POWER_Blended
MH_KON_01,Colaba_Mumbai,Mumbai,18.898,72.818,11,Konkan_Coastal,2023-07-17,52.73,28.9,25.5,27.2,90.1,IMD_AWS_NASA_POWER_Blended
MH_KON_01,Colaba_Mumbai,Mumbai,18.898,72.818,11,Konkan_Coastal,2023-07-18,129.54,28.3,25.8,27.0,92.5,IMD_AWS_NASA_POWER_Blended
MH_KON_01,Colaba_Mumbai,Mumbai,18.898,72.818,11,Konkan_Coastal,2023-07-19,136.7,27.7,25.5,26.6,92.7,IMD_AWS_NASA_POWER_Blended
MH_KON_01,Colaba_Mumbai,Mumbai,18.898,72.818,11,Konkan_Coastal,2023-07-20,63.91,27.8,25.0,26.4,93.0,IMD_AWS_NASA_POWER_Blended
MH_KON_01,Colaba_Mumbai,Mumbai,18.898,72.818,11,Konkan_Coastal,2023-07-21,78.36,27.6,24.5,26.0,93.0,IMD_AWS_NASA_POWER_Blended
MH_KON_01,Colaba_Mumbai,Mumbai,18.898,72.818,11,Konkan_Coastal,2023-07-22,60.22,26.9,25.0,26.0,94.0,IMD_AWS_NASA_POWER_Blended
MH_KON_01,Colaba_Mumbai,Mumbai,18.898,72.818,11,Konkan_Coastal,2023-07-23,48.71,28.2,25.1,26.6,92.8,IMD_AWS_NASA_POWER_Blended
MH_KON_01,Colaba_Mumbai,Mumbai,18.898,72.818,11,Konkan_Coastal,2023-07-24,61.74,28.3,25.4,26.9,92.2,IMD_AWS_NASA_POWER_Blended
MH_KON_01,Colaba_Mumbai,Mumbai,18.898,72.818,11,Konkan_Coastal,2023-07-25,60.93,27.1,25.3,26.2,93.8,IMD_AWS_NASA_POWER_Blended
MH_KON_01,Colaba_Mumbai,Mumbai,18.898,72.818,11,Konkan_Coastal,2023-07-26,112.09,27.4,25.2,26.3,93.5,IMD_AWS_NASA_POWER_Blended
MH_KON_01,Colaba_Mumbai,Mumbai,18.898,72.818,11,Konkan_Coastal,2023-07-27,80.52,27.3,25.3,26.3,93.2,IMD_AWS_NASA_POWER_Blended
MH_KON_01,Colaba_Mumbai,Mumbai,18.898,72.818,11,Konkan_Coastal,2023-07-28,52.54,28.0,25.1,26.6,92.0,IMD_AWS_NASA_POWER_Blended
MH_KON_01,Colaba_Mumbai,Mumbai,18.898,72.818,11,Konkan_Coastal,2023-07-29,25.27,28.2,24.8,26.5,90.8,IMD_AWS_NASA_POWER_Blended
MH_KON_01,Colaba_Mumbai,Mumbai,18.898,72.818,11,Konkan_Coastal,2023-07-30,18.35,28.1,25.0,26.6,91.7,IMD_AWS_NASA_POWER_Blended
MH_KON_01,Colaba_Mumbai,Mumbai,18.898,72.818,11,Konkan_Coastal,2023-07-31,15.75,28.5,25.2,26.8,91.6,IMD_AWS_NASA_POWER_Blended
MH_KON_01,Colaba_Mumbai,Mumbai,18.898,72.818,11,Konkan_Coastal,2023-08-01,16.14,28.1,25.2,26.7,91.6,IMD_AWS_NASA_POWER_Blended
MH_KON_01,Colaba_Mumbai,Mumbai,18.898,72.818,11,Konkan_Coastal,2023-08-02,7.61,27.8,25.0,26.4,91.7,IMD_AWS_NASA_POWER_Blended
MH_KON_01,Colaba_Mumbai,Mumbai,18.898,72.818,11,Konkan_Coastal,2023-08-03,5.84,27.8,24.6,26.2,90.5,IMD_AWS_NASA_POWER_Blended
MH_KON_01,Colaba_Mumbai,Mumbai,18.898,72.818,11,Konkan_Coastal,2023-08-04,13.43,28.4,25.0,26.7,90.2,IMD_AWS_NASA_POWER_Blended
MH_KON_01,Colaba_Mumbai,Mumbai,18.898,72.818,11,Konkan_Coastal,2023-08-05,8.19,28.2,24.6,26.4,90.2,IMD_AWS_NASA_POWER_Blended
MH_KON_01,Colaba_Mumbai,Mumbai,18.898,72.818,11,Konkan_Coastal,2023-08-06,5.59,28.3,24.4,26.4,89.9,IMD_AWS_NASA_POWER_Blended
MH_KON_01,Colaba_Mumbai,Mumbai,18.898,72.818,11,Konkan_Coastal,2023-08-07,3.39,27.8,24.6,26.2,89.6,IMD_AWS_NASA_POWER_Blended
MH_KON_01,Colaba_Mumbai,Mumbai,18.898,72.818,11,Konkan_Coastal,2023-08-08,4.73,28.6,24.8,26.7,89.1,IMD_AWS_NASA_POWER_Blended
MH_KON_01,Colaba_Mumbai,Mumbai,18.898,72.818,11,Konkan_Coastal,2023-08-09,5.86,28.2,24.6,26.4,90.4,IMD_AWS_NASA_POWER_Blended
MH_KON_01,Colaba_Mumbai,Mumbai,18.898,72.818,11,Konkan_Coastal,2023-08-10,9.57,27.9,24.4,26.2,90.1,IMD_AWS_NASA_POWER_Blended
MH_KON_01,Colaba_Mumbai,Mumbai,18.898,72.818,11,Konkan_Coastal,2023-08-11,4.05,29.1,24.1,26.6,87.9,IMD_AWS_NASA_POWER_Blended
MH_KON_01,Colaba_Mumbai,Mumbai,18.898,72.818,11,Konkan_Coastal,2023-08-12,4.83,28.8,24.0,26.4,87.7,IMD_AWS_NASA_POWER_Blended
MH_KON_01,Colaba_Mumbai,Mumbai,18.898,72.818,11,Konkan_Coastal,2023-08-13,5.99,27.9,24.4,26.1,89.2,IMD_AWS_NASA_POWER_Blended
MH_KON_01,Colaba_Mumbai,Mumbai,18.898,72.818,11,Konkan_Coastal,2023-08-14,2.91,28.5,24.3,26.4,88.4,IMD_AWS_NASA_POWER_Blended
MH_KON_01,Colaba_Mumbai,Mumbai,18.898,72.818,11,Konkan_Coastal,2023-08-15,2.44,28.9,24.1,26.5,87.3,IMD_AWS_NASA_POWER_Blended
MH_KON_01,Colaba_Mumbai,Mumbai,18.898,72.818,11,Konkan_Coastal,2023-08-16,3.93,29.1,24.1,26.6,87.7,IMD_AWS_NASA_POWER_Blended
MH_KON_01,Colaba_Mumbai,Mumbai,18.898,72.818,11,Konkan_Coastal,2023-08-17,2.77,29.4,23.8,26.6,87.8,IMD_AWS_NASA_POWER_Blended
MH_KON_01,Colaba_Mumbai,Mumbai,18.898,72.818,11,Konkan_Coastal,2023-08-18,2.64,28.6,24.3,26.4,88.3,IMD_AWS_NASA_POWER_Blended
MH_KON_01,Colaba_Mumbai,Mumbai,18.898,72.818,11,Konkan_Coastal,2023-08-19,6.83,29.4,24.4,26.9,88.1,IMD_AWS_NASA_POWER_Blended
MH_KON_01,Colaba_Mumbai,Mumbai,18.898,72.818,11,Konkan_Coastal,2023-08-20,8.01,28.9,24.3,26.6,88.6,IMD_AWS_NASA_POWER_Blended
MH_KON_01,Colaba_Mumbai,Mumbai,18.898,72.818,11,Konkan_Coastal,2023-08-21,4.27,29.1,23.7,26.4,87.6,IMD_AWS_NASA_POWER_Blended
MH_KON_01,Colaba_Mumbai,Mumbai,18.898,72.818,11,Konkan_Coastal,2023-08-22,9.25,29.1,23.9,26.5,88.7,IMD_AWS_NASA_POWER_Blended
MH_KON_01,Colaba_Mumbai,Mumbai,18.898,72.818,11,Konkan_Coastal,2023-08-23,6.84,28.8,24.1,26.5,89.6,IMD_AWS_NASA_POWER_Blended
MH_KON_01,Colaba_Mumbai,Mumbai,18.898,72.818,11,Konkan_Coastal,2023-08-24,12.16,29.2,24.6,26.9,89.7,IMD_AWS_NASA_POWER_Blended
MH_KON_01,Colaba_Mumbai,Mumbai,18.898,72.818,11,Konkan_Coastal,2023-08-25,17.75,29.6,25.0,27.3,89.6,IMD_AWS_NASA_POWER_Blended
MH_KON_01,Colaba_Mumbai,Mumbai,18.898,72.818,11,Konkan_Coastal,2023-08-26,19.21,29.2,25.1,27.2,89.1,IMD_AWS_NASA_POWER_Blended
MH_KON_01,Colaba_Mumbai,Mumbai,18.898,72.818,11,Konkan_Coastal,2023-08-27,18.6,29.8,24.9,27.3,88.5,IMD_AWS_NASA_POWER_Blended
MH_KON_01,Colaba_Mumbai,Mumbai,18.898,72.818,11,Konkan_Coastal,2023-08-28,10.12,29.0,24.2,26.6,90.3,IMD_AWS_NASA_POWER_Blended
MH_KON_01,Colaba_Mumbai,Mumbai,18.898,72.818,11,Konkan_Coastal,2023-08-29,1.43,29.8,23.7,26.7,87.3,IMD_AWS_NASA_POWER_Blended
MH_KON_01,Colaba_Mumbai,Mumbai,18.898,72.818,11,Konkan_Coastal,2023-08-30,0.25,30.1,23.9,27.0,85.3,IMD_AWS_NASA_POWER_Blended
MH_KON_01,Colaba_Mumbai,Mumbai,18.898,72.818,11,Konkan_Coastal,2023-08-31,0.28,30.8,23.4,27.1,86.4,IMD_AWS_NASA_POWER_Blended
MH_KON_01,Colaba_Mumbai,Mumbai,18.898,72.818,11,Konkan_Coastal,2023-09-01,10.61,31.1,24.0,27.6,87.1,IMD_AWS_NASA_POWER_Blended
MH_KON_01,Colaba_Mumbai,Mumbai,18.898,72.818,11,Konkan_Coastal,2023-09-02,23.17,28.1,24.3,26.2,90.5,IMD_AWS_NASA_POWER_Blended
MH_KON_01,Colaba_Mumbai,Mumbai,18.898,72.818,11,Konkan_Coastal,2023-09-03,3.75,29.5,23.8,26.6,87.7,IMD_AWS_NASA_POWER_Blended
MH_KON_01,Colaba_Mumbai,Mumbai,18.898,72.818,11,Konkan_Coastal,2023-09-04,1.19,29.4,23.9,26.7,87.5,IMD_AWS_NASA_POWER_Blended
MH_KON_01,Colaba_Mumbai,Mumbai,18.898,72.818,11,Konkan_Coastal,2023-09-05,0.67,29.8,23.6,26.7,86.3,IMD_AWS_NASA_POWER_Blended
MH_KON_01,Colaba_Mumbai,Mumbai,18.898,72.818,11,Konkan_Coastal,2023-09-06,3.23,29.3,23.5,26.4,88.9,IMD_AWS_NASA_POWER_Blended
MH_KON_01,Colaba_Mumbai,Mumbai,18.898,72.818,11,Konkan_Coastal,2023-09-07,69.38,26.7,25.1,25.9,92.7,IMD_AWS_NASA_POWER_Blended
MH_KON_01,Colaba_Mumbai,Mumbai,18.898,72.818,11,Konkan_Coastal,2023-09-08,66.91,27.3,25.3,26.3,92.9,IMD_AWS_NASA_POWER_Blended
MH_KON_01,Colaba_Mumbai,Mumbai,18.898,72.818,11,Konkan_Coastal,2023-09-09,14.62,28.6,25.4,27.0,91.5,IMD_AWS_NASA_POWER_Blended
MH_KON_01,Colaba_Mumbai,Mumbai,18.898,72.818,11,Konkan_Coastal,2023-09-10,5.8,29.4,25.5,27.5,90.7,IMD_AWS_NASA_POWER_Blended
MH_KON_01,Colaba_Mumbai,Mumbai,18.898,72.818,11,Konkan_Coastal,2023-09-11,3.58,29.8,25.0,27.4,89.7,IMD_AWS_NASA_POWER_Blended
MH_KON_01,Colaba_Mumbai,Mumbai,18.898,72.818,11,Konkan_Coastal,2023-09-12,1.38,29.6,24.1,26.9,88.4,IMD_AWS_NASA_POWER_Blended
MH_KON_01,Colaba_Mumbai,Mumbai,18.898,72.818,11,Konkan_Coastal,2023-09-13,4.79,29.2,24.1,26.6,88.6,IMD_AWS_NASA_POWER_Blended
MH_KON_01,Colaba_Mumbai,Mumbai,18.898,72.818,11,Konkan_Coastal,2023-09-14,6.99,29.4,24.0,26.7,87.4,IMD_AWS_NASA_POWER_Blended
MH_KON_01,Colaba_Mumbai,Mumbai,18.898,72.818,11,Konkan_Coastal,2023-09-15,2.06,29.4,24.4,26.9,88.5,IMD_AWS_NASA_POWER_Blended
MH_KON_01,Colaba_Mumbai,Mumbai,18.898,72.818,11,Konkan_Coastal,2023-09-16,7.68,28.6,25.4,27.0,91.1,IMD_AWS_NASA_POWER_Blended
MH_KON_01,Colaba_Mumbai,Mumbai,18.898,72.818,11,Konkan_Coastal,2023-09-17,9.28,29.6,25.5,27.5,89.4,IMD_AWS_NASA_POWER_Blended
MH_KON_01,Colaba_Mumbai,Mumbai,18.898,72.818,11,Konkan_Coastal,2023-09-18,16.68,29.8,25.4,27.6,89.1,IMD_AWS_NASA_POWER_Blended
MH_KON_01,Colaba_Mumbai,Mumbai,18.898,72.818,11,Konkan_Coastal,2023-09-19,12.85,29.7,25.4,27.6,88.7,IMD_AWS_NASA_POWER_Blended
MH_KON_01,Colaba_Mumbai,Mumbai,18.898,72.818,11,Konkan_Coastal,2023-09-20,18.3,29.8,25.4,27.6,90.8,IMD_AWS_NASA_POWER_Blended
MH_KON_01,Colaba_Mumbai,Mumbai,18.898,72.818,11,Konkan_Coastal,2023-09-21,31.49,29.3,25.5,27.4,92.2,IMD_AWS_NASA_POWER_Blended
MH_KON_01,Colaba_Mumbai,Mumbai,18.898,72.818,11,Konkan_Coastal,2023-09-22,17.51,29.1,24.9,27.0,91.1,IMD_AWS_NASA_POWER_Blended
MH_KON_01,Colaba_Mumbai,Mumbai,18.898,72.818,11,Konkan_Coastal,2023-09-23,32.05,28.0,24.9,26.4,93.2,IMD_AWS_NASA_POWER_Blended
MH_KON_01,Colaba_Mumbai,Mumbai,18.898,72.818,11,Konkan_Coastal,2023-09-24,13.16,28.4,24.3,26.4,91.3,IMD_AWS_NASA_POWER_Blended
MH_KON_01,Colaba_Mumbai,Mumbai,18.898,72.818,11,Konkan_Coastal,2023-09-25,14.84,28.9,24.0,26.5,91.7,IMD_AWS_NASA_POWER_Blended
MH_KON_01,Colaba_Mumbai,Mumbai,18.898,72.818,11,Konkan_Coastal,2023-09-26,19.45,28.3,24.5,26.4,91.7,IMD_AWS_NASA_POWER_Blended
MH_KON_01,Colaba_Mumbai,Mumbai,18.898,72.818,11,Konkan_Coastal,2023-09-27,20.73,29.3,24.9,27.1,91.9,IMD_AWS_NASA_POWER_Blended
MH_KON_01,Colaba_Mumbai,Mumbai,18.898,72.818,11,Konkan_Coastal,2023-09-28,17.43,30.1,24.9,27.5,90.5,IMD_AWS_NASA_POWER_Blended
MH_KON_01,Colaba_Mumbai,Mumbai,18.898,72.818,11,Konkan_Coastal,2023-09-29,16.05,31.3,25.1,28.2,87.0,IMD_AWS_NASA_POWER_Blended
MH_KON_01,Colaba_Mumbai,Mumbai,18.898,72.818,11,Konkan_Coastal,2023-09-30,18.01,30.4,24.7,27.5,90.2,IMD_AWS_NASA_POWER_Blended
MH_KON_01,Colaba_Mumbai,Mumbai,18.898,72.818,11,Konkan_Coastal,2023-10-01,13.51,29.0,25.1,27.1,92.6,IMD_AWS_NASA_POWER_Blended
MH_KON_01,Colaba_Mumbai,Mumbai,18.898,72.818,11,Konkan_Coastal,2023-10-02,10.45,29.2,24.3,26.8,88.9,IMD_AWS_NASA_POWER_Blended
MH_KON_01,Colaba_Mumbai,Mumbai,18.898,72.818,11,Konkan_Coastal,2023-10-03,0.01,29.6,23.8,26.7,85.8,IMD_AWS_NASA_POWER_Blended
MH_KON_01,Colaba_Mumbai,Mumbai,18.898,72.818,11,Konkan_Coastal,2023-10-04,0.0,30.3,23.6,26.9,86.6,IMD_AWS_NASA_POWER_Blended
MH_KON_01,Colaba_Mumbai,Mumbai,18.898,72.818,11,Konkan_Coastal,2023-10-05,0.01,30.1,22.3,26.2,87.0,IMD_AWS_NASA_POWER_Blended
MH_KON_01,Colaba_Mumbai,Mumbai,18.898,72.818,11,Konkan_Coastal,2023-10-06,0.04,30.4,23.0,26.7,85.8,IMD_AWS_NASA_POWER_Blended
MH_KON_01,Colaba_Mumbai,Mumbai,18.898,72.818,11,Konkan_Coastal,2023-10-07,0.0,31.1,22.9,27.0,86.2,IMD_AWS_NASA_POWER_Blended
MH_KON_01,Colaba_Mumbai,Mumbai,18.898,72.818,11,Konkan_Coastal,2023-10-08,0.0,32.4,22.8,27.6,83.1,IMD_AWS_NASA_POWER_Blended
MH_KON_01,Colaba_Mumbai,Mumbai,18.898,72.818,11,Konkan_Coastal,2023-10-09,0.0,31.6,23.0,27.3,82.8,IMD_AWS_NASA_POWER_Blended
MH_KON_01,Colaba_Mumbai,Mumbai,18.898,72.818,11,Konkan_Coastal,2023-10-10,0.0,31.1,21.9,26.5,83.4,IMD_AWS_NASA_POWER_Blended
MH_KON_01,Colaba_Mumbai,Mumbai,18.898,72.818,11,Konkan_Coastal,2023-10-11,0.0,31.6,21.6,26.6,81.6,IMD_AWS_NASA_POWER_Blended
MH_KON_01,Colaba_Mumbai,Mumbai,18.898,72.818,11,Konkan_Coastal,2023-10-12,0.0,33.3,22.8,28.0,77.7,IMD_AWS_NASA_POWER_Blended
MH_KON_01,Colaba_Mumbai,Mumbai,18.898,72.818,11,Konkan_Coastal,2023-10-13,0.05,33.6,22.7,28.1,76.4,IMD_AWS_NASA_POWER_Blended
MH_KON_01,Colaba_Mumbai,Mumbai,18.898,72.818,11,Konkan_Coastal,2023-10-14,0.08,33.3,22.7,28.0,72.3,IMD_AWS_NASA_POWER_Blended
MH_KON_01,Colaba_Mumbai,Mumbai,18.898,72.818,11,Konkan_Coastal,2023-10-15,0.21,33.0,22.8,27.9,77.2,IMD_AWS_NASA_POWER_Blended
MH_KON_01,Colaba_Mumbai,Mumbai,18.898,72.818,11,Konkan_Coastal,2023-10-16,0.4,32.7,23.4,28.1,76.6,IMD_AWS_NASA_POWER_Blended
MH_KON_01,Colaba_Mumbai,Mumbai,18.898,72.818,11,Konkan_Coastal,2023-10-17,0.45,33.0,23.0,28.0,75.5,IMD_AWS_NASA_POWER_Blended
MH_KON_01,Colaba_Mumbai,Mumbai,18.898,72.818,11,Konkan_Coastal,2023-10-18,0.04,32.6,22.5,27.5,77.3,IMD_AWS_NASA_POWER_Blended
MH_KON_01,Colaba_Mumbai,Mumbai,18.898,72.818,11,Konkan_Coastal,2023-10-19,0.01,33.0,22.0,27.5,75.4,IMD_AWS_NASA_POWER_Blended
MH_KON_01,Colaba_Mumbai,Mumbai,18.898,72.818,11,Konkan_Coastal,2023-10-20,0.02,32.6,23.0,27.8,74.3,IMD_AWS_NASA_POWER_Blended
MH_KON_01,Colaba_Mumbai,Mumbai,18.898,72.818,11,Konkan_Coastal,2023-10-21,0.01,32.2,22.9,27.6,76.1,IMD_AWS_NASA_POWER_Blended
MH_KON_01,Colaba_Mumbai,Mumbai,18.898,72.818,11,Konkan_Coastal,2023-10-22,0.05,32.2,23.3,27.8,77.2,IMD_AWS_NASA_POWER_Blended
MH_KON_01,Colaba_Mumbai,Mumbai,18.898,72.818,11,Konkan_Coastal,2023-10-23,0.0,32.8,22.0,27.4,73.6,IMD_AWS_NASA_POWER_Blended
MH_KON_01,Colaba_Mumbai,Mumbai,18.898,72.818,11,Konkan_Coastal,2023-10-24,0.0,32.4,22.3,27.3,73.6,IMD_AWS_NASA_POWER_Blended
MH_KON_01,Colaba_Mumbai,Mumbai,18.898,72.818,11,Konkan_Coastal,2023-10-25,0.0,32.3,20.9,26.6,71.2,IMD_AWS_NASA_POWER_Blended
MH_KON_01,Colaba_Mumbai,Mumbai,18.898,72.818,11,Konkan_Coastal,2023-10-26,0.0,31.9,19.8,25.8,65.7,IMD_AWS_NASA_POWER_Blended
MH_KON_01,Colaba_Mumbai,Mumbai,18.898,72.818,11,Konkan_Coastal,2023-10-27,0.0,31.8,18.7,25.3,64.9,IMD_AWS_NASA_POWER_Blended
MH_KON_01,Colaba_Mumbai,Mumbai,18.898,72.818,11,Konkan_Coastal,2023-10-28,0.0,32.3,18.8,25.5,64.7,IMD_AWS_NASA_POWER_Blended
MH_KON_01,Colaba_Mumbai,Mumbai,18.898,72.818,11,Konkan_Coastal,2023-10-29,0.0,32.7,18.6,25.7,63.9,IMD_AWS_NASA_POWER_Blended
MH_KON_01,Colaba_Mumbai,Mumbai,18.898,72.818,11,Konkan_Coastal,2023-10-30,0.0,32.3,19.1,25.7,65.2,IMD_AWS_NASA_POWER_Blended
MH_KON_01,Colaba_Mumbai,Mumbai,18.898,72.818,11,Konkan_Coastal,2023-10-31,0.0,31.7,18.6,25.1,67.0,IMD_AWS_NASA_POWER_Blended
MH_KON_02,Santacruz_Mumbai,Mumbai Suburban,19.117,72.857,14,Konkan_Coastal,2023-06-01,0.45,39.0,26.5,32.7,58.4,IMD_AWS_NASA_POWER_Blended
MH_KON_02,Santacruz_Mumbai,Mumbai Suburban,19.117,72.857,14,Konkan_Coastal,2023-06-02,0.99,36.8,26.8,31.8,63.4,IMD_AWS_NASA_POWER_Blended
MH_KON_02,Santacruz_Mumbai,Mumbai Suburban,19.117,72.857,14,Konkan_Coastal,2023-06-03,1.59,34.5,27.2,30.8,68.7,IMD_AWS_NASA_POWER_Blended
MH_KON_02,Santacruz_Mumbai,Mumbai Suburban,19.117,72.857,14,Konkan_Coastal,2023-06-04,3.67,34.5,27.5,31.0,70.2,IMD_AWS_NASA_POWER_Blended
MH_KON_02,Santacruz_Mumbai,Mumbai Suburban,19.117,72.857,14,Konkan_Coastal,2023-06-05,2.68,34.6,26.6,30.6,71.4,IMD_AWS_NASA_POWER_Blended
MH_KON_02,Santacruz_Mumbai,Mumbai Suburban,19.117,72.857,14,Konkan_Coastal,2023-06-06,0.2,36.2,26.8,31.5,67.2,IMD_AWS_NASA_POWER_Blended
MH_KON_02,Santacruz_Mumbai,Mumbai Suburban,19.117,72.857,14,Konkan_Coastal,2023-06-07,0.18,35.7,26.9,31.3,67.3,IMD_AWS_NASA_POWER_Blended
MH_KON_02,Santacruz_Mumbai,Mumbai Suburban,19.117,72.857,14,Konkan_Coastal,2023-06-08,0.13,36.5,27.4,31.9,66.3,IMD_AWS_NASA_POWER_Blended
MH_KON_02,Santacruz_Mumbai,Mumbai Suburban,19.117,72.857,14,Konkan_Coastal,2023-06-09,2.95,34.5,27.6,31.0,70.1,IMD_AWS_NASA_POWER_Blended
MH_KON_02,Santacruz_Mumbai,Mumbai Suburban,19.117,72.857,14,Konkan_Coastal,2023-06-10,3.67,35.6,28.0,31.8,70.1,IMD_AWS_NASA_POWER_Blended
MH_KON_02,Santacruz_Mumbai,Mumbai Suburban,19.117,72.857,14,Konkan_Coastal,2023-06-11,0.67,36.0,27.6,31.8,65.9,IMD_AWS_NASA_POWER_Blended
MH_KON_02,Santacruz_Mumbai,Mumbai Suburban,19.117,72.857,14,Konkan_Coastal,2023-06-12,6.14,35.9,27.2,31.6,65.3,IMD_AWS_NASA_POWER_Blended
MH_KON_02,Santacruz_Mumbai,Mumbai Suburban,19.117,72.857,14,Konkan_Coastal,2023-06-13,2.62,34.8,26.9,30.9,68.8,IMD_AWS_NASA_POWER_Blended
MH_KON_02,Santacruz_Mumbai,Mumbai Suburban,19.117,72.857,14,Konkan_Coastal,2023-06-14,10.22,35.2,27.2,31.2,69.5,IMD_AWS_NASA_POWER_Blended
MH_KON_02,Santacruz_Mumbai,Mumbai Suburban,19.117,72.857,14,Konkan_Coastal,2023-06-15,3.32,34.6,27.4,31.0,71.4,IMD_AWS_NASA_POWER_Blended
MH_KON_02,Santacruz_Mumbai,Mumbai Suburban,19.117,72.857,14,Konkan_Coastal,2023-06-16,2.52,34.3,27.6,30.9,73.5,IMD_AWS_NASA_POWER_Blended
MH_KON_02,Santacruz_Mumbai,Mumbai Suburban,19.117,72.857,14,Konkan_Coastal,2023-06-17,1.75,34.0,27.4,30.7,74.2,IMD_AWS_NASA_POWER_Blended
MH_KON_02,Santacruz_Mumbai,Mumbai Suburban,19.117,72.857,14,Konkan_Coastal,2023-06-18,0.6,33.9,27.1,30.5,74.4,IMD_AWS_NASA_POWER_Blended
MH_KON_02,Santacruz_Mumbai,Mumbai Suburban,19.117,72.857,14,Konkan_Coastal,2023-06-19,0.3,34.8,26.8,30.8,73.5,IMD_AWS_NASA_POWER_Blended
MH_KON_02,Santacruz_Mumbai,Mumbai Suburban,19.117,72.857,14,Konkan_Coastal,2023-06-20,0.37,34.6,26.9,30.8,73.3,IMD_AWS_NASA_POWER_Blended
MH_KON_02,Santacruz_Mumbai,Mumbai Suburban,19.117,72.857,14,Konkan_Coastal,2023-06-21,0.38,34.4,27.1,30.7,72.9,IMD_AWS_NASA_POWER_Blended
MH_KON_02,Santacruz_Mumbai,Mumbai Suburban,19.117,72.857,14,Konkan_Coastal,2023-06-22,1.49,34.4,26.9,30.7,73.0,IMD_AWS_NASA_POWER_Blended
MH_KON_02,Santacruz_Mumbai,Mumbai Suburban,19.117,72.857,14,Konkan_Coastal,2023-06-23,2.76,35.0,26.5,30.7,72.3,IMD_AWS_NASA_POWER_Blended
MH_KON_02,Santacruz_Mumbai,Mumbai Suburban,19.117,72.857,14,Konkan_Coastal,2023-06-24,55.03,30.7,26.3,28.5,84.5,IMD_AWS_NASA_POWER_Blended
MH_KON_02,Santacruz_Mumbai,Mumbai Suburban,19.117,72.857,14,Konkan_Coastal,2023-06-25,48.76,31.3,25.8,28.5,84.1,IMD_AWS_NASA_POWER_Blended
MH_KON_02,Santacruz_Mumbai,Mumbai Suburban,19.117,72.857,14,Konkan_Coastal,2023-06-26,60.95,29.6,25.4,27.5,85.0,IMD_AWS_NASA_POWER_Blended
MH_KON_02,Santacruz_Mumbai,Mumbai Suburban,19.117,72.857,14,Konkan_Coastal,2023-06-27,64.05,28.0,24.7,26.3,87.7,IMD_AWS_NASA_POWER_Blended
MH_KON_02,Santacruz_Mumbai,Mumbai Suburban,19.117,72.857,14,Konkan_Coastal,2023-06-28,55.61,29.6,25.1,27.4,87.8,IMD_AWS_NASA_POWER_Blended
MH_KON_02,Santacruz_Mumbai,Mumbai Suburban,19.117,72.857,14,Konkan_Coastal,2023-06-29,20.18,29.0,25.4,27.2,85.0,IMD_AWS_NASA_POWER_Blended
MH_KON_02,Santacruz_Mumbai,Mumbai Suburban,19.117,72.857,14,Konkan_Coastal,2023-06-30,98.85,28.5,25.2,26.8,90.9,IMD_AWS_NASA_POWER_Blended
MH_KON_02,Santacruz_Mumbai,Mumbai Suburban,19.117,72.857,14,Konkan_Coastal,2023-07-01,37.16,28.8,25.6,27.2,90.0,IMD_AWS_NASA_POWER_Blended
MH_KON_02,Santacruz_Mumbai,Mumbai Suburban,19.117,72.857,14,Konkan_Coastal,2023-07-02,26.88,29.6,26.1,27.9,88.7,IMD_AWS_NASA_POWER_Blended
MH_KON_02,Santacruz_Mumbai,Mumbai Suburban,19.117,72.857,14,Konkan_Coastal,2023-07-03,40.78,29.5,26.1,27.8,89.9,IMD_AWS_NASA_POWER_Blended
MH_KON_02,Santacruz_Mumbai,Mumbai Suburban,19.117,72.857,14,Konkan_Coastal,2023-07-04,33.35,29.2,26.0,27.6,91.9,IMD_AWS_NASA_POWER_Blended
MH_KON_02,Santacruz_Mumbai,Mumbai Suburban,19.117,72.857,14,Konkan_Coastal,2023-07-05,18.17,29.8,25.5,27.6,90.2,IMD_AWS_NASA_POWER_Blended
MH_KON_02,Santacruz_Mumbai,Mumbai Suburban,19.117,72.857,14,Konkan_Coastal,2023-07-06,41.31,28.2,25.0,26.6,91.4,IMD_AWS_NASA_POWER_Blended
MH_KON_02,Santacruz_Mumbai,Mumbai Suburban,19.117,72.857,14,Konkan_Coastal,2023-07-07,58.42,28.4,26.2,27.3,93.4,IMD_AWS_NASA_POWER_Blended
MH_KON_02,Santacruz_Mumbai,Mumbai Suburban,19.117,72.857,14,Konkan_Coastal,2023-07-08,24.86,28.9,25.8,27.4,89.7,IMD_AWS_NASA_POWER_Blended
MH_KON_02,Santacruz_Mumbai,Mumbai Suburban,19.117,72.857,14,Konkan_Coastal,2023-07-09,13.56,28.9,25.4,27.2,89.4,IMD_AWS_NASA_POWER_Blended
MH_KON_02,Santacruz_Mumbai,Mumbai Suburban,19.117,72.857,14,Konkan_Coastal,2023-07-10,6.49,29.1,25.4,27.2,88.9,IMD_AWS_NASA_POWER_Blended
MH_KON_02,Santacruz_Mumbai,Mumbai Suburban,19.117,72.857,14,Konkan_Coastal,2023-07-11,5.06,29.2,24.8,27.0,89.0,IMD_AWS_NASA_POWER_Blended
MH_KON_02,Santacruz_Mumbai,Mumbai Suburban,19.117,72.857,14,Konkan_Coastal,2023-07-12,8.38,29.2,25.4,27.3,89.6,IMD_AWS_NASA_POWER_Blended
MH_KON_02,Santacruz_Mumbai,Mumbai Suburban,19.117,72.857,14,Konkan_Coastal,2023-07-13,23.03,29.4,25.1,27.2,89.1,IMD_AWS_NASA_POWER_Blended
MH_KON_02,Santacruz_Mumbai,Mumbai Suburban,19.117,72.857,14,Konkan_Coastal,2023-07-14,30.68,29.0,25.6,27.3,90.3,IMD_AWS_NASA_POWER_Blended
MH_KON_02,Santacruz_Mumbai,Mumbai Suburban,19.117,72.857,14,Konkan_Coastal,2023-07-15,14.66,29.2,25.4,27.3,89.8,IMD_AWS_NASA_POWER_Blended
MH_KON_02,Santacruz_Mumbai,Mumbai Suburban,19.117,72.857,14,Konkan_Coastal,2023-07-16,25.31,29.0,25.6,27.3,91.6,IMD_AWS_NASA_POWER_Blended
MH_KON_02,Santacruz_Mumbai,Mumbai Suburban,19.117,72.857,14,Konkan_Coastal,2023-07-17,52.73,28.9,25.5,27.2,90.1,IMD_AWS_NASA_POWER_Blended
MH_KON_02,Santacruz_Mumbai,Mumbai Suburban,19.117,72.857,14,Konkan_Coastal,2023-07-18,129.54,28.3,25.8,27.0,92.5,IMD_AWS_NASA_POWER_Blended
MH_KON_02,Santacruz_Mumbai,Mumbai Suburban,19.117,72.857,14,Konkan_Coastal,2023-07-19,136.7,27.7,25.5,26.6,92.7,IMD_AWS_NASA_POWER_Blended
MH_KON_02,Santacruz_Mumbai,Mumbai Suburban,19.117,72.857,14,Konkan_Coastal,2023-07-20,63.91,27.8,25.0,26.4,93.0,IMD_AWS_NASA_POWER_Blended
MH_KON_02,Santacruz_Mumbai,Mumbai Suburban,19.117,72.857,14,Konkan_Coastal,2023-07-21,78.36,27.6,24.5,26.0,93.0,IMD_AWS_NASA_POWER_Blended
MH_KON_02,Santacruz_Mumbai,Mumbai Suburban,19.117,72.857,14,Konkan_Coastal,2023-07-22,60.22,26.9,25.0,26.0,94.0,IMD_AWS_NASA_POWER_Blended
MH_KON_02,Santacruz_Mumbai,Mumbai Suburban,19.117,72.857,14,Konkan_Coastal,2023-07-23,48.71,28.2,25.1,26.6,92.8,IMD_AWS_NASA_POWER_Blended
MH_KON_02,Santacruz_Mumbai,Mumbai Suburban,19.117,72.857,14,Konkan_Coastal,2023-07-24,61.74,28.3,25.4,26.9,92.2,IMD_AWS_NASA_POWER_Blended
MH_KON_02,Santacruz_Mumbai,Mumbai Suburban,19.117,72.857,14,Konkan_Coastal,2023-07-25,60.93,27.1,25.3,26.2,93.8,IMD_AWS_NASA_POWER_Blended
MH_KON_02,Santacruz_Mumbai,Mumbai Suburban,19.117,72.857,14,Konkan_Coastal,2023-07-26,112.09,27.4,25.2,26.3,93.5,IMD_AWS_NASA_POWER_Blended
MH_KON_02,Santacruz_Mumbai,Mumbai Suburban,19.117,72.857,14,Konkan_Coastal,2023-07-27,80.52,27.3,25.3,26.3,93.2,IMD_AWS_NASA_POWER_Blended
MH_KON_02,Santacruz_Mumbai,Mumbai Suburban,19.117,72.857,14,Konkan_Coastal,2023-07-28,52.54,28.0,25.1,26.6,92.0,IMD_AWS_NASA_POWER_Blended
MH_KON_02,Santacruz_Mumbai,Mumbai Suburban,19.117,72.857,14,Konkan_Coastal,2023-07-29,25.27,28.2,24.8,26.5,90.8,IMD_AWS_NASA_POWER_Blended
MH_KON_02,Santacruz_Mumbai,Mumbai Suburban,19.117,72.857,14,Konkan_Coastal,2023-07-30,18.35,28.1,25.0,26.6,91.7,IMD_AWS_NASA_POWER_Blended
MH_KON_02,Santacruz_Mumbai,Mumbai Suburban,19.117,72.857,14,Konkan_Coastal,2023-07-31,15.75,28.5,25.2,26.8,91.6,IMD_AWS_NASA_POWER_Blended
MH_KON_02,Santacruz_Mumbai,Mumbai Suburban,19.117,72.857,14,Konkan_Coastal,2023-08-01,16.14,28.1,25.2,26.7,91.6,IMD_AWS_NASA_POWER_Blended
MH_KON_02,Santacruz_Mumbai,Mumbai Suburban,19.117,72.857,14,Konkan_Coastal,2023-08-02,7.61,27.8,25.0,26.4,91.7,IMD_AWS_NASA_POWER_Blended
MH_KON_02,Santacruz_Mumbai,Mumbai Suburban,19.117,72.857,14,Konkan_Coastal,2023-08-03,5.84,27.8,24.6,26.2,90.5,IMD_AWS_NASA_POWER_Blended
MH_KON_02,Santacruz_Mumbai,Mumbai Suburban,19.117,72.857,14,Konkan_Coastal,2023-08-04,13.43,28.4,25.0,26.7,90.2,IMD_AWS_NASA_POWER_Blended
MH_KON_02,Santacruz_Mumbai,Mumbai Suburban,19.117,72.857,14,Konkan_Coastal,2023-08-05,8.19,28.2,24.6,26.4,90.2,IMD_AWS_NASA_POWER_Blended
MH_KON_02,Santacruz_Mumbai,Mumbai Suburban,19.117,72.857,14,Konkan_Coastal,2023-08-06,5.59,28.3,24.4,26.4,89.9,IMD_AWS_NASA_POWER_Blended
MH_KON_02,Santacruz_Mumbai,Mumbai Suburban,19.117,72.857,14,Konkan_Coastal,2023-08-07,3.39,27.8,24.6,26.2,89.6,IMD_AWS_NASA_POWER_Blended
MH_KON_02,Santacruz_Mumbai,Mumbai Suburban,19.117,72.857,14,Konkan_Coastal,2023-08-08,4.73,28.6,24.8,26.7,89.1,IMD_AWS_NASA_POWER_Blended
MH_KON_02,Santacruz_Mumbai,Mumbai Suburban,19.117,72.857,14,Konkan_Coastal,2023-08-09,5.86,28.2,24.6,26.4,90.4,IMD_AWS_NASA_POWER_Blended
MH_KON_02,Santacruz_Mumbai,Mumbai Suburban,19.117,72.857,14,Konkan_Coastal,2023-08-10,9.57,27.9,24.4,26.2,90.1,IMD_AWS_NASA_POWER_Blended
MH_KON_02,Santacruz_Mumbai,Mumbai Suburban,19.117,72.857,14,Konkan_Coastal,2023-08-11,4.05,29.1,24.1,26.6,87.9,IMD_AWS_NASA_POWER_Blended
MH_KON_02,Santacruz_Mumbai,Mumbai Suburban,19.117,72.857,14,Konkan_Coastal,2023-08-12,4.83,28.8,24.0,26.4,87.7,IMD_AWS_NASA_POWER_Blended
MH_KON_02,Santacruz_Mumbai,Mumbai Suburban,19.117,72.857,14,Konkan_Coastal,2023-08-13,5.99,27.9,24.4,26.1,89.2,IMD_AWS_NASA_POWER_Blended
MH_KON_02,Santacruz_Mumbai,Mumbai Suburban,19.117,72.857,14,Konkan_Coastal,2023-08-14,2.91,28.5,24.3,26.4,88.4,IMD_AWS_NASA_POWER_Blended
MH_KON_02,Santacruz_Mumbai,Mumbai Suburban,19.117,72.857,14,Konkan_Coastal,2023-08-15,2.44,28.9,24.1,26.5,87.3,IMD_AWS_NASA_POWER_Blended
MH_KON_02,Santacruz_Mumbai,Mumbai Suburban,19.117,72.857,14,Konkan_Coastal,2023-08-16,3.93,29.1,24.1,26.6,87.7,IMD_AWS_NASA_POWER_Blended
MH_KON_02,Santacruz_Mumbai,Mumbai Suburban,19.117,72.857,14,Konkan_Coastal,2023-08-17,2.77,29.4,23.8,26.6,87.8,IMD_AWS_NASA_POWER_Blended
MH_KON_02,Santacruz_Mumbai,Mumbai Suburban,19.117,72.857,14,Konkan_Coastal,2023-08-18,2.64,28.6,24.3,26.4,88.3,IMD_AWS_NASA_POWER_Blended
MH_KON_02,Santacruz_Mumbai,Mumbai Suburban,19.117,72.857,14,Konkan_Coastal,2023-08-19,6.83,29.4,24.4,26.9,88.1,IMD_AWS_NASA_POWER_Blended
MH_KON_02,Santacruz_Mumbai,Mumbai Suburban,19.117,72.857,14,Konkan_Coastal,2023-08-20,8.01,28.9,24.3,26.6,88.6,IMD_AWS_NASA_POWER_Blended
MH_KON_02,Santacruz_Mumbai,Mumbai Suburban,19.117,72.857,14,Konkan_Coastal,2023-08-21,4.27,29.1,23.7,26.4,87.6,IMD_AWS_NASA_POWER_Blended
MH_KON_02,Santacruz_Mumbai,Mumbai Suburban,19.117,72.857,14,Konkan_Coastal,2023-08-22,9.25,29.1,23.9,26.5,88.7,IMD_AWS_NASA_POWER_Blended
MH_KON_02,Santacruz_Mumbai,Mumbai Suburban,19.117,72.857,14,Konkan_Coastal,2023-08-23,6.84,28.8,24.1,26.5,89.6,IMD_AWS_NASA_POWER_Blended
MH_KON_02,Santacruz_Mumbai,Mumbai Suburban,19.117,72.857,14,Konkan_Coastal,2023-08-24,12.16,29.2,24.6,26.9,89.7,IMD_AWS_NASA_POWER_Blended
MH_KON_02,Santacruz_Mumbai,Mumbai Suburban,19.117,72.857,14,Konkan_Coastal,2023-08-25,17.75,29.6,25.0,27.3,89.6,IMD_AWS_NASA_POWER_Blended
MH_KON_02,Santacruz_Mumbai,Mumbai Suburban,19.117,72.857,14,Konkan_Coastal,2023-08-26,19.21,29.2,25.1,27.2,89.1,IMD_AWS_NASA_POWER_Blended
MH_KON_02,Santacruz_Mumbai,Mumbai Suburban,19.117,72.857,14,Konkan_Coastal,2023-08-27,18.6,29.8,24.9,27.3,88.5,IMD_AWS_NASA_POWER_Blended
MH_KON_02,Santacruz_Mumbai,Mumbai Suburban,19.117,72.857,14,Konkan_Coastal,2023-08-28,10.12,29.0,24.2,26.6,90.3,IMD_AWS_NASA_POWER_Blended
MH_KON_02,Santacruz_Mumbai,Mumbai Suburban,19.117,72.857,14,Konkan_Coastal,2023-08-29,1.43,29.8,23.7,26.7,87.3,IMD_AWS_NASA_POWER_Blended
MH_KON_02,Santacruz_Mumbai,Mumbai Suburban,19.117,72.857,14,Konkan_Coastal,2023-08-30,0.25,30.1,23.9,27.0,85.3,IMD_AWS_NASA_POWER_Blended
MH_KON_02,Santacruz_Mumbai,Mumbai Suburban,19.117,72.857,14,Konkan_Coastal,2023-08-31,0.28,30.8,23.4,27.1,86.4,IMD_AWS_NASA_POWER_Blended
MH_KON_02,Santacruz_Mumbai,Mumbai Suburban,19.117,72.857,14,Konkan_Coastal,2023-09-01,10.61,31.1,24.0,27.6,87.1,IMD_AWS_NASA_POWER_Blended
MH_KON_02,Santacruz_Mumbai,Mumbai Suburban,19.117,72.857,14,Konkan_Coastal,2023-09-02,23.17,28.1,24.3,26.2,90.5,IMD_AWS_NASA_POWER_Blended
MH_KON_02,Santacruz_Mumbai,Mumbai Suburban,19.117,72.857,14,Konkan_Coastal,2023-09-03,3.75,29.5,23.8,26.6,87.7,IMD_AWS_NASA_POWER_Blended
MH_KON_02,Santacruz_Mumbai,Mumbai Suburban,19.117,72.857,14,Konkan_Coastal,2023-09-04,1.19,29.4,23.9,26.7,87.5,IMD_AWS_NASA_POWER_Blended
MH_KON_02,Santacruz_Mumbai,Mumbai Suburban,19.117,72.857,14,Konkan_Coastal,2023-09-05,0.67,29.8,23.6,26.7,86.3,IMD_AWS_NASA_POWER_Blended
MH_KON_02,Santacruz_Mumbai,Mumbai Suburban,19.117,72.857,14,Konkan_Coastal,2023-09-06,3.23,29.3,23.5,26.4,88.9,IMD_AWS_NASA_POWER_Blended
MH_KON_02,Santacruz_Mumbai,Mumbai Suburban,19.117,72.857,14,Konkan_Coastal,2023-09-07,69.38,26.7,25.1,25.9,92.7,IMD_AWS_NASA_POWER_Blended
MH_KON_02,Santacruz_Mumbai,Mumbai Suburban,19.117,72.857,14,Konkan_Coastal,2023-09-08,66.91,27.3,25.3,26.3,92.9,IMD_AWS_NASA_POWER_Blended
MH_KON_02,Santacruz_Mumbai,Mumbai Suburban,19.117,72.857,14,Konkan_Coastal,2023-09-09,14.62,28.6,25.4,27.0,91.5,IMD_AWS_NASA_POWER_Blended
MH_KON_02,Santacruz_Mumbai,Mumbai Suburban,19.117,72.857,14,Konkan_Coastal,2023-09-10,5.8,29.4,25.5,27.5,90.7,IMD_AWS_NASA_POWER_Blended
MH_KON_02,Santacruz_Mumbai,Mumbai Suburban,19.117,72.857,14,Konkan_Coastal,2023-09-11,3.58,29.8,25.0,27.4,89.7,IMD_AWS_NASA_POWER_Blended
MH_KON_02,Santacruz_Mumbai,Mumbai Suburban,19.117,72.857,14,Konkan_Coastal,2023-09-12,1.38,29.6,24.1,26.9,88.4,IMD_AWS_NASA_POWER_Blended
MH_KON_02,Santacruz_Mumbai,Mumbai Suburban,19.117,72.857,14,Konkan_Coastal,2023-09-13,4.79,29.2,24.1,26.6,88.6,IMD_AWS_NASA_POWER_Blended
MH_KON_02,Santacruz_Mumbai,Mumbai Suburban,19.117,72.857,14,Konkan_Coastal,2023-09-14,6.99,29.4,24.0,26.7,87.4,IMD_AWS_NASA_POWER_Blended
MH_KON_02,Santacruz_Mumbai,Mumbai Suburban,19.117,72.857,14,Konkan_Coastal,2023-09-15,2.06,29.4,24.4,26.9,88.5,IMD_AWS_NASA_POWER_Blended
MH_KON_02,Santacruz_Mumbai,Mumbai Suburban,19.117,72.857,14,Konkan_Coastal,2023-09-16,7.68,28.6,25.4,27.0,91.1,IMD_AWS_NASA_POWER_Blended
MH_KON_02,Santacruz_Mumbai,Mumbai Suburban,19.117,72.857,14,Konkan_Coastal,2023-09-17,9.28,29.6,25.5,27.5,89.4,IMD_AWS_NASA_POWER_Blended
MH_KON_02,Santacruz_Mumbai,Mumbai Suburban,19.117,72.857,14,Konkan_Coastal,2023-09-18,16.68,29.8,25.4,27.6,89.1,IMD_AWS_NASA_POWER_Blended
MH_KON_02,Santacruz_Mumbai,Mumbai Suburban,19.117,72.857,14,Konkan_Coastal,2023-09-19,12.85,29.7,25.4,27.6,88.7,IMD_AWS_NASA_POWER_Blended
MH_KON_02,Santacruz_Mumbai,Mumbai Suburban,19.117,72.857,14,Konkan_Coastal,2023-09-20,18.3,29.8,25.4,27.6,90.8,IMD_AWS_NASA_POWER_Blended
MH_KON_02,Santacruz_Mumbai,Mumbai Suburban,19.117,72.857,14,Konkan_Coastal,2023-09-21,31.49,29.3,25.5,27.4,92.2,IMD_AWS_NASA_POWER_Blended
MH_KON_02,Santacruz_Mumbai,Mumbai Suburban,19.117,72.857,14,Konkan_Coastal,2023-09-22,17.51,29.1,24.9,27.0,91.1,IMD_AWS_NASA_POWER_Blended
MH_KON_02,Santacruz_Mumbai,Mumbai Suburban,19.117,72.857,14,Konkan_Coastal,2023-09-23,32.05,28.0,24.9,26.4,93.2,IMD_AWS_NASA_POWER_Blended
MH_KON_02,Santacruz_Mumbai,Mumbai Suburban,19.117,72.857,14,Konkan_Coastal,2023-09-24,13.16,28.4,24.3,26.4,91.3,IMD_AWS_NASA_POWER_Blended
MH_KON_02,Santacruz_Mumbai,Mumbai Suburban,19.117,72.857,14,Konkan_Coastal,2023-09-25,14.84,28.9,24.0,26.5,91.7,IMD_AWS_NASA_POWER_Blended
MH_KON_02,Santacruz_Mumbai,Mumbai Suburban,19.117,72.857,14,Konkan_Coastal,2023-09-26,19.45,28.3,24.5,26.4,91.7,IMD_AWS_NASA_POWER_Blended
MH_KON_02,Santacruz_Mumbai,Mumbai Suburban,19.117,72.857,14,Konkan_Coastal,2023-09-27,20.73,29.3,24.9,27.1,91.9,IMD_AWS_NASA_POWER_Blended
MH_KON_02,Santacruz_Mumbai,Mumbai Suburban,19.117,72.857,14,Konkan_Coastal,2023-09-28,17.43,30.1,24.9,27.5,90.5,IMD_AWS_NASA_POWER_Blended
MH_KON_02,Santacruz_Mumbai,Mumbai Suburban,19.117,72.857,14,Konkan_Coastal,2023-09-29,16.05,31.3,25.1,28.2,87.0,IMD_AWS_NASA_POWER_Blended
MH_KON_02,Santacruz_Mumbai,Mumbai Suburban,19.117,72.857,14,Konkan_Coastal,2023-09-30,18.01,30.4,24.7,27.5,90.2,IMD_AWS_NASA_POWER_Blended
MH_KON_02,Santacruz_Mumbai,Mumbai Suburban,19.117,72.857,14,Konkan_Coastal,2023-10-01,13.51,29.0,25.1,27.1,92.6,IMD_AWS_NASA_POWER_Blended
MH_KON_02,Santacruz_Mumbai,Mumbai Suburban,19.117,72.857,14,Konkan_Coastal,2023-10-02,10.45,29.2,24.3,26.8,88.9,IMD_AWS_NASA_POWER_Blended
MH_KON_02,Santacruz_Mumbai,Mumbai Suburban,19.117,72.857,14,Konkan_Coastal,2023-10-03,0.01,29.6,23.8,26.7,85.8,IMD_AWS_NASA_POWER_Blended
MH_KON_02,Santacruz_Mumbai,Mumbai Suburban,19.117,72.857,14,Konkan_Coastal,2023-10-04,0.0,30.3,23.6,26.9,86.6,IMD_AWS_NASA_POWER_Blended
MH_KON_02,Santacruz_Mumbai,Mumbai Suburban,19.117,72.857,14,Konkan_Coastal,2023-10-05,0.01,30.1,22.3,26.2,87.0,IMD_AWS_NASA_POWER_Blended
MH_KON_02,Santacruz_Mumbai,Mumbai Suburban,19.117,72.857,14,Konkan_Coastal,2023-10-06,0.04,30.4,23.0,26.7,85.8,IMD_AWS_NASA_POWER_Blended
MH_KON_02,Santacruz_Mumbai,Mumbai Suburban,19.117,72.857,14,Konkan_Coastal,2023-10-07,0.0,31.1,22.9,27.0,86.2,IMD_AWS_NASA_POWER_Blended
MH_KON_02,Santacruz_Mumbai,Mumbai Suburban,19.117,72.857,14,Konkan_Coastal,2023-10-08,0.0,32.4,22.8,27.6,83.1,IMD_AWS_NASA_POWER_Blended
MH_KON_02,Santacruz_Mumbai,Mumbai Suburban,19.117,72.857,14,Konkan_Coastal,2023-10-09,0.0,31.6,23.0,27.3,82.8,IMD_AWS_NASA_POWER_Blended
MH_KON_02,Santacruz_Mumbai,Mumbai Suburban,19.117,72.857,14,Konkan_Coastal,2023-10-10,0.0,31.1,21.9,26.5,83.4,IMD_AWS_NASA_POWER_Blended
MH_KON_02,Santacruz_Mumbai,Mumbai Suburban,19.117,72.857,14,Konkan_Coastal,2023-10-11,0.0,31.6,21.6,26.6,81.6,IMD_AWS_NASA_POWER_Blended
MH_KON_02,Santacruz_Mumbai,Mumbai Suburban,19.117,72.857,14,Konkan_Coastal,2023-10-12,0.0,33.3,22.8,28.0,77.7,IMD_AWS_NASA_POWER_Blended
MH_KON_02,Santacruz_Mumbai,Mumbai Suburban,19.117,72.857,14,Konkan_Coastal,2023-10-13,0.05,33.6,22.7,28.1,76.4,IMD_AWS_NASA_POWER_Blended
MH_KON_02,Santacruz_Mumbai,Mumbai Suburban,19.117,72.857,14,Konkan_Coastal,2023-10-14,0.08,33.3,22.7,28.0,72.3,IMD_AWS_NASA_POWER_Blended
MH_KON_02,Santacruz_Mumbai,Mumbai Suburban,19.117,72.857,14,Konkan_Coastal,2023-10-15,0.21,33.0,22.8,27.9,77.2,IMD_AWS_NASA_POWER_Blended
MH_KON_02,Santacruz_Mumbai,Mumbai Suburban,19.117,72.857,14,Konkan_Coastal,2023-10-16,0.4,32.7,23.4,28.1,76.6,IMD_AWS_NASA_POWER_Blended
MH_KON_02,Santacruz_Mumbai,Mumbai Suburban,19.117,72.857,14,Konkan_Coastal,2023-10-17,0.45,33.0,23.0,28.0,75.5,IMD_AWS_NASA_POWER_Blended
MH_KON_02,Santacruz_Mumbai,Mumbai Suburban,19.117,72.857,14,Konkan_Coastal,2023-10-18,0.04,32.6,22.5,27.5,77.3,IMD_AWS_NASA_POWER_Blended
MH_KON_02,Santacruz_Mumbai,Mumbai Suburban,19.117,72.857,14,Konkan_Coastal,2023-10-19,0.01,33.0,22.0,27.5,75.4,IMD_AWS_NASA_POWER_Blended
MH_KON_02,Santacruz_Mumbai,Mumbai Suburban,19.117,72.857,14,Konkan_Coastal,2023-10-20,0.02,32.6,23.0,27.8,74.3,IMD_AWS_NASA_POWER_Blended
MH_KON_02,Santacruz_Mumbai,Mumbai Suburban,19.117,72.857,14,Konkan_Coastal,2023-10-21,0.01,32.2,22.9,27.6,76.1,IMD_AWS_NASA_POWER_Blended
MH_KON_02,Santacruz_Mumbai,Mumbai Suburban,19.117,72.857,14,Konkan_Coastal,2023-10-22,0.05,32.2,23.3,27.8,77.2,IMD_AWS_NASA_POWER_Blended
MH_KON_02,Santacruz_Mumbai,Mumbai Suburban,19.117,72.857,14,Konkan_Coastal,2023-10-23,0.0,32.8,22.0,27.4,73.6,IMD_AWS_NASA_POWER_Blended
MH_KON_02,Santacruz_Mumbai,Mumbai Suburban,19.117,72.857,14,Konkan_Coastal,2023-10-24,0.0,32.4,22.3,27.3,73.6,IMD_AWS_NASA_POWER_Blended
MH_KON_02,Santacruz_Mumbai,Mumbai Suburban,19.117,72.857,14,Konkan_Coastal,2023-10-25,0.0,32.3,20.9,26.6,71.2,IMD_AWS_NASA_POWER_Blended
MH_KON_02,Santacruz_Mumbai,Mumbai Suburban,19.117,72.857,14,Konkan_Coastal,2023-10-26,0.0,31.9,19.8,25.8,65.7,IMD_AWS_NASA_POWER_Blended
MH_KON_02,Santacruz_Mumbai,Mumbai Suburban,19.117,72.857,14,Konkan_Coastal,2023-10-27,0.0,31.8,18.7,25.3,64.9,IMD_AWS_NASA_POWER_Blended
MH_KON_02,Santacruz_Mumbai,Mumbai Suburban,19.117,72.857,14,Konkan_Coastal,2023-10-28,0.0,32.3,18.8,25.5,64.7,IMD_AWS_NASA_POWER_Blended
MH_KON_02,Santacruz_Mumbai,Mumbai Suburban,19.117,72.857,14,Konkan_Coastal,2023-10-29,0.0,32.7,18.6,25.7,63.9,IMD_AWS_NASA_POWER_Blended
MH_KON_02,Santacruz_Mumbai,Mumbai Suburban,19.117,72.857,14,Konkan_Coastal,2023-10-30,0.0,32.3,19.1,25.7,65.2,IMD_AWS_NASA_POWER_Blended
MH_KON_02,Santacruz_Mumbai,Mumbai Suburban,19.117,72.857,14,Konkan_Coastal,2023-10-31,0.0,31.7,18.6,25.1,67.0,IMD_AWS_NASA_POWER_Blended
MH_KON_03,Ratnagiri,Ratnagiri,16.994,73.3,35,Konkan_Coastal,2023-06-01,2.55,31.6,29.2,30.4,77.2,IMD_AWS_NASA_POWER_Blended
MH_KON_03,Ratnagiri,Ratnagiri,16.994,73.3,35,Konkan_Coastal,2023-06-02,0.37,31.8,28.6,30.2,74.6,IMD_AWS_NASA_POWER_Blended
MH_KON_03,Ratnagiri,Ratnagiri,16.994,73.3,35,Konkan_Coastal,2023-06-03,1.02,31.6,28.4,30.0,76.1,IMD_AWS_NASA_POWER_Blended
MH_KON_03,Ratnagiri,Ratnagiri,16.994,73.3,35,Konkan_Coastal,2023-06-04,2.29,31.2,29.0,30.1,77.8,IMD_AWS_NASA_POWER_Blended
MH_KON_03,Ratnagiri,Ratnagiri,16.994,73.3,35,Konkan_Coastal,2023-06-05,0.86,30.8,28.7,29.7,78.9,IMD_AWS_NASA_POWER_Blended
MH_KON_03,Ratnagiri,Ratnagiri,16.994,73.3,35,Konkan_Coastal,2023-06-06,0.11,31.6,28.5,30.0,76.8,IMD_AWS_NASA_POWER_Blended
MH_KON_03,Ratnagiri,Ratnagiri,16.994,73.3,35,Konkan_Coastal,2023-06-07,0.18,31.9,29.1,30.5,74.1,IMD_AWS_NASA_POWER_Blended
MH_KON_03,Ratnagiri,Ratnagiri,16.994,73.3,35,Konkan_Coastal,2023-06-08,0.66,32.0,29.5,30.7,75.8,IMD_AWS_NASA_POWER_Blended
MH_KON_03,Ratnagiri,Ratnagiri,16.994,73.3,35,Konkan_Coastal,2023-06-09,1.12,31.5,29.6,30.5,77.3,IMD_AWS_NASA_POWER_Blended
MH_KON_03,Ratnagiri,Ratnagiri,16.994,73.3,35,Konkan_Coastal,2023-06-10,6.43,31.4,29.8,30.6,76.8,IMD_AWS_NASA_POWER_Blended
MH_KON_03,Ratnagiri,Ratnagiri,16.994,73.3,35,Konkan_Coastal,2023-06-11,4.73,31.4,29.6,30.5,74.5,IMD_AWS_NASA_POWER_Blended
MH_KON_03,Ratnagiri,Ratnagiri,16.994,73.3,35,Konkan_Coastal,2023-06-12,5.66,31.8,29.5,30.7,73.6,IMD_AWS_NASA_POWER_Blended
MH_KON_03,Ratnagiri,Ratnagiri,16.994,73.3,35,Konkan_Coastal,2023-06-13,2.53,31.4,29.5,30.4,75.6,IMD_AWS_NASA_POWER_Blended
MH_KON_03,Ratnagiri,Ratnagiri,16.994,73.3,35,Konkan_Coastal,2023-06-14,8.65,31.2,29.3,30.3,77.2,IMD_AWS_NASA_POWER_Blended
MH_KON_03,Ratnagiri,Ratnagiri,16.994,73.3,35,Konkan_Coastal,2023-06-15,3.12,31.2,29.4,30.3,77.3,IMD_AWS_NASA_POWER_Blended
MH_KON_03,Ratnagiri,Ratnagiri,16.994,73.3,35,Konkan_Coastal,2023-06-16,3.0,31.1,29.2,30.1,79.4,IMD_AWS_NASA_POWER_Blended
MH_KON_03,Ratnagiri,Ratnagiri,16.994,73.3,35,Konkan_Coastal,2023-06-17,2.2,30.5,28.6,29.5,81.3,IMD_AWS_NASA_POWER_Blended
MH_KON_03,Ratnagiri,Ratnagiri,16.994,73.3,35,Konkan_Coastal,2023-06-18,2.95,30.1,28.2,29.1,83.9,IMD_AWS_NASA_POWER_Blended
MH_KON_03,Ratnagiri,Ratnagiri,16.994,73.3,35,Konkan_Coastal,2023-06-19,1.34,30.1,28.2,29.1,83.6,IMD_AWS_NASA_POWER_Blended
MH_KON_03,Ratnagiri,Ratnagiri,16.994,73.3,35,Konkan_Coastal,2023-06-20,1.29,30.3,28.2,29.2,82.9,IMD_AWS_NASA_POWER_Blended
MH_KON_03,Ratnagiri,Ratnagiri,16.994,73.3,35,Konkan_Coastal,2023-06-21,5.76,30.5,28.3,29.4,83.8,IMD_AWS_NASA_POWER_Blended
MH_KON_03,Ratnagiri,Ratnagiri,16.994,73.3,35,Konkan_Coastal,2023-06-22,11.13,29.8,28.5,29.2,83.9,IMD_AWS_NASA_POWER_Blended
MH_KON_03,Ratnagiri,Ratnagiri,16.994,73.3,35,Konkan_Coastal,2023-06-23,6.45,30.1,28.1,29.1,83.0,IMD_AWS_NASA_POWER_Blended
MH_KON_03,Ratnagiri,Ratnagiri,16.994,73.3,35,Konkan_Coastal,2023-06-24,24.24,29.5,28.1,28.8,85.6,IMD_AWS_NASA_POWER_Blended
MH_KON_03,Ratnagiri,Ratnagiri,16.994,73.3,35,Konkan_Coastal,2023-06-25,35.45,29.5,28.0,28.8,85.5,IMD_AWS_NASA_POWER_Blended
MH_KON_03,Ratnagiri,Ratnagiri,16.994,73.3,35,Konkan_Coastal,2023-06-26,66.53,29.2,28.0,28.6,84.2,IMD_AWS_NASA_POWER_Blended
MH_KON_03,Ratnagiri,Ratnagiri,16.994,73.3,35,Konkan_Coastal,2023-06-27,34.46,28.1,27.5,27.8,84.7,IMD_AWS_NASA_POWER_Blended
MH_KON_03,Ratnagiri,Ratnagiri,16.994,73.3,35,Konkan_Coastal,2023-06-28,18.26,29.2,27.5,28.4,82.2,IMD_AWS_NASA_POWER_Blended
MH_KON_03,Ratnagiri,Ratnagiri,16.994,73.3,35,Konkan_Coastal,2023-06-29,27.29,28.5,27.1,27.8,84.9,IMD_AWS_NASA_POWER_Blended
MH_KON_03,Ratnagiri,Ratnagiri,16.994,73.3,35,Konkan_Coastal,2023-06-30,19.8,28.7,26.9,27.8,88.0,IMD_AWS_NASA_POWER_Blended
MH_KON_03,Ratnagiri,Ratnagiri,16.994,73.3,35,Konkan_Coastal,2023-07-01,11.33,28.7,27.6,28.1,85.8,IMD_AWS_NASA_POWER_Blended
MH_KON_03,Ratnagiri,Ratnagiri,16.994,73.3,35,Konkan_Coastal,2023-07-02,15.27,29.2,28.1,28.7,85.2,IMD_AWS_NASA_POWER_Blended
MH_KON_03,Ratnagiri,Ratnagiri,16.994,73.3,35,Konkan_Coastal,2023-07-03,26.27,29.1,28.0,28.5,88.4,IMD_AWS_NASA_POWER_Blended
MH_KON_03,Ratnagiri,Ratnagiri,16.994,73.3,35,Konkan_Coastal,2023-07-04,24.45,28.6,27.5,28.1,88.2,IMD_AWS_NASA_POWER_Blended
MH_KON_03,Ratnagiri,Ratnagiri,16.994,73.3,35,Konkan_Coastal,2023-07-05,35.45,28.5,27.3,27.9,86.9,IMD_AWS_NASA_POWER_Blended
MH_KON_03,Ratnagiri,Ratnagiri,16.994,73.3,35,Konkan_Coastal,2023-07-06,49.79,28.0,27.1,27.6,87.4,IMD_AWS_NASA_POWER_Blended
MH_KON_03,Ratnagiri,Ratnagiri,16.994,73.3,35,Konkan_Coastal,2023-07-07,58.98,28.4,27.6,28.0,86.0,IMD_AWS_NASA_POWER_Blended
MH_KON_03,Ratnagiri,Ratnagiri,16.994,73.3,35,Konkan_Coastal,2023-07-08,20.19,28.6,27.5,28.0,85.0,IMD_AWS_NASA_POWER_Blended
MH_KON_03,Ratnagiri,Ratnagiri,16.994,73.3,35,Konkan_Coastal,2023-07-09,4.38,28.7,27.5,28.1,84.7,IMD_AWS_NASA_POWER_Blended
MH_KON_03,Ratnagiri,Ratnagiri,16.994,73.3,35,Konkan_Coastal,2023-07-10,4.32,28.4,27.1,27.8,85.7,IMD_AWS_NASA_POWER_Blended
MH_KON_03,Ratnagiri,Ratnagiri,16.994,73.3,35,Konkan_Coastal,2023-07-11,4.14,28.3,27.0,27.7,85.4,IMD_AWS_NASA_POWER_Blended
MH_KON_03,Ratnagiri,Ratnagiri,16.994,73.3,35,Konkan_Coastal,2023-07-12,9.81,28.5,27.3,27.9,86.7,IMD_AWS_NASA_POWER_Blended
MH_KON_03,Ratnagiri,Ratnagiri,16.994,73.3,35,Konkan_Coastal,2023-07-13,28.12,28.7,27.4,28.0,88.0,IMD_AWS_NASA_POWER_Blended
MH_KON_03,Ratnagiri,Ratnagiri,16.994,73.3,35,Konkan_Coastal,2023-07-14,45.8,28.0,27.0,27.5,88.4,IMD_AWS_NASA_POWER_Blended
MH_KON_03,Ratnagiri,Ratnagiri,16.994,73.3,35,Konkan_Coastal,2023-07-15,5.03,28.5,26.8,27.7,87.0,IMD_AWS_NASA_POWER_Blended
MH_KON_03,Ratnagiri,Ratnagiri,16.994,73.3,35,Konkan_Coastal,2023-07-16,6.3,28.6,27.3,27.9,86.7,IMD_AWS_NASA_POWER_Blended
MH_KON_03,Ratnagiri,Ratnagiri,16.994,73.3,35,Konkan_Coastal,2023-07-17,19.52,28.2,27.4,27.8,87.1,IMD_AWS_NASA_POWER_Blended
MH_KON_03,Ratnagiri,Ratnagiri,16.994,73.3,35,Konkan_Coastal,2023-07-18,48.51,28.1,27.2,27.7,88.2,IMD_AWS_NASA_POWER_Blended
MH_KON_03,Ratnagiri,Ratnagiri,16.994,73.3,35,Konkan_Coastal,2023-07-19,54.23,27.6,27.0,27.3,88.8,IMD_AWS_NASA_POWER_Blended
MH_KON_03,Ratnagiri,Ratnagiri,16.994,73.3,35,Konkan_Coastal,2023-07-20,55.18,27.7,26.6,27.1,88.7,IMD_AWS_NASA_POWER_Blended
MH_KON_03,Ratnagiri,Ratnagiri,16.994,73.3,35,Konkan_Coastal,2023-07-21,50.29,27.2,26.6,26.9,88.5,IMD_AWS_NASA_POWER_Blended
MH_KON_03,Ratnagiri,Ratnagiri,16.994,73.3,35,Konkan_Coastal,2023-07-22,33.02,27.4,26.4,26.9,88.4,IMD_AWS_NASA_POWER_Blended
MH_KON_03,Ratnagiri,Ratnagiri,16.994,73.3,35,Konkan_Coastal,2023-07-23,46.17,27.5,26.4,27.0,90.0,IMD_AWS_NASA_POWER_Blended
MH_KON_03,Ratnagiri,Ratnagiri,16.994,73.3,35,Konkan_Coastal,2023-07-24,39.08,27.5,26.7,27.1,90.8,IMD_AWS_NASA_POWER_Blended
MH_KON_03,Ratnagiri,Ratnagiri,16.994,73.3,35,Konkan_Coastal,2023-07-25,20.55,27.2,26.5,26.9,89.5,IMD_AWS_NASA_POWER_Blended
MH_KON_03,Ratnagiri,Ratnagiri,16.994,73.3,35,Konkan_Coastal,2023-07-26,58.22,27.4,26.7,27.0,91.0,IMD_AWS_NASA_POWER_Blended
MH_KON_03,Ratnagiri,Ratnagiri,16.994,73.3,35,Konkan_Coastal,2023-07-27,36.37,27.2,26.7,26.9,90.1,IMD_AWS_NASA_POWER_Blended
MH_KON_03,Ratnagiri,Ratnagiri,16.994,73.3,35,Konkan_Coastal,2023-07-28,28.11,27.6,26.7,27.2,88.5,IMD_AWS_NASA_POWER_Blended
MH_KON_03,Ratnagiri,Ratnagiri,16.994,73.3,35,Konkan_Coastal,2023-07-29,11.46,27.8,26.7,27.2,86.7,IMD_AWS_NASA_POWER_Blended
MH_KON_03,Ratnagiri,Ratnagiri,16.994,73.3,35,Konkan_Coastal,2023-07-30,9.21,27.7,26.7,27.2,87.7,IMD_AWS_NASA_POWER_Blended
MH_KON_03,Ratnagiri,Ratnagiri,16.994,73.3,35,Konkan_Coastal,2023-07-31,9.9,27.8,26.8,27.3,88.6,IMD_AWS_NASA_POWER_Blended
MH_KON_03,Ratnagiri,Ratnagiri,16.994,73.3,35,Konkan_Coastal,2023-08-01,9.15,27.7,26.8,27.2,88.0,IMD_AWS_NASA_POWER_Blended
MH_KON_03,Ratnagiri,Ratnagiri,16.994,73.3,35,Konkan_Coastal,2023-08-02,5.19,27.6,26.7,27.2,87.4,IMD_AWS_NASA_POWER_Blended
MH_KON_03,Ratnagiri,Ratnagiri,16.994,73.3,35,Konkan_Coastal,2023-08-03,5.61,27.8,26.8,27.3,86.5,IMD_AWS_NASA_POWER_Blended
MH_KON_03,Ratnagiri,Ratnagiri,16.994,73.3,35,Konkan_Coastal,2023-08-04,4.69,28.1,26.9,27.5,87.1,IMD_AWS_NASA_POWER_Blended
MH_KON_03,Ratnagiri,Ratnagiri,16.994,73.3,35,Konkan_Coastal,2023-08-05,3.41,28.0,26.8,27.4,85.6,IMD_AWS_NASA_POWER_Blended
MH_KON_03,Ratnagiri,Ratnagiri,16.994,73.3,35,Konkan_Coastal,2023-08-06,5.15,27.7,26.5,27.1,87.3,IMD_AWS_NASA_POWER_Blended
MH_KON_03,Ratnagiri,Ratnagiri,16.994,73.3,35,Konkan_Coastal,2023-08-07,2.48,28.1,26.6,27.4,85.0,IMD_AWS_NASA_POWER_Blended
MH_KON_03,Ratnagiri,Ratnagiri,16.994,73.3,35,Konkan_Coastal,2023-08-08,2.69,28.2,26.6,27.4,84.4,IMD_AWS_NASA_POWER_Blended
MH_KON_03,Ratnagiri,Ratnagiri,16.994,73.3,35,Konkan_Coastal,2023-08-09,3.06,28.1,26.5,27.3,85.9,IMD_AWS_NASA_POWER_Blended
MH_KON_03,Ratnagiri,Ratnagiri,16.994,73.3,35,Konkan_Coastal,2023-08-10,1.32,27.7,26.6,27.2,85.2,IMD_AWS_NASA_POWER_Blended
MH_KON_03,Ratnagiri,Ratnagiri,16.994,73.3,35,Konkan_Coastal,2023-08-11,0.49,28.6,27.1,27.9,80.8,IMD_AWS_NASA_POWER_Blended
MH_KON_03,Ratnagiri,Ratnagiri,16.994,73.3,35,Konkan_Coastal,2023-08-12,0.95,28.4,26.8,27.6,81.6,IMD_AWS_NASA_POWER_Blended
MH_KON_03,Ratnagiri,Ratnagiri,16.994,73.3,35,Konkan_Coastal,2023-08-13,0.93,28.1,26.8,27.4,82.5,IMD_AWS_NASA_POWER_Blended
MH_KON_03,Ratnagiri,Ratnagiri,16.994,73.3,35,Konkan_Coastal,2023-08-14,0.66,28.2,26.7,27.5,81.3,IMD_AWS_NASA_POWER_Blended
MH_KON_03,Ratnagiri,Ratnagiri,16.994,73.3,35,Konkan_Coastal,2023-08-15,1.72,27.6,26.6,27.1,82.8,IMD_AWS_NASA_POWER_Blended
MH_KON_03,Ratnagiri,Ratnagiri,16.994,73.3,35,Konkan_Coastal,2023-08-16,1.61,28.3,26.3,27.3,83.3,IMD_AWS_NASA_POWER_Blended
MH_KON_03,Ratnagiri,Ratnagiri,16.994,73.3,35,Konkan_Coastal,2023-08-17,2.01,28.2,26.9,27.5,83.5,IMD_AWS_NASA_POWER_Blended
MH_KON_03,Ratnagiri,Ratnagiri,16.994,73.3,35,Konkan_Coastal,2023-08-18,2.26,28.1,26.9,27.5,83.2,IMD_AWS_NASA_POWER_Blended
MH_KON_03,Ratnagiri,Ratnagiri,16.994,73.3,35,Konkan_Coastal,2023-08-19,3.43,28.3,27.0,27.7,85.5,IMD_AWS_NASA_POWER_Blended
MH_KON_03,Ratnagiri,Ratnagiri,16.994,73.3,35,Konkan_Coastal,2023-08-20,3.09,28.3,26.9,27.6,86.0,IMD_AWS_NASA_POWER_Blended
MH_KON_03,Ratnagiri,Ratnagiri,16.994,73.3,35,Konkan_Coastal,2023-08-21,1.36,28.1,26.3,27.2,85.8,IMD_AWS_NASA_POWER_Blended
MH_KON_03,Ratnagiri,Ratnagiri,16.994,73.3,35,Konkan_Coastal,2023-08-22,0.74,28.1,26.1,27.1,85.3,IMD_AWS_NASA_POWER_Blended
MH_KON_03,Ratnagiri,Ratnagiri,16.994,73.3,35,Konkan_Coastal,2023-08-23,0.8,28.0,26.3,27.1,84.6,IMD_AWS_NASA_POWER_Blended
MH_KON_03,Ratnagiri,Ratnagiri,16.994,73.3,35,Konkan_Coastal,2023-08-24,8.35,28.2,26.8,27.5,85.8,IMD_AWS_NASA_POWER_Blended
MH_KON_03,Ratnagiri,Ratnagiri,16.994,73.3,35,Konkan_Coastal,2023-08-25,12.72,28.0,27.0,27.5,88.5,IMD_AWS_NASA_POWER_Blended
MH_KON_03,Ratnagiri,Ratnagiri,16.994,73.3,35,Konkan_Coastal,2023-08-26,3.42,28.8,27.1,28.0,83.2,IMD_AWS_NASA_POWER_Blended
MH_KON_03,Ratnagiri,Ratnagiri,16.994,73.3,35,Konkan_Coastal,2023-08-27,2.29,29.1,27.4,28.3,79.4,IMD_AWS_NASA_POWER_Blended
MH_KON_03,Ratnagiri,Ratnagiri,16.994,73.3,35,Konkan_Coastal,2023-08-28,7.74,28.7,26.9,27.8,83.4,IMD_AWS_NASA_POWER_Blended
MH_KON_03,Ratnagiri,Ratnagiri,16.994,73.3,35,Konkan_Coastal,2023-08-29,3.52,28.4,26.4,27.4,85.1,IMD_AWS_NASA_POWER_Blended
MH_KON_03,Ratnagiri,Ratnagiri,16.994,73.3,35,Konkan_Coastal,2023-08-30,0.77,28.3,26.2,27.2,83.8,IMD_AWS_NASA_POWER_Blended
MH_KON_03,Ratnagiri,Ratnagiri,16.994,73.3,35,Konkan_Coastal,2023-08-31,0.34,28.6,26.4,27.5,82.6,IMD_AWS_NASA_POWER_Blended
MH_KON_03,Ratnagiri,Ratnagiri,16.994,73.3,35,Konkan_Coastal,2023-09-01,1.36,28.3,26.8,27.5,84.4,IMD_AWS_NASA_POWER_Blended
MH_KON_03,Ratnagiri,Ratnagiri,16.994,73.3,35,Konkan_Coastal,2023-09-02,6.08,27.9,26.6,27.3,83.9,IMD_AWS_NASA_POWER_Blended
MH_KON_03,Ratnagiri,Ratnagiri,16.994,73.3,35,Konkan_Coastal,2023-09-03,0.96,28.4,26.7,27.6,82.4,IMD_AWS_NASA_POWER_Blended
MH_KON_03,Ratnagiri,Ratnagiri,16.994,73.3,35,Konkan_Coastal,2023-09-04,0.97,27.9,26.8,27.4,83.3,IMD_AWS_NASA_POWER_Blended
MH_KON_03,Ratnagiri,Ratnagiri,16.994,73.3,35,Konkan_Coastal,2023-09-05,0.79,28.2,26.7,27.5,83.0,IMD_AWS_NASA_POWER_Blended
MH_KON_03,Ratnagiri,Ratnagiri,16.994,73.3,35,Konkan_Coastal,2023-09-06,0.32,28.3,26.6,27.5,83.8,IMD_AWS_NASA_POWER_Blended
MH_KON_03,Ratnagiri,Ratnagiri,16.994,73.3,35,Konkan_Coastal,2023-09-07,2.23,28.0,26.8,27.4,86.0,IMD_AWS_NASA_POWER_Blended
MH_KON_03,Ratnagiri,Ratnagiri,16.994,73.3,35,Konkan_Coastal,2023-09-08,8.29,28.0,27.1,27.5,88.0,IMD_AWS_NASA_POWER_Blended
MH_KON_03,Ratnagiri,Ratnagiri,16.994,73.3,35,Konkan_Coastal,2023-09-09,27.64,28.8,27.7,28.3,86.9,IMD_AWS_NASA_POWER_Blended
MH_KON_03,Ratnagiri,Ratnagiri,16.994,73.3,35,Konkan_Coastal,2023-09-10,7.73,28.7,27.5,28.1,85.4,IMD_AWS_NASA_POWER_Blended
MH_KON_03,Ratnagiri,Ratnagiri,16.994,73.3,35,Konkan_Coastal,2023-09-11,3.25,28.7,27.3,28.0,85.0,IMD_AWS_NASA_POWER_Blended
MH_KON_03,Ratnagiri,Ratnagiri,16.994,73.3,35,Konkan_Coastal,2023-09-12,3.21,28.6,27.2,27.9,84.1,IMD_AWS_NASA_POWER_Blended
MH_KON_03,Ratnagiri,Ratnagiri,16.994,73.3,35,Konkan_Coastal,2023-09-13,1.61,28.1,27.1,27.6,84.5,IMD_AWS_NASA_POWER_Blended
MH_KON_03,Ratnagiri,Ratnagiri,16.994,73.3,35,Konkan_Coastal,2023-09-14,1.35,28.6,27.1,27.8,82.6,IMD_AWS_NASA_POWER_Blended
MH_KON_03,Ratnagiri,Ratnagiri,16.994,73.3,35,Konkan_Coastal,2023-09-15,1.17,28.6,27.1,27.8,83.5,IMD_AWS_NASA_POWER_Blended
MH_KON_03,Ratnagiri,Ratnagiri,16.994,73.3,35,Konkan_Coastal,2023-09-16,3.12,29.1,27.7,28.4,84.7,IMD_AWS_NASA_POWER_Blended
MH_KON_03,Ratnagiri,Ratnagiri,16.994,73.3,35,Konkan_Coastal,2023-09-17,3.08,29.2,27.8,28.5,83.0,IMD_AWS_NASA_POWER_Blended
MH_KON_03,Ratnagiri,Ratnagiri,16.994,73.3,35,Konkan_Coastal,2023-09-18,5.35,29.4,27.8,28.6,82.6,IMD_AWS_NASA_POWER_Blended
MH_KON_03,Ratnagiri,Ratnagiri,16.994,73.3,35,Konkan_Coastal,2023-09-19,7.24,28.9,27.8,28.3,84.0,IMD_AWS_NASA_POWER_Blended
MH_KON_03,Ratnagiri,Ratnagiri,16.994,73.3,35,Konkan_Coastal,2023-09-20,6.52,28.6,27.3,28.0,86.0,IMD_AWS_NASA_POWER_Blended
MH_KON_03,Ratnagiri,Ratnagiri,16.994,73.3,35,Konkan_Coastal,2023-09-21,13.4,28.8,27.5,28.1,85.8,IMD_AWS_NASA_POWER_Blended
MH_KON_03,Ratnagiri,Ratnagiri,16.994,73.3,35,Konkan_Coastal,2023-09-22,7.66,28.1,26.9,27.5,85.1,IMD_AWS_NASA_POWER_Blended
MH_KON_03,Ratnagiri,Ratnagiri,16.994,73.3,35,Konkan_Coastal,2023-09-23,6.43,28.1,26.7,27.4,84.6,IMD_AWS_NASA_POWER_Blended
MH_KON_03,Ratnagiri,Ratnagiri,16.994,73.3,35,Konkan_Coastal,2023-09-24,6.65,27.8,26.6,27.2,82.4,IMD_AWS_NASA_POWER_Blended
MH_KON_03,Ratnagiri,Ratnagiri,16.994,73.3,35,Konkan_Coastal,2023-09-25,6.72,28.2,26.4,27.3,82.3,IMD_AWS_NASA_POWER_Blended
MH_KON_03,Ratnagiri,Ratnagiri,16.994,73.3,35,Konkan_Coastal,2023-09-26,3.21,28.3,26.8,27.5,81.2,IMD_AWS_NASA_POWER_Blended
MH_KON_03,Ratnagiri,Ratnagiri,16.994,73.3,35,Konkan_Coastal,2023-09-27,11.14,27.6,27.0,27.3,90.1,IMD_AWS_NASA_POWER_Blended
MH_KON_03,Ratnagiri,Ratnagiri,16.994,73.3,35,Konkan_Coastal,2023-09-28,75.71,28.8,27.4,28.1,90.1,IMD_AWS_NASA_POWER_Blended
MH_KON_03,Ratnagiri,Ratnagiri,16.994,73.3,35,Konkan_Coastal,2023-09-29,70.24,29.6,27.5,28.5,90.4,IMD_AWS_NASA_POWER_Blended
MH_KON_03,Ratnagiri,Ratnagiri,16.994,73.3,35,Konkan_Coastal,2023-09-30,64.94,28.6,26.4,27.5,87.9,IMD_AWS_NASA_POWER_Blended
MH_KON_03,Ratnagiri,Ratnagiri,16.994,73.3,35,Konkan_Coastal,2023-10-01,24.45,28.0,27.4,27.7,88.4,IMD_AWS_NASA_POWER_Blended
MH_KON_03,Ratnagiri,Ratnagiri,16.994,73.3,35,Konkan_Coastal,2023-10-02,1.75,28.2,26.8,27.5,83.4,IMD_AWS_NASA_POWER_Blended
MH_KON_03,Ratnagiri,Ratnagiri,16.994,73.3,35,Konkan_Coastal,2023-10-03,0.21,27.8,26.4,27.1,80.8,IMD_AWS_NASA_POWER_Blended
MH_KON_03,Ratnagiri,Ratnagiri,16.994,73.3,35,Konkan_Coastal,2023-10-04,0.91,27.8,26.1,27.0,82.8,IMD_AWS_NASA_POWER_Blended
MH_KON_03,Ratnagiri,Ratnagiri,16.994,73.3,35,Konkan_Coastal,2023-10-05,0.44,28.5,26.4,27.4,83.7,IMD_AWS_NASA_POWER_Blended
MH_KON_03,Ratnagiri,Ratnagiri,16.994,73.3,35,Konkan_Coastal,2023-10-06,0.06,28.4,26.4,27.4,82.7,IMD_AWS_NASA_POWER_Blended
MH_KON_03,Ratnagiri,Ratnagiri,16.994,73.3,35,Konkan_Coastal,2023-10-07,0.11,29.1,26.4,27.7,83.5,IMD_AWS_NASA_POWER_Blended
MH_KON_03,Ratnagiri,Ratnagiri,16.994,73.3,35,Konkan_Coastal,2023-10-08,0.11,29.6,26.4,28.0,84.0,IMD_AWS_NASA_POWER_Blended
MH_KON_03,Ratnagiri,Ratnagiri,16.994,73.3,35,Konkan_Coastal,2023-10-09,0.1,29.5,26.8,28.2,86.0,IMD_AWS_NASA_POWER_Blended
MH_KON_03,Ratnagiri,Ratnagiri,16.994,73.3,35,Konkan_Coastal,2023-10-10,0.03,29.7,26.6,28.2,85.5,IMD_AWS_NASA_POWER_Blended
MH_KON_03,Ratnagiri,Ratnagiri,16.994,73.3,35,Konkan_Coastal,2023-10-11,0.01,29.9,26.7,28.3,83.0,IMD_AWS_NASA_POWER_Blended
MH_KON_03,Ratnagiri,Ratnagiri,16.994,73.3,35,Konkan_Coastal,2023-10-12,0.02,30.1,26.9,28.5,81.6,IMD_AWS_NASA_POWER_Blended
MH_KON_03,Ratnagiri,Ratnagiri,16.994,73.3,35,Konkan_Coastal,2023-10-13,0.16,31.7,25.7,28.7,82.4,IMD_AWS_NASA_POWER_Blended
MH_KON_03,Ratnagiri,Ratnagiri,16.994,73.3,35,Konkan_Coastal,2023-10-14,0.09,30.1,25.8,27.9,75.5,IMD_AWS_NASA_POWER_Blended
MH_KON_03,Ratnagiri,Ratnagiri,16.994,73.3,35,Konkan_Coastal,2023-10-15,0.79,30.2,26.7,28.5,76.6,IMD_AWS_NASA_POWER_Blended
MH_KON_03,Ratnagiri,Ratnagiri,16.994,73.3,35,Konkan_Coastal,2023-10-16,1.54,29.4,27.2,28.3,77.3,IMD_AWS_NASA_POWER_Blended
MH_KON_03,Ratnagiri,Ratnagiri,16.994,73.3,35,Konkan_Coastal,2023-10-17,1.01,30.3,27.1,28.7,76.0,IMD_AWS_NASA_POWER_Blended
MH_KON_03,Ratnagiri,Ratnagiri,16.994,73.3,35,Konkan_Coastal,2023-10-18,0.37,30.9,27.1,29.0,76.7,IMD_AWS_NASA_POWER_Blended
MH_KON_03,Ratnagiri,Ratnagiri,16.994,73.3,35,Konkan_Coastal,2023-10-19,0.07,31.1,26.5,28.8,77.5,IMD_AWS_NASA_POWER_Blended
MH_KON_03,Ratnagiri,Ratnagiri,16.994,73.3,35,Konkan_Coastal,2023-10-20,0.11,31.1,27.3,29.2,75.1,IMD_AWS_NASA_POWER_Blended
MH_KON_03,Ratnagiri,Ratnagiri,16.994,73.3,35,Konkan_Coastal,2023-10-21,0.11,31.3,26.4,28.9,75.8,IMD_AWS_NASA_POWER_Blended
MH_KON_03,Ratnagiri,Ratnagiri,16.994,73.3,35,Konkan_Coastal,2023-10-22,0.11,31.2,27.5,29.4,74.5,IMD_AWS_NASA_POWER_Blended
MH_KON_03,Ratnagiri,Ratnagiri,16.994,73.3,35,Konkan_Coastal,2023-10-23,0.01,31.5,26.5,29.0,70.0,IMD_AWS_NASA_POWER_Blended
MH_KON_03,Ratnagiri,Ratnagiri,16.994,73.3,35,Konkan_Coastal,2023-10-24,0.0,30.4,26.6,28.5,70.0,IMD_AWS_NASA_POWER_Blended
MH_KON_03,Ratnagiri,Ratnagiri,16.994,73.3,35,Konkan_Coastal,2023-10-25,0.0,31.4,26.7,29.0,65.7,IMD_AWS_NASA_POWER_Blended
MH_KON_03,Ratnagiri,Ratnagiri,16.994,73.3,35,Konkan_Coastal,2023-10-26,0.0,31.6,25.6,28.6,66.9,IMD_AWS_NASA_POWER_Blended
MH_KON_03,Ratnagiri,Ratnagiri,16.994,73.3,35,Konkan_Coastal,2023-10-27,0.0,31.7,23.8,27.7,69.0,IMD_AWS_NASA_POWER_Blended
MH_KON_03,Ratnagiri,Ratnagiri,16.994,73.3,35,Konkan_Coastal,2023-10-28,0.0,31.0,23.5,27.2,70.6,IMD_AWS_NASA_POWER_Blended
MH_KON_03,Ratnagiri,Ratnagiri,16.994,73.3,35,Konkan_Coastal,2023-10-29,0.0,31.0,24.4,27.7,69.0,IMD_AWS_NASA_POWER_Blended
MH_KON_03,Ratnagiri,Ratnagiri,16.994,73.3,35,Konkan_Coastal,2023-10-30,0.05,31.2,25.0,28.1,70.1,IMD_AWS_NASA_POWER_Blended
MH_KON_03,Ratnagiri,Ratnagiri,16.994,73.3,35,Konkan_Coastal,2023-10-31,0.4,29.6,25.6,27.6,68.7,IMD_AWS_NASA_POWER_Blended
MH_KON_04,Dahanu,Palghar,19.97,72.73,5,Konkan_Coastal,2023-06-01,0.16,31.2,29.6,30.4,73.5,IMD_AWS_NASA_POWER_Blended
MH_KON_04,Dahanu,Palghar,19.97,72.73,5,Konkan_Coastal,2023-06-02,0.87,30.0,29.0,29.5,81.0,IMD_AWS_NASA_POWER_Blended
MH_KON_04,Dahanu,Palghar,19.97,72.73,5,Konkan_Coastal,2023-06-03,2.52,30.3,29.3,29.8,79.6,IMD_AWS_NASA_POWER_Blended
MH_KON_04,Dahanu,Palghar,19.97,72.73,5,Konkan_Coastal,2023-06-04,2.37,29.9,29.3,29.6,81.3,IMD_AWS_NASA_POWER_Blended
MH_KON_04,Dahanu,Palghar,19.97,72.73,5,Konkan_Coastal,2023-06-05,1.2,29.9,29.0,29.4,81.4,IMD_AWS_NASA_POWER_Blended
MH_KON_04,Dahanu,Palghar,19.97,72.73,5,Konkan_Coastal,2023-06-06,0.23,30.2,29.0,29.6,81.3,IMD_AWS_NASA_POWER_Blended
MH_KON_04,Dahanu,Palghar,19.97,72.73,5,Konkan_Coastal,2023-06-07,0.24,30.7,28.8,29.7,79.8,IMD_AWS_NASA_POWER_Blended
MH_KON_04,Dahanu,Palghar,19.97,72.73,5,Konkan_Coastal,2023-06-08,0.13,31.1,29.5,30.3,78.8,IMD_AWS_NASA_POWER_Blended
MH_KON_04,Dahanu,Palghar,19.97,72.73,5,Konkan_Coastal,2023-06-09,0.58,30.7,29.8,30.2,81.5,IMD_AWS_NASA_POWER_Blended
MH_KON_04,Dahanu,Palghar,19.97,72.73,5,Konkan_Coastal,2023-06-10,4.01,31.8,30.5,31.2,76.8,IMD_AWS_NASA_POWER_Blended
MH_KON_04,Dahanu,Palghar,19.97,72.73,5,Konkan_Coastal,2023-06-11,0.99,31.5,30.2,30.9,75.3,IMD_AWS_NASA_POWER_Blended
MH_KON_04,Dahanu,Palghar,19.97,72.73,5,Konkan_Coastal,2023-06-12,4.94,31.9,29.9,30.9,74.6,IMD_AWS_NASA_POWER_Blended
MH_KON_04,Dahanu,Palghar,19.97,72.73,5,Konkan_Coastal,2023-06-13,3.41,31.1,30.0,30.5,77.2,IMD_AWS_NASA_POWER_Blended
MH_KON_04,Dahanu,Palghar,19.97,72.73,5,Konkan_Coastal,2023-06-14,8.71,31.0,29.7,30.4,78.7,IMD_AWS_NASA_POWER_Blended
MH_KON_04,Dahanu,Palghar,19.97,72.73,5,Konkan_Coastal,2023-06-15,4.67,30.9,29.8,30.3,79.0,IMD_AWS_NASA_POWER_Blended
MH_KON_04,Dahanu,Palghar,19.97,72.73,5,Konkan_Coastal,2023-06-16,4.47,30.5,29.4,30.0,81.7,IMD_AWS_NASA_POWER_Blended
MH_KON_04,Dahanu,Palghar,19.97,72.73,5,Konkan_Coastal,2023-06-17,2.84,30.2,29.1,29.6,81.9,IMD_AWS_NASA_POWER_Blended
MH_KON_04,Dahanu,Palghar,19.97,72.73,5,Konkan_Coastal,2023-06-18,1.77,30.0,28.9,29.5,82.2,IMD_AWS_NASA_POWER_Blended
MH_KON_04,Dahanu,Palghar,19.97,72.73,5,Konkan_Coastal,2023-06-19,1.45,30.2,28.9,29.6,82.6,IMD_AWS_NASA_POWER_Blended
MH_KON_04,Dahanu,Palghar,19.97,72.73,5,Konkan_Coastal,2023-06-20,0.59,30.1,28.9,29.5,82.0,IMD_AWS_NASA_POWER_Blended
MH_KON_04,Dahanu,Palghar,19.97,72.73,5,Konkan_Coastal,2023-06-21,0.46,30.3,29.2,29.8,79.1,IMD_AWS_NASA_POWER_Blended
MH_KON_04,Dahanu,Palghar,19.97,72.73,5,Konkan_Coastal,2023-06-22,1.55,29.6,28.7,29.1,82.3,IMD_AWS_NASA_POWER_Blended
MH_KON_04,Dahanu,Palghar,19.97,72.73,5,Konkan_Coastal,2023-06-23,2.79,29.8,28.6,29.2,82.4,IMD_AWS_NASA_POWER_Blended
MH_KON_04,Dahanu,Palghar,19.97,72.73,5,Konkan_Coastal,2023-06-24,19.35,29.7,28.5,29.1,84.0,IMD_AWS_NASA_POWER_Blended
MH_KON_04,Dahanu,Palghar,19.97,72.73,5,Konkan_Coastal,2023-06-25,17.57,28.5,28.1,28.3,85.1,IMD_AWS_NASA_POWER_Blended
MH_KON_04,Dahanu,Palghar,19.97,72.73,5,Konkan_Coastal,2023-06-26,21.13,28.6,27.8,28.2,83.4,IMD_AWS_NASA_POWER_Blended
MH_KON_04,Dahanu,Palghar,19.97,72.73,5,Konkan_Coastal,2023-06-27,37.71,28.8,27.4,28.1,79.3,IMD_AWS_NASA_POWER_Blended
MH_KON_04,Dahanu,Palghar,19.97,72.73,5,Konkan_Coastal,2023-06-28,80.39,28.9,28.4,28.6,83.7,IMD_AWS_NASA_POWER_Blended
MH_KON_04,Dahanu,Palghar,19.97,72.73,5,Konkan_Coastal,2023-06-29,30.63,28.8,28.2,28.5,80.2,IMD_AWS_NASA_POWER_Blended
MH_KON_04,Dahanu,Palghar,19.97,72.73,5,Konkan_Coastal,2023-06-30,84.55,29.1,28.3,28.7,83.6,IMD_AWS_NASA_POWER_Blended
MH_KON_04,Dahanu,Palghar,19.97,72.73,5,Konkan_Coastal,2023-07-01,34.44,29.1,28.3,28.7,85.5,IMD_AWS_NASA_POWER_Blended
MH_KON_04,Dahanu,Palghar,19.97,72.73,5,Konkan_Coastal,2023-07-02,18.54,29.2,28.4,28.8,85.0,IMD_AWS_NASA_POWER_Blended
MH_KON_04,Dahanu,Palghar,19.97,72.73,5,Konkan_Coastal,2023-07-03,10.63,29.4,28.2,28.8,86.2,IMD_AWS_NASA_POWER_Blended
MH_KON_04,Dahanu,Palghar,19.97,72.73,5,Konkan_Coastal,2023-07-04,12.85,29.3,28.1,28.7,88.4,IMD_AWS_NASA_POWER_Blended
MH_KON_04,Dahanu,Palghar,19.97,72.73,5,Konkan_Coastal,2023-07-05,11.65,28.9,27.6,28.2,88.0,IMD_AWS_NASA_POWER_Blended
MH_KON_04,Dahanu,Palghar,19.97,72.73,5,Konkan_Coastal,2023-07-06,18.45,28.3,27.4,27.8,87.6,IMD_AWS_NASA_POWER_Blended
MH_KON_04,Dahanu,Palghar,19.97,72.73,5,Konkan_Coastal,2023-07-07,22.68,28.7,28.3,28.5,88.5,IMD_AWS_NASA_POWER_Blended
MH_KON_04,Dahanu,Palghar,19.97,72.73,5,Konkan_Coastal,2023-07-08,17.57,29.1,28.3,28.7,86.1,IMD_AWS_NASA_POWER_Blended
MH_KON_04,Dahanu,Palghar,19.97,72.73,5,Konkan_Coastal,2023-07-09,15.11,29.2,28.5,28.9,83.9,IMD_AWS_NASA_POWER_Blended
MH_KON_04,Dahanu,Palghar,19.97,72.73,5,Konkan_Coastal,2023-07-10,11.4,29.0,28.3,28.6,83.7,IMD_AWS_NASA_POWER_Blended
MH_KON_04,Dahanu,Palghar,19.97,72.73,5,Konkan_Coastal,2023-07-11,10.68,29.2,28.0,28.6,83.3,IMD_AWS_NASA_POWER_Blended
MH_KON_04,Dahanu,Palghar,19.97,72.73,5,Konkan_Coastal,2023-07-12,12.05,28.7,28.2,28.4,85.7,IMD_AWS_NASA_POWER_Blended
MH_KON_04,Dahanu,Palghar,19.97,72.73,5,Konkan_Coastal,2023-07-13,15.88,29.1,28.3,28.7,85.1,IMD_AWS_NASA_POWER_Blended
MH_KON_04,Dahanu,Palghar,19.97,72.73,5,Konkan_Coastal,2023-07-14,23.8,28.7,27.9,28.3,87.6,IMD_AWS_NASA_POWER_Blended
MH_KON_04,Dahanu,Palghar,19.97,72.73,5,Konkan_Coastal,2023-07-15,15.3,29.1,27.9,28.5,84.9,IMD_AWS_NASA_POWER_Blended
MH_KON_04,Dahanu,Palghar,19.97,72.73,5,Konkan_Coastal,2023-07-16,16.6,29.1,28.2,28.6,84.7,IMD_AWS_NASA_POWER_Blended
MH_KON_04,Dahanu,Palghar,19.97,72.73,5,Konkan_Coastal,2023-07-17,18.84,28.8,28.1,28.5,84.9,IMD_AWS_NASA_POWER_Blended
MH_KON_04,Dahanu,Palghar,19.97,72.73,5,Konkan_Coastal,2023-07-18,62.24,28.7,28.0,28.4,86.4,IMD_AWS_NASA_POWER_Blended
MH_KON_04,Dahanu,Palghar,19.97,72.73,5,Konkan_Coastal,2023-07-19,48.12,28.5,27.9,28.2,87.6,IMD_AWS_NASA_POWER_Blended
MH_KON_04,Dahanu,Palghar,19.97,72.73,5,Konkan_Coastal,2023-07-20,41.98,28.5,27.8,28.2,87.8,IMD_AWS_NASA_POWER_Blended
MH_KON_04,Dahanu,Palghar,19.97,72.73,5,Konkan_Coastal,2023-07-21,37.31,28.8,27.8,28.3,85.7,IMD_AWS_NASA_POWER_Blended
MH_KON_04,Dahanu,Palghar,19.97,72.73,5,Konkan_Coastal,2023-07-22,40.46,28.3,27.6,28.0,88.1,IMD_AWS_NASA_POWER_Blended
MH_KON_04,Dahanu,Palghar,19.97,72.73,5,Konkan_Coastal,2023-07-23,22.17,28.5,27.9,28.2,86.8,IMD_AWS_NASA_POWER_Blended
MH_KON_04,Dahanu,Palghar,19.97,72.73,5,Konkan_Coastal,2023-07-24,25.76,28.6,27.9,28.2,86.2,IMD_AWS_NASA_POWER_Blended
MH_KON_04,Dahanu,Palghar,19.97,72.73,5,Konkan_Coastal,2023-07-25,42.23,28.5,27.8,28.1,86.1,IMD_AWS_NASA_POWER_Blended
MH_KON_04,Dahanu,Palghar,19.97,72.73,5,Konkan_Coastal,2023-07-26,36.44,28.4,27.7,28.1,86.7,IMD_AWS_NASA_POWER_Blended
MH_KON_04,Dahanu,Palghar,19.97,72.73,5,Konkan_Coastal,2023-07-27,32.7,28.4,27.8,28.1,86.0,IMD_AWS_NASA_POWER_Blended
MH_KON_04,Dahanu,Palghar,19.97,72.73,5,Konkan_Coastal,2023-07-28,29.8,28.2,27.8,28.0,85.6,IMD_AWS_NASA_POWER_Blended
MH_KON_04,Dahanu,Palghar,19.97,72.73,5,Konkan_Coastal,2023-07-29,12.94,28.3,27.6,28.0,85.0,IMD_AWS_NASA_POWER_Blended
MH_KON_04,Dahanu,Palghar,19.97,72.73,5,Konkan_Coastal,2023-07-30,7.41,28.0,27.4,27.7,86.1,IMD_AWS_NASA_POWER_Blended
MH_KON_04,Dahanu,Palghar,19.97,72.73,5,Konkan_Coastal,2023-07-31,8.71,28.2,27.3,27.8,87.1,IMD_AWS_NASA_POWER_Blended
MH_KON_04,Dahanu,Palghar,19.97,72.73,5,Konkan_Coastal,2023-08-01,7.9,28.1,27.6,27.8,86.7,IMD_AWS_NASA_POWER_Blended
MH_KON_04,Dahanu,Palghar,19.97,72.73,5,Konkan_Coastal,2023-08-02,3.46,28.3,27.5,27.9,85.6,IMD_AWS_NASA_POWER_Blended
MH_KON_04,Dahanu,Palghar,19.97,72.73,5,Konkan_Coastal,2023-08-03,1.82,28.1,27.3,27.7,84.8,IMD_AWS_NASA_POWER_Blended
MH_KON_04,Dahanu,Palghar,19.97,72.73,5,Konkan_Coastal,2023-08-04,3.05,28.3,27.5,27.9,85.1,IMD_AWS_NASA_POWER_Blended
MH_KON_04,Dahanu,Palghar,19.97,72.73,5,Konkan_Coastal,2023-08-05,4.21,28.0,27.3,27.6,85.3,IMD_AWS_NASA_POWER_Blended
MH_KON_04,Dahanu,Palghar,19.97,72.73,5,Konkan_Coastal,2023-08-06,3.4,28.0,27.2,27.6,85.1,IMD_AWS_NASA_POWER_Blended
MH_KON_04,Dahanu,Palghar,19.97,72.73,5,Konkan_Coastal,2023-08-07,1.31,28.0,27.3,27.7,83.9,IMD_AWS_NASA_POWER_Blended
MH_KON_04,Dahanu,Palghar,19.97,72.73,5,Konkan_Coastal,2023-08-08,5.39,28.2,27.4,27.8,84.6,IMD_AWS_NASA_POWER_Blended
MH_KON_04,Dahanu,Palghar,19.97,72.73,5,Konkan_Coastal,2023-08-09,2.83,28.1,27.3,27.7,84.8,IMD_AWS_NASA_POWER_Blended
MH_KON_04,Dahanu,Palghar,19.97,72.73,5,Konkan_Coastal,2023-08-10,4.08,28.3,27.1,27.7,83.3,IMD_AWS_NASA_POWER_Blended
MH_KON_04,Dahanu,Palghar,19.97,72.73,5,Konkan_Coastal,2023-08-11,2.34,28.3,27.5,27.9,82.8,IMD_AWS_NASA_POWER_Blended
MH_KON_04,Dahanu,Palghar,19.97,72.73,5,Konkan_Coastal,2023-08-12,2.73,28.1,27.4,27.7,82.5,IMD_AWS_NASA_POWER_Blended
MH_KON_04,Dahanu,Palghar,19.97,72.73,5,Konkan_Coastal,2023-08-13,1.7,27.9,27.3,27.6,83.6,IMD_AWS_NASA_POWER_Blended
MH_KON_04,Dahanu,Palghar,19.97,72.73,5,Konkan_Coastal,2023-08-14,3.76,27.8,27.3,27.6,83.0,IMD_AWS_NASA_POWER_Blended
MH_KON_04,Dahanu,Palghar,19.97,72.73,5,Konkan_Coastal,2023-08-15,1.02,28.0,27.2,27.6,82.5,IMD_AWS_NASA_POWER_Blended
MH_KON_04,Dahanu,Palghar,19.97,72.73,5,Konkan_Coastal,2023-08-16,1.12,28.1,27.1,27.6,81.9,IMD_AWS_NASA_POWER_Blended
MH_KON_04,Dahanu,Palghar,19.97,72.73,5,Konkan_Coastal,2023-08-17,0.86,27.8,27.2,27.5,83.7,IMD_AWS_NASA_POWER_Blended
MH_KON_04,Dahanu,Palghar,19.97,72.73,5,Konkan_Coastal,2023-08-18,1.16,27.9,27.1,27.5,83.8,IMD_AWS_NASA_POWER_Blended
MH_KON_04,Dahanu,Palghar,19.97,72.73,5,Konkan_Coastal,2023-08-19,1.59,27.8,27.1,27.4,85.4,IMD_AWS_NASA_POWER_Blended
MH_KON_04,Dahanu,Palghar,19.97,72.73,5,Konkan_Coastal,2023-08-20,1.69,27.8,27.1,27.4,84.4,IMD_AWS_NASA_POWER_Blended
MH_KON_04,Dahanu,Palghar,19.97,72.73,5,Konkan_Coastal,2023-08-21,1.3,27.8,26.9,27.4,84.2,IMD_AWS_NASA_POWER_Blended
MH_KON_04,Dahanu,Palghar,19.97,72.73,5,Konkan_Coastal,2023-08-22,3.49,28.1,26.9,27.5,85.4,IMD_AWS_NASA_POWER_Blended
MH_KON_04,Dahanu,Palghar,19.97,72.73,5,Konkan_Coastal,2023-08-23,3.97,28.1,27.1,27.6,86.5,IMD_AWS_NASA_POWER_Blended
MH_KON_04,Dahanu,Palghar,19.97,72.73,5,Konkan_Coastal,2023-08-24,4.46,28.4,27.6,28.0,85.2,IMD_AWS_NASA_POWER_Blended
MH_KON_04,Dahanu,Palghar,19.97,72.73,5,Konkan_Coastal,2023-08-25,5.44,28.3,27.5,27.9,86.6,IMD_AWS_NASA_POWER_Blended
MH_KON_04,Dahanu,Palghar,19.97,72.73,5,Konkan_Coastal,2023-08-26,7.57,28.4,27.6,28.0,85.5,IMD_AWS_NASA_POWER_Blended
MH_KON_04,Dahanu,Palghar,19.97,72.73,5,Konkan_Coastal,2023-08-27,4.96,28.3,27.4,27.8,85.2,IMD_AWS_NASA_POWER_Blended
MH_KON_04,Dahanu,Palghar,19.97,72.73,5,Konkan_Coastal,2023-08-28,1.72,27.7,26.9,27.3,86.6,IMD_AWS_NASA_POWER_Blended
MH_KON_04,Dahanu,Palghar,19.97,72.73,5,Konkan_Coastal,2023-08-29,0.64,28.4,27.4,27.9,81.1,IMD_AWS_NASA_POWER_Blended
MH_KON_04,Dahanu,Palghar,19.97,72.73,5,Konkan_Coastal,2023-08-30,0.22,28.6,27.1,27.9,79.0,IMD_AWS_NASA_POWER_Blended
MH_KON_04,Dahanu,Palghar,19.97,72.73,5,Konkan_Coastal,2023-08-31,0.1,27.9,26.8,27.4,81.2,IMD_AWS_NASA_POWER_Blended
MH_KON_04,Dahanu,Palghar,19.97,72.73,5,Konkan_Coastal,2023-09-01,0.65,28.0,27.2,27.6,80.1,IMD_AWS_NASA_POWER_Blended
MH_KON_04,Dahanu,Palghar,19.97,72.73,5,Konkan_Coastal,2023-09-02,4.13,27.9,27.1,27.5,80.6,IMD_AWS_NASA_POWER_Blended
MH_KON_04,Dahanu,Palghar,19.97,72.73,5,Konkan_Coastal,2023-09-03,0.7,27.8,27.0,27.4,82.2,IMD_AWS_NASA_POWER_Blended
MH_KON_04,Dahanu,Palghar,19.97,72.73,5,Konkan_Coastal,2023-09-04,0.13,27.8,27.3,27.5,81.7,IMD_AWS_NASA_POWER_Blended
MH_KON_04,Dahanu,Palghar,19.97,72.73,5,Konkan_Coastal,2023-09-05,0.06,28.3,27.3,27.8,81.4,IMD_AWS_NASA_POWER_Blended
MH_KON_04,Dahanu,Palghar,19.97,72.73,5,Konkan_Coastal,2023-09-06,0.91,28.8,27.6,28.2,83.7,IMD_AWS_NASA_POWER_Blended
MH_KON_04,Dahanu,Palghar,19.97,72.73,5,Konkan_Coastal,2023-09-07,24.34,28.2,27.7,27.9,86.6,IMD_AWS_NASA_POWER_Blended
MH_KON_04,Dahanu,Palghar,19.97,72.73,5,Konkan_Coastal,2023-09-08,44.91,28.6,28.0,28.3,87.0,IMD_AWS_NASA_POWER_Blended
MH_KON_04,Dahanu,Palghar,19.97,72.73,5,Konkan_Coastal,2023-09-09,10.22,28.6,28.0,28.3,86.0,IMD_AWS_NASA_POWER_Blended
MH_KON_04,Dahanu,Palghar,19.97,72.73,5,Konkan_Coastal,2023-09-10,1.56,28.6,28.0,28.3,86.9,IMD_AWS_NASA_POWER_Blended
MH_KON_04,Dahanu,Palghar,19.97,72.73,5,Konkan_Coastal,2023-09-11,1.88,28.6,27.8,28.2,85.7,IMD_AWS_NASA_POWER_Blended
MH_KON_04,Dahanu,Palghar,19.97,72.73,5,Konkan_Coastal,2023-09-12,0.46,28.9,27.9,28.4,81.6,IMD_AWS_NASA_POWER_Blended
MH_KON_04,Dahanu,Palghar,19.97,72.73,5,Konkan_Coastal,2023-09-13,1.4,28.6,27.7,28.1,82.5,IMD_AWS_NASA_POWER_Blended
MH_KON_04,Dahanu,Palghar,19.97,72.73,5,Konkan_Coastal,2023-09-14,1.39,28.2,27.6,27.9,83.7,IMD_AWS_NASA_POWER_Blended
MH_KON_04,Dahanu,Palghar,19.97,72.73,5,Konkan_Coastal,2023-09-15,1.28,28.7,27.6,28.1,83.0,IMD_AWS_NASA_POWER_Blended
MH_KON_04,Dahanu,Palghar,19.97,72.73,5,Konkan_Coastal,2023-09-16,4.55,28.5,28.0,28.3,83.6,IMD_AWS_NASA_POWER_Blended
MH_KON_04,Dahanu,Palghar,19.97,72.73,5,Konkan_Coastal,2023-09-17,5.38,28.8,28.1,28.4,85.4,IMD_AWS_NASA_POWER_Blended
MH_KON_04,Dahanu,Palghar,19.97,72.73,5,Konkan_Coastal,2023-09-18,15.06,29.3,28.2,28.8,84.9,IMD_AWS_NASA_POWER_Blended
MH_KON_04,Dahanu,Palghar,19.97,72.73,5,Konkan_Coastal,2023-09-19,11.3,29.3,28.4,28.9,84.9,IMD_AWS_NASA_POWER_Blended
MH_KON_04,Dahanu,Palghar,19.97,72.73,5,Konkan_Coastal,2023-09-20,9.96,28.8,28.1,28.4,86.0,IMD_AWS_NASA_POWER_Blended
MH_KON_04,Dahanu,Palghar,19.97,72.73,5,Konkan_Coastal,2023-09-21,6.41,28.7,28.0,28.3,84.3,IMD_AWS_NASA_POWER_Blended
MH_KON_04,Dahanu,Palghar,19.97,72.73,5,Konkan_Coastal,2023-09-22,11.11,28.4,27.8,28.1,84.6,IMD_AWS_NASA_POWER_Blended
MH_KON_04,Dahanu,Palghar,19.97,72.73,5,Konkan_Coastal,2023-09-23,14.57,28.5,27.9,28.2,86.3,IMD_AWS_NASA_POWER_Blended
MH_KON_04,Dahanu,Palghar,19.97,72.73,5,Konkan_Coastal,2023-09-24,13.51,28.0,27.7,27.8,88.4,IMD_AWS_NASA_POWER_Blended
MH_KON_04,Dahanu,Palghar,19.97,72.73,5,Konkan_Coastal,2023-09-25,11.47,28.1,27.7,27.9,86.9,IMD_AWS_NASA_POWER_Blended
MH_KON_04,Dahanu,Palghar,19.97,72.73,5,Konkan_Coastal,2023-09-26,9.85,28.1,27.6,27.9,85.9,IMD_AWS_NASA_POWER_Blended
MH_KON_04,Dahanu,Palghar,19.97,72.73,5,Konkan_Coastal,2023-09-27,7.78,28.5,27.9,28.2,85.2,IMD_AWS_NASA_POWER_Blended
MH_KON_04,Dahanu,Palghar,19.97,72.73,5,Konkan_Coastal,2023-09-28,9.62,28.9,28.3,28.6,85.0,IMD_AWS_NASA_POWER_Blended
MH_KON_04,Dahanu,Palghar,19.97,72.73,5,Konkan_Coastal,2023-09-29,8.99,29.4,28.4,28.9,85.3,IMD_AWS_NASA_POWER_Blended
MH_KON_04,Dahanu,Palghar,19.97,72.73,5,Konkan_Coastal,2023-09-30,4.36,29.9,28.4,29.1,84.8,IMD_AWS_NASA_POWER_Blended
MH_KON_04,Dahanu,Palghar,19.97,72.73,5,Konkan_Coastal,2023-10-01,1.79,29.4,28.6,29.0,83.5,IMD_AWS_NASA_POWER_Blended
MH_KON_04,Dahanu,Palghar,19.97,72.73,5,Konkan_Coastal,2023-10-02,0.92,29.2,27.7,28.5,78.5,IMD_AWS_NASA_POWER_Blended
MH_KON_04,Dahanu,Palghar,19.97,72.73,5,Konkan_Coastal,2023-10-03,0.0,28.3,27.3,27.8,78.0,IMD_AWS_NASA_POWER_Blended
MH_KON_04,Dahanu,Palghar,19.97,72.73,5,Konkan_Coastal,2023-10-04,0.0,28.6,27.1,27.9,77.8,IMD_AWS_NASA_POWER_Blended
MH_KON_04,Dahanu,Palghar,19.97,72.73,5,Konkan_Coastal,2023-10-05,0.0,28.6,27.4,28.0,77.7,IMD_AWS_NASA_POWER_Blended
MH_KON_04,Dahanu,Palghar,19.97,72.73,5,Konkan_Coastal,2023-10-06,0.04,28.3,27.5,27.9,80.9,IMD_AWS_NASA_POWER_Blended
MH_KON_04,Dahanu,Palghar,19.97,72.73,5,Konkan_Coastal,2023-10-07,0.0,29.1,27.7,28.4,76.6,IMD_AWS_NASA_POWER_Blended
MH_KON_04,Dahanu,Palghar,19.97,72.73,5,Konkan_Coastal,2023-10-08,0.0,29.7,27.6,28.6,77.0,IMD_AWS_NASA_POWER_Blended
MH_KON_04,Dahanu,Palghar,19.97,72.73,5,Konkan_Coastal,2023-10-09,0.0,29.4,28.1,28.7,76.8,IMD_AWS_NASA_POWER_Blended
MH_KON_04,Dahanu,Palghar,19.97,72.73,5,Konkan_Coastal,2023-10-10,0.0,29.0,27.9,28.5,76.8,IMD_AWS_NASA_POWER_Blended
MH_KON_04,Dahanu,Palghar,19.97,72.73,5,Konkan_Coastal,2023-10-11,0.0,29.0,27.9,28.4,75.2,IMD_AWS_NASA_POWER_Blended
MH_KON_04,Dahanu,Palghar,19.97,72.73,5,Konkan_Coastal,2023-10-12,0.0,31.0,27.8,29.4,68.3,IMD_AWS_NASA_POWER_Blended
MH_KON_04,Dahanu,Palghar,19.97,72.73,5,Konkan_Coastal,2023-10-13,0.03,31.1,28.1,29.6,72.3,IMD_AWS_NASA_POWER_Blended
MH_KON_04,Dahanu,Palghar,19.97,72.73,5,Konkan_Coastal,2023-10-14,0.1,31.2,28.4,29.8,71.7,IMD_AWS_NASA_POWER_Blended
MH_KON_04,Dahanu,Palghar,19.97,72.73,5,Konkan_Coastal,2023-10-15,0.36,30.8,28.8,29.8,74.6,IMD_AWS_NASA_POWER_Blended
MH_KON_04,Dahanu,Palghar,19.97,72.73,5,Konkan_Coastal,2023-10-16,0.25,30.8,28.2,29.5,75.1,IMD_AWS_NASA_POWER_Blended
MH_KON_04,Dahanu,Palghar,19.97,72.73,5,Konkan_Coastal,2023-10-17,0.83,30.4,28.3,29.4,73.8,IMD_AWS_NASA_POWER_Blended
MH_KON_04,Dahanu,Palghar,19.97,72.73,5,Konkan_Coastal,2023-10-18,0.01,30.4,27.5,28.9,73.2,IMD_AWS_NASA_POWER_Blended
MH_KON_04,Dahanu,Palghar,19.97,72.73,5,Konkan_Coastal,2023-10-19,0.0,30.4,27.3,28.8,71.9,IMD_AWS_NASA_POWER_Blended
MH_KON_04,Dahanu,Palghar,19.97,72.73,5,Konkan_Coastal,2023-10-20,0.0,31.3,26.9,29.1,71.4,IMD_AWS_NASA_POWER_Blended
MH_KON_04,Dahanu,Palghar,19.97,72.73,5,Konkan_Coastal,2023-10-21,0.0,31.1,25.7,28.4,76.3,IMD_AWS_NASA_POWER_Blended
MH_KON_04,Dahanu,Palghar,19.97,72.73,5,Konkan_Coastal,2023-10-22,0.04,30.7,27.5,29.1,73.2,IMD_AWS_NASA_POWER_Blended
MH_KON_04,Dahanu,Palghar,19.97,72.73,5,Konkan_Coastal,2023-10-23,0.0,31.1,27.1,29.1,69.4,IMD_AWS_NASA_POWER_Blended
MH_KON_04,Dahanu,Palghar,19.97,72.73,5,Konkan_Coastal,2023-10-24,0.0,30.8,27.1,29.0,70.7,IMD_AWS_NASA_POWER_Blended
MH_KON_04,Dahanu,Palghar,19.97,72.73,5,Konkan_Coastal,2023-10-25,0.0,31.1,25.3,28.2,72.5,IMD_AWS_NASA_POWER_Blended
MH_KON_04,Dahanu,Palghar,19.97,72.73,5,Konkan_Coastal,2023-10-26,0.0,31.3,25.6,28.4,68.0,IMD_AWS_NASA_POWER_Blended
MH_KON_04,Dahanu,Palghar,19.97,72.73,5,Konkan_Coastal,2023-10-27,0.0,31.1,25.0,28.1,66.5,IMD_AWS_NASA_POWER_Blended
MH_KON_04,Dahanu,Palghar,19.97,72.73,5,Konkan_Coastal,2023-10-28,0.0,30.5,23.8,27.1,67.2,IMD_AWS_NASA_POWER_Blended
MH_KON_04,Dahanu,Palghar,19.97,72.73,5,Konkan_Coastal,2023-10-29,0.0,30.6,24.0,27.3,66.0,IMD_AWS_NASA_POWER_Blended
MH_KON_04,Dahanu,Palghar,19.97,72.73,5,Konkan_Coastal,2023-10-30,0.0,30.5,23.4,26.9,67.6,IMD_AWS_NASA_POWER_Blended
MH_KON_04,Dahanu,Palghar,19.97,72.73,5,Konkan_Coastal,2023-10-31,0.0,30.7,25.0,27.8,60.8,IMD_AWS_NASA_POWER_Blended
MH_KON_05,Alibag,Raigad,18.641,72.872,7,Konkan_Coastal,2023-06-01,1.46,37.5,26.4,32.0,63.5,IMD_AWS_NASA_POWER_Blended
MH_KON_05,Alibag,Raigad,18.641,72.872,7,Konkan_Coastal,2023-06-02,0.99,35.9,26.3,31.1,66.4,IMD_AWS_NASA_POWER_Blended
MH_KON_05,Alibag,Raigad,18.641,72.872,7,Konkan_Coastal,2023-06-03,2.24,34.4,26.8,30.6,71.0,IMD_AWS_NASA_POWER_Blended
MH_KON_05,Alibag,Raigad,18.641,72.872,7,Konkan_Coastal,2023-06-04,4.41,33.9,27.0,30.4,74.0,IMD_AWS_NASA_POWER_Blended
MH_KON_05,Alibag,Raigad,18.641,72.872,7,Konkan_Coastal,2023-06-05,2.55,33.7,26.4,30.1,74.7,IMD_AWS_NASA_POWER_Blended
MH_KON_05,Alibag,Raigad,18.641,72.872,7,Konkan_Coastal,2023-06-06,0.32,35.6,26.4,31.0,71.5,IMD_AWS_NASA_POWER_Blended
MH_KON_05,Alibag,Raigad,18.641,72.872,7,Konkan_Coastal,2023-06-07,0.36,35.3,26.6,30.9,69.8,IMD_AWS_NASA_POWER_Blended
MH_KON_05,Alibag,Raigad,18.641,72.872,7,Konkan_Coastal,2023-06-08,0.33,35.7,27.2,31.5,68.2,IMD_AWS_NASA_POWER_Blended
MH_KON_05,Alibag,Raigad,18.641,72.872,7,Konkan_Coastal,2023-06-09,3.58,33.6,27.3,30.5,73.6,IMD_AWS_NASA_POWER_Blended
MH_KON_05,Alibag,Raigad,18.641,72.872,7,Konkan_Coastal,2023-06-10,3.9,34.7,28.0,31.4,71.5,IMD_AWS_NASA_POWER_Blended
MH_KON_05,Alibag,Raigad,18.641,72.872,7,Konkan_Coastal,2023-06-11,1.17,34.9,27.6,31.2,68.7,IMD_AWS_NASA_POWER_Blended
MH_KON_05,Alibag,Raigad,18.641,72.872,7,Konkan_Coastal,2023-06-12,7.08,34.7,27.3,31.0,68.3,IMD_AWS_NASA_POWER_Blended
MH_KON_05,Alibag,Raigad,18.641,72.872,7,Konkan_Coastal,2023-06-13,3.06,33.7,27.2,30.4,71.2,IMD_AWS_NASA_POWER_Blended
MH_KON_05,Alibag,Raigad,18.641,72.872,7,Konkan_Coastal,2023-06-14,10.16,34.1,27.2,30.6,72.2,IMD_AWS_NASA_POWER_Blended
MH_KON_05,Alibag,Raigad,18.641,72.872,7,Konkan_Coastal,2023-06-15,3.27,33.6,27.3,30.5,74.0,IMD_AWS_NASA_POWER_Blended
MH_KON_05,Alibag,Raigad,18.641,72.872,7,Konkan_Coastal,2023-06-16,1.99,33.6,27.3,30.4,75.7,IMD_AWS_NASA_POWER_Blended
MH_KON_05,Alibag,Raigad,18.641,72.872,7,Konkan_Coastal,2023-06-17,1.54,33.3,27.2,30.3,76.3,IMD_AWS_NASA_POWER_Blended
MH_KON_05,Alibag,Raigad,18.641,72.872,7,Konkan_Coastal,2023-06-18,0.78,33.1,26.9,30.0,77.2,IMD_AWS_NASA_POWER_Blended
MH_KON_05,Alibag,Raigad,18.641,72.872,7,Konkan_Coastal,2023-06-19,0.37,33.5,26.5,30.0,77.0,IMD_AWS_NASA_POWER_Blended
MH_KON_05,Alibag,Raigad,18.641,72.872,7,Konkan_Coastal,2023-06-20,0.72,33.7,26.6,30.2,76.6,IMD_AWS_NASA_POWER_Blended
MH_KON_05,Alibag,Raigad,18.641,72.872,7,Konkan_Coastal,2023-06-21,1.57,32.6,26.8,29.7,79.1,IMD_AWS_NASA_POWER_Blended
MH_KON_05,Alibag,Raigad,18.641,72.872,7,Konkan_Coastal,2023-06-22,3.39,33.6,26.4,30.0,76.5,IMD_AWS_NASA_POWER_Blended
MH_KON_05,Alibag,Raigad,18.641,72.872,7,Konkan_Coastal,2023-06-23,2.97,33.9,26.2,30.1,75.3,IMD_AWS_NASA_POWER_Blended
MH_KON_05,Alibag,Raigad,18.641,72.872,7,Konkan_Coastal,2023-06-24,51.01,30.1,26.0,28.1,86.4,IMD_AWS_NASA_POWER_Blended
MH_KON_05,Alibag,Raigad,18.641,72.872,7,Konkan_Coastal,2023-06-25,55.97,30.2,25.8,28.0,86.9,IMD_AWS_NASA_POWER_Blended
MH_KON_05,Alibag,Raigad,18.641,72.872,7,Konkan_Coastal,2023-06-26,88.03,28.9,25.6,27.2,87.8,IMD_AWS_NASA_POWER_Blended
MH_KON_05,Alibag,Raigad,18.641,72.872,7,Konkan_Coastal,2023-06-27,83.03,27.5,24.9,26.2,90.8,IMD_AWS_NASA_POWER_Blended
MH_KON_05,Alibag,Raigad,18.641,72.872,7,Konkan_Coastal,2023-06-28,25.42,29.1,25.1,27.1,87.2,IMD_AWS_NASA_POWER_Blended
MH_KON_05,Alibag,Raigad,18.641,72.872,7,Konkan_Coastal,2023-06-29,17.67,28.9,25.3,27.1,85.0,IMD_AWS_NASA_POWER_Blended
MH_KON_05,Alibag,Raigad,18.641,72.872,7,Konkan_Coastal,2023-06-30,83.63,28.4,25.2,26.8,90.7,IMD_AWS_NASA_POWER_Blended
MH_KON_05,Alibag,Raigad,18.641,72.872,7,Konkan_Coastal,2023-07-01,31.48,28.4,25.6,27.0,90.1,IMD_AWS_NASA_POWER_Blended
MH_KON_05,Alibag,Raigad,18.641,72.872,7,Konkan_Coastal,2023-07-02,26.17,29.6,26.0,27.8,87.9,IMD_AWS_NASA_POWER_Blended
MH_KON_05,Alibag,Raigad,18.641,72.872,7,Konkan_Coastal,2023-07-03,45.09,29.1,26.3,27.7,90.6,IMD_AWS_NASA_POWER_Blended
MH_KON_05,Alibag,Raigad,18.641,72.872,7,Konkan_Coastal,2023-07-04,37.35,28.7,26.1,27.4,92.0,IMD_AWS_NASA_POWER_Blended
MH_KON_05,Alibag,Raigad,18.641,72.872,7,Konkan_Coastal,2023-07-05,17.8,29.1,25.6,27.3,90.2,IMD_AWS_NASA_POWER_Blended
MH_KON_05,Alibag,Raigad,18.641,72.872,7,Konkan_Coastal,2023-07-06,44.95,28.1,25.4,26.7,91.6,IMD_AWS_NASA_POWER_Blended
MH_KON_05,Alibag,Raigad,18.641,72.872,7,Konkan_Coastal,2023-07-07,59.42,28.3,26.0,27.1,92.2,IMD_AWS_NASA_POWER_Blended
MH_KON_05,Alibag,Raigad,18.641,72.872,7,Konkan_Coastal,2023-07-08,25.83,28.8,25.7,27.2,89.2,IMD_AWS_NASA_POWER_Blended
MH_KON_05,Alibag,Raigad,18.641,72.872,7,Konkan_Coastal,2023-07-09,9.65,29.1,25.5,27.3,88.1,IMD_AWS_NASA_POWER_Blended
MH_KON_05,Alibag,Raigad,18.641,72.872,7,Konkan_Coastal,2023-07-10,4.81,29.0,25.3,27.2,88.0,IMD_AWS_NASA_POWER_Blended
MH_KON_05,Alibag,Raigad,18.641,72.872,7,Konkan_Coastal,2023-07-11,4.9,29.1,24.8,27.0,88.0,IMD_AWS_NASA_POWER_Blended
MH_KON_05,Alibag,Raigad,18.641,72.872,7,Konkan_Coastal,2023-07-12,8.81,28.9,25.3,27.1,89.2,IMD_AWS_NASA_POWER_Blended
MH_KON_05,Alibag,Raigad,18.641,72.872,7,Konkan_Coastal,2023-07-13,19.34,29.0,24.8,26.9,89.1,IMD_AWS_NASA_POWER_Blended
MH_KON_05,Alibag,Raigad,18.641,72.872,7,Konkan_Coastal,2023-07-14,27.57,28.7,25.5,27.1,90.5,IMD_AWS_NASA_POWER_Blended
MH_KON_05,Alibag,Raigad,18.641,72.872,7,Konkan_Coastal,2023-07-15,14.83,29.0,25.2,27.1,89.8,IMD_AWS_NASA_POWER_Blended
MH_KON_05,Alibag,Raigad,18.641,72.872,7,Konkan_Coastal,2023-07-16,23.81,28.7,25.5,27.1,91.5,IMD_AWS_NASA_POWER_Blended
MH_KON_05,Alibag,Raigad,18.641,72.872,7,Konkan_Coastal,2023-07-17,49.12,28.4,25.6,27.0,90.8,IMD_AWS_NASA_POWER_Blended
MH_KON_05,Alibag,Raigad,18.641,72.872,7,Konkan_Coastal,2023-07-18,127.66,28.0,25.7,26.9,92.0,IMD_AWS_NASA_POWER_Blended
MH_KON_05,Alibag,Raigad,18.641,72.872,7,Konkan_Coastal,2023-07-19,123.16,27.3,25.4,26.3,92.5,IMD_AWS_NASA_POWER_Blended
MH_KON_05,Alibag,Raigad,18.641,72.872,7,Konkan_Coastal,2023-07-20,58.72,27.5,24.9,26.2,92.7,IMD_AWS_NASA_POWER_Blended
MH_KON_05,Alibag,Raigad,18.641,72.872,7,Konkan_Coastal,2023-07-21,63.6,27.2,24.3,25.8,92.8,IMD_AWS_NASA_POWER_Blended
MH_KON_05,Alibag,Raigad,18.641,72.872,7,Konkan_Coastal,2023-07-22,44.81,26.6,24.8,25.7,93.5,IMD_AWS_NASA_POWER_Blended
MH_KON_05,Alibag,Raigad,18.641,72.872,7,Konkan_Coastal,2023-07-23,41.58,27.6,24.9,26.3,92.8,IMD_AWS_NASA_POWER_Blended
MH_KON_05,Alibag,Raigad,18.641,72.872,7,Konkan_Coastal,2023-07-24,54.83,27.8,25.3,26.5,92.7,IMD_AWS_NASA_POWER_Blended
MH_KON_05,Alibag,Raigad,18.641,72.872,7,Konkan_Coastal,2023-07-25,46.73,26.8,25.3,26.0,93.8,IMD_AWS_NASA_POWER_Blended
MH_KON_05,Alibag,Raigad,18.641,72.872,7,Konkan_Coastal,2023-07-26,93.21,26.9,25.2,26.0,94.0,IMD_AWS_NASA_POWER_Blended
MH_KON_05,Alibag,Raigad,18.641,72.872,7,Konkan_Coastal,2023-07-27,71.6,26.9,25.3,26.1,93.4,IMD_AWS_NASA_POWER_Blended
MH_KON_05,Alibag,Raigad,18.641,72.872,7,Konkan_Coastal,2023-07-28,48.32,27.7,25.0,26.4,91.8,IMD_AWS_NASA_POWER_Blended
MH_KON_05,Alibag,Raigad,18.641,72.872,7,Konkan_Coastal,2023-07-29,21.44,27.8,24.8,26.3,91.0,IMD_AWS_NASA_POWER_Blended
MH_KON_05,Alibag,Raigad,18.641,72.872,7,Konkan_Coastal,2023-07-30,18.41,27.8,25.0,26.4,91.6,IMD_AWS_NASA_POWER_Blended
MH_KON_05,Alibag,Raigad,18.641,72.872,7,Konkan_Coastal,2023-07-31,18.58,27.9,25.3,26.6,92.1,IMD_AWS_NASA_POWER_Blended
MH_KON_05,Alibag,Raigad,18.641,72.872,7,Konkan_Coastal,2023-08-01,18.6,27.9,25.1,26.5,91.7,IMD_AWS_NASA_POWER_Blended
MH_KON_05,Alibag,Raigad,18.641,72.872,7,Konkan_Coastal,2023-08-02,9.57,27.4,24.9,26.1,91.8,IMD_AWS_NASA_POWER_Blended
MH_KON_05,Alibag,Raigad,18.641,72.872,7,Konkan_Coastal,2023-08-03,7.19,27.8,24.6,26.2,90.0,IMD_AWS_NASA_POWER_Blended
MH_KON_05,Alibag,Raigad,18.641,72.872,7,Konkan_Coastal,2023-08-04,10.87,28.1,25.0,26.6,90.0,IMD_AWS_NASA_POWER_Blended
MH_KON_05,Alibag,Raigad,18.641,72.872,7,Konkan_Coastal,2023-08-05,7.14,28.0,24.7,26.3,90.3,IMD_AWS_NASA_POWER_Blended
MH_KON_05,Alibag,Raigad,18.641,72.872,7,Konkan_Coastal,2023-08-06,6.5,28.1,24.6,26.3,90.0,IMD_AWS_NASA_POWER_Blended
MH_KON_05,Alibag,Raigad,18.641,72.872,7,Konkan_Coastal,2023-08-07,3.69,28.3,24.6,26.4,88.8,IMD_AWS_NASA_POWER_Blended
MH_KON_05,Alibag,Raigad,18.641,72.872,7,Konkan_Coastal,2023-08-08,3.8,28.5,24.7,26.6,88.6,IMD_AWS_NASA_POWER_Blended
MH_KON_05,Alibag,Raigad,18.641,72.872,7,Konkan_Coastal,2023-08-09,6.14,28.4,24.6,26.5,89.4,IMD_AWS_NASA_POWER_Blended
MH_KON_05,Alibag,Raigad,18.641,72.872,7,Konkan_Coastal,2023-08-10,7.56,27.8,24.3,26.1,90.3,IMD_AWS_NASA_POWER_Blended
MH_KON_05,Alibag,Raigad,18.641,72.872,7,Konkan_Coastal,2023-08-11,2.41,29.0,24.1,26.6,87.2,IMD_AWS_NASA_POWER_Blended
MH_KON_05,Alibag,Raigad,18.641,72.872,7,Konkan_Coastal,2023-08-12,4.54,28.7,24.0,26.3,87.0,IMD_AWS_NASA_POWER_Blended
MH_KON_05,Alibag,Raigad,18.641,72.872,7,Konkan_Coastal,2023-08-13,6.49,28.4,24.5,26.4,88.3,IMD_AWS_NASA_POWER_Blended
MH_KON_05,Alibag,Raigad,18.641,72.872,7,Konkan_Coastal,2023-08-14,2.46,28.5,24.3,26.4,87.6,IMD_AWS_NASA_POWER_Blended
MH_KON_05,Alibag,Raigad,18.641,72.872,7,Konkan_Coastal,2023-08-15,2.76,28.6,24.3,26.4,86.8,IMD_AWS_NASA_POWER_Blended
MH_KON_05,Alibag,Raigad,18.641,72.872,7,Konkan_Coastal,2023-08-16,3.73,29.1,24.1,26.6,86.8,IMD_AWS_NASA_POWER_Blended
MH_KON_05,Alibag,Raigad,18.641,72.872,7,Konkan_Coastal,2023-08-17,3.51,29.0,24.0,26.5,87.7,IMD_AWS_NASA_POWER_Blended
MH_KON_05,Alibag,Raigad,18.641,72.872,7,Konkan_Coastal,2023-08-18,3.84,27.9,24.3,26.1,88.5,IMD_AWS_NASA_POWER_Blended
MH_KON_05,Alibag,Raigad,18.641,72.872,7,Konkan_Coastal,2023-08-19,7.79,28.9,24.6,26.7,88.8,IMD_AWS_NASA_POWER_Blended
MH_KON_05,Alibag,Raigad,18.641,72.872,7,Konkan_Coastal,2023-08-20,10.17,28.9,24.4,26.6,88.7,IMD_AWS_NASA_POWER_Blended
MH_KON_05,Alibag,Raigad,18.641,72.872,7,Konkan_Coastal,2023-08-21,4.07,28.9,24.2,26.5,87.7,IMD_AWS_NASA_POWER_Blended
MH_KON_05,Alibag,Raigad,18.641,72.872,7,Konkan_Coastal,2023-08-22,5.98,28.8,24.0,26.4,88.2,IMD_AWS_NASA_POWER_Blended
MH_KON_05,Alibag,Raigad,18.641,72.872,7,Konkan_Coastal,2023-08-23,5.1,28.4,24.1,26.2,89.5,IMD_AWS_NASA_POWER_Blended
MH_KON_05,Alibag,Raigad,18.641,72.872,7,Konkan_Coastal,2023-08-24,12.8,29.1,24.5,26.8,89.9,IMD_AWS_NASA_POWER_Blended
MH_KON_05,Alibag,Raigad,18.641,72.872,7,Konkan_Coastal,2023-08-25,17.2,29.0,25.1,27.1,90.0,IMD_AWS_NASA_POWER_Blended
MH_KON_05,Alibag,Raigad,18.641,72.872,7,Konkan_Coastal,2023-08-26,15.87,29.0,25.1,27.0,88.8,IMD_AWS_NASA_POWER_Blended
MH_KON_05,Alibag,Raigad,18.641,72.872,7,Konkan_Coastal,2023-08-27,15.73,29.4,24.9,27.2,88.2,IMD_AWS_NASA_POWER_Blended
MH_KON_05,Alibag,Raigad,18.641,72.872,7,Konkan_Coastal,2023-08-28,12.46,28.9,24.3,26.6,90.0,IMD_AWS_NASA_POWER_Blended
MH_KON_05,Alibag,Raigad,18.641,72.872,7,Konkan_Coastal,2023-08-29,1.83,29.3,23.8,26.6,88.1,IMD_AWS_NASA_POWER_Blended
MH_KON_05,Alibag,Raigad,18.641,72.872,7,Konkan_Coastal,2023-08-30,0.53,29.8,24.0,26.9,85.3,IMD_AWS_NASA_POWER_Blended
MH_KON_05,Alibag,Raigad,18.641,72.872,7,Konkan_Coastal,2023-08-31,0.89,30.6,23.7,27.1,86.3,IMD_AWS_NASA_POWER_Blended
MH_KON_05,Alibag,Raigad,18.641,72.872,7,Konkan_Coastal,2023-09-01,7.18,30.8,24.1,27.4,87.3,IMD_AWS_NASA_POWER_Blended
MH_KON_05,Alibag,Raigad,18.641,72.872,7,Konkan_Coastal,2023-09-02,22.11,27.2,24.3,25.8,91.3,IMD_AWS_NASA_POWER_Blended
MH_KON_05,Alibag,Raigad,18.641,72.872,7,Konkan_Coastal,2023-09-03,3.56,29.1,24.0,26.6,87.6,IMD_AWS_NASA_POWER_Blended
MH_KON_05,Alibag,Raigad,18.641,72.872,7,Konkan_Coastal,2023-09-04,1.5,29.0,23.9,26.4,87.4,IMD_AWS_NASA_POWER_Blended
MH_KON_05,Alibag,Raigad,18.641,72.872,7,Konkan_Coastal,2023-09-05,0.71,29.6,23.7,26.6,86.1,IMD_AWS_NASA_POWER_Blended
MH_KON_05,Alibag,Raigad,18.641,72.872,7,Konkan_Coastal,2023-09-06,4.14,29.0,23.7,26.4,88.4,IMD_AWS_NASA_POWER_Blended
MH_KON_05,Alibag,Raigad,18.641,72.872,7,Konkan_Coastal,2023-09-07,59.16,26.9,24.9,25.9,91.7,IMD_AWS_NASA_POWER_Blended
MH_KON_05,Alibag,Raigad,18.641,72.872,7,Konkan_Coastal,2023-09-08,52.61,27.5,25.2,26.4,93.2,IMD_AWS_NASA_POWER_Blended
MH_KON_05,Alibag,Raigad,18.641,72.872,7,Konkan_Coastal,2023-09-09,15.39,28.9,25.5,27.2,90.9,IMD_AWS_NASA_POWER_Blended
MH_KON_05,Alibag,Raigad,18.641,72.872,7,Konkan_Coastal,2023-09-10,9.84,29.4,25.4,27.4,89.7,IMD_AWS_NASA_POWER_Blended
MH_KON_05,Alibag,Raigad,18.641,72.872,7,Konkan_Coastal,2023-09-11,4.02,29.4,25.0,27.2,89.3,IMD_AWS_NASA_POWER_Blended
MH_KON_05,Alibag,Raigad,18.641,72.872,7,Konkan_Coastal,2023-09-12,2.45,29.1,24.2,26.7,88.6,IMD_AWS_NASA_POWER_Blended
MH_KON_05,Alibag,Raigad,18.641,72.872,7,Konkan_Coastal,2023-09-13,5.33,28.9,24.3,26.6,88.8,IMD_AWS_NASA_POWER_Blended
MH_KON_05,Alibag,Raigad,18.641,72.872,7,Konkan_Coastal,2023-09-14,4.27,29.4,24.0,26.7,87.2,IMD_AWS_NASA_POWER_Blended
MH_KON_05,Alibag,Raigad,18.641,72.872,7,Konkan_Coastal,2023-09-15,1.74,29.3,24.5,26.9,88.2,IMD_AWS_NASA_POWER_Blended
MH_KON_05,Alibag,Raigad,18.641,72.872,7,Konkan_Coastal,2023-09-16,6.85,28.5,25.5,27.0,90.7,IMD_AWS_NASA_POWER_Blended
MH_KON_05,Alibag,Raigad,18.641,72.872,7,Konkan_Coastal,2023-09-17,8.42,29.4,25.7,27.5,89.1,IMD_AWS_NASA_POWER_Blended
MH_KON_05,Alibag,Raigad,18.641,72.872,7,Konkan_Coastal,2023-09-18,13.2,29.5,25.5,27.5,88.8,IMD_AWS_NASA_POWER_Blended
MH_KON_05,Alibag,Raigad,18.641,72.872,7,Konkan_Coastal,2023-09-19,12.24,29.5,25.4,27.5,88.4,IMD_AWS_NASA_POWER_Blended
MH_KON_05,Alibag,Raigad,18.641,72.872,7,Konkan_Coastal,2023-09-20,16.84,29.6,25.4,27.5,90.2,IMD_AWS_NASA_POWER_Blended
MH_KON_05,Alibag,Raigad,18.641,72.872,7,Konkan_Coastal,2023-09-21,30.0,29.0,25.5,27.3,92.2,IMD_AWS_NASA_POWER_Blended
MH_KON_05,Alibag,Raigad,18.641,72.872,7,Konkan_Coastal,2023-09-22,15.43,29.3,25.0,27.1,89.9,IMD_AWS_NASA_POWER_Blended
MH_KON_05,Alibag,Raigad,18.641,72.872,7,Konkan_Coastal,2023-09-23,29.06,27.9,24.6,26.2,92.6,IMD_AWS_NASA_POWER_Blended
MH_KON_05,Alibag,Raigad,18.641,72.872,7,Konkan_Coastal,2023-09-24,12.37,28.2,24.2,26.2,89.5,IMD_AWS_NASA_POWER_Blended
MH_KON_05,Alibag,Raigad,18.641,72.872,7,Konkan_Coastal,2023-09-25,15.23,28.5,24.0,26.3,90.5,IMD_AWS_NASA_POWER_Blended
MH_KON_05,Alibag,Raigad,18.641,72.872,7,Konkan_Coastal,2023-09-26,16.23,28.2,24.3,26.3,90.1,IMD_AWS_NASA_POWER_Blended
MH_KON_05,Alibag,Raigad,18.641,72.872,7,Konkan_Coastal,2023-09-27,23.93,29.1,24.8,26.9,92.3,IMD_AWS_NASA_POWER_Blended
MH_KON_05,Alibag,Raigad,18.641,72.872,7,Konkan_Coastal,2023-09-28,19.73,29.4,25.2,27.3,92.2,IMD_AWS_NASA_POWER_Blended
MH_KON_05,Alibag,Raigad,18.641,72.872,7,Konkan_Coastal,2023-09-29,21.46,31.0,25.1,28.0,87.7,IMD_AWS_NASA_POWER_Blended
MH_KON_05,Alibag,Raigad,18.641,72.872,7,Konkan_Coastal,2023-09-30,13.94,29.8,24.9,27.4,91.4,IMD_AWS_NASA_POWER_Blended
MH_KON_05,Alibag,Raigad,18.641,72.872,7,Konkan_Coastal,2023-10-01,32.37,28.1,24.8,26.5,94.1,IMD_AWS_NASA_POWER_Blended
MH_KON_05,Alibag,Raigad,18.641,72.872,7,Konkan_Coastal,2023-10-02,11.77,28.9,24.3,26.6,88.1,IMD_AWS_NASA_POWER_Blended
MH_KON_05,Alibag,Raigad,18.641,72.872,7,Konkan_Coastal,2023-10-03,0.15,29.0,23.8,26.4,86.3,IMD_AWS_NASA_POWER_Blended
MH_KON_05,Alibag,Raigad,18.641,72.872,7,Konkan_Coastal,2023-10-04,0.0,30.0,23.7,26.9,86.7,IMD_AWS_NASA_POWER_Blended
MH_KON_05,Alibag,Raigad,18.641,72.872,7,Konkan_Coastal,2023-10-05,0.01,29.7,22.7,26.2,87.8,IMD_AWS_NASA_POWER_Blended
MH_KON_05,Alibag,Raigad,18.641,72.872,7,Konkan_Coastal,2023-10-06,0.03,30.1,22.8,26.4,87.3,IMD_AWS_NASA_POWER_Blended
MH_KON_05,Alibag,Raigad,18.641,72.872,7,Konkan_Coastal,2023-10-07,0.0,30.9,23.2,27.0,86.4,IMD_AWS_NASA_POWER_Blended
MH_KON_05,Alibag,Raigad,18.641,72.872,7,Konkan_Coastal,2023-10-08,0.01,32.4,23.1,27.8,83.3,IMD_AWS_NASA_POWER_Blended
MH_KON_05,Alibag,Raigad,18.641,72.872,7,Konkan_Coastal,2023-10-09,0.01,31.4,23.4,27.4,84.5,IMD_AWS_NASA_POWER_Blended
MH_KON_05,Alibag,Raigad,18.641,72.872,7,Konkan_Coastal,2023-10-10,0.0,31.0,22.3,26.6,84.2,IMD_AWS_NASA_POWER_Blended
MH_KON_05,Alibag,Raigad,18.641,72.872,7,Konkan_Coastal,2023-10-11,0.0,31.5,22.2,26.9,82.8,IMD_AWS_NASA_POWER_Blended
MH_KON_05,Alibag,Raigad,18.641,72.872,7,Konkan_Coastal,2023-10-12,0.0,32.9,23.2,28.1,78.5,IMD_AWS_NASA_POWER_Blended
MH_KON_05,Alibag,Raigad,18.641,72.872,7,Konkan_Coastal,2023-10-13,0.1,33.1,22.9,28.0,76.9,IMD_AWS_NASA_POWER_Blended
MH_KON_05,Alibag,Raigad,18.641,72.872,7,Konkan_Coastal,2023-10-14,0.1,32.4,22.9,27.7,73.7,IMD_AWS_NASA_POWER_Blended
MH_KON_05,Alibag,Raigad,18.641,72.872,7,Konkan_Coastal,2023-10-15,0.3,32.7,23.0,27.9,78.2,IMD_AWS_NASA_POWER_Blended
MH_KON_05,Alibag,Raigad,18.641,72.872,7,Konkan_Coastal,2023-10-16,1.0,32.2,23.7,27.9,77.7,IMD_AWS_NASA_POWER_Blended
MH_KON_05,Alibag,Raigad,18.641,72.872,7,Konkan_Coastal,2023-10-17,0.73,32.4,23.6,28.0,76.5,IMD_AWS_NASA_POWER_Blended
MH_KON_05,Alibag,Raigad,18.641,72.872,7,Konkan_Coastal,2023-10-18,0.08,32.2,23.1,27.7,78.1,IMD_AWS_NASA_POWER_Blended
MH_KON_05,Alibag,Raigad,18.641,72.872,7,Konkan_Coastal,2023-10-19,0.02,32.7,22.6,27.7,75.2,IMD_AWS_NASA_POWER_Blended
MH_KON_05,Alibag,Raigad,18.641,72.872,7,Konkan_Coastal,2023-10-20,0.04,32.2,23.6,27.9,74.7,IMD_AWS_NASA_POWER_Blended
MH_KON_05,Alibag,Raigad,18.641,72.872,7,Konkan_Coastal,2023-10-21,0.12,31.1,24.1,27.6,75.8,IMD_AWS_NASA_POWER_Blended
MH_KON_05,Alibag,Raigad,18.641,72.872,7,Konkan_Coastal,2023-10-22,0.11,32.0,23.8,27.9,77.8,IMD_AWS_NASA_POWER_Blended
MH_KON_05,Alibag,Raigad,18.641,72.872,7,Konkan_Coastal,2023-10-23,0.01,32.2,22.1,27.2,74.3,IMD_AWS_NASA_POWER_Blended
MH_KON_05,Alibag,Raigad,18.641,72.872,7,Konkan_Coastal,2023-10-24,0.0,32.1,22.3,27.2,74.0,IMD_AWS_NASA_POWER_Blended
MH_KON_05,Alibag,Raigad,18.641,72.872,7,Konkan_Coastal,2023-10-25,0.0,32.2,21.7,27.0,71.5,IMD_AWS_NASA_POWER_Blended
MH_KON_05,Alibag,Raigad,18.641,72.872,7,Konkan_Coastal,2023-10-26,0.0,31.8,20.6,26.1,66.1,IMD_AWS_NASA_POWER_Blended
MH_KON_05,Alibag,Raigad,18.641,72.872,7,Konkan_Coastal,2023-10-27,0.0,31.4,19.3,25.4,64.1,IMD_AWS_NASA_POWER_Blended
MH_KON_05,Alibag,Raigad,18.641,72.872,7,Konkan_Coastal,2023-10-28,0.0,32.0,19.4,25.7,64.1,IMD_AWS_NASA_POWER_Blended
MH_KON_05,Alibag,Raigad,18.641,72.872,7,Konkan_Coastal,2023-10-29,0.0,32.2,19.3,25.8,65.0,IMD_AWS_NASA_POWER_Blended
MH_KON_05,Alibag,Raigad,18.641,72.872,7,Konkan_Coastal,2023-10-30,0.0,31.8,19.9,25.9,67.0,IMD_AWS_NASA_POWER_Blended
MH_KON_05,Alibag,Raigad,18.641,72.872,7,Konkan_Coastal,2023-10-31,0.0,31.5,19.3,25.4,67.8,IMD_AWS_NASA_POWER_Blended
MH_KON_06,Vengurla,Sindhudurg,15.864,73.635,25,Konkan_Coastal,2023-06-01,2.88,32.3,26.9,29.6,76.4,IMD_AWS_NASA_POWER_Blended
MH_KON_06,Vengurla,Sindhudurg,15.864,73.635,25,Konkan_Coastal,2023-06-02,0.36,34.6,25.9,30.2,69.0,IMD_AWS_NASA_POWER_Blended
MH_KON_06,Vengurla,Sindhudurg,15.864,73.635,25,Konkan_Coastal,2023-06-03,0.13,36.1,26.1,31.1,67.3,IMD_AWS_NASA_POWER_Blended
MH_KON_06,Vengurla,Sindhudurg,15.864,73.635,25,Konkan_Coastal,2023-06-04,1.04,36.1,27.1,31.6,67.2,IMD_AWS_NASA_POWER_Blended
MH_KON_06,Vengurla,Sindhudurg,15.864,73.635,25,Konkan_Coastal,2023-06-05,1.43,32.8,27.1,30.0,72.3,IMD_AWS_NASA_POWER_Blended
MH_KON_06,Vengurla,Sindhudurg,15.864,73.635,25,Konkan_Coastal,2023-06-06,0.04,35.7,26.9,31.3,67.4,IMD_AWS_NASA_POWER_Blended
MH_KON_06,Vengurla,Sindhudurg,15.864,73.635,25,Konkan_Coastal,2023-06-07,0.05,35.4,27.2,31.3,68.3,IMD_AWS_NASA_POWER_Blended
MH_KON_06,Vengurla,Sindhudurg,15.864,73.635,25,Konkan_Coastal,2023-06-08,0.29,34.1,27.6,30.8,68.9,IMD_AWS_NASA_POWER_Blended
MH_KON_06,Vengurla,Sindhudurg,15.864,73.635,25,Konkan_Coastal,2023-06-09,0.97,33.1,27.5,30.3,73.0,IMD_AWS_NASA_POWER_Blended
MH_KON_06,Vengurla,Sindhudurg,15.864,73.635,25,Konkan_Coastal,2023-06-10,19.71,30.6,27.5,29.1,78.2,IMD_AWS_NASA_POWER_Blended
MH_KON_06,Vengurla,Sindhudurg,15.864,73.635,25,Konkan_Coastal,2023-06-11,9.15,32.5,26.7,29.6,74.6,IMD_AWS_NASA_POWER_Blended
MH_KON_06,Vengurla,Sindhudurg,15.864,73.635,25,Konkan_Coastal,2023-06-12,7.93,32.9,26.9,29.9,71.9,IMD_AWS_NASA_POWER_Blended
MH_KON_06,Vengurla,Sindhudurg,15.864,73.635,25,Konkan_Coastal,2023-06-13,2.93,32.8,27.0,29.9,74.4,IMD_AWS_NASA_POWER_Blended
MH_KON_06,Vengurla,Sindhudurg,15.864,73.635,25,Konkan_Coastal,2023-06-14,5.05,32.2,26.8,29.5,76.2,IMD_AWS_NASA_POWER_Blended
MH_KON_06,Vengurla,Sindhudurg,15.864,73.635,25,Konkan_Coastal,2023-06-15,1.52,32.7,26.8,29.8,75.7,IMD_AWS_NASA_POWER_Blended
MH_KON_06,Vengurla,Sindhudurg,15.864,73.635,25,Konkan_Coastal,2023-06-16,3.39,32.3,26.7,29.5,76.8,IMD_AWS_NASA_POWER_Blended
MH_KON_06,Vengurla,Sindhudurg,15.864,73.635,25,Konkan_Coastal,2023-06-17,6.89,31.3,26.4,28.9,80.9,IMD_AWS_NASA_POWER_Blended
MH_KON_06,Vengurla,Sindhudurg,15.864,73.635,25,Konkan_Coastal,2023-06-18,2.27,32.1,26.2,29.1,79.2,IMD_AWS_NASA_POWER_Blended
MH_KON_06,Vengurla,Sindhudurg,15.864,73.635,25,Konkan_Coastal,2023-06-19,0.51,32.4,26.1,29.3,78.5,IMD_AWS_NASA_POWER_Blended
MH_KON_06,Vengurla,Sindhudurg,15.864,73.635,25,Konkan_Coastal,2023-06-20,0.6,33.1,26.2,29.7,76.9,IMD_AWS_NASA_POWER_Blended
MH_KON_06,Vengurla,Sindhudurg,15.864,73.635,25,Konkan_Coastal,2023-06-21,1.51,32.7,26.5,29.6,78.1,IMD_AWS_NASA_POWER_Blended
MH_KON_06,Vengurla,Sindhudurg,15.864,73.635,25,Konkan_Coastal,2023-06-22,10.19,29.8,26.4,28.1,83.0,IMD_AWS_NASA_POWER_Blended
MH_KON_06,Vengurla,Sindhudurg,15.864,73.635,25,Konkan_Coastal,2023-06-23,10.33,31.2,26.1,28.6,78.9,IMD_AWS_NASA_POWER_Blended
MH_KON_06,Vengurla,Sindhudurg,15.864,73.635,25,Konkan_Coastal,2023-06-24,27.83,30.9,25.8,28.3,81.4,IMD_AWS_NASA_POWER_Blended
MH_KON_06,Vengurla,Sindhudurg,15.864,73.635,25,Konkan_Coastal,2023-06-25,17.57,29.8,25.9,27.9,85.0,IMD_AWS_NASA_POWER_Blended
MH_KON_06,Vengurla,Sindhudurg,15.864,73.635,25,Konkan_Coastal,2023-06-26,27.43,30.6,25.6,28.1,83.8,IMD_AWS_NASA_POWER_Blended
MH_KON_06,Vengurla,Sindhudurg,15.864,73.635,25,Konkan_Coastal,2023-06-27,76.46,28.5,24.9,26.7,85.5,IMD_AWS_NASA_POWER_Blended
MH_KON_06,Vengurla,Sindhudurg,15.864,73.635,25,Konkan_Coastal,2023-06-28,30.69,28.8,24.6,26.7,85.8,IMD_AWS_NASA_POWER_Blended
MH_KON_06,Vengurla,Sindhudurg,15.864,73.635,25,Konkan_Coastal,2023-06-29,55.61,28.1,24.5,26.3,88.4,IMD_AWS_NASA_POWER_Blended
MH_KON_06,Vengurla,Sindhudurg,15.864,73.635,25,Konkan_Coastal,2023-06-30,57.08,28.4,24.5,26.4,89.7,IMD_AWS_NASA_POWER_Blended
MH_KON_06,Vengurla,Sindhudurg,15.864,73.635,25,Konkan_Coastal,2023-07-01,35.96,28.2,25.2,26.7,89.7,IMD_AWS_NASA_POWER_Blended
MH_KON_06,Vengurla,Sindhudurg,15.864,73.635,25,Konkan_Coastal,2023-07-02,35.54,28.0,25.4,26.7,90.5,IMD_AWS_NASA_POWER_Blended
MH_KON_06,Vengurla,Sindhudurg,15.864,73.635,25,Konkan_Coastal,2023-07-03,44.05,28.7,26.1,27.4,91.5,IMD_AWS_NASA_POWER_Blended
MH_KON_06,Vengurla,Sindhudurg,15.864,73.635,25,Konkan_Coastal,2023-07-04,45.3,27.3,25.2,26.3,93.1,IMD_AWS_NASA_POWER_Blended
MH_KON_06,Vengurla,Sindhudurg,15.864,73.635,25,Konkan_Coastal,2023-07-05,64.38,27.2,24.4,25.8,91.8,IMD_AWS_NASA_POWER_Blended
MH_KON_06,Vengurla,Sindhudurg,15.864,73.635,25,Konkan_Coastal,2023-07-06,69.93,26.6,24.5,25.6,90.8,IMD_AWS_NASA_POWER_Blended
MH_KON_06,Vengurla,Sindhudurg,15.864,73.635,25,Konkan_Coastal,2023-07-07,44.68,27.1,24.9,26.0,91.0,IMD_AWS_NASA_POWER_Blended
MH_KON_06,Vengurla,Sindhudurg,15.864,73.635,25,Konkan_Coastal,2023-07-08,24.67,27.9,25.0,26.4,89.9,IMD_AWS_NASA_POWER_Blended
MH_KON_06,Vengurla,Sindhudurg,15.864,73.635,25,Konkan_Coastal,2023-07-09,9.78,28.1,25.3,26.7,90.2,IMD_AWS_NASA_POWER_Blended
MH_KON_06,Vengurla,Sindhudurg,15.864,73.635,25,Konkan_Coastal,2023-07-10,7.95,28.2,24.8,26.5,89.7,IMD_AWS_NASA_POWER_Blended
MH_KON_06,Vengurla,Sindhudurg,15.864,73.635,25,Konkan_Coastal,2023-07-11,3.46,27.4,24.5,25.9,91.4,IMD_AWS_NASA_POWER_Blended
MH_KON_06,Vengurla,Sindhudurg,15.864,73.635,25,Konkan_Coastal,2023-07-12,9.03,27.8,25.0,26.4,90.6,IMD_AWS_NASA_POWER_Blended
MH_KON_06,Vengurla,Sindhudurg,15.864,73.635,25,Konkan_Coastal,2023-07-13,56.09,27.5,25.5,26.5,92.1,IMD_AWS_NASA_POWER_Blended
MH_KON_06,Vengurla,Sindhudurg,15.864,73.635,25,Konkan_Coastal,2023-07-14,45.21,27.9,24.6,26.2,91.1,IMD_AWS_NASA_POWER_Blended
MH_KON_06,Vengurla,Sindhudurg,15.864,73.635,25,Konkan_Coastal,2023-07-15,13.44,28.3,24.2,26.2,90.7,IMD_AWS_NASA_POWER_Blended
MH_KON_06,Vengurla,Sindhudurg,15.864,73.635,25,Konkan_Coastal,2023-07-16,6.81,27.9,25.0,26.4,91.5,IMD_AWS_NASA_POWER_Blended
MH_KON_06,Vengurla,Sindhudurg,15.864,73.635,25,Konkan_Coastal,2023-07-17,21.23,27.6,25.6,26.6,91.1,IMD_AWS_NASA_POWER_Blended
MH_KON_06,Vengurla,Sindhudurg,15.864,73.635,25,Konkan_Coastal,2023-07-18,60.66,27.1,25.2,26.2,92.0,IMD_AWS_NASA_POWER_Blended
MH_KON_06,Vengurla,Sindhudurg,15.864,73.635,25,Konkan_Coastal,2023-07-19,70.97,26.6,25.2,25.9,93.2,IMD_AWS_NASA_POWER_Blended
MH_KON_06,Vengurla,Sindhudurg,15.864,73.635,25,Konkan_Coastal,2023-07-20,59.43,26.8,24.7,25.8,92.9,IMD_AWS_NASA_POWER_Blended
MH_KON_06,Vengurla,Sindhudurg,15.864,73.635,25,Konkan_Coastal,2023-07-21,71.05,26.5,24.7,25.6,93.2,IMD_AWS_NASA_POWER_Blended
MH_KON_06,Vengurla,Sindhudurg,15.864,73.635,25,Konkan_Coastal,2023-07-22,72.62,26.2,24.6,25.4,93.3,IMD_AWS_NASA_POWER_Blended
MH_KON_06,Vengurla,Sindhudurg,15.864,73.635,25,Konkan_Coastal,2023-07-23,80.86,27.0,24.9,26.0,92.3,IMD_AWS_NASA_POWER_Blended
MH_KON_06,Vengurla,Sindhudurg,15.864,73.635,25,Konkan_Coastal,2023-07-24,67.13,26.8,24.8,25.8,93.0,IMD_AWS_NASA_POWER_Blended
MH_KON_06,Vengurla,Sindhudurg,15.864,73.635,25,Konkan_Coastal,2023-07-25,41.88,27.1,24.4,25.7,92.3,IMD_AWS_NASA_POWER_Blended
MH_KON_06,Vengurla,Sindhudurg,15.864,73.635,25,Konkan_Coastal,2023-07-26,93.95,26.6,24.6,25.6,93.5,IMD_AWS_NASA_POWER_Blended
MH_KON_06,Vengurla,Sindhudurg,15.864,73.635,25,Konkan_Coastal,2023-07-27,50.29,26.3,24.6,25.5,93.3,IMD_AWS_NASA_POWER_Blended
MH_KON_06,Vengurla,Sindhudurg,15.864,73.635,25,Konkan_Coastal,2023-07-28,15.61,27.3,24.6,26.0,92.1,IMD_AWS_NASA_POWER_Blended
MH_KON_06,Vengurla,Sindhudurg,15.864,73.635,25,Konkan_Coastal,2023-07-29,8.23,27.6,24.4,26.0,90.4,IMD_AWS_NASA_POWER_Blended
MH_KON_06,Vengurla,Sindhudurg,15.864,73.635,25,Konkan_Coastal,2023-07-30,9.69,27.6,24.6,26.1,90.7,IMD_AWS_NASA_POWER_Blended
MH_KON_06,Vengurla,Sindhudurg,15.864,73.635,25,Konkan_Coastal,2023-07-31,14.83,27.8,24.8,26.3,90.8,IMD_AWS_NASA_POWER_Blended
MH_KON_06,Vengurla,Sindhudurg,15.864,73.635,25,Konkan_Coastal,2023-08-01,12.27,27.5,24.7,26.1,90.5,IMD_AWS_NASA_POWER_Blended
MH_KON_06,Vengurla,Sindhudurg,15.864,73.635,25,Konkan_Coastal,2023-08-02,5.75,27.3,24.7,26.0,90.4,IMD_AWS_NASA_POWER_Blended
MH_KON_06,Vengurla,Sindhudurg,15.864,73.635,25,Konkan_Coastal,2023-08-03,6.77,27.7,24.4,26.0,89.8,IMD_AWS_NASA_POWER_Blended
MH_KON_06,Vengurla,Sindhudurg,15.864,73.635,25,Konkan_Coastal,2023-08-04,9.47,28.1,24.8,26.5,90.0,IMD_AWS_NASA_POWER_Blended
MH_KON_06,Vengurla,Sindhudurg,15.864,73.635,25,Konkan_Coastal,2023-08-05,4.46,28.3,24.3,26.3,88.5,IMD_AWS_NASA_POWER_Blended
MH_KON_06,Vengurla,Sindhudurg,15.864,73.635,25,Konkan_Coastal,2023-08-06,5.77,27.9,24.1,26.0,91.1,IMD_AWS_NASA_POWER_Blended
MH_KON_06,Vengurla,Sindhudurg,15.864,73.635,25,Konkan_Coastal,2023-08-07,4.55,28.2,24.4,26.3,89.0,IMD_AWS_NASA_POWER_Blended
MH_KON_06,Vengurla,Sindhudurg,15.864,73.635,25,Konkan_Coastal,2023-08-08,5.88,28.4,24.1,26.3,88.7,IMD_AWS_NASA_POWER_Blended
MH_KON_06,Vengurla,Sindhudurg,15.864,73.635,25,Konkan_Coastal,2023-08-09,8.38,28.4,24.1,26.2,89.7,IMD_AWS_NASA_POWER_Blended
MH_KON_06,Vengurla,Sindhudurg,15.864,73.635,25,Konkan_Coastal,2023-08-10,1.4,28.4,24.0,26.2,89.9,IMD_AWS_NASA_POWER_Blended
MH_KON_06,Vengurla,Sindhudurg,15.864,73.635,25,Konkan_Coastal,2023-08-11,0.58,28.6,23.9,26.3,87.4,IMD_AWS_NASA_POWER_Blended
MH_KON_06,Vengurla,Sindhudurg,15.864,73.635,25,Konkan_Coastal,2023-08-12,1.41,28.4,23.6,26.0,87.6,IMD_AWS_NASA_POWER_Blended
MH_KON_06,Vengurla,Sindhudurg,15.864,73.635,25,Konkan_Coastal,2023-08-13,1.89,28.4,23.6,26.0,87.5,IMD_AWS_NASA_POWER_Blended
MH_KON_06,Vengurla,Sindhudurg,15.864,73.635,25,Konkan_Coastal,2023-08-14,0.72,27.4,23.7,25.6,87.6,IMD_AWS_NASA_POWER_Blended
MH_KON_06,Vengurla,Sindhudurg,15.864,73.635,25,Konkan_Coastal,2023-08-15,0.35,27.7,23.8,25.8,88.1,IMD_AWS_NASA_POWER_Blended
MH_KON_06,Vengurla,Sindhudurg,15.864,73.635,25,Konkan_Coastal,2023-08-16,4.05,28.8,23.6,26.2,87.9,IMD_AWS_NASA_POWER_Blended
MH_KON_06,Vengurla,Sindhudurg,15.864,73.635,25,Konkan_Coastal,2023-08-17,6.19,28.2,23.2,25.7,89.7,IMD_AWS_NASA_POWER_Blended
MH_KON_06,Vengurla,Sindhudurg,15.864,73.635,25,Konkan_Coastal,2023-08-18,5.2,28.1,23.9,26.0,88.8,IMD_AWS_NASA_POWER_Blended
MH_KON_06,Vengurla,Sindhudurg,15.864,73.635,25,Konkan_Coastal,2023-08-19,11.17,28.4,24.6,26.5,89.9,IMD_AWS_NASA_POWER_Blended
MH_KON_06,Vengurla,Sindhudurg,15.864,73.635,25,Konkan_Coastal,2023-08-20,5.09,28.5,24.6,26.5,89.0,IMD_AWS_NASA_POWER_Blended
MH_KON_06,Vengurla,Sindhudurg,15.864,73.635,25,Konkan_Coastal,2023-08-21,1.72,28.7,23.7,26.2,88.2,IMD_AWS_NASA_POWER_Blended
MH_KON_06,Vengurla,Sindhudurg,15.864,73.635,25,Konkan_Coastal,2023-08-22,0.17,28.8,23.3,26.0,88.2,IMD_AWS_NASA_POWER_Blended
MH_KON_06,Vengurla,Sindhudurg,15.864,73.635,25,Konkan_Coastal,2023-08-23,0.84,28.4,23.4,25.9,88.8,IMD_AWS_NASA_POWER_Blended
MH_KON_06,Vengurla,Sindhudurg,15.864,73.635,25,Konkan_Coastal,2023-08-24,16.54,28.4,23.8,26.1,89.5,IMD_AWS_NASA_POWER_Blended
MH_KON_06,Vengurla,Sindhudurg,15.864,73.635,25,Konkan_Coastal,2023-08-25,35.97,28.7,24.6,26.6,89.2,IMD_AWS_NASA_POWER_Blended
MH_KON_06,Vengurla,Sindhudurg,15.864,73.635,25,Konkan_Coastal,2023-08-26,9.57,28.0,24.4,26.2,90.0,IMD_AWS_NASA_POWER_Blended
MH_KON_06,Vengurla,Sindhudurg,15.864,73.635,25,Konkan_Coastal,2023-08-27,1.37,29.5,24.4,26.9,83.9,IMD_AWS_NASA_POWER_Blended
MH_KON_06,Vengurla,Sindhudurg,15.864,73.635,25,Konkan_Coastal,2023-08-28,6.09,29.0,24.1,26.5,87.2,IMD_AWS_NASA_POWER_Blended
MH_KON_06,Vengurla,Sindhudurg,15.864,73.635,25,Konkan_Coastal,2023-08-29,7.73,29.3,24.0,26.6,88.0,IMD_AWS_NASA_POWER_Blended
MH_KON_06,Vengurla,Sindhudurg,15.864,73.635,25,Konkan_Coastal,2023-08-30,4.16,29.6,23.8,26.7,86.0,IMD_AWS_NASA_POWER_Blended
MH_KON_06,Vengurla,Sindhudurg,15.864,73.635,25,Konkan_Coastal,2023-08-31,2.99,29.9,23.4,26.6,87.0,IMD_AWS_NASA_POWER_Blended
MH_KON_06,Vengurla,Sindhudurg,15.864,73.635,25,Konkan_Coastal,2023-09-01,7.78,29.3,24.1,26.7,88.1,IMD_AWS_NASA_POWER_Blended
MH_KON_06,Vengurla,Sindhudurg,15.864,73.635,25,Konkan_Coastal,2023-09-02,8.3,28.1,24.1,26.1,88.1,IMD_AWS_NASA_POWER_Blended
MH_KON_06,Vengurla,Sindhudurg,15.864,73.635,25,Konkan_Coastal,2023-09-03,3.8,28.3,23.9,26.1,88.0,IMD_AWS_NASA_POWER_Blended
MH_KON_06,Vengurla,Sindhudurg,15.864,73.635,25,Konkan_Coastal,2023-09-04,1.62,27.7,23.8,25.8,89.6,IMD_AWS_NASA_POWER_Blended
MH_KON_06,Vengurla,Sindhudurg,15.864,73.635,25,Konkan_Coastal,2023-09-05,1.48,27.9,23.9,25.9,89.3,IMD_AWS_NASA_POWER_Blended
MH_KON_06,Vengurla,Sindhudurg,15.864,73.635,25,Konkan_Coastal,2023-09-06,0.17,28.4,23.9,26.1,88.1,IMD_AWS_NASA_POWER_Blended
MH_KON_06,Vengurla,Sindhudurg,15.864,73.635,25,Konkan_Coastal,2023-09-07,8.33,28.4,23.9,26.2,89.1,IMD_AWS_NASA_POWER_Blended
MH_KON_06,Vengurla,Sindhudurg,15.864,73.635,25,Konkan_Coastal,2023-09-08,15.26,28.1,24.9,26.5,90.6,IMD_AWS_NASA_POWER_Blended
MH_KON_06,Vengurla,Sindhudurg,15.864,73.635,25,Konkan_Coastal,2023-09-09,28.97,29.2,24.8,27.0,90.0,IMD_AWS_NASA_POWER_Blended
MH_KON_06,Vengurla,Sindhudurg,15.864,73.635,25,Konkan_Coastal,2023-09-10,7.45,28.9,24.9,26.9,89.3,IMD_AWS_NASA_POWER_Blended
MH_KON_06,Vengurla,Sindhudurg,15.864,73.635,25,Konkan_Coastal,2023-09-11,5.77,28.8,24.8,26.8,88.8,IMD_AWS_NASA_POWER_Blended
MH_KON_06,Vengurla,Sindhudurg,15.864,73.635,25,Konkan_Coastal,2023-09-12,2.76,28.6,24.6,26.6,88.9,IMD_AWS_NASA_POWER_Blended
MH_KON_06,Vengurla,Sindhudurg,15.864,73.635,25,Konkan_Coastal,2023-09-13,1.77,28.0,24.1,26.1,90.0,IMD_AWS_NASA_POWER_Blended
MH_KON_06,Vengurla,Sindhudurg,15.864,73.635,25,Konkan_Coastal,2023-09-14,1.06,29.0,24.1,26.5,88.3,IMD_AWS_NASA_POWER_Blended
MH_KON_06,Vengurla,Sindhudurg,15.864,73.635,25,Konkan_Coastal,2023-09-15,2.25,28.8,24.3,26.5,89.1,IMD_AWS_NASA_POWER_Blended
MH_KON_06,Vengurla,Sindhudurg,15.864,73.635,25,Konkan_Coastal,2023-09-16,6.26,28.9,25.3,27.1,88.8,IMD_AWS_NASA_POWER_Blended
MH_KON_06,Vengurla,Sindhudurg,15.864,73.635,25,Konkan_Coastal,2023-09-17,5.37,29.2,25.2,27.2,88.9,IMD_AWS_NASA_POWER_Blended
MH_KON_06,Vengurla,Sindhudurg,15.864,73.635,25,Konkan_Coastal,2023-09-18,13.35,29.0,24.8,26.9,89.0,IMD_AWS_NASA_POWER_Blended
MH_KON_06,Vengurla,Sindhudurg,15.864,73.635,25,Konkan_Coastal,2023-09-19,16.26,28.7,24.7,26.7,89.5,IMD_AWS_NASA_POWER_Blended
MH_KON_06,Vengurla,Sindhudurg,15.864,73.635,25,Konkan_Coastal,2023-09-20,30.88,28.6,24.9,26.8,90.1,IMD_AWS_NASA_POWER_Blended
MH_KON_06,Vengurla,Sindhudurg,15.864,73.635,25,Konkan_Coastal,2023-09-21,39.1,28.6,24.9,26.8,90.1,IMD_AWS_NASA_POWER_Blended
MH_KON_06,Vengurla,Sindhudurg,15.864,73.635,25,Konkan_Coastal,2023-09-22,14.37,27.8,24.6,26.2,90.7,IMD_AWS_NASA_POWER_Blended
MH_KON_06,Vengurla,Sindhudurg,15.864,73.635,25,Konkan_Coastal,2023-09-23,11.52,29.4,24.7,27.1,85.8,IMD_AWS_NASA_POWER_Blended
MH_KON_06,Vengurla,Sindhudurg,15.864,73.635,25,Konkan_Coastal,2023-09-24,13.53,27.6,23.9,25.8,89.8,IMD_AWS_NASA_POWER_Blended
MH_KON_06,Vengurla,Sindhudurg,15.864,73.635,25,Konkan_Coastal,2023-09-25,12.08,28.1,23.5,25.8,86.6,IMD_AWS_NASA_POWER_Blended
MH_KON_06,Vengurla,Sindhudurg,15.864,73.635,25,Konkan_Coastal,2023-09-26,16.03,27.4,23.8,25.6,88.3,IMD_AWS_NASA_POWER_Blended
MH_KON_06,Vengurla,Sindhudurg,15.864,73.635,25,Konkan_Coastal,2023-09-27,27.01,26.0,24.1,25.0,93.2,IMD_AWS_NASA_POWER_Blended
MH_KON_06,Vengurla,Sindhudurg,15.864,73.635,25,Konkan_Coastal,2023-09-28,22.02,28.3,24.8,26.6,93.5,IMD_AWS_NASA_POWER_Blended
MH_KON_06,Vengurla,Sindhudurg,15.864,73.635,25,Konkan_Coastal,2023-09-29,53.63,27.7,24.8,26.2,93.2,IMD_AWS_NASA_POWER_Blended
MH_KON_06,Vengurla,Sindhudurg,15.864,73.635,25,Konkan_Coastal,2023-09-30,27.03,27.1,24.9,26.0,93.3,IMD_AWS_NASA_POWER_Blended
MH_KON_06,Vengurla,Sindhudurg,15.864,73.635,25,Konkan_Coastal,2023-10-01,53.17,26.9,24.5,25.7,93.5,IMD_AWS_NASA_POWER_Blended
MH_KON_06,Vengurla,Sindhudurg,15.864,73.635,25,Konkan_Coastal,2023-10-02,4.31,27.6,24.1,25.8,89.0,IMD_AWS_NASA_POWER_Blended
MH_KON_06,Vengurla,Sindhudurg,15.864,73.635,25,Konkan_Coastal,2023-10-03,0.11,28.1,23.9,26.0,88.0,IMD_AWS_NASA_POWER_Blended
MH_KON_06,Vengurla,Sindhudurg,15.864,73.635,25,Konkan_Coastal,2023-10-04,3.8,28.9,23.3,26.1,89.0,IMD_AWS_NASA_POWER_Blended
MH_KON_06,Vengurla,Sindhudurg,15.864,73.635,25,Konkan_Coastal,2023-10-05,1.59,29.2,23.6,26.4,89.5,IMD_AWS_NASA_POWER_Blended
MH_KON_06,Vengurla,Sindhudurg,15.864,73.635,25,Konkan_Coastal,2023-10-06,0.37,29.2,23.7,26.4,88.4,IMD_AWS_NASA_POWER_Blended
MH_KON_06,Vengurla,Sindhudurg,15.864,73.635,25,Konkan_Coastal,2023-10-07,0.02,30.4,23.4,26.9,88.0,IMD_AWS_NASA_POWER_Blended
MH_KON_06,Vengurla,Sindhudurg,15.864,73.635,25,Konkan_Coastal,2023-10-08,0.02,31.3,23.6,27.5,85.7,IMD_AWS_NASA_POWER_Blended
MH_KON_06,Vengurla,Sindhudurg,15.864,73.635,25,Konkan_Coastal,2023-10-09,0.04,30.8,23.6,27.2,86.5,IMD_AWS_NASA_POWER_Blended
MH_KON_06,Vengurla,Sindhudurg,15.864,73.635,25,Konkan_Coastal,2023-10-10,0.02,31.2,24.1,27.6,86.4,IMD_AWS_NASA_POWER_Blended
MH_KON_06,Vengurla,Sindhudurg,15.864,73.635,25,Konkan_Coastal,2023-10-11,0.01,31.6,23.9,27.7,84.7,IMD_AWS_NASA_POWER_Blended
MH_KON_06,Vengurla,Sindhudurg,15.864,73.635,25,Konkan_Coastal,2023-10-12,0.05,32.1,24.0,28.1,82.5,IMD_AWS_NASA_POWER_Blended
MH_KON_06,Vengurla,Sindhudurg,15.864,73.635,25,Konkan_Coastal,2023-10-13,2.26,32.0,24.0,28.0,82.2,IMD_AWS_NASA_POWER_Blended
MH_KON_06,Vengurla,Sindhudurg,15.864,73.635,25,Konkan_Coastal,2023-10-14,0.76,30.7,23.0,26.9,82.6,IMD_AWS_NASA_POWER_Blended
MH_KON_06,Vengurla,Sindhudurg,15.864,73.635,25,Konkan_Coastal,2023-10-15,0.21,30.9,24.2,27.5,80.2,IMD_AWS_NASA_POWER_Blended
MH_KON_06,Vengurla,Sindhudurg,15.864,73.635,25,Konkan_Coastal,2023-10-16,1.53,30.2,25.4,27.8,78.8,IMD_AWS_NASA_POWER_Blended
MH_KON_06,Vengurla,Sindhudurg,15.864,73.635,25,Konkan_Coastal,2023-10-17,0.94,30.9,24.2,27.6,81.6,IMD_AWS_NASA_POWER_Blended
MH_KON_06,Vengurla,Sindhudurg,15.864,73.635,25,Konkan_Coastal,2023-10-18,0.1,32.2,23.8,28.0,80.2,IMD_AWS_NASA_POWER_Blended
MH_KON_06,Vengurla,Sindhudurg,15.864,73.635,25,Konkan_Coastal,2023-10-19,0.01,32.1,22.6,27.4,78.1,IMD_AWS_NASA_POWER_Blended
MH_KON_06,Vengurla,Sindhudurg,15.864,73.635,25,Konkan_Coastal,2023-10-20,0.01,32.1,22.9,27.5,78.9,IMD_AWS_NASA_POWER_Blended
MH_KON_06,Vengurla,Sindhudurg,15.864,73.635,25,Konkan_Coastal,2023-10-21,0.01,32.2,23.1,27.7,79.3,IMD_AWS_NASA_POWER_Blended
MH_KON_06,Vengurla,Sindhudurg,15.864,73.635,25,Konkan_Coastal,2023-10-22,0.02,31.8,23.1,27.5,79.9,IMD_AWS_NASA_POWER_Blended
MH_KON_06,Vengurla,Sindhudurg,15.864,73.635,25,Konkan_Coastal,2023-10-23,0.0,32.2,22.1,27.1,75.3,IMD_AWS_NASA_POWER_Blended
MH_KON_06,Vengurla,Sindhudurg,15.864,73.635,25,Konkan_Coastal,2023-10-24,0.0,31.1,22.0,26.6,75.5,IMD_AWS_NASA_POWER_Blended
MH_KON_06,Vengurla,Sindhudurg,15.864,73.635,25,Konkan_Coastal,2023-10-25,0.0,31.9,22.1,27.0,74.1,IMD_AWS_NASA_POWER_Blended
MH_KON_06,Vengurla,Sindhudurg,15.864,73.635,25,Konkan_Coastal,2023-10-26,0.0,32.3,20.7,26.5,71.2,IMD_AWS_NASA_POWER_Blended
MH_KON_06,Vengurla,Sindhudurg,15.864,73.635,25,Konkan_Coastal,2023-10-27,0.0,32.1,19.9,26.0,67.8,IMD_AWS_NASA_POWER_Blended
MH_KON_06,Vengurla,Sindhudurg,15.864,73.635,25,Konkan_Coastal,2023-10-28,0.0,31.3,19.4,25.4,75.7,IMD_AWS_NASA_POWER_Blended
MH_KON_06,Vengurla,Sindhudurg,15.864,73.635,25,Konkan_Coastal,2023-10-29,0.0,32.2,21.1,26.6,77.2,IMD_AWS_NASA_POWER_Blended
MH_KON_06,Vengurla,Sindhudurg,15.864,73.635,25,Konkan_Coastal,2023-10-30,1.16,31.1,22.7,26.9,81.9,IMD_AWS_NASA_POWER_Blended
MH_KON_06,Vengurla,Sindhudurg,15.864,73.635,25,Konkan_Coastal,2023-10-31,5.34,30.2,24.8,27.5,83.6,IMD_AWS_NASA_POWER_Blended
MH_KON_07,Harnai,Ratnagiri,17.81,73.09,18,Konkan_Coastal,2023-06-01,2.76,35.2,27.1,31.2,69.8,IMD_AWS_NASA_POWER_Blended
MH_KON_07,Harnai,Ratnagiri,17.81,73.09,18,Konkan_Coastal,2023-06-02,0.5,34.5,26.8,30.6,69.5,IMD_AWS_NASA_POWER_Blended
MH_KON_07,Harnai,Ratnagiri,17.81,73.09,18,Konkan_Coastal,2023-06-03,3.29,33.6,26.9,30.2,72.7,IMD_AWS_NASA_POWER_Blended
MH_KON_07,Harnai,Ratnagiri,17.81,73.09,18,Konkan_Coastal,2023-06-04,5.22,33.2,27.4,30.3,75.8,IMD_AWS_NASA_POWER_Blended
MH_KON_07,Harnai,Ratnagiri,17.81,73.09,18,Konkan_Coastal,2023-06-05,1.53,33.0,27.1,30.1,75.3,IMD_AWS_NASA_POWER_Blended
MH_KON_07,Harnai,Ratnagiri,17.81,73.09,18,Konkan_Coastal,2023-06-06,0.58,34.4,26.7,30.6,73.7,IMD_AWS_NASA_POWER_Blended
MH_KON_07,Harnai,Ratnagiri,17.81,73.09,18,Konkan_Coastal,2023-06-07,0.77,34.7,27.3,31.0,70.9,IMD_AWS_NASA_POWER_Blended
MH_KON_07,Harnai,Ratnagiri,17.81,73.09,18,Konkan_Coastal,2023-06-08,0.76,34.1,27.9,31.0,70.7,IMD_AWS_NASA_POWER_Blended
MH_KON_07,Harnai,Ratnagiri,17.81,73.09,18,Konkan_Coastal,2023-06-09,4.61,32.2,28.0,30.1,77.0,IMD_AWS_NASA_POWER_Blended
MH_KON_07,Harnai,Ratnagiri,17.81,73.09,18,Konkan_Coastal,2023-06-10,5.81,33.0,28.5,30.8,74.5,IMD_AWS_NASA_POWER_Blended
MH_KON_07,Harnai,Ratnagiri,17.81,73.09,18,Konkan_Coastal,2023-06-11,2.15,33.3,28.3,30.8,71.4,IMD_AWS_NASA_POWER_Blended
MH_KON_07,Harnai,Ratnagiri,17.81,73.09,18,Konkan_Coastal,2023-06-12,6.71,33.5,28.1,30.8,70.1,IMD_AWS_NASA_POWER_Blended
MH_KON_07,Harnai,Ratnagiri,17.81,73.09,18,Konkan_Coastal,2023-06-13,3.33,32.6,28.1,30.4,72.2,IMD_AWS_NASA_POWER_Blended
MH_KON_07,Harnai,Ratnagiri,17.81,73.09,18,Konkan_Coastal,2023-06-14,10.54,32.8,27.9,30.3,74.3,IMD_AWS_NASA_POWER_Blended
MH_KON_07,Harnai,Ratnagiri,17.81,73.09,18,Konkan_Coastal,2023-06-15,4.04,32.6,27.8,30.2,76.0,IMD_AWS_NASA_POWER_Blended
MH_KON_07,Harnai,Ratnagiri,17.81,73.09,18,Konkan_Coastal,2023-06-16,1.91,32.6,27.8,30.2,77.7,IMD_AWS_NASA_POWER_Blended
MH_KON_07,Harnai,Ratnagiri,17.81,73.09,18,Konkan_Coastal,2023-06-17,1.54,32.3,27.6,30.0,78.4,IMD_AWS_NASA_POWER_Blended
MH_KON_07,Harnai,Ratnagiri,17.81,73.09,18,Konkan_Coastal,2023-06-18,1.38,32.0,27.3,29.7,79.0,IMD_AWS_NASA_POWER_Blended
MH_KON_07,Harnai,Ratnagiri,17.81,73.09,18,Konkan_Coastal,2023-06-19,0.62,32.2,27.1,29.6,78.5,IMD_AWS_NASA_POWER_Blended
MH_KON_07,Harnai,Ratnagiri,17.81,73.09,18,Konkan_Coastal,2023-06-20,1.54,32.6,27.0,29.8,78.9,IMD_AWS_NASA_POWER_Blended
MH_KON_07,Harnai,Ratnagiri,17.81,73.09,18,Konkan_Coastal,2023-06-21,4.78,31.4,27.1,29.3,82.4,IMD_AWS_NASA_POWER_Blended
MH_KON_07,Harnai,Ratnagiri,17.81,73.09,18,Konkan_Coastal,2023-06-22,7.49,32.1,26.9,29.5,80.4,IMD_AWS_NASA_POWER_Blended
MH_KON_07,Harnai,Ratnagiri,17.81,73.09,18,Konkan_Coastal,2023-06-23,4.36,32.0,26.8,29.4,79.8,IMD_AWS_NASA_POWER_Blended
MH_KON_07,Harnai,Ratnagiri,17.81,73.09,18,Konkan_Coastal,2023-06-24,36.36,30.1,26.6,28.3,85.6,IMD_AWS_NASA_POWER_Blended
MH_KON_07,Harnai,Ratnagiri,17.81,73.09,18,Konkan_Coastal,2023-06-25,78.86,29.5,26.5,28.0,86.9,IMD_AWS_NASA_POWER_Blended
MH_KON_07,Harnai,Ratnagiri,17.81,73.09,18,Konkan_Coastal,2023-06-26,163.08,29.0,26.2,27.6,87.9,IMD_AWS_NASA_POWER_Blended
MH_KON_07,Harnai,Ratnagiri,17.81,73.09,18,Konkan_Coastal,2023-06-27,116.36,27.5,25.6,26.6,90.4,IMD_AWS_NASA_POWER_Blended
MH_KON_07,Harnai,Ratnagiri,17.81,73.09,18,Konkan_Coastal,2023-06-28,8.47,28.3,26.0,27.2,87.8,IMD_AWS_NASA_POWER_Blended
MH_KON_07,Harnai,Ratnagiri,17.81,73.09,18,Konkan_Coastal,2023-06-29,9.75,28.8,25.7,27.2,85.7,IMD_AWS_NASA_POWER_Blended
MH_KON_07,Harnai,Ratnagiri,17.81,73.09,18,Konkan_Coastal,2023-06-30,56.4,28.3,25.7,27.0,90.2,IMD_AWS_NASA_POWER_Blended
MH_KON_07,Harnai,Ratnagiri,17.81,73.09,18,Konkan_Coastal,2023-07-01,27.32,28.2,26.1,27.2,89.4,IMD_AWS_NASA_POWER_Blended
MH_KON_07,Harnai,Ratnagiri,17.81,73.09,18,Konkan_Coastal,2023-07-02,27.19,29.3,26.5,27.9,87.7,IMD_AWS_NASA_POWER_Blended
MH_KON_07,Harnai,Ratnagiri,17.81,73.09,18,Konkan_Coastal,2023-07-03,33.16,29.1,26.9,28.0,90.4,IMD_AWS_NASA_POWER_Blended
MH_KON_07,Harnai,Ratnagiri,17.81,73.09,18,Konkan_Coastal,2023-07-04,40.1,28.4,26.4,27.4,91.5,IMD_AWS_NASA_POWER_Blended
MH_KON_07,Harnai,Ratnagiri,17.81,73.09,18,Konkan_Coastal,2023-07-05,27.55,28.6,26.0,27.3,90.2,IMD_AWS_NASA_POWER_Blended
MH_KON_07,Harnai,Ratnagiri,17.81,73.09,18,Konkan_Coastal,2023-07-06,52.53,27.9,26.0,26.9,91.1,IMD_AWS_NASA_POWER_Blended
MH_KON_07,Harnai,Ratnagiri,17.81,73.09,18,Konkan_Coastal,2023-07-07,54.49,28.4,26.4,27.4,90.3,IMD_AWS_NASA_POWER_Blended
MH_KON_07,Harnai,Ratnagiri,17.81,73.09,18,Konkan_Coastal,2023-07-08,26.34,28.6,26.2,27.4,88.6,IMD_AWS_NASA_POWER_Blended
MH_KON_07,Harnai,Ratnagiri,17.81,73.09,18,Konkan_Coastal,2023-07-09,8.41,28.8,26.0,27.4,87.8,IMD_AWS_NASA_POWER_Blended
MH_KON_07,Harnai,Ratnagiri,17.81,73.09,18,Konkan_Coastal,2023-07-10,4.39,28.8,25.9,27.3,87.7,IMD_AWS_NASA_POWER_Blended
MH_KON_07,Harnai,Ratnagiri,17.81,73.09,18,Konkan_Coastal,2023-07-11,5.79,28.9,25.4,27.2,87.5,IMD_AWS_NASA_POWER_Blended
MH_KON_07,Harnai,Ratnagiri,17.81,73.09,18,Konkan_Coastal,2023-07-12,10.33,28.6,25.9,27.2,88.7,IMD_AWS_NASA_POWER_Blended
MH_KON_07,Harnai,Ratnagiri,17.81,73.09,18,Konkan_Coastal,2023-07-13,19.82,28.7,25.5,27.1,88.9,IMD_AWS_NASA_POWER_Blended
MH_KON_07,Harnai,Ratnagiri,17.81,73.09,18,Konkan_Coastal,2023-07-14,32.08,28.2,26.0,27.1,90.5,IMD_AWS_NASA_POWER_Blended
MH_KON_07,Harnai,Ratnagiri,17.81,73.09,18,Konkan_Coastal,2023-07-15,17.01,28.7,25.6,27.2,89.8,IMD_AWS_NASA_POWER_Blended
MH_KON_07,Harnai,Ratnagiri,17.81,73.09,18,Konkan_Coastal,2023-07-16,23.6,28.5,25.9,27.2,90.5,IMD_AWS_NASA_POWER_Blended
MH_KON_07,Harnai,Ratnagiri,17.81,73.09,18,Konkan_Coastal,2023-07-17,51.79,28.2,26.1,27.1,90.7,IMD_AWS_NASA_POWER_Blended
MH_KON_07,Harnai,Ratnagiri,17.81,73.09,18,Konkan_Coastal,2023-07-18,120.13,28.1,26.1,27.1,91.3,IMD_AWS_NASA_POWER_Blended
MH_KON_07,Harnai,Ratnagiri,17.81,73.09,18,Konkan_Coastal,2023-07-19,114.18,27.1,25.9,26.5,91.8,IMD_AWS_NASA_POWER_Blended
MH_KON_07,Harnai,Ratnagiri,17.81,73.09,18,Konkan_Coastal,2023-07-20,58.89,27.6,25.4,26.5,91.8,IMD_AWS_NASA_POWER_Blended
MH_KON_07,Harnai,Ratnagiri,17.81,73.09,18,Konkan_Coastal,2023-07-21,48.93,27.1,24.8,25.9,91.8,IMD_AWS_NASA_POWER_Blended
MH_KON_07,Harnai,Ratnagiri,17.81,73.09,18,Konkan_Coastal,2023-07-22,24.79,26.8,25.2,26.0,92.2,IMD_AWS_NASA_POWER_Blended
MH_KON_07,Harnai,Ratnagiri,17.81,73.09,18,Konkan_Coastal,2023-07-23,33.0,27.6,25.3,26.5,92.0,IMD_AWS_NASA_POWER_Blended
MH_KON_07,Harnai,Ratnagiri,17.81,73.09,18,Konkan_Coastal,2023-07-24,43.34,27.7,25.8,26.7,92.3,IMD_AWS_NASA_POWER_Blended
MH_KON_07,Harnai,Ratnagiri,17.81,73.09,18,Konkan_Coastal,2023-07-25,32.87,27.0,25.7,26.3,92.9,IMD_AWS_NASA_POWER_Blended
MH_KON_07,Harnai,Ratnagiri,17.81,73.09,18,Konkan_Coastal,2023-07-26,49.79,27.1,25.6,26.4,93.3,IMD_AWS_NASA_POWER_Blended
MH_KON_07,Harnai,Ratnagiri,17.81,73.09,18,Konkan_Coastal,2023-07-27,56.92,26.9,25.6,26.3,92.6,IMD_AWS_NASA_POWER_Blended
MH_KON_07,Harnai,Ratnagiri,17.81,73.09,18,Konkan_Coastal,2023-07-28,50.9,27.5,25.4,26.5,91.1,IMD_AWS_NASA_POWER_Blended
MH_KON_07,Harnai,Ratnagiri,17.81,73.09,18,Konkan_Coastal,2023-07-29,16.62,27.7,25.2,26.5,90.2,IMD_AWS_NASA_POWER_Blended
MH_KON_07,Harnai,Ratnagiri,17.81,73.09,18,Konkan_Coastal,2023-07-30,14.9,27.8,25.4,26.6,90.8,IMD_AWS_NASA_POWER_Blended
MH_KON_07,Harnai,Ratnagiri,17.81,73.09,18,Konkan_Coastal,2023-07-31,15.93,27.8,25.7,26.7,91.3,IMD_AWS_NASA_POWER_Blended
MH_KON_07,Harnai,Ratnagiri,17.81,73.09,18,Konkan_Coastal,2023-08-01,16.57,27.9,25.5,26.7,90.8,IMD_AWS_NASA_POWER_Blended
MH_KON_07,Harnai,Ratnagiri,17.81,73.09,18,Konkan_Coastal,2023-08-02,13.34,27.6,25.4,26.5,90.6,IMD_AWS_NASA_POWER_Blended
MH_KON_07,Harnai,Ratnagiri,17.81,73.09,18,Konkan_Coastal,2023-08-03,8.66,27.8,25.2,26.5,89.4,IMD_AWS_NASA_POWER_Blended
MH_KON_07,Harnai,Ratnagiri,17.81,73.09,18,Konkan_Coastal,2023-08-04,7.48,28.2,25.6,26.9,88.9,IMD_AWS_NASA_POWER_Blended
MH_KON_07,Harnai,Ratnagiri,17.81,73.09,18,Konkan_Coastal,2023-08-05,5.28,28.0,25.3,26.6,89.4,IMD_AWS_NASA_POWER_Blended
MH_KON_07,Harnai,Ratnagiri,17.81,73.09,18,Konkan_Coastal,2023-08-06,6.99,27.9,25.2,26.6,89.3,IMD_AWS_NASA_POWER_Blended
MH_KON_07,Harnai,Ratnagiri,17.81,73.09,18,Konkan_Coastal,2023-08-07,4.08,28.3,25.2,26.7,87.8,IMD_AWS_NASA_POWER_Blended
MH_KON_07,Harnai,Ratnagiri,17.81,73.09,18,Konkan_Coastal,2023-08-08,3.4,28.4,25.3,26.8,87.3,IMD_AWS_NASA_POWER_Blended
MH_KON_07,Harnai,Ratnagiri,17.81,73.09,18,Konkan_Coastal,2023-08-09,5.26,28.3,25.2,26.8,88.0,IMD_AWS_NASA_POWER_Blended
MH_KON_07,Harnai,Ratnagiri,17.81,73.09,18,Konkan_Coastal,2023-08-10,3.71,27.5,25.0,26.3,88.8,IMD_AWS_NASA_POWER_Blended
MH_KON_07,Harnai,Ratnagiri,17.81,73.09,18,Konkan_Coastal,2023-08-11,1.24,28.8,25.1,27.0,85.1,IMD_AWS_NASA_POWER_Blended
MH_KON_07,Harnai,Ratnagiri,17.81,73.09,18,Konkan_Coastal,2023-08-12,3.49,28.6,24.8,26.7,85.2,IMD_AWS_NASA_POWER_Blended
MH_KON_07,Harnai,Ratnagiri,17.81,73.09,18,Konkan_Coastal,2023-08-13,3.42,28.6,25.2,26.9,86.4,IMD_AWS_NASA_POWER_Blended
MH_KON_07,Harnai,Ratnagiri,17.81,73.09,18,Konkan_Coastal,2023-08-14,2.11,28.6,25.0,26.8,85.4,IMD_AWS_NASA_POWER_Blended
MH_KON_07,Harnai,Ratnagiri,17.81,73.09,18,Konkan_Coastal,2023-08-15,2.99,28.2,24.9,26.6,86.2,IMD_AWS_NASA_POWER_Blended
MH_KON_07,Harnai,Ratnagiri,17.81,73.09,18,Konkan_Coastal,2023-08-16,2.9,28.9,24.7,26.8,85.5,IMD_AWS_NASA_POWER_Blended
MH_KON_07,Harnai,Ratnagiri,17.81,73.09,18,Konkan_Coastal,2023-08-17,3.18,28.7,24.8,26.7,86.6,IMD_AWS_NASA_POWER_Blended
MH_KON_07,Harnai,Ratnagiri,17.81,73.09,18,Konkan_Coastal,2023-08-18,4.05,27.8,24.9,26.3,87.4,IMD_AWS_NASA_POWER_Blended
MH_KON_07,Harnai,Ratnagiri,17.81,73.09,18,Konkan_Coastal,2023-08-19,6.05,28.1,25.3,26.7,88.9,IMD_AWS_NASA_POWER_Blended
MH_KON_07,Harnai,Ratnagiri,17.81,73.09,18,Konkan_Coastal,2023-08-20,7.78,28.7,25.1,26.9,88.0,IMD_AWS_NASA_POWER_Blended
MH_KON_07,Harnai,Ratnagiri,17.81,73.09,18,Konkan_Coastal,2023-08-21,3.29,28.7,24.9,26.8,86.8,IMD_AWS_NASA_POWER_Blended
MH_KON_07,Harnai,Ratnagiri,17.81,73.09,18,Konkan_Coastal,2023-08-22,2.94,28.6,24.7,26.7,86.5,IMD_AWS_NASA_POWER_Blended
MH_KON_07,Harnai,Ratnagiri,17.81,73.09,18,Konkan_Coastal,2023-08-23,3.06,28.4,24.7,26.6,87.5,IMD_AWS_NASA_POWER_Blended
MH_KON_07,Harnai,Ratnagiri,17.81,73.09,18,Konkan_Coastal,2023-08-24,11.86,28.7,25.1,26.9,88.9,IMD_AWS_NASA_POWER_Blended
MH_KON_07,Harnai,Ratnagiri,17.81,73.09,18,Konkan_Coastal,2023-08-25,14.16,28.7,25.8,27.2,89.6,IMD_AWS_NASA_POWER_Blended
MH_KON_07,Harnai,Ratnagiri,17.81,73.09,18,Konkan_Coastal,2023-08-26,8.02,29.1,25.8,27.4,86.7,IMD_AWS_NASA_POWER_Blended
MH_KON_07,Harnai,Ratnagiri,17.81,73.09,18,Konkan_Coastal,2023-08-27,8.8,29.3,25.6,27.5,86.1,IMD_AWS_NASA_POWER_Blended
MH_KON_07,Harnai,Ratnagiri,17.81,73.09,18,Konkan_Coastal,2023-08-28,12.39,28.9,25.1,27.0,88.0,IMD_AWS_NASA_POWER_Blended
MH_KON_07,Harnai,Ratnagiri,17.81,73.09,18,Konkan_Coastal,2023-08-29,2.42,28.9,24.7,26.8,87.4,IMD_AWS_NASA_POWER_Blended
MH_KON_07,Harnai,Ratnagiri,17.81,73.09,18,Konkan_Coastal,2023-08-30,1.1,29.5,24.7,27.1,83.9,IMD_AWS_NASA_POWER_Blended
MH_KON_07,Harnai,Ratnagiri,17.81,73.09,18,Konkan_Coastal,2023-08-31,1.31,30.2,24.6,27.4,84.2,IMD_AWS_NASA_POWER_Blended
MH_KON_07,Harnai,Ratnagiri,17.81,73.09,18,Konkan_Coastal,2023-09-01,5.14,30.0,25.0,27.5,86.1,IMD_AWS_NASA_POWER_Blended
MH_KON_07,Harnai,Ratnagiri,17.81,73.09,18,Konkan_Coastal,2023-09-02,16.21,27.6,25.0,26.3,88.7,IMD_AWS_NASA_POWER_Blended
MH_KON_07,Harnai,Ratnagiri,17.81,73.09,18,Konkan_Coastal,2023-09-03,1.89,29.1,24.8,26.9,85.4,IMD_AWS_NASA_POWER_Blended
MH_KON_07,Harnai,Ratnagiri,17.81,73.09,18,Konkan_Coastal,2023-09-04,1.19,28.7,24.8,26.7,85.7,IMD_AWS_NASA_POWER_Blended
MH_KON_07,Harnai,Ratnagiri,17.81,73.09,18,Konkan_Coastal,2023-09-05,0.41,29.3,24.6,26.9,84.4,IMD_AWS_NASA_POWER_Blended
MH_KON_07,Harnai,Ratnagiri,17.81,73.09,18,Konkan_Coastal,2023-09-06,0.94,28.9,24.7,26.8,85.9,IMD_AWS_NASA_POWER_Blended
MH_KON_07,Harnai,Ratnagiri,17.81,73.09,18,Konkan_Coastal,2023-09-07,22.5,27.5,25.3,26.4,89.1,IMD_AWS_NASA_POWER_Blended
MH_KON_07,Harnai,Ratnagiri,17.81,73.09,18,Konkan_Coastal,2023-09-08,22.45,28.0,25.7,26.9,91.8,IMD_AWS_NASA_POWER_Blended
MH_KON_07,Harnai,Ratnagiri,17.81,73.09,18,Konkan_Coastal,2023-09-09,13.63,28.9,26.2,27.5,89.5,IMD_AWS_NASA_POWER_Blended
MH_KON_07,Harnai,Ratnagiri,17.81,73.09,18,Konkan_Coastal,2023-09-10,10.35,29.4,25.9,27.7,87.9,IMD_AWS_NASA_POWER_Blended
MH_KON_07,Harnai,Ratnagiri,17.81,73.09,18,Konkan_Coastal,2023-09-11,2.61,29.3,25.7,27.5,87.5,IMD_AWS_NASA_POWER_Blended
MH_KON_07,Harnai,Ratnagiri,17.81,73.09,18,Konkan_Coastal,2023-09-12,3.19,29.1,25.1,27.1,86.8,IMD_AWS_NASA_POWER_Blended
MH_KON_07,Harnai,Ratnagiri,17.81,73.09,18,Konkan_Coastal,2023-09-13,3.18,28.6,25.0,26.8,88.1,IMD_AWS_NASA_POWER_Blended
MH_KON_07,Harnai,Ratnagiri,17.81,73.09,18,Konkan_Coastal,2023-09-14,3.05,29.2,25.0,27.1,85.6,IMD_AWS_NASA_POWER_Blended
MH_KON_07,Harnai,Ratnagiri,17.81,73.09,18,Konkan_Coastal,2023-09-15,1.98,29.0,25.3,27.2,86.4,IMD_AWS_NASA_POWER_Blended
MH_KON_07,Harnai,Ratnagiri,17.81,73.09,18,Konkan_Coastal,2023-09-16,6.64,28.4,26.0,27.2,89.5,IMD_AWS_NASA_POWER_Blended
MH_KON_07,Harnai,Ratnagiri,17.81,73.09,18,Konkan_Coastal,2023-09-17,8.41,29.2,26.3,27.7,87.8,IMD_AWS_NASA_POWER_Blended
MH_KON_07,Harnai,Ratnagiri,17.81,73.09,18,Konkan_Coastal,2023-09-18,9.45,29.5,26.2,27.8,87.2,IMD_AWS_NASA_POWER_Blended
MH_KON_07,Harnai,Ratnagiri,17.81,73.09,18,Konkan_Coastal,2023-09-19,9.74,29.4,26.2,27.8,86.9,IMD_AWS_NASA_POWER_Blended
MH_KON_07,Harnai,Ratnagiri,17.81,73.09,18,Konkan_Coastal,2023-09-20,11.16,29.5,25.8,27.7,88.7,IMD_AWS_NASA_POWER_Blended
MH_KON_07,Harnai,Ratnagiri,17.81,73.09,18,Konkan_Coastal,2023-09-21,17.73,28.7,26.0,27.4,90.2,IMD_AWS_NASA_POWER_Blended
MH_KON_07,Harnai,Ratnagiri,17.81,73.09,18,Konkan_Coastal,2023-09-22,12.64,28.9,25.6,27.2,87.8,IMD_AWS_NASA_POWER_Blended
MH_KON_07,Harnai,Ratnagiri,17.81,73.09,18,Konkan_Coastal,2023-09-23,19.03,28.1,25.1,26.6,89.7,IMD_AWS_NASA_POWER_Blended
MH_KON_07,Harnai,Ratnagiri,17.81,73.09,18,Konkan_Coastal,2023-09-24,11.11,28.2,24.9,26.6,86.5,IMD_AWS_NASA_POWER_Blended
MH_KON_07,Harnai,Ratnagiri,17.81,73.09,18,Konkan_Coastal,2023-09-25,12.15,28.3,25.0,26.6,86.8,IMD_AWS_NASA_POWER_Blended
MH_KON_07,Harnai,Ratnagiri,17.81,73.09,18,Konkan_Coastal,2023-09-26,7.39,28.3,24.8,26.5,86.8,IMD_AWS_NASA_POWER_Blended
MH_KON_07,Harnai,Ratnagiri,17.81,73.09,18,Konkan_Coastal,2023-09-27,26.01,28.6,25.4,27.0,91.5,IMD_AWS_NASA_POWER_Blended
MH_KON_07,Harnai,Ratnagiri,17.81,73.09,18,Konkan_Coastal,2023-09-28,41.97,29.2,25.8,27.5,91.6,IMD_AWS_NASA_POWER_Blended
MH_KON_07,Harnai,Ratnagiri,17.81,73.09,18,Konkan_Coastal,2023-09-29,34.86,30.9,25.8,28.3,88.4,IMD_AWS_NASA_POWER_Blended
MH_KON_07,Harnai,Ratnagiri,17.81,73.09,18,Konkan_Coastal,2023-09-30,18.4,29.8,25.6,27.7,90.8,IMD_AWS_NASA_POWER_Blended
MH_KON_07,Harnai,Ratnagiri,17.81,73.09,18,Konkan_Coastal,2023-10-01,45.83,27.8,25.4,26.6,93.5,IMD_AWS_NASA_POWER_Blended
MH_KON_07,Harnai,Ratnagiri,17.81,73.09,18,Konkan_Coastal,2023-10-02,5.36,28.4,25.1,26.8,86.9,IMD_AWS_NASA_POWER_Blended
MH_KON_07,Harnai,Ratnagiri,17.81,73.09,18,Konkan_Coastal,2023-10-03,0.42,28.4,24.6,26.5,84.6,IMD_AWS_NASA_POWER_Blended
MH_KON_07,Harnai,Ratnagiri,17.81,73.09,18,Konkan_Coastal,2023-10-04,0.08,29.6,24.4,27.0,85.1,IMD_AWS_NASA_POWER_Blended
MH_KON_07,Harnai,Ratnagiri,17.81,73.09,18,Konkan_Coastal,2023-10-05,0.02,29.4,24.0,26.7,86.9,IMD_AWS_NASA_POWER_Blended
MH_KON_07,Harnai,Ratnagiri,17.81,73.09,18,Konkan_Coastal,2023-10-06,0.02,29.7,23.6,26.7,86.8,IMD_AWS_NASA_POWER_Blended
MH_KON_07,Harnai,Ratnagiri,17.81,73.09,18,Konkan_Coastal,2023-10-07,0.02,30.5,24.2,27.3,85.0,IMD_AWS_NASA_POWER_Blended
MH_KON_07,Harnai,Ratnagiri,17.81,73.09,18,Konkan_Coastal,2023-10-08,0.03,32.0,24.2,28.1,83.3,IMD_AWS_NASA_POWER_Blended
MH_KON_07,Harnai,Ratnagiri,17.81,73.09,18,Konkan_Coastal,2023-10-09,0.02,31.1,24.5,27.8,84.3,IMD_AWS_NASA_POWER_Blended
MH_KON_07,Harnai,Ratnagiri,17.81,73.09,18,Konkan_Coastal,2023-10-10,0.0,31.1,23.8,27.4,84.3,IMD_AWS_NASA_POWER_Blended
MH_KON_07,Harnai,Ratnagiri,17.81,73.09,18,Konkan_Coastal,2023-10-11,0.0,31.1,23.7,27.4,83.3,IMD_AWS_NASA_POWER_Blended
MH_KON_07,Harnai,Ratnagiri,17.81,73.09,18,Konkan_Coastal,2023-10-12,0.0,32.2,24.4,28.3,79.0,IMD_AWS_NASA_POWER_Blended
MH_KON_07,Harnai,Ratnagiri,17.81,73.09,18,Konkan_Coastal,2023-10-13,0.18,32.8,23.8,28.3,77.4,IMD_AWS_NASA_POWER_Blended
MH_KON_07,Harnai,Ratnagiri,17.81,73.09,18,Konkan_Coastal,2023-10-14,0.13,31.4,23.8,27.6,75.3,IMD_AWS_NASA_POWER_Blended
MH_KON_07,Harnai,Ratnagiri,17.81,73.09,18,Konkan_Coastal,2023-10-15,0.66,31.8,24.2,28.0,78.8,IMD_AWS_NASA_POWER_Blended
MH_KON_07,Harnai,Ratnagiri,17.81,73.09,18,Konkan_Coastal,2023-10-16,2.22,31.2,24.6,27.9,80.1,IMD_AWS_NASA_POWER_Blended
MH_KON_07,Harnai,Ratnagiri,17.81,73.09,18,Konkan_Coastal,2023-10-17,1.24,31.8,24.8,28.3,76.9,IMD_AWS_NASA_POWER_Blended
MH_KON_07,Harnai,Ratnagiri,17.81,73.09,18,Konkan_Coastal,2023-10-18,0.16,32.0,24.4,28.2,78.6,IMD_AWS_NASA_POWER_Blended
MH_KON_07,Harnai,Ratnagiri,17.81,73.09,18,Konkan_Coastal,2023-10-19,0.03,32.3,24.2,28.3,75.6,IMD_AWS_NASA_POWER_Blended
MH_KON_07,Harnai,Ratnagiri,17.81,73.09,18,Konkan_Coastal,2023-10-20,0.08,32.1,25.0,28.5,74.4,IMD_AWS_NASA_POWER_Blended
MH_KON_07,Harnai,Ratnagiri,17.81,73.09,18,Konkan_Coastal,2023-10-21,0.37,30.5,25.4,27.9,76.6,IMD_AWS_NASA_POWER_Blended
MH_KON_07,Harnai,Ratnagiri,17.81,73.09,18,Konkan_Coastal,2023-10-22,0.18,31.9,24.9,28.4,76.9,IMD_AWS_NASA_POWER_Blended
MH_KON_07,Harnai,Ratnagiri,17.81,73.09,18,Konkan_Coastal,2023-10-23,0.02,32.0,23.5,27.8,74.0,IMD_AWS_NASA_POWER_Blended
MH_KON_07,Harnai,Ratnagiri,17.81,73.09,18,Konkan_Coastal,2023-10-24,0.0,31.9,23.4,27.6,74.2,IMD_AWS_NASA_POWER_Blended
MH_KON_07,Harnai,Ratnagiri,17.81,73.09,18,Konkan_Coastal,2023-10-25,0.0,32.2,23.2,27.7,71.3,IMD_AWS_NASA_POWER_Blended
MH_KON_07,Harnai,Ratnagiri,17.81,73.09,18,Konkan_Coastal,2023-10-26,0.0,31.6,22.2,26.9,67.2,IMD_AWS_NASA_POWER_Blended
MH_KON_07,Harnai,Ratnagiri,17.81,73.09,18,Konkan_Coastal,2023-10-27,0.0,31.6,20.9,26.2,64.9,IMD_AWS_NASA_POWER_Blended
MH_KON_07,Harnai,Ratnagiri,17.81,73.09,18,Konkan_Coastal,2023-10-28,0.0,31.5,21.1,26.3,64.8,IMD_AWS_NASA_POWER_Blended
MH_KON_07,Harnai,Ratnagiri,17.81,73.09,18,Konkan_Coastal,2023-10-29,0.0,31.7,21.2,26.5,65.8,IMD_AWS_NASA_POWER_Blended
MH_KON_07,Harnai,Ratnagiri,17.81,73.09,18,Konkan_Coastal,2023-10-30,0.0,31.5,21.3,26.4,69.1,IMD_AWS_NASA_POWER_Blended
MH_KON_07,Harnai,Ratnagiri,17.81,73.09,18,Konkan_Coastal,2023-10-31,0.0,31.2,20.9,26.1,67.9,IMD_AWS_NASA_POWER_Blended
MH_SAH_01,Mahabaleshwar,Satara,17.924,73.658,1382,Sahyadri_Crest,2023-06-01,2.0,37.2,23.5,30.3,57.6,IMD_AWS_NASA_POWER_Blended
MH_SAH_01,Mahabaleshwar,Satara,17.924,73.658,1382,Sahyadri_Crest,2023-06-02,1.39,35.8,23.2,29.5,61.7,IMD_AWS_NASA_POWER_Blended
MH_SAH_01,Mahabaleshwar,Satara,17.924,73.658,1382,Sahyadri_Crest,2023-06-03,0.48,35.1,22.6,28.9,66.0,IMD_AWS_NASA_POWER_Blended
MH_SAH_01,Mahabaleshwar,Satara,17.924,73.658,1382,Sahyadri_Crest,2023-06-04,2.78,33.7,23.9,28.8,70.0,IMD_AWS_NASA_POWER_Blended
MH_SAH_01,Mahabaleshwar,Satara,17.924,73.658,1382,Sahyadri_Crest,2023-06-05,3.99,33.2,23.5,28.4,70.8,IMD_AWS_NASA_POWER_Blended
MH_SAH_01,Mahabaleshwar,Satara,17.924,73.658,1382,Sahyadri_Crest,2023-06-06,0.09,36.3,22.8,29.5,65.9,IMD_AWS_NASA_POWER_Blended
MH_SAH_01,Mahabaleshwar,Satara,17.924,73.658,1382,Sahyadri_Crest,2023-06-07,0.14,36.3,23.6,30.0,64.1,IMD_AWS_NASA_POWER_Blended
MH_SAH_01,Mahabaleshwar,Satara,17.924,73.658,1382,Sahyadri_Crest,2023-06-08,1.62,35.3,24.1,29.7,66.1,IMD_AWS_NASA_POWER_Blended
MH_SAH_01,Mahabaleshwar,Satara,17.924,73.658,1382,Sahyadri_Crest,2023-06-09,3.48,32.5,24.1,28.3,72.6,IMD_AWS_NASA_POWER_Blended
MH_SAH_01,Mahabaleshwar,Satara,17.924,73.658,1382,Sahyadri_Crest,2023-06-10,2.98,32.2,24.1,28.2,74.3,IMD_AWS_NASA_POWER_Blended
MH_SAH_01,Mahabaleshwar,Satara,17.924,73.658,1382,Sahyadri_Crest,2023-06-11,0.47,33.3,23.6,28.5,69.3,IMD_AWS_NASA_POWER_Blended
MH_SAH_01,Mahabaleshwar,Satara,17.924,73.658,1382,Sahyadri_Crest,2023-06-12,2.96,33.1,23.3,28.2,69.0,IMD_AWS_NASA_POWER_Blended
MH_SAH_01,Mahabaleshwar,Satara,17.924,73.658,1382,Sahyadri_Crest,2023-06-13,2.44,32.4,23.3,27.8,73.5,IMD_AWS_NASA_POWER_Blended
MH_SAH_01,Mahabaleshwar,Satara,17.924,73.658,1382,Sahyadri_Crest,2023-06-14,7.54,32.0,23.2,27.6,74.9,IMD_AWS_NASA_POWER_Blended
MH_SAH_01,Mahabaleshwar,Satara,17.924,73.658,1382,Sahyadri_Crest,2023-06-15,1.96,32.3,23.3,27.8,76.0,IMD_AWS_NASA_POWER_Blended
MH_SAH_01,Mahabaleshwar,Satara,17.924,73.658,1382,Sahyadri_Crest,2023-06-16,1.4,32.7,23.6,28.1,76.1,IMD_AWS_NASA_POWER_Blended
MH_SAH_01,Mahabaleshwar,Satara,17.924,73.658,1382,Sahyadri_Crest,2023-06-17,1.13,32.1,23.9,28.0,77.0,IMD_AWS_NASA_POWER_Blended
MH_SAH_01,Mahabaleshwar,Satara,17.924,73.658,1382,Sahyadri_Crest,2023-06-18,0.65,32.4,23.6,28.0,75.5,IMD_AWS_NASA_POWER_Blended
MH_SAH_01,Mahabaleshwar,Satara,17.924,73.658,1382,Sahyadri_Crest,2023-06-19,0.18,32.2,23.6,27.9,74.5,IMD_AWS_NASA_POWER_Blended
MH_SAH_01,Mahabaleshwar,Satara,17.924,73.658,1382,Sahyadri_Crest,2023-06-20,0.29,33.4,23.5,28.4,73.9,IMD_AWS_NASA_POWER_Blended
MH_SAH_01,Mahabaleshwar,Satara,17.924,73.658,1382,Sahyadri_Crest,2023-06-21,0.96,30.9,24.0,27.4,76.1,IMD_AWS_NASA_POWER_Blended
MH_SAH_01,Mahabaleshwar,Satara,17.924,73.658,1382,Sahyadri_Crest,2023-06-22,2.31,32.2,23.6,27.9,74.1,IMD_AWS_NASA_POWER_Blended
MH_SAH_01,Mahabaleshwar,Satara,17.924,73.658,1382,Sahyadri_Crest,2023-06-23,1.83,31.2,23.2,27.2,76.4,IMD_AWS_NASA_POWER_Blended
MH_SAH_01,Mahabaleshwar,Satara,17.924,73.658,1382,Sahyadri_Crest,2023-06-24,43.08,29.4,22.8,26.1,83.1,IMD_AWS_NASA_POWER_Blended
MH_SAH_01,Mahabaleshwar,Satara,17.924,73.658,1382,Sahyadri_Crest,2023-06-25,36.48,28.9,22.4,25.7,82.9,IMD_AWS_NASA_POWER_Blended
MH_SAH_01,Mahabaleshwar,Satara,17.924,73.658,1382,Sahyadri_Crest,2023-06-26,59.53,27.0,22.0,24.5,87.9,IMD_AWS_NASA_POWER_Blended
MH_SAH_01,Mahabaleshwar,Satara,17.924,73.658,1382,Sahyadri_Crest,2023-06-27,45.66,25.3,21.6,23.4,90.0,IMD_AWS_NASA_POWER_Blended
MH_SAH_01,Mahabaleshwar,Satara,17.924,73.658,1382,Sahyadri_Crest,2023-06-28,23.88,26.0,21.7,23.8,90.3,IMD_AWS_NASA_POWER_Blended
MH_SAH_01,Mahabaleshwar,Satara,17.924,73.658,1382,Sahyadri_Crest,2023-06-29,16.7,26.9,21.5,24.2,85.6,IMD_AWS_NASA_POWER_Blended
MH_SAH_01,Mahabaleshwar,Satara,17.924,73.658,1382,Sahyadri_Crest,2023-06-30,58.24,26.5,21.6,24.1,90.4,IMD_AWS_NASA_POWER_Blended
MH_SAH_01,Mahabaleshwar,Satara,17.924,73.658,1382,Sahyadri_Crest,2023-07-01,25.9,25.9,22.4,24.1,90.6,IMD_AWS_NASA_POWER_Blended
MH_SAH_01,Mahabaleshwar,Satara,17.924,73.658,1382,Sahyadri_Crest,2023-07-02,20.15,27.9,22.8,25.3,89.0,IMD_AWS_NASA_POWER_Blended
MH_SAH_01,Mahabaleshwar,Satara,17.924,73.658,1382,Sahyadri_Crest,2023-07-03,30.12,27.5,23.7,25.6,92.1,IMD_AWS_NASA_POWER_Blended
MH_SAH_01,Mahabaleshwar,Satara,17.924,73.658,1382,Sahyadri_Crest,2023-07-04,21.96,27.6,23.2,25.4,91.7,IMD_AWS_NASA_POWER_Blended
MH_SAH_01,Mahabaleshwar,Satara,17.924,73.658,1382,Sahyadri_Crest,2023-07-05,12.22,27.6,22.6,25.1,90.4,IMD_AWS_NASA_POWER_Blended
MH_SAH_01,Mahabaleshwar,Satara,17.924,73.658,1382,Sahyadri_Crest,2023-07-06,39.97,25.5,22.4,24.0,93.2,IMD_AWS_NASA_POWER_Blended
MH_SAH_01,Mahabaleshwar,Satara,17.924,73.658,1382,Sahyadri_Crest,2023-07-07,41.85,26.9,23.1,25.0,90.9,IMD_AWS_NASA_POWER_Blended
MH_SAH_01,Mahabaleshwar,Satara,17.924,73.658,1382,Sahyadri_Crest,2023-07-08,22.3,26.8,22.6,24.7,89.6,IMD_AWS_NASA_POWER_Blended
MH_SAH_01,Mahabaleshwar,Satara,17.924,73.658,1382,Sahyadri_Crest,2023-07-09,7.64,27.1,22.3,24.7,90.1,IMD_AWS_NASA_POWER_Blended
MH_SAH_01,Mahabaleshwar,Satara,17.924,73.658,1382,Sahyadri_Crest,2023-07-10,4.73,27.4,22.2,24.8,89.4,IMD_AWS_NASA_POWER_Blended
MH_SAH_01,Mahabaleshwar,Satara,17.924,73.658,1382,Sahyadri_Crest,2023-07-11,3.76,27.3,21.7,24.5,89.7,IMD_AWS_NASA_POWER_Blended
MH_SAH_01,Mahabaleshwar,Satara,17.924,73.658,1382,Sahyadri_Crest,2023-07-12,5.08,26.8,22.1,24.4,89.1,IMD_AWS_NASA_POWER_Blended
MH_SAH_01,Mahabaleshwar,Satara,17.924,73.658,1382,Sahyadri_Crest,2023-07-13,11.18,25.8,21.8,23.8,89.3,IMD_AWS_NASA_POWER_Blended
MH_SAH_01,Mahabaleshwar,Satara,17.924,73.658,1382,Sahyadri_Crest,2023-07-14,17.48,27.0,22.7,24.8,89.3,IMD_AWS_NASA_POWER_Blended
MH_SAH_01,Mahabaleshwar,Satara,17.924,73.658,1382,Sahyadri_Crest,2023-07-15,10.03,27.5,22.1,24.8,89.3,IMD_AWS_NASA_POWER_Blended
MH_SAH_01,Mahabaleshwar,Satara,17.924,73.658,1382,Sahyadri_Crest,2023-07-16,16.33,26.7,22.9,24.8,91.9,IMD_AWS_NASA_POWER_Blended
MH_SAH_01,Mahabaleshwar,Satara,17.924,73.658,1382,Sahyadri_Crest,2023-07-17,32.44,25.9,23.0,24.4,92.6,IMD_AWS_NASA_POWER_Blended
MH_SAH_01,Mahabaleshwar,Satara,17.924,73.658,1382,Sahyadri_Crest,2023-07-18,84.98,26.2,22.9,24.6,93.2,IMD_AWS_NASA_POWER_Blended
MH_SAH_01,Mahabaleshwar,Satara,17.924,73.658,1382,Sahyadri_Crest,2023-07-19,92.92,25.1,22.2,23.6,94.1,IMD_AWS_NASA_POWER_Blended
MH_SAH_01,Mahabaleshwar,Satara,17.924,73.658,1382,Sahyadri_Crest,2023-07-20,51.45,24.9,21.7,23.3,94.6,IMD_AWS_NASA_POWER_Blended
MH_SAH_01,Mahabaleshwar,Satara,17.924,73.658,1382,Sahyadri_Crest,2023-07-21,39.79,24.0,20.9,22.4,94.3,IMD_AWS_NASA_POWER_Blended
MH_SAH_01,Mahabaleshwar,Satara,17.924,73.658,1382,Sahyadri_Crest,2023-07-22,38.63,24.7,21.7,23.2,95.1,IMD_AWS_NASA_POWER_Blended
MH_SAH_01,Mahabaleshwar,Satara,17.924,73.658,1382,Sahyadri_Crest,2023-07-23,43.93,25.8,21.8,23.8,93.7,IMD_AWS_NASA_POWER_Blended
MH_SAH_01,Mahabaleshwar,Satara,17.924,73.658,1382,Sahyadri_Crest,2023-07-24,50.8,26.0,22.8,24.4,94.0,IMD_AWS_NASA_POWER_Blended
MH_SAH_01,Mahabaleshwar,Satara,17.924,73.658,1382,Sahyadri_Crest,2023-07-25,47.69,24.5,22.6,23.6,95.5,IMD_AWS_NASA_POWER_Blended
MH_SAH_01,Mahabaleshwar,Satara,17.924,73.658,1382,Sahyadri_Crest,2023-07-26,64.26,24.6,22.6,23.6,95.8,IMD_AWS_NASA_POWER_Blended
MH_SAH_01,Mahabaleshwar,Satara,17.924,73.658,1382,Sahyadri_Crest,2023-07-27,55.85,24.4,22.2,23.3,95.6,IMD_AWS_NASA_POWER_Blended
MH_SAH_01,Mahabaleshwar,Satara,17.924,73.658,1382,Sahyadri_Crest,2023-07-28,36.22,25.9,22.2,24.1,93.5,IMD_AWS_NASA_POWER_Blended
MH_SAH_01,Mahabaleshwar,Satara,17.924,73.658,1382,Sahyadri_Crest,2023-07-29,19.16,25.8,21.8,23.8,92.9,IMD_AWS_NASA_POWER_Blended
MH_SAH_01,Mahabaleshwar,Satara,17.924,73.658,1382,Sahyadri_Crest,2023-07-30,18.73,26.1,22.2,24.1,93.1,IMD_AWS_NASA_POWER_Blended
MH_SAH_01,Mahabaleshwar,Satara,17.924,73.658,1382,Sahyadri_Crest,2023-07-31,24.82,26.0,22.8,24.4,93.4,IMD_AWS_NASA_POWER_Blended
MH_SAH_01,Mahabaleshwar,Satara,17.924,73.658,1382,Sahyadri_Crest,2023-08-01,23.61,26.1,22.4,24.2,93.3,IMD_AWS_NASA_POWER_Blended
MH_SAH_01,Mahabaleshwar,Satara,17.924,73.658,1382,Sahyadri_Crest,2023-08-02,7.92,25.7,21.8,23.8,93.6,IMD_AWS_NASA_POWER_Blended
MH_SAH_01,Mahabaleshwar,Satara,17.924,73.658,1382,Sahyadri_Crest,2023-08-03,8.54,25.4,21.7,23.6,93.0,IMD_AWS_NASA_POWER_Blended
MH_SAH_01,Mahabaleshwar,Satara,17.924,73.658,1382,Sahyadri_Crest,2023-08-04,11.08,26.6,21.8,24.2,91.9,IMD_AWS_NASA_POWER_Blended
MH_SAH_01,Mahabaleshwar,Satara,17.924,73.658,1382,Sahyadri_Crest,2023-08-05,8.5,26.1,21.8,24.0,92.1,IMD_AWS_NASA_POWER_Blended
MH_SAH_01,Mahabaleshwar,Satara,17.924,73.658,1382,Sahyadri_Crest,2023-08-06,8.33,26.7,21.6,24.1,91.4,IMD_AWS_NASA_POWER_Blended
MH_SAH_01,Mahabaleshwar,Satara,17.924,73.658,1382,Sahyadri_Crest,2023-08-07,4.31,26.5,21.7,24.1,91.0,IMD_AWS_NASA_POWER_Blended
MH_SAH_01,Mahabaleshwar,Satara,17.924,73.658,1382,Sahyadri_Crest,2023-08-08,4.67,26.3,21.6,23.9,91.0,IMD_AWS_NASA_POWER_Blended
MH_SAH_01,Mahabaleshwar,Satara,17.924,73.658,1382,Sahyadri_Crest,2023-08-09,6.72,26.6,21.6,24.1,91.6,IMD_AWS_NASA_POWER_Blended
MH_SAH_01,Mahabaleshwar,Satara,17.924,73.658,1382,Sahyadri_Crest,2023-08-10,5.29,26.8,21.4,24.1,91.8,IMD_AWS_NASA_POWER_Blended
MH_SAH_01,Mahabaleshwar,Satara,17.924,73.658,1382,Sahyadri_Crest,2023-08-11,2.67,27.4,20.8,24.1,90.2,IMD_AWS_NASA_POWER_Blended
MH_SAH_01,Mahabaleshwar,Satara,17.924,73.658,1382,Sahyadri_Crest,2023-08-12,5.1,26.9,20.7,23.8,90.3,IMD_AWS_NASA_POWER_Blended
MH_SAH_01,Mahabaleshwar,Satara,17.924,73.658,1382,Sahyadri_Crest,2023-08-13,7.99,26.0,21.3,23.6,91.4,IMD_AWS_NASA_POWER_Blended
MH_SAH_01,Mahabaleshwar,Satara,17.924,73.658,1382,Sahyadri_Crest,2023-08-14,4.37,26.5,21.1,23.8,90.1,IMD_AWS_NASA_POWER_Blended
MH_SAH_01,Mahabaleshwar,Satara,17.924,73.658,1382,Sahyadri_Crest,2023-08-15,3.44,25.5,20.8,23.1,91.2,IMD_AWS_NASA_POWER_Blended
MH_SAH_01,Mahabaleshwar,Satara,17.924,73.658,1382,Sahyadri_Crest,2023-08-16,4.41,27.1,20.6,23.8,90.1,IMD_AWS_NASA_POWER_Blended
MH_SAH_01,Mahabaleshwar,Satara,17.924,73.658,1382,Sahyadri_Crest,2023-08-17,5.68,27.1,20.6,23.9,90.0,IMD_AWS_NASA_POWER_Blended
MH_SAH_01,Mahabaleshwar,Satara,17.924,73.658,1382,Sahyadri_Crest,2023-08-18,5.31,25.8,21.1,23.5,91.8,IMD_AWS_NASA_POWER_Blended
MH_SAH_01,Mahabaleshwar,Satara,17.924,73.658,1382,Sahyadri_Crest,2023-08-19,10.99,26.4,21.6,24.0,91.9,IMD_AWS_NASA_POWER_Blended
MH_SAH_01,Mahabaleshwar,Satara,17.924,73.658,1382,Sahyadri_Crest,2023-08-20,10.69,26.7,21.5,24.1,90.4,IMD_AWS_NASA_POWER_Blended
MH_SAH_01,Mahabaleshwar,Satara,17.924,73.658,1382,Sahyadri_Crest,2023-08-21,4.74,26.9,20.8,23.8,90.2,IMD_AWS_NASA_POWER_Blended
MH_SAH_01,Mahabaleshwar,Satara,17.924,73.658,1382,Sahyadri_Crest,2023-08-22,4.14,26.7,20.3,23.5,90.5,IMD_AWS_NASA_POWER_Blended
MH_SAH_01,Mahabaleshwar,Satara,17.924,73.658,1382,Sahyadri_Crest,2023-08-23,3.36,26.4,20.9,23.7,91.0,IMD_AWS_NASA_POWER_Blended
MH_SAH_01,Mahabaleshwar,Satara,17.924,73.658,1382,Sahyadri_Crest,2023-08-24,11.64,27.1,20.9,24.0,90.2,IMD_AWS_NASA_POWER_Blended
MH_SAH_01,Mahabaleshwar,Satara,17.924,73.658,1382,Sahyadri_Crest,2023-08-25,14.36,26.8,21.9,24.4,91.5,IMD_AWS_NASA_POWER_Blended
MH_SAH_01,Mahabaleshwar,Satara,17.924,73.658,1382,Sahyadri_Crest,2023-08-26,12.14,26.9,22.0,24.4,90.9,IMD_AWS_NASA_POWER_Blended
MH_SAH_01,Mahabaleshwar,Satara,17.924,73.658,1382,Sahyadri_Crest,2023-08-27,11.23,27.2,21.5,24.4,90.4,IMD_AWS_NASA_POWER_Blended
MH_SAH_01,Mahabaleshwar,Satara,17.924,73.658,1382,Sahyadri_Crest,2023-08-28,13.02,27.3,21.5,24.4,90.5,IMD_AWS_NASA_POWER_Blended
MH_SAH_01,Mahabaleshwar,Satara,17.924,73.658,1382,Sahyadri_Crest,2023-08-29,3.06,27.3,20.9,24.1,90.0,IMD_AWS_NASA_POWER_Blended
MH_SAH_01,Mahabaleshwar,Satara,17.924,73.658,1382,Sahyadri_Crest,2023-08-30,0.37,27.9,20.4,24.1,88.0,IMD_AWS_NASA_POWER_Blended
MH_SAH_01,Mahabaleshwar,Satara,17.924,73.658,1382,Sahyadri_Crest,2023-08-31,2.8,28.8,20.6,24.7,87.9,IMD_AWS_NASA_POWER_Blended
MH_SAH_01,Mahabaleshwar,Satara,17.924,73.658,1382,Sahyadri_Crest,2023-09-01,8.52,29.9,21.3,25.6,87.7,IMD_AWS_NASA_POWER_Blended
MH_SAH_01,Mahabaleshwar,Satara,17.924,73.658,1382,Sahyadri_Crest,2023-09-02,12.66,26.2,21.7,24.0,92.5,IMD_AWS_NASA_POWER_Blended
MH_SAH_01,Mahabaleshwar,Satara,17.924,73.658,1382,Sahyadri_Crest,2023-09-03,3.55,27.4,21.0,24.2,90.3,IMD_AWS_NASA_POWER_Blended
MH_SAH_01,Mahabaleshwar,Satara,17.924,73.658,1382,Sahyadri_Crest,2023-09-04,3.1,27.3,21.1,24.2,89.9,IMD_AWS_NASA_POWER_Blended
MH_SAH_01,Mahabaleshwar,Satara,17.924,73.658,1382,Sahyadri_Crest,2023-09-05,0.3,27.4,19.7,23.5,88.6,IMD_AWS_NASA_POWER_Blended
MH_SAH_01,Mahabaleshwar,Satara,17.924,73.658,1382,Sahyadri_Crest,2023-09-06,2.81,26.9,20.2,23.6,90.1,IMD_AWS_NASA_POWER_Blended
MH_SAH_01,Mahabaleshwar,Satara,17.924,73.658,1382,Sahyadri_Crest,2023-09-07,27.29,25.1,21.4,23.3,92.6,IMD_AWS_NASA_POWER_Blended
MH_SAH_01,Mahabaleshwar,Satara,17.924,73.658,1382,Sahyadri_Crest,2023-09-08,42.78,25.3,22.1,23.7,94.8,IMD_AWS_NASA_POWER_Blended
MH_SAH_01,Mahabaleshwar,Satara,17.924,73.658,1382,Sahyadri_Crest,2023-09-09,23.09,27.1,22.8,25.0,92.3,IMD_AWS_NASA_POWER_Blended
MH_SAH_01,Mahabaleshwar,Satara,17.924,73.658,1382,Sahyadri_Crest,2023-09-10,11.98,27.1,22.2,24.7,91.3,IMD_AWS_NASA_POWER_Blended
MH_SAH_01,Mahabaleshwar,Satara,17.924,73.658,1382,Sahyadri_Crest,2023-09-11,5.53,27.8,21.8,24.8,90.7,IMD_AWS_NASA_POWER_Blended
MH_SAH_01,Mahabaleshwar,Satara,17.924,73.658,1382,Sahyadri_Crest,2023-09-12,2.89,27.1,20.8,23.9,91.0,IMD_AWS_NASA_POWER_Blended
MH_SAH_01,Mahabaleshwar,Satara,17.924,73.658,1382,Sahyadri_Crest,2023-09-13,4.0,26.4,20.6,23.5,91.5,IMD_AWS_NASA_POWER_Blended
MH_SAH_01,Mahabaleshwar,Satara,17.924,73.658,1382,Sahyadri_Crest,2023-09-14,2.49,26.8,20.4,23.6,90.6,IMD_AWS_NASA_POWER_Blended
MH_SAH_01,Mahabaleshwar,Satara,17.924,73.658,1382,Sahyadri_Crest,2023-09-15,1.82,25.7,20.4,23.1,92.2,IMD_AWS_NASA_POWER_Blended
MH_SAH_01,Mahabaleshwar,Satara,17.924,73.658,1382,Sahyadri_Crest,2023-09-16,4.12,25.7,22.1,23.9,93.1,IMD_AWS_NASA_POWER_Blended
MH_SAH_01,Mahabaleshwar,Satara,17.924,73.658,1382,Sahyadri_Crest,2023-09-17,5.23,27.2,22.4,24.8,91.4,IMD_AWS_NASA_POWER_Blended
MH_SAH_01,Mahabaleshwar,Satara,17.924,73.658,1382,Sahyadri_Crest,2023-09-18,11.93,27.6,22.3,24.9,91.0,IMD_AWS_NASA_POWER_Blended
MH_SAH_01,Mahabaleshwar,Satara,17.924,73.658,1382,Sahyadri_Crest,2023-09-19,11.85,27.4,22.2,24.8,90.8,IMD_AWS_NASA_POWER_Blended
MH_SAH_01,Mahabaleshwar,Satara,17.924,73.658,1382,Sahyadri_Crest,2023-09-20,15.43,27.4,21.8,24.6,91.4,IMD_AWS_NASA_POWER_Blended
MH_SAH_01,Mahabaleshwar,Satara,17.924,73.658,1382,Sahyadri_Crest,2023-09-21,19.78,27.1,22.7,24.9,93.0,IMD_AWS_NASA_POWER_Blended
MH_SAH_01,Mahabaleshwar,Satara,17.924,73.658,1382,Sahyadri_Crest,2023-09-22,13.48,26.1,21.6,23.9,92.2,IMD_AWS_NASA_POWER_Blended
MH_SAH_01,Mahabaleshwar,Satara,17.924,73.658,1382,Sahyadri_Crest,2023-09-23,22.11,26.8,21.2,24.0,92.4,IMD_AWS_NASA_POWER_Blended
MH_SAH_01,Mahabaleshwar,Satara,17.924,73.658,1382,Sahyadri_Crest,2023-09-24,7.04,26.6,20.8,23.7,91.6,IMD_AWS_NASA_POWER_Blended
MH_SAH_01,Mahabaleshwar,Satara,17.924,73.658,1382,Sahyadri_Crest,2023-09-25,7.88,27.4,20.4,23.9,90.9,IMD_AWS_NASA_POWER_Blended
MH_SAH_01,Mahabaleshwar,Satara,17.924,73.658,1382,Sahyadri_Crest,2023-09-26,18.81,27.0,21.3,24.1,92.1,IMD_AWS_NASA_POWER_Blended
MH_SAH_01,Mahabaleshwar,Satara,17.924,73.658,1382,Sahyadri_Crest,2023-09-27,21.59,27.1,22.3,24.7,92.1,IMD_AWS_NASA_POWER_Blended
MH_SAH_01,Mahabaleshwar,Satara,17.924,73.658,1382,Sahyadri_Crest,2023-09-28,22.2,28.6,21.5,25.1,89.3,IMD_AWS_NASA_POWER_Blended
MH_SAH_01,Mahabaleshwar,Satara,17.924,73.658,1382,Sahyadri_Crest,2023-09-29,16.78,28.6,21.9,25.2,90.3,IMD_AWS_NASA_POWER_Blended
MH_SAH_01,Mahabaleshwar,Satara,17.924,73.658,1382,Sahyadri_Crest,2023-09-30,10.49,28.6,21.6,25.1,89.5,IMD_AWS_NASA_POWER_Blended
MH_SAH_01,Mahabaleshwar,Satara,17.924,73.658,1382,Sahyadri_Crest,2023-10-01,42.14,25.6,21.1,23.4,94.9,IMD_AWS_NASA_POWER_Blended
MH_SAH_01,Mahabaleshwar,Satara,17.924,73.658,1382,Sahyadri_Crest,2023-10-02,7.11,25.5,20.8,23.2,92.3,IMD_AWS_NASA_POWER_Blended
MH_SAH_01,Mahabaleshwar,Satara,17.924,73.658,1382,Sahyadri_Crest,2023-10-03,0.14,27.5,20.9,24.2,89.2,IMD_AWS_NASA_POWER_Blended
MH_SAH_01,Mahabaleshwar,Satara,17.924,73.658,1382,Sahyadri_Crest,2023-10-04,0.2,28.5,20.4,24.4,88.6,IMD_AWS_NASA_POWER_Blended
MH_SAH_01,Mahabaleshwar,Satara,17.924,73.658,1382,Sahyadri_Crest,2023-10-05,0.02,28.0,19.7,23.9,86.5,IMD_AWS_NASA_POWER_Blended
MH_SAH_01,Mahabaleshwar,Satara,17.924,73.658,1382,Sahyadri_Crest,2023-10-06,0.0,28.9,19.7,24.3,85.4,IMD_AWS_NASA_POWER_Blended
MH_SAH_01,Mahabaleshwar,Satara,17.924,73.658,1382,Sahyadri_Crest,2023-10-07,0.0,29.9,20.1,25.0,83.7,IMD_AWS_NASA_POWER_Blended
MH_SAH_01,Mahabaleshwar,Satara,17.924,73.658,1382,Sahyadri_Crest,2023-10-08,0.0,30.3,19.3,24.8,82.3,IMD_AWS_NASA_POWER_Blended
MH_SAH_01,Mahabaleshwar,Satara,17.924,73.658,1382,Sahyadri_Crest,2023-10-09,0.0,30.0,19.3,24.6,81.8,IMD_AWS_NASA_POWER_Blended
MH_SAH_01,Mahabaleshwar,Satara,17.924,73.658,1382,Sahyadri_Crest,2023-10-10,0.0,29.4,19.6,24.5,84.9,IMD_AWS_NASA_POWER_Blended
MH_SAH_01,Mahabaleshwar,Satara,17.924,73.658,1382,Sahyadri_Crest,2023-10-11,0.0,29.4,19.9,24.6,83.8,IMD_AWS_NASA_POWER_Blended
MH_SAH_01,Mahabaleshwar,Satara,17.924,73.658,1382,Sahyadri_Crest,2023-10-12,0.0,29.7,19.7,24.7,79.3,IMD_AWS_NASA_POWER_Blended
MH_SAH_01,Mahabaleshwar,Satara,17.924,73.658,1382,Sahyadri_Crest,2023-10-13,0.0,30.1,19.3,24.7,73.7,IMD_AWS_NASA_POWER_Blended
MH_SAH_01,Mahabaleshwar,Satara,17.924,73.658,1382,Sahyadri_Crest,2023-10-14,0.0,29.7,18.2,24.0,74.4,IMD_AWS_NASA_POWER_Blended
MH_SAH_01,Mahabaleshwar,Satara,17.924,73.658,1382,Sahyadri_Crest,2023-10-15,0.14,29.2,19.8,24.5,80.0,IMD_AWS_NASA_POWER_Blended
MH_SAH_01,Mahabaleshwar,Satara,17.924,73.658,1382,Sahyadri_Crest,2023-10-16,0.33,29.2,19.7,24.4,79.3,IMD_AWS_NASA_POWER_Blended
MH_SAH_01,Mahabaleshwar,Satara,17.924,73.658,1382,Sahyadri_Crest,2023-10-17,1.27,29.4,19.6,24.5,79.9,IMD_AWS_NASA_POWER_Blended
MH_SAH_01,Mahabaleshwar,Satara,17.924,73.658,1382,Sahyadri_Crest,2023-10-18,0.12,29.4,19.7,24.6,80.6,IMD_AWS_NASA_POWER_Blended
MH_SAH_01,Mahabaleshwar,Satara,17.924,73.658,1382,Sahyadri_Crest,2023-10-19,0.09,29.2,19.9,24.6,77.7,IMD_AWS_NASA_POWER_Blended
MH_SAH_01,Mahabaleshwar,Satara,17.924,73.658,1382,Sahyadri_Crest,2023-10-20,0.06,29.1,20.1,24.6,79.3,IMD_AWS_NASA_POWER_Blended
MH_SAH_01,Mahabaleshwar,Satara,17.924,73.658,1382,Sahyadri_Crest,2023-10-21,0.07,28.0,20.8,24.4,82.0,IMD_AWS_NASA_POWER_Blended
MH_SAH_01,Mahabaleshwar,Satara,17.924,73.658,1382,Sahyadri_Crest,2023-10-22,0.01,28.9,19.7,24.3,79.7,IMD_AWS_NASA_POWER_Blended
MH_SAH_01,Mahabaleshwar,Satara,17.924,73.658,1382,Sahyadri_Crest,2023-10-23,0.0,29.1,18.1,23.6,76.4,IMD_AWS_NASA_POWER_Blended
MH_SAH_01,Mahabaleshwar,Satara,17.924,73.658,1382,Sahyadri_Crest,2023-10-24,0.0,28.9,18.1,23.5,78.7,IMD_AWS_NASA_POWER_Blended
MH_SAH_01,Mahabaleshwar,Satara,17.924,73.658,1382,Sahyadri_Crest,2023-10-25,0.0,28.8,17.7,23.2,74.8,IMD_AWS_NASA_POWER_Blended
MH_SAH_01,Mahabaleshwar,Satara,17.924,73.658,1382,Sahyadri_Crest,2023-10-26,0.0,27.6,16.4,22.0,70.1,IMD_AWS_NASA_POWER_Blended
MH_SAH_01,Mahabaleshwar,Satara,17.924,73.658,1382,Sahyadri_Crest,2023-10-27,0.0,27.6,15.2,21.4,66.7,IMD_AWS_NASA_POWER_Blended
MH_SAH_01,Mahabaleshwar,Satara,17.924,73.658,1382,Sahyadri_Crest,2023-10-28,0.0,28.3,14.9,21.6,69.0,IMD_AWS_NASA_POWER_Blended
MH_SAH_01,Mahabaleshwar,Satara,17.924,73.658,1382,Sahyadri_Crest,2023-10-29,0.0,29.2,15.1,22.2,69.4,IMD_AWS_NASA_POWER_Blended
MH_SAH_01,Mahabaleshwar,Satara,17.924,73.658,1382,Sahyadri_Crest,2023-10-30,0.0,28.7,15.6,22.1,71.1,IMD_AWS_NASA_POWER_Blended
MH_SAH_01,Mahabaleshwar,Satara,17.924,73.658,1382,Sahyadri_Crest,2023-10-31,0.0,28.2,15.2,21.7,72.4,IMD_AWS_NASA_POWER_Blended
MH_SAH_02,Igatpuri,Nashik,19.697,73.563,605,Sahyadri_Crest,2023-06-01,0.01,39.3,22.8,31.1,46.2,IMD_AWS_NASA_POWER_Blended
MH_SAH_02,Igatpuri,Nashik,19.697,73.563,605,Sahyadri_Crest,2023-06-02,0.86,36.2,23.2,29.7,58.3,IMD_AWS_NASA_POWER_Blended
MH_SAH_02,Igatpuri,Nashik,19.697,73.563,605,Sahyadri_Crest,2023-06-03,0.06,33.4,23.7,28.5,66.6,IMD_AWS_NASA_POWER_Blended
MH_SAH_02,Igatpuri,Nashik,19.697,73.563,605,Sahyadri_Crest,2023-06-04,2.52,34.1,24.4,29.3,66.2,IMD_AWS_NASA_POWER_Blended
MH_SAH_02,Igatpuri,Nashik,19.697,73.563,605,Sahyadri_Crest,2023-06-05,2.84,34.0,23.6,28.8,67.0,IMD_AWS_NASA_POWER_Blended
MH_SAH_02,Igatpuri,Nashik,19.697,73.563,605,Sahyadri_Crest,2023-06-06,0.04,36.3,23.7,30.0,63.2,IMD_AWS_NASA_POWER_Blended
MH_SAH_02,Igatpuri,Nashik,19.697,73.563,605,Sahyadri_Crest,2023-06-07,0.08,36.0,23.5,29.8,62.7,IMD_AWS_NASA_POWER_Blended
MH_SAH_02,Igatpuri,Nashik,19.697,73.563,605,Sahyadri_Crest,2023-06-08,0.36,36.1,24.0,30.1,63.5,IMD_AWS_NASA_POWER_Blended
MH_SAH_02,Igatpuri,Nashik,19.697,73.563,605,Sahyadri_Crest,2023-06-09,1.12,35.5,24.5,30.0,66.9,IMD_AWS_NASA_POWER_Blended
MH_SAH_02,Igatpuri,Nashik,19.697,73.563,605,Sahyadri_Crest,2023-06-10,1.91,33.6,24.9,29.3,68.9,IMD_AWS_NASA_POWER_Blended
MH_SAH_02,Igatpuri,Nashik,19.697,73.563,605,Sahyadri_Crest,2023-06-11,0.48,35.0,24.3,29.7,61.9,IMD_AWS_NASA_POWER_Blended
MH_SAH_02,Igatpuri,Nashik,19.697,73.563,605,Sahyadri_Crest,2023-06-12,1.45,35.3,23.9,29.6,60.6,IMD_AWS_NASA_POWER_Blended
MH_SAH_02,Igatpuri,Nashik,19.697,73.563,605,Sahyadri_Crest,2023-06-13,2.33,34.3,23.5,28.9,65.6,IMD_AWS_NASA_POWER_Blended
MH_SAH_02,Igatpuri,Nashik,19.697,73.563,605,Sahyadri_Crest,2023-06-14,6.49,33.4,23.4,28.4,70.3,IMD_AWS_NASA_POWER_Blended
MH_SAH_02,Igatpuri,Nashik,19.697,73.563,605,Sahyadri_Crest,2023-06-15,1.22,33.4,23.5,28.5,72.3,IMD_AWS_NASA_POWER_Blended
MH_SAH_02,Igatpuri,Nashik,19.697,73.563,605,Sahyadri_Crest,2023-06-16,1.46,33.1,24.1,28.6,74.1,IMD_AWS_NASA_POWER_Blended
MH_SAH_02,Igatpuri,Nashik,19.697,73.563,605,Sahyadri_Crest,2023-06-17,0.97,32.7,24.1,28.4,75.5,IMD_AWS_NASA_POWER_Blended
MH_SAH_02,Igatpuri,Nashik,19.697,73.563,605,Sahyadri_Crest,2023-06-18,0.07,33.1,23.9,28.5,73.7,IMD_AWS_NASA_POWER_Blended
MH_SAH_02,Igatpuri,Nashik,19.697,73.563,605,Sahyadri_Crest,2023-06-19,0.0,33.8,23.8,28.8,72.1,IMD_AWS_NASA_POWER_Blended
MH_SAH_02,Igatpuri,Nashik,19.697,73.563,605,Sahyadri_Crest,2023-06-20,0.0,34.0,23.9,29.0,71.8,IMD_AWS_NASA_POWER_Blended
MH_SAH_02,Igatpuri,Nashik,19.697,73.563,605,Sahyadri_Crest,2023-06-21,0.0,34.2,23.8,29.0,69.6,IMD_AWS_NASA_POWER_Blended
MH_SAH_02,Igatpuri,Nashik,19.697,73.563,605,Sahyadri_Crest,2023-06-22,0.14,33.9,24.0,28.9,68.8,IMD_AWS_NASA_POWER_Blended
MH_SAH_02,Igatpuri,Nashik,19.697,73.563,605,Sahyadri_Crest,2023-06-23,1.43,34.2,23.7,29.0,69.5,IMD_AWS_NASA_POWER_Blended
MH_SAH_02,Igatpuri,Nashik,19.697,73.563,605,Sahyadri_Crest,2023-06-24,29.54,29.5,23.4,26.5,81.9,IMD_AWS_NASA_POWER_Blended
MH_SAH_02,Igatpuri,Nashik,19.697,73.563,605,Sahyadri_Crest,2023-06-25,34.73,28.3,22.5,25.4,81.8,IMD_AWS_NASA_POWER_Blended
MH_SAH_02,Igatpuri,Nashik,19.697,73.563,605,Sahyadri_Crest,2023-06-26,35.3,25.7,21.6,23.7,84.8,IMD_AWS_NASA_POWER_Blended
MH_SAH_02,Igatpuri,Nashik,19.697,73.563,605,Sahyadri_Crest,2023-06-27,39.05,25.0,21.1,23.0,88.2,IMD_AWS_NASA_POWER_Blended
MH_SAH_02,Igatpuri,Nashik,19.697,73.563,605,Sahyadri_Crest,2023-06-28,53.63,27.2,21.8,24.5,89.5,IMD_AWS_NASA_POWER_Blended
MH_SAH_02,Igatpuri,Nashik,19.697,73.563,605,Sahyadri_Crest,2023-06-29,22.7,25.6,21.8,23.7,87.7,IMD_AWS_NASA_POWER_Blended
MH_SAH_02,Igatpuri,Nashik,19.697,73.563,605,Sahyadri_Crest,2023-06-30,66.31,25.5,21.9,23.7,91.7,IMD_AWS_NASA_POWER_Blended
MH_SAH_02,Igatpuri,Nashik,19.697,73.563,605,Sahyadri_Crest,2023-07-01,39.36,27.5,22.9,25.2,90.2,IMD_AWS_NASA_POWER_Blended
MH_SAH_02,Igatpuri,Nashik,19.697,73.563,605,Sahyadri_Crest,2023-07-02,26.63,28.4,23.5,25.9,89.6,IMD_AWS_NASA_POWER_Blended
MH_SAH_02,Igatpuri,Nashik,19.697,73.563,605,Sahyadri_Crest,2023-07-03,16.94,28.9,23.3,26.1,88.8,IMD_AWS_NASA_POWER_Blended
MH_SAH_02,Igatpuri,Nashik,19.697,73.563,605,Sahyadri_Crest,2023-07-04,15.75,28.3,23.2,25.7,91.0,IMD_AWS_NASA_POWER_Blended
MH_SAH_02,Igatpuri,Nashik,19.697,73.563,605,Sahyadri_Crest,2023-07-05,12.3,28.2,22.4,25.3,90.4,IMD_AWS_NASA_POWER_Blended
MH_SAH_02,Igatpuri,Nashik,19.697,73.563,605,Sahyadri_Crest,2023-07-06,26.45,25.8,21.6,23.7,91.6,IMD_AWS_NASA_POWER_Blended
MH_SAH_02,Igatpuri,Nashik,19.697,73.563,605,Sahyadri_Crest,2023-07-07,31.34,26.6,23.7,25.1,94.0,IMD_AWS_NASA_POWER_Blended
MH_SAH_02,Igatpuri,Nashik,19.697,73.563,605,Sahyadri_Crest,2023-07-08,15.71,26.8,22.9,24.8,91.5,IMD_AWS_NASA_POWER_Blended
MH_SAH_02,Igatpuri,Nashik,19.697,73.563,605,Sahyadri_Crest,2023-07-09,15.01,26.6,22.6,24.6,91.8,IMD_AWS_NASA_POWER_Blended
MH_SAH_02,Igatpuri,Nashik,19.697,73.563,605,Sahyadri_Crest,2023-07-10,8.23,27.1,22.6,24.9,90.9,IMD_AWS_NASA_POWER_Blended
MH_SAH_02,Igatpuri,Nashik,19.697,73.563,605,Sahyadri_Crest,2023-07-11,8.67,27.4,22.2,24.8,90.2,IMD_AWS_NASA_POWER_Blended
MH_SAH_02,Igatpuri,Nashik,19.697,73.563,605,Sahyadri_Crest,2023-07-12,8.94,27.0,22.7,24.8,89.5,IMD_AWS_NASA_POWER_Blended
MH_SAH_02,Igatpuri,Nashik,19.697,73.563,605,Sahyadri_Crest,2023-07-13,16.87,26.6,22.3,24.4,89.5,IMD_AWS_NASA_POWER_Blended
MH_SAH_02,Igatpuri,Nashik,19.697,73.563,605,Sahyadri_Crest,2023-07-14,18.12,26.7,22.3,24.5,90.2,IMD_AWS_NASA_POWER_Blended
MH_SAH_02,Igatpuri,Nashik,19.697,73.563,605,Sahyadri_Crest,2023-07-15,11.97,27.4,22.6,25.0,90.5,IMD_AWS_NASA_POWER_Blended
MH_SAH_02,Igatpuri,Nashik,19.697,73.563,605,Sahyadri_Crest,2023-07-16,13.91,27.0,23.2,25.1,92.2,IMD_AWS_NASA_POWER_Blended
MH_SAH_02,Igatpuri,Nashik,19.697,73.563,605,Sahyadri_Crest,2023-07-17,24.31,27.2,22.9,25.0,90.0,IMD_AWS_NASA_POWER_Blended
MH_SAH_02,Igatpuri,Nashik,19.697,73.563,605,Sahyadri_Crest,2023-07-18,67.42,25.8,23.2,24.5,94.2,IMD_AWS_NASA_POWER_Blended
MH_SAH_02,Igatpuri,Nashik,19.697,73.563,605,Sahyadri_Crest,2023-07-19,89.35,26.2,23.1,24.6,94.2,IMD_AWS_NASA_POWER_Blended
MH_SAH_02,Igatpuri,Nashik,19.697,73.563,605,Sahyadri_Crest,2023-07-20,48.5,26.2,22.2,24.2,94.7,IMD_AWS_NASA_POWER_Blended
MH_SAH_02,Igatpuri,Nashik,19.697,73.563,605,Sahyadri_Crest,2023-07-21,37.02,25.2,21.9,23.6,94.7,IMD_AWS_NASA_POWER_Blended
MH_SAH_02,Igatpuri,Nashik,19.697,73.563,605,Sahyadri_Crest,2023-07-22,32.71,25.1,22.4,23.8,95.6,IMD_AWS_NASA_POWER_Blended
MH_SAH_02,Igatpuri,Nashik,19.697,73.563,605,Sahyadri_Crest,2023-07-23,30.53,26.5,22.5,24.5,94.0,IMD_AWS_NASA_POWER_Blended
MH_SAH_02,Igatpuri,Nashik,19.697,73.563,605,Sahyadri_Crest,2023-07-24,39.19,26.9,23.0,25.0,92.7,IMD_AWS_NASA_POWER_Blended
MH_SAH_02,Igatpuri,Nashik,19.697,73.563,605,Sahyadri_Crest,2023-07-25,49.29,25.3,22.8,24.0,94.8,IMD_AWS_NASA_POWER_Blended
MH_SAH_02,Igatpuri,Nashik,19.697,73.563,605,Sahyadri_Crest,2023-07-26,44.63,25.4,22.5,23.9,95.2,IMD_AWS_NASA_POWER_Blended
MH_SAH_02,Igatpuri,Nashik,19.697,73.563,605,Sahyadri_Crest,2023-07-27,58.89,25.1,22.7,23.9,95.2,IMD_AWS_NASA_POWER_Blended
MH_SAH_02,Igatpuri,Nashik,19.697,73.563,605,Sahyadri_Crest,2023-07-28,41.05,25.6,22.4,24.0,94.6,IMD_AWS_NASA_POWER_Blended
MH_SAH_02,Igatpuri,Nashik,19.697,73.563,605,Sahyadri_Crest,2023-07-29,14.4,26.2,22.0,24.1,92.8,IMD_AWS_NASA_POWER_Blended
MH_SAH_02,Igatpuri,Nashik,19.697,73.563,605,Sahyadri_Crest,2023-07-30,9.78,26.4,22.5,24.4,93.0,IMD_AWS_NASA_POWER_Blended
MH_SAH_02,Igatpuri,Nashik,19.697,73.563,605,Sahyadri_Crest,2023-07-31,9.53,26.9,22.5,24.7,92.4,IMD_AWS_NASA_POWER_Blended
MH_SAH_02,Igatpuri,Nashik,19.697,73.563,605,Sahyadri_Crest,2023-08-01,8.21,26.8,22.7,24.8,92.3,IMD_AWS_NASA_POWER_Blended
MH_SAH_02,Igatpuri,Nashik,19.697,73.563,605,Sahyadri_Crest,2023-08-02,4.32,25.6,22.1,23.8,93.7,IMD_AWS_NASA_POWER_Blended
MH_SAH_02,Igatpuri,Nashik,19.697,73.563,605,Sahyadri_Crest,2023-08-03,3.28,25.5,22.0,23.8,93.2,IMD_AWS_NASA_POWER_Blended
MH_SAH_02,Igatpuri,Nashik,19.697,73.563,605,Sahyadri_Crest,2023-08-04,7.77,26.9,22.1,24.5,91.6,IMD_AWS_NASA_POWER_Blended
MH_SAH_02,Igatpuri,Nashik,19.697,73.563,605,Sahyadri_Crest,2023-08-05,6.43,26.0,21.9,24.0,92.2,IMD_AWS_NASA_POWER_Blended
MH_SAH_02,Igatpuri,Nashik,19.697,73.563,605,Sahyadri_Crest,2023-08-06,3.6,27.1,21.8,24.4,90.5,IMD_AWS_NASA_POWER_Blended
MH_SAH_02,Igatpuri,Nashik,19.697,73.563,605,Sahyadri_Crest,2023-08-07,1.66,25.6,21.8,23.7,91.9,IMD_AWS_NASA_POWER_Blended
MH_SAH_02,Igatpuri,Nashik,19.697,73.563,605,Sahyadri_Crest,2023-08-08,2.25,26.2,21.9,24.1,91.4,IMD_AWS_NASA_POWER_Blended
MH_SAH_02,Igatpuri,Nashik,19.697,73.563,605,Sahyadri_Crest,2023-08-09,2.19,26.1,21.9,24.0,92.0,IMD_AWS_NASA_POWER_Blended
MH_SAH_02,Igatpuri,Nashik,19.697,73.563,605,Sahyadri_Crest,2023-08-10,4.23,27.2,21.7,24.5,90.6,IMD_AWS_NASA_POWER_Blended
MH_SAH_02,Igatpuri,Nashik,19.697,73.563,605,Sahyadri_Crest,2023-08-11,4.15,27.9,21.2,24.6,89.6,IMD_AWS_NASA_POWER_Blended
MH_SAH_02,Igatpuri,Nashik,19.697,73.563,605,Sahyadri_Crest,2023-08-12,4.5,27.2,21.4,24.3,89.5,IMD_AWS_NASA_POWER_Blended
MH_SAH_02,Igatpuri,Nashik,19.697,73.563,605,Sahyadri_Crest,2023-08-13,2.66,25.9,21.5,23.7,91.3,IMD_AWS_NASA_POWER_Blended
MH_SAH_02,Igatpuri,Nashik,19.697,73.563,605,Sahyadri_Crest,2023-08-14,2.4,26.2,21.5,23.8,90.0,IMD_AWS_NASA_POWER_Blended
MH_SAH_02,Igatpuri,Nashik,19.697,73.563,605,Sahyadri_Crest,2023-08-15,2.87,27.2,21.2,24.2,88.8,IMD_AWS_NASA_POWER_Blended
MH_SAH_02,Igatpuri,Nashik,19.697,73.563,605,Sahyadri_Crest,2023-08-16,2.55,27.6,21.3,24.5,89.6,IMD_AWS_NASA_POWER_Blended
MH_SAH_02,Igatpuri,Nashik,19.697,73.563,605,Sahyadri_Crest,2023-08-17,1.29,27.9,20.9,24.4,88.9,IMD_AWS_NASA_POWER_Blended
MH_SAH_02,Igatpuri,Nashik,19.697,73.563,605,Sahyadri_Crest,2023-08-18,0.96,27.2,21.3,24.3,89.7,IMD_AWS_NASA_POWER_Blended
MH_SAH_02,Igatpuri,Nashik,19.697,73.563,605,Sahyadri_Crest,2023-08-19,3.84,27.7,21.5,24.6,89.0,IMD_AWS_NASA_POWER_Blended
MH_SAH_02,Igatpuri,Nashik,19.697,73.563,605,Sahyadri_Crest,2023-08-20,3.77,26.7,21.6,24.1,89.7,IMD_AWS_NASA_POWER_Blended
MH_SAH_02,Igatpuri,Nashik,19.697,73.563,605,Sahyadri_Crest,2023-08-21,2.55,27.6,20.6,24.1,88.6,IMD_AWS_NASA_POWER_Blended
MH_SAH_02,Igatpuri,Nashik,19.697,73.563,605,Sahyadri_Crest,2023-08-22,6.39,27.6,21.0,24.3,89.5,IMD_AWS_NASA_POWER_Blended
MH_SAH_02,Igatpuri,Nashik,19.697,73.563,605,Sahyadri_Crest,2023-08-23,4.82,27.7,21.4,24.6,89.3,IMD_AWS_NASA_POWER_Blended
MH_SAH_02,Igatpuri,Nashik,19.697,73.563,605,Sahyadri_Crest,2023-08-24,6.85,27.3,22.1,24.7,89.6,IMD_AWS_NASA_POWER_Blended
MH_SAH_02,Igatpuri,Nashik,19.697,73.563,605,Sahyadri_Crest,2023-08-25,10.96,28.5,22.0,25.3,90.1,IMD_AWS_NASA_POWER_Blended
MH_SAH_02,Igatpuri,Nashik,19.697,73.563,605,Sahyadri_Crest,2023-08-26,11.94,28.0,22.3,25.1,89.4,IMD_AWS_NASA_POWER_Blended
MH_SAH_02,Igatpuri,Nashik,19.697,73.563,605,Sahyadri_Crest,2023-08-27,9.28,28.6,21.9,25.2,88.2,IMD_AWS_NASA_POWER_Blended
MH_SAH_02,Igatpuri,Nashik,19.697,73.563,605,Sahyadri_Crest,2023-08-28,3.32,27.4,21.6,24.5,90.0,IMD_AWS_NASA_POWER_Blended
MH_SAH_02,Igatpuri,Nashik,19.697,73.563,605,Sahyadri_Crest,2023-08-29,0.52,28.3,20.9,24.6,88.2,IMD_AWS_NASA_POWER_Blended
MH_SAH_02,Igatpuri,Nashik,19.697,73.563,605,Sahyadri_Crest,2023-08-30,0.03,28.6,20.5,24.6,86.9,IMD_AWS_NASA_POWER_Blended
MH_SAH_02,Igatpuri,Nashik,19.697,73.563,605,Sahyadri_Crest,2023-08-31,0.18,29.7,20.7,25.2,84.8,IMD_AWS_NASA_POWER_Blended
MH_SAH_02,Igatpuri,Nashik,19.697,73.563,605,Sahyadri_Crest,2023-09-01,7.79,30.3,21.1,25.7,84.9,IMD_AWS_NASA_POWER_Blended
MH_SAH_02,Igatpuri,Nashik,19.697,73.563,605,Sahyadri_Crest,2023-09-02,14.25,29.0,21.6,25.3,88.8,IMD_AWS_NASA_POWER_Blended
MH_SAH_02,Igatpuri,Nashik,19.697,73.563,605,Sahyadri_Crest,2023-09-03,1.99,28.6,21.5,25.0,88.9,IMD_AWS_NASA_POWER_Blended
MH_SAH_02,Igatpuri,Nashik,19.697,73.563,605,Sahyadri_Crest,2023-09-04,0.45,28.2,20.9,24.5,88.0,IMD_AWS_NASA_POWER_Blended
MH_SAH_02,Igatpuri,Nashik,19.697,73.563,605,Sahyadri_Crest,2023-09-05,0.15,28.6,20.1,24.4,87.6,IMD_AWS_NASA_POWER_Blended
MH_SAH_02,Igatpuri,Nashik,19.697,73.563,605,Sahyadri_Crest,2023-09-06,1.95,28.6,20.9,24.8,89.3,IMD_AWS_NASA_POWER_Blended
MH_SAH_02,Igatpuri,Nashik,19.697,73.563,605,Sahyadri_Crest,2023-09-07,29.82,25.0,22.4,23.7,94.6,IMD_AWS_NASA_POWER_Blended
MH_SAH_02,Igatpuri,Nashik,19.697,73.563,605,Sahyadri_Crest,2023-09-08,69.67,24.7,22.9,23.8,95.4,IMD_AWS_NASA_POWER_Blended
MH_SAH_02,Igatpuri,Nashik,19.697,73.563,605,Sahyadri_Crest,2023-09-09,15.42,26.0,23.0,24.5,93.2,IMD_AWS_NASA_POWER_Blended
MH_SAH_02,Igatpuri,Nashik,19.697,73.563,605,Sahyadri_Crest,2023-09-10,1.84,27.2,22.9,25.0,91.2,IMD_AWS_NASA_POWER_Blended
MH_SAH_02,Igatpuri,Nashik,19.697,73.563,605,Sahyadri_Crest,2023-09-11,0.79,28.0,22.2,25.1,90.0,IMD_AWS_NASA_POWER_Blended
MH_SAH_02,Igatpuri,Nashik,19.697,73.563,605,Sahyadri_Crest,2023-09-12,0.21,27.7,21.3,24.5,89.4,IMD_AWS_NASA_POWER_Blended
MH_SAH_02,Igatpuri,Nashik,19.697,73.563,605,Sahyadri_Crest,2023-09-13,1.86,27.1,21.2,24.2,90.4,IMD_AWS_NASA_POWER_Blended
MH_SAH_02,Igatpuri,Nashik,19.697,73.563,605,Sahyadri_Crest,2023-09-14,3.97,26.6,21.1,23.9,90.2,IMD_AWS_NASA_POWER_Blended
MH_SAH_02,Igatpuri,Nashik,19.697,73.563,605,Sahyadri_Crest,2023-09-15,2.4,26.4,21.0,23.7,91.3,IMD_AWS_NASA_POWER_Blended
MH_SAH_02,Igatpuri,Nashik,19.697,73.563,605,Sahyadri_Crest,2023-09-16,5.75,25.4,22.1,23.7,92.5,IMD_AWS_NASA_POWER_Blended
MH_SAH_02,Igatpuri,Nashik,19.697,73.563,605,Sahyadri_Crest,2023-09-17,7.7,27.2,22.4,24.9,91.0,IMD_AWS_NASA_POWER_Blended
MH_SAH_02,Igatpuri,Nashik,19.697,73.563,605,Sahyadri_Crest,2023-09-18,15.87,28.3,22.4,25.3,90.2,IMD_AWS_NASA_POWER_Blended
MH_SAH_02,Igatpuri,Nashik,19.697,73.563,605,Sahyadri_Crest,2023-09-19,9.8,27.8,22.2,25.0,90.6,IMD_AWS_NASA_POWER_Blended
MH_SAH_02,Igatpuri,Nashik,19.697,73.563,605,Sahyadri_Crest,2023-09-20,9.27,28.5,22.1,25.3,91.3,IMD_AWS_NASA_POWER_Blended
MH_SAH_02,Igatpuri,Nashik,19.697,73.563,605,Sahyadri_Crest,2023-09-21,21.47,26.9,22.6,24.8,93.0,IMD_AWS_NASA_POWER_Blended
MH_SAH_02,Igatpuri,Nashik,19.697,73.563,605,Sahyadri_Crest,2023-09-22,22.36,28.0,21.8,24.9,91.7,IMD_AWS_NASA_POWER_Blended
MH_SAH_02,Igatpuri,Nashik,19.697,73.563,605,Sahyadri_Crest,2023-09-23,23.06,26.3,22.4,24.4,93.7,IMD_AWS_NASA_POWER_Blended
MH_SAH_02,Igatpuri,Nashik,19.697,73.563,605,Sahyadri_Crest,2023-09-24,8.75,26.6,21.9,24.2,92.3,IMD_AWS_NASA_POWER_Blended
MH_SAH_02,Igatpuri,Nashik,19.697,73.563,605,Sahyadri_Crest,2023-09-25,15.34,27.7,21.0,24.4,92.2,IMD_AWS_NASA_POWER_Blended
MH_SAH_02,Igatpuri,Nashik,19.697,73.563,605,Sahyadri_Crest,2023-09-26,26.54,28.0,22.2,25.1,90.3,IMD_AWS_NASA_POWER_Blended
MH_SAH_02,Igatpuri,Nashik,19.697,73.563,605,Sahyadri_Crest,2023-09-27,21.96,28.2,22.1,25.2,89.7,IMD_AWS_NASA_POWER_Blended
MH_SAH_02,Igatpuri,Nashik,19.697,73.563,605,Sahyadri_Crest,2023-09-28,11.02,28.3,22.1,25.2,88.5,IMD_AWS_NASA_POWER_Blended
MH_SAH_02,Igatpuri,Nashik,19.697,73.563,605,Sahyadri_Crest,2023-09-29,14.77,28.3,21.7,25.0,88.5,IMD_AWS_NASA_POWER_Blended
MH_SAH_02,Igatpuri,Nashik,19.697,73.563,605,Sahyadri_Crest,2023-09-30,10.88,28.6,21.7,25.1,88.0,IMD_AWS_NASA_POWER_Blended
MH_SAH_02,Igatpuri,Nashik,19.697,73.563,605,Sahyadri_Crest,2023-10-01,3.01,28.4,21.4,24.9,88.8,IMD_AWS_NASA_POWER_Blended
MH_SAH_02,Igatpuri,Nashik,19.697,73.563,605,Sahyadri_Crest,2023-10-02,4.27,26.1,21.5,23.8,91.9,IMD_AWS_NASA_POWER_Blended
MH_SAH_02,Igatpuri,Nashik,19.697,73.563,605,Sahyadri_Crest,2023-10-03,0.03,28.3,20.5,24.4,87.5,IMD_AWS_NASA_POWER_Blended
MH_SAH_02,Igatpuri,Nashik,19.697,73.563,605,Sahyadri_Crest,2023-10-04,0.0,28.3,20.0,24.1,86.6,IMD_AWS_NASA_POWER_Blended
MH_SAH_02,Igatpuri,Nashik,19.697,73.563,605,Sahyadri_Crest,2023-10-05,0.0,28.2,18.7,23.5,85.3,IMD_AWS_NASA_POWER_Blended
MH_SAH_02,Igatpuri,Nashik,19.697,73.563,605,Sahyadri_Crest,2023-10-06,0.0,28.8,19.3,24.1,85.1,IMD_AWS_NASA_POWER_Blended
MH_SAH_02,Igatpuri,Nashik,19.697,73.563,605,Sahyadri_Crest,2023-10-07,0.0,29.8,20.1,25.0,83.4,IMD_AWS_NASA_POWER_Blended
MH_SAH_02,Igatpuri,Nashik,19.697,73.563,605,Sahyadri_Crest,2023-10-08,0.0,30.3,19.1,24.7,81.1,IMD_AWS_NASA_POWER_Blended
MH_SAH_02,Igatpuri,Nashik,19.697,73.563,605,Sahyadri_Crest,2023-10-09,0.0,29.9,19.3,24.6,80.5,IMD_AWS_NASA_POWER_Blended
MH_SAH_02,Igatpuri,Nashik,19.697,73.563,605,Sahyadri_Crest,2023-10-10,0.0,29.3,18.8,24.1,79.2,IMD_AWS_NASA_POWER_Blended
MH_SAH_02,Igatpuri,Nashik,19.697,73.563,605,Sahyadri_Crest,2023-10-11,0.0,29.8,18.7,24.2,81.5,IMD_AWS_NASA_POWER_Blended
MH_SAH_02,Igatpuri,Nashik,19.697,73.563,605,Sahyadri_Crest,2023-10-12,0.0,30.2,19.1,24.7,78.2,IMD_AWS_NASA_POWER_Blended
MH_SAH_02,Igatpuri,Nashik,19.697,73.563,605,Sahyadri_Crest,2023-10-13,0.0,30.4,19.4,24.9,75.5,IMD_AWS_NASA_POWER_Blended
MH_SAH_02,Igatpuri,Nashik,19.697,73.563,605,Sahyadri_Crest,2023-10-14,0.0,30.2,19.2,24.7,73.1,IMD_AWS_NASA_POWER_Blended
MH_SAH_02,Igatpuri,Nashik,19.697,73.563,605,Sahyadri_Crest,2023-10-15,0.0,29.8,19.3,24.6,77.2,IMD_AWS_NASA_POWER_Blended
MH_SAH_02,Igatpuri,Nashik,19.697,73.563,605,Sahyadri_Crest,2023-10-16,0.0,29.3,19.8,24.5,78.5,IMD_AWS_NASA_POWER_Blended
MH_SAH_02,Igatpuri,Nashik,19.697,73.563,605,Sahyadri_Crest,2023-10-17,2.24,29.6,19.5,24.5,77.2,IMD_AWS_NASA_POWER_Blended
MH_SAH_02,Igatpuri,Nashik,19.697,73.563,605,Sahyadri_Crest,2023-10-18,0.14,29.3,19.1,24.2,79.2,IMD_AWS_NASA_POWER_Blended
MH_SAH_02,Igatpuri,Nashik,19.697,73.563,605,Sahyadri_Crest,2023-10-19,0.02,29.5,18.8,24.2,74.5,IMD_AWS_NASA_POWER_Blended
MH_SAH_02,Igatpuri,Nashik,19.697,73.563,605,Sahyadri_Crest,2023-10-20,0.03,29.4,19.0,24.2,76.9,IMD_AWS_NASA_POWER_Blended
MH_SAH_02,Igatpuri,Nashik,19.697,73.563,605,Sahyadri_Crest,2023-10-21,0.0,29.5,19.0,24.3,79.2,IMD_AWS_NASA_POWER_Blended
MH_SAH_02,Igatpuri,Nashik,19.697,73.563,605,Sahyadri_Crest,2023-10-22,0.0,29.2,19.3,24.2,77.2,IMD_AWS_NASA_POWER_Blended
MH_SAH_02,Igatpuri,Nashik,19.697,73.563,605,Sahyadri_Crest,2023-10-23,0.0,29.4,18.3,23.9,74.6,IMD_AWS_NASA_POWER_Blended
MH_SAH_02,Igatpuri,Nashik,19.697,73.563,605,Sahyadri_Crest,2023-10-24,0.0,29.0,18.8,23.9,75.3,IMD_AWS_NASA_POWER_Blended
MH_SAH_02,Igatpuri,Nashik,19.697,73.563,605,Sahyadri_Crest,2023-10-25,0.0,28.8,17.4,23.1,71.6,IMD_AWS_NASA_POWER_Blended
MH_SAH_02,Igatpuri,Nashik,19.697,73.563,605,Sahyadri_Crest,2023-10-26,0.0,28.3,16.4,22.3,67.8,IMD_AWS_NASA_POWER_Blended
MH_SAH_02,Igatpuri,Nashik,19.697,73.563,605,Sahyadri_Crest,2023-10-27,0.0,28.2,15.5,21.9,66.4,IMD_AWS_NASA_POWER_Blended
MH_SAH_02,Igatpuri,Nashik,19.697,73.563,605,Sahyadri_Crest,2023-10-28,0.0,28.6,15.6,22.1,66.9,IMD_AWS_NASA_POWER_Blended
MH_SAH_02,Igatpuri,Nashik,19.697,73.563,605,Sahyadri_Crest,2023-10-29,0.0,29.2,15.2,22.2,67.2,IMD_AWS_NASA_POWER_Blended
MH_SAH_02,Igatpuri,Nashik,19.697,73.563,605,Sahyadri_Crest,2023-10-30,0.0,28.2,15.9,22.1,67.2,IMD_AWS_NASA_POWER_Blended
MH_SAH_02,Igatpuri,Nashik,19.697,73.563,605,Sahyadri_Crest,2023-10-31,0.0,28.0,15.0,21.5,68.5,IMD_AWS_NASA_POWER_Blended
MH_SAH_03,Trimbakeshwar,Nashik,19.938,73.53,725,Sahyadri_Crest,2023-06-01,0.0,39.2,22.7,30.9,46.7,IMD_AWS_NASA_POWER_Blended
MH_SAH_03,Trimbakeshwar,Nashik,19.938,73.53,725,Sahyadri_Crest,2023-06-02,0.2,35.5,23.1,29.3,59.4,IMD_AWS_NASA_POWER_Blended
MH_SAH_03,Trimbakeshwar,Nashik,19.938,73.53,725,Sahyadri_Crest,2023-06-03,0.06,33.4,23.6,28.5,67.2,IMD_AWS_NASA_POWER_Blended
MH_SAH_03,Trimbakeshwar,Nashik,19.938,73.53,725,Sahyadri_Crest,2023-06-04,1.46,33.9,24.2,29.1,64.6,IMD_AWS_NASA_POWER_Blended
MH_SAH_03,Trimbakeshwar,Nashik,19.938,73.53,725,Sahyadri_Crest,2023-06-05,1.89,34.7,23.4,29.0,65.3,IMD_AWS_NASA_POWER_Blended
MH_SAH_03,Trimbakeshwar,Nashik,19.938,73.53,725,Sahyadri_Crest,2023-06-06,0.03,36.7,23.7,30.2,62.0,IMD_AWS_NASA_POWER_Blended
MH_SAH_03,Trimbakeshwar,Nashik,19.938,73.53,725,Sahyadri_Crest,2023-06-07,0.07,36.7,23.2,29.9,61.5,IMD_AWS_NASA_POWER_Blended
MH_SAH_03,Trimbakeshwar,Nashik,19.938,73.53,725,Sahyadri_Crest,2023-06-08,0.07,36.4,23.8,30.1,62.6,IMD_AWS_NASA_POWER_Blended
MH_SAH_03,Trimbakeshwar,Nashik,19.938,73.53,725,Sahyadri_Crest,2023-06-09,0.36,36.1,24.5,30.3,64.9,IMD_AWS_NASA_POWER_Blended
MH_SAH_03,Trimbakeshwar,Nashik,19.938,73.53,725,Sahyadri_Crest,2023-06-10,1.33,33.4,24.8,29.1,68.9,IMD_AWS_NASA_POWER_Blended
MH_SAH_03,Trimbakeshwar,Nashik,19.938,73.53,725,Sahyadri_Crest,2023-06-11,0.6,35.7,24.2,30.0,60.5,IMD_AWS_NASA_POWER_Blended
MH_SAH_03,Trimbakeshwar,Nashik,19.938,73.53,725,Sahyadri_Crest,2023-06-12,0.73,36.0,23.8,29.9,59.1,IMD_AWS_NASA_POWER_Blended
MH_SAH_03,Trimbakeshwar,Nashik,19.938,73.53,725,Sahyadri_Crest,2023-06-13,2.26,34.7,23.5,29.1,64.4,IMD_AWS_NASA_POWER_Blended
MH_SAH_03,Trimbakeshwar,Nashik,19.938,73.53,725,Sahyadri_Crest,2023-06-14,5.11,33.9,23.5,28.7,68.6,IMD_AWS_NASA_POWER_Blended
MH_SAH_03,Trimbakeshwar,Nashik,19.938,73.53,725,Sahyadri_Crest,2023-06-15,0.88,33.7,23.5,28.6,71.4,IMD_AWS_NASA_POWER_Blended
MH_SAH_03,Trimbakeshwar,Nashik,19.938,73.53,725,Sahyadri_Crest,2023-06-16,1.26,33.1,24.0,28.6,73.9,IMD_AWS_NASA_POWER_Blended
MH_SAH_03,Trimbakeshwar,Nashik,19.938,73.53,725,Sahyadri_Crest,2023-06-17,0.76,32.8,24.0,28.4,74.9,IMD_AWS_NASA_POWER_Blended
MH_SAH_03,Trimbakeshwar,Nashik,19.938,73.53,725,Sahyadri_Crest,2023-06-18,0.05,33.6,23.8,28.7,73.0,IMD_AWS_NASA_POWER_Blended
MH_SAH_03,Trimbakeshwar,Nashik,19.938,73.53,725,Sahyadri_Crest,2023-06-19,0.01,34.0,23.7,28.9,71.6,IMD_AWS_NASA_POWER_Blended
MH_SAH_03,Trimbakeshwar,Nashik,19.938,73.53,725,Sahyadri_Crest,2023-06-20,0.01,34.3,23.9,29.1,71.2,IMD_AWS_NASA_POWER_Blended
MH_SAH_03,Trimbakeshwar,Nashik,19.938,73.53,725,Sahyadri_Crest,2023-06-21,0.0,34.3,23.7,29.0,69.0,IMD_AWS_NASA_POWER_Blended
MH_SAH_03,Trimbakeshwar,Nashik,19.938,73.53,725,Sahyadri_Crest,2023-06-22,0.27,34.0,23.9,28.9,69.0,IMD_AWS_NASA_POWER_Blended
MH_SAH_03,Trimbakeshwar,Nashik,19.938,73.53,725,Sahyadri_Crest,2023-06-23,1.17,33.9,23.7,28.8,69.4,IMD_AWS_NASA_POWER_Blended
MH_SAH_03,Trimbakeshwar,Nashik,19.938,73.53,725,Sahyadri_Crest,2023-06-24,19.21,30.3,23.5,26.9,80.0,IMD_AWS_NASA_POWER_Blended
MH_SAH_03,Trimbakeshwar,Nashik,19.938,73.53,725,Sahyadri_Crest,2023-06-25,21.82,29.3,22.5,25.9,77.3,IMD_AWS_NASA_POWER_Blended
MH_SAH_03,Trimbakeshwar,Nashik,19.938,73.53,725,Sahyadri_Crest,2023-06-26,26.47,26.0,21.5,23.8,82.5,IMD_AWS_NASA_POWER_Blended
MH_SAH_03,Trimbakeshwar,Nashik,19.938,73.53,725,Sahyadri_Crest,2023-06-27,34.88,26.1,21.0,23.5,85.6,IMD_AWS_NASA_POWER_Blended
MH_SAH_03,Trimbakeshwar,Nashik,19.938,73.53,725,Sahyadri_Crest,2023-06-28,57.39,26.8,21.1,24.0,89.0,IMD_AWS_NASA_POWER_Blended
MH_SAH_03,Trimbakeshwar,Nashik,19.938,73.53,725,Sahyadri_Crest,2023-06-29,30.49,24.8,21.9,23.3,89.6,IMD_AWS_NASA_POWER_Blended
MH_SAH_03,Trimbakeshwar,Nashik,19.938,73.53,725,Sahyadri_Crest,2023-06-30,58.54,25.5,21.7,23.6,91.0,IMD_AWS_NASA_POWER_Blended
MH_SAH_03,Trimbakeshwar,Nashik,19.938,73.53,725,Sahyadri_Crest,2023-07-01,43.14,27.4,22.7,25.0,90.3,IMD_AWS_NASA_POWER_Blended
MH_SAH_03,Trimbakeshwar,Nashik,19.938,73.53,725,Sahyadri_Crest,2023-07-02,27.73,28.4,23.4,25.9,89.1,IMD_AWS_NASA_POWER_Blended
MH_SAH_03,Trimbakeshwar,Nashik,19.938,73.53,725,Sahyadri_Crest,2023-07-03,10.93,29.3,23.0,26.2,88.0,IMD_AWS_NASA_POWER_Blended
MH_SAH_03,Trimbakeshwar,Nashik,19.938,73.53,725,Sahyadri_Crest,2023-07-04,11.61,29.2,23.3,26.2,90.1,IMD_AWS_NASA_POWER_Blended
MH_SAH_03,Trimbakeshwar,Nashik,19.938,73.53,725,Sahyadri_Crest,2023-07-05,10.77,28.4,23.0,25.7,89.9,IMD_AWS_NASA_POWER_Blended
MH_SAH_03,Trimbakeshwar,Nashik,19.938,73.53,725,Sahyadri_Crest,2023-07-06,21.32,26.5,21.6,24.0,90.3,IMD_AWS_NASA_POWER_Blended
MH_SAH_03,Trimbakeshwar,Nashik,19.938,73.53,725,Sahyadri_Crest,2023-07-07,22.19,26.6,23.2,24.9,94.0,IMD_AWS_NASA_POWER_Blended
MH_SAH_03,Trimbakeshwar,Nashik,19.938,73.53,725,Sahyadri_Crest,2023-07-08,14.2,26.8,22.9,24.9,92.6,IMD_AWS_NASA_POWER_Blended
MH_SAH_03,Trimbakeshwar,Nashik,19.938,73.53,725,Sahyadri_Crest,2023-07-09,14.56,27.2,22.6,24.9,91.2,IMD_AWS_NASA_POWER_Blended
MH_SAH_03,Trimbakeshwar,Nashik,19.938,73.53,725,Sahyadri_Crest,2023-07-10,11.19,26.9,22.6,24.8,91.3,IMD_AWS_NASA_POWER_Blended
MH_SAH_03,Trimbakeshwar,Nashik,19.938,73.53,725,Sahyadri_Crest,2023-07-11,12.51,27.3,22.3,24.8,90.5,IMD_AWS_NASA_POWER_Blended
MH_SAH_03,Trimbakeshwar,Nashik,19.938,73.53,725,Sahyadri_Crest,2023-07-12,10.49,26.7,22.8,24.8,89.2,IMD_AWS_NASA_POWER_Blended
MH_SAH_03,Trimbakeshwar,Nashik,19.938,73.53,725,Sahyadri_Crest,2023-07-13,14.78,27.4,22.5,24.9,89.1,IMD_AWS_NASA_POWER_Blended
MH_SAH_03,Trimbakeshwar,Nashik,19.938,73.53,725,Sahyadri_Crest,2023-07-14,17.05,26.9,22.4,24.6,89.7,IMD_AWS_NASA_POWER_Blended
MH_SAH_03,Trimbakeshwar,Nashik,19.938,73.53,725,Sahyadri_Crest,2023-07-15,14.74,27.2,22.2,24.7,90.8,IMD_AWS_NASA_POWER_Blended
MH_SAH_03,Trimbakeshwar,Nashik,19.938,73.53,725,Sahyadri_Crest,2023-07-16,11.51,27.1,23.1,25.1,91.8,IMD_AWS_NASA_POWER_Blended
MH_SAH_03,Trimbakeshwar,Nashik,19.938,73.53,725,Sahyadri_Crest,2023-07-17,12.81,27.4,22.8,25.1,89.9,IMD_AWS_NASA_POWER_Blended
MH_SAH_03,Trimbakeshwar,Nashik,19.938,73.53,725,Sahyadri_Crest,2023-07-18,53.15,25.4,23.1,24.3,94.3,IMD_AWS_NASA_POWER_Blended
MH_SAH_03,Trimbakeshwar,Nashik,19.938,73.53,725,Sahyadri_Crest,2023-07-19,63.72,26.5,23.3,24.9,93.9,IMD_AWS_NASA_POWER_Blended
MH_SAH_03,Trimbakeshwar,Nashik,19.938,73.53,725,Sahyadri_Crest,2023-07-20,44.27,26.8,22.8,24.8,94.1,IMD_AWS_NASA_POWER_Blended
MH_SAH_03,Trimbakeshwar,Nashik,19.938,73.53,725,Sahyadri_Crest,2023-07-21,24.33,25.6,22.6,24.1,94.4,IMD_AWS_NASA_POWER_Blended
MH_SAH_03,Trimbakeshwar,Nashik,19.938,73.53,725,Sahyadri_Crest,2023-07-22,29.37,25.3,22.6,24.0,95.4,IMD_AWS_NASA_POWER_Blended
MH_SAH_03,Trimbakeshwar,Nashik,19.938,73.53,725,Sahyadri_Crest,2023-07-23,25.85,27.1,22.8,24.9,93.6,IMD_AWS_NASA_POWER_Blended
MH_SAH_03,Trimbakeshwar,Nashik,19.938,73.53,725,Sahyadri_Crest,2023-07-24,29.11,27.0,22.9,25.0,92.2,IMD_AWS_NASA_POWER_Blended
MH_SAH_03,Trimbakeshwar,Nashik,19.938,73.53,725,Sahyadri_Crest,2023-07-25,42.09,26.2,22.7,24.4,93.7,IMD_AWS_NASA_POWER_Blended
MH_SAH_03,Trimbakeshwar,Nashik,19.938,73.53,725,Sahyadri_Crest,2023-07-26,25.46,26.1,22.4,24.3,94.5,IMD_AWS_NASA_POWER_Blended
MH_SAH_03,Trimbakeshwar,Nashik,19.938,73.53,725,Sahyadri_Crest,2023-07-27,45.12,25.9,22.7,24.3,94.2,IMD_AWS_NASA_POWER_Blended
MH_SAH_03,Trimbakeshwar,Nashik,19.938,73.53,725,Sahyadri_Crest,2023-07-28,37.03,26.0,22.6,24.3,94.0,IMD_AWS_NASA_POWER_Blended
MH_SAH_03,Trimbakeshwar,Nashik,19.938,73.53,725,Sahyadri_Crest,2023-07-29,10.0,26.4,22.0,24.2,92.5,IMD_AWS_NASA_POWER_Blended
MH_SAH_03,Trimbakeshwar,Nashik,19.938,73.53,725,Sahyadri_Crest,2023-07-30,7.48,26.5,22.4,24.4,92.6,IMD_AWS_NASA_POWER_Blended
MH_SAH_03,Trimbakeshwar,Nashik,19.938,73.53,725,Sahyadri_Crest,2023-07-31,8.5,27.1,22.4,24.8,91.8,IMD_AWS_NASA_POWER_Blended
MH_SAH_03,Trimbakeshwar,Nashik,19.938,73.53,725,Sahyadri_Crest,2023-08-01,6.4,27.0,22.6,24.8,91.7,IMD_AWS_NASA_POWER_Blended
MH_SAH_03,Trimbakeshwar,Nashik,19.938,73.53,725,Sahyadri_Crest,2023-08-02,3.51,26.2,22.2,24.2,92.8,IMD_AWS_NASA_POWER_Blended
MH_SAH_03,Trimbakeshwar,Nashik,19.938,73.53,725,Sahyadri_Crest,2023-08-03,2.27,25.6,22.0,23.8,92.8,IMD_AWS_NASA_POWER_Blended
MH_SAH_03,Trimbakeshwar,Nashik,19.938,73.53,725,Sahyadri_Crest,2023-08-04,4.02,27.1,22.1,24.6,91.0,IMD_AWS_NASA_POWER_Blended
MH_SAH_03,Trimbakeshwar,Nashik,19.938,73.53,725,Sahyadri_Crest,2023-08-05,5.47,26.4,22.0,24.2,91.3,IMD_AWS_NASA_POWER_Blended
MH_SAH_03,Trimbakeshwar,Nashik,19.938,73.53,725,Sahyadri_Crest,2023-08-06,3.68,27.3,21.8,24.6,90.1,IMD_AWS_NASA_POWER_Blended
MH_SAH_03,Trimbakeshwar,Nashik,19.938,73.53,725,Sahyadri_Crest,2023-08-07,1.13,26.2,21.7,24.0,90.8,IMD_AWS_NASA_POWER_Blended
MH_SAH_03,Trimbakeshwar,Nashik,19.938,73.53,725,Sahyadri_Crest,2023-08-08,1.55,26.4,21.9,24.1,91.3,IMD_AWS_NASA_POWER_Blended
MH_SAH_03,Trimbakeshwar,Nashik,19.938,73.53,725,Sahyadri_Crest,2023-08-09,1.25,26.9,21.9,24.4,90.6,IMD_AWS_NASA_POWER_Blended
MH_SAH_03,Trimbakeshwar,Nashik,19.938,73.53,725,Sahyadri_Crest,2023-08-10,2.92,27.2,21.6,24.4,90.5,IMD_AWS_NASA_POWER_Blended
MH_SAH_03,Trimbakeshwar,Nashik,19.938,73.53,725,Sahyadri_Crest,2023-08-11,3.81,27.7,21.4,24.5,89.1,IMD_AWS_NASA_POWER_Blended
MH_SAH_03,Trimbakeshwar,Nashik,19.938,73.53,725,Sahyadri_Crest,2023-08-12,4.52,27.3,21.5,24.4,88.9,IMD_AWS_NASA_POWER_Blended
MH_SAH_03,Trimbakeshwar,Nashik,19.938,73.53,725,Sahyadri_Crest,2023-08-13,2.3,26.8,21.4,24.1,89.9,IMD_AWS_NASA_POWER_Blended
MH_SAH_03,Trimbakeshwar,Nashik,19.938,73.53,725,Sahyadri_Crest,2023-08-14,2.39,26.3,21.4,23.8,89.4,IMD_AWS_NASA_POWER_Blended
MH_SAH_03,Trimbakeshwar,Nashik,19.938,73.53,725,Sahyadri_Crest,2023-08-15,2.38,27.3,21.2,24.2,88.5,IMD_AWS_NASA_POWER_Blended
MH_SAH_03,Trimbakeshwar,Nashik,19.938,73.53,725,Sahyadri_Crest,2023-08-16,1.63,27.4,21.3,24.3,89.1,IMD_AWS_NASA_POWER_Blended
MH_SAH_03,Trimbakeshwar,Nashik,19.938,73.53,725,Sahyadri_Crest,2023-08-17,0.79,27.7,21.1,24.4,88.0,IMD_AWS_NASA_POWER_Blended
MH_SAH_03,Trimbakeshwar,Nashik,19.938,73.53,725,Sahyadri_Crest,2023-08-18,0.68,27.7,21.2,24.4,88.3,IMD_AWS_NASA_POWER_Blended
MH_SAH_03,Trimbakeshwar,Nashik,19.938,73.53,725,Sahyadri_Crest,2023-08-19,2.67,27.7,21.4,24.6,88.5,IMD_AWS_NASA_POWER_Blended
MH_SAH_03,Trimbakeshwar,Nashik,19.938,73.53,725,Sahyadri_Crest,2023-08-20,2.88,26.8,21.7,24.3,88.7,IMD_AWS_NASA_POWER_Blended
MH_SAH_03,Trimbakeshwar,Nashik,19.938,73.53,725,Sahyadri_Crest,2023-08-21,1.58,27.6,20.8,24.2,87.8,IMD_AWS_NASA_POWER_Blended
MH_SAH_03,Trimbakeshwar,Nashik,19.938,73.53,725,Sahyadri_Crest,2023-08-22,4.31,28.1,21.3,24.7,88.5,IMD_AWS_NASA_POWER_Blended
MH_SAH_03,Trimbakeshwar,Nashik,19.938,73.53,725,Sahyadri_Crest,2023-08-23,3.8,28.2,21.5,24.9,88.0,IMD_AWS_NASA_POWER_Blended
MH_SAH_03,Trimbakeshwar,Nashik,19.938,73.53,725,Sahyadri_Crest,2023-08-24,5.04,27.5,22.2,24.9,88.7,IMD_AWS_NASA_POWER_Blended
MH_SAH_03,Trimbakeshwar,Nashik,19.938,73.53,725,Sahyadri_Crest,2023-08-25,6.98,28.6,22.1,25.4,89.3,IMD_AWS_NASA_POWER_Blended
MH_SAH_03,Trimbakeshwar,Nashik,19.938,73.53,725,Sahyadri_Crest,2023-08-26,8.12,28.4,22.1,25.3,88.3,IMD_AWS_NASA_POWER_Blended
MH_SAH_03,Trimbakeshwar,Nashik,19.938,73.53,725,Sahyadri_Crest,2023-08-27,4.86,28.7,21.9,25.3,87.3,IMD_AWS_NASA_POWER_Blended
MH_SAH_03,Trimbakeshwar,Nashik,19.938,73.53,725,Sahyadri_Crest,2023-08-28,1.35,27.9,21.6,24.8,88.5,IMD_AWS_NASA_POWER_Blended
MH_SAH_03,Trimbakeshwar,Nashik,19.938,73.53,725,Sahyadri_Crest,2023-08-29,0.23,28.5,21.2,24.9,87.0,IMD_AWS_NASA_POWER_Blended
MH_SAH_03,Trimbakeshwar,Nashik,19.938,73.53,725,Sahyadri_Crest,2023-08-30,0.01,29.0,20.5,24.7,86.2,IMD_AWS_NASA_POWER_Blended
MH_SAH_03,Trimbakeshwar,Nashik,19.938,73.53,725,Sahyadri_Crest,2023-08-31,0.22,29.9,20.4,25.1,84.0,IMD_AWS_NASA_POWER_Blended
MH_SAH_03,Trimbakeshwar,Nashik,19.938,73.53,725,Sahyadri_Crest,2023-09-01,2.5,30.6,20.8,25.7,83.6,IMD_AWS_NASA_POWER_Blended
MH_SAH_03,Trimbakeshwar,Nashik,19.938,73.53,725,Sahyadri_Crest,2023-09-02,7.81,29.6,21.2,25.4,87.1,IMD_AWS_NASA_POWER_Blended
MH_SAH_03,Trimbakeshwar,Nashik,19.938,73.53,725,Sahyadri_Crest,2023-09-03,1.02,29.1,21.3,25.2,87.8,IMD_AWS_NASA_POWER_Blended
MH_SAH_03,Trimbakeshwar,Nashik,19.938,73.53,725,Sahyadri_Crest,2023-09-04,0.12,28.7,20.6,24.6,86.4,IMD_AWS_NASA_POWER_Blended
MH_SAH_03,Trimbakeshwar,Nashik,19.938,73.53,725,Sahyadri_Crest,2023-09-05,0.05,28.8,20.3,24.6,86.4,IMD_AWS_NASA_POWER_Blended
MH_SAH_03,Trimbakeshwar,Nashik,19.938,73.53,725,Sahyadri_Crest,2023-09-06,1.75,28.7,20.6,24.7,88.0,IMD_AWS_NASA_POWER_Blended
MH_SAH_03,Trimbakeshwar,Nashik,19.938,73.53,725,Sahyadri_Crest,2023-09-07,22.29,26.1,22.7,24.4,93.2,IMD_AWS_NASA_POWER_Blended
MH_SAH_03,Trimbakeshwar,Nashik,19.938,73.53,725,Sahyadri_Crest,2023-09-08,61.9,25.0,23.3,24.2,94.8,IMD_AWS_NASA_POWER_Blended
MH_SAH_03,Trimbakeshwar,Nashik,19.938,73.53,725,Sahyadri_Crest,2023-09-09,18.91,25.2,22.8,24.0,93.1,IMD_AWS_NASA_POWER_Blended
MH_SAH_03,Trimbakeshwar,Nashik,19.938,73.53,725,Sahyadri_Crest,2023-09-10,1.5,27.4,22.8,25.1,90.3,IMD_AWS_NASA_POWER_Blended
MH_SAH_03,Trimbakeshwar,Nashik,19.938,73.53,725,Sahyadri_Crest,2023-09-11,0.28,27.9,22.4,25.1,89.3,IMD_AWS_NASA_POWER_Blended
MH_SAH_03,Trimbakeshwar,Nashik,19.938,73.53,725,Sahyadri_Crest,2023-09-12,0.06,28.1,21.7,24.9,87.9,IMD_AWS_NASA_POWER_Blended
MH_SAH_03,Trimbakeshwar,Nashik,19.938,73.53,725,Sahyadri_Crest,2023-09-13,1.02,27.5,21.4,24.4,89.2,IMD_AWS_NASA_POWER_Blended
MH_SAH_03,Trimbakeshwar,Nashik,19.938,73.53,725,Sahyadri_Crest,2023-09-14,2.16,26.3,21.5,23.9,89.8,IMD_AWS_NASA_POWER_Blended
MH_SAH_03,Trimbakeshwar,Nashik,19.938,73.53,725,Sahyadri_Crest,2023-09-15,2.3,25.9,21.3,23.6,91.2,IMD_AWS_NASA_POWER_Blended
MH_SAH_03,Trimbakeshwar,Nashik,19.938,73.53,725,Sahyadri_Crest,2023-09-16,6.27,24.6,21.5,23.1,92.4,IMD_AWS_NASA_POWER_Blended
MH_SAH_03,Trimbakeshwar,Nashik,19.938,73.53,725,Sahyadri_Crest,2023-09-17,7.12,26.3,21.9,24.1,91.0,IMD_AWS_NASA_POWER_Blended
MH_SAH_03,Trimbakeshwar,Nashik,19.938,73.53,725,Sahyadri_Crest,2023-09-18,16.5,28.6,22.3,25.4,89.7,IMD_AWS_NASA_POWER_Blended
MH_SAH_03,Trimbakeshwar,Nashik,19.938,73.53,725,Sahyadri_Crest,2023-09-19,10.51,28.2,22.3,25.3,89.8,IMD_AWS_NASA_POWER_Blended
MH_SAH_03,Trimbakeshwar,Nashik,19.938,73.53,725,Sahyadri_Crest,2023-09-20,6.19,28.8,22.3,25.5,91.0,IMD_AWS_NASA_POWER_Blended
MH_SAH_03,Trimbakeshwar,Nashik,19.938,73.53,725,Sahyadri_Crest,2023-09-21,16.93,27.5,22.5,25.0,91.4,IMD_AWS_NASA_POWER_Blended
MH_SAH_03,Trimbakeshwar,Nashik,19.938,73.53,725,Sahyadri_Crest,2023-09-22,21.93,28.4,21.6,25.0,90.6,IMD_AWS_NASA_POWER_Blended
MH_SAH_03,Trimbakeshwar,Nashik,19.938,73.53,725,Sahyadri_Crest,2023-09-23,18.41,26.8,22.3,24.6,92.7,IMD_AWS_NASA_POWER_Blended
MH_SAH_03,Trimbakeshwar,Nashik,19.938,73.53,725,Sahyadri_Crest,2023-09-24,9.4,27.0,22.0,24.5,92.1,IMD_AWS_NASA_POWER_Blended
MH_SAH_03,Trimbakeshwar,Nashik,19.938,73.53,725,Sahyadri_Crest,2023-09-25,18.44,27.8,21.6,24.7,92.8,IMD_AWS_NASA_POWER_Blended
MH_SAH_03,Trimbakeshwar,Nashik,19.938,73.53,725,Sahyadri_Crest,2023-09-26,24.65,28.6,22.3,25.4,88.5,IMD_AWS_NASA_POWER_Blended
MH_SAH_03,Trimbakeshwar,Nashik,19.938,73.53,725,Sahyadri_Crest,2023-09-27,20.66,28.4,21.9,25.1,89.3,IMD_AWS_NASA_POWER_Blended
MH_SAH_03,Trimbakeshwar,Nashik,19.938,73.53,725,Sahyadri_Crest,2023-09-28,7.53,28.5,21.9,25.2,88.2,IMD_AWS_NASA_POWER_Blended
MH_SAH_03,Trimbakeshwar,Nashik,19.938,73.53,725,Sahyadri_Crest,2023-09-29,14.81,28.5,21.5,25.0,88.0,IMD_AWS_NASA_POWER_Blended
MH_SAH_03,Trimbakeshwar,Nashik,19.938,73.53,725,Sahyadri_Crest,2023-09-30,5.16,28.5,21.6,25.1,87.2,IMD_AWS_NASA_POWER_Blended
MH_SAH_03,Trimbakeshwar,Nashik,19.938,73.53,725,Sahyadri_Crest,2023-10-01,0.91,28.6,21.5,25.1,87.3,IMD_AWS_NASA_POWER_Blended
MH_SAH_03,Trimbakeshwar,Nashik,19.938,73.53,725,Sahyadri_Crest,2023-10-02,1.54,26.7,21.2,24.0,90.9,IMD_AWS_NASA_POWER_Blended
MH_SAH_03,Trimbakeshwar,Nashik,19.938,73.53,725,Sahyadri_Crest,2023-10-03,0.0,28.2,20.5,24.3,87.4,IMD_AWS_NASA_POWER_Blended
MH_SAH_03,Trimbakeshwar,Nashik,19.938,73.53,725,Sahyadri_Crest,2023-10-04,0.0,28.1,18.4,23.3,86.1,IMD_AWS_NASA_POWER_Blended
MH_SAH_03,Trimbakeshwar,Nashik,19.938,73.53,725,Sahyadri_Crest,2023-10-05,0.0,28.1,18.3,23.2,85.6,IMD_AWS_NASA_POWER_Blended
MH_SAH_03,Trimbakeshwar,Nashik,19.938,73.53,725,Sahyadri_Crest,2023-10-06,0.0,28.5,18.4,23.5,85.6,IMD_AWS_NASA_POWER_Blended
MH_SAH_03,Trimbakeshwar,Nashik,19.938,73.53,725,Sahyadri_Crest,2023-10-07,0.0,29.6,19.8,24.7,84.1,IMD_AWS_NASA_POWER_Blended
MH_SAH_03,Trimbakeshwar,Nashik,19.938,73.53,725,Sahyadri_Crest,2023-10-08,0.0,30.1,18.9,24.5,81.4,IMD_AWS_NASA_POWER_Blended
MH_SAH_03,Trimbakeshwar,Nashik,19.938,73.53,725,Sahyadri_Crest,2023-10-09,0.0,29.6,19.4,24.5,77.9,IMD_AWS_NASA_POWER_Blended
MH_SAH_03,Trimbakeshwar,Nashik,19.938,73.53,725,Sahyadri_Crest,2023-10-10,0.0,29.0,18.2,23.6,79.6,IMD_AWS_NASA_POWER_Blended
MH_SAH_03,Trimbakeshwar,Nashik,19.938,73.53,725,Sahyadri_Crest,2023-10-11,0.0,29.6,18.5,24.0,79.8,IMD_AWS_NASA_POWER_Blended
MH_SAH_03,Trimbakeshwar,Nashik,19.938,73.53,725,Sahyadri_Crest,2023-10-12,0.0,30.1,18.9,24.5,77.9,IMD_AWS_NASA_POWER_Blended
MH_SAH_03,Trimbakeshwar,Nashik,19.938,73.53,725,Sahyadri_Crest,2023-10-13,0.0,30.4,19.4,24.9,75.4,IMD_AWS_NASA_POWER_Blended
MH_SAH_03,Trimbakeshwar,Nashik,19.938,73.53,725,Sahyadri_Crest,2023-10-14,0.0,30.0,19.1,24.5,73.2,IMD_AWS_NASA_POWER_Blended
MH_SAH_03,Trimbakeshwar,Nashik,19.938,73.53,725,Sahyadri_Crest,2023-10-15,0.0,29.4,19.5,24.5,76.9,IMD_AWS_NASA_POWER_Blended
MH_SAH_03,Trimbakeshwar,Nashik,19.938,73.53,725,Sahyadri_Crest,2023-10-16,0.0,29.2,19.6,24.4,77.7,IMD_AWS_NASA_POWER_Blended
MH_SAH_03,Trimbakeshwar,Nashik,19.938,73.53,725,Sahyadri_Crest,2023-10-17,2.86,29.4,19.4,24.4,76.8,IMD_AWS_NASA_POWER_Blended
MH_SAH_03,Trimbakeshwar,Nashik,19.938,73.53,725,Sahyadri_Crest,2023-10-18,0.11,29.2,18.9,24.0,78.9,IMD_AWS_NASA_POWER_Blended
MH_SAH_03,Trimbakeshwar,Nashik,19.938,73.53,725,Sahyadri_Crest,2023-10-19,0.0,29.4,18.8,24.1,74.1,IMD_AWS_NASA_POWER_Blended
MH_SAH_03,Trimbakeshwar,Nashik,19.938,73.53,725,Sahyadri_Crest,2023-10-20,0.0,29.5,18.6,24.1,75.4,IMD_AWS_NASA_POWER_Blended
MH_SAH_03,Trimbakeshwar,Nashik,19.938,73.53,725,Sahyadri_Crest,2023-10-21,0.0,29.5,18.9,24.2,77.9,IMD_AWS_NASA_POWER_Blended
MH_SAH_03,Trimbakeshwar,Nashik,19.938,73.53,725,Sahyadri_Crest,2023-10-22,0.0,29.3,19.5,24.4,75.2,IMD_AWS_NASA_POWER_Blended
MH_SAH_03,Trimbakeshwar,Nashik,19.938,73.53,725,Sahyadri_Crest,2023-10-23,0.0,29.5,18.4,23.9,73.0,IMD_AWS_NASA_POWER_Blended
MH_SAH_03,Trimbakeshwar,Nashik,19.938,73.53,725,Sahyadri_Crest,2023-10-24,0.0,29.0,18.7,23.9,73.8,IMD_AWS_NASA_POWER_Blended
MH_SAH_03,Trimbakeshwar,Nashik,19.938,73.53,725,Sahyadri_Crest,2023-10-25,0.0,28.9,17.3,23.1,70.2,IMD_AWS_NASA_POWER_Blended
MH_SAH_03,Trimbakeshwar,Nashik,19.938,73.53,725,Sahyadri_Crest,2023-10-26,0.0,28.7,16.4,22.6,66.1,IMD_AWS_NASA_POWER_Blended
MH_SAH_03,Trimbakeshwar,Nashik,19.938,73.53,725,Sahyadri_Crest,2023-10-27,0.0,28.6,15.8,22.2,65.0,IMD_AWS_NASA_POWER_Blended
MH_SAH_03,Trimbakeshwar,Nashik,19.938,73.53,725,Sahyadri_Crest,2023-10-28,0.0,28.8,15.6,22.2,65.0,IMD_AWS_NASA_POWER_Blended
MH_SAH_03,Trimbakeshwar,Nashik,19.938,73.53,725,Sahyadri_Crest,2023-10-29,0.0,29.2,15.3,22.3,66.4,IMD_AWS_NASA_POWER_Blended
MH_SAH_03,Trimbakeshwar,Nashik,19.938,73.53,725,Sahyadri_Crest,2023-10-30,0.0,28.2,16.4,22.3,65.1,IMD_AWS_NASA_POWER_Blended
MH_SAH_03,Trimbakeshwar,Nashik,19.938,73.53,725,Sahyadri_Crest,2023-10-31,0.0,28.2,15.2,21.7,65.7,IMD_AWS_NASA_POWER_Blended
MH_SAH_04,Peth,Nashik,20.258,73.504,690,Sahyadri_Crest,2023-06-01,0.0,39.2,23.4,31.3,47.7,IMD_AWS_NASA_POWER_Blended
MH_SAH_04,Peth,Nashik,20.258,73.504,690,Sahyadri_Crest,2023-06-02,0.1,35.3,23.5,29.4,61.8,IMD_AWS_NASA_POWER_Blended
MH_SAH_04,Peth,Nashik,20.258,73.504,690,Sahyadri_Crest,2023-06-03,0.21,33.2,24.4,28.8,68.5,IMD_AWS_NASA_POWER_Blended
MH_SAH_04,Peth,Nashik,20.258,73.504,690,Sahyadri_Crest,2023-06-04,0.82,34.6,24.6,29.6,63.4,IMD_AWS_NASA_POWER_Blended
MH_SAH_04,Peth,Nashik,20.258,73.504,690,Sahyadri_Crest,2023-06-05,1.2,35.4,23.8,29.6,63.9,IMD_AWS_NASA_POWER_Blended
MH_SAH_04,Peth,Nashik,20.258,73.504,690,Sahyadri_Crest,2023-06-06,0.01,37.0,24.1,30.6,61.5,IMD_AWS_NASA_POWER_Blended
MH_SAH_04,Peth,Nashik,20.258,73.504,690,Sahyadri_Crest,2023-06-07,0.02,37.4,23.6,30.5,61.1,IMD_AWS_NASA_POWER_Blended
MH_SAH_04,Peth,Nashik,20.258,73.504,690,Sahyadri_Crest,2023-06-08,0.0,36.7,24.1,30.4,61.6,IMD_AWS_NASA_POWER_Blended
MH_SAH_04,Peth,Nashik,20.258,73.504,690,Sahyadri_Crest,2023-06-09,0.06,36.8,24.9,30.9,63.4,IMD_AWS_NASA_POWER_Blended
MH_SAH_04,Peth,Nashik,20.258,73.504,690,Sahyadri_Crest,2023-06-10,0.75,33.6,25.5,29.5,67.0,IMD_AWS_NASA_POWER_Blended
MH_SAH_04,Peth,Nashik,20.258,73.504,690,Sahyadri_Crest,2023-06-11,0.35,37.1,24.7,30.9,57.5,IMD_AWS_NASA_POWER_Blended
MH_SAH_04,Peth,Nashik,20.258,73.504,690,Sahyadri_Crest,2023-06-12,0.19,37.5,24.4,31.0,55.4,IMD_AWS_NASA_POWER_Blended
MH_SAH_04,Peth,Nashik,20.258,73.504,690,Sahyadri_Crest,2023-06-13,1.67,36.0,24.3,30.1,60.9,IMD_AWS_NASA_POWER_Blended
MH_SAH_04,Peth,Nashik,20.258,73.504,690,Sahyadri_Crest,2023-06-14,3.1,35.4,24.2,29.8,64.5,IMD_AWS_NASA_POWER_Blended
MH_SAH_04,Peth,Nashik,20.258,73.504,690,Sahyadri_Crest,2023-06-15,1.47,34.9,24.0,29.5,68.5,IMD_AWS_NASA_POWER_Blended
MH_SAH_04,Peth,Nashik,20.258,73.504,690,Sahyadri_Crest,2023-06-16,1.51,34.0,24.6,29.3,71.8,IMD_AWS_NASA_POWER_Blended
MH_SAH_04,Peth,Nashik,20.258,73.504,690,Sahyadri_Crest,2023-06-17,0.79,32.9,24.5,28.7,74.2,IMD_AWS_NASA_POWER_Blended
MH_SAH_04,Peth,Nashik,20.258,73.504,690,Sahyadri_Crest,2023-06-18,0.13,34.2,24.2,29.2,71.6,IMD_AWS_NASA_POWER_Blended
MH_SAH_04,Peth,Nashik,20.258,73.504,690,Sahyadri_Crest,2023-06-19,0.06,34.9,24.1,29.5,70.7,IMD_AWS_NASA_POWER_Blended
MH_SAH_04,Peth,Nashik,20.258,73.504,690,Sahyadri_Crest,2023-06-20,0.07,35.0,24.3,29.7,70.1,IMD_AWS_NASA_POWER_Blended
MH_SAH_04,Peth,Nashik,20.258,73.504,690,Sahyadri_Crest,2023-06-21,0.0,34.1,24.2,29.2,67.8,IMD_AWS_NASA_POWER_Blended
MH_SAH_04,Peth,Nashik,20.258,73.504,690,Sahyadri_Crest,2023-06-22,0.26,34.4,24.3,29.3,68.7,IMD_AWS_NASA_POWER_Blended
MH_SAH_04,Peth,Nashik,20.258,73.504,690,Sahyadri_Crest,2023-06-23,0.95,34.2,24.2,29.2,68.9,IMD_AWS_NASA_POWER_Blended
MH_SAH_04,Peth,Nashik,20.258,73.504,690,Sahyadri_Crest,2023-06-24,10.4,31.9,24.0,27.9,76.6,IMD_AWS_NASA_POWER_Blended
MH_SAH_04,Peth,Nashik,20.258,73.504,690,Sahyadri_Crest,2023-06-25,11.12,31.1,23.1,27.1,72.8,IMD_AWS_NASA_POWER_Blended
MH_SAH_04,Peth,Nashik,20.258,73.504,690,Sahyadri_Crest,2023-06-26,16.9,27.5,22.1,24.8,79.6,IMD_AWS_NASA_POWER_Blended
MH_SAH_04,Peth,Nashik,20.258,73.504,690,Sahyadri_Crest,2023-06-27,29.68,28.0,21.7,24.8,82.3,IMD_AWS_NASA_POWER_Blended
MH_SAH_04,Peth,Nashik,20.258,73.504,690,Sahyadri_Crest,2023-06-28,55.66,27.2,21.9,24.6,87.6,IMD_AWS_NASA_POWER_Blended
MH_SAH_04,Peth,Nashik,20.258,73.504,690,Sahyadri_Crest,2023-06-29,36.64,24.4,22.2,23.3,90.9,IMD_AWS_NASA_POWER_Blended
MH_SAH_04,Peth,Nashik,20.258,73.504,690,Sahyadri_Crest,2023-06-30,47.58,25.7,22.0,23.8,90.8,IMD_AWS_NASA_POWER_Blended
MH_SAH_04,Peth,Nashik,20.258,73.504,690,Sahyadri_Crest,2023-07-01,42.24,27.4,22.8,25.1,90.3,IMD_AWS_NASA_POWER_Blended
MH_SAH_04,Peth,Nashik,20.258,73.504,690,Sahyadri_Crest,2023-07-02,24.4,29.1,23.7,26.4,87.7,IMD_AWS_NASA_POWER_Blended
MH_SAH_04,Peth,Nashik,20.258,73.504,690,Sahyadri_Crest,2023-07-03,5.89,29.9,23.3,26.6,86.8,IMD_AWS_NASA_POWER_Blended
MH_SAH_04,Peth,Nashik,20.258,73.504,690,Sahyadri_Crest,2023-07-04,8.7,29.7,24.0,26.9,89.1,IMD_AWS_NASA_POWER_Blended
MH_SAH_04,Peth,Nashik,20.258,73.504,690,Sahyadri_Crest,2023-07-05,14.1,29.0,23.6,26.3,88.7,IMD_AWS_NASA_POWER_Blended
MH_SAH_04,Peth,Nashik,20.258,73.504,690,Sahyadri_Crest,2023-07-06,19.69,28.6,22.3,25.5,87.9,IMD_AWS_NASA_POWER_Blended
MH_SAH_04,Peth,Nashik,20.258,73.504,690,Sahyadri_Crest,2023-07-07,15.1,28.6,23.0,25.8,92.4,IMD_AWS_NASA_POWER_Blended
MH_SAH_04,Peth,Nashik,20.258,73.504,690,Sahyadri_Crest,2023-07-08,13.14,27.6,23.4,25.5,91.6,IMD_AWS_NASA_POWER_Blended
MH_SAH_04,Peth,Nashik,20.258,73.504,690,Sahyadri_Crest,2023-07-09,13.07,28.4,23.1,25.8,89.6,IMD_AWS_NASA_POWER_Blended
MH_SAH_04,Peth,Nashik,20.258,73.504,690,Sahyadri_Crest,2023-07-10,17.06,27.4,23.1,25.2,91.1,IMD_AWS_NASA_POWER_Blended
MH_SAH_04,Peth,Nashik,20.258,73.504,690,Sahyadri_Crest,2023-07-11,14.5,27.7,22.9,25.3,90.0,IMD_AWS_NASA_POWER_Blended
MH_SAH_04,Peth,Nashik,20.258,73.504,690,Sahyadri_Crest,2023-07-12,10.48,27.5,23.4,25.4,88.9,IMD_AWS_NASA_POWER_Blended
MH_SAH_04,Peth,Nashik,20.258,73.504,690,Sahyadri_Crest,2023-07-13,12.44,28.1,23.2,25.7,89.1,IMD_AWS_NASA_POWER_Blended
MH_SAH_04,Peth,Nashik,20.258,73.504,690,Sahyadri_Crest,2023-07-14,17.23,27.4,22.7,25.0,89.3,IMD_AWS_NASA_POWER_Blended
MH_SAH_04,Peth,Nashik,20.258,73.504,690,Sahyadri_Crest,2023-07-15,18.91,27.3,22.4,24.9,91.1,IMD_AWS_NASA_POWER_Blended
MH_SAH_04,Peth,Nashik,20.258,73.504,690,Sahyadri_Crest,2023-07-16,9.16,27.5,23.4,25.5,91.4,IMD_AWS_NASA_POWER_Blended
MH_SAH_04,Peth,Nashik,20.258,73.504,690,Sahyadri_Crest,2023-07-17,4.91,27.9,23.2,25.5,89.5,IMD_AWS_NASA_POWER_Blended
MH_SAH_04,Peth,Nashik,20.258,73.504,690,Sahyadri_Crest,2023-07-18,37.61,26.2,23.5,24.9,93.6,IMD_AWS_NASA_POWER_Blended
MH_SAH_04,Peth,Nashik,20.258,73.504,690,Sahyadri_Crest,2023-07-19,47.9,27.1,23.5,25.3,93.4,IMD_AWS_NASA_POWER_Blended
MH_SAH_04,Peth,Nashik,20.258,73.504,690,Sahyadri_Crest,2023-07-20,38.2,27.8,23.4,25.6,93.2,IMD_AWS_NASA_POWER_Blended
MH_SAH_04,Peth,Nashik,20.258,73.504,690,Sahyadri_Crest,2023-07-21,17.48,26.2,23.2,24.7,93.9,IMD_AWS_NASA_POWER_Blended
MH_SAH_04,Peth,Nashik,20.258,73.504,690,Sahyadri_Crest,2023-07-22,32.35,25.9,23.1,24.5,95.0,IMD_AWS_NASA_POWER_Blended
MH_SAH_04,Peth,Nashik,20.258,73.504,690,Sahyadri_Crest,2023-07-23,32.14,27.9,23.5,25.7,92.8,IMD_AWS_NASA_POWER_Blended
MH_SAH_04,Peth,Nashik,20.258,73.504,690,Sahyadri_Crest,2023-07-24,18.24,27.6,23.3,25.4,91.8,IMD_AWS_NASA_POWER_Blended
MH_SAH_04,Peth,Nashik,20.258,73.504,690,Sahyadri_Crest,2023-07-25,30.65,27.6,23.1,25.3,92.4,IMD_AWS_NASA_POWER_Blended
MH_SAH_04,Peth,Nashik,20.258,73.504,690,Sahyadri_Crest,2023-07-26,12.21,27.4,22.9,25.1,93.1,IMD_AWS_NASA_POWER_Blended
MH_SAH_04,Peth,Nashik,20.258,73.504,690,Sahyadri_Crest,2023-07-27,35.88,26.7,23.1,24.9,93.7,IMD_AWS_NASA_POWER_Blended
MH_SAH_04,Peth,Nashik,20.258,73.504,690,Sahyadri_Crest,2023-07-28,33.18,26.6,23.2,24.9,93.3,IMD_AWS_NASA_POWER_Blended
MH_SAH_04,Peth,Nashik,20.258,73.504,690,Sahyadri_Crest,2023-07-29,7.15,26.4,22.5,24.4,92.6,IMD_AWS_NASA_POWER_Blended
MH_SAH_04,Peth,Nashik,20.258,73.504,690,Sahyadri_Crest,2023-07-30,6.56,26.9,22.8,24.8,92.1,IMD_AWS_NASA_POWER_Blended
MH_SAH_04,Peth,Nashik,20.258,73.504,690,Sahyadri_Crest,2023-07-31,7.26,27.5,22.9,25.2,91.8,IMD_AWS_NASA_POWER_Blended
MH_SAH_04,Peth,Nashik,20.258,73.504,690,Sahyadri_Crest,2023-08-01,4.88,27.2,23.1,25.1,91.8,IMD_AWS_NASA_POWER_Blended
MH_SAH_04,Peth,Nashik,20.258,73.504,690,Sahyadri_Crest,2023-08-02,3.01,27.1,22.7,24.9,92.2,IMD_AWS_NASA_POWER_Blended
MH_SAH_04,Peth,Nashik,20.258,73.504,690,Sahyadri_Crest,2023-08-03,1.73,25.8,22.4,24.1,92.8,IMD_AWS_NASA_POWER_Blended
MH_SAH_04,Peth,Nashik,20.258,73.504,690,Sahyadri_Crest,2023-08-04,1.8,27.5,22.5,25.0,90.5,IMD_AWS_NASA_POWER_Blended
MH_SAH_04,Peth,Nashik,20.258,73.504,690,Sahyadri_Crest,2023-08-05,4.61,27.2,22.4,24.8,90.6,IMD_AWS_NASA_POWER_Blended
MH_SAH_04,Peth,Nashik,20.258,73.504,690,Sahyadri_Crest,2023-08-06,3.76,27.3,22.3,24.8,90.3,IMD_AWS_NASA_POWER_Blended
MH_SAH_04,Peth,Nashik,20.258,73.504,690,Sahyadri_Crest,2023-08-07,0.82,27.0,22.1,24.6,89.6,IMD_AWS_NASA_POWER_Blended
MH_SAH_04,Peth,Nashik,20.258,73.504,690,Sahyadri_Crest,2023-08-08,0.98,27.0,22.2,24.6,90.4,IMD_AWS_NASA_POWER_Blended
MH_SAH_04,Peth,Nashik,20.258,73.504,690,Sahyadri_Crest,2023-08-09,0.76,27.8,22.4,25.1,89.5,IMD_AWS_NASA_POWER_Blended
MH_SAH_04,Peth,Nashik,20.258,73.504,690,Sahyadri_Crest,2023-08-10,2.23,27.4,21.9,24.7,90.3,IMD_AWS_NASA_POWER_Blended
MH_SAH_04,Peth,Nashik,20.258,73.504,690,Sahyadri_Crest,2023-08-11,3.75,28.2,21.8,25.0,89.0,IMD_AWS_NASA_POWER_Blended
MH_SAH_04,Peth,Nashik,20.258,73.504,690,Sahyadri_Crest,2023-08-12,4.11,27.8,21.9,24.8,88.5,IMD_AWS_NASA_POWER_Blended
MH_SAH_04,Peth,Nashik,20.258,73.504,690,Sahyadri_Crest,2023-08-13,1.8,27.7,21.7,24.7,88.7,IMD_AWS_NASA_POWER_Blended
MH_SAH_04,Peth,Nashik,20.258,73.504,690,Sahyadri_Crest,2023-08-14,1.64,26.9,21.7,24.3,88.8,IMD_AWS_NASA_POWER_Blended
MH_SAH_04,Peth,Nashik,20.258,73.504,690,Sahyadri_Crest,2023-08-15,1.58,27.6,21.6,24.6,88.2,IMD_AWS_NASA_POWER_Blended
MH_SAH_04,Peth,Nashik,20.258,73.504,690,Sahyadri_Crest,2023-08-16,0.93,28.0,21.6,24.8,88.2,IMD_AWS_NASA_POWER_Blended
MH_SAH_04,Peth,Nashik,20.258,73.504,690,Sahyadri_Crest,2023-08-17,0.56,27.4,21.6,24.5,88.0,IMD_AWS_NASA_POWER_Blended
MH_SAH_04,Peth,Nashik,20.258,73.504,690,Sahyadri_Crest,2023-08-18,0.56,27.9,21.6,24.8,87.6,IMD_AWS_NASA_POWER_Blended
MH_SAH_04,Peth,Nashik,20.258,73.504,690,Sahyadri_Crest,2023-08-19,1.56,28.1,21.9,25.0,88.1,IMD_AWS_NASA_POWER_Blended
MH_SAH_04,Peth,Nashik,20.258,73.504,690,Sahyadri_Crest,2023-08-20,2.4,26.9,22.1,24.5,88.6,IMD_AWS_NASA_POWER_Blended
MH_SAH_04,Peth,Nashik,20.258,73.504,690,Sahyadri_Crest,2023-08-21,0.92,28.0,21.5,24.8,87.7,IMD_AWS_NASA_POWER_Blended
MH_SAH_04,Peth,Nashik,20.258,73.504,690,Sahyadri_Crest,2023-08-22,2.71,28.3,22.1,25.2,88.2,IMD_AWS_NASA_POWER_Blended
MH_SAH_04,Peth,Nashik,20.258,73.504,690,Sahyadri_Crest,2023-08-23,2.55,28.8,22.0,25.4,87.4,IMD_AWS_NASA_POWER_Blended
MH_SAH_04,Peth,Nashik,20.258,73.504,690,Sahyadri_Crest,2023-08-24,3.39,28.0,22.5,25.2,88.3,IMD_AWS_NASA_POWER_Blended
MH_SAH_04,Peth,Nashik,20.258,73.504,690,Sahyadri_Crest,2023-08-25,3.92,28.7,22.4,25.6,88.6,IMD_AWS_NASA_POWER_Blended
MH_SAH_04,Peth,Nashik,20.258,73.504,690,Sahyadri_Crest,2023-08-26,4.69,28.7,22.5,25.6,88.0,IMD_AWS_NASA_POWER_Blended
MH_SAH_04,Peth,Nashik,20.258,73.504,690,Sahyadri_Crest,2023-08-27,1.75,28.8,22.2,25.5,87.2,IMD_AWS_NASA_POWER_Blended
MH_SAH_04,Peth,Nashik,20.258,73.504,690,Sahyadri_Crest,2023-08-28,0.31,28.7,22.1,25.4,87.3,IMD_AWS_NASA_POWER_Blended
MH_SAH_04,Peth,Nashik,20.258,73.504,690,Sahyadri_Crest,2023-08-29,0.05,29.0,21.7,25.3,86.2,IMD_AWS_NASA_POWER_Blended
MH_SAH_04,Peth,Nashik,20.258,73.504,690,Sahyadri_Crest,2023-08-30,0.0,29.4,20.9,25.1,86.1,IMD_AWS_NASA_POWER_Blended
MH_SAH_04,Peth,Nashik,20.258,73.504,690,Sahyadri_Crest,2023-08-31,0.15,30.4,20.5,25.4,83.7,IMD_AWS_NASA_POWER_Blended
MH_SAH_04,Peth,Nashik,20.258,73.504,690,Sahyadri_Crest,2023-09-01,0.33,30.9,21.1,26.0,83.0,IMD_AWS_NASA_POWER_Blended
MH_SAH_04,Peth,Nashik,20.258,73.504,690,Sahyadri_Crest,2023-09-02,2.52,30.1,21.4,25.7,85.8,IMD_AWS_NASA_POWER_Blended
MH_SAH_04,Peth,Nashik,20.258,73.504,690,Sahyadri_Crest,2023-09-03,0.46,29.9,21.5,25.7,86.6,IMD_AWS_NASA_POWER_Blended
MH_SAH_04,Peth,Nashik,20.258,73.504,690,Sahyadri_Crest,2023-09-04,0.02,29.3,21.0,25.1,84.7,IMD_AWS_NASA_POWER_Blended
MH_SAH_04,Peth,Nashik,20.258,73.504,690,Sahyadri_Crest,2023-09-05,0.01,29.2,20.9,25.1,85.1,IMD_AWS_NASA_POWER_Blended
MH_SAH_04,Peth,Nashik,20.258,73.504,690,Sahyadri_Crest,2023-09-06,2.02,29.1,21.3,25.2,86.4,IMD_AWS_NASA_POWER_Blended
MH_SAH_04,Peth,Nashik,20.258,73.504,690,Sahyadri_Crest,2023-09-07,16.61,27.5,23.3,25.4,91.6,IMD_AWS_NASA_POWER_Blended
MH_SAH_04,Peth,Nashik,20.258,73.504,690,Sahyadri_Crest,2023-09-08,39.38,25.7,23.4,24.6,94.3,IMD_AWS_NASA_POWER_Blended
MH_SAH_04,Peth,Nashik,20.258,73.504,690,Sahyadri_Crest,2023-09-09,20.87,24.9,23.0,24.0,92.6,IMD_AWS_NASA_POWER_Blended
MH_SAH_04,Peth,Nashik,20.258,73.504,690,Sahyadri_Crest,2023-09-10,1.22,27.9,23.1,25.5,89.7,IMD_AWS_NASA_POWER_Blended
MH_SAH_04,Peth,Nashik,20.258,73.504,690,Sahyadri_Crest,2023-09-11,0.23,28.4,22.8,25.6,88.5,IMD_AWS_NASA_POWER_Blended
MH_SAH_04,Peth,Nashik,20.258,73.504,690,Sahyadri_Crest,2023-09-12,0.0,28.5,22.4,25.4,87.2,IMD_AWS_NASA_POWER_Blended
MH_SAH_04,Peth,Nashik,20.258,73.504,690,Sahyadri_Crest,2023-09-13,0.44,28.4,22.0,25.2,87.6,IMD_AWS_NASA_POWER_Blended
MH_SAH_04,Peth,Nashik,20.258,73.504,690,Sahyadri_Crest,2023-09-14,1.3,27.0,22.1,24.5,89.2,IMD_AWS_NASA_POWER_Blended
MH_SAH_04,Peth,Nashik,20.258,73.504,690,Sahyadri_Crest,2023-09-15,3.29,26.5,22.1,24.3,91.1,IMD_AWS_NASA_POWER_Blended
MH_SAH_04,Peth,Nashik,20.258,73.504,690,Sahyadri_Crest,2023-09-16,10.07,24.5,21.9,23.2,93.0,IMD_AWS_NASA_POWER_Blended
MH_SAH_04,Peth,Nashik,20.258,73.504,690,Sahyadri_Crest,2023-09-17,5.65,26.5,21.9,24.2,90.6,IMD_AWS_NASA_POWER_Blended
MH_SAH_04,Peth,Nashik,20.258,73.504,690,Sahyadri_Crest,2023-09-18,16.49,29.1,22.6,25.9,88.9,IMD_AWS_NASA_POWER_Blended
MH_SAH_04,Peth,Nashik,20.258,73.504,690,Sahyadri_Crest,2023-09-19,13.42,28.9,22.7,25.8,89.3,IMD_AWS_NASA_POWER_Blended
MH_SAH_04,Peth,Nashik,20.258,73.504,690,Sahyadri_Crest,2023-09-20,4.24,29.6,22.7,26.1,90.3,IMD_AWS_NASA_POWER_Blended
MH_SAH_04,Peth,Nashik,20.258,73.504,690,Sahyadri_Crest,2023-09-21,10.21,28.3,22.5,25.4,90.3,IMD_AWS_NASA_POWER_Blended
MH_SAH_04,Peth,Nashik,20.258,73.504,690,Sahyadri_Crest,2023-09-22,18.46,28.9,22.0,25.4,89.7,IMD_AWS_NASA_POWER_Blended
MH_SAH_04,Peth,Nashik,20.258,73.504,690,Sahyadri_Crest,2023-09-23,20.48,27.6,22.7,25.1,91.6,IMD_AWS_NASA_POWER_Blended
MH_SAH_04,Peth,Nashik,20.258,73.504,690,Sahyadri_Crest,2023-09-24,11.5,27.8,22.8,25.3,91.7,IMD_AWS_NASA_POWER_Blended
MH_SAH_04,Peth,Nashik,20.258,73.504,690,Sahyadri_Crest,2023-09-25,16.38,28.1,22.6,25.3,92.6,IMD_AWS_NASA_POWER_Blended
MH_SAH_04,Peth,Nashik,20.258,73.504,690,Sahyadri_Crest,2023-09-26,22.36,29.0,22.6,25.8,88.1,IMD_AWS_NASA_POWER_Blended
MH_SAH_04,Peth,Nashik,20.258,73.504,690,Sahyadri_Crest,2023-09-27,14.96,28.6,22.2,25.4,89.3,IMD_AWS_NASA_POWER_Blended
MH_SAH_04,Peth,Nashik,20.258,73.504,690,Sahyadri_Crest,2023-09-28,5.77,29.0,22.5,25.8,87.2,IMD_AWS_NASA_POWER_Blended
MH_SAH_04,Peth,Nashik,20.258,73.504,690,Sahyadri_Crest,2023-09-29,10.45,29.4,22.2,25.8,86.9,IMD_AWS_NASA_POWER_Blended
MH_SAH_04,Peth,Nashik,20.258,73.504,690,Sahyadri_Crest,2023-09-30,2.2,29.2,22.6,25.9,84.7,IMD_AWS_NASA_POWER_Blended
MH_SAH_04,Peth,Nashik,20.258,73.504,690,Sahyadri_Crest,2023-10-01,0.21,29.5,22.2,25.9,85.5,IMD_AWS_NASA_POWER_Blended
MH_SAH_04,Peth,Nashik,20.258,73.504,690,Sahyadri_Crest,2023-10-02,0.21,28.0,21.4,24.7,88.5,IMD_AWS_NASA_POWER_Blended
MH_SAH_04,Peth,Nashik,20.258,73.504,690,Sahyadri_Crest,2023-10-03,0.0,28.4,20.1,24.2,85.9,IMD_AWS_NASA_POWER_Blended
MH_SAH_04,Peth,Nashik,20.258,73.504,690,Sahyadri_Crest,2023-10-04,0.0,28.6,18.0,23.3,85.0,IMD_AWS_NASA_POWER_Blended
MH_SAH_04,Peth,Nashik,20.258,73.504,690,Sahyadri_Crest,2023-10-05,0.0,28.3,18.4,23.3,85.4,IMD_AWS_NASA_POWER_Blended
MH_SAH_04,Peth,Nashik,20.258,73.504,690,Sahyadri_Crest,2023-10-06,0.0,28.7,18.1,23.4,87.1,IMD_AWS_NASA_POWER_Blended
MH_SAH_04,Peth,Nashik,20.258,73.504,690,Sahyadri_Crest,2023-10-07,0.0,29.7,20.0,24.9,85.3,IMD_AWS_NASA_POWER_Blended
MH_SAH_04,Peth,Nashik,20.258,73.504,690,Sahyadri_Crest,2023-10-08,0.0,30.1,19.5,24.8,80.2,IMD_AWS_NASA_POWER_Blended
MH_SAH_04,Peth,Nashik,20.258,73.504,690,Sahyadri_Crest,2023-10-09,0.0,29.6,20.2,24.9,74.5,IMD_AWS_NASA_POWER_Blended
MH_SAH_04,Peth,Nashik,20.258,73.504,690,Sahyadri_Crest,2023-10-10,0.0,29.1,18.6,23.8,80.2,IMD_AWS_NASA_POWER_Blended
MH_SAH_04,Peth,Nashik,20.258,73.504,690,Sahyadri_Crest,2023-10-11,0.0,29.8,19.0,24.4,76.2,IMD_AWS_NASA_POWER_Blended
MH_SAH_04,Peth,Nashik,20.258,73.504,690,Sahyadri_Crest,2023-10-12,0.0,30.8,19.5,25.1,76.6,IMD_AWS_NASA_POWER_Blended
MH_SAH_04,Peth,Nashik,20.258,73.504,690,Sahyadri_Crest,2023-10-13,0.0,31.2,20.2,25.7,74.4,IMD_AWS_NASA_POWER_Blended
MH_SAH_04,Peth,Nashik,20.258,73.504,690,Sahyadri_Crest,2023-10-14,0.0,30.8,19.7,25.2,70.9,IMD_AWS_NASA_POWER_Blended
MH_SAH_04,Peth,Nashik,20.258,73.504,690,Sahyadri_Crest,2023-10-15,0.0,29.6,20.1,24.9,76.0,IMD_AWS_NASA_POWER_Blended
MH_SAH_04,Peth,Nashik,20.258,73.504,690,Sahyadri_Crest,2023-10-16,0.0,30.1,20.4,25.2,75.6,IMD_AWS_NASA_POWER_Blended
MH_SAH_04,Peth,Nashik,20.258,73.504,690,Sahyadri_Crest,2023-10-17,2.22,30.1,20.0,25.1,75.3,IMD_AWS_NASA_POWER_Blended
MH_SAH_04,Peth,Nashik,20.258,73.504,690,Sahyadri_Crest,2023-10-18,0.13,29.9,19.6,24.7,77.2,IMD_AWS_NASA_POWER_Blended
MH_SAH_04,Peth,Nashik,20.258,73.504,690,Sahyadri_Crest,2023-10-19,0.0,30.4,19.3,24.9,72.8,IMD_AWS_NASA_POWER_Blended
MH_SAH_04,Peth,Nashik,20.258,73.504,690,Sahyadri_Crest,2023-10-20,0.0,30.8,19.1,24.9,71.4,IMD_AWS_NASA_POWER_Blended
MH_SAH_04,Peth,Nashik,20.258,73.504,690,Sahyadri_Crest,2023-10-21,0.0,30.7,19.6,25.2,73.8,IMD_AWS_NASA_POWER_Blended
MH_SAH_04,Peth,Nashik,20.258,73.504,690,Sahyadri_Crest,2023-10-22,0.0,30.7,20.0,25.3,70.3,IMD_AWS_NASA_POWER_Blended
MH_SAH_04,Peth,Nashik,20.258,73.504,690,Sahyadri_Crest,2023-10-23,0.0,30.6,19.2,24.9,68.9,IMD_AWS_NASA_POWER_Blended
MH_SAH_04,Peth,Nashik,20.258,73.504,690,Sahyadri_Crest,2023-10-24,0.0,30.3,19.2,24.8,69.3,IMD_AWS_NASA_POWER_Blended
MH_SAH_04,Peth,Nashik,20.258,73.504,690,Sahyadri_Crest,2023-10-25,0.0,30.4,18.0,24.2,65.7,IMD_AWS_NASA_POWER_Blended
MH_SAH_04,Peth,Nashik,20.258,73.504,690,Sahyadri_Crest,2023-10-26,0.0,30.4,17.5,24.0,61.2,IMD_AWS_NASA_POWER_Blended
MH_SAH_04,Peth,Nashik,20.258,73.504,690,Sahyadri_Crest,2023-10-27,0.0,30.3,17.1,23.7,60.0,IMD_AWS_NASA_POWER_Blended
MH_SAH_04,Peth,Nashik,20.258,73.504,690,Sahyadri_Crest,2023-10-28,0.0,30.5,16.5,23.5,58.6,IMD_AWS_NASA_POWER_Blended
MH_SAH_04,Peth,Nashik,20.258,73.504,690,Sahyadri_Crest,2023-10-29,0.0,30.1,16.5,23.3,60.8,IMD_AWS_NASA_POWER_Blended
MH_SAH_04,Peth,Nashik,20.258,73.504,690,Sahyadri_Crest,2023-10-30,0.0,29.9,17.6,23.8,59.8,IMD_AWS_NASA_POWER_Blended
MH_SAH_04,Peth,Nashik,20.258,73.504,690,Sahyadri_Crest,2023-10-31,0.0,29.6,16.5,23.0,59.5,IMD_AWS_NASA_POWER_Blended
MH_SAH_05,Surgana,Nashik,20.573,73.621,530,Sahyadri_Crest,2023-06-01,0.0,39.2,23.4,31.3,47.7,IMD_AWS_NASA_POWER_Blended
MH_SAH_05,Surgana,Nashik,20.573,73.621,530,Sahyadri_Crest,2023-06-02,0.1,35.3,23.5,29.4,61.8,IMD_AWS_NASA_POWER_Blended
MH_SAH_05,Surgana,Nashik,20.573,73.621,530,Sahyadri_Crest,2023-06-03,0.21,33.2,24.4,28.8,68.5,IMD_AWS_NASA_POWER_Blended
MH_SAH_05,Surgana,Nashik,20.573,73.621,530,Sahyadri_Crest,2023-06-04,0.82,34.6,24.6,29.6,63.4,IMD_AWS_NASA_POWER_Blended
MH_SAH_05,Surgana,Nashik,20.573,73.621,530,Sahyadri_Crest,2023-06-05,1.2,35.4,23.8,29.6,63.9,IMD_AWS_NASA_POWER_Blended
MH_SAH_05,Surgana,Nashik,20.573,73.621,530,Sahyadri_Crest,2023-06-06,0.01,37.0,24.1,30.6,61.5,IMD_AWS_NASA_POWER_Blended
MH_SAH_05,Surgana,Nashik,20.573,73.621,530,Sahyadri_Crest,2023-06-07,0.02,37.4,23.6,30.5,61.1,IMD_AWS_NASA_POWER_Blended
MH_SAH_05,Surgana,Nashik,20.573,73.621,530,Sahyadri_Crest,2023-06-08,0.0,36.7,24.1,30.4,61.6,IMD_AWS_NASA_POWER_Blended
MH_SAH_05,Surgana,Nashik,20.573,73.621,530,Sahyadri_Crest,2023-06-09,0.06,36.8,24.9,30.9,63.4,IMD_AWS_NASA_POWER_Blended
MH_SAH_05,Surgana,Nashik,20.573,73.621,530,Sahyadri_Crest,2023-06-10,0.75,33.6,25.5,29.5,67.0,IMD_AWS_NASA_POWER_Blended
MH_SAH_05,Surgana,Nashik,20.573,73.621,530,Sahyadri_Crest,2023-06-11,0.35,37.1,24.7,30.9,57.5,IMD_AWS_NASA_POWER_Blended
MH_SAH_05,Surgana,Nashik,20.573,73.621,530,Sahyadri_Crest,2023-06-12,0.19,37.5,24.4,31.0,55.4,IMD_AWS_NASA_POWER_Blended
MH_SAH_05,Surgana,Nashik,20.573,73.621,530,Sahyadri_Crest,2023-06-13,1.67,36.0,24.3,30.1,60.9,IMD_AWS_NASA_POWER_Blended
MH_SAH_05,Surgana,Nashik,20.573,73.621,530,Sahyadri_Crest,2023-06-14,3.1,35.4,24.2,29.8,64.5,IMD_AWS_NASA_POWER_Blended
MH_SAH_05,Surgana,Nashik,20.573,73.621,530,Sahyadri_Crest,2023-06-15,1.47,34.9,24.0,29.5,68.5,IMD_AWS_NASA_POWER_Blended
MH_SAH_05,Surgana,Nashik,20.573,73.621,530,Sahyadri_Crest,2023-06-16,1.51,34.0,24.6,29.3,71.8,IMD_AWS_NASA_POWER_Blended
MH_SAH_05,Surgana,Nashik,20.573,73.621,530,Sahyadri_Crest,2023-06-17,0.79,32.9,24.5,28.7,74.2,IMD_AWS_NASA_POWER_Blended
MH_SAH_05,Surgana,Nashik,20.573,73.621,530,Sahyadri_Crest,2023-06-18,0.13,34.2,24.2,29.2,71.6,IMD_AWS_NASA_POWER_Blended
MH_SAH_05,Surgana,Nashik,20.573,73.621,530,Sahyadri_Crest,2023-06-19,0.06,34.9,24.1,29.5,70.7,IMD_AWS_NASA_POWER_Blended
MH_SAH_05,Surgana,Nashik,20.573,73.621,530,Sahyadri_Crest,2023-06-20,0.07,35.0,24.3,29.7,70.1,IMD_AWS_NASA_POWER_Blended
MH_SAH_05,Surgana,Nashik,20.573,73.621,530,Sahyadri_Crest,2023-06-21,0.0,34.1,24.2,29.2,67.8,IMD_AWS_NASA_POWER_Blended
MH_SAH_05,Surgana,Nashik,20.573,73.621,530,Sahyadri_Crest,2023-06-22,0.26,34.4,24.3,29.3,68.7,IMD_AWS_NASA_POWER_Blended
MH_SAH_05,Surgana,Nashik,20.573,73.621,530,Sahyadri_Crest,2023-06-23,0.95,34.2,24.2,29.2,68.9,IMD_AWS_NASA_POWER_Blended
MH_SAH_05,Surgana,Nashik,20.573,73.621,530,Sahyadri_Crest,2023-06-24,10.4,31.9,24.0,27.9,76.6,IMD_AWS_NASA_POWER_Blended
MH_SAH_05,Surgana,Nashik,20.573,73.621,530,Sahyadri_Crest,2023-06-25,11.12,31.1,23.1,27.1,72.8,IMD_AWS_NASA_POWER_Blended
MH_SAH_05,Surgana,Nashik,20.573,73.621,530,Sahyadri_Crest,2023-06-26,16.9,27.5,22.1,24.8,79.6,IMD_AWS_NASA_POWER_Blended
MH_SAH_05,Surgana,Nashik,20.573,73.621,530,Sahyadri_Crest,2023-06-27,29.68,28.0,21.7,24.8,82.3,IMD_AWS_NASA_POWER_Blended
MH_SAH_05,Surgana,Nashik,20.573,73.621,530,Sahyadri_Crest,2023-06-28,55.66,27.2,21.9,24.6,87.6,IMD_AWS_NASA_POWER_Blended
MH_SAH_05,Surgana,Nashik,20.573,73.621,530,Sahyadri_Crest,2023-06-29,36.64,24.4,22.2,23.3,90.9,IMD_AWS_NASA_POWER_Blended
MH_SAH_05,Surgana,Nashik,20.573,73.621,530,Sahyadri_Crest,2023-06-30,47.58,25.7,22.0,23.8,90.8,IMD_AWS_NASA_POWER_Blended
MH_SAH_05,Surgana,Nashik,20.573,73.621,530,Sahyadri_Crest,2023-07-01,42.24,27.4,22.8,25.1,90.3,IMD_AWS_NASA_POWER_Blended
MH_SAH_05,Surgana,Nashik,20.573,73.621,530,Sahyadri_Crest,2023-07-02,24.4,29.1,23.7,26.4,87.7,IMD_AWS_NASA_POWER_Blended
MH_SAH_05,Surgana,Nashik,20.573,73.621,530,Sahyadri_Crest,2023-07-03,5.89,29.9,23.3,26.6,86.8,IMD_AWS_NASA_POWER_Blended
MH_SAH_05,Surgana,Nashik,20.573,73.621,530,Sahyadri_Crest,2023-07-04,8.7,29.7,24.0,26.9,89.1,IMD_AWS_NASA_POWER_Blended
MH_SAH_05,Surgana,Nashik,20.573,73.621,530,Sahyadri_Crest,2023-07-05,14.1,29.0,23.6,26.3,88.7,IMD_AWS_NASA_POWER_Blended
MH_SAH_05,Surgana,Nashik,20.573,73.621,530,Sahyadri_Crest,2023-07-06,19.69,28.6,22.3,25.5,87.9,IMD_AWS_NASA_POWER_Blended
MH_SAH_05,Surgana,Nashik,20.573,73.621,530,Sahyadri_Crest,2023-07-07,15.1,28.6,23.0,25.8,92.4,IMD_AWS_NASA_POWER_Blended
MH_SAH_05,Surgana,Nashik,20.573,73.621,530,Sahyadri_Crest,2023-07-08,13.14,27.6,23.4,25.5,91.6,IMD_AWS_NASA_POWER_Blended
MH_SAH_05,Surgana,Nashik,20.573,73.621,530,Sahyadri_Crest,2023-07-09,13.07,28.4,23.1,25.8,89.6,IMD_AWS_NASA_POWER_Blended
MH_SAH_05,Surgana,Nashik,20.573,73.621,530,Sahyadri_Crest,2023-07-10,17.06,27.4,23.1,25.2,91.1,IMD_AWS_NASA_POWER_Blended
MH_SAH_05,Surgana,Nashik,20.573,73.621,530,Sahyadri_Crest,2023-07-11,14.5,27.7,22.9,25.3,90.0,IMD_AWS_NASA_POWER_Blended
MH_SAH_05,Surgana,Nashik,20.573,73.621,530,Sahyadri_Crest,2023-07-12,10.48,27.5,23.4,25.4,88.9,IMD_AWS_NASA_POWER_Blended
MH_SAH_05,Surgana,Nashik,20.573,73.621,530,Sahyadri_Crest,2023-07-13,12.44,28.1,23.2,25.7,89.1,IMD_AWS_NASA_POWER_Blended
MH_SAH_05,Surgana,Nashik,20.573,73.621,530,Sahyadri_Crest,2023-07-14,17.23,27.4,22.7,25.0,89.3,IMD_AWS_NASA_POWER_Blended
MH_SAH_05,Surgana,Nashik,20.573,73.621,530,Sahyadri_Crest,2023-07-15,18.91,27.3,22.4,24.9,91.1,IMD_AWS_NASA_POWER_Blended
MH_SAH_05,Surgana,Nashik,20.573,73.621,530,Sahyadri_Crest,2023-07-16,9.16,27.5,23.4,25.5,91.4,IMD_AWS_NASA_POWER_Blended
MH_SAH_05,Surgana,Nashik,20.573,73.621,530,Sahyadri_Crest,2023-07-17,4.91,27.9,23.2,25.5,89.5,IMD_AWS_NASA_POWER_Blended
MH_SAH_05,Surgana,Nashik,20.573,73.621,530,Sahyadri_Crest,2023-07-18,37.61,26.2,23.5,24.9,93.6,IMD_AWS_NASA_POWER_Blended
MH_SAH_05,Surgana,Nashik,20.573,73.621,530,Sahyadri_Crest,2023-07-19,47.9,27.1,23.5,25.3,93.4,IMD_AWS_NASA_POWER_Blended
MH_SAH_05,Surgana,Nashik,20.573,73.621,530,Sahyadri_Crest,2023-07-20,38.2,27.8,23.4,25.6,93.2,IMD_AWS_NASA_POWER_Blended
MH_SAH_05,Surgana,Nashik,20.573,73.621,530,Sahyadri_Crest,2023-07-21,17.48,26.2,23.2,24.7,93.9,IMD_AWS_NASA_POWER_Blended
MH_SAH_05,Surgana,Nashik,20.573,73.621,530,Sahyadri_Crest,2023-07-22,32.35,25.9,23.1,24.5,95.0,IMD_AWS_NASA_POWER_Blended
MH_SAH_05,Surgana,Nashik,20.573,73.621,530,Sahyadri_Crest,2023-07-23,32.14,27.9,23.5,25.7,92.8,IMD_AWS_NASA_POWER_Blended
MH_SAH_05,Surgana,Nashik,20.573,73.621,530,Sahyadri_Crest,2023-07-24,18.24,27.6,23.3,25.4,91.8,IMD_AWS_NASA_POWER_Blended
MH_SAH_05,Surgana,Nashik,20.573,73.621,530,Sahyadri_Crest,2023-07-25,30.65,27.6,23.1,25.3,92.4,IMD_AWS_NASA_POWER_Blended
MH_SAH_05,Surgana,Nashik,20.573,73.621,530,Sahyadri_Crest,2023-07-26,12.21,27.4,22.9,25.1,93.1,IMD_AWS_NASA_POWER_Blended
MH_SAH_05,Surgana,Nashik,20.573,73.621,530,Sahyadri_Crest,2023-07-27,35.88,26.7,23.1,24.9,93.7,IMD_AWS_NASA_POWER_Blended
MH_SAH_05,Surgana,Nashik,20.573,73.621,530,Sahyadri_Crest,2023-07-28,33.18,26.6,23.2,24.9,93.3,IMD_AWS_NASA_POWER_Blended
MH_SAH_05,Surgana,Nashik,20.573,73.621,530,Sahyadri_Crest,2023-07-29,7.15,26.4,22.5,24.4,92.6,IMD_AWS_NASA_POWER_Blended
MH_SAH_05,Surgana,Nashik,20.573,73.621,530,Sahyadri_Crest,2023-07-30,6.56,26.9,22.8,24.8,92.1,IMD_AWS_NASA_POWER_Blended
MH_SAH_05,Surgana,Nashik,20.573,73.621,530,Sahyadri_Crest,2023-07-31,7.26,27.5,22.9,25.2,91.8,IMD_AWS_NASA_POWER_Blended
MH_SAH_05,Surgana,Nashik,20.573,73.621,530,Sahyadri_Crest,2023-08-01,4.88,27.2,23.1,25.1,91.8,IMD_AWS_NASA_POWER_Blended
MH_SAH_05,Surgana,Nashik,20.573,73.621,530,Sahyadri_Crest,2023-08-02,3.01,27.1,22.7,24.9,92.2,IMD_AWS_NASA_POWER_Blended
MH_SAH_05,Surgana,Nashik,20.573,73.621,530,Sahyadri_Crest,2023-08-03,1.73,25.8,22.4,24.1,92.8,IMD_AWS_NASA_POWER_Blended
MH_SAH_05,Surgana,Nashik,20.573,73.621,530,Sahyadri_Crest,2023-08-04,1.8,27.5,22.5,25.0,90.5,IMD_AWS_NASA_POWER_Blended
MH_SAH_05,Surgana,Nashik,20.573,73.621,530,Sahyadri_Crest,2023-08-05,4.61,27.2,22.4,24.8,90.6,IMD_AWS_NASA_POWER_Blended
MH_SAH_05,Surgana,Nashik,20.573,73.621,530,Sahyadri_Crest,2023-08-06,3.76,27.3,22.3,24.8,90.3,IMD_AWS_NASA_POWER_Blended
MH_SAH_05,Surgana,Nashik,20.573,73.621,530,Sahyadri_Crest,2023-08-07,0.82,27.0,22.1,24.6,89.6,IMD_AWS_NASA_POWER_Blended
MH_SAH_05,Surgana,Nashik,20.573,73.621,530,Sahyadri_Crest,2023-08-08,0.98,27.0,22.2,24.6,90.4,IMD_AWS_NASA_POWER_Blended
MH_SAH_05,Surgana,Nashik,20.573,73.621,530,Sahyadri_Crest,2023-08-09,0.76,27.8,22.4,25.1,89.5,IMD_AWS_NASA_POWER_Blended
MH_SAH_05,Surgana,Nashik,20.573,73.621,530,Sahyadri_Crest,2023-08-10,2.23,27.4,21.9,24.7,90.3,IMD_AWS_NASA_POWER_Blended
MH_SAH_05,Surgana,Nashik,20.573,73.621,530,Sahyadri_Crest,2023-08-11,3.75,28.2,21.8,25.0,89.0,IMD_AWS_NASA_POWER_Blended
MH_SAH_05,Surgana,Nashik,20.573,73.621,530,Sahyadri_Crest,2023-08-12,4.11,27.8,21.9,24.8,88.5,IMD_AWS_NASA_POWER_Blended
MH_SAH_05,Surgana,Nashik,20.573,73.621,530,Sahyadri_Crest,2023-08-13,1.8,27.7,21.7,24.7,88.7,IMD_AWS_NASA_POWER_Blended
MH_SAH_05,Surgana,Nashik,20.573,73.621,530,Sahyadri_Crest,2023-08-14,1.64,26.9,21.7,24.3,88.8,IMD_AWS_NASA_POWER_Blended
MH_SAH_05,Surgana,Nashik,20.573,73.621,530,Sahyadri_Crest,2023-08-15,1.58,27.6,21.6,24.6,88.2,IMD_AWS_NASA_POWER_Blended
MH_SAH_05,Surgana,Nashik,20.573,73.621,530,Sahyadri_Crest,2023-08-16,0.93,28.0,21.6,24.8,88.2,IMD_AWS_NASA_POWER_Blended
MH_SAH_05,Surgana,Nashik,20.573,73.621,530,Sahyadri_Crest,2023-08-17,0.56,27.4,21.6,24.5,88.0,IMD_AWS_NASA_POWER_Blended
MH_SAH_05,Surgana,Nashik,20.573,73.621,530,Sahyadri_Crest,2023-08-18,0.56,27.9,21.6,24.8,87.6,IMD_AWS_NASA_POWER_Blended
MH_SAH_05,Surgana,Nashik,20.573,73.621,530,Sahyadri_Crest,2023-08-19,1.56,28.1,21.9,25.0,88.1,IMD_AWS_NASA_POWER_Blended
MH_SAH_05,Surgana,Nashik,20.573,73.621,530,Sahyadri_Crest,2023-08-20,2.4,26.9,22.1,24.5,88.6,IMD_AWS_NASA_POWER_Blended
MH_SAH_05,Surgana,Nashik,20.573,73.621,530,Sahyadri_Crest,2023-08-21,0.92,28.0,21.5,24.8,87.7,IMD_AWS_NASA_POWER_Blended
MH_SAH_05,Surgana,Nashik,20.573,73.621,530,Sahyadri_Crest,2023-08-22,2.71,28.3,22.1,25.2,88.2,IMD_AWS_NASA_POWER_Blended
MH_SAH_05,Surgana,Nashik,20.573,73.621,530,Sahyadri_Crest,2023-08-23,2.55,28.8,22.0,25.4,87.4,IMD_AWS_NASA_POWER_Blended
MH_SAH_05,Surgana,Nashik,20.573,73.621,530,Sahyadri_Crest,2023-08-24,3.39,28.0,22.5,25.2,88.3,IMD_AWS_NASA_POWER_Blended
MH_SAH_05,Surgana,Nashik,20.573,73.621,530,Sahyadri_Crest,2023-08-25,3.92,28.7,22.4,25.6,88.6,IMD_AWS_NASA_POWER_Blended
MH_SAH_05,Surgana,Nashik,20.573,73.621,530,Sahyadri_Crest,2023-08-26,4.69,28.7,22.5,25.6,88.0,IMD_AWS_NASA_POWER_Blended
MH_SAH_05,Surgana,Nashik,20.573,73.621,530,Sahyadri_Crest,2023-08-27,1.75,28.8,22.2,25.5,87.2,IMD_AWS_NASA_POWER_Blended
MH_SAH_05,Surgana,Nashik,20.573,73.621,530,Sahyadri_Crest,2023-08-28,0.31,28.7,22.1,25.4,87.3,IMD_AWS_NASA_POWER_Blended
MH_SAH_05,Surgana,Nashik,20.573,73.621,530,Sahyadri_Crest,2023-08-29,0.05,29.0,21.7,25.3,86.2,IMD_AWS_NASA_POWER_Blended
MH_SAH_05,Surgana,Nashik,20.573,73.621,530,Sahyadri_Crest,2023-08-30,0.0,29.4,20.9,25.1,86.1,IMD_AWS_NASA_POWER_Blended
MH_SAH_05,Surgana,Nashik,20.573,73.621,530,Sahyadri_Crest,2023-08-31,0.15,30.4,20.5,25.4,83.7,IMD_AWS_NASA_POWER_Blended
MH_SAH_05,Surgana,Nashik,20.573,73.621,530,Sahyadri_Crest,2023-09-01,0.33,30.9,21.1,26.0,83.0,IMD_AWS_NASA_POWER_Blended
MH_SAH_05,Surgana,Nashik,20.573,73.621,530,Sahyadri_Crest,2023-09-02,2.52,30.1,21.4,25.7,85.8,IMD_AWS_NASA_POWER_Blended
MH_SAH_05,Surgana,Nashik,20.573,73.621,530,Sahyadri_Crest,2023-09-03,0.46,29.9,21.5,25.7,86.6,IMD_AWS_NASA_POWER_Blended
MH_SAH_05,Surgana,Nashik,20.573,73.621,530,Sahyadri_Crest,2023-09-04,0.02,29.3,21.0,25.1,84.7,IMD_AWS_NASA_POWER_Blended
MH_SAH_05,Surgana,Nashik,20.573,73.621,530,Sahyadri_Crest,2023-09-05,0.01,29.2,20.9,25.1,85.1,IMD_AWS_NASA_POWER_Blended
MH_SAH_05,Surgana,Nashik,20.573,73.621,530,Sahyadri_Crest,2023-09-06,2.02,29.1,21.3,25.2,86.4,IMD_AWS_NASA_POWER_Blended
MH_SAH_05,Surgana,Nashik,20.573,73.621,530,Sahyadri_Crest,2023-09-07,16.61,27.5,23.3,25.4,91.6,IMD_AWS_NASA_POWER_Blended
MH_SAH_05,Surgana,Nashik,20.573,73.621,530,Sahyadri_Crest,2023-09-08,39.38,25.7,23.4,24.6,94.3,IMD_AWS_NASA_POWER_Blended
MH_SAH_05,Surgana,Nashik,20.573,73.621,530,Sahyadri_Crest,2023-09-09,20.87,24.9,23.0,24.0,92.6,IMD_AWS_NASA_POWER_Blended
MH_SAH_05,Surgana,Nashik,20.573,73.621,530,Sahyadri_Crest,2023-09-10,1.22,27.9,23.1,25.5,89.7,IMD_AWS_NASA_POWER_Blended
MH_SAH_05,Surgana,Nashik,20.573,73.621,530,Sahyadri_Crest,2023-09-11,0.23,28.4,22.8,25.6,88.5,IMD_AWS_NASA_POWER_Blended
MH_SAH_05,Surgana,Nashik,20.573,73.621,530,Sahyadri_Crest,2023-09-12,0.0,28.5,22.4,25.4,87.2,IMD_AWS_NASA_POWER_Blended
MH_SAH_05,Surgana,Nashik,20.573,73.621,530,Sahyadri_Crest,2023-09-13,0.44,28.4,22.0,25.2,87.6,IMD_AWS_NASA_POWER_Blended
MH_SAH_05,Surgana,Nashik,20.573,73.621,530,Sahyadri_Crest,2023-09-14,1.3,27.0,22.1,24.5,89.2,IMD_AWS_NASA_POWER_Blended
MH_SAH_05,Surgana,Nashik,20.573,73.621,530,Sahyadri_Crest,2023-09-15,3.29,26.5,22.1,24.3,91.1,IMD_AWS_NASA_POWER_Blended
MH_SAH_05,Surgana,Nashik,20.573,73.621,530,Sahyadri_Crest,2023-09-16,10.07,24.5,21.9,23.2,93.0,IMD_AWS_NASA_POWER_Blended
MH_SAH_05,Surgana,Nashik,20.573,73.621,530,Sahyadri_Crest,2023-09-17,5.65,26.5,21.9,24.2,90.6,IMD_AWS_NASA_POWER_Blended
MH_SAH_05,Surgana,Nashik,20.573,73.621,530,Sahyadri_Crest,2023-09-18,16.49,29.1,22.6,25.9,88.9,IMD_AWS_NASA_POWER_Blended
MH_SAH_05,Surgana,Nashik,20.573,73.621,530,Sahyadri_Crest,2023-09-19,13.42,28.9,22.7,25.8,89.3,IMD_AWS_NASA_POWER_Blended
MH_SAH_05,Surgana,Nashik,20.573,73.621,530,Sahyadri_Crest,2023-09-20,4.24,29.6,22.7,26.1,90.3,IMD_AWS_NASA_POWER_Blended
MH_SAH_05,Surgana,Nashik,20.573,73.621,530,Sahyadri_Crest,2023-09-21,10.21,28.3,22.5,25.4,90.3,IMD_AWS_NASA_POWER_Blended
MH_SAH_05,Surgana,Nashik,20.573,73.621,530,Sahyadri_Crest,2023-09-22,18.46,28.9,22.0,25.4,89.7,IMD_AWS_NASA_POWER_Blended
MH_SAH_05,Surgana,Nashik,20.573,73.621,530,Sahyadri_Crest,2023-09-23,20.48,27.6,22.7,25.1,91.6,IMD_AWS_NASA_POWER_Blended
MH_SAH_05,Surgana,Nashik,20.573,73.621,530,Sahyadri_Crest,2023-09-24,11.5,27.8,22.8,25.3,91.7,IMD_AWS_NASA_POWER_Blended
MH_SAH_05,Surgana,Nashik,20.573,73.621,530,Sahyadri_Crest,2023-09-25,16.38,28.1,22.6,25.3,92.6,IMD_AWS_NASA_POWER_Blended
MH_SAH_05,Surgana,Nashik,20.573,73.621,530,Sahyadri_Crest,2023-09-26,22.36,29.0,22.6,25.8,88.1,IMD_AWS_NASA_POWER_Blended
MH_SAH_05,Surgana,Nashik,20.573,73.621,530,Sahyadri_Crest,2023-09-27,14.96,28.6,22.2,25.4,89.3,IMD_AWS_NASA_POWER_Blended
MH_SAH_05,Surgana,Nashik,20.573,73.621,530,Sahyadri_Crest,2023-09-28,5.77,29.0,22.5,25.8,87.2,IMD_AWS_NASA_POWER_Blended
MH_SAH_05,Surgana,Nashik,20.573,73.621,530,Sahyadri_Crest,2023-09-29,10.45,29.4,22.2,25.8,86.9,IMD_AWS_NASA_POWER_Blended
MH_SAH_05,Surgana,Nashik,20.573,73.621,530,Sahyadri_Crest,2023-09-30,2.2,29.2,22.6,25.9,84.7,IMD_AWS_NASA_POWER_Blended
MH_SAH_05,Surgana,Nashik,20.573,73.621,530,Sahyadri_Crest,2023-10-01,0.21,29.5,22.2,25.9,85.5,IMD_AWS_NASA_POWER_Blended
MH_SAH_05,Surgana,Nashik,20.573,73.621,530,Sahyadri_Crest,2023-10-02,0.21,28.0,21.4,24.7,88.5,IMD_AWS_NASA_POWER_Blended
MH_SAH_05,Surgana,Nashik,20.573,73.621,530,Sahyadri_Crest,2023-10-03,0.0,28.4,20.1,24.2,85.9,IMD_AWS_NASA_POWER_Blended
MH_SAH_05,Surgana,Nashik,20.573,73.621,530,Sahyadri_Crest,2023-10-04,0.0,28.6,18.0,23.3,85.0,IMD_AWS_NASA_POWER_Blended
MH_SAH_05,Surgana,Nashik,20.573,73.621,530,Sahyadri_Crest,2023-10-05,0.0,28.3,18.4,23.3,85.4,IMD_AWS_NASA_POWER_Blended
MH_SAH_05,Surgana,Nashik,20.573,73.621,530,Sahyadri_Crest,2023-10-06,0.0,28.7,18.1,23.4,87.1,IMD_AWS_NASA_POWER_Blended
MH_SAH_05,Surgana,Nashik,20.573,73.621,530,Sahyadri_Crest,2023-10-07,0.0,29.7,20.0,24.9,85.3,IMD_AWS_NASA_POWER_Blended
MH_SAH_05,Surgana,Nashik,20.573,73.621,530,Sahyadri_Crest,2023-10-08,0.0,30.1,19.5,24.8,80.2,IMD_AWS_NASA_POWER_Blended
MH_SAH_05,Surgana,Nashik,20.573,73.621,530,Sahyadri_Crest,2023-10-09,0.0,29.6,20.2,24.9,74.5,IMD_AWS_NASA_POWER_Blended
MH_SAH_05,Surgana,Nashik,20.573,73.621,530,Sahyadri_Crest,2023-10-10,0.0,29.1,18.6,23.8,80.2,IMD_AWS_NASA_POWER_Blended
MH_SAH_05,Surgana,Nashik,20.573,73.621,530,Sahyadri_Crest,2023-10-11,0.0,29.8,19.0,24.4,76.2,IMD_AWS_NASA_POWER_Blended
MH_SAH_05,Surgana,Nashik,20.573,73.621,530,Sahyadri_Crest,2023-10-12,0.0,30.8,19.5,25.1,76.6,IMD_AWS_NASA_POWER_Blended
MH_SAH_05,Surgana,Nashik,20.573,73.621,530,Sahyadri_Crest,2023-10-13,0.0,31.2,20.2,25.7,74.4,IMD_AWS_NASA_POWER_Blended
MH_SAH_05,Surgana,Nashik,20.573,73.621,530,Sahyadri_Crest,2023-10-14,0.0,30.8,19.7,25.2,70.9,IMD_AWS_NASA_POWER_Blended
MH_SAH_05,Surgana,Nashik,20.573,73.621,530,Sahyadri_Crest,2023-10-15,0.0,29.6,20.1,24.9,76.0,IMD_AWS_NASA_POWER_Blended
MH_SAH_05,Surgana,Nashik,20.573,73.621,530,Sahyadri_Crest,2023-10-16,0.0,30.1,20.4,25.2,75.6,IMD_AWS_NASA_POWER_Blended
MH_SAH_05,Surgana,Nashik,20.573,73.621,530,Sahyadri_Crest,2023-10-17,2.22,30.1,20.0,25.1,75.3,IMD_AWS_NASA_POWER_Blended
MH_SAH_05,Surgana,Nashik,20.573,73.621,530,Sahyadri_Crest,2023-10-18,0.13,29.9,19.6,24.7,77.2,IMD_AWS_NASA_POWER_Blended
MH_SAH_05,Surgana,Nashik,20.573,73.621,530,Sahyadri_Crest,2023-10-19,0.0,30.4,19.3,24.9,72.8,IMD_AWS_NASA_POWER_Blended
MH_SAH_05,Surgana,Nashik,20.573,73.621,530,Sahyadri_Crest,2023-10-20,0.0,30.8,19.1,24.9,71.4,IMD_AWS_NASA_POWER_Blended
MH_SAH_05,Surgana,Nashik,20.573,73.621,530,Sahyadri_Crest,2023-10-21,0.0,30.7,19.6,25.2,73.8,IMD_AWS_NASA_POWER_Blended
MH_SAH_05,Surgana,Nashik,20.573,73.621,530,Sahyadri_Crest,2023-10-22,0.0,30.7,20.0,25.3,70.3,IMD_AWS_NASA_POWER_Blended
MH_SAH_05,Surgana,Nashik,20.573,73.621,530,Sahyadri_Crest,2023-10-23,0.0,30.6,19.2,24.9,68.9,IMD_AWS_NASA_POWER_Blended
MH_SAH_05,Surgana,Nashik,20.573,73.621,530,Sahyadri_Crest,2023-10-24,0.0,30.3,19.2,24.8,69.3,IMD_AWS_NASA_POWER_Blended
MH_SAH_05,Surgana,Nashik,20.573,73.621,530,Sahyadri_Crest,2023-10-25,0.0,30.4,18.0,24.2,65.7,IMD_AWS_NASA_POWER_Blended
MH_SAH_05,Surgana,Nashik,20.573,73.621,530,Sahyadri_Crest,2023-10-26,0.0,30.4,17.5,24.0,61.2,IMD_AWS_NASA_POWER_Blended
MH_SAH_05,Surgana,Nashik,20.573,73.621,530,Sahyadri_Crest,2023-10-27,0.0,30.3,17.1,23.7,60.0,IMD_AWS_NASA_POWER_Blended
MH_SAH_05,Surgana,Nashik,20.573,73.621,530,Sahyadri_Crest,2023-10-28,0.0,30.5,16.5,23.5,58.6,IMD_AWS_NASA_POWER_Blended
MH_SAH_05,Surgana,Nashik,20.573,73.621,530,Sahyadri_Crest,2023-10-29,0.0,30.1,16.5,23.3,60.8,IMD_AWS_NASA_POWER_Blended
MH_SAH_05,Surgana,Nashik,20.573,73.621,530,Sahyadri_Crest,2023-10-30,0.0,29.9,17.6,23.8,59.8,IMD_AWS_NASA_POWER_Blended
MH_SAH_05,Surgana,Nashik,20.573,73.621,530,Sahyadri_Crest,2023-10-31,0.0,29.6,16.5,23.0,59.5,IMD_AWS_NASA_POWER_Blended
MH_SAH_06,Lonavala,Pune,18.755,73.407,625,Sahyadri_Crest,2023-06-01,0.45,39.0,26.5,32.7,58.4,IMD_AWS_NASA_POWER_Blended
MH_SAH_06,Lonavala,Pune,18.755,73.407,625,Sahyadri_Crest,2023-06-02,0.99,36.8,26.8,31.8,63.4,IMD_AWS_NASA_POWER_Blended
MH_SAH_06,Lonavala,Pune,18.755,73.407,625,Sahyadri_Crest,2023-06-03,1.59,34.5,27.2,30.8,68.7,IMD_AWS_NASA_POWER_Blended
MH_SAH_06,Lonavala,Pune,18.755,73.407,625,Sahyadri_Crest,2023-06-04,3.67,34.5,27.5,31.0,70.2,IMD_AWS_NASA_POWER_Blended
MH_SAH_06,Lonavala,Pune,18.755,73.407,625,Sahyadri_Crest,2023-06-05,2.68,34.6,26.6,30.6,71.4,IMD_AWS_NASA_POWER_Blended
MH_SAH_06,Lonavala,Pune,18.755,73.407,625,Sahyadri_Crest,2023-06-06,0.2,36.2,26.8,31.5,67.2,IMD_AWS_NASA_POWER_Blended
MH_SAH_06,Lonavala,Pune,18.755,73.407,625,Sahyadri_Crest,2023-06-07,0.18,35.7,26.9,31.3,67.3,IMD_AWS_NASA_POWER_Blended
MH_SAH_06,Lonavala,Pune,18.755,73.407,625,Sahyadri_Crest,2023-06-08,0.13,36.5,27.4,31.9,66.3,IMD_AWS_NASA_POWER_Blended
MH_SAH_06,Lonavala,Pune,18.755,73.407,625,Sahyadri_Crest,2023-06-09,2.95,34.5,27.6,31.0,70.1,IMD_AWS_NASA_POWER_Blended
MH_SAH_06,Lonavala,Pune,18.755,73.407,625,Sahyadri_Crest,2023-06-10,3.67,35.6,28.0,31.8,70.1,IMD_AWS_NASA_POWER_Blended
MH_SAH_06,Lonavala,Pune,18.755,73.407,625,Sahyadri_Crest,2023-06-11,0.67,36.0,27.6,31.8,65.9,IMD_AWS_NASA_POWER_Blended
MH_SAH_06,Lonavala,Pune,18.755,73.407,625,Sahyadri_Crest,2023-06-12,6.14,35.9,27.2,31.6,65.3,IMD_AWS_NASA_POWER_Blended
MH_SAH_06,Lonavala,Pune,18.755,73.407,625,Sahyadri_Crest,2023-06-13,2.62,34.8,26.9,30.9,68.8,IMD_AWS_NASA_POWER_Blended
MH_SAH_06,Lonavala,Pune,18.755,73.407,625,Sahyadri_Crest,2023-06-14,10.22,35.2,27.2,31.2,69.5,IMD_AWS_NASA_POWER_Blended
MH_SAH_06,Lonavala,Pune,18.755,73.407,625,Sahyadri_Crest,2023-06-15,3.32,34.6,27.4,31.0,71.4,IMD_AWS_NASA_POWER_Blended
MH_SAH_06,Lonavala,Pune,18.755,73.407,625,Sahyadri_Crest,2023-06-16,2.52,34.3,27.6,30.9,73.5,IMD_AWS_NASA_POWER_Blended
MH_SAH_06,Lonavala,Pune,18.755,73.407,625,Sahyadri_Crest,2023-06-17,1.75,34.0,27.4,30.7,74.2,IMD_AWS_NASA_POWER_Blended
MH_SAH_06,Lonavala,Pune,18.755,73.407,625,Sahyadri_Crest,2023-06-18,0.6,33.9,27.1,30.5,74.4,IMD_AWS_NASA_POWER_Blended
MH_SAH_06,Lonavala,Pune,18.755,73.407,625,Sahyadri_Crest,2023-06-19,0.3,34.8,26.8,30.8,73.5,IMD_AWS_NASA_POWER_Blended
MH_SAH_06,Lonavala,Pune,18.755,73.407,625,Sahyadri_Crest,2023-06-20,0.37,34.6,26.9,30.8,73.3,IMD_AWS_NASA_POWER_Blended
MH_SAH_06,Lonavala,Pune,18.755,73.407,625,Sahyadri_Crest,2023-06-21,0.38,34.4,27.1,30.7,72.9,IMD_AWS_NASA_POWER_Blended
MH_SAH_06,Lonavala,Pune,18.755,73.407,625,Sahyadri_Crest,2023-06-22,1.49,34.4,26.9,30.7,73.0,IMD_AWS_NASA_POWER_Blended
MH_SAH_06,Lonavala,Pune,18.755,73.407,625,Sahyadri_Crest,2023-06-23,2.76,35.0,26.5,30.7,72.3,IMD_AWS_NASA_POWER_Blended
MH_SAH_06,Lonavala,Pune,18.755,73.407,625,Sahyadri_Crest,2023-06-24,55.03,30.7,26.3,28.5,84.5,IMD_AWS_NASA_POWER_Blended
MH_SAH_06,Lonavala,Pune,18.755,73.407,625,Sahyadri_Crest,2023-06-25,48.76,31.3,25.8,28.5,84.1,IMD_AWS_NASA_POWER_Blended
MH_SAH_06,Lonavala,Pune,18.755,73.407,625,Sahyadri_Crest,2023-06-26,60.95,29.6,25.4,27.5,85.0,IMD_AWS_NASA_POWER_Blended
MH_SAH_06,Lonavala,Pune,18.755,73.407,625,Sahyadri_Crest,2023-06-27,64.05,28.0,24.7,26.3,87.7,IMD_AWS_NASA_POWER_Blended
MH_SAH_06,Lonavala,Pune,18.755,73.407,625,Sahyadri_Crest,2023-06-28,55.61,29.6,25.1,27.4,87.8,IMD_AWS_NASA_POWER_Blended
MH_SAH_06,Lonavala,Pune,18.755,73.407,625,Sahyadri_Crest,2023-06-29,20.18,29.0,25.4,27.2,85.0,IMD_AWS_NASA_POWER_Blended
MH_SAH_06,Lonavala,Pune,18.755,73.407,625,Sahyadri_Crest,2023-06-30,98.85,28.5,25.2,26.8,90.9,IMD_AWS_NASA_POWER_Blended
MH_SAH_06,Lonavala,Pune,18.755,73.407,625,Sahyadri_Crest,2023-07-01,37.16,28.8,25.6,27.2,90.0,IMD_AWS_NASA_POWER_Blended
MH_SAH_06,Lonavala,Pune,18.755,73.407,625,Sahyadri_Crest,2023-07-02,26.88,29.6,26.1,27.9,88.7,IMD_AWS_NASA_POWER_Blended
MH_SAH_06,Lonavala,Pune,18.755,73.407,625,Sahyadri_Crest,2023-07-03,40.78,29.5,26.1,27.8,89.9,IMD_AWS_NASA_POWER_Blended
MH_SAH_06,Lonavala,Pune,18.755,73.407,625,Sahyadri_Crest,2023-07-04,33.35,29.2,26.0,27.6,91.9,IMD_AWS_NASA_POWER_Blended
MH_SAH_06,Lonavala,Pune,18.755,73.407,625,Sahyadri_Crest,2023-07-05,18.17,29.8,25.5,27.6,90.2,IMD_AWS_NASA_POWER_Blended
MH_SAH_06,Lonavala,Pune,18.755,73.407,625,Sahyadri_Crest,2023-07-06,41.31,28.2,25.0,26.6,91.4,IMD_AWS_NASA_POWER_Blended
MH_SAH_06,Lonavala,Pune,18.755,73.407,625,Sahyadri_Crest,2023-07-07,58.42,28.4,26.2,27.3,93.4,IMD_AWS_NASA_POWER_Blended
MH_SAH_06,Lonavala,Pune,18.755,73.407,625,Sahyadri_Crest,2023-07-08,24.86,28.9,25.8,27.4,89.7,IMD_AWS_NASA_POWER_Blended
MH_SAH_06,Lonavala,Pune,18.755,73.407,625,Sahyadri_Crest,2023-07-09,13.56,28.9,25.4,27.2,89.4,IMD_AWS_NASA_POWER_Blended
MH_SAH_06,Lonavala,Pune,18.755,73.407,625,Sahyadri_Crest,2023-07-10,6.49,29.1,25.4,27.2,88.9,IMD_AWS_NASA_POWER_Blended
MH_SAH_06,Lonavala,Pune,18.755,73.407,625,Sahyadri_Crest,2023-07-11,5.06,29.2,24.8,27.0,89.0,IMD_AWS_NASA_POWER_Blended
MH_SAH_06,Lonavala,Pune,18.755,73.407,625,Sahyadri_Crest,2023-07-12,8.38,29.2,25.4,27.3,89.6,IMD_AWS_NASA_POWER_Blended
MH_SAH_06,Lonavala,Pune,18.755,73.407,625,Sahyadri_Crest,2023-07-13,23.03,29.4,25.1,27.2,89.1,IMD_AWS_NASA_POWER_Blended
MH_SAH_06,Lonavala,Pune,18.755,73.407,625,Sahyadri_Crest,2023-07-14,30.68,29.0,25.6,27.3,90.3,IMD_AWS_NASA_POWER_Blended
MH_SAH_06,Lonavala,Pune,18.755,73.407,625,Sahyadri_Crest,2023-07-15,14.66,29.2,25.4,27.3,89.8,IMD_AWS_NASA_POWER_Blended
MH_SAH_06,Lonavala,Pune,18.755,73.407,625,Sahyadri_Crest,2023-07-16,25.31,29.0,25.6,27.3,91.6,IMD_AWS_NASA_POWER_Blended
MH_SAH_06,Lonavala,Pune,18.755,73.407,625,Sahyadri_Crest,2023-07-17,52.73,28.9,25.5,27.2,90.1,IMD_AWS_NASA_POWER_Blended
MH_SAH_06,Lonavala,Pune,18.755,73.407,625,Sahyadri_Crest,2023-07-18,129.54,28.3,25.8,27.0,92.5,IMD_AWS_NASA_POWER_Blended
MH_SAH_06,Lonavala,Pune,18.755,73.407,625,Sahyadri_Crest,2023-07-19,136.7,27.7,25.5,26.6,92.7,IMD_AWS_NASA_POWER_Blended
MH_SAH_06,Lonavala,Pune,18.755,73.407,625,Sahyadri_Crest,2023-07-20,63.91,27.8,25.0,26.4,93.0,IMD_AWS_NASA_POWER_Blended
MH_SAH_06,Lonavala,Pune,18.755,73.407,625,Sahyadri_Crest,2023-07-21,78.36,27.6,24.5,26.0,93.0,IMD_AWS_NASA_POWER_Blended
MH_SAH_06,Lonavala,Pune,18.755,73.407,625,Sahyadri_Crest,2023-07-22,60.22,26.9,25.0,26.0,94.0,IMD_AWS_NASA_POWER_Blended
MH_SAH_06,Lonavala,Pune,18.755,73.407,625,Sahyadri_Crest,2023-07-23,48.71,28.2,25.1,26.6,92.8,IMD_AWS_NASA_POWER_Blended
MH_SAH_06,Lonavala,Pune,18.755,73.407,625,Sahyadri_Crest,2023-07-24,61.74,28.3,25.4,26.9,92.2,IMD_AWS_NASA_POWER_Blended
MH_SAH_06,Lonavala,Pune,18.755,73.407,625,Sahyadri_Crest,2023-07-25,60.93,27.1,25.3,26.2,93.8,IMD_AWS_NASA_POWER_Blended
MH_SAH_06,Lonavala,Pune,18.755,73.407,625,Sahyadri_Crest,2023-07-26,112.09,27.4,25.2,26.3,93.5,IMD_AWS_NASA_POWER_Blended
MH_SAH_06,Lonavala,Pune,18.755,73.407,625,Sahyadri_Crest,2023-07-27,80.52,27.3,25.3,26.3,93.2,IMD_AWS_NASA_POWER_Blended
MH_SAH_06,Lonavala,Pune,18.755,73.407,625,Sahyadri_Crest,2023-07-28,52.54,28.0,25.1,26.6,92.0,IMD_AWS_NASA_POWER_Blended
MH_SAH_06,Lonavala,Pune,18.755,73.407,625,Sahyadri_Crest,2023-07-29,25.27,28.2,24.8,26.5,90.8,IMD_AWS_NASA_POWER_Blended
MH_SAH_06,Lonavala,Pune,18.755,73.407,625,Sahyadri_Crest,2023-07-30,18.35,28.1,25.0,26.6,91.7,IMD_AWS_NASA_POWER_Blended
MH_SAH_06,Lonavala,Pune,18.755,73.407,625,Sahyadri_Crest,2023-07-31,15.75,28.5,25.2,26.8,91.6,IMD_AWS_NASA_POWER_Blended
MH_SAH_06,Lonavala,Pune,18.755,73.407,625,Sahyadri_Crest,2023-08-01,16.14,28.1,25.2,26.7,91.6,IMD_AWS_NASA_POWER_Blended
MH_SAH_06,Lonavala,Pune,18.755,73.407,625,Sahyadri_Crest,2023-08-02,7.61,27.8,25.0,26.4,91.7,IMD_AWS_NASA_POWER_Blended
MH_SAH_06,Lonavala,Pune,18.755,73.407,625,Sahyadri_Crest,2023-08-03,5.84,27.8,24.6,26.2,90.5,IMD_AWS_NASA_POWER_Blended
MH_SAH_06,Lonavala,Pune,18.755,73.407,625,Sahyadri_Crest,2023-08-04,13.43,28.4,25.0,26.7,90.2,IMD_AWS_NASA_POWER_Blended
MH_SAH_06,Lonavala,Pune,18.755,73.407,625,Sahyadri_Crest,2023-08-05,8.19,28.2,24.6,26.4,90.2,IMD_AWS_NASA_POWER_Blended
MH_SAH_06,Lonavala,Pune,18.755,73.407,625,Sahyadri_Crest,2023-08-06,5.59,28.3,24.4,26.4,89.9,IMD_AWS_NASA_POWER_Blended
MH_SAH_06,Lonavala,Pune,18.755,73.407,625,Sahyadri_Crest,2023-08-07,3.39,27.8,24.6,26.2,89.6,IMD_AWS_NASA_POWER_Blended
MH_SAH_06,Lonavala,Pune,18.755,73.407,625,Sahyadri_Crest,2023-08-08,4.73,28.6,24.8,26.7,89.1,IMD_AWS_NASA_POWER_Blended
MH_SAH_06,Lonavala,Pune,18.755,73.407,625,Sahyadri_Crest,2023-08-09,5.86,28.2,24.6,26.4,90.4,IMD_AWS_NASA_POWER_Blended
MH_SAH_06,Lonavala,Pune,18.755,73.407,625,Sahyadri_Crest,2023-08-10,9.57,27.9,24.4,26.2,90.1,IMD_AWS_NASA_POWER_Blended
MH_SAH_06,Lonavala,Pune,18.755,73.407,625,Sahyadri_Crest,2023-08-11,4.05,29.1,24.1,26.6,87.9,IMD_AWS_NASA_POWER_Blended
MH_SAH_06,Lonavala,Pune,18.755,73.407,625,Sahyadri_Crest,2023-08-12,4.83,28.8,24.0,26.4,87.7,IMD_AWS_NASA_POWER_Blended
MH_SAH_06,Lonavala,Pune,18.755,73.407,625,Sahyadri_Crest,2023-08-13,5.99,27.9,24.4,26.1,89.2,IMD_AWS_NASA_POWER_Blended
MH_SAH_06,Lonavala,Pune,18.755,73.407,625,Sahyadri_Crest,2023-08-14,2.91,28.5,24.3,26.4,88.4,IMD_AWS_NASA_POWER_Blended
MH_SAH_06,Lonavala,Pune,18.755,73.407,625,Sahyadri_Crest,2023-08-15,2.44,28.9,24.1,26.5,87.3,IMD_AWS_NASA_POWER_Blended
MH_SAH_06,Lonavala,Pune,18.755,73.407,625,Sahyadri_Crest,2023-08-16,3.93,29.1,24.1,26.6,87.7,IMD_AWS_NASA_POWER_Blended
MH_SAH_06,Lonavala,Pune,18.755,73.407,625,Sahyadri_Crest,2023-08-17,2.77,29.4,23.8,26.6,87.8,IMD_AWS_NASA_POWER_Blended
MH_SAH_06,Lonavala,Pune,18.755,73.407,625,Sahyadri_Crest,2023-08-18,2.64,28.6,24.3,26.4,88.3,IMD_AWS_NASA_POWER_Blended
MH_SAH_06,Lonavala,Pune,18.755,73.407,625,Sahyadri_Crest,2023-08-19,6.83,29.4,24.4,26.9,88.1,IMD_AWS_NASA_POWER_Blended
MH_SAH_06,Lonavala,Pune,18.755,73.407,625,Sahyadri_Crest,2023-08-20,8.01,28.9,24.3,26.6,88.6,IMD_AWS_NASA_POWER_Blended
MH_SAH_06,Lonavala,Pune,18.755,73.407,625,Sahyadri_Crest,2023-08-21,4.27,29.1,23.7,26.4,87.6,IMD_AWS_NASA_POWER_Blended
MH_SAH_06,Lonavala,Pune,18.755,73.407,625,Sahyadri_Crest,2023-08-22,9.25,29.1,23.9,26.5,88.7,IMD_AWS_NASA_POWER_Blended
MH_SAH_06,Lonavala,Pune,18.755,73.407,625,Sahyadri_Crest,2023-08-23,6.84,28.8,24.1,26.5,89.6,IMD_AWS_NASA_POWER_Blended
MH_SAH_06,Lonavala,Pune,18.755,73.407,625,Sahyadri_Crest,2023-08-24,12.16,29.2,24.6,26.9,89.7,IMD_AWS_NASA_POWER_Blended
MH_SAH_06,Lonavala,Pune,18.755,73.407,625,Sahyadri_Crest,2023-08-25,17.75,29.6,25.0,27.3,89.6,IMD_AWS_NASA_POWER_Blended
MH_SAH_06,Lonavala,Pune,18.755,73.407,625,Sahyadri_Crest,2023-08-26,19.21,29.2,25.1,27.2,89.1,IMD_AWS_NASA_POWER_Blended
MH_SAH_06,Lonavala,Pune,18.755,73.407,625,Sahyadri_Crest,2023-08-27,18.6,29.8,24.9,27.3,88.5,IMD_AWS_NASA_POWER_Blended
MH_SAH_06,Lonavala,Pune,18.755,73.407,625,Sahyadri_Crest,2023-08-28,10.12,29.0,24.2,26.6,90.3,IMD_AWS_NASA_POWER_Blended
MH_SAH_06,Lonavala,Pune,18.755,73.407,625,Sahyadri_Crest,2023-08-29,1.43,29.8,23.7,26.7,87.3,IMD_AWS_NASA_POWER_Blended
MH_SAH_06,Lonavala,Pune,18.755,73.407,625,Sahyadri_Crest,2023-08-30,0.25,30.1,23.9,27.0,85.3,IMD_AWS_NASA_POWER_Blended
MH_SAH_06,Lonavala,Pune,18.755,73.407,625,Sahyadri_Crest,2023-08-31,0.28,30.8,23.4,27.1,86.4,IMD_AWS_NASA_POWER_Blended
MH_SAH_06,Lonavala,Pune,18.755,73.407,625,Sahyadri_Crest,2023-09-01,10.61,31.1,24.0,27.6,87.1,IMD_AWS_NASA_POWER_Blended
MH_SAH_06,Lonavala,Pune,18.755,73.407,625,Sahyadri_Crest,2023-09-02,23.17,28.1,24.3,26.2,90.5,IMD_AWS_NASA_POWER_Blended
MH_SAH_06,Lonavala,Pune,18.755,73.407,625,Sahyadri_Crest,2023-09-03,3.75,29.5,23.8,26.6,87.7,IMD_AWS_NASA_POWER_Blended
MH_SAH_06,Lonavala,Pune,18.755,73.407,625,Sahyadri_Crest,2023-09-04,1.19,29.4,23.9,26.7,87.5,IMD_AWS_NASA_POWER_Blended
MH_SAH_06,Lonavala,Pune,18.755,73.407,625,Sahyadri_Crest,2023-09-05,0.67,29.8,23.6,26.7,86.3,IMD_AWS_NASA_POWER_Blended
MH_SAH_06,Lonavala,Pune,18.755,73.407,625,Sahyadri_Crest,2023-09-06,3.23,29.3,23.5,26.4,88.9,IMD_AWS_NASA_POWER_Blended
MH_SAH_06,Lonavala,Pune,18.755,73.407,625,Sahyadri_Crest,2023-09-07,69.38,26.7,25.1,25.9,92.7,IMD_AWS_NASA_POWER_Blended
MH_SAH_06,Lonavala,Pune,18.755,73.407,625,Sahyadri_Crest,2023-09-08,66.91,27.3,25.3,26.3,92.9,IMD_AWS_NASA_POWER_Blended
MH_SAH_06,Lonavala,Pune,18.755,73.407,625,Sahyadri_Crest,2023-09-09,14.62,28.6,25.4,27.0,91.5,IMD_AWS_NASA_POWER_Blended
MH_SAH_06,Lonavala,Pune,18.755,73.407,625,Sahyadri_Crest,2023-09-10,5.8,29.4,25.5,27.5,90.7,IMD_AWS_NASA_POWER_Blended
MH_SAH_06,Lonavala,Pune,18.755,73.407,625,Sahyadri_Crest,2023-09-11,3.58,29.8,25.0,27.4,89.7,IMD_AWS_NASA_POWER_Blended
MH_SAH_06,Lonavala,Pune,18.755,73.407,625,Sahyadri_Crest,2023-09-12,1.38,29.6,24.1,26.9,88.4,IMD_AWS_NASA_POWER_Blended
MH_SAH_06,Lonavala,Pune,18.755,73.407,625,Sahyadri_Crest,2023-09-13,4.79,29.2,24.1,26.6,88.6,IMD_AWS_NASA_POWER_Blended
MH_SAH_06,Lonavala,Pune,18.755,73.407,625,Sahyadri_Crest,2023-09-14,6.99,29.4,24.0,26.7,87.4,IMD_AWS_NASA_POWER_Blended
MH_SAH_06,Lonavala,Pune,18.755,73.407,625,Sahyadri_Crest,2023-09-15,2.06,29.4,24.4,26.9,88.5,IMD_AWS_NASA_POWER_Blended
MH_SAH_06,Lonavala,Pune,18.755,73.407,625,Sahyadri_Crest,2023-09-16,7.68,28.6,25.4,27.0,91.1,IMD_AWS_NASA_POWER_Blended
MH_SAH_06,Lonavala,Pune,18.755,73.407,625,Sahyadri_Crest,2023-09-17,9.28,29.6,25.5,27.5,89.4,IMD_AWS_NASA_POWER_Blended
MH_SAH_06,Lonavala,Pune,18.755,73.407,625,Sahyadri_Crest,2023-09-18,16.68,29.8,25.4,27.6,89.1,IMD_AWS_NASA_POWER_Blended
MH_SAH_06,Lonavala,Pune,18.755,73.407,625,Sahyadri_Crest,2023-09-19,12.85,29.7,25.4,27.6,88.7,IMD_AWS_NASA_POWER_Blended
MH_SAH_06,Lonavala,Pune,18.755,73.407,625,Sahyadri_Crest,2023-09-20,18.3,29.8,25.4,27.6,90.8,IMD_AWS_NASA_POWER_Blended
MH_SAH_06,Lonavala,Pune,18.755,73.407,625,Sahyadri_Crest,2023-09-21,31.49,29.3,25.5,27.4,92.2,IMD_AWS_NASA_POWER_Blended
MH_SAH_06,Lonavala,Pune,18.755,73.407,625,Sahyadri_Crest,2023-09-22,17.51,29.1,24.9,27.0,91.1,IMD_AWS_NASA_POWER_Blended
MH_SAH_06,Lonavala,Pune,18.755,73.407,625,Sahyadri_Crest,2023-09-23,32.05,28.0,24.9,26.4,93.2,IMD_AWS_NASA_POWER_Blended
MH_SAH_06,Lonavala,Pune,18.755,73.407,625,Sahyadri_Crest,2023-09-24,13.16,28.4,24.3,26.4,91.3,IMD_AWS_NASA_POWER_Blended
MH_SAH_06,Lonavala,Pune,18.755,73.407,625,Sahyadri_Crest,2023-09-25,14.84,28.9,24.0,26.5,91.7,IMD_AWS_NASA_POWER_Blended
MH_SAH_06,Lonavala,Pune,18.755,73.407,625,Sahyadri_Crest,2023-09-26,19.45,28.3,24.5,26.4,91.7,IMD_AWS_NASA_POWER_Blended
MH_SAH_06,Lonavala,Pune,18.755,73.407,625,Sahyadri_Crest,2023-09-27,20.73,29.3,24.9,27.1,91.9,IMD_AWS_NASA_POWER_Blended
MH_SAH_06,Lonavala,Pune,18.755,73.407,625,Sahyadri_Crest,2023-09-28,17.43,30.1,24.9,27.5,90.5,IMD_AWS_NASA_POWER_Blended
MH_SAH_06,Lonavala,Pune,18.755,73.407,625,Sahyadri_Crest,2023-09-29,16.05,31.3,25.1,28.2,87.0,IMD_AWS_NASA_POWER_Blended
MH_SAH_06,Lonavala,Pune,18.755,73.407,625,Sahyadri_Crest,2023-09-30,18.01,30.4,24.7,27.5,90.2,IMD_AWS_NASA_POWER_Blended
MH_SAH_06,Lonavala,Pune,18.755,73.407,625,Sahyadri_Crest,2023-10-01,13.51,29.0,25.1,27.1,92.6,IMD_AWS_NASA_POWER_Blended
MH_SAH_06,Lonavala,Pune,18.755,73.407,625,Sahyadri_Crest,2023-10-02,10.45,29.2,24.3,26.8,88.9,IMD_AWS_NASA_POWER_Blended
MH_SAH_06,Lonavala,Pune,18.755,73.407,625,Sahyadri_Crest,2023-10-03,0.01,29.6,23.8,26.7,85.8,IMD_AWS_NASA_POWER_Blended
MH_SAH_06,Lonavala,Pune,18.755,73.407,625,Sahyadri_Crest,2023-10-04,0.0,30.3,23.6,26.9,86.6,IMD_AWS_NASA_POWER_Blended
MH_SAH_06,Lonavala,Pune,18.755,73.407,625,Sahyadri_Crest,2023-10-05,0.01,30.1,22.3,26.2,87.0,IMD_AWS_NASA_POWER_Blended
MH_SAH_06,Lonavala,Pune,18.755,73.407,625,Sahyadri_Crest,2023-10-06,0.04,30.4,23.0,26.7,85.8,IMD_AWS_NASA_POWER_Blended
MH_SAH_06,Lonavala,Pune,18.755,73.407,625,Sahyadri_Crest,2023-10-07,0.0,31.1,22.9,27.0,86.2,IMD_AWS_NASA_POWER_Blended
MH_SAH_06,Lonavala,Pune,18.755,73.407,625,Sahyadri_Crest,2023-10-08,0.0,32.4,22.8,27.6,83.1,IMD_AWS_NASA_POWER_Blended
MH_SAH_06,Lonavala,Pune,18.755,73.407,625,Sahyadri_Crest,2023-10-09,0.0,31.6,23.0,27.3,82.8,IMD_AWS_NASA_POWER_Blended
MH_SAH_06,Lonavala,Pune,18.755,73.407,625,Sahyadri_Crest,2023-10-10,0.0,31.1,21.9,26.5,83.4,IMD_AWS_NASA_POWER_Blended
MH_SAH_06,Lonavala,Pune,18.755,73.407,625,Sahyadri_Crest,2023-10-11,0.0,31.6,21.6,26.6,81.6,IMD_AWS_NASA_POWER_Blended
MH_SAH_06,Lonavala,Pune,18.755,73.407,625,Sahyadri_Crest,2023-10-12,0.0,33.3,22.8,28.0,77.7,IMD_AWS_NASA_POWER_Blended
MH_SAH_06,Lonavala,Pune,18.755,73.407,625,Sahyadri_Crest,2023-10-13,0.05,33.6,22.7,28.1,76.4,IMD_AWS_NASA_POWER_Blended
MH_SAH_06,Lonavala,Pune,18.755,73.407,625,Sahyadri_Crest,2023-10-14,0.08,33.3,22.7,28.0,72.3,IMD_AWS_NASA_POWER_Blended
MH_SAH_06,Lonavala,Pune,18.755,73.407,625,Sahyadri_Crest,2023-10-15,0.21,33.0,22.8,27.9,77.2,IMD_AWS_NASA_POWER_Blended
MH_SAH_06,Lonavala,Pune,18.755,73.407,625,Sahyadri_Crest,2023-10-16,0.4,32.7,23.4,28.1,76.6,IMD_AWS_NASA_POWER_Blended
MH_SAH_06,Lonavala,Pune,18.755,73.407,625,Sahyadri_Crest,2023-10-17,0.45,33.0,23.0,28.0,75.5,IMD_AWS_NASA_POWER_Blended
MH_SAH_06,Lonavala,Pune,18.755,73.407,625,Sahyadri_Crest,2023-10-18,0.04,32.6,22.5,27.5,77.3,IMD_AWS_NASA_POWER_Blended
MH_SAH_06,Lonavala,Pune,18.755,73.407,625,Sahyadri_Crest,2023-10-19,0.01,33.0,22.0,27.5,75.4,IMD_AWS_NASA_POWER_Blended
MH_SAH_06,Lonavala,Pune,18.755,73.407,625,Sahyadri_Crest,2023-10-20,0.02,32.6,23.0,27.8,74.3,IMD_AWS_NASA_POWER_Blended
MH_SAH_06,Lonavala,Pune,18.755,73.407,625,Sahyadri_Crest,2023-10-21,0.01,32.2,22.9,27.6,76.1,IMD_AWS_NASA_POWER_Blended
MH_SAH_06,Lonavala,Pune,18.755,73.407,625,Sahyadri_Crest,2023-10-22,0.05,32.2,23.3,27.8,77.2,IMD_AWS_NASA_POWER_Blended
MH_SAH_06,Lonavala,Pune,18.755,73.407,625,Sahyadri_Crest,2023-10-23,0.0,32.8,22.0,27.4,73.6,IMD_AWS_NASA_POWER_Blended
MH_SAH_06,Lonavala,Pune,18.755,73.407,625,Sahyadri_Crest,2023-10-24,0.0,32.4,22.3,27.3,73.6,IMD_AWS_NASA_POWER_Blended
MH_SAH_06,Lonavala,Pune,18.755,73.407,625,Sahyadri_Crest,2023-10-25,0.0,32.3,20.9,26.6,71.2,IMD_AWS_NASA_POWER_Blended
MH_SAH_06,Lonavala,Pune,18.755,73.407,625,Sahyadri_Crest,2023-10-26,0.0,31.9,19.8,25.8,65.7,IMD_AWS_NASA_POWER_Blended
MH_SAH_06,Lonavala,Pune,18.755,73.407,625,Sahyadri_Crest,2023-10-27,0.0,31.8,18.7,25.3,64.9,IMD_AWS_NASA_POWER_Blended
MH_SAH_06,Lonavala,Pune,18.755,73.407,625,Sahyadri_Crest,2023-10-28,0.0,32.3,18.8,25.5,64.7,IMD_AWS_NASA_POWER_Blended
MH_SAH_06,Lonavala,Pune,18.755,73.407,625,Sahyadri_Crest,2023-10-29,0.0,32.7,18.6,25.7,63.9,IMD_AWS_NASA_POWER_Blended
MH_SAH_06,Lonavala,Pune,18.755,73.407,625,Sahyadri_Crest,2023-10-30,0.0,32.3,19.1,25.7,65.2,IMD_AWS_NASA_POWER_Blended
MH_SAH_06,Lonavala,Pune,18.755,73.407,625,Sahyadri_Crest,2023-10-31,0.0,31.7,18.6,25.1,67.0,IMD_AWS_NASA_POWER_Blended
MH_SAH_07,Gaganbawda,Kolhapur,16.545,73.826,610,Sahyadri_Crest,2023-06-01,3.82,35.3,26.0,30.6,71.4,IMD_AWS_NASA_POWER_Blended
MH_SAH_07,Gaganbawda,Kolhapur,16.545,73.826,610,Sahyadri_Crest,2023-06-02,0.88,36.7,25.3,31.0,63.6,IMD_AWS_NASA_POWER_Blended
MH_SAH_07,Gaganbawda,Kolhapur,16.545,73.826,610,Sahyadri_Crest,2023-06-03,0.2,37.4,25.1,31.2,64.1,IMD_AWS_NASA_POWER_Blended
MH_SAH_07,Gaganbawda,Kolhapur,16.545,73.826,610,Sahyadri_Crest,2023-06-04,1.71,36.9,26.0,31.4,65.7,IMD_AWS_NASA_POWER_Blended
MH_SAH_07,Gaganbawda,Kolhapur,16.545,73.826,610,Sahyadri_Crest,2023-06-05,2.84,32.9,26.0,29.5,73.1,IMD_AWS_NASA_POWER_Blended
MH_SAH_07,Gaganbawda,Kolhapur,16.545,73.826,610,Sahyadri_Crest,2023-06-06,0.01,37.4,25.1,31.2,66.5,IMD_AWS_NASA_POWER_Blended
MH_SAH_07,Gaganbawda,Kolhapur,16.545,73.826,610,Sahyadri_Crest,2023-06-07,0.03,36.4,26.3,31.3,66.6,IMD_AWS_NASA_POWER_Blended
MH_SAH_07,Gaganbawda,Kolhapur,16.545,73.826,610,Sahyadri_Crest,2023-06-08,0.21,34.4,26.5,30.4,68.2,IMD_AWS_NASA_POWER_Blended
MH_SAH_07,Gaganbawda,Kolhapur,16.545,73.826,610,Sahyadri_Crest,2023-06-09,0.43,34.7,26.3,30.5,70.0,IMD_AWS_NASA_POWER_Blended
MH_SAH_07,Gaganbawda,Kolhapur,16.545,73.826,610,Sahyadri_Crest,2023-06-10,9.72,31.3,26.3,28.8,77.0,IMD_AWS_NASA_POWER_Blended
MH_SAH_07,Gaganbawda,Kolhapur,16.545,73.826,610,Sahyadri_Crest,2023-06-11,5.06,33.7,25.5,29.6,72.6,IMD_AWS_NASA_POWER_Blended
MH_SAH_07,Gaganbawda,Kolhapur,16.545,73.826,610,Sahyadri_Crest,2023-06-12,6.83,33.7,25.5,29.6,70.7,IMD_AWS_NASA_POWER_Blended
MH_SAH_07,Gaganbawda,Kolhapur,16.545,73.826,610,Sahyadri_Crest,2023-06-13,2.82,33.6,25.6,29.6,73.3,IMD_AWS_NASA_POWER_Blended
MH_SAH_07,Gaganbawda,Kolhapur,16.545,73.826,610,Sahyadri_Crest,2023-06-14,5.22,33.1,25.4,29.3,74.4,IMD_AWS_NASA_POWER_Blended
MH_SAH_07,Gaganbawda,Kolhapur,16.545,73.826,610,Sahyadri_Crest,2023-06-15,1.05,33.7,25.7,29.7,74.4,IMD_AWS_NASA_POWER_Blended
MH_SAH_07,Gaganbawda,Kolhapur,16.545,73.826,610,Sahyadri_Crest,2023-06-16,1.88,33.7,25.6,29.6,75.0,IMD_AWS_NASA_POWER_Blended
MH_SAH_07,Gaganbawda,Kolhapur,16.545,73.826,610,Sahyadri_Crest,2023-06-17,2.77,32.4,25.4,28.9,79.4,IMD_AWS_NASA_POWER_Blended
MH_SAH_07,Gaganbawda,Kolhapur,16.545,73.826,610,Sahyadri_Crest,2023-06-18,1.2,33.4,25.2,29.3,76.3,IMD_AWS_NASA_POWER_Blended
MH_SAH_07,Gaganbawda,Kolhapur,16.545,73.826,610,Sahyadri_Crest,2023-06-19,0.37,33.7,25.2,29.4,75.9,IMD_AWS_NASA_POWER_Blended
MH_SAH_07,Gaganbawda,Kolhapur,16.545,73.826,610,Sahyadri_Crest,2023-06-20,0.39,34.3,25.1,29.7,74.6,IMD_AWS_NASA_POWER_Blended
MH_SAH_07,Gaganbawda,Kolhapur,16.545,73.826,610,Sahyadri_Crest,2023-06-21,1.56,33.8,25.6,29.7,75.8,IMD_AWS_NASA_POWER_Blended
MH_SAH_07,Gaganbawda,Kolhapur,16.545,73.826,610,Sahyadri_Crest,2023-06-22,5.33,31.8,25.7,28.8,79.2,IMD_AWS_NASA_POWER_Blended
MH_SAH_07,Gaganbawda,Kolhapur,16.545,73.826,610,Sahyadri_Crest,2023-06-23,5.39,32.2,25.2,28.7,76.8,IMD_AWS_NASA_POWER_Blended
MH_SAH_07,Gaganbawda,Kolhapur,16.545,73.826,610,Sahyadri_Crest,2023-06-24,32.0,30.9,25.0,28.0,81.1,IMD_AWS_NASA_POWER_Blended
MH_SAH_07,Gaganbawda,Kolhapur,16.545,73.826,610,Sahyadri_Crest,2023-06-25,15.91,31.2,24.6,27.9,82.1,IMD_AWS_NASA_POWER_Blended
MH_SAH_07,Gaganbawda,Kolhapur,16.545,73.826,610,Sahyadri_Crest,2023-06-26,24.44,30.9,24.5,27.7,82.7,IMD_AWS_NASA_POWER_Blended
MH_SAH_07,Gaganbawda,Kolhapur,16.545,73.826,610,Sahyadri_Crest,2023-06-27,46.74,28.1,23.6,25.9,85.8,IMD_AWS_NASA_POWER_Blended
MH_SAH_07,Gaganbawda,Kolhapur,16.545,73.826,610,Sahyadri_Crest,2023-06-28,31.68,28.7,23.5,26.1,85.8,IMD_AWS_NASA_POWER_Blended
MH_SAH_07,Gaganbawda,Kolhapur,16.545,73.826,610,Sahyadri_Crest,2023-06-29,37.8,28.6,23.7,26.1,88.4,IMD_AWS_NASA_POWER_Blended
MH_SAH_07,Gaganbawda,Kolhapur,16.545,73.826,610,Sahyadri_Crest,2023-06-30,38.73,28.0,23.7,25.9,90.0,IMD_AWS_NASA_POWER_Blended
MH_SAH_07,Gaganbawda,Kolhapur,16.545,73.826,610,Sahyadri_Crest,2023-07-01,34.27,27.3,24.2,25.8,91.2,IMD_AWS_NASA_POWER_Blended
MH_SAH_07,Gaganbawda,Kolhapur,16.545,73.826,610,Sahyadri_Crest,2023-07-02,27.92,28.8,24.2,26.5,89.7,IMD_AWS_NASA_POWER_Blended
MH_SAH_07,Gaganbawda,Kolhapur,16.545,73.826,610,Sahyadri_Crest,2023-07-03,31.13,28.6,25.3,27.0,91.7,IMD_AWS_NASA_POWER_Blended
MH_SAH_07,Gaganbawda,Kolhapur,16.545,73.826,610,Sahyadri_Crest,2023-07-04,22.77,27.4,24.4,25.9,92.8,IMD_AWS_NASA_POWER_Blended
MH_SAH_07,Gaganbawda,Kolhapur,16.545,73.826,610,Sahyadri_Crest,2023-07-05,38.95,27.2,23.6,25.4,91.7,IMD_AWS_NASA_POWER_Blended
MH_SAH_07,Gaganbawda,Kolhapur,16.545,73.826,610,Sahyadri_Crest,2023-07-06,64.97,25.9,23.6,24.7,93.2,IMD_AWS_NASA_POWER_Blended
MH_SAH_07,Gaganbawda,Kolhapur,16.545,73.826,610,Sahyadri_Crest,2023-07-07,53.28,26.7,23.9,25.3,92.3,IMD_AWS_NASA_POWER_Blended
MH_SAH_07,Gaganbawda,Kolhapur,16.545,73.826,610,Sahyadri_Crest,2023-07-08,23.31,27.5,23.9,25.7,90.7,IMD_AWS_NASA_POWER_Blended
MH_SAH_07,Gaganbawda,Kolhapur,16.545,73.826,610,Sahyadri_Crest,2023-07-09,8.43,27.8,24.2,26.0,91.0,IMD_AWS_NASA_POWER_Blended
MH_SAH_07,Gaganbawda,Kolhapur,16.545,73.826,610,Sahyadri_Crest,2023-07-10,6.12,28.1,23.7,25.9,90.7,IMD_AWS_NASA_POWER_Blended
MH_SAH_07,Gaganbawda,Kolhapur,16.545,73.826,610,Sahyadri_Crest,2023-07-11,2.69,27.0,23.4,25.2,92.5,IMD_AWS_NASA_POWER_Blended
MH_SAH_07,Gaganbawda,Kolhapur,16.545,73.826,610,Sahyadri_Crest,2023-07-12,5.74,27.6,23.9,25.7,91.5,IMD_AWS_NASA_POWER_Blended
MH_SAH_07,Gaganbawda,Kolhapur,16.545,73.826,610,Sahyadri_Crest,2023-07-13,34.75,27.3,24.4,25.9,93.0,IMD_AWS_NASA_POWER_Blended
MH_SAH_07,Gaganbawda,Kolhapur,16.545,73.826,610,Sahyadri_Crest,2023-07-14,39.6,27.3,23.8,25.6,92.3,IMD_AWS_NASA_POWER_Blended
MH_SAH_07,Gaganbawda,Kolhapur,16.545,73.826,610,Sahyadri_Crest,2023-07-15,7.04,28.4,23.2,25.8,90.8,IMD_AWS_NASA_POWER_Blended
MH_SAH_07,Gaganbawda,Kolhapur,16.545,73.826,610,Sahyadri_Crest,2023-07-16,7.28,28.0,24.0,26.0,91.8,IMD_AWS_NASA_POWER_Blended
MH_SAH_07,Gaganbawda,Kolhapur,16.545,73.826,610,Sahyadri_Crest,2023-07-17,18.55,27.1,24.5,25.8,92.7,IMD_AWS_NASA_POWER_Blended
MH_SAH_07,Gaganbawda,Kolhapur,16.545,73.826,610,Sahyadri_Crest,2023-07-18,57.83,27.1,24.3,25.7,93.0,IMD_AWS_NASA_POWER_Blended
MH_SAH_07,Gaganbawda,Kolhapur,16.545,73.826,610,Sahyadri_Crest,2023-07-19,66.63,26.2,24.1,25.2,94.5,IMD_AWS_NASA_POWER_Blended
MH_SAH_07,Gaganbawda,Kolhapur,16.545,73.826,610,Sahyadri_Crest,2023-07-20,60.56,26.3,23.5,24.9,93.8,IMD_AWS_NASA_POWER_Blended
MH_SAH_07,Gaganbawda,Kolhapur,16.545,73.826,610,Sahyadri_Crest,2023-07-21,70.45,25.6,23.3,24.4,94.4,IMD_AWS_NASA_POWER_Blended
MH_SAH_07,Gaganbawda,Kolhapur,16.545,73.826,610,Sahyadri_Crest,2023-07-22,66.93,26.4,23.4,24.9,94.3,IMD_AWS_NASA_POWER_Blended
MH_SAH_07,Gaganbawda,Kolhapur,16.545,73.826,610,Sahyadri_Crest,2023-07-23,77.03,26.3,23.6,25.0,94.1,IMD_AWS_NASA_POWER_Blended
MH_SAH_07,Gaganbawda,Kolhapur,16.545,73.826,610,Sahyadri_Crest,2023-07-24,56.97,26.4,24.0,25.2,94.7,IMD_AWS_NASA_POWER_Blended
MH_SAH_07,Gaganbawda,Kolhapur,16.545,73.826,610,Sahyadri_Crest,2023-07-25,39.86,26.3,23.4,24.8,94.2,IMD_AWS_NASA_POWER_Blended
MH_SAH_07,Gaganbawda,Kolhapur,16.545,73.826,610,Sahyadri_Crest,2023-07-26,103.69,26.0,24.0,25.0,95.2,IMD_AWS_NASA_POWER_Blended
MH_SAH_07,Gaganbawda,Kolhapur,16.545,73.826,610,Sahyadri_Crest,2023-07-27,68.57,25.6,24.0,24.8,94.9,IMD_AWS_NASA_POWER_Blended
MH_SAH_07,Gaganbawda,Kolhapur,16.545,73.826,610,Sahyadri_Crest,2023-07-28,23.45,27.1,23.7,25.4,93.4,IMD_AWS_NASA_POWER_Blended
MH_SAH_07,Gaganbawda,Kolhapur,16.545,73.826,610,Sahyadri_Crest,2023-07-29,9.78,27.3,23.5,25.4,92.0,IMD_AWS_NASA_POWER_Blended
MH_SAH_07,Gaganbawda,Kolhapur,16.545,73.826,610,Sahyadri_Crest,2023-07-30,11.02,27.5,23.6,25.5,92.1,IMD_AWS_NASA_POWER_Blended
MH_SAH_07,Gaganbawda,Kolhapur,16.545,73.826,610,Sahyadri_Crest,2023-07-31,18.9,27.6,23.9,25.7,92.0,IMD_AWS_NASA_POWER_Blended
MH_SAH_07,Gaganbawda,Kolhapur,16.545,73.826,610,Sahyadri_Crest,2023-08-01,15.29,27.2,23.8,25.5,92.1,IMD_AWS_NASA_POWER_Blended
MH_SAH_07,Gaganbawda,Kolhapur,16.545,73.826,610,Sahyadri_Crest,2023-08-02,5.02,27.0,23.8,25.4,92.0,IMD_AWS_NASA_POWER_Blended
MH_SAH_07,Gaganbawda,Kolhapur,16.545,73.826,610,Sahyadri_Crest,2023-08-03,7.64,27.2,23.3,25.3,91.5,IMD_AWS_NASA_POWER_Blended
MH_SAH_07,Gaganbawda,Kolhapur,16.545,73.826,610,Sahyadri_Crest,2023-08-04,10.68,27.9,23.8,25.9,91.3,IMD_AWS_NASA_POWER_Blended
MH_SAH_07,Gaganbawda,Kolhapur,16.545,73.826,610,Sahyadri_Crest,2023-08-05,6.35,28.1,23.1,25.6,90.4,IMD_AWS_NASA_POWER_Blended
MH_SAH_07,Gaganbawda,Kolhapur,16.545,73.826,610,Sahyadri_Crest,2023-08-06,8.04,27.9,23.2,25.5,91.3,IMD_AWS_NASA_POWER_Blended
MH_SAH_07,Gaganbawda,Kolhapur,16.545,73.826,610,Sahyadri_Crest,2023-08-07,4.5,28.0,23.4,25.7,90.2,IMD_AWS_NASA_POWER_Blended
MH_SAH_07,Gaganbawda,Kolhapur,16.545,73.826,610,Sahyadri_Crest,2023-08-08,6.22,28.1,23.1,25.6,90.5,IMD_AWS_NASA_POWER_Blended
MH_SAH_07,Gaganbawda,Kolhapur,16.545,73.826,610,Sahyadri_Crest,2023-08-09,7.75,28.1,22.9,25.5,91.2,IMD_AWS_NASA_POWER_Blended
MH_SAH_07,Gaganbawda,Kolhapur,16.545,73.826,610,Sahyadri_Crest,2023-08-10,1.07,28.3,22.9,25.6,90.9,IMD_AWS_NASA_POWER_Blended
MH_SAH_07,Gaganbawda,Kolhapur,16.545,73.826,610,Sahyadri_Crest,2023-08-11,0.4,28.5,22.5,25.5,89.0,IMD_AWS_NASA_POWER_Blended
MH_SAH_07,Gaganbawda,Kolhapur,16.545,73.826,610,Sahyadri_Crest,2023-08-12,1.4,27.9,22.6,25.2,89.6,IMD_AWS_NASA_POWER_Blended
MH_SAH_07,Gaganbawda,Kolhapur,16.545,73.826,610,Sahyadri_Crest,2023-08-13,2.75,27.9,22.8,25.3,89.6,IMD_AWS_NASA_POWER_Blended
MH_SAH_07,Gaganbawda,Kolhapur,16.545,73.826,610,Sahyadri_Crest,2023-08-14,1.03,27.6,22.4,25.0,89.4,IMD_AWS_NASA_POWER_Blended
MH_SAH_07,Gaganbawda,Kolhapur,16.545,73.826,610,Sahyadri_Crest,2023-08-15,0.73,26.4,22.6,24.5,91.2,IMD_AWS_NASA_POWER_Blended
MH_SAH_07,Gaganbawda,Kolhapur,16.545,73.826,610,Sahyadri_Crest,2023-08-16,4.31,28.5,22.1,25.3,89.8,IMD_AWS_NASA_POWER_Blended
MH_SAH_07,Gaganbawda,Kolhapur,16.545,73.826,610,Sahyadri_Crest,2023-08-17,5.08,28.6,22.1,25.4,89.5,IMD_AWS_NASA_POWER_Blended
MH_SAH_07,Gaganbawda,Kolhapur,16.545,73.826,610,Sahyadri_Crest,2023-08-18,3.62,27.6,22.8,25.2,90.2,IMD_AWS_NASA_POWER_Blended
MH_SAH_07,Gaganbawda,Kolhapur,16.545,73.826,610,Sahyadri_Crest,2023-08-19,5.22,28.1,23.5,25.8,91.1,IMD_AWS_NASA_POWER_Blended
MH_SAH_07,Gaganbawda,Kolhapur,16.545,73.826,610,Sahyadri_Crest,2023-08-20,4.3,28.1,23.4,25.7,90.5,IMD_AWS_NASA_POWER_Blended
MH_SAH_07,Gaganbawda,Kolhapur,16.545,73.826,610,Sahyadri_Crest,2023-08-21,1.32,28.5,22.1,25.3,89.8,IMD_AWS_NASA_POWER_Blended
MH_SAH_07,Gaganbawda,Kolhapur,16.545,73.826,610,Sahyadri_Crest,2023-08-22,0.23,28.9,22.1,25.5,89.4,IMD_AWS_NASA_POWER_Blended
MH_SAH_07,Gaganbawda,Kolhapur,16.545,73.826,610,Sahyadri_Crest,2023-08-23,1.29,28.4,22.1,25.2,90.0,IMD_AWS_NASA_POWER_Blended
MH_SAH_07,Gaganbawda,Kolhapur,16.545,73.826,610,Sahyadri_Crest,2023-08-24,12.03,28.6,22.6,25.6,89.9,IMD_AWS_NASA_POWER_Blended
MH_SAH_07,Gaganbawda,Kolhapur,16.545,73.826,610,Sahyadri_Crest,2023-08-25,19.6,28.5,23.8,26.1,91.2,IMD_AWS_NASA_POWER_Blended
MH_SAH_07,Gaganbawda,Kolhapur,16.545,73.826,610,Sahyadri_Crest,2023-08-26,5.74,28.3,23.6,25.9,90.3,IMD_AWS_NASA_POWER_Blended
MH_SAH_07,Gaganbawda,Kolhapur,16.545,73.826,610,Sahyadri_Crest,2023-08-27,2.18,29.1,22.8,26.0,87.6,IMD_AWS_NASA_POWER_Blended
MH_SAH_07,Gaganbawda,Kolhapur,16.545,73.826,610,Sahyadri_Crest,2023-08-28,9.84,28.8,22.8,25.8,88.9,IMD_AWS_NASA_POWER_Blended
MH_SAH_07,Gaganbawda,Kolhapur,16.545,73.826,610,Sahyadri_Crest,2023-08-29,8.76,29.1,22.8,26.0,89.5,IMD_AWS_NASA_POWER_Blended
MH_SAH_07,Gaganbawda,Kolhapur,16.545,73.826,610,Sahyadri_Crest,2023-08-30,1.75,29.8,22.2,26.0,87.6,IMD_AWS_NASA_POWER_Blended
MH_SAH_07,Gaganbawda,Kolhapur,16.545,73.826,610,Sahyadri_Crest,2023-08-31,1.69,30.2,22.0,26.1,87.8,IMD_AWS_NASA_POWER_Blended
MH_SAH_07,Gaganbawda,Kolhapur,16.545,73.826,610,Sahyadri_Crest,2023-09-01,4.33,30.0,22.9,26.4,88.9,IMD_AWS_NASA_POWER_Blended
MH_SAH_07,Gaganbawda,Kolhapur,16.545,73.826,610,Sahyadri_Crest,2023-09-02,6.72,28.3,22.9,25.6,89.6,IMD_AWS_NASA_POWER_Blended
MH_SAH_07,Gaganbawda,Kolhapur,16.545,73.826,610,Sahyadri_Crest,2023-09-03,4.91,28.7,22.8,25.7,89.6,IMD_AWS_NASA_POWER_Blended
MH_SAH_07,Gaganbawda,Kolhapur,16.545,73.826,610,Sahyadri_Crest,2023-09-04,2.31,27.7,22.5,25.1,90.5,IMD_AWS_NASA_POWER_Blended
MH_SAH_07,Gaganbawda,Kolhapur,16.545,73.826,610,Sahyadri_Crest,2023-09-05,1.16,28.5,22.7,25.6,89.3,IMD_AWS_NASA_POWER_Blended
MH_SAH_07,Gaganbawda,Kolhapur,16.545,73.826,610,Sahyadri_Crest,2023-09-06,0.14,29.0,22.5,25.7,88.5,IMD_AWS_NASA_POWER_Blended
MH_SAH_07,Gaganbawda,Kolhapur,16.545,73.826,610,Sahyadri_Crest,2023-09-07,6.72,28.0,23.0,25.5,90.1,IMD_AWS_NASA_POWER_Blended
MH_SAH_07,Gaganbawda,Kolhapur,16.545,73.826,610,Sahyadri_Crest,2023-09-08,23.95,27.8,23.9,25.8,91.1,IMD_AWS_NASA_POWER_Blended
MH_SAH_07,Gaganbawda,Kolhapur,16.545,73.826,610,Sahyadri_Crest,2023-09-09,38.92,29.1,24.0,26.5,91.0,IMD_AWS_NASA_POWER_Blended
MH_SAH_07,Gaganbawda,Kolhapur,16.545,73.826,610,Sahyadri_Crest,2023-09-10,7.72,28.8,23.9,26.3,90.4,IMD_AWS_NASA_POWER_Blended
MH_SAH_07,Gaganbawda,Kolhapur,16.545,73.826,610,Sahyadri_Crest,2023-09-11,4.62,28.6,23.5,26.0,90.1,IMD_AWS_NASA_POWER_Blended
MH_SAH_07,Gaganbawda,Kolhapur,16.545,73.826,610,Sahyadri_Crest,2023-09-12,2.21,28.3,23.3,25.8,90.5,IMD_AWS_NASA_POWER_Blended
MH_SAH_07,Gaganbawda,Kolhapur,16.545,73.826,610,Sahyadri_Crest,2023-09-13,2.04,27.3,23.0,25.2,91.3,IMD_AWS_NASA_POWER_Blended
MH_SAH_07,Gaganbawda,Kolhapur,16.545,73.826,610,Sahyadri_Crest,2023-09-14,1.17,28.9,22.6,25.7,89.5,IMD_AWS_NASA_POWER_Blended
MH_SAH_07,Gaganbawda,Kolhapur,16.545,73.826,610,Sahyadri_Crest,2023-09-15,2.23,28.9,23.0,25.9,89.7,IMD_AWS_NASA_POWER_Blended
MH_SAH_07,Gaganbawda,Kolhapur,16.545,73.826,610,Sahyadri_Crest,2023-09-16,5.13,29.0,24.2,26.6,89.6,IMD_AWS_NASA_POWER_Blended
MH_SAH_07,Gaganbawda,Kolhapur,16.545,73.826,610,Sahyadri_Crest,2023-09-17,4.96,29.0,24.2,26.6,89.9,IMD_AWS_NASA_POWER_Blended
MH_SAH_07,Gaganbawda,Kolhapur,16.545,73.826,610,Sahyadri_Crest,2023-09-18,12.46,28.9,23.6,26.3,90.0,IMD_AWS_NASA_POWER_Blended
MH_SAH_07,Gaganbawda,Kolhapur,16.545,73.826,610,Sahyadri_Crest,2023-09-19,14.49,28.6,23.6,26.1,90.6,IMD_AWS_NASA_POWER_Blended
MH_SAH_07,Gaganbawda,Kolhapur,16.545,73.826,610,Sahyadri_Crest,2023-09-20,19.63,28.4,23.7,26.1,91.6,IMD_AWS_NASA_POWER_Blended
MH_SAH_07,Gaganbawda,Kolhapur,16.545,73.826,610,Sahyadri_Crest,2023-09-21,27.47,28.5,23.9,26.2,91.5,IMD_AWS_NASA_POWER_Blended
MH_SAH_07,Gaganbawda,Kolhapur,16.545,73.826,610,Sahyadri_Crest,2023-09-22,11.68,27.9,23.5,25.7,91.5,IMD_AWS_NASA_POWER_Blended
MH_SAH_07,Gaganbawda,Kolhapur,16.545,73.826,610,Sahyadri_Crest,2023-09-23,6.61,29.2,23.2,26.2,87.1,IMD_AWS_NASA_POWER_Blended
MH_SAH_07,Gaganbawda,Kolhapur,16.545,73.826,610,Sahyadri_Crest,2023-09-24,7.79,27.1,22.6,24.8,91.1,IMD_AWS_NASA_POWER_Blended
MH_SAH_07,Gaganbawda,Kolhapur,16.545,73.826,610,Sahyadri_Crest,2023-09-25,12.07,28.2,22.0,25.1,89.6,IMD_AWS_NASA_POWER_Blended
MH_SAH_07,Gaganbawda,Kolhapur,16.545,73.826,610,Sahyadri_Crest,2023-09-26,18.65,27.5,22.2,24.9,91.3,IMD_AWS_NASA_POWER_Blended
MH_SAH_07,Gaganbawda,Kolhapur,16.545,73.826,610,Sahyadri_Crest,2023-09-27,20.81,25.4,23.3,24.4,95.4,IMD_AWS_NASA_POWER_Blended
MH_SAH_07,Gaganbawda,Kolhapur,16.545,73.826,610,Sahyadri_Crest,2023-09-28,19.9,28.1,24.3,26.2,93.4,IMD_AWS_NASA_POWER_Blended
MH_SAH_07,Gaganbawda,Kolhapur,16.545,73.826,610,Sahyadri_Crest,2023-09-29,39.62,28.5,23.2,25.9,93.2,IMD_AWS_NASA_POWER_Blended
MH_SAH_07,Gaganbawda,Kolhapur,16.545,73.826,610,Sahyadri_Crest,2023-09-30,41.43,26.6,22.4,24.5,94.1,IMD_AWS_NASA_POWER_Blended
MH_SAH_07,Gaganbawda,Kolhapur,16.545,73.826,610,Sahyadri_Crest,2023-10-01,50.08,26.2,23.5,24.9,95.4,IMD_AWS_NASA_POWER_Blended
MH_SAH_07,Gaganbawda,Kolhapur,16.545,73.826,610,Sahyadri_Crest,2023-10-02,2.75,27.5,22.9,25.2,91.1,IMD_AWS_NASA_POWER_Blended
MH_SAH_07,Gaganbawda,Kolhapur,16.545,73.826,610,Sahyadri_Crest,2023-10-03,0.07,28.1,22.7,25.4,90.2,IMD_AWS_NASA_POWER_Blended
MH_SAH_07,Gaganbawda,Kolhapur,16.545,73.826,610,Sahyadri_Crest,2023-10-04,4.73,29.4,22.1,25.8,90.2,IMD_AWS_NASA_POWER_Blended
MH_SAH_07,Gaganbawda,Kolhapur,16.545,73.826,610,Sahyadri_Crest,2023-10-05,1.48,29.6,22.6,26.1,89.1,IMD_AWS_NASA_POWER_Blended
MH_SAH_07,Gaganbawda,Kolhapur,16.545,73.826,610,Sahyadri_Crest,2023-10-06,0.08,29.8,22.3,26.0,88.1,IMD_AWS_NASA_POWER_Blended
MH_SAH_07,Gaganbawda,Kolhapur,16.545,73.826,610,Sahyadri_Crest,2023-10-07,0.03,30.9,21.8,26.3,87.6,IMD_AWS_NASA_POWER_Blended
MH_SAH_07,Gaganbawda,Kolhapur,16.545,73.826,610,Sahyadri_Crest,2023-10-08,0.02,31.7,21.8,26.7,85.2,IMD_AWS_NASA_POWER_Blended
MH_SAH_07,Gaganbawda,Kolhapur,16.545,73.826,610,Sahyadri_Crest,2023-10-09,0.03,31.3,21.9,26.6,85.4,IMD_AWS_NASA_POWER_Blended
MH_SAH_07,Gaganbawda,Kolhapur,16.545,73.826,610,Sahyadri_Crest,2023-10-10,0.01,31.5,22.3,26.9,86.1,IMD_AWS_NASA_POWER_Blended
MH_SAH_07,Gaganbawda,Kolhapur,16.545,73.826,610,Sahyadri_Crest,2023-10-11,0.0,31.7,22.1,26.9,84.0,IMD_AWS_NASA_POWER_Blended
MH_SAH_07,Gaganbawda,Kolhapur,16.545,73.826,610,Sahyadri_Crest,2023-10-12,0.01,32.2,22.3,27.2,82.3,IMD_AWS_NASA_POWER_Blended
MH_SAH_07,Gaganbawda,Kolhapur,16.545,73.826,610,Sahyadri_Crest,2023-10-13,0.79,32.8,22.2,27.5,79.7,IMD_AWS_NASA_POWER_Blended
MH_SAH_07,Gaganbawda,Kolhapur,16.545,73.826,610,Sahyadri_Crest,2023-10-14,0.11,31.1,20.6,25.8,81.4,IMD_AWS_NASA_POWER_Blended
MH_SAH_07,Gaganbawda,Kolhapur,16.545,73.826,610,Sahyadri_Crest,2023-10-15,0.18,31.2,22.0,26.6,81.4,IMD_AWS_NASA_POWER_Blended
MH_SAH_07,Gaganbawda,Kolhapur,16.545,73.826,610,Sahyadri_Crest,2023-10-16,0.79,30.4,23.2,26.8,81.2,IMD_AWS_NASA_POWER_Blended
MH_SAH_07,Gaganbawda,Kolhapur,16.545,73.826,610,Sahyadri_Crest,2023-10-17,0.34,31.4,22.1,26.7,82.2,IMD_AWS_NASA_POWER_Blended
MH_SAH_07,Gaganbawda,Kolhapur,16.545,73.826,610,Sahyadri_Crest,2023-10-18,0.09,32.0,21.9,26.9,81.2,IMD_AWS_NASA_POWER_Blended
MH_SAH_07,Gaganbawda,Kolhapur,16.545,73.826,610,Sahyadri_Crest,2023-10-19,0.02,31.7,21.1,26.4,79.3,IMD_AWS_NASA_POWER_Blended
MH_SAH_07,Gaganbawda,Kolhapur,16.545,73.826,610,Sahyadri_Crest,2023-10-20,0.03,32.1,21.1,26.6,79.3,IMD_AWS_NASA_POWER_Blended
MH_SAH_07,Gaganbawda,Kolhapur,16.545,73.826,610,Sahyadri_Crest,2023-10-21,0.01,31.8,20.9,26.4,80.3,IMD_AWS_NASA_POWER_Blended
MH_SAH_07,Gaganbawda,Kolhapur,16.545,73.826,610,Sahyadri_Crest,2023-10-22,0.02,31.2,21.4,26.3,80.6,IMD_AWS_NASA_POWER_Blended
MH_SAH_07,Gaganbawda,Kolhapur,16.545,73.826,610,Sahyadri_Crest,2023-10-23,0.0,31.6,19.8,25.7,76.6,IMD_AWS_NASA_POWER_Blended
MH_SAH_07,Gaganbawda,Kolhapur,16.545,73.826,610,Sahyadri_Crest,2023-10-24,0.0,31.1,19.7,25.4,77.6,IMD_AWS_NASA_POWER_Blended
MH_SAH_07,Gaganbawda,Kolhapur,16.545,73.826,610,Sahyadri_Crest,2023-10-25,0.0,31.5,19.9,25.7,75.1,IMD_AWS_NASA_POWER_Blended
MH_SAH_07,Gaganbawda,Kolhapur,16.545,73.826,610,Sahyadri_Crest,2023-10-26,0.0,30.9,18.5,24.7,72.6,IMD_AWS_NASA_POWER_Blended
MH_SAH_07,Gaganbawda,Kolhapur,16.545,73.826,610,Sahyadri_Crest,2023-10-27,0.0,31.5,17.4,24.4,68.4,IMD_AWS_NASA_POWER_Blended
MH_SAH_07,Gaganbawda,Kolhapur,16.545,73.826,610,Sahyadri_Crest,2023-10-28,0.0,31.4,16.8,24.1,72.8,IMD_AWS_NASA_POWER_Blended
MH_SAH_07,Gaganbawda,Kolhapur,16.545,73.826,610,Sahyadri_Crest,2023-10-29,0.0,31.8,18.1,25.0,73.9,IMD_AWS_NASA_POWER_Blended
MH_SAH_07,Gaganbawda,Kolhapur,16.545,73.826,610,Sahyadri_Crest,2023-10-30,0.56,31.0,19.2,25.1,78.1,IMD_AWS_NASA_POWER_Blended
MH_SAH_07,Gaganbawda,Kolhapur,16.545,73.826,610,Sahyadri_Crest,2023-10-31,1.96,30.1,21.2,25.6,82.4,IMD_AWS_NASA_POWER_Blended
MH_SAH_08,Bhimashankar,Pune,19.072,73.535,1050,Sahyadri_Crest,2023-06-01,0.2,38.7,22.8,30.7,48.6,IMD_AWS_NASA_POWER_Blended
MH_SAH_08,Bhimashankar,Pune,19.072,73.535,1050,Sahyadri_Crest,2023-06-02,1.86,35.8,23.2,29.5,59.5,IMD_AWS_NASA_POWER_Blended
MH_SAH_08,Bhimashankar,Pune,19.072,73.535,1050,Sahyadri_Crest,2023-06-03,0.05,33.4,23.3,28.4,67.0,IMD_AWS_NASA_POWER_Blended
MH_SAH_08,Bhimashankar,Pune,19.072,73.535,1050,Sahyadri_Crest,2023-06-04,3.37,33.4,24.0,28.7,69.5,IMD_AWS_NASA_POWER_Blended
MH_SAH_08,Bhimashankar,Pune,19.072,73.535,1050,Sahyadri_Crest,2023-06-05,3.73,33.0,23.5,28.2,69.6,IMD_AWS_NASA_POWER_Blended
MH_SAH_08,Bhimashankar,Pune,19.072,73.535,1050,Sahyadri_Crest,2023-06-06,0.02,35.8,23.1,29.5,65.5,IMD_AWS_NASA_POWER_Blended
MH_SAH_08,Bhimashankar,Pune,19.072,73.535,1050,Sahyadri_Crest,2023-06-07,0.03,35.5,23.4,29.4,63.6,IMD_AWS_NASA_POWER_Blended
MH_SAH_08,Bhimashankar,Pune,19.072,73.535,1050,Sahyadri_Crest,2023-06-08,0.9,35.8,23.9,29.9,63.9,IMD_AWS_NASA_POWER_Blended
MH_SAH_08,Bhimashankar,Pune,19.072,73.535,1050,Sahyadri_Crest,2023-06-09,2.29,34.6,24.3,29.4,68.6,IMD_AWS_NASA_POWER_Blended
MH_SAH_08,Bhimashankar,Pune,19.072,73.535,1050,Sahyadri_Crest,2023-06-10,2.12,33.5,24.8,29.2,69.5,IMD_AWS_NASA_POWER_Blended
MH_SAH_08,Bhimashankar,Pune,19.072,73.535,1050,Sahyadri_Crest,2023-06-11,0.21,34.4,24.3,29.4,63.5,IMD_AWS_NASA_POWER_Blended
MH_SAH_08,Bhimashankar,Pune,19.072,73.535,1050,Sahyadri_Crest,2023-06-12,2.0,34.6,23.8,29.2,63.0,IMD_AWS_NASA_POWER_Blended
MH_SAH_08,Bhimashankar,Pune,19.072,73.535,1050,Sahyadri_Crest,2023-06-13,1.73,33.9,23.3,28.6,67.0,IMD_AWS_NASA_POWER_Blended
MH_SAH_08,Bhimashankar,Pune,19.072,73.535,1050,Sahyadri_Crest,2023-06-14,6.14,33.0,23.3,28.2,71.3,IMD_AWS_NASA_POWER_Blended
MH_SAH_08,Bhimashankar,Pune,19.072,73.535,1050,Sahyadri_Crest,2023-06-15,1.55,33.2,23.3,28.2,73.0,IMD_AWS_NASA_POWER_Blended
MH_SAH_08,Bhimashankar,Pune,19.072,73.535,1050,Sahyadri_Crest,2023-06-16,1.49,33.1,23.9,28.5,73.9,IMD_AWS_NASA_POWER_Blended
MH_SAH_08,Bhimashankar,Pune,19.072,73.535,1050,Sahyadri_Crest,2023-06-17,1.1,32.6,24.1,28.3,75.7,IMD_AWS_NASA_POWER_Blended
MH_SAH_08,Bhimashankar,Pune,19.072,73.535,1050,Sahyadri_Crest,2023-06-18,0.17,32.9,23.8,28.3,73.9,IMD_AWS_NASA_POWER_Blended
MH_SAH_08,Bhimashankar,Pune,19.072,73.535,1050,Sahyadri_Crest,2023-06-19,0.02,33.5,23.8,28.6,72.4,IMD_AWS_NASA_POWER_Blended
MH_SAH_08,Bhimashankar,Pune,19.072,73.535,1050,Sahyadri_Crest,2023-06-20,0.01,33.8,23.9,28.8,71.8,IMD_AWS_NASA_POWER_Blended
MH_SAH_08,Bhimashankar,Pune,19.072,73.535,1050,Sahyadri_Crest,2023-06-21,0.01,32.7,24.0,28.3,71.1,IMD_AWS_NASA_POWER_Blended
MH_SAH_08,Bhimashankar,Pune,19.072,73.535,1050,Sahyadri_Crest,2023-06-22,0.21,33.5,23.9,28.7,68.8,IMD_AWS_NASA_POWER_Blended
MH_SAH_08,Bhimashankar,Pune,19.072,73.535,1050,Sahyadri_Crest,2023-06-23,1.42,34.2,23.5,28.9,69.4,IMD_AWS_NASA_POWER_Blended
MH_SAH_08,Bhimashankar,Pune,19.072,73.535,1050,Sahyadri_Crest,2023-06-24,36.31,29.4,23.1,26.3,81.9,IMD_AWS_NASA_POWER_Blended
MH_SAH_08,Bhimashankar,Pune,19.072,73.535,1050,Sahyadri_Crest,2023-06-25,36.24,28.2,22.5,25.3,83.3,IMD_AWS_NASA_POWER_Blended
MH_SAH_08,Bhimashankar,Pune,19.072,73.535,1050,Sahyadri_Crest,2023-06-26,41.56,26.1,21.7,23.9,86.5,IMD_AWS_NASA_POWER_Blended
MH_SAH_08,Bhimashankar,Pune,19.072,73.535,1050,Sahyadri_Crest,2023-06-27,38.23,24.9,21.0,23.0,88.7,IMD_AWS_NASA_POWER_Blended
MH_SAH_08,Bhimashankar,Pune,19.072,73.535,1050,Sahyadri_Crest,2023-06-28,41.19,27.2,21.6,24.4,89.2,IMD_AWS_NASA_POWER_Blended
MH_SAH_08,Bhimashankar,Pune,19.072,73.535,1050,Sahyadri_Crest,2023-06-29,17.74,26.4,21.8,24.1,85.8,IMD_AWS_NASA_POWER_Blended
MH_SAH_08,Bhimashankar,Pune,19.072,73.535,1050,Sahyadri_Crest,2023-06-30,68.06,25.9,21.8,23.8,91.3,IMD_AWS_NASA_POWER_Blended
MH_SAH_08,Bhimashankar,Pune,19.072,73.535,1050,Sahyadri_Crest,2023-07-01,30.87,27.0,22.6,24.8,89.4,IMD_AWS_NASA_POWER_Blended
MH_SAH_08,Bhimashankar,Pune,19.072,73.535,1050,Sahyadri_Crest,2023-07-02,22.23,28.4,23.3,25.9,88.5,IMD_AWS_NASA_POWER_Blended
MH_SAH_08,Bhimashankar,Pune,19.072,73.535,1050,Sahyadri_Crest,2023-07-03,22.48,28.4,23.5,25.9,88.9,IMD_AWS_NASA_POWER_Blended
MH_SAH_08,Bhimashankar,Pune,19.072,73.535,1050,Sahyadri_Crest,2023-07-04,18.73,27.8,23.2,25.5,90.7,IMD_AWS_NASA_POWER_Blended
MH_SAH_08,Bhimashankar,Pune,19.072,73.535,1050,Sahyadri_Crest,2023-07-05,12.51,28.4,22.3,25.4,89.8,IMD_AWS_NASA_POWER_Blended
MH_SAH_08,Bhimashankar,Pune,19.072,73.535,1050,Sahyadri_Crest,2023-07-06,28.54,26.1,21.8,23.9,91.2,IMD_AWS_NASA_POWER_Blended
MH_SAH_08,Bhimashankar,Pune,19.072,73.535,1050,Sahyadri_Crest,2023-07-07,36.55,27.1,23.6,25.4,92.6,IMD_AWS_NASA_POWER_Blended
MH_SAH_08,Bhimashankar,Pune,19.072,73.535,1050,Sahyadri_Crest,2023-07-08,16.36,27.2,22.8,25.0,89.0,IMD_AWS_NASA_POWER_Blended
MH_SAH_08,Bhimashankar,Pune,19.072,73.535,1050,Sahyadri_Crest,2023-07-09,11.52,27.1,22.5,24.8,90.3,IMD_AWS_NASA_POWER_Blended
MH_SAH_08,Bhimashankar,Pune,19.072,73.535,1050,Sahyadri_Crest,2023-07-10,6.01,27.6,22.4,25.0,89.0,IMD_AWS_NASA_POWER_Blended
MH_SAH_08,Bhimashankar,Pune,19.072,73.535,1050,Sahyadri_Crest,2023-07-11,4.86,27.8,22.1,24.9,88.4,IMD_AWS_NASA_POWER_Blended
MH_SAH_08,Bhimashankar,Pune,19.072,73.535,1050,Sahyadri_Crest,2023-07-12,6.16,27.0,22.3,24.6,89.3,IMD_AWS_NASA_POWER_Blended
MH_SAH_08,Bhimashankar,Pune,19.072,73.535,1050,Sahyadri_Crest,2023-07-13,15.85,26.1,21.8,23.9,88.8,IMD_AWS_NASA_POWER_Blended
MH_SAH_08,Bhimashankar,Pune,19.072,73.535,1050,Sahyadri_Crest,2023-07-14,18.43,26.9,22.4,24.6,89.2,IMD_AWS_NASA_POWER_Blended
MH_SAH_08,Bhimashankar,Pune,19.072,73.535,1050,Sahyadri_Crest,2023-07-15,10.06,27.4,22.5,24.9,89.5,IMD_AWS_NASA_POWER_Blended
MH_SAH_08,Bhimashankar,Pune,19.072,73.535,1050,Sahyadri_Crest,2023-07-16,14.94,26.6,23.1,24.8,92.2,IMD_AWS_NASA_POWER_Blended
MH_SAH_08,Bhimashankar,Pune,19.072,73.535,1050,Sahyadri_Crest,2023-07-17,31.2,26.7,22.9,24.8,90.0,IMD_AWS_NASA_POWER_Blended
MH_SAH_08,Bhimashankar,Pune,19.072,73.535,1050,Sahyadri_Crest,2023-07-18,77.59,26.3,23.1,24.7,93.0,IMD_AWS_NASA_POWER_Blended
MH_SAH_08,Bhimashankar,Pune,19.072,73.535,1050,Sahyadri_Crest,2023-07-19,98.76,25.8,22.7,24.3,93.7,IMD_AWS_NASA_POWER_Blended
MH_SAH_08,Bhimashankar,Pune,19.072,73.535,1050,Sahyadri_Crest,2023-07-20,47.32,25.5,21.6,23.5,94.6,IMD_AWS_NASA_POWER_Blended
MH_SAH_08,Bhimashankar,Pune,19.072,73.535,1050,Sahyadri_Crest,2023-07-21,44.96,24.8,21.2,23.0,94.4,IMD_AWS_NASA_POWER_Blended
MH_SAH_08,Bhimashankar,Pune,19.072,73.535,1050,Sahyadri_Crest,2023-07-22,38.45,24.9,22.2,23.6,95.3,IMD_AWS_NASA_POWER_Blended
MH_SAH_08,Bhimashankar,Pune,19.072,73.535,1050,Sahyadri_Crest,2023-07-23,35.92,26.1,22.2,24.1,93.5,IMD_AWS_NASA_POWER_Blended
MH_SAH_08,Bhimashankar,Pune,19.072,73.535,1050,Sahyadri_Crest,2023-07-24,44.34,26.7,22.8,24.8,92.8,IMD_AWS_NASA_POWER_Blended
MH_SAH_08,Bhimashankar,Pune,19.072,73.535,1050,Sahyadri_Crest,2023-07-25,47.72,24.8,22.7,23.8,95.1,IMD_AWS_NASA_POWER_Blended
MH_SAH_08,Bhimashankar,Pune,19.072,73.535,1050,Sahyadri_Crest,2023-07-26,60.14,25.1,22.4,23.8,95.2,IMD_AWS_NASA_POWER_Blended
MH_SAH_08,Bhimashankar,Pune,19.072,73.535,1050,Sahyadri_Crest,2023-07-27,63.25,24.6,22.6,23.6,95.5,IMD_AWS_NASA_POWER_Blended
MH_SAH_08,Bhimashankar,Pune,19.072,73.535,1050,Sahyadri_Crest,2023-07-28,38.56,25.8,22.2,24.0,94.0,IMD_AWS_NASA_POWER_Blended
MH_SAH_08,Bhimashankar,Pune,19.072,73.535,1050,Sahyadri_Crest,2023-07-29,17.37,26.1,21.9,24.0,92.7,IMD_AWS_NASA_POWER_Blended
MH_SAH_08,Bhimashankar,Pune,19.072,73.535,1050,Sahyadri_Crest,2023-07-30,12.59,26.3,22.4,24.4,92.8,IMD_AWS_NASA_POWER_Blended
MH_SAH_08,Bhimashankar,Pune,19.072,73.535,1050,Sahyadri_Crest,2023-07-31,11.52,26.5,22.6,24.6,92.8,IMD_AWS_NASA_POWER_Blended
MH_SAH_08,Bhimashankar,Pune,19.072,73.535,1050,Sahyadri_Crest,2023-08-01,10.82,26.6,22.6,24.6,92.7,IMD_AWS_NASA_POWER_Blended
MH_SAH_08,Bhimashankar,Pune,19.072,73.535,1050,Sahyadri_Crest,2023-08-02,5.14,25.2,21.9,23.6,93.8,IMD_AWS_NASA_POWER_Blended
MH_SAH_08,Bhimashankar,Pune,19.072,73.535,1050,Sahyadri_Crest,2023-08-03,4.36,25.8,21.8,23.8,92.5,IMD_AWS_NASA_POWER_Blended
MH_SAH_08,Bhimashankar,Pune,19.072,73.535,1050,Sahyadri_Crest,2023-08-04,10.49,26.8,21.9,24.4,91.5,IMD_AWS_NASA_POWER_Blended
MH_SAH_08,Bhimashankar,Pune,19.072,73.535,1050,Sahyadri_Crest,2023-08-05,6.69,25.8,21.7,23.8,92.2,IMD_AWS_NASA_POWER_Blended
MH_SAH_08,Bhimashankar,Pune,19.072,73.535,1050,Sahyadri_Crest,2023-08-06,4.04,26.8,21.8,24.3,90.8,IMD_AWS_NASA_POWER_Blended
MH_SAH_08,Bhimashankar,Pune,19.072,73.535,1050,Sahyadri_Crest,2023-08-07,2.27,26.1,21.7,23.9,91.3,IMD_AWS_NASA_POWER_Blended
MH_SAH_08,Bhimashankar,Pune,19.072,73.535,1050,Sahyadri_Crest,2023-08-08,2.85,26.4,21.9,24.1,90.8,IMD_AWS_NASA_POWER_Blended
MH_SAH_08,Bhimashankar,Pune,19.072,73.535,1050,Sahyadri_Crest,2023-08-09,3.38,26.0,21.9,23.9,92.0,IMD_AWS_NASA_POWER_Blended
MH_SAH_08,Bhimashankar,Pune,19.072,73.535,1050,Sahyadri_Crest,2023-08-10,5.23,27.1,21.5,24.3,90.7,IMD_AWS_NASA_POWER_Blended
MH_SAH_08,Bhimashankar,Pune,19.072,73.535,1050,Sahyadri_Crest,2023-08-11,3.81,27.7,20.9,24.3,89.9,IMD_AWS_NASA_POWER_Blended
MH_SAH_08,Bhimashankar,Pune,19.072,73.535,1050,Sahyadri_Crest,2023-08-12,4.19,27.0,21.1,24.0,90.0,IMD_AWS_NASA_POWER_Blended
MH_SAH_08,Bhimashankar,Pune,19.072,73.535,1050,Sahyadri_Crest,2023-08-13,3.73,25.4,21.3,23.4,91.8,IMD_AWS_NASA_POWER_Blended
MH_SAH_08,Bhimashankar,Pune,19.072,73.535,1050,Sahyadri_Crest,2023-08-14,2.03,26.2,21.4,23.8,90.2,IMD_AWS_NASA_POWER_Blended
MH_SAH_08,Bhimashankar,Pune,19.072,73.535,1050,Sahyadri_Crest,2023-08-15,2.86,27.0,21.0,24.0,89.1,IMD_AWS_NASA_POWER_Blended
MH_SAH_08,Bhimashankar,Pune,19.072,73.535,1050,Sahyadri_Crest,2023-08-16,3.17,27.5,21.1,24.3,89.5,IMD_AWS_NASA_POWER_Blended
MH_SAH_08,Bhimashankar,Pune,19.072,73.535,1050,Sahyadri_Crest,2023-08-17,2.34,27.5,20.9,24.2,89.5,IMD_AWS_NASA_POWER_Blended
MH_SAH_08,Bhimashankar,Pune,19.072,73.535,1050,Sahyadri_Crest,2023-08-18,1.69,26.5,21.4,24.0,90.7,IMD_AWS_NASA_POWER_Blended
MH_SAH_08,Bhimashankar,Pune,19.072,73.535,1050,Sahyadri_Crest,2023-08-19,5.36,27.5,21.5,24.5,89.9,IMD_AWS_NASA_POWER_Blended
MH_SAH_08,Bhimashankar,Pune,19.072,73.535,1050,Sahyadri_Crest,2023-08-20,5.47,26.6,21.4,24.0,90.3,IMD_AWS_NASA_POWER_Blended
MH_SAH_08,Bhimashankar,Pune,19.072,73.535,1050,Sahyadri_Crest,2023-08-21,3.21,27.3,20.5,23.9,89.3,IMD_AWS_NASA_POWER_Blended
MH_SAH_08,Bhimashankar,Pune,19.072,73.535,1050,Sahyadri_Crest,2023-08-22,7.26,27.3,20.6,24.0,90.0,IMD_AWS_NASA_POWER_Blended
MH_SAH_08,Bhimashankar,Pune,19.072,73.535,1050,Sahyadri_Crest,2023-08-23,4.67,26.8,21.2,24.0,90.4,IMD_AWS_NASA_POWER_Blended
MH_SAH_08,Bhimashankar,Pune,19.072,73.535,1050,Sahyadri_Crest,2023-08-24,8.31,27.1,21.6,24.3,90.1,IMD_AWS_NASA_POWER_Blended
MH_SAH_08,Bhimashankar,Pune,19.072,73.535,1050,Sahyadri_Crest,2023-08-25,13.65,28.0,21.8,24.9,90.6,IMD_AWS_NASA_POWER_Blended
MH_SAH_08,Bhimashankar,Pune,19.072,73.535,1050,Sahyadri_Crest,2023-08-26,13.87,27.5,22.2,24.8,90.3,IMD_AWS_NASA_POWER_Blended
MH_SAH_08,Bhimashankar,Pune,19.072,73.535,1050,Sahyadri_Crest,2023-08-27,12.01,28.2,21.9,25.1,88.9,IMD_AWS_NASA_POWER_Blended
MH_SAH_08,Bhimashankar,Pune,19.072,73.535,1050,Sahyadri_Crest,2023-08-28,5.76,27.1,21.4,24.3,90.6,IMD_AWS_NASA_POWER_Blended
MH_SAH_08,Bhimashankar,Pune,19.072,73.535,1050,Sahyadri_Crest,2023-08-29,0.92,27.8,20.7,24.3,89.1,IMD_AWS_NASA_POWER_Blended
MH_SAH_08,Bhimashankar,Pune,19.072,73.535,1050,Sahyadri_Crest,2023-08-30,0.08,28.2,20.4,24.3,87.6,IMD_AWS_NASA_POWER_Blended
MH_SAH_08,Bhimashankar,Pune,19.072,73.535,1050,Sahyadri_Crest,2023-08-31,0.35,29.4,20.8,25.1,86.0,IMD_AWS_NASA_POWER_Blended
MH_SAH_08,Bhimashankar,Pune,19.072,73.535,1050,Sahyadri_Crest,2023-09-01,12.89,30.1,21.3,25.7,86.1,IMD_AWS_NASA_POWER_Blended
MH_SAH_08,Bhimashankar,Pune,19.072,73.535,1050,Sahyadri_Crest,2023-09-02,18.29,27.9,21.8,24.8,90.7,IMD_AWS_NASA_POWER_Blended
MH_SAH_08,Bhimashankar,Pune,19.072,73.535,1050,Sahyadri_Crest,2023-09-03,3.16,27.8,21.4,24.6,89.8,IMD_AWS_NASA_POWER_Blended
MH_SAH_08,Bhimashankar,Pune,19.072,73.535,1050,Sahyadri_Crest,2023-09-04,1.25,27.6,21.0,24.3,89.3,IMD_AWS_NASA_POWER_Blended
MH_SAH_08,Bhimashankar,Pune,19.072,73.535,1050,Sahyadri_Crest,2023-09-05,0.28,28.1,19.8,23.9,88.5,IMD_AWS_NASA_POWER_Blended
MH_SAH_08,Bhimashankar,Pune,19.072,73.535,1050,Sahyadri_Crest,2023-09-06,2.88,28.2,20.7,24.5,90.1,IMD_AWS_NASA_POWER_Blended
MH_SAH_08,Bhimashankar,Pune,19.072,73.535,1050,Sahyadri_Crest,2023-09-07,37.84,24.4,22.1,23.3,94.7,IMD_AWS_NASA_POWER_Blended
MH_SAH_08,Bhimashankar,Pune,19.072,73.535,1050,Sahyadri_Crest,2023-09-08,57.87,24.5,22.6,23.6,95.7,IMD_AWS_NASA_POWER_Blended
MH_SAH_08,Bhimashankar,Pune,19.072,73.535,1050,Sahyadri_Crest,2023-09-09,13.12,26.8,23.0,24.9,92.9,IMD_AWS_NASA_POWER_Blended
MH_SAH_08,Bhimashankar,Pune,19.072,73.535,1050,Sahyadri_Crest,2023-09-10,3.42,27.2,22.7,24.9,91.3,IMD_AWS_NASA_POWER_Blended
MH_SAH_08,Bhimashankar,Pune,19.072,73.535,1050,Sahyadri_Crest,2023-09-11,1.99,28.2,22.0,25.1,90.3,IMD_AWS_NASA_POWER_Blended
MH_SAH_08,Bhimashankar,Pune,19.072,73.535,1050,Sahyadri_Crest,2023-09-12,0.56,27.4,21.0,24.2,90.4,IMD_AWS_NASA_POWER_Blended
MH_SAH_08,Bhimashankar,Pune,19.072,73.535,1050,Sahyadri_Crest,2023-09-13,2.75,26.9,21.0,23.9,90.8,IMD_AWS_NASA_POWER_Blended
MH_SAH_08,Bhimashankar,Pune,19.072,73.535,1050,Sahyadri_Crest,2023-09-14,4.71,26.7,20.8,23.7,90.2,IMD_AWS_NASA_POWER_Blended
MH_SAH_08,Bhimashankar,Pune,19.072,73.535,1050,Sahyadri_Crest,2023-09-15,2.14,26.3,20.7,23.5,91.7,IMD_AWS_NASA_POWER_Blended
MH_SAH_08,Bhimashankar,Pune,19.072,73.535,1050,Sahyadri_Crest,2023-09-16,5.74,25.7,22.3,24.0,92.7,IMD_AWS_NASA_POWER_Blended
MH_SAH_08,Bhimashankar,Pune,19.072,73.535,1050,Sahyadri_Crest,2023-09-17,7.04,27.6,22.3,24.9,90.6,IMD_AWS_NASA_POWER_Blended
MH_SAH_08,Bhimashankar,Pune,19.072,73.535,1050,Sahyadri_Crest,2023-09-18,13.57,28.1,22.2,25.1,90.3,IMD_AWS_NASA_POWER_Blended
MH_SAH_08,Bhimashankar,Pune,19.072,73.535,1050,Sahyadri_Crest,2023-09-19,9.74,27.6,22.1,24.9,90.8,IMD_AWS_NASA_POWER_Blended
MH_SAH_08,Bhimashankar,Pune,19.072,73.535,1050,Sahyadri_Crest,2023-09-20,11.93,28.7,21.9,25.3,91.2,IMD_AWS_NASA_POWER_Blended
MH_SAH_08,Bhimashankar,Pune,19.072,73.535,1050,Sahyadri_Crest,2023-09-21,23.27,27.6,22.8,25.2,93.4,IMD_AWS_NASA_POWER_Blended
MH_SAH_08,Bhimashankar,Pune,19.072,73.535,1050,Sahyadri_Crest,2023-09-22,19.06,27.4,22.0,24.7,92.0,IMD_AWS_NASA_POWER_Blended
MH_SAH_08,Bhimashankar,Pune,19.072,73.535,1050,Sahyadri_Crest,2023-09-23,29.33,26.4,22.2,24.3,93.8,IMD_AWS_NASA_POWER_Blended
MH_SAH_08,Bhimashankar,Pune,19.072,73.535,1050,Sahyadri_Crest,2023-09-24,8.51,26.4,21.4,23.9,91.8,IMD_AWS_NASA_POWER_Blended
MH_SAH_08,Bhimashankar,Pune,19.072,73.535,1050,Sahyadri_Crest,2023-09-25,9.72,27.6,20.3,23.9,91.3,IMD_AWS_NASA_POWER_Blended
MH_SAH_08,Bhimashankar,Pune,19.072,73.535,1050,Sahyadri_Crest,2023-09-26,25.6,27.6,21.9,24.7,91.7,IMD_AWS_NASA_POWER_Blended
MH_SAH_08,Bhimashankar,Pune,19.072,73.535,1050,Sahyadri_Crest,2023-09-27,20.11,27.8,22.2,25.0,90.7,IMD_AWS_NASA_POWER_Blended
MH_SAH_08,Bhimashankar,Pune,19.072,73.535,1050,Sahyadri_Crest,2023-09-28,14.08,28.2,22.3,25.3,89.3,IMD_AWS_NASA_POWER_Blended
MH_SAH_08,Bhimashankar,Pune,19.072,73.535,1050,Sahyadri_Crest,2023-09-29,13.19,28.2,21.8,25.0,89.1,IMD_AWS_NASA_POWER_Blended
MH_SAH_08,Bhimashankar,Pune,19.072,73.535,1050,Sahyadri_Crest,2023-09-30,15.01,28.6,21.9,25.3,88.3,IMD_AWS_NASA_POWER_Blended
MH_SAH_08,Bhimashankar,Pune,19.072,73.535,1050,Sahyadri_Crest,2023-10-01,10.28,28.0,21.4,24.7,90.1,IMD_AWS_NASA_POWER_Blended
MH_SAH_08,Bhimashankar,Pune,19.072,73.535,1050,Sahyadri_Crest,2023-10-02,7.3,25.5,21.1,23.3,91.9,IMD_AWS_NASA_POWER_Blended
MH_SAH_08,Bhimashankar,Pune,19.072,73.535,1050,Sahyadri_Crest,2023-10-03,0.08,28.1,20.3,24.2,87.9,IMD_AWS_NASA_POWER_Blended
MH_SAH_08,Bhimashankar,Pune,19.072,73.535,1050,Sahyadri_Crest,2023-10-04,0.0,28.3,20.6,24.4,87.3,IMD_AWS_NASA_POWER_Blended
MH_SAH_08,Bhimashankar,Pune,19.072,73.535,1050,Sahyadri_Crest,2023-10-05,0.0,28.0,19.2,23.6,85.7,IMD_AWS_NASA_POWER_Blended
MH_SAH_08,Bhimashankar,Pune,19.072,73.535,1050,Sahyadri_Crest,2023-10-06,0.0,28.9,19.7,24.3,85.4,IMD_AWS_NASA_POWER_Blended
MH_SAH_08,Bhimashankar,Pune,19.072,73.535,1050,Sahyadri_Crest,2023-10-07,0.0,29.9,20.2,25.1,83.7,IMD_AWS_NASA_POWER_Blended
MH_SAH_08,Bhimashankar,Pune,19.072,73.535,1050,Sahyadri_Crest,2023-10-08,0.0,30.4,19.2,24.8,81.3,IMD_AWS_NASA_POWER_Blended
MH_SAH_08,Bhimashankar,Pune,19.072,73.535,1050,Sahyadri_Crest,2023-10-09,0.0,30.0,19.2,24.6,81.4,IMD_AWS_NASA_POWER_Blended
MH_SAH_08,Bhimashankar,Pune,19.072,73.535,1050,Sahyadri_Crest,2023-10-10,0.0,29.3,19.2,24.3,80.5,IMD_AWS_NASA_POWER_Blended
MH_SAH_08,Bhimashankar,Pune,19.072,73.535,1050,Sahyadri_Crest,2023-10-11,0.0,29.6,19.1,24.4,82.9,IMD_AWS_NASA_POWER_Blended
MH_SAH_08,Bhimashankar,Pune,19.072,73.535,1050,Sahyadri_Crest,2023-10-12,0.0,30.2,19.3,24.7,78.5,IMD_AWS_NASA_POWER_Blended
MH_SAH_08,Bhimashankar,Pune,19.072,73.535,1050,Sahyadri_Crest,2023-10-13,0.0,30.3,19.4,24.9,75.8,IMD_AWS_NASA_POWER_Blended
MH_SAH_08,Bhimashankar,Pune,19.072,73.535,1050,Sahyadri_Crest,2023-10-14,0.0,30.1,19.1,24.6,73.5,IMD_AWS_NASA_POWER_Blended
MH_SAH_08,Bhimashankar,Pune,19.072,73.535,1050,Sahyadri_Crest,2023-10-15,0.01,29.7,19.3,24.5,78.1,IMD_AWS_NASA_POWER_Blended
MH_SAH_08,Bhimashankar,Pune,19.072,73.535,1050,Sahyadri_Crest,2023-10-16,0.0,29.3,19.8,24.5,77.7,IMD_AWS_NASA_POWER_Blended
MH_SAH_08,Bhimashankar,Pune,19.072,73.535,1050,Sahyadri_Crest,2023-10-17,1.17,29.6,19.7,24.6,77.8,IMD_AWS_NASA_POWER_Blended
MH_SAH_08,Bhimashankar,Pune,19.072,73.535,1050,Sahyadri_Crest,2023-10-18,0.15,29.4,19.3,24.4,79.8,IMD_AWS_NASA_POWER_Blended
MH_SAH_08,Bhimashankar,Pune,19.072,73.535,1050,Sahyadri_Crest,2023-10-19,0.08,29.5,19.1,24.3,75.3,IMD_AWS_NASA_POWER_Blended
MH_SAH_08,Bhimashankar,Pune,19.072,73.535,1050,Sahyadri_Crest,2023-10-20,0.1,29.1,19.7,24.4,77.9,IMD_AWS_NASA_POWER_Blended
MH_SAH_08,Bhimashankar,Pune,19.072,73.535,1050,Sahyadri_Crest,2023-10-21,0.0,29.2,19.6,24.4,80.0,IMD_AWS_NASA_POWER_Blended
MH_SAH_08,Bhimashankar,Pune,19.072,73.535,1050,Sahyadri_Crest,2023-10-22,0.0,29.2,19.2,24.2,78.5,IMD_AWS_NASA_POWER_Blended
MH_SAH_08,Bhimashankar,Pune,19.072,73.535,1050,Sahyadri_Crest,2023-10-23,0.0,29.2,18.0,23.6,75.5,IMD_AWS_NASA_POWER_Blended
MH_SAH_08,Bhimashankar,Pune,19.072,73.535,1050,Sahyadri_Crest,2023-10-24,0.0,28.9,18.5,23.7,76.8,IMD_AWS_NASA_POWER_Blended
MH_SAH_08,Bhimashankar,Pune,19.072,73.535,1050,Sahyadri_Crest,2023-10-25,0.0,28.8,17.4,23.1,72.9,IMD_AWS_NASA_POWER_Blended
MH_SAH_08,Bhimashankar,Pune,19.072,73.535,1050,Sahyadri_Crest,2023-10-26,0.0,27.9,16.5,22.2,68.6,IMD_AWS_NASA_POWER_Blended
MH_SAH_08,Bhimashankar,Pune,19.072,73.535,1050,Sahyadri_Crest,2023-10-27,0.0,27.8,15.1,21.5,66.7,IMD_AWS_NASA_POWER_Blended
MH_SAH_08,Bhimashankar,Pune,19.072,73.535,1050,Sahyadri_Crest,2023-10-28,0.0,28.5,15.4,21.9,68.5,IMD_AWS_NASA_POWER_Blended
MH_SAH_08,Bhimashankar,Pune,19.072,73.535,1050,Sahyadri_Crest,2023-10-29,0.0,29.1,14.9,22.0,67.7,IMD_AWS_NASA_POWER_Blended
MH_SAH_08,Bhimashankar,Pune,19.072,73.535,1050,Sahyadri_Crest,2023-10-30,0.0,28.3,15.6,21.9,68.5,IMD_AWS_NASA_POWER_Blended
MH_SAH_08,Bhimashankar,Pune,19.072,73.535,1050,Sahyadri_Crest,2023-10-31,0.0,28.0,15.1,21.5,70.7,IMD_AWS_NASA_POWER_Blended
MH_DEC_01,Nashik_City,Nashik,19.997,73.789,565,Deccan_Plateau,2023-06-01,0.0,39.2,22.7,30.9,46.7,IMD_AWS_NASA_POWER_Blended
MH_DEC_01,Nashik_City,Nashik,19.997,73.789,565,Deccan_Plateau,2023-06-02,0.2,35.5,23.1,29.3,59.4,IMD_AWS_NASA_POWER_Blended
MH_DEC_01,Nashik_City,Nashik,19.997,73.789,565,Deccan_Plateau,2023-06-03,0.06,33.4,23.6,28.5,67.2,IMD_AWS_NASA_POWER_Blended
MH_DEC_01,Nashik_City,Nashik,19.997,73.789,565,Deccan_Plateau,2023-06-04,1.46,33.9,24.2,29.1,64.6,IMD_AWS_NASA_POWER_Blended
MH_DEC_01,Nashik_City,Nashik,19.997,73.789,565,Deccan_Plateau,2023-06-05,1.89,34.7,23.4,29.0,65.3,IMD_AWS_NASA_POWER_Blended
MH_DEC_01,Nashik_City,Nashik,19.997,73.789,565,Deccan_Plateau,2023-06-06,0.03,36.7,23.7,30.2,62.0,IMD_AWS_NASA_POWER_Blended
MH_DEC_01,Nashik_City,Nashik,19.997,73.789,565,Deccan_Plateau,2023-06-07,0.07,36.7,23.2,29.9,61.5,IMD_AWS_NASA_POWER_Blended
MH_DEC_01,Nashik_City,Nashik,19.997,73.789,565,Deccan_Plateau,2023-06-08,0.07,36.4,23.8,30.1,62.6,IMD_AWS_NASA_POWER_Blended
MH_DEC_01,Nashik_City,Nashik,19.997,73.789,565,Deccan_Plateau,2023-06-09,0.36,36.1,24.5,30.3,64.9,IMD_AWS_NASA_POWER_Blended
MH_DEC_01,Nashik_City,Nashik,19.997,73.789,565,Deccan_Plateau,2023-06-10,1.33,33.4,24.8,29.1,68.9,IMD_AWS_NASA_POWER_Blended
MH_DEC_01,Nashik_City,Nashik,19.997,73.789,565,Deccan_Plateau,2023-06-11,0.6,35.7,24.2,30.0,60.5,IMD_AWS_NASA_POWER_Blended
MH_DEC_01,Nashik_City,Nashik,19.997,73.789,565,Deccan_Plateau,2023-06-12,0.73,36.0,23.8,29.9,59.1,IMD_AWS_NASA_POWER_Blended
MH_DEC_01,Nashik_City,Nashik,19.997,73.789,565,Deccan_Plateau,2023-06-13,2.26,34.7,23.5,29.1,64.4,IMD_AWS_NASA_POWER_Blended
MH_DEC_01,Nashik_City,Nashik,19.997,73.789,565,Deccan_Plateau,2023-06-14,5.11,33.9,23.5,28.7,68.6,IMD_AWS_NASA_POWER_Blended
MH_DEC_01,Nashik_City,Nashik,19.997,73.789,565,Deccan_Plateau,2023-06-15,0.88,33.7,23.5,28.6,71.4,IMD_AWS_NASA_POWER_Blended
MH_DEC_01,Nashik_City,Nashik,19.997,73.789,565,Deccan_Plateau,2023-06-16,1.26,33.1,24.0,28.6,73.9,IMD_AWS_NASA_POWER_Blended
MH_DEC_01,Nashik_City,Nashik,19.997,73.789,565,Deccan_Plateau,2023-06-17,0.76,32.8,24.0,28.4,74.9,IMD_AWS_NASA_POWER_Blended
MH_DEC_01,Nashik_City,Nashik,19.997,73.789,565,Deccan_Plateau,2023-06-18,0.05,33.6,23.8,28.7,73.0,IMD_AWS_NASA_POWER_Blended
MH_DEC_01,Nashik_City,Nashik,19.997,73.789,565,Deccan_Plateau,2023-06-19,0.01,34.0,23.7,28.9,71.6,IMD_AWS_NASA_POWER_Blended
MH_DEC_01,Nashik_City,Nashik,19.997,73.789,565,Deccan_Plateau,2023-06-20,0.01,34.3,23.9,29.1,71.2,IMD_AWS_NASA_POWER_Blended
MH_DEC_01,Nashik_City,Nashik,19.997,73.789,565,Deccan_Plateau,2023-06-21,0.0,34.3,23.7,29.0,69.0,IMD_AWS_NASA_POWER_Blended
MH_DEC_01,Nashik_City,Nashik,19.997,73.789,565,Deccan_Plateau,2023-06-22,0.27,34.0,23.9,28.9,69.0,IMD_AWS_NASA_POWER_Blended
MH_DEC_01,Nashik_City,Nashik,19.997,73.789,565,Deccan_Plateau,2023-06-23,1.17,33.9,23.7,28.8,69.4,IMD_AWS_NASA_POWER_Blended
MH_DEC_01,Nashik_City,Nashik,19.997,73.789,565,Deccan_Plateau,2023-06-24,19.21,30.3,23.5,26.9,80.0,IMD_AWS_NASA_POWER_Blended
MH_DEC_01,Nashik_City,Nashik,19.997,73.789,565,Deccan_Plateau,2023-06-25,21.82,29.3,22.5,25.9,77.3,IMD_AWS_NASA_POWER_Blended
MH_DEC_01,Nashik_City,Nashik,19.997,73.789,565,Deccan_Plateau,2023-06-26,26.47,26.0,21.5,23.8,82.5,IMD_AWS_NASA_POWER_Blended
MH_DEC_01,Nashik_City,Nashik,19.997,73.789,565,Deccan_Plateau,2023-06-27,34.88,26.1,21.0,23.5,85.6,IMD_AWS_NASA_POWER_Blended
MH_DEC_01,Nashik_City,Nashik,19.997,73.789,565,Deccan_Plateau,2023-06-28,57.39,26.8,21.1,24.0,89.0,IMD_AWS_NASA_POWER_Blended
MH_DEC_01,Nashik_City,Nashik,19.997,73.789,565,Deccan_Plateau,2023-06-29,30.49,24.8,21.9,23.3,89.6,IMD_AWS_NASA_POWER_Blended
MH_DEC_01,Nashik_City,Nashik,19.997,73.789,565,Deccan_Plateau,2023-06-30,58.54,25.5,21.7,23.6,91.0,IMD_AWS_NASA_POWER_Blended
MH_DEC_01,Nashik_City,Nashik,19.997,73.789,565,Deccan_Plateau,2023-07-01,43.14,27.4,22.7,25.0,90.3,IMD_AWS_NASA_POWER_Blended
MH_DEC_01,Nashik_City,Nashik,19.997,73.789,565,Deccan_Plateau,2023-07-02,27.73,28.4,23.4,25.9,89.1,IMD_AWS_NASA_POWER_Blended
MH_DEC_01,Nashik_City,Nashik,19.997,73.789,565,Deccan_Plateau,2023-07-03,10.93,29.3,23.0,26.2,88.0,IMD_AWS_NASA_POWER_Blended
MH_DEC_01,Nashik_City,Nashik,19.997,73.789,565,Deccan_Plateau,2023-07-04,11.61,29.2,23.3,26.2,90.1,IMD_AWS_NASA_POWER_Blended
MH_DEC_01,Nashik_City,Nashik,19.997,73.789,565,Deccan_Plateau,2023-07-05,10.77,28.4,23.0,25.7,89.9,IMD_AWS_NASA_POWER_Blended
MH_DEC_01,Nashik_City,Nashik,19.997,73.789,565,Deccan_Plateau,2023-07-06,21.32,26.5,21.6,24.0,90.3,IMD_AWS_NASA_POWER_Blended
MH_DEC_01,Nashik_City,Nashik,19.997,73.789,565,Deccan_Plateau,2023-07-07,22.19,26.6,23.2,24.9,94.0,IMD_AWS_NASA_POWER_Blended
MH_DEC_01,Nashik_City,Nashik,19.997,73.789,565,Deccan_Plateau,2023-07-08,14.2,26.8,22.9,24.9,92.6,IMD_AWS_NASA_POWER_Blended
MH_DEC_01,Nashik_City,Nashik,19.997,73.789,565,Deccan_Plateau,2023-07-09,14.56,27.2,22.6,24.9,91.2,IMD_AWS_NASA_POWER_Blended
MH_DEC_01,Nashik_City,Nashik,19.997,73.789,565,Deccan_Plateau,2023-07-10,11.19,26.9,22.6,24.8,91.3,IMD_AWS_NASA_POWER_Blended
MH_DEC_01,Nashik_City,Nashik,19.997,73.789,565,Deccan_Plateau,2023-07-11,12.51,27.3,22.3,24.8,90.5,IMD_AWS_NASA_POWER_Blended
MH_DEC_01,Nashik_City,Nashik,19.997,73.789,565,Deccan_Plateau,2023-07-12,10.49,26.7,22.8,24.8,89.2,IMD_AWS_NASA_POWER_Blended
MH_DEC_01,Nashik_City,Nashik,19.997,73.789,565,Deccan_Plateau,2023-07-13,14.78,27.4,22.5,24.9,89.1,IMD_AWS_NASA_POWER_Blended
MH_DEC_01,Nashik_City,Nashik,19.997,73.789,565,Deccan_Plateau,2023-07-14,17.05,26.9,22.4,24.6,89.7,IMD_AWS_NASA_POWER_Blended
MH_DEC_01,Nashik_City,Nashik,19.997,73.789,565,Deccan_Plateau,2023-07-15,14.74,27.2,22.2,24.7,90.8,IMD_AWS_NASA_POWER_Blended
MH_DEC_01,Nashik_City,Nashik,19.997,73.789,565,Deccan_Plateau,2023-07-16,11.51,27.1,23.1,25.1,91.8,IMD_AWS_NASA_POWER_Blended
MH_DEC_01,Nashik_City,Nashik,19.997,73.789,565,Deccan_Plateau,2023-07-17,12.81,27.4,22.8,25.1,89.9,IMD_AWS_NASA_POWER_Blended
MH_DEC_01,Nashik_City,Nashik,19.997,73.789,565,Deccan_Plateau,2023-07-18,53.15,25.4,23.1,24.3,94.3,IMD_AWS_NASA_POWER_Blended
MH_DEC_01,Nashik_City,Nashik,19.997,73.789,565,Deccan_Plateau,2023-07-19,63.72,26.5,23.3,24.9,93.9,IMD_AWS_NASA_POWER_Blended
MH_DEC_01,Nashik_City,Nashik,19.997,73.789,565,Deccan_Plateau,2023-07-20,44.27,26.8,22.8,24.8,94.1,IMD_AWS_NASA_POWER_Blended
MH_DEC_01,Nashik_City,Nashik,19.997,73.789,565,Deccan_Plateau,2023-07-21,24.33,25.6,22.6,24.1,94.4,IMD_AWS_NASA_POWER_Blended
MH_DEC_01,Nashik_City,Nashik,19.997,73.789,565,Deccan_Plateau,2023-07-22,29.37,25.3,22.6,24.0,95.4,IMD_AWS_NASA_POWER_Blended
MH_DEC_01,Nashik_City,Nashik,19.997,73.789,565,Deccan_Plateau,2023-07-23,25.85,27.1,22.8,24.9,93.6,IMD_AWS_NASA_POWER_Blended
MH_DEC_01,Nashik_City,Nashik,19.997,73.789,565,Deccan_Plateau,2023-07-24,29.11,27.0,22.9,25.0,92.2,IMD_AWS_NASA_POWER_Blended
MH_DEC_01,Nashik_City,Nashik,19.997,73.789,565,Deccan_Plateau,2023-07-25,42.09,26.2,22.7,24.4,93.7,IMD_AWS_NASA_POWER_Blended
MH_DEC_01,Nashik_City,Nashik,19.997,73.789,565,Deccan_Plateau,2023-07-26,25.46,26.1,22.4,24.3,94.5,IMD_AWS_NASA_POWER_Blended
MH_DEC_01,Nashik_City,Nashik,19.997,73.789,565,Deccan_Plateau,2023-07-27,45.12,25.9,22.7,24.3,94.2,IMD_AWS_NASA_POWER_Blended
MH_DEC_01,Nashik_City,Nashik,19.997,73.789,565,Deccan_Plateau,2023-07-28,37.03,26.0,22.6,24.3,94.0,IMD_AWS_NASA_POWER_Blended
MH_DEC_01,Nashik_City,Nashik,19.997,73.789,565,Deccan_Plateau,2023-07-29,10.0,26.4,22.0,24.2,92.5,IMD_AWS_NASA_POWER_Blended
MH_DEC_01,Nashik_City,Nashik,19.997,73.789,565,Deccan_Plateau,2023-07-30,7.48,26.5,22.4,24.4,92.6,IMD_AWS_NASA_POWER_Blended
MH_DEC_01,Nashik_City,Nashik,19.997,73.789,565,Deccan_Plateau,2023-07-31,8.5,27.1,22.4,24.8,91.8,IMD_AWS_NASA_POWER_Blended
MH_DEC_01,Nashik_City,Nashik,19.997,73.789,565,Deccan_Plateau,2023-08-01,6.4,27.0,22.6,24.8,91.7,IMD_AWS_NASA_POWER_Blended
MH_DEC_01,Nashik_City,Nashik,19.997,73.789,565,Deccan_Plateau,2023-08-02,3.51,26.2,22.2,24.2,92.8,IMD_AWS_NASA_POWER_Blended
MH_DEC_01,Nashik_City,Nashik,19.997,73.789,565,Deccan_Plateau,2023-08-03,2.27,25.6,22.0,23.8,92.8,IMD_AWS_NASA_POWER_Blended
MH_DEC_01,Nashik_City,Nashik,19.997,73.789,565,Deccan_Plateau,2023-08-04,4.02,27.1,22.1,24.6,91.0,IMD_AWS_NASA_POWER_Blended
MH_DEC_01,Nashik_City,Nashik,19.997,73.789,565,Deccan_Plateau,2023-08-05,5.47,26.4,22.0,24.2,91.3,IMD_AWS_NASA_POWER_Blended
MH_DEC_01,Nashik_City,Nashik,19.997,73.789,565,Deccan_Plateau,2023-08-06,3.68,27.3,21.8,24.6,90.1,IMD_AWS_NASA_POWER_Blended
MH_DEC_01,Nashik_City,Nashik,19.997,73.789,565,Deccan_Plateau,2023-08-07,1.13,26.2,21.7,24.0,90.8,IMD_AWS_NASA_POWER_Blended
MH_DEC_01,Nashik_City,Nashik,19.997,73.789,565,Deccan_Plateau,2023-08-08,1.55,26.4,21.9,24.1,91.3,IMD_AWS_NASA_POWER_Blended
MH_DEC_01,Nashik_City,Nashik,19.997,73.789,565,Deccan_Plateau,2023-08-09,1.25,26.9,21.9,24.4,90.6,IMD_AWS_NASA_POWER_Blended
MH_DEC_01,Nashik_City,Nashik,19.997,73.789,565,Deccan_Plateau,2023-08-10,2.92,27.2,21.6,24.4,90.5,IMD_AWS_NASA_POWER_Blended
MH_DEC_01,Nashik_City,Nashik,19.997,73.789,565,Deccan_Plateau,2023-08-11,3.81,27.7,21.4,24.5,89.1,IMD_AWS_NASA_POWER_Blended
MH_DEC_01,Nashik_City,Nashik,19.997,73.789,565,Deccan_Plateau,2023-08-12,4.52,27.3,21.5,24.4,88.9,IMD_AWS_NASA_POWER_Blended
MH_DEC_01,Nashik_City,Nashik,19.997,73.789,565,Deccan_Plateau,2023-08-13,2.3,26.8,21.4,24.1,89.9,IMD_AWS_NASA_POWER_Blended
MH_DEC_01,Nashik_City,Nashik,19.997,73.789,565,Deccan_Plateau,2023-08-14,2.39,26.3,21.4,23.8,89.4,IMD_AWS_NASA_POWER_Blended
MH_DEC_01,Nashik_City,Nashik,19.997,73.789,565,Deccan_Plateau,2023-08-15,2.38,27.3,21.2,24.2,88.5,IMD_AWS_NASA_POWER_Blended
MH_DEC_01,Nashik_City,Nashik,19.997,73.789,565,Deccan_Plateau,2023-08-16,1.63,27.4,21.3,24.3,89.1,IMD_AWS_NASA_POWER_Blended
MH_DEC_01,Nashik_City,Nashik,19.997,73.789,565,Deccan_Plateau,2023-08-17,0.79,27.7,21.1,24.4,88.0,IMD_AWS_NASA_POWER_Blended
MH_DEC_01,Nashik_City,Nashik,19.997,73.789,565,Deccan_Plateau,2023-08-18,0.68,27.7,21.2,24.4,88.3,IMD_AWS_NASA_POWER_Blended
MH_DEC_01,Nashik_City,Nashik,19.997,73.789,565,Deccan_Plateau,2023-08-19,2.67,27.7,21.4,24.6,88.5,IMD_AWS_NASA_POWER_Blended
MH_DEC_01,Nashik_City,Nashik,19.997,73.789,565,Deccan_Plateau,2023-08-20,2.88,26.8,21.7,24.3,88.7,IMD_AWS_NASA_POWER_Blended
MH_DEC_01,Nashik_City,Nashik,19.997,73.789,565,Deccan_Plateau,2023-08-21,1.58,27.6,20.8,24.2,87.8,IMD_AWS_NASA_POWER_Blended
MH_DEC_01,Nashik_City,Nashik,19.997,73.789,565,Deccan_Plateau,2023-08-22,4.31,28.1,21.3,24.7,88.5,IMD_AWS_NASA_POWER_Blended
MH_DEC_01,Nashik_City,Nashik,19.997,73.789,565,Deccan_Plateau,2023-08-23,3.8,28.2,21.5,24.9,88.0,IMD_AWS_NASA_POWER_Blended
MH_DEC_01,Nashik_City,Nashik,19.997,73.789,565,Deccan_Plateau,2023-08-24,5.04,27.5,22.2,24.9,88.7,IMD_AWS_NASA_POWER_Blended
MH_DEC_01,Nashik_City,Nashik,19.997,73.789,565,Deccan_Plateau,2023-08-25,6.98,28.6,22.1,25.4,89.3,IMD_AWS_NASA_POWER_Blended
MH_DEC_01,Nashik_City,Nashik,19.997,73.789,565,Deccan_Plateau,2023-08-26,8.12,28.4,22.1,25.3,88.3,IMD_AWS_NASA_POWER_Blended
MH_DEC_01,Nashik_City,Nashik,19.997,73.789,565,Deccan_Plateau,2023-08-27,4.86,28.7,21.9,25.3,87.3,IMD_AWS_NASA_POWER_Blended
MH_DEC_01,Nashik_City,Nashik,19.997,73.789,565,Deccan_Plateau,2023-08-28,1.35,27.9,21.6,24.8,88.5,IMD_AWS_NASA_POWER_Blended
MH_DEC_01,Nashik_City,Nashik,19.997,73.789,565,Deccan_Plateau,2023-08-29,0.23,28.5,21.2,24.9,87.0,IMD_AWS_NASA_POWER_Blended
MH_DEC_01,Nashik_City,Nashik,19.997,73.789,565,Deccan_Plateau,2023-08-30,0.01,29.0,20.5,24.7,86.2,IMD_AWS_NASA_POWER_Blended
MH_DEC_01,Nashik_City,Nashik,19.997,73.789,565,Deccan_Plateau,2023-08-31,0.22,29.9,20.4,25.1,84.0,IMD_AWS_NASA_POWER_Blended
MH_DEC_01,Nashik_City,Nashik,19.997,73.789,565,Deccan_Plateau,2023-09-01,2.5,30.6,20.8,25.7,83.6,IMD_AWS_NASA_POWER_Blended
MH_DEC_01,Nashik_City,Nashik,19.997,73.789,565,Deccan_Plateau,2023-09-02,7.81,29.6,21.2,25.4,87.1,IMD_AWS_NASA_POWER_Blended
MH_DEC_01,Nashik_City,Nashik,19.997,73.789,565,Deccan_Plateau,2023-09-03,1.02,29.1,21.3,25.2,87.8,IMD_AWS_NASA_POWER_Blended
MH_DEC_01,Nashik_City,Nashik,19.997,73.789,565,Deccan_Plateau,2023-09-04,0.12,28.7,20.6,24.6,86.4,IMD_AWS_NASA_POWER_Blended
MH_DEC_01,Nashik_City,Nashik,19.997,73.789,565,Deccan_Plateau,2023-09-05,0.05,28.8,20.3,24.6,86.4,IMD_AWS_NASA_POWER_Blended
MH_DEC_01,Nashik_City,Nashik,19.997,73.789,565,Deccan_Plateau,2023-09-06,1.75,28.7,20.6,24.7,88.0,IMD_AWS_NASA_POWER_Blended
MH_DEC_01,Nashik_City,Nashik,19.997,73.789,565,Deccan_Plateau,2023-09-07,22.29,26.1,22.7,24.4,93.2,IMD_AWS_NASA_POWER_Blended
MH_DEC_01,Nashik_City,Nashik,19.997,73.789,565,Deccan_Plateau,2023-09-08,61.9,25.0,23.3,24.2,94.8,IMD_AWS_NASA_POWER_Blended
MH_DEC_01,Nashik_City,Nashik,19.997,73.789,565,Deccan_Plateau,2023-09-09,18.91,25.2,22.8,24.0,93.1,IMD_AWS_NASA_POWER_Blended
MH_DEC_01,Nashik_City,Nashik,19.997,73.789,565,Deccan_Plateau,2023-09-10,1.5,27.4,22.8,25.1,90.3,IMD_AWS_NASA_POWER_Blended
MH_DEC_01,Nashik_City,Nashik,19.997,73.789,565,Deccan_Plateau,2023-09-11,0.28,27.9,22.4,25.1,89.3,IMD_AWS_NASA_POWER_Blended
MH_DEC_01,Nashik_City,Nashik,19.997,73.789,565,Deccan_Plateau,2023-09-12,0.06,28.1,21.7,24.9,87.9,IMD_AWS_NASA_POWER_Blended
MH_DEC_01,Nashik_City,Nashik,19.997,73.789,565,Deccan_Plateau,2023-09-13,1.02,27.5,21.4,24.4,89.2,IMD_AWS_NASA_POWER_Blended
MH_DEC_01,Nashik_City,Nashik,19.997,73.789,565,Deccan_Plateau,2023-09-14,2.16,26.3,21.5,23.9,89.8,IMD_AWS_NASA_POWER_Blended
MH_DEC_01,Nashik_City,Nashik,19.997,73.789,565,Deccan_Plateau,2023-09-15,2.3,25.9,21.3,23.6,91.2,IMD_AWS_NASA_POWER_Blended
MH_DEC_01,Nashik_City,Nashik,19.997,73.789,565,Deccan_Plateau,2023-09-16,6.27,24.6,21.5,23.1,92.4,IMD_AWS_NASA_POWER_Blended
MH_DEC_01,Nashik_City,Nashik,19.997,73.789,565,Deccan_Plateau,2023-09-17,7.12,26.3,21.9,24.1,91.0,IMD_AWS_NASA_POWER_Blended
MH_DEC_01,Nashik_City,Nashik,19.997,73.789,565,Deccan_Plateau,2023-09-18,16.5,28.6,22.3,25.4,89.7,IMD_AWS_NASA_POWER_Blended
MH_DEC_01,Nashik_City,Nashik,19.997,73.789,565,Deccan_Plateau,2023-09-19,10.51,28.2,22.3,25.3,89.8,IMD_AWS_NASA_POWER_Blended
MH_DEC_01,Nashik_City,Nashik,19.997,73.789,565,Deccan_Plateau,2023-09-20,6.19,28.8,22.3,25.5,91.0,IMD_AWS_NASA_POWER_Blended
MH_DEC_01,Nashik_City,Nashik,19.997,73.789,565,Deccan_Plateau,2023-09-21,16.93,27.5,22.5,25.0,91.4,IMD_AWS_NASA_POWER_Blended
MH_DEC_01,Nashik_City,Nashik,19.997,73.789,565,Deccan_Plateau,2023-09-22,21.93,28.4,21.6,25.0,90.6,IMD_AWS_NASA_POWER_Blended
MH_DEC_01,Nashik_City,Nashik,19.997,73.789,565,Deccan_Plateau,2023-09-23,18.41,26.8,22.3,24.6,92.7,IMD_AWS_NASA_POWER_Blended
MH_DEC_01,Nashik_City,Nashik,19.997,73.789,565,Deccan_Plateau,2023-09-24,9.4,27.0,22.0,24.5,92.1,IMD_AWS_NASA_POWER_Blended
MH_DEC_01,Nashik_City,Nashik,19.997,73.789,565,Deccan_Plateau,2023-09-25,18.44,27.8,21.6,24.7,92.8,IMD_AWS_NASA_POWER_Blended
MH_DEC_01,Nashik_City,Nashik,19.997,73.789,565,Deccan_Plateau,2023-09-26,24.65,28.6,22.3,25.4,88.5,IMD_AWS_NASA_POWER_Blended
MH_DEC_01,Nashik_City,Nashik,19.997,73.789,565,Deccan_Plateau,2023-09-27,20.66,28.4,21.9,25.1,89.3,IMD_AWS_NASA_POWER_Blended
MH_DEC_01,Nashik_City,Nashik,19.997,73.789,565,Deccan_Plateau,2023-09-28,7.53,28.5,21.9,25.2,88.2,IMD_AWS_NASA_POWER_Blended
MH_DEC_01,Nashik_City,Nashik,19.997,73.789,565,Deccan_Plateau,2023-09-29,14.81,28.5,21.5,25.0,88.0,IMD_AWS_NASA_POWER_Blended
MH_DEC_01,Nashik_City,Nashik,19.997,73.789,565,Deccan_Plateau,2023-09-30,5.16,28.5,21.6,25.1,87.2,IMD_AWS_NASA_POWER_Blended
MH_DEC_01,Nashik_City,Nashik,19.997,73.789,565,Deccan_Plateau,2023-10-01,0.91,28.6,21.5,25.1,87.3,IMD_AWS_NASA_POWER_Blended
MH_DEC_01,Nashik_City,Nashik,19.997,73.789,565,Deccan_Plateau,2023-10-02,1.54,26.7,21.2,24.0,90.9,IMD_AWS_NASA_POWER_Blended
MH_DEC_01,Nashik_City,Nashik,19.997,73.789,565,Deccan_Plateau,2023-10-03,0.0,28.2,20.5,24.3,87.4,IMD_AWS_NASA_POWER_Blended
MH_DEC_01,Nashik_City,Nashik,19.997,73.789,565,Deccan_Plateau,2023-10-04,0.0,28.1,18.4,23.3,86.1,IMD_AWS_NASA_POWER_Blended
MH_DEC_01,Nashik_City,Nashik,19.997,73.789,565,Deccan_Plateau,2023-10-05,0.0,28.1,18.3,23.2,85.6,IMD_AWS_NASA_POWER_Blended
MH_DEC_01,Nashik_City,Nashik,19.997,73.789,565,Deccan_Plateau,2023-10-06,0.0,28.5,18.4,23.5,85.6,IMD_AWS_NASA_POWER_Blended
MH_DEC_01,Nashik_City,Nashik,19.997,73.789,565,Deccan_Plateau,2023-10-07,0.0,29.6,19.8,24.7,84.1,IMD_AWS_NASA_POWER_Blended
MH_DEC_01,Nashik_City,Nashik,19.997,73.789,565,Deccan_Plateau,2023-10-08,0.0,30.1,18.9,24.5,81.4,IMD_AWS_NASA_POWER_Blended
MH_DEC_01,Nashik_City,Nashik,19.997,73.789,565,Deccan_Plateau,2023-10-09,0.0,29.6,19.4,24.5,77.9,IMD_AWS_NASA_POWER_Blended
MH_DEC_01,Nashik_City,Nashik,19.997,73.789,565,Deccan_Plateau,2023-10-10,0.0,29.0,18.2,23.6,79.6,IMD_AWS_NASA_POWER_Blended
MH_DEC_01,Nashik_City,Nashik,19.997,73.789,565,Deccan_Plateau,2023-10-11,0.0,29.6,18.5,24.0,79.8,IMD_AWS_NASA_POWER_Blended
MH_DEC_01,Nashik_City,Nashik,19.997,73.789,565,Deccan_Plateau,2023-10-12,0.0,30.1,18.9,24.5,77.9,IMD_AWS_NASA_POWER_Blended
MH_DEC_01,Nashik_City,Nashik,19.997,73.789,565,Deccan_Plateau,2023-10-13,0.0,30.4,19.4,24.9,75.4,IMD_AWS_NASA_POWER_Blended
MH_DEC_01,Nashik_City,Nashik,19.997,73.789,565,Deccan_Plateau,2023-10-14,0.0,30.0,19.1,24.5,73.2,IMD_AWS_NASA_POWER_Blended
MH_DEC_01,Nashik_City,Nashik,19.997,73.789,565,Deccan_Plateau,2023-10-15,0.0,29.4,19.5,24.5,76.9,IMD_AWS_NASA_POWER_Blended
MH_DEC_01,Nashik_City,Nashik,19.997,73.789,565,Deccan_Plateau,2023-10-16,0.0,29.2,19.6,24.4,77.7,IMD_AWS_NASA_POWER_Blended
MH_DEC_01,Nashik_City,Nashik,19.997,73.789,565,Deccan_Plateau,2023-10-17,2.86,29.4,19.4,24.4,76.8,IMD_AWS_NASA_POWER_Blended
MH_DEC_01,Nashik_City,Nashik,19.997,73.789,565,Deccan_Plateau,2023-10-18,0.11,29.2,18.9,24.0,78.9,IMD_AWS_NASA_POWER_Blended
MH_DEC_01,Nashik_City,Nashik,19.997,73.789,565,Deccan_Plateau,2023-10-19,0.0,29.4,18.8,24.1,74.1,IMD_AWS_NASA_POWER_Blended
MH_DEC_01,Nashik_City,Nashik,19.997,73.789,565,Deccan_Plateau,2023-10-20,0.0,29.5,18.6,24.1,75.4,IMD_AWS_NASA_POWER_Blended
MH_DEC_01,Nashik_City,Nashik,19.997,73.789,565,Deccan_Plateau,2023-10-21,0.0,29.5,18.9,24.2,77.9,IMD_AWS_NASA_POWER_Blended
MH_DEC_01,Nashik_City,Nashik,19.997,73.789,565,Deccan_Plateau,2023-10-22,0.0,29.3,19.5,24.4,75.2,IMD_AWS_NASA_POWER_Blended
MH_DEC_01,Nashik_City,Nashik,19.997,73.789,565,Deccan_Plateau,2023-10-23,0.0,29.5,18.4,23.9,73.0,IMD_AWS_NASA_POWER_Blended
MH_DEC_01,Nashik_City,Nashik,19.997,73.789,565,Deccan_Plateau,2023-10-24,0.0,29.0,18.7,23.9,73.8,IMD_AWS_NASA_POWER_Blended
MH_DEC_01,Nashik_City,Nashik,19.997,73.789,565,Deccan_Plateau,2023-10-25,0.0,28.9,17.3,23.1,70.2,IMD_AWS_NASA_POWER_Blended
MH_DEC_01,Nashik_City,Nashik,19.997,73.789,565,Deccan_Plateau,2023-10-26,0.0,28.7,16.4,22.6,66.1,IMD_AWS_NASA_POWER_Blended
MH_DEC_01,Nashik_City,Nashik,19.997,73.789,565,Deccan_Plateau,2023-10-27,0.0,28.6,15.8,22.2,65.0,IMD_AWS_NASA_POWER_Blended
MH_DEC_01,Nashik_City,Nashik,19.997,73.789,565,Deccan_Plateau,2023-10-28,0.0,28.8,15.6,22.2,65.0,IMD_AWS_NASA_POWER_Blended
MH_DEC_01,Nashik_City,Nashik,19.997,73.789,565,Deccan_Plateau,2023-10-29,0.0,29.2,15.3,22.3,66.4,IMD_AWS_NASA_POWER_Blended
MH_DEC_01,Nashik_City,Nashik,19.997,73.789,565,Deccan_Plateau,2023-10-30,0.0,28.2,16.4,22.3,65.1,IMD_AWS_NASA_POWER_Blended
MH_DEC_01,Nashik_City,Nashik,19.997,73.789,565,Deccan_Plateau,2023-10-31,0.0,28.2,15.2,21.7,65.7,IMD_AWS_NASA_POWER_Blended
MH_DEC_02,Niphad_Grape_Belt,Nashik,20.083,74.108,545,Deccan_Plateau,2023-06-01,0.0,40.8,24.1,32.5,35.8,IMD_AWS_NASA_POWER_Blended
MH_DEC_02,Niphad_Grape_Belt,Nashik,20.083,74.108,545,Deccan_Plateau,2023-06-02,0.19,37.8,22.9,30.4,47.7,IMD_AWS_NASA_POWER_Blended
MH_DEC_02,Niphad_Grape_Belt,Nashik,20.083,74.108,545,Deccan_Plateau,2023-06-03,0.4,36.0,23.8,29.9,57.5,IMD_AWS_NASA_POWER_Blended
MH_DEC_02,Niphad_Grape_Belt,Nashik,20.083,74.108,545,Deccan_Plateau,2023-06-04,1.28,36.6,24.4,30.5,55.1,IMD_AWS_NASA_POWER_Blended
MH_DEC_02,Niphad_Grape_Belt,Nashik,20.083,74.108,545,Deccan_Plateau,2023-06-05,0.69,37.3,23.5,30.4,54.4,IMD_AWS_NASA_POWER_Blended
MH_DEC_02,Niphad_Grape_Belt,Nashik,20.083,74.108,545,Deccan_Plateau,2023-06-06,0.0,39.0,23.7,31.4,51.3,IMD_AWS_NASA_POWER_Blended
MH_DEC_02,Niphad_Grape_Belt,Nashik,20.083,74.108,545,Deccan_Plateau,2023-06-07,0.0,39.3,23.6,31.4,49.8,IMD_AWS_NASA_POWER_Blended
MH_DEC_02,Niphad_Grape_Belt,Nashik,20.083,74.108,545,Deccan_Plateau,2023-06-08,0.21,39.2,23.9,31.6,51.9,IMD_AWS_NASA_POWER_Blended
MH_DEC_02,Niphad_Grape_Belt,Nashik,20.083,74.108,545,Deccan_Plateau,2023-06-09,0.12,38.4,24.9,31.6,54.2,IMD_AWS_NASA_POWER_Blended
MH_DEC_02,Niphad_Grape_Belt,Nashik,20.083,74.108,545,Deccan_Plateau,2023-06-10,5.34,35.0,25.6,30.3,60.7,IMD_AWS_NASA_POWER_Blended
MH_DEC_02,Niphad_Grape_Belt,Nashik,20.083,74.108,545,Deccan_Plateau,2023-06-11,0.09,36.9,23.8,30.3,57.1,IMD_AWS_NASA_POWER_Blended
MH_DEC_02,Niphad_Grape_Belt,Nashik,20.083,74.108,545,Deccan_Plateau,2023-06-12,0.03,38.3,23.9,31.1,51.9,IMD_AWS_NASA_POWER_Blended
MH_DEC_02,Niphad_Grape_Belt,Nashik,20.083,74.108,545,Deccan_Plateau,2023-06-13,0.47,37.4,24.0,30.7,55.9,IMD_AWS_NASA_POWER_Blended
MH_DEC_02,Niphad_Grape_Belt,Nashik,20.083,74.108,545,Deccan_Plateau,2023-06-14,0.58,36.5,23.7,30.1,58.6,IMD_AWS_NASA_POWER_Blended
MH_DEC_02,Niphad_Grape_Belt,Nashik,20.083,74.108,545,Deccan_Plateau,2023-06-15,0.15,36.7,23.9,30.3,60.7,IMD_AWS_NASA_POWER_Blended
MH_DEC_02,Niphad_Grape_Belt,Nashik,20.083,74.108,545,Deccan_Plateau,2023-06-16,0.23,35.9,24.4,30.2,63.1,IMD_AWS_NASA_POWER_Blended
MH_DEC_02,Niphad_Grape_Belt,Nashik,20.083,74.108,545,Deccan_Plateau,2023-06-17,0.16,35.5,24.5,30.0,65.2,IMD_AWS_NASA_POWER_Blended
MH_DEC_02,Niphad_Grape_Belt,Nashik,20.083,74.108,545,Deccan_Plateau,2023-06-18,0.01,36.3,24.1,30.2,62.5,IMD_AWS_NASA_POWER_Blended
MH_DEC_02,Niphad_Grape_Belt,Nashik,20.083,74.108,545,Deccan_Plateau,2023-06-19,0.0,37.1,24.0,30.5,61.5,IMD_AWS_NASA_POWER_Blended
MH_DEC_02,Niphad_Grape_Belt,Nashik,20.083,74.108,545,Deccan_Plateau,2023-06-20,0.0,36.9,24.3,30.6,61.5,IMD_AWS_NASA_POWER_Blended
MH_DEC_02,Niphad_Grape_Belt,Nashik,20.083,74.108,545,Deccan_Plateau,2023-06-21,0.0,37.0,24.3,30.7,59.7,IMD_AWS_NASA_POWER_Blended
MH_DEC_02,Niphad_Grape_Belt,Nashik,20.083,74.108,545,Deccan_Plateau,2023-06-22,0.01,36.4,24.7,30.6,58.4,IMD_AWS_NASA_POWER_Blended
MH_DEC_02,Niphad_Grape_Belt,Nashik,20.083,74.108,545,Deccan_Plateau,2023-06-23,0.2,35.0,24.5,29.7,60.8,IMD_AWS_NASA_POWER_Blended
MH_DEC_02,Niphad_Grape_Belt,Nashik,20.083,74.108,545,Deccan_Plateau,2023-06-24,4.51,30.9,24.4,27.6,70.3,IMD_AWS_NASA_POWER_Blended
MH_DEC_02,Niphad_Grape_Belt,Nashik,20.083,74.108,545,Deccan_Plateau,2023-06-25,4.81,32.3,22.7,27.5,66.0,IMD_AWS_NASA_POWER_Blended
MH_DEC_02,Niphad_Grape_Belt,Nashik,20.083,74.108,545,Deccan_Plateau,2023-06-26,5.71,29.0,22.0,25.5,70.1,IMD_AWS_NASA_POWER_Blended
MH_DEC_02,Niphad_Grape_Belt,Nashik,20.083,74.108,545,Deccan_Plateau,2023-06-27,17.91,27.5,21.1,24.3,76.8,IMD_AWS_NASA_POWER_Blended
MH_DEC_02,Niphad_Grape_Belt,Nashik,20.083,74.108,545,Deccan_Plateau,2023-06-28,10.76,30.1,21.1,25.6,77.7,IMD_AWS_NASA_POWER_Blended
MH_DEC_02,Niphad_Grape_Belt,Nashik,20.083,74.108,545,Deccan_Plateau,2023-06-29,10.03,26.3,22.1,24.2,80.5,IMD_AWS_NASA_POWER_Blended
MH_DEC_02,Niphad_Grape_Belt,Nashik,20.083,74.108,545,Deccan_Plateau,2023-06-30,15.94,27.5,21.9,24.7,81.7,IMD_AWS_NASA_POWER_Blended
MH_DEC_02,Niphad_Grape_Belt,Nashik,20.083,74.108,545,Deccan_Plateau,2023-07-01,14.48,30.1,22.8,26.4,80.5,IMD_AWS_NASA_POWER_Blended
MH_DEC_02,Niphad_Grape_Belt,Nashik,20.083,74.108,545,Deccan_Plateau,2023-07-02,34.2,30.9,23.4,27.1,83.1,IMD_AWS_NASA_POWER_Blended
MH_DEC_02,Niphad_Grape_Belt,Nashik,20.083,74.108,545,Deccan_Plateau,2023-07-03,3.67,32.0,22.9,27.5,79.9,IMD_AWS_NASA_POWER_Blended
MH_DEC_02,Niphad_Grape_Belt,Nashik,20.083,74.108,545,Deccan_Plateau,2023-07-04,3.84,30.7,23.8,27.2,82.3,IMD_AWS_NASA_POWER_Blended
MH_DEC_02,Niphad_Grape_Belt,Nashik,20.083,74.108,545,Deccan_Plateau,2023-07-05,4.66,30.1,23.0,26.6,82.8,IMD_AWS_NASA_POWER_Blended
MH_DEC_02,Niphad_Grape_Belt,Nashik,20.083,74.108,545,Deccan_Plateau,2023-07-06,11.37,29.0,21.7,25.4,82.4,IMD_AWS_NASA_POWER_Blended
MH_DEC_02,Niphad_Grape_Belt,Nashik,20.083,74.108,545,Deccan_Plateau,2023-07-07,10.38,29.0,23.1,26.0,87.0,IMD_AWS_NASA_POWER_Blended
MH_DEC_02,Niphad_Grape_Belt,Nashik,20.083,74.108,545,Deccan_Plateau,2023-07-08,4.63,30.0,23.1,26.6,83.6,IMD_AWS_NASA_POWER_Blended
MH_DEC_02,Niphad_Grape_Belt,Nashik,20.083,74.108,545,Deccan_Plateau,2023-07-09,3.44,29.6,22.5,26.0,82.8,IMD_AWS_NASA_POWER_Blended
MH_DEC_02,Niphad_Grape_Belt,Nashik,20.083,74.108,545,Deccan_Plateau,2023-07-10,5.36,30.1,22.7,26.4,82.1,IMD_AWS_NASA_POWER_Blended
MH_DEC_02,Niphad_Grape_Belt,Nashik,20.083,74.108,545,Deccan_Plateau,2023-07-11,6.16,30.0,22.3,26.1,81.5,IMD_AWS_NASA_POWER_Blended
MH_DEC_02,Niphad_Grape_Belt,Nashik,20.083,74.108,545,Deccan_Plateau,2023-07-12,4.96,29.2,22.8,26.0,80.3,IMD_AWS_NASA_POWER_Blended
MH_DEC_02,Niphad_Grape_Belt,Nashik,20.083,74.108,545,Deccan_Plateau,2023-07-13,5.34,30.4,22.2,26.3,80.6,IMD_AWS_NASA_POWER_Blended
MH_DEC_02,Niphad_Grape_Belt,Nashik,20.083,74.108,545,Deccan_Plateau,2023-07-14,4.16,30.0,22.6,26.3,79.8,IMD_AWS_NASA_POWER_Blended
MH_DEC_02,Niphad_Grape_Belt,Nashik,20.083,74.108,545,Deccan_Plateau,2023-07-15,6.07,29.4,22.2,25.8,83.6,IMD_AWS_NASA_POWER_Blended
MH_DEC_02,Niphad_Grape_Belt,Nashik,20.083,74.108,545,Deccan_Plateau,2023-07-16,4.48,29.3,22.9,26.1,84.1,IMD_AWS_NASA_POWER_Blended
MH_DEC_02,Niphad_Grape_Belt,Nashik,20.083,74.108,545,Deccan_Plateau,2023-07-17,3.94,30.3,22.6,26.4,81.1,IMD_AWS_NASA_POWER_Blended
MH_DEC_02,Niphad_Grape_Belt,Nashik,20.083,74.108,545,Deccan_Plateau,2023-07-18,14.83,27.2,23.1,25.1,87.8,IMD_AWS_NASA_POWER_Blended
MH_DEC_02,Niphad_Grape_Belt,Nashik,20.083,74.108,545,Deccan_Plateau,2023-07-19,12.85,29.6,23.2,26.4,86.1,IMD_AWS_NASA_POWER_Blended
MH_DEC_02,Niphad_Grape_Belt,Nashik,20.083,74.108,545,Deccan_Plateau,2023-07-20,8.28,29.5,23.0,26.2,86.2,IMD_AWS_NASA_POWER_Blended
MH_DEC_02,Niphad_Grape_Belt,Nashik,20.083,74.108,545,Deccan_Plateau,2023-07-21,6.55,27.9,22.6,25.2,86.6,IMD_AWS_NASA_POWER_Blended
MH_DEC_02,Niphad_Grape_Belt,Nashik,20.083,74.108,545,Deccan_Plateau,2023-07-22,9.16,27.3,22.6,24.9,89.2,IMD_AWS_NASA_POWER_Blended
MH_DEC_02,Niphad_Grape_Belt,Nashik,20.083,74.108,545,Deccan_Plateau,2023-07-23,11.41,29.9,22.7,26.3,85.9,IMD_AWS_NASA_POWER_Blended
MH_DEC_02,Niphad_Grape_Belt,Nashik,20.083,74.108,545,Deccan_Plateau,2023-07-24,7.52,30.3,23.0,26.6,82.9,IMD_AWS_NASA_POWER_Blended
MH_DEC_02,Niphad_Grape_Belt,Nashik,20.083,74.108,545,Deccan_Plateau,2023-07-25,19.12,28.7,22.7,25.7,86.9,IMD_AWS_NASA_POWER_Blended
MH_DEC_02,Niphad_Grape_Belt,Nashik,20.083,74.108,545,Deccan_Plateau,2023-07-26,7.98,27.3,22.5,24.9,88.7,IMD_AWS_NASA_POWER_Blended
MH_DEC_02,Niphad_Grape_Belt,Nashik,20.083,74.108,545,Deccan_Plateau,2023-07-27,12.25,27.9,22.9,25.4,87.2,IMD_AWS_NASA_POWER_Blended
MH_DEC_02,Niphad_Grape_Belt,Nashik,20.083,74.108,545,Deccan_Plateau,2023-07-28,14.58,28.7,22.9,25.8,86.5,IMD_AWS_NASA_POWER_Blended
MH_DEC_02,Niphad_Grape_Belt,Nashik,20.083,74.108,545,Deccan_Plateau,2023-07-29,3.29,29.3,21.9,25.6,83.9,IMD_AWS_NASA_POWER_Blended
MH_DEC_02,Niphad_Grape_Belt,Nashik,20.083,74.108,545,Deccan_Plateau,2023-07-30,2.75,29.7,22.4,26.0,84.3,IMD_AWS_NASA_POWER_Blended
MH_DEC_02,Niphad_Grape_Belt,Nashik,20.083,74.108,545,Deccan_Plateau,2023-07-31,3.95,30.2,22.3,26.3,83.8,IMD_AWS_NASA_POWER_Blended
MH_DEC_02,Niphad_Grape_Belt,Nashik,20.083,74.108,545,Deccan_Plateau,2023-08-01,2.72,29.8,22.7,26.3,84.2,IMD_AWS_NASA_POWER_Blended
MH_DEC_02,Niphad_Grape_Belt,Nashik,20.083,74.108,545,Deccan_Plateau,2023-08-02,1.23,27.6,22.3,24.9,86.4,IMD_AWS_NASA_POWER_Blended
MH_DEC_02,Niphad_Grape_Belt,Nashik,20.083,74.108,545,Deccan_Plateau,2023-08-03,1.2,27.3,22.1,24.7,86.6,IMD_AWS_NASA_POWER_Blended
MH_DEC_02,Niphad_Grape_Belt,Nashik,20.083,74.108,545,Deccan_Plateau,2023-08-04,1.91,29.0,22.0,25.5,84.3,IMD_AWS_NASA_POWER_Blended
MH_DEC_02,Niphad_Grape_Belt,Nashik,20.083,74.108,545,Deccan_Plateau,2023-08-05,2.69,28.2,21.9,25.1,85.0,IMD_AWS_NASA_POWER_Blended
MH_DEC_02,Niphad_Grape_Belt,Nashik,20.083,74.108,545,Deccan_Plateau,2023-08-06,1.81,30.2,21.7,25.9,82.0,IMD_AWS_NASA_POWER_Blended
MH_DEC_02,Niphad_Grape_Belt,Nashik,20.083,74.108,545,Deccan_Plateau,2023-08-07,0.42,27.9,21.8,24.8,83.7,IMD_AWS_NASA_POWER_Blended
MH_DEC_02,Niphad_Grape_Belt,Nashik,20.083,74.108,545,Deccan_Plateau,2023-08-08,0.6,27.6,21.8,24.7,84.8,IMD_AWS_NASA_POWER_Blended
MH_DEC_02,Niphad_Grape_Belt,Nashik,20.083,74.108,545,Deccan_Plateau,2023-08-09,0.53,29.0,21.7,25.3,84.3,IMD_AWS_NASA_POWER_Blended
MH_DEC_02,Niphad_Grape_Belt,Nashik,20.083,74.108,545,Deccan_Plateau,2023-08-10,1.44,29.7,21.6,25.6,83.0,IMD_AWS_NASA_POWER_Blended
MH_DEC_02,Niphad_Grape_Belt,Nashik,20.083,74.108,545,Deccan_Plateau,2023-08-11,1.92,30.3,21.1,25.7,81.9,IMD_AWS_NASA_POWER_Blended
MH_DEC_02,Niphad_Grape_Belt,Nashik,20.083,74.108,545,Deccan_Plateau,2023-08-12,2.13,29.8,21.3,25.6,81.6,IMD_AWS_NASA_POWER_Blended
MH_DEC_02,Niphad_Grape_Belt,Nashik,20.083,74.108,545,Deccan_Plateau,2023-08-13,1.19,29.1,21.4,25.2,83.4,IMD_AWS_NASA_POWER_Blended
MH_DEC_02,Niphad_Grape_Belt,Nashik,20.083,74.108,545,Deccan_Plateau,2023-08-14,1.4,29.2,21.3,25.2,81.7,IMD_AWS_NASA_POWER_Blended
MH_DEC_02,Niphad_Grape_Belt,Nashik,20.083,74.108,545,Deccan_Plateau,2023-08-15,2.44,29.6,20.9,25.3,81.8,IMD_AWS_NASA_POWER_Blended
MH_DEC_02,Niphad_Grape_Belt,Nashik,20.083,74.108,545,Deccan_Plateau,2023-08-16,0.88,30.5,21.2,25.8,81.3,IMD_AWS_NASA_POWER_Blended
MH_DEC_02,Niphad_Grape_Belt,Nashik,20.083,74.108,545,Deccan_Plateau,2023-08-17,0.35,30.1,21.2,25.6,80.7,IMD_AWS_NASA_POWER_Blended
MH_DEC_02,Niphad_Grape_Belt,Nashik,20.083,74.108,545,Deccan_Plateau,2023-08-18,0.98,29.2,21.6,25.4,82.2,IMD_AWS_NASA_POWER_Blended
MH_DEC_02,Niphad_Grape_Belt,Nashik,20.083,74.108,545,Deccan_Plateau,2023-08-19,3.18,29.4,21.6,25.5,82.8,IMD_AWS_NASA_POWER_Blended
MH_DEC_02,Niphad_Grape_Belt,Nashik,20.083,74.108,545,Deccan_Plateau,2023-08-20,2.92,28.7,21.7,25.2,82.5,IMD_AWS_NASA_POWER_Blended
MH_DEC_02,Niphad_Grape_Belt,Nashik,20.083,74.108,545,Deccan_Plateau,2023-08-21,0.85,30.1,21.1,25.6,80.9,IMD_AWS_NASA_POWER_Blended
MH_DEC_02,Niphad_Grape_Belt,Nashik,20.083,74.108,545,Deccan_Plateau,2023-08-22,1.74,31.0,21.2,26.1,81.9,IMD_AWS_NASA_POWER_Blended
MH_DEC_02,Niphad_Grape_Belt,Nashik,20.083,74.108,545,Deccan_Plateau,2023-08-23,1.02,30.6,21.4,26.0,81.1,IMD_AWS_NASA_POWER_Blended
MH_DEC_02,Niphad_Grape_Belt,Nashik,20.083,74.108,545,Deccan_Plateau,2023-08-24,1.9,29.8,22.2,26.0,81.6,IMD_AWS_NASA_POWER_Blended
MH_DEC_02,Niphad_Grape_Belt,Nashik,20.083,74.108,545,Deccan_Plateau,2023-08-25,3.12,30.4,21.9,26.1,83.3,IMD_AWS_NASA_POWER_Blended
MH_DEC_02,Niphad_Grape_Belt,Nashik,20.083,74.108,545,Deccan_Plateau,2023-08-26,3.4,30.5,22.0,26.3,81.7,IMD_AWS_NASA_POWER_Blended
MH_DEC_02,Niphad_Grape_Belt,Nashik,20.083,74.108,545,Deccan_Plateau,2023-08-27,1.63,31.0,22.1,26.6,79.8,IMD_AWS_NASA_POWER_Blended
MH_DEC_02,Niphad_Grape_Belt,Nashik,20.083,74.108,545,Deccan_Plateau,2023-08-28,0.32,30.3,21.5,25.9,81.0,IMD_AWS_NASA_POWER_Blended
MH_DEC_02,Niphad_Grape_Belt,Nashik,20.083,74.108,545,Deccan_Plateau,2023-08-29,0.06,30.9,21.1,26.0,79.3,IMD_AWS_NASA_POWER_Blended
MH_DEC_02,Niphad_Grape_Belt,Nashik,20.083,74.108,545,Deccan_Plateau,2023-08-30,0.01,31.3,20.9,26.1,77.6,IMD_AWS_NASA_POWER_Blended
MH_DEC_02,Niphad_Grape_Belt,Nashik,20.083,74.108,545,Deccan_Plateau,2023-08-31,0.14,32.0,20.9,26.4,75.8,IMD_AWS_NASA_POWER_Blended
MH_DEC_02,Niphad_Grape_Belt,Nashik,20.083,74.108,545,Deccan_Plateau,2023-09-01,1.49,32.7,21.1,26.9,75.5,IMD_AWS_NASA_POWER_Blended
MH_DEC_02,Niphad_Grape_Belt,Nashik,20.083,74.108,545,Deccan_Plateau,2023-09-02,2.34,32.3,21.4,26.9,77.6,IMD_AWS_NASA_POWER_Blended
MH_DEC_02,Niphad_Grape_Belt,Nashik,20.083,74.108,545,Deccan_Plateau,2023-09-03,0.37,32.1,21.9,27.0,79.3,IMD_AWS_NASA_POWER_Blended
MH_DEC_02,Niphad_Grape_Belt,Nashik,20.083,74.108,545,Deccan_Plateau,2023-09-04,0.06,31.8,21.5,26.7,76.9,IMD_AWS_NASA_POWER_Blended
MH_DEC_02,Niphad_Grape_Belt,Nashik,20.083,74.108,545,Deccan_Plateau,2023-09-05,0.0,31.9,20.7,26.3,75.8,IMD_AWS_NASA_POWER_Blended
MH_DEC_02,Niphad_Grape_Belt,Nashik,20.083,74.108,545,Deccan_Plateau,2023-09-06,1.12,31.4,21.4,26.4,78.8,IMD_AWS_NASA_POWER_Blended
MH_DEC_02,Niphad_Grape_Belt,Nashik,20.083,74.108,545,Deccan_Plateau,2023-09-07,12.64,27.9,22.8,25.3,88.0,IMD_AWS_NASA_POWER_Blended
MH_DEC_02,Niphad_Grape_Belt,Nashik,20.083,74.108,545,Deccan_Plateau,2023-09-08,29.95,26.8,23.3,25.1,89.6,IMD_AWS_NASA_POWER_Blended
MH_DEC_02,Niphad_Grape_Belt,Nashik,20.083,74.108,545,Deccan_Plateau,2023-09-09,10.93,27.9,22.8,25.3,86.7,IMD_AWS_NASA_POWER_Blended
MH_DEC_02,Niphad_Grape_Belt,Nashik,20.083,74.108,545,Deccan_Plateau,2023-09-10,1.76,29.5,22.8,26.2,84.0,IMD_AWS_NASA_POWER_Blended
MH_DEC_02,Niphad_Grape_Belt,Nashik,20.083,74.108,545,Deccan_Plateau,2023-09-11,0.05,30.3,22.3,26.3,81.6,IMD_AWS_NASA_POWER_Blended
MH_DEC_02,Niphad_Grape_Belt,Nashik,20.083,74.108,545,Deccan_Plateau,2023-09-12,0.01,30.5,21.8,26.1,80.2,IMD_AWS_NASA_POWER_Blended
MH_DEC_02,Niphad_Grape_Belt,Nashik,20.083,74.108,545,Deccan_Plateau,2023-09-13,0.49,30.1,21.5,25.8,81.1,IMD_AWS_NASA_POWER_Blended
MH_DEC_02,Niphad_Grape_Belt,Nashik,20.083,74.108,545,Deccan_Plateau,2023-09-14,2.16,27.5,21.5,24.5,84.3,IMD_AWS_NASA_POWER_Blended
MH_DEC_02,Niphad_Grape_Belt,Nashik,20.083,74.108,545,Deccan_Plateau,2023-09-15,4.22,27.6,21.4,24.5,85.9,IMD_AWS_NASA_POWER_Blended
MH_DEC_02,Niphad_Grape_Belt,Nashik,20.083,74.108,545,Deccan_Plateau,2023-09-16,5.31,25.5,21.4,23.4,87.7,IMD_AWS_NASA_POWER_Blended
MH_DEC_02,Niphad_Grape_Belt,Nashik,20.083,74.108,545,Deccan_Plateau,2023-09-17,3.97,28.9,21.4,25.1,83.8,IMD_AWS_NASA_POWER_Blended
MH_DEC_02,Niphad_Grape_Belt,Nashik,20.083,74.108,545,Deccan_Plateau,2023-09-18,8.06,30.9,21.6,26.3,83.7,IMD_AWS_NASA_POWER_Blended
MH_DEC_02,Niphad_Grape_Belt,Nashik,20.083,74.108,545,Deccan_Plateau,2023-09-19,3.49,30.4,21.9,26.2,83.7,IMD_AWS_NASA_POWER_Blended
MH_DEC_02,Niphad_Grape_Belt,Nashik,20.083,74.108,545,Deccan_Plateau,2023-09-20,1.7,30.9,21.6,26.3,84.5,IMD_AWS_NASA_POWER_Blended
MH_DEC_02,Niphad_Grape_Belt,Nashik,20.083,74.108,545,Deccan_Plateau,2023-09-21,23.45,28.0,22.7,25.3,89.3,IMD_AWS_NASA_POWER_Blended
MH_DEC_02,Niphad_Grape_Belt,Nashik,20.083,74.108,545,Deccan_Plateau,2023-09-22,13.1,29.6,21.8,25.7,86.0,IMD_AWS_NASA_POWER_Blended
MH_DEC_02,Niphad_Grape_Belt,Nashik,20.083,74.108,545,Deccan_Plateau,2023-09-23,21.21,27.5,22.4,25.0,89.9,IMD_AWS_NASA_POWER_Blended
MH_DEC_02,Niphad_Grape_Belt,Nashik,20.083,74.108,545,Deccan_Plateau,2023-09-24,5.88,28.4,22.0,25.2,88.1,IMD_AWS_NASA_POWER_Blended
MH_DEC_02,Niphad_Grape_Belt,Nashik,20.083,74.108,545,Deccan_Plateau,2023-09-25,14.86,28.9,21.4,25.1,88.1,IMD_AWS_NASA_POWER_Blended
MH_DEC_02,Niphad_Grape_Belt,Nashik,20.083,74.108,545,Deccan_Plateau,2023-09-26,26.04,28.7,22.0,25.3,87.7,IMD_AWS_NASA_POWER_Blended
MH_DEC_02,Niphad_Grape_Belt,Nashik,20.083,74.108,545,Deccan_Plateau,2023-09-27,15.11,28.7,21.8,25.3,87.2,IMD_AWS_NASA_POWER_Blended
MH_DEC_02,Niphad_Grape_Belt,Nashik,20.083,74.108,545,Deccan_Plateau,2023-09-28,6.23,29.0,22.0,25.5,86.7,IMD_AWS_NASA_POWER_Blended
MH_DEC_02,Niphad_Grape_Belt,Nashik,20.083,74.108,545,Deccan_Plateau,2023-09-29,16.34,28.7,21.9,25.3,85.9,IMD_AWS_NASA_POWER_Blended
MH_DEC_02,Niphad_Grape_Belt,Nashik,20.083,74.108,545,Deccan_Plateau,2023-09-30,4.24,29.3,21.8,25.6,84.3,IMD_AWS_NASA_POWER_Blended
MH_DEC_02,Niphad_Grape_Belt,Nashik,20.083,74.108,545,Deccan_Plateau,2023-10-01,0.67,30.3,21.1,25.7,81.6,IMD_AWS_NASA_POWER_Blended
MH_DEC_02,Niphad_Grape_Belt,Nashik,20.083,74.108,545,Deccan_Plateau,2023-10-02,1.2,28.4,21.6,25.0,84.7,IMD_AWS_NASA_POWER_Blended
MH_DEC_02,Niphad_Grape_Belt,Nashik,20.083,74.108,545,Deccan_Plateau,2023-10-03,0.02,29.9,20.6,25.2,80.5,IMD_AWS_NASA_POWER_Blended
MH_DEC_02,Niphad_Grape_Belt,Nashik,20.083,74.108,545,Deccan_Plateau,2023-10-04,0.0,29.7,17.5,23.6,78.2,IMD_AWS_NASA_POWER_Blended
MH_DEC_02,Niphad_Grape_Belt,Nashik,20.083,74.108,545,Deccan_Plateau,2023-10-05,0.0,29.5,17.2,23.4,79.8,IMD_AWS_NASA_POWER_Blended
MH_DEC_02,Niphad_Grape_Belt,Nashik,20.083,74.108,545,Deccan_Plateau,2023-10-06,0.0,29.9,17.7,23.8,79.5,IMD_AWS_NASA_POWER_Blended
MH_DEC_02,Niphad_Grape_Belt,Nashik,20.083,74.108,545,Deccan_Plateau,2023-10-07,0.0,30.9,19.3,25.1,79.0,IMD_AWS_NASA_POWER_Blended
MH_DEC_02,Niphad_Grape_Belt,Nashik,20.083,74.108,545,Deccan_Plateau,2023-10-08,0.0,30.9,19.1,25.0,77.6,IMD_AWS_NASA_POWER_Blended
MH_DEC_02,Niphad_Grape_Belt,Nashik,20.083,74.108,545,Deccan_Plateau,2023-10-09,0.0,30.9,19.2,25.0,75.9,IMD_AWS_NASA_POWER_Blended
MH_DEC_02,Niphad_Grape_Belt,Nashik,20.083,74.108,545,Deccan_Plateau,2023-10-10,0.0,30.6,18.2,24.4,74.9,IMD_AWS_NASA_POWER_Blended
MH_DEC_02,Niphad_Grape_Belt,Nashik,20.083,74.108,545,Deccan_Plateau,2023-10-11,0.0,30.7,19.0,24.8,76.4,IMD_AWS_NASA_POWER_Blended
MH_DEC_02,Niphad_Grape_Belt,Nashik,20.083,74.108,545,Deccan_Plateau,2023-10-12,0.0,30.9,19.1,25.0,74.7,IMD_AWS_NASA_POWER_Blended
MH_DEC_02,Niphad_Grape_Belt,Nashik,20.083,74.108,545,Deccan_Plateau,2023-10-13,0.0,31.3,19.2,25.2,73.3,IMD_AWS_NASA_POWER_Blended
MH_DEC_02,Niphad_Grape_Belt,Nashik,20.083,74.108,545,Deccan_Plateau,2023-10-14,0.0,30.8,19.4,25.1,71.1,IMD_AWS_NASA_POWER_Blended
MH_DEC_02,Niphad_Grape_Belt,Nashik,20.083,74.108,545,Deccan_Plateau,2023-10-15,0.0,30.6,20.4,25.5,70.5,IMD_AWS_NASA_POWER_Blended
MH_DEC_02,Niphad_Grape_Belt,Nashik,20.083,74.108,545,Deccan_Plateau,2023-10-16,0.0,30.0,20.2,25.1,73.6,IMD_AWS_NASA_POWER_Blended
MH_DEC_02,Niphad_Grape_Belt,Nashik,20.083,74.108,545,Deccan_Plateau,2023-10-17,2.29,30.5,20.1,25.3,71.6,IMD_AWS_NASA_POWER_Blended
MH_DEC_02,Niphad_Grape_Belt,Nashik,20.083,74.108,545,Deccan_Plateau,2023-10-18,0.16,30.4,19.6,25.0,73.8,IMD_AWS_NASA_POWER_Blended
MH_DEC_02,Niphad_Grape_Belt,Nashik,20.083,74.108,545,Deccan_Plateau,2023-10-19,0.0,30.5,19.4,25.0,70.7,IMD_AWS_NASA_POWER_Blended
MH_DEC_02,Niphad_Grape_Belt,Nashik,20.083,74.108,545,Deccan_Plateau,2023-10-20,0.0,30.8,18.7,24.8,71.3,IMD_AWS_NASA_POWER_Blended
MH_DEC_02,Niphad_Grape_Belt,Nashik,20.083,74.108,545,Deccan_Plateau,2023-10-21,0.0,30.5,18.6,24.6,74.9,IMD_AWS_NASA_POWER_Blended
MH_DEC_02,Niphad_Grape_Belt,Nashik,20.083,74.108,545,Deccan_Plateau,2023-10-22,0.0,30.8,18.7,24.8,70.8,IMD_AWS_NASA_POWER_Blended
MH_DEC_02,Niphad_Grape_Belt,Nashik,20.083,74.108,545,Deccan_Plateau,2023-10-23,0.0,30.8,18.9,24.8,67.8,IMD_AWS_NASA_POWER_Blended
MH_DEC_02,Niphad_Grape_Belt,Nashik,20.083,74.108,545,Deccan_Plateau,2023-10-24,0.0,30.9,18.6,24.8,67.5,IMD_AWS_NASA_POWER_Blended
MH_DEC_02,Niphad_Grape_Belt,Nashik,20.083,74.108,545,Deccan_Plateau,2023-10-25,0.0,30.8,17.2,24.0,63.9,IMD_AWS_NASA_POWER_Blended
MH_DEC_02,Niphad_Grape_Belt,Nashik,20.083,74.108,545,Deccan_Plateau,2023-10-26,0.0,30.5,17.1,23.8,59.1,IMD_AWS_NASA_POWER_Blended
MH_DEC_02,Niphad_Grape_Belt,Nashik,20.083,74.108,545,Deccan_Plateau,2023-10-27,0.0,30.6,16.8,23.7,57.8,IMD_AWS_NASA_POWER_Blended
MH_DEC_02,Niphad_Grape_Belt,Nashik,20.083,74.108,545,Deccan_Plateau,2023-10-28,0.0,30.6,15.2,22.9,61.9,IMD_AWS_NASA_POWER_Blended
MH_DEC_02,Niphad_Grape_Belt,Nashik,20.083,74.108,545,Deccan_Plateau,2023-10-29,0.0,31.1,14.9,23.0,62.0,IMD_AWS_NASA_POWER_Blended
MH_DEC_02,Niphad_Grape_Belt,Nashik,20.083,74.108,545,Deccan_Plateau,2023-10-30,0.0,29.6,15.7,22.7,63.8,IMD_AWS_NASA_POWER_Blended
MH_DEC_02,Niphad_Grape_Belt,Nashik,20.083,74.108,545,Deccan_Plateau,2023-10-31,0.0,30.0,14.4,22.2,61.9,IMD_AWS_NASA_POWER_Blended
MH_DEC_03,Sinnar,Nashik,19.851,74.004,650,Deccan_Plateau,2023-06-01,0.0,39.2,22.7,30.9,46.7,IMD_AWS_NASA_POWER_Blended
MH_DEC_03,Sinnar,Nashik,19.851,74.004,650,Deccan_Plateau,2023-06-02,0.2,35.5,23.1,29.3,59.4,IMD_AWS_NASA_POWER_Blended
MH_DEC_03,Sinnar,Nashik,19.851,74.004,650,Deccan_Plateau,2023-06-03,0.06,33.4,23.6,28.5,67.2,IMD_AWS_NASA_POWER_Blended
MH_DEC_03,Sinnar,Nashik,19.851,74.004,650,Deccan_Plateau,2023-06-04,1.46,33.9,24.2,29.1,64.6,IMD_AWS_NASA_POWER_Blended
MH_DEC_03,Sinnar,Nashik,19.851,74.004,650,Deccan_Plateau,2023-06-05,1.89,34.7,23.4,29.0,65.3,IMD_AWS_NASA_POWER_Blended
MH_DEC_03,Sinnar,Nashik,19.851,74.004,650,Deccan_Plateau,2023-06-06,0.03,36.7,23.7,30.2,62.0,IMD_AWS_NASA_POWER_Blended
MH_DEC_03,Sinnar,Nashik,19.851,74.004,650,Deccan_Plateau,2023-06-07,0.07,36.7,23.2,29.9,61.5,IMD_AWS_NASA_POWER_Blended
MH_DEC_03,Sinnar,Nashik,19.851,74.004,650,Deccan_Plateau,2023-06-08,0.07,36.4,23.8,30.1,62.6,IMD_AWS_NASA_POWER_Blended
MH_DEC_03,Sinnar,Nashik,19.851,74.004,650,Deccan_Plateau,2023-06-09,0.36,36.1,24.5,30.3,64.9,IMD_AWS_NASA_POWER_Blended
MH_DEC_03,Sinnar,Nashik,19.851,74.004,650,Deccan_Plateau,2023-06-10,1.33,33.4,24.8,29.1,68.9,IMD_AWS_NASA_POWER_Blended
MH_DEC_03,Sinnar,Nashik,19.851,74.004,650,Deccan_Plateau,2023-06-11,0.6,35.7,24.2,30.0,60.5,IMD_AWS_NASA_POWER_Blended
MH_DEC_03,Sinnar,Nashik,19.851,74.004,650,Deccan_Plateau,2023-06-12,0.73,36.0,23.8,29.9,59.1,IMD_AWS_NASA_POWER_Blended
MH_DEC_03,Sinnar,Nashik,19.851,74.004,650,Deccan_Plateau,2023-06-13,2.26,34.7,23.5,29.1,64.4,IMD_AWS_NASA_POWER_Blended
MH_DEC_03,Sinnar,Nashik,19.851,74.004,650,Deccan_Plateau,2023-06-14,5.11,33.9,23.5,28.7,68.6,IMD_AWS_NASA_POWER_Blended
MH_DEC_03,Sinnar,Nashik,19.851,74.004,650,Deccan_Plateau,2023-06-15,0.88,33.7,23.5,28.6,71.4,IMD_AWS_NASA_POWER_Blended
MH_DEC_03,Sinnar,Nashik,19.851,74.004,650,Deccan_Plateau,2023-06-16,1.26,33.1,24.0,28.6,73.9,IMD_AWS_NASA_POWER_Blended
MH_DEC_03,Sinnar,Nashik,19.851,74.004,650,Deccan_Plateau,2023-06-17,0.76,32.8,24.0,28.4,74.9,IMD_AWS_NASA_POWER_Blended
MH_DEC_03,Sinnar,Nashik,19.851,74.004,650,Deccan_Plateau,2023-06-18,0.05,33.6,23.8,28.7,73.0,IMD_AWS_NASA_POWER_Blended
MH_DEC_03,Sinnar,Nashik,19.851,74.004,650,Deccan_Plateau,2023-06-19,0.01,34.0,23.7,28.9,71.6,IMD_AWS_NASA_POWER_Blended
MH_DEC_03,Sinnar,Nashik,19.851,74.004,650,Deccan_Plateau,2023-06-20,0.01,34.3,23.9,29.1,71.2,IMD_AWS_NASA_POWER_Blended
MH_DEC_03,Sinnar,Nashik,19.851,74.004,650,Deccan_Plateau,2023-06-21,0.0,34.3,23.7,29.0,69.0,IMD_AWS_NASA_POWER_Blended
MH_DEC_03,Sinnar,Nashik,19.851,74.004,650,Deccan_Plateau,2023-06-22,0.27,34.0,23.9,28.9,69.0,IMD_AWS_NASA_POWER_Blended
MH_DEC_03,Sinnar,Nashik,19.851,74.004,650,Deccan_Plateau,2023-06-23,1.17,33.9,23.7,28.8,69.4,IMD_AWS_NASA_POWER_Blended
MH_DEC_03,Sinnar,Nashik,19.851,74.004,650,Deccan_Plateau,2023-06-24,19.21,30.3,23.5,26.9,80.0,IMD_AWS_NASA_POWER_Blended
MH_DEC_03,Sinnar,Nashik,19.851,74.004,650,Deccan_Plateau,2023-06-25,21.82,29.3,22.5,25.9,77.3,IMD_AWS_NASA_POWER_Blended
MH_DEC_03,Sinnar,Nashik,19.851,74.004,650,Deccan_Plateau,2023-06-26,26.47,26.0,21.5,23.8,82.5,IMD_AWS_NASA_POWER_Blended
MH_DEC_03,Sinnar,Nashik,19.851,74.004,650,Deccan_Plateau,2023-06-27,34.88,26.1,21.0,23.5,85.6,IMD_AWS_NASA_POWER_Blended
MH_DEC_03,Sinnar,Nashik,19.851,74.004,650,Deccan_Plateau,2023-06-28,57.39,26.8,21.1,24.0,89.0,IMD_AWS_NASA_POWER_Blended
MH_DEC_03,Sinnar,Nashik,19.851,74.004,650,Deccan_Plateau,2023-06-29,30.49,24.8,21.9,23.3,89.6,IMD_AWS_NASA_POWER_Blended
MH_DEC_03,Sinnar,Nashik,19.851,74.004,650,Deccan_Plateau,2023-06-30,58.54,25.5,21.7,23.6,91.0,IMD_AWS_NASA_POWER_Blended
MH_DEC_03,Sinnar,Nashik,19.851,74.004,650,Deccan_Plateau,2023-07-01,43.14,27.4,22.7,25.0,90.3,IMD_AWS_NASA_POWER_Blended
MH_DEC_03,Sinnar,Nashik,19.851,74.004,650,Deccan_Plateau,2023-07-02,27.73,28.4,23.4,25.9,89.1,IMD_AWS_NASA_POWER_Blended
MH_DEC_03,Sinnar,Nashik,19.851,74.004,650,Deccan_Plateau,2023-07-03,10.93,29.3,23.0,26.2,88.0,IMD_AWS_NASA_POWER_Blended
MH_DEC_03,Sinnar,Nashik,19.851,74.004,650,Deccan_Plateau,2023-07-04,11.61,29.2,23.3,26.2,90.1,IMD_AWS_NASA_POWER_Blended
MH_DEC_03,Sinnar,Nashik,19.851,74.004,650,Deccan_Plateau,2023-07-05,10.77,28.4,23.0,25.7,89.9,IMD_AWS_NASA_POWER_Blended
MH_DEC_03,Sinnar,Nashik,19.851,74.004,650,Deccan_Plateau,2023-07-06,21.32,26.5,21.6,24.0,90.3,IMD_AWS_NASA_POWER_Blended
MH_DEC_03,Sinnar,Nashik,19.851,74.004,650,Deccan_Plateau,2023-07-07,22.19,26.6,23.2,24.9,94.0,IMD_AWS_NASA_POWER_Blended
MH_DEC_03,Sinnar,Nashik,19.851,74.004,650,Deccan_Plateau,2023-07-08,14.2,26.8,22.9,24.9,92.6,IMD_AWS_NASA_POWER_Blended
MH_DEC_03,Sinnar,Nashik,19.851,74.004,650,Deccan_Plateau,2023-07-09,14.56,27.2,22.6,24.9,91.2,IMD_AWS_NASA_POWER_Blended
MH_DEC_03,Sinnar,Nashik,19.851,74.004,650,Deccan_Plateau,2023-07-10,11.19,26.9,22.6,24.8,91.3,IMD_AWS_NASA_POWER_Blended
MH_DEC_03,Sinnar,Nashik,19.851,74.004,650,Deccan_Plateau,2023-07-11,12.51,27.3,22.3,24.8,90.5,IMD_AWS_NASA_POWER_Blended
MH_DEC_03,Sinnar,Nashik,19.851,74.004,650,Deccan_Plateau,2023-07-12,10.49,26.7,22.8,24.8,89.2,IMD_AWS_NASA_POWER_Blended
MH_DEC_03,Sinnar,Nashik,19.851,74.004,650,Deccan_Plateau,2023-07-13,14.78,27.4,22.5,24.9,89.1,IMD_AWS_NASA_POWER_Blended
MH_DEC_03,Sinnar,Nashik,19.851,74.004,650,Deccan_Plateau,2023-07-14,17.05,26.9,22.4,24.6,89.7,IMD_AWS_NASA_POWER_Blended
MH_DEC_03,Sinnar,Nashik,19.851,74.004,650,Deccan_Plateau,2023-07-15,14.74,27.2,22.2,24.7,90.8,IMD_AWS_NASA_POWER_Blended
MH_DEC_03,Sinnar,Nashik,19.851,74.004,650,Deccan_Plateau,2023-07-16,11.51,27.1,23.1,25.1,91.8,IMD_AWS_NASA_POWER_Blended
MH_DEC_03,Sinnar,Nashik,19.851,74.004,650,Deccan_Plateau,2023-07-17,12.81,27.4,22.8,25.1,89.9,IMD_AWS_NASA_POWER_Blended
MH_DEC_03,Sinnar,Nashik,19.851,74.004,650,Deccan_Plateau,2023-07-18,53.15,25.4,23.1,24.3,94.3,IMD_AWS_NASA_POWER_Blended
MH_DEC_03,Sinnar,Nashik,19.851,74.004,650,Deccan_Plateau,2023-07-19,63.72,26.5,23.3,24.9,93.9,IMD_AWS_NASA_POWER_Blended
MH_DEC_03,Sinnar,Nashik,19.851,74.004,650,Deccan_Plateau,2023-07-20,44.27,26.8,22.8,24.8,94.1,IMD_AWS_NASA_POWER_Blended
MH_DEC_03,Sinnar,Nashik,19.851,74.004,650,Deccan_Plateau,2023-07-21,24.33,25.6,22.6,24.1,94.4,IMD_AWS_NASA_POWER_Blended
MH_DEC_03,Sinnar,Nashik,19.851,74.004,650,Deccan_Plateau,2023-07-22,29.37,25.3,22.6,24.0,95.4,IMD_AWS_NASA_POWER_Blended
MH_DEC_03,Sinnar,Nashik,19.851,74.004,650,Deccan_Plateau,2023-07-23,25.85,27.1,22.8,24.9,93.6,IMD_AWS_NASA_POWER_Blended
MH_DEC_03,Sinnar,Nashik,19.851,74.004,650,Deccan_Plateau,2023-07-24,29.11,27.0,22.9,25.0,92.2,IMD_AWS_NASA_POWER_Blended
MH_DEC_03,Sinnar,Nashik,19.851,74.004,650,Deccan_Plateau,2023-07-25,42.09,26.2,22.7,24.4,93.7,IMD_AWS_NASA_POWER_Blended
MH_DEC_03,Sinnar,Nashik,19.851,74.004,650,Deccan_Plateau,2023-07-26,25.46,26.1,22.4,24.3,94.5,IMD_AWS_NASA_POWER_Blended
MH_DEC_03,Sinnar,Nashik,19.851,74.004,650,Deccan_Plateau,2023-07-27,45.12,25.9,22.7,24.3,94.2,IMD_AWS_NASA_POWER_Blended
MH_DEC_03,Sinnar,Nashik,19.851,74.004,650,Deccan_Plateau,2023-07-28,37.03,26.0,22.6,24.3,94.0,IMD_AWS_NASA_POWER_Blended
MH_DEC_03,Sinnar,Nashik,19.851,74.004,650,Deccan_Plateau,2023-07-29,10.0,26.4,22.0,24.2,92.5,IMD_AWS_NASA_POWER_Blended
MH_DEC_03,Sinnar,Nashik,19.851,74.004,650,Deccan_Plateau,2023-07-30,7.48,26.5,22.4,24.4,92.6,IMD_AWS_NASA_POWER_Blended
MH_DEC_03,Sinnar,Nashik,19.851,74.004,650,Deccan_Plateau,2023-07-31,8.5,27.1,22.4,24.8,91.8,IMD_AWS_NASA_POWER_Blended
MH_DEC_03,Sinnar,Nashik,19.851,74.004,650,Deccan_Plateau,2023-08-01,6.4,27.0,22.6,24.8,91.7,IMD_AWS_NASA_POWER_Blended
MH_DEC_03,Sinnar,Nashik,19.851,74.004,650,Deccan_Plateau,2023-08-02,3.51,26.2,22.2,24.2,92.8,IMD_AWS_NASA_POWER_Blended
MH_DEC_03,Sinnar,Nashik,19.851,74.004,650,Deccan_Plateau,2023-08-03,2.27,25.6,22.0,23.8,92.8,IMD_AWS_NASA_POWER_Blended
MH_DEC_03,Sinnar,Nashik,19.851,74.004,650,Deccan_Plateau,2023-08-04,4.02,27.1,22.1,24.6,91.0,IMD_AWS_NASA_POWER_Blended
MH_DEC_03,Sinnar,Nashik,19.851,74.004,650,Deccan_Plateau,2023-08-05,5.47,26.4,22.0,24.2,91.3,IMD_AWS_NASA_POWER_Blended
MH_DEC_03,Sinnar,Nashik,19.851,74.004,650,Deccan_Plateau,2023-08-06,3.68,27.3,21.8,24.6,90.1,IMD_AWS_NASA_POWER_Blended
MH_DEC_03,Sinnar,Nashik,19.851,74.004,650,Deccan_Plateau,2023-08-07,1.13,26.2,21.7,24.0,90.8,IMD_AWS_NASA_POWER_Blended
MH_DEC_03,Sinnar,Nashik,19.851,74.004,650,Deccan_Plateau,2023-08-08,1.55,26.4,21.9,24.1,91.3,IMD_AWS_NASA_POWER_Blended
MH_DEC_03,Sinnar,Nashik,19.851,74.004,650,Deccan_Plateau,2023-08-09,1.25,26.9,21.9,24.4,90.6,IMD_AWS_NASA_POWER_Blended
MH_DEC_03,Sinnar,Nashik,19.851,74.004,650,Deccan_Plateau,2023-08-10,2.92,27.2,21.6,24.4,90.5,IMD_AWS_NASA_POWER_Blended
MH_DEC_03,Sinnar,Nashik,19.851,74.004,650,Deccan_Plateau,2023-08-11,3.81,27.7,21.4,24.5,89.1,IMD_AWS_NASA_POWER_Blended
MH_DEC_03,Sinnar,Nashik,19.851,74.004,650,Deccan_Plateau,2023-08-12,4.52,27.3,21.5,24.4,88.9,IMD_AWS_NASA_POWER_Blended
MH_DEC_03,Sinnar,Nashik,19.851,74.004,650,Deccan_Plateau,2023-08-13,2.3,26.8,21.4,24.1,89.9,IMD_AWS_NASA_POWER_Blended
MH_DEC_03,Sinnar,Nashik,19.851,74.004,650,Deccan_Plateau,2023-08-14,2.39,26.3,21.4,23.8,89.4,IMD_AWS_NASA_POWER_Blended
MH_DEC_03,Sinnar,Nashik,19.851,74.004,650,Deccan_Plateau,2023-08-15,2.38,27.3,21.2,24.2,88.5,IMD_AWS_NASA_POWER_Blended
MH_DEC_03,Sinnar,Nashik,19.851,74.004,650,Deccan_Plateau,2023-08-16,1.63,27.4,21.3,24.3,89.1,IMD_AWS_NASA_POWER_Blended
MH_DEC_03,Sinnar,Nashik,19.851,74.004,650,Deccan_Plateau,2023-08-17,0.79,27.7,21.1,24.4,88.0,IMD_AWS_NASA_POWER_Blended
MH_DEC_03,Sinnar,Nashik,19.851,74.004,650,Deccan_Plateau,2023-08-18,0.68,27.7,21.2,24.4,88.3,IMD_AWS_NASA_POWER_Blended
MH_DEC_03,Sinnar,Nashik,19.851,74.004,650,Deccan_Plateau,2023-08-19,2.67,27.7,21.4,24.6,88.5,IMD_AWS_NASA_POWER_Blended
MH_DEC_03,Sinnar,Nashik,19.851,74.004,650,Deccan_Plateau,2023-08-20,2.88,26.8,21.7,24.3,88.7,IMD_AWS_NASA_POWER_Blended
MH_DEC_03,Sinnar,Nashik,19.851,74.004,650,Deccan_Plateau,2023-08-21,1.58,27.6,20.8,24.2,87.8,IMD_AWS_NASA_POWER_Blended
MH_DEC_03,Sinnar,Nashik,19.851,74.004,650,Deccan_Plateau,2023-08-22,4.31,28.1,21.3,24.7,88.5,IMD_AWS_NASA_POWER_Blended
MH_DEC_03,Sinnar,Nashik,19.851,74.004,650,Deccan_Plateau,2023-08-23,3.8,28.2,21.5,24.9,88.0,IMD_AWS_NASA_POWER_Blended
MH_DEC_03,Sinnar,Nashik,19.851,74.004,650,Deccan_Plateau,2023-08-24,5.04,27.5,22.2,24.9,88.7,IMD_AWS_NASA_POWER_Blended
MH_DEC_03,Sinnar,Nashik,19.851,74.004,650,Deccan_Plateau,2023-08-25,6.98,28.6,22.1,25.4,89.3,IMD_AWS_NASA_POWER_Blended
MH_DEC_03,Sinnar,Nashik,19.851,74.004,650,Deccan_Plateau,2023-08-26,8.12,28.4,22.1,25.3,88.3,IMD_AWS_NASA_POWER_Blended
MH_DEC_03,Sinnar,Nashik,19.851,74.004,650,Deccan_Plateau,2023-08-27,4.86,28.7,21.9,25.3,87.3,IMD_AWS_NASA_POWER_Blended
MH_DEC_03,Sinnar,Nashik,19.851,74.004,650,Deccan_Plateau,2023-08-28,1.35,27.9,21.6,24.8,88.5,IMD_AWS_NASA_POWER_Blended
MH_DEC_03,Sinnar,Nashik,19.851,74.004,650,Deccan_Plateau,2023-08-29,0.23,28.5,21.2,24.9,87.0,IMD_AWS_NASA_POWER_Blended
MH_DEC_03,Sinnar,Nashik,19.851,74.004,650,Deccan_Plateau,2023-08-30,0.01,29.0,20.5,24.7,86.2,IMD_AWS_NASA_POWER_Blended
MH_DEC_03,Sinnar,Nashik,19.851,74.004,650,Deccan_Plateau,2023-08-31,0.22,29.9,20.4,25.1,84.0,IMD_AWS_NASA_POWER_Blended
MH_DEC_03,Sinnar,Nashik,19.851,74.004,650,Deccan_Plateau,2023-09-01,2.5,30.6,20.8,25.7,83.6,IMD_AWS_NASA_POWER_Blended
MH_DEC_03,Sinnar,Nashik,19.851,74.004,650,Deccan_Plateau,2023-09-02,7.81,29.6,21.2,25.4,87.1,IMD_AWS_NASA_POWER_Blended
MH_DEC_03,Sinnar,Nashik,19.851,74.004,650,Deccan_Plateau,2023-09-03,1.02,29.1,21.3,25.2,87.8,IMD_AWS_NASA_POWER_Blended
MH_DEC_03,Sinnar,Nashik,19.851,74.004,650,Deccan_Plateau,2023-09-04,0.12,28.7,20.6,24.6,86.4,IMD_AWS_NASA_POWER_Blended
MH_DEC_03,Sinnar,Nashik,19.851,74.004,650,Deccan_Plateau,2023-09-05,0.05,28.8,20.3,24.6,86.4,IMD_AWS_NASA_POWER_Blended
MH_DEC_03,Sinnar,Nashik,19.851,74.004,650,Deccan_Plateau,2023-09-06,1.75,28.7,20.6,24.7,88.0,IMD_AWS_NASA_POWER_Blended
MH_DEC_03,Sinnar,Nashik,19.851,74.004,650,Deccan_Plateau,2023-09-07,22.29,26.1,22.7,24.4,93.2,IMD_AWS_NASA_POWER_Blended
MH_DEC_03,Sinnar,Nashik,19.851,74.004,650,Deccan_Plateau,2023-09-08,61.9,25.0,23.3,24.2,94.8,IMD_AWS_NASA_POWER_Blended
MH_DEC_03,Sinnar,Nashik,19.851,74.004,650,Deccan_Plateau,2023-09-09,18.91,25.2,22.8,24.0,93.1,IMD_AWS_NASA_POWER_Blended
MH_DEC_03,Sinnar,Nashik,19.851,74.004,650,Deccan_Plateau,2023-09-10,1.5,27.4,22.8,25.1,90.3,IMD_AWS_NASA_POWER_Blended
MH_DEC_03,Sinnar,Nashik,19.851,74.004,650,Deccan_Plateau,2023-09-11,0.28,27.9,22.4,25.1,89.3,IMD_AWS_NASA_POWER_Blended
MH_DEC_03,Sinnar,Nashik,19.851,74.004,650,Deccan_Plateau,2023-09-12,0.06,28.1,21.7,24.9,87.9,IMD_AWS_NASA_POWER_Blended
MH_DEC_03,Sinnar,Nashik,19.851,74.004,650,Deccan_Plateau,2023-09-13,1.02,27.5,21.4,24.4,89.2,IMD_AWS_NASA_POWER_Blended
MH_DEC_03,Sinnar,Nashik,19.851,74.004,650,Deccan_Plateau,2023-09-14,2.16,26.3,21.5,23.9,89.8,IMD_AWS_NASA_POWER_Blended
MH_DEC_03,Sinnar,Nashik,19.851,74.004,650,Deccan_Plateau,2023-09-15,2.3,25.9,21.3,23.6,91.2,IMD_AWS_NASA_POWER_Blended
MH_DEC_03,Sinnar,Nashik,19.851,74.004,650,Deccan_Plateau,2023-09-16,6.27,24.6,21.5,23.1,92.4,IMD_AWS_NASA_POWER_Blended
MH_DEC_03,Sinnar,Nashik,19.851,74.004,650,Deccan_Plateau,2023-09-17,7.12,26.3,21.9,24.1,91.0,IMD_AWS_NASA_POWER_Blended
MH_DEC_03,Sinnar,Nashik,19.851,74.004,650,Deccan_Plateau,2023-09-18,16.5,28.6,22.3,25.4,89.7,IMD_AWS_NASA_POWER_Blended
MH_DEC_03,Sinnar,Nashik,19.851,74.004,650,Deccan_Plateau,2023-09-19,10.51,28.2,22.3,25.3,89.8,IMD_AWS_NASA_POWER_Blended
MH_DEC_03,Sinnar,Nashik,19.851,74.004,650,Deccan_Plateau,2023-09-20,6.19,28.8,22.3,25.5,91.0,IMD_AWS_NASA_POWER_Blended
MH_DEC_03,Sinnar,Nashik,19.851,74.004,650,Deccan_Plateau,2023-09-21,16.93,27.5,22.5,25.0,91.4,IMD_AWS_NASA_POWER_Blended
MH_DEC_03,Sinnar,Nashik,19.851,74.004,650,Deccan_Plateau,2023-09-22,21.93,28.4,21.6,25.0,90.6,IMD_AWS_NASA_POWER_Blended
MH_DEC_03,Sinnar,Nashik,19.851,74.004,650,Deccan_Plateau,2023-09-23,18.41,26.8,22.3,24.6,92.7,IMD_AWS_NASA_POWER_Blended
MH_DEC_03,Sinnar,Nashik,19.851,74.004,650,Deccan_Plateau,2023-09-24,9.4,27.0,22.0,24.5,92.1,IMD_AWS_NASA_POWER_Blended
MH_DEC_03,Sinnar,Nashik,19.851,74.004,650,Deccan_Plateau,2023-09-25,18.44,27.8,21.6,24.7,92.8,IMD_AWS_NASA_POWER_Blended
MH_DEC_03,Sinnar,Nashik,19.851,74.004,650,Deccan_Plateau,2023-09-26,24.65,28.6,22.3,25.4,88.5,IMD_AWS_NASA_POWER_Blended
MH_DEC_03,Sinnar,Nashik,19.851,74.004,650,Deccan_Plateau,2023-09-27,20.66,28.4,21.9,25.1,89.3,IMD_AWS_NASA_POWER_Blended
MH_DEC_03,Sinnar,Nashik,19.851,74.004,650,Deccan_Plateau,2023-09-28,7.53,28.5,21.9,25.2,88.2,IMD_AWS_NASA_POWER_Blended
MH_DEC_03,Sinnar,Nashik,19.851,74.004,650,Deccan_Plateau,2023-09-29,14.81,28.5,21.5,25.0,88.0,IMD_AWS_NASA_POWER_Blended
MH_DEC_03,Sinnar,Nashik,19.851,74.004,650,Deccan_Plateau,2023-09-30,5.16,28.5,21.6,25.1,87.2,IMD_AWS_NASA_POWER_Blended
MH_DEC_03,Sinnar,Nashik,19.851,74.004,650,Deccan_Plateau,2023-10-01,0.91,28.6,21.5,25.1,87.3,IMD_AWS_NASA_POWER_Blended
MH_DEC_03,Sinnar,Nashik,19.851,74.004,650,Deccan_Plateau,2023-10-02,1.54,26.7,21.2,24.0,90.9,IMD_AWS_NASA_POWER_Blended
MH_DEC_03,Sinnar,Nashik,19.851,74.004,650,Deccan_Plateau,2023-10-03,0.0,28.2,20.5,24.3,87.4,IMD_AWS_NASA_POWER_Blended
MH_DEC_03,Sinnar,Nashik,19.851,74.004,650,Deccan_Plateau,2023-10-04,0.0,28.1,18.4,23.3,86.1,IMD_AWS_NASA_POWER_Blended
MH_DEC_03,Sinnar,Nashik,19.851,74.004,650,Deccan_Plateau,2023-10-05,0.0,28.1,18.3,23.2,85.6,IMD_AWS_NASA_POWER_Blended
MH_DEC_03,Sinnar,Nashik,19.851,74.004,650,Deccan_Plateau,2023-10-06,0.0,28.5,18.4,23.5,85.6,IMD_AWS_NASA_POWER_Blended
MH_DEC_03,Sinnar,Nashik,19.851,74.004,650,Deccan_Plateau,2023-10-07,0.0,29.6,19.8,24.7,84.1,IMD_AWS_NASA_POWER_Blended
MH_DEC_03,Sinnar,Nashik,19.851,74.004,650,Deccan_Plateau,2023-10-08,0.0,30.1,18.9,24.5,81.4,IMD_AWS_NASA_POWER_Blended
MH_DEC_03,Sinnar,Nashik,19.851,74.004,650,Deccan_Plateau,2023-10-09,0.0,29.6,19.4,24.5,77.9,IMD_AWS_NASA_POWER_Blended
MH_DEC_03,Sinnar,Nashik,19.851,74.004,650,Deccan_Plateau,2023-10-10,0.0,29.0,18.2,23.6,79.6,IMD_AWS_NASA_POWER_Blended
MH_DEC_03,Sinnar,Nashik,19.851,74.004,650,Deccan_Plateau,2023-10-11,0.0,29.6,18.5,24.0,79.8,IMD_AWS_NASA_POWER_Blended
MH_DEC_03,Sinnar,Nashik,19.851,74.004,650,Deccan_Plateau,2023-10-12,0.0,30.1,18.9,24.5,77.9,IMD_AWS_NASA_POWER_Blended
MH_DEC_03,Sinnar,Nashik,19.851,74.004,650,Deccan_Plateau,2023-10-13,0.0,30.4,19.4,24.9,75.4,IMD_AWS_NASA_POWER_Blended
MH_DEC_03,Sinnar,Nashik,19.851,74.004,650,Deccan_Plateau,2023-10-14,0.0,30.0,19.1,24.5,73.2,IMD_AWS_NASA_POWER_Blended
MH_DEC_03,Sinnar,Nashik,19.851,74.004,650,Deccan_Plateau,2023-10-15,0.0,29.4,19.5,24.5,76.9,IMD_AWS_NASA_POWER_Blended
MH_DEC_03,Sinnar,Nashik,19.851,74.004,650,Deccan_Plateau,2023-10-16,0.0,29.2,19.6,24.4,77.7,IMD_AWS_NASA_POWER_Blended
MH_DEC_03,Sinnar,Nashik,19.851,74.004,650,Deccan_Plateau,2023-10-17,2.86,29.4,19.4,24.4,76.8,IMD_AWS_NASA_POWER_Blended
MH_DEC_03,Sinnar,Nashik,19.851,74.004,650,Deccan_Plateau,2023-10-18,0.11,29.2,18.9,24.0,78.9,IMD_AWS_NASA_POWER_Blended
MH_DEC_03,Sinnar,Nashik,19.851,74.004,650,Deccan_Plateau,2023-10-19,0.0,29.4,18.8,24.1,74.1,IMD_AWS_NASA_POWER_Blended
MH_DEC_03,Sinnar,Nashik,19.851,74.004,650,Deccan_Plateau,2023-10-20,0.0,29.5,18.6,24.1,75.4,IMD_AWS_NASA_POWER_Blended
MH_DEC_03,Sinnar,Nashik,19.851,74.004,650,Deccan_Plateau,2023-10-21,0.0,29.5,18.9,24.2,77.9,IMD_AWS_NASA_POWER_Blended
MH_DEC_03,Sinnar,Nashik,19.851,74.004,650,Deccan_Plateau,2023-10-22,0.0,29.3,19.5,24.4,75.2,IMD_AWS_NASA_POWER_Blended
MH_DEC_03,Sinnar,Nashik,19.851,74.004,650,Deccan_Plateau,2023-10-23,0.0,29.5,18.4,23.9,73.0,IMD_AWS_NASA_POWER_Blended
MH_DEC_03,Sinnar,Nashik,19.851,74.004,650,Deccan_Plateau,2023-10-24,0.0,29.0,18.7,23.9,73.8,IMD_AWS_NASA_POWER_Blended
MH_DEC_03,Sinnar,Nashik,19.851,74.004,650,Deccan_Plateau,2023-10-25,0.0,28.9,17.3,23.1,70.2,IMD_AWS_NASA_POWER_Blended
MH_DEC_03,Sinnar,Nashik,19.851,74.004,650,Deccan_Plateau,2023-10-26,0.0,28.7,16.4,22.6,66.1,IMD_AWS_NASA_POWER_Blended
MH_DEC_03,Sinnar,Nashik,19.851,74.004,650,Deccan_Plateau,2023-10-27,0.0,28.6,15.8,22.2,65.0,IMD_AWS_NASA_POWER_Blended
MH_DEC_03,Sinnar,Nashik,19.851,74.004,650,Deccan_Plateau,2023-10-28,0.0,28.8,15.6,22.2,65.0,IMD_AWS_NASA_POWER_Blended
MH_DEC_03,Sinnar,Nashik,19.851,74.004,650,Deccan_Plateau,2023-10-29,0.0,29.2,15.3,22.3,66.4,IMD_AWS_NASA_POWER_Blended
MH_DEC_03,Sinnar,Nashik,19.851,74.004,650,Deccan_Plateau,2023-10-30,0.0,28.2,16.4,22.3,65.1,IMD_AWS_NASA_POWER_Blended
MH_DEC_03,Sinnar,Nashik,19.851,74.004,650,Deccan_Plateau,2023-10-31,0.0,28.2,15.2,21.7,65.7,IMD_AWS_NASA_POWER_Blended
MH_DEC_04,Dindori,Nashik,20.201,73.834,615,Deccan_Plateau,2023-06-01,0.0,39.2,22.7,30.9,46.7,IMD_AWS_NASA_POWER_Blended
MH_DEC_04,Dindori,Nashik,20.201,73.834,615,Deccan_Plateau,2023-06-02,0.2,35.5,23.1,29.3,59.4,IMD_AWS_NASA_POWER_Blended
MH_DEC_04,Dindori,Nashik,20.201,73.834,615,Deccan_Plateau,2023-06-03,0.06,33.4,23.6,28.5,67.2,IMD_AWS_NASA_POWER_Blended
MH_DEC_04,Dindori,Nashik,20.201,73.834,615,Deccan_Plateau,2023-06-04,1.46,33.9,24.2,29.1,64.6,IMD_AWS_NASA_POWER_Blended
MH_DEC_04,Dindori,Nashik,20.201,73.834,615,Deccan_Plateau,2023-06-05,1.89,34.7,23.4,29.0,65.3,IMD_AWS_NASA_POWER_Blended
MH_DEC_04,Dindori,Nashik,20.201,73.834,615,Deccan_Plateau,2023-06-06,0.03,36.7,23.7,30.2,62.0,IMD_AWS_NASA_POWER_Blended
MH_DEC_04,Dindori,Nashik,20.201,73.834,615,Deccan_Plateau,2023-06-07,0.07,36.7,23.2,29.9,61.5,IMD_AWS_NASA_POWER_Blended
MH_DEC_04,Dindori,Nashik,20.201,73.834,615,Deccan_Plateau,2023-06-08,0.07,36.4,23.8,30.1,62.6,IMD_AWS_NASA_POWER_Blended
MH_DEC_04,Dindori,Nashik,20.201,73.834,615,Deccan_Plateau,2023-06-09,0.36,36.1,24.5,30.3,64.9,IMD_AWS_NASA_POWER_Blended
MH_DEC_04,Dindori,Nashik,20.201,73.834,615,Deccan_Plateau,2023-06-10,1.33,33.4,24.8,29.1,68.9,IMD_AWS_NASA_POWER_Blended
MH_DEC_04,Dindori,Nashik,20.201,73.834,615,Deccan_Plateau,2023-06-11,0.6,35.7,24.2,30.0,60.5,IMD_AWS_NASA_POWER_Blended
MH_DEC_04,Dindori,Nashik,20.201,73.834,615,Deccan_Plateau,2023-06-12,0.73,36.0,23.8,29.9,59.1,IMD_AWS_NASA_POWER_Blended
MH_DEC_04,Dindori,Nashik,20.201,73.834,615,Deccan_Plateau,2023-06-13,2.26,34.7,23.5,29.1,64.4,IMD_AWS_NASA_POWER_Blended
MH_DEC_04,Dindori,Nashik,20.201,73.834,615,Deccan_Plateau,2023-06-14,5.11,33.9,23.5,28.7,68.6,IMD_AWS_NASA_POWER_Blended
MH_DEC_04,Dindori,Nashik,20.201,73.834,615,Deccan_Plateau,2023-06-15,0.88,33.7,23.5,28.6,71.4,IMD_AWS_NASA_POWER_Blended
MH_DEC_04,Dindori,Nashik,20.201,73.834,615,Deccan_Plateau,2023-06-16,1.26,33.1,24.0,28.6,73.9,IMD_AWS_NASA_POWER_Blended
MH_DEC_04,Dindori,Nashik,20.201,73.834,615,Deccan_Plateau,2023-06-17,0.76,32.8,24.0,28.4,74.9,IMD_AWS_NASA_POWER_Blended
MH_DEC_04,Dindori,Nashik,20.201,73.834,615,Deccan_Plateau,2023-06-18,0.05,33.6,23.8,28.7,73.0,IMD_AWS_NASA_POWER_Blended
MH_DEC_04,Dindori,Nashik,20.201,73.834,615,Deccan_Plateau,2023-06-19,0.01,34.0,23.7,28.9,71.6,IMD_AWS_NASA_POWER_Blended
MH_DEC_04,Dindori,Nashik,20.201,73.834,615,Deccan_Plateau,2023-06-20,0.01,34.3,23.9,29.1,71.2,IMD_AWS_NASA_POWER_Blended
MH_DEC_04,Dindori,Nashik,20.201,73.834,615,Deccan_Plateau,2023-06-21,0.0,34.3,23.7,29.0,69.0,IMD_AWS_NASA_POWER_Blended
MH_DEC_04,Dindori,Nashik,20.201,73.834,615,Deccan_Plateau,2023-06-22,0.27,34.0,23.9,28.9,69.0,IMD_AWS_NASA_POWER_Blended
MH_DEC_04,Dindori,Nashik,20.201,73.834,615,Deccan_Plateau,2023-06-23,1.17,33.9,23.7,28.8,69.4,IMD_AWS_NASA_POWER_Blended
MH_DEC_04,Dindori,Nashik,20.201,73.834,615,Deccan_Plateau,2023-06-24,19.21,30.3,23.5,26.9,80.0,IMD_AWS_NASA_POWER_Blended
MH_DEC_04,Dindori,Nashik,20.201,73.834,615,Deccan_Plateau,2023-06-25,21.82,29.3,22.5,25.9,77.3,IMD_AWS_NASA_POWER_Blended
MH_DEC_04,Dindori,Nashik,20.201,73.834,615,Deccan_Plateau,2023-06-26,26.47,26.0,21.5,23.8,82.5,IMD_AWS_NASA_POWER_Blended
MH_DEC_04,Dindori,Nashik,20.201,73.834,615,Deccan_Plateau,2023-06-27,34.88,26.1,21.0,23.5,85.6,IMD_AWS_NASA_POWER_Blended
MH_DEC_04,Dindori,Nashik,20.201,73.834,615,Deccan_Plateau,2023-06-28,57.39,26.8,21.1,24.0,89.0,IMD_AWS_NASA_POWER_Blended
MH_DEC_04,Dindori,Nashik,20.201,73.834,615,Deccan_Plateau,2023-06-29,30.49,24.8,21.9,23.3,89.6,IMD_AWS_NASA_POWER_Blended
MH_DEC_04,Dindori,Nashik,20.201,73.834,615,Deccan_Plateau,2023-06-30,58.54,25.5,21.7,23.6,91.0,IMD_AWS_NASA_POWER_Blended
MH_DEC_04,Dindori,Nashik,20.201,73.834,615,Deccan_Plateau,2023-07-01,43.14,27.4,22.7,25.0,90.3,IMD_AWS_NASA_POWER_Blended
MH_DEC_04,Dindori,Nashik,20.201,73.834,615,Deccan_Plateau,2023-07-02,27.73,28.4,23.4,25.9,89.1,IMD_AWS_NASA_POWER_Blended
MH_DEC_04,Dindori,Nashik,20.201,73.834,615,Deccan_Plateau,2023-07-03,10.93,29.3,23.0,26.2,88.0,IMD_AWS_NASA_POWER_Blended
MH_DEC_04,Dindori,Nashik,20.201,73.834,615,Deccan_Plateau,2023-07-04,11.61,29.2,23.3,26.2,90.1,IMD_AWS_NASA_POWER_Blended
MH_DEC_04,Dindori,Nashik,20.201,73.834,615,Deccan_Plateau,2023-07-05,10.77,28.4,23.0,25.7,89.9,IMD_AWS_NASA_POWER_Blended
MH_DEC_04,Dindori,Nashik,20.201,73.834,615,Deccan_Plateau,2023-07-06,21.32,26.5,21.6,24.0,90.3,IMD_AWS_NASA_POWER_Blended
MH_DEC_04,Dindori,Nashik,20.201,73.834,615,Deccan_Plateau,2023-07-07,22.19,26.6,23.2,24.9,94.0,IMD_AWS_NASA_POWER_Blended
MH_DEC_04,Dindori,Nashik,20.201,73.834,615,Deccan_Plateau,2023-07-08,14.2,26.8,22.9,24.9,92.6,IMD_AWS_NASA_POWER_Blended
MH_DEC_04,Dindori,Nashik,20.201,73.834,615,Deccan_Plateau,2023-07-09,14.56,27.2,22.6,24.9,91.2,IMD_AWS_NASA_POWER_Blended
MH_DEC_04,Dindori,Nashik,20.201,73.834,615,Deccan_Plateau,2023-07-10,11.19,26.9,22.6,24.8,91.3,IMD_AWS_NASA_POWER_Blended
MH_DEC_04,Dindori,Nashik,20.201,73.834,615,Deccan_Plateau,2023-07-11,12.51,27.3,22.3,24.8,90.5,IMD_AWS_NASA_POWER_Blended
MH_DEC_04,Dindori,Nashik,20.201,73.834,615,Deccan_Plateau,2023-07-12,10.49,26.7,22.8,24.8,89.2,IMD_AWS_NASA_POWER_Blended
MH_DEC_04,Dindori,Nashik,20.201,73.834,615,Deccan_Plateau,2023-07-13,14.78,27.4,22.5,24.9,89.1,IMD_AWS_NASA_POWER_Blended
MH_DEC_04,Dindori,Nashik,20.201,73.834,615,Deccan_Plateau,2023-07-14,17.05,26.9,22.4,24.6,89.7,IMD_AWS_NASA_POWER_Blended
MH_DEC_04,Dindori,Nashik,20.201,73.834,615,Deccan_Plateau,2023-07-15,14.74,27.2,22.2,24.7,90.8,IMD_AWS_NASA_POWER_Blended
MH_DEC_04,Dindori,Nashik,20.201,73.834,615,Deccan_Plateau,2023-07-16,11.51,27.1,23.1,25.1,91.8,IMD_AWS_NASA_POWER_Blended
MH_DEC_04,Dindori,Nashik,20.201,73.834,615,Deccan_Plateau,2023-07-17,12.81,27.4,22.8,25.1,89.9,IMD_AWS_NASA_POWER_Blended
MH_DEC_04,Dindori,Nashik,20.201,73.834,615,Deccan_Plateau,2023-07-18,53.15,25.4,23.1,24.3,94.3,IMD_AWS_NASA_POWER_Blended
MH_DEC_04,Dindori,Nashik,20.201,73.834,615,Deccan_Plateau,2023-07-19,63.72,26.5,23.3,24.9,93.9,IMD_AWS_NASA_POWER_Blended
MH_DEC_04,Dindori,Nashik,20.201,73.834,615,Deccan_Plateau,2023-07-20,44.27,26.8,22.8,24.8,94.1,IMD_AWS_NASA_POWER_Blended
MH_DEC_04,Dindori,Nashik,20.201,73.834,615,Deccan_Plateau,2023-07-21,24.33,25.6,22.6,24.1,94.4,IMD_AWS_NASA_POWER_Blended
MH_DEC_04,Dindori,Nashik,20.201,73.834,615,Deccan_Plateau,2023-07-22,29.37,25.3,22.6,24.0,95.4,IMD_AWS_NASA_POWER_Blended
MH_DEC_04,Dindori,Nashik,20.201,73.834,615,Deccan_Plateau,2023-07-23,25.85,27.1,22.8,24.9,93.6,IMD_AWS_NASA_POWER_Blended
MH_DEC_04,Dindori,Nashik,20.201,73.834,615,Deccan_Plateau,2023-07-24,29.11,27.0,22.9,25.0,92.2,IMD_AWS_NASA_POWER_Blended
MH_DEC_04,Dindori,Nashik,20.201,73.834,615,Deccan_Plateau,2023-07-25,42.09,26.2,22.7,24.4,93.7,IMD_AWS_NASA_POWER_Blended
MH_DEC_04,Dindori,Nashik,20.201,73.834,615,Deccan_Plateau,2023-07-26,25.46,26.1,22.4,24.3,94.5,IMD_AWS_NASA_POWER_Blended
MH_DEC_04,Dindori,Nashik,20.201,73.834,615,Deccan_Plateau,2023-07-27,45.12,25.9,22.7,24.3,94.2,IMD_AWS_NASA_POWER_Blended
MH_DEC_04,Dindori,Nashik,20.201,73.834,615,Deccan_Plateau,2023-07-28,37.03,26.0,22.6,24.3,94.0,IMD_AWS_NASA_POWER_Blended
MH_DEC_04,Dindori,Nashik,20.201,73.834,615,Deccan_Plateau,2023-07-29,10.0,26.4,22.0,24.2,92.5,IMD_AWS_NASA_POWER_Blended
MH_DEC_04,Dindori,Nashik,20.201,73.834,615,Deccan_Plateau,2023-07-30,7.48,26.5,22.4,24.4,92.6,IMD_AWS_NASA_POWER_Blended
MH_DEC_04,Dindori,Nashik,20.201,73.834,615,Deccan_Plateau,2023-07-31,8.5,27.1,22.4,24.8,91.8,IMD_AWS_NASA_POWER_Blended
MH_DEC_04,Dindori,Nashik,20.201,73.834,615,Deccan_Plateau,2023-08-01,6.4,27.0,22.6,24.8,91.7,IMD_AWS_NASA_POWER_Blended
MH_DEC_04,Dindori,Nashik,20.201,73.834,615,Deccan_Plateau,2023-08-02,3.51,26.2,22.2,24.2,92.8,IMD_AWS_NASA_POWER_Blended
MH_DEC_04,Dindori,Nashik,20.201,73.834,615,Deccan_Plateau,2023-08-03,2.27,25.6,22.0,23.8,92.8,IMD_AWS_NASA_POWER_Blended
MH_DEC_04,Dindori,Nashik,20.201,73.834,615,Deccan_Plateau,2023-08-04,4.02,27.1,22.1,24.6,91.0,IMD_AWS_NASA_POWER_Blended
MH_DEC_04,Dindori,Nashik,20.201,73.834,615,Deccan_Plateau,2023-08-05,5.47,26.4,22.0,24.2,91.3,IMD_AWS_NASA_POWER_Blended
MH_DEC_04,Dindori,Nashik,20.201,73.834,615,Deccan_Plateau,2023-08-06,3.68,27.3,21.8,24.6,90.1,IMD_AWS_NASA_POWER_Blended
MH_DEC_04,Dindori,Nashik,20.201,73.834,615,Deccan_Plateau,2023-08-07,1.13,26.2,21.7,24.0,90.8,IMD_AWS_NASA_POWER_Blended
MH_DEC_04,Dindori,Nashik,20.201,73.834,615,Deccan_Plateau,2023-08-08,1.55,26.4,21.9,24.1,91.3,IMD_AWS_NASA_POWER_Blended
MH_DEC_04,Dindori,Nashik,20.201,73.834,615,Deccan_Plateau,2023-08-09,1.25,26.9,21.9,24.4,90.6,IMD_AWS_NASA_POWER_Blended
MH_DEC_04,Dindori,Nashik,20.201,73.834,615,Deccan_Plateau,2023-08-10,2.92,27.2,21.6,24.4,90.5,IMD_AWS_NASA_POWER_Blended
MH_DEC_04,Dindori,Nashik,20.201,73.834,615,Deccan_Plateau,2023-08-11,3.81,27.7,21.4,24.5,89.1,IMD_AWS_NASA_POWER_Blended
MH_DEC_04,Dindori,Nashik,20.201,73.834,615,Deccan_Plateau,2023-08-12,4.52,27.3,21.5,24.4,88.9,IMD_AWS_NASA_POWER_Blended
MH_DEC_04,Dindori,Nashik,20.201,73.834,615,Deccan_Plateau,2023-08-13,2.3,26.8,21.4,24.1,89.9,IMD_AWS_NASA_POWER_Blended
MH_DEC_04,Dindori,Nashik,20.201,73.834,615,Deccan_Plateau,2023-08-14,2.39,26.3,21.4,23.8,89.4,IMD_AWS_NASA_POWER_Blended
MH_DEC_04,Dindori,Nashik,20.201,73.834,615,Deccan_Plateau,2023-08-15,2.38,27.3,21.2,24.2,88.5,IMD_AWS_NASA_POWER_Blended
MH_DEC_04,Dindori,Nashik,20.201,73.834,615,Deccan_Plateau,2023-08-16,1.63,27.4,21.3,24.3,89.1,IMD_AWS_NASA_POWER_Blended
MH_DEC_04,Dindori,Nashik,20.201,73.834,615,Deccan_Plateau,2023-08-17,0.79,27.7,21.1,24.4,88.0,IMD_AWS_NASA_POWER_Blended
MH_DEC_04,Dindori,Nashik,20.201,73.834,615,Deccan_Plateau,2023-08-18,0.68,27.7,21.2,24.4,88.3,IMD_AWS_NASA_POWER_Blended
MH_DEC_04,Dindori,Nashik,20.201,73.834,615,Deccan_Plateau,2023-08-19,2.67,27.7,21.4,24.6,88.5,IMD_AWS_NASA_POWER_Blended
MH_DEC_04,Dindori,Nashik,20.201,73.834,615,Deccan_Plateau,2023-08-20,2.88,26.8,21.7,24.3,88.7,IMD_AWS_NASA_POWER_Blended
MH_DEC_04,Dindori,Nashik,20.201,73.834,615,Deccan_Plateau,2023-08-21,1.58,27.6,20.8,24.2,87.8,IMD_AWS_NASA_POWER_Blended
MH_DEC_04,Dindori,Nashik,20.201,73.834,615,Deccan_Plateau,2023-08-22,4.31,28.1,21.3,24.7,88.5,IMD_AWS_NASA_POWER_Blended
MH_DEC_04,Dindori,Nashik,20.201,73.834,615,Deccan_Plateau,2023-08-23,3.8,28.2,21.5,24.9,88.0,IMD_AWS_NASA_POWER_Blended
MH_DEC_04,Dindori,Nashik,20.201,73.834,615,Deccan_Plateau,2023-08-24,5.04,27.5,22.2,24.9,88.7,IMD_AWS_NASA_POWER_Blended
MH_DEC_04,Dindori,Nashik,20.201,73.834,615,Deccan_Plateau,2023-08-25,6.98,28.6,22.1,25.4,89.3,IMD_AWS_NASA_POWER_Blended
MH_DEC_04,Dindori,Nashik,20.201,73.834,615,Deccan_Plateau,2023-08-26,8.12,28.4,22.1,25.3,88.3,IMD_AWS_NASA_POWER_Blended
MH_DEC_04,Dindori,Nashik,20.201,73.834,615,Deccan_Plateau,2023-08-27,4.86,28.7,21.9,25.3,87.3,IMD_AWS_NASA_POWER_Blended
MH_DEC_04,Dindori,Nashik,20.201,73.834,615,Deccan_Plateau,2023-08-28,1.35,27.9,21.6,24.8,88.5,IMD_AWS_NASA_POWER_Blended
MH_DEC_04,Dindori,Nashik,20.201,73.834,615,Deccan_Plateau,2023-08-29,0.23,28.5,21.2,24.9,87.0,IMD_AWS_NASA_POWER_Blended
MH_DEC_04,Dindori,Nashik,20.201,73.834,615,Deccan_Plateau,2023-08-30,0.01,29.0,20.5,24.7,86.2,IMD_AWS_NASA_POWER_Blended
MH_DEC_04,Dindori,Nashik,20.201,73.834,615,Deccan_Plateau,2023-08-31,0.22,29.9,20.4,25.1,84.0,IMD_AWS_NASA_POWER_Blended
MH_DEC_04,Dindori,Nashik,20.201,73.834,615,Deccan_Plateau,2023-09-01,2.5,30.6,20.8,25.7,83.6,IMD_AWS_NASA_POWER_Blended
MH_DEC_04,Dindori,Nashik,20.201,73.834,615,Deccan_Plateau,2023-09-02,7.81,29.6,21.2,25.4,87.1,IMD_AWS_NASA_POWER_Blended
MH_DEC_04,Dindori,Nashik,20.201,73.834,615,Deccan_Plateau,2023-09-03,1.02,29.1,21.3,25.2,87.8,IMD_AWS_NASA_POWER_Blended
MH_DEC_04,Dindori,Nashik,20.201,73.834,615,Deccan_Plateau,2023-09-04,0.12,28.7,20.6,24.6,86.4,IMD_AWS_NASA_POWER_Blended
MH_DEC_04,Dindori,Nashik,20.201,73.834,615,Deccan_Plateau,2023-09-05,0.05,28.8,20.3,24.6,86.4,IMD_AWS_NASA_POWER_Blended
MH_DEC_04,Dindori,Nashik,20.201,73.834,615,Deccan_Plateau,2023-09-06,1.75,28.7,20.6,24.7,88.0,IMD_AWS_NASA_POWER_Blended
MH_DEC_04,Dindori,Nashik,20.201,73.834,615,Deccan_Plateau,2023-09-07,22.29,26.1,22.7,24.4,93.2,IMD_AWS_NASA_POWER_Blended
MH_DEC_04,Dindori,Nashik,20.201,73.834,615,Deccan_Plateau,2023-09-08,61.9,25.0,23.3,24.2,94.8,IMD_AWS_NASA_POWER_Blended
MH_DEC_04,Dindori,Nashik,20.201,73.834,615,Deccan_Plateau,2023-09-09,18.91,25.2,22.8,24.0,93.1,IMD_AWS_NASA_POWER_Blended
MH_DEC_04,Dindori,Nashik,20.201,73.834,615,Deccan_Plateau,2023-09-10,1.5,27.4,22.8,25.1,90.3,IMD_AWS_NASA_POWER_Blended
MH_DEC_04,Dindori,Nashik,20.201,73.834,615,Deccan_Plateau,2023-09-11,0.28,27.9,22.4,25.1,89.3,IMD_AWS_NASA_POWER_Blended
MH_DEC_04,Dindori,Nashik,20.201,73.834,615,Deccan_Plateau,2023-09-12,0.06,28.1,21.7,24.9,87.9,IMD_AWS_NASA_POWER_Blended
MH_DEC_04,Dindori,Nashik,20.201,73.834,615,Deccan_Plateau,2023-09-13,1.02,27.5,21.4,24.4,89.2,IMD_AWS_NASA_POWER_Blended
MH_DEC_04,Dindori,Nashik,20.201,73.834,615,Deccan_Plateau,2023-09-14,2.16,26.3,21.5,23.9,89.8,IMD_AWS_NASA_POWER_Blended
MH_DEC_04,Dindori,Nashik,20.201,73.834,615,Deccan_Plateau,2023-09-15,2.3,25.9,21.3,23.6,91.2,IMD_AWS_NASA_POWER_Blended
MH_DEC_04,Dindori,Nashik,20.201,73.834,615,Deccan_Plateau,2023-09-16,6.27,24.6,21.5,23.1,92.4,IMD_AWS_NASA_POWER_Blended
MH_DEC_04,Dindori,Nashik,20.201,73.834,615,Deccan_Plateau,2023-09-17,7.12,26.3,21.9,24.1,91.0,IMD_AWS_NASA_POWER_Blended
MH_DEC_04,Dindori,Nashik,20.201,73.834,615,Deccan_Plateau,2023-09-18,16.5,28.6,22.3,25.4,89.7,IMD_AWS_NASA_POWER_Blended
MH_DEC_04,Dindori,Nashik,20.201,73.834,615,Deccan_Plateau,2023-09-19,10.51,28.2,22.3,25.3,89.8,IMD_AWS_NASA_POWER_Blended
MH_DEC_04,Dindori,Nashik,20.201,73.834,615,Deccan_Plateau,2023-09-20,6.19,28.8,22.3,25.5,91.0,IMD_AWS_NASA_POWER_Blended
MH_DEC_04,Dindori,Nashik,20.201,73.834,615,Deccan_Plateau,2023-09-21,16.93,27.5,22.5,25.0,91.4,IMD_AWS_NASA_POWER_Blended
MH_DEC_04,Dindori,Nashik,20.201,73.834,615,Deccan_Plateau,2023-09-22,21.93,28.4,21.6,25.0,90.6,IMD_AWS_NASA_POWER_Blended
MH_DEC_04,Dindori,Nashik,20.201,73.834,615,Deccan_Plateau,2023-09-23,18.41,26.8,22.3,24.6,92.7,IMD_AWS_NASA_POWER_Blended
MH_DEC_04,Dindori,Nashik,20.201,73.834,615,Deccan_Plateau,2023-09-24,9.4,27.0,22.0,24.5,92.1,IMD_AWS_NASA_POWER_Blended
MH_DEC_04,Dindori,Nashik,20.201,73.834,615,Deccan_Plateau,2023-09-25,18.44,27.8,21.6,24.7,92.8,IMD_AWS_NASA_POWER_Blended
MH_DEC_04,Dindori,Nashik,20.201,73.834,615,Deccan_Plateau,2023-09-26,24.65,28.6,22.3,25.4,88.5,IMD_AWS_NASA_POWER_Blended
MH_DEC_04,Dindori,Nashik,20.201,73.834,615,Deccan_Plateau,2023-09-27,20.66,28.4,21.9,25.1,89.3,IMD_AWS_NASA_POWER_Blended
MH_DEC_04,Dindori,Nashik,20.201,73.834,615,Deccan_Plateau,2023-09-28,7.53,28.5,21.9,25.2,88.2,IMD_AWS_NASA_POWER_Blended
MH_DEC_04,Dindori,Nashik,20.201,73.834,615,Deccan_Plateau,2023-09-29,14.81,28.5,21.5,25.0,88.0,IMD_AWS_NASA_POWER_Blended
MH_DEC_04,Dindori,Nashik,20.201,73.834,615,Deccan_Plateau,2023-09-30,5.16,28.5,21.6,25.1,87.2,IMD_AWS_NASA_POWER_Blended
MH_DEC_04,Dindori,Nashik,20.201,73.834,615,Deccan_Plateau,2023-10-01,0.91,28.6,21.5,25.1,87.3,IMD_AWS_NASA_POWER_Blended
MH_DEC_04,Dindori,Nashik,20.201,73.834,615,Deccan_Plateau,2023-10-02,1.54,26.7,21.2,24.0,90.9,IMD_AWS_NASA_POWER_Blended
MH_DEC_04,Dindori,Nashik,20.201,73.834,615,Deccan_Plateau,2023-10-03,0.0,28.2,20.5,24.3,87.4,IMD_AWS_NASA_POWER_Blended
MH_DEC_04,Dindori,Nashik,20.201,73.834,615,Deccan_Plateau,2023-10-04,0.0,28.1,18.4,23.3,86.1,IMD_AWS_NASA_POWER_Blended
MH_DEC_04,Dindori,Nashik,20.201,73.834,615,Deccan_Plateau,2023-10-05,0.0,28.1,18.3,23.2,85.6,IMD_AWS_NASA_POWER_Blended
MH_DEC_04,Dindori,Nashik,20.201,73.834,615,Deccan_Plateau,2023-10-06,0.0,28.5,18.4,23.5,85.6,IMD_AWS_NASA_POWER_Blended
MH_DEC_04,Dindori,Nashik,20.201,73.834,615,Deccan_Plateau,2023-10-07,0.0,29.6,19.8,24.7,84.1,IMD_AWS_NASA_POWER_Blended
MH_DEC_04,Dindori,Nashik,20.201,73.834,615,Deccan_Plateau,2023-10-08,0.0,30.1,18.9,24.5,81.4,IMD_AWS_NASA_POWER_Blended
MH_DEC_04,Dindori,Nashik,20.201,73.834,615,Deccan_Plateau,2023-10-09,0.0,29.6,19.4,24.5,77.9,IMD_AWS_NASA_POWER_Blended
MH_DEC_04,Dindori,Nashik,20.201,73.834,615,Deccan_Plateau,2023-10-10,0.0,29.0,18.2,23.6,79.6,IMD_AWS_NASA_POWER_Blended
MH_DEC_04,Dindori,Nashik,20.201,73.834,615,Deccan_Plateau,2023-10-11,0.0,29.6,18.5,24.0,79.8,IMD_AWS_NASA_POWER_Blended
MH_DEC_04,Dindori,Nashik,20.201,73.834,615,Deccan_Plateau,2023-10-12,0.0,30.1,18.9,24.5,77.9,IMD_AWS_NASA_POWER_Blended
MH_DEC_04,Dindori,Nashik,20.201,73.834,615,Deccan_Plateau,2023-10-13,0.0,30.4,19.4,24.9,75.4,IMD_AWS_NASA_POWER_Blended
MH_DEC_04,Dindori,Nashik,20.201,73.834,615,Deccan_Plateau,2023-10-14,0.0,30.0,19.1,24.5,73.2,IMD_AWS_NASA_POWER_Blended
MH_DEC_04,Dindori,Nashik,20.201,73.834,615,Deccan_Plateau,2023-10-15,0.0,29.4,19.5,24.5,76.9,IMD_AWS_NASA_POWER_Blended
MH_DEC_04,Dindori,Nashik,20.201,73.834,615,Deccan_Plateau,2023-10-16,0.0,29.2,19.6,24.4,77.7,IMD_AWS_NASA_POWER_Blended
MH_DEC_04,Dindori,Nashik,20.201,73.834,615,Deccan_Plateau,2023-10-17,2.86,29.4,19.4,24.4,76.8,IMD_AWS_NASA_POWER_Blended
MH_DEC_04,Dindori,Nashik,20.201,73.834,615,Deccan_Plateau,2023-10-18,0.11,29.2,18.9,24.0,78.9,IMD_AWS_NASA_POWER_Blended
MH_DEC_04,Dindori,Nashik,20.201,73.834,615,Deccan_Plateau,2023-10-19,0.0,29.4,18.8,24.1,74.1,IMD_AWS_NASA_POWER_Blended
MH_DEC_04,Dindori,Nashik,20.201,73.834,615,Deccan_Plateau,2023-10-20,0.0,29.5,18.6,24.1,75.4,IMD_AWS_NASA_POWER_Blended
MH_DEC_04,Dindori,Nashik,20.201,73.834,615,Deccan_Plateau,2023-10-21,0.0,29.5,18.9,24.2,77.9,IMD_AWS_NASA_POWER_Blended
MH_DEC_04,Dindori,Nashik,20.201,73.834,615,Deccan_Plateau,2023-10-22,0.0,29.3,19.5,24.4,75.2,IMD_AWS_NASA_POWER_Blended
MH_DEC_04,Dindori,Nashik,20.201,73.834,615,Deccan_Plateau,2023-10-23,0.0,29.5,18.4,23.9,73.0,IMD_AWS_NASA_POWER_Blended
MH_DEC_04,Dindori,Nashik,20.201,73.834,615,Deccan_Plateau,2023-10-24,0.0,29.0,18.7,23.9,73.8,IMD_AWS_NASA_POWER_Blended
MH_DEC_04,Dindori,Nashik,20.201,73.834,615,Deccan_Plateau,2023-10-25,0.0,28.9,17.3,23.1,70.2,IMD_AWS_NASA_POWER_Blended
MH_DEC_04,Dindori,Nashik,20.201,73.834,615,Deccan_Plateau,2023-10-26,0.0,28.7,16.4,22.6,66.1,IMD_AWS_NASA_POWER_Blended
MH_DEC_04,Dindori,Nashik,20.201,73.834,615,Deccan_Plateau,2023-10-27,0.0,28.6,15.8,22.2,65.0,IMD_AWS_NASA_POWER_Blended
MH_DEC_04,Dindori,Nashik,20.201,73.834,615,Deccan_Plateau,2023-10-28,0.0,28.8,15.6,22.2,65.0,IMD_AWS_NASA_POWER_Blended
MH_DEC_04,Dindori,Nashik,20.201,73.834,615,Deccan_Plateau,2023-10-29,0.0,29.2,15.3,22.3,66.4,IMD_AWS_NASA_POWER_Blended
MH_DEC_04,Dindori,Nashik,20.201,73.834,615,Deccan_Plateau,2023-10-30,0.0,28.2,16.4,22.3,65.1,IMD_AWS_NASA_POWER_Blended
MH_DEC_04,Dindori,Nashik,20.201,73.834,615,Deccan_Plateau,2023-10-31,0.0,28.2,15.2,21.7,65.7,IMD_AWS_NASA_POWER_Blended
MH_DEC_05,Kalwan,Nashik,20.485,73.978,580,Deccan_Plateau,2023-06-01,0.0,39.2,23.4,31.3,47.7,IMD_AWS_NASA_POWER_Blended
MH_DEC_05,Kalwan,Nashik,20.485,73.978,580,Deccan_Plateau,2023-06-02,0.1,35.3,23.5,29.4,61.8,IMD_AWS_NASA_POWER_Blended
MH_DEC_05,Kalwan,Nashik,20.485,73.978,580,Deccan_Plateau,2023-06-03,0.21,33.2,24.4,28.8,68.5,IMD_AWS_NASA_POWER_Blended
MH_DEC_05,Kalwan,Nashik,20.485,73.978,580,Deccan_Plateau,2023-06-04,0.82,34.6,24.6,29.6,63.4,IMD_AWS_NASA_POWER_Blended
MH_DEC_05,Kalwan,Nashik,20.485,73.978,580,Deccan_Plateau,2023-06-05,1.2,35.4,23.8,29.6,63.9,IMD_AWS_NASA_POWER_Blended
MH_DEC_05,Kalwan,Nashik,20.485,73.978,580,Deccan_Plateau,2023-06-06,0.01,37.0,24.1,30.6,61.5,IMD_AWS_NASA_POWER_Blended
MH_DEC_05,Kalwan,Nashik,20.485,73.978,580,Deccan_Plateau,2023-06-07,0.02,37.4,23.6,30.5,61.1,IMD_AWS_NASA_POWER_Blended
MH_DEC_05,Kalwan,Nashik,20.485,73.978,580,Deccan_Plateau,2023-06-08,0.0,36.7,24.1,30.4,61.6,IMD_AWS_NASA_POWER_Blended
MH_DEC_05,Kalwan,Nashik,20.485,73.978,580,Deccan_Plateau,2023-06-09,0.06,36.8,24.9,30.9,63.4,IMD_AWS_NASA_POWER_Blended
MH_DEC_05,Kalwan,Nashik,20.485,73.978,580,Deccan_Plateau,2023-06-10,0.75,33.6,25.5,29.5,67.0,IMD_AWS_NASA_POWER_Blended
MH_DEC_05,Kalwan,Nashik,20.485,73.978,580,Deccan_Plateau,2023-06-11,0.35,37.1,24.7,30.9,57.5,IMD_AWS_NASA_POWER_Blended
MH_DEC_05,Kalwan,Nashik,20.485,73.978,580,Deccan_Plateau,2023-06-12,0.19,37.5,24.4,31.0,55.4,IMD_AWS_NASA_POWER_Blended
MH_DEC_05,Kalwan,Nashik,20.485,73.978,580,Deccan_Plateau,2023-06-13,1.67,36.0,24.3,30.1,60.9,IMD_AWS_NASA_POWER_Blended
MH_DEC_05,Kalwan,Nashik,20.485,73.978,580,Deccan_Plateau,2023-06-14,3.1,35.4,24.2,29.8,64.5,IMD_AWS_NASA_POWER_Blended
MH_DEC_05,Kalwan,Nashik,20.485,73.978,580,Deccan_Plateau,2023-06-15,1.47,34.9,24.0,29.5,68.5,IMD_AWS_NASA_POWER_Blended
MH_DEC_05,Kalwan,Nashik,20.485,73.978,580,Deccan_Plateau,2023-06-16,1.51,34.0,24.6,29.3,71.8,IMD_AWS_NASA_POWER_Blended
MH_DEC_05,Kalwan,Nashik,20.485,73.978,580,Deccan_Plateau,2023-06-17,0.79,32.9,24.5,28.7,74.2,IMD_AWS_NASA_POWER_Blended
MH_DEC_05,Kalwan,Nashik,20.485,73.978,580,Deccan_Plateau,2023-06-18,0.13,34.2,24.2,29.2,71.6,IMD_AWS_NASA_POWER_Blended
MH_DEC_05,Kalwan,Nashik,20.485,73.978,580,Deccan_Plateau,2023-06-19,0.06,34.9,24.1,29.5,70.7,IMD_AWS_NASA_POWER_Blended
MH_DEC_05,Kalwan,Nashik,20.485,73.978,580,Deccan_Plateau,2023-06-20,0.07,35.0,24.3,29.7,70.1,IMD_AWS_NASA_POWER_Blended
MH_DEC_05,Kalwan,Nashik,20.485,73.978,580,Deccan_Plateau,2023-06-21,0.0,34.1,24.2,29.2,67.8,IMD_AWS_NASA_POWER_Blended
MH_DEC_05,Kalwan,Nashik,20.485,73.978,580,Deccan_Plateau,2023-06-22,0.26,34.4,24.3,29.3,68.7,IMD_AWS_NASA_POWER_Blended
MH_DEC_05,Kalwan,Nashik,20.485,73.978,580,Deccan_Plateau,2023-06-23,0.95,34.2,24.2,29.2,68.9,IMD_AWS_NASA_POWER_Blended
MH_DEC_05,Kalwan,Nashik,20.485,73.978,580,Deccan_Plateau,2023-06-24,10.4,31.9,24.0,27.9,76.6,IMD_AWS_NASA_POWER_Blended
MH_DEC_05,Kalwan,Nashik,20.485,73.978,580,Deccan_Plateau,2023-06-25,11.12,31.1,23.1,27.1,72.8,IMD_AWS_NASA_POWER_Blended
MH_DEC_05,Kalwan,Nashik,20.485,73.978,580,Deccan_Plateau,2023-06-26,16.9,27.5,22.1,24.8,79.6,IMD_AWS_NASA_POWER_Blended
MH_DEC_05,Kalwan,Nashik,20.485,73.978,580,Deccan_Plateau,2023-06-27,29.68,28.0,21.7,24.8,82.3,IMD_AWS_NASA_POWER_Blended
MH_DEC_05,Kalwan,Nashik,20.485,73.978,580,Deccan_Plateau,2023-06-28,55.66,27.2,21.9,24.6,87.6,IMD_AWS_NASA_POWER_Blended
MH_DEC_05,Kalwan,Nashik,20.485,73.978,580,Deccan_Plateau,2023-06-29,36.64,24.4,22.2,23.3,90.9,IMD_AWS_NASA_POWER_Blended
MH_DEC_05,Kalwan,Nashik,20.485,73.978,580,Deccan_Plateau,2023-06-30,47.58,25.7,22.0,23.8,90.8,IMD_AWS_NASA_POWER_Blended
MH_DEC_05,Kalwan,Nashik,20.485,73.978,580,Deccan_Plateau,2023-07-01,42.24,27.4,22.8,25.1,90.3,IMD_AWS_NASA_POWER_Blended
MH_DEC_05,Kalwan,Nashik,20.485,73.978,580,Deccan_Plateau,2023-07-02,24.4,29.1,23.7,26.4,87.7,IMD_AWS_NASA_POWER_Blended
MH_DEC_05,Kalwan,Nashik,20.485,73.978,580,Deccan_Plateau,2023-07-03,5.89,29.9,23.3,26.6,86.8,IMD_AWS_NASA_POWER_Blended
MH_DEC_05,Kalwan,Nashik,20.485,73.978,580,Deccan_Plateau,2023-07-04,8.7,29.7,24.0,26.9,89.1,IMD_AWS_NASA_POWER_Blended
MH_DEC_05,Kalwan,Nashik,20.485,73.978,580,Deccan_Plateau,2023-07-05,14.1,29.0,23.6,26.3,88.7,IMD_AWS_NASA_POWER_Blended
MH_DEC_05,Kalwan,Nashik,20.485,73.978,580,Deccan_Plateau,2023-07-06,19.69,28.6,22.3,25.5,87.9,IMD_AWS_NASA_POWER_Blended
MH_DEC_05,Kalwan,Nashik,20.485,73.978,580,Deccan_Plateau,2023-07-07,15.1,28.6,23.0,25.8,92.4,IMD_AWS_NASA_POWER_Blended
MH_DEC_05,Kalwan,Nashik,20.485,73.978,580,Deccan_Plateau,2023-07-08,13.14,27.6,23.4,25.5,91.6,IMD_AWS_NASA_POWER_Blended
MH_DEC_05,Kalwan,Nashik,20.485,73.978,580,Deccan_Plateau,2023-07-09,13.07,28.4,23.1,25.8,89.6,IMD_AWS_NASA_POWER_Blended
MH_DEC_05,Kalwan,Nashik,20.485,73.978,580,Deccan_Plateau,2023-07-10,17.06,27.4,23.1,25.2,91.1,IMD_AWS_NASA_POWER_Blended
MH_DEC_05,Kalwan,Nashik,20.485,73.978,580,Deccan_Plateau,2023-07-11,14.5,27.7,22.9,25.3,90.0,IMD_AWS_NASA_POWER_Blended
MH_DEC_05,Kalwan,Nashik,20.485,73.978,580,Deccan_Plateau,2023-07-12,10.48,27.5,23.4,25.4,88.9,IMD_AWS_NASA_POWER_Blended
MH_DEC_05,Kalwan,Nashik,20.485,73.978,580,Deccan_Plateau,2023-07-13,12.44,28.1,23.2,25.7,89.1,IMD_AWS_NASA_POWER_Blended
MH_DEC_05,Kalwan,Nashik,20.485,73.978,580,Deccan_Plateau,2023-07-14,17.23,27.4,22.7,25.0,89.3,IMD_AWS_NASA_POWER_Blended
MH_DEC_05,Kalwan,Nashik,20.485,73.978,580,Deccan_Plateau,2023-07-15,18.91,27.3,22.4,24.9,91.1,IMD_AWS_NASA_POWER_Blended
MH_DEC_05,Kalwan,Nashik,20.485,73.978,580,Deccan_Plateau,2023-07-16,9.16,27.5,23.4,25.5,91.4,IMD_AWS_NASA_POWER_Blended
MH_DEC_05,Kalwan,Nashik,20.485,73.978,580,Deccan_Plateau,2023-07-17,4.91,27.9,23.2,25.5,89.5,IMD_AWS_NASA_POWER_Blended
MH_DEC_05,Kalwan,Nashik,20.485,73.978,580,Deccan_Plateau,2023-07-18,37.61,26.2,23.5,24.9,93.6,IMD_AWS_NASA_POWER_Blended
MH_DEC_05,Kalwan,Nashik,20.485,73.978,580,Deccan_Plateau,2023-07-19,47.9,27.1,23.5,25.3,93.4,IMD_AWS_NASA_POWER_Blended
MH_DEC_05,Kalwan,Nashik,20.485,73.978,580,Deccan_Plateau,2023-07-20,38.2,27.8,23.4,25.6,93.2,IMD_AWS_NASA_POWER_Blended
MH_DEC_05,Kalwan,Nashik,20.485,73.978,580,Deccan_Plateau,2023-07-21,17.48,26.2,23.2,24.7,93.9,IMD_AWS_NASA_POWER_Blended
MH_DEC_05,Kalwan,Nashik,20.485,73.978,580,Deccan_Plateau,2023-07-22,32.35,25.9,23.1,24.5,95.0,IMD_AWS_NASA_POWER_Blended
MH_DEC_05,Kalwan,Nashik,20.485,73.978,580,Deccan_Plateau,2023-07-23,32.14,27.9,23.5,25.7,92.8,IMD_AWS_NASA_POWER_Blended
MH_DEC_05,Kalwan,Nashik,20.485,73.978,580,Deccan_Plateau,2023-07-24,18.24,27.6,23.3,25.4,91.8,IMD_AWS_NASA_POWER_Blended
MH_DEC_05,Kalwan,Nashik,20.485,73.978,580,Deccan_Plateau,2023-07-25,30.65,27.6,23.1,25.3,92.4,IMD_AWS_NASA_POWER_Blended
MH_DEC_05,Kalwan,Nashik,20.485,73.978,580,Deccan_Plateau,2023-07-26,12.21,27.4,22.9,25.1,93.1,IMD_AWS_NASA_POWER_Blended
MH_DEC_05,Kalwan,Nashik,20.485,73.978,580,Deccan_Plateau,2023-07-27,35.88,26.7,23.1,24.9,93.7,IMD_AWS_NASA_POWER_Blended
MH_DEC_05,Kalwan,Nashik,20.485,73.978,580,Deccan_Plateau,2023-07-28,33.18,26.6,23.2,24.9,93.3,IMD_AWS_NASA_POWER_Blended
MH_DEC_05,Kalwan,Nashik,20.485,73.978,580,Deccan_Plateau,2023-07-29,7.15,26.4,22.5,24.4,92.6,IMD_AWS_NASA_POWER_Blended
MH_DEC_05,Kalwan,Nashik,20.485,73.978,580,Deccan_Plateau,2023-07-30,6.56,26.9,22.8,24.8,92.1,IMD_AWS_NASA_POWER_Blended
MH_DEC_05,Kalwan,Nashik,20.485,73.978,580,Deccan_Plateau,2023-07-31,7.26,27.5,22.9,25.2,91.8,IMD_AWS_NASA_POWER_Blended
MH_DEC_05,Kalwan,Nashik,20.485,73.978,580,Deccan_Plateau,2023-08-01,4.88,27.2,23.1,25.1,91.8,IMD_AWS_NASA_POWER_Blended
MH_DEC_05,Kalwan,Nashik,20.485,73.978,580,Deccan_Plateau,2023-08-02,3.01,27.1,22.7,24.9,92.2,IMD_AWS_NASA_POWER_Blended
MH_DEC_05,Kalwan,Nashik,20.485,73.978,580,Deccan_Plateau,2023-08-03,1.73,25.8,22.4,24.1,92.8,IMD_AWS_NASA_POWER_Blended
MH_DEC_05,Kalwan,Nashik,20.485,73.978,580,Deccan_Plateau,2023-08-04,1.8,27.5,22.5,25.0,90.5,IMD_AWS_NASA_POWER_Blended
MH_DEC_05,Kalwan,Nashik,20.485,73.978,580,Deccan_Plateau,2023-08-05,4.61,27.2,22.4,24.8,90.6,IMD_AWS_NASA_POWER_Blended
MH_DEC_05,Kalwan,Nashik,20.485,73.978,580,Deccan_Plateau,2023-08-06,3.76,27.3,22.3,24.8,90.3,IMD_AWS_NASA_POWER_Blended
MH_DEC_05,Kalwan,Nashik,20.485,73.978,580,Deccan_Plateau,2023-08-07,0.82,27.0,22.1,24.6,89.6,IMD_AWS_NASA_POWER_Blended
MH_DEC_05,Kalwan,Nashik,20.485,73.978,580,Deccan_Plateau,2023-08-08,0.98,27.0,22.2,24.6,90.4,IMD_AWS_NASA_POWER_Blended
MH_DEC_05,Kalwan,Nashik,20.485,73.978,580,Deccan_Plateau,2023-08-09,0.76,27.8,22.4,25.1,89.5,IMD_AWS_NASA_POWER_Blended
MH_DEC_05,Kalwan,Nashik,20.485,73.978,580,Deccan_Plateau,2023-08-10,2.23,27.4,21.9,24.7,90.3,IMD_AWS_NASA_POWER_Blended
MH_DEC_05,Kalwan,Nashik,20.485,73.978,580,Deccan_Plateau,2023-08-11,3.75,28.2,21.8,25.0,89.0,IMD_AWS_NASA_POWER_Blended
MH_DEC_05,Kalwan,Nashik,20.485,73.978,580,Deccan_Plateau,2023-08-12,4.11,27.8,21.9,24.8,88.5,IMD_AWS_NASA_POWER_Blended
MH_DEC_05,Kalwan,Nashik,20.485,73.978,580,Deccan_Plateau,2023-08-13,1.8,27.7,21.7,24.7,88.7,IMD_AWS_NASA_POWER_Blended
MH_DEC_05,Kalwan,Nashik,20.485,73.978,580,Deccan_Plateau,2023-08-14,1.64,26.9,21.7,24.3,88.8,IMD_AWS_NASA_POWER_Blended
MH_DEC_05,Kalwan,Nashik,20.485,73.978,580,Deccan_Plateau,2023-08-15,1.58,27.6,21.6,24.6,88.2,IMD_AWS_NASA_POWER_Blended
MH_DEC_05,Kalwan,Nashik,20.485,73.978,580,Deccan_Plateau,2023-08-16,0.93,28.0,21.6,24.8,88.2,IMD_AWS_NASA_POWER_Blended
MH_DEC_05,Kalwan,Nashik,20.485,73.978,580,Deccan_Plateau,2023-08-17,0.56,27.4,21.6,24.5,88.0,IMD_AWS_NASA_POWER_Blended
MH_DEC_05,Kalwan,Nashik,20.485,73.978,580,Deccan_Plateau,2023-08-18,0.56,27.9,21.6,24.8,87.6,IMD_AWS_NASA_POWER_Blended
MH_DEC_05,Kalwan,Nashik,20.485,73.978,580,Deccan_Plateau,2023-08-19,1.56,28.1,21.9,25.0,88.1,IMD_AWS_NASA_POWER_Blended
MH_DEC_05,Kalwan,Nashik,20.485,73.978,580,Deccan_Plateau,2023-08-20,2.4,26.9,22.1,24.5,88.6,IMD_AWS_NASA_POWER_Blended
MH_DEC_05,Kalwan,Nashik,20.485,73.978,580,Deccan_Plateau,2023-08-21,0.92,28.0,21.5,24.8,87.7,IMD_AWS_NASA_POWER_Blended
MH_DEC_05,Kalwan,Nashik,20.485,73.978,580,Deccan_Plateau,2023-08-22,2.71,28.3,22.1,25.2,88.2,IMD_AWS_NASA_POWER_Blended
MH_DEC_05,Kalwan,Nashik,20.485,73.978,580,Deccan_Plateau,2023-08-23,2.55,28.8,22.0,25.4,87.4,IMD_AWS_NASA_POWER_Blended
MH_DEC_05,Kalwan,Nashik,20.485,73.978,580,Deccan_Plateau,2023-08-24,3.39,28.0,22.5,25.2,88.3,IMD_AWS_NASA_POWER_Blended
MH_DEC_05,Kalwan,Nashik,20.485,73.978,580,Deccan_Plateau,2023-08-25,3.92,28.7,22.4,25.6,88.6,IMD_AWS_NASA_POWER_Blended
MH_DEC_05,Kalwan,Nashik,20.485,73.978,580,Deccan_Plateau,2023-08-26,4.69,28.7,22.5,25.6,88.0,IMD_AWS_NASA_POWER_Blended
MH_DEC_05,Kalwan,Nashik,20.485,73.978,580,Deccan_Plateau,2023-08-27,1.75,28.8,22.2,25.5,87.2,IMD_AWS_NASA_POWER_Blended
MH_DEC_05,Kalwan,Nashik,20.485,73.978,580,Deccan_Plateau,2023-08-28,0.31,28.7,22.1,25.4,87.3,IMD_AWS_NASA_POWER_Blended
MH_DEC_05,Kalwan,Nashik,20.485,73.978,580,Deccan_Plateau,2023-08-29,0.05,29.0,21.7,25.3,86.2,IMD_AWS_NASA_POWER_Blended
MH_DEC_05,Kalwan,Nashik,20.485,73.978,580,Deccan_Plateau,2023-08-30,0.0,29.4,20.9,25.1,86.1,IMD_AWS_NASA_POWER_Blended
MH_DEC_05,Kalwan,Nashik,20.485,73.978,580,Deccan_Plateau,2023-08-31,0.15,30.4,20.5,25.4,83.7,IMD_AWS_NASA_POWER_Blended
MH_DEC_05,Kalwan,Nashik,20.485,73.978,580,Deccan_Plateau,2023-09-01,0.33,30.9,21.1,26.0,83.0,IMD_AWS_NASA_POWER_Blended
MH_DEC_05,Kalwan,Nashik,20.485,73.978,580,Deccan_Plateau,2023-09-02,2.52,30.1,21.4,25.7,85.8,IMD_AWS_NASA_POWER_Blended
MH_DEC_05,Kalwan,Nashik,20.485,73.978,580,Deccan_Plateau,2023-09-03,0.46,29.9,21.5,25.7,86.6,IMD_AWS_NASA_POWER_Blended
MH_DEC_05,Kalwan,Nashik,20.485,73.978,580,Deccan_Plateau,2023-09-04,0.02,29.3,21.0,25.1,84.7,IMD_AWS_NASA_POWER_Blended
MH_DEC_05,Kalwan,Nashik,20.485,73.978,580,Deccan_Plateau,2023-09-05,0.01,29.2,20.9,25.1,85.1,IMD_AWS_NASA_POWER_Blended
MH_DEC_05,Kalwan,Nashik,20.485,73.978,580,Deccan_Plateau,2023-09-06,2.02,29.1,21.3,25.2,86.4,IMD_AWS_NASA_POWER_Blended
MH_DEC_05,Kalwan,Nashik,20.485,73.978,580,Deccan_Plateau,2023-09-07,16.61,27.5,23.3,25.4,91.6,IMD_AWS_NASA_POWER_Blended
MH_DEC_05,Kalwan,Nashik,20.485,73.978,580,Deccan_Plateau,2023-09-08,39.38,25.7,23.4,24.6,94.3,IMD_AWS_NASA_POWER_Blended
MH_DEC_05,Kalwan,Nashik,20.485,73.978,580,Deccan_Plateau,2023-09-09,20.87,24.9,23.0,24.0,92.6,IMD_AWS_NASA_POWER_Blended
MH_DEC_05,Kalwan,Nashik,20.485,73.978,580,Deccan_Plateau,2023-09-10,1.22,27.9,23.1,25.5,89.7,IMD_AWS_NASA_POWER_Blended
MH_DEC_05,Kalwan,Nashik,20.485,73.978,580,Deccan_Plateau,2023-09-11,0.23,28.4,22.8,25.6,88.5,IMD_AWS_NASA_POWER_Blended
MH_DEC_05,Kalwan,Nashik,20.485,73.978,580,Deccan_Plateau,2023-09-12,0.0,28.5,22.4,25.4,87.2,IMD_AWS_NASA_POWER_Blended
MH_DEC_05,Kalwan,Nashik,20.485,73.978,580,Deccan_Plateau,2023-09-13,0.44,28.4,22.0,25.2,87.6,IMD_AWS_NASA_POWER_Blended
MH_DEC_05,Kalwan,Nashik,20.485,73.978,580,Deccan_Plateau,2023-09-14,1.3,27.0,22.1,24.5,89.2,IMD_AWS_NASA_POWER_Blended
MH_DEC_05,Kalwan,Nashik,20.485,73.978,580,Deccan_Plateau,2023-09-15,3.29,26.5,22.1,24.3,91.1,IMD_AWS_NASA_POWER_Blended
MH_DEC_05,Kalwan,Nashik,20.485,73.978,580,Deccan_Plateau,2023-09-16,10.07,24.5,21.9,23.2,93.0,IMD_AWS_NASA_POWER_Blended
MH_DEC_05,Kalwan,Nashik,20.485,73.978,580,Deccan_Plateau,2023-09-17,5.65,26.5,21.9,24.2,90.6,IMD_AWS_NASA_POWER_Blended
MH_DEC_05,Kalwan,Nashik,20.485,73.978,580,Deccan_Plateau,2023-09-18,16.49,29.1,22.6,25.9,88.9,IMD_AWS_NASA_POWER_Blended
MH_DEC_05,Kalwan,Nashik,20.485,73.978,580,Deccan_Plateau,2023-09-19,13.42,28.9,22.7,25.8,89.3,IMD_AWS_NASA_POWER_Blended
MH_DEC_05,Kalwan,Nashik,20.485,73.978,580,Deccan_Plateau,2023-09-20,4.24,29.6,22.7,26.1,90.3,IMD_AWS_NASA_POWER_Blended
MH_DEC_05,Kalwan,Nashik,20.485,73.978,580,Deccan_Plateau,2023-09-21,10.21,28.3,22.5,25.4,90.3,IMD_AWS_NASA_POWER_Blended
MH_DEC_05,Kalwan,Nashik,20.485,73.978,580,Deccan_Plateau,2023-09-22,18.46,28.9,22.0,25.4,89.7,IMD_AWS_NASA_POWER_Blended
MH_DEC_05,Kalwan,Nashik,20.485,73.978,580,Deccan_Plateau,2023-09-23,20.48,27.6,22.7,25.1,91.6,IMD_AWS_NASA_POWER_Blended
MH_DEC_05,Kalwan,Nashik,20.485,73.978,580,Deccan_Plateau,2023-09-24,11.5,27.8,22.8,25.3,91.7,IMD_AWS_NASA_POWER_Blended
MH_DEC_05,Kalwan,Nashik,20.485,73.978,580,Deccan_Plateau,2023-09-25,16.38,28.1,22.6,25.3,92.6,IMD_AWS_NASA_POWER_Blended
MH_DEC_05,Kalwan,Nashik,20.485,73.978,580,Deccan_Plateau,2023-09-26,22.36,29.0,22.6,25.8,88.1,IMD_AWS_NASA_POWER_Blended
MH_DEC_05,Kalwan,Nashik,20.485,73.978,580,Deccan_Plateau,2023-09-27,14.96,28.6,22.2,25.4,89.3,IMD_AWS_NASA_POWER_Blended
MH_DEC_05,Kalwan,Nashik,20.485,73.978,580,Deccan_Plateau,2023-09-28,5.77,29.0,22.5,25.8,87.2,IMD_AWS_NASA_POWER_Blended
MH_DEC_05,Kalwan,Nashik,20.485,73.978,580,Deccan_Plateau,2023-09-29,10.45,29.4,22.2,25.8,86.9,IMD_AWS_NASA_POWER_Blended
MH_DEC_05,Kalwan,Nashik,20.485,73.978,580,Deccan_Plateau,2023-09-30,2.2,29.2,22.6,25.9,84.7,IMD_AWS_NASA_POWER_Blended
MH_DEC_05,Kalwan,Nashik,20.485,73.978,580,Deccan_Plateau,2023-10-01,0.21,29.5,22.2,25.9,85.5,IMD_AWS_NASA_POWER_Blended
MH_DEC_05,Kalwan,Nashik,20.485,73.978,580,Deccan_Plateau,2023-10-02,0.21,28.0,21.4,24.7,88.5,IMD_AWS_NASA_POWER_Blended
MH_DEC_05,Kalwan,Nashik,20.485,73.978,580,Deccan_Plateau,2023-10-03,0.0,28.4,20.1,24.2,85.9,IMD_AWS_NASA_POWER_Blended
MH_DEC_05,Kalwan,Nashik,20.485,73.978,580,Deccan_Plateau,2023-10-04,0.0,28.6,18.0,23.3,85.0,IMD_AWS_NASA_POWER_Blended
MH_DEC_05,Kalwan,Nashik,20.485,73.978,580,Deccan_Plateau,2023-10-05,0.0,28.3,18.4,23.3,85.4,IMD_AWS_NASA_POWER_Blended
MH_DEC_05,Kalwan,Nashik,20.485,73.978,580,Deccan_Plateau,2023-10-06,0.0,28.7,18.1,23.4,87.1,IMD_AWS_NASA_POWER_Blended
MH_DEC_05,Kalwan,Nashik,20.485,73.978,580,Deccan_Plateau,2023-10-07,0.0,29.7,20.0,24.9,85.3,IMD_AWS_NASA_POWER_Blended
MH_DEC_05,Kalwan,Nashik,20.485,73.978,580,Deccan_Plateau,2023-10-08,0.0,30.1,19.5,24.8,80.2,IMD_AWS_NASA_POWER_Blended
MH_DEC_05,Kalwan,Nashik,20.485,73.978,580,Deccan_Plateau,2023-10-09,0.0,29.6,20.2,24.9,74.5,IMD_AWS_NASA_POWER_Blended
MH_DEC_05,Kalwan,Nashik,20.485,73.978,580,Deccan_Plateau,2023-10-10,0.0,29.1,18.6,23.8,80.2,IMD_AWS_NASA_POWER_Blended
MH_DEC_05,Kalwan,Nashik,20.485,73.978,580,Deccan_Plateau,2023-10-11,0.0,29.8,19.0,24.4,76.2,IMD_AWS_NASA_POWER_Blended
MH_DEC_05,Kalwan,Nashik,20.485,73.978,580,Deccan_Plateau,2023-10-12,0.0,30.8,19.5,25.1,76.6,IMD_AWS_NASA_POWER_Blended
MH_DEC_05,Kalwan,Nashik,20.485,73.978,580,Deccan_Plateau,2023-10-13,0.0,31.2,20.2,25.7,74.4,IMD_AWS_NASA_POWER_Blended
MH_DEC_05,Kalwan,Nashik,20.485,73.978,580,Deccan_Plateau,2023-10-14,0.0,30.8,19.7,25.2,70.9,IMD_AWS_NASA_POWER_Blended
MH_DEC_05,Kalwan,Nashik,20.485,73.978,580,Deccan_Plateau,2023-10-15,0.0,29.6,20.1,24.9,76.0,IMD_AWS_NASA_POWER_Blended
MH_DEC_05,Kalwan,Nashik,20.485,73.978,580,Deccan_Plateau,2023-10-16,0.0,30.1,20.4,25.2,75.6,IMD_AWS_NASA_POWER_Blended
MH_DEC_05,Kalwan,Nashik,20.485,73.978,580,Deccan_Plateau,2023-10-17,2.22,30.1,20.0,25.1,75.3,IMD_AWS_NASA_POWER_Blended
MH_DEC_05,Kalwan,Nashik,20.485,73.978,580,Deccan_Plateau,2023-10-18,0.13,29.9,19.6,24.7,77.2,IMD_AWS_NASA_POWER_Blended
MH_DEC_05,Kalwan,Nashik,20.485,73.978,580,Deccan_Plateau,2023-10-19,0.0,30.4,19.3,24.9,72.8,IMD_AWS_NASA_POWER_Blended
MH_DEC_05,Kalwan,Nashik,20.485,73.978,580,Deccan_Plateau,2023-10-20,0.0,30.8,19.1,24.9,71.4,IMD_AWS_NASA_POWER_Blended
MH_DEC_05,Kalwan,Nashik,20.485,73.978,580,Deccan_Plateau,2023-10-21,0.0,30.7,19.6,25.2,73.8,IMD_AWS_NASA_POWER_Blended
MH_DEC_05,Kalwan,Nashik,20.485,73.978,580,Deccan_Plateau,2023-10-22,0.0,30.7,20.0,25.3,70.3,IMD_AWS_NASA_POWER_Blended
MH_DEC_05,Kalwan,Nashik,20.485,73.978,580,Deccan_Plateau,2023-10-23,0.0,30.6,19.2,24.9,68.9,IMD_AWS_NASA_POWER_Blended
MH_DEC_05,Kalwan,Nashik,20.485,73.978,580,Deccan_Plateau,2023-10-24,0.0,30.3,19.2,24.8,69.3,IMD_AWS_NASA_POWER_Blended
MH_DEC_05,Kalwan,Nashik,20.485,73.978,580,Deccan_Plateau,2023-10-25,0.0,30.4,18.0,24.2,65.7,IMD_AWS_NASA_POWER_Blended
MH_DEC_05,Kalwan,Nashik,20.485,73.978,580,Deccan_Plateau,2023-10-26,0.0,30.4,17.5,24.0,61.2,IMD_AWS_NASA_POWER_Blended
MH_DEC_05,Kalwan,Nashik,20.485,73.978,580,Deccan_Plateau,2023-10-27,0.0,30.3,17.1,23.7,60.0,IMD_AWS_NASA_POWER_Blended
MH_DEC_05,Kalwan,Nashik,20.485,73.978,580,Deccan_Plateau,2023-10-28,0.0,30.5,16.5,23.5,58.6,IMD_AWS_NASA_POWER_Blended
MH_DEC_05,Kalwan,Nashik,20.485,73.978,580,Deccan_Plateau,2023-10-29,0.0,30.1,16.5,23.3,60.8,IMD_AWS_NASA_POWER_Blended
MH_DEC_05,Kalwan,Nashik,20.485,73.978,580,Deccan_Plateau,2023-10-30,0.0,29.9,17.6,23.8,59.8,IMD_AWS_NASA_POWER_Blended
MH_DEC_05,Kalwan,Nashik,20.485,73.978,580,Deccan_Plateau,2023-10-31,0.0,29.6,16.5,23.0,59.5,IMD_AWS_NASA_POWER_Blended
MH_DEC_06,Malegaon,Nashik,20.553,74.529,438,Deccan_Plateau,2023-06-01,0.0,40.4,24.3,32.3,37.9,IMD_AWS_NASA_POWER_Blended
MH_DEC_06,Malegaon,Nashik,20.553,74.529,438,Deccan_Plateau,2023-06-02,0.03,37.5,23.2,30.3,51.3,IMD_AWS_NASA_POWER_Blended
MH_DEC_06,Malegaon,Nashik,20.553,74.529,438,Deccan_Plateau,2023-06-03,0.25,35.1,24.2,29.6,60.4,IMD_AWS_NASA_POWER_Blended
MH_DEC_06,Malegaon,Nashik,20.553,74.529,438,Deccan_Plateau,2023-06-04,1.18,36.5,24.4,30.4,56.1,IMD_AWS_NASA_POWER_Blended
MH_DEC_06,Malegaon,Nashik,20.553,74.529,438,Deccan_Plateau,2023-06-05,0.6,37.0,23.5,30.2,55.0,IMD_AWS_NASA_POWER_Blended
MH_DEC_06,Malegaon,Nashik,20.553,74.529,438,Deccan_Plateau,2023-06-06,0.0,38.7,23.9,31.3,51.6,IMD_AWS_NASA_POWER_Blended
MH_DEC_06,Malegaon,Nashik,20.553,74.529,438,Deccan_Plateau,2023-06-07,0.0,39.2,23.4,31.3,51.0,IMD_AWS_NASA_POWER_Blended
MH_DEC_06,Malegaon,Nashik,20.553,74.529,438,Deccan_Plateau,2023-06-08,0.0,38.5,23.8,31.1,52.8,IMD_AWS_NASA_POWER_Blended
MH_DEC_06,Malegaon,Nashik,20.553,74.529,438,Deccan_Plateau,2023-06-09,0.02,38.5,24.9,31.7,53.1,IMD_AWS_NASA_POWER_Blended
MH_DEC_06,Malegaon,Nashik,20.553,74.529,438,Deccan_Plateau,2023-06-10,3.95,35.0,25.7,30.3,59.5,IMD_AWS_NASA_POWER_Blended
MH_DEC_06,Malegaon,Nashik,20.553,74.529,438,Deccan_Plateau,2023-06-11,0.1,37.4,24.4,30.9,54.0,IMD_AWS_NASA_POWER_Blended
MH_DEC_06,Malegaon,Nashik,20.553,74.529,438,Deccan_Plateau,2023-06-12,0.01,39.0,24.5,31.8,49.3,IMD_AWS_NASA_POWER_Blended
MH_DEC_06,Malegaon,Nashik,20.553,74.529,438,Deccan_Plateau,2023-06-13,0.53,37.9,24.4,31.1,54.0,IMD_AWS_NASA_POWER_Blended
MH_DEC_06,Malegaon,Nashik,20.553,74.529,438,Deccan_Plateau,2023-06-14,0.44,37.0,24.0,30.5,56.8,IMD_AWS_NASA_POWER_Blended
MH_DEC_06,Malegaon,Nashik,20.553,74.529,438,Deccan_Plateau,2023-06-15,0.24,37.2,24.2,30.7,59.4,IMD_AWS_NASA_POWER_Blended
MH_DEC_06,Malegaon,Nashik,20.553,74.529,438,Deccan_Plateau,2023-06-16,0.37,36.2,24.7,30.4,62.5,IMD_AWS_NASA_POWER_Blended
MH_DEC_06,Malegaon,Nashik,20.553,74.529,438,Deccan_Plateau,2023-06-17,0.15,35.5,24.7,30.1,64.9,IMD_AWS_NASA_POWER_Blended
MH_DEC_06,Malegaon,Nashik,20.553,74.529,438,Deccan_Plateau,2023-06-18,0.05,36.2,24.4,30.3,62.4,IMD_AWS_NASA_POWER_Blended
MH_DEC_06,Malegaon,Nashik,20.553,74.529,438,Deccan_Plateau,2023-06-19,0.0,37.0,24.2,30.6,61.2,IMD_AWS_NASA_POWER_Blended
MH_DEC_06,Malegaon,Nashik,20.553,74.529,438,Deccan_Plateau,2023-06-20,0.0,36.9,24.6,30.7,61.7,IMD_AWS_NASA_POWER_Blended
MH_DEC_06,Malegaon,Nashik,20.553,74.529,438,Deccan_Plateau,2023-06-21,0.0,36.7,24.5,30.6,59.0,IMD_AWS_NASA_POWER_Blended
MH_DEC_06,Malegaon,Nashik,20.553,74.529,438,Deccan_Plateau,2023-06-22,0.02,36.3,24.7,30.5,59.4,IMD_AWS_NASA_POWER_Blended
MH_DEC_06,Malegaon,Nashik,20.553,74.529,438,Deccan_Plateau,2023-06-23,0.23,34.5,24.6,29.5,61.1,IMD_AWS_NASA_POWER_Blended
MH_DEC_06,Malegaon,Nashik,20.553,74.529,438,Deccan_Plateau,2023-06-24,2.38,31.6,24.6,28.1,68.9,IMD_AWS_NASA_POWER_Blended
MH_DEC_06,Malegaon,Nashik,20.553,74.529,438,Deccan_Plateau,2023-06-25,3.35,33.0,23.1,28.1,62.6,IMD_AWS_NASA_POWER_Blended
MH_DEC_06,Malegaon,Nashik,20.553,74.529,438,Deccan_Plateau,2023-06-26,3.71,29.6,22.2,25.9,68.3,IMD_AWS_NASA_POWER_Blended
MH_DEC_06,Malegaon,Nashik,20.553,74.529,438,Deccan_Plateau,2023-06-27,17.72,28.6,21.5,25.1,75.4,IMD_AWS_NASA_POWER_Blended
MH_DEC_06,Malegaon,Nashik,20.553,74.529,438,Deccan_Plateau,2023-06-28,12.99,30.0,21.6,25.8,77.7,IMD_AWS_NASA_POWER_Blended
MH_DEC_06,Malegaon,Nashik,20.553,74.529,438,Deccan_Plateau,2023-06-29,15.24,25.2,22.4,23.8,83.9,IMD_AWS_NASA_POWER_Blended
MH_DEC_06,Malegaon,Nashik,20.553,74.529,438,Deccan_Plateau,2023-06-30,13.29,27.0,22.1,24.5,82.3,IMD_AWS_NASA_POWER_Blended
MH_DEC_06,Malegaon,Nashik,20.553,74.529,438,Deccan_Plateau,2023-07-01,14.66,30.1,22.5,26.3,80.6,IMD_AWS_NASA_POWER_Blended
MH_DEC_06,Malegaon,Nashik,20.553,74.529,438,Deccan_Plateau,2023-07-02,29.33,31.0,23.5,27.3,82.2,IMD_AWS_NASA_POWER_Blended
MH_DEC_06,Malegaon,Nashik,20.553,74.529,438,Deccan_Plateau,2023-07-03,2.3,32.4,23.1,27.7,78.6,IMD_AWS_NASA_POWER_Blended
MH_DEC_06,Malegaon,Nashik,20.553,74.529,438,Deccan_Plateau,2023-07-04,2.98,31.2,24.1,27.6,81.0,IMD_AWS_NASA_POWER_Blended
MH_DEC_06,Malegaon,Nashik,20.553,74.529,438,Deccan_Plateau,2023-07-05,9.83,30.6,23.4,27.0,81.8,IMD_AWS_NASA_POWER_Blended
MH_DEC_06,Malegaon,Nashik,20.553,74.529,438,Deccan_Plateau,2023-07-06,13.04,30.8,22.3,26.5,80.3,IMD_AWS_NASA_POWER_Blended
MH_DEC_06,Malegaon,Nashik,20.553,74.529,438,Deccan_Plateau,2023-07-07,7.91,30.7,22.9,26.8,85.7,IMD_AWS_NASA_POWER_Blended
MH_DEC_06,Malegaon,Nashik,20.553,74.529,438,Deccan_Plateau,2023-07-08,4.81,30.0,23.2,26.6,84.1,IMD_AWS_NASA_POWER_Blended
MH_DEC_06,Malegaon,Nashik,20.553,74.529,438,Deccan_Plateau,2023-07-09,6.09,30.4,22.7,26.6,82.2,IMD_AWS_NASA_POWER_Blended
MH_DEC_06,Malegaon,Nashik,20.553,74.529,438,Deccan_Plateau,2023-07-10,11.58,29.8,22.9,26.4,83.2,IMD_AWS_NASA_POWER_Blended
MH_DEC_06,Malegaon,Nashik,20.553,74.529,438,Deccan_Plateau,2023-07-11,8.64,30.2,22.6,26.4,82.5,IMD_AWS_NASA_POWER_Blended
MH_DEC_06,Malegaon,Nashik,20.553,74.529,438,Deccan_Plateau,2023-07-12,5.21,29.1,23.0,26.0,81.3,IMD_AWS_NASA_POWER_Blended
MH_DEC_06,Malegaon,Nashik,20.553,74.529,438,Deccan_Plateau,2023-07-13,4.87,30.3,22.8,26.5,81.9,IMD_AWS_NASA_POWER_Blended
MH_DEC_06,Malegaon,Nashik,20.553,74.529,438,Deccan_Plateau,2023-07-14,5.67,30.1,22.6,26.3,80.7,IMD_AWS_NASA_POWER_Blended
MH_DEC_06,Malegaon,Nashik,20.553,74.529,438,Deccan_Plateau,2023-07-15,8.17,29.0,21.9,25.4,84.7,IMD_AWS_NASA_POWER_Blended
MH_DEC_06,Malegaon,Nashik,20.553,74.529,438,Deccan_Plateau,2023-07-16,4.18,29.2,23.1,26.1,84.4,IMD_AWS_NASA_POWER_Blended
MH_DEC_06,Malegaon,Nashik,20.553,74.529,438,Deccan_Plateau,2023-07-17,1.85,30.3,23.0,26.6,81.5,IMD_AWS_NASA_POWER_Blended
MH_DEC_06,Malegaon,Nashik,20.553,74.529,438,Deccan_Plateau,2023-07-18,11.57,27.9,23.3,25.6,87.2,IMD_AWS_NASA_POWER_Blended
MH_DEC_06,Malegaon,Nashik,20.553,74.529,438,Deccan_Plateau,2023-07-19,12.05,29.4,23.2,26.3,86.4,IMD_AWS_NASA_POWER_Blended
MH_DEC_06,Malegaon,Nashik,20.553,74.529,438,Deccan_Plateau,2023-07-20,8.56,29.9,23.4,26.7,86.2,IMD_AWS_NASA_POWER_Blended
MH_DEC_06,Malegaon,Nashik,20.553,74.529,438,Deccan_Plateau,2023-07-21,6.75,27.8,23.2,25.5,86.9,IMD_AWS_NASA_POWER_Blended
MH_DEC_06,Malegaon,Nashik,20.553,74.529,438,Deccan_Plateau,2023-07-22,15.42,27.4,22.9,25.1,89.5,IMD_AWS_NASA_POWER_Blended
MH_DEC_06,Malegaon,Nashik,20.553,74.529,438,Deccan_Plateau,2023-07-23,16.21,30.1,23.2,26.6,86.4,IMD_AWS_NASA_POWER_Blended
MH_DEC_06,Malegaon,Nashik,20.553,74.529,438,Deccan_Plateau,2023-07-24,5.83,30.2,23.1,26.7,83.4,IMD_AWS_NASA_POWER_Blended
MH_DEC_06,Malegaon,Nashik,20.553,74.529,438,Deccan_Plateau,2023-07-25,16.33,29.8,22.8,26.3,85.6,IMD_AWS_NASA_POWER_Blended
MH_DEC_06,Malegaon,Nashik,20.553,74.529,438,Deccan_Plateau,2023-07-26,5.2,28.7,22.7,25.7,87.0,IMD_AWS_NASA_POWER_Blended
MH_DEC_06,Malegaon,Nashik,20.553,74.529,438,Deccan_Plateau,2023-07-27,10.7,28.5,23.1,25.8,86.1,IMD_AWS_NASA_POWER_Blended
MH_DEC_06,Malegaon,Nashik,20.553,74.529,438,Deccan_Plateau,2023-07-28,14.13,29.0,23.1,26.1,85.4,IMD_AWS_NASA_POWER_Blended
MH_DEC_06,Malegaon,Nashik,20.553,74.529,438,Deccan_Plateau,2023-07-29,2.91,29.0,22.3,25.7,84.3,IMD_AWS_NASA_POWER_Blended
MH_DEC_06,Malegaon,Nashik,20.553,74.529,438,Deccan_Plateau,2023-07-30,2.89,29.9,22.6,26.2,83.9,IMD_AWS_NASA_POWER_Blended
MH_DEC_06,Malegaon,Nashik,20.553,74.529,438,Deccan_Plateau,2023-07-31,4.26,30.2,22.6,26.4,84.0,IMD_AWS_NASA_POWER_Blended
MH_DEC_06,Malegaon,Nashik,20.553,74.529,438,Deccan_Plateau,2023-08-01,2.44,29.8,23.0,26.4,84.2,IMD_AWS_NASA_POWER_Blended
MH_DEC_06,Malegaon,Nashik,20.553,74.529,438,Deccan_Plateau,2023-08-02,1.34,28.4,22.5,25.5,85.7,IMD_AWS_NASA_POWER_Blended
MH_DEC_06,Malegaon,Nashik,20.553,74.529,438,Deccan_Plateau,2023-08-03,1.25,27.2,22.2,24.7,86.7,IMD_AWS_NASA_POWER_Blended
MH_DEC_06,Malegaon,Nashik,20.553,74.529,438,Deccan_Plateau,2023-08-04,1.19,29.5,22.2,25.8,83.5,IMD_AWS_NASA_POWER_Blended
MH_DEC_06,Malegaon,Nashik,20.553,74.529,438,Deccan_Plateau,2023-08-05,3.29,29.1,22.1,25.6,84.1,IMD_AWS_NASA_POWER_Blended
MH_DEC_06,Malegaon,Nashik,20.553,74.529,438,Deccan_Plateau,2023-08-06,2.3,29.8,22.0,25.9,82.9,IMD_AWS_NASA_POWER_Blended
MH_DEC_06,Malegaon,Nashik,20.553,74.529,438,Deccan_Plateau,2023-08-07,0.43,28.8,22.0,25.4,82.2,IMD_AWS_NASA_POWER_Blended
MH_DEC_06,Malegaon,Nashik,20.553,74.529,438,Deccan_Plateau,2023-08-08,0.41,28.2,21.9,25.0,84.2,IMD_AWS_NASA_POWER_Blended
MH_DEC_06,Malegaon,Nashik,20.553,74.529,438,Deccan_Plateau,2023-08-09,0.54,30.0,22.0,26.0,82.6,IMD_AWS_NASA_POWER_Blended
MH_DEC_06,Malegaon,Nashik,20.553,74.529,438,Deccan_Plateau,2023-08-10,2.07,29.6,21.8,25.7,82.9,IMD_AWS_NASA_POWER_Blended
MH_DEC_06,Malegaon,Nashik,20.553,74.529,438,Deccan_Plateau,2023-08-11,2.39,30.3,21.3,25.8,82.3,IMD_AWS_NASA_POWER_Blended
MH_DEC_06,Malegaon,Nashik,20.553,74.529,438,Deccan_Plateau,2023-08-12,2.13,30.1,21.4,25.8,81.2,IMD_AWS_NASA_POWER_Blended
MH_DEC_06,Malegaon,Nashik,20.553,74.529,438,Deccan_Plateau,2023-08-13,1.02,29.9,21.5,25.7,81.7,IMD_AWS_NASA_POWER_Blended
MH_DEC_06,Malegaon,Nashik,20.553,74.529,438,Deccan_Plateau,2023-08-14,0.99,29.3,21.3,25.3,81.1,IMD_AWS_NASA_POWER_Blended
MH_DEC_06,Malegaon,Nashik,20.553,74.529,438,Deccan_Plateau,2023-08-15,1.3,29.7,21.1,25.4,81.2,IMD_AWS_NASA_POWER_Blended
MH_DEC_06,Malegaon,Nashik,20.553,74.529,438,Deccan_Plateau,2023-08-16,0.51,30.8,21.2,26.0,80.3,IMD_AWS_NASA_POWER_Blended
MH_DEC_06,Malegaon,Nashik,20.553,74.529,438,Deccan_Plateau,2023-08-17,0.24,29.9,21.6,25.7,80.6,IMD_AWS_NASA_POWER_Blended
MH_DEC_06,Malegaon,Nashik,20.553,74.529,438,Deccan_Plateau,2023-08-18,1.32,29.7,21.8,25.7,80.5,IMD_AWS_NASA_POWER_Blended
MH_DEC_06,Malegaon,Nashik,20.553,74.529,438,Deccan_Plateau,2023-08-19,3.16,29.6,21.9,25.7,82.1,IMD_AWS_NASA_POWER_Blended
MH_DEC_06,Malegaon,Nashik,20.553,74.529,438,Deccan_Plateau,2023-08-20,3.56,29.1,22.0,25.6,82.0,IMD_AWS_NASA_POWER_Blended
MH_DEC_06,Malegaon,Nashik,20.553,74.529,438,Deccan_Plateau,2023-08-21,0.81,30.5,21.6,26.1,80.5,IMD_AWS_NASA_POWER_Blended
MH_DEC_06,Malegaon,Nashik,20.553,74.529,438,Deccan_Plateau,2023-08-22,1.38,30.6,21.7,26.2,81.5,IMD_AWS_NASA_POWER_Blended
MH_DEC_06,Malegaon,Nashik,20.553,74.529,438,Deccan_Plateau,2023-08-23,0.9,31.1,21.7,26.4,79.8,IMD_AWS_NASA_POWER_Blended
MH_DEC_06,Malegaon,Nashik,20.553,74.529,438,Deccan_Plateau,2023-08-24,1.65,29.9,22.5,26.2,80.8,IMD_AWS_NASA_POWER_Blended
MH_DEC_06,Malegaon,Nashik,20.553,74.529,438,Deccan_Plateau,2023-08-25,2.57,30.5,22.1,26.3,82.1,IMD_AWS_NASA_POWER_Blended
MH_DEC_06,Malegaon,Nashik,20.553,74.529,438,Deccan_Plateau,2023-08-26,3.06,30.8,22.1,26.5,81.2,IMD_AWS_NASA_POWER_Blended
MH_DEC_06,Malegaon,Nashik,20.553,74.529,438,Deccan_Plateau,2023-08-27,0.68,30.9,22.2,26.5,79.4,IMD_AWS_NASA_POWER_Blended
MH_DEC_06,Malegaon,Nashik,20.553,74.529,438,Deccan_Plateau,2023-08-28,0.08,30.8,21.6,26.2,79.5,IMD_AWS_NASA_POWER_Blended
MH_DEC_06,Malegaon,Nashik,20.553,74.529,438,Deccan_Plateau,2023-08-29,0.01,31.2,21.3,26.3,78.1,IMD_AWS_NASA_POWER_Blended
MH_DEC_06,Malegaon,Nashik,20.553,74.529,438,Deccan_Plateau,2023-08-30,0.0,31.8,20.9,26.4,76.9,IMD_AWS_NASA_POWER_Blended
MH_DEC_06,Malegaon,Nashik,20.553,74.529,438,Deccan_Plateau,2023-08-31,0.08,32.5,20.7,26.6,74.5,IMD_AWS_NASA_POWER_Blended
MH_DEC_06,Malegaon,Nashik,20.553,74.529,438,Deccan_Plateau,2023-09-01,0.29,33.1,21.4,27.2,73.7,IMD_AWS_NASA_POWER_Blended
MH_DEC_06,Malegaon,Nashik,20.553,74.529,438,Deccan_Plateau,2023-09-02,0.65,32.8,21.4,27.1,75.3,IMD_AWS_NASA_POWER_Blended
MH_DEC_06,Malegaon,Nashik,20.553,74.529,438,Deccan_Plateau,2023-09-03,0.17,32.8,21.8,27.3,77.0,IMD_AWS_NASA_POWER_Blended
MH_DEC_06,Malegaon,Nashik,20.553,74.529,438,Deccan_Plateau,2023-09-04,0.04,32.2,21.6,26.9,74.6,IMD_AWS_NASA_POWER_Blended
MH_DEC_06,Malegaon,Nashik,20.553,74.529,438,Deccan_Plateau,2023-09-05,0.0,31.9,21.1,26.5,74.3,IMD_AWS_NASA_POWER_Blended
MH_DEC_06,Malegaon,Nashik,20.553,74.529,438,Deccan_Plateau,2023-09-06,1.09,31.5,21.7,26.6,77.4,IMD_AWS_NASA_POWER_Blended
MH_DEC_06,Malegaon,Nashik,20.553,74.529,438,Deccan_Plateau,2023-09-07,12.95,28.5,23.2,25.9,87.0,IMD_AWS_NASA_POWER_Blended
MH_DEC_06,Malegaon,Nashik,20.553,74.529,438,Deccan_Plateau,2023-09-08,20.64,26.9,23.6,25.3,89.4,IMD_AWS_NASA_POWER_Blended
MH_DEC_06,Malegaon,Nashik,20.553,74.529,438,Deccan_Plateau,2023-09-09,12.35,27.0,22.9,24.9,87.0,IMD_AWS_NASA_POWER_Blended
MH_DEC_06,Malegaon,Nashik,20.553,74.529,438,Deccan_Plateau,2023-09-10,0.99,29.7,23.0,26.4,82.8,IMD_AWS_NASA_POWER_Blended
MH_DEC_06,Malegaon,Nashik,20.553,74.529,438,Deccan_Plateau,2023-09-11,0.06,30.3,22.4,26.4,81.1,IMD_AWS_NASA_POWER_Blended
MH_DEC_06,Malegaon,Nashik,20.553,74.529,438,Deccan_Plateau,2023-09-12,0.0,30.6,22.2,26.4,79.2,IMD_AWS_NASA_POWER_Blended
MH_DEC_06,Malegaon,Nashik,20.553,74.529,438,Deccan_Plateau,2023-09-13,0.24,30.7,21.7,26.2,79.7,IMD_AWS_NASA_POWER_Blended
MH_DEC_06,Malegaon,Nashik,20.553,74.529,438,Deccan_Plateau,2023-09-14,3.66,28.0,22.0,25.0,84.0,IMD_AWS_NASA_POWER_Blended
MH_DEC_06,Malegaon,Nashik,20.553,74.529,438,Deccan_Plateau,2023-09-15,8.38,27.8,21.8,24.8,86.7,IMD_AWS_NASA_POWER_Blended
MH_DEC_06,Malegaon,Nashik,20.553,74.529,438,Deccan_Plateau,2023-09-16,13.93,24.6,21.1,22.9,88.9,IMD_AWS_NASA_POWER_Blended
MH_DEC_06,Malegaon,Nashik,20.553,74.529,438,Deccan_Plateau,2023-09-17,4.38,28.2,21.2,24.7,84.4,IMD_AWS_NASA_POWER_Blended
MH_DEC_06,Malegaon,Nashik,20.553,74.529,438,Deccan_Plateau,2023-09-18,9.96,30.8,21.8,26.3,84.3,IMD_AWS_NASA_POWER_Blended
MH_DEC_06,Malegaon,Nashik,20.553,74.529,438,Deccan_Plateau,2023-09-19,5.53,30.4,22.0,26.2,84.3,IMD_AWS_NASA_POWER_Blended
MH_DEC_06,Malegaon,Nashik,20.553,74.529,438,Deccan_Plateau,2023-09-20,1.05,31.0,21.8,26.4,85.5,IMD_AWS_NASA_POWER_Blended
MH_DEC_06,Malegaon,Nashik,20.553,74.529,438,Deccan_Plateau,2023-09-21,15.75,28.4,22.5,25.4,88.2,IMD_AWS_NASA_POWER_Blended
MH_DEC_06,Malegaon,Nashik,20.553,74.529,438,Deccan_Plateau,2023-09-22,10.21,29.8,22.0,25.9,85.7,IMD_AWS_NASA_POWER_Blended
MH_DEC_06,Malegaon,Nashik,20.553,74.529,438,Deccan_Plateau,2023-09-23,22.05,28.2,22.6,25.4,89.0,IMD_AWS_NASA_POWER_Blended
MH_DEC_06,Malegaon,Nashik,20.553,74.529,438,Deccan_Plateau,2023-09-24,8.65,28.6,22.2,25.4,88.8,IMD_AWS_NASA_POWER_Blended
MH_DEC_06,Malegaon,Nashik,20.553,74.529,438,Deccan_Plateau,2023-09-25,12.92,29.0,21.8,25.4,88.4,IMD_AWS_NASA_POWER_Blended
MH_DEC_06,Malegaon,Nashik,20.553,74.529,438,Deccan_Plateau,2023-09-26,22.06,28.4,22.0,25.2,88.1,IMD_AWS_NASA_POWER_Blended
MH_DEC_06,Malegaon,Nashik,20.553,74.529,438,Deccan_Plateau,2023-09-27,11.59,28.9,21.8,25.4,86.8,IMD_AWS_NASA_POWER_Blended
MH_DEC_06,Malegaon,Nashik,20.553,74.529,438,Deccan_Plateau,2023-09-28,5.3,29.4,22.2,25.8,85.7,IMD_AWS_NASA_POWER_Blended
MH_DEC_06,Malegaon,Nashik,20.553,74.529,438,Deccan_Plateau,2023-09-29,12.39,29.2,22.5,25.8,84.6,IMD_AWS_NASA_POWER_Blended
MH_DEC_06,Malegaon,Nashik,20.553,74.529,438,Deccan_Plateau,2023-09-30,2.56,29.4,22.6,26.0,81.8,IMD_AWS_NASA_POWER_Blended
MH_DEC_06,Malegaon,Nashik,20.553,74.529,438,Deccan_Plateau,2023-10-01,0.19,30.8,21.7,26.3,79.6,IMD_AWS_NASA_POWER_Blended
MH_DEC_06,Malegaon,Nashik,20.553,74.529,438,Deccan_Plateau,2023-10-02,0.09,29.5,21.7,25.6,82.0,IMD_AWS_NASA_POWER_Blended
MH_DEC_06,Malegaon,Nashik,20.553,74.529,438,Deccan_Plateau,2023-10-03,0.0,29.6,20.0,24.8,79.8,IMD_AWS_NASA_POWER_Blended
MH_DEC_06,Malegaon,Nashik,20.553,74.529,438,Deccan_Plateau,2023-10-04,0.0,29.7,17.0,23.3,77.2,IMD_AWS_NASA_POWER_Blended
MH_DEC_06,Malegaon,Nashik,20.553,74.529,438,Deccan_Plateau,2023-10-05,0.0,29.7,17.4,23.5,79.7,IMD_AWS_NASA_POWER_Blended
MH_DEC_06,Malegaon,Nashik,20.553,74.529,438,Deccan_Plateau,2023-10-06,0.0,30.1,17.4,23.8,80.1,IMD_AWS_NASA_POWER_Blended
MH_DEC_06,Malegaon,Nashik,20.553,74.529,438,Deccan_Plateau,2023-10-07,0.0,31.0,19.2,25.1,79.7,IMD_AWS_NASA_POWER_Blended
MH_DEC_06,Malegaon,Nashik,20.553,74.529,438,Deccan_Plateau,2023-10-08,0.0,31.1,19.2,25.2,77.5,IMD_AWS_NASA_POWER_Blended
MH_DEC_06,Malegaon,Nashik,20.553,74.529,438,Deccan_Plateau,2023-10-09,0.0,31.0,19.7,25.4,73.8,IMD_AWS_NASA_POWER_Blended
MH_DEC_06,Malegaon,Nashik,20.553,74.529,438,Deccan_Plateau,2023-10-10,0.0,30.9,17.7,24.3,75.0,IMD_AWS_NASA_POWER_Blended
MH_DEC_06,Malegaon,Nashik,20.553,74.529,438,Deccan_Plateau,2023-10-11,0.0,31.3,19.5,25.4,73.1,IMD_AWS_NASA_POWER_Blended
MH_DEC_06,Malegaon,Nashik,20.553,74.529,438,Deccan_Plateau,2023-10-12,0.0,31.5,19.6,25.5,72.7,IMD_AWS_NASA_POWER_Blended
MH_DEC_06,Malegaon,Nashik,20.553,74.529,438,Deccan_Plateau,2023-10-13,0.0,31.9,19.5,25.7,71.3,IMD_AWS_NASA_POWER_Blended
MH_DEC_06,Malegaon,Nashik,20.553,74.529,438,Deccan_Plateau,2023-10-14,0.0,31.4,19.4,25.4,68.2,IMD_AWS_NASA_POWER_Blended
MH_DEC_06,Malegaon,Nashik,20.553,74.529,438,Deccan_Plateau,2023-10-15,0.0,30.7,20.8,25.8,68.9,IMD_AWS_NASA_POWER_Blended
MH_DEC_06,Malegaon,Nashik,20.553,74.529,438,Deccan_Plateau,2023-10-16,0.0,30.7,20.9,25.8,69.4,IMD_AWS_NASA_POWER_Blended
MH_DEC_06,Malegaon,Nashik,20.553,74.529,438,Deccan_Plateau,2023-10-17,1.91,31.0,20.6,25.8,69.0,IMD_AWS_NASA_POWER_Blended
MH_DEC_06,Malegaon,Nashik,20.553,74.529,438,Deccan_Plateau,2023-10-18,0.09,31.0,20.2,25.6,70.8,IMD_AWS_NASA_POWER_Blended
MH_DEC_06,Malegaon,Nashik,20.553,74.529,438,Deccan_Plateau,2023-10-19,0.0,31.3,19.6,25.5,68.6,IMD_AWS_NASA_POWER_Blended
MH_DEC_06,Malegaon,Nashik,20.553,74.529,438,Deccan_Plateau,2023-10-20,0.0,31.8,18.5,25.1,68.2,IMD_AWS_NASA_POWER_Blended
MH_DEC_06,Malegaon,Nashik,20.553,74.529,438,Deccan_Plateau,2023-10-21,0.0,31.3,18.7,25.0,71.7,IMD_AWS_NASA_POWER_Blended
MH_DEC_06,Malegaon,Nashik,20.553,74.529,438,Deccan_Plateau,2023-10-22,0.0,31.6,18.7,25.2,67.5,IMD_AWS_NASA_POWER_Blended
MH_DEC_06,Malegaon,Nashik,20.553,74.529,438,Deccan_Plateau,2023-10-23,0.0,31.2,19.5,25.3,64.7,IMD_AWS_NASA_POWER_Blended
MH_DEC_06,Malegaon,Nashik,20.553,74.529,438,Deccan_Plateau,2023-10-24,0.0,31.5,18.9,25.2,65.0,IMD_AWS_NASA_POWER_Blended
MH_DEC_06,Malegaon,Nashik,20.553,74.529,438,Deccan_Plateau,2023-10-25,0.0,31.5,17.7,24.6,61.0,IMD_AWS_NASA_POWER_Blended
MH_DEC_06,Malegaon,Nashik,20.553,74.529,438,Deccan_Plateau,2023-10-26,0.0,31.3,18.1,24.7,55.2,IMD_AWS_NASA_POWER_Blended
MH_DEC_06,Malegaon,Nashik,20.553,74.529,438,Deccan_Plateau,2023-10-27,0.0,31.3,17.9,24.6,53.8,IMD_AWS_NASA_POWER_Blended
MH_DEC_06,Malegaon,Nashik,20.553,74.529,438,Deccan_Plateau,2023-10-28,0.0,31.4,15.5,23.5,57.3,IMD_AWS_NASA_POWER_Blended
MH_DEC_06,Malegaon,Nashik,20.553,74.529,438,Deccan_Plateau,2023-10-29,0.0,31.2,15.5,23.4,59.0,IMD_AWS_NASA_POWER_Blended
MH_DEC_06,Malegaon,Nashik,20.553,74.529,438,Deccan_Plateau,2023-10-30,0.0,30.4,16.6,23.5,60.6,IMD_AWS_NASA_POWER_Blended
MH_DEC_06,Malegaon,Nashik,20.553,74.529,438,Deccan_Plateau,2023-10-31,0.0,30.0,15.3,22.6,58.9,IMD_AWS_NASA_POWER_Blended
MH_DEC_07,Deola,Nashik,20.463,74.184,520,Deccan_Plateau,2023-06-01,0.0,40.4,24.3,32.3,37.9,IMD_AWS_NASA_POWER_Blended
MH_DEC_07,Deola,Nashik,20.463,74.184,520,Deccan_Plateau,2023-06-02,0.03,37.5,23.2,30.3,51.3,IMD_AWS_NASA_POWER_Blended
MH_DEC_07,Deola,Nashik,20.463,74.184,520,Deccan_Plateau,2023-06-03,0.25,35.1,24.2,29.6,60.4,IMD_AWS_NASA_POWER_Blended
MH_DEC_07,Deola,Nashik,20.463,74.184,520,Deccan_Plateau,2023-06-04,1.18,36.5,24.4,30.4,56.1,IMD_AWS_NASA_POWER_Blended
MH_DEC_07,Deola,Nashik,20.463,74.184,520,Deccan_Plateau,2023-06-05,0.6,37.0,23.5,30.2,55.0,IMD_AWS_NASA_POWER_Blended
MH_DEC_07,Deola,Nashik,20.463,74.184,520,Deccan_Plateau,2023-06-06,0.0,38.7,23.9,31.3,51.6,IMD_AWS_NASA_POWER_Blended
MH_DEC_07,Deola,Nashik,20.463,74.184,520,Deccan_Plateau,2023-06-07,0.0,39.2,23.4,31.3,51.0,IMD_AWS_NASA_POWER_Blended
MH_DEC_07,Deola,Nashik,20.463,74.184,520,Deccan_Plateau,2023-06-08,0.0,38.5,23.8,31.1,52.8,IMD_AWS_NASA_POWER_Blended
MH_DEC_07,Deola,Nashik,20.463,74.184,520,Deccan_Plateau,2023-06-09,0.02,38.5,24.9,31.7,53.1,IMD_AWS_NASA_POWER_Blended
MH_DEC_07,Deola,Nashik,20.463,74.184,520,Deccan_Plateau,2023-06-10,3.95,35.0,25.7,30.3,59.5,IMD_AWS_NASA_POWER_Blended
MH_DEC_07,Deola,Nashik,20.463,74.184,520,Deccan_Plateau,2023-06-11,0.1,37.4,24.4,30.9,54.0,IMD_AWS_NASA_POWER_Blended
MH_DEC_07,Deola,Nashik,20.463,74.184,520,Deccan_Plateau,2023-06-12,0.01,39.0,24.5,31.8,49.3,IMD_AWS_NASA_POWER_Blended
MH_DEC_07,Deola,Nashik,20.463,74.184,520,Deccan_Plateau,2023-06-13,0.53,37.9,24.4,31.1,54.0,IMD_AWS_NASA_POWER_Blended
MH_DEC_07,Deola,Nashik,20.463,74.184,520,Deccan_Plateau,2023-06-14,0.44,37.0,24.0,30.5,56.8,IMD_AWS_NASA_POWER_Blended
MH_DEC_07,Deola,Nashik,20.463,74.184,520,Deccan_Plateau,2023-06-15,0.24,37.2,24.2,30.7,59.4,IMD_AWS_NASA_POWER_Blended
MH_DEC_07,Deola,Nashik,20.463,74.184,520,Deccan_Plateau,2023-06-16,0.37,36.2,24.7,30.4,62.5,IMD_AWS_NASA_POWER_Blended
MH_DEC_07,Deola,Nashik,20.463,74.184,520,Deccan_Plateau,2023-06-17,0.15,35.5,24.7,30.1,64.9,IMD_AWS_NASA_POWER_Blended
MH_DEC_07,Deola,Nashik,20.463,74.184,520,Deccan_Plateau,2023-06-18,0.05,36.2,24.4,30.3,62.4,IMD_AWS_NASA_POWER_Blended
MH_DEC_07,Deola,Nashik,20.463,74.184,520,Deccan_Plateau,2023-06-19,0.0,37.0,24.2,30.6,61.2,IMD_AWS_NASA_POWER_Blended
MH_DEC_07,Deola,Nashik,20.463,74.184,520,Deccan_Plateau,2023-06-20,0.0,36.9,24.6,30.7,61.7,IMD_AWS_NASA_POWER_Blended
MH_DEC_07,Deola,Nashik,20.463,74.184,520,Deccan_Plateau,2023-06-21,0.0,36.7,24.5,30.6,59.0,IMD_AWS_NASA_POWER_Blended
MH_DEC_07,Deola,Nashik,20.463,74.184,520,Deccan_Plateau,2023-06-22,0.02,36.3,24.7,30.5,59.4,IMD_AWS_NASA_POWER_Blended
MH_DEC_07,Deola,Nashik,20.463,74.184,520,Deccan_Plateau,2023-06-23,0.23,34.5,24.6,29.5,61.1,IMD_AWS_NASA_POWER_Blended
MH_DEC_07,Deola,Nashik,20.463,74.184,520,Deccan_Plateau,2023-06-24,2.38,31.6,24.6,28.1,68.9,IMD_AWS_NASA_POWER_Blended
MH_DEC_07,Deola,Nashik,20.463,74.184,520,Deccan_Plateau,2023-06-25,3.35,33.0,23.1,28.1,62.6,IMD_AWS_NASA_POWER_Blended
MH_DEC_07,Deola,Nashik,20.463,74.184,520,Deccan_Plateau,2023-06-26,3.71,29.6,22.2,25.9,68.3,IMD_AWS_NASA_POWER_Blended
MH_DEC_07,Deola,Nashik,20.463,74.184,520,Deccan_Plateau,2023-06-27,17.72,28.6,21.5,25.1,75.4,IMD_AWS_NASA_POWER_Blended
MH_DEC_07,Deola,Nashik,20.463,74.184,520,Deccan_Plateau,2023-06-28,12.99,30.0,21.6,25.8,77.7,IMD_AWS_NASA_POWER_Blended
MH_DEC_07,Deola,Nashik,20.463,74.184,520,Deccan_Plateau,2023-06-29,15.24,25.2,22.4,23.8,83.9,IMD_AWS_NASA_POWER_Blended
MH_DEC_07,Deola,Nashik,20.463,74.184,520,Deccan_Plateau,2023-06-30,13.29,27.0,22.1,24.5,82.3,IMD_AWS_NASA_POWER_Blended
MH_DEC_07,Deola,Nashik,20.463,74.184,520,Deccan_Plateau,2023-07-01,14.66,30.1,22.5,26.3,80.6,IMD_AWS_NASA_POWER_Blended
MH_DEC_07,Deola,Nashik,20.463,74.184,520,Deccan_Plateau,2023-07-02,29.33,31.0,23.5,27.3,82.2,IMD_AWS_NASA_POWER_Blended
MH_DEC_07,Deola,Nashik,20.463,74.184,520,Deccan_Plateau,2023-07-03,2.3,32.4,23.1,27.7,78.6,IMD_AWS_NASA_POWER_Blended
MH_DEC_07,Deola,Nashik,20.463,74.184,520,Deccan_Plateau,2023-07-04,2.98,31.2,24.1,27.6,81.0,IMD_AWS_NASA_POWER_Blended
MH_DEC_07,Deola,Nashik,20.463,74.184,520,Deccan_Plateau,2023-07-05,9.83,30.6,23.4,27.0,81.8,IMD_AWS_NASA_POWER_Blended
MH_DEC_07,Deola,Nashik,20.463,74.184,520,Deccan_Plateau,2023-07-06,13.04,30.8,22.3,26.5,80.3,IMD_AWS_NASA_POWER_Blended
MH_DEC_07,Deola,Nashik,20.463,74.184,520,Deccan_Plateau,2023-07-07,7.91,30.7,22.9,26.8,85.7,IMD_AWS_NASA_POWER_Blended
MH_DEC_07,Deola,Nashik,20.463,74.184,520,Deccan_Plateau,2023-07-08,4.81,30.0,23.2,26.6,84.1,IMD_AWS_NASA_POWER_Blended
MH_DEC_07,Deola,Nashik,20.463,74.184,520,Deccan_Plateau,2023-07-09,6.09,30.4,22.7,26.6,82.2,IMD_AWS_NASA_POWER_Blended
MH_DEC_07,Deola,Nashik,20.463,74.184,520,Deccan_Plateau,2023-07-10,11.58,29.8,22.9,26.4,83.2,IMD_AWS_NASA_POWER_Blended
MH_DEC_07,Deola,Nashik,20.463,74.184,520,Deccan_Plateau,2023-07-11,8.64,30.2,22.6,26.4,82.5,IMD_AWS_NASA_POWER_Blended
MH_DEC_07,Deola,Nashik,20.463,74.184,520,Deccan_Plateau,2023-07-12,5.21,29.1,23.0,26.0,81.3,IMD_AWS_NASA_POWER_Blended
MH_DEC_07,Deola,Nashik,20.463,74.184,520,Deccan_Plateau,2023-07-13,4.87,30.3,22.8,26.5,81.9,IMD_AWS_NASA_POWER_Blended
MH_DEC_07,Deola,Nashik,20.463,74.184,520,Deccan_Plateau,2023-07-14,5.67,30.1,22.6,26.3,80.7,IMD_AWS_NASA_POWER_Blended
MH_DEC_07,Deola,Nashik,20.463,74.184,520,Deccan_Plateau,2023-07-15,8.17,29.0,21.9,25.4,84.7,IMD_AWS_NASA_POWER_Blended
MH_DEC_07,Deola,Nashik,20.463,74.184,520,Deccan_Plateau,2023-07-16,4.18,29.2,23.1,26.1,84.4,IMD_AWS_NASA_POWER_Blended
MH_DEC_07,Deola,Nashik,20.463,74.184,520,Deccan_Plateau,2023-07-17,1.85,30.3,23.0,26.6,81.5,IMD_AWS_NASA_POWER_Blended
MH_DEC_07,Deola,Nashik,20.463,74.184,520,Deccan_Plateau,2023-07-18,11.57,27.9,23.3,25.6,87.2,IMD_AWS_NASA_POWER_Blended
MH_DEC_07,Deola,Nashik,20.463,74.184,520,Deccan_Plateau,2023-07-19,12.05,29.4,23.2,26.3,86.4,IMD_AWS_NASA_POWER_Blended
MH_DEC_07,Deola,Nashik,20.463,74.184,520,Deccan_Plateau,2023-07-20,8.56,29.9,23.4,26.7,86.2,IMD_AWS_NASA_POWER_Blended
MH_DEC_07,Deola,Nashik,20.463,74.184,520,Deccan_Plateau,2023-07-21,6.75,27.8,23.2,25.5,86.9,IMD_AWS_NASA_POWER_Blended
MH_DEC_07,Deola,Nashik,20.463,74.184,520,Deccan_Plateau,2023-07-22,15.42,27.4,22.9,25.1,89.5,IMD_AWS_NASA_POWER_Blended
MH_DEC_07,Deola,Nashik,20.463,74.184,520,Deccan_Plateau,2023-07-23,16.21,30.1,23.2,26.6,86.4,IMD_AWS_NASA_POWER_Blended
MH_DEC_07,Deola,Nashik,20.463,74.184,520,Deccan_Plateau,2023-07-24,5.83,30.2,23.1,26.7,83.4,IMD_AWS_NASA_POWER_Blended
MH_DEC_07,Deola,Nashik,20.463,74.184,520,Deccan_Plateau,2023-07-25,16.33,29.8,22.8,26.3,85.6,IMD_AWS_NASA_POWER_Blended
MH_DEC_07,Deola,Nashik,20.463,74.184,520,Deccan_Plateau,2023-07-26,5.2,28.7,22.7,25.7,87.0,IMD_AWS_NASA_POWER_Blended
MH_DEC_07,Deola,Nashik,20.463,74.184,520,Deccan_Plateau,2023-07-27,10.7,28.5,23.1,25.8,86.1,IMD_AWS_NASA_POWER_Blended
MH_DEC_07,Deola,Nashik,20.463,74.184,520,Deccan_Plateau,2023-07-28,14.13,29.0,23.1,26.1,85.4,IMD_AWS_NASA_POWER_Blended
MH_DEC_07,Deola,Nashik,20.463,74.184,520,Deccan_Plateau,2023-07-29,2.91,29.0,22.3,25.7,84.3,IMD_AWS_NASA_POWER_Blended
MH_DEC_07,Deola,Nashik,20.463,74.184,520,Deccan_Plateau,2023-07-30,2.89,29.9,22.6,26.2,83.9,IMD_AWS_NASA_POWER_Blended
MH_DEC_07,Deola,Nashik,20.463,74.184,520,Deccan_Plateau,2023-07-31,4.26,30.2,22.6,26.4,84.0,IMD_AWS_NASA_POWER_Blended
MH_DEC_07,Deola,Nashik,20.463,74.184,520,Deccan_Plateau,2023-08-01,2.44,29.8,23.0,26.4,84.2,IMD_AWS_NASA_POWER_Blended
MH_DEC_07,Deola,Nashik,20.463,74.184,520,Deccan_Plateau,2023-08-02,1.34,28.4,22.5,25.5,85.7,IMD_AWS_NASA_POWER_Blended
MH_DEC_07,Deola,Nashik,20.463,74.184,520,Deccan_Plateau,2023-08-03,1.25,27.2,22.2,24.7,86.7,IMD_AWS_NASA_POWER_Blended
MH_DEC_07,Deola,Nashik,20.463,74.184,520,Deccan_Plateau,2023-08-04,1.19,29.5,22.2,25.8,83.5,IMD_AWS_NASA_POWER_Blended
MH_DEC_07,Deola,Nashik,20.463,74.184,520,Deccan_Plateau,2023-08-05,3.29,29.1,22.1,25.6,84.1,IMD_AWS_NASA_POWER_Blended
MH_DEC_07,Deola,Nashik,20.463,74.184,520,Deccan_Plateau,2023-08-06,2.3,29.8,22.0,25.9,82.9,IMD_AWS_NASA_POWER_Blended
MH_DEC_07,Deola,Nashik,20.463,74.184,520,Deccan_Plateau,2023-08-07,0.43,28.8,22.0,25.4,82.2,IMD_AWS_NASA_POWER_Blended
MH_DEC_07,Deola,Nashik,20.463,74.184,520,Deccan_Plateau,2023-08-08,0.41,28.2,21.9,25.0,84.2,IMD_AWS_NASA_POWER_Blended
MH_DEC_07,Deola,Nashik,20.463,74.184,520,Deccan_Plateau,2023-08-09,0.54,30.0,22.0,26.0,82.6,IMD_AWS_NASA_POWER_Blended
MH_DEC_07,Deola,Nashik,20.463,74.184,520,Deccan_Plateau,2023-08-10,2.07,29.6,21.8,25.7,82.9,IMD_AWS_NASA_POWER_Blended
MH_DEC_07,Deola,Nashik,20.463,74.184,520,Deccan_Plateau,2023-08-11,2.39,30.3,21.3,25.8,82.3,IMD_AWS_NASA_POWER_Blended
MH_DEC_07,Deola,Nashik,20.463,74.184,520,Deccan_Plateau,2023-08-12,2.13,30.1,21.4,25.8,81.2,IMD_AWS_NASA_POWER_Blended
MH_DEC_07,Deola,Nashik,20.463,74.184,520,Deccan_Plateau,2023-08-13,1.02,29.9,21.5,25.7,81.7,IMD_AWS_NASA_POWER_Blended
MH_DEC_07,Deola,Nashik,20.463,74.184,520,Deccan_Plateau,2023-08-14,0.99,29.3,21.3,25.3,81.1,IMD_AWS_NASA_POWER_Blended
MH_DEC_07,Deola,Nashik,20.463,74.184,520,Deccan_Plateau,2023-08-15,1.3,29.7,21.1,25.4,81.2,IMD_AWS_NASA_POWER_Blended
MH_DEC_07,Deola,Nashik,20.463,74.184,520,Deccan_Plateau,2023-08-16,0.51,30.8,21.2,26.0,80.3,IMD_AWS_NASA_POWER_Blended
MH_DEC_07,Deola,Nashik,20.463,74.184,520,Deccan_Plateau,2023-08-17,0.24,29.9,21.6,25.7,80.6,IMD_AWS_NASA_POWER_Blended
MH_DEC_07,Deola,Nashik,20.463,74.184,520,Deccan_Plateau,2023-08-18,1.32,29.7,21.8,25.7,80.5,IMD_AWS_NASA_POWER_Blended
MH_DEC_07,Deola,Nashik,20.463,74.184,520,Deccan_Plateau,2023-08-19,3.16,29.6,21.9,25.7,82.1,IMD_AWS_NASA_POWER_Blended
MH_DEC_07,Deola,Nashik,20.463,74.184,520,Deccan_Plateau,2023-08-20,3.56,29.1,22.0,25.6,82.0,IMD_AWS_NASA_POWER_Blended
MH_DEC_07,Deola,Nashik,20.463,74.184,520,Deccan_Plateau,2023-08-21,0.81,30.5,21.6,26.1,80.5,IMD_AWS_NASA_POWER_Blended
MH_DEC_07,Deola,Nashik,20.463,74.184,520,Deccan_Plateau,2023-08-22,1.38,30.6,21.7,26.2,81.5,IMD_AWS_NASA_POWER_Blended
MH_DEC_07,Deola,Nashik,20.463,74.184,520,Deccan_Plateau,2023-08-23,0.9,31.1,21.7,26.4,79.8,IMD_AWS_NASA_POWER_Blended
MH_DEC_07,Deola,Nashik,20.463,74.184,520,Deccan_Plateau,2023-08-24,1.65,29.9,22.5,26.2,80.8,IMD_AWS_NASA_POWER_Blended
MH_DEC_07,Deola,Nashik,20.463,74.184,520,Deccan_Plateau,2023-08-25,2.57,30.5,22.1,26.3,82.1,IMD_AWS_NASA_POWER_Blended
MH_DEC_07,Deola,Nashik,20.463,74.184,520,Deccan_Plateau,2023-08-26,3.06,30.8,22.1,26.5,81.2,IMD_AWS_NASA_POWER_Blended
MH_DEC_07,Deola,Nashik,20.463,74.184,520,Deccan_Plateau,2023-08-27,0.68,30.9,22.2,26.5,79.4,IMD_AWS_NASA_POWER_Blended
MH_DEC_07,Deola,Nashik,20.463,74.184,520,Deccan_Plateau,2023-08-28,0.08,30.8,21.6,26.2,79.5,IMD_AWS_NASA_POWER_Blended
MH_DEC_07,Deola,Nashik,20.463,74.184,520,Deccan_Plateau,2023-08-29,0.01,31.2,21.3,26.3,78.1,IMD_AWS_NASA_POWER_Blended
MH_DEC_07,Deola,Nashik,20.463,74.184,520,Deccan_Plateau,2023-08-30,0.0,31.8,20.9,26.4,76.9,IMD_AWS_NASA_POWER_Blended
MH_DEC_07,Deola,Nashik,20.463,74.184,520,Deccan_Plateau,2023-08-31,0.08,32.5,20.7,26.6,74.5,IMD_AWS_NASA_POWER_Blended
MH_DEC_07,Deola,Nashik,20.463,74.184,520,Deccan_Plateau,2023-09-01,0.29,33.1,21.4,27.2,73.7,IMD_AWS_NASA_POWER_Blended
MH_DEC_07,Deola,Nashik,20.463,74.184,520,Deccan_Plateau,2023-09-02,0.65,32.8,21.4,27.1,75.3,IMD_AWS_NASA_POWER_Blended
MH_DEC_07,Deola,Nashik,20.463,74.184,520,Deccan_Plateau,2023-09-03,0.17,32.8,21.8,27.3,77.0,IMD_AWS_NASA_POWER_Blended
MH_DEC_07,Deola,Nashik,20.463,74.184,520,Deccan_Plateau,2023-09-04,0.04,32.2,21.6,26.9,74.6,IMD_AWS_NASA_POWER_Blended
MH_DEC_07,Deola,Nashik,20.463,74.184,520,Deccan_Plateau,2023-09-05,0.0,31.9,21.1,26.5,74.3,IMD_AWS_NASA_POWER_Blended
MH_DEC_07,Deola,Nashik,20.463,74.184,520,Deccan_Plateau,2023-09-06,1.09,31.5,21.7,26.6,77.4,IMD_AWS_NASA_POWER_Blended
MH_DEC_07,Deola,Nashik,20.463,74.184,520,Deccan_Plateau,2023-09-07,12.95,28.5,23.2,25.9,87.0,IMD_AWS_NASA_POWER_Blended
MH_DEC_07,Deola,Nashik,20.463,74.184,520,Deccan_Plateau,2023-09-08,20.64,26.9,23.6,25.3,89.4,IMD_AWS_NASA_POWER_Blended
MH_DEC_07,Deola,Nashik,20.463,74.184,520,Deccan_Plateau,2023-09-09,12.35,27.0,22.9,24.9,87.0,IMD_AWS_NASA_POWER_Blended
MH_DEC_07,Deola,Nashik,20.463,74.184,520,Deccan_Plateau,2023-09-10,0.99,29.7,23.0,26.4,82.8,IMD_AWS_NASA_POWER_Blended
MH_DEC_07,Deola,Nashik,20.463,74.184,520,Deccan_Plateau,2023-09-11,0.06,30.3,22.4,26.4,81.1,IMD_AWS_NASA_POWER_Blended
MH_DEC_07,Deola,Nashik,20.463,74.184,520,Deccan_Plateau,2023-09-12,0.0,30.6,22.2,26.4,79.2,IMD_AWS_NASA_POWER_Blended
MH_DEC_07,Deola,Nashik,20.463,74.184,520,Deccan_Plateau,2023-09-13,0.24,30.7,21.7,26.2,79.7,IMD_AWS_NASA_POWER_Blended
MH_DEC_07,Deola,Nashik,20.463,74.184,520,Deccan_Plateau,2023-09-14,3.66,28.0,22.0,25.0,84.0,IMD_AWS_NASA_POWER_Blended
MH_DEC_07,Deola,Nashik,20.463,74.184,520,Deccan_Plateau,2023-09-15,8.38,27.8,21.8,24.8,86.7,IMD_AWS_NASA_POWER_Blended
MH_DEC_07,Deola,Nashik,20.463,74.184,520,Deccan_Plateau,2023-09-16,13.93,24.6,21.1,22.9,88.9,IMD_AWS_NASA_POWER_Blended
MH_DEC_07,Deola,Nashik,20.463,74.184,520,Deccan_Plateau,2023-09-17,4.38,28.2,21.2,24.7,84.4,IMD_AWS_NASA_POWER_Blended
MH_DEC_07,Deola,Nashik,20.463,74.184,520,Deccan_Plateau,2023-09-18,9.96,30.8,21.8,26.3,84.3,IMD_AWS_NASA_POWER_Blended
MH_DEC_07,Deola,Nashik,20.463,74.184,520,Deccan_Plateau,2023-09-19,5.53,30.4,22.0,26.2,84.3,IMD_AWS_NASA_POWER_Blended
MH_DEC_07,Deola,Nashik,20.463,74.184,520,Deccan_Plateau,2023-09-20,1.05,31.0,21.8,26.4,85.5,IMD_AWS_NASA_POWER_Blended
MH_DEC_07,Deola,Nashik,20.463,74.184,520,Deccan_Plateau,2023-09-21,15.75,28.4,22.5,25.4,88.2,IMD_AWS_NASA_POWER_Blended
MH_DEC_07,Deola,Nashik,20.463,74.184,520,Deccan_Plateau,2023-09-22,10.21,29.8,22.0,25.9,85.7,IMD_AWS_NASA_POWER_Blended
MH_DEC_07,Deola,Nashik,20.463,74.184,520,Deccan_Plateau,2023-09-23,22.05,28.2,22.6,25.4,89.0,IMD_AWS_NASA_POWER_Blended
MH_DEC_07,Deola,Nashik,20.463,74.184,520,Deccan_Plateau,2023-09-24,8.65,28.6,22.2,25.4,88.8,IMD_AWS_NASA_POWER_Blended
MH_DEC_07,Deola,Nashik,20.463,74.184,520,Deccan_Plateau,2023-09-25,12.92,29.0,21.8,25.4,88.4,IMD_AWS_NASA_POWER_Blended
MH_DEC_07,Deola,Nashik,20.463,74.184,520,Deccan_Plateau,2023-09-26,22.06,28.4,22.0,25.2,88.1,IMD_AWS_NASA_POWER_Blended
MH_DEC_07,Deola,Nashik,20.463,74.184,520,Deccan_Plateau,2023-09-27,11.59,28.9,21.8,25.4,86.8,IMD_AWS_NASA_POWER_Blended
MH_DEC_07,Deola,Nashik,20.463,74.184,520,Deccan_Plateau,2023-09-28,5.3,29.4,22.2,25.8,85.7,IMD_AWS_NASA_POWER_Blended
MH_DEC_07,Deola,Nashik,20.463,74.184,520,Deccan_Plateau,2023-09-29,12.39,29.2,22.5,25.8,84.6,IMD_AWS_NASA_POWER_Blended
MH_DEC_07,Deola,Nashik,20.463,74.184,520,Deccan_Plateau,2023-09-30,2.56,29.4,22.6,26.0,81.8,IMD_AWS_NASA_POWER_Blended
MH_DEC_07,Deola,Nashik,20.463,74.184,520,Deccan_Plateau,2023-10-01,0.19,30.8,21.7,26.3,79.6,IMD_AWS_NASA_POWER_Blended
MH_DEC_07,Deola,Nashik,20.463,74.184,520,Deccan_Plateau,2023-10-02,0.09,29.5,21.7,25.6,82.0,IMD_AWS_NASA_POWER_Blended
MH_DEC_07,Deola,Nashik,20.463,74.184,520,Deccan_Plateau,2023-10-03,0.0,29.6,20.0,24.8,79.8,IMD_AWS_NASA_POWER_Blended
MH_DEC_07,Deola,Nashik,20.463,74.184,520,Deccan_Plateau,2023-10-04,0.0,29.7,17.0,23.3,77.2,IMD_AWS_NASA_POWER_Blended
MH_DEC_07,Deola,Nashik,20.463,74.184,520,Deccan_Plateau,2023-10-05,0.0,29.7,17.4,23.5,79.7,IMD_AWS_NASA_POWER_Blended
MH_DEC_07,Deola,Nashik,20.463,74.184,520,Deccan_Plateau,2023-10-06,0.0,30.1,17.4,23.8,80.1,IMD_AWS_NASA_POWER_Blended
MH_DEC_07,Deola,Nashik,20.463,74.184,520,Deccan_Plateau,2023-10-07,0.0,31.0,19.2,25.1,79.7,IMD_AWS_NASA_POWER_Blended
MH_DEC_07,Deola,Nashik,20.463,74.184,520,Deccan_Plateau,2023-10-08,0.0,31.1,19.2,25.2,77.5,IMD_AWS_NASA_POWER_Blended
MH_DEC_07,Deola,Nashik,20.463,74.184,520,Deccan_Plateau,2023-10-09,0.0,31.0,19.7,25.4,73.8,IMD_AWS_NASA_POWER_Blended
MH_DEC_07,Deola,Nashik,20.463,74.184,520,Deccan_Plateau,2023-10-10,0.0,30.9,17.7,24.3,75.0,IMD_AWS_NASA_POWER_Blended
MH_DEC_07,Deola,Nashik,20.463,74.184,520,Deccan_Plateau,2023-10-11,0.0,31.3,19.5,25.4,73.1,IMD_AWS_NASA_POWER_Blended
MH_DEC_07,Deola,Nashik,20.463,74.184,520,Deccan_Plateau,2023-10-12,0.0,31.5,19.6,25.5,72.7,IMD_AWS_NASA_POWER_Blended
MH_DEC_07,Deola,Nashik,20.463,74.184,520,Deccan_Plateau,2023-10-13,0.0,31.9,19.5,25.7,71.3,IMD_AWS_NASA_POWER_Blended
MH_DEC_07,Deola,Nashik,20.463,74.184,520,Deccan_Plateau,2023-10-14,0.0,31.4,19.4,25.4,68.2,IMD_AWS_NASA_POWER_Blended
MH_DEC_07,Deola,Nashik,20.463,74.184,520,Deccan_Plateau,2023-10-15,0.0,30.7,20.8,25.8,68.9,IMD_AWS_NASA_POWER_Blended
MH_DEC_07,Deola,Nashik,20.463,74.184,520,Deccan_Plateau,2023-10-16,0.0,30.7,20.9,25.8,69.4,IMD_AWS_NASA_POWER_Blended
MH_DEC_07,Deola,Nashik,20.463,74.184,520,Deccan_Plateau,2023-10-17,1.91,31.0,20.6,25.8,69.0,IMD_AWS_NASA_POWER_Blended
MH_DEC_07,Deola,Nashik,20.463,74.184,520,Deccan_Plateau,2023-10-18,0.09,31.0,20.2,25.6,70.8,IMD_AWS_NASA_POWER_Blended
MH_DEC_07,Deola,Nashik,20.463,74.184,520,Deccan_Plateau,2023-10-19,0.0,31.3,19.6,25.5,68.6,IMD_AWS_NASA_POWER_Blended
MH_DEC_07,Deola,Nashik,20.463,74.184,520,Deccan_Plateau,2023-10-20,0.0,31.8,18.5,25.1,68.2,IMD_AWS_NASA_POWER_Blended
MH_DEC_07,Deola,Nashik,20.463,74.184,520,Deccan_Plateau,2023-10-21,0.0,31.3,18.7,25.0,71.7,IMD_AWS_NASA_POWER_Blended
MH_DEC_07,Deola,Nashik,20.463,74.184,520,Deccan_Plateau,2023-10-22,0.0,31.6,18.7,25.2,67.5,IMD_AWS_NASA_POWER_Blended
MH_DEC_07,Deola,Nashik,20.463,74.184,520,Deccan_Plateau,2023-10-23,0.0,31.2,19.5,25.3,64.7,IMD_AWS_NASA_POWER_Blended
MH_DEC_07,Deola,Nashik,20.463,74.184,520,Deccan_Plateau,2023-10-24,0.0,31.5,18.9,25.2,65.0,IMD_AWS_NASA_POWER_Blended
MH_DEC_07,Deola,Nashik,20.463,74.184,520,Deccan_Plateau,2023-10-25,0.0,31.5,17.7,24.6,61.0,IMD_AWS_NASA_POWER_Blended
MH_DEC_07,Deola,Nashik,20.463,74.184,520,Deccan_Plateau,2023-10-26,0.0,31.3,18.1,24.7,55.2,IMD_AWS_NASA_POWER_Blended
MH_DEC_07,Deola,Nashik,20.463,74.184,520,Deccan_Plateau,2023-10-27,0.0,31.3,17.9,24.6,53.8,IMD_AWS_NASA_POWER_Blended
MH_DEC_07,Deola,Nashik,20.463,74.184,520,Deccan_Plateau,2023-10-28,0.0,31.4,15.5,23.5,57.3,IMD_AWS_NASA_POWER_Blended
MH_DEC_07,Deola,Nashik,20.463,74.184,520,Deccan_Plateau,2023-10-29,0.0,31.2,15.5,23.4,59.0,IMD_AWS_NASA_POWER_Blended
MH_DEC_07,Deola,Nashik,20.463,74.184,520,Deccan_Plateau,2023-10-30,0.0,30.4,16.6,23.5,60.6,IMD_AWS_NASA_POWER_Blended
MH_DEC_07,Deola,Nashik,20.463,74.184,520,Deccan_Plateau,2023-10-31,0.0,30.0,15.3,22.6,58.9,IMD_AWS_NASA_POWER_Blended
MH_DEC_08,Yeola,Nashik,20.042,74.489,510,Deccan_Plateau,2023-06-01,0.0,40.8,24.1,32.5,35.8,IMD_AWS_NASA_POWER_Blended
MH_DEC_08,Yeola,Nashik,20.042,74.489,510,Deccan_Plateau,2023-06-02,0.19,37.8,22.9,30.4,47.7,IMD_AWS_NASA_POWER_Blended
MH_DEC_08,Yeola,Nashik,20.042,74.489,510,Deccan_Plateau,2023-06-03,0.4,36.0,23.8,29.9,57.5,IMD_AWS_NASA_POWER_Blended
MH_DEC_08,Yeola,Nashik,20.042,74.489,510,Deccan_Plateau,2023-06-04,1.28,36.6,24.4,30.5,55.1,IMD_AWS_NASA_POWER_Blended
MH_DEC_08,Yeola,Nashik,20.042,74.489,510,Deccan_Plateau,2023-06-05,0.69,37.3,23.5,30.4,54.4,IMD_AWS_NASA_POWER_Blended
MH_DEC_08,Yeola,Nashik,20.042,74.489,510,Deccan_Plateau,2023-06-06,0.0,39.0,23.7,31.4,51.3,IMD_AWS_NASA_POWER_Blended
MH_DEC_08,Yeola,Nashik,20.042,74.489,510,Deccan_Plateau,2023-06-07,0.0,39.3,23.6,31.4,49.8,IMD_AWS_NASA_POWER_Blended
MH_DEC_08,Yeola,Nashik,20.042,74.489,510,Deccan_Plateau,2023-06-08,0.21,39.2,23.9,31.6,51.9,IMD_AWS_NASA_POWER_Blended
MH_DEC_08,Yeola,Nashik,20.042,74.489,510,Deccan_Plateau,2023-06-09,0.12,38.4,24.9,31.6,54.2,IMD_AWS_NASA_POWER_Blended
MH_DEC_08,Yeola,Nashik,20.042,74.489,510,Deccan_Plateau,2023-06-10,5.34,35.0,25.6,30.3,60.7,IMD_AWS_NASA_POWER_Blended
MH_DEC_08,Yeola,Nashik,20.042,74.489,510,Deccan_Plateau,2023-06-11,0.09,36.9,23.8,30.3,57.1,IMD_AWS_NASA_POWER_Blended
MH_DEC_08,Yeola,Nashik,20.042,74.489,510,Deccan_Plateau,2023-06-12,0.03,38.3,23.9,31.1,51.9,IMD_AWS_NASA_POWER_Blended
MH_DEC_08,Yeola,Nashik,20.042,74.489,510,Deccan_Plateau,2023-06-13,0.47,37.4,24.0,30.7,55.9,IMD_AWS_NASA_POWER_Blended
MH_DEC_08,Yeola,Nashik,20.042,74.489,510,Deccan_Plateau,2023-06-14,0.58,36.5,23.7,30.1,58.6,IMD_AWS_NASA_POWER_Blended
MH_DEC_08,Yeola,Nashik,20.042,74.489,510,Deccan_Plateau,2023-06-15,0.15,36.7,23.9,30.3,60.7,IMD_AWS_NASA_POWER_Blended
MH_DEC_08,Yeola,Nashik,20.042,74.489,510,Deccan_Plateau,2023-06-16,0.23,35.9,24.4,30.2,63.1,IMD_AWS_NASA_POWER_Blended
MH_DEC_08,Yeola,Nashik,20.042,74.489,510,Deccan_Plateau,2023-06-17,0.16,35.5,24.5,30.0,65.2,IMD_AWS_NASA_POWER_Blended
MH_DEC_08,Yeola,Nashik,20.042,74.489,510,Deccan_Plateau,2023-06-18,0.01,36.3,24.1,30.2,62.5,IMD_AWS_NASA_POWER_Blended
MH_DEC_08,Yeola,Nashik,20.042,74.489,510,Deccan_Plateau,2023-06-19,0.0,37.1,24.0,30.5,61.5,IMD_AWS_NASA_POWER_Blended
MH_DEC_08,Yeola,Nashik,20.042,74.489,510,Deccan_Plateau,2023-06-20,0.0,36.9,24.3,30.6,61.5,IMD_AWS_NASA_POWER_Blended
MH_DEC_08,Yeola,Nashik,20.042,74.489,510,Deccan_Plateau,2023-06-21,0.0,37.0,24.3,30.7,59.7,IMD_AWS_NASA_POWER_Blended
MH_DEC_08,Yeola,Nashik,20.042,74.489,510,Deccan_Plateau,2023-06-22,0.01,36.4,24.7,30.6,58.4,IMD_AWS_NASA_POWER_Blended
MH_DEC_08,Yeola,Nashik,20.042,74.489,510,Deccan_Plateau,2023-06-23,0.2,35.0,24.5,29.7,60.8,IMD_AWS_NASA_POWER_Blended
MH_DEC_08,Yeola,Nashik,20.042,74.489,510,Deccan_Plateau,2023-06-24,4.51,30.9,24.4,27.6,70.3,IMD_AWS_NASA_POWER_Blended
MH_DEC_08,Yeola,Nashik,20.042,74.489,510,Deccan_Plateau,2023-06-25,4.81,32.3,22.7,27.5,66.0,IMD_AWS_NASA_POWER_Blended
MH_DEC_08,Yeola,Nashik,20.042,74.489,510,Deccan_Plateau,2023-06-26,5.71,29.0,22.0,25.5,70.1,IMD_AWS_NASA_POWER_Blended
MH_DEC_08,Yeola,Nashik,20.042,74.489,510,Deccan_Plateau,2023-06-27,17.91,27.5,21.1,24.3,76.8,IMD_AWS_NASA_POWER_Blended
MH_DEC_08,Yeola,Nashik,20.042,74.489,510,Deccan_Plateau,2023-06-28,10.76,30.1,21.1,25.6,77.7,IMD_AWS_NASA_POWER_Blended
MH_DEC_08,Yeola,Nashik,20.042,74.489,510,Deccan_Plateau,2023-06-29,10.03,26.3,22.1,24.2,80.5,IMD_AWS_NASA_POWER_Blended
MH_DEC_08,Yeola,Nashik,20.042,74.489,510,Deccan_Plateau,2023-06-30,15.94,27.5,21.9,24.7,81.7,IMD_AWS_NASA_POWER_Blended
MH_DEC_08,Yeola,Nashik,20.042,74.489,510,Deccan_Plateau,2023-07-01,14.48,30.1,22.8,26.4,80.5,IMD_AWS_NASA_POWER_Blended
MH_DEC_08,Yeola,Nashik,20.042,74.489,510,Deccan_Plateau,2023-07-02,34.2,30.9,23.4,27.1,83.1,IMD_AWS_NASA_POWER_Blended
MH_DEC_08,Yeola,Nashik,20.042,74.489,510,Deccan_Plateau,2023-07-03,3.67,32.0,22.9,27.5,79.9,IMD_AWS_NASA_POWER_Blended
MH_DEC_08,Yeola,Nashik,20.042,74.489,510,Deccan_Plateau,2023-07-04,3.84,30.7,23.8,27.2,82.3,IMD_AWS_NASA_POWER_Blended
MH_DEC_08,Yeola,Nashik,20.042,74.489,510,Deccan_Plateau,2023-07-05,4.66,30.1,23.0,26.6,82.8,IMD_AWS_NASA_POWER_Blended
MH_DEC_08,Yeola,Nashik,20.042,74.489,510,Deccan_Plateau,2023-07-06,11.37,29.0,21.7,25.4,82.4,IMD_AWS_NASA_POWER_Blended
MH_DEC_08,Yeola,Nashik,20.042,74.489,510,Deccan_Plateau,2023-07-07,10.38,29.0,23.1,26.0,87.0,IMD_AWS_NASA_POWER_Blended
MH_DEC_08,Yeola,Nashik,20.042,74.489,510,Deccan_Plateau,2023-07-08,4.63,30.0,23.1,26.6,83.6,IMD_AWS_NASA_POWER_Blended
MH_DEC_08,Yeola,Nashik,20.042,74.489,510,Deccan_Plateau,2023-07-09,3.44,29.6,22.5,26.0,82.8,IMD_AWS_NASA_POWER_Blended
MH_DEC_08,Yeola,Nashik,20.042,74.489,510,Deccan_Plateau,2023-07-10,5.36,30.1,22.7,26.4,82.1,IMD_AWS_NASA_POWER_Blended
MH_DEC_08,Yeola,Nashik,20.042,74.489,510,Deccan_Plateau,2023-07-11,6.16,30.0,22.3,26.1,81.5,IMD_AWS_NASA_POWER_Blended
MH_DEC_08,Yeola,Nashik,20.042,74.489,510,Deccan_Plateau,2023-07-12,4.96,29.2,22.8,26.0,80.3,IMD_AWS_NASA_POWER_Blended
MH_DEC_08,Yeola,Nashik,20.042,74.489,510,Deccan_Plateau,2023-07-13,5.34,30.4,22.2,26.3,80.6,IMD_AWS_NASA_POWER_Blended
MH_DEC_08,Yeola,Nashik,20.042,74.489,510,Deccan_Plateau,2023-07-14,4.16,30.0,22.6,26.3,79.8,IMD_AWS_NASA_POWER_Blended
MH_DEC_08,Yeola,Nashik,20.042,74.489,510,Deccan_Plateau,2023-07-15,6.07,29.4,22.2,25.8,83.6,IMD_AWS_NASA_POWER_Blended
MH_DEC_08,Yeola,Nashik,20.042,74.489,510,Deccan_Plateau,2023-07-16,4.48,29.3,22.9,26.1,84.1,IMD_AWS_NASA_POWER_Blended
MH_DEC_08,Yeola,Nashik,20.042,74.489,510,Deccan_Plateau,2023-07-17,3.94,30.3,22.6,26.4,81.1,IMD_AWS_NASA_POWER_Blended
MH_DEC_08,Yeola,Nashik,20.042,74.489,510,Deccan_Plateau,2023-07-18,14.83,27.2,23.1,25.1,87.8,IMD_AWS_NASA_POWER_Blended
MH_DEC_08,Yeola,Nashik,20.042,74.489,510,Deccan_Plateau,2023-07-19,12.85,29.6,23.2,26.4,86.1,IMD_AWS_NASA_POWER_Blended
MH_DEC_08,Yeola,Nashik,20.042,74.489,510,Deccan_Plateau,2023-07-20,8.28,29.5,23.0,26.2,86.2,IMD_AWS_NASA_POWER_Blended
MH_DEC_08,Yeola,Nashik,20.042,74.489,510,Deccan_Plateau,2023-07-21,6.55,27.9,22.6,25.2,86.6,IMD_AWS_NASA_POWER_Blended
MH_DEC_08,Yeola,Nashik,20.042,74.489,510,Deccan_Plateau,2023-07-22,9.16,27.3,22.6,24.9,89.2,IMD_AWS_NASA_POWER_Blended
MH_DEC_08,Yeola,Nashik,20.042,74.489,510,Deccan_Plateau,2023-07-23,11.41,29.9,22.7,26.3,85.9,IMD_AWS_NASA_POWER_Blended
MH_DEC_08,Yeola,Nashik,20.042,74.489,510,Deccan_Plateau,2023-07-24,7.52,30.3,23.0,26.6,82.9,IMD_AWS_NASA_POWER_Blended
MH_DEC_08,Yeola,Nashik,20.042,74.489,510,Deccan_Plateau,2023-07-25,19.12,28.7,22.7,25.7,86.9,IMD_AWS_NASA_POWER_Blended
MH_DEC_08,Yeola,Nashik,20.042,74.489,510,Deccan_Plateau,2023-07-26,7.98,27.3,22.5,24.9,88.7,IMD_AWS_NASA_POWER_Blended
MH_DEC_08,Yeola,Nashik,20.042,74.489,510,Deccan_Plateau,2023-07-27,12.25,27.9,22.9,25.4,87.2,IMD_AWS_NASA_POWER_Blended
MH_DEC_08,Yeola,Nashik,20.042,74.489,510,Deccan_Plateau,2023-07-28,14.58,28.7,22.9,25.8,86.5,IMD_AWS_NASA_POWER_Blended
MH_DEC_08,Yeola,Nashik,20.042,74.489,510,Deccan_Plateau,2023-07-29,3.29,29.3,21.9,25.6,83.9,IMD_AWS_NASA_POWER_Blended
MH_DEC_08,Yeola,Nashik,20.042,74.489,510,Deccan_Plateau,2023-07-30,2.75,29.7,22.4,26.0,84.3,IMD_AWS_NASA_POWER_Blended
MH_DEC_08,Yeola,Nashik,20.042,74.489,510,Deccan_Plateau,2023-07-31,3.95,30.2,22.3,26.3,83.8,IMD_AWS_NASA_POWER_Blended
MH_DEC_08,Yeola,Nashik,20.042,74.489,510,Deccan_Plateau,2023-08-01,2.72,29.8,22.7,26.3,84.2,IMD_AWS_NASA_POWER_Blended
MH_DEC_08,Yeola,Nashik,20.042,74.489,510,Deccan_Plateau,2023-08-02,1.23,27.6,22.3,24.9,86.4,IMD_AWS_NASA_POWER_Blended
MH_DEC_08,Yeola,Nashik,20.042,74.489,510,Deccan_Plateau,2023-08-03,1.2,27.3,22.1,24.7,86.6,IMD_AWS_NASA_POWER_Blended
MH_DEC_08,Yeola,Nashik,20.042,74.489,510,Deccan_Plateau,2023-08-04,1.91,29.0,22.0,25.5,84.3,IMD_AWS_NASA_POWER_Blended
MH_DEC_08,Yeola,Nashik,20.042,74.489,510,Deccan_Plateau,2023-08-05,2.69,28.2,21.9,25.1,85.0,IMD_AWS_NASA_POWER_Blended
MH_DEC_08,Yeola,Nashik,20.042,74.489,510,Deccan_Plateau,2023-08-06,1.81,30.2,21.7,25.9,82.0,IMD_AWS_NASA_POWER_Blended
MH_DEC_08,Yeola,Nashik,20.042,74.489,510,Deccan_Plateau,2023-08-07,0.42,27.9,21.8,24.8,83.7,IMD_AWS_NASA_POWER_Blended
MH_DEC_08,Yeola,Nashik,20.042,74.489,510,Deccan_Plateau,2023-08-08,0.6,27.6,21.8,24.7,84.8,IMD_AWS_NASA_POWER_Blended
MH_DEC_08,Yeola,Nashik,20.042,74.489,510,Deccan_Plateau,2023-08-09,0.53,29.0,21.7,25.3,84.3,IMD_AWS_NASA_POWER_Blended
MH_DEC_08,Yeola,Nashik,20.042,74.489,510,Deccan_Plateau,2023-08-10,1.44,29.7,21.6,25.6,83.0,IMD_AWS_NASA_POWER_Blended
MH_DEC_08,Yeola,Nashik,20.042,74.489,510,Deccan_Plateau,2023-08-11,1.92,30.3,21.1,25.7,81.9,IMD_AWS_NASA_POWER_Blended
MH_DEC_08,Yeola,Nashik,20.042,74.489,510,Deccan_Plateau,2023-08-12,2.13,29.8,21.3,25.6,81.6,IMD_AWS_NASA_POWER_Blended
MH_DEC_08,Yeola,Nashik,20.042,74.489,510,Deccan_Plateau,2023-08-13,1.19,29.1,21.4,25.2,83.4,IMD_AWS_NASA_POWER_Blended
MH_DEC_08,Yeola,Nashik,20.042,74.489,510,Deccan_Plateau,2023-08-14,1.4,29.2,21.3,25.2,81.7,IMD_AWS_NASA_POWER_Blended
MH_DEC_08,Yeola,Nashik,20.042,74.489,510,Deccan_Plateau,2023-08-15,2.44,29.6,20.9,25.3,81.8,IMD_AWS_NASA_POWER_Blended
MH_DEC_08,Yeola,Nashik,20.042,74.489,510,Deccan_Plateau,2023-08-16,0.88,30.5,21.2,25.8,81.3,IMD_AWS_NASA_POWER_Blended
MH_DEC_08,Yeola,Nashik,20.042,74.489,510,Deccan_Plateau,2023-08-17,0.35,30.1,21.2,25.6,80.7,IMD_AWS_NASA_POWER_Blended
MH_DEC_08,Yeola,Nashik,20.042,74.489,510,Deccan_Plateau,2023-08-18,0.98,29.2,21.6,25.4,82.2,IMD_AWS_NASA_POWER_Blended
MH_DEC_08,Yeola,Nashik,20.042,74.489,510,Deccan_Plateau,2023-08-19,3.18,29.4,21.6,25.5,82.8,IMD_AWS_NASA_POWER_Blended
MH_DEC_08,Yeola,Nashik,20.042,74.489,510,Deccan_Plateau,2023-08-20,2.92,28.7,21.7,25.2,82.5,IMD_AWS_NASA_POWER_Blended
MH_DEC_08,Yeola,Nashik,20.042,74.489,510,Deccan_Plateau,2023-08-21,0.85,30.1,21.1,25.6,80.9,IMD_AWS_NASA_POWER_Blended
MH_DEC_08,Yeola,Nashik,20.042,74.489,510,Deccan_Plateau,2023-08-22,1.74,31.0,21.2,26.1,81.9,IMD_AWS_NASA_POWER_Blended
MH_DEC_08,Yeola,Nashik,20.042,74.489,510,Deccan_Plateau,2023-08-23,1.02,30.6,21.4,26.0,81.1,IMD_AWS_NASA_POWER_Blended
MH_DEC_08,Yeola,Nashik,20.042,74.489,510,Deccan_Plateau,2023-08-24,1.9,29.8,22.2,26.0,81.6,IMD_AWS_NASA_POWER_Blended
MH_DEC_08,Yeola,Nashik,20.042,74.489,510,Deccan_Plateau,2023-08-25,3.12,30.4,21.9,26.1,83.3,IMD_AWS_NASA_POWER_Blended
MH_DEC_08,Yeola,Nashik,20.042,74.489,510,Deccan_Plateau,2023-08-26,3.4,30.5,22.0,26.3,81.7,IMD_AWS_NASA_POWER_Blended
MH_DEC_08,Yeola,Nashik,20.042,74.489,510,Deccan_Plateau,2023-08-27,1.63,31.0,22.1,26.6,79.8,IMD_AWS_NASA_POWER_Blended
MH_DEC_08,Yeola,Nashik,20.042,74.489,510,Deccan_Plateau,2023-08-28,0.32,30.3,21.5,25.9,81.0,IMD_AWS_NASA_POWER_Blended
MH_DEC_08,Yeola,Nashik,20.042,74.489,510,Deccan_Plateau,2023-08-29,0.06,30.9,21.1,26.0,79.3,IMD_AWS_NASA_POWER_Blended
MH_DEC_08,Yeola,Nashik,20.042,74.489,510,Deccan_Plateau,2023-08-30,0.01,31.3,20.9,26.1,77.6,IMD_AWS_NASA_POWER_Blended
MH_DEC_08,Yeola,Nashik,20.042,74.489,510,Deccan_Plateau,2023-08-31,0.14,32.0,20.9,26.4,75.8,IMD_AWS_NASA_POWER_Blended
MH_DEC_08,Yeola,Nashik,20.042,74.489,510,Deccan_Plateau,2023-09-01,1.49,32.7,21.1,26.9,75.5,IMD_AWS_NASA_POWER_Blended
MH_DEC_08,Yeola,Nashik,20.042,74.489,510,Deccan_Plateau,2023-09-02,2.34,32.3,21.4,26.9,77.6,IMD_AWS_NASA_POWER_Blended
MH_DEC_08,Yeola,Nashik,20.042,74.489,510,Deccan_Plateau,2023-09-03,0.37,32.1,21.9,27.0,79.3,IMD_AWS_NASA_POWER_Blended
MH_DEC_08,Yeola,Nashik,20.042,74.489,510,Deccan_Plateau,2023-09-04,0.06,31.8,21.5,26.7,76.9,IMD_AWS_NASA_POWER_Blended
MH_DEC_08,Yeola,Nashik,20.042,74.489,510,Deccan_Plateau,2023-09-05,0.0,31.9,20.7,26.3,75.8,IMD_AWS_NASA_POWER_Blended
MH_DEC_08,Yeola,Nashik,20.042,74.489,510,Deccan_Plateau,2023-09-06,1.12,31.4,21.4,26.4,78.8,IMD_AWS_NASA_POWER_Blended
MH_DEC_08,Yeola,Nashik,20.042,74.489,510,Deccan_Plateau,2023-09-07,12.64,27.9,22.8,25.3,88.0,IMD_AWS_NASA_POWER_Blended
MH_DEC_08,Yeola,Nashik,20.042,74.489,510,Deccan_Plateau,2023-09-08,29.95,26.8,23.3,25.1,89.6,IMD_AWS_NASA_POWER_Blended
MH_DEC_08,Yeola,Nashik,20.042,74.489,510,Deccan_Plateau,2023-09-09,10.93,27.9,22.8,25.3,86.7,IMD_AWS_NASA_POWER_Blended
MH_DEC_08,Yeola,Nashik,20.042,74.489,510,Deccan_Plateau,2023-09-10,1.76,29.5,22.8,26.2,84.0,IMD_AWS_NASA_POWER_Blended
MH_DEC_08,Yeola,Nashik,20.042,74.489,510,Deccan_Plateau,2023-09-11,0.05,30.3,22.3,26.3,81.6,IMD_AWS_NASA_POWER_Blended
MH_DEC_08,Yeola,Nashik,20.042,74.489,510,Deccan_Plateau,2023-09-12,0.01,30.5,21.8,26.1,80.2,IMD_AWS_NASA_POWER_Blended
MH_DEC_08,Yeola,Nashik,20.042,74.489,510,Deccan_Plateau,2023-09-13,0.49,30.1,21.5,25.8,81.1,IMD_AWS_NASA_POWER_Blended
MH_DEC_08,Yeola,Nashik,20.042,74.489,510,Deccan_Plateau,2023-09-14,2.16,27.5,21.5,24.5,84.3,IMD_AWS_NASA_POWER_Blended
MH_DEC_08,Yeola,Nashik,20.042,74.489,510,Deccan_Plateau,2023-09-15,4.22,27.6,21.4,24.5,85.9,IMD_AWS_NASA_POWER_Blended
MH_DEC_08,Yeola,Nashik,20.042,74.489,510,Deccan_Plateau,2023-09-16,5.31,25.5,21.4,23.4,87.7,IMD_AWS_NASA_POWER_Blended
MH_DEC_08,Yeola,Nashik,20.042,74.489,510,Deccan_Plateau,2023-09-17,3.97,28.9,21.4,25.1,83.8,IMD_AWS_NASA_POWER_Blended
MH_DEC_08,Yeola,Nashik,20.042,74.489,510,Deccan_Plateau,2023-09-18,8.06,30.9,21.6,26.3,83.7,IMD_AWS_NASA_POWER_Blended
MH_DEC_08,Yeola,Nashik,20.042,74.489,510,Deccan_Plateau,2023-09-19,3.49,30.4,21.9,26.2,83.7,IMD_AWS_NASA_POWER_Blended
MH_DEC_08,Yeola,Nashik,20.042,74.489,510,Deccan_Plateau,2023-09-20,1.7,30.9,21.6,26.3,84.5,IMD_AWS_NASA_POWER_Blended
MH_DEC_08,Yeola,Nashik,20.042,74.489,510,Deccan_Plateau,2023-09-21,23.45,28.0,22.7,25.3,89.3,IMD_AWS_NASA_POWER_Blended
MH_DEC_08,Yeola,Nashik,20.042,74.489,510,Deccan_Plateau,2023-09-22,13.1,29.6,21.8,25.7,86.0,IMD_AWS_NASA_POWER_Blended
MH_DEC_08,Yeola,Nashik,20.042,74.489,510,Deccan_Plateau,2023-09-23,21.21,27.5,22.4,25.0,89.9,IMD_AWS_NASA_POWER_Blended
MH_DEC_08,Yeola,Nashik,20.042,74.489,510,Deccan_Plateau,2023-09-24,5.88,28.4,22.0,25.2,88.1,IMD_AWS_NASA_POWER_Blended
MH_DEC_08,Yeola,Nashik,20.042,74.489,510,Deccan_Plateau,2023-09-25,14.86,28.9,21.4,25.1,88.1,IMD_AWS_NASA_POWER_Blended
MH_DEC_08,Yeola,Nashik,20.042,74.489,510,Deccan_Plateau,2023-09-26,26.04,28.7,22.0,25.3,87.7,IMD_AWS_NASA_POWER_Blended
MH_DEC_08,Yeola,Nashik,20.042,74.489,510,Deccan_Plateau,2023-09-27,15.11,28.7,21.8,25.3,87.2,IMD_AWS_NASA_POWER_Blended
MH_DEC_08,Yeola,Nashik,20.042,74.489,510,Deccan_Plateau,2023-09-28,6.23,29.0,22.0,25.5,86.7,IMD_AWS_NASA_POWER_Blended
MH_DEC_08,Yeola,Nashik,20.042,74.489,510,Deccan_Plateau,2023-09-29,16.34,28.7,21.9,25.3,85.9,IMD_AWS_NASA_POWER_Blended
MH_DEC_08,Yeola,Nashik,20.042,74.489,510,Deccan_Plateau,2023-09-30,4.24,29.3,21.8,25.6,84.3,IMD_AWS_NASA_POWER_Blended
MH_DEC_08,Yeola,Nashik,20.042,74.489,510,Deccan_Plateau,2023-10-01,0.67,30.3,21.1,25.7,81.6,IMD_AWS_NASA_POWER_Blended
MH_DEC_08,Yeola,Nashik,20.042,74.489,510,Deccan_Plateau,2023-10-02,1.2,28.4,21.6,25.0,84.7,IMD_AWS_NASA_POWER_Blended
MH_DEC_08,Yeola,Nashik,20.042,74.489,510,Deccan_Plateau,2023-10-03,0.02,29.9,20.6,25.2,80.5,IMD_AWS_NASA_POWER_Blended
MH_DEC_08,Yeola,Nashik,20.042,74.489,510,Deccan_Plateau,2023-10-04,0.0,29.7,17.5,23.6,78.2,IMD_AWS_NASA_POWER_Blended
MH_DEC_08,Yeola,Nashik,20.042,74.489,510,Deccan_Plateau,2023-10-05,0.0,29.5,17.2,23.4,79.8,IMD_AWS_NASA_POWER_Blended
MH_DEC_08,Yeola,Nashik,20.042,74.489,510,Deccan_Plateau,2023-10-06,0.0,29.9,17.7,23.8,79.5,IMD_AWS_NASA_POWER_Blended
MH_DEC_08,Yeola,Nashik,20.042,74.489,510,Deccan_Plateau,2023-10-07,0.0,30.9,19.3,25.1,79.0,IMD_AWS_NASA_POWER_Blended
MH_DEC_08,Yeola,Nashik,20.042,74.489,510,Deccan_Plateau,2023-10-08,0.0,30.9,19.1,25.0,77.6,IMD_AWS_NASA_POWER_Blended
MH_DEC_08,Yeola,Nashik,20.042,74.489,510,Deccan_Plateau,2023-10-09,0.0,30.9,19.2,25.0,75.9,IMD_AWS_NASA_POWER_Blended
MH_DEC_08,Yeola,Nashik,20.042,74.489,510,Deccan_Plateau,2023-10-10,0.0,30.6,18.2,24.4,74.9,IMD_AWS_NASA_POWER_Blended
MH_DEC_08,Yeola,Nashik,20.042,74.489,510,Deccan_Plateau,2023-10-11,0.0,30.7,19.0,24.8,76.4,IMD_AWS_NASA_POWER_Blended
MH_DEC_08,Yeola,Nashik,20.042,74.489,510,Deccan_Plateau,2023-10-12,0.0,30.9,19.1,25.0,74.7,IMD_AWS_NASA_POWER_Blended
MH_DEC_08,Yeola,Nashik,20.042,74.489,510,Deccan_Plateau,2023-10-13,0.0,31.3,19.2,25.2,73.3,IMD_AWS_NASA_POWER_Blended
MH_DEC_08,Yeola,Nashik,20.042,74.489,510,Deccan_Plateau,2023-10-14,0.0,30.8,19.4,25.1,71.1,IMD_AWS_NASA_POWER_Blended
MH_DEC_08,Yeola,Nashik,20.042,74.489,510,Deccan_Plateau,2023-10-15,0.0,30.6,20.4,25.5,70.5,IMD_AWS_NASA_POWER_Blended
MH_DEC_08,Yeola,Nashik,20.042,74.489,510,Deccan_Plateau,2023-10-16,0.0,30.0,20.2,25.1,73.6,IMD_AWS_NASA_POWER_Blended
MH_DEC_08,Yeola,Nashik,20.042,74.489,510,Deccan_Plateau,2023-10-17,2.29,30.5,20.1,25.3,71.6,IMD_AWS_NASA_POWER_Blended
MH_DEC_08,Yeola,Nashik,20.042,74.489,510,Deccan_Plateau,2023-10-18,0.16,30.4,19.6,25.0,73.8,IMD_AWS_NASA_POWER_Blended
MH_DEC_08,Yeola,Nashik,20.042,74.489,510,Deccan_Plateau,2023-10-19,0.0,30.5,19.4,25.0,70.7,IMD_AWS_NASA_POWER_Blended
MH_DEC_08,Yeola,Nashik,20.042,74.489,510,Deccan_Plateau,2023-10-20,0.0,30.8,18.7,24.8,71.3,IMD_AWS_NASA_POWER_Blended
MH_DEC_08,Yeola,Nashik,20.042,74.489,510,Deccan_Plateau,2023-10-21,0.0,30.5,18.6,24.6,74.9,IMD_AWS_NASA_POWER_Blended
MH_DEC_08,Yeola,Nashik,20.042,74.489,510,Deccan_Plateau,2023-10-22,0.0,30.8,18.7,24.8,70.8,IMD_AWS_NASA_POWER_Blended
MH_DEC_08,Yeola,Nashik,20.042,74.489,510,Deccan_Plateau,2023-10-23,0.0,30.8,18.9,24.8,67.8,IMD_AWS_NASA_POWER_Blended
MH_DEC_08,Yeola,Nashik,20.042,74.489,510,Deccan_Plateau,2023-10-24,0.0,30.9,18.6,24.8,67.5,IMD_AWS_NASA_POWER_Blended
MH_DEC_08,Yeola,Nashik,20.042,74.489,510,Deccan_Plateau,2023-10-25,0.0,30.8,17.2,24.0,63.9,IMD_AWS_NASA_POWER_Blended
MH_DEC_08,Yeola,Nashik,20.042,74.489,510,Deccan_Plateau,2023-10-26,0.0,30.5,17.1,23.8,59.1,IMD_AWS_NASA_POWER_Blended
MH_DEC_08,Yeola,Nashik,20.042,74.489,510,Deccan_Plateau,2023-10-27,0.0,30.6,16.8,23.7,57.8,IMD_AWS_NASA_POWER_Blended
MH_DEC_08,Yeola,Nashik,20.042,74.489,510,Deccan_Plateau,2023-10-28,0.0,30.6,15.2,22.9,61.9,IMD_AWS_NASA_POWER_Blended
MH_DEC_08,Yeola,Nashik,20.042,74.489,510,Deccan_Plateau,2023-10-29,0.0,31.1,14.9,23.0,62.0,IMD_AWS_NASA_POWER_Blended
MH_DEC_08,Yeola,Nashik,20.042,74.489,510,Deccan_Plateau,2023-10-30,0.0,29.6,15.7,22.7,63.8,IMD_AWS_NASA_POWER_Blended
MH_DEC_08,Yeola,Nashik,20.042,74.489,510,Deccan_Plateau,2023-10-31,0.0,30.0,14.4,22.2,61.9,IMD_AWS_NASA_POWER_Blended
MH_DEC_09,Nandgaon,Nashik,20.312,74.658,535,Deccan_Plateau,2023-06-01,0.0,40.4,24.3,32.3,37.9,IMD_AWS_NASA_POWER_Blended
MH_DEC_09,Nandgaon,Nashik,20.312,74.658,535,Deccan_Plateau,2023-06-02,0.03,37.5,23.2,30.3,51.3,IMD_AWS_NASA_POWER_Blended
MH_DEC_09,Nandgaon,Nashik,20.312,74.658,535,Deccan_Plateau,2023-06-03,0.25,35.1,24.2,29.6,60.4,IMD_AWS_NASA_POWER_Blended
MH_DEC_09,Nandgaon,Nashik,20.312,74.658,535,Deccan_Plateau,2023-06-04,1.18,36.5,24.4,30.4,56.1,IMD_AWS_NASA_POWER_Blended
MH_DEC_09,Nandgaon,Nashik,20.312,74.658,535,Deccan_Plateau,2023-06-05,0.6,37.0,23.5,30.2,55.0,IMD_AWS_NASA_POWER_Blended
MH_DEC_09,Nandgaon,Nashik,20.312,74.658,535,Deccan_Plateau,2023-06-06,0.0,38.7,23.9,31.3,51.6,IMD_AWS_NASA_POWER_Blended
MH_DEC_09,Nandgaon,Nashik,20.312,74.658,535,Deccan_Plateau,2023-06-07,0.0,39.2,23.4,31.3,51.0,IMD_AWS_NASA_POWER_Blended
MH_DEC_09,Nandgaon,Nashik,20.312,74.658,535,Deccan_Plateau,2023-06-08,0.0,38.5,23.8,31.1,52.8,IMD_AWS_NASA_POWER_Blended
MH_DEC_09,Nandgaon,Nashik,20.312,74.658,535,Deccan_Plateau,2023-06-09,0.02,38.5,24.9,31.7,53.1,IMD_AWS_NASA_POWER_Blended
MH_DEC_09,Nandgaon,Nashik,20.312,74.658,535,Deccan_Plateau,2023-06-10,3.95,35.0,25.7,30.3,59.5,IMD_AWS_NASA_POWER_Blended
MH_DEC_09,Nandgaon,Nashik,20.312,74.658,535,Deccan_Plateau,2023-06-11,0.1,37.4,24.4,30.9,54.0,IMD_AWS_NASA_POWER_Blended
MH_DEC_09,Nandgaon,Nashik,20.312,74.658,535,Deccan_Plateau,2023-06-12,0.01,39.0,24.5,31.8,49.3,IMD_AWS_NASA_POWER_Blended
MH_DEC_09,Nandgaon,Nashik,20.312,74.658,535,Deccan_Plateau,2023-06-13,0.53,37.9,24.4,31.1,54.0,IMD_AWS_NASA_POWER_Blended
MH_DEC_09,Nandgaon,Nashik,20.312,74.658,535,Deccan_Plateau,2023-06-14,0.44,37.0,24.0,30.5,56.8,IMD_AWS_NASA_POWER_Blended
MH_DEC_09,Nandgaon,Nashik,20.312,74.658,535,Deccan_Plateau,2023-06-15,0.24,37.2,24.2,30.7,59.4,IMD_AWS_NASA_POWER_Blended
MH_DEC_09,Nandgaon,Nashik,20.312,74.658,535,Deccan_Plateau,2023-06-16,0.37,36.2,24.7,30.4,62.5,IMD_AWS_NASA_POWER_Blended
MH_DEC_09,Nandgaon,Nashik,20.312,74.658,535,Deccan_Plateau,2023-06-17,0.15,35.5,24.7,30.1,64.9,IMD_AWS_NASA_POWER_Blended
MH_DEC_09,Nandgaon,Nashik,20.312,74.658,535,Deccan_Plateau,2023-06-18,0.05,36.2,24.4,30.3,62.4,IMD_AWS_NASA_POWER_Blended
MH_DEC_09,Nandgaon,Nashik,20.312,74.658,535,Deccan_Plateau,2023-06-19,0.0,37.0,24.2,30.6,61.2,IMD_AWS_NASA_POWER_Blended
MH_DEC_09,Nandgaon,Nashik,20.312,74.658,535,Deccan_Plateau,2023-06-20,0.0,36.9,24.6,30.7,61.7,IMD_AWS_NASA_POWER_Blended
MH_DEC_09,Nandgaon,Nashik,20.312,74.658,535,Deccan_Plateau,2023-06-21,0.0,36.7,24.5,30.6,59.0,IMD_AWS_NASA_POWER_Blended
MH_DEC_09,Nandgaon,Nashik,20.312,74.658,535,Deccan_Plateau,2023-06-22,0.02,36.3,24.7,30.5,59.4,IMD_AWS_NASA_POWER_Blended
MH_DEC_09,Nandgaon,Nashik,20.312,74.658,535,Deccan_Plateau,2023-06-23,0.23,34.5,24.6,29.5,61.1,IMD_AWS_NASA_POWER_Blended
MH_DEC_09,Nandgaon,Nashik,20.312,74.658,535,Deccan_Plateau,2023-06-24,2.38,31.6,24.6,28.1,68.9,IMD_AWS_NASA_POWER_Blended
MH_DEC_09,Nandgaon,Nashik,20.312,74.658,535,Deccan_Plateau,2023-06-25,3.35,33.0,23.1,28.1,62.6,IMD_AWS_NASA_POWER_Blended
MH_DEC_09,Nandgaon,Nashik,20.312,74.658,535,Deccan_Plateau,2023-06-26,3.71,29.6,22.2,25.9,68.3,IMD_AWS_NASA_POWER_Blended
MH_DEC_09,Nandgaon,Nashik,20.312,74.658,535,Deccan_Plateau,2023-06-27,17.72,28.6,21.5,25.1,75.4,IMD_AWS_NASA_POWER_Blended
MH_DEC_09,Nandgaon,Nashik,20.312,74.658,535,Deccan_Plateau,2023-06-28,12.99,30.0,21.6,25.8,77.7,IMD_AWS_NASA_POWER_Blended
MH_DEC_09,Nandgaon,Nashik,20.312,74.658,535,Deccan_Plateau,2023-06-29,15.24,25.2,22.4,23.8,83.9,IMD_AWS_NASA_POWER_Blended
MH_DEC_09,Nandgaon,Nashik,20.312,74.658,535,Deccan_Plateau,2023-06-30,13.29,27.0,22.1,24.5,82.3,IMD_AWS_NASA_POWER_Blended
MH_DEC_09,Nandgaon,Nashik,20.312,74.658,535,Deccan_Plateau,2023-07-01,14.66,30.1,22.5,26.3,80.6,IMD_AWS_NASA_POWER_Blended
MH_DEC_09,Nandgaon,Nashik,20.312,74.658,535,Deccan_Plateau,2023-07-02,29.33,31.0,23.5,27.3,82.2,IMD_AWS_NASA_POWER_Blended
MH_DEC_09,Nandgaon,Nashik,20.312,74.658,535,Deccan_Plateau,2023-07-03,2.3,32.4,23.1,27.7,78.6,IMD_AWS_NASA_POWER_Blended
MH_DEC_09,Nandgaon,Nashik,20.312,74.658,535,Deccan_Plateau,2023-07-04,2.98,31.2,24.1,27.6,81.0,IMD_AWS_NASA_POWER_Blended
MH_DEC_09,Nandgaon,Nashik,20.312,74.658,535,Deccan_Plateau,2023-07-05,9.83,30.6,23.4,27.0,81.8,IMD_AWS_NASA_POWER_Blended
MH_DEC_09,Nandgaon,Nashik,20.312,74.658,535,Deccan_Plateau,2023-07-06,13.04,30.8,22.3,26.5,80.3,IMD_AWS_NASA_POWER_Blended
MH_DEC_09,Nandgaon,Nashik,20.312,74.658,535,Deccan_Plateau,2023-07-07,7.91,30.7,22.9,26.8,85.7,IMD_AWS_NASA_POWER_Blended
MH_DEC_09,Nandgaon,Nashik,20.312,74.658,535,Deccan_Plateau,2023-07-08,4.81,30.0,23.2,26.6,84.1,IMD_AWS_NASA_POWER_Blended
MH_DEC_09,Nandgaon,Nashik,20.312,74.658,535,Deccan_Plateau,2023-07-09,6.09,30.4,22.7,26.6,82.2,IMD_AWS_NASA_POWER_Blended
MH_DEC_09,Nandgaon,Nashik,20.312,74.658,535,Deccan_Plateau,2023-07-10,11.58,29.8,22.9,26.4,83.2,IMD_AWS_NASA_POWER_Blended
MH_DEC_09,Nandgaon,Nashik,20.312,74.658,535,Deccan_Plateau,2023-07-11,8.64,30.2,22.6,26.4,82.5,IMD_AWS_NASA_POWER_Blended
MH_DEC_09,Nandgaon,Nashik,20.312,74.658,535,Deccan_Plateau,2023-07-12,5.21,29.1,23.0,26.0,81.3,IMD_AWS_NASA_POWER_Blended
MH_DEC_09,Nandgaon,Nashik,20.312,74.658,535,Deccan_Plateau,2023-07-13,4.87,30.3,22.8,26.5,81.9,IMD_AWS_NASA_POWER_Blended
MH_DEC_09,Nandgaon,Nashik,20.312,74.658,535,Deccan_Plateau,2023-07-14,5.67,30.1,22.6,26.3,80.7,IMD_AWS_NASA_POWER_Blended
MH_DEC_09,Nandgaon,Nashik,20.312,74.658,535,Deccan_Plateau,2023-07-15,8.17,29.0,21.9,25.4,84.7,IMD_AWS_NASA_POWER_Blended
MH_DEC_09,Nandgaon,Nashik,20.312,74.658,535,Deccan_Plateau,2023-07-16,4.18,29.2,23.1,26.1,84.4,IMD_AWS_NASA_POWER_Blended
MH_DEC_09,Nandgaon,Nashik,20.312,74.658,535,Deccan_Plateau,2023-07-17,1.85,30.3,23.0,26.6,81.5,IMD_AWS_NASA_POWER_Blended
MH_DEC_09,Nandgaon,Nashik,20.312,74.658,535,Deccan_Plateau,2023-07-18,11.57,27.9,23.3,25.6,87.2,IMD_AWS_NASA_POWER_Blended
MH_DEC_09,Nandgaon,Nashik,20.312,74.658,535,Deccan_Plateau,2023-07-19,12.05,29.4,23.2,26.3,86.4,IMD_AWS_NASA_POWER_Blended
MH_DEC_09,Nandgaon,Nashik,20.312,74.658,535,Deccan_Plateau,2023-07-20,8.56,29.9,23.4,26.7,86.2,IMD_AWS_NASA_POWER_Blended
MH_DEC_09,Nandgaon,Nashik,20.312,74.658,535,Deccan_Plateau,2023-07-21,6.75,27.8,23.2,25.5,86.9,IMD_AWS_NASA_POWER_Blended
MH_DEC_09,Nandgaon,Nashik,20.312,74.658,535,Deccan_Plateau,2023-07-22,15.42,27.4,22.9,25.1,89.5,IMD_AWS_NASA_POWER_Blended
MH_DEC_09,Nandgaon,Nashik,20.312,74.658,535,Deccan_Plateau,2023-07-23,16.21,30.1,23.2,26.6,86.4,IMD_AWS_NASA_POWER_Blended
MH_DEC_09,Nandgaon,Nashik,20.312,74.658,535,Deccan_Plateau,2023-07-24,5.83,30.2,23.1,26.7,83.4,IMD_AWS_NASA_POWER_Blended
MH_DEC_09,Nandgaon,Nashik,20.312,74.658,535,Deccan_Plateau,2023-07-25,16.33,29.8,22.8,26.3,85.6,IMD_AWS_NASA_POWER_Blended
MH_DEC_09,Nandgaon,Nashik,20.312,74.658,535,Deccan_Plateau,2023-07-26,5.2,28.7,22.7,25.7,87.0,IMD_AWS_NASA_POWER_Blended
MH_DEC_09,Nandgaon,Nashik,20.312,74.658,535,Deccan_Plateau,2023-07-27,10.7,28.5,23.1,25.8,86.1,IMD_AWS_NASA_POWER_Blended
MH_DEC_09,Nandgaon,Nashik,20.312,74.658,535,Deccan_Plateau,2023-07-28,14.13,29.0,23.1,26.1,85.4,IMD_AWS_NASA_POWER_Blended
MH_DEC_09,Nandgaon,Nashik,20.312,74.658,535,Deccan_Plateau,2023-07-29,2.91,29.0,22.3,25.7,84.3,IMD_AWS_NASA_POWER_Blended
MH_DEC_09,Nandgaon,Nashik,20.312,74.658,535,Deccan_Plateau,2023-07-30,2.89,29.9,22.6,26.2,83.9,IMD_AWS_NASA_POWER_Blended
MH_DEC_09,Nandgaon,Nashik,20.312,74.658,535,Deccan_Plateau,2023-07-31,4.26,30.2,22.6,26.4,84.0,IMD_AWS_NASA_POWER_Blended
MH_DEC_09,Nandgaon,Nashik,20.312,74.658,535,Deccan_Plateau,2023-08-01,2.44,29.8,23.0,26.4,84.2,IMD_AWS_NASA_POWER_Blended
MH_DEC_09,Nandgaon,Nashik,20.312,74.658,535,Deccan_Plateau,2023-08-02,1.34,28.4,22.5,25.5,85.7,IMD_AWS_NASA_POWER_Blended
MH_DEC_09,Nandgaon,Nashik,20.312,74.658,535,Deccan_Plateau,2023-08-03,1.25,27.2,22.2,24.7,86.7,IMD_AWS_NASA_POWER_Blended
MH_DEC_09,Nandgaon,Nashik,20.312,74.658,535,Deccan_Plateau,2023-08-04,1.19,29.5,22.2,25.8,83.5,IMD_AWS_NASA_POWER_Blended
MH_DEC_09,Nandgaon,Nashik,20.312,74.658,535,Deccan_Plateau,2023-08-05,3.29,29.1,22.1,25.6,84.1,IMD_AWS_NASA_POWER_Blended
MH_DEC_09,Nandgaon,Nashik,20.312,74.658,535,Deccan_Plateau,2023-08-06,2.3,29.8,22.0,25.9,82.9,IMD_AWS_NASA_POWER_Blended
MH_DEC_09,Nandgaon,Nashik,20.312,74.658,535,Deccan_Plateau,2023-08-07,0.43,28.8,22.0,25.4,82.2,IMD_AWS_NASA_POWER_Blended
MH_DEC_09,Nandgaon,Nashik,20.312,74.658,535,Deccan_Plateau,2023-08-08,0.41,28.2,21.9,25.0,84.2,IMD_AWS_NASA_POWER_Blended
MH_DEC_09,Nandgaon,Nashik,20.312,74.658,535,Deccan_Plateau,2023-08-09,0.54,30.0,22.0,26.0,82.6,IMD_AWS_NASA_POWER_Blended
MH_DEC_09,Nandgaon,Nashik,20.312,74.658,535,Deccan_Plateau,2023-08-10,2.07,29.6,21.8,25.7,82.9,IMD_AWS_NASA_POWER_Blended
MH_DEC_09,Nandgaon,Nashik,20.312,74.658,535,Deccan_Plateau,2023-08-11,2.39,30.3,21.3,25.8,82.3,IMD_AWS_NASA_POWER_Blended
MH_DEC_09,Nandgaon,Nashik,20.312,74.658,535,Deccan_Plateau,2023-08-12,2.13,30.1,21.4,25.8,81.2,IMD_AWS_NASA_POWER_Blended
MH_DEC_09,Nandgaon,Nashik,20.312,74.658,535,Deccan_Plateau,2023-08-13,1.02,29.9,21.5,25.7,81.7,IMD_AWS_NASA_POWER_Blended
MH_DEC_09,Nandgaon,Nashik,20.312,74.658,535,Deccan_Plateau,2023-08-14,0.99,29.3,21.3,25.3,81.1,IMD_AWS_NASA_POWER_Blended
MH_DEC_09,Nandgaon,Nashik,20.312,74.658,535,Deccan_Plateau,2023-08-15,1.3,29.7,21.1,25.4,81.2,IMD_AWS_NASA_POWER_Blended
MH_DEC_09,Nandgaon,Nashik,20.312,74.658,535,Deccan_Plateau,2023-08-16,0.51,30.8,21.2,26.0,80.3,IMD_AWS_NASA_POWER_Blended
MH_DEC_09,Nandgaon,Nashik,20.312,74.658,535,Deccan_Plateau,2023-08-17,0.24,29.9,21.6,25.7,80.6,IMD_AWS_NASA_POWER_Blended
MH_DEC_09,Nandgaon,Nashik,20.312,74.658,535,Deccan_Plateau,2023-08-18,1.32,29.7,21.8,25.7,80.5,IMD_AWS_NASA_POWER_Blended
MH_DEC_09,Nandgaon,Nashik,20.312,74.658,535,Deccan_Plateau,2023-08-19,3.16,29.6,21.9,25.7,82.1,IMD_AWS_NASA_POWER_Blended
MH_DEC_09,Nandgaon,Nashik,20.312,74.658,535,Deccan_Plateau,2023-08-20,3.56,29.1,22.0,25.6,82.0,IMD_AWS_NASA_POWER_Blended
MH_DEC_09,Nandgaon,Nashik,20.312,74.658,535,Deccan_Plateau,2023-08-21,0.81,30.5,21.6,26.1,80.5,IMD_AWS_NASA_POWER_Blended
MH_DEC_09,Nandgaon,Nashik,20.312,74.658,535,Deccan_Plateau,2023-08-22,1.38,30.6,21.7,26.2,81.5,IMD_AWS_NASA_POWER_Blended
MH_DEC_09,Nandgaon,Nashik,20.312,74.658,535,Deccan_Plateau,2023-08-23,0.9,31.1,21.7,26.4,79.8,IMD_AWS_NASA_POWER_Blended
MH_DEC_09,Nandgaon,Nashik,20.312,74.658,535,Deccan_Plateau,2023-08-24,1.65,29.9,22.5,26.2,80.8,IMD_AWS_NASA_POWER_Blended
MH_DEC_09,Nandgaon,Nashik,20.312,74.658,535,Deccan_Plateau,2023-08-25,2.57,30.5,22.1,26.3,82.1,IMD_AWS_NASA_POWER_Blended
MH_DEC_09,Nandgaon,Nashik,20.312,74.658,535,Deccan_Plateau,2023-08-26,3.06,30.8,22.1,26.5,81.2,IMD_AWS_NASA_POWER_Blended
MH_DEC_09,Nandgaon,Nashik,20.312,74.658,535,Deccan_Plateau,2023-08-27,0.68,30.9,22.2,26.5,79.4,IMD_AWS_NASA_POWER_Blended
MH_DEC_09,Nandgaon,Nashik,20.312,74.658,535,Deccan_Plateau,2023-08-28,0.08,30.8,21.6,26.2,79.5,IMD_AWS_NASA_POWER_Blended
MH_DEC_09,Nandgaon,Nashik,20.312,74.658,535,Deccan_Plateau,2023-08-29,0.01,31.2,21.3,26.3,78.1,IMD_AWS_NASA_POWER_Blended
MH_DEC_09,Nandgaon,Nashik,20.312,74.658,535,Deccan_Plateau,2023-08-30,0.0,31.8,20.9,26.4,76.9,IMD_AWS_NASA_POWER_Blended
MH_DEC_09,Nandgaon,Nashik,20.312,74.658,535,Deccan_Plateau,2023-08-31,0.08,32.5,20.7,26.6,74.5,IMD_AWS_NASA_POWER_Blended
MH_DEC_09,Nandgaon,Nashik,20.312,74.658,535,Deccan_Plateau,2023-09-01,0.29,33.1,21.4,27.2,73.7,IMD_AWS_NASA_POWER_Blended
MH_DEC_09,Nandgaon,Nashik,20.312,74.658,535,Deccan_Plateau,2023-09-02,0.65,32.8,21.4,27.1,75.3,IMD_AWS_NASA_POWER_Blended
MH_DEC_09,Nandgaon,Nashik,20.312,74.658,535,Deccan_Plateau,2023-09-03,0.17,32.8,21.8,27.3,77.0,IMD_AWS_NASA_POWER_Blended
MH_DEC_09,Nandgaon,Nashik,20.312,74.658,535,Deccan_Plateau,2023-09-04,0.04,32.2,21.6,26.9,74.6,IMD_AWS_NASA_POWER_Blended
MH_DEC_09,Nandgaon,Nashik,20.312,74.658,535,Deccan_Plateau,2023-09-05,0.0,31.9,21.1,26.5,74.3,IMD_AWS_NASA_POWER_Blended
MH_DEC_09,Nandgaon,Nashik,20.312,74.658,535,Deccan_Plateau,2023-09-06,1.09,31.5,21.7,26.6,77.4,IMD_AWS_NASA_POWER_Blended
MH_DEC_09,Nandgaon,Nashik,20.312,74.658,535,Deccan_Plateau,2023-09-07,12.95,28.5,23.2,25.9,87.0,IMD_AWS_NASA_POWER_Blended
MH_DEC_09,Nandgaon,Nashik,20.312,74.658,535,Deccan_Plateau,2023-09-08,20.64,26.9,23.6,25.3,89.4,IMD_AWS_NASA_POWER_Blended
MH_DEC_09,Nandgaon,Nashik,20.312,74.658,535,Deccan_Plateau,2023-09-09,12.35,27.0,22.9,24.9,87.0,IMD_AWS_NASA_POWER_Blended
MH_DEC_09,Nandgaon,Nashik,20.312,74.658,535,Deccan_Plateau,2023-09-10,0.99,29.7,23.0,26.4,82.8,IMD_AWS_NASA_POWER_Blended
MH_DEC_09,Nandgaon,Nashik,20.312,74.658,535,Deccan_Plateau,2023-09-11,0.06,30.3,22.4,26.4,81.1,IMD_AWS_NASA_POWER_Blended
MH_DEC_09,Nandgaon,Nashik,20.312,74.658,535,Deccan_Plateau,2023-09-12,0.0,30.6,22.2,26.4,79.2,IMD_AWS_NASA_POWER_Blended
MH_DEC_09,Nandgaon,Nashik,20.312,74.658,535,Deccan_Plateau,2023-09-13,0.24,30.7,21.7,26.2,79.7,IMD_AWS_NASA_POWER_Blended
MH_DEC_09,Nandgaon,Nashik,20.312,74.658,535,Deccan_Plateau,2023-09-14,3.66,28.0,22.0,25.0,84.0,IMD_AWS_NASA_POWER_Blended
MH_DEC_09,Nandgaon,Nashik,20.312,74.658,535,Deccan_Plateau,2023-09-15,8.38,27.8,21.8,24.8,86.7,IMD_AWS_NASA_POWER_Blended
MH_DEC_09,Nandgaon,Nashik,20.312,74.658,535,Deccan_Plateau,2023-09-16,13.93,24.6,21.1,22.9,88.9,IMD_AWS_NASA_POWER_Blended
MH_DEC_09,Nandgaon,Nashik,20.312,74.658,535,Deccan_Plateau,2023-09-17,4.38,28.2,21.2,24.7,84.4,IMD_AWS_NASA_POWER_Blended
MH_DEC_09,Nandgaon,Nashik,20.312,74.658,535,Deccan_Plateau,2023-09-18,9.96,30.8,21.8,26.3,84.3,IMD_AWS_NASA_POWER_Blended
MH_DEC_09,Nandgaon,Nashik,20.312,74.658,535,Deccan_Plateau,2023-09-19,5.53,30.4,22.0,26.2,84.3,IMD_AWS_NASA_POWER_Blended
MH_DEC_09,Nandgaon,Nashik,20.312,74.658,535,Deccan_Plateau,2023-09-20,1.05,31.0,21.8,26.4,85.5,IMD_AWS_NASA_POWER_Blended
MH_DEC_09,Nandgaon,Nashik,20.312,74.658,535,Deccan_Plateau,2023-09-21,15.75,28.4,22.5,25.4,88.2,IMD_AWS_NASA_POWER_Blended
MH_DEC_09,Nandgaon,Nashik,20.312,74.658,535,Deccan_Plateau,2023-09-22,10.21,29.8,22.0,25.9,85.7,IMD_AWS_NASA_POWER_Blended
MH_DEC_09,Nandgaon,Nashik,20.312,74.658,535,Deccan_Plateau,2023-09-23,22.05,28.2,22.6,25.4,89.0,IMD_AWS_NASA_POWER_Blended
MH_DEC_09,Nandgaon,Nashik,20.312,74.658,535,Deccan_Plateau,2023-09-24,8.65,28.6,22.2,25.4,88.8,IMD_AWS_NASA_POWER_Blended
MH_DEC_09,Nandgaon,Nashik,20.312,74.658,535,Deccan_Plateau,2023-09-25,12.92,29.0,21.8,25.4,88.4,IMD_AWS_NASA_POWER_Blended
MH_DEC_09,Nandgaon,Nashik,20.312,74.658,535,Deccan_Plateau,2023-09-26,22.06,28.4,22.0,25.2,88.1,IMD_AWS_NASA_POWER_Blended
MH_DEC_09,Nandgaon,Nashik,20.312,74.658,535,Deccan_Plateau,2023-09-27,11.59,28.9,21.8,25.4,86.8,IMD_AWS_NASA_POWER_Blended
MH_DEC_09,Nandgaon,Nashik,20.312,74.658,535,Deccan_Plateau,2023-09-28,5.3,29.4,22.2,25.8,85.7,IMD_AWS_NASA_POWER_Blended
MH_DEC_09,Nandgaon,Nashik,20.312,74.658,535,Deccan_Plateau,2023-09-29,12.39,29.2,22.5,25.8,84.6,IMD_AWS_NASA_POWER_Blended
MH_DEC_09,Nandgaon,Nashik,20.312,74.658,535,Deccan_Plateau,2023-09-30,2.56,29.4,22.6,26.0,81.8,IMD_AWS_NASA_POWER_Blended
MH_DEC_09,Nandgaon,Nashik,20.312,74.658,535,Deccan_Plateau,2023-10-01,0.19,30.8,21.7,26.3,79.6,IMD_AWS_NASA_POWER_Blended
MH_DEC_09,Nandgaon,Nashik,20.312,74.658,535,Deccan_Plateau,2023-10-02,0.09,29.5,21.7,25.6,82.0,IMD_AWS_NASA_POWER_Blended
MH_DEC_09,Nandgaon,Nashik,20.312,74.658,535,Deccan_Plateau,2023-10-03,0.0,29.6,20.0,24.8,79.8,IMD_AWS_NASA_POWER_Blended
MH_DEC_09,Nandgaon,Nashik,20.312,74.658,535,Deccan_Plateau,2023-10-04,0.0,29.7,17.0,23.3,77.2,IMD_AWS_NASA_POWER_Blended
MH_DEC_09,Nandgaon,Nashik,20.312,74.658,535,Deccan_Plateau,2023-10-05,0.0,29.7,17.4,23.5,79.7,IMD_AWS_NASA_POWER_Blended
MH_DEC_09,Nandgaon,Nashik,20.312,74.658,535,Deccan_Plateau,2023-10-06,0.0,30.1,17.4,23.8,80.1,IMD_AWS_NASA_POWER_Blended
MH_DEC_09,Nandgaon,Nashik,20.312,74.658,535,Deccan_Plateau,2023-10-07,0.0,31.0,19.2,25.1,79.7,IMD_AWS_NASA_POWER_Blended
MH_DEC_09,Nandgaon,Nashik,20.312,74.658,535,Deccan_Plateau,2023-10-08,0.0,31.1,19.2,25.2,77.5,IMD_AWS_NASA_POWER_Blended
MH_DEC_09,Nandgaon,Nashik,20.312,74.658,535,Deccan_Plateau,2023-10-09,0.0,31.0,19.7,25.4,73.8,IMD_AWS_NASA_POWER_Blended
MH_DEC_09,Nandgaon,Nashik,20.312,74.658,535,Deccan_Plateau,2023-10-10,0.0,30.9,17.7,24.3,75.0,IMD_AWS_NASA_POWER_Blended
MH_DEC_09,Nandgaon,Nashik,20.312,74.658,535,Deccan_Plateau,2023-10-11,0.0,31.3,19.5,25.4,73.1,IMD_AWS_NASA_POWER_Blended
MH_DEC_09,Nandgaon,Nashik,20.312,74.658,535,Deccan_Plateau,2023-10-12,0.0,31.5,19.6,25.5,72.7,IMD_AWS_NASA_POWER_Blended
MH_DEC_09,Nandgaon,Nashik,20.312,74.658,535,Deccan_Plateau,2023-10-13,0.0,31.9,19.5,25.7,71.3,IMD_AWS_NASA_POWER_Blended
MH_DEC_09,Nandgaon,Nashik,20.312,74.658,535,Deccan_Plateau,2023-10-14,0.0,31.4,19.4,25.4,68.2,IMD_AWS_NASA_POWER_Blended
MH_DEC_09,Nandgaon,Nashik,20.312,74.658,535,Deccan_Plateau,2023-10-15,0.0,30.7,20.8,25.8,68.9,IMD_AWS_NASA_POWER_Blended
MH_DEC_09,Nandgaon,Nashik,20.312,74.658,535,Deccan_Plateau,2023-10-16,0.0,30.7,20.9,25.8,69.4,IMD_AWS_NASA_POWER_Blended
MH_DEC_09,Nandgaon,Nashik,20.312,74.658,535,Deccan_Plateau,2023-10-17,1.91,31.0,20.6,25.8,69.0,IMD_AWS_NASA_POWER_Blended
MH_DEC_09,Nandgaon,Nashik,20.312,74.658,535,Deccan_Plateau,2023-10-18,0.09,31.0,20.2,25.6,70.8,IMD_AWS_NASA_POWER_Blended
MH_DEC_09,Nandgaon,Nashik,20.312,74.658,535,Deccan_Plateau,2023-10-19,0.0,31.3,19.6,25.5,68.6,IMD_AWS_NASA_POWER_Blended
MH_DEC_09,Nandgaon,Nashik,20.312,74.658,535,Deccan_Plateau,2023-10-20,0.0,31.8,18.5,25.1,68.2,IMD_AWS_NASA_POWER_Blended
MH_DEC_09,Nandgaon,Nashik,20.312,74.658,535,Deccan_Plateau,2023-10-21,0.0,31.3,18.7,25.0,71.7,IMD_AWS_NASA_POWER_Blended
MH_DEC_09,Nandgaon,Nashik,20.312,74.658,535,Deccan_Plateau,2023-10-22,0.0,31.6,18.7,25.2,67.5,IMD_AWS_NASA_POWER_Blended
MH_DEC_09,Nandgaon,Nashik,20.312,74.658,535,Deccan_Plateau,2023-10-23,0.0,31.2,19.5,25.3,64.7,IMD_AWS_NASA_POWER_Blended
MH_DEC_09,Nandgaon,Nashik,20.312,74.658,535,Deccan_Plateau,2023-10-24,0.0,31.5,18.9,25.2,65.0,IMD_AWS_NASA_POWER_Blended
MH_DEC_09,Nandgaon,Nashik,20.312,74.658,535,Deccan_Plateau,2023-10-25,0.0,31.5,17.7,24.6,61.0,IMD_AWS_NASA_POWER_Blended
MH_DEC_09,Nandgaon,Nashik,20.312,74.658,535,Deccan_Plateau,2023-10-26,0.0,31.3,18.1,24.7,55.2,IMD_AWS_NASA_POWER_Blended
MH_DEC_09,Nandgaon,Nashik,20.312,74.658,535,Deccan_Plateau,2023-10-27,0.0,31.3,17.9,24.6,53.8,IMD_AWS_NASA_POWER_Blended
MH_DEC_09,Nandgaon,Nashik,20.312,74.658,535,Deccan_Plateau,2023-10-28,0.0,31.4,15.5,23.5,57.3,IMD_AWS_NASA_POWER_Blended
MH_DEC_09,Nandgaon,Nashik,20.312,74.658,535,Deccan_Plateau,2023-10-29,0.0,31.2,15.5,23.4,59.0,IMD_AWS_NASA_POWER_Blended
MH_DEC_09,Nandgaon,Nashik,20.312,74.658,535,Deccan_Plateau,2023-10-30,0.0,30.4,16.6,23.5,60.6,IMD_AWS_NASA_POWER_Blended
MH_DEC_09,Nandgaon,Nashik,20.312,74.658,535,Deccan_Plateau,2023-10-31,0.0,30.0,15.3,22.6,58.9,IMD_AWS_NASA_POWER_Blended
MH_DEC_10,Chandwad,Nashik,20.329,74.242,670,Deccan_Plateau,2023-06-01,0.0,40.4,24.3,32.3,37.9,IMD_AWS_NASA_POWER_Blended
MH_DEC_10,Chandwad,Nashik,20.329,74.242,670,Deccan_Plateau,2023-06-02,0.03,37.5,23.2,30.3,51.3,IMD_AWS_NASA_POWER_Blended
MH_DEC_10,Chandwad,Nashik,20.329,74.242,670,Deccan_Plateau,2023-06-03,0.25,35.1,24.2,29.6,60.4,IMD_AWS_NASA_POWER_Blended
MH_DEC_10,Chandwad,Nashik,20.329,74.242,670,Deccan_Plateau,2023-06-04,1.18,36.5,24.4,30.4,56.1,IMD_AWS_NASA_POWER_Blended
MH_DEC_10,Chandwad,Nashik,20.329,74.242,670,Deccan_Plateau,2023-06-05,0.6,37.0,23.5,30.2,55.0,IMD_AWS_NASA_POWER_Blended
MH_DEC_10,Chandwad,Nashik,20.329,74.242,670,Deccan_Plateau,2023-06-06,0.0,38.7,23.9,31.3,51.6,IMD_AWS_NASA_POWER_Blended
MH_DEC_10,Chandwad,Nashik,20.329,74.242,670,Deccan_Plateau,2023-06-07,0.0,39.2,23.4,31.3,51.0,IMD_AWS_NASA_POWER_Blended
MH_DEC_10,Chandwad,Nashik,20.329,74.242,670,Deccan_Plateau,2023-06-08,0.0,38.5,23.8,31.1,52.8,IMD_AWS_NASA_POWER_Blended
MH_DEC_10,Chandwad,Nashik,20.329,74.242,670,Deccan_Plateau,2023-06-09,0.02,38.5,24.9,31.7,53.1,IMD_AWS_NASA_POWER_Blended
MH_DEC_10,Chandwad,Nashik,20.329,74.242,670,Deccan_Plateau,2023-06-10,3.95,35.0,25.7,30.3,59.5,IMD_AWS_NASA_POWER_Blended
MH_DEC_10,Chandwad,Nashik,20.329,74.242,670,Deccan_Plateau,2023-06-11,0.1,37.4,24.4,30.9,54.0,IMD_AWS_NASA_POWER_Blended
MH_DEC_10,Chandwad,Nashik,20.329,74.242,670,Deccan_Plateau,2023-06-12,0.01,39.0,24.5,31.8,49.3,IMD_AWS_NASA_POWER_Blended
MH_DEC_10,Chandwad,Nashik,20.329,74.242,670,Deccan_Plateau,2023-06-13,0.53,37.9,24.4,31.1,54.0,IMD_AWS_NASA_POWER_Blended
MH_DEC_10,Chandwad,Nashik,20.329,74.242,670,Deccan_Plateau,2023-06-14,0.44,37.0,24.0,30.5,56.8,IMD_AWS_NASA_POWER_Blended
MH_DEC_10,Chandwad,Nashik,20.329,74.242,670,Deccan_Plateau,2023-06-15,0.24,37.2,24.2,30.7,59.4,IMD_AWS_NASA_POWER_Blended
MH_DEC_10,Chandwad,Nashik,20.329,74.242,670,Deccan_Plateau,2023-06-16,0.37,36.2,24.7,30.4,62.5,IMD_AWS_NASA_POWER_Blended
MH_DEC_10,Chandwad,Nashik,20.329,74.242,670,Deccan_Plateau,2023-06-17,0.15,35.5,24.7,30.1,64.9,IMD_AWS_NASA_POWER_Blended
MH_DEC_10,Chandwad,Nashik,20.329,74.242,670,Deccan_Plateau,2023-06-18,0.05,36.2,24.4,30.3,62.4,IMD_AWS_NASA_POWER_Blended
MH_DEC_10,Chandwad,Nashik,20.329,74.242,670,Deccan_Plateau,2023-06-19,0.0,37.0,24.2,30.6,61.2,IMD_AWS_NASA_POWER_Blended
MH_DEC_10,Chandwad,Nashik,20.329,74.242,670,Deccan_Plateau,2023-06-20,0.0,36.9,24.6,30.7,61.7,IMD_AWS_NASA_POWER_Blended
MH_DEC_10,Chandwad,Nashik,20.329,74.242,670,Deccan_Plateau,2023-06-21,0.0,36.7,24.5,30.6,59.0,IMD_AWS_NASA_POWER_Blended
MH_DEC_10,Chandwad,Nashik,20.329,74.242,670,Deccan_Plateau,2023-06-22,0.02,36.3,24.7,30.5,59.4,IMD_AWS_NASA_POWER_Blended
MH_DEC_10,Chandwad,Nashik,20.329,74.242,670,Deccan_Plateau,2023-06-23,0.23,34.5,24.6,29.5,61.1,IMD_AWS_NASA_POWER_Blended
MH_DEC_10,Chandwad,Nashik,20.329,74.242,670,Deccan_Plateau,2023-06-24,2.38,31.6,24.6,28.1,68.9,IMD_AWS_NASA_POWER_Blended
MH_DEC_10,Chandwad,Nashik,20.329,74.242,670,Deccan_Plateau,2023-06-25,3.35,33.0,23.1,28.1,62.6,IMD_AWS_NASA_POWER_Blended
MH_DEC_10,Chandwad,Nashik,20.329,74.242,670,Deccan_Plateau,2023-06-26,3.71,29.6,22.2,25.9,68.3,IMD_AWS_NASA_POWER_Blended
MH_DEC_10,Chandwad,Nashik,20.329,74.242,670,Deccan_Plateau,2023-06-27,17.72,28.6,21.5,25.1,75.4,IMD_AWS_NASA_POWER_Blended
MH_DEC_10,Chandwad,Nashik,20.329,74.242,670,Deccan_Plateau,2023-06-28,12.99,30.0,21.6,25.8,77.7,IMD_AWS_NASA_POWER_Blended
MH_DEC_10,Chandwad,Nashik,20.329,74.242,670,Deccan_Plateau,2023-06-29,15.24,25.2,22.4,23.8,83.9,IMD_AWS_NASA_POWER_Blended
MH_DEC_10,Chandwad,Nashik,20.329,74.242,670,Deccan_Plateau,2023-06-30,13.29,27.0,22.1,24.5,82.3,IMD_AWS_NASA_POWER_Blended
MH_DEC_10,Chandwad,Nashik,20.329,74.242,670,Deccan_Plateau,2023-07-01,14.66,30.1,22.5,26.3,80.6,IMD_AWS_NASA_POWER_Blended
MH_DEC_10,Chandwad,Nashik,20.329,74.242,670,Deccan_Plateau,2023-07-02,29.33,31.0,23.5,27.3,82.2,IMD_AWS_NASA_POWER_Blended
MH_DEC_10,Chandwad,Nashik,20.329,74.242,670,Deccan_Plateau,2023-07-03,2.3,32.4,23.1,27.7,78.6,IMD_AWS_NASA_POWER_Blended
MH_DEC_10,Chandwad,Nashik,20.329,74.242,670,Deccan_Plateau,2023-07-04,2.98,31.2,24.1,27.6,81.0,IMD_AWS_NASA_POWER_Blended
MH_DEC_10,Chandwad,Nashik,20.329,74.242,670,Deccan_Plateau,2023-07-05,9.83,30.6,23.4,27.0,81.8,IMD_AWS_NASA_POWER_Blended
MH_DEC_10,Chandwad,Nashik,20.329,74.242,670,Deccan_Plateau,2023-07-06,13.04,30.8,22.3,26.5,80.3,IMD_AWS_NASA_POWER_Blended
MH_DEC_10,Chandwad,Nashik,20.329,74.242,670,Deccan_Plateau,2023-07-07,7.91,30.7,22.9,26.8,85.7,IMD_AWS_NASA_POWER_Blended
MH_DEC_10,Chandwad,Nashik,20.329,74.242,670,Deccan_Plateau,2023-07-08,4.81,30.0,23.2,26.6,84.1,IMD_AWS_NASA_POWER_Blended
MH_DEC_10,Chandwad,Nashik,20.329,74.242,670,Deccan_Plateau,2023-07-09,6.09,30.4,22.7,26.6,82.2,IMD_AWS_NASA_POWER_Blended
MH_DEC_10,Chandwad,Nashik,20.329,74.242,670,Deccan_Plateau,2023-07-10,11.58,29.8,22.9,26.4,83.2,IMD_AWS_NASA_POWER_Blended
MH_DEC_10,Chandwad,Nashik,20.329,74.242,670,Deccan_Plateau,2023-07-11,8.64,30.2,22.6,26.4,82.5,IMD_AWS_NASA_POWER_Blended
MH_DEC_10,Chandwad,Nashik,20.329,74.242,670,Deccan_Plateau,2023-07-12,5.21,29.1,23.0,26.0,81.3,IMD_AWS_NASA_POWER_Blended
MH_DEC_10,Chandwad,Nashik,20.329,74.242,670,Deccan_Plateau,2023-07-13,4.87,30.3,22.8,26.5,81.9,IMD_AWS_NASA_POWER_Blended
MH_DEC_10,Chandwad,Nashik,20.329,74.242,670,Deccan_Plateau,2023-07-14,5.67,30.1,22.6,26.3,80.7,IMD_AWS_NASA_POWER_Blended
MH_DEC_10,Chandwad,Nashik,20.329,74.242,670,Deccan_Plateau,2023-07-15,8.17,29.0,21.9,25.4,84.7,IMD_AWS_NASA_POWER_Blended
MH_DEC_10,Chandwad,Nashik,20.329,74.242,670,Deccan_Plateau,2023-07-16,4.18,29.2,23.1,26.1,84.4,IMD_AWS_NASA_POWER_Blended
MH_DEC_10,Chandwad,Nashik,20.329,74.242,670,Deccan_Plateau,2023-07-17,1.85,30.3,23.0,26.6,81.5,IMD_AWS_NASA_POWER_Blended
MH_DEC_10,Chandwad,Nashik,20.329,74.242,670,Deccan_Plateau,2023-07-18,11.57,27.9,23.3,25.6,87.2,IMD_AWS_NASA_POWER_Blended
MH_DEC_10,Chandwad,Nashik,20.329,74.242,670,Deccan_Plateau,2023-07-19,12.05,29.4,23.2,26.3,86.4,IMD_AWS_NASA_POWER_Blended
MH_DEC_10,Chandwad,Nashik,20.329,74.242,670,Deccan_Plateau,2023-07-20,8.56,29.9,23.4,26.7,86.2,IMD_AWS_NASA_POWER_Blended
MH_DEC_10,Chandwad,Nashik,20.329,74.242,670,Deccan_Plateau,2023-07-21,6.75,27.8,23.2,25.5,86.9,IMD_AWS_NASA_POWER_Blended
MH_DEC_10,Chandwad,Nashik,20.329,74.242,670,Deccan_Plateau,2023-07-22,15.42,27.4,22.9,25.1,89.5,IMD_AWS_NASA_POWER_Blended
MH_DEC_10,Chandwad,Nashik,20.329,74.242,670,Deccan_Plateau,2023-07-23,16.21,30.1,23.2,26.6,86.4,IMD_AWS_NASA_POWER_Blended
MH_DEC_10,Chandwad,Nashik,20.329,74.242,670,Deccan_Plateau,2023-07-24,5.83,30.2,23.1,26.7,83.4,IMD_AWS_NASA_POWER_Blended
MH_DEC_10,Chandwad,Nashik,20.329,74.242,670,Deccan_Plateau,2023-07-25,16.33,29.8,22.8,26.3,85.6,IMD_AWS_NASA_POWER_Blended
MH_DEC_10,Chandwad,Nashik,20.329,74.242,670,Deccan_Plateau,2023-07-26,5.2,28.7,22.7,25.7,87.0,IMD_AWS_NASA_POWER_Blended
MH_DEC_10,Chandwad,Nashik,20.329,74.242,670,Deccan_Plateau,2023-07-27,10.7,28.5,23.1,25.8,86.1,IMD_AWS_NASA_POWER_Blended
MH_DEC_10,Chandwad,Nashik,20.329,74.242,670,Deccan_Plateau,2023-07-28,14.13,29.0,23.1,26.1,85.4,IMD_AWS_NASA_POWER_Blended
MH_DEC_10,Chandwad,Nashik,20.329,74.242,670,Deccan_Plateau,2023-07-29,2.91,29.0,22.3,25.7,84.3,IMD_AWS_NASA_POWER_Blended
MH_DEC_10,Chandwad,Nashik,20.329,74.242,670,Deccan_Plateau,2023-07-30,2.89,29.9,22.6,26.2,83.9,IMD_AWS_NASA_POWER_Blended
MH_DEC_10,Chandwad,Nashik,20.329,74.242,670,Deccan_Plateau,2023-07-31,4.26,30.2,22.6,26.4,84.0,IMD_AWS_NASA_POWER_Blended
MH_DEC_10,Chandwad,Nashik,20.329,74.242,670,Deccan_Plateau,2023-08-01,2.44,29.8,23.0,26.4,84.2,IMD_AWS_NASA_POWER_Blended
MH_DEC_10,Chandwad,Nashik,20.329,74.242,670,Deccan_Plateau,2023-08-02,1.34,28.4,22.5,25.5,85.7,IMD_AWS_NASA_POWER_Blended
MH_DEC_10,Chandwad,Nashik,20.329,74.242,670,Deccan_Plateau,2023-08-03,1.25,27.2,22.2,24.7,86.7,IMD_AWS_NASA_POWER_Blended
MH_DEC_10,Chandwad,Nashik,20.329,74.242,670,Deccan_Plateau,2023-08-04,1.19,29.5,22.2,25.8,83.5,IMD_AWS_NASA_POWER_Blended
MH_DEC_10,Chandwad,Nashik,20.329,74.242,670,Deccan_Plateau,2023-08-05,3.29,29.1,22.1,25.6,84.1,IMD_AWS_NASA_POWER_Blended
MH_DEC_10,Chandwad,Nashik,20.329,74.242,670,Deccan_Plateau,2023-08-06,2.3,29.8,22.0,25.9,82.9,IMD_AWS_NASA_POWER_Blended
MH_DEC_10,Chandwad,Nashik,20.329,74.242,670,Deccan_Plateau,2023-08-07,0.43,28.8,22.0,25.4,82.2,IMD_AWS_NASA_POWER_Blended
MH_DEC_10,Chandwad,Nashik,20.329,74.242,670,Deccan_Plateau,2023-08-08,0.41,28.2,21.9,25.0,84.2,IMD_AWS_NASA_POWER_Blended
MH_DEC_10,Chandwad,Nashik,20.329,74.242,670,Deccan_Plateau,2023-08-09,0.54,30.0,22.0,26.0,82.6,IMD_AWS_NASA_POWER_Blended
MH_DEC_10,Chandwad,Nashik,20.329,74.242,670,Deccan_Plateau,2023-08-10,2.07,29.6,21.8,25.7,82.9,IMD_AWS_NASA_POWER_Blended
MH_DEC_10,Chandwad,Nashik,20.329,74.242,670,Deccan_Plateau,2023-08-11,2.39,30.3,21.3,25.8,82.3,IMD_AWS_NASA_POWER_Blended
MH_DEC_10,Chandwad,Nashik,20.329,74.242,670,Deccan_Plateau,2023-08-12,2.13,30.1,21.4,25.8,81.2,IMD_AWS_NASA_POWER_Blended
MH_DEC_10,Chandwad,Nashik,20.329,74.242,670,Deccan_Plateau,2023-08-13,1.02,29.9,21.5,25.7,81.7,IMD_AWS_NASA_POWER_Blended
MH_DEC_10,Chandwad,Nashik,20.329,74.242,670,Deccan_Plateau,2023-08-14,0.99,29.3,21.3,25.3,81.1,IMD_AWS_NASA_POWER_Blended
MH_DEC_10,Chandwad,Nashik,20.329,74.242,670,Deccan_Plateau,2023-08-15,1.3,29.7,21.1,25.4,81.2,IMD_AWS_NASA_POWER_Blended
MH_DEC_10,Chandwad,Nashik,20.329,74.242,670,Deccan_Plateau,2023-08-16,0.51,30.8,21.2,26.0,80.3,IMD_AWS_NASA_POWER_Blended
MH_DEC_10,Chandwad,Nashik,20.329,74.242,670,Deccan_Plateau,2023-08-17,0.24,29.9,21.6,25.7,80.6,IMD_AWS_NASA_POWER_Blended
MH_DEC_10,Chandwad,Nashik,20.329,74.242,670,Deccan_Plateau,2023-08-18,1.32,29.7,21.8,25.7,80.5,IMD_AWS_NASA_POWER_Blended
MH_DEC_10,Chandwad,Nashik,20.329,74.242,670,Deccan_Plateau,2023-08-19,3.16,29.6,21.9,25.7,82.1,IMD_AWS_NASA_POWER_Blended
MH_DEC_10,Chandwad,Nashik,20.329,74.242,670,Deccan_Plateau,2023-08-20,3.56,29.1,22.0,25.6,82.0,IMD_AWS_NASA_POWER_Blended
MH_DEC_10,Chandwad,Nashik,20.329,74.242,670,Deccan_Plateau,2023-08-21,0.81,30.5,21.6,26.1,80.5,IMD_AWS_NASA_POWER_Blended
MH_DEC_10,Chandwad,Nashik,20.329,74.242,670,Deccan_Plateau,2023-08-22,1.38,30.6,21.7,26.2,81.5,IMD_AWS_NASA_POWER_Blended
MH_DEC_10,Chandwad,Nashik,20.329,74.242,670,Deccan_Plateau,2023-08-23,0.9,31.1,21.7,26.4,79.8,IMD_AWS_NASA_POWER_Blended
MH_DEC_10,Chandwad,Nashik,20.329,74.242,670,Deccan_Plateau,2023-08-24,1.65,29.9,22.5,26.2,80.8,IMD_AWS_NASA_POWER_Blended
MH_DEC_10,Chandwad,Nashik,20.329,74.242,670,Deccan_Plateau,2023-08-25,2.57,30.5,22.1,26.3,82.1,IMD_AWS_NASA_POWER_Blended
MH_DEC_10,Chandwad,Nashik,20.329,74.242,670,Deccan_Plateau,2023-08-26,3.06,30.8,22.1,26.5,81.2,IMD_AWS_NASA_POWER_Blended
MH_DEC_10,Chandwad,Nashik,20.329,74.242,670,Deccan_Plateau,2023-08-27,0.68,30.9,22.2,26.5,79.4,IMD_AWS_NASA_POWER_Blended
MH_DEC_10,Chandwad,Nashik,20.329,74.242,670,Deccan_Plateau,2023-08-28,0.08,30.8,21.6,26.2,79.5,IMD_AWS_NASA_POWER_Blended
MH_DEC_10,Chandwad,Nashik,20.329,74.242,670,Deccan_Plateau,2023-08-29,0.01,31.2,21.3,26.3,78.1,IMD_AWS_NASA_POWER_Blended
MH_DEC_10,Chandwad,Nashik,20.329,74.242,670,Deccan_Plateau,2023-08-30,0.0,31.8,20.9,26.4,76.9,IMD_AWS_NASA_POWER_Blended
MH_DEC_10,Chandwad,Nashik,20.329,74.242,670,Deccan_Plateau,2023-08-31,0.08,32.5,20.7,26.6,74.5,IMD_AWS_NASA_POWER_Blended
MH_DEC_10,Chandwad,Nashik,20.329,74.242,670,Deccan_Plateau,2023-09-01,0.29,33.1,21.4,27.2,73.7,IMD_AWS_NASA_POWER_Blended
MH_DEC_10,Chandwad,Nashik,20.329,74.242,670,Deccan_Plateau,2023-09-02,0.65,32.8,21.4,27.1,75.3,IMD_AWS_NASA_POWER_Blended
MH_DEC_10,Chandwad,Nashik,20.329,74.242,670,Deccan_Plateau,2023-09-03,0.17,32.8,21.8,27.3,77.0,IMD_AWS_NASA_POWER_Blended
MH_DEC_10,Chandwad,Nashik,20.329,74.242,670,Deccan_Plateau,2023-09-04,0.04,32.2,21.6,26.9,74.6,IMD_AWS_NASA_POWER_Blended
MH_DEC_10,Chandwad,Nashik,20.329,74.242,670,Deccan_Plateau,2023-09-05,0.0,31.9,21.1,26.5,74.3,IMD_AWS_NASA_POWER_Blended
MH_DEC_10,Chandwad,Nashik,20.329,74.242,670,Deccan_Plateau,2023-09-06,1.09,31.5,21.7,26.6,77.4,IMD_AWS_NASA_POWER_Blended
MH_DEC_10,Chandwad,Nashik,20.329,74.242,670,Deccan_Plateau,2023-09-07,12.95,28.5,23.2,25.9,87.0,IMD_AWS_NASA_POWER_Blended
MH_DEC_10,Chandwad,Nashik,20.329,74.242,670,Deccan_Plateau,2023-09-08,20.64,26.9,23.6,25.3,89.4,IMD_AWS_NASA_POWER_Blended
MH_DEC_10,Chandwad,Nashik,20.329,74.242,670,Deccan_Plateau,2023-09-09,12.35,27.0,22.9,24.9,87.0,IMD_AWS_NASA_POWER_Blended
MH_DEC_10,Chandwad,Nashik,20.329,74.242,670,Deccan_Plateau,2023-09-10,0.99,29.7,23.0,26.4,82.8,IMD_AWS_NASA_POWER_Blended
MH_DEC_10,Chandwad,Nashik,20.329,74.242,670,Deccan_Plateau,2023-09-11,0.06,30.3,22.4,26.4,81.1,IMD_AWS_NASA_POWER_Blended
MH_DEC_10,Chandwad,Nashik,20.329,74.242,670,Deccan_Plateau,2023-09-12,0.0,30.6,22.2,26.4,79.2,IMD_AWS_NASA_POWER_Blended
MH_DEC_10,Chandwad,Nashik,20.329,74.242,670,Deccan_Plateau,2023-09-13,0.24,30.7,21.7,26.2,79.7,IMD_AWS_NASA_POWER_Blended
MH_DEC_10,Chandwad,Nashik,20.329,74.242,670,Deccan_Plateau,2023-09-14,3.66,28.0,22.0,25.0,84.0,IMD_AWS_NASA_POWER_Blended
MH_DEC_10,Chandwad,Nashik,20.329,74.242,670,Deccan_Plateau,2023-09-15,8.38,27.8,21.8,24.8,86.7,IMD_AWS_NASA_POWER_Blended
MH_DEC_10,Chandwad,Nashik,20.329,74.242,670,Deccan_Plateau,2023-09-16,13.93,24.6,21.1,22.9,88.9,IMD_AWS_NASA_POWER_Blended
MH_DEC_10,Chandwad,Nashik,20.329,74.242,670,Deccan_Plateau,2023-09-17,4.38,28.2,21.2,24.7,84.4,IMD_AWS_NASA_POWER_Blended
MH_DEC_10,Chandwad,Nashik,20.329,74.242,670,Deccan_Plateau,2023-09-18,9.96,30.8,21.8,26.3,84.3,IMD_AWS_NASA_POWER_Blended
MH_DEC_10,Chandwad,Nashik,20.329,74.242,670,Deccan_Plateau,2023-09-19,5.53,30.4,22.0,26.2,84.3,IMD_AWS_NASA_POWER_Blended
MH_DEC_10,Chandwad,Nashik,20.329,74.242,670,Deccan_Plateau,2023-09-20,1.05,31.0,21.8,26.4,85.5,IMD_AWS_NASA_POWER_Blended
MH_DEC_10,Chandwad,Nashik,20.329,74.242,670,Deccan_Plateau,2023-09-21,15.75,28.4,22.5,25.4,88.2,IMD_AWS_NASA_POWER_Blended
MH_DEC_10,Chandwad,Nashik,20.329,74.242,670,Deccan_Plateau,2023-09-22,10.21,29.8,22.0,25.9,85.7,IMD_AWS_NASA_POWER_Blended
MH_DEC_10,Chandwad,Nashik,20.329,74.242,670,Deccan_Plateau,2023-09-23,22.05,28.2,22.6,25.4,89.0,IMD_AWS_NASA_POWER_Blended
MH_DEC_10,Chandwad,Nashik,20.329,74.242,670,Deccan_Plateau,2023-09-24,8.65,28.6,22.2,25.4,88.8,IMD_AWS_NASA_POWER_Blended
MH_DEC_10,Chandwad,Nashik,20.329,74.242,670,Deccan_Plateau,2023-09-25,12.92,29.0,21.8,25.4,88.4,IMD_AWS_NASA_POWER_Blended
MH_DEC_10,Chandwad,Nashik,20.329,74.242,670,Deccan_Plateau,2023-09-26,22.06,28.4,22.0,25.2,88.1,IMD_AWS_NASA_POWER_Blended
MH_DEC_10,Chandwad,Nashik,20.329,74.242,670,Deccan_Plateau,2023-09-27,11.59,28.9,21.8,25.4,86.8,IMD_AWS_NASA_POWER_Blended
MH_DEC_10,Chandwad,Nashik,20.329,74.242,670,Deccan_Plateau,2023-09-28,5.3,29.4,22.2,25.8,85.7,IMD_AWS_NASA_POWER_Blended
MH_DEC_10,Chandwad,Nashik,20.329,74.242,670,Deccan_Plateau,2023-09-29,12.39,29.2,22.5,25.8,84.6,IMD_AWS_NASA_POWER_Blended
MH_DEC_10,Chandwad,Nashik,20.329,74.242,670,Deccan_Plateau,2023-09-30,2.56,29.4,22.6,26.0,81.8,IMD_AWS_NASA_POWER_Blended
MH_DEC_10,Chandwad,Nashik,20.329,74.242,670,Deccan_Plateau,2023-10-01,0.19,30.8,21.7,26.3,79.6,IMD_AWS_NASA_POWER_Blended
MH_DEC_10,Chandwad,Nashik,20.329,74.242,670,Deccan_Plateau,2023-10-02,0.09,29.5,21.7,25.6,82.0,IMD_AWS_NASA_POWER_Blended
MH_DEC_10,Chandwad,Nashik,20.329,74.242,670,Deccan_Plateau,2023-10-03,0.0,29.6,20.0,24.8,79.8,IMD_AWS_NASA_POWER_Blended
MH_DEC_10,Chandwad,Nashik,20.329,74.242,670,Deccan_Plateau,2023-10-04,0.0,29.7,17.0,23.3,77.2,IMD_AWS_NASA_POWER_Blended
MH_DEC_10,Chandwad,Nashik,20.329,74.242,670,Deccan_Plateau,2023-10-05,0.0,29.7,17.4,23.5,79.7,IMD_AWS_NASA_POWER_Blended
MH_DEC_10,Chandwad,Nashik,20.329,74.242,670,Deccan_Plateau,2023-10-06,0.0,30.1,17.4,23.8,80.1,IMD_AWS_NASA_POWER_Blended
MH_DEC_10,Chandwad,Nashik,20.329,74.242,670,Deccan_Plateau,2023-10-07,0.0,31.0,19.2,25.1,79.7,IMD_AWS_NASA_POWER_Blended
MH_DEC_10,Chandwad,Nashik,20.329,74.242,670,Deccan_Plateau,2023-10-08,0.0,31.1,19.2,25.2,77.5,IMD_AWS_NASA_POWER_Blended
MH_DEC_10,Chandwad,Nashik,20.329,74.242,670,Deccan_Plateau,2023-10-09,0.0,31.0,19.7,25.4,73.8,IMD_AWS_NASA_POWER_Blended
MH_DEC_10,Chandwad,Nashik,20.329,74.242,670,Deccan_Plateau,2023-10-10,0.0,30.9,17.7,24.3,75.0,IMD_AWS_NASA_POWER_Blended
MH_DEC_10,Chandwad,Nashik,20.329,74.242,670,Deccan_Plateau,2023-10-11,0.0,31.3,19.5,25.4,73.1,IMD_AWS_NASA_POWER_Blended
MH_DEC_10,Chandwad,Nashik,20.329,74.242,670,Deccan_Plateau,2023-10-12,0.0,31.5,19.6,25.5,72.7,IMD_AWS_NASA_POWER_Blended
MH_DEC_10,Chandwad,Nashik,20.329,74.242,670,Deccan_Plateau,2023-10-13,0.0,31.9,19.5,25.7,71.3,IMD_AWS_NASA_POWER_Blended
MH_DEC_10,Chandwad,Nashik,20.329,74.242,670,Deccan_Plateau,2023-10-14,0.0,31.4,19.4,25.4,68.2,IMD_AWS_NASA_POWER_Blended
MH_DEC_10,Chandwad,Nashik,20.329,74.242,670,Deccan_Plateau,2023-10-15,0.0,30.7,20.8,25.8,68.9,IMD_AWS_NASA_POWER_Blended
MH_DEC_10,Chandwad,Nashik,20.329,74.242,670,Deccan_Plateau,2023-10-16,0.0,30.7,20.9,25.8,69.4,IMD_AWS_NASA_POWER_Blended
MH_DEC_10,Chandwad,Nashik,20.329,74.242,670,Deccan_Plateau,2023-10-17,1.91,31.0,20.6,25.8,69.0,IMD_AWS_NASA_POWER_Blended
MH_DEC_10,Chandwad,Nashik,20.329,74.242,670,Deccan_Plateau,2023-10-18,0.09,31.0,20.2,25.6,70.8,IMD_AWS_NASA_POWER_Blended
MH_DEC_10,Chandwad,Nashik,20.329,74.242,670,Deccan_Plateau,2023-10-19,0.0,31.3,19.6,25.5,68.6,IMD_AWS_NASA_POWER_Blended
MH_DEC_10,Chandwad,Nashik,20.329,74.242,670,Deccan_Plateau,2023-10-20,0.0,31.8,18.5,25.1,68.2,IMD_AWS_NASA_POWER_Blended
MH_DEC_10,Chandwad,Nashik,20.329,74.242,670,Deccan_Plateau,2023-10-21,0.0,31.3,18.7,25.0,71.7,IMD_AWS_NASA_POWER_Blended
MH_DEC_10,Chandwad,Nashik,20.329,74.242,670,Deccan_Plateau,2023-10-22,0.0,31.6,18.7,25.2,67.5,IMD_AWS_NASA_POWER_Blended
MH_DEC_10,Chandwad,Nashik,20.329,74.242,670,Deccan_Plateau,2023-10-23,0.0,31.2,19.5,25.3,64.7,IMD_AWS_NASA_POWER_Blended
MH_DEC_10,Chandwad,Nashik,20.329,74.242,670,Deccan_Plateau,2023-10-24,0.0,31.5,18.9,25.2,65.0,IMD_AWS_NASA_POWER_Blended
MH_DEC_10,Chandwad,Nashik,20.329,74.242,670,Deccan_Plateau,2023-10-25,0.0,31.5,17.7,24.6,61.0,IMD_AWS_NASA_POWER_Blended
MH_DEC_10,Chandwad,Nashik,20.329,74.242,670,Deccan_Plateau,2023-10-26,0.0,31.3,18.1,24.7,55.2,IMD_AWS_NASA_POWER_Blended
MH_DEC_10,Chandwad,Nashik,20.329,74.242,670,Deccan_Plateau,2023-10-27,0.0,31.3,17.9,24.6,53.8,IMD_AWS_NASA_POWER_Blended
MH_DEC_10,Chandwad,Nashik,20.329,74.242,670,Deccan_Plateau,2023-10-28,0.0,31.4,15.5,23.5,57.3,IMD_AWS_NASA_POWER_Blended
MH_DEC_10,Chandwad,Nashik,20.329,74.242,670,Deccan_Plateau,2023-10-29,0.0,31.2,15.5,23.4,59.0,IMD_AWS_NASA_POWER_Blended
MH_DEC_10,Chandwad,Nashik,20.329,74.242,670,Deccan_Plateau,2023-10-30,0.0,30.4,16.6,23.5,60.6,IMD_AWS_NASA_POWER_Blended
MH_DEC_10,Chandwad,Nashik,20.329,74.242,670,Deccan_Plateau,2023-10-31,0.0,30.0,15.3,22.6,58.9,IMD_AWS_NASA_POWER_Blended
MH_DEC_11,Baglan_Satana,Nashik,20.591,74.202,540,Deccan_Plateau,2023-06-01,0.0,40.4,24.3,32.3,37.9,IMD_AWS_NASA_POWER_Blended
MH_DEC_11,Baglan_Satana,Nashik,20.591,74.202,540,Deccan_Plateau,2023-06-02,0.03,37.5,23.2,30.3,51.3,IMD_AWS_NASA_POWER_Blended
MH_DEC_11,Baglan_Satana,Nashik,20.591,74.202,540,Deccan_Plateau,2023-06-03,0.25,35.1,24.2,29.6,60.4,IMD_AWS_NASA_POWER_Blended
MH_DEC_11,Baglan_Satana,Nashik,20.591,74.202,540,Deccan_Plateau,2023-06-04,1.18,36.5,24.4,30.4,56.1,IMD_AWS_NASA_POWER_Blended
MH_DEC_11,Baglan_Satana,Nashik,20.591,74.202,540,Deccan_Plateau,2023-06-05,0.6,37.0,23.5,30.2,55.0,IMD_AWS_NASA_POWER_Blended
MH_DEC_11,Baglan_Satana,Nashik,20.591,74.202,540,Deccan_Plateau,2023-06-06,0.0,38.7,23.9,31.3,51.6,IMD_AWS_NASA_POWER_Blended
MH_DEC_11,Baglan_Satana,Nashik,20.591,74.202,540,Deccan_Plateau,2023-06-07,0.0,39.2,23.4,31.3,51.0,IMD_AWS_NASA_POWER_Blended
MH_DEC_11,Baglan_Satana,Nashik,20.591,74.202,540,Deccan_Plateau,2023-06-08,0.0,38.5,23.8,31.1,52.8,IMD_AWS_NASA_POWER_Blended
MH_DEC_11,Baglan_Satana,Nashik,20.591,74.202,540,Deccan_Plateau,2023-06-09,0.02,38.5,24.9,31.7,53.1,IMD_AWS_NASA_POWER_Blended
MH_DEC_11,Baglan_Satana,Nashik,20.591,74.202,540,Deccan_Plateau,2023-06-10,3.95,35.0,25.7,30.3,59.5,IMD_AWS_NASA_POWER_Blended
MH_DEC_11,Baglan_Satana,Nashik,20.591,74.202,540,Deccan_Plateau,2023-06-11,0.1,37.4,24.4,30.9,54.0,IMD_AWS_NASA_POWER_Blended
MH_DEC_11,Baglan_Satana,Nashik,20.591,74.202,540,Deccan_Plateau,2023-06-12,0.01,39.0,24.5,31.8,49.3,IMD_AWS_NASA_POWER_Blended
MH_DEC_11,Baglan_Satana,Nashik,20.591,74.202,540,Deccan_Plateau,2023-06-13,0.53,37.9,24.4,31.1,54.0,IMD_AWS_NASA_POWER_Blended
MH_DEC_11,Baglan_Satana,Nashik,20.591,74.202,540,Deccan_Plateau,2023-06-14,0.44,37.0,24.0,30.5,56.8,IMD_AWS_NASA_POWER_Blended
MH_DEC_11,Baglan_Satana,Nashik,20.591,74.202,540,Deccan_Plateau,2023-06-15,0.24,37.2,24.2,30.7,59.4,IMD_AWS_NASA_POWER_Blended
MH_DEC_11,Baglan_Satana,Nashik,20.591,74.202,540,Deccan_Plateau,2023-06-16,0.37,36.2,24.7,30.4,62.5,IMD_AWS_NASA_POWER_Blended
MH_DEC_11,Baglan_Satana,Nashik,20.591,74.202,540,Deccan_Plateau,2023-06-17,0.15,35.5,24.7,30.1,64.9,IMD_AWS_NASA_POWER_Blended
MH_DEC_11,Baglan_Satana,Nashik,20.591,74.202,540,Deccan_Plateau,2023-06-18,0.05,36.2,24.4,30.3,62.4,IMD_AWS_NASA_POWER_Blended
MH_DEC_11,Baglan_Satana,Nashik,20.591,74.202,540,Deccan_Plateau,2023-06-19,0.0,37.0,24.2,30.6,61.2,IMD_AWS_NASA_POWER_Blended
MH_DEC_11,Baglan_Satana,Nashik,20.591,74.202,540,Deccan_Plateau,2023-06-20,0.0,36.9,24.6,30.7,61.7,IMD_AWS_NASA_POWER_Blended
MH_DEC_11,Baglan_Satana,Nashik,20.591,74.202,540,Deccan_Plateau,2023-06-21,0.0,36.7,24.5,30.6,59.0,IMD_AWS_NASA_POWER_Blended
MH_DEC_11,Baglan_Satana,Nashik,20.591,74.202,540,Deccan_Plateau,2023-06-22,0.02,36.3,24.7,30.5,59.4,IMD_AWS_NASA_POWER_Blended
MH_DEC_11,Baglan_Satana,Nashik,20.591,74.202,540,Deccan_Plateau,2023-06-23,0.23,34.5,24.6,29.5,61.1,IMD_AWS_NASA_POWER_Blended
MH_DEC_11,Baglan_Satana,Nashik,20.591,74.202,540,Deccan_Plateau,2023-06-24,2.38,31.6,24.6,28.1,68.9,IMD_AWS_NASA_POWER_Blended
MH_DEC_11,Baglan_Satana,Nashik,20.591,74.202,540,Deccan_Plateau,2023-06-25,3.35,33.0,23.1,28.1,62.6,IMD_AWS_NASA_POWER_Blended
MH_DEC_11,Baglan_Satana,Nashik,20.591,74.202,540,Deccan_Plateau,2023-06-26,3.71,29.6,22.2,25.9,68.3,IMD_AWS_NASA_POWER_Blended
MH_DEC_11,Baglan_Satana,Nashik,20.591,74.202,540,Deccan_Plateau,2023-06-27,17.72,28.6,21.5,25.1,75.4,IMD_AWS_NASA_POWER_Blended
MH_DEC_11,Baglan_Satana,Nashik,20.591,74.202,540,Deccan_Plateau,2023-06-28,12.99,30.0,21.6,25.8,77.7,IMD_AWS_NASA_POWER_Blended
MH_DEC_11,Baglan_Satana,Nashik,20.591,74.202,540,Deccan_Plateau,2023-06-29,15.24,25.2,22.4,23.8,83.9,IMD_AWS_NASA_POWER_Blended
MH_DEC_11,Baglan_Satana,Nashik,20.591,74.202,540,Deccan_Plateau,2023-06-30,13.29,27.0,22.1,24.5,82.3,IMD_AWS_NASA_POWER_Blended
MH_DEC_11,Baglan_Satana,Nashik,20.591,74.202,540,Deccan_Plateau,2023-07-01,14.66,30.1,22.5,26.3,80.6,IMD_AWS_NASA_POWER_Blended
MH_DEC_11,Baglan_Satana,Nashik,20.591,74.202,540,Deccan_Plateau,2023-07-02,29.33,31.0,23.5,27.3,82.2,IMD_AWS_NASA_POWER_Blended
MH_DEC_11,Baglan_Satana,Nashik,20.591,74.202,540,Deccan_Plateau,2023-07-03,2.3,32.4,23.1,27.7,78.6,IMD_AWS_NASA_POWER_Blended
MH_DEC_11,Baglan_Satana,Nashik,20.591,74.202,540,Deccan_Plateau,2023-07-04,2.98,31.2,24.1,27.6,81.0,IMD_AWS_NASA_POWER_Blended
MH_DEC_11,Baglan_Satana,Nashik,20.591,74.202,540,Deccan_Plateau,2023-07-05,9.83,30.6,23.4,27.0,81.8,IMD_AWS_NASA_POWER_Blended
MH_DEC_11,Baglan_Satana,Nashik,20.591,74.202,540,Deccan_Plateau,2023-07-06,13.04,30.8,22.3,26.5,80.3,IMD_AWS_NASA_POWER_Blended
MH_DEC_11,Baglan_Satana,Nashik,20.591,74.202,540,Deccan_Plateau,2023-07-07,7.91,30.7,22.9,26.8,85.7,IMD_AWS_NASA_POWER_Blended
MH_DEC_11,Baglan_Satana,Nashik,20.591,74.202,540,Deccan_Plateau,2023-07-08,4.81,30.0,23.2,26.6,84.1,IMD_AWS_NASA_POWER_Blended
MH_DEC_11,Baglan_Satana,Nashik,20.591,74.202,540,Deccan_Plateau,2023-07-09,6.09,30.4,22.7,26.6,82.2,IMD_AWS_NASA_POWER_Blended
MH_DEC_11,Baglan_Satana,Nashik,20.591,74.202,540,Deccan_Plateau,2023-07-10,11.58,29.8,22.9,26.4,83.2,IMD_AWS_NASA_POWER_Blended
MH_DEC_11,Baglan_Satana,Nashik,20.591,74.202,540,Deccan_Plateau,2023-07-11,8.64,30.2,22.6,26.4,82.5,IMD_AWS_NASA_POWER_Blended
MH_DEC_11,Baglan_Satana,Nashik,20.591,74.202,540,Deccan_Plateau,2023-07-12,5.21,29.1,23.0,26.0,81.3,IMD_AWS_NASA_POWER_Blended
MH_DEC_11,Baglan_Satana,Nashik,20.591,74.202,540,Deccan_Plateau,2023-07-13,4.87,30.3,22.8,26.5,81.9,IMD_AWS_NASA_POWER_Blended
MH_DEC_11,Baglan_Satana,Nashik,20.591,74.202,540,Deccan_Plateau,2023-07-14,5.67,30.1,22.6,26.3,80.7,IMD_AWS_NASA_POWER_Blended
MH_DEC_11,Baglan_Satana,Nashik,20.591,74.202,540,Deccan_Plateau,2023-07-15,8.17,29.0,21.9,25.4,84.7,IMD_AWS_NASA_POWER_Blended
MH_DEC_11,Baglan_Satana,Nashik,20.591,74.202,540,Deccan_Plateau,2023-07-16,4.18,29.2,23.1,26.1,84.4,IMD_AWS_NASA_POWER_Blended
MH_DEC_11,Baglan_Satana,Nashik,20.591,74.202,540,Deccan_Plateau,2023-07-17,1.85,30.3,23.0,26.6,81.5,IMD_AWS_NASA_POWER_Blended
MH_DEC_11,Baglan_Satana,Nashik,20.591,74.202,540,Deccan_Plateau,2023-07-18,11.57,27.9,23.3,25.6,87.2,IMD_AWS_NASA_POWER_Blended
MH_DEC_11,Baglan_Satana,Nashik,20.591,74.202,540,Deccan_Plateau,2023-07-19,12.05,29.4,23.2,26.3,86.4,IMD_AWS_NASA_POWER_Blended
MH_DEC_11,Baglan_Satana,Nashik,20.591,74.202,540,Deccan_Plateau,2023-07-20,8.56,29.9,23.4,26.7,86.2,IMD_AWS_NASA_POWER_Blended
MH_DEC_11,Baglan_Satana,Nashik,20.591,74.202,540,Deccan_Plateau,2023-07-21,6.75,27.8,23.2,25.5,86.9,IMD_AWS_NASA_POWER_Blended
MH_DEC_11,Baglan_Satana,Nashik,20.591,74.202,540,Deccan_Plateau,2023-07-22,15.42,27.4,22.9,25.1,89.5,IMD_AWS_NASA_POWER_Blended
MH_DEC_11,Baglan_Satana,Nashik,20.591,74.202,540,Deccan_Plateau,2023-07-23,16.21,30.1,23.2,26.6,86.4,IMD_AWS_NASA_POWER_Blended
MH_DEC_11,Baglan_Satana,Nashik,20.591,74.202,540,Deccan_Plateau,2023-07-24,5.83,30.2,23.1,26.7,83.4,IMD_AWS_NASA_POWER_Blended
MH_DEC_11,Baglan_Satana,Nashik,20.591,74.202,540,Deccan_Plateau,2023-07-25,16.33,29.8,22.8,26.3,85.6,IMD_AWS_NASA_POWER_Blended
MH_DEC_11,Baglan_Satana,Nashik,20.591,74.202,540,Deccan_Plateau,2023-07-26,5.2,28.7,22.7,25.7,87.0,IMD_AWS_NASA_POWER_Blended
MH_DEC_11,Baglan_Satana,Nashik,20.591,74.202,540,Deccan_Plateau,2023-07-27,10.7,28.5,23.1,25.8,86.1,IMD_AWS_NASA_POWER_Blended
MH_DEC_11,Baglan_Satana,Nashik,20.591,74.202,540,Deccan_Plateau,2023-07-28,14.13,29.0,23.1,26.1,85.4,IMD_AWS_NASA_POWER_Blended
MH_DEC_11,Baglan_Satana,Nashik,20.591,74.202,540,Deccan_Plateau,2023-07-29,2.91,29.0,22.3,25.7,84.3,IMD_AWS_NASA_POWER_Blended
MH_DEC_11,Baglan_Satana,Nashik,20.591,74.202,540,Deccan_Plateau,2023-07-30,2.89,29.9,22.6,26.2,83.9,IMD_AWS_NASA_POWER_Blended
MH_DEC_11,Baglan_Satana,Nashik,20.591,74.202,540,Deccan_Plateau,2023-07-31,4.26,30.2,22.6,26.4,84.0,IMD_AWS_NASA_POWER_Blended
MH_DEC_11,Baglan_Satana,Nashik,20.591,74.202,540,Deccan_Plateau,2023-08-01,2.44,29.8,23.0,26.4,84.2,IMD_AWS_NASA_POWER_Blended
MH_DEC_11,Baglan_Satana,Nashik,20.591,74.202,540,Deccan_Plateau,2023-08-02,1.34,28.4,22.5,25.5,85.7,IMD_AWS_NASA_POWER_Blended
MH_DEC_11,Baglan_Satana,Nashik,20.591,74.202,540,Deccan_Plateau,2023-08-03,1.25,27.2,22.2,24.7,86.7,IMD_AWS_NASA_POWER_Blended
MH_DEC_11,Baglan_Satana,Nashik,20.591,74.202,540,Deccan_Plateau,2023-08-04,1.19,29.5,22.2,25.8,83.5,IMD_AWS_NASA_POWER_Blended
MH_DEC_11,Baglan_Satana,Nashik,20.591,74.202,540,Deccan_Plateau,2023-08-05,3.29,29.1,22.1,25.6,84.1,IMD_AWS_NASA_POWER_Blended
MH_DEC_11,Baglan_Satana,Nashik,20.591,74.202,540,Deccan_Plateau,2023-08-06,2.3,29.8,22.0,25.9,82.9,IMD_AWS_NASA_POWER_Blended
MH_DEC_11,Baglan_Satana,Nashik,20.591,74.202,540,Deccan_Plateau,2023-08-07,0.43,28.8,22.0,25.4,82.2,IMD_AWS_NASA_POWER_Blended
MH_DEC_11,Baglan_Satana,Nashik,20.591,74.202,540,Deccan_Plateau,2023-08-08,0.41,28.2,21.9,25.0,84.2,IMD_AWS_NASA_POWER_Blended
MH_DEC_11,Baglan_Satana,Nashik,20.591,74.202,540,Deccan_Plateau,2023-08-09,0.54,30.0,22.0,26.0,82.6,IMD_AWS_NASA_POWER_Blended
MH_DEC_11,Baglan_Satana,Nashik,20.591,74.202,540,Deccan_Plateau,2023-08-10,2.07,29.6,21.8,25.7,82.9,IMD_AWS_NASA_POWER_Blended
MH_DEC_11,Baglan_Satana,Nashik,20.591,74.202,540,Deccan_Plateau,2023-08-11,2.39,30.3,21.3,25.8,82.3,IMD_AWS_NASA_POWER_Blended
MH_DEC_11,Baglan_Satana,Nashik,20.591,74.202,540,Deccan_Plateau,2023-08-12,2.13,30.1,21.4,25.8,81.2,IMD_AWS_NASA_POWER_Blended
MH_DEC_11,Baglan_Satana,Nashik,20.591,74.202,540,Deccan_Plateau,2023-08-13,1.02,29.9,21.5,25.7,81.7,IMD_AWS_NASA_POWER_Blended
MH_DEC_11,Baglan_Satana,Nashik,20.591,74.202,540,Deccan_Plateau,2023-08-14,0.99,29.3,21.3,25.3,81.1,IMD_AWS_NASA_POWER_Blended
MH_DEC_11,Baglan_Satana,Nashik,20.591,74.202,540,Deccan_Plateau,2023-08-15,1.3,29.7,21.1,25.4,81.2,IMD_AWS_NASA_POWER_Blended
MH_DEC_11,Baglan_Satana,Nashik,20.591,74.202,540,Deccan_Plateau,2023-08-16,0.51,30.8,21.2,26.0,80.3,IMD_AWS_NASA_POWER_Blended
MH_DEC_11,Baglan_Satana,Nashik,20.591,74.202,540,Deccan_Plateau,2023-08-17,0.24,29.9,21.6,25.7,80.6,IMD_AWS_NASA_POWER_Blended
MH_DEC_11,Baglan_Satana,Nashik,20.591,74.202,540,Deccan_Plateau,2023-08-18,1.32,29.7,21.8,25.7,80.5,IMD_AWS_NASA_POWER_Blended
MH_DEC_11,Baglan_Satana,Nashik,20.591,74.202,540,Deccan_Plateau,2023-08-19,3.16,29.6,21.9,25.7,82.1,IMD_AWS_NASA_POWER_Blended
MH_DEC_11,Baglan_Satana,Nashik,20.591,74.202,540,Deccan_Plateau,2023-08-20,3.56,29.1,22.0,25.6,82.0,IMD_AWS_NASA_POWER_Blended
MH_DEC_11,Baglan_Satana,Nashik,20.591,74.202,540,Deccan_Plateau,2023-08-21,0.81,30.5,21.6,26.1,80.5,IMD_AWS_NASA_POWER_Blended
MH_DEC_11,Baglan_Satana,Nashik,20.591,74.202,540,Deccan_Plateau,2023-08-22,1.38,30.6,21.7,26.2,81.5,IMD_AWS_NASA_POWER_Blended
MH_DEC_11,Baglan_Satana,Nashik,20.591,74.202,540,Deccan_Plateau,2023-08-23,0.9,31.1,21.7,26.4,79.8,IMD_AWS_NASA_POWER_Blended
MH_DEC_11,Baglan_Satana,Nashik,20.591,74.202,540,Deccan_Plateau,2023-08-24,1.65,29.9,22.5,26.2,80.8,IMD_AWS_NASA_POWER_Blended
MH_DEC_11,Baglan_Satana,Nashik,20.591,74.202,540,Deccan_Plateau,2023-08-25,2.57,30.5,22.1,26.3,82.1,IMD_AWS_NASA_POWER_Blended
MH_DEC_11,Baglan_Satana,Nashik,20.591,74.202,540,Deccan_Plateau,2023-08-26,3.06,30.8,22.1,26.5,81.2,IMD_AWS_NASA_POWER_Blended
MH_DEC_11,Baglan_Satana,Nashik,20.591,74.202,540,Deccan_Plateau,2023-08-27,0.68,30.9,22.2,26.5,79.4,IMD_AWS_NASA_POWER_Blended
MH_DEC_11,Baglan_Satana,Nashik,20.591,74.202,540,Deccan_Plateau,2023-08-28,0.08,30.8,21.6,26.2,79.5,IMD_AWS_NASA_POWER_Blended
MH_DEC_11,Baglan_Satana,Nashik,20.591,74.202,540,Deccan_Plateau,2023-08-29,0.01,31.2,21.3,26.3,78.1,IMD_AWS_NASA_POWER_Blended
MH_DEC_11,Baglan_Satana,Nashik,20.591,74.202,540,Deccan_Plateau,2023-08-30,0.0,31.8,20.9,26.4,76.9,IMD_AWS_NASA_POWER_Blended
MH_DEC_11,Baglan_Satana,Nashik,20.591,74.202,540,Deccan_Plateau,2023-08-31,0.08,32.5,20.7,26.6,74.5,IMD_AWS_NASA_POWER_Blended
MH_DEC_11,Baglan_Satana,Nashik,20.591,74.202,540,Deccan_Plateau,2023-09-01,0.29,33.1,21.4,27.2,73.7,IMD_AWS_NASA_POWER_Blended
MH_DEC_11,Baglan_Satana,Nashik,20.591,74.202,540,Deccan_Plateau,2023-09-02,0.65,32.8,21.4,27.1,75.3,IMD_AWS_NASA_POWER_Blended
MH_DEC_11,Baglan_Satana,Nashik,20.591,74.202,540,Deccan_Plateau,2023-09-03,0.17,32.8,21.8,27.3,77.0,IMD_AWS_NASA_POWER_Blended
MH_DEC_11,Baglan_Satana,Nashik,20.591,74.202,540,Deccan_Plateau,2023-09-04,0.04,32.2,21.6,26.9,74.6,IMD_AWS_NASA_POWER_Blended
MH_DEC_11,Baglan_Satana,Nashik,20.591,74.202,540,Deccan_Plateau,2023-09-05,0.0,31.9,21.1,26.5,74.3,IMD_AWS_NASA_POWER_Blended
MH_DEC_11,Baglan_Satana,Nashik,20.591,74.202,540,Deccan_Plateau,2023-09-06,1.09,31.5,21.7,26.6,77.4,IMD_AWS_NASA_POWER_Blended
MH_DEC_11,Baglan_Satana,Nashik,20.591,74.202,540,Deccan_Plateau,2023-09-07,12.95,28.5,23.2,25.9,87.0,IMD_AWS_NASA_POWER_Blended
MH_DEC_11,Baglan_Satana,Nashik,20.591,74.202,540,Deccan_Plateau,2023-09-08,20.64,26.9,23.6,25.3,89.4,IMD_AWS_NASA_POWER_Blended
MH_DEC_11,Baglan_Satana,Nashik,20.591,74.202,540,Deccan_Plateau,2023-09-09,12.35,27.0,22.9,24.9,87.0,IMD_AWS_NASA_POWER_Blended
MH_DEC_11,Baglan_Satana,Nashik,20.591,74.202,540,Deccan_Plateau,2023-09-10,0.99,29.7,23.0,26.4,82.8,IMD_AWS_NASA_POWER_Blended
MH_DEC_11,Baglan_Satana,Nashik,20.591,74.202,540,Deccan_Plateau,2023-09-11,0.06,30.3,22.4,26.4,81.1,IMD_AWS_NASA_POWER_Blended
MH_DEC_11,Baglan_Satana,Nashik,20.591,74.202,540,Deccan_Plateau,2023-09-12,0.0,30.6,22.2,26.4,79.2,IMD_AWS_NASA_POWER_Blended
MH_DEC_11,Baglan_Satana,Nashik,20.591,74.202,540,Deccan_Plateau,2023-09-13,0.24,30.7,21.7,26.2,79.7,IMD_AWS_NASA_POWER_Blended
MH_DEC_11,Baglan_Satana,Nashik,20.591,74.202,540,Deccan_Plateau,2023-09-14,3.66,28.0,22.0,25.0,84.0,IMD_AWS_NASA_POWER_Blended
MH_DEC_11,Baglan_Satana,Nashik,20.591,74.202,540,Deccan_Plateau,2023-09-15,8.38,27.8,21.8,24.8,86.7,IMD_AWS_NASA_POWER_Blended
MH_DEC_11,Baglan_Satana,Nashik,20.591,74.202,540,Deccan_Plateau,2023-09-16,13.93,24.6,21.1,22.9,88.9,IMD_AWS_NASA_POWER_Blended
MH_DEC_11,Baglan_Satana,Nashik,20.591,74.202,540,Deccan_Plateau,2023-09-17,4.38,28.2,21.2,24.7,84.4,IMD_AWS_NASA_POWER_Blended
MH_DEC_11,Baglan_Satana,Nashik,20.591,74.202,540,Deccan_Plateau,2023-09-18,9.96,30.8,21.8,26.3,84.3,IMD_AWS_NASA_POWER_Blended
MH_DEC_11,Baglan_Satana,Nashik,20.591,74.202,540,Deccan_Plateau,2023-09-19,5.53,30.4,22.0,26.2,84.3,IMD_AWS_NASA_POWER_Blended
MH_DEC_11,Baglan_Satana,Nashik,20.591,74.202,540,Deccan_Plateau,2023-09-20,1.05,31.0,21.8,26.4,85.5,IMD_AWS_NASA_POWER_Blended
MH_DEC_11,Baglan_Satana,Nashik,20.591,74.202,540,Deccan_Plateau,2023-09-21,15.75,28.4,22.5,25.4,88.2,IMD_AWS_NASA_POWER_Blended
MH_DEC_11,Baglan_Satana,Nashik,20.591,74.202,540,Deccan_Plateau,2023-09-22,10.21,29.8,22.0,25.9,85.7,IMD_AWS_NASA_POWER_Blended
MH_DEC_11,Baglan_Satana,Nashik,20.591,74.202,540,Deccan_Plateau,2023-09-23,22.05,28.2,22.6,25.4,89.0,IMD_AWS_NASA_POWER_Blended
MH_DEC_11,Baglan_Satana,Nashik,20.591,74.202,540,Deccan_Plateau,2023-09-24,8.65,28.6,22.2,25.4,88.8,IMD_AWS_NASA_POWER_Blended
MH_DEC_11,Baglan_Satana,Nashik,20.591,74.202,540,Deccan_Plateau,2023-09-25,12.92,29.0,21.8,25.4,88.4,IMD_AWS_NASA_POWER_Blended
MH_DEC_11,Baglan_Satana,Nashik,20.591,74.202,540,Deccan_Plateau,2023-09-26,22.06,28.4,22.0,25.2,88.1,IMD_AWS_NASA_POWER_Blended
MH_DEC_11,Baglan_Satana,Nashik,20.591,74.202,540,Deccan_Plateau,2023-09-27,11.59,28.9,21.8,25.4,86.8,IMD_AWS_NASA_POWER_Blended
MH_DEC_11,Baglan_Satana,Nashik,20.591,74.202,540,Deccan_Plateau,2023-09-28,5.3,29.4,22.2,25.8,85.7,IMD_AWS_NASA_POWER_Blended
MH_DEC_11,Baglan_Satana,Nashik,20.591,74.202,540,Deccan_Plateau,2023-09-29,12.39,29.2,22.5,25.8,84.6,IMD_AWS_NASA_POWER_Blended
MH_DEC_11,Baglan_Satana,Nashik,20.591,74.202,540,Deccan_Plateau,2023-09-30,2.56,29.4,22.6,26.0,81.8,IMD_AWS_NASA_POWER_Blended
MH_DEC_11,Baglan_Satana,Nashik,20.591,74.202,540,Deccan_Plateau,2023-10-01,0.19,30.8,21.7,26.3,79.6,IMD_AWS_NASA_POWER_Blended
MH_DEC_11,Baglan_Satana,Nashik,20.591,74.202,540,Deccan_Plateau,2023-10-02,0.09,29.5,21.7,25.6,82.0,IMD_AWS_NASA_POWER_Blended
MH_DEC_11,Baglan_Satana,Nashik,20.591,74.202,540,Deccan_Plateau,2023-10-03,0.0,29.6,20.0,24.8,79.8,IMD_AWS_NASA_POWER_Blended
MH_DEC_11,Baglan_Satana,Nashik,20.591,74.202,540,Deccan_Plateau,2023-10-04,0.0,29.7,17.0,23.3,77.2,IMD_AWS_NASA_POWER_Blended
MH_DEC_11,Baglan_Satana,Nashik,20.591,74.202,540,Deccan_Plateau,2023-10-05,0.0,29.7,17.4,23.5,79.7,IMD_AWS_NASA_POWER_Blended
MH_DEC_11,Baglan_Satana,Nashik,20.591,74.202,540,Deccan_Plateau,2023-10-06,0.0,30.1,17.4,23.8,80.1,IMD_AWS_NASA_POWER_Blended
MH_DEC_11,Baglan_Satana,Nashik,20.591,74.202,540,Deccan_Plateau,2023-10-07,0.0,31.0,19.2,25.1,79.7,IMD_AWS_NASA_POWER_Blended
MH_DEC_11,Baglan_Satana,Nashik,20.591,74.202,540,Deccan_Plateau,2023-10-08,0.0,31.1,19.2,25.2,77.5,IMD_AWS_NASA_POWER_Blended
MH_DEC_11,Baglan_Satana,Nashik,20.591,74.202,540,Deccan_Plateau,2023-10-09,0.0,31.0,19.7,25.4,73.8,IMD_AWS_NASA_POWER_Blended
MH_DEC_11,Baglan_Satana,Nashik,20.591,74.202,540,Deccan_Plateau,2023-10-10,0.0,30.9,17.7,24.3,75.0,IMD_AWS_NASA_POWER_Blended
MH_DEC_11,Baglan_Satana,Nashik,20.591,74.202,540,Deccan_Plateau,2023-10-11,0.0,31.3,19.5,25.4,73.1,IMD_AWS_NASA_POWER_Blended
MH_DEC_11,Baglan_Satana,Nashik,20.591,74.202,540,Deccan_Plateau,2023-10-12,0.0,31.5,19.6,25.5,72.7,IMD_AWS_NASA_POWER_Blended
MH_DEC_11,Baglan_Satana,Nashik,20.591,74.202,540,Deccan_Plateau,2023-10-13,0.0,31.9,19.5,25.7,71.3,IMD_AWS_NASA_POWER_Blended
MH_DEC_11,Baglan_Satana,Nashik,20.591,74.202,540,Deccan_Plateau,2023-10-14,0.0,31.4,19.4,25.4,68.2,IMD_AWS_NASA_POWER_Blended
MH_DEC_11,Baglan_Satana,Nashik,20.591,74.202,540,Deccan_Plateau,2023-10-15,0.0,30.7,20.8,25.8,68.9,IMD_AWS_NASA_POWER_Blended
MH_DEC_11,Baglan_Satana,Nashik,20.591,74.202,540,Deccan_Plateau,2023-10-16,0.0,30.7,20.9,25.8,69.4,IMD_AWS_NASA_POWER_Blended
MH_DEC_11,Baglan_Satana,Nashik,20.591,74.202,540,Deccan_Plateau,2023-10-17,1.91,31.0,20.6,25.8,69.0,IMD_AWS_NASA_POWER_Blended
MH_DEC_11,Baglan_Satana,Nashik,20.591,74.202,540,Deccan_Plateau,2023-10-18,0.09,31.0,20.2,25.6,70.8,IMD_AWS_NASA_POWER_Blended
MH_DEC_11,Baglan_Satana,Nashik,20.591,74.202,540,Deccan_Plateau,2023-10-19,0.0,31.3,19.6,25.5,68.6,IMD_AWS_NASA_POWER_Blended
MH_DEC_11,Baglan_Satana,Nashik,20.591,74.202,540,Deccan_Plateau,2023-10-20,0.0,31.8,18.5,25.1,68.2,IMD_AWS_NASA_POWER_Blended
MH_DEC_11,Baglan_Satana,Nashik,20.591,74.202,540,Deccan_Plateau,2023-10-21,0.0,31.3,18.7,25.0,71.7,IMD_AWS_NASA_POWER_Blended
MH_DEC_11,Baglan_Satana,Nashik,20.591,74.202,540,Deccan_Plateau,2023-10-22,0.0,31.6,18.7,25.2,67.5,IMD_AWS_NASA_POWER_Blended
MH_DEC_11,Baglan_Satana,Nashik,20.591,74.202,540,Deccan_Plateau,2023-10-23,0.0,31.2,19.5,25.3,64.7,IMD_AWS_NASA_POWER_Blended
MH_DEC_11,Baglan_Satana,Nashik,20.591,74.202,540,Deccan_Plateau,2023-10-24,0.0,31.5,18.9,25.2,65.0,IMD_AWS_NASA_POWER_Blended
MH_DEC_11,Baglan_Satana,Nashik,20.591,74.202,540,Deccan_Plateau,2023-10-25,0.0,31.5,17.7,24.6,61.0,IMD_AWS_NASA_POWER_Blended
MH_DEC_11,Baglan_Satana,Nashik,20.591,74.202,540,Deccan_Plateau,2023-10-26,0.0,31.3,18.1,24.7,55.2,IMD_AWS_NASA_POWER_Blended
MH_DEC_11,Baglan_Satana,Nashik,20.591,74.202,540,Deccan_Plateau,2023-10-27,0.0,31.3,17.9,24.6,53.8,IMD_AWS_NASA_POWER_Blended
MH_DEC_11,Baglan_Satana,Nashik,20.591,74.202,540,Deccan_Plateau,2023-10-28,0.0,31.4,15.5,23.5,57.3,IMD_AWS_NASA_POWER_Blended
MH_DEC_11,Baglan_Satana,Nashik,20.591,74.202,540,Deccan_Plateau,2023-10-29,0.0,31.2,15.5,23.4,59.0,IMD_AWS_NASA_POWER_Blended
MH_DEC_11,Baglan_Satana,Nashik,20.591,74.202,540,Deccan_Plateau,2023-10-30,0.0,30.4,16.6,23.5,60.6,IMD_AWS_NASA_POWER_Blended
MH_DEC_11,Baglan_Satana,Nashik,20.591,74.202,540,Deccan_Plateau,2023-10-31,0.0,30.0,15.3,22.6,58.9,IMD_AWS_NASA_POWER_Blended
MH_DEC_12,Pune_Shivajinagar,Pune,18.531,73.855,560,Deccan_Plateau,2023-06-01,0.87,37.7,22.6,30.1,53.4,IMD_AWS_NASA_POWER_Blended
MH_DEC_12,Pune_Shivajinagar,Pune,18.531,73.855,560,Deccan_Plateau,2023-06-02,2.21,35.2,22.9,29.0,61.5,IMD_AWS_NASA_POWER_Blended
MH_DEC_12,Pune_Shivajinagar,Pune,18.531,73.855,560,Deccan_Plateau,2023-06-03,0.14,33.7,22.6,28.2,67.2,IMD_AWS_NASA_POWER_Blended
MH_DEC_12,Pune_Shivajinagar,Pune,18.531,73.855,560,Deccan_Plateau,2023-06-04,3.36,32.7,23.3,28.0,71.5,IMD_AWS_NASA_POWER_Blended
MH_DEC_12,Pune_Shivajinagar,Pune,18.531,73.855,560,Deccan_Plateau,2023-06-05,4.27,32.6,23.1,27.9,71.2,IMD_AWS_NASA_POWER_Blended
MH_DEC_12,Pune_Shivajinagar,Pune,18.531,73.855,560,Deccan_Plateau,2023-06-06,0.02,35.6,22.5,29.0,66.9,IMD_AWS_NASA_POWER_Blended
MH_DEC_12,Pune_Shivajinagar,Pune,18.531,73.855,560,Deccan_Plateau,2023-06-07,0.03,35.6,23.2,29.4,63.7,IMD_AWS_NASA_POWER_Blended
MH_DEC_12,Pune_Shivajinagar,Pune,18.531,73.855,560,Deccan_Plateau,2023-06-08,1.46,35.5,23.6,29.6,65.2,IMD_AWS_NASA_POWER_Blended
MH_DEC_12,Pune_Shivajinagar,Pune,18.531,73.855,560,Deccan_Plateau,2023-06-09,3.38,33.1,23.8,28.4,71.8,IMD_AWS_NASA_POWER_Blended
MH_DEC_12,Pune_Shivajinagar,Pune,18.531,73.855,560,Deccan_Plateau,2023-06-10,2.2,32.8,24.1,28.5,72.5,IMD_AWS_NASA_POWER_Blended
MH_DEC_12,Pune_Shivajinagar,Pune,18.531,73.855,560,Deccan_Plateau,2023-06-11,0.23,33.5,23.8,28.6,66.9,IMD_AWS_NASA_POWER_Blended
MH_DEC_12,Pune_Shivajinagar,Pune,18.531,73.855,560,Deccan_Plateau,2023-06-12,2.47,33.4,23.4,28.4,66.9,IMD_AWS_NASA_POWER_Blended
MH_DEC_12,Pune_Shivajinagar,Pune,18.531,73.855,560,Deccan_Plateau,2023-06-13,1.69,32.8,22.9,27.8,70.8,IMD_AWS_NASA_POWER_Blended
MH_DEC_12,Pune_Shivajinagar,Pune,18.531,73.855,560,Deccan_Plateau,2023-06-14,6.14,32.3,23.0,27.6,73.4,IMD_AWS_NASA_POWER_Blended
MH_DEC_12,Pune_Shivajinagar,Pune,18.531,73.855,560,Deccan_Plateau,2023-06-15,1.66,32.5,23.1,27.8,74.8,IMD_AWS_NASA_POWER_Blended
MH_DEC_12,Pune_Shivajinagar,Pune,18.531,73.855,560,Deccan_Plateau,2023-06-16,1.37,32.6,23.5,28.1,74.9,IMD_AWS_NASA_POWER_Blended
MH_DEC_12,Pune_Shivajinagar,Pune,18.531,73.855,560,Deccan_Plateau,2023-06-17,1.11,32.3,23.9,28.1,76.0,IMD_AWS_NASA_POWER_Blended
MH_DEC_12,Pune_Shivajinagar,Pune,18.531,73.855,560,Deccan_Plateau,2023-06-18,0.37,32.5,23.5,28.0,74.8,IMD_AWS_NASA_POWER_Blended
MH_DEC_12,Pune_Shivajinagar,Pune,18.531,73.855,560,Deccan_Plateau,2023-06-19,0.08,32.7,23.5,28.1,73.8,IMD_AWS_NASA_POWER_Blended
MH_DEC_12,Pune_Shivajinagar,Pune,18.531,73.855,560,Deccan_Plateau,2023-06-20,0.08,33.4,23.5,28.5,72.8,IMD_AWS_NASA_POWER_Blended
MH_DEC_12,Pune_Shivajinagar,Pune,18.531,73.855,560,Deccan_Plateau,2023-06-21,0.22,31.2,23.8,27.5,74.0,IMD_AWS_NASA_POWER_Blended
MH_DEC_12,Pune_Shivajinagar,Pune,18.531,73.855,560,Deccan_Plateau,2023-06-22,0.9,32.8,23.6,28.2,71.2,IMD_AWS_NASA_POWER_Blended
MH_DEC_12,Pune_Shivajinagar,Pune,18.531,73.855,560,Deccan_Plateau,2023-06-23,1.42,32.8,23.1,27.9,72.2,IMD_AWS_NASA_POWER_Blended
MH_DEC_12,Pune_Shivajinagar,Pune,18.531,73.855,560,Deccan_Plateau,2023-06-24,39.91,29.3,22.7,26.0,82.1,IMD_AWS_NASA_POWER_Blended
MH_DEC_12,Pune_Shivajinagar,Pune,18.531,73.855,560,Deccan_Plateau,2023-06-25,33.15,28.0,22.2,25.1,83.5,IMD_AWS_NASA_POWER_Blended
MH_DEC_12,Pune_Shivajinagar,Pune,18.531,73.855,560,Deccan_Plateau,2023-06-26,46.52,26.6,21.6,24.1,87.7,IMD_AWS_NASA_POWER_Blended
MH_DEC_12,Pune_Shivajinagar,Pune,18.531,73.855,560,Deccan_Plateau,2023-06-27,38.73,25.2,21.0,23.1,89.0,IMD_AWS_NASA_POWER_Blended
MH_DEC_12,Pune_Shivajinagar,Pune,18.531,73.855,560,Deccan_Plateau,2023-06-28,26.72,26.4,21.5,23.9,89.3,IMD_AWS_NASA_POWER_Blended
MH_DEC_12,Pune_Shivajinagar,Pune,18.531,73.855,560,Deccan_Plateau,2023-06-29,16.77,26.6,21.5,24.1,84.9,IMD_AWS_NASA_POWER_Blended
MH_DEC_12,Pune_Shivajinagar,Pune,18.531,73.855,560,Deccan_Plateau,2023-06-30,64.8,26.3,21.5,23.9,90.2,IMD_AWS_NASA_POWER_Blended
MH_DEC_12,Pune_Shivajinagar,Pune,18.531,73.855,560,Deccan_Plateau,2023-07-01,24.84,26.3,22.2,24.2,89.5,IMD_AWS_NASA_POWER_Blended
MH_DEC_12,Pune_Shivajinagar,Pune,18.531,73.855,560,Deccan_Plateau,2023-07-02,19.11,28.2,22.8,25.5,88.0,IMD_AWS_NASA_POWER_Blended
MH_DEC_12,Pune_Shivajinagar,Pune,18.531,73.855,560,Deccan_Plateau,2023-07-03,27.65,27.9,23.4,25.6,90.2,IMD_AWS_NASA_POWER_Blended
MH_DEC_12,Pune_Shivajinagar,Pune,18.531,73.855,560,Deccan_Plateau,2023-07-04,20.32,27.7,23.2,25.4,90.8,IMD_AWS_NASA_POWER_Blended
MH_DEC_12,Pune_Shivajinagar,Pune,18.531,73.855,560,Deccan_Plateau,2023-07-05,10.79,28.2,22.5,25.3,89.4,IMD_AWS_NASA_POWER_Blended
MH_DEC_12,Pune_Shivajinagar,Pune,18.531,73.855,560,Deccan_Plateau,2023-07-06,30.37,25.9,22.2,24.0,91.6,IMD_AWS_NASA_POWER_Blended
MH_DEC_12,Pune_Shivajinagar,Pune,18.531,73.855,560,Deccan_Plateau,2023-07-07,38.2,27.3,23.2,25.3,91.0,IMD_AWS_NASA_POWER_Blended
MH_DEC_12,Pune_Shivajinagar,Pune,18.531,73.855,560,Deccan_Plateau,2023-07-08,17.81,27.2,22.5,24.8,88.2,IMD_AWS_NASA_POWER_Blended
MH_DEC_12,Pune_Shivajinagar,Pune,18.531,73.855,560,Deccan_Plateau,2023-07-09,8.16,27.4,22.2,24.8,88.9,IMD_AWS_NASA_POWER_Blended
MH_DEC_12,Pune_Shivajinagar,Pune,18.531,73.855,560,Deccan_Plateau,2023-07-10,4.56,27.7,22.1,24.9,87.8,IMD_AWS_NASA_POWER_Blended
MH_DEC_12,Pune_Shivajinagar,Pune,18.531,73.855,560,Deccan_Plateau,2023-07-11,3.32,27.8,21.7,24.7,87.6,IMD_AWS_NASA_POWER_Blended
MH_DEC_12,Pune_Shivajinagar,Pune,18.531,73.855,560,Deccan_Plateau,2023-07-12,4.58,26.5,21.8,24.2,88.5,IMD_AWS_NASA_POWER_Blended
MH_DEC_12,Pune_Shivajinagar,Pune,18.531,73.855,560,Deccan_Plateau,2023-07-13,12.12,26.0,21.3,23.6,87.7,IMD_AWS_NASA_POWER_Blended
MH_DEC_12,Pune_Shivajinagar,Pune,18.531,73.855,560,Deccan_Plateau,2023-07-14,16.84,27.2,22.4,24.8,88.0,IMD_AWS_NASA_POWER_Blended
MH_DEC_12,Pune_Shivajinagar,Pune,18.531,73.855,560,Deccan_Plateau,2023-07-15,9.22,27.4,22.2,24.8,88.4,IMD_AWS_NASA_POWER_Blended
MH_DEC_12,Pune_Shivajinagar,Pune,18.531,73.855,560,Deccan_Plateau,2023-07-16,15.26,26.4,22.8,24.6,91.7,IMD_AWS_NASA_POWER_Blended
MH_DEC_12,Pune_Shivajinagar,Pune,18.531,73.855,560,Deccan_Plateau,2023-07-17,31.63,26.1,22.8,24.5,90.9,IMD_AWS_NASA_POWER_Blended
MH_DEC_12,Pune_Shivajinagar,Pune,18.531,73.855,560,Deccan_Plateau,2023-07-18,82.44,26.5,22.8,24.7,92.2,IMD_AWS_NASA_POWER_Blended
MH_DEC_12,Pune_Shivajinagar,Pune,18.531,73.855,560,Deccan_Plateau,2023-07-19,94.4,25.3,22.2,23.7,93.2,IMD_AWS_NASA_POWER_Blended
MH_DEC_12,Pune_Shivajinagar,Pune,18.531,73.855,560,Deccan_Plateau,2023-07-20,45.73,24.9,21.3,23.1,94.3,IMD_AWS_NASA_POWER_Blended
MH_DEC_12,Pune_Shivajinagar,Pune,18.531,73.855,560,Deccan_Plateau,2023-07-21,42.9,24.6,20.7,22.6,94.0,IMD_AWS_NASA_POWER_Blended
MH_DEC_12,Pune_Shivajinagar,Pune,18.531,73.855,560,Deccan_Plateau,2023-07-22,40.17,24.6,21.7,23.2,94.9,IMD_AWS_NASA_POWER_Blended
MH_DEC_12,Pune_Shivajinagar,Pune,18.531,73.855,560,Deccan_Plateau,2023-07-23,38.31,25.8,21.8,23.8,93.2,IMD_AWS_NASA_POWER_Blended
MH_DEC_12,Pune_Shivajinagar,Pune,18.531,73.855,560,Deccan_Plateau,2023-07-24,47.54,26.2,22.6,24.4,93.1,IMD_AWS_NASA_POWER_Blended
MH_DEC_12,Pune_Shivajinagar,Pune,18.531,73.855,560,Deccan_Plateau,2023-07-25,44.66,24.4,22.6,23.5,95.3,IMD_AWS_NASA_POWER_Blended
MH_DEC_12,Pune_Shivajinagar,Pune,18.531,73.855,560,Deccan_Plateau,2023-07-26,64.93,24.8,22.2,23.5,95.3,IMD_AWS_NASA_POWER_Blended
MH_DEC_12,Pune_Shivajinagar,Pune,18.531,73.855,560,Deccan_Plateau,2023-07-27,58.67,24.3,22.3,23.3,95.4,IMD_AWS_NASA_POWER_Blended
MH_DEC_12,Pune_Shivajinagar,Pune,18.531,73.855,560,Deccan_Plateau,2023-07-28,34.73,26.1,22.0,24.0,93.0,IMD_AWS_NASA_POWER_Blended
MH_DEC_12,Pune_Shivajinagar,Pune,18.531,73.855,560,Deccan_Plateau,2023-07-29,18.67,25.9,21.6,23.8,92.5,IMD_AWS_NASA_POWER_Blended
MH_DEC_12,Pune_Shivajinagar,Pune,18.531,73.855,560,Deccan_Plateau,2023-07-30,15.89,26.2,22.1,24.1,92.6,IMD_AWS_NASA_POWER_Blended
MH_DEC_12,Pune_Shivajinagar,Pune,18.531,73.855,560,Deccan_Plateau,2023-07-31,17.48,26.1,22.6,24.4,92.8,IMD_AWS_NASA_POWER_Blended
MH_DEC_12,Pune_Shivajinagar,Pune,18.531,73.855,560,Deccan_Plateau,2023-08-01,16.68,26.2,22.4,24.3,92.7,IMD_AWS_NASA_POWER_Blended
MH_DEC_12,Pune_Shivajinagar,Pune,18.531,73.855,560,Deccan_Plateau,2023-08-02,6.12,25.2,21.6,23.4,93.6,IMD_AWS_NASA_POWER_Blended
MH_DEC_12,Pune_Shivajinagar,Pune,18.531,73.855,560,Deccan_Plateau,2023-08-03,5.94,25.8,21.6,23.7,92.0,IMD_AWS_NASA_POWER_Blended
MH_DEC_12,Pune_Shivajinagar,Pune,18.531,73.855,560,Deccan_Plateau,2023-08-04,11.05,26.6,21.6,24.1,91.3,IMD_AWS_NASA_POWER_Blended
MH_DEC_12,Pune_Shivajinagar,Pune,18.531,73.855,560,Deccan_Plateau,2023-08-05,7.09,25.7,21.6,23.6,91.8,IMD_AWS_NASA_POWER_Blended
MH_DEC_12,Pune_Shivajinagar,Pune,18.531,73.855,560,Deccan_Plateau,2023-08-06,5.75,26.7,21.5,24.1,90.6,IMD_AWS_NASA_POWER_Blended
MH_DEC_12,Pune_Shivajinagar,Pune,18.531,73.855,560,Deccan_Plateau,2023-08-07,3.11,26.3,21.5,23.9,90.8,IMD_AWS_NASA_POWER_Blended
MH_DEC_12,Pune_Shivajinagar,Pune,18.531,73.855,560,Deccan_Plateau,2023-08-08,3.51,26.4,21.6,24.0,90.5,IMD_AWS_NASA_POWER_Blended
MH_DEC_12,Pune_Shivajinagar,Pune,18.531,73.855,560,Deccan_Plateau,2023-08-09,4.99,26.4,21.6,24.0,91.2,IMD_AWS_NASA_POWER_Blended
MH_DEC_12,Pune_Shivajinagar,Pune,18.531,73.855,560,Deccan_Plateau,2023-08-10,5.51,26.9,21.2,24.1,91.1,IMD_AWS_NASA_POWER_Blended
MH_DEC_12,Pune_Shivajinagar,Pune,18.531,73.855,560,Deccan_Plateau,2023-08-11,3.03,27.5,20.6,24.1,89.7,IMD_AWS_NASA_POWER_Blended
MH_DEC_12,Pune_Shivajinagar,Pune,18.531,73.855,560,Deccan_Plateau,2023-08-12,4.51,26.9,20.6,23.7,89.8,IMD_AWS_NASA_POWER_Blended
MH_DEC_12,Pune_Shivajinagar,Pune,18.531,73.855,560,Deccan_Plateau,2023-08-13,6.16,25.4,21.1,23.3,91.3,IMD_AWS_NASA_POWER_Blended
MH_DEC_12,Pune_Shivajinagar,Pune,18.531,73.855,560,Deccan_Plateau,2023-08-14,2.77,26.3,21.1,23.7,89.9,IMD_AWS_NASA_POWER_Blended
MH_DEC_12,Pune_Shivajinagar,Pune,18.531,73.855,560,Deccan_Plateau,2023-08-15,2.98,26.5,20.9,23.7,89.3,IMD_AWS_NASA_POWER_Blended
MH_DEC_12,Pune_Shivajinagar,Pune,18.531,73.855,560,Deccan_Plateau,2023-08-16,3.69,27.1,20.7,23.9,89.4,IMD_AWS_NASA_POWER_Blended
MH_DEC_12,Pune_Shivajinagar,Pune,18.531,73.855,560,Deccan_Plateau,2023-08-17,4.11,27.1,20.6,23.9,89.4,IMD_AWS_NASA_POWER_Blended
MH_DEC_12,Pune_Shivajinagar,Pune,18.531,73.855,560,Deccan_Plateau,2023-08-18,3.4,26.2,21.1,23.7,90.8,IMD_AWS_NASA_POWER_Blended
MH_DEC_12,Pune_Shivajinagar,Pune,18.531,73.855,560,Deccan_Plateau,2023-08-19,8.48,26.9,21.4,24.1,90.7,IMD_AWS_NASA_POWER_Blended
MH_DEC_12,Pune_Shivajinagar,Pune,18.531,73.855,560,Deccan_Plateau,2023-08-20,8.48,26.5,21.2,23.9,90.0,IMD_AWS_NASA_POWER_Blended
MH_DEC_12,Pune_Shivajinagar,Pune,18.531,73.855,560,Deccan_Plateau,2023-08-21,3.92,27.0,20.5,23.8,89.4,IMD_AWS_NASA_POWER_Blended
MH_DEC_12,Pune_Shivajinagar,Pune,18.531,73.855,560,Deccan_Plateau,2023-08-22,6.1,26.9,20.3,23.6,89.8,IMD_AWS_NASA_POWER_Blended
MH_DEC_12,Pune_Shivajinagar,Pune,18.531,73.855,560,Deccan_Plateau,2023-08-23,3.85,26.1,20.9,23.5,90.6,IMD_AWS_NASA_POWER_Blended
MH_DEC_12,Pune_Shivajinagar,Pune,18.531,73.855,560,Deccan_Plateau,2023-08-24,9.84,27.0,21.0,24.0,89.6,IMD_AWS_NASA_POWER_Blended
MH_DEC_12,Pune_Shivajinagar,Pune,18.531,73.855,560,Deccan_Plateau,2023-08-25,14.53,27.4,21.6,24.5,90.7,IMD_AWS_NASA_POWER_Blended
MH_DEC_12,Pune_Shivajinagar,Pune,18.531,73.855,560,Deccan_Plateau,2023-08-26,13.71,27.1,21.9,24.5,90.4,IMD_AWS_NASA_POWER_Blended
MH_DEC_12,Pune_Shivajinagar,Pune,18.531,73.855,560,Deccan_Plateau,2023-08-27,12.2,27.7,21.6,24.7,89.3,IMD_AWS_NASA_POWER_Blended
MH_DEC_12,Pune_Shivajinagar,Pune,18.531,73.855,560,Deccan_Plateau,2023-08-28,9.05,27.1,21.4,24.2,90.3,IMD_AWS_NASA_POWER_Blended
MH_DEC_12,Pune_Shivajinagar,Pune,18.531,73.855,560,Deccan_Plateau,2023-08-29,1.65,27.5,20.6,24.1,89.3,IMD_AWS_NASA_POWER_Blended
MH_DEC_12,Pune_Shivajinagar,Pune,18.531,73.855,560,Deccan_Plateau,2023-08-30,0.18,27.9,20.2,24.1,87.6,IMD_AWS_NASA_POWER_Blended
MH_DEC_12,Pune_Shivajinagar,Pune,18.531,73.855,560,Deccan_Plateau,2023-08-31,1.37,28.8,20.6,24.7,86.8,IMD_AWS_NASA_POWER_Blended
MH_DEC_12,Pune_Shivajinagar,Pune,18.531,73.855,560,Deccan_Plateau,2023-09-01,12.8,29.9,21.2,25.6,86.8,IMD_AWS_NASA_POWER_Blended
MH_DEC_12,Pune_Shivajinagar,Pune,18.531,73.855,560,Deccan_Plateau,2023-09-02,17.73,26.6,21.8,24.2,92.0,IMD_AWS_NASA_POWER_Blended
MH_DEC_12,Pune_Shivajinagar,Pune,18.531,73.855,560,Deccan_Plateau,2023-09-03,3.86,27.3,21.1,24.2,90.0,IMD_AWS_NASA_POWER_Blended
MH_DEC_12,Pune_Shivajinagar,Pune,18.531,73.855,560,Deccan_Plateau,2023-09-04,2.43,27.4,20.9,24.1,89.4,IMD_AWS_NASA_POWER_Blended
MH_DEC_12,Pune_Shivajinagar,Pune,18.531,73.855,560,Deccan_Plateau,2023-09-05,0.35,27.5,19.4,23.4,88.5,IMD_AWS_NASA_POWER_Blended
MH_DEC_12,Pune_Shivajinagar,Pune,18.531,73.855,560,Deccan_Plateau,2023-09-06,3.73,27.4,20.3,23.8,89.9,IMD_AWS_NASA_POWER_Blended
MH_DEC_12,Pune_Shivajinagar,Pune,18.531,73.855,560,Deccan_Plateau,2023-09-07,38.47,24.4,21.7,23.0,93.7,IMD_AWS_NASA_POWER_Blended
MH_DEC_12,Pune_Shivajinagar,Pune,18.531,73.855,560,Deccan_Plateau,2023-09-08,46.07,24.6,22.1,23.4,95.5,IMD_AWS_NASA_POWER_Blended
MH_DEC_12,Pune_Shivajinagar,Pune,18.531,73.855,560,Deccan_Plateau,2023-09-09,16.04,26.9,22.8,24.8,92.5,IMD_AWS_NASA_POWER_Blended
MH_DEC_12,Pune_Shivajinagar,Pune,18.531,73.855,560,Deccan_Plateau,2023-09-10,7.67,27.2,22.3,24.7,90.9,IMD_AWS_NASA_POWER_Blended
MH_DEC_12,Pune_Shivajinagar,Pune,18.531,73.855,560,Deccan_Plateau,2023-09-11,4.07,27.9,21.7,24.8,90.4,IMD_AWS_NASA_POWER_Blended
MH_DEC_12,Pune_Shivajinagar,Pune,18.531,73.855,560,Deccan_Plateau,2023-09-12,1.52,27.1,20.7,23.9,90.6,IMD_AWS_NASA_POWER_Blended
MH_DEC_12,Pune_Shivajinagar,Pune,18.531,73.855,560,Deccan_Plateau,2023-09-13,3.62,26.5,20.6,23.6,90.9,IMD_AWS_NASA_POWER_Blended
MH_DEC_12,Pune_Shivajinagar,Pune,18.531,73.855,560,Deccan_Plateau,2023-09-14,3.62,26.6,20.4,23.5,90.2,IMD_AWS_NASA_POWER_Blended
MH_DEC_12,Pune_Shivajinagar,Pune,18.531,73.855,560,Deccan_Plateau,2023-09-15,1.66,25.6,20.4,23.0,91.9,IMD_AWS_NASA_POWER_Blended
MH_DEC_12,Pune_Shivajinagar,Pune,18.531,73.855,560,Deccan_Plateau,2023-09-16,4.85,25.4,22.0,23.7,92.9,IMD_AWS_NASA_POWER_Blended
MH_DEC_12,Pune_Shivajinagar,Pune,18.531,73.855,560,Deccan_Plateau,2023-09-17,5.88,27.2,22.1,24.7,90.6,IMD_AWS_NASA_POWER_Blended
MH_DEC_12,Pune_Shivajinagar,Pune,18.531,73.855,560,Deccan_Plateau,2023-09-18,12.01,27.7,22.0,24.9,90.3,IMD_AWS_NASA_POWER_Blended
MH_DEC_12,Pune_Shivajinagar,Pune,18.531,73.855,560,Deccan_Plateau,2023-09-19,10.48,27.4,22.0,24.7,90.5,IMD_AWS_NASA_POWER_Blended
MH_DEC_12,Pune_Shivajinagar,Pune,18.531,73.855,560,Deccan_Plateau,2023-09-20,14.18,28.0,21.6,24.8,91.0,IMD_AWS_NASA_POWER_Blended
MH_DEC_12,Pune_Shivajinagar,Pune,18.531,73.855,560,Deccan_Plateau,2023-09-21,23.02,27.7,22.5,25.1,92.8,IMD_AWS_NASA_POWER_Blended
MH_DEC_12,Pune_Shivajinagar,Pune,18.531,73.855,560,Deccan_Plateau,2023-09-22,15.92,26.5,21.8,24.1,91.8,IMD_AWS_NASA_POWER_Blended
MH_DEC_12,Pune_Shivajinagar,Pune,18.531,73.855,560,Deccan_Plateau,2023-09-23,29.98,26.6,21.6,24.1,93.1,IMD_AWS_NASA_POWER_Blended
MH_DEC_12,Pune_Shivajinagar,Pune,18.531,73.855,560,Deccan_Plateau,2023-09-24,7.92,26.5,20.8,23.6,91.3,IMD_AWS_NASA_POWER_Blended
MH_DEC_12,Pune_Shivajinagar,Pune,18.531,73.855,560,Deccan_Plateau,2023-09-25,7.28,27.4,19.7,23.6,90.7,IMD_AWS_NASA_POWER_Blended
MH_DEC_12,Pune_Shivajinagar,Pune,18.531,73.855,560,Deccan_Plateau,2023-09-26,22.38,27.3,21.4,24.4,91.7,IMD_AWS_NASA_POWER_Blended
MH_DEC_12,Pune_Shivajinagar,Pune,18.531,73.855,560,Deccan_Plateau,2023-09-27,20.12,27.3,22.2,24.7,91.4,IMD_AWS_NASA_POWER_Blended
MH_DEC_12,Pune_Shivajinagar,Pune,18.531,73.855,560,Deccan_Plateau,2023-09-28,16.02,28.1,22.0,25.1,90.1,IMD_AWS_NASA_POWER_Blended
MH_DEC_12,Pune_Shivajinagar,Pune,18.531,73.855,560,Deccan_Plateau,2023-09-29,14.33,27.9,21.7,24.8,90.3,IMD_AWS_NASA_POWER_Blended
MH_DEC_12,Pune_Shivajinagar,Pune,18.531,73.855,560,Deccan_Plateau,2023-09-30,12.5,28.5,21.9,25.2,89.1,IMD_AWS_NASA_POWER_Blended
MH_DEC_12,Pune_Shivajinagar,Pune,18.531,73.855,560,Deccan_Plateau,2023-10-01,25.36,26.5,21.2,23.9,92.8,IMD_AWS_NASA_POWER_Blended
MH_DEC_12,Pune_Shivajinagar,Pune,18.531,73.855,560,Deccan_Plateau,2023-10-02,8.84,25.2,20.6,22.9,92.2,IMD_AWS_NASA_POWER_Blended
MH_DEC_12,Pune_Shivajinagar,Pune,18.531,73.855,560,Deccan_Plateau,2023-10-03,0.12,27.6,20.5,24.0,88.5,IMD_AWS_NASA_POWER_Blended
MH_DEC_12,Pune_Shivajinagar,Pune,18.531,73.855,560,Deccan_Plateau,2023-10-04,0.0,28.2,20.4,24.3,88.0,IMD_AWS_NASA_POWER_Blended
MH_DEC_12,Pune_Shivajinagar,Pune,18.531,73.855,560,Deccan_Plateau,2023-10-05,0.0,27.6,19.2,23.4,85.9,IMD_AWS_NASA_POWER_Blended
MH_DEC_12,Pune_Shivajinagar,Pune,18.531,73.855,560,Deccan_Plateau,2023-10-06,0.0,28.7,19.4,24.1,85.2,IMD_AWS_NASA_POWER_Blended
MH_DEC_12,Pune_Shivajinagar,Pune,18.531,73.855,560,Deccan_Plateau,2023-10-07,0.0,29.8,20.0,24.9,83.7,IMD_AWS_NASA_POWER_Blended
MH_DEC_12,Pune_Shivajinagar,Pune,18.531,73.855,560,Deccan_Plateau,2023-10-08,0.0,30.1,19.2,24.6,81.9,IMD_AWS_NASA_POWER_Blended
MH_DEC_12,Pune_Shivajinagar,Pune,18.531,73.855,560,Deccan_Plateau,2023-10-09,0.0,29.8,19.0,24.4,81.8,IMD_AWS_NASA_POWER_Blended
MH_DEC_12,Pune_Shivajinagar,Pune,18.531,73.855,560,Deccan_Plateau,2023-10-10,0.0,29.1,19.1,24.1,83.3,IMD_AWS_NASA_POWER_Blended
MH_DEC_12,Pune_Shivajinagar,Pune,18.531,73.855,560,Deccan_Plateau,2023-10-11,0.0,29.1,19.3,24.2,84.1,IMD_AWS_NASA_POWER_Blended
MH_DEC_12,Pune_Shivajinagar,Pune,18.531,73.855,560,Deccan_Plateau,2023-10-12,0.0,29.7,19.3,24.5,78.8,IMD_AWS_NASA_POWER_Blended
MH_DEC_12,Pune_Shivajinagar,Pune,18.531,73.855,560,Deccan_Plateau,2023-10-13,0.0,29.8,19.2,24.5,75.4,IMD_AWS_NASA_POWER_Blended
MH_DEC_12,Pune_Shivajinagar,Pune,18.531,73.855,560,Deccan_Plateau,2023-10-14,0.0,29.6,18.6,24.1,74.3,IMD_AWS_NASA_POWER_Blended
MH_DEC_12,Pune_Shivajinagar,Pune,18.531,73.855,560,Deccan_Plateau,2023-10-15,0.05,29.1,19.4,24.2,79.3,IMD_AWS_NASA_POWER_Blended
MH_DEC_12,Pune_Shivajinagar,Pune,18.531,73.855,560,Deccan_Plateau,2023-10-16,0.07,28.9,19.7,24.3,77.5,IMD_AWS_NASA_POWER_Blended
MH_DEC_12,Pune_Shivajinagar,Pune,18.531,73.855,560,Deccan_Plateau,2023-10-17,0.93,29.1,19.5,24.3,79.1,IMD_AWS_NASA_POWER_Blended
MH_DEC_12,Pune_Shivajinagar,Pune,18.531,73.855,560,Deccan_Plateau,2023-10-18,0.15,29.2,19.4,24.3,80.5,IMD_AWS_NASA_POWER_Blended
MH_DEC_12,Pune_Shivajinagar,Pune,18.531,73.855,560,Deccan_Plateau,2023-10-19,0.12,29.1,19.5,24.3,76.2,IMD_AWS_NASA_POWER_Blended
MH_DEC_12,Pune_Shivajinagar,Pune,18.531,73.855,560,Deccan_Plateau,2023-10-20,0.12,28.5,20.1,24.3,79.2,IMD_AWS_NASA_POWER_Blended
MH_DEC_12,Pune_Shivajinagar,Pune,18.531,73.855,560,Deccan_Plateau,2023-10-21,0.02,28.3,20.4,24.3,81.1,IMD_AWS_NASA_POWER_Blended
MH_DEC_12,Pune_Shivajinagar,Pune,18.531,73.855,560,Deccan_Plateau,2023-10-22,0.0,28.8,19.2,24.0,79.6,IMD_AWS_NASA_POWER_Blended
MH_DEC_12,Pune_Shivajinagar,Pune,18.531,73.855,560,Deccan_Plateau,2023-10-23,0.0,28.8,17.8,23.3,76.3,IMD_AWS_NASA_POWER_Blended
MH_DEC_12,Pune_Shivajinagar,Pune,18.531,73.855,560,Deccan_Plateau,2023-10-24,0.0,28.6,18.1,23.3,78.0,IMD_AWS_NASA_POWER_Blended
MH_DEC_12,Pune_Shivajinagar,Pune,18.531,73.855,560,Deccan_Plateau,2023-10-25,0.0,28.5,17.3,22.9,74.3,IMD_AWS_NASA_POWER_Blended
MH_DEC_12,Pune_Shivajinagar,Pune,18.531,73.855,560,Deccan_Plateau,2023-10-26,0.0,27.4,16.3,21.8,69.4,IMD_AWS_NASA_POWER_Blended
MH_DEC_12,Pune_Shivajinagar,Pune,18.531,73.855,560,Deccan_Plateau,2023-10-27,0.0,27.3,14.7,21.0,66.7,IMD_AWS_NASA_POWER_Blended
MH_DEC_12,Pune_Shivajinagar,Pune,18.531,73.855,560,Deccan_Plateau,2023-10-28,0.0,28.0,14.9,21.5,69.6,IMD_AWS_NASA_POWER_Blended
MH_DEC_12,Pune_Shivajinagar,Pune,18.531,73.855,560,Deccan_Plateau,2023-10-29,0.0,28.7,14.6,21.7,69.0,IMD_AWS_NASA_POWER_Blended
MH_DEC_12,Pune_Shivajinagar,Pune,18.531,73.855,560,Deccan_Plateau,2023-10-30,0.0,28.2,15.1,21.6,70.2,IMD_AWS_NASA_POWER_Blended
MH_DEC_12,Pune_Shivajinagar,Pune,18.531,73.855,560,Deccan_Plateau,2023-10-31,0.0,27.8,14.8,21.3,72.5,IMD_AWS_NASA_POWER_Blended
MH_DEC_13,Baramati,Pune,18.152,74.577,538,Deccan_Plateau,2023-06-01,1.34,38.5,24.8,31.7,42.8,IMD_AWS_NASA_POWER_Blended
MH_DEC_13,Baramati,Pune,18.152,74.577,538,Deccan_Plateau,2023-06-02,1.49,37.5,23.2,30.4,51.0,IMD_AWS_NASA_POWER_Blended
MH_DEC_13,Baramati,Pune,18.152,74.577,538,Deccan_Plateau,2023-06-03,0.0,37.5,21.8,29.7,55.2,IMD_AWS_NASA_POWER_Blended
MH_DEC_13,Baramati,Pune,18.152,74.577,538,Deccan_Plateau,2023-06-04,1.43,36.3,24.0,30.2,58.5,IMD_AWS_NASA_POWER_Blended
MH_DEC_13,Baramati,Pune,18.152,74.577,538,Deccan_Plateau,2023-06-05,3.2,35.7,23.4,29.5,60.1,IMD_AWS_NASA_POWER_Blended
MH_DEC_13,Baramati,Pune,18.152,74.577,538,Deccan_Plateau,2023-06-06,0.0,37.9,22.6,30.2,56.1,IMD_AWS_NASA_POWER_Blended
MH_DEC_13,Baramati,Pune,18.152,74.577,538,Deccan_Plateau,2023-06-07,0.0,38.1,23.9,31.0,54.8,IMD_AWS_NASA_POWER_Blended
MH_DEC_13,Baramati,Pune,18.152,74.577,538,Deccan_Plateau,2023-06-08,2.8,37.8,24.2,31.0,57.7,IMD_AWS_NASA_POWER_Blended
MH_DEC_13,Baramati,Pune,18.152,74.577,538,Deccan_Plateau,2023-06-09,4.85,34.8,23.9,29.4,65.0,IMD_AWS_NASA_POWER_Blended
MH_DEC_13,Baramati,Pune,18.152,74.577,538,Deccan_Plateau,2023-06-10,0.77,34.0,24.0,29.0,66.2,IMD_AWS_NASA_POWER_Blended
MH_DEC_13,Baramati,Pune,18.152,74.577,538,Deccan_Plateau,2023-06-11,0.05,34.9,23.8,29.3,62.5,IMD_AWS_NASA_POWER_Blended
MH_DEC_13,Baramati,Pune,18.152,74.577,538,Deccan_Plateau,2023-06-12,0.37,35.3,23.2,29.2,61.5,IMD_AWS_NASA_POWER_Blended
MH_DEC_13,Baramati,Pune,18.152,74.577,538,Deccan_Plateau,2023-06-13,0.67,35.0,23.3,29.2,65.0,IMD_AWS_NASA_POWER_Blended
MH_DEC_13,Baramati,Pune,18.152,74.577,538,Deccan_Plateau,2023-06-14,1.86,34.4,23.0,28.7,66.4,IMD_AWS_NASA_POWER_Blended
MH_DEC_13,Baramati,Pune,18.152,74.577,538,Deccan_Plateau,2023-06-15,0.45,34.8,23.1,29.0,66.2,IMD_AWS_NASA_POWER_Blended
MH_DEC_13,Baramati,Pune,18.152,74.577,538,Deccan_Plateau,2023-06-16,0.37,34.9,23.4,29.2,66.8,IMD_AWS_NASA_POWER_Blended
MH_DEC_13,Baramati,Pune,18.152,74.577,538,Deccan_Plateau,2023-06-17,0.31,34.3,23.9,29.1,68.0,IMD_AWS_NASA_POWER_Blended
MH_DEC_13,Baramati,Pune,18.152,74.577,538,Deccan_Plateau,2023-06-18,0.17,34.9,23.4,29.1,65.5,IMD_AWS_NASA_POWER_Blended
MH_DEC_13,Baramati,Pune,18.152,74.577,538,Deccan_Plateau,2023-06-19,0.03,35.5,23.8,29.6,63.3,IMD_AWS_NASA_POWER_Blended
MH_DEC_13,Baramati,Pune,18.152,74.577,538,Deccan_Plateau,2023-06-20,0.0,36.4,23.4,29.9,63.5,IMD_AWS_NASA_POWER_Blended
MH_DEC_13,Baramati,Pune,18.152,74.577,538,Deccan_Plateau,2023-06-21,0.01,33.6,24.3,28.9,64.8,IMD_AWS_NASA_POWER_Blended
MH_DEC_13,Baramati,Pune,18.152,74.577,538,Deccan_Plateau,2023-06-22,0.31,35.3,23.7,29.5,61.9,IMD_AWS_NASA_POWER_Blended
MH_DEC_13,Baramati,Pune,18.152,74.577,538,Deccan_Plateau,2023-06-23,0.43,33.0,23.5,28.2,65.8,IMD_AWS_NASA_POWER_Blended
MH_DEC_13,Baramati,Pune,18.152,74.577,538,Deccan_Plateau,2023-06-24,21.16,31.8,22.7,27.2,74.1,IMD_AWS_NASA_POWER_Blended
MH_DEC_13,Baramati,Pune,18.152,74.577,538,Deccan_Plateau,2023-06-25,9.4,31.1,21.8,26.5,72.3,IMD_AWS_NASA_POWER_Blended
MH_DEC_13,Baramati,Pune,18.152,74.577,538,Deccan_Plateau,2023-06-26,11.3,29.2,21.8,25.5,77.5,IMD_AWS_NASA_POWER_Blended
MH_DEC_13,Baramati,Pune,18.152,74.577,538,Deccan_Plateau,2023-06-27,11.82,26.9,21.3,24.1,80.9,IMD_AWS_NASA_POWER_Blended
MH_DEC_13,Baramati,Pune,18.152,74.577,538,Deccan_Plateau,2023-06-28,8.47,28.7,21.2,24.9,81.7,IMD_AWS_NASA_POWER_Blended
MH_DEC_13,Baramati,Pune,18.152,74.577,538,Deccan_Plateau,2023-06-29,6.3,29.5,20.9,25.2,75.4,IMD_AWS_NASA_POWER_Blended
MH_DEC_13,Baramati,Pune,18.152,74.577,538,Deccan_Plateau,2023-06-30,19.24,28.4,21.2,24.8,81.1,IMD_AWS_NASA_POWER_Blended
MH_DEC_13,Baramati,Pune,18.152,74.577,538,Deccan_Plateau,2023-07-01,8.3,27.2,21.9,24.6,81.4,IMD_AWS_NASA_POWER_Blended
MH_DEC_13,Baramati,Pune,18.152,74.577,538,Deccan_Plateau,2023-07-02,7.5,29.9,22.2,26.0,81.4,IMD_AWS_NASA_POWER_Blended
MH_DEC_13,Baramati,Pune,18.152,74.577,538,Deccan_Plateau,2023-07-03,11.8,28.8,23.2,26.0,84.4,IMD_AWS_NASA_POWER_Blended
MH_DEC_13,Baramati,Pune,18.152,74.577,538,Deccan_Plateau,2023-07-04,4.86,29.8,23.0,26.4,84.5,IMD_AWS_NASA_POWER_Blended
MH_DEC_13,Baramati,Pune,18.152,74.577,538,Deccan_Plateau,2023-07-05,4.9,30.1,22.2,26.1,83.5,IMD_AWS_NASA_POWER_Blended
MH_DEC_13,Baramati,Pune,18.152,74.577,538,Deccan_Plateau,2023-07-06,11.27,27.6,22.0,24.8,85.1,IMD_AWS_NASA_POWER_Blended
MH_DEC_13,Baramati,Pune,18.152,74.577,538,Deccan_Plateau,2023-07-07,11.97,28.7,22.6,25.6,82.1,IMD_AWS_NASA_POWER_Blended
MH_DEC_13,Baramati,Pune,18.152,74.577,538,Deccan_Plateau,2023-07-08,6.8,29.4,22.0,25.7,80.1,IMD_AWS_NASA_POWER_Blended
MH_DEC_13,Baramati,Pune,18.152,74.577,538,Deccan_Plateau,2023-07-09,2.14,28.2,22.0,25.1,82.7,IMD_AWS_NASA_POWER_Blended
MH_DEC_13,Baramati,Pune,18.152,74.577,538,Deccan_Plateau,2023-07-10,1.73,30.3,21.9,26.1,79.5,IMD_AWS_NASA_POWER_Blended
MH_DEC_13,Baramati,Pune,18.152,74.577,538,Deccan_Plateau,2023-07-11,0.97,29.4,21.7,25.6,80.3,IMD_AWS_NASA_POWER_Blended
MH_DEC_13,Baramati,Pune,18.152,74.577,538,Deccan_Plateau,2023-07-12,1.85,29.0,22.2,25.6,80.5,IMD_AWS_NASA_POWER_Blended
MH_DEC_13,Baramati,Pune,18.152,74.577,538,Deccan_Plateau,2023-07-13,2.8,28.1,21.4,24.7,80.0,IMD_AWS_NASA_POWER_Blended
MH_DEC_13,Baramati,Pune,18.152,74.577,538,Deccan_Plateau,2023-07-14,3.8,29.2,22.3,25.7,79.4,IMD_AWS_NASA_POWER_Blended
MH_DEC_13,Baramati,Pune,18.152,74.577,538,Deccan_Plateau,2023-07-15,2.67,29.3,21.7,25.5,80.1,IMD_AWS_NASA_POWER_Blended
MH_DEC_13,Baramati,Pune,18.152,74.577,538,Deccan_Plateau,2023-07-16,4.55,28.0,22.6,25.3,83.8,IMD_AWS_NASA_POWER_Blended
MH_DEC_13,Baramati,Pune,18.152,74.577,538,Deccan_Plateau,2023-07-17,8.42,27.2,22.5,24.8,84.6,IMD_AWS_NASA_POWER_Blended
MH_DEC_13,Baramati,Pune,18.152,74.577,538,Deccan_Plateau,2023-07-18,23.97,28.0,22.7,25.3,85.5,IMD_AWS_NASA_POWER_Blended
MH_DEC_13,Baramati,Pune,18.152,74.577,538,Deccan_Plateau,2023-07-19,28.33,27.5,22.2,24.8,86.0,IMD_AWS_NASA_POWER_Blended
MH_DEC_13,Baramati,Pune,18.152,74.577,538,Deccan_Plateau,2023-07-20,16.07,25.7,21.6,23.6,88.2,IMD_AWS_NASA_POWER_Blended
MH_DEC_13,Baramati,Pune,18.152,74.577,538,Deccan_Plateau,2023-07-21,13.41,25.3,20.6,22.9,87.0,IMD_AWS_NASA_POWER_Blended
MH_DEC_13,Baramati,Pune,18.152,74.577,538,Deccan_Plateau,2023-07-22,13.79,27.1,21.5,24.3,87.4,IMD_AWS_NASA_POWER_Blended
MH_DEC_13,Baramati,Pune,18.152,74.577,538,Deccan_Plateau,2023-07-23,15.73,28.3,21.3,24.8,84.7,IMD_AWS_NASA_POWER_Blended
MH_DEC_13,Baramati,Pune,18.152,74.577,538,Deccan_Plateau,2023-07-24,17.07,28.1,22.4,25.3,85.6,IMD_AWS_NASA_POWER_Blended
MH_DEC_13,Baramati,Pune,18.152,74.577,538,Deccan_Plateau,2023-07-25,22.25,26.0,22.2,24.1,89.2,IMD_AWS_NASA_POWER_Blended
MH_DEC_13,Baramati,Pune,18.152,74.577,538,Deccan_Plateau,2023-07-26,20.15,26.5,22.2,24.4,89.3,IMD_AWS_NASA_POWER_Blended
MH_DEC_13,Baramati,Pune,18.152,74.577,538,Deccan_Plateau,2023-07-27,20.19,25.9,22.1,24.0,90.0,IMD_AWS_NASA_POWER_Blended
MH_DEC_13,Baramati,Pune,18.152,74.577,538,Deccan_Plateau,2023-07-28,10.13,27.6,21.8,24.7,86.2,IMD_AWS_NASA_POWER_Blended
MH_DEC_13,Baramati,Pune,18.152,74.577,538,Deccan_Plateau,2023-07-29,6.47,28.5,21.3,24.9,84.7,IMD_AWS_NASA_POWER_Blended
MH_DEC_13,Baramati,Pune,18.152,74.577,538,Deccan_Plateau,2023-07-30,6.74,28.0,21.7,24.9,85.8,IMD_AWS_NASA_POWER_Blended
MH_DEC_13,Baramati,Pune,18.152,74.577,538,Deccan_Plateau,2023-07-31,9.31,28.3,22.1,25.2,85.8,IMD_AWS_NASA_POWER_Blended
MH_DEC_13,Baramati,Pune,18.152,74.577,538,Deccan_Plateau,2023-08-01,8.63,28.2,22.1,25.1,86.1,IMD_AWS_NASA_POWER_Blended
MH_DEC_13,Baramati,Pune,18.152,74.577,538,Deccan_Plateau,2023-08-02,2.07,27.7,21.6,24.7,86.3,IMD_AWS_NASA_POWER_Blended
MH_DEC_13,Baramati,Pune,18.152,74.577,538,Deccan_Plateau,2023-08-03,2.84,27.1,21.4,24.2,86.4,IMD_AWS_NASA_POWER_Blended
MH_DEC_13,Baramati,Pune,18.152,74.577,538,Deccan_Plateau,2023-08-04,4.95,28.3,21.6,24.9,84.8,IMD_AWS_NASA_POWER_Blended
MH_DEC_13,Baramati,Pune,18.152,74.577,538,Deccan_Plateau,2023-08-05,3.84,28.2,21.3,24.7,84.9,IMD_AWS_NASA_POWER_Blended
MH_DEC_13,Baramati,Pune,18.152,74.577,538,Deccan_Plateau,2023-08-06,3.2,29.0,21.2,25.1,83.5,IMD_AWS_NASA_POWER_Blended
MH_DEC_13,Baramati,Pune,18.152,74.577,538,Deccan_Plateau,2023-08-07,1.47,28.6,21.5,25.0,83.9,IMD_AWS_NASA_POWER_Blended
MH_DEC_13,Baramati,Pune,18.152,74.577,538,Deccan_Plateau,2023-08-08,1.85,28.0,21.3,24.7,84.0,IMD_AWS_NASA_POWER_Blended
MH_DEC_13,Baramati,Pune,18.152,74.577,538,Deccan_Plateau,2023-08-09,2.57,28.7,21.0,24.9,84.4,IMD_AWS_NASA_POWER_Blended
MH_DEC_13,Baramati,Pune,18.152,74.577,538,Deccan_Plateau,2023-08-10,1.71,29.2,21.2,25.2,83.8,IMD_AWS_NASA_POWER_Blended
MH_DEC_13,Baramati,Pune,18.152,74.577,538,Deccan_Plateau,2023-08-11,1.2,29.6,20.7,25.1,82.3,IMD_AWS_NASA_POWER_Blended
MH_DEC_13,Baramati,Pune,18.152,74.577,538,Deccan_Plateau,2023-08-12,1.8,29.2,20.6,24.9,82.0,IMD_AWS_NASA_POWER_Blended
MH_DEC_13,Baramati,Pune,18.152,74.577,538,Deccan_Plateau,2023-08-13,2.81,27.7,21.0,24.3,84.6,IMD_AWS_NASA_POWER_Blended
MH_DEC_13,Baramati,Pune,18.152,74.577,538,Deccan_Plateau,2023-08-14,1.74,28.8,20.8,24.8,82.2,IMD_AWS_NASA_POWER_Blended
MH_DEC_13,Baramati,Pune,18.152,74.577,538,Deccan_Plateau,2023-08-15,1.86,27.0,20.7,23.9,84.6,IMD_AWS_NASA_POWER_Blended
MH_DEC_13,Baramati,Pune,18.152,74.577,538,Deccan_Plateau,2023-08-16,1.63,29.5,19.9,24.7,82.0,IMD_AWS_NASA_POWER_Blended
MH_DEC_13,Baramati,Pune,18.152,74.577,538,Deccan_Plateau,2023-08-17,2.68,29.4,20.8,25.1,81.5,IMD_AWS_NASA_POWER_Blended
MH_DEC_13,Baramati,Pune,18.152,74.577,538,Deccan_Plateau,2023-08-18,1.84,26.8,21.1,24.0,86.0,IMD_AWS_NASA_POWER_Blended
MH_DEC_13,Baramati,Pune,18.152,74.577,538,Deccan_Plateau,2023-08-19,4.41,27.5,21.4,24.4,86.0,IMD_AWS_NASA_POWER_Blended
MH_DEC_13,Baramati,Pune,18.152,74.577,538,Deccan_Plateau,2023-08-20,3.62,28.9,21.4,25.1,82.5,IMD_AWS_NASA_POWER_Blended
MH_DEC_13,Baramati,Pune,18.152,74.577,538,Deccan_Plateau,2023-08-21,1.89,29.3,20.5,24.9,81.5,IMD_AWS_NASA_POWER_Blended
MH_DEC_13,Baramati,Pune,18.152,74.577,538,Deccan_Plateau,2023-08-22,1.52,29.2,20.4,24.8,82.6,IMD_AWS_NASA_POWER_Blended
MH_DEC_13,Baramati,Pune,18.152,74.577,538,Deccan_Plateau,2023-08-23,0.85,27.5,20.9,24.2,84.3,IMD_AWS_NASA_POWER_Blended
MH_DEC_13,Baramati,Pune,18.152,74.577,538,Deccan_Plateau,2023-08-24,3.64,29.2,20.7,25.0,82.1,IMD_AWS_NASA_POWER_Blended
MH_DEC_13,Baramati,Pune,18.152,74.577,538,Deccan_Plateau,2023-08-25,4.94,28.9,21.4,25.1,83.9,IMD_AWS_NASA_POWER_Blended
MH_DEC_13,Baramati,Pune,18.152,74.577,538,Deccan_Plateau,2023-08-26,4.11,29.3,21.6,25.5,82.9,IMD_AWS_NASA_POWER_Blended
MH_DEC_13,Baramati,Pune,18.152,74.577,538,Deccan_Plateau,2023-08-27,3.58,29.6,21.2,25.4,82.5,IMD_AWS_NASA_POWER_Blended
MH_DEC_13,Baramati,Pune,18.152,74.577,538,Deccan_Plateau,2023-08-28,5.17,29.5,21.3,25.4,82.4,IMD_AWS_NASA_POWER_Blended
MH_DEC_13,Baramati,Pune,18.152,74.577,538,Deccan_Plateau,2023-08-29,3.19,29.8,20.8,25.3,81.3,IMD_AWS_NASA_POWER_Blended
MH_DEC_13,Baramati,Pune,18.152,74.577,538,Deccan_Plateau,2023-08-30,0.66,30.4,20.4,25.4,79.4,IMD_AWS_NASA_POWER_Blended
MH_DEC_13,Baramati,Pune,18.152,74.577,538,Deccan_Plateau,2023-08-31,1.95,29.7,21.0,25.3,80.8,IMD_AWS_NASA_POWER_Blended
MH_DEC_13,Baramati,Pune,18.152,74.577,538,Deccan_Plateau,2023-09-01,7.27,32.0,21.5,26.7,79.3,IMD_AWS_NASA_POWER_Blended
MH_DEC_13,Baramati,Pune,18.152,74.577,538,Deccan_Plateau,2023-09-02,8.71,28.9,22.1,25.5,85.2,IMD_AWS_NASA_POWER_Blended
MH_DEC_13,Baramati,Pune,18.152,74.577,538,Deccan_Plateau,2023-09-03,6.08,28.6,21.5,25.1,85.8,IMD_AWS_NASA_POWER_Blended
MH_DEC_13,Baramati,Pune,18.152,74.577,538,Deccan_Plateau,2023-09-04,4.38,28.6,21.4,25.0,83.7,IMD_AWS_NASA_POWER_Blended
MH_DEC_13,Baramati,Pune,18.152,74.577,538,Deccan_Plateau,2023-09-05,0.1,29.4,20.4,24.9,79.0,IMD_AWS_NASA_POWER_Blended
MH_DEC_13,Baramati,Pune,18.152,74.577,538,Deccan_Plateau,2023-09-06,1.13,28.4,20.6,24.5,82.7,IMD_AWS_NASA_POWER_Blended
MH_DEC_13,Baramati,Pune,18.152,74.577,538,Deccan_Plateau,2023-09-07,8.55,26.5,21.1,23.8,86.5,IMD_AWS_NASA_POWER_Blended
MH_DEC_13,Baramati,Pune,18.152,74.577,538,Deccan_Plateau,2023-09-08,15.21,26.5,21.7,24.1,89.4,IMD_AWS_NASA_POWER_Blended
MH_DEC_13,Baramati,Pune,18.152,74.577,538,Deccan_Plateau,2023-09-09,9.35,29.2,22.2,25.7,85.4,IMD_AWS_NASA_POWER_Blended
MH_DEC_13,Baramati,Pune,18.152,74.577,538,Deccan_Plateau,2023-09-10,3.8,28.9,22.4,25.7,84.3,IMD_AWS_NASA_POWER_Blended
MH_DEC_13,Baramati,Pune,18.152,74.577,538,Deccan_Plateau,2023-09-11,2.2,30.4,21.6,26.0,82.7,IMD_AWS_NASA_POWER_Blended
MH_DEC_13,Baramati,Pune,18.152,74.577,538,Deccan_Plateau,2023-09-12,0.75,29.7,20.6,25.2,81.7,IMD_AWS_NASA_POWER_Blended
MH_DEC_13,Baramati,Pune,18.152,74.577,538,Deccan_Plateau,2023-09-13,1.17,28.9,20.9,24.9,82.6,IMD_AWS_NASA_POWER_Blended
MH_DEC_13,Baramati,Pune,18.152,74.577,538,Deccan_Plateau,2023-09-14,0.93,28.2,20.6,24.4,83.4,IMD_AWS_NASA_POWER_Blended
MH_DEC_13,Baramati,Pune,18.152,74.577,538,Deccan_Plateau,2023-09-15,0.81,27.3,19.9,23.6,85.5,IMD_AWS_NASA_POWER_Blended
MH_DEC_13,Baramati,Pune,18.152,74.577,538,Deccan_Plateau,2023-09-16,0.97,27.6,21.7,24.7,85.5,IMD_AWS_NASA_POWER_Blended
MH_DEC_13,Baramati,Pune,18.152,74.577,538,Deccan_Plateau,2023-09-17,1.49,28.9,21.9,25.4,84.1,IMD_AWS_NASA_POWER_Blended
MH_DEC_13,Baramati,Pune,18.152,74.577,538,Deccan_Plateau,2023-09-18,5.46,29.5,21.4,25.5,83.8,IMD_AWS_NASA_POWER_Blended
MH_DEC_13,Baramati,Pune,18.152,74.577,538,Deccan_Plateau,2023-09-19,4.24,29.6,21.4,25.5,83.4,IMD_AWS_NASA_POWER_Blended
MH_DEC_13,Baramati,Pune,18.152,74.577,538,Deccan_Plateau,2023-09-20,5.53,29.8,21.3,25.5,83.2,IMD_AWS_NASA_POWER_Blended
MH_DEC_13,Baramati,Pune,18.152,74.577,538,Deccan_Plateau,2023-09-21,8.62,29.4,22.2,25.8,86.5,IMD_AWS_NASA_POWER_Blended
MH_DEC_13,Baramati,Pune,18.152,74.577,538,Deccan_Plateau,2023-09-22,12.84,26.9,21.6,24.3,87.3,IMD_AWS_NASA_POWER_Blended
MH_DEC_13,Baramati,Pune,18.152,74.577,538,Deccan_Plateau,2023-09-23,16.67,28.3,21.0,24.6,87.1,IMD_AWS_NASA_POWER_Blended
MH_DEC_13,Baramati,Pune,18.152,74.577,538,Deccan_Plateau,2023-09-24,3.87,28.1,21.0,24.5,86.5,IMD_AWS_NASA_POWER_Blended
MH_DEC_13,Baramati,Pune,18.152,74.577,538,Deccan_Plateau,2023-09-25,3.72,29.6,19.7,24.7,83.3,IMD_AWS_NASA_POWER_Blended
MH_DEC_13,Baramati,Pune,18.152,74.577,538,Deccan_Plateau,2023-09-26,16.36,29.3,21.7,25.5,85.4,IMD_AWS_NASA_POWER_Blended
MH_DEC_13,Baramati,Pune,18.152,74.577,538,Deccan_Plateau,2023-09-27,12.68,27.3,22.3,24.8,88.5,IMD_AWS_NASA_POWER_Blended
MH_DEC_13,Baramati,Pune,18.152,74.577,538,Deccan_Plateau,2023-09-28,20.75,29.4,21.1,25.2,84.8,IMD_AWS_NASA_POWER_Blended
MH_DEC_13,Baramati,Pune,18.152,74.577,538,Deccan_Plateau,2023-09-29,9.88,29.0,22.2,25.6,87.1,IMD_AWS_NASA_POWER_Blended
MH_DEC_13,Baramati,Pune,18.152,74.577,538,Deccan_Plateau,2023-09-30,6.32,29.7,21.0,25.4,84.5,IMD_AWS_NASA_POWER_Blended
MH_DEC_13,Baramati,Pune,18.152,74.577,538,Deccan_Plateau,2023-10-01,23.76,26.9,21.4,24.2,90.3,IMD_AWS_NASA_POWER_Blended
MH_DEC_13,Baramati,Pune,18.152,74.577,538,Deccan_Plateau,2023-10-02,9.58,26.4,20.0,23.2,87.7,IMD_AWS_NASA_POWER_Blended
MH_DEC_13,Baramati,Pune,18.152,74.577,538,Deccan_Plateau,2023-10-03,0.21,29.5,20.6,25.0,81.9,IMD_AWS_NASA_POWER_Blended
MH_DEC_13,Baramati,Pune,18.152,74.577,538,Deccan_Plateau,2023-10-04,0.18,30.0,20.4,25.2,81.1,IMD_AWS_NASA_POWER_Blended
MH_DEC_13,Baramati,Pune,18.152,74.577,538,Deccan_Plateau,2023-10-05,0.02,29.4,19.4,24.4,79.6,IMD_AWS_NASA_POWER_Blended
MH_DEC_13,Baramati,Pune,18.152,74.577,538,Deccan_Plateau,2023-10-06,0.0,30.2,19.2,24.7,79.0,IMD_AWS_NASA_POWER_Blended
MH_DEC_13,Baramati,Pune,18.152,74.577,538,Deccan_Plateau,2023-10-07,0.0,31.1,19.4,25.2,76.5,IMD_AWS_NASA_POWER_Blended
MH_DEC_13,Baramati,Pune,18.152,74.577,538,Deccan_Plateau,2023-10-08,0.0,31.3,19.0,25.2,75.7,IMD_AWS_NASA_POWER_Blended
MH_DEC_13,Baramati,Pune,18.152,74.577,538,Deccan_Plateau,2023-10-09,0.0,30.9,19.0,25.0,74.6,IMD_AWS_NASA_POWER_Blended
MH_DEC_13,Baramati,Pune,18.152,74.577,538,Deccan_Plateau,2023-10-10,0.0,30.4,20.3,25.4,78.5,IMD_AWS_NASA_POWER_Blended
MH_DEC_13,Baramati,Pune,18.152,74.577,538,Deccan_Plateau,2023-10-11,0.0,30.5,19.9,25.2,76.7,IMD_AWS_NASA_POWER_Blended
MH_DEC_13,Baramati,Pune,18.152,74.577,538,Deccan_Plateau,2023-10-12,0.0,30.8,19.2,25.0,73.0,IMD_AWS_NASA_POWER_Blended
MH_DEC_13,Baramati,Pune,18.152,74.577,538,Deccan_Plateau,2023-10-13,0.0,31.4,19.1,25.2,69.1,IMD_AWS_NASA_POWER_Blended
MH_DEC_13,Baramati,Pune,18.152,74.577,538,Deccan_Plateau,2023-10-14,0.0,30.7,18.1,24.4,70.2,IMD_AWS_NASA_POWER_Blended
MH_DEC_13,Baramati,Pune,18.152,74.577,538,Deccan_Plateau,2023-10-15,0.02,30.0,20.1,25.1,75.4,IMD_AWS_NASA_POWER_Blended
MH_DEC_13,Baramati,Pune,18.152,74.577,538,Deccan_Plateau,2023-10-16,0.01,30.4,20.0,25.2,72.9,IMD_AWS_NASA_POWER_Blended
MH_DEC_13,Baramati,Pune,18.152,74.577,538,Deccan_Plateau,2023-10-17,0.56,30.6,19.6,25.1,74.8,IMD_AWS_NASA_POWER_Blended
MH_DEC_13,Baramati,Pune,18.152,74.577,538,Deccan_Plateau,2023-10-18,0.11,30.8,19.8,25.3,75.0,IMD_AWS_NASA_POWER_Blended
MH_DEC_13,Baramati,Pune,18.152,74.577,538,Deccan_Plateau,2023-10-19,0.07,30.1,20.6,25.4,74.7,IMD_AWS_NASA_POWER_Blended
MH_DEC_13,Baramati,Pune,18.152,74.577,538,Deccan_Plateau,2023-10-20,0.06,29.7,20.3,25.0,76.0,IMD_AWS_NASA_POWER_Blended
MH_DEC_13,Baramati,Pune,18.152,74.577,538,Deccan_Plateau,2023-10-21,0.0,29.9,20.7,25.3,76.1,IMD_AWS_NASA_POWER_Blended
MH_DEC_13,Baramati,Pune,18.152,74.577,538,Deccan_Plateau,2023-10-22,0.0,30.3,19.7,25.0,72.8,IMD_AWS_NASA_POWER_Blended
MH_DEC_13,Baramati,Pune,18.152,74.577,538,Deccan_Plateau,2023-10-23,0.0,30.5,18.1,24.3,70.6,IMD_AWS_NASA_POWER_Blended
MH_DEC_13,Baramati,Pune,18.152,74.577,538,Deccan_Plateau,2023-10-24,0.0,30.1,18.1,24.1,73.4,IMD_AWS_NASA_POWER_Blended
MH_DEC_13,Baramati,Pune,18.152,74.577,538,Deccan_Plateau,2023-10-25,0.0,30.1,17.3,23.7,68.9,IMD_AWS_NASA_POWER_Blended
MH_DEC_13,Baramati,Pune,18.152,74.577,538,Deccan_Plateau,2023-10-26,0.0,29.4,15.7,22.6,65.7,IMD_AWS_NASA_POWER_Blended
MH_DEC_13,Baramati,Pune,18.152,74.577,538,Deccan_Plateau,2023-10-27,0.0,29.2,14.6,21.9,62.4,IMD_AWS_NASA_POWER_Blended
MH_DEC_13,Baramati,Pune,18.152,74.577,538,Deccan_Plateau,2023-10-28,0.0,29.6,14.7,22.2,64.5,IMD_AWS_NASA_POWER_Blended
MH_DEC_13,Baramati,Pune,18.152,74.577,538,Deccan_Plateau,2023-10-29,0.0,30.3,14.5,22.4,66.2,IMD_AWS_NASA_POWER_Blended
MH_DEC_13,Baramati,Pune,18.152,74.577,538,Deccan_Plateau,2023-10-30,0.0,29.9,14.6,22.2,68.3,IMD_AWS_NASA_POWER_Blended
MH_DEC_13,Baramati,Pune,18.152,74.577,538,Deccan_Plateau,2023-10-31,0.0,29.7,14.2,21.9,69.0,IMD_AWS_NASA_POWER_Blended
MH_DEC_14,Ahmednagar,Ahmednagar,19.095,74.748,657,Deccan_Plateau,2023-06-01,0.01,40.5,25.6,33.1,29.6,IMD_AWS_NASA_POWER_Blended
MH_DEC_14,Ahmednagar,Ahmednagar,19.095,74.748,657,Deccan_Plateau,2023-06-02,0.4,39.6,24.2,31.9,37.5,IMD_AWS_NASA_POWER_Blended
MH_DEC_14,Ahmednagar,Ahmednagar,19.095,74.748,657,Deccan_Plateau,2023-06-03,0.43,38.1,23.2,30.7,48.4,IMD_AWS_NASA_POWER_Blended
MH_DEC_14,Ahmednagar,Ahmednagar,19.095,74.748,657,Deccan_Plateau,2023-06-04,0.9,37.3,24.7,31.0,50.4,IMD_AWS_NASA_POWER_Blended
MH_DEC_14,Ahmednagar,Ahmednagar,19.095,74.748,657,Deccan_Plateau,2023-06-05,0.2,38.2,24.0,31.1,48.9,IMD_AWS_NASA_POWER_Blended
MH_DEC_14,Ahmednagar,Ahmednagar,19.095,74.748,657,Deccan_Plateau,2023-06-06,0.0,39.5,24.0,31.7,45.5,IMD_AWS_NASA_POWER_Blended
MH_DEC_14,Ahmednagar,Ahmednagar,19.095,74.748,657,Deccan_Plateau,2023-06-07,0.0,40.0,24.3,32.2,43.8,IMD_AWS_NASA_POWER_Blended
MH_DEC_14,Ahmednagar,Ahmednagar,19.095,74.748,657,Deccan_Plateau,2023-06-08,1.94,40.2,24.6,32.4,46.1,IMD_AWS_NASA_POWER_Blended
MH_DEC_14,Ahmednagar,Ahmednagar,19.095,74.748,657,Deccan_Plateau,2023-06-09,1.51,38.5,25.4,32.0,51.4,IMD_AWS_NASA_POWER_Blended
MH_DEC_14,Ahmednagar,Ahmednagar,19.095,74.748,657,Deccan_Plateau,2023-06-10,4.73,36.2,25.9,31.0,57.9,IMD_AWS_NASA_POWER_Blended
MH_DEC_14,Ahmednagar,Ahmednagar,19.095,74.748,657,Deccan_Plateau,2023-06-11,0.01,37.1,23.8,30.5,56.5,IMD_AWS_NASA_POWER_Blended
MH_DEC_14,Ahmednagar,Ahmednagar,19.095,74.748,657,Deccan_Plateau,2023-06-12,0.0,38.4,23.8,31.1,51.8,IMD_AWS_NASA_POWER_Blended
MH_DEC_14,Ahmednagar,Ahmednagar,19.095,74.748,657,Deccan_Plateau,2023-06-13,0.04,38.3,24.0,31.1,54.5,IMD_AWS_NASA_POWER_Blended
MH_DEC_14,Ahmednagar,Ahmednagar,19.095,74.748,657,Deccan_Plateau,2023-06-14,0.11,37.8,23.9,30.8,54.8,IMD_AWS_NASA_POWER_Blended
MH_DEC_14,Ahmednagar,Ahmednagar,19.095,74.748,657,Deccan_Plateau,2023-06-15,0.02,38.0,23.8,30.9,55.3,IMD_AWS_NASA_POWER_Blended
MH_DEC_14,Ahmednagar,Ahmednagar,19.095,74.748,657,Deccan_Plateau,2023-06-16,0.02,37.8,24.1,30.9,57.6,IMD_AWS_NASA_POWER_Blended
MH_DEC_14,Ahmednagar,Ahmednagar,19.095,74.748,657,Deccan_Plateau,2023-06-17,0.03,37.3,24.8,31.1,58.3,IMD_AWS_NASA_POWER_Blended
MH_DEC_14,Ahmednagar,Ahmednagar,19.095,74.748,657,Deccan_Plateau,2023-06-18,0.0,37.4,24.2,30.8,57.5,IMD_AWS_NASA_POWER_Blended
MH_DEC_14,Ahmednagar,Ahmednagar,19.095,74.748,657,Deccan_Plateau,2023-06-19,0.0,38.2,24.2,31.2,55.3,IMD_AWS_NASA_POWER_Blended
MH_DEC_14,Ahmednagar,Ahmednagar,19.095,74.748,657,Deccan_Plateau,2023-06-20,0.0,38.1,24.1,31.1,56.6,IMD_AWS_NASA_POWER_Blended
MH_DEC_14,Ahmednagar,Ahmednagar,19.095,74.748,657,Deccan_Plateau,2023-06-21,0.0,37.2,24.8,31.0,55.9,IMD_AWS_NASA_POWER_Blended
MH_DEC_14,Ahmednagar,Ahmednagar,19.095,74.748,657,Deccan_Plateau,2023-06-22,0.0,37.3,25.1,31.2,52.2,IMD_AWS_NASA_POWER_Blended
MH_DEC_14,Ahmednagar,Ahmednagar,19.095,74.748,657,Deccan_Plateau,2023-06-23,0.02,35.9,24.6,30.3,54.1,IMD_AWS_NASA_POWER_Blended
MH_DEC_14,Ahmednagar,Ahmednagar,19.095,74.748,657,Deccan_Plateau,2023-06-24,6.46,34.0,24.8,29.4,62.8,IMD_AWS_NASA_POWER_Blended
MH_DEC_14,Ahmednagar,Ahmednagar,19.095,74.748,657,Deccan_Plateau,2023-06-25,3.28,32.6,22.6,27.6,64.1,IMD_AWS_NASA_POWER_Blended
MH_DEC_14,Ahmednagar,Ahmednagar,19.095,74.748,657,Deccan_Plateau,2023-06-26,4.02,28.8,22.3,25.5,71.9,IMD_AWS_NASA_POWER_Blended
MH_DEC_14,Ahmednagar,Ahmednagar,19.095,74.748,657,Deccan_Plateau,2023-06-27,9.24,28.0,21.4,24.7,75.7,IMD_AWS_NASA_POWER_Blended
MH_DEC_14,Ahmednagar,Ahmednagar,19.095,74.748,657,Deccan_Plateau,2023-06-28,4.02,30.1,21.5,25.8,75.2,IMD_AWS_NASA_POWER_Blended
MH_DEC_14,Ahmednagar,Ahmednagar,19.095,74.748,657,Deccan_Plateau,2023-06-29,3.75,31.6,22.0,26.8,69.4,IMD_AWS_NASA_POWER_Blended
MH_DEC_14,Ahmednagar,Ahmednagar,19.095,74.748,657,Deccan_Plateau,2023-06-30,3.85,30.4,21.6,26.0,75.3,IMD_AWS_NASA_POWER_Blended
MH_DEC_14,Ahmednagar,Ahmednagar,19.095,74.748,657,Deccan_Plateau,2023-07-01,1.82,31.5,22.7,27.1,72.8,IMD_AWS_NASA_POWER_Blended
MH_DEC_14,Ahmednagar,Ahmednagar,19.095,74.748,657,Deccan_Plateau,2023-07-02,26.32,32.1,23.0,27.6,78.2,IMD_AWS_NASA_POWER_Blended
MH_DEC_14,Ahmednagar,Ahmednagar,19.095,74.748,657,Deccan_Plateau,2023-07-03,8.34,32.2,23.2,27.7,77.5,IMD_AWS_NASA_POWER_Blended
MH_DEC_14,Ahmednagar,Ahmednagar,19.095,74.748,657,Deccan_Plateau,2023-07-04,13.44,30.4,23.7,27.0,80.9,IMD_AWS_NASA_POWER_Blended
MH_DEC_14,Ahmednagar,Ahmednagar,19.095,74.748,657,Deccan_Plateau,2023-07-05,6.31,29.5,23.0,26.2,81.9,IMD_AWS_NASA_POWER_Blended
MH_DEC_14,Ahmednagar,Ahmednagar,19.095,74.748,657,Deccan_Plateau,2023-07-06,7.65,30.1,22.1,26.1,80.5,IMD_AWS_NASA_POWER_Blended
MH_DEC_14,Ahmednagar,Ahmednagar,19.095,74.748,657,Deccan_Plateau,2023-07-07,6.23,29.9,23.4,26.6,81.4,IMD_AWS_NASA_POWER_Blended
MH_DEC_14,Ahmednagar,Ahmednagar,19.095,74.748,657,Deccan_Plateau,2023-07-08,0.79,31.3,22.8,27.1,76.2,IMD_AWS_NASA_POWER_Blended
MH_DEC_14,Ahmednagar,Ahmednagar,19.095,74.748,657,Deccan_Plateau,2023-07-09,0.2,29.2,22.5,25.8,79.7,IMD_AWS_NASA_POWER_Blended
MH_DEC_14,Ahmednagar,Ahmednagar,19.095,74.748,657,Deccan_Plateau,2023-07-10,0.28,32.9,22.4,27.6,74.0,IMD_AWS_NASA_POWER_Blended
MH_DEC_14,Ahmednagar,Ahmednagar,19.095,74.748,657,Deccan_Plateau,2023-07-11,0.93,32.1,22.1,27.1,74.8,IMD_AWS_NASA_POWER_Blended
MH_DEC_14,Ahmednagar,Ahmednagar,19.095,74.748,657,Deccan_Plateau,2023-07-12,4.29,29.7,22.5,26.1,75.7,IMD_AWS_NASA_POWER_Blended
MH_DEC_14,Ahmednagar,Ahmednagar,19.095,74.748,657,Deccan_Plateau,2023-07-13,1.72,30.6,21.6,26.1,76.2,IMD_AWS_NASA_POWER_Blended
MH_DEC_14,Ahmednagar,Ahmednagar,19.095,74.748,657,Deccan_Plateau,2023-07-14,0.42,31.1,22.2,26.7,74.8,IMD_AWS_NASA_POWER_Blended
MH_DEC_14,Ahmednagar,Ahmednagar,19.095,74.748,657,Deccan_Plateau,2023-07-15,2.4,30.9,22.3,26.6,76.5,IMD_AWS_NASA_POWER_Blended
MH_DEC_14,Ahmednagar,Ahmednagar,19.095,74.748,657,Deccan_Plateau,2023-07-16,1.5,28.9,22.8,25.8,79.7,IMD_AWS_NASA_POWER_Blended
MH_DEC_14,Ahmednagar,Ahmednagar,19.095,74.748,657,Deccan_Plateau,2023-07-17,1.8,30.8,22.5,26.6,76.9,IMD_AWS_NASA_POWER_Blended
MH_DEC_14,Ahmednagar,Ahmednagar,19.095,74.748,657,Deccan_Plateau,2023-07-18,10.74,29.3,23.0,26.2,80.0,IMD_AWS_NASA_POWER_Blended
MH_DEC_14,Ahmednagar,Ahmednagar,19.095,74.748,657,Deccan_Plateau,2023-07-19,4.47,30.1,22.9,26.5,81.0,IMD_AWS_NASA_POWER_Blended
MH_DEC_14,Ahmednagar,Ahmednagar,19.095,74.748,657,Deccan_Plateau,2023-07-20,1.28,28.0,22.0,25.0,84.0,IMD_AWS_NASA_POWER_Blended
MH_DEC_14,Ahmednagar,Ahmednagar,19.095,74.748,657,Deccan_Plateau,2023-07-21,4.34,28.2,21.2,24.7,81.7,IMD_AWS_NASA_POWER_Blended
MH_DEC_14,Ahmednagar,Ahmednagar,19.095,74.748,657,Deccan_Plateau,2023-07-22,2.57,28.6,22.2,25.4,83.5,IMD_AWS_NASA_POWER_Blended
MH_DEC_14,Ahmednagar,Ahmednagar,19.095,74.748,657,Deccan_Plateau,2023-07-23,3.56,30.8,21.9,26.3,79.2,IMD_AWS_NASA_POWER_Blended
MH_DEC_14,Ahmednagar,Ahmednagar,19.095,74.748,657,Deccan_Plateau,2023-07-24,2.83,31.8,22.9,27.4,77.7,IMD_AWS_NASA_POWER_Blended
MH_DEC_14,Ahmednagar,Ahmednagar,19.095,74.748,657,Deccan_Plateau,2023-07-25,12.0,29.0,22.8,25.9,83.3,IMD_AWS_NASA_POWER_Blended
MH_DEC_14,Ahmednagar,Ahmednagar,19.095,74.748,657,Deccan_Plateau,2023-07-26,3.98,29.3,22.4,25.9,83.6,IMD_AWS_NASA_POWER_Blended
MH_DEC_14,Ahmednagar,Ahmednagar,19.095,74.748,657,Deccan_Plateau,2023-07-27,13.76,28.1,22.7,25.4,85.4,IMD_AWS_NASA_POWER_Blended
MH_DEC_14,Ahmednagar,Ahmednagar,19.095,74.748,657,Deccan_Plateau,2023-07-28,7.22,28.6,22.7,25.6,83.5,IMD_AWS_NASA_POWER_Blended
MH_DEC_14,Ahmednagar,Ahmednagar,19.095,74.748,657,Deccan_Plateau,2023-07-29,1.3,31.5,21.7,26.6,78.0,IMD_AWS_NASA_POWER_Blended
MH_DEC_14,Ahmednagar,Ahmednagar,19.095,74.748,657,Deccan_Plateau,2023-07-30,1.99,31.4,22.2,26.8,78.7,IMD_AWS_NASA_POWER_Blended
MH_DEC_14,Ahmednagar,Ahmednagar,19.095,74.748,657,Deccan_Plateau,2023-07-31,1.69,32.0,22.5,27.2,78.0,IMD_AWS_NASA_POWER_Blended
MH_DEC_14,Ahmednagar,Ahmednagar,19.095,74.748,657,Deccan_Plateau,2023-08-01,1.37,31.1,22.8,27.0,78.5,IMD_AWS_NASA_POWER_Blended
MH_DEC_14,Ahmednagar,Ahmednagar,19.095,74.748,657,Deccan_Plateau,2023-08-02,0.25,29.2,22.2,25.7,80.7,IMD_AWS_NASA_POWER_Blended
MH_DEC_14,Ahmednagar,Ahmednagar,19.095,74.748,657,Deccan_Plateau,2023-08-03,0.51,29.2,21.9,25.6,79.9,IMD_AWS_NASA_POWER_Blended
MH_DEC_14,Ahmednagar,Ahmednagar,19.095,74.748,657,Deccan_Plateau,2023-08-04,1.33,31.1,22.1,26.6,77.0,IMD_AWS_NASA_POWER_Blended
MH_DEC_14,Ahmednagar,Ahmednagar,19.095,74.748,657,Deccan_Plateau,2023-08-05,1.22,30.4,21.5,25.9,78.2,IMD_AWS_NASA_POWER_Blended
MH_DEC_14,Ahmednagar,Ahmednagar,19.095,74.748,657,Deccan_Plateau,2023-08-06,0.52,32.1,21.5,26.8,75.8,IMD_AWS_NASA_POWER_Blended
MH_DEC_14,Ahmednagar,Ahmednagar,19.095,74.748,657,Deccan_Plateau,2023-08-07,0.09,31.3,21.9,26.6,75.9,IMD_AWS_NASA_POWER_Blended
MH_DEC_14,Ahmednagar,Ahmednagar,19.095,74.748,657,Deccan_Plateau,2023-08-08,0.23,31.9,21.8,26.9,75.2,IMD_AWS_NASA_POWER_Blended
MH_DEC_14,Ahmednagar,Ahmednagar,19.095,74.748,657,Deccan_Plateau,2023-08-09,0.46,29.9,21.7,25.8,78.5,IMD_AWS_NASA_POWER_Blended
MH_DEC_14,Ahmednagar,Ahmednagar,19.095,74.748,657,Deccan_Plateau,2023-08-10,0.4,32.5,21.6,27.0,74.9,IMD_AWS_NASA_POWER_Blended
MH_DEC_14,Ahmednagar,Ahmednagar,19.095,74.748,657,Deccan_Plateau,2023-08-11,0.26,32.8,21.2,27.0,73.3,IMD_AWS_NASA_POWER_Blended
MH_DEC_14,Ahmednagar,Ahmednagar,19.095,74.748,657,Deccan_Plateau,2023-08-12,0.33,32.2,21.3,26.8,73.4,IMD_AWS_NASA_POWER_Blended
MH_DEC_14,Ahmednagar,Ahmednagar,19.095,74.748,657,Deccan_Plateau,2023-08-13,0.22,29.1,21.5,25.3,77.8,IMD_AWS_NASA_POWER_Blended
MH_DEC_14,Ahmednagar,Ahmednagar,19.095,74.748,657,Deccan_Plateau,2023-08-14,0.4,31.9,21.2,26.6,73.4,IMD_AWS_NASA_POWER_Blended
MH_DEC_14,Ahmednagar,Ahmednagar,19.095,74.748,657,Deccan_Plateau,2023-08-15,3.24,31.2,21.4,26.3,73.8,IMD_AWS_NASA_POWER_Blended
MH_DEC_14,Ahmednagar,Ahmednagar,19.095,74.748,657,Deccan_Plateau,2023-08-16,0.42,32.8,20.9,26.8,73.3,IMD_AWS_NASA_POWER_Blended
MH_DEC_14,Ahmednagar,Ahmednagar,19.095,74.748,657,Deccan_Plateau,2023-08-17,0.32,32.7,21.2,27.0,72.3,IMD_AWS_NASA_POWER_Blended
MH_DEC_14,Ahmednagar,Ahmednagar,19.095,74.748,657,Deccan_Plateau,2023-08-18,0.51,30.0,21.9,25.9,77.5,IMD_AWS_NASA_POWER_Blended
MH_DEC_14,Ahmednagar,Ahmednagar,19.095,74.748,657,Deccan_Plateau,2023-08-19,2.38,30.4,21.9,26.2,77.3,IMD_AWS_NASA_POWER_Blended
MH_DEC_14,Ahmednagar,Ahmednagar,19.095,74.748,657,Deccan_Plateau,2023-08-20,2.06,31.6,22.0,26.8,75.0,IMD_AWS_NASA_POWER_Blended
MH_DEC_14,Ahmednagar,Ahmednagar,19.095,74.748,657,Deccan_Plateau,2023-08-21,0.55,32.9,21.0,27.0,71.7,IMD_AWS_NASA_POWER_Blended
MH_DEC_14,Ahmednagar,Ahmednagar,19.095,74.748,657,Deccan_Plateau,2023-08-22,1.12,32.3,21.1,26.7,74.2,IMD_AWS_NASA_POWER_Blended
MH_DEC_14,Ahmednagar,Ahmednagar,19.095,74.748,657,Deccan_Plateau,2023-08-23,0.09,31.2,21.4,26.3,75.8,IMD_AWS_NASA_POWER_Blended
MH_DEC_14,Ahmednagar,Ahmednagar,19.095,74.748,657,Deccan_Plateau,2023-08-24,0.46,32.4,21.7,27.1,73.2,IMD_AWS_NASA_POWER_Blended
MH_DEC_14,Ahmednagar,Ahmednagar,19.095,74.748,657,Deccan_Plateau,2023-08-25,1.16,32.5,21.9,27.2,75.8,IMD_AWS_NASA_POWER_Blended
MH_DEC_14,Ahmednagar,Ahmednagar,19.095,74.748,657,Deccan_Plateau,2023-08-26,1.52,32.6,22.1,27.4,74.5,IMD_AWS_NASA_POWER_Blended
MH_DEC_14,Ahmednagar,Ahmednagar,19.095,74.748,657,Deccan_Plateau,2023-08-27,1.9,33.2,21.9,27.5,73.1,IMD_AWS_NASA_POWER_Blended
MH_DEC_14,Ahmednagar,Ahmednagar,19.095,74.748,657,Deccan_Plateau,2023-08-28,0.72,32.9,21.6,27.3,73.0,IMD_AWS_NASA_POWER_Blended
MH_DEC_14,Ahmednagar,Ahmednagar,19.095,74.748,657,Deccan_Plateau,2023-08-29,0.35,34.0,21.0,27.5,70.0,IMD_AWS_NASA_POWER_Blended
MH_DEC_14,Ahmednagar,Ahmednagar,19.095,74.748,657,Deccan_Plateau,2023-08-30,0.75,33.9,21.7,27.8,68.9,IMD_AWS_NASA_POWER_Blended
MH_DEC_14,Ahmednagar,Ahmednagar,19.095,74.748,657,Deccan_Plateau,2023-08-31,0.55,34.0,21.8,27.9,68.2,IMD_AWS_NASA_POWER_Blended
MH_DEC_14,Ahmednagar,Ahmednagar,19.095,74.748,657,Deccan_Plateau,2023-09-01,2.59,35.2,21.9,28.6,67.5,IMD_AWS_NASA_POWER_Blended
MH_DEC_14,Ahmednagar,Ahmednagar,19.095,74.748,657,Deccan_Plateau,2023-09-02,5.87,33.7,22.9,28.3,72.1,IMD_AWS_NASA_POWER_Blended
MH_DEC_14,Ahmednagar,Ahmednagar,19.095,74.748,657,Deccan_Plateau,2023-09-03,4.02,33.5,23.0,28.3,75.1,IMD_AWS_NASA_POWER_Blended
MH_DEC_14,Ahmednagar,Ahmednagar,19.095,74.748,657,Deccan_Plateau,2023-09-04,2.02,33.5,22.7,28.1,73.7,IMD_AWS_NASA_POWER_Blended
MH_DEC_14,Ahmednagar,Ahmednagar,19.095,74.748,657,Deccan_Plateau,2023-09-05,0.02,33.4,21.3,27.4,68.2,IMD_AWS_NASA_POWER_Blended
MH_DEC_14,Ahmednagar,Ahmednagar,19.095,74.748,657,Deccan_Plateau,2023-09-06,0.5,33.2,21.6,27.4,72.0,IMD_AWS_NASA_POWER_Blended
MH_DEC_14,Ahmednagar,Ahmednagar,19.095,74.748,657,Deccan_Plateau,2023-09-07,6.25,27.4,22.4,24.9,84.0,IMD_AWS_NASA_POWER_Blended
MH_DEC_14,Ahmednagar,Ahmednagar,19.095,74.748,657,Deccan_Plateau,2023-09-08,10.66,28.2,22.7,25.5,84.1,IMD_AWS_NASA_POWER_Blended
MH_DEC_14,Ahmednagar,Ahmednagar,19.095,74.748,657,Deccan_Plateau,2023-09-09,2.69,31.5,22.9,27.2,79.0,IMD_AWS_NASA_POWER_Blended
MH_DEC_14,Ahmednagar,Ahmednagar,19.095,74.748,657,Deccan_Plateau,2023-09-10,3.83,30.4,22.6,26.5,78.5,IMD_AWS_NASA_POWER_Blended
MH_DEC_14,Ahmednagar,Ahmednagar,19.095,74.748,657,Deccan_Plateau,2023-09-11,0.06,33.4,22.1,27.8,72.8,IMD_AWS_NASA_POWER_Blended
MH_DEC_14,Ahmednagar,Ahmednagar,19.095,74.748,657,Deccan_Plateau,2023-09-12,0.0,33.3,21.7,27.5,71.7,IMD_AWS_NASA_POWER_Blended
MH_DEC_14,Ahmednagar,Ahmednagar,19.095,74.748,657,Deccan_Plateau,2023-09-13,0.41,32.6,21.4,27.0,73.0,IMD_AWS_NASA_POWER_Blended
MH_DEC_14,Ahmednagar,Ahmednagar,19.095,74.748,657,Deccan_Plateau,2023-09-14,1.45,29.9,21.3,25.6,77.2,IMD_AWS_NASA_POWER_Blended
MH_DEC_14,Ahmednagar,Ahmednagar,19.095,74.748,657,Deccan_Plateau,2023-09-15,2.05,29.6,21.2,25.4,78.6,IMD_AWS_NASA_POWER_Blended
MH_DEC_14,Ahmednagar,Ahmednagar,19.095,74.748,657,Deccan_Plateau,2023-09-16,0.55,28.8,22.1,25.5,79.9,IMD_AWS_NASA_POWER_Blended
MH_DEC_14,Ahmednagar,Ahmednagar,19.095,74.748,657,Deccan_Plateau,2023-09-17,0.59,32.0,22.2,27.1,75.3,IMD_AWS_NASA_POWER_Blended
MH_DEC_14,Ahmednagar,Ahmednagar,19.095,74.748,657,Deccan_Plateau,2023-09-18,1.53,33.5,22.0,27.7,74.7,IMD_AWS_NASA_POWER_Blended
MH_DEC_14,Ahmednagar,Ahmednagar,19.095,74.748,657,Deccan_Plateau,2023-09-19,0.41,33.6,22.0,27.8,73.7,IMD_AWS_NASA_POWER_Blended
MH_DEC_14,Ahmednagar,Ahmednagar,19.095,74.748,657,Deccan_Plateau,2023-09-20,0.74,33.9,22.1,28.0,73.0,IMD_AWS_NASA_POWER_Blended
MH_DEC_14,Ahmednagar,Ahmednagar,19.095,74.748,657,Deccan_Plateau,2023-09-21,22.45,29.5,23.1,26.3,83.1,IMD_AWS_NASA_POWER_Blended
MH_DEC_14,Ahmednagar,Ahmednagar,19.095,74.748,657,Deccan_Plateau,2023-09-22,13.36,28.9,22.5,25.7,84.2,IMD_AWS_NASA_POWER_Blended
MH_DEC_14,Ahmednagar,Ahmednagar,19.095,74.748,657,Deccan_Plateau,2023-09-23,17.76,27.3,22.4,24.9,87.7,IMD_AWS_NASA_POWER_Blended
MH_DEC_14,Ahmednagar,Ahmednagar,19.095,74.748,657,Deccan_Plateau,2023-09-24,2.7,29.6,21.9,25.8,82.9,IMD_AWS_NASA_POWER_Blended
MH_DEC_14,Ahmednagar,Ahmednagar,19.095,74.748,657,Deccan_Plateau,2023-09-25,5.54,30.5,20.9,25.7,81.3,IMD_AWS_NASA_POWER_Blended
MH_DEC_14,Ahmednagar,Ahmednagar,19.095,74.748,657,Deccan_Plateau,2023-09-26,21.43,30.3,22.1,26.2,83.1,IMD_AWS_NASA_POWER_Blended
MH_DEC_14,Ahmednagar,Ahmednagar,19.095,74.748,657,Deccan_Plateau,2023-09-27,7.62,29.0,22.5,25.8,85.3,IMD_AWS_NASA_POWER_Blended
MH_DEC_14,Ahmednagar,Ahmednagar,19.095,74.748,657,Deccan_Plateau,2023-09-28,9.9,29.1,22.7,25.9,85.7,IMD_AWS_NASA_POWER_Blended
MH_DEC_14,Ahmednagar,Ahmednagar,19.095,74.748,657,Deccan_Plateau,2023-09-29,9.57,29.9,22.2,26.0,83.5,IMD_AWS_NASA_POWER_Blended
MH_DEC_14,Ahmednagar,Ahmednagar,19.095,74.748,657,Deccan_Plateau,2023-09-30,6.3,30.6,21.9,26.2,81.1,IMD_AWS_NASA_POWER_Blended
MH_DEC_14,Ahmednagar,Ahmednagar,19.095,74.748,657,Deccan_Plateau,2023-10-01,4.9,30.9,22.2,26.5,80.0,IMD_AWS_NASA_POWER_Blended
MH_DEC_14,Ahmednagar,Ahmednagar,19.095,74.748,657,Deccan_Plateau,2023-10-02,10.89,27.6,21.6,24.6,84.0,IMD_AWS_NASA_POWER_Blended
MH_DEC_14,Ahmednagar,Ahmednagar,19.095,74.748,657,Deccan_Plateau,2023-10-03,0.45,31.3,20.9,26.1,76.0,IMD_AWS_NASA_POWER_Blended
MH_DEC_14,Ahmednagar,Ahmednagar,19.095,74.748,657,Deccan_Plateau,2023-10-04,0.0,31.4,19.5,25.5,72.7,IMD_AWS_NASA_POWER_Blended
MH_DEC_14,Ahmednagar,Ahmednagar,19.095,74.748,657,Deccan_Plateau,2023-10-05,0.0,30.9,18.5,24.7,73.3,IMD_AWS_NASA_POWER_Blended
MH_DEC_14,Ahmednagar,Ahmednagar,19.095,74.748,657,Deccan_Plateau,2023-10-06,0.0,31.6,19.1,25.4,72.4,IMD_AWS_NASA_POWER_Blended
MH_DEC_14,Ahmednagar,Ahmednagar,19.095,74.748,657,Deccan_Plateau,2023-10-07,0.0,32.4,19.2,25.8,73.2,IMD_AWS_NASA_POWER_Blended
MH_DEC_14,Ahmednagar,Ahmednagar,19.095,74.748,657,Deccan_Plateau,2023-10-08,0.0,32.7,19.4,26.1,70.8,IMD_AWS_NASA_POWER_Blended
MH_DEC_14,Ahmednagar,Ahmednagar,19.095,74.748,657,Deccan_Plateau,2023-10-09,0.0,32.6,19.0,25.8,69.4,IMD_AWS_NASA_POWER_Blended
MH_DEC_14,Ahmednagar,Ahmednagar,19.095,74.748,657,Deccan_Plateau,2023-10-10,0.0,31.9,19.7,25.8,72.3,IMD_AWS_NASA_POWER_Blended
MH_DEC_14,Ahmednagar,Ahmednagar,19.095,74.748,657,Deccan_Plateau,2023-10-11,0.0,32.4,19.5,25.9,70.7,IMD_AWS_NASA_POWER_Blended
MH_DEC_14,Ahmednagar,Ahmednagar,19.095,74.748,657,Deccan_Plateau,2023-10-12,0.0,33.1,19.6,26.4,66.7,IMD_AWS_NASA_POWER_Blended
MH_DEC_14,Ahmednagar,Ahmednagar,19.095,74.748,657,Deccan_Plateau,2023-10-13,0.0,33.4,19.4,26.4,64.7,IMD_AWS_NASA_POWER_Blended
MH_DEC_14,Ahmednagar,Ahmednagar,19.095,74.748,657,Deccan_Plateau,2023-10-14,0.0,32.5,19.5,26.0,65.2,IMD_AWS_NASA_POWER_Blended
MH_DEC_14,Ahmednagar,Ahmednagar,19.095,74.748,657,Deccan_Plateau,2023-10-15,0.0,32.6,20.4,26.5,66.4,IMD_AWS_NASA_POWER_Blended
MH_DEC_14,Ahmednagar,Ahmednagar,19.095,74.748,657,Deccan_Plateau,2023-10-16,0.0,32.5,20.3,26.4,66.7,IMD_AWS_NASA_POWER_Blended
MH_DEC_14,Ahmednagar,Ahmednagar,19.095,74.748,657,Deccan_Plateau,2023-10-17,0.34,32.7,20.1,26.4,66.7,IMD_AWS_NASA_POWER_Blended
MH_DEC_14,Ahmednagar,Ahmednagar,19.095,74.748,657,Deccan_Plateau,2023-10-18,0.09,32.7,20.0,26.4,68.7,IMD_AWS_NASA_POWER_Blended
MH_DEC_14,Ahmednagar,Ahmednagar,19.095,74.748,657,Deccan_Plateau,2023-10-19,0.02,32.3,20.3,26.3,68.3,IMD_AWS_NASA_POWER_Blended
MH_DEC_14,Ahmednagar,Ahmednagar,19.095,74.748,657,Deccan_Plateau,2023-10-20,0.01,32.4,20.4,26.4,66.4,IMD_AWS_NASA_POWER_Blended
MH_DEC_14,Ahmednagar,Ahmednagar,19.095,74.748,657,Deccan_Plateau,2023-10-21,0.0,32.0,19.6,25.8,68.8,IMD_AWS_NASA_POWER_Blended
MH_DEC_14,Ahmednagar,Ahmednagar,19.095,74.748,657,Deccan_Plateau,2023-10-22,0.0,32.7,18.7,25.7,65.0,IMD_AWS_NASA_POWER_Blended
MH_DEC_14,Ahmednagar,Ahmednagar,19.095,74.748,657,Deccan_Plateau,2023-10-23,0.0,32.9,18.3,25.6,62.6,IMD_AWS_NASA_POWER_Blended
MH_DEC_14,Ahmednagar,Ahmednagar,19.095,74.748,657,Deccan_Plateau,2023-10-24,0.0,32.8,18.8,25.8,62.7,IMD_AWS_NASA_POWER_Blended
MH_DEC_14,Ahmednagar,Ahmednagar,19.095,74.748,657,Deccan_Plateau,2023-10-25,0.0,32.3,17.6,25.0,58.2,IMD_AWS_NASA_POWER_Blended
MH_DEC_14,Ahmednagar,Ahmednagar,19.095,74.748,657,Deccan_Plateau,2023-10-26,0.0,31.3,16.4,23.9,56.7,IMD_AWS_NASA_POWER_Blended
MH_DEC_14,Ahmednagar,Ahmednagar,19.095,74.748,657,Deccan_Plateau,2023-10-27,0.0,31.6,16.1,23.8,56.5,IMD_AWS_NASA_POWER_Blended
MH_DEC_14,Ahmednagar,Ahmednagar,19.095,74.748,657,Deccan_Plateau,2023-10-28,0.0,32.2,15.3,23.8,57.6,IMD_AWS_NASA_POWER_Blended
MH_DEC_14,Ahmednagar,Ahmednagar,19.095,74.748,657,Deccan_Plateau,2023-10-29,0.0,32.8,15.0,23.9,55.6,IMD_AWS_NASA_POWER_Blended
MH_DEC_14,Ahmednagar,Ahmednagar,19.095,74.748,657,Deccan_Plateau,2023-10-30,0.0,31.5,15.4,23.4,57.7,IMD_AWS_NASA_POWER_Blended
MH_DEC_14,Ahmednagar,Ahmednagar,19.095,74.748,657,Deccan_Plateau,2023-10-31,0.0,31.9,14.4,23.1,60.1,IMD_AWS_NASA_POWER_Blended
MH_DEC_15,Solapur,Solapur,17.659,75.906,458,Deccan_Plateau,2023-06-01,0.77,41.0,28.5,34.8,29.4,IMD_AWS_NASA_POWER_Blended
MH_DEC_15,Solapur,Solapur,17.659,75.906,458,Deccan_Plateau,2023-06-02,0.92,40.7,26.2,33.4,35.8,IMD_AWS_NASA_POWER_Blended
MH_DEC_15,Solapur,Solapur,17.659,75.906,458,Deccan_Plateau,2023-06-03,0.0,40.8,24.5,32.7,38.0,IMD_AWS_NASA_POWER_Blended
MH_DEC_15,Solapur,Solapur,17.659,75.906,458,Deccan_Plateau,2023-06-04,0.29,40.3,26.2,33.2,42.2,IMD_AWS_NASA_POWER_Blended
MH_DEC_15,Solapur,Solapur,17.659,75.906,458,Deccan_Plateau,2023-06-05,2.49,38.1,26.2,32.1,44.4,IMD_AWS_NASA_POWER_Blended
MH_DEC_15,Solapur,Solapur,17.659,75.906,458,Deccan_Plateau,2023-06-06,0.0,40.1,25.1,32.6,43.3,IMD_AWS_NASA_POWER_Blended
MH_DEC_15,Solapur,Solapur,17.659,75.906,458,Deccan_Plateau,2023-06-07,0.09,39.5,26.3,32.9,45.2,IMD_AWS_NASA_POWER_Blended
MH_DEC_15,Solapur,Solapur,17.659,75.906,458,Deccan_Plateau,2023-06-08,0.67,40.2,26.5,33.4,45.9,IMD_AWS_NASA_POWER_Blended
MH_DEC_15,Solapur,Solapur,17.659,75.906,458,Deccan_Plateau,2023-06-09,1.54,38.2,26.6,32.4,50.3,IMD_AWS_NASA_POWER_Blended
MH_DEC_15,Solapur,Solapur,17.659,75.906,458,Deccan_Plateau,2023-06-10,0.48,36.2,26.3,31.3,55.4,IMD_AWS_NASA_POWER_Blended
MH_DEC_15,Solapur,Solapur,17.659,75.906,458,Deccan_Plateau,2023-06-11,0.06,38.7,24.8,31.8,52.6,IMD_AWS_NASA_POWER_Blended
MH_DEC_15,Solapur,Solapur,17.659,75.906,458,Deccan_Plateau,2023-06-12,0.1,39.0,24.2,31.6,51.9,IMD_AWS_NASA_POWER_Blended
MH_DEC_15,Solapur,Solapur,17.659,75.906,458,Deccan_Plateau,2023-06-13,0.0,39.8,24.7,32.2,52.7,IMD_AWS_NASA_POWER_Blended
MH_DEC_15,Solapur,Solapur,17.659,75.906,458,Deccan_Plateau,2023-06-14,0.0,39.1,24.7,31.9,53.8,IMD_AWS_NASA_POWER_Blended
MH_DEC_15,Solapur,Solapur,17.659,75.906,458,Deccan_Plateau,2023-06-15,0.0,39.6,24.8,32.2,50.9,IMD_AWS_NASA_POWER_Blended
MH_DEC_15,Solapur,Solapur,17.659,75.906,458,Deccan_Plateau,2023-06-16,0.0,39.7,24.5,32.1,52.8,IMD_AWS_NASA_POWER_Blended
MH_DEC_15,Solapur,Solapur,17.659,75.906,458,Deccan_Plateau,2023-06-17,0.0,38.6,25.5,32.0,54.0,IMD_AWS_NASA_POWER_Blended
MH_DEC_15,Solapur,Solapur,17.659,75.906,458,Deccan_Plateau,2023-06-18,0.44,38.8,24.8,31.8,51.5,IMD_AWS_NASA_POWER_Blended
MH_DEC_15,Solapur,Solapur,17.659,75.906,458,Deccan_Plateau,2023-06-19,0.01,39.7,25.8,32.7,47.2,IMD_AWS_NASA_POWER_Blended
MH_DEC_15,Solapur,Solapur,17.659,75.906,458,Deccan_Plateau,2023-06-20,0.0,39.8,25.2,32.5,48.8,IMD_AWS_NASA_POWER_Blended
MH_DEC_15,Solapur,Solapur,17.659,75.906,458,Deccan_Plateau,2023-06-21,0.0,37.9,26.6,32.2,50.0,IMD_AWS_NASA_POWER_Blended
MH_DEC_15,Solapur,Solapur,17.659,75.906,458,Deccan_Plateau,2023-06-22,0.0,36.6,25.7,31.2,48.3,IMD_AWS_NASA_POWER_Blended
MH_DEC_15,Solapur,Solapur,17.659,75.906,458,Deccan_Plateau,2023-06-23,0.05,36.0,25.6,30.8,53.7,IMD_AWS_NASA_POWER_Blended
MH_DEC_15,Solapur,Solapur,17.659,75.906,458,Deccan_Plateau,2023-06-24,20.77,33.6,24.4,29.0,66.5,IMD_AWS_NASA_POWER_Blended
MH_DEC_15,Solapur,Solapur,17.659,75.906,458,Deccan_Plateau,2023-06-25,7.98,33.9,22.7,28.3,65.6,IMD_AWS_NASA_POWER_Blended
MH_DEC_15,Solapur,Solapur,17.659,75.906,458,Deccan_Plateau,2023-06-26,1.37,32.5,23.0,27.8,66.3,IMD_AWS_NASA_POWER_Blended
MH_DEC_15,Solapur,Solapur,17.659,75.906,458,Deccan_Plateau,2023-06-27,2.31,30.6,22.5,26.6,67.8,IMD_AWS_NASA_POWER_Blended
MH_DEC_15,Solapur,Solapur,17.659,75.906,458,Deccan_Plateau,2023-06-28,2.54,32.2,22.1,27.2,70.5,IMD_AWS_NASA_POWER_Blended
MH_DEC_15,Solapur,Solapur,17.659,75.906,458,Deccan_Plateau,2023-06-29,0.56,34.5,22.4,28.5,64.4,IMD_AWS_NASA_POWER_Blended
MH_DEC_15,Solapur,Solapur,17.659,75.906,458,Deccan_Plateau,2023-06-30,0.57,34.1,21.8,27.9,66.2,IMD_AWS_NASA_POWER_Blended
MH_DEC_15,Solapur,Solapur,17.659,75.906,458,Deccan_Plateau,2023-07-01,0.46,32.9,23.3,28.1,67.1,IMD_AWS_NASA_POWER_Blended
MH_DEC_15,Solapur,Solapur,17.659,75.906,458,Deccan_Plateau,2023-07-02,12.99,32.8,22.8,27.8,73.2,IMD_AWS_NASA_POWER_Blended
MH_DEC_15,Solapur,Solapur,17.659,75.906,458,Deccan_Plateau,2023-07-03,21.73,31.9,23.8,27.9,79.3,IMD_AWS_NASA_POWER_Blended
MH_DEC_15,Solapur,Solapur,17.659,75.906,458,Deccan_Plateau,2023-07-04,9.12,32.1,23.9,28.0,78.4,IMD_AWS_NASA_POWER_Blended
MH_DEC_15,Solapur,Solapur,17.659,75.906,458,Deccan_Plateau,2023-07-05,12.61,30.3,23.4,26.9,79.5,IMD_AWS_NASA_POWER_Blended
MH_DEC_15,Solapur,Solapur,17.659,75.906,458,Deccan_Plateau,2023-07-06,4.66,30.2,22.4,26.3,79.2,IMD_AWS_NASA_POWER_Blended
MH_DEC_15,Solapur,Solapur,17.659,75.906,458,Deccan_Plateau,2023-07-07,3.37,31.6,22.4,27.0,74.4,IMD_AWS_NASA_POWER_Blended
MH_DEC_15,Solapur,Solapur,17.659,75.906,458,Deccan_Plateau,2023-07-08,0.36,32.3,22.4,27.4,70.8,IMD_AWS_NASA_POWER_Blended
MH_DEC_15,Solapur,Solapur,17.659,75.906,458,Deccan_Plateau,2023-07-09,0.07,31.0,22.8,26.9,75.3,IMD_AWS_NASA_POWER_Blended
MH_DEC_15,Solapur,Solapur,17.659,75.906,458,Deccan_Plateau,2023-07-10,0.05,35.1,22.5,28.8,69.0,IMD_AWS_NASA_POWER_Blended
MH_DEC_15,Solapur,Solapur,17.659,75.906,458,Deccan_Plateau,2023-07-11,0.14,32.4,22.8,27.6,71.5,IMD_AWS_NASA_POWER_Blended
MH_DEC_15,Solapur,Solapur,17.659,75.906,458,Deccan_Plateau,2023-07-12,1.33,32.5,22.8,27.7,71.5,IMD_AWS_NASA_POWER_Blended
MH_DEC_15,Solapur,Solapur,17.659,75.906,458,Deccan_Plateau,2023-07-13,0.7,31.6,22.6,27.1,71.5,IMD_AWS_NASA_POWER_Blended
MH_DEC_15,Solapur,Solapur,17.659,75.906,458,Deccan_Plateau,2023-07-14,1.15,33.3,22.8,28.1,70.4,IMD_AWS_NASA_POWER_Blended
MH_DEC_15,Solapur,Solapur,17.659,75.906,458,Deccan_Plateau,2023-07-15,2.04,34.1,22.4,28.2,69.3,IMD_AWS_NASA_POWER_Blended
MH_DEC_15,Solapur,Solapur,17.659,75.906,458,Deccan_Plateau,2023-07-16,1.61,32.5,23.0,27.7,72.0,IMD_AWS_NASA_POWER_Blended
MH_DEC_15,Solapur,Solapur,17.659,75.906,458,Deccan_Plateau,2023-07-17,2.34,29.9,23.5,26.7,75.9,IMD_AWS_NASA_POWER_Blended
MH_DEC_15,Solapur,Solapur,17.659,75.906,458,Deccan_Plateau,2023-07-18,13.24,29.2,23.5,26.3,80.3,IMD_AWS_NASA_POWER_Blended
MH_DEC_15,Solapur,Solapur,17.659,75.906,458,Deccan_Plateau,2023-07-19,13.86,28.9,23.2,26.1,81.8,IMD_AWS_NASA_POWER_Blended
MH_DEC_15,Solapur,Solapur,17.659,75.906,458,Deccan_Plateau,2023-07-20,13.25,26.3,22.1,24.2,82.8,IMD_AWS_NASA_POWER_Blended
MH_DEC_15,Solapur,Solapur,17.659,75.906,458,Deccan_Plateau,2023-07-21,15.41,28.3,21.8,25.0,82.0,IMD_AWS_NASA_POWER_Blended
MH_DEC_15,Solapur,Solapur,17.659,75.906,458,Deccan_Plateau,2023-07-22,4.86,31.4,21.6,26.5,77.2,IMD_AWS_NASA_POWER_Blended
MH_DEC_15,Solapur,Solapur,17.659,75.906,458,Deccan_Plateau,2023-07-23,1.76,31.4,21.8,26.6,76.2,IMD_AWS_NASA_POWER_Blended
MH_DEC_15,Solapur,Solapur,17.659,75.906,458,Deccan_Plateau,2023-07-24,9.91,31.1,22.9,27.0,78.4,IMD_AWS_NASA_POWER_Blended
MH_DEC_15,Solapur,Solapur,17.659,75.906,458,Deccan_Plateau,2023-07-25,17.49,28.5,22.8,25.6,83.0,IMD_AWS_NASA_POWER_Blended
MH_DEC_15,Solapur,Solapur,17.659,75.906,458,Deccan_Plateau,2023-07-26,9.16,29.1,22.6,25.9,82.6,IMD_AWS_NASA_POWER_Blended
MH_DEC_15,Solapur,Solapur,17.659,75.906,458,Deccan_Plateau,2023-07-27,12.83,27.9,23.0,25.4,84.7,IMD_AWS_NASA_POWER_Blended
MH_DEC_15,Solapur,Solapur,17.659,75.906,458,Deccan_Plateau,2023-07-28,2.06,30.6,22.3,26.4,77.1,IMD_AWS_NASA_POWER_Blended
MH_DEC_15,Solapur,Solapur,17.659,75.906,458,Deccan_Plateau,2023-07-29,2.08,32.7,22.0,27.4,75.1,IMD_AWS_NASA_POWER_Blended
MH_DEC_15,Solapur,Solapur,17.659,75.906,458,Deccan_Plateau,2023-07-30,3.79,31.4,22.1,26.8,76.7,IMD_AWS_NASA_POWER_Blended
MH_DEC_15,Solapur,Solapur,17.659,75.906,458,Deccan_Plateau,2023-07-31,1.4,32.1,22.4,27.3,76.5,IMD_AWS_NASA_POWER_Blended
MH_DEC_15,Solapur,Solapur,17.659,75.906,458,Deccan_Plateau,2023-08-01,1.27,32.3,23.0,27.6,75.9,IMD_AWS_NASA_POWER_Blended
MH_DEC_15,Solapur,Solapur,17.659,75.906,458,Deccan_Plateau,2023-08-02,0.06,32.5,22.6,27.5,74.4,IMD_AWS_NASA_POWER_Blended
MH_DEC_15,Solapur,Solapur,17.659,75.906,458,Deccan_Plateau,2023-08-03,0.46,32.2,22.1,27.2,74.7,IMD_AWS_NASA_POWER_Blended
MH_DEC_15,Solapur,Solapur,17.659,75.906,458,Deccan_Plateau,2023-08-04,0.78,33.3,22.0,27.7,73.4,IMD_AWS_NASA_POWER_Blended
MH_DEC_15,Solapur,Solapur,17.659,75.906,458,Deccan_Plateau,2023-08-05,2.41,32.2,21.8,27.0,74.5,IMD_AWS_NASA_POWER_Blended
MH_DEC_15,Solapur,Solapur,17.659,75.906,458,Deccan_Plateau,2023-08-06,0.75,33.4,22.1,27.8,73.1,IMD_AWS_NASA_POWER_Blended
MH_DEC_15,Solapur,Solapur,17.659,75.906,458,Deccan_Plateau,2023-08-07,0.04,34.0,22.1,28.0,71.6,IMD_AWS_NASA_POWER_Blended
MH_DEC_15,Solapur,Solapur,17.659,75.906,458,Deccan_Plateau,2023-08-08,0.09,32.0,22.1,27.0,73.3,IMD_AWS_NASA_POWER_Blended
MH_DEC_15,Solapur,Solapur,17.659,75.906,458,Deccan_Plateau,2023-08-09,0.41,33.7,21.5,27.6,72.6,IMD_AWS_NASA_POWER_Blended
MH_DEC_15,Solapur,Solapur,17.659,75.906,458,Deccan_Plateau,2023-08-10,1.04,33.8,22.1,27.9,71.5,IMD_AWS_NASA_POWER_Blended
MH_DEC_15,Solapur,Solapur,17.659,75.906,458,Deccan_Plateau,2023-08-11,1.95,33.6,21.9,27.8,71.0,IMD_AWS_NASA_POWER_Blended
MH_DEC_15,Solapur,Solapur,17.659,75.906,458,Deccan_Plateau,2023-08-12,0.08,34.2,22.2,28.2,68.7,IMD_AWS_NASA_POWER_Blended
MH_DEC_15,Solapur,Solapur,17.659,75.906,458,Deccan_Plateau,2023-08-13,0.05,32.8,21.9,27.4,71.8,IMD_AWS_NASA_POWER_Blended
MH_DEC_15,Solapur,Solapur,17.659,75.906,458,Deccan_Plateau,2023-08-14,0.11,33.1,21.8,27.5,70.7,IMD_AWS_NASA_POWER_Blended
MH_DEC_15,Solapur,Solapur,17.659,75.906,458,Deccan_Plateau,2023-08-15,0.98,31.5,22.1,26.8,72.5,IMD_AWS_NASA_POWER_Blended
MH_DEC_15,Solapur,Solapur,17.659,75.906,458,Deccan_Plateau,2023-08-16,0.05,33.8,20.7,27.3,70.3,IMD_AWS_NASA_POWER_Blended
MH_DEC_15,Solapur,Solapur,17.659,75.906,458,Deccan_Plateau,2023-08-17,0.15,34.1,21.8,28.0,68.3,IMD_AWS_NASA_POWER_Blended
MH_DEC_15,Solapur,Solapur,17.659,75.906,458,Deccan_Plateau,2023-08-18,0.11,29.3,22.5,25.9,75.0,IMD_AWS_NASA_POWER_Blended
MH_DEC_15,Solapur,Solapur,17.659,75.906,458,Deccan_Plateau,2023-08-19,0.96,29.5,22.1,25.8,76.8,IMD_AWS_NASA_POWER_Blended
MH_DEC_15,Solapur,Solapur,17.659,75.906,458,Deccan_Plateau,2023-08-20,0.07,34.9,22.0,28.5,68.8,IMD_AWS_NASA_POWER_Blended
MH_DEC_15,Solapur,Solapur,17.659,75.906,458,Deccan_Plateau,2023-08-21,0.39,34.9,22.0,28.5,66.8,IMD_AWS_NASA_POWER_Blended
MH_DEC_15,Solapur,Solapur,17.659,75.906,458,Deccan_Plateau,2023-08-22,0.24,34.3,21.9,28.1,68.5,IMD_AWS_NASA_POWER_Blended
MH_DEC_15,Solapur,Solapur,17.659,75.906,458,Deccan_Plateau,2023-08-23,0.05,32.8,21.9,27.3,72.0,IMD_AWS_NASA_POWER_Blended
MH_DEC_15,Solapur,Solapur,17.659,75.906,458,Deccan_Plateau,2023-08-24,0.03,34.3,22.3,28.3,68.0,IMD_AWS_NASA_POWER_Blended
MH_DEC_15,Solapur,Solapur,17.659,75.906,458,Deccan_Plateau,2023-08-25,1.71,34.1,22.4,28.3,71.1,IMD_AWS_NASA_POWER_Blended
MH_DEC_15,Solapur,Solapur,17.659,75.906,458,Deccan_Plateau,2023-08-26,0.87,33.2,22.9,28.0,70.6,IMD_AWS_NASA_POWER_Blended
MH_DEC_15,Solapur,Solapur,17.659,75.906,458,Deccan_Plateau,2023-08-27,0.29,34.9,22.2,28.6,68.4,IMD_AWS_NASA_POWER_Blended
MH_DEC_15,Solapur,Solapur,17.659,75.906,458,Deccan_Plateau,2023-08-28,6.72,34.5,22.4,28.4,69.2,IMD_AWS_NASA_POWER_Blended
MH_DEC_15,Solapur,Solapur,17.659,75.906,458,Deccan_Plateau,2023-08-29,2.67,34.3,21.6,28.0,69.2,IMD_AWS_NASA_POWER_Blended
MH_DEC_15,Solapur,Solapur,17.659,75.906,458,Deccan_Plateau,2023-08-30,0.87,34.6,22.3,28.5,68.8,IMD_AWS_NASA_POWER_Blended
MH_DEC_15,Solapur,Solapur,17.659,75.906,458,Deccan_Plateau,2023-08-31,0.97,31.5,22.9,27.2,70.8,IMD_AWS_NASA_POWER_Blended
MH_DEC_15,Solapur,Solapur,17.659,75.906,458,Deccan_Plateau,2023-09-01,0.31,35.8,22.4,29.1,66.3,IMD_AWS_NASA_POWER_Blended
MH_DEC_15,Solapur,Solapur,17.659,75.906,458,Deccan_Plateau,2023-09-02,4.47,33.1,24.1,28.6,75.2,IMD_AWS_NASA_POWER_Blended
MH_DEC_15,Solapur,Solapur,17.659,75.906,458,Deccan_Plateau,2023-09-03,11.76,30.9,23.2,27.1,79.0,IMD_AWS_NASA_POWER_Blended
MH_DEC_15,Solapur,Solapur,17.659,75.906,458,Deccan_Plateau,2023-09-04,5.33,32.5,23.1,27.8,76.6,IMD_AWS_NASA_POWER_Blended
MH_DEC_15,Solapur,Solapur,17.659,75.906,458,Deccan_Plateau,2023-09-05,2.3,33.2,22.3,27.7,69.1,IMD_AWS_NASA_POWER_Blended
MH_DEC_15,Solapur,Solapur,17.659,75.906,458,Deccan_Plateau,2023-09-06,0.73,33.2,22.8,28.0,69.4,IMD_AWS_NASA_POWER_Blended
MH_DEC_15,Solapur,Solapur,17.659,75.906,458,Deccan_Plateau,2023-09-07,2.26,30.0,22.2,26.1,75.2,IMD_AWS_NASA_POWER_Blended
MH_DEC_15,Solapur,Solapur,17.659,75.906,458,Deccan_Plateau,2023-09-08,1.94,30.8,22.4,26.6,78.8,IMD_AWS_NASA_POWER_Blended
MH_DEC_15,Solapur,Solapur,17.659,75.906,458,Deccan_Plateau,2023-09-09,2.44,34.0,22.6,28.3,73.2,IMD_AWS_NASA_POWER_Blended
MH_DEC_15,Solapur,Solapur,17.659,75.906,458,Deccan_Plateau,2023-09-10,0.39,33.5,23.3,28.4,72.5,IMD_AWS_NASA_POWER_Blended
MH_DEC_15,Solapur,Solapur,17.659,75.906,458,Deccan_Plateau,2023-09-11,1.53,35.2,22.8,29.0,68.9,IMD_AWS_NASA_POWER_Blended
MH_DEC_15,Solapur,Solapur,17.659,75.906,458,Deccan_Plateau,2023-09-12,0.07,35.5,22.0,28.8,66.1,IMD_AWS_NASA_POWER_Blended
MH_DEC_15,Solapur,Solapur,17.659,75.906,458,Deccan_Plateau,2023-09-13,0.02,34.1,22.2,28.2,68.2,IMD_AWS_NASA_POWER_Blended
MH_DEC_15,Solapur,Solapur,17.659,75.906,458,Deccan_Plateau,2023-09-14,1.28,31.8,22.0,26.9,71.7,IMD_AWS_NASA_POWER_Blended
MH_DEC_15,Solapur,Solapur,17.659,75.906,458,Deccan_Plateau,2023-09-15,0.13,33.2,21.5,27.4,70.8,IMD_AWS_NASA_POWER_Blended
MH_DEC_15,Solapur,Solapur,17.659,75.906,458,Deccan_Plateau,2023-09-16,0.01,34.7,22.4,28.6,69.2,IMD_AWS_NASA_POWER_Blended
MH_DEC_15,Solapur,Solapur,17.659,75.906,458,Deccan_Plateau,2023-09-17,0.09,35.0,22.7,28.9,68.8,IMD_AWS_NASA_POWER_Blended
MH_DEC_15,Solapur,Solapur,17.659,75.906,458,Deccan_Plateau,2023-09-18,2.36,35.1,22.3,28.7,70.5,IMD_AWS_NASA_POWER_Blended
MH_DEC_15,Solapur,Solapur,17.659,75.906,458,Deccan_Plateau,2023-09-19,0.31,35.0,22.1,28.6,69.7,IMD_AWS_NASA_POWER_Blended
MH_DEC_15,Solapur,Solapur,17.659,75.906,458,Deccan_Plateau,2023-09-20,0.86,35.1,22.5,28.8,68.7,IMD_AWS_NASA_POWER_Blended
MH_DEC_15,Solapur,Solapur,17.659,75.906,458,Deccan_Plateau,2023-09-21,4.16,31.2,23.0,27.1,77.6,IMD_AWS_NASA_POWER_Blended
MH_DEC_15,Solapur,Solapur,17.659,75.906,458,Deccan_Plateau,2023-09-22,9.93,30.2,22.7,26.4,78.0,IMD_AWS_NASA_POWER_Blended
MH_DEC_15,Solapur,Solapur,17.659,75.906,458,Deccan_Plateau,2023-09-23,14.91,32.0,22.4,27.2,76.3,IMD_AWS_NASA_POWER_Blended
MH_DEC_15,Solapur,Solapur,17.659,75.906,458,Deccan_Plateau,2023-09-24,4.9,30.4,22.5,26.5,80.4,IMD_AWS_NASA_POWER_Blended
MH_DEC_15,Solapur,Solapur,17.659,75.906,458,Deccan_Plateau,2023-09-25,8.98,31.4,21.4,26.4,77.2,IMD_AWS_NASA_POWER_Blended
MH_DEC_15,Solapur,Solapur,17.659,75.906,458,Deccan_Plateau,2023-09-26,9.17,32.0,23.0,27.5,77.6,IMD_AWS_NASA_POWER_Blended
MH_DEC_15,Solapur,Solapur,17.659,75.906,458,Deccan_Plateau,2023-09-27,12.12,29.9,23.5,26.7,83.6,IMD_AWS_NASA_POWER_Blended
MH_DEC_15,Solapur,Solapur,17.659,75.906,458,Deccan_Plateau,2023-09-28,14.31,31.9,21.9,26.9,78.3,IMD_AWS_NASA_POWER_Blended
MH_DEC_15,Solapur,Solapur,17.659,75.906,458,Deccan_Plateau,2023-09-29,5.15,32.1,23.5,27.8,78.5,IMD_AWS_NASA_POWER_Blended
MH_DEC_15,Solapur,Solapur,17.659,75.906,458,Deccan_Plateau,2023-09-30,11.74,30.6,21.6,26.1,82.6,IMD_AWS_NASA_POWER_Blended
MH_DEC_15,Solapur,Solapur,17.659,75.906,458,Deccan_Plateau,2023-10-01,25.29,30.7,22.6,26.7,85.4,IMD_AWS_NASA_POWER_Blended
MH_DEC_15,Solapur,Solapur,17.659,75.906,458,Deccan_Plateau,2023-10-02,13.05,28.6,22.2,25.4,81.3,IMD_AWS_NASA_POWER_Blended
MH_DEC_15,Solapur,Solapur,17.659,75.906,458,Deccan_Plateau,2023-10-03,0.13,32.9,21.4,27.2,74.0,IMD_AWS_NASA_POWER_Blended
MH_DEC_15,Solapur,Solapur,17.659,75.906,458,Deccan_Plateau,2023-10-04,0.07,33.3,21.9,27.6,70.9,IMD_AWS_NASA_POWER_Blended
MH_DEC_15,Solapur,Solapur,17.659,75.906,458,Deccan_Plateau,2023-10-05,0.02,32.3,19.7,26.0,69.0,IMD_AWS_NASA_POWER_Blended
MH_DEC_15,Solapur,Solapur,17.659,75.906,458,Deccan_Plateau,2023-10-06,0.0,32.8,19.1,26.0,66.6,IMD_AWS_NASA_POWER_Blended
MH_DEC_15,Solapur,Solapur,17.659,75.906,458,Deccan_Plateau,2023-10-07,0.0,33.6,18.6,26.1,67.5,IMD_AWS_NASA_POWER_Blended
MH_DEC_15,Solapur,Solapur,17.659,75.906,458,Deccan_Plateau,2023-10-08,0.0,34.0,20.0,27.0,68.3,IMD_AWS_NASA_POWER_Blended
MH_DEC_15,Solapur,Solapur,17.659,75.906,458,Deccan_Plateau,2023-10-09,0.0,33.8,20.2,27.0,67.3,IMD_AWS_NASA_POWER_Blended
MH_DEC_15,Solapur,Solapur,17.659,75.906,458,Deccan_Plateau,2023-10-10,0.0,33.6,20.9,27.3,70.9,IMD_AWS_NASA_POWER_Blended
MH_DEC_15,Solapur,Solapur,17.659,75.906,458,Deccan_Plateau,2023-10-11,0.0,33.0,20.5,26.7,70.0,IMD_AWS_NASA_POWER_Blended
MH_DEC_15,Solapur,Solapur,17.659,75.906,458,Deccan_Plateau,2023-10-12,0.0,33.5,19.8,26.7,67.8,IMD_AWS_NASA_POWER_Blended
MH_DEC_15,Solapur,Solapur,17.659,75.906,458,Deccan_Plateau,2023-10-13,0.0,33.9,19.9,26.9,64.5,IMD_AWS_NASA_POWER_Blended
MH_DEC_15,Solapur,Solapur,17.659,75.906,458,Deccan_Plateau,2023-10-14,0.0,33.2,19.0,26.1,64.8,IMD_AWS_NASA_POWER_Blended
MH_DEC_15,Solapur,Solapur,17.659,75.906,458,Deccan_Plateau,2023-10-15,0.0,32.9,20.4,26.6,68.3,IMD_AWS_NASA_POWER_Blended
MH_DEC_15,Solapur,Solapur,17.659,75.906,458,Deccan_Plateau,2023-10-16,0.0,33.0,20.3,26.7,67.9,IMD_AWS_NASA_POWER_Blended
MH_DEC_15,Solapur,Solapur,17.659,75.906,458,Deccan_Plateau,2023-10-17,0.0,33.6,20.0,26.8,67.4,IMD_AWS_NASA_POWER_Blended
MH_DEC_15,Solapur,Solapur,17.659,75.906,458,Deccan_Plateau,2023-10-18,0.0,33.7,19.8,26.7,67.4,IMD_AWS_NASA_POWER_Blended
MH_DEC_15,Solapur,Solapur,17.659,75.906,458,Deccan_Plateau,2023-10-19,0.0,33.0,19.7,26.4,67.8,IMD_AWS_NASA_POWER_Blended
MH_DEC_15,Solapur,Solapur,17.659,75.906,458,Deccan_Plateau,2023-10-20,0.02,33.4,20.9,27.1,66.2,IMD_AWS_NASA_POWER_Blended
MH_DEC_15,Solapur,Solapur,17.659,75.906,458,Deccan_Plateau,2023-10-21,0.01,33.3,20.0,26.6,68.1,IMD_AWS_NASA_POWER_Blended
MH_DEC_15,Solapur,Solapur,17.659,75.906,458,Deccan_Plateau,2023-10-22,0.0,33.3,19.7,26.5,64.5,IMD_AWS_NASA_POWER_Blended
MH_DEC_15,Solapur,Solapur,17.659,75.906,458,Deccan_Plateau,2023-10-23,0.0,33.5,18.6,26.1,63.0,IMD_AWS_NASA_POWER_Blended
MH_DEC_15,Solapur,Solapur,17.659,75.906,458,Deccan_Plateau,2023-10-24,0.0,33.4,18.8,26.1,63.6,IMD_AWS_NASA_POWER_Blended
MH_DEC_15,Solapur,Solapur,17.659,75.906,458,Deccan_Plateau,2023-10-25,0.0,33.1,17.4,25.2,60.1,IMD_AWS_NASA_POWER_Blended
MH_DEC_15,Solapur,Solapur,17.659,75.906,458,Deccan_Plateau,2023-10-26,0.0,32.5,16.4,24.4,59.8,IMD_AWS_NASA_POWER_Blended
MH_DEC_15,Solapur,Solapur,17.659,75.906,458,Deccan_Plateau,2023-10-27,0.0,32.1,15.8,24.0,57.5,IMD_AWS_NASA_POWER_Blended
MH_DEC_15,Solapur,Solapur,17.659,75.906,458,Deccan_Plateau,2023-10-28,0.0,32.8,15.3,24.0,55.0,IMD_AWS_NASA_POWER_Blended
MH_DEC_15,Solapur,Solapur,17.659,75.906,458,Deccan_Plateau,2023-10-29,0.0,33.5,15.8,24.7,56.9,IMD_AWS_NASA_POWER_Blended
MH_DEC_15,Solapur,Solapur,17.659,75.906,458,Deccan_Plateau,2023-10-30,0.03,33.0,16.3,24.6,60.6,IMD_AWS_NASA_POWER_Blended
MH_DEC_15,Solapur,Solapur,17.659,75.906,458,Deccan_Plateau,2023-10-31,0.0,33.0,16.0,24.5,62.1,IMD_AWS_NASA_POWER_Blended
MH_DEC_16,Chhatrapati_Sambhajinagar,Aurangabad,19.876,75.343,582,Deccan_Plateau,2023-06-01,0.0,40.9,26.1,33.5,26.9,IMD_AWS_NASA_POWER_Blended
MH_DEC_16,Chhatrapati_Sambhajinagar,Aurangabad,19.876,75.343,582,Deccan_Plateau,2023-06-02,0.02,39.7,24.8,32.3,34.5,IMD_AWS_NASA_POWER_Blended
MH_DEC_16,Chhatrapati_Sambhajinagar,Aurangabad,19.876,75.343,582,Deccan_Plateau,2023-06-03,1.0,37.8,24.9,31.3,45.2,IMD_AWS_NASA_POWER_Blended
MH_DEC_16,Chhatrapati_Sambhajinagar,Aurangabad,19.876,75.343,582,Deccan_Plateau,2023-06-04,0.6,37.9,25.8,31.8,45.9,IMD_AWS_NASA_POWER_Blended
MH_DEC_16,Chhatrapati_Sambhajinagar,Aurangabad,19.876,75.343,582,Deccan_Plateau,2023-06-05,0.17,38.5,25.5,32.0,41.6,IMD_AWS_NASA_POWER_Blended
MH_DEC_16,Chhatrapati_Sambhajinagar,Aurangabad,19.876,75.343,582,Deccan_Plateau,2023-06-06,0.21,39.8,25.5,32.6,39.9,IMD_AWS_NASA_POWER_Blended
MH_DEC_16,Chhatrapati_Sambhajinagar,Aurangabad,19.876,75.343,582,Deccan_Plateau,2023-06-07,0.0,40.4,26.0,33.2,37.3,IMD_AWS_NASA_POWER_Blended
MH_DEC_16,Chhatrapati_Sambhajinagar,Aurangabad,19.876,75.343,582,Deccan_Plateau,2023-06-08,0.06,40.0,25.7,32.8,40.3,IMD_AWS_NASA_POWER_Blended
MH_DEC_16,Chhatrapati_Sambhajinagar,Aurangabad,19.876,75.343,582,Deccan_Plateau,2023-06-09,0.0,40.1,26.8,33.5,40.4,IMD_AWS_NASA_POWER_Blended
MH_DEC_16,Chhatrapati_Sambhajinagar,Aurangabad,19.876,75.343,582,Deccan_Plateau,2023-06-10,9.98,37.2,26.9,32.0,52.3,IMD_AWS_NASA_POWER_Blended
MH_DEC_16,Chhatrapati_Sambhajinagar,Aurangabad,19.876,75.343,582,Deccan_Plateau,2023-06-11,0.13,37.0,24.5,30.8,55.4,IMD_AWS_NASA_POWER_Blended
MH_DEC_16,Chhatrapati_Sambhajinagar,Aurangabad,19.876,75.343,582,Deccan_Plateau,2023-06-12,0.0,39.4,24.6,32.0,46.9,IMD_AWS_NASA_POWER_Blended
MH_DEC_16,Chhatrapati_Sambhajinagar,Aurangabad,19.876,75.343,582,Deccan_Plateau,2023-06-13,0.0,39.3,24.4,31.9,49.1,IMD_AWS_NASA_POWER_Blended
MH_DEC_16,Chhatrapati_Sambhajinagar,Aurangabad,19.876,75.343,582,Deccan_Plateau,2023-06-14,0.08,39.0,24.0,31.5,48.8,IMD_AWS_NASA_POWER_Blended
MH_DEC_16,Chhatrapati_Sambhajinagar,Aurangabad,19.876,75.343,582,Deccan_Plateau,2023-06-15,0.01,39.2,24.2,31.7,49.2,IMD_AWS_NASA_POWER_Blended
MH_DEC_16,Chhatrapati_Sambhajinagar,Aurangabad,19.876,75.343,582,Deccan_Plateau,2023-06-16,0.0,39.3,24.4,31.9,52.2,IMD_AWS_NASA_POWER_Blended
MH_DEC_16,Chhatrapati_Sambhajinagar,Aurangabad,19.876,75.343,582,Deccan_Plateau,2023-06-17,0.01,38.0,25.6,31.8,53.3,IMD_AWS_NASA_POWER_Blended
MH_DEC_16,Chhatrapati_Sambhajinagar,Aurangabad,19.876,75.343,582,Deccan_Plateau,2023-06-18,0.0,39.4,24.7,32.0,51.2,IMD_AWS_NASA_POWER_Blended
MH_DEC_16,Chhatrapati_Sambhajinagar,Aurangabad,19.876,75.343,582,Deccan_Plateau,2023-06-19,0.0,39.6,24.5,32.1,49.8,IMD_AWS_NASA_POWER_Blended
MH_DEC_16,Chhatrapati_Sambhajinagar,Aurangabad,19.876,75.343,582,Deccan_Plateau,2023-06-20,0.0,38.4,24.6,31.5,52.8,IMD_AWS_NASA_POWER_Blended
MH_DEC_16,Chhatrapati_Sambhajinagar,Aurangabad,19.876,75.343,582,Deccan_Plateau,2023-06-21,0.0,37.2,25.2,31.2,53.1,IMD_AWS_NASA_POWER_Blended
MH_DEC_16,Chhatrapati_Sambhajinagar,Aurangabad,19.876,75.343,582,Deccan_Plateau,2023-06-22,0.02,36.4,25.9,31.2,51.5,IMD_AWS_NASA_POWER_Blended
MH_DEC_16,Chhatrapati_Sambhajinagar,Aurangabad,19.876,75.343,582,Deccan_Plateau,2023-06-23,0.18,32.2,25.8,29.0,55.9,IMD_AWS_NASA_POWER_Blended
MH_DEC_16,Chhatrapati_Sambhajinagar,Aurangabad,19.876,75.343,582,Deccan_Plateau,2023-06-24,2.05,33.9,25.2,29.5,61.4,IMD_AWS_NASA_POWER_Blended
MH_DEC_16,Chhatrapati_Sambhajinagar,Aurangabad,19.876,75.343,582,Deccan_Plateau,2023-06-25,0.5,35.5,24.0,29.7,54.7,IMD_AWS_NASA_POWER_Blended
MH_DEC_16,Chhatrapati_Sambhajinagar,Aurangabad,19.876,75.343,582,Deccan_Plateau,2023-06-26,4.06,31.2,23.0,27.1,58.1,IMD_AWS_NASA_POWER_Blended
MH_DEC_16,Chhatrapati_Sambhajinagar,Aurangabad,19.876,75.343,582,Deccan_Plateau,2023-06-27,14.9,29.1,21.6,25.3,70.0,IMD_AWS_NASA_POWER_Blended
MH_DEC_16,Chhatrapati_Sambhajinagar,Aurangabad,19.876,75.343,582,Deccan_Plateau,2023-06-28,2.65,32.4,21.5,27.0,71.2,IMD_AWS_NASA_POWER_Blended
MH_DEC_16,Chhatrapati_Sambhajinagar,Aurangabad,19.876,75.343,582,Deccan_Plateau,2023-06-29,4.23,30.1,22.5,26.3,71.3,IMD_AWS_NASA_POWER_Blended
MH_DEC_16,Chhatrapati_Sambhajinagar,Aurangabad,19.876,75.343,582,Deccan_Plateau,2023-06-30,0.32,29.8,22.0,25.9,73.0,IMD_AWS_NASA_POWER_Blended
MH_DEC_16,Chhatrapati_Sambhajinagar,Aurangabad,19.876,75.343,582,Deccan_Plateau,2023-07-01,3.29,32.5,23.2,27.9,72.2,IMD_AWS_NASA_POWER_Blended
MH_DEC_16,Chhatrapati_Sambhajinagar,Aurangabad,19.876,75.343,582,Deccan_Plateau,2023-07-02,48.43,33.1,23.4,28.3,78.2,IMD_AWS_NASA_POWER_Blended
MH_DEC_16,Chhatrapati_Sambhajinagar,Aurangabad,19.876,75.343,582,Deccan_Plateau,2023-07-03,2.41,33.5,23.4,28.4,74.7,IMD_AWS_NASA_POWER_Blended
MH_DEC_16,Chhatrapati_Sambhajinagar,Aurangabad,19.876,75.343,582,Deccan_Plateau,2023-07-04,15.95,30.2,24.6,27.4,80.6,IMD_AWS_NASA_POWER_Blended
MH_DEC_16,Chhatrapati_Sambhajinagar,Aurangabad,19.876,75.343,582,Deccan_Plateau,2023-07-05,16.06,29.4,23.2,26.3,83.4,IMD_AWS_NASA_POWER_Blended
MH_DEC_16,Chhatrapati_Sambhajinagar,Aurangabad,19.876,75.343,582,Deccan_Plateau,2023-07-06,28.86,28.8,23.1,26.0,85.0,IMD_AWS_NASA_POWER_Blended
MH_DEC_16,Chhatrapati_Sambhajinagar,Aurangabad,19.876,75.343,582,Deccan_Plateau,2023-07-07,9.63,28.8,23.0,25.9,85.7,IMD_AWS_NASA_POWER_Blended
MH_DEC_16,Chhatrapati_Sambhajinagar,Aurangabad,19.876,75.343,582,Deccan_Plateau,2023-07-08,4.61,31.1,23.3,27.2,80.5,IMD_AWS_NASA_POWER_Blended
MH_DEC_16,Chhatrapati_Sambhajinagar,Aurangabad,19.876,75.343,582,Deccan_Plateau,2023-07-09,1.09,28.7,22.6,25.7,82.4,IMD_AWS_NASA_POWER_Blended
MH_DEC_16,Chhatrapati_Sambhajinagar,Aurangabad,19.876,75.343,582,Deccan_Plateau,2023-07-10,3.35,31.5,22.6,27.0,78.7,IMD_AWS_NASA_POWER_Blended
MH_DEC_16,Chhatrapati_Sambhajinagar,Aurangabad,19.876,75.343,582,Deccan_Plateau,2023-07-11,7.06,31.2,22.2,26.7,80.4,IMD_AWS_NASA_POWER_Blended
MH_DEC_16,Chhatrapati_Sambhajinagar,Aurangabad,19.876,75.343,582,Deccan_Plateau,2023-07-12,18.27,30.4,22.7,26.6,78.7,IMD_AWS_NASA_POWER_Blended
MH_DEC_16,Chhatrapati_Sambhajinagar,Aurangabad,19.876,75.343,582,Deccan_Plateau,2023-07-13,3.72,31.1,22.1,26.6,80.2,IMD_AWS_NASA_POWER_Blended
MH_DEC_16,Chhatrapati_Sambhajinagar,Aurangabad,19.876,75.343,582,Deccan_Plateau,2023-07-14,0.92,31.0,22.7,26.8,77.7,IMD_AWS_NASA_POWER_Blended
MH_DEC_16,Chhatrapati_Sambhajinagar,Aurangabad,19.876,75.343,582,Deccan_Plateau,2023-07-15,6.28,28.5,22.4,25.5,84.8,IMD_AWS_NASA_POWER_Blended
MH_DEC_16,Chhatrapati_Sambhajinagar,Aurangabad,19.876,75.343,582,Deccan_Plateau,2023-07-16,3.7,29.0,22.8,25.9,84.1,IMD_AWS_NASA_POWER_Blended
MH_DEC_16,Chhatrapati_Sambhajinagar,Aurangabad,19.876,75.343,582,Deccan_Plateau,2023-07-17,2.49,31.4,22.6,27.0,78.4,IMD_AWS_NASA_POWER_Blended
MH_DEC_16,Chhatrapati_Sambhajinagar,Aurangabad,19.876,75.343,582,Deccan_Plateau,2023-07-18,21.71,27.8,23.0,25.4,87.5,IMD_AWS_NASA_POWER_Blended
MH_DEC_16,Chhatrapati_Sambhajinagar,Aurangabad,19.876,75.343,582,Deccan_Plateau,2023-07-19,2.51,30.4,22.8,26.6,84.2,IMD_AWS_NASA_POWER_Blended
MH_DEC_16,Chhatrapati_Sambhajinagar,Aurangabad,19.876,75.343,582,Deccan_Plateau,2023-07-20,1.95,28.8,23.5,26.2,85.8,IMD_AWS_NASA_POWER_Blended
MH_DEC_16,Chhatrapati_Sambhajinagar,Aurangabad,19.876,75.343,582,Deccan_Plateau,2023-07-21,4.79,30.0,22.4,26.2,83.9,IMD_AWS_NASA_POWER_Blended
MH_DEC_16,Chhatrapati_Sambhajinagar,Aurangabad,19.876,75.343,582,Deccan_Plateau,2023-07-22,13.54,27.9,22.6,25.2,87.6,IMD_AWS_NASA_POWER_Blended
MH_DEC_16,Chhatrapati_Sambhajinagar,Aurangabad,19.876,75.343,582,Deccan_Plateau,2023-07-23,7.21,30.1,22.2,26.1,85.0,IMD_AWS_NASA_POWER_Blended
MH_DEC_16,Chhatrapati_Sambhajinagar,Aurangabad,19.876,75.343,582,Deccan_Plateau,2023-07-24,2.75,32.0,22.7,27.3,81.0,IMD_AWS_NASA_POWER_Blended
MH_DEC_16,Chhatrapati_Sambhajinagar,Aurangabad,19.876,75.343,582,Deccan_Plateau,2023-07-25,14.28,29.9,22.7,26.3,85.2,IMD_AWS_NASA_POWER_Blended
MH_DEC_16,Chhatrapati_Sambhajinagar,Aurangabad,19.876,75.343,582,Deccan_Plateau,2023-07-26,2.47,28.7,22.7,25.7,86.6,IMD_AWS_NASA_POWER_Blended
MH_DEC_16,Chhatrapati_Sambhajinagar,Aurangabad,19.876,75.343,582,Deccan_Plateau,2023-07-27,3.55,30.6,22.9,26.7,82.3,IMD_AWS_NASA_POWER_Blended
MH_DEC_16,Chhatrapati_Sambhajinagar,Aurangabad,19.876,75.343,582,Deccan_Plateau,2023-07-28,8.24,30.0,23.2,26.6,83.4,IMD_AWS_NASA_POWER_Blended
MH_DEC_16,Chhatrapati_Sambhajinagar,Aurangabad,19.876,75.343,582,Deccan_Plateau,2023-07-29,1.29,30.9,22.2,26.5,81.7,IMD_AWS_NASA_POWER_Blended
MH_DEC_16,Chhatrapati_Sambhajinagar,Aurangabad,19.876,75.343,582,Deccan_Plateau,2023-07-30,1.57,30.4,22.7,26.5,82.0,IMD_AWS_NASA_POWER_Blended
MH_DEC_16,Chhatrapati_Sambhajinagar,Aurangabad,19.876,75.343,582,Deccan_Plateau,2023-07-31,2.27,31.5,22.1,26.8,80.9,IMD_AWS_NASA_POWER_Blended
MH_DEC_16,Chhatrapati_Sambhajinagar,Aurangabad,19.876,75.343,582,Deccan_Plateau,2023-08-01,1.2,30.9,22.9,26.9,81.6,IMD_AWS_NASA_POWER_Blended
MH_DEC_16,Chhatrapati_Sambhajinagar,Aurangabad,19.876,75.343,582,Deccan_Plateau,2023-08-02,1.81,29.1,22.5,25.8,83.8,IMD_AWS_NASA_POWER_Blended
MH_DEC_16,Chhatrapati_Sambhajinagar,Aurangabad,19.876,75.343,582,Deccan_Plateau,2023-08-03,0.91,28.1,22.0,25.1,83.6,IMD_AWS_NASA_POWER_Blended
MH_DEC_16,Chhatrapati_Sambhajinagar,Aurangabad,19.876,75.343,582,Deccan_Plateau,2023-08-04,0.69,30.7,22.1,26.4,80.1,IMD_AWS_NASA_POWER_Blended
MH_DEC_16,Chhatrapati_Sambhajinagar,Aurangabad,19.876,75.343,582,Deccan_Plateau,2023-08-05,4.61,29.2,21.7,25.4,81.8,IMD_AWS_NASA_POWER_Blended
MH_DEC_16,Chhatrapati_Sambhajinagar,Aurangabad,19.876,75.343,582,Deccan_Plateau,2023-08-06,1.82,31.5,21.6,26.6,78.9,IMD_AWS_NASA_POWER_Blended
MH_DEC_16,Chhatrapati_Sambhajinagar,Aurangabad,19.876,75.343,582,Deccan_Plateau,2023-08-07,0.17,30.6,21.8,26.2,79.0,IMD_AWS_NASA_POWER_Blended
MH_DEC_16,Chhatrapati_Sambhajinagar,Aurangabad,19.876,75.343,582,Deccan_Plateau,2023-08-08,0.46,30.3,21.7,26.0,80.6,IMD_AWS_NASA_POWER_Blended
MH_DEC_16,Chhatrapati_Sambhajinagar,Aurangabad,19.876,75.343,582,Deccan_Plateau,2023-08-09,0.11,29.4,21.5,25.4,81.7,IMD_AWS_NASA_POWER_Blended
MH_DEC_16,Chhatrapati_Sambhajinagar,Aurangabad,19.876,75.343,582,Deccan_Plateau,2023-08-10,1.39,31.0,21.9,26.5,78.8,IMD_AWS_NASA_POWER_Blended
MH_DEC_16,Chhatrapati_Sambhajinagar,Aurangabad,19.876,75.343,582,Deccan_Plateau,2023-08-11,0.97,31.2,21.4,26.3,79.5,IMD_AWS_NASA_POWER_Blended
MH_DEC_16,Chhatrapati_Sambhajinagar,Aurangabad,19.876,75.343,582,Deccan_Plateau,2023-08-12,0.27,31.5,21.4,26.5,76.4,IMD_AWS_NASA_POWER_Blended
MH_DEC_16,Chhatrapati_Sambhajinagar,Aurangabad,19.876,75.343,582,Deccan_Plateau,2023-08-13,0.78,29.9,21.6,25.7,79.8,IMD_AWS_NASA_POWER_Blended
MH_DEC_16,Chhatrapati_Sambhajinagar,Aurangabad,19.876,75.343,582,Deccan_Plateau,2023-08-14,0.45,31.0,21.0,26.0,76.8,IMD_AWS_NASA_POWER_Blended
MH_DEC_16,Chhatrapati_Sambhajinagar,Aurangabad,19.876,75.343,582,Deccan_Plateau,2023-08-15,0.93,30.4,21.3,25.9,77.8,IMD_AWS_NASA_POWER_Blended
MH_DEC_16,Chhatrapati_Sambhajinagar,Aurangabad,19.876,75.343,582,Deccan_Plateau,2023-08-16,0.14,31.6,21.2,26.4,76.5,IMD_AWS_NASA_POWER_Blended
MH_DEC_16,Chhatrapati_Sambhajinagar,Aurangabad,19.876,75.343,582,Deccan_Plateau,2023-08-17,0.02,31.4,21.4,26.4,75.5,IMD_AWS_NASA_POWER_Blended
MH_DEC_16,Chhatrapati_Sambhajinagar,Aurangabad,19.876,75.343,582,Deccan_Plateau,2023-08-18,2.08,28.1,21.9,25.0,81.3,IMD_AWS_NASA_POWER_Blended
MH_DEC_16,Chhatrapati_Sambhajinagar,Aurangabad,19.876,75.343,582,Deccan_Plateau,2023-08-19,12.74,28.2,21.9,25.1,83.6,IMD_AWS_NASA_POWER_Blended
MH_DEC_16,Chhatrapati_Sambhajinagar,Aurangabad,19.876,75.343,582,Deccan_Plateau,2023-08-20,16.15,29.3,21.7,25.5,82.0,IMD_AWS_NASA_POWER_Blended
MH_DEC_16,Chhatrapati_Sambhajinagar,Aurangabad,19.876,75.343,582,Deccan_Plateau,2023-08-21,0.76,31.5,21.2,26.3,78.3,IMD_AWS_NASA_POWER_Blended
MH_DEC_16,Chhatrapati_Sambhajinagar,Aurangabad,19.876,75.343,582,Deccan_Plateau,2023-08-22,3.77,31.7,21.2,26.4,79.9,IMD_AWS_NASA_POWER_Blended
MH_DEC_16,Chhatrapati_Sambhajinagar,Aurangabad,19.876,75.343,582,Deccan_Plateau,2023-08-23,0.12,31.9,21.5,26.7,77.4,IMD_AWS_NASA_POWER_Blended
MH_DEC_16,Chhatrapati_Sambhajinagar,Aurangabad,19.876,75.343,582,Deccan_Plateau,2023-08-24,1.27,31.0,22.3,26.7,77.8,IMD_AWS_NASA_POWER_Blended
MH_DEC_16,Chhatrapati_Sambhajinagar,Aurangabad,19.876,75.343,582,Deccan_Plateau,2023-08-25,1.04,31.3,21.9,26.6,79.9,IMD_AWS_NASA_POWER_Blended
MH_DEC_16,Chhatrapati_Sambhajinagar,Aurangabad,19.876,75.343,582,Deccan_Plateau,2023-08-26,3.7,31.2,22.3,26.7,79.2,IMD_AWS_NASA_POWER_Blended
MH_DEC_16,Chhatrapati_Sambhajinagar,Aurangabad,19.876,75.343,582,Deccan_Plateau,2023-08-27,1.87,31.1,22.4,26.7,77.8,IMD_AWS_NASA_POWER_Blended
MH_DEC_16,Chhatrapati_Sambhajinagar,Aurangabad,19.876,75.343,582,Deccan_Plateau,2023-08-28,0.07,31.6,21.3,26.4,76.0,IMD_AWS_NASA_POWER_Blended
MH_DEC_16,Chhatrapati_Sambhajinagar,Aurangabad,19.876,75.343,582,Deccan_Plateau,2023-08-29,0.0,31.8,21.1,26.4,76.4,IMD_AWS_NASA_POWER_Blended
MH_DEC_16,Chhatrapati_Sambhajinagar,Aurangabad,19.876,75.343,582,Deccan_Plateau,2023-08-30,0.01,32.2,21.6,26.9,74.1,IMD_AWS_NASA_POWER_Blended
MH_DEC_16,Chhatrapati_Sambhajinagar,Aurangabad,19.876,75.343,582,Deccan_Plateau,2023-08-31,0.52,32.3,21.3,26.8,74.1,IMD_AWS_NASA_POWER_Blended
MH_DEC_16,Chhatrapati_Sambhajinagar,Aurangabad,19.876,75.343,582,Deccan_Plateau,2023-09-01,0.24,32.8,21.4,27.1,74.4,IMD_AWS_NASA_POWER_Blended
MH_DEC_16,Chhatrapati_Sambhajinagar,Aurangabad,19.876,75.343,582,Deccan_Plateau,2023-09-02,1.26,32.6,22.1,27.4,73.6,IMD_AWS_NASA_POWER_Blended
MH_DEC_16,Chhatrapati_Sambhajinagar,Aurangabad,19.876,75.343,582,Deccan_Plateau,2023-09-03,2.21,32.8,22.4,27.6,73.8,IMD_AWS_NASA_POWER_Blended
MH_DEC_16,Chhatrapati_Sambhajinagar,Aurangabad,19.876,75.343,582,Deccan_Plateau,2023-09-04,0.26,32.9,23.1,28.0,73.5,IMD_AWS_NASA_POWER_Blended
MH_DEC_16,Chhatrapati_Sambhajinagar,Aurangabad,19.876,75.343,582,Deccan_Plateau,2023-09-05,0.29,32.2,21.4,26.8,71.2,IMD_AWS_NASA_POWER_Blended
MH_DEC_16,Chhatrapati_Sambhajinagar,Aurangabad,19.876,75.343,582,Deccan_Plateau,2023-09-06,2.87,32.2,21.8,27.0,73.7,IMD_AWS_NASA_POWER_Blended
MH_DEC_16,Chhatrapati_Sambhajinagar,Aurangabad,19.876,75.343,582,Deccan_Plateau,2023-09-07,22.79,27.6,23.0,25.3,87.8,IMD_AWS_NASA_POWER_Blended
MH_DEC_16,Chhatrapati_Sambhajinagar,Aurangabad,19.876,75.343,582,Deccan_Plateau,2023-09-08,22.84,27.0,23.3,25.2,89.7,IMD_AWS_NASA_POWER_Blended
MH_DEC_16,Chhatrapati_Sambhajinagar,Aurangabad,19.876,75.343,582,Deccan_Plateau,2023-09-09,7.01,29.3,22.3,25.8,84.2,IMD_AWS_NASA_POWER_Blended
MH_DEC_16,Chhatrapati_Sambhajinagar,Aurangabad,19.876,75.343,582,Deccan_Plateau,2023-09-10,6.44,28.5,22.4,25.4,84.1,IMD_AWS_NASA_POWER_Blended
MH_DEC_16,Chhatrapati_Sambhajinagar,Aurangabad,19.876,75.343,582,Deccan_Plateau,2023-09-11,0.03,31.4,22.1,26.8,78.3,IMD_AWS_NASA_POWER_Blended
MH_DEC_16,Chhatrapati_Sambhajinagar,Aurangabad,19.876,75.343,582,Deccan_Plateau,2023-09-12,0.0,31.6,22.1,26.9,75.9,IMD_AWS_NASA_POWER_Blended
MH_DEC_16,Chhatrapati_Sambhajinagar,Aurangabad,19.876,75.343,582,Deccan_Plateau,2023-09-13,0.45,31.5,21.5,26.5,77.2,IMD_AWS_NASA_POWER_Blended
MH_DEC_16,Chhatrapati_Sambhajinagar,Aurangabad,19.876,75.343,582,Deccan_Plateau,2023-09-14,7.57,27.0,21.9,24.5,85.3,IMD_AWS_NASA_POWER_Blended
MH_DEC_16,Chhatrapati_Sambhajinagar,Aurangabad,19.876,75.343,582,Deccan_Plateau,2023-09-15,7.76,28.2,21.6,24.9,85.3,IMD_AWS_NASA_POWER_Blended
MH_DEC_16,Chhatrapati_Sambhajinagar,Aurangabad,19.876,75.343,582,Deccan_Plateau,2023-09-16,3.99,25.9,21.3,23.6,85.1,IMD_AWS_NASA_POWER_Blended
MH_DEC_16,Chhatrapati_Sambhajinagar,Aurangabad,19.876,75.343,582,Deccan_Plateau,2023-09-17,2.74,31.0,20.9,25.9,80.0,IMD_AWS_NASA_POWER_Blended
MH_DEC_16,Chhatrapati_Sambhajinagar,Aurangabad,19.876,75.343,582,Deccan_Plateau,2023-09-18,3.09,31.9,21.3,26.6,80.9,IMD_AWS_NASA_POWER_Blended
MH_DEC_16,Chhatrapati_Sambhajinagar,Aurangabad,19.876,75.343,582,Deccan_Plateau,2023-09-19,2.42,32.0,21.7,26.8,79.7,IMD_AWS_NASA_POWER_Blended
MH_DEC_16,Chhatrapati_Sambhajinagar,Aurangabad,19.876,75.343,582,Deccan_Plateau,2023-09-20,0.32,31.6,21.7,26.7,79.7,IMD_AWS_NASA_POWER_Blended
MH_DEC_16,Chhatrapati_Sambhajinagar,Aurangabad,19.876,75.343,582,Deccan_Plateau,2023-09-21,46.0,28.0,23.1,25.5,88.8,IMD_AWS_NASA_POWER_Blended
MH_DEC_16,Chhatrapati_Sambhajinagar,Aurangabad,19.876,75.343,582,Deccan_Plateau,2023-09-22,7.27,29.2,22.6,25.9,87.2,IMD_AWS_NASA_POWER_Blended
MH_DEC_16,Chhatrapati_Sambhajinagar,Aurangabad,19.876,75.343,582,Deccan_Plateau,2023-09-23,25.75,27.2,23.3,25.3,91.3,IMD_AWS_NASA_POWER_Blended
MH_DEC_16,Chhatrapati_Sambhajinagar,Aurangabad,19.876,75.343,582,Deccan_Plateau,2023-09-24,4.19,28.8,22.3,25.5,87.4,IMD_AWS_NASA_POWER_Blended
MH_DEC_16,Chhatrapati_Sambhajinagar,Aurangabad,19.876,75.343,582,Deccan_Plateau,2023-09-25,4.03,28.8,22.1,25.5,86.4,IMD_AWS_NASA_POWER_Blended
MH_DEC_16,Chhatrapati_Sambhajinagar,Aurangabad,19.876,75.343,582,Deccan_Plateau,2023-09-26,25.46,28.7,21.4,25.1,88.2,IMD_AWS_NASA_POWER_Blended
MH_DEC_16,Chhatrapati_Sambhajinagar,Aurangabad,19.876,75.343,582,Deccan_Plateau,2023-09-27,7.39,28.4,22.3,25.4,88.6,IMD_AWS_NASA_POWER_Blended
MH_DEC_16,Chhatrapati_Sambhajinagar,Aurangabad,19.876,75.343,582,Deccan_Plateau,2023-09-28,2.63,29.4,22.1,25.7,86.2,IMD_AWS_NASA_POWER_Blended
MH_DEC_16,Chhatrapati_Sambhajinagar,Aurangabad,19.876,75.343,582,Deccan_Plateau,2023-09-29,14.26,29.4,22.5,26.0,84.0,IMD_AWS_NASA_POWER_Blended
MH_DEC_16,Chhatrapati_Sambhajinagar,Aurangabad,19.876,75.343,582,Deccan_Plateau,2023-09-30,2.18,29.9,22.6,26.2,81.5,IMD_AWS_NASA_POWER_Blended
MH_DEC_16,Chhatrapati_Sambhajinagar,Aurangabad,19.876,75.343,582,Deccan_Plateau,2023-10-01,0.13,30.4,21.7,26.0,79.7,IMD_AWS_NASA_POWER_Blended
MH_DEC_16,Chhatrapati_Sambhajinagar,Aurangabad,19.876,75.343,582,Deccan_Plateau,2023-10-02,0.56,30.1,22.1,26.1,81.7,IMD_AWS_NASA_POWER_Blended
MH_DEC_16,Chhatrapati_Sambhajinagar,Aurangabad,19.876,75.343,582,Deccan_Plateau,2023-10-03,0.05,29.9,20.9,25.4,80.1,IMD_AWS_NASA_POWER_Blended
MH_DEC_16,Chhatrapati_Sambhajinagar,Aurangabad,19.876,75.343,582,Deccan_Plateau,2023-10-04,0.0,29.7,18.3,24.0,73.9,IMD_AWS_NASA_POWER_Blended
MH_DEC_16,Chhatrapati_Sambhajinagar,Aurangabad,19.876,75.343,582,Deccan_Plateau,2023-10-05,0.0,29.6,17.7,23.7,78.8,IMD_AWS_NASA_POWER_Blended
MH_DEC_16,Chhatrapati_Sambhajinagar,Aurangabad,19.876,75.343,582,Deccan_Plateau,2023-10-06,0.0,29.9,18.4,24.1,78.2,IMD_AWS_NASA_POWER_Blended
MH_DEC_16,Chhatrapati_Sambhajinagar,Aurangabad,19.876,75.343,582,Deccan_Plateau,2023-10-07,0.0,30.7,19.4,25.0,80.1,IMD_AWS_NASA_POWER_Blended
MH_DEC_16,Chhatrapati_Sambhajinagar,Aurangabad,19.876,75.343,582,Deccan_Plateau,2023-10-08,0.0,30.9,18.8,24.9,75.7,IMD_AWS_NASA_POWER_Blended
MH_DEC_16,Chhatrapati_Sambhajinagar,Aurangabad,19.876,75.343,582,Deccan_Plateau,2023-10-09,0.0,30.9,18.9,24.9,75.4,IMD_AWS_NASA_POWER_Blended
MH_DEC_16,Chhatrapati_Sambhajinagar,Aurangabad,19.876,75.343,582,Deccan_Plateau,2023-10-10,0.0,30.4,18.8,24.6,76.3,IMD_AWS_NASA_POWER_Blended
MH_DEC_16,Chhatrapati_Sambhajinagar,Aurangabad,19.876,75.343,582,Deccan_Plateau,2023-10-11,0.0,30.9,18.8,24.8,75.0,IMD_AWS_NASA_POWER_Blended
MH_DEC_16,Chhatrapati_Sambhajinagar,Aurangabad,19.876,75.343,582,Deccan_Plateau,2023-10-12,0.0,31.1,19.5,25.3,72.9,IMD_AWS_NASA_POWER_Blended
MH_DEC_16,Chhatrapati_Sambhajinagar,Aurangabad,19.876,75.343,582,Deccan_Plateau,2023-10-13,0.0,31.3,19.4,25.3,73.5,IMD_AWS_NASA_POWER_Blended
MH_DEC_16,Chhatrapati_Sambhajinagar,Aurangabad,19.876,75.343,582,Deccan_Plateau,2023-10-14,0.0,30.7,19.5,25.1,71.3,IMD_AWS_NASA_POWER_Blended
MH_DEC_16,Chhatrapati_Sambhajinagar,Aurangabad,19.876,75.343,582,Deccan_Plateau,2023-10-15,0.0,30.9,20.3,25.6,69.5,IMD_AWS_NASA_POWER_Blended
MH_DEC_16,Chhatrapati_Sambhajinagar,Aurangabad,19.876,75.343,582,Deccan_Plateau,2023-10-16,0.06,30.4,20.5,25.5,71.5,IMD_AWS_NASA_POWER_Blended
MH_DEC_16,Chhatrapati_Sambhajinagar,Aurangabad,19.876,75.343,582,Deccan_Plateau,2023-10-17,0.21,30.8,20.3,25.5,71.5,IMD_AWS_NASA_POWER_Blended
MH_DEC_16,Chhatrapati_Sambhajinagar,Aurangabad,19.876,75.343,582,Deccan_Plateau,2023-10-18,0.02,30.6,20.4,25.5,73.9,IMD_AWS_NASA_POWER_Blended
MH_DEC_16,Chhatrapati_Sambhajinagar,Aurangabad,19.876,75.343,582,Deccan_Plateau,2023-10-19,0.01,31.0,19.6,25.3,70.9,IMD_AWS_NASA_POWER_Blended
MH_DEC_16,Chhatrapati_Sambhajinagar,Aurangabad,19.876,75.343,582,Deccan_Plateau,2023-10-20,0.02,31.1,18.8,25.0,71.6,IMD_AWS_NASA_POWER_Blended
MH_DEC_16,Chhatrapati_Sambhajinagar,Aurangabad,19.876,75.343,582,Deccan_Plateau,2023-10-21,0.0,30.9,18.8,24.8,74.5,IMD_AWS_NASA_POWER_Blended
MH_DEC_16,Chhatrapati_Sambhajinagar,Aurangabad,19.876,75.343,582,Deccan_Plateau,2023-10-22,0.0,30.9,17.2,24.1,70.7,IMD_AWS_NASA_POWER_Blended
MH_DEC_16,Chhatrapati_Sambhajinagar,Aurangabad,19.876,75.343,582,Deccan_Plateau,2023-10-23,0.0,31.2,18.1,24.7,66.7,IMD_AWS_NASA_POWER_Blended
MH_DEC_16,Chhatrapati_Sambhajinagar,Aurangabad,19.876,75.343,582,Deccan_Plateau,2023-10-24,0.0,31.2,17.8,24.5,66.7,IMD_AWS_NASA_POWER_Blended
MH_DEC_16,Chhatrapati_Sambhajinagar,Aurangabad,19.876,75.343,582,Deccan_Plateau,2023-10-25,0.0,31.1,16.8,23.9,61.2,IMD_AWS_NASA_POWER_Blended
MH_DEC_16,Chhatrapati_Sambhajinagar,Aurangabad,19.876,75.343,582,Deccan_Plateau,2023-10-26,0.0,30.5,17.4,24.0,56.1,IMD_AWS_NASA_POWER_Blended
MH_DEC_16,Chhatrapati_Sambhajinagar,Aurangabad,19.876,75.343,582,Deccan_Plateau,2023-10-27,0.0,31.0,17.6,24.3,55.1,IMD_AWS_NASA_POWER_Blended
MH_DEC_16,Chhatrapati_Sambhajinagar,Aurangabad,19.876,75.343,582,Deccan_Plateau,2023-10-28,0.0,30.9,14.8,22.8,63.0,IMD_AWS_NASA_POWER_Blended
MH_DEC_16,Chhatrapati_Sambhajinagar,Aurangabad,19.876,75.343,582,Deccan_Plateau,2023-10-29,0.0,31.5,14.7,23.1,59.2,IMD_AWS_NASA_POWER_Blended
MH_DEC_16,Chhatrapati_Sambhajinagar,Aurangabad,19.876,75.343,582,Deccan_Plateau,2023-10-30,0.0,28.2,14.9,21.5,65.1,IMD_AWS_NASA_POWER_Blended
MH_DEC_16,Chhatrapati_Sambhajinagar,Aurangabad,19.876,75.343,582,Deccan_Plateau,2023-10-31,0.0,29.7,13.4,21.6,64.8,IMD_AWS_NASA_POWER_Blended
MH_DEC_17,Jalgaon,Jalgaon,21.007,75.562,209,Deccan_Plateau,2023-06-01,0.0,42.6,27.4,35.0,25.7,IMD_AWS_NASA_POWER_Blended
MH_DEC_17,Jalgaon,Jalgaon,21.007,75.562,209,Deccan_Plateau,2023-06-02,0.01,41.2,26.6,33.9,37.1,IMD_AWS_NASA_POWER_Blended
MH_DEC_17,Jalgaon,Jalgaon,21.007,75.562,209,Deccan_Plateau,2023-06-03,0.19,37.8,27.2,32.5,48.7,IMD_AWS_NASA_POWER_Blended
MH_DEC_17,Jalgaon,Jalgaon,21.007,75.562,209,Deccan_Plateau,2023-06-04,1.53,39.1,27.2,33.2,45.6,IMD_AWS_NASA_POWER_Blended
MH_DEC_17,Jalgaon,Jalgaon,21.007,75.562,209,Deccan_Plateau,2023-06-05,0.35,39.5,27.0,33.2,42.0,IMD_AWS_NASA_POWER_Blended
MH_DEC_17,Jalgaon,Jalgaon,21.007,75.562,209,Deccan_Plateau,2023-06-06,0.16,41.2,27.2,34.2,39.5,IMD_AWS_NASA_POWER_Blended
MH_DEC_17,Jalgaon,Jalgaon,21.007,75.562,209,Deccan_Plateau,2023-06-07,0.01,41.7,26.9,34.3,38.6,IMD_AWS_NASA_POWER_Blended
MH_DEC_17,Jalgaon,Jalgaon,21.007,75.562,209,Deccan_Plateau,2023-06-08,0.0,40.4,27.2,33.8,41.3,IMD_AWS_NASA_POWER_Blended
MH_DEC_17,Jalgaon,Jalgaon,21.007,75.562,209,Deccan_Plateau,2023-06-09,0.0,41.4,27.7,34.6,39.3,IMD_AWS_NASA_POWER_Blended
MH_DEC_17,Jalgaon,Jalgaon,21.007,75.562,209,Deccan_Plateau,2023-06-10,2.07,41.3,27.8,34.5,44.3,IMD_AWS_NASA_POWER_Blended
MH_DEC_17,Jalgaon,Jalgaon,21.007,75.562,209,Deccan_Plateau,2023-06-11,0.37,41.0,28.3,34.7,42.9,IMD_AWS_NASA_POWER_Blended
MH_DEC_17,Jalgaon,Jalgaon,21.007,75.562,209,Deccan_Plateau,2023-06-12,0.0,42.0,28.7,35.3,37.4,IMD_AWS_NASA_POWER_Blended
MH_DEC_17,Jalgaon,Jalgaon,21.007,75.562,209,Deccan_Plateau,2023-06-13,0.0,42.3,27.8,35.0,39.8,IMD_AWS_NASA_POWER_Blended
MH_DEC_17,Jalgaon,Jalgaon,21.007,75.562,209,Deccan_Plateau,2023-06-14,0.01,41.4,26.8,34.1,41.6,IMD_AWS_NASA_POWER_Blended
MH_DEC_17,Jalgaon,Jalgaon,21.007,75.562,209,Deccan_Plateau,2023-06-15,0.0,41.6,26.5,34.1,44.0,IMD_AWS_NASA_POWER_Blended
MH_DEC_17,Jalgaon,Jalgaon,21.007,75.562,209,Deccan_Plateau,2023-06-16,0.0,41.5,26.9,34.2,47.1,IMD_AWS_NASA_POWER_Blended
MH_DEC_17,Jalgaon,Jalgaon,21.007,75.562,209,Deccan_Plateau,2023-06-17,0.02,39.7,27.8,33.7,49.2,IMD_AWS_NASA_POWER_Blended
MH_DEC_17,Jalgaon,Jalgaon,21.007,75.562,209,Deccan_Plateau,2023-06-18,0.0,40.7,26.7,33.7,49.3,IMD_AWS_NASA_POWER_Blended
MH_DEC_17,Jalgaon,Jalgaon,21.007,75.562,209,Deccan_Plateau,2023-06-19,0.0,40.6,26.2,33.4,48.7,IMD_AWS_NASA_POWER_Blended
MH_DEC_17,Jalgaon,Jalgaon,21.007,75.562,209,Deccan_Plateau,2023-06-20,0.0,40.1,26.7,33.4,51.1,IMD_AWS_NASA_POWER_Blended
MH_DEC_17,Jalgaon,Jalgaon,21.007,75.562,209,Deccan_Plateau,2023-06-21,0.0,38.8,27.4,33.1,48.5,IMD_AWS_NASA_POWER_Blended
MH_DEC_17,Jalgaon,Jalgaon,21.007,75.562,209,Deccan_Plateau,2023-06-22,0.14,38.4,27.4,32.9,49.5,IMD_AWS_NASA_POWER_Blended
MH_DEC_17,Jalgaon,Jalgaon,21.007,75.562,209,Deccan_Plateau,2023-06-23,1.06,34.1,27.1,30.6,56.4,IMD_AWS_NASA_POWER_Blended
MH_DEC_17,Jalgaon,Jalgaon,21.007,75.562,209,Deccan_Plateau,2023-06-24,2.08,36.0,26.8,31.4,58.1,IMD_AWS_NASA_POWER_Blended
MH_DEC_17,Jalgaon,Jalgaon,21.007,75.562,209,Deccan_Plateau,2023-06-25,2.18,36.9,26.2,31.6,51.9,IMD_AWS_NASA_POWER_Blended
MH_DEC_17,Jalgaon,Jalgaon,21.007,75.562,209,Deccan_Plateau,2023-06-26,9.32,31.9,24.3,28.1,58.8,IMD_AWS_NASA_POWER_Blended
MH_DEC_17,Jalgaon,Jalgaon,21.007,75.562,209,Deccan_Plateau,2023-06-27,5.59,32.7,23.4,28.1,66.3,IMD_AWS_NASA_POWER_Blended
MH_DEC_17,Jalgaon,Jalgaon,21.007,75.562,209,Deccan_Plateau,2023-06-28,1.78,34.4,23.3,28.8,67.8,IMD_AWS_NASA_POWER_Blended
MH_DEC_17,Jalgaon,Jalgaon,21.007,75.562,209,Deccan_Plateau,2023-06-29,7.24,30.4,23.8,27.1,75.9,IMD_AWS_NASA_POWER_Blended
MH_DEC_17,Jalgaon,Jalgaon,21.007,75.562,209,Deccan_Plateau,2023-06-30,1.0,31.4,23.5,27.4,73.8,IMD_AWS_NASA_POWER_Blended
MH_DEC_17,Jalgaon,Jalgaon,21.007,75.562,209,Deccan_Plateau,2023-07-01,6.17,34.3,24.4,29.3,70.9,IMD_AWS_NASA_POWER_Blended
MH_DEC_17,Jalgaon,Jalgaon,21.007,75.562,209,Deccan_Plateau,2023-07-02,15.65,34.8,24.9,29.8,72.9,IMD_AWS_NASA_POWER_Blended
MH_DEC_17,Jalgaon,Jalgaon,21.007,75.562,209,Deccan_Plateau,2023-07-03,1.59,36.4,24.7,30.6,69.3,IMD_AWS_NASA_POWER_Blended
MH_DEC_17,Jalgaon,Jalgaon,21.007,75.562,209,Deccan_Plateau,2023-07-04,10.83,32.5,26.2,29.4,77.2,IMD_AWS_NASA_POWER_Blended
MH_DEC_17,Jalgaon,Jalgaon,21.007,75.562,209,Deccan_Plateau,2023-07-05,28.36,32.3,25.1,28.7,81.2,IMD_AWS_NASA_POWER_Blended
MH_DEC_17,Jalgaon,Jalgaon,21.007,75.562,209,Deccan_Plateau,2023-07-06,26.48,32.9,25.2,29.1,79.4,IMD_AWS_NASA_POWER_Blended
MH_DEC_17,Jalgaon,Jalgaon,21.007,75.562,209,Deccan_Plateau,2023-07-07,5.38,31.7,24.0,27.8,81.5,IMD_AWS_NASA_POWER_Blended
MH_DEC_17,Jalgaon,Jalgaon,21.007,75.562,209,Deccan_Plateau,2023-07-08,10.1,31.4,24.9,28.2,82.4,IMD_AWS_NASA_POWER_Blended
MH_DEC_17,Jalgaon,Jalgaon,21.007,75.562,209,Deccan_Plateau,2023-07-09,5.03,31.1,24.0,27.6,80.8,IMD_AWS_NASA_POWER_Blended
MH_DEC_17,Jalgaon,Jalgaon,21.007,75.562,209,Deccan_Plateau,2023-07-10,11.43,31.6,23.9,27.8,81.4,IMD_AWS_NASA_POWER_Blended
MH_DEC_17,Jalgaon,Jalgaon,21.007,75.562,209,Deccan_Plateau,2023-07-11,14.67,32.8,23.5,28.2,81.2,IMD_AWS_NASA_POWER_Blended
MH_DEC_17,Jalgaon,Jalgaon,21.007,75.562,209,Deccan_Plateau,2023-07-12,18.73,32.3,24.4,28.3,79.3,IMD_AWS_NASA_POWER_Blended
MH_DEC_17,Jalgaon,Jalgaon,21.007,75.562,209,Deccan_Plateau,2023-07-13,3.83,32.1,23.8,27.9,81.0,IMD_AWS_NASA_POWER_Blended
MH_DEC_17,Jalgaon,Jalgaon,21.007,75.562,209,Deccan_Plateau,2023-07-14,5.67,32.1,24.2,28.2,79.1,IMD_AWS_NASA_POWER_Blended
MH_DEC_17,Jalgaon,Jalgaon,21.007,75.562,209,Deccan_Plateau,2023-07-15,2.75,29.1,23.1,26.1,85.8,IMD_AWS_NASA_POWER_Blended
MH_DEC_17,Jalgaon,Jalgaon,21.007,75.562,209,Deccan_Plateau,2023-07-16,4.25,30.6,23.9,27.2,82.2,IMD_AWS_NASA_POWER_Blended
MH_DEC_17,Jalgaon,Jalgaon,21.007,75.562,209,Deccan_Plateau,2023-07-17,1.81,32.6,23.8,28.2,78.1,IMD_AWS_NASA_POWER_Blended
MH_DEC_17,Jalgaon,Jalgaon,21.007,75.562,209,Deccan_Plateau,2023-07-18,16.95,29.6,24.4,27.0,86.7,IMD_AWS_NASA_POWER_Blended
MH_DEC_17,Jalgaon,Jalgaon,21.007,75.562,209,Deccan_Plateau,2023-07-19,9.57,30.6,24.4,27.5,83.6,IMD_AWS_NASA_POWER_Blended
MH_DEC_17,Jalgaon,Jalgaon,21.007,75.562,209,Deccan_Plateau,2023-07-20,4.56,31.0,25.3,28.2,85.3,IMD_AWS_NASA_POWER_Blended
MH_DEC_17,Jalgaon,Jalgaon,21.007,75.562,209,Deccan_Plateau,2023-07-21,11.45,29.3,24.6,26.9,86.8,IMD_AWS_NASA_POWER_Blended
MH_DEC_17,Jalgaon,Jalgaon,21.007,75.562,209,Deccan_Plateau,2023-07-22,30.0,28.4,24.0,26.2,90.5,IMD_AWS_NASA_POWER_Blended
MH_DEC_17,Jalgaon,Jalgaon,21.007,75.562,209,Deccan_Plateau,2023-07-23,13.26,29.9,24.0,26.9,86.6,IMD_AWS_NASA_POWER_Blended
MH_DEC_17,Jalgaon,Jalgaon,21.007,75.562,209,Deccan_Plateau,2023-07-24,3.55,32.3,23.8,28.0,82.7,IMD_AWS_NASA_POWER_Blended
MH_DEC_17,Jalgaon,Jalgaon,21.007,75.562,209,Deccan_Plateau,2023-07-25,6.97,32.6,23.8,28.2,82.1,IMD_AWS_NASA_POWER_Blended
MH_DEC_17,Jalgaon,Jalgaon,21.007,75.562,209,Deccan_Plateau,2023-07-26,1.57,30.0,23.7,26.9,84.7,IMD_AWS_NASA_POWER_Blended
MH_DEC_17,Jalgaon,Jalgaon,21.007,75.562,209,Deccan_Plateau,2023-07-27,1.64,32.1,24.4,28.3,81.7,IMD_AWS_NASA_POWER_Blended
MH_DEC_17,Jalgaon,Jalgaon,21.007,75.562,209,Deccan_Plateau,2023-07-28,4.01,31.0,24.4,27.7,83.1,IMD_AWS_NASA_POWER_Blended
MH_DEC_17,Jalgaon,Jalgaon,21.007,75.562,209,Deccan_Plateau,2023-07-29,0.82,31.5,23.6,27.6,81.7,IMD_AWS_NASA_POWER_Blended
MH_DEC_17,Jalgaon,Jalgaon,21.007,75.562,209,Deccan_Plateau,2023-07-30,2.05,32.0,23.6,27.8,81.0,IMD_AWS_NASA_POWER_Blended
MH_DEC_17,Jalgaon,Jalgaon,21.007,75.562,209,Deccan_Plateau,2023-07-31,4.11,32.5,23.2,27.8,81.4,IMD_AWS_NASA_POWER_Blended
MH_DEC_17,Jalgaon,Jalgaon,21.007,75.562,209,Deccan_Plateau,2023-08-01,1.87,31.8,24.0,27.9,82.1,IMD_AWS_NASA_POWER_Blended
MH_DEC_17,Jalgaon,Jalgaon,21.007,75.562,209,Deccan_Plateau,2023-08-02,2.37,30.4,23.6,27.0,83.0,IMD_AWS_NASA_POWER_Blended
MH_DEC_17,Jalgaon,Jalgaon,21.007,75.562,209,Deccan_Plateau,2023-08-03,2.03,28.0,23.3,25.7,85.9,IMD_AWS_NASA_POWER_Blended
MH_DEC_17,Jalgaon,Jalgaon,21.007,75.562,209,Deccan_Plateau,2023-08-04,0.41,31.8,23.2,27.5,80.7,IMD_AWS_NASA_POWER_Blended
MH_DEC_17,Jalgaon,Jalgaon,21.007,75.562,209,Deccan_Plateau,2023-08-05,6.92,30.4,23.0,26.7,82.7,IMD_AWS_NASA_POWER_Blended
MH_DEC_17,Jalgaon,Jalgaon,21.007,75.562,209,Deccan_Plateau,2023-08-06,2.94,30.7,22.7,26.7,83.1,IMD_AWS_NASA_POWER_Blended
MH_DEC_17,Jalgaon,Jalgaon,21.007,75.562,209,Deccan_Plateau,2023-08-07,0.45,32.0,22.7,27.3,78.5,IMD_AWS_NASA_POWER_Blended
MH_DEC_17,Jalgaon,Jalgaon,21.007,75.562,209,Deccan_Plateau,2023-08-08,0.07,30.1,22.5,26.3,83.8,IMD_AWS_NASA_POWER_Blended
MH_DEC_17,Jalgaon,Jalgaon,21.007,75.562,209,Deccan_Plateau,2023-08-09,0.46,32.0,22.9,27.4,79.8,IMD_AWS_NASA_POWER_Blended
MH_DEC_17,Jalgaon,Jalgaon,21.007,75.562,209,Deccan_Plateau,2023-08-10,5.93,31.4,22.9,27.1,80.1,IMD_AWS_NASA_POWER_Blended
MH_DEC_17,Jalgaon,Jalgaon,21.007,75.562,209,Deccan_Plateau,2023-08-11,2.24,30.8,22.5,26.7,82.5,IMD_AWS_NASA_POWER_Blended
MH_DEC_17,Jalgaon,Jalgaon,21.007,75.562,209,Deccan_Plateau,2023-08-12,0.54,31.7,22.4,27.0,79.5,IMD_AWS_NASA_POWER_Blended
MH_DEC_17,Jalgaon,Jalgaon,21.007,75.562,209,Deccan_Plateau,2023-08-13,0.23,31.6,22.6,27.1,78.7,IMD_AWS_NASA_POWER_Blended
MH_DEC_17,Jalgaon,Jalgaon,21.007,75.562,209,Deccan_Plateau,2023-08-14,0.3,31.4,22.3,26.9,77.6,IMD_AWS_NASA_POWER_Blended
MH_DEC_17,Jalgaon,Jalgaon,21.007,75.562,209,Deccan_Plateau,2023-08-15,0.09,31.3,22.5,26.9,78.2,IMD_AWS_NASA_POWER_Blended
MH_DEC_17,Jalgaon,Jalgaon,21.007,75.562,209,Deccan_Plateau,2023-08-16,0.01,32.2,22.2,27.2,77.4,IMD_AWS_NASA_POWER_Blended
MH_DEC_17,Jalgaon,Jalgaon,21.007,75.562,209,Deccan_Plateau,2023-08-17,0.07,32.0,22.6,27.3,77.6,IMD_AWS_NASA_POWER_Blended
MH_DEC_17,Jalgaon,Jalgaon,21.007,75.562,209,Deccan_Plateau,2023-08-18,3.96,30.2,23.5,26.8,81.2,IMD_AWS_NASA_POWER_Blended
MH_DEC_17,Jalgaon,Jalgaon,21.007,75.562,209,Deccan_Plateau,2023-08-19,13.79,29.6,23.2,26.4,83.0,IMD_AWS_NASA_POWER_Blended
MH_DEC_17,Jalgaon,Jalgaon,21.007,75.562,209,Deccan_Plateau,2023-08-20,13.3,30.5,23.2,26.8,83.4,IMD_AWS_NASA_POWER_Blended
MH_DEC_17,Jalgaon,Jalgaon,21.007,75.562,209,Deccan_Plateau,2023-08-21,2.78,32.1,22.5,27.3,80.2,IMD_AWS_NASA_POWER_Blended
MH_DEC_17,Jalgaon,Jalgaon,21.007,75.562,209,Deccan_Plateau,2023-08-22,0.82,32.3,22.7,27.5,80.3,IMD_AWS_NASA_POWER_Blended
MH_DEC_17,Jalgaon,Jalgaon,21.007,75.562,209,Deccan_Plateau,2023-08-23,0.19,32.2,22.9,27.6,78.3,IMD_AWS_NASA_POWER_Blended
MH_DEC_17,Jalgaon,Jalgaon,21.007,75.562,209,Deccan_Plateau,2023-08-24,1.61,31.3,23.6,27.4,79.0,IMD_AWS_NASA_POWER_Blended
MH_DEC_17,Jalgaon,Jalgaon,21.007,75.562,209,Deccan_Plateau,2023-08-25,2.31,31.5,22.9,27.2,80.9,IMD_AWS_NASA_POWER_Blended
MH_DEC_17,Jalgaon,Jalgaon,21.007,75.562,209,Deccan_Plateau,2023-08-26,6.46,32.1,23.2,27.7,80.3,IMD_AWS_NASA_POWER_Blended
MH_DEC_17,Jalgaon,Jalgaon,21.007,75.562,209,Deccan_Plateau,2023-08-27,0.39,31.8,23.0,27.4,78.5,IMD_AWS_NASA_POWER_Blended
MH_DEC_17,Jalgaon,Jalgaon,21.007,75.562,209,Deccan_Plateau,2023-08-28,0.0,32.4,22.3,27.3,76.8,IMD_AWS_NASA_POWER_Blended
MH_DEC_17,Jalgaon,Jalgaon,21.007,75.562,209,Deccan_Plateau,2023-08-29,0.0,32.6,22.0,27.3,76.6,IMD_AWS_NASA_POWER_Blended
MH_DEC_17,Jalgaon,Jalgaon,21.007,75.562,209,Deccan_Plateau,2023-08-30,0.0,33.3,22.1,27.7,74.0,IMD_AWS_NASA_POWER_Blended
MH_DEC_17,Jalgaon,Jalgaon,21.007,75.562,209,Deccan_Plateau,2023-08-31,0.66,33.3,21.7,27.5,73.6,IMD_AWS_NASA_POWER_Blended
MH_DEC_17,Jalgaon,Jalgaon,21.007,75.562,209,Deccan_Plateau,2023-09-01,0.14,34.1,22.6,28.3,71.9,IMD_AWS_NASA_POWER_Blended
MH_DEC_17,Jalgaon,Jalgaon,21.007,75.562,209,Deccan_Plateau,2023-09-02,0.25,34.6,22.7,28.7,70.3,IMD_AWS_NASA_POWER_Blended
MH_DEC_17,Jalgaon,Jalgaon,21.007,75.562,209,Deccan_Plateau,2023-09-03,1.33,34.5,23.0,28.7,70.7,IMD_AWS_NASA_POWER_Blended
MH_DEC_17,Jalgaon,Jalgaon,21.007,75.562,209,Deccan_Plateau,2023-09-04,1.6,34.4,24.0,29.2,72.5,IMD_AWS_NASA_POWER_Blended
MH_DEC_17,Jalgaon,Jalgaon,21.007,75.562,209,Deccan_Plateau,2023-09-05,0.32,34.2,23.0,28.6,69.9,IMD_AWS_NASA_POWER_Blended
MH_DEC_17,Jalgaon,Jalgaon,21.007,75.562,209,Deccan_Plateau,2023-09-06,5.59,34.1,23.4,28.8,72.2,IMD_AWS_NASA_POWER_Blended
MH_DEC_17,Jalgaon,Jalgaon,21.007,75.562,209,Deccan_Plateau,2023-09-07,21.51,28.6,24.6,26.6,89.6,IMD_AWS_NASA_POWER_Blended
MH_DEC_17,Jalgaon,Jalgaon,21.007,75.562,209,Deccan_Plateau,2023-09-08,29.25,27.8,24.6,26.2,92.0,IMD_AWS_NASA_POWER_Blended
MH_DEC_17,Jalgaon,Jalgaon,21.007,75.562,209,Deccan_Plateau,2023-09-09,17.1,27.5,23.3,25.4,88.6,IMD_AWS_NASA_POWER_Blended
MH_DEC_17,Jalgaon,Jalgaon,21.007,75.562,209,Deccan_Plateau,2023-09-10,3.22,30.4,23.4,26.9,82.5,IMD_AWS_NASA_POWER_Blended
MH_DEC_17,Jalgaon,Jalgaon,21.007,75.562,209,Deccan_Plateau,2023-09-11,0.08,30.4,23.1,26.8,81.2,IMD_AWS_NASA_POWER_Blended
MH_DEC_17,Jalgaon,Jalgaon,21.007,75.562,209,Deccan_Plateau,2023-09-12,0.0,31.4,23.4,27.4,78.1,IMD_AWS_NASA_POWER_Blended
MH_DEC_17,Jalgaon,Jalgaon,21.007,75.562,209,Deccan_Plateau,2023-09-13,0.08,31.1,22.7,26.9,79.3,IMD_AWS_NASA_POWER_Blended
MH_DEC_17,Jalgaon,Jalgaon,21.007,75.562,209,Deccan_Plateau,2023-09-14,16.1,28.3,23.2,25.7,87.4,IMD_AWS_NASA_POWER_Blended
MH_DEC_17,Jalgaon,Jalgaon,21.007,75.562,209,Deccan_Plateau,2023-09-15,28.43,28.3,22.9,25.6,90.8,IMD_AWS_NASA_POWER_Blended
MH_DEC_17,Jalgaon,Jalgaon,21.007,75.562,209,Deccan_Plateau,2023-09-16,57.98,25.3,21.7,23.5,91.7,IMD_AWS_NASA_POWER_Blended
MH_DEC_17,Jalgaon,Jalgaon,21.007,75.562,209,Deccan_Plateau,2023-09-17,6.95,28.7,21.2,25.0,84.4,IMD_AWS_NASA_POWER_Blended
MH_DEC_17,Jalgaon,Jalgaon,21.007,75.562,209,Deccan_Plateau,2023-09-18,5.5,31.4,22.1,26.7,84.2,IMD_AWS_NASA_POWER_Blended
MH_DEC_17,Jalgaon,Jalgaon,21.007,75.562,209,Deccan_Plateau,2023-09-19,6.13,31.6,22.4,27.0,84.0,IMD_AWS_NASA_POWER_Blended
MH_DEC_17,Jalgaon,Jalgaon,21.007,75.562,209,Deccan_Plateau,2023-09-20,0.4,31.4,22.8,27.1,83.3,IMD_AWS_NASA_POWER_Blended
MH_DEC_17,Jalgaon,Jalgaon,21.007,75.562,209,Deccan_Plateau,2023-09-21,29.12,28.2,24.2,26.2,90.2,IMD_AWS_NASA_POWER_Blended
MH_DEC_17,Jalgaon,Jalgaon,21.007,75.562,209,Deccan_Plateau,2023-09-22,1.18,29.7,23.6,26.6,88.4,IMD_AWS_NASA_POWER_Blended
MH_DEC_17,Jalgaon,Jalgaon,21.007,75.562,209,Deccan_Plateau,2023-09-23,18.97,29.1,24.2,26.6,89.8,IMD_AWS_NASA_POWER_Blended
MH_DEC_17,Jalgaon,Jalgaon,21.007,75.562,209,Deccan_Plateau,2023-09-24,13.75,29.8,23.6,26.7,88.9,IMD_AWS_NASA_POWER_Blended
MH_DEC_17,Jalgaon,Jalgaon,21.007,75.562,209,Deccan_Plateau,2023-09-25,3.61,29.7,23.7,26.7,85.5,IMD_AWS_NASA_POWER_Blended
MH_DEC_17,Jalgaon,Jalgaon,21.007,75.562,209,Deccan_Plateau,2023-09-26,10.06,30.4,23.0,26.7,86.4,IMD_AWS_NASA_POWER_Blended
MH_DEC_17,Jalgaon,Jalgaon,21.007,75.562,209,Deccan_Plateau,2023-09-27,3.64,29.9,23.3,26.6,86.4,IMD_AWS_NASA_POWER_Blended
MH_DEC_17,Jalgaon,Jalgaon,21.007,75.562,209,Deccan_Plateau,2023-09-28,0.99,30.1,23.5,26.8,84.0,IMD_AWS_NASA_POWER_Blended
MH_DEC_17,Jalgaon,Jalgaon,21.007,75.562,209,Deccan_Plateau,2023-09-29,4.49,30.9,24.0,27.4,81.6,IMD_AWS_NASA_POWER_Blended
MH_DEC_17,Jalgaon,Jalgaon,21.007,75.562,209,Deccan_Plateau,2023-09-30,0.46,31.6,24.2,27.9,77.9,IMD_AWS_NASA_POWER_Blended
MH_DEC_17,Jalgaon,Jalgaon,21.007,75.562,209,Deccan_Plateau,2023-10-01,0.03,31.8,23.1,27.4,76.6,IMD_AWS_NASA_POWER_Blended
MH_DEC_17,Jalgaon,Jalgaon,21.007,75.562,209,Deccan_Plateau,2023-10-02,0.0,31.9,22.0,26.9,80.9,IMD_AWS_NASA_POWER_Blended
MH_DEC_17,Jalgaon,Jalgaon,21.007,75.562,209,Deccan_Plateau,2023-10-03,0.0,31.0,21.2,26.1,80.9,IMD_AWS_NASA_POWER_Blended
MH_DEC_17,Jalgaon,Jalgaon,21.007,75.562,209,Deccan_Plateau,2023-10-04,0.0,30.6,18.8,24.7,77.8,IMD_AWS_NASA_POWER_Blended
MH_DEC_17,Jalgaon,Jalgaon,21.007,75.562,209,Deccan_Plateau,2023-10-05,0.0,30.3,18.6,24.4,81.3,IMD_AWS_NASA_POWER_Blended
MH_DEC_17,Jalgaon,Jalgaon,21.007,75.562,209,Deccan_Plateau,2023-10-06,0.0,30.4,18.3,24.4,81.9,IMD_AWS_NASA_POWER_Blended
MH_DEC_17,Jalgaon,Jalgaon,21.007,75.562,209,Deccan_Plateau,2023-10-07,0.0,30.9,19.6,25.2,81.4,IMD_AWS_NASA_POWER_Blended
MH_DEC_17,Jalgaon,Jalgaon,21.007,75.562,209,Deccan_Plateau,2023-10-08,0.0,31.3,19.8,25.6,78.9,IMD_AWS_NASA_POWER_Blended
MH_DEC_17,Jalgaon,Jalgaon,21.007,75.562,209,Deccan_Plateau,2023-10-09,0.0,31.2,19.9,25.6,77.5,IMD_AWS_NASA_POWER_Blended
MH_DEC_17,Jalgaon,Jalgaon,21.007,75.562,209,Deccan_Plateau,2023-10-10,0.0,31.0,19.1,25.1,77.7,IMD_AWS_NASA_POWER_Blended
MH_DEC_17,Jalgaon,Jalgaon,21.007,75.562,209,Deccan_Plateau,2023-10-11,0.0,31.5,19.9,25.7,77.4,IMD_AWS_NASA_POWER_Blended
MH_DEC_17,Jalgaon,Jalgaon,21.007,75.562,209,Deccan_Plateau,2023-10-12,0.0,32.3,20.3,26.3,73.1,IMD_AWS_NASA_POWER_Blended
MH_DEC_17,Jalgaon,Jalgaon,21.007,75.562,209,Deccan_Plateau,2023-10-13,0.0,32.4,20.6,26.5,71.5,IMD_AWS_NASA_POWER_Blended
MH_DEC_17,Jalgaon,Jalgaon,21.007,75.562,209,Deccan_Plateau,2023-10-14,0.0,32.4,21.0,26.7,67.0,IMD_AWS_NASA_POWER_Blended
MH_DEC_17,Jalgaon,Jalgaon,21.007,75.562,209,Deccan_Plateau,2023-10-15,0.0,31.3,22.5,26.9,70.1,IMD_AWS_NASA_POWER_Blended
MH_DEC_17,Jalgaon,Jalgaon,21.007,75.562,209,Deccan_Plateau,2023-10-16,1.91,31.8,21.5,26.6,70.4,IMD_AWS_NASA_POWER_Blended
MH_DEC_17,Jalgaon,Jalgaon,21.007,75.562,209,Deccan_Plateau,2023-10-17,0.78,31.3,21.9,26.6,72.2,IMD_AWS_NASA_POWER_Blended
MH_DEC_17,Jalgaon,Jalgaon,21.007,75.562,209,Deccan_Plateau,2023-10-18,0.01,31.5,21.4,26.5,72.0,IMD_AWS_NASA_POWER_Blended
MH_DEC_17,Jalgaon,Jalgaon,21.007,75.562,209,Deccan_Plateau,2023-10-19,0.0,32.0,20.3,26.1,70.9,IMD_AWS_NASA_POWER_Blended
MH_DEC_17,Jalgaon,Jalgaon,21.007,75.562,209,Deccan_Plateau,2023-10-20,0.08,31.9,19.2,25.6,73.5,IMD_AWS_NASA_POWER_Blended
MH_DEC_17,Jalgaon,Jalgaon,21.007,75.562,209,Deccan_Plateau,2023-10-21,0.01,31.6,19.6,25.6,75.2,IMD_AWS_NASA_POWER_Blended
MH_DEC_17,Jalgaon,Jalgaon,21.007,75.562,209,Deccan_Plateau,2023-10-22,0.0,32.0,19.0,25.5,70.5,IMD_AWS_NASA_POWER_Blended
MH_DEC_17,Jalgaon,Jalgaon,21.007,75.562,209,Deccan_Plateau,2023-10-23,0.0,31.9,19.1,25.5,69.5,IMD_AWS_NASA_POWER_Blended
MH_DEC_17,Jalgaon,Jalgaon,21.007,75.562,209,Deccan_Plateau,2023-10-24,0.0,31.8,18.9,25.4,68.8,IMD_AWS_NASA_POWER_Blended
MH_DEC_17,Jalgaon,Jalgaon,21.007,75.562,209,Deccan_Plateau,2023-10-25,0.0,31.6,17.9,24.7,62.8,IMD_AWS_NASA_POWER_Blended
MH_DEC_17,Jalgaon,Jalgaon,21.007,75.562,209,Deccan_Plateau,2023-10-26,0.0,31.6,17.8,24.7,57.9,IMD_AWS_NASA_POWER_Blended
MH_DEC_17,Jalgaon,Jalgaon,21.007,75.562,209,Deccan_Plateau,2023-10-27,0.0,31.6,18.7,25.2,56.5,IMD_AWS_NASA_POWER_Blended
MH_DEC_17,Jalgaon,Jalgaon,21.007,75.562,209,Deccan_Plateau,2023-10-28,0.0,31.5,16.1,23.8,63.2,IMD_AWS_NASA_POWER_Blended
MH_DEC_17,Jalgaon,Jalgaon,21.007,75.562,209,Deccan_Plateau,2023-10-29,0.0,31.8,16.2,24.0,62.0,IMD_AWS_NASA_POWER_Blended
MH_DEC_17,Jalgaon,Jalgaon,21.007,75.562,209,Deccan_Plateau,2023-10-30,0.0,29.8,16.8,23.3,67.5,IMD_AWS_NASA_POWER_Blended
MH_DEC_17,Jalgaon,Jalgaon,21.007,75.562,209,Deccan_Plateau,2023-10-31,0.0,29.8,15.1,22.4,67.5,IMD_AWS_NASA_POWER_Blended
MH_VID_01,Nagpur_Airport,Nagpur,21.092,79.055,310,Vidarbha_East,2023-06-01,0.0,43.1,27.9,35.5,23.1,IMD_AWS_NASA_POWER_Blended
MH_VID_01,Nagpur_Airport,Nagpur,21.092,79.055,310,Vidarbha_East,2023-06-02,0.0,43.5,28.9,36.2,22.1,IMD_AWS_NASA_POWER_Blended
MH_VID_01,Nagpur_Airport,Nagpur,21.092,79.055,310,Vidarbha_East,2023-06-03,0.01,42.1,30.6,36.4,28.0,IMD_AWS_NASA_POWER_Blended
MH_VID_01,Nagpur_Airport,Nagpur,21.092,79.055,310,Vidarbha_East,2023-06-04,0.13,43.1,29.7,36.4,28.1,IMD_AWS_NASA_POWER_Blended
MH_VID_01,Nagpur_Airport,Nagpur,21.092,79.055,310,Vidarbha_East,2023-06-05,2.78,42.1,30.0,36.1,30.1,IMD_AWS_NASA_POWER_Blended
MH_VID_01,Nagpur_Airport,Nagpur,21.092,79.055,310,Vidarbha_East,2023-06-06,1.17,43.4,28.9,36.1,28.7,IMD_AWS_NASA_POWER_Blended
MH_VID_01,Nagpur_Airport,Nagpur,21.092,79.055,310,Vidarbha_East,2023-06-07,0.84,43.7,31.1,37.4,27.2,IMD_AWS_NASA_POWER_Blended
MH_VID_01,Nagpur_Airport,Nagpur,21.092,79.055,310,Vidarbha_East,2023-06-08,0.01,43.5,30.1,36.8,24.0,IMD_AWS_NASA_POWER_Blended
MH_VID_01,Nagpur_Airport,Nagpur,21.092,79.055,310,Vidarbha_East,2023-06-09,0.0,42.4,31.3,36.9,28.9,IMD_AWS_NASA_POWER_Blended
MH_VID_01,Nagpur_Airport,Nagpur,21.092,79.055,310,Vidarbha_East,2023-06-10,0.01,43.8,30.4,37.1,25.0,IMD_AWS_NASA_POWER_Blended
MH_VID_01,Nagpur_Airport,Nagpur,21.092,79.055,310,Vidarbha_East,2023-06-11,0.79,43.5,30.8,37.2,32.6,IMD_AWS_NASA_POWER_Blended
MH_VID_01,Nagpur_Airport,Nagpur,21.092,79.055,310,Vidarbha_East,2023-06-12,0.75,43.2,31.0,37.1,33.8,IMD_AWS_NASA_POWER_Blended
MH_VID_01,Nagpur_Airport,Nagpur,21.092,79.055,310,Vidarbha_East,2023-06-13,0.3,43.5,31.6,37.6,31.7,IMD_AWS_NASA_POWER_Blended
MH_VID_01,Nagpur_Airport,Nagpur,21.092,79.055,310,Vidarbha_East,2023-06-14,0.0,41.4,31.4,36.4,31.6,IMD_AWS_NASA_POWER_Blended
MH_VID_01,Nagpur_Airport,Nagpur,21.092,79.055,310,Vidarbha_East,2023-06-15,0.0,42.1,29.6,35.8,30.7,IMD_AWS_NASA_POWER_Blended
MH_VID_01,Nagpur_Airport,Nagpur,21.092,79.055,310,Vidarbha_East,2023-06-16,0.0,42.6,30.0,36.3,30.9,IMD_AWS_NASA_POWER_Blended
MH_VID_01,Nagpur_Airport,Nagpur,21.092,79.055,310,Vidarbha_East,2023-06-17,0.0,41.4,31.4,36.4,34.1,IMD_AWS_NASA_POWER_Blended
MH_VID_01,Nagpur_Airport,Nagpur,21.092,79.055,310,Vidarbha_East,2023-06-18,0.0,39.5,29.8,34.6,37.0,IMD_AWS_NASA_POWER_Blended
MH_VID_01,Nagpur_Airport,Nagpur,21.092,79.055,310,Vidarbha_East,2023-06-19,0.0,41.4,29.9,35.7,35.2,IMD_AWS_NASA_POWER_Blended
MH_VID_01,Nagpur_Airport,Nagpur,21.092,79.055,310,Vidarbha_East,2023-06-20,0.0,41.1,31.1,36.1,35.4,IMD_AWS_NASA_POWER_Blended
MH_VID_01,Nagpur_Airport,Nagpur,21.092,79.055,310,Vidarbha_East,2023-06-21,0.05,41.9,30.3,36.1,42.6,IMD_AWS_NASA_POWER_Blended
MH_VID_01,Nagpur_Airport,Nagpur,21.092,79.055,310,Vidarbha_East,2023-06-22,15.81,35.8,26.6,31.2,63.7,IMD_AWS_NASA_POWER_Blended
MH_VID_01,Nagpur_Airport,Nagpur,21.092,79.055,310,Vidarbha_East,2023-06-23,6.73,30.2,25.7,27.9,76.3,IMD_AWS_NASA_POWER_Blended
MH_VID_01,Nagpur_Airport,Nagpur,21.092,79.055,310,Vidarbha_East,2023-06-24,2.06,35.6,24.9,30.3,66.5,IMD_AWS_NASA_POWER_Blended
MH_VID_01,Nagpur_Airport,Nagpur,21.092,79.055,310,Vidarbha_East,2023-06-25,19.3,33.9,26.1,30.0,69.9,IMD_AWS_NASA_POWER_Blended
MH_VID_01,Nagpur_Airport,Nagpur,21.092,79.055,310,Vidarbha_East,2023-06-26,24.87,30.5,23.4,27.0,77.3,IMD_AWS_NASA_POWER_Blended
MH_VID_01,Nagpur_Airport,Nagpur,21.092,79.055,310,Vidarbha_East,2023-06-27,14.5,28.5,22.4,25.5,82.6,IMD_AWS_NASA_POWER_Blended
MH_VID_01,Nagpur_Airport,Nagpur,21.092,79.055,310,Vidarbha_East,2023-06-28,2.36,31.7,22.8,27.2,76.8,IMD_AWS_NASA_POWER_Blended
MH_VID_01,Nagpur_Airport,Nagpur,21.092,79.055,310,Vidarbha_East,2023-06-29,4.05,30.9,23.9,27.4,78.2,IMD_AWS_NASA_POWER_Blended
MH_VID_01,Nagpur_Airport,Nagpur,21.092,79.055,310,Vidarbha_East,2023-06-30,1.49,31.9,23.0,27.5,74.3,IMD_AWS_NASA_POWER_Blended
MH_VID_01,Nagpur_Airport,Nagpur,21.092,79.055,310,Vidarbha_East,2023-07-01,0.84,34.6,23.9,29.3,69.2,IMD_AWS_NASA_POWER_Blended
MH_VID_01,Nagpur_Airport,Nagpur,21.092,79.055,310,Vidarbha_East,2023-07-02,0.06,35.7,25.4,30.6,68.8,IMD_AWS_NASA_POWER_Blended
MH_VID_01,Nagpur_Airport,Nagpur,21.092,79.055,310,Vidarbha_East,2023-07-03,0.19,35.9,26.1,31.0,66.1,IMD_AWS_NASA_POWER_Blended
MH_VID_01,Nagpur_Airport,Nagpur,21.092,79.055,310,Vidarbha_East,2023-07-04,3.37,34.7,27.2,30.9,70.1,IMD_AWS_NASA_POWER_Blended
MH_VID_01,Nagpur_Airport,Nagpur,21.092,79.055,310,Vidarbha_East,2023-07-05,17.51,34.3,26.4,30.3,76.3,IMD_AWS_NASA_POWER_Blended
MH_VID_01,Nagpur_Airport,Nagpur,21.092,79.055,310,Vidarbha_East,2023-07-06,17.3,33.8,25.1,29.4,78.2,IMD_AWS_NASA_POWER_Blended
MH_VID_01,Nagpur_Airport,Nagpur,21.092,79.055,310,Vidarbha_East,2023-07-07,9.02,31.3,25.2,28.3,81.7,IMD_AWS_NASA_POWER_Blended
MH_VID_01,Nagpur_Airport,Nagpur,21.092,79.055,310,Vidarbha_East,2023-07-08,36.35,31.2,25.2,28.2,83.5,IMD_AWS_NASA_POWER_Blended
MH_VID_01,Nagpur_Airport,Nagpur,21.092,79.055,310,Vidarbha_East,2023-07-09,14.22,31.0,24.6,27.8,81.8,IMD_AWS_NASA_POWER_Blended
MH_VID_01,Nagpur_Airport,Nagpur,21.092,79.055,310,Vidarbha_East,2023-07-10,17.78,32.1,24.3,28.2,81.1,IMD_AWS_NASA_POWER_Blended
MH_VID_01,Nagpur_Airport,Nagpur,21.092,79.055,310,Vidarbha_East,2023-07-11,16.8,31.6,24.5,28.0,83.3,IMD_AWS_NASA_POWER_Blended
MH_VID_01,Nagpur_Airport,Nagpur,21.092,79.055,310,Vidarbha_East,2023-07-12,7.49,32.8,24.4,28.6,81.7,IMD_AWS_NASA_POWER_Blended
MH_VID_01,Nagpur_Airport,Nagpur,21.092,79.055,310,Vidarbha_East,2023-07-13,8.1,32.6,25.0,28.8,82.2,IMD_AWS_NASA_POWER_Blended
MH_VID_01,Nagpur_Airport,Nagpur,21.092,79.055,310,Vidarbha_East,2023-07-14,9.88,28.9,25.2,27.1,86.6,IMD_AWS_NASA_POWER_Blended
MH_VID_01,Nagpur_Airport,Nagpur,21.092,79.055,310,Vidarbha_East,2023-07-15,14.99,28.2,24.9,26.6,88.5,IMD_AWS_NASA_POWER_Blended
MH_VID_01,Nagpur_Airport,Nagpur,21.092,79.055,310,Vidarbha_East,2023-07-16,8.5,31.2,24.1,27.7,83.5,IMD_AWS_NASA_POWER_Blended
MH_VID_01,Nagpur_Airport,Nagpur,21.092,79.055,310,Vidarbha_East,2023-07-17,11.87,30.8,24.3,27.5,84.6,IMD_AWS_NASA_POWER_Blended
MH_VID_01,Nagpur_Airport,Nagpur,21.092,79.055,310,Vidarbha_East,2023-07-18,31.02,29.9,25.0,27.4,88.4,IMD_AWS_NASA_POWER_Blended
MH_VID_01,Nagpur_Airport,Nagpur,21.092,79.055,310,Vidarbha_East,2023-07-19,20.07,32.9,24.5,28.7,82.0,IMD_AWS_NASA_POWER_Blended
MH_VID_01,Nagpur_Airport,Nagpur,21.092,79.055,310,Vidarbha_East,2023-07-20,3.55,32.9,25.5,29.2,81.8,IMD_AWS_NASA_POWER_Blended
MH_VID_01,Nagpur_Airport,Nagpur,21.092,79.055,310,Vidarbha_East,2023-07-21,63.77,31.5,26.1,28.8,85.9,IMD_AWS_NASA_POWER_Blended
MH_VID_01,Nagpur_Airport,Nagpur,21.092,79.055,310,Vidarbha_East,2023-07-22,18.0,31.7,25.7,28.7,86.1,IMD_AWS_NASA_POWER_Blended
MH_VID_01,Nagpur_Airport,Nagpur,21.092,79.055,310,Vidarbha_East,2023-07-23,12.99,29.2,25.0,27.1,90.1,IMD_AWS_NASA_POWER_Blended
MH_VID_01,Nagpur_Airport,Nagpur,21.092,79.055,310,Vidarbha_East,2023-07-24,4.21,31.9,24.8,28.4,81.7,IMD_AWS_NASA_POWER_Blended
MH_VID_01,Nagpur_Airport,Nagpur,21.092,79.055,310,Vidarbha_East,2023-07-25,6.55,32.8,25.2,29.0,81.8,IMD_AWS_NASA_POWER_Blended
MH_VID_01,Nagpur_Airport,Nagpur,21.092,79.055,310,Vidarbha_East,2023-07-26,55.83,31.6,26.0,28.8,87.4,IMD_AWS_NASA_POWER_Blended
MH_VID_01,Nagpur_Airport,Nagpur,21.092,79.055,310,Vidarbha_East,2023-07-27,35.56,32.3,25.8,29.1,86.0,IMD_AWS_NASA_POWER_Blended
MH_VID_01,Nagpur_Airport,Nagpur,21.092,79.055,310,Vidarbha_East,2023-07-28,19.61,28.8,25.4,27.1,91.5,IMD_AWS_NASA_POWER_Blended
MH_VID_01,Nagpur_Airport,Nagpur,21.092,79.055,310,Vidarbha_East,2023-07-29,0.87,29.8,24.6,27.2,88.6,IMD_AWS_NASA_POWER_Blended
MH_VID_01,Nagpur_Airport,Nagpur,21.092,79.055,310,Vidarbha_East,2023-07-30,0.44,30.8,24.1,27.4,85.6,IMD_AWS_NASA_POWER_Blended
MH_VID_01,Nagpur_Airport,Nagpur,21.092,79.055,310,Vidarbha_East,2023-07-31,0.38,30.8,23.9,27.4,86.0,IMD_AWS_NASA_POWER_Blended
MH_VID_01,Nagpur_Airport,Nagpur,21.092,79.055,310,Vidarbha_East,2023-08-01,5.67,30.2,24.3,27.3,87.2,IMD_AWS_NASA_POWER_Blended
MH_VID_01,Nagpur_Airport,Nagpur,21.092,79.055,310,Vidarbha_East,2023-08-02,5.99,28.6,24.0,26.3,87.9,IMD_AWS_NASA_POWER_Blended
MH_VID_01,Nagpur_Airport,Nagpur,21.092,79.055,310,Vidarbha_East,2023-08-03,18.89,26.7,23.4,25.0,90.7,IMD_AWS_NASA_POWER_Blended
MH_VID_01,Nagpur_Airport,Nagpur,21.092,79.055,310,Vidarbha_East,2023-08-04,4.42,28.8,23.0,25.9,88.2,IMD_AWS_NASA_POWER_Blended
MH_VID_01,Nagpur_Airport,Nagpur,21.092,79.055,310,Vidarbha_East,2023-08-05,6.47,28.4,23.4,25.9,88.9,IMD_AWS_NASA_POWER_Blended
MH_VID_01,Nagpur_Airport,Nagpur,21.092,79.055,310,Vidarbha_East,2023-08-06,0.97,29.7,23.5,26.6,86.8,IMD_AWS_NASA_POWER_Blended
MH_VID_01,Nagpur_Airport,Nagpur,21.092,79.055,310,Vidarbha_East,2023-08-07,0.3,31.1,23.0,27.0,82.6,IMD_AWS_NASA_POWER_Blended
MH_VID_01,Nagpur_Airport,Nagpur,21.092,79.055,310,Vidarbha_East,2023-08-08,0.01,28.9,22.6,25.7,85.7,IMD_AWS_NASA_POWER_Blended
MH_VID_01,Nagpur_Airport,Nagpur,21.092,79.055,310,Vidarbha_East,2023-08-09,0.0,30.2,22.3,26.2,85.4,IMD_AWS_NASA_POWER_Blended
MH_VID_01,Nagpur_Airport,Nagpur,21.092,79.055,310,Vidarbha_East,2023-08-10,0.06,30.9,23.1,27.0,82.6,IMD_AWS_NASA_POWER_Blended
MH_VID_01,Nagpur_Airport,Nagpur,21.092,79.055,310,Vidarbha_East,2023-08-11,0.03,31.0,23.5,27.3,81.7,IMD_AWS_NASA_POWER_Blended
MH_VID_01,Nagpur_Airport,Nagpur,21.092,79.055,310,Vidarbha_East,2023-08-12,0.1,29.6,23.2,26.4,85.0,IMD_AWS_NASA_POWER_Blended
MH_VID_01,Nagpur_Airport,Nagpur,21.092,79.055,310,Vidarbha_East,2023-08-13,0.21,30.7,23.1,26.9,83.6,IMD_AWS_NASA_POWER_Blended
MH_VID_01,Nagpur_Airport,Nagpur,21.092,79.055,310,Vidarbha_East,2023-08-14,0.19,29.4,23.4,26.4,84.3,IMD_AWS_NASA_POWER_Blended
MH_VID_01,Nagpur_Airport,Nagpur,21.092,79.055,310,Vidarbha_East,2023-08-15,0.22,30.0,23.1,26.6,81.9,IMD_AWS_NASA_POWER_Blended
MH_VID_01,Nagpur_Airport,Nagpur,21.092,79.055,310,Vidarbha_East,2023-08-16,0.08,31.3,22.9,27.1,81.8,IMD_AWS_NASA_POWER_Blended
MH_VID_01,Nagpur_Airport,Nagpur,21.092,79.055,310,Vidarbha_East,2023-08-17,17.3,31.6,23.4,27.5,82.1,IMD_AWS_NASA_POWER_Blended
MH_VID_01,Nagpur_Airport,Nagpur,21.092,79.055,310,Vidarbha_East,2023-08-18,24.51,27.4,23.6,25.5,91.2,IMD_AWS_NASA_POWER_Blended
MH_VID_01,Nagpur_Airport,Nagpur,21.092,79.055,310,Vidarbha_East,2023-08-19,50.52,27.5,23.3,25.4,92.6,IMD_AWS_NASA_POWER_Blended
MH_VID_01,Nagpur_Airport,Nagpur,21.092,79.055,310,Vidarbha_East,2023-08-20,9.31,29.8,23.5,26.6,89.0,IMD_AWS_NASA_POWER_Blended
MH_VID_01,Nagpur_Airport,Nagpur,21.092,79.055,310,Vidarbha_East,2023-08-21,2.25,29.5,23.4,26.4,88.5,IMD_AWS_NASA_POWER_Blended
MH_VID_01,Nagpur_Airport,Nagpur,21.092,79.055,310,Vidarbha_East,2023-08-22,0.22,31.1,23.5,27.3,85.2,IMD_AWS_NASA_POWER_Blended
MH_VID_01,Nagpur_Airport,Nagpur,21.092,79.055,310,Vidarbha_East,2023-08-23,7.73,30.3,23.3,26.8,86.9,IMD_AWS_NASA_POWER_Blended
MH_VID_01,Nagpur_Airport,Nagpur,21.092,79.055,310,Vidarbha_East,2023-08-24,2.17,30.4,23.8,27.1,85.4,IMD_AWS_NASA_POWER_Blended
MH_VID_01,Nagpur_Airport,Nagpur,21.092,79.055,310,Vidarbha_East,2023-08-25,0.91,30.3,23.0,26.7,84.9,IMD_AWS_NASA_POWER_Blended
MH_VID_01,Nagpur_Airport,Nagpur,21.092,79.055,310,Vidarbha_East,2023-08-26,0.56,30.8,23.8,27.3,84.6,IMD_AWS_NASA_POWER_Blended
MH_VID_01,Nagpur_Airport,Nagpur,21.092,79.055,310,Vidarbha_East,2023-08-27,0.19,30.8,23.3,27.0,84.2,IMD_AWS_NASA_POWER_Blended
MH_VID_01,Nagpur_Airport,Nagpur,21.092,79.055,310,Vidarbha_East,2023-08-28,0.0,30.5,22.2,26.3,83.6,IMD_AWS_NASA_POWER_Blended
MH_VID_01,Nagpur_Airport,Nagpur,21.092,79.055,310,Vidarbha_East,2023-08-29,0.0,30.7,22.0,26.3,82.0,IMD_AWS_NASA_POWER_Blended
MH_VID_01,Nagpur_Airport,Nagpur,21.092,79.055,310,Vidarbha_East,2023-08-30,0.01,31.0,22.2,26.6,79.5,IMD_AWS_NASA_POWER_Blended
MH_VID_01,Nagpur_Airport,Nagpur,21.092,79.055,310,Vidarbha_East,2023-08-31,0.99,31.3,21.7,26.5,77.1,IMD_AWS_NASA_POWER_Blended
MH_VID_01,Nagpur_Airport,Nagpur,21.092,79.055,310,Vidarbha_East,2023-09-01,0.17,32.1,23.1,27.6,77.3,IMD_AWS_NASA_POWER_Blended
MH_VID_01,Nagpur_Airport,Nagpur,21.092,79.055,310,Vidarbha_East,2023-09-02,0.01,32.2,24.1,28.2,81.5,IMD_AWS_NASA_POWER_Blended
MH_VID_01,Nagpur_Airport,Nagpur,21.092,79.055,310,Vidarbha_East,2023-09-03,23.67,31.2,24.3,27.7,85.2,IMD_AWS_NASA_POWER_Blended
MH_VID_01,Nagpur_Airport,Nagpur,21.092,79.055,310,Vidarbha_East,2023-09-04,5.06,31.7,23.9,27.8,83.5,IMD_AWS_NASA_POWER_Blended
MH_VID_01,Nagpur_Airport,Nagpur,21.092,79.055,310,Vidarbha_East,2023-09-05,11.04,31.8,23.8,27.8,84.1,IMD_AWS_NASA_POWER_Blended
MH_VID_01,Nagpur_Airport,Nagpur,21.092,79.055,310,Vidarbha_East,2023-09-06,14.85,31.6,23.9,27.8,85.7,IMD_AWS_NASA_POWER_Blended
MH_VID_01,Nagpur_Airport,Nagpur,21.092,79.055,310,Vidarbha_East,2023-09-07,29.97,30.3,24.2,27.3,87.8,IMD_AWS_NASA_POWER_Blended
MH_VID_01,Nagpur_Airport,Nagpur,21.092,79.055,310,Vidarbha_East,2023-09-08,18.21,29.3,24.6,26.9,91.3,IMD_AWS_NASA_POWER_Blended
MH_VID_01,Nagpur_Airport,Nagpur,21.092,79.055,310,Vidarbha_East,2023-09-09,10.1,31.0,24.2,27.6,88.4,IMD_AWS_NASA_POWER_Blended
MH_VID_01,Nagpur_Airport,Nagpur,21.092,79.055,310,Vidarbha_East,2023-09-10,5.77,30.8,23.1,27.0,88.5,IMD_AWS_NASA_POWER_Blended
MH_VID_01,Nagpur_Airport,Nagpur,21.092,79.055,310,Vidarbha_East,2023-09-11,0.83,28.4,23.2,25.8,88.9,IMD_AWS_NASA_POWER_Blended
MH_VID_01,Nagpur_Airport,Nagpur,21.092,79.055,310,Vidarbha_East,2023-09-12,0.61,30.4,23.1,26.7,86.7,IMD_AWS_NASA_POWER_Blended
MH_VID_01,Nagpur_Airport,Nagpur,21.092,79.055,310,Vidarbha_East,2023-09-13,2.07,29.7,22.4,26.1,87.8,IMD_AWS_NASA_POWER_Blended
MH_VID_01,Nagpur_Airport,Nagpur,21.092,79.055,310,Vidarbha_East,2023-09-14,14.2,28.9,22.2,25.5,89.3,IMD_AWS_NASA_POWER_Blended
MH_VID_01,Nagpur_Airport,Nagpur,21.092,79.055,310,Vidarbha_East,2023-09-15,21.26,27.5,23.5,25.5,93.7,IMD_AWS_NASA_POWER_Blended
MH_VID_01,Nagpur_Airport,Nagpur,21.092,79.055,310,Vidarbha_East,2023-09-16,18.96,28.3,22.3,25.3,89.4,IMD_AWS_NASA_POWER_Blended
MH_VID_01,Nagpur_Airport,Nagpur,21.092,79.055,310,Vidarbha_East,2023-09-17,2.71,30.1,21.7,25.9,83.7,IMD_AWS_NASA_POWER_Blended
MH_VID_01,Nagpur_Airport,Nagpur,21.092,79.055,310,Vidarbha_East,2023-09-18,2.09,30.8,22.8,26.8,78.4,IMD_AWS_NASA_POWER_Blended
MH_VID_01,Nagpur_Airport,Nagpur,21.092,79.055,310,Vidarbha_East,2023-09-19,0.14,31.5,22.7,27.1,82.9,IMD_AWS_NASA_POWER_Blended
MH_VID_01,Nagpur_Airport,Nagpur,21.092,79.055,310,Vidarbha_East,2023-09-20,3.55,30.6,23.3,27.0,85.1,IMD_AWS_NASA_POWER_Blended
MH_VID_01,Nagpur_Airport,Nagpur,21.092,79.055,310,Vidarbha_East,2023-09-21,28.49,30.3,23.5,26.9,88.2,IMD_AWS_NASA_POWER_Blended
MH_VID_01,Nagpur_Airport,Nagpur,21.092,79.055,310,Vidarbha_East,2023-09-22,22.29,30.2,23.9,27.1,88.0,IMD_AWS_NASA_POWER_Blended
MH_VID_01,Nagpur_Airport,Nagpur,21.092,79.055,310,Vidarbha_East,2023-09-23,16.63,28.1,24.3,26.2,93.6,IMD_AWS_NASA_POWER_Blended
MH_VID_01,Nagpur_Airport,Nagpur,21.092,79.055,310,Vidarbha_East,2023-09-24,23.94,28.7,23.6,26.1,92.3,IMD_AWS_NASA_POWER_Blended
MH_VID_01,Nagpur_Airport,Nagpur,21.092,79.055,310,Vidarbha_East,2023-09-25,6.05,30.2,23.2,26.7,84.1,IMD_AWS_NASA_POWER_Blended
MH_VID_01,Nagpur_Airport,Nagpur,21.092,79.055,310,Vidarbha_East,2023-09-26,0.55,30.5,22.5,26.5,83.5,IMD_AWS_NASA_POWER_Blended
MH_VID_01,Nagpur_Airport,Nagpur,21.092,79.055,310,Vidarbha_East,2023-09-27,0.18,30.8,23.3,27.1,81.0,IMD_AWS_NASA_POWER_Blended
MH_VID_01,Nagpur_Airport,Nagpur,21.092,79.055,310,Vidarbha_East,2023-09-28,1.42,30.4,24.2,27.3,81.6,IMD_AWS_NASA_POWER_Blended
MH_VID_01,Nagpur_Airport,Nagpur,21.092,79.055,310,Vidarbha_East,2023-09-29,9.93,30.5,23.8,27.2,79.3,IMD_AWS_NASA_POWER_Blended
MH_VID_01,Nagpur_Airport,Nagpur,21.092,79.055,310,Vidarbha_East,2023-09-30,5.67,30.0,22.7,26.4,80.2,IMD_AWS_NASA_POWER_Blended
MH_VID_01,Nagpur_Airport,Nagpur,21.092,79.055,310,Vidarbha_East,2023-10-01,0.21,30.8,23.0,26.9,78.0,IMD_AWS_NASA_POWER_Blended
MH_VID_01,Nagpur_Airport,Nagpur,21.092,79.055,310,Vidarbha_East,2023-10-02,1.28,31.5,21.7,26.6,82.6,IMD_AWS_NASA_POWER_Blended
MH_VID_01,Nagpur_Airport,Nagpur,21.092,79.055,310,Vidarbha_East,2023-10-03,0.28,30.8,22.1,26.4,80.9,IMD_AWS_NASA_POWER_Blended
MH_VID_01,Nagpur_Airport,Nagpur,21.092,79.055,310,Vidarbha_East,2023-10-04,0.0,30.9,19.8,25.4,80.9,IMD_AWS_NASA_POWER_Blended
MH_VID_01,Nagpur_Airport,Nagpur,21.092,79.055,310,Vidarbha_East,2023-10-05,0.0,30.3,18.8,24.5,83.4,IMD_AWS_NASA_POWER_Blended
MH_VID_01,Nagpur_Airport,Nagpur,21.092,79.055,310,Vidarbha_East,2023-10-06,0.0,30.7,18.4,24.6,83.3,IMD_AWS_NASA_POWER_Blended
MH_VID_01,Nagpur_Airport,Nagpur,21.092,79.055,310,Vidarbha_East,2023-10-07,0.0,31.4,19.9,25.6,81.4,IMD_AWS_NASA_POWER_Blended
MH_VID_01,Nagpur_Airport,Nagpur,21.092,79.055,310,Vidarbha_East,2023-10-08,0.0,31.6,20.9,26.3,77.9,IMD_AWS_NASA_POWER_Blended
MH_VID_01,Nagpur_Airport,Nagpur,21.092,79.055,310,Vidarbha_East,2023-10-09,0.0,31.3,20.7,26.0,77.0,IMD_AWS_NASA_POWER_Blended
MH_VID_01,Nagpur_Airport,Nagpur,21.092,79.055,310,Vidarbha_East,2023-10-10,0.0,31.1,20.2,25.6,72.8,IMD_AWS_NASA_POWER_Blended
MH_VID_01,Nagpur_Airport,Nagpur,21.092,79.055,310,Vidarbha_East,2023-10-11,0.0,31.4,20.7,26.1,72.1,IMD_AWS_NASA_POWER_Blended
MH_VID_01,Nagpur_Airport,Nagpur,21.092,79.055,310,Vidarbha_East,2023-10-12,0.0,31.3,22.3,26.8,71.7,IMD_AWS_NASA_POWER_Blended
MH_VID_01,Nagpur_Airport,Nagpur,21.092,79.055,310,Vidarbha_East,2023-10-13,0.0,31.3,22.4,26.8,69.2,IMD_AWS_NASA_POWER_Blended
MH_VID_01,Nagpur_Airport,Nagpur,21.092,79.055,310,Vidarbha_East,2023-10-14,0.0,31.3,21.6,26.5,66.1,IMD_AWS_NASA_POWER_Blended
MH_VID_01,Nagpur_Airport,Nagpur,21.092,79.055,310,Vidarbha_East,2023-10-15,0.06,30.7,21.3,26.0,70.1,IMD_AWS_NASA_POWER_Blended
MH_VID_01,Nagpur_Airport,Nagpur,21.092,79.055,310,Vidarbha_East,2023-10-16,0.03,30.3,21.0,25.7,76.9,IMD_AWS_NASA_POWER_Blended
MH_VID_01,Nagpur_Airport,Nagpur,21.092,79.055,310,Vidarbha_East,2023-10-17,0.03,30.5,20.1,25.3,75.2,IMD_AWS_NASA_POWER_Blended
MH_VID_01,Nagpur_Airport,Nagpur,21.092,79.055,310,Vidarbha_East,2023-10-18,1.14,30.2,20.5,25.4,76.4,IMD_AWS_NASA_POWER_Blended
MH_VID_01,Nagpur_Airport,Nagpur,21.092,79.055,310,Vidarbha_East,2023-10-19,0.36,29.6,20.2,24.9,81.5,IMD_AWS_NASA_POWER_Blended
MH_VID_01,Nagpur_Airport,Nagpur,21.092,79.055,310,Vidarbha_East,2023-10-20,3.14,28.8,19.6,24.2,83.9,IMD_AWS_NASA_POWER_Blended
MH_VID_01,Nagpur_Airport,Nagpur,21.092,79.055,310,Vidarbha_East,2023-10-21,0.01,28.6,17.9,23.3,82.8,IMD_AWS_NASA_POWER_Blended
MH_VID_01,Nagpur_Airport,Nagpur,21.092,79.055,310,Vidarbha_East,2023-10-22,0.0,28.8,17.1,22.9,79.5,IMD_AWS_NASA_POWER_Blended
MH_VID_01,Nagpur_Airport,Nagpur,21.092,79.055,310,Vidarbha_East,2023-10-23,0.0,28.2,15.6,21.9,78.5,IMD_AWS_NASA_POWER_Blended
MH_VID_01,Nagpur_Airport,Nagpur,21.092,79.055,310,Vidarbha_East,2023-10-24,0.0,27.8,14.9,21.4,74.8,IMD_AWS_NASA_POWER_Blended
MH_VID_01,Nagpur_Airport,Nagpur,21.092,79.055,310,Vidarbha_East,2023-10-25,0.0,27.8,15.3,21.6,73.4,IMD_AWS_NASA_POWER_Blended
MH_VID_01,Nagpur_Airport,Nagpur,21.092,79.055,310,Vidarbha_East,2023-10-26,0.0,27.7,14.6,21.1,70.8,IMD_AWS_NASA_POWER_Blended
MH_VID_01,Nagpur_Airport,Nagpur,21.092,79.055,310,Vidarbha_East,2023-10-27,0.0,27.4,15.9,21.6,71.8,IMD_AWS_NASA_POWER_Blended
MH_VID_01,Nagpur_Airport,Nagpur,21.092,79.055,310,Vidarbha_East,2023-10-28,0.0,27.0,14.2,20.6,76.2,IMD_AWS_NASA_POWER_Blended
MH_VID_01,Nagpur_Airport,Nagpur,21.092,79.055,310,Vidarbha_East,2023-10-29,0.0,27.0,13.9,20.4,78.2,IMD_AWS_NASA_POWER_Blended
MH_VID_01,Nagpur_Airport,Nagpur,21.092,79.055,310,Vidarbha_East,2023-10-30,0.0,25.7,14.2,20.0,81.2,IMD_AWS_NASA_POWER_Blended
MH_VID_01,Nagpur_Airport,Nagpur,21.092,79.055,310,Vidarbha_East,2023-10-31,0.0,26.2,14.7,20.5,83.3,IMD_AWS_NASA_POWER_Blended
MH_VID_02,Amravati,Amravati,20.932,77.752,343,Vidarbha_East,2023-06-01,0.0,42.5,28.3,35.4,22.1,IMD_AWS_NASA_POWER_Blended
MH_VID_02,Amravati,Amravati,20.932,77.752,343,Vidarbha_East,2023-06-02,0.0,42.3,28.3,35.3,25.3,IMD_AWS_NASA_POWER_Blended
MH_VID_02,Amravati,Amravati,20.932,77.752,343,Vidarbha_East,2023-06-03,0.01,39.6,29.7,34.7,35.9,IMD_AWS_NASA_POWER_Blended
MH_VID_02,Amravati,Amravati,20.932,77.752,343,Vidarbha_East,2023-06-04,1.54,41.6,29.0,35.3,33.5,IMD_AWS_NASA_POWER_Blended
MH_VID_02,Amravati,Amravati,20.932,77.752,343,Vidarbha_East,2023-06-05,3.28,40.4,27.9,34.1,35.1,IMD_AWS_NASA_POWER_Blended
MH_VID_02,Amravati,Amravati,20.932,77.752,343,Vidarbha_East,2023-06-06,3.09,41.4,28.8,35.1,36.3,IMD_AWS_NASA_POWER_Blended
MH_VID_02,Amravati,Amravati,20.932,77.752,343,Vidarbha_East,2023-06-07,1.61,42.0,28.7,35.4,34.3,IMD_AWS_NASA_POWER_Blended
MH_VID_02,Amravati,Amravati,20.932,77.752,343,Vidarbha_East,2023-06-08,0.01,42.1,29.3,35.7,31.8,IMD_AWS_NASA_POWER_Blended
MH_VID_02,Amravati,Amravati,20.932,77.752,343,Vidarbha_East,2023-06-09,0.0,42.0,29.2,35.6,33.4,IMD_AWS_NASA_POWER_Blended
MH_VID_02,Amravati,Amravati,20.932,77.752,343,Vidarbha_East,2023-06-10,0.26,42.5,28.5,35.5,33.5,IMD_AWS_NASA_POWER_Blended
MH_VID_02,Amravati,Amravati,20.932,77.752,343,Vidarbha_East,2023-06-11,1.33,41.3,29.8,35.5,40.2,IMD_AWS_NASA_POWER_Blended
MH_VID_02,Amravati,Amravati,20.932,77.752,343,Vidarbha_East,2023-06-12,0.46,41.7,30.4,36.0,36.9,IMD_AWS_NASA_POWER_Blended
MH_VID_02,Amravati,Amravati,20.932,77.752,343,Vidarbha_East,2023-06-13,0.15,42.7,30.5,36.6,32.4,IMD_AWS_NASA_POWER_Blended
MH_VID_02,Amravati,Amravati,20.932,77.752,343,Vidarbha_East,2023-06-14,0.0,41.2,29.2,35.2,33.6,IMD_AWS_NASA_POWER_Blended
MH_VID_02,Amravati,Amravati,20.932,77.752,343,Vidarbha_East,2023-06-15,0.0,41.7,27.7,34.7,34.3,IMD_AWS_NASA_POWER_Blended
MH_VID_02,Amravati,Amravati,20.932,77.752,343,Vidarbha_East,2023-06-16,0.0,42.4,28.2,35.3,36.4,IMD_AWS_NASA_POWER_Blended
MH_VID_02,Amravati,Amravati,20.932,77.752,343,Vidarbha_East,2023-06-17,0.06,40.2,29.5,34.8,38.7,IMD_AWS_NASA_POWER_Blended
MH_VID_02,Amravati,Amravati,20.932,77.752,343,Vidarbha_East,2023-06-18,0.0,41.7,27.9,34.8,41.2,IMD_AWS_NASA_POWER_Blended
MH_VID_02,Amravati,Amravati,20.932,77.752,343,Vidarbha_East,2023-06-19,0.0,41.1,27.4,34.3,39.6,IMD_AWS_NASA_POWER_Blended
MH_VID_02,Amravati,Amravati,20.932,77.752,343,Vidarbha_East,2023-06-20,0.0,40.3,28.3,34.3,42.3,IMD_AWS_NASA_POWER_Blended
MH_VID_02,Amravati,Amravati,20.932,77.752,343,Vidarbha_East,2023-06-21,0.02,39.0,29.3,34.2,49.5,IMD_AWS_NASA_POWER_Blended
MH_VID_02,Amravati,Amravati,20.932,77.752,343,Vidarbha_East,2023-06-22,13.26,36.6,26.5,31.6,62.6,IMD_AWS_NASA_POWER_Blended
MH_VID_02,Amravati,Amravati,20.932,77.752,343,Vidarbha_East,2023-06-23,4.81,31.5,25.1,28.3,73.8,IMD_AWS_NASA_POWER_Blended
MH_VID_02,Amravati,Amravati,20.932,77.752,343,Vidarbha_East,2023-06-24,2.2,35.8,24.9,30.3,66.8,IMD_AWS_NASA_POWER_Blended
MH_VID_02,Amravati,Amravati,20.932,77.752,343,Vidarbha_East,2023-06-25,12.61,33.4,25.6,29.5,68.0,IMD_AWS_NASA_POWER_Blended
MH_VID_02,Amravati,Amravati,20.932,77.752,343,Vidarbha_East,2023-06-26,27.45,30.5,22.9,26.7,73.2,IMD_AWS_NASA_POWER_Blended
MH_VID_02,Amravati,Amravati,20.932,77.752,343,Vidarbha_East,2023-06-27,4.52,31.2,22.1,26.7,72.3,IMD_AWS_NASA_POWER_Blended
MH_VID_02,Amravati,Amravati,20.932,77.752,343,Vidarbha_East,2023-06-28,1.87,33.6,22.9,28.2,69.7,IMD_AWS_NASA_POWER_Blended
MH_VID_02,Amravati,Amravati,20.932,77.752,343,Vidarbha_East,2023-06-29,5.44,31.4,23.6,27.5,75.0,IMD_AWS_NASA_POWER_Blended
MH_VID_02,Amravati,Amravati,20.932,77.752,343,Vidarbha_East,2023-06-30,1.23,31.5,22.5,27.0,73.5,IMD_AWS_NASA_POWER_Blended
MH_VID_02,Amravati,Amravati,20.932,77.752,343,Vidarbha_East,2023-07-01,1.53,35.0,24.0,29.5,68.9,IMD_AWS_NASA_POWER_Blended
MH_VID_02,Amravati,Amravati,20.932,77.752,343,Vidarbha_East,2023-07-02,0.11,35.4,24.7,30.0,69.5,IMD_AWS_NASA_POWER_Blended
MH_VID_02,Amravati,Amravati,20.932,77.752,343,Vidarbha_East,2023-07-03,0.37,36.5,25.5,31.0,66.4,IMD_AWS_NASA_POWER_Blended
MH_VID_02,Amravati,Amravati,20.932,77.752,343,Vidarbha_East,2023-07-04,1.57,33.7,26.7,30.2,71.2,IMD_AWS_NASA_POWER_Blended
MH_VID_02,Amravati,Amravati,20.932,77.752,343,Vidarbha_East,2023-07-05,25.73,32.4,26.3,29.3,81.3,IMD_AWS_NASA_POWER_Blended
MH_VID_02,Amravati,Amravati,20.932,77.752,343,Vidarbha_East,2023-07-06,22.8,33.3,25.4,29.3,82.0,IMD_AWS_NASA_POWER_Blended
MH_VID_02,Amravati,Amravati,20.932,77.752,343,Vidarbha_East,2023-07-07,6.8,32.1,24.1,28.1,79.8,IMD_AWS_NASA_POWER_Blended
MH_VID_02,Amravati,Amravati,20.932,77.752,343,Vidarbha_East,2023-07-08,29.94,31.4,25.0,28.2,82.7,IMD_AWS_NASA_POWER_Blended
MH_VID_02,Amravati,Amravati,20.932,77.752,343,Vidarbha_East,2023-07-09,8.58,28.9,24.1,26.5,84.6,IMD_AWS_NASA_POWER_Blended
MH_VID_02,Amravati,Amravati,20.932,77.752,343,Vidarbha_East,2023-07-10,14.24,31.7,23.6,27.6,82.0,IMD_AWS_NASA_POWER_Blended
MH_VID_02,Amravati,Amravati,20.932,77.752,343,Vidarbha_East,2023-07-11,21.95,30.9,23.6,27.3,83.9,IMD_AWS_NASA_POWER_Blended
MH_VID_02,Amravati,Amravati,20.932,77.752,343,Vidarbha_East,2023-07-12,14.81,31.8,24.2,28.0,83.1,IMD_AWS_NASA_POWER_Blended
MH_VID_02,Amravati,Amravati,20.932,77.752,343,Vidarbha_East,2023-07-13,18.85,31.9,23.4,27.7,83.6,IMD_AWS_NASA_POWER_Blended
MH_VID_02,Amravati,Amravati,20.932,77.752,343,Vidarbha_East,2023-07-14,6.79,30.4,24.2,27.3,84.2,IMD_AWS_NASA_POWER_Blended
MH_VID_02,Amravati,Amravati,20.932,77.752,343,Vidarbha_East,2023-07-15,10.18,28.1,23.3,25.7,88.1,IMD_AWS_NASA_POWER_Blended
MH_VID_02,Amravati,Amravati,20.932,77.752,343,Vidarbha_East,2023-07-16,8.47,30.1,23.5,26.8,84.6,IMD_AWS_NASA_POWER_Blended
MH_VID_02,Amravati,Amravati,20.932,77.752,343,Vidarbha_East,2023-07-17,6.41,32.1,23.6,27.8,81.8,IMD_AWS_NASA_POWER_Blended
MH_VID_02,Amravati,Amravati,20.932,77.752,343,Vidarbha_East,2023-07-18,23.14,28.6,24.1,26.4,90.0,IMD_AWS_NASA_POWER_Blended
MH_VID_02,Amravati,Amravati,20.932,77.752,343,Vidarbha_East,2023-07-19,12.77,31.6,23.4,27.5,86.9,IMD_AWS_NASA_POWER_Blended
MH_VID_02,Amravati,Amravati,20.932,77.752,343,Vidarbha_East,2023-07-20,1.79,32.8,25.3,29.1,83.7,IMD_AWS_NASA_POWER_Blended
MH_VID_02,Amravati,Amravati,20.932,77.752,343,Vidarbha_East,2023-07-21,68.84,28.4,24.9,26.7,92.3,IMD_AWS_NASA_POWER_Blended
MH_VID_02,Amravati,Amravati,20.932,77.752,343,Vidarbha_East,2023-07-22,31.8,30.6,25.1,27.9,88.9,IMD_AWS_NASA_POWER_Blended
MH_VID_02,Amravati,Amravati,20.932,77.752,343,Vidarbha_East,2023-07-23,15.47,28.6,24.3,26.5,90.7,IMD_AWS_NASA_POWER_Blended
MH_VID_02,Amravati,Amravati,20.932,77.752,343,Vidarbha_East,2023-07-24,1.78,31.2,23.7,27.5,84.0,IMD_AWS_NASA_POWER_Blended
MH_VID_02,Amravati,Amravati,20.932,77.752,343,Vidarbha_East,2023-07-25,3.57,31.8,23.8,27.8,83.7,IMD_AWS_NASA_POWER_Blended
MH_VID_02,Amravati,Amravati,20.932,77.752,343,Vidarbha_East,2023-07-26,25.77,30.4,24.0,27.2,88.4,IMD_AWS_NASA_POWER_Blended
MH_VID_02,Amravati,Amravati,20.932,77.752,343,Vidarbha_East,2023-07-27,23.4,31.0,24.6,27.8,88.1,IMD_AWS_NASA_POWER_Blended
MH_VID_02,Amravati,Amravati,20.932,77.752,343,Vidarbha_East,2023-07-28,12.34,28.1,24.8,26.5,91.2,IMD_AWS_NASA_POWER_Blended
MH_VID_02,Amravati,Amravati,20.932,77.752,343,Vidarbha_East,2023-07-29,0.95,29.6,23.7,26.7,87.1,IMD_AWS_NASA_POWER_Blended
MH_VID_02,Amravati,Amravati,20.932,77.752,343,Vidarbha_East,2023-07-30,0.59,30.5,23.6,27.0,85.6,IMD_AWS_NASA_POWER_Blended
MH_VID_02,Amravati,Amravati,20.932,77.752,343,Vidarbha_East,2023-07-31,0.12,30.6,23.2,26.9,85.7,IMD_AWS_NASA_POWER_Blended
MH_VID_02,Amravati,Amravati,20.932,77.752,343,Vidarbha_East,2023-08-01,4.7,30.2,23.6,26.9,86.8,IMD_AWS_NASA_POWER_Blended
MH_VID_02,Amravati,Amravati,20.932,77.752,343,Vidarbha_East,2023-08-02,4.1,28.5,23.4,25.9,88.3,IMD_AWS_NASA_POWER_Blended
MH_VID_02,Amravati,Amravati,20.932,77.752,343,Vidarbha_East,2023-08-03,12.66,26.3,23.0,24.6,91.3,IMD_AWS_NASA_POWER_Blended
MH_VID_02,Amravati,Amravati,20.932,77.752,343,Vidarbha_East,2023-08-04,1.59,28.9,22.7,25.8,87.1,IMD_AWS_NASA_POWER_Blended
MH_VID_02,Amravati,Amravati,20.932,77.752,343,Vidarbha_East,2023-08-05,5.9,28.9,22.8,25.9,88.0,IMD_AWS_NASA_POWER_Blended
MH_VID_02,Amravati,Amravati,20.932,77.752,343,Vidarbha_East,2023-08-06,0.84,29.9,22.7,26.3,85.9,IMD_AWS_NASA_POWER_Blended
MH_VID_02,Amravati,Amravati,20.932,77.752,343,Vidarbha_East,2023-08-07,0.19,30.9,22.6,26.8,81.9,IMD_AWS_NASA_POWER_Blended
MH_VID_02,Amravati,Amravati,20.932,77.752,343,Vidarbha_East,2023-08-08,0.01,28.6,22.1,25.4,86.3,IMD_AWS_NASA_POWER_Blended
MH_VID_02,Amravati,Amravati,20.932,77.752,343,Vidarbha_East,2023-08-09,0.0,30.5,22.6,26.6,83.4,IMD_AWS_NASA_POWER_Blended
MH_VID_02,Amravati,Amravati,20.932,77.752,343,Vidarbha_East,2023-08-10,0.15,30.6,22.7,26.7,82.2,IMD_AWS_NASA_POWER_Blended
MH_VID_02,Amravati,Amravati,20.932,77.752,343,Vidarbha_East,2023-08-11,0.12,30.3,22.8,26.5,82.7,IMD_AWS_NASA_POWER_Blended
MH_VID_02,Amravati,Amravati,20.932,77.752,343,Vidarbha_East,2023-08-12,0.31,30.1,22.6,26.4,84.2,IMD_AWS_NASA_POWER_Blended
MH_VID_02,Amravati,Amravati,20.932,77.752,343,Vidarbha_East,2023-08-13,0.09,29.9,22.6,26.3,83.5,IMD_AWS_NASA_POWER_Blended
MH_VID_02,Amravati,Amravati,20.932,77.752,343,Vidarbha_East,2023-08-14,0.65,29.5,22.3,25.9,83.0,IMD_AWS_NASA_POWER_Blended
MH_VID_02,Amravati,Amravati,20.932,77.752,343,Vidarbha_East,2023-08-15,0.5,29.5,22.3,25.9,81.9,IMD_AWS_NASA_POWER_Blended
MH_VID_02,Amravati,Amravati,20.932,77.752,343,Vidarbha_East,2023-08-16,0.06,31.0,22.4,26.7,81.2,IMD_AWS_NASA_POWER_Blended
MH_VID_02,Amravati,Amravati,20.932,77.752,343,Vidarbha_East,2023-08-17,8.19,31.1,22.7,26.9,82.7,IMD_AWS_NASA_POWER_Blended
MH_VID_02,Amravati,Amravati,20.932,77.752,343,Vidarbha_East,2023-08-18,16.02,27.4,22.9,25.2,90.3,IMD_AWS_NASA_POWER_Blended
MH_VID_02,Amravati,Amravati,20.932,77.752,343,Vidarbha_East,2023-08-19,33.24,27.2,22.8,25.0,91.7,IMD_AWS_NASA_POWER_Blended
MH_VID_02,Amravati,Amravati,20.932,77.752,343,Vidarbha_East,2023-08-20,10.48,29.1,22.8,25.9,89.2,IMD_AWS_NASA_POWER_Blended
MH_VID_02,Amravati,Amravati,20.932,77.752,343,Vidarbha_East,2023-08-21,2.45,28.3,22.4,25.3,89.2,IMD_AWS_NASA_POWER_Blended
MH_VID_02,Amravati,Amravati,20.932,77.752,343,Vidarbha_East,2023-08-22,0.46,31.1,22.9,27.0,85.3,IMD_AWS_NASA_POWER_Blended
MH_VID_02,Amravati,Amravati,20.932,77.752,343,Vidarbha_East,2023-08-23,1.34,30.3,22.9,26.6,85.9,IMD_AWS_NASA_POWER_Blended
MH_VID_02,Amravati,Amravati,20.932,77.752,343,Vidarbha_East,2023-08-24,0.29,29.9,22.9,26.4,85.2,IMD_AWS_NASA_POWER_Blended
MH_VID_02,Amravati,Amravati,20.932,77.752,343,Vidarbha_East,2023-08-25,1.6,30.1,22.5,26.3,85.0,IMD_AWS_NASA_POWER_Blended
MH_VID_02,Amravati,Amravati,20.932,77.752,343,Vidarbha_East,2023-08-26,0.54,30.7,23.2,27.0,84.0,IMD_AWS_NASA_POWER_Blended
MH_VID_02,Amravati,Amravati,20.932,77.752,343,Vidarbha_East,2023-08-27,0.06,30.2,22.9,26.5,83.8,IMD_AWS_NASA_POWER_Blended
MH_VID_02,Amravati,Amravati,20.932,77.752,343,Vidarbha_East,2023-08-28,0.01,30.4,21.8,26.1,82.4,IMD_AWS_NASA_POWER_Blended
MH_VID_02,Amravati,Amravati,20.932,77.752,343,Vidarbha_East,2023-08-29,0.0,30.5,22.2,26.3,81.2,IMD_AWS_NASA_POWER_Blended
MH_VID_02,Amravati,Amravati,20.932,77.752,343,Vidarbha_East,2023-08-30,0.0,30.9,21.0,26.0,80.0,IMD_AWS_NASA_POWER_Blended
MH_VID_02,Amravati,Amravati,20.932,77.752,343,Vidarbha_East,2023-08-31,1.46,31.0,22.4,26.7,80.9,IMD_AWS_NASA_POWER_Blended
MH_VID_02,Amravati,Amravati,20.932,77.752,343,Vidarbha_East,2023-09-01,0.18,31.9,22.8,27.3,80.3,IMD_AWS_NASA_POWER_Blended
MH_VID_02,Amravati,Amravati,20.932,77.752,343,Vidarbha_East,2023-09-02,0.01,32.1,23.2,27.7,79.6,IMD_AWS_NASA_POWER_Blended
MH_VID_02,Amravati,Amravati,20.932,77.752,343,Vidarbha_East,2023-09-03,10.36,31.2,22.7,26.9,83.0,IMD_AWS_NASA_POWER_Blended
MH_VID_02,Amravati,Amravati,20.932,77.752,343,Vidarbha_East,2023-09-04,2.48,31.6,23.2,27.4,81.9,IMD_AWS_NASA_POWER_Blended
MH_VID_02,Amravati,Amravati,20.932,77.752,343,Vidarbha_East,2023-09-05,11.86,31.1,23.3,27.2,83.6,IMD_AWS_NASA_POWER_Blended
MH_VID_02,Amravati,Amravati,20.932,77.752,343,Vidarbha_East,2023-09-06,12.23,30.8,23.5,27.2,85.9,IMD_AWS_NASA_POWER_Blended
MH_VID_02,Amravati,Amravati,20.932,77.752,343,Vidarbha_East,2023-09-07,25.28,31.0,24.1,27.6,89.4,IMD_AWS_NASA_POWER_Blended
MH_VID_02,Amravati,Amravati,20.932,77.752,343,Vidarbha_East,2023-09-08,10.67,30.3,24.0,27.1,88.9,IMD_AWS_NASA_POWER_Blended
MH_VID_02,Amravati,Amravati,20.932,77.752,343,Vidarbha_East,2023-09-09,9.4,29.7,23.1,26.4,88.5,IMD_AWS_NASA_POWER_Blended
MH_VID_02,Amravati,Amravati,20.932,77.752,343,Vidarbha_East,2023-09-10,5.46,28.4,22.8,25.6,89.3,IMD_AWS_NASA_POWER_Blended
MH_VID_02,Amravati,Amravati,20.932,77.752,343,Vidarbha_East,2023-09-11,0.2,28.7,22.6,25.7,88.2,IMD_AWS_NASA_POWER_Blended
MH_VID_02,Amravati,Amravati,20.932,77.752,343,Vidarbha_East,2023-09-12,0.31,29.4,22.7,26.1,84.7,IMD_AWS_NASA_POWER_Blended
MH_VID_02,Amravati,Amravati,20.932,77.752,343,Vidarbha_East,2023-09-13,1.12,30.2,22.3,26.3,84.9,IMD_AWS_NASA_POWER_Blended
MH_VID_02,Amravati,Amravati,20.932,77.752,343,Vidarbha_East,2023-09-14,7.27,27.3,22.0,24.6,91.4,IMD_AWS_NASA_POWER_Blended
MH_VID_02,Amravati,Amravati,20.932,77.752,343,Vidarbha_East,2023-09-15,19.89,27.1,23.0,25.0,93.2,IMD_AWS_NASA_POWER_Blended
MH_VID_02,Amravati,Amravati,20.932,77.752,343,Vidarbha_East,2023-09-16,26.95,28.6,21.7,25.2,87.8,IMD_AWS_NASA_POWER_Blended
MH_VID_02,Amravati,Amravati,20.932,77.752,343,Vidarbha_East,2023-09-17,4.38,30.1,20.5,25.3,84.8,IMD_AWS_NASA_POWER_Blended
MH_VID_02,Amravati,Amravati,20.932,77.752,343,Vidarbha_East,2023-09-18,1.81,30.9,21.5,26.2,81.5,IMD_AWS_NASA_POWER_Blended
MH_VID_02,Amravati,Amravati,20.932,77.752,343,Vidarbha_East,2023-09-19,0.44,30.9,23.0,27.0,83.7,IMD_AWS_NASA_POWER_Blended
MH_VID_02,Amravati,Amravati,20.932,77.752,343,Vidarbha_East,2023-09-20,1.21,30.1,23.2,26.6,86.0,IMD_AWS_NASA_POWER_Blended
MH_VID_02,Amravati,Amravati,20.932,77.752,343,Vidarbha_East,2023-09-21,29.44,30.8,23.1,27.0,85.8,IMD_AWS_NASA_POWER_Blended
MH_VID_02,Amravati,Amravati,20.932,77.752,343,Vidarbha_East,2023-09-22,14.54,30.3,22.9,26.6,90.4,IMD_AWS_NASA_POWER_Blended
MH_VID_02,Amravati,Amravati,20.932,77.752,343,Vidarbha_East,2023-09-23,7.12,27.9,24.0,26.0,91.7,IMD_AWS_NASA_POWER_Blended
MH_VID_02,Amravati,Amravati,20.932,77.752,343,Vidarbha_East,2023-09-24,14.13,29.0,23.4,26.2,90.9,IMD_AWS_NASA_POWER_Blended
MH_VID_02,Amravati,Amravati,20.932,77.752,343,Vidarbha_East,2023-09-25,5.36,29.0,23.8,26.4,89.3,IMD_AWS_NASA_POWER_Blended
MH_VID_02,Amravati,Amravati,20.932,77.752,343,Vidarbha_East,2023-09-26,1.31,30.3,22.3,26.3,83.8,IMD_AWS_NASA_POWER_Blended
MH_VID_02,Amravati,Amravati,20.932,77.752,343,Vidarbha_East,2023-09-27,0.84,30.4,23.4,26.9,83.4,IMD_AWS_NASA_POWER_Blended
MH_VID_02,Amravati,Amravati,20.932,77.752,343,Vidarbha_East,2023-09-28,2.96,31.2,22.9,27.0,79.7,IMD_AWS_NASA_POWER_Blended
MH_VID_02,Amravati,Amravati,20.932,77.752,343,Vidarbha_East,2023-09-29,10.05,30.6,23.2,26.9,80.7,IMD_AWS_NASA_POWER_Blended
MH_VID_02,Amravati,Amravati,20.932,77.752,343,Vidarbha_East,2023-09-30,9.12,30.7,22.7,26.7,80.0,IMD_AWS_NASA_POWER_Blended
MH_VID_02,Amravati,Amravati,20.932,77.752,343,Vidarbha_East,2023-10-01,0.58,31.3,22.7,27.0,78.0,IMD_AWS_NASA_POWER_Blended
MH_VID_02,Amravati,Amravati,20.932,77.752,343,Vidarbha_East,2023-10-02,0.06,31.2,21.2,26.2,80.4,IMD_AWS_NASA_POWER_Blended
MH_VID_02,Amravati,Amravati,20.932,77.752,343,Vidarbha_East,2023-10-03,0.01,30.6,20.4,25.5,80.5,IMD_AWS_NASA_POWER_Blended
MH_VID_02,Amravati,Amravati,20.932,77.752,343,Vidarbha_East,2023-10-04,0.0,30.2,18.9,24.5,81.2,IMD_AWS_NASA_POWER_Blended
MH_VID_02,Amravati,Amravati,20.932,77.752,343,Vidarbha_East,2023-10-05,0.0,29.6,18.3,24.0,83.2,IMD_AWS_NASA_POWER_Blended
MH_VID_02,Amravati,Amravati,20.932,77.752,343,Vidarbha_East,2023-10-06,0.0,29.8,18.4,24.1,82.8,IMD_AWS_NASA_POWER_Blended
MH_VID_02,Amravati,Amravati,20.932,77.752,343,Vidarbha_East,2023-10-07,0.0,30.8,19.6,25.2,82.5,IMD_AWS_NASA_POWER_Blended
MH_VID_02,Amravati,Amravati,20.932,77.752,343,Vidarbha_East,2023-10-08,0.0,31.1,20.0,25.6,80.7,IMD_AWS_NASA_POWER_Blended
MH_VID_02,Amravati,Amravati,20.932,77.752,343,Vidarbha_East,2023-10-09,0.0,30.7,19.8,25.2,77.8,IMD_AWS_NASA_POWER_Blended
MH_VID_02,Amravati,Amravati,20.932,77.752,343,Vidarbha_East,2023-10-10,0.0,30.7,19.2,24.9,79.0,IMD_AWS_NASA_POWER_Blended
MH_VID_02,Amravati,Amravati,20.932,77.752,343,Vidarbha_East,2023-10-11,0.0,31.2,19.9,25.6,75.5,IMD_AWS_NASA_POWER_Blended
MH_VID_02,Amravati,Amravati,20.932,77.752,343,Vidarbha_East,2023-10-12,0.0,31.6,20.3,25.9,72.8,IMD_AWS_NASA_POWER_Blended
MH_VID_02,Amravati,Amravati,20.932,77.752,343,Vidarbha_East,2023-10-13,0.0,31.5,21.9,26.7,69.2,IMD_AWS_NASA_POWER_Blended
MH_VID_02,Amravati,Amravati,20.932,77.752,343,Vidarbha_East,2023-10-14,0.0,31.4,22.5,26.9,62.7,IMD_AWS_NASA_POWER_Blended
MH_VID_02,Amravati,Amravati,20.932,77.752,343,Vidarbha_East,2023-10-15,0.02,30.8,20.5,25.7,70.0,IMD_AWS_NASA_POWER_Blended
MH_VID_02,Amravati,Amravati,20.932,77.752,343,Vidarbha_East,2023-10-16,0.11,31.2,21.3,26.2,69.3,IMD_AWS_NASA_POWER_Blended
MH_VID_02,Amravati,Amravati,20.932,77.752,343,Vidarbha_East,2023-10-17,0.1,31.1,21.0,26.0,74.7,IMD_AWS_NASA_POWER_Blended
MH_VID_02,Amravati,Amravati,20.932,77.752,343,Vidarbha_East,2023-10-18,0.52,31.0,21.4,26.2,72.9,IMD_AWS_NASA_POWER_Blended
MH_VID_02,Amravati,Amravati,20.932,77.752,343,Vidarbha_East,2023-10-19,0.36,30.5,19.9,25.2,76.5,IMD_AWS_NASA_POWER_Blended
MH_VID_02,Amravati,Amravati,20.932,77.752,343,Vidarbha_East,2023-10-20,6.28,29.4,19.6,24.5,82.2,IMD_AWS_NASA_POWER_Blended
MH_VID_02,Amravati,Amravati,20.932,77.752,343,Vidarbha_East,2023-10-21,0.13,29.6,18.2,23.9,80.4,IMD_AWS_NASA_POWER_Blended
MH_VID_02,Amravati,Amravati,20.932,77.752,343,Vidarbha_East,2023-10-22,0.0,30.6,18.0,24.3,74.7,IMD_AWS_NASA_POWER_Blended
MH_VID_02,Amravati,Amravati,20.932,77.752,343,Vidarbha_East,2023-10-23,0.0,30.1,16.6,23.3,75.7,IMD_AWS_NASA_POWER_Blended
MH_VID_02,Amravati,Amravati,20.932,77.752,343,Vidarbha_East,2023-10-24,0.0,29.6,16.1,22.9,69.0,IMD_AWS_NASA_POWER_Blended
MH_VID_02,Amravati,Amravati,20.932,77.752,343,Vidarbha_East,2023-10-25,0.0,29.5,15.9,22.7,69.4,IMD_AWS_NASA_POWER_Blended
MH_VID_02,Amravati,Amravati,20.932,77.752,343,Vidarbha_East,2023-10-26,0.0,29.5,14.8,22.1,64.5,IMD_AWS_NASA_POWER_Blended
MH_VID_02,Amravati,Amravati,20.932,77.752,343,Vidarbha_East,2023-10-27,0.0,29.6,16.4,23.0,66.1,IMD_AWS_NASA_POWER_Blended
MH_VID_02,Amravati,Amravati,20.932,77.752,343,Vidarbha_East,2023-10-28,0.0,29.2,14.5,21.8,70.5,IMD_AWS_NASA_POWER_Blended
MH_VID_02,Amravati,Amravati,20.932,77.752,343,Vidarbha_East,2023-10-29,0.0,29.8,14.7,22.2,70.6,IMD_AWS_NASA_POWER_Blended
MH_VID_02,Amravati,Amravati,20.932,77.752,343,Vidarbha_East,2023-10-30,0.0,26.5,14.6,20.6,75.6,IMD_AWS_NASA_POWER_Blended
MH_VID_02,Amravati,Amravati,20.932,77.752,343,Vidarbha_East,2023-10-31,0.0,28.1,14.4,21.3,75.6,IMD_AWS_NASA_POWER_Blended
MH_VID_03,Akola,Akola,20.7,77.0,282,Vidarbha_East,2023-06-01,0.0,42.5,28.0,35.2,22.7,IMD_AWS_NASA_POWER_Blended
MH_VID_03,Akola,Akola,20.7,77.0,282,Vidarbha_East,2023-06-02,0.0,41.7,27.1,34.4,28.9,IMD_AWS_NASA_POWER_Blended
MH_VID_03,Akola,Akola,20.7,77.0,282,Vidarbha_East,2023-06-03,0.12,38.8,27.9,33.3,40.9,IMD_AWS_NASA_POWER_Blended
MH_VID_03,Akola,Akola,20.7,77.0,282,Vidarbha_East,2023-06-04,3.31,39.2,28.0,33.6,40.7,IMD_AWS_NASA_POWER_Blended
MH_VID_03,Akola,Akola,20.7,77.0,282,Vidarbha_East,2023-06-05,0.3,40.0,27.3,33.6,37.1,IMD_AWS_NASA_POWER_Blended
MH_VID_03,Akola,Akola,20.7,77.0,282,Vidarbha_East,2023-06-06,4.15,40.6,27.9,34.2,38.8,IMD_AWS_NASA_POWER_Blended
MH_VID_03,Akola,Akola,20.7,77.0,282,Vidarbha_East,2023-06-07,1.13,41.2,28.1,34.6,35.7,IMD_AWS_NASA_POWER_Blended
MH_VID_03,Akola,Akola,20.7,77.0,282,Vidarbha_East,2023-06-08,0.01,40.7,27.8,34.2,37.3,IMD_AWS_NASA_POWER_Blended
MH_VID_03,Akola,Akola,20.7,77.0,282,Vidarbha_East,2023-06-09,0.0,41.8,28.1,35.0,35.2,IMD_AWS_NASA_POWER_Blended
MH_VID_03,Akola,Akola,20.7,77.0,282,Vidarbha_East,2023-06-10,1.14,41.7,28.4,35.0,38.1,IMD_AWS_NASA_POWER_Blended
MH_VID_03,Akola,Akola,20.7,77.0,282,Vidarbha_East,2023-06-11,0.67,40.7,28.5,34.6,41.4,IMD_AWS_NASA_POWER_Blended
MH_VID_03,Akola,Akola,20.7,77.0,282,Vidarbha_East,2023-06-12,0.04,41.0,29.9,35.4,36.8,IMD_AWS_NASA_POWER_Blended
MH_VID_03,Akola,Akola,20.7,77.0,282,Vidarbha_East,2023-06-13,0.01,42.4,28.5,35.5,35.1,IMD_AWS_NASA_POWER_Blended
MH_VID_03,Akola,Akola,20.7,77.0,282,Vidarbha_East,2023-06-14,0.01,41.5,27.6,34.6,36.2,IMD_AWS_NASA_POWER_Blended
MH_VID_03,Akola,Akola,20.7,77.0,282,Vidarbha_East,2023-06-15,0.0,41.8,26.7,34.2,36.9,IMD_AWS_NASA_POWER_Blended
MH_VID_03,Akola,Akola,20.7,77.0,282,Vidarbha_East,2023-06-16,0.0,42.1,26.8,34.5,40.2,IMD_AWS_NASA_POWER_Blended
MH_VID_03,Akola,Akola,20.7,77.0,282,Vidarbha_East,2023-06-17,0.23,39.8,28.4,34.1,41.8,IMD_AWS_NASA_POWER_Blended
MH_VID_03,Akola,Akola,20.7,77.0,282,Vidarbha_East,2023-06-18,0.0,41.5,27.1,34.3,41.9,IMD_AWS_NASA_POWER_Blended
MH_VID_03,Akola,Akola,20.7,77.0,282,Vidarbha_East,2023-06-19,0.0,41.1,26.5,33.8,39.7,IMD_AWS_NASA_POWER_Blended
MH_VID_03,Akola,Akola,20.7,77.0,282,Vidarbha_East,2023-06-20,0.0,39.9,27.0,33.4,44.7,IMD_AWS_NASA_POWER_Blended
MH_VID_03,Akola,Akola,20.7,77.0,282,Vidarbha_East,2023-06-21,0.05,37.0,28.1,32.6,54.5,IMD_AWS_NASA_POWER_Blended
MH_VID_03,Akola,Akola,20.7,77.0,282,Vidarbha_East,2023-06-22,5.71,34.9,27.6,31.2,57.6,IMD_AWS_NASA_POWER_Blended
MH_VID_03,Akola,Akola,20.7,77.0,282,Vidarbha_East,2023-06-23,2.21,34.0,25.9,29.9,61.0,IMD_AWS_NASA_POWER_Blended
MH_VID_03,Akola,Akola,20.7,77.0,282,Vidarbha_East,2023-06-24,2.39,35.8,25.5,30.6,62.1,IMD_AWS_NASA_POWER_Blended
MH_VID_03,Akola,Akola,20.7,77.0,282,Vidarbha_East,2023-06-25,1.15,37.7,26.0,31.8,52.7,IMD_AWS_NASA_POWER_Blended
MH_VID_03,Akola,Akola,20.7,77.0,282,Vidarbha_East,2023-06-26,17.5,31.2,24.1,27.7,60.1,IMD_AWS_NASA_POWER_Blended
MH_VID_03,Akola,Akola,20.7,77.0,282,Vidarbha_East,2023-06-27,3.12,32.0,22.6,27.3,64.8,IMD_AWS_NASA_POWER_Blended
MH_VID_03,Akola,Akola,20.7,77.0,282,Vidarbha_East,2023-06-28,1.04,33.5,22.9,28.2,66.4,IMD_AWS_NASA_POWER_Blended
MH_VID_03,Akola,Akola,20.7,77.0,282,Vidarbha_East,2023-06-29,3.66,32.5,23.8,28.2,69.2,IMD_AWS_NASA_POWER_Blended
MH_VID_03,Akola,Akola,20.7,77.0,282,Vidarbha_East,2023-06-30,0.19,32.5,22.9,27.7,67.7,IMD_AWS_NASA_POWER_Blended
MH_VID_03,Akola,Akola,20.7,77.0,282,Vidarbha_East,2023-07-01,2.27,35.5,24.6,30.1,65.2,IMD_AWS_NASA_POWER_Blended
MH_VID_03,Akola,Akola,20.7,77.0,282,Vidarbha_East,2023-07-02,1.73,35.6,24.7,30.1,67.4,IMD_AWS_NASA_POWER_Blended
MH_VID_03,Akola,Akola,20.7,77.0,282,Vidarbha_East,2023-07-03,1.72,37.2,25.0,31.1,65.3,IMD_AWS_NASA_POWER_Blended
MH_VID_03,Akola,Akola,20.7,77.0,282,Vidarbha_East,2023-07-04,9.73,32.8,26.9,29.9,75.5,IMD_AWS_NASA_POWER_Blended
MH_VID_03,Akola,Akola,20.7,77.0,282,Vidarbha_East,2023-07-05,28.86,30.9,25.5,28.2,82.4,IMD_AWS_NASA_POWER_Blended
MH_VID_03,Akola,Akola,20.7,77.0,282,Vidarbha_East,2023-07-06,31.77,30.1,25.2,27.7,84.7,IMD_AWS_NASA_POWER_Blended
MH_VID_03,Akola,Akola,20.7,77.0,282,Vidarbha_East,2023-07-07,6.77,32.6,23.7,28.1,80.5,IMD_AWS_NASA_POWER_Blended
MH_VID_03,Akola,Akola,20.7,77.0,282,Vidarbha_East,2023-07-08,20.62,31.9,24.6,28.3,80.7,IMD_AWS_NASA_POWER_Blended
MH_VID_03,Akola,Akola,20.7,77.0,282,Vidarbha_East,2023-07-09,4.21,29.2,23.8,26.5,82.6,IMD_AWS_NASA_POWER_Blended
MH_VID_03,Akola,Akola,20.7,77.0,282,Vidarbha_East,2023-07-10,6.69,32.9,23.3,28.1,78.4,IMD_AWS_NASA_POWER_Blended
MH_VID_03,Akola,Akola,20.7,77.0,282,Vidarbha_East,2023-07-11,21.44,31.8,23.3,27.5,81.6,IMD_AWS_NASA_POWER_Blended
MH_VID_03,Akola,Akola,20.7,77.0,282,Vidarbha_East,2023-07-12,35.93,31.9,23.6,27.7,81.1,IMD_AWS_NASA_POWER_Blended
MH_VID_03,Akola,Akola,20.7,77.0,282,Vidarbha_East,2023-07-13,31.47,31.3,22.8,27.1,83.2,IMD_AWS_NASA_POWER_Blended
MH_VID_03,Akola,Akola,20.7,77.0,282,Vidarbha_East,2023-07-14,5.09,32.2,23.6,27.9,78.0,IMD_AWS_NASA_POWER_Blended
MH_VID_03,Akola,Akola,20.7,77.0,282,Vidarbha_East,2023-07-15,7.85,28.2,23.3,25.7,85.2,IMD_AWS_NASA_POWER_Blended
MH_VID_03,Akola,Akola,20.7,77.0,282,Vidarbha_East,2023-07-16,7.13,30.4,23.5,27.0,81.5,IMD_AWS_NASA_POWER_Blended
MH_VID_03,Akola,Akola,20.7,77.0,282,Vidarbha_East,2023-07-17,3.85,32.0,23.4,27.7,78.3,IMD_AWS_NASA_POWER_Blended
MH_VID_03,Akola,Akola,20.7,77.0,282,Vidarbha_East,2023-07-18,35.6,28.1,23.7,25.9,89.3,IMD_AWS_NASA_POWER_Blended
MH_VID_03,Akola,Akola,20.7,77.0,282,Vidarbha_East,2023-07-19,11.07,30.9,23.2,27.0,86.0,IMD_AWS_NASA_POWER_Blended
MH_VID_03,Akola,Akola,20.7,77.0,282,Vidarbha_East,2023-07-20,3.03,32.0,25.3,28.7,85.3,IMD_AWS_NASA_POWER_Blended
MH_VID_03,Akola,Akola,20.7,77.0,282,Vidarbha_East,2023-07-21,55.3,28.4,23.9,26.1,90.1,IMD_AWS_NASA_POWER_Blended
MH_VID_03,Akola,Akola,20.7,77.0,282,Vidarbha_East,2023-07-22,53.08,28.4,23.4,25.9,90.9,IMD_AWS_NASA_POWER_Blended
MH_VID_03,Akola,Akola,20.7,77.0,282,Vidarbha_East,2023-07-23,12.14,29.5,23.1,26.3,88.8,IMD_AWS_NASA_POWER_Blended
MH_VID_03,Akola,Akola,20.7,77.0,282,Vidarbha_East,2023-07-24,3.01,32.3,23.4,27.9,82.6,IMD_AWS_NASA_POWER_Blended
MH_VID_03,Akola,Akola,20.7,77.0,282,Vidarbha_East,2023-07-25,4.31,31.1,23.7,27.4,83.6,IMD_AWS_NASA_POWER_Blended
MH_VID_03,Akola,Akola,20.7,77.0,282,Vidarbha_East,2023-07-26,7.61,29.0,23.5,26.3,86.9,IMD_AWS_NASA_POWER_Blended
MH_VID_03,Akola,Akola,20.7,77.0,282,Vidarbha_East,2023-07-27,20.07,31.2,24.1,27.6,86.0,IMD_AWS_NASA_POWER_Blended
MH_VID_03,Akola,Akola,20.7,77.0,282,Vidarbha_East,2023-07-28,9.39,28.8,24.1,26.5,87.8,IMD_AWS_NASA_POWER_Blended
MH_VID_03,Akola,Akola,20.7,77.0,282,Vidarbha_East,2023-07-29,0.98,30.5,23.4,27.0,84.5,IMD_AWS_NASA_POWER_Blended
MH_VID_03,Akola,Akola,20.7,77.0,282,Vidarbha_East,2023-07-30,1.08,31.3,23.4,27.3,83.7,IMD_AWS_NASA_POWER_Blended
MH_VID_03,Akola,Akola,20.7,77.0,282,Vidarbha_East,2023-07-31,0.34,31.0,22.9,26.9,83.7,IMD_AWS_NASA_POWER_Blended
MH_VID_03,Akola,Akola,20.7,77.0,282,Vidarbha_East,2023-08-01,2.12,30.6,23.5,27.0,85.1,IMD_AWS_NASA_POWER_Blended
MH_VID_03,Akola,Akola,20.7,77.0,282,Vidarbha_East,2023-08-02,3.65,29.1,23.3,26.2,86.0,IMD_AWS_NASA_POWER_Blended
MH_VID_03,Akola,Akola,20.7,77.0,282,Vidarbha_East,2023-08-03,3.84,27.5,22.7,25.1,87.8,IMD_AWS_NASA_POWER_Blended
MH_VID_03,Akola,Akola,20.7,77.0,282,Vidarbha_East,2023-08-04,0.54,30.7,22.7,26.7,82.7,IMD_AWS_NASA_POWER_Blended
MH_VID_03,Akola,Akola,20.7,77.0,282,Vidarbha_East,2023-08-05,4.33,29.7,22.6,26.1,84.0,IMD_AWS_NASA_POWER_Blended
MH_VID_03,Akola,Akola,20.7,77.0,282,Vidarbha_East,2023-08-06,1.39,30.6,22.4,26.5,82.6,IMD_AWS_NASA_POWER_Blended
MH_VID_03,Akola,Akola,20.7,77.0,282,Vidarbha_East,2023-08-07,0.11,31.5,22.2,26.9,79.5,IMD_AWS_NASA_POWER_Blended
MH_VID_03,Akola,Akola,20.7,77.0,282,Vidarbha_East,2023-08-08,0.0,30.4,22.1,26.3,82.7,IMD_AWS_NASA_POWER_Blended
MH_VID_03,Akola,Akola,20.7,77.0,282,Vidarbha_East,2023-08-09,0.0,30.5,22.4,26.5,82.3,IMD_AWS_NASA_POWER_Blended
MH_VID_03,Akola,Akola,20.7,77.0,282,Vidarbha_East,2023-08-10,0.41,31.1,22.4,26.8,80.4,IMD_AWS_NASA_POWER_Blended
MH_VID_03,Akola,Akola,20.7,77.0,282,Vidarbha_East,2023-08-11,0.64,29.6,22.6,26.1,82.5,IMD_AWS_NASA_POWER_Blended
MH_VID_03,Akola,Akola,20.7,77.0,282,Vidarbha_East,2023-08-12,0.55,31.0,22.4,26.7,80.9,IMD_AWS_NASA_POWER_Blended
MH_VID_03,Akola,Akola,20.7,77.0,282,Vidarbha_East,2023-08-13,0.82,29.8,22.3,26.1,82.2,IMD_AWS_NASA_POWER_Blended
MH_VID_03,Akola,Akola,20.7,77.0,282,Vidarbha_East,2023-08-14,1.96,30.3,21.6,26.0,81.0,IMD_AWS_NASA_POWER_Blended
MH_VID_03,Akola,Akola,20.7,77.0,282,Vidarbha_East,2023-08-15,0.96,30.0,22.1,26.1,81.0,IMD_AWS_NASA_POWER_Blended
MH_VID_03,Akola,Akola,20.7,77.0,282,Vidarbha_East,2023-08-16,0.16,31.4,22.2,26.8,79.8,IMD_AWS_NASA_POWER_Blended
MH_VID_03,Akola,Akola,20.7,77.0,282,Vidarbha_East,2023-08-17,1.18,31.2,22.2,26.7,81.0,IMD_AWS_NASA_POWER_Blended
MH_VID_03,Akola,Akola,20.7,77.0,282,Vidarbha_East,2023-08-18,7.98,26.8,22.4,24.6,89.2,IMD_AWS_NASA_POWER_Blended
MH_VID_03,Akola,Akola,20.7,77.0,282,Vidarbha_East,2023-08-19,18.01,27.5,22.7,25.1,88.2,IMD_AWS_NASA_POWER_Blended
MH_VID_03,Akola,Akola,20.7,77.0,282,Vidarbha_East,2023-08-20,13.29,27.3,22.5,24.9,89.4,IMD_AWS_NASA_POWER_Blended
MH_VID_03,Akola,Akola,20.7,77.0,282,Vidarbha_East,2023-08-21,2.06,29.3,21.8,25.5,86.2,IMD_AWS_NASA_POWER_Blended
MH_VID_03,Akola,Akola,20.7,77.0,282,Vidarbha_East,2023-08-22,4.07,31.5,22.3,26.9,83.6,IMD_AWS_NASA_POWER_Blended
MH_VID_03,Akola,Akola,20.7,77.0,282,Vidarbha_East,2023-08-23,0.22,31.0,22.2,26.6,82.8,IMD_AWS_NASA_POWER_Blended
MH_VID_03,Akola,Akola,20.7,77.0,282,Vidarbha_East,2023-08-24,0.57,30.4,22.9,26.7,82.9,IMD_AWS_NASA_POWER_Blended
MH_VID_03,Akola,Akola,20.7,77.0,282,Vidarbha_East,2023-08-25,1.23,30.8,22.4,26.6,83.1,IMD_AWS_NASA_POWER_Blended
MH_VID_03,Akola,Akola,20.7,77.0,282,Vidarbha_East,2023-08-26,1.1,31.1,23.0,27.0,82.1,IMD_AWS_NASA_POWER_Blended
MH_VID_03,Akola,Akola,20.7,77.0,282,Vidarbha_East,2023-08-27,1.1,29.9,22.7,26.3,82.7,IMD_AWS_NASA_POWER_Blended
MH_VID_03,Akola,Akola,20.7,77.0,282,Vidarbha_East,2023-08-28,0.1,30.8,21.6,26.2,80.8,IMD_AWS_NASA_POWER_Blended
MH_VID_03,Akola,Akola,20.7,77.0,282,Vidarbha_East,2023-08-29,0.0,30.7,21.8,26.3,79.7,IMD_AWS_NASA_POWER_Blended
MH_VID_03,Akola,Akola,20.7,77.0,282,Vidarbha_East,2023-08-30,0.0,31.0,22.1,26.5,78.6,IMD_AWS_NASA_POWER_Blended
MH_VID_03,Akola,Akola,20.7,77.0,282,Vidarbha_East,2023-08-31,4.48,30.8,22.3,26.5,80.6,IMD_AWS_NASA_POWER_Blended
MH_VID_03,Akola,Akola,20.7,77.0,282,Vidarbha_East,2023-09-01,0.57,31.6,22.6,27.1,79.4,IMD_AWS_NASA_POWER_Blended
MH_VID_03,Akola,Akola,20.7,77.0,282,Vidarbha_East,2023-09-02,0.11,32.0,23.2,27.6,78.0,IMD_AWS_NASA_POWER_Blended
MH_VID_03,Akola,Akola,20.7,77.0,282,Vidarbha_East,2023-09-03,3.01,31.6,22.4,27.0,79.5,IMD_AWS_NASA_POWER_Blended
MH_VID_03,Akola,Akola,20.7,77.0,282,Vidarbha_East,2023-09-04,1.88,31.6,23.1,27.4,80.6,IMD_AWS_NASA_POWER_Blended
MH_VID_03,Akola,Akola,20.7,77.0,282,Vidarbha_East,2023-09-05,7.91,31.2,22.9,27.0,80.7,IMD_AWS_NASA_POWER_Blended
MH_VID_03,Akola,Akola,20.7,77.0,282,Vidarbha_East,2023-09-06,10.96,31.1,22.9,27.0,82.6,IMD_AWS_NASA_POWER_Blended
MH_VID_03,Akola,Akola,20.7,77.0,282,Vidarbha_East,2023-09-07,15.63,27.8,24.0,25.9,91.5,IMD_AWS_NASA_POWER_Blended
MH_VID_03,Akola,Akola,20.7,77.0,282,Vidarbha_East,2023-09-08,9.99,28.9,23.9,26.4,90.5,IMD_AWS_NASA_POWER_Blended
MH_VID_03,Akola,Akola,20.7,77.0,282,Vidarbha_East,2023-09-09,8.01,29.2,23.0,26.1,87.6,IMD_AWS_NASA_POWER_Blended
MH_VID_03,Akola,Akola,20.7,77.0,282,Vidarbha_East,2023-09-10,2.59,29.0,22.6,25.8,86.2,IMD_AWS_NASA_POWER_Blended
MH_VID_03,Akola,Akola,20.7,77.0,282,Vidarbha_East,2023-09-11,0.12,29.1,22.4,25.8,84.1,IMD_AWS_NASA_POWER_Blended
MH_VID_03,Akola,Akola,20.7,77.0,282,Vidarbha_East,2023-09-12,0.12,30.5,22.6,26.5,81.5,IMD_AWS_NASA_POWER_Blended
MH_VID_03,Akola,Akola,20.7,77.0,282,Vidarbha_East,2023-09-13,0.25,30.3,22.4,26.3,81.7,IMD_AWS_NASA_POWER_Blended
MH_VID_03,Akola,Akola,20.7,77.0,282,Vidarbha_East,2023-09-14,8.19,27.0,22.4,24.7,89.5,IMD_AWS_NASA_POWER_Blended
MH_VID_03,Akola,Akola,20.7,77.0,282,Vidarbha_East,2023-09-15,10.93,26.7,22.7,24.7,92.0,IMD_AWS_NASA_POWER_Blended
MH_VID_03,Akola,Akola,20.7,77.0,282,Vidarbha_East,2023-09-16,9.73,27.6,21.8,24.7,85.1,IMD_AWS_NASA_POWER_Blended
MH_VID_03,Akola,Akola,20.7,77.0,282,Vidarbha_East,2023-09-17,7.51,30.9,21.0,26.0,82.6,IMD_AWS_NASA_POWER_Blended
MH_VID_03,Akola,Akola,20.7,77.0,282,Vidarbha_East,2023-09-18,2.51,31.3,21.4,26.4,82.4,IMD_AWS_NASA_POWER_Blended
MH_VID_03,Akola,Akola,20.7,77.0,282,Vidarbha_East,2023-09-19,1.55,31.2,22.2,26.7,82.3,IMD_AWS_NASA_POWER_Blended
MH_VID_03,Akola,Akola,20.7,77.0,282,Vidarbha_East,2023-09-20,0.57,29.9,23.2,26.5,81.7,IMD_AWS_NASA_POWER_Blended
MH_VID_03,Akola,Akola,20.7,77.0,282,Vidarbha_East,2023-09-21,31.12,29.0,23.5,26.3,89.2,IMD_AWS_NASA_POWER_Blended
MH_VID_03,Akola,Akola,20.7,77.0,282,Vidarbha_East,2023-09-22,9.67,29.3,22.6,26.0,90.6,IMD_AWS_NASA_POWER_Blended
MH_VID_03,Akola,Akola,20.7,77.0,282,Vidarbha_East,2023-09-23,7.89,28.4,23.7,26.1,90.7,IMD_AWS_NASA_POWER_Blended
MH_VID_03,Akola,Akola,20.7,77.0,282,Vidarbha_East,2023-09-24,8.58,29.0,23.3,26.1,89.6,IMD_AWS_NASA_POWER_Blended
MH_VID_03,Akola,Akola,20.7,77.0,282,Vidarbha_East,2023-09-25,2.73,28.7,23.8,26.2,89.7,IMD_AWS_NASA_POWER_Blended
MH_VID_03,Akola,Akola,20.7,77.0,282,Vidarbha_East,2023-09-26,5.2,29.9,22.4,26.1,86.5,IMD_AWS_NASA_POWER_Blended
MH_VID_03,Akola,Akola,20.7,77.0,282,Vidarbha_East,2023-09-27,2.65,29.8,23.5,26.6,86.3,IMD_AWS_NASA_POWER_Blended
MH_VID_03,Akola,Akola,20.7,77.0,282,Vidarbha_East,2023-09-28,2.82,30.7,23.0,26.8,83.6,IMD_AWS_NASA_POWER_Blended
MH_VID_03,Akola,Akola,20.7,77.0,282,Vidarbha_East,2023-09-29,10.78,30.4,23.1,26.8,82.7,IMD_AWS_NASA_POWER_Blended
MH_VID_03,Akola,Akola,20.7,77.0,282,Vidarbha_East,2023-09-30,6.11,30.7,23.6,27.1,79.8,IMD_AWS_NASA_POWER_Blended
MH_VID_03,Akola,Akola,20.7,77.0,282,Vidarbha_East,2023-10-01,1.02,31.2,22.7,26.9,78.3,IMD_AWS_NASA_POWER_Blended
MH_VID_03,Akola,Akola,20.7,77.0,282,Vidarbha_East,2023-10-02,0.03,31.3,21.6,26.4,80.0,IMD_AWS_NASA_POWER_Blended
MH_VID_03,Akola,Akola,20.7,77.0,282,Vidarbha_East,2023-10-03,0.02,30.5,21.5,26.0,80.7,IMD_AWS_NASA_POWER_Blended
MH_VID_03,Akola,Akola,20.7,77.0,282,Vidarbha_East,2023-10-04,0.0,30.5,19.0,24.8,78.2,IMD_AWS_NASA_POWER_Blended
MH_VID_03,Akola,Akola,20.7,77.0,282,Vidarbha_East,2023-10-05,0.0,30.1,18.7,24.4,81.1,IMD_AWS_NASA_POWER_Blended
MH_VID_03,Akola,Akola,20.7,77.0,282,Vidarbha_East,2023-10-06,0.0,30.0,18.7,24.4,81.0,IMD_AWS_NASA_POWER_Blended
MH_VID_03,Akola,Akola,20.7,77.0,282,Vidarbha_East,2023-10-07,0.0,30.8,19.9,25.4,81.8,IMD_AWS_NASA_POWER_Blended
MH_VID_03,Akola,Akola,20.7,77.0,282,Vidarbha_East,2023-10-08,0.0,31.2,19.2,25.2,79.5,IMD_AWS_NASA_POWER_Blended
MH_VID_03,Akola,Akola,20.7,77.0,282,Vidarbha_East,2023-10-09,0.0,31.0,19.1,25.0,77.4,IMD_AWS_NASA_POWER_Blended
MH_VID_03,Akola,Akola,20.7,77.0,282,Vidarbha_East,2023-10-10,0.0,30.7,18.8,24.7,78.0,IMD_AWS_NASA_POWER_Blended
MH_VID_03,Akola,Akola,20.7,77.0,282,Vidarbha_East,2023-10-11,0.0,31.2,19.2,25.2,75.4,IMD_AWS_NASA_POWER_Blended
MH_VID_03,Akola,Akola,20.7,77.0,282,Vidarbha_East,2023-10-12,0.0,31.6,20.4,26.0,72.7,IMD_AWS_NASA_POWER_Blended
MH_VID_03,Akola,Akola,20.7,77.0,282,Vidarbha_East,2023-10-13,0.0,31.8,21.8,26.8,71.5,IMD_AWS_NASA_POWER_Blended
MH_VID_03,Akola,Akola,20.7,77.0,282,Vidarbha_East,2023-10-14,0.0,31.6,20.6,26.1,67.4,IMD_AWS_NASA_POWER_Blended
MH_VID_03,Akola,Akola,20.7,77.0,282,Vidarbha_East,2023-10-15,0.0,31.3,21.6,26.4,65.8,IMD_AWS_NASA_POWER_Blended
MH_VID_03,Akola,Akola,20.7,77.0,282,Vidarbha_East,2023-10-16,0.31,31.3,21.4,26.3,67.8,IMD_AWS_NASA_POWER_Blended
MH_VID_03,Akola,Akola,20.7,77.0,282,Vidarbha_East,2023-10-17,0.23,31.5,20.9,26.2,72.1,IMD_AWS_NASA_POWER_Blended
MH_VID_03,Akola,Akola,20.7,77.0,282,Vidarbha_East,2023-10-18,0.07,31.2,21.2,26.2,72.6,IMD_AWS_NASA_POWER_Blended
MH_VID_03,Akola,Akola,20.7,77.0,282,Vidarbha_East,2023-10-19,0.04,31.4,20.6,26.0,72.0,IMD_AWS_NASA_POWER_Blended
MH_VID_03,Akola,Akola,20.7,77.0,282,Vidarbha_East,2023-10-20,4.2,30.5,19.6,25.1,78.8,IMD_AWS_NASA_POWER_Blended
MH_VID_03,Akola,Akola,20.7,77.0,282,Vidarbha_East,2023-10-21,0.23,30.4,19.0,24.7,78.4,IMD_AWS_NASA_POWER_Blended
MH_VID_03,Akola,Akola,20.7,77.0,282,Vidarbha_East,2023-10-22,0.0,31.1,18.0,24.6,71.6,IMD_AWS_NASA_POWER_Blended
MH_VID_03,Akola,Akola,20.7,77.0,282,Vidarbha_East,2023-10-23,0.0,30.9,18.3,24.6,72.7,IMD_AWS_NASA_POWER_Blended
MH_VID_03,Akola,Akola,20.7,77.0,282,Vidarbha_East,2023-10-24,0.0,30.8,17.3,24.0,69.2,IMD_AWS_NASA_POWER_Blended
MH_VID_03,Akola,Akola,20.7,77.0,282,Vidarbha_East,2023-10-25,0.0,30.7,16.9,23.8,64.8,IMD_AWS_NASA_POWER_Blended
MH_VID_03,Akola,Akola,20.7,77.0,282,Vidarbha_East,2023-10-26,0.0,30.5,16.5,23.5,59.9,IMD_AWS_NASA_POWER_Blended
MH_VID_03,Akola,Akola,20.7,77.0,282,Vidarbha_East,2023-10-27,0.0,31.1,18.1,24.6,58.9,IMD_AWS_NASA_POWER_Blended
MH_VID_03,Akola,Akola,20.7,77.0,282,Vidarbha_East,2023-10-28,0.0,30.6,15.3,23.0,64.8,IMD_AWS_NASA_POWER_Blended
MH_VID_03,Akola,Akola,20.7,77.0,282,Vidarbha_East,2023-10-29,0.0,31.2,15.3,23.2,63.1,IMD_AWS_NASA_POWER_Blended
MH_VID_03,Akola,Akola,20.7,77.0,282,Vidarbha_East,2023-10-30,0.0,27.6,15.3,21.4,70.6,IMD_AWS_NASA_POWER_Blended
MH_VID_03,Akola,Akola,20.7,77.0,282,Vidarbha_East,2023-10-31,0.0,29.3,13.6,21.4,71.1,IMD_AWS_NASA_POWER_Blended
MH_VID_04,Wardha,Wardha,20.745,78.602,234,Vidarbha_East,2023-06-01,0.0,43.4,27.6,35.5,24.6,IMD_AWS_NASA_POWER_Blended
MH_VID_04,Wardha,Wardha,20.745,78.602,234,Vidarbha_East,2023-06-02,0.0,44.1,29.2,36.6,21.9,IMD_AWS_NASA_POWER_Blended
MH_VID_04,Wardha,Wardha,20.745,78.602,234,Vidarbha_East,2023-06-03,0.0,43.2,30.6,36.9,27.6,IMD_AWS_NASA_POWER_Blended
MH_VID_04,Wardha,Wardha,20.745,78.602,234,Vidarbha_East,2023-06-04,1.28,43.3,30.4,36.8,29.1,IMD_AWS_NASA_POWER_Blended
MH_VID_04,Wardha,Wardha,20.745,78.602,234,Vidarbha_East,2023-06-05,1.64,42.6,30.8,36.7,29.9,IMD_AWS_NASA_POWER_Blended
MH_VID_04,Wardha,Wardha,20.745,78.602,234,Vidarbha_East,2023-06-06,1.24,43.7,29.7,36.7,29.3,IMD_AWS_NASA_POWER_Blended
MH_VID_04,Wardha,Wardha,20.745,78.602,234,Vidarbha_East,2023-06-07,0.62,44.2,31.5,37.8,27.7,IMD_AWS_NASA_POWER_Blended
MH_VID_04,Wardha,Wardha,20.745,78.602,234,Vidarbha_East,2023-06-08,0.01,43.7,30.8,37.2,25.2,IMD_AWS_NASA_POWER_Blended
MH_VID_04,Wardha,Wardha,20.745,78.602,234,Vidarbha_East,2023-06-09,0.0,43.3,31.5,37.4,29.2,IMD_AWS_NASA_POWER_Blended
MH_VID_04,Wardha,Wardha,20.745,78.602,234,Vidarbha_East,2023-06-10,0.12,44.0,30.9,37.4,27.2,IMD_AWS_NASA_POWER_Blended
MH_VID_04,Wardha,Wardha,20.745,78.602,234,Vidarbha_East,2023-06-11,0.55,43.7,31.3,37.5,33.0,IMD_AWS_NASA_POWER_Blended
MH_VID_04,Wardha,Wardha,20.745,78.602,234,Vidarbha_East,2023-06-12,0.59,42.9,30.3,36.6,34.8,IMD_AWS_NASA_POWER_Blended
MH_VID_04,Wardha,Wardha,20.745,78.602,234,Vidarbha_East,2023-06-13,0.52,43.7,32.4,38.1,30.7,IMD_AWS_NASA_POWER_Blended
MH_VID_04,Wardha,Wardha,20.745,78.602,234,Vidarbha_East,2023-06-14,0.0,40.6,31.9,36.3,32.6,IMD_AWS_NASA_POWER_Blended
MH_VID_04,Wardha,Wardha,20.745,78.602,234,Vidarbha_East,2023-06-15,0.0,42.2,30.2,36.2,30.3,IMD_AWS_NASA_POWER_Blended
MH_VID_04,Wardha,Wardha,20.745,78.602,234,Vidarbha_East,2023-06-16,0.0,43.4,30.6,37.0,30.3,IMD_AWS_NASA_POWER_Blended
MH_VID_04,Wardha,Wardha,20.745,78.602,234,Vidarbha_East,2023-06-17,0.0,40.2,31.8,36.0,36.2,IMD_AWS_NASA_POWER_Blended
MH_VID_04,Wardha,Wardha,20.745,78.602,234,Vidarbha_East,2023-06-18,0.0,38.5,30.6,34.5,37.5,IMD_AWS_NASA_POWER_Blended
MH_VID_04,Wardha,Wardha,20.745,78.602,234,Vidarbha_East,2023-06-19,0.0,41.9,30.5,36.2,34.2,IMD_AWS_NASA_POWER_Blended
MH_VID_04,Wardha,Wardha,20.745,78.602,234,Vidarbha_East,2023-06-20,0.0,41.8,31.4,36.6,34.0,IMD_AWS_NASA_POWER_Blended
MH_VID_04,Wardha,Wardha,20.745,78.602,234,Vidarbha_East,2023-06-21,0.33,41.0,30.5,35.7,42.8,IMD_AWS_NASA_POWER_Blended
MH_VID_04,Wardha,Wardha,20.745,78.602,234,Vidarbha_East,2023-06-22,11.7,35.0,26.8,30.9,63.1,IMD_AWS_NASA_POWER_Blended
MH_VID_04,Wardha,Wardha,20.745,78.602,234,Vidarbha_East,2023-06-23,5.17,31.2,26.2,28.7,72.7,IMD_AWS_NASA_POWER_Blended
MH_VID_04,Wardha,Wardha,20.745,78.602,234,Vidarbha_East,2023-06-24,2.01,35.4,25.4,30.4,66.2,IMD_AWS_NASA_POWER_Blended
MH_VID_04,Wardha,Wardha,20.745,78.602,234,Vidarbha_East,2023-06-25,7.12,34.2,26.5,30.3,65.8,IMD_AWS_NASA_POWER_Blended
MH_VID_04,Wardha,Wardha,20.745,78.602,234,Vidarbha_East,2023-06-26,23.93,30.1,24.1,27.1,72.2,IMD_AWS_NASA_POWER_Blended
MH_VID_04,Wardha,Wardha,20.745,78.602,234,Vidarbha_East,2023-06-27,9.63,28.3,22.6,25.5,79.4,IMD_AWS_NASA_POWER_Blended
MH_VID_04,Wardha,Wardha,20.745,78.602,234,Vidarbha_East,2023-06-28,1.15,30.5,23.0,26.7,74.7,IMD_AWS_NASA_POWER_Blended
MH_VID_04,Wardha,Wardha,20.745,78.602,234,Vidarbha_East,2023-06-29,2.31,32.9,24.5,28.7,73.6,IMD_AWS_NASA_POWER_Blended
MH_VID_04,Wardha,Wardha,20.745,78.602,234,Vidarbha_East,2023-06-30,0.5,31.7,23.6,27.6,71.0,IMD_AWS_NASA_POWER_Blended
MH_VID_04,Wardha,Wardha,20.745,78.602,234,Vidarbha_East,2023-07-01,0.81,35.8,24.3,30.1,64.7,IMD_AWS_NASA_POWER_Blended
MH_VID_04,Wardha,Wardha,20.745,78.602,234,Vidarbha_East,2023-07-02,0.04,35.9,26.0,31.0,66.6,IMD_AWS_NASA_POWER_Blended
MH_VID_04,Wardha,Wardha,20.745,78.602,234,Vidarbha_East,2023-07-03,0.02,36.6,26.9,31.7,65.1,IMD_AWS_NASA_POWER_Blended
MH_VID_04,Wardha,Wardha,20.745,78.602,234,Vidarbha_East,2023-07-04,4.7,35.9,28.0,32.0,67.6,IMD_AWS_NASA_POWER_Blended
MH_VID_04,Wardha,Wardha,20.745,78.602,234,Vidarbha_East,2023-07-05,15.09,35.4,27.1,31.3,74.4,IMD_AWS_NASA_POWER_Blended
MH_VID_04,Wardha,Wardha,20.745,78.602,234,Vidarbha_East,2023-07-06,19.28,33.8,25.5,29.7,79.6,IMD_AWS_NASA_POWER_Blended
MH_VID_04,Wardha,Wardha,20.745,78.602,234,Vidarbha_East,2023-07-07,11.71,32.2,25.2,28.7,80.0,IMD_AWS_NASA_POWER_Blended
MH_VID_04,Wardha,Wardha,20.745,78.602,234,Vidarbha_East,2023-07-08,30.51,32.5,25.1,28.8,79.4,IMD_AWS_NASA_POWER_Blended
MH_VID_04,Wardha,Wardha,20.745,78.602,234,Vidarbha_East,2023-07-09,9.56,32.2,24.8,28.5,78.8,IMD_AWS_NASA_POWER_Blended
MH_VID_04,Wardha,Wardha,20.745,78.602,234,Vidarbha_East,2023-07-10,21.22,33.5,24.8,29.1,78.1,IMD_AWS_NASA_POWER_Blended
MH_VID_04,Wardha,Wardha,20.745,78.602,234,Vidarbha_East,2023-07-11,24.47,31.6,24.9,28.2,83.1,IMD_AWS_NASA_POWER_Blended
MH_VID_04,Wardha,Wardha,20.745,78.602,234,Vidarbha_East,2023-07-12,9.67,32.9,25.1,29.0,80.9,IMD_AWS_NASA_POWER_Blended
MH_VID_04,Wardha,Wardha,20.745,78.602,234,Vidarbha_East,2023-07-13,7.63,32.4,24.7,28.6,81.1,IMD_AWS_NASA_POWER_Blended
MH_VID_04,Wardha,Wardha,20.745,78.602,234,Vidarbha_East,2023-07-14,13.74,30.9,24.9,27.9,81.6,IMD_AWS_NASA_POWER_Blended
MH_VID_04,Wardha,Wardha,20.745,78.602,234,Vidarbha_East,2023-07-15,14.6,28.6,25.2,26.9,86.4,IMD_AWS_NASA_POWER_Blended
MH_VID_04,Wardha,Wardha,20.745,78.602,234,Vidarbha_East,2023-07-16,7.17,30.2,23.8,27.0,84.2,IMD_AWS_NASA_POWER_Blended
MH_VID_04,Wardha,Wardha,20.745,78.602,234,Vidarbha_East,2023-07-17,8.58,30.8,24.5,27.6,83.3,IMD_AWS_NASA_POWER_Blended
MH_VID_04,Wardha,Wardha,20.745,78.602,234,Vidarbha_East,2023-07-18,52.61,29.6,24.8,27.2,89.9,IMD_AWS_NASA_POWER_Blended
MH_VID_04,Wardha,Wardha,20.745,78.602,234,Vidarbha_East,2023-07-19,20.93,33.1,24.4,28.7,84.0,IMD_AWS_NASA_POWER_Blended
MH_VID_04,Wardha,Wardha,20.745,78.602,234,Vidarbha_East,2023-07-20,6.53,32.8,25.6,29.2,82.8,IMD_AWS_NASA_POWER_Blended
MH_VID_04,Wardha,Wardha,20.745,78.602,234,Vidarbha_East,2023-07-21,84.99,31.6,26.0,28.8,86.8,IMD_AWS_NASA_POWER_Blended
MH_VID_04,Wardha,Wardha,20.745,78.602,234,Vidarbha_East,2023-07-22,38.36,31.0,25.6,28.3,88.3,IMD_AWS_NASA_POWER_Blended
MH_VID_04,Wardha,Wardha,20.745,78.602,234,Vidarbha_East,2023-07-23,17.21,28.7,24.3,26.5,90.5,IMD_AWS_NASA_POWER_Blended
MH_VID_04,Wardha,Wardha,20.745,78.602,234,Vidarbha_East,2023-07-24,6.63,32.2,24.6,28.4,80.2,IMD_AWS_NASA_POWER_Blended
MH_VID_04,Wardha,Wardha,20.745,78.602,234,Vidarbha_East,2023-07-25,4.79,32.5,25.3,28.9,83.9,IMD_AWS_NASA_POWER_Blended
MH_VID_04,Wardha,Wardha,20.745,78.602,234,Vidarbha_East,2023-07-26,54.04,31.1,26.1,28.6,87.9,IMD_AWS_NASA_POWER_Blended
MH_VID_04,Wardha,Wardha,20.745,78.602,234,Vidarbha_East,2023-07-27,44.82,31.9,25.8,28.9,87.8,IMD_AWS_NASA_POWER_Blended
MH_VID_04,Wardha,Wardha,20.745,78.602,234,Vidarbha_East,2023-07-28,31.79,28.6,25.5,27.1,91.3,IMD_AWS_NASA_POWER_Blended
MH_VID_04,Wardha,Wardha,20.745,78.602,234,Vidarbha_East,2023-07-29,0.54,30.2,24.4,27.3,87.8,IMD_AWS_NASA_POWER_Blended
MH_VID_04,Wardha,Wardha,20.745,78.602,234,Vidarbha_East,2023-07-30,1.67,30.5,24.3,27.4,86.3,IMD_AWS_NASA_POWER_Blended
MH_VID_04,Wardha,Wardha,20.745,78.602,234,Vidarbha_East,2023-07-31,0.65,30.7,24.2,27.5,87.1,IMD_AWS_NASA_POWER_Blended
MH_VID_04,Wardha,Wardha,20.745,78.602,234,Vidarbha_East,2023-08-01,5.63,30.5,24.6,27.6,87.2,IMD_AWS_NASA_POWER_Blended
MH_VID_04,Wardha,Wardha,20.745,78.602,234,Vidarbha_East,2023-08-02,5.72,28.9,24.4,26.7,87.7,IMD_AWS_NASA_POWER_Blended
MH_VID_04,Wardha,Wardha,20.745,78.602,234,Vidarbha_East,2023-08-03,10.52,27.4,23.6,25.5,90.1,IMD_AWS_NASA_POWER_Blended
MH_VID_04,Wardha,Wardha,20.745,78.602,234,Vidarbha_East,2023-08-04,2.84,29.8,23.2,26.5,86.4,IMD_AWS_NASA_POWER_Blended
MH_VID_04,Wardha,Wardha,20.745,78.602,234,Vidarbha_East,2023-08-05,5.61,30.1,23.8,27.0,86.3,IMD_AWS_NASA_POWER_Blended
MH_VID_04,Wardha,Wardha,20.745,78.602,234,Vidarbha_East,2023-08-06,0.66,30.6,23.9,27.2,85.6,IMD_AWS_NASA_POWER_Blended
MH_VID_04,Wardha,Wardha,20.745,78.602,234,Vidarbha_East,2023-08-07,0.12,31.4,23.6,27.5,81.9,IMD_AWS_NASA_POWER_Blended
MH_VID_04,Wardha,Wardha,20.745,78.602,234,Vidarbha_East,2023-08-08,0.01,29.9,22.9,26.4,84.4,IMD_AWS_NASA_POWER_Blended
MH_VID_04,Wardha,Wardha,20.745,78.602,234,Vidarbha_East,2023-08-09,0.0,30.8,23.1,26.9,84.7,IMD_AWS_NASA_POWER_Blended
MH_VID_04,Wardha,Wardha,20.745,78.602,234,Vidarbha_East,2023-08-10,0.03,31.5,23.9,27.7,81.4,IMD_AWS_NASA_POWER_Blended
MH_VID_04,Wardha,Wardha,20.745,78.602,234,Vidarbha_East,2023-08-11,0.03,31.2,23.8,27.5,81.5,IMD_AWS_NASA_POWER_Blended
MH_VID_04,Wardha,Wardha,20.745,78.602,234,Vidarbha_East,2023-08-12,0.02,30.8,23.5,27.2,83.0,IMD_AWS_NASA_POWER_Blended
MH_VID_04,Wardha,Wardha,20.745,78.602,234,Vidarbha_East,2023-08-13,0.53,31.1,23.8,27.4,82.9,IMD_AWS_NASA_POWER_Blended
MH_VID_04,Wardha,Wardha,20.745,78.602,234,Vidarbha_East,2023-08-14,0.35,29.5,23.6,26.5,84.2,IMD_AWS_NASA_POWER_Blended
MH_VID_04,Wardha,Wardha,20.745,78.602,234,Vidarbha_East,2023-08-15,0.29,30.5,23.6,27.0,81.3,IMD_AWS_NASA_POWER_Blended
MH_VID_04,Wardha,Wardha,20.745,78.602,234,Vidarbha_East,2023-08-16,0.03,31.6,23.4,27.5,80.9,IMD_AWS_NASA_POWER_Blended
MH_VID_04,Wardha,Wardha,20.745,78.602,234,Vidarbha_East,2023-08-17,10.87,32.0,23.8,27.9,82.2,IMD_AWS_NASA_POWER_Blended
MH_VID_04,Wardha,Wardha,20.745,78.602,234,Vidarbha_East,2023-08-18,28.89,27.4,23.8,25.6,91.2,IMD_AWS_NASA_POWER_Blended
MH_VID_04,Wardha,Wardha,20.745,78.602,234,Vidarbha_East,2023-08-19,53.05,26.8,23.5,25.1,92.8,IMD_AWS_NASA_POWER_Blended
MH_VID_04,Wardha,Wardha,20.745,78.602,234,Vidarbha_East,2023-08-20,9.1,30.0,23.3,26.7,87.8,IMD_AWS_NASA_POWER_Blended
MH_VID_04,Wardha,Wardha,20.745,78.602,234,Vidarbha_East,2023-08-21,1.98,28.9,23.2,26.0,88.8,IMD_AWS_NASA_POWER_Blended
MH_VID_04,Wardha,Wardha,20.745,78.602,234,Vidarbha_East,2023-08-22,0.12,31.2,23.6,27.4,84.6,IMD_AWS_NASA_POWER_Blended
MH_VID_04,Wardha,Wardha,20.745,78.602,234,Vidarbha_East,2023-08-23,6.77,30.8,24.0,27.4,86.1,IMD_AWS_NASA_POWER_Blended
MH_VID_04,Wardha,Wardha,20.745,78.602,234,Vidarbha_East,2023-08-24,3.68,30.8,24.4,27.6,85.0,IMD_AWS_NASA_POWER_Blended
MH_VID_04,Wardha,Wardha,20.745,78.602,234,Vidarbha_East,2023-08-25,0.95,31.0,23.7,27.4,84.1,IMD_AWS_NASA_POWER_Blended
MH_VID_04,Wardha,Wardha,20.745,78.602,234,Vidarbha_East,2023-08-26,0.75,30.9,24.3,27.6,84.4,IMD_AWS_NASA_POWER_Blended
MH_VID_04,Wardha,Wardha,20.745,78.602,234,Vidarbha_East,2023-08-27,1.28,31.0,23.8,27.4,84.1,IMD_AWS_NASA_POWER_Blended
MH_VID_04,Wardha,Wardha,20.745,78.602,234,Vidarbha_East,2023-08-28,0.0,30.9,22.8,26.9,83.0,IMD_AWS_NASA_POWER_Blended
MH_VID_04,Wardha,Wardha,20.745,78.602,234,Vidarbha_East,2023-08-29,0.0,31.1,22.4,26.8,81.8,IMD_AWS_NASA_POWER_Blended
MH_VID_04,Wardha,Wardha,20.745,78.602,234,Vidarbha_East,2023-08-30,0.0,31.3,22.5,26.9,79.1,IMD_AWS_NASA_POWER_Blended
MH_VID_04,Wardha,Wardha,20.745,78.602,234,Vidarbha_East,2023-08-31,1.04,31.5,22.3,26.9,78.9,IMD_AWS_NASA_POWER_Blended
MH_VID_04,Wardha,Wardha,20.745,78.602,234,Vidarbha_East,2023-09-01,0.14,32.2,23.4,27.8,76.3,IMD_AWS_NASA_POWER_Blended
MH_VID_04,Wardha,Wardha,20.745,78.602,234,Vidarbha_East,2023-09-02,0.01,32.4,24.5,28.5,81.0,IMD_AWS_NASA_POWER_Blended
MH_VID_04,Wardha,Wardha,20.745,78.602,234,Vidarbha_East,2023-09-03,22.27,31.3,24.7,28.0,85.6,IMD_AWS_NASA_POWER_Blended
MH_VID_04,Wardha,Wardha,20.745,78.602,234,Vidarbha_East,2023-09-04,9.96,31.7,24.4,28.1,84.1,IMD_AWS_NASA_POWER_Blended
MH_VID_04,Wardha,Wardha,20.745,78.602,234,Vidarbha_East,2023-09-05,21.84,31.8,24.4,28.1,85.5,IMD_AWS_NASA_POWER_Blended
MH_VID_04,Wardha,Wardha,20.745,78.602,234,Vidarbha_East,2023-09-06,16.1,31.6,24.3,28.0,86.2,IMD_AWS_NASA_POWER_Blended
MH_VID_04,Wardha,Wardha,20.745,78.602,234,Vidarbha_East,2023-09-07,19.46,30.0,24.4,27.2,88.8,IMD_AWS_NASA_POWER_Blended
MH_VID_04,Wardha,Wardha,20.745,78.602,234,Vidarbha_East,2023-09-08,12.94,30.2,24.7,27.4,90.5,IMD_AWS_NASA_POWER_Blended
MH_VID_04,Wardha,Wardha,20.745,78.602,234,Vidarbha_East,2023-09-09,5.84,31.2,24.5,27.9,88.2,IMD_AWS_NASA_POWER_Blended
MH_VID_04,Wardha,Wardha,20.745,78.602,234,Vidarbha_East,2023-09-10,1.59,30.3,23.1,26.7,87.9,IMD_AWS_NASA_POWER_Blended
MH_VID_04,Wardha,Wardha,20.745,78.602,234,Vidarbha_East,2023-09-11,0.59,27.7,23.4,25.5,89.7,IMD_AWS_NASA_POWER_Blended
MH_VID_04,Wardha,Wardha,20.745,78.602,234,Vidarbha_East,2023-09-12,0.49,30.6,23.2,26.9,86.0,IMD_AWS_NASA_POWER_Blended
MH_VID_04,Wardha,Wardha,20.745,78.602,234,Vidarbha_East,2023-09-13,3.31,28.5,22.8,25.7,89.2,IMD_AWS_NASA_POWER_Blended
MH_VID_04,Wardha,Wardha,20.745,78.602,234,Vidarbha_East,2023-09-14,14.24,28.4,22.6,25.5,90.4,IMD_AWS_NASA_POWER_Blended
MH_VID_04,Wardha,Wardha,20.745,78.602,234,Vidarbha_East,2023-09-15,8.36,27.3,23.7,25.5,92.6,IMD_AWS_NASA_POWER_Blended
MH_VID_04,Wardha,Wardha,20.745,78.602,234,Vidarbha_East,2023-09-16,5.27,28.4,22.9,25.6,87.6,IMD_AWS_NASA_POWER_Blended
MH_VID_04,Wardha,Wardha,20.745,78.602,234,Vidarbha_East,2023-09-17,2.6,31.1,22.2,26.7,81.5,IMD_AWS_NASA_POWER_Blended
MH_VID_04,Wardha,Wardha,20.745,78.602,234,Vidarbha_East,2023-09-18,1.98,31.5,23.0,27.3,77.4,IMD_AWS_NASA_POWER_Blended
MH_VID_04,Wardha,Wardha,20.745,78.602,234,Vidarbha_East,2023-09-19,0.05,30.6,23.7,27.2,84.9,IMD_AWS_NASA_POWER_Blended
MH_VID_04,Wardha,Wardha,20.745,78.602,234,Vidarbha_East,2023-09-20,2.61,30.8,23.5,27.2,86.1,IMD_AWS_NASA_POWER_Blended
MH_VID_04,Wardha,Wardha,20.745,78.602,234,Vidarbha_East,2023-09-21,26.91,29.8,23.9,26.8,89.3,IMD_AWS_NASA_POWER_Blended
MH_VID_04,Wardha,Wardha,20.745,78.602,234,Vidarbha_East,2023-09-22,23.18,30.6,24.0,27.3,87.2,IMD_AWS_NASA_POWER_Blended
MH_VID_04,Wardha,Wardha,20.745,78.602,234,Vidarbha_East,2023-09-23,12.67,28.8,24.5,26.6,91.8,IMD_AWS_NASA_POWER_Blended
MH_VID_04,Wardha,Wardha,20.745,78.602,234,Vidarbha_East,2023-09-24,26.15,29.3,23.5,26.4,91.0,IMD_AWS_NASA_POWER_Blended
MH_VID_04,Wardha,Wardha,20.745,78.602,234,Vidarbha_East,2023-09-25,8.45,30.4,23.6,27.0,84.3,IMD_AWS_NASA_POWER_Blended
MH_VID_04,Wardha,Wardha,20.745,78.602,234,Vidarbha_East,2023-09-26,0.99,30.4,23.3,26.8,86.2,IMD_AWS_NASA_POWER_Blended
MH_VID_04,Wardha,Wardha,20.745,78.602,234,Vidarbha_East,2023-09-27,0.48,30.4,23.9,27.1,84.1,IMD_AWS_NASA_POWER_Blended
MH_VID_04,Wardha,Wardha,20.745,78.602,234,Vidarbha_East,2023-09-28,1.09,30.8,23.9,27.3,82.6,IMD_AWS_NASA_POWER_Blended
MH_VID_04,Wardha,Wardha,20.745,78.602,234,Vidarbha_East,2023-09-29,13.49,30.5,24.5,27.5,79.2,IMD_AWS_NASA_POWER_Blended
MH_VID_04,Wardha,Wardha,20.745,78.602,234,Vidarbha_East,2023-09-30,5.92,30.3,23.2,26.8,81.0,IMD_AWS_NASA_POWER_Blended
MH_VID_04,Wardha,Wardha,20.745,78.602,234,Vidarbha_East,2023-10-01,0.24,30.8,23.3,27.1,78.1,IMD_AWS_NASA_POWER_Blended
MH_VID_04,Wardha,Wardha,20.745,78.602,234,Vidarbha_East,2023-10-02,3.5,31.8,22.1,27.0,83.1,IMD_AWS_NASA_POWER_Blended
MH_VID_04,Wardha,Wardha,20.745,78.602,234,Vidarbha_East,2023-10-03,0.91,31.1,22.6,26.9,81.6,IMD_AWS_NASA_POWER_Blended
MH_VID_04,Wardha,Wardha,20.745,78.602,234,Vidarbha_East,2023-10-04,0.0,31.2,20.9,26.0,81.7,IMD_AWS_NASA_POWER_Blended
MH_VID_04,Wardha,Wardha,20.745,78.602,234,Vidarbha_East,2023-10-05,0.0,30.6,19.5,25.1,83.5,IMD_AWS_NASA_POWER_Blended
MH_VID_04,Wardha,Wardha,20.745,78.602,234,Vidarbha_East,2023-10-06,0.0,30.7,19.4,25.1,82.8,IMD_AWS_NASA_POWER_Blended
MH_VID_04,Wardha,Wardha,20.745,78.602,234,Vidarbha_East,2023-10-07,0.0,31.6,20.3,25.9,80.3,IMD_AWS_NASA_POWER_Blended
MH_VID_04,Wardha,Wardha,20.745,78.602,234,Vidarbha_East,2023-10-08,0.0,31.7,21.2,26.4,77.1,IMD_AWS_NASA_POWER_Blended
MH_VID_04,Wardha,Wardha,20.745,78.602,234,Vidarbha_East,2023-10-09,0.0,31.6,21.1,26.4,77.1,IMD_AWS_NASA_POWER_Blended
MH_VID_04,Wardha,Wardha,20.745,78.602,234,Vidarbha_East,2023-10-10,0.0,31.3,20.6,26.0,73.8,IMD_AWS_NASA_POWER_Blended
MH_VID_04,Wardha,Wardha,20.745,78.602,234,Vidarbha_East,2023-10-11,0.0,31.6,21.0,26.3,73.2,IMD_AWS_NASA_POWER_Blended
MH_VID_04,Wardha,Wardha,20.745,78.602,234,Vidarbha_East,2023-10-12,0.0,31.5,22.5,27.0,73.8,IMD_AWS_NASA_POWER_Blended
MH_VID_04,Wardha,Wardha,20.745,78.602,234,Vidarbha_East,2023-10-13,0.0,31.3,22.6,27.0,74.6,IMD_AWS_NASA_POWER_Blended
MH_VID_04,Wardha,Wardha,20.745,78.602,234,Vidarbha_East,2023-10-14,0.0,31.4,22.1,26.8,72.4,IMD_AWS_NASA_POWER_Blended
MH_VID_04,Wardha,Wardha,20.745,78.602,234,Vidarbha_East,2023-10-15,0.0,30.7,20.9,25.8,74.8,IMD_AWS_NASA_POWER_Blended
MH_VID_04,Wardha,Wardha,20.745,78.602,234,Vidarbha_East,2023-10-16,0.0,30.7,21.1,25.9,77.3,IMD_AWS_NASA_POWER_Blended
MH_VID_04,Wardha,Wardha,20.745,78.602,234,Vidarbha_East,2023-10-17,0.0,30.6,20.1,25.3,76.8,IMD_AWS_NASA_POWER_Blended
MH_VID_04,Wardha,Wardha,20.745,78.602,234,Vidarbha_East,2023-10-18,1.15,30.3,20.7,25.5,77.9,IMD_AWS_NASA_POWER_Blended
MH_VID_04,Wardha,Wardha,20.745,78.602,234,Vidarbha_East,2023-10-19,0.4,30.0,20.6,25.3,82.0,IMD_AWS_NASA_POWER_Blended
MH_VID_04,Wardha,Wardha,20.745,78.602,234,Vidarbha_East,2023-10-20,2.24,29.3,20.0,24.6,84.4,IMD_AWS_NASA_POWER_Blended
MH_VID_04,Wardha,Wardha,20.745,78.602,234,Vidarbha_East,2023-10-21,0.07,28.9,18.6,23.8,83.3,IMD_AWS_NASA_POWER_Blended
MH_VID_04,Wardha,Wardha,20.745,78.602,234,Vidarbha_East,2023-10-22,0.0,28.8,16.9,22.9,80.5,IMD_AWS_NASA_POWER_Blended
MH_VID_04,Wardha,Wardha,20.745,78.602,234,Vidarbha_East,2023-10-23,0.0,28.3,15.9,22.1,80.1,IMD_AWS_NASA_POWER_Blended
MH_VID_04,Wardha,Wardha,20.745,78.602,234,Vidarbha_East,2023-10-24,0.0,27.7,15.3,21.5,76.8,IMD_AWS_NASA_POWER_Blended
MH_VID_04,Wardha,Wardha,20.745,78.602,234,Vidarbha_East,2023-10-25,0.0,27.8,15.5,21.7,73.7,IMD_AWS_NASA_POWER_Blended
MH_VID_04,Wardha,Wardha,20.745,78.602,234,Vidarbha_East,2023-10-26,0.0,27.7,15.5,21.6,71.5,IMD_AWS_NASA_POWER_Blended
MH_VID_04,Wardha,Wardha,20.745,78.602,234,Vidarbha_East,2023-10-27,0.0,27.5,16.7,22.1,71.6,IMD_AWS_NASA_POWER_Blended
MH_VID_04,Wardha,Wardha,20.745,78.602,234,Vidarbha_East,2023-10-28,0.0,27.1,14.2,20.6,76.1,IMD_AWS_NASA_POWER_Blended
MH_VID_04,Wardha,Wardha,20.745,78.602,234,Vidarbha_East,2023-10-29,0.0,27.2,13.6,20.4,79.1,IMD_AWS_NASA_POWER_Blended
MH_VID_04,Wardha,Wardha,20.745,78.602,234,Vidarbha_East,2023-10-30,0.0,26.4,13.9,20.2,80.9,IMD_AWS_NASA_POWER_Blended
MH_VID_04,Wardha,Wardha,20.745,78.602,234,Vidarbha_East,2023-10-31,0.0,26.6,14.4,20.5,82.4,IMD_AWS_NASA_POWER_Blended
MH_VID_05,Chandrapur,Chandrapur,19.954,79.296,189,Vidarbha_East,2023-06-01,0.0,42.8,27.2,35.0,34.5,IMD_AWS_NASA_POWER_Blended
MH_VID_05,Chandrapur,Chandrapur,19.954,79.296,189,Vidarbha_East,2023-06-02,0.0,44.1,27.4,35.8,25.8,IMD_AWS_NASA_POWER_Blended
MH_VID_05,Chandrapur,Chandrapur,19.954,79.296,189,Vidarbha_East,2023-06-03,0.0,43.8,28.7,36.2,27.3,IMD_AWS_NASA_POWER_Blended
MH_VID_05,Chandrapur,Chandrapur,19.954,79.296,189,Vidarbha_East,2023-06-04,0.45,43.4,31.2,37.3,28.9,IMD_AWS_NASA_POWER_Blended
MH_VID_05,Chandrapur,Chandrapur,19.954,79.296,189,Vidarbha_East,2023-06-05,0.97,43.2,30.6,36.9,28.7,IMD_AWS_NASA_POWER_Blended
MH_VID_05,Chandrapur,Chandrapur,19.954,79.296,189,Vidarbha_East,2023-06-06,0.05,44.4,30.6,37.5,26.8,IMD_AWS_NASA_POWER_Blended
MH_VID_05,Chandrapur,Chandrapur,19.954,79.296,189,Vidarbha_East,2023-06-07,0.07,44.7,32.7,38.7,27.0,IMD_AWS_NASA_POWER_Blended
MH_VID_05,Chandrapur,Chandrapur,19.954,79.296,189,Vidarbha_East,2023-06-08,0.0,44.0,31.7,37.8,24.1,IMD_AWS_NASA_POWER_Blended
MH_VID_05,Chandrapur,Chandrapur,19.954,79.296,189,Vidarbha_East,2023-06-09,0.0,44.3,30.9,37.6,27.1,IMD_AWS_NASA_POWER_Blended
MH_VID_05,Chandrapur,Chandrapur,19.954,79.296,189,Vidarbha_East,2023-06-10,0.79,44.8,31.1,38.0,27.3,IMD_AWS_NASA_POWER_Blended
MH_VID_05,Chandrapur,Chandrapur,19.954,79.296,189,Vidarbha_East,2023-06-11,1.06,44.0,31.6,37.8,32.3,IMD_AWS_NASA_POWER_Blended
MH_VID_05,Chandrapur,Chandrapur,19.954,79.296,189,Vidarbha_East,2023-06-12,0.16,43.8,32.3,38.0,32.2,IMD_AWS_NASA_POWER_Blended
MH_VID_05,Chandrapur,Chandrapur,19.954,79.296,189,Vidarbha_East,2023-06-13,0.32,44.2,32.7,38.5,30.3,IMD_AWS_NASA_POWER_Blended
MH_VID_05,Chandrapur,Chandrapur,19.954,79.296,189,Vidarbha_East,2023-06-14,0.03,41.6,30.9,36.2,35.8,IMD_AWS_NASA_POWER_Blended
MH_VID_05,Chandrapur,Chandrapur,19.954,79.296,189,Vidarbha_East,2023-06-15,0.02,42.4,30.6,36.5,31.4,IMD_AWS_NASA_POWER_Blended
MH_VID_05,Chandrapur,Chandrapur,19.954,79.296,189,Vidarbha_East,2023-06-16,0.0,44.1,31.7,37.9,29.2,IMD_AWS_NASA_POWER_Blended
MH_VID_05,Chandrapur,Chandrapur,19.954,79.296,189,Vidarbha_East,2023-06-17,0.0,42.3,32.1,37.2,35.3,IMD_AWS_NASA_POWER_Blended
MH_VID_05,Chandrapur,Chandrapur,19.954,79.296,189,Vidarbha_East,2023-06-18,0.0,38.1,31.5,34.8,38.0,IMD_AWS_NASA_POWER_Blended
MH_VID_05,Chandrapur,Chandrapur,19.954,79.296,189,Vidarbha_East,2023-06-19,0.0,42.2,32.0,37.1,31.1,IMD_AWS_NASA_POWER_Blended
MH_VID_05,Chandrapur,Chandrapur,19.954,79.296,189,Vidarbha_East,2023-06-20,0.0,42.5,32.1,37.3,31.5,IMD_AWS_NASA_POWER_Blended
MH_VID_05,Chandrapur,Chandrapur,19.954,79.296,189,Vidarbha_East,2023-06-21,0.61,39.3,30.1,34.7,44.2,IMD_AWS_NASA_POWER_Blended
MH_VID_05,Chandrapur,Chandrapur,19.954,79.296,189,Vidarbha_East,2023-06-22,9.95,34.5,27.9,31.2,63.4,IMD_AWS_NASA_POWER_Blended
MH_VID_05,Chandrapur,Chandrapur,19.954,79.296,189,Vidarbha_East,2023-06-23,7.44,32.2,26.6,29.4,72.6,IMD_AWS_NASA_POWER_Blended
MH_VID_05,Chandrapur,Chandrapur,19.954,79.296,189,Vidarbha_East,2023-06-24,1.36,35.4,25.5,30.5,67.0,IMD_AWS_NASA_POWER_Blended
MH_VID_05,Chandrapur,Chandrapur,19.954,79.296,189,Vidarbha_East,2023-06-25,4.86,35.4,26.2,30.8,66.6,IMD_AWS_NASA_POWER_Blended
MH_VID_05,Chandrapur,Chandrapur,19.954,79.296,189,Vidarbha_East,2023-06-26,30.5,28.6,23.9,26.2,74.6,IMD_AWS_NASA_POWER_Blended
MH_VID_05,Chandrapur,Chandrapur,19.954,79.296,189,Vidarbha_East,2023-06-27,23.09,27.6,22.6,25.1,81.6,IMD_AWS_NASA_POWER_Blended
MH_VID_05,Chandrapur,Chandrapur,19.954,79.296,189,Vidarbha_East,2023-06-28,3.01,29.3,22.9,26.1,78.9,IMD_AWS_NASA_POWER_Blended
MH_VID_05,Chandrapur,Chandrapur,19.954,79.296,189,Vidarbha_East,2023-06-29,0.43,33.9,24.3,29.1,73.2,IMD_AWS_NASA_POWER_Blended
MH_VID_05,Chandrapur,Chandrapur,19.954,79.296,189,Vidarbha_East,2023-06-30,0.15,32.3,24.2,28.2,70.3,IMD_AWS_NASA_POWER_Blended
MH_VID_05,Chandrapur,Chandrapur,19.954,79.296,189,Vidarbha_East,2023-07-01,0.2,35.5,24.6,30.0,66.2,IMD_AWS_NASA_POWER_Blended
MH_VID_05,Chandrapur,Chandrapur,19.954,79.296,189,Vidarbha_East,2023-07-02,0.03,35.3,26.6,30.9,67.5,IMD_AWS_NASA_POWER_Blended
MH_VID_05,Chandrapur,Chandrapur,19.954,79.296,189,Vidarbha_East,2023-07-03,0.0,36.2,26.9,31.6,67.3,IMD_AWS_NASA_POWER_Blended
MH_VID_05,Chandrapur,Chandrapur,19.954,79.296,189,Vidarbha_East,2023-07-04,8.56,36.8,27.3,32.0,68.0,IMD_AWS_NASA_POWER_Blended
MH_VID_05,Chandrapur,Chandrapur,19.954,79.296,189,Vidarbha_East,2023-07-05,15.1,34.9,26.3,30.6,78.0,IMD_AWS_NASA_POWER_Blended
MH_VID_05,Chandrapur,Chandrapur,19.954,79.296,189,Vidarbha_East,2023-07-06,33.12,33.5,25.5,29.5,80.3,IMD_AWS_NASA_POWER_Blended
MH_VID_05,Chandrapur,Chandrapur,19.954,79.296,189,Vidarbha_East,2023-07-07,23.88,31.7,25.6,28.7,82.7,IMD_AWS_NASA_POWER_Blended
MH_VID_05,Chandrapur,Chandrapur,19.954,79.296,189,Vidarbha_East,2023-07-08,36.04,31.6,25.0,28.3,82.8,IMD_AWS_NASA_POWER_Blended
MH_VID_05,Chandrapur,Chandrapur,19.954,79.296,189,Vidarbha_East,2023-07-09,9.75,32.2,24.9,28.5,79.1,IMD_AWS_NASA_POWER_Blended
MH_VID_05,Chandrapur,Chandrapur,19.954,79.296,189,Vidarbha_East,2023-07-10,29.34,32.3,25.1,28.7,80.8,IMD_AWS_NASA_POWER_Blended
MH_VID_05,Chandrapur,Chandrapur,19.954,79.296,189,Vidarbha_East,2023-07-11,26.59,30.6,25.4,28.0,85.3,IMD_AWS_NASA_POWER_Blended
MH_VID_05,Chandrapur,Chandrapur,19.954,79.296,189,Vidarbha_East,2023-07-12,7.95,31.8,24.9,28.3,83.9,IMD_AWS_NASA_POWER_Blended
MH_VID_05,Chandrapur,Chandrapur,19.954,79.296,189,Vidarbha_East,2023-07-13,7.57,29.3,24.7,27.0,86.9,IMD_AWS_NASA_POWER_Blended
MH_VID_05,Chandrapur,Chandrapur,19.954,79.296,189,Vidarbha_East,2023-07-14,25.13,31.3,23.8,27.6,83.7,IMD_AWS_NASA_POWER_Blended
MH_VID_05,Chandrapur,Chandrapur,19.954,79.296,189,Vidarbha_East,2023-07-15,29.4,28.7,25.0,26.8,87.8,IMD_AWS_NASA_POWER_Blended
MH_VID_05,Chandrapur,Chandrapur,19.954,79.296,189,Vidarbha_East,2023-07-16,12.2,29.5,24.2,26.8,87.7,IMD_AWS_NASA_POWER_Blended
MH_VID_05,Chandrapur,Chandrapur,19.954,79.296,189,Vidarbha_East,2023-07-17,13.7,29.8,24.6,27.2,87.0,IMD_AWS_NASA_POWER_Blended
MH_VID_05,Chandrapur,Chandrapur,19.954,79.296,189,Vidarbha_East,2023-07-18,99.42,29.7,24.8,27.3,91.4,IMD_AWS_NASA_POWER_Blended
MH_VID_05,Chandrapur,Chandrapur,19.954,79.296,189,Vidarbha_East,2023-07-19,36.17,32.3,24.7,28.5,87.0,IMD_AWS_NASA_POWER_Blended
MH_VID_05,Chandrapur,Chandrapur,19.954,79.296,189,Vidarbha_East,2023-07-20,19.74,32.6,25.8,29.2,85.2,IMD_AWS_NASA_POWER_Blended
MH_VID_05,Chandrapur,Chandrapur,19.954,79.296,189,Vidarbha_East,2023-07-21,40.32,30.1,25.1,27.6,90.0,IMD_AWS_NASA_POWER_Blended
MH_VID_05,Chandrapur,Chandrapur,19.954,79.296,189,Vidarbha_East,2023-07-22,45.36,30.5,25.1,27.8,90.5,IMD_AWS_NASA_POWER_Blended
MH_VID_05,Chandrapur,Chandrapur,19.954,79.296,189,Vidarbha_East,2023-07-23,16.39,29.6,24.2,26.9,88.6,IMD_AWS_NASA_POWER_Blended
MH_VID_05,Chandrapur,Chandrapur,19.954,79.296,189,Vidarbha_East,2023-07-24,17.35,31.0,24.6,27.8,83.8,IMD_AWS_NASA_POWER_Blended
MH_VID_05,Chandrapur,Chandrapur,19.954,79.296,189,Vidarbha_East,2023-07-25,6.02,31.8,25.5,28.6,87.0,IMD_AWS_NASA_POWER_Blended
MH_VID_05,Chandrapur,Chandrapur,19.954,79.296,189,Vidarbha_East,2023-07-26,63.85,30.6,25.8,28.2,90.0,IMD_AWS_NASA_POWER_Blended
MH_VID_05,Chandrapur,Chandrapur,19.954,79.296,189,Vidarbha_East,2023-07-27,46.41,31.6,26.2,28.9,89.7,IMD_AWS_NASA_POWER_Blended
MH_VID_05,Chandrapur,Chandrapur,19.954,79.296,189,Vidarbha_East,2023-07-28,48.57,28.3,25.7,27.0,93.3,IMD_AWS_NASA_POWER_Blended
MH_VID_05,Chandrapur,Chandrapur,19.954,79.296,189,Vidarbha_East,2023-07-29,0.42,29.1,24.8,26.9,90.8,IMD_AWS_NASA_POWER_Blended
MH_VID_05,Chandrapur,Chandrapur,19.954,79.296,189,Vidarbha_East,2023-07-30,2.52,30.1,24.7,27.4,88.8,IMD_AWS_NASA_POWER_Blended
MH_VID_05,Chandrapur,Chandrapur,19.954,79.296,189,Vidarbha_East,2023-07-31,1.42,30.1,24.7,27.4,89.2,IMD_AWS_NASA_POWER_Blended
MH_VID_05,Chandrapur,Chandrapur,19.954,79.296,189,Vidarbha_East,2023-08-01,12.39,29.6,24.6,27.1,90.7,IMD_AWS_NASA_POWER_Blended
MH_VID_05,Chandrapur,Chandrapur,19.954,79.296,189,Vidarbha_East,2023-08-02,11.5,28.2,24.6,26.4,90.6,IMD_AWS_NASA_POWER_Blended
MH_VID_05,Chandrapur,Chandrapur,19.954,79.296,189,Vidarbha_East,2023-08-03,9.38,27.8,23.8,25.8,90.9,IMD_AWS_NASA_POWER_Blended
MH_VID_05,Chandrapur,Chandrapur,19.954,79.296,189,Vidarbha_East,2023-08-04,6.78,29.7,23.5,26.6,88.0,IMD_AWS_NASA_POWER_Blended
MH_VID_05,Chandrapur,Chandrapur,19.954,79.296,189,Vidarbha_East,2023-08-05,2.51,30.5,24.2,27.4,86.6,IMD_AWS_NASA_POWER_Blended
MH_VID_05,Chandrapur,Chandrapur,19.954,79.296,189,Vidarbha_East,2023-08-06,0.46,30.3,24.2,27.2,87.0,IMD_AWS_NASA_POWER_Blended
MH_VID_05,Chandrapur,Chandrapur,19.954,79.296,189,Vidarbha_East,2023-08-07,0.1,30.9,24.2,27.5,84.6,IMD_AWS_NASA_POWER_Blended
MH_VID_05,Chandrapur,Chandrapur,19.954,79.296,189,Vidarbha_East,2023-08-08,0.0,30.4,23.3,26.9,85.2,IMD_AWS_NASA_POWER_Blended
MH_VID_05,Chandrapur,Chandrapur,19.954,79.296,189,Vidarbha_East,2023-08-09,0.0,30.3,23.8,27.1,85.8,IMD_AWS_NASA_POWER_Blended
MH_VID_05,Chandrapur,Chandrapur,19.954,79.296,189,Vidarbha_East,2023-08-10,0.0,31.3,24.4,27.8,81.8,IMD_AWS_NASA_POWER_Blended
MH_VID_05,Chandrapur,Chandrapur,19.954,79.296,189,Vidarbha_East,2023-08-11,0.0,30.8,24.0,27.4,84.1,IMD_AWS_NASA_POWER_Blended
MH_VID_05,Chandrapur,Chandrapur,19.954,79.296,189,Vidarbha_East,2023-08-12,0.0,30.4,23.6,27.0,84.2,IMD_AWS_NASA_POWER_Blended
MH_VID_05,Chandrapur,Chandrapur,19.954,79.296,189,Vidarbha_East,2023-08-13,1.88,30.8,24.3,27.6,85.0,IMD_AWS_NASA_POWER_Blended
MH_VID_05,Chandrapur,Chandrapur,19.954,79.296,189,Vidarbha_East,2023-08-14,1.09,28.9,23.5,26.2,86.3,IMD_AWS_NASA_POWER_Blended
MH_VID_05,Chandrapur,Chandrapur,19.954,79.296,189,Vidarbha_East,2023-08-15,0.02,30.3,23.5,26.9,83.4,IMD_AWS_NASA_POWER_Blended
MH_VID_05,Chandrapur,Chandrapur,19.954,79.296,189,Vidarbha_East,2023-08-16,0.17,31.3,23.4,27.4,82.6,IMD_AWS_NASA_POWER_Blended
MH_VID_05,Chandrapur,Chandrapur,19.954,79.296,189,Vidarbha_East,2023-08-17,13.18,31.4,23.9,27.7,84.7,IMD_AWS_NASA_POWER_Blended
MH_VID_05,Chandrapur,Chandrapur,19.954,79.296,189,Vidarbha_East,2023-08-18,45.55,27.1,24.3,25.7,93.4,IMD_AWS_NASA_POWER_Blended
MH_VID_05,Chandrapur,Chandrapur,19.954,79.296,189,Vidarbha_East,2023-08-19,56.12,26.9,23.6,25.2,93.6,IMD_AWS_NASA_POWER_Blended
MH_VID_05,Chandrapur,Chandrapur,19.954,79.296,189,Vidarbha_East,2023-08-20,4.65,29.9,23.4,26.7,88.9,IMD_AWS_NASA_POWER_Blended
MH_VID_05,Chandrapur,Chandrapur,19.954,79.296,189,Vidarbha_East,2023-08-21,1.0,28.7,23.4,26.0,88.5,IMD_AWS_NASA_POWER_Blended
MH_VID_05,Chandrapur,Chandrapur,19.954,79.296,189,Vidarbha_East,2023-08-22,0.46,30.3,23.9,27.1,86.9,IMD_AWS_NASA_POWER_Blended
MH_VID_05,Chandrapur,Chandrapur,19.954,79.296,189,Vidarbha_East,2023-08-23,15.46,29.5,24.3,26.9,88.6,IMD_AWS_NASA_POWER_Blended
MH_VID_05,Chandrapur,Chandrapur,19.954,79.296,189,Vidarbha_East,2023-08-24,7.56,29.4,24.1,26.7,88.8,IMD_AWS_NASA_POWER_Blended
MH_VID_05,Chandrapur,Chandrapur,19.954,79.296,189,Vidarbha_East,2023-08-25,2.33,30.6,24.2,27.4,85.4,IMD_AWS_NASA_POWER_Blended
MH_VID_05,Chandrapur,Chandrapur,19.954,79.296,189,Vidarbha_East,2023-08-26,0.69,30.5,24.5,27.5,85.8,IMD_AWS_NASA_POWER_Blended
MH_VID_05,Chandrapur,Chandrapur,19.954,79.296,189,Vidarbha_East,2023-08-27,2.85,30.7,24.2,27.5,85.7,IMD_AWS_NASA_POWER_Blended
MH_VID_05,Chandrapur,Chandrapur,19.954,79.296,189,Vidarbha_East,2023-08-28,0.01,30.6,23.1,26.9,84.5,IMD_AWS_NASA_POWER_Blended
MH_VID_05,Chandrapur,Chandrapur,19.954,79.296,189,Vidarbha_East,2023-08-29,0.01,30.7,22.3,26.5,83.3,IMD_AWS_NASA_POWER_Blended
MH_VID_05,Chandrapur,Chandrapur,19.954,79.296,189,Vidarbha_East,2023-08-30,0.17,31.0,23.1,27.0,81.6,IMD_AWS_NASA_POWER_Blended
MH_VID_05,Chandrapur,Chandrapur,19.954,79.296,189,Vidarbha_East,2023-08-31,2.6,31.2,23.1,27.1,82.1,IMD_AWS_NASA_POWER_Blended
MH_VID_05,Chandrapur,Chandrapur,19.954,79.296,189,Vidarbha_East,2023-09-01,0.06,31.8,23.6,27.7,78.6,IMD_AWS_NASA_POWER_Blended
MH_VID_05,Chandrapur,Chandrapur,19.954,79.296,189,Vidarbha_East,2023-09-02,0.15,32.2,24.7,28.5,80.4,IMD_AWS_NASA_POWER_Blended
MH_VID_05,Chandrapur,Chandrapur,19.954,79.296,189,Vidarbha_East,2023-09-03,21.37,31.2,25.0,28.1,86.2,IMD_AWS_NASA_POWER_Blended
MH_VID_05,Chandrapur,Chandrapur,19.954,79.296,189,Vidarbha_East,2023-09-04,23.82,30.0,25.1,27.5,87.4,IMD_AWS_NASA_POWER_Blended
MH_VID_05,Chandrapur,Chandrapur,19.954,79.296,189,Vidarbha_East,2023-09-05,29.95,31.1,24.9,28.0,87.6,IMD_AWS_NASA_POWER_Blended
MH_VID_05,Chandrapur,Chandrapur,19.954,79.296,189,Vidarbha_East,2023-09-06,18.97,30.9,24.5,27.7,88.1,IMD_AWS_NASA_POWER_Blended
MH_VID_05,Chandrapur,Chandrapur,19.954,79.296,189,Vidarbha_East,2023-09-07,15.45,29.8,24.8,27.3,90.7,IMD_AWS_NASA_POWER_Blended
MH_VID_05,Chandrapur,Chandrapur,19.954,79.296,189,Vidarbha_East,2023-09-08,7.08,30.5,24.0,27.3,90.2,IMD_AWS_NASA_POWER_Blended
MH_VID_05,Chandrapur,Chandrapur,19.954,79.296,189,Vidarbha_East,2023-09-09,3.39,31.7,24.6,28.1,88.5,IMD_AWS_NASA_POWER_Blended
MH_VID_05,Chandrapur,Chandrapur,19.954,79.296,189,Vidarbha_East,2023-09-10,1.43,30.2,23.7,26.9,88.6,IMD_AWS_NASA_POWER_Blended
MH_VID_05,Chandrapur,Chandrapur,19.954,79.296,189,Vidarbha_East,2023-09-11,1.62,27.5,23.8,25.6,91.3,IMD_AWS_NASA_POWER_Blended
MH_VID_05,Chandrapur,Chandrapur,19.954,79.296,189,Vidarbha_East,2023-09-12,1.52,30.1,23.3,26.7,88.3,IMD_AWS_NASA_POWER_Blended
MH_VID_05,Chandrapur,Chandrapur,19.954,79.296,189,Vidarbha_East,2023-09-13,7.5,27.0,23.0,25.0,92.1,IMD_AWS_NASA_POWER_Blended
MH_VID_05,Chandrapur,Chandrapur,19.954,79.296,189,Vidarbha_East,2023-09-14,20.29,27.0,23.0,25.0,92.7,IMD_AWS_NASA_POWER_Blended
MH_VID_05,Chandrapur,Chandrapur,19.954,79.296,189,Vidarbha_East,2023-09-15,4.27,27.3,23.6,25.5,92.1,IMD_AWS_NASA_POWER_Blended
MH_VID_05,Chandrapur,Chandrapur,19.954,79.296,189,Vidarbha_East,2023-09-16,2.54,28.7,23.4,26.1,86.7,IMD_AWS_NASA_POWER_Blended
MH_VID_05,Chandrapur,Chandrapur,19.954,79.296,189,Vidarbha_East,2023-09-17,1.09,31.2,22.5,26.8,80.6,IMD_AWS_NASA_POWER_Blended
MH_VID_05,Chandrapur,Chandrapur,19.954,79.296,189,Vidarbha_East,2023-09-18,0.83,31.4,23.2,27.3,78.3,IMD_AWS_NASA_POWER_Blended
MH_VID_05,Chandrapur,Chandrapur,19.954,79.296,189,Vidarbha_East,2023-09-19,0.0,30.7,23.6,27.1,85.0,IMD_AWS_NASA_POWER_Blended
MH_VID_05,Chandrapur,Chandrapur,19.954,79.296,189,Vidarbha_East,2023-09-20,3.45,30.4,23.8,27.1,87.8,IMD_AWS_NASA_POWER_Blended
MH_VID_05,Chandrapur,Chandrapur,19.954,79.296,189,Vidarbha_East,2023-09-21,37.55,29.3,24.1,26.7,90.9,IMD_AWS_NASA_POWER_Blended
MH_VID_05,Chandrapur,Chandrapur,19.954,79.296,189,Vidarbha_East,2023-09-22,38.74,30.0,23.9,27.0,88.3,IMD_AWS_NASA_POWER_Blended
MH_VID_05,Chandrapur,Chandrapur,19.954,79.296,189,Vidarbha_East,2023-09-23,11.97,29.2,24.0,26.6,90.5,IMD_AWS_NASA_POWER_Blended
MH_VID_05,Chandrapur,Chandrapur,19.954,79.296,189,Vidarbha_East,2023-09-24,17.6,30.2,23.5,26.8,88.3,IMD_AWS_NASA_POWER_Blended
MH_VID_05,Chandrapur,Chandrapur,19.954,79.296,189,Vidarbha_East,2023-09-25,8.19,30.7,23.9,27.3,86.8,IMD_AWS_NASA_POWER_Blended
MH_VID_05,Chandrapur,Chandrapur,19.954,79.296,189,Vidarbha_East,2023-09-26,1.5,30.4,23.9,27.1,86.1,IMD_AWS_NASA_POWER_Blended
MH_VID_05,Chandrapur,Chandrapur,19.954,79.296,189,Vidarbha_East,2023-09-27,0.09,30.4,24.5,27.4,83.4,IMD_AWS_NASA_POWER_Blended
MH_VID_05,Chandrapur,Chandrapur,19.954,79.296,189,Vidarbha_East,2023-09-28,0.02,30.9,24.1,27.5,84.7,IMD_AWS_NASA_POWER_Blended
MH_VID_05,Chandrapur,Chandrapur,19.954,79.296,189,Vidarbha_East,2023-09-29,14.42,30.5,24.7,27.6,81.0,IMD_AWS_NASA_POWER_Blended
MH_VID_05,Chandrapur,Chandrapur,19.954,79.296,189,Vidarbha_East,2023-09-30,1.27,30.2,23.8,27.0,84.2,IMD_AWS_NASA_POWER_Blended
MH_VID_05,Chandrapur,Chandrapur,19.954,79.296,189,Vidarbha_East,2023-10-01,0.96,30.7,23.7,27.2,79.6,IMD_AWS_NASA_POWER_Blended
MH_VID_05,Chandrapur,Chandrapur,19.954,79.296,189,Vidarbha_East,2023-10-02,8.94,31.3,23.1,27.2,84.0,IMD_AWS_NASA_POWER_Blended
MH_VID_05,Chandrapur,Chandrapur,19.954,79.296,189,Vidarbha_East,2023-10-03,3.46,30.3,23.2,26.8,86.0,IMD_AWS_NASA_POWER_Blended
MH_VID_05,Chandrapur,Chandrapur,19.954,79.296,189,Vidarbha_East,2023-10-04,0.0,30.8,21.8,26.3,83.6,IMD_AWS_NASA_POWER_Blended
MH_VID_05,Chandrapur,Chandrapur,19.954,79.296,189,Vidarbha_East,2023-10-05,0.0,30.5,20.3,25.4,84.8,IMD_AWS_NASA_POWER_Blended
MH_VID_05,Chandrapur,Chandrapur,19.954,79.296,189,Vidarbha_East,2023-10-06,0.0,30.2,19.9,25.0,81.3,IMD_AWS_NASA_POWER_Blended
MH_VID_05,Chandrapur,Chandrapur,19.954,79.296,189,Vidarbha_East,2023-10-07,0.0,31.2,21.1,26.2,80.1,IMD_AWS_NASA_POWER_Blended
MH_VID_05,Chandrapur,Chandrapur,19.954,79.296,189,Vidarbha_East,2023-10-08,0.0,31.5,21.5,26.5,76.9,IMD_AWS_NASA_POWER_Blended
MH_VID_05,Chandrapur,Chandrapur,19.954,79.296,189,Vidarbha_East,2023-10-09,0.0,31.4,21.6,26.5,77.2,IMD_AWS_NASA_POWER_Blended
MH_VID_05,Chandrapur,Chandrapur,19.954,79.296,189,Vidarbha_East,2023-10-10,0.0,31.2,21.6,26.4,76.4,IMD_AWS_NASA_POWER_Blended
MH_VID_05,Chandrapur,Chandrapur,19.954,79.296,189,Vidarbha_East,2023-10-11,0.0,31.3,21.5,26.4,74.9,IMD_AWS_NASA_POWER_Blended
MH_VID_05,Chandrapur,Chandrapur,19.954,79.296,189,Vidarbha_East,2023-10-12,0.0,31.5,21.8,26.6,75.7,IMD_AWS_NASA_POWER_Blended
MH_VID_05,Chandrapur,Chandrapur,19.954,79.296,189,Vidarbha_East,2023-10-13,0.0,31.2,22.2,26.7,75.9,IMD_AWS_NASA_POWER_Blended
MH_VID_05,Chandrapur,Chandrapur,19.954,79.296,189,Vidarbha_East,2023-10-14,0.0,31.1,21.5,26.3,74.8,IMD_AWS_NASA_POWER_Blended
MH_VID_05,Chandrapur,Chandrapur,19.954,79.296,189,Vidarbha_East,2023-10-15,0.0,30.9,20.4,25.7,75.6,IMD_AWS_NASA_POWER_Blended
MH_VID_05,Chandrapur,Chandrapur,19.954,79.296,189,Vidarbha_East,2023-10-16,0.0,30.7,20.5,25.6,77.0,IMD_AWS_NASA_POWER_Blended
MH_VID_05,Chandrapur,Chandrapur,19.954,79.296,189,Vidarbha_East,2023-10-17,0.0,30.2,18.6,24.4,76.7,IMD_AWS_NASA_POWER_Blended
MH_VID_05,Chandrapur,Chandrapur,19.954,79.296,189,Vidarbha_East,2023-10-18,0.54,30.1,20.2,25.1,79.8,IMD_AWS_NASA_POWER_Blended
MH_VID_05,Chandrapur,Chandrapur,19.954,79.296,189,Vidarbha_East,2023-10-19,0.16,30.4,20.1,25.3,82.3,IMD_AWS_NASA_POWER_Blended
MH_VID_05,Chandrapur,Chandrapur,19.954,79.296,189,Vidarbha_East,2023-10-20,0.03,29.5,20.0,24.7,84.2,IMD_AWS_NASA_POWER_Blended
MH_VID_05,Chandrapur,Chandrapur,19.954,79.296,189,Vidarbha_East,2023-10-21,0.0,29.0,18.6,23.8,83.2,IMD_AWS_NASA_POWER_Blended
MH_VID_05,Chandrapur,Chandrapur,19.954,79.296,189,Vidarbha_East,2023-10-22,0.0,28.8,16.6,22.7,79.8,IMD_AWS_NASA_POWER_Blended
MH_VID_05,Chandrapur,Chandrapur,19.954,79.296,189,Vidarbha_East,2023-10-23,0.0,28.2,16.0,22.1,78.5,IMD_AWS_NASA_POWER_Blended
MH_VID_05,Chandrapur,Chandrapur,19.954,79.296,189,Vidarbha_East,2023-10-24,0.0,27.4,15.5,21.5,75.9,IMD_AWS_NASA_POWER_Blended
MH_VID_05,Chandrapur,Chandrapur,19.954,79.296,189,Vidarbha_East,2023-10-25,0.0,27.6,15.8,21.7,73.5,IMD_AWS_NASA_POWER_Blended
MH_VID_05,Chandrapur,Chandrapur,19.954,79.296,189,Vidarbha_East,2023-10-26,0.0,27.5,15.7,21.6,70.8,IMD_AWS_NASA_POWER_Blended
MH_VID_05,Chandrapur,Chandrapur,19.954,79.296,189,Vidarbha_East,2023-10-27,0.0,27.5,15.6,21.5,72.6,IMD_AWS_NASA_POWER_Blended
MH_VID_05,Chandrapur,Chandrapur,19.954,79.296,189,Vidarbha_East,2023-10-28,0.0,27.1,14.2,20.7,75.2,IMD_AWS_NASA_POWER_Blended
MH_VID_05,Chandrapur,Chandrapur,19.954,79.296,189,Vidarbha_East,2023-10-29,0.0,27.8,13.6,20.7,79.4,IMD_AWS_NASA_POWER_Blended
MH_VID_05,Chandrapur,Chandrapur,19.954,79.296,189,Vidarbha_East,2023-10-30,0.0,27.8,13.9,20.9,80.1,IMD_AWS_NASA_POWER_Blended
MH_VID_05,Chandrapur,Chandrapur,19.954,79.296,189,Vidarbha_East,2023-10-31,0.0,27.4,14.8,21.1,80.8,IMD_AWS_NASA_POWER_Blended
MH_VID_06,Gondia,Gondia,21.462,80.196,311,Vidarbha_East,2023-06-01,0.0,42.4,26.7,34.5,23.4,IMD_AWS_NASA_POWER_Blended
MH_VID_06,Gondia,Gondia,21.462,80.196,311,Vidarbha_East,2023-06-02,0.0,43.2,27.1,35.2,23.0,IMD_AWS_NASA_POWER_Blended
MH_VID_06,Gondia,Gondia,21.462,80.196,311,Vidarbha_East,2023-06-03,0.09,42.3,28.4,35.4,26.6,IMD_AWS_NASA_POWER_Blended
MH_VID_06,Gondia,Gondia,21.462,80.196,311,Vidarbha_East,2023-06-04,0.12,42.9,29.8,36.3,28.4,IMD_AWS_NASA_POWER_Blended
MH_VID_06,Gondia,Gondia,21.462,80.196,311,Vidarbha_East,2023-06-05,0.02,42.0,30.9,36.5,27.7,IMD_AWS_NASA_POWER_Blended
MH_VID_06,Gondia,Gondia,21.462,80.196,311,Vidarbha_East,2023-06-06,0.01,43.7,28.6,36.1,23.2,IMD_AWS_NASA_POWER_Blended
MH_VID_06,Gondia,Gondia,21.462,80.196,311,Vidarbha_East,2023-06-07,0.01,43.3,31.6,37.4,24.6,IMD_AWS_NASA_POWER_Blended
MH_VID_06,Gondia,Gondia,21.462,80.196,311,Vidarbha_East,2023-06-08,0.11,44.0,30.0,37.0,21.1,IMD_AWS_NASA_POWER_Blended
MH_VID_06,Gondia,Gondia,21.462,80.196,311,Vidarbha_East,2023-06-09,0.0,41.4,28.6,35.0,25.0,IMD_AWS_NASA_POWER_Blended
MH_VID_06,Gondia,Gondia,21.462,80.196,311,Vidarbha_East,2023-06-10,0.0,44.3,30.9,37.6,22.7,IMD_AWS_NASA_POWER_Blended
MH_VID_06,Gondia,Gondia,21.462,80.196,311,Vidarbha_East,2023-06-11,0.12,44.0,30.8,37.4,26.0,IMD_AWS_NASA_POWER_Blended
MH_VID_06,Gondia,Gondia,21.462,80.196,311,Vidarbha_East,2023-06-12,0.02,45.4,31.5,38.4,26.8,IMD_AWS_NASA_POWER_Blended
MH_VID_06,Gondia,Gondia,21.462,80.196,311,Vidarbha_East,2023-06-13,0.11,42.2,32.9,37.5,32.2,IMD_AWS_NASA_POWER_Blended
MH_VID_06,Gondia,Gondia,21.462,80.196,311,Vidarbha_East,2023-06-14,0.45,43.7,32.1,37.9,28.8,IMD_AWS_NASA_POWER_Blended
MH_VID_06,Gondia,Gondia,21.462,80.196,311,Vidarbha_East,2023-06-15,0.18,43.2,30.2,36.7,29.4,IMD_AWS_NASA_POWER_Blended
MH_VID_06,Gondia,Gondia,21.462,80.196,311,Vidarbha_East,2023-06-16,0.0,43.7,30.6,37.1,28.6,IMD_AWS_NASA_POWER_Blended
MH_VID_06,Gondia,Gondia,21.462,80.196,311,Vidarbha_East,2023-06-17,0.0,42.7,32.6,37.6,31.3,IMD_AWS_NASA_POWER_Blended
MH_VID_06,Gondia,Gondia,21.462,80.196,311,Vidarbha_East,2023-06-18,0.0,42.2,30.9,36.6,32.2,IMD_AWS_NASA_POWER_Blended
MH_VID_06,Gondia,Gondia,21.462,80.196,311,Vidarbha_East,2023-06-19,0.0,41.6,31.3,36.5,32.0,IMD_AWS_NASA_POWER_Blended
MH_VID_06,Gondia,Gondia,21.462,80.196,311,Vidarbha_East,2023-06-20,0.01,41.7,31.3,36.5,32.8,IMD_AWS_NASA_POWER_Blended
MH_VID_06,Gondia,Gondia,21.462,80.196,311,Vidarbha_East,2023-06-21,0.38,41.5,31.1,36.3,39.4,IMD_AWS_NASA_POWER_Blended
MH_VID_06,Gondia,Gondia,21.462,80.196,311,Vidarbha_East,2023-06-22,16.66,36.0,26.8,31.4,59.2,IMD_AWS_NASA_POWER_Blended
MH_VID_06,Gondia,Gondia,21.462,80.196,311,Vidarbha_East,2023-06-23,13.76,31.3,25.5,28.4,77.8,IMD_AWS_NASA_POWER_Blended
MH_VID_06,Gondia,Gondia,21.462,80.196,311,Vidarbha_East,2023-06-24,0.89,34.5,24.6,29.5,67.7,IMD_AWS_NASA_POWER_Blended
MH_VID_06,Gondia,Gondia,21.462,80.196,311,Vidarbha_East,2023-06-25,17.89,34.1,25.6,29.9,75.0,IMD_AWS_NASA_POWER_Blended
MH_VID_06,Gondia,Gondia,21.462,80.196,311,Vidarbha_East,2023-06-26,41.42,28.9,24.6,26.8,85.9,IMD_AWS_NASA_POWER_Blended
MH_VID_06,Gondia,Gondia,21.462,80.196,311,Vidarbha_East,2023-06-27,71.56,28.6,23.5,26.1,90.0,IMD_AWS_NASA_POWER_Blended
MH_VID_06,Gondia,Gondia,21.462,80.196,311,Vidarbha_East,2023-06-28,15.45,28.5,23.2,25.8,86.7,IMD_AWS_NASA_POWER_Blended
MH_VID_06,Gondia,Gondia,21.462,80.196,311,Vidarbha_East,2023-06-29,5.97,29.9,22.8,26.3,84.7,IMD_AWS_NASA_POWER_Blended
MH_VID_06,Gondia,Gondia,21.462,80.196,311,Vidarbha_East,2023-06-30,3.99,30.5,23.4,27.0,81.0,IMD_AWS_NASA_POWER_Blended
MH_VID_06,Gondia,Gondia,21.462,80.196,311,Vidarbha_East,2023-07-01,1.28,31.9,23.7,27.8,80.3,IMD_AWS_NASA_POWER_Blended
MH_VID_06,Gondia,Gondia,21.462,80.196,311,Vidarbha_East,2023-07-02,1.06,32.5,25.1,28.8,78.6,IMD_AWS_NASA_POWER_Blended
MH_VID_06,Gondia,Gondia,21.462,80.196,311,Vidarbha_East,2023-07-03,0.18,34.0,25.4,29.7,71.4,IMD_AWS_NASA_POWER_Blended
MH_VID_06,Gondia,Gondia,21.462,80.196,311,Vidarbha_East,2023-07-04,10.14,32.8,26.5,29.6,76.1,IMD_AWS_NASA_POWER_Blended
MH_VID_06,Gondia,Gondia,21.462,80.196,311,Vidarbha_East,2023-07-05,5.91,33.4,25.4,29.4,80.0,IMD_AWS_NASA_POWER_Blended
MH_VID_06,Gondia,Gondia,21.462,80.196,311,Vidarbha_East,2023-07-06,20.07,32.5,24.5,28.5,81.0,IMD_AWS_NASA_POWER_Blended
MH_VID_06,Gondia,Gondia,21.462,80.196,311,Vidarbha_East,2023-07-07,34.82,29.6,25.1,27.4,89.7,IMD_AWS_NASA_POWER_Blended
MH_VID_06,Gondia,Gondia,21.462,80.196,311,Vidarbha_East,2023-07-08,53.03,30.1,24.6,27.3,88.5,IMD_AWS_NASA_POWER_Blended
MH_VID_06,Gondia,Gondia,21.462,80.196,311,Vidarbha_East,2023-07-09,16.58,30.0,24.3,27.1,86.4,IMD_AWS_NASA_POWER_Blended
MH_VID_06,Gondia,Gondia,21.462,80.196,311,Vidarbha_East,2023-07-10,16.33,31.4,23.9,27.6,85.1,IMD_AWS_NASA_POWER_Blended
MH_VID_06,Gondia,Gondia,21.462,80.196,311,Vidarbha_East,2023-07-11,5.6,31.6,24.8,28.2,85.2,IMD_AWS_NASA_POWER_Blended
MH_VID_06,Gondia,Gondia,21.462,80.196,311,Vidarbha_East,2023-07-12,1.09,32.5,25.0,28.7,84.7,IMD_AWS_NASA_POWER_Blended
MH_VID_06,Gondia,Gondia,21.462,80.196,311,Vidarbha_East,2023-07-13,2.09,32.2,25.6,28.9,84.8,IMD_AWS_NASA_POWER_Blended
MH_VID_06,Gondia,Gondia,21.462,80.196,311,Vidarbha_East,2023-07-14,12.48,29.5,24.1,26.8,90.7,IMD_AWS_NASA_POWER_Blended
MH_VID_06,Gondia,Gondia,21.462,80.196,311,Vidarbha_East,2023-07-15,44.01,28.9,24.4,26.7,91.0,IMD_AWS_NASA_POWER_Blended
MH_VID_06,Gondia,Gondia,21.462,80.196,311,Vidarbha_East,2023-07-16,20.55,30.0,23.8,26.9,86.8,IMD_AWS_NASA_POWER_Blended
MH_VID_06,Gondia,Gondia,21.462,80.196,311,Vidarbha_East,2023-07-17,22.37,28.6,24.4,26.5,91.3,IMD_AWS_NASA_POWER_Blended
MH_VID_06,Gondia,Gondia,21.462,80.196,311,Vidarbha_East,2023-07-18,26.0,30.8,25.1,27.9,89.8,IMD_AWS_NASA_POWER_Blended
MH_VID_06,Gondia,Gondia,21.462,80.196,311,Vidarbha_East,2023-07-19,11.88,32.2,24.8,28.5,83.4,IMD_AWS_NASA_POWER_Blended
MH_VID_06,Gondia,Gondia,21.462,80.196,311,Vidarbha_East,2023-07-20,8.21,32.4,25.3,28.8,82.3,IMD_AWS_NASA_POWER_Blended
MH_VID_06,Gondia,Gondia,21.462,80.196,311,Vidarbha_East,2023-07-21,30.05,30.2,25.6,27.9,88.4,IMD_AWS_NASA_POWER_Blended
MH_VID_06,Gondia,Gondia,21.462,80.196,311,Vidarbha_East,2023-07-22,5.1,31.0,25.4,28.2,87.5,IMD_AWS_NASA_POWER_Blended
MH_VID_06,Gondia,Gondia,21.462,80.196,311,Vidarbha_East,2023-07-23,4.07,30.0,24.9,27.5,90.5,IMD_AWS_NASA_POWER_Blended
MH_VID_06,Gondia,Gondia,21.462,80.196,311,Vidarbha_East,2023-07-24,2.39,30.5,24.7,27.6,85.5,IMD_AWS_NASA_POWER_Blended
MH_VID_06,Gondia,Gondia,21.462,80.196,311,Vidarbha_East,2023-07-25,5.89,32.2,24.8,28.5,82.9,IMD_AWS_NASA_POWER_Blended
MH_VID_06,Gondia,Gondia,21.462,80.196,311,Vidarbha_East,2023-07-26,25.14,32.6,25.1,28.9,82.7,IMD_AWS_NASA_POWER_Blended
MH_VID_06,Gondia,Gondia,21.462,80.196,311,Vidarbha_East,2023-07-27,20.57,32.4,25.4,28.9,85.1,IMD_AWS_NASA_POWER_Blended
MH_VID_06,Gondia,Gondia,21.462,80.196,311,Vidarbha_East,2023-07-28,11.71,30.5,26.0,28.2,91.8,IMD_AWS_NASA_POWER_Blended
MH_VID_06,Gondia,Gondia,21.462,80.196,311,Vidarbha_East,2023-07-29,7.85,28.5,25.1,26.8,93.4,IMD_AWS_NASA_POWER_Blended
MH_VID_06,Gondia,Gondia,21.462,80.196,311,Vidarbha_East,2023-07-30,2.02,29.8,24.3,27.1,88.8,IMD_AWS_NASA_POWER_Blended
MH_VID_06,Gondia,Gondia,21.462,80.196,311,Vidarbha_East,2023-07-31,1.1,29.5,24.5,27.0,89.9,IMD_AWS_NASA_POWER_Blended
MH_VID_06,Gondia,Gondia,21.462,80.196,311,Vidarbha_East,2023-08-01,8.82,29.4,25.2,27.3,91.1,IMD_AWS_NASA_POWER_Blended
MH_VID_06,Gondia,Gondia,21.462,80.196,311,Vidarbha_East,2023-08-02,16.59,28.3,24.5,26.4,91.3,IMD_AWS_NASA_POWER_Blended
MH_VID_06,Gondia,Gondia,21.462,80.196,311,Vidarbha_East,2023-08-03,33.6,27.2,23.2,25.2,91.9,IMD_AWS_NASA_POWER_Blended
MH_VID_06,Gondia,Gondia,21.462,80.196,311,Vidarbha_East,2023-08-04,27.44,27.3,23.0,25.2,92.0,IMD_AWS_NASA_POWER_Blended
MH_VID_06,Gondia,Gondia,21.462,80.196,311,Vidarbha_East,2023-08-05,6.83,28.1,23.6,25.9,92.0,IMD_AWS_NASA_POWER_Blended
MH_VID_06,Gondia,Gondia,21.462,80.196,311,Vidarbha_East,2023-08-06,2.6,28.9,23.9,26.4,90.3,IMD_AWS_NASA_POWER_Blended
MH_VID_06,Gondia,Gondia,21.462,80.196,311,Vidarbha_East,2023-08-07,1.4,29.8,23.3,26.6,87.5,IMD_AWS_NASA_POWER_Blended
MH_VID_06,Gondia,Gondia,21.462,80.196,311,Vidarbha_East,2023-08-08,0.01,27.4,23.0,25.2,89.3,IMD_AWS_NASA_POWER_Blended
MH_VID_06,Gondia,Gondia,21.462,80.196,311,Vidarbha_East,2023-08-09,0.02,28.6,22.5,25.6,87.4,IMD_AWS_NASA_POWER_Blended
MH_VID_06,Gondia,Gondia,21.462,80.196,311,Vidarbha_East,2023-08-10,0.02,30.2,22.1,26.1,86.0,IMD_AWS_NASA_POWER_Blended
MH_VID_06,Gondia,Gondia,21.462,80.196,311,Vidarbha_East,2023-08-11,0.0,30.9,23.5,27.2,85.4,IMD_AWS_NASA_POWER_Blended
MH_VID_06,Gondia,Gondia,21.462,80.196,311,Vidarbha_East,2023-08-12,0.18,29.2,23.5,26.4,88.0,IMD_AWS_NASA_POWER_Blended
MH_VID_06,Gondia,Gondia,21.462,80.196,311,Vidarbha_East,2023-08-13,1.51,30.3,23.1,26.7,87.2,IMD_AWS_NASA_POWER_Blended
MH_VID_06,Gondia,Gondia,21.462,80.196,311,Vidarbha_East,2023-08-14,0.67,28.2,23.4,25.8,88.4,IMD_AWS_NASA_POWER_Blended
MH_VID_06,Gondia,Gondia,21.462,80.196,311,Vidarbha_East,2023-08-15,1.08,29.8,22.8,26.3,85.4,IMD_AWS_NASA_POWER_Blended
MH_VID_06,Gondia,Gondia,21.462,80.196,311,Vidarbha_East,2023-08-16,0.64,30.6,23.0,26.8,85.4,IMD_AWS_NASA_POWER_Blended
MH_VID_06,Gondia,Gondia,21.462,80.196,311,Vidarbha_East,2023-08-17,25.52,29.9,23.7,26.8,86.0,IMD_AWS_NASA_POWER_Blended
MH_VID_06,Gondia,Gondia,21.462,80.196,311,Vidarbha_East,2023-08-18,37.73,27.8,24.2,26.0,92.8,IMD_AWS_NASA_POWER_Blended
MH_VID_06,Gondia,Gondia,21.462,80.196,311,Vidarbha_East,2023-08-19,26.48,30.9,24.1,27.5,89.4,IMD_AWS_NASA_POWER_Blended
MH_VID_06,Gondia,Gondia,21.462,80.196,311,Vidarbha_East,2023-08-20,2.74,30.6,24.1,27.4,89.4,IMD_AWS_NASA_POWER_Blended
MH_VID_06,Gondia,Gondia,21.462,80.196,311,Vidarbha_East,2023-08-21,7.07,30.9,24.4,27.7,89.2,IMD_AWS_NASA_POWER_Blended
MH_VID_06,Gondia,Gondia,21.462,80.196,311,Vidarbha_East,2023-08-22,2.85,28.8,24.2,26.5,90.1,IMD_AWS_NASA_POWER_Blended
MH_VID_06,Gondia,Gondia,21.462,80.196,311,Vidarbha_East,2023-08-23,10.2,28.3,24.2,26.3,89.9,IMD_AWS_NASA_POWER_Blended
MH_VID_06,Gondia,Gondia,21.462,80.196,311,Vidarbha_East,2023-08-24,5.17,29.5,23.8,26.6,89.9,IMD_AWS_NASA_POWER_Blended
MH_VID_06,Gondia,Gondia,21.462,80.196,311,Vidarbha_East,2023-08-25,0.59,29.9,23.5,26.7,86.5,IMD_AWS_NASA_POWER_Blended
MH_VID_06,Gondia,Gondia,21.462,80.196,311,Vidarbha_East,2023-08-26,0.6,30.5,23.4,26.9,86.7,IMD_AWS_NASA_POWER_Blended
MH_VID_06,Gondia,Gondia,21.462,80.196,311,Vidarbha_East,2023-08-27,0.14,30.5,22.9,26.7,86.5,IMD_AWS_NASA_POWER_Blended
MH_VID_06,Gondia,Gondia,21.462,80.196,311,Vidarbha_East,2023-08-28,0.0,29.8,21.6,25.7,85.9,IMD_AWS_NASA_POWER_Blended
MH_VID_06,Gondia,Gondia,21.462,80.196,311,Vidarbha_East,2023-08-29,0.0,30.0,21.2,25.6,81.9,IMD_AWS_NASA_POWER_Blended
MH_VID_06,Gondia,Gondia,21.462,80.196,311,Vidarbha_East,2023-08-30,3.85,30.4,22.5,26.5,82.7,IMD_AWS_NASA_POWER_Blended
MH_VID_06,Gondia,Gondia,21.462,80.196,311,Vidarbha_East,2023-08-31,14.82,30.7,22.1,26.4,78.2,IMD_AWS_NASA_POWER_Blended
MH_VID_06,Gondia,Gondia,21.462,80.196,311,Vidarbha_East,2023-09-01,2.21,31.8,22.7,27.3,78.8,IMD_AWS_NASA_POWER_Blended
MH_VID_06,Gondia,Gondia,21.462,80.196,311,Vidarbha_East,2023-09-02,0.21,31.8,23.9,27.8,81.8,IMD_AWS_NASA_POWER_Blended
MH_VID_06,Gondia,Gondia,21.462,80.196,311,Vidarbha_East,2023-09-03,16.15,31.3,24.5,27.9,85.6,IMD_AWS_NASA_POWER_Blended
MH_VID_06,Gondia,Gondia,21.462,80.196,311,Vidarbha_East,2023-09-04,5.18,31.1,24.1,27.6,84.2,IMD_AWS_NASA_POWER_Blended
MH_VID_06,Gondia,Gondia,21.462,80.196,311,Vidarbha_East,2023-09-05,8.48,30.9,23.4,27.1,85.2,IMD_AWS_NASA_POWER_Blended
MH_VID_06,Gondia,Gondia,21.462,80.196,311,Vidarbha_East,2023-09-06,20.48,30.2,24.0,27.1,86.2,IMD_AWS_NASA_POWER_Blended
MH_VID_06,Gondia,Gondia,21.462,80.196,311,Vidarbha_East,2023-09-07,25.06,30.8,23.4,27.1,88.1,IMD_AWS_NASA_POWER_Blended
MH_VID_06,Gondia,Gondia,21.462,80.196,311,Vidarbha_East,2023-09-08,17.67,29.1,23.3,26.2,90.3,IMD_AWS_NASA_POWER_Blended
MH_VID_06,Gondia,Gondia,21.462,80.196,311,Vidarbha_East,2023-09-09,8.39,30.5,23.9,27.2,88.6,IMD_AWS_NASA_POWER_Blended
MH_VID_06,Gondia,Gondia,21.462,80.196,311,Vidarbha_East,2023-09-10,6.26,31.0,23.9,27.4,89.1,IMD_AWS_NASA_POWER_Blended
MH_VID_06,Gondia,Gondia,21.462,80.196,311,Vidarbha_East,2023-09-11,3.03,29.4,24.1,26.7,89.4,IMD_AWS_NASA_POWER_Blended
MH_VID_06,Gondia,Gondia,21.462,80.196,311,Vidarbha_East,2023-09-12,3.2,30.6,23.2,26.9,88.7,IMD_AWS_NASA_POWER_Blended
MH_VID_06,Gondia,Gondia,21.462,80.196,311,Vidarbha_East,2023-09-13,6.25,28.8,23.1,26.0,90.5,IMD_AWS_NASA_POWER_Blended
MH_VID_06,Gondia,Gondia,21.462,80.196,311,Vidarbha_East,2023-09-14,40.99,28.6,23.7,26.1,92.5,IMD_AWS_NASA_POWER_Blended
MH_VID_06,Gondia,Gondia,21.462,80.196,311,Vidarbha_East,2023-09-15,70.04,28.4,24.3,26.3,94.6,IMD_AWS_NASA_POWER_Blended
MH_VID_06,Gondia,Gondia,21.462,80.196,311,Vidarbha_East,2023-09-16,6.93,26.9,23.1,25.0,92.6,IMD_AWS_NASA_POWER_Blended
MH_VID_06,Gondia,Gondia,21.462,80.196,311,Vidarbha_East,2023-09-17,0.28,29.2,22.0,25.6,86.3,IMD_AWS_NASA_POWER_Blended
MH_VID_06,Gondia,Gondia,21.462,80.196,311,Vidarbha_East,2023-09-18,0.09,30.5,23.0,26.7,82.8,IMD_AWS_NASA_POWER_Blended
MH_VID_06,Gondia,Gondia,21.462,80.196,311,Vidarbha_East,2023-09-19,0.01,31.2,22.2,26.7,81.9,IMD_AWS_NASA_POWER_Blended
MH_VID_06,Gondia,Gondia,21.462,80.196,311,Vidarbha_East,2023-09-20,7.37,28.2,23.5,25.9,90.7,IMD_AWS_NASA_POWER_Blended
MH_VID_06,Gondia,Gondia,21.462,80.196,311,Vidarbha_East,2023-09-21,18.93,29.4,22.9,26.2,90.8,IMD_AWS_NASA_POWER_Blended
MH_VID_06,Gondia,Gondia,21.462,80.196,311,Vidarbha_East,2023-09-22,14.57,29.4,23.7,26.6,89.6,IMD_AWS_NASA_POWER_Blended
MH_VID_06,Gondia,Gondia,21.462,80.196,311,Vidarbha_East,2023-09-23,46.89,28.8,23.7,26.3,93.5,IMD_AWS_NASA_POWER_Blended
MH_VID_06,Gondia,Gondia,21.462,80.196,311,Vidarbha_East,2023-09-24,5.52,29.5,23.8,26.7,90.7,IMD_AWS_NASA_POWER_Blended
MH_VID_06,Gondia,Gondia,21.462,80.196,311,Vidarbha_East,2023-09-25,0.32,30.2,23.7,26.9,86.2,IMD_AWS_NASA_POWER_Blended
MH_VID_06,Gondia,Gondia,21.462,80.196,311,Vidarbha_East,2023-09-26,0.2,30.4,22.4,26.4,81.3,IMD_AWS_NASA_POWER_Blended
MH_VID_06,Gondia,Gondia,21.462,80.196,311,Vidarbha_East,2023-09-27,0.12,30.6,23.3,26.9,79.8,IMD_AWS_NASA_POWER_Blended
MH_VID_06,Gondia,Gondia,21.462,80.196,311,Vidarbha_East,2023-09-28,1.05,30.4,23.9,27.1,84.5,IMD_AWS_NASA_POWER_Blended
MH_VID_06,Gondia,Gondia,21.462,80.196,311,Vidarbha_East,2023-09-29,2.38,30.6,23.7,27.1,83.8,IMD_AWS_NASA_POWER_Blended
MH_VID_06,Gondia,Gondia,21.462,80.196,311,Vidarbha_East,2023-09-30,0.82,27.3,23.6,25.4,87.7,IMD_AWS_NASA_POWER_Blended
MH_VID_06,Gondia,Gondia,21.462,80.196,311,Vidarbha_East,2023-10-01,0.38,30.1,21.7,25.9,79.8,IMD_AWS_NASA_POWER_Blended
MH_VID_06,Gondia,Gondia,21.462,80.196,311,Vidarbha_East,2023-10-02,2.96,30.5,21.9,26.2,87.5,IMD_AWS_NASA_POWER_Blended
MH_VID_06,Gondia,Gondia,21.462,80.196,311,Vidarbha_East,2023-10-03,0.33,30.1,21.4,25.8,85.1,IMD_AWS_NASA_POWER_Blended
MH_VID_06,Gondia,Gondia,21.462,80.196,311,Vidarbha_East,2023-10-04,0.0,30.7,18.6,24.7,79.2,IMD_AWS_NASA_POWER_Blended
MH_VID_06,Gondia,Gondia,21.462,80.196,311,Vidarbha_East,2023-10-05,0.0,30.1,17.8,23.9,81.1,IMD_AWS_NASA_POWER_Blended
MH_VID_06,Gondia,Gondia,21.462,80.196,311,Vidarbha_East,2023-10-06,0.0,30.0,17.2,23.6,76.0,IMD_AWS_NASA_POWER_Blended
MH_VID_06,Gondia,Gondia,21.462,80.196,311,Vidarbha_East,2023-10-07,0.0,30.9,18.9,24.9,77.2,IMD_AWS_NASA_POWER_Blended
MH_VID_06,Gondia,Gondia,21.462,80.196,311,Vidarbha_East,2023-10-08,0.0,31.2,20.4,25.8,77.1,IMD_AWS_NASA_POWER_Blended
MH_VID_06,Gondia,Gondia,21.462,80.196,311,Vidarbha_East,2023-10-09,0.0,30.9,20.5,25.7,76.3,IMD_AWS_NASA_POWER_Blended
MH_VID_06,Gondia,Gondia,21.462,80.196,311,Vidarbha_East,2023-10-10,0.0,30.8,20.5,25.6,73.1,IMD_AWS_NASA_POWER_Blended
MH_VID_06,Gondia,Gondia,21.462,80.196,311,Vidarbha_East,2023-10-11,0.0,30.9,20.5,25.7,73.1,IMD_AWS_NASA_POWER_Blended
MH_VID_06,Gondia,Gondia,21.462,80.196,311,Vidarbha_East,2023-10-12,0.01,31.4,22.9,27.1,65.5,IMD_AWS_NASA_POWER_Blended
MH_VID_06,Gondia,Gondia,21.462,80.196,311,Vidarbha_East,2023-10-13,0.01,31.0,22.5,26.8,64.8,IMD_AWS_NASA_POWER_Blended
MH_VID_06,Gondia,Gondia,21.462,80.196,311,Vidarbha_East,2023-10-14,0.0,31.0,21.9,26.4,64.3,IMD_AWS_NASA_POWER_Blended
MH_VID_06,Gondia,Gondia,21.462,80.196,311,Vidarbha_East,2023-10-15,0.07,29.7,20.6,25.2,75.7,IMD_AWS_NASA_POWER_Blended
MH_VID_06,Gondia,Gondia,21.462,80.196,311,Vidarbha_East,2023-10-16,0.01,29.6,21.0,25.3,76.4,IMD_AWS_NASA_POWER_Blended
MH_VID_06,Gondia,Gondia,21.462,80.196,311,Vidarbha_East,2023-10-17,0.0,30.1,20.0,25.1,74.7,IMD_AWS_NASA_POWER_Blended
MH_VID_06,Gondia,Gondia,21.462,80.196,311,Vidarbha_East,2023-10-18,0.08,29.6,19.4,24.5,78.3,IMD_AWS_NASA_POWER_Blended
MH_VID_06,Gondia,Gondia,21.462,80.196,311,Vidarbha_East,2023-10-19,0.13,29.2,19.4,24.3,81.1,IMD_AWS_NASA_POWER_Blended
MH_VID_06,Gondia,Gondia,21.462,80.196,311,Vidarbha_East,2023-10-20,0.01,28.7,19.2,24.0,81.8,IMD_AWS_NASA_POWER_Blended
MH_VID_06,Gondia,Gondia,21.462,80.196,311,Vidarbha_East,2023-10-21,0.0,28.4,17.1,22.8,79.5,IMD_AWS_NASA_POWER_Blended
MH_VID_06,Gondia,Gondia,21.462,80.196,311,Vidarbha_East,2023-10-22,0.0,28.1,16.0,22.0,76.9,IMD_AWS_NASA_POWER_Blended
MH_VID_06,Gondia,Gondia,21.462,80.196,311,Vidarbha_East,2023-10-23,0.0,27.7,14.8,21.3,74.1,IMD_AWS_NASA_POWER_Blended
MH_VID_06,Gondia,Gondia,21.462,80.196,311,Vidarbha_East,2023-10-24,0.0,27.1,14.3,20.7,74.2,IMD_AWS_NASA_POWER_Blended
MH_VID_06,Gondia,Gondia,21.462,80.196,311,Vidarbha_East,2023-10-25,0.0,27.5,15.1,21.3,73.2,IMD_AWS_NASA_POWER_Blended
MH_VID_06,Gondia,Gondia,21.462,80.196,311,Vidarbha_East,2023-10-26,0.0,27.7,14.5,21.1,68.8,IMD_AWS_NASA_POWER_Blended
MH_VID_06,Gondia,Gondia,21.462,80.196,311,Vidarbha_East,2023-10-27,0.0,27.6,14.8,21.2,68.4,IMD_AWS_NASA_POWER_Blended
MH_VID_06,Gondia,Gondia,21.462,80.196,311,Vidarbha_East,2023-10-28,0.0,27.6,14.4,21.0,72.2,IMD_AWS_NASA_POWER_Blended
MH_VID_06,Gondia,Gondia,21.462,80.196,311,Vidarbha_East,2023-10-29,0.0,27.6,14.0,20.8,75.4,IMD_AWS_NASA_POWER_Blended
MH_VID_06,Gondia,Gondia,21.462,80.196,311,Vidarbha_East,2023-10-30,0.0,26.9,14.2,20.6,77.8,IMD_AWS_NASA_POWER_Blended
MH_VID_06,Gondia,Gondia,21.462,80.196,311,Vidarbha_East,2023-10-31,0.0,27.7,15.0,21.3,79.9,IMD_AWS_NASA_POWER_Blended
MH_VID_07,Yavatmal,Yavatmal,20.389,78.13,445,Vidarbha_East,2023-06-01,0.0,43.4,28.4,35.9,22.3,IMD_AWS_NASA_POWER_Blended
MH_VID_07,Yavatmal,Yavatmal,20.389,78.13,445,Vidarbha_East,2023-06-02,0.0,43.3,30.2,36.8,22.5,IMD_AWS_NASA_POWER_Blended
MH_VID_07,Yavatmal,Yavatmal,20.389,78.13,445,Vidarbha_East,2023-06-03,0.01,42.2,31.1,36.7,30.9,IMD_AWS_NASA_POWER_Blended
MH_VID_07,Yavatmal,Yavatmal,20.389,78.13,445,Vidarbha_East,2023-06-04,4.24,41.8,29.9,35.8,32.4,IMD_AWS_NASA_POWER_Blended
MH_VID_07,Yavatmal,Yavatmal,20.389,78.13,445,Vidarbha_East,2023-06-05,0.36,41.6,29.4,35.5,32.5,IMD_AWS_NASA_POWER_Blended
MH_VID_07,Yavatmal,Yavatmal,20.389,78.13,445,Vidarbha_East,2023-06-06,3.55,42.2,29.8,36.0,33.9,IMD_AWS_NASA_POWER_Blended
MH_VID_07,Yavatmal,Yavatmal,20.389,78.13,445,Vidarbha_East,2023-06-07,1.39,42.9,29.7,36.3,32.6,IMD_AWS_NASA_POWER_Blended
MH_VID_07,Yavatmal,Yavatmal,20.389,78.13,445,Vidarbha_East,2023-06-08,0.01,42.8,29.7,36.3,30.6,IMD_AWS_NASA_POWER_Blended
MH_VID_07,Yavatmal,Yavatmal,20.389,78.13,445,Vidarbha_East,2023-06-09,0.0,42.9,30.2,36.5,31.8,IMD_AWS_NASA_POWER_Blended
MH_VID_07,Yavatmal,Yavatmal,20.389,78.13,445,Vidarbha_East,2023-06-10,0.56,43.0,29.6,36.3,31.8,IMD_AWS_NASA_POWER_Blended
MH_VID_07,Yavatmal,Yavatmal,20.389,78.13,445,Vidarbha_East,2023-06-11,0.75,42.5,30.4,36.5,36.5,IMD_AWS_NASA_POWER_Blended
MH_VID_07,Yavatmal,Yavatmal,20.389,78.13,445,Vidarbha_East,2023-06-12,0.25,42.3,29.4,35.8,36.9,IMD_AWS_NASA_POWER_Blended
MH_VID_07,Yavatmal,Yavatmal,20.389,78.13,445,Vidarbha_East,2023-06-13,0.14,43.3,31.1,37.2,31.2,IMD_AWS_NASA_POWER_Blended
MH_VID_07,Yavatmal,Yavatmal,20.389,78.13,445,Vidarbha_East,2023-06-14,0.0,41.2,30.5,35.9,32.1,IMD_AWS_NASA_POWER_Blended
MH_VID_07,Yavatmal,Yavatmal,20.389,78.13,445,Vidarbha_East,2023-06-15,0.0,42.5,29.4,35.9,31.1,IMD_AWS_NASA_POWER_Blended
MH_VID_07,Yavatmal,Yavatmal,20.389,78.13,445,Vidarbha_East,2023-06-16,0.0,42.6,29.6,36.1,32.3,IMD_AWS_NASA_POWER_Blended
MH_VID_07,Yavatmal,Yavatmal,20.389,78.13,445,Vidarbha_East,2023-06-17,0.11,39.6,30.7,35.1,36.8,IMD_AWS_NASA_POWER_Blended
MH_VID_07,Yavatmal,Yavatmal,20.389,78.13,445,Vidarbha_East,2023-06-18,0.0,40.0,29.2,34.6,38.1,IMD_AWS_NASA_POWER_Blended
MH_VID_07,Yavatmal,Yavatmal,20.389,78.13,445,Vidarbha_East,2023-06-19,0.0,41.9,29.2,35.5,35.7,IMD_AWS_NASA_POWER_Blended
MH_VID_07,Yavatmal,Yavatmal,20.389,78.13,445,Vidarbha_East,2023-06-20,0.0,41.6,30.1,35.9,37.1,IMD_AWS_NASA_POWER_Blended
MH_VID_07,Yavatmal,Yavatmal,20.389,78.13,445,Vidarbha_East,2023-06-21,0.28,39.6,29.7,34.7,46.7,IMD_AWS_NASA_POWER_Blended
MH_VID_07,Yavatmal,Yavatmal,20.389,78.13,445,Vidarbha_East,2023-06-22,8.91,35.5,26.3,30.9,65.4,IMD_AWS_NASA_POWER_Blended
MH_VID_07,Yavatmal,Yavatmal,20.389,78.13,445,Vidarbha_East,2023-06-23,3.18,32.5,26.0,29.2,69.6,IMD_AWS_NASA_POWER_Blended
MH_VID_07,Yavatmal,Yavatmal,20.389,78.13,445,Vidarbha_East,2023-06-24,2.36,35.0,25.4,30.2,65.5,IMD_AWS_NASA_POWER_Blended
MH_VID_07,Yavatmal,Yavatmal,20.389,78.13,445,Vidarbha_East,2023-06-25,2.23,34.0,26.1,30.0,62.7,IMD_AWS_NASA_POWER_Blended
MH_VID_07,Yavatmal,Yavatmal,20.389,78.13,445,Vidarbha_East,2023-06-26,22.29,29.8,24.0,26.9,69.5,IMD_AWS_NASA_POWER_Blended
MH_VID_07,Yavatmal,Yavatmal,20.389,78.13,445,Vidarbha_East,2023-06-27,2.19,29.4,22.5,25.9,74.0,IMD_AWS_NASA_POWER_Blended
MH_VID_07,Yavatmal,Yavatmal,20.389,78.13,445,Vidarbha_East,2023-06-28,0.76,32.0,23.0,27.5,70.2,IMD_AWS_NASA_POWER_Blended
MH_VID_07,Yavatmal,Yavatmal,20.389,78.13,445,Vidarbha_East,2023-06-29,3.66,32.6,24.5,28.6,72.7,IMD_AWS_NASA_POWER_Blended
MH_VID_07,Yavatmal,Yavatmal,20.389,78.13,445,Vidarbha_East,2023-06-30,0.3,31.4,23.1,27.2,70.2,IMD_AWS_NASA_POWER_Blended
MH_VID_07,Yavatmal,Yavatmal,20.389,78.13,445,Vidarbha_East,2023-07-01,1.65,36.0,24.3,30.2,64.3,IMD_AWS_NASA_POWER_Blended
MH_VID_07,Yavatmal,Yavatmal,20.389,78.13,445,Vidarbha_East,2023-07-02,0.12,35.8,25.5,30.6,66.3,IMD_AWS_NASA_POWER_Blended
MH_VID_07,Yavatmal,Yavatmal,20.389,78.13,445,Vidarbha_East,2023-07-03,0.21,37.3,26.4,31.9,64.2,IMD_AWS_NASA_POWER_Blended
MH_VID_07,Yavatmal,Yavatmal,20.389,78.13,445,Vidarbha_East,2023-07-04,3.31,35.3,27.4,31.4,67.9,IMD_AWS_NASA_POWER_Blended
MH_VID_07,Yavatmal,Yavatmal,20.389,78.13,445,Vidarbha_East,2023-07-05,24.75,34.5,26.8,30.7,76.1,IMD_AWS_NASA_POWER_Blended
MH_VID_07,Yavatmal,Yavatmal,20.389,78.13,445,Vidarbha_East,2023-07-06,21.58,32.3,25.6,28.9,82.0,IMD_AWS_NASA_POWER_Blended
MH_VID_07,Yavatmal,Yavatmal,20.389,78.13,445,Vidarbha_East,2023-07-07,9.11,32.6,24.7,28.6,79.1,IMD_AWS_NASA_POWER_Blended
MH_VID_07,Yavatmal,Yavatmal,20.389,78.13,445,Vidarbha_East,2023-07-08,23.3,32.7,24.9,28.8,78.6,IMD_AWS_NASA_POWER_Blended
MH_VID_07,Yavatmal,Yavatmal,20.389,78.13,445,Vidarbha_East,2023-07-09,5.29,31.4,24.4,27.9,79.4,IMD_AWS_NASA_POWER_Blended
MH_VID_07,Yavatmal,Yavatmal,20.389,78.13,445,Vidarbha_East,2023-07-10,11.95,33.3,24.2,28.8,77.0,IMD_AWS_NASA_POWER_Blended
MH_VID_07,Yavatmal,Yavatmal,20.389,78.13,445,Vidarbha_East,2023-07-11,29.73,31.5,24.3,27.9,82.2,IMD_AWS_NASA_POWER_Blended
MH_VID_07,Yavatmal,Yavatmal,20.389,78.13,445,Vidarbha_East,2023-07-12,18.18,32.5,24.6,28.6,80.8,IMD_AWS_NASA_POWER_Blended
MH_VID_07,Yavatmal,Yavatmal,20.389,78.13,445,Vidarbha_East,2023-07-13,24.61,31.9,23.7,27.8,82.3,IMD_AWS_NASA_POWER_Blended
MH_VID_07,Yavatmal,Yavatmal,20.389,78.13,445,Vidarbha_East,2023-07-14,9.43,31.8,24.9,28.3,79.9,IMD_AWS_NASA_POWER_Blended
MH_VID_07,Yavatmal,Yavatmal,20.389,78.13,445,Vidarbha_East,2023-07-15,9.58,28.3,24.2,26.3,85.7,IMD_AWS_NASA_POWER_Blended
MH_VID_07,Yavatmal,Yavatmal,20.389,78.13,445,Vidarbha_East,2023-07-16,6.8,30.0,23.4,26.7,83.8,IMD_AWS_NASA_POWER_Blended
MH_VID_07,Yavatmal,Yavatmal,20.389,78.13,445,Vidarbha_East,2023-07-17,4.22,31.6,24.0,27.8,80.5,IMD_AWS_NASA_POWER_Blended
MH_VID_07,Yavatmal,Yavatmal,20.389,78.13,445,Vidarbha_East,2023-07-18,33.85,28.7,24.4,26.6,89.9,IMD_AWS_NASA_POWER_Blended
MH_VID_07,Yavatmal,Yavatmal,20.389,78.13,445,Vidarbha_East,2023-07-19,13.7,32.8,23.8,28.3,84.3,IMD_AWS_NASA_POWER_Blended
MH_VID_07,Yavatmal,Yavatmal,20.389,78.13,445,Vidarbha_East,2023-07-20,3.96,33.2,25.3,29.2,82.7,IMD_AWS_NASA_POWER_Blended
MH_VID_07,Yavatmal,Yavatmal,20.389,78.13,445,Vidarbha_East,2023-07-21,82.54,30.1,25.5,27.8,90.2,IMD_AWS_NASA_POWER_Blended
MH_VID_07,Yavatmal,Yavatmal,20.389,78.13,445,Vidarbha_East,2023-07-22,63.15,31.0,25.2,28.1,89.1,IMD_AWS_NASA_POWER_Blended
MH_VID_07,Yavatmal,Yavatmal,20.389,78.13,445,Vidarbha_East,2023-07-23,17.11,28.8,24.1,26.4,90.2,IMD_AWS_NASA_POWER_Blended
MH_VID_07,Yavatmal,Yavatmal,20.389,78.13,445,Vidarbha_East,2023-07-24,3.3,32.2,24.1,28.2,80.5,IMD_AWS_NASA_POWER_Blended
MH_VID_07,Yavatmal,Yavatmal,20.389,78.13,445,Vidarbha_East,2023-07-25,3.4,31.7,24.3,28.0,84.0,IMD_AWS_NASA_POWER_Blended
MH_VID_07,Yavatmal,Yavatmal,20.389,78.13,445,Vidarbha_East,2023-07-26,22.86,30.8,24.8,27.8,86.8,IMD_AWS_NASA_POWER_Blended
MH_VID_07,Yavatmal,Yavatmal,20.389,78.13,445,Vidarbha_East,2023-07-27,34.88,31.3,25.0,28.2,87.2,IMD_AWS_NASA_POWER_Blended
MH_VID_07,Yavatmal,Yavatmal,20.389,78.13,445,Vidarbha_East,2023-07-28,20.23,28.6,25.1,26.8,90.4,IMD_AWS_NASA_POWER_Blended
MH_VID_07,Yavatmal,Yavatmal,20.389,78.13,445,Vidarbha_East,2023-07-29,0.56,30.3,23.9,27.1,86.1,IMD_AWS_NASA_POWER_Blended
MH_VID_07,Yavatmal,Yavatmal,20.389,78.13,445,Vidarbha_East,2023-07-30,1.83,30.5,24.0,27.3,85.8,IMD_AWS_NASA_POWER_Blended
MH_VID_07,Yavatmal,Yavatmal,20.389,78.13,445,Vidarbha_East,2023-07-31,0.19,30.9,23.7,27.3,85.8,IMD_AWS_NASA_POWER_Blended
MH_VID_07,Yavatmal,Yavatmal,20.389,78.13,445,Vidarbha_East,2023-08-01,2.55,30.1,24.2,27.1,86.4,IMD_AWS_NASA_POWER_Blended
MH_VID_07,Yavatmal,Yavatmal,20.389,78.13,445,Vidarbha_East,2023-08-02,2.91,29.1,24.0,26.6,87.1,IMD_AWS_NASA_POWER_Blended
MH_VID_07,Yavatmal,Yavatmal,20.389,78.13,445,Vidarbha_East,2023-08-03,5.2,27.3,23.2,25.3,89.4,IMD_AWS_NASA_POWER_Blended
MH_VID_07,Yavatmal,Yavatmal,20.389,78.13,445,Vidarbha_East,2023-08-04,0.81,30.3,23.0,26.7,84.5,IMD_AWS_NASA_POWER_Blended
MH_VID_07,Yavatmal,Yavatmal,20.389,78.13,445,Vidarbha_East,2023-08-05,4.17,30.5,23.3,26.9,85.0,IMD_AWS_NASA_POWER_Blended
MH_VID_07,Yavatmal,Yavatmal,20.389,78.13,445,Vidarbha_East,2023-08-06,0.77,31.2,23.2,27.2,83.4,IMD_AWS_NASA_POWER_Blended
MH_VID_07,Yavatmal,Yavatmal,20.389,78.13,445,Vidarbha_East,2023-08-07,0.1,31.6,23.1,27.3,80.5,IMD_AWS_NASA_POWER_Blended
MH_VID_07,Yavatmal,Yavatmal,20.389,78.13,445,Vidarbha_East,2023-08-08,0.01,29.9,22.4,26.2,83.6,IMD_AWS_NASA_POWER_Blended
MH_VID_07,Yavatmal,Yavatmal,20.389,78.13,445,Vidarbha_East,2023-08-09,0.0,30.5,23.0,26.8,83.7,IMD_AWS_NASA_POWER_Blended
MH_VID_07,Yavatmal,Yavatmal,20.389,78.13,445,Vidarbha_East,2023-08-10,0.11,31.4,23.3,27.4,80.7,IMD_AWS_NASA_POWER_Blended
MH_VID_07,Yavatmal,Yavatmal,20.389,78.13,445,Vidarbha_East,2023-08-11,0.15,30.8,23.4,27.1,81.2,IMD_AWS_NASA_POWER_Blended
MH_VID_07,Yavatmal,Yavatmal,20.389,78.13,445,Vidarbha_East,2023-08-12,0.27,31.0,23.2,27.1,82.2,IMD_AWS_NASA_POWER_Blended
MH_VID_07,Yavatmal,Yavatmal,20.389,78.13,445,Vidarbha_East,2023-08-13,0.17,30.9,23.2,27.1,82.0,IMD_AWS_NASA_POWER_Blended
MH_VID_07,Yavatmal,Yavatmal,20.389,78.13,445,Vidarbha_East,2023-08-14,1.13,29.8,23.0,26.4,82.3,IMD_AWS_NASA_POWER_Blended
MH_VID_07,Yavatmal,Yavatmal,20.389,78.13,445,Vidarbha_East,2023-08-15,0.77,30.3,23.2,26.8,80.6,IMD_AWS_NASA_POWER_Blended
MH_VID_07,Yavatmal,Yavatmal,20.389,78.13,445,Vidarbha_East,2023-08-16,0.03,31.6,23.2,27.4,80.0,IMD_AWS_NASA_POWER_Blended
MH_VID_07,Yavatmal,Yavatmal,20.389,78.13,445,Vidarbha_East,2023-08-17,3.44,31.8,23.4,27.6,81.4,IMD_AWS_NASA_POWER_Blended
MH_VID_07,Yavatmal,Yavatmal,20.389,78.13,445,Vidarbha_East,2023-08-18,15.37,27.9,23.3,25.6,89.2,IMD_AWS_NASA_POWER_Blended
MH_VID_07,Yavatmal,Yavatmal,20.389,78.13,445,Vidarbha_East,2023-08-19,26.6,27.0,23.2,25.1,91.1,IMD_AWS_NASA_POWER_Blended
MH_VID_07,Yavatmal,Yavatmal,20.389,78.13,445,Vidarbha_East,2023-08-20,8.53,29.6,23.1,26.4,86.9,IMD_AWS_NASA_POWER_Blended
MH_VID_07,Yavatmal,Yavatmal,20.389,78.13,445,Vidarbha_East,2023-08-21,2.2,29.4,22.6,26.0,87.2,IMD_AWS_NASA_POWER_Blended
MH_VID_07,Yavatmal,Yavatmal,20.389,78.13,445,Vidarbha_East,2023-08-22,0.71,31.4,23.4,27.4,83.6,IMD_AWS_NASA_POWER_Blended
MH_VID_07,Yavatmal,Yavatmal,20.389,78.13,445,Vidarbha_East,2023-08-23,0.97,31.1,23.6,27.4,84.8,IMD_AWS_NASA_POWER_Blended
MH_VID_07,Yavatmal,Yavatmal,20.389,78.13,445,Vidarbha_East,2023-08-24,1.06,30.6,23.8,27.2,83.8,IMD_AWS_NASA_POWER_Blended
MH_VID_07,Yavatmal,Yavatmal,20.389,78.13,445,Vidarbha_East,2023-08-25,1.28,31.0,23.2,27.1,83.5,IMD_AWS_NASA_POWER_Blended
MH_VID_07,Yavatmal,Yavatmal,20.389,78.13,445,Vidarbha_East,2023-08-26,0.88,30.7,23.9,27.3,83.1,IMD_AWS_NASA_POWER_Blended
MH_VID_07,Yavatmal,Yavatmal,20.389,78.13,445,Vidarbha_East,2023-08-27,0.89,30.7,23.4,27.1,83.0,IMD_AWS_NASA_POWER_Blended
MH_VID_07,Yavatmal,Yavatmal,20.389,78.13,445,Vidarbha_East,2023-08-28,0.03,31.1,22.4,26.8,81.5,IMD_AWS_NASA_POWER_Blended
MH_VID_07,Yavatmal,Yavatmal,20.389,78.13,445,Vidarbha_East,2023-08-29,0.0,31.3,22.6,26.9,80.4,IMD_AWS_NASA_POWER_Blended
MH_VID_07,Yavatmal,Yavatmal,20.389,78.13,445,Vidarbha_East,2023-08-30,0.0,31.4,21.6,26.5,78.9,IMD_AWS_NASA_POWER_Blended
MH_VID_07,Yavatmal,Yavatmal,20.389,78.13,445,Vidarbha_East,2023-08-31,2.5,31.4,22.2,26.8,77.1,IMD_AWS_NASA_POWER_Blended
MH_VID_07,Yavatmal,Yavatmal,20.389,78.13,445,Vidarbha_East,2023-09-01,0.3,32.4,23.6,28.0,77.4,IMD_AWS_NASA_POWER_Blended
MH_VID_07,Yavatmal,Yavatmal,20.389,78.13,445,Vidarbha_East,2023-09-02,0.03,32.6,24.2,28.4,79.9,IMD_AWS_NASA_POWER_Blended
MH_VID_07,Yavatmal,Yavatmal,20.389,78.13,445,Vidarbha_East,2023-09-03,7.64,31.7,23.9,27.8,82.8,IMD_AWS_NASA_POWER_Blended
MH_VID_07,Yavatmal,Yavatmal,20.389,78.13,445,Vidarbha_East,2023-09-04,4.83,32.1,24.0,28.0,82.3,IMD_AWS_NASA_POWER_Blended
MH_VID_07,Yavatmal,Yavatmal,20.389,78.13,445,Vidarbha_East,2023-09-05,20.33,31.5,24.0,27.8,84.3,IMD_AWS_NASA_POWER_Blended
MH_VID_07,Yavatmal,Yavatmal,20.389,78.13,445,Vidarbha_East,2023-09-06,12.87,31.5,24.0,27.8,85.4,IMD_AWS_NASA_POWER_Blended
MH_VID_07,Yavatmal,Yavatmal,20.389,78.13,445,Vidarbha_East,2023-09-07,13.08,31.6,23.8,27.7,87.0,IMD_AWS_NASA_POWER_Blended
MH_VID_07,Yavatmal,Yavatmal,20.389,78.13,445,Vidarbha_East,2023-09-08,6.79,30.2,24.4,27.3,89.0,IMD_AWS_NASA_POWER_Blended
MH_VID_07,Yavatmal,Yavatmal,20.389,78.13,445,Vidarbha_East,2023-09-09,5.84,30.5,23.7,27.1,87.3,IMD_AWS_NASA_POWER_Blended
MH_VID_07,Yavatmal,Yavatmal,20.389,78.13,445,Vidarbha_East,2023-09-10,1.27,28.4,22.9,25.6,87.3,IMD_AWS_NASA_POWER_Blended
MH_VID_07,Yavatmal,Yavatmal,20.389,78.13,445,Vidarbha_East,2023-09-11,0.17,28.1,23.1,25.6,87.2,IMD_AWS_NASA_POWER_Blended
MH_VID_07,Yavatmal,Yavatmal,20.389,78.13,445,Vidarbha_East,2023-09-12,0.17,30.6,23.2,26.9,83.8,IMD_AWS_NASA_POWER_Blended
MH_VID_07,Yavatmal,Yavatmal,20.389,78.13,445,Vidarbha_East,2023-09-13,1.46,30.0,22.7,26.3,85.4,IMD_AWS_NASA_POWER_Blended
MH_VID_07,Yavatmal,Yavatmal,20.389,78.13,445,Vidarbha_East,2023-09-14,7.41,27.5,22.4,25.0,90.2,IMD_AWS_NASA_POWER_Blended
MH_VID_07,Yavatmal,Yavatmal,20.389,78.13,445,Vidarbha_East,2023-09-15,9.08,26.6,23.4,25.0,92.3,IMD_AWS_NASA_POWER_Blended
MH_VID_07,Yavatmal,Yavatmal,20.389,78.13,445,Vidarbha_East,2023-09-16,7.91,28.7,22.5,25.6,84.8,IMD_AWS_NASA_POWER_Blended
MH_VID_07,Yavatmal,Yavatmal,20.389,78.13,445,Vidarbha_East,2023-09-17,4.9,31.2,21.8,26.5,82.4,IMD_AWS_NASA_POWER_Blended
MH_VID_07,Yavatmal,Yavatmal,20.389,78.13,445,Vidarbha_East,2023-09-18,1.6,31.7,22.2,26.9,78.5,IMD_AWS_NASA_POWER_Blended
MH_VID_07,Yavatmal,Yavatmal,20.389,78.13,445,Vidarbha_East,2023-09-19,0.39,31.1,24.1,27.6,83.4,IMD_AWS_NASA_POWER_Blended
MH_VID_07,Yavatmal,Yavatmal,20.389,78.13,445,Vidarbha_East,2023-09-20,0.77,30.4,23.4,26.9,86.3,IMD_AWS_NASA_POWER_Blended
MH_VID_07,Yavatmal,Yavatmal,20.389,78.13,445,Vidarbha_East,2023-09-21,23.36,30.4,23.5,27.0,87.1,IMD_AWS_NASA_POWER_Blended
MH_VID_07,Yavatmal,Yavatmal,20.389,78.13,445,Vidarbha_East,2023-09-22,13.63,31.0,23.6,27.3,87.5,IMD_AWS_NASA_POWER_Blended
MH_VID_07,Yavatmal,Yavatmal,20.389,78.13,445,Vidarbha_East,2023-09-23,6.57,28.7,24.4,26.6,90.4,IMD_AWS_NASA_POWER_Blended
MH_VID_07,Yavatmal,Yavatmal,20.389,78.13,445,Vidarbha_East,2023-09-24,14.82,28.8,23.4,26.1,91.0,IMD_AWS_NASA_POWER_Blended
MH_VID_07,Yavatmal,Yavatmal,20.389,78.13,445,Vidarbha_East,2023-09-25,5.89,30.1,23.8,26.9,85.8,IMD_AWS_NASA_POWER_Blended
MH_VID_07,Yavatmal,Yavatmal,20.389,78.13,445,Vidarbha_East,2023-09-26,2.18,30.8,22.7,26.7,83.5,IMD_AWS_NASA_POWER_Blended
MH_VID_07,Yavatmal,Yavatmal,20.389,78.13,445,Vidarbha_East,2023-09-27,1.71,30.5,23.7,27.1,81.0,IMD_AWS_NASA_POWER_Blended
MH_VID_07,Yavatmal,Yavatmal,20.389,78.13,445,Vidarbha_East,2023-09-28,2.92,31.0,23.7,27.3,80.9,IMD_AWS_NASA_POWER_Blended
MH_VID_07,Yavatmal,Yavatmal,20.389,78.13,445,Vidarbha_East,2023-09-29,12.58,30.6,24.1,27.4,79.1,IMD_AWS_NASA_POWER_Blended
MH_VID_07,Yavatmal,Yavatmal,20.389,78.13,445,Vidarbha_East,2023-09-30,9.2,30.7,22.9,26.8,78.6,IMD_AWS_NASA_POWER_Blended
MH_VID_07,Yavatmal,Yavatmal,20.389,78.13,445,Vidarbha_East,2023-10-01,0.67,31.6,22.7,27.1,77.3,IMD_AWS_NASA_POWER_Blended
MH_VID_07,Yavatmal,Yavatmal,20.389,78.13,445,Vidarbha_East,2023-10-02,0.66,32.1,21.8,26.9,81.1,IMD_AWS_NASA_POWER_Blended
MH_VID_07,Yavatmal,Yavatmal,20.389,78.13,445,Vidarbha_East,2023-10-03,0.12,31.5,21.6,26.6,79.8,IMD_AWS_NASA_POWER_Blended
MH_VID_07,Yavatmal,Yavatmal,20.389,78.13,445,Vidarbha_East,2023-10-04,0.0,31.2,20.4,25.8,79.7,IMD_AWS_NASA_POWER_Blended
MH_VID_07,Yavatmal,Yavatmal,20.389,78.13,445,Vidarbha_East,2023-10-05,0.0,30.7,19.2,25.0,81.7,IMD_AWS_NASA_POWER_Blended
MH_VID_07,Yavatmal,Yavatmal,20.389,78.13,445,Vidarbha_East,2023-10-06,0.0,30.8,19.3,25.1,81.3,IMD_AWS_NASA_POWER_Blended
MH_VID_07,Yavatmal,Yavatmal,20.389,78.13,445,Vidarbha_East,2023-10-07,0.0,31.6,20.2,25.9,81.0,IMD_AWS_NASA_POWER_Blended
MH_VID_07,Yavatmal,Yavatmal,20.389,78.13,445,Vidarbha_East,2023-10-08,0.0,31.8,20.7,26.3,78.6,IMD_AWS_NASA_POWER_Blended
MH_VID_07,Yavatmal,Yavatmal,20.389,78.13,445,Vidarbha_East,2023-10-09,0.0,31.7,20.6,26.1,77.9,IMD_AWS_NASA_POWER_Blended
MH_VID_07,Yavatmal,Yavatmal,20.389,78.13,445,Vidarbha_East,2023-10-10,0.0,31.3,20.0,25.6,74.6,IMD_AWS_NASA_POWER_Blended
MH_VID_07,Yavatmal,Yavatmal,20.389,78.13,445,Vidarbha_East,2023-10-11,0.0,31.7,20.3,26.0,71.1,IMD_AWS_NASA_POWER_Blended
MH_VID_07,Yavatmal,Yavatmal,20.389,78.13,445,Vidarbha_East,2023-10-12,0.0,31.6,22.2,26.9,71.4,IMD_AWS_NASA_POWER_Blended
MH_VID_07,Yavatmal,Yavatmal,20.389,78.13,445,Vidarbha_East,2023-10-13,0.0,31.5,22.8,27.2,72.7,IMD_AWS_NASA_POWER_Blended
MH_VID_07,Yavatmal,Yavatmal,20.389,78.13,445,Vidarbha_East,2023-10-14,0.0,31.7,21.6,26.6,66.9,IMD_AWS_NASA_POWER_Blended
MH_VID_07,Yavatmal,Yavatmal,20.389,78.13,445,Vidarbha_East,2023-10-15,0.0,31.4,20.9,26.2,66.9,IMD_AWS_NASA_POWER_Blended
MH_VID_07,Yavatmal,Yavatmal,20.389,78.13,445,Vidarbha_East,2023-10-16,0.11,31.3,21.4,26.3,71.8,IMD_AWS_NASA_POWER_Blended
MH_VID_07,Yavatmal,Yavatmal,20.389,78.13,445,Vidarbha_East,2023-10-17,0.09,31.1,21.2,26.2,75.1,IMD_AWS_NASA_POWER_Blended
MH_VID_07,Yavatmal,Yavatmal,20.389,78.13,445,Vidarbha_East,2023-10-18,0.37,31.1,21.1,26.1,74.7,IMD_AWS_NASA_POWER_Blended
MH_VID_07,Yavatmal,Yavatmal,20.389,78.13,445,Vidarbha_East,2023-10-19,0.23,30.6,21.6,26.1,78.3,IMD_AWS_NASA_POWER_Blended
MH_VID_07,Yavatmal,Yavatmal,20.389,78.13,445,Vidarbha_East,2023-10-20,4.87,29.8,20.0,24.9,82.5,IMD_AWS_NASA_POWER_Blended
MH_VID_07,Yavatmal,Yavatmal,20.389,78.13,445,Vidarbha_East,2023-10-21,0.3,29.7,18.6,24.1,81.2,IMD_AWS_NASA_POWER_Blended
MH_VID_07,Yavatmal,Yavatmal,20.389,78.13,445,Vidarbha_East,2023-10-22,0.0,30.1,17.5,23.8,77.4,IMD_AWS_NASA_POWER_Blended
MH_VID_07,Yavatmal,Yavatmal,20.389,78.13,445,Vidarbha_East,2023-10-23,0.0,29.6,17.1,23.3,76.8,IMD_AWS_NASA_POWER_Blended
MH_VID_07,Yavatmal,Yavatmal,20.389,78.13,445,Vidarbha_East,2023-10-24,0.0,29.2,15.9,22.5,72.3,IMD_AWS_NASA_POWER_Blended
MH_VID_07,Yavatmal,Yavatmal,20.389,78.13,445,Vidarbha_East,2023-10-25,0.0,29.3,17.1,23.2,68.0,IMD_AWS_NASA_POWER_Blended
MH_VID_07,Yavatmal,Yavatmal,20.389,78.13,445,Vidarbha_East,2023-10-26,0.0,29.2,16.2,22.7,67.0,IMD_AWS_NASA_POWER_Blended
MH_VID_07,Yavatmal,Yavatmal,20.389,78.13,445,Vidarbha_East,2023-10-27,0.0,29.4,17.5,23.4,66.2,IMD_AWS_NASA_POWER_Blended
MH_VID_07,Yavatmal,Yavatmal,20.389,78.13,445,Vidarbha_East,2023-10-28,0.0,29.1,14.7,21.9,70.1,IMD_AWS_NASA_POWER_Blended
MH_VID_07,Yavatmal,Yavatmal,20.389,78.13,445,Vidarbha_East,2023-10-29,0.0,29.3,15.0,22.2,71.0,IMD_AWS_NASA_POWER_Blended
MH_VID_07,Yavatmal,Yavatmal,20.389,78.13,445,Vidarbha_East,2023-10-30,0.0,28.0,14.3,21.1,74.5,IMD_AWS_NASA_POWER_Blended
MH_VID_07,Yavatmal,Yavatmal,20.389,78.13,445,Vidarbha_East,2023-10-31,0.0,28.3,14.3,21.3,76.2,IMD_AWS_NASA_POWER_Blended
MH_VID_08,Nanded,Nanded,19.138,77.321,362,Vidarbha_East,2023-06-01,0.0,42.4,26.5,34.5,28.2,IMD_AWS_NASA_POWER_Blended
MH_VID_08,Nanded,Nanded,19.138,77.321,362,Vidarbha_East,2023-06-02,0.0,42.2,28.3,35.2,25.5,IMD_AWS_NASA_POWER_Blended
MH_VID_08,Nanded,Nanded,19.138,77.321,362,Vidarbha_East,2023-06-03,0.47,42.3,28.3,35.3,31.9,IMD_AWS_NASA_POWER_Blended
MH_VID_08,Nanded,Nanded,19.138,77.321,362,Vidarbha_East,2023-06-04,13.27,38.4,28.2,33.3,44.4,IMD_AWS_NASA_POWER_Blended
MH_VID_08,Nanded,Nanded,19.138,77.321,362,Vidarbha_East,2023-06-05,0.01,39.3,26.2,32.8,44.9,IMD_AWS_NASA_POWER_Blended
MH_VID_08,Nanded,Nanded,19.138,77.321,362,Vidarbha_East,2023-06-06,0.02,41.0,28.0,34.5,40.9,IMD_AWS_NASA_POWER_Blended
MH_VID_08,Nanded,Nanded,19.138,77.321,362,Vidarbha_East,2023-06-07,0.97,40.5,29.3,34.9,39.9,IMD_AWS_NASA_POWER_Blended
MH_VID_08,Nanded,Nanded,19.138,77.321,362,Vidarbha_East,2023-06-08,0.18,40.7,27.9,34.3,36.8,IMD_AWS_NASA_POWER_Blended
MH_VID_08,Nanded,Nanded,19.138,77.321,362,Vidarbha_East,2023-06-09,0.03,42.1,28.5,35.3,35.7,IMD_AWS_NASA_POWER_Blended
MH_VID_08,Nanded,Nanded,19.138,77.321,362,Vidarbha_East,2023-06-10,1.0,40.8,29.7,35.3,39.0,IMD_AWS_NASA_POWER_Blended
MH_VID_08,Nanded,Nanded,19.138,77.321,362,Vidarbha_East,2023-06-11,0.11,41.4,28.0,34.7,38.7,IMD_AWS_NASA_POWER_Blended
MH_VID_08,Nanded,Nanded,19.138,77.321,362,Vidarbha_East,2023-06-12,0.02,41.1,28.6,34.9,35.7,IMD_AWS_NASA_POWER_Blended
MH_VID_08,Nanded,Nanded,19.138,77.321,362,Vidarbha_East,2023-06-13,0.0,41.7,28.1,34.9,36.8,IMD_AWS_NASA_POWER_Blended
MH_VID_08,Nanded,Nanded,19.138,77.321,362,Vidarbha_East,2023-06-14,0.13,41.0,27.4,34.2,37.6,IMD_AWS_NASA_POWER_Blended
MH_VID_08,Nanded,Nanded,19.138,77.321,362,Vidarbha_East,2023-06-15,0.02,41.8,27.7,34.8,34.2,IMD_AWS_NASA_POWER_Blended
MH_VID_08,Nanded,Nanded,19.138,77.321,362,Vidarbha_East,2023-06-16,0.0,42.5,27.5,35.0,36.1,IMD_AWS_NASA_POWER_Blended
MH_VID_08,Nanded,Nanded,19.138,77.321,362,Vidarbha_East,2023-06-17,0.0,38.5,28.9,33.7,44.4,IMD_AWS_NASA_POWER_Blended
MH_VID_08,Nanded,Nanded,19.138,77.321,362,Vidarbha_East,2023-06-18,0.0,40.6,27.6,34.1,40.4,IMD_AWS_NASA_POWER_Blended
MH_VID_08,Nanded,Nanded,19.138,77.321,362,Vidarbha_East,2023-06-19,0.0,41.4,29.0,35.2,33.1,IMD_AWS_NASA_POWER_Blended
MH_VID_08,Nanded,Nanded,19.138,77.321,362,Vidarbha_East,2023-06-20,0.0,41.5,29.0,35.2,36.0,IMD_AWS_NASA_POWER_Blended
MH_VID_08,Nanded,Nanded,19.138,77.321,362,Vidarbha_East,2023-06-21,0.46,36.2,29.1,32.6,47.9,IMD_AWS_NASA_POWER_Blended
MH_VID_08,Nanded,Nanded,19.138,77.321,362,Vidarbha_East,2023-06-22,2.79,33.8,26.8,30.3,58.3,IMD_AWS_NASA_POWER_Blended
MH_VID_08,Nanded,Nanded,19.138,77.321,362,Vidarbha_East,2023-06-23,1.11,38.1,26.5,32.3,49.0,IMD_AWS_NASA_POWER_Blended
MH_VID_08,Nanded,Nanded,19.138,77.321,362,Vidarbha_East,2023-06-24,6.51,34.2,26.6,30.4,59.8,IMD_AWS_NASA_POWER_Blended
MH_VID_08,Nanded,Nanded,19.138,77.321,362,Vidarbha_East,2023-06-25,1.44,35.8,25.8,30.8,55.8,IMD_AWS_NASA_POWER_Blended
MH_VID_08,Nanded,Nanded,19.138,77.321,362,Vidarbha_East,2023-06-26,12.32,32.5,23.4,28.0,60.1,IMD_AWS_NASA_POWER_Blended
MH_VID_08,Nanded,Nanded,19.138,77.321,362,Vidarbha_East,2023-06-27,5.85,28.7,22.4,25.5,70.7,IMD_AWS_NASA_POWER_Blended
MH_VID_08,Nanded,Nanded,19.138,77.321,362,Vidarbha_East,2023-06-28,6.65,29.9,22.2,26.1,74.8,IMD_AWS_NASA_POWER_Blended
MH_VID_08,Nanded,Nanded,19.138,77.321,362,Vidarbha_East,2023-06-29,1.38,35.9,23.0,29.5,60.6,IMD_AWS_NASA_POWER_Blended
MH_VID_08,Nanded,Nanded,19.138,77.321,362,Vidarbha_East,2023-06-30,0.0,32.6,22.7,27.7,62.7,IMD_AWS_NASA_POWER_Blended
MH_VID_08,Nanded,Nanded,19.138,77.321,362,Vidarbha_East,2023-07-01,0.11,35.6,24.3,30.0,59.3,IMD_AWS_NASA_POWER_Blended
MH_VID_08,Nanded,Nanded,19.138,77.321,362,Vidarbha_East,2023-07-02,1.77,35.1,24.3,29.7,65.4,IMD_AWS_NASA_POWER_Blended
MH_VID_08,Nanded,Nanded,19.138,77.321,362,Vidarbha_East,2023-07-03,0.49,34.1,24.8,29.5,67.9,IMD_AWS_NASA_POWER_Blended
MH_VID_08,Nanded,Nanded,19.138,77.321,362,Vidarbha_East,2023-07-04,11.09,32.5,26.0,29.3,75.2,IMD_AWS_NASA_POWER_Blended
MH_VID_08,Nanded,Nanded,19.138,77.321,362,Vidarbha_East,2023-07-05,20.73,29.8,24.9,27.3,82.0,IMD_AWS_NASA_POWER_Blended
MH_VID_08,Nanded,Nanded,19.138,77.321,362,Vidarbha_East,2023-07-06,13.59,33.5,24.2,28.8,76.6,IMD_AWS_NASA_POWER_Blended
MH_VID_08,Nanded,Nanded,19.138,77.321,362,Vidarbha_East,2023-07-07,8.59,31.4,23.9,27.6,76.6,IMD_AWS_NASA_POWER_Blended
MH_VID_08,Nanded,Nanded,19.138,77.321,362,Vidarbha_East,2023-07-08,2.53,34.2,23.5,28.9,72.2,IMD_AWS_NASA_POWER_Blended
MH_VID_08,Nanded,Nanded,19.138,77.321,362,Vidarbha_East,2023-07-09,0.14,32.7,23.6,28.1,72.5,IMD_AWS_NASA_POWER_Blended
MH_VID_08,Nanded,Nanded,19.138,77.321,362,Vidarbha_East,2023-07-10,16.88,33.3,23.7,28.5,73.7,IMD_AWS_NASA_POWER_Blended
MH_VID_08,Nanded,Nanded,19.138,77.321,362,Vidarbha_East,2023-07-11,11.42,30.2,23.3,26.8,79.0,IMD_AWS_NASA_POWER_Blended
MH_VID_08,Nanded,Nanded,19.138,77.321,362,Vidarbha_East,2023-07-12,7.7,29.8,23.6,26.7,78.7,IMD_AWS_NASA_POWER_Blended
MH_VID_08,Nanded,Nanded,19.138,77.321,362,Vidarbha_East,2023-07-13,11.02,30.5,22.5,26.5,78.0,IMD_AWS_NASA_POWER_Blended
MH_VID_08,Nanded,Nanded,19.138,77.321,362,Vidarbha_East,2023-07-14,15.35,32.3,22.6,27.4,75.2,IMD_AWS_NASA_POWER_Blended
MH_VID_08,Nanded,Nanded,19.138,77.321,362,Vidarbha_East,2023-07-15,7.95,30.3,23.2,26.7,79.3,IMD_AWS_NASA_POWER_Blended
MH_VID_08,Nanded,Nanded,19.138,77.321,362,Vidarbha_East,2023-07-16,6.15,28.8,23.2,26.0,81.3,IMD_AWS_NASA_POWER_Blended
MH_VID_08,Nanded,Nanded,19.138,77.321,362,Vidarbha_East,2023-07-17,14.18,31.6,23.1,27.4,77.7,IMD_AWS_NASA_POWER_Blended
MH_VID_08,Nanded,Nanded,19.138,77.321,362,Vidarbha_East,2023-07-18,57.71,28.4,23.4,25.9,89.3,IMD_AWS_NASA_POWER_Blended
MH_VID_08,Nanded,Nanded,19.138,77.321,362,Vidarbha_East,2023-07-19,18.93,28.9,23.2,26.0,86.9,IMD_AWS_NASA_POWER_Blended
MH_VID_08,Nanded,Nanded,19.138,77.321,362,Vidarbha_East,2023-07-20,34.04,27.8,23.3,25.6,89.7,IMD_AWS_NASA_POWER_Blended
MH_VID_08,Nanded,Nanded,19.138,77.321,362,Vidarbha_East,2023-07-21,14.16,29.0,22.2,25.6,84.5,IMD_AWS_NASA_POWER_Blended
MH_VID_08,Nanded,Nanded,19.138,77.321,362,Vidarbha_East,2023-07-22,54.16,28.3,23.0,25.6,89.2,IMD_AWS_NASA_POWER_Blended
MH_VID_08,Nanded,Nanded,19.138,77.321,362,Vidarbha_East,2023-07-23,10.19,31.2,22.2,26.7,83.3,IMD_AWS_NASA_POWER_Blended
MH_VID_08,Nanded,Nanded,19.138,77.321,362,Vidarbha_East,2023-07-24,21.03,32.0,23.4,27.7,82.8,IMD_AWS_NASA_POWER_Blended
MH_VID_08,Nanded,Nanded,19.138,77.321,362,Vidarbha_East,2023-07-25,18.72,29.4,23.5,26.4,87.8,IMD_AWS_NASA_POWER_Blended
MH_VID_08,Nanded,Nanded,19.138,77.321,362,Vidarbha_East,2023-07-26,23.0,29.4,23.5,26.4,86.9,IMD_AWS_NASA_POWER_Blended
MH_VID_08,Nanded,Nanded,19.138,77.321,362,Vidarbha_East,2023-07-27,94.95,29.4,23.4,26.4,90.4,IMD_AWS_NASA_POWER_Blended
MH_VID_08,Nanded,Nanded,19.138,77.321,362,Vidarbha_East,2023-07-28,27.03,28.4,23.3,25.9,89.5,IMD_AWS_NASA_POWER_Blended
MH_VID_08,Nanded,Nanded,19.138,77.321,362,Vidarbha_East,2023-07-29,0.48,29.9,22.9,26.4,86.6,IMD_AWS_NASA_POWER_Blended
MH_VID_08,Nanded,Nanded,19.138,77.321,362,Vidarbha_East,2023-07-30,4.78,29.5,22.9,26.2,86.2,IMD_AWS_NASA_POWER_Blended
MH_VID_08,Nanded,Nanded,19.138,77.321,362,Vidarbha_East,2023-07-31,3.25,29.3,23.1,26.2,87.6,IMD_AWS_NASA_POWER_Blended
MH_VID_08,Nanded,Nanded,19.138,77.321,362,Vidarbha_East,2023-08-01,1.11,29.8,23.3,26.5,86.1,IMD_AWS_NASA_POWER_Blended
MH_VID_08,Nanded,Nanded,19.138,77.321,362,Vidarbha_East,2023-08-02,0.81,29.8,23.3,26.5,84.9,IMD_AWS_NASA_POWER_Blended
MH_VID_08,Nanded,Nanded,19.138,77.321,362,Vidarbha_East,2023-08-03,0.17,29.1,22.2,25.6,84.2,IMD_AWS_NASA_POWER_Blended
MH_VID_08,Nanded,Nanded,19.138,77.321,362,Vidarbha_East,2023-08-04,0.49,30.9,22.5,26.7,82.2,IMD_AWS_NASA_POWER_Blended
MH_VID_08,Nanded,Nanded,19.138,77.321,362,Vidarbha_East,2023-08-05,1.91,31.7,22.2,26.9,81.1,IMD_AWS_NASA_POWER_Blended
MH_VID_08,Nanded,Nanded,19.138,77.321,362,Vidarbha_East,2023-08-06,0.4,31.2,22.5,26.8,81.5,IMD_AWS_NASA_POWER_Blended
MH_VID_08,Nanded,Nanded,19.138,77.321,362,Vidarbha_East,2023-08-07,0.01,30.1,22.4,26.3,81.1,IMD_AWS_NASA_POWER_Blended
MH_VID_08,Nanded,Nanded,19.138,77.321,362,Vidarbha_East,2023-08-08,0.16,31.0,22.1,26.6,81.4,IMD_AWS_NASA_POWER_Blended
MH_VID_08,Nanded,Nanded,19.138,77.321,362,Vidarbha_East,2023-08-09,0.01,29.3,22.2,25.8,84.2,IMD_AWS_NASA_POWER_Blended
MH_VID_08,Nanded,Nanded,19.138,77.321,362,Vidarbha_East,2023-08-10,0.0,31.0,22.4,26.7,77.6,IMD_AWS_NASA_POWER_Blended
MH_VID_08,Nanded,Nanded,19.138,77.321,362,Vidarbha_East,2023-08-11,0.0,30.6,23.3,26.9,78.8,IMD_AWS_NASA_POWER_Blended
MH_VID_08,Nanded,Nanded,19.138,77.321,362,Vidarbha_East,2023-08-12,0.04,31.0,23.6,27.3,80.0,IMD_AWS_NASA_POWER_Blended
MH_VID_08,Nanded,Nanded,19.138,77.321,362,Vidarbha_East,2023-08-13,0.81,28.8,22.6,25.7,83.1,IMD_AWS_NASA_POWER_Blended
MH_VID_08,Nanded,Nanded,19.138,77.321,362,Vidarbha_East,2023-08-14,1.71,30.0,21.6,25.8,80.9,IMD_AWS_NASA_POWER_Blended
MH_VID_08,Nanded,Nanded,19.138,77.321,362,Vidarbha_East,2023-08-15,1.63,30.4,22.6,26.5,79.8,IMD_AWS_NASA_POWER_Blended
MH_VID_08,Nanded,Nanded,19.138,77.321,362,Vidarbha_East,2023-08-16,0.48,31.0,22.5,26.8,80.4,IMD_AWS_NASA_POWER_Blended
MH_VID_08,Nanded,Nanded,19.138,77.321,362,Vidarbha_East,2023-08-17,0.13,30.9,23.1,27.0,80.2,IMD_AWS_NASA_POWER_Blended
MH_VID_08,Nanded,Nanded,19.138,77.321,362,Vidarbha_East,2023-08-18,19.71,26.9,22.5,24.7,89.0,IMD_AWS_NASA_POWER_Blended
MH_VID_08,Nanded,Nanded,19.138,77.321,362,Vidarbha_East,2023-08-19,24.22,26.7,22.7,24.7,91.3,IMD_AWS_NASA_POWER_Blended
MH_VID_08,Nanded,Nanded,19.138,77.321,362,Vidarbha_East,2023-08-20,4.66,29.8,22.3,26.0,85.9,IMD_AWS_NASA_POWER_Blended
MH_VID_08,Nanded,Nanded,19.138,77.321,362,Vidarbha_East,2023-08-21,0.5,31.2,21.6,26.4,81.3,IMD_AWS_NASA_POWER_Blended
MH_VID_08,Nanded,Nanded,19.138,77.321,362,Vidarbha_East,2023-08-22,0.95,30.6,23.0,26.8,82.0,IMD_AWS_NASA_POWER_Blended
MH_VID_08,Nanded,Nanded,19.138,77.321,362,Vidarbha_East,2023-08-23,2.67,28.7,22.9,25.8,85.5,IMD_AWS_NASA_POWER_Blended
MH_VID_08,Nanded,Nanded,19.138,77.321,362,Vidarbha_East,2023-08-24,1.32,30.6,23.0,26.8,81.7,IMD_AWS_NASA_POWER_Blended
MH_VID_08,Nanded,Nanded,19.138,77.321,362,Vidarbha_East,2023-08-25,1.57,30.8,22.1,26.4,81.6,IMD_AWS_NASA_POWER_Blended
MH_VID_08,Nanded,Nanded,19.138,77.321,362,Vidarbha_East,2023-08-26,1.33,30.6,23.1,26.9,83.5,IMD_AWS_NASA_POWER_Blended
MH_VID_08,Nanded,Nanded,19.138,77.321,362,Vidarbha_East,2023-08-27,3.55,30.8,22.7,26.7,83.2,IMD_AWS_NASA_POWER_Blended
MH_VID_08,Nanded,Nanded,19.138,77.321,362,Vidarbha_East,2023-08-28,0.3,30.7,22.3,26.5,79.5,IMD_AWS_NASA_POWER_Blended
MH_VID_08,Nanded,Nanded,19.138,77.321,362,Vidarbha_East,2023-08-29,0.31,30.7,21.9,26.3,79.8,IMD_AWS_NASA_POWER_Blended
MH_VID_08,Nanded,Nanded,19.138,77.321,362,Vidarbha_East,2023-08-30,0.04,30.9,22.0,26.5,79.8,IMD_AWS_NASA_POWER_Blended
MH_VID_08,Nanded,Nanded,19.138,77.321,362,Vidarbha_East,2023-08-31,0.03,30.1,21.6,25.9,80.7,IMD_AWS_NASA_POWER_Blended
MH_VID_08,Nanded,Nanded,19.138,77.321,362,Vidarbha_East,2023-09-01,0.01,31.5,22.8,27.1,78.9,IMD_AWS_NASA_POWER_Blended
MH_VID_08,Nanded,Nanded,19.138,77.321,362,Vidarbha_East,2023-09-02,1.54,31.3,24.2,27.8,80.1,IMD_AWS_NASA_POWER_Blended
MH_VID_08,Nanded,Nanded,19.138,77.321,362,Vidarbha_East,2023-09-03,25.07,30.2,23.4,26.8,86.2,IMD_AWS_NASA_POWER_Blended
MH_VID_08,Nanded,Nanded,19.138,77.321,362,Vidarbha_East,2023-09-04,24.04,29.8,22.9,26.3,86.3,IMD_AWS_NASA_POWER_Blended
MH_VID_08,Nanded,Nanded,19.138,77.321,362,Vidarbha_East,2023-09-05,26.48,29.3,23.5,26.4,87.3,IMD_AWS_NASA_POWER_Blended
MH_VID_08,Nanded,Nanded,19.138,77.321,362,Vidarbha_East,2023-09-06,11.14,29.8,23.0,26.4,86.6,IMD_AWS_NASA_POWER_Blended
MH_VID_08,Nanded,Nanded,19.138,77.321,362,Vidarbha_East,2023-09-07,16.85,27.9,23.3,25.6,91.1,IMD_AWS_NASA_POWER_Blended
MH_VID_08,Nanded,Nanded,19.138,77.321,362,Vidarbha_East,2023-09-08,5.29,29.3,22.6,26.0,88.5,IMD_AWS_NASA_POWER_Blended
MH_VID_08,Nanded,Nanded,19.138,77.321,362,Vidarbha_East,2023-09-09,7.75,29.8,23.2,26.5,88.5,IMD_AWS_NASA_POWER_Blended
MH_VID_08,Nanded,Nanded,19.138,77.321,362,Vidarbha_East,2023-09-10,4.05,29.3,22.7,26.0,88.8,IMD_AWS_NASA_POWER_Blended
MH_VID_08,Nanded,Nanded,19.138,77.321,362,Vidarbha_East,2023-09-11,3.64,30.9,22.4,26.7,84.0,IMD_AWS_NASA_POWER_Blended
MH_VID_08,Nanded,Nanded,19.138,77.321,362,Vidarbha_East,2023-09-12,1.6,30.8,22.8,26.8,83.6,IMD_AWS_NASA_POWER_Blended
MH_VID_08,Nanded,Nanded,19.138,77.321,362,Vidarbha_East,2023-09-13,1.0,29.6,22.0,25.8,83.8,IMD_AWS_NASA_POWER_Blended
MH_VID_08,Nanded,Nanded,19.138,77.321,362,Vidarbha_East,2023-09-14,2.52,28.4,23.0,25.7,86.8,IMD_AWS_NASA_POWER_Blended
MH_VID_08,Nanded,Nanded,19.138,77.321,362,Vidarbha_East,2023-09-15,1.47,27.7,22.5,25.1,87.1,IMD_AWS_NASA_POWER_Blended
MH_VID_08,Nanded,Nanded,19.138,77.321,362,Vidarbha_East,2023-09-16,0.11,29.3,22.4,25.8,84.8,IMD_AWS_NASA_POWER_Blended
MH_VID_08,Nanded,Nanded,19.138,77.321,362,Vidarbha_East,2023-09-17,0.16,31.4,21.2,26.3,81.3,IMD_AWS_NASA_POWER_Blended
MH_VID_08,Nanded,Nanded,19.138,77.321,362,Vidarbha_East,2023-09-18,0.23,31.1,21.3,26.2,82.0,IMD_AWS_NASA_POWER_Blended
MH_VID_08,Nanded,Nanded,19.138,77.321,362,Vidarbha_East,2023-09-19,0.01,31.4,22.0,26.7,79.7,IMD_AWS_NASA_POWER_Blended
MH_VID_08,Nanded,Nanded,19.138,77.321,362,Vidarbha_East,2023-09-20,2.42,29.2,23.5,26.4,83.9,IMD_AWS_NASA_POWER_Blended
MH_VID_08,Nanded,Nanded,19.138,77.321,362,Vidarbha_East,2023-09-21,6.47,28.0,23.3,25.7,91.6,IMD_AWS_NASA_POWER_Blended
MH_VID_08,Nanded,Nanded,19.138,77.321,362,Vidarbha_East,2023-09-22,4.23,30.3,22.5,26.4,87.2,IMD_AWS_NASA_POWER_Blended
MH_VID_08,Nanded,Nanded,19.138,77.321,362,Vidarbha_East,2023-09-23,8.25,29.8,23.6,26.7,86.8,IMD_AWS_NASA_POWER_Blended
MH_VID_08,Nanded,Nanded,19.138,77.321,362,Vidarbha_East,2023-09-24,14.37,29.0,23.5,26.2,89.9,IMD_AWS_NASA_POWER_Blended
MH_VID_08,Nanded,Nanded,19.138,77.321,362,Vidarbha_East,2023-09-25,12.84,28.8,23.3,26.1,89.3,IMD_AWS_NASA_POWER_Blended
MH_VID_08,Nanded,Nanded,19.138,77.321,362,Vidarbha_East,2023-09-26,2.88,29.9,22.4,26.1,88.5,IMD_AWS_NASA_POWER_Blended
MH_VID_08,Nanded,Nanded,19.138,77.321,362,Vidarbha_East,2023-09-27,0.23,29.3,23.1,26.2,88.2,IMD_AWS_NASA_POWER_Blended
MH_VID_08,Nanded,Nanded,19.138,77.321,362,Vidarbha_East,2023-09-28,7.26,30.0,23.3,26.7,87.2,IMD_AWS_NASA_POWER_Blended
MH_VID_08,Nanded,Nanded,19.138,77.321,362,Vidarbha_East,2023-09-29,23.75,29.3,23.9,26.6,85.4,IMD_AWS_NASA_POWER_Blended
MH_VID_08,Nanded,Nanded,19.138,77.321,362,Vidarbha_East,2023-09-30,3.46,30.4,23.0,26.7,83.1,IMD_AWS_NASA_POWER_Blended
MH_VID_08,Nanded,Nanded,19.138,77.321,362,Vidarbha_East,2023-10-01,1.21,30.8,22.7,26.8,82.3,IMD_AWS_NASA_POWER_Blended
MH_VID_08,Nanded,Nanded,19.138,77.321,362,Vidarbha_East,2023-10-02,0.15,29.8,23.0,26.4,85.4,IMD_AWS_NASA_POWER_Blended
MH_VID_08,Nanded,Nanded,19.138,77.321,362,Vidarbha_East,2023-10-03,0.04,30.2,22.3,26.2,82.0,IMD_AWS_NASA_POWER_Blended
MH_VID_08,Nanded,Nanded,19.138,77.321,362,Vidarbha_East,2023-10-04,0.0,30.9,21.0,26.0,77.9,IMD_AWS_NASA_POWER_Blended
MH_VID_08,Nanded,Nanded,19.138,77.321,362,Vidarbha_East,2023-10-05,0.0,30.5,18.7,24.6,77.9,IMD_AWS_NASA_POWER_Blended
MH_VID_08,Nanded,Nanded,19.138,77.321,362,Vidarbha_East,2023-10-06,0.0,30.4,18.8,24.6,80.3,IMD_AWS_NASA_POWER_Blended
MH_VID_08,Nanded,Nanded,19.138,77.321,362,Vidarbha_East,2023-10-07,0.0,31.0,19.6,25.3,79.6,IMD_AWS_NASA_POWER_Blended
MH_VID_08,Nanded,Nanded,19.138,77.321,362,Vidarbha_East,2023-10-08,0.0,31.2,20.3,25.8,77.3,IMD_AWS_NASA_POWER_Blended
MH_VID_08,Nanded,Nanded,19.138,77.321,362,Vidarbha_East,2023-10-09,0.0,31.0,20.2,25.6,77.8,IMD_AWS_NASA_POWER_Blended
MH_VID_08,Nanded,Nanded,19.138,77.321,362,Vidarbha_East,2023-10-10,0.0,30.8,20.4,25.6,79.2,IMD_AWS_NASA_POWER_Blended
MH_VID_08,Nanded,Nanded,19.138,77.321,362,Vidarbha_East,2023-10-11,0.0,30.6,19.6,25.1,77.4,IMD_AWS_NASA_POWER_Blended
MH_VID_08,Nanded,Nanded,19.138,77.321,362,Vidarbha_East,2023-10-12,0.0,30.9,20.4,25.6,77.3,IMD_AWS_NASA_POWER_Blended
MH_VID_08,Nanded,Nanded,19.138,77.321,362,Vidarbha_East,2023-10-13,0.0,30.8,20.7,25.8,77.0,IMD_AWS_NASA_POWER_Blended
MH_VID_08,Nanded,Nanded,19.138,77.321,362,Vidarbha_East,2023-10-14,0.0,30.6,20.2,25.4,76.8,IMD_AWS_NASA_POWER_Blended
MH_VID_08,Nanded,Nanded,19.138,77.321,362,Vidarbha_East,2023-10-15,0.0,30.7,19.9,25.3,75.7,IMD_AWS_NASA_POWER_Blended
MH_VID_08,Nanded,Nanded,19.138,77.321,362,Vidarbha_East,2023-10-16,0.0,30.2,20.2,25.2,77.2,IMD_AWS_NASA_POWER_Blended
MH_VID_08,Nanded,Nanded,19.138,77.321,362,Vidarbha_East,2023-10-17,0.0,30.5,19.9,25.2,78.2,IMD_AWS_NASA_POWER_Blended
MH_VID_08,Nanded,Nanded,19.138,77.321,362,Vidarbha_East,2023-10-18,0.01,30.1,20.1,25.1,78.1,IMD_AWS_NASA_POWER_Blended
MH_VID_08,Nanded,Nanded,19.138,77.321,362,Vidarbha_East,2023-10-19,0.02,30.1,20.8,25.4,78.2,IMD_AWS_NASA_POWER_Blended
MH_VID_08,Nanded,Nanded,19.138,77.321,362,Vidarbha_East,2023-10-20,0.01,30.1,19.9,25.0,81.1,IMD_AWS_NASA_POWER_Blended
MH_VID_08,Nanded,Nanded,19.138,77.321,362,Vidarbha_East,2023-10-21,0.0,29.5,19.1,24.3,83.1,IMD_AWS_NASA_POWER_Blended
MH_VID_08,Nanded,Nanded,19.138,77.321,362,Vidarbha_East,2023-10-22,0.0,29.3,16.3,22.8,78.3,IMD_AWS_NASA_POWER_Blended
MH_VID_08,Nanded,Nanded,19.138,77.321,362,Vidarbha_East,2023-10-23,0.0,29.4,18.1,23.8,78.5,IMD_AWS_NASA_POWER_Blended
MH_VID_08,Nanded,Nanded,19.138,77.321,362,Vidarbha_East,2023-10-24,0.0,28.9,17.9,23.4,75.4,IMD_AWS_NASA_POWER_Blended
MH_VID_08,Nanded,Nanded,19.138,77.321,362,Vidarbha_East,2023-10-25,0.0,28.8,17.1,22.9,71.5,IMD_AWS_NASA_POWER_Blended
MH_VID_08,Nanded,Nanded,19.138,77.321,362,Vidarbha_East,2023-10-26,0.0,28.6,17.4,23.0,70.7,IMD_AWS_NASA_POWER_Blended
MH_VID_08,Nanded,Nanded,19.138,77.321,362,Vidarbha_East,2023-10-27,0.0,28.8,17.0,22.9,67.1,IMD_AWS_NASA_POWER_Blended
MH_VID_08,Nanded,Nanded,19.138,77.321,362,Vidarbha_East,2023-10-28,0.0,28.7,14.6,21.7,68.4,IMD_AWS_NASA_POWER_Blended
MH_VID_08,Nanded,Nanded,19.138,77.321,362,Vidarbha_East,2023-10-29,0.0,29.0,14.9,21.9,68.8,IMD_AWS_NASA_POWER_Blended
MH_VID_08,Nanded,Nanded,19.138,77.321,362,Vidarbha_East,2023-10-30,0.0,28.9,14.0,21.5,72.4,IMD_AWS_NASA_POWER_Blended
MH_VID_08,Nanded,Nanded,19.138,77.321,362,Vidarbha_East,2023-10-31,0.0,28.9,14.4,21.6,76.2,IMD_AWS_NASA_POWER_Blended
